17:51:30 [ultranest] [DEBUG] ReactiveNestedSampler: dims=8+0, resume=True, log_dir=/home/ljy/BettiCurveCosmo/Emulator/model-fof/mcmc_result/1/dim2, backend=hdf5, vectorized=False, nbootstraps=30, ndraw=128..65536
18:00:27 [ultranest] [DEBUG] ReactiveNestedSampler: dims=8+0, resume=True, log_dir=/home/ljy/BettiCurveCosmo/Emulator/model-fof/mcmc_result/1/dim2, backend=hdf5, vectorized=False, nbootstraps=30, ndraw=128..65536
18:00:27 [ultranest] [INFO] Sampling 400 live points from prior ...
18:00:30 [ultranest] [DEBUG] run_iter dlogz=0.5, dKL=0.5, frac_remain=0.01, Lepsilon=0.0010, min_ess=400
18:00:30 [ultranest] [DEBUG] max_iters=-1, max_ncalls=-1, max_num_improvement_loops=-1, min_num_live_points=400, cluster_num_live_points=40
18:00:30 [ultranest] [DEBUG] minimal_widths_sequence: [(-inf, 400.0), (inf, 400.0)]
18:00:30 [ultranest] [DEBUG] iteration=0, ncalls=401, regioncalls=40, ndraw=40, logz=-inf, remainder_fraction=100.0000%, Lmin=-3942.08, Lmax=-2.91
18:00:31 [ultranest] [DEBUG] iteration=3, ncalls=404, regioncalls=160, ndraw=40, logz=-3188.05, remainder_fraction=100.0000%, Lmin=-3042.72, Lmax=-2.91
18:00:31 [ultranest] [DEBUG] iteration=13, ncalls=414, regioncalls=560, ndraw=40, logz=-1317.54, remainder_fraction=100.0000%, Lmin=-1269.49, Lmax=-2.91
18:00:31 [ultranest] [DEBUG] iteration=21, ncalls=422, regioncalls=880, ndraw=40, logz=-830.67, remainder_fraction=100.0000%, Lmin=-786.40, Lmax=-2.91
18:00:31 [ultranest] [DEBUG] iteration=29, ncalls=431, regioncalls=1240, ndraw=40, logz=-626.73, remainder_fraction=100.0000%, Lmin=-615.82, Lmax=-2.91
18:00:31 [ultranest] [DEBUG] iteration=38, ncalls=440, regioncalls=1600, ndraw=40, logz=-527.68, remainder_fraction=100.0000%, Lmin=-501.02, Lmax=-2.91
18:00:31 [ultranest] [DEBUG] iteration=40, ncalls=442, regioncalls=1680, ndraw=40, logz=-497.39, remainder_fraction=100.0000%, Lmin=-484.64, Lmax=-2.91
18:00:31 [ultranest] [DEBUG] iteration=50, ncalls=452, regioncalls=2080, ndraw=40, logz=-414.54, remainder_fraction=100.0000%, Lmin=-407.24, Lmax=-2.91
18:00:31 [ultranest] [DEBUG] iteration=60, ncalls=462, regioncalls=2480, ndraw=40, logz=-330.36, remainder_fraction=100.0000%, Lmin=-323.72, Lmax=-2.91
18:00:31 [ultranest] [DEBUG] iteration=69, ncalls=472, regioncalls=2880, ndraw=40, logz=-293.09, remainder_fraction=100.0000%, Lmin=-283.18, Lmax=-2.91
18:00:31 [ultranest] [DEBUG] iteration=76, ncalls=483, regioncalls=3320, ndraw=40, logz=-238.83, remainder_fraction=100.0000%, Lmin=-231.05, Lmax=-2.91
18:00:31 [ultranest] [DEBUG] iteration=80, ncalls=487, regioncalls=3480, ndraw=40, logz=-234.42, remainder_fraction=100.0000%, Lmin=-226.20, Lmax=-2.91
18:00:32 [ultranest] [DEBUG] iteration=89, ncalls=497, regioncalls=3880, ndraw=40, logz=-210.24, remainder_fraction=100.0000%, Lmin=-204.14, Lmax=-2.91
18:00:32 [ultranest] [DEBUG] iteration=90, ncalls=499, regioncalls=3960, ndraw=40, logz=-209.61, remainder_fraction=100.0000%, Lmin=-203.41, Lmax=-2.91
18:00:32 [ultranest] [DEBUG] iteration=98, ncalls=510, regioncalls=4400, ndraw=40, logz=-197.76, remainder_fraction=100.0000%, Lmin=-190.52, Lmax=-2.91
18:00:32 [ultranest] [DEBUG] iteration=106, ncalls=521, regioncalls=4840, ndraw=40, logz=-185.11, remainder_fraction=100.0000%, Lmin=-179.67, Lmax=-2.91
18:00:32 [ultranest] [DEBUG] iteration=113, ncalls=531, regioncalls=5240, ndraw=40, logz=-171.47, remainder_fraction=100.0000%, Lmin=-165.20, Lmax=-2.91
18:00:32 [ultranest] [DEBUG] iteration=120, ncalls=543, regioncalls=5720, ndraw=40, logz=-163.98, remainder_fraction=100.0000%, Lmin=-155.88, Lmax=-2.91
18:00:32 [ultranest] [DEBUG] iteration=128, ncalls=553, regioncalls=6120, ndraw=40, logz=-150.06, remainder_fraction=100.0000%, Lmin=-141.15, Lmax=-2.91
18:00:32 [ultranest] [DEBUG] iteration=136, ncalls=563, regioncalls=6520, ndraw=40, logz=-139.33, remainder_fraction=100.0000%, Lmin=-128.85, Lmax=-2.91
18:00:32 [ultranest] [DEBUG] iteration=146, ncalls=573, regioncalls=6920, ndraw=40, logz=-122.05, remainder_fraction=100.0000%, Lmin=-116.05, Lmax=-2.91
18:00:33 [ultranest] [DEBUG] iteration=152, ncalls=585, regioncalls=7400, ndraw=40, logz=-119.20, remainder_fraction=100.0000%, Lmin=-112.90, Lmax=-2.91
18:00:33 [ultranest] [DEBUG] iteration=160, ncalls=597, regioncalls=7880, ndraw=40, logz=-112.92, remainder_fraction=100.0000%, Lmin=-106.66, Lmax=-2.90
18:00:33 [ultranest] [DEBUG] iteration=168, ncalls=607, regioncalls=8280, ndraw=40, logz=-107.12, remainder_fraction=100.0000%, Lmin=-100.48, Lmax=-2.90
18:00:33 [ultranest] [DEBUG] iteration=177, ncalls=617, regioncalls=8680, ndraw=40, logz=-99.24, remainder_fraction=100.0000%, Lmin=-93.65, Lmax=-2.90
18:00:33 [ultranest] [DEBUG] iteration=180, ncalls=621, regioncalls=8840, ndraw=40, logz=-98.26, remainder_fraction=100.0000%, Lmin=-93.01, Lmax=-2.90
18:00:33 [ultranest] [DEBUG] iteration=186, ncalls=631, regioncalls=9240, ndraw=40, logz=-96.80, remainder_fraction=100.0000%, Lmin=-91.16, Lmax=-2.90
18:00:33 [ultranest] [DEBUG] iteration=193, ncalls=641, regioncalls=9640, ndraw=40, logz=-94.10, remainder_fraction=100.0000%, Lmin=-89.01, Lmax=-2.90
18:00:33 [ultranest] [DEBUG] iteration=198, ncalls=652, regioncalls=10080, ndraw=40, logz=-92.96, remainder_fraction=100.0000%, Lmin=-87.11, Lmax=-2.90
18:00:33 [ultranest] [DEBUG] iteration=200, ncalls=657, regioncalls=10280, ndraw=40, logz=-91.88, remainder_fraction=100.0000%, Lmin=-85.13, Lmax=-2.90
18:00:33 [ultranest] [DEBUG] iteration=206, ncalls=667, regioncalls=10680, ndraw=40, logz=-87.18, remainder_fraction=100.0000%, Lmin=-81.52, Lmax=-2.90
18:00:34 [ultranest] [DEBUG] iteration=212, ncalls=677, regioncalls=11080, ndraw=40, logz=-85.63, remainder_fraction=100.0000%, Lmin=-80.27, Lmax=-1.97
18:00:34 [ultranest] [DEBUG] iteration=219, ncalls=690, regioncalls=11600, ndraw=40, logz=-82.87, remainder_fraction=100.0000%, Lmin=-77.66, Lmax=-1.97
18:00:34 [ultranest] [DEBUG] iteration=226, ncalls=700, regioncalls=12000, ndraw=40, logz=-81.53, remainder_fraction=100.0000%, Lmin=-76.57, Lmax=-1.97
18:00:34 [ultranest] [DEBUG] iteration=234, ncalls=710, regioncalls=12400, ndraw=40, logz=-79.04, remainder_fraction=100.0000%, Lmin=-73.95, Lmax=-1.97
18:00:34 [ultranest] [DEBUG] iteration=239, ncalls=724, regioncalls=12960, ndraw=40, logz=-78.07, remainder_fraction=100.0000%, Lmin=-72.93, Lmax=-1.97
18:00:34 [ultranest] [DEBUG] iteration=240, ncalls=725, regioncalls=13000, ndraw=40, logz=-77.86, remainder_fraction=100.0000%, Lmin=-72.89, Lmax=-1.97
18:00:34 [ultranest] [DEBUG] iteration=247, ncalls=739, regioncalls=13560, ndraw=40, logz=-75.63, remainder_fraction=100.0000%, Lmin=-70.28, Lmax=-1.97
18:00:34 [ultranest] [DEBUG] iteration=254, ncalls=749, regioncalls=13960, ndraw=40, logz=-74.31, remainder_fraction=100.0000%, Lmin=-69.53, Lmax=-1.97
18:00:34 [ultranest] [DEBUG] iteration=258, ncalls=761, regioncalls=14440, ndraw=40, logz=-73.80, remainder_fraction=100.0000%, Lmin=-69.31, Lmax=-1.97
18:00:34 [ultranest] [DEBUG] iteration=263, ncalls=773, regioncalls=14920, ndraw=40, logz=-73.27, remainder_fraction=100.0000%, Lmin=-68.80, Lmax=-1.97
18:00:35 [ultranest] [DEBUG] iteration=270, ncalls=788, regioncalls=15520, ndraw=40, logz=-72.29, remainder_fraction=100.0000%, Lmin=-67.46, Lmax=-1.97
18:00:35 [ultranest] [DEBUG] iteration=273, ncalls=799, regioncalls=15960, ndraw=40, logz=-71.88, remainder_fraction=100.0000%, Lmin=-67.31, Lmax=-1.97
18:00:35 [ultranest] [DEBUG] iteration=278, ncalls=810, regioncalls=16400, ndraw=40, logz=-71.33, remainder_fraction=100.0000%, Lmin=-66.63, Lmax=-1.97
18:00:35 [ultranest] [DEBUG] iteration=280, ncalls=817, regioncalls=16680, ndraw=40, logz=-71.07, remainder_fraction=100.0000%, Lmin=-66.33, Lmax=-1.97
18:00:35 [ultranest] [DEBUG] iteration=285, ncalls=828, regioncalls=17120, ndraw=40, logz=-70.47, remainder_fraction=100.0000%, Lmin=-65.99, Lmax=-1.97
18:00:35 [ultranest] [DEBUG] iteration=292, ncalls=841, regioncalls=17640, ndraw=40, logz=-69.82, remainder_fraction=100.0000%, Lmin=-65.65, Lmax=-1.97
18:00:35 [ultranest] [DEBUG] iteration=296, ncalls=854, regioncalls=18160, ndraw=40, logz=-69.54, remainder_fraction=100.0000%, Lmin=-65.56, Lmax=-1.97
18:00:35 [ultranest] [DEBUG] iteration=298, ncalls=869, regioncalls=18760, ndraw=40, logz=-69.42, remainder_fraction=100.0000%, Lmin=-65.55, Lmax=-1.97
18:00:35 [ultranest] [DEBUG] iteration=305, ncalls=882, regioncalls=19280, ndraw=40, logz=-69.06, remainder_fraction=100.0000%, Lmin=-65.37, Lmax=-1.97
18:00:36 [ultranest] [DEBUG] iteration=310, ncalls=893, regioncalls=19720, ndraw=40, logz=-68.84, remainder_fraction=100.0000%, Lmin=-65.18, Lmax=-1.97
18:00:36 [ultranest] [DEBUG] iteration=314, ncalls=904, regioncalls=20160, ndraw=40, logz=-68.66, remainder_fraction=100.0000%, Lmin=-64.85, Lmax=-1.97
18:00:36 [ultranest] [DEBUG] iteration=320, ncalls=917, regioncalls=20680, ndraw=40, logz=-68.36, remainder_fraction=100.0000%, Lmin=-64.53, Lmax=-1.97
18:00:36 [ultranest] [DEBUG] iteration=324, ncalls=929, regioncalls=21160, ndraw=40, logz=-68.17, remainder_fraction=100.0000%, Lmin=-64.26, Lmax=-1.97
18:00:36 [ultranest] [DEBUG] iteration=329, ncalls=940, regioncalls=21600, ndraw=40, logz=-67.83, remainder_fraction=100.0000%, Lmin=-63.65, Lmax=-1.97
18:00:36 [ultranest] [DEBUG] iteration=333, ncalls=956, regioncalls=22240, ndraw=40, logz=-67.57, remainder_fraction=100.0000%, Lmin=-63.51, Lmax=-1.97
18:00:36 [ultranest] [DEBUG] iteration=338, ncalls=971, regioncalls=22840, ndraw=40, logz=-67.25, remainder_fraction=100.0000%, Lmin=-63.07, Lmax=-1.97
18:00:36 [ultranest] [DEBUG] iteration=341, ncalls=982, regioncalls=23280, ndraw=40, logz=-67.06, remainder_fraction=100.0000%, Lmin=-62.88, Lmax=-1.97
18:00:37 [ultranest] [DEBUG] iteration=345, ncalls=992, regioncalls=23680, ndraw=40, logz=-66.77, remainder_fraction=100.0000%, Lmin=-62.50, Lmax=-1.97
18:00:37 [ultranest] [DEBUG] iteration=349, ncalls=1005, regioncalls=24200, ndraw=40, logz=-66.49, remainder_fraction=100.0000%, Lmin=-62.33, Lmax=-1.97
18:00:37 [ultranest] [DEBUG] iteration=354, ncalls=1018, regioncalls=24720, ndraw=40, logz=-66.17, remainder_fraction=100.0000%, Lmin=-62.02, Lmax=-1.97
18:00:37 [ultranest] [DEBUG] iteration=360, ncalls=1029, regioncalls=25160, ndraw=40, logz=-65.80, remainder_fraction=100.0000%, Lmin=-61.79, Lmax=-1.97
18:00:37 [ultranest] [DEBUG] iteration=364, ncalls=1041, regioncalls=25640, ndraw=40, logz=-65.58, remainder_fraction=100.0000%, Lmin=-61.50, Lmax=-1.97
18:00:37 [ultranest] [DEBUG] iteration=370, ncalls=1054, regioncalls=26160, ndraw=40, logz=-65.19, remainder_fraction=100.0000%, Lmin=-60.87, Lmax=-1.97
18:00:37 [ultranest] [DEBUG] iteration=375, ncalls=1065, regioncalls=26600, ndraw=40, logz=-64.86, remainder_fraction=100.0000%, Lmin=-60.70, Lmax=-1.97
18:00:37 [ultranest] [DEBUG] iteration=380, ncalls=1077, regioncalls=27080, ndraw=40, logz=-64.55, remainder_fraction=100.0000%, Lmin=-60.34, Lmax=-1.97
18:00:38 [ultranest] [DEBUG] iteration=384, ncalls=1088, regioncalls=27520, ndraw=40, logz=-64.30, remainder_fraction=100.0000%, Lmin=-60.01, Lmax=-1.97
18:00:38 [ultranest] [DEBUG] iteration=389, ncalls=1099, regioncalls=27960, ndraw=40, logz=-63.99, remainder_fraction=100.0000%, Lmin=-59.79, Lmax=-1.97
18:00:38 [ultranest] [DEBUG] iteration=396, ncalls=1111, regioncalls=28440, ndraw=40, logz=-63.57, remainder_fraction=100.0000%, Lmin=-59.50, Lmax=-1.97
18:00:38 [ultranest] [DEBUG] iteration=400, ncalls=1125, regioncalls=29000, ndraw=40, logz=-63.36, remainder_fraction=100.0000%, Lmin=-59.39, Lmax=-1.97
18:00:38 [ultranest] [DEBUG] iteration=405, ncalls=1136, regioncalls=29440, ndraw=40, logz=-63.14, remainder_fraction=100.0000%, Lmin=-58.82, Lmax=-1.97
18:00:38 [ultranest] [DEBUG] iteration=411, ncalls=1147, regioncalls=29880, ndraw=40, logz=-62.78, remainder_fraction=100.0000%, Lmin=-58.68, Lmax=-1.97
18:00:38 [ultranest] [DEBUG] iteration=416, ncalls=1160, regioncalls=30400, ndraw=40, logz=-62.52, remainder_fraction=100.0000%, Lmin=-58.48, Lmax=-1.97
18:00:38 [ultranest] [DEBUG] iteration=420, ncalls=1177, regioncalls=31080, ndraw=40, logz=-62.32, remainder_fraction=100.0000%, Lmin=-58.28, Lmax=-1.97
18:00:38 [ultranest] [DEBUG] iteration=426, ncalls=1187, regioncalls=31480, ndraw=40, logz=-62.04, remainder_fraction=100.0000%, Lmin=-58.05, Lmax=-1.97
18:00:39 [ultranest] [DEBUG] iteration=429, ncalls=1199, regioncalls=31960, ndraw=40, logz=-61.91, remainder_fraction=100.0000%, Lmin=-57.94, Lmax=-1.97
18:00:39 [ultranest] [DEBUG] iteration=432, ncalls=1213, regioncalls=32520, ndraw=40, logz=-61.78, remainder_fraction=100.0000%, Lmin=-57.78, Lmax=-1.97
18:00:39 [ultranest] [DEBUG] iteration=437, ncalls=1223, regioncalls=32920, ndraw=40, logz=-61.55, remainder_fraction=100.0000%, Lmin=-57.60, Lmax=-1.97
18:00:39 [ultranest] [DEBUG] iteration=440, ncalls=1233, regioncalls=33320, ndraw=40, logz=-61.42, remainder_fraction=100.0000%, Lmin=-57.31, Lmax=-1.97
18:00:39 [ultranest] [DEBUG] iteration=445, ncalls=1246, regioncalls=33840, ndraw=40, logz=-61.16, remainder_fraction=100.0000%, Lmin=-56.86, Lmax=-1.97
18:00:39 [ultranest] [DEBUG] iteration=450, ncalls=1255, regioncalls=34200, ndraw=40, logz=-60.89, remainder_fraction=100.0000%, Lmin=-56.80, Lmax=-1.97
18:00:39 [ultranest] [DEBUG] iteration=456, ncalls=1268, regioncalls=34720, ndraw=40, logz=-60.60, remainder_fraction=100.0000%, Lmin=-56.40, Lmax=-1.97
18:00:39 [ultranest] [DEBUG] iteration=460, ncalls=1281, regioncalls=35240, ndraw=40, logz=-60.37, remainder_fraction=100.0000%, Lmin=-55.98, Lmax=-1.97
18:00:40 [ultranest] [DEBUG] iteration=464, ncalls=1292, regioncalls=35680, ndraw=40, logz=-60.14, remainder_fraction=100.0000%, Lmin=-55.81, Lmax=-1.97
18:00:40 [ultranest] [DEBUG] iteration=468, ncalls=1309, regioncalls=36360, ndraw=40, logz=-59.90, remainder_fraction=100.0000%, Lmin=-55.55, Lmax=-1.97
18:00:40 [ultranest] [DEBUG] iteration=471, ncalls=1324, regioncalls=36960, ndraw=40, logz=-59.73, remainder_fraction=100.0000%, Lmin=-55.39, Lmax=-1.97
18:00:40 [ultranest] [DEBUG] iteration=476, ncalls=1337, regioncalls=37480, ndraw=40, logz=-59.43, remainder_fraction=100.0000%, Lmin=-55.14, Lmax=-1.97
18:00:40 [ultranest] [DEBUG] iteration=480, ncalls=1348, regioncalls=37920, ndraw=40, logz=-59.22, remainder_fraction=100.0000%, Lmin=-54.96, Lmax=-1.97
18:00:40 [ultranest] [DEBUG] iteration=484, ncalls=1359, regioncalls=38360, ndraw=40, logz=-59.03, remainder_fraction=100.0000%, Lmin=-54.84, Lmax=-1.97
18:00:40 [ultranest] [DEBUG] iteration=489, ncalls=1377, regioncalls=39080, ndraw=40, logz=-58.78, remainder_fraction=100.0000%, Lmin=-54.38, Lmax=-1.97
18:00:40 [ultranest] [DEBUG] iteration=491, ncalls=1388, regioncalls=39520, ndraw=40, logz=-58.66, remainder_fraction=100.0000%, Lmin=-54.35, Lmax=-1.97
18:00:41 [ultranest] [DEBUG] iteration=494, ncalls=1399, regioncalls=39960, ndraw=40, logz=-58.51, remainder_fraction=100.0000%, Lmin=-54.31, Lmax=-1.97
18:00:41 [ultranest] [DEBUG] iteration=502, ncalls=1411, regioncalls=40440, ndraw=40, logz=-58.15, remainder_fraction=100.0000%, Lmin=-54.00, Lmax=-1.97
18:00:41 [ultranest] [DEBUG] iteration=507, ncalls=1426, regioncalls=41040, ndraw=40, logz=-57.93, remainder_fraction=100.0000%, Lmin=-53.76, Lmax=-1.97
18:00:41 [ultranest] [DEBUG] iteration=513, ncalls=1442, regioncalls=41680, ndraw=40, logz=-57.67, remainder_fraction=100.0000%, Lmin=-53.53, Lmax=-1.97
18:00:41 [ultranest] [DEBUG] iteration=516, ncalls=1455, regioncalls=42200, ndraw=40, logz=-57.54, remainder_fraction=100.0000%, Lmin=-53.43, Lmax=-1.97
18:00:41 [ultranest] [DEBUG] iteration=520, ncalls=1465, regioncalls=42600, ndraw=40, logz=-57.38, remainder_fraction=100.0000%, Lmin=-53.25, Lmax=-1.97
18:00:41 [ultranest] [DEBUG] iteration=525, ncalls=1486, regioncalls=43440, ndraw=40, logz=-57.16, remainder_fraction=100.0000%, Lmin=-52.98, Lmax=-1.97
18:00:41 [ultranest] [DEBUG] iteration=529, ncalls=1496, regioncalls=43840, ndraw=40, logz=-57.00, remainder_fraction=100.0000%, Lmin=-52.79, Lmax=-1.97
18:00:42 [ultranest] [DEBUG] iteration=533, ncalls=1514, regioncalls=44560, ndraw=40, logz=-56.83, remainder_fraction=100.0000%, Lmin=-52.74, Lmax=-1.97
18:00:42 [ultranest] [DEBUG] iteration=539, ncalls=1526, regioncalls=45040, ndraw=40, logz=-56.57, remainder_fraction=100.0000%, Lmin=-52.23, Lmax=-1.97
18:00:42 [ultranest] [DEBUG] iteration=540, ncalls=1530, regioncalls=45200, ndraw=40, logz=-56.52, remainder_fraction=100.0000%, Lmin=-52.21, Lmax=-1.97
18:00:42 [ultranest] [DEBUG] iteration=544, ncalls=1541, regioncalls=45640, ndraw=40, logz=-56.34, remainder_fraction=100.0000%, Lmin=-52.08, Lmax=-1.97
18:00:42 [ultranest] [DEBUG] iteration=547, ncalls=1560, regioncalls=46400, ndraw=40, logz=-56.21, remainder_fraction=100.0000%, Lmin=-51.95, Lmax=-1.97
18:00:42 [ultranest] [DEBUG] iteration=550, ncalls=1572, regioncalls=46880, ndraw=40, logz=-56.07, remainder_fraction=100.0000%, Lmin=-51.77, Lmax=-1.97
18:00:42 [ultranest] [DEBUG] iteration=553, ncalls=1587, regioncalls=47480, ndraw=40, logz=-55.92, remainder_fraction=100.0000%, Lmin=-51.42, Lmax=-1.97
18:00:42 [ultranest] [DEBUG] iteration=557, ncalls=1598, regioncalls=47920, ndraw=40, logz=-55.71, remainder_fraction=100.0000%, Lmin=-51.28, Lmax=-1.97
18:00:43 [ultranest] [DEBUG] iteration=558, ncalls=1603, regioncalls=48120, ndraw=40, logz=-55.66, remainder_fraction=100.0000%, Lmin=-51.27, Lmax=-1.97
18:00:43 [ultranest] [DEBUG] iteration=560, ncalls=1610, regioncalls=48400, ndraw=40, logz=-55.56, remainder_fraction=100.0000%, Lmin=-51.21, Lmax=-1.97
18:00:43 [ultranest] [DEBUG] iteration=564, ncalls=1623, regioncalls=48920, ndraw=40, logz=-55.37, remainder_fraction=100.0000%, Lmin=-51.02, Lmax=-1.97
18:00:43 [ultranest] [DEBUG] iteration=566, ncalls=1634, regioncalls=49360, ndraw=40, logz=-55.28, remainder_fraction=100.0000%, Lmin=-50.96, Lmax=-1.97
18:00:43 [ultranest] [DEBUG] iteration=571, ncalls=1649, regioncalls=49960, ndraw=40, logz=-55.06, remainder_fraction=100.0000%, Lmin=-50.76, Lmax=-1.97
18:00:43 [ultranest] [DEBUG] iteration=576, ncalls=1662, regioncalls=50480, ndraw=40, logz=-54.84, remainder_fraction=100.0000%, Lmin=-50.56, Lmax=-1.97
18:00:43 [ultranest] [DEBUG] iteration=580, ncalls=1682, regioncalls=51280, ndraw=40, logz=-54.68, remainder_fraction=100.0000%, Lmin=-50.38, Lmax=-1.97
18:00:43 [ultranest] [DEBUG] iteration=584, ncalls=1694, regioncalls=51760, ndraw=40, logz=-54.51, remainder_fraction=100.0000%, Lmin=-50.24, Lmax=-1.00
18:00:44 [ultranest] [DEBUG] iteration=587, ncalls=1706, regioncalls=52240, ndraw=40, logz=-54.39, remainder_fraction=100.0000%, Lmin=-50.14, Lmax=-1.00
18:00:44 [ultranest] [DEBUG] iteration=594, ncalls=1721, regioncalls=52840, ndraw=40, logz=-54.11, remainder_fraction=100.0000%, Lmin=-49.84, Lmax=-1.00
18:00:44 [ultranest] [DEBUG] iteration=596, ncalls=1735, regioncalls=53400, ndraw=40, logz=-54.03, remainder_fraction=100.0000%, Lmin=-49.78, Lmax=-1.00
18:00:44 [ultranest] [DEBUG] iteration=600, ncalls=1742, regioncalls=53680, ndraw=40, logz=-53.88, remainder_fraction=100.0000%, Lmin=-49.70, Lmax=-1.00
18:00:44 [ultranest] [DEBUG] iteration=602, ncalls=1754, regioncalls=54160, ndraw=40, logz=-53.81, remainder_fraction=100.0000%, Lmin=-49.59, Lmax=-1.00
18:00:44 [ultranest] [DEBUG] iteration=606, ncalls=1770, regioncalls=54800, ndraw=40, logz=-53.66, remainder_fraction=100.0000%, Lmin=-49.39, Lmax=-1.00
18:00:44 [ultranest] [DEBUG] iteration=610, ncalls=1781, regioncalls=55240, ndraw=40, logz=-53.51, remainder_fraction=100.0000%, Lmin=-49.25, Lmax=-1.00
18:00:44 [ultranest] [DEBUG] iteration=612, ncalls=1806, regioncalls=56240, ndraw=40, logz=-53.43, remainder_fraction=100.0000%, Lmin=-49.22, Lmax=-1.00
18:00:45 [ultranest] [DEBUG] iteration=615, ncalls=1834, regioncalls=57360, ndraw=40, logz=-53.32, remainder_fraction=100.0000%, Lmin=-49.12, Lmax=-1.00
18:00:45 [ultranest] [DEBUG] iteration=618, ncalls=1846, regioncalls=57840, ndraw=40, logz=-53.22, remainder_fraction=100.0000%, Lmin=-49.01, Lmax=-1.00
18:00:45 [ultranest] [DEBUG] iteration=622, ncalls=1858, regioncalls=58320, ndraw=40, logz=-53.08, remainder_fraction=100.0000%, Lmin=-48.83, Lmax=-1.00
18:00:45 [ultranest] [DEBUG] iteration=628, ncalls=1877, regioncalls=59080, ndraw=40, logz=-52.87, remainder_fraction=100.0000%, Lmin=-48.71, Lmax=-1.00
18:00:45 [ultranest] [DEBUG] iteration=629, ncalls=1889, regioncalls=59560, ndraw=40, logz=-52.84, remainder_fraction=100.0000%, Lmin=-48.67, Lmax=-1.00
18:00:45 [ultranest] [DEBUG] iteration=630, ncalls=1895, regioncalls=59800, ndraw=40, logz=-52.81, remainder_fraction=100.0000%, Lmin=-48.64, Lmax=-1.00
18:00:45 [ultranest] [DEBUG] iteration=633, ncalls=1910, regioncalls=60400, ndraw=40, logz=-52.71, remainder_fraction=100.0000%, Lmin=-48.55, Lmax=-1.00
18:00:46 [ultranest] [DEBUG] iteration=636, ncalls=1923, regioncalls=60920, ndraw=40, logz=-52.61, remainder_fraction=100.0000%, Lmin=-48.51, Lmax=-1.00
18:00:46 [ultranest] [DEBUG] iteration=640, ncalls=1932, regioncalls=61280, ndraw=40, logz=-52.49, remainder_fraction=100.0000%, Lmin=-48.31, Lmax=-1.00
18:00:46 [ultranest] [DEBUG] iteration=644, ncalls=1956, regioncalls=62240, ndraw=40, logz=-52.37, remainder_fraction=100.0000%, Lmin=-48.20, Lmax=-1.00
18:00:46 [ultranest] [DEBUG] iteration=650, ncalls=1971, regioncalls=62840, ndraw=40, logz=-52.18, remainder_fraction=100.0000%, Lmin=-48.09, Lmax=-1.00
18:00:46 [ultranest] [DEBUG] iteration=656, ncalls=1987, regioncalls=63480, ndraw=40, logz=-51.99, remainder_fraction=100.0000%, Lmin=-47.71, Lmax=-1.00
18:00:46 [ultranest] [DEBUG] iteration=660, ncalls=2002, regioncalls=64080, ndraw=40, logz=-51.86, remainder_fraction=100.0000%, Lmin=-47.57, Lmax=-1.00
18:00:46 [ultranest] [DEBUG] iteration=663, ncalls=2020, regioncalls=64800, ndraw=40, logz=-51.76, remainder_fraction=100.0000%, Lmin=-47.46, Lmax=-1.00
18:00:46 [ultranest] [DEBUG] iteration=670, ncalls=2031, regioncalls=65240, ndraw=40, logz=-51.51, remainder_fraction=100.0000%, Lmin=-47.12, Lmax=-1.00
18:00:47 [ultranest] [DEBUG] iteration=671, ncalls=2044, regioncalls=65760, ndraw=40, logz=-51.47, remainder_fraction=100.0000%, Lmin=-47.11, Lmax=-1.00
18:00:47 [ultranest] [DEBUG] iteration=676, ncalls=2057, regioncalls=66280, ndraw=40, logz=-51.29, remainder_fraction=100.0000%, Lmin=-46.70, Lmax=-1.00
18:00:47 [ultranest] [DEBUG] iteration=679, ncalls=2077, regioncalls=67080, ndraw=40, logz=-51.16, remainder_fraction=100.0000%, Lmin=-46.64, Lmax=-1.00
18:00:47 [ultranest] [DEBUG] iteration=680, ncalls=2079, regioncalls=67160, ndraw=40, logz=-51.12, remainder_fraction=100.0000%, Lmin=-46.61, Lmax=-1.00
18:00:47 [ultranest] [DEBUG] iteration=683, ncalls=2101, regioncalls=68040, ndraw=40, logz=-51.00, remainder_fraction=100.0000%, Lmin=-46.49, Lmax=-1.00
18:00:47 [ultranest] [DEBUG] iteration=686, ncalls=2113, regioncalls=68520, ndraw=40, logz=-50.88, remainder_fraction=100.0000%, Lmin=-46.45, Lmax=-1.00
18:00:47 [ultranest] [DEBUG] iteration=687, ncalls=2126, regioncalls=69040, ndraw=40, logz=-50.84, remainder_fraction=100.0000%, Lmin=-46.39, Lmax=-1.00
18:00:48 [ultranest] [DEBUG] iteration=690, ncalls=2139, regioncalls=69560, ndraw=40, logz=-50.73, remainder_fraction=100.0000%, Lmin=-46.35, Lmax=-1.00
18:00:48 [ultranest] [DEBUG] iteration=695, ncalls=2151, regioncalls=70040, ndraw=40, logz=-50.56, remainder_fraction=100.0000%, Lmin=-46.18, Lmax=-1.00
18:00:48 [ultranest] [DEBUG] iteration=697, ncalls=2169, regioncalls=70760, ndraw=40, logz=-50.49, remainder_fraction=100.0000%, Lmin=-46.17, Lmax=-1.00
18:00:48 [ultranest] [DEBUG] iteration=700, ncalls=2194, regioncalls=71760, ndraw=40, logz=-50.39, remainder_fraction=100.0000%, Lmin=-46.06, Lmax=-1.00
18:00:48 [ultranest] [DEBUG] iteration=705, ncalls=2206, regioncalls=72240, ndraw=40, logz=-50.23, remainder_fraction=100.0000%, Lmin=-45.88, Lmax=-1.00
18:00:48 [ultranest] [DEBUG] iteration=711, ncalls=2217, regioncalls=72680, ndraw=40, logz=-50.04, remainder_fraction=100.0000%, Lmin=-45.77, Lmax=-1.00
18:00:48 [ultranest] [DEBUG] iteration=714, ncalls=2234, regioncalls=73360, ndraw=40, logz=-49.95, remainder_fraction=100.0000%, Lmin=-45.70, Lmax=-1.00
18:00:48 [ultranest] [DEBUG] iteration=717, ncalls=2245, regioncalls=73800, ndraw=40, logz=-49.86, remainder_fraction=100.0000%, Lmin=-45.65, Lmax=-1.00
18:00:49 [ultranest] [DEBUG] iteration=720, ncalls=2255, regioncalls=74200, ndraw=40, logz=-49.78, remainder_fraction=100.0000%, Lmin=-45.60, Lmax=-1.00
18:00:49 [ultranest] [DEBUG] iteration=724, ncalls=2266, regioncalls=74640, ndraw=40, logz=-49.67, remainder_fraction=100.0000%, Lmin=-45.41, Lmax=-1.00
18:00:49 [ultranest] [DEBUG] iteration=725, ncalls=2289, regioncalls=75560, ndraw=40, logz=-49.64, remainder_fraction=100.0000%, Lmin=-45.41, Lmax=-1.00
18:00:49 [ultranest] [DEBUG] iteration=729, ncalls=2308, regioncalls=76320, ndraw=40, logz=-49.54, remainder_fraction=100.0000%, Lmin=-45.33, Lmax=-1.00
18:00:49 [ultranest] [DEBUG] iteration=732, ncalls=2339, regioncalls=77560, ndraw=40, logz=-49.45, remainder_fraction=100.0000%, Lmin=-45.13, Lmax=-1.00
18:00:49 [ultranest] [DEBUG] iteration=737, ncalls=2354, regioncalls=78160, ndraw=40, logz=-49.31, remainder_fraction=100.0000%, Lmin=-45.03, Lmax=-1.00
18:00:50 [ultranest] [DEBUG] iteration=740, ncalls=2369, regioncalls=78760, ndraw=40, logz=-49.22, remainder_fraction=100.0000%, Lmin=-44.93, Lmax=-1.00
18:00:50 [ultranest] [DEBUG] iteration=745, ncalls=2382, regioncalls=79280, ndraw=40, logz=-49.07, remainder_fraction=100.0000%, Lmin=-44.75, Lmax=-1.00
18:00:50 [ultranest] [DEBUG] iteration=748, ncalls=2395, regioncalls=79800, ndraw=40, logz=-48.99, remainder_fraction=100.0000%, Lmin=-44.67, Lmax=-1.00
18:00:50 [ultranest] [DEBUG] iteration=751, ncalls=2420, regioncalls=80800, ndraw=40, logz=-48.90, remainder_fraction=100.0000%, Lmin=-44.66, Lmax=-1.00
18:00:50 [ultranest] [DEBUG] iteration=754, ncalls=2431, regioncalls=81240, ndraw=40, logz=-48.83, remainder_fraction=100.0000%, Lmin=-44.59, Lmax=-1.00
18:00:50 [ultranest] [DEBUG] iteration=758, ncalls=2451, regioncalls=82040, ndraw=40, logz=-48.73, remainder_fraction=100.0000%, Lmin=-44.55, Lmax=-1.00
18:00:51 [ultranest] [DEBUG] iteration=760, ncalls=2468, regioncalls=82720, ndraw=40, logz=-48.68, remainder_fraction=100.0000%, Lmin=-44.51, Lmax=-1.00
18:00:51 [ultranest] [DEBUG] iteration=763, ncalls=2481, regioncalls=83240, ndraw=40, logz=-48.61, remainder_fraction=100.0000%, Lmin=-44.44, Lmax=-1.00
18:00:51 [ultranest] [DEBUG] iteration=765, ncalls=2496, regioncalls=83840, ndraw=40, logz=-48.56, remainder_fraction=100.0000%, Lmin=-44.42, Lmax=-1.00
18:00:51 [ultranest] [DEBUG] iteration=767, ncalls=2506, regioncalls=84240, ndraw=40, logz=-48.51, remainder_fraction=100.0000%, Lmin=-44.32, Lmax=-1.00
18:00:51 [ultranest] [DEBUG] iteration=768, ncalls=2521, regioncalls=84840, ndraw=40, logz=-48.49, remainder_fraction=100.0000%, Lmin=-44.27, Lmax=-1.00
18:00:51 [ultranest] [DEBUG] iteration=769, ncalls=2539, regioncalls=85560, ndraw=40, logz=-48.46, remainder_fraction=100.0000%, Lmin=-44.22, Lmax=-1.00
18:00:51 [ultranest] [DEBUG] iteration=772, ncalls=2556, regioncalls=86240, ndraw=40, logz=-48.39, remainder_fraction=100.0000%, Lmin=-44.18, Lmax=-1.00
18:00:52 [ultranest] [DEBUG] iteration=775, ncalls=2567, regioncalls=86680, ndraw=40, logz=-48.32, remainder_fraction=100.0000%, Lmin=-44.13, Lmax=-1.00
18:00:52 [ultranest] [DEBUG] iteration=779, ncalls=2579, regioncalls=87160, ndraw=40, logz=-48.22, remainder_fraction=100.0000%, Lmin=-43.99, Lmax=-1.00
18:00:52 [ultranest] [DEBUG] iteration=781, ncalls=2590, regioncalls=87600, ndraw=40, logz=-48.17, remainder_fraction=100.0000%, Lmin=-43.88, Lmax=-1.00
18:00:52 [ultranest] [DEBUG] iteration=784, ncalls=2603, regioncalls=88120, ndraw=40, logz=-48.10, remainder_fraction=100.0000%, Lmin=-43.81, Lmax=-1.00
18:00:52 [ultranest] [DEBUG] iteration=787, ncalls=2619, regioncalls=88760, ndraw=40, logz=-48.02, remainder_fraction=100.0000%, Lmin=-43.68, Lmax=-1.00
18:00:52 [ultranest] [DEBUG] iteration=792, ncalls=2634, regioncalls=89360, ndraw=40, logz=-47.89, remainder_fraction=100.0000%, Lmin=-43.62, Lmax=-1.00
18:00:52 [ultranest] [DEBUG] iteration=793, ncalls=2647, regioncalls=89880, ndraw=40, logz=-47.87, remainder_fraction=100.0000%, Lmin=-43.61, Lmax=-1.00
18:00:52 [ultranest] [DEBUG] iteration=795, ncalls=2659, regioncalls=90360, ndraw=40, logz=-47.82, remainder_fraction=100.0000%, Lmin=-43.59, Lmax=-1.00
18:00:53 [ultranest] [DEBUG] iteration=797, ncalls=2684, regioncalls=91360, ndraw=40, logz=-47.77, remainder_fraction=100.0000%, Lmin=-43.55, Lmax=-1.00
18:00:53 [ultranest] [DEBUG] iteration=799, ncalls=2697, regioncalls=91880, ndraw=40, logz=-47.73, remainder_fraction=100.0000%, Lmin=-43.49, Lmax=-1.00
18:00:53 [ultranest] [DEBUG] iteration=800, ncalls=2719, regioncalls=92760, ndraw=40, logz=-47.70, remainder_fraction=100.0000%, Lmin=-43.43, Lmax=-1.00
18:00:53 [ultranest] [DEBUG] iteration=802, ncalls=2737, regioncalls=93480, ndraw=40, logz=-47.66, remainder_fraction=100.0000%, Lmin=-43.39, Lmax=-1.00
18:00:53 [ultranest] [DEBUG] iteration=804, ncalls=2751, regioncalls=94040, ndraw=40, logz=-47.61, remainder_fraction=100.0000%, Lmin=-43.36, Lmax=-1.00
18:00:53 [ultranest] [DEBUG] iteration=806, ncalls=2762, regioncalls=94480, ndraw=40, logz=-47.56, remainder_fraction=100.0000%, Lmin=-43.31, Lmax=-1.00
18:00:54 [ultranest] [DEBUG] iteration=809, ncalls=2796, regioncalls=95840, ndraw=40, logz=-47.49, remainder_fraction=100.0000%, Lmin=-43.20, Lmax=-1.00
18:00:54 [ultranest] [DEBUG] iteration=810, ncalls=2807, regioncalls=96280, ndraw=40, logz=-47.47, remainder_fraction=100.0000%, Lmin=-43.20, Lmax=-1.00
18:00:54 [ultranest] [DEBUG] iteration=814, ncalls=2819, regioncalls=96760, ndraw=40, logz=-47.37, remainder_fraction=100.0000%, Lmin=-42.99, Lmax=-1.00
18:00:54 [ultranest] [DEBUG] iteration=816, ncalls=2841, regioncalls=97640, ndraw=40, logz=-47.32, remainder_fraction=100.0000%, Lmin=-42.96, Lmax=-1.00
18:00:54 [ultranest] [DEBUG] iteration=818, ncalls=2857, regioncalls=98280, ndraw=40, logz=-47.27, remainder_fraction=100.0000%, Lmin=-42.90, Lmax=-1.00
18:00:54 [ultranest] [DEBUG] iteration=821, ncalls=2887, regioncalls=99480, ndraw=40, logz=-47.20, remainder_fraction=100.0000%, Lmin=-42.83, Lmax=-0.44
18:00:55 [ultranest] [DEBUG] iteration=824, ncalls=2904, regioncalls=100160, ndraw=40, logz=-47.12, remainder_fraction=100.0000%, Lmin=-42.80, Lmax=-0.44
18:00:55 [ultranest] [DEBUG] iteration=827, ncalls=2922, regioncalls=100880, ndraw=40, logz=-47.05, remainder_fraction=100.0000%, Lmin=-42.78, Lmax=-0.44
18:00:55 [ultranest] [DEBUG] iteration=830, ncalls=2939, regioncalls=101560, ndraw=40, logz=-46.99, remainder_fraction=100.0000%, Lmin=-42.71, Lmax=-0.44
18:00:55 [ultranest] [DEBUG] iteration=833, ncalls=2951, regioncalls=102040, ndraw=40, logz=-46.92, remainder_fraction=100.0000%, Lmin=-42.66, Lmax=-0.44
18:00:55 [ultranest] [DEBUG] iteration=836, ncalls=2970, regioncalls=102800, ndraw=40, logz=-46.85, remainder_fraction=100.0000%, Lmin=-42.60, Lmax=-0.44
18:00:55 [ultranest] [DEBUG] iteration=840, ncalls=2981, regioncalls=103240, ndraw=40, logz=-46.76, remainder_fraction=100.0000%, Lmin=-42.37, Lmax=-0.44
18:00:55 [ultranest] [DEBUG] iteration=842, ncalls=2993, regioncalls=103720, ndraw=40, logz=-46.72, remainder_fraction=100.0000%, Lmin=-42.33, Lmax=-0.44
18:00:56 [ultranest] [DEBUG] iteration=845, ncalls=3011, regioncalls=104440, ndraw=40, logz=-46.64, remainder_fraction=100.0000%, Lmin=-42.25, Lmax=-0.44
18:00:56 [ultranest] [DEBUG] iteration=848, ncalls=3026, regioncalls=105040, ndraw=40, logz=-46.57, remainder_fraction=100.0000%, Lmin=-42.08, Lmax=-0.44
18:00:56 [ultranest] [DEBUG] iteration=849, ncalls=3040, regioncalls=105600, ndraw=40, logz=-46.54, remainder_fraction=100.0000%, Lmin=-42.05, Lmax=-0.44
18:00:56 [ultranest] [DEBUG] iteration=851, ncalls=3067, regioncalls=106680, ndraw=40, logz=-46.49, remainder_fraction=100.0000%, Lmin=-42.02, Lmax=-0.44
18:00:56 [ultranest] [DEBUG] iteration=856, ncalls=3083, regioncalls=107320, ndraw=40, logz=-46.36, remainder_fraction=100.0000%, Lmin=-41.90, Lmax=-0.44
18:00:56 [ultranest] [DEBUG] iteration=859, ncalls=3097, regioncalls=107880, ndraw=40, logz=-46.29, remainder_fraction=100.0000%, Lmin=-41.88, Lmax=-0.44
18:00:57 [ultranest] [DEBUG] iteration=861, ncalls=3119, regioncalls=108760, ndraw=40, logz=-46.24, remainder_fraction=100.0000%, Lmin=-41.82, Lmax=-0.44
18:00:57 [ultranest] [DEBUG] iteration=862, ncalls=3140, regioncalls=109600, ndraw=40, logz=-46.22, remainder_fraction=100.0000%, Lmin=-41.79, Lmax=-0.44
18:00:57 [ultranest] [DEBUG] iteration=865, ncalls=3153, regioncalls=110120, ndraw=40, logz=-46.15, remainder_fraction=100.0000%, Lmin=-41.73, Lmax=-0.44
18:00:57 [ultranest] [DEBUG] iteration=866, ncalls=3167, regioncalls=110680, ndraw=40, logz=-46.12, remainder_fraction=100.0000%, Lmin=-41.73, Lmax=-0.44
18:00:57 [ultranest] [DEBUG] iteration=869, ncalls=3183, regioncalls=111320, ndraw=40, logz=-46.06, remainder_fraction=100.0000%, Lmin=-41.70, Lmax=-0.44
18:00:57 [ultranest] [DEBUG] iteration=873, ncalls=3211, regioncalls=112440, ndraw=40, logz=-45.97, remainder_fraction=100.0000%, Lmin=-41.61, Lmax=-0.44
18:00:58 [ultranest] [DEBUG] iteration=877, ncalls=3229, regioncalls=113160, ndraw=40, logz=-45.88, remainder_fraction=100.0000%, Lmin=-41.55, Lmax=-0.44
18:00:58 [ultranest] [DEBUG] iteration=878, ncalls=3252, regioncalls=114080, ndraw=40, logz=-45.86, remainder_fraction=100.0000%, Lmin=-41.55, Lmax=-0.44
18:00:58 [ultranest] [DEBUG] iteration=880, ncalls=3255, regioncalls=114200, ndraw=40, logz=-45.82, remainder_fraction=100.0000%, Lmin=-41.54, Lmax=-0.44
18:00:58 [ultranest] [DEBUG] iteration=884, ncalls=3272, regioncalls=114880, ndraw=40, logz=-45.74, remainder_fraction=100.0000%, Lmin=-41.43, Lmax=-0.44
18:00:58 [ultranest] [DEBUG] iteration=885, ncalls=3283, regioncalls=115320, ndraw=40, logz=-45.72, remainder_fraction=100.0000%, Lmin=-41.39, Lmax=-0.44
18:00:58 [ultranest] [DEBUG] iteration=888, ncalls=3303, regioncalls=116120, ndraw=40, logz=-45.66, remainder_fraction=100.0000%, Lmin=-41.27, Lmax=-0.44
18:00:58 [ultranest] [DEBUG] iteration=890, ncalls=3317, regioncalls=116680, ndraw=40, logz=-45.61, remainder_fraction=100.0000%, Lmin=-41.20, Lmax=-0.44
18:00:59 [ultranest] [DEBUG] iteration=893, ncalls=3330, regioncalls=117200, ndraw=40, logz=-45.55, remainder_fraction=100.0000%, Lmin=-41.12, Lmax=-0.44
18:00:59 [ultranest] [DEBUG] iteration=895, ncalls=3348, regioncalls=117920, ndraw=40, logz=-45.50, remainder_fraction=100.0000%, Lmin=-41.11, Lmax=-0.44
18:00:59 [ultranest] [DEBUG] iteration=896, ncalls=3366, regioncalls=118640, ndraw=40, logz=-45.48, remainder_fraction=100.0000%, Lmin=-41.10, Lmax=-0.44
18:00:59 [ultranest] [DEBUG] iteration=897, ncalls=3377, regioncalls=119080, ndraw=40, logz=-45.46, remainder_fraction=100.0000%, Lmin=-41.08, Lmax=-0.44
18:00:59 [ultranest] [DEBUG] iteration=898, ncalls=3407, regioncalls=120280, ndraw=40, logz=-45.44, remainder_fraction=100.0000%, Lmin=-41.07, Lmax=-0.44
18:00:59 [ultranest] [DEBUG] iteration=900, ncalls=3419, regioncalls=120760, ndraw=40, logz=-45.40, remainder_fraction=100.0000%, Lmin=-41.03, Lmax=-0.44
18:00:59 [ultranest] [DEBUG] iteration=901, ncalls=3433, regioncalls=121320, ndraw=40, logz=-45.38, remainder_fraction=100.0000%, Lmin=-41.01, Lmax=-0.44
18:01:00 [ultranest] [DEBUG] iteration=903, ncalls=3448, regioncalls=121920, ndraw=40, logz=-45.34, remainder_fraction=100.0000%, Lmin=-40.99, Lmax=-0.44
18:01:00 [ultranest] [DEBUG] iteration=908, ncalls=3463, regioncalls=122520, ndraw=40, logz=-45.24, remainder_fraction=100.0000%, Lmin=-40.89, Lmax=-0.44
18:01:00 [ultranest] [DEBUG] iteration=909, ncalls=3477, regioncalls=123080, ndraw=40, logz=-45.22, remainder_fraction=100.0000%, Lmin=-40.84, Lmax=-0.44
18:01:00 [ultranest] [DEBUG] iteration=911, ncalls=3490, regioncalls=123600, ndraw=40, logz=-45.18, remainder_fraction=100.0000%, Lmin=-40.81, Lmax=-0.44
18:01:00 [ultranest] [DEBUG] iteration=914, ncalls=3509, regioncalls=124360, ndraw=40, logz=-45.12, remainder_fraction=100.0000%, Lmin=-40.75, Lmax=-0.44
18:01:00 [ultranest] [DEBUG] iteration=918, ncalls=3529, regioncalls=125160, ndraw=40, logz=-45.04, remainder_fraction=100.0000%, Lmin=-40.70, Lmax=-0.44
18:01:00 [ultranest] [DEBUG] iteration=920, ncalls=3542, regioncalls=125680, ndraw=40, logz=-45.00, remainder_fraction=100.0000%, Lmin=-40.65, Lmax=-0.44
18:01:01 [ultranest] [DEBUG] iteration=922, ncalls=3563, regioncalls=126520, ndraw=40, logz=-44.96, remainder_fraction=100.0000%, Lmin=-40.57, Lmax=-0.44
18:01:01 [ultranest] [DEBUG] iteration=925, ncalls=3579, regioncalls=127160, ndraw=40, logz=-44.90, remainder_fraction=100.0000%, Lmin=-40.46, Lmax=-0.44
18:01:01 [ultranest] [DEBUG] iteration=929, ncalls=3597, regioncalls=127880, ndraw=40, logz=-44.82, remainder_fraction=100.0000%, Lmin=-40.27, Lmax=-0.44
18:01:01 [ultranest] [DEBUG] iteration=933, ncalls=3618, regioncalls=128720, ndraw=40, logz=-44.73, remainder_fraction=100.0000%, Lmin=-40.21, Lmax=-0.44
18:01:01 [ultranest] [DEBUG] iteration=934, ncalls=3629, regioncalls=129160, ndraw=40, logz=-44.71, remainder_fraction=100.0000%, Lmin=-40.18, Lmax=-0.44
18:01:01 [ultranest] [DEBUG] iteration=937, ncalls=3642, regioncalls=129680, ndraw=40, logz=-44.64, remainder_fraction=100.0000%, Lmin=-40.11, Lmax=-0.44
18:01:01 [ultranest] [DEBUG] iteration=938, ncalls=3657, regioncalls=130280, ndraw=40, logz=-44.62, remainder_fraction=100.0000%, Lmin=-40.10, Lmax=-0.44
18:01:02 [ultranest] [DEBUG] iteration=940, ncalls=3669, regioncalls=130760, ndraw=40, logz=-44.57, remainder_fraction=100.0000%, Lmin=-40.01, Lmax=-0.44
18:01:02 [ultranest] [DEBUG] iteration=944, ncalls=3690, regioncalls=131600, ndraw=40, logz=-44.48, remainder_fraction=100.0000%, Lmin=-39.81, Lmax=-0.44
18:01:02 [ultranest] [DEBUG] iteration=948, ncalls=3704, regioncalls=132160, ndraw=40, logz=-44.38, remainder_fraction=100.0000%, Lmin=-39.71, Lmax=-0.44
18:01:02 [ultranest] [DEBUG] iteration=950, ncalls=3719, regioncalls=132760, ndraw=40, logz=-44.33, remainder_fraction=100.0000%, Lmin=-39.59, Lmax=-0.44
18:01:02 [ultranest] [DEBUG] iteration=954, ncalls=3736, regioncalls=133440, ndraw=40, logz=-44.23, remainder_fraction=100.0000%, Lmin=-39.51, Lmax=-0.44
18:01:02 [ultranest] [DEBUG] iteration=957, ncalls=3765, regioncalls=134600, ndraw=40, logz=-44.15, remainder_fraction=100.0000%, Lmin=-39.44, Lmax=-0.44
18:01:03 [ultranest] [DEBUG] iteration=958, ncalls=3788, regioncalls=135520, ndraw=40, logz=-44.12, remainder_fraction=100.0000%, Lmin=-39.41, Lmax=-0.44
18:01:03 [ultranest] [DEBUG] iteration=960, ncalls=3795, regioncalls=135800, ndraw=40, logz=-44.08, remainder_fraction=100.0000%, Lmin=-39.38, Lmax=-0.44
18:01:03 [ultranest] [DEBUG] iteration=963, ncalls=3820, regioncalls=136800, ndraw=40, logz=-44.00, remainder_fraction=100.0000%, Lmin=-39.35, Lmax=-0.44
18:01:03 [ultranest] [DEBUG] iteration=964, ncalls=3837, regioncalls=137480, ndraw=40, logz=-43.98, remainder_fraction=100.0000%, Lmin=-39.31, Lmax=-0.44
18:01:03 [ultranest] [DEBUG] iteration=967, ncalls=3858, regioncalls=138320, ndraw=40, logz=-43.91, remainder_fraction=100.0000%, Lmin=-39.28, Lmax=-0.44
18:01:03 [ultranest] [DEBUG] iteration=968, ncalls=3872, regioncalls=138880, ndraw=40, logz=-43.89, remainder_fraction=100.0000%, Lmin=-39.27, Lmax=-0.44
18:01:04 [ultranest] [DEBUG] iteration=971, ncalls=3893, regioncalls=139720, ndraw=40, logz=-43.82, remainder_fraction=100.0000%, Lmin=-39.15, Lmax=-0.44
18:01:04 [ultranest] [DEBUG] iteration=972, ncalls=3908, regioncalls=140320, ndraw=40, logz=-43.80, remainder_fraction=100.0000%, Lmin=-39.15, Lmax=-0.44
18:01:04 [ultranest] [DEBUG] iteration=975, ncalls=3920, regioncalls=140800, ndraw=40, logz=-43.73, remainder_fraction=100.0000%, Lmin=-39.14, Lmax=-0.44
18:01:04 [ultranest] [DEBUG] iteration=978, ncalls=3940, regioncalls=141600, ndraw=40, logz=-43.67, remainder_fraction=100.0000%, Lmin=-39.08, Lmax=-0.44
18:01:04 [ultranest] [DEBUG] iteration=979, ncalls=3966, regioncalls=142640, ndraw=40, logz=-43.64, remainder_fraction=100.0000%, Lmin=-39.07, Lmax=-0.44
18:01:04 [ultranest] [DEBUG] iteration=983, ncalls=4003, regioncalls=144120, ndraw=40, logz=-43.56, remainder_fraction=100.0000%, Lmin=-38.93, Lmax=-0.44
18:01:05 [ultranest] [DEBUG] iteration=984, ncalls=4017, regioncalls=144680, ndraw=40, logz=-43.54, remainder_fraction=100.0000%, Lmin=-38.88, Lmax=-0.44
18:01:05 [ultranest] [DEBUG] iteration=986, ncalls=4030, regioncalls=145200, ndraw=40, logz=-43.50, remainder_fraction=100.0000%, Lmin=-38.84, Lmax=-0.44
18:01:05 [ultranest] [DEBUG] iteration=988, ncalls=4043, regioncalls=145720, ndraw=40, logz=-43.45, remainder_fraction=100.0000%, Lmin=-38.79, Lmax=-0.44
18:01:05 [ultranest] [DEBUG] iteration=990, ncalls=4054, regioncalls=146160, ndraw=40, logz=-43.41, remainder_fraction=100.0000%, Lmin=-38.72, Lmax=-0.44
18:01:05 [ultranest] [DEBUG] iteration=992, ncalls=4074, regioncalls=146960, ndraw=40, logz=-43.36, remainder_fraction=100.0000%, Lmin=-38.58, Lmax=-0.44
18:01:05 [ultranest] [DEBUG] iteration=998, ncalls=4097, regioncalls=147880, ndraw=40, logz=-43.21, remainder_fraction=100.0000%, Lmin=-38.32, Lmax=-0.44
18:01:05 [ultranest] [DEBUG] iteration=1000, ncalls=4102, regioncalls=148080, ndraw=40, logz=-43.16, remainder_fraction=100.0000%, Lmin=-38.28, Lmax=-0.44
18:01:06 [ultranest] [DEBUG] iteration=1003, ncalls=4115, regioncalls=148600, ndraw=40, logz=-43.08, remainder_fraction=100.0000%, Lmin=-38.26, Lmax=-0.44
18:01:06 [ultranest] [DEBUG] iteration=1005, ncalls=4138, regioncalls=149520, ndraw=40, logz=-43.03, remainder_fraction=100.0000%, Lmin=-38.20, Lmax=-0.44
18:01:06 [ultranest] [DEBUG] iteration=1008, ncalls=4150, regioncalls=150000, ndraw=40, logz=-42.96, remainder_fraction=100.0000%, Lmin=-38.07, Lmax=-0.44
18:01:06 [ultranest] [DEBUG] iteration=1010, ncalls=4169, regioncalls=150760, ndraw=40, logz=-42.90, remainder_fraction=100.0000%, Lmin=-38.02, Lmax=-0.44
18:01:06 [ultranest] [DEBUG] iteration=1012, ncalls=4187, regioncalls=151480, ndraw=40, logz=-42.85, remainder_fraction=100.0000%, Lmin=-37.99, Lmax=-0.44
18:01:06 [ultranest] [DEBUG] iteration=1016, ncalls=4213, regioncalls=152520, ndraw=40, logz=-42.75, remainder_fraction=100.0000%, Lmin=-37.90, Lmax=-0.44
18:01:07 [ultranest] [DEBUG] iteration=1018, ncalls=4237, regioncalls=153480, ndraw=40, logz=-42.70, remainder_fraction=100.0000%, Lmin=-37.81, Lmax=-0.44
18:01:07 [ultranest] [DEBUG] iteration=1019, ncalls=4264, regioncalls=154560, ndraw=40, logz=-42.68, remainder_fraction=100.0000%, Lmin=-37.76, Lmax=-0.44
18:01:07 [ultranest] [DEBUG] iteration=1022, ncalls=4281, regioncalls=155240, ndraw=40, logz=-42.60, remainder_fraction=100.0000%, Lmin=-37.70, Lmax=-0.44
18:01:07 [ultranest] [DEBUG] iteration=1024, ncalls=4299, regioncalls=155960, ndraw=40, logz=-42.55, remainder_fraction=100.0000%, Lmin=-37.68, Lmax=-0.44
18:01:07 [ultranest] [DEBUG] iteration=1026, ncalls=4317, regioncalls=156680, ndraw=40, logz=-42.50, remainder_fraction=100.0000%, Lmin=-37.67, Lmax=-0.44
18:01:07 [ultranest] [DEBUG] iteration=1029, ncalls=4331, regioncalls=157240, ndraw=40, logz=-42.43, remainder_fraction=100.0000%, Lmin=-37.55, Lmax=-0.44
18:01:08 [ultranest] [DEBUG] iteration=1030, ncalls=4356, regioncalls=158240, ndraw=40, logz=-42.40, remainder_fraction=100.0000%, Lmin=-37.49, Lmax=-0.44
18:01:08 [ultranest] [DEBUG] iteration=1033, ncalls=4381, regioncalls=159240, ndraw=40, logz=-42.33, remainder_fraction=100.0000%, Lmin=-37.46, Lmax=-0.44
18:01:08 [ultranest] [DEBUG] iteration=1036, ncalls=4394, regioncalls=159760, ndraw=40, logz=-42.25, remainder_fraction=100.0000%, Lmin=-37.29, Lmax=-0.44
18:01:08 [ultranest] [DEBUG] iteration=1040, ncalls=4424, regioncalls=160960, ndraw=40, logz=-42.15, remainder_fraction=100.0000%, Lmin=-37.22, Lmax=-0.44
18:01:08 [ultranest] [DEBUG] iteration=1042, ncalls=4443, regioncalls=161720, ndraw=40, logz=-42.10, remainder_fraction=100.0000%, Lmin=-37.19, Lmax=-0.44
18:01:09 [ultranest] [DEBUG] iteration=1043, ncalls=4466, regioncalls=162640, ndraw=40, logz=-42.07, remainder_fraction=100.0000%, Lmin=-37.17, Lmax=-0.44
18:01:09 [ultranest] [DEBUG] iteration=1046, ncalls=4483, regioncalls=163320, ndraw=40, logz=-42.00, remainder_fraction=100.0000%, Lmin=-37.02, Lmax=-0.44
18:01:09 [ultranest] [DEBUG] iteration=1048, ncalls=4494, regioncalls=163760, ndraw=40, logz=-41.94, remainder_fraction=100.0000%, Lmin=-36.92, Lmax=-0.44
18:01:09 [ultranest] [DEBUG] iteration=1052, ncalls=4509, regioncalls=164360, ndraw=40, logz=-41.84, remainder_fraction=100.0000%, Lmin=-36.76, Lmax=-0.44
18:01:09 [ultranest] [DEBUG] iteration=1054, ncalls=4523, regioncalls=164920, ndraw=40, logz=-41.78, remainder_fraction=100.0000%, Lmin=-36.75, Lmax=-0.44
18:01:09 [ultranest] [DEBUG] iteration=1056, ncalls=4543, regioncalls=165720, ndraw=40, logz=-41.73, remainder_fraction=100.0000%, Lmin=-36.66, Lmax=-0.44
18:01:09 [ultranest] [DEBUG] iteration=1058, ncalls=4561, regioncalls=166440, ndraw=40, logz=-41.67, remainder_fraction=100.0000%, Lmin=-36.65, Lmax=-0.44
18:01:10 [ultranest] [DEBUG] iteration=1061, ncalls=4574, regioncalls=166960, ndraw=40, logz=-41.59, remainder_fraction=100.0000%, Lmin=-36.60, Lmax=-0.44
18:01:10 [ultranest] [DEBUG] iteration=1064, ncalls=4591, regioncalls=167640, ndraw=40, logz=-41.52, remainder_fraction=100.0000%, Lmin=-36.57, Lmax=-0.44
18:01:10 [ultranest] [DEBUG] iteration=1067, ncalls=4613, regioncalls=168520, ndraw=40, logz=-41.44, remainder_fraction=100.0000%, Lmin=-36.48, Lmax=-0.44
18:01:10 [ultranest] [DEBUG] iteration=1071, ncalls=4630, regioncalls=169200, ndraw=40, logz=-41.35, remainder_fraction=100.0000%, Lmin=-36.34, Lmax=-0.44
18:01:10 [ultranest] [DEBUG] iteration=1074, ncalls=4658, regioncalls=170320, ndraw=40, logz=-41.27, remainder_fraction=100.0000%, Lmin=-36.13, Lmax=-0.44
18:01:10 [ultranest] [DEBUG] iteration=1079, ncalls=4680, regioncalls=171200, ndraw=40, logz=-41.13, remainder_fraction=100.0000%, Lmin=-36.04, Lmax=-0.44
18:01:11 [ultranest] [DEBUG] iteration=1080, ncalls=4682, regioncalls=171280, ndraw=40, logz=-41.10, remainder_fraction=100.0000%, Lmin=-36.01, Lmax=-0.44
18:01:11 [ultranest] [DEBUG] iteration=1084, ncalls=4697, regioncalls=171880, ndraw=40, logz=-40.99, remainder_fraction=100.0000%, Lmin=-35.80, Lmax=-0.44
18:01:11 [ultranest] [DEBUG] iteration=1086, ncalls=4728, regioncalls=173120, ndraw=40, logz=-40.93, remainder_fraction=100.0000%, Lmin=-35.67, Lmax=-0.44
18:01:11 [ultranest] [DEBUG] iteration=1087, ncalls=4747, regioncalls=173880, ndraw=40, logz=-40.90, remainder_fraction=100.0000%, Lmin=-35.53, Lmax=-0.44
18:01:11 [ultranest] [DEBUG] iteration=1090, ncalls=4762, regioncalls=174480, ndraw=40, logz=-40.80, remainder_fraction=100.0000%, Lmin=-35.49, Lmax=-0.44
18:01:12 [ultranest] [DEBUG] iteration=1091, ncalls=4808, regioncalls=176320, ndraw=40, logz=-40.77, remainder_fraction=100.0000%, Lmin=-35.48, Lmax=-0.44
18:01:12 [ultranest] [DEBUG] iteration=1094, ncalls=4820, regioncalls=176800, ndraw=40, logz=-40.67, remainder_fraction=100.0000%, Lmin=-35.39, Lmax=-0.44
18:01:12 [ultranest] [DEBUG] iteration=1096, ncalls=4834, regioncalls=177360, ndraw=40, logz=-40.61, remainder_fraction=100.0000%, Lmin=-35.37, Lmax=-0.44
18:01:12 [ultranest] [DEBUG] iteration=1098, ncalls=4850, regioncalls=178000, ndraw=40, logz=-40.55, remainder_fraction=100.0000%, Lmin=-35.34, Lmax=-0.44
18:01:12 [ultranest] [DEBUG] iteration=1100, ncalls=4869, regioncalls=178760, ndraw=40, logz=-40.49, remainder_fraction=100.0000%, Lmin=-35.31, Lmax=-0.44
18:01:12 [ultranest] [DEBUG] iteration=1102, ncalls=4891, regioncalls=179640, ndraw=40, logz=-40.44, remainder_fraction=100.0000%, Lmin=-35.27, Lmax=-0.44
18:01:13 [ultranest] [DEBUG] iteration=1105, ncalls=4919, regioncalls=180760, ndraw=40, logz=-40.35, remainder_fraction=100.0000%, Lmin=-35.21, Lmax=-0.44
18:01:13 [ultranest] [DEBUG] iteration=1106, ncalls=4932, regioncalls=181280, ndraw=40, logz=-40.33, remainder_fraction=100.0000%, Lmin=-35.21, Lmax=-0.44
18:01:13 [ultranest] [DEBUG] iteration=1107, ncalls=4950, regioncalls=182000, ndraw=40, logz=-40.30, remainder_fraction=100.0000%, Lmin=-35.20, Lmax=-0.44
18:01:13 [ultranest] [DEBUG] iteration=1109, ncalls=4972, regioncalls=182880, ndraw=40, logz=-40.25, remainder_fraction=100.0000%, Lmin=-35.07, Lmax=-0.44
18:01:13 [ultranest] [DEBUG] iteration=1110, ncalls=5005, regioncalls=184200, ndraw=40, logz=-40.22, remainder_fraction=100.0000%, Lmin=-35.06, Lmax=-0.44
18:01:13 [ultranest] [DEBUG] iteration=1113, ncalls=5021, regioncalls=184840, ndraw=40, logz=-40.14, remainder_fraction=100.0000%, Lmin=-34.93, Lmax=-0.44
18:01:14 [ultranest] [DEBUG] iteration=1115, ncalls=5048, regioncalls=185920, ndraw=40, logz=-40.09, remainder_fraction=100.0000%, Lmin=-34.91, Lmax=-0.44
18:01:14 [ultranest] [DEBUG] iteration=1116, ncalls=5069, regioncalls=186760, ndraw=40, logz=-40.06, remainder_fraction=100.0000%, Lmin=-34.87, Lmax=-0.44
18:01:14 [ultranest] [DEBUG] iteration=1117, ncalls=5091, regioncalls=187640, ndraw=40, logz=-40.03, remainder_fraction=100.0000%, Lmin=-34.86, Lmax=-0.44
18:01:14 [ultranest] [DEBUG] iteration=1119, ncalls=5105, regioncalls=188200, ndraw=40, logz=-39.98, remainder_fraction=100.0000%, Lmin=-34.76, Lmax=-0.44
18:01:14 [ultranest] [DEBUG] iteration=1120, ncalls=5106, regioncalls=188240, ndraw=40, logz=-39.95, remainder_fraction=100.0000%, Lmin=-34.66, Lmax=-0.44
18:01:14 [ultranest] [DEBUG] iteration=1122, ncalls=5119, regioncalls=188760, ndraw=40, logz=-39.89, remainder_fraction=100.0000%, Lmin=-34.51, Lmax=-0.44
18:01:15 [ultranest] [DEBUG] iteration=1123, ncalls=5140, regioncalls=189600, ndraw=40, logz=-39.86, remainder_fraction=100.0000%, Lmin=-34.46, Lmax=-0.44
18:01:15 [ultranest] [DEBUG] iteration=1124, ncalls=5166, regioncalls=190640, ndraw=40, logz=-39.83, remainder_fraction=100.0000%, Lmin=-34.45, Lmax=-0.44
18:01:15 [ultranest] [DEBUG] iteration=1127, ncalls=5177, regioncalls=191080, ndraw=40, logz=-39.73, remainder_fraction=100.0000%, Lmin=-34.29, Lmax=-0.44
18:01:15 [ultranest] [DEBUG] iteration=1130, ncalls=5195, regioncalls=191800, ndraw=40, logz=-39.62, remainder_fraction=100.0000%, Lmin=-34.18, Lmax=-0.44
18:01:15 [ultranest] [DEBUG] iteration=1135, ncalls=5210, regioncalls=192400, ndraw=40, logz=-39.45, remainder_fraction=100.0000%, Lmin=-33.95, Lmax=-0.44
18:01:15 [ultranest] [DEBUG] iteration=1138, ncalls=5224, regioncalls=192960, ndraw=40, logz=-39.35, remainder_fraction=100.0000%, Lmin=-33.86, Lmax=-0.44
18:01:15 [ultranest] [DEBUG] iteration=1139, ncalls=5237, regioncalls=193480, ndraw=40, logz=-39.31, remainder_fraction=100.0000%, Lmin=-33.85, Lmax=-0.44
18:01:16 [ultranest] [DEBUG] iteration=1140, ncalls=5254, regioncalls=194160, ndraw=40, logz=-39.28, remainder_fraction=100.0000%, Lmin=-33.81, Lmax=-0.44
18:01:16 [ultranest] [DEBUG] iteration=1142, ncalls=5274, regioncalls=194960, ndraw=40, logz=-39.21, remainder_fraction=100.0000%, Lmin=-33.78, Lmax=-0.44
18:01:16 [ultranest] [DEBUG] iteration=1145, ncalls=5289, regioncalls=195560, ndraw=40, logz=-39.12, remainder_fraction=100.0000%, Lmin=-33.69, Lmax=-0.44
18:01:16 [ultranest] [DEBUG] iteration=1147, ncalls=5308, regioncalls=196320, ndraw=40, logz=-39.05, remainder_fraction=100.0000%, Lmin=-33.62, Lmax=-0.44
18:01:16 [ultranest] [DEBUG] iteration=1148, ncalls=5325, regioncalls=197000, ndraw=40, logz=-39.02, remainder_fraction=100.0000%, Lmin=-33.56, Lmax=-0.44
18:01:16 [ultranest] [DEBUG] iteration=1149, ncalls=5354, regioncalls=198160, ndraw=40, logz=-38.99, remainder_fraction=100.0000%, Lmin=-33.48, Lmax=-0.44
18:01:17 [ultranest] [DEBUG] iteration=1152, ncalls=5368, regioncalls=198720, ndraw=40, logz=-38.88, remainder_fraction=100.0000%, Lmin=-33.27, Lmax=-0.44
18:01:17 [ultranest] [DEBUG] iteration=1154, ncalls=5381, regioncalls=199240, ndraw=40, logz=-38.80, remainder_fraction=100.0000%, Lmin=-33.20, Lmax=-0.44
18:01:17 [ultranest] [DEBUG] iteration=1157, ncalls=5396, regioncalls=199840, ndraw=40, logz=-38.69, remainder_fraction=100.0000%, Lmin=-33.05, Lmax=-0.44
18:01:17 [ultranest] [DEBUG] iteration=1159, ncalls=5414, regioncalls=200560, ndraw=40, logz=-38.61, remainder_fraction=100.0000%, Lmin=-32.84, Lmax=-0.44
18:01:17 [ultranest] [DEBUG] iteration=1160, ncalls=5424, regioncalls=200960, ndraw=40, logz=-38.56, remainder_fraction=100.0000%, Lmin=-32.76, Lmax=-0.44
18:01:17 [ultranest] [DEBUG] iteration=1164, ncalls=5445, regioncalls=201800, ndraw=40, logz=-38.37, remainder_fraction=100.0000%, Lmin=-32.48, Lmax=-0.44
18:01:17 [ultranest] [DEBUG] iteration=1166, ncalls=5463, regioncalls=202520, ndraw=40, logz=-38.28, remainder_fraction=100.0000%, Lmin=-32.47, Lmax=-0.44
18:01:18 [ultranest] [DEBUG] iteration=1170, ncalls=5480, regioncalls=203200, ndraw=40, logz=-38.11, remainder_fraction=100.0000%, Lmin=-32.36, Lmax=-0.44
18:01:18 [ultranest] [DEBUG] iteration=1171, ncalls=5507, regioncalls=204280, ndraw=40, logz=-38.06, remainder_fraction=100.0000%, Lmin=-32.36, Lmax=-0.44
18:01:18 [ultranest] [DEBUG] iteration=1174, ncalls=5520, regioncalls=204800, ndraw=40, logz=-37.95, remainder_fraction=100.0000%, Lmin=-32.26, Lmax=-0.44
18:01:18 [ultranest] [DEBUG] iteration=1175, ncalls=5538, regioncalls=205520, ndraw=40, logz=-37.91, remainder_fraction=100.0000%, Lmin=-32.24, Lmax=-0.44
18:01:18 [ultranest] [DEBUG] iteration=1176, ncalls=5563, regioncalls=206520, ndraw=40, logz=-37.87, remainder_fraction=100.0000%, Lmin=-32.22, Lmax=-0.44
18:01:18 [ultranest] [DEBUG] iteration=1179, ncalls=5580, regioncalls=207200, ndraw=40, logz=-37.76, remainder_fraction=100.0000%, Lmin=-32.14, Lmax=-0.44
18:01:19 [ultranest] [DEBUG] iteration=1180, ncalls=5591, regioncalls=207640, ndraw=40, logz=-37.72, remainder_fraction=100.0000%, Lmin=-32.05, Lmax=-0.44
18:01:19 [ultranest] [DEBUG] iteration=1182, ncalls=5603, regioncalls=208120, ndraw=40, logz=-37.65, remainder_fraction=100.0000%, Lmin=-31.98, Lmax=-0.44
18:01:19 [ultranest] [DEBUG] iteration=1185, ncalls=5628, regioncalls=209120, ndraw=40, logz=-37.54, remainder_fraction=100.0000%, Lmin=-31.87, Lmax=-0.44
18:01:19 [ultranest] [DEBUG] iteration=1188, ncalls=5639, regioncalls=209560, ndraw=40, logz=-37.42, remainder_fraction=100.0000%, Lmin=-31.62, Lmax=-0.44
18:01:19 [ultranest] [DEBUG] iteration=1189, ncalls=5653, regioncalls=210120, ndraw=40, logz=-37.38, remainder_fraction=100.0000%, Lmin=-31.53, Lmax=-0.44
18:01:19 [ultranest] [DEBUG] iteration=1191, ncalls=5666, regioncalls=210640, ndraw=40, logz=-37.29, remainder_fraction=100.0000%, Lmin=-31.31, Lmax=-0.44
18:01:19 [ultranest] [DEBUG] iteration=1193, ncalls=5690, regioncalls=211600, ndraw=40, logz=-37.19, remainder_fraction=100.0000%, Lmin=-31.09, Lmax=-0.44
18:01:20 [ultranest] [DEBUG] iteration=1195, ncalls=5701, regioncalls=212040, ndraw=40, logz=-37.08, remainder_fraction=100.0000%, Lmin=-31.02, Lmax=-0.44
18:01:20 [ultranest] [DEBUG] iteration=1196, ncalls=5714, regioncalls=212560, ndraw=40, logz=-37.03, remainder_fraction=100.0000%, Lmin=-30.93, Lmax=-0.44
18:01:20 [ultranest] [DEBUG] iteration=1197, ncalls=5737, regioncalls=213480, ndraw=40, logz=-36.98, remainder_fraction=100.0000%, Lmin=-30.88, Lmax=-0.44
18:01:20 [ultranest] [DEBUG] iteration=1200, ncalls=5744, regioncalls=213760, ndraw=40, logz=-36.81, remainder_fraction=100.0000%, Lmin=-30.68, Lmax=-0.44
18:01:20 [ultranest] [DEBUG] iteration=1201, ncalls=5759, regioncalls=214360, ndraw=40, logz=-36.76, remainder_fraction=100.0000%, Lmin=-30.60, Lmax=-0.44
18:01:20 [ultranest] [DEBUG] iteration=1204, ncalls=5790, regioncalls=215600, ndraw=40, logz=-36.59, remainder_fraction=100.0000%, Lmin=-30.46, Lmax=-0.44
18:01:21 [ultranest] [DEBUG] iteration=1206, ncalls=5804, regioncalls=216160, ndraw=40, logz=-36.48, remainder_fraction=100.0000%, Lmin=-30.32, Lmax=-0.44
18:01:21 [ultranest] [DEBUG] iteration=1208, ncalls=5819, regioncalls=216760, ndraw=40, logz=-36.37, remainder_fraction=100.0000%, Lmin=-30.31, Lmax=-0.44
18:01:21 [ultranest] [DEBUG] iteration=1210, ncalls=5836, regioncalls=217440, ndraw=40, logz=-36.27, remainder_fraction=100.0000%, Lmin=-30.21, Lmax=-0.44
18:01:21 [ultranest] [DEBUG] iteration=1211, ncalls=5868, regioncalls=218720, ndraw=40, logz=-36.22, remainder_fraction=100.0000%, Lmin=-30.17, Lmax=-0.44
18:01:21 [ultranest] [DEBUG] iteration=1213, ncalls=5879, regioncalls=219160, ndraw=40, logz=-36.11, remainder_fraction=100.0000%, Lmin=-29.96, Lmax=-0.44
18:01:21 [ultranest] [DEBUG] iteration=1215, ncalls=5895, regioncalls=219800, ndraw=40, logz=-36.01, remainder_fraction=100.0000%, Lmin=-29.90, Lmax=-0.44
18:01:21 [ultranest] [DEBUG] iteration=1217, ncalls=5908, regioncalls=220320, ndraw=40, logz=-35.90, remainder_fraction=100.0000%, Lmin=-29.88, Lmax=-0.44
18:01:22 [ultranest] [DEBUG] iteration=1219, ncalls=5920, regioncalls=220800, ndraw=40, logz=-35.81, remainder_fraction=100.0000%, Lmin=-29.76, Lmax=-0.44
18:01:22 [ultranest] [DEBUG] iteration=1221, ncalls=5932, regioncalls=221280, ndraw=40, logz=-35.71, remainder_fraction=100.0000%, Lmin=-29.69, Lmax=-0.44
18:01:22 [ultranest] [DEBUG] iteration=1222, ncalls=5959, regioncalls=222360, ndraw=40, logz=-35.66, remainder_fraction=100.0000%, Lmin=-29.67, Lmax=-0.44
18:01:22 [ultranest] [DEBUG] iteration=1224, ncalls=5974, regioncalls=222960, ndraw=40, logz=-35.57, remainder_fraction=100.0000%, Lmin=-29.59, Lmax=-0.44
18:01:22 [ultranest] [DEBUG] iteration=1226, ncalls=5986, regioncalls=223440, ndraw=40, logz=-35.48, remainder_fraction=100.0000%, Lmin=-29.48, Lmax=-0.44
18:01:22 [ultranest] [DEBUG] iteration=1230, ncalls=5999, regioncalls=223960, ndraw=40, logz=-35.30, remainder_fraction=100.0000%, Lmin=-29.28, Lmax=-0.44
18:01:23 [ultranest] [DEBUG] iteration=1233, ncalls=6048, regioncalls=225920, ndraw=40, logz=-35.16, remainder_fraction=100.0000%, Lmin=-29.22, Lmax=-0.44
18:01:23 [ultranest] [DEBUG] iteration=1234, ncalls=6060, regioncalls=226400, ndraw=40, logz=-35.12, remainder_fraction=100.0000%, Lmin=-29.16, Lmax=-0.44
18:01:23 [ultranest] [DEBUG] iteration=1236, ncalls=6085, regioncalls=227400, ndraw=40, logz=-35.03, remainder_fraction=100.0000%, Lmin=-29.13, Lmax=-0.44
18:01:23 [ultranest] [DEBUG] iteration=1237, ncalls=6105, regioncalls=228200, ndraw=40, logz=-34.99, remainder_fraction=100.0000%, Lmin=-29.06, Lmax=-0.44
18:01:23 [ultranest] [DEBUG] iteration=1238, ncalls=6124, regioncalls=228960, ndraw=40, logz=-34.95, remainder_fraction=100.0000%, Lmin=-28.96, Lmax=-0.44
18:01:24 [ultranest] [DEBUG] iteration=1240, ncalls=6136, regioncalls=229440, ndraw=40, logz=-34.86, remainder_fraction=100.0000%, Lmin=-28.81, Lmax=-0.44
18:01:24 [ultranest] [DEBUG] iteration=1242, ncalls=6167, regioncalls=230680, ndraw=40, logz=-34.77, remainder_fraction=100.0000%, Lmin=-28.68, Lmax=-0.44
18:01:24 [ultranest] [DEBUG] iteration=1244, ncalls=6195, regioncalls=231800, ndraw=40, logz=-34.67, remainder_fraction=100.0000%, Lmin=-28.51, Lmax=-0.44
18:01:24 [ultranest] [DEBUG] iteration=1245, ncalls=6234, regioncalls=233360, ndraw=40, logz=-34.61, remainder_fraction=100.0000%, Lmin=-28.47, Lmax=-0.44
18:01:25 [ultranest] [DEBUG] iteration=1248, ncalls=6248, regioncalls=233920, ndraw=40, logz=-34.44, remainder_fraction=100.0000%, Lmin=-28.14, Lmax=-0.44
18:01:25 [ultranest] [DEBUG] iteration=1250, ncalls=6261, regioncalls=234440, ndraw=40, logz=-34.33, remainder_fraction=100.0000%, Lmin=-28.01, Lmax=-0.44
18:01:25 [ultranest] [DEBUG] iteration=1252, ncalls=6273, regioncalls=234920, ndraw=40, logz=-34.21, remainder_fraction=100.0000%, Lmin=-27.96, Lmax=-0.44
18:01:25 [ultranest] [DEBUG] iteration=1253, ncalls=6302, regioncalls=236080, ndraw=40, logz=-34.16, remainder_fraction=100.0000%, Lmin=-27.96, Lmax=-0.44
18:01:25 [ultranest] [DEBUG] iteration=1254, ncalls=6314, regioncalls=236560, ndraw=40, logz=-34.10, remainder_fraction=100.0000%, Lmin=-27.95, Lmax=-0.44
18:01:26 [ultranest] [DEBUG] iteration=1256, ncalls=6369, regioncalls=238760, ndraw=40, logz=-34.00, remainder_fraction=100.0000%, Lmin=-27.89, Lmax=-0.44
18:01:26 [ultranest] [DEBUG] iteration=1258, ncalls=6384, regioncalls=239360, ndraw=40, logz=-33.91, remainder_fraction=100.0000%, Lmin=-27.73, Lmax=-0.44
18:01:26 [ultranest] [DEBUG] iteration=1259, ncalls=6413, regioncalls=240520, ndraw=40, logz=-33.86, remainder_fraction=100.0000%, Lmin=-27.71, Lmax=-0.44
18:01:26 [ultranest] [DEBUG] iteration=1260, ncalls=6420, regioncalls=240800, ndraw=40, logz=-33.81, remainder_fraction=100.0000%, Lmin=-27.65, Lmax=-0.44
18:01:26 [ultranest] [DEBUG] iteration=1261, ncalls=6432, regioncalls=241280, ndraw=40, logz=-33.76, remainder_fraction=100.0000%, Lmin=-27.56, Lmax=-0.44
18:01:26 [ultranest] [DEBUG] iteration=1263, ncalls=6448, regioncalls=241920, ndraw=40, logz=-33.66, remainder_fraction=100.0000%, Lmin=-27.50, Lmax=-0.44
18:01:27 [ultranest] [DEBUG] iteration=1265, ncalls=6469, regioncalls=242760, ndraw=40, logz=-33.56, remainder_fraction=100.0000%, Lmin=-27.45, Lmax=-0.44
18:01:27 [ultranest] [DEBUG] iteration=1267, ncalls=6486, regioncalls=243440, ndraw=40, logz=-33.47, remainder_fraction=100.0000%, Lmin=-27.32, Lmax=-0.44
18:01:27 [ultranest] [DEBUG] iteration=1268, ncalls=6498, regioncalls=243920, ndraw=40, logz=-33.42, remainder_fraction=100.0000%, Lmin=-27.32, Lmax=-0.44
18:01:27 [ultranest] [DEBUG] iteration=1270, ncalls=6513, regioncalls=244520, ndraw=40, logz=-33.33, remainder_fraction=100.0000%, Lmin=-27.29, Lmax=-0.44
18:01:27 [ultranest] [DEBUG] iteration=1271, ncalls=6535, regioncalls=245400, ndraw=40, logz=-33.29, remainder_fraction=100.0000%, Lmin=-27.26, Lmax=-0.44
18:01:28 [ultranest] [DEBUG] iteration=1272, ncalls=6576, regioncalls=247040, ndraw=40, logz=-33.25, remainder_fraction=100.0000%, Lmin=-27.13, Lmax=-0.44
18:01:28 [ultranest] [DEBUG] iteration=1273, ncalls=6602, regioncalls=248080, ndraw=40, logz=-33.20, remainder_fraction=100.0000%, Lmin=-27.10, Lmax=-0.44
18:01:28 [ultranest] [DEBUG] iteration=1275, ncalls=6622, regioncalls=248880, ndraw=40, logz=-33.11, remainder_fraction=100.0000%, Lmin=-27.06, Lmax=-0.44
18:01:28 [ultranest] [DEBUG] iteration=1276, ncalls=6667, regioncalls=250680, ndraw=40, logz=-33.07, remainder_fraction=100.0000%, Lmin=-27.03, Lmax=-0.44
18:01:28 [ultranest] [DEBUG] iteration=1278, ncalls=6681, regioncalls=251240, ndraw=40, logz=-32.98, remainder_fraction=100.0000%, Lmin=-26.87, Lmax=-0.44
18:01:29 [ultranest] [DEBUG] iteration=1279, ncalls=6703, regioncalls=252120, ndraw=40, logz=-32.94, remainder_fraction=100.0000%, Lmin=-26.78, Lmax=-0.44
18:01:29 [ultranest] [DEBUG] iteration=1280, ncalls=6711, regioncalls=252440, ndraw=40, logz=-32.89, remainder_fraction=100.0000%, Lmin=-26.63, Lmax=-0.44
18:01:29 [ultranest] [DEBUG] iteration=1281, ncalls=6739, regioncalls=253560, ndraw=40, logz=-32.84, remainder_fraction=100.0000%, Lmin=-26.56, Lmax=-0.44
18:01:29 [ultranest] [DEBUG] iteration=1283, ncalls=6759, regioncalls=254360, ndraw=40, logz=-32.73, remainder_fraction=100.0000%, Lmin=-26.52, Lmax=-0.44
18:01:29 [ultranest] [DEBUG] iteration=1285, ncalls=6777, regioncalls=255080, ndraw=40, logz=-32.63, remainder_fraction=100.0000%, Lmin=-26.44, Lmax=-0.44
18:01:30 [ultranest] [DEBUG] iteration=1287, ncalls=6798, regioncalls=255920, ndraw=40, logz=-32.54, remainder_fraction=100.0000%, Lmin=-26.37, Lmax=-0.44
18:01:30 [ultranest] [DEBUG] iteration=1288, ncalls=6810, regioncalls=256400, ndraw=40, logz=-32.49, remainder_fraction=100.0000%, Lmin=-26.37, Lmax=-0.44
18:01:30 [ultranest] [DEBUG] iteration=1291, ncalls=6828, regioncalls=257120, ndraw=40, logz=-32.36, remainder_fraction=100.0000%, Lmin=-26.21, Lmax=-0.44
18:01:30 [ultranest] [DEBUG] iteration=1292, ncalls=6846, regioncalls=257840, ndraw=40, logz=-32.31, remainder_fraction=100.0000%, Lmin=-26.17, Lmax=-0.44
18:01:30 [ultranest] [DEBUG] iteration=1293, ncalls=6858, regioncalls=258320, ndraw=40, logz=-32.27, remainder_fraction=100.0000%, Lmin=-26.06, Lmax=-0.44
18:01:30 [ultranest] [DEBUG] iteration=1296, ncalls=6885, regioncalls=259400, ndraw=40, logz=-32.12, remainder_fraction=100.0000%, Lmin=-25.88, Lmax=-0.44
18:01:31 [ultranest] [DEBUG] iteration=1297, ncalls=6909, regioncalls=260360, ndraw=40, logz=-32.07, remainder_fraction=100.0000%, Lmin=-25.73, Lmax=-0.44
18:01:31 [ultranest] [DEBUG] iteration=1298, ncalls=6926, regioncalls=261040, ndraw=40, logz=-32.02, remainder_fraction=100.0000%, Lmin=-25.64, Lmax=-0.44
18:01:31 [ultranest] [DEBUG] iteration=1299, ncalls=6960, regioncalls=262400, ndraw=40, logz=-31.96, remainder_fraction=100.0000%, Lmin=-25.62, Lmax=-0.44
18:01:31 [ultranest] [DEBUG] iteration=1300, ncalls=6968, regioncalls=262720, ndraw=40, logz=-31.91, remainder_fraction=100.0000%, Lmin=-25.41, Lmax=-0.44
18:01:31 [ultranest] [DEBUG] iteration=1301, ncalls=6987, regioncalls=263480, ndraw=40, logz=-31.85, remainder_fraction=100.0000%, Lmin=-25.33, Lmax=-0.44
18:01:32 [ultranest] [DEBUG] iteration=1302, ncalls=7023, regioncalls=264920, ndraw=40, logz=-31.78, remainder_fraction=100.0000%, Lmin=-25.30, Lmax=-0.44
18:01:32 [ultranest] [DEBUG] iteration=1305, ncalls=7034, regioncalls=265360, ndraw=40, logz=-31.60, remainder_fraction=100.0000%, Lmin=-25.20, Lmax=-0.44
18:01:32 [ultranest] [DEBUG] iteration=1306, ncalls=7050, regioncalls=266000, ndraw=40, logz=-31.55, remainder_fraction=100.0000%, Lmin=-25.20, Lmax=-0.44
18:01:32 [ultranest] [DEBUG] iteration=1307, ncalls=7072, regioncalls=266880, ndraw=40, logz=-31.49, remainder_fraction=100.0000%, Lmin=-25.16, Lmax=-0.44
18:01:32 [ultranest] [DEBUG] iteration=1309, ncalls=7100, regioncalls=268000, ndraw=40, logz=-31.39, remainder_fraction=100.0000%, Lmin=-25.04, Lmax=-0.44
18:01:33 [ultranest] [DEBUG] iteration=1310, ncalls=7139, regioncalls=269560, ndraw=40, logz=-31.34, remainder_fraction=100.0000%, Lmin=-24.94, Lmax=-0.44
18:01:33 [ultranest] [DEBUG] iteration=1311, ncalls=7150, regioncalls=270000, ndraw=40, logz=-31.28, remainder_fraction=100.0000%, Lmin=-24.83, Lmax=-0.44
18:01:33 [ultranest] [DEBUG] iteration=1313, ncalls=7186, regioncalls=271440, ndraw=40, logz=-31.17, remainder_fraction=100.0000%, Lmin=-24.79, Lmax=-0.44
18:01:33 [ultranest] [DEBUG] iteration=1314, ncalls=7223, regioncalls=272920, ndraw=40, logz=-31.11, remainder_fraction=100.0000%, Lmin=-24.78, Lmax=-0.44
18:01:34 [ultranest] [DEBUG] iteration=1316, ncalls=7240, regioncalls=273600, ndraw=40, logz=-31.01, remainder_fraction=100.0000%, Lmin=-24.73, Lmax=-0.44
18:01:34 [ultranest] [DEBUG] iteration=1317, ncalls=7255, regioncalls=274200, ndraw=40, logz=-30.97, remainder_fraction=100.0000%, Lmin=-24.60, Lmax=-0.44
18:01:34 [ultranest] [DEBUG] iteration=1320, ncalls=7274, regioncalls=274960, ndraw=40, logz=-30.81, remainder_fraction=100.0000%, Lmin=-24.54, Lmax=-0.44
18:01:34 [ultranest] [DEBUG] iteration=1324, ncalls=7317, regioncalls=276680, ndraw=40, logz=-30.58, remainder_fraction=100.0000%, Lmin=-24.05, Lmax=-0.44
18:01:35 [ultranest] [DEBUG] iteration=1325, ncalls=7349, regioncalls=277960, ndraw=40, logz=-30.52, remainder_fraction=100.0000%, Lmin=-24.02, Lmax=-0.44
18:01:35 [ultranest] [DEBUG] iteration=1328, ncalls=7369, regioncalls=278760, ndraw=40, logz=-30.35, remainder_fraction=100.0000%, Lmin=-23.90, Lmax=-0.29
18:01:35 [ultranest] [DEBUG] iteration=1329, ncalls=7377, regioncalls=279080, ndraw=40, logz=-30.29, remainder_fraction=100.0000%, Lmin=-23.89, Lmax=-0.29
18:01:35 [ultranest] [DEBUG] iteration=1331, ncalls=7391, regioncalls=279640, ndraw=40, logz=-30.19, remainder_fraction=100.0000%, Lmin=-23.78, Lmax=-0.29
18:01:35 [ultranest] [DEBUG] iteration=1333, ncalls=7408, regioncalls=280320, ndraw=40, logz=-30.08, remainder_fraction=100.0000%, Lmin=-23.68, Lmax=-0.29
18:01:35 [ultranest] [DEBUG] iteration=1335, ncalls=7420, regioncalls=280800, ndraw=40, logz=-29.98, remainder_fraction=100.0000%, Lmin=-23.56, Lmax=-0.29
18:01:36 [ultranest] [DEBUG] iteration=1337, ncalls=7438, regioncalls=281520, ndraw=40, logz=-29.88, remainder_fraction=100.0000%, Lmin=-23.44, Lmax=-0.29
18:01:36 [ultranest] [DEBUG] iteration=1338, ncalls=7454, regioncalls=282160, ndraw=40, logz=-29.82, remainder_fraction=100.0000%, Lmin=-23.35, Lmax=-0.29
18:01:36 [ultranest] [DEBUG] iteration=1340, ncalls=7466, regioncalls=282640, ndraw=40, logz=-29.71, remainder_fraction=100.0000%, Lmin=-23.22, Lmax=-0.29
18:01:36 [ultranest] [DEBUG] iteration=1342, ncalls=7482, regioncalls=283280, ndraw=40, logz=-29.60, remainder_fraction=100.0000%, Lmin=-23.10, Lmax=-0.29
18:01:36 [ultranest] [DEBUG] iteration=1345, ncalls=7496, regioncalls=283840, ndraw=40, logz=-29.44, remainder_fraction=100.0000%, Lmin=-23.04, Lmax=-0.29
18:01:37 [ultranest] [DEBUG] iteration=1346, ncalls=7564, regioncalls=286560, ndraw=40, logz=-29.39, remainder_fraction=100.0000%, Lmin=-23.03, Lmax=-0.29
18:01:37 [ultranest] [DEBUG] iteration=1350, ncalls=7574, regioncalls=286960, ndraw=40, logz=-29.17, remainder_fraction=100.0000%, Lmin=-22.55, Lmax=-0.29
18:01:37 [ultranest] [DEBUG] iteration=1352, ncalls=7596, regioncalls=287840, ndraw=40, logz=-29.05, remainder_fraction=100.0000%, Lmin=-22.49, Lmax=-0.29
18:01:37 [ultranest] [DEBUG] iteration=1353, ncalls=7608, regioncalls=288320, ndraw=40, logz=-28.99, remainder_fraction=100.0000%, Lmin=-22.47, Lmax=-0.29
18:01:37 [ultranest] [DEBUG] iteration=1354, ncalls=7620, regioncalls=288800, ndraw=40, logz=-28.94, remainder_fraction=100.0000%, Lmin=-22.38, Lmax=-0.29
18:01:37 [ultranest] [DEBUG] iteration=1355, ncalls=7638, regioncalls=289520, ndraw=40, logz=-28.88, remainder_fraction=100.0000%, Lmin=-22.38, Lmax=-0.29
18:01:38 [ultranest] [DEBUG] iteration=1357, ncalls=7652, regioncalls=290080, ndraw=40, logz=-28.77, remainder_fraction=100.0000%, Lmin=-22.30, Lmax=-0.29
18:01:38 [ultranest] [DEBUG] iteration=1358, ncalls=7666, regioncalls=290640, ndraw=40, logz=-28.72, remainder_fraction=100.0000%, Lmin=-22.26, Lmax=-0.29
18:01:38 [ultranest] [DEBUG] iteration=1359, ncalls=7679, regioncalls=291160, ndraw=40, logz=-28.67, remainder_fraction=100.0000%, Lmin=-22.23, Lmax=-0.29
18:01:38 [ultranest] [DEBUG] iteration=1360, ncalls=7681, regioncalls=291240, ndraw=40, logz=-28.62, remainder_fraction=100.0000%, Lmin=-22.23, Lmax=-0.29
18:01:38 [ultranest] [DEBUG] iteration=1364, ncalls=7700, regioncalls=292000, ndraw=40, logz=-28.42, remainder_fraction=100.0000%, Lmin=-22.05, Lmax=-0.29
18:01:38 [ultranest] [DEBUG] iteration=1367, ncalls=7714, regioncalls=292560, ndraw=40, logz=-28.28, remainder_fraction=100.0000%, Lmin=-21.91, Lmax=-0.29
18:01:38 [ultranest] [DEBUG] iteration=1370, ncalls=7728, regioncalls=293120, ndraw=40, logz=-28.14, remainder_fraction=100.0000%, Lmin=-21.57, Lmax=-0.29
18:01:38 [ultranest] [DEBUG] iteration=1372, ncalls=7740, regioncalls=293600, ndraw=40, logz=-28.03, remainder_fraction=100.0000%, Lmin=-21.55, Lmax=-0.29
18:01:38 [ultranest] [DEBUG] iteration=1374, ncalls=7753, regioncalls=294120, ndraw=40, logz=-27.93, remainder_fraction=100.0000%, Lmin=-21.43, Lmax=-0.29
18:01:39 [ultranest] [DEBUG] iteration=1378, ncalls=7774, regioncalls=294960, ndraw=40, logz=-27.72, remainder_fraction=100.0000%, Lmin=-21.29, Lmax=-0.29
18:01:39 [ultranest] [DEBUG] iteration=1380, ncalls=7800, regioncalls=296000, ndraw=40, logz=-27.62, remainder_fraction=100.0000%, Lmin=-21.12, Lmax=-0.29
18:01:39 [ultranest] [DEBUG] iteration=1384, ncalls=7813, regioncalls=296520, ndraw=40, logz=-27.40, remainder_fraction=100.0000%, Lmin=-20.79, Lmax=-0.29
18:01:39 [ultranest] [DEBUG] iteration=1388, ncalls=7826, regioncalls=297040, ndraw=40, logz=-27.18, remainder_fraction=100.0000%, Lmin=-20.64, Lmax=-0.29
18:01:39 [ultranest] [DEBUG] iteration=1391, ncalls=7839, regioncalls=297560, ndraw=40, logz=-26.99, remainder_fraction=100.0000%, Lmin=-20.19, Lmax=-0.29
18:01:39 [ultranest] [DEBUG] iteration=1394, ncalls=7860, regioncalls=298400, ndraw=40, logz=-26.80, remainder_fraction=100.0000%, Lmin=-20.11, Lmax=-0.29
18:01:40 [ultranest] [DEBUG] iteration=1396, ncalls=7883, regioncalls=299320, ndraw=40, logz=-26.68, remainder_fraction=100.0000%, Lmin=-20.01, Lmax=-0.29
18:01:40 [ultranest] [DEBUG] iteration=1397, ncalls=7897, regioncalls=299880, ndraw=40, logz=-26.62, remainder_fraction=100.0000%, Lmin=-19.90, Lmax=-0.29
18:01:40 [ultranest] [DEBUG] iteration=1398, ncalls=7929, regioncalls=301160, ndraw=40, logz=-26.56, remainder_fraction=100.0000%, Lmin=-19.90, Lmax=-0.29
18:01:40 [ultranest] [DEBUG] iteration=1400, ncalls=7936, regioncalls=301440, ndraw=40, logz=-26.44, remainder_fraction=100.0000%, Lmin=-19.67, Lmax=-0.29
18:01:40 [ultranest] [DEBUG] iteration=1402, ncalls=7949, regioncalls=301960, ndraw=40, logz=-26.31, remainder_fraction=100.0000%, Lmin=-19.59, Lmax=-0.29
18:01:40 [ultranest] [DEBUG] iteration=1403, ncalls=7967, regioncalls=302680, ndraw=40, logz=-26.25, remainder_fraction=100.0000%, Lmin=-19.46, Lmax=-0.29
18:01:40 [ultranest] [DEBUG] iteration=1407, ncalls=7982, regioncalls=303280, ndraw=40, logz=-25.98, remainder_fraction=100.0000%, Lmin=-19.20, Lmax=-0.29
18:01:41 [ultranest] [DEBUG] iteration=1408, ncalls=8006, regioncalls=304240, ndraw=40, logz=-25.92, remainder_fraction=100.0000%, Lmin=-19.14, Lmax=-0.29
18:01:41 [ultranest] [DEBUG] iteration=1410, ncalls=8035, regioncalls=305400, ndraw=40, logz=-25.78, remainder_fraction=100.0000%, Lmin=-18.81, Lmax=-0.29
18:01:41 [ultranest] [DEBUG] iteration=1414, ncalls=8046, regioncalls=305840, ndraw=40, logz=-25.50, remainder_fraction=100.0000%, Lmin=-18.73, Lmax=-0.29
18:01:41 [ultranest] [DEBUG] iteration=1416, ncalls=8069, regioncalls=306760, ndraw=40, logz=-25.37, remainder_fraction=100.0000%, Lmin=-18.51, Lmax=-0.29
18:01:41 [ultranest] [DEBUG] iteration=1418, ncalls=8081, regioncalls=307240, ndraw=40, logz=-25.24, remainder_fraction=100.0000%, Lmin=-18.43, Lmax=-0.29
18:01:41 [ultranest] [DEBUG] iteration=1420, ncalls=8095, regioncalls=307800, ndraw=40, logz=-25.12, remainder_fraction=100.0000%, Lmin=-18.39, Lmax=-0.29
18:01:42 [ultranest] [DEBUG] iteration=1422, ncalls=8118, regioncalls=308720, ndraw=40, logz=-25.00, remainder_fraction=100.0000%, Lmin=-18.35, Lmax=-0.29
18:01:42 [ultranest] [DEBUG] iteration=1424, ncalls=8136, regioncalls=309440, ndraw=40, logz=-24.90, remainder_fraction=100.0000%, Lmin=-18.23, Lmax=-0.29
18:01:42 [ultranest] [DEBUG] iteration=1426, ncalls=8151, regioncalls=310040, ndraw=40, logz=-24.79, remainder_fraction=100.0000%, Lmin=-18.19, Lmax=-0.29
18:01:42 [ultranest] [DEBUG] iteration=1427, ncalls=8165, regioncalls=310600, ndraw=40, logz=-24.74, remainder_fraction=100.0000%, Lmin=-18.17, Lmax=-0.29
18:01:42 [ultranest] [DEBUG] iteration=1428, ncalls=8183, regioncalls=311320, ndraw=40, logz=-24.69, remainder_fraction=100.0000%, Lmin=-18.17, Lmax=-0.29
18:01:42 [ultranest] [DEBUG] iteration=1431, ncalls=8203, regioncalls=312120, ndraw=40, logz=-24.55, remainder_fraction=100.0000%, Lmin=-18.06, Lmax=-0.29
18:01:42 [ultranest] [DEBUG] iteration=1434, ncalls=8215, regioncalls=312600, ndraw=40, logz=-24.41, remainder_fraction=100.0000%, Lmin=-17.89, Lmax=-0.29
18:01:43 [ultranest] [DEBUG] iteration=1436, ncalls=8229, regioncalls=313160, ndraw=40, logz=-24.32, remainder_fraction=100.0000%, Lmin=-17.83, Lmax=-0.29
18:01:43 [ultranest] [DEBUG] iteration=1437, ncalls=8252, regioncalls=314080, ndraw=40, logz=-24.28, remainder_fraction=100.0000%, Lmin=-17.73, Lmax=-0.29
18:01:43 [ultranest] [DEBUG] iteration=1440, ncalls=8266, regioncalls=314640, ndraw=40, logz=-24.14, remainder_fraction=100.0000%, Lmin=-17.50, Lmax=-0.29
18:01:43 [ultranest] [DEBUG] iteration=1442, ncalls=8286, regioncalls=315440, ndraw=40, logz=-24.04, remainder_fraction=100.0000%, Lmin=-17.43, Lmax=-0.29
18:01:43 [ultranest] [DEBUG] iteration=1445, ncalls=8297, regioncalls=315880, ndraw=40, logz=-23.90, remainder_fraction=100.0000%, Lmin=-17.33, Lmax=-0.29
18:01:43 [ultranest] [DEBUG] iteration=1449, ncalls=8311, regioncalls=316440, ndraw=40, logz=-23.71, remainder_fraction=100.0000%, Lmin=-17.18, Lmax=-0.29
18:01:44 [ultranest] [DEBUG] iteration=1451, ncalls=8322, regioncalls=316880, ndraw=40, logz=-23.62, remainder_fraction=100.0000%, Lmin=-17.04, Lmax=-0.29
18:01:44 [ultranest] [DEBUG] iteration=1453, ncalls=8333, regioncalls=317320, ndraw=40, logz=-23.53, remainder_fraction=100.0000%, Lmin=-16.95, Lmax=-0.29
18:01:44 [ultranest] [DEBUG] iteration=1455, ncalls=8356, regioncalls=318240, ndraw=40, logz=-23.44, remainder_fraction=100.0000%, Lmin=-16.85, Lmax=-0.29
18:01:44 [ultranest] [DEBUG] iteration=1459, ncalls=8365, regioncalls=318600, ndraw=40, logz=-23.26, remainder_fraction=100.0000%, Lmin=-16.74, Lmax=-0.29
18:01:44 [ultranest] [DEBUG] iteration=1460, ncalls=8389, regioncalls=319560, ndraw=40, logz=-23.21, remainder_fraction=100.0000%, Lmin=-16.73, Lmax=-0.29
18:01:44 [ultranest] [DEBUG] iteration=1463, ncalls=8405, regioncalls=320200, ndraw=40, logz=-23.09, remainder_fraction=100.0000%, Lmin=-16.62, Lmax=-0.29
18:01:44 [ultranest] [DEBUG] iteration=1465, ncalls=8430, regioncalls=321320, ndraw=40, logz=-23.01, remainder_fraction=100.0000%, Lmin=-16.54, Lmax=-0.29
18:01:45 [ultranest] [DEBUG] iteration=1466, ncalls=8443, regioncalls=321840, ndraw=40, logz=-22.97, remainder_fraction=100.0000%, Lmin=-16.50, Lmax=-0.29
18:01:45 [ultranest] [DEBUG] iteration=1468, ncalls=8455, regioncalls=322320, ndraw=40, logz=-22.89, remainder_fraction=100.0000%, Lmin=-16.42, Lmax=-0.29
18:01:45 [ultranest] [DEBUG] iteration=1469, ncalls=8469, regioncalls=322880, ndraw=40, logz=-22.85, remainder_fraction=100.0000%, Lmin=-16.41, Lmax=-0.29
18:01:45 [ultranest] [DEBUG] iteration=1471, ncalls=8482, regioncalls=323400, ndraw=40, logz=-22.77, remainder_fraction=100.0000%, Lmin=-16.23, Lmax=-0.29
18:01:45 [ultranest] [DEBUG] iteration=1474, ncalls=8493, regioncalls=323840, ndraw=40, logz=-22.64, remainder_fraction=100.0000%, Lmin=-16.08, Lmax=-0.29
18:01:45 [ultranest] [DEBUG] iteration=1476, ncalls=8507, regioncalls=324400, ndraw=40, logz=-22.56, remainder_fraction=100.0000%, Lmin=-16.02, Lmax=-0.29
18:01:45 [ultranest] [DEBUG] iteration=1477, ncalls=8520, regioncalls=324920, ndraw=40, logz=-22.51, remainder_fraction=100.0000%, Lmin=-15.99, Lmax=-0.29
18:01:45 [ultranest] [DEBUG] iteration=1480, ncalls=8528, regioncalls=325240, ndraw=40, logz=-22.39, remainder_fraction=100.0000%, Lmin=-15.95, Lmax=-0.29
18:01:46 [ultranest] [DEBUG] iteration=1483, ncalls=8550, regioncalls=326120, ndraw=40, logz=-22.28, remainder_fraction=100.0000%, Lmin=-15.81, Lmax=-0.29
18:01:46 [ultranest] [DEBUG] iteration=1484, ncalls=8551, regioncalls=326160, ndraw=40, logz=-22.24, remainder_fraction=100.0000%, Lmin=-15.79, Lmax=-0.29
18:01:46 [ultranest] [DEBUG] iteration=1488, ncalls=8565, regioncalls=326720, ndraw=40, logz=-22.09, remainder_fraction=100.0000%, Lmin=-15.59, Lmax=-0.29
18:01:46 [ultranest] [DEBUG] iteration=1489, ncalls=8579, regioncalls=327280, ndraw=40, logz=-22.05, remainder_fraction=100.0000%, Lmin=-15.59, Lmax=-0.29
18:01:46 [ultranest] [DEBUG] iteration=1491, ncalls=8599, regioncalls=328080, ndraw=40, logz=-21.98, remainder_fraction=100.0000%, Lmin=-15.56, Lmax=-0.29
18:01:46 [ultranest] [DEBUG] iteration=1495, ncalls=8611, regioncalls=328560, ndraw=40, logz=-21.83, remainder_fraction=100.0000%, Lmin=-15.41, Lmax=-0.29
18:01:47 [ultranest] [DEBUG] iteration=1497, ncalls=8621, regioncalls=328960, ndraw=40, logz=-21.76, remainder_fraction=99.9999%, Lmin=-15.20, Lmax=-0.29
18:01:48 [ultranest] [DEBUG] iteration=1498, ncalls=8625, regioncalls=329120, ndraw=40, logz=-21.72, remainder_fraction=99.9999%, Lmin=-15.17, Lmax=-0.29
18:01:49 [ultranest] [DEBUG] iteration=1499, ncalls=8635, regioncalls=329520, ndraw=40, logz=-21.68, remainder_fraction=99.9999%, Lmin=-15.06, Lmax=-0.29
18:01:51 [ultranest] [DEBUG] iteration=1500, ncalls=8644, regioncalls=329880, ndraw=40, logz=-21.63, remainder_fraction=99.9999%, Lmin=-14.99, Lmax=-0.29
18:01:51 [ultranest] [DEBUG] iteration=1501, ncalls=8646, regioncalls=329960, ndraw=40, logz=-21.59, remainder_fraction=99.9999%, Lmin=-14.97, Lmax=-0.29
18:01:52 [ultranest] [DEBUG] iteration=1502, ncalls=8649, regioncalls=330080, ndraw=40, logz=-21.55, remainder_fraction=99.9999%, Lmin=-14.94, Lmax=-0.29
18:01:52 [ultranest] [DEBUG] iteration=1503, ncalls=8651, regioncalls=330160, ndraw=40, logz=-21.50, remainder_fraction=99.9999%, Lmin=-14.91, Lmax=-0.29
18:01:52 [ultranest] [DEBUG] iteration=1504, ncalls=8653, regioncalls=330240, ndraw=40, logz=-21.46, remainder_fraction=99.9999%, Lmin=-14.90, Lmax=-0.29
18:01:54 [ultranest] [DEBUG] iteration=1505, ncalls=8662, regioncalls=330600, ndraw=40, logz=-21.42, remainder_fraction=99.9999%, Lmin=-14.87, Lmax=-0.29
18:01:54 [ultranest] [DEBUG] iteration=1506, ncalls=8666, regioncalls=330760, ndraw=40, logz=-21.38, remainder_fraction=99.9999%, Lmin=-14.78, Lmax=-0.29
18:01:55 [ultranest] [DEBUG] iteration=1507, ncalls=8681, regioncalls=331360, ndraw=40, logz=-21.34, remainder_fraction=99.9999%, Lmin=-14.77, Lmax=-0.29
18:01:55 [ultranest] [DEBUG] iteration=1513, ncalls=8700, regioncalls=332120, ndraw=40, logz=-21.09, remainder_fraction=99.9999%, Lmin=-14.50, Lmax=-0.29
18:01:55 [ultranest] [DEBUG] iteration=1514, ncalls=8721, regioncalls=332960, ndraw=40, logz=-21.05, remainder_fraction=99.9999%, Lmin=-14.49, Lmax=-0.29
18:01:55 [ultranest] [DEBUG] iteration=1515, ncalls=8738, regioncalls=333640, ndraw=40, logz=-21.01, remainder_fraction=99.9999%, Lmin=-14.46, Lmax=-0.29
18:01:55 [ultranest] [DEBUG] iteration=1518, ncalls=8757, regioncalls=334520, ndraw=40, logz=-20.90, remainder_fraction=99.9999%, Lmin=-14.39, Lmax=-0.29
18:01:55 [ultranest] [DEBUG] iteration=1520, ncalls=8778, regioncalls=335360, ndraw=40, logz=-20.82, remainder_fraction=99.9999%, Lmin=-14.30, Lmax=-0.29
18:01:56 [ultranest] [DEBUG] iteration=1523, ncalls=8790, regioncalls=335840, ndraw=40, logz=-20.71, remainder_fraction=99.9999%, Lmin=-14.24, Lmax=-0.29
18:01:56 [ultranest] [DEBUG] iteration=1526, ncalls=8809, regioncalls=336600, ndraw=40, logz=-20.61, remainder_fraction=99.9998%, Lmin=-14.15, Lmax=-0.29
18:01:56 [ultranest] [DEBUG] iteration=1529, ncalls=8827, regioncalls=337320, ndraw=40, logz=-20.51, remainder_fraction=99.9998%, Lmin=-14.09, Lmax=-0.29
18:01:56 [ultranest] [DEBUG] iteration=1530, ncalls=8829, regioncalls=337400, ndraw=40, logz=-20.47, remainder_fraction=99.9998%, Lmin=-14.06, Lmax=-0.29
18:01:56 [ultranest] [DEBUG] iteration=1532, ncalls=8843, regioncalls=337960, ndraw=40, logz=-20.41, remainder_fraction=99.9998%, Lmin=-14.00, Lmax=-0.29
18:01:56 [ultranest] [DEBUG] iteration=1536, ncalls=8863, regioncalls=338760, ndraw=40, logz=-20.28, remainder_fraction=99.9998%, Lmin=-13.86, Lmax=-0.29
18:01:57 [ultranest] [DEBUG] iteration=1537, ncalls=8889, regioncalls=339800, ndraw=40, logz=-20.25, remainder_fraction=99.9998%, Lmin=-13.83, Lmax=-0.29
18:01:57 [ultranest] [DEBUG] iteration=1539, ncalls=8906, regioncalls=340480, ndraw=40, logz=-20.18, remainder_fraction=99.9997%, Lmin=-13.59, Lmax=-0.29
18:01:57 [ultranest] [DEBUG] iteration=1541, ncalls=8918, regioncalls=340960, ndraw=40, logz=-20.10, remainder_fraction=99.9997%, Lmin=-13.50, Lmax=-0.29
18:01:57 [ultranest] [DEBUG] iteration=1543, ncalls=8935, regioncalls=341640, ndraw=40, logz=-20.03, remainder_fraction=99.9997%, Lmin=-13.48, Lmax=-0.29
18:01:57 [ultranest] [DEBUG] iteration=1547, ncalls=8949, regioncalls=342200, ndraw=40, logz=-19.89, remainder_fraction=99.9997%, Lmin=-13.39, Lmax=-0.29
18:01:57 [ultranest] [DEBUG] iteration=1552, ncalls=8970, regioncalls=343040, ndraw=40, logz=-19.71, remainder_fraction=99.9996%, Lmin=-13.23, Lmax=-0.29
18:01:57 [ultranest] [DEBUG] iteration=1556, ncalls=8983, regioncalls=343560, ndraw=40, logz=-19.58, remainder_fraction=99.9995%, Lmin=-12.98, Lmax=-0.29
18:01:57 [ultranest] [DEBUG] iteration=1559, ncalls=8995, regioncalls=344040, ndraw=40, logz=-19.47, remainder_fraction=99.9995%, Lmin=-12.93, Lmax=-0.29
18:01:57 [ultranest] [DEBUG] iteration=1560, ncalls=8997, regioncalls=344120, ndraw=40, logz=-19.44, remainder_fraction=99.9995%, Lmin=-12.93, Lmax=-0.29
18:01:58 [ultranest] [DEBUG] iteration=1564, ncalls=9009, regioncalls=344600, ndraw=40, logz=-19.30, remainder_fraction=99.9994%, Lmin=-12.69, Lmax=-0.29
18:01:58 [ultranest] [DEBUG] iteration=1568, ncalls=9037, regioncalls=345840, ndraw=40, logz=-19.16, remainder_fraction=99.9993%, Lmin=-12.61, Lmax=-0.29
18:01:58 [ultranest] [DEBUG] iteration=1569, ncalls=9065, regioncalls=346960, ndraw=40, logz=-19.13, remainder_fraction=99.9993%, Lmin=-12.56, Lmax=-0.29
18:01:58 [ultranest] [DEBUG] iteration=1572, ncalls=9077, regioncalls=347440, ndraw=40, logz=-19.02, remainder_fraction=99.9992%, Lmin=-12.48, Lmax=-0.29
18:01:58 [ultranest] [DEBUG] iteration=1575, ncalls=9091, regioncalls=348040, ndraw=40, logz=-18.93, remainder_fraction=99.9991%, Lmin=-12.43, Lmax=-0.29
18:01:58 [ultranest] [DEBUG] iteration=1577, ncalls=9111, regioncalls=348840, ndraw=40, logz=-18.86, remainder_fraction=99.9990%, Lmin=-12.36, Lmax=-0.29
18:01:59 [ultranest] [DEBUG] iteration=1580, ncalls=9130, regioncalls=349880, ndraw=40, logz=-18.77, remainder_fraction=99.9989%, Lmin=-12.25, Lmax=-0.29
18:01:59 [ultranest] [DEBUG] iteration=1583, ncalls=9144, regioncalls=350440, ndraw=40, logz=-18.67, remainder_fraction=99.9988%, Lmin=-12.18, Lmax=-0.29
18:01:59 [ultranest] [DEBUG] iteration=1586, ncalls=9156, regioncalls=350920, ndraw=40, logz=-18.58, remainder_fraction=99.9987%, Lmin=-12.07, Lmax=-0.29
18:01:59 [ultranest] [DEBUG] iteration=1589, ncalls=9168, regioncalls=351400, ndraw=40, logz=-18.48, remainder_fraction=99.9986%, Lmin=-11.89, Lmax=-0.29
18:01:59 [ultranest] [DEBUG] iteration=1591, ncalls=9185, regioncalls=352080, ndraw=40, logz=-18.42, remainder_fraction=99.9984%, Lmin=-11.86, Lmax=-0.29
18:01:59 [ultranest] [DEBUG] iteration=1593, ncalls=9198, regioncalls=352920, ndraw=40, logz=-18.35, remainder_fraction=99.9983%, Lmin=-11.81, Lmax=-0.29
18:01:59 [ultranest] [DEBUG] iteration=1596, ncalls=9211, regioncalls=353440, ndraw=40, logz=-18.25, remainder_fraction=99.9982%, Lmin=-11.60, Lmax=-0.29
18:02:00 [ultranest] [DEBUG] iteration=1599, ncalls=9226, regioncalls=354040, ndraw=40, logz=-18.15, remainder_fraction=99.9979%, Lmin=-11.51, Lmax=-0.29
18:02:00 [ultranest] [DEBUG] iteration=1600, ncalls=9238, regioncalls=354520, ndraw=40, logz=-18.11, remainder_fraction=99.9979%, Lmin=-11.48, Lmax=-0.29
18:02:00 [ultranest] [DEBUG] iteration=1603, ncalls=9254, regioncalls=355160, ndraw=40, logz=-18.01, remainder_fraction=99.9976%, Lmin=-11.39, Lmax=-0.29
18:02:00 [ultranest] [DEBUG] iteration=1606, ncalls=9265, regioncalls=355600, ndraw=40, logz=-17.91, remainder_fraction=99.9974%, Lmin=-11.32, Lmax=-0.29
18:02:00 [ultranest] [DEBUG] iteration=1609, ncalls=9277, regioncalls=356080, ndraw=40, logz=-17.82, remainder_fraction=99.9971%, Lmin=-11.25, Lmax=-0.29
18:02:00 [ultranest] [DEBUG] iteration=1613, ncalls=9296, regioncalls=356840, ndraw=40, logz=-17.69, remainder_fraction=99.9967%, Lmin=-11.08, Lmax=-0.29
18:02:00 [ultranest] [DEBUG] iteration=1615, ncalls=9309, regioncalls=357360, ndraw=40, logz=-17.62, remainder_fraction=99.9964%, Lmin=-10.99, Lmax=-0.29
18:02:00 [ultranest] [DEBUG] iteration=1618, ncalls=9334, regioncalls=358360, ndraw=40, logz=-17.53, remainder_fraction=99.9960%, Lmin=-10.93, Lmax=-0.29
18:02:01 [ultranest] [DEBUG] iteration=1620, ncalls=9340, regioncalls=358600, ndraw=40, logz=-17.46, remainder_fraction=99.9958%, Lmin=-10.90, Lmax=-0.29
18:02:01 [ultranest] [DEBUG] iteration=1622, ncalls=9354, regioncalls=359160, ndraw=40, logz=-17.40, remainder_fraction=99.9955%, Lmin=-10.88, Lmax=-0.29
18:02:01 [ultranest] [DEBUG] iteration=1624, ncalls=9366, regioncalls=359640, ndraw=40, logz=-17.35, remainder_fraction=99.9952%, Lmin=-10.85, Lmax=-0.29
18:02:01 [ultranest] [DEBUG] iteration=1626, ncalls=9379, regioncalls=360160, ndraw=40, logz=-17.29, remainder_fraction=99.9950%, Lmin=-10.84, Lmax=-0.29
18:02:01 [ultranest] [DEBUG] iteration=1629, ncalls=9392, regioncalls=360680, ndraw=40, logz=-17.21, remainder_fraction=99.9946%, Lmin=-10.74, Lmax=-0.29
18:02:01 [ultranest] [DEBUG] iteration=1631, ncalls=9405, regioncalls=361200, ndraw=40, logz=-17.16, remainder_fraction=99.9943%, Lmin=-10.73, Lmax=-0.29
18:02:01 [ultranest] [DEBUG] iteration=1635, ncalls=9421, regioncalls=361840, ndraw=40, logz=-17.06, remainder_fraction=99.9936%, Lmin=-10.72, Lmax=-0.29
18:02:01 [ultranest] [DEBUG] iteration=1640, ncalls=9431, regioncalls=362240, ndraw=40, logz=-16.94, remainder_fraction=99.9928%, Lmin=-10.57, Lmax=-0.29
18:02:02 [ultranest] [DEBUG] iteration=1642, ncalls=9446, regioncalls=362840, ndraw=40, logz=-16.89, remainder_fraction=99.9925%, Lmin=-10.55, Lmax=-0.29
18:02:02 [ultranest] [DEBUG] iteration=1644, ncalls=9460, regioncalls=363400, ndraw=40, logz=-16.84, remainder_fraction=99.9922%, Lmin=-10.53, Lmax=-0.29
18:02:02 [ultranest] [DEBUG] iteration=1645, ncalls=9478, regioncalls=364120, ndraw=40, logz=-16.82, remainder_fraction=99.9920%, Lmin=-10.53, Lmax=-0.29
18:02:02 [ultranest] [DEBUG] iteration=1646, ncalls=9504, regioncalls=365320, ndraw=40, logz=-16.80, remainder_fraction=99.9918%, Lmin=-10.49, Lmax=-0.29
18:02:02 [ultranest] [DEBUG] iteration=1647, ncalls=9519, regioncalls=366480, ndraw=40, logz=-16.78, remainder_fraction=99.9916%, Lmin=-10.47, Lmax=-0.29
18:02:02 [ultranest] [DEBUG] iteration=1650, ncalls=9533, regioncalls=367040, ndraw=40, logz=-16.71, remainder_fraction=99.9910%, Lmin=-10.44, Lmax=-0.29
18:02:02 [ultranest] [DEBUG] iteration=1654, ncalls=9548, regioncalls=367640, ndraw=40, logz=-16.63, remainder_fraction=99.9902%, Lmin=-10.38, Lmax=-0.29
18:02:03 [ultranest] [DEBUG] iteration=1655, ncalls=9578, regioncalls=368880, ndraw=40, logz=-16.61, remainder_fraction=99.9899%, Lmin=-10.34, Lmax=-0.29
18:02:03 [ultranest] [DEBUG] iteration=1657, ncalls=9591, regioncalls=369400, ndraw=40, logz=-16.57, remainder_fraction=99.9895%, Lmin=-10.33, Lmax=-0.29
18:02:03 [ultranest] [DEBUG] iteration=1660, ncalls=9604, regioncalls=369920, ndraw=40, logz=-16.51, remainder_fraction=99.9888%, Lmin=-10.27, Lmax=-0.29
18:02:03 [ultranest] [DEBUG] iteration=1663, ncalls=9638, regioncalls=371280, ndraw=40, logz=-16.45, remainder_fraction=99.9880%, Lmin=-10.20, Lmax=-0.29
18:02:03 [ultranest] [DEBUG] iteration=1665, ncalls=9650, regioncalls=371760, ndraw=40, logz=-16.41, remainder_fraction=99.9875%, Lmin=-10.17, Lmax=-0.29
18:02:03 [ultranest] [DEBUG] iteration=1667, ncalls=9671, regioncalls=372600, ndraw=40, logz=-16.37, remainder_fraction=99.9872%, Lmin=-10.04, Lmax=-0.29
18:02:04 [ultranest] [DEBUG] iteration=1669, ncalls=9706, regioncalls=374000, ndraw=40, logz=-16.33, remainder_fraction=99.9866%, Lmin=-10.00, Lmax=-0.29
18:02:04 [ultranest] [DEBUG] iteration=1674, ncalls=9733, regioncalls=375080, ndraw=40, logz=-16.22, remainder_fraction=99.9850%, Lmin=-9.84, Lmax=-0.29
18:02:04 [ultranest] [DEBUG] iteration=1678, ncalls=9748, regioncalls=375760, ndraw=40, logz=-16.13, remainder_fraction=99.9835%, Lmin=-9.80, Lmax=-0.29
18:02:04 [ultranest] [DEBUG] iteration=1680, ncalls=9756, regioncalls=376080, ndraw=40, logz=-16.09, remainder_fraction=99.9827%, Lmin=-9.69, Lmax=-0.29
18:02:04 [ultranest] [DEBUG] iteration=1684, ncalls=9781, regioncalls=377200, ndraw=40, logz=-16.00, remainder_fraction=99.9809%, Lmin=-9.64, Lmax=-0.29
18:02:05 [ultranest] [DEBUG] iteration=1686, ncalls=9803, regioncalls=378280, ndraw=40, logz=-15.96, remainder_fraction=99.9801%, Lmin=-9.58, Lmax=-0.29
18:02:05 [ultranest] [DEBUG] iteration=1688, ncalls=9820, regioncalls=378960, ndraw=40, logz=-15.92, remainder_fraction=99.9791%, Lmin=-9.54, Lmax=-0.29
18:02:05 [ultranest] [DEBUG] iteration=1689, ncalls=9843, regioncalls=379880, ndraw=40, logz=-15.89, remainder_fraction=99.9786%, Lmin=-9.51, Lmax=-0.29
18:02:05 [ultranest] [DEBUG] iteration=1691, ncalls=9868, regioncalls=380880, ndraw=40, logz=-15.85, remainder_fraction=99.9776%, Lmin=-9.48, Lmax=-0.29
18:02:05 [ultranest] [DEBUG] iteration=1693, ncalls=9890, regioncalls=381760, ndraw=40, logz=-15.81, remainder_fraction=99.9765%, Lmin=-9.46, Lmax=-0.29
18:02:05 [ultranest] [DEBUG] iteration=1694, ncalls=9905, regioncalls=382360, ndraw=40, logz=-15.79, remainder_fraction=99.9760%, Lmin=-9.44, Lmax=-0.29
18:02:06 [ultranest] [DEBUG] iteration=1697, ncalls=9918, regioncalls=383280, ndraw=40, logz=-15.73, remainder_fraction=99.9749%, Lmin=-9.40, Lmax=-0.29
18:02:06 [ultranest] [DEBUG] iteration=1699, ncalls=9954, regioncalls=384960, ndraw=40, logz=-15.69, remainder_fraction=99.9738%, Lmin=-9.36, Lmax=-0.29
18:02:06 [ultranest] [DEBUG] iteration=1700, ncalls=9979, regioncalls=386040, ndraw=40, logz=-15.67, remainder_fraction=99.9733%, Lmin=-9.30, Lmax=-0.29
18:02:06 [ultranest] [DEBUG] iteration=1704, ncalls=9991, regioncalls=386520, ndraw=40, logz=-15.59, remainder_fraction=99.9709%, Lmin=-9.22, Lmax=-0.29
18:02:06 [ultranest] [DEBUG] iteration=1706, ncalls=10007, regioncalls=387160, ndraw=40, logz=-15.55, remainder_fraction=99.9701%, Lmin=-9.17, Lmax=-0.29
18:02:07 [ultranest] [DEBUG] iteration=1707, ncalls=10027, regioncalls=387960, ndraw=40, logz=-15.53, remainder_fraction=99.9694%, Lmin=-9.16, Lmax=-0.29
18:02:07 [ultranest] [DEBUG] iteration=1709, ncalls=10040, regioncalls=388480, ndraw=40, logz=-15.49, remainder_fraction=99.9680%, Lmin=-9.09, Lmax=-0.29
18:02:07 [ultranest] [DEBUG] iteration=1710, ncalls=10048, regioncalls=388840, ndraw=40, logz=-15.47, remainder_fraction=99.9673%, Lmin=-9.08, Lmax=-0.29
18:02:07 [ultranest] [DEBUG] iteration=1711, ncalls=10076, regioncalls=389960, ndraw=40, logz=-15.45, remainder_fraction=99.9670%, Lmin=-9.07, Lmax=-0.29
18:02:07 [ultranest] [DEBUG] iteration=1713, ncalls=10095, regioncalls=390720, ndraw=40, logz=-15.41, remainder_fraction=99.9655%, Lmin=-9.04, Lmax=-0.29
18:02:08 [ultranest] [DEBUG] iteration=1716, ncalls=10145, regioncalls=393280, ndraw=40, logz=-15.35, remainder_fraction=99.9631%, Lmin=-9.01, Lmax=-0.29
18:02:08 [ultranest] [DEBUG] iteration=1717, ncalls=10158, regioncalls=393800, ndraw=40, logz=-15.33, remainder_fraction=99.9623%, Lmin=-9.00, Lmax=-0.29
18:02:08 [ultranest] [DEBUG] iteration=1719, ncalls=10171, regioncalls=394320, ndraw=40, logz=-15.29, remainder_fraction=99.9607%, Lmin=-8.99, Lmax=-0.29
18:02:08 [ultranest] [DEBUG] iteration=1720, ncalls=10177, regioncalls=394560, ndraw=40, logz=-15.27, remainder_fraction=99.9602%, Lmin=-8.95, Lmax=-0.29
18:02:08 [ultranest] [DEBUG] iteration=1723, ncalls=10190, regioncalls=395080, ndraw=40, logz=-15.21, remainder_fraction=99.9583%, Lmin=-8.86, Lmax=-0.29
18:02:08 [ultranest] [DEBUG] iteration=1725, ncalls=10228, regioncalls=396600, ndraw=40, logz=-15.18, remainder_fraction=99.9565%, Lmin=-8.80, Lmax=-0.29
18:02:08 [ultranest] [DEBUG] iteration=1728, ncalls=10242, regioncalls=397240, ndraw=40, logz=-15.12, remainder_fraction=99.9554%, Lmin=-8.75, Lmax=-0.29
18:02:09 [ultranest] [DEBUG] iteration=1731, ncalls=10255, regioncalls=397760, ndraw=40, logz=-15.06, remainder_fraction=99.9524%, Lmin=-8.65, Lmax=-0.29
18:02:09 [ultranest] [DEBUG] iteration=1732, ncalls=10289, regioncalls=399120, ndraw=40, logz=-15.04, remainder_fraction=99.9515%, Lmin=-8.64, Lmax=-0.29
18:02:09 [ultranest] [DEBUG] iteration=1735, ncalls=10300, regioncalls=399560, ndraw=40, logz=-14.98, remainder_fraction=99.9484%, Lmin=-8.61, Lmax=-0.29
18:02:09 [ultranest] [DEBUG] iteration=1736, ncalls=10321, regioncalls=400400, ndraw=40, logz=-14.96, remainder_fraction=99.9473%, Lmin=-8.59, Lmax=-0.29
18:02:09 [ultranest] [DEBUG] iteration=1737, ncalls=10338, regioncalls=401080, ndraw=40, logz=-14.94, remainder_fraction=99.9465%, Lmin=-8.58, Lmax=-0.29
18:02:10 [ultranest] [DEBUG] iteration=1738, ncalls=10374, regioncalls=402560, ndraw=40, logz=-14.92, remainder_fraction=99.9454%, Lmin=-8.58, Lmax=-0.29
18:02:10 [ultranest] [DEBUG] iteration=1740, ncalls=10390, regioncalls=403480, ndraw=40, logz=-14.89, remainder_fraction=99.9431%, Lmin=-8.55, Lmax=-0.29
18:02:10 [ultranest] [DEBUG] iteration=1742, ncalls=10409, regioncalls=404240, ndraw=40, logz=-14.85, remainder_fraction=99.9408%, Lmin=-8.52, Lmax=-0.29
18:02:10 [ultranest] [DEBUG] iteration=1744, ncalls=10430, regioncalls=405200, ndraw=40, logz=-14.81, remainder_fraction=99.9395%, Lmin=-8.45, Lmax=-0.29
18:02:10 [ultranest] [DEBUG] iteration=1746, ncalls=10466, regioncalls=406640, ndraw=40, logz=-14.78, remainder_fraction=99.9376%, Lmin=-8.42, Lmax=-0.29
18:02:11 [ultranest] [DEBUG] iteration=1747, ncalls=10485, regioncalls=407800, ndraw=40, logz=-14.76, remainder_fraction=99.9363%, Lmin=-8.38, Lmax=-0.29
18:02:11 [ultranest] [DEBUG] iteration=1749, ncalls=10505, regioncalls=408600, ndraw=40, logz=-14.72, remainder_fraction=99.9337%, Lmin=-8.36, Lmax=-0.29
18:02:11 [ultranest] [DEBUG] iteration=1750, ncalls=10540, regioncalls=410000, ndraw=40, logz=-14.70, remainder_fraction=99.9326%, Lmin=-8.36, Lmax=-0.29
18:02:11 [ultranest] [DEBUG] iteration=1751, ncalls=10576, regioncalls=411640, ndraw=40, logz=-14.69, remainder_fraction=99.9313%, Lmin=-8.36, Lmax=-0.29
18:02:12 [ultranest] [DEBUG] iteration=1752, ncalls=10609, regioncalls=412960, ndraw=40, logz=-14.67, remainder_fraction=99.9299%, Lmin=-8.33, Lmax=-0.29
18:02:12 [ultranest] [DEBUG] iteration=1754, ncalls=10625, regioncalls=413600, ndraw=40, logz=-14.63, remainder_fraction=99.9276%, Lmin=-8.27, Lmax=-0.29
18:02:12 [ultranest] [DEBUG] iteration=1756, ncalls=10648, regioncalls=414520, ndraw=40, logz=-14.60, remainder_fraction=99.9246%, Lmin=-8.23, Lmax=-0.29
18:02:12 [ultranest] [DEBUG] iteration=1758, ncalls=10683, regioncalls=415920, ndraw=40, logz=-14.56, remainder_fraction=99.9214%, Lmin=-8.17, Lmax=-0.29
18:02:12 [ultranest] [DEBUG] iteration=1760, ncalls=10695, regioncalls=416400, ndraw=40, logz=-14.53, remainder_fraction=99.9182%, Lmin=-8.17, Lmax=-0.29
18:02:13 [ultranest] [DEBUG] iteration=1763, ncalls=10720, regioncalls=417400, ndraw=40, logz=-14.47, remainder_fraction=99.9131%, Lmin=-8.07, Lmax=-0.29
18:02:13 [ultranest] [DEBUG] iteration=1766, ncalls=10734, regioncalls=417960, ndraw=40, logz=-14.42, remainder_fraction=99.9076%, Lmin=-8.01, Lmax=-0.29
18:02:13 [ultranest] [DEBUG] iteration=1767, ncalls=10751, regioncalls=418920, ndraw=40, logz=-14.40, remainder_fraction=99.9057%, Lmin=-8.01, Lmax=-0.29
18:02:13 [ultranest] [DEBUG] iteration=1769, ncalls=10763, regioncalls=419400, ndraw=40, logz=-14.36, remainder_fraction=99.9020%, Lmin=-7.99, Lmax=-0.29
18:02:13 [ultranest] [DEBUG] iteration=1771, ncalls=10782, regioncalls=420160, ndraw=40, logz=-14.33, remainder_fraction=99.8981%, Lmin=-7.97, Lmax=-0.29
18:02:13 [ultranest] [DEBUG] iteration=1774, ncalls=10794, regioncalls=420640, ndraw=40, logz=-14.28, remainder_fraction=99.8923%, Lmin=-7.93, Lmax=-0.29
18:02:13 [ultranest] [DEBUG] iteration=1776, ncalls=10810, regioncalls=421600, ndraw=40, logz=-14.25, remainder_fraction=99.8883%, Lmin=-7.87, Lmax=-0.29
18:02:14 [ultranest] [DEBUG] iteration=1778, ncalls=10830, regioncalls=423000, ndraw=40, logz=-14.21, remainder_fraction=99.8838%, Lmin=-7.82, Lmax=-0.29
18:02:14 [ultranest] [DEBUG] iteration=1780, ncalls=10848, regioncalls=423720, ndraw=40, logz=-14.18, remainder_fraction=99.8791%, Lmin=-7.76, Lmax=-0.29
18:02:14 [ultranest] [DEBUG] iteration=1782, ncalls=10861, regioncalls=424240, ndraw=40, logz=-14.14, remainder_fraction=99.8742%, Lmin=-7.74, Lmax=-0.29
18:02:14 [ultranest] [DEBUG] iteration=1785, ncalls=10881, regioncalls=425040, ndraw=40, logz=-14.09, remainder_fraction=99.8666%, Lmin=-7.71, Lmax=-0.29
18:02:14 [ultranest] [DEBUG] iteration=1789, ncalls=10892, regioncalls=425480, ndraw=40, logz=-14.02, remainder_fraction=99.8607%, Lmin=-7.61, Lmax=-0.29
18:02:14 [ultranest] [DEBUG] iteration=1790, ncalls=10907, regioncalls=426080, ndraw=40, logz=-14.00, remainder_fraction=99.8584%, Lmin=-7.60, Lmax=-0.29
18:02:14 [ultranest] [DEBUG] iteration=1791, ncalls=10934, regioncalls=427160, ndraw=40, logz=-13.99, remainder_fraction=99.8569%, Lmin=-7.56, Lmax=-0.29
18:02:15 [ultranest] [DEBUG] iteration=1795, ncalls=10970, regioncalls=428880, ndraw=40, logz=-13.92, remainder_fraction=99.8457%, Lmin=-7.53, Lmax=-0.29
18:02:15 [ultranest] [DEBUG] iteration=1797, ncalls=10987, regioncalls=429560, ndraw=40, logz=-13.89, remainder_fraction=99.8398%, Lmin=-7.51, Lmax=-0.29
18:02:15 [ultranest] [DEBUG] iteration=1798, ncalls=11014, regioncalls=430680, ndraw=40, logz=-13.87, remainder_fraction=99.8368%, Lmin=-7.50, Lmax=-0.29
18:02:15 [ultranest] [DEBUG] iteration=1799, ncalls=11033, regioncalls=431520, ndraw=40, logz=-13.85, remainder_fraction=99.8338%, Lmin=-7.49, Lmax=-0.29
18:02:15 [ultranest] [DEBUG] iteration=1800, ncalls=11049, regioncalls=432280, ndraw=40, logz=-13.84, remainder_fraction=99.8321%, Lmin=-7.48, Lmax=-0.29
18:02:16 [ultranest] [DEBUG] iteration=1802, ncalls=11075, regioncalls=433480, ndraw=40, logz=-13.81, remainder_fraction=99.8262%, Lmin=-7.46, Lmax=-0.29
18:02:16 [ultranest] [DEBUG] iteration=1804, ncalls=11087, regioncalls=433960, ndraw=40, logz=-13.78, remainder_fraction=99.8200%, Lmin=-7.45, Lmax=-0.29
18:02:16 [ultranest] [DEBUG] iteration=1805, ncalls=11128, regioncalls=435640, ndraw=40, logz=-13.76, remainder_fraction=99.8168%, Lmin=-7.45, Lmax=-0.29
18:02:16 [ultranest] [DEBUG] iteration=1807, ncalls=11154, regioncalls=436680, ndraw=40, logz=-13.73, remainder_fraction=99.8139%, Lmin=-7.42, Lmax=-0.29
18:02:17 [ultranest] [DEBUG] iteration=1810, ncalls=11183, regioncalls=437840, ndraw=40, logz=-13.69, remainder_fraction=99.8041%, Lmin=-7.41, Lmax=-0.29
18:02:17 [ultranest] [DEBUG] iteration=1812, ncalls=11199, regioncalls=438520, ndraw=40, logz=-13.66, remainder_fraction=99.7975%, Lmin=-7.38, Lmax=-0.29
18:02:17 [ultranest] [DEBUG] iteration=1814, ncalls=11220, regioncalls=439360, ndraw=40, logz=-13.63, remainder_fraction=99.7907%, Lmin=-7.37, Lmax=-0.29
18:02:17 [ultranest] [DEBUG] iteration=1819, ncalls=11244, regioncalls=440320, ndraw=40, logz=-13.56, remainder_fraction=99.7736%, Lmin=-7.33, Lmax=-0.29
18:02:17 [ultranest] [DEBUG] iteration=1821, ncalls=11257, regioncalls=440840, ndraw=40, logz=-13.53, remainder_fraction=99.7664%, Lmin=-7.32, Lmax=-0.29
18:02:17 [ultranest] [DEBUG] iteration=1822, ncalls=11280, regioncalls=441800, ndraw=40, logz=-13.52, remainder_fraction=99.7641%, Lmin=-7.31, Lmax=-0.29
18:02:18 [ultranest] [DEBUG] iteration=1826, ncalls=11293, regioncalls=442320, ndraw=40, logz=-13.47, remainder_fraction=99.7501%, Lmin=-7.24, Lmax=-0.29
18:02:18 [ultranest] [DEBUG] iteration=1828, ncalls=11307, regioncalls=443560, ndraw=40, logz=-13.44, remainder_fraction=99.7440%, Lmin=-7.24, Lmax=-0.29
18:02:18 [ultranest] [DEBUG] iteration=1829, ncalls=11346, regioncalls=445440, ndraw=40, logz=-13.43, remainder_fraction=99.7406%, Lmin=-7.21, Lmax=-0.29
18:02:18 [ultranest] [DEBUG] iteration=1831, ncalls=11397, regioncalls=447680, ndraw=40, logz=-13.40, remainder_fraction=99.7326%, Lmin=-7.20, Lmax=-0.29
18:02:19 [ultranest] [DEBUG] iteration=1833, ncalls=11425, regioncalls=448840, ndraw=40, logz=-13.38, remainder_fraction=99.7246%, Lmin=-7.19, Lmax=-0.29
18:02:19 [ultranest] [DEBUG] iteration=1835, ncalls=11450, regioncalls=450000, ndraw=40, logz=-13.35, remainder_fraction=99.7193%, Lmin=-7.14, Lmax=-0.29
18:02:19 [ultranest] [DEBUG] iteration=1837, ncalls=11466, regioncalls=450640, ndraw=40, logz=-13.33, remainder_fraction=99.7112%, Lmin=-7.12, Lmax=-0.29
18:02:19 [ultranest] [DEBUG] iteration=1839, ncalls=11481, regioncalls=451240, ndraw=40, logz=-13.30, remainder_fraction=99.7078%, Lmin=-7.08, Lmax=-0.29
18:02:19 [ultranest] [DEBUG] iteration=1840, ncalls=11482, regioncalls=451280, ndraw=40, logz=-13.29, remainder_fraction=99.7034%, Lmin=-7.08, Lmax=-0.29
18:02:19 [ultranest] [DEBUG] iteration=1844, ncalls=11497, regioncalls=451920, ndraw=40, logz=-13.24, remainder_fraction=99.6857%, Lmin=-7.04, Lmax=-0.29
18:02:20 [ultranest] [DEBUG] iteration=1846, ncalls=11519, regioncalls=453240, ndraw=40, logz=-13.22, remainder_fraction=99.6768%, Lmin=-7.01, Lmax=-0.29
18:02:20 [ultranest] [DEBUG] iteration=1848, ncalls=11534, regioncalls=453840, ndraw=40, logz=-13.19, remainder_fraction=99.6676%, Lmin=-6.96, Lmax=-0.29
18:02:20 [ultranest] [DEBUG] iteration=1850, ncalls=11565, regioncalls=455080, ndraw=40, logz=-13.17, remainder_fraction=99.6576%, Lmin=-6.92, Lmax=-0.29
18:02:20 [ultranest] [DEBUG] iteration=1852, ncalls=11577, regioncalls=455600, ndraw=40, logz=-13.14, remainder_fraction=99.6483%, Lmin=-6.91, Lmax=-0.29
18:02:20 [ultranest] [DEBUG] iteration=1854, ncalls=11607, regioncalls=456800, ndraw=40, logz=-13.12, remainder_fraction=99.6392%, Lmin=-6.90, Lmax=-0.29
18:02:21 [ultranest] [DEBUG] iteration=1856, ncalls=11639, regioncalls=458160, ndraw=40, logz=-13.09, remainder_fraction=99.6300%, Lmin=-6.88, Lmax=-0.29
18:02:21 [ultranest] [DEBUG] iteration=1858, ncalls=11653, regioncalls=458840, ndraw=40, logz=-13.07, remainder_fraction=99.6217%, Lmin=-6.87, Lmax=-0.29
18:02:21 [ultranest] [DEBUG] iteration=1860, ncalls=11677, regioncalls=459800, ndraw=40, logz=-13.05, remainder_fraction=99.6138%, Lmin=-6.83, Lmax=-0.29
18:02:21 [ultranest] [DEBUG] iteration=1861, ncalls=11715, regioncalls=461320, ndraw=40, logz=-13.04, remainder_fraction=99.6100%, Lmin=-6.82, Lmax=-0.29
18:02:21 [ultranest] [DEBUG] iteration=1862, ncalls=11730, regioncalls=461920, ndraw=40, logz=-13.02, remainder_fraction=99.6044%, Lmin=-6.77, Lmax=-0.29
18:02:21 [ultranest] [DEBUG] iteration=1863, ncalls=11747, regioncalls=462600, ndraw=40, logz=-13.01, remainder_fraction=99.5986%, Lmin=-6.76, Lmax=-0.29
18:02:22 [ultranest] [DEBUG] iteration=1865, ncalls=11774, regioncalls=463680, ndraw=40, logz=-12.99, remainder_fraction=99.5870%, Lmin=-6.74, Lmax=-0.29
18:02:22 [ultranest] [DEBUG] iteration=1868, ncalls=11786, regioncalls=464200, ndraw=40, logz=-12.95, remainder_fraction=99.5707%, Lmin=-6.71, Lmax=-0.29
18:02:22 [ultranest] [DEBUG] iteration=1870, ncalls=11810, regioncalls=465240, ndraw=40, logz=-12.93, remainder_fraction=99.5587%, Lmin=-6.68, Lmax=-0.29
18:02:22 [ultranest] [DEBUG] iteration=1871, ncalls=11842, regioncalls=466520, ndraw=40, logz=-12.91, remainder_fraction=99.5524%, Lmin=-6.67, Lmax=-0.29
18:02:23 [ultranest] [DEBUG] iteration=1875, ncalls=11894, regioncalls=468600, ndraw=40, logz=-12.87, remainder_fraction=99.5283%, Lmin=-6.63, Lmax=-0.29
18:02:23 [ultranest] [DEBUG] iteration=1877, ncalls=11908, regioncalls=469160, ndraw=40, logz=-12.84, remainder_fraction=99.5236%, Lmin=-6.62, Lmax=-0.29
18:02:23 [ultranest] [DEBUG] iteration=1878, ncalls=11934, regioncalls=470520, ndraw=40, logz=-12.83, remainder_fraction=99.5175%, Lmin=-6.61, Lmax=-0.29
18:02:23 [ultranest] [DEBUG] iteration=1880, ncalls=11947, regioncalls=471040, ndraw=40, logz=-12.81, remainder_fraction=99.5055%, Lmin=-6.60, Lmax=-0.29
18:02:23 [ultranest] [DEBUG] iteration=1881, ncalls=11962, regioncalls=471800, ndraw=40, logz=-12.80, remainder_fraction=99.4992%, Lmin=-6.57, Lmax=-0.29
18:02:24 [ultranest] [DEBUG] iteration=1884, ncalls=12007, regioncalls=473880, ndraw=40, logz=-12.76, remainder_fraction=99.4808%, Lmin=-6.55, Lmax=-0.29
18:02:24 [ultranest] [DEBUG] iteration=1885, ncalls=12021, regioncalls=474440, ndraw=40, logz=-12.75, remainder_fraction=99.4737%, Lmin=-6.54, Lmax=-0.29
18:02:24 [ultranest] [DEBUG] iteration=1888, ncalls=12046, regioncalls=475440, ndraw=40, logz=-12.72, remainder_fraction=99.4580%, Lmin=-6.51, Lmax=-0.29
18:02:24 [ultranest] [DEBUG] iteration=1890, ncalls=12055, regioncalls=475800, ndraw=40, logz=-12.70, remainder_fraction=99.4482%, Lmin=-6.49, Lmax=-0.29
18:02:24 [ultranest] [DEBUG] iteration=1891, ncalls=12084, regioncalls=476960, ndraw=40, logz=-12.69, remainder_fraction=99.4409%, Lmin=-6.48, Lmax=-0.29
18:02:24 [ultranest] [DEBUG] iteration=1893, ncalls=12098, regioncalls=477880, ndraw=40, logz=-12.67, remainder_fraction=99.4279%, Lmin=-6.47, Lmax=-0.29
18:02:25 [ultranest] [DEBUG] iteration=1895, ncalls=12124, regioncalls=479080, ndraw=40, logz=-12.64, remainder_fraction=99.4200%, Lmin=-6.42, Lmax=-0.29
18:02:25 [ultranest] [DEBUG] iteration=1898, ncalls=12148, regioncalls=480240, ndraw=40, logz=-12.61, remainder_fraction=99.3970%, Lmin=-6.39, Lmax=-0.29
18:02:25 [ultranest] [DEBUG] iteration=1901, ncalls=12167, regioncalls=481000, ndraw=40, logz=-12.58, remainder_fraction=99.3728%, Lmin=-6.38, Lmax=-0.29
18:02:25 [ultranest] [DEBUG] iteration=1903, ncalls=12180, regioncalls=481520, ndraw=40, logz=-12.56, remainder_fraction=99.3613%, Lmin=-6.35, Lmax=-0.29
18:02:25 [ultranest] [DEBUG] iteration=1904, ncalls=12194, regioncalls=482240, ndraw=40, logz=-12.55, remainder_fraction=99.3531%, Lmin=-6.33, Lmax=-0.29
18:02:25 [ultranest] [DEBUG] iteration=1905, ncalls=12218, regioncalls=483200, ndraw=40, logz=-12.54, remainder_fraction=99.3455%, Lmin=-6.32, Lmax=-0.29
18:02:26 [ultranest] [DEBUG] iteration=1907, ncalls=12230, regioncalls=483680, ndraw=40, logz=-12.52, remainder_fraction=99.3299%, Lmin=-6.31, Lmax=-0.29
18:02:26 [ultranest] [DEBUG] iteration=1911, ncalls=12260, regioncalls=484880, ndraw=40, logz=-12.47, remainder_fraction=99.3054%, Lmin=-6.25, Lmax=-0.29
18:02:26 [ultranest] [DEBUG] iteration=1912, ncalls=12303, regioncalls=486880, ndraw=40, logz=-12.46, remainder_fraction=99.2972%, Lmin=-6.24, Lmax=-0.29
18:02:26 [ultranest] [DEBUG] iteration=1913, ncalls=12335, regioncalls=488160, ndraw=40, logz=-12.45, remainder_fraction=99.2904%, Lmin=-6.24, Lmax=-0.29
18:02:27 [ultranest] [DEBUG] iteration=1915, ncalls=12369, regioncalls=489520, ndraw=40, logz=-12.43, remainder_fraction=99.2761%, Lmin=-6.22, Lmax=-0.29
18:02:27 [ultranest] [DEBUG] iteration=1917, ncalls=12384, regioncalls=490120, ndraw=40, logz=-12.41, remainder_fraction=99.2581%, Lmin=-6.21, Lmax=-0.29
18:02:27 [ultranest] [DEBUG] iteration=1918, ncalls=12416, regioncalls=491600, ndraw=40, logz=-12.40, remainder_fraction=99.2487%, Lmin=-6.21, Lmax=-0.29
18:02:27 [ultranest] [DEBUG] iteration=1919, ncalls=12428, regioncalls=492200, ndraw=40, logz=-12.39, remainder_fraction=99.2412%, Lmin=-6.20, Lmax=-0.29
18:02:27 [ultranest] [DEBUG] iteration=1920, ncalls=12436, regioncalls=492520, ndraw=40, logz=-12.38, remainder_fraction=99.2318%, Lmin=-6.19, Lmax=-0.29
18:02:28 [ultranest] [DEBUG] iteration=1923, ncalls=12458, regioncalls=493400, ndraw=40, logz=-12.35, remainder_fraction=99.2070%, Lmin=-6.17, Lmax=-0.29
18:02:28 [ultranest] [DEBUG] iteration=1925, ncalls=12485, regioncalls=494480, ndraw=40, logz=-12.33, remainder_fraction=99.1924%, Lmin=-6.16, Lmax=-0.29
18:02:28 [ultranest] [DEBUG] iteration=1926, ncalls=12510, regioncalls=495480, ndraw=40, logz=-12.32, remainder_fraction=99.1829%, Lmin=-6.16, Lmax=-0.29
18:02:28 [ultranest] [DEBUG] iteration=1927, ncalls=12537, regioncalls=496640, ndraw=40, logz=-12.31, remainder_fraction=99.1731%, Lmin=-6.15, Lmax=-0.29
18:02:28 [ultranest] [DEBUG] iteration=1929, ncalls=12555, regioncalls=497480, ndraw=40, logz=-12.29, remainder_fraction=99.1534%, Lmin=-6.15, Lmax=-0.29
18:02:29 [ultranest] [DEBUG] iteration=1931, ncalls=12573, regioncalls=498200, ndraw=40, logz=-12.27, remainder_fraction=99.1343%, Lmin=-6.14, Lmax=-0.29
18:02:29 [ultranest] [DEBUG] iteration=1932, ncalls=12591, regioncalls=498960, ndraw=40, logz=-12.27, remainder_fraction=99.1243%, Lmin=-6.14, Lmax=-0.29
18:02:29 [ultranest] [DEBUG] iteration=1933, ncalls=12615, regioncalls=499920, ndraw=40, logz=-12.26, remainder_fraction=99.1152%, Lmin=-6.13, Lmax=-0.29
18:02:29 [ultranest] [DEBUG] iteration=1934, ncalls=12645, regioncalls=501160, ndraw=40, logz=-12.25, remainder_fraction=99.1052%, Lmin=-6.12, Lmax=-0.29
18:02:29 [ultranest] [DEBUG] iteration=1935, ncalls=12660, regioncalls=501760, ndraw=40, logz=-12.24, remainder_fraction=99.0949%, Lmin=-6.12, Lmax=-0.29
18:02:29 [ultranest] [DEBUG] iteration=1939, ncalls=12675, regioncalls=502360, ndraw=40, logz=-12.20, remainder_fraction=99.0581%, Lmin=-6.09, Lmax=-0.29
18:02:30 [ultranest] [DEBUG] iteration=1942, ncalls=12687, regioncalls=503120, ndraw=40, logz=-12.18, remainder_fraction=99.0271%, Lmin=-6.07, Lmax=-0.29
18:02:30 [ultranest] [DEBUG] iteration=1944, ncalls=12752, regioncalls=506040, ndraw=40, logz=-12.16, remainder_fraction=99.0078%, Lmin=-6.06, Lmax=-0.29
18:02:30 [ultranest] [DEBUG] iteration=1945, ncalls=12780, regioncalls=507160, ndraw=40, logz=-12.15, remainder_fraction=99.0164%, Lmin=-6.06, Lmax=-0.29
18:02:30 [ultranest] [DEBUG] iteration=1947, ncalls=12791, regioncalls=507600, ndraw=40, logz=-12.13, remainder_fraction=98.9951%, Lmin=-6.04, Lmax=-0.29
18:02:31 [ultranest] [DEBUG] iteration=1948, ncalls=12819, regioncalls=508960, ndraw=40, logz=-12.13, remainder_fraction=98.9863%, Lmin=-6.04, Lmax=-0.29
18:02:31 [ultranest] [DEBUG] iteration=1950, ncalls=12830, regioncalls=509400, ndraw=40, logz=-12.11, remainder_fraction=98.9645%, Lmin=-6.03, Lmax=-0.29
18:02:31 [ultranest] [DEBUG] iteration=1952, ncalls=12845, regioncalls=510000, ndraw=40, logz=-12.09, remainder_fraction=98.9507%, Lmin=-6.03, Lmax=-0.29
18:02:31 [ultranest] [DEBUG] iteration=1953, ncalls=12859, regioncalls=510560, ndraw=40, logz=-12.08, remainder_fraction=98.9421%, Lmin=-6.02, Lmax=-0.29
18:02:31 [ultranest] [DEBUG] iteration=1954, ncalls=12899, regioncalls=512400, ndraw=40, logz=-12.08, remainder_fraction=98.9314%, Lmin=-6.02, Lmax=-0.29
18:02:32 [ultranest] [DEBUG] iteration=1955, ncalls=12930, regioncalls=513640, ndraw=40, logz=-12.07, remainder_fraction=98.9221%, Lmin=-6.01, Lmax=-0.29
18:02:32 [ultranest] [DEBUG] iteration=1957, ncalls=12977, regioncalls=515680, ndraw=40, logz=-12.05, remainder_fraction=98.9033%, Lmin=-5.99, Lmax=-0.29
18:02:32 [ultranest] [DEBUG] iteration=1959, ncalls=12993, regioncalls=516360, ndraw=40, logz=-12.04, remainder_fraction=98.8993%, Lmin=-5.97, Lmax=-0.29
18:02:32 [ultranest] [DEBUG] iteration=1960, ncalls=13020, regioncalls=517440, ndraw=40, logz=-12.03, remainder_fraction=98.8932%, Lmin=-5.96, Lmax=-0.29
18:02:32 [ultranest] [DEBUG] iteration=1961, ncalls=13035, regioncalls=518200, ndraw=40, logz=-12.02, remainder_fraction=98.8818%, Lmin=-5.91, Lmax=-0.29
18:02:33 [ultranest] [DEBUG] iteration=1962, ncalls=13108, regioncalls=521480, ndraw=40, logz=-12.01, remainder_fraction=98.8700%, Lmin=-5.91, Lmax=-0.29
18:02:33 [ultranest] [DEBUG] iteration=1966, ncalls=13121, regioncalls=522000, ndraw=40, logz=-11.98, remainder_fraction=98.8280%, Lmin=-5.87, Lmax=-0.29
18:02:33 [ultranest] [DEBUG] iteration=1967, ncalls=13144, regioncalls=522920, ndraw=40, logz=-11.97, remainder_fraction=98.8160%, Lmin=-5.86, Lmax=-0.29
18:02:34 [ultranest] [DEBUG] iteration=1969, ncalls=13175, regioncalls=524200, ndraw=40, logz=-11.95, remainder_fraction=98.8185%, Lmin=-5.81, Lmax=-0.29
18:02:34 [ultranest] [DEBUG] iteration=1971, ncalls=13190, regioncalls=525120, ndraw=40, logz=-11.94, remainder_fraction=98.8139%, Lmin=-5.80, Lmax=-0.29
18:02:34 [ultranest] [DEBUG] iteration=1974, ncalls=13215, regioncalls=526440, ndraw=40, logz=-11.91, remainder_fraction=98.7802%, Lmin=-5.78, Lmax=-0.29
18:02:34 [ultranest] [DEBUG] iteration=1976, ncalls=13229, regioncalls=527000, ndraw=40, logz=-11.90, remainder_fraction=98.7679%, Lmin=-5.73, Lmax=-0.29
18:02:34 [ultranest] [DEBUG] iteration=1977, ncalls=13244, regioncalls=527600, ndraw=40, logz=-11.89, remainder_fraction=98.7545%, Lmin=-5.71, Lmax=-0.29
18:02:35 [ultranest] [DEBUG] iteration=1979, ncalls=13269, regioncalls=528600, ndraw=40, logz=-11.87, remainder_fraction=98.7344%, Lmin=-5.68, Lmax=-0.29
18:02:35 [ultranest] [DEBUG] iteration=1980, ncalls=13271, regioncalls=528680, ndraw=40, logz=-11.86, remainder_fraction=98.7217%, Lmin=-5.67, Lmax=-0.29
18:02:35 [ultranest] [DEBUG] iteration=1983, ncalls=13298, regioncalls=530120, ndraw=40, logz=-11.84, remainder_fraction=98.6851%, Lmin=-5.62, Lmax=-0.29
18:02:35 [ultranest] [DEBUG] iteration=1984, ncalls=13327, regioncalls=531360, ndraw=40, logz=-11.83, remainder_fraction=98.6724%, Lmin=-5.62, Lmax=-0.29
18:02:35 [ultranest] [DEBUG] iteration=1986, ncalls=13341, regioncalls=532160, ndraw=40, logz=-11.81, remainder_fraction=98.6435%, Lmin=-5.61, Lmax=-0.29
18:02:36 [ultranest] [DEBUG] iteration=1987, ncalls=13361, regioncalls=533440, ndraw=40, logz=-11.80, remainder_fraction=98.6297%, Lmin=-5.60, Lmax=-0.29
18:02:36 [ultranest] [DEBUG] iteration=1988, ncalls=13380, regioncalls=534600, ndraw=40, logz=-11.79, remainder_fraction=98.6149%, Lmin=-5.60, Lmax=-0.29
18:02:36 [ultranest] [DEBUG] iteration=1991, ncalls=13396, regioncalls=535240, ndraw=40, logz=-11.77, remainder_fraction=98.5879%, Lmin=-5.58, Lmax=-0.29
18:02:37 [ultranest] [DEBUG] iteration=1993, ncalls=13433, regioncalls=536880, ndraw=40, logz=-11.75, remainder_fraction=98.5598%, Lmin=-5.56, Lmax=-0.29
18:02:37 [ultranest] [DEBUG] iteration=1996, ncalls=13455, regioncalls=537760, ndraw=40, logz=-11.73, remainder_fraction=98.5310%, Lmin=-5.54, Lmax=-0.29
18:02:38 [ultranest] [DEBUG] iteration=1997, ncalls=13515, regioncalls=540560, ndraw=40, logz=-11.72, remainder_fraction=98.5181%, Lmin=-5.54, Lmax=-0.29
18:02:38 [ultranest] [DEBUG] iteration=2000, ncalls=13526, regioncalls=541080, ndraw=40, logz=-11.69, remainder_fraction=98.5014%, Lmin=-5.52, Lmax=-0.29
18:02:39 [ultranest] [DEBUG] iteration=2001, ncalls=13531, regioncalls=541280, ndraw=40, logz=-11.69, remainder_fraction=98.4857%, Lmin=-5.51, Lmax=-0.29
18:02:39 [ultranest] [DEBUG] iteration=2003, ncalls=13565, regioncalls=542640, ndraw=40, logz=-11.67, remainder_fraction=98.4663%, Lmin=-5.51, Lmax=-0.29
18:02:39 [ultranest] [DEBUG] iteration=2005, ncalls=13595, regioncalls=544120, ndraw=40, logz=-11.65, remainder_fraction=98.4482%, Lmin=-5.49, Lmax=-0.29
18:02:39 [ultranest] [DEBUG] iteration=2006, ncalls=13614, regioncalls=545120, ndraw=40, logz=-11.65, remainder_fraction=98.4331%, Lmin=-5.49, Lmax=-0.29
18:02:40 [ultranest] [DEBUG] iteration=2009, ncalls=13645, regioncalls=546480, ndraw=40, logz=-11.62, remainder_fraction=98.3871%, Lmin=-5.48, Lmax=-0.29
18:02:40 [ultranest] [DEBUG] iteration=2010, ncalls=13667, regioncalls=547880, ndraw=40, logz=-11.61, remainder_fraction=98.3716%, Lmin=-5.47, Lmax=-0.29
18:02:40 [ultranest] [DEBUG] iteration=2011, ncalls=13684, regioncalls=548920, ndraw=40, logz=-11.61, remainder_fraction=98.3555%, Lmin=-5.46, Lmax=-0.29
18:02:40 [ultranest] [DEBUG] iteration=2014, ncalls=13700, regioncalls=549680, ndraw=40, logz=-11.58, remainder_fraction=98.3138%, Lmin=-5.42, Lmax=-0.29
18:02:40 [ultranest] [DEBUG] iteration=2015, ncalls=13723, regioncalls=550720, ndraw=40, logz=-11.58, remainder_fraction=98.2984%, Lmin=-5.42, Lmax=-0.29
18:02:40 [ultranest] [DEBUG] iteration=2019, ncalls=13735, regioncalls=551600, ndraw=40, logz=-11.55, remainder_fraction=98.2320%, Lmin=-5.40, Lmax=-0.29
18:02:41 [ultranest] [DEBUG] iteration=2020, ncalls=13748, regioncalls=552200, ndraw=40, logz=-11.54, remainder_fraction=98.2148%, Lmin=-5.40, Lmax=-0.29
18:02:43 [ultranest] [DEBUG] iteration=2021, ncalls=13759, regioncalls=552720, ndraw=40, logz=-11.53, remainder_fraction=98.2001%, Lmin=-5.39, Lmax=-0.29
18:02:44 [ultranest] [DEBUG] iteration=2022, ncalls=13773, regioncalls=553320, ndraw=40, logz=-11.52, remainder_fraction=98.1827%, Lmin=-5.39, Lmax=-0.29
18:02:44 [ultranest] [DEBUG] iteration=2024, ncalls=13796, regioncalls=554440, ndraw=40, logz=-11.51, remainder_fraction=98.1476%, Lmin=-5.37, Lmax=-0.29
18:02:44 [ultranest] [DEBUG] iteration=2025, ncalls=13809, regioncalls=555520, ndraw=40, logz=-11.50, remainder_fraction=98.1297%, Lmin=-5.36, Lmax=-0.29
18:02:44 [ultranest] [DEBUG] iteration=2027, ncalls=13833, regioncalls=556800, ndraw=40, logz=-11.49, remainder_fraction=98.1197%, Lmin=-5.34, Lmax=-0.29
18:02:45 [ultranest] [DEBUG] iteration=2029, ncalls=13851, regioncalls=557600, ndraw=40, logz=-11.47, remainder_fraction=98.0849%, Lmin=-5.33, Lmax=-0.29
18:02:45 [ultranest] [DEBUG] iteration=2032, ncalls=13877, regioncalls=558960, ndraw=40, logz=-11.45, remainder_fraction=98.0468%, Lmin=-5.29, Lmax=-0.29
18:02:46 [ultranest] [DEBUG] iteration=2034, ncalls=13916, regioncalls=561040, ndraw=40, logz=-11.44, remainder_fraction=98.0151%, Lmin=-5.28, Lmax=-0.29
18:02:46 [ultranest] [DEBUG] iteration=2036, ncalls=13930, regioncalls=561600, ndraw=40, logz=-11.42, remainder_fraction=97.9969%, Lmin=-5.27, Lmax=-0.29
18:02:46 [ultranest] [DEBUG] iteration=2039, ncalls=13945, regioncalls=562200, ndraw=40, logz=-11.40, remainder_fraction=97.9417%, Lmin=-5.24, Lmax=-0.29
18:02:46 [ultranest] [DEBUG] iteration=2040, ncalls=13951, regioncalls=562760, ndraw=40, logz=-11.39, remainder_fraction=97.9346%, Lmin=-5.23, Lmax=-0.29
18:02:46 [ultranest] [DEBUG] iteration=2041, ncalls=13962, regioncalls=563440, ndraw=40, logz=-11.39, remainder_fraction=97.9165%, Lmin=-5.23, Lmax=-0.29
18:02:46 [ultranest] [DEBUG] iteration=2044, ncalls=13989, regioncalls=564640, ndraw=40, logz=-11.36, remainder_fraction=97.8701%, Lmin=-5.20, Lmax=-0.27
18:02:47 [ultranest] [DEBUG] iteration=2046, ncalls=14013, regioncalls=565600, ndraw=40, logz=-11.35, remainder_fraction=97.8757%, Lmin=-5.18, Lmax=-0.27
18:02:47 [ultranest] [DEBUG] iteration=2048, ncalls=14033, regioncalls=566400, ndraw=40, logz=-11.34, remainder_fraction=97.8400%, Lmin=-5.18, Lmax=-0.27
18:02:47 [ultranest] [DEBUG] iteration=2050, ncalls=14059, regioncalls=567920, ndraw=40, logz=-11.32, remainder_fraction=97.7995%, Lmin=-5.17, Lmax=-0.27
18:02:47 [ultranest] [DEBUG] iteration=2053, ncalls=14091, regioncalls=569320, ndraw=40, logz=-11.30, remainder_fraction=97.7596%, Lmin=-5.13, Lmax=-0.27
18:02:48 [ultranest] [DEBUG] iteration=2055, ncalls=14159, regioncalls=572440, ndraw=40, logz=-11.29, remainder_fraction=97.7207%, Lmin=-5.11, Lmax=-0.27
18:02:48 [ultranest] [DEBUG] iteration=2057, ncalls=14172, regioncalls=572960, ndraw=40, logz=-11.27, remainder_fraction=97.6786%, Lmin=-5.10, Lmax=-0.27
18:02:48 [ultranest] [DEBUG] iteration=2060, ncalls=14192, regioncalls=573880, ndraw=40, logz=-11.25, remainder_fraction=97.6394%, Lmin=-5.08, Lmax=-0.27
18:02:48 [ultranest] [DEBUG] iteration=2062, ncalls=14230, regioncalls=576040, ndraw=40, logz=-11.24, remainder_fraction=97.5962%, Lmin=-5.07, Lmax=-0.27
18:02:49 [ultranest] [DEBUG] iteration=2064, ncalls=14247, regioncalls=577000, ndraw=40, logz=-11.22, remainder_fraction=97.5527%, Lmin=-5.05, Lmax=-0.27
18:02:49 [ultranest] [DEBUG] iteration=2067, ncalls=14275, regioncalls=578240, ndraw=40, logz=-11.20, remainder_fraction=97.5304%, Lmin=-5.03, Lmax=-0.27
18:02:49 [ultranest] [DEBUG] iteration=2069, ncalls=14292, regioncalls=578920, ndraw=40, logz=-11.19, remainder_fraction=97.4969%, Lmin=-5.03, Lmax=-0.27
18:02:49 [ultranest] [DEBUG] iteration=2071, ncalls=14316, regioncalls=579920, ndraw=40, logz=-11.18, remainder_fraction=97.4567%, Lmin=-5.02, Lmax=-0.27
18:02:49 [ultranest] [DEBUG] iteration=2072, ncalls=14338, regioncalls=580840, ndraw=40, logz=-11.17, remainder_fraction=97.4353%, Lmin=-5.01, Lmax=-0.27
18:02:49 [ultranest] [DEBUG] iteration=2073, ncalls=14354, regioncalls=581760, ndraw=40, logz=-11.16, remainder_fraction=97.4125%, Lmin=-5.01, Lmax=-0.27
18:02:50 [ultranest] [DEBUG] iteration=2075, ncalls=14358, regioncalls=581920, ndraw=40, logz=-11.15, remainder_fraction=97.3799%, Lmin=-4.99, Lmax=-0.27
18:02:50 [ultranest] [DEBUG] iteration=2077, ncalls=14398, regioncalls=583800, ndraw=40, logz=-11.14, remainder_fraction=97.3556%, Lmin=-4.98, Lmax=-0.27
18:02:50 [ultranest] [DEBUG] iteration=2078, ncalls=14440, regioncalls=585920, ndraw=40, logz=-11.13, remainder_fraction=97.3542%, Lmin=-4.97, Lmax=-0.27
18:02:51 [ultranest] [DEBUG] iteration=2079, ncalls=14460, regioncalls=586760, ndraw=40, logz=-11.12, remainder_fraction=97.3317%, Lmin=-4.94, Lmax=-0.27
18:02:51 [ultranest] [DEBUG] iteration=2080, ncalls=14478, regioncalls=587480, ndraw=40, logz=-11.12, remainder_fraction=97.3297%, Lmin=-4.93, Lmax=-0.27
18:02:51 [ultranest] [DEBUG] iteration=2081, ncalls=14497, regioncalls=588240, ndraw=40, logz=-11.11, remainder_fraction=97.3137%, Lmin=-4.93, Lmax=-0.27
18:02:51 [ultranest] [DEBUG] iteration=2083, ncalls=14513, regioncalls=589200, ndraw=40, logz=-11.10, remainder_fraction=97.2658%, Lmin=-4.92, Lmax=-0.27
18:02:51 [ultranest] [DEBUG] iteration=2086, ncalls=14536, regioncalls=590640, ndraw=40, logz=-11.08, remainder_fraction=97.2004%, Lmin=-4.91, Lmax=-0.27
18:02:52 [ultranest] [DEBUG] iteration=2087, ncalls=14556, regioncalls=592400, ndraw=40, logz=-11.07, remainder_fraction=97.1852%, Lmin=-4.91, Lmax=-0.27
18:02:52 [ultranest] [DEBUG] iteration=2089, ncalls=14571, regioncalls=593320, ndraw=40, logz=-11.06, remainder_fraction=97.1619%, Lmin=-4.89, Lmax=-0.27
18:02:52 [ultranest] [DEBUG] iteration=2090, ncalls=14591, regioncalls=594560, ndraw=40, logz=-11.05, remainder_fraction=97.1383%, Lmin=-4.89, Lmax=-0.27
18:02:52 [ultranest] [DEBUG] iteration=2092, ncalls=14618, regioncalls=595800, ndraw=40, logz=-11.04, remainder_fraction=97.1204%, Lmin=-4.88, Lmax=-0.27
18:02:52 [ultranest] [DEBUG] iteration=2093, ncalls=14649, regioncalls=597280, ndraw=40, logz=-11.03, remainder_fraction=97.0983%, Lmin=-4.87, Lmax=-0.27
18:02:53 [ultranest] [DEBUG] iteration=2094, ncalls=14651, regioncalls=597400, ndraw=40, logz=-11.03, remainder_fraction=97.0838%, Lmin=-4.87, Lmax=-0.27
18:02:53 [ultranest] [DEBUG] iteration=2095, ncalls=14653, regioncalls=597560, ndraw=40, logz=-11.02, remainder_fraction=97.0678%, Lmin=-4.87, Lmax=-0.27
18:02:53 [ultranest] [DEBUG] iteration=2096, ncalls=14684, regioncalls=598840, ndraw=40, logz=-11.01, remainder_fraction=97.0614%, Lmin=-4.87, Lmax=-0.27
18:02:53 [ultranest] [DEBUG] iteration=2098, ncalls=14714, regioncalls=600320, ndraw=40, logz=-11.00, remainder_fraction=97.0143%, Lmin=-4.87, Lmax=-0.27
18:02:53 [ultranest] [DEBUG] iteration=2099, ncalls=14734, regioncalls=601360, ndraw=40, logz=-11.00, remainder_fraction=96.9898%, Lmin=-4.86, Lmax=-0.27
18:02:54 [ultranest] [DEBUG] iteration=2100, ncalls=14746, regioncalls=601880, ndraw=40, logz=-10.99, remainder_fraction=96.9653%, Lmin=-4.86, Lmax=-0.27
18:02:54 [ultranest] [DEBUG] iteration=2104, ncalls=14761, regioncalls=602520, ndraw=40, logz=-10.97, remainder_fraction=96.9206%, Lmin=-4.84, Lmax=-0.27
18:02:54 [ultranest] [DEBUG] iteration=2106, ncalls=14773, regioncalls=603000, ndraw=40, logz=-10.95, remainder_fraction=96.8773%, Lmin=-4.83, Lmax=-0.27
18:02:54 [ultranest] [DEBUG] iteration=2108, ncalls=14819, regioncalls=605160, ndraw=40, logz=-10.94, remainder_fraction=96.8269%, Lmin=-4.83, Lmax=-0.27
18:02:54 [ultranest] [DEBUG] iteration=2111, ncalls=14848, regioncalls=606880, ndraw=40, logz=-10.93, remainder_fraction=96.7553%, Lmin=-4.81, Lmax=-0.27
18:02:55 [ultranest] [DEBUG] iteration=2113, ncalls=14859, regioncalls=607520, ndraw=40, logz=-10.91, remainder_fraction=96.7201%, Lmin=-4.79, Lmax=-0.27
18:02:55 [ultranest] [DEBUG] iteration=2114, ncalls=14915, regioncalls=610360, ndraw=40, logz=-10.91, remainder_fraction=96.6944%, Lmin=-4.79, Lmax=-0.27
18:02:55 [ultranest] [DEBUG] iteration=2115, ncalls=14958, regioncalls=612360, ndraw=40, logz=-10.90, remainder_fraction=96.6727%, Lmin=-4.78, Lmax=-0.27
18:02:56 [ultranest] [DEBUG] iteration=2117, ncalls=14972, regioncalls=613320, ndraw=40, logz=-10.89, remainder_fraction=96.6646%, Lmin=-4.77, Lmax=-0.27
18:02:56 [ultranest] [DEBUG] iteration=2118, ncalls=14996, regioncalls=614440, ndraw=40, logz=-10.89, remainder_fraction=96.6383%, Lmin=-4.77, Lmax=-0.27
18:02:56 [ultranest] [DEBUG] iteration=2119, ncalls=15010, regioncalls=615240, ndraw=40, logz=-10.88, remainder_fraction=96.6121%, Lmin=-4.77, Lmax=-0.27
18:02:56 [ultranest] [DEBUG] iteration=2120, ncalls=15012, regioncalls=615360, ndraw=40, logz=-10.87, remainder_fraction=96.5859%, Lmin=-4.76, Lmax=-0.27
18:02:56 [ultranest] [DEBUG] iteration=2121, ncalls=15046, regioncalls=616960, ndraw=40, logz=-10.87, remainder_fraction=96.5596%, Lmin=-4.76, Lmax=-0.27
18:02:57 [ultranest] [DEBUG] iteration=2122, ncalls=15048, regioncalls=617040, ndraw=40, logz=-10.86, remainder_fraction=96.5351%, Lmin=-4.76, Lmax=-0.27
18:02:57 [ultranest] [DEBUG] iteration=2123, ncalls=15059, regioncalls=617480, ndraw=40, logz=-10.86, remainder_fraction=96.5310%, Lmin=-4.75, Lmax=-0.27
18:02:58 [ultranest] [DEBUG] iteration=2124, ncalls=15110, regioncalls=619600, ndraw=40, logz=-10.85, remainder_fraction=96.5480%, Lmin=-4.75, Lmax=-0.27
18:02:58 [ultranest] [DEBUG] iteration=2125, ncalls=15132, regioncalls=620560, ndraw=40, logz=-10.85, remainder_fraction=96.5247%, Lmin=-4.75, Lmax=-0.27
18:02:58 [ultranest] [DEBUG] iteration=2129, ncalls=15178, regioncalls=623000, ndraw=40, logz=-10.82, remainder_fraction=96.4444%, Lmin=-4.71, Lmax=-0.27
18:02:58 [ultranest] [DEBUG] iteration=2131, ncalls=15189, regioncalls=623440, ndraw=40, logz=-10.81, remainder_fraction=96.3892%, Lmin=-4.69, Lmax=-0.27
18:02:58 [ultranest] [DEBUG] iteration=2132, ncalls=15203, regioncalls=624200, ndraw=40, logz=-10.81, remainder_fraction=96.3612%, Lmin=-4.68, Lmax=-0.27
18:02:58 [ultranest] [DEBUG] iteration=2133, ncalls=15220, regioncalls=625160, ndraw=40, logz=-10.80, remainder_fraction=96.3365%, Lmin=-4.68, Lmax=-0.27
18:02:59 [ultranest] [DEBUG] iteration=2134, ncalls=15260, regioncalls=626840, ndraw=40, logz=-10.80, remainder_fraction=96.3127%, Lmin=-4.67, Lmax=-0.27
18:02:59 [ultranest] [DEBUG] iteration=2135, ncalls=15272, regioncalls=627360, ndraw=40, logz=-10.79, remainder_fraction=96.2842%, Lmin=-4.67, Lmax=-0.27
18:02:59 [ultranest] [DEBUG] iteration=2137, ncalls=15292, regioncalls=628480, ndraw=40, logz=-10.78, remainder_fraction=96.2282%, Lmin=-4.66, Lmax=-0.27
18:02:59 [ultranest] [DEBUG] iteration=2139, ncalls=15318, regioncalls=630040, ndraw=40, logz=-10.77, remainder_fraction=96.2110%, Lmin=-4.65, Lmax=-0.27
18:03:00 [ultranest] [DEBUG] iteration=2141, ncalls=15354, regioncalls=631720, ndraw=40, logz=-10.76, remainder_fraction=96.1534%, Lmin=-4.63, Lmax=-0.27
18:03:00 [ultranest] [DEBUG] iteration=2143, ncalls=15386, regioncalls=633560, ndraw=40, logz=-10.75, remainder_fraction=96.1122%, Lmin=-4.62, Lmax=-0.27
18:03:00 [ultranest] [DEBUG] iteration=2145, ncalls=15430, regioncalls=636000, ndraw=40, logz=-10.74, remainder_fraction=96.0704%, Lmin=-4.61, Lmax=-0.27
18:03:00 [ultranest] [DEBUG] iteration=2147, ncalls=15445, regioncalls=637120, ndraw=40, logz=-10.73, remainder_fraction=96.0622%, Lmin=-4.60, Lmax=-0.27
18:03:01 [ultranest] [DEBUG] iteration=2149, ncalls=15457, regioncalls=637800, ndraw=40, logz=-10.72, remainder_fraction=96.0311%, Lmin=-4.59, Lmax=-0.27
18:03:01 [ultranest] [DEBUG] iteration=2150, ncalls=15496, regioncalls=640680, ndraw=40, logz=-10.71, remainder_fraction=96.0433%, Lmin=-4.57, Lmax=-0.27
18:03:01 [ultranest] [DEBUG] iteration=2152, ncalls=15508, regioncalls=641160, ndraw=40, logz=-10.70, remainder_fraction=96.0274%, Lmin=-4.56, Lmax=-0.27
18:03:01 [ultranest] [DEBUG] iteration=2153, ncalls=15522, regioncalls=642080, ndraw=40, logz=-10.69, remainder_fraction=95.9978%, Lmin=-4.54, Lmax=-0.27
18:03:01 [ultranest] [DEBUG] iteration=2155, ncalls=15543, regioncalls=642920, ndraw=40, logz=-10.68, remainder_fraction=95.9521%, Lmin=-4.54, Lmax=-0.27
18:03:01 [ultranest] [DEBUG] iteration=2156, ncalls=15555, regioncalls=643800, ndraw=40, logz=-10.68, remainder_fraction=95.9243%, Lmin=-4.53, Lmax=-0.27
18:03:02 [ultranest] [DEBUG] iteration=2157, ncalls=15575, regioncalls=644680, ndraw=40, logz=-10.67, remainder_fraction=95.8949%, Lmin=-4.53, Lmax=-0.27
18:03:02 [ultranest] [DEBUG] iteration=2158, ncalls=15592, regioncalls=645600, ndraw=40, logz=-10.67, remainder_fraction=95.8670%, Lmin=-4.53, Lmax=-0.27
18:03:02 [ultranest] [DEBUG] iteration=2159, ncalls=15618, regioncalls=646960, ndraw=40, logz=-10.66, remainder_fraction=95.8408%, Lmin=-4.52, Lmax=-0.27
18:03:02 [ultranest] [DEBUG] iteration=2160, ncalls=15638, regioncalls=647760, ndraw=40, logz=-10.66, remainder_fraction=95.8122%, Lmin=-4.50, Lmax=-0.27
18:03:02 [ultranest] [DEBUG] iteration=2165, ncalls=15664, regioncalls=648880, ndraw=40, logz=-10.63, remainder_fraction=95.6638%, Lmin=-4.46, Lmax=-0.27
18:03:03 [ultranest] [DEBUG] iteration=2167, ncalls=15689, regioncalls=650200, ndraw=40, logz=-10.62, remainder_fraction=95.6044%, Lmin=-4.45, Lmax=-0.27
18:03:03 [ultranest] [DEBUG] iteration=2168, ncalls=15740, regioncalls=652400, ndraw=40, logz=-10.61, remainder_fraction=95.5762%, Lmin=-4.45, Lmax=-0.27
18:03:03 [ultranest] [DEBUG] iteration=2169, ncalls=15754, regioncalls=653000, ndraw=40, logz=-10.61, remainder_fraction=95.5466%, Lmin=-4.44, Lmax=-0.27
18:03:04 [ultranest] [DEBUG] iteration=2170, ncalls=15829, regioncalls=656920, ndraw=40, logz=-10.60, remainder_fraction=95.5142%, Lmin=-4.43, Lmax=-0.27
18:03:04 [ultranest] [DEBUG] iteration=2172, ncalls=15857, regioncalls=658120, ndraw=40, logz=-10.59, remainder_fraction=95.4494%, Lmin=-4.41, Lmax=-0.27
18:03:04 [ultranest] [DEBUG] iteration=2174, ncalls=15869, regioncalls=658680, ndraw=40, logz=-10.58, remainder_fraction=95.3890%, Lmin=-4.40, Lmax=-0.27
18:03:04 [ultranest] [DEBUG] iteration=2177, ncalls=15894, regioncalls=659680, ndraw=40, logz=-10.57, remainder_fraction=95.3232%, Lmin=-4.38, Lmax=-0.27
18:03:05 [ultranest] [DEBUG] iteration=2179, ncalls=15916, regioncalls=660760, ndraw=40, logz=-10.56, remainder_fraction=95.3120%, Lmin=-4.38, Lmax=-0.27
18:03:05 [ultranest] [DEBUG] iteration=2180, ncalls=15932, regioncalls=661440, ndraw=40, logz=-10.55, remainder_fraction=95.2784%, Lmin=-4.38, Lmax=-0.27
18:03:05 [ultranest] [DEBUG] iteration=2181, ncalls=15957, regioncalls=662520, ndraw=40, logz=-10.55, remainder_fraction=95.3032%, Lmin=-4.35, Lmax=-0.27
18:03:05 [ultranest] [DEBUG] iteration=2182, ncalls=15988, regioncalls=664320, ndraw=40, logz=-10.54, remainder_fraction=95.2843%, Lmin=-4.35, Lmax=-0.27
18:03:05 [ultranest] [DEBUG] iteration=2183, ncalls=16005, regioncalls=665760, ndraw=40, logz=-10.54, remainder_fraction=95.2508%, Lmin=-4.35, Lmax=-0.27
18:03:06 [ultranest] [DEBUG] iteration=2184, ncalls=16026, regioncalls=667000, ndraw=40, logz=-10.53, remainder_fraction=95.2444%, Lmin=-4.35, Lmax=-0.27
18:03:06 [ultranest] [DEBUG] iteration=2186, ncalls=16046, regioncalls=667960, ndraw=40, logz=-10.52, remainder_fraction=95.2250%, Lmin=-4.34, Lmax=-0.27
18:03:06 [ultranest] [DEBUG] iteration=2188, ncalls=16086, regioncalls=670200, ndraw=40, logz=-10.51, remainder_fraction=95.1566%, Lmin=-4.33, Lmax=-0.27
18:03:06 [ultranest] [DEBUG] iteration=2189, ncalls=16104, regioncalls=670920, ndraw=40, logz=-10.51, remainder_fraction=95.1253%, Lmin=-4.32, Lmax=-0.27
18:03:06 [ultranest] [DEBUG] iteration=2191, ncalls=16122, regioncalls=671680, ndraw=40, logz=-10.50, remainder_fraction=95.0939%, Lmin=-4.32, Lmax=-0.27
18:03:07 [ultranest] [DEBUG] iteration=2192, ncalls=16150, regioncalls=672960, ndraw=40, logz=-10.49, remainder_fraction=95.0588%, Lmin=-4.31, Lmax=-0.27
18:03:07 [ultranest] [DEBUG] iteration=2193, ncalls=16178, regioncalls=674560, ndraw=40, logz=-10.49, remainder_fraction=95.0248%, Lmin=-4.31, Lmax=-0.27
18:03:07 [ultranest] [DEBUG] iteration=2195, ncalls=16193, regioncalls=675280, ndraw=40, logz=-10.48, remainder_fraction=95.0195%, Lmin=-4.29, Lmax=-0.27
18:03:07 [ultranest] [DEBUG] iteration=2196, ncalls=16248, regioncalls=678640, ndraw=40, logz=-10.47, remainder_fraction=95.0492%, Lmin=-4.28, Lmax=-0.27
18:03:08 [ultranest] [DEBUG] iteration=2197, ncalls=16260, regioncalls=679240, ndraw=40, logz=-10.47, remainder_fraction=95.0177%, Lmin=-4.26, Lmax=-0.27
18:03:08 [ultranest] [DEBUG] iteration=2198, ncalls=16276, regioncalls=680040, ndraw=40, logz=-10.46, remainder_fraction=95.0409%, Lmin=-4.26, Lmax=-0.27
18:03:08 [ultranest] [DEBUG] iteration=2199, ncalls=16305, regioncalls=681320, ndraw=40, logz=-10.46, remainder_fraction=95.0057%, Lmin=-4.25, Lmax=-0.27
18:03:08 [ultranest] [DEBUG] iteration=2200, ncalls=16320, regioncalls=682200, ndraw=40, logz=-10.45, remainder_fraction=94.9711%, Lmin=-4.25, Lmax=-0.27
18:03:08 [ultranest] [DEBUG] iteration=2201, ncalls=16341, regioncalls=683440, ndraw=40, logz=-10.45, remainder_fraction=94.9569%, Lmin=-4.24, Lmax=-0.27
18:03:08 [ultranest] [DEBUG] iteration=2203, ncalls=16358, regioncalls=684480, ndraw=40, logz=-10.44, remainder_fraction=94.9254%, Lmin=-4.23, Lmax=-0.27
18:03:09 [ultranest] [DEBUG] iteration=2204, ncalls=16380, regioncalls=685440, ndraw=40, logz=-10.43, remainder_fraction=94.8891%, Lmin=-4.22, Lmax=-0.27
18:03:09 [ultranest] [DEBUG] iteration=2206, ncalls=16402, regioncalls=686520, ndraw=40, logz=-10.42, remainder_fraction=94.8553%, Lmin=-4.22, Lmax=-0.27
18:03:09 [ultranest] [DEBUG] iteration=2207, ncalls=16420, regioncalls=687320, ndraw=40, logz=-10.42, remainder_fraction=94.8647%, Lmin=-4.21, Lmax=-0.27
18:03:09 [ultranest] [DEBUG] iteration=2208, ncalls=16436, regioncalls=687960, ndraw=40, logz=-10.41, remainder_fraction=94.8324%, Lmin=-4.19, Lmax=-0.27
18:03:10 [ultranest] [DEBUG] iteration=2210, ncalls=16497, regioncalls=690720, ndraw=40, logz=-10.40, remainder_fraction=94.7691%, Lmin=-4.18, Lmax=-0.27
18:03:10 [ultranest] [DEBUG] iteration=2211, ncalls=16540, regioncalls=693400, ndraw=40, logz=-10.40, remainder_fraction=94.7353%, Lmin=-4.17, Lmax=-0.27
18:03:10 [ultranest] [DEBUG] iteration=2213, ncalls=16554, regioncalls=694040, ndraw=40, logz=-10.39, remainder_fraction=94.6738%, Lmin=-4.17, Lmax=-0.27
18:03:10 [ultranest] [DEBUG] iteration=2215, ncalls=16577, regioncalls=695600, ndraw=40, logz=-10.38, remainder_fraction=94.6198%, Lmin=-4.16, Lmax=-0.27
18:03:10 [ultranest] [DEBUG] iteration=2216, ncalls=16589, regioncalls=696400, ndraw=40, logz=-10.37, remainder_fraction=94.6073%, Lmin=-4.14, Lmax=-0.27
18:03:11 [ultranest] [DEBUG] iteration=2220, ncalls=16642, regioncalls=699240, ndraw=40, logz=-10.35, remainder_fraction=94.4842%, Lmin=-4.09, Lmax=-0.27
18:03:11 [ultranest] [DEBUG] iteration=2221, ncalls=16671, regioncalls=700640, ndraw=40, logz=-10.35, remainder_fraction=94.4493%, Lmin=-4.07, Lmax=-0.27
18:03:12 [ultranest] [DEBUG] iteration=2223, ncalls=16722, regioncalls=704160, ndraw=40, logz=-10.34, remainder_fraction=94.3766%, Lmin=-4.07, Lmax=-0.27
18:03:12 [ultranest] [DEBUG] iteration=2224, ncalls=16743, regioncalls=705400, ndraw=40, logz=-10.33, remainder_fraction=94.3575%, Lmin=-4.06, Lmax=-0.27
18:03:12 [ultranest] [DEBUG] iteration=2225, ncalls=16763, regioncalls=706280, ndraw=40, logz=-10.33, remainder_fraction=94.3478%, Lmin=-4.06, Lmax=-0.27
18:03:12 [ultranest] [DEBUG] iteration=2227, ncalls=16785, regioncalls=707160, ndraw=40, logz=-10.31, remainder_fraction=94.2738%, Lmin=-4.06, Lmax=-0.27
18:03:12 [ultranest] [DEBUG] iteration=2229, ncalls=16800, regioncalls=708000, ndraw=40, logz=-10.31, remainder_fraction=94.1965%, Lmin=-4.05, Lmax=-0.27
18:03:13 [ultranest] [DEBUG] iteration=2231, ncalls=16858, regioncalls=711120, ndraw=40, logz=-10.30, remainder_fraction=94.1653%, Lmin=-4.04, Lmax=-0.27
18:03:13 [ultranest] [DEBUG] iteration=2233, ncalls=16874, regioncalls=711760, ndraw=40, logz=-10.29, remainder_fraction=94.0874%, Lmin=-4.02, Lmax=-0.27
18:03:13 [ultranest] [DEBUG] iteration=2234, ncalls=16900, regioncalls=713160, ndraw=40, logz=-10.28, remainder_fraction=94.0566%, Lmin=-4.02, Lmax=-0.27
18:03:13 [ultranest] [DEBUG] iteration=2235, ncalls=16913, regioncalls=713720, ndraw=40, logz=-10.28, remainder_fraction=94.0349%, Lmin=-4.02, Lmax=-0.27
18:03:13 [ultranest] [DEBUG] iteration=2236, ncalls=16942, regioncalls=714880, ndraw=40, logz=-10.27, remainder_fraction=94.0073%, Lmin=-4.01, Lmax=-0.27
18:03:14 [ultranest] [DEBUG] iteration=2237, ncalls=17009, regioncalls=717800, ndraw=40, logz=-10.27, remainder_fraction=93.9659%, Lmin=-4.00, Lmax=-0.27
18:03:14 [ultranest] [DEBUG] iteration=2238, ncalls=17031, regioncalls=719400, ndraw=40, logz=-10.26, remainder_fraction=93.9240%, Lmin=-4.00, Lmax=-0.27
18:03:14 [ultranest] [DEBUG] iteration=2239, ncalls=17054, regioncalls=721000, ndraw=40, logz=-10.26, remainder_fraction=93.8860%, Lmin=-4.00, Lmax=-0.27
18:03:15 [ultranest] [DEBUG] iteration=2240, ncalls=17067, regioncalls=721720, ndraw=40, logz=-10.25, remainder_fraction=93.8610%, Lmin=-3.99, Lmax=-0.27
18:03:15 [ultranest] [DEBUG] iteration=2242, ncalls=17080, regioncalls=722360, ndraw=40, logz=-10.24, remainder_fraction=93.7917%, Lmin=-3.98, Lmax=-0.27
18:03:15 [ultranest] [DEBUG] iteration=2243, ncalls=17134, regioncalls=725760, ndraw=40, logz=-10.24, remainder_fraction=93.7520%, Lmin=-3.98, Lmax=-0.27
18:03:16 [ultranest] [DEBUG] iteration=2245, ncalls=17196, regioncalls=728920, ndraw=40, logz=-10.23, remainder_fraction=93.7306%, Lmin=-3.96, Lmax=-0.27
18:03:16 [ultranest] [DEBUG] iteration=2247, ncalls=17221, regioncalls=730240, ndraw=40, logz=-10.22, remainder_fraction=93.6570%, Lmin=-3.95, Lmax=-0.27
18:03:16 [ultranest] [DEBUG] iteration=2249, ncalls=17233, regioncalls=730720, ndraw=40, logz=-10.21, remainder_fraction=93.6172%, Lmin=-3.95, Lmax=-0.27
18:03:16 [ultranest] [DEBUG] iteration=2250, ncalls=17256, regioncalls=732320, ndraw=40, logz=-10.20, remainder_fraction=93.5792%, Lmin=-3.94, Lmax=-0.27
18:03:16 [ultranest] [DEBUG] iteration=2251, ncalls=17284, regioncalls=733600, ndraw=40, logz=-10.20, remainder_fraction=93.5652%, Lmin=-3.94, Lmax=-0.27
18:03:17 [ultranest] [DEBUG] iteration=2252, ncalls=17315, regioncalls=735120, ndraw=40, logz=-10.19, remainder_fraction=93.5221%, Lmin=-3.93, Lmax=-0.27
18:03:17 [ultranest] [DEBUG] iteration=2253, ncalls=17329, regioncalls=735720, ndraw=40, logz=-10.19, remainder_fraction=93.4801%, Lmin=-3.93, Lmax=-0.27
18:03:17 [ultranest] [DEBUG] iteration=2254, ncalls=17352, regioncalls=736640, ndraw=40, logz=-10.18, remainder_fraction=93.4455%, Lmin=-3.90, Lmax=-0.27
18:03:17 [ultranest] [DEBUG] iteration=2257, ncalls=17382, regioncalls=738120, ndraw=40, logz=-10.17, remainder_fraction=93.3375%, Lmin=-3.88, Lmax=-0.27
18:03:18 [ultranest] [DEBUG] iteration=2258, ncalls=17408, regioncalls=739360, ndraw=40, logz=-10.17, remainder_fraction=93.3084%, Lmin=-3.87, Lmax=-0.27
18:03:18 [ultranest] [DEBUG] iteration=2259, ncalls=17433, regioncalls=740360, ndraw=40, logz=-10.16, remainder_fraction=93.2650%, Lmin=-3.87, Lmax=-0.27
18:03:18 [ultranest] [DEBUG] iteration=2260, ncalls=17452, regioncalls=741320, ndraw=40, logz=-10.16, remainder_fraction=93.2362%, Lmin=-3.87, Lmax=-0.27
18:03:18 [ultranest] [DEBUG] iteration=2261, ncalls=17467, regioncalls=742360, ndraw=40, logz=-10.15, remainder_fraction=93.2114%, Lmin=-3.84, Lmax=-0.27
18:03:18 [ultranest] [DEBUG] iteration=2263, ncalls=17478, regioncalls=743040, ndraw=40, logz=-10.14, remainder_fraction=93.1433%, Lmin=-3.83, Lmax=-0.27
18:03:19 [ultranest] [DEBUG] iteration=2264, ncalls=17539, regioncalls=745600, ndraw=40, logz=-10.14, remainder_fraction=93.1694%, Lmin=-3.83, Lmax=-0.27
18:03:19 [ultranest] [DEBUG] iteration=2265, ncalls=17590, regioncalls=748760, ndraw=40, logz=-10.13, remainder_fraction=93.1243%, Lmin=-3.82, Lmax=-0.27
18:03:20 [ultranest] [DEBUG] iteration=2266, ncalls=17691, regioncalls=754320, ndraw=40, logz=-10.13, remainder_fraction=93.0797%, Lmin=-3.82, Lmax=-0.27
18:03:20 [ultranest] [DEBUG] iteration=2267, ncalls=17702, regioncalls=755000, ndraw=40, logz=-10.12, remainder_fraction=93.0350%, Lmin=-3.82, Lmax=-0.27
18:03:20 [ultranest] [DEBUG] iteration=2269, ncalls=17714, regioncalls=756000, ndraw=40, logz=-10.11, remainder_fraction=92.9566%, Lmin=-3.79, Lmax=-0.27
18:03:21 [ultranest] [DEBUG] iteration=2271, ncalls=17797, regioncalls=761000, ndraw=40, logz=-10.10, remainder_fraction=92.8833%, Lmin=-3.78, Lmax=-0.27
18:03:21 [ultranest] [DEBUG] iteration=2273, ncalls=17829, regioncalls=762600, ndraw=40, logz=-10.09, remainder_fraction=92.7979%, Lmin=-3.77, Lmax=-0.27
18:03:21 [ultranest] [DEBUG] iteration=2275, ncalls=17855, regioncalls=764040, ndraw=40, logz=-10.08, remainder_fraction=92.7045%, Lmin=-3.76, Lmax=-0.27
18:03:22 [ultranest] [DEBUG] iteration=2276, ncalls=17894, regioncalls=766160, ndraw=40, logz=-10.08, remainder_fraction=92.6563%, Lmin=-3.76, Lmax=-0.27
18:03:22 [ultranest] [DEBUG] iteration=2278, ncalls=17922, regioncalls=767480, ndraw=40, logz=-10.07, remainder_fraction=92.5695%, Lmin=-3.75, Lmax=-0.27
18:03:22 [ultranest] [DEBUG] iteration=2279, ncalls=17973, regioncalls=769840, ndraw=40, logz=-10.07, remainder_fraction=92.5388%, Lmin=-3.74, Lmax=-0.27
18:03:23 [ultranest] [DEBUG] iteration=2280, ncalls=17981, regioncalls=770320, ndraw=40, logz=-10.06, remainder_fraction=92.5136%, Lmin=-3.74, Lmax=-0.27
18:03:23 [ultranest] [DEBUG] iteration=2283, ncalls=18035, regioncalls=772640, ndraw=40, logz=-10.05, remainder_fraction=92.3898%, Lmin=-3.72, Lmax=-0.27
18:03:24 [ultranest] [DEBUG] iteration=2285, ncalls=18108, regioncalls=776280, ndraw=40, logz=-10.04, remainder_fraction=92.3473%, Lmin=-3.71, Lmax=-0.27
18:03:24 [ultranest] [DEBUG] iteration=2287, ncalls=18122, regioncalls=777000, ndraw=40, logz=-10.03, remainder_fraction=92.2757%, Lmin=-3.71, Lmax=-0.27
18:03:24 [ultranest] [DEBUG] iteration=2288, ncalls=18206, regioncalls=781720, ndraw=40, logz=-10.02, remainder_fraction=92.2585%, Lmin=-3.71, Lmax=-0.27
18:03:25 [ultranest] [DEBUG] iteration=2290, ncalls=18218, regioncalls=782400, ndraw=40, logz=-10.02, remainder_fraction=92.1635%, Lmin=-3.70, Lmax=-0.27
18:03:25 [ultranest] [DEBUG] iteration=2291, ncalls=18259, regioncalls=784600, ndraw=40, logz=-10.01, remainder_fraction=92.1626%, Lmin=-3.69, Lmax=-0.27
18:03:25 [ultranest] [DEBUG] iteration=2292, ncalls=18285, regioncalls=785880, ndraw=40, logz=-10.01, remainder_fraction=92.1195%, Lmin=-3.69, Lmax=-0.27
18:03:26 [ultranest] [DEBUG] iteration=2293, ncalls=18350, regioncalls=789800, ndraw=40, logz=-10.00, remainder_fraction=92.0703%, Lmin=-3.69, Lmax=-0.27
18:03:26 [ultranest] [DEBUG] iteration=2294, ncalls=18363, regioncalls=790600, ndraw=40, logz=-10.00, remainder_fraction=92.0246%, Lmin=-3.69, Lmax=-0.27
18:03:26 [ultranest] [DEBUG] iteration=2299, ncalls=18385, regioncalls=791840, ndraw=40, logz=-9.98, remainder_fraction=91.8953%, Lmin=-3.65, Lmax=-0.27
18:03:26 [ultranest] [DEBUG] iteration=2301, ncalls=18415, regioncalls=793200, ndraw=40, logz=-9.97, remainder_fraction=91.8086%, Lmin=-3.64, Lmax=-0.27
18:03:26 [ultranest] [DEBUG] iteration=2302, ncalls=18438, regioncalls=794120, ndraw=40, logz=-9.96, remainder_fraction=91.7887%, Lmin=-3.64, Lmax=-0.27
18:03:27 [ultranest] [DEBUG] iteration=2303, ncalls=18501, regioncalls=797160, ndraw=40, logz=-9.96, remainder_fraction=91.7402%, Lmin=-3.64, Lmax=-0.27
18:03:27 [ultranest] [DEBUG] iteration=2304, ncalls=18514, regioncalls=797680, ndraw=40, logz=-9.95, remainder_fraction=91.6914%, Lmin=-3.63, Lmax=-0.27
18:03:28 [ultranest] [DEBUG] iteration=2305, ncalls=18551, regioncalls=799560, ndraw=40, logz=-9.95, remainder_fraction=91.6498%, Lmin=-3.62, Lmax=-0.27
18:03:28 [ultranest] [DEBUG] iteration=2307, ncalls=18566, regioncalls=800160, ndraw=40, logz=-9.94, remainder_fraction=91.5574%, Lmin=-3.60, Lmax=-0.27
18:03:28 [ultranest] [DEBUG] iteration=2308, ncalls=18581, regioncalls=800880, ndraw=40, logz=-9.94, remainder_fraction=91.5219%, Lmin=-3.60, Lmax=-0.27
18:03:28 [ultranest] [DEBUG] iteration=2309, ncalls=18616, regioncalls=802920, ndraw=40, logz=-9.93, remainder_fraction=91.4810%, Lmin=-3.60, Lmax=-0.27
18:03:29 [ultranest] [DEBUG] iteration=2310, ncalls=18657, regioncalls=804960, ndraw=40, logz=-9.93, remainder_fraction=91.4354%, Lmin=-3.60, Lmax=-0.27
18:03:29 [ultranest] [DEBUG] iteration=2312, ncalls=18671, regioncalls=805720, ndraw=40, logz=-9.92, remainder_fraction=91.3675%, Lmin=-3.58, Lmax=-0.27
18:03:29 [ultranest] [DEBUG] iteration=2314, ncalls=18726, regioncalls=808480, ndraw=40, logz=-9.91, remainder_fraction=91.2688%, Lmin=-3.58, Lmax=-0.27
18:03:29 [ultranest] [DEBUG] iteration=2315, ncalls=18739, regioncalls=809080, ndraw=40, logz=-9.91, remainder_fraction=91.2176%, Lmin=-3.57, Lmax=-0.27
18:03:30 [ultranest] [DEBUG] iteration=2317, ncalls=18772, regioncalls=810440, ndraw=40, logz=-9.90, remainder_fraction=91.1246%, Lmin=-3.57, Lmax=-0.27
18:03:30 [ultranest] [DEBUG] iteration=2318, ncalls=18784, regioncalls=810920, ndraw=40, logz=-9.89, remainder_fraction=91.0910%, Lmin=-3.55, Lmax=-0.27
18:03:30 [ultranest] [DEBUG] iteration=2319, ncalls=18791, regioncalls=811200, ndraw=40, logz=-9.89, remainder_fraction=91.0422%, Lmin=-3.54, Lmax=-0.27
18:03:31 [ultranest] [DEBUG] iteration=2320, ncalls=18796, regioncalls=811400, ndraw=40, logz=-9.88, remainder_fraction=91.0013%, Lmin=-3.54, Lmax=-0.27
18:03:31 [ultranest] [DEBUG] iteration=2321, ncalls=18809, regioncalls=812280, ndraw=40, logz=-9.88, remainder_fraction=90.9470%, Lmin=-3.54, Lmax=-0.27
18:03:31 [ultranest] [DEBUG] iteration=2322, ncalls=18832, regioncalls=814320, ndraw=40, logz=-9.88, remainder_fraction=90.9017%, Lmin=-3.53, Lmax=-0.27
18:03:31 [ultranest] [DEBUG] iteration=2323, ncalls=18851, regioncalls=815240, ndraw=40, logz=-9.87, remainder_fraction=90.8590%, Lmin=-3.52, Lmax=-0.27
18:03:31 [ultranest] [DEBUG] iteration=2324, ncalls=18871, regioncalls=816120, ndraw=40, logz=-9.87, remainder_fraction=90.8144%, Lmin=-3.52, Lmax=-0.27
18:03:32 [ultranest] [DEBUG] iteration=2326, ncalls=18934, regioncalls=819360, ndraw=40, logz=-9.86, remainder_fraction=90.7473%, Lmin=-3.52, Lmax=-0.27
18:03:32 [ultranest] [DEBUG] iteration=2327, ncalls=18983, regioncalls=822040, ndraw=40, logz=-9.85, remainder_fraction=90.7134%, Lmin=-3.51, Lmax=-0.27
18:03:32 [ultranest] [DEBUG] iteration=2328, ncalls=19001, regioncalls=823360, ndraw=40, logz=-9.85, remainder_fraction=90.6594%, Lmin=-3.51, Lmax=-0.27
18:03:32 [ultranest] [DEBUG] iteration=2329, ncalls=19010, regioncalls=823880, ndraw=40, logz=-9.85, remainder_fraction=90.6046%, Lmin=-3.49, Lmax=-0.27
18:03:33 [ultranest] [DEBUG] iteration=2331, ncalls=19026, regioncalls=824640, ndraw=40, logz=-9.84, remainder_fraction=90.4907%, Lmin=-3.47, Lmax=-0.27
18:03:34 [ultranest] [DEBUG] iteration=2332, ncalls=19145, regioncalls=831080, ndraw=40, logz=-9.83, remainder_fraction=90.4359%, Lmin=-3.46, Lmax=-0.27
18:03:34 [ultranest] [DEBUG] iteration=2333, ncalls=19158, regioncalls=831600, ndraw=40, logz=-9.83, remainder_fraction=90.4048%, Lmin=-3.44, Lmax=-0.27
18:03:34 [ultranest] [DEBUG] iteration=2334, ncalls=19196, regioncalls=833880, ndraw=40, logz=-9.82, remainder_fraction=90.3459%, Lmin=-3.42, Lmax=-0.27
18:03:34 [ultranest] [DEBUG] iteration=2335, ncalls=19210, regioncalls=834480, ndraw=40, logz=-9.82, remainder_fraction=90.3020%, Lmin=-3.42, Lmax=-0.27
18:03:34 [ultranest] [DEBUG] iteration=2337, ncalls=19233, regioncalls=835400, ndraw=40, logz=-9.81, remainder_fraction=90.1902%, Lmin=-3.41, Lmax=-0.27
18:03:35 [ultranest] [DEBUG] iteration=2338, ncalls=19285, regioncalls=838160, ndraw=40, logz=-9.81, remainder_fraction=90.1325%, Lmin=-3.41, Lmax=-0.27
18:03:35 [ultranest] [DEBUG] iteration=2340, ncalls=19336, regioncalls=840960, ndraw=40, logz=-9.80, remainder_fraction=90.0181%, Lmin=-3.39, Lmax=-0.27
18:03:35 [ultranest] [DEBUG] iteration=2341, ncalls=19359, regioncalls=842400, ndraw=40, logz=-9.79, remainder_fraction=89.9585%, Lmin=-3.38, Lmax=-0.27
18:03:36 [ultranest] [DEBUG] iteration=2342, ncalls=19391, regioncalls=844080, ndraw=40, logz=-9.79, remainder_fraction=89.8968%, Lmin=-3.38, Lmax=-0.27
18:03:36 [ultranest] [DEBUG] iteration=2343, ncalls=19427, regioncalls=846200, ndraw=40, logz=-9.79, remainder_fraction=89.8540%, Lmin=-3.36, Lmax=-0.27
18:03:36 [ultranest] [DEBUG] iteration=2344, ncalls=19450, regioncalls=847440, ndraw=40, logz=-9.78, remainder_fraction=89.8149%, Lmin=-3.35, Lmax=-0.27
18:03:36 [ultranest] [DEBUG] iteration=2345, ncalls=19462, regioncalls=847920, ndraw=40, logz=-9.78, remainder_fraction=89.7940%, Lmin=-3.35, Lmax=-0.27
18:03:37 [ultranest] [DEBUG] iteration=2347, ncalls=19504, regioncalls=850400, ndraw=40, logz=-9.77, remainder_fraction=89.6963%, Lmin=-3.33, Lmax=-0.27
18:03:37 [ultranest] [DEBUG] iteration=2349, ncalls=19562, regioncalls=853920, ndraw=40, logz=-9.76, remainder_fraction=89.5744%, Lmin=-3.33, Lmax=-0.27
18:03:38 [ultranest] [DEBUG] iteration=2350, ncalls=19656, regioncalls=858480, ndraw=40, logz=-9.75, remainder_fraction=89.5206%, Lmin=-3.33, Lmax=-0.27
18:03:38 [ultranest] [DEBUG] iteration=2352, ncalls=19697, regioncalls=860360, ndraw=40, logz=-9.75, remainder_fraction=89.4088%, Lmin=-3.33, Lmax=-0.27
18:03:39 [ultranest] [DEBUG] iteration=2353, ncalls=19699, regioncalls=860440, ndraw=40, logz=-9.74, remainder_fraction=89.3467%, Lmin=-3.32, Lmax=-0.27
18:03:39 [ultranest] [DEBUG] iteration=2354, ncalls=19700, regioncalls=860480, ndraw=40, logz=-9.74, remainder_fraction=89.2844%, Lmin=-3.31, Lmax=-0.27
18:03:39 [ultranest] [DEBUG] iteration=2355, ncalls=19703, regioncalls=860640, ndraw=40, logz=-9.73, remainder_fraction=89.2362%, Lmin=-3.31, Lmax=-0.27
18:03:40 [ultranest] [DEBUG] iteration=2356, ncalls=19749, regioncalls=864000, ndraw=40, logz=-9.73, remainder_fraction=89.2256%, Lmin=-3.30, Lmax=-0.27
18:03:40 [ultranest] [DEBUG] iteration=2357, ncalls=19786, regioncalls=865760, ndraw=40, logz=-9.72, remainder_fraction=89.1606%, Lmin=-3.29, Lmax=-0.27
18:03:41 [ultranest] [DEBUG] iteration=2359, ncalls=19835, regioncalls=868480, ndraw=40, logz=-9.72, remainder_fraction=89.0632%, Lmin=-3.27, Lmax=-0.27
18:03:41 [ultranest] [DEBUG] iteration=2360, ncalls=19859, regioncalls=869880, ndraw=40, logz=-9.71, remainder_fraction=89.0135%, Lmin=-3.27, Lmax=-0.27
18:03:41 [ultranest] [DEBUG] iteration=2361, ncalls=19881, regioncalls=870760, ndraw=40, logz=-9.71, remainder_fraction=88.9534%, Lmin=-3.25, Lmax=-0.27
18:03:41 [ultranest] [DEBUG] iteration=2362, ncalls=19909, regioncalls=872080, ndraw=40, logz=-9.70, remainder_fraction=88.9068%, Lmin=-3.25, Lmax=-0.27
18:03:42 [ultranest] [DEBUG] iteration=2364, ncalls=19935, regioncalls=873560, ndraw=40, logz=-9.69, remainder_fraction=88.8074%, Lmin=-3.24, Lmax=-0.27
18:03:42 [ultranest] [DEBUG] iteration=2365, ncalls=19949, regioncalls=874320, ndraw=40, logz=-9.69, remainder_fraction=88.7469%, Lmin=-3.24, Lmax=-0.27
18:03:42 [ultranest] [DEBUG] iteration=2367, ncalls=19963, regioncalls=875320, ndraw=40, logz=-9.68, remainder_fraction=88.6283%, Lmin=-3.24, Lmax=-0.27
18:03:43 [ultranest] [DEBUG] iteration=2368, ncalls=20047, regioncalls=879040, ndraw=40, logz=-9.68, remainder_fraction=88.5625%, Lmin=-3.23, Lmax=-0.27
18:03:43 [ultranest] [DEBUG] iteration=2369, ncalls=20101, regioncalls=881520, ndraw=40, logz=-9.67, remainder_fraction=88.5570%, Lmin=-3.23, Lmax=-0.27
18:03:43 [ultranest] [DEBUG] iteration=2370, ncalls=20147, regioncalls=884000, ndraw=40, logz=-9.67, remainder_fraction=88.5361%, Lmin=-3.23, Lmax=-0.27
18:03:44 [ultranest] [DEBUG] iteration=2371, ncalls=20193, regioncalls=886560, ndraw=40, logz=-9.66, remainder_fraction=88.5323%, Lmin=-3.22, Lmax=-0.27
18:03:44 [ultranest] [DEBUG] iteration=2373, ncalls=20217, regioncalls=888160, ndraw=40, logz=-9.66, remainder_fraction=88.4213%, Lmin=-3.20, Lmax=-0.27
18:03:45 [ultranest] [DEBUG] iteration=2375, ncalls=20257, regioncalls=890280, ndraw=40, logz=-9.65, remainder_fraction=88.3214%, Lmin=-3.19, Lmax=-0.27
18:03:45 [ultranest] [DEBUG] iteration=2376, ncalls=20281, regioncalls=891240, ndraw=40, logz=-9.64, remainder_fraction=88.2567%, Lmin=-3.19, Lmax=-0.27
18:03:45 [ultranest] [DEBUG] iteration=2377, ncalls=20314, regioncalls=892920, ndraw=40, logz=-9.64, remainder_fraction=88.2110%, Lmin=-3.19, Lmax=-0.27
18:03:46 [ultranest] [DEBUG] iteration=2380, ncalls=20357, regioncalls=894640, ndraw=40, logz=-9.63, remainder_fraction=88.0553%, Lmin=-3.16, Lmax=-0.27
18:03:46 [ultranest] [DEBUG] iteration=2382, ncalls=20399, regioncalls=896560, ndraw=40, logz=-9.62, remainder_fraction=87.9245%, Lmin=-3.16, Lmax=-0.27
18:03:46 [ultranest] [DEBUG] iteration=2383, ncalls=20440, regioncalls=898320, ndraw=40, logz=-9.61, remainder_fraction=87.8687%, Lmin=-3.16, Lmax=-0.27
18:03:47 [ultranest] [DEBUG] iteration=2385, ncalls=20517, regioncalls=902320, ndraw=40, logz=-9.61, remainder_fraction=87.7615%, Lmin=-3.15, Lmax=-0.27
18:03:48 [ultranest] [DEBUG] iteration=2386, ncalls=20611, regioncalls=906760, ndraw=40, logz=-9.60, remainder_fraction=87.6950%, Lmin=-3.15, Lmax=-0.27
18:03:48 [ultranest] [DEBUG] iteration=2389, ncalls=20630, regioncalls=907680, ndraw=40, logz=-9.59, remainder_fraction=87.5642%, Lmin=-3.14, Lmax=-0.27
18:03:49 [ultranest] [DEBUG] iteration=2390, ncalls=20689, regioncalls=911320, ndraw=40, logz=-9.59, remainder_fraction=87.5292%, Lmin=-3.13, Lmax=-0.27
18:03:49 [ultranest] [DEBUG] iteration=2391, ncalls=20713, regioncalls=912360, ndraw=40, logz=-9.58, remainder_fraction=87.4607%, Lmin=-3.13, Lmax=-0.27
18:03:49 [ultranest] [DEBUG] iteration=2393, ncalls=20769, regioncalls=915080, ndraw=40, logz=-9.57, remainder_fraction=87.3960%, Lmin=-3.12, Lmax=-0.27
18:03:50 [ultranest] [DEBUG] iteration=2394, ncalls=20789, regioncalls=916480, ndraw=40, logz=-9.57, remainder_fraction=87.3316%, Lmin=-3.11, Lmax=-0.27
18:03:50 [ultranest] [DEBUG] iteration=2395, ncalls=20826, regioncalls=917960, ndraw=40, logz=-9.57, remainder_fraction=87.2709%, Lmin=-3.11, Lmax=-0.27
18:03:50 [ultranest] [DEBUG] iteration=2397, ncalls=20844, regioncalls=918680, ndraw=40, logz=-9.56, remainder_fraction=87.1439%, Lmin=-3.10, Lmax=-0.27
18:03:50 [ultranest] [DEBUG] iteration=2399, ncalls=20877, regioncalls=920760, ndraw=40, logz=-9.55, remainder_fraction=87.0586%, Lmin=-3.10, Lmax=-0.27
18:03:51 [ultranest] [DEBUG] iteration=2400, ncalls=20927, regioncalls=923960, ndraw=40, logz=-9.55, remainder_fraction=87.0253%, Lmin=-3.10, Lmax=-0.27
18:03:51 [ultranest] [DEBUG] iteration=2401, ncalls=20960, regioncalls=925400, ndraw=40, logz=-9.54, remainder_fraction=87.0259%, Lmin=-3.09, Lmax=-0.27
18:03:51 [ultranest] [DEBUG] iteration=2402, ncalls=21002, regioncalls=927560, ndraw=40, logz=-9.54, remainder_fraction=86.9570%, Lmin=-3.06, Lmax=-0.27
18:03:52 [ultranest] [DEBUG] iteration=2405, ncalls=21029, regioncalls=928840, ndraw=40, logz=-9.53, remainder_fraction=86.7511%, Lmin=-3.05, Lmax=-0.27
18:03:52 [ultranest] [DEBUG] iteration=2406, ncalls=21083, regioncalls=931440, ndraw=40, logz=-9.52, remainder_fraction=86.6796%, Lmin=-3.04, Lmax=-0.27
18:03:52 [ultranest] [DEBUG] iteration=2407, ncalls=21111, regioncalls=932880, ndraw=40, logz=-9.52, remainder_fraction=86.6061%, Lmin=-3.02, Lmax=-0.27
18:03:52 [ultranest] [DEBUG] iteration=2409, ncalls=21130, regioncalls=934040, ndraw=40, logz=-9.51, remainder_fraction=86.4970%, Lmin=-3.01, Lmax=-0.27
18:03:53 [ultranest] [DEBUG] iteration=2410, ncalls=21150, regioncalls=935000, ndraw=40, logz=-9.51, remainder_fraction=86.4452%, Lmin=-3.01, Lmax=-0.27
18:03:53 [ultranest] [DEBUG] iteration=2411, ncalls=21174, regioncalls=936240, ndraw=40, logz=-9.50, remainder_fraction=86.3848%, Lmin=-3.01, Lmax=-0.27
18:03:53 [ultranest] [DEBUG] iteration=2414, ncalls=21244, regioncalls=939880, ndraw=40, logz=-9.49, remainder_fraction=86.2368%, Lmin=-3.01, Lmax=-0.27
18:03:54 [ultranest] [DEBUG] iteration=2415, ncalls=21278, regioncalls=941240, ndraw=40, logz=-9.49, remainder_fraction=86.1968%, Lmin=-3.00, Lmax=-0.27
18:03:54 [ultranest] [DEBUG] iteration=2416, ncalls=21294, regioncalls=942040, ndraw=40, logz=-9.48, remainder_fraction=86.1450%, Lmin=-3.00, Lmax=-0.27
18:03:54 [ultranest] [DEBUG] iteration=2418, ncalls=21332, regioncalls=944960, ndraw=40, logz=-9.48, remainder_fraction=86.0051%, Lmin=-3.00, Lmax=-0.27
18:03:54 [ultranest] [DEBUG] iteration=2419, ncalls=21347, regioncalls=945880, ndraw=40, logz=-9.47, remainder_fraction=85.9418%, Lmin=-3.00, Lmax=-0.27
18:03:55 [ultranest] [DEBUG] iteration=2421, ncalls=21391, regioncalls=948160, ndraw=40, logz=-9.46, remainder_fraction=85.8160%, Lmin=-2.99, Lmax=-0.27
18:03:55 [ultranest] [DEBUG] iteration=2424, ncalls=21407, regioncalls=948840, ndraw=40, logz=-9.45, remainder_fraction=85.6692%, Lmin=-2.98, Lmax=-0.27
18:03:55 [ultranest] [DEBUG] iteration=2426, ncalls=21441, regioncalls=950240, ndraw=40, logz=-9.45, remainder_fraction=85.5155%, Lmin=-2.97, Lmax=-0.27
18:03:56 [ultranest] [DEBUG] iteration=2428, ncalls=21491, regioncalls=952400, ndraw=40, logz=-9.44, remainder_fraction=85.4031%, Lmin=-2.97, Lmax=-0.27
18:03:56 [ultranest] [DEBUG] iteration=2429, ncalls=21512, regioncalls=953240, ndraw=40, logz=-9.43, remainder_fraction=85.3402%, Lmin=-2.96, Lmax=-0.27
18:03:56 [ultranest] [DEBUG] iteration=2430, ncalls=21572, regioncalls=956720, ndraw=40, logz=-9.43, remainder_fraction=85.2838%, Lmin=-2.95, Lmax=-0.27
18:03:57 [ultranest] [DEBUG] iteration=2431, ncalls=21615, regioncalls=959120, ndraw=40, logz=-9.43, remainder_fraction=85.2279%, Lmin=-2.95, Lmax=-0.27
18:03:57 [ultranest] [DEBUG] iteration=2432, ncalls=21637, regioncalls=960440, ndraw=40, logz=-9.42, remainder_fraction=85.1698%, Lmin=-2.95, Lmax=-0.27
18:03:58 [ultranest] [DEBUG] iteration=2433, ncalls=21775, regioncalls=968080, ndraw=40, logz=-9.42, remainder_fraction=85.1287%, Lmin=-2.95, Lmax=-0.27
18:03:58 [ultranest] [DEBUG] iteration=2434, ncalls=21812, regioncalls=969720, ndraw=40, logz=-9.42, remainder_fraction=85.0803%, Lmin=-2.94, Lmax=-0.27
18:03:59 [ultranest] [DEBUG] iteration=2435, ncalls=21841, regioncalls=971520, ndraw=40, logz=-9.41, remainder_fraction=85.0154%, Lmin=-2.93, Lmax=-0.27
18:04:00 [ultranest] [DEBUG] iteration=2437, ncalls=22009, regioncalls=981800, ndraw=40, logz=-9.40, remainder_fraction=84.9040%, Lmin=-2.92, Lmax=-0.27
18:04:00 [ultranest] [DEBUG] iteration=2438, ncalls=22036, regioncalls=982880, ndraw=40, logz=-9.40, remainder_fraction=84.8353%, Lmin=-2.92, Lmax=-0.27
18:04:00 [ultranest] [DEBUG] iteration=2439, ncalls=22055, regioncalls=983880, ndraw=40, logz=-9.40, remainder_fraction=84.8033%, Lmin=-2.92, Lmax=-0.27
18:04:01 [ultranest] [DEBUG] iteration=2440, ncalls=22075, regioncalls=984720, ndraw=40, logz=-9.39, remainder_fraction=84.7331%, Lmin=-2.91, Lmax=-0.27
18:04:01 [ultranest] [DEBUG] iteration=2441, ncalls=22107, regioncalls=986280, ndraw=40, logz=-9.39, remainder_fraction=84.6840%, Lmin=-2.91, Lmax=-0.27
18:04:03 [ultranest] [DEBUG] iteration=2442, ncalls=22189, regioncalls=991440, ndraw=40, logz=-9.39, remainder_fraction=84.6131%, Lmin=-2.91, Lmax=-0.27
18:04:03 [ultranest] [DEBUG] iteration=2445, ncalls=22202, regioncalls=991960, ndraw=40, logz=-9.38, remainder_fraction=84.5038%, Lmin=-2.90, Lmax=-0.27
18:04:04 [ultranest] [DEBUG] iteration=2446, ncalls=22231, regioncalls=993360, ndraw=40, logz=-9.37, remainder_fraction=84.4247%, Lmin=-2.90, Lmax=-0.27
18:04:04 [ultranest] [DEBUG] iteration=2447, ncalls=22268, regioncalls=995320, ndraw=40, logz=-9.37, remainder_fraction=84.3549%, Lmin=-2.89, Lmax=-0.27
18:04:04 [ultranest] [DEBUG] iteration=2448, ncalls=22304, regioncalls=997440, ndraw=40, logz=-9.36, remainder_fraction=84.2754%, Lmin=-2.88, Lmax=-0.27
18:04:04 [ultranest] [DEBUG] iteration=2449, ncalls=22344, regioncalls=1000080, ndraw=40, logz=-9.36, remainder_fraction=84.2215%, Lmin=-2.88, Lmax=-0.27
18:04:05 [ultranest] [DEBUG] iteration=2452, ncalls=22363, regioncalls=1001200, ndraw=40, logz=-9.35, remainder_fraction=84.1048%, Lmin=-2.86, Lmax=-0.27
18:04:05 [ultranest] [DEBUG] iteration=2454, ncalls=22381, regioncalls=1002120, ndraw=40, logz=-9.34, remainder_fraction=83.9945%, Lmin=-2.86, Lmax=-0.27
18:04:06 [ultranest] [DEBUG] iteration=2455, ncalls=22468, regioncalls=1006680, ndraw=40, logz=-9.34, remainder_fraction=83.9153%, Lmin=-2.86, Lmax=-0.27
18:04:06 [ultranest] [DEBUG] iteration=2456, ncalls=22540, regioncalls=1010080, ndraw=40, logz=-9.34, remainder_fraction=83.8798%, Lmin=-2.85, Lmax=-0.27
18:04:07 [ultranest] [DEBUG] iteration=2457, ncalls=22576, regioncalls=1011720, ndraw=40, logz=-9.33, remainder_fraction=83.8087%, Lmin=-2.85, Lmax=-0.27
18:04:07 [ultranest] [DEBUG] iteration=2458, ncalls=22623, regioncalls=1014360, ndraw=40, logz=-9.33, remainder_fraction=83.7274%, Lmin=-2.85, Lmax=-0.27
18:04:07 [ultranest] [DEBUG] iteration=2459, ncalls=22637, regioncalls=1015360, ndraw=40, logz=-9.33, remainder_fraction=83.6914%, Lmin=-2.84, Lmax=-0.27
18:04:07 [ultranest] [DEBUG] iteration=2460, ncalls=22679, regioncalls=1017960, ndraw=40, logz=-9.32, remainder_fraction=83.6505%, Lmin=-2.84, Lmax=-0.27
18:04:08 [ultranest] [DEBUG] iteration=2462, ncalls=22697, regioncalls=1019000, ndraw=40, logz=-9.31, remainder_fraction=83.4951%, Lmin=-2.83, Lmax=-0.27
18:04:08 [ultranest] [DEBUG] iteration=2464, ncalls=22709, regioncalls=1019560, ndraw=40, logz=-9.31, remainder_fraction=83.4359%, Lmin=-2.82, Lmax=-0.27
18:04:09 [ultranest] [DEBUG] iteration=2466, ncalls=22815, regioncalls=1025200, ndraw=40, logz=-9.30, remainder_fraction=83.2728%, Lmin=-2.81, Lmax=-0.27
18:04:09 [ultranest] [DEBUG] iteration=2468, ncalls=22834, regioncalls=1025960, ndraw=40, logz=-9.29, remainder_fraction=83.1642%, Lmin=-2.81, Lmax=-0.27
18:04:09 [ultranest] [DEBUG] iteration=2470, ncalls=22859, regioncalls=1027040, ndraw=40, logz=-9.29, remainder_fraction=83.0388%, Lmin=-2.80, Lmax=-0.27
18:04:10 [ultranest] [DEBUG] iteration=2471, ncalls=22938, regioncalls=1031120, ndraw=40, logz=-9.28, remainder_fraction=82.9559%, Lmin=-2.80, Lmax=-0.27
18:04:10 [ultranest] [DEBUG] iteration=2472, ncalls=22990, regioncalls=1033440, ndraw=40, logz=-9.28, remainder_fraction=82.8777%, Lmin=-2.80, Lmax=-0.27
18:04:11 [ultranest] [DEBUG] iteration=2473, ncalls=23088, regioncalls=1038280, ndraw=40, logz=-9.28, remainder_fraction=82.8049%, Lmin=-2.80, Lmax=-0.27
18:04:11 [ultranest] [DEBUG] iteration=2474, ncalls=23108, regioncalls=1039120, ndraw=40, logz=-9.27, remainder_fraction=82.7228%, Lmin=-2.80, Lmax=-0.27
18:04:11 [ultranest] [DEBUG] iteration=2475, ncalls=23149, regioncalls=1041120, ndraw=40, logz=-9.27, remainder_fraction=82.6567%, Lmin=-2.79, Lmax=-0.27
18:04:12 [ultranest] [DEBUG] iteration=2476, ncalls=23176, regioncalls=1042520, ndraw=40, logz=-9.27, remainder_fraction=82.6389%, Lmin=-2.79, Lmax=-0.27
18:04:12 [ultranest] [DEBUG] iteration=2478, ncalls=23261, regioncalls=1046480, ndraw=40, logz=-9.26, remainder_fraction=82.5250%, Lmin=-2.78, Lmax=-0.27
18:04:12 [ultranest] [DEBUG] iteration=2479, ncalls=23289, regioncalls=1048080, ndraw=40, logz=-9.26, remainder_fraction=82.4653%, Lmin=-2.78, Lmax=-0.27
18:04:13 [ultranest] [DEBUG] iteration=2480, ncalls=23315, regioncalls=1049320, ndraw=40, logz=-9.25, remainder_fraction=82.3865%, Lmin=-2.78, Lmax=-0.27
18:04:13 [ultranest] [DEBUG] iteration=2481, ncalls=23335, regioncalls=1050200, ndraw=40, logz=-9.25, remainder_fraction=82.3469%, Lmin=-2.78, Lmax=-0.27
18:04:13 [ultranest] [DEBUG] iteration=2482, ncalls=23398, regioncalls=1053760, ndraw=40, logz=-9.25, remainder_fraction=82.2670%, Lmin=-2.77, Lmax=-0.27
18:04:14 [ultranest] [DEBUG] iteration=2483, ncalls=23412, regioncalls=1054560, ndraw=40, logz=-9.24, remainder_fraction=82.1866%, Lmin=-2.77, Lmax=-0.27
18:04:14 [ultranest] [DEBUG] iteration=2484, ncalls=23442, regioncalls=1055760, ndraw=40, logz=-9.24, remainder_fraction=82.1344%, Lmin=-2.76, Lmax=-0.27
18:04:14 [ultranest] [DEBUG] iteration=2485, ncalls=23454, regioncalls=1056640, ndraw=40, logz=-9.24, remainder_fraction=82.0631%, Lmin=-2.76, Lmax=-0.27
18:04:14 [ultranest] [DEBUG] iteration=2486, ncalls=23471, regioncalls=1057360, ndraw=40, logz=-9.23, remainder_fraction=81.9853%, Lmin=-2.75, Lmax=-0.27
18:04:14 [ultranest] [DEBUG] iteration=2487, ncalls=23491, regioncalls=1058280, ndraw=40, logz=-9.23, remainder_fraction=81.9609%, Lmin=-2.75, Lmax=-0.27
18:04:14 [ultranest] [DEBUG] iteration=2488, ncalls=23507, regioncalls=1059520, ndraw=40, logz=-9.23, remainder_fraction=81.9102%, Lmin=-2.74, Lmax=-0.27
18:04:15 [ultranest] [DEBUG] iteration=2489, ncalls=23546, regioncalls=1061920, ndraw=40, logz=-9.22, remainder_fraction=81.8264%, Lmin=-2.73, Lmax=-0.27
18:04:15 [ultranest] [DEBUG] iteration=2491, ncalls=23575, regioncalls=1063600, ndraw=40, logz=-9.22, remainder_fraction=81.6801%, Lmin=-2.72, Lmax=-0.27
18:04:15 [ultranest] [DEBUG] iteration=2492, ncalls=23590, regioncalls=1064200, ndraw=40, logz=-9.21, remainder_fraction=81.6132%, Lmin=-2.72, Lmax=-0.27
18:04:16 [ultranest] [DEBUG] iteration=2493, ncalls=23744, regioncalls=1072720, ndraw=40, logz=-9.21, remainder_fraction=81.5555%, Lmin=-2.71, Lmax=-0.27
18:04:17 [ultranest] [DEBUG] iteration=2495, ncalls=23760, regioncalls=1073520, ndraw=40, logz=-9.21, remainder_fraction=81.3925%, Lmin=-2.71, Lmax=-0.27
18:04:17 [ultranest] [DEBUG] iteration=2496, ncalls=23772, regioncalls=1074000, ndraw=40, logz=-9.20, remainder_fraction=81.3616%, Lmin=-2.70, Lmax=-0.27
18:04:17 [ultranest] [DEBUG] iteration=2498, ncalls=23799, regioncalls=1075360, ndraw=40, logz=-9.20, remainder_fraction=81.2033%, Lmin=-2.70, Lmax=-0.27
18:04:17 [ultranest] [DEBUG] iteration=2499, ncalls=23810, regioncalls=1076000, ndraw=40, logz=-9.19, remainder_fraction=81.1196%, Lmin=-2.69, Lmax=-0.27
18:04:18 [ultranest] [DEBUG] iteration=2500, ncalls=23872, regioncalls=1079680, ndraw=40, logz=-9.19, remainder_fraction=81.0404%, Lmin=-2.69, Lmax=-0.27
18:04:18 [ultranest] [DEBUG] iteration=2501, ncalls=23885, regioncalls=1080560, ndraw=40, logz=-9.19, remainder_fraction=80.9813%, Lmin=-2.69, Lmax=-0.27
18:04:18 [ultranest] [DEBUG] iteration=2503, ncalls=23900, regioncalls=1081200, ndraw=40, logz=-9.18, remainder_fraction=80.8313%, Lmin=-2.68, Lmax=-0.27
18:04:18 [ultranest] [DEBUG] iteration=2504, ncalls=23929, regioncalls=1083040, ndraw=40, logz=-9.18, remainder_fraction=80.7723%, Lmin=-2.68, Lmax=-0.27
18:04:18 [ultranest] [DEBUG] iteration=2506, ncalls=23951, regioncalls=1084160, ndraw=40, logz=-9.17, remainder_fraction=80.6329%, Lmin=-2.68, Lmax=-0.27
18:04:19 [ultranest] [DEBUG] iteration=2508, ncalls=23999, regioncalls=1086440, ndraw=40, logz=-9.16, remainder_fraction=80.5528%, Lmin=-2.67, Lmax=-0.27
18:04:19 [ultranest] [DEBUG] iteration=2509, ncalls=24058, regioncalls=1089840, ndraw=40, logz=-9.16, remainder_fraction=80.4818%, Lmin=-2.67, Lmax=-0.27
18:04:20 [ultranest] [DEBUG] iteration=2512, ncalls=24136, regioncalls=1094680, ndraw=40, logz=-9.15, remainder_fraction=80.3253%, Lmin=-2.66, Lmax=-0.27
18:04:20 [ultranest] [DEBUG] iteration=2513, ncalls=24206, regioncalls=1098320, ndraw=40, logz=-9.15, remainder_fraction=80.3259%, Lmin=-2.66, Lmax=-0.27
18:04:21 [ultranest] [DEBUG] iteration=2514, ncalls=24289, regioncalls=1103160, ndraw=40, logz=-9.15, remainder_fraction=80.2569%, Lmin=-2.66, Lmax=-0.27
18:04:21 [ultranest] [DEBUG] iteration=2515, ncalls=24302, regioncalls=1104080, ndraw=40, logz=-9.14, remainder_fraction=80.1824%, Lmin=-2.66, Lmax=-0.27
18:04:21 [ultranest] [DEBUG] iteration=2516, ncalls=24332, regioncalls=1105640, ndraw=40, logz=-9.14, remainder_fraction=80.1044%, Lmin=-2.66, Lmax=-0.27
18:04:22 [ultranest] [DEBUG] iteration=2517, ncalls=24380, regioncalls=1107640, ndraw=40, logz=-9.14, remainder_fraction=80.0921%, Lmin=-2.65, Lmax=-0.27
18:04:22 [ultranest] [DEBUG] iteration=2519, ncalls=24438, regioncalls=1110680, ndraw=40, logz=-9.13, remainder_fraction=80.0111%, Lmin=-2.65, Lmax=-0.27
18:04:22 [ultranest] [DEBUG] iteration=2520, ncalls=24450, regioncalls=1111240, ndraw=40, logz=-9.13, remainder_fraction=79.9379%, Lmin=-2.64, Lmax=-0.27
18:04:23 [ultranest] [DEBUG] iteration=2521, ncalls=24463, regioncalls=1112160, ndraw=40, logz=-9.12, remainder_fraction=79.8921%, Lmin=-2.64, Lmax=-0.27
18:04:23 [ultranest] [DEBUG] iteration=2522, ncalls=24517, regioncalls=1115640, ndraw=40, logz=-9.12, remainder_fraction=79.8045%, Lmin=-2.63, Lmax=-0.27
18:04:24 [ultranest] [DEBUG] iteration=2523, ncalls=24574, regioncalls=1118920, ndraw=40, logz=-9.12, remainder_fraction=79.7878%, Lmin=-2.63, Lmax=-0.27
18:04:24 [ultranest] [DEBUG] iteration=2524, ncalls=24633, regioncalls=1122120, ndraw=40, logz=-9.12, remainder_fraction=79.7086%, Lmin=-2.63, Lmax=-0.27
18:04:24 [ultranest] [DEBUG] iteration=2526, ncalls=24663, regioncalls=1123880, ndraw=40, logz=-9.11, remainder_fraction=79.5807%, Lmin=-2.63, Lmax=-0.27
18:04:25 [ultranest] [DEBUG] iteration=2528, ncalls=24734, regioncalls=1128080, ndraw=40, logz=-9.10, remainder_fraction=79.4483%, Lmin=-2.61, Lmax=-0.24
18:04:25 [ultranest] [DEBUG] iteration=2530, ncalls=24763, regioncalls=1129440, ndraw=40, logz=-9.10, remainder_fraction=79.4169%, Lmin=-2.60, Lmax=-0.24
18:04:26 [ultranest] [DEBUG] iteration=2531, ncalls=24823, regioncalls=1132320, ndraw=40, logz=-9.09, remainder_fraction=79.3291%, Lmin=-2.60, Lmax=-0.24
18:04:26 [ultranest] [DEBUG] iteration=2532, ncalls=24862, regioncalls=1134400, ndraw=40, logz=-9.09, remainder_fraction=79.3606%, Lmin=-2.60, Lmax=-0.24
18:04:26 [ultranest] [DEBUG] iteration=2533, ncalls=24901, regioncalls=1135960, ndraw=40, logz=-9.09, remainder_fraction=79.2816%, Lmin=-2.59, Lmax=-0.24
18:04:27 [ultranest] [DEBUG] iteration=2534, ncalls=24940, regioncalls=1138080, ndraw=40, logz=-9.09, remainder_fraction=79.2347%, Lmin=-2.58, Lmax=-0.24
18:04:27 [ultranest] [DEBUG] iteration=2535, ncalls=24958, regioncalls=1139160, ndraw=40, logz=-9.08, remainder_fraction=79.1493%, Lmin=-2.57, Lmax=-0.24
18:04:27 [ultranest] [DEBUG] iteration=2537, ncalls=24978, regioncalls=1140280, ndraw=40, logz=-9.08, remainder_fraction=78.9731%, Lmin=-2.55, Lmax=-0.24
18:04:29 [ultranest] [DEBUG] iteration=2538, ncalls=25175, regioncalls=1150160, ndraw=40, logz=-9.07, remainder_fraction=78.8891%, Lmin=-2.52, Lmax=-0.24
18:04:29 [ultranest] [DEBUG] iteration=2539, ncalls=25191, regioncalls=1151200, ndraw=40, logz=-9.07, remainder_fraction=78.8126%, Lmin=-2.52, Lmax=-0.24
18:04:29 [ultranest] [DEBUG] iteration=2540, ncalls=25269, regioncalls=1155320, ndraw=40, logz=-9.07, remainder_fraction=78.7241%, Lmin=-2.51, Lmax=-0.24
18:04:30 [ultranest] [DEBUG] iteration=2541, ncalls=25284, regioncalls=1156000, ndraw=40, logz=-9.06, remainder_fraction=78.6586%, Lmin=-2.50, Lmax=-0.24
18:04:30 [ultranest] [DEBUG] iteration=2543, ncalls=25299, regioncalls=1156880, ndraw=40, logz=-9.06, remainder_fraction=78.4984%, Lmin=-2.49, Lmax=-0.24
18:04:30 [ultranest] [DEBUG] iteration=2544, ncalls=25317, regioncalls=1158240, ndraw=40, logz=-9.06, remainder_fraction=78.4152%, Lmin=-2.49, Lmax=-0.24
18:04:31 [ultranest] [DEBUG] iteration=2545, ncalls=25420, regioncalls=1163760, ndraw=40, logz=-9.05, remainder_fraction=78.3388%, Lmin=-2.48, Lmax=-0.24
18:04:31 [ultranest] [DEBUG] iteration=2546, ncalls=25467, regioncalls=1166880, ndraw=40, logz=-9.05, remainder_fraction=78.2834%, Lmin=-2.46, Lmax=-0.24
18:04:31 [ultranest] [DEBUG] iteration=2547, ncalls=25490, regioncalls=1168360, ndraw=40, logz=-9.05, remainder_fraction=78.1882%, Lmin=-2.46, Lmax=-0.24
18:04:32 [ultranest] [DEBUG] iteration=2548, ncalls=25539, regioncalls=1170880, ndraw=40, logz=-9.04, remainder_fraction=78.1970%, Lmin=-2.46, Lmax=-0.24
18:04:32 [ultranest] [DEBUG] iteration=2549, ncalls=25589, regioncalls=1173680, ndraw=40, logz=-9.04, remainder_fraction=78.1058%, Lmin=-2.46, Lmax=-0.24
18:04:32 [ultranest] [DEBUG] iteration=2550, ncalls=25625, regioncalls=1175840, ndraw=40, logz=-9.04, remainder_fraction=78.0108%, Lmin=-2.45, Lmax=-0.24
18:04:33 [ultranest] [DEBUG] iteration=2551, ncalls=25723, regioncalls=1181280, ndraw=40, logz=-9.03, remainder_fraction=77.9277%, Lmin=-2.45, Lmax=-0.24
18:04:34 [ultranest] [DEBUG] iteration=2552, ncalls=25795, regioncalls=1185040, ndraw=40, logz=-9.03, remainder_fraction=77.8467%, Lmin=-2.45, Lmax=-0.24
18:04:34 [ultranest] [DEBUG] iteration=2553, ncalls=25864, regioncalls=1188880, ndraw=40, logz=-9.03, remainder_fraction=77.7634%, Lmin=-2.45, Lmax=-0.24
18:04:35 [ultranest] [DEBUG] iteration=2554, ncalls=25941, regioncalls=1193720, ndraw=40, logz=-9.02, remainder_fraction=77.7052%, Lmin=-2.44, Lmax=-0.24
18:04:35 [ultranest] [DEBUG] iteration=2555, ncalls=25969, regioncalls=1195480, ndraw=40, logz=-9.02, remainder_fraction=77.6272%, Lmin=-2.44, Lmax=-0.24
18:04:36 [ultranest] [DEBUG] iteration=2556, ncalls=26006, regioncalls=1197160, ndraw=40, logz=-9.02, remainder_fraction=77.5739%, Lmin=-2.44, Lmax=-0.24
18:04:36 [ultranest] [DEBUG] iteration=2557, ncalls=26030, regioncalls=1198480, ndraw=40, logz=-9.02, remainder_fraction=77.5126%, Lmin=-2.44, Lmax=-0.24
18:04:36 [ultranest] [DEBUG] iteration=2558, ncalls=26087, regioncalls=1202320, ndraw=40, logz=-9.01, remainder_fraction=77.4186%, Lmin=-2.43, Lmax=-0.24
18:04:36 [ultranest] [DEBUG] iteration=2559, ncalls=26121, regioncalls=1204360, ndraw=40, logz=-9.01, remainder_fraction=77.3684%, Lmin=-2.43, Lmax=-0.24
18:04:37 [ultranest] [DEBUG] iteration=2560, ncalls=26194, regioncalls=1208840, ndraw=40, logz=-9.01, remainder_fraction=77.2727%, Lmin=-2.43, Lmax=-0.24
18:04:37 [ultranest] [DEBUG] iteration=2562, ncalls=26211, regioncalls=1209520, ndraw=40, logz=-9.00, remainder_fraction=77.1334%, Lmin=-2.42, Lmax=-0.24
18:04:38 [ultranest] [DEBUG] iteration=2563, ncalls=26305, regioncalls=1214960, ndraw=40, logz=-9.00, remainder_fraction=77.0632%, Lmin=-2.42, Lmax=-0.24
18:04:39 [ultranest] [DEBUG] iteration=2564, ncalls=26364, regioncalls=1218520, ndraw=40, logz=-8.99, remainder_fraction=76.9775%, Lmin=-2.42, Lmax=-0.24
18:04:39 [ultranest] [DEBUG] iteration=2565, ncalls=26396, regioncalls=1220440, ndraw=40, logz=-8.99, remainder_fraction=76.8870%, Lmin=-2.41, Lmax=-0.24
18:04:39 [ultranest] [DEBUG] iteration=2566, ncalls=26433, regioncalls=1222240, ndraw=40, logz=-8.99, remainder_fraction=76.8513%, Lmin=-2.40, Lmax=-0.24
18:04:40 [ultranest] [DEBUG] iteration=2567, ncalls=26522, regioncalls=1228080, ndraw=40, logz=-8.99, remainder_fraction=76.7565%, Lmin=-2.39, Lmax=-0.24
18:04:40 [ultranest] [DEBUG] iteration=2569, ncalls=26563, regioncalls=1230360, ndraw=40, logz=-8.98, remainder_fraction=76.5866%, Lmin=-2.38, Lmax=-0.24
18:04:40 [ultranest] [DEBUG] iteration=2571, ncalls=26576, regioncalls=1231280, ndraw=40, logz=-8.97, remainder_fraction=76.4348%, Lmin=-2.38, Lmax=-0.24
18:04:42 [ultranest] [DEBUG] iteration=2574, ncalls=26717, regioncalls=1240120, ndraw=40, logz=-8.96, remainder_fraction=76.2486%, Lmin=-2.37, Lmax=-0.24
18:04:42 [ultranest] [DEBUG] iteration=2577, ncalls=26788, regioncalls=1243760, ndraw=40, logz=-8.96, remainder_fraction=75.9746%, Lmin=-2.36, Lmax=-0.24
18:04:43 [ultranest] [DEBUG] iteration=2578, ncalls=26860, regioncalls=1247680, ndraw=40, logz=-8.95, remainder_fraction=75.8944%, Lmin=-2.36, Lmax=-0.24
18:04:43 [ultranest] [DEBUG] iteration=2579, ncalls=26893, regioncalls=1249000, ndraw=40, logz=-8.95, remainder_fraction=75.8027%, Lmin=-2.35, Lmax=-0.24
18:04:43 [ultranest] [DEBUG] iteration=2580, ncalls=26907, regioncalls=1249840, ndraw=40, logz=-8.95, remainder_fraction=75.7690%, Lmin=-2.35, Lmax=-0.24
18:04:44 [ultranest] [DEBUG] iteration=2582, ncalls=26994, regioncalls=1254520, ndraw=40, logz=-8.94, remainder_fraction=75.6578%, Lmin=-2.35, Lmax=-0.24
18:04:44 [ultranest] [DEBUG] iteration=2584, ncalls=27027, regioncalls=1256080, ndraw=40, logz=-8.94, remainder_fraction=75.5020%, Lmin=-2.33, Lmax=-0.24
18:04:45 [ultranest] [DEBUG] iteration=2586, ncalls=27046, regioncalls=1257440, ndraw=40, logz=-8.93, remainder_fraction=75.3323%, Lmin=-2.32, Lmax=-0.24
18:04:45 [ultranest] [DEBUG] iteration=2587, ncalls=27112, regioncalls=1262320, ndraw=40, logz=-8.93, remainder_fraction=75.2339%, Lmin=-2.31, Lmax=-0.24
18:04:46 [ultranest] [DEBUG] iteration=2588, ncalls=27151, regioncalls=1264120, ndraw=40, logz=-8.92, remainder_fraction=75.1355%, Lmin=-2.31, Lmax=-0.24
18:04:46 [ultranest] [DEBUG] iteration=2589, ncalls=27238, regioncalls=1268680, ndraw=40, logz=-8.92, remainder_fraction=75.0464%, Lmin=-2.31, Lmax=-0.24
18:04:46 [ultranest] [DEBUG] iteration=2590, ncalls=27251, regioncalls=1269560, ndraw=40, logz=-8.92, remainder_fraction=75.0180%, Lmin=-2.31, Lmax=-0.24
18:04:47 [ultranest] [DEBUG] iteration=2591, ncalls=27292, regioncalls=1272440, ndraw=40, logz=-8.92, remainder_fraction=74.9564%, Lmin=-2.30, Lmax=-0.24
18:04:47 [ultranest] [DEBUG] iteration=2592, ncalls=27346, regioncalls=1275880, ndraw=40, logz=-8.91, remainder_fraction=74.9143%, Lmin=-2.30, Lmax=-0.24
18:04:49 [ultranest] [DEBUG] iteration=2594, ncalls=27511, regioncalls=1284560, ndraw=40, logz=-8.91, remainder_fraction=74.8113%, Lmin=-2.30, Lmax=-0.24
18:04:49 [ultranest] [DEBUG] iteration=2595, ncalls=27534, regioncalls=1285920, ndraw=40, logz=-8.90, remainder_fraction=74.7169%, Lmin=-2.29, Lmax=-0.24
18:04:49 [ultranest] [DEBUG] iteration=2596, ncalls=27549, regioncalls=1286520, ndraw=40, logz=-8.90, remainder_fraction=74.6693%, Lmin=-2.28, Lmax=-0.24
18:04:49 [ultranest] [DEBUG] iteration=2597, ncalls=27585, regioncalls=1289480, ndraw=40, logz=-8.90, remainder_fraction=74.6097%, Lmin=-2.26, Lmax=-0.24
18:04:50 [ultranest] [DEBUG] iteration=2598, ncalls=27618, regioncalls=1291160, ndraw=40, logz=-8.90, remainder_fraction=74.5178%, Lmin=-2.26, Lmax=-0.24
18:04:50 [ultranest] [DEBUG] iteration=2599, ncalls=27708, regioncalls=1295800, ndraw=40, logz=-8.89, remainder_fraction=74.4991%, Lmin=-2.26, Lmax=-0.24
18:04:51 [ultranest] [DEBUG] iteration=2600, ncalls=27748, regioncalls=1297720, ndraw=40, logz=-8.89, remainder_fraction=74.4246%, Lmin=-2.26, Lmax=-0.24
18:04:51 [ultranest] [DEBUG] iteration=2601, ncalls=27806, regioncalls=1301160, ndraw=40, logz=-8.89, remainder_fraction=74.4345%, Lmin=-2.25, Lmax=-0.24
18:04:52 [ultranest] [DEBUG] iteration=2602, ncalls=27853, regioncalls=1304600, ndraw=40, logz=-8.88, remainder_fraction=74.3475%, Lmin=-2.25, Lmax=-0.24
18:04:52 [ultranest] [DEBUG] iteration=2604, ncalls=27884, regioncalls=1306840, ndraw=40, logz=-8.88, remainder_fraction=74.2243%, Lmin=-2.24, Lmax=-0.24
18:04:52 [ultranest] [DEBUG] iteration=2606, ncalls=27948, regioncalls=1310000, ndraw=40, logz=-8.87, remainder_fraction=74.0475%, Lmin=-2.23, Lmax=-0.24
18:04:54 [ultranest] [DEBUG] iteration=2608, ncalls=28101, regioncalls=1320040, ndraw=40, logz=-8.87, remainder_fraction=73.9151%, Lmin=-2.23, Lmax=-0.24
18:04:56 [ultranest] [DEBUG] iteration=2609, ncalls=28312, regioncalls=1331960, ndraw=40, logz=-8.86, remainder_fraction=73.8553%, Lmin=-2.23, Lmax=-0.24
18:04:56 [ultranest] [DEBUG] iteration=2610, ncalls=28321, regioncalls=1332400, ndraw=40, logz=-8.86, remainder_fraction=73.8203%, Lmin=-2.22, Lmax=-0.24
18:04:56 [ultranest] [DEBUG] iteration=2611, ncalls=28347, regioncalls=1333480, ndraw=40, logz=-8.86, remainder_fraction=73.7479%, Lmin=-2.22, Lmax=-0.24
18:04:57 [ultranest] [DEBUG] iteration=2613, ncalls=28366, regioncalls=1334240, ndraw=40, logz=-8.85, remainder_fraction=73.5646%, Lmin=-2.22, Lmax=-0.24
18:04:57 [ultranest] [DEBUG] iteration=2614, ncalls=28397, regioncalls=1335520, ndraw=40, logz=-8.85, remainder_fraction=73.4925%, Lmin=-2.21, Lmax=-0.24
18:04:57 [ultranest] [DEBUG] iteration=2615, ncalls=28447, regioncalls=1337800, ndraw=40, logz=-8.85, remainder_fraction=73.4132%, Lmin=-2.21, Lmax=-0.24
18:04:58 [ultranest] [DEBUG] iteration=2617, ncalls=28469, regioncalls=1338800, ndraw=40, logz=-8.84, remainder_fraction=73.2332%, Lmin=-2.20, Lmax=-0.24
18:04:58 [ultranest] [DEBUG] iteration=2618, ncalls=28536, regioncalls=1342440, ndraw=40, logz=-8.84, remainder_fraction=73.1545%, Lmin=-2.20, Lmax=-0.24
18:04:59 [ultranest] [DEBUG] iteration=2619, ncalls=28577, regioncalls=1345000, ndraw=40, logz=-8.84, remainder_fraction=73.1031%, Lmin=-2.20, Lmax=-0.24
18:04:59 [ultranest] [DEBUG] iteration=2621, ncalls=28610, regioncalls=1346480, ndraw=40, logz=-8.83, remainder_fraction=72.9221%, Lmin=-2.20, Lmax=-0.24
18:04:59 [ultranest] [DEBUG] iteration=2622, ncalls=28621, regioncalls=1346920, ndraw=40, logz=-8.83, remainder_fraction=72.9215%, Lmin=-2.19, Lmax=-0.24
18:05:00 [ultranest] [DEBUG] iteration=2624, ncalls=28640, regioncalls=1347840, ndraw=40, logz=-8.82, remainder_fraction=72.7456%, Lmin=-2.18, Lmax=-0.24
18:05:00 [ultranest] [DEBUG] iteration=2625, ncalls=28661, regioncalls=1348720, ndraw=40, logz=-8.82, remainder_fraction=72.6529%, Lmin=-2.17, Lmax=-0.24
18:05:00 [ultranest] [DEBUG] iteration=2626, ncalls=28694, regioncalls=1350200, ndraw=40, logz=-8.82, remainder_fraction=72.5665%, Lmin=-2.17, Lmax=-0.24
18:05:01 [ultranest] [DEBUG] iteration=2627, ncalls=28748, regioncalls=1352920, ndraw=40, logz=-8.82, remainder_fraction=72.4783%, Lmin=-2.17, Lmax=-0.24
18:05:01 [ultranest] [DEBUG] iteration=2629, ncalls=28771, regioncalls=1353840, ndraw=40, logz=-8.81, remainder_fraction=72.2792%, Lmin=-2.16, Lmax=-0.24
18:05:01 [ultranest] [DEBUG] iteration=2630, ncalls=28793, regioncalls=1354760, ndraw=40, logz=-8.81, remainder_fraction=72.2102%, Lmin=-2.15, Lmax=-0.24
18:05:01 [ultranest] [DEBUG] iteration=2632, ncalls=28806, regioncalls=1355360, ndraw=40, logz=-8.80, remainder_fraction=72.0157%, Lmin=-2.14, Lmax=-0.24
18:05:02 [ultranest] [DEBUG] iteration=2634, ncalls=28852, regioncalls=1357560, ndraw=40, logz=-8.80, remainder_fraction=71.9363%, Lmin=-2.13, Lmax=-0.24
18:05:02 [ultranest] [DEBUG] iteration=2635, ncalls=28887, regioncalls=1359160, ndraw=40, logz=-8.79, remainder_fraction=71.8615%, Lmin=-2.13, Lmax=-0.24
18:05:02 [ultranest] [DEBUG] iteration=2636, ncalls=28908, regioncalls=1360400, ndraw=40, logz=-8.79, remainder_fraction=71.7579%, Lmin=-2.13, Lmax=-0.24
18:05:03 [ultranest] [DEBUG] iteration=2637, ncalls=28960, regioncalls=1363120, ndraw=40, logz=-8.79, remainder_fraction=71.7308%, Lmin=-2.13, Lmax=-0.24
18:05:03 [ultranest] [DEBUG] iteration=2638, ncalls=28999, regioncalls=1366120, ndraw=40, logz=-8.79, remainder_fraction=71.6598%, Lmin=-2.12, Lmax=-0.24
18:05:03 [ultranest] [DEBUG] iteration=2639, ncalls=29011, regioncalls=1366800, ndraw=40, logz=-8.78, remainder_fraction=71.5604%, Lmin=-2.12, Lmax=-0.24
18:05:04 [ultranest] [DEBUG] iteration=2640, ncalls=29072, regioncalls=1370040, ndraw=40, logz=-8.78, remainder_fraction=71.5174%, Lmin=-2.11, Lmax=-0.24
18:05:04 [ultranest] [DEBUG] iteration=2642, ncalls=29131, regioncalls=1372840, ndraw=40, logz=-8.77, remainder_fraction=71.3700%, Lmin=-2.11, Lmax=-0.24
18:05:05 [ultranest] [DEBUG] iteration=2645, ncalls=29213, regioncalls=1377160, ndraw=40, logz=-8.77, remainder_fraction=71.0992%, Lmin=-2.10, Lmax=-0.24
18:05:05 [ultranest] [DEBUG] iteration=2646, ncalls=29232, regioncalls=1378080, ndraw=40, logz=-8.76, remainder_fraction=71.0300%, Lmin=-2.10, Lmax=-0.24
18:05:05 [ultranest] [DEBUG] iteration=2648, ncalls=29250, regioncalls=1378920, ndraw=40, logz=-8.76, remainder_fraction=70.8687%, Lmin=-2.10, Lmax=-0.24
18:05:05 [ultranest] [DEBUG] iteration=2649, ncalls=29269, regioncalls=1380240, ndraw=40, logz=-8.76, remainder_fraction=70.7761%, Lmin=-2.09, Lmax=-0.24
18:05:06 [ultranest] [DEBUG] iteration=2651, ncalls=29292, regioncalls=1381440, ndraw=40, logz=-8.75, remainder_fraction=70.5965%, Lmin=-2.08, Lmax=-0.24
18:05:06 [ultranest] [DEBUG] iteration=2652, ncalls=29309, regioncalls=1382280, ndraw=40, logz=-8.75, remainder_fraction=70.5585%, Lmin=-2.08, Lmax=-0.24
18:05:06 [ultranest] [DEBUG] iteration=2653, ncalls=29349, regioncalls=1384000, ndraw=40, logz=-8.75, remainder_fraction=70.4557%, Lmin=-2.07, Lmax=-0.24
18:05:07 [ultranest] [DEBUG] iteration=2655, ncalls=29400, regioncalls=1386440, ndraw=40, logz=-8.74, remainder_fraction=70.2656%, Lmin=-2.07, Lmax=-0.24
18:05:07 [ultranest] [DEBUG] iteration=2658, ncalls=29424, regioncalls=1387800, ndraw=40, logz=-8.73, remainder_fraction=70.1050%, Lmin=-2.07, Lmax=-0.24
18:05:08 [ultranest] [DEBUG] iteration=2661, ncalls=29550, regioncalls=1393400, ndraw=40, logz=-8.73, remainder_fraction=69.8431%, Lmin=-2.05, Lmax=-0.24
18:05:08 [ultranest] [DEBUG] iteration=2663, ncalls=29564, regioncalls=1394240, ndraw=40, logz=-8.72, remainder_fraction=69.6823%, Lmin=-2.05, Lmax=-0.24
18:05:08 [ultranest] [DEBUG] iteration=2664, ncalls=29577, regioncalls=1394960, ndraw=40, logz=-8.72, remainder_fraction=69.5901%, Lmin=-2.03, Lmax=-0.24
18:05:08 [ultranest] [DEBUG] iteration=2666, ncalls=29605, regioncalls=1396360, ndraw=40, logz=-8.71, remainder_fraction=69.4502%, Lmin=-2.03, Lmax=-0.24
18:05:09 [ultranest] [DEBUG] iteration=2667, ncalls=29674, regioncalls=1399760, ndraw=40, logz=-8.71, remainder_fraction=69.3479%, Lmin=-2.03, Lmax=-0.24
18:05:09 [ultranest] [DEBUG] iteration=2668, ncalls=29686, regioncalls=1400520, ndraw=40, logz=-8.71, remainder_fraction=69.2570%, Lmin=-2.02, Lmax=-0.24
18:05:09 [ultranest] [DEBUG] iteration=2669, ncalls=29729, regioncalls=1402880, ndraw=40, logz=-8.71, remainder_fraction=69.1649%, Lmin=-2.02, Lmax=-0.24
18:05:10 [ultranest] [DEBUG] iteration=2671, ncalls=29758, regioncalls=1404280, ndraw=40, logz=-8.70, remainder_fraction=68.9702%, Lmin=-2.01, Lmax=-0.24
18:05:10 [ultranest] [DEBUG] iteration=2672, ncalls=29855, regioncalls=1409440, ndraw=40, logz=-8.70, remainder_fraction=68.8681%, Lmin=-2.01, Lmax=-0.24
18:05:11 [ultranest] [DEBUG] iteration=2675, ncalls=29882, regioncalls=1410800, ndraw=40, logz=-8.69, remainder_fraction=68.5899%, Lmin=-2.00, Lmax=-0.24
18:05:11 [ultranest] [DEBUG] iteration=2676, ncalls=29946, regioncalls=1413680, ndraw=40, logz=-8.69, remainder_fraction=68.4921%, Lmin=-2.00, Lmax=-0.24
18:05:12 [ultranest] [DEBUG] iteration=2678, ncalls=30028, regioncalls=1417400, ndraw=40, logz=-8.68, remainder_fraction=68.3076%, Lmin=-1.99, Lmax=-0.24
18:05:12 [ultranest] [DEBUG] iteration=2679, ncalls=30058, regioncalls=1418920, ndraw=40, logz=-8.68, remainder_fraction=68.2569%, Lmin=-1.99, Lmax=-0.24
18:05:12 [ultranest] [DEBUG] iteration=2680, ncalls=30062, regioncalls=1419120, ndraw=40, logz=-8.68, remainder_fraction=68.2225%, Lmin=-1.99, Lmax=-0.24
18:05:12 [ultranest] [DEBUG] iteration=2681, ncalls=30107, regioncalls=1421400, ndraw=40, logz=-8.68, remainder_fraction=68.1596%, Lmin=-1.99, Lmax=-0.24
18:05:13 [ultranest] [DEBUG] iteration=2682, ncalls=30152, regioncalls=1424000, ndraw=40, logz=-8.67, remainder_fraction=68.0608%, Lmin=-1.98, Lmax=-0.24
18:05:13 [ultranest] [DEBUG] iteration=2683, ncalls=30171, regioncalls=1424800, ndraw=40, logz=-8.67, remainder_fraction=67.9567%, Lmin=-1.98, Lmax=-0.24
18:05:13 [ultranest] [DEBUG] iteration=2684, ncalls=30184, regioncalls=1425600, ndraw=40, logz=-8.67, remainder_fraction=67.8491%, Lmin=-1.98, Lmax=-0.19
18:05:14 [ultranest] [DEBUG] iteration=2685, ncalls=30261, regioncalls=1429320, ndraw=40, logz=-8.67, remainder_fraction=67.7927%, Lmin=-1.97, Lmax=-0.19
18:05:14 [ultranest] [DEBUG] iteration=2686, ncalls=30302, regioncalls=1431360, ndraw=40, logz=-8.66, remainder_fraction=67.8098%, Lmin=-1.97, Lmax=-0.19
18:05:14 [ultranest] [DEBUG] iteration=2688, ncalls=30321, regioncalls=1432160, ndraw=40, logz=-8.66, remainder_fraction=67.6251%, Lmin=-1.97, Lmax=-0.19
18:05:14 [ultranest] [DEBUG] iteration=2689, ncalls=30337, regioncalls=1432960, ndraw=40, logz=-8.66, remainder_fraction=67.5655%, Lmin=-1.97, Lmax=-0.19
18:05:15 [ultranest] [DEBUG] iteration=2690, ncalls=30350, regioncalls=1433920, ndraw=40, logz=-8.65, remainder_fraction=67.4930%, Lmin=-1.96, Lmax=-0.19
18:05:15 [ultranest] [DEBUG] iteration=2691, ncalls=30414, regioncalls=1437480, ndraw=40, logz=-8.65, remainder_fraction=67.4642%, Lmin=-1.96, Lmax=-0.19
18:05:16 [ultranest] [DEBUG] iteration=2692, ncalls=30474, regioncalls=1440840, ndraw=40, logz=-8.65, remainder_fraction=67.3827%, Lmin=-1.96, Lmax=-0.19
18:05:16 [ultranest] [DEBUG] iteration=2694, ncalls=30507, regioncalls=1442640, ndraw=40, logz=-8.64, remainder_fraction=67.2940%, Lmin=-1.96, Lmax=-0.19
18:05:16 [ultranest] [DEBUG] iteration=2695, ncalls=30551, regioncalls=1444560, ndraw=40, logz=-8.64, remainder_fraction=67.1869%, Lmin=-1.95, Lmax=-0.19
18:05:17 [ultranest] [DEBUG] iteration=2696, ncalls=30590, regioncalls=1446320, ndraw=40, logz=-8.64, remainder_fraction=67.0903%, Lmin=-1.95, Lmax=-0.19
18:05:17 [ultranest] [DEBUG] iteration=2697, ncalls=30611, regioncalls=1447520, ndraw=40, logz=-8.64, remainder_fraction=67.0172%, Lmin=-1.94, Lmax=-0.19
18:05:17 [ultranest] [DEBUG] iteration=2698, ncalls=30662, regioncalls=1449880, ndraw=40, logz=-8.63, remainder_fraction=67.0003%, Lmin=-1.94, Lmax=-0.19
18:05:17 [ultranest] [DEBUG] iteration=2699, ncalls=30690, regioncalls=1451200, ndraw=40, logz=-8.63, remainder_fraction=66.9539%, Lmin=-1.94, Lmax=-0.19
18:05:18 [ultranest] [DEBUG] iteration=2700, ncalls=30724, regioncalls=1453000, ndraw=40, logz=-8.63, remainder_fraction=66.8515%, Lmin=-1.94, Lmax=-0.19
18:05:18 [ultranest] [DEBUG] iteration=2701, ncalls=30767, regioncalls=1454720, ndraw=40, logz=-8.63, remainder_fraction=66.7674%, Lmin=-1.94, Lmax=-0.19
18:05:19 [ultranest] [DEBUG] iteration=2702, ncalls=30827, regioncalls=1458200, ndraw=40, logz=-8.62, remainder_fraction=66.6666%, Lmin=-1.93, Lmax=-0.19
18:05:19 [ultranest] [DEBUG] iteration=2703, ncalls=30845, regioncalls=1458960, ndraw=40, logz=-8.62, remainder_fraction=66.5632%, Lmin=-1.93, Lmax=-0.19
18:05:19 [ultranest] [DEBUG] iteration=2704, ncalls=30929, regioncalls=1462960, ndraw=40, logz=-8.62, remainder_fraction=66.4717%, Lmin=-1.93, Lmax=-0.19
18:05:20 [ultranest] [DEBUG] iteration=2706, ncalls=30998, regioncalls=1466600, ndraw=40, logz=-8.62, remainder_fraction=66.3040%, Lmin=-1.93, Lmax=-0.19
18:05:20 [ultranest] [DEBUG] iteration=2708, ncalls=31024, regioncalls=1467920, ndraw=40, logz=-8.61, remainder_fraction=66.1994%, Lmin=-1.93, Lmax=-0.19
18:05:20 [ultranest] [DEBUG] iteration=2709, ncalls=31050, regioncalls=1469040, ndraw=40, logz=-8.61, remainder_fraction=66.1129%, Lmin=-1.92, Lmax=-0.19
18:05:21 [ultranest] [DEBUG] iteration=2711, ncalls=31071, regioncalls=1470040, ndraw=40, logz=-8.60, remainder_fraction=65.9703%, Lmin=-1.92, Lmax=-0.19
18:05:21 [ultranest] [DEBUG] iteration=2712, ncalls=31099, regioncalls=1472160, ndraw=40, logz=-8.60, remainder_fraction=65.9516%, Lmin=-1.92, Lmax=-0.19
18:05:21 [ultranest] [DEBUG] iteration=2714, ncalls=31151, regioncalls=1474720, ndraw=40, logz=-8.60, remainder_fraction=65.8261%, Lmin=-1.90, Lmax=-0.19
18:05:21 [ultranest] [DEBUG] iteration=2715, ncalls=31172, regioncalls=1476040, ndraw=40, logz=-8.60, remainder_fraction=65.7216%, Lmin=-1.89, Lmax=-0.19
18:05:22 [ultranest] [DEBUG] iteration=2717, ncalls=31200, regioncalls=1477480, ndraw=40, logz=-8.59, remainder_fraction=65.5978%, Lmin=-1.89, Lmax=-0.19
18:05:22 [ultranest] [DEBUG] iteration=2718, ncalls=31242, regioncalls=1480560, ndraw=40, logz=-8.59, remainder_fraction=65.4997%, Lmin=-1.89, Lmax=-0.19
18:05:22 [ultranest] [DEBUG] iteration=2719, ncalls=31272, regioncalls=1482080, ndraw=40, logz=-8.59, remainder_fraction=65.4772%, Lmin=-1.88, Lmax=-0.19
18:05:22 [ultranest] [DEBUG] iteration=2720, ncalls=31291, regioncalls=1483280, ndraw=40, logz=-8.58, remainder_fraction=65.3978%, Lmin=-1.87, Lmax=-0.19
18:05:23 [ultranest] [DEBUG] iteration=2721, ncalls=31309, regioncalls=1484120, ndraw=40, logz=-8.58, remainder_fraction=65.3500%, Lmin=-1.87, Lmax=-0.19
18:05:23 [ultranest] [DEBUG] iteration=2724, ncalls=31389, regioncalls=1488440, ndraw=40, logz=-8.57, remainder_fraction=65.0864%, Lmin=-1.86, Lmax=-0.19
18:05:23 [ultranest] [DEBUG] iteration=2725, ncalls=31408, regioncalls=1489560, ndraw=40, logz=-8.57, remainder_fraction=65.0522%, Lmin=-1.86, Lmax=-0.19
18:05:24 [ultranest] [DEBUG] iteration=2727, ncalls=31451, regioncalls=1492240, ndraw=40, logz=-8.57, remainder_fraction=64.9857%, Lmin=-1.86, Lmax=-0.19
18:05:24 [ultranest] [DEBUG] iteration=2728, ncalls=31496, regioncalls=1494680, ndraw=40, logz=-8.57, remainder_fraction=64.9243%, Lmin=-1.85, Lmax=-0.19
18:05:25 [ultranest] [DEBUG] iteration=2730, ncalls=31530, regioncalls=1496240, ndraw=40, logz=-8.56, remainder_fraction=64.8036%, Lmin=-1.85, Lmax=-0.19
18:05:25 [ultranest] [DEBUG] iteration=2731, ncalls=31573, regioncalls=1498360, ndraw=40, logz=-8.56, remainder_fraction=64.6964%, Lmin=-1.85, Lmax=-0.19
18:05:25 [ultranest] [DEBUG] iteration=2732, ncalls=31586, regioncalls=1499040, ndraw=40, logz=-8.56, remainder_fraction=64.6478%, Lmin=-1.84, Lmax=-0.19
18:05:25 [ultranest] [DEBUG] iteration=2733, ncalls=31619, regioncalls=1500560, ndraw=40, logz=-8.55, remainder_fraction=64.5572%, Lmin=-1.84, Lmax=-0.19
18:05:25 [ultranest] [DEBUG] iteration=2734, ncalls=31636, regioncalls=1501800, ndraw=40, logz=-8.55, remainder_fraction=64.5562%, Lmin=-1.84, Lmax=-0.19
18:05:26 [ultranest] [DEBUG] iteration=2735, ncalls=31657, regioncalls=1503160, ndraw=40, logz=-8.55, remainder_fraction=64.5598%, Lmin=-1.84, Lmax=-0.19
18:05:26 [ultranest] [DEBUG] iteration=2736, ncalls=31678, regioncalls=1504080, ndraw=40, logz=-8.55, remainder_fraction=64.4882%, Lmin=-1.84, Lmax=-0.19
18:05:27 [ultranest] [DEBUG] iteration=2738, ncalls=31769, regioncalls=1508680, ndraw=40, logz=-8.54, remainder_fraction=64.2853%, Lmin=-1.83, Lmax=-0.19
18:05:28 [ultranest] [DEBUG] iteration=2739, ncalls=31926, regioncalls=1517080, ndraw=40, logz=-8.54, remainder_fraction=64.1893%, Lmin=-1.83, Lmax=-0.19
18:05:28 [ultranest] [DEBUG] iteration=2740, ncalls=31971, regioncalls=1519400, ndraw=40, logz=-8.54, remainder_fraction=64.0888%, Lmin=-1.83, Lmax=-0.19
18:05:30 [ultranest] [DEBUG] iteration=2743, ncalls=32112, regioncalls=1525680, ndraw=40, logz=-8.53, remainder_fraction=63.8675%, Lmin=-1.83, Lmax=-0.19
18:05:30 [ultranest] [DEBUG] iteration=2744, ncalls=32131, regioncalls=1526480, ndraw=40, logz=-8.53, remainder_fraction=63.7753%, Lmin=-1.83, Lmax=-0.19
18:05:30 [ultranest] [DEBUG] iteration=2745, ncalls=32177, regioncalls=1528800, ndraw=40, logz=-8.53, remainder_fraction=63.7372%, Lmin=-1.83, Lmax=-0.19
18:05:30 [ultranest] [DEBUG] iteration=2747, ncalls=32196, regioncalls=1529560, ndraw=40, logz=-8.52, remainder_fraction=63.5508%, Lmin=-1.82, Lmax=-0.19
18:05:31 [ultranest] [DEBUG] iteration=2748, ncalls=32264, regioncalls=1532920, ndraw=40, logz=-8.52, remainder_fraction=63.4600%, Lmin=-1.81, Lmax=-0.19
18:05:31 [ultranest] [DEBUG] iteration=2750, ncalls=32299, regioncalls=1534360, ndraw=40, logz=-8.52, remainder_fraction=63.2762%, Lmin=-1.81, Lmax=-0.18
18:05:31 [ultranest] [DEBUG] iteration=2753, ncalls=32337, regioncalls=1536480, ndraw=40, logz=-8.51, remainder_fraction=63.0984%, Lmin=-1.79, Lmax=-0.18
18:05:32 [ultranest] [DEBUG] iteration=2754, ncalls=32353, regioncalls=1537400, ndraw=40, logz=-8.51, remainder_fraction=63.0319%, Lmin=-1.79, Lmax=-0.18
18:05:32 [ultranest] [DEBUG] iteration=2755, ncalls=32415, regioncalls=1540680, ndraw=40, logz=-8.51, remainder_fraction=62.9249%, Lmin=-1.79, Lmax=-0.18
18:05:32 [ultranest] [DEBUG] iteration=2756, ncalls=32431, regioncalls=1541600, ndraw=40, logz=-8.50, remainder_fraction=62.8186%, Lmin=-1.78, Lmax=-0.18
18:05:33 [ultranest] [DEBUG] iteration=2757, ncalls=32468, regioncalls=1543400, ndraw=40, logz=-8.50, remainder_fraction=62.7531%, Lmin=-1.78, Lmax=-0.18
18:05:33 [ultranest] [DEBUG] iteration=2759, ncalls=32489, regioncalls=1544440, ndraw=40, logz=-8.50, remainder_fraction=62.5820%, Lmin=-1.78, Lmax=-0.18
18:05:33 [ultranest] [DEBUG] iteration=2760, ncalls=32523, regioncalls=1546720, ndraw=40, logz=-8.50, remainder_fraction=62.4863%, Lmin=-1.78, Lmax=-0.18
18:05:34 [ultranest] [DEBUG] iteration=2761, ncalls=32668, regioncalls=1554200, ndraw=40, logz=-8.49, remainder_fraction=62.3930%, Lmin=-1.77, Lmax=-0.18
18:05:35 [ultranest] [DEBUG] iteration=2762, ncalls=32698, regioncalls=1555760, ndraw=40, logz=-8.49, remainder_fraction=62.2945%, Lmin=-1.77, Lmax=-0.18
18:05:35 [ultranest] [DEBUG] iteration=2763, ncalls=32735, regioncalls=1557400, ndraw=40, logz=-8.49, remainder_fraction=62.1971%, Lmin=-1.77, Lmax=-0.18
18:05:35 [ultranest] [DEBUG] iteration=2765, ncalls=32755, regioncalls=1559000, ndraw=40, logz=-8.49, remainder_fraction=61.9915%, Lmin=-1.77, Lmax=-0.18
18:05:36 [ultranest] [DEBUG] iteration=2767, ncalls=32843, regioncalls=1563560, ndraw=40, logz=-8.48, remainder_fraction=61.8077%, Lmin=-1.76, Lmax=-0.18
18:05:36 [ultranest] [DEBUG] iteration=2768, ncalls=32914, regioncalls=1567400, ndraw=40, logz=-8.48, remainder_fraction=61.7860%, Lmin=-1.76, Lmax=-0.18
18:05:37 [ultranest] [DEBUG] iteration=2769, ncalls=32995, regioncalls=1573080, ndraw=40, logz=-8.48, remainder_fraction=61.7648%, Lmin=-1.75, Lmax=-0.18
18:05:38 [ultranest] [DEBUG] iteration=2770, ncalls=33056, regioncalls=1576360, ndraw=40, logz=-8.48, remainder_fraction=61.6861%, Lmin=-1.75, Lmax=-0.18
18:05:38 [ultranest] [DEBUG] iteration=2771, ncalls=33068, regioncalls=1576960, ndraw=40, logz=-8.47, remainder_fraction=61.5990%, Lmin=-1.75, Lmax=-0.18
18:05:38 [ultranest] [DEBUG] iteration=2772, ncalls=33126, regioncalls=1579440, ndraw=40, logz=-8.47, remainder_fraction=61.5349%, Lmin=-1.74, Lmax=-0.18
18:05:39 [ultranest] [DEBUG] iteration=2773, ncalls=33168, regioncalls=1581200, ndraw=40, logz=-8.47, remainder_fraction=61.4514%, Lmin=-1.74, Lmax=-0.18
18:05:39 [ultranest] [DEBUG] iteration=2774, ncalls=33180, regioncalls=1581720, ndraw=40, logz=-8.47, remainder_fraction=61.3643%, Lmin=-1.74, Lmax=-0.18
18:05:39 [ultranest] [DEBUG] iteration=2775, ncalls=33197, regioncalls=1582400, ndraw=40, logz=-8.47, remainder_fraction=61.2681%, Lmin=-1.74, Lmax=-0.18
18:05:39 [ultranest] [DEBUG] iteration=2777, ncalls=33257, regioncalls=1585080, ndraw=40, logz=-8.46, remainder_fraction=61.0965%, Lmin=-1.72, Lmax=-0.18
18:05:40 [ultranest] [DEBUG] iteration=2778, ncalls=33311, regioncalls=1587960, ndraw=40, logz=-8.46, remainder_fraction=60.9907%, Lmin=-1.72, Lmax=-0.18
18:05:41 [ultranest] [DEBUG] iteration=2780, ncalls=33382, regioncalls=1591080, ndraw=40, logz=-8.46, remainder_fraction=60.8992%, Lmin=-1.72, Lmax=-0.18
18:05:41 [ultranest] [DEBUG] iteration=2782, ncalls=33399, regioncalls=1591960, ndraw=40, logz=-8.45, remainder_fraction=60.7788%, Lmin=-1.71, Lmax=-0.18
18:05:41 [ultranest] [DEBUG] iteration=2783, ncalls=33418, regioncalls=1592720, ndraw=40, logz=-8.45, remainder_fraction=60.7204%, Lmin=-1.71, Lmax=-0.18
18:05:41 [ultranest] [DEBUG] iteration=2784, ncalls=33439, regioncalls=1593640, ndraw=40, logz=-8.45, remainder_fraction=60.6395%, Lmin=-1.71, Lmax=-0.18
18:05:41 [ultranest] [DEBUG] iteration=2785, ncalls=33478, regioncalls=1595880, ndraw=40, logz=-8.45, remainder_fraction=60.5406%, Lmin=-1.71, Lmax=-0.18
18:05:42 [ultranest] [DEBUG] iteration=2787, ncalls=33537, regioncalls=1598760, ndraw=40, logz=-8.44, remainder_fraction=60.3802%, Lmin=-1.70, Lmax=-0.18
18:05:43 [ultranest] [DEBUG] iteration=2788, ncalls=33662, regioncalls=1605400, ndraw=40, logz=-8.44, remainder_fraction=60.2740%, Lmin=-1.70, Lmax=-0.18
18:05:44 [ultranest] [DEBUG] iteration=2789, ncalls=33735, regioncalls=1608600, ndraw=40, logz=-8.44, remainder_fraction=60.1946%, Lmin=-1.70, Lmax=-0.18
18:05:44 [ultranest] [DEBUG] iteration=2790, ncalls=33764, regioncalls=1610360, ndraw=40, logz=-8.44, remainder_fraction=60.0932%, Lmin=-1.69, Lmax=-0.18
18:05:44 [ultranest] [DEBUG] iteration=2791, ncalls=33784, regioncalls=1611880, ndraw=40, logz=-8.43, remainder_fraction=60.0032%, Lmin=-1.69, Lmax=-0.18
18:05:44 [ultranest] [DEBUG] iteration=2793, ncalls=33801, regioncalls=1613280, ndraw=40, logz=-8.43, remainder_fraction=59.8289%, Lmin=-1.69, Lmax=-0.18
18:05:45 [ultranest] [DEBUG] iteration=2794, ncalls=33881, regioncalls=1619040, ndraw=40, logz=-8.43, remainder_fraction=59.7432%, Lmin=-1.69, Lmax=-0.18
18:05:45 [ultranest] [DEBUG] iteration=2795, ncalls=33912, regioncalls=1621480, ndraw=40, logz=-8.43, remainder_fraction=59.6481%, Lmin=-1.69, Lmax=-0.18
18:05:45 [ultranest] [DEBUG] iteration=2797, ncalls=33929, regioncalls=1623240, ndraw=40, logz=-8.42, remainder_fraction=59.4548%, Lmin=-1.68, Lmax=-0.18
18:05:46 [ultranest] [DEBUG] iteration=2798, ncalls=33969, regioncalls=1626240, ndraw=40, logz=-8.42, remainder_fraction=59.4118%, Lmin=-1.68, Lmax=-0.18
18:05:46 [ultranest] [DEBUG] iteration=2799, ncalls=34028, regioncalls=1630320, ndraw=40, logz=-8.42, remainder_fraction=59.3271%, Lmin=-1.68, Lmax=-0.18
18:05:46 [ultranest] [DEBUG] iteration=2800, ncalls=34030, regioncalls=1630400, ndraw=40, logz=-8.42, remainder_fraction=59.2387%, Lmin=-1.68, Lmax=-0.18
18:05:46 [ultranest] [DEBUG] iteration=2801, ncalls=34051, regioncalls=1632040, ndraw=40, logz=-8.41, remainder_fraction=59.1554%, Lmin=-1.68, Lmax=-0.18
18:05:47 [ultranest] [DEBUG] iteration=2802, ncalls=34086, regioncalls=1634960, ndraw=40, logz=-8.41, remainder_fraction=59.0628%, Lmin=-1.68, Lmax=-0.18
18:05:47 [ultranest] [DEBUG] iteration=2803, ncalls=34103, regioncalls=1636360, ndraw=40, logz=-8.41, remainder_fraction=58.9568%, Lmin=-1.68, Lmax=-0.18
18:05:47 [ultranest] [DEBUG] iteration=2804, ncalls=34129, regioncalls=1638360, ndraw=40, logz=-8.41, remainder_fraction=58.8690%, Lmin=-1.67, Lmax=-0.18
18:05:47 [ultranest] [DEBUG] iteration=2805, ncalls=34150, regioncalls=1639840, ndraw=40, logz=-8.41, remainder_fraction=58.7687%, Lmin=-1.67, Lmax=-0.18
18:05:47 [ultranest] [DEBUG] iteration=2806, ncalls=34163, regioncalls=1641160, ndraw=40, logz=-8.40, remainder_fraction=58.7129%, Lmin=-1.67, Lmax=-0.18
18:05:49 [ultranest] [DEBUG] iteration=2807, ncalls=34323, regioncalls=1651040, ndraw=40, logz=-8.40, remainder_fraction=58.6778%, Lmin=-1.67, Lmax=-0.18
18:05:49 [ultranest] [DEBUG] iteration=2809, ncalls=34346, regioncalls=1652840, ndraw=40, logz=-8.40, remainder_fraction=58.6023%, Lmin=-1.67, Lmax=-0.18
18:05:50 [ultranest] [DEBUG] iteration=2810, ncalls=34452, regioncalls=1661000, ndraw=40, logz=-8.40, remainder_fraction=58.5948%, Lmin=-1.67, Lmax=-0.18
18:05:50 [ultranest] [DEBUG] iteration=2812, ncalls=34476, regioncalls=1662840, ndraw=40, logz=-8.39, remainder_fraction=58.4225%, Lmin=-1.66, Lmax=-0.18
18:05:50 [ultranest] [DEBUG] iteration=2813, ncalls=34497, regioncalls=1664440, ndraw=40, logz=-8.39, remainder_fraction=58.3382%, Lmin=-1.66, Lmax=-0.18
18:05:51 [ultranest] [DEBUG] iteration=2814, ncalls=34515, regioncalls=1666400, ndraw=40, logz=-8.39, remainder_fraction=58.2456%, Lmin=-1.66, Lmax=-0.18
18:05:51 [ultranest] [DEBUG] iteration=2815, ncalls=34536, regioncalls=1667880, ndraw=40, logz=-8.39, remainder_fraction=58.1575%, Lmin=-1.66, Lmax=-0.11
18:05:51 [ultranest] [DEBUG] iteration=2816, ncalls=34570, regioncalls=1670760, ndraw=40, logz=-8.39, remainder_fraction=58.0797%, Lmin=-1.66, Lmax=-0.11
18:05:52 [ultranest] [DEBUG] iteration=2819, ncalls=34627, regioncalls=1675160, ndraw=40, logz=-8.38, remainder_fraction=57.9586%, Lmin=-1.66, Lmax=-0.11
18:05:52 [ultranest] [DEBUG] iteration=2820, ncalls=34733, regioncalls=1683960, ndraw=40, logz=-8.38, remainder_fraction=57.8550%, Lmin=-1.65, Lmax=-0.11
18:05:53 [ultranest] [DEBUG] iteration=2821, ncalls=34756, regioncalls=1685640, ndraw=40, logz=-8.38, remainder_fraction=57.7726%, Lmin=-1.65, Lmax=-0.11
18:05:54 [ultranest] [DEBUG] iteration=2822, ncalls=34881, regioncalls=1695880, ndraw=40, logz=-8.38, remainder_fraction=57.6968%, Lmin=-1.65, Lmax=-0.11
18:05:54 [ultranest] [DEBUG] iteration=2824, ncalls=34911, regioncalls=1698440, ndraw=40, logz=-8.37, remainder_fraction=57.4946%, Lmin=-1.64, Lmax=-0.11
18:05:54 [ultranest] [DEBUG] iteration=2825, ncalls=34926, regioncalls=1699200, ndraw=40, logz=-8.37, remainder_fraction=57.4159%, Lmin=-1.64, Lmax=-0.11
18:05:55 [ultranest] [DEBUG] iteration=2826, ncalls=34959, regioncalls=1701880, ndraw=40, logz=-8.37, remainder_fraction=57.3242%, Lmin=-1.64, Lmax=-0.11
18:05:55 [ultranest] [DEBUG] iteration=2827, ncalls=34989, regioncalls=1704080, ndraw=40, logz=-8.37, remainder_fraction=57.2448%, Lmin=-1.64, Lmax=-0.11
18:05:56 [ultranest] [DEBUG] iteration=2828, ncalls=35105, regioncalls=1712520, ndraw=40, logz=-8.36, remainder_fraction=57.1701%, Lmin=-1.63, Lmax=-0.11
18:05:56 [ultranest] [DEBUG] iteration=2829, ncalls=35126, regioncalls=1713840, ndraw=40, logz=-8.36, remainder_fraction=57.0705%, Lmin=-1.63, Lmax=-0.11
18:05:56 [ultranest] [DEBUG] iteration=2830, ncalls=35166, regioncalls=1717360, ndraw=40, logz=-8.36, remainder_fraction=57.0451%, Lmin=-1.62, Lmax=-0.11
18:05:57 [ultranest] [DEBUG] iteration=2831, ncalls=35189, regioncalls=1719720, ndraw=40, logz=-8.36, remainder_fraction=56.9952%, Lmin=-1.62, Lmax=-0.11
18:05:57 [ultranest] [DEBUG] iteration=2833, ncalls=35292, regioncalls=1727600, ndraw=40, logz=-8.36, remainder_fraction=56.8438%, Lmin=-1.62, Lmax=-0.11
18:05:58 [ultranest] [DEBUG] iteration=2834, ncalls=35340, regioncalls=1732000, ndraw=40, logz=-8.35, remainder_fraction=56.7597%, Lmin=-1.61, Lmax=-0.11
18:05:58 [ultranest] [DEBUG] iteration=2835, ncalls=35388, regioncalls=1735680, ndraw=40, logz=-8.35, remainder_fraction=56.6713%, Lmin=-1.61, Lmax=-0.11
18:05:59 [ultranest] [DEBUG] iteration=2836, ncalls=35455, regioncalls=1741600, ndraw=40, logz=-8.35, remainder_fraction=56.6045%, Lmin=-1.61, Lmax=-0.11
18:05:59 [ultranest] [DEBUG] iteration=2837, ncalls=35505, regioncalls=1745200, ndraw=40, logz=-8.35, remainder_fraction=56.5404%, Lmin=-1.60, Lmax=-0.11
18:06:01 [ultranest] [DEBUG] iteration=2838, ncalls=35633, regioncalls=1755720, ndraw=40, logz=-8.35, remainder_fraction=56.4719%, Lmin=-1.60, Lmax=-0.11
18:06:01 [ultranest] [DEBUG] iteration=2840, ncalls=35668, regioncalls=1758840, ndraw=40, logz=-8.34, remainder_fraction=56.3963%, Lmin=-1.59, Lmax=-0.11
18:06:02 [ultranest] [DEBUG] iteration=2841, ncalls=35735, regioncalls=1764680, ndraw=40, logz=-8.34, remainder_fraction=56.3220%, Lmin=-1.59, Lmax=-0.11
18:06:02 [ultranest] [DEBUG] iteration=2842, ncalls=35754, regioncalls=1765920, ndraw=40, logz=-8.34, remainder_fraction=56.2246%, Lmin=-1.59, Lmax=-0.11
18:06:03 [ultranest] [DEBUG] iteration=2843, ncalls=35797, regioncalls=1769080, ndraw=40, logz=-8.34, remainder_fraction=56.1910%, Lmin=-1.58, Lmax=-0.11
18:06:03 [ultranest] [DEBUG] iteration=2844, ncalls=35827, regioncalls=1771440, ndraw=40, logz=-8.34, remainder_fraction=56.0918%, Lmin=-1.58, Lmax=-0.11
18:06:04 [ultranest] [DEBUG] iteration=2845, ncalls=35837, regioncalls=1772120, ndraw=40, logz=-8.33, remainder_fraction=55.9878%, Lmin=-1.58, Lmax=-0.11
18:06:05 [ultranest] [DEBUG] iteration=2846, ncalls=35856, regioncalls=1773440, ndraw=40, logz=-8.33, remainder_fraction=55.8979%, Lmin=-1.58, Lmax=-0.11
18:06:05 [ultranest] [DEBUG] iteration=2847, ncalls=35897, regioncalls=1776400, ndraw=40, logz=-8.33, remainder_fraction=55.8115%, Lmin=-1.58, Lmax=-0.11
18:06:05 [ultranest] [DEBUG] iteration=2849, ncalls=35954, regioncalls=1781880, ndraw=40, logz=-8.33, remainder_fraction=55.6266%, Lmin=-1.57, Lmax=-0.11
18:06:07 [ultranest] [DEBUG] iteration=2850, ncalls=36125, regioncalls=1795080, ndraw=40, logz=-8.33, remainder_fraction=55.5845%, Lmin=-1.57, Lmax=-0.11
18:06:07 [ultranest] [DEBUG] iteration=2851, ncalls=36144, regioncalls=1797000, ndraw=40, logz=-8.32, remainder_fraction=55.4882%, Lmin=-1.57, Lmax=-0.11
18:06:07 [ultranest] [DEBUG] iteration=2852, ncalls=36154, regioncalls=1797760, ndraw=40, logz=-8.32, remainder_fraction=55.4116%, Lmin=-1.57, Lmax=-0.11
18:06:12 [ultranest] [DEBUG] iteration=2853, ncalls=36183, regioncalls=1800680, ndraw=40, logz=-8.32, remainder_fraction=55.3273%, Lmin=-1.57, Lmax=-0.11
18:06:12 [ultranest] [DEBUG] iteration=2854, ncalls=36200, regioncalls=1802200, ndraw=40, logz=-8.32, remainder_fraction=55.2447%, Lmin=-1.57, Lmax=-0.11
18:06:13 [ultranest] [DEBUG] iteration=2855, ncalls=36235, regioncalls=1805360, ndraw=40, logz=-8.32, remainder_fraction=55.1870%, Lmin=-1.56, Lmax=-0.11
18:06:13 [ultranest] [DEBUG] iteration=2856, ncalls=36270, regioncalls=1808240, ndraw=40, logz=-8.32, remainder_fraction=55.0832%, Lmin=-1.56, Lmax=-0.11
18:06:13 [ultranest] [DEBUG] iteration=2857, ncalls=36308, regioncalls=1810720, ndraw=40, logz=-8.31, remainder_fraction=55.0061%, Lmin=-1.56, Lmax=-0.11
18:06:14 [ultranest] [DEBUG] iteration=2858, ncalls=36372, regioncalls=1815800, ndraw=40, logz=-8.31, remainder_fraction=54.9271%, Lmin=-1.56, Lmax=-0.11
18:06:14 [ultranest] [DEBUG] iteration=2859, ncalls=36417, regioncalls=1818920, ndraw=40, logz=-8.31, remainder_fraction=54.8283%, Lmin=-1.55, Lmax=-0.11
18:06:15 [ultranest] [DEBUG] iteration=2860, ncalls=36501, regioncalls=1825400, ndraw=40, logz=-8.31, remainder_fraction=54.7633%, Lmin=-1.55, Lmax=-0.11
18:06:15 [ultranest] [DEBUG] iteration=2861, ncalls=36549, regioncalls=1829160, ndraw=40, logz=-8.31, remainder_fraction=54.7167%, Lmin=-1.55, Lmax=-0.11
18:06:16 [ultranest] [DEBUG] iteration=2862, ncalls=36573, regioncalls=1830720, ndraw=40, logz=-8.31, remainder_fraction=54.6268%, Lmin=-1.55, Lmax=-0.11
18:06:16 [ultranest] [DEBUG] iteration=2863, ncalls=36666, regioncalls=1837160, ndraw=40, logz=-8.30, remainder_fraction=54.5901%, Lmin=-1.55, Lmax=-0.11
18:06:17 [ultranest] [DEBUG] iteration=2864, ncalls=36706, regioncalls=1841040, ndraw=40, logz=-8.30, remainder_fraction=54.5705%, Lmin=-1.55, Lmax=-0.11
18:06:17 [ultranest] [DEBUG] iteration=2865, ncalls=36741, regioncalls=1843240, ndraw=40, logz=-8.30, remainder_fraction=54.4867%, Lmin=-1.55, Lmax=-0.11
18:06:17 [ultranest] [DEBUG] iteration=2866, ncalls=36769, regioncalls=1846000, ndraw=40, logz=-8.30, remainder_fraction=54.4504%, Lmin=-1.55, Lmax=-0.11
18:06:17 [ultranest] [DEBUG] iteration=2867, ncalls=36788, regioncalls=1847680, ndraw=40, logz=-8.30, remainder_fraction=54.3518%, Lmin=-1.54, Lmax=-0.11
18:06:18 [ultranest] [DEBUG] iteration=2869, ncalls=36889, regioncalls=1856160, ndraw=40, logz=-8.29, remainder_fraction=54.1853%, Lmin=-1.54, Lmax=-0.11
18:06:19 [ultranest] [DEBUG] iteration=2871, ncalls=36967, regioncalls=1861720, ndraw=40, logz=-8.29, remainder_fraction=54.0296%, Lmin=-1.54, Lmax=-0.11
18:06:19 [ultranest] [DEBUG] iteration=2872, ncalls=36989, regioncalls=1863400, ndraw=40, logz=-8.29, remainder_fraction=53.9320%, Lmin=-1.53, Lmax=-0.11
18:06:19 [ultranest] [DEBUG] iteration=2873, ncalls=37012, regioncalls=1865360, ndraw=40, logz=-8.29, remainder_fraction=53.8405%, Lmin=-1.53, Lmax=-0.11
18:06:20 [ultranest] [DEBUG] iteration=2876, ncalls=37049, regioncalls=1868520, ndraw=40, logz=-8.28, remainder_fraction=53.6340%, Lmin=-1.53, Lmax=-0.11
18:06:20 [ultranest] [DEBUG] iteration=2877, ncalls=37102, regioncalls=1872880, ndraw=40, logz=-8.28, remainder_fraction=53.5580%, Lmin=-1.53, Lmax=-0.11
18:06:20 [ultranest] [DEBUG] iteration=2878, ncalls=37126, regioncalls=1874880, ndraw=40, logz=-8.28, remainder_fraction=53.4825%, Lmin=-1.52, Lmax=-0.11
18:06:21 [ultranest] [DEBUG] iteration=2879, ncalls=37181, regioncalls=1880480, ndraw=40, logz=-8.28, remainder_fraction=53.3808%, Lmin=-1.52, Lmax=-0.11
18:06:21 [ultranest] [DEBUG] iteration=2880, ncalls=37243, regioncalls=1885560, ndraw=40, logz=-8.28, remainder_fraction=53.3264%, Lmin=-1.52, Lmax=-0.11
18:06:22 [ultranest] [DEBUG] iteration=2882, ncalls=37348, regioncalls=1893840, ndraw=40, logz=-8.27, remainder_fraction=53.2361%, Lmin=-1.52, Lmax=-0.11
18:06:22 [ultranest] [DEBUG] iteration=2883, ncalls=37369, regioncalls=1895640, ndraw=40, logz=-8.27, remainder_fraction=53.1411%, Lmin=-1.51, Lmax=-0.11
18:06:23 [ultranest] [DEBUG] iteration=2885, ncalls=37425, regioncalls=1900440, ndraw=40, logz=-8.27, remainder_fraction=52.9985%, Lmin=-1.51, Lmax=-0.11
18:06:24 [ultranest] [DEBUG] iteration=2887, ncalls=37490, regioncalls=1906160, ndraw=40, logz=-8.26, remainder_fraction=52.8698%, Lmin=-1.51, Lmax=-0.11
18:06:24 [ultranest] [DEBUG] iteration=2888, ncalls=37574, regioncalls=1912920, ndraw=40, logz=-8.26, remainder_fraction=52.8381%, Lmin=-1.51, Lmax=-0.11
18:06:25 [ultranest] [DEBUG] iteration=2890, ncalls=37625, regioncalls=1917560, ndraw=40, logz=-8.26, remainder_fraction=52.6900%, Lmin=-1.50, Lmax=-0.11
18:06:25 [ultranest] [DEBUG] iteration=2891, ncalls=37659, regioncalls=1920640, ndraw=40, logz=-8.26, remainder_fraction=52.6037%, Lmin=-1.50, Lmax=-0.11
18:06:25 [ultranest] [DEBUG] iteration=2892, ncalls=37674, regioncalls=1921640, ndraw=40, logz=-8.26, remainder_fraction=52.5344%, Lmin=-1.50, Lmax=-0.11
18:06:27 [ultranest] [DEBUG] iteration=2894, ncalls=37935, regioncalls=1943520, ndraw=40, logz=-8.25, remainder_fraction=52.4183%, Lmin=-1.50, Lmax=-0.11
18:06:28 [ultranest] [DEBUG] iteration=2895, ncalls=37947, regioncalls=1944680, ndraw=40, logz=-8.25, remainder_fraction=52.3445%, Lmin=-1.50, Lmax=-0.11
18:06:28 [ultranest] [DEBUG] iteration=2896, ncalls=37966, regioncalls=1946280, ndraw=40, logz=-8.25, remainder_fraction=52.2810%, Lmin=-1.49, Lmax=-0.11
18:06:28 [ultranest] [DEBUG] iteration=2897, ncalls=37981, regioncalls=1947640, ndraw=40, logz=-8.25, remainder_fraction=52.2041%, Lmin=-1.48, Lmax=-0.11
18:06:28 [ultranest] [DEBUG] iteration=2898, ncalls=38001, regioncalls=1948800, ndraw=40, logz=-8.25, remainder_fraction=52.1250%, Lmin=-1.48, Lmax=-0.11
18:06:28 [ultranest] [DEBUG] iteration=2899, ncalls=38026, regioncalls=1951000, ndraw=40, logz=-8.25, remainder_fraction=52.0386%, Lmin=-1.48, Lmax=-0.11
18:06:28 [ultranest] [DEBUG] iteration=2900, ncalls=38037, regioncalls=1951640, ndraw=40, logz=-8.24, remainder_fraction=51.9663%, Lmin=-1.48, Lmax=-0.11
18:06:29 [ultranest] [DEBUG] iteration=2903, ncalls=38095, regioncalls=1956680, ndraw=40, logz=-8.24, remainder_fraction=51.7259%, Lmin=-1.48, Lmax=-0.11
18:06:29 [ultranest] [DEBUG] iteration=2904, ncalls=38115, regioncalls=1958240, ndraw=40, logz=-8.24, remainder_fraction=51.6340%, Lmin=-1.48, Lmax=-0.11
18:06:29 [ultranest] [DEBUG] iteration=2905, ncalls=38163, regioncalls=1961320, ndraw=40, logz=-8.24, remainder_fraction=51.5411%, Lmin=-1.47, Lmax=-0.11
18:06:30 [ultranest] [DEBUG] iteration=2908, ncalls=38187, regioncalls=1963000, ndraw=40, logz=-8.23, remainder_fraction=51.2961%, Lmin=-1.46, Lmax=-0.11
18:06:30 [ultranest] [DEBUG] iteration=2909, ncalls=38219, regioncalls=1965960, ndraw=40, logz=-8.23, remainder_fraction=51.1983%, Lmin=-1.46, Lmax=-0.11
18:06:30 [ultranest] [DEBUG] iteration=2910, ncalls=38282, regioncalls=1970840, ndraw=40, logz=-8.23, remainder_fraction=51.1182%, Lmin=-1.46, Lmax=-0.11
18:06:31 [ultranest] [DEBUG] iteration=2912, ncalls=38310, regioncalls=1973080, ndraw=40, logz=-8.23, remainder_fraction=50.9833%, Lmin=-1.45, Lmax=-0.11
18:06:31 [ultranest] [DEBUG] iteration=2913, ncalls=38328, regioncalls=1974480, ndraw=40, logz=-8.23, remainder_fraction=50.9524%, Lmin=-1.45, Lmax=-0.11
18:06:31 [ultranest] [DEBUG] iteration=2915, ncalls=38348, regioncalls=1975920, ndraw=40, logz=-8.22, remainder_fraction=50.7777%, Lmin=-1.44, Lmax=-0.11
18:06:32 [ultranest] [DEBUG] iteration=2917, ncalls=38417, regioncalls=1980920, ndraw=40, logz=-8.22, remainder_fraction=50.5874%, Lmin=-1.44, Lmax=-0.11
18:06:32 [ultranest] [DEBUG] iteration=2918, ncalls=38494, regioncalls=1987280, ndraw=40, logz=-8.22, remainder_fraction=50.4969%, Lmin=-1.44, Lmax=-0.11
18:06:32 [ultranest] [DEBUG] iteration=2919, ncalls=38525, regioncalls=1989960, ndraw=40, logz=-8.22, remainder_fraction=50.4082%, Lmin=-1.44, Lmax=-0.11
18:06:33 [ultranest] [DEBUG] iteration=2920, ncalls=38544, regioncalls=1991480, ndraw=40, logz=-8.21, remainder_fraction=50.3239%, Lmin=-1.44, Lmax=-0.11
18:06:33 [ultranest] [DEBUG] iteration=2921, ncalls=38561, regioncalls=1993160, ndraw=40, logz=-8.21, remainder_fraction=50.2503%, Lmin=-1.44, Lmax=-0.11
18:06:33 [ultranest] [DEBUG] iteration=2922, ncalls=38608, regioncalls=1997360, ndraw=40, logz=-8.21, remainder_fraction=50.1578%, Lmin=-1.44, Lmax=-0.11
18:06:34 [ultranest] [DEBUG] iteration=2923, ncalls=38658, regioncalls=2001400, ndraw=40, logz=-8.21, remainder_fraction=50.0600%, Lmin=-1.43, Lmax=-0.11
18:06:34 [ultranest] [DEBUG] iteration=2925, ncalls=38726, regioncalls=2008360, ndraw=40, logz=-8.21, remainder_fraction=49.9253%, Lmin=-1.43, Lmax=-0.11
18:06:34 [ultranest] [DEBUG] iteration=2926, ncalls=38748, regioncalls=2010120, ndraw=40, logz=-8.21, remainder_fraction=49.8574%, Lmin=-1.42, Lmax=-0.11
18:06:35 [ultranest] [DEBUG] iteration=2927, ncalls=38816, regioncalls=2015680, ndraw=40, logz=-8.20, remainder_fraction=49.7797%, Lmin=-1.42, Lmax=-0.11
18:06:35 [ultranest] [DEBUG] iteration=2928, ncalls=38856, regioncalls=2018680, ndraw=40, logz=-8.20, remainder_fraction=49.6962%, Lmin=-1.42, Lmax=-0.11
18:06:36 [ultranest] [DEBUG] iteration=2930, ncalls=38892, regioncalls=2021520, ndraw=40, logz=-8.20, remainder_fraction=49.5416%, Lmin=-1.41, Lmax=-0.11
18:06:37 [ultranest] [DEBUG] iteration=2931, ncalls=39021, regioncalls=2032240, ndraw=40, logz=-8.20, remainder_fraction=49.5013%, Lmin=-1.41, Lmax=-0.11
18:06:37 [ultranest] [DEBUG] iteration=2932, ncalls=39043, regioncalls=2033400, ndraw=40, logz=-8.20, remainder_fraction=49.4180%, Lmin=-1.41, Lmax=-0.11
18:06:37 [ultranest] [DEBUG] iteration=2933, ncalls=39067, regioncalls=2034880, ndraw=40, logz=-8.20, remainder_fraction=49.3347%, Lmin=-1.41, Lmax=-0.11
18:06:37 [ultranest] [DEBUG] iteration=2934, ncalls=39099, regioncalls=2037360, ndraw=40, logz=-8.19, remainder_fraction=49.2738%, Lmin=-1.41, Lmax=-0.11
18:06:38 [ultranest] [DEBUG] iteration=2936, ncalls=39127, regioncalls=2039800, ndraw=40, logz=-8.19, remainder_fraction=49.0820%, Lmin=-1.40, Lmax=-0.11
18:06:38 [ultranest] [DEBUG] iteration=2937, ncalls=39203, regioncalls=2045720, ndraw=40, logz=-8.19, remainder_fraction=49.0017%, Lmin=-1.40, Lmax=-0.11
18:06:39 [ultranest] [DEBUG] iteration=2939, ncalls=39275, regioncalls=2050480, ndraw=40, logz=-8.19, remainder_fraction=48.8601%, Lmin=-1.40, Lmax=-0.11
18:06:40 [ultranest] [DEBUG] iteration=2940, ncalls=39388, regioncalls=2059000, ndraw=40, logz=-8.19, remainder_fraction=48.8232%, Lmin=-1.40, Lmax=-0.11
18:06:40 [ultranest] [DEBUG] iteration=2941, ncalls=39406, regioncalls=2060280, ndraw=40, logz=-8.18, remainder_fraction=48.7576%, Lmin=-1.40, Lmax=-0.11
18:06:40 [ultranest] [DEBUG] iteration=2942, ncalls=39450, regioncalls=2064720, ndraw=40, logz=-8.18, remainder_fraction=48.7168%, Lmin=-1.40, Lmax=-0.11
18:06:40 [ultranest] [DEBUG] iteration=2945, ncalls=39494, regioncalls=2068200, ndraw=40, logz=-8.18, remainder_fraction=48.4609%, Lmin=-1.38, Lmax=-0.11
18:06:41 [ultranest] [DEBUG] iteration=2946, ncalls=39508, regioncalls=2069680, ndraw=40, logz=-8.18, remainder_fraction=48.4070%, Lmin=-1.38, Lmax=-0.11
18:06:41 [ultranest] [DEBUG] iteration=2948, ncalls=39523, regioncalls=2070920, ndraw=40, logz=-8.17, remainder_fraction=48.2544%, Lmin=-1.38, Lmax=-0.11
18:06:42 [ultranest] [DEBUG] iteration=2950, ncalls=39680, regioncalls=2085480, ndraw=40, logz=-8.17, remainder_fraction=48.1544%, Lmin=-1.38, Lmax=-0.11
18:06:43 [ultranest] [DEBUG] iteration=2952, ncalls=39747, regioncalls=2091040, ndraw=40, logz=-8.17, remainder_fraction=48.0318%, Lmin=-1.38, Lmax=-0.11
18:06:43 [ultranest] [DEBUG] iteration=2953, ncalls=39758, regioncalls=2092160, ndraw=40, logz=-8.17, remainder_fraction=47.9672%, Lmin=-1.37, Lmax=-0.11
18:06:43 [ultranest] [DEBUG] iteration=2954, ncalls=39775, regioncalls=2093520, ndraw=40, logz=-8.17, remainder_fraction=47.8788%, Lmin=-1.37, Lmax=-0.11
18:06:43 [ultranest] [DEBUG] iteration=2957, ncalls=39791, regioncalls=2095440, ndraw=40, logz=-8.16, remainder_fraction=47.6780%, Lmin=-1.36, Lmax=-0.11
18:06:44 [ultranest] [DEBUG] iteration=2958, ncalls=39884, regioncalls=2104040, ndraw=40, logz=-8.16, remainder_fraction=47.5909%, Lmin=-1.36, Lmax=-0.11
18:06:44 [ultranest] [DEBUG] iteration=2959, ncalls=39944, regioncalls=2108600, ndraw=40, logz=-8.16, remainder_fraction=47.5014%, Lmin=-1.36, Lmax=-0.11
18:06:45 [ultranest] [DEBUG] iteration=2960, ncalls=39993, regioncalls=2112200, ndraw=40, logz=-8.16, remainder_fraction=47.4058%, Lmin=-1.36, Lmax=-0.11
18:06:45 [ultranest] [DEBUG] iteration=2961, ncalls=40017, regioncalls=2114280, ndraw=40, logz=-8.16, remainder_fraction=47.3104%, Lmin=-1.36, Lmax=-0.11
18:06:45 [ultranest] [DEBUG] iteration=2962, ncalls=40056, regioncalls=2117800, ndraw=40, logz=-8.15, remainder_fraction=47.2519%, Lmin=-1.36, Lmax=-0.11
18:06:46 [ultranest] [DEBUG] iteration=2963, ncalls=40128, regioncalls=2124680, ndraw=40, logz=-8.15, remainder_fraction=47.1644%, Lmin=-1.35, Lmax=-0.11
18:06:47 [ultranest] [DEBUG] iteration=2964, ncalls=40212, regioncalls=2131440, ndraw=40, logz=-8.15, remainder_fraction=47.0916%, Lmin=-1.35, Lmax=-0.11
18:06:47 [ultranest] [DEBUG] iteration=2965, ncalls=40265, regioncalls=2136000, ndraw=40, logz=-8.15, remainder_fraction=46.9974%, Lmin=-1.35, Lmax=-0.11
18:06:47 [ultranest] [DEBUG] iteration=2966, ncalls=40283, regioncalls=2137320, ndraw=40, logz=-8.15, remainder_fraction=46.9314%, Lmin=-1.35, Lmax=-0.11
18:06:48 [ultranest] [DEBUG] iteration=2967, ncalls=40362, regioncalls=2143800, ndraw=40, logz=-8.15, remainder_fraction=46.8439%, Lmin=-1.34, Lmax=-0.11
18:06:48 [ultranest] [DEBUG] iteration=2968, ncalls=40376, regioncalls=2144920, ndraw=40, logz=-8.15, remainder_fraction=46.7685%, Lmin=-1.34, Lmax=-0.11
18:06:48 [ultranest] [DEBUG] iteration=2969, ncalls=40425, regioncalls=2148720, ndraw=40, logz=-8.15, remainder_fraction=46.7249%, Lmin=-1.34, Lmax=-0.11
18:06:48 [ultranest] [DEBUG] iteration=2970, ncalls=40438, regioncalls=2149880, ndraw=40, logz=-8.14, remainder_fraction=46.6367%, Lmin=-1.34, Lmax=-0.11
18:06:49 [ultranest] [DEBUG] iteration=2971, ncalls=40527, regioncalls=2156680, ndraw=40, logz=-8.14, remainder_fraction=46.5478%, Lmin=-1.34, Lmax=-0.11
18:06:50 [ultranest] [DEBUG] iteration=2972, ncalls=40601, regioncalls=2162800, ndraw=40, logz=-8.14, remainder_fraction=46.4581%, Lmin=-1.33, Lmax=-0.11
18:06:50 [ultranest] [DEBUG] iteration=2973, ncalls=40616, regioncalls=2164120, ndraw=40, logz=-8.14, remainder_fraction=46.3920%, Lmin=-1.33, Lmax=-0.11
18:06:50 [ultranest] [DEBUG] iteration=2974, ncalls=40631, regioncalls=2165360, ndraw=40, logz=-8.14, remainder_fraction=46.3486%, Lmin=-1.33, Lmax=-0.11
18:06:51 [ultranest] [DEBUG] iteration=2975, ncalls=40669, regioncalls=2168640, ndraw=40, logz=-8.14, remainder_fraction=46.3259%, Lmin=-1.33, Lmax=-0.11
18:06:51 [ultranest] [DEBUG] iteration=2976, ncalls=40709, regioncalls=2171560, ndraw=40, logz=-8.14, remainder_fraction=46.2526%, Lmin=-1.32, Lmax=-0.11
18:06:51 [ultranest] [DEBUG] iteration=2977, ncalls=40724, regioncalls=2172480, ndraw=40, logz=-8.13, remainder_fraction=46.2167%, Lmin=-1.32, Lmax=-0.11
18:06:52 [ultranest] [DEBUG] iteration=2978, ncalls=40796, regioncalls=2178640, ndraw=40, logz=-8.13, remainder_fraction=46.1520%, Lmin=-1.32, Lmax=-0.11
18:06:52 [ultranest] [DEBUG] iteration=2979, ncalls=40842, regioncalls=2182800, ndraw=40, logz=-8.13, remainder_fraction=46.0644%, Lmin=-1.32, Lmax=-0.11
18:06:53 [ultranest] [DEBUG] iteration=2980, ncalls=40912, regioncalls=2188640, ndraw=40, logz=-8.13, remainder_fraction=46.0058%, Lmin=-1.32, Lmax=-0.11
18:06:53 [ultranest] [DEBUG] iteration=2981, ncalls=40925, regioncalls=2189920, ndraw=40, logz=-8.13, remainder_fraction=45.9435%, Lmin=-1.32, Lmax=-0.11
18:06:53 [ultranest] [DEBUG] iteration=2982, ncalls=40984, regioncalls=2194920, ndraw=40, logz=-8.13, remainder_fraction=45.9246%, Lmin=-1.31, Lmax=-0.11
18:06:54 [ultranest] [DEBUG] iteration=2983, ncalls=41066, regioncalls=2201920, ndraw=40, logz=-8.13, remainder_fraction=45.8578%, Lmin=-1.31, Lmax=-0.11
18:06:54 [ultranest] [DEBUG] iteration=2984, ncalls=41079, regioncalls=2203200, ndraw=40, logz=-8.13, remainder_fraction=45.7923%, Lmin=-1.30, Lmax=-0.11
18:06:54 [ultranest] [DEBUG] iteration=2985, ncalls=41128, regioncalls=2207280, ndraw=40, logz=-8.12, remainder_fraction=45.7124%, Lmin=-1.30, Lmax=-0.11
18:06:55 [ultranest] [DEBUG] iteration=2986, ncalls=41157, regioncalls=2209680, ndraw=40, logz=-8.12, remainder_fraction=45.6188%, Lmin=-1.30, Lmax=-0.11
18:06:55 [ultranest] [DEBUG] iteration=2987, ncalls=41170, regioncalls=2210640, ndraw=40, logz=-8.12, remainder_fraction=45.5266%, Lmin=-1.30, Lmax=-0.11
18:06:55 [ultranest] [DEBUG] iteration=2988, ncalls=41201, regioncalls=2212800, ndraw=40, logz=-8.12, remainder_fraction=45.4724%, Lmin=-1.30, Lmax=-0.11
18:06:55 [ultranest] [DEBUG] iteration=2989, ncalls=41259, regioncalls=2218040, ndraw=40, logz=-8.12, remainder_fraction=45.3802%, Lmin=-1.30, Lmax=-0.11
18:06:56 [ultranest] [DEBUG] iteration=2991, ncalls=41281, regioncalls=2219720, ndraw=40, logz=-8.12, remainder_fraction=45.2221%, Lmin=-1.30, Lmax=-0.11
18:06:56 [ultranest] [DEBUG] iteration=2992, ncalls=41306, regioncalls=2222480, ndraw=40, logz=-8.11, remainder_fraction=45.1465%, Lmin=-1.29, Lmax=-0.11
18:06:56 [ultranest] [DEBUG] iteration=2994, ncalls=41342, regioncalls=2224760, ndraw=40, logz=-8.11, remainder_fraction=45.0093%, Lmin=-1.29, Lmax=-0.11
18:06:57 [ultranest] [DEBUG] iteration=2995, ncalls=41393, regioncalls=2228640, ndraw=40, logz=-8.11, remainder_fraction=44.9216%, Lmin=-1.29, Lmax=-0.11
18:06:58 [ultranest] [DEBUG] iteration=2996, ncalls=41632, regioncalls=2248040, ndraw=40, logz=-8.11, remainder_fraction=44.8694%, Lmin=-1.29, Lmax=-0.11
18:06:59 [ultranest] [DEBUG] iteration=2997, ncalls=41648, regioncalls=2249440, ndraw=40, logz=-8.11, remainder_fraction=44.7783%, Lmin=-1.28, Lmax=-0.11
18:06:59 [ultranest] [DEBUG] iteration=2998, ncalls=41678, regioncalls=2252240, ndraw=40, logz=-8.11, remainder_fraction=44.6873%, Lmin=-1.28, Lmax=-0.11
18:06:59 [ultranest] [DEBUG] iteration=2999, ncalls=41699, regioncalls=2253600, ndraw=40, logz=-8.11, remainder_fraction=44.6060%, Lmin=-1.28, Lmax=-0.11
18:06:59 [ultranest] [DEBUG] iteration=3000, ncalls=41722, regioncalls=2255160, ndraw=40, logz=-8.10, remainder_fraction=44.5171%, Lmin=-1.28, Lmax=-0.11
18:06:59 [ultranest] [DEBUG] iteration=3001, ncalls=41755, regioncalls=2258480, ndraw=40, logz=-8.10, remainder_fraction=44.4341%, Lmin=-1.27, Lmax=-0.11
18:07:00 [ultranest] [DEBUG] iteration=3003, ncalls=41769, regioncalls=2259440, ndraw=40, logz=-8.10, remainder_fraction=44.2819%, Lmin=-1.26, Lmax=-0.11
18:07:00 [ultranest] [DEBUG] iteration=3004, ncalls=41806, regioncalls=2262480, ndraw=40, logz=-8.10, remainder_fraction=44.2056%, Lmin=-1.26, Lmax=-0.11
18:07:01 [ultranest] [DEBUG] iteration=3006, ncalls=41963, regioncalls=2275560, ndraw=40, logz=-8.10, remainder_fraction=44.0396%, Lmin=-1.26, Lmax=-0.11
18:07:01 [ultranest] [DEBUG] iteration=3007, ncalls=41981, regioncalls=2277040, ndraw=40, logz=-8.10, remainder_fraction=43.9818%, Lmin=-1.26, Lmax=-0.11
18:07:02 [ultranest] [DEBUG] iteration=3008, ncalls=42035, regioncalls=2280960, ndraw=40, logz=-8.09, remainder_fraction=43.8920%, Lmin=-1.26, Lmax=-0.11
18:07:02 [ultranest] [DEBUG] iteration=3009, ncalls=42048, regioncalls=2281720, ndraw=40, logz=-8.09, remainder_fraction=43.8512%, Lmin=-1.26, Lmax=-0.11
18:07:02 [ultranest] [DEBUG] iteration=3010, ncalls=42103, regioncalls=2285640, ndraw=40, logz=-8.09, remainder_fraction=43.8006%, Lmin=-1.25, Lmax=-0.11
18:07:03 [ultranest] [DEBUG] iteration=3011, ncalls=42241, regioncalls=2297800, ndraw=40, logz=-8.09, remainder_fraction=43.7104%, Lmin=-1.25, Lmax=-0.11
18:07:05 [ultranest] [DEBUG] iteration=3012, ncalls=42379, regioncalls=2309520, ndraw=40, logz=-8.09, remainder_fraction=43.6400%, Lmin=-1.25, Lmax=-0.11
18:07:05 [ultranest] [DEBUG] iteration=3013, ncalls=42395, regioncalls=2311000, ndraw=40, logz=-8.09, remainder_fraction=43.5732%, Lmin=-1.25, Lmax=-0.11
18:07:05 [ultranest] [DEBUG] iteration=3014, ncalls=42409, regioncalls=2312480, ndraw=40, logz=-8.09, remainder_fraction=43.4871%, Lmin=-1.25, Lmax=-0.11
18:07:05 [ultranest] [DEBUG] iteration=3015, ncalls=42470, regioncalls=2317360, ndraw=40, logz=-8.09, remainder_fraction=43.4194%, Lmin=-1.25, Lmax=-0.11
18:07:05 [ultranest] [DEBUG] iteration=3016, ncalls=42483, regioncalls=2318520, ndraw=40, logz=-8.08, remainder_fraction=43.3383%, Lmin=-1.25, Lmax=-0.11
18:07:06 [ultranest] [DEBUG] iteration=3017, ncalls=42534, regioncalls=2322960, ndraw=40, logz=-8.08, remainder_fraction=43.2657%, Lmin=-1.25, Lmax=-0.11
18:07:06 [ultranest] [DEBUG] iteration=3018, ncalls=42547, regioncalls=2324080, ndraw=40, logz=-8.08, remainder_fraction=43.1764%, Lmin=-1.24, Lmax=-0.11
18:07:06 [ultranest] [DEBUG] iteration=3020, ncalls=42569, regioncalls=2325560, ndraw=40, logz=-8.08, remainder_fraction=43.0283%, Lmin=-1.24, Lmax=-0.11
18:07:07 [ultranest] [DEBUG] iteration=3022, ncalls=42621, regioncalls=2331080, ndraw=40, logz=-8.08, remainder_fraction=42.8712%, Lmin=-1.24, Lmax=-0.11
18:07:07 [ultranest] [DEBUG] iteration=3023, ncalls=42649, regioncalls=2333560, ndraw=40, logz=-8.08, remainder_fraction=42.8015%, Lmin=-1.24, Lmax=-0.11
18:07:07 [ultranest] [DEBUG] iteration=3024, ncalls=42673, regioncalls=2335680, ndraw=40, logz=-8.07, remainder_fraction=42.7154%, Lmin=-1.23, Lmax=-0.11
18:07:08 [ultranest] [DEBUG] iteration=3026, ncalls=42821, regioncalls=2347880, ndraw=40, logz=-8.07, remainder_fraction=42.5794%, Lmin=-1.23, Lmax=-0.11
18:07:09 [ultranest] [DEBUG] iteration=3027, ncalls=42905, regioncalls=2355240, ndraw=40, logz=-8.07, remainder_fraction=42.5392%, Lmin=-1.23, Lmax=-0.11
18:07:10 [ultranest] [DEBUG] iteration=3028, ncalls=42994, regioncalls=2362000, ndraw=40, logz=-8.07, remainder_fraction=42.4521%, Lmin=-1.23, Lmax=-0.11
18:07:10 [ultranest] [DEBUG] iteration=3029, ncalls=43010, regioncalls=2363720, ndraw=40, logz=-8.07, remainder_fraction=42.4214%, Lmin=-1.23, Lmax=-0.11
18:07:10 [ultranest] [DEBUG] iteration=3031, ncalls=43045, regioncalls=2366120, ndraw=40, logz=-8.07, remainder_fraction=42.2749%, Lmin=-1.23, Lmax=-0.11
18:07:11 [ultranest] [DEBUG] iteration=3033, ncalls=43194, regioncalls=2378760, ndraw=40, logz=-8.06, remainder_fraction=42.1039%, Lmin=-1.22, Lmax=-0.11
18:07:12 [ultranest] [DEBUG] iteration=3034, ncalls=43268, regioncalls=2384680, ndraw=40, logz=-8.06, remainder_fraction=42.0142%, Lmin=-1.22, Lmax=-0.11
18:07:12 [ultranest] [DEBUG] iteration=3035, ncalls=43302, regioncalls=2386920, ndraw=40, logz=-8.06, remainder_fraction=41.9651%, Lmin=-1.22, Lmax=-0.11
18:07:13 [ultranest] [DEBUG] iteration=3036, ncalls=43324, regioncalls=2389040, ndraw=40, logz=-8.06, remainder_fraction=41.9100%, Lmin=-1.22, Lmax=-0.11
18:07:13 [ultranest] [DEBUG] iteration=3037, ncalls=43357, regioncalls=2391520, ndraw=40, logz=-8.06, remainder_fraction=41.8209%, Lmin=-1.22, Lmax=-0.11
18:07:15 [ultranest] [DEBUG] iteration=3038, ncalls=43554, regioncalls=2407400, ndraw=40, logz=-8.06, remainder_fraction=41.7432%, Lmin=-1.22, Lmax=-0.11
18:07:15 [ultranest] [DEBUG] iteration=3039, ncalls=43569, regioncalls=2408960, ndraw=40, logz=-8.06, remainder_fraction=41.6756%, Lmin=-1.22, Lmax=-0.11
18:07:15 [ultranest] [DEBUG] iteration=3040, ncalls=43593, regioncalls=2410560, ndraw=40, logz=-8.06, remainder_fraction=41.5868%, Lmin=-1.22, Lmax=-0.11
18:07:15 [ultranest] [DEBUG] iteration=3041, ncalls=43627, regioncalls=2413040, ndraw=40, logz=-8.05, remainder_fraction=41.4986%, Lmin=-1.22, Lmax=-0.11
18:07:16 [ultranest] [DEBUG] iteration=3042, ncalls=43715, regioncalls=2420560, ndraw=40, logz=-8.05, remainder_fraction=41.4186%, Lmin=-1.21, Lmax=-0.11
18:07:19 [ultranest] [DEBUG] iteration=3043, ncalls=43977, regioncalls=2443240, ndraw=40, logz=-8.05, remainder_fraction=41.3462%, Lmin=-1.21, Lmax=-0.11
18:07:19 [ultranest] [DEBUG] iteration=3044, ncalls=44018, regioncalls=2446840, ndraw=40, logz=-8.05, remainder_fraction=41.2685%, Lmin=-1.21, Lmax=-0.11
18:07:19 [ultranest] [DEBUG] iteration=3045, ncalls=44048, regioncalls=2449640, ndraw=40, logz=-8.05, remainder_fraction=41.2062%, Lmin=-1.21, Lmax=-0.11
18:07:20 [ultranest] [DEBUG] iteration=3046, ncalls=44142, regioncalls=2458440, ndraw=40, logz=-8.05, remainder_fraction=41.1412%, Lmin=-1.21, Lmax=-0.11
18:07:21 [ultranest] [DEBUG] iteration=3047, ncalls=44176, regioncalls=2461920, ndraw=40, logz=-8.05, remainder_fraction=41.0673%, Lmin=-1.21, Lmax=-0.11
18:07:22 [ultranest] [DEBUG] iteration=3048, ncalls=44342, regioncalls=2475680, ndraw=40, logz=-8.05, remainder_fraction=41.0145%, Lmin=-1.21, Lmax=-0.11
18:07:22 [ultranest] [DEBUG] iteration=3049, ncalls=44381, regioncalls=2480280, ndraw=40, logz=-8.05, remainder_fraction=40.9513%, Lmin=-1.20, Lmax=-0.11
18:07:23 [ultranest] [DEBUG] iteration=3050, ncalls=44424, regioncalls=2484080, ndraw=40, logz=-8.04, remainder_fraction=40.8975%, Lmin=-1.20, Lmax=-0.11
18:07:23 [ultranest] [DEBUG] iteration=3051, ncalls=44435, regioncalls=2484680, ndraw=40, logz=-8.04, remainder_fraction=40.8294%, Lmin=-1.20, Lmax=-0.11
18:07:23 [ultranest] [DEBUG] iteration=3053, ncalls=44495, regioncalls=2490080, ndraw=40, logz=-8.04, remainder_fraction=40.6977%, Lmin=-1.20, Lmax=-0.11
18:07:24 [ultranest] [DEBUG] iteration=3054, ncalls=44550, regioncalls=2494240, ndraw=40, logz=-8.04, remainder_fraction=40.6347%, Lmin=-1.20, Lmax=-0.11
18:07:25 [ultranest] [DEBUG] iteration=3055, ncalls=44654, regioncalls=2502840, ndraw=40, logz=-8.04, remainder_fraction=40.5512%, Lmin=-1.20, Lmax=-0.11
18:07:25 [ultranest] [DEBUG] iteration=3057, ncalls=44709, regioncalls=2508280, ndraw=40, logz=-8.04, remainder_fraction=40.3955%, Lmin=-1.20, Lmax=-0.11
18:07:26 [ultranest] [DEBUG] iteration=3058, ncalls=44802, regioncalls=2516240, ndraw=40, logz=-8.04, remainder_fraction=40.3201%, Lmin=-1.20, Lmax=-0.11
18:07:27 [ultranest] [DEBUG] iteration=3059, ncalls=44878, regioncalls=2521720, ndraw=40, logz=-8.03, remainder_fraction=40.2369%, Lmin=-1.19, Lmax=-0.11
18:07:27 [ultranest] [DEBUG] iteration=3060, ncalls=44914, regioncalls=2525160, ndraw=40, logz=-8.03, remainder_fraction=40.1615%, Lmin=-1.19, Lmax=-0.11
18:07:28 [ultranest] [DEBUG] iteration=3062, ncalls=44929, regioncalls=2527320, ndraw=40, logz=-8.03, remainder_fraction=40.0063%, Lmin=-1.19, Lmax=-0.11
18:07:28 [ultranest] [DEBUG] iteration=3063, ncalls=45009, regioncalls=2536120, ndraw=40, logz=-8.03, remainder_fraction=39.9578%, Lmin=-1.19, Lmax=-0.11
18:07:29 [ultranest] [DEBUG] iteration=3064, ncalls=45093, regioncalls=2544080, ndraw=40, logz=-8.03, remainder_fraction=39.8998%, Lmin=-1.19, Lmax=-0.11
18:07:30 [ultranest] [DEBUG] iteration=3065, ncalls=45141, regioncalls=2549440, ndraw=40, logz=-8.03, remainder_fraction=39.8156%, Lmin=-1.19, Lmax=-0.11
18:07:30 [ultranest] [DEBUG] iteration=3066, ncalls=45172, regioncalls=2553640, ndraw=40, logz=-8.03, remainder_fraction=39.7350%, Lmin=-1.18, Lmax=-0.11
18:07:32 [ultranest] [DEBUG] iteration=3068, ncalls=45374, regioncalls=2573360, ndraw=40, logz=-8.02, remainder_fraction=39.6392%, Lmin=-1.18, Lmax=-0.11
18:07:32 [ultranest] [DEBUG] iteration=3069, ncalls=45397, regioncalls=2575480, ndraw=40, logz=-8.02, remainder_fraction=39.5965%, Lmin=-1.18, Lmax=-0.11
18:07:32 [ultranest] [DEBUG] iteration=3070, ncalls=45412, regioncalls=2576720, ndraw=40, logz=-8.02, remainder_fraction=39.5338%, Lmin=-1.18, Lmax=-0.11
18:07:33 [ultranest] [DEBUG] iteration=3073, ncalls=45485, regioncalls=2582440, ndraw=40, logz=-8.02, remainder_fraction=39.3663%, Lmin=-1.17, Lmax=-0.11
18:07:33 [ultranest] [DEBUG] iteration=3074, ncalls=45537, regioncalls=2587480, ndraw=40, logz=-8.02, remainder_fraction=39.3072%, Lmin=-1.17, Lmax=-0.11
18:07:34 [ultranest] [DEBUG] iteration=3075, ncalls=45566, regioncalls=2589880, ndraw=40, logz=-8.02, remainder_fraction=39.2389%, Lmin=-1.17, Lmax=-0.11
18:07:34 [ultranest] [DEBUG] iteration=3076, ncalls=45598, regioncalls=2592880, ndraw=40, logz=-8.02, remainder_fraction=39.1566%, Lmin=-1.17, Lmax=-0.11
18:07:34 [ultranest] [DEBUG] iteration=3077, ncalls=45630, regioncalls=2595480, ndraw=40, logz=-8.01, remainder_fraction=39.1004%, Lmin=-1.17, Lmax=-0.11
18:07:34 [ultranest] [DEBUG] iteration=3078, ncalls=45647, regioncalls=2596440, ndraw=40, logz=-8.01, remainder_fraction=39.0211%, Lmin=-1.17, Lmax=-0.11
18:07:35 [ultranest] [DEBUG] iteration=3079, ncalls=45690, regioncalls=2599520, ndraw=40, logz=-8.01, remainder_fraction=38.9512%, Lmin=-1.17, Lmax=-0.11
18:07:35 [ultranest] [DEBUG] iteration=3080, ncalls=45729, regioncalls=2603920, ndraw=40, logz=-8.01, remainder_fraction=38.9086%, Lmin=-1.17, Lmax=-0.11
18:07:37 [ultranest] [DEBUG] iteration=3081, ncalls=45895, regioncalls=2620000, ndraw=40, logz=-8.01, remainder_fraction=38.8500%, Lmin=-1.17, Lmax=-0.11
18:07:38 [ultranest] [DEBUG] iteration=3082, ncalls=45994, regioncalls=2629400, ndraw=40, logz=-8.01, remainder_fraction=38.7953%, Lmin=-1.17, Lmax=-0.11
18:07:38 [ultranest] [DEBUG] iteration=3084, ncalls=46054, regioncalls=2635600, ndraw=40, logz=-8.01, remainder_fraction=38.6378%, Lmin=-1.16, Lmax=-0.11
18:07:39 [ultranest] [DEBUG] iteration=3085, ncalls=46107, regioncalls=2640160, ndraw=40, logz=-8.01, remainder_fraction=38.5949%, Lmin=-1.16, Lmax=-0.11
18:07:39 [ultranest] [DEBUG] iteration=3086, ncalls=46149, regioncalls=2643640, ndraw=40, logz=-8.00, remainder_fraction=38.5354%, Lmin=-1.16, Lmax=-0.11
18:07:39 [ultranest] [DEBUG] iteration=3089, ncalls=46179, regioncalls=2647320, ndraw=40, logz=-8.00, remainder_fraction=38.3074%, Lmin=-1.16, Lmax=-0.11
18:07:40 [ultranest] [DEBUG] iteration=3091, ncalls=46249, regioncalls=2654600, ndraw=40, logz=-8.00, remainder_fraction=38.1650%, Lmin=-1.16, Lmax=-0.11
18:07:41 [ultranest] [DEBUG] iteration=3093, ncalls=46344, regioncalls=2663960, ndraw=40, logz=-8.00, remainder_fraction=38.0427%, Lmin=-1.15, Lmax=-0.11
18:07:41 [ultranest] [DEBUG] iteration=3094, ncalls=46415, regioncalls=2672160, ndraw=40, logz=-8.00, remainder_fraction=37.9708%, Lmin=-1.15, Lmax=-0.11
18:07:41 [ultranest] [DEBUG] iteration=3096, ncalls=46429, regioncalls=2673640, ndraw=40, logz=-7.99, remainder_fraction=37.8840%, Lmin=-1.15, Lmax=-0.11
18:07:43 [ultranest] [DEBUG] iteration=3097, ncalls=46580, regioncalls=2690880, ndraw=40, logz=-7.99, remainder_fraction=37.8433%, Lmin=-1.15, Lmax=-0.11
18:07:43 [ultranest] [DEBUG] iteration=3098, ncalls=46614, regioncalls=2695600, ndraw=40, logz=-7.99, remainder_fraction=37.7786%, Lmin=-1.15, Lmax=-0.11
18:07:43 [ultranest] [DEBUG] iteration=3099, ncalls=46636, regioncalls=2698640, ndraw=40, logz=-7.99, remainder_fraction=37.7418%, Lmin=-1.15, Lmax=-0.11
18:07:44 [ultranest] [DEBUG] iteration=3100, ncalls=46675, regioncalls=2701960, ndraw=40, logz=-7.99, remainder_fraction=37.6812%, Lmin=-1.15, Lmax=-0.11
18:07:44 [ultranest] [DEBUG] iteration=3101, ncalls=46694, regioncalls=2704040, ndraw=40, logz=-7.99, remainder_fraction=37.6017%, Lmin=-1.14, Lmax=-0.11
18:07:44 [ultranest] [DEBUG] iteration=3102, ncalls=46724, regioncalls=2706120, ndraw=40, logz=-7.99, remainder_fraction=37.5360%, Lmin=-1.14, Lmax=-0.11
18:07:44 [ultranest] [DEBUG] iteration=3103, ncalls=46773, regioncalls=2711960, ndraw=40, logz=-7.99, remainder_fraction=37.4616%, Lmin=-1.14, Lmax=-0.11
18:07:45 [ultranest] [DEBUG] iteration=3104, ncalls=46809, regioncalls=2715520, ndraw=40, logz=-7.99, remainder_fraction=37.3871%, Lmin=-1.14, Lmax=-0.11
18:07:45 [ultranest] [DEBUG] iteration=3105, ncalls=46851, regioncalls=2719400, ndraw=40, logz=-7.99, remainder_fraction=37.3295%, Lmin=-1.14, Lmax=-0.11
18:07:46 [ultranest] [DEBUG] iteration=3107, ncalls=46893, regioncalls=2723320, ndraw=40, logz=-7.98, remainder_fraction=37.2540%, Lmin=-1.14, Lmax=-0.11
18:07:46 [ultranest] [DEBUG] iteration=3109, ncalls=46933, regioncalls=2728080, ndraw=40, logz=-7.98, remainder_fraction=37.1115%, Lmin=-1.14, Lmax=-0.11
18:07:47 [ultranest] [DEBUG] iteration=3110, ncalls=47019, regioncalls=2737960, ndraw=40, logz=-7.98, remainder_fraction=37.0514%, Lmin=-1.13, Lmax=-0.11
18:07:47 [ultranest] [DEBUG] iteration=3111, ncalls=47037, regioncalls=2739240, ndraw=40, logz=-7.98, remainder_fraction=36.9722%, Lmin=-1.13, Lmax=-0.11
18:07:47 [ultranest] [DEBUG] iteration=3112, ncalls=47067, regioncalls=2742600, ndraw=40, logz=-7.98, remainder_fraction=36.9009%, Lmin=-1.13, Lmax=-0.11
18:07:48 [ultranest] [DEBUG] iteration=3113, ncalls=47140, regioncalls=2748800, ndraw=40, logz=-7.98, remainder_fraction=36.8214%, Lmin=-1.13, Lmax=-0.11
18:07:48 [ultranest] [DEBUG] iteration=3114, ncalls=47154, regioncalls=2750640, ndraw=40, logz=-7.98, remainder_fraction=36.7864%, Lmin=-1.13, Lmax=-0.11
18:07:48 [ultranest] [DEBUG] iteration=3115, ncalls=47180, regioncalls=2753200, ndraw=40, logz=-7.98, remainder_fraction=36.7184%, Lmin=-1.12, Lmax=-0.11
18:07:48 [ultranest] [DEBUG] iteration=3117, ncalls=47206, regioncalls=2755800, ndraw=40, logz=-7.97, remainder_fraction=36.6157%, Lmin=-1.12, Lmax=-0.11
18:07:48 [ultranest] [DEBUG] iteration=3118, ncalls=47231, regioncalls=2758760, ndraw=40, logz=-7.97, remainder_fraction=36.5612%, Lmin=-1.12, Lmax=-0.11
18:07:49 [ultranest] [DEBUG] iteration=3120, ncalls=47251, regioncalls=2760400, ndraw=40, logz=-7.97, remainder_fraction=36.4091%, Lmin=-1.11, Lmax=-0.11
18:07:49 [ultranest] [DEBUG] iteration=3121, ncalls=47267, regioncalls=2761760, ndraw=40, logz=-7.97, remainder_fraction=36.3297%, Lmin=-1.11, Lmax=-0.11
18:07:50 [ultranest] [DEBUG] iteration=3122, ncalls=47375, regioncalls=2773000, ndraw=40, logz=-7.97, remainder_fraction=36.2648%, Lmin=-1.11, Lmax=-0.11
18:07:50 [ultranest] [DEBUG] iteration=3123, ncalls=47389, regioncalls=2774160, ndraw=40, logz=-7.97, remainder_fraction=36.1908%, Lmin=-1.11, Lmax=-0.11
18:07:50 [ultranest] [DEBUG] iteration=3124, ncalls=47406, regioncalls=2775680, ndraw=40, logz=-7.97, remainder_fraction=36.1594%, Lmin=-1.11, Lmax=-0.11
18:07:50 [ultranest] [DEBUG] iteration=3125, ncalls=47425, regioncalls=2777760, ndraw=40, logz=-7.97, remainder_fraction=36.0905%, Lmin=-1.11, Lmax=-0.11
18:07:51 [ultranest] [DEBUG] iteration=3126, ncalls=47492, regioncalls=2785000, ndraw=40, logz=-7.96, remainder_fraction=36.0295%, Lmin=-1.11, Lmax=-0.11
18:07:51 [ultranest] [DEBUG] iteration=3127, ncalls=47507, regioncalls=2786040, ndraw=40, logz=-7.96, remainder_fraction=35.9603%, Lmin=-1.10, Lmax=-0.11
18:07:52 [ultranest] [DEBUG] iteration=3128, ncalls=47582, regioncalls=2794200, ndraw=40, logz=-7.96, remainder_fraction=35.8850%, Lmin=-1.10, Lmax=-0.11
18:07:52 [ultranest] [DEBUG] iteration=3129, ncalls=47600, regioncalls=2795760, ndraw=40, logz=-7.96, remainder_fraction=35.8075%, Lmin=-1.10, Lmax=-0.11
18:07:52 [ultranest] [DEBUG] iteration=3130, ncalls=47631, regioncalls=2798280, ndraw=40, logz=-7.96, remainder_fraction=35.7773%, Lmin=-1.10, Lmax=-0.11
18:07:52 [ultranest] [DEBUG] iteration=3133, ncalls=47687, regioncalls=2803880, ndraw=40, logz=-7.96, remainder_fraction=35.5948%, Lmin=-1.10, Lmax=-0.11
18:07:53 [ultranest] [DEBUG] iteration=3134, ncalls=47745, regioncalls=2810600, ndraw=40, logz=-7.96, remainder_fraction=35.5305%, Lmin=-1.10, Lmax=-0.11
18:07:53 [ultranest] [DEBUG] iteration=3135, ncalls=47800, regioncalls=2816400, ndraw=40, logz=-7.96, remainder_fraction=35.4657%, Lmin=-1.10, Lmax=-0.11
18:07:54 [ultranest] [DEBUG] iteration=3136, ncalls=47853, regioncalls=2821440, ndraw=40, logz=-7.96, remainder_fraction=35.4022%, Lmin=-1.10, Lmax=-0.11
18:07:55 [ultranest] [DEBUG] iteration=3137, ncalls=47933, regioncalls=2829720, ndraw=40, logz=-7.95, remainder_fraction=35.3765%, Lmin=-1.09, Lmax=-0.11
18:07:55 [ultranest] [DEBUG] iteration=3138, ncalls=47989, regioncalls=2836960, ndraw=40, logz=-7.95, remainder_fraction=35.2989%, Lmin=-1.09, Lmax=-0.11
18:07:56 [ultranest] [DEBUG] iteration=3139, ncalls=48109, regioncalls=2849400, ndraw=40, logz=-7.95, remainder_fraction=35.2369%, Lmin=-1.09, Lmax=-0.11
18:07:56 [ultranest] [DEBUG] iteration=3140, ncalls=48131, regioncalls=2851480, ndraw=40, logz=-7.95, remainder_fraction=35.1693%, Lmin=-1.09, Lmax=-0.11
18:07:57 [ultranest] [DEBUG] iteration=3141, ncalls=48165, regioncalls=2855960, ndraw=40, logz=-7.95, remainder_fraction=35.1547%, Lmin=-1.09, Lmax=-0.11
18:07:57 [ultranest] [DEBUG] iteration=3142, ncalls=48215, regioncalls=2860840, ndraw=40, logz=-7.95, remainder_fraction=35.0934%, Lmin=-1.09, Lmax=-0.11
18:07:58 [ultranest] [DEBUG] iteration=3143, ncalls=48263, regioncalls=2865600, ndraw=40, logz=-7.95, remainder_fraction=35.0170%, Lmin=-1.09, Lmax=-0.11
18:07:58 [ultranest] [DEBUG] iteration=3144, ncalls=48323, regioncalls=2871080, ndraw=40, logz=-7.95, remainder_fraction=34.9470%, Lmin=-1.09, Lmax=-0.11
18:07:58 [ultranest] [DEBUG] iteration=3145, ncalls=48348, regioncalls=2873440, ndraw=40, logz=-7.95, remainder_fraction=34.8977%, Lmin=-1.09, Lmax=-0.11
18:07:59 [ultranest] [DEBUG] iteration=3146, ncalls=48402, regioncalls=2878320, ndraw=40, logz=-7.95, remainder_fraction=34.8392%, Lmin=-1.09, Lmax=-0.11
18:08:00 [ultranest] [DEBUG] iteration=3148, ncalls=48549, regioncalls=2891480, ndraw=40, logz=-7.94, remainder_fraction=34.6997%, Lmin=-1.08, Lmax=-0.11
18:08:00 [ultranest] [DEBUG] iteration=3150, ncalls=48573, regioncalls=2894080, ndraw=40, logz=-7.94, remainder_fraction=34.5805%, Lmin=-1.08, Lmax=-0.11
18:08:01 [ultranest] [DEBUG] iteration=3151, ncalls=48640, regioncalls=2901080, ndraw=40, logz=-7.94, remainder_fraction=34.5239%, Lmin=-1.08, Lmax=-0.11
18:08:01 [ultranest] [DEBUG] iteration=3152, ncalls=48689, regioncalls=2906080, ndraw=40, logz=-7.94, remainder_fraction=34.5065%, Lmin=-1.08, Lmax=-0.11
18:08:02 [ultranest] [DEBUG] iteration=3153, ncalls=48710, regioncalls=2907640, ndraw=40, logz=-7.94, remainder_fraction=34.4376%, Lmin=-1.08, Lmax=-0.11
18:08:02 [ultranest] [DEBUG] iteration=3154, ncalls=48773, regioncalls=2913720, ndraw=40, logz=-7.94, remainder_fraction=34.3777%, Lmin=-1.08, Lmax=-0.11
18:08:02 [ultranest] [DEBUG] iteration=3155, ncalls=48794, regioncalls=2915800, ndraw=40, logz=-7.94, remainder_fraction=34.3466%, Lmin=-1.07, Lmax=-0.11
18:08:02 [ultranest] [DEBUG] iteration=3156, ncalls=48806, regioncalls=2916720, ndraw=40, logz=-7.94, remainder_fraction=34.3218%, Lmin=-1.07, Lmax=-0.11
18:08:03 [ultranest] [DEBUG] iteration=3157, ncalls=48891, regioncalls=2925320, ndraw=40, logz=-7.94, remainder_fraction=34.2492%, Lmin=-1.07, Lmax=-0.11
18:08:03 [ultranest] [DEBUG] iteration=3158, ncalls=48913, regioncalls=2927880, ndraw=40, logz=-7.94, remainder_fraction=34.1775%, Lmin=-1.07, Lmax=-0.11
18:08:04 [ultranest] [DEBUG] iteration=3160, ncalls=48979, regioncalls=2934120, ndraw=40, logz=-7.93, remainder_fraction=34.0927%, Lmin=-1.07, Lmax=-0.11
18:08:04 [ultranest] [DEBUG] iteration=3161, ncalls=49036, regioncalls=2941040, ndraw=40, logz=-7.93, remainder_fraction=34.0348%, Lmin=-1.07, Lmax=-0.11
18:08:05 [ultranest] [DEBUG] iteration=3162, ncalls=49091, regioncalls=2946520, ndraw=40, logz=-7.93, remainder_fraction=33.9928%, Lmin=-1.06, Lmax=-0.11
18:08:05 [ultranest] [DEBUG] iteration=3163, ncalls=49159, regioncalls=2954520, ndraw=40, logz=-7.93, remainder_fraction=33.9225%, Lmin=-1.06, Lmax=-0.11
18:08:06 [ultranest] [DEBUG] iteration=3164, ncalls=49231, regioncalls=2962160, ndraw=40, logz=-7.93, remainder_fraction=33.8757%, Lmin=-1.06, Lmax=-0.11
18:08:06 [ultranest] [DEBUG] iteration=3166, ncalls=49272, regioncalls=2965920, ndraw=40, logz=-7.93, remainder_fraction=33.7629%, Lmin=-1.06, Lmax=-0.11
18:08:07 [ultranest] [DEBUG] iteration=3167, ncalls=49296, regioncalls=2968000, ndraw=40, logz=-7.93, remainder_fraction=33.6955%, Lmin=-1.06, Lmax=-0.11
18:08:07 [ultranest] [DEBUG] iteration=3168, ncalls=49367, regioncalls=2973920, ndraw=40, logz=-7.93, remainder_fraction=33.6270%, Lmin=-1.06, Lmax=-0.11
18:08:07 [ultranest] [DEBUG] iteration=3170, ncalls=49381, regioncalls=2975120, ndraw=40, logz=-7.92, remainder_fraction=33.5552%, Lmin=-1.06, Lmax=-0.11
18:08:07 [ultranest] [DEBUG] iteration=3171, ncalls=49397, regioncalls=2977000, ndraw=40, logz=-7.92, remainder_fraction=33.4831%, Lmin=-1.06, Lmax=-0.11
18:08:08 [ultranest] [DEBUG] iteration=3172, ncalls=49470, regioncalls=2984240, ndraw=40, logz=-7.92, remainder_fraction=33.4146%, Lmin=-1.06, Lmax=-0.11
18:08:08 [ultranest] [DEBUG] iteration=3173, ncalls=49496, regioncalls=2986840, ndraw=40, logz=-7.92, remainder_fraction=33.3430%, Lmin=-1.06, Lmax=-0.11
18:08:09 [ultranest] [DEBUG] iteration=3174, ncalls=49529, regioncalls=2989440, ndraw=40, logz=-7.92, remainder_fraction=33.2706%, Lmin=-1.06, Lmax=-0.11
18:08:09 [ultranest] [DEBUG] iteration=3175, ncalls=49609, regioncalls=2997800, ndraw=40, logz=-7.92, remainder_fraction=33.2297%, Lmin=-1.06, Lmax=-0.11
18:08:11 [ultranest] [DEBUG] iteration=3177, ncalls=49765, regioncalls=3012960, ndraw=40, logz=-7.92, remainder_fraction=33.0864%, Lmin=-1.05, Lmax=-0.11
18:08:11 [ultranest] [DEBUG] iteration=3178, ncalls=49819, regioncalls=3017920, ndraw=40, logz=-7.92, remainder_fraction=33.0198%, Lmin=-1.05, Lmax=-0.11
18:08:12 [ultranest] [DEBUG] iteration=3179, ncalls=49899, regioncalls=3026400, ndraw=40, logz=-7.92, remainder_fraction=32.9505%, Lmin=-1.05, Lmax=-0.11
18:08:12 [ultranest] [DEBUG] iteration=3180, ncalls=49948, regioncalls=3031800, ndraw=40, logz=-7.92, remainder_fraction=32.9115%, Lmin=-1.05, Lmax=-0.11
18:08:13 [ultranest] [DEBUG] iteration=3181, ncalls=49960, regioncalls=3033280, ndraw=40, logz=-7.92, remainder_fraction=32.8461%, Lmin=-1.04, Lmax=-0.11
18:08:13 [ultranest] [DEBUG] iteration=3183, ncalls=49984, regioncalls=3035400, ndraw=40, logz=-7.91, remainder_fraction=32.7466%, Lmin=-1.04, Lmax=-0.11
18:08:14 [ultranest] [DEBUG] iteration=3185, ncalls=50114, regioncalls=3048120, ndraw=40, logz=-7.91, remainder_fraction=32.6322%, Lmin=-1.04, Lmax=-0.11
18:08:14 [ultranest] [DEBUG] iteration=3186, ncalls=50159, regioncalls=3053280, ndraw=40, logz=-7.91, remainder_fraction=32.5859%, Lmin=-1.03, Lmax=-0.11
18:08:15 [ultranest] [DEBUG] iteration=3187, ncalls=50196, regioncalls=3056560, ndraw=40, logz=-7.91, remainder_fraction=32.5164%, Lmin=-1.03, Lmax=-0.11
18:08:15 [ultranest] [DEBUG] iteration=3189, ncalls=50225, regioncalls=3059080, ndraw=40, logz=-7.91, remainder_fraction=32.4151%, Lmin=-1.02, Lmax=-0.11
18:08:16 [ultranest] [DEBUG] iteration=3190, ncalls=50351, regioncalls=3072480, ndraw=40, logz=-7.91, remainder_fraction=32.3552%, Lmin=-1.02, Lmax=-0.11
18:08:16 [ultranest] [DEBUG] iteration=3191, ncalls=50384, regioncalls=3076240, ndraw=40, logz=-7.91, remainder_fraction=32.2876%, Lmin=-1.02, Lmax=-0.11
18:08:16 [ultranest] [DEBUG] iteration=3192, ncalls=50403, regioncalls=3077960, ndraw=40, logz=-7.91, remainder_fraction=32.2388%, Lmin=-1.02, Lmax=-0.11
18:08:17 [ultranest] [DEBUG] iteration=3194, ncalls=50435, regioncalls=3080640, ndraw=40, logz=-7.90, remainder_fraction=32.1007%, Lmin=-1.02, Lmax=-0.11
18:08:17 [ultranest] [DEBUG] iteration=3195, ncalls=50450, regioncalls=3082120, ndraw=40, logz=-7.90, remainder_fraction=32.0385%, Lmin=-1.01, Lmax=-0.11
18:08:17 [ultranest] [DEBUG] iteration=3196, ncalls=50482, regioncalls=3085160, ndraw=40, logz=-7.90, remainder_fraction=31.9714%, Lmin=-1.01, Lmax=-0.11
18:08:18 [ultranest] [DEBUG] iteration=3197, ncalls=50586, regioncalls=3094960, ndraw=40, logz=-7.90, remainder_fraction=31.9149%, Lmin=-1.01, Lmax=-0.11
18:08:18 [ultranest] [DEBUG] iteration=3198, ncalls=50608, regioncalls=3097480, ndraw=40, logz=-7.90, remainder_fraction=31.8674%, Lmin=-1.01, Lmax=-0.11
18:08:19 [ultranest] [DEBUG] iteration=3199, ncalls=50645, regioncalls=3100880, ndraw=40, logz=-7.90, remainder_fraction=31.8391%, Lmin=-1.01, Lmax=-0.11
18:08:19 [ultranest] [DEBUG] iteration=3200, ncalls=50648, regioncalls=3101000, ndraw=40, logz=-7.90, remainder_fraction=31.7689%, Lmin=-1.01, Lmax=-0.11
18:08:19 [ultranest] [DEBUG] iteration=3201, ncalls=50720, regioncalls=3107000, ndraw=40, logz=-7.90, remainder_fraction=31.7143%, Lmin=-1.01, Lmax=-0.11
18:08:20 [ultranest] [DEBUG] iteration=3202, ncalls=50814, regioncalls=3117880, ndraw=40, logz=-7.90, remainder_fraction=31.6554%, Lmin=-1.01, Lmax=-0.11
18:08:21 [ultranest] [DEBUG] iteration=3203, ncalls=50874, regioncalls=3124320, ndraw=40, logz=-7.90, remainder_fraction=31.5920%, Lmin=-1.01, Lmax=-0.11
18:08:21 [ultranest] [DEBUG] iteration=3205, ncalls=50924, regioncalls=3128560, ndraw=40, logz=-7.90, remainder_fraction=31.4725%, Lmin=-1.01, Lmax=-0.11
18:08:22 [ultranest] [DEBUG] iteration=3206, ncalls=50988, regioncalls=3134920, ndraw=40, logz=-7.89, remainder_fraction=31.4114%, Lmin=-1.00, Lmax=-0.11
18:08:22 [ultranest] [DEBUG] iteration=3207, ncalls=51019, regioncalls=3137520, ndraw=40, logz=-7.89, remainder_fraction=31.3707%, Lmin=-1.00, Lmax=-0.11
18:08:22 [ultranest] [DEBUG] iteration=3208, ncalls=51057, regioncalls=3141960, ndraw=40, logz=-7.89, remainder_fraction=31.3171%, Lmin=-1.00, Lmax=-0.11
18:08:23 [ultranest] [DEBUG] iteration=3209, ncalls=51083, regioncalls=3144640, ndraw=40, logz=-7.89, remainder_fraction=31.2549%, Lmin=-1.00, Lmax=-0.11
18:08:23 [ultranest] [DEBUG] iteration=3211, ncalls=51175, regioncalls=3154000, ndraw=40, logz=-7.89, remainder_fraction=31.1912%, Lmin=-1.00, Lmax=-0.11
18:08:23 [ultranest] [DEBUG] iteration=3213, ncalls=51194, regioncalls=3155800, ndraw=40, logz=-7.89, remainder_fraction=31.1028%, Lmin=-1.00, Lmax=-0.11
18:08:24 [ultranest] [DEBUG] iteration=3214, ncalls=51206, regioncalls=3157320, ndraw=40, logz=-7.89, remainder_fraction=31.0356%, Lmin=-0.99, Lmax=-0.11
18:08:24 [ultranest] [DEBUG] iteration=3216, ncalls=51247, regioncalls=3161040, ndraw=40, logz=-7.89, remainder_fraction=30.9215%, Lmin=-0.99, Lmax=-0.11
18:08:25 [ultranest] [DEBUG] iteration=3217, ncalls=51318, regioncalls=3168360, ndraw=40, logz=-7.89, remainder_fraction=30.8734%, Lmin=-0.99, Lmax=-0.11
18:08:25 [ultranest] [DEBUG] iteration=3218, ncalls=51358, regioncalls=3171600, ndraw=40, logz=-7.88, remainder_fraction=30.8256%, Lmin=-0.99, Lmax=-0.11
18:08:25 [ultranest] [DEBUG] iteration=3219, ncalls=51399, regioncalls=3176240, ndraw=40, logz=-7.88, remainder_fraction=30.7858%, Lmin=-0.98, Lmax=-0.11
18:08:25 [ultranest] [DEBUG] iteration=3220, ncalls=51413, regioncalls=3178360, ndraw=40, logz=-7.88, remainder_fraction=30.7173%, Lmin=-0.98, Lmax=-0.11
18:08:26 [ultranest] [DEBUG] iteration=3221, ncalls=51459, regioncalls=3183280, ndraw=40, logz=-7.88, remainder_fraction=30.6540%, Lmin=-0.98, Lmax=-0.11
18:08:27 [ultranest] [DEBUG] iteration=3223, ncalls=51562, regioncalls=3193400, ndraw=40, logz=-7.88, remainder_fraction=30.5791%, Lmin=-0.98, Lmax=-0.11
18:08:27 [ultranest] [DEBUG] iteration=3224, ncalls=51577, regioncalls=3194640, ndraw=40, logz=-7.88, remainder_fraction=30.5390%, Lmin=-0.98, Lmax=-0.11
18:08:27 [ultranest] [DEBUG] iteration=3225, ncalls=51610, regioncalls=3197600, ndraw=40, logz=-7.88, remainder_fraction=30.4807%, Lmin=-0.98, Lmax=-0.11
18:08:27 [ultranest] [DEBUG] iteration=3226, ncalls=51645, regioncalls=3200440, ndraw=40, logz=-7.88, remainder_fraction=30.4436%, Lmin=-0.98, Lmax=-0.11
18:08:28 [ultranest] [DEBUG] iteration=3227, ncalls=51691, regioncalls=3204360, ndraw=40, logz=-7.88, remainder_fraction=30.3852%, Lmin=-0.97, Lmax=-0.11
18:08:28 [ultranest] [DEBUG] iteration=3228, ncalls=51704, regioncalls=3205360, ndraw=40, logz=-7.88, remainder_fraction=30.3179%, Lmin=-0.97, Lmax=-0.11
18:08:28 [ultranest] [DEBUG] iteration=3229, ncalls=51739, regioncalls=3208480, ndraw=40, logz=-7.88, remainder_fraction=30.2781%, Lmin=-0.97, Lmax=-0.11
18:08:29 [ultranest] [DEBUG] iteration=3231, ncalls=51842, regioncalls=3220080, ndraw=40, logz=-7.87, remainder_fraction=30.1681%, Lmin=-0.97, Lmax=-0.11
18:08:30 [ultranest] [DEBUG] iteration=3232, ncalls=51858, regioncalls=3222200, ndraw=40, logz=-7.87, remainder_fraction=30.1018%, Lmin=-0.97, Lmax=-0.11
18:08:31 [ultranest] [DEBUG] iteration=3233, ncalls=51988, regioncalls=3235160, ndraw=40, logz=-7.87, remainder_fraction=30.0390%, Lmin=-0.97, Lmax=-0.11
18:08:32 [ultranest] [DEBUG] iteration=3234, ncalls=52095, regioncalls=3248040, ndraw=40, logz=-7.87, remainder_fraction=29.9819%, Lmin=-0.97, Lmax=-0.11
18:08:33 [ultranest] [DEBUG] iteration=3235, ncalls=52123, regioncalls=3250880, ndraw=40, logz=-7.87, remainder_fraction=29.9554%, Lmin=-0.97, Lmax=-0.11
18:08:33 [ultranest] [DEBUG] iteration=3237, ncalls=52147, regioncalls=3253320, ndraw=40, logz=-7.87, remainder_fraction=29.8482%, Lmin=-0.97, Lmax=-0.11
18:08:34 [ultranest] [DEBUG] iteration=3239, ncalls=52219, regioncalls=3260000, ndraw=40, logz=-7.87, remainder_fraction=29.7394%, Lmin=-0.96, Lmax=-0.11
18:08:34 [ultranest] [DEBUG] iteration=3240, ncalls=52229, regioncalls=3260720, ndraw=40, logz=-7.87, remainder_fraction=29.6884%, Lmin=-0.96, Lmax=-0.11
18:08:34 [ultranest] [DEBUG] iteration=3241, ncalls=52285, regioncalls=3266720, ndraw=40, logz=-7.87, remainder_fraction=29.6385%, Lmin=-0.96, Lmax=-0.11
18:08:36 [ultranest] [DEBUG] iteration=3243, ncalls=52411, regioncalls=3279040, ndraw=40, logz=-7.87, remainder_fraction=29.5562%, Lmin=-0.96, Lmax=-0.11
18:08:37 [ultranest] [DEBUG] iteration=3244, ncalls=52489, regioncalls=3287360, ndraw=40, logz=-7.86, remainder_fraction=29.5160%, Lmin=-0.96, Lmax=-0.11
18:08:38 [ultranest] [DEBUG] iteration=3245, ncalls=52580, regioncalls=3297200, ndraw=40, logz=-7.86, remainder_fraction=29.4530%, Lmin=-0.96, Lmax=-0.11
18:08:39 [ultranest] [DEBUG] iteration=3246, ncalls=52649, regioncalls=3304040, ndraw=40, logz=-7.86, remainder_fraction=29.4032%, Lmin=-0.96, Lmax=-0.11
18:08:39 [ultranest] [DEBUG] iteration=3248, ncalls=52707, regioncalls=3308680, ndraw=40, logz=-7.86, remainder_fraction=29.3029%, Lmin=-0.96, Lmax=-0.11
18:08:40 [ultranest] [DEBUG] iteration=3249, ncalls=52802, regioncalls=3319760, ndraw=40, logz=-7.86, remainder_fraction=29.2498%, Lmin=-0.95, Lmax=-0.11
18:08:40 [ultranest] [DEBUG] iteration=3250, ncalls=52814, regioncalls=3320800, ndraw=40, logz=-7.86, remainder_fraction=29.2038%, Lmin=-0.95, Lmax=-0.11
18:08:41 [ultranest] [DEBUG] iteration=3251, ncalls=52842, regioncalls=3323560, ndraw=40, logz=-7.86, remainder_fraction=29.1377%, Lmin=-0.94, Lmax=-0.11
18:08:42 [ultranest] [DEBUG] iteration=3252, ncalls=52929, regioncalls=3332000, ndraw=40, logz=-7.86, remainder_fraction=29.0720%, Lmin=-0.94, Lmax=-0.11
18:08:42 [ultranest] [DEBUG] iteration=3253, ncalls=52947, regioncalls=3333680, ndraw=40, logz=-7.86, remainder_fraction=29.0058%, Lmin=-0.94, Lmax=-0.11
18:08:44 [ultranest] [DEBUG] iteration=3254, ncalls=53155, regioncalls=3354840, ndraw=40, logz=-7.86, remainder_fraction=28.9438%, Lmin=-0.94, Lmax=-0.11
18:08:44 [ultranest] [DEBUG] iteration=3257, ncalls=53183, regioncalls=3357400, ndraw=40, logz=-7.86, remainder_fraction=28.7813%, Lmin=-0.94, Lmax=-0.11
18:08:45 [ultranest] [DEBUG] iteration=3259, ncalls=53235, regioncalls=3362880, ndraw=40, logz=-7.85, remainder_fraction=28.6609%, Lmin=-0.93, Lmax=-0.11
18:08:45 [ultranest] [DEBUG] iteration=3261, ncalls=53262, regioncalls=3366200, ndraw=40, logz=-7.85, remainder_fraction=28.5644%, Lmin=-0.93, Lmax=-0.11
18:08:46 [ultranest] [DEBUG] iteration=3262, ncalls=53303, regioncalls=3370600, ndraw=40, logz=-7.85, remainder_fraction=28.5022%, Lmin=-0.93, Lmax=-0.11
18:08:46 [ultranest] [DEBUG] iteration=3264, ncalls=53349, regioncalls=3374960, ndraw=40, logz=-7.85, remainder_fraction=28.3984%, Lmin=-0.93, Lmax=-0.11
18:08:47 [ultranest] [DEBUG] iteration=3266, ncalls=53441, regioncalls=3384240, ndraw=40, logz=-7.85, remainder_fraction=28.3093%, Lmin=-0.93, Lmax=-0.11
18:08:49 [ultranest] [DEBUG] iteration=3267, ncalls=53576, regioncalls=3399520, ndraw=40, logz=-7.85, remainder_fraction=28.2635%, Lmin=-0.93, Lmax=-0.11
18:08:50 [ultranest] [DEBUG] iteration=3269, ncalls=53644, regioncalls=3407960, ndraw=40, logz=-7.85, remainder_fraction=28.1455%, Lmin=-0.92, Lmax=-0.11
18:08:50 [ultranest] [DEBUG] iteration=3270, ncalls=53670, regioncalls=3409640, ndraw=40, logz=-7.85, remainder_fraction=28.0851%, Lmin=-0.92, Lmax=-0.11
18:08:51 [ultranest] [DEBUG] iteration=3271, ncalls=53718, regioncalls=3415120, ndraw=40, logz=-7.85, remainder_fraction=28.0298%, Lmin=-0.92, Lmax=-0.11
18:08:51 [ultranest] [DEBUG] iteration=3272, ncalls=53753, regioncalls=3420000, ndraw=40, logz=-7.84, remainder_fraction=28.0115%, Lmin=-0.92, Lmax=-0.11
18:08:51 [ultranest] [DEBUG] iteration=3273, ncalls=53789, regioncalls=3422960, ndraw=40, logz=-7.84, remainder_fraction=27.9608%, Lmin=-0.92, Lmax=-0.11
18:08:51 [ultranest] [DEBUG] iteration=3275, ncalls=53799, regioncalls=3424080, ndraw=40, logz=-7.84, remainder_fraction=27.8640%, Lmin=-0.91, Lmax=-0.11
18:08:53 [ultranest] [DEBUG] iteration=3276, ncalls=53916, regioncalls=3435000, ndraw=40, logz=-7.84, remainder_fraction=27.8008%, Lmin=-0.91, Lmax=-0.11
18:08:55 [ultranest] [DEBUG] iteration=3277, ncalls=54089, regioncalls=3452320, ndraw=40, logz=-7.84, remainder_fraction=27.7528%, Lmin=-0.91, Lmax=-0.11
18:08:55 [ultranest] [DEBUG] iteration=3278, ncalls=54151, regioncalls=3460120, ndraw=40, logz=-7.84, remainder_fraction=27.6897%, Lmin=-0.91, Lmax=-0.11
18:08:56 [ultranest] [DEBUG] iteration=3279, ncalls=54165, regioncalls=3461640, ndraw=40, logz=-7.84, remainder_fraction=27.6450%, Lmin=-0.91, Lmax=-0.11
18:08:57 [ultranest] [DEBUG] iteration=3280, ncalls=54293, regioncalls=3475440, ndraw=40, logz=-7.84, remainder_fraction=27.6121%, Lmin=-0.91, Lmax=-0.11
18:08:59 [ultranest] [DEBUG] iteration=3281, ncalls=54492, regioncalls=3496960, ndraw=40, logz=-7.84, remainder_fraction=27.5497%, Lmin=-0.91, Lmax=-0.11
18:09:00 [ultranest] [DEBUG] iteration=3282, ncalls=54521, regioncalls=3500160, ndraw=40, logz=-7.84, remainder_fraction=27.5250%, Lmin=-0.91, Lmax=-0.11
18:09:00 [ultranest] [DEBUG] iteration=3283, ncalls=54549, regioncalls=3503320, ndraw=40, logz=-7.84, remainder_fraction=27.4651%, Lmin=-0.91, Lmax=-0.11
18:09:01 [ultranest] [DEBUG] iteration=3285, ncalls=54674, regioncalls=3515920, ndraw=40, logz=-7.84, remainder_fraction=27.3745%, Lmin=-0.91, Lmax=-0.11
18:09:01 [ultranest] [DEBUG] iteration=3286, ncalls=54690, regioncalls=3517800, ndraw=40, logz=-7.83, remainder_fraction=27.3250%, Lmin=-0.91, Lmax=-0.11
18:09:03 [ultranest] [DEBUG] iteration=3287, ncalls=54871, regioncalls=3536880, ndraw=40, logz=-7.83, remainder_fraction=27.2746%, Lmin=-0.90, Lmax=-0.11
18:09:04 [ultranest] [DEBUG] iteration=3288, ncalls=54916, regioncalls=3541640, ndraw=40, logz=-7.83, remainder_fraction=27.2298%, Lmin=-0.90, Lmax=-0.11
18:09:04 [ultranest] [DEBUG] iteration=3289, ncalls=54935, regioncalls=3543480, ndraw=40, logz=-7.83, remainder_fraction=27.1875%, Lmin=-0.90, Lmax=-0.11
18:09:04 [ultranest] [DEBUG] iteration=3290, ncalls=54949, regioncalls=3545520, ndraw=40, logz=-7.83, remainder_fraction=27.1366%, Lmin=-0.90, Lmax=-0.11
18:09:06 [ultranest] [DEBUG] iteration=3292, ncalls=55112, regioncalls=3563400, ndraw=40, logz=-7.83, remainder_fraction=27.0390%, Lmin=-0.90, Lmax=-0.11
18:09:07 [ultranest] [DEBUG] iteration=3293, ncalls=55144, regioncalls=3566360, ndraw=40, logz=-7.83, remainder_fraction=27.0042%, Lmin=-0.90, Lmax=-0.11
18:09:07 [ultranest] [DEBUG] iteration=3294, ncalls=55153, regioncalls=3567520, ndraw=40, logz=-7.83, remainder_fraction=26.9422%, Lmin=-0.90, Lmax=-0.11
18:09:07 [ultranest] [DEBUG] iteration=3296, ncalls=55175, regioncalls=3569560, ndraw=40, logz=-7.83, remainder_fraction=26.8302%, Lmin=-0.89, Lmax=-0.11
18:09:07 [ultranest] [DEBUG] iteration=3297, ncalls=55201, regioncalls=3572760, ndraw=40, logz=-7.83, remainder_fraction=26.7713%, Lmin=-0.89, Lmax=-0.11
18:09:08 [ultranest] [DEBUG] iteration=3298, ncalls=55227, regioncalls=3575560, ndraw=40, logz=-7.83, remainder_fraction=26.7110%, Lmin=-0.89, Lmax=-0.11
18:09:09 [ultranest] [DEBUG] iteration=3299, ncalls=55334, regioncalls=3587080, ndraw=40, logz=-7.83, remainder_fraction=26.6614%, Lmin=-0.89, Lmax=-0.11
18:09:09 [ultranest] [DEBUG] iteration=3300, ncalls=55352, regioncalls=3588960, ndraw=40, logz=-7.82, remainder_fraction=26.6218%, Lmin=-0.89, Lmax=-0.11
18:09:10 [ultranest] [DEBUG] iteration=3301, ncalls=55405, regioncalls=3594200, ndraw=40, logz=-7.82, remainder_fraction=26.5812%, Lmin=-0.89, Lmax=-0.11
18:09:10 [ultranest] [DEBUG] iteration=3302, ncalls=55486, regioncalls=3602120, ndraw=40, logz=-7.82, remainder_fraction=26.5457%, Lmin=-0.89, Lmax=-0.11
18:09:11 [ultranest] [DEBUG] iteration=3303, ncalls=55537, regioncalls=3606120, ndraw=40, logz=-7.82, remainder_fraction=26.4983%, Lmin=-0.89, Lmax=-0.11
18:09:12 [ultranest] [DEBUG] iteration=3304, ncalls=55609, regioncalls=3612800, ndraw=40, logz=-7.82, remainder_fraction=26.4739%, Lmin=-0.89, Lmax=-0.11
18:09:13 [ultranest] [DEBUG] iteration=3305, ncalls=55682, regioncalls=3619680, ndraw=40, logz=-7.82, remainder_fraction=26.4285%, Lmin=-0.89, Lmax=-0.11
18:09:14 [ultranest] [DEBUG] iteration=3306, ncalls=55779, regioncalls=3630640, ndraw=40, logz=-7.82, remainder_fraction=26.3825%, Lmin=-0.89, Lmax=-0.09
18:09:14 [ultranest] [DEBUG] iteration=3307, ncalls=55829, regioncalls=3635960, ndraw=40, logz=-7.82, remainder_fraction=26.3225%, Lmin=-0.88, Lmax=-0.09
18:09:15 [ultranest] [DEBUG] iteration=3308, ncalls=55906, regioncalls=3643240, ndraw=40, logz=-7.82, remainder_fraction=26.3050%, Lmin=-0.88, Lmax=-0.09
18:09:15 [ultranest] [DEBUG] iteration=3309, ncalls=55939, regioncalls=3647040, ndraw=40, logz=-7.82, remainder_fraction=26.2574%, Lmin=-0.88, Lmax=-0.09
18:09:16 [ultranest] [DEBUG] iteration=3310, ncalls=55974, regioncalls=3651080, ndraw=40, logz=-7.82, remainder_fraction=26.2143%, Lmin=-0.88, Lmax=-0.09
18:09:17 [ultranest] [DEBUG] iteration=3311, ncalls=56045, regioncalls=3657400, ndraw=40, logz=-7.82, remainder_fraction=26.1776%, Lmin=-0.88, Lmax=-0.09
18:09:17 [ultranest] [DEBUG] iteration=3312, ncalls=56058, regioncalls=3658960, ndraw=40, logz=-7.82, remainder_fraction=26.1411%, Lmin=-0.88, Lmax=-0.09
18:09:17 [ultranest] [DEBUG] iteration=3313, ncalls=56080, regioncalls=3660960, ndraw=40, logz=-7.82, remainder_fraction=26.1171%, Lmin=-0.88, Lmax=-0.09
18:09:19 [ultranest] [DEBUG] iteration=3314, ncalls=56286, regioncalls=3683520, ndraw=40, logz=-7.82, remainder_fraction=26.0566%, Lmin=-0.88, Lmax=-0.09
18:09:21 [ultranest] [DEBUG] iteration=3315, ncalls=56398, regioncalls=3695600, ndraw=40, logz=-7.82, remainder_fraction=26.0055%, Lmin=-0.88, Lmax=-0.09
18:09:21 [ultranest] [DEBUG] iteration=3316, ncalls=56456, regioncalls=3702320, ndraw=40, logz=-7.81, remainder_fraction=25.9537%, Lmin=-0.87, Lmax=-0.09
18:09:22 [ultranest] [DEBUG] iteration=3317, ncalls=56541, regioncalls=3710800, ndraw=40, logz=-7.81, remainder_fraction=25.9049%, Lmin=-0.87, Lmax=-0.09
18:09:22 [ultranest] [DEBUG] iteration=3318, ncalls=56551, regioncalls=3711600, ndraw=40, logz=-7.81, remainder_fraction=25.8561%, Lmin=-0.87, Lmax=-0.09
18:09:24 [ultranest] [DEBUG] iteration=3319, ncalls=56731, regioncalls=3731800, ndraw=40, logz=-7.81, remainder_fraction=25.8033%, Lmin=-0.87, Lmax=-0.09
18:09:26 [ultranest] [DEBUG] iteration=3320, ncalls=56849, regioncalls=3744400, ndraw=40, logz=-7.81, remainder_fraction=25.7458%, Lmin=-0.87, Lmax=-0.09
18:09:26 [ultranest] [DEBUG] iteration=3321, ncalls=56906, regioncalls=3749880, ndraw=40, logz=-7.81, remainder_fraction=25.6951%, Lmin=-0.87, Lmax=-0.09
18:09:28 [ultranest] [DEBUG] iteration=3322, ncalls=57081, regioncalls=3766960, ndraw=40, logz=-7.81, remainder_fraction=25.6634%, Lmin=-0.87, Lmax=-0.09
18:09:29 [ultranest] [DEBUG] iteration=3323, ncalls=57110, regioncalls=3769520, ndraw=40, logz=-7.81, remainder_fraction=25.6277%, Lmin=-0.87, Lmax=-0.09
18:09:30 [ultranest] [DEBUG] iteration=3325, ncalls=57196, regioncalls=3781120, ndraw=40, logz=-7.81, remainder_fraction=25.5634%, Lmin=-0.87, Lmax=-0.09
18:09:30 [ultranest] [DEBUG] iteration=3326, ncalls=57213, regioncalls=3782280, ndraw=40, logz=-7.81, remainder_fraction=25.5108%, Lmin=-0.87, Lmax=-0.09
18:09:30 [ultranest] [DEBUG] iteration=3327, ncalls=57224, regioncalls=3783320, ndraw=40, logz=-7.81, remainder_fraction=25.4728%, Lmin=-0.87, Lmax=-0.09
18:09:30 [ultranest] [DEBUG] iteration=3328, ncalls=57260, regioncalls=3787800, ndraw=40, logz=-7.81, remainder_fraction=25.4193%, Lmin=-0.87, Lmax=-0.09
18:09:34 [ultranest] [DEBUG] iteration=3329, ncalls=57554, regioncalls=3820480, ndraw=40, logz=-7.81, remainder_fraction=25.3686%, Lmin=-0.87, Lmax=-0.09
18:09:35 [ultranest] [DEBUG] iteration=3330, ncalls=57677, regioncalls=3833000, ndraw=40, logz=-7.81, remainder_fraction=25.3316%, Lmin=-0.87, Lmax=-0.09
18:09:36 [ultranest] [DEBUG] iteration=3331, ncalls=57778, regioncalls=3844960, ndraw=40, logz=-7.80, remainder_fraction=25.2823%, Lmin=-0.86, Lmax=-0.09
18:09:37 [ultranest] [DEBUG] iteration=3332, ncalls=57817, regioncalls=3848640, ndraw=40, logz=-7.80, remainder_fraction=25.2487%, Lmin=-0.86, Lmax=-0.09
18:09:38 [ultranest] [DEBUG] iteration=3333, ncalls=57918, regioncalls=3858440, ndraw=40, logz=-7.80, remainder_fraction=25.1901%, Lmin=-0.86, Lmax=-0.09
18:09:39 [ultranest] [DEBUG] iteration=3335, ncalls=57989, regioncalls=3865880, ndraw=40, logz=-7.80, remainder_fraction=25.0854%, Lmin=-0.86, Lmax=-0.09
18:09:39 [ultranest] [DEBUG] iteration=3336, ncalls=58067, regioncalls=3875400, ndraw=40, logz=-7.80, remainder_fraction=25.0470%, Lmin=-0.86, Lmax=-0.09
18:09:40 [ultranest] [DEBUG] iteration=3337, ncalls=58089, regioncalls=3877560, ndraw=40, logz=-7.80, remainder_fraction=25.0097%, Lmin=-0.86, Lmax=-0.09
18:09:40 [ultranest] [DEBUG] iteration=3338, ncalls=58156, regioncalls=3884360, ndraw=40, logz=-7.80, remainder_fraction=24.9521%, Lmin=-0.86, Lmax=-0.09
18:09:42 [ultranest] [DEBUG] iteration=3339, ncalls=58275, regioncalls=3898640, ndraw=40, logz=-7.80, remainder_fraction=24.9072%, Lmin=-0.86, Lmax=-0.09
18:09:42 [ultranest] [DEBUG] iteration=3340, ncalls=58285, regioncalls=3899560, ndraw=40, logz=-7.80, remainder_fraction=24.8530%, Lmin=-0.86, Lmax=-0.09
18:09:42 [ultranest] [DEBUG] iteration=3341, ncalls=58302, regioncalls=3901040, ndraw=40, logz=-7.80, remainder_fraction=24.8049%, Lmin=-0.86, Lmax=-0.09
18:09:43 [ultranest] [DEBUG] iteration=3342, ncalls=58418, regioncalls=3911680, ndraw=40, logz=-7.80, remainder_fraction=24.7650%, Lmin=-0.86, Lmax=-0.09
18:09:45 [ultranest] [DEBUG] iteration=3343, ncalls=58555, regioncalls=3927800, ndraw=40, logz=-7.80, remainder_fraction=24.7249%, Lmin=-0.86, Lmax=-0.09
18:09:45 [ultranest] [DEBUG] iteration=3344, ncalls=58565, regioncalls=3929640, ndraw=40, logz=-7.80, remainder_fraction=24.6697%, Lmin=-0.85, Lmax=-0.09
18:09:46 [ultranest] [DEBUG] iteration=3345, ncalls=58678, regioncalls=3941040, ndraw=40, logz=-7.80, remainder_fraction=24.6251%, Lmin=-0.85, Lmax=-0.09
18:09:48 [ultranest] [DEBUG] iteration=3346, ncalls=58812, regioncalls=3955520, ndraw=40, logz=-7.80, remainder_fraction=24.5706%, Lmin=-0.85, Lmax=-0.09
18:09:49 [ultranest] [DEBUG] iteration=3347, ncalls=58881, regioncalls=3961320, ndraw=40, logz=-7.80, remainder_fraction=24.5400%, Lmin=-0.85, Lmax=-0.09
18:09:49 [ultranest] [DEBUG] iteration=3348, ncalls=58919, regioncalls=3966800, ndraw=40, logz=-7.79, remainder_fraction=24.4833%, Lmin=-0.85, Lmax=-0.09
18:09:50 [ultranest] [DEBUG] iteration=3349, ncalls=58957, regioncalls=3970560, ndraw=40, logz=-7.79, remainder_fraction=24.4420%, Lmin=-0.85, Lmax=-0.09
18:09:50 [ultranest] [DEBUG] iteration=3350, ncalls=59021, regioncalls=3975960, ndraw=40, logz=-7.79, remainder_fraction=24.3918%, Lmin=-0.85, Lmax=-0.09
18:09:53 [ultranest] [DEBUG] iteration=3351, ncalls=59277, regioncalls=4004320, ndraw=40, logz=-7.79, remainder_fraction=24.3369%, Lmin=-0.85, Lmax=-0.09
18:09:53 [ultranest] [DEBUG] iteration=3352, ncalls=59309, regioncalls=4008200, ndraw=40, logz=-7.79, remainder_fraction=24.2989%, Lmin=-0.85, Lmax=-0.09
18:09:54 [ultranest] [DEBUG] iteration=3353, ncalls=59342, regioncalls=4011400, ndraw=40, logz=-7.79, remainder_fraction=24.2429%, Lmin=-0.85, Lmax=-0.09
18:09:54 [ultranest] [DEBUG] iteration=3354, ncalls=59382, regioncalls=4015720, ndraw=40, logz=-7.79, remainder_fraction=24.1925%, Lmin=-0.85, Lmax=-0.09
18:09:55 [ultranest] [DEBUG] iteration=3355, ncalls=59418, regioncalls=4018480, ndraw=40, logz=-7.79, remainder_fraction=24.1445%, Lmin=-0.84, Lmax=-0.09
18:09:56 [ultranest] [DEBUG] iteration=3356, ncalls=59493, regioncalls=4026800, ndraw=40, logz=-7.79, remainder_fraction=24.0884%, Lmin=-0.84, Lmax=-0.09
18:09:58 [ultranest] [DEBUG] iteration=3357, ncalls=59712, regioncalls=4051600, ndraw=40, logz=-7.79, remainder_fraction=24.0459%, Lmin=-0.84, Lmax=-0.09
18:09:59 [ultranest] [DEBUG] iteration=3358, ncalls=59783, regioncalls=4059920, ndraw=40, logz=-7.79, remainder_fraction=24.0020%, Lmin=-0.84, Lmax=-0.09
18:09:59 [ultranest] [DEBUG] iteration=3359, ncalls=59829, regioncalls=4065920, ndraw=40, logz=-7.79, remainder_fraction=23.9494%, Lmin=-0.84, Lmax=-0.09
18:10:00 [ultranest] [DEBUG] iteration=3360, ncalls=59857, regioncalls=4068120, ndraw=40, logz=-7.79, remainder_fraction=23.9084%, Lmin=-0.84, Lmax=-0.09
18:10:00 [ultranest] [DEBUG] iteration=3361, ncalls=59877, regioncalls=4070320, ndraw=40, logz=-7.79, remainder_fraction=23.8655%, Lmin=-0.84, Lmax=-0.09
18:10:00 [ultranest] [DEBUG] iteration=3362, ncalls=59910, regioncalls=4073520, ndraw=40, logz=-7.79, remainder_fraction=23.8221%, Lmin=-0.83, Lmax=-0.09
18:10:00 [ultranest] [DEBUG] iteration=3364, ncalls=59920, regioncalls=4074720, ndraw=40, logz=-7.79, remainder_fraction=23.7332%, Lmin=-0.83, Lmax=-0.09
18:10:01 [ultranest] [DEBUG] iteration=3365, ncalls=59958, regioncalls=4079200, ndraw=40, logz=-7.78, remainder_fraction=23.6921%, Lmin=-0.83, Lmax=-0.09
18:10:02 [ultranest] [DEBUG] iteration=3366, ncalls=60067, regioncalls=4092600, ndraw=40, logz=-7.78, remainder_fraction=23.6587%, Lmin=-0.83, Lmax=-0.09
18:10:05 [ultranest] [DEBUG] iteration=3367, ncalls=60298, regioncalls=4114160, ndraw=40, logz=-7.78, remainder_fraction=23.6065%, Lmin=-0.83, Lmax=-0.09
18:10:06 [ultranest] [DEBUG] iteration=3368, ncalls=60429, regioncalls=4127800, ndraw=40, logz=-7.78, remainder_fraction=23.5532%, Lmin=-0.82, Lmax=-0.09
18:10:07 [ultranest] [DEBUG] iteration=3369, ncalls=60465, regioncalls=4131480, ndraw=40, logz=-7.78, remainder_fraction=23.5153%, Lmin=-0.82, Lmax=-0.09
18:10:07 [ultranest] [DEBUG] iteration=3371, ncalls=60482, regioncalls=4133160, ndraw=40, logz=-7.78, remainder_fraction=23.4224%, Lmin=-0.82, Lmax=-0.09
18:10:07 [ultranest] [DEBUG] iteration=3372, ncalls=60515, regioncalls=4136320, ndraw=40, logz=-7.78, remainder_fraction=23.3903%, Lmin=-0.82, Lmax=-0.09
18:10:08 [ultranest] [DEBUG] iteration=3373, ncalls=60610, regioncalls=4146800, ndraw=40, logz=-7.78, remainder_fraction=23.3591%, Lmin=-0.82, Lmax=-0.09
18:10:09 [ultranest] [DEBUG] iteration=3374, ncalls=60656, regioncalls=4150480, ndraw=40, logz=-7.78, remainder_fraction=23.3163%, Lmin=-0.82, Lmax=-0.09
18:10:09 [ultranest] [DEBUG] iteration=3375, ncalls=60667, regioncalls=4151520, ndraw=40, logz=-7.78, remainder_fraction=23.2752%, Lmin=-0.82, Lmax=-0.09
18:10:09 [ultranest] [DEBUG] iteration=3377, ncalls=60683, regioncalls=4153560, ndraw=40, logz=-7.78, remainder_fraction=23.1714%, Lmin=-0.81, Lmax=-0.09
18:10:09 [ultranest] [DEBUG] iteration=3378, ncalls=60724, regioncalls=4157160, ndraw=40, logz=-7.78, remainder_fraction=23.1275%, Lmin=-0.81, Lmax=-0.09
18:10:10 [ultranest] [DEBUG] iteration=3379, ncalls=60740, regioncalls=4158680, ndraw=40, logz=-7.78, remainder_fraction=23.0840%, Lmin=-0.81, Lmax=-0.09
18:10:11 [ultranest] [DEBUG] iteration=3380, ncalls=60846, regioncalls=4170120, ndraw=40, logz=-7.78, remainder_fraction=23.0386%, Lmin=-0.81, Lmax=-0.09
18:10:11 [ultranest] [DEBUG] iteration=3381, ncalls=60895, regioncalls=4176240, ndraw=40, logz=-7.78, remainder_fraction=23.0112%, Lmin=-0.81, Lmax=-0.09
18:10:12 [ultranest] [DEBUG] iteration=3382, ncalls=60913, regioncalls=4178160, ndraw=40, logz=-7.77, remainder_fraction=22.9711%, Lmin=-0.81, Lmax=-0.09
18:10:12 [ultranest] [DEBUG] iteration=3383, ncalls=60965, regioncalls=4183720, ndraw=40, logz=-7.77, remainder_fraction=22.9280%, Lmin=-0.81, Lmax=-0.09
18:10:14 [ultranest] [DEBUG] iteration=3384, ncalls=61105, regioncalls=4200200, ndraw=40, logz=-7.77, remainder_fraction=22.8927%, Lmin=-0.81, Lmax=-0.09
18:10:17 [ultranest] [DEBUG] iteration=3385, ncalls=61413, regioncalls=4236440, ndraw=40, logz=-7.77, remainder_fraction=22.8501%, Lmin=-0.81, Lmax=-0.09
18:10:17 [ultranest] [DEBUG] iteration=3387, ncalls=61423, regioncalls=4237880, ndraw=40, logz=-7.77, remainder_fraction=22.7739%, Lmin=-0.81, Lmax=-0.09
18:10:18 [ultranest] [DEBUG] iteration=3388, ncalls=61541, regioncalls=4250680, ndraw=40, logz=-7.77, remainder_fraction=22.7383%, Lmin=-0.80, Lmax=-0.09
18:10:20 [ultranest] [DEBUG] iteration=3389, ncalls=61761, regioncalls=4273200, ndraw=40, logz=-7.77, remainder_fraction=22.6876%, Lmin=-0.80, Lmax=-0.09
18:10:22 [ultranest] [DEBUG] iteration=3390, ncalls=62010, regioncalls=4299040, ndraw=40, logz=-7.77, remainder_fraction=22.6405%, Lmin=-0.80, Lmax=-0.09
18:10:23 [ultranest] [DEBUG] iteration=3391, ncalls=62062, regioncalls=4305400, ndraw=40, logz=-7.77, remainder_fraction=22.6074%, Lmin=-0.80, Lmax=-0.09
18:10:23 [ultranest] [DEBUG] iteration=3392, ncalls=62072, regioncalls=4306640, ndraw=40, logz=-7.77, remainder_fraction=22.5743%, Lmin=-0.80, Lmax=-0.09
18:10:23 [ultranest] [DEBUG] iteration=3393, ncalls=62096, regioncalls=4310160, ndraw=40, logz=-7.77, remainder_fraction=22.5214%, Lmin=-0.80, Lmax=-0.09
18:10:24 [ultranest] [DEBUG] iteration=3394, ncalls=62147, regioncalls=4316000, ndraw=40, logz=-7.77, remainder_fraction=22.4720%, Lmin=-0.80, Lmax=-0.09
18:10:25 [ultranest] [DEBUG] iteration=3395, ncalls=62240, regioncalls=4325520, ndraw=40, logz=-7.77, remainder_fraction=22.4321%, Lmin=-0.79, Lmax=-0.09
18:10:25 [ultranest] [DEBUG] iteration=3396, ncalls=62328, regioncalls=4337760, ndraw=40, logz=-7.77, remainder_fraction=22.3904%, Lmin=-0.79, Lmax=-0.09
18:10:26 [ultranest] [DEBUG] iteration=3397, ncalls=62413, regioncalls=4346360, ndraw=40, logz=-7.77, remainder_fraction=22.3401%, Lmin=-0.79, Lmax=-0.09
18:10:26 [ultranest] [DEBUG] iteration=3398, ncalls=62450, regioncalls=4351320, ndraw=40, logz=-7.77, remainder_fraction=22.2897%, Lmin=-0.79, Lmax=-0.09
18:10:27 [ultranest] [DEBUG] iteration=3400, ncalls=62481, regioncalls=4354560, ndraw=40, logz=-7.76, remainder_fraction=22.2041%, Lmin=-0.79, Lmax=-0.09
18:10:29 [ultranest] [DEBUG] iteration=3401, ncalls=62690, regioncalls=4378120, ndraw=40, logz=-7.76, remainder_fraction=22.1692%, Lmin=-0.79, Lmax=-0.09
18:10:30 [ultranest] [DEBUG] iteration=3402, ncalls=62891, regioncalls=4399600, ndraw=40, logz=-7.76, remainder_fraction=22.1215%, Lmin=-0.79, Lmax=-0.09
18:10:31 [ultranest] [DEBUG] iteration=3403, ncalls=63001, regioncalls=4409680, ndraw=40, logz=-7.76, remainder_fraction=22.0905%, Lmin=-0.79, Lmax=-0.09
18:10:31 [ultranest] [DEBUG] iteration=3404, ncalls=63016, regioncalls=4410960, ndraw=40, logz=-7.76, remainder_fraction=22.0477%, Lmin=-0.79, Lmax=-0.09
18:10:32 [ultranest] [DEBUG] iteration=3405, ncalls=63080, regioncalls=4418040, ndraw=40, logz=-7.76, remainder_fraction=22.0228%, Lmin=-0.79, Lmax=-0.09
18:10:32 [ultranest] [DEBUG] iteration=3406, ncalls=63104, regioncalls=4419760, ndraw=40, logz=-7.76, remainder_fraction=21.9880%, Lmin=-0.79, Lmax=-0.09
18:10:32 [ultranest] [DEBUG] iteration=3407, ncalls=63121, regioncalls=4421080, ndraw=40, logz=-7.76, remainder_fraction=21.9544%, Lmin=-0.78, Lmax=-0.09
18:10:34 [ultranest] [DEBUG] iteration=3408, ncalls=63242, regioncalls=4434000, ndraw=40, logz=-7.76, remainder_fraction=21.9240%, Lmin=-0.78, Lmax=-0.09
18:10:34 [ultranest] [DEBUG] iteration=3409, ncalls=63280, regioncalls=4439960, ndraw=40, logz=-7.76, remainder_fraction=21.8786%, Lmin=-0.78, Lmax=-0.09
18:10:35 [ultranest] [DEBUG] iteration=3410, ncalls=63342, regioncalls=4447240, ndraw=40, logz=-7.76, remainder_fraction=21.8458%, Lmin=-0.78, Lmax=-0.09
18:10:35 [ultranest] [DEBUG] iteration=3411, ncalls=63399, regioncalls=4452280, ndraw=40, logz=-7.76, remainder_fraction=21.8060%, Lmin=-0.78, Lmax=-0.09
18:10:36 [ultranest] [DEBUG] iteration=3412, ncalls=63448, regioncalls=4457440, ndraw=40, logz=-7.76, remainder_fraction=21.7673%, Lmin=-0.78, Lmax=-0.09
18:10:36 [ultranest] [DEBUG] iteration=3413, ncalls=63519, regioncalls=4464400, ndraw=40, logz=-7.76, remainder_fraction=21.7328%, Lmin=-0.77, Lmax=-0.09
18:10:37 [ultranest] [DEBUG] iteration=3414, ncalls=63609, regioncalls=4474520, ndraw=40, logz=-7.76, remainder_fraction=21.6816%, Lmin=-0.77, Lmax=-0.09
18:10:38 [ultranest] [DEBUG] iteration=3415, ncalls=63700, regioncalls=4483280, ndraw=40, logz=-7.76, remainder_fraction=21.6351%, Lmin=-0.77, Lmax=-0.09
18:10:38 [ultranest] [DEBUG] iteration=3416, ncalls=63731, regioncalls=4485720, ndraw=40, logz=-7.76, remainder_fraction=21.5843%, Lmin=-0.77, Lmax=-0.09
18:10:39 [ultranest] [DEBUG] iteration=3417, ncalls=63823, regioncalls=4496800, ndraw=40, logz=-7.76, remainder_fraction=21.5356%, Lmin=-0.77, Lmax=-0.09
18:10:39 [ultranest] [DEBUG] iteration=3418, ncalls=63834, regioncalls=4498040, ndraw=40, logz=-7.76, remainder_fraction=21.4892%, Lmin=-0.77, Lmax=-0.09
18:10:40 [ultranest] [DEBUG] iteration=3419, ncalls=63864, regioncalls=4501440, ndraw=40, logz=-7.75, remainder_fraction=21.4462%, Lmin=-0.77, Lmax=-0.09
18:10:40 [ultranest] [DEBUG] iteration=3420, ncalls=63892, regioncalls=4504320, ndraw=40, logz=-7.75, remainder_fraction=21.4183%, Lmin=-0.77, Lmax=-0.09
18:10:40 [ultranest] [DEBUG] iteration=3421, ncalls=63906, regioncalls=4505960, ndraw=40, logz=-7.75, remainder_fraction=21.3708%, Lmin=-0.77, Lmax=-0.09
18:10:41 [ultranest] [DEBUG] iteration=3423, ncalls=63962, regioncalls=4513400, ndraw=40, logz=-7.75, remainder_fraction=21.2730%, Lmin=-0.77, Lmax=-0.09
18:10:41 [ultranest] [DEBUG] iteration=3424, ncalls=64004, regioncalls=4517800, ndraw=40, logz=-7.75, remainder_fraction=21.2257%, Lmin=-0.77, Lmax=-0.09
18:10:41 [ultranest] [DEBUG] iteration=3425, ncalls=64052, regioncalls=4523360, ndraw=40, logz=-7.75, remainder_fraction=21.1890%, Lmin=-0.77, Lmax=-0.09
18:10:42 [ultranest] [DEBUG] iteration=3426, ncalls=64075, regioncalls=4525840, ndraw=40, logz=-7.75, remainder_fraction=21.1480%, Lmin=-0.77, Lmax=-0.09
18:10:42 [ultranest] [DEBUG] iteration=3427, ncalls=64108, regioncalls=4530760, ndraw=40, logz=-7.75, remainder_fraction=21.1077%, Lmin=-0.77, Lmax=-0.09
18:10:43 [ultranest] [DEBUG] iteration=3428, ncalls=64232, regioncalls=4546480, ndraw=40, logz=-7.75, remainder_fraction=21.0848%, Lmin=-0.76, Lmax=-0.09
18:10:44 [ultranest] [DEBUG] iteration=3429, ncalls=64348, regioncalls=4559040, ndraw=40, logz=-7.75, remainder_fraction=21.0463%, Lmin=-0.76, Lmax=-0.09
18:10:45 [ultranest] [DEBUG] iteration=3430, ncalls=64402, regioncalls=4565240, ndraw=40, logz=-7.75, remainder_fraction=20.9965%, Lmin=-0.76, Lmax=-0.09
18:10:45 [ultranest] [DEBUG] iteration=3431, ncalls=64435, regioncalls=4568240, ndraw=40, logz=-7.75, remainder_fraction=20.9521%, Lmin=-0.76, Lmax=-0.09
18:10:47 [ultranest] [DEBUG] iteration=3432, ncalls=64626, regioncalls=4588560, ndraw=40, logz=-7.75, remainder_fraction=20.9087%, Lmin=-0.76, Lmax=-0.09
18:10:48 [ultranest] [DEBUG] iteration=3433, ncalls=64741, regioncalls=4601600, ndraw=40, logz=-7.75, remainder_fraction=20.8608%, Lmin=-0.76, Lmax=-0.09
18:10:48 [ultranest] [DEBUG] iteration=3434, ncalls=64810, regioncalls=4609440, ndraw=40, logz=-7.75, remainder_fraction=20.8175%, Lmin=-0.76, Lmax=-0.09
18:10:50 [ultranest] [DEBUG] iteration=3435, ncalls=64960, regioncalls=4624120, ndraw=40, logz=-7.75, remainder_fraction=20.7713%, Lmin=-0.76, Lmax=-0.09
18:10:50 [ultranest] [DEBUG] iteration=3437, ncalls=64973, regioncalls=4625560, ndraw=40, logz=-7.75, remainder_fraction=20.6789%, Lmin=-0.75, Lmax=-0.09
18:10:50 [ultranest] [DEBUG] iteration=3438, ncalls=65043, regioncalls=4633240, ndraw=40, logz=-7.74, remainder_fraction=20.6298%, Lmin=-0.75, Lmax=-0.09
18:10:51 [ultranest] [DEBUG] iteration=3439, ncalls=65070, regioncalls=4635800, ndraw=40, logz=-7.74, remainder_fraction=20.5828%, Lmin=-0.75, Lmax=-0.09
18:10:51 [ultranest] [DEBUG] iteration=3440, ncalls=65125, regioncalls=4642920, ndraw=40, logz=-7.74, remainder_fraction=20.5492%, Lmin=-0.75, Lmax=-0.09
18:10:52 [ultranest] [DEBUG] iteration=3442, ncalls=65279, regioncalls=4658400, ndraw=40, logz=-7.74, remainder_fraction=20.4601%, Lmin=-0.75, Lmax=-0.09
18:10:53 [ultranest] [DEBUG] iteration=3443, ncalls=65326, regioncalls=4663840, ndraw=40, logz=-7.74, remainder_fraction=20.4148%, Lmin=-0.75, Lmax=-0.09
18:10:53 [ultranest] [DEBUG] iteration=3444, ncalls=65367, regioncalls=4668640, ndraw=40, logz=-7.74, remainder_fraction=20.3662%, Lmin=-0.75, Lmax=-0.09
18:10:54 [ultranest] [DEBUG] iteration=3447, ncalls=65414, regioncalls=4673800, ndraw=40, logz=-7.74, remainder_fraction=20.2390%, Lmin=-0.74, Lmax=-0.09
18:10:54 [ultranest] [DEBUG] iteration=3448, ncalls=65425, regioncalls=4674960, ndraw=40, logz=-7.74, remainder_fraction=20.1967%, Lmin=-0.74, Lmax=-0.09
18:10:55 [ultranest] [DEBUG] iteration=3450, ncalls=65541, regioncalls=4687480, ndraw=40, logz=-7.74, remainder_fraction=20.1169%, Lmin=-0.74, Lmax=-0.09
18:10:56 [ultranest] [DEBUG] iteration=3451, ncalls=65636, regioncalls=4698720, ndraw=40, logz=-7.74, remainder_fraction=20.0803%, Lmin=-0.74, Lmax=-0.09
18:10:56 [ultranest] [DEBUG] iteration=3452, ncalls=65658, regioncalls=4701640, ndraw=40, logz=-7.74, remainder_fraction=20.0341%, Lmin=-0.74, Lmax=-0.09
18:10:56 [ultranest] [DEBUG] iteration=3453, ncalls=65681, regioncalls=4704560, ndraw=40, logz=-7.74, remainder_fraction=19.9905%, Lmin=-0.73, Lmax=-0.09
18:10:57 [ultranest] [DEBUG] iteration=3454, ncalls=65801, regioncalls=4718080, ndraw=40, logz=-7.74, remainder_fraction=19.9520%, Lmin=-0.73, Lmax=-0.09
18:10:58 [ultranest] [DEBUG] iteration=3455, ncalls=65869, regioncalls=4724240, ndraw=40, logz=-7.74, remainder_fraction=19.9203%, Lmin=-0.73, Lmax=-0.09
18:10:58 [ultranest] [DEBUG] iteration=3456, ncalls=65887, regioncalls=4726920, ndraw=40, logz=-7.74, remainder_fraction=19.8754%, Lmin=-0.73, Lmax=-0.09
18:10:59 [ultranest] [DEBUG] iteration=3457, ncalls=65970, regioncalls=4739040, ndraw=40, logz=-7.74, remainder_fraction=19.8303%, Lmin=-0.73, Lmax=-0.09
18:10:59 [ultranest] [DEBUG] iteration=3458, ncalls=66039, regioncalls=4747480, ndraw=40, logz=-7.73, remainder_fraction=19.7868%, Lmin=-0.73, Lmax=-0.09
18:10:59 [ultranest] [DEBUG] iteration=3459, ncalls=66059, regioncalls=4749240, ndraw=40, logz=-7.73, remainder_fraction=19.7438%, Lmin=-0.73, Lmax=-0.09
18:11:01 [ultranest] [DEBUG] iteration=3461, ncalls=66254, regioncalls=4772400, ndraw=40, logz=-7.73, remainder_fraction=19.6674%, Lmin=-0.72, Lmax=-0.09
18:11:03 [ultranest] [DEBUG] iteration=3463, ncalls=66438, regioncalls=4792320, ndraw=40, logz=-7.73, remainder_fraction=19.5794%, Lmin=-0.72, Lmax=-0.09
18:11:03 [ultranest] [DEBUG] iteration=3465, ncalls=66468, regioncalls=4795560, ndraw=40, logz=-7.73, remainder_fraction=19.5015%, Lmin=-0.72, Lmax=-0.09
18:11:03 [ultranest] [DEBUG] iteration=3466, ncalls=66489, regioncalls=4797240, ndraw=40, logz=-7.73, remainder_fraction=19.4688%, Lmin=-0.72, Lmax=-0.09
18:11:05 [ultranest] [DEBUG] iteration=3468, ncalls=66727, regioncalls=4824520, ndraw=40, logz=-7.73, remainder_fraction=19.3946%, Lmin=-0.72, Lmax=-0.09
18:11:05 [ultranest] [DEBUG] iteration=3469, ncalls=66743, regioncalls=4826240, ndraw=40, logz=-7.73, remainder_fraction=19.3565%, Lmin=-0.72, Lmax=-0.09
18:11:06 [ultranest] [DEBUG] iteration=3470, ncalls=66763, regioncalls=4827760, ndraw=40, logz=-7.73, remainder_fraction=19.3276%, Lmin=-0.72, Lmax=-0.09
18:11:07 [ultranest] [DEBUG] iteration=3471, ncalls=66906, regioncalls=4842200, ndraw=40, logz=-7.73, remainder_fraction=19.2900%, Lmin=-0.72, Lmax=-0.09
18:11:09 [ultranest] [DEBUG] iteration=3472, ncalls=67144, regioncalls=4869240, ndraw=40, logz=-7.73, remainder_fraction=19.2503%, Lmin=-0.72, Lmax=-0.09
18:11:10 [ultranest] [DEBUG] iteration=3473, ncalls=67245, regioncalls=4880800, ndraw=40, logz=-7.73, remainder_fraction=19.2080%, Lmin=-0.72, Lmax=-0.09
18:11:11 [ultranest] [DEBUG] iteration=3474, ncalls=67320, regioncalls=4890280, ndraw=40, logz=-7.73, remainder_fraction=19.1778%, Lmin=-0.72, Lmax=-0.09
18:11:13 [ultranest] [DEBUG] iteration=3476, ncalls=67504, regioncalls=4910480, ndraw=40, logz=-7.73, remainder_fraction=19.0926%, Lmin=-0.72, Lmax=-0.09
18:11:16 [ultranest] [DEBUG] iteration=3477, ncalls=67896, regioncalls=4953040, ndraw=40, logz=-7.73, remainder_fraction=19.0608%, Lmin=-0.71, Lmax=-0.09
18:11:17 [ultranest] [DEBUG] iteration=3478, ncalls=67999, regioncalls=4962920, ndraw=40, logz=-7.73, remainder_fraction=19.0209%, Lmin=-0.71, Lmax=-0.09
18:11:18 [ultranest] [DEBUG] iteration=3479, ncalls=68083, regioncalls=4971120, ndraw=40, logz=-7.72, remainder_fraction=18.9846%, Lmin=-0.71, Lmax=-0.09
18:11:18 [ultranest] [DEBUG] iteration=3480, ncalls=68094, regioncalls=4972520, ndraw=40, logz=-7.72, remainder_fraction=18.9475%, Lmin=-0.71, Lmax=-0.09
18:11:18 [ultranest] [DEBUG] iteration=3481, ncalls=68123, regioncalls=4976080, ndraw=40, logz=-7.72, remainder_fraction=18.9180%, Lmin=-0.71, Lmax=-0.09
18:11:19 [ultranest] [DEBUG] iteration=3482, ncalls=68206, regioncalls=4984520, ndraw=40, logz=-7.72, remainder_fraction=18.8732%, Lmin=-0.71, Lmax=-0.09
18:11:20 [ultranest] [DEBUG] iteration=3483, ncalls=68336, regioncalls=5000440, ndraw=40, logz=-7.72, remainder_fraction=18.8285%, Lmin=-0.71, Lmax=-0.09
18:11:21 [ultranest] [DEBUG] iteration=3484, ncalls=68393, regioncalls=5007920, ndraw=40, logz=-7.72, remainder_fraction=18.7869%, Lmin=-0.71, Lmax=-0.09
18:11:21 [ultranest] [DEBUG] iteration=3486, ncalls=68411, regioncalls=5009880, ndraw=40, logz=-7.72, remainder_fraction=18.7239%, Lmin=-0.71, Lmax=-0.09
18:11:22 [ultranest] [DEBUG] iteration=3487, ncalls=68471, regioncalls=5016120, ndraw=40, logz=-7.72, remainder_fraction=18.6793%, Lmin=-0.71, Lmax=-0.09
18:11:22 [ultranest] [DEBUG] iteration=3488, ncalls=68500, regioncalls=5018920, ndraw=40, logz=-7.72, remainder_fraction=18.6360%, Lmin=-0.71, Lmax=-0.09
18:11:24 [ultranest] [DEBUG] iteration=3489, ncalls=68690, regioncalls=5042800, ndraw=40, logz=-7.72, remainder_fraction=18.5915%, Lmin=-0.70, Lmax=-0.09
18:11:24 [ultranest] [DEBUG] iteration=3490, ncalls=68744, regioncalls=5048240, ndraw=40, logz=-7.72, remainder_fraction=18.5475%, Lmin=-0.70, Lmax=-0.09
18:11:25 [ultranest] [DEBUG] iteration=3491, ncalls=68832, regioncalls=5056080, ndraw=40, logz=-7.72, remainder_fraction=18.5077%, Lmin=-0.70, Lmax=-0.09
18:11:26 [ultranest] [DEBUG] iteration=3492, ncalls=68884, regioncalls=5062000, ndraw=40, logz=-7.72, remainder_fraction=18.4656%, Lmin=-0.70, Lmax=-0.09
18:11:26 [ultranest] [DEBUG] iteration=3493, ncalls=68916, regioncalls=5066080, ndraw=40, logz=-7.72, remainder_fraction=18.4219%, Lmin=-0.70, Lmax=-0.09
18:11:26 [ultranest] [DEBUG] iteration=3494, ncalls=68946, regioncalls=5069480, ndraw=40, logz=-7.72, remainder_fraction=18.3806%, Lmin=-0.70, Lmax=-0.09
18:11:27 [ultranest] [DEBUG] iteration=3495, ncalls=69054, regioncalls=5080640, ndraw=40, logz=-7.72, remainder_fraction=18.3440%, Lmin=-0.70, Lmax=-0.09
18:11:28 [ultranest] [DEBUG] iteration=3496, ncalls=69077, regioncalls=5083440, ndraw=40, logz=-7.72, remainder_fraction=18.3062%, Lmin=-0.70, Lmax=-0.09
18:11:28 [ultranest] [DEBUG] iteration=3497, ncalls=69108, regioncalls=5086200, ndraw=40, logz=-7.72, remainder_fraction=18.2698%, Lmin=-0.70, Lmax=-0.09
18:11:30 [ultranest] [DEBUG] iteration=3498, ncalls=69321, regioncalls=5111720, ndraw=40, logz=-7.72, remainder_fraction=18.2395%, Lmin=-0.70, Lmax=-0.09
18:11:31 [ultranest] [DEBUG] iteration=3499, ncalls=69405, regioncalls=5121720, ndraw=40, logz=-7.72, remainder_fraction=18.2014%, Lmin=-0.70, Lmax=-0.09
18:11:32 [ultranest] [DEBUG] iteration=3500, ncalls=69547, regioncalls=5137040, ndraw=40, logz=-7.72, remainder_fraction=18.1729%, Lmin=-0.70, Lmax=-0.09
18:11:32 [ultranest] [DEBUG] iteration=3501, ncalls=69568, regioncalls=5139440, ndraw=40, logz=-7.72, remainder_fraction=18.1503%, Lmin=-0.70, Lmax=-0.09
18:11:33 [ultranest] [DEBUG] iteration=3502, ncalls=69613, regioncalls=5144600, ndraw=40, logz=-7.71, remainder_fraction=18.1218%, Lmin=-0.70, Lmax=-0.09
18:11:33 [ultranest] [DEBUG] iteration=3503, ncalls=69669, regioncalls=5151360, ndraw=40, logz=-7.71, remainder_fraction=18.0943%, Lmin=-0.70, Lmax=-0.09
18:11:33 [ultranest] [DEBUG] iteration=3504, ncalls=69694, regioncalls=5154080, ndraw=40, logz=-7.71, remainder_fraction=18.0560%, Lmin=-0.70, Lmax=-0.09
18:11:34 [ultranest] [DEBUG] iteration=3505, ncalls=69782, regioncalls=5163920, ndraw=40, logz=-7.71, remainder_fraction=18.0156%, Lmin=-0.69, Lmax=-0.09
18:11:36 [ultranest] [DEBUG] iteration=3506, ncalls=69915, regioncalls=5179960, ndraw=40, logz=-7.71, remainder_fraction=17.9898%, Lmin=-0.69, Lmax=-0.09
18:11:38 [ultranest] [DEBUG] iteration=3508, ncalls=70140, regioncalls=5205080, ndraw=40, logz=-7.71, remainder_fraction=17.9090%, Lmin=-0.69, Lmax=-0.09
18:11:38 [ultranest] [DEBUG] iteration=3509, ncalls=70157, regioncalls=5206880, ndraw=40, logz=-7.71, remainder_fraction=17.8668%, Lmin=-0.69, Lmax=-0.09
18:11:38 [ultranest] [DEBUG] iteration=3510, ncalls=70166, regioncalls=5208000, ndraw=40, logz=-7.71, remainder_fraction=17.8255%, Lmin=-0.69, Lmax=-0.09
18:11:39 [ultranest] [DEBUG] iteration=3511, ncalls=70233, regioncalls=5215680, ndraw=40, logz=-7.71, remainder_fraction=17.7877%, Lmin=-0.69, Lmax=-0.09
18:11:39 [ultranest] [DEBUG] iteration=3512, ncalls=70284, regioncalls=5221680, ndraw=40, logz=-7.71, remainder_fraction=17.7486%, Lmin=-0.69, Lmax=-0.09
18:11:40 [ultranest] [DEBUG] iteration=3513, ncalls=70359, regioncalls=5231040, ndraw=40, logz=-7.71, remainder_fraction=17.7121%, Lmin=-0.69, Lmax=-0.09
18:11:40 [ultranest] [DEBUG] iteration=3514, ncalls=70374, regioncalls=5232560, ndraw=40, logz=-7.71, remainder_fraction=17.6733%, Lmin=-0.69, Lmax=-0.09
18:11:40 [ultranest] [DEBUG] iteration=3515, ncalls=70395, regioncalls=5235040, ndraw=40, logz=-7.71, remainder_fraction=17.6445%, Lmin=-0.69, Lmax=-0.09
18:11:41 [ultranest] [DEBUG] iteration=3516, ncalls=70426, regioncalls=5237920, ndraw=40, logz=-7.71, remainder_fraction=17.6024%, Lmin=-0.69, Lmax=-0.09
18:11:41 [ultranest] [DEBUG] iteration=3517, ncalls=70448, regioncalls=5240880, ndraw=40, logz=-7.71, remainder_fraction=17.5706%, Lmin=-0.68, Lmax=-0.09
18:11:41 [ultranest] [DEBUG] iteration=3518, ncalls=70479, regioncalls=5243800, ndraw=40, logz=-7.71, remainder_fraction=17.5293%, Lmin=-0.68, Lmax=-0.09
18:11:42 [ultranest] [DEBUG] iteration=3519, ncalls=70609, regioncalls=5258680, ndraw=40, logz=-7.71, remainder_fraction=17.4920%, Lmin=-0.68, Lmax=-0.09
18:11:42 [ultranest] [DEBUG] iteration=3520, ncalls=70615, regioncalls=5259280, ndraw=40, logz=-7.71, remainder_fraction=17.4664%, Lmin=-0.68, Lmax=-0.09
18:11:43 [ultranest] [DEBUG] iteration=3521, ncalls=70665, regioncalls=5264040, ndraw=40, logz=-7.71, remainder_fraction=17.4385%, Lmin=-0.68, Lmax=-0.09
18:11:43 [ultranest] [DEBUG] iteration=3522, ncalls=70697, regioncalls=5267800, ndraw=40, logz=-7.71, remainder_fraction=17.3975%, Lmin=-0.68, Lmax=-0.09
18:11:43 [ultranest] [DEBUG] iteration=3523, ncalls=70720, regioncalls=5270120, ndraw=40, logz=-7.71, remainder_fraction=17.3768%, Lmin=-0.68, Lmax=-0.09
18:11:44 [ultranest] [DEBUG] iteration=3524, ncalls=70755, regioncalls=5274680, ndraw=40, logz=-7.71, remainder_fraction=17.3368%, Lmin=-0.68, Lmax=-0.09
18:11:44 [ultranest] [DEBUG] iteration=3525, ncalls=70792, regioncalls=5279920, ndraw=40, logz=-7.70, remainder_fraction=17.2998%, Lmin=-0.68, Lmax=-0.09
18:11:46 [ultranest] [DEBUG] iteration=3526, ncalls=70945, regioncalls=5297240, ndraw=40, logz=-7.70, remainder_fraction=17.2612%, Lmin=-0.68, Lmax=-0.09
18:11:46 [ultranest] [DEBUG] iteration=3527, ncalls=70989, regioncalls=5303040, ndraw=40, logz=-7.70, remainder_fraction=17.2351%, Lmin=-0.68, Lmax=-0.09
18:11:47 [ultranest] [DEBUG] iteration=3528, ncalls=71053, regioncalls=5310440, ndraw=40, logz=-7.70, remainder_fraction=17.2001%, Lmin=-0.68, Lmax=-0.09
18:11:47 [ultranest] [DEBUG] iteration=3529, ncalls=71143, regioncalls=5322600, ndraw=40, logz=-7.70, remainder_fraction=17.1651%, Lmin=-0.67, Lmax=-0.09
18:11:48 [ultranest] [DEBUG] iteration=3531, ncalls=71212, regioncalls=5332040, ndraw=40, logz=-7.70, remainder_fraction=17.0863%, Lmin=-0.67, Lmax=-0.09
18:11:49 [ultranest] [DEBUG] iteration=3532, ncalls=71269, regioncalls=5338960, ndraw=40, logz=-7.70, remainder_fraction=17.0455%, Lmin=-0.67, Lmax=-0.09
18:11:50 [ultranest] [DEBUG] iteration=3533, ncalls=71455, regioncalls=5360000, ndraw=40, logz=-7.70, remainder_fraction=17.0118%, Lmin=-0.67, Lmax=-0.09
18:11:51 [ultranest] [DEBUG] iteration=3535, ncalls=71467, regioncalls=5361080, ndraw=40, logz=-7.70, remainder_fraction=16.9448%, Lmin=-0.67, Lmax=-0.09
18:11:51 [ultranest] [DEBUG] iteration=3536, ncalls=71496, regioncalls=5364640, ndraw=40, logz=-7.70, remainder_fraction=16.9084%, Lmin=-0.67, Lmax=-0.09
18:11:52 [ultranest] [DEBUG] iteration=3537, ncalls=71583, regioncalls=5373880, ndraw=40, logz=-7.70, remainder_fraction=16.8697%, Lmin=-0.67, Lmax=-0.09
18:11:52 [ultranest] [DEBUG] iteration=3538, ncalls=71653, regioncalls=5383120, ndraw=40, logz=-7.70, remainder_fraction=16.8327%, Lmin=-0.66, Lmax=-0.09
18:11:53 [ultranest] [DEBUG] iteration=3539, ncalls=71750, regioncalls=5393520, ndraw=40, logz=-7.70, remainder_fraction=16.7932%, Lmin=-0.66, Lmax=-0.09
18:11:54 [ultranest] [DEBUG] iteration=3540, ncalls=71818, regioncalls=5401760, ndraw=40, logz=-7.70, remainder_fraction=16.7563%, Lmin=-0.66, Lmax=-0.09
18:11:54 [ultranest] [DEBUG] iteration=3541, ncalls=71859, regioncalls=5407600, ndraw=40, logz=-7.70, remainder_fraction=16.7193%, Lmin=-0.66, Lmax=-0.09
18:11:55 [ultranest] [DEBUG] iteration=3542, ncalls=71880, regioncalls=5409960, ndraw=40, logz=-7.70, remainder_fraction=16.6863%, Lmin=-0.66, Lmax=-0.09
18:11:57 [ultranest] [DEBUG] iteration=3543, ncalls=72157, regioncalls=5444560, ndraw=40, logz=-7.70, remainder_fraction=16.6460%, Lmin=-0.66, Lmax=-0.09
18:12:00 [ultranest] [DEBUG] iteration=3544, ncalls=72424, regioncalls=5475800, ndraw=40, logz=-7.70, remainder_fraction=16.6099%, Lmin=-0.66, Lmax=-0.09
18:12:01 [ultranest] [DEBUG] iteration=3545, ncalls=72542, regioncalls=5492000, ndraw=40, logz=-7.70, remainder_fraction=16.5785%, Lmin=-0.66, Lmax=-0.09
18:12:01 [ultranest] [DEBUG] iteration=3547, ncalls=72583, regioncalls=5495840, ndraw=40, logz=-7.70, remainder_fraction=16.5060%, Lmin=-0.66, Lmax=-0.09
18:12:02 [ultranest] [DEBUG] iteration=3549, ncalls=72659, regioncalls=5505480, ndraw=40, logz=-7.69, remainder_fraction=16.4482%, Lmin=-0.66, Lmax=-0.09
18:12:03 [ultranest] [DEBUG] iteration=3550, ncalls=72741, regioncalls=5515000, ndraw=40, logz=-7.69, remainder_fraction=16.4085%, Lmin=-0.66, Lmax=-0.09
18:12:05 [ultranest] [DEBUG] iteration=3551, ncalls=72936, regioncalls=5538400, ndraw=40, logz=-7.69, remainder_fraction=16.3790%, Lmin=-0.66, Lmax=-0.09
18:12:06 [ultranest] [DEBUG] iteration=3552, ncalls=73075, regioncalls=5555320, ndraw=40, logz=-7.69, remainder_fraction=16.3478%, Lmin=-0.66, Lmax=-0.09
18:12:07 [ultranest] [DEBUG] iteration=3553, ncalls=73131, regioncalls=5561640, ndraw=40, logz=-7.69, remainder_fraction=16.3130%, Lmin=-0.66, Lmax=-0.09
18:12:07 [ultranest] [DEBUG] iteration=3554, ncalls=73150, regioncalls=5563960, ndraw=40, logz=-7.69, remainder_fraction=16.2863%, Lmin=-0.66, Lmax=-0.09
18:12:08 [ultranest] [DEBUG] iteration=3555, ncalls=73293, regioncalls=5579480, ndraw=40, logz=-7.69, remainder_fraction=16.2486%, Lmin=-0.65, Lmax=-0.09
18:12:13 [ultranest] [DEBUG] iteration=3556, ncalls=73761, regioncalls=5632880, ndraw=40, logz=-7.69, remainder_fraction=16.2144%, Lmin=-0.65, Lmax=-0.09
18:12:13 [ultranest] [DEBUG] iteration=3557, ncalls=73781, regioncalls=5634960, ndraw=40, logz=-7.69, remainder_fraction=16.1819%, Lmin=-0.65, Lmax=-0.09
18:12:14 [ultranest] [DEBUG] iteration=3559, ncalls=73916, regioncalls=5652480, ndraw=40, logz=-7.69, remainder_fraction=16.1237%, Lmin=-0.65, Lmax=-0.09
18:12:15 [ultranest] [DEBUG] iteration=3560, ncalls=73969, regioncalls=5658960, ndraw=40, logz=-7.69, remainder_fraction=16.0945%, Lmin=-0.65, Lmax=-0.09
18:12:16 [ultranest] [DEBUG] iteration=3561, ncalls=74137, regioncalls=5676560, ndraw=40, logz=-7.69, remainder_fraction=16.0570%, Lmin=-0.65, Lmax=-0.09
18:12:17 [ultranest] [DEBUG] iteration=3562, ncalls=74202, regioncalls=5682240, ndraw=40, logz=-7.69, remainder_fraction=16.0234%, Lmin=-0.65, Lmax=-0.09
18:12:18 [ultranest] [DEBUG] iteration=3563, ncalls=74281, regioncalls=5690000, ndraw=40, logz=-7.69, remainder_fraction=15.9990%, Lmin=-0.65, Lmax=-0.09
18:12:18 [ultranest] [DEBUG] iteration=3564, ncalls=74326, regioncalls=5695160, ndraw=40, logz=-7.69, remainder_fraction=15.9690%, Lmin=-0.65, Lmax=-0.09
18:12:18 [ultranest] [DEBUG] iteration=3565, ncalls=74363, regioncalls=5700240, ndraw=40, logz=-7.69, remainder_fraction=15.9354%, Lmin=-0.65, Lmax=-0.09
18:12:20 [ultranest] [DEBUG] iteration=3566, ncalls=74496, regioncalls=5718040, ndraw=40, logz=-7.69, remainder_fraction=15.9033%, Lmin=-0.65, Lmax=-0.09
18:12:21 [ultranest] [DEBUG] iteration=3567, ncalls=74582, regioncalls=5728600, ndraw=40, logz=-7.69, remainder_fraction=15.8693%, Lmin=-0.64, Lmax=-0.09
18:12:21 [ultranest] [DEBUG] iteration=3568, ncalls=74634, regioncalls=5734560, ndraw=40, logz=-7.69, remainder_fraction=15.8324%, Lmin=-0.64, Lmax=-0.09
18:12:22 [ultranest] [DEBUG] iteration=3569, ncalls=74687, regioncalls=5740120, ndraw=40, logz=-7.69, remainder_fraction=15.7978%, Lmin=-0.64, Lmax=-0.09
18:12:22 [ultranest] [DEBUG] iteration=3570, ncalls=74784, regioncalls=5752280, ndraw=40, logz=-7.69, remainder_fraction=15.7615%, Lmin=-0.64, Lmax=-0.09
18:12:23 [ultranest] [DEBUG] iteration=3571, ncalls=74854, regioncalls=5760960, ndraw=40, logz=-7.69, remainder_fraction=15.7280%, Lmin=-0.64, Lmax=-0.09
18:12:23 [ultranest] [DEBUG] iteration=3573, ncalls=74871, regioncalls=5762440, ndraw=40, logz=-7.69, remainder_fraction=15.6617%, Lmin=-0.64, Lmax=-0.09
18:12:24 [ultranest] [DEBUG] iteration=3574, ncalls=74955, regioncalls=5771360, ndraw=40, logz=-7.69, remainder_fraction=15.6310%, Lmin=-0.64, Lmax=-0.09
18:12:24 [ultranest] [DEBUG] iteration=3575, ncalls=74978, regioncalls=5774040, ndraw=40, logz=-7.68, remainder_fraction=15.6003%, Lmin=-0.64, Lmax=-0.09
18:12:25 [ultranest] [DEBUG] iteration=3576, ncalls=75017, regioncalls=5778040, ndraw=40, logz=-7.68, remainder_fraction=15.5641%, Lmin=-0.64, Lmax=-0.09
18:12:25 [ultranest] [DEBUG] iteration=3577, ncalls=75079, regioncalls=5785600, ndraw=40, logz=-7.68, remainder_fraction=15.5292%, Lmin=-0.64, Lmax=-0.09
18:12:26 [ultranest] [DEBUG] iteration=3578, ncalls=75117, regioncalls=5789920, ndraw=40, logz=-7.68, remainder_fraction=15.4926%, Lmin=-0.64, Lmax=-0.09
18:12:30 [ultranest] [DEBUG] iteration=3579, ncalls=75619, regioncalls=5847560, ndraw=40, logz=-7.68, remainder_fraction=15.4567%, Lmin=-0.64, Lmax=-0.09
18:12:31 [ultranest] [DEBUG] iteration=3580, ncalls=75638, regioncalls=5849840, ndraw=40, logz=-7.68, remainder_fraction=15.4328%, Lmin=-0.63, Lmax=-0.09
18:12:31 [ultranest] [DEBUG] iteration=3582, ncalls=75719, regioncalls=5857240, ndraw=40, logz=-7.68, remainder_fraction=15.3676%, Lmin=-0.63, Lmax=-0.09
18:12:32 [ultranest] [DEBUG] iteration=3583, ncalls=75759, regioncalls=5863000, ndraw=40, logz=-7.68, remainder_fraction=15.3311%, Lmin=-0.63, Lmax=-0.09
18:12:33 [ultranest] [DEBUG] iteration=3584, ncalls=75852, regioncalls=5872520, ndraw=40, logz=-7.68, remainder_fraction=15.3053%, Lmin=-0.63, Lmax=-0.09
18:12:34 [ultranest] [DEBUG] iteration=3586, ncalls=75998, regioncalls=5891040, ndraw=40, logz=-7.68, remainder_fraction=15.2404%, Lmin=-0.63, Lmax=-0.09
18:12:36 [ultranest] [DEBUG] iteration=3587, ncalls=76241, regioncalls=5918280, ndraw=40, logz=-7.68, remainder_fraction=15.2138%, Lmin=-0.63, Lmax=-0.09
18:12:37 [ultranest] [DEBUG] iteration=3589, ncalls=76310, regioncalls=5926800, ndraw=40, logz=-7.68, remainder_fraction=15.1494%, Lmin=-0.63, Lmax=-0.09
18:12:37 [ultranest] [DEBUG] iteration=3590, ncalls=76337, regioncalls=5929880, ndraw=40, logz=-7.68, remainder_fraction=15.1129%, Lmin=-0.62, Lmax=-0.09
18:12:38 [ultranest] [DEBUG] iteration=3591, ncalls=76403, regioncalls=5938440, ndraw=40, logz=-7.68, remainder_fraction=15.0771%, Lmin=-0.62, Lmax=-0.09
18:12:39 [ultranest] [DEBUG] iteration=3592, ncalls=76472, regioncalls=5946200, ndraw=40, logz=-7.68, remainder_fraction=15.0481%, Lmin=-0.62, Lmax=-0.09
18:12:42 [ultranest] [DEBUG] iteration=3593, ncalls=76831, regioncalls=5989440, ndraw=40, logz=-7.68, remainder_fraction=15.0134%, Lmin=-0.62, Lmax=-0.09
18:12:43 [ultranest] [DEBUG] iteration=3594, ncalls=76929, regioncalls=5999960, ndraw=40, logz=-7.68, remainder_fraction=14.9807%, Lmin=-0.62, Lmax=-0.09
18:12:44 [ultranest] [DEBUG] iteration=3595, ncalls=77019, regioncalls=6010000, ndraw=40, logz=-7.68, remainder_fraction=14.9472%, Lmin=-0.62, Lmax=-0.09
18:12:45 [ultranest] [DEBUG] iteration=3596, ncalls=77152, regioncalls=6024800, ndraw=40, logz=-7.68, remainder_fraction=14.9176%, Lmin=-0.62, Lmax=-0.09
18:12:46 [ultranest] [DEBUG] iteration=3597, ncalls=77264, regioncalls=6036560, ndraw=40, logz=-7.68, remainder_fraction=14.8837%, Lmin=-0.62, Lmax=-0.09
18:12:47 [ultranest] [DEBUG] iteration=3598, ncalls=77400, regioncalls=6053560, ndraw=40, logz=-7.68, remainder_fraction=14.8531%, Lmin=-0.62, Lmax=-0.09
18:12:48 [ultranest] [DEBUG] iteration=3599, ncalls=77487, regioncalls=6064120, ndraw=40, logz=-7.68, remainder_fraction=14.8209%, Lmin=-0.62, Lmax=-0.09
18:12:49 [ultranest] [DEBUG] iteration=3600, ncalls=77585, regioncalls=6077720, ndraw=40, logz=-7.68, remainder_fraction=14.7905%, Lmin=-0.62, Lmax=-0.09
18:12:50 [ultranest] [DEBUG] iteration=3601, ncalls=77693, regioncalls=6088520, ndraw=40, logz=-7.68, remainder_fraction=14.7551%, Lmin=-0.62, Lmax=-0.09
18:12:51 [ultranest] [DEBUG] iteration=3602, ncalls=77804, regioncalls=6100800, ndraw=40, logz=-7.67, remainder_fraction=14.7203%, Lmin=-0.62, Lmax=-0.09
18:12:53 [ultranest] [DEBUG] iteration=3604, ncalls=77992, regioncalls=6121680, ndraw=40, logz=-7.67, remainder_fraction=14.6612%, Lmin=-0.62, Lmax=-0.09
18:12:53 [ultranest] [DEBUG] iteration=3605, ncalls=78004, regioncalls=6122600, ndraw=40, logz=-7.67, remainder_fraction=14.6300%, Lmin=-0.62, Lmax=-0.09
18:12:53 [ultranest] [DEBUG] iteration=3606, ncalls=78014, regioncalls=6124640, ndraw=40, logz=-7.67, remainder_fraction=14.6031%, Lmin=-0.62, Lmax=-0.09
18:12:54 [ultranest] [DEBUG] iteration=3607, ncalls=78141, regioncalls=6140920, ndraw=40, logz=-7.67, remainder_fraction=14.5710%, Lmin=-0.62, Lmax=-0.09
18:12:54 [ultranest] [DEBUG] iteration=3608, ncalls=78161, regioncalls=6143920, ndraw=40, logz=-7.67, remainder_fraction=14.5451%, Lmin=-0.61, Lmax=-0.09
18:12:55 [ultranest] [DEBUG] iteration=3609, ncalls=78205, regioncalls=6151240, ndraw=40, logz=-7.67, remainder_fraction=14.5109%, Lmin=-0.61, Lmax=-0.09
18:12:56 [ultranest] [DEBUG] iteration=3610, ncalls=78332, regioncalls=6165880, ndraw=40, logz=-7.67, remainder_fraction=14.4860%, Lmin=-0.61, Lmax=-0.09
18:12:56 [ultranest] [DEBUG] iteration=3611, ncalls=78355, regioncalls=6168920, ndraw=40, logz=-7.67, remainder_fraction=14.4514%, Lmin=-0.61, Lmax=-0.09
18:12:57 [ultranest] [DEBUG] iteration=3612, ncalls=78418, regioncalls=6176600, ndraw=40, logz=-7.67, remainder_fraction=14.4234%, Lmin=-0.61, Lmax=-0.09
18:12:58 [ultranest] [DEBUG] iteration=3613, ncalls=78542, regioncalls=6189800, ndraw=40, logz=-7.67, remainder_fraction=14.3942%, Lmin=-0.61, Lmax=-0.09
18:13:00 [ultranest] [DEBUG] iteration=3614, ncalls=78767, regioncalls=6218000, ndraw=40, logz=-7.67, remainder_fraction=14.3655%, Lmin=-0.61, Lmax=-0.09
18:13:06 [ultranest] [DEBUG] iteration=3616, ncalls=79396, regioncalls=6292400, ndraw=40, logz=-7.67, remainder_fraction=14.3104%, Lmin=-0.61, Lmax=-0.09
18:13:07 [ultranest] [DEBUG] iteration=3617, ncalls=79549, regioncalls=6311000, ndraw=40, logz=-7.67, remainder_fraction=14.2773%, Lmin=-0.61, Lmax=-0.09
18:13:08 [ultranest] [DEBUG] iteration=3618, ncalls=79663, regioncalls=6324960, ndraw=40, logz=-7.67, remainder_fraction=14.2439%, Lmin=-0.61, Lmax=-0.09
18:13:10 [ultranest] [DEBUG] iteration=3619, ncalls=79832, regioncalls=6342280, ndraw=40, logz=-7.67, remainder_fraction=14.2123%, Lmin=-0.60, Lmax=-0.09
18:13:11 [ultranest] [DEBUG] iteration=3620, ncalls=79914, regioncalls=6352600, ndraw=40, logz=-7.67, remainder_fraction=14.1797%, Lmin=-0.60, Lmax=-0.09
18:13:13 [ultranest] [DEBUG] iteration=3621, ncalls=80157, regioncalls=6384480, ndraw=40, logz=-7.67, remainder_fraction=14.1455%, Lmin=-0.60, Lmax=-0.09
18:13:16 [ultranest] [DEBUG] iteration=3622, ncalls=80451, regioncalls=6416880, ndraw=40, logz=-7.67, remainder_fraction=14.1145%, Lmin=-0.60, Lmax=-0.09
18:13:16 [ultranest] [DEBUG] iteration=3623, ncalls=80472, regioncalls=6419520, ndraw=40, logz=-7.67, remainder_fraction=14.0819%, Lmin=-0.60, Lmax=-0.09
18:13:17 [ultranest] [DEBUG] iteration=3624, ncalls=80610, regioncalls=6435320, ndraw=40, logz=-7.67, remainder_fraction=14.0483%, Lmin=-0.60, Lmax=-0.09
18:13:18 [ultranest] [DEBUG] iteration=3625, ncalls=80745, regioncalls=6451640, ndraw=40, logz=-7.67, remainder_fraction=14.0214%, Lmin=-0.60, Lmax=-0.09
18:13:19 [ultranest] [DEBUG] iteration=3626, ncalls=80850, regioncalls=6463440, ndraw=40, logz=-7.67, remainder_fraction=13.9908%, Lmin=-0.60, Lmax=-0.09
18:13:20 [ultranest] [DEBUG] iteration=3627, ncalls=80957, regioncalls=6476720, ndraw=40, logz=-7.67, remainder_fraction=13.9587%, Lmin=-0.60, Lmax=-0.09
18:13:22 [ultranest] [DEBUG] iteration=3628, ncalls=81123, regioncalls=6495240, ndraw=40, logz=-7.67, remainder_fraction=13.9362%, Lmin=-0.60, Lmax=-0.09
18:13:24 [ultranest] [DEBUG] iteration=3629, ncalls=81376, regioncalls=6523320, ndraw=40, logz=-7.67, remainder_fraction=13.9033%, Lmin=-0.60, Lmax=-0.09
18:13:25 [ultranest] [DEBUG] iteration=3631, ncalls=81425, regioncalls=6528840, ndraw=40, logz=-7.66, remainder_fraction=13.8454%, Lmin=-0.60, Lmax=-0.09
18:13:25 [ultranest] [DEBUG] iteration=3632, ncalls=81480, regioncalls=6534560, ndraw=40, logz=-7.66, remainder_fraction=13.8136%, Lmin=-0.60, Lmax=-0.09
18:13:26 [ultranest] [DEBUG] iteration=3634, ncalls=81527, regioncalls=6540760, ndraw=40, logz=-7.66, remainder_fraction=13.7526%, Lmin=-0.60, Lmax=-0.09
18:13:26 [ultranest] [DEBUG] iteration=3635, ncalls=81539, regioncalls=6542080, ndraw=40, logz=-7.66, remainder_fraction=13.7214%, Lmin=-0.60, Lmax=-0.09
18:13:28 [ultranest] [DEBUG] iteration=3636, ncalls=81769, regioncalls=6567480, ndraw=40, logz=-7.66, remainder_fraction=13.6948%, Lmin=-0.60, Lmax=-0.09
18:13:31 [ultranest] [DEBUG] iteration=3637, ncalls=82099, regioncalls=6605920, ndraw=40, logz=-7.66, remainder_fraction=13.6719%, Lmin=-0.59, Lmax=-0.09
18:13:31 [ultranest] [DEBUG] iteration=3638, ncalls=82126, regioncalls=6608760, ndraw=40, logz=-7.66, remainder_fraction=13.6528%, Lmin=-0.59, Lmax=-0.09
18:13:32 [ultranest] [DEBUG] iteration=3639, ncalls=82192, regioncalls=6616480, ndraw=40, logz=-7.66, remainder_fraction=13.6276%, Lmin=-0.59, Lmax=-0.09
18:13:32 [ultranest] [DEBUG] iteration=3640, ncalls=82203, regioncalls=6617160, ndraw=40, logz=-7.66, remainder_fraction=13.5960%, Lmin=-0.59, Lmax=-0.09
18:13:32 [ultranest] [DEBUG] iteration=3641, ncalls=82235, regioncalls=6621000, ndraw=40, logz=-7.66, remainder_fraction=13.5641%, Lmin=-0.59, Lmax=-0.09
18:13:33 [ultranest] [DEBUG] iteration=3642, ncalls=82253, regioncalls=6623880, ndraw=40, logz=-7.66, remainder_fraction=13.5341%, Lmin=-0.59, Lmax=-0.09
18:13:34 [ultranest] [DEBUG] iteration=3643, ncalls=82382, regioncalls=6638360, ndraw=40, logz=-7.66, remainder_fraction=13.5053%, Lmin=-0.59, Lmax=-0.09
18:13:34 [ultranest] [DEBUG] iteration=3644, ncalls=82412, regioncalls=6643680, ndraw=40, logz=-7.66, remainder_fraction=13.4751%, Lmin=-0.59, Lmax=-0.09
18:13:37 [ultranest] [DEBUG] iteration=3645, ncalls=82734, regioncalls=6684880, ndraw=40, logz=-7.66, remainder_fraction=13.4424%, Lmin=-0.59, Lmax=-0.09
18:13:38 [ultranest] [DEBUG] iteration=3646, ncalls=82783, regioncalls=6691800, ndraw=40, logz=-7.66, remainder_fraction=13.4176%, Lmin=-0.59, Lmax=-0.09
18:13:38 [ultranest] [DEBUG] iteration=3647, ncalls=82856, regioncalls=6701200, ndraw=40, logz=-7.66, remainder_fraction=13.3852%, Lmin=-0.59, Lmax=-0.09
18:13:39 [ultranest] [DEBUG] iteration=3648, ncalls=82941, regioncalls=6712080, ndraw=40, logz=-7.66, remainder_fraction=13.3553%, Lmin=-0.59, Lmax=-0.09
18:13:40 [ultranest] [DEBUG] iteration=3649, ncalls=83043, regioncalls=6724040, ndraw=40, logz=-7.66, remainder_fraction=13.3323%, Lmin=-0.59, Lmax=-0.09
18:13:40 [ultranest] [DEBUG] iteration=3650, ncalls=83075, regioncalls=6726680, ndraw=40, logz=-7.66, remainder_fraction=13.3005%, Lmin=-0.58, Lmax=-0.09
18:13:42 [ultranest] [DEBUG] iteration=3651, ncalls=83245, regioncalls=6746320, ndraw=40, logz=-7.66, remainder_fraction=13.2730%, Lmin=-0.58, Lmax=-0.09
18:13:42 [ultranest] [DEBUG] iteration=3652, ncalls=83261, regioncalls=6748080, ndraw=40, logz=-7.66, remainder_fraction=13.2432%, Lmin=-0.58, Lmax=-0.09
18:13:42 [ultranest] [DEBUG] iteration=3653, ncalls=83279, regioncalls=6751000, ndraw=40, logz=-7.66, remainder_fraction=13.2117%, Lmin=-0.58, Lmax=-0.09
18:13:43 [ultranest] [DEBUG] iteration=3654, ncalls=83358, regioncalls=6759760, ndraw=40, logz=-7.66, remainder_fraction=13.1898%, Lmin=-0.58, Lmax=-0.09
18:13:44 [ultranest] [DEBUG] iteration=3655, ncalls=83443, regioncalls=6769960, ndraw=40, logz=-7.66, remainder_fraction=13.1590%, Lmin=-0.58, Lmax=-0.09
18:13:44 [ultranest] [DEBUG] iteration=3656, ncalls=83470, regioncalls=6773200, ndraw=40, logz=-7.66, remainder_fraction=13.1297%, Lmin=-0.58, Lmax=-0.09
18:13:45 [ultranest] [DEBUG] iteration=3657, ncalls=83588, regioncalls=6788360, ndraw=40, logz=-7.66, remainder_fraction=13.1119%, Lmin=-0.58, Lmax=-0.09
18:13:47 [ultranest] [DEBUG] iteration=3658, ncalls=83777, regioncalls=6812160, ndraw=40, logz=-7.66, remainder_fraction=13.0839%, Lmin=-0.58, Lmax=-0.09
18:13:48 [ultranest] [DEBUG] iteration=3659, ncalls=83852, regioncalls=6822280, ndraw=40, logz=-7.66, remainder_fraction=13.0580%, Lmin=-0.58, Lmax=-0.09
18:13:48 [ultranest] [DEBUG] iteration=3660, ncalls=83909, regioncalls=6829000, ndraw=40, logz=-7.66, remainder_fraction=13.0298%, Lmin=-0.58, Lmax=-0.09
18:13:49 [ultranest] [DEBUG] iteration=3661, ncalls=84008, regioncalls=6839360, ndraw=40, logz=-7.66, remainder_fraction=12.9995%, Lmin=-0.58, Lmax=-0.09
18:13:51 [ultranest] [DEBUG] iteration=3662, ncalls=84159, regioncalls=6853840, ndraw=40, logz=-7.65, remainder_fraction=12.9682%, Lmin=-0.58, Lmax=-0.09
18:13:51 [ultranest] [DEBUG] iteration=3663, ncalls=84219, regioncalls=6860680, ndraw=40, logz=-7.65, remainder_fraction=12.9374%, Lmin=-0.58, Lmax=-0.09
18:13:52 [ultranest] [DEBUG] iteration=3664, ncalls=84284, regioncalls=6868640, ndraw=40, logz=-7.65, remainder_fraction=12.9139%, Lmin=-0.58, Lmax=-0.09
18:13:54 [ultranest] [DEBUG] iteration=3666, ncalls=84527, regioncalls=6899440, ndraw=40, logz=-7.65, remainder_fraction=12.8624%, Lmin=-0.58, Lmax=-0.09
18:13:55 [ultranest] [DEBUG] iteration=3668, ncalls=84618, regioncalls=6910560, ndraw=40, logz=-7.65, remainder_fraction=12.8160%, Lmin=-0.58, Lmax=-0.09
18:13:56 [ultranest] [DEBUG] iteration=3669, ncalls=84699, regioncalls=6920560, ndraw=40, logz=-7.65, remainder_fraction=12.7942%, Lmin=-0.58, Lmax=-0.09
18:14:01 [ultranest] [DEBUG] iteration=3670, ncalls=85230, regioncalls=6984920, ndraw=40, logz=-7.65, remainder_fraction=12.7667%, Lmin=-0.58, Lmax=-0.09
18:14:03 [ultranest] [DEBUG] iteration=3671, ncalls=85464, regioncalls=7013920, ndraw=40, logz=-7.65, remainder_fraction=12.7403%, Lmin=-0.57, Lmax=-0.09
18:14:05 [ultranest] [DEBUG] iteration=3672, ncalls=85637, regioncalls=7037080, ndraw=40, logz=-7.65, remainder_fraction=12.7113%, Lmin=-0.57, Lmax=-0.09
18:14:05 [ultranest] [DEBUG] iteration=3673, ncalls=85689, regioncalls=7043080, ndraw=40, logz=-7.65, remainder_fraction=12.6844%, Lmin=-0.57, Lmax=-0.09
18:14:06 [ultranest] [DEBUG] iteration=3674, ncalls=85809, regioncalls=7058440, ndraw=40, logz=-7.65, remainder_fraction=12.6568%, Lmin=-0.57, Lmax=-0.09
18:14:07 [ultranest] [DEBUG] iteration=3675, ncalls=85896, regioncalls=7069240, ndraw=40, logz=-7.65, remainder_fraction=12.6375%, Lmin=-0.57, Lmax=-0.09
18:14:08 [ultranest] [DEBUG] iteration=3676, ncalls=86048, regioncalls=7088240, ndraw=40, logz=-7.65, remainder_fraction=12.6072%, Lmin=-0.57, Lmax=-0.09
18:14:10 [ultranest] [DEBUG] iteration=3677, ncalls=86163, regioncalls=7104080, ndraw=40, logz=-7.65, remainder_fraction=12.5819%, Lmin=-0.57, Lmax=-0.09
18:14:10 [ultranest] [DEBUG] iteration=3678, ncalls=86250, regioncalls=7113880, ndraw=40, logz=-7.65, remainder_fraction=12.5514%, Lmin=-0.57, Lmax=-0.09
18:14:11 [ultranest] [DEBUG] iteration=3679, ncalls=86273, regioncalls=7116480, ndraw=40, logz=-7.65, remainder_fraction=12.5208%, Lmin=-0.57, Lmax=-0.09
18:14:11 [ultranest] [DEBUG] iteration=3680, ncalls=86350, regioncalls=7125440, ndraw=40, logz=-7.65, remainder_fraction=12.5032%, Lmin=-0.57, Lmax=-0.09
18:14:12 [ultranest] [DEBUG] iteration=3681, ncalls=86439, regioncalls=7134800, ndraw=40, logz=-7.65, remainder_fraction=12.4730%, Lmin=-0.57, Lmax=-0.09
18:14:15 [ultranest] [DEBUG] iteration=3682, ncalls=86762, regioncalls=7176800, ndraw=40, logz=-7.65, remainder_fraction=12.4471%, Lmin=-0.57, Lmax=-0.09
18:14:17 [ultranest] [DEBUG] iteration=3683, ncalls=86927, regioncalls=7198920, ndraw=40, logz=-7.65, remainder_fraction=12.4287%, Lmin=-0.56, Lmax=-0.09
18:14:18 [ultranest] [DEBUG] iteration=3684, ncalls=87018, regioncalls=7212320, ndraw=40, logz=-7.65, remainder_fraction=12.4001%, Lmin=-0.56, Lmax=-0.09
18:14:18 [ultranest] [DEBUG] iteration=3685, ncalls=87102, regioncalls=7222640, ndraw=40, logz=-7.65, remainder_fraction=12.3746%, Lmin=-0.56, Lmax=-0.09
18:14:20 [ultranest] [DEBUG] iteration=3686, ncalls=87253, regioncalls=7242000, ndraw=40, logz=-7.65, remainder_fraction=12.3468%, Lmin=-0.56, Lmax=-0.09
18:14:20 [ultranest] [DEBUG] iteration=3687, ncalls=87324, regioncalls=7250400, ndraw=40, logz=-7.65, remainder_fraction=12.3240%, Lmin=-0.56, Lmax=-0.09
18:14:22 [ultranest] [DEBUG] iteration=3688, ncalls=87460, regioncalls=7266840, ndraw=40, logz=-7.65, remainder_fraction=12.3048%, Lmin=-0.56, Lmax=-0.09
18:14:24 [ultranest] [DEBUG] iteration=3689, ncalls=87737, regioncalls=7306000, ndraw=40, logz=-7.65, remainder_fraction=12.2773%, Lmin=-0.56, Lmax=-0.09
18:14:25 [ultranest] [DEBUG] iteration=3690, ncalls=87822, regioncalls=7312760, ndraw=40, logz=-7.65, remainder_fraction=12.2539%, Lmin=-0.56, Lmax=-0.09
18:14:26 [ultranest] [DEBUG] iteration=3691, ncalls=87919, regioncalls=7322400, ndraw=40, logz=-7.65, remainder_fraction=12.2279%, Lmin=-0.56, Lmax=-0.09
18:14:27 [ultranest] [DEBUG] iteration=3694, ncalls=88001, regioncalls=7330200, ndraw=40, logz=-7.65, remainder_fraction=12.1639%, Lmin=-0.56, Lmax=-0.09
18:14:27 [ultranest] [DEBUG] iteration=3695, ncalls=88040, regioncalls=7333640, ndraw=40, logz=-7.64, remainder_fraction=12.1381%, Lmin=-0.56, Lmax=-0.09
18:14:28 [ultranest] [DEBUG] iteration=3697, ncalls=88141, regioncalls=7343840, ndraw=40, logz=-7.64, remainder_fraction=12.0975%, Lmin=-0.56, Lmax=-0.09
18:14:28 [ultranest] [DEBUG] iteration=3698, ncalls=88159, regioncalls=7345880, ndraw=40, logz=-7.64, remainder_fraction=12.0750%, Lmin=-0.56, Lmax=-0.09
18:14:29 [ultranest] [DEBUG] iteration=3699, ncalls=88221, regioncalls=7351720, ndraw=40, logz=-7.64, remainder_fraction=12.0477%, Lmin=-0.56, Lmax=-0.09
18:14:29 [ultranest] [DEBUG] iteration=3700, ncalls=88234, regioncalls=7352960, ndraw=40, logz=-7.64, remainder_fraction=12.0190%, Lmin=-0.55, Lmax=-0.09
18:14:29 [ultranest] [DEBUG] iteration=3701, ncalls=88268, regioncalls=7356240, ndraw=40, logz=-7.64, remainder_fraction=11.9960%, Lmin=-0.55, Lmax=-0.09
18:14:30 [ultranest] [DEBUG] iteration=3702, ncalls=88333, regioncalls=7362160, ndraw=40, logz=-7.64, remainder_fraction=11.9784%, Lmin=-0.55, Lmax=-0.09
18:14:30 [ultranest] [DEBUG] iteration=3703, ncalls=88398, regioncalls=7368960, ndraw=40, logz=-7.64, remainder_fraction=11.9540%, Lmin=-0.55, Lmax=-0.09
18:14:31 [ultranest] [DEBUG] iteration=3705, ncalls=88484, regioncalls=7377520, ndraw=40, logz=-7.64, remainder_fraction=11.9030%, Lmin=-0.55, Lmax=-0.09
18:14:33 [ultranest] [DEBUG] iteration=3706, ncalls=88647, regioncalls=7394600, ndraw=40, logz=-7.64, remainder_fraction=11.8805%, Lmin=-0.55, Lmax=-0.09
18:14:33 [ultranest] [DEBUG] iteration=3708, ncalls=88681, regioncalls=7397280, ndraw=40, logz=-7.64, remainder_fraction=11.8295%, Lmin=-0.55, Lmax=-0.09
18:14:34 [ultranest] [DEBUG] iteration=3709, ncalls=88797, regioncalls=7409400, ndraw=40, logz=-7.64, remainder_fraction=11.8010%, Lmin=-0.55, Lmax=-0.09
18:14:35 [ultranest] [DEBUG] iteration=3710, ncalls=88898, regioncalls=7419920, ndraw=40, logz=-7.64, remainder_fraction=11.7721%, Lmin=-0.54, Lmax=-0.09
18:14:37 [ultranest] [DEBUG] iteration=3711, ncalls=89058, regioncalls=7437240, ndraw=40, logz=-7.64, remainder_fraction=11.7524%, Lmin=-0.54, Lmax=-0.09
18:14:37 [ultranest] [DEBUG] iteration=3712, ncalls=89147, regioncalls=7445400, ndraw=40, logz=-7.64, remainder_fraction=11.7352%, Lmin=-0.54, Lmax=-0.09
18:14:38 [ultranest] [DEBUG] iteration=3713, ncalls=89238, regioncalls=7454200, ndraw=40, logz=-7.64, remainder_fraction=11.7069%, Lmin=-0.54, Lmax=-0.09
18:14:39 [ultranest] [DEBUG] iteration=3714, ncalls=89298, regioncalls=7459960, ndraw=40, logz=-7.64, remainder_fraction=11.6811%, Lmin=-0.54, Lmax=-0.09
18:14:39 [ultranest] [DEBUG] iteration=3716, ncalls=89321, regioncalls=7462400, ndraw=40, logz=-7.64, remainder_fraction=11.6336%, Lmin=-0.54, Lmax=-0.09
18:14:39 [ultranest] [DEBUG] iteration=3717, ncalls=89345, regioncalls=7464160, ndraw=40, logz=-7.64, remainder_fraction=11.6052%, Lmin=-0.54, Lmax=-0.09
18:14:40 [ultranest] [DEBUG] iteration=3719, ncalls=89459, regioncalls=7474840, ndraw=40, logz=-7.64, remainder_fraction=11.5540%, Lmin=-0.54, Lmax=-0.09
18:14:40 [ultranest] [DEBUG] iteration=3720, ncalls=89464, regioncalls=7475840, ndraw=40, logz=-7.64, remainder_fraction=11.5265%, Lmin=-0.54, Lmax=-0.09
18:14:42 [ultranest] [DEBUG] iteration=3721, ncalls=89608, regioncalls=7491200, ndraw=40, logz=-7.64, remainder_fraction=11.5087%, Lmin=-0.54, Lmax=-0.09
18:14:44 [ultranest] [DEBUG] iteration=3722, ncalls=89876, regioncalls=7516000, ndraw=40, logz=-7.64, remainder_fraction=11.4903%, Lmin=-0.54, Lmax=-0.09
18:14:45 [ultranest] [DEBUG] iteration=3723, ncalls=89921, regioncalls=7521040, ndraw=40, logz=-7.64, remainder_fraction=11.4654%, Lmin=-0.53, Lmax=-0.09
18:14:45 [ultranest] [DEBUG] iteration=3724, ncalls=89980, regioncalls=7525760, ndraw=40, logz=-7.64, remainder_fraction=11.4464%, Lmin=-0.53, Lmax=-0.09
18:14:47 [ultranest] [DEBUG] iteration=3725, ncalls=90140, regioncalls=7538880, ndraw=40, logz=-7.64, remainder_fraction=11.4192%, Lmin=-0.53, Lmax=-0.09
18:14:47 [ultranest] [DEBUG] iteration=3726, ncalls=90173, regioncalls=7542080, ndraw=40, logz=-7.64, remainder_fraction=11.3963%, Lmin=-0.53, Lmax=-0.09
18:14:48 [ultranest] [DEBUG] iteration=3727, ncalls=90303, regioncalls=7555640, ndraw=40, logz=-7.64, remainder_fraction=11.3758%, Lmin=-0.53, Lmax=-0.09
18:14:49 [ultranest] [DEBUG] iteration=3728, ncalls=90448, regioncalls=7570560, ndraw=40, logz=-7.64, remainder_fraction=11.3500%, Lmin=-0.53, Lmax=-0.09
18:14:50 [ultranest] [DEBUG] iteration=3729, ncalls=90465, regioncalls=7572800, ndraw=40, logz=-7.64, remainder_fraction=11.3225%, Lmin=-0.53, Lmax=-0.09
18:14:50 [ultranest] [DEBUG] iteration=3730, ncalls=90483, regioncalls=7574320, ndraw=40, logz=-7.64, remainder_fraction=11.2981%, Lmin=-0.53, Lmax=-0.09
18:14:50 [ultranest] [DEBUG] iteration=3731, ncalls=90563, regioncalls=7581440, ndraw=40, logz=-7.63, remainder_fraction=11.2790%, Lmin=-0.53, Lmax=-0.09
18:14:52 [ultranest] [DEBUG] iteration=3732, ncalls=90755, regioncalls=7600800, ndraw=40, logz=-7.63, remainder_fraction=11.2523%, Lmin=-0.53, Lmax=-0.09
18:14:53 [ultranest] [DEBUG] iteration=3733, ncalls=90811, regioncalls=7606280, ndraw=40, logz=-7.63, remainder_fraction=11.2337%, Lmin=-0.53, Lmax=-0.09
18:14:53 [ultranest] [DEBUG] iteration=3735, ncalls=90823, regioncalls=7607240, ndraw=40, logz=-7.63, remainder_fraction=11.1840%, Lmin=-0.53, Lmax=-0.09
18:14:53 [ultranest] [DEBUG] iteration=3736, ncalls=90898, regioncalls=7616000, ndraw=40, logz=-7.63, remainder_fraction=11.1569%, Lmin=-0.53, Lmax=-0.09
18:14:55 [ultranest] [DEBUG] iteration=3737, ncalls=91038, regioncalls=7628040, ndraw=40, logz=-7.63, remainder_fraction=11.1297%, Lmin=-0.53, Lmax=-0.09
18:14:55 [ultranest] [DEBUG] iteration=3739, ncalls=91050, regioncalls=7629160, ndraw=40, logz=-7.63, remainder_fraction=11.0803%, Lmin=-0.53, Lmax=-0.09
18:14:56 [ultranest] [DEBUG] iteration=3740, ncalls=91134, regioncalls=7637240, ndraw=40, logz=-7.63, remainder_fraction=11.0587%, Lmin=-0.53, Lmax=-0.09
18:14:56 [ultranest] [DEBUG] iteration=3741, ncalls=91160, regioncalls=7638840, ndraw=40, logz=-7.63, remainder_fraction=11.0361%, Lmin=-0.53, Lmax=-0.09
18:14:57 [ultranest] [DEBUG] iteration=3742, ncalls=91305, regioncalls=7652680, ndraw=40, logz=-7.63, remainder_fraction=11.0119%, Lmin=-0.53, Lmax=-0.09
18:14:58 [ultranest] [DEBUG] iteration=3743, ncalls=91366, regioncalls=7657920, ndraw=40, logz=-7.63, remainder_fraction=10.9859%, Lmin=-0.53, Lmax=-0.09
18:14:59 [ultranest] [DEBUG] iteration=3746, ncalls=91483, regioncalls=7667920, ndraw=40, logz=-7.63, remainder_fraction=10.9117%, Lmin=-0.53, Lmax=-0.09
18:14:59 [ultranest] [DEBUG] iteration=3747, ncalls=91537, regioncalls=7673240, ndraw=40, logz=-7.63, remainder_fraction=10.8870%, Lmin=-0.52, Lmax=-0.09
18:15:00 [ultranest] [DEBUG] iteration=3748, ncalls=91585, regioncalls=7678080, ndraw=40, logz=-7.63, remainder_fraction=10.8649%, Lmin=-0.52, Lmax=-0.09
18:15:00 [ultranest] [DEBUG] iteration=3749, ncalls=91599, regioncalls=7679880, ndraw=40, logz=-7.63, remainder_fraction=10.8400%, Lmin=-0.52, Lmax=-0.09
18:15:00 [ultranest] [DEBUG] iteration=3750, ncalls=91615, regioncalls=7681040, ndraw=40, logz=-7.63, remainder_fraction=10.8135%, Lmin=-0.52, Lmax=-0.09
18:15:00 [ultranest] [DEBUG] iteration=3752, ncalls=91633, regioncalls=7682640, ndraw=40, logz=-7.63, remainder_fraction=10.7655%, Lmin=-0.52, Lmax=-0.09
18:15:00 [ultranest] [DEBUG] iteration=3753, ncalls=91649, regioncalls=7683600, ndraw=40, logz=-7.63, remainder_fraction=10.7469%, Lmin=-0.52, Lmax=-0.09
18:15:02 [ultranest] [DEBUG] iteration=3754, ncalls=91835, regioncalls=7701040, ndraw=40, logz=-7.63, remainder_fraction=10.7224%, Lmin=-0.52, Lmax=-0.09
18:15:02 [ultranest] [DEBUG] iteration=3755, ncalls=91865, regioncalls=7704720, ndraw=40, logz=-7.63, remainder_fraction=10.6964%, Lmin=-0.52, Lmax=-0.09
18:15:04 [ultranest] [DEBUG] iteration=3756, ncalls=92017, regioncalls=7719920, ndraw=40, logz=-7.63, remainder_fraction=10.6706%, Lmin=-0.52, Lmax=-0.09
18:15:05 [ultranest] [DEBUG] iteration=3757, ncalls=92176, regioncalls=7733080, ndraw=40, logz=-7.63, remainder_fraction=10.6452%, Lmin=-0.52, Lmax=-0.09
18:15:07 [ultranest] [DEBUG] iteration=3758, ncalls=92370, regioncalls=7753480, ndraw=40, logz=-7.63, remainder_fraction=10.6232%, Lmin=-0.52, Lmax=-0.09
18:15:08 [ultranest] [DEBUG] iteration=3759, ncalls=92448, regioncalls=7760480, ndraw=40, logz=-7.63, remainder_fraction=10.5981%, Lmin=-0.52, Lmax=-0.09
18:15:08 [ultranest] [DEBUG] iteration=3760, ncalls=92451, regioncalls=7761080, ndraw=40, logz=-7.63, remainder_fraction=10.5754%, Lmin=-0.52, Lmax=-0.09
18:15:09 [ultranest] [DEBUG] iteration=3762, ncalls=92563, regioncalls=7771080, ndraw=40, logz=-7.63, remainder_fraction=10.5323%, Lmin=-0.52, Lmax=-0.09
18:15:09 [ultranest] [DEBUG] iteration=3764, ncalls=92578, regioncalls=7772280, ndraw=40, logz=-7.63, remainder_fraction=10.4866%, Lmin=-0.52, Lmax=-0.09
18:15:09 [ultranest] [DEBUG] iteration=3765, ncalls=92635, regioncalls=7776960, ndraw=40, logz=-7.63, remainder_fraction=10.4697%, Lmin=-0.52, Lmax=-0.09
18:15:09 [ultranest] [DEBUG] iteration=3766, ncalls=92649, regioncalls=7778240, ndraw=40, logz=-7.63, remainder_fraction=10.4453%, Lmin=-0.52, Lmax=-0.09
18:15:10 [ultranest] [DEBUG] iteration=3767, ncalls=92702, regioncalls=7782840, ndraw=40, logz=-7.63, remainder_fraction=10.4202%, Lmin=-0.52, Lmax=-0.09
18:15:10 [ultranest] [DEBUG] iteration=3768, ncalls=92728, regioncalls=7785160, ndraw=40, logz=-7.63, remainder_fraction=10.3986%, Lmin=-0.52, Lmax=-0.09
18:15:13 [ultranest] [DEBUG] iteration=3769, ncalls=93003, regioncalls=7812040, ndraw=40, logz=-7.62, remainder_fraction=10.3788%, Lmin=-0.51, Lmax=-0.09
18:15:13 [ultranest] [DEBUG] iteration=3770, ncalls=93072, regioncalls=7819040, ndraw=40, logz=-7.62, remainder_fraction=10.3556%, Lmin=-0.51, Lmax=-0.08
18:15:15 [ultranest] [DEBUG] iteration=3771, ncalls=93206, regioncalls=7832200, ndraw=40, logz=-7.62, remainder_fraction=10.3371%, Lmin=-0.51, Lmax=-0.08
18:15:15 [ultranest] [DEBUG] iteration=3773, ncalls=93228, regioncalls=7834240, ndraw=40, logz=-7.62, remainder_fraction=10.3036%, Lmin=-0.51, Lmax=-0.08
18:15:15 [ultranest] [DEBUG] iteration=3774, ncalls=93246, regioncalls=7836360, ndraw=40, logz=-7.62, remainder_fraction=10.2884%, Lmin=-0.51, Lmax=-0.08
18:15:15 [ultranest] [DEBUG] iteration=3776, ncalls=93308, regioncalls=7842040, ndraw=40, logz=-7.62, remainder_fraction=10.2464%, Lmin=-0.51, Lmax=-0.08
18:15:16 [ultranest] [DEBUG] iteration=3777, ncalls=93322, regioncalls=7843440, ndraw=40, logz=-7.62, remainder_fraction=10.2220%, Lmin=-0.51, Lmax=-0.08
18:15:16 [ultranest] [DEBUG] iteration=3778, ncalls=93332, regioncalls=7845000, ndraw=40, logz=-7.62, remainder_fraction=10.2040%, Lmin=-0.51, Lmax=-0.08
18:15:16 [ultranest] [DEBUG] iteration=3779, ncalls=93410, regioncalls=7852760, ndraw=40, logz=-7.62, remainder_fraction=10.1790%, Lmin=-0.51, Lmax=-0.08
18:15:17 [ultranest] [DEBUG] iteration=3780, ncalls=93419, regioncalls=7853360, ndraw=40, logz=-7.62, remainder_fraction=10.1550%, Lmin=-0.51, Lmax=-0.08
18:15:17 [ultranest] [DEBUG] iteration=3781, ncalls=93513, regioncalls=7860960, ndraw=40, logz=-7.62, remainder_fraction=10.1327%, Lmin=-0.51, Lmax=-0.08
18:15:18 [ultranest] [DEBUG] iteration=3782, ncalls=93581, regioncalls=7867320, ndraw=40, logz=-7.62, remainder_fraction=10.1095%, Lmin=-0.51, Lmax=-0.08
18:15:18 [ultranest] [DEBUG] iteration=3783, ncalls=93620, regioncalls=7872200, ndraw=40, logz=-7.62, remainder_fraction=10.0877%, Lmin=-0.51, Lmax=-0.08
18:15:19 [ultranest] [DEBUG] iteration=3784, ncalls=93689, regioncalls=7879000, ndraw=40, logz=-7.62, remainder_fraction=10.0634%, Lmin=-0.51, Lmax=-0.08
18:15:19 [ultranest] [DEBUG] iteration=3785, ncalls=93702, regioncalls=7880520, ndraw=40, logz=-7.62, remainder_fraction=10.0400%, Lmin=-0.51, Lmax=-0.08
18:15:20 [ultranest] [DEBUG] iteration=3786, ncalls=93766, regioncalls=7888200, ndraw=40, logz=-7.62, remainder_fraction=10.0209%, Lmin=-0.50, Lmax=-0.08
18:15:20 [ultranest] [DEBUG] iteration=3787, ncalls=93805, regioncalls=7892000, ndraw=40, logz=-7.62, remainder_fraction=10.0013%, Lmin=-0.50, Lmax=-0.08
18:15:21 [ultranest] [DEBUG] iteration=3788, ncalls=93893, regioncalls=7899800, ndraw=40, logz=-7.62, remainder_fraction=9.9831%, Lmin=-0.50, Lmax=-0.08
18:15:22 [ultranest] [DEBUG] iteration=3790, ncalls=93965, regioncalls=7905400, ndraw=40, logz=-7.62, remainder_fraction=9.9445%, Lmin=-0.50, Lmax=-0.08
18:15:22 [ultranest] [DEBUG] iteration=3792, ncalls=93981, regioncalls=7906360, ndraw=40, logz=-7.62, remainder_fraction=9.9011%, Lmin=-0.50, Lmax=-0.08
18:15:22 [ultranest] [DEBUG] iteration=3793, ncalls=93998, regioncalls=7907760, ndraw=40, logz=-7.62, remainder_fraction=9.8782%, Lmin=-0.50, Lmax=-0.08
18:15:23 [ultranest] [DEBUG] iteration=3794, ncalls=94121, regioncalls=7919120, ndraw=40, logz=-7.62, remainder_fraction=9.8572%, Lmin=-0.50, Lmax=-0.08
18:15:24 [ultranest] [DEBUG] iteration=3795, ncalls=94187, regioncalls=7925280, ndraw=40, logz=-7.62, remainder_fraction=9.8376%, Lmin=-0.50, Lmax=-0.08
18:15:25 [ultranest] [DEBUG] iteration=3796, ncalls=94356, regioncalls=7941800, ndraw=40, logz=-7.62, remainder_fraction=9.8135%, Lmin=-0.50, Lmax=-0.08
18:15:25 [ultranest] [DEBUG] iteration=3798, ncalls=94391, regioncalls=7944720, ndraw=40, logz=-7.62, remainder_fraction=9.7690%, Lmin=-0.50, Lmax=-0.08
18:15:27 [ultranest] [DEBUG] iteration=3799, ncalls=94596, regioncalls=7964080, ndraw=40, logz=-7.62, remainder_fraction=9.7470%, Lmin=-0.50, Lmax=-0.08
18:15:28 [ultranest] [DEBUG] iteration=3800, ncalls=94696, regioncalls=7973200, ndraw=40, logz=-7.62, remainder_fraction=9.7239%, Lmin=-0.50, Lmax=-0.08
18:15:30 [ultranest] [DEBUG] iteration=3801, ncalls=94896, regioncalls=7994160, ndraw=40, logz=-7.62, remainder_fraction=9.7024%, Lmin=-0.50, Lmax=-0.08
18:15:30 [ultranest] [DEBUG] iteration=3802, ncalls=94922, regioncalls=7996040, ndraw=40, logz=-7.62, remainder_fraction=9.6803%, Lmin=-0.49, Lmax=-0.08
18:15:30 [ultranest] [DEBUG] iteration=3803, ncalls=94934, regioncalls=7997080, ndraw=40, logz=-7.62, remainder_fraction=9.6585%, Lmin=-0.49, Lmax=-0.08
18:15:31 [ultranest] [DEBUG] iteration=3804, ncalls=95025, regioncalls=8004240, ndraw=40, logz=-7.62, remainder_fraction=9.6354%, Lmin=-0.49, Lmax=-0.08
18:15:32 [ultranest] [DEBUG] iteration=3805, ncalls=95060, regioncalls=8008280, ndraw=40, logz=-7.62, remainder_fraction=9.6156%, Lmin=-0.49, Lmax=-0.08
18:15:32 [ultranest] [DEBUG] iteration=3807, ncalls=95099, regioncalls=8013040, ndraw=40, logz=-7.62, remainder_fraction=9.5732%, Lmin=-0.49, Lmax=-0.08
18:15:32 [ultranest] [DEBUG] iteration=3808, ncalls=95127, regioncalls=8015520, ndraw=40, logz=-7.62, remainder_fraction=9.5507%, Lmin=-0.49, Lmax=-0.08
18:15:33 [ultranest] [DEBUG] iteration=3809, ncalls=95177, regioncalls=8020240, ndraw=40, logz=-7.62, remainder_fraction=9.5289%, Lmin=-0.49, Lmax=-0.08
18:15:34 [ultranest] [DEBUG] iteration=3810, ncalls=95275, regioncalls=8030440, ndraw=40, logz=-7.62, remainder_fraction=9.5090%, Lmin=-0.49, Lmax=-0.08
18:15:36 [ultranest] [DEBUG] iteration=3811, ncalls=95503, regioncalls=8053120, ndraw=40, logz=-7.62, remainder_fraction=9.4862%, Lmin=-0.49, Lmax=-0.08
18:15:36 [ultranest] [DEBUG] iteration=3812, ncalls=95551, regioncalls=8058280, ndraw=40, logz=-7.61, remainder_fraction=9.4650%, Lmin=-0.49, Lmax=-0.08
18:15:36 [ultranest] [DEBUG] iteration=3813, ncalls=95562, regioncalls=8059280, ndraw=40, logz=-7.61, remainder_fraction=9.4483%, Lmin=-0.49, Lmax=-0.08
18:15:37 [ultranest] [DEBUG] iteration=3814, ncalls=95693, regioncalls=8072480, ndraw=40, logz=-7.61, remainder_fraction=9.4272%, Lmin=-0.49, Lmax=-0.08
18:15:38 [ultranest] [DEBUG] iteration=3816, ncalls=95800, regioncalls=8082280, ndraw=40, logz=-7.61, remainder_fraction=9.3884%, Lmin=-0.48, Lmax=-0.08
18:15:39 [ultranest] [DEBUG] iteration=3817, ncalls=95853, regioncalls=8086640, ndraw=40, logz=-7.61, remainder_fraction=9.3672%, Lmin=-0.48, Lmax=-0.08
18:15:40 [ultranest] [DEBUG] iteration=3818, ncalls=96034, regioncalls=8105440, ndraw=40, logz=-7.61, remainder_fraction=9.3469%, Lmin=-0.48, Lmax=-0.08
18:15:42 [ultranest] [DEBUG] iteration=3819, ncalls=96184, regioncalls=8117760, ndraw=40, logz=-7.61, remainder_fraction=9.3273%, Lmin=-0.48, Lmax=-0.08
18:15:42 [ultranest] [DEBUG] iteration=3820, ncalls=96210, regioncalls=8120280, ndraw=40, logz=-7.61, remainder_fraction=9.3048%, Lmin=-0.48, Lmax=-0.08
18:15:44 [ultranest] [DEBUG] iteration=3821, ncalls=96435, regioncalls=8144280, ndraw=40, logz=-7.61, remainder_fraction=9.2838%, Lmin=-0.48, Lmax=-0.08
18:15:45 [ultranest] [DEBUG] iteration=3822, ncalls=96490, regioncalls=8150920, ndraw=40, logz=-7.61, remainder_fraction=9.2619%, Lmin=-0.48, Lmax=-0.08
18:15:46 [ultranest] [DEBUG] iteration=3823, ncalls=96655, regioncalls=8166160, ndraw=40, logz=-7.61, remainder_fraction=9.2419%, Lmin=-0.48, Lmax=-0.08
18:15:46 [ultranest] [DEBUG] iteration=3824, ncalls=96684, regioncalls=8168840, ndraw=40, logz=-7.61, remainder_fraction=9.2195%, Lmin=-0.48, Lmax=-0.08
18:15:47 [ultranest] [DEBUG] iteration=3825, ncalls=96718, regioncalls=8172160, ndraw=40, logz=-7.61, remainder_fraction=9.1977%, Lmin=-0.48, Lmax=-0.08
18:15:48 [ultranest] [DEBUG] iteration=3826, ncalls=96839, regioncalls=8183720, ndraw=40, logz=-7.61, remainder_fraction=9.1777%, Lmin=-0.48, Lmax=-0.08
18:15:48 [ultranest] [DEBUG] iteration=3827, ncalls=96874, regioncalls=8188040, ndraw=40, logz=-7.61, remainder_fraction=9.1584%, Lmin=-0.48, Lmax=-0.08
18:15:49 [ultranest] [DEBUG] iteration=3828, ncalls=96947, regioncalls=8195200, ndraw=40, logz=-7.61, remainder_fraction=9.1378%, Lmin=-0.48, Lmax=-0.08
18:15:49 [ultranest] [DEBUG] iteration=3829, ncalls=97002, regioncalls=8201520, ndraw=40, logz=-7.61, remainder_fraction=9.1226%, Lmin=-0.48, Lmax=-0.08
18:15:51 [ultranest] [DEBUG] iteration=3830, ncalls=97198, regioncalls=8220600, ndraw=40, logz=-7.61, remainder_fraction=9.1053%, Lmin=-0.48, Lmax=-0.08
18:15:51 [ultranest] [DEBUG] iteration=3831, ncalls=97211, regioncalls=8221640, ndraw=40, logz=-7.61, remainder_fraction=9.0829%, Lmin=-0.48, Lmax=-0.08
18:15:54 [ultranest] [DEBUG] iteration=3832, ncalls=97540, regioncalls=8254800, ndraw=40, logz=-7.61, remainder_fraction=9.0624%, Lmin=-0.48, Lmax=-0.08
18:15:54 [ultranest] [DEBUG] iteration=3833, ncalls=97553, regioncalls=8256600, ndraw=40, logz=-7.61, remainder_fraction=9.0418%, Lmin=-0.48, Lmax=-0.08
18:15:55 [ultranest] [DEBUG] iteration=3834, ncalls=97647, regioncalls=8266160, ndraw=40, logz=-7.61, remainder_fraction=9.0197%, Lmin=-0.48, Lmax=-0.08
18:15:56 [ultranest] [DEBUG] iteration=3836, ncalls=97724, regioncalls=8273400, ndraw=40, logz=-7.61, remainder_fraction=8.9785%, Lmin=-0.47, Lmax=-0.08
18:15:57 [ultranest] [DEBUG] iteration=3837, ncalls=97812, regioncalls=8283080, ndraw=40, logz=-7.61, remainder_fraction=8.9576%, Lmin=-0.47, Lmax=-0.08
18:15:57 [ultranest] [DEBUG] iteration=3838, ncalls=97823, regioncalls=8284120, ndraw=40, logz=-7.61, remainder_fraction=8.9376%, Lmin=-0.47, Lmax=-0.08
18:15:57 [ultranest] [DEBUG] iteration=3840, ncalls=97873, regioncalls=8288760, ndraw=40, logz=-7.61, remainder_fraction=8.8969%, Lmin=-0.47, Lmax=-0.08
18:15:58 [ultranest] [DEBUG] iteration=3841, ncalls=97916, regioncalls=8292640, ndraw=40, logz=-7.61, remainder_fraction=8.8786%, Lmin=-0.47, Lmax=-0.08
18:15:58 [ultranest] [DEBUG] iteration=3843, ncalls=97973, regioncalls=8298000, ndraw=40, logz=-7.61, remainder_fraction=8.8368%, Lmin=-0.47, Lmax=-0.08
18:15:59 [ultranest] [DEBUG] iteration=3844, ncalls=98035, regioncalls=8304280, ndraw=40, logz=-7.61, remainder_fraction=8.8189%, Lmin=-0.47, Lmax=-0.08
18:16:01 [ultranest] [DEBUG] iteration=3845, ncalls=98277, regioncalls=8326120, ndraw=40, logz=-7.61, remainder_fraction=8.7984%, Lmin=-0.47, Lmax=-0.08
18:16:02 [ultranest] [DEBUG] iteration=3846, ncalls=98385, regioncalls=8337920, ndraw=40, logz=-7.61, remainder_fraction=8.7782%, Lmin=-0.47, Lmax=-0.08
18:16:03 [ultranest] [DEBUG] iteration=3847, ncalls=98486, regioncalls=8346800, ndraw=40, logz=-7.61, remainder_fraction=8.7583%, Lmin=-0.47, Lmax=-0.08
18:16:03 [ultranest] [DEBUG] iteration=3849, ncalls=98534, regioncalls=8350720, ndraw=40, logz=-7.61, remainder_fraction=8.7246%, Lmin=-0.47, Lmax=-0.08
18:16:05 [ultranest] [DEBUG] iteration=3850, ncalls=98702, regioncalls=8368560, ndraw=40, logz=-7.61, remainder_fraction=8.7054%, Lmin=-0.47, Lmax=-0.08
18:16:06 [ultranest] [DEBUG] iteration=3851, ncalls=98835, regioncalls=8380960, ndraw=40, logz=-7.61, remainder_fraction=8.6853%, Lmin=-0.47, Lmax=-0.08
18:16:11 [ultranest] [DEBUG] iteration=3852, ncalls=99357, regioncalls=8435760, ndraw=40, logz=-7.61, remainder_fraction=8.6652%, Lmin=-0.47, Lmax=-0.08
18:16:12 [ultranest] [DEBUG] iteration=3854, ncalls=99483, regioncalls=8448200, ndraw=40, logz=-7.61, remainder_fraction=8.6271%, Lmin=-0.47, Lmax=-0.08
18:16:13 [ultranest] [DEBUG] iteration=3855, ncalls=99639, regioncalls=8464520, ndraw=40, logz=-7.61, remainder_fraction=8.6074%, Lmin=-0.47, Lmax=-0.08
18:16:14 [ultranest] [DEBUG] iteration=3856, ncalls=99698, regioncalls=8470040, ndraw=40, logz=-7.61, remainder_fraction=8.5868%, Lmin=-0.47, Lmax=-0.08
18:16:15 [ultranest] [DEBUG] iteration=3857, ncalls=99836, regioncalls=8483320, ndraw=40, logz=-7.61, remainder_fraction=8.5699%, Lmin=-0.47, Lmax=-0.08
18:16:16 [ultranest] [DEBUG] iteration=3858, ncalls=99880, regioncalls=8488160, ndraw=40, logz=-7.60, remainder_fraction=8.5543%, Lmin=-0.47, Lmax=-0.08
18:16:16 [ultranest] [DEBUG] iteration=3859, ncalls=99956, regioncalls=8497400, ndraw=40, logz=-7.60, remainder_fraction=8.5362%, Lmin=-0.47, Lmax=-0.08
18:16:17 [ultranest] [DEBUG] iteration=3860, ncalls=100037, regioncalls=8506560, ndraw=40, logz=-7.60, remainder_fraction=8.5192%, Lmin=-0.47, Lmax=-0.08
18:16:18 [ultranest] [DEBUG] iteration=3861, ncalls=100093, regioncalls=8512560, ndraw=40, logz=-7.60, remainder_fraction=8.5042%, Lmin=-0.47, Lmax=-0.08
18:16:18 [ultranest] [DEBUG] iteration=3862, ncalls=100168, regioncalls=8518800, ndraw=40, logz=-7.60, remainder_fraction=8.4850%, Lmin=-0.46, Lmax=-0.08
18:16:19 [ultranest] [DEBUG] iteration=3863, ncalls=100220, regioncalls=8522720, ndraw=40, logz=-7.60, remainder_fraction=8.4684%, Lmin=-0.46, Lmax=-0.08
18:16:20 [ultranest] [DEBUG] iteration=3864, ncalls=100379, regioncalls=8535760, ndraw=40, logz=-7.60, remainder_fraction=8.4507%, Lmin=-0.46, Lmax=-0.08
18:16:20 [ultranest] [DEBUG] iteration=3866, ncalls=100390, regioncalls=8536680, ndraw=40, logz=-7.60, remainder_fraction=8.4187%, Lmin=-0.46, Lmax=-0.08
18:16:21 [ultranest] [DEBUG] iteration=3867, ncalls=100413, regioncalls=8538680, ndraw=40, logz=-7.60, remainder_fraction=8.4011%, Lmin=-0.46, Lmax=-0.08
18:16:21 [ultranest] [DEBUG] iteration=3868, ncalls=100478, regioncalls=8544960, ndraw=40, logz=-7.60, remainder_fraction=8.3804%, Lmin=-0.46, Lmax=-0.08
18:16:22 [ultranest] [DEBUG] iteration=3869, ncalls=100611, regioncalls=8558480, ndraw=40, logz=-7.60, remainder_fraction=8.3597%, Lmin=-0.46, Lmax=-0.08
18:16:25 [ultranest] [DEBUG] iteration=3870, ncalls=100864, regioncalls=8584240, ndraw=40, logz=-7.60, remainder_fraction=8.3413%, Lmin=-0.46, Lmax=-0.08
18:16:27 [ultranest] [DEBUG] iteration=3871, ncalls=101118, regioncalls=8612800, ndraw=40, logz=-7.60, remainder_fraction=8.3226%, Lmin=-0.46, Lmax=-0.08
18:16:27 [ultranest] [DEBUG] iteration=3872, ncalls=101150, regioncalls=8615440, ndraw=40, logz=-7.60, remainder_fraction=8.3059%, Lmin=-0.46, Lmax=-0.08
18:16:28 [ultranest] [DEBUG] iteration=3873, ncalls=101215, regioncalls=8621920, ndraw=40, logz=-7.60, remainder_fraction=8.2872%, Lmin=-0.46, Lmax=-0.08
18:16:30 [ultranest] [DEBUG] iteration=3874, ncalls=101390, regioncalls=8639240, ndraw=40, logz=-7.60, remainder_fraction=8.2690%, Lmin=-0.46, Lmax=-0.08
18:16:30 [ultranest] [DEBUG] iteration=3875, ncalls=101430, regioncalls=8642960, ndraw=40, logz=-7.60, remainder_fraction=8.2513%, Lmin=-0.46, Lmax=-0.08
18:16:31 [ultranest] [DEBUG] iteration=3876, ncalls=101563, regioncalls=8655520, ndraw=40, logz=-7.60, remainder_fraction=8.2314%, Lmin=-0.46, Lmax=-0.08
18:16:32 [ultranest] [DEBUG] iteration=3877, ncalls=101635, regioncalls=8662320, ndraw=40, logz=-7.60, remainder_fraction=8.2119%, Lmin=-0.46, Lmax=-0.08
18:16:32 [ultranest] [DEBUG] iteration=3878, ncalls=101676, regioncalls=8666040, ndraw=40, logz=-7.60, remainder_fraction=8.1953%, Lmin=-0.46, Lmax=-0.08
18:16:33 [ultranest] [DEBUG] iteration=3879, ncalls=101808, regioncalls=8679040, ndraw=40, logz=-7.60, remainder_fraction=8.1754%, Lmin=-0.45, Lmax=-0.08
18:16:34 [ultranest] [DEBUG] iteration=3880, ncalls=101862, regioncalls=8684160, ndraw=40, logz=-7.60, remainder_fraction=8.1582%, Lmin=-0.45, Lmax=-0.08
18:16:35 [ultranest] [DEBUG] iteration=3881, ncalls=101965, regioncalls=8694480, ndraw=40, logz=-7.60, remainder_fraction=8.1401%, Lmin=-0.45, Lmax=-0.08
18:16:35 [ultranest] [DEBUG] iteration=3883, ncalls=102001, regioncalls=8698040, ndraw=40, logz=-7.60, remainder_fraction=8.1050%, Lmin=-0.45, Lmax=-0.08
18:16:36 [ultranest] [DEBUG] iteration=3884, ncalls=102103, regioncalls=8707360, ndraw=40, logz=-7.60, remainder_fraction=8.0887%, Lmin=-0.45, Lmax=-0.08
18:16:37 [ultranest] [DEBUG] iteration=3885, ncalls=102226, regioncalls=8721560, ndraw=40, logz=-7.60, remainder_fraction=8.0724%, Lmin=-0.45, Lmax=-0.08
18:16:38 [ultranest] [DEBUG] iteration=3886, ncalls=102258, regioncalls=8724760, ndraw=40, logz=-7.60, remainder_fraction=8.0571%, Lmin=-0.45, Lmax=-0.08
18:16:38 [ultranest] [DEBUG] iteration=3887, ncalls=102343, regioncalls=8733920, ndraw=40, logz=-7.60, remainder_fraction=8.0392%, Lmin=-0.45, Lmax=-0.08
18:16:39 [ultranest] [DEBUG] iteration=3888, ncalls=102418, regioncalls=8740920, ndraw=40, logz=-7.60, remainder_fraction=8.0226%, Lmin=-0.45, Lmax=-0.08
18:16:39 [ultranest] [DEBUG] iteration=3889, ncalls=102449, regioncalls=8744840, ndraw=40, logz=-7.60, remainder_fraction=8.0048%, Lmin=-0.45, Lmax=-0.08
18:16:39 [ultranest] [DEBUG] iteration=3890, ncalls=102462, regioncalls=8746200, ndraw=40, logz=-7.60, remainder_fraction=7.9892%, Lmin=-0.45, Lmax=-0.08
18:16:40 [ultranest] [DEBUG] iteration=3891, ncalls=102519, regioncalls=8752040, ndraw=40, logz=-7.60, remainder_fraction=7.9704%, Lmin=-0.45, Lmax=-0.08
18:16:43 [ultranest] [DEBUG] iteration=3892, ncalls=102823, regioncalls=8781240, ndraw=40, logz=-7.60, remainder_fraction=7.9525%, Lmin=-0.45, Lmax=-0.08
18:16:43 [ultranest] [DEBUG] iteration=3893, ncalls=102879, regioncalls=8788600, ndraw=40, logz=-7.60, remainder_fraction=7.9329%, Lmin=-0.45, Lmax=-0.08
18:16:45 [ultranest] [DEBUG] iteration=3895, ncalls=103018, regioncalls=8803640, ndraw=40, logz=-7.60, remainder_fraction=7.8981%, Lmin=-0.44, Lmax=-0.08
18:16:47 [ultranest] [DEBUG] iteration=3896, ncalls=103251, regioncalls=8827600, ndraw=40, logz=-7.60, remainder_fraction=7.8816%, Lmin=-0.44, Lmax=-0.08
18:16:47 [ultranest] [DEBUG] iteration=3897, ncalls=103274, regioncalls=8829840, ndraw=40, logz=-7.60, remainder_fraction=7.8627%, Lmin=-0.44, Lmax=-0.08
18:16:47 [ultranest] [DEBUG] iteration=3899, ncalls=103326, regioncalls=8836000, ndraw=40, logz=-7.60, remainder_fraction=7.8256%, Lmin=-0.44, Lmax=-0.08
18:16:47 [ultranest] [DEBUG] iteration=3900, ncalls=103338, regioncalls=8837800, ndraw=40, logz=-7.60, remainder_fraction=7.8093%, Lmin=-0.44, Lmax=-0.08
18:16:49 [ultranest] [DEBUG] iteration=3901, ncalls=103498, regioncalls=8854040, ndraw=40, logz=-7.60, remainder_fraction=7.7904%, Lmin=-0.44, Lmax=-0.08
18:16:50 [ultranest] [DEBUG] iteration=3902, ncalls=103564, regioncalls=8860640, ndraw=40, logz=-7.60, remainder_fraction=7.7716%, Lmin=-0.44, Lmax=-0.08
18:16:52 [ultranest] [DEBUG] iteration=3903, ncalls=103794, regioncalls=8884680, ndraw=40, logz=-7.60, remainder_fraction=7.7535%, Lmin=-0.44, Lmax=-0.08
18:16:52 [ultranest] [DEBUG] iteration=3904, ncalls=103837, regioncalls=8888360, ndraw=40, logz=-7.60, remainder_fraction=7.7372%, Lmin=-0.44, Lmax=-0.08
18:16:52 [ultranest] [DEBUG] iteration=3905, ncalls=103885, regioncalls=8892120, ndraw=40, logz=-7.60, remainder_fraction=7.7181%, Lmin=-0.44, Lmax=-0.08
18:16:54 [ultranest] [DEBUG] iteration=3907, ncalls=104048, regioncalls=8908600, ndraw=40, logz=-7.60, remainder_fraction=7.6861%, Lmin=-0.44, Lmax=-0.08
18:16:55 [ultranest] [DEBUG] iteration=3908, ncalls=104109, regioncalls=8915080, ndraw=40, logz=-7.60, remainder_fraction=7.6678%, Lmin=-0.44, Lmax=-0.08
18:16:59 [ultranest] [DEBUG] iteration=3909, ncalls=104562, regioncalls=8963520, ndraw=40, logz=-7.60, remainder_fraction=7.6511%, Lmin=-0.44, Lmax=-0.08
18:17:00 [ultranest] [DEBUG] iteration=3910, ncalls=104675, regioncalls=8975240, ndraw=40, logz=-7.59, remainder_fraction=7.6324%, Lmin=-0.44, Lmax=-0.08
18:17:01 [ultranest] [DEBUG] iteration=3911, ncalls=104813, regioncalls=8989920, ndraw=40, logz=-7.59, remainder_fraction=7.6166%, Lmin=-0.44, Lmax=-0.08
18:17:02 [ultranest] [DEBUG] iteration=3912, ncalls=104884, regioncalls=8997880, ndraw=40, logz=-7.59, remainder_fraction=7.5986%, Lmin=-0.43, Lmax=-0.08
18:17:03 [ultranest] [DEBUG] iteration=3913, ncalls=105044, regioncalls=9015600, ndraw=40, logz=-7.59, remainder_fraction=7.5824%, Lmin=-0.43, Lmax=-0.08
18:17:03 [ultranest] [DEBUG] iteration=3914, ncalls=105078, regioncalls=9020320, ndraw=40, logz=-7.59, remainder_fraction=7.5664%, Lmin=-0.43, Lmax=-0.08
18:17:04 [ultranest] [DEBUG] iteration=3915, ncalls=105098, regioncalls=9023040, ndraw=40, logz=-7.59, remainder_fraction=7.5490%, Lmin=-0.43, Lmax=-0.08
18:17:04 [ultranest] [DEBUG] iteration=3916, ncalls=105174, regioncalls=9031720, ndraw=40, logz=-7.59, remainder_fraction=7.5305%, Lmin=-0.43, Lmax=-0.08
18:17:05 [ultranest] [DEBUG] iteration=3917, ncalls=105194, regioncalls=9033760, ndraw=40, logz=-7.59, remainder_fraction=7.5150%, Lmin=-0.43, Lmax=-0.08
18:17:06 [ultranest] [DEBUG] iteration=3918, ncalls=105293, regioncalls=9046400, ndraw=40, logz=-7.59, remainder_fraction=7.4983%, Lmin=-0.43, Lmax=-0.08
18:17:06 [ultranest] [DEBUG] iteration=3919, ncalls=105390, regioncalls=9056880, ndraw=40, logz=-7.59, remainder_fraction=7.4819%, Lmin=-0.43, Lmax=-0.08
18:17:07 [ultranest] [DEBUG] iteration=3920, ncalls=105406, regioncalls=9058360, ndraw=40, logz=-7.59, remainder_fraction=7.4656%, Lmin=-0.43, Lmax=-0.08
18:17:07 [ultranest] [DEBUG] iteration=3921, ncalls=105418, regioncalls=9059440, ndraw=40, logz=-7.59, remainder_fraction=7.4472%, Lmin=-0.43, Lmax=-0.08
18:17:07 [ultranest] [DEBUG] iteration=3922, ncalls=105464, regioncalls=9064960, ndraw=40, logz=-7.59, remainder_fraction=7.4301%, Lmin=-0.43, Lmax=-0.08
18:17:11 [ultranest] [DEBUG] iteration=3923, ncalls=105850, regioncalls=9104680, ndraw=40, logz=-7.59, remainder_fraction=7.4140%, Lmin=-0.43, Lmax=-0.08
18:17:12 [ultranest] [DEBUG] iteration=3924, ncalls=105978, regioncalls=9120600, ndraw=40, logz=-7.59, remainder_fraction=7.3984%, Lmin=-0.43, Lmax=-0.08
18:17:13 [ultranest] [DEBUG] iteration=3925, ncalls=106097, regioncalls=9133360, ndraw=40, logz=-7.59, remainder_fraction=7.3810%, Lmin=-0.43, Lmax=-0.08
18:17:13 [ultranest] [DEBUG] iteration=3926, ncalls=106136, regioncalls=9137280, ndraw=40, logz=-7.59, remainder_fraction=7.3633%, Lmin=-0.43, Lmax=-0.08
18:17:14 [ultranest] [DEBUG] iteration=3927, ncalls=106210, regioncalls=9144840, ndraw=40, logz=-7.59, remainder_fraction=7.3476%, Lmin=-0.43, Lmax=-0.08
18:17:15 [ultranest] [DEBUG] iteration=3928, ncalls=106310, regioncalls=9154080, ndraw=40, logz=-7.59, remainder_fraction=7.3312%, Lmin=-0.43, Lmax=-0.08
18:17:15 [ultranest] [DEBUG] iteration=3929, ncalls=106334, regioncalls=9156520, ndraw=40, logz=-7.59, remainder_fraction=7.3165%, Lmin=-0.43, Lmax=-0.08
18:17:16 [ultranest] [DEBUG] iteration=3930, ncalls=106439, regioncalls=9169160, ndraw=40, logz=-7.59, remainder_fraction=7.2987%, Lmin=-0.43, Lmax=-0.08
18:17:16 [ultranest] [DEBUG] iteration=3931, ncalls=106450, regioncalls=9170680, ndraw=40, logz=-7.59, remainder_fraction=7.2825%, Lmin=-0.43, Lmax=-0.08
18:17:17 [ultranest] [DEBUG] iteration=3932, ncalls=106495, regioncalls=9175920, ndraw=40, logz=-7.59, remainder_fraction=7.2657%, Lmin=-0.43, Lmax=-0.08
18:17:17 [ultranest] [DEBUG] iteration=3933, ncalls=106578, regioncalls=9185200, ndraw=40, logz=-7.59, remainder_fraction=7.2503%, Lmin=-0.43, Lmax=-0.08
18:17:18 [ultranest] [DEBUG] iteration=3935, ncalls=106643, regioncalls=9193040, ndraw=40, logz=-7.59, remainder_fraction=7.2200%, Lmin=-0.43, Lmax=-0.08
18:17:18 [ultranest] [DEBUG] iteration=3936, ncalls=106671, regioncalls=9196000, ndraw=40, logz=-7.59, remainder_fraction=7.2032%, Lmin=-0.43, Lmax=-0.08
18:17:19 [ultranest] [DEBUG] iteration=3937, ncalls=106776, regioncalls=9209480, ndraw=40, logz=-7.59, remainder_fraction=7.1874%, Lmin=-0.43, Lmax=-0.08
18:17:19 [ultranest] [DEBUG] iteration=3938, ncalls=106792, regioncalls=9210720, ndraw=40, logz=-7.59, remainder_fraction=7.1720%, Lmin=-0.43, Lmax=-0.08
18:17:20 [ultranest] [DEBUG] iteration=3939, ncalls=106895, regioncalls=9222760, ndraw=40, logz=-7.59, remainder_fraction=7.1550%, Lmin=-0.43, Lmax=-0.08
18:17:21 [ultranest] [DEBUG] iteration=3940, ncalls=106913, regioncalls=9224560, ndraw=40, logz=-7.59, remainder_fraction=7.1406%, Lmin=-0.43, Lmax=-0.08
18:17:21 [ultranest] [DEBUG] iteration=3941, ncalls=106976, regioncalls=9231120, ndraw=40, logz=-7.59, remainder_fraction=7.1252%, Lmin=-0.42, Lmax=-0.08
18:17:22 [ultranest] [DEBUG] iteration=3942, ncalls=107051, regioncalls=9239720, ndraw=40, logz=-7.59, remainder_fraction=7.1097%, Lmin=-0.42, Lmax=-0.08
18:17:24 [ultranest] [DEBUG] iteration=3944, ncalls=107318, regioncalls=9265680, ndraw=40, logz=-7.59, remainder_fraction=7.0763%, Lmin=-0.42, Lmax=-0.08
18:17:26 [ultranest] [DEBUG] iteration=3945, ncalls=107493, regioncalls=9283400, ndraw=40, logz=-7.59, remainder_fraction=7.0615%, Lmin=-0.42, Lmax=-0.08
18:17:27 [ultranest] [DEBUG] iteration=3947, ncalls=107615, regioncalls=9297000, ndraw=40, logz=-7.59, remainder_fraction=7.0316%, Lmin=-0.42, Lmax=-0.08
18:17:27 [ultranest] [DEBUG] iteration=3948, ncalls=107663, regioncalls=9301800, ndraw=40, logz=-7.59, remainder_fraction=7.0147%, Lmin=-0.42, Lmax=-0.08
18:17:28 [ultranest] [DEBUG] iteration=3949, ncalls=107728, regioncalls=9308720, ndraw=40, logz=-7.59, remainder_fraction=6.9996%, Lmin=-0.42, Lmax=-0.08
18:17:29 [ultranest] [DEBUG] iteration=3950, ncalls=107800, regioncalls=9317800, ndraw=40, logz=-7.59, remainder_fraction=6.9836%, Lmin=-0.42, Lmax=-0.08
18:17:29 [ultranest] [DEBUG] iteration=3951, ncalls=107843, regioncalls=9322680, ndraw=40, logz=-7.59, remainder_fraction=6.9685%, Lmin=-0.42, Lmax=-0.04
18:17:31 [ultranest] [DEBUG] iteration=3952, ncalls=108075, regioncalls=9346560, ndraw=40, logz=-7.59, remainder_fraction=6.9524%, Lmin=-0.42, Lmax=-0.04
18:17:31 [ultranest] [DEBUG] iteration=3953, ncalls=108096, regioncalls=9348760, ndraw=40, logz=-7.59, remainder_fraction=6.9417%, Lmin=-0.42, Lmax=-0.04
18:17:33 [ultranest] [DEBUG] iteration=3955, ncalls=108242, regioncalls=9363720, ndraw=40, logz=-7.59, remainder_fraction=6.9109%, Lmin=-0.42, Lmax=-0.04
18:17:33 [ultranest] [DEBUG] iteration=3956, ncalls=108261, regioncalls=9365800, ndraw=40, logz=-7.59, remainder_fraction=6.8946%, Lmin=-0.42, Lmax=-0.04
18:17:33 [ultranest] [DEBUG] iteration=3957, ncalls=108313, regioncalls=9370440, ndraw=40, logz=-7.59, remainder_fraction=6.8782%, Lmin=-0.42, Lmax=-0.04
18:17:34 [ultranest] [DEBUG] iteration=3958, ncalls=108373, regioncalls=9377160, ndraw=40, logz=-7.59, remainder_fraction=6.8640%, Lmin=-0.42, Lmax=-0.04
18:17:35 [ultranest] [DEBUG] iteration=3959, ncalls=108482, regioncalls=9388720, ndraw=40, logz=-7.59, remainder_fraction=6.8475%, Lmin=-0.42, Lmax=-0.04
18:17:35 [ultranest] [DEBUG] iteration=3960, ncalls=108511, regioncalls=9390680, ndraw=40, logz=-7.59, remainder_fraction=6.8344%, Lmin=-0.42, Lmax=-0.04
18:17:36 [ultranest] [DEBUG] iteration=3961, ncalls=108606, regioncalls=9396480, ndraw=40, logz=-7.59, remainder_fraction=6.8187%, Lmin=-0.41, Lmax=-0.04
18:17:36 [ultranest] [DEBUG] iteration=3963, ncalls=108633, regioncalls=9398120, ndraw=40, logz=-7.59, remainder_fraction=6.7889%, Lmin=-0.41, Lmax=-0.04
18:17:37 [ultranest] [DEBUG] iteration=3964, ncalls=108745, regioncalls=9404400, ndraw=40, logz=-7.59, remainder_fraction=6.7729%, Lmin=-0.41, Lmax=-0.04
18:17:38 [ultranest] [DEBUG] iteration=3965, ncalls=108769, regioncalls=9406040, ndraw=40, logz=-7.59, remainder_fraction=6.7573%, Lmin=-0.41, Lmax=-0.04
18:17:38 [ultranest] [DEBUG] iteration=3966, ncalls=108827, regioncalls=9409000, ndraw=40, logz=-7.59, remainder_fraction=6.7441%, Lmin=-0.41, Lmax=-0.04
18:17:38 [ultranest] [DEBUG] iteration=3967, ncalls=108866, regioncalls=9411240, ndraw=40, logz=-7.59, remainder_fraction=6.7285%, Lmin=-0.41, Lmax=-0.04
18:17:39 [ultranest] [DEBUG] iteration=3968, ncalls=108890, regioncalls=9412240, ndraw=40, logz=-7.58, remainder_fraction=6.7131%, Lmin=-0.41, Lmax=-0.04
18:17:39 [ultranest] [DEBUG] iteration=3969, ncalls=108902, regioncalls=9413160, ndraw=40, logz=-7.58, remainder_fraction=6.7009%, Lmin=-0.41, Lmax=-0.04
18:17:39 [ultranest] [DEBUG] iteration=3970, ncalls=108920, regioncalls=9413960, ndraw=40, logz=-7.58, remainder_fraction=6.6862%, Lmin=-0.41, Lmax=-0.04
18:17:41 [ultranest] [DEBUG] iteration=3971, ncalls=109112, regioncalls=9425640, ndraw=40, logz=-7.58, remainder_fraction=6.6701%, Lmin=-0.41, Lmax=-0.04
18:17:42 [ultranest] [DEBUG] iteration=3972, ncalls=109238, regioncalls=9433160, ndraw=40, logz=-7.58, remainder_fraction=6.6545%, Lmin=-0.41, Lmax=-0.04
18:17:42 [ultranest] [DEBUG] iteration=3973, ncalls=109259, regioncalls=9434080, ndraw=40, logz=-7.58, remainder_fraction=6.6408%, Lmin=-0.41, Lmax=-0.04
18:17:42 [ultranest] [DEBUG] iteration=3974, ncalls=109271, regioncalls=9434560, ndraw=40, logz=-7.58, remainder_fraction=6.6255%, Lmin=-0.41, Lmax=-0.04
18:17:42 [ultranest] [DEBUG] iteration=3975, ncalls=109332, regioncalls=9437880, ndraw=40, logz=-7.58, remainder_fraction=6.6114%, Lmin=-0.41, Lmax=-0.04
18:17:43 [ultranest] [DEBUG] iteration=3976, ncalls=109351, regioncalls=9438800, ndraw=40, logz=-7.58, remainder_fraction=6.5977%, Lmin=-0.41, Lmax=-0.04
18:17:44 [ultranest] [DEBUG] iteration=3977, ncalls=109526, regioncalls=9449800, ndraw=40, logz=-7.58, remainder_fraction=6.5844%, Lmin=-0.41, Lmax=-0.04
18:17:45 [ultranest] [DEBUG] iteration=3978, ncalls=109584, regioncalls=9453920, ndraw=40, logz=-7.58, remainder_fraction=6.5715%, Lmin=-0.41, Lmax=-0.04
18:17:45 [ultranest] [DEBUG] iteration=3979, ncalls=109662, regioncalls=9458200, ndraw=40, logz=-7.58, remainder_fraction=6.5564%, Lmin=-0.41, Lmax=-0.04
18:17:46 [ultranest] [DEBUG] iteration=3980, ncalls=109715, regioncalls=9461400, ndraw=40, logz=-7.58, remainder_fraction=6.5419%, Lmin=-0.41, Lmax=-0.04
18:17:46 [ultranest] [DEBUG] iteration=3981, ncalls=109780, regioncalls=9465280, ndraw=40, logz=-7.58, remainder_fraction=6.5273%, Lmin=-0.41, Lmax=-0.04
18:17:47 [ultranest] [DEBUG] iteration=3982, ncalls=109802, regioncalls=9467040, ndraw=40, logz=-7.58, remainder_fraction=6.5155%, Lmin=-0.40, Lmax=-0.04
18:17:48 [ultranest] [DEBUG] iteration=3984, ncalls=109909, regioncalls=9473680, ndraw=40, logz=-7.58, remainder_fraction=6.4874%, Lmin=-0.40, Lmax=-0.04
18:17:48 [ultranest] [DEBUG] iteration=3985, ncalls=109972, regioncalls=9478120, ndraw=40, logz=-7.58, remainder_fraction=6.4715%, Lmin=-0.40, Lmax=-0.04
18:17:48 [ultranest] [DEBUG] iteration=3986, ncalls=109998, regioncalls=9479360, ndraw=40, logz=-7.58, remainder_fraction=6.4567%, Lmin=-0.40, Lmax=-0.04
18:17:48 [ultranest] [DEBUG] iteration=3987, ncalls=110015, regioncalls=9480560, ndraw=40, logz=-7.58, remainder_fraction=6.4413%, Lmin=-0.40, Lmax=-0.04
18:17:49 [ultranest] [DEBUG] iteration=3988, ncalls=110048, regioncalls=9482680, ndraw=40, logz=-7.58, remainder_fraction=6.4259%, Lmin=-0.40, Lmax=-0.04
18:17:52 [ultranest] [DEBUG] iteration=3989, ncalls=110422, regioncalls=9503360, ndraw=40, logz=-7.58, remainder_fraction=6.4104%, Lmin=-0.40, Lmax=-0.04
18:17:52 [ultranest] [DEBUG] iteration=3990, ncalls=110439, regioncalls=9504440, ndraw=40, logz=-7.58, remainder_fraction=6.3951%, Lmin=-0.40, Lmax=-0.04
18:17:52 [ultranest] [DEBUG] iteration=3991, ncalls=110454, regioncalls=9505520, ndraw=40, logz=-7.58, remainder_fraction=6.3815%, Lmin=-0.40, Lmax=-0.04
18:17:53 [ultranest] [DEBUG] iteration=3992, ncalls=110555, regioncalls=9511560, ndraw=40, logz=-7.58, remainder_fraction=6.3694%, Lmin=-0.40, Lmax=-0.04
18:17:54 [ultranest] [DEBUG] iteration=3994, ncalls=110690, regioncalls=9520880, ndraw=40, logz=-7.58, remainder_fraction=6.3419%, Lmin=-0.40, Lmax=-0.04
18:17:55 [ultranest] [DEBUG] iteration=3995, ncalls=110799, regioncalls=9527320, ndraw=40, logz=-7.58, remainder_fraction=6.3271%, Lmin=-0.40, Lmax=-0.04
18:17:55 [ultranest] [DEBUG] iteration=3996, ncalls=110815, regioncalls=9528240, ndraw=40, logz=-7.58, remainder_fraction=6.3126%, Lmin=-0.40, Lmax=-0.04
18:17:56 [ultranest] [DEBUG] iteration=3997, ncalls=110842, regioncalls=9529800, ndraw=40, logz=-7.58, remainder_fraction=6.2973%, Lmin=-0.40, Lmax=-0.04
18:17:56 [ultranest] [DEBUG] iteration=3998, ncalls=110892, regioncalls=9532760, ndraw=40, logz=-7.58, remainder_fraction=6.2845%, Lmin=-0.40, Lmax=-0.04
18:17:58 [ultranest] [DEBUG] iteration=3999, ncalls=111146, regioncalls=9549480, ndraw=40, logz=-7.58, remainder_fraction=6.2713%, Lmin=-0.40, Lmax=-0.04
18:17:59 [ultranest] [DEBUG] iteration=4000, ncalls=111236, regioncalls=9555120, ndraw=40, logz=-7.58, remainder_fraction=6.2575%, Lmin=-0.40, Lmax=-0.04
18:18:00 [ultranest] [DEBUG] iteration=4001, ncalls=111284, regioncalls=9558080, ndraw=40, logz=-7.58, remainder_fraction=6.2429%, Lmin=-0.40, Lmax=-0.04
18:18:01 [ultranest] [DEBUG] iteration=4002, ncalls=111501, regioncalls=9571480, ndraw=40, logz=-7.58, remainder_fraction=6.2299%, Lmin=-0.40, Lmax=-0.04
18:18:04 [ultranest] [DEBUG] iteration=4004, ncalls=111766, regioncalls=9588920, ndraw=40, logz=-7.58, remainder_fraction=6.2006%, Lmin=-0.39, Lmax=-0.04
18:18:04 [ultranest] [DEBUG] iteration=4006, ncalls=111846, regioncalls=9593880, ndraw=40, logz=-7.58, remainder_fraction=6.1732%, Lmin=-0.39, Lmax=-0.04
18:18:05 [ultranest] [DEBUG] iteration=4008, ncalls=111862, regioncalls=9595560, ndraw=40, logz=-7.58, remainder_fraction=6.1457%, Lmin=-0.39, Lmax=-0.04
18:18:05 [ultranest] [DEBUG] iteration=4009, ncalls=111884, regioncalls=9597160, ndraw=40, logz=-7.58, remainder_fraction=6.1341%, Lmin=-0.39, Lmax=-0.04
18:18:05 [ultranest] [DEBUG] iteration=4010, ncalls=111898, regioncalls=9598360, ndraw=40, logz=-7.58, remainder_fraction=6.1201%, Lmin=-0.39, Lmax=-0.04
18:18:05 [ultranest] [DEBUG] iteration=4011, ncalls=111949, regioncalls=9601760, ndraw=40, logz=-7.58, remainder_fraction=6.1068%, Lmin=-0.39, Lmax=-0.04
18:18:07 [ultranest] [DEBUG] iteration=4012, ncalls=112098, regioncalls=9610320, ndraw=40, logz=-7.58, remainder_fraction=6.0923%, Lmin=-0.39, Lmax=-0.04
18:18:07 [ultranest] [DEBUG] iteration=4013, ncalls=112172, regioncalls=9614040, ndraw=40, logz=-7.58, remainder_fraction=6.0792%, Lmin=-0.39, Lmax=-0.04
18:18:08 [ultranest] [DEBUG] iteration=4014, ncalls=112214, regioncalls=9616280, ndraw=40, logz=-7.58, remainder_fraction=6.0644%, Lmin=-0.39, Lmax=-0.04
18:18:08 [ultranest] [DEBUG] iteration=4015, ncalls=112298, regioncalls=9620800, ndraw=40, logz=-7.58, remainder_fraction=6.0500%, Lmin=-0.39, Lmax=-0.04
18:18:09 [ultranest] [DEBUG] iteration=4016, ncalls=112316, regioncalls=9621920, ndraw=40, logz=-7.58, remainder_fraction=6.0355%, Lmin=-0.39, Lmax=-0.04
18:18:09 [ultranest] [DEBUG] iteration=4018, ncalls=112351, regioncalls=9623760, ndraw=40, logz=-7.58, remainder_fraction=6.0077%, Lmin=-0.39, Lmax=-0.04
18:18:10 [ultranest] [DEBUG] iteration=4019, ncalls=112450, regioncalls=9629920, ndraw=40, logz=-7.58, remainder_fraction=5.9939%, Lmin=-0.39, Lmax=-0.04
18:18:10 [ultranest] [DEBUG] iteration=4020, ncalls=112468, regioncalls=9630720, ndraw=40, logz=-7.58, remainder_fraction=5.9816%, Lmin=-0.39, Lmax=-0.04
18:18:10 [ultranest] [DEBUG] iteration=4021, ncalls=112492, regioncalls=9632800, ndraw=40, logz=-7.58, remainder_fraction=5.9700%, Lmin=-0.39, Lmax=-0.04
18:18:10 [ultranest] [DEBUG] iteration=4023, ncalls=112521, regioncalls=9634440, ndraw=40, logz=-7.58, remainder_fraction=5.9473%, Lmin=-0.39, Lmax=-0.04
18:18:11 [ultranest] [DEBUG] iteration=4025, ncalls=112637, regioncalls=9640920, ndraw=40, logz=-7.58, remainder_fraction=5.9200%, Lmin=-0.39, Lmax=-0.04
18:18:12 [ultranest] [DEBUG] iteration=4026, ncalls=112661, regioncalls=9642760, ndraw=40, logz=-7.58, remainder_fraction=5.9084%, Lmin=-0.39, Lmax=-0.04
18:18:12 [ultranest] [DEBUG] iteration=4027, ncalls=112753, regioncalls=9649760, ndraw=40, logz=-7.58, remainder_fraction=5.8952%, Lmin=-0.39, Lmax=-0.04
18:18:13 [ultranest] [DEBUG] iteration=4028, ncalls=112837, regioncalls=9655480, ndraw=40, logz=-7.58, remainder_fraction=5.8815%, Lmin=-0.39, Lmax=-0.04
18:18:15 [ultranest] [DEBUG] iteration=4029, ncalls=112997, regioncalls=9664600, ndraw=40, logz=-7.58, remainder_fraction=5.8711%, Lmin=-0.39, Lmax=-0.04
18:18:15 [ultranest] [DEBUG] iteration=4030, ncalls=113074, regioncalls=9670200, ndraw=40, logz=-7.58, remainder_fraction=5.8574%, Lmin=-0.39, Lmax=-0.04
18:18:16 [ultranest] [DEBUG] iteration=4031, ncalls=113168, regioncalls=9675840, ndraw=40, logz=-7.58, remainder_fraction=5.8441%, Lmin=-0.39, Lmax=-0.04
18:18:17 [ultranest] [DEBUG] iteration=4032, ncalls=113239, regioncalls=9679800, ndraw=40, logz=-7.58, remainder_fraction=5.8300%, Lmin=-0.38, Lmax=-0.04
18:18:18 [ultranest] [DEBUG] iteration=4033, ncalls=113337, regioncalls=9686280, ndraw=40, logz=-7.58, remainder_fraction=5.8172%, Lmin=-0.38, Lmax=-0.04
18:18:18 [ultranest] [DEBUG] iteration=4034, ncalls=113359, regioncalls=9687960, ndraw=40, logz=-7.58, remainder_fraction=5.8050%, Lmin=-0.38, Lmax=-0.04
18:18:19 [ultranest] [DEBUG] iteration=4035, ncalls=113422, regioncalls=9692360, ndraw=40, logz=-7.57, remainder_fraction=5.7917%, Lmin=-0.38, Lmax=-0.04
18:18:20 [ultranest] [DEBUG] iteration=4036, ncalls=113635, regioncalls=9707200, ndraw=40, logz=-7.57, remainder_fraction=5.7816%, Lmin=-0.38, Lmax=-0.04
18:18:21 [ultranest] [DEBUG] iteration=4037, ncalls=113695, regioncalls=9710640, ndraw=40, logz=-7.57, remainder_fraction=5.7698%, Lmin=-0.38, Lmax=-0.04
18:18:22 [ultranest] [DEBUG] iteration=4038, ncalls=113779, regioncalls=9715760, ndraw=40, logz=-7.57, remainder_fraction=5.7578%, Lmin=-0.38, Lmax=-0.04
18:18:22 [ultranest] [DEBUG] iteration=4039, ncalls=113818, regioncalls=9718400, ndraw=40, logz=-7.57, remainder_fraction=5.7440%, Lmin=-0.38, Lmax=-0.04
18:18:22 [ultranest] [DEBUG] iteration=4040, ncalls=113855, regioncalls=9721000, ndraw=40, logz=-7.57, remainder_fraction=5.7310%, Lmin=-0.38, Lmax=-0.04
18:18:23 [ultranest] [DEBUG] iteration=4041, ncalls=113887, regioncalls=9723640, ndraw=40, logz=-7.57, remainder_fraction=5.7168%, Lmin=-0.38, Lmax=-0.04
18:18:23 [ultranest] [DEBUG] iteration=4042, ncalls=113920, regioncalls=9725960, ndraw=40, logz=-7.57, remainder_fraction=5.7030%, Lmin=-0.38, Lmax=-0.04
18:18:24 [ultranest] [DEBUG] iteration=4044, ncalls=113992, regioncalls=9729720, ndraw=40, logz=-7.57, remainder_fraction=5.6759%, Lmin=-0.38, Lmax=-0.04
18:18:24 [ultranest] [DEBUG] iteration=4045, ncalls=114019, regioncalls=9730960, ndraw=40, logz=-7.57, remainder_fraction=5.6633%, Lmin=-0.38, Lmax=-0.04
18:18:26 [ultranest] [DEBUG] iteration=4046, ncalls=114237, regioncalls=9744480, ndraw=40, logz=-7.57, remainder_fraction=5.6524%, Lmin=-0.38, Lmax=-0.04
18:18:26 [ultranest] [DEBUG] iteration=4047, ncalls=114251, regioncalls=9745480, ndraw=40, logz=-7.57, remainder_fraction=5.6390%, Lmin=-0.38, Lmax=-0.04
18:18:27 [ultranest] [DEBUG] iteration=4048, ncalls=114320, regioncalls=9749840, ndraw=40, logz=-7.57, remainder_fraction=5.6264%, Lmin=-0.38, Lmax=-0.04
18:18:27 [ultranest] [DEBUG] iteration=4049, ncalls=114406, regioncalls=9755320, ndraw=40, logz=-7.57, remainder_fraction=5.6130%, Lmin=-0.38, Lmax=-0.04
18:18:28 [ultranest] [DEBUG] iteration=4050, ncalls=114437, regioncalls=9756800, ndraw=40, logz=-7.57, remainder_fraction=5.6022%, Lmin=-0.38, Lmax=-0.04
18:18:28 [ultranest] [DEBUG] iteration=4051, ncalls=114451, regioncalls=9757360, ndraw=40, logz=-7.57, remainder_fraction=5.5893%, Lmin=-0.38, Lmax=-0.04
18:18:28 [ultranest] [DEBUG] iteration=4052, ncalls=114495, regioncalls=9760160, ndraw=40, logz=-7.57, remainder_fraction=5.5769%, Lmin=-0.38, Lmax=-0.04
18:18:29 [ultranest] [DEBUG] iteration=4053, ncalls=114554, regioncalls=9763640, ndraw=40, logz=-7.57, remainder_fraction=5.5666%, Lmin=-0.38, Lmax=-0.04
18:18:29 [ultranest] [DEBUG] iteration=4054, ncalls=114604, regioncalls=9766760, ndraw=40, logz=-7.57, remainder_fraction=5.5538%, Lmin=-0.38, Lmax=-0.04
18:18:29 [ultranest] [DEBUG] iteration=4055, ncalls=114635, regioncalls=9768400, ndraw=40, logz=-7.57, remainder_fraction=5.5407%, Lmin=-0.38, Lmax=-0.04
18:18:30 [ultranest] [DEBUG] iteration=4056, ncalls=114649, regioncalls=9769280, ndraw=40, logz=-7.57, remainder_fraction=5.5287%, Lmin=-0.38, Lmax=-0.04
18:18:31 [ultranest] [DEBUG] iteration=4057, ncalls=114811, regioncalls=9779600, ndraw=40, logz=-7.57, remainder_fraction=5.5159%, Lmin=-0.37, Lmax=-0.04
18:18:32 [ultranest] [DEBUG] iteration=4058, ncalls=114939, regioncalls=9787360, ndraw=40, logz=-7.57, remainder_fraction=5.5029%, Lmin=-0.37, Lmax=-0.04
18:18:32 [ultranest] [DEBUG] iteration=4059, ncalls=114957, regioncalls=9788680, ndraw=40, logz=-7.57, remainder_fraction=5.4934%, Lmin=-0.37, Lmax=-0.04
18:18:33 [ultranest] [DEBUG] iteration=4060, ncalls=115079, regioncalls=9796600, ndraw=40, logz=-7.57, remainder_fraction=5.4806%, Lmin=-0.37, Lmax=-0.04
18:18:35 [ultranest] [DEBUG] iteration=4061, ncalls=115233, regioncalls=9806440, ndraw=40, logz=-7.57, remainder_fraction=5.4687%, Lmin=-0.37, Lmax=-0.04
18:18:35 [ultranest] [DEBUG] iteration=4062, ncalls=115298, regioncalls=9810760, ndraw=40, logz=-7.57, remainder_fraction=5.4554%, Lmin=-0.37, Lmax=-0.04
18:18:37 [ultranest] [DEBUG] iteration=4063, ncalls=115451, regioncalls=9819760, ndraw=40, logz=-7.57, remainder_fraction=5.4441%, Lmin=-0.37, Lmax=-0.04
18:18:37 [ultranest] [DEBUG] iteration=4064, ncalls=115508, regioncalls=9822760, ndraw=40, logz=-7.57, remainder_fraction=5.4322%, Lmin=-0.37, Lmax=-0.04
18:18:38 [ultranest] [DEBUG] iteration=4065, ncalls=115550, regioncalls=9826000, ndraw=40, logz=-7.57, remainder_fraction=5.4211%, Lmin=-0.37, Lmax=-0.04
18:18:38 [ultranest] [DEBUG] iteration=4066, ncalls=115583, regioncalls=9828040, ndraw=40, logz=-7.57, remainder_fraction=5.4090%, Lmin=-0.37, Lmax=-0.04
18:18:39 [ultranest] [DEBUG] iteration=4067, ncalls=115682, regioncalls=9833920, ndraw=40, logz=-7.57, remainder_fraction=5.3960%, Lmin=-0.37, Lmax=-0.04
18:18:39 [ultranest] [DEBUG] iteration=4068, ncalls=115727, regioncalls=9836480, ndraw=40, logz=-7.57, remainder_fraction=5.3835%, Lmin=-0.37, Lmax=-0.04
18:18:40 [ultranest] [DEBUG] iteration=4069, ncalls=115840, regioncalls=9844360, ndraw=40, logz=-7.57, remainder_fraction=5.3707%, Lmin=-0.37, Lmax=-0.04
18:18:41 [ultranest] [DEBUG] iteration=4070, ncalls=115938, regioncalls=9849720, ndraw=40, logz=-7.57, remainder_fraction=5.3590%, Lmin=-0.37, Lmax=-0.04
18:18:41 [ultranest] [DEBUG] iteration=4071, ncalls=115985, regioncalls=9852720, ndraw=40, logz=-7.57, remainder_fraction=5.3477%, Lmin=-0.37, Lmax=-0.04
18:18:42 [ultranest] [DEBUG] iteration=4073, ncalls=116081, regioncalls=9857600, ndraw=40, logz=-7.57, remainder_fraction=5.3246%, Lmin=-0.37, Lmax=-0.04
18:18:44 [ultranest] [DEBUG] iteration=4074, ncalls=116244, regioncalls=9867560, ndraw=40, logz=-7.57, remainder_fraction=5.3115%, Lmin=-0.37, Lmax=-0.04
18:18:45 [ultranest] [DEBUG] iteration=4075, ncalls=116378, regioncalls=9875880, ndraw=40, logz=-7.57, remainder_fraction=5.3018%, Lmin=-0.37, Lmax=-0.04
18:18:45 [ultranest] [DEBUG] iteration=4076, ncalls=116420, regioncalls=9878600, ndraw=40, logz=-7.57, remainder_fraction=5.2920%, Lmin=-0.36, Lmax=-0.04
18:18:46 [ultranest] [DEBUG] iteration=4077, ncalls=116475, regioncalls=9882960, ndraw=40, logz=-7.57, remainder_fraction=5.2822%, Lmin=-0.36, Lmax=-0.04
18:18:46 [ultranest] [DEBUG] iteration=4079, ncalls=116502, regioncalls=9884560, ndraw=40, logz=-7.57, remainder_fraction=5.2589%, Lmin=-0.36, Lmax=-0.04
18:18:46 [ultranest] [DEBUG] iteration=4080, ncalls=116556, regioncalls=9888360, ndraw=40, logz=-7.57, remainder_fraction=5.2466%, Lmin=-0.36, Lmax=-0.04
18:18:47 [ultranest] [DEBUG] iteration=4081, ncalls=116625, regioncalls=9893840, ndraw=40, logz=-7.57, remainder_fraction=5.2358%, Lmin=-0.36, Lmax=-0.04
18:18:49 [ultranest] [DEBUG] iteration=4082, ncalls=116857, regioncalls=9908760, ndraw=40, logz=-7.57, remainder_fraction=5.2229%, Lmin=-0.36, Lmax=-0.04
18:18:49 [ultranest] [DEBUG] iteration=4083, ncalls=116877, regioncalls=9910360, ndraw=40, logz=-7.57, remainder_fraction=5.2104%, Lmin=-0.36, Lmax=-0.04
18:18:50 [ultranest] [DEBUG] iteration=4084, ncalls=116906, regioncalls=9911960, ndraw=40, logz=-7.57, remainder_fraction=5.2005%, Lmin=-0.36, Lmax=-0.04
18:18:52 [ultranest] [DEBUG] iteration=4085, ncalls=117180, regioncalls=9927480, ndraw=40, logz=-7.57, remainder_fraction=5.1878%, Lmin=-0.36, Lmax=-0.04
18:18:52 [ultranest] [DEBUG] iteration=4086, ncalls=117198, regioncalls=9928960, ndraw=40, logz=-7.57, remainder_fraction=5.1757%, Lmin=-0.36, Lmax=-0.04
18:18:53 [ultranest] [DEBUG] iteration=4087, ncalls=117281, regioncalls=9934440, ndraw=40, logz=-7.57, remainder_fraction=5.1652%, Lmin=-0.36, Lmax=-0.04
18:18:55 [ultranest] [DEBUG] iteration=4088, ncalls=117512, regioncalls=9949320, ndraw=40, logz=-7.57, remainder_fraction=5.1527%, Lmin=-0.36, Lmax=-0.04
18:18:55 [ultranest] [DEBUG] iteration=4091, ncalls=117539, regioncalls=9951200, ndraw=40, logz=-7.57, remainder_fraction=5.1173%, Lmin=-0.36, Lmax=-0.04
18:18:56 [ultranest] [DEBUG] iteration=4092, ncalls=117596, regioncalls=9954960, ndraw=40, logz=-7.57, remainder_fraction=5.1054%, Lmin=-0.36, Lmax=-0.04
18:18:56 [ultranest] [DEBUG] iteration=4094, ncalls=117684, regioncalls=9959720, ndraw=40, logz=-7.57, remainder_fraction=5.0820%, Lmin=-0.36, Lmax=-0.04
18:18:57 [ultranest] [DEBUG] iteration=4095, ncalls=117757, regioncalls=9964240, ndraw=40, logz=-7.57, remainder_fraction=5.0720%, Lmin=-0.36, Lmax=-0.04
18:18:57 [ultranest] [DEBUG] iteration=4096, ncalls=117772, regioncalls=9965200, ndraw=40, logz=-7.57, remainder_fraction=5.0607%, Lmin=-0.36, Lmax=-0.04
18:18:58 [ultranest] [DEBUG] iteration=4097, ncalls=117887, regioncalls=9972760, ndraw=40, logz=-7.57, remainder_fraction=5.0495%, Lmin=-0.36, Lmax=-0.04
18:18:58 [ultranest] [DEBUG] iteration=4098, ncalls=117916, regioncalls=9974640, ndraw=40, logz=-7.57, remainder_fraction=5.0384%, Lmin=-0.36, Lmax=-0.04
18:18:59 [ultranest] [DEBUG] iteration=4100, ncalls=117978, regioncalls=9977840, ndraw=40, logz=-7.57, remainder_fraction=5.0154%, Lmin=-0.36, Lmax=-0.04
18:18:59 [ultranest] [DEBUG] iteration=4101, ncalls=117994, regioncalls=9978880, ndraw=40, logz=-7.57, remainder_fraction=5.0044%, Lmin=-0.36, Lmax=-0.04
18:19:00 [ultranest] [DEBUG] iteration=4102, ncalls=118136, regioncalls=9989160, ndraw=40, logz=-7.57, remainder_fraction=4.9935%, Lmin=-0.36, Lmax=-0.04
18:19:01 [ultranest] [DEBUG] iteration=4103, ncalls=118240, regioncalls=9995400, ndraw=40, logz=-7.57, remainder_fraction=4.9829%, Lmin=-0.36, Lmax=-0.04
18:19:02 [ultranest] [DEBUG] iteration=4104, ncalls=118317, regioncalls=10000080, ndraw=40, logz=-7.57, remainder_fraction=4.9725%, Lmin=-0.36, Lmax=-0.04
18:19:03 [ultranest] [DEBUG] iteration=4105, ncalls=118429, regioncalls=10006920, ndraw=40, logz=-7.57, remainder_fraction=4.9607%, Lmin=-0.35, Lmax=-0.04
18:19:03 [ultranest] [DEBUG] iteration=4106, ncalls=118458, regioncalls=10008720, ndraw=40, logz=-7.57, remainder_fraction=4.9491%, Lmin=-0.35, Lmax=-0.04
18:19:04 [ultranest] [DEBUG] iteration=4107, ncalls=118523, regioncalls=10012800, ndraw=40, logz=-7.57, remainder_fraction=4.9391%, Lmin=-0.35, Lmax=-0.04
18:19:04 [ultranest] [DEBUG] iteration=4108, ncalls=118544, regioncalls=10014440, ndraw=40, logz=-7.57, remainder_fraction=4.9279%, Lmin=-0.35, Lmax=-0.04
18:19:05 [ultranest] [DEBUG] iteration=4111, ncalls=118612, regioncalls=10018040, ndraw=40, logz=-7.57, remainder_fraction=4.8950%, Lmin=-0.35, Lmax=-0.04
18:19:05 [ultranest] [DEBUG] iteration=4112, ncalls=118677, regioncalls=10022920, ndraw=40, logz=-7.57, remainder_fraction=4.8835%, Lmin=-0.35, Lmax=-0.04
18:19:06 [ultranest] [DEBUG] iteration=4113, ncalls=118741, regioncalls=10026120, ndraw=40, logz=-7.57, remainder_fraction=4.8725%, Lmin=-0.35, Lmax=-0.04
18:19:07 [ultranest] [DEBUG] iteration=4114, ncalls=118919, regioncalls=10036960, ndraw=40, logz=-7.56, remainder_fraction=4.8620%, Lmin=-0.35, Lmax=-0.04
18:19:10 [ultranest] [DEBUG] iteration=4115, ncalls=119250, regioncalls=10057080, ndraw=40, logz=-7.56, remainder_fraction=4.8502%, Lmin=-0.35, Lmax=-0.04
18:19:11 [ultranest] [DEBUG] iteration=4116, ncalls=119302, regioncalls=10060240, ndraw=40, logz=-7.56, remainder_fraction=4.8397%, Lmin=-0.35, Lmax=-0.04
18:19:12 [ultranest] [DEBUG] iteration=4117, ncalls=119400, regioncalls=10066280, ndraw=40, logz=-7.56, remainder_fraction=4.8291%, Lmin=-0.35, Lmax=-0.04
18:19:14 [ultranest] [DEBUG] iteration=4118, ncalls=119690, regioncalls=10085840, ndraw=40, logz=-7.56, remainder_fraction=4.8187%, Lmin=-0.35, Lmax=-0.04
18:19:15 [ultranest] [DEBUG] iteration=4119, ncalls=119786, regioncalls=10092640, ndraw=40, logz=-7.56, remainder_fraction=4.8068%, Lmin=-0.35, Lmax=-0.04
18:19:16 [ultranest] [DEBUG] iteration=4120, ncalls=119941, regioncalls=10102240, ndraw=40, logz=-7.56, remainder_fraction=4.7950%, Lmin=-0.35, Lmax=-0.04
18:19:17 [ultranest] [DEBUG] iteration=4121, ncalls=119960, regioncalls=10103840, ndraw=40, logz=-7.56, remainder_fraction=4.7831%, Lmin=-0.35, Lmax=-0.04
18:19:17 [ultranest] [DEBUG] iteration=4122, ncalls=119995, regioncalls=10105760, ndraw=40, logz=-7.56, remainder_fraction=4.7722%, Lmin=-0.35, Lmax=-0.04
18:19:17 [ultranest] [DEBUG] iteration=4123, ncalls=120012, regioncalls=10106600, ndraw=40, logz=-7.56, remainder_fraction=4.7625%, Lmin=-0.35, Lmax=-0.04
18:19:17 [ultranest] [DEBUG] iteration=4126, ncalls=120035, regioncalls=10108720, ndraw=40, logz=-7.56, remainder_fraction=4.7291%, Lmin=-0.35, Lmax=-0.04
18:19:18 [ultranest] [DEBUG] iteration=4127, ncalls=120086, regioncalls=10112640, ndraw=40, logz=-7.56, remainder_fraction=4.7194%, Lmin=-0.35, Lmax=-0.04
18:19:19 [ultranest] [DEBUG] iteration=4128, ncalls=120248, regioncalls=10124240, ndraw=40, logz=-7.56, remainder_fraction=4.7081%, Lmin=-0.35, Lmax=-0.04
18:19:21 [ultranest] [DEBUG] iteration=4129, ncalls=120458, regioncalls=10136480, ndraw=40, logz=-7.56, remainder_fraction=4.6972%, Lmin=-0.35, Lmax=-0.04
18:19:22 [ultranest] [DEBUG] iteration=4130, ncalls=120595, regioncalls=10144320, ndraw=40, logz=-7.56, remainder_fraction=4.6866%, Lmin=-0.35, Lmax=-0.04
18:19:22 [ultranest] [DEBUG] iteration=4131, ncalls=120622, regioncalls=10145760, ndraw=40, logz=-7.56, remainder_fraction=4.6753%, Lmin=-0.34, Lmax=-0.04
18:19:23 [ultranest] [DEBUG] iteration=4132, ncalls=120659, regioncalls=10148640, ndraw=40, logz=-7.56, remainder_fraction=4.6642%, Lmin=-0.34, Lmax=-0.04
18:19:23 [ultranest] [DEBUG] iteration=4133, ncalls=120675, regioncalls=10149440, ndraw=40, logz=-7.56, remainder_fraction=4.6541%, Lmin=-0.34, Lmax=-0.04
18:19:24 [ultranest] [DEBUG] iteration=4134, ncalls=120761, regioncalls=10153520, ndraw=40, logz=-7.56, remainder_fraction=4.6428%, Lmin=-0.34, Lmax=-0.04
18:19:24 [ultranest] [DEBUG] iteration=4135, ncalls=120805, regioncalls=10156840, ndraw=40, logz=-7.56, remainder_fraction=4.6325%, Lmin=-0.34, Lmax=-0.04
18:19:25 [ultranest] [DEBUG] iteration=4137, ncalls=120927, regioncalls=10165360, ndraw=40, logz=-7.56, remainder_fraction=4.6097%, Lmin=-0.34, Lmax=-0.04
18:19:25 [ultranest] [DEBUG] iteration=4139, ncalls=120949, regioncalls=10167840, ndraw=40, logz=-7.56, remainder_fraction=4.5871%, Lmin=-0.34, Lmax=-0.04
18:19:26 [ultranest] [DEBUG] iteration=4140, ncalls=120985, regioncalls=10170240, ndraw=40, logz=-7.56, remainder_fraction=4.5765%, Lmin=-0.34, Lmax=-0.04
18:19:27 [ultranest] [DEBUG] iteration=4141, ncalls=121101, regioncalls=10178640, ndraw=40, logz=-7.56, remainder_fraction=4.5662%, Lmin=-0.34, Lmax=-0.04
18:19:28 [ultranest] [DEBUG] iteration=4142, ncalls=121187, regioncalls=10186800, ndraw=40, logz=-7.56, remainder_fraction=4.5549%, Lmin=-0.34, Lmax=-0.04
18:19:30 [ultranest] [DEBUG] iteration=4143, ncalls=121363, regioncalls=10199480, ndraw=40, logz=-7.56, remainder_fraction=4.5449%, Lmin=-0.34, Lmax=-0.04
18:19:32 [ultranest] [DEBUG] iteration=4144, ncalls=121536, regioncalls=10213800, ndraw=40, logz=-7.56, remainder_fraction=4.5352%, Lmin=-0.34, Lmax=-0.04
18:19:32 [ultranest] [DEBUG] iteration=4145, ncalls=121567, regioncalls=10215960, ndraw=40, logz=-7.56, remainder_fraction=4.5251%, Lmin=-0.34, Lmax=-0.04
18:19:33 [ultranest] [DEBUG] iteration=4146, ncalls=121635, regioncalls=10221040, ndraw=40, logz=-7.56, remainder_fraction=4.5144%, Lmin=-0.34, Lmax=-0.04
18:19:34 [ultranest] [DEBUG] iteration=4147, ncalls=121767, regioncalls=10231280, ndraw=40, logz=-7.56, remainder_fraction=4.5033%, Lmin=-0.34, Lmax=-0.04
18:19:35 [ultranest] [DEBUG] iteration=4148, ncalls=121855, regioncalls=10237920, ndraw=40, logz=-7.56, remainder_fraction=4.4925%, Lmin=-0.34, Lmax=-0.04
18:19:36 [ultranest] [DEBUG] iteration=4149, ncalls=121919, regioncalls=10242960, ndraw=40, logz=-7.56, remainder_fraction=4.4832%, Lmin=-0.34, Lmax=-0.04
18:19:37 [ultranest] [DEBUG] iteration=4150, ncalls=121954, regioncalls=10246720, ndraw=40, logz=-7.56, remainder_fraction=4.4728%, Lmin=-0.34, Lmax=-0.04
18:19:38 [ultranest] [DEBUG] iteration=4151, ncalls=122107, regioncalls=10258520, ndraw=40, logz=-7.56, remainder_fraction=4.4625%, Lmin=-0.34, Lmax=-0.04
18:19:38 [ultranest] [DEBUG] iteration=4152, ncalls=122117, regioncalls=10259760, ndraw=40, logz=-7.56, remainder_fraction=4.4525%, Lmin=-0.34, Lmax=-0.04
18:19:40 [ultranest] [DEBUG] iteration=4153, ncalls=122264, regioncalls=10271160, ndraw=40, logz=-7.56, remainder_fraction=4.4426%, Lmin=-0.34, Lmax=-0.04
18:19:41 [ultranest] [DEBUG] iteration=4154, ncalls=122339, regioncalls=10276080, ndraw=40, logz=-7.56, remainder_fraction=4.4332%, Lmin=-0.34, Lmax=-0.04
18:19:41 [ultranest] [DEBUG] iteration=4155, ncalls=122349, regioncalls=10276520, ndraw=40, logz=-7.56, remainder_fraction=4.4230%, Lmin=-0.34, Lmax=-0.04
18:19:41 [ultranest] [DEBUG] iteration=4156, ncalls=122377, regioncalls=10278960, ndraw=40, logz=-7.56, remainder_fraction=4.4140%, Lmin=-0.34, Lmax=-0.04
18:19:42 [ultranest] [DEBUG] iteration=4157, ncalls=122402, regioncalls=10280760, ndraw=40, logz=-7.56, remainder_fraction=4.4040%, Lmin=-0.34, Lmax=-0.04
18:19:43 [ultranest] [DEBUG] iteration=4158, ncalls=122531, regioncalls=10290560, ndraw=40, logz=-7.56, remainder_fraction=4.3944%, Lmin=-0.34, Lmax=-0.04
18:19:44 [ultranest] [DEBUG] iteration=4159, ncalls=122661, regioncalls=10301480, ndraw=40, logz=-7.56, remainder_fraction=4.3850%, Lmin=-0.34, Lmax=-0.04
18:19:45 [ultranest] [DEBUG] iteration=4160, ncalls=122739, regioncalls=10307560, ndraw=40, logz=-7.56, remainder_fraction=4.3760%, Lmin=-0.34, Lmax=-0.04
18:19:46 [ultranest] [DEBUG] iteration=4161, ncalls=122804, regioncalls=10313280, ndraw=40, logz=-7.56, remainder_fraction=4.3669%, Lmin=-0.33, Lmax=-0.04
18:19:46 [ultranest] [DEBUG] iteration=4162, ncalls=122841, regioncalls=10316400, ndraw=40, logz=-7.56, remainder_fraction=4.3577%, Lmin=-0.33, Lmax=-0.04
18:19:47 [ultranest] [DEBUG] iteration=4164, ncalls=122870, regioncalls=10319240, ndraw=40, logz=-7.56, remainder_fraction=4.3369%, Lmin=-0.33, Lmax=-0.04
18:19:48 [ultranest] [DEBUG] iteration=4165, ncalls=122976, regioncalls=10327720, ndraw=40, logz=-7.56, remainder_fraction=4.3271%, Lmin=-0.33, Lmax=-0.04
18:19:48 [ultranest] [DEBUG] iteration=4167, ncalls=122986, regioncalls=10328520, ndraw=40, logz=-7.56, remainder_fraction=4.3072%, Lmin=-0.33, Lmax=-0.04
18:19:48 [ultranest] [DEBUG] iteration=4168, ncalls=122997, regioncalls=10329560, ndraw=40, logz=-7.56, remainder_fraction=4.2970%, Lmin=-0.33, Lmax=-0.04
18:19:49 [ultranest] [DEBUG] iteration=4169, ncalls=123080, regioncalls=10335680, ndraw=40, logz=-7.56, remainder_fraction=4.2869%, Lmin=-0.33, Lmax=-0.04
18:19:50 [ultranest] [DEBUG] iteration=4170, ncalls=123129, regioncalls=10339080, ndraw=40, logz=-7.56, remainder_fraction=4.2776%, Lmin=-0.33, Lmax=-0.04
18:19:50 [ultranest] [DEBUG] iteration=4171, ncalls=123185, regioncalls=10344240, ndraw=40, logz=-7.56, remainder_fraction=4.2682%, Lmin=-0.33, Lmax=-0.04
18:19:51 [ultranest] [DEBUG] iteration=4172, ncalls=123252, regioncalls=10349760, ndraw=40, logz=-7.56, remainder_fraction=4.2582%, Lmin=-0.33, Lmax=-0.04
18:19:52 [ultranest] [DEBUG] iteration=4173, ncalls=123325, regioncalls=10355440, ndraw=40, logz=-7.56, remainder_fraction=4.2495%, Lmin=-0.33, Lmax=-0.04
18:19:52 [ultranest] [DEBUG] iteration=4174, ncalls=123334, regioncalls=10356200, ndraw=40, logz=-7.56, remainder_fraction=4.2395%, Lmin=-0.33, Lmax=-0.04
18:19:52 [ultranest] [DEBUG] iteration=4175, ncalls=123361, regioncalls=10358600, ndraw=40, logz=-7.56, remainder_fraction=4.2307%, Lmin=-0.33, Lmax=-0.04
18:19:53 [ultranest] [DEBUG] iteration=4176, ncalls=123411, regioncalls=10362720, ndraw=40, logz=-7.56, remainder_fraction=4.2204%, Lmin=-0.33, Lmax=-0.04
18:19:53 [ultranest] [DEBUG] iteration=4177, ncalls=123437, regioncalls=10364600, ndraw=40, logz=-7.56, remainder_fraction=4.2106%, Lmin=-0.33, Lmax=-0.04
18:19:54 [ultranest] [DEBUG] iteration=4178, ncalls=123500, regioncalls=10370280, ndraw=40, logz=-7.56, remainder_fraction=4.2013%, Lmin=-0.33, Lmax=-0.04
18:19:55 [ultranest] [DEBUG] iteration=4179, ncalls=123567, regioncalls=10375720, ndraw=40, logz=-7.56, remainder_fraction=4.1933%, Lmin=-0.33, Lmax=-0.04
18:19:55 [ultranest] [DEBUG] iteration=4180, ncalls=123640, regioncalls=10380560, ndraw=40, logz=-7.56, remainder_fraction=4.1841%, Lmin=-0.33, Lmax=-0.04
18:19:56 [ultranest] [DEBUG] iteration=4181, ncalls=123730, regioncalls=10388000, ndraw=40, logz=-7.56, remainder_fraction=4.1741%, Lmin=-0.33, Lmax=-0.04
18:19:57 [ultranest] [DEBUG] iteration=4182, ncalls=123750, regioncalls=10390080, ndraw=40, logz=-7.56, remainder_fraction=4.1638%, Lmin=-0.33, Lmax=-0.04
18:19:57 [ultranest] [DEBUG] iteration=4183, ncalls=123798, regioncalls=10393360, ndraw=40, logz=-7.56, remainder_fraction=4.1541%, Lmin=-0.33, Lmax=-0.04
18:19:57 [ultranest] [DEBUG] iteration=4184, ncalls=123817, regioncalls=10394840, ndraw=40, logz=-7.56, remainder_fraction=4.1443%, Lmin=-0.33, Lmax=-0.04
18:19:58 [ultranest] [DEBUG] iteration=4185, ncalls=123838, regioncalls=10396560, ndraw=40, logz=-7.56, remainder_fraction=4.1353%, Lmin=-0.33, Lmax=-0.04
18:19:58 [ultranest] [DEBUG] iteration=4186, ncalls=123860, regioncalls=10399160, ndraw=40, logz=-7.56, remainder_fraction=4.1273%, Lmin=-0.32, Lmax=-0.04
18:19:59 [ultranest] [DEBUG] iteration=4187, ncalls=123930, regioncalls=10404320, ndraw=40, logz=-7.56, remainder_fraction=4.1177%, Lmin=-0.32, Lmax=-0.04
18:19:59 [ultranest] [DEBUG] iteration=4188, ncalls=123975, regioncalls=10407800, ndraw=40, logz=-7.56, remainder_fraction=4.1095%, Lmin=-0.32, Lmax=-0.04
18:20:00 [ultranest] [DEBUG] iteration=4189, ncalls=124031, regioncalls=10413280, ndraw=40, logz=-7.56, remainder_fraction=4.0993%, Lmin=-0.32, Lmax=-0.04
18:20:01 [ultranest] [DEBUG] iteration=4190, ncalls=124137, regioncalls=10422120, ndraw=40, logz=-7.56, remainder_fraction=4.0895%, Lmin=-0.32, Lmax=-0.04
18:20:02 [ultranest] [DEBUG] iteration=4191, ncalls=124185, regioncalls=10425280, ndraw=40, logz=-7.56, remainder_fraction=4.0813%, Lmin=-0.32, Lmax=-0.04
18:20:03 [ultranest] [DEBUG] iteration=4192, ncalls=124335, regioncalls=10435240, ndraw=40, logz=-7.56, remainder_fraction=4.0733%, Lmin=-0.32, Lmax=-0.04
18:20:03 [ultranest] [DEBUG] iteration=4193, ncalls=124364, regioncalls=10437560, ndraw=40, logz=-7.56, remainder_fraction=4.0641%, Lmin=-0.32, Lmax=-0.04
18:20:05 [ultranest] [DEBUG] iteration=4194, ncalls=124480, regioncalls=10446560, ndraw=40, logz=-7.56, remainder_fraction=4.0546%, Lmin=-0.32, Lmax=-0.04
18:20:05 [ultranest] [DEBUG] iteration=4195, ncalls=124495, regioncalls=10447440, ndraw=40, logz=-7.56, remainder_fraction=4.0461%, Lmin=-0.32, Lmax=-0.04
18:20:09 [ultranest] [DEBUG] iteration=4196, ncalls=124833, regioncalls=10473560, ndraw=40, logz=-7.56, remainder_fraction=4.0367%, Lmin=-0.32, Lmax=-0.04
18:20:10 [ultranest] [DEBUG] iteration=4197, ncalls=124957, regioncalls=10483760, ndraw=40, logz=-7.56, remainder_fraction=4.0272%, Lmin=-0.32, Lmax=-0.04
18:20:11 [ultranest] [DEBUG] iteration=4199, ncalls=125015, regioncalls=10487600, ndraw=40, logz=-7.56, remainder_fraction=4.0081%, Lmin=-0.32, Lmax=-0.04
18:20:11 [ultranest] [DEBUG] iteration=4200, ncalls=125037, regioncalls=10489600, ndraw=40, logz=-7.56, remainder_fraction=3.9985%, Lmin=-0.32, Lmax=-0.04
18:20:11 [ultranest] [DEBUG] iteration=4201, ncalls=125053, regioncalls=10490920, ndraw=40, logz=-7.56, remainder_fraction=3.9896%, Lmin=-0.32, Lmax=-0.04
18:20:12 [ultranest] [DEBUG] iteration=4202, ncalls=125130, regioncalls=10496960, ndraw=40, logz=-7.56, remainder_fraction=3.9799%, Lmin=-0.32, Lmax=-0.04
18:20:12 [ultranest] [DEBUG] iteration=4203, ncalls=125141, regioncalls=10497840, ndraw=40, logz=-7.56, remainder_fraction=3.9714%, Lmin=-0.32, Lmax=-0.04
18:20:13 [ultranest] [DEBUG] iteration=4204, ncalls=125212, regioncalls=10503640, ndraw=40, logz=-7.56, remainder_fraction=3.9616%, Lmin=-0.32, Lmax=-0.04
18:20:16 [ultranest] [DEBUG] iteration=4205, ncalls=125516, regioncalls=10528240, ndraw=40, logz=-7.56, remainder_fraction=3.9518%, Lmin=-0.32, Lmax=-0.04
18:20:17 [ultranest] [DEBUG] iteration=4206, ncalls=125565, regioncalls=10531960, ndraw=40, logz=-7.56, remainder_fraction=3.9423%, Lmin=-0.32, Lmax=-0.04
18:20:18 [ultranest] [DEBUG] iteration=4207, ncalls=125682, regioncalls=10542160, ndraw=40, logz=-7.56, remainder_fraction=3.9343%, Lmin=-0.32, Lmax=-0.04
18:20:20 [ultranest] [DEBUG] iteration=4208, ncalls=125805, regioncalls=10552720, ndraw=40, logz=-7.56, remainder_fraction=3.9246%, Lmin=-0.32, Lmax=-0.04
18:20:20 [ultranest] [DEBUG] iteration=4209, ncalls=125893, regioncalls=10559120, ndraw=40, logz=-7.56, remainder_fraction=3.9164%, Lmin=-0.32, Lmax=-0.04
18:20:21 [ultranest] [DEBUG] iteration=4211, ncalls=125977, regioncalls=10566160, ndraw=40, logz=-7.55, remainder_fraction=3.8993%, Lmin=-0.32, Lmax=-0.04
18:20:22 [ultranest] [DEBUG] iteration=4212, ncalls=125998, regioncalls=10567920, ndraw=40, logz=-7.55, remainder_fraction=3.8898%, Lmin=-0.32, Lmax=-0.04
18:20:22 [ultranest] [DEBUG] iteration=4213, ncalls=126052, regioncalls=10572040, ndraw=40, logz=-7.55, remainder_fraction=3.8816%, Lmin=-0.32, Lmax=-0.04
18:20:24 [ultranest] [DEBUG] iteration=4214, ncalls=126162, regioncalls=10582000, ndraw=40, logz=-7.55, remainder_fraction=3.8733%, Lmin=-0.32, Lmax=-0.04
18:20:25 [ultranest] [DEBUG] iteration=4215, ncalls=126261, regioncalls=10589560, ndraw=40, logz=-7.55, remainder_fraction=3.8657%, Lmin=-0.32, Lmax=-0.04
18:20:26 [ultranest] [DEBUG] iteration=4216, ncalls=126409, regioncalls=10599560, ndraw=40, logz=-7.55, remainder_fraction=3.8567%, Lmin=-0.32, Lmax=-0.04
18:20:27 [ultranest] [DEBUG] iteration=4217, ncalls=126494, regioncalls=10606880, ndraw=40, logz=-7.55, remainder_fraction=3.8472%, Lmin=-0.32, Lmax=-0.04
18:20:28 [ultranest] [DEBUG] iteration=4218, ncalls=126564, regioncalls=10612040, ndraw=40, logz=-7.55, remainder_fraction=3.8378%, Lmin=-0.31, Lmax=-0.04
18:20:31 [ultranest] [DEBUG] iteration=4219, ncalls=126844, regioncalls=10632600, ndraw=40, logz=-7.55, remainder_fraction=3.8284%, Lmin=-0.31, Lmax=-0.04
18:20:33 [ultranest] [DEBUG] iteration=4220, ncalls=126978, regioncalls=10644320, ndraw=40, logz=-7.55, remainder_fraction=3.8195%, Lmin=-0.31, Lmax=-0.04
18:20:33 [ultranest] [DEBUG] iteration=4221, ncalls=127028, regioncalls=10648880, ndraw=40, logz=-7.55, remainder_fraction=3.8103%, Lmin=-0.31, Lmax=-0.04
18:20:35 [ultranest] [DEBUG] iteration=4222, ncalls=127228, regioncalls=10663720, ndraw=40, logz=-7.55, remainder_fraction=3.8016%, Lmin=-0.31, Lmax=-0.04
18:20:36 [ultranest] [DEBUG] iteration=4223, ncalls=127285, regioncalls=10668760, ndraw=40, logz=-7.55, remainder_fraction=3.7928%, Lmin=-0.31, Lmax=-0.04
18:20:38 [ultranest] [DEBUG] iteration=4224, ncalls=127466, regioncalls=10681320, ndraw=40, logz=-7.55, remainder_fraction=3.7837%, Lmin=-0.31, Lmax=-0.04
18:20:38 [ultranest] [DEBUG] iteration=4225, ncalls=127476, regioncalls=10681800, ndraw=40, logz=-7.55, remainder_fraction=3.7748%, Lmin=-0.31, Lmax=-0.04
18:20:38 [ultranest] [DEBUG] iteration=4228, ncalls=127488, regioncalls=10682400, ndraw=40, logz=-7.55, remainder_fraction=3.7493%, Lmin=-0.31, Lmax=-0.04
18:20:39 [ultranest] [DEBUG] iteration=4229, ncalls=127578, regioncalls=10690360, ndraw=40, logz=-7.55, remainder_fraction=3.7402%, Lmin=-0.31, Lmax=-0.04
18:20:40 [ultranest] [DEBUG] iteration=4230, ncalls=127640, regioncalls=10693400, ndraw=40, logz=-7.55, remainder_fraction=3.7311%, Lmin=-0.31, Lmax=-0.04
18:20:41 [ultranest] [DEBUG] iteration=4231, ncalls=127696, regioncalls=10696880, ndraw=40, logz=-7.55, remainder_fraction=3.7226%, Lmin=-0.31, Lmax=-0.04
18:20:41 [ultranest] [DEBUG] iteration=4232, ncalls=127733, regioncalls=10698560, ndraw=40, logz=-7.55, remainder_fraction=3.7136%, Lmin=-0.31, Lmax=-0.04
18:20:42 [ultranest] [DEBUG] iteration=4233, ncalls=127793, regioncalls=10701640, ndraw=40, logz=-7.55, remainder_fraction=3.7056%, Lmin=-0.31, Lmax=-0.04
18:20:44 [ultranest] [DEBUG] iteration=4234, ncalls=127973, regioncalls=10712720, ndraw=40, logz=-7.55, remainder_fraction=3.6982%, Lmin=-0.31, Lmax=-0.04
18:20:45 [ultranest] [DEBUG] iteration=4235, ncalls=128068, regioncalls=10718240, ndraw=40, logz=-7.55, remainder_fraction=3.6892%, Lmin=-0.31, Lmax=-0.04
18:20:45 [ultranest] [DEBUG] iteration=4236, ncalls=128082, regioncalls=10718880, ndraw=40, logz=-7.55, remainder_fraction=3.6808%, Lmin=-0.31, Lmax=-0.04
18:20:45 [ultranest] [DEBUG] iteration=4238, ncalls=128091, regioncalls=10719240, ndraw=40, logz=-7.55, remainder_fraction=3.6646%, Lmin=-0.31, Lmax=-0.04
18:20:45 [ultranest] [DEBUG] iteration=4239, ncalls=128109, regioncalls=10720360, ndraw=40, logz=-7.55, remainder_fraction=3.6555%, Lmin=-0.31, Lmax=-0.04
18:20:46 [ultranest] [DEBUG] iteration=4240, ncalls=128152, regioncalls=10722600, ndraw=40, logz=-7.55, remainder_fraction=3.6481%, Lmin=-0.31, Lmax=-0.04
18:20:46 [ultranest] [DEBUG] iteration=4242, ncalls=128209, regioncalls=10725960, ndraw=40, logz=-7.55, remainder_fraction=3.6302%, Lmin=-0.30, Lmax=-0.04
18:20:47 [ultranest] [DEBUG] iteration=4243, ncalls=128268, regioncalls=10729000, ndraw=40, logz=-7.55, remainder_fraction=3.6223%, Lmin=-0.30, Lmax=-0.04
18:20:48 [ultranest] [DEBUG] iteration=4244, ncalls=128366, regioncalls=10734080, ndraw=40, logz=-7.55, remainder_fraction=3.6144%, Lmin=-0.30, Lmax=-0.04
18:20:49 [ultranest] [DEBUG] iteration=4245, ncalls=128414, regioncalls=10736840, ndraw=40, logz=-7.55, remainder_fraction=3.6068%, Lmin=-0.30, Lmax=-0.04
18:20:49 [ultranest] [DEBUG] iteration=4246, ncalls=128463, regioncalls=10739320, ndraw=40, logz=-7.55, remainder_fraction=3.5985%, Lmin=-0.30, Lmax=-0.04
18:20:49 [ultranest] [DEBUG] iteration=4247, ncalls=128496, regioncalls=10741120, ndraw=40, logz=-7.55, remainder_fraction=3.5902%, Lmin=-0.30, Lmax=-0.04
18:20:50 [ultranest] [DEBUG] iteration=4248, ncalls=128523, regioncalls=10742720, ndraw=40, logz=-7.55, remainder_fraction=3.5832%, Lmin=-0.30, Lmax=-0.04
18:20:53 [ultranest] [DEBUG] iteration=4249, ncalls=128811, regioncalls=10759720, ndraw=40, logz=-7.55, remainder_fraction=3.5748%, Lmin=-0.30, Lmax=-0.04
18:20:53 [ultranest] [DEBUG] iteration=4250, ncalls=128865, regioncalls=10762280, ndraw=40, logz=-7.55, remainder_fraction=3.5679%, Lmin=-0.30, Lmax=-0.04
18:20:54 [ultranest] [DEBUG] iteration=4251, ncalls=128884, regioncalls=10763240, ndraw=40, logz=-7.55, remainder_fraction=3.5592%, Lmin=-0.30, Lmax=-0.04
18:20:54 [ultranest] [DEBUG] iteration=4253, ncalls=128894, regioncalls=10763800, ndraw=40, logz=-7.55, remainder_fraction=3.5432%, Lmin=-0.30, Lmax=-0.04
18:20:54 [ultranest] [DEBUG] iteration=4255, ncalls=128938, regioncalls=10766840, ndraw=40, logz=-7.55, remainder_fraction=3.5275%, Lmin=-0.30, Lmax=-0.04
18:20:55 [ultranest] [DEBUG] iteration=4256, ncalls=129001, regioncalls=10771080, ndraw=40, logz=-7.55, remainder_fraction=3.5202%, Lmin=-0.30, Lmax=-0.04
18:20:55 [ultranest] [DEBUG] iteration=4257, ncalls=129013, regioncalls=10771560, ndraw=40, logz=-7.55, remainder_fraction=3.5116%, Lmin=-0.30, Lmax=-0.04
18:20:56 [ultranest] [DEBUG] iteration=4258, ncalls=129053, regioncalls=10774160, ndraw=40, logz=-7.55, remainder_fraction=3.5035%, Lmin=-0.30, Lmax=-0.04
18:20:56 [ultranest] [DEBUG] iteration=4259, ncalls=129069, regioncalls=10774840, ndraw=40, logz=-7.55, remainder_fraction=3.4949%, Lmin=-0.30, Lmax=-0.04
18:20:56 [ultranest] [DEBUG] iteration=4260, ncalls=129100, regioncalls=10776960, ndraw=40, logz=-7.55, remainder_fraction=3.4864%, Lmin=-0.30, Lmax=-0.04
18:20:57 [ultranest] [DEBUG] iteration=4261, ncalls=129184, regioncalls=10783880, ndraw=40, logz=-7.55, remainder_fraction=3.4790%, Lmin=-0.30, Lmax=-0.04
18:20:57 [ultranest] [DEBUG] iteration=4262, ncalls=129212, regioncalls=10785960, ndraw=40, logz=-7.55, remainder_fraction=3.4710%, Lmin=-0.30, Lmax=-0.04
18:20:59 [ultranest] [DEBUG] iteration=4263, ncalls=129328, regioncalls=10793120, ndraw=40, logz=-7.55, remainder_fraction=3.4635%, Lmin=-0.30, Lmax=-0.04
18:20:59 [ultranest] [DEBUG] iteration=4264, ncalls=129361, regioncalls=10795360, ndraw=40, logz=-7.55, remainder_fraction=3.4556%, Lmin=-0.30, Lmax=-0.04
18:21:00 [ultranest] [DEBUG] iteration=4265, ncalls=129425, regioncalls=10799040, ndraw=40, logz=-7.55, remainder_fraction=3.4479%, Lmin=-0.30, Lmax=-0.04
18:21:00 [ultranest] [DEBUG] iteration=4266, ncalls=129441, regioncalls=10800640, ndraw=40, logz=-7.55, remainder_fraction=3.4394%, Lmin=-0.30, Lmax=-0.04
18:21:00 [ultranest] [DEBUG] iteration=4267, ncalls=129461, regioncalls=10802200, ndraw=40, logz=-7.55, remainder_fraction=3.4314%, Lmin=-0.30, Lmax=-0.04
18:21:01 [ultranest] [DEBUG] iteration=4268, ncalls=129504, regioncalls=10804440, ndraw=40, logz=-7.55, remainder_fraction=3.4234%, Lmin=-0.30, Lmax=-0.04
18:21:02 [ultranest] [DEBUG] iteration=4269, ncalls=129625, regioncalls=10812680, ndraw=40, logz=-7.55, remainder_fraction=3.4162%, Lmin=-0.30, Lmax=-0.04
18:21:02 [ultranest] [DEBUG] iteration=4270, ncalls=129648, regioncalls=10814560, ndraw=40, logz=-7.55, remainder_fraction=3.4080%, Lmin=-0.30, Lmax=-0.04
18:21:02 [ultranest] [DEBUG] iteration=4271, ncalls=129672, regioncalls=10815920, ndraw=40, logz=-7.55, remainder_fraction=3.4000%, Lmin=-0.30, Lmax=-0.04
18:21:03 [ultranest] [DEBUG] iteration=4272, ncalls=129713, regioncalls=10817920, ndraw=40, logz=-7.55, remainder_fraction=3.3935%, Lmin=-0.30, Lmax=-0.04
18:21:03 [ultranest] [DEBUG] iteration=4275, ncalls=129747, regioncalls=10819760, ndraw=40, logz=-7.55, remainder_fraction=3.3718%, Lmin=-0.30, Lmax=-0.04
18:21:03 [ultranest] [DEBUG] iteration=4276, ncalls=129761, regioncalls=10820600, ndraw=40, logz=-7.55, remainder_fraction=3.3639%, Lmin=-0.30, Lmax=-0.04
18:21:06 [ultranest] [DEBUG] iteration=4277, ncalls=130009, regioncalls=10836080, ndraw=40, logz=-7.55, remainder_fraction=3.3563%, Lmin=-0.30, Lmax=-0.04
18:21:08 [ultranest] [DEBUG] iteration=4278, ncalls=130139, regioncalls=10844520, ndraw=40, logz=-7.55, remainder_fraction=3.3488%, Lmin=-0.29, Lmax=-0.04
18:21:09 [ultranest] [DEBUG] iteration=4280, ncalls=130252, regioncalls=10850840, ndraw=40, logz=-7.55, remainder_fraction=3.3337%, Lmin=-0.29, Lmax=-0.04
18:21:09 [ultranest] [DEBUG] iteration=4281, ncalls=130289, regioncalls=10853080, ndraw=40, logz=-7.55, remainder_fraction=3.3254%, Lmin=-0.29, Lmax=-0.04
18:21:10 [ultranest] [DEBUG] iteration=4282, ncalls=130316, regioncalls=10854280, ndraw=40, logz=-7.55, remainder_fraction=3.3178%, Lmin=-0.29, Lmax=-0.04
18:21:10 [ultranest] [DEBUG] iteration=4283, ncalls=130351, regioncalls=10856440, ndraw=40, logz=-7.55, remainder_fraction=3.3100%, Lmin=-0.29, Lmax=-0.04
18:21:11 [ultranest] [DEBUG] iteration=4284, ncalls=130423, regioncalls=10861040, ndraw=40, logz=-7.55, remainder_fraction=3.3025%, Lmin=-0.29, Lmax=-0.04
18:21:12 [ultranest] [DEBUG] iteration=4285, ncalls=130526, regioncalls=10867680, ndraw=40, logz=-7.55, remainder_fraction=3.2955%, Lmin=-0.29, Lmax=-0.04
18:21:13 [ultranest] [DEBUG] iteration=4286, ncalls=130622, regioncalls=10873480, ndraw=40, logz=-7.55, remainder_fraction=3.2886%, Lmin=-0.29, Lmax=-0.04
18:21:14 [ultranest] [DEBUG] iteration=4287, ncalls=130698, regioncalls=10877920, ndraw=40, logz=-7.55, remainder_fraction=3.2804%, Lmin=-0.29, Lmax=-0.04
18:21:15 [ultranest] [DEBUG] iteration=4288, ncalls=130770, regioncalls=10882000, ndraw=40, logz=-7.55, remainder_fraction=3.2735%, Lmin=-0.29, Lmax=-0.04
18:21:15 [ultranest] [DEBUG] iteration=4289, ncalls=130812, regioncalls=10884880, ndraw=40, logz=-7.55, remainder_fraction=3.2656%, Lmin=-0.29, Lmax=-0.04
18:21:18 [ultranest] [DEBUG] iteration=4290, ncalls=131052, regioncalls=10899480, ndraw=40, logz=-7.55, remainder_fraction=3.2587%, Lmin=-0.29, Lmax=-0.04
18:21:18 [ultranest] [DEBUG] iteration=4291, ncalls=131127, regioncalls=10903440, ndraw=40, logz=-7.55, remainder_fraction=3.2509%, Lmin=-0.29, Lmax=-0.04
18:21:19 [ultranest] [DEBUG] iteration=4292, ncalls=131145, regioncalls=10905000, ndraw=40, logz=-7.55, remainder_fraction=3.2430%, Lmin=-0.29, Lmax=-0.04
18:21:20 [ultranest] [DEBUG] iteration=4293, ncalls=131280, regioncalls=10914040, ndraw=40, logz=-7.55, remainder_fraction=3.2356%, Lmin=-0.29, Lmax=-0.04
18:21:20 [ultranest] [DEBUG] iteration=4294, ncalls=131291, regioncalls=10914720, ndraw=40, logz=-7.55, remainder_fraction=3.2278%, Lmin=-0.29, Lmax=-0.04
18:21:20 [ultranest] [DEBUG] iteration=4295, ncalls=131310, regioncalls=10915640, ndraw=40, logz=-7.55, remainder_fraction=3.2206%, Lmin=-0.29, Lmax=-0.04
18:21:21 [ultranest] [DEBUG] iteration=4297, ncalls=131347, regioncalls=10917360, ndraw=40, logz=-7.55, remainder_fraction=3.2050%, Lmin=-0.29, Lmax=-0.04
18:21:21 [ultranest] [DEBUG] iteration=4298, ncalls=131403, regioncalls=10919960, ndraw=40, logz=-7.55, remainder_fraction=3.1974%, Lmin=-0.29, Lmax=-0.04
18:21:23 [ultranest] [DEBUG] iteration=4299, ncalls=131556, regioncalls=10928520, ndraw=40, logz=-7.55, remainder_fraction=3.1913%, Lmin=-0.29, Lmax=-0.04
18:21:25 [ultranest] [DEBUG] iteration=4300, ncalls=131682, regioncalls=10935760, ndraw=40, logz=-7.55, remainder_fraction=3.1836%, Lmin=-0.29, Lmax=-0.04
18:21:25 [ultranest] [DEBUG] iteration=4301, ncalls=131754, regioncalls=10941680, ndraw=40, logz=-7.55, remainder_fraction=3.1758%, Lmin=-0.29, Lmax=-0.04
18:21:27 [ultranest] [DEBUG] iteration=4302, ncalls=131867, regioncalls=10947800, ndraw=40, logz=-7.55, remainder_fraction=3.1684%, Lmin=-0.29, Lmax=-0.04
18:21:30 [ultranest] [DEBUG] iteration=4304, ncalls=132152, regioncalls=10965600, ndraw=40, logz=-7.55, remainder_fraction=3.1542%, Lmin=-0.29, Lmax=-0.04
18:21:32 [ultranest] [DEBUG] iteration=4305, ncalls=132382, regioncalls=10979040, ndraw=40, logz=-7.55, remainder_fraction=3.1465%, Lmin=-0.29, Lmax=-0.04
18:21:33 [ultranest] [DEBUG] iteration=4306, ncalls=132417, regioncalls=10980880, ndraw=40, logz=-7.55, remainder_fraction=3.1392%, Lmin=-0.29, Lmax=-0.04
18:21:34 [ultranest] [DEBUG] iteration=4307, ncalls=132526, regioncalls=10986440, ndraw=40, logz=-7.55, remainder_fraction=3.1326%, Lmin=-0.29, Lmax=-0.04
18:21:35 [ultranest] [DEBUG] iteration=4308, ncalls=132663, regioncalls=10994520, ndraw=40, logz=-7.55, remainder_fraction=3.1263%, Lmin=-0.29, Lmax=-0.04
18:21:36 [ultranest] [DEBUG] iteration=4309, ncalls=132694, regioncalls=10996480, ndraw=40, logz=-7.55, remainder_fraction=3.1193%, Lmin=-0.29, Lmax=-0.04
18:21:36 [ultranest] [DEBUG] iteration=4310, ncalls=132707, regioncalls=10997240, ndraw=40, logz=-7.55, remainder_fraction=3.1118%, Lmin=-0.29, Lmax=-0.04
18:21:37 [ultranest] [DEBUG] iteration=4311, ncalls=132856, regioncalls=11006160, ndraw=40, logz=-7.55, remainder_fraction=3.1050%, Lmin=-0.29, Lmax=-0.04
18:21:38 [ultranest] [DEBUG] iteration=4312, ncalls=132889, regioncalls=11007760, ndraw=40, logz=-7.55, remainder_fraction=3.0979%, Lmin=-0.29, Lmax=-0.04
18:21:38 [ultranest] [DEBUG] iteration=4313, ncalls=132935, regioncalls=11010240, ndraw=40, logz=-7.55, remainder_fraction=3.0904%, Lmin=-0.29, Lmax=-0.04
18:21:42 [ultranest] [DEBUG] iteration=4315, ncalls=133281, regioncalls=11031000, ndraw=40, logz=-7.55, remainder_fraction=3.0771%, Lmin=-0.29, Lmax=-0.04
18:21:44 [ultranest] [DEBUG] iteration=4316, ncalls=133416, regioncalls=11040680, ndraw=40, logz=-7.55, remainder_fraction=3.0694%, Lmin=-0.29, Lmax=-0.04
18:21:46 [ultranest] [DEBUG] iteration=4317, ncalls=133612, regioncalls=11051640, ndraw=40, logz=-7.55, remainder_fraction=3.0624%, Lmin=-0.28, Lmax=-0.04
18:21:46 [ultranest] [DEBUG] iteration=4318, ncalls=133659, regioncalls=11054960, ndraw=40, logz=-7.55, remainder_fraction=3.0552%, Lmin=-0.28, Lmax=-0.04
18:21:47 [ultranest] [DEBUG] iteration=4319, ncalls=133741, regioncalls=11061160, ndraw=40, logz=-7.55, remainder_fraction=3.0478%, Lmin=-0.28, Lmax=-0.04
18:21:47 [ultranest] [DEBUG] iteration=4320, ncalls=133756, regioncalls=11061960, ndraw=40, logz=-7.55, remainder_fraction=3.0405%, Lmin=-0.28, Lmax=-0.04
18:21:48 [ultranest] [DEBUG] iteration=4321, ncalls=133785, regioncalls=11064440, ndraw=40, logz=-7.55, remainder_fraction=3.0331%, Lmin=-0.28, Lmax=-0.04
18:21:48 [ultranest] [DEBUG] iteration=4322, ncalls=133848, regioncalls=11068840, ndraw=40, logz=-7.55, remainder_fraction=3.0258%, Lmin=-0.28, Lmax=-0.04
18:21:49 [ultranest] [DEBUG] iteration=4324, ncalls=133930, regioncalls=11073640, ndraw=40, logz=-7.55, remainder_fraction=3.0115%, Lmin=-0.28, Lmax=-0.04
18:21:50 [ultranest] [DEBUG] iteration=4325, ncalls=134077, regioncalls=11081400, ndraw=40, logz=-7.55, remainder_fraction=3.0044%, Lmin=-0.28, Lmax=-0.04
18:21:51 [ultranest] [DEBUG] iteration=4326, ncalls=134111, regioncalls=11083200, ndraw=40, logz=-7.55, remainder_fraction=2.9974%, Lmin=-0.28, Lmax=-0.04
18:21:52 [ultranest] [DEBUG] iteration=4327, ncalls=134218, regioncalls=11089360, ndraw=40, logz=-7.55, remainder_fraction=2.9901%, Lmin=-0.28, Lmax=-0.04
18:21:52 [ultranest] [DEBUG] iteration=4328, ncalls=134288, regioncalls=11093800, ndraw=40, logz=-7.55, remainder_fraction=2.9830%, Lmin=-0.28, Lmax=-0.04
18:21:53 [ultranest] [DEBUG] iteration=4329, ncalls=134379, regioncalls=11099840, ndraw=40, logz=-7.55, remainder_fraction=2.9762%, Lmin=-0.28, Lmax=-0.04
18:21:54 [ultranest] [DEBUG] iteration=4331, ncalls=134463, regioncalls=11105440, ndraw=40, logz=-7.55, remainder_fraction=2.9629%, Lmin=-0.28, Lmax=-0.04
18:21:54 [ultranest] [DEBUG] iteration=4332, ncalls=134526, regioncalls=11109840, ndraw=40, logz=-7.54, remainder_fraction=2.9557%, Lmin=-0.28, Lmax=-0.04
18:21:55 [ultranest] [DEBUG] iteration=4334, ncalls=134602, regioncalls=11114160, ndraw=40, logz=-7.54, remainder_fraction=2.9418%, Lmin=-0.28, Lmax=-0.04
18:21:55 [ultranest] [DEBUG] iteration=4335, ncalls=134662, regioncalls=11118040, ndraw=40, logz=-7.54, remainder_fraction=2.9353%, Lmin=-0.28, Lmax=-0.04
18:21:57 [ultranest] [DEBUG] iteration=4336, ncalls=134796, regioncalls=11125800, ndraw=40, logz=-7.54, remainder_fraction=2.9282%, Lmin=-0.28, Lmax=-0.04
18:21:57 [ultranest] [DEBUG] iteration=4337, ncalls=134832, regioncalls=11128040, ndraw=40, logz=-7.54, remainder_fraction=2.9218%, Lmin=-0.28, Lmax=-0.04
18:21:57 [ultranest] [DEBUG] iteration=4338, ncalls=134880, regioncalls=11130960, ndraw=40, logz=-7.54, remainder_fraction=2.9156%, Lmin=-0.28, Lmax=-0.04
18:21:58 [ultranest] [DEBUG] iteration=4339, ncalls=134906, regioncalls=11132600, ndraw=40, logz=-7.54, remainder_fraction=2.9090%, Lmin=-0.28, Lmax=-0.04
18:21:58 [ultranest] [DEBUG] iteration=4341, ncalls=134941, regioncalls=11134840, ndraw=40, logz=-7.54, remainder_fraction=2.8951%, Lmin=-0.28, Lmax=-0.04
18:21:58 [ultranest] [DEBUG] iteration=4342, ncalls=134958, regioncalls=11135720, ndraw=40, logz=-7.54, remainder_fraction=2.8886%, Lmin=-0.28, Lmax=-0.04
18:21:59 [ultranest] [DEBUG] iteration=4343, ncalls=135095, regioncalls=11143400, ndraw=40, logz=-7.54, remainder_fraction=2.8823%, Lmin=-0.28, Lmax=-0.04
18:22:01 [ultranest] [DEBUG] iteration=4344, ncalls=135293, regioncalls=11155840, ndraw=40, logz=-7.54, remainder_fraction=2.8755%, Lmin=-0.28, Lmax=-0.04
18:22:02 [ultranest] [DEBUG] iteration=4345, ncalls=135447, regioncalls=11165240, ndraw=40, logz=-7.54, remainder_fraction=2.8687%, Lmin=-0.28, Lmax=-0.04
18:22:04 [ultranest] [DEBUG] iteration=4346, ncalls=135608, regioncalls=11176000, ndraw=40, logz=-7.54, remainder_fraction=2.8620%, Lmin=-0.28, Lmax=-0.04
18:22:04 [ultranest] [DEBUG] iteration=4347, ncalls=135643, regioncalls=11178000, ndraw=40, logz=-7.54, remainder_fraction=2.8552%, Lmin=-0.28, Lmax=-0.04
18:22:05 [ultranest] [DEBUG] iteration=4348, ncalls=135762, regioncalls=11185720, ndraw=40, logz=-7.54, remainder_fraction=2.8487%, Lmin=-0.28, Lmax=-0.04
18:22:06 [ultranest] [DEBUG] iteration=4349, ncalls=135842, regioncalls=11189880, ndraw=40, logz=-7.54, remainder_fraction=2.8419%, Lmin=-0.28, Lmax=-0.04
18:22:07 [ultranest] [DEBUG] iteration=4351, ncalls=135922, regioncalls=11195240, ndraw=40, logz=-7.54, remainder_fraction=2.8287%, Lmin=-0.28, Lmax=-0.04
18:22:07 [ultranest] [DEBUG] iteration=4352, ncalls=135943, regioncalls=11197000, ndraw=40, logz=-7.54, remainder_fraction=2.8224%, Lmin=-0.28, Lmax=-0.04
18:22:07 [ultranest] [DEBUG] iteration=4353, ncalls=135981, regioncalls=11199080, ndraw=40, logz=-7.54, remainder_fraction=2.8156%, Lmin=-0.28, Lmax=-0.04
18:22:08 [ultranest] [DEBUG] iteration=4354, ncalls=136085, regioncalls=11208440, ndraw=40, logz=-7.54, remainder_fraction=2.8086%, Lmin=-0.28, Lmax=-0.04
18:22:09 [ultranest] [DEBUG] iteration=4355, ncalls=136174, regioncalls=11214800, ndraw=40, logz=-7.54, remainder_fraction=2.8025%, Lmin=-0.28, Lmax=-0.04
18:22:09 [ultranest] [DEBUG] iteration=4356, ncalls=136195, regioncalls=11216840, ndraw=40, logz=-7.54, remainder_fraction=2.7958%, Lmin=-0.28, Lmax=-0.04
18:22:10 [ultranest] [DEBUG] iteration=4357, ncalls=136250, regioncalls=11219840, ndraw=40, logz=-7.54, remainder_fraction=2.7890%, Lmin=-0.27, Lmax=-0.04
18:22:10 [ultranest] [DEBUG] iteration=4358, ncalls=136337, regioncalls=11225920, ndraw=40, logz=-7.54, remainder_fraction=2.7826%, Lmin=-0.27, Lmax=-0.04
18:22:11 [ultranest] [DEBUG] iteration=4359, ncalls=136431, regioncalls=11232880, ndraw=40, logz=-7.54, remainder_fraction=2.7761%, Lmin=-0.27, Lmax=-0.04
18:22:13 [ultranest] [DEBUG] iteration=4360, ncalls=136635, regioncalls=11246680, ndraw=40, logz=-7.54, remainder_fraction=2.7693%, Lmin=-0.27, Lmax=-0.04
18:22:14 [ultranest] [DEBUG] iteration=4361, ncalls=136677, regioncalls=11248640, ndraw=40, logz=-7.54, remainder_fraction=2.7630%, Lmin=-0.27, Lmax=-0.04
18:22:15 [ultranest] [DEBUG] iteration=4363, ncalls=136784, regioncalls=11255120, ndraw=40, logz=-7.54, remainder_fraction=2.7501%, Lmin=-0.27, Lmax=-0.04
18:22:16 [ultranest] [DEBUG] iteration=4364, ncalls=136895, regioncalls=11261680, ndraw=40, logz=-7.54, remainder_fraction=2.7438%, Lmin=-0.27, Lmax=-0.04
18:22:17 [ultranest] [DEBUG] iteration=4365, ncalls=137006, regioncalls=11269080, ndraw=40, logz=-7.54, remainder_fraction=2.7371%, Lmin=-0.27, Lmax=-0.04
18:22:18 [ultranest] [DEBUG] iteration=4366, ncalls=137016, regioncalls=11269720, ndraw=40, logz=-7.54, remainder_fraction=2.7304%, Lmin=-0.27, Lmax=-0.04
18:22:18 [ultranest] [DEBUG] iteration=4367, ncalls=137098, regioncalls=11274960, ndraw=40, logz=-7.54, remainder_fraction=2.7236%, Lmin=-0.27, Lmax=-0.04
18:22:19 [ultranest] [DEBUG] iteration=4368, ncalls=137146, regioncalls=11278520, ndraw=40, logz=-7.54, remainder_fraction=2.7170%, Lmin=-0.27, Lmax=-0.04
18:22:19 [ultranest] [DEBUG] iteration=4369, ncalls=137191, regioncalls=11282640, ndraw=40, logz=-7.54, remainder_fraction=2.7106%, Lmin=-0.27, Lmax=-0.04
18:22:21 [ultranest] [DEBUG] iteration=4370, ncalls=137300, regioncalls=11288720, ndraw=40, logz=-7.54, remainder_fraction=2.7045%, Lmin=-0.27, Lmax=-0.04
18:22:21 [ultranest] [DEBUG] iteration=4371, ncalls=137362, regioncalls=11292880, ndraw=40, logz=-7.54, remainder_fraction=2.6982%, Lmin=-0.27, Lmax=-0.04
18:22:22 [ultranest] [DEBUG] iteration=4372, ncalls=137434, regioncalls=11297760, ndraw=40, logz=-7.54, remainder_fraction=2.6915%, Lmin=-0.27, Lmax=-0.04
18:22:23 [ultranest] [DEBUG] iteration=4373, ncalls=137511, regioncalls=11302840, ndraw=40, logz=-7.54, remainder_fraction=2.6850%, Lmin=-0.27, Lmax=-0.04
18:22:24 [ultranest] [DEBUG] iteration=4375, ncalls=137638, regioncalls=11311480, ndraw=40, logz=-7.54, remainder_fraction=2.6731%, Lmin=-0.27, Lmax=-0.04
18:22:26 [ultranest] [DEBUG] iteration=4376, ncalls=137788, regioncalls=11320880, ndraw=40, logz=-7.54, remainder_fraction=2.6674%, Lmin=-0.27, Lmax=-0.04
18:22:27 [ultranest] [DEBUG] iteration=4377, ncalls=137837, regioncalls=11324720, ndraw=40, logz=-7.54, remainder_fraction=2.6611%, Lmin=-0.27, Lmax=-0.04
18:22:28 [ultranest] [DEBUG] iteration=4378, ncalls=137950, regioncalls=11332840, ndraw=40, logz=-7.54, remainder_fraction=2.6546%, Lmin=-0.27, Lmax=-0.04
18:22:28 [ultranest] [DEBUG] iteration=4379, ncalls=137985, regioncalls=11334960, ndraw=40, logz=-7.54, remainder_fraction=2.6482%, Lmin=-0.27, Lmax=-0.04
18:22:28 [ultranest] [DEBUG] iteration=4380, ncalls=137996, regioncalls=11335760, ndraw=40, logz=-7.54, remainder_fraction=2.6417%, Lmin=-0.27, Lmax=-0.04
18:22:30 [ultranest] [DEBUG] iteration=4381, ncalls=138185, regioncalls=11346680, ndraw=40, logz=-7.54, remainder_fraction=2.6359%, Lmin=-0.27, Lmax=-0.04
18:22:31 [ultranest] [DEBUG] iteration=4382, ncalls=138273, regioncalls=11353040, ndraw=40, logz=-7.54, remainder_fraction=2.6296%, Lmin=-0.27, Lmax=-0.04
18:22:31 [ultranest] [DEBUG] iteration=4383, ncalls=138338, regioncalls=11357880, ndraw=40, logz=-7.54, remainder_fraction=2.6233%, Lmin=-0.27, Lmax=-0.04
18:22:32 [ultranest] [DEBUG] iteration=4384, ncalls=138406, regioncalls=11363480, ndraw=40, logz=-7.54, remainder_fraction=2.6169%, Lmin=-0.27, Lmax=-0.04
18:22:33 [ultranest] [DEBUG] iteration=4385, ncalls=138575, regioncalls=11373240, ndraw=40, logz=-7.54, remainder_fraction=2.6105%, Lmin=-0.27, Lmax=-0.04
18:22:34 [ultranest] [DEBUG] iteration=4386, ncalls=138700, regioncalls=11380880, ndraw=40, logz=-7.54, remainder_fraction=2.6041%, Lmin=-0.27, Lmax=-0.04
18:22:36 [ultranest] [DEBUG] iteration=4387, ncalls=138813, regioncalls=11389520, ndraw=40, logz=-7.54, remainder_fraction=2.5977%, Lmin=-0.27, Lmax=-0.04
18:22:36 [ultranest] [DEBUG] iteration=4388, ncalls=138844, regioncalls=11391640, ndraw=40, logz=-7.54, remainder_fraction=2.5921%, Lmin=-0.27, Lmax=-0.04
18:22:36 [ultranest] [DEBUG] iteration=4389, ncalls=138871, regioncalls=11393080, ndraw=40, logz=-7.54, remainder_fraction=2.5859%, Lmin=-0.27, Lmax=-0.04
18:22:37 [ultranest] [DEBUG] iteration=4390, ncalls=138942, regioncalls=11397040, ndraw=40, logz=-7.54, remainder_fraction=2.5800%, Lmin=-0.27, Lmax=-0.04
18:22:37 [ultranest] [DEBUG] iteration=4391, ncalls=138970, regioncalls=11398480, ndraw=40, logz=-7.54, remainder_fraction=2.5744%, Lmin=-0.27, Lmax=-0.04
18:22:38 [ultranest] [DEBUG] iteration=4392, ncalls=139061, regioncalls=11404200, ndraw=40, logz=-7.54, remainder_fraction=2.5687%, Lmin=-0.26, Lmax=-0.04
18:22:40 [ultranest] [DEBUG] iteration=4394, ncalls=139282, regioncalls=11418000, ndraw=40, logz=-7.54, remainder_fraction=2.5574%, Lmin=-0.26, Lmax=-0.04
18:22:40 [ultranest] [DEBUG] iteration=4395, ncalls=139349, regioncalls=11423320, ndraw=40, logz=-7.54, remainder_fraction=2.5515%, Lmin=-0.26, Lmax=-0.04
18:22:42 [ultranest] [DEBUG] iteration=4397, ncalls=139479, regioncalls=11431680, ndraw=40, logz=-7.54, remainder_fraction=2.5394%, Lmin=-0.26, Lmax=-0.04
18:22:42 [ultranest] [DEBUG] iteration=4398, ncalls=139490, regioncalls=11432160, ndraw=40, logz=-7.54, remainder_fraction=2.5339%, Lmin=-0.26, Lmax=-0.04
18:22:43 [ultranest] [DEBUG] iteration=4399, ncalls=139661, regioncalls=11443320, ndraw=40, logz=-7.54, remainder_fraction=2.5280%, Lmin=-0.26, Lmax=-0.04
18:22:43 [ultranest] [DEBUG] iteration=4400, ncalls=139697, regioncalls=11445440, ndraw=40, logz=-7.54, remainder_fraction=2.5224%, Lmin=-0.26, Lmax=-0.04
18:22:44 [ultranest] [DEBUG] iteration=4401, ncalls=139809, regioncalls=11452120, ndraw=40, logz=-7.54, remainder_fraction=2.5167%, Lmin=-0.26, Lmax=-0.04
18:22:45 [ultranest] [DEBUG] iteration=4402, ncalls=139871, regioncalls=11455680, ndraw=40, logz=-7.54, remainder_fraction=2.5106%, Lmin=-0.26, Lmax=-0.04
18:22:45 [ultranest] [DEBUG] iteration=4403, ncalls=139923, regioncalls=11458600, ndraw=40, logz=-7.54, remainder_fraction=2.5050%, Lmin=-0.26, Lmax=-0.04
18:22:46 [ultranest] [DEBUG] iteration=4404, ncalls=140033, regioncalls=11465240, ndraw=40, logz=-7.54, remainder_fraction=2.4990%, Lmin=-0.26, Lmax=-0.04
18:22:48 [ultranest] [DEBUG] iteration=4406, ncalls=140183, regioncalls=11476160, ndraw=40, logz=-7.54, remainder_fraction=2.4876%, Lmin=-0.26, Lmax=-0.04
18:22:50 [ultranest] [DEBUG] iteration=4407, ncalls=140398, regioncalls=11490320, ndraw=40, logz=-7.54, remainder_fraction=2.4827%, Lmin=-0.26, Lmax=-0.04
18:22:50 [ultranest] [DEBUG] iteration=4408, ncalls=140415, regioncalls=11491800, ndraw=40, logz=-7.54, remainder_fraction=2.4766%, Lmin=-0.26, Lmax=-0.04
18:22:52 [ultranest] [DEBUG] iteration=4409, ncalls=140706, regioncalls=11510480, ndraw=40, logz=-7.54, remainder_fraction=2.4707%, Lmin=-0.26, Lmax=-0.04
18:22:54 [ultranest] [DEBUG] iteration=4410, ncalls=140881, regioncalls=11521600, ndraw=40, logz=-7.54, remainder_fraction=2.4647%, Lmin=-0.26, Lmax=-0.04
18:22:55 [ultranest] [DEBUG] iteration=4411, ncalls=140958, regioncalls=11525680, ndraw=40, logz=-7.54, remainder_fraction=2.4592%, Lmin=-0.26, Lmax=-0.04
18:22:55 [ultranest] [DEBUG] iteration=4412, ncalls=140996, regioncalls=11527720, ndraw=40, logz=-7.54, remainder_fraction=2.4540%, Lmin=-0.26, Lmax=-0.04
18:22:55 [ultranest] [DEBUG] iteration=4413, ncalls=141012, regioncalls=11529040, ndraw=40, logz=-7.54, remainder_fraction=2.4482%, Lmin=-0.26, Lmax=-0.04
18:22:56 [ultranest] [DEBUG] iteration=4414, ncalls=141043, regioncalls=11531840, ndraw=40, logz=-7.54, remainder_fraction=2.4422%, Lmin=-0.26, Lmax=-0.04
18:22:56 [ultranest] [DEBUG] iteration=4415, ncalls=141082, regioncalls=11534160, ndraw=40, logz=-7.54, remainder_fraction=2.4364%, Lmin=-0.26, Lmax=-0.04
18:22:58 [ultranest] [DEBUG] iteration=4417, ncalls=141304, regioncalls=11546920, ndraw=40, logz=-7.54, remainder_fraction=2.4253%, Lmin=-0.26, Lmax=-0.04
18:22:59 [ultranest] [DEBUG] iteration=4419, ncalls=141357, regioncalls=11551040, ndraw=40, logz=-7.54, remainder_fraction=2.4137%, Lmin=-0.26, Lmax=-0.04
18:22:59 [ultranest] [DEBUG] iteration=4420, ncalls=141439, regioncalls=11556520, ndraw=40, logz=-7.54, remainder_fraction=2.4083%, Lmin=-0.26, Lmax=-0.04
18:23:00 [ultranest] [DEBUG] iteration=4421, ncalls=141494, regioncalls=11560680, ndraw=40, logz=-7.54, remainder_fraction=2.4028%, Lmin=-0.26, Lmax=-0.04
18:23:01 [ultranest] [DEBUG] iteration=4422, ncalls=141542, regioncalls=11564120, ndraw=40, logz=-7.54, remainder_fraction=2.3974%, Lmin=-0.26, Lmax=-0.04
18:23:01 [ultranest] [DEBUG] iteration=4423, ncalls=141613, regioncalls=11569040, ndraw=40, logz=-7.54, remainder_fraction=2.3915%, Lmin=-0.26, Lmax=-0.04
18:23:04 [ultranest] [DEBUG] iteration=4424, ncalls=141954, regioncalls=11591640, ndraw=40, logz=-7.54, remainder_fraction=2.3859%, Lmin=-0.26, Lmax=-0.04
18:23:04 [ultranest] [DEBUG] iteration=4425, ncalls=141968, regioncalls=11592720, ndraw=40, logz=-7.54, remainder_fraction=2.3802%, Lmin=-0.26, Lmax=-0.04
18:23:06 [ultranest] [DEBUG] iteration=4426, ncalls=142088, regioncalls=11599880, ndraw=40, logz=-7.54, remainder_fraction=2.3754%, Lmin=-0.26, Lmax=-0.04
18:23:06 [ultranest] [DEBUG] iteration=4427, ncalls=142158, regioncalls=11604120, ndraw=40, logz=-7.54, remainder_fraction=2.3698%, Lmin=-0.26, Lmax=-0.04
18:23:07 [ultranest] [DEBUG] iteration=4428, ncalls=142204, regioncalls=11607640, ndraw=40, logz=-7.54, remainder_fraction=2.3647%, Lmin=-0.26, Lmax=-0.04
18:23:11 [ultranest] [DEBUG] iteration=4429, ncalls=142671, regioncalls=11639400, ndraw=40, logz=-7.54, remainder_fraction=2.3590%, Lmin=-0.26, Lmax=-0.04
18:23:11 [ultranest] [DEBUG] iteration=4430, ncalls=142703, regioncalls=11641440, ndraw=40, logz=-7.54, remainder_fraction=2.3535%, Lmin=-0.26, Lmax=-0.04
18:23:12 [ultranest] [DEBUG] iteration=4431, ncalls=142769, regioncalls=11645680, ndraw=40, logz=-7.54, remainder_fraction=2.3478%, Lmin=-0.26, Lmax=-0.04
18:23:12 [ultranest] [DEBUG] iteration=4432, ncalls=142793, regioncalls=11647760, ndraw=40, logz=-7.54, remainder_fraction=2.3420%, Lmin=-0.26, Lmax=-0.04
18:23:13 [ultranest] [DEBUG] iteration=4433, ncalls=142963, regioncalls=11658600, ndraw=40, logz=-7.54, remainder_fraction=2.3362%, Lmin=-0.26, Lmax=-0.04
18:23:14 [ultranest] [DEBUG] iteration=4434, ncalls=143017, regioncalls=11661840, ndraw=40, logz=-7.54, remainder_fraction=2.3308%, Lmin=-0.26, Lmax=-0.04
18:23:14 [ultranest] [DEBUG] iteration=4435, ncalls=143029, regioncalls=11662600, ndraw=40, logz=-7.54, remainder_fraction=2.3252%, Lmin=-0.25, Lmax=-0.04
18:23:14 [ultranest] [DEBUG] iteration=4436, ncalls=143064, regioncalls=11665400, ndraw=40, logz=-7.54, remainder_fraction=2.3200%, Lmin=-0.25, Lmax=-0.04
18:23:15 [ultranest] [DEBUG] iteration=4437, ncalls=143078, regioncalls=11666440, ndraw=40, logz=-7.54, remainder_fraction=2.3144%, Lmin=-0.25, Lmax=-0.04
18:23:15 [ultranest] [DEBUG] iteration=4438, ncalls=143130, regioncalls=11669720, ndraw=40, logz=-7.54, remainder_fraction=2.3088%, Lmin=-0.25, Lmax=-0.04
18:23:15 [ultranest] [DEBUG] iteration=4439, ncalls=143180, regioncalls=11673160, ndraw=40, logz=-7.54, remainder_fraction=2.3039%, Lmin=-0.25, Lmax=-0.04
18:23:19 [ultranest] [DEBUG] iteration=4440, ncalls=143598, regioncalls=11703120, ndraw=40, logz=-7.54, remainder_fraction=2.2986%, Lmin=-0.25, Lmax=-0.04
18:23:19 [ultranest] [DEBUG] iteration=4441, ncalls=143621, regioncalls=11704760, ndraw=40, logz=-7.54, remainder_fraction=2.2936%, Lmin=-0.25, Lmax=-0.04
18:23:20 [ultranest] [DEBUG] iteration=4442, ncalls=143724, regioncalls=11710160, ndraw=40, logz=-7.54, remainder_fraction=2.2881%, Lmin=-0.25, Lmax=-0.04
18:23:21 [ultranest] [DEBUG] iteration=4443, ncalls=143757, regioncalls=11711840, ndraw=40, logz=-7.54, remainder_fraction=2.2825%, Lmin=-0.25, Lmax=-0.04
18:23:21 [ultranest] [DEBUG] iteration=4444, ncalls=143829, regioncalls=11716400, ndraw=40, logz=-7.54, remainder_fraction=2.2776%, Lmin=-0.25, Lmax=-0.04
18:23:22 [ultranest] [DEBUG] iteration=4445, ncalls=143856, regioncalls=11718120, ndraw=40, logz=-7.54, remainder_fraction=2.2725%, Lmin=-0.25, Lmax=-0.04
18:23:22 [ultranest] [DEBUG] iteration=4446, ncalls=143953, regioncalls=11724760, ndraw=40, logz=-7.54, remainder_fraction=2.2671%, Lmin=-0.25, Lmax=-0.04
18:23:23 [ultranest] [DEBUG] iteration=4447, ncalls=143989, regioncalls=11726680, ndraw=40, logz=-7.54, remainder_fraction=2.2619%, Lmin=-0.25, Lmax=-0.04
18:23:27 [ultranest] [DEBUG] iteration=4448, ncalls=144408, regioncalls=11752080, ndraw=40, logz=-7.54, remainder_fraction=2.2568%, Lmin=-0.25, Lmax=-0.04
18:23:27 [ultranest] [DEBUG] iteration=4449, ncalls=144472, regioncalls=11755800, ndraw=40, logz=-7.54, remainder_fraction=2.2514%, Lmin=-0.25, Lmax=-0.04
18:23:29 [ultranest] [DEBUG] iteration=4450, ncalls=144665, regioncalls=11768880, ndraw=40, logz=-7.54, remainder_fraction=2.2462%, Lmin=-0.25, Lmax=-0.04
18:23:29 [ultranest] [DEBUG] iteration=4452, ncalls=144694, regioncalls=11770360, ndraw=40, logz=-7.54, remainder_fraction=2.2354%, Lmin=-0.25, Lmax=-0.04
18:23:32 [ultranest] [DEBUG] iteration=4453, ncalls=144948, regioncalls=11788280, ndraw=40, logz=-7.54, remainder_fraction=2.2305%, Lmin=-0.25, Lmax=-0.04
18:23:33 [ultranest] [DEBUG] iteration=4454, ncalls=145056, regioncalls=11795960, ndraw=40, logz=-7.54, remainder_fraction=2.2254%, Lmin=-0.25, Lmax=-0.04
18:23:33 [ultranest] [DEBUG] iteration=4455, ncalls=145114, regioncalls=11799400, ndraw=40, logz=-7.54, remainder_fraction=2.2199%, Lmin=-0.25, Lmax=-0.04
18:23:35 [ultranest] [DEBUG] iteration=4456, ncalls=145300, regioncalls=11812160, ndraw=40, logz=-7.54, remainder_fraction=2.2150%, Lmin=-0.25, Lmax=-0.04
18:23:35 [ultranest] [DEBUG] iteration=4457, ncalls=145362, regioncalls=11815320, ndraw=40, logz=-7.54, remainder_fraction=2.2097%, Lmin=-0.25, Lmax=-0.04
18:23:36 [ultranest] [DEBUG] iteration=4458, ncalls=145398, regioncalls=11818040, ndraw=40, logz=-7.54, remainder_fraction=2.2044%, Lmin=-0.25, Lmax=-0.04
18:23:36 [ultranest] [DEBUG] iteration=4459, ncalls=145471, regioncalls=11822440, ndraw=40, logz=-7.54, remainder_fraction=2.1994%, Lmin=-0.25, Lmax=-0.04
18:23:37 [ultranest] [DEBUG] iteration=4461, ncalls=145507, regioncalls=11824760, ndraw=40, logz=-7.54, remainder_fraction=2.1887%, Lmin=-0.25, Lmax=-0.04
18:23:38 [ultranest] [DEBUG] iteration=4462, ncalls=145680, regioncalls=11834640, ndraw=40, logz=-7.54, remainder_fraction=2.1835%, Lmin=-0.25, Lmax=-0.04
18:23:41 [ultranest] [DEBUG] iteration=4463, ncalls=145995, regioncalls=11854200, ndraw=40, logz=-7.54, remainder_fraction=2.1781%, Lmin=-0.25, Lmax=-0.04
18:23:42 [ultranest] [DEBUG] iteration=4464, ncalls=146088, regioncalls=11860280, ndraw=40, logz=-7.54, remainder_fraction=2.1728%, Lmin=-0.25, Lmax=-0.04
18:23:42 [ultranest] [DEBUG] iteration=4465, ncalls=146113, regioncalls=11861360, ndraw=40, logz=-7.54, remainder_fraction=2.1675%, Lmin=-0.25, Lmax=-0.04
18:23:42 [ultranest] [DEBUG] iteration=4466, ncalls=146131, regioncalls=11862680, ndraw=40, logz=-7.54, remainder_fraction=2.1623%, Lmin=-0.25, Lmax=-0.04
18:23:43 [ultranest] [DEBUG] iteration=4467, ncalls=146164, regioncalls=11864840, ndraw=40, logz=-7.54, remainder_fraction=2.1574%, Lmin=-0.25, Lmax=-0.04
18:23:43 [ultranest] [DEBUG] iteration=4468, ncalls=146223, regioncalls=11868680, ndraw=40, logz=-7.54, remainder_fraction=2.1522%, Lmin=-0.25, Lmax=-0.04
18:23:43 [ultranest] [DEBUG] iteration=4469, ncalls=146238, regioncalls=11869680, ndraw=40, logz=-7.54, remainder_fraction=2.1472%, Lmin=-0.24, Lmax=-0.04
18:23:44 [ultranest] [DEBUG] iteration=4470, ncalls=146341, regioncalls=11876920, ndraw=40, logz=-7.54, remainder_fraction=2.1419%, Lmin=-0.24, Lmax=-0.04
18:23:45 [ultranest] [DEBUG] iteration=4471, ncalls=146384, regioncalls=11880000, ndraw=40, logz=-7.54, remainder_fraction=2.1366%, Lmin=-0.24, Lmax=-0.04
18:23:45 [ultranest] [DEBUG] iteration=4473, ncalls=146421, regioncalls=11882440, ndraw=40, logz=-7.54, remainder_fraction=2.1262%, Lmin=-0.24, Lmax=-0.04
18:23:46 [ultranest] [DEBUG] iteration=4474, ncalls=146565, regioncalls=11892520, ndraw=40, logz=-7.54, remainder_fraction=2.1213%, Lmin=-0.24, Lmax=-0.04
18:23:46 [ultranest] [DEBUG] iteration=4475, ncalls=146579, regioncalls=11893400, ndraw=40, logz=-7.54, remainder_fraction=2.1164%, Lmin=-0.24, Lmax=-0.04
18:23:47 [ultranest] [DEBUG] iteration=4476, ncalls=146658, regioncalls=11897520, ndraw=40, logz=-7.54, remainder_fraction=2.1115%, Lmin=-0.24, Lmax=-0.04
18:23:47 [ultranest] [DEBUG] iteration=4477, ncalls=146689, regioncalls=11898960, ndraw=40, logz=-7.54, remainder_fraction=2.1064%, Lmin=-0.24, Lmax=-0.04
18:23:48 [ultranest] [DEBUG] iteration=4478, ncalls=146727, regioncalls=11900880, ndraw=40, logz=-7.54, remainder_fraction=2.1013%, Lmin=-0.24, Lmax=-0.04
18:23:48 [ultranest] [DEBUG] iteration=4479, ncalls=146785, regioncalls=11905000, ndraw=40, logz=-7.54, remainder_fraction=2.0962%, Lmin=-0.24, Lmax=-0.04
18:23:49 [ultranest] [DEBUG] iteration=4480, ncalls=146861, regioncalls=11910400, ndraw=40, logz=-7.54, remainder_fraction=2.0911%, Lmin=-0.24, Lmax=-0.04
18:23:52 [ultranest] [DEBUG] iteration=4482, ncalls=147197, regioncalls=11931320, ndraw=40, logz=-7.54, remainder_fraction=2.0811%, Lmin=-0.24, Lmax=-0.04
18:23:52 [ultranest] [DEBUG] iteration=4483, ncalls=147220, regioncalls=11933000, ndraw=40, logz=-7.54, remainder_fraction=2.0766%, Lmin=-0.24, Lmax=-0.04
18:23:53 [ultranest] [DEBUG] iteration=4484, ncalls=147333, regioncalls=11939680, ndraw=40, logz=-7.54, remainder_fraction=2.0718%, Lmin=-0.24, Lmax=-0.04
18:23:54 [ultranest] [DEBUG] iteration=4486, ncalls=147410, regioncalls=11943480, ndraw=40, logz=-7.54, remainder_fraction=2.0615%, Lmin=-0.24, Lmax=-0.04
18:23:55 [ultranest] [DEBUG] iteration=4487, ncalls=147484, regioncalls=11949080, ndraw=40, logz=-7.54, remainder_fraction=2.0566%, Lmin=-0.24, Lmax=-0.04
18:23:56 [ultranest] [DEBUG] iteration=4489, ncalls=147645, regioncalls=11961240, ndraw=40, logz=-7.54, remainder_fraction=2.0469%, Lmin=-0.24, Lmax=-0.04
18:23:57 [ultranest] [DEBUG] iteration=4490, ncalls=147739, regioncalls=11967480, ndraw=40, logz=-7.54, remainder_fraction=2.0419%, Lmin=-0.24, Lmax=-0.04
18:23:57 [ultranest] [DEBUG] iteration=4491, ncalls=147757, regioncalls=11968440, ndraw=40, logz=-7.54, remainder_fraction=2.0373%, Lmin=-0.24, Lmax=-0.04
18:23:57 [ultranest] [DEBUG] iteration=4492, ncalls=147786, regioncalls=11970400, ndraw=40, logz=-7.54, remainder_fraction=2.0323%, Lmin=-0.24, Lmax=-0.04
18:23:59 [ultranest] [DEBUG] iteration=4493, ncalls=147978, regioncalls=11983600, ndraw=40, logz=-7.54, remainder_fraction=2.0273%, Lmin=-0.24, Lmax=-0.04
18:24:00 [ultranest] [DEBUG] iteration=4494, ncalls=148104, regioncalls=11991880, ndraw=40, logz=-7.54, remainder_fraction=2.0224%, Lmin=-0.24, Lmax=-0.04
18:24:00 [ultranest] [DEBUG] iteration=4495, ncalls=148116, regioncalls=11992640, ndraw=40, logz=-7.54, remainder_fraction=2.0174%, Lmin=-0.24, Lmax=-0.04
18:24:01 [ultranest] [DEBUG] iteration=4496, ncalls=148180, regioncalls=11996800, ndraw=40, logz=-7.54, remainder_fraction=2.0127%, Lmin=-0.24, Lmax=-0.04
18:24:04 [ultranest] [DEBUG] iteration=4498, ncalls=148532, regioncalls=12019440, ndraw=40, logz=-7.54, remainder_fraction=2.0034%, Lmin=-0.24, Lmax=-0.04
18:24:06 [ultranest] [DEBUG] iteration=4499, ncalls=148724, regioncalls=12030520, ndraw=40, logz=-7.54, remainder_fraction=1.9984%, Lmin=-0.24, Lmax=-0.04
18:24:06 [ultranest] [DEBUG] iteration=4500, ncalls=148730, regioncalls=12030880, ndraw=40, logz=-7.54, remainder_fraction=1.9939%, Lmin=-0.24, Lmax=-0.04
18:24:08 [ultranest] [DEBUG] iteration=4501, ncalls=148930, regioncalls=12044080, ndraw=40, logz=-7.54, remainder_fraction=1.9892%, Lmin=-0.24, Lmax=-0.04
18:24:08 [ultranest] [DEBUG] iteration=4502, ncalls=148998, regioncalls=12049080, ndraw=40, logz=-7.54, remainder_fraction=1.9847%, Lmin=-0.24, Lmax=-0.04
18:24:08 [ultranest] [DEBUG] iteration=4504, ncalls=149029, regioncalls=12051160, ndraw=40, logz=-7.53, remainder_fraction=1.9749%, Lmin=-0.24, Lmax=-0.04
18:24:09 [ultranest] [DEBUG] iteration=4505, ncalls=149096, regioncalls=12055640, ndraw=40, logz=-7.53, remainder_fraction=1.9703%, Lmin=-0.24, Lmax=-0.04
18:24:10 [ultranest] [DEBUG] iteration=4506, ncalls=149212, regioncalls=12063960, ndraw=40, logz=-7.53, remainder_fraction=1.9658%, Lmin=-0.24, Lmax=-0.04
18:24:14 [ultranest] [DEBUG] iteration=4508, ncalls=149636, regioncalls=12091360, ndraw=40, logz=-7.53, remainder_fraction=1.9565%, Lmin=-0.24, Lmax=-0.04
18:24:15 [ultranest] [DEBUG] iteration=4509, ncalls=149734, regioncalls=12096920, ndraw=40, logz=-7.53, remainder_fraction=1.9520%, Lmin=-0.24, Lmax=-0.04
18:24:15 [ultranest] [DEBUG] iteration=4510, ncalls=149784, regioncalls=12100520, ndraw=40, logz=-7.53, remainder_fraction=1.9473%, Lmin=-0.24, Lmax=-0.04
18:24:16 [ultranest] [DEBUG] iteration=4511, ncalls=149857, regioncalls=12105640, ndraw=40, logz=-7.53, remainder_fraction=1.9427%, Lmin=-0.24, Lmax=-0.04
18:24:16 [ultranest] [DEBUG] iteration=4512, ncalls=149889, regioncalls=12107400, ndraw=40, logz=-7.53, remainder_fraction=1.9380%, Lmin=-0.24, Lmax=-0.04
18:24:17 [ultranest] [DEBUG] iteration=4513, ncalls=150017, regioncalls=12115640, ndraw=40, logz=-7.53, remainder_fraction=1.9338%, Lmin=-0.24, Lmax=-0.04
18:24:17 [ultranest] [DEBUG] iteration=4514, ncalls=150037, regioncalls=12117240, ndraw=40, logz=-7.53, remainder_fraction=1.9292%, Lmin=-0.24, Lmax=-0.04
18:24:18 [ultranest] [DEBUG] iteration=4515, ncalls=150056, regioncalls=12118120, ndraw=40, logz=-7.53, remainder_fraction=1.9252%, Lmin=-0.24, Lmax=-0.04
18:24:20 [ultranest] [DEBUG] iteration=4516, ncalls=150285, regioncalls=12132760, ndraw=40, logz=-7.53, remainder_fraction=1.9206%, Lmin=-0.24, Lmax=-0.04
18:24:20 [ultranest] [DEBUG] iteration=4517, ncalls=150300, regioncalls=12134120, ndraw=40, logz=-7.53, remainder_fraction=1.9159%, Lmin=-0.23, Lmax=-0.04
18:24:22 [ultranest] [DEBUG] iteration=4518, ncalls=150571, regioncalls=12150800, ndraw=40, logz=-7.53, remainder_fraction=1.9115%, Lmin=-0.23, Lmax=-0.04
18:24:23 [ultranest] [DEBUG] iteration=4519, ncalls=150682, regioncalls=12158080, ndraw=40, logz=-7.53, remainder_fraction=1.9068%, Lmin=-0.23, Lmax=-0.04
18:24:24 [ultranest] [DEBUG] iteration=4520, ncalls=150762, regioncalls=12164240, ndraw=40, logz=-7.53, remainder_fraction=1.9022%, Lmin=-0.23, Lmax=-0.04
18:24:25 [ultranest] [DEBUG] iteration=4521, ncalls=150909, regioncalls=12174080, ndraw=40, logz=-7.53, remainder_fraction=1.8977%, Lmin=-0.23, Lmax=-0.04
18:24:25 [ultranest] [DEBUG] iteration=4522, ncalls=150926, regioncalls=12174840, ndraw=40, logz=-7.53, remainder_fraction=1.8930%, Lmin=-0.23, Lmax=-0.04
18:24:27 [ultranest] [DEBUG] iteration=4523, ncalls=151084, regioncalls=12185480, ndraw=40, logz=-7.53, remainder_fraction=1.8886%, Lmin=-0.23, Lmax=-0.04
18:24:28 [ultranest] [DEBUG] iteration=4524, ncalls=151243, regioncalls=12196760, ndraw=40, logz=-7.53, remainder_fraction=1.8842%, Lmin=-0.23, Lmax=-0.04
18:24:29 [ultranest] [DEBUG] iteration=4525, ncalls=151278, regioncalls=12198640, ndraw=40, logz=-7.53, remainder_fraction=1.8800%, Lmin=-0.23, Lmax=-0.04
18:24:30 [ultranest] [DEBUG] iteration=4526, ncalls=151429, regioncalls=12208960, ndraw=40, logz=-7.53, remainder_fraction=1.8757%, Lmin=-0.23, Lmax=-0.04
18:24:30 [ultranest] [DEBUG] iteration=4527, ncalls=151442, regioncalls=12209560, ndraw=40, logz=-7.53, remainder_fraction=1.8711%, Lmin=-0.23, Lmax=-0.04
18:24:30 [ultranest] [DEBUG] iteration=4528, ncalls=151461, regioncalls=12210600, ndraw=40, logz=-7.53, remainder_fraction=1.8666%, Lmin=-0.23, Lmax=-0.04
18:24:32 [ultranest] [DEBUG] iteration=4529, ncalls=151631, regioncalls=12224000, ndraw=40, logz=-7.53, remainder_fraction=1.8624%, Lmin=-0.23, Lmax=-0.04
18:24:35 [ultranest] [DEBUG] iteration=4531, ncalls=151972, regioncalls=12246200, ndraw=40, logz=-7.53, remainder_fraction=1.8535%, Lmin=-0.23, Lmax=-0.04
18:24:37 [ultranest] [DEBUG] iteration=4532, ncalls=152206, regioncalls=12265440, ndraw=40, logz=-7.53, remainder_fraction=1.8490%, Lmin=-0.23, Lmax=-0.04
18:24:39 [ultranest] [DEBUG] iteration=4533, ncalls=152403, regioncalls=12277800, ndraw=40, logz=-7.53, remainder_fraction=1.8450%, Lmin=-0.23, Lmax=-0.04
18:24:39 [ultranest] [DEBUG] iteration=4534, ncalls=152474, regioncalls=12282840, ndraw=40, logz=-7.53, remainder_fraction=1.8408%, Lmin=-0.23, Lmax=-0.04
18:24:42 [ultranest] [DEBUG] iteration=4535, ncalls=152765, regioncalls=12304280, ndraw=40, logz=-7.53, remainder_fraction=1.8367%, Lmin=-0.23, Lmax=-0.04
18:24:43 [ultranest] [DEBUG] iteration=4536, ncalls=152881, regioncalls=12311160, ndraw=40, logz=-7.53, remainder_fraction=1.8325%, Lmin=-0.23, Lmax=-0.04
18:24:43 [ultranest] [DEBUG] iteration=4537, ncalls=152920, regioncalls=12314280, ndraw=40, logz=-7.53, remainder_fraction=1.8281%, Lmin=-0.23, Lmax=-0.04
18:24:45 [ultranest] [DEBUG] iteration=4538, ncalls=153097, regioncalls=12325280, ndraw=40, logz=-7.53, remainder_fraction=1.8240%, Lmin=-0.23, Lmax=-0.04
18:24:47 [ultranest] [DEBUG] iteration=4539, ncalls=153290, regioncalls=12338040, ndraw=40, logz=-7.53, remainder_fraction=1.8198%, Lmin=-0.23, Lmax=-0.04
18:24:48 [ultranest] [DEBUG] iteration=4540, ncalls=153401, regioncalls=12345360, ndraw=40, logz=-7.53, remainder_fraction=1.8157%, Lmin=-0.23, Lmax=-0.04
18:24:48 [ultranest] [DEBUG] iteration=4541, ncalls=153412, regioncalls=12346040, ndraw=40, logz=-7.53, remainder_fraction=1.8116%, Lmin=-0.23, Lmax=-0.04
18:24:50 [ultranest] [DEBUG] iteration=4542, ncalls=153607, regioncalls=12360600, ndraw=40, logz=-7.53, remainder_fraction=1.8073%, Lmin=-0.23, Lmax=-0.04
18:24:51 [ultranest] [DEBUG] iteration=4543, ncalls=153704, regioncalls=12366600, ndraw=40, logz=-7.53, remainder_fraction=1.8028%, Lmin=-0.23, Lmax=-0.04
18:24:51 [ultranest] [DEBUG] iteration=4544, ncalls=153754, regioncalls=12370160, ndraw=40, logz=-7.53, remainder_fraction=1.7983%, Lmin=-0.23, Lmax=-0.04
18:24:52 [ultranest] [DEBUG] iteration=4545, ncalls=153844, regioncalls=12375720, ndraw=40, logz=-7.53, remainder_fraction=1.7942%, Lmin=-0.23, Lmax=-0.04
18:24:53 [ultranest] [DEBUG] iteration=4546, ncalls=153947, regioncalls=12382400, ndraw=40, logz=-7.53, remainder_fraction=1.7901%, Lmin=-0.23, Lmax=-0.04
18:24:53 [ultranest] [DEBUG] iteration=4547, ncalls=154011, regioncalls=12386840, ndraw=40, logz=-7.53, remainder_fraction=1.7857%, Lmin=-0.23, Lmax=-0.04
18:24:54 [ultranest] [DEBUG] iteration=4548, ncalls=154137, regioncalls=12395840, ndraw=40, logz=-7.53, remainder_fraction=1.7815%, Lmin=-0.23, Lmax=-0.04
18:24:55 [ultranest] [DEBUG] iteration=4549, ncalls=154250, regioncalls=12405200, ndraw=40, logz=-7.53, remainder_fraction=1.7772%, Lmin=-0.23, Lmax=-0.04
18:24:56 [ultranest] [DEBUG] iteration=4550, ncalls=154270, regioncalls=12406240, ndraw=40, logz=-7.53, remainder_fraction=1.7730%, Lmin=-0.23, Lmax=-0.04
18:24:56 [ultranest] [DEBUG] iteration=4551, ncalls=154341, regioncalls=12412000, ndraw=40, logz=-7.53, remainder_fraction=1.7690%, Lmin=-0.23, Lmax=-0.04
18:24:57 [ultranest] [DEBUG] iteration=4552, ncalls=154449, regioncalls=12418640, ndraw=40, logz=-7.53, remainder_fraction=1.7651%, Lmin=-0.23, Lmax=-0.04
18:24:59 [ultranest] [DEBUG] iteration=4553, ncalls=154643, regioncalls=12433400, ndraw=40, logz=-7.53, remainder_fraction=1.7607%, Lmin=-0.23, Lmax=-0.04
18:25:01 [ultranest] [DEBUG] iteration=4554, ncalls=154848, regioncalls=12448400, ndraw=40, logz=-7.53, remainder_fraction=1.7566%, Lmin=-0.23, Lmax=-0.04
18:25:04 [ultranest] [DEBUG] iteration=4556, ncalls=155232, regioncalls=12474880, ndraw=40, logz=-7.53, remainder_fraction=1.7481%, Lmin=-0.23, Lmax=-0.04
18:25:05 [ultranest] [DEBUG] iteration=4557, ncalls=155322, regioncalls=12481000, ndraw=40, logz=-7.53, remainder_fraction=1.7441%, Lmin=-0.23, Lmax=-0.04
18:25:06 [ultranest] [DEBUG] iteration=4558, ncalls=155384, regioncalls=12486640, ndraw=40, logz=-7.53, remainder_fraction=1.7403%, Lmin=-0.23, Lmax=-0.04
18:25:06 [ultranest] [DEBUG] iteration=4559, ncalls=155397, regioncalls=12487160, ndraw=40, logz=-7.53, remainder_fraction=1.7361%, Lmin=-0.23, Lmax=-0.04
18:25:07 [ultranest] [DEBUG] iteration=4560, ncalls=155478, regioncalls=12492520, ndraw=40, logz=-7.53, remainder_fraction=1.7318%, Lmin=-0.23, Lmax=-0.04
18:25:07 [ultranest] [DEBUG] iteration=4561, ncalls=155529, regioncalls=12496560, ndraw=40, logz=-7.53, remainder_fraction=1.7277%, Lmin=-0.23, Lmax=-0.04
18:25:07 [ultranest] [DEBUG] iteration=4562, ncalls=155577, regioncalls=12499240, ndraw=40, logz=-7.53, remainder_fraction=1.7237%, Lmin=-0.23, Lmax=-0.04
18:25:08 [ultranest] [DEBUG] iteration=4563, ncalls=155605, regioncalls=12502240, ndraw=40, logz=-7.53, remainder_fraction=1.7196%, Lmin=-0.23, Lmax=-0.04
18:25:09 [ultranest] [DEBUG] iteration=4564, ncalls=155718, regioncalls=12509240, ndraw=40, logz=-7.53, remainder_fraction=1.7157%, Lmin=-0.23, Lmax=-0.04
18:25:10 [ultranest] [DEBUG] iteration=4566, ncalls=155857, regioncalls=12518960, ndraw=40, logz=-7.53, remainder_fraction=1.7076%, Lmin=-0.23, Lmax=-0.04
18:25:10 [ultranest] [DEBUG] iteration=4567, ncalls=155875, regioncalls=12520480, ndraw=40, logz=-7.53, remainder_fraction=1.7036%, Lmin=-0.23, Lmax=-0.04
18:25:13 [ultranest] [DEBUG] iteration=4568, ncalls=156143, regioncalls=12537600, ndraw=40, logz=-7.53, remainder_fraction=1.6996%, Lmin=-0.22, Lmax=-0.04
18:25:13 [ultranest] [DEBUG] iteration=4570, ncalls=156192, regioncalls=12540480, ndraw=40, logz=-7.53, remainder_fraction=1.6915%, Lmin=-0.22, Lmax=-0.04
18:25:13 [ultranest] [DEBUG] iteration=4571, ncalls=156247, regioncalls=12543760, ndraw=40, logz=-7.53, remainder_fraction=1.6874%, Lmin=-0.22, Lmax=-0.04
18:25:14 [ultranest] [DEBUG] iteration=4572, ncalls=156329, regioncalls=12549480, ndraw=40, logz=-7.53, remainder_fraction=1.6837%, Lmin=-0.22, Lmax=-0.04
18:25:16 [ultranest] [DEBUG] iteration=4573, ncalls=156519, regioncalls=12563280, ndraw=40, logz=-7.53, remainder_fraction=1.6797%, Lmin=-0.22, Lmax=-0.04
18:25:17 [ultranest] [DEBUG] iteration=4575, ncalls=156589, regioncalls=12568320, ndraw=40, logz=-7.53, remainder_fraction=1.6719%, Lmin=-0.22, Lmax=-0.04
18:25:20 [ultranest] [DEBUG] iteration=4576, ncalls=156923, regioncalls=12591920, ndraw=40, logz=-7.53, remainder_fraction=1.6677%, Lmin=-0.22, Lmax=-0.04
18:25:20 [ultranest] [DEBUG] iteration=4577, ncalls=156962, regioncalls=12594600, ndraw=40, logz=-7.53, remainder_fraction=1.6636%, Lmin=-0.22, Lmax=-0.04
18:25:24 [ultranest] [DEBUG] iteration=4578, ncalls=157354, regioncalls=12620760, ndraw=40, logz=-7.53, remainder_fraction=1.6596%, Lmin=-0.22, Lmax=-0.04
18:25:29 [ultranest] [DEBUG] iteration=4579, ncalls=157794, regioncalls=12650800, ndraw=40, logz=-7.53, remainder_fraction=1.6556%, Lmin=-0.22, Lmax=-0.04
18:25:29 [ultranest] [DEBUG] iteration=4580, ncalls=157826, regioncalls=12653400, ndraw=40, logz=-7.53, remainder_fraction=1.6516%, Lmin=-0.22, Lmax=-0.04
18:25:31 [ultranest] [DEBUG] iteration=4581, ncalls=157994, regioncalls=12665800, ndraw=40, logz=-7.53, remainder_fraction=1.6477%, Lmin=-0.22, Lmax=-0.04
18:25:32 [ultranest] [DEBUG] iteration=4582, ncalls=158075, regioncalls=12671280, ndraw=40, logz=-7.53, remainder_fraction=1.6437%, Lmin=-0.22, Lmax=-0.04
18:25:33 [ultranest] [DEBUG] iteration=4583, ncalls=158119, regioncalls=12674160, ndraw=40, logz=-7.53, remainder_fraction=1.6400%, Lmin=-0.22, Lmax=-0.04
18:25:34 [ultranest] [DEBUG] iteration=4584, ncalls=158175, regioncalls=12678240, ndraw=40, logz=-7.53, remainder_fraction=1.6359%, Lmin=-0.22, Lmax=-0.04
18:25:34 [ultranest] [DEBUG] iteration=4585, ncalls=158197, regioncalls=12679760, ndraw=40, logz=-7.53, remainder_fraction=1.6319%, Lmin=-0.22, Lmax=-0.04
18:25:34 [ultranest] [DEBUG] iteration=4586, ncalls=158227, regioncalls=12682800, ndraw=40, logz=-7.53, remainder_fraction=1.6283%, Lmin=-0.22, Lmax=-0.04
18:25:35 [ultranest] [DEBUG] iteration=4588, ncalls=158270, regioncalls=12685280, ndraw=40, logz=-7.53, remainder_fraction=1.6206%, Lmin=-0.22, Lmax=-0.04
18:25:36 [ultranest] [DEBUG] iteration=4589, ncalls=158387, regioncalls=12694480, ndraw=40, logz=-7.53, remainder_fraction=1.6172%, Lmin=-0.22, Lmax=-0.04
18:25:36 [ultranest] [DEBUG] iteration=4591, ncalls=158407, regioncalls=12696080, ndraw=40, logz=-7.53, remainder_fraction=1.6098%, Lmin=-0.22, Lmax=-0.04
18:25:37 [ultranest] [DEBUG] iteration=4592, ncalls=158432, regioncalls=12697520, ndraw=40, logz=-7.53, remainder_fraction=1.6062%, Lmin=-0.22, Lmax=-0.04
18:25:37 [ultranest] [DEBUG] iteration=4593, ncalls=158457, regioncalls=12699200, ndraw=40, logz=-7.53, remainder_fraction=1.6023%, Lmin=-0.22, Lmax=-0.04
18:25:38 [ultranest] [DEBUG] iteration=4594, ncalls=158540, regioncalls=12705800, ndraw=40, logz=-7.53, remainder_fraction=1.5984%, Lmin=-0.22, Lmax=-0.04
18:25:39 [ultranest] [DEBUG] iteration=4597, ncalls=158651, regioncalls=12712960, ndraw=40, logz=-7.53, remainder_fraction=1.5870%, Lmin=-0.22, Lmax=-0.04
18:25:39 [ultranest] [DEBUG] iteration=4598, ncalls=158662, regioncalls=12713560, ndraw=40, logz=-7.53, remainder_fraction=1.5831%, Lmin=-0.22, Lmax=-0.04
18:25:39 [ultranest] [DEBUG] iteration=4599, ncalls=158679, regioncalls=12714720, ndraw=40, logz=-7.53, remainder_fraction=1.5792%, Lmin=-0.22, Lmax=-0.04
18:25:40 [ultranest] [DEBUG] iteration=4600, ncalls=158686, regioncalls=12715280, ndraw=40, logz=-7.53, remainder_fraction=1.5753%, Lmin=-0.22, Lmax=-0.04
18:25:40 [ultranest] [DEBUG] iteration=4601, ncalls=158751, regioncalls=12718960, ndraw=40, logz=-7.53, remainder_fraction=1.5715%, Lmin=-0.22, Lmax=-0.04
18:25:41 [ultranest] [DEBUG] iteration=4602, ncalls=158844, regioncalls=12725800, ndraw=40, logz=-7.53, remainder_fraction=1.5679%, Lmin=-0.22, Lmax=-0.04
18:25:42 [ultranest] [DEBUG] iteration=4603, ncalls=158914, regioncalls=12730240, ndraw=40, logz=-7.53, remainder_fraction=1.5646%, Lmin=-0.22, Lmax=-0.04
18:25:43 [ultranest] [DEBUG] iteration=4604, ncalls=158967, regioncalls=12734120, ndraw=40, logz=-7.53, remainder_fraction=1.5607%, Lmin=-0.22, Lmax=-0.04
18:25:44 [ultranest] [DEBUG] iteration=4605, ncalls=159068, regioncalls=12740480, ndraw=40, logz=-7.53, remainder_fraction=1.5569%, Lmin=-0.22, Lmax=-0.04
18:25:46 [ultranest] [DEBUG] iteration=4606, ncalls=159235, regioncalls=12750960, ndraw=40, logz=-7.53, remainder_fraction=1.5535%, Lmin=-0.22, Lmax=-0.04
18:25:46 [ultranest] [DEBUG] iteration=4607, ncalls=159263, regioncalls=12752680, ndraw=40, logz=-7.53, remainder_fraction=1.5500%, Lmin=-0.22, Lmax=-0.04
18:25:47 [ultranest] [DEBUG] iteration=4608, ncalls=159349, regioncalls=12757640, ndraw=40, logz=-7.53, remainder_fraction=1.5462%, Lmin=-0.22, Lmax=-0.04
18:25:48 [ultranest] [DEBUG] iteration=4609, ncalls=159446, regioncalls=12764920, ndraw=40, logz=-7.53, remainder_fraction=1.5426%, Lmin=-0.22, Lmax=-0.04
18:25:51 [ultranest] [DEBUG] iteration=4610, ncalls=159671, regioncalls=12779960, ndraw=40, logz=-7.53, remainder_fraction=1.5390%, Lmin=-0.22, Lmax=-0.04
18:25:53 [ultranest] [DEBUG] iteration=4611, ncalls=159809, regioncalls=12790120, ndraw=40, logz=-7.53, remainder_fraction=1.5352%, Lmin=-0.22, Lmax=-0.04
18:25:53 [ultranest] [DEBUG] iteration=4612, ncalls=159852, regioncalls=12792960, ndraw=40, logz=-7.53, remainder_fraction=1.5315%, Lmin=-0.22, Lmax=-0.04
18:25:55 [ultranest] [DEBUG] iteration=4613, ncalls=160007, regioncalls=12804480, ndraw=40, logz=-7.53, remainder_fraction=1.5281%, Lmin=-0.22, Lmax=-0.04
18:25:55 [ultranest] [DEBUG] iteration=4614, ncalls=160031, regioncalls=12805560, ndraw=40, logz=-7.53, remainder_fraction=1.5244%, Lmin=-0.22, Lmax=-0.04
18:25:57 [ultranest] [DEBUG] iteration=4616, ncalls=160215, regioncalls=12818200, ndraw=40, logz=-7.53, remainder_fraction=1.5173%, Lmin=-0.22, Lmax=-0.04
18:26:00 [ultranest] [DEBUG] iteration=4617, ncalls=160398, regioncalls=12830200, ndraw=40, logz=-7.53, remainder_fraction=1.5136%, Lmin=-0.22, Lmax=-0.04
18:26:02 [ultranest] [DEBUG] iteration=4618, ncalls=160536, regioncalls=12838560, ndraw=40, logz=-7.53, remainder_fraction=1.5101%, Lmin=-0.22, Lmax=-0.04
18:26:02 [ultranest] [DEBUG] iteration=4619, ncalls=160583, regioncalls=12842080, ndraw=40, logz=-7.53, remainder_fraction=1.5065%, Lmin=-0.22, Lmax=-0.04
18:26:04 [ultranest] [DEBUG] iteration=4620, ncalls=160724, regioncalls=12851160, ndraw=40, logz=-7.53, remainder_fraction=1.5028%, Lmin=-0.22, Lmax=-0.04
18:26:05 [ultranest] [DEBUG] iteration=4621, ncalls=160809, regioncalls=12857600, ndraw=40, logz=-7.53, remainder_fraction=1.4994%, Lmin=-0.22, Lmax=-0.04
18:26:05 [ultranest] [DEBUG] iteration=4622, ncalls=160829, regioncalls=12859200, ndraw=40, logz=-7.53, remainder_fraction=1.4960%, Lmin=-0.22, Lmax=-0.04
18:26:07 [ultranest] [DEBUG] iteration=4623, ncalls=161012, regioncalls=12872040, ndraw=40, logz=-7.53, remainder_fraction=1.4922%, Lmin=-0.22, Lmax=-0.04
18:26:07 [ultranest] [DEBUG] iteration=4624, ncalls=161052, regioncalls=12874840, ndraw=40, logz=-7.53, remainder_fraction=1.4887%, Lmin=-0.22, Lmax=-0.04
18:26:08 [ultranest] [DEBUG] iteration=4625, ncalls=161076, regioncalls=12876360, ndraw=40, logz=-7.53, remainder_fraction=1.4850%, Lmin=-0.21, Lmax=-0.04
18:26:09 [ultranest] [DEBUG] iteration=4626, ncalls=161200, regioncalls=12883960, ndraw=40, logz=-7.53, remainder_fraction=1.4816%, Lmin=-0.21, Lmax=-0.04
18:26:11 [ultranest] [DEBUG] iteration=4627, ncalls=161328, regioncalls=12893000, ndraw=40, logz=-7.53, remainder_fraction=1.4783%, Lmin=-0.21, Lmax=-0.04
18:26:11 [ultranest] [DEBUG] iteration=4628, ncalls=161341, regioncalls=12893920, ndraw=40, logz=-7.53, remainder_fraction=1.4750%, Lmin=-0.21, Lmax=-0.04
18:26:11 [ultranest] [DEBUG] iteration=4629, ncalls=161362, regioncalls=12895160, ndraw=40, logz=-7.53, remainder_fraction=1.4716%, Lmin=-0.21, Lmax=-0.04
18:26:13 [ultranest] [DEBUG] iteration=4630, ncalls=161545, regioncalls=12907040, ndraw=40, logz=-7.53, remainder_fraction=1.4681%, Lmin=-0.21, Lmax=-0.04
18:26:15 [ultranest] [DEBUG] iteration=4631, ncalls=161705, regioncalls=12918880, ndraw=40, logz=-7.53, remainder_fraction=1.4647%, Lmin=-0.21, Lmax=-0.04
18:26:16 [ultranest] [DEBUG] iteration=4632, ncalls=161768, regioncalls=12923840, ndraw=40, logz=-7.53, remainder_fraction=1.4611%, Lmin=-0.21, Lmax=-0.04
18:26:19 [ultranest] [DEBUG] iteration=4633, ncalls=162002, regioncalls=12940640, ndraw=40, logz=-7.53, remainder_fraction=1.4575%, Lmin=-0.21, Lmax=-0.04
18:26:20 [ultranest] [DEBUG] iteration=4634, ncalls=162133, regioncalls=12950360, ndraw=40, logz=-7.53, remainder_fraction=1.4543%, Lmin=-0.21, Lmax=-0.04
18:26:20 [ultranest] [DEBUG] iteration=4635, ncalls=162150, regioncalls=12951840, ndraw=40, logz=-7.53, remainder_fraction=1.4510%, Lmin=-0.21, Lmax=-0.04
18:26:22 [ultranest] [DEBUG] iteration=4636, ncalls=162273, regioncalls=12959640, ndraw=40, logz=-7.53, remainder_fraction=1.4475%, Lmin=-0.21, Lmax=-0.04
18:26:24 [ultranest] [DEBUG] iteration=4637, ncalls=162473, regioncalls=12974560, ndraw=40, logz=-7.53, remainder_fraction=1.4442%, Lmin=-0.21, Lmax=-0.04
18:26:24 [ultranest] [DEBUG] iteration=4638, ncalls=162505, regioncalls=12976080, ndraw=40, logz=-7.53, remainder_fraction=1.4406%, Lmin=-0.21, Lmax=-0.04
18:26:26 [ultranest] [DEBUG] iteration=4639, ncalls=162604, regioncalls=12983800, ndraw=40, logz=-7.53, remainder_fraction=1.4371%, Lmin=-0.21, Lmax=-0.04
18:26:27 [ultranest] [DEBUG] iteration=4640, ncalls=162683, regioncalls=12988360, ndraw=40, logz=-7.53, remainder_fraction=1.4336%, Lmin=-0.21, Lmax=-0.04
18:26:27 [ultranest] [DEBUG] iteration=4641, ncalls=162708, regioncalls=12990000, ndraw=40, logz=-7.53, remainder_fraction=1.4302%, Lmin=-0.21, Lmax=-0.04
18:26:31 [ultranest] [DEBUG] iteration=4642, ncalls=163042, regioncalls=13011440, ndraw=40, logz=-7.53, remainder_fraction=1.4267%, Lmin=-0.21, Lmax=-0.04
18:26:34 [ultranest] [DEBUG] iteration=4643, ncalls=163335, regioncalls=13029840, ndraw=40, logz=-7.53, remainder_fraction=1.4237%, Lmin=-0.21, Lmax=-0.04
18:26:38 [ultranest] [DEBUG] iteration=4644, ncalls=163765, regioncalls=13061520, ndraw=40, logz=-7.53, remainder_fraction=1.4202%, Lmin=-0.21, Lmax=-0.04
18:26:38 [ultranest] [DEBUG] iteration=4645, ncalls=163815, regioncalls=13064760, ndraw=40, logz=-7.53, remainder_fraction=1.4171%, Lmin=-0.21, Lmax=-0.04
18:26:39 [ultranest] [DEBUG] iteration=4646, ncalls=163867, regioncalls=13068480, ndraw=40, logz=-7.53, remainder_fraction=1.4139%, Lmin=-0.21, Lmax=-0.04
18:26:39 [ultranest] [DEBUG] iteration=4647, ncalls=163927, regioncalls=13073680, ndraw=40, logz=-7.53, remainder_fraction=1.4105%, Lmin=-0.21, Lmax=-0.04
18:26:41 [ultranest] [DEBUG] iteration=4648, ncalls=164073, regioncalls=13083960, ndraw=40, logz=-7.53, remainder_fraction=1.4073%, Lmin=-0.21, Lmax=-0.04
18:26:41 [ultranest] [DEBUG] iteration=4649, ncalls=164110, regioncalls=13086600, ndraw=40, logz=-7.53, remainder_fraction=1.4042%, Lmin=-0.21, Lmax=-0.03
18:26:44 [ultranest] [DEBUG] iteration=4650, ncalls=164449, regioncalls=13109080, ndraw=40, logz=-7.53, remainder_fraction=1.4007%, Lmin=-0.21, Lmax=-0.03
18:26:44 [ultranest] [DEBUG] iteration=4651, ncalls=164468, regioncalls=13109840, ndraw=40, logz=-7.53, remainder_fraction=1.3978%, Lmin=-0.21, Lmax=-0.03
18:26:46 [ultranest] [DEBUG] iteration=4652, ncalls=164637, regioncalls=13121440, ndraw=40, logz=-7.53, remainder_fraction=1.3944%, Lmin=-0.21, Lmax=-0.03
18:26:47 [ultranest] [DEBUG] iteration=4653, ncalls=164805, regioncalls=13134280, ndraw=40, logz=-7.53, remainder_fraction=1.3910%, Lmin=-0.21, Lmax=-0.03
18:26:48 [ultranest] [DEBUG] iteration=4654, ncalls=164935, regioncalls=13144240, ndraw=40, logz=-7.53, remainder_fraction=1.3876%, Lmin=-0.21, Lmax=-0.03
18:26:49 [ultranest] [DEBUG] iteration=4656, ncalls=164999, regioncalls=13148640, ndraw=40, logz=-7.53, remainder_fraction=1.3810%, Lmin=-0.21, Lmax=-0.03
18:26:51 [ultranest] [DEBUG] iteration=4657, ncalls=165181, regioncalls=13163120, ndraw=40, logz=-7.53, remainder_fraction=1.3778%, Lmin=-0.21, Lmax=-0.03
18:26:53 [ultranest] [DEBUG] iteration=4658, ncalls=165399, regioncalls=13178000, ndraw=40, logz=-7.53, remainder_fraction=1.3743%, Lmin=-0.21, Lmax=-0.03
18:26:55 [ultranest] [DEBUG] iteration=4659, ncalls=165681, regioncalls=13196560, ndraw=40, logz=-7.53, remainder_fraction=1.3710%, Lmin=-0.21, Lmax=-0.03
18:26:56 [ultranest] [DEBUG] iteration=4660, ncalls=165762, regioncalls=13201880, ndraw=40, logz=-7.53, remainder_fraction=1.3676%, Lmin=-0.21, Lmax=-0.03
18:26:58 [ultranest] [DEBUG] iteration=4661, ncalls=165981, regioncalls=13217320, ndraw=40, logz=-7.53, remainder_fraction=1.3642%, Lmin=-0.21, Lmax=-0.03
18:26:58 [ultranest] [DEBUG] iteration=4662, ncalls=166048, regioncalls=13222480, ndraw=40, logz=-7.53, remainder_fraction=1.3613%, Lmin=-0.21, Lmax=-0.03
18:27:00 [ultranest] [DEBUG] iteration=4663, ncalls=166194, regioncalls=13233880, ndraw=40, logz=-7.53, remainder_fraction=1.3580%, Lmin=-0.21, Lmax=-0.03
18:27:00 [ultranest] [DEBUG] iteration=4664, ncalls=166236, regioncalls=13236840, ndraw=40, logz=-7.53, remainder_fraction=1.3547%, Lmin=-0.20, Lmax=-0.03
18:27:02 [ultranest] [DEBUG] iteration=4665, ncalls=166428, regioncalls=13247840, ndraw=40, logz=-7.53, remainder_fraction=1.3517%, Lmin=-0.20, Lmax=-0.03
18:27:02 [ultranest] [DEBUG] iteration=4666, ncalls=166450, regioncalls=13249040, ndraw=40, logz=-7.53, remainder_fraction=1.3484%, Lmin=-0.20, Lmax=-0.03
18:27:02 [ultranest] [DEBUG] iteration=4667, ncalls=166465, regioncalls=13249760, ndraw=40, logz=-7.53, remainder_fraction=1.3452%, Lmin=-0.20, Lmax=-0.03
18:27:04 [ultranest] [DEBUG] iteration=4668, ncalls=166724, regioncalls=13266840, ndraw=40, logz=-7.53, remainder_fraction=1.3419%, Lmin=-0.20, Lmax=-0.03
18:27:05 [ultranest] [DEBUG] iteration=4669, ncalls=166745, regioncalls=13268120, ndraw=40, logz=-7.53, remainder_fraction=1.3386%, Lmin=-0.20, Lmax=-0.03
18:27:08 [ultranest] [DEBUG] iteration=4670, ncalls=167129, regioncalls=13293960, ndraw=40, logz=-7.53, remainder_fraction=1.3355%, Lmin=-0.20, Lmax=-0.03
18:27:11 [ultranest] [DEBUG] iteration=4671, ncalls=167429, regioncalls=13317680, ndraw=40, logz=-7.53, remainder_fraction=1.3324%, Lmin=-0.20, Lmax=-0.03
18:27:11 [ultranest] [DEBUG] iteration=4672, ncalls=167475, regioncalls=13320240, ndraw=40, logz=-7.53, remainder_fraction=1.3292%, Lmin=-0.20, Lmax=-0.03
18:27:12 [ultranest] [DEBUG] iteration=4673, ncalls=167539, regioncalls=13324200, ndraw=40, logz=-7.53, remainder_fraction=1.3259%, Lmin=-0.20, Lmax=-0.03
18:27:13 [ultranest] [DEBUG] iteration=4675, ncalls=167630, regioncalls=13331000, ndraw=40, logz=-7.53, remainder_fraction=1.3194%, Lmin=-0.20, Lmax=-0.03
18:27:13 [ultranest] [DEBUG] iteration=4676, ncalls=167651, regioncalls=13333240, ndraw=40, logz=-7.53, remainder_fraction=1.3162%, Lmin=-0.20, Lmax=-0.03
18:27:16 [ultranest] [DEBUG] iteration=4677, ncalls=167955, regioncalls=13353000, ndraw=40, logz=-7.53, remainder_fraction=1.3130%, Lmin=-0.20, Lmax=-0.03
18:27:20 [ultranest] [DEBUG] iteration=4678, ncalls=168483, regioncalls=13389520, ndraw=40, logz=-7.53, remainder_fraction=1.3099%, Lmin=-0.20, Lmax=-0.03
18:27:20 [ultranest] [DEBUG] iteration=4679, ncalls=168513, regioncalls=13391480, ndraw=40, logz=-7.53, remainder_fraction=1.3068%, Lmin=-0.20, Lmax=-0.03
18:27:22 [ultranest] [DEBUG] iteration=4680, ncalls=168687, regioncalls=13404120, ndraw=40, logz=-7.53, remainder_fraction=1.3036%, Lmin=-0.20, Lmax=-0.03
18:27:22 [ultranest] [DEBUG] iteration=4681, ncalls=168708, regioncalls=13405640, ndraw=40, logz=-7.53, remainder_fraction=1.3005%, Lmin=-0.20, Lmax=-0.03
18:27:24 [ultranest] [DEBUG] iteration=4682, ncalls=168885, regioncalls=13418200, ndraw=40, logz=-7.53, remainder_fraction=1.2973%, Lmin=-0.20, Lmax=-0.03
18:27:24 [ultranest] [DEBUG] iteration=4683, ncalls=168919, regioncalls=13420560, ndraw=40, logz=-7.53, remainder_fraction=1.2941%, Lmin=-0.20, Lmax=-0.03
18:27:25 [ultranest] [DEBUG] iteration=4684, ncalls=168984, regioncalls=13425000, ndraw=40, logz=-7.53, remainder_fraction=1.2909%, Lmin=-0.20, Lmax=-0.03
18:27:25 [ultranest] [DEBUG] iteration=4685, ncalls=168995, regioncalls=13426080, ndraw=40, logz=-7.53, remainder_fraction=1.2878%, Lmin=-0.20, Lmax=-0.03
18:27:25 [ultranest] [DEBUG] iteration=4686, ncalls=169022, regioncalls=13428120, ndraw=40, logz=-7.53, remainder_fraction=1.2846%, Lmin=-0.20, Lmax=-0.03
18:27:26 [ultranest] [DEBUG] iteration=4687, ncalls=169137, regioncalls=13436040, ndraw=40, logz=-7.53, remainder_fraction=1.2817%, Lmin=-0.20, Lmax=-0.03
18:27:27 [ultranest] [DEBUG] iteration=4688, ncalls=169246, regioncalls=13442360, ndraw=40, logz=-7.53, remainder_fraction=1.2787%, Lmin=-0.20, Lmax=-0.03
18:27:28 [ultranest] [DEBUG] iteration=4689, ncalls=169313, regioncalls=13447160, ndraw=40, logz=-7.53, remainder_fraction=1.2758%, Lmin=-0.20, Lmax=-0.03
18:27:28 [ultranest] [DEBUG] iteration=4690, ncalls=169332, regioncalls=13449320, ndraw=40, logz=-7.53, remainder_fraction=1.2726%, Lmin=-0.20, Lmax=-0.03
18:27:29 [ultranest] [DEBUG] iteration=4691, ncalls=169403, regioncalls=13454000, ndraw=40, logz=-7.53, remainder_fraction=1.2696%, Lmin=-0.20, Lmax=-0.03
18:27:29 [ultranest] [DEBUG] iteration=4692, ncalls=169484, regioncalls=13460040, ndraw=40, logz=-7.53, remainder_fraction=1.2666%, Lmin=-0.20, Lmax=-0.03
18:27:30 [ultranest] [DEBUG] iteration=4693, ncalls=169518, regioncalls=13462480, ndraw=40, logz=-7.53, remainder_fraction=1.2635%, Lmin=-0.20, Lmax=-0.03
18:27:33 [ultranest] [DEBUG] iteration=4694, ncalls=169939, regioncalls=13491920, ndraw=40, logz=-7.53, remainder_fraction=1.2606%, Lmin=-0.20, Lmax=-0.03
18:27:36 [ultranest] [DEBUG] iteration=4695, ncalls=170175, regioncalls=13508120, ndraw=40, logz=-7.53, remainder_fraction=1.2575%, Lmin=-0.20, Lmax=-0.03
18:27:36 [ultranest] [DEBUG] iteration=4696, ncalls=170196, regioncalls=13509480, ndraw=40, logz=-7.53, remainder_fraction=1.2544%, Lmin=-0.20, Lmax=-0.03
18:27:37 [ultranest] [DEBUG] iteration=4697, ncalls=170377, regioncalls=13521880, ndraw=40, logz=-7.53, remainder_fraction=1.2514%, Lmin=-0.20, Lmax=-0.03
18:27:44 [ultranest] [DEBUG] iteration=4698, ncalls=171115, regioncalls=13576760, ndraw=40, logz=-7.53, remainder_fraction=1.2486%, Lmin=-0.20, Lmax=-0.03
18:27:45 [ultranest] [DEBUG] iteration=4699, ncalls=171206, regioncalls=13582280, ndraw=40, logz=-7.53, remainder_fraction=1.2456%, Lmin=-0.20, Lmax=-0.03
18:27:47 [ultranest] [DEBUG] iteration=4700, ncalls=171390, regioncalls=13596000, ndraw=40, logz=-7.53, remainder_fraction=1.2425%, Lmin=-0.20, Lmax=-0.03
18:27:49 [ultranest] [DEBUG] iteration=4701, ncalls=171700, regioncalls=13618480, ndraw=40, logz=-7.53, remainder_fraction=1.2395%, Lmin=-0.20, Lmax=-0.03
18:27:51 [ultranest] [DEBUG] iteration=4702, ncalls=171859, regioncalls=13629000, ndraw=40, logz=-7.53, remainder_fraction=1.2365%, Lmin=-0.20, Lmax=-0.03
18:27:52 [ultranest] [DEBUG] iteration=4703, ncalls=172034, regioncalls=13642360, ndraw=40, logz=-7.53, remainder_fraction=1.2335%, Lmin=-0.20, Lmax=-0.03
18:27:53 [ultranest] [DEBUG] iteration=4704, ncalls=172076, regioncalls=13645720, ndraw=40, logz=-7.53, remainder_fraction=1.2306%, Lmin=-0.20, Lmax=-0.03
18:27:54 [ultranest] [DEBUG] iteration=4705, ncalls=172230, regioncalls=13656560, ndraw=40, logz=-7.53, remainder_fraction=1.2277%, Lmin=-0.20, Lmax=-0.03
18:27:55 [ultranest] [DEBUG] iteration=4706, ncalls=172282, regioncalls=13659520, ndraw=40, logz=-7.53, remainder_fraction=1.2248%, Lmin=-0.20, Lmax=-0.03
18:27:55 [ultranest] [DEBUG] iteration=4707, ncalls=172321, regioncalls=13662040, ndraw=40, logz=-7.53, remainder_fraction=1.2219%, Lmin=-0.20, Lmax=-0.03
18:27:56 [ultranest] [DEBUG] iteration=4708, ncalls=172383, regioncalls=13665800, ndraw=40, logz=-7.53, remainder_fraction=1.2190%, Lmin=-0.20, Lmax=-0.03
18:27:59 [ultranest] [DEBUG] iteration=4709, ncalls=172649, regioncalls=13684760, ndraw=40, logz=-7.53, remainder_fraction=1.2162%, Lmin=-0.20, Lmax=-0.03
18:27:59 [ultranest] [DEBUG] iteration=4710, ncalls=172698, regioncalls=13688400, ndraw=40, logz=-7.53, remainder_fraction=1.2133%, Lmin=-0.20, Lmax=-0.03
18:27:59 [ultranest] [DEBUG] iteration=4711, ncalls=172737, regioncalls=13691080, ndraw=40, logz=-7.53, remainder_fraction=1.2105%, Lmin=-0.20, Lmax=-0.03
18:28:03 [ultranest] [DEBUG] iteration=4712, ncalls=173055, regioncalls=13713480, ndraw=40, logz=-7.53, remainder_fraction=1.2076%, Lmin=-0.20, Lmax=-0.03
18:28:04 [ultranest] [DEBUG] iteration=4713, ncalls=173219, regioncalls=13723400, ndraw=40, logz=-7.53, remainder_fraction=1.2047%, Lmin=-0.20, Lmax=-0.03
18:28:06 [ultranest] [DEBUG] iteration=4714, ncalls=173371, regioncalls=13734080, ndraw=40, logz=-7.53, remainder_fraction=1.2020%, Lmin=-0.20, Lmax=-0.03
18:28:10 [ultranest] [DEBUG] iteration=4715, ncalls=173750, regioncalls=13759480, ndraw=40, logz=-7.53, remainder_fraction=1.1993%, Lmin=-0.19, Lmax=-0.03
18:28:11 [ultranest] [DEBUG] iteration=4716, ncalls=173854, regioncalls=13768040, ndraw=40, logz=-7.53, remainder_fraction=1.1965%, Lmin=-0.19, Lmax=-0.03
18:28:12 [ultranest] [DEBUG] iteration=4717, ncalls=174009, regioncalls=13778000, ndraw=40, logz=-7.53, remainder_fraction=1.1937%, Lmin=-0.19, Lmax=-0.03
18:28:12 [ultranest] [DEBUG] iteration=4718, ncalls=174029, regioncalls=13779480, ndraw=40, logz=-7.53, remainder_fraction=1.1908%, Lmin=-0.19, Lmax=-0.03
18:28:13 [ultranest] [DEBUG] iteration=4719, ncalls=174059, regioncalls=13781840, ndraw=40, logz=-7.53, remainder_fraction=1.1880%, Lmin=-0.19, Lmax=-0.03
18:28:14 [ultranest] [DEBUG] iteration=4720, ncalls=174160, regioncalls=13789480, ndraw=40, logz=-7.53, remainder_fraction=1.1852%, Lmin=-0.19, Lmax=-0.03
18:28:18 [ultranest] [DEBUG] iteration=4721, ncalls=174628, regioncalls=13820120, ndraw=40, logz=-7.53, remainder_fraction=1.1827%, Lmin=-0.19, Lmax=-0.03
18:28:23 [ultranest] [DEBUG] iteration=4722, ncalls=175159, regioncalls=13856080, ndraw=40, logz=-7.53, remainder_fraction=1.1798%, Lmin=-0.19, Lmax=-0.03
18:28:23 [ultranest] [DEBUG] iteration=4723, ncalls=175172, regioncalls=13856840, ndraw=40, logz=-7.53, remainder_fraction=1.1769%, Lmin=-0.19, Lmax=-0.03
18:28:24 [ultranest] [DEBUG] iteration=4724, ncalls=175252, regioncalls=13862040, ndraw=40, logz=-7.53, remainder_fraction=1.1742%, Lmin=-0.19, Lmax=-0.03
18:28:24 [ultranest] [DEBUG] iteration=4725, ncalls=175287, regioncalls=13864400, ndraw=40, logz=-7.53, remainder_fraction=1.1715%, Lmin=-0.19, Lmax=-0.03
18:28:25 [ultranest] [DEBUG] iteration=4726, ncalls=175409, regioncalls=13872240, ndraw=40, logz=-7.53, remainder_fraction=1.1689%, Lmin=-0.19, Lmax=-0.03
18:28:27 [ultranest] [DEBUG] iteration=4727, ncalls=175565, regioncalls=13883720, ndraw=40, logz=-7.53, remainder_fraction=1.1661%, Lmin=-0.19, Lmax=-0.03
18:28:27 [ultranest] [DEBUG] iteration=4728, ncalls=175584, regioncalls=13884880, ndraw=40, logz=-7.53, remainder_fraction=1.1633%, Lmin=-0.19, Lmax=-0.03
18:28:28 [ultranest] [DEBUG] iteration=4729, ncalls=175627, regioncalls=13887760, ndraw=40, logz=-7.53, remainder_fraction=1.1604%, Lmin=-0.19, Lmax=-0.03
18:28:28 [ultranest] [DEBUG] iteration=4730, ncalls=175640, regioncalls=13888960, ndraw=40, logz=-7.53, remainder_fraction=1.1576%, Lmin=-0.19, Lmax=-0.03
18:28:29 [ultranest] [DEBUG] iteration=4731, ncalls=175756, regioncalls=13897680, ndraw=40, logz=-7.53, remainder_fraction=1.1548%, Lmin=-0.19, Lmax=-0.03
18:28:30 [ultranest] [DEBUG] iteration=4733, ncalls=175901, regioncalls=13908080, ndraw=40, logz=-7.53, remainder_fraction=1.1493%, Lmin=-0.19, Lmax=-0.03
18:28:31 [ultranest] [DEBUG] iteration=4734, ncalls=175974, regioncalls=13913600, ndraw=40, logz=-7.53, remainder_fraction=1.1467%, Lmin=-0.19, Lmax=-0.03
18:28:33 [ultranest] [DEBUG] iteration=4735, ncalls=176217, regioncalls=13930240, ndraw=40, logz=-7.53, remainder_fraction=1.1439%, Lmin=-0.19, Lmax=-0.03
18:28:36 [ultranest] [DEBUG] iteration=4736, ncalls=176499, regioncalls=13951520, ndraw=40, logz=-7.53, remainder_fraction=1.1411%, Lmin=-0.19, Lmax=-0.03
18:28:37 [ultranest] [DEBUG] iteration=4737, ncalls=176608, regioncalls=13958600, ndraw=40, logz=-7.53, remainder_fraction=1.1383%, Lmin=-0.19, Lmax=-0.03
18:28:38 [ultranest] [DEBUG] iteration=4738, ncalls=176743, regioncalls=13969080, ndraw=40, logz=-7.53, remainder_fraction=1.1355%, Lmin=-0.19, Lmax=-0.03
18:28:40 [ultranest] [DEBUG] iteration=4739, ncalls=176884, regioncalls=13979560, ndraw=40, logz=-7.53, remainder_fraction=1.1329%, Lmin=-0.19, Lmax=-0.03
18:28:41 [ultranest] [DEBUG] iteration=4740, ncalls=177051, regioncalls=13991920, ndraw=40, logz=-7.53, remainder_fraction=1.1302%, Lmin=-0.19, Lmax=-0.03
18:28:47 [ultranest] [DEBUG] iteration=4741, ncalls=177466, regioncalls=14022600, ndraw=40, logz=-7.53, remainder_fraction=1.1276%, Lmin=-0.19, Lmax=-0.03
18:28:48 [ultranest] [DEBUG] iteration=4742, ncalls=177580, regioncalls=14031440, ndraw=40, logz=-7.53, remainder_fraction=1.1249%, Lmin=-0.19, Lmax=-0.03
18:28:49 [ultranest] [DEBUG] iteration=4743, ncalls=177705, regioncalls=14042600, ndraw=40, logz=-7.53, remainder_fraction=1.1224%, Lmin=-0.19, Lmax=-0.03
18:28:50 [ultranest] [DEBUG] iteration=4744, ncalls=177771, regioncalls=14048080, ndraw=40, logz=-7.53, remainder_fraction=1.1198%, Lmin=-0.19, Lmax=-0.03
18:28:52 [ultranest] [DEBUG] iteration=4745, ncalls=177895, regioncalls=14057720, ndraw=40, logz=-7.53, remainder_fraction=1.1172%, Lmin=-0.19, Lmax=-0.03
18:28:52 [ultranest] [DEBUG] iteration=4746, ncalls=177933, regioncalls=14060800, ndraw=40, logz=-7.53, remainder_fraction=1.1147%, Lmin=-0.19, Lmax=-0.03
18:28:53 [ultranest] [DEBUG] iteration=4747, ncalls=177993, regioncalls=14064720, ndraw=40, logz=-7.53, remainder_fraction=1.1121%, Lmin=-0.19, Lmax=-0.03
18:28:53 [ultranest] [DEBUG] iteration=4748, ncalls=178001, regioncalls=14065280, ndraw=40, logz=-7.53, remainder_fraction=1.1094%, Lmin=-0.19, Lmax=-0.03
18:28:53 [ultranest] [DEBUG] iteration=4749, ncalls=178014, regioncalls=14066280, ndraw=40, logz=-7.53, remainder_fraction=1.1066%, Lmin=-0.19, Lmax=-0.03
18:28:54 [ultranest] [DEBUG] iteration=4750, ncalls=178058, regioncalls=14069280, ndraw=40, logz=-7.53, remainder_fraction=1.1041%, Lmin=-0.19, Lmax=-0.03
18:28:55 [ultranest] [DEBUG] iteration=4751, ncalls=178135, regioncalls=14075600, ndraw=40, logz=-7.53, remainder_fraction=1.1013%, Lmin=-0.19, Lmax=-0.03
18:28:56 [ultranest] [DEBUG] iteration=4752, ncalls=178243, regioncalls=14084600, ndraw=40, logz=-7.53, remainder_fraction=1.0989%, Lmin=-0.19, Lmax=-0.03
18:28:57 [ultranest] [DEBUG] iteration=4753, ncalls=178328, regioncalls=14091280, ndraw=40, logz=-7.53, remainder_fraction=1.0963%, Lmin=-0.19, Lmax=-0.03
18:28:59 [ultranest] [DEBUG] iteration=4754, ncalls=178528, regioncalls=14104840, ndraw=40, logz=-7.53, remainder_fraction=1.0936%, Lmin=-0.19, Lmax=-0.03
18:29:02 [ultranest] [DEBUG] iteration=4755, ncalls=178766, regioncalls=14120080, ndraw=40, logz=-7.53, remainder_fraction=1.0909%, Lmin=-0.19, Lmax=-0.03
18:29:03 [ultranest] [DEBUG] iteration=4756, ncalls=178840, regioncalls=14126280, ndraw=40, logz=-7.53, remainder_fraction=1.0884%, Lmin=-0.19, Lmax=-0.03
18:29:03 [ultranest] [DEBUG] iteration=4757, ncalls=178868, regioncalls=14128200, ndraw=40, logz=-7.53, remainder_fraction=1.0857%, Lmin=-0.19, Lmax=-0.03
18:29:03 [ultranest] [DEBUG] iteration=4758, ncalls=178895, regioncalls=14130440, ndraw=40, logz=-7.53, remainder_fraction=1.0830%, Lmin=-0.19, Lmax=-0.03
18:29:04 [ultranest] [DEBUG] iteration=4759, ncalls=178940, regioncalls=14134320, ndraw=40, logz=-7.53, remainder_fraction=1.0805%, Lmin=-0.19, Lmax=-0.03
18:29:05 [ultranest] [DEBUG] iteration=4760, ncalls=179047, regioncalls=14142360, ndraw=40, logz=-7.53, remainder_fraction=1.0780%, Lmin=-0.19, Lmax=-0.03
18:29:06 [ultranest] [DEBUG] iteration=4761, ncalls=179139, regioncalls=14151360, ndraw=40, logz=-7.53, remainder_fraction=1.0754%, Lmin=-0.19, Lmax=-0.03
18:29:06 [ultranest] [DEBUG] iteration=4762, ncalls=179156, regioncalls=14152800, ndraw=40, logz=-7.53, remainder_fraction=1.0728%, Lmin=-0.19, Lmax=-0.03
18:29:07 [ultranest] [DEBUG] iteration=4763, ncalls=179247, regioncalls=14159080, ndraw=40, logz=-7.53, remainder_fraction=1.0702%, Lmin=-0.19, Lmax=-0.03
18:29:10 [ultranest] [DEBUG] iteration=4764, ncalls=179459, regioncalls=14174880, ndraw=40, logz=-7.53, remainder_fraction=1.0677%, Lmin=-0.19, Lmax=-0.03
18:29:15 [ultranest] [DEBUG] iteration=4765, ncalls=179956, regioncalls=14209960, ndraw=40, logz=-7.53, remainder_fraction=1.0651%, Lmin=-0.19, Lmax=-0.03
18:29:16 [ultranest] [DEBUG] iteration=4766, ncalls=180044, regioncalls=14215960, ndraw=40, logz=-7.53, remainder_fraction=1.0627%, Lmin=-0.19, Lmax=-0.03
18:29:23 [ultranest] [DEBUG] iteration=4767, ncalls=180650, regioncalls=14261080, ndraw=40, logz=-7.53, remainder_fraction=1.0602%, Lmin=-0.19, Lmax=-0.03
18:29:23 [ultranest] [DEBUG] iteration=4768, ncalls=180675, regioncalls=14263080, ndraw=40, logz=-7.53, remainder_fraction=1.0578%, Lmin=-0.19, Lmax=-0.03
18:29:24 [ultranest] [DEBUG] iteration=4769, ncalls=180777, regioncalls=14269760, ndraw=40, logz=-7.53, remainder_fraction=1.0554%, Lmin=-0.19, Lmax=-0.03
18:29:24 [ultranest] [DEBUG] clustering found some stray points [need_accept=False] (array([1, 2]), array([399,   1]))
18:29:26 [ultranest] [DEBUG] iteration=4770, ncalls=180963, regioncalls=14283920, ndraw=40, logz=-7.53, remainder_fraction=1.0530%, Lmin=-0.19, Lmax=-0.03
18:29:27 [ultranest] [DEBUG] iteration=4771, ncalls=180989, regioncalls=14286280, ndraw=40, logz=-7.53, remainder_fraction=1.0505%, Lmin=-0.19, Lmax=-0.03
18:29:27 [ultranest] [DEBUG] iteration=4772, ncalls=181004, regioncalls=14287360, ndraw=40, logz=-7.53, remainder_fraction=1.0479%, Lmin=-0.19, Lmax=-0.03
18:29:28 [ultranest] [DEBUG] iteration=4773, ncalls=181119, regioncalls=14295720, ndraw=40, logz=-7.53, remainder_fraction=1.0454%, Lmin=-0.19, Lmax=-0.03
18:29:30 [ultranest] [DEBUG] iteration=4774, ncalls=181279, regioncalls=14308800, ndraw=40, logz=-7.53, remainder_fraction=1.0429%, Lmin=-0.19, Lmax=-0.03
18:29:41 [ultranest] [DEBUG] iteration=4775, ncalls=182196, regioncalls=14378520, ndraw=40, logz=-7.53, remainder_fraction=1.0404%, Lmin=-0.19, Lmax=-0.03
18:29:45 [ultranest] [DEBUG] iteration=4776, ncalls=182520, regioncalls=14402760, ndraw=40, logz=-7.53, remainder_fraction=1.0378%, Lmin=-0.19, Lmax=-0.03
18:29:46 [ultranest] [DEBUG] iteration=4777, ncalls=182608, regioncalls=14408760, ndraw=40, logz=-7.53, remainder_fraction=1.0354%, Lmin=-0.19, Lmax=-0.03
18:29:50 [ultranest] [DEBUG] iteration=4779, ncalls=182961, regioncalls=14436560, ndraw=40, logz=-7.53, remainder_fraction=1.0303%, Lmin=-0.19, Lmax=-0.03
18:29:51 [ultranest] [DEBUG] iteration=4780, ncalls=183021, regioncalls=14440320, ndraw=40, logz=-7.53, remainder_fraction=1.0278%, Lmin=-0.19, Lmax=-0.03
18:29:51 [ultranest] [DEBUG] iteration=4781, ncalls=183059, regioncalls=14442400, ndraw=40, logz=-7.53, remainder_fraction=1.0254%, Lmin=-0.19, Lmax=-0.03
18:29:54 [ultranest] [DEBUG] iteration=4782, ncalls=183348, regioncalls=14465960, ndraw=40, logz=-7.53, remainder_fraction=1.0231%, Lmin=-0.19, Lmax=-0.03
18:30:04 [ultranest] [DEBUG] iteration=4783, ncalls=184330, regioncalls=14537720, ndraw=40, logz=-7.53, remainder_fraction=1.0207%, Lmin=-0.19, Lmax=-0.03
18:30:06 [ultranest] [DEBUG] iteration=4784, ncalls=184479, regioncalls=14549920, ndraw=40, logz=-7.53, remainder_fraction=1.0183%, Lmin=-0.19, Lmax=-0.03
18:30:07 [ultranest] [DEBUG] iteration=4785, ncalls=184601, regioncalls=14560000, ndraw=40, logz=-7.53, remainder_fraction=1.0160%, Lmin=-0.19, Lmax=-0.03
18:30:08 [ultranest] [DEBUG] iteration=4786, ncalls=184658, regioncalls=14564200, ndraw=40, logz=-7.53, remainder_fraction=1.0136%, Lmin=-0.19, Lmax=-0.03
18:30:09 [ultranest] [DEBUG] iteration=4787, ncalls=184771, regioncalls=14573600, ndraw=40, logz=-7.53, remainder_fraction=1.0111%, Lmin=-0.19, Lmax=-0.03
18:30:10 [ultranest] [DEBUG] iteration=4788, ncalls=184853, regioncalls=14581120, ndraw=40, logz=-7.53, remainder_fraction=1.0088%, Lmin=-0.19, Lmax=-0.03
18:30:10 [ultranest] [DEBUG] iteration=4789, ncalls=184952, regioncalls=14588080, ndraw=40, logz=-7.53, remainder_fraction=1.0065%, Lmin=-0.19, Lmax=-0.03
18:30:11 [ultranest] [DEBUG] iteration=4790, ncalls=185029, regioncalls=14593040, ndraw=40, logz=-7.53, remainder_fraction=1.0041%, Lmin=-0.19, Lmax=-0.03
18:30:13 [ultranest] [DEBUG] iteration=4791, ncalls=185213, regioncalls=14606920, ndraw=40, logz=-7.53, remainder_fraction=1.0018%, Lmin=-0.19, Lmax=-0.03
18:30:13 [ultranest] [INFO] Explored until L=-0.03  
18:30:13 [ultranest] [INFO] Likelihood function evaluations: 185213
18:30:16 [ultranest] [INFO] Writing samples and results to disk ...
18:30:17 [ultranest] [INFO] Writing samples and results to disk ... done
18:30:17 [ultranest] [DEBUG] did a run_iter pass!
18:30:17 [ultranest] [INFO]   logZ = -7.484 +- 0.09506
18:30:17 [ultranest] [INFO] Effective samples strategy satisfied (ESS = 1917.1, need >400)
18:30:17 [ultranest] [INFO] Posterior uncertainty strategy is satisfied (KL: 0.46+-0.09 nat, need <0.50 nat)
18:30:17 [ultranest] [INFO] Evidency uncertainty strategy is satisfied (dlogz=0.10, need <0.5)
18:30:17 [ultranest] [INFO]   logZ error budget: single: 0.12 bs:0.10 tail:0.01 total:0.10 required:<0.50
18:30:17 [ultranest] [INFO] done iterating.
18:30:18 [ultranest] [DEBUG] Making corner plot ...
18:30:27 [ultranest] [DEBUG] Making corner plot ... done
18:30:27 [ultranest] [DEBUG] Making run plot ... 
18:30:29 [ultranest] [DEBUG] Making run plot ... done
18:30:29 [ultranest] [DEBUG] Making trace plot ... 
18:30:39 [ultranest] [DEBUG] Making trace plot ... done
18:30:39 [ultranest] [DEBUG] Making trace plot ... 
18:30:48 [ultranest] [DEBUG] Making trace plot ... done
18:30:48 [ultranest] [DEBUG] Making corner plot ...
18:30:57 [ultranest] [DEBUG] Making corner plot ... done
