8.547394086765773558e-02,1.690247997373358069e-01,1.050772647602887799e-01,2.490137480814032800e-01,3.561629464712894322e-01,5.259654121384083059e-01,1.485179501184870077e-01,1.870250246857516896e-01
7.437349970110292141e-02,2.072234746858533927e-01,3.102858519581105368e-01,2.737853651654406639e-01,2.980932595354575665e-01,8.115153385463631519e-01,2.944578552899908552e-01,1.859277438017653272e-01
4.417756354477991171e-02,1.949591310881691464e-01,2.501315762338438553e-01,3.299110525758259804e-01,3.417196459772018358e-01,5.219821403197288934e-01,1.364046180485859183e-01,1.863136268736331758e-01
2.053931781635208176e-01,9.187122112919985373e-01,2.180395714116412087e-01,1.866516180371982359e-01,1.578475874862232675e-01,8.844568234683469754e-01,6.422854234284198771e-01,1.873216474985342495e-01
5.298156186023838393e-02,1.402062105267328773e-01,1.711816768102989716e-01,3.079209409503607109e-01,3.516483271289177481e-01,5.188824160595996160e-01,3.974339933514471346e-01,1.846997289446727919e-01
8.547936327752354846e-02,3.937518955799330644e-01,3.475986666361116639e-01,2.939148935373420701e-01,2.600162445599860650e-01,7.631095583723247477e-01,2.744612870890668632e-01,1.855668249565909644e-01
1.502298206273797732e-01,7.516979610879308549e-01,2.437490707897901898e-01,2.657703138407321308e-01,1.602894913267141619e-01,7.720726101409961517e-01,5.130957476586803789e-01,1.868632142653069705e-01
7.666963849743413384e-02,1.482677543019533806e-02,1.074311062515252158e-01,2.199403119000011009e-01,3.993013246582922671e-01,5.716685362686866334e-01,2.652616471111701180e-01,1.855045347854142601e-01
1.190878085941206865e-01,5.523992908926302903e-01,1.351576685746323503e-01,3.024305671439949661e-01,2.194903551355510130e-01,6.074743004068375862e-01,6.628786233262808913e-01,1.838881604032859551e-01
5.715588694471092357e-02,3.387200535025703951e-01,4.016680287299545515e-01,3.332184322663154230e-01,2.682568311036964692e-01,7.475080850023068102e-01,1.283917503067898147e-01,1.867046108152096706e-01
1.039458155633625619e-01,8.577834472970512492e-01,3.559119787545802494e-01,3.387383819944072005e-01,1.604753422658447559e-01,5.046146203889048110e-01,5.060371454756544818e-01,1.862226733942203838e-01
7.531171058474893376e-02,1.218981200896833150e-01,1.641662269896565218e-01,2.416575701193191539e-01,3.716261178159555034e-01,5.738394175285423948e-01,6.066425930307994818e-01,1.833946720613710835e-01
1.232455819127517282e-01,4.933513261271636474e-01,5.884802803828714790e-02,3.283541354450361660e-01,2.313174210662993779e-01,5.771340701837891496e-01,5.392911872877761414e-01,1.847705861627494395e-01
8.826133054381385401e-02,2.553718368141404960e-01,2.012863071879162635e-01,3.038871428936243957e-01,3.003282846493067204e-01,7.296302467121997815e-01,3.311049851248491493e-01,1.845995642375749257e-01
1.330855068486337389e-01,6.666856442562365537e-01,3.788801492495366130e-01,2.461622243075106131e-01,1.927172880346714190e-01,8.874175827365782254e-01,4.009351780769232487e-01,1.864076685895215413e-01
3.629324162704161000e-02,3.349674781313360938e-01,2.778546181916539681e-01,3.818192271760225687e-01,2.956130376970351192e-01,4.539333914271277415e-01,1.538799080305830735e-01,1.860820639797460818e-01
4.124668622048039551e-02,7.382576993730385340e-01,9.675950535854155321e-01,2.943413929094241821e-01,2.583259700245934543e-01,4.196867038877931111e-01,2.737744118207892097e-01,1.855464027032949770e-01
9.320736601838444657e-02,5.441318532179462153e-02,6.603095604254463624e-02,2.568844420077456281e-01,3.643084367369577858e-01,6.381236117996040846e-01,4.502268996093476972e-01,1.840547754899009847e-01
7.616722588376088898e-02,1.183684639688950546e-01,1.497482215066680555e-01,2.237360411482501588e-01,3.658569902992374612e-01,5.491457938490608148e-01,9.390729411124365544e-02,1.872019153823895887e-01
1.030632130310619038e-01,3.872134778630215157e-01,3.190311045752988184e-01,2.755475916757869070e-01,2.456104466276697318e-01,8.647496544764046167e-01,2.862913323324495773e-01,1.865328004412587781e-01
4.325056710588639358e-02,1.512847478605338081e-01,3.197104950762821862e-01,2.926169174142333462e-01,3.493108086598545881e-01,6.547654718308330013e-01,3.252382709519612281e-01,1.843883540577446467e-01
1.056519841203878013e-01,1.986978592272183042e-01,1.775026393445422457e-02,2.987000389544940404e-01,3.101419346530484566e-01,5.877941246251537910e-01,1.783200670966092471e-01,1.867145991891451806e-01
1.287230967004854010e-01,3.390944931672036367e-01,9.619984697747308022e-02,2.498833613162992351e-01,2.770784405559839070e-01,7.152375856460293502e-01,4.614399868310280484e-01,1.845037191763750639e-01
1.275433913660951879e-01,3.936480576652577890e-01,1.189260003159197110e-01,2.724534997012508786e-01,2.482667221804887303e-01,7.180266008921144527e-01,7.164621068668299841e-01,1.834794938246195883e-01
1.423064136268769320e-01,3.385485677491676393e-01,4.817538045253244583e-02,2.519116330637766188e-01,2.588272159470015876e-01,7.352315623517453602e-01,5.207280312069397787e-01,1.851464570808033783e-01
1.289806119530435835e-01,7.007262693383958796e-01,3.095911856141390084e-01,2.505747548409028580e-01,2.035941201589163696e-01,7.179757862460659501e-01,3.725297561079158326e-01,1.862765593969759326e-01
7.227252177033047231e-02,4.343297946355205719e-01,3.294445385160269524e-01,3.230356742767290235e-01,2.621584526608954357e-01,6.225632916421373064e-01,1.805664229092116546e-01,1.856853309041760491e-01
7.201911143361804102e-02,5.578770686142581203e-02,2.694456027367769790e-01,2.094167315795114059e-01,3.752439527997653013e-01,7.342012730810913990e-01,2.204004137327012225e-01,1.861305775410779240e-01
5.773637638777495695e-02,6.483309689966382239e-02,1.544624124725686998e-01,2.582688847498657014e-01,4.124229759625263059e-01,4.824887738665253889e-01,5.470124994824970832e-01,1.828740747817151624e-01
1.275689649931635028e-01,5.995237554291901194e-01,1.658378573528630495e-01,3.059193868866800781e-01,1.952286386243179128e-01,6.923779562902951934e-01,6.462811064720832555e-01,1.841892904348413074e-01
1.061808326826182425e-01,6.236168107157287199e-01,2.670576664891338159e-01,3.028339229331430960e-01,2.082016126708058357e-01,5.900625654664710673e-01,3.789079499780168558e-01,1.862403953074533158e-01
9.461473863238224757e-02,3.340364887726887666e-02,6.492080162570357249e-02,2.467947490435691837e-01,3.518631091665609945e-01,6.787256757503655757e-01,6.209017722312665244e-02,1.873735023318335580e-01
1.309275896756543212e-01,2.793951976827268036e-01,1.239658702929535283e-01,2.417245763824523719e-01,2.818985596173291808e-01,7.982464546159317997e-01,5.524804964067533408e-01,1.843720467093287185e-01
7.382048283367771691e-02,3.442610559658701996e-01,8.494846366297009732e-02,3.467654052025049838e-01,2.734053929206665123e-01,4.438979361001561541e-01,1.165046415600983765e-01,1.877796650576937787e-01
8.554150115644190699e-02,4.600453369029864903e-01,1.212257793865247624e-01,3.291868057986373497e-01,2.691770111021651313e-01,4.166443638455482601e-01,3.711664709659551198e-01,1.854389122820344904e-01
7.752096888240134209e-02,1.523449375825481900e-01,2.018264012103565541e-02,3.051803090583309341e-01,3.368890673017146953e-01,4.899968722976227875e-01,2.273556165658757178e-01,1.858388609517151735e-01
3.790365251575697481e-02,8.203271269224188256e-01,6.251921731421270501e-01,4.380442178278322052e-01,2.272691608733202195e-01,2.190993640703159939e-01,6.101200368961268161e-02,1.869977921733898540e-01
1.090600657982673943e-01,2.613950191009166701e-01,2.490755523978238628e-02,2.798187876762245341e-01,3.037723002532968231e-01,5.732928762032256653e-01,6.750469715982103658e-01,1.830621728034673434e-01
7.970302493749023554e-02,2.112066526448793113e-01,2.219144091734938651e-01,2.687078827904820777e-01,3.451567735084761779e-01,6.420594268856059106e-01,4.800795865672357055e-01,1.833065057989705648e-01
8.869838247919245577e-02,2.932578753432081298e-01,1.943211826405275011e-01,2.760167063320672076e-01,3.075187482941166284e-01,6.224800751921755193e-01,4.820968069885822604e-02,1.874249279655123834e-01
8.098991582665601707e-02,2.155197697703592485e-02,9.630834817889777355e-02,2.809122845548462366e-01,3.625326783910463035e-01,6.814087678931795011e-01,4.946642424719409625e-01,1.839233692301559808e-01
9.495589626452596854e-02,3.217648740803633611e-01,2.565061621364462252e-01,2.415178170808341962e-01,2.881108969032921130e-01,7.271269816525699481e-01,3.978109070860766927e-01,1.847307517875704796e-01
8.978020840361262966e-02,3.861207020229949216e-01,3.349584332317627755e-01,2.276777671854230412e-01,2.817349314620323786e-01,7.019158034293451198e-01,3.833166146676125763e-02,1.875414158394114461e-01
5.516784327549830586e-02,5.756595807056561487e-01,6.916500470271108592e-01,2.903580254620805601e-01,2.535781559908749649e-01,6.804131181292260022e-01,7.438085936925792341e-02,1.869460365477051134e-01
1.388742386473626467e-01,3.896511722390848531e-01,1.106993355018907610e-01,2.951166900462962595e-01,2.252165449313914269e-01,8.352665546928851326e-01,6.438227127164164454e-01,1.843965831242897480e-01
5.203095581524895541e-02,6.998428753191554552e-02,2.559590906739724336e-01,2.422577923103271524e-01,3.885724534659037999e-01,6.172399641972615703e-01,1.114355078203998484e-01,1.868756239142736475e-01
8.143241258917570391e-02,2.998058472939020280e-01,2.945419302717480203e-01,3.124417291277612474e-01,2.821721766553041411e-01,7.685933640905642239e-01,1.552628094159227423e-01,1.863510273911330450e-01
7.499639886265635491e-02,8.147374669886284781e-01,5.533461311376149938e-01,3.334794073563738248e-01,1.863040947555971161e-01,4.573932274582619417e-01,2.001586649021422915e-01,1.879597480202395143e-01
9.839456097291054970e-02,1.830511774785870127e-01,1.990414949726257154e-01,1.967418718622670482e-01,3.386974665963290443e-01,7.046876568746979208e-01,1.844465039653486738e-01,1.862106385548457643e-01
4.542765254335793396e-02,2.735527778538145993e-01,2.715083325345355458e-01,3.890663344130841361e-01,2.916609689837624808e-01,5.901845826593283828e-01,1.300209564413425944e-01,1.859192333057042568e-01
5.846326831686501913e-02,6.787231244565605781e-02,1.207399333409450437e-01,3.232563307991405122e-01,3.745789111318696407e-01,5.745861719250134891e-01,1.316275732774186968e-01,1.862561237699202621e-01
8.570707765993446081e-02,1.392977812238627155e-01,1.529203490848066171e-01,3.304850277639836964e-01,3.114903613471533550e-01,7.456723506492258791e-01,3.785471941379420224e-01,1.849029999643438393e-01
4.290190974938670049e-02,1.087109964418105923e-01,2.896729909326222208e-01,2.557406410680422293e-01,3.845819951713285723e-01,5.845389466411207158e-01,3.673277954290548042e-01,1.840183614593094985e-01
1.623463161006943045e-01,5.456069235670581996e-01,1.027696767617277684e-01,2.662650272146480090e-01,1.907395301096689311e-01,8.282002591312533912e-01,7.537733796134127306e-01,1.847868481174033406e-01
6.499501339039143177e-02,2.213200465777522830e-01,3.442439793848990903e-01,2.814440607646800929e-01,3.343698967618694007e-01,7.343248520987155636e-01,1.284818413607846654e-01,1.856878334243890205e-01
1.069926652373311138e-01,3.027008228996783679e-01,8.656969195718830501e-02,2.670336196525668337e-01,2.989719145129605127e-01,5.929573884564517394e-01,5.914778253055945623e-01,1.838174736005197540e-01
3.406224599973239897e-02,5.365033896524128432e-01,5.817643622856776275e-01,4.011009840059085452e-01,2.493108152111845333e-01,5.344161344926142698e-01,6.958747520762156857e-02,1.867358976765257639e-01
6.296988241000478492e-02,2.831931525036016084e-01,1.128211971839376826e-01,4.056737263781384772e-01,2.793998437197410256e-01,5.181659351023021332e-01,1.165747943708725087e-01,1.865655339249483180e-01
5.621209803853702974e-02,1.273863364035688339e-01,3.201797960878999261e-01,2.306589001431521568e-01,3.742090453514724802e-01,6.827327948848095351e-01,4.102860861228911915e-01,1.834093114097119781e-01
6.639484324286262784e-02,3.875950147541273871e-03,8.680839605063370157e-02,2.578220027989903684e-01,4.073059045154489022e-01,5.001301635296415693e-01,4.066250173655717726e-01,1.851743491677386166e-01
5.477283566037417784e-02,1.680571490041225524e-01,1.920331229402288953e-01,3.898428476144535360e-01,2.975582857499705081e-01,6.650330120644141196e-01,2.335694626516404693e-02,1.874105193123777324e-01
7.966102007457552536e-02,3.439524343482627255e-01,1.252215649398361885e-01,3.219643637986467355e-01,2.977126278925814051e-01,4.862387367721796028e-01,2.416558613844271008e-01,1.854358334497549499e-01
2.635271102965041495e-02,6.225234114588320544e-01,9.124679389897489834e-01,3.040076753056369374e-01,3.016217439649522269e-01,3.883136099239862249e-01,1.623251500371360179e-01,1.855569261467512610e-01
1.231645933009538618e-01,6.782924772891908427e-01,4.067243591505741995e-01,2.541056725760180157e-01,1.910735228398302288e-01,8.270167254902354159e-01,2.567137305165018701e-01,1.878960760119581241e-01
9.201083676499130504e-02,5.474865245960297555e-02,1.414168674323440233e-01,2.371469192178622398e-01,3.633015006742477682e-01,7.393986089423816299e-01,2.608526753221431793e-01,1.851364137798866272e-01
7.206727897149828310e-02,3.683411734143371974e-01,3.115870970127223583e-01,3.225305784735277292e-01,2.497834998466356704e-01,7.048023180744472649e-01,2.171790210374955066e-01,1.865826387831079070e-01
3.475629278928129423e-02,5.116874484972744330e-01,7.273995042538528022e-01,3.147158927921293037e-01,2.833865415189057435e-01,5.837956600030317356e-01,2.861627091125662492e-02,1.868673457387351466e-01
7.139678627694709401e-02,5.605595295986420812e-01,2.533990364943337070e-01,3.911892070842291624e-01,2.187808363428331848e-01,4.730518176866340685e-01,2.047832153196408878e-01,1.867746913132419251e-01
1.089797325390167299e-01,2.566986044586770377e-01,8.493772384333828085e-02,2.530718904729544749e-01,2.993384977192188323e-01,6.323793997012641110e-01,7.213275605970517201e-01,1.829547377865709812e-01
5.656998311138556473e-02,2.442135083893158809e-01,3.284878899102799954e-01,3.718467022456587445e-01,2.901201695367826017e-01,7.645889832316167256e-01,2.195812776925418763e-01,1.855000427017582942e-01
8.804908656662994992e-02,3.871166600127126101e-01,3.704140755229711757e-01,2.520122623901752124e-01,2.772584681794276196e-01,7.785333382593526697e-01,2.433884173460048039e-01,1.859873455479498505e-01
1.060953455733477657e-01,2.162557898149527202e-01,7.141853600443970329e-02,2.697169115975828757e-01,2.915259833463501593e-01,6.580956407822520227e-01,1.421183870809051841e-01,1.875234168156638126e-01
1.216740623682708022e-01,5.478464541311894864e-01,2.469114539099966366e-01,2.418575265664917595e-01,2.237097324944894716e-01,6.999937910049596201e-01,1.377478509567833520e-01,1.881897043555868232e-01
3.867225757333295211e-02,8.490153083127038869e-02,4.313559538127984538e-01,2.665253433351009171e-01,3.735401663592069488e-01,7.590837475593503747e-01,1.314758226302459310e-01,1.865573338077017029e-01
9.043492327385270479e-02,2.884451868703344357e-01,1.366286468056791548e-01,2.695413709655160583e-01,3.078521547967017491e-01,5.779879783025821949e-01,6.908080566718161064e-02,1.872800486643283746e-01
2.522611836251364287e-02,4.962040442978624677e-01,7.000156918357275382e-01,3.427311303472445614e-01,2.739914288921831420e-01,5.611277522823792108e-01,2.319135811648467826e-01,1.851360364541969616e-01
8.817740503528292972e-02,1.758321168685454405e-01,2.366995808766702569e-01,2.159426024985035830e-01,3.247500599068481320e-01,7.470391342817143121e-01,2.327516258824012252e-01,1.866393471257975778e-01
5.176506792677363494e-02,2.381884950269499979e-01,1.401143290731168556e-01,3.704601058187247942e-01,3.071281430264580226e-01,4.647873657433718164e-01,2.081198489868943402e-01,1.865647813268965505e-01
6.902424945442445225e-02,1.014561392390536110e-01,3.268024322852984276e-01,2.509778207481646595e-01,3.638471956219167525e-01,8.340711792554138526e-01,1.864805210690334558e-01,1.856343489080488629e-01
4.921073867969604637e-02,7.778665080509252761e-01,7.750531777483322671e-01,3.316397217249450469e-01,2.268761019518276134e-01,3.849004657419899944e-01,2.390471449100040613e-01,1.862664759223958411e-01
7.208853729321207382e-02,6.670681177969539632e-02,1.966880396931955377e-01,2.548205248115530952e-01,3.663222885284414532e-01,6.786872973951578736e-01,9.257390249175029284e-02,1.869920887036551904e-01
1.077590974712950567e-01,8.936991577137918252e-01,3.818854144093379310e-01,3.078879578947651963e-01,1.906751873641842066e-01,4.491739531253284845e-01,2.129709898473817753e-01,1.875458871755224799e-01
6.248988115588068049e-02,3.348702825444326292e-01,2.034728892930222632e-01,3.880109682919405945e-01,2.721777598505186746e-01,5.439735057811430075e-01,2.499173560455073828e-01,1.859246941923509977e-01
5.495991374688585784e-02,8.080547697035258548e-01,7.558806984082535596e-01,3.523737194953014962e-01,2.167569078485446776e-01,4.119353545749123158e-01,3.111158145693706523e-01,1.856951533998782711e-01
7.342579377767922966e-02,1.972885129629684542e-01,1.283219417088316827e-01,2.802953611817255442e-01,3.414198709795590592e-01,5.047706773995279672e-01,2.700207444769004983e-01,1.854447468507209040e-01
4.874482822346649924e-02,8.376449391885681939e-02,1.293571219639997327e-01,3.488711103717285211e-01,3.489071589457569678e-01,5.596822082750441130e-01,5.145568586098708819e-02,1.872167581122552160e-01
1.249960566286002772e-01,3.826001153573969082e-01,9.665045401259345081e-02,2.477997354187740642e-01,2.541990562655538355e-01,6.745274737505297935e-01,4.710081920265102307e-01,1.851843692462904478e-01
8.831613801719512269e-02,4.104337572113498367e-01,1.537554773538385988e-01,3.623904395172521942e-01,2.312688649957612419e-01,5.885050513550451612e-01,4.651968359299393785e-02,1.886763141382137854e-01
7.418290408087610532e-02,1.643596602171289445e-01,1.162795185859157310e-01,2.274917720610727945e-01,3.593001346785552608e-01,4.768122397425380576e-01,4.272594925227543028e-01,1.848558789759190413e-01
8.171365744373182416e-02,1.930875131184681681e-01,5.424584094289974789e-02,2.766861388421802959e-01,3.374289267281107563e-01,4.666433638955574947e-01,3.266474211360876345e-01,1.853086542942359027e-01
7.476793780218242425e-02,3.100171970940697186e-01,1.067271127052109303e-01,3.455756003017730338e-01,2.734876449468394144e-01,5.300018681066640536e-01,2.694016527606761802e-01,1.859676410465030127e-01
1.039976538231720538e-01,9.974323392104473829e-01,4.473713191989572291e-01,3.283126548675428524e-01,1.534350857289713821e-01,4.275186486128943475e-01,3.333336293354784985e-01,1.875462702420388761e-01
5.622108459011313647e-02,4.047500904312025249e-01,4.078857062949063916e-01,3.360591630881166747e-01,2.696039804263647977e-01,6.182448142862987384e-01,1.564344945165166700e-01,1.865017105931714714e-01
8.473399270861066424e-02,2.317971938143507660e-01,2.587198557767622642e-02,3.557006304440137323e-01,2.993024174247593816e-01,5.034020307592252941e-01,2.807726049284412495e-01,1.865276280286738142e-01
1.068437621079021127e-01,4.601848502802677321e-01,2.164165138225043750e-01,3.136095403414562166e-01,2.266710094489755856e-01,7.385149335878866683e-01,4.935840604392439657e-01,1.847946558571531284e-01
1.128652000995167271e-01,7.176383057820289180e-01,4.235711088062186214e-01,3.065891228858568796e-01,1.811390110066913861e-01,7.813708112339597944e-01,4.706962312881081134e-01,1.856089288401040205e-01
8.689370671800557278e-02,9.028315512062426995e-01,5.435293811795864904e-01,3.334227721017604118e-01,1.931372426915033136e-01,4.376376847239316081e-01,2.205307332297021805e-01,1.869074615558946328e-01
6.449082492575022862e-02,8.494415654506701774e-01,5.113332561612500271e-01,4.224530817934623039e-01,1.887308397716228325e-01,3.574938342347794284e-01,1.493891264496884363e-01,1.874696807300708368e-01
7.611618632989887445e-02,2.228755337321294272e-01,2.319161013702510377e-01,2.898053066333202143e-01,2.991088048271418054e-01,6.972719856432760821e-01,4.254643374081343854e-01,1.843293274691931993e-01
9.749533890006115144e-02,1.643014846226548142e-02,5.297447904845264954e-02,2.277484489122302280e-01,3.686169674473806501e-01,6.443076502111197978e-01,5.920452782620433396e-01,1.837488871182591799e-01
6.720479329441307603e-02,1.405016658339823810e-01,2.524918879765121749e-01,2.606087683661155174e-01,3.390757212923437569e-01,6.966310466975497162e-01,1.353812349309595764e-01,1.864002543791381805e-01
5.219783050950262127e-02,4.284759896066988594e-01,2.966405578243820895e-01,3.904570152011683226e-01,2.692248351095682946e-01,4.975850250542854236e-01,2.795180095398740461e-01,1.847551770614784816e-01
6.951614570509109803e-02,7.671813275417688205e-02,7.684940159507580582e-02,2.481244164682291919e-01,3.793495714967111132e-01,5.053337533505813939e-01,5.709112292510476472e-02,1.869414144306355274e-01
5.677742377845094307e-02,3.378422380227117383e-01,2.660281423703441117e-01,3.879240202908301738e-01,2.552093750537965944e-01,6.180171078237131077e-01,1.324787060552731210e-01,1.865327117221741438e-01
1.206099572913245377e-02,4.807703039583413607e-01,6.726511513964725797e-01,4.242855146229039809e-01,2.735034890948885300e-01,4.753352161548870525e-01,1.541539178517782605e-01,1.860801821897061781e-01
6.825324270543055294e-02,2.467042954031247459e-01,1.450859676115374974e-01,3.259771367699354494e-01,3.015163701713591271e-01,5.267468777791265433e-01,1.177864772567318863e-01,1.872021645294261460e-01
3.504126211760053011e-02,9.152684843761660360e-02,2.549070565268787281e-01,3.199494272611075329e-01,3.649231750431407018e-01,5.683880583588574176e-01,1.888655079059557707e-01,1.855347837208251305e-01
6.745361361681075085e-02,6.622748014061266009e-01,2.959808157038684717e-01,3.709498054128853028e-01,2.305486521521922516e-01,3.549187082809047711e-01,1.027868431098544477e-01,1.872063036061636654e-01
1.277275063537646194e-01,5.650155407111370209e-01,1.642839423253102116e-01,3.127768086795679747e-01,1.930330974521800025e-01,7.256985513055138615e-01,4.321349895315421685e-01,1.858276813204723099e-01
5.066521699080938496e-02,5.683579398412452743e-02,3.047588922816976131e-01,2.891690917988198328e-01,3.564626537876260381e-01,7.626933324334075337e-01,2.138749860986465801e-01,1.859518866704009676e-01
7.955674728863340595e-02,2.389086793205412729e-01,7.963758497783368639e-02,2.843953942966408466e-01,3.105078761074473448e-01,4.849403906480422854e-01,3.789114223452811347e-01,1.855920660167736935e-01
9.928482228630242101e-02,6.102497993790849673e-01,2.301516787159489374e-01,3.255302711094992252e-01,2.083924308961470351e-01,5.657713858940707219e-01,3.297278760640398598e-01,1.859195625797127327e-01
5.218210608162818231e-02,6.064121030795914802e-01,5.093902447037699233e-01,3.760659973867834238e-01,2.214673134744734873e-01,5.310017445851581419e-01,1.317807521995457143e-01,1.863933559911883642e-01
9.732528386881984794e-02,2.064777772819301194e-01,2.402301479734689771e-01,2.661299336653371594e-01,3.062585275126131767e-01,8.279227412107476036e-01,2.040499464024403409e-01,1.864529606727982902e-01
8.018116226470284325e-02,9.681186195615396617e-01,3.451601018490084161e-01,4.108604671667504538e-01,1.657202316082812266e-01,2.313537425430257088e-01,5.739319738279569094e-02,1.890799077002484063e-01
5.661165064804221658e-02,1.756703323204607259e-01,2.116438613275381520e-01,2.922126575331188691e-01,3.437092887081197867e-01,5.467751768081806629e-01,2.664948459031331041e-01,1.857161046914855285e-01
1.103161702817107431e-01,6.795783463450779660e-01,2.632390501492588575e-01,3.085895001835806672e-01,1.987978852785607098e-01,6.059004231286621023e-01,2.649773133962033400e-01,1.866270367798372465e-01
7.091525208560552074e-02,6.596090834222023691e-01,4.832859412849292990e-01,3.062954395359338555e-01,2.216774046581777846e-01,5.200002166703264761e-01,7.269719114341952060e-02,1.877042567294825992e-01
5.129329858117600421e-02,1.739430466176876688e-01,1.995247971612150728e-01,3.363404106716387787e-01,3.265025051575751180e-01,5.650105870809002395e-01,2.195508706487804274e-01,1.853286091888465270e-01
3.674552306916819416e-02,5.136530263939219632e-01,6.979478085870159942e-01,2.903307631346294104e-01,2.913068748334465274e-01,5.230392864021227162e-01,3.436431282688651168e-02,1.871608460192906720e-01
5.259157553942322288e-02,3.218284340801830234e-01,4.056600479808437631e-01,2.709580309507618190e-01,3.121356399990822261e-01,6.213710862905246213e-01,8.430584304868127266e-02,1.867456244862153725e-01
7.317497758186408685e-02,1.001333671710276096e-01,2.010780912060785297e-01,3.232200102759310578e-01,3.162182104827654938e-01,8.029061762136486813e-01,2.426680358870951792e-01,1.856702349406740837e-01
5.915181247658694158e-02,2.244507612642104577e-01,3.217093272022154005e-01,3.247432337350857900e-01,3.087981802580648805e-01,7.356823843403758056e-01,1.754602953395729414e-01,1.860224873038256455e-01
1.147070827162505191e-01,1.752958147865656402e-01,9.454761260694466429e-02,2.209606084335427600e-01,3.381911766554155374e-01,6.612087138455874369e-01,5.970302932798594586e-01,1.838654010164434416e-01
6.738697796511700089e-02,8.448038653202203374e-01,4.602684548450964863e-01,3.645983009387956941e-01,2.110166932123539452e-01,2.638614685570672691e-01,5.577408082503987341e-02,1.880154734210200129e-01
5.424732991832986045e-02,7.331573037526450953e-01,5.052780314790080718e-01,4.309711645508648159e-01,2.008741005922193290e-01,4.361438341361276727e-01,1.669026847036343963e-01,1.863950558793618095e-01
1.410105112547891393e-01,5.867239786134952340e-01,1.194933706007907936e-01,2.862406833155152208e-01,1.850061853589068106e-01,6.860497728261687467e-01,5.449753620556359035e-01,1.865503042555824997e-01
4.913050778156584364e-02,4.595539633765886589e-01,3.664690587833809299e-01,3.628549692577950347e-01,2.508342034847864110e-01,5.331340706160528908e-01,6.619109792870964126e-02,1.870718165415209411e-01
8.436382763665385698e-02,3.230703355739903415e-01,1.981301340590813642e-01,3.031280097080855107e-01,2.786496792595024030e-01,6.446564040551404640e-01,8.298307210453292893e-02,1.869362299999450805e-01
5.665432298983168191e-02,4.026876903268434282e-01,1.763478393133604549e-01,3.648051908426594991e-01,2.926845052696819272e-01,3.862443110027284909e-01,2.105689871191525064e-01,1.855301023477347044e-01
9.379749081904316388e-02,2.835490399371713988e-01,2.220872767239814305e-01,2.422324950473758454e-01,2.979439289651238942e-01,6.732428080913994695e-01,2.403687595101909324e-01,1.861795088190131009e-01
9.112711320007155225e-02,3.584212026024062858e-01,3.046394798308204033e-01,2.280553868241576854e-01,2.911992118219323133e-01,6.844708641601688903e-01,6.009422459897217905e-03,1.879984546215151542e-01
6.350980280957303770e-02,2.645229595578297843e-01,1.112581125532351167e-01,3.970079845279293473e-01,2.995788299306786362e-01,4.991213824385651310e-01,2.845296481195467297e-01,1.854867508966517031e-01
6.112167478029684187e-02,7.040207144847645537e-01,5.402110187057875823e-01,3.580695736750187375e-01,2.221890754900478493e-01,4.734443655449909749e-01,1.738542928518830299e-01,1.866275155634911087e-01
1.166384477915771989e-01,3.733249686707619253e-01,1.520201739183876244e-01,3.072508769883999236e-01,2.337606288231898477e-01,7.846414759223528934e-01,2.797946288653634928e-01,1.866071365848890329e-01
9.799098237738615436e-02,4.514201148385054707e-01,1.914631240882138929e-01,3.272707595915470002e-01,2.513134864853358574e-01,6.267672351618057691e-01,1.871681785215250915e-01,1.864302390339037385e-01
1.151213432889502813e-01,3.829717028559416758e-01,1.088081520318628093e-01,3.304404134418777450e-01,2.509435664060253313e-01,6.812357102389722252e-01,6.237036751368740806e-01,1.835056842212094419e-01
1.133251958776113205e-01,2.657920766704331972e-01,1.463835783313308103e-01,2.470871397780929346e-01,2.967038674759185923e-01,6.995098898897218476e-01,4.284438323089606593e-01,1.854249286614792491e-01
3.830876757110567021e-02,1.312478628870664132e-01,3.361053463043152112e-01,3.323158166257680346e-01,3.470233084186782335e-01,6.630560888127928765e-01,1.671215001559017144e-01,1.857718592087324039e-01
1.039049161135819771e-01,7.502955561433344300e-01,4.157057514705356782e-01,2.727576328504994208e-01,1.987974846092022685e-01,5.880234976927531942e-01,5.135395891665262003e-02,1.890706407801819866e-01
7.519400857430801055e-02,2.711636406248484898e-01,2.660555589166251345e-01,3.266832836358503633e-01,2.710167713899829800e-01,7.674018969856535310e-01,3.828984003836684025e-01,1.847620111439956248e-01
8.404378473334087052e-02,5.580369854489120041e-02,1.227110575956347482e-01,2.714389671281693950e-01,3.543205937194741084e-01,7.265786842747200547e-01,1.611609275402763053e-01,1.862876642673537420e-01
5.741645446361501315e-02,1.313434227623718198e-01,1.126254326091446489e-01,3.139486721227215948e-01,3.765237836125935322e-01,4.610433842589777842e-01,5.653148177401645658e-01,1.826405583543891653e-01
9.453672927441178486e-02,2.008589790258534791e-01,8.746045102254071391e-02,2.638084451248964291e-01,3.230109659080701023e-01,6.125610029769289477e-01,2.780419468481277745e-01,1.854647233125660544e-01
5.575142881760888902e-02,9.348064645785864046e-02,1.704247821281531239e-01,2.341397933416959620e-01,3.870534477615961144e-01,5.013987826934913627e-01,2.864388950748564810e-01,1.849796707808471219e-01
1.063064278658315681e-01,6.362896697269202484e-01,2.793616446843970036e-01,3.404929875980162723e-01,1.872332931961985525e-01,6.754464379846687461e-01,4.812069186130291110e-01,1.855330322119914110e-01
2.941944987216568719e-02,5.929308775035704304e-01,7.900403258567736398e-01,3.699533552908965128e-01,2.629377501748405566e-01,5.131827462920165450e-01,1.183435741467528668e-01,1.862314096420480403e-01
9.341710294878421972e-02,5.485050287338373298e-01,1.506756676098685022e-01,3.748677712784246330e-01,2.165201754215265728e-01,5.282619138405371118e-01,4.919535288220837632e-01,1.844255186495788734e-01
1.067649900608298452e-01,3.818032103879303585e-01,1.785484685806123795e-01,2.680008344145381471e-01,2.708062972222967102e-01,6.684827188399076192e-01,3.137912584007053196e-01,1.860517628382446220e-01
4.065630376154543563e-02,7.319570800339751937e-01,9.585242081548697168e-01,2.861021057528342348e-01,2.653430079931720087e-01,4.064087110555171800e-01,3.439474203156407395e-01,1.846912034879155118e-01
9.209722642961142014e-02,3.870651115942997933e-01,1.386563044870695594e-01,3.195569291024928926e-01,2.508841621184783044e-01,5.969529094334125041e-01,2.289649474320226696e-01,1.863872194302004237e-01
5.906295201766285918e-02,8.163914931978215606e-01,5.836118525086484432e-01,3.673029100942072356e-01,2.001011320432218021e-01,3.689936085639023977e-01,2.672675405380779412e-01,1.865317146583984342e-01
6.908971754722409431e-02,5.921175783814237592e-01,4.260891025605337834e-01,3.194819676810583542e-01,2.346280899675474152e-01,5.433730922445507705e-01,1.503467104470240789e-02,1.880063832530209367e-01
3.796850572415135655e-02,6.258753382371060603e-01,7.729104887516291544e-01,3.251366813908482811e-01,2.710157808758675291e-01,4.677892911589515146e-01,8.887339365723118112e-02,1.861725243998714197e-01
8.668261636497540112e-02,3.417841710969151681e-01,2.024992396088032276e-02,3.617749227963173997e-01,2.661629134851601353e-01,4.596001169160113808e-01,3.596173234252275086e-01,1.862112655408941220e-01
7.444014168095211548e-02,5.386863675336113211e-01,3.839880268517880113e-01,3.658533549216134162e-01,2.254073211193290405e-01,6.449370355743303529e-01,3.322645213640904038e-01,1.852860904132505870e-01
7.322711676606119546e-02,3.151024948487922694e-01,2.072379200804607413e-01,2.808170437629450844e-01,3.026762392403093971e-01,5.407884435530864176e-01,4.071627797136070925e-01,1.842286179135453061e-01
9.224010572721857981e-02,2.404515529443577437e-01,1.696180784743763492e-01,3.187288548533829258e-01,2.996791659516613304e-01,7.160660215734629963e-01,1.105893127162934919e-01,1.865261353128152000e-01
8.640757537430247825e-02,4.275527210772263609e-01,1.267678471912600247e-01,3.556836651467343291e-01,2.287735260996367481e-01,5.367176560497242122e-01,3.688114435976859729e-01,1.861987730944956732e-01
8.527781732264635983e-02,8.348004349933637602e-01,3.360576622698471239e-01,3.265893332213036793e-01,2.035482127474361191e-01,3.122887782403422907e-01,2.315517305959395311e-01,1.873414904122683300e-01
7.522600547959905348e-02,7.201019162977975174e-01,6.673845965031420802e-01,2.894850191213224067e-01,2.210237552986836218e-01,6.192243823249843349e-01,2.101119422072964538e-01,1.871217297563703141e-01
8.385639040955865375e-02,3.054504766923471504e-01,2.335206052549799460e-01,3.094543340949799659e-01,2.662159219020508449e-01,7.305120502383889436e-01,3.602552756258692312e-02,1.878235905398535632e-01
1.138992855082861799e-01,8.311501238215572851e-01,4.443331805091664810e-01,2.970735338186606400e-01,1.792699912389850159e-01,6.457351194891538526e-01,4.829167898189757890e-01,1.855690955235292094e-01
1.478958990957610353e-01,8.989573706425606492e-01,2.771387998766963179e-01,2.754569200754128921e-01,1.616011573088084463e-01,6.268849861137615331e-01,5.930699212359851202e-01,1.863515736199900796e-01
9.296252943724961360e-02,4.818240636732452620e-01,2.203708590380119570e-01,2.797988889667033519e-01,2.545570892788017736e-01,5.362946076708476895e-01,4.227844458625970026e-01,1.851427399483145664e-01
9.546225712973072097e-02,2.052238115634801019e-01,1.323293520946405288e-01,3.130904682255710725e-01,3.079780285369986270e-01,6.988658389273731952e-01,2.991714832059602647e-01,1.854369687802508160e-01
2.337614952634235049e-02,1.640832241937884017e-01,4.824314935691172423e-01,2.757678007208272941e-01,3.799421257287267650e-01,6.213664456276285497e-01,5.425638547005057211e-02,1.861678295182517817e-01
9.140204350016978285e-02,4.555952435227250130e-01,7.945920828036692751e-02,3.704371001626154958e-01,2.439132207399752061e-01,4.812152724694283568e-01,5.225225597993188309e-01,1.844611795274313237e-01
1.045706878099139092e-01,5.487216977007961516e-01,2.276862384736921818e-01,3.155929887981662740e-01,2.092491945897271832e-01,6.633003276023252681e-01,1.853477866931933782e-01,1.874160151415013575e-01
7.894492537741289173e-02,3.485795020150734835e-01,1.860847807035803936e-01,2.999010157271168597e-01,2.783539047704436942e-01,5.594057613615528446e-01,4.128759037928983466e-01,1.845577624129036143e-01
5.438815437364295097e-02,2.775664764853358335e-02,9.598143650120408155e-02,3.146937173597847970e-01,3.886720657028034376e-01,5.464024126742792475e-01,9.652888174068544047e-02,1.861359051976661239e-01
5.755405386703484755e-02,3.320844483581993911e-01,3.103613988280530811e-01,3.610704003494593084e-01,2.682459165424000425e-01,6.495741680277653529e-01,3.697251921537877406e-01,1.848852355891318633e-01
8.068982168013888456e-02,2.120780330619994047e-01,1.272869281529032393e-01,2.976293611026707975e-01,3.099397392796747752e-01,6.124012303103432142e-01,2.410114425859311849e-01,1.860502156329708334e-01
5.363299976855522705e-02,4.198995475515896469e-01,3.598503647287255580e-01,3.593412723155290367e-01,2.710069289905587819e-01,5.383278259868062854e-01,2.400916677479139338e-01,1.861232632107276130e-01
1.039816127599269002e-01,1.182978062151667231e-01,1.108012141864590794e-01,2.191715505898370886e-01,3.264271033617567874e-01,7.130340749554395785e-01,2.430392347305089518e-01,1.865487440953225440e-01
5.967032683596501519e-02,2.595602546547137734e-01,3.115153362551545402e-01,3.175575758663951031e-01,2.967793301608117607e-01,6.491784645518177133e-01,2.646024173499483823e-02,1.882554589922364185e-01
6.213537918220823214e-02,5.036129837918035257e-02,1.303325606379326096e-01,3.046637235323777504e-01,3.643852993417671104e-01,5.749551904981070605e-01,1.152492968542837282e-01,1.875060648071522618e-01
4.095324549087124566e-02,3.373761983444347745e-01,4.114081638293572984e-01,3.511917911971768613e-01,2.905446376803333952e-01,6.086075460997897313e-01,2.316386617287026772e-01,1.851285636103240095e-01
9.779427289535981560e-02,9.393832062239149128e-02,1.005632617477392465e-01,2.800702285490714871e-01,3.283167204989378973e-01,7.275291874986726803e-01,3.170213278964961745e-01,1.858108048171728255e-01
1.165809106849987065e-01,3.905151144822039400e-01,1.943762658256694420e-01,3.163494389641792748e-01,2.328781005279984828e-01,8.317618008014582287e-01,3.413757891075289708e-01,1.858646993236000855e-01
8.762181577521745146e-02,2.352929898791723540e-01,2.828189738258424235e-02,2.744673163540876093e-01,3.178204388784846568e-01,4.701958424050832752e-01,4.083526127196976385e-01,1.849856505098276260e-01
9.212209405806588702e-02,5.227134631505553353e-01,2.574981613902725397e-01,3.239257026675871898e-01,2.188408311209103230e-01,6.402522131919944348e-01,5.459909633917037208e-01,1.844028430791693207e-01
1.231871828133604962e-01,5.719107082524441665e-01,1.273798701694928981e-01,3.189646593757392568e-01,1.908686531994610025e-01,6.256717244514270471e-01,3.504537053023109028e-01,1.871250160113515637e-01
3.426278943366337787e-02,1.460686395112555935e-01,3.478632536899555205e-01,2.974050012630579110e-01,3.713512702319610170e-01,6.042374969962311937e-01,2.567499985753501912e-01,1.844116389640818865e-01
1.079004477524585226e-01,4.295501496008885534e-01,3.169442930298871364e-02,3.081233122128121948e-01,2.417397982605670459e-01,5.055463498120401633e-01,3.876773343191374788e-01,1.859595119759733239e-01
6.892003450776651441e-02,1.297373274783586439e-02,4.622806788357058938e-02,2.744039908597784572e-01,3.868154771785256574e-01,5.458068615517748245e-01,1.559213229683418800e-01,1.863721364259131041e-01
8.484599474142037745e-02,4.791549602326983237e-02,2.928442702874828329e-02,2.401668933721543830e-01,3.807645975728187193e-01,5.000231748144750021e-01,5.896370719665874338e-01,1.842801599006377022e-01
7.160173151517826295e-02,7.230724431682711284e-04,7.303230568740959328e-02,3.125568387643389290e-01,3.830542616172403769e-01,5.986884981875936207e-01,3.555343552116820849e-01,1.853229664683008482e-01
5.241624803246817954e-02,8.762033957221045943e-01,4.898641837133909105e-01,4.417816673972815300e-01,1.952670692506325578e-01,2.282329691617521750e-01,1.287114197673853710e-01,1.868087759856313090e-01
1.007403386584670157e-01,2.711356371246740893e-01,2.126767546433588896e-01,2.504776845552274533e-01,2.869089498583499154e-01,7.382575797671115936e-01,2.742035050673774510e-02,1.887041456402172579e-01
6.675143640938270562e-02,3.988963214023669157e-01,4.000850595600650150e-01,3.098043271315973346e-01,2.608276572972966223e-01,6.995188246535534171e-01,1.710580462736082663e-01,1.864889439675832539e-01
4.798288964529628248e-02,8.226355869742590921e-02,3.444108327944596093e-01,2.764915182693409301e-01,3.859247881316677509e-01,7.278592336394421602e-01,4.342838513354150276e-01,1.829336875134019158e-01
9.412087117810670478e-02,3.595616861032979727e-02,2.415202146101508296e-02,2.039696080287816127e-01,3.942680334253877983e-01,5.410642139251992111e-01,3.884748148620190689e-01,1.846406154266711785e-01
1.157033719532481464e-01,7.781091692339995314e-01,4.190839871948512929e-01,3.006842832004876231e-01,1.799323159107981684e-01,7.028829871797783735e-01,4.295531159284410316e-01,1.864544859334672511e-01
1.251718978338732247e-01,6.704396829831027471e-01,2.170255682274390141e-01,3.034969936936286472e-01,1.859203781383459986e-01,6.398655604386992435e-01,1.306225958693792155e-01,1.887821877796463654e-01
1.277875274922683213e-01,8.352814990340580170e-01,4.630791654779939925e-01,2.768720685462236486e-01,1.727595547508643525e-01,7.864488044231079389e-01,4.500459294461304216e-01,1.864379452582589081e-01
1.056725017577335585e-01,9.040347029934834300e-01,5.221583822467587011e-01,3.091085688836687217e-01,1.607063212274983943e-01,6.033898155699866095e-01,5.163840430662597347e-01,1.860854711881840540e-01
9.956106945555207033e-02,5.995612575669937439e-01,4.163963247085310515e-01,2.722771234626561454e-01,2.249767867594912596e-01,7.235168250619429253e-01,2.744426876055497955e-01,1.864769386422562847e-01
1.127513601572616292e-01,2.591491888718847059e-01,1.127915321212281941e-01,2.803684509754816312e-01,2.778494290266799727e-01,7.092143008479008248e-01,4.913373209481146087e-01,1.852478812198934399e-01
7.366863538553267143e-02,4.798118596095078958e-01,2.692164828477754401e-01,3.496076158061929284e-01,2.361282418566124641e-01,5.675911433519515992e-01,5.078272106419451370e-02,1.877498564688264149e-01
7.553659269902342210e-02,7.665092258481647214e-01,5.604464434431856157e-01,3.395070236959411569e-01,1.948173360394804821e-01,5.578203206429420691e-01,7.951334594844991499e-02,1.875511307248926007e-01
4.535848207503843238e-02,4.857254128209723687e-01,3.796053974121695873e-01,3.848770587387927433e-01,2.580185515233446858e-01,4.821811320351622188e-01,1.685805812452752517e-01,1.854386722070863192e-01
6.110081794867367605e-02,2.817725802866770657e-01,4.186175202912111315e-01,2.571262476971651889e-01,3.192612518107720287e-01,7.366561450693416280e-01,2.607079960260977325e-02,1.866773931916184126e-01
1.131768575769567520e-01,4.518161256303702689e-01,1.516203848737987803e-01,3.084354049666827025e-01,2.314559516226531444e-01,6.911054278003236906e-01,4.807569128029549610e-01,1.844143969765252022e-01
9.298333334759195656e-02,5.788298660444307631e-02,1.417037795524443144e-01,2.362439047594154240e-01,3.616651335168274972e-01,7.317884511950488724e-01,1.400296935408187338e-01,1.868873970586521494e-01
1.006015171255355695e-01,2.557249477653331660e-01,8.618244801019514512e-02,2.932494455326816740e-01,3.048111103613486694e-01,5.914159966552600123e-01,7.482633036090846623e-01,1.828146573041648515e-01
5.925480251869665038e-02,1.773798351752632063e-01,9.178282408210627907e-02,3.524252994233874059e-01,3.340826903676383242e-01,5.024635816054352500e-01,1.480640810533070673e-01,1.863799193714967273e-01
9.887508537182160273e-02,2.923008274243557025e-01,2.258676159258632410e-01,3.061118492309160000e-01,2.654919496520251609e-01,8.228299263006801922e-01,3.035133280010487988e-01,1.853885811084127477e-01
7.708252413087088306e-02,9.657102061301507945e-01,4.627201206857357030e-01,3.834546609317361909e-01,1.807639486840986187e-01,2.537907212709308857e-01,2.395975828258983253e-01,1.869951177553900168e-01
5.950470909543467690e-02,6.908441561063360936e-01,5.732390547543708692e-01,3.603210339353655756e-01,2.216526675279339997e-01,5.105672075369933616e-01,3.677299125935964419e-01,1.847873857311377599e-01
4.740539918313103895e-02,3.084518547021879442e-01,3.291338070347371025e-01,3.780171017281080958e-01,2.819428307295303027e-01,6.375096326697892168e-01,8.831879988259908054e-02,1.864295511166762509e-01
1.108659127914114195e-01,6.514374831797298260e-01,3.029687172378901505e-01,2.832834687791652706e-01,1.970373992567716059e-01,6.599355196916680821e-01,1.757898683878382218e-01,1.881999816727270292e-01
8.849722141014945698e-02,2.456628464188493621e-01,1.676784134970275009e-01,2.681250512423379306e-01,3.048539183319278756e-01,6.373077456769609128e-01,7.337420019978707630e-02,1.873101745267654328e-01
6.817708713421243016e-02,5.520807717147807603e-01,2.512557477598180711e-01,3.884297997877301789e-01,2.263671589518532756e-01,4.676675088641263356e-01,2.908650869589454180e-01,1.854924698214161505e-01
2.959979897011560251e-02,8.232437900883050608e-01,7.428763758181526899e-01,4.508846424971528766e-01,2.135959212659697404e-01,2.241920257121456928e-01,1.731654555093715131e-01,1.865493883732388114e-01
8.539959566640820121e-02,5.863137643040383651e-02,2.117351456651780650e-01,2.290809598753261178e-01,3.725130211154973892e-01,7.723889291604313367e-01,8.986446231566758147e-02,1.865124782832500439e-01
5.189596496604309550e-02,8.158717266671424717e-01,5.700509925629393404e-01,4.127427616818944989e-01,1.850395388335390745e-01,3.449623213882256900e-01,2.989666945943700305e-01,1.866093392070823642e-01
1.138397621227446033e-01,3.346195885276384563e-01,1.711889296515353709e-01,2.790200038690468509e-01,2.494507777899986067e-01,7.780441607826483752e-01,3.530565745725239846e-01,1.857527293968365134e-01
8.097865801196924007e-02,4.509086935958510067e-01,3.641497086965272967e-01,2.726943746821227088e-01,2.685645597944106289e-01,6.598304870927113042e-01,1.849125289389830229e-02,1.877915468179447711e-01
7.254826398417650590e-02,5.556358698994423584e-02,1.411549712639986742e-01,2.531681913446595655e-01,3.856465119270098274e-01,5.849220515872982640e-01,4.184822704507065172e-01,1.845984784578275084e-01
1.398678847478208587e-01,8.295803392571738932e-01,3.036869123685263516e-01,2.940498877762251495e-01,1.532332143136286573e-01,7.231755167608534540e-01,5.111901594570579244e-01,1.865103381429379925e-01
5.733244169147765079e-02,1.480807892087351307e-01,3.047083846723090406e-01,2.663176874953239737e-01,3.594925132994312156e-01,6.609164097875575017e-01,1.525287249868808592e-01,1.855301430487292236e-01
1.065996089336727071e-01,3.275352958134261083e-01,1.516793276335214880e-01,3.142722411682838390e-01,2.677728790375232260e-01,7.129305982778157968e-01,4.018448925420547990e-01,1.849256766236973271e-01
1.124293114530654225e-01,5.085711734036825193e-01,9.833287408152094344e-02,3.376473923358799256e-01,2.149138108178027529e-01,6.003470928324424749e-01,2.972109381464597688e-01,1.863892118404201215e-01
1.603083095690633342e-01,5.474735802956549602e-01,5.879858326769960009e-04,2.492614220582863305e-01,2.116288347504056144e-01,6.160628003998872559e-01,9.386773446071534632e-01,1.836263741125327975e-01
8.134095805877138152e-02,6.531325448522978805e-02,1.551496958941691318e-01,2.329591789115299516e-01,3.594346302117075731e-01,6.675440679445925340e-01,1.661832056322967155e-01,1.871671433129632467e-01
1.214022027428591777e-01,7.710312146237461306e-01,1.868205755859885242e-01,3.463867375293281925e-01,1.513870977267139650e-01,5.683385997720956651e-01,4.486060531425223319e-01,1.868234340434108964e-01
1.018054271697341334e-01,3.108866075575901222e-01,2.267889404862247771e-01,3.154890518418768663e-01,2.625480154866228211e-01,8.342218062817232660e-01,4.386430958616828191e-01,1.844606795000729438e-01
1.026879789246053221e-01,9.290992869592207271e-02,4.828905858155280173e-02,2.613953624070303183e-01,3.558197876293606177e-01,6.511632602413067739e-01,4.507009523495404402e-01,1.844136079413531415e-01
8.378527054291859399e-02,8.432877570494813346e-01,4.281776991407313937e-01,3.221218202315902501e-01,2.108872743980620412e-01,3.335625509623954543e-01,2.522067255747247883e-01,1.870575769895766738e-01
6.957615504566895537e-02,1.962405474647807291e-01,2.596208878876665738e-02,3.380573808038336847e-01,3.353135266031979089e-01,4.221174604160963795e-01,2.530795839236771316e-01,1.863983118775989489e-01
1.290531649206313469e-01,7.692355862884087125e-01,3.714803693391772188e-01,2.886562212978964204e-01,1.776052350322788742e-01,7.874185742709887137e-01,4.049809827673132023e-01,1.861762342537138237e-01
1.403784784566763921e-01,9.209916933133222017e-01,4.088987620401915990e-01,2.652588560956256614e-01,1.675737309408756870e-01,7.146442025567800727e-01,4.058813537791181036e-01,1.867521613695987959e-01
8.893216815513502183e-02,1.735300667903810212e-01,1.458512343380315157e-01,2.452253436650145835e-01,3.220756507310010841e-01,6.529337453276671255e-01,2.163420441664115623e-02,1.876253896875444971e-01
4.746912623966823008e-02,4.749586216789783433e-01,5.605415966424780461e-01,3.111611235589826219e-01,2.741972463489884548e-01,6.252656056673558949e-01,7.124964731819061203e-03,1.866077619413409605e-01
1.002656200423956978e-01,5.123458012551007634e-01,3.091607108178571761e-01,2.685316101019243895e-01,2.433444355088484889e-01,6.824738150474731757e-01,2.870993955254189656e-01,1.858841427349762487e-01
1.282029291935088411e-01,5.080073999478773583e-01,5.944278102002586994e-02,2.896486175478548142e-01,2.222046810077260015e-01,5.557638356500705923e-01,6.444375671310096365e-01,1.848719509655849524e-01
1.258365733099475747e-01,5.253101614826019006e-01,6.953829925832830106e-02,3.271208207647869903e-01,2.082988879867372911e-01,5.855954448967899406e-01,6.891982175554476342e-01,1.846368763662153967e-01
5.864489943472901701e-02,2.309333645785364431e-01,3.581172564207651399e-01,3.071653068596655878e-01,3.201722896863209988e-01,7.134208116377116493e-01,2.091738482754710859e-01,1.858498329011187000e-01
1.641423398609623829e-01,9.141438963119254968e-01,2.657544181555612783e-01,2.777631968382377470e-01,1.389280672929058269e-01,7.896627767480475235e-01,5.773223444655155578e-01,1.867979321727954722e-01
9.642475746090842237e-02,7.192788978917119547e-02,6.802451782346502496e-02,2.209087778775435384e-01,3.721178792102252109e-01,5.856550529453851128e-01,2.117469952075756723e-02,1.879570200897425769e-01
5.964160071179838707e-02,3.849297904923710822e-01,5.414671122106952117e-01,2.768810101611153818e-01,2.781771120183390011e-01,7.904902894016337944e-01,1.107679968530984882e-01,1.869743865554753803e-01
4.764423357525956332e-02,1.467052303508604161e-01,2.112515721049780526e-01,3.020257919933346802e-01,3.817814836698004144e-01,4.806857899031880543e-01,4.131559200222538197e-01,1.835046199004045919e-01
8.593563096431958148e-02,1.322306962354174442e-01,1.875839708861081756e-01,2.358456305992298607e-01,3.217055518324836716e-01,7.290387210090901737e-01,1.598795600012171692e-01,1.870853046132254227e-01
4.160934354258662843e-02,7.595857396309426690e-01,5.789315187749368707e-01,3.850311744210527243e-01,2.291836178524192524e-01,2.529851114113972343e-01,1.344461689699850138e-01,1.868405468437515093e-01
8.376032061094682013e-02,2.233379496868749259e-01,1.205598867578990541e-01,2.970696640223415841e-01,2.943246436673872535e-01,5.824638290852895972e-01,4.366541456634797647e-01,1.856695057844685581e-01
6.327645636192269496e-02,6.317549369254227276e-02,2.299546847737365951e-01,2.416529936464508477e-01,3.697261366945850392e-01,6.991208319912246560e-01,1.454886882212756694e-01,1.864581793803539722e-01
1.223399839688749657e-01,2.427355405278640854e-01,1.187894009815823881e-01,2.599332953687591985e-01,2.752515232251376842e-01,7.828909181766032788e-01,4.675667980557655090e-01,1.855829306843090332e-01
9.962085070011902910e-02,4.352376924468287500e-02,5.660353743653312453e-03,1.780291982496078340e-01,3.993736558617785870e-01,4.745758227589519374e-01,5.721694035878984730e-01,1.843083279481683712e-01
3.470682765277974952e-02,5.909497870407435238e-01,6.415130908132764542e-01,3.663213364187581367e-01,2.592314720315217480e-01,4.495582075840153236e-01,3.031693325573376896e-01,1.846859087924440646e-01
1.016395590394845727e-01,3.921996398345990453e-01,1.523614165849934976e-01,2.758712814240738553e-01,2.831130333475026517e-01,5.771397282661774319e-01,5.295864527927579557e-01,1.842602235677443523e-01
6.679018461000445217e-02,1.001172227010762583e-01,4.948202514550029130e-02,2.896139252809328268e-01,3.685708098530664500e-01,4.613530547126677428e-01,1.603955209772667256e-01,1.871791746317514327e-01
1.332891334400202188e-01,4.965468168272978988e-01,4.681362597543164972e-02,2.599738673661581290e-01,2.357727024287460116e-01,5.521482364827381417e-01,5.679846503339177621e-01,1.856734164879131621e-01
1.301639041631605931e-01,8.883970590557010993e-01,3.497145628985856569e-01,2.695759545879099495e-01,1.704138641341493565e-01,6.018454879144403691e-01,4.865334676643358613e-01,1.862578044022664414e-01
7.020692719497674539e-02,4.725697676704132544e-02,1.110178116984776864e-01,3.145876974697212058e-01,3.534596765804787211e-01,6.730653459148665529e-01,1.532131978041986475e-01,1.860909152200475036e-01
6.550212946488127852e-02,2.324865833008860072e-02,1.607681760756801137e-01,1.869169423478835856e-01,4.225886649635010039e-01,5.437956053214306751e-01,4.635926204085368818e-01,1.836324319003406480e-01
5.592575979565377053e-02,1.912387076788860663e-01,2.426094807832786249e-01,3.213449087311766039e-01,3.264299000240578619e-01,6.115758014966226064e-01,4.467824038593604663e-01,1.843065439890666513e-01
8.544758520318949946e-02,6.632489875013607428e-01,4.040598347478402408e-01,2.868855921139367160e-01,2.181119964739577644e-01,5.532211607386271490e-01,3.772624589826467645e-02,1.882948315483159718e-01
6.159011393028807069e-02,1.523605331538611940e-01,1.416257477397809550e-01,3.416953927682325753e-01,3.242920777959659162e-01,5.545763113600008509e-01,4.102945756050151438e-01,1.851880479667666057e-01
2.050329905343662579e-02,5.866002679770784267e-01,6.048622197404349699e-01,4.359404284067847635e-01,2.545002687857376156e-01,3.842354341608314461e-01,2.392516691372487125e-02,1.862443104996855114e-01
8.240221742290905482e-02,9.653145084887760907e-01,4.873585816351194699e-01,3.662873381492868230e-01,1.681851310793948118e-01,3.348739405089998233e-01,2.828259664164717302e-01,1.875510209003969642e-01
1.060745506232445290e-01,2.222949854493318500e-01,2.101435490206185475e-01,2.203911205539537677e-01,3.163970044963865247e-01,7.928187009310042610e-01,2.237697235176079325e-01,1.857378715425642979e-01
8.807074513329073151e-02,7.685380417596002767e-01,3.970577303538234126e-01,3.145343564498748190e-01,2.102733091470862237e-01,4.478221174412150285e-01,2.326220605606870440e-01,1.866854209090315075e-01
1.495871971813390044e-01,9.904698526123159041e-01,3.313731527592606585e-01,2.973459674455123936e-01,1.333526933183024066e-01,6.929153873330365920e-01,6.063101790789218182e-01,1.867074404477306881e-01
1.347669428473523556e-01,5.065823543672929308e-01,5.301482492035075600e-02,2.641777927940255344e-01,2.356917677842474412e-01,5.593282656219462634e-01,4.681346847124663313e-01,1.861917536523816363e-01
6.293074821761142357e-02,4.586830262992702689e-02,1.994470058620746999e-01,2.310671607472826738e-01,3.820906937370242007e-01,6.099642014469524032e-01,6.241177338441017408e-02,1.870583217028397305e-01
8.371531403895679513e-02,6.882769502857266630e-01,5.749022801144401118e-01,2.954009661439390144e-01,2.052067191453178507e-01,6.908224565307189424e-01,2.384006772175511768e-01,1.870671055369473312e-01
8.716546842143360618e-02,6.363810467488968392e-01,2.065609978222457122e-01,3.500534568700260363e-01,2.125099169344288330e-01,4.394724838343895268e-01,3.494878707004677176e-01,1.860519067155158857e-01
7.478574750229101398e-02,2.310578582449349105e-01,1.707498093759888258e-01,2.716250388483429368e-01,3.302843791020770858e-01,5.438826284871648431e-01,5.905000362206396236e-01,1.836289989397512645e-01
6.398542066516633986e-02,8.198045022739791632e-02,2.198099897933477043e-01,2.268694397788446615e-01,3.883208789375308667e-01,6.078866563040129511e-01,5.792481441351711169e-01,1.828718903664928175e-01
9.313071618172492905e-02,2.951166498559252283e-01,1.076386708158854622e-01,2.605548275024481275e-01,3.081661149863800242e-01,5.054584143230410609e-01,6.178105010618939463e-01,1.837223380097695036e-01
5.750104973660831453e-02,6.083492244294780305e-02,3.153576842563520777e-01,1.914337296055343696e-01,3.989101679809914369e-01,6.895550429180252738e-01,3.197482130069086437e-01,1.849634563658897890e-01
1.138921703342613140e-01,6.401078757364214722e-01,2.215256976249179721e-01,3.180819547829864535e-01,1.978484480249624311e-01,6.054126606969554292e-01,4.272419360336961458e-01,1.857995612195892376e-01
6.288732133876573371e-02,3.762007121432150436e-01,3.694528967736462333e-01,3.187791889605625650e-01,2.669626582468250797e-01,6.413698019166236275e-01,4.712652520722049321e-02,1.881379993343987866e-01
5.211553646857786104e-02,5.674863247838279889e-02,2.432007033402311391e-01,3.167576173034074571e-01,3.419903127421630717e-01,7.233230763380318340e-01,1.912743411994596021e-01,1.863290568736557518e-01
2.611934459015587823e-02,1.726847814495763023e-01,4.027262797804098682e-01,3.652105051786253553e-01,3.405270601903420125e-01,6.762665633973474755e-01,6.913939440258756730e-02,1.856698654018813788e-01
9.854866450849625314e-02,5.793689787600186936e-01,4.157761102164549971e-01,2.420512852204695087e-01,2.249004342039717108e-01,7.235937653389085122e-01,8.179544371502958655e-02,1.883806403621811065e-01
1.526197125308309532e-02,6.966365830569118955e-01,8.130855874441254016e-01,4.339250737632691646e-01,2.535248626843396025e-01,2.552826503853313223e-01,1.247720070483545052e-01,1.866697080951784382e-01
1.395253047742086305e-01,9.595565545668629515e-01,3.781931977201161699e-01,2.668697416569624226e-01,1.557411496838194132e-01,6.191272353049492860e-01,2.484093894663338964e-01,1.887232638299690124e-01
6.462862024562240904e-02,2.059172225000170942e-01,2.633354578169043170e-01,3.251057922657602517e-01,3.152205569779417127e-01,7.090560367208234016e-01,1.064585787180868659e-01,1.865237204333399235e-01
4.276679624111269507e-02,2.947168527568843066e-01,4.881599803855750652e-01,3.105186148915360933e-01,3.129007992131801474e-01,6.900333893802154117e-01,1.993393834849890023e-01,1.855724533765875095e-01
8.875897553292784459e-02,3.872918805159660804e-01,6.878689927807102311e-02,3.315014745715998967e-01,2.655627294475972344e-01,4.597449928296857280e-01,2.266525426828738810e-01,1.865192823722073290e-01
2.380734431418567165e-02,6.098721009719402231e-01,9.781855849809688586e-01,3.036781071744708016e-01,2.859932806104424352e-01,4.606530263683262794e-01,3.544948569969469943e-01,1.848224426491874295e-01
1.044139776243812323e-01,5.395961061059828534e-01,1.450639955042030138e-01,3.114618576234151059e-01,2.399369145192534192e-01,5.182981740689922567e-01,4.527282832591708051e-01,1.851388748579960164e-01
6.282509344643733007e-02,1.439524255836207578e-01,2.301641264424001410e-01,2.927549125237802752e-01,3.259623041672553012e-01,6.912171460239027176e-01,3.371537903416021442e-01,1.850020258556121511e-01
1.774911217050323675e-01,9.555675400921855855e-01,3.895173772569455184e-01,1.954916833009496258e-01,1.681166600341350292e-01,8.944344607034400152e-01,5.620442530983499330e-01,1.865960742976536246e-01
8.916136816591284375e-02,9.867636756103025375e-01,3.364239164416255590e-01,3.936084011119537207e-01,1.653056057636688725e-01,2.777533388252803603e-01,1.919313928630230759e-01,1.877206928418339027e-01
8.881448728668200898e-02,3.840907071714445009e-01,1.087027386979161903e-01,3.700377577388802575e-01,2.494751542853907711e-01,5.446861833658672714e-01,4.520771969314770766e-01,1.854565177534672205e-01
1.637969329486389514e-01,8.937283489186104157e-01,3.381715608147380370e-01,2.159975303520083600e-01,1.728140215750126885e-01,7.891869094627960157e-01,5.518576128136721826e-01,1.865127321447402065e-01
1.068901681511971319e-01,1.995940871163409125e-01,6.762672346732639950e-02,2.839248932985599660e-01,3.098188604429519266e-01,6.565272151684627966e-01,5.061380706471598767e-01,1.847305219484232375e-01
9.400406611318806727e-02,2.010350570187039443e-01,1.387150836539113030e-01,2.862513858275197998e-01,3.224462022202951861e-01,6.547467697068178882e-01,4.808747793321923591e-01,1.839262996896665059e-01
1.147141284059210176e-01,1.865058157763519464e-01,9.366179791823328604e-02,2.224394103537681300e-01,3.245103535573829467e-01,6.879949741184834267e-01,5.495550768045591727e-01,1.842131351437042153e-01
8.266053919148333429e-02,6.544138307405256150e-01,3.137779073265452023e-01,3.652619443016391076e-01,2.070249818190216806e-01,5.146948123129235775e-01,3.704625806131006116e-01,1.853040178363140889e-01
3.421560163759683471e-02,6.857523341567640651e-01,8.533220782975772245e-01,2.926263627950620450e-01,2.844814540602959574e-01,3.164655862407285691e-01,2.222798839908787794e-01,1.856644111309869449e-01
5.981801963553935036e-02,1.891723968892712882e-01,2.878191094435402775e-01,2.306138793176940038e-01,3.612643287757373312e-01,5.718212015908521462e-01,3.434965135670510761e-01,1.846545288579064803e-01
9.837900385759436317e-02,9.466696539754521078e-02,1.801167234314827448e-01,2.099346691842582380e-01,3.530211423089796297e-01,7.762393622876644361e-01,4.473084285881097077e-01,1.843387882181638793e-01
8.283097705130121335e-02,8.327062932154101205e-01,5.040539760873122832e-01,3.244063484032506661e-01,2.011623956442915306e-01,4.247811165293486901e-01,2.704258530983319475e-01,1.867925372314512555e-01
6.367655139727643188e-02,1.629915291972813818e-01,2.736766643011676048e-01,3.078369594189911407e-01,3.161321195741613743e-01,7.419753955486697583e-01,8.549897842928239067e-02,1.870265835560508683e-01
7.601561441240441142e-02,3.495355746887390813e-02,2.544908763216340297e-01,2.092037686320101786e-01,3.924991699696259717e-01,7.431863751875873447e-01,3.460422917413588650e-01,1.848808945448875696e-01
8.452359051794877676e-02,6.198162033831460249e-01,4.279788139786504519e-01,2.695991950152433758e-01,2.229894940777920054e-01,5.987175786148644097e-01,1.050892388204414940e-01,1.880822522285491571e-01
1.204242308215494883e-01,5.840879842278268175e-01,8.364843245243716585e-02,3.435200230510923602e-01,1.898919197808580095e-01,5.637950834514922072e-01,5.308274325391972859e-01,1.862068546433152394e-01
7.032706691191308035e-02,6.748156840580394888e-01,6.649563677658205663e-01,2.934324967958584773e-01,2.278671145757614480e-01,6.509752297097309848e-01,1.767304878758535758e-01,1.864337468896309635e-01
4.726053214912393635e-02,1.184713907252100684e-01,2.354085223762846790e-01,3.672378200890655253e-01,3.197428105086835282e-01,6.828392546482170422e-01,1.674017314732068051e-02,1.877750703686561773e-01
1.095004129065489662e-01,5.029751792893519813e-01,2.023029158688492146e-01,3.236322577004401846e-01,2.115362899765470261e-01,6.993852790124907015e-01,5.440290606309923227e-01,1.843963277355686325e-01
1.031362546226063659e-01,9.572969529531744071e-02,1.315817502379249548e-01,1.842281567977607226e-01,3.473506161389652291e-01,7.081222103909691201e-01,2.596504858979291619e-01,1.866296116804555538e-01
1.247054245553007035e-01,7.369045565843155288e-01,1.750336711393838951e-01,3.010756781803349824e-01,1.883579400954105143e-01,5.213771510756650684e-01,5.240900256044647154e-01,1.861314606072898559e-01
1.791014076468323002e-01,9.339559314620531350e-01,3.225154428748153723e-01,2.382570519686068589e-01,1.469071108206462251e-01,9.038950014735566141e-01,5.043282070007135687e-01,1.877962389453335657e-01
1.954646453271599582e-02,6.960935183320521302e-01,6.724196249910543433e-01,4.499043489506656668e-01,2.455269093265611824e-01,2.333406184079601653e-01,8.104643433897146254e-02,1.868054696852837759e-01
1.205550122494843113e-02,4.761722978972954823e-01,6.964838013337747435e-01,3.797857274954211659e-01,2.927243155840354993e-01,4.435886710476323325e-01,2.364540663859358571e-01,1.850565628990031020e-01
5.290952789410552359e-02,7.151872507249468214e-01,7.675375065585376966e-01,3.265082565069065135e-01,2.431714170175740541e-01,5.043862552183356884e-01,1.898448112843797997e-01,1.860406516348213080e-01
6.038203976882977608e-02,5.304500850817231994e-01,5.640072560178828187e-01,2.560872745247660953e-01,2.723090226517381196e-01,5.759314923837171030e-01,6.553754022318239447e-02,1.874665197969278552e-01
1.254854623624885868e-01,6.186645135156654263e-01,2.176843195141898446e-01,3.067466812789483299e-01,1.941291477175057234e-01,7.122022055102256166e-01,7.018896898860585987e-01,1.840738506464186797e-01
8.869816419529689966e-02,2.471365114333168855e-01,2.425516045786140773e-01,2.462318661980376633e-01,2.984585891333561003e-01,7.316676779612562020e-01,4.545388430763119825e-02,1.878331378820364550e-01
3.917134090314147721e-02,7.309852084869692401e-01,9.627296748552445216e-01,3.155024728058859473e-01,2.470350651614511561e-01,4.683866143941414206e-01,3.459944554125025107e-01,1.849603581533217911e-01
7.676998123217856906e-02,1.777008706980524599e-01,1.580087465676663083e-01,2.667489337073749023e-01,3.422358784404670451e-01,5.477983199711791151e-01,4.705561947896910180e-01,1.846233120340621814e-01
8.155833091300704329e-02,2.641947265081375229e-01,1.051557426405499984e-01,2.856460354245926592e-01,3.338090162356609492e-01,4.535274215262860564e-01,3.739455431383639783e-01,1.851610080905359002e-01
1.004498023593299039e-01,2.572169422617816004e-01,1.348854425761897291e-01,2.886763677954422569e-01,2.910344564816712554e-01,7.111070677967439302e-01,1.291694963602616208e-01,1.865105555822509364e-01
1.179771290630500097e-01,9.259901075815811788e-01,5.031823626198955735e-01,3.069205292327936152e-01,1.561803447028919378e-01,6.597809248476667054e-01,5.119382233602229881e-01,1.861220982102078370e-01
1.115023662851459402e-01,2.518507140506460740e-01,1.532368395359136048e-01,2.281928608163445171e-01,2.900899805198159376e-01,7.262378351468258275e-01,4.485439753618620795e-01,1.853710715271415232e-01
2.370761930336418716e-02,1.467327657979097255e-01,3.205189490085409987e-01,3.566327564362557490e-01,3.686430727505090599e-01,5.293793723681174956e-01,1.220705016067811233e-01,1.855466424522225488e-01
1.478025296051872495e-01,5.039787294478534907e-01,1.114650988410377241e-01,2.507062996194899807e-01,2.177105868575315850e-01,7.601848938137806266e-01,7.647443563173135228e-01,1.840220838043379881e-01
3.084855184461218064e-02,8.629588490177741988e-02,3.073658260864685077e-01,3.144045960429002196e-01,3.814614156752215157e-01,5.876295186771542944e-01,3.317966659953430764e-02,1.867676020904665835e-01
7.900408504427008927e-02,3.428277306060752982e-01,1.607381171747671311e-01,3.540462899578931122e-01,2.575744468927594899e-01,5.671845087661391283e-01,4.544400722769537104e-01,1.850393413436983436e-01
9.830741641557565191e-02,1.516366340918227085e-01,1.347196180732837256e-01,2.356578420703239751e-01,3.287045080351332360e-01,6.947953370349115865e-01,4.822295109490608578e-01,1.840979968265685496e-01
1.114706330215398111e-01,7.516021555018568279e-01,4.026177241929056461e-01,2.484456556310869202e-01,2.096993235910409314e-01,6.131788607919332890e-01,2.350256390145142038e-01,1.868523871349518639e-01
1.431872530907752072e-01,9.844786023096109284e-01,3.227213214724768964e-01,3.214965344485863352e-01,1.398735630735249147e-01,6.406755902258088886e-01,5.501786127925467618e-01,1.865177626025418256e-01
6.254614489870416461e-02,6.579403813442904481e-01,6.688816046291836681e-01,3.004387610374328887e-01,2.391232768156610899e-01,5.841697550920370574e-01,1.286349429113003151e-01,1.869436363410348079e-01
7.580127195973759835e-02,1.484208835053098807e-01,7.660349327071305781e-02,2.372058122608682873e-01,3.694775566064754102e-01,4.546448843963585840e-01,4.248812122766993382e-01,1.845694011603311591e-01
5.679288512930055072e-02,1.861197433666712531e-01,1.517694853829590629e-01,3.617990291443853312e-01,3.261775348716990930e-01,5.254516218257568871e-01,4.993449607966943260e-01,1.840237628334606412e-01
8.373194776792461380e-02,1.265085431876268873e-01,1.438001727505680838e-01,2.642639711270882152e-01,3.574657462495043903e-01,6.523050027872390189e-01,5.755386887684577069e-01,1.825254996408591512e-01
7.270525980453466930e-02,5.899323813769825620e-01,5.825903121466472490e-01,2.903952791437730552e-01,2.323235271514102196e-01,6.990882669723138543e-01,9.958220753947477633e-03,1.882333966552963977e-01
1.174037910145102476e-01,7.703062982462369757e-01,4.071846542662762025e-01,2.956037778661358972e-01,1.823686757641557743e-01,7.138404262758191177e-01,2.836652655840101733e-01,1.870537713821641967e-01
9.176923620654130198e-02,1.108746228731701255e-01,2.420034033697732179e-02,2.702629714521208593e-01,3.276737945531058571e-01,5.642680791420496833e-01,3.598357517684735996e-01,1.862205956357839698e-01
2.838065379700450974e-02,2.856898355938771727e-01,4.587739071828660364e-01,3.903933299806797708e-01,3.067622391013465344e-01,6.419687702926946127e-01,2.032144228319939239e-01,1.852969654127788468e-01
1.080914009700691680e-01,9.145419794153364368e-01,3.423420469283526835e-01,3.549386369441508982e-01,1.499128505434883241e-01,4.818496437043681135e-01,4.013813409663674614e-01,1.875136384119965305e-01
4.698611794508850137e-02,2.019738459486065119e-01,3.518299273326065957e-01,3.076853677549755139e-01,3.587428957635859228e-01,6.253001239790267896e-01,2.420531180666034843e-01,1.842917703407590813e-01
7.386363669212452077e-02,7.424305058467767227e-02,4.105430276605570583e-02,2.700567151675809519e-01,3.738016811119795890e-01,4.872171840473681348e-01,1.601700465957907604e-01,1.872472988542132621e-01
7.076616980421925052e-02,1.482456468108014347e-01,3.306979377746839810e-01,2.573893489500652110e-01,3.435547643919157901e-01,8.333424180584483310e-01,2.704369283209013819e-01,1.851283438375790069e-01
6.526260770623443230e-02,1.439626193867058479e-01,2.809938446228616993e-01,3.079996882533961866e-01,3.122005898676788460e-01,7.826728814106322929e-01,2.259261211721931284e-01,1.860471025150341462e-01
2.695375163620485071e-02,5.926219228730873478e-01,6.833741564179935946e-01,3.652383271815413668e-01,2.717142613754728320e-01,3.811462134074877217e-01,1.472739592909986517e-01,1.856347520735181222e-01
8.294108270974179242e-02,4.579017485485253891e-02,1.259120288070562921e-01,2.146584223518365198e-01,3.914833254440267529e-01,5.916502351343347899e-01,3.141579225361576522e-01,1.860367080912316562e-01
4.068735659273178817e-02,2.391773060716598787e-01,3.201740174188327792e-01,3.701282355646732247e-01,3.183726260176831246e-01,6.016625562999040611e-01,3.479711926991869153e-01,1.840818528990878777e-01
5.494679463738760816e-02,7.477135396178202775e-02,2.280957145282089815e-01,2.231398222493895522e-01,4.157403688153726296e-01,5.306131356305715530e-01,1.405052891800516457e-01,1.861285968048808359e-01
9.929707942036539170e-02,2.127929542411037267e-01,7.021319389823171830e-02,2.861346281055804353e-01,3.065594405595198357e-01,5.987069051526020536e-01,3.940491453045231740e-01,1.860260702628836194e-01
8.578176739635483272e-02,3.814307807744258261e-01,2.125865415271990244e-01,3.172742792943802348e-01,2.563918884586205982e-01,6.194571395074289777e-01,2.154085086380580494e-02,1.884629828229516801e-01
6.649589883246223576e-02,6.941608011765310060e-01,5.631361013474258659e-01,2.942112206528466611e-01,2.490565131904433072e-01,4.493851171881740880e-01,1.401465218387392131e-01,1.865130048978666522e-01
8.018950999705119764e-02,2.313457229503529944e-01,1.210875712487463618e-02,2.930983576019731696e-01,3.405405209508974296e-01,3.990240397567182962e-01,6.468425620382272090e-01,1.831992695920782177e-01
6.932569789249458381e-02,2.366384487026884642e-02,1.494296392399295237e-01,2.766374062719593185e-01,3.691760941584827371e-01,6.731903642517611530e-01,1.284020044176785724e-01,1.869164172672809210e-01
7.697375203550180234e-02,7.896843860141371518e-01,3.420694871406292914e-01,4.099722331227382277e-01,1.799906262587879779e-01,4.152535998443623866e-01,2.231404758111454889e-02,1.883496586330127842e-01
6.474640367332021307e-02,8.226543917732753730e-02,2.157942732462254376e-01,3.080558613129213419e-01,3.366379847553599980e-01,7.442786582461091704e-01,3.483360627469894721e-02,1.869676756977664556e-01
5.400018831865045776e-02,2.799289069681947240e-01,1.893290468975184493e-01,3.798840265274950889e-01,2.791258487442900282e-01,5.314950727519338614e-01,2.467586984180749621e-01,1.861886653641043055e-01
1.055048909530879181e-01,1.535243309885119256e-01,6.997586155519255890e-02,2.824344288411873016e-01,3.247169949325038329e-01,6.733497815393687524e-01,6.035464765003244469e-01,1.832812222767442600e-01
7.416348636170153052e-02,5.342712926891828307e-01,1.869313571225334480e-01,3.769421750887184674e-01,2.419047944806397288e-01,4.279031509553114510e-01,2.422251571244086188e-01,1.861363339855329757e-01
1.479098622439665167e-01,5.966829572976881657e-01,9.703002810784935872e-02,2.449572141385118751e-01,2.013824014319707256e-01,6.558450395120039023e-01,5.664903522887010379e-01,1.858776307260610883e-01
4.072538394236391995e-02,8.922156871557201940e-02,2.154172036772131205e-01,3.172133332383603177e-01,3.895025716766991053e-01,5.523565746671572629e-01,1.481412823811493196e-01,1.849001866155529084e-01
9.326167778488859972e-02,2.053615432237550498e-01,2.256737669990497575e-01,2.813551855802074453e-01,2.851605618696912425e-01,8.397999791716994622e-01,1.796353245059919279e-01,1.866365858879142914e-01
8.368589394096503931e-02,2.306822578913373389e-01,1.053328459772144565e-01,2.999302141289356682e-01,2.923700320294747579e-01,5.620203232946917593e-01,1.347206605154854797e-01,1.877364463149119866e-01
6.130290879487310107e-02,2.212317425972571971e-01,2.273284414963812616e-01,3.777003463630759228e-01,3.033627316617048542e-01,6.436157229930656865e-01,1.684068935033770364e-01,1.863056309975411329e-01
6.977318212964724042e-02,4.313693270883395825e-01,4.340308614463885828e-01,2.877468526728174103e-01,2.605111637344448838e-01,6.982634071019321320e-01,1.782117013780712966e-01,1.865206756516998299e-01
7.890387428966984251e-02,1.414409371231600820e-01,1.216177239222291373e-01,2.249004022369425759e-01,3.861602793768657005e-01,4.944428116373089654e-01,5.877454947142968233e-01,1.829339046514251998e-01
5.308735243200920356e-02,3.348843991345262228e-01,2.229709822303921896e-01,3.457158282927205173e-01,3.046030480463528534e-01,4.478629927448359860e-01,1.635440702281984460e-01,1.864760649408957749e-01
7.829143629328647047e-02,3.495316559228914266e-01,3.042644320738990826e-01,2.315090526712695884e-01,3.010030848835127948e-01,6.218633723720178308e-01,2.121858843746514123e-01,1.861717774672861925e-01
6.683265693705760235e-02,2.302043341507925556e-01,3.112471886795084020e-01,3.181051534978262540e-01,2.951262674589023582e-01,7.486538024742499520e-01,2.361494665837650386e-01,1.862882789039679299e-01
9.164879202405523673e-02,2.323331466587555127e-01,2.229494024114268003e-01,2.377529570885306143e-01,3.207612436857071314e-01,6.899568272978847672e-01,4.191397613032121772e-01,1.849457362843167363e-01
5.175104187067208761e-02,6.990480207438569682e-01,6.149814499632710874e-01,2.995494270905203482e-01,2.533838742285162704e-01,3.607570300908131133e-01,7.408605787823069333e-02,1.873535396023692512e-01
6.375151750073976276e-02,5.067602800019281872e-01,4.762403268961239444e-01,3.071448289475441906e-01,2.496890447723444373e-01,6.550928922389298581e-01,3.040526258489277267e-01,1.852616088868825339e-01
5.410806360496834416e-02,8.865223426994832678e-01,6.605675061760780675e-01,3.979949495101127721e-01,1.945964028450700156e-01,3.007872211569385668e-01,1.656822791787050386e-01,1.873409807351483491e-01
7.316211509489245479e-02,1.135885671463500723e-01,2.153269649420827825e-01,2.531044706213717022e-01,3.463033278949643745e-01,7.332558652352527684e-01,1.358633338519286415e-01,1.858251275259062418e-01
4.579783625237211081e-02,8.482716167372633675e-02,2.368457688905193925e-01,3.106773953139392863e-01,3.704114674466058021e-01,6.235895273769110903e-01,4.569897190384331065e-01,1.835393762884764135e-01
2.138435926920295715e-02,1.413869887009790438e-01,3.868359607691870261e-01,3.620455024542402755e-01,3.624248090405221001e-01,6.130556783028764389e-01,1.212643327366713653e-02,1.869088186226736115e-01
6.340435495212863592e-02,5.951764597552166025e-01,6.052231430051357997e-01,3.097945896593863879e-01,2.257372930278611634e-01,6.730846139714511400e-01,1.892457715684112696e-01,1.867233979895250029e-01
8.062575577919567360e-02,4.686463579208571262e-01,2.542858031480066949e-01,3.694648814196079822e-01,2.175996750039074223e-01,6.220680100421637215e-01,2.917628828652173434e-01,1.869285256252168070e-01
3.388048356203068184e-02,2.828530837603579484e-01,5.299076337330309583e-01,3.300974994798328011e-01,3.064948831740566537e-01,7.371758316788333820e-01,2.512474130547345808e-01,1.848982595814672170e-01
6.355395789734620549e-02,6.319819948997357217e-02,7.944593021247350895e-02,3.086473062732179584e-01,3.688201579959413667e-01,5.299636146005245463e-01,3.315866739928339246e-01,1.854314061812310788e-01
8.745634691676001937e-02,1.433557481690527213e-01,4.596303954429636907e-02,3.061912633826751606e-01,3.355372984223328192e-01,5.722502402869270588e-01,5.615905671986386460e-01,1.833708920901874206e-01
4.034221690399757143e-02,7.563510538111170023e-01,7.946094338384140920e-01,3.558263626756700271e-01,2.463055084487300317e-01,3.275531663938270333e-01,4.791987065355901576e-02,1.871725422449166676e-01
4.833735528707937962e-02,4.493870105880490851e-01,5.096422491690406620e-01,3.578923768853369269e-01,2.636888805870054031e-01,6.333969789714302134e-01,2.124591466212645829e-01,1.860703586477529536e-01
4.902615527269518075e-02,1.381047314004943960e-01,1.551847828212895297e-01,3.566449643385666834e-01,3.435824723388589685e-01,5.258443087771488278e-01,3.046652222739568150e-01,1.845903631669679745e-01
8.785019926900147769e-02,3.728453583866016552e-01,1.092064493498248468e-01,2.909878723915066412e-01,2.867776019695667533e-01,4.550578693728554169e-01,2.769402396506051023e-01,1.860401944268333663e-01
5.916001619074694878e-02,2.575849916186995214e-01,1.498971705816940225e-01,3.579216298441261213e-01,3.243838211370612679e-01,4.757815897155485696e-01,2.819140318985335902e-01,1.848960773796255730e-01
4.738301227877704525e-02,5.185695115133213129e-01,4.212926672973075215e-01,3.851099756682652142e-01,2.352203446110695262e-01,5.035772603616996967e-01,1.316405878836195698e-01,1.872285268910934830e-01
8.246590306229048539e-02,5.360528897696305028e-01,4.265252206873135776e-01,3.022496289360261934e-01,2.293081449527683557e-01,6.950662526835971189e-01,2.564112604095726833e-01,1.867868911793645337e-01
8.264048784627413269e-02,6.370326384767166505e-02,2.143050264235655256e-01,2.193201920094006718e-01,3.763206525279507719e-01,7.284684138889424565e-01,3.201085260752238870e-01,1.851810231932791428e-01
1.092238201512518436e-01,4.999311015334055863e-01,2.346198647153748262e-01,2.815997825436694080e-01,2.243999829598177509e-01,7.059244818044521086e-01,3.923462647887099308e-01,1.853326362613330058e-01
1.082340079929000054e-01,8.491065269446047559e-01,5.132292707805579113e-01,2.584167260656782261e-01,1.935441666252072368e-01,6.029036070762933130e-01,2.188873026997307791e-01,1.876587817862726826e-01
6.968236377910737300e-02,2.629226473247786577e-01,3.491291228791712498e-01,2.365103666074629407e-01,3.195729796733811079e-01,6.733863945887714753e-01,1.142075420436994282e-02,1.877659820049152328e-01
5.255094328958313799e-02,4.725944856981352249e-01,2.976736349990728447e-01,3.656419471618457262e-01,2.659972874385329034e-01,4.360437671362416556e-01,3.396122442607975023e-01,1.846946752617537602e-01
9.988808982603417097e-02,1.995219869231276699e-01,7.748532706914346146e-02,2.831817786780647106e-01,3.207378778952307274e-01,6.079593568719033891e-01,4.106564857866445983e-01,1.846714223085821616e-01
1.033285528056954727e-01,3.067260339358084953e-01,7.146996232243427172e-02,2.929242337114708605e-01,2.703837437317931913e-01,6.103082083042280503e-01,6.946190694977577573e-01,1.831530274864722196e-01
4.268327247410626940e-02,7.462726888764514843e-01,4.993615232590657982e-01,4.530812041262051171e-01,2.028614629464824126e-01,3.238750613732683248e-01,8.732067494649176087e-02,1.872568253486445733e-01
1.006607668099426672e-01,3.227287430044188388e-01,2.059866637274156420e-01,2.712650321429277422e-01,2.753722190716080265e-01,7.232965615308666329e-01,2.062931038150501717e-01,1.866212837310032013e-01
5.271271740585789511e-02,1.149818637401187615e-01,3.185092314689591531e-01,2.278481974051738135e-01,3.839955735217663868e-01,6.167775961029775544e-01,1.354545608404950641e-01,1.864770820078457125e-01
4.309563397082331881e-02,5.377537693934597574e-02,2.185453099729283699e-01,2.643213435474853767e-01,4.166876166248157931e-01,5.092131012946127244e-01,1.275084753676531402e-01,1.859022935088852357e-01
4.956628512992569680e-02,2.635452023808146915e-01,2.246728940021669452e-01,3.452858489862409286e-01,3.065473392448051504e-01,5.052258904711847132e-01,1.555468902269451503e-01,1.863484655044514160e-01
3.938246276828705206e-02,4.594569587370889163e-02,3.507620332495540172e-01,2.279308274974150561e-01,3.997078588845844327e-01,6.565268262859256243e-01,2.567206262572084285e-01,1.851344729854104143e-01
6.169913370345267434e-02,1.903617438771239567e-01,2.532101243411488678e-01,3.392626820335563065e-01,3.219131818689554558e-01,6.574727903916267602e-01,1.448833125803379862e-01,1.862390568359410248e-01
1.306501040325588614e-01,4.204371576117578169e-01,1.043751412792515987e-01,3.032922621502517901e-01,2.313063783678156182e-01,7.437511057777107526e-01,6.567111805136995883e-01,1.835931527114124384e-01
7.377676606644539836e-02,3.336510061257811355e-01,6.066340467390002322e-02,3.902804092141623493e-01,2.870753161558270428e-01,4.510460253685748544e-01,3.170909095912552988e-01,1.849906755056796304e-01
8.489672866711595045e-02,4.582377262570535570e-01,2.809211906460097330e-01,3.535643701528374816e-01,2.272084760849413243e-01,6.799789070453178264e-01,1.659697128641633712e-01,1.873318512385942214e-01
9.230723304648422167e-02,2.779590052044776938e-01,2.211426182061695944e-01,2.432045009644444311e-01,3.021977115966269500e-01,6.958479400266064374e-01,5.666128824150182819e-01,1.834947244935420940e-01
5.181298864569482132e-02,3.964838165870483988e-01,3.487563000462973184e-01,3.229173414749662574e-01,2.878440963646551332e-01,5.099992888672506552e-01,1.597802396212444354e-01,1.859799342828923618e-01
1.126736231187161486e-01,5.079956919920712854e-01,2.478267313905404556e-01,2.857590241150941845e-01,2.226743973208819005e-01,7.528497578307858928e-01,3.066565381212953412e-01,1.856501600625182768e-01
8.918335295134936780e-02,8.480056702433476090e-01,3.284944335004509330e-01,3.913100108950879896e-01,1.596241687174740631e-01,4.111308706142230429e-01,2.257154441266604472e-01,1.883789045995285516e-01
7.875983223815290202e-02,1.785055580658529428e-01,2.351348412794540543e-01,2.881269665107353273e-01,3.123362846256755865e-01,7.535002953319724917e-01,9.986677711027902582e-03,1.878206052870228793e-01
3.920996643691725125e-02,2.070299932141267951e-01,3.718504031037606627e-01,2.804722502466371337e-01,3.714675451059609723e-01,5.514744459550530165e-01,2.212722579173576065e-01,1.845882900947276029e-01
1.228683150369032917e-01,3.016379879145202336e-01,7.916315008007848708e-02,2.579043342526383675e-01,2.841293542021931517e-01,6.619222614199095078e-01,6.109571313140101934e-01,1.840691579338421535e-01
5.908428388995072555e-02,6.947728509114581286e-01,5.639983702520297015e-01,3.559520272959876830e-01,2.197297039290688758e-01,5.048946078922195158e-01,1.878335716906299746e-01,1.857934519891925318e-01
6.301610382064413984e-02,4.065831387862693380e-01,3.808360492217401916e-01,3.577305272043182494e-01,2.628841159776121317e-01,6.772536842042728988e-01,2.408525944037636646e-01,1.856852910140690260e-01
2.955465665326106883e-02,5.231255496771932689e-01,8.683837574400874448e-01,2.657278113136035125e-01,2.985791156048781536e-01,5.594800233527265076e-01,1.753889869850296657e-01,1.859735606054585821e-01
8.873855164996559408e-02,5.086625198116724311e-01,1.376808694971108915e-01,3.407515624230260110e-01,2.464289686317967520e-01,4.617310759681581001e-01,5.843015559899437106e-01,1.837945473656048823e-01
5.636787107167455513e-02,1.477756493700263518e-01,3.328853920717762538e-01,2.566243587761616873e-01,3.775013449299629009e-01,6.758310577922047591e-01,1.387048726348617811e-01,1.853839320348697750e-01
1.073731067336861911e-01,3.849888929771295709e-01,6.072754613807271329e-02,3.032099820982031013e-01,2.499461659951874581e-01,5.401300572927121291e-01,4.887336990366137890e-01,1.861058057362430518e-01
7.908621159324699668e-02,6.844557389905758793e-01,4.412916724847252281e-01,3.192372130428967614e-01,2.027399001435448156e-01,5.292421726578757646e-01,2.626701571380579692e-02,1.888554001398832227e-01
6.633766753934690341e-02,3.733699008223956839e-01,1.122374685127824900e-01,3.994182645080713301e-01,2.612233815155268757e-01,4.480398650981320952e-01,6.539995771440887395e-02,1.876600390571515342e-01
8.735345135702859976e-02,4.538481777309364418e-01,3.130655992752042205e-01,2.926665287337822385e-01,2.413105360865653304e-01,7.032309582729686648e-01,2.931849400482977597e-01,1.860029508599730097e-01
9.672145878480556402e-02,1.809902066862324466e-01,4.039214546215880164e-02,2.536997301984403874e-01,3.457249206911319206e-01,4.959820044582912146e-01,3.518786072524922037e-01,1.861405739884370025e-01
6.937684112039865791e-02,1.655051092981884853e-01,3.177983551604213197e-02,3.116152811493373975e-01,3.617020786742894956e-01,3.998660392098398741e-01,4.020822983464604761e-01,1.851438103843583149e-01
1.339703427960323434e-01,8.082696432572000766e-01,3.953358744425187199e-01,2.697899694125511783e-01,1.640352777341645418e-01,7.825349243314760894e-01,2.864728390184685947e-01,1.882220182296548416e-01
5.958001808937778837e-02,1.849916332037723488e-01,1.331833161158864354e-01,3.452511824566430465e-01,3.219446061936805381e-01,5.258648305176627513e-01,3.478929295318630155e-01,1.856284381890398738e-01
3.999166231189572873e-02,2.293895721366224771e-01,5.236283466044273638e-01,3.043889979806767010e-01,3.335371484859619984e-01,7.920928338063615293e-01,1.678136336939561601e-01,1.854339882136556705e-01
5.787076526020389078e-02,2.972491729110842140e-01,4.507124670847645342e-01,2.806520600762767437e-01,2.951622255993484045e-01,7.486273135038348236e-01,9.450016199623872959e-02,1.874541337440632782e-01
7.272437446567403541e-02,3.042448093555718547e-01,2.037759505242112690e-01,3.348057680207476849e-01,2.914781086335175297e-01,5.821839103125866499e-01,2.185665726810283871e-01,1.857451388210524801e-01
5.664437525801421791e-02,2.969569699806862695e-01,4.325556853552564585e-01,2.965808524493204201e-01,2.979465402781169558e-01,7.321351409859258030e-01,2.300318827718533521e-01,1.857681805855109225e-01
2.827299296263291462e-02,6.578310955963369011e-01,7.379650823211050259e-01,3.986528557515515714e-01,2.473029314008735602e-01,3.869292633905282441e-01,1.951935649105861481e-01,1.860828073765174451e-01
7.714571343574036510e-02,7.322362362713210615e-01,4.872027647341239387e-01,3.389069613850486107e-01,2.108307798867959937e-01,4.935660766265821953e-01,1.325874160526998302e-01,1.873566717553402372e-01
1.522272433627709920e-01,4.844609226711517058e-01,1.520737877046352549e-01,2.424121092444369019e-01,2.169683961262094674e-01,8.455715889710322397e-01,5.346967930373291988e-01,1.860018517520669046e-01
7.362807302986307256e-02,3.388629845828993181e-01,2.466945058788988787e-01,3.360839378554552614e-01,2.950843536638304565e-01,6.121317915000098475e-01,2.685929552400249665e-01,1.846598520103873153e-01
1.431379285491380104e-01,8.198508363042253944e-01,2.959911989564982249e-01,2.407752568465653109e-01,1.749230981314038036e-01,6.585424692409976855e-01,3.826859026193592528e-01,1.877873209033817103e-01
4.439404889007112637e-02,1.799761873225548536e-01,2.703650855467390479e-01,3.786658046129574573e-01,3.104092909788613297e-01,6.683799627583723035e-01,4.383791769659325932e-02,1.871698761872315209e-01
1.017005394017865549e-01,6.749227340464647451e-01,1.710705827030971904e-01,3.291900658591848661e-01,2.003374661247108723e-01,4.310764075371424919e-01,4.017695542311729984e-01,1.865058817499275767e-01
1.230356080140829617e-01,4.226432200041469467e-01,1.608794480128983295e-01,2.732753987385104777e-01,2.473935182769475827e-01,7.436503790875870212e-01,6.170147850136273870e-01,1.834972445636133542e-01
1.388608784572614718e-03,4.707115576917190736e-01,6.871753075866472438e-01,4.017805185047627070e-01,3.201963105654525577e-01,3.392219925152260007e-01,2.134179713784478682e-02,1.859469680016607729e-01
9.090406926025015877e-02,6.071110249973572515e-01,3.867894580562475926e-01,3.140497532608510500e-01,2.126650321943705235e-01,6.677475033937581017e-01,3.188597357604761040e-01,1.865025828275906628e-01
9.910118858909056083e-02,3.750213015087501822e-01,1.228864076672138428e-01,3.392241618432310091e-01,2.426259836946688397e-01,6.253957757160178987e-01,5.384724360819859168e-01,1.847969954654365143e-01
8.281641610349231575e-02,3.134996424503874168e-01,2.493982651765062064e-01,3.243154706498382334e-01,2.688409895871914923e-01,7.177724715521911492e-01,5.064776087252482739e-01,1.839639239155683170e-01
6.910412415909689132e-02,2.814797484236497005e-01,1.576459073041269754e-01,3.003514386666369940e-01,3.261360837678322633e-01,4.679554615134503548e-01,3.362844647398387510e-01,1.853926098787586352e-01
9.396656639293254898e-02,2.284872352083900382e-01,4.310693807185678184e-02,3.391160431867424885e-01,2.968024618889295030e-01,5.700307135133604319e-01,2.544513558474287285e-01,1.864313031945790677e-01
4.984022791472370040e-02,3.312346098243112991e-01,4.103591473899113051e-01,3.482588960021213986e-01,2.889434624300309951e-01,6.879670118592787764e-01,3.667326587136880423e-01,1.841469584457682551e-01
8.065733483848253060e-02,4.639898690695175021e-01,1.417525631355681104e-01,3.436949525634102609e-01,2.623950321598433888e-01,4.220912540041812377e-01,3.022084050414929890e-01,1.861893460734092287e-01
1.227820011980208514e-01,4.869912613428156734e-01,2.260648311506779917e-02,2.885279097102101398e-01,2.460300993549311976e-01,4.895723130071250595e-01,3.133598675412685997e-01,1.866021955021812118e-01
4.585273450013422486e-02,6.206789525685729725e-02,2.920336674428477552e-01,3.186847892057906306e-01,3.711424077485848683e-01,7.252560249101007717e-01,1.773097020189191297e-01,1.849962117430568043e-01
6.891462837370576633e-02,1.456793513809601648e-01,2.749885065398451900e-01,3.111954386586768817e-01,3.223794460386931737e-01,8.023733058411756103e-01,2.386077540293878863e-01,1.853943065182816763e-01
1.451677384961104489e-01,8.022215601743385438e-01,2.739454174482652826e-01,2.430778675850416848e-01,1.732403143489005537e-01,6.933344529503565612e-01,5.119534044335848355e-01,1.862506839816316928e-01
1.292520522299713259e-01,4.156373478059852689e-01,8.855429113988977363e-02,2.533853171201431165e-01,2.732279025513902337e-01,6.113449374704467143e-01,5.951585198279998323e-01,1.840541654561654306e-01
7.753491670959987425e-02,2.383670029328799345e-02,9.615426531359186346e-02,2.824416646988295865e-01,3.779156557041896680e-01,6.194510761885485550e-01,4.809042540440191527e-01,1.838004739810209787e-01
9.681524563279342299e-02,2.047860061571916135e-01,1.988427700933786402e-01,2.403065024718361586e-01,3.063104112927120259e-01,7.561142740701038978e-01,2.744733278646737662e-01,1.856549036807572661e-01
4.735717652203427080e-02,6.344119668643898313e-01,7.315085582366847028e-01,2.715133804890821900e-01,2.699472136067466721e-01,4.858529753710804644e-01,1.232065769448766057e-01,1.865222843714497702e-01
1.190693654687927650e-01,3.922684167547139111e-01,2.143778029169201016e-01,2.815958340866324128e-01,2.408755678488258833e-01,8.420728306061495694e-01,1.954583170036270912e-01,1.871559628262989272e-01
1.241415381580548705e-01,9.316977449398337052e-01,5.198946451553587700e-01,2.754188780755272847e-01,1.621749966817407629e-01,7.209175313137563545e-01,4.290672647436051812e-01,1.867172528427309408e-01
5.282291265898066135e-02,1.394684289500829344e-01,1.245881608006904895e-01,3.490927529050348310e-01,3.466356020359371293e-01,5.156134075649159154e-01,2.014950980870804931e-01,1.857739477458247301e-01
7.806727372368502116e-02,9.582193026015471959e-01,5.356370562315132533e-01,4.133742931685727706e-01,1.616751129787299679e-01,3.709195014518101852e-01,2.276116061072313013e-01,1.874895382218270401e-01
5.733699448678779981e-02,2.120085926380740893e-01,3.493872133874102448e-01,2.797472013157852877e-01,3.177582323218372529e-01,7.002452497384868968e-01,1.535131213293421393e-01,1.863374761836358862e-01
9.787702214153456981e-02,2.777641609976431170e-01,1.877992714574273636e-01,2.911911901406318837e-01,2.713791380411637588e-01,7.501953287047958829e-01,1.873973821341267387e-01,1.869176753659723689e-01
5.420573894875485577e-02,4.158863374950109715e-01,4.694829589403244352e-01,2.876661880124951054e-01,2.861662838306160417e-01,6.321035664891986317e-01,2.178427344730459736e-01,1.857113100798841732e-01
9.800830361783288702e-02,5.446592869225472811e-01,2.355327906511313074e-01,3.494302596497360081e-01,1.995803331967248573e-01,6.725546035404272871e-01,4.976648222731923088e-01,1.850332428961170284e-01
3.805408089151474105e-02,1.728335364317475920e-01,2.102320596200638048e-01,3.772215459304066321e-01,3.410367263706965413e-01,5.298839366698132602e-01,1.309669930346500644e-01,1.853040465270757720e-01
5.604070103280751891e-02,6.108558595917679135e-02,2.072892183134488753e-01,2.441676019918869456e-01,4.005094077300673239e-01,5.461157528760881563e-01,8.750130072080944399e-02,1.871271847378896402e-01
4.481467465268124811e-02,1.327172481299843110e-01,3.073755584912153394e-01,3.113531791975758800e-01,3.668391452250937546e-01,6.271264266173235402e-01,4.132984677017510489e-01,1.835962656489746603e-01
6.276956460231111756e-02,2.825986193010041614e-01,1.868313296953484914e-01,2.850889962096401220e-01,3.387465148767873635e-01,4.652258558373529307e-01,2.894971280875982544e-01,1.846415683625710624e-01
7.873454529894716170e-02,3.843338036923159007e-01,9.823419452951862030e-02,3.524826676590214758e-01,2.808776916309003724e-01,4.454899018482031403e-01,9.103111281130454868e-02,1.874277906538822924e-01
7.056300254510713965e-02,7.973354399351326727e-01,4.840365394762748963e-01,3.764432298700488011e-01,1.766222737132059351e-01,4.322167079623613350e-01,2.306002219025368172e-01,1.875652089298626424e-01
8.855344813656389202e-02,7.315176614432060687e-01,4.967448953952947610e-01,3.464245205202339806e-01,1.751266890662384057e-01,6.922551932567799771e-01,2.642354446960254455e-01,1.869153092344086053e-01
5.836178012395026871e-02,3.630794204141968295e-02,1.881907186000816301e-01,2.171013989020589285e-01,3.994195306525153977e-01,5.720736334459887162e-01,9.950282534258461653e-02,1.862918725228192574e-01
8.601553072592292570e-02,7.969827399217949138e-01,3.481812017381946678e-01,3.919874520777740790e-01,1.541199814896991871e-01,4.918367737579402710e-01,2.440882664790987866e-01,1.878236896132152167e-01
1.106245485799278588e-01,9.918240192461930116e-01,3.034391142687473675e-01,3.706334782114312776e-01,1.468450676594011406e-01,3.823220968413691967e-01,2.573653792460231515e-01,1.886380934973972689e-01
7.963638644255156829e-02,3.267392495605214164e-01,9.724781279743666129e-02,2.863765976281678061e-01,3.137618376746628135e-01,4.176475861973596437e-01,2.461964292956107525e-01,1.865455254649817096e-01
1.268827982748148564e-01,3.785554869260566724e-01,1.050866378854921623e-01,3.017862773796711195e-01,2.382478938320628792e-01,7.653417681742901157e-01,5.400013857297747411e-01,1.848057255712214630e-01
3.954527429475183931e-02,3.107855229735440039e-01,3.927318133887677809e-01,3.350634897850724436e-01,2.974177501813972113e-01,5.731856929365544140e-01,4.287814212484822307e-02,1.877101252002232323e-01
1.166678056915370493e-01,9.473446700805918663e-01,5.427400902067782695e-01,2.703520730606604472e-01,1.730785707825001074e-01,6.117399346110573566e-01,4.549669380976152921e-01,1.865685471671807427e-01
4.942841573302630964e-02,2.269489365287901406e-01,3.646162680740466788e-01,2.926760068685227423e-01,3.332888588228755111e-01,6.757518400877076115e-01,6.801028170552395058e-02,1.865248102396456498e-01
8.064882581122284622e-03,6.101069135942234212e-01,8.780461112415309799e-01,3.538786847355226417e-01,3.011639307768816942e-01,2.590608520357391420e-01,1.190315627953302258e-01,1.861939056586134900e-01
7.449274854067912399e-02,9.437930273316713636e-02,4.417732788603667693e-02,2.386336553480691292e-01,3.863256656879184847e-01,4.335043618851904812e-01,5.780950958660822092e-01,1.834004385506059209e-01
7.473179126807821815e-02,1.333704757436651178e-01,6.053883988519143111e-02,3.209327080204659177e-01,3.494512258631067292e-01,5.085564834183815552e-01,6.562361149808949579e-01,1.826824587305913017e-01
9.890568403203031655e-02,2.451598617843030736e-01,2.427848450498260036e-01,2.377404329513411185e-01,3.158705038949173316e-01,7.941988516857312330e-01,2.740938553100987218e-01,1.851892831213808044e-01
6.526863866403637138e-02,1.802325698926651731e-01,1.308901294512738733e-01,2.765416115137853126e-01,3.633923893211228329e-01,4.781584793761095575e-01,2.523967516308738279e-01,1.846420317020596169e-01
8.962984245104733960e-02,4.942143529202325247e-01,2.824490250937498059e-01,2.638581052891977308e-01,2.664147842548047485e-01,5.595771288841315805e-01,2.474446470605613513e-01,1.859788417713207354e-01
3.428901847496323985e-02,1.045310207917222178e-01,3.511153621573283590e-01,3.360188847021217118e-01,3.537396177794974728e-01,6.978874202881912847e-01,1.936071551259060941e-01,1.858315871686252729e-01
1.505570935373592711e-01,9.630999391800343368e-01,3.534903283270248719e-01,2.384053538188553589e-01,1.641069027681090198e-01,6.698778803429323858e-01,4.917616669181165134e-01,1.869308133107532577e-01
8.650674557604053072e-02,8.050277372141160237e-01,4.332404208477191876e-01,3.690338733227832568e-01,1.698427543828198438e-01,5.419623065014432806e-01,1.903787305672648422e-01,1.876159285490140716e-01
6.642292008877125065e-02,4.080515854124741604e-01,3.916791923897890992e-01,3.195507562893029063e-01,2.650217211306277743e-01,6.700199059120333089e-01,1.153217545724733173e-01,1.873339634894175820e-01
4.576723581569781818e-02,5.778633448154052443e-02,3.325892904493359947e-01,2.639349337795945938e-01,3.847636188940634083e-01,7.123151993928259484e-01,6.352647337816491602e-02,1.871825171924843545e-01
6.514536753108243761e-02,3.161099247711205429e-01,1.933316666132885719e-01,3.243828093118982792e-01,2.922828120093760029e-01,5.169552221747450993e-01,1.559195445874467234e-02,1.875943158913339071e-01
7.618816543353128246e-02,2.321870536045979871e-01,2.762486884955287492e-01,2.590558851219343928e-01,3.241323176634024472e-01,6.888510987595765078e-01,2.913471246712301954e-01,1.849792313182773429e-01
1.277790040063970511e-01,6.614794812217333897e-01,2.356891383006016194e-01,3.366493698702170412e-01,1.675728872567495142e-01,7.449155539953886684e-01,3.934504721950051742e-01,1.866218529449711616e-01
7.419220491965734798e-02,2.995698072250684851e-01,1.525869159282445264e-01,3.423697117930913913e-01,3.040545568177324132e-01,5.470174492360657670e-01,3.611996981312349808e-01,1.841914688422161273e-01
6.202935606448251732e-02,5.317543965976001541e-02,1.178070992228986147e-01,2.691953501453382969e-01,3.849777331784742795e-01,5.334190002727255964e-01,3.433663904012301815e-01,1.848402058337124954e-01
8.173945529274746769e-02,7.157815714742615798e-02,8.482672085823220187e-02,2.727765052902126341e-01,3.621324841112202875e-01,5.961245650491879822e-01,1.799190310306725549e-01,1.862762251300597305e-01
9.088298221839946622e-02,3.834847543799095870e-01,2.278031887934560407e-01,3.547701758122898674e-01,2.367758193953342083e-01,7.532296258106251363e-01,1.343012481944464431e-01,1.868119015789518333e-01
1.072292887192523581e-01,5.321646559396649989e-01,2.076083529429228469e-01,2.838519287138189795e-01,2.238035403921913857e-01,6.162054943467272228e-01,1.537005235621911048e-01,1.875478951330198651e-01
1.436637850689516660e-01,9.787455789217527347e-01,4.094997473116551712e-01,2.915121691111605129e-01,1.470566388101826050e-01,7.258150779585872403e-01,6.552422533262025617e-01,1.857849639423338195e-01
7.959898395826686679e-02,3.198124280711265310e-01,1.199800905282405183e-01,3.527515205207163995e-01,2.886187623156822313e-01,5.467520399373093642e-01,2.065159376547221204e-01,1.860780616802470977e-01
1.069284613540851525e-01,9.138730678130733143e-01,3.187943518163356971e-01,3.258796506380527980e-01,1.733941044020307909e-01,4.040365407281470422e-01,2.396474947236417741e-01,1.875781677368354161e-01
6.625364788450005538e-02,7.395624639515387955e-01,6.713693633927332316e-01,3.020408503941616751e-01,2.142592025716813786e-01,5.367238582756239662e-01,1.430037984832892295e-01,1.872676362213231138e-01
7.025895343018626060e-02,5.281473615742282579e-02,1.738521612182938325e-01,2.452877343484966000e-01,3.588126535066183953e-01,6.570282022029308999e-01,2.132620844718002839e-02,1.879207690366559436e-01
3.384821615832413894e-02,2.096503989093108644e-01,4.315095314581222086e-01,3.081432220293354729e-01,3.429731092365235212e-01,6.444196700467172967e-01,3.349696489184884052e-01,1.842232916483859673e-01
4.871217870926045079e-02,5.415695155375059855e-01,7.954847516486716064e-01,2.346322258609566669e-01,2.827837551641380065e-01,6.744577936137474694e-01,1.475989991652465749e-01,1.864650032919370481e-01
8.024572359297474367e-03,6.916538186983089975e-01,8.460589002047740337e-01,4.414354433373482434e-01,2.562331574106676557e-01,2.074531172981908811e-01,3.083850130948254664e-01,1.852980584959586230e-01
8.698133609241048836e-02,9.267395234522141090e-02,2.801005148474028372e-02,3.134979635733334824e-01,3.595663849730411643e-01,5.641940573865847908e-01,2.367605472177133075e-01,1.854287297821870240e-01
6.637200807023549420e-02,2.275175556616434169e-01,2.173330051263815954e-01,2.981958884254125031e-01,3.321944467995283645e-01,5.793829931583930337e-01,5.031010629444937488e-01,1.829883952992659435e-01
5.993400100833093380e-02,3.997562705921351434e-01,4.564279674081924143e-01,2.874751629161040878e-01,2.856869908659936952e-01,6.434966163537365613e-01,4.504428920297268157e-02,1.873584269462966190e-01
2.647697369545818497e-02,8.055288024605333774e-02,2.994500725861281576e-01,3.542231021338458907e-01,3.768733643476349648e-01,5.863873597564304152e-01,1.288920125445268683e-01,1.861960250248256288e-01
1.107568608604252575e-01,5.249689916404394197e-01,1.101049782492616036e-01,3.135944724345655077e-01,2.124800611379052406e-01,5.517704980750306465e-01,1.182298353495641052e-01,1.884723647197616148e-01
6.925949344383802719e-02,1.589984829491136731e-01,2.002929165092344477e-01,2.949552112002865045e-01,3.580922465610697492e-01,6.028954060727766961e-01,1.142748801660333768e-01,1.863494484775556626e-01
3.588657365333434296e-02,6.305497639635916363e-01,4.810744493569017455e-01,4.156987978799368544e-01,2.463354653084998402e-01,3.383225081763487352e-01,5.674712646410368100e-02,1.864911080543232846e-01
2.605729491879710952e-02,6.656182615736799812e-01,7.816043602706851390e-01,4.085268378907850884e-01,2.287121135842545283e-01,4.226945328726917639e-01,2.228123901279415175e-01,1.861113559456572253e-01
7.828755105610263332e-02,1.614112136937193298e-01,1.367171808175959846e-01,2.631783786349499166e-01,3.534337866351933699e-01,5.966072785389433530e-01,3.441430616599907566e-01,1.839645283747700644e-01
5.724591626518548554e-02,2.368117900173417056e-01,3.287436330589999511e-01,3.495439885372188527e-01,2.892718591945604434e-01,7.516871929040702671e-01,2.665995116492701489e-01,1.851875848553823922e-01
5.381181820843466967e-02,6.026552718341376957e-01,4.927834256878783070e-01,3.274095858618327748e-01,2.470216293663375362e-01,4.662308751738656887e-01,4.626501654042353140e-02,1.869105738176275733e-01
1.173747547865329199e-01,5.105497006002766014e-01,2.978679360241882068e-01,2.810087830268102049e-01,2.243295812404105249e-01,8.127248223335213906e-01,2.022913061922518296e-01,1.872593692384384723e-01
7.350047099113608817e-02,2.047723916360119634e-01,1.116816317850075346e-01,2.990794246596210626e-01,3.117730028832314537e-01,5.374311205374957545e-01,5.558651206909831499e-02,1.878631109612155514e-01
9.190269279672318159e-02,3.224034559711512760e-01,1.182253133077385554e-01,3.777872793311638500e-01,2.525746761856820233e-01,6.610866221175202284e-01,3.664892631729405048e-01,1.854344680923447064e-01
1.018906480121494623e-01,1.204763703085834914e-01,8.752157159793716446e-02,2.329491071764290266e-01,3.658247883021816249e-01,6.085458238366323602e-01,2.947019682688521991e-01,1.855966278796079283e-01
8.807240836123562955e-02,2.333886066775003598e-01,1.070238375054630986e-01,3.043688050085939789e-01,3.107092867358610677e-01,5.566002931323675851e-01,5.777381339413262262e-01,1.842561396859251632e-01
5.515830966299224009e-02,4.778551180039786739e-01,4.023862914316008177e-01,3.423857037890752908e-01,2.464815447301054729e-01,5.462859015991453626e-01,1.002222104966835892e-01,1.872332097798929396e-01
1.109031139464848048e-01,1.672355081904491336e-01,3.990418723364352882e-02,2.698246941542228883e-01,2.993252344443091406e-01,6.803897099650473290e-01,2.062479118039027282e-01,1.871794513082897238e-01
7.233120715656037036e-02,2.818316805137730530e-01,1.229182968100003548e-01,3.277435317272699988e-01,3.305287542543156043e-01,4.590154830893478088e-01,4.018136532221875390e-01,1.840612780325404374e-01
9.135621475853235307e-02,9.017091813755122587e-01,3.769295669645840174e-01,3.739935237870030127e-01,1.664492333419828884e-01,3.773279546262512940e-01,1.313875143131723877e-01,1.888679961098849447e-01
1.539173632460194840e-01,8.694408352453627531e-01,3.361899637501808980e-01,2.276100203765952235e-01,1.764010253158002084e-01,7.317000763491871007e-01,4.214845974077010005e-01,1.868986535790733428e-01
9.280030427753573063e-02,5.529991350374241499e-01,3.141632285586804518e-01,2.830942513207252986e-01,2.361084325462304567e-01,5.998095979194483229e-01,1.456929183599223465e-01,1.869184778662243418e-01
7.570761828773776847e-02,1.004174372989363739e-01,1.352646917849314179e-01,2.664269155349008877e-01,3.473550981472215415e-01,6.236872037199747698e-01,5.097006465852180757e-01,1.838916334332482694e-01
4.646672370476093161e-02,2.388782685234436265e-02,1.361414090165398993e-01,2.982237930628395817e-01,3.866889390738114662e-01,5.131436459276543793e-01,1.857369193037868849e-01,1.864211307439083143e-01
6.810116674574462348e-02,6.051227905366496351e-04,9.708134872378648694e-02,2.478721949145438752e-01,4.211699954578256300e-01,5.258997452363921576e-01,4.852806428547337125e-01,1.835361854264108972e-01
3.563275198374542263e-02,1.193200965262044555e-01,3.537340296047232768e-01,3.169118084757187592e-01,3.632798218578646154e-01,6.501077844400843242e-01,2.481744892773126432e-01,1.846683847084983621e-01
6.902475551221970429e-02,2.725491625274363838e-01,2.512645982321392579e-01,3.338320976588267097e-01,2.773950158117989284e-01,6.692786334983772401e-01,4.527095125684507115e-01,1.845977370305767196e-01
1.237635057457032173e-01,4.546238133215891319e-01,1.348148421290475130e-01,2.494590528685355912e-01,2.562572797362498989e-01,6.179642114239628503e-01,2.477702141002342262e-01,1.867593048923390509e-01
4.879798627233410124e-02,3.120523232269844516e-01,1.844911717716112010e-01,3.943921421740174127e-01,2.980893783278163456e-01,4.760056918995246855e-01,1.144455286762025015e-01,1.858110712827669153e-01
7.659578010001044657e-02,9.886130415207633471e-02,2.971527112800292914e-02,2.931454259793209727e-01,3.778265307380423987e-01,4.985720706358837129e-01,1.216639631924729681e-01,1.861695487402715010e-01
1.282786024173434292e-01,6.599460224923591189e-01,1.549489332051697532e-01,3.223568623001558664e-01,1.778118743462606122e-01,6.313187161949200821e-01,5.519140965039451840e-01,1.858847744605214847e-01
7.264169408404644313e-02,3.194274669815103662e-01,2.740536474577688342e-01,2.896891247293755800e-01,2.890601545343882139e-01,6.376731398123409722e-01,4.956992562950036652e-01,1.843098061492352557e-01
6.270144709620625867e-02,2.665663943398610680e-01,3.100967226706999869e-01,3.041705853841382701e-01,3.270976576942186131e-01,6.427695112519428156e-01,4.477973866862110519e-01,1.831165059034356446e-01
5.140897153565340133e-02,5.278908636374648466e-01,3.935884902224168758e-01,3.915319031648575865e-01,2.430057553480828303e-01,5.001909310121189778e-01,6.916749051915088708e-02,1.868776794550734144e-01
6.655939472842660465e-02,4.233323200140137743e-04,9.555488954430488291e-02,2.310322791899734329e-01,4.049381583781589411e-01,5.183606536260221276e-01,1.367453814849270421e-01,1.872169039991623818e-01
7.542611317559633211e-02,2.752075538816853850e-01,2.188811540193630334e-01,3.307413581859640628e-01,2.787201577200959512e-01,6.868307868116686477e-01,2.295978237697844648e-01,1.856676959443975539e-01
5.539635572107790007e-02,3.258966992252584349e-01,3.499985246455499799e-01,3.280588396296452713e-01,3.007916871849633522e-01,6.347429846863680281e-01,1.036889878375940044e-01,1.861816620263363198e-01
7.005133547723943477e-02,3.753225275483671464e-01,3.419817320282161899e-01,3.331962566775800161e-01,2.547652075948532158e-01,7.346073648681240575e-01,2.622352048720175688e-01,1.859522856288577664e-01
7.659627780059909130e-02,1.076092064558851757e-01,2.116513798019621917e-01,2.093622334873110058e-01,3.837696021706851202e-01,6.187758284512254736e-01,4.339250353485509804e-01,1.840463144517645311e-01
1.111593435744688274e-01,3.190184701199704209e-01,5.807037071117071569e-02,2.911749479027266330e-01,2.901868054326625646e-01,5.597344894788088832e-01,3.588895390614866288e-01,1.854638773922753781e-01
9.108671166464281377e-02,2.407972390384524874e-01,2.258126505289178576e-01,2.410272775834095826e-01,3.273184969286893620e-01,7.185399477214630126e-01,3.576646343755209290e-01,1.842297195729958870e-01
2.333123030836128931e-02,6.289682515745178559e-01,6.389540098425978698e-01,4.262991966255548770e-01,2.327819807304780664e-01,3.642929497910529779e-01,1.279304600516499857e-01,1.868276364410568213e-01
1.105731704818373184e-01,7.292509934274821193e-01,2.094814934563584696e-01,3.488228459425633532e-01,1.761022635682937820e-01,5.217534013169380369e-01,4.905136224272598766e-01,1.857825205548180592e-01
7.410908090572802809e-02,1.238845716779768402e-01,7.362237152688277941e-02,3.554761542499987881e-01,3.278298353216688721e-01,5.972966372650221345e-01,1.953287803946393564e-01,1.865980023160943579e-01
6.155140809000349267e-02,8.762382441091270957e-02,1.523261770001052562e-01,3.085508833282574748e-01,3.377571638919442676e-01,6.073330953228536222e-01,1.588505419311393996e-01,1.868357733334866932e-01
1.443782418079304353e-01,5.014484443553736126e-01,5.458054319047742076e-02,2.814154497452985293e-01,2.169459290913733351e-01,6.631680905973424967e-01,3.691287254598592527e-01,1.866977483538323490e-01
5.539584125178985408e-02,6.890668922499878501e-01,5.060629803983529573e-01,3.520793095514225812e-01,2.257833116297664755e-01,3.913536038718206655e-01,1.999971943646041694e-01,1.868463677347811380e-01
7.761663868577142744e-02,4.831033953941510362e-01,2.185961843998342480e-01,3.378772324554998319e-01,2.421376390494756059e-01,4.978758809619057146e-01,3.308685711209375935e-01,1.855793779041553515e-01
2.890411119787102828e-02,5.050273443767343551e-01,6.546379347104966939e-01,3.516635201321993698e-01,2.791571851352543931e-01,4.910667098233005845e-01,1.650917523265831854e-01,1.858634763764595021e-01
3.244360761448312341e-02,1.934148953418849959e-01,2.740804467565435831e-01,3.512269372832526604e-01,3.501806182259353806e-01,4.886545472543697977e-01,1.715974361198937537e-01,1.861302615932051430e-01
7.776691791110268426e-02,2.825807412908637462e-02,8.551005365804914549e-02,2.495423072535824238e-01,3.911638654269514181e-01,5.436151389176427928e-01,1.762983125503785331e-01,1.870463987290384988e-01
6.963499984832666190e-02,4.071231684517601090e-02,1.219614112938230965e-01,2.333692194812758136e-01,3.856580048891563028e-01,5.738960232957108776e-01,5.628520355538432773e-02,1.867956750854173897e-01
8.055540499629770812e-02,4.652820894645220973e-02,7.032737387264176299e-02,2.014291549345873511e-01,3.944946465778497724e-01,5.169584817619281569e-01,3.555098425974197451e-01,1.853064457830804479e-01
1.117991203038773973e-01,8.523209301186207565e-01,2.282694188880069752e-01,3.488243178061749550e-01,1.614428811982362988e-01,4.421700410737957609e-01,2.616745191010717009e-01,1.878764325016328007e-01
8.263408993218043785e-02,3.174962587992037344e-01,3.306603728875283088e-01,2.543936110560219843e-01,2.967533910877613867e-01,7.409196211762930639e-01,3.001996527650716007e-01,1.852773643338788689e-01
9.164474880181880390e-02,4.922389640958189649e-01,3.106112249766010969e-01,2.926695864948428705e-01,2.408274978349114193e-01,6.905542572705223314e-01,2.471013027324912015e-01,1.855343860789093191e-01
3.508228188322609631e-02,7.188421576607317842e-01,8.851762628183161841e-01,3.397672063204619231e-01,2.539899289731717968e-01,3.866850485718855701e-01,3.248036301979584373e-01,1.850969295505276169e-01
7.426349293465567269e-02,5.494019188794568853e-02,3.414835394208498576e-02,2.437459590308800328e-01,3.838539786101942131e-01,4.696797478285468230e-01,5.617981384446935067e-01,1.838413175296308710e-01
6.963180966147154705e-02,4.542443302668272564e-01,2.043256532371699463e-01,3.685412926768644182e-01,2.577766516316593592e-01,4.711516872499567632e-01,4.717099875721395552e-01,1.844291668840854770e-01
8.323150341805983510e-02,1.669826694558140812e-01,9.734518965822328007e-02,2.549379287554390250e-01,3.582813611084118555e-01,5.096665151635259017e-01,4.867001440271838675e-01,1.844751454438705585e-01
9.473416683401975069e-02,3.454368088198076503e-01,2.172792610428762594e-01,2.901361488347029560e-01,2.477040509381368549e-01,7.204674794270552463e-01,1.144659141548799719e-01,1.883932269747856103e-01
1.134627082291400357e-01,3.093085376336016101e-01,1.620007405307324067e-01,2.239442210085091367e-01,2.998237762799481065e-01,6.976394798247083084e-01,4.392023520910974810e-01,1.844989605624124118e-01
6.589988965689171085e-02,6.923995742395647746e-01,3.321942608259859098e-01,3.861868172652970777e-01,2.000040470298212192e-01,3.813991991760135036e-01,1.700626006872134888e-01,1.878672935506842667e-01
7.554751368326112493e-02,2.800259028062950240e-01,2.254798127398542074e-01,2.991811324880565004e-01,3.152842196664014662e-01,6.133398461088240827e-01,2.902522618471649607e-01,1.842808832993258206e-01
9.549887981842404561e-02,1.843111531584175067e-01,1.700062479222206047e-01,2.120846950669060815e-01,3.462372534792758083e-01,6.669352200905231953e-01,5.832767736415424009e-01,1.831851031968398102e-01
1.221687274438722631e-01,4.070773858314775673e-01,7.845452679607406443e-02,3.082986135131123295e-01,2.237376481237171588e-01,6.865386463582596743e-01,4.343853105298629558e-01,1.855548467163796456e-01
6.346268961521488172e-02,6.154766886433967743e-01,3.782566701235785533e-01,3.938078339161951158e-01,2.071971447144050349e-01,5.095175605600821278e-01,1.204007684668695899e-01,1.869996302077401307e-01
5.213276217865468742e-02,2.159920904596276392e-01,2.623149541488306591e-01,2.738150797550676918e-01,3.451439238442762791e-01,5.431001346887502912e-01,1.997842144910546291e-01,1.853231121849050478e-01
3.510300764610072011e-02,7.008615526736855506e-01,6.044926748857235577e-01,3.939458669827970994e-01,2.441272677518288026e-01,2.916322840621750068e-01,1.984197394828371430e-01,1.862075513668983717e-01
1.069727518714112535e-01,2.953588385083200096e-01,6.450974013344168423e-02,2.576105287471698868e-01,2.933002983404670028e-01,5.559206480550015206e-01,5.774243662957961876e-02,1.881385255374776744e-01
1.054161778879375289e-01,3.496011235810558837e-01,8.380564354213851375e-02,2.790719273914432641e-01,2.804868915274456032e-01,5.753250022273174169e-01,1.395598930175227237e-01,1.869358437838303244e-01
9.932017057330798371e-02,1.260028366020736201e-01,1.216742944438101437e-01,2.155217233057431514e-01,3.605349764734673834e-01,6.185748937197849129e-01,4.141191130463157677e-01,1.852958192910449664e-01
8.422967404417422421e-02,7.351504372021089306e-03,9.332938641732416163e-02,2.575857454443293282e-01,3.909546021289732054e-01,6.490707884052823173e-01,5.233538205828551781e-01,1.834930995321123748e-01
7.009039410377676527e-02,3.845479860654623661e-01,2.681744080615875436e-01,2.816095856188596813e-01,2.872855383946307795e-01,5.480925617019928309e-01,3.117486945192542436e-01,1.850705461648572414e-01
2.158159431740057366e-02,3.486686260190457465e-01,5.520912500205699125e-01,3.509449262471280861e-01,3.202116918843583848e-01,5.426142371692410649e-01,1.338489852237820799e-01,1.855844564289434451e-01
6.900446262198416114e-02,1.258500740504283066e-01,1.970044510973829044e-01,2.555449822046312325e-01,3.583408084507720970e-01,5.962717849352364707e-01,3.295683952489197321e-01,1.854078049459722544e-01
1.392790110472566512e-01,5.691220131980700980e-01,1.014280542920754369e-01,3.053883024413179270e-01,2.051464225998537727e-01,6.788534100161291995e-01,6.676557714617643580e-01,1.840126454834938863e-01
9.040188903912117768e-02,4.933338103000437513e-01,1.535938854853183821e-01,3.647194129533561924e-01,2.134507745111904331e-01,5.602717549619058435e-01,3.245707079749602930e-01,1.860519215736844145e-01
1.462087892091240571e-01,7.193947750545898190e-01,2.422906594898621979e-01,2.476777929340165940e-01,1.940266339407918927e-01,7.089827080371657875e-01,4.822319300137779541e-01,1.861252128958490737e-01
4.054769367643074052e-02,6.158580756417253443e-02,3.869365746947369677e-01,2.498533353168453930e-01,4.067272297090744893e-01,7.047625133259249885e-01,1.814850439841981522e-01,1.847367869705852095e-01
3.184267038453335308e-02,7.144366791012948248e-01,6.774121030305675362e-01,4.258928516526868657e-01,2.203127954069350469e-01,3.488628007281320276e-01,5.761101203433566242e-02,1.877571003111307424e-01
6.407729149241328526e-02,3.125304340611266829e-01,1.172033207071693228e-01,3.464787236910031876e-01,3.213103549536444614e-01,4.044817952792414406e-01,4.555287948154893574e-01,1.839215788871957635e-01
1.186220582689903602e-02,6.150249534716620836e-01,9.993132952406102998e-01,3.470972800336549202e-01,2.973490118341720612e-01,3.614183547430924737e-01,4.289869158890813328e-01,1.833457071315307274e-01
2.952410583084705276e-02,2.192600291267458312e-01,3.144392763968743565e-01,3.595725676076726440e-01,3.502570365514121042e-01,5.014452932199076063e-01,7.853797352581939895e-02,1.860623647542564152e-01
1.179282570696503496e-01,2.047815087925472233e-01,1.018458910896758163e-01,2.596876119539490158e-01,3.023537541669440998e-01,7.506917374204472582e-01,2.753622806703771575e-01,1.862604177695576790e-01
1.013239330211989780e-01,3.284233340865065909e-01,7.966418893311044691e-02,2.605001222281899120e-01,2.826003051503340191e-01,5.421800607052696952e-01,5.503223329824608046e-01,1.847823270220399217e-01
2.416733362052646272e-02,4.767112226247035012e-01,8.255571979161792084e-01,3.191300174896612996e-01,3.006925466299169569e-01,6.180919961322889344e-01,1.758336748646428804e-01,1.856518448309185110e-01
8.633475483859004429e-02,2.158063153646607168e-01,4.599175077473310891e-02,2.986525767759016237e-01,3.459081734583531742e-01,4.748235374064537773e-01,4.045423769189628871e-01,1.845630280673789536e-01
1.091809098886177831e-01,3.063979019445322027e-01,7.400568713265087695e-02,2.571679184437553611e-01,3.062764854208103182e-01,5.533909357491690884e-01,4.433338686736424394e-01,1.846352504917740667e-01
6.535598529877044427e-02,4.125104223070275022e-02,3.847802127845686981e-02,2.354971160473489922e-01,4.096974911173335565e-01,4.097591748857509208e-01,5.503857482647671606e-01,1.840054507574624965e-01
1.190655846221202463e-01,6.741766965860949146e-01,3.007608365237168235e-01,2.901397663665874482e-01,1.843216488600053216e-01,7.172889557824571050e-01,1.549373617372614143e-01,1.881796683044010543e-01
1.098194292977415221e-01,5.511550112495680054e-01,5.299368235846840802e-02,3.419426825434566664e-01,2.251718368299862050e-01,4.531370934044386400e-01,5.393762047773300594e-01,1.853240596852525346e-01
3.554056541150569376e-02,1.802476076383031089e-01,3.981626202703913431e-01,3.208035624383387963e-01,3.535157323483306691e-01,6.723359886749601388e-01,2.260665925050438230e-01,1.844732237838555000e-01
4.798195208922578781e-02,4.873335502388657647e-01,4.234428632215411770e-01,3.797148581084785479e-01,2.520826485403538930e-01,5.433019132316300182e-01,2.226906719416543723e-01,1.859468947736485356e-01
1.058920224732523563e-01,2.632226094553641316e-01,1.866952622062180711e-01,2.213009374166115539e-01,3.042648843926831770e-01,7.125497528869313424e-01,2.906155923728520052e-01,1.864516140090599072e-01
8.613708539121675556e-02,8.228278080265611916e-01,3.080230025151359796e-01,3.448509773339213380e-01,1.927004561186689835e-01,3.266676108247227872e-01,1.301647878036835126e-01,1.882235403450803202e-01
6.086901131546992860e-02,1.756954828882105746e-01,3.778361142815965246e-01,2.262542152245441418e-01,3.446954712032684887e-01,7.665383272482354515e-01,2.045936857499636996e-01,1.855463350853205906e-01
9.096275044611019933e-02,4.446953699730317178e-01,1.688450970345249380e-01,2.855881406444871207e-01,2.660921895961205763e-01,5.071109390889726454e-01,1.844186588864699106e-01,1.873123695949836798e-01
8.683248125089013114e-02,1.245473281391041853e-01,5.777516463504361877e-02,2.654460559664076902e-01,3.383772544531467030e-01,5.633133981050316708e-01,3.211609273643872831e-01,1.861867101339997610e-01
6.586198939710774525e-02,2.926899995243003594e-01,1.844826776071246677e-01,3.220247364268026269e-01,2.913688229063461366e-01,5.199573196963351851e-01,2.674164422788744000e-01,1.865871222015529352e-01
9.305199783739249997e-02,6.092540337883510793e-01,1.729597364408383131e-01,3.548867598370690768e-01,2.158387362822004052e-01,4.560798459607015576e-01,1.969700791530403228e-01,1.875896273020193905e-01
9.045457872421389101e-02,5.999410322404857832e-01,2.674667913683986264e-01,3.576252806701001319e-01,1.861857922648388342e-01,5.873138134008462075e-01,1.722353453143770641e-01,1.882024703697587342e-01
1.299453054228601745e-01,9.512360186577291099e-01,3.395103992485778432e-01,2.772045489267707663e-01,1.653643498205754903e-01,5.159664999680401154e-01,3.077126283977301702e-01,1.877165161576840879e-01
7.875083457631762429e-02,4.252259800570394321e-01,2.618075700109232518e-01,3.513261364328124081e-01,2.603280083261683697e-01,6.234255695812995768e-01,1.853765676625326320e-01,1.860895162068281483e-01
8.324717077766075057e-02,5.186700615945177839e-02,8.719501241707805494e-02,2.523917087400069925e-01,3.908565948799694878e-01,5.754468898695310752e-01,6.946282491513510182e-01,1.822266673783920765e-01
1.207824509783547162e-01,7.339472973123433164e-01,2.441455971677061187e-01,3.026189607783939528e-01,1.928396054768406476e-01,5.754446842353981850e-01,4.048480588119681700e-01,1.862621450467653317e-01
7.150635702396666848e-02,9.439565628340955694e-01,4.308366324079576648e-01,4.201144174121870245e-01,1.775858371140551506e-01,2.623534284248593695e-01,3.531947831491886181e-01,1.861275606656189741e-01
6.921513366872966699e-02,3.727155537184295708e-02,1.500423238382164737e-02,2.760307395228095428e-01,3.980508682524530051e-01,4.563049151366206369e-01,1.999127257150568604e-01,1.858746269129250284e-01
9.031921667961899380e-02,9.182692800190770388e-01,4.822216708160483867e-01,3.669767801093810067e-01,1.644423098783322212e-01,4.355134167584899241e-01,2.238065708117286112e-01,1.876634513098044965e-01
8.000677436306688484e-02,5.897701547308482617e-01,3.632211595748042199e-01,3.482541057894480985e-01,2.130538487808732451e-01,5.783878059572781227e-01,9.146706437316756699e-02,1.878933239577851022e-01
6.909966919047605405e-02,1.475643615520892959e-01,9.324945987621174881e-02,3.522027671153623585e-01,3.145957228851361531e-01,5.937712106799195588e-01,9.898971705930134646e-02,1.872891643274233187e-01
6.027669118691450501e-02,1.980966545695989067e-01,1.800727939902874442e-01,3.303161288066372991e-01,3.464334143186600379e-01,5.112251972691885804e-01,3.553091808907695714e-01,1.846406123896482399e-01
6.774416925437519443e-02,1.001665236745877818e-01,3.082507377134449666e-01,2.849981161691164111e-01,3.319091120366326475e-01,8.655176071814729699e-01,1.250124797527162879e-01,1.865346150810437420e-01
7.818616099446538958e-02,3.388827286774598324e-02,1.238997113663352634e-01,2.180782777169011366e-01,3.804763852509484012e-01,6.226079431506968964e-01,3.274430571220426911e-02,1.877920088215914440e-01
5.154183359637161399e-02,3.776938744628516309e-02,2.685483408854107412e-01,2.835860790703403911e-01,3.799971661668356537e-01,7.301749049561748750e-01,1.252712656873851971e-01,1.855307338037071874e-01
5.010070734237133394e-02,5.027306993282556480e-01,4.450262188810231723e-01,3.340011443816862657e-01,2.678813660717337397e-01,4.963183536865125589e-01,2.658811283253897928e-01,1.851262557277786880e-01
7.353765707043377620e-02,8.966752541544824595e-01,4.423921802031313688e-01,3.562032486938401243e-01,2.026690647190692030e-01,2.628039724026394186e-01,1.344623150541858214e-01,1.875585612420231085e-01
1.033498067774284990e-01,2.527739603172639571e-01,2.645718657194950918e-02,2.774453943870568429e-01,3.318907415224404689e-01,4.877840711710992316e-01,6.233066280616184063e-01,1.832066953526734487e-01
5.298826601312376511e-02,4.412549178861286392e-01,4.307327616094318024e-01,3.486283164222457320e-01,2.595935924060006617e-01,6.254139390665203191e-01,3.775123509033946889e-01,1.842039599905232472e-01
4.225737741077351811e-02,7.655362041751363478e-01,5.823871388354180390e-01,4.285813544909246042e-01,2.176408604474902031e-01,3.074370496109760653e-01,2.033360100919595626e-01,1.858339719848128013e-01
8.033174754255373307e-02,2.137248850274955925e-01,1.292285933208622006e-01,3.221391258263345270e-01,3.153798372800923899e-01,5.826801260436390573e-01,4.878645110846090427e-01,1.840855979758088679e-01
1.254975244598966477e-01,4.842126609979358620e-01,2.579529966028989429e-01,2.369568891586408821e-01,2.428329703018672348e-01,7.899959814691583926e-01,3.501136337261048226e-01,1.858256031754921822e-01
6.338261770804928807e-02,1.611754349327225166e-01,2.664156373272453804e-01,2.746471928118683348e-01,3.431528715968221732e-01,6.691506329796579333e-01,1.121320976056911223e-01,1.859609826077485428e-01
1.107234590115377254e-01,9.443354111220018110e-01,3.232199004825622168e-01,3.625864782959440369e-01,1.572967021437783330e-01,4.449909246974165233e-01,2.926218483866860898e-01,1.873875517525624146e-01
9.592867255164969076e-02,8.213421298703289519e-01,2.906629802111773686e-01,3.348797839922202368e-01,1.881541093040317303e-01,3.800039365440028849e-01,8.290967988892122831e-02,1.885721918406094155e-01
8.460823239146587904e-02,2.979086715366243143e-01,2.294930973419420928e-01,2.524033387366252934e-01,3.028528308359882959e-01,6.223892370945066643e-01,5.817914779930008495e-02,1.880293366069609173e-01
9.117658053654459360e-02,1.914954345604025776e-01,1.808950663670938486e-02,3.108790159466421898e-01,3.184255168566296201e-01,4.989391568839991464e-01,6.461677365568494480e-01,1.840918592159736245e-01
3.895506546448405938e-02,1.352437203111489517e-02,2.886065856434638643e-01,2.338171193267820080e-01,4.176599428268560343e-01,6.001384924303367896e-01,1.114793962186316212e-01,1.863299795885862142e-01
9.566090020662525173e-02,8.561010767636813013e-01,3.885710243630194904e-01,3.538526786993573259e-01,1.596949203605401713e-01,5.059610744645934854e-01,1.531378421080106245e-01,1.881942432136467225e-01
1.433567482514835068e-01,7.869622288954249978e-01,2.998627856017318516e-01,2.627760629033137896e-01,1.757644770504500353e-01,7.460834199780718157e-01,5.227556466479302832e-01,1.858633570539176272e-01
8.790376760586574023e-02,1.975574870400422234e-01,1.383611435664595102e-01,2.752017219154996308e-01,3.116301845342964727e-01,6.421918635339418646e-01,3.313339391165437964e-01,1.858526822434778403e-01
1.129458318316676063e-01,3.673079474021966329e-01,1.432881444625336009e-01,2.670688679490768047e-01,2.546440523928484856e-01,6.562312698746470829e-01,2.118279062858310913e-01,1.876099448703112960e-01
3.240167909739370689e-02,5.650849325268670897e-01,6.951282941203087429e-01,3.693197180885828268e-01,2.405719159189086964e-01,5.607636422659503239e-01,8.307024855355954474e-02,1.871268958508605917e-01
7.985936316020679493e-02,4.052401232272209164e-01,1.260221909069610957e-01,3.519320598965551827e-01,2.620074944291669872e-01,4.658822714862039804e-01,2.266997227745889687e-01,1.865752484093042007e-01
7.195230455462767183e-02,1.969896810023729072e-01,2.735478052954337658e-01,2.767647367217423993e-01,3.258676335259623746e-01,7.454797852923360502e-01,4.957652983661090529e-01,1.831173214068824717e-01
6.756355883420459008e-02,3.340293249493909711e-01,2.066440351206874082e-01,3.778672540919985057e-01,2.507864312976398335e-01,6.119604779894458613e-01,3.165906408562453866e-01,1.860521608922726666e-01
1.831262807854716068e-01,9.010613412216963436e-01,2.682842117810178006e-01,2.182668067927234501e-01,1.631634480999775427e-01,8.644973685018091381e-01,5.892933924915341182e-01,1.864724539948065529e-01
9.964629553120986361e-02,8.298711378322065624e-01,3.638034522743868182e-01,3.030413792761145753e-01,1.976571962354953249e-01,4.156070865656346092e-01,8.924261358469826044e-02,1.885364727266300167e-01
9.250868834577311017e-02,3.213809149362305551e-01,1.102213056190740614e-01,3.440258280625297926e-01,2.719785341478193619e-01,6.006485259763891804e-01,3.604843276204147129e-01,1.849451675125136640e-01
1.114622890535551802e-01,4.604008871737151343e-01,2.204471291127261534e-01,3.150636453623187894e-01,2.224689865157958302e-01,7.693784255741469291e-01,1.684985150433180590e-01,1.871103966648808847e-01
5.716696319966354384e-02,6.639084807624053841e-01,5.150166906321466120e-01,3.595778562372550780e-01,2.198039103212613421e-01,4.838509706833585833e-01,1.510309598009512699e-01,1.867799740276196441e-01
1.093799041937758704e-01,6.310435659368365258e-01,2.216865601627707461e-01,2.997901786847572692e-01,2.061369707962844022e-01,5.826706205220170132e-01,3.079430583209682992e-01,1.861687444948936232e-01
7.481047257976462805e-02,2.945194468689205647e-01,2.175677129145761057e-01,3.604688773761041132e-01,2.855946607689355266e-01,6.549524194707757596e-01,4.713785161493468379e-01,1.837484389744102886e-01
6.107743794832631162e-02,1.577934586147572427e-01,1.415798694174811856e-01,3.104410954388094335e-01,3.525520705659366816e-01,5.155954358545693506e-01,4.302822158776333228e-01,1.845481670458568313e-01
1.249389457866426079e-01,5.012054644458767694e-01,1.153555449470584915e-01,3.115744699224950454e-01,2.242763618398257996e-01,6.678557087813180582e-01,3.492740619101429855e-01,1.855767063547028028e-01
1.624504632040946195e-01,6.263869720373264061e-01,1.569794518080953050e-01,2.456128482282138314e-01,1.983416226529699233e-01,8.065880268018510435e-01,5.178771839406366428e-01,1.856420122647834403e-01
7.835238930055274387e-02,1.050498753391202467e-01,7.944127919246515845e-02,2.355079305343543705e-01,4.045162966079609568e-01,4.523687334278901906e-01,5.559645658976606342e-01,1.830526865568992689e-01
8.046806250815614903e-02,2.006714653391636349e-01,3.816126671712782858e-02,3.168001370585113441e-01,3.179569451243564604e-01,5.018533513965748316e-01,3.146693282670565139e-01,1.855109445823085179e-01
5.781457636244943799e-02,1.989511673001414238e-01,3.258702683082743690e-01,2.808482802342699425e-01,3.222974750621308559e-01,6.842388705209767608e-01,3.809588961205085389e-01,1.848343684478751803e-01
3.273088458484952473e-02,4.382880723928171407e-01,3.886948893169617780e-01,4.194351803118955835e-01,2.696666018081613214e-01,4.667478417145958791e-01,9.353282816808289324e-02,1.861974757278177517e-01
3.018898043133308451e-03,5.380445820055913542e-01,6.970006342971515334e-01,4.266957307978870850e-01,2.994445209911227868e-01,2.869595868435038111e-01,7.379352560581572962e-02,1.861111852764246732e-01
7.493191849455115017e-02,1.643607853406425789e-01,9.985948639960792739e-02,3.522853469751281441e-01,3.339769842974018021e-01,5.988600249500375394e-01,2.316577016409210321e-01,1.852306132246344939e-01
9.022462832438922498e-02,1.973585936340925273e-01,6.023381477948280827e-02,3.478696008562250919e-01,2.946649410035478978e-01,6.392096722016845645e-01,2.163722417476617865e-01,1.857850923421101030e-01
9.008341629616228863e-02,3.726970005684116516e-01,2.387775075642942502e-01,3.177498219004883939e-01,2.444663593656515310e-01,7.113737820908115905e-01,4.135436339988124432e-01,1.857679007831418982e-01
9.977300186732004916e-02,2.370465050811118857e-01,9.024570324946615263e-02,2.844952879630650022e-01,3.029134752065381075e-01,6.253998383616907741e-01,5.532060594865476633e-01,1.837848407469084566e-01
4.754590810491626796e-02,2.923442147568886540e-01,4.483758491637085952e-01,3.107814958991707566e-01,3.169037135068530353e-01,7.103570132841325879e-01,1.641653630065511016e-01,1.853906253642799984e-01
7.762364281689722312e-02,4.758005170137995510e-01,4.419197922932103229e-01,2.997142165796010671e-01,2.397349644040264460e-01,7.782445134949340648e-01,1.716623471702799497e-02,1.875467987460442132e-01
2.128205544813489142e-02,6.580641377596180286e-01,7.569358146183586822e-01,4.016680431714090282e-01,2.415894083682003368e-01,3.545921874557370623e-01,1.588983907393607398e-01,1.867000071093180280e-01
5.137335520653157905e-02,6.206889250697319449e-01,5.063064812296954598e-01,3.819749986422633081e-01,2.191518640678434271e-01,5.012920326604309862e-01,1.959268338391615960e-01,1.864940119837411037e-01
1.061264502283452149e-01,1.436310538340934140e-01,1.123623307367454249e-01,2.781948701539737057e-01,3.199836954398050382e-01,7.559773131132376811e-01,5.048943939298231598e-01,1.838941038793162341e-01
1.316236086684661744e-01,2.310497498517781190e-01,2.908252045632081506e-02,2.734785328641127777e-01,2.779869676720433391e-01,7.290952712208313979e-01,4.578713300823065158e-01,1.853907555068540769e-01
5.873133522551059194e-02,5.918811582643512814e-03,1.647225689299555151e-01,3.094961965839588824e-01,3.684042654151356011e-01,6.990781873580599326e-01,3.038857903648992109e-01,1.851511357201545416e-01
1.150261982976191755e-01,5.216221607508255698e-01,1.610035916507281395e-01,2.710275358702813331e-01,2.258045913436398933e-01,5.904103514456668922e-01,4.956642919729694619e-01,1.860585178391052641e-01
1.059083060008351729e-01,1.867089139384769947e-03,4.258072593764677949e-02,1.988850558152929215e-01,4.000017667938762234e-01,6.327749499747080675e-01,3.828456140816473008e-01,1.850985940798038076e-01
6.442729950921720350e-02,1.466647693967005339e-01,1.629979245011348166e-01,2.906387239654213417e-01,3.679847465059145062e-01,5.588859118407126791e-01,4.991822964979459321e-01,1.828853075013718299e-01
2.719637601355823220e-02,1.870484738562562255e-01,4.133455861869266279e-01,3.610063216299508326e-01,3.438893726120248462e-01,6.577124923276895796e-01,9.322829981238797692e-02,1.861996231970564353e-01
6.633600224011060309e-02,6.385627571988977680e-02,1.116554239592852105e-01,2.821575319935482051e-01,3.823452209226912424e-01,5.418043383383807088e-01,4.526585993682959996e-01,1.834194084648596845e-01
9.192274100552720595e-02,5.592792943508745340e-01,4.350909569183385450e-01,2.875359533233928233e-01,2.217410804587336415e-01,7.587936957117835668e-01,1.026211008610046216e-01,1.877057896946935089e-01
2.990399116843380639e-02,4.100888159580876047e-01,6.986808418643120078e-01,3.015876483046935341e-01,3.016692983812874207e-01,6.542447784801033173e-01,1.413474858016638969e-01,1.856985541660384487e-01
1.041602021186300853e-01,3.841542011766191367e-02,1.583493461450099782e-01,2.073328656084164612e-01,3.510465416382299031e-01,8.429724785871655079e-01,1.669288199534037231e-01,1.869254457127489666e-01
6.748529118526694348e-02,8.333815406724270902e-02,1.579110625661408196e-01,3.179414438388406539e-01,3.460138831394480308e-01,6.699393155414523626e-01,3.244950274109936195e-01,1.848882395696223868e-01
5.943885543668462473e-02,1.738049014995277641e-01,3.491435252263436206e-01,3.114650593821848279e-01,3.249504908725115992e-01,7.908075727465049276e-01,1.183209013115408548e-01,1.864393275540525696e-01
9.476303164965335646e-02,3.963520014144153447e-01,4.411244323255605893e-02,3.318846556208867593e-01,2.543378447744273352e-01,4.828257862577289838e-01,5.006402908580064315e-01,1.847024658539760111e-01
1.137393537266339072e-01,4.604693049892304435e-01,5.968938738651102804e-02,2.962413820015269428e-01,2.645424735693386875e-01,5.005156453955803553e-01,6.032027312004317743e-01,1.838177002246876579e-01
1.109208913110130285e-01,3.289753766478019648e-01,4.847483709785527228e-02,2.636786947659545133e-01,2.983056146423723187e-01,5.254384100369772215e-01,8.125675369059714992e-01,1.825842772169272432e-01
2.331903088738046526e-02,6.594610358710429887e-01,8.592423912832474198e-01,3.582633958429780607e-01,2.610017285564010248e-01,3.682700390608458774e-01,2.003917277243797146e-01,1.863434249194680370e-01
5.960894947442543779e-02,3.217861245691540084e-01,1.733971195925000097e-01,3.178606658562029286e-01,3.235330079706618123e-01,4.262913997245724174e-01,2.093170040113635777e-01,1.857281303312472709e-01
8.364575138599816828e-02,1.204462136538329009e-01,1.130758511511670283e-02,2.636226102841426888e-01,3.775398687507086626e-01,4.312187055145300651e-01,2.631392629038358244e-01,1.857921145552421105e-01
7.212396115355292070e-02,9.893658014333350792e-02,2.302714684646256504e-02,2.904216572565904708e-01,3.614922415483860507e-01,4.458659599900346993e-01,1.413777932036802132e-01,1.875238855413303152e-01
7.450515381944287918e-02,1.529653979195459146e-01,2.025152131980413606e-01,2.587275520195408407e-01,3.366732455591451845e-01,6.338123215494053664e-01,5.056143306558746886e-01,1.841976701154632856e-01
4.914432132969633049e-02,1.620938524468716335e-01,5.755040378917075650e-02,3.651344862301699190e-01,3.612349656011297205e-01,3.976057358413417897e-01,2.736358044666697964e-01,1.848092646557440710e-01
6.845057510388986854e-02,2.626738819006166903e-01,2.501609603408009308e-01,2.566532385396927407e-01,3.113235617497469021e-01,6.004109238795627412e-01,2.813978316501657417e-01,1.853646212296518603e-01
5.030935136934598650e-02,1.490157459948690810e-01,1.565772440582868241e-01,3.140738573314708626e-01,3.585264793329481781e-01,4.623930794355424756e-01,4.509084585019070279e-01,1.844804728948596373e-01
1.367149579901992817e-01,5.275476855453369307e-01,3.689440818071154649e-03,2.624740321068155247e-01,2.324046040124118639e-01,4.936260346709581137e-01,6.489149127803325312e-01,1.854248912809912941e-01
6.126434993841241294e-02,1.692739920916588314e-01,1.332556106069869295e-01,3.003679623339237104e-01,3.626628749414664288e-01,4.777709262478401220e-01,3.626166159852666215e-01,1.837930646492008102e-01
8.598739553005146918e-02,6.535888594306304977e-02,2.455429865681041379e-02,2.641168361190169844e-01,3.547990329322909808e-01,5.666898015469795657e-01,2.503991921051765268e-01,1.866166771776608113e-01
1.513251587394890130e-01,4.056798483135464761e-01,3.322254770066593310e-02,2.551636156477607442e-01,2.327222484327303720e-01,7.040619392800253618e-01,5.743543921747849001e-01,1.856524013792832384e-01
5.055625458825094981e-02,2.112648005114860783e-01,2.542696349150417867e-01,2.894427674646625759e-01,3.439969698144736965e-01,5.063299266901986062e-01,1.198086393068336086e-01,1.864056762350652652e-01
7.203222330772607318e-02,2.350287628780875493e-01,2.020729100288041757e-01,2.587141266454155430e-01,3.330993411072398214e-01,5.792244076238074468e-01,1.572814048241341911e-01,1.857697550614177406e-01
1.987849345454639760e-02,6.652215499904472473e-01,7.868753081663981686e-01,3.860319062221436726e-01,2.568276414375796901e-01,3.064848888205067845e-01,1.678704490757343404e-01,1.858368985011666918e-01
2.638556469880581901e-02,6.226904725378332728e-01,6.350253354074608669e-01,4.013082900886657534e-01,2.636993554965681996e-01,3.408767513504654123e-01,7.134371759978508365e-02,1.863433920421570522e-01
3.505096033504595532e-02,3.514869242727052256e-01,6.162080421276390219e-01,2.667412642751252339e-01,3.197260722881751782e-01,6.531585542161376656e-01,5.263683244503020164e-02,1.864503203478298787e-01
5.513361214261711801e-02,1.267587018092182771e-01,6.013462601757371684e-02,3.277348650042346545e-01,3.722294125832915079e-01,4.238964570824849676e-01,1.372319993136648653e-01,1.859424211724448051e-01
7.222613484074259793e-02,1.826858152023264070e-02,1.753261530228758525e-01,2.040041700625916388e-01,4.162318568138223540e-01,6.211214264408442265e-01,1.862830437921770832e-01,1.852592017369616983e-01
1.519315387661150374e-01,4.877187485165902503e-01,1.423528406985763439e-02,2.680071097234176802e-01,2.167624293378735134e-01,6.511986074875966146e-01,5.783136734502469789e-01,1.857009063454769515e-01
1.305228517678942157e-01,7.068622993889113193e-01,1.304037963449603543e-01,3.425156714071352360e-01,1.642542662478177484e-01,6.014071809642271838e-01,5.084890225407314723e-01,1.863885726270942678e-01
8.194915821766259045e-02,3.051160596405486647e-01,7.480330736797008440e-02,2.947771868267622386e-01,3.181667020905309951e-01,4.408906895856891661e-01,2.790303725109296029e-01,1.856769582952092768e-01
6.099629434725231669e-02,3.197414748958550268e-01,3.468056442037408260e-01,3.302214800643620274e-01,3.055444578670780675e-01,6.441722478030783572e-01,1.406747800824511563e-01,1.858611592923835043e-01
6.863897672747373835e-02,1.442514891514462549e-01,1.893955707181502746e-01,2.486507600629825343e-01,3.826369407875817585e-01,5.289622207782875840e-01,5.552115905362685622e-01,1.830922477374467283e-01
5.000348689218529763e-02,3.975251850177737856e-01,2.797270518838144704e-01,3.417126850247461656e-01,2.981848034012072324e-01,4.331224101216065714e-01,6.321619789302210246e-02,1.864324788644162456e-01
3.747865589039373058e-02,5.689974343068709972e-02,2.615036639588727563e-01,2.783509694824088387e-01,4.122159951904871278e-01,5.683765053043688953e-01,2.356402686588455753e-01,1.842184592758342454e-01
6.334313952140850634e-02,3.240683389300416661e-01,1.602450570798587548e-01,3.374714413973206595e-01,2.971050131373055847e-01,4.589146992477228792e-01,3.133615905179277239e-01,1.858744912267544513e-01
1.064731896059797761e-01,3.346271532589334963e-01,4.747089548277994009e-02,2.314314407608622504e-01,3.168955761472971311e-01,4.526814231664533228e-01,6.742976570180516660e-01,1.833000479866081778e-01
7.879549062205026821e-02,2.903586369430793956e-02,1.842218099875561066e-01,2.194006464775797860e-01,3.713047983744740543e-01,6.982806953234745873e-01,2.384384057842892368e-01,1.863862751545193874e-01
5.686021425014817221e-02,2.713337071940780110e-01,3.434949338621470782e-01,3.198253827447304909e-01,2.940933577967936863e-01,6.836325617661125342e-01,1.204634956826586278e-01,1.873705342149183939e-01
8.422862504107903048e-02,4.885568827368485523e-01,2.802659937298000448e-01,3.614477674262039919e-01,2.296425357227433184e-01,6.660197144053534579e-01,3.190101637042126459e-01,1.854223512354754300e-01
9.110143842284600113e-02,4.277836810835846104e-01,3.351655704322395457e-01,2.596933844790211277e-01,2.609319891708779537e-01,6.976763523083773233e-01,1.788050034488906648e-01,1.874198478030706105e-01
7.226432536193384826e-02,7.525743950314506270e-02,2.251261885237514360e-01,2.701581727177579939e-01,3.627489878199283702e-01,7.545496341943279672e-01,1.398265707542681313e-01,1.856835198190259217e-01
1.093464260268783017e-01,4.713231080558663022e-01,3.075768811743624376e-01,2.537835753796252036e-01,2.373826680800456279e-01,7.925223516411107338e-01,4.072065696290922410e-01,1.855688297921799235e-01
5.644224167013367488e-02,7.002159783561465733e-01,5.634885304639567494e-01,3.331739108205189481e-01,2.155014775671887373e-01,4.497978686346879584e-01,1.390241569139488431e-01,1.872800811183264469e-01
7.270589224969734032e-02,1.329924567544304437e-01,1.274667476621452467e-01,2.837183153450200113e-01,3.554769585791288100e-01,5.319005273955665913e-01,3.566445422872025484e-01,1.851397597780332638e-01
6.516913025062254228e-02,3.755486786491858409e-01,2.868426123572322406e-01,3.262701397216296595e-01,2.861683558473823719e-01,5.841294259913684117e-01,1.762896270452136149e-01,1.858970668876712973e-01
8.565273817906476905e-02,1.468436034545154145e-01,1.729230164150096505e-01,2.497868634895396567e-01,3.326558693108483955e-01,6.541132566475674759e-01,2.888467353212312849e-01,1.863528450369900669e-01
1.408277426636684593e-01,5.777049967077071413e-01,1.201854096144349959e-01,2.647041658142357812e-01,2.163756334890235555e-01,6.292795317198565108e-01,5.904293421217794435e-01,1.855841836744275830e-01
8.434343290380097447e-02,5.138466502844667438e-01,2.637167518568827029e-01,3.358142757480267471e-01,2.357308952336088503e-01,5.516177482536389620e-01,1.032962005811283446e-01,1.878961668701705778e-01
6.397539589821474304e-02,3.635563530759465811e-01,5.219023707789455235e-01,2.584692532454306302e-01,2.887524014372597203e-01,8.299562619793905416e-01,2.823549219868870530e-02,1.869950393608757755e-01
4.322838563033273851e-02,1.142093443748272708e-01,1.643132789746909739e-01,3.278510939548629488e-01,3.744869738889462507e-01,4.607982951084828027e-01,3.990106316524604790e-01,1.845503818093941761e-01
7.377884180654206703e-02,3.643966967201567320e-01,1.568976232563544793e-01,3.651421649644005507e-01,2.446774435763786615e-01,5.497953421310785016e-01,2.089352165446589638e-02,1.888237102019214575e-01
9.648155404073151253e-02,3.231788340549193173e-01,7.433477374006175475e-02,3.024436791497244204e-01,2.672431011845930460e-01,5.388297916954070121e-01,5.884409891042171603e-01,1.848755471814011453e-01
1.226181073710015113e-01,5.221151866160106403e-01,9.433416332211483346e-02,2.740600314065461118e-01,2.327527840739840037e-01,5.388528673363208732e-01,3.406107457107770964e-01,1.865794486973254562e-01
1.076424368793570535e-01,3.996587700148625522e-01,1.754857618460988200e-01,3.254581175437183393e-01,2.368160845703696504e-01,7.591638296791740625e-01,4.858666866213770530e-01,1.844130940306399069e-01
4.695945082915620183e-02,3.522286430672590951e-01,4.169207486306009125e-01,3.060574146963627729e-01,3.065336696773934833e-01,6.026834618776556463e-01,4.054165036184620430e-02,1.860167434478601223e-01
1.191034691781727578e-01,8.302912295725548564e-01,2.748069359610162410e-01,3.088107668955940577e-01,1.678255546277584442e-01,5.176126379060983496e-01,4.178533805795017209e-01,1.869319936375564151e-01
8.298393641715899605e-02,3.649382238550820667e-01,2.344159917346775868e-01,3.018010806286807179e-01,2.696230287786882673e-01,6.496337870256253533e-01,2.674309521247154597e-01,1.857949876367371300e-01
1.004520438398387727e-01,3.729543018818183286e-01,6.671149960746056151e-02,2.792132678024031311e-01,2.777261279305305308e-01,4.706382704645797332e-01,5.102684496871645603e-01,1.850010178200827138e-01
6.004973478540293064e-02,7.185930692113275953e-01,5.777211567399465064e-01,3.856331534857216359e-01,2.018764910756872810e-01,5.279329491225678295e-01,2.457370283072287109e-01,1.862085920230762692e-01
4.583482549826771446e-02,3.244139940929481325e-01,5.396288607385071323e-01,3.059717319390332646e-01,2.934700748982548846e-01,7.687807002822735214e-01,2.048270030614300907e-01,1.861940659994454073e-01
8.739511936001802261e-02,3.224589889965586709e-01,2.148392927128028873e-02,3.330800599613653601e-01,2.961826377033588420e-01,4.381084091237201772e-01,4.038908587837127806e-01,1.846644003298219816e-01
9.364641749463228915e-02,1.483226629096343063e-01,1.589822805280003692e-01,2.590371570177293914e-01,3.037195777078003367e-01,7.648826824164598470e-01,6.704645230057160177e-02,1.880745404636152696e-01
1.199865112839017256e-01,4.517171794400484108e-01,2.466724652994830014e-01,2.584343310427424378e-01,2.297622248658117150e-01,8.194004537677752609e-01,1.241470264680506752e-01,1.876013577263254961e-01
7.971352363253696172e-02,4.173924138181963617e-01,2.308184489727715394e-01,3.501004819650930799e-01,2.294262093467125396e-01,6.312301866196575739e-01,1.240243610581249212e-01,1.872408555064539459e-01
8.354682669772441062e-02,2.698431946275098303e-01,3.863017161698290569e-01,2.230554233731378844e-01,3.057558397585399823e-01,8.461155546497192148e-01,2.264551639501793945e-02,1.877455757818087823e-01
7.472487319603549061e-02,3.138073645311835191e-01,2.189446653790947939e-01,3.198911929526173648e-01,3.005612664379426202e-01,5.854214092312733930e-01,2.668463637560978263e-01,1.857311238460640224e-01
1.268907202595591643e-01,9.024557416958983724e-01,4.298369435418549767e-01,3.014182482123106688e-01,1.496879637602852309e-01,7.111293021338860321e-01,4.022855968031540108e-01,1.867168845811723599e-01
8.823766549627420908e-02,3.954998597411433781e-01,9.250327170459585191e-02,3.659596764833057958e-01,2.379712651209076046e-01,5.508099827478374344e-01,3.049597117866514329e-01,1.861284371063220699e-01
1.114506402957114450e-01,7.285911088928005430e-01,3.648730282750536347e-01,2.945151283662367225e-01,1.966629173378273698e-01,6.306580387741271831e-01,4.198959490432567776e-01,1.859374496314413483e-01
8.512970855542908999e-03,6.104314503409129511e-01,9.936673691999585722e-01,3.529554295354149218e-01,3.110318331407737613e-01,2.877853591201780525e-01,2.858816644111636940e-01,1.843090011258493033e-01
5.149889671316283668e-02,1.986276941144330954e-01,4.292467128840831703e-01,2.751600628895420342e-01,3.526029380618639353e-01,7.366626419317739982e-01,1.946262704675257582e-01,1.850181066742107860e-01
9.531872599812309110e-02,3.673938415876090713e-01,1.437752165072541666e-01,2.686314768633388805e-01,2.840485683137867201e-01,5.250372002177866593e-01,6.286517660786659079e-01,1.841229691741605723e-01
4.683517729158008513e-02,3.502380955486164016e-01,3.522910611495848610e-01,3.370483298971464481e-01,2.785938444033390637e-01,5.829498174153625589e-01,1.995291750437689915e-01,1.858848693258312035e-01
9.056470312672949829e-02,6.291215728795651607e-03,1.193585513288536459e-01,2.389359639314915518e-01,3.823007106918139830e-01,7.300274192563288578e-01,2.512133557112877780e-01,1.849488057427572385e-01
1.210164227560692474e-01,5.613579338164081944e-01,1.958232317126964994e-01,2.814706286309328065e-01,2.262434102323955809e-01,6.567483697391666153e-01,4.210164411200034706e-01,1.850721147229802688e-01
4.980481467998430778e-02,6.091989487576610074e-01,5.874006277924108677e-01,3.764437037774044370e-01,2.329345926558985258e-01,5.736040576887784237e-01,2.678209891774557261e-01,1.849537681476270956e-01
8.662126859675058077e-02,5.396319035831163013e-01,3.639644054531660511e-01,3.279869192549165757e-01,2.158922646201401063e-01,6.890799560951333946e-01,8.185463715756713388e-02,1.876577599987624134e-01
1.380995930927872151e-01,5.230783858651234519e-01,7.280597956913076318e-02,2.893556287046563091e-01,2.269675137917512020e-01,6.377058052239960029e-01,5.711917356369440313e-01,1.849491115383334605e-01
8.907182725044025806e-02,4.730753170847747380e-01,1.616341039160719972e-01,3.424337071283347078e-01,2.308822194935392924e-01,5.297810930146071851e-01,3.896310871060674197e-01,1.860122334722014992e-01
1.041662320369556305e-01,7.186596566227846372e-01,3.062034268975343254e-01,3.346804241851056294e-01,1.847914784401122890e-01,5.827938562596705063e-01,5.649494689633940969e-02,1.888133780155728247e-01
4.696850646398329637e-02,9.736661156260828509e-02,2.607920169308989289e-01,3.343909737273264571e-01,3.583341890011726982e-01,6.957927713766809408e-01,1.818452094495822680e-01,1.850687123974173731e-01
4.106942863428744706e-02,3.449377805701780986e-02,3.379782759270439918e-01,2.642376205983739124e-01,4.062792553586532796e-01,6.914929070160341640e-01,6.267758574099752122e-02,1.867557284087170144e-01
5.476155330897663348e-02,1.415037195562309225e-01,3.060299992982123407e-01,2.555127060920456272e-01,3.660844262972577923e-01,6.244216566935273383e-01,4.736106065768936890e-01,1.835783245470222202e-01
1.274901624557861490e-02,6.292045484574668723e-01,6.967000264510458951e-01,4.523201758196954136e-01,2.627693321632926238e-01,3.125418110527862225e-01,1.890871251819429277e-01,1.850469643516944596e-01
1.214465008981026745e-01,8.470194647172937241e-01,3.504783350233174888e-01,3.112934979015262171e-01,1.722498863658758761e-01,6.041697460194811464e-01,5.220917998602456755e-01,1.857559670183623057e-01
1.034254466162674302e-01,4.119624358513815365e-01,1.649230135936025632e-01,2.901004449165743848e-01,2.366394541959438158e-01,6.608329988639254360e-01,3.256770283399990640e-01,1.866589989900612201e-01
6.469504216920424211e-02,3.117788118620067883e-01,2.014270872315341021e-01,3.442453467867948036e-01,2.848765353047325033e-01,5.636167211271252420e-01,4.976552005280376334e-01,1.837047405260233690e-01
3.391220446222470430e-02,7.237839029839138183e-01,9.763791009286937328e-01,3.109307887118587521e-01,2.634238606348445200e-01,3.922136594151520717e-01,4.601639971063780088e-01,1.840828363713480631e-01
1.107179899509778132e-01,3.495060173584175756e-01,1.484506676084329513e-02,3.103463376452847977e-01,2.546685033970141898e-01,5.410978363457249474e-01,5.401844263609735242e-01,1.855421449122859612e-01
4.829154973969032594e-02,6.847847902748233073e-02,2.172569943079289412e-01,3.017204337427226712e-01,3.612290757112002759e-01,6.093956763465803173e-01,2.643514431386278507e-01,1.861329261785569233e-01
7.365374979317371174e-02,3.002114687373700352e-01,3.136709497920956435e-01,2.710167359303001788e-01,2.853831627981223695e-01,6.877871522527816417e-01,3.017303720395941857e-01,1.862114423311596600e-01
4.132031101763120051e-02,2.384941569611443712e-01,4.963310086521590669e-01,3.005390363873280402e-01,3.154338456592992723e-01,7.724183381560367767e-01,1.021604516632983461e-01,1.862867341870629856e-01
3.959650915167772095e-02,6.822834665559440737e-01,7.738560769935269867e-01,3.245525502315260158e-01,2.673105265174495204e-01,3.686298153519456666e-01,2.200676093915589493e-01,1.857440538014553388e-01
1.547924732392138292e-01,4.828098508153351176e-01,4.532584631333552716e-02,2.667971605542699409e-01,2.310051615892729782e-01,7.078729341742669989e-01,6.024826199728330334e-01,1.845185010569142248e-01
8.769843886451478276e-02,9.184379808580233062e-01,4.380636351470740264e-01,3.472045336784224112e-01,1.758688455911956994e-01,3.455336382580318499e-01,3.263128690755601746e-01,1.871757195142914887e-01
6.860790368720831589e-02,1.891030867186043740e-01,6.981766454433613323e-02,3.432792685953119372e-01,3.286779266885790363e-01,4.811308034698593139e-01,2.312445982381249598e-01,1.860759070045234775e-01
8.176909328347661821e-02,7.460385987699020838e-01,5.671820323808403064e-01,2.958083776827131750e-01,2.028079917553072264e-01,5.814794124574415024e-01,3.363748721332303626e-01,1.866654935081904498e-01
9.812092982274436825e-02,9.588604401637261798e-01,3.959340286638084461e-01,3.311243843621959337e-01,1.787191011111247674e-01,3.326019093476321187e-01,2.029563131524670383e-01,1.882209941701491474e-01
1.016681001604549522e-01,3.041255212086569903e-01,8.583407878615079145e-02,2.242276870500776176e-01,3.206938211030599950e-01,4.986304664226359762e-01,4.617992110422323160e-01,1.844381914225009522e-01
6.676673966466270538e-02,2.910979851324466128e-01,1.021673523108941051e-01,3.597586004663415604e-01,3.014018001081551490e-01,4.463666296597166294e-01,1.669983956315518880e-01,1.870632372688643130e-01
8.799423636312125874e-02,2.885060144707122243e-01,2.624866609773802706e-01,2.613496877732567336e-01,2.858647823624222983e-01,7.091969621751678110e-01,2.882018382673339763e-01,1.861975639318838582e-01
8.750882348563331081e-02,3.085754955459190096e-01,3.773322698355091598e-02,2.858522008643627488e-01,3.296050840692377193e-01,3.929606204839515282e-01,4.904105477703915028e-01,1.843772747851315785e-01
1.261947530142688567e-01,5.353535080660688505e-01,1.296852162027484767e-01,3.272951220064529432e-01,2.141482796029185454e-01,6.820005488801190729e-01,4.694109442819581202e-01,1.850012087251340365e-01
1.001949833840857784e-01,7.289260740103986613e-02,4.865758886286702944e-02,2.146312823363180078e-01,3.547605654861488156e-01,5.947064870545700765e-01,4.403352025829195271e-01,1.857100225003969762e-01
6.970347781776550788e-02,3.771181377270296786e-01,8.876865646389500708e-02,3.835065355289595801e-01,2.596919767673809276e-01,4.459739634179314960e-01,4.524656440436004012e-01,1.847234047822703396e-01
8.662913699100466269e-02,8.149788516591871534e-02,4.683007542228911912e-02,2.490822101762726615e-01,3.602619081984200222e-01,5.515471575983795782e-01,1.526713042067227299e-01,1.873786388871958031e-01
6.565960369913168004e-02,4.732854257029667777e-01,3.539231230991447541e-01,3.663614356418810614e-01,2.419841754077046159e-01,6.278848888980941290e-01,4.426201880766261754e-02,1.873884353751633369e-01
7.189413531725949436e-02,4.325122478552323457e-03,7.693870077991191159e-02,2.919215983005507553e-01,3.648223910870217468e-01,6.247587860629455481e-01,7.569467347540792534e-02,1.875944216317905200e-01
5.896731999041689154e-02,9.587755159184890852e-02,3.189664193040124829e-01,2.959556329135432096e-01,3.331673808709130769e-01,8.395520113517689342e-01,1.377665350076135442e-01,1.865001938307912221e-01
4.914863032744808125e-02,6.961429832566107256e-02,4.045805411663788154e-01,2.720316737132157936e-01,3.772826570877363395e-01,8.452738876951191305e-01,1.559254896283582548e-01,1.854874264493175384e-01
6.946417825054659878e-02,5.413604579758573010e-01,4.491939219573102271e-01,3.068991880602846001e-01,2.546357200544600019e-01,5.762211991158882052e-01,1.524080962514300919e-01,1.868979675690992104e-01
5.822425075798672023e-02,1.991981257438239505e-01,2.747527514773155377e-01,3.406514200024340910e-01,3.146368198542882078e-01,6.802319927041159398e-01,3.181638585678972508e-01,1.853126154735199038e-01
7.496012220689328431e-02,2.830891177669313530e-01,1.002000166537746761e-01,3.404174864580750692e-01,2.940397350119416942e-01,5.174856165323790114e-01,1.474472838687720389e-01,1.863404306085006124e-01
8.228162993110213486e-02,2.500161528706056902e-01,1.408042166688456553e-01,2.833260198177023348e-01,3.003916733732280853e-01,5.715577884192749591e-01,5.981096279102784963e-02,1.876371097118666731e-01
1.292664849509321257e-01,4.848269097407325035e-01,1.010394363600765621e-01,3.162577463922549570e-01,2.204936212009201424e-01,6.898275403368687719e-01,6.292603648855249476e-01,1.843582687949051613e-01
8.079866422797615799e-02,7.624630750912271271e-01,4.434305471215919114e-01,3.373098775664753468e-01,2.031603163332490469e-01,4.751520904398538470e-01,3.967829264562763303e-01,1.857474733062838557e-01
7.627467278497768177e-02,3.066677122245570208e-01,4.288009456109385109e-01,2.760872010476166372e-01,2.751987251642600274e-01,9.076273274932133983e-01,8.999696060693709865e-02,1.873191936411757741e-01
6.018999042226687302e-02,7.674719128939022639e-02,1.537224629435253731e-01,2.771052100020084952e-01,3.862283743847932937e-01,5.214608657925466906e-01,3.106892100293557890e-01,1.855042897836920723e-01
1.242681451134354242e-01,3.211706073618897928e-01,1.381948639204189644e-01,3.070632498108509245e-01,2.456963764718157195e-01,8.489623021102865597e-01,4.264187555973628085e-01,1.850573383441554698e-01
4.635920225281116996e-02,2.000127472743046253e-02,1.818378658853883889e-01,2.897307107585738728e-01,3.998484118501725026e-01,5.952862680309400911e-01,2.688791516090875411e-01,1.844265329042852619e-01
3.836418203874791127e-02,4.004297832995016293e-01,4.673735226450008717e-01,3.417449565440242032e-01,2.943055850382769179e-01,5.405028670367489907e-01,3.229480330123012388e-01,1.844674543148629442e-01
9.464562929452581541e-02,5.104758326821329240e-02,1.467230108250881793e-01,2.317656240468267126e-01,3.501166826088107364e-01,7.666158766760723386e-01,4.563771660022462040e-01,1.846987918922251282e-01
1.324544190613944350e-01,7.457264502870379896e-01,3.062565050871322581e-01,2.877986546289472702e-01,1.805467872080505909e-01,7.495945695068356729e-01,5.256261773892219047e-01,1.852040389529447661e-01
2.766351045393380947e-02,6.081312404361512991e-01,7.202219247747776443e-01,3.630658664885472175e-01,2.699587290396481820e-01,3.818053740940516860e-01,4.403921018004852694e-03,1.870026910721048208e-01
8.818218275128687778e-02,1.419033664544067097e-01,6.637064276865325962e-02,2.692564305765288712e-01,3.385608385288410571e-01,5.345896624671014896e-01,4.745231786674007912e-01,1.854637106433058569e-01
1.488148362303191030e-01,5.955645301665692948e-01,9.732760240349216940e-02,2.686164252641597971e-01,2.045792778229396092e-01,6.758954139013543250e-01,7.893939811767045622e-01,1.840744063463400637e-01
1.498922285878745153e-01,9.301045148473764401e-01,4.085395104476579609e-01,2.730684428788988094e-01,1.569011888680043043e-01,8.108511335495179884e-01,5.326022926946982761e-01,1.860529874339173773e-01
6.778383573699718612e-02,2.141222229259921173e-01,7.166356399487791573e-02,3.003746484243509651e-01,3.467915727024229455e-01,4.341063211468864647e-01,2.190797088856780150e-01,1.856476850178312155e-01
9.700830391744141856e-02,2.396609673768914373e-01,1.969287441591710541e-02,2.720939460107716368e-01,3.279553784265917260e-01,4.975354808618079328e-01,4.421841814831142248e-01,1.843136155831062994e-01
4.924135917605166474e-02,6.141981402421872183e-01,5.446912136126509374e-01,3.865622492312464908e-01,2.176291115564716327e-01,5.354147871992810392e-01,7.821328718712394767e-02,1.872733619212808009e-01
6.160264560071762596e-02,1.137098555816019041e-01,1.327677242109176203e-01,2.810832653656328284e-01,3.733508137501750923e-01,5.055851190682970620e-01,1.485247513689810228e-01,1.858300443977725924e-01
1.260037501762994172e-01,6.209193462771029903e-01,2.135965157062047481e-01,2.710039927541512128e-01,2.011954531316374750e-01,6.671131818621590659e-01,5.013243397294491199e-01,1.858775591950865003e-01
5.891229586304501387e-02,2.484990366243021442e-01,2.835965169573406164e-01,3.029177120036031789e-01,3.447948720079633822e-01,5.933336179705653857e-01,2.502584153955564328e-01,1.843482029949841117e-01
3.728859220169714050e-02,6.419143781756190270e-01,7.108906913809437400e-01,3.356766833376513270e-01,2.706582714427028802e-01,4.014176047852631157e-01,3.104219987828593097e-01,1.846667959023861605e-01
3.405496952257861670e-02,1.263768812166834454e-01,3.591610690426447761e-01,3.548522069984917926e-01,3.443743480577072247e-01,7.002275850391908030e-01,2.430306404658573727e-01,1.850581282923483561e-01
8.103873502362561598e-02,2.911187426341728113e-01,1.887308865254828383e-01,3.438184321106375618e-01,2.729785923207461718e-01,6.638598211746480349e-01,1.935955499359554022e-02,1.874603164275093770e-01
7.701424093922551450e-02,5.041949981964982674e-01,4.785164701142369248e-01,2.825409677090621186e-01,2.588348375721334915e-01,7.158055961770580788e-01,2.508215566402512975e-01,1.857615144447065381e-01
9.801002364109120957e-02,2.826876049549097436e-01,1.757832869814296151e-01,2.659857132086579368e-01,2.934705985436449893e-01,6.621993618806941706e-01,2.378633716186180913e-01,1.860271227209650546e-01
9.825529434605273504e-02,5.290356274064682562e-01,1.759836744546560972e-01,3.218708310932330563e-01,2.320298085268866772e-01,5.576329542846135690e-01,5.353524538863423388e-01,1.838545994152893659e-01
6.441007191349147620e-02,3.799318587721112195e-02,1.858181342823330418e-01,2.278201762342004777e-01,3.927046689682818226e-01,5.837010197265634082e-01,1.876054955289987725e-01,1.867536455464864353e-01
1.069397348540256781e-01,2.179226893190983616e-01,7.350796537884485282e-02,2.856450835430799362e-01,3.105604067153895920e-01,6.454192489808242561e-01,3.451859546863565997e-01,1.853390096231247730e-01
7.312278029023702719e-02,5.871774372610696346e-01,4.733510963115978298e-01,3.415426049107914142e-01,2.133856466617906067e-01,6.486286387145047128e-01,7.206441870671964622e-02,1.881618883562815869e-01
7.848978143074612779e-02,2.966712007499187620e-01,3.184490497057316793e-01,3.232096442729332497e-01,2.714958147958319024e-01,7.890563408795130407e-01,2.478865436127293265e-01,1.862170781032576883e-01
9.585709561377547816e-02,1.116165365753500893e-01,7.860401602482025574e-03,2.543627838824850662e-01,3.540038055776615344e-01,5.164052070713085474e-01,1.411918515204080293e-01,1.870174605966225534e-01
8.904392309601412425e-02,2.951561994410321077e-01,1.709451079169882759e-01,3.373560086985067374e-01,2.630748092222665591e-01,7.085109444787943689e-01,3.005416156126006766e-01,1.861328305181346732e-01
5.418353595883426688e-02,4.456999727218308172e-02,1.810765677421800335e-01,3.223481780544410480e-01,3.715735982503272083e-01,6.594447650075025980e-01,1.937603170950102927e-02,1.863084353105042557e-01
7.805554197136518879e-02,2.670466443660853284e-01,1.022644498552845171e-01,2.933682670363626510e-01,3.262042325079099192e-01,4.669070687375554973e-01,2.919795210431533339e-01,1.850020293004848992e-01
1.383141283855533754e-01,9.063908606476283047e-01,3.657623086419474756e-01,2.656176364723312755e-01,1.686186786697068118e-01,6.566383873623369283e-01,2.357908538986041025e-01,1.883644802432209164e-01
7.111636395606728278e-02,5.992170657160570402e-01,5.294405191753467355e-01,2.920985007129509592e-01,2.304355012039522588e-01,6.478956533797999295e-01,6.682596911511631821e-02,1.878898219152393689e-01
1.437189786708232553e-01,4.129554009446387841e-01,1.106287175519086730e-01,2.137347012628431631e-01,2.541466995871396461e-01,7.309439950328618929e-01,4.370110038318628654e-01,1.860910492736091437e-01
1.070174022192146995e-01,6.999916854626052620e-01,3.053633308667957347e-01,3.227920345742384955e-01,1.875305917443808035e-01,6.074731465437340772e-01,3.089123316164831268e-01,1.866012305679278782e-01
1.209311751934663975e-01,4.694761600382499900e-01,3.959254517075605495e-02,3.174679281213263482e-01,2.268979290201392773e-01,5.805248629740012989e-01,4.189921448490965261e-01,1.858659085969210645e-01
9.536839451651825394e-02,3.250896188655567620e-01,8.175641832571942103e-02,3.178400795509717103e-01,2.710910094636236334e-01,5.486928127574320913e-01,2.567129636249384506e-01,1.871465817928874564e-01
8.017356846612323784e-02,4.054024458917940277e-01,1.574933782300534657e-01,3.417275018112502227e-01,2.396298589209731045e-01,5.420620362201632458e-01,3.531983776714753276e-01,1.862469454580293615e-01
6.374705148190504267e-02,1.024244884021094926e-01,6.741608674253365963e-02,2.976211800810129038e-01,3.896503713703348692e-01,4.508050940036371634e-01,1.565219139012551941e-01,1.857130844929977265e-01
7.413121186782181682e-02,6.646856386119004423e-02,4.217109796599466387e-02,3.046868287844214374e-01,3.496694001000236751e-01,5.743333228188506334e-01,2.429793728916545825e-01,1.859591223451875219e-01
1.143682281919346233e-01,2.762038159105895119e-01,1.907465212072672056e-01,2.355745220568443155e-01,2.916501205288895560e-01,7.961315841845155727e-01,1.415312698284381387e-01,1.867823049487759290e-01
8.724773617733572184e-02,3.893454245915772272e-01,3.235553102459665653e-01,2.467451602044943848e-01,2.734150532116400023e-01,7.072817000376420138e-01,1.927851355934022404e-01,1.865179025747664698e-01
1.054563404570037222e-01,9.300823806809632721e-02,2.765894488254067030e-02,2.900635626583721871e-01,3.200278998980918832e-01,6.892607457299593232e-01,9.444827890633555878e-02,1.877195930224033193e-01
7.816613886558562707e-02,3.309498298998224675e-01,7.766306684048002174e-02,3.489324650132684669e-01,3.059983281782002740e-01,4.303107267326283791e-01,3.990957644292341677e-01,1.846089129683445573e-01
8.229434261223572689e-02,3.480884794534113702e-01,2.174528520642241003e-01,3.088246080760234102e-01,2.939920080097239152e-01,5.989036048282658786e-01,3.228910571529055029e-01,1.846960655554660546e-01
2.646518723780980076e-03,5.818049111426168984e-01,9.305454346592483272e-01,3.588710950798665311e-01,3.211031735435971868e-01,2.470522924237802953e-01,1.659266713707986118e-01,1.852593353703435586e-01
7.613572319999038773e-02,2.734210275269682855e-02,1.039396048341460765e-01,2.091624281919668427e-01,3.935546409430899506e-01,5.340112257644499261e-01,2.119748477757709137e-01,1.867323779678445039e-01
8.074249354157556069e-02,2.921785031955833611e-01,1.334652131637713568e-01,2.875736727454631936e-01,3.215135622432044871e-01,4.963928201522862516e-01,2.439483541692805679e-01,1.854364896147312480e-01
8.680347661187672037e-02,2.450197026600331451e-01,1.186611521910830580e-01,2.927230656331484826e-01,3.103952657306298657e-01,5.861942606312147142e-01,7.398158570662477507e-01,1.821716874559426158e-01
1.269168187837788064e-01,8.821277773683883217e-01,3.350904658998238861e-01,2.908392533464320140e-01,1.672500014469080198e-01,5.781414086200762359e-01,4.124629690102203372e-01,1.867457141222066686e-01
9.279597178925255707e-02,6.543112439735954133e-02,7.068025929244042826e-02,2.286581538277960013e-01,3.783335542151115560e-01,5.635364237468760695e-01,2.671001390882646875e-01,1.864768852520728160e-01
1.292217282748848173e-01,4.047663225294486078e-01,1.275239500935159975e-01,2.867864145800312903e-01,2.311098908631962212e-01,7.577820901366483231e-01,6.433511014928087191e-01,1.846101767004138250e-01
7.113515661958114134e-02,7.228648754945388166e-01,3.794761965342779431e-01,3.782818530301239046e-01,1.844017683785183492e-01,4.475604140577442713e-01,2.596071349172399678e-01,1.868314279913106390e-01
1.065806310545446278e-01,1.265466058259169246e-01,7.137906981936847917e-02,1.980587743282733459e-01,3.534087701163033390e-01,5.936067485073522887e-01,5.178365950632918269e-01,1.846225773547238158e-01
4.862406279893058403e-02,5.003154770531261786e-01,4.909162290892241653e-01,3.096797052860201793e-01,2.753834006920867772e-01,5.025196124380744145e-01,9.727587756023137189e-02,1.868976439426519309e-01
9.289597953601112790e-02,7.134807322410069430e-01,2.042521136286593597e-01,3.618919191828004478e-01,1.909335942887777637e-01,4.248028373639297639e-01,2.751544199232379140e-01,1.870218945616485273e-01
7.001342740713815960e-02,3.208548456138163862e-01,3.143748072661655124e-01,2.978480598213831820e-01,2.776025996346577207e-01,6.616861025613512970e-01,1.402981515984767502e-01,1.875081508207233905e-01
1.025803217471788625e-01,3.318439029148533281e-01,3.041354936053027869e-01,2.561061564104815114e-01,2.600258105119159224e-01,8.747240618459544148e-01,6.623027662802033477e-02,1.882844395485820943e-01
9.846816214797893263e-02,6.933383353782845981e-02,6.247246515116749999e-02,1.827111566956992894e-01,3.769310731039255957e-01,5.675436810159262269e-01,2.398893081805018035e-01,1.867751201748543421e-01
1.624292722935960498e-02,6.711459627596376709e-01,7.364063928706466866e-01,4.434619203023753564e-01,2.387515975089684606e-01,3.118943755896168013e-01,1.358734737621547783e-01,1.860259182443904646e-01
1.504549163147196056e-01,9.324326377009719558e-01,3.595816789420824833e-01,2.458169343353257541e-01,1.569112203383943305e-01,7.145998903424588544e-01,5.065437188057225759e-01,1.871121294095386689e-01
4.553833620182478475e-02,1.900866394287625549e-01,2.659725193724936654e-01,2.954823070320007905e-01,3.644276832842453517e-01,5.276655532775442747e-01,3.497745947886681250e-01,1.833732477009903661e-01
6.452695979993124109e-02,1.880997732027427927e-01,5.134675586401687974e-02,3.016601074001715177e-01,3.703708132716689860e-01,3.694036083158998562e-01,2.098105765612074958e-01,1.860506690552803100e-01
8.193118738158101932e-02,3.244485140318001393e-01,2.626094179037770093e-01,3.060223545798375633e-01,2.652654003774346791e-01,7.197658491914723511e-01,5.403438649939826810e-01,1.840814021312677795e-01
1.266655961777155281e-01,6.182859230557949948e-01,5.384735462833212249e-02,3.056900991369340681e-01,2.101293039627850356e-01,4.825299534644980071e-01,6.467287094255103064e-01,1.847018288643782757e-01
6.590748222063079476e-02,8.699792675350007665e-01,3.940708254665614141e-01,4.489892519649242297e-01,1.592430385668073267e-01,3.173438264949461352e-01,9.816842152175422886e-02,1.888116862187238787e-01
5.352848245773265956e-02,2.345508388822502843e-01,2.381643421378218939e-01,2.865291203686912147e-01,3.596916406420418433e-01,4.755221716354273709e-01,5.777306716347724302e-02,1.864536083143078504e-01
3.663682730749485278e-02,3.997528346376931774e-01,6.182322076887971640e-01,2.769958563945263963e-01,3.040936975022464628e-01,6.137878634072283512e-01,2.980409232039454848e-02,1.872646586459497386e-01
5.637147128239493321e-02,5.166731123056644837e-01,3.278231742460565590e-01,4.062932171451570929e-01,2.288941661976928166e-01,5.173947706562764814e-01,5.456020652331625143e-02,1.874338018828154429e-01
1.274798712094208919e-01,8.685597743409498861e-01,2.101484206000551747e-01,3.223174979328877754e-01,1.632572071202025299e-01,4.898589946207383417e-01,4.605993950153571825e-01,1.868727013295767292e-01
7.596011317079118252e-02,1.546624362422284460e-01,2.166903705151389803e-01,2.622541250566525206e-01,3.486967576115621581e-01,6.906342037076845797e-01,3.027900061005441290e-01,1.850700344950287901e-01
5.696285746402390826e-02,3.693734899592099330e-02,1.888838852814961056e-01,1.968752747755997123e-01,4.240629545326874972e-01,5.171819151720483676e-01,2.204551997771342087e-01,1.855101975548962556e-01
1.382586162430167742e-01,8.012193051491212081e-01,2.582741429917789211e-01,3.106067877088251050e-01,1.501657340576466049e-01,7.253529539760898981e-01,6.180641393960717433e-01,1.854028952418138032e-01
1.390282469167940238e-02,5.206888305353349899e-01,9.016124731403425407e-01,3.303255939469074143e-01,2.987445411788186567e-01,5.106628256221552586e-01,2.553079936477543610e-01,1.844873937561513633e-01
1.564575174124946400e-01,9.748786000077181990e-01,3.961299699110574779e-01,2.547682296710621075e-01,1.377468522638128079e-01,7.967961996139421021e-01,5.747394618233030439e-01,1.870620119997638275e-01
8.234693286315229732e-02,6.640811578503624801e-01,5.599098669209573442e-01,3.026389653178746530e-01,2.223836803184680577e-01,6.998048098692092323e-01,2.858931066200965931e-01,1.855933082531757428e-01
7.383670699433420026e-02,9.319822783183069337e-01,4.613644666867462441e-01,4.238784353163473906e-01,1.672302689792920793e-01,3.274923408786914458e-01,3.188337993175438534e-01,1.862766816048012364e-01
9.936201072926172106e-02,6.727324217294622377e-01,2.569180769473825010e-01,3.552152395394667095e-01,1.977827159905206356e-01,5.379916296527792463e-01,2.032615007870608725e-01,1.869099670862875984e-01
9.121982743040583930e-02,1.577959065105229985e-01,1.694884142958780204e-01,2.369165437154425735e-01,3.302349522882213062e-01,7.147727189900412448e-01,1.019258345109947950e-01,1.864631183023971461e-01
9.151010233209154465e-02,7.140262578934679638e-01,4.027660746050066853e-01,3.252325622857576426e-01,1.854205029322553988e-01,6.224132814301345240e-01,2.791590276547749050e-01,1.865976717469013946e-01
5.059561357443102120e-02,1.451842869840844208e-01,2.412206302007708913e-01,3.417619092783515944e-01,3.343376809058685728e-01,6.645892573562207639e-01,2.964970472262050682e-01,1.843114518359084963e-01
1.391180015057173480e-01,6.608228130828606162e-01,3.068358123614944311e-01,2.518585567013022497e-01,1.887410441550162465e-01,8.458720493994345002e-01,2.933008165347508744e-01,1.873012783328435460e-01
6.049655443292632773e-02,6.824217214706890244e-02,2.642139205139976688e-01,1.960581214218345136e-01,3.967103965990491088e-01,6.453510304270714260e-01,2.459551204678933067e-01,1.853276586040221441e-01
8.819395784781436376e-02,4.889335628877056195e-03,6.959721057626869212e-02,2.008944583835343689e-01,4.074116476355287286e-01,5.769253333206845191e-01,3.473195046111596240e-01,1.851163712741356604e-01
6.417777099883698044e-02,1.810919867524642957e-01,1.862976504173122216e-01,3.114246050400273358e-01,3.330371460607954304e-01,5.949353490476421147e-01,3.775663568946510673e-01,1.841951092315624317e-01
1.394221597752147712e-01,5.017221179962296773e-01,1.984121650389066294e-01,2.805305880519609052e-01,2.085844945440344655e-01,8.673187585846677816e-01,3.791817660045101457e-01,1.862123557116189265e-01
1.511048176499527051e-01,4.753298170784801546e-01,7.018968707488243419e-02,2.993284650506541356e-01,2.152201598401855542e-01,7.768317908371327185e-01,6.301619403178367884e-01,1.842907345455059853e-01
5.971582432481158803e-02,1.237395938111257587e-01,1.004466306323106017e-01,3.112274193407236211e-01,3.650722146916085542e-01,4.777142835944577226e-01,9.996275247681238318e-02,1.872862522485212178e-01
6.313470242619888262e-02,8.007878736834150857e-02,1.688031470282290170e-01,3.312028762950757210e-01,3.340639979718318386e-01,6.979536411582706323e-01,1.044966098425242906e-02,1.880771100586594302e-01
4.266961347980724462e-02,2.794792220240583935e-01,2.170938070964271716e-01,4.088657569049142237e-01,2.833441041387653736e-01,5.307573441619903853e-01,5.143687810937264127e-02,1.872107331458100210e-01
7.771947682377848554e-02,2.203863192643172597e-01,2.001101642160741934e-01,3.204991173386254610e-01,3.231121724123093841e-01,6.594448711746107028e-01,1.195678756913304830e-01,1.862461108626762007e-01
1.038918363095770181e-01,7.032509514168565623e-01,3.186976150559187593e-01,3.203147704061120038e-01,1.763245495890734815e-01,6.080884227855930524e-01,9.469439388513731237e-02,1.889587273462286221e-01
6.039274781438969120e-02,4.848869648387137965e-01,4.166810938050476421e-01,3.114437875745380557e-01,2.772208153927031016e-01,5.364122873918634182e-01,2.319664409401859806e-01,1.851872947412108728e-01
5.911679770929698097e-02,3.463945895652256191e-01,3.574501811669731355e-01,3.456605034343342986e-01,2.745526001458689636e-01,6.720998353397440450e-01,4.107732318942430849e-02,1.873130296146352791e-01
6.351867564179081160e-02,3.365571552044396286e-01,4.110514810290756271e-01,3.138885498391191797e-01,2.780248322299627706e-01,7.405059023548045127e-01,1.504848242710590256e-01,1.868336874412877546e-01
5.857040807702676433e-02,1.078262877453106117e-01,3.675540415195149846e-01,2.268873957071495528e-01,3.575996399245949253e-01,7.940779755263722706e-01,1.690640085563846484e-01,1.866897893475074344e-01
6.141555933052569860e-02,6.096330411818895456e-01,4.188060332185058465e-01,3.676759031469526429e-01,2.127300371926915123e-01,4.930385973225110963e-01,2.056388542919485585e-01,1.871342383098128226e-01
2.091500695127228304e-02,7.031041726637712319e-01,5.606339751978195451e-01,4.709607231183070009e-01,2.277946424819654314e-01,2.444699572967720114e-01,7.584190177693578283e-02,1.869327818865478830e-01
5.447330667650417124e-02,1.669806592439416759e-01,1.519778635002010103e-01,3.567602897608700974e-01,3.303418806566685850e-01,5.329412602636358631e-01,9.934570265134812228e-02,1.873221320653922217e-01
7.110056287255223095e-02,2.181559852937342558e-01,2.791330221360770469e-01,3.243071491274685525e-01,2.957498688705679224e-01,7.630273628018172660e-01,1.153757873775029807e-03,1.873161481384106875e-01
5.601168898140191504e-02,1.485878897960750122e-01,1.757232516106126408e-01,2.993886041146138766e-01,3.536797435577280213e-01,5.257927742952005490e-01,1.631386154492157625e-01,1.861741509289690510e-01
4.030363414628808372e-02,3.520931311934026864e-01,5.522631197198190067e-01,2.691530381903577407e-01,3.181117707796225491e-01,6.322704609582671109e-01,7.922584407098354209e-02,1.866530062988805694e-01
7.634308788372647092e-02,6.814044939625757413e-01,4.114168341993441058e-01,3.212357108531919136e-01,2.102168376036033792e-01,4.900683272932289669e-01,1.941203880655273106e-01,1.872372828102561171e-01
5.205960621229033941e-02,3.093239874795515321e-01,1.963394194813566640e-01,3.624410706882142397e-01,3.165636333267013436e-01,4.425363831674163362e-01,3.862894149830767843e-01,1.844133969266812667e-01
5.066055514741539534e-02,9.075893487165809237e-03,1.022305498480649000e-01,3.069510422254904114e-01,3.843995379147169267e-01,5.529581527702802646e-01,1.369873621932556074e-01,1.864811887862173057e-01
9.481868325673789566e-02,3.101089091960716471e-01,2.046245313317172354e-01,3.286622628220857711e-01,2.665587500187397429e-01,7.635184598920119470e-01,4.947754203896170822e-01,1.839356318995176987e-01
5.300228739462454347e-02,5.008007002778726013e-01,4.172493602578136729e-01,3.762902198070357529e-01,2.291748139401408035e-01,5.700508942027081583e-01,2.772153609616149206e-01,1.861724867922718019e-01
4.813656544766738848e-02,1.748513140969505386e-01,1.949787640430705737e-01,3.418316559834023161e-01,3.405140137080742146e-01,5.293234716884452906e-01,1.436250475018430450e-01,1.865109989883875774e-01
1.426610008898592796e-01,5.947027773475267454e-01,1.132262085841213850e-01,3.188511514414321679e-01,1.908654307380254767e-01,7.008820536871144258e-01,5.996708970771934544e-01,1.849417357061372835e-01
1.489353140455456914e-01,4.973983868837604794e-01,9.293283369514454550e-02,2.260208337380023857e-01,2.358472327755452291e-01,6.766772716033182533e-01,7.052241687611995324e-01,1.846137812116220578e-01
3.067387780678515474e-02,7.144065233223497735e-01,7.070429570141834041e-01,4.009018997010057039e-01,2.366644188116484027e-01,3.224874790688971871e-01,3.152781529642735281e-01,1.852068943943317170e-01
1.370039236343428002e-01,9.885495071655195920e-01,3.780016291478763280e-01,2.991633546627626705e-01,1.588257454079011477e-01,5.884996658404223480e-01,5.573755029731678468e-01,1.858642056275839893e-01
6.148726066227384879e-02,2.615498852203110847e-01,3.118730957980880292e-01,3.045303217522565276e-01,3.083319739078639876e-01,6.965392674426240660e-01,9.316899507030904082e-02,1.864956284007680265e-01
6.818440491868629771e-02,1.204179654036113822e-02,1.018445767480988251e-01,2.119060177932115541e-01,4.219595717091135234e-01,4.999131295423420163e-01,2.661660880940686646e-01,1.852588143896426454e-01
9.007267949201414048e-02,6.441890628645885464e-01,3.303261786356314067e-01,3.602007926231287627e-01,1.975809649212806329e-01,5.947200095089998362e-01,3.104858845335742301e-01,1.866376320691510993e-01
1.256977158235951797e-01,5.531363920235515819e-01,1.595018432877123304e-01,3.310885889458720643e-01,2.046700414266364454e-01,6.962215489153311676e-01,6.039315365099198196e-01,1.843155549120116254e-01
9.194215395747538933e-02,5.701383897675773582e-01,4.891417003952485132e-01,2.524920196720149002e-01,2.389311040245260254e-01,7.849480534434788437e-01,1.281369304387089680e-01,1.867666329855663110e-01
4.626435786186867960e-02,7.336574324789538748e-01,5.007832451277345331e-01,4.350811493159100207e-01,2.042808433416414826e-01,3.425587620671285971e-01,5.854706333017412057e-02,1.881828594535544241e-01
9.460723819322564010e-02,6.107860132850160273e-01,3.762855045501217743e-01,3.236090127217262080e-01,1.915459229609350333e-01,7.093894727955794011e-01,3.356824159201857727e-01,1.865427756760117961e-01
5.606760918756054091e-02,4.003796862059897377e-01,4.341983732885776881e-01,3.218990927532617286e-01,2.653519729102969960e-01,6.489176933389902979e-01,1.716317265752718979e-01,1.866527310229341430e-01
3.949881125202656107e-02,8.185433052355234329e-02,3.940666504240502577e-01,2.897847771177582965e-01,3.807747710849931355e-01,7.651141930517996181e-01,3.302002029051365195e-01,1.837266488121576669e-01
5.656132671953839619e-02,1.227005096894304703e-01,1.847624155418044478e-01,3.070223306454845091e-01,3.782670919007505295e-01,5.264109307317916819e-01,3.194346133169977953e-01,1.847101417961959646e-01
6.575453734426188468e-02,1.863412364376279551e-01,1.856415131758026305e-01,3.175776444392848230e-01,3.184636300416955890e-01,6.292425201596298923e-01,2.467992174296510521e-01,1.854082908762509641e-01
5.103773184649580685e-02,1.071394514975584911e-01,1.630862144455425544e-01,3.207074633648840933e-01,3.645668076730890217e-01,5.616675455454576138e-01,3.847658427698216754e-01,1.835256769336966187e-01
8.249447243677023034e-02,7.037516771112015679e-01,4.919779107583265310e-01,3.038114738672340609e-01,2.085756299607376962e-01,5.831307010771815680e-01,1.076485335608046157e-01,1.874705949286530060e-01
5.773265600141298803e-02,2.138237837063591273e-01,2.353117531092482895e-01,3.124433984976842660e-01,3.153104599460679891e-01,5.915718925952405671e-01,1.973953090482211126e-01,1.866842867613125734e-01
1.121243916886407316e-01,6.339222039169845058e-01,3.892910815836025384e-01,2.795898706009553036e-01,2.093349801793970288e-01,7.782429667448705901e-01,1.727236730774962259e-01,1.873048664994979573e-01
6.870796057330924578e-02,1.002536139391778103e-01,2.000822632634852716e-01,2.091489140949684966e-01,3.999065151539121787e-01,5.359262126462591702e-01,3.189350804068896705e-01,1.848041667520738673e-01
1.525320826086112302e-01,4.415026514993508622e-01,6.150565575248090333e-02,2.220372545448566215e-01,2.521818586243079197e-01,6.731745283157755111e-01,6.364362217319372572e-01,1.848246212179219528e-01
5.214866801240522487e-02,6.343886473798291403e-01,7.538500565364177897e-01,2.652823340334235502e-01,2.600833608738353231e-01,5.672001556322191496e-01,1.607335268973370535e-01,1.861992510884570018e-01
6.838310087963786477e-02,1.211150401381047570e-01,2.096309073437237214e-01,3.014198860982001960e-01,3.420159320188229102e-01,7.194446146280100152e-01,3.936560133467806866e-01,1.835432390021234372e-01
9.817763604189617965e-02,3.026027805961152284e-01,7.616364341292231055e-02,3.208472252313743778e-01,2.682396432904401440e-01,5.902799009748901371e-01,6.321843173333684396e-01,1.838922266929270410e-01
7.390338489436004688e-02,3.975168148965574910e-01,2.897173067989922690e-01,3.362704464960148409e-01,2.789708849632753784e-01,6.280721832897641077e-01,2.084545337720494218e-01,1.853930845175775499e-01
6.573467776804695073e-02,2.955506647846402601e-01,8.502077169822566671e-02,3.566488488798565948e-01,3.260502784082764949e-01,4.087816293699978454e-01,3.372229596330139634e-01,1.844194869363665334e-01
6.156291649887106476e-02,3.444651453284049980e-01,1.453106158467758757e-01,3.895878060334405646e-01,2.844369807422749696e-01,4.696947304240902676e-01,2.348375622490905812e-03,1.874986301500415620e-01
6.664216358058755452e-02,3.543352248083292411e-02,1.016233133854207160e-01,2.776138289871455944e-01,3.828440590812167144e-01,5.387908276897496185e-01,2.921634319080421149e-01,1.858230952658002921e-01
9.965041303655117200e-02,3.646129148757189520e-01,1.013239186256553181e-01,2.654376423447143418e-01,2.956116815753100924e-01,5.174844346688031171e-01,4.359880103528812056e-01,1.842624803760855301e-01
5.342763798522612989e-02,5.121823166448453701e-01,5.092090239760564963e-01,3.479696471448077699e-01,2.525009270157064223e-01,6.002325429019734759e-01,1.263974899495902970e-01,1.865364509122891812e-01
4.861057920907728425e-02,2.472666870231590153e-01,4.981004748552953498e-01,2.536865219689941053e-01,3.226973813372928102e-01,7.909188175238186513e-01,1.784577867255654482e-02,1.872490538616894407e-01
1.713303962165901584e-01,7.179070941668923567e-01,1.002370226194779501e-01,2.696297898990489550e-01,1.648216657214361947e-01,7.570836946148454816e-01,8.621770383062784537e-01,1.844769799313823455e-01
1.299940203571496589e-02,6.093278471524192774e-01,8.495656509759352826e-01,3.409934455846977408e-01,2.931615428358900766e-01,2.774208904519814278e-01,2.440463855600271403e-01,1.852794204029067637e-01
1.063239642873438917e-01,4.969605153513578788e-01,2.771457754623573577e-01,2.481881387876202771e-01,2.357914734275248780e-01,7.084723517019911876e-01,2.160852388160773296e-01,1.869381966713414001e-01
7.472182873866511921e-02,4.905913408578322366e-01,2.568423342441020218e-01,3.514289496367158372e-01,2.504723527046642806e-01,5.133832794367122476e-01,3.017432085776282080e-01,1.859070491129745095e-01
7.528339257180131916e-02,3.587601918164527448e-01,2.217587558597446940e-01,3.113690369073656705e-01,2.748033179198728360e-01,5.766421579593106195e-01,1.695017147513397104e-01,1.867240398486209874e-01
8.248907911310507379e-02,2.746955986994137344e-01,2.634695380428226930e-01,2.823337641253409469e-01,2.766051803460646275e-01,7.582254151811929077e-01,3.923096729800087390e-01,1.853869201523557220e-01
1.447019279250151835e-01,4.644785034576072169e-01,4.781897044454974655e-02,2.951187868785919433e-01,2.201069187143082639e-01,6.924871980582600894e-01,4.419197102239187380e-01,1.859933745245016812e-01
1.133107710855048994e-01,5.310836011274122637e-01,1.989698233019956963e-01,2.876607997299840402e-01,2.264987088350498001e-01,6.442409364257035698e-01,3.949556506100035946e-01,1.858616322317171443e-01
1.358759133900681870e-02,6.679869956459816294e-01,7.108143511246824975e-01,4.257708085098204642e-01,2.798622506059993964e-01,2.057442599782280945e-01,1.438274232149318876e-01,1.852786327836379865e-01
8.690931386016356730e-02,1.184583802899347171e-01,4.569765934723324374e-02,3.275503318003308850e-01,3.227430832696501772e-01,6.369142608833314734e-01,2.752408099128108576e-01,1.858743195739278875e-01
4.499695073488886587e-02,1.724374982860688577e-01,3.644822817485705579e-01,2.447729163826973808e-01,3.689854390753641855e-01,6.185439022349437099e-01,1.642429002313557651e-01,1.852450288838556336e-01
6.640366100190170373e-02,7.586693239942789990e-01,4.919101465112609151e-01,3.328440864357374851e-01,2.154246064219025869e-01,3.760040316900750135e-01,1.409325067031078627e-01,1.873003643038121391e-01
1.049096094147116826e-01,6.432566507336558992e-01,4.766304500229702201e-01,2.544895494219361343e-01,2.057709702377185645e-01,8.162510412116156244e-01,3.150864401052386188e-01,1.866449940599053392e-01
5.710159059809713500e-02,6.217635982652303106e-01,6.268579899346705675e-01,3.324706800572804211e-01,2.307013829105325764e-01,6.252706902548910151e-01,1.248067293042492976e-01,1.865404908234436776e-01
3.592163163168572704e-02,4.720291613694060917e-02,2.685231998023923095e-01,2.773688524801499189e-01,4.081507207035730556e-01,5.755745551273236948e-01,1.640933242885234122e-01,1.857445354521300718e-01
7.274905583762872330e-02,3.049751722672010001e-01,1.839989869891969498e-01,3.269606377742242387e-01,2.813236127742851367e-01,5.614662548322800761e-01,3.168762561838040503e-01,1.856791678680069224e-01
1.227946674140698025e-01,3.603899665333681890e-01,1.920357933775956871e-01,2.591699742974848397e-01,2.444861350278267620e-01,8.376679455380009465e-01,3.340396030680395922e-01,1.865186116773376868e-01
7.251732709977806723e-02,4.061654661513460773e-01,3.232377593957566075e-01,3.036348497479735564e-01,2.854489736443266423e-01,5.959003151539729037e-01,3.580950626005808823e-01,1.846850772521651529e-01
1.236704271013080725e-01,3.890325736665450895e-01,7.919856431493693671e-02,3.013689025471420480e-01,2.474931526205902121e-01,6.636829527757664993e-01,7.081049095968767748e-01,1.833728867162175147e-01
5.295472112199559739e-02,8.818101380306253567e-04,2.924571194795178020e-01,2.277767545298940988e-01,4.060236608675151793e-01,7.027236596562638216e-01,2.962413755879498845e-01,1.847550573719205225e-01
9.338595162973720165e-02,4.445767900892102498e-01,1.843640684368522409e-01,3.431809631572259045e-01,2.355851257783062591e-01,5.849276595790853239e-01,4.047000851948389655e-01,1.858718186474199174e-01
1.540709285257244876e-01,7.530627821054405313e-01,3.429595256342374832e-01,2.221525809459834466e-01,1.807838746979980593e-01,8.815933153017375679e-01,3.634005317885748432e-01,1.877265932239713386e-01
4.431807770069261243e-02,3.342969117088079312e-02,2.175059543405834517e-01,2.878627499655207478e-01,3.904689283042639403e-01,6.175745794553880730e-01,8.109944653343120757e-02,1.865021952111256820e-01
6.456522055774560620e-02,2.141189978745089428e-01,1.770588100032000900e-01,2.760066690220989161e-01,3.262047198189894637e-01,5.220636059369144766e-01,2.058827989732409103e-01,1.866959725680402415e-01
8.985501782872237775e-02,9.872485045931824743e-01,5.147855398049308029e-01,3.743573434539414491e-01,1.573058334565738958e-01,3.894778167232766375e-01,1.888895339437910714e-01,1.882200676352682178e-01
1.396590938267899817e-01,4.764614220140792611e-01,5.033066706032934823e-02,3.003297312033993416e-01,2.009638188662944969e-01,6.915526649076111365e-01,7.578079217471727080e-01,1.844524856154491077e-01
6.928988534859624460e-02,1.456708863946482024e-02,9.585954985025305075e-02,3.013984972404014084e-01,3.712853617794294458e-01,6.234657223484075805e-01,3.099797253540039210e-01,1.852060629697390159e-01
5.988812447649687759e-02,7.730371257909659510e-01,5.738282451044056653e-01,3.828849655577236111e-01,2.004887444383646189e-01,4.484054350017598889e-01,2.860186704619644416e-01,1.859881242829433678e-01
3.677496260539513118e-02,3.931752996849189885e-01,5.236775508988893435e-01,3.542763423029507974e-01,3.002456696820509086e-01,5.911746073318860928e-01,5.034101499858978368e-02,1.862170291761037488e-01
3.363061191607859268e-02,6.485154403915973642e-01,7.054986918671489748e-01,3.641257011120045961e-01,2.540087001784676612e-01,3.949609018264512716e-01,3.249347315273671821e-01,1.849146362967464541e-01
6.679464691226991158e-02,5.041931352575111935e-01,3.272446047553970727e-01,3.442729046717102892e-01,2.558264338372442381e-01,5.107324640453905218e-01,2.803351548028423235e-01,1.853556966995048294e-01
5.141646911769381934e-02,7.879793687312975914e-01,5.252357112406105255e-01,3.682022381727562133e-01,2.201302910596310003e-01,2.656735705691947724e-01,1.626077432629614572e-01,1.872113532974056527e-01
1.943922705823197122e-02,4.905974330621638568e-01,7.297892418922891089e-01,3.936252989444449235e-01,2.744959800198674138e-01,5.773590022814596434e-01,1.838137280498586268e-01,1.850944203386950537e-01
7.968530480511253067e-02,3.957088683384873407e-01,1.907434894107419843e-01,3.619434049807286891e-01,2.462815312925772937e-01,5.745783835059018463e-01,3.682943648077835475e-02,1.880588945678878521e-01
8.293437146468822518e-02,2.746156930842321708e-01,1.401775153098852311e-01,3.241556216843471949e-01,3.084627827966224811e-01,5.895943277761857004e-01,2.877198783668810655e-01,1.851376380413425615e-01
1.059789130555313097e-01,4.129155636744627489e-01,1.761504245444874828e-01,2.312712162039100017e-01,2.865194745753067429e-01,5.713735849762310304e-01,5.199561265332180993e-01,1.842903918440186861e-01
4.010146767465992690e-02,1.133341252068107985e-01,1.622731442201727214e-01,3.279322873738311217e-01,3.756568911894752061e-01,4.872203712959106703e-01,5.930699725550697687e-02,1.864114547743771222e-01
1.039137233584611214e-01,1.190425207008821706e-01,7.427028063446161621e-02,1.925889794659815246e-01,3.716269772078389932e-01,5.688276916984946752e-01,2.857992856770005252e-01,1.861822334138971136e-01
5.303480253328992505e-02,5.116794442049249492e-02,1.819278300042117547e-01,3.344020152421977587e-01,3.693513384451515003e-01,6.457760594834056622e-01,7.518860735919491445e-02,1.860862397668219814e-01
8.643288476004068466e-02,1.233030259207825163e-01,9.884767877739711328e-02,2.497531718562733261e-01,3.429455722640875059e-01,5.902331368076333407e-01,1.924617957952460268e-01,1.869297627764995584e-01
8.811082580714185708e-02,2.878849277398657924e-01,1.291868238625029086e-01,3.156355851470130092e-01,2.983434964408118173e-01,5.617503240517388585e-01,5.661302262207084102e-01,1.836469128170867549e-01
1.028261908689824672e-01,8.658533917568980165e-01,3.188523302474523535e-01,3.451309092812214208e-01,1.756821046967895761e-01,4.476721932114363645e-01,2.470698449662330765e-01,1.873564318492978442e-01
7.275499023268877652e-02,2.976445884265382924e-01,2.466361052351245253e-01,3.308983161380103510e-01,2.943937752974480349e-01,6.411625227749221390e-01,3.405409550382486050e-01,1.852961206319084786e-01
6.612687914727415073e-02,2.949520530440787325e-01,2.364679047280868751e-01,3.098125827571141522e-01,3.261209607180324266e-01,5.482707411556665411e-01,1.207354353223525079e-01,1.859545215573723542e-01
8.734968528160268197e-02,1.316435725867650119e-01,1.180854712046685573e-01,2.894560436295845474e-01,3.087312164523635660e-01,6.893154662773558483e-01,5.153640794451089246e-02,1.882352366073658523e-01
1.087734402242710452e-01,3.005748799112438752e-01,5.518370432429936523e-02,2.914127740548849155e-01,2.725700598463982050e-01,6.230439945955563719e-01,4.376732369539249046e-01,1.854146190700404206e-01
7.946148084163570657e-02,2.080669462812085868e-01,6.202705416521092641e-02,3.421927000109766803e-01,3.023920628317949277e-01,5.525592892639658027e-01,1.367684273163493058e-01,1.867541531981611325e-01
8.796965181600094330e-02,2.431562852796458896e-01,8.519181954220450548e-02,3.583327256574718178e-01,2.943761293080551233e-01,5.852592083320576899e-01,2.803491962392316572e-01,1.858806629463841953e-01
1.107590414520760735e-01,4.150211731149661687e-01,2.220348317584528997e-01,2.514263938304278079e-01,2.717333664606592092e-01,6.813704008558403302e-01,3.660933518619791660e-01,1.854411346650395032e-01
1.049551853652671701e-01,1.218643969131367188e-01,8.125097568426395411e-02,2.536842649748702327e-01,3.234617038559917668e-01,7.069769905986696967e-01,4.865329459663136347e-01,1.844619938405171466e-01
1.131304746120604943e-01,1.238098431285921674e-01,2.304445320335235525e-02,2.517991103964288269e-01,3.271657345528504734e-01,6.296790696771462637e-01,2.173614533048300879e-01,1.873810805359260589e-01
8.502426197427079280e-02,3.511082688142418418e-01,1.766634762082626708e-01,2.464776383723388808e-01,3.139094902952571653e-01,4.958870344186967483e-01,3.101149804471501348e-01,1.854702796866497250e-01
7.631670893627054419e-02,4.583984896020023569e-01,2.669091117745823194e-01,2.989882779845282057e-01,2.637321686036980806e-01,5.063965105714068882e-01,2.186432819218592227e-01,1.868380276813723928e-01
5.868346409524298479e-02,6.197707141082542392e-01,3.770477295405779139e-01,4.044259603637074818e-01,2.290670866213709855e-01,4.412153015255251276e-01,1.575840086530865825e-01,1.861701413016033646e-01
6.303814200158774916e-02,1.168292235860897699e-01,2.644295480585553415e-01,2.880725477880891061e-01,3.509386593176566649e-01,7.243780643962028920e-01,5.316350694159925894e-01,1.831627341793453101e-01
8.013005279294863059e-02,8.309828558980317803e-01,3.648430085522130217e-01,3.904365754079125450e-01,1.709527593901604137e-01,3.735454827948054835e-01,2.192598389099804645e-01,1.883127493453388424e-01
5.958201829782930337e-02,1.130888936791508703e-01,2.900619676526878243e-01,3.007997013445740664e-01,3.342442557793716684e-01,7.442325617916796254e-01,6.550080801312124779e-02,1.878706431569348856e-01
9.300322319901384305e-02,4.326611286788027977e-01,1.984775310805247384e-01,3.061008191560773417e-01,2.505215215544031038e-01,6.232125405604832524e-01,9.042170664193199814e-02,1.870862483489786066e-01
8.206998486712901997e-02,8.200327361238012314e-01,5.088920100073018871e-01,3.382619381678323989e-01,1.810648807834154828e-01,5.086762311245520696e-01,3.901121504377573768e-01,1.860039430024663654e-01
9.795877811683276204e-02,3.323781868719959953e-01,1.394253668884762598e-01,3.053092935904291316e-01,2.675693820696429248e-01,6.225341701748019485e-01,4.320566229665853131e-01,1.851178897839867443e-01
8.697156636764007132e-02,3.234786570169806419e-01,1.009039626528775713e-01,2.907402287782257511e-01,2.850309954712463845e-01,4.906504291744828716e-01,3.817040235768017209e-01,1.858848122345447273e-01
4.432550909213697765e-02,1.290539798068641719e-01,2.521838739277676988e-01,2.918236966230167706e-01,3.538184029862733726e-01,5.930396703144975579e-01,1.945194810074327152e-01,1.855021442603934090e-01
8.684166256294197084e-02,8.199129226198446085e-01,5.115815408161014100e-01,3.625727420285196345e-01,1.806676858111679884e-01,5.654738852394799453e-01,2.883264342393088153e-01,1.862131496375946937e-01
7.751185949819772159e-02,1.292094828025931452e-01,8.717317538188704140e-02,2.776735047947034296e-01,3.823676725409683730e-01,4.932445779599489155e-01,4.994211258104477302e-01,1.834285413073305504e-01
5.528600168748394605e-02,2.838480957967864926e-01,3.119716668712316232e-01,2.906822913287656074e-01,3.197169246103518381e-01,5.571503451426440545e-01,4.420961983507774029e-01,1.840155032979311489e-01
7.784996594028693873e-02,9.366309271737194297e-02,9.779888750259352337e-02,3.019752512811666456e-01,3.199815326821235928e-01,6.578495172441093386e-01,1.881331648975036186e-01,1.870533364142152599e-01
1.744405236395481507e-01,5.527040074661174751e-01,3.687081505003431126e-02,2.573506099616116871e-01,1.896897002946808797e-01,7.844756410389635004e-01,8.104997063629056919e-01,1.847635486115702663e-01
1.046652022406831528e-01,3.267268556661790946e-01,2.514499129904822494e-01,2.503624623058948728e-01,2.721760463965658960e-01,8.131205153128007179e-01,1.377643470329606989e-01,1.867223520642211088e-01
8.358731452450465782e-02,3.883613949499679641e-01,8.814407247549510549e-02,2.979135175786454814e-01,2.888977614137686611e-01,4.167367936469222878e-01,5.821488289660394777e-01,1.841486962659486526e-01
6.735009519945792111e-02,2.873321849577860077e-01,3.963118436408538114e-01,3.186514852017255373e-01,2.840967970383190822e-01,8.368555807290884996e-01,2.102391809599513106e-01,1.855539703892405967e-01
6.228226362572179819e-02,4.132085900647846088e-01,4.455129355529983681e-01,2.541467801994617415e-01,2.836789971782159303e-01,6.345517665238128435e-01,5.937343173229397975e-02,1.873407070491306947e-01
8.323131623094830178e-02,3.544605740003964334e-02,5.419752966349594692e-02,2.640081792404178618e-01,3.701401487987059369e-01,5.978663389822954644e-01,4.004933868068105696e-03,1.882546922694279812e-01
1.487629991449872513e-01,8.240967124209268579e-01,1.879840517533881705e-01,2.703322916456926128e-01,1.637444481429040088e-01,6.101677597502658257e-01,4.479519165163412531e-01,1.876020848403172903e-01
6.137445077173667163e-02,8.456771813460350895e-02,1.285293816078468543e-01,2.877026221258628391e-01,3.834537426041214614e-01,5.401118350972649029e-01,2.938266794379707503e-01,1.845956737609652787e-01
8.863531683202065248e-02,3.032684167203113512e-01,4.124813665279797315e-02,3.713049086240757801e-01,2.635654483770404899e-01,5.247524976666334551e-01,1.937046738486404296e-01,1.871926050477971393e-01
1.314286821819909690e-01,8.137750175681182085e-01,3.776869775403776108e-01,2.272500317668215419e-01,1.944545863882192749e-01,6.516778520653619955e-01,2.449128133779608085e-01,1.879196571526409731e-01
1.253356990881016875e-01,3.938817717544338959e-01,1.196051833737964698e-01,2.750603062487479433e-01,2.308256206982802483e-01,7.472302748904523506e-01,3.473275416653135439e-01,1.862324733979174862e-01
5.955783321377011025e-02,2.574448446272945557e-01,1.974712956801152330e-01,3.590431771216530121e-01,2.938560494262414946e-01,5.454500654473838361e-01,2.008709823804266659e-02,1.882073220920159329e-01
1.262032217455301419e-01,5.310344415326321288e-01,1.825166350374219926e-01,3.018598846932487034e-01,2.091756189799248711e-01,7.272237795481801825e-01,2.034112087106821620e-01,1.875801454848499694e-01
1.376792151829704658e-01,8.564195041015121301e-01,3.561807939114332022e-01,3.113674294812384669e-01,1.487150691221452714e-01,7.638218045225094732e-01,4.765119966066152513e-01,1.869313345962815287e-01
8.094813946155271500e-02,1.018327865956148437e-01,1.721079836766455096e-01,2.195702315863711229e-01,3.567360890334536072e-01,6.320557694208936983e-01,3.138431906170939256e-01,1.857911395462870374e-01
8.096267118976892274e-02,8.029466877841269223e-01,6.430263082432671196e-01,2.761563378713072781e-01,2.225808794929988177e-01,5.287883814721046072e-01,2.230252245521966714e-01,1.864456086520858147e-01
8.797759509941678602e-02,7.627262653444305540e-01,5.173500967474490286e-01,3.199031042998289887e-01,2.001778147907119221e-01,5.922312393746539394e-01,1.893209856610235942e-01,1.874433013305124296e-01
1.274830213571427062e-01,3.959158734141254854e-01,3.268210714991257038e-02,2.754239489025098742e-01,2.562106387546706499e-01,5.799159542460528005e-01,8.073756326443978226e-01,1.833197008573086983e-01
8.752710475181350869e-02,1.182058343125654276e-01,1.225882490902248101e-01,2.628810000635460331e-01,3.503824688942059340e-01,6.514914449788912210e-01,2.770925923145397540e-01,1.854943672114995334e-01
6.048623063291477808e-02,2.775409964282803399e-01,2.944303858358792714e-01,2.840657267822606635e-01,3.019084796156721318e-01,5.914199827009720689e-01,8.272181965981909024e-02,1.873066450348219170e-01
7.390735855830368739e-02,5.817790746696382964e-02,9.420814407339395125e-02,2.600021637971569599e-01,3.721670414162938645e-01,6.023117920429184036e-01,1.094896657393013839e-01,1.862018258450168773e-01
7.241705004910208021e-02,3.852140282951302397e-01,2.356278051408056406e-01,3.851734225699103842e-01,2.407493933444925793e-01,6.406103299107200888e-01,2.285377444052482387e-01,1.864715299660542613e-01
1.092422607176958549e-01,4.632564054190729808e-02,5.034237348841053006e-02,2.342243939799148189e-01,3.557256822621689407e-01,7.027782585282722483e-01,5.138585785370270997e-01,1.843443561406774567e-01
9.096772289273186152e-02,7.164550646017415758e-01,5.118808637818952345e-01,3.083618064707907003e-01,1.936996728434120518e-01,7.161956487381210268e-01,3.191998257467031919e-01,1.859432874223267140e-01
1.122429687177837337e-01,5.720684129434059351e-01,3.932883864488069259e-01,2.290449188642456890e-01,2.198960088888669007e-01,8.039272400682752062e-01,7.377334628585024978e-02,1.886575202274194396e-01
1.206385110250366988e-01,3.869887338137113497e-01,4.970977001449800037e-02,2.874260331520298029e-01,2.620341775895244085e-01,5.691714511964737211e-01,4.951430203712193778e-01,1.848991022384667282e-01
1.059304482756498467e-01,2.592077598768751656e-01,1.501140309528476713e-01,2.413799918283412171e-01,3.049775128094484589e-01,6.750652765664879595e-01,5.109504502954069771e-01,1.840262197155323187e-01
1.697611870014248681e-01,8.864381693680833951e-01,3.492763821734248264e-01,2.399368538719165445e-01,1.554731652067213310e-01,9.428040325354183349e-01,6.302699405251355191e-01,1.860259444742557167e-01
4.079529440424962961e-02,3.306005609334039530e-01,5.681896809690315520e-01,3.051299245231718360e-01,3.035186301239312101e-01,7.317151093726510513e-01,1.932988947698293380e-01,1.854773321644874462e-01
5.288444968185446182e-02,2.464084385231549712e-01,1.568222290960905319e-01,3.537848939544913085e-01,3.297066015095429514e-01,4.504538110846194598e-01,2.734872444606628594e-03,1.874549562999391072e-01
1.309839346514550806e-01,8.597972722213791386e-01,4.007675385863974649e-01,2.595928272361135991e-01,1.769762567111749230e-01,6.806900447240153973e-01,1.750382602252602837e-01,1.882786255124531405e-01
9.885588993027678850e-02,1.726944187926167107e-01,8.057324418023278922e-02,3.235768351968447698e-01,3.093022857225192768e-01,6.749716445267850418e-01,3.727749036717569742e-01,1.850635963161490483e-01
5.851792915571241149e-02,7.742281689633884190e-01,4.729183141379431632e-01,4.093298444073812936e-01,1.922838840324778698e-01,3.519061360720330267e-01,2.284851199387288867e-02,1.884645593575206557e-01
7.588689803889632490e-02,5.673148794930348293e-01,5.023517740763336903e-01,2.673475099087975204e-01,2.440543530730199251e-01,6.479987726424482064e-01,8.139230066395181096e-02,1.877124637937230556e-01
5.632984008951658766e-02,3.941909277582895665e-01,5.032305234549545592e-01,2.724692621414819271e-01,2.965417682036718405e-01,6.804760970636642980e-01,2.162667690082487604e-01,1.854836315372194178e-01
1.612210028985449350e-01,9.108996291016204783e-01,3.930738567812320228e-01,2.294914858595231699e-01,1.588337433591827108e-01,8.502627143532365261e-01,6.097192164154943139e-01,1.866398396950129934e-01
5.668930577654645447e-02,7.936865219497932777e-01,5.765176490987007352e-01,3.521808908002375671e-01,2.129476351303630499e-01,3.273228335730530847e-01,6.966987564012316891e-02,1.877365831178498534e-01
8.898917587803938101e-02,1.675640148930330753e-01,2.225784571131273482e-01,2.814401579776668050e-01,2.988680157964119788e-01,8.415675667900570645e-01,1.443568459911935553e-01,1.865074840966714498e-01
1.436204887022433374e-01,5.612180385210304712e-01,1.223727989392028315e-01,2.735986690511481023e-01,2.172437200340215924e-01,6.839784609918676539e-01,7.093303658751946017e-01,1.844115088405817449e-01
7.126081985889472226e-02,3.529615713924633691e-01,2.179061531473397151e-01,3.267445497281185052e-01,2.913461301981868923e-01,5.662717386684574805e-01,1.316572430487156220e-01,1.858519744133718954e-01
6.316917703853651422e-02,5.004516155851408410e-01,5.009917552161067267e-01,3.363696034563514736e-01,2.289371930891027362e-01,7.259431759281866903e-01,1.371734781079437526e-01,1.872388729376531780e-01
2.121508300169027139e-01,9.911922467181695229e-01,2.677285475710154405e-01,1.906305959379584469e-01,1.531912533183832359e-01,9.879803057476994610e-01,6.956335517460687790e-01,1.866790970653144921e-01
2.519911575062667997e-02,8.740685609177401005e-02,4.016307530670268355e-01,3.154284699356744159e-01,3.965770040419249742e-01,6.526191035718728051e-01,2.819021462687189006e-01,1.839253837531193980e-01
8.453492689192049214e-02,2.654834489310853307e-01,1.158681895772333825e-01,3.205495722170780271e-01,2.811626586746410195e-01,5.950274723747280836e-01,4.930938814464372877e-01,1.844385288825677871e-01
1.161825169498272858e-01,3.750628109011679978e-01,1.656947892983579029e-02,2.914183020452476014e-01,2.854520981222476994e-01,5.040967937664344589e-01,5.297736564719492947e-01,1.846217367985257818e-01
7.470753448782345429e-02,9.003684521284255338e-02,5.510433668634323601e-02,3.300463176483346972e-01,3.385310121781988646e-01,5.588331277383020712e-01,2.995245110602579031e-02,1.883398381092346863e-01
1.239820779981815474e-01,2.955717678310014751e-01,5.437972139381624936e-02,2.752031081203072382e-01,2.623173080402962931e-01,6.813466854001306583e-01,4.242943573385792866e-01,1.858002953302912985e-01
3.077833679906347153e-02,6.508129585720048293e-01,6.580588991869378290e-01,4.291371136232317030e-01,2.315077220217928444e-01,4.082956684198274511e-01,1.398875697694705322e-01,1.866534757670188782e-01
6.085664101178092644e-02,6.761608808929264747e-02,1.975930536232893275e-01,2.464205372159087304e-01,3.639632483329647283e-01,6.292030523239096063e-01,1.539691203337629766e-01,1.864236947681850165e-01
9.588876977780456945e-02,2.038515534263714291e-01,3.361916690848243405e-02,3.097950521884154651e-01,3.052192755540095170e-01,5.598096227126221347e-01,7.436521744785499211e-01,1.831644911204003967e-01
7.464392496096086682e-02,7.106846081847892904e-01,5.206600308327030691e-01,3.207206535823026727e-01,2.051202279105049098e-01,5.836990722598349723e-01,2.070801169582552337e-01,1.866459672784220591e-01
5.323232743412917300e-02,2.035772270565152919e-01,2.220076213568306644e-01,3.325656531559587070e-01,3.100469271876943878e-01,5.763151284133682939e-01,2.923012045990956986e-01,1.853522918761897620e-01
8.257730268791466099e-03,5.405897663619962934e-01,7.061796330530270005e-01,4.231247229508685592e-01,2.851529632807130454e-01,3.569315346013941515e-01,2.293994543371911110e-01,1.845207912342630985e-01
7.388896126960949051e-02,1.275913602600270425e-02,6.819694536547044050e-02,3.042670813370227934e-01,3.749264392777156285e-01,6.293243145351089529e-01,2.140542226009803373e-01,1.854579893781659605e-01
6.740818727933783894e-02,2.796677708032468956e-02,1.225292093082944733e-01,2.653242331635848328e-01,3.823862127949386736e-01,5.938288276204010119e-01,2.228423097694140764e-01,1.865039420753908661e-01
1.183318181421350312e-01,9.568552723192074172e-01,2.811094550699311800e-01,3.230331440961362044e-01,1.587884626882074268e-01,4.128005252176924489e-01,5.484807812815278849e-01,1.862976176084962243e-01
5.998697662716687834e-02,6.976536291162689363e-01,4.728071679328950672e-01,3.941527570505323763e-01,2.070635083479442640e-01,4.501703938807378735e-01,2.896107661061854133e-01,1.856975930790818741e-01
1.119728605933063142e-01,2.350034692499442801e-01,1.444839319093328689e-01,2.904834323075433100e-01,2.808720798967187515e-01,7.883168918068154118e-01,3.994639621281648179e-01,1.854707577852338085e-01
2.976968798951298845e-02,6.231718251752912385e-01,7.507903414288419341e-01,3.712922086961658041e-01,2.413046362129390721e-01,4.774396767029210342e-01,3.171623268354978320e-01,1.849582279692761899e-01
4.078551530006301051e-02,1.653241028433003190e-01,2.963875108478654097e-01,2.596848792859255406e-01,3.790089541077170665e-01,5.057455833450508198e-01,3.686600740945248367e-01,1.839995202203410229e-01
7.417385328152976964e-02,4.032251547884422305e-01,4.074194886722449782e-01,2.922947257406501298e-01,2.701846754451653343e-01,7.367406221589964943e-01,2.813465855005333749e-01,1.857638841390136797e-01
7.122415498730864936e-02,1.761446154074433612e-01,1.045402397572498809e-01,3.610289190659131120e-01,3.095292906740869099e-01,5.768278761214501449e-01,3.038731826072372799e-01,1.856331866057049917e-01
6.700608887537769232e-02,2.305680168696463972e-01,1.262302625570501657e-01,3.316874864065592066e-01,3.210981656539428908e-01,5.021447850314444405e-01,3.303768702321484563e-01,1.853512888855481378e-01
4.899116861896669201e-02,7.823467004322824936e-01,6.389496419032802965e-01,4.052044654808830138e-01,2.105345309878371984e-01,3.753031127607803774e-01,1.830361424611067767e-01,1.864537464745776862e-01
1.163106658911802066e-01,4.039261883853382806e-01,1.135616949301307688e-01,3.011177318900469246e-01,2.325146355175434776e-01,6.504591535366124333e-01,3.505660308385081247e-01,1.871554377159161398e-01
8.721976151399395139e-02,5.631229420873054003e-01,4.376863828661375910e-01,2.651304333477612629e-01,2.319407408539790327e-01,6.668333869917658641e-01,4.257033626533179849e-02,1.886670215491583757e-01
9.500206096796917632e-02,1.857794428691994515e-02,1.413431061044070625e-01,2.035960176331909066e-01,3.775239343591043073e-01,7.070915681547648157e-01,3.486711266391079866e-01,1.855445018075231878e-01
1.165513917647638953e-01,8.075161184487392729e-01,2.908466935152633770e-01,3.064900476346013036e-01,1.720265385290427329e-01,5.717808747904556954e-01,3.027669343238323929e-01,1.873377577582987230e-01
7.490065446249483117e-02,5.666593913896214030e-01,3.054359420363571553e-01,3.668255731635863270e-01,2.103421568274244646e-01,5.607633045577216091e-01,8.546354840755576721e-02,1.877904041530185919e-01
8.124039027739729524e-02,6.194593586516007333e-01,3.862599149858649272e-01,3.534704118956715213e-01,1.920967956608650995e-01,6.357951906347467652e-01,3.212686079591263733e-01,1.864186533666599144e-01
4.115223532180960209e-02,3.429620140240284831e-01,5.726650237616139894e-01,2.918833884504383747e-01,3.148922689705382361e-01,6.911827128730819725e-01,2.319495433528699913e-01,1.854021250064000759e-01
7.227606794271650148e-02,1.069019009291084510e-01,2.832346744795211091e-01,2.599730709803049766e-01,3.561623464062432798e-01,8.062062311128423975e-01,3.576954165792024520e-01,1.838371653992394994e-01
4.884479988854821542e-02,6.527509175531703844e-02,1.914207029259254456e-01,2.686656954276868681e-01,3.831889724160906785e-01,5.676641049277605378e-01,3.009547441716104998e-01,1.845489532320079840e-01
9.144474765180347908e-02,5.981290609401787028e-01,4.063427367779832711e-01,2.668353566130436949e-01,2.372471596245733227e-01,6.218392031161105171e-01,1.862415721821820691e-01,1.869223009725784479e-01
1.034847828152931637e-01,3.327232858017327155e-01,1.835517717125936810e-01,3.065786085122864102e-01,2.522602222513481429e-01,7.568335558877208324e-01,3.034354176662725777e-01,1.862455518630849738e-01
6.096564478550979549e-02,1.545224563467209600e-01,3.354023471067170137e-01,2.635141451860846251e-01,3.466144063774778683e-01,7.226975827209555225e-01,1.192515603452020401e-01,1.861702632859064954e-01
7.440588433567212057e-02,1.737982339642815677e-01,7.427155691294307083e-02,3.328248542810209321e-01,3.135359530393470595e-01,5.278689792637250022e-01,5.324093769118662944e-01,1.844542595620944914e-01
6.171452472722915861e-02,8.497555651567501034e-01,6.228242477990362236e-01,3.888275072376677910e-01,1.947125276509280023e-01,3.979404074097491195e-01,3.687450534364394295e-01,1.855236482950478050e-01
3.080294106753374284e-02,1.414853755907743982e-01,3.051600318361029074e-01,3.204867670380472933e-01,3.625492774921152406e-01,5.729497522732058812e-01,1.364869738834983970e-01,1.857393987164207838e-01
9.161144430492627888e-02,2.157280107831286153e-01,1.686625164287927914e-01,2.248498783707253146e-01,3.259443539980903526e-01,6.026393087274608540e-01,2.279943964540093182e-01,1.870165886963590929e-01
4.667280246078041317e-02,3.900141057537304112e-01,3.827126182279417810e-01,3.934621956239755525e-01,2.643079997800670822e-01,5.963877723397187358e-01,2.925695634013569246e-01,1.853509450478408593e-01
7.991656607402300438e-02,2.582039975730885395e-01,1.332125367722710729e-01,3.130193937512370517e-01,3.188149709042187308e-01,5.611860675090930561e-01,1.515872284750384991e-01,1.858220951538699650e-01
4.039817990989602592e-02,6.207599919420854206e-01,7.112606907979679427e-01,3.406697983719405576e-01,2.420230559345189492e-01,5.333429446067481372e-01,2.553048908252472660e-01,1.854242951267644768e-01
8.857764492177364057e-02,5.379126790044203021e-02,6.172210933760552409e-02,1.642179388010227836e-01,4.147612019612654244e-01,4.727870835383235493e-01,4.143042445433349763e-01,1.848079371207712873e-01
3.608226249517937356e-02,2.562444680077482495e-01,4.957729168082347648e-01,2.805425863382733920e-01,3.480287816306501525e-01,6.294418730325206379e-01,1.990858772361639162e-01,1.850480253330968328e-01
7.322610410111904389e-02,6.589531964085333371e-01,2.849674328356551212e-01,3.587336717448914580e-01,2.254328350487447563e-01,3.803244579766968947e-01,2.475662765597536896e-01,1.866509624986787408e-01
7.046148855003049605e-02,3.739608645793374153e-02,8.205130179918454503e-02,2.810586166158811072e-01,3.928035508618232807e-01,5.264179380793548857e-01,6.239301753772070747e-01,1.830772303880691398e-01
5.689435798901194830e-02,5.203901159646173724e-02,7.109462945027450465e-02,3.052214869349310633e-01,4.038428034680224821e-01,4.719557696971994898e-01,3.065920859153317690e-01,1.846250647367353726e-01
1.407873788867922416e-01,8.944634761733081252e-01,3.473317837048515710e-01,2.955013312443586226e-01,1.379972060965364844e-01,7.493918286844569732e-01,5.266829784342847987e-01,1.868279093578933125e-01
6.358905261813899146e-02,1.257558904951844858e-01,1.262073915234957211e-01,3.226415267641231099e-01,3.716617962637891459e-01,5.244435259904517421e-01,3.764820602198674093e-01,1.842924566779811368e-01
2.543503943246384208e-02,6.538929550989440731e-01,8.225652946044852420e-01,3.788635571880534236e-01,2.543695009569462706e-01,4.166339164605739054e-01,1.157844822145216723e-01,1.866713178800692707e-01
7.282646955514913978e-02,1.437150784618524413e-01,1.409931525269531583e-01,3.455069835369383724e-01,3.111353687976309845e-01,6.619532342093469302e-01,2.978267817090291536e-01,1.860162483342262252e-01
1.575473833437775195e-02,6.374905773018696431e-01,9.892471742160482417e-01,3.160297378232087562e-01,2.960712299531843006e-01,2.987434167327170376e-01,1.898989478107662998e-01,1.861798694697048007e-01
9.015515449221404853e-02,5.931618218872743986e-01,4.020164958456230453e-01,3.136870267049558514e-01,2.114024357130970810e-01,7.246525447357667904e-01,1.849799402490028832e-01,1.869975953986171002e-01
4.728771716176881357e-02,1.579114480722172975e-01,2.615223516406533499e-01,3.004350543434501919e-01,3.632692231158171636e-01,5.599172450610273577e-01,6.043578457346432398e-02,1.866868257117088314e-01
6.865776427244295321e-02,2.269563405010079082e-01,8.632829633102984124e-02,3.110510941520061023e-01,3.370705885943539037e-01,4.483267198415099575e-01,2.123831755538105881e-01,1.855079096543065520e-01
8.156485273270788761e-02,5.957545140246820470e-01,3.372208351571766016e-01,3.506083943931622149e-01,2.094770744472757573e-01,6.079834072923153698e-01,2.276325949158349848e-01,1.863590457175623438e-01
1.012520802589259861e-01,6.485915978636913604e-01,1.463678064296914105e-01,3.640906576766253511e-01,1.882633656439331449e-01,4.700267892092133692e-01,4.759914295186621347e-01,1.859508671969858362e-01
3.070609115211783008e-02,2.123703672716550916e-01,3.015759568454525752e-01,3.999142519852389444e-01,3.232965563730457736e-01,5.592275830564900074e-01,9.581118753480138972e-02,1.864457242347551946e-01
9.518085657816717504e-02,2.139442511331795527e-01,1.438039023275911044e-02,2.806146079348347810e-01,3.149228876607270133e-01,4.793457671546234589e-01,5.077353616072244336e-01,1.854939561258833747e-01
8.198564882879130766e-02,3.484767206485994695e-01,1.291289918827060734e-01,3.276563238160712377e-01,2.719894727896184916e-01,5.373147019945649916e-01,6.376951243210077225e-02,1.876331730343219484e-01
5.901551130671953832e-02,3.881482027632907617e-01,3.387987331217244269e-01,3.208975100252397517e-01,2.899776629921339555e-01,5.760202682690392928e-01,4.949926478210403546e-02,1.863908336596012127e-01
7.182070489788262846e-02,1.819353620703700880e-02,4.390424287746075294e-02,2.676713554756180447e-01,3.951001273791123758e-01,5.252846515834106444e-01,5.182860971971068320e-01,1.838561712574004192e-01
3.203228302122516913e-02,7.879112379110324582e-01,6.663877037118370872e-01,4.390121108020830221e-01,2.343459474358746963e-01,2.246784898286856014e-01,1.731986956276221346e-02,1.871716771429274007e-01
2.117612536477542912e-02,6.608127321600805182e-01,6.829940742148937760e-01,4.056963172167413756e-01,2.668189429395786405e-01,2.851942567140869356e-01,2.328790768004074252e-02,1.867089926240582121e-01
4.251878766168409873e-02,1.245842341961427846e-01,2.060544367136575572e-01,3.812993878855264196e-01,3.449129580257899730e-01,6.047710105439801920e-01,1.963264579824144929e-01,1.851979027507132114e-01
9.395902616583579059e-02,2.010850413481886645e-01,8.995635094367160356e-02,2.044090274792685902e-01,3.572982614540927138e-01,5.091736973824476653e-01,4.220993450533659375e-01,1.845337916899290054e-01
7.318135705826649129e-02,4.440852170942056754e-01,3.053091398252865685e-01,2.939582138203690187e-01,2.724307587303695932e-01,5.567793967582289616e-01,2.364593007422580162e-01,1.857481862612440082e-01
5.514727377855982438e-02,8.088190070376803931e-01,5.849543671927899258e-01,4.172851434373099355e-01,1.933937459938600001e-01,3.756884360195894557e-01,1.774588966957617309e-01,1.873153210888352516e-01
5.617851770976700632e-02,7.501729627397418776e-02,1.741868639361612014e-01,3.270083769804952856e-01,3.665195630262160220e-01,6.143279753659954823e-01,2.453497638456239860e-01,1.845244735245054890e-01
8.312349345747940821e-02,2.616286941289350798e-01,2.983404242817733198e-02,3.350318484738530889e-01,3.109067969290937317e-01,4.345014747129166688e-01,3.660625332825310219e-01,1.857251307300091803e-01
3.771662877175994966e-02,2.900162678977659669e-01,3.401052334946844669e-01,3.623183119237938232e-01,3.308277857166700420e-01,5.300336660870043071e-01,1.942330407582238405e-01,1.844614151136857172e-01
5.461494157602135580e-02,9.788032190109358099e-02,2.653528043046051721e-01,2.677445890046509236e-01,3.784970563826549061e-01,6.649414673334959058e-01,2.906750265866457350e-01,1.841641718448831233e-01
1.060667654142131433e-01,6.835522861827380003e-01,3.565284482224843621e-01,2.824038808758675412e-01,1.994336907964284755e-01,6.306662282367309080e-01,4.511040738531786332e-01,1.860431200877024627e-01
9.062651686136120877e-02,3.188566172751673422e-01,1.925557779775574629e-01,2.893626082780630382e-01,2.934516166925750791e-01,6.135209249871836912e-01,4.789760960155630132e-01,1.840611655985420758e-01
1.174408286342077112e-01,1.997219118582150288e-01,1.096734911587882166e-02,2.782818353396606104e-01,3.093596352743099298e-01,6.340415767097797861e-01,6.218416206875188035e-01,1.836543433755534471e-01
1.285040017347735264e-01,4.483033932519676079e-01,7.294685988169491431e-02,2.792053041025371884e-01,2.415294466741101376e-01,6.322567361638633532e-01,3.317856766962700710e-01,1.861759018623370676e-01
1.178972302294556962e-01,4.174571574063115631e-01,6.853784634601423065e-02,2.742164595819383544e-01,2.502778654829591054e-01,5.906614080281482604e-01,4.049223747372452942e-01,1.857339010810226954e-01
8.086453409668073466e-02,4.134276566085104965e-01,1.450794350661201437e-01,3.832360202463829246e-01,2.553683125216638650e-01,5.358606542062337441e-01,4.371855363768180625e-01,1.844990491068881078e-01
6.417759705808183390e-02,4.089074185222453806e-01,3.160260453513681900e-01,3.552989849817807522e-01,2.444023339740868106e-01,6.072253436806664961e-01,2.229507285146989370e-01,1.869241560145263048e-01
8.825907102675756288e-02,7.688450462941490704e-01,3.411605252914491349e-01,3.730800185624447152e-01,1.623806854183046100e-01,5.130366889250934648e-01,2.657367716766636523e-01,1.872408264735142269e-01
1.169944867418041545e-01,3.773624277375340896e-01,1.088318480580268421e-01,2.794583793939276473e-01,2.755491871290692840e-01,6.469813417923784282e-01,4.360429764813935627e-01,1.842713612116773092e-01
7.126794550990651900e-02,3.153178604491371773e-01,2.371922151112466071e-01,3.211236409784046231e-01,2.670428534074770210e-01,6.222530153700779332e-01,8.758962047627152914e-02,1.875065571572688550e-01
5.340410781284411074e-02,3.122377936576727908e-01,4.428332231641938233e-01,3.069609973740625719e-01,3.084043159944865331e-01,7.087922523418304088e-01,9.769753963412855513e-02,1.863457326206029163e-01
1.030934706706859716e-01,3.245855758934916291e-01,1.260819462869961216e-01,3.281570842902977181e-01,2.506428977577319639e-01,6.980277831595225191e-01,4.125796488004136453e-01,1.848512770126695681e-01
9.340855543363506264e-02,4.460310573718429539e-01,9.970142529854181257e-02,3.363300922348476107e-01,2.395006060176541329e-01,5.279433636535875163e-01,2.743172009265589240e-01,1.862223829920602591e-01
9.032784519255701583e-02,1.258623390194919534e-01,1.523802149076332879e-01,2.531772642172354648e-01,3.326404424240236857e-01,6.795960604869315524e-01,3.303750574328864209e-01,1.860956837521646479e-01
2.261285673350508368e-02,3.148934939562184621e-01,6.012587375662243883e-01,3.055799898891004562e-01,3.410459122202582072e-01,5.783386644051261571e-01,8.288436845982977141e-02,1.860754372564289716e-01
1.160097549189577637e-01,5.546244715128119118e-01,1.045744258231862400e-01,3.380459926690528860e-01,2.052934967202072469e-01,5.843633584505646406e-01,6.197037681869399517e-01,1.844974955978452846e-01
8.769432839237928379e-02,2.295036573996021012e-01,3.837650299312311830e-02,2.667479750051426901e-01,3.360660984926371886e-01,4.368616356245326737e-01,4.619496187358864692e-01,1.844982221175119896e-01
6.834307911716122619e-02,5.543876365639938131e-02,3.240551211628832085e-01,1.784841096429170826e-01,3.925070802018105209e-01,7.626755626334946747e-01,3.796299985748707861e-03,1.876950179419010767e-01
3.695931779732040262e-02,7.959953312088419164e-02,4.071597683812051560e-01,2.956216393176485102e-01,3.721952126976876274e-01,7.826769533014041880e-01,6.848308620235687982e-02,1.867859458485287838e-01
6.184317193064441109e-02,7.832890405903469855e-02,1.045332259271190833e-01,2.696785429746729190e-01,3.815362756952162537e-01,4.771137353010538318e-01,1.430447122970464335e-01,1.866046952077053678e-01
8.793125570069228181e-02,7.913118034836053027e-02,2.202265231004065515e-01,2.067869113517012969e-01,3.767647497569001636e-01,7.394010643164362628e-01,1.082407136960134852e-01,1.868339335753159969e-01
7.008557306393400910e-02,9.084649139409328722e-02,1.903475856149274559e-01,2.746344611091990351e-01,3.453668092131408351e-01,6.970369497706618844e-01,2.352453685363053992e-02,1.875291933334819194e-01
8.658183582080140883e-02,4.066398597605165310e-01,3.601235084360280836e-01,2.722410175376412389e-01,2.635316706348668769e-01,7.458904536982775557e-01,3.262082295510352892e-01,1.853422547602583959e-01
6.653518835215779803e-02,2.141166512134721756e-01,5.150116312075209146e-02,3.666679543564982380e-01,3.252979364784106542e-01,4.448359007905318130e-01,4.964715070071802350e-01,1.840480054325158710e-01
5.735592362887817486e-02,1.011519761725821476e-01,3.953172952079194169e-01,2.122458050398730034e-01,3.724475764305092418e-01,8.080937782576902428e-01,2.315518335320649879e-01,1.850867529501008801e-01
1.109721900630721847e-01,5.506475084181741142e-01,9.638563341614475588e-02,3.425182582790707309e-01,2.124386811249637241e-01,5.271569729365014334e-01,3.721024547738446264e-01,1.865510809085222099e-01
6.359133912620956730e-02,6.107781740999868036e-02,2.710716125158847412e-01,2.135728355200166295e-01,4.053585799680858859e-01,6.603464854410405760e-01,3.732598659034935817e-01,1.839716868666737559e-01
9.729350665739629200e-02,5.470051658462011801e-01,3.013298640362842007e-01,2.679895429846076982e-01,2.444178033280563211e-01,5.947330390816036871e-01,3.127796082061844452e-01,1.863316015370649892e-01
5.714850233346618902e-02,1.878012218078590756e-01,2.250666711394963548e-01,3.694802579191329706e-01,3.061794116796775489e-01,6.625985052019143229e-01,2.632446795224956948e-01,1.854327890074779495e-01
5.292612309022391714e-02,1.188726517936827820e-01,8.109466686126659551e-02,2.983499951746100276e-01,3.693238850635713333e-01,4.275124526921691426e-01,2.596558570432154212e-01,1.859027246889929097e-01
5.644341752038472410e-02,7.127478431342904042e-02,9.804614470221056921e-02,3.243810387049545496e-01,3.571144906608926251e-01,5.263588275682571371e-01,6.677883082462240938e-02,1.873960599865488186e-01
7.879354713825845180e-02,1.491053053155482200e-01,1.316276685734743823e-01,2.685242175308789614e-01,3.221602716173307401e-01,6.258109868624998073e-01,7.668030270109726931e-02,1.871821956465393733e-01
1.107433683976386946e-01,8.773458308520791782e-01,3.788656261927151325e-01,3.248148456537096052e-01,1.638095079239537122e-01,5.593510739552560729e-01,4.660500306350628952e-01,1.859137485385772837e-01
9.096765530594486115e-02,2.036017562018034299e-01,1.647714506174538796e-01,2.015758640404031188e-01,3.424262352186271396e-01,5.831099627781295425e-01,4.887740520869752192e-01,1.845921897260540123e-01
7.086170999621277389e-02,3.312411857885993460e-01,1.927747658555339916e-01,3.316369734170485639e-01,2.884494343446596942e-01,5.632689197822564608e-01,3.177080827836347710e-01,1.852122757536624476e-01
1.675819323678944539e-01,8.970296737257885678e-01,2.692437610670844750e-01,2.778106146061183335e-01,1.389494161767291514e-01,8.127990387801140582e-01,4.357493690688920562e-01,1.879319445112091758e-01
5.391099776668244192e-02,2.906772109222475198e-01,2.968097852832230488e-01,3.794043701838921145e-01,2.732692203780655582e-01,6.475340781999516793e-01,1.034729553622593112e-01,1.874596993934669886e-01
6.589118926464063164e-02,1.902397562226544325e-01,2.184247337010040702e-01,2.593677822341559636e-01,3.594524972375748861e-01,5.727956194509523646e-01,1.973418757048608085e-01,1.847322335099254587e-01
6.375179831568078548e-02,4.799447006637123092e-01,3.607570871893463482e-01,3.491756970268951599e-01,2.386980909535981743e-01,6.066977348033369966e-01,2.780180773721620535e-01,1.858963485403795912e-01
8.614913472013559226e-02,3.547192962480024137e-01,5.607304862760958963e-02,3.272586763559328094e-01,2.968686783893306758e-01,4.282468372822649250e-01,2.629547602338457857e-01,1.856479883836154587e-01
1.174577497306366208e-01,7.010250089821037367e-01,1.709231343830914518e-01,3.380770802295905431e-01,1.927263787812442952e-01,5.354188912359417740e-01,4.450240592406844442e-01,1.856535412035780763e-01
6.013419689901379483e-02,1.264950367441860513e-01,1.607513683652398440e-01,2.466466264187383572e-01,3.672759444794752581e-01,5.026860434492095298e-01,4.126688669466698767e-01,1.849629538508708593e-01
4.388980367997453308e-02,6.396186708032236545e-02,3.428222645796437651e-01,2.720241136425651240e-01,4.007444303763085247e-01,7.085215774545842171e-01,6.237909818164294462e-02,1.859856017928231964e-01
9.533046305006602494e-02,6.295256101336061949e-01,4.773208687192411204e-01,2.856997149638555444e-01,2.027483657020162644e-01,7.930716798952154312e-01,2.352700508217988595e-01,1.869728834725793154e-01
8.897933455851277096e-02,4.118487743624171804e-01,2.361640221609403734e-01,3.353722126415332738e-01,2.360705790223966427e-01,7.023179267072141574e-01,1.482836192462171909e-01,1.865067423971488447e-01
2.398691864548774255e-02,7.804998525338995297e-01,6.434477612952678172e-01,4.649378409654422173e-01,2.293673432091543896e-01,1.684436628546722714e-01,7.886229565156055443e-02,1.870063191310644690e-01
9.404062490766162963e-02,1.803818384437864131e-01,2.982290564226489638e-01,2.186019016719055186e-01,3.187827584997713903e-01,8.808356611108156820e-01,1.360856824250952779e-01,1.870292111414704195e-01
5.346212208952706713e-02,6.826935629978334585e-01,4.924740964169997959e-01,4.116279195741864294e-01,2.081537652046819842e-01,4.530938617342586960e-01,2.676159928180615322e-01,1.857585209489657774e-01
3.422164834721001109e-02,6.386754193762295140e-01,6.296311470477669037e-01,4.156695960838616699e-01,2.197407851566280101e-01,4.635134137824197254e-01,1.049169728307765559e-01,1.867619176252801327e-01
6.917743850868554589e-02,1.902876359687177277e-01,1.779595580394023047e-01,3.017179500098742251e-01,3.195431238764236959e-01,6.023507048497874772e-01,3.579115502760076284e-01,1.855354192597194474e-01
5.668103055750803310e-02,6.113410542067276854e-02,2.147020994930878834e-01,2.368548468811170205e-01,3.873604212480900033e-01,5.785073892817210739e-01,2.632603683055030896e-01,1.861771519994213087e-01
7.520672793712893101e-02,6.013241600157207545e-01,3.818668886893317183e-01,3.613092553526146555e-01,2.196778064560787336e-01,5.533296568102831214e-01,2.533384624751283676e-01,1.862030986228268015e-01
5.325201571040576176e-02,2.268907504588465185e-01,3.362475641146245309e-01,3.245831521696964650e-01,3.178359713933824326e-01,6.698661529256119129e-01,1.917686143798298659e-01,1.862345037769538303e-01
1.001217765300631418e-01,6.109154230118192253e-01,2.364563257206745150e-01,3.221023714427098672e-01,2.169352107481203329e-01,5.577827267486672458e-01,4.492309665257115392e-01,1.846989144383992532e-01
8.094196753823565404e-02,1.437957275499163190e-01,1.675626285303247753e-01,2.624656754112664747e-01,3.519008877557167070e-01,6.664946022233839695e-01,3.643359550665793423e-01,1.836166622897058287e-01
1.082192543485800684e-01,6.962092230027535633e-01,2.179777503008385187e-01,3.276241655380518480e-01,1.896247803509550911e-01,5.300345768353722509e-01,4.167061624318391111e-01,1.861098962858863670e-01
6.249920613201555286e-02,2.528210631712148881e-01,2.551186216378986682e-01,2.545847007715462684e-01,3.404159534705459844e-01,5.269921750173942598e-01,3.687243968108629977e-01,1.847206888597696106e-01
4.670773527952496590e-02,1.479763799632449750e-01,2.207140715928551100e-01,2.926613586510832810e-01,3.653678695366547879e-01,5.269755237487518951e-01,5.995706856285407116e-02,1.865306710298912374e-01
8.832716720437881752e-02,8.997714129127148963e-02,1.684852723397732843e-01,2.752175056953234944e-01,3.391846177551356423e-01,7.750637602353683819e-01,3.732782826587266456e-02,1.875410864040339687e-01
7.190808543617829840e-02,3.605237791061475794e-01,8.059415918772985798e-02,3.517315864347080878e-01,2.910935461044378836e-01,4.169528033534435352e-01,4.010600973404752079e-01,1.849066006629390690e-01
5.605099396150119845e-02,5.116749999838234864e-01,4.253736973140286315e-01,3.804104114583146679e-01,2.351817183322428284e-01,5.672005640086554834e-01,1.036381946114822428e-01,1.869185959254636431e-01
5.645786656652633517e-02,1.600568953962955288e-01,2.086900974160367239e-01,3.324300470213916170e-01,3.339715764773697471e-01,6.293736937182626834e-01,3.040956368278629474e-01,1.846425859247024792e-01
9.290870486614817569e-02,8.100762733555779693e-01,4.259846691491835924e-01,3.330397753837491259e-01,1.690573078017743036e-01,5.481440812357813996e-01,4.282569900653296902e-01,1.861727491801464240e-01
1.390191015541845099e-01,8.822163353621819137e-01,2.302254036242565860e-01,2.780776226388459449e-01,1.666551464366256008e-01,5.390816676772387517e-01,4.795876352014122324e-01,1.870963229868169708e-01
1.138043419818148966e-01,5.156957557421791849e-01,2.661785351683107481e-01,2.705607375458760622e-01,2.198340749101792002e-01,7.411891519411282214e-01,1.726687830843418037e-01,1.875121349901944789e-01
4.186195270206478219e-02,2.937582502598107270e-01,4.254392986863941295e-01,3.116060786032200935e-01,3.069510932897551725e-01,6.224728119440221530e-01,1.727904273051182604e-01,1.859765366969779177e-01
5.894512024956394258e-02,7.684795099757928405e-01,6.855411798779353916e-01,3.643654949665671161e-01,2.092339153641032956e-01,4.986927123544261375e-01,1.299502743813752970e-01,1.872361925512835701e-01
1.133291341206280195e-01,4.661323056267752118e-01,1.490552672823967084e-01,2.482574507592257007e-01,2.634582433310469485e-01,5.740956869772264604e-01,3.341925991901341653e-01,1.860872649435257875e-01
5.232537025336905789e-02,1.775549724132891583e-01,2.746931805682877314e-01,2.907101678829022151e-01,3.532465882022545745e-01,5.738680383838293819e-01,3.459259527925258038e-01,1.842716214890625370e-01
1.361462579286659147e-01,4.544678993873102479e-01,9.722439293907889080e-02,2.373207559234619679e-01,2.562526204826291454e-01,6.347983574177553656e-01,6.063458371030303606e-01,1.842667538121391113e-01
4.954403048666073534e-02,5.347238178334325909e-01,7.425815098263982561e-01,2.904911960907403112e-01,2.707883992523705818e-01,7.177900392626659354e-01,1.588914722026064652e-01,1.861349119574774724e-01
3.266873727992674475e-02,5.110102890411920562e-01,6.586665349013790527e-01,3.757136265182123291e-01,2.538386023413853332e-01,6.117505217487100300e-01,2.192939558255981580e-01,1.853672193573810412e-01
6.647147474602796424e-02,8.107740474463714930e-02,2.837987534569915149e-01,2.187958600839198797e-01,3.854475691627919920e-01,7.171188817295537365e-01,4.673326889615765367e-01,1.836525707710093824e-01
1.032583962782260695e-01,5.834635079307266547e-01,3.118460876835346118e-01,2.817183297407178655e-01,2.198162446981670737e-01,6.453476565645164253e-01,1.660950376511883542e-01,1.877835049332343964e-01
8.535645755266574319e-02,6.201265278340900577e-02,1.076209531613540049e-01,2.458839563319454857e-01,3.632171456744809346e-01,6.315862844572935897e-01,1.453903894910451022e-01,1.869602879821756214e-01
7.525720543977149068e-02,3.700034492019222965e-01,1.539106166592603964e-01,3.488038798665769602e-01,2.800390307390510647e-01,5.094662587711944468e-01,1.129534403811950360e-01,1.868385756985993795e-01
1.136638712733975404e-01,4.389317139544118285e-01,1.345565026847012069e-01,2.924790099314472647e-01,2.564595857417037994e-01,6.166630084243520660e-01,1.680781165232618224e-01,1.870455447359395951e-01
8.296465684872636470e-02,5.430110960958243194e-01,3.559725280611358844e-01,3.062751087878842204e-01,2.423565150034177607e-01,6.011281482310720792e-01,8.132661604289445623e-02,1.868975586240112507e-01
1.101362828766588448e-01,1.080166452778895669e-01,1.248681012129170820e-01,1.996238376229245159e-01,3.511875290664842053e-01,7.320218792151131915e-01,6.282330568716611996e-01,1.833509033007320321e-01
1.075010827315687895e-01,3.133362227810198020e-01,1.369111163625507110e-01,2.451195324034153855e-01,2.857840054358971593e-01,6.478864902242280621e-01,7.232879501969255998e-01,1.830072083262245242e-01
4.889778759722138157e-02,7.320961414753462959e-02,2.343468080376803209e-01,3.212187028600212990e-01,3.551920821273587547e-01,6.768560917835849677e-01,1.937076056187903572e-01,1.860062376190262101e-01
9.463221098641849682e-02,3.707775515255741228e-01,2.184045937672127735e-01,3.176551623222227949e-01,2.691249593111104121e-01,7.050170749743511767e-01,4.942400200359187146e-01,1.836461594530566233e-01
9.730850114809901086e-02,2.567910296071867493e-01,2.156253258789478378e-01,2.558121699466300303e-01,3.033835737772590524e-01,7.344368152021312213e-01,2.412461529203884514e-01,1.860042631034285465e-01
6.430946929778050269e-02,2.318725464138188253e-02,1.010441633979426157e-01,3.294173763387469589e-01,3.603802622877986250e-01,6.068266073299870556e-01,2.545438841337697711e-01,1.860018540561292344e-01
7.556239479735128717e-02,3.763274947843492368e-02,7.442429249839005445e-02,2.396514106430291113e-01,3.930489816064195452e-01,5.412232977787000410e-01,5.284447023782509190e-01,1.831399688815346649e-01
7.068315063636765316e-02,7.837835374899793095e-02,1.142562961388722542e-01,3.133847523005344193e-01,3.311198226349286733e-01,6.641303316031552662e-01,9.170800197170314583e-02,1.867932358736071052e-01
1.660887099980281056e-01,8.229302388149106751e-01,3.466578893321429211e-01,1.886025579939982211e-01,1.754571298533628698e-01,8.802382972256798110e-01,4.511271762511362970e-01,1.874512250184323381e-01
7.039122105496675719e-02,2.137647605734898371e-01,1.630555428507399762e-01,2.436125816565593571e-01,3.629768594179083041e-01,4.729954718066174402e-01,3.427110304110798089e-01,1.848729361165737661e-01
8.532028798037077921e-02,1.222883761648982937e-01,4.922208242722556082e-02,2.968566823077011807e-01,3.345332785461867520e-01,5.631371763691402910e-01,1.220036261425951896e-01,1.868442520591100109e-01
5.290448213563628266e-02,1.353209541964267015e-01,1.510362031550190054e-01,3.601779142303745407e-01,3.420041451859382464e-01,5.624788383297011363e-01,2.617257921659316144e-02,1.867942459141335998e-01
1.019084592052228039e-01,1.189840671289721930e-01,2.867752415536278798e-02,2.399860602233747087e-01,3.545779387500179736e-01,5.559507283760112273e-01,6.056097757201219789e-01,1.839680127585521796e-01
7.548477871931687233e-02,3.178433070205144428e-02,1.560752243785933635e-01,2.944298658012047265e-01,3.529428846674450559e-01,7.326011978500697186e-01,2.471621505542928865e-01,1.858196856294406785e-01
7.921226884098729604e-02,5.744238088527588992e-01,3.294712733750252975e-01,3.627388597682120186e-01,2.097437871215414029e-01,5.926891093886791362e-01,1.790236326857302940e-02,1.879711890506111927e-01
7.893177624417080374e-02,1.319305518379764175e-01,6.398830502463304093e-02,3.299951442033703941e-01,3.467505408219330731e-01,5.512341709109955801e-01,2.841901103105721749e-01,1.855870079552617014e-01
6.547578080621285768e-02,8.019295374619215266e-01,5.519820381858444591e-01,3.150517182081173373e-01,2.229066826472622109e-01,3.308660736365618416e-01,2.382431094328335552e-02,1.883665730232749469e-01
7.776649099538730792e-02,3.273987390446562729e-01,1.245458499604921165e-01,3.134579507480382832e-01,2.764278455248074806e-01,5.089640756776653285e-01,4.680787640358258228e-02,1.884119538732364485e-01
8.689877471586422708e-02,2.045150340783513099e-01,1.226648068314978857e-01,2.290581262661331441e-01,3.372504713670484433e-01,5.489252682616232448e-01,5.456457554295173207e-01,1.839845205596549182e-01
5.806668215425579010e-02,2.063751476822193731e-01,2.761431877175981597e-01,2.326426656482783462e-01,3.649777587063854356e-01,5.405067068291716792e-01,3.336357008021740844e-01,1.842635213310030440e-01
3.460068660932497792e-02,2.594825510672510993e-01,4.931262799583878143e-01,2.941271956663896736e-01,3.298231962877373191e-01,6.715951558663333376e-01,2.706562790494556059e-01,1.845456585293584195e-01
6.323985760988576343e-02,6.288604419467916928e-01,3.361606882490955073e-01,3.823896963064547516e-01,2.162133073786409176e-01,4.412888490126433139e-01,1.869045521813983979e-01,1.867250582569829898e-01
5.786167831274413587e-02,9.167741498729365945e-01,4.837510389798580501e-01,4.164393029214329411e-01,1.879409183020999408e-01,2.090888341056217348e-01,1.699834130232629470e-01,1.873365113172462959e-01
8.530052736806983948e-02,1.739263664999906034e-01,9.771630262868907790e-02,2.727772364355789958e-01,3.483107056429007309e-01,5.477130062421275980e-01,3.415283946492846390e-01,1.851824665555098226e-01
1.025264266571303817e-01,3.222561734400293254e-01,8.865517311423365410e-02,3.196685542171137095e-01,2.620980777802716655e-01,6.180984248944328963e-01,5.737769856828733861e-01,1.845215016147396803e-01
4.331815607671231361e-02,3.263873759834219901e-01,2.383893586759849859e-01,3.826117446961931901e-01,2.989231492578438010e-01,4.685938366694704094e-01,3.956925941516392653e-02,1.863023334185131552e-01
8.831512653866219198e-02,3.181690454376161492e-01,1.480077798262094124e-01,3.216080493741112489e-01,2.889218412290106008e-01,5.919343238213572445e-01,3.210983760662929898e-01,1.851077722485123811e-01
5.377668612410969884e-02,2.217694712114390010e-01,1.208307034532073720e-01,3.359741958892372149e-01,3.572744180850235818e-01,4.034347495012222118e-01,2.183446956207481804e-01,1.851154913990386841e-01
8.107322153659834996e-02,2.005808321405190275e-01,1.479585666545230604e-01,3.055896628521656555e-01,3.017871358495980982e-01,6.462420000058416436e-01,6.747015672531575525e-02,1.873082089285336704e-01
1.071842238547809634e-01,3.682888946715585088e-01,1.546399521925279630e-01,2.370032962290574974e-01,2.955499086527264008e-01,5.729392811154074838e-01,3.636986887963637449e-01,1.855417216141996561e-01
8.593322777861460426e-02,1.571215796915897966e-01,4.220328642257475948e-02,3.091156687608402343e-01,3.387292584922990679e-01,5.315158110793921642e-01,7.084737006034769191e-01,1.828244603144064118e-01
6.668573988800786945e-02,8.590875269962510163e-01,5.338983231936651475e-01,3.522069760637295821e-01,1.941518439387230344e-01,3.256691514743664251e-01,2.965351623579273177e-01,1.867385996022728201e-01
7.669330703756423173e-02,3.457751744347475897e-02,1.109344295343006603e-02,3.166893352669467587e-01,3.651168976895875495e-01,5.236119239599843489e-01,3.559175566868791885e-01,1.856550417472623837e-01
4.263908888386238466e-02,7.638035196870627264e-01,8.503564339263406380e-01,3.552573135196769316e-01,2.335286199704631471e-01,3.996654426989272313e-01,2.111769692164801593e-01,1.861443055111438316e-01
5.163587711605690383e-02,4.747253516972870790e-01,4.389994496226438669e-01,3.956580675299299354e-01,2.288020517339896254e-01,6.386885191589871669e-01,1.514206826353816093e-01,1.867454254325337237e-01
1.293384031068476603e-01,9.574001453875171652e-01,3.659071018140978016e-01,3.046736947095129433e-01,1.505136229313957241e-01,5.586406447362742833e-01,4.096290086280945375e-01,1.879070660622660649e-01
9.513136501150427915e-02,1.333553369645549824e-01,1.413296610724741886e-01,1.937413581196045231e-01,3.539864926578512039e-01,6.307703577025381980e-01,2.249861638653062601e-01,1.867508088026346158e-01
6.823510418203274086e-02,7.759612272592943949e-01,4.503016986215110928e-01,3.627159644980036401e-01,1.996481796111536922e-01,3.872227864227013039e-01,1.841342777251112617e-01,1.873642570498886273e-01
8.462613836258556232e-02,7.268723300275923282e-01,4.532425259980898402e-01,3.252424276620624055e-01,2.041481141232610597e-01,5.405717256496422873e-01,1.362808856113509048e-01,1.872504442158273996e-01
1.050101864085915826e-01,2.977336478075154336e-01,1.231911625722472703e-01,2.639941609396160294e-01,2.843647561766590726e-01,6.443025332771546987e-01,2.316500021882280380e-01,1.860291361741396587e-01
7.317004098032540982e-02,1.741626418939053456e-01,1.149596336565987253e-01,2.496696064046181052e-01,3.752883523358899742e-01,4.525315485793941495e-01,4.634827668679668555e-01,1.835429706486101931e-01
2.659989745347213219e-02,6.514292089794619933e-01,8.887524473776373668e-01,3.454126707606115509e-01,2.703497345858891787e-01,3.992989362534721809e-01,2.236340926735044810e-01,1.855893816989199196e-01
9.716378808999412420e-02,1.806959351817174486e-01,1.614267979502480022e-01,2.663827956411374265e-01,3.124613365644959839e-01,7.319489362782556352e-01,5.204515993070939484e-01,1.837619819229300289e-01
1.313602585942679757e-01,7.265845189100945678e-01,2.968812676426779151e-01,2.424254063697904860e-01,1.879988302847416248e-01,6.798026442029427852e-01,1.846265858203802179e-01,1.883565262134127283e-01
5.751590012813556640e-02,4.077938942182142701e-01,2.659025592716104947e-01,3.219159926239265612e-01,2.795712393595213285e-01,4.592164965781020958e-01,9.573736574896674068e-02,1.869284184068719379e-01
1.019083663750466884e-01,2.077935805399110103e-01,1.126659982663833770e-01,2.833453550275318866e-01,2.922932320680407536e-01,6.888858886754378741e-01,2.480353667460480360e-01,1.872632538720245821e-01
1.250083233231394919e-01,4.430166512010323965e-01,2.505978838415844345e-01,2.756342206782119719e-01,2.312545021564099135e-01,8.965031868882171739e-01,3.696415454038193826e-01,1.855383032973197122e-01
8.070542495306115560e-02,4.438978810952429188e-01,2.379740091912439792e-01,3.762147693047250829e-01,2.221655887389881179e-01,6.487147812105467093e-01,4.908665897592568994e-01,1.847118534800276379e-01
9.807428988674747605e-02,4.705304255892165388e-01,1.736111595385259609e-01,3.284369222502053209e-01,2.256229804857500798e-01,6.149068867219688039e-01,5.821386368503139730e-01,1.846517831857305281e-01
8.402668037150022584e-02,2.554738456817592374e-01,2.220074019967520629e-01,3.023448217153275608e-01,2.785106144379260185e-01,7.693207713562005834e-01,1.639277630955670861e-01,1.864727306788465655e-01
6.329178964939463636e-02,2.104412991041348657e-01,1.877389311157968421e-01,3.599750072798076350e-01,3.043890923529629644e-01,6.481039049996861756e-01,2.314801613478290054e-01,1.850027084056344584e-01
1.369003725671454064e-01,8.343309978498160140e-01,4.749010348847398921e-01,2.379842615179340037e-01,1.760449052212560705e-01,8.495449235729204407e-01,2.840952625268555742e-01,1.878981510202919758e-01
6.050357643809572972e-02,7.112435192803602257e-01,6.006981891249931760e-01,3.709075219187741301e-01,1.953310374413546047e-01,5.471797170291579082e-01,2.437492864862707553e-01,1.868811819431785981e-01
6.763585342499213449e-02,3.975654283907448239e-02,4.253885290832559729e-02,3.196920724505345479e-01,3.812978749753853647e-01,5.255539313191932571e-01,1.087842535055548177e-01,1.863668892283347478e-01
8.483577577733382447e-02,9.168272383108999612e-02,7.614742781384803427e-02,2.778015176726575386e-01,3.614025224964860228e-01,5.723813532274769633e-01,2.913072284724948502e-01,1.853120036151021666e-01
9.525604669555880200e-02,9.873041942547794436e-02,6.223441027542558901e-02,2.207238882757883713e-01,3.600119390661541963e-01,5.881526986839452631e-01,3.798418407358252757e-01,1.847379537486668610e-01
7.147430914869269680e-02,2.403265321805790056e-01,2.998245849473900604e-01,3.067219931692432011e-01,3.008356042040265521e-01,7.691177762814859209e-01,1.325344281718288664e-01,1.863941193506714333e-01
9.592959706576392742e-02,2.834617175515926624e-01,1.231266052148853873e-01,2.643605001347610894e-01,3.094668672387780317e-01,5.774678987819104048e-01,5.746790476072003440e-01,1.834501263060508425e-01
5.916606822411148159e-02,1.836970564939582884e-01,2.707768102737815874e-01,3.231225895551857463e-01,3.363033333657032276e-01,6.726548951843699387e-01,3.664441347676457572e-01,1.840226783837579649e-01
9.575303026152795494e-02,4.195935258965852177e-01,2.799162076753710093e-01,2.383799205758896922e-01,2.755106962264312620e-01,6.489965239879718073e-01,2.125270739159626499e-01,1.866228695538254545e-01
7.520297528391131636e-03,6.917999773006745512e-01,7.469466473430034226e-01,4.522139962829686000e-01,2.706629204573255398e-01,1.609127036069020744e-01,1.994609948478191508e-01,1.849946233946525020e-01
9.130721084559431655e-02,3.245341038097381281e-01,9.030570044541125219e-02,3.150661118758165680e-01,2.948999112198542605e-01,5.016321779652260782e-01,6.990073128974023664e-01,1.829500998432399828e-01
8.800497192064465901e-02,6.127444222379598848e-01,1.743860759650813774e-01,3.807842604294590094e-01,1.980211431197536065e-01,4.805354204525826844e-01,3.559320280787249824e-01,1.859691693206259044e-01
5.847693601172954808e-02,5.364413236209629732e-01,5.514700288826774877e-01,3.349580327816251146e-01,2.340624300213068609e-01,6.878900646688734799e-01,2.978203153445386220e-01,1.856226707389936337e-01
3.392583273078480371e-02,1.634714075157054636e-01,2.955905048214297337e-01,3.755344381269208887e-01,3.261402226029045948e-01,6.040229213760944793e-01,6.374277982946963128e-02,1.872113051053443944e-01
1.102253556673643831e-01,6.569624008602119591e-01,2.082556572723677502e-01,3.520123164768447777e-01,1.734555356863542452e-01,6.275519885013609578e-01,2.898252119281253814e-01,1.872142189350303187e-01
6.926059306049150988e-02,4.429441543985320751e-01,3.121890497424715250e-01,2.906390679184956416e-01,2.620514275058961062e-01,5.423212105338820477e-01,7.686439094090513624e-02,1.879132418766199242e-01
1.481560983130101039e-01,8.624484408330683749e-01,3.016546795317502916e-01,2.697702600891079272e-01,1.706289434349627654e-01,6.966900157102713376e-01,5.960902152637095330e-01,1.854684117157351098e-01
1.220932371885282558e-01,9.546773177482459349e-01,3.573493882685434553e-01,3.006855112905668648e-01,1.553578043999574443e-01,5.008619689482729509e-01,3.004072069222741836e-01,1.882000690420650990e-01
9.850099523107387622e-02,4.547382548916519274e-01,1.678044951371991944e-01,3.184906180629769046e-01,2.469649517890775414e-01,5.717989649629832138e-01,4.132874426287521663e-01,1.858482486959280033e-01
9.299978622816029716e-02,3.685511375190863026e-01,2.334530878380641494e-01,3.188782126345516277e-01,2.548562126076655554e-01,7.267758437666137494e-01,5.422741533720323304e-01,1.840893749353837983e-01
9.925403827194639872e-02,8.069560951984979802e-01,2.619555860281372328e-01,3.930483270825345654e-01,1.515951204506802985e-01,4.933360953175487951e-01,2.905292902180884318e-01,1.873041484269356294e-01
9.417550719137568471e-02,2.222890509548585136e-01,2.721211970523944590e-01,2.626437837500770756e-01,3.055306303174132321e-01,8.553085316197869270e-01,2.510321100418584916e-01,1.856536990948643440e-01
7.438885718760558652e-02,2.532058564331027828e-01,2.772881694218629622e-01,2.779580213855932791e-01,3.038065336949317685e-01,7.242494941384732821e-01,9.828219802536250493e-02,1.864839931898135683e-01
1.141013479214264270e-01,4.804498256597893313e-01,9.695751686704587313e-02,3.254821036248787824e-01,2.282160467231462153e-01,5.935189433907666068e-01,4.369221205242023176e-01,1.853467179761034977e-01
9.423847586999857529e-02,9.213791112458957766e-03,6.360275254478248153e-02,2.554103003389727178e-01,3.622738946343645461e-01,6.694766728127360400e-01,2.978539872204113426e-01,1.866333755949072526e-01
1.178181115594722772e-01,4.073544064789036967e-01,3.538747250256951693e-02,2.910003477941900396e-01,2.688436744169030446e-01,5.206451758435387545e-01,4.744009359603421072e-01,1.850465056413708453e-01
7.203375594806672721e-02,1.086058461556728694e-01,3.337048806715164906e-02,3.373713119954275808e-01,3.418285424240150583e-01,5.265090082783420167e-01,4.101214456225855121e-01,1.845689186602166576e-01
7.613901163802472283e-02,2.835074803824359502e-01,1.067538389717430647e-01,3.125183333818786768e-01,3.167938418230599740e-01,4.739399384767503109e-01,2.364921281283649535e-02,1.874049882990789506e-01
1.089022004015545581e-01,5.750554655154329620e-01,2.327946202891652550e-01,3.079418227123402185e-01,1.956843105824832563e-01,6.789904916651087197e-01,2.765009652771627802e-01,1.869881681555383701e-01
7.947419767329774731e-02,1.724718784468887156e-02,9.078095027435298392e-02,2.872533722457588090e-01,3.586309749864018404e-01,6.955652091258097691e-01,2.919668779483630128e-01,1.849258599521543256e-01
6.928081391752517748e-02,2.348231158500235227e-01,1.040544931862801836e-01,3.435801620198053463e-01,3.165694669917662463e-01,5.182453189012551364e-01,5.182063628308572478e-02,1.867592420766082117e-01
3.001841901426784837e-02,6.495620430567888848e-02,4.242869694700246441e-01,2.723828511077883152e-01,3.919009194753759751e-01,7.243506128357877216e-01,1.830217888110423352e-01,1.851577103144456116e-01
8.078805782024428561e-02,5.184734139531993469e-01,3.229110325197537823e-01,3.110727994109303562e-01,2.428847944668867387e-01,5.723851060920281952e-01,2.605409547747971621e-01,1.867038895318288982e-01
8.463486774509550170e-02,7.489212404268310586e-01,3.592478868021221627e-01,3.696852285410139882e-01,1.743059381793095330e-01,4.885808918672057688e-01,1.610957435900184365e-02,1.893922489291858247e-01
7.953555542459234129e-02,7.914621581943087625e-02,1.123403709722015087e-02,3.307894071866188113e-01,3.546570727573201132e-01,5.540778384952953495e-01,1.596010097244682235e-02,1.874338939242733149e-01
8.814559074374572756e-02,1.937425228701728230e-01,5.378891855642542463e-02,2.811130296344073187e-01,3.491808786544178811e-01,5.146657603839872586e-01,5.458684494276893062e-01,1.829752337547061181e-01
6.751764931463201391e-02,1.075934132472207705e-01,1.955459881914217990e-01,2.630238918923768487e-01,3.689686106585468028e-01,6.027889721391135325e-01,2.392800853550597628e-01,1.862271163062385326e-01
1.316165830211088739e-01,4.758044312472367032e-01,1.467127113379646519e-01,2.921633901729984717e-01,2.242324969858681960e-01,7.744771619854131650e-01,6.767402880190416248e-01,1.834361557333126225e-01
4.600627246582245783e-02,5.001367515070104242e-02,3.605873569536927614e-01,2.519790173217739127e-01,4.053313301053372841e-01,7.326231635162849809e-01,3.717959775112935072e-01,1.834378174479233681e-01
7.543844826298201633e-02,1.497727330125628864e-01,1.030825265290803150e-01,3.116988952220281495e-01,3.394981824545988403e-01,5.662236445291768394e-01,3.133958191698866247e-01,1.855996779723525225e-01
1.094352271669092741e-01,4.689503964203123876e-01,1.770497112413099428e-01,2.977570939359274194e-01,2.528966613883317227e-01,6.224525011218950965e-01,4.242929505984361915e-01,1.851810298490825235e-01
1.377146399479436401e-01,4.345209431712736547e-01,1.002081960492368085e-01,2.449024439425714905e-01,2.613326742003022063e-01,6.769924789617768335e-01,6.228688686920849094e-01,1.837163679903986435e-01
1.068832622251807835e-01,6.270028470465554005e-01,2.526733902192275227e-01,3.036878672473513618e-01,2.124101040830925213e-01,5.863988259160409777e-01,1.875613034010950586e-01,1.873354464665049068e-01
5.672164528054601806e-02,2.134153211273170370e-01,1.375527059441913613e-01,3.857623574118839715e-01,2.948412916418862162e-01,5.488357728213811848e-01,2.756760465786841641e-01,1.856102117152889364e-01
7.096604850031651424e-02,1.372590416392976409e-01,5.701043685488377255e-02,2.683235167751180650e-01,3.804282771642267802e-01,4.396675343129076707e-01,2.258158279383594425e-01,1.856489974598456716e-01
3.141828498517350299e-02,6.245503022366478696e-01,7.483141243645140550e-01,3.516346600005316181e-01,2.775617048969015177e-01,3.916777819152240103e-01,8.888437339744373333e-02,1.860427254043450496e-01
7.347833093596617404e-02,4.265469576223729353e-01,4.146290836461350993e-01,2.931284470965836997e-01,2.576276341641475232e-01,7.560062576766138909e-01,7.224723102513941342e-02,1.868656706277733726e-01
5.420284077448751792e-02,3.678958387758768378e-01,2.251050672644079320e-01,4.116275297726001980e-01,2.556146093157903865e-01,5.376734054574833221e-01,2.397922135854455850e-01,1.857972049856077834e-01
9.954595788277789681e-02,2.131379629507293982e-01,3.007874182759834314e-02,2.287088759211620137e-01,3.527366272972324301e-01,4.585446449801861002e-01,6.410567180394153297e-01,1.836005841306270758e-01
7.682609529196497700e-02,1.462477614192302933e-01,5.063570137604017640e-02,3.116113511128509317e-01,3.539631462063885237e-01,5.122068357884980161e-01,6.436168456868469612e-01,1.824929888266847711e-01
9.436022185254799854e-02,6.654263687999522059e-01,3.879370106597984647e-01,2.767410389619959221e-01,2.081575660581481968e-01,5.879824928466946821e-01,1.733704846002925570e-01,1.879230271888535642e-01
4.656137248898083170e-02,3.473406346264496514e-01,4.226393629184502232e-01,3.510689177392332105e-01,2.838456742020815105e-01,6.477558574735614583e-01,1.271780616576407841e-01,1.857115597206580315e-01
8.561644767770017206e-02,1.306674593493127312e-01,1.921579024840252004e-01,2.152464865781702485e-01,3.567521162031723758e-01,6.882123162409745643e-01,4.227974269432821508e-01,1.845586662809980127e-01
9.660133021466585368e-02,9.575317444726358929e-01,4.100876161046220769e-01,3.422966453586205882e-01,1.693908828244810316e-01,3.720155928261739131e-01,2.583675891250820089e-01,1.875549229609859703e-01
8.313530748832012596e-02,9.786905737836920638e-01,5.861240008919832434e-01,3.570400775272144500e-01,1.760227193192034911e-01,3.676723897470280944e-01,2.942403910761317021e-01,1.871464405661028563e-01
1.233838152638728342e-01,3.989318104704899226e-01,1.378187338069734869e-01,2.464353189945256706e-01,2.598543488045794714e-01,6.858401201762218680e-01,3.643804047383176759e-01,1.855353460311498504e-01
1.672041909228595968e-01,7.301865795717513707e-01,2.941541547487206421e-01,2.298129916468247824e-01,1.759813599532063788e-01,9.481269827939319272e-01,4.001043712077881898e-01,1.874912097757740204e-01
1.000037861572546094e-01,1.182100940709863712e-01,1.578819910665001380e-01,2.297815906146273846e-01,3.549284387106514393e-01,7.147238373387575505e-01,2.300339225191742609e-01,1.860207696312249914e-01
6.130570506116045371e-02,2.265938822193410973e-01,1.576889396953846945e-01,3.622114526742345464e-01,3.103611667573836219e-01,5.676768736546506933e-01,2.585563751143257205e-01,1.855678459406548964e-01
8.503362993824735427e-02,5.339274452649533931e-01,1.549499639360510939e-01,3.409411693636911211e-01,2.343562845110853665e-01,4.497373157229848650e-01,5.282775150006928655e-01,1.845118676911491062e-01
6.010961645876970738e-02,2.064546959527455150e-01,3.306129445502286601e-01,3.084545006060560590e-01,3.158615740092253765e-01,7.230309467477971097e-01,1.271420179643699411e-01,1.871476734210505699e-01
6.333917568037528145e-02,3.241080257751622895e-01,5.231205824332574306e-02,3.473334544426586179e-01,3.098188698064535673e-01,3.336151607790963647e-01,3.591180499231408363e-01,1.856004960555315553e-01
7.338180680882962215e-02,3.528331287292569840e-01,1.695315592256314841e-01,3.480437946850824527e-01,2.536999925961318514e-01,5.662514072078020932e-01,1.489304525945641111e-01,1.873700517803020271e-01
3.188409648184729883e-02,2.577794045566021985e-01,3.427225041429759478e-01,3.929260623112932893e-01,2.979659406374008945e-01,5.931646128924482619e-01,1.984504406869283810e-01,1.857163564446785431e-01
9.897267104798290749e-02,6.711706627285061177e-01,3.329144103949837064e-01,3.193708979363631406e-01,1.897943108783372579e-01,5.914258288424045773e-01,1.574829317490444303e-01,1.883887924545096237e-01
7.739315132427034005e-02,1.294420551701092048e-02,9.710145147411872180e-02,2.959067105108813545e-01,3.866727637428360453e-01,6.423189435023411997e-01,3.830333958155833773e-01,1.846164832983222259e-01
1.059713135830514519e-01,3.271873909615327092e-01,1.011893666664474556e-01,2.883574782502830725e-01,2.604013014899555500e-01,6.108756370177285122e-01,1.447185432687674578e-01,1.882671242696037639e-01
4.463838968952672098e-02,4.998509521088347896e-01,5.312457009111413164e-01,3.091263256741821341e-01,2.778358305586901000e-01,4.985249431479133464e-01,1.547547574595173892e-01,1.863251142117308967e-01
1.518620014813228392e-01,7.292655242453286446e-01,1.030825155904027124e-01,2.989861097843908855e-01,1.617166703432762476e-01,6.493141371863320188e-01,5.437781549289399941e-01,1.864688549798812489e-01
3.717754699861982454e-02,2.912705555050992823e-01,4.337278624565834573e-01,3.424734667015345013e-01,2.984393818666585263e-01,6.483380424514714191e-01,1.072382917961603455e-01,1.860330391090762314e-01
7.349527459294792620e-02,1.726603845869291720e-01,1.945754305795814321e-01,2.681047514754880123e-01,3.487235105269527180e-01,6.238125887229055699e-01,5.227619965515122313e-01,1.832778777023744976e-01
7.575882276879597477e-02,1.061813830420243465e-01,3.976174476149696435e-02,2.884042902064944403e-01,3.729929798961997833e-01,4.618643953458486662e-01,1.913861872675856057e-01,1.864270954988489493e-01
1.248701732086493488e-01,3.514834983704381299e-01,1.093213007209842269e-01,2.609837096855797678e-01,2.704194430052209164e-01,6.962302150142691826e-01,6.207175899641258487e-01,1.836356219372244358e-01
1.022022087062362250e-01,9.778553231297287818e-02,1.533435751829927696e-01,1.889494815835503494e-01,3.622737148423077480e-01,7.166024689108918544e-01,3.010095913862000927e-01,1.857978452706221251e-01
9.331978829312168044e-02,1.959725421064889561e-01,1.282513608271519112e-01,2.585864323627042882e-01,3.084482052776094108e-01,6.651182092167808868e-01,1.425464636922892936e-01,1.873424589436413212e-01
5.982138113940964341e-02,2.361403965427136264e-01,2.510896061536241897e-01,2.889575039906708276e-01,3.093884172848940239e-01,6.002747051157758529e-01,3.899243761863519508e-01,1.848525961905759796e-01
9.053457796636184274e-02,5.074420222432195482e-01,9.230415131854302624e-02,3.422739551786625478e-01,2.375921747742288370e-01,4.141421773345725921e-01,4.866536593161571722e-01,1.855370191148939529e-01
8.865813486133701515e-02,2.761475111732231702e-01,1.012822213173975583e-01,2.680446039722312324e-01,3.205005812064064541e-01,5.090909930551972273e-01,1.610665139023644277e-01,1.866842643189128015e-01
4.867404814682942116e-02,2.489019042263677095e-01,3.616919948051290912e-01,3.421799238009731736e-01,2.990133010969011074e-01,6.951437667441106028e-01,9.141892078901736607e-02,1.863064387635610941e-01
8.048075678812709188e-02,1.329646552079521427e-01,8.670097887303948592e-02,3.052590576935191313e-01,3.523469319579103920e-01,5.773521769747281818e-01,1.460597342518209496e-01,1.856745467942277350e-01
7.040679667813144749e-02,3.308485901097894533e-01,2.300100451895191467e-01,3.211458403062653066e-01,2.961491663595495205e-01,5.681053665756197191e-01,2.887944104526710132e-01,1.853930401340000977e-01
4.297302959714514869e-02,1.643109161059538303e-01,3.150820932389578610e-01,3.369529916064545327e-01,3.565533683633729245e-01,6.278276686216475166e-01,2.740723733006976137e-01,1.844465577284547242e-01
7.343040247126741971e-02,3.012060643006524430e-01,2.596033502572380192e-01,3.345144848559308826e-01,2.847809007628223643e-01,6.919221743871936114e-01,2.038080179553352356e-01,1.859961460286540247e-01
1.223336899726365917e-01,7.004098112030915368e-01,2.252633400501549699e-01,2.912639988213063247e-01,1.955213664315473832e-01,5.941093443078218073e-01,5.962028767368701132e-01,1.847001975756263348e-01
6.420169168037534457e-02,8.169052585210225814e-01,6.062311275576640623e-01,3.705631766858726861e-01,2.004953746092504319e-01,4.258379648594707301e-01,1.554461462416553141e-01,1.868486959193091101e-01
1.121668775350360969e-01,8.762797652579065177e-01,3.990430209639012071e-01,3.528503709867768512e-01,1.384419409970037707e-01,6.215109066067383559e-01,3.908348573040784091e-01,1.875915769354669638e-01
1.093368493869742442e-01,7.077787530541981287e-01,3.157724136107186164e-01,3.119872404664644217e-01,1.972116655289517517e-01,6.105971573680634146e-01,2.747326142726830289e-01,1.864095729102826227e-01
1.132874192326564777e-01,5.397802030007409213e-01,2.190862318375353113e-01,2.931798601978224394e-01,2.184965330486163537e-01,6.543935291554383582e-01,3.197532273005485592e-01,1.865259894664936802e-01
9.681919244065630148e-02,1.885433871258840322e-01,1.021208232875266964e-01,2.544805747685056629e-01,3.221360148689783598e-01,6.337376421477625144e-01,4.875746055487402142e-01,1.843149294662903559e-01
1.150033488484988875e-01,4.640773159654204560e-01,1.236896598629109723e-01,2.881126130320258438e-01,2.406319883664435055e-01,5.902787513433017663e-01,6.022132032329607920e-01,1.845374686048679713e-01
8.871627270599581616e-02,2.589345346716492857e-01,2.575117879611977245e-01,2.443729251313885853e-01,3.114057665548203846e-01,7.116182321863741000e-01,3.438295367527245405e-01,1.853874988105218002e-01
5.115241455589523978e-02,2.002091699021916749e-01,3.069530254789243351e-01,3.489594713526918413e-01,2.999471825744634002e-01,7.193854341719133627e-01,1.041672052646164803e-01,1.867496840731903696e-01
1.117511984312238860e-01,2.396304186442164141e-01,1.519786403845004019e-01,2.323765852794988374e-01,2.947019962760032974e-01,7.283245057967140390e-01,1.260115153938714816e-01,1.877046353672997547e-01
4.338180565990790161e-02,4.931460667672422082e-01,5.864821738825671815e-01,3.329030913313661966e-01,2.712997565051207260e-01,5.893055817249720496e-01,2.488088725095921605e-01,1.852078644619190306e-01
3.774074620605177149e-02,1.005764503738756921e-01,2.869683751501358460e-01,2.640630376641174282e-01,4.117360721759760755e-01,5.156628770285400787e-01,2.261268159932190158e-01,1.847426035807813449e-01
9.759351113213436679e-02,9.141518360734526283e-01,3.246834470240499426e-01,3.614727893444055762e-01,1.737064500247801901e-01,3.621489063778975392e-01,7.975320761031023942e-02,1.889632534113617757e-01
9.712853891163020226e-02,4.171548594326648374e-01,1.503426290445021019e-01,3.569510335659948908e-01,2.432910937136507357e-01,6.344212934749665633e-01,5.850949964770481015e-01,1.833539144028298318e-01
5.763343844570038149e-02,7.707662937727349783e-02,8.224955960577290393e-02,3.328415825434633546e-01,3.585118563357794219e-01,5.243347610392580238e-01,3.197697318560884794e-01,1.848456284136371641e-01
1.035700403165473737e-01,8.278414875969959397e-01,4.011160119915304079e-01,3.072113674439537756e-01,1.892389079568325139e-01,5.447333619612465538e-01,2.046746231734876409e-01,1.871718635585271073e-01
1.263377057475335852e-01,3.128600033546207748e-01,1.431416123612891111e-01,2.370316036137590232e-01,2.761854029974176172e-01,7.929477023160753646e-01,4.612924730218193048e-01,1.848389787619017788e-01
4.766209296275564222e-02,6.299264139824889419e-01,5.949192327015213611e-01,3.791570025930319776e-01,2.349367370539222621e-01,5.359258015928384244e-01,2.060572499323576334e-01,1.855858301965035706e-01
9.104448579885217330e-02,5.359143013963169055e-02,3.658807903235017367e-02,2.525718593508352039e-01,3.584595089838281123e-01,5.782703734371824611e-01,5.365897410343589691e-01,1.844812732413765588e-01
1.148535120924840669e-01,8.082276187878045803e-01,3.272935424687667405e-01,3.068183616647446321e-01,1.821115426989663166e-01,5.503632389321242435e-01,4.780304271112187919e-01,1.858604432514557314e-01
3.629939608002004381e-02,1.227509576279234293e-01,2.185466000861474578e-01,3.779565852871901166e-01,3.530553284749036180e-01,5.624044800635036312e-01,3.020463502928681376e-01,1.846829463640611013e-01
6.579813667818829037e-02,2.558150045555538377e-01,3.627707221834422513e-01,2.469946071658148945e-01,3.333451892598099375e-01,6.835842472832356354e-01,7.365412686321204383e-02,1.862106188465117163e-01
1.224111429934728740e-01,7.912619183201411444e-01,2.531508482610878574e-01,3.339764260521141392e-01,1.734242978945154112e-01,5.742410091436336295e-01,4.299004244681045583e-01,1.864241936488034435e-01
8.873134043425272288e-02,2.524794183577588891e-01,3.295339069398182663e-01,2.576514207897918629e-01,2.954744762883356746e-01,8.838523863720697538e-01,1.325908908287697086e-01,1.868750533042904949e-01
7.299326290710456133e-02,4.746365951428732632e-01,4.615755875566460165e-01,2.578041743080582981e-01,2.702295426071224527e-01,6.645199593563022589e-01,4.575453580245686380e-02,1.873833225658289858e-01
9.495404595303980066e-02,7.494141499139119755e-01,3.940395916304791912e-01,3.349094871479904589e-01,1.951384104235175387e-01,5.541341513122328699e-01,3.499862311214130273e-01,1.858948581596321648e-01
1.034775850463740265e-01,9.350406066871724819e-01,3.849946615848969800e-01,3.436789111401475916e-01,1.575203465149450643e-01,4.185011735000636612e-01,3.705574879683538048e-01,1.874586050832232620e-01
1.175542754135658341e-01,3.280635021136010243e-01,1.622095580887918387e-01,2.468716331313521306e-01,2.798266303195376947e-01,7.261415984677523916e-01,1.425254055556044730e-01,1.870896827525326267e-01
7.851940139526918105e-02,1.779977213892207089e-01,1.445269460201591971e-01,2.399062857437849750e-01,3.463396478133899947e-01,5.474028420985159737e-01,3.756974171687569308e-01,1.848447953329423465e-01
8.365832261550565363e-02,4.130264649492307316e-01,2.068143134158980656e-01,3.314016103837050253e-01,2.423049090354496837e-01,5.972333296028338179e-01,2.660641083853020339e-01,1.868121928619635441e-01
1.362647468996728839e-01,8.748756059261986184e-01,4.062374070079236565e-01,2.670132190266537031e-01,1.578849308776581750e-01,7.583103412580871616e-01,5.791092030234812338e-01,1.859696485831732471e-01
8.491187439015338012e-02,2.240048490656527946e-01,2.239017367501442979e-01,3.193640294194102780e-01,3.025910381957507833e-01,7.679311332174739713e-01,1.204885737922425093e-01,1.864709729787970838e-01
8.858547607894141918e-02,4.320655562170799269e-01,2.448124112489707682e-01,2.738202198721920722e-01,2.568171685255810632e-01,6.076377360430257335e-01,4.126617479207368433e-01,1.852402778615855061e-01
4.959724234030388201e-02,1.225037057686038100e-01,1.573148242761371884e-01,3.512179995858651926e-01,3.681041639210900218e-01,5.326662982827249371e-01,4.293863785551677026e-02,1.859520899904003599e-01
1.179136731785385001e-01,2.766553109735852556e-01,1.737353459652000998e-01,2.286964473421934374e-01,2.770513156315008718e-01,7.983449870252503633e-01,4.522109010583460487e-01,1.852092682072554730e-01
7.089081713087989900e-02,6.758916985460294846e-02,1.746028125274416698e-01,3.161343479006321067e-01,3.289930284609791644e-01,7.614832587433475464e-01,1.251921346981527128e-01,1.868033239995564865e-01
7.056030407678534622e-02,6.688891229760240975e-04,9.831364008276688438e-02,2.283521436951783667e-01,4.198607802257067201e-01,5.365223658025675135e-01,5.810393769448399248e-02,1.866665942657921573e-01
1.005219536754772686e-01,2.267843353492716707e-01,6.336700321684335391e-02,2.236910385205594654e-01,3.360395404615635906e-01,5.081375531211971275e-01,4.357797505165098562e-01,1.847742946590032187e-01
6.914567626627092511e-02,2.775192153253768224e-01,1.145872015955720913e-01,2.960370115532475199e-01,3.176667127497214138e-01,4.465066232103311883e-01,1.003488314721928676e-02,1.878051182322535706e-01
9.056994381297323038e-02,5.291148192785423143e-01,2.603468542291798582e-01,2.892918439269707709e-01,2.290660297406416079e-01,5.648212159276196909e-01,6.155704700500519433e-02,1.884466954106401027e-01
4.960678606696426740e-02,2.569784688424525676e-01,2.949370144710662389e-01,3.182620328026034562e-01,3.325767656621176904e-01,5.390798082652908940e-01,1.429775754611749272e-01,1.861293684724929787e-01
9.934061444065768465e-02,4.056198646310328337e-01,1.531535781851551536e-01,3.437201998139349790e-01,2.296117168297450994e-01,6.715783645254834733e-01,3.063344011511573428e-01,1.863550396968220446e-01
5.848195433208375899e-02,1.901051265986467009e-01,2.484487193498940705e-01,3.421964357648104582e-01,3.133808228209711833e-01,6.521317923183480580e-01,2.602632685586824257e-01,1.859420419928856649e-01
9.641227155973051965e-02,2.870002917080574090e-01,8.503239599644643598e-02,3.204600017947998869e-01,2.772653876356483416e-01,6.007787892354162773e-01,1.299546729104755771e-02,1.882517620848294104e-01
9.976803013051535607e-02,2.298775793401366951e-01,1.807197957193278082e-01,2.436967058368016414e-01,3.159352477933229930e-01,6.842682732948519586e-01,4.645424122857837457e-01,1.842764661980054453e-01
9.735954463295375116e-02,2.591803467560745422e-01,8.074184408588910844e-02,3.258688605290435691e-01,2.805947774008441531e-01,6.498983586438984439e-01,2.103097468896213962e-01,1.861089517312970731e-01
1.129801948790835897e-01,2.693846172003900308e-01,1.064282928080933777e-01,2.128902283215003965e-01,3.130644643501857560e-01,6.081252171877569168e-01,2.533903842400438977e-01,1.865476356983036543e-01
5.678400986391451966e-02,3.151757460777375730e-01,3.249884378902136439e-01,3.042915589675790344e-01,2.938124170730379570e-01,6.323395452403787198e-01,1.446293557102275307e-01,1.857550904336274511e-01
6.970207734446132175e-02,6.062559199341106542e-01,5.883246283395462406e-01,2.903189212497114813e-01,2.397529176423351671e-01,6.413671927797320871e-01,5.330914813636541960e-02,1.876082341864897252e-01
5.842998912322726335e-02,3.661050763102219885e-01,2.594534461669284475e-01,3.694174713364045126e-01,2.604109046151210638e-01,5.789993885591551148e-01,2.534898610341174141e-02,1.872688167062976639e-01
6.796051325961000034e-02,2.951151684946484721e-01,2.916030162852641383e-01,3.301256721910509340e-01,2.996917203922633277e-01,6.557526905657569127e-01,3.399085748270541107e-01,1.843950748242270954e-01
6.089679560766780853e-02,2.630382648412671331e-02,3.267719828386417280e-01,1.836877730209662274e-01,4.047420744786206503e-01,7.389897919397006021e-01,1.650939302408476472e-01,1.858249467897143403e-01
1.294700401908650267e-01,9.230326365449883497e-01,3.671597062182884730e-01,3.215877042662352303e-01,1.512706859139645865e-01,6.504557531642568557e-01,4.238263466726683859e-01,1.868234974061603604e-01
7.859942466170855013e-02,3.062688855651513609e-01,7.384382224274310680e-02,3.647482353663855648e-01,2.750471022287101497e-01,4.935029946639660769e-01,2.831823899536157763e-01,1.860141917149667756e-01
7.170642337992633175e-02,3.480720633596843250e-01,2.005089812320221543e-01,3.006921712137546332e-01,2.818606078287620997e-01,5.074579000315418975e-01,1.858971066798712490e-01,1.867786078495806967e-01
8.495045993777539106e-02,3.460053981456279182e-02,1.586964432394818436e-01,2.140342715227383508e-01,3.629201259750619579e-01,7.352199440357313209e-01,2.746856251237893010e-01,1.859344644910023436e-01
3.809904205264873917e-02,7.934872828011285684e-01,5.737258863562678668e-01,4.377058335916837462e-01,2.157290458615899187e-01,2.485437455083538971e-01,9.574618292862141500e-02,1.865575459165045302e-01
1.600995798766795541e-01,5.821235840501473024e-01,1.130208362649601783e-01,2.712060872726723693e-01,1.900057673467986374e-01,8.137870005756452363e-01,8.316465736115341567e-01,1.838027854374779391e-01
6.352009638182046225e-02,4.380125426125179855e-01,4.393113870375235930e-01,2.796213638020744185e-01,2.918527159702098972e-01,5.943793383319259105e-01,1.346919131454515917e-01,1.861340682895158694e-01
5.241746567875392449e-02,1.091178477906992739e-01,2.200164388633475410e-01,2.661834533137942826e-01,3.650560115975753361e-01,5.758498923919316281e-01,8.593785248441265789e-02,1.868808394408427442e-01
4.537425668705039744e-02,3.210613252803706796e-02,3.387433106754088596e-01,2.356176812396834630e-01,4.109242868564781381e-01,6.898915006554604545e-01,4.117348828484271306e-02,1.862663731861665950e-01
8.489644814828108121e-02,2.077199154002240256e-01,3.006271199559389928e-01,2.863277832836519932e-01,3.022165941028035485e-01,8.826657957639429952e-01,2.427438355609635723e-01,1.859238314507246914e-01
5.024057677562521196e-02,9.216572748605833532e-02,2.111185912507425877e-01,3.034545506285557526e-01,3.666829305637130387e-01,5.663641734086987123e-01,1.973056197461225403e-01,1.863653103380687182e-01
9.065954124689991345e-02,3.465730612923828557e-02,1.136181787829170509e-01,1.972799887780452288e-01,3.705546116288434000e-01,6.447929388661161054e-01,3.611078511197557961e-01,1.861888809763593000e-01
6.145318862938693033e-02,1.289866103315564505e-01,1.192882910174118960e-01,3.264891066490562266e-01,3.500362378192322654e-01,5.572804609923451835e-01,4.681223707006968437e-01,1.831406506068265772e-01
5.382465143834046922e-02,1.003378110861027350e-01,4.424316562625242311e-01,2.161622913422843739e-01,3.873868680881222826e-01,8.228228795887386759e-01,1.415303474747044987e-01,1.856484494669468077e-01
6.570147230138995154e-02,1.734795020583663194e-01,1.855073601568925090e-01,2.872110603914848626e-01,3.601751248783005566e-01,5.257453223637005291e-01,4.394692885655138714e-01,1.838189289892018241e-01
3.797212411593376552e-02,5.727456594384272570e-01,7.888624555615549871e-01,2.870810670844209933e-01,2.783509285633112285e-01,5.532345844075576835e-01,9.166648242076089192e-02,1.864816148966506326e-01
5.653190825691466886e-02,1.054643980792124291e-01,1.727950562487949315e-01,2.939534038044800401e-01,3.639580393459097563e-01,5.402203418416166025e-01,2.910399269025735758e-01,1.850994118687987744e-01
7.575904561753975253e-02,3.548857095631391401e-02,5.126007682269054233e-02,3.152980889209431314e-01,3.794298652092267243e-01,5.674954281423288949e-01,5.407839492480934762e-01,1.831789401810716700e-01
9.484463289376909856e-02,6.772812960013446792e-02,4.580599910045340950e-02,2.316280442137444440e-01,3.755209323956636980e-01,5.664188953106725766e-01,1.348858223012040503e-01,1.866889494822147055e-01
4.669547861053761212e-02,2.669853267182510925e-01,2.241732420153646488e-01,3.683817457737154633e-01,3.152819878080379556e-01,5.232832851326847390e-01,3.326564451888552876e-01,1.838602269369468412e-01
9.598357723011190223e-02,3.654189983423025145e-01,1.977985956933686895e-01,3.059681613207078099e-01,2.579387364933371507e-01,6.913301565343122901e-01,2.720803277565155831e-01,1.862196440947209430e-01
7.732156259962420786e-02,1.269321514247202520e-01,1.241495623129490466e-02,2.766520302641958806e-01,3.815925832753652713e-01,4.264315569448502430e-01,3.870426708006398098e-01,1.843361786011648018e-01
5.407144258638538897e-02,6.953707118408660737e-01,5.967701028684099240e-01,3.559587957328670949e-01,2.387242841293882867e-01,4.254605665244552970e-01,2.663291516027409545e-01,1.856872607326927049e-01
5.621618507126617537e-02,8.548730662605114050e-02,2.644436332379932475e-01,2.581161400140876694e-01,3.642565192522075890e-01,6.850884276561172159e-01,4.216218201330557136e-03,1.876720331858735547e-01
8.100627949543985629e-02,3.987752006018706052e-01,2.174309812154522625e-01,3.057748410940357986e-01,2.750696296552681552e-01,5.652309207550542114e-01,2.390948443852288774e-01,1.863264192731777513e-01
6.778965266528198808e-02,3.548009762853854276e-02,1.833464451829585062e-01,2.818682059041600074e-01,3.716799124025601531e-01,6.994894954763815065e-01,1.334189863721411129e-01,1.870773898431870863e-01
3.850935177149950039e-02,1.655901073359864750e-01,1.916090288970186961e-01,3.656937082174042675e-01,3.568163878384815191e-01,4.864390159115671297e-01,1.241189898086615395e-01,1.855477541103347505e-01
7.580005169437716017e-02,3.505685732496962026e-01,1.730125301501162227e-01,3.382970794549249316e-01,2.592561245177915086e-01,5.703148769561621201e-01,2.764593273018789987e-01,1.860469563121520120e-01
1.242948348806985903e-01,8.314733060515516749e-01,3.678975624416863655e-01,2.918252742222868790e-01,1.747599457053200522e-01,6.367572342679894692e-01,4.390355824603004442e-01,1.868448243744722792e-01
8.222285697865606979e-02,2.179506306870605536e-01,9.548789073661997917e-02,2.936354238528284255e-01,3.129243806401543759e-01,5.386992381209804170e-01,2.447266808106657310e-01,1.858472506832780369e-01
4.750778221186093692e-02,3.979913823065714396e-01,5.348590067699222628e-01,3.438776701423031379e-01,2.776151311717013348e-01,7.135909402201018326e-01,1.158184718057034546e-01,1.860243678614507956e-01
8.022427657308602023e-02,3.273427497289489452e-01,1.538120480090847397e-01,2.975745034216658591e-01,2.980990324749342446e-01,5.237510413780799290e-01,2.716303651167324418e-01,1.856232844077479183e-01
5.761876327957239641e-02,8.693569160116199068e-01,5.734117038597201788e-01,4.275747152843618615e-01,1.850300872153556320e-01,3.222609689198515093e-01,1.219953609065643763e-01,1.872887448823013501e-01
3.076099821107684124e-02,5.034308154800339885e-01,7.695331954487558690e-01,3.064684512278109119e-01,2.854028107553162608e-01,6.040413398003229295e-01,1.199167709275455462e-01,1.858333819149267652e-01
6.552423387188401060e-02,1.434364372284709921e-01,9.315566348870657487e-02,2.725685350191925926e-01,3.598089228373966275e-01,4.490846669630739196e-01,6.247526887335368428e-01,1.832576141828303751e-01
5.899220728879082942e-02,2.029974911124612647e-01,9.019414680148857277e-02,3.748419663244871303e-01,3.105999186664425982e-01,5.002412091384855763e-01,1.983616448262062737e-01,1.863605434915591164e-01
5.472563938042891707e-02,6.361261536244051662e-01,7.462734377168828148e-01,3.021070536260155315e-01,2.354696462331465623e-01,6.320696512796887268e-01,1.679197271655745172e-01,1.869931044532832654e-01
6.421387558872580781e-02,6.810395764757779524e-01,3.620617915995168468e-01,3.985599445399586327e-01,2.106869429129513138e-01,4.027282816556737588e-01,2.997868132526276819e-02,1.878123805297780002e-01
4.098774026246470442e-02,3.538013691934334126e-01,3.684620684277006286e-01,4.048069424237080161e-01,2.798714069179493169e-01,5.749583416350333431e-01,1.926551836512223059e-01,1.857291156574323865e-01
6.459100969126063685e-02,7.009506834584060542e-01,3.827908530581046187e-01,4.058629253948254911e-01,1.878677552971249054e-01,4.339791959822483225e-01,1.749328313518631606e-01,1.872367349926979951e-01
1.058771228017407473e-01,2.012636933716351884e-01,1.157208697777851181e-01,2.475885483217649119e-01,3.270944379961703286e-01,6.672902161352174399e-01,5.737742580112986657e-01,1.832295307806419971e-01
8.672766674164600342e-02,1.596132083436708760e-01,1.378358915802843643e-01,3.072227896988563578e-01,3.131239828513173729e-01,7.061462986639439610e-01,5.409252733105498478e-01,1.836099088723736339e-01
1.019504487770255818e-01,6.075448066823226911e-01,3.134780786514647088e-01,2.764653092819129854e-01,2.176624816973782850e-01,6.136268851170919580e-01,2.825161360990101067e-01,1.865619362692408079e-01
8.844033187592499623e-02,1.402824815783476620e-02,1.231391542002306938e-01,2.261999851421600538e-01,3.518804797667540174e-01,7.336255078823274989e-01,1.384620634459055033e-02,1.883842475208604150e-01
8.261447331691948448e-02,3.262053336127890280e-03,2.107020938084785688e-01,1.582956252259247742e-01,4.218482818231560350e-01,6.823803267068325740e-01,2.939035253864447084e-01,1.851914567463116557e-01
7.447324388808279627e-02,3.669377814755508949e-01,1.597601385512144034e-01,3.926317962632706604e-01,2.531092861258857907e-01,5.542909492733594234e-01,3.974945472079850495e-01,1.850131902524913274e-01
1.103867012670212283e-01,3.896819660535843499e-01,6.575263048966584201e-02,3.020521340171332114e-01,2.692577660173091081e-01,5.759317875054014157e-01,5.923203435765896918e-01,1.832814488987129231e-01
5.556320697055450175e-02,3.181968650590175640e-01,3.243920822058198317e-01,3.811770685440722950e-01,2.676279138125446933e-01,6.975974138699905236e-01,1.437632619947704082e-01,1.858746992380915508e-01
7.417589304068267220e-02,3.676632439003020836e-01,2.825197383232455617e-01,3.158853479778503393e-01,2.652554292613272802e-01,6.521207834511000279e-01,3.832876079736476371e-01,1.844667066842594350e-01
5.662014631025974465e-02,4.377994028602370524e-01,2.927722678864378980e-01,3.214877360452276789e-01,2.854150166916833986e-01,4.347508884839975662e-01,2.592420828266002175e-01,1.853520836780795933e-01
6.633705836368924968e-02,4.676023236909478964e-01,4.430505252190137799e-01,3.242659124282667449e-01,2.628174752071377740e-01,6.596954345613363913e-01,2.458365386866340763e-01,1.853052093820756474e-01
8.539007109733696976e-02,4.058984913076831291e-01,2.908192384488517135e-01,3.177583278194310301e-01,2.409651427581723515e-01,7.399981099669393769e-01,2.548939707276985378e-01,1.863801533481841133e-01
5.885977216529177103e-02,5.507866551607514261e-01,5.446992971226664038e-01,2.950427705615614737e-01,2.566084685823252776e-01,5.558058770548208738e-01,1.024218718326004307e-01,1.874835167255324841e-01
7.660543454386278817e-02,3.291816689534781126e-01,3.081325211903476746e-01,2.728378337933141107e-01,2.961133285632692180e-01,6.605224245345936440e-01,3.938940170646915151e-02,1.873251908388213760e-01
1.235603900977279290e-01,5.299244462471554007e-01,1.795501292001633054e-01,3.024411281528234796e-01,2.077670134851404282e-01,6.931925379321707270e-01,4.496367392682975028e-01,1.861485629412291676e-01
7.747996812278649947e-02,2.959074864845045449e-01,2.226824072004937594e-01,3.302260835299051234e-01,2.988231308614963666e-01,6.428495389638768653e-01,4.290354359839601006e-01,1.840307745552847152e-01
1.112240581300976833e-01,2.638916840672901332e-01,1.220095303684013144e-01,2.070013552786514888e-01,3.204929654382308035e-01,6.118429238789017122e-01,4.568429238305804496e-01,1.850221791159221418e-01
6.147847277885588185e-02,6.480572918029604557e-01,3.676977041813795921e-01,4.102059351441469381e-01,2.022691451981662725e-01,4.614449458651163072e-01,3.280142197486566880e-01,1.858692276973927804e-01
3.739198887353756967e-02,7.045386249313309035e-01,7.268447995094711178e-01,3.658343821504945192e-01,2.522802568229027820e-01,3.713823090390109827e-01,2.515312741370968053e-01,1.851239666142954488e-01
9.149334817204926584e-02,7.733895830192292209e-01,4.507263014314881189e-01,3.381844360087783441e-01,1.707699460985564743e-01,6.187034876678759732e-01,4.160954831084888728e-01,1.860328194091177001e-01
8.910416244289422194e-02,1.071609181092010865e-01,4.100297212756875975e-02,2.389068963591702288e-01,3.653617832394066012e-01,5.025387940697245703e-01,5.275656448821148814e-01,1.845325875796995363e-01
9.028685705380053161e-02,4.364300755906322937e-01,2.662547551170539317e-01,3.191124692089039594e-01,2.497571957636830209e-01,6.604000695451786029e-01,4.572113958433066117e-01,1.845309858823731830e-01
6.571642691260323743e-02,7.060223132159726411e-01,4.446168257903169163e-01,4.186528292926883221e-01,1.911392226713216624e-01,5.034920303827001842e-01,1.194051613303498405e-01,1.874646309060951921e-01
4.557984633407781427e-02,8.093833502197942398e-01,7.695849426218168698e-01,3.892237209636780770e-01,2.222281294846485400e-01,3.458679257633102133e-01,2.847158805457422059e-01,1.857738726077298175e-01
6.411752553478154704e-02,8.718727349883823585e-01,5.524445305426753938e-01,3.825262428757947863e-01,1.913038521699394479e-01,3.347961795101453975e-01,4.847108552920320612e-02,1.877730840731068607e-01
1.685216767704410534e-01,7.577123271086562140e-01,2.238789987926387837e-01,2.265363704444428028e-01,1.812709560406903786e-01,8.152206022099445226e-01,5.787947451158305112e-01,1.859503611876145157e-01
9.104684228735376861e-02,9.198575728494817749e-02,5.080470888208077351e-02,2.748710601146724386e-01,3.367968424924204229e-01,6.025673685868747631e-01,3.162245344426937166e-01,1.861726103946511057e-01
1.167200508374833939e-01,2.764554344562434318e-01,6.265645046943577046e-02,2.776058520884494563e-01,2.849174762089746737e-01,6.729598845075303037e-01,6.487263220445589340e-01,1.830904370286915994e-01
1.164727913221409172e-01,3.796456482585849890e-01,7.472514622025205888e-02,2.694336370533033098e-01,2.623222958756087353e-01,5.611850795192661057e-01,4.282949506578898058e-01,1.862355849729620816e-01
7.172924892911913819e-02,1.405359888752000797e-01,2.474490931162641738e-01,2.101797460701865516e-01,3.625860066848429764e-01,6.488326021075928596e-01,3.239721578698118720e-01,1.854116788669587512e-01
7.829694144210173901e-02,1.666077736368126727e-02,1.490216474258481971e-01,1.798695976996281254e-01,3.980091528776382725e-01,6.021492245611923533e-01,9.034054671642119394e-02,1.873736398683861215e-01
1.217205117243630591e-01,7.660830674370933124e-01,3.161526409845515362e-01,2.539811400871030966e-01,1.990155890316667731e-01,5.784402409813156343e-01,3.118251122061306835e-01,1.874681196392767590e-01
9.533207596543608053e-02,4.363093593888547339e-01,1.716891258164080503e-01,3.281536927514183688e-01,2.485088158291831606e-01,6.154767265939831145e-01,3.814204044911155833e-01,1.847427059445384545e-01
1.237388828976589417e-01,9.603754522573483277e-01,4.327306757471366394e-01,3.094661466703594876e-01,1.508514750471684485e-01,6.110343700964716573e-01,3.106222191649504194e-01,1.874219097011735891e-01
6.014245897015216974e-02,2.486276888524014961e-01,2.354890683419464392e-01,3.220745089077077794e-01,3.047099423816042596e-01,6.251521114885302266e-01,2.091611962079662212e-01,1.855846030164687854e-01
1.017742269275798833e-01,2.529312971452277736e-01,2.152201511461056538e-01,2.377443670573733958e-01,3.142628429193589645e-01,7.372023161170294658e-01,3.887306826867703013e-01,1.844090862031440292e-01
1.152396911584977757e-01,3.061479827453055247e-01,4.614300211087959958e-02,2.557189594765457707e-01,3.107834362997215494e-01,5.418239091435794741e-01,3.800640993215806951e-01,1.850522789734550533e-01
8.135974350739863525e-02,3.508840996401557666e-01,2.310373459022727893e-01,3.563584208865521186e-01,2.492358070714942586e-01,7.148862763340151361e-01,9.717401066567729617e-02,1.871697250555987846e-01
1.039521681696938121e-01,4.397652808989205298e-01,6.379964901206455763e-02,3.536845020521104943e-01,2.325300252190680705e-01,5.562786039262164195e-01,6.109346388510181747e-01,1.841514776898282024e-01
5.602163069520038619e-02,7.751752062807159005e-01,4.766721723089511475e-01,4.342249567250062725e-01,1.730799537671140476e-01,4.083193518527733490e-01,1.217956700592200403e-01,1.878736319228960228e-01
8.636524015574834068e-02,9.290703560824797869e-02,1.787591419521785130e-01,2.258820228979880884e-01,3.578277342485499668e-01,6.750822309677400046e-01,2.329765669289667329e-01,1.865073486194855357e-01
7.085795676218963057e-02,8.659873259991717198e-01,4.347189596963783043e-01,4.136655482826361308e-01,1.731904813687089317e-01,3.548321917705031803e-01,1.970840873447577413e-01,1.871278514395159354e-01
6.655168625618597400e-02,1.864869915856240956e-01,2.615839625720994821e-02,3.055733327507468844e-01,3.497063610999244232e-01,3.936546137047050586e-01,1.807317306454563621e-01,1.865991890964395217e-01
1.430873057768681789e-01,5.168491786095179563e-01,9.784240398995763810e-02,2.498765496920861695e-01,2.272871311678004991e-01,6.731292021753154664e-01,3.175295145063486979e-01,1.868359009951033323e-01
7.870888429092079419e-02,3.561846875403715251e-01,2.577378565812998845e-01,2.756182961674221166e-01,2.726033090982490359e-01,6.103550782555897669e-01,2.207423397409380428e-02,1.880832810463628491e-01
7.663611912493294154e-02,8.150181460756549257e-01,5.244476903030462767e-01,3.445524278127354290e-01,2.001756515364130906e-01,4.356031622527891112e-01,2.229996995163606444e-01,1.867214105649355749e-01
5.839095055117170252e-02,6.219702835662244134e-02,3.062257132127348402e-01,2.115988915311888263e-01,3.886774805469395133e-01,6.856413446881495233e-01,2.086685626731357712e-01,1.858291987930575651e-01
6.546309561515868680e-02,1.757520473385307258e-01,7.268965085122747194e-02,2.656981250355398561e-01,3.787651673780165762e-01,3.918696735509562545e-01,4.175440079576821506e-01,1.843402381752416719e-01
7.615093836784993242e-02,3.726697632274278971e-01,2.214273060779959612e-01,3.037442110531315964e-01,2.678753042280591079e-01,5.699044215688812143e-01,3.405119883909937251e-01,1.851518416931472732e-01
1.003070494448158601e-01,1.427362787071012051e-01,5.562001724047024864e-02,2.758404110945448240e-01,3.387552784961435637e-01,6.105713117773581278e-01,3.441127441502516704e-01,1.858561378934708574e-01
3.896720554570146100e-02,4.982901838600816702e-01,6.194593066906707302e-01,3.562963480812290640e-01,2.640154821175126343e-01,6.290866760051443407e-01,1.075960558502886411e-02,1.867545085878334621e-01
8.394705655098472219e-02,9.340396765330760687e-02,1.511633581079973032e-01,2.768695364002339288e-01,3.567198729091637377e-01,6.883923753878750107e-01,3.026985274322612773e-01,1.848602896916033134e-01
2.824213457348763445e-02,1.512631190107781021e-01,2.829366595475312773e-01,3.760008129690421419e-01,3.495295061603322928e-01,5.383750110456110294e-01,1.462167791538792339e-01,1.859539096526542090e-01
6.466449347003042081e-02,9.011079758508233617e-02,1.504397713447017948e-01,2.475434458075987110e-01,3.685843509510658977e-01,5.411881580282023041e-01,3.972362160625022565e-01,1.851641712223661140e-01
1.171531848935103981e-01,3.623181280000456472e-01,8.876803963410256904e-02,3.245674848596155071e-01,2.429327789486658840e-01,7.115454685042076344e-01,4.400324616202363481e-01,1.847071880659527376e-01
1.232142046314683298e-01,3.391781194952196432e-01,1.519686163253196332e-01,2.829705513604288680e-01,2.452838171931293609e-01,8.283185695049994912e-01,6.378272397310752462e-01,1.838723147992086804e-01
7.614957738300050238e-02,5.951052368098640466e-01,3.141510718358293541e-01,3.165021006375814960e-01,2.415555493524214337e-01,4.519925234584353246e-01,2.224999060379856397e-01,1.865991664912729775e-01
4.698155637355204417e-02,1.938760611306457604e-01,2.397415017035050278e-01,3.100569389819389232e-01,3.470260692570739103e-01,5.461911920197530801e-01,3.726711092429365602e-01,1.838713605897613346e-01
8.735452890154914163e-02,6.156850748545805718e-01,4.801023268343406203e-01,2.770737126059458211e-01,2.326621998802229363e-01,6.944739414476124306e-01,2.341933154398128381e-01,1.862886825910038957e-01
8.344884111742958965e-02,2.030280443942178992e-01,6.748456363822599724e-02,2.897889870103239063e-01,3.178735423087896139e-01,5.228863505637302289e-01,6.564676139971090119e-02,1.877310712523503622e-01
1.614797802114081859e-01,7.289018775700972785e-01,1.867507487253004528e-01,2.459231078832054829e-01,1.785486560814569246e-01,7.529499580980721918e-01,4.131233276313007741e-01,1.869671890666342873e-01
7.499638934583383043e-02,4.820253776519167754e-02,7.943320981848228657e-02,2.322883096207972176e-01,4.046847446538334170e-01,4.794681466169576911e-01,3.305643161334867464e-01,1.856031917957199628e-01
7.276844416672399729e-02,9.498693657447071503e-01,5.131415504844089037e-01,3.791097351735460697e-01,1.868491120166445585e-01,2.519348295617666045e-01,5.058809786788365237e-02,1.884745058636442261e-01
1.338383721020382500e-01,3.804701408627315096e-01,1.848329879032845069e-02,2.524413184614288652e-01,2.607219764395743433e-01,6.039416358087934533e-01,4.892577354644998544e-01,1.855265180363489530e-01
9.305269068128016463e-02,1.158816676701321935e-01,8.972230748003270917e-02,2.010575847070835975e-01,3.662140275852504567e-01,5.552929659514842520e-01,3.978925681283325133e-01,1.847367825658440821e-01
4.684721356047492902e-02,1.462880515242841462e-01,1.702283906385713419e-01,3.688254429070431106e-01,3.319753061738012212e-01,5.768484210360258491e-01,6.974012012185792919e-02,1.867525582124719419e-01
7.987882039264163070e-02,4.754235305480805085e-01,3.013698232818073364e-01,3.374501930100077818e-01,2.397256736278237377e-01,6.459589418487441392e-01,4.179377767698401192e-01,1.847804325706976780e-01
7.696058735068775358e-02,7.385495411501092899e-01,4.817027146112324298e-01,3.666221524147707522e-01,2.003067861158815410e-01,5.227873688933095675e-01,1.228409266247793841e-01,1.875680007085420153e-01
7.700180716003317272e-02,7.545513290152110475e-01,4.903324620576588466e-01,3.116887170119486683e-01,2.135808485774352561e-01,4.517052574019020383e-01,2.477039302507641760e-01,1.871035282114660858e-01
5.630778502075238501e-02,2.073303974374096637e-02,1.289439474848925460e-01,3.027975312613194192e-01,4.119994629271150344e-01,5.547867597260267569e-01,2.720557838875889978e-01,1.846524947522602822e-01
8.127911845671943747e-02,3.269087681689280545e-01,2.607143105799066274e-01,2.976723287521912953e-01,2.878993131049569776e-01,6.822585087480841359e-01,4.040217237768087277e-01,1.837473994275550804e-01
5.757810414881188443e-02,1.283799197131604286e-01,3.619965103897316294e-01,2.606369870271224576e-01,3.642475928658971962e-01,7.739087034535246934e-01,6.385171733539762862e-02,1.865856296876325648e-01
3.795808483208425177e-02,5.274083701696958837e-01,7.955372679885580611e-01,2.743067428556449916e-01,2.761295297359928624e-01,6.494881962669749598e-01,2.134040725913038394e-01,1.858472950542998103e-01
1.336835103130963320e-01,3.959536155926839385e-01,1.543746661345701821e-02,2.584217986298287251e-01,2.613771241105393162e-01,5.739179569668890757e-01,9.725353457489843700e-01,1.822523757233797392e-01
7.462957962154219416e-02,1.237107776632612177e-02,1.626473729428987436e-01,2.216363926974756760e-01,3.894799784269711296e-01,6.622330178610155160e-01,4.217980577695661371e-01,1.839470743755351467e-01
9.729412520789482155e-02,2.658603486925689152e-01,2.277705964524184834e-02,3.341872887991895191e-01,2.999048096693744947e-01,5.222220366440436523e-01,4.750739780961789060e-01,1.846987788310500700e-01
5.880184178208901213e-02,2.998726692447276632e-01,1.849598505323182818e-01,3.300427958457750055e-01,3.001530523941609574e-01,4.770802604018595794e-01,3.085240170808719040e-01,1.850231354976818454e-01
7.462649979885707663e-02,5.173155489508046712e-02,7.068640448402668808e-02,3.003839039481024931e-01,3.732414753760273651e-01,5.914962188733808857e-01,5.518684369113019406e-01,1.827699647921184334e-01
7.463531840303336273e-02,6.226766460956650873e-01,6.094591486763411003e-01,3.108081697994684034e-01,2.129812565550272818e-01,7.754803426590142212e-01,1.922633865881026305e-01,1.870285491230855857e-01
8.554510681250911130e-02,2.160338253759357396e-01,2.899533280615036457e-01,2.564025381550826266e-01,3.091800651246232601e-01,8.175017831306203853e-01,4.339536843274668931e-01,1.845084502206234545e-01
6.308135092313607584e-02,1.560378821233191493e-01,8.139363245334746422e-02,3.393119939253581574e-01,3.366880850711467810e-01,4.787357434902433928e-01,7.215114863142257917e-02,1.877725684389959238e-01
7.736329442630986153e-02,6.571208753494517385e-02,1.343105342158722737e-01,2.358015339814757971e-01,3.504800900192176494e-01,6.452962409224582974e-01,1.764886672232862386e-01,1.871885119790094865e-01
5.174742381618771536e-02,2.532177355794696938e-01,4.814767639500356911e-01,2.957047803622672721e-01,3.017262666617097633e-01,8.304270199352066228e-01,2.102449548291629444e-02,1.874646627655105202e-01
7.783720915962179243e-02,4.134827565163437524e-01,2.827168344193131677e-01,3.635488609337468313e-01,2.397981192163002873e-01,6.756485491255233011e-01,4.004149438690182139e-01,1.847648898485863278e-01
9.093181474417647014e-02,4.538641632343715093e-01,1.404790651780791488e-01,3.649664917417456134e-01,2.392234618866150853e-01,5.403710448576138914e-01,5.269511959340763552e-01,1.847191174014819470e-01
6.824414255179754585e-02,8.083742787016218179e-02,2.897292440085492693e-01,2.406356082945138586e-01,3.708696712472897561e-01,7.784028707286232418e-01,4.127010801926545569e-01,1.840719953307026757e-01
1.317498045869976153e-01,7.144195935009017839e-01,3.070746088575679877e-01,2.586953863710579893e-01,1.908206813368493737e-01,6.972393811921679951e-01,2.009536457941546450e-01,1.883910859626741208e-01
7.573737068085981128e-02,7.622354877348243019e-01,5.148424778781941491e-01,3.414732594849698710e-01,1.993092520783337762e-01,5.098197060095939204e-01,3.359793822283129727e-01,1.861907599258992296e-01
8.018524542461009930e-02,1.911412562086866884e-01,1.581292260640624336e-01,3.054051730862257230e-01,2.966428623280227272e-01,6.879699086303332489e-01,3.279485728620310514e-01,1.855471775166358805e-01
7.294309223605575931e-02,3.094553440115191956e-01,1.381107309651684323e-01,3.286174896329243089e-01,2.954360166284290545e-01,4.901098305302995506e-01,2.572642312774073292e-01,1.858467103820665711e-01
4.120056307173219218e-02,7.856686969482801208e-02,2.657518671108387576e-01,2.891111442910945795e-01,3.723379436644393969e-01,6.034722326920908264e-01,2.332369886755941701e-02,1.873456100937091473e-01
8.198577222768661799e-02,2.066800161056313034e-01,1.223972376469463219e-01,3.458014688935087677e-01,2.918459072776440344e-01,6.819307456741742213e-01,1.489742489198634112e-01,1.864740639809584766e-01
9.023624695274072571e-02,5.165174808987301747e-01,3.900005673472490830e-01,2.896470237754512067e-01,2.278868340891340438e-01,7.372255198793643549e-01,3.158470191039627339e-01,1.865224436687980270e-01
6.912023916779838628e-02,5.333026275005559036e-01,3.460719941911967190e-01,3.322997271358928417e-01,2.395365233253299309e-01,5.192380946205338299e-01,2.856918711418612311e-01,1.858423793636246046e-01
4.032616365313671652e-02,2.038066711032954226e-01,4.140277830350672095e-01,2.575203639926552657e-01,3.597256866370803774e-01,6.159422552153099861e-01,9.567693444912678258e-02,1.859176003748859718e-01
1.138703418809123014e-01,2.250843114529669786e-01,1.350866026028411659e-01,2.439114253441273528e-01,2.929034453242201907e-01,7.516821970445454193e-01,3.389460996827063366e-01,1.858037808872007590e-01
6.495389035700978309e-02,1.723548721347298862e-01,1.039772011502980154e-01,3.811493035864301770e-01,3.082931840371896381e-01,5.928160942410833911e-01,7.251122126929676615e-02,1.868067491637096511e-01
1.221986612920844956e-01,6.055846509793896271e-01,1.268916711587800561e-01,3.203419543625240506e-01,1.984384152935437795e-01,5.854679111170721928e-01,6.920925040042361642e-01,1.841279733992144951e-01
5.158689946651660863e-02,1.953605265771193034e-01,2.677177716439406718e-01,2.666925782444788395e-01,3.464243416433262501e-01,5.660135561372118262e-01,1.847948462579028228e-01,1.855990440540881414e-01
4.532440419392780306e-02,9.139973382138888436e-02,3.372237938753013808e-01,2.795052982867578528e-01,3.693480096771706300e-01,7.000074283446018342e-01,4.683462519245970568e-02,1.869524123565539930e-01
6.095817835936097329e-02,1.045062003036753562e-01,1.935181081807682557e-01,2.771027839594051856e-01,3.454385392952833422e-01,6.057440955694677331e-01,1.199467681016086473e-02,1.885242879558930995e-01
4.407511672578422190e-02,2.928796620341470591e-01,4.565552728015306316e-01,2.738272568335018975e-01,3.390249845763976810e-01,6.299010476602644459e-01,2.003452827041983519e-01,1.849992249918620268e-01
3.318788152917840489e-02,2.801493138946516970e-01,4.100057073226214266e-01,3.455655824149368449e-01,3.187073254895040897e-01,5.969924990959312172e-01,1.792328285910488317e-01,1.853031395422902738e-01
9.946197668781313339e-02,3.020131446061273262e-01,9.970954522938285658e-02,3.139659027218493770e-01,2.894778733552640371e-01,6.065508486417510170e-01,6.296961036539184819e-01,1.831066231346005213e-01
1.152361671422086203e-01,4.069161057317730590e-01,1.481476244194377401e-01,2.946530798826907938e-01,2.438340760514098038e-01,7.113094241340665036e-01,7.959259605391117987e-01,1.825207849373272351e-01
7.469497632419590250e-02,1.573277165003848510e-01,1.591240141161062716e-01,2.933647420912676163e-01,3.504426859620154988e-01,6.057419005139770274e-01,5.607829231587493357e-01,1.823644404507063776e-01
1.346210349001213114e-01,3.584126647586354797e-01,9.076200696825167946e-02,2.721503261829765763e-01,2.330847533072564204e-01,7.716657309551898658e-01,3.111386026722239295e-01,1.871784141196181084e-01
5.720920811639864517e-02,2.041603968903792643e-01,1.958518218625029672e-01,3.282695567399585013e-01,3.235027554231877933e-01,5.779534163604500563e-01,3.719235541682933133e-01,1.845599073575435733e-01
4.551615067465895892e-02,1.247931107702598408e-01,1.289784383157476788e-01,3.494767501794224240e-01,3.624072549233408602e-01,4.968453841869312493e-01,3.003266673425547539e-02,1.863639175489129329e-01
1.274053670388558268e-01,5.426737856777575919e-01,1.353062324173189002e-01,3.003186834292840834e-01,2.266838908219974136e-01,6.329625005061524368e-01,3.861035456929295950e-01,1.858093348904928943e-01
8.078084798734314065e-02,5.183373744389452309e-02,3.879196987500538318e-02,2.316739724258360111e-01,3.745193748397576128e-01,5.206621577232725118e-01,3.352076286982385023e-01,1.854036160556598589e-01
9.402134773806801460e-02,7.222896276386333581e-01,4.319529951739485840e-01,3.315628019163340268e-01,1.950875019861142701e-01,6.273981378760762340e-01,4.117884140213101674e-01,1.853245409231363272e-01
9.846447386622961262e-02,5.070190740974367394e-02,5.657017644190631689e-03,2.602290526402361026e-01,3.640646509739254300e-01,5.786384534488334674e-01,3.303886165545855125e-01,1.859114814541878991e-01
6.514145782981117794e-02,1.935439354756536279e-01,3.418291295494819693e-01,2.633555804371071618e-01,3.142680446138926276e-01,7.626818497893327331e-01,2.187393296787200070e-01,1.863240486386673889e-01
6.287027515281494450e-02,3.523375608051279029e-01,2.724586096668840107e-01,3.111059673226547195e-01,2.862608473559307698e-01,5.384087919109759035e-01,1.637682672130944816e-01,1.871486389932013883e-01
5.741053304601142354e-02,1.977151449098908387e-01,1.287461359681406070e-01,3.363855335496077625e-01,3.391984159323327419e-01,4.812950009293535669e-01,1.336737247555274677e-01,1.864989438698209656e-01
7.237774125609758302e-02,1.018727585477214315e-01,2.240798285875797990e-01,2.798790305253816002e-01,3.502091236392267382e-01,7.506967260002259668e-01,1.154599051142642940e-01,1.866579381859685138e-01
1.301037013917874796e-01,4.824313258775232427e-01,1.389326019122333888e-01,2.984196867889290505e-01,2.211283489089339860e-01,7.215478050764160267e-01,5.902700257230888425e-01,1.842642559432126348e-01
1.239881948481409840e-01,9.169238361263718495e-01,2.937926340912273560e-01,3.393112522589877278e-01,1.360552428482982579e-01,5.640887534916367851e-01,5.611921284141292432e-01,1.865873321828636355e-01
9.942033547807535565e-02,1.952186984869259123e-01,1.963323094770875743e-01,2.589404132275859305e-01,2.895790739872006747e-01,8.073009862105724466e-01,1.830983087306512769e-01,1.876008188214246253e-01
9.326403348671355453e-02,6.411486101775093482e-02,6.624091275788313027e-02,2.652619930238637180e-01,3.684602657841152817e-01,6.160038069066677835e-01,6.058144827725087112e-01,1.828952993606568211e-01
1.133032709089622087e-01,2.768726715949807460e-01,4.645012267898490643e-02,3.009364519077182831e-01,2.710566793554661236e-01,6.418916911058615282e-01,6.398075309506919828e-01,1.838471946896653442e-01
4.154232116185613277e-02,2.502442208434992876e-01,4.651732580332768596e-01,3.174860548217408596e-01,3.267467302469808654e-01,7.019207958015781790e-01,1.483816435685776647e-01,1.856971648081116866e-01
6.570274343662767247e-02,5.617952687677982837e-01,4.601891592643214679e-01,3.007017629730747710e-01,2.402298308661141024e-01,5.757596708260281915e-01,1.807749048821916116e-03,1.876678536301591149e-01
1.063968133966400054e-01,7.424692820422762463e-01,2.226550554670685134e-01,3.135927408544296191e-01,1.895542212960252271e-01,4.662372755157024318e-01,1.038271568165540226e-01,1.886153567280142995e-01
8.808280557126867139e-02,5.595519548110630126e-01,2.958544223125779693e-01,3.476812322772745989e-01,2.051917716591099006e-01,6.489564992931426968e-01,6.267865030585151320e-02,1.877199334165296496e-01
9.264861131800497529e-02,5.012253485048796531e-01,4.069273930656642224e-01,3.067121237876924700e-01,2.322645920729526359e-01,8.272250618455632143e-01,2.114682114813054015e-01,1.863612473134832748e-01
7.036493538898386246e-02,3.451522378329735519e-01,2.016405606780059534e-01,3.128816063842657091e-01,2.955582571698238681e-01,4.939284806326744715e-01,1.405346916237012467e-01,1.865310683989099827e-01
6.461538635875456460e-02,6.934198949509801091e-02,2.572117951958053372e-01,2.506412717979654703e-01,3.811787801416104959e-01,6.996629965357266112e-01,3.758226741227160828e-02,1.867344156764240148e-01
8.535583612326870517e-02,1.331226971112045021e-01,1.708762013990468842e-01,2.192694664021131445e-01,3.482902505049830788e-01,6.501567255203063445e-01,3.682573635182123661e-01,1.847940353076053810e-01
1.178422882688337642e-01,6.615339779541005161e-01,2.414753857939762050e-01,3.011559928336958736e-01,1.859526519602321126e-01,6.446766323208379390e-01,2.701115048699898047e-01,1.874114939862397688e-01
1.044426608098339704e-01,5.404003068458638204e-01,1.469920562089445382e-01,2.820249143464783614e-01,2.412203789424568479e-01,4.866073295980907765e-01,2.945925886765762836e-01,1.868954870998446871e-01
9.323541096019137553e-02,4.047680016807188585e-01,4.105489519435587265e-02,3.230033933416165959e-01,2.610024716048124915e-01,4.331075023919249700e-01,4.102795397235226571e-01,1.857325004288065684e-01
1.019556418000465009e-01,8.467241893027126487e-01,3.649919404960209612e-01,3.461096105069802475e-01,1.662889854718327953e-01,5.270093559513173709e-01,2.409487513602788233e-01,1.877462576437725073e-01
6.108788773695355417e-02,1.145540875079344434e-01,1.563947170327425473e-01,2.720171496539234290e-01,3.868068429753535042e-01,5.049552560803240997e-01,5.724007411332674433e-01,1.831269075761237652e-01
6.826124029120186898e-02,5.142290430215751273e-01,5.180521287047841206e-01,2.853350994828807718e-01,2.424354174241256932e-01,7.238071667699910172e-01,5.077721199335027968e-03,1.876732441431035181e-01
1.516255792807137959e-01,8.077298269617145809e-01,2.877712079991346927e-01,2.467427596884201046e-01,1.754996491372797229e-01,7.366236801737602313e-01,2.657591791108328549e-01,1.882012913215355410e-01
6.143488287224783961e-02,3.183705115862168755e-01,3.252009340270521909e-01,3.073865683646239133e-01,2.928803080831328676e-01,6.650247172359481374e-01,1.070925325253286042e-01,1.859070044447107273e-01
6.193985248705415059e-02,2.747363053458499738e-01,2.030010237490422198e-01,3.472820047572932056e-01,3.003477132097442381e-01,5.872965739680713337e-01,1.651397795566193205e-01,1.855719745371466056e-01
1.301638200815673496e-01,4.836458225311710546e-01,9.994408972156321180e-02,2.761171923849132792e-01,2.362072086788615244e-01,6.556458945346770317e-01,7.752786675574234732e-01,1.831875877873939684e-01
5.365849884852877394e-02,6.548926702257523713e-01,7.699965276691322913e-01,2.994710416283820065e-01,2.417150146014067635e-01,6.289922454467630208e-01,3.160274958506829601e-01,1.854388592533435243e-01
9.821851794337616015e-03,5.093793728076696503e-01,6.383700735945405658e-01,4.312264419979250363e-01,2.718345077199805782e-01,4.168732523941065526e-01,5.863898234854836300e-03,1.866735735741024138e-01
7.174058478900553759e-02,5.800024562669611194e-01,2.850730757975225016e-01,3.843609509565223403e-01,2.015972473456780212e-01,5.092083465118488750e-01,2.881226552116059048e-01,1.866812201570065555e-01
7.868054403205966552e-02,5.204026108341919254e-01,2.955056044067380649e-01,3.302298385598837482e-01,2.314657057424498177e-01,5.656540467464364896e-01,2.891428164825552427e-01,1.862302058595244059e-01
2.865230871435249516e-02,5.673117843947090844e-01,7.843642290229768665e-01,3.574341721539247008e-01,2.681837907213147076e-01,5.580655671668750539e-01,1.507536436287492676e-01,1.854910914920841480e-01
6.762620176054204291e-02,9.147697513640736799e-01,4.038666809190731288e-01,4.216065082148617305e-01,1.779541859538041615e-01,2.334532535717281920e-01,1.932065872022194486e-01,1.880817105703860292e-01
9.245687513473538344e-02,1.919906842988049478e-01,2.616596558171775944e-01,2.406044907308807490e-01,3.104715749006132786e-01,8.134316258573673908e-01,1.311107323101569633e-01,1.873409324531185582e-01
5.335361824888473770e-02,2.308630909751404614e-01,2.793479526765889620e-01,2.697653566442872464e-01,3.631946706969459981e-01,5.132171985435983741e-01,3.387293971130255210e-01,1.841752354579933582e-01
6.541262929440810892e-02,3.425166788813038821e-02,1.147696082071355261e-01,2.820380892934176709e-01,3.780305086828577021e-01,6.040801199262991750e-01,1.976195886660483958e-01,1.853310904513438273e-01
7.622927858992235850e-02,3.581400270437190003e-01,3.181241245613344315e-01,2.845703117415491201e-01,2.811856350860869602e-01,6.642116055543527686e-01,2.113270532141814650e-01,1.864477147147781677e-01
1.306752389027268091e-01,5.317227033449308804e-01,8.878972053870795578e-02,2.950458356743344557e-01,2.106181952720421469e-01,5.966380649451753504e-01,6.963970755223820586e-01,1.848508171505059416e-01
7.023635746551001868e-02,6.971450047669993655e-01,3.885940788643679200e-01,3.944478676196813138e-01,1.984288772321353977e-01,4.720661052266522661e-01,2.984936725012581338e-01,1.860480119183311742e-01
4.386129927852068511e-02,2.847638088737924900e-02,2.615884968130307575e-01,2.477223070079105360e-01,4.034381678051049969e-01,6.142992316489326310e-01,2.866127824097444154e-01,1.848675226941864091e-01
1.114650530601835332e-01,6.818093384065592177e-01,4.276643430867886897e-01,2.802471188489311094e-01,1.966069923824591836e-01,7.634642234182281717e-01,3.368388518251071995e-01,1.869160992701411894e-01
4.563196113307581292e-02,4.912903777236197200e-01,4.076107616519149546e-01,4.045312803679665392e-01,2.428918570762788887e-01,5.279844123627880359e-01,2.448274590837166975e-01,1.856212464753177194e-01
3.620170884047032439e-02,6.451803251998607935e-01,5.774785150064785100e-01,4.389510063762676051e-01,2.159488042354017479e-01,4.296433774095287927e-01,1.222254007399469766e-01,1.870771263912143212e-01
7.226229157171763784e-02,1.457503921102318301e-01,2.826391387627469887e-01,2.839342079372583205e-01,3.394760897251843934e-01,8.079633393847983625e-01,7.020701643402033065e-02,1.860968904294630633e-01
6.269595683358726579e-02,4.595324130073581426e-01,3.391400335954724010e-01,3.323367811372073821e-01,2.443869487065673807e-01,5.658237807301005340e-01,5.390283040286364402e-02,1.880969951963716857e-01
8.146751103761855350e-02,9.853315282681409659e-01,3.992046930317078024e-01,3.909525987964626026e-01,1.760574463015509850e-01,2.238873896359162008e-01,1.965516164513923525e-01,1.882782911675569826e-01
9.199266918157328332e-02,1.638618315043227081e-01,1.247342245805007355e-01,2.698675788228036554e-01,3.159965038508160684e-01,6.500092742486347497e-01,2.364207339557888865e-03,1.883469721530487972e-01
1.010303098733908167e-01,3.882273349817185748e-01,1.959557693384125499e-01,3.319497390177658658e-01,2.487800866023480717e-01,7.268404426586703160e-01,3.445220185627900222e-01,1.853112059920885846e-01
8.946744834600429963e-02,2.255988224165551004e-01,2.486827932348834036e-03,3.499763143983401492e-01,3.020847642301870972e-01,4.999334862504123955e-01,3.284006808720641990e-01,1.862525685296866351e-01
7.060331416483184297e-02,5.974488207794053096e-01,6.105594818348902830e-01,2.786606162928227937e-01,2.366454636401166822e-01,7.061683903170148380e-01,2.393282800890888795e-01,1.865776654362520937e-01
3.679030282911099903e-02,4.109519957703641202e-01,3.535805844418602462e-01,3.952473488424933512e-01,2.738888166306301386e-01,4.635858417618046179e-01,1.161458858904912961e-01,1.867794543395402129e-01
1.397936959799532253e-01,4.501228836312897719e-01,7.101117289199035398e-02,2.947764494878024610e-01,2.308880934475304458e-01,6.953760648733867678e-01,5.529409385254031584e-01,1.847624212164220292e-01
7.773492236843486392e-02,1.732763538897118538e-01,2.844540075483331099e-01,2.401086103563696561e-01,3.267393968167521257e-01,7.433230821993959125e-01,2.823336669802485877e-01,1.860220870165966989e-01
7.802288702062090686e-02,6.768648771159654354e-01,4.538699772170976532e-01,3.063847885371411839e-01,2.089189756368887985e-01,5.230636778825219491e-01,1.139290526795458669e-01,1.883283943185775910e-01
1.024288906467485244e-01,2.924391129040169179e-01,1.451102210863751130e-01,2.568641401172753747e-01,2.847974115039920151e-01,6.498200322975264953e-01,2.860199860248214820e-01,1.859570768009049246e-01
9.530899198913393711e-02,4.116413179131835909e-01,2.356916280515438944e-01,3.194178899582991726e-01,2.534737524559578792e-01,6.657965815920662278e-01,3.316576316821615023e-01,1.857936191115634461e-01
6.980386430438734191e-02,1.028006264301778439e-01,1.543364957457501185e-01,2.327633962708895443e-01,3.745834660536621064e-01,5.576278100980029961e-01,5.260774651398444357e-01,1.836075185290274303e-01
1.079300801794451092e-01,7.150062270002229825e-01,3.476505169031091080e-01,3.123800862881626061e-01,1.807263939122301100e-01,6.578898353324129644e-01,4.537017698046645897e-01,1.855823927983439037e-01
6.903660545286298411e-02,5.043948294216665795e-01,4.078496695761194002e-01,3.037398269237512327e-01,2.642434332160227828e-01,5.766658407544479337e-01,3.032087066894120220e-01,1.852280571218582472e-01
1.023739350223428490e-01,3.983659573965914191e-01,1.531834321842126811e-01,2.366948359595531515e-01,2.852665673797879498e-01,5.509810892142794625e-01,5.401528651077749377e-01,1.842459444411803371e-01
7.109816802066565300e-02,1.275902077477846785e-01,2.357325076034585687e-01,2.510936822551507186e-01,3.273711108700020356e-01,7.142787007386272036e-01,2.619015548178427188e-02,1.882341498910934108e-01
9.035286785560972533e-02,3.846959739408923884e-01,1.860865604432008769e-01,3.261257717431655379e-01,2.625243561700416062e-01,6.264152754301977044e-01,1.990704596358905398e-02,1.878122688056802214e-01
4.672584983932465824e-02,1.603808385804376124e-01,3.909261851323415082e-01,2.695000136785807854e-01,3.629335887397649452e-01,7.021670797253825036e-01,1.046484307691263327e-01,1.864563738384931724e-01
1.731173248828586642e-01,9.744478845919696264e-01,3.745547649628691578e-01,2.463346316102787148e-01,1.344049256180231966e-01,9.321362816871266999e-01,7.008987125580021793e-01,1.862395228374259248e-01
1.075640464489356352e-01,9.329530452752247127e-01,4.350084965929167380e-01,3.133194717993196821e-01,1.787521924956044228e-01,4.621177050080580440e-01,1.966282499252002269e-01,1.879841978393098079e-01
1.164650664255372225e-01,9.255840413330247429e-01,4.579435502008204484e-01,3.195390406580647102e-01,1.643927370888019768e-01,6.162369120855192284e-01,4.596364547159303426e-01,1.858023598896541284e-01
8.533533466724341210e-02,2.610550612788463676e-01,2.075107448984972180e-01,2.537203039688118444e-01,3.127631725244367500e-01,6.460334732644150701e-01,3.694811259916865875e-01,1.843192963362615677e-01
7.405161379064736926e-02,1.862529858687025919e-01,2.750604561130255421e-01,2.749387934421245183e-01,3.238336007287845320e-01,7.222362600880856132e-01,2.030040534118899842e-01,1.863466745239351074e-01
8.039885025438021915e-02,8.179466108258404144e-01,6.868605953922852780e-01,2.837075095666163338e-01,2.130991121724947479e-01,5.644667156205018799e-01,3.051456575537098148e-01,1.858019426170772759e-01
9.661131433550677883e-02,9.770653761078340604e-02,2.734671071536781684e-02,2.589793801525644423e-01,3.613117417086081917e-01,5.361434972025531653e-01,2.406379437043614233e-01,1.866595625598572450e-01
8.079754213005373165e-02,6.489144928903520793e-01,3.615263871214433600e-01,3.191621132558697393e-01,2.162707409264812697e-01,5.246476648666275056e-01,3.405979397254582652e-01,1.855829436618906259e-01
1.030365619141241085e-01,1.057184526950267212e-01,2.024244315590019161e-01,2.055893919626972932e-01,3.431687293276360906e-01,8.400898236441542988e-01,1.339979417678525686e-01,1.869968952224037029e-01
1.142633966999083706e-01,4.387071315167732077e-01,1.860951457375067675e-01,3.173892431238983236e-01,2.183687329033754676e-01,7.717874175489185529e-01,6.076981241387693355e-01,1.844371783497340267e-01
1.438736624253751373e-01,5.452265502186537383e-01,1.630809613565011862e-01,2.580917368986369587e-01,2.131150823371540382e-01,7.863319115899620737e-01,6.131684620483373038e-01,1.846888305267081198e-01
8.290542243201851069e-02,7.446581349490752899e-01,3.899688203249688234e-01,3.120281816531755292e-01,2.025496426517616744e-01,4.304394785930075185e-01,1.994732137614638745e-01,1.876910158920954419e-01
1.176348344527617662e-01,5.641309647256302906e-01,1.239969849511488309e-01,3.356018198722754975e-01,1.923977163565050719e-01,6.285896961365801117e-01,7.056070297633025845e-01,1.840573608107637926e-01
9.544900457204603950e-02,3.252796162109289346e-01,8.648149848622505020e-02,3.055357389756354070e-01,2.655585427506653162e-01,5.575715630051294447e-01,3.182666267050949793e-01,1.863827186312126127e-01
1.431525124180855479e-01,3.543700657899744311e-01,2.544010985249411938e-02,2.252899807517576014e-01,2.720203175720292132e-01,6.458573306318270424e-01,9.391326512869399012e-01,1.823851105797129335e-01
1.002865972867302419e-01,4.073004486034326743e-01,2.472417494861068321e-01,2.392274034472050281e-01,2.714932984443774733e-01,6.738209261562000396e-01,2.351427635674569472e-01,1.859090191840492012e-01
8.830946990263167928e-02,6.781590290535450816e-01,4.841442688046029286e-01,2.635433771522406876e-01,2.274336741880637891e-01,6.109902998006501162e-01,2.773336486238637821e-01,1.860365771000546398e-01
6.652618364695138398e-02,7.701020924901128550e-01,4.916341128277818551e-01,3.726337459022078247e-01,1.999289472691768155e-01,4.040989286035356898e-01,2.640290713256449040e-02,1.884479956170520554e-01
1.712942840746350948e-01,7.768060134544721995e-01,2.536329630397826662e-01,2.262938707053640530e-01,1.806593468325354834e-01,8.553651338011669658e-01,6.061187733879889183e-01,1.859095330712386973e-01
6.591810322955406198e-02,4.017922512882989849e-01,3.859123232886371713e-01,3.478452971384453085e-01,2.508320741636952400e-01,7.113644328505212000e-01,7.904767208559235203e-02,1.875987900655115004e-01
7.105441843008798719e-02,2.627448314375241400e-02,1.199053390807756081e-01,2.579446649736846231e-01,3.970211058460437203e-01,6.062528225043014585e-01,1.769702145972295859e-01,1.856136306819321513e-01
1.233801083395403286e-01,3.979718568627266251e-01,1.240125833536659117e-01,2.144438697439989550e-01,2.812670909145402187e-01,6.055738353795268036e-01,5.351087570685839623e-01,1.847307997004962177e-01
