4.226813917763112549e-01,4.518754607286877834e-01,3.647566296255466689e-02,8.621150328984817923e-01,3.511151883165470333e-01,9.604646337879303442e-01,5.991139950163247851e-01,1.508926206687276339e-01
3.068404792421182692e-01,9.029221272407692567e-01,6.178064847334195919e-01,8.193161803024863188e-01,3.187463880690557527e-01,9.486212132403571973e-01,2.896092408176104693e-01,1.530648976976472231e-01
3.120378654978712141e-01,5.843540202753413348e-01,3.561922248702667493e-01,8.594428969565522936e-01,3.224043754173211429e-01,8.943553218465453147e-01,4.505804436142092362e-01,1.526563966596450328e-01
2.823529874994556987e-01,5.676211402375188619e-01,2.265976537493449294e-01,9.540337540339581812e-01,3.003785238470313423e-01,6.555758911305374914e-01,4.492658487598644168e-01,1.526905824688519209e-01
1.957233576753156234e-01,2.756966514748842578e-01,6.423478946711908000e-01,8.740204679036276403e-01,3.575035033675056928e-01,8.740906297883926923e-01,4.046456017390954174e-01,1.523941132016525257e-01
2.959288157690055932e-01,9.171073227486834512e-01,6.260672420613939693e-01,8.290584095677072662e-01,2.948302560763773617e-01,9.747672861316062365e-01,4.076789474133968860e-01,1.525505833506993203e-01
2.318680918305145444e-01,6.272938214428064319e-01,2.844925102751506563e-01,9.878773352240092231e-01,3.119848475720367054e-01,4.013567353351930045e-01,3.876222813473844120e-01,1.528993670267959903e-01
2.492736160525545752e-01,3.548387329196799334e-01,2.663958360441815443e-01,9.714039327000754120e-01,3.098222353450561517e-01,7.082366362878235178e-01,7.278828901369631676e-01,1.509327641226120287e-01
2.531743397815559016e-01,2.352835768378544468e-01,2.126356225352236118e-01,9.936390709473421623e-01,3.204652569582385202e-01,7.447874024593621467e-01,6.299516090840544535e-01,1.511404901488477559e-01
2.565703380089550123e-01,8.016549194739299722e-01,5.717846288856792691e-01,9.059759145592087837e-01,2.790737752559744322e-01,7.076488835185338333e-01,4.398240028307695559e-01,1.529249433599297603e-01
2.587937261799415634e-01,8.514427833771457399e-01,6.431898602318592006e-01,9.188660834948673140e-01,2.560395204936201097e-01,8.611539316019485302e-01,7.483640831452267328e-01,1.513998553167795746e-01
3.556195340058410648e-01,7.308239850403485116e-01,1.814968156032926161e-01,9.459032548232549908e-01,2.558733602687982556e-01,8.976171069194172070e-01,8.010684428720888928e-01,1.516844007099948100e-01
2.326390335010230792e-01,4.756294502129427837e-01,5.870857037096013364e-01,9.044172461689492515e-01,3.078932031102883382e-01,9.323042728429780102e-01,5.923486767297123645e-01,1.515428142057478611e-01
2.797801948027172081e-01,7.696833052137864728e-01,5.453007564369098947e-01,8.590237304024984644e-01,2.598351052732500999e-01,8.393896157700152516e-01,7.649740813173990794e-01,1.518945434838575859e-01
2.810639728740085830e-01,8.499443055288324889e-01,7.059935689518478386e-01,8.222197998027740429e-01,3.011363628353526667e-01,9.536398303083875039e-01,6.022105769214943782e-01,1.521474123924520805e-01
2.158715823284627910e-01,3.901542959462491744e-01,4.467245447049442708e-01,9.306556520287916356e-01,3.211313240814940850e-01,6.437190124083178588e-01,7.352023832374718904e-01,1.505970772508983535e-01
2.391032699316990584e-01,8.538934846805044110e-01,9.083532713956217197e-01,8.052751848160747405e-01,3.329714144192030267e-01,7.791641424484991862e-01,3.677040956049296705e-01,1.523331510873232597e-01
3.249742396697393731e-01,5.876002878884570846e-01,2.408081211825713330e-01,9.611772319372694495e-01,2.624656708981630837e-01,9.565574452640633885e-01,7.351023680171695496e-01,1.512485930694460190e-01
3.083476139508268821e-01,8.546417421154215432e-01,5.856064693118704367e-01,7.783355503883104820e-01,3.148994468344615272e-01,8.458102832378666669e-01,6.550196029389702135e-01,1.515780423895507212e-01
2.656792344594240962e-01,9.010635567162199600e-01,6.416144071673257621e-01,8.518315255465394031e-01,2.974258709685554947e-01,7.541024527247772724e-01,2.533172003758644153e-01,1.536220000412387987e-01
2.832384212610704610e-01,8.138038925923634093e-01,4.531495277782298103e-01,9.284447840812506403e-01,2.546971732190044246e-01,7.556114134854444719e-01,8.733102116498813183e-01,1.508866384114918857e-01
3.243062906081764507e-01,8.934595106459454206e-01,5.441932044236306165e-01,8.189349117954118906e-01,2.978337380983267502e-01,9.615060495300077337e-01,6.856586997686038298e-01,1.519645212532476919e-01
2.806114725631672635e-01,2.928566804798227174e-01,2.013499824414921591e-01,9.334410772737727902e-01,3.015553062929120509e-01,7.784722440325047010e-01,8.716869711867272219e-01,1.500442343233884535e-01
3.236652386505451950e-01,6.152453064364551416e-01,1.568662416612802701e-01,9.848677286289493349e-01,2.729493059074210581e-01,7.912208607323450993e-01,7.153290051292934271e-01,1.509277588696626704e-01
4.227996717342774047e-01,7.370095385061703475e-01,9.466363095723429044e-02,8.761116927682675026e-01,2.900293956339900503e-01,9.364163525239811436e-01,8.458229009818638566e-01,1.516003629425843602e-01
1.827657932934261820e-01,4.710695787501153475e-01,6.354832747950551752e-01,9.511118939246190340e-01,2.955513099727709037e-01,6.088247444438470435e-01,7.037447724865282250e-01,1.516667613800284364e-01
3.312643328659625186e-01,3.576272399771139865e-01,1.614956141405977652e-01,9.172471295420436821e-01,2.897659409685952592e-01,8.962255648259195295e-01,8.857281308797014807e-01,1.500934450352417460e-01
4.297752922285932864e-01,9.776574042316120705e-01,2.280017179578048836e-01,8.347941733392042485e-01,2.812090799805222474e-01,9.911741902976076712e-01,8.492721635444568928e-01,1.526770587665910450e-01
2.145758335599733946e-01,3.554089212808977383e-01,4.106245951103403846e-01,9.409400283395180642e-01,3.190807358631576607e-01,6.424288672518125853e-01,6.790570595324332270e-01,1.511039382036534207e-01
2.846768056551023385e-01,4.295598421922403043e-01,1.712589407655544793e-01,9.554675783194892524e-01,3.173846341902177293e-01,6.822898782081344704e-01,4.703156801710752788e-01,1.522196459624567677e-01
2.157517715946349612e-01,6.949230836507244158e-01,5.349573334111320522e-01,9.507644732787375874e-01,2.865720088554054579e-01,5.413385244163217980e-01,5.673741177989711781e-01,1.519132888784841540e-01
2.664073258380929565e-01,8.081837481333262740e-01,6.186155088582695472e-01,8.558566075654217009e-01,3.073213229294824989e-01,8.194114400814219712e-01,9.771537446113409686e-02,1.538527976438366640e-01
1.941198653558453557e-01,4.513914841880739548e-01,8.366320024956551693e-01,8.432435387700830676e-01,3.392426780458479563e-01,8.869543923513447670e-01,6.060634507491097223e-01,1.513809194274708392e-01
4.490441271369599585e-01,7.529043324645803281e-01,6.186146824795518695e-02,8.670164276374867640e-01,2.981516122682204561e-01,9.776398325911227483e-01,7.976420316145962364e-01,1.515662920201690800e-01
2.481405803375816288e-01,9.413073400805662683e-01,8.910038113922482683e-01,7.727677348721045947e-01,3.131681282701739288e-01,7.052172890764537572e-01,3.920352881827680047e-01,1.527555753776840830e-01
2.421780947618045188e-01,8.267067333874651425e-01,6.497532526420499721e-01,8.823237918684090353e-01,3.053331446907826541e-01,6.180248988217487138e-01,3.154665885821221760e-01,1.530889597352323717e-01
2.380005647503461719e-01,7.961361608548549462e-01,8.586292315893453431e-01,7.534401214235839639e-01,3.321813848924141110e-01,6.533485718438607481e-01,2.702820788322323198e-01,1.539350661378852403e-01
2.000559426385284389e-01,7.126183382376658493e-01,7.338941503101643615e-01,9.285506685175594077e-01,2.908270989677523843e-01,5.373143017639909758e-01,5.003780730243305719e-01,1.526352635227455345e-01
2.946192480344019260e-01,6.658458259597874740e-01,3.883795971116881240e-01,8.965414713551921322e-01,2.864156771970886584e-01,8.793454235755925330e-01,5.440308194329350755e-01,1.520887933801584879e-01
2.615768362184297535e-01,7.118470821121186676e-01,6.729909840859527037e-01,8.616114489566470969e-01,3.080088493839194252e-01,9.227245186758427087e-01,5.704891974193051496e-01,1.516462723513705424e-01
3.961369555934178277e-01,3.734612975570500426e-01,2.504434030164959246e-02,9.165768405540901664e-01,2.756083548703664454e-01,9.781147479286287361e-01,9.053464705954525904e-01,1.503961812761437922e-01
2.480481002769429066e-01,5.233830769309280040e-01,5.237933882128124052e-01,9.396532454881594276e-01,2.762953979249206937e-01,9.565021990519135819e-01,7.205245730884577426e-01,1.516726380079252146e-01
4.633931513940230396e-01,8.100792086349807297e-01,1.531742832704013901e-02,9.016061620793922593e-01,2.647027041069774933e-01,9.931578126801394735e-01,9.852864635311040509e-01,1.509156872227281065e-01
3.025589295992856531e-01,8.703085083141575140e-01,6.789175467875030456e-01,7.492300797116555611e-01,3.588507161956618341e-01,9.819741308816246628e-01,1.998282401253528850e-01,1.527345933086088070e-01
3.601878765525304282e-01,9.811628141083934551e-01,4.846472110749109885e-01,7.934045059383554310e-01,2.845036537406034904e-01,9.550922133627388622e-01,6.605267609109625182e-01,1.528365027889471983e-01
2.821472170112737654e-01,6.807127981158070940e-01,6.152504811137251561e-01,8.252841167640575515e-01,3.169246134906953394e-01,9.991366240324155434e-01,3.482255205659102737e-01,1.535578758627204055e-01
3.119970949408719108e-01,7.861137460820699641e-01,5.360576930230853687e-01,8.008781326336389395e-01,3.307500536104285849e-01,9.490538152053892285e-01,2.827452171584438068e-01,1.534870469828508721e-01
2.618493027388547612e-01,6.937827252681539880e-01,4.469862187061756087e-01,9.268049095165686868e-01,2.835858877569720771e-01,7.274434969791760963e-01,7.766809567282551008e-01,1.505268846127689186e-01
2.698107979318497551e-01,7.439357257493329767e-01,7.041066978235224205e-01,8.169793299544879650e-01,3.189457326130003545e-01,9.898413770559300051e-01,5.208947908319938591e-01,1.525199111522133888e-01
2.923949981656727148e-01,8.152819727458083809e-01,5.819914713958870278e-01,8.353395369859404340e-01,3.200737686695966921e-01,8.866010791834667559e-01,3.767470441079122656e-01,1.522733032583316326e-01
2.960191809044474542e-01,9.273235237649475327e-01,7.053905995103505466e-01,7.876108589119932279e-01,3.009935173177165635e-01,8.838861987371496864e-01,4.736603578224620192e-01,1.528144658180679294e-01
3.931869001850207268e-01,4.090424383888854321e-01,6.694921780122203847e-02,9.055129337581223625e-01,3.063257230141970822e-01,9.978773448254908418e-01,7.883900843010633874e-01,1.505702597369869278e-01
2.406119216093836333e-01,6.035605092031233188e-01,7.055757105022734121e-01,8.120967582652873773e-01,3.542018436137678306e-01,9.128928266485835108e-01,1.216991950178618054e-01,1.531515015007477443e-01
2.937364291803538641e-01,9.915310836129959116e-01,9.331221190438296897e-01,6.882522624970069947e-01,3.412341975587704357e-01,9.661582984926541107e-01,4.752306008661120185e-01,1.522637619028008316e-01
4.102409989216562192e-01,7.489683672782323498e-01,5.446856253783449731e-02,9.127926633715306437e-01,2.742106508384434260e-01,8.847005187666758808e-01,8.583806259752895240e-01,1.509372857678756563e-01
2.559208060511855565e-01,6.950826191361142437e-01,5.991912601379336678e-01,8.436338342151393777e-01,3.180963673168550332e-01,8.527281356426331671e-01,3.383536936381623672e-01,1.529067012824603389e-01
2.696929767433624003e-01,7.780991007976165719e-01,5.002776464837944692e-01,9.789063668989697042e-01,2.518437499819356495e-01,8.983950539612651776e-01,8.048854767662870779e-01,1.500971730396084003e-01
2.095757292574088604e-01,2.121841974066251413e-01,4.157635844455095375e-01,9.797082272965732530e-01,3.161694108670374814e-01,8.798777785537706952e-01,4.546617732198621198e-01,1.521116044959655855e-01
1.801286274941210630e-01,1.735869271509299927e-01,5.084752398160076181e-01,9.501396735853376851e-01,3.511625201548056463e-01,7.305836281302759971e-01,7.024324373850852066e-01,1.503546556031770953e-01
2.208590112444271392e-01,8.023136179036283178e-01,8.411071473638351836e-01,8.690854809852370799e-01,2.754991272896726850e-01,6.776830142931254963e-01,7.012220942474283181e-01,1.518864932169851079e-01
2.389863068651653932e-01,6.389500534322244407e-01,6.691872648800397672e-01,8.349125811990869561e-01,3.183150271734618286e-01,8.276286217083180796e-01,4.421148990628555042e-01,1.528832787638537694e-01
2.606175461789138059e-01,7.017154645477217123e-01,4.959536449962657079e-01,9.325335476985758820e-01,2.806644319750379868e-01,7.405151494558029901e-01,7.028307250562285668e-01,1.516790831361683467e-01
2.631758538462555808e-01,9.663650949364133158e-01,7.415998209103262795e-01,8.618438097186610358e-01,2.743823557899812693e-01,7.613678250580953044e-01,5.439680365509473869e-01,1.523833677677101373e-01
2.975213946133681286e-01,9.490332263009784164e-01,5.389621803395242550e-01,9.213186289591783762e-01,2.470810034141655287e-01,9.160834338646360875e-01,5.293171083307326441e-01,1.525680296912933775e-01
3.839588420616342201e-01,6.126353514772708841e-01,8.376765872359603904e-02,9.524407957136460379e-01,2.774146953507258817e-01,9.348626923737073380e-01,9.537661182540266847e-01,1.499515700472517643e-01
2.546949381758253361e-01,3.409977906298918282e-01,3.726984957118459896e-01,9.329563526209145863e-01,3.231916042069086226e-01,9.210398144659044384e-01,3.034952186249600947e-01,1.525716458438636514e-01
2.598040006429872539e-01,8.254093174986256720e-01,8.341252708174440311e-01,7.689469188088663421e-01,3.315346708207133064e-01,8.282585451794612919e-01,4.302508643597373617e-01,1.523298867271141166e-01
3.341191295195018451e-01,8.393115328019643551e-01,1.998752246849347380e-01,9.598707616555147704e-01,2.372074549489421036e-01,7.677728680303362863e-01,8.326664148237160612e-01,1.511894208988330546e-01
2.475095506240400367e-01,2.978825704742674163e-01,3.656642224156433918e-01,9.529569274549408719e-01,3.164905461176738544e-01,9.153985649392406554e-01,4.121889419682484013e-01,1.521843093315032314e-01
2.056918180747932812e-01,5.588555396658010377e-01,4.598893150188341772e-01,9.619784468519996246e-01,3.036245316098027391e-01,5.120396317183670831e-01,4.221235641138211259e-01,1.528473252773778213e-01
4.303623764463260226e-01,6.196957314940331196e-01,6.653664950630355790e-02,8.631405942292458278e-01,2.876269183140301999e-01,9.248839149685206262e-01,9.443564790635168293e-01,1.512107622012745789e-01
2.228672816937983525e-01,9.631936978069588484e-02,2.117110348389134034e-01,9.716382845523089395e-01,3.652389014683398161e-01,5.945085255430502258e-01,7.391867100595281848e-01,1.502590962491071047e-01
2.548474059990269436e-01,6.639263296187211116e-01,6.340966143940841571e-01,8.681493395344419550e-01,2.913397995602829971e-01,8.984601805383302109e-01,5.714330577724754390e-01,1.522199427022206397e-01
2.801870521031453176e-01,5.039585867576602540e-01,4.162998044550255128e-01,8.860789705945342210e-01,3.183219148312361746e-01,9.485196713533645685e-01,4.323705416989983008e-01,1.522571093784002016e-01
3.009914848042617996e-01,9.106073637481053584e-01,5.371585627638469917e-01,8.857675839718970323e-01,2.390657157421574586e-01,9.933486501143542480e-01,7.413454523890727899e-01,1.514513665739054271e-01
2.783608766184849093e-01,8.625000080519298340e-01,6.960675018321061946e-01,8.395195618552897532e-01,2.613519703675103445e-01,8.885771223234957272e-01,8.931594107510626435e-01,1.507677248808672044e-01
2.321320053016709961e-01,3.940512898703554256e-01,3.952623576307173203e-01,9.374271349927352226e-01,3.246037148433906228e-01,7.236091801696925563e-01,6.337117437308820156e-01,1.514066655986969490e-01
2.066055815267272555e-01,3.122125848312080065e-01,6.661230290306213719e-01,8.859914071319110462e-01,3.435059200250591971e-01,9.707932043526347199e-01,5.348607163832184153e-01,1.515442380149650548e-01
2.858952408570916703e-01,7.872318640128215250e-01,4.337672079508143042e-01,9.328067603597842705e-01,2.764152364214370605e-01,8.263297894263123000e-01,6.235302552833674739e-01,1.519485520312158222e-01
3.752887534417878035e-01,4.104474972752696349e-01,1.069862783012587859e-01,8.706705318511512859e-01,3.312372214373165424e-01,9.278224189545839495e-01,5.523322761237559053e-01,1.520037775600457386e-01
3.563363181856966100e-01,6.814372024031037922e-01,1.425080996719833570e-01,9.928258567401776480e-01,2.419621725711650906e-01,9.793082962732919672e-01,9.869338157644862441e-01,1.493694325930629840e-01
3.007996131559591557e-01,9.867485312062351799e-01,7.085586080590563496e-01,7.676705833851963368e-01,3.124266828721295464e-01,8.850147199580218338e-01,3.651322557357893350e-01,1.531116776447061512e-01
3.195335575544687723e-01,6.926868065769188343e-01,1.136759380810143383e-01,9.991310043707383182e-01,2.479614609624553601e-01,6.202760468808928840e-01,8.670144113196596170e-01,1.509609395996011072e-01
2.291384127709243379e-01,4.906377939259607412e-01,5.286787278047199168e-01,8.805640516094368486e-01,3.379368617546229525e-01,7.239188046701519053e-01,3.501527808790888541e-01,1.530598319020464726e-01
2.322284743848601063e-01,8.273616046106404553e-01,8.823735872961424587e-01,8.188575436381291262e-01,2.965802140346593951e-01,7.720761604583692428e-01,6.552672505591876639e-01,1.516319332473491932e-01
2.669894202269829098e-01,7.111143282547933708e-01,5.088707728091401705e-01,9.575974588626317008e-01,2.467527415341341235e-01,9.194945951195118150e-01,9.012111362194747954e-01,1.500468353403191790e-01
2.480628515566592196e-01,8.961372546002424055e-01,8.384083537131843400e-01,8.041931873380964158e-01,3.035142935187470359e-01,7.584121336274651792e-01,3.270026385110541556e-01,1.532072573681175776e-01
2.428161443246832085e-01,7.565320782108371223e-01,5.458300973429036640e-01,9.429345679933650581e-01,2.610439576615272150e-01,7.468855794129983794e-01,6.128942318517972554e-01,1.520795542242457943e-01
2.305729516158946391e-01,1.313232282499082748e-01,2.664987605781333202e-01,9.313779014364866882e-01,3.730759176949395850e-01,6.842587249434507468e-01,2.535572404187149687e-01,1.525504914999367134e-01
2.236744558194740662e-01,6.270066986687806709e-01,6.644127299330901959e-01,8.617762857510185004e-01,3.127163640282618062e-01,7.185318786229273336e-01,5.256429545821014182e-01,1.523222425235873645e-01
3.203948242103663024e-01,3.157017141879677191e-01,1.286141151930406679e-01,9.292758331489299195e-01,3.047760835087874876e-01,7.892286784640299979e-01,9.245261455483775315e-01,1.497970287045535254e-01
2.633418201989764507e-01,5.057780491332721784e-01,4.647426600152449461e-01,9.347438156434446643e-01,2.880950030694278130e-01,9.858627326500097876e-01,6.787662262477971442e-01,1.518392429661715726e-01
2.135792741266534789e-01,5.787950743863349290e-01,8.244596514615188942e-01,8.448895827123260593e-01,3.420715646845028379e-01,9.311823903513070100e-01,4.414333465521740330e-01,1.516431199075583269e-01
2.859699023064217194e-01,6.482453963592449409e-01,3.348368134939949670e-01,9.989855638477256328e-01,2.344569149459310720e-01,8.886923473143589769e-01,7.831942378267700011e-01,1.513694618464643815e-01
3.327740528776634843e-01,9.293619924002874955e-01,4.086315035475645008e-01,8.265164451467154061e-01,3.042173835010785754e-01,7.237137315505657309e-01,4.319652007608524302e-01,1.535069436170783674e-01
2.911231870267639854e-01,9.809785968982369653e-01,6.555259482249471414e-01,8.230733525834292852e-01,3.139674951988427054e-01,8.589573756826925921e-01,2.947799893167504237e-01,1.525577283867231571e-01
2.564089678668268757e-01,9.719177284834563668e-01,9.602399064679749685e-01,7.655945898920444304e-01,3.018551983087615631e-01,8.135241374273965986e-01,5.313904918365941477e-01,1.525384634558505093e-01
2.742707746131130553e-01,8.412450334043563016e-01,4.666880172429380691e-01,9.619393672709336540e-01,2.612067363093414363e-01,8.151115417623994164e-01,6.612693847232095079e-01,1.510825408409721404e-01
2.847993361420676495e-01,8.756920400946157645e-01,4.325746092409116783e-01,9.878215172223894225e-01,2.418051244396624000e-01,8.930391262467961555e-01,5.443038378918572118e-01,1.517483470171364368e-01
3.165112415493018805e-01,8.391688760367581601e-01,2.263928059257400982e-01,9.719071369918473868e-01,2.490692541808524896e-01,6.563536726004701727e-01,7.329833033481918392e-01,1.515636586506111105e-01
2.602229112238710340e-01,2.408135283057582510e-01,2.992699792932773106e-01,9.451476630107107368e-01,3.163626899007895288e-01,8.862829670909259105e-01,8.473461713481859059e-01,1.495237902269598573e-01
3.702883292877503507e-01,7.596395284475486731e-01,1.628334095661009839e-01,8.955659485539672060e-01,2.549598719718264017e-01,8.056246365274660759e-01,9.966994542003801971e-01,1.509866818892323104e-01
2.155039167962633784e-01,4.921019411446690972e-01,5.019314253003011039e-01,9.619532837740324416e-01,2.992965837164573983e-01,7.639324031640556401e-01,5.916897042197472034e-01,1.515448068042504481e-01
2.648859196437869379e-01,5.621848510411906474e-01,5.430062663838648440e-01,8.662071024247275375e-01,3.094627928610166334e-01,9.809365071588884710e-01,4.069619521097497250e-01,1.527950812383549739e-01
3.031320043362843997e-01,8.323567956570744331e-01,4.658221562995831233e-01,8.747502861220652903e-01,2.492951631648496480e-01,8.456086121103724151e-01,7.396276767943283925e-01,1.522682314843228912e-01
2.153270500354403649e-01,6.167158408812779546e-01,8.742445280204542701e-01,8.033030881525589084e-01,3.446907424048071822e-01,8.396533360389893952e-01,3.557211664498527437e-01,1.525429821459607371e-01
2.821229837129579088e-01,8.696373268386129451e-01,7.013253416124298756e-01,8.056541651278774641e-01,3.003386836953698680e-01,9.638331548850339603e-01,3.563527858492409051e-01,1.527015680471579540e-01
3.232824530622573356e-01,8.993059244941803421e-01,6.145116667879308991e-01,7.735166859929918370e-01,2.917392586648824837e-01,9.859168539730334135e-01,5.272931042131454582e-01,1.533371344478153542e-01
2.099785673371922234e-01,2.382021104223089325e-01,5.364080756359207447e-01,9.665618807072805518e-01,3.193094449227960041e-01,9.988213840025789159e-01,6.669396575443647945e-01,1.506517928347796409e-01
2.426164884398036847e-01,7.349129415374506813e-01,5.567367274888094242e-01,9.143075663967566991e-01,3.033114739941802918e-01,6.861265876320721269e-01,4.633227782410898055e-01,1.524551960956135876e-01
3.308932920342508299e-01,4.825322374813370008e-01,1.549528140489626060e-01,8.966571371504278298e-01,3.095062049117586200e-01,7.468343244282231730e-01,8.676866603888746532e-01,1.505601998803501596e-01
2.370300963310052467e-01,8.498582137592378682e-01,9.657921213193123577e-01,7.532033526471725304e-01,3.453841737400107914e-01,6.872441884222244557e-01,5.141741757642617205e-01,1.517297826651877457e-01
2.219407262386931534e-01,4.629577828087564351e-01,4.912618680948954153e-01,9.332920421108386044e-01,3.094280973290264858e-01,7.169961173047009195e-01,7.867340284861384925e-01,1.506266956409824942e-01
2.373327804498597260e-01,2.534296669252738554e-01,2.267651191145982348e-01,9.653572661712923608e-01,3.649607013429626567e-01,6.579277145810673577e-01,1.255117659200254976e-01,1.527040362771238946e-01
2.954549555325426402e-01,8.084119047765359056e-02,1.817300862691487717e-01,9.196026584661252112e-01,3.325962566521084018e-01,9.199406399141345503e-01,9.118354605867879936e-01,1.493616138417743489e-01
2.545649701600187775e-01,5.354788764006658264e-01,3.754224109487874772e-01,9.794142011582724905e-01,2.753540680420371589e-01,7.882457492621697259e-01,9.175932172425576017e-01,1.497355769739519005e-01
2.878823338961744027e-01,6.804957552582820979e-01,3.835537973321406779e-01,9.675055815538977644e-01,2.601840705478302707e-01,9.029857181852841697e-01,6.016488479945527601e-01,1.522641298088306949e-01
2.322337823922914213e-01,6.884487866971891190e-01,8.142264745249789826e-01,8.515333190810320252e-01,2.825207665696692905e-01,9.612650220162973769e-01,8.242896870845604074e-01,1.508737147450854299e-01
2.797683410036300722e-01,9.827297576346392116e-01,6.974031266622597869e-01,7.963180530369057264e-01,2.895775680050206580e-01,6.430700280210673858e-01,6.227354704472254365e-01,1.520963844137768750e-01
3.181846312110871433e-01,6.644260172675687803e-01,2.787131746788045206e-01,8.961313463877804697e-01,2.922499086744108077e-01,7.470929349418946597e-01,6.948400343483724928e-01,1.522597955532177527e-01
3.796484674601061649e-01,3.999062905920310329e-01,4.654616050736876121e-02,9.560020577219749960e-01,2.736279494989526384e-01,9.955007422507005099e-01,8.319801198964308364e-01,1.500829011270017610e-01
4.099354435161391974e-01,4.657827960255623290e-01,3.531109130131160345e-03,9.476517572339127060e-01,3.056629336236182937e-01,9.773334753872540137e-01,7.239699125437627503e-01,1.497443580297338483e-01
2.205878508160576679e-01,1.506176087628006699e-01,3.816376022532658729e-01,9.506800191518545162e-01,3.343529429190032487e-01,8.462864669323841849e-01,6.939385323096413094e-01,1.505814901069199574e-01
3.087514131111182003e-01,8.079565667137998952e-01,2.637394901648850709e-01,9.747325647083896483e-01,2.547251670060844964e-01,7.613459482989629601e-01,5.924405910220124083e-01,1.520425839757101327e-01
2.208127785796705211e-01,6.401023530886286173e-01,6.255204216496899061e-01,9.776302508846572703e-01,2.594117378450876976e-01,8.327316147889437525e-01,8.456067648270575443e-01,1.499875181880167274e-01
2.059259762009280625e-01,7.353387069433178214e-01,7.431893218233893705e-01,9.365246573109957673e-01,2.754001717102282365e-01,7.094374170516826172e-01,5.111770046236623344e-01,1.523890246691462502e-01
2.315167616447893761e-01,5.284780451969304238e-01,4.787463650106018598e-01,9.598203663249180728e-01,2.935247496756024366e-01,7.359051967002580019e-01,8.068032457773735011e-01,1.505787347012742805e-01
2.406127158003939503e-01,9.537633755607763941e-01,9.750003318441531341e-01,7.285111347489232614e-01,3.366336873366866378e-01,4.715287970013087859e-01,4.029318137654560594e-01,1.530880132137119876e-01
2.423954028643577063e-01,8.094253787465329752e-01,6.257743475214835316e-01,9.296549153523656628e-01,2.519444049675973463e-01,7.051237490257178386e-01,7.759583809961213552e-01,1.515815520522680315e-01
2.143592986084843499e-01,6.733303643135828409e-01,5.599476365106967890e-01,9.717163446940780824e-01,2.847711582863997060e-01,6.479233903911557624e-01,5.776812899226668740e-01,1.515116716618156723e-01
3.402053299613895243e-01,9.298896188891407899e-01,5.322820401572461169e-01,7.553248220511614708e-01,2.964757315164208151e-01,9.175622683437689719e-01,7.942181347997964158e-01,1.516055851480436201e-01
2.587352633433597227e-01,2.888211466930785676e-01,4.090696431212388906e-01,8.815724266128481812e-01,3.426104461113905209e-01,9.134931257492315826e-01,6.536897295929938734e-01,1.513501005644564412e-01
2.507241449692314550e-01,9.813430971567123073e-01,9.039154664139241735e-01,7.708346628988280713e-01,3.375440681226156703e-01,6.190507140778284123e-01,2.924623681967642441e-01,1.532391001975393630e-01
2.576031677943752540e-01,6.916067377413532835e-01,4.597094706868822822e-01,9.291424306379073572e-01,2.825975026920932720e-01,6.892291102883784104e-01,5.283602927423516338e-01,1.530681126289756278e-01
3.188135849718080062e-01,2.307433808877473735e-01,1.611060290748069779e-01,9.354222033271201164e-01,3.070513028610020179e-01,9.880376722580634929e-01,9.778317646498735360e-01,1.484549835120033690e-01
2.281260318762650674e-01,7.509477280099905450e-01,7.023047514035632988e-01,9.442754091776396352e-01,2.630649101207574447e-01,9.003425345033431171e-01,6.812848154502939568e-01,1.509407592535618459e-01
1.756343266262428982e-01,3.596195882493571361e-01,4.567435067863132581e-01,9.870778617276740885e-01,3.344848123198997381e-01,5.007586156388900145e-01,5.610151277711210582e-01,1.517603623621404940e-01
2.376805957478574927e-01,1.620801756335247812e-01,3.666782516598570130e-01,9.104886834540727447e-01,3.571444276305687504e-01,9.202861091617501321e-01,4.467550781997075005e-01,1.511676652473072924e-01
2.493069226642756209e-01,4.845734977832748536e-01,2.682822625275180783e-01,9.827984991663533121e-01,2.924501873935246299e-01,6.074078800582147775e-01,5.757215126112308345e-01,1.525900808776284312e-01
2.851897348893672746e-01,5.541053096707888592e-01,4.339276818306020411e-01,8.757507534068652566e-01,2.852353409873066292e-01,9.074040076346686634e-01,7.161201005074461223e-01,1.523095528187650705e-01
3.801864147021551399e-01,9.846164068799041491e-01,1.239637956456001167e-01,9.430952621436918815e-01,2.280850917416865076e-01,7.143957069491642109e-01,9.068209366597186349e-01,1.517358129409429879e-01
3.208532272023875143e-01,7.592124004201802334e-01,2.585815498672268120e-01,9.416305135848954677e-01,2.525081676082672200e-01,8.067033463137963656e-01,8.679905475058368181e-01,1.508947234899293832e-01
2.055221470255706728e-01,6.494996659625865698e-01,5.136944549364035328e-01,9.902159333492748239e-01,2.853847682095453919e-01,5.202714221596840272e-01,4.347214923567509492e-01,1.528717444708173334e-01
2.368899485034998420e-01,6.639015272003712109e-01,5.627148391483666190e-01,9.827981256140650990e-01,2.588220811264036469e-01,8.836719644792734307e-01,5.340285099450192696e-01,1.520330471378128212e-01
3.712436542898307490e-01,3.509633101457632631e-01,1.607230841401330323e-01,8.391840696504958563e-01,3.489883462414971049e-01,9.835366549570297989e-01,5.893199349125937125e-01,1.512310401373261892e-01
2.463248957840765974e-01,4.923045490478957786e-01,5.509709570382876898e-01,8.800692308162497701e-01,3.393885495662979368e-01,9.165071856869005940e-01,4.814087680537362246e-01,1.518023475848102044e-01
3.897662299090472460e-01,5.768061889897766470e-01,7.638989364912485147e-02,8.829617670651321859e-01,2.854432974666419320e-01,8.265177434714412463e-01,8.925325633764938926e-01,1.513025244200783548e-01
2.684648038479742205e-01,4.262607842284412696e-01,3.939983944800937166e-01,9.508711695438526457e-01,2.693976295081998984e-01,9.629754797679672684e-01,8.811715605742518331e-01,1.503988985961229596e-01
2.736044175553969393e-01,9.517266149787781959e-01,6.531220831442010599e-01,8.792746218717475415e-01,2.576652547081731970e-01,7.868072245700906686e-01,8.069120919286598692e-01,1.510718554917658552e-01
4.321283292938299936e-01,9.614545842263522157e-01,1.453864917550521385e-01,8.790862005360214892e-01,2.503703759893278757e-01,9.189890646838954069e-01,9.514733376451026681e-01,1.521098819392889545e-01
2.813312209988451107e-01,5.632977597681627646e-01,3.624764456708702842e-01,9.536847473523105689e-01,2.532682283946415813e-01,9.599898145865420895e-01,8.976920323403474455e-01,1.503221727733440871e-01
4.189253351634547595e-01,4.359870823095363113e-01,8.822536110194706405e-02,8.291090657042786694e-01,3.384008679026691557e-01,9.816349185274344524e-01,7.071641925478702184e-01,1.511953549821033749e-01
2.625467604551945944e-01,7.829163168445745224e-01,4.679540668869239806e-01,9.298757284410165136e-01,2.849151843082158853e-01,6.749993055521283924e-01,3.803182411966704590e-01,1.530419228944418231e-01
2.629867923962627696e-01,5.139483200347322311e-01,3.679705248217464142e-01,9.602454174721489766e-01,2.704318322147712950e-01,8.315955735783401304e-01,6.994365620871345612e-01,1.513604439589659734e-01
2.849328060163385246e-01,7.673636447877902889e-01,5.402681942654807834e-01,8.142553110585616372e-01,3.288091948644214502e-01,7.876291380759729011e-01,2.374699632955578066e-01,1.533156690501799591e-01
2.868165928767486550e-01,7.434759847512313335e-01,4.602852646273809523e-01,9.236165219463107201e-01,2.494853308834929506e-01,8.783629071507736974e-01,9.581312878046159831e-01,1.502215487210643297e-01
3.967986392650901251e-01,5.283868096624499966e-01,2.828841353037370165e-02,9.492053411783876182e-01,2.704600543099049959e-01,9.876382370326881599e-01,8.476890271233084029e-01,1.499423073928540795e-01
3.484822810334268772e-01,3.015924620788605348e-01,1.479733730777684220e-01,8.757965089034022155e-01,3.145105519153604257e-01,8.988796575547010059e-01,9.913098430546193329e-01,1.495970253986587117e-01
2.827237587452208212e-01,8.867023272061120842e-01,9.047575662300730848e-01,6.601376085522846493e-01,3.604700656621113719e-01,8.922327092731965337e-01,3.065058605983988493e-01,1.533243337897771952e-01
3.468755714113823108e-01,7.292550383000330205e-01,2.085721898547333031e-01,9.700525360188499979e-01,2.432982143105782979e-01,8.803489216189460675e-01,9.826500174250289987e-01,1.499330330254957655e-01
3.344539963282281425e-01,7.267959658926544941e-01,2.427478341876707912e-01,9.374086097500358150e-01,2.505411940355181111e-01,8.719316737476828783e-01,9.198057092422429193e-01,1.507502388833272255e-01
4.143898966026628994e-01,7.748928489263547936e-01,2.008237963335102183e-02,9.926108553154661118e-01,2.296055702142290600e-01,9.842251690395028563e-01,9.011026948808046333e-01,1.503211815390359807e-01
2.706164518252202056e-01,8.439677959872400326e-01,6.265188460109158974e-01,8.535127654816403453e-01,3.158886143071779062e-01,8.442439618186785566e-01,2.659537011558753550e-01,1.527016323073812076e-01
2.353083874698701505e-01,8.027828945076719291e-01,8.714668535574039421e-01,8.018404079820445896e-01,3.267541812329377571e-01,8.291511777622574408e-01,3.481653812421903749e-01,1.521591571347123972e-01
3.643695324003896063e-01,4.902638144862244696e-01,3.019429289606390121e-02,9.999514571323262491e-01,2.565087220195969020e-01,8.521318632408377836e-01,9.431534651590889329e-01,1.498567383309992451e-01
3.258292182216016020e-01,8.502954237853712627e-01,3.547294713518512332e-01,9.197984520897031224e-01,2.373417644142524208e-01,8.777152413672807407e-01,7.967736915009115961e-01,1.523207544271197589e-01
1.984692293541673036e-01,2.658499542283602191e-01,5.057945808772078555e-01,9.969612043141017343e-01,3.180870642049227204e-01,8.931996605239106435e-01,6.510488261147630018e-01,1.503817259436719400e-01
2.458842824180217379e-01,6.142682138563430039e-01,5.271049530308372644e-01,9.321926281461259123e-01,2.725168068382649023e-01,7.690740316713504665e-01,8.035866159248765683e-01,1.512191899492950353e-01
2.045279759741099879e-01,5.784846198886008928e-01,6.635666665221793270e-01,9.625519331222108788e-01,2.881143931765590693e-01,8.329464948562632642e-01,6.886950313633299903e-01,1.507111072275314767e-01
2.847290050098978398e-01,7.848515473234880524e-01,6.647827156198997667e-01,7.987763414265254269e-01,3.373323791560832730e-01,9.317594050166768671e-01,2.379877633470757758e-01,1.533350791053571804e-01
3.465480881082578790e-01,7.583162538885868109e-01,2.985942535958208133e-01,8.935850029468969113e-01,2.991557880553587512e-01,9.160031190974113890e-01,6.578447203890740447e-01,1.515464992341349348e-01
1.765525100677781678e-01,4.732275822870670723e-01,7.078217088930129908e-01,9.448232699506684540e-01,3.195824250616929874e-01,6.983974955006704288e-01,4.711867864407177642e-01,1.518442062912921386e-01
2.233575267173521506e-01,8.607499745516947742e-01,9.267468977937149965e-01,8.050352840229867413e-01,3.213712680877171546e-01,5.580949343128994711e-01,6.167750809796190836e-01,1.519967642852113332e-01
2.694652303434903473e-01,7.153206132018878893e-01,5.359593497739567614e-01,9.163311664456947891e-01,2.396310621239622352e-01,9.398444651173999409e-01,8.220317054761818731e-01,1.516543665308109912e-01
2.606377004667624342e-01,8.032153090831044562e-01,6.376263182812675900e-01,8.835543527693884291e-01,2.953284690497601783e-01,8.631008958730317371e-01,5.327011822272835762e-01,1.519896694329884168e-01
2.206689940569673825e-01,8.451211127344979701e-01,6.448765131897059577e-01,9.764441773378562672e-01,2.561050229786462906e-01,6.052254601585017602e-01,6.107323250740047671e-01,1.514640181983184786e-01
4.653786692911804912e-01,9.282111047018435368e-01,8.683962653770099793e-02,8.559609985310246971e-01,3.043309154137184280e-01,9.819386567511073638e-01,8.546877332059324983e-01,1.512875939528635361e-01
2.644088141038365425e-01,8.847701169498412010e-01,7.657180944582993032e-01,7.852026070139378477e-01,3.273431609556908262e-01,8.033770233450360232e-01,4.512950928165912479e-01,1.519253604609553110e-01
2.816139433073402421e-01,7.220970241641297971e-01,3.207524362596995693e-01,9.777899541658243709e-01,2.406611080350961052e-01,7.342445116195986943e-01,7.119008594108133803e-01,1.518912285946474594e-01
3.261789758883404944e-01,8.546287272187960138e-01,5.083500373553480056e-01,7.698509754630401547e-01,3.408000659917684305e-01,9.111507054438876541e-01,2.597050519304585636e-01,1.530343068943565976e-01
2.037061660625534287e-01,4.629450220992363807e-01,6.776748560377948705e-01,8.931447346002014953e-01,3.262813310378203102e-01,8.113917785504975999e-01,2.996553259466264163e-01,1.531928129763306112e-01
2.344336495033335632e-01,6.695837426366523237e-01,6.993192274143100740e-01,8.716370609208228259e-01,2.961958934970869151e-01,8.254506765516370637e-01,5.379988306027587708e-01,1.523219527827971986e-01
4.550351850504650852e-01,7.986460892552600388e-01,1.689508286762386735e-02,8.985500323747411811e-01,2.945335665994187058e-01,9.754989719894888722e-01,7.946008620981066528e-01,1.508669582106104690e-01
2.950245299532938681e-01,1.326588943641651142e-01,1.741932445411887853e-01,9.165134540365512672e-01,3.505298042252910085e-01,9.336838634170512297e-01,6.142110962141417163e-01,1.501462589526418590e-01
3.926135420655211816e-01,9.296514997951422776e-01,2.514940208445803904e-01,8.979073409043976106e-01,2.587440499016855355e-01,9.823879761243965447e-01,9.471771554154460038e-01,1.511202898126637606e-01
4.742268914975401595e-01,8.000549149075385502e-01,1.907352003609202873e-02,8.615561549850863088e-01,2.928564404150753031e-01,9.607166592801480443e-01,8.859274497158806660e-01,1.512297996645470544e-01
2.756775033915177531e-01,9.517948126952471277e-01,7.047652361481210326e-01,8.276366183726675541e-01,2.857125650670391259e-01,7.324756502334189845e-01,7.119431204021504644e-01,1.518134122372373218e-01
2.871171796380778685e-01,9.794628898490832514e-01,5.936840286056992433e-01,8.765710728840125920e-01,2.864115762157439238e-01,8.608128861175630142e-01,2.071472902335419475e-01,1.529567258226865456e-01
3.494443200896196200e-01,6.446095756917720188e-01,7.908190458849700955e-02,9.881877397994397461e-01,2.618317530608369470e-01,7.794633640534867070e-01,7.662741680771557595e-01,1.511223092454290207e-01
3.260862029727377154e-01,9.220181886000538007e-01,3.256624882402255894e-01,9.585816066995449525e-01,2.027133852672282077e-01,8.268904871752538188e-01,9.663616739663747346e-01,1.513955707385730709e-01
2.784635176648596611e-01,8.362706363070349092e-01,6.258486088568417927e-01,8.522408417126922098e-01,2.848823170209880962e-01,8.831016489269418734e-01,7.015862273978403785e-01,1.517890038925177321e-01
2.166764784317452008e-01,5.125607327624495113e-01,6.185986794402545952e-01,9.512771494319052223e-01,2.803324091000296558e-01,8.940423116859981256e-01,9.139529762621582121e-01,1.493548237171374582e-01
1.994101034990172772e-01,3.151140928381455653e-01,3.893427960402228161e-01,9.930607555418005106e-01,3.311311304529277466e-01,6.127320600131074269e-01,3.816919243018128682e-01,1.526162259925312459e-01
2.450784606672924693e-01,7.748192802858098194e-01,6.191341881237168998e-01,9.823232890427807673e-01,2.221311801895290705e-01,9.258287862912345512e-01,8.497009050537294161e-01,1.505049327737517928e-01
1.934147707973188635e-01,4.528812465678111465e-01,6.873289469146355302e-01,9.342247817888620354e-01,3.116504749250419426e-01,8.311419625534136602e-01,5.665595258578438598e-01,1.511831991956978927e-01
2.950654935809987611e-01,8.337715979432190894e-01,4.275631275930025232e-01,8.800022714590689521e-01,2.978783409546165717e-01,7.750009346755203365e-01,2.586770719445519728e-01,1.532573981386609052e-01
2.502750918822399528e-01,9.023765217896034807e-01,9.549391589689211202e-01,7.774810404444147949e-01,2.946541236746566539e-01,8.197800752882745678e-01,7.343158187231305645e-01,1.517419975528904175e-01
2.530927751401322867e-01,6.814747729428114464e-01,6.166367306916390456e-01,8.647536562729243315e-01,3.006309678341532177e-01,8.677620515158056547e-01,6.539985185079862928e-01,1.509883334724333726e-01
2.842213626359590961e-01,8.558525260930727185e-01,6.703547069851083506e-01,7.821274198704076808e-01,3.223762959445238829e-01,7.949688618916466165e-01,3.496118717243838492e-01,1.536620514260006176e-01
2.447305958045409569e-01,9.136690482154558035e-01,6.431443314290089530e-01,9.261413521693178108e-01,2.555661879295270666e-01,6.307568281926083653e-01,6.552038130283103223e-01,1.518989475902082775e-01
2.888269636438631216e-01,9.945215772239699437e-01,6.550182690047963163e-01,8.758508749932835125e-01,2.701979600357169442e-01,9.780253373121348126e-01,5.344490404577612042e-01,1.522663382393263376e-01
2.049927242569277996e-01,5.560222470703000130e-01,7.442186053740300622e-01,8.871752593972066503e-01,3.071158284387772719e-01,7.736601194919960900e-01,5.428577836326070605e-01,1.519638947111066063e-01
2.515584387844434500e-01,8.353613594622114613e-01,7.128942475493482700e-01,8.671394400536954761e-01,2.579394241894124029e-01,7.693809466282341969e-01,8.303523754928245904e-01,1.514629458378808358e-01
3.983166703019908050e-01,5.621679341997748436e-01,1.295894136547642850e-02,9.541018794696347616e-01,2.727420460986931250e-01,9.572770880805455684e-01,9.221495208682433109e-01,1.494458747548905453e-01
3.075752534969177776e-01,5.611510018388936594e-01,3.971306909656246997e-01,8.483641377303723363e-01,3.325066910459847369e-01,9.937869223423529963e-01,4.034390812494130785e-01,1.522714064455473748e-01
2.803412161000250480e-01,9.394487629064702805e-01,9.333935558008388256e-01,7.163607173732220446e-01,3.443810945949879465e-01,9.542819148933195939e-01,2.212059445825129145e-01,1.538785272454379349e-01
3.161865879102563337e-01,1.281350433827810886e-01,3.774786375840238906e-02,9.512501406796701753e-01,3.470136944456804762e-01,8.401651232129015989e-01,4.159819328656827464e-01,1.509139546045097091e-01
2.952996044981127111e-01,4.093999060808074519e-01,1.694186997097391623e-01,9.984378448734094746e-01,2.699954242928499504e-01,8.679920254609055918e-01,9.735692186103420687e-01,1.489079397142124006e-01
2.865491229096804870e-01,8.051436697817930810e-01,6.069667087008289164e-01,8.135728496664179632e-01,3.458453913804076518e-01,9.192422204356303084e-01,8.554786516302315125e-02,1.528322782313217831e-01
2.551084999259417008e-01,7.459568791307984448e-01,7.476924029490346069e-01,8.252098466742668892e-01,3.466391741002687876e-01,9.442540974381121721e-01,1.861698555054879245e-01,1.526938897076977331e-01
2.392526835223353909e-01,7.643547841969606793e-01,8.160155271060534066e-01,8.618961915709446586e-01,3.087590235112084858e-01,9.336307471804471403e-01,5.651480650512112902e-01,1.511601094454016747e-01
2.302762880251907063e-01,5.794878873755127113e-01,4.230264960574716682e-01,9.599414286840196597e-01,3.014679771620165094e-01,5.676849641052408302e-01,6.436095188075720008e-01,1.515533016056244131e-01
2.648621904344782840e-01,8.921287032983112875e-01,5.461138920479301495e-01,8.927341332931315598e-01,2.609655264966233013e-01,6.474143206344338264e-01,7.417853426427239993e-01,1.514354808125104590e-01
2.317555649672459472e-01,6.170599878602517352e-01,7.169811894222180015e-01,8.415407168041109109e-01,2.984384579353359657e-01,8.545980227396509088e-01,4.854981822138483838e-01,1.530548298553388309e-01
4.024587463347966132e-01,9.935832882581526748e-01,1.790323874318323072e-01,9.086062401678989264e-01,2.176708082049320647e-01,9.080951547054174622e-01,9.819152765294458796e-01,1.517565228127957799e-01
3.042275994490484248e-01,7.725116883646497845e-01,3.843126046417597030e-01,9.586763349831082248e-01,2.161267360972363161e-01,9.632754777250673861e-01,9.081598044889237498e-01,1.507523584716262410e-01
2.094820118087350191e-01,5.184535684824349566e-01,4.544316786381742967e-01,9.689355994880504142e-01,3.037800336653706523e-01,5.681129902896789874e-01,6.969629792282907577e-01,1.512281082366329354e-01
2.175510149105899238e-01,6.090317136123701847e-01,6.789432782507139885e-01,9.292880031389181283e-01,2.960339307918679053e-01,8.761715007744644845e-01,6.179449965907810594e-01,1.507024646324393591e-01
3.374945963645412106e-01,5.576475608157412944e-01,2.242237779513358009e-01,9.403614724957370941e-01,2.556193814253365226e-01,9.597804442480346587e-01,9.530572082463500960e-01,1.505070525265929104e-01
2.396830407927590945e-01,5.228323083503004787e-01,4.803118489971457961e-01,9.300849938293063168e-01,3.145967746163504386e-01,8.513636302458924554e-01,3.579761934960885572e-01,1.523345487668358034e-01
3.982825194882277930e-01,5.255249908966432848e-01,1.442499771149153287e-01,8.365166260861066627e-01,3.208224206661990374e-01,9.995673874158449435e-01,9.415467545656481807e-01,1.496877722410617229e-01
4.407470595899743437e-01,8.887051516428978726e-01,1.176253347926341508e-01,8.672551449469008134e-01,2.573516232169973383e-01,9.686329360371379593e-01,9.562374066589717225e-01,1.516232630361607769e-01
2.435212409578964010e-01,8.571733604390301409e-01,8.976251208286180061e-01,7.725207697473959190e-01,3.247502326815416285e-01,8.085799700262494838e-01,2.108013019250069564e-01,1.540258832435341396e-01
2.603933554022984653e-01,7.787400356149436487e-01,4.973229106512525588e-01,9.793718221721178230e-01,2.478798189771799776e-01,8.463553049061633970e-01,7.940233926928201846e-01,1.501513510042933042e-01
2.179858178551245529e-01,5.293983700937385795e-01,7.597612289917334838e-01,8.657282843541741491e-01,3.053420204479596611e-01,8.898811357894795826e-01,8.103509306625747977e-01,1.504962266327933285e-01
3.181162635865567578e-01,7.034688964201374350e-02,8.478326725004087239e-02,9.225286420929428299e-01,3.392042603905612852e-01,8.931664187430671253e-01,7.556858699185601269e-01,1.494637228444917476e-01
3.512294985148342596e-01,9.335586474375183741e-01,2.920482186170955119e-01,9.526278816284007300e-01,2.253244698214866837e-01,9.704186559832655989e-01,8.384569034571044410e-01,1.514993722089852946e-01
2.766977251555611805e-01,6.272643312109480451e-01,5.865084187291695894e-01,8.090535263558461532e-01,3.468289466101623919e-01,9.619899453898461683e-01,2.773291852519700340e-01,1.527503941349948324e-01
2.433363611676690741e-01,2.129767509718913931e-01,3.098328524744662360e-01,9.623846011581627113e-01,3.113987727760071933e-01,8.671674759963355905e-01,6.300284978837138450e-01,1.509408739938783717e-01
2.242309830599674425e-01,7.456542666532154362e-01,9.160746755091250249e-01,7.874238653993301806e-01,3.296830377987516880e-01,8.021353420909530518e-01,5.286047440072072501e-01,1.520989391621078990e-01
2.919474437892200513e-01,9.866843091517258912e-01,6.428700348950656673e-01,8.433395790823885463e-01,2.566402989439353077e-01,8.549808164090585416e-01,7.051324810741737004e-01,1.524131437354970808e-01
2.821917878030922866e-01,9.052685198411221101e-01,6.497723380426700945e-01,8.314036378137857897e-01,3.123558485011649899e-01,8.113156428446687274e-01,2.225622994325895943e-01,1.536044836689010318e-01
2.057142151241166395e-01,5.052296987035944653e-01,7.387321972068338072e-01,8.845592151564634076e-01,3.128508578027649478e-01,8.562434545198273073e-01,6.894676383384236162e-01,1.510920198765304256e-01
1.866680018806498031e-01,2.095847504387256532e-01,4.981412710652670661e-01,9.305403446526275824e-01,3.516093154019037659e-01,6.854095375643631805e-01,5.431858662861265286e-01,1.517317183873799769e-01
3.128758979017521313e-01,8.745837039401500590e-01,5.094689146169526506e-01,8.248949104194245319e-01,2.927878476221313919e-01,8.633734196393525462e-01,3.723519904146185278e-01,1.539227432386214844e-01
1.895065393712863644e-01,4.582286675014459187e-01,5.789751088487555819e-01,9.685864196523449321e-01,3.069992375563202480e-01,6.426586924688297842e-01,5.737535698247321347e-01,1.515952497579240166e-01
2.722597680773755635e-01,9.208171551716449743e-01,7.943188194660226742e-01,7.732161081880308817e-01,3.076261961895888075e-01,8.925103268840348658e-01,3.751019431683965122e-01,1.532406306594826240e-01
2.588786134029237296e-01,7.545082392252278058e-01,5.836284798753832437e-01,8.888634358640615796e-01,2.874106789981293320e-01,7.574298641193247805e-01,5.368299159432329271e-01,1.526927178511246208e-01
2.435085483010278329e-01,4.248858414006854156e-01,3.516274245629597006e-01,9.703962318574832491e-01,2.983319112087675085e-01,7.907939641309106316e-01,4.449072829028177800e-01,1.523401119377073010e-01
2.593015632574162677e-01,9.014792701598824953e-01,5.282486270289296071e-01,9.971880111457036566e-01,2.056883769935337614e-01,7.445735076362280935e-01,8.926882279253129937e-01,1.508609084357624974e-01
2.418319553573199943e-01,6.476410557573408777e-01,7.488491893522440934e-01,8.354862081563746434e-01,3.158960488419798596e-01,9.530268814717375303e-01,3.828893438749630951e-01,1.530275660343528021e-01
2.758735014789975848e-01,8.352341623155206118e-01,5.722944365279900580e-01,8.467376074044470347e-01,2.634845689899201204e-01,7.229369172181794312e-01,7.507654447572414957e-01,1.522579902819852782e-01
2.601459680975901634e-01,5.707739682119850055e-02,8.235241763134915072e-02,9.566835028806818242e-01,3.711453061194669445e-01,6.238896403378143551e-01,4.144159297327200675e-01,1.516668976697484461e-01
1.962139822033551473e-01,3.756248827619633746e-01,6.517420151060451250e-01,9.631282891829406889e-01,3.079669756858436358e-01,9.127038404469469679e-01,6.085845907805342847e-01,1.515465104168013666e-01
3.118282880350544684e-01,8.151210654468765693e-01,5.336945252066185308e-01,7.891818186880753538e-01,3.388096278395716365e-01,8.828843333307249130e-01,3.972564898667926281e-01,1.527200480975328678e-01
2.326647507421251981e-01,7.684884047883611125e-01,9.549747185236084901e-01,7.675203738804717846e-01,3.265469953550960147e-01,8.281683722164284722e-01,3.988005606228231525e-01,1.531412426061129206e-01
2.476084857642160408e-01,4.813161121334929571e-01,5.379290827934983810e-01,8.820334748241016598e-01,3.019728213780630277e-01,8.787360178663708998e-01,8.795046346889296984e-01,1.502170301492469218e-01
3.198600352673425240e-01,4.802752716046636561e-01,1.916943144796108833e-01,9.502284809142025335e-01,2.925377279352143756e-01,8.452439146810643011e-01,7.710128164331351286e-01,1.505085634312526011e-01
2.803615617032453322e-01,9.619114659697136638e-01,7.190751565679714963e-01,7.940933010145407867e-01,2.946227207008781379e-01,7.491030179035743641e-01,6.578613464679979872e-01,1.520710890933487658e-01
2.703849096701545496e-01,5.480034151515966734e-01,5.157025907094859862e-01,8.838337262595432620e-01,3.197428157863212439e-01,9.568526417059779465e-01,4.898121689191898831e-01,1.520736721530908109e-01
2.541340595978860972e-01,6.933784731617427255e-01,5.423858273180292011e-01,8.887929281710147400e-01,2.980471021163361156e-01,7.396238615558782259e-01,6.067218787676584846e-01,1.517906454746166256e-01
2.370375152882399084e-01,1.982161368016643888e-01,2.140690988335086642e-01,9.573931865662003160e-01,3.506713817860220850e-01,6.356870019221925183e-01,6.442135433358475716e-01,1.509439742904455650e-01
3.020291306436066470e-01,8.882012571196808981e-01,5.839129177208046695e-01,8.097828926672390182e-01,2.979097969372776489e-01,8.176830951544569182e-01,5.489910898773534553e-01,1.528950005977541549e-01
2.426722364936723109e-01,2.668979967421504784e-01,4.100439885158617681e-01,9.167810105437936841e-01,3.266430466761101603e-01,8.886240771351017198e-01,6.718724524305801360e-01,1.511568224256722437e-01
2.687063235809853401e-01,6.851196579039070533e-01,3.431276179609923371e-01,9.999581968223513195e-01,2.515185733856174499e-01,7.639711320886670709e-01,7.616789053839875256e-01,1.508124593257111623e-01
3.468317100480358128e-01,8.220315622864065030e-01,4.063627241901216491e-01,8.048812797196346347e-01,3.143426945878595724e-01,9.627021671925823920e-01,4.896580100415897085e-01,1.525947860891209429e-01
3.310588999973531621e-01,7.835197721999108689e-01,2.700015945251934557e-01,9.137061293714207055e-01,2.735808902274059484e-01,8.149918961551568808e-01,6.442896819712289336e-01,1.519010853119771021e-01
2.049046468385682662e-01,2.932812356090247485e-01,6.220427048148042815e-01,9.293949836971061584e-01,3.314512331199890860e-01,9.991694048849175669e-01,5.266584308757495947e-01,1.511884228382716355e-01
2.918888401509169839e-01,9.438999519839077479e-01,5.575406019144855119e-01,8.303818537642140285e-01,2.765560985890451740e-01,6.919136470440361286e-01,5.196254287614032741e-01,1.532399282613095270e-01
4.597375005161670192e-01,8.502797365943441932e-01,8.568114607971738517e-02,8.318166739583364722e-01,3.267889413646782315e-01,9.379085429060405321e-01,7.193718760018980030e-01,1.521155627308381775e-01
1.692721939530970332e-01,1.327663983789474367e-01,4.122014086388652854e-01,9.949814571765994708e-01,3.500863215182880017e-01,5.885904834476427538e-01,6.473081067485059181e-01,1.512028947349649266e-01
3.545628679747158118e-01,9.448782462402036675e-01,2.594116584862972141e-01,9.401696687272147468e-01,2.448603199336867320e-01,8.335953939286836478e-01,8.626813241037188940e-01,1.506891827908938275e-01
4.610884064549997663e-01,9.538097034560186760e-01,6.363273864397817059e-02,8.690457417428008036e-01,2.556906579725611306e-01,9.235801094289065594e-01,9.686000343503257115e-01,1.517421403328179375e-01
3.823465106007515324e-01,4.614548826331756892e-01,7.297567031037160978e-02,8.760091205888818067e-01,2.968981871504010606e-01,8.743599843415673645e-01,8.122396062875987255e-01,1.511464191770698906e-01
2.573070175578409668e-01,7.014380051189424981e-01,6.034875593435253815e-01,9.090480018911238913e-01,3.015537977645821321e-01,9.828085189413138245e-01,4.509155974856031146e-01,1.514099969274038393e-01
2.565725563129500619e-01,7.753521595748548156e-01,6.613070174744191121e-01,8.330098792739685232e-01,3.096121769949862768e-01,7.866518365369931098e-01,4.695966984829900159e-01,1.527708723881298081e-01
2.556804774312463335e-01,4.666784636341404502e-01,2.672604191207407776e-01,9.809467842751505851e-01,3.085911768273825184e-01,6.506209045780566580e-01,5.295557515165241202e-01,1.522025066502889212e-01
2.267481621848987938e-01,7.980640243673390311e-01,6.144558482068391836e-01,9.164918174353660074e-01,2.885319634315272608e-01,5.904895006326561502e-01,3.365007979400068683e-01,1.528745672379527576e-01
3.008076103443788618e-01,6.038708239205922146e-01,3.382085371972572974e-01,9.055689390465484490e-01,2.583531279239039136e-01,8.544991618373174447e-01,9.827920710402124893e-01,1.506396722310913150e-01
3.313907984518333349e-01,9.374556679743411003e-01,3.126913361371658762e-01,9.899551643022111991e-01,2.286633110496879562e-01,9.358372537205976727e-01,7.623115894639662660e-01,1.509636104405868151e-01
2.675213143983157793e-01,1.385610784707340670e-01,8.530338940783499524e-02,9.839571012937815553e-01,3.542190624491596829e-01,7.040818028379141058e-01,3.733917240919543135e-01,1.514346215122526762e-01
2.185602481525264762e-01,6.427411053926133100e-01,8.254606646553593885e-01,8.602485442248838376e-01,3.001900883986097224e-01,8.845051836227498798e-01,5.259165810224972759e-01,1.521720793118085113e-01
3.164205811597664009e-01,8.950069995930952649e-01,5.322539630802006760e-01,7.923248450610647087e-01,3.208991647175324369e-01,8.499881276469969382e-01,4.654232603840639526e-01,1.521457612817292415e-01
4.168665840506793341e-01,9.573989682436190307e-01,3.039863261844128473e-01,7.841359472356861371e-01,3.087745913750095661e-01,9.650462837361417634e-01,7.752865660055309194e-01,1.525399353358590226e-01
2.799346093179241879e-01,9.359618882496918424e-01,5.536029645104715291e-01,9.649734422366659237e-01,2.184387850388083696e-01,9.885975956654783348e-01,6.862050441757351349e-01,1.515692523210982190e-01
2.952095399218920280e-01,8.461892082818165406e-01,6.544027737262343436e-01,7.532814984286555493e-01,3.208832153901331474e-01,8.667627362722709616e-01,3.263579920944630341e-01,1.539017863610816217e-01
3.995912687430496213e-01,5.389216359839392734e-01,7.163914967768897357e-02,9.183532086006700457e-01,2.625411180423788404e-01,9.908879264742705972e-01,9.576298531749261045e-01,1.505129937041251309e-01
2.772297984874047549e-01,2.416470062230945404e-01,2.995593372951983469e-01,9.127304952422874429e-01,3.283902446276616427e-01,9.708714961713610370e-01,5.031271908230413592e-01,1.516769761992205201e-01
3.366980596858052399e-01,9.158737019305355220e-01,6.306301203006571265e-01,7.106950653011303576e-01,3.367964091355515888e-01,9.988171480762353394e-01,4.421041319755869559e-01,1.530732121182363514e-01
3.154310457024124270e-01,2.972348973979159203e-01,1.595961873236027007e-01,9.249459613780621758e-01,3.067937994000934365e-01,8.864131032487739814e-01,7.890515561604604100e-01,1.499181168531862895e-01
3.591583294554299699e-01,8.319340064974091176e-01,2.452442928801402688e-01,8.796090702769373548e-01,2.731757107669667839e-01,7.879694251876969702e-01,8.692681538743844971e-01,1.511148327726125340e-01
2.147403916038204130e-01,2.708721988318869567e-01,4.862078224964850870e-01,9.392103679573199360e-01,3.150086243727707735e-01,9.159848750488694957e-01,6.624600576051402623e-01,1.509552733002305358e-01
3.178855926785462138e-01,7.289258639109146287e-01,1.567330612835185488e-01,9.831527294054491772e-01,2.676176190843282399e-01,6.484537346751755305e-01,8.383197118389346114e-01,1.504524319016648792e-01
2.636049044134136654e-01,9.241253886525695460e-01,8.624006715671300727e-01,8.255175494721469498e-01,3.069805717604477957e-01,9.959059123843873040e-01,4.131440590183663719e-01,1.524716845979195434e-01
2.043529338745913582e-01,5.159813627101305089e-01,7.417447604370122072e-01,8.732160859231491434e-01,3.254733855840743484e-01,8.842364334511010338e-01,3.993126367404303823e-01,1.520636879066543656e-01
4.006328929354753821e-01,4.341920706938814378e-01,3.845360187551016828e-02,8.739886553310342032e-01,3.198006835197779174e-01,9.475999139973471097e-01,6.776850281838602275e-01,1.506687143968969134e-01
2.734186985101176304e-01,7.780674583321700588e-01,5.432515969753122231e-01,8.749447704918187352e-01,2.827575257348622362e-01,8.646647435080490052e-01,3.963175513008111439e-01,1.533196708838396038e-01
2.949840190739368984e-01,7.890482035734767141e-01,6.549517035323239034e-01,7.638474909604530128e-01,3.523393886649827111e-01,9.418067781117707149e-01,1.606274612657759282e-01,1.535280473714869809e-01
2.211419244745133073e-01,3.331129600082782805e-02,1.084728647284036729e-01,9.903777756827286671e-01,4.180805744825441539e-01,4.794601137226514598e-01,3.213193101715513533e-01,1.517916542620798004e-01
2.687756167979261090e-01,5.016592631803920010e-01,3.654488592469326558e-01,9.206198735395310084e-01,3.222638763567344244e-01,8.486361614541552134e-01,4.499722511045857187e-01,1.516019614440181629e-01
2.637324107876453660e-01,6.081621204747446052e-01,5.139850042714348977e-01,8.487535156738785780e-01,3.137378478267987547e-01,8.285525846375443315e-01,5.282409328499608758e-01,1.523601349010384465e-01
2.101617823731982138e-01,2.987087771903968458e-01,5.292761371945429172e-01,9.763203636725749091e-01,3.094080317370760946e-01,9.879103560511474091e-01,6.768685175451822911e-01,1.502156199960732741e-01
2.044791308454208534e-01,6.473347484919823591e-01,5.708952107650139274e-01,9.773169062046258571e-01,2.769957887357624715e-01,5.958361265778251425e-01,3.781968527801161661e-01,1.533478693182866726e-01
2.908369665771451396e-01,7.580411404431082190e-01,6.096755273550221732e-01,8.394590027666612997e-01,2.984288007574318335e-01,9.802140714212395078e-01,7.982155244593440724e-01,1.509030745784227523e-01
2.868117950545102657e-01,9.017367686524641046e-01,5.310833434590261914e-01,9.557170462188457893e-01,2.308779998462853755e-01,9.556890924182726010e-01,7.994252666594574563e-01,1.503980613439105107e-01
1.946143567803282348e-01,2.709810176099761714e-01,5.513066872813470187e-01,9.727958645615660815e-01,3.087771745089197828e-01,9.247265316361803489e-01,6.758883669696935659e-01,1.504689464933356424e-01
3.920299826151213418e-01,9.276082311969331418e-01,1.102442444250738562e-01,9.356332420583097775e-01,2.478564122649737078e-01,7.726014288488889381e-01,9.993492026724430932e-01,1.504046330344831206e-01
2.397294675255442209e-01,2.666966907711539880e-01,4.823339455721100122e-01,8.994965023905187040e-01,3.484090518909918610e-01,9.724481807936875555e-01,5.616099283503789286e-01,1.511583403690415217e-01
2.510343826358021335e-01,9.577441114579218207e-01,8.166034156083026296e-01,7.993625118593296053e-01,3.251994360566756725e-01,6.024484704274845059e-01,1.499106392482341676e-01,1.534203592438155850e-01
2.722146323633586884e-01,7.374237388100394197e-01,4.026767197001866472e-01,9.762943963598470498e-01,2.726150633370145737e-01,8.134849091627139872e-01,4.142626737118150770e-01,1.524234472373959259e-01
3.482718851356685907e-01,9.565992876319739935e-01,4.927684800810565036e-01,7.568586001667635399e-01,3.276531832212534745e-01,9.237094363561205723e-01,3.240322294768876454e-01,1.534900075044490497e-01
2.425331864284505368e-01,7.570110654152389928e-01,5.047601274259814197e-01,9.335487661048738062e-01,2.671567391119001877e-01,6.568782878722931873e-01,6.082535730349843961e-01,1.520327562905033347e-01
2.917468655646255904e-01,5.946491641864709576e-01,3.260748527848843503e-01,9.595503577395529948e-01,2.522630734299540212e-01,8.648733490650418743e-01,8.997937366576038709e-01,1.508757765103221626e-01
2.699903690319929717e-01,1.488911783012582535e-01,2.987553882828883900e-01,8.671607326621304512e-01,3.725078957905127996e-01,9.139492254650185554e-01,4.009093345615757364e-01,1.516880505104465926e-01
2.921331281498584231e-01,8.315293806942851695e-01,6.222555908433662353e-01,8.022336419472280156e-01,3.003546093056692623e-01,9.075611499452519437e-01,6.954289460097737852e-01,1.513564131388867862e-01
2.263125843568306039e-01,7.931198340208364117e-01,9.878047640674352259e-01,7.726679751696546861e-01,3.328566370751417924e-01,7.951433967558303451e-01,4.925880654578875806e-01,1.521605927891858390e-01
2.421760175323557363e-01,7.882668345746437488e-01,9.244246056509032305e-01,7.189885874092827311e-01,3.405442833269280989e-01,7.434702387178531158e-01,2.426437431641714770e-01,1.539758474635404828e-01
2.238411326596534967e-01,6.998305085248079926e-01,5.688102439449800318e-01,9.273661622843071273e-01,2.768465890172369104e-01,5.796503410964493064e-01,7.521954188171738886e-01,1.514782753752032807e-01
3.589348506903232705e-01,9.735462778338548340e-01,1.531367266386278736e-01,9.506937261818758644e-01,2.184486233394041799e-01,6.619334625979214071e-01,9.513958567037650305e-01,1.515387886071810630e-01
3.376708143758845315e-01,9.568906252415947389e-01,4.768310310693774090e-01,8.521079970240875712e-01,2.883095509642078502e-01,9.711447025243584719e-01,4.656104667081311099e-01,1.533159912671942793e-01
2.806699839630532600e-01,9.497145902513230986e-01,7.305261864761899426e-01,8.345520158914897513e-01,2.654864378569264383e-01,9.404622360060570507e-01,6.271322617429476720e-01,1.524247442126770435e-01
2.087442055719457290e-01,3.931215042817999272e-01,3.512886299263170420e-01,9.935474331393984171e-01,3.205606073403520773e-01,5.273601206029079336e-01,6.984069683558639108e-01,1.513163749287817772e-01
2.428208445780530300e-01,9.018310786667642631e-01,9.377598120050312236e-01,7.650582364272113800e-01,3.460870738844584182e-01,6.792169468037814184e-01,2.489482566761828108e-01,1.534279947444093795e-01
2.462721468650666545e-01,6.782011911261831560e-02,8.959106464703364692e-02,9.487050881364933463e-01,4.041635602864884769e-01,5.516369836572760921e-01,2.719947969895525897e-01,1.515429448845488358e-01
2.712019065709795340e-01,7.641586269385050034e-01,5.982449904308007049e-01,8.336523970659660554e-01,3.050371832098616176e-01,8.715932816713619635e-01,3.285921544102998748e-01,1.530932912820342218e-01
3.012744960242147996e-01,8.527046799158487511e-01,3.817771611189518799e-01,9.472222081003216498e-01,2.425431169946076770e-01,8.213043537132665994e-01,7.617937029342760624e-01,1.519938996360750694e-01
3.226920390637147418e-01,9.307254658500373479e-01,6.457109712505099131e-01,7.662923069592538772e-01,3.183438246545985395e-01,9.700884916543537351e-01,3.193731580765973854e-01,1.537034180456403054e-01
2.636126420123575120e-01,6.764068896065564829e-01,3.675871042979439451e-01,9.418478287277984862e-01,2.752037296798028887e-01,6.410974534296863814e-01,6.145492991380597791e-01,1.522597359359449121e-01
2.915079404033672494e-01,9.943450832303994957e-01,5.761236944516029412e-01,9.173719807163316364e-01,2.397840412743229566e-01,9.211540427852121793e-01,5.268198523383684773e-01,1.525131264499539341e-01
3.004006477974491829e-01,4.572894967265147548e-01,1.848131722007447242e-01,9.972096011976366858e-01,2.892315673446370639e-01,8.460166455743756142e-01,7.856358301665431476e-01,1.497409337823679132e-01
2.369975628627604969e-01,4.935262803681695898e-01,5.652964732210472576e-01,9.155513899087397434e-01,2.935369567803807200e-01,8.880781316564470007e-01,8.694319582804828084e-01,1.505550592373839092e-01
2.948652195010603716e-01,5.529274822200929140e-01,4.077920042389586164e-01,9.099054809147454348e-01,2.707017264056137407e-01,9.977474813996727310e-01,8.828075099699295158e-01,1.513649002046735803e-01
2.806694175418546489e-01,8.311910089527865253e-01,7.298396097853120379e-01,8.024280797076909222e-01,3.170341219978587421e-01,9.740775295230419406e-01,4.424405668108608580e-01,1.525969714625858842e-01
1.967599961810219122e-01,4.250387833200995891e-01,6.117476396797243421e-01,9.503382865466406537e-01,3.202718686951275262e-01,7.841416163770773551e-01,5.382022353384350311e-01,1.512671617913755318e-01
2.032890028795001913e-01,4.438239178187934897e-01,5.410513009685948838e-01,9.379320628545625427e-01,3.138449514126345208e-01,6.448670600194646996e-01,5.990701504069670946e-01,1.521429535513702802e-01
1.774499580006174138e-01,3.666285326082870388e-01,7.709235370113969310e-01,9.122063230677713852e-01,3.102987518378305665e-01,8.238269077839095456e-01,7.147007076619351640e-01,1.514111888082713409e-01
3.058071329517341175e-01,8.514238599938536156e-01,5.698729576182798295e-01,8.411912479829779521e-01,3.035488619471247151e-01,9.816420110520751585e-01,6.793803783767309312e-01,1.514247800128316890e-01
2.495736679935376956e-01,7.357460532029982403e-01,8.236075872917634211e-01,7.723870617926468229e-01,3.401162117701932441e-01,9.560975965194491444e-01,1.383229267595844636e-01,1.538089092724710949e-01
3.794838654590089733e-01,6.076120909360827049e-01,1.255964547070147486e-01,9.440132330910793179e-01,2.491777403394863644e-01,9.578524432459405435e-01,9.761797305053632190e-01,1.507528939707472038e-01
1.986096180581130022e-01,5.154248553691236356e-01,8.279666911357015380e-01,8.358647589645128440e-01,3.448363347556734904e-01,7.924953229230190521e-01,3.707152417420236934e-01,1.524973526583376371e-01
2.170785283174058167e-01,8.368907001786215494e-01,9.229789662977090359e-01,7.932889550076575036e-01,3.408249398542798070e-01,4.536933385021597043e-01,3.774123656029774176e-01,1.526521535300675025e-01
2.624097121917106645e-01,9.366001255349064580e-01,8.803250845883763276e-01,7.779239706723555248e-01,3.231755167547258334e-01,9.638231700677978298e-01,1.806158766123429626e-01,1.531488358512842207e-01
3.045280133298617353e-01,9.546548778786348999e-01,2.707852445003541275e-01,9.524538559562939488e-01,2.606609291181006260e-01,4.950447497943150643e-01,7.223232685287180876e-01,1.522891931314014902e-01
2.457382798682470337e-01,6.880375813058449141e-01,5.162600368281867746e-01,9.151653731213670318e-01,2.958901538283484900e-01,7.312841194722340399e-01,3.821207806874331037e-01,1.526172401522870592e-01
2.832965364803265995e-01,8.288658132284134616e-01,4.700650532464459852e-01,9.714709033300892305e-01,2.201438729225702606e-01,9.191109745407767262e-01,9.252106722526742821e-01,1.507805912015321159e-01
3.493466577667568851e-01,9.804056120569426547e-01,4.226579712098002539e-01,8.488648330035122314e-01,2.976187857837973572e-01,8.608810534359456756e-01,6.074859578218355649e-01,1.520639509687180535e-01
2.969426460361324072e-01,2.203084316576454094e-01,1.055983315675016465e-01,9.500546002280919611e-01,3.469849402084169698e-01,7.281728851997457674e-01,5.335933487808960374e-01,1.511726524345644584e-01
2.713100754811737514e-01,5.818518691843399537e-01,4.122368972683232435e-01,9.570600164027036616e-01,2.783281708112325115e-01,9.275102384216487028e-01,5.905088934972034798e-01,1.520199178815890562e-01
2.635439119355446613e-01,9.316937345815973215e-01,7.640411507705930916e-01,8.808329147759508260e-01,2.541430134008411668e-01,9.272855201642610234e-01,6.274419489988993792e-01,1.524451673229006710e-01
2.307951536225417710e-01,8.733146216696213715e-01,8.806634681356146910e-01,7.710620968523821395e-01,3.403478488646005662e-01,4.013456609265902419e-01,4.806757202786164362e-01,1.524598252587909264e-01
2.703231644410045154e-01,6.564979341141286007e-02,1.228219765635874539e-01,9.980276580959976940e-01,3.397678879696117704e-01,8.143549327526723447e-01,5.206245700013980571e-01,1.507436762815226594e-01
3.777279811919557750e-01,7.580495931255304409e-01,8.006584183114479059e-02,9.453708187387106499e-01,2.555549224694438348e-01,7.797595159435471990e-01,9.550617551694963181e-01,1.503400421930793374e-01
2.552960865622256326e-01,7.855033304243805858e-01,6.788739479961460876e-01,8.347492668978779840e-01,3.101946702154264046e-01,8.186206726453004734e-01,3.395488046097610568e-01,1.534431841179876854e-01
3.589383621304884642e-01,5.178495297223356664e-01,8.769301740287194225e-02,9.775282769336324229e-01,2.649314995405746553e-01,8.866784785330464880e-01,9.288903644508267332e-01,1.498808890132957428e-01
2.746665237272125082e-01,9.285514981420719405e-01,7.787786764893664948e-01,8.000134804669108979e-01,3.135356381943243398e-01,8.904854506422357208e-01,3.417721209567310958e-01,1.521805128714628363e-01
2.459561266698095661e-01,9.238375263766560597e-01,7.604101144729238371e-01,8.716864467928060467e-01,3.015950947940384541e-01,7.533949133343599280e-01,3.891160389549140342e-01,1.520527155650555906e-01
3.202273298108018196e-01,2.245236154422523556e-01,1.269952586436224329e-01,9.196008482005035845e-01,3.152072318987629296e-01,9.163017163583675462e-01,7.763188648108720891e-01,1.500515239540131662e-01
2.834951179186554482e-01,9.055059574376300713e-01,6.108168584767449394e-01,8.518382559719164249e-01,3.063984577111919516e-01,8.503874149801784466e-01,4.563344483191597023e-01,1.522408370681815060e-01
2.728325888066752691e-01,1.230976618291060865e-01,2.478649928626686094e-02,9.697341769903373709e-01,3.802592651513412303e-01,5.409566687511848659e-01,4.181136320194804856e-01,1.516512083595081550e-01
3.248746094480471913e-01,3.920240657644298299e-01,1.830695498720934511e-01,8.951595499648369314e-01,3.017217160927011532e-01,8.412335014365941444e-01,8.103681705357540510e-01,1.509552045593128833e-01
2.504561911000225960e-01,9.550005356335635742e-01,8.405993657063262070e-01,7.923043884496792089e-01,3.041851049990622613e-01,5.293972570558146407e-01,6.881181432168705925e-01,1.520014232871599313e-01
2.118794119704812684e-01,6.868635306286611231e-01,8.601406275686198644e-01,8.677303205775011019e-01,3.175150864521043004e-01,8.881486266886451375e-01,4.034060418278405113e-01,1.523923465782561770e-01
2.410237671674643201e-01,6.237825741125292422e-01,5.740508524383735045e-01,8.651395722894500429e-01,3.155635721810251537e-01,6.939495730895388625e-01,6.191918015882865722e-01,1.517296144102808775e-01
2.756045070121276863e-01,4.309566659144652423e-01,2.850059553392182421e-01,9.798310149774996924e-01,2.815361156136633181e-01,8.515624433914155134e-01,9.020451406168914499e-01,1.500021516660940968e-01
2.589754881256970953e-01,6.274305813918820141e-01,4.620198344326072459e-01,9.350471005551986847e-01,2.731365302082103264e-01,8.293238271999986422e-01,4.597874604407904409e-01,1.529783817114735434e-01
2.295714858938872061e-01,7.808445031093583788e-01,8.963010582443442509e-01,7.985343424720191541e-01,3.211699002646214995e-01,7.759770215746448763e-01,2.828233667871610790e-01,1.533718911226591985e-01
2.620658917474750771e-01,6.577709946397771734e-01,3.339996542660029766e-01,9.855077360668464959e-01,2.682344735132078939e-01,6.228234815173725458e-01,7.715555416059263205e-01,1.509969635178009251e-01
2.596498773423992490e-01,9.145869830679174139e-01,8.601583055563896130e-01,8.005749480374114713e-01,3.327238053698447495e-01,8.890496122656491584e-01,1.666797201454248700e-01,1.530633608533205348e-01
2.260129928470093197e-01,7.009976298857247823e-01,7.013232072825965613e-01,8.697579737094423002e-01,2.872554716358706184e-01,6.596513713757607977e-01,6.815987201342372792e-01,1.523175923922961417e-01
2.763529933048198828e-01,2.347768921125252262e-01,1.845882579047617433e-01,9.950868837590781668e-01,3.129746246145929667e-01,8.647645143577692428e-01,6.843342288179822264e-01,1.499572016827145915e-01
2.931230240338841275e-01,4.234421626523711679e-01,2.843387475118173691e-01,8.933409267439837986e-01,3.131034399303725957e-01,8.044194461897231641e-01,8.830364342784472464e-01,1.499791968707368250e-01
2.799597409916669277e-01,8.205018942481706601e-01,6.363384648893608553e-01,8.326382710916920837e-01,3.078027949789268192e-01,9.575134121823514199e-01,2.223605682274434336e-01,1.536673041686586749e-01
2.932109893034902104e-01,9.100789141102842983e-01,6.259340076464454672e-01,8.048863088824416145e-01,3.008699216840274859e-01,8.507229142677893430e-01,3.459244877385879713e-01,1.538356178995001766e-01
3.070616287333573502e-01,3.501180935504415448e-01,1.371426657426965678e-01,9.452089896904359856e-01,3.150259561727200008e-01,8.027528084745263470e-01,7.324801995934994148e-01,1.501693992895330731e-01
2.752693075840257353e-01,5.648012443038230579e-01,2.890378363689549701e-01,9.901906768353054833e-01,2.656566324721597039e-01,8.037018845652096344e-01,7.738845019549320803e-01,1.502871070576556611e-01
1.995504674914632681e-01,4.355776480045565613e-01,5.960459123895043287e-01,9.400314360135026970e-01,3.159236439696512244e-01,8.169129819273603932e-01,3.232172509695173668e-01,1.523231210981046690e-01
2.654182028814584537e-01,8.095037568580198961e-01,4.310293625400429818e-01,9.625997657121513340e-01,2.403081780063793249e-01,6.442277346567736318e-01,8.946410744829849104e-01,1.509642071649013872e-01
2.384214613994710130e-01,2.669353929956032045e-01,2.356256723581547641e-01,9.602370903143564451e-01,3.510615497225009762e-01,6.381501210904647614e-01,4.001125505738434285e-01,1.523139895013110590e-01
2.593602055515005778e-01,9.040936306407179046e-01,6.061632550602256142e-01,9.031042220110423457e-01,2.594315611749176687e-01,7.486471289361533721e-01,6.038718090412994455e-01,1.523040790583799764e-01
2.668311738087002505e-01,9.397380151409613358e-01,9.594574727919356061e-01,6.873451082899268982e-01,3.618992706550255289e-01,7.971656842758140238e-01,1.606003441774103702e-01,1.539656666020972342e-01
2.039802100614946934e-01,3.186977728855602821e-01,3.327655763054330196e-01,9.559684534800308997e-01,3.427245168528338937e-01,4.670365307819850931e-01,6.458739830691981876e-01,1.515814737529606326e-01
4.217577235388276780e-01,6.254576263004220094e-01,4.440989190946653675e-03,9.163702375462995375e-01,2.707340140053371980e-01,9.435068982023255835e-01,8.290734441246567776e-01,1.507927691702356521e-01
2.834298535419845222e-01,8.005583775758058351e-01,4.798766009043321512e-01,9.222547356217133396e-01,2.895260447633003498e-01,8.197599113561352402e-01,3.753007308472213754e-01,1.526754653632690639e-01
3.204249678027125681e-01,9.152152167359262069e-01,1.840475891488012605e-01,9.926975975203644609e-01,2.438613454905428912e-01,6.040803292793537338e-01,7.937797331085825192e-01,1.514492794301103284e-01
2.756352910724068073e-01,9.297628017960557489e-01,7.483011514953077370e-01,8.105943799762663771e-01,3.056825566844155184e-01,8.842683980364683949e-01,6.388788192104822850e-01,1.509402419405272144e-01
2.221514698765529872e-01,2.053152045039969287e-01,2.549281507726435247e-01,9.845016044711915049e-01,3.390177340931992411e-01,6.654142901302535495e-01,6.149864214869464885e-01,1.505058974697903729e-01
3.900601068962697426e-01,7.943463077110414217e-01,6.315497436448153090e-02,9.728646040855789545e-01,2.404448988915754704e-01,8.311891246307824277e-01,8.427238703934898378e-01,1.514052236242172111e-01
3.946420555666476648e-01,9.511760604194199331e-01,3.343315224226337534e-01,8.131731888091001670e-01,2.963243343827074994e-01,9.981001834136450368e-01,8.967856223659640413e-01,1.506913762604969731e-01
2.093819455111888828e-01,5.640519482555086395e-01,8.611902995641809166e-01,8.304093377370938001e-01,3.181798031217656364e-01,8.361696451056719326e-01,7.210836209121380680e-01,1.513082586452580425e-01
2.197139751033400645e-01,7.218203940351110015e-01,9.133448992152432000e-01,7.757341830847840347e-01,3.427511199031582634e-01,7.075753932327311091e-01,3.073372174500588749e-01,1.530463266389018584e-01
2.192617576926846890e-01,1.014008119866481317e-01,2.833485626946974367e-01,9.317002778800534957e-01,3.711463640100018946e-01,6.804547696411644697e-01,3.544206476549964235e-01,1.522767713927305477e-01
4.250066252939593836e-01,3.899693360719328483e-01,5.162795882829029903e-02,8.223266396125789024e-01,3.182140733250408138e-01,9.920754901582083951e-01,8.342678021801076538e-01,1.509731282001055830e-01
2.828160748024258209e-01,6.035971499097096959e-01,5.213096175115614628e-01,8.539245308154741476e-01,3.222588739000868396e-01,9.667350344405385432e-01,5.463752663277237076e-01,1.519269880342626888e-01
3.482113476854499790e-01,9.171984610000497584e-01,4.050673117077310259e-01,8.109178447963010239e-01,3.036127427362898534e-01,8.737383518840113883e-01,6.333710341056192350e-01,1.525478482102250455e-01
3.156454860601620727e-01,6.229132413497379117e-01,4.017876371249217704e-01,8.421231965834825584e-01,3.031652381030852661e-01,9.730377189640979640e-01,7.566643408195862230e-01,1.515679430201981037e-01
2.423142297957702473e-01,4.952141316851286779e-01,5.138281103635009561e-01,9.296095103252115521e-01,3.194343186860858497e-01,9.754926039342169952e-01,3.064501250618166805e-01,1.521866177891020022e-01
2.357843364390884711e-01,1.421011673007177567e-02,2.584454533214771699e-01,9.810268378790261146e-01,3.355273868442360530e-01,9.377517464813248660e-01,5.913456850154876765e-01,1.506347123814958666e-01
2.480829631271970759e-01,5.749170918365329452e-01,5.333527776822226674e-01,9.281962307454828531e-01,2.612004351635064947e-01,8.854461936159858659e-01,9.490554560250440419e-01,1.504943744714829224e-01
1.883148779290376162e-01,5.900497462971111551e-01,7.519016424476911986e-01,9.395557153313284227e-01,2.873469482815603770e-01,6.987080625112251919e-01,6.640640881604172874e-01,1.515382065086006702e-01
3.009031718413504586e-01,8.439708460503329013e-01,6.236093909601760910e-01,7.760528868691844995e-01,3.306871885149023083e-01,9.534679898773085194e-01,4.570686828628857112e-01,1.521086912542558567e-01
2.450888852828345676e-01,8.434895282910908065e-01,8.944310074573119662e-01,7.674842761336997388e-01,3.369525288221720816e-01,7.593881753681376301e-01,4.810136198985647815e-01,1.518198292691314844e-01
1.731621730689981709e-01,3.154993307220816390e-01,7.510775633773346671e-01,9.156448358303805879e-01,3.387580986824047513e-01,8.423296852049663164e-01,4.920114104763864127e-01,1.521841999324806127e-01
3.191398821180323475e-01,9.431782553445698936e-01,4.621104519531404331e-01,8.530015951637488492e-01,2.658460299463171750e-01,7.759202624672254522e-01,7.841158955037089706e-01,1.514029070211886097e-01
3.144674383730921008e-01,7.055429364838006201e-01,1.738472396868693259e-01,9.740630522786732914e-01,2.565676221406082425e-01,7.119142119528658608e-01,7.896335227162523118e-01,1.511419038808115844e-01
2.531398323403478701e-01,9.850820798873807238e-01,9.939120979015969581e-01,7.585596871691084875e-01,3.344701708992861011e-01,7.776998910536701004e-01,4.289694037742493027e-01,1.525016743045144452e-01
2.322202137002817024e-01,7.366759148859600703e-01,3.455437953356222947e-01,9.943842542000217444e-01,2.920466960432082648e-01,3.869904731243805074e-01,5.166110307435717308e-01,1.523184952606424225e-01
2.598786515419955756e-01,9.270608062437438734e-01,6.584752527679971212e-01,9.322012713892865454e-01,2.612605889622368616e-01,8.639764905027678132e-01,4.886754667257395823e-01,1.521196597585545429e-01
2.640394542838044867e-01,6.394719837851888800e-01,6.715187616481403943e-01,8.153100846800915846e-01,3.295934915254203901e-01,9.895672292326085362e-01,6.331218053088328857e-01,1.514906337761604826e-01
2.737556022682073320e-01,1.915563240350114937e-01,2.373442386806986770e-01,9.666968868358499778e-01,3.317672427351475162e-01,9.702838997497803541e-01,6.406019849346885620e-01,1.498235031807864381e-01
2.124036832540520947e-01,3.080461770192105542e-01,4.449804330054744628e-01,9.757594194222538597e-01,3.062420466727337476e-01,7.788166392928069781e-01,7.560188485757085575e-01,1.510988793344689163e-01
2.041754941164744819e-01,2.198213811531966599e-01,2.112293808419926644e-01,9.929239405997210000e-01,3.732172907959445673e-01,4.525289940665820909e-01,4.867106934405369678e-01,1.513288668175096496e-01
1.964423843569119699e-01,5.143532205763120535e-01,8.047609025190201049e-01,8.770795965458494381e-01,3.183379788255534248e-01,7.963755993499533892e-01,6.230082046778022686e-01,1.519656032716630578e-01
2.517508161825280921e-01,5.696846395978548694e-01,3.449163314880189235e-01,9.592680864161065024e-01,2.877610745254950420e-01,6.982727512556201610e-01,5.492310678741200158e-01,1.520364701562215426e-01
2.452620923229658634e-01,7.146863872974571485e-01,7.252662403551703996e-01,8.242691208089301114e-01,3.219905210330327172e-01,8.373205850411395978e-01,2.197737924666211540e-01,1.537520715340560951e-01
2.437827357061830014e-01,7.944044927476877627e-01,6.217495387395406414e-01,9.265916698629426129e-01,2.627173613511270545e-01,7.473390252323197647e-01,6.976545568186994783e-01,1.520399178126282669e-01
2.435349192828114850e-01,5.182753771676266163e-01,3.306181587979740710e-01,9.879528177400516142e-01,2.637770440649000458e-01,7.076133961482580226e-01,7.971700826923295846e-01,1.508439724701869933e-01
2.002696806907487692e-01,1.425683720062572157e-01,3.728877808435212549e-01,9.792868091240637396e-01,3.216366854131680331e-01,7.622853233682578278e-01,6.978768602426734802e-01,1.511758294742695241e-01
3.204494894128682159e-01,6.888986992824466249e-01,3.104812496805752220e-01,9.428810039290064227e-01,2.555306733220188420e-01,9.639996547842595298e-01,6.678556978869202299e-01,1.519702858555729563e-01
3.046095766283722361e-01,9.173474854286016722e-01,4.173245938573433289e-01,8.670155027547642446e-01,3.071343849431075190e-01,6.276431681626217784e-01,3.322071495733990298e-01,1.532615451072892598e-01
2.761277644393119735e-01,9.064301561359520143e-01,6.406237280060758099e-01,8.586730633525997414e-01,2.923228010283300260e-01,8.858309434565158069e-01,1.905995832974118898e-01,1.531313876130143137e-01
2.120986511526596896e-01,3.992057047308610884e-01,5.674383979358184060e-01,9.848022736469675964e-01,2.809284179222645839e-01,9.454336920550271417e-01,7.416893052007338394e-01,1.510921788361761775e-01
2.684134542559448167e-01,9.022949646713486205e-01,8.432492919988409108e-01,7.608333304243187767e-01,3.563221226665021502e-01,9.198800326926104276e-01,1.121548524992159734e-01,1.530596289361861040e-01
2.604056853385850467e-01,8.505761747513336246e-01,5.298140080134420282e-01,9.859124628949265112e-01,2.134697878253382919e-01,8.776593729045385484e-01,8.751352551294966364e-01,1.506998187986141602e-01
3.191145249974272069e-01,9.751451473951358029e-01,3.413850582924673471e-01,9.449742439650585801e-01,2.198026504098594125e-01,7.075658155232047442e-01,9.651011328399305977e-01,1.511005324354642299e-01
2.832787666286898931e-01,8.048334840773583299e-01,4.834703758591756828e-01,9.438739335354274784e-01,2.238205308432112406e-01,8.993259623045106732e-01,8.353735104072967932e-01,1.516730752231596480e-01
2.842526727224082284e-01,6.336168257896360734e-01,2.587840901625864110e-01,9.383377262686657394e-01,2.779063945683111214e-01,6.029658551928686050e-01,6.945835164359075442e-01,1.522017773537796548e-01
2.548617059866497003e-01,4.340197261400000062e-01,5.011756489763711242e-01,8.776656938211362391e-01,3.143292581137976938e-01,9.419396923507333819e-01,8.130198840890123790e-01,1.499982021543563582e-01
2.969300216720014984e-01,9.589261987236333828e-01,8.543624838585017756e-01,6.892269608852292784e-01,3.472205677186890327e-01,9.158479222969566624e-01,2.561578477129488607e-01,1.537012064418130930e-01
3.207264012252420415e-01,9.748864863312065587e-01,6.081451433822836483e-01,7.780356053900454594e-01,3.156777629745235458e-01,9.751698657229548317e-01,4.250207513366588419e-01,1.523619512847135815e-01
2.828678915821758455e-01,9.389045943685883078e-01,8.557832708778825292e-01,7.573368250298929683e-01,3.227061112973271806e-01,9.511815482363332741e-01,2.749525837271959983e-01,1.531604795181980005e-01
2.713893088465793579e-01,8.896271068054558695e-01,7.990651248253579642e-01,8.030966273651807263e-01,3.096094903588499370e-01,8.907391644971082156e-01,3.448763942059447918e-01,1.532135994964310410e-01
2.687481814810709357e-01,9.236879483124920132e-01,9.035729717930156557e-01,7.589302744868908768e-01,3.032442670684849517e-01,8.949850480720726864e-01,4.865406876071559639e-01,1.532450437990404701e-01
2.024660590981936514e-01,7.863703516871266563e-01,9.220494633827097664e-01,8.415388733273300170e-01,3.141490284845907532e-01,5.361890578693686571e-01,3.334106809483370348e-01,1.535593100313933368e-01
2.278097296427147866e-01,4.026022757693140108e-01,4.921367872531799970e-01,9.129790410550479018e-01,3.359772751463643292e-01,8.127480720851527618e-01,5.164397465782922803e-01,1.511822435283537713e-01
2.505968771272358842e-01,4.435686169923658273e-02,2.941069664167557107e-01,9.264490672852480069e-01,3.546133711355340390e-01,9.395045974746102369e-01,7.461877301694553877e-01,1.499749203609393455e-01
3.634171595777039299e-01,9.240850189991067776e-01,3.360564936708951844e-01,8.812906026568146922e-01,2.512514288204482082e-01,9.983988242307406669e-01,7.256214683993064130e-01,1.524737467339657149e-01
2.009591333584799522e-01,4.574055337573305069e-01,5.036684025011866073e-01,9.900522424311400949e-01,2.990351852858260107e-01,6.527179584358009379e-01,5.589520849435384298e-01,1.523142177526382590e-01
1.930316427378939159e-01,1.259687521498749074e-01,4.755435501017556410e-01,9.510668852121213490e-01,3.486349966353268770e-01,8.221755212433619064e-01,5.993595982908016540e-01,1.509317179548684551e-01
2.628410563994762472e-01,9.731475212125866303e-01,9.040091986507727828e-01,7.623523808623140496e-01,2.919413784927748501e-01,7.324087644346863879e-01,6.938331104022650297e-01,1.519918904500929813e-01
3.779875107530039635e-01,9.894272955962215566e-01,2.924965311506765864e-01,8.923337120134269274e-01,2.432971989548467218e-01,9.356513260741937676e-01,8.770456121661565074e-01,1.519189412654338711e-01
2.379710942734004075e-01,7.213573452306754064e-01,6.042872782318853275e-01,9.010926550098466992e-01,2.938035192623485448e-01,6.898608802405451490e-01,6.187615655458883479e-01,1.521664653654571375e-01
2.096163042175666624e-01,4.784753913278698700e-01,6.886983530093838679e-01,9.047800639278891222e-01,3.030499468392464091e-01,9.152654731946441302e-01,7.158562504575052277e-01,1.512499014098309114e-01
2.682227249421722526e-01,9.453614170619235590e-01,9.991093549898076853e-01,6.896262705124394099e-01,3.345652052275704391e-01,8.684136242451180321e-01,5.517305216143152391e-01,1.525995022547303737e-01
3.321460658346242489e-01,5.563051843579620570e-01,1.250632185835752752e-01,9.948732128344395242e-01,2.783164806792192136e-01,8.374345269203915532e-01,7.915662791778290686e-01,1.502142789110567644e-01
2.564813887745025500e-01,8.262520685177707769e-01,7.073659181335212320e-01,8.407249693744656138e-01,3.024002722382221342e-01,8.458625392179148772e-01,4.979381327416687597e-01,1.520522315756483722e-01
2.324658798090192269e-01,6.315573664207660975e-01,5.633933853425624472e-01,9.239598378788822508e-01,3.008410918109984400e-01,7.003239334138620098e-01,5.284800555781888898e-01,1.517466028742335271e-01
2.671284627888572127e-01,8.554721804817388975e-01,7.523968302144641296e-01,8.285741239428140448e-01,3.344305671088136922e-01,9.683863260081132518e-01,1.072844299625701492e-01,1.530190004079936272e-01
2.518880161880983071e-01,5.023162446509672474e-01,3.401361483012119158e-01,9.940042705649183574e-01,2.824612052248507976e-01,7.500720471221393737e-01,7.095581216487480969e-01,1.512933003873438431e-01
2.459795154727506816e-01,5.121451722563932218e-01,4.370626310133587933e-01,9.493184966516204915e-01,2.995901385248091464e-01,8.335028025757325043e-01,5.908469451954506679e-01,1.512129873142163683e-01
2.077745514954283113e-01,7.707730615853907175e-01,9.577063997789559968e-01,8.332646443057033503e-01,3.039722103791107632e-01,6.467998950369242550e-01,5.950702312530234961e-01,1.524288814818816340e-01
3.021215327996473188e-01,8.426538543356615341e-01,3.936317016183147888e-01,8.682398850654958755e-01,2.930284186584198314e-01,6.229053045856028925e-01,5.624662067676735600e-01,1.527688356541704873e-01
4.457829935796963072e-01,7.166970674550275922e-01,4.587787705953172424e-02,9.113060200972693536e-01,2.841274296606894900e-01,9.978601363639607591e-01,8.761655892580031413e-01,1.506840025616438539e-01
3.104699772565732152e-01,1.617111988031220693e-01,1.751704834274537825e-01,9.031855742831103040e-01,3.320963747478776207e-01,9.077163635149951837e-01,8.963553651060298666e-01,1.495605069152693423e-01
2.267001916849440135e-01,9.110392380504500620e-01,8.700987938100575025e-01,8.594570561715073609e-01,2.850589303027083465e-01,5.788681106778698071e-01,6.469854747343232182e-01,1.519197372199504181e-01
2.563143026413021719e-01,8.751330501197446265e-01,7.721135204872573432e-01,8.173846682950133280e-01,2.793687902688520852e-01,7.507351121984884301e-01,6.532107074743391806e-01,1.524623783793868370e-01
3.109571310308959502e-01,3.207433320429987633e-01,2.198227086379374584e-01,9.125509014759364268e-01,3.281741795289437880e-01,9.759113570129258619e-01,6.402585425639806260e-01,1.509227787421417444e-01
3.374630021883116560e-01,5.455043351702539844e-01,1.137883382914710584e-01,9.872434151117120971e-01,2.623964042485145698e-01,8.933306130424130131e-01,8.565194214968467890e-01,1.495149554210914722e-01
2.456194959987670623e-01,5.277363035048996398e-01,3.903235769068627015e-01,9.406377315273983797e-01,2.926633902737952875e-01,7.227265280060423125e-01,4.252995140475171465e-01,1.530542529571683186e-01
3.069362889120352822e-01,7.327650942134549261e-01,2.567915141309347060e-01,9.428776510053954452e-01,2.818910809169128395e-01,6.910069406147126836e-01,6.259985656444368995e-01,1.520274466880731090e-01
2.243191588138465919e-01,5.897574669325049701e-01,5.557398447231376437e-01,9.271964113981940869e-01,2.827716799449410678e-01,6.987524362480349582e-01,6.666916277141822222e-01,1.515909927719741035e-01
2.000636760806033809e-01,2.777466429256716385e-01,5.564752741357614774e-01,9.386999579702420826e-01,3.291813324444928801e-01,8.300043066891232835e-01,7.029928830065028666e-01,1.505427806695569526e-01
3.445187639348715192e-01,4.522244064612358505e-01,1.279572211887178845e-01,9.664084805696074865e-01,2.778741429510299121e-01,9.593099100860240647e-01,9.840514988947079988e-01,1.489482247679170535e-01
2.553998307766067732e-01,7.272705491971898084e-01,5.125385929199041124e-01,9.538153616912173893e-01,2.780025832552625031e-01,8.243113151724877907e-01,4.374256772050594266e-01,1.524586730261956458e-01
1.900859214202533509e-01,2.563692463197707605e-01,6.623702449503944267e-01,9.110675874427160981e-01,3.378073647996900908e-01,9.592423234061016046e-01,4.989132325856536210e-01,1.518790400090323511e-01
3.107682720794261444e-01,9.550588878466627074e-01,7.977194147287788306e-01,6.920334532958956064e-01,3.414778554708780001e-01,9.522033305857851015e-01,4.707691368989522229e-01,1.524537911145049662e-01
2.442349468056273509e-01,6.993147784036669590e-01,5.991668684795057320e-01,9.004055352245652344e-01,2.850121981535540527e-01,8.087687692143560314e-01,7.557837702415657333e-01,1.504753351714021026e-01
2.351446986087616375e-01,6.490902921597626607e-01,5.036240199940603679e-01,9.836094565021250569e-01,2.589988532454094994e-01,7.661660645034894523e-01,8.309471190275771191e-01,1.507049829063706048e-01
2.976592614356897704e-01,6.376062127596722195e-01,4.627920658252213104e-01,8.325773358989525530e-01,3.231593858807661479e-01,9.296680314174474713e-01,2.957594824985383952e-01,1.531524558200226260e-01
3.844395100256953191e-01,9.637622379167187781e-01,1.846023358420251226e-01,9.081078538451961002e-01,2.646440119215471842e-01,7.738625154903892023e-01,7.739978142689072360e-01,1.522276694429719468e-01
3.589693026168033763e-01,8.273637120346377660e-01,1.955442365086282885e-01,8.930336932664683092e-01,2.790761810834045953e-01,7.178677239346598071e-01,6.953714682811791281e-01,1.525140023869698824e-01
2.004122054251245844e-01,2.840443154271728998e-01,6.045040705454207686e-01,8.944565254394420961e-01,3.358626835252137011e-01,8.495937929652201959e-01,6.999918823775237442e-01,1.507564174670562307e-01
3.046448540090959112e-01,3.582789462671370218e-01,1.911775523823771583e-01,9.158019564885112596e-01,3.044815115732780741e-01,7.946253380759074059e-01,8.631781105871899618e-01,1.505008548343910180e-01
2.594073914667200942e-01,9.568768415886390599e-01,7.346505913186875958e-01,8.146224191981411566e-01,3.064608923090978987e-01,6.575767501086875466e-01,3.282428014049738052e-01,1.532441171885540188e-01
2.759472617926363447e-01,8.908987549761220315e-01,3.768540284122472439e-01,9.862719187863263626e-01,2.170308908212280341e-01,6.574766809781644739e-01,8.223031291396394327e-01,1.510910632160965827e-01
3.311126068110057385e-01,1.372811429840474773e-01,8.737583760648487408e-02,9.215406757112031277e-01,3.254322288327988200e-01,9.411554087574455219e-01,8.315659810226301296e-01,1.489875497505450119e-01
2.561558281669532033e-01,4.104900698184376084e-01,4.474261217920222355e-01,9.101396695326082753e-01,3.199866623007820987e-01,9.446135458130937579e-01,5.226276280411058517e-01,1.521688560619975095e-01
3.054692497434638998e-01,8.132695125061905062e-01,5.424270216634942132e-01,8.459385875249305631e-01,2.751532287774089980e-01,9.817752026788828523e-01,7.826644842461643048e-01,1.509305021310472505e-01
4.410208448238017165e-01,4.367673207090474463e-01,8.386285693843198441e-03,8.563082392845289270e-01,3.375417028059534141e-01,9.981198263183806985e-01,8.114065928218500146e-01,1.502439540732273815e-01
2.650706035015756856e-01,8.110598399000643610e-01,5.336900035334962711e-01,8.661312615821681327e-01,3.155465021229791334e-01,6.294319958881378074e-01,4.606558894909202895e-01,1.522521872014687971e-01
2.238929214639124310e-01,6.831381324881947714e-01,7.397153383840319174e-01,9.076239396902433532e-01,2.847787371854665350e-01,8.408667851093768464e-01,8.195526392894485479e-01,1.499719839718600956e-01
2.341117077640654520e-01,2.905470722025342845e-01,3.920230108271637315e-01,8.969541261383588981e-01,3.431875549077029741e-01,7.158258089318232376e-01,6.043574837993784810e-01,1.518115843965806566e-01
2.280947791930467705e-01,1.524563334795919767e-01,2.512980118622955561e-01,9.722148832359759352e-01,3.486907352708573660e-01,7.284338914027232992e-01,6.280184637007397708e-01,1.501781062603102790e-01
3.461790401746232537e-01,8.833934517574861811e-01,3.845017335681766846e-01,8.245185382297818277e-01,2.950390092027165290e-01,7.961761423491998668e-01,6.943527781708688229e-01,1.527275145427941794e-01
4.096820547570645399e-01,9.095752266911012462e-01,2.337115720790654549e-01,8.632726736303386605e-01,2.695693550882328759e-01,9.974873621411408653e-01,8.597118698952639360e-01,1.520774414451790957e-01
2.031124618184149688e-01,8.130728288693989114e-03,2.591472778067311911e-01,9.690026069771126016e-01,3.794831952200776737e-01,5.968690106854236399e-01,6.526606669429776408e-01,1.504821244665682234e-01
2.153952440786661704e-01,1.878919886973348663e-01,5.139397620596246608e-01,9.225161348090987756e-01,3.542474494123813433e-01,9.993192327904214523e-01,3.704843759623634436e-01,1.518025022119669776e-01
3.556334840797198416e-01,2.346824393989840885e-01,1.168152301993313213e-01,9.055103927541693354e-01,3.122856953987467876e-01,9.914336089172411937e-01,9.153831984877512928e-01,1.497286361342030081e-01
2.069447293063392812e-01,7.192908965202491345e-01,6.836729294382062339e-01,9.518858305421601385e-01,2.928370170408609585e-01,6.693227651897379893e-01,3.774972125012167057e-01,1.521597940063411925e-01
2.322597823128249306e-01,2.119335316488101806e-01,1.352083992060582052e-01,9.917447029066824848e-01,3.451128666468800676e-01,4.842830688839214193e-01,7.300904510990544605e-01,1.505722587302984750e-01
2.117152256039004088e-01,4.054000339436369948e-01,6.388886328879739285e-01,8.638587172359051269e-01,3.583126074136344097e-01,8.415987375297424578e-01,2.217711325004065315e-01,1.527257989068224742e-01
2.809831033347844897e-01,4.979981622384715423e-01,4.583933652495686961e-01,8.674741941132704248e-01,3.084506858238902915e-01,9.855830575829691576e-01,8.813212084411792269e-01,1.501158252827489437e-01
3.066476776862092635e-01,9.675981885436775176e-01,7.006859698277370097e-01,7.432166872971522897e-01,3.229204879828696528e-01,9.328628358817195876e-01,4.420115612990757059e-01,1.524370692235647862e-01
2.696630613108312868e-01,6.576966776768889966e-01,3.785370589337286318e-01,9.522609757370754657e-01,2.923815370449622808e-01,7.876057856116380762e-01,4.919179620948134768e-01,1.519252117342864139e-01
2.407155668455414343e-01,4.514750211985426587e-01,3.876380030105824326e-01,9.086404712229132485e-01,3.143309159808735376e-01,6.337610573327067121e-01,7.360873238341919533e-01,1.514667762303041620e-01
2.968567772603002974e-01,9.014724807233575055e-01,4.255183303963646635e-01,9.638563574153793390e-01,2.244981929700953227e-01,7.898272423688125210e-01,9.885023152020426807e-01,1.501677270119967378e-01
2.710548366696381439e-01,8.921479399672993527e-01,4.323648054458251733e-01,9.256555122299114924e-01,2.563679119948288343e-01,5.765096498763253585e-01,6.138631872311592907e-01,1.523480955377354840e-01
2.195059657607163484e-01,6.692037775587519333e-01,6.220927569928296208e-01,9.429144756563034857e-01,2.675986742272232766e-01,6.730205489455068912e-01,6.077933449362757923e-01,1.525134793337976913e-01
2.769404976043564059e-01,8.846700936390693437e-01,5.459490911354664133e-01,8.851086562900051247e-01,2.576242234331097003e-01,7.573604010367548378e-01,5.454542627547809275e-01,1.530708748985680490e-01
2.267707358004744655e-01,5.057662796356503510e-01,7.415423504583102954e-01,8.141952616996458447e-01,3.484039093553453204e-01,8.944745968503384770e-01,5.861132879222082925e-01,1.514326163953231552e-01
1.762818101113096114e-01,3.853212823670296716e-01,7.416977771535880892e-01,8.918687582562828675e-01,3.285491156579335992e-01,7.595959306727916305e-01,5.018072181516475272e-01,1.521707733968706566e-01
1.544482797626690884e-01,2.596852301746790381e-01,7.782669373580468619e-01,9.438859974783214701e-01,3.250749746104982796e-01,8.272956695286369788e-01,6.970800073259975083e-01,1.512178536980848254e-01
2.867352615591510778e-01,6.327972731258700856e-01,4.082035033284895920e-01,9.510663646697899987e-01,2.590568410857230774e-01,9.719545830011757648e-01,6.747965136520230889e-01,1.519892646691538007e-01
2.001900336714059481e-01,5.025899589144837698e-01,5.293102361406160083e-01,9.660807752342466248e-01,3.013961868599939198e-01,6.334008772375026020e-01,4.629268522179844636e-01,1.524027209331051125e-01
3.429451946078718727e-01,7.656313089223498736e-01,2.689650352206862660e-01,9.279191396682525683e-01,2.370527312093495542e-01,9.360904898085827819e-01,9.677264960589146980e-01,1.508033609410619758e-01
2.554783247120228085e-01,8.890637612737539719e-01,9.487411517639199321e-01,7.763595473080824316e-01,3.100005728116888015e-01,9.153798617987348729e-01,5.092053531282226819e-01,1.528036731699614625e-01
3.562639393252394759e-01,8.671552498424621724e-01,1.942375422650033379e-01,9.698020986297115620e-01,2.284411929461749313e-01,8.209983587354415802e-01,9.904340628242047639e-01,1.503265793720234000e-01
2.519408462948692917e-01,5.874573830349929526e-01,5.291626782545589824e-01,8.677994167212275123e-01,3.081139726062661066e-01,7.945740321151534280e-01,3.855276567697748513e-01,1.535088085037216166e-01
4.262793809567337888e-01,7.081318569692466314e-01,5.267782441237162105e-02,9.214642102894329279e-01,2.775599596096066102e-01,9.846763780962273227e-01,8.717481904228820966e-01,1.509520713639177225e-01
3.724069786467562038e-01,9.667025217709708240e-01,3.341986755212883464e-01,8.530462174342346993e-01,2.307529592139057617e-01,9.347941499824000688e-01,9.845275354945237645e-01,1.517663432789204125e-01
2.575625036474991081e-01,9.803994139668523733e-01,9.758861346409748450e-01,7.093141448228537094e-01,3.500440216875916333e-01,5.276664231972505448e-01,2.692036410166929739e-01,1.537029237378909896e-01
2.626697393534443981e-01,4.685238347943609383e-01,3.061607517858383476e-01,9.604099429179037140e-01,2.702871268284285922e-01,7.867324954406713644e-01,8.613233943311419116e-01,1.502747801743627432e-01
2.884562192757842425e-01,7.973831068527149624e-01,5.478026266769638886e-01,8.625752708516419842e-01,2.693524540523674626e-01,9.603496814836505191e-01,6.405456338454699194e-01,1.521541930180456692e-01
2.552351212507433242e-01,1.659229876305717832e-01,1.272717941615953974e-01,9.805668284175671490e-01,3.669163451443602786e-01,6.439815964905970525e-01,4.926490186045130448e-01,1.507946268468687567e-01
2.641898379034128275e-01,8.014103029223884622e-01,5.921647135649201754e-01,9.436827712255901890e-01,2.553069516775288705e-01,8.886515742631931891e-01,7.760658365747923337e-01,1.511683235681145765e-01
2.492232725423952355e-01,9.100389731325586595e-01,8.758014109110332512e-01,7.452607977797238714e-01,3.436030004298023521e-01,5.938860964907107798e-01,7.333743791390051614e-02,1.542977685713963765e-01
3.917174222234758307e-01,9.033231471610905228e-01,1.923595193591819963e-01,8.972353332091468348e-01,2.564913138361861744e-01,9.062733199367287718e-01,9.761211391922763880e-01,1.507993308791195086e-01
2.586887869595057010e-01,6.319284783155892926e-01,4.256222444402594784e-01,9.170196403854105061e-01,3.093462566451171680e-01,7.483678168430615285e-01,3.429577981856800628e-01,1.529012381620794281e-01
2.690949729077620756e-01,7.551542187499349357e-01,5.564020879441299305e-01,9.340015247609657623e-01,2.609043585092644113e-01,9.890064236476432402e-01,6.291571746501607443e-01,1.514256187687466892e-01
1.895388165834160921e-01,6.345446560385848978e-01,7.184108714276227214e-01,9.313682091075622393e-01,3.025812894863246783e-01,5.106740204899981039e-01,6.463419205029278247e-01,1.517260572714274891e-01
2.362055052416196510e-01,5.952951757747441119e-01,5.249976645426708277e-01,9.043743838817065450e-01,3.215576916536473928e-01,7.592880758142956932e-01,3.007666350872895134e-01,1.522870587221402117e-01
3.675990865321593914e-01,5.137370115390801351e-01,5.203793956981578317e-02,9.568843457693617660e-01,2.612646130854568982e-01,9.032693000134874861e-01,9.274333406449497552e-01,1.494262708292846686e-01
2.785891510365854362e-01,8.462302372129150152e-01,5.718424285521842565e-01,8.300966513147800541e-01,3.057615461291608994e-01,7.038219285825860760e-01,4.848992010557459098e-01,1.522782027831581508e-01
2.439403053237658991e-01,7.675371695566701735e-01,8.280706035567032552e-01,7.712481227682537188e-01,3.527883460449607878e-01,7.499144846832590527e-01,1.083712338694177157e-01,1.537320341166334148e-01
2.721068493353339668e-01,9.516333873296933810e-01,6.936227716646302666e-01,8.843170771588917400e-01,2.591929803264434451e-01,9.514089982595940187e-01,4.915427419368393891e-01,1.522175685907500020e-01
3.708052511594157052e-01,5.812501583243753212e-01,1.134130153266743601e-03,9.655962899388215170e-01,2.815910830631488948e-01,7.460985223512828224e-01,8.224151660024204835e-01,1.504875681851953195e-01
3.858964511720126001e-01,9.579527004669554646e-01,2.567288728765046435e-01,9.003352940214665034e-01,2.730465903705123210e-01,9.636387692176067166e-01,6.874109052292345368e-01,1.523626802739120878e-01
2.578753022622254365e-01,4.561788177546988177e-01,4.594351956156191852e-01,9.049797159932461144e-01,3.045770085422359608e-01,9.407865717147945173e-01,6.964103439425954889e-01,1.512080950775992194e-01
3.476022701990034713e-01,5.724081065374961863e-01,2.015472036852336002e-01,9.313267548722912181e-01,2.941656899529685454e-01,9.900056734778420742e-01,7.031900014473283500e-01,1.511749392487070076e-01
2.522841214507050012e-01,9.149103638276865347e-01,9.533980226030633887e-01,7.180837519240026445e-01,3.519247738915358137e-01,6.506820994767721356e-01,1.289314688374707529e-01,1.537997537881540255e-01
3.780571708595962255e-01,3.736999673684266443e-01,7.633203098565433109e-02,9.101064679313889405e-01,3.151917296788558920e-01,9.968764123502545926e-01,8.510948728066896063e-01,1.493366950576764662e-01
3.867137296416620629e-01,9.825442645923077034e-01,3.443055866478081373e-01,8.341198789747633624e-01,3.085742026873452004e-01,9.433785459069439217e-01,6.346476122877774406e-01,1.519019533510766740e-01
1.848416790951490363e-01,3.274420829757139217e-01,7.429734174385256296e-01,9.239647888733982795e-01,3.087258188614551702e-01,9.284801140906854267e-01,9.094439331693866535e-01,1.497014373317076819e-01
3.486057815233703505e-01,9.829162343343282870e-01,3.389819412444246005e-01,9.294228862268283375e-01,2.278373080221776648e-01,8.980414865753543197e-01,8.689806393437635723e-01,1.515828441273044391e-01
3.678574407448172434e-01,5.895140726198404568e-01,4.751413568418405564e-03,9.754138815025689135e-01,2.600998153382068634e-01,7.537661055238429331e-01,9.027580776527890372e-01,1.504544035989344164e-01
1.951650386411340476e-01,6.188163666560737575e-01,7.743942573447869515e-01,8.622341994207922689e-01,3.402952757274469997e-01,6.021077154757237260e-01,2.680473830075948416e-01,1.528662464916298314e-01
2.042968262995326079e-01,1.756287457526704010e-01,4.259628832024134892e-01,9.745779550298527827e-01,3.254856002142589300e-01,7.849324097682617296e-01,9.182079445249446970e-01,1.494978243587523070e-01
1.929979856293127516e-01,6.730923464865896655e-01,8.752044148408834046e-01,8.305217470877314101e-01,3.297330511920610330e-01,4.773381057796916016e-01,5.352441480145755381e-01,1.523507686001151773e-01
3.052096496479299037e-01,7.695279874688512045e-01,4.495120439508796251e-01,9.064188632700984627e-01,2.865072244349345931e-01,9.789518289629409731e-01,4.765422119954735303e-01,1.526170695434537206e-01
2.706974010921615603e-01,8.747227722767370039e-02,2.533570639852643636e-01,9.004366251793098908e-01,3.684942104869037838e-01,9.264992837035005424e-01,3.822962758991951815e-01,1.514461275831454623e-01
3.912022386361447834e-01,9.755450605126614327e-01,1.923813130953434536e-01,9.181512397503822642e-01,2.649288409660773835e-01,8.638929149940469676e-01,8.681757098146800633e-01,1.508519136679033479e-01
2.345900968007436638e-01,7.745252758203532428e-01,9.798057904858732403e-01,6.978787112309624563e-01,3.646521097179485915e-01,6.870818674024251616e-01,1.395787761644820546e-01,1.542909998012232109e-01
2.522611623350337062e-01,6.343205606990992562e-01,5.401921251283863246e-01,9.077452028059010969e-01,3.029984621101969866e-01,8.144147516631796702e-01,4.245925426518475376e-01,1.527168441612360705e-01
2.987381079475652235e-01,7.288522492290151478e-01,3.615043949187944916e-01,8.971950896766346384e-01,2.959848932563164392e-01,7.425278051406667412e-01,5.758563843029820273e-01,1.521625619342562852e-01
3.582720721587855928e-01,7.506367385695180694e-01,3.352808100643458467e-01,8.130497660159745621e-01,3.266743724997163700e-01,9.377626327442970533e-01,6.350832642494584901e-01,1.516886409603117603e-01
3.450185762643218634e-01,4.336198420112735152e-01,7.989688794421823115e-02,9.139461320522264121e-01,3.217052692558622917e-01,7.270868245288971687e-01,6.905577210456413928e-01,1.513202863842202650e-01
3.612576912441968213e-01,9.668706634154276003e-01,2.415214486289404272e-01,9.690302724689141556e-01,2.399215351496303272e-01,9.058729394630417042e-01,7.568687692269301381e-01,1.513413177569038481e-01
3.423033934475530060e-01,5.836859865637318290e-01,9.459092827557114003e-02,9.776484891338235172e-01,2.570758263128420928e-01,7.776220193141319958e-01,8.771984463232114226e-01,1.511295258434593447e-01
2.499610913296446690e-01,4.130908181810312163e-01,4.685360664017392818e-01,9.570444185468864884e-01,2.819396120389179305e-01,9.992816596656566297e-01,9.316688848507563847e-01,1.496812241321837378e-01
2.236529700722693637e-01,6.034077141174355452e-01,7.319493079583578865e-01,8.480544681473628499e-01,3.045056033903671966e-01,8.406319526022242306e-01,6.655119026512928970e-01,1.517880143287165251e-01
2.458797776387991463e-01,9.591599905985717101e-01,8.075670124184036736e-01,8.458643062050827943e-01,2.966511990940725596e-01,6.863838809398927765e-01,4.307123765855115360e-01,1.525955609044299666e-01
3.053241907906249497e-01,9.290502103647875209e-01,5.101975266485276883e-01,9.258819699787468327e-01,2.374188297284287874e-01,9.693459631791848663e-01,6.295777553448604902e-01,1.520460119118512698e-01
2.287866576124818196e-01,4.950860184751467719e-01,5.347929815320184854e-01,9.431021562531032298e-01,3.011000634280449617e-01,8.617257997433682704e-01,5.751658721449994793e-01,1.516610247558243252e-01
3.019156066117467119e-01,9.647227431270164466e-01,5.437655767672234797e-01,9.116424234377278335e-01,2.437720494450320019e-01,9.385617952095982597e-01,9.234545728326271075e-01,1.498357229028263460e-01
2.736969274956384535e-01,5.263915812903303681e-01,4.564070832577916681e-01,8.969348750555703464e-01,2.914361190927888257e-01,9.000971954674144015e-01,7.608478455102016813e-01,1.515746309554373283e-01
2.409857323824431963e-01,7.127817108878699015e-01,7.722681516498590693e-01,8.130128715815473361e-01,3.029398446958662672e-01,7.794617002936854444e-01,6.155032605485591946e-01,1.525762333955377748e-01
2.822058875700111380e-01,9.093166295124134324e-01,5.564642639056219808e-01,9.253561254444602202e-01,2.793832014569260780e-01,9.379332095691930160e-01,3.971020840997676604e-01,1.518457201182345784e-01
2.265954264111296468e-01,7.360542004133068250e-01,8.760412512260069562e-01,7.709563575191730189e-01,3.328025908237386976e-01,6.445401605192546679e-01,4.376343267972910844e-01,1.528197418006406183e-01
4.879252430632837756e-01,6.973843294042393337e-01,2.315161858121117522e-02,7.920904420848768890e-01,3.418050486197232729e-01,9.771994895620884636e-01,8.169718787943972549e-01,1.512065964128985474e-01
2.901855963111474312e-01,9.040970121205238463e-01,7.262129523423246358e-01,7.744763684056886754e-01,3.088680557800944637e-01,9.256492118521788548e-01,5.572725615724386516e-01,1.517059557886792087e-01
2.709697150494915219e-01,3.260062090229948195e-01,2.033146402054858415e-01,9.469886659840309751e-01,3.287458563031100955e-01,6.784840806302774308e-01,7.805027440002830774e-01,1.501720641805786016e-01
2.213557069504472341e-01,5.859065590696284076e-01,5.687838378274244766e-01,9.779252688117262560e-01,2.495287250219637709e-01,7.752190025557778030e-01,8.674658903557754819e-01,1.510787914752892147e-01
2.597813608153713427e-01,7.479728365484289432e-01,5.874734266010692707e-01,8.287950420837812970e-01,3.268975037748364509e-01,6.772172699472065460e-01,1.905888725299411113e-01,1.536359039298356155e-01
2.196766063214354581e-01,5.762825624106294731e-01,5.934473022672877018e-01,9.983591503568721715e-01,2.617391584798008930e-01,9.405101201817813728e-01,6.099730500471028938e-01,1.516715877375705013e-01
3.219656799331939157e-01,2.706227402993936493e-01,7.213716511706791401e-02,9.974322040237091347e-01,3.053055792054433226e-01,9.421160899000400324e-01,6.090407949214036165e-01,1.499335986779803398e-01
3.155495053895167046e-01,7.707882736835883764e-01,3.336989325877172119e-01,9.370463697913919976e-01,2.854770671746629795e-01,8.945751508065468149e-01,4.851866437146343802e-01,1.520749479129673842e-01
4.122339579983190783e-01,8.711268109663230508e-01,1.689194247387023617e-01,8.345846775434547782e-01,2.828042243849794302e-01,8.541839733495154574e-01,9.190756057187914330e-01,1.514916325868104208e-01
2.267388741052288881e-01,5.508251692394208199e-01,6.246770229713913825e-01,8.856786099048286065e-01,3.171536414177246188e-01,8.165667084360777039e-01,5.479328477172261680e-01,1.512521591426115586e-01
2.981983864776512894e-01,4.508999246977558051e-01,4.124395936718487365e-01,8.279066742126958145e-01,3.411746097722416216e-01,9.818169101221465578e-01,6.521249773543681405e-01,1.515013780359160678e-01
2.472648513734812536e-01,7.337420692119637211e-01,6.355539715169455928e-01,8.936296096410449863e-01,3.033827394243147624e-01,8.829228693222458402e-01,3.459124824270466414e-01,1.520480416917997790e-01
2.558261989653327628e-01,8.114944723494001977e-01,7.349783284758140134e-01,8.415504561438119646e-01,2.886021774882474578e-01,8.460846424614552053e-01,4.958406958952910615e-01,1.532444572242867842e-01
2.760070646301677200e-01,8.798191180610965834e-01,5.183796069041237686e-01,9.098083852337589539e-01,2.575992474032772761e-01,7.661624814792548088e-01,6.777241152574764449e-01,1.521792948365178477e-01
2.622645729150286931e-01,7.901469647695031906e-01,5.064012240361535078e-01,9.581755809309699945e-01,2.669457780094456334e-01,8.620459797933121004e-01,3.148161328489810229e-01,1.530514631374254031e-01
3.733737670922303575e-01,2.943063028017594562e-01,1.395864979783907334e-01,8.295748574725431146e-01,3.552645831155568645e-01,9.848374232083541013e-01,6.948207252058390404e-01,1.505366197924920268e-01
3.083464637987757273e-01,7.238578604828069807e-01,3.533862763997290823e-01,9.111640646999458193e-01,2.496907076694781791e-01,8.887390768356859816e-01,7.889466744284553412e-01,1.518527218757591557e-01
3.119184046473262306e-01,9.816912908416532968e-01,7.483315393299666551e-01,7.205437936892342687e-01,3.570349167653439348e-01,9.585947968397916519e-01,1.406894935523890222e-01,1.530893963512224842e-01
2.855057073488707076e-01,3.399525937716170731e-01,2.474465967943107747e-01,9.464966552683951040e-01,3.162730699174421400e-01,9.383962997858159572e-01,6.110227202476142816e-01,1.506516190366966046e-01
3.128611788901868862e-01,7.779362561411079513e-01,4.675765163511935718e-01,8.427647136128827432e-01,3.125435376571855106e-01,9.391998686138455232e-01,5.885263538787648407e-01,1.518382107350509935e-01
2.183022635170899228e-01,2.401493212964470048e-01,3.458241736060966298e-01,9.880907610980168565e-01,3.197699578381321683e-01,7.714405110296908008e-01,6.103144923621108831e-01,1.508311869738783173e-01
2.761731441605361770e-01,9.802451701488980040e-01,9.732597069580803950e-01,6.697642430986792128e-01,3.552962248554570879e-01,7.401286407807726730e-01,2.762463630283096272e-01,1.533208645352180932e-01
3.481566418518767247e-01,7.616653683681480214e-01,1.107321707001075461e-01,9.747389357290431322e-01,2.354436712284157518e-01,7.299048358186089880e-01,8.787894924288737197e-01,1.514666779905111671e-01
2.423561627002240593e-01,8.692747695984437417e-01,6.672707887583704256e-01,8.897829843848821252e-01,2.900776483211032208e-01,6.920404786641850547e-01,1.905174506026400816e-01,1.535098953900005392e-01
3.255729031232109660e-01,8.587318509350316820e-01,4.863428327089420189e-01,8.290902704923038824e-01,2.948811376215789148e-01,9.012392205907833187e-01,5.649318452570130100e-01,1.526557373165486065e-01
2.535495051811111900e-01,9.180026537897867378e-01,7.880520550873441055e-01,8.790793542066073218e-01,2.510787733754094586e-01,9.219371645966727424e-01,6.331478493366279325e-01,1.519587990297834590e-01
4.278669846641244834e-01,9.265751713677088386e-01,1.628280571061385129e-01,8.581370095891139860e-01,2.861812008104038796e-01,9.211725291886944111e-01,7.431710994464432174e-01,1.528595187831216506e-01
2.390827431454077556e-01,9.471503300987604845e-02,2.545807012349717846e-01,9.794435442899497302e-01,3.372985490733225178e-01,8.519086817673862111e-01,7.390257326097811053e-01,1.500998561581561030e-01
3.606656685437763521e-01,9.796303758785246396e-01,3.438566497663989585e-01,9.138255189480649632e-01,2.135836297210814139e-01,9.396588211384397926e-01,9.985888639336836237e-01,1.509310567223421662e-01
3.610341353425819411e-01,8.500507448550622680e-01,2.044575577681568279e-01,9.601120225514895301e-01,2.581260161612187742e-01,9.129535240946518027e-01,8.281431925649525017e-01,1.507394727093886166e-01
2.937936083894468475e-01,6.800725169307171303e-01,4.276415211057268406e-01,8.874091904730482261e-01,2.828861221653803937e-01,9.118666333439161553e-01,7.324527638578405275e-01,1.508894575778222946e-01
2.408800369001820318e-01,8.247412738461743498e-01,8.120684369526991464e-01,7.847992073643127453e-01,3.255002560921129717e-01,6.133858660071802582e-01,3.236196253324726269e-01,1.533995606801374645e-01
2.935877823274478660e-01,6.498160145610266669e-01,4.241669103661915852e-01,8.448035023621669470e-01,3.284857210290766938e-01,8.347228220063962478e-01,2.482625503592902627e-01,1.534346913012401559e-01
3.048513095410669282e-01,4.620634401972805172e-01,1.685623558107890441e-01,9.412747189796859537e-01,2.838608100826728875e-01,7.292114510793527016e-01,8.697507581457266657e-01,1.501752986537933099e-01
2.410921962797444862e-01,6.228797922203114235e-01,5.969363513823560119e-01,8.679896954739364512e-01,3.187180981354452158e-01,8.118971612117736880e-01,5.359173939771999517e-01,1.516874886428033198e-01
2.649394147017669621e-01,6.219369446937755841e-01,5.881875553914914789e-01,8.647117984343528629e-01,2.894726495761058005e-01,9.835063148108443842e-01,7.766988057709327542e-01,1.515641327406083705e-01
3.117146016303867229e-01,8.779961266105544837e-01,4.397582825103198978e-01,9.249021405851829414e-01,2.523427677706971961e-01,8.843677854438438679e-01,6.849361971377081471e-01,1.525052565310613673e-01
2.642764750297180165e-01,6.716288151158742448e-01,6.413723570745647473e-01,8.108174952205531305e-01,3.078880589059628803e-01,8.976570474215382900e-01,6.396458498399349990e-01,1.515545372385085909e-01
2.898283554030462450e-01,9.785361561779877260e-01,7.885379362711048001e-01,7.674004778704298646e-01,3.285354721901290187e-01,8.612967181382863435e-01,4.330819551583666716e-01,1.519312173922938436e-01
2.453004615974207492e-01,7.659710183294787811e-02,2.722523219451292720e-01,9.943419855046889966e-01,3.165262433241345374e-01,9.742973143369305644e-01,7.972630505944289236e-01,1.497528143051736482e-01
2.450129099060326943e-01,6.336760618143184587e-01,6.368596884163193472e-01,9.036259537883142290e-01,3.127658612812213579e-01,9.503651183894856747e-01,3.675570864813598182e-01,1.522214974679492738e-01
3.444946369951186749e-01,3.691121766592748710e-01,7.119812531245928167e-02,9.585015426712860664e-01,2.828534507351619376e-01,9.137371284735036348e-01,8.282208805580915101e-01,1.497936151634773061e-01
2.324841343799674276e-01,8.731082335533545402e-01,9.135877285946213400e-01,8.336432899906824900e-01,2.960087378552197501e-01,7.691319736237507421e-01,6.230356306918666265e-01,1.517314907168867411e-01
2.415288838388416626e-01,9.344810194352669575e-01,9.816402021050119053e-01,7.752299729614616774e-01,3.228751141782680301e-01,7.227293602095775649e-01,4.952229684225004092e-01,1.520892346448158849e-01
2.229654839810034650e-01,5.833801267916581823e-01,6.385881858506758935e-01,9.630722307250396685e-01,2.579892184490079066e-01,9.387276757019676898e-01,9.211544382437105716e-01,1.502435001298549899e-01
2.992877802083744321e-01,9.407707852918985036e-01,5.880353553459538585e-01,8.346971658066774102e-01,2.823730641225528082e-01,8.890449735131462639e-01,4.606583341051937452e-01,1.534619185120036366e-01
2.795074608143234274e-01,5.873129791538945765e-01,3.730489789475133211e-01,9.566304451885768723e-01,2.459922769710488066e-01,9.242563813390521910e-01,9.776258244641753414e-01,1.497961838044343519e-01
3.187412884862371176e-01,9.568855440242465260e-01,4.342535249582416546e-01,9.010735176912966216e-01,2.566926665640327232e-01,8.439260712990717117e-01,7.126980627159769099e-01,1.521542806843403650e-01
2.281311494375306559e-01,3.639640028408168693e-01,3.563994205533598802e-01,9.725633545272164282e-01,3.090275172917046342e-01,6.735247059679695392e-01,6.807988967182594386e-01,1.516568721320092628e-01
2.424058176947383736e-01,7.932685478550447478e-01,7.204489976279160324e-01,8.677622478267956740e-01,2.679035204883704613e-01,7.719471396856112388e-01,6.532119056448529859e-01,1.524974589178930973e-01
2.503730272074000118e-01,4.962793448344409164e-01,3.200177991267753597e-01,9.378748829270522336e-01,3.087955461497271514e-01,5.604149713868948890e-01,7.627345595678673984e-01,1.512342745583971637e-01
1.729098821613108128e-01,4.760640022517069192e-01,7.616515746553058630e-01,9.297638173074448398e-01,3.117106039542250073e-01,5.896675456691911066e-01,8.236722071827720093e-01,1.503964000190824157e-01
2.831794813876759020e-01,8.386864295592968421e-01,6.881839692418183496e-01,7.590073618935112565e-01,3.424989065940349242e-01,7.718291437975621783e-01,3.042190592611158650e-01,1.531576973845958367e-01
2.635311222193036373e-01,6.691530231315369059e-01,5.649407674811143254e-01,8.475670006615206864e-01,2.958353294656536070e-01,7.716532622729704860e-01,6.053468499628522625e-01,1.524989626456116076e-01
3.423656129089909239e-01,6.821763328817984640e-01,1.836815720938341223e-01,9.619506368106927052e-01,2.447842741663624477e-01,9.076240040295197042e-01,9.888101419435399997e-01,1.500558594043657767e-01
2.496271503532324632e-01,5.365708139186819992e-02,2.522520917803400820e-01,9.348550166294848918e-01,3.624296793251806093e-01,8.640959852533655061e-01,7.142504852736543119e-01,1.496074075427604733e-01
3.342196240074911118e-01,5.057914494408022321e-01,1.191920687372274856e-01,9.647609684824134391e-01,2.613879800269821030e-01,8.364877715532388347e-01,8.087058708620014080e-01,1.507097926236460605e-01
3.118076487698283050e-01,8.276755624657538002e-01,4.874904685199463739e-01,8.451153996750029318e-01,3.037169167648537949e-01,8.794450574150401989e-01,4.813288250581664318e-01,1.527849687845139748e-01
3.102694123567960038e-01,5.012590840970948536e-01,1.508980761963006345e-01,9.999451222307720322e-01,2.815753817917978075e-01,8.372703857805510186e-01,6.924380028175569635e-01,1.506043151934225999e-01
2.484125638569975036e-01,6.351958802472719157e-01,6.661567819055553841e-01,8.720014321327883566e-01,2.949492524367876567e-01,9.940672184999370664e-01,5.331096790975330402e-01,1.521318856280261811e-01
3.397048300660506781e-01,4.769693965834313487e-01,1.867813679442997810e-01,9.424118692660578001e-01,2.767857070360117966e-01,9.951321547425392433e-01,8.513422389915146216e-01,1.500253176729217652e-01
2.197507342411743614e-01,2.087397673116617725e-01,5.298835634280760765e-01,9.004021745228684148e-01,3.447095816538638946e-01,9.740491657719027030e-01,4.759286526029717912e-01,1.520831964429333327e-01
2.689691512704407428e-01,8.062689283979209698e-01,4.954295028754735486e-01,9.307763676067695169e-01,2.498231016100459501e-01,8.011284131732328007e-01,6.565278540663029849e-01,1.521653262211101199e-01
2.558764776289506604e-01,7.226719688649199114e-01,6.995641806759786974e-01,8.426325321712371252e-01,2.917959848584877891e-01,8.997467536527823384e-01,6.765795942004697583e-01,1.514603392605608501e-01
2.640066257583127962e-01,2.769074187759941741e-01,3.603776809117968938e-01,8.894413003466798973e-01,3.495480734131921619e-01,9.086669254170329779e-01,4.716991295127416772e-01,1.516629690176898582e-01
2.287232509694846205e-01,7.815237118543041372e-01,6.261633674727832277e-01,9.973050393145939108e-01,2.403371877102685183e-01,8.034375389554075930e-01,7.503965254649127559e-01,1.510143610688097215e-01
2.888058203355638454e-01,9.460527952111231764e-01,4.982628864778020916e-01,8.981748475182094182e-01,2.698643281760564339e-01,7.163223139353926960e-01,5.538197773500999066e-01,1.522326967175363921e-01
3.729191301254950464e-01,8.337436504193688203e-01,1.162914434424946464e-01,9.686221378681574290e-01,2.489103242328280230e-01,7.853987556231774025e-01,8.212825840333360938e-01,1.515980757065085727e-01
3.131886234373995603e-01,1.092866546292571295e-01,7.918478705994169697e-02,9.455004718604562708e-01,3.556571514408504164e-01,8.987034554353544591e-01,2.962456110929219122e-01,1.513053629827874336e-01
2.027133264368786714e-01,9.574038865917555707e-02,3.583786498876362914e-01,9.520933028612103000e-01,3.550677795356297906e-01,7.369565958934093386e-01,6.127864832083514957e-01,1.510092588518442414e-01
3.354771892762209440e-01,3.367744511984019917e-01,7.961619790026763788e-02,9.127133827436475499e-01,3.362757651189119401e-01,7.678049004281063405e-01,6.228614148698825570e-01,1.505983467961268807e-01
2.056878249277947213e-01,5.224476148798585795e-01,5.663136792425369492e-01,9.492261859563639881e-01,3.006172874092262748e-01,6.856532967882053020e-01,6.500197954675144274e-01,1.513954675487212131e-01
2.475247892853070786e-01,1.540443191218962005e-01,2.318905926733511313e-01,9.645287783776100854e-01,3.277081087488892264e-01,7.547863981804942002e-01,9.510378175439565540e-01,1.485790689125668085e-01
2.854248665078636393e-01,8.328655796574828685e-01,4.889872765759293860e-01,9.516267016788380051e-01,2.616222383428838949e-01,9.202356570862006979e-01,6.194203152838062554e-01,1.512584564961687861e-01
2.356762813972844151e-01,8.596687717914772708e-01,9.644316123610502389e-01,7.004792313320901131e-01,3.644417675445471017e-01,4.619180612971549582e-01,4.114340503088804168e-01,1.529354610054293462e-01
2.780606491494855836e-01,2.513436803475052050e-01,1.521760918964754072e-01,9.668125042264882341e-01,3.186564204831890401e-01,7.355687336475236204e-01,5.828273037200188966e-01,1.510889246667165842e-01
3.062440659618438366e-01,4.063003509123768175e-01,2.397599915912941582e-01,9.382943586174199435e-01,3.104314299864296411e-01,9.725056618292808874e-01,5.447589326328331483e-01,1.513591698984124434e-01
3.387527289524936425e-01,7.825067276993462606e-01,3.989482703174855316e-01,8.413532016007699843e-01,3.144179620406585274e-01,9.778219700850971918e-01,3.450380762756778963e-01,1.530429322350167765e-01
3.711182255939984853e-01,9.461956819315878731e-01,3.421180254267779386e-01,8.757346117244669825e-01,2.488002721291323882e-01,9.428501423744644061e-01,8.626950500218100171e-01,1.519858081053474808e-01
2.099208642941873815e-01,3.761826693058848425e-01,4.304999731711106059e-01,9.623341953331134846e-01,3.211225578812933468e-01,6.281131033956660614e-01,7.564388879729708748e-01,1.504000609735700600e-01
2.352272684529501667e-01,8.412671013309794832e-01,9.596710478245727982e-01,7.452427437247410857e-01,3.601581225345614201e-01,6.842074232633583719e-01,1.179870385145491696e-01,1.535382005565212316e-01
2.404708912219562511e-01,6.966009212588308852e-01,5.904457525004734864e-01,8.761320524606722726e-01,3.041102456898383544e-01,7.185946311687316790e-01,3.285999543452033933e-01,1.530902808176395347e-01
2.492226182968265147e-01,3.257689457435848923e-01,3.194153225436474619e-01,9.607548486545534061e-01,2.878343745988323210e-01,8.255184023190973441e-01,9.355358470463910336e-01,1.497458272053410477e-01
3.272339198901113022e-01,8.492699147514590763e-01,2.587680825917854643e-01,9.223792523612679428e-01,2.380661866407042804e-01,6.910349662785242320e-01,9.350412750949924634e-01,1.512677386095543364e-01
3.602676509860662235e-01,9.122149651956361627e-01,1.709550606541513362e-01,9.049288301481567265e-01,2.833792307124748944e-01,6.324567135755414515e-01,7.685994222318862645e-01,1.518021734074258278e-01
2.423101074986994674e-01,8.134610096066691165e-01,7.923417185550425401e-01,7.768165744930359828e-01,3.333968771075546123e-01,6.206277123475617552e-01,3.657319411892904215e-01,1.532103427535677354e-01
2.584558697536908367e-01,9.089669910887592241e-01,9.785032896494281207e-01,6.905491246633712610e-01,3.545491010900914675e-01,6.535617948616905259e-01,3.371880276977754498e-01,1.537457032214599728e-01
2.999168984950334460e-01,9.769682233238107250e-01,6.009763952016575761e-01,8.753920986530285830e-01,2.587875060190810150e-01,9.632548380154590806e-01,7.920406993903579274e-01,1.506905699258425657e-01
2.715018051180647096e-01,5.588834418603720877e-01,3.784293038679177323e-01,9.822286686151147084e-01,2.766841944268751963e-01,9.393435777156918798e-01,6.448652603685255391e-01,1.508657666449279566e-01
2.465105084964508420e-01,6.337872861515582157e-01,5.373746016290881222e-01,9.607953648373641631e-01,2.535787489336459033e-01,9.658690365978994663e-01,8.513899309529509019e-01,1.499842730242751387e-01
2.267426223869888902e-01,3.907704555449376116e-01,4.300371896823447782e-01,9.186530463889952536e-01,3.219003792724240420e-01,6.769467533621045252e-01,7.156284354668567271e-01,1.508325757471851991e-01
3.731562463837145294e-01,6.534570683464556717e-01,7.788272768962045678e-02,9.568608702753945705e-01,2.665677974386331806e-01,8.619657340892453723e-01,7.528796599451377247e-01,1.510884927628128871e-01
2.073044500682041380e-01,4.755755700739335290e-01,5.843720334340137823e-01,9.310060051471577003e-01,2.993855631437541964e-01,7.204944326324227433e-01,5.955917565425473681e-01,1.519409453597668491e-01
2.837953722266403078e-01,2.861811277747477456e-01,2.429027328834154620e-01,9.903889181961454957e-01,3.056150469379702028e-01,9.651937784513248131e-01,7.415689694244111951e-01,1.499856747833118176e-01
2.793466461006375856e-01,4.402189039343093468e-01,3.564771838754664524e-01,8.898130642543359281e-01,3.216067121480633562e-01,8.775656947400702901e-01,4.465230753910853778e-01,1.522102119841918788e-01
3.672316451914424684e-01,7.253085614795187208e-01,2.263052299779624299e-01,9.025271734317042993e-01,2.738605273875757695e-01,9.478436236235664447e-01,9.941512330229191896e-01,1.499868494184256607e-01
3.289510119594097337e-01,2.733714049610116992e-01,2.072129508566932232e-01,8.701961802587736550e-01,3.348510645320179613e-01,9.801911287787004046e-01,5.904348238850951613e-01,1.515455441217180843e-01
2.244905583341059163e-01,7.497570713256425101e-01,8.782075999096891072e-01,8.230010959011907490e-01,3.119247101574547099e-01,8.688409522087013892e-01,4.480324226195804282e-01,1.520444485526419032e-01
2.733190368018098004e-01,8.398570016729284271e-01,5.337514855152453164e-01,8.682779948707169959e-01,2.710185584906353862e-01,6.611362948474790446e-01,5.680935222344681845e-01,1.532205423490092810e-01
2.474836761624001347e-01,9.853668010121374721e-01,7.751308346728211784e-01,8.373589900089826177e-01,2.910075079651117114e-01,4.702255093729081348e-01,6.499078246551255322e-01,1.520291924276006290e-01
2.669418653705213362e-01,8.554631529157775693e-01,5.442656593618261374e-01,9.430480817000814753e-01,2.186155583631830268e-01,7.841612035067651032e-01,9.621950628059228183e-01,1.508305483068844433e-01
2.817792382371605009e-01,8.459247889099034134e-01,5.622717932936314167e-01,9.561139850654415406e-01,2.375621847659776242e-01,9.891687395642246861e-01,7.651409331549940962e-01,1.514799010002204072e-01
3.608613386235334786e-01,9.503313432890003742e-01,3.109776127371438603e-01,8.587184779277713398e-01,2.607635759975826528e-01,8.052456998011031652e-01,7.106203654165061945e-01,1.529521654871207614e-01
2.762533803834342772e-01,8.930937510938724566e-01,8.290219009916761639e-01,7.414521800770554893e-01,3.363415574457240820e-01,9.915083160692113040e-01,2.149041252926092715e-01,1.528856383262119645e-01
3.335408937553010489e-01,9.634212210156883893e-01,3.333653988314696504e-01,9.626759813043648251e-01,1.994684480703677598e-01,8.919954449476792391e-01,9.481701484197773144e-01,1.506324390398199875e-01
3.090306420203308702e-01,9.084834987418302088e-01,2.722132712155617695e-01,9.692655686172249041e-01,2.363279325794066521e-01,5.899683347542368228e-01,8.547648599585808693e-01,1.513274859475439993e-01
2.766483089841593190e-01,8.501251083623014848e-01,6.960637289264808292e-01,7.938697969993008252e-01,3.241991052403473406e-01,9.027391271535631923e-01,2.215042800733771911e-01,1.529461473194338728e-01
2.563602540910946970e-01,8.909605199499375239e-01,6.511653370180965350e-01,9.074345003569925794e-01,2.797693477926784245e-01,7.593415580311375646e-01,4.601417381304726550e-01,1.527314418241569327e-01
2.708258065654942093e-01,9.154859129101924342e-01,6.880213775822826561e-01,8.134216502166343732e-01,3.045253001717795893e-01,7.530206442073203998e-01,4.324080019152847232e-01,1.526629454612687120e-01
2.275120382422360088e-01,5.971363991971939678e-01,3.808171267244375713e-01,9.695157274872394648e-01,2.955838218041023091e-01,4.766811370568836970e-01,6.207865595742512177e-01,1.523059104130827512e-01
2.913653276193726160e-01,6.178833747114214070e-01,3.764513481256180349e-01,9.191397926322965040e-01,2.943588417108050637e-01,9.149050347662186500e-01,4.351361793889677587e-01,1.523931647250477694e-01
2.426100238831867539e-01,7.007515004077464749e-01,5.892345232393436660e-01,8.778350750778114442e-01,2.989712837108510768e-01,6.838089647216967215e-01,3.385957406890368060e-01,1.534615793628616720e-01
3.713531601820616590e-01,9.481654913174957233e-01,2.359058266357846323e-01,9.044488063613089768e-01,2.716376233773122317e-01,8.238197455475326780e-01,8.203733985857566413e-01,1.512820897607571602e-01
2.868407080755293048e-01,8.525726729868935427e-01,5.246288019997309426e-01,8.307097654866901770e-01,3.165841443049266513e-01,7.439010762119038223e-01,2.102094663631263183e-01,1.536216276582806350e-01
2.683424821301690910e-01,8.602615779844227095e-01,4.119458335879588873e-01,9.982718303442466024e-01,2.172660735410472110e-01,6.999341797353949568e-01,8.842737798170483554e-01,1.509828538617842553e-01
2.270193446535507809e-01,6.928317045864761381e-01,5.095611442194708518e-01,9.575073451114067824e-01,2.937966384599718372e-01,6.025399707647784986e-01,5.971475975565055938e-01,1.512257924291578182e-01
3.244588776967593513e-01,9.094493823471000438e-01,5.732616510123308418e-01,7.959603870775903145e-01,3.383638655302763087e-01,9.963862213267072887e-01,1.041985704895008746e-01,1.534259768701836668e-01
3.242497163185658615e-01,5.156300275538399092e-01,2.038413423794811496e-01,9.786348025378270865e-01,2.353705155172703956e-01,9.745388329628955626e-01,9.445497048354725145e-01,1.503528151674253521e-01
2.867856598435893911e-01,7.029006930411872967e-01,4.459678571865939856e-01,8.881146174760364831e-01,3.022075044777561281e-01,7.900816541818478367e-01,6.447807238249096962e-01,1.520506709513917976e-01
2.259664029015203690e-01,6.754697255574713122e-01,9.790975196272549974e-01,7.168965179805182331e-01,3.741771056476268509e-01,8.547443813417344716e-01,2.666475377178534334e-02,1.538243436861067015e-01
1.637686156721978592e-01,3.191257885400193284e-01,6.640537219245704614e-01,9.709823248132225526e-01,3.195123818649805436e-01,6.690223663878105409e-01,8.405182547559876260e-01,1.499763920058361510e-01
1.927897408763940001e-01,4.823781661164532331e-01,8.027646416460858525e-01,8.879067178375431579e-01,3.053464021018758578e-01,8.970386519125499447e-01,6.258746677154398697e-01,1.517831716713111123e-01
2.683835951071147363e-01,3.155900755033169691e-01,2.129319124134880781e-01,9.610419928995816985e-01,3.165842331058474901e-01,7.289680754115487327e-01,8.509070407297489869e-01,1.496118213634366201e-01
2.897795038746605045e-01,7.092591632879219343e-01,5.641241338093115898e-01,8.763742682195202471e-01,2.820354138962152812e-01,9.931175046952280816e-01,7.814660403496829222e-01,1.515226329338638378e-01
3.037611921246329283e-01,8.285522569650249913e-01,4.884362012159391142e-01,8.973152911403214915e-01,2.418588966225773684e-01,9.297922536524930726e-01,7.627166225191455151e-01,1.520794476280080687e-01
2.125289465901951114e-01,2.523202681169666728e-01,3.024982647510706668e-01,9.982521491882935250e-01,3.325399503706781834e-01,6.631464633054547919e-01,3.823462815195557418e-01,1.518774637697109797e-01
2.819064001709492562e-01,5.331424493173243517e-01,4.866471053894610432e-01,8.498593858177363458e-01,3.348286797408618343e-01,9.380852933763652590e-01,5.069256953726658521e-01,1.517342997383800685e-01
3.471621759118990180e-01,7.834229651530252303e-01,2.688211477688310369e-01,9.152447512293585552e-01,2.465593720809017841e-01,9.395082793929473430e-01,9.866573929996875769e-01,1.504727164577762399e-01
2.805013511744182675e-01,5.364469430393711269e-01,2.835543194915351450e-01,9.736818932833142259e-01,2.843991406857844795e-01,7.854968831937200191e-01,7.405467974504291728e-01,1.504346290976102674e-01
2.672607103767510317e-01,9.482321584002223469e-01,9.179890536299879500e-01,7.452679399964607931e-01,3.413059415366213045e-01,8.713822852170703959e-01,1.285386621023829612e-01,1.537046935256544677e-01
2.065062171900778620e-01,2.456488675980681990e-01,5.748720361251878908e-01,9.120858966412589419e-01,3.482385182084408171e-01,9.751250440642570405e-01,3.783983015411242490e-01,1.522397895099252274e-01
4.711901323794217555e-01,9.718006967590058220e-01,1.040071729507879850e-02,9.390959555347209164e-01,2.607998967204062102e-01,9.543326389063576665e-01,9.900053018085752665e-01,1.506384799204450731e-01
2.645441577898121066e-01,5.191517138399588394e-01,2.623338015970458903e-01,9.779850916302669228e-01,2.829808080322354091e-01,6.320739520811674561e-01,8.846944184079403861e-01,1.498778555885018071e-01
3.437632845134226400e-01,8.618953427542428436e-01,1.402237743758364963e-01,9.958008196262052580e-01,2.410934277368348977e-01,7.109001429974103337e-01,8.116121875574194844e-01,1.514137304095821424e-01
2.498960110415323621e-01,9.894364687752693621e-01,8.588663636416651315e-01,7.789937919355830465e-01,3.401398845241024871e-01,5.376506314480467008e-01,1.520351183778784754e-01,1.533542774769198758e-01
2.433273136653477664e-01,6.120671084608805268e-01,5.396949631194407626e-01,9.651224822272603809e-01,2.692036113937738007e-01,8.710502132833779498e-01,6.996000087871730999e-01,1.516044787969671181e-01
2.083120826211489751e-01,6.625763484968056893e-01,9.767383716399001825e-01,7.969428583237526675e-01,3.396495123292187501e-01,8.098560240022757428e-01,4.041591009161325521e-01,1.527043871539517927e-01
3.743240642864349987e-01,6.214937361713707142e-01,3.749100036322605689e-02,9.568527262777202225e-01,2.670497590898676110e-01,7.493789846550201750e-01,8.489818479753863389e-01,1.510594740960350402e-01
2.494215137029005547e-01,4.121042815972971729e-01,1.958616741908010828e-01,9.495606024869680528e-01,3.498074522136370712e-01,4.744490483867583319e-01,5.051104255185598912e-01,1.518362586405917480e-01
3.257897647223240156e-01,3.819973777583978158e-01,1.185642686195860218e-01,9.988780745047141085e-01,2.633709062515097177e-01,9.650716158918997145e-01,8.652086383777810585e-01,1.494876975935812979e-01
3.771101412058874836e-01,7.134195851297143731e-01,1.657602802960383426e-01,9.414565266187255865e-01,2.440159454653963167e-01,9.937396196593419884e-01,9.327743016950925670e-01,1.502284928456330548e-01
3.072568994078138105e-01,9.557318870053415072e-01,6.840080814085091054e-01,7.420083497676059903e-01,3.303252999909471743e-01,9.147207554755795167e-01,2.700617025515248959e-01,1.527292280387494983e-01
2.648339154366879944e-01,6.792114779939497637e-01,7.161099856002013375e-01,8.096869663308967624e-01,3.180755336766679653e-01,9.883120268197391756e-01,6.193598175210703882e-01,1.521590324023746055e-01
2.480090916061116757e-01,8.117122799642159103e-01,7.180766723735668711e-01,8.460548866124819600e-01,2.923964017710083962e-01,6.763391870864479127e-01,6.538724365208107292e-01,1.519542142434720522e-01
2.673413355021621030e-01,9.872129588513860465e-01,7.699535047525002396e-01,8.561570494997825520e-01,2.974020825498904785e-01,8.673274903665001423e-01,4.290477802384061734e-01,1.517605562880662284e-01
1.798107731705738677e-01,4.613744262349503411e-01,6.265153900972303402e-01,9.720780649485566416e-01,3.001954012621184664e-01,6.016234923185497241e-01,5.734495551958923576e-01,1.521547594900284628e-01
2.506132560693509759e-01,1.921450910702089954e-01,3.806320027715845433e-01,9.085231657189996035e-01,3.430234408520734801e-01,9.849670509218031444e-01,5.834017556122574888e-01,1.512748763045834444e-01
2.386987454304733136e-01,7.219886222212956728e-01,5.256269362703666070e-01,9.709550773568120796e-01,2.408339158939864777e-01,7.324064901938471817e-01,9.229770677424131708e-01,1.499523926954294262e-01
2.110336066090453544e-01,5.375022328751618561e-01,4.710276488100020864e-01,9.975813629772852797e-01,2.941092493489153026e-01,6.628863413013086348e-01,5.226064404626302728e-01,1.516013050179268185e-01
2.168654679475772729e-01,4.249308867615915752e-01,5.087568050322672786e-01,9.282371983644461810e-01,3.272420362861516718e-01,7.338609203660093616e-01,6.332939565209533272e-01,1.510395153394841206e-01
2.167319818279165311e-01,6.606420092325200333e-01,8.174985252809873204e-01,8.210955737137874966e-01,3.343359221750560883e-01,7.496430732163544830e-01,5.392586871373251656e-01,1.515607504314436804e-01
1.847636807121477709e-01,4.399780568041452011e-01,8.727127351744505823e-01,8.844819314657540454e-01,3.227755438477598049e-01,9.268140543055893854e-01,5.860969704525750279e-01,1.516178663127624171e-01
3.003229839809897217e-01,9.962902092406089594e-02,1.218510073335209443e-01,9.128542893628769361e-01,3.573577267225736542e-01,8.360554646284378277e-01,4.524588636399490271e-01,1.514718671048936316e-01
2.174044806367413651e-01,4.196648241131567536e-01,3.982976020477194679e-01,9.848149989162375828e-01,3.251132678019287847e-01,6.538384560515732025e-01,5.052764640787222872e-01,1.516973972552407568e-01
4.672277239128984627e-01,6.339288261824502779e-01,7.218993533330375634e-02,7.861492170760866482e-01,3.350479643527489171e-01,9.805812005618947946e-01,8.100213770340246588e-01,1.517795223882956457e-01
2.619720229358888375e-01,9.939379464183090152e-01,8.112670424813777093e-01,7.749994104373891801e-01,3.164841162720639645e-01,6.311399666687149690e-01,2.641870613662462564e-01,1.532804724185728718e-01
1.954702799552878179e-01,3.228299493524853792e-01,6.511323826527024572e-01,8.737283566047148176e-01,3.476742218552197894e-01,8.219683235701057411e-01,5.929280977614359571e-01,1.512968352140978412e-01
2.689595927066067427e-01,9.485223306505810026e-01,5.777376320593242687e-01,9.082728742212468065e-01,2.402255724844162832e-01,6.729971885534457021e-01,6.988115430135202200e-01,1.525920647237942185e-01
3.610323438121262329e-01,6.316931774917962095e-01,1.639402810390548360e-01,9.301513189381385160e-01,2.721838672989228547e-01,9.587381632092135675e-01,8.981301574056046455e-01,1.502209755185828222e-01
2.324838009602791522e-01,8.064658498896785099e-01,6.281864044108455003e-01,9.628174151904558276e-01,2.527792122357411797e-01,7.238688976914533502e-01,4.923096087512015551e-01,1.529298306355112713e-01
2.856385532522123238e-01,5.744177691952978559e-01,3.222378411442677892e-01,9.321667168340161957e-01,2.594508535465175902e-01,7.798686180421408043e-01,9.047790670652215983e-01,1.506566732849626833e-01
2.775083634349317374e-01,7.550584980675930646e-01,5.562123781317027671e-01,8.791610676422872972e-01,2.616711527243449908e-01,9.338201824274141583e-01,8.756500993788575160e-01,1.507350686557510921e-01
2.665840740433491063e-01,3.438752781490860277e-01,3.970049774374839191e-01,8.817162205321651403e-01,3.360094822567787354e-01,9.655391979718194184e-01,5.659453278577196711e-01,1.515402626798896812e-01
3.228292218817842008e-01,8.585451218637907278e-01,3.843985920372252618e-01,9.087397343350250845e-01,2.560675742979282021e-01,8.694807447533915434e-01,7.487302064395421342e-01,1.516613388246440541e-01
3.891508966123115032e-01,8.672625164059831748e-01,1.974177299869430691e-01,9.236596250006184894e-01,2.418463197051813618e-01,9.801839987762032136e-01,9.802420610895058450e-01,1.511343689746092178e-01
2.071431825542958682e-01,3.684351841622443002e-01,4.163782754394786401e-01,9.600637365525841460e-01,3.318716633145730732e-01,6.318753285048884782e-01,6.079160732417320245e-01,1.512151087045941478e-01
2.985628322237957044e-01,9.107962024874864948e-01,5.298037742989389898e-01,8.250490349769918907e-01,2.908276838023311495e-01,7.250375964187523170e-01,5.885773703596842710e-01,1.524284989198145812e-01
3.137872634841972208e-01,9.121851966360490227e-01,4.768096764007369592e-01,8.631772723933455183e-01,3.109630698226097389e-01,8.692406332580011608e-01,3.552425931283024196e-01,1.521414674546326395e-01
3.668799774585494444e-01,2.027826849328199788e-01,9.509810115659478313e-02,8.861908550745000168e-01,3.371268330132752289e-01,9.900239335346266989e-01,8.088893763675928383e-01,1.500055572904904211e-01
3.217644690481183956e-01,9.169860202017088291e-01,5.040587724770306810e-01,8.440182197825838450e-01,2.978976494410891518e-01,9.532996852196711224e-01,3.720535789391621884e-01,1.533746507556218164e-01
2.482865173255334734e-01,2.305780324365398481e-01,2.001611534603503495e-01,9.595995511533981226e-01,3.566270041140672253e-01,6.371843793466656081e-01,6.193863231816557624e-01,1.506079229844287937e-01
3.486478081973315435e-01,8.765405547313460666e-01,3.500116606376514894e-01,8.536537283076736093e-01,2.779639710737725200e-01,9.275669563075757962e-01,6.881955791910135956e-01,1.519735161176710148e-01
2.663162502002411891e-01,6.466173804753684307e-01,4.639611770916173827e-01,9.321340361143577447e-01,2.648065555096146273e-01,7.892534518866887172e-01,8.105630385110140779e-01,1.515020684299101250e-01
2.671575623737935112e-01,9.748618725054318812e-01,8.787828731580633601e-01,7.743445069289305316e-01,3.231705779655573152e-01,8.678536946992929657e-01,4.193379945208677295e-01,1.517472871081357588e-01
2.248630952411756756e-01,4.965200593695865416e-01,4.584159838879351967e-01,9.438994269185129182e-01,3.205151559009252749e-01,6.946084727452502827e-01,4.529520669251639875e-01,1.520480382328006086e-01
2.166674491039372874e-01,8.224997347030392758e-01,8.434846328392917592e-01,8.458076586673257680e-01,3.102130838409880575e-01,5.375767937084214854e-01,5.600073351027191615e-01,1.522223588046010823e-01
2.229350756975119197e-01,6.370576597329344892e-01,7.595864594773085177e-01,8.933014548148109357e-01,2.952875967375269139e-01,9.787803879508646387e-01,6.228569361816626015e-01,1.507944567930212809e-01
2.973297758732397211e-01,7.982958412941716375e-01,4.027073443908553152e-01,9.388630098018952985e-01,2.472417962220436194e-01,8.525855359937858369e-01,8.682219383509079957e-01,1.501290666033297527e-01
3.236725813070254754e-01,7.768000036753259785e-01,2.571466482005642096e-01,9.890246404790778989e-01,2.186614166215814503e-01,8.469363791351961490e-01,8.943882310217832199e-01,1.514136541232187216e-01
2.784289961562949056e-01,3.067518163822972044e-01,1.316609801242589750e-01,9.545494716020084258e-01,3.285246361413666771e-01,6.671389275574961530e-01,4.917632224800054797e-01,1.521136715834239261e-01
1.716471004269443656e-01,3.951593073157684266e-01,6.490654068172871938e-01,9.990343350907462394e-01,2.989676589924218364e-01,7.463325925402671812e-01,6.585666857999177282e-01,1.507835376436565122e-01
3.868732829004414286e-01,9.652163259740493828e-01,2.468333573354899446e-01,8.502875538542868927e-01,2.904810645478508313e-01,8.104182826019186159e-01,7.292983098047250978e-01,1.519400546943995012e-01
2.672679146860750254e-01,7.251807941149335246e-01,6.805299620231590740e-01,8.157325301424878106e-01,2.945474137452940844e-01,9.162444044078479344e-01,5.869666972865716925e-01,1.525630083276240945e-01
2.280933204668987857e-01,7.647943588771126677e-01,8.542512120432640410e-01,8.704869180091252545e-01,2.713031823909878293e-01,8.610300027725894534e-01,8.184470121883541394e-01,1.508126909841392693e-01
2.237942444140079701e-01,4.738492387840312348e-01,4.660844133926971278e-01,9.540361181713888916e-01,3.077139398173369123e-01,7.405743158435801332e-01,4.233386689579400342e-01,1.523535216198222408e-01
2.202718329929288510e-01,5.062410160305649276e-01,5.917565143383421988e-01,8.742462548695094648e-01,3.379750722975571886e-01,7.171093473898949577e-01,2.611975695149074683e-01,1.533709263598853900e-01
2.844005451884245583e-01,9.454892112111492608e-01,8.838949351072182825e-01,7.135219305122754152e-01,3.303014197323816403e-01,8.799585420488766907e-01,3.147255913460006993e-01,1.535796631395145995e-01
2.427629120650715566e-01,7.192801915832686133e-01,6.389600842321990770e-01,8.829585398926887985e-01,2.982078031474305058e-01,7.324860102165547948e-01,4.251062113272810472e-01,1.533061748787399037e-01
2.994401939807970758e-01,7.728719850015282056e-01,5.872519037562270450e-01,8.118226494201474797e-01,3.060918113565672671e-01,9.457827566567302835e-01,7.320075905574486841e-01,1.508799501179749203e-01
2.874963103415775767e-01,9.442171798975182995e-01,6.461496953098853080e-01,8.403534405605567192e-01,2.907722325393646834e-01,9.089330924403510314e-01,5.269786922267086782e-01,1.523424682345911330e-01
3.855764524654445857e-01,9.737827117465694959e-01,1.171263286363319889e-01,9.222397752504917223e-01,2.622091547302191072e-01,7.047162659383344741e-01,8.355932263932521753e-01,1.516346139830762885e-01
3.108327157324493051e-01,6.688944435892129059e-01,5.013418419250623703e-01,7.965393021521036676e-01,3.109988769454453683e-01,9.523087858060089728e-01,7.510456013121307173e-01,1.518089198775190996e-01
3.453398737719173273e-01,3.818486022398437374e-01,1.268162305848348770e-01,9.064866513997867914e-01,2.954398214430443703e-01,8.822222481987943565e-01,7.917625222465496382e-01,1.508653720976587120e-01
2.679482805138174717e-01,9.253406309299659904e-01,9.376282453338713463e-01,7.389094259899254835e-01,3.567750444304439994e-01,9.813326060607896473e-01,5.585165870136721278e-02,1.537145454890213869e-01
3.312034106897237540e-01,8.639395124694200234e-01,4.837750827472684367e-01,7.889461206166678009e-01,3.321122708760945730e-01,8.531860389417635915e-01,3.685205350318097040e-01,1.531161733421182725e-01
2.875422898990546150e-01,6.036654231163722795e-01,3.379233141708815058e-01,9.641938678217962799e-01,2.656198111824331631e-01,8.970527315262062373e-01,7.545533090350537986e-01,1.507313114371016949e-01
2.315864841851687506e-01,7.376952658375043326e-01,9.084152527649356212e-01,7.722134896932789649e-01,3.494453264815877702e-01,7.974528695283307211e-01,3.694166196353756981e-01,1.528758493772456872e-01
2.708101763529623951e-01,8.382703806587903372e-01,4.907289113631616018e-01,8.638755356617126013e-01,3.033916204878635003e-01,5.695219510667807183e-01,5.064400950337480944e-01,1.526769678399927943e-01
2.684161691604055044e-01,8.082346038341577943e-01,5.483858669482286619e-01,8.947127068171105702e-01,2.539321696561045449e-01,7.555286725956489313e-01,7.288956858352894086e-01,1.524886746206521593e-01
2.282071974359651256e-01,5.481117597838641720e-01,7.134023127262323349e-01,8.533586200903408026e-01,3.491112377097167485e-01,9.486890324824951426e-01,3.093255166716969429e-01,1.521562899817148762e-01
2.738640264628408039e-01,8.780946273542307168e-01,5.328188486248837119e-01,9.145566340297569541e-01,2.568546250268421982e-01,7.534839677894145105e-01,5.480366131045424360e-01,1.525542837761396653e-01
2.860771289957799723e-01,8.226331749213362521e-01,5.452985681799217277e-01,8.230948146885062044e-01,3.233090004464509448e-01,7.943194626853991025e-01,2.785967225346559495e-01,1.530505427686575104e-01
2.530217935987219002e-01,9.167057686573445441e-01,7.022910898674391555e-01,8.801850922531242460e-01,2.706272688238912649e-01,7.134945134877405115e-01,5.300273080755276700e-01,1.527776619160395311e-01
3.107696293630168860e-01,7.061716114443099546e-01,5.445980134378715087e-01,7.721188570750627811e-01,3.217315145363863205e-01,9.278067512756169588e-01,7.199435017875908116e-01,1.517333227785502281e-01
3.351318251137815896e-01,7.712799240795434885e-01,3.492305895860784437e-01,8.515488711338584649e-01,2.687058509510003024e-01,8.707703939881387134e-01,8.266046935376583082e-01,1.517550111295256632e-01
2.867140514883975144e-01,9.612788104879682605e-01,9.738443760160351292e-01,6.622337774427989876e-01,3.432280113471664063e-01,9.147465023433775100e-01,4.541146638840573013e-01,1.525357713688329508e-01
2.649124488742161665e-01,9.532372500809378479e-01,6.193841330946292523e-01,8.630906582338681021e-01,2.934155291233000451e-01,6.198862901398676239e-01,4.286295217741614705e-01,1.523647029365610417e-01
3.159967900649440775e-01,5.265370136327177653e-01,3.092491879996155379e-01,8.930562775907976425e-01,2.973555432094551199e-01,9.947845267703401273e-01,7.233526378122405731e-01,1.509809110763364048e-01
2.448626461197659365e-01,6.016727070651154419e-01,4.107094697431251107e-01,9.175476803319020380e-01,3.169048774943507563e-01,6.059248378837231996e-01,3.341225604724860077e-01,1.533634880220468011e-01
1.905823805737606458e-01,5.293965804620432980e-01,9.816658202098204056e-01,7.846106958477768734e-01,3.671217664544337844e-01,8.428907695993616001e-01,2.238451109477580525e-01,1.532313710927672989e-01
3.034515183395258831e-01,9.303834591593582726e-01,3.755405868375472078e-01,9.285968168874138007e-01,2.438211322942206438e-01,7.287858693778779262e-01,6.428949258846482495e-01,1.527378034305745536e-01
2.613889698748549928e-01,9.021205190389320894e-01,5.792184098182182606e-01,9.265863262712901172e-01,2.356903622843052326e-01,7.500227215542069059e-01,7.540794537125827812e-01,1.516866523425945135e-01
2.199377060583349308e-01,8.284119740169961776e-01,8.925483662881155134e-01,8.392582055784327810e-01,3.142117871378602989e-01,7.507773783007860580e-01,2.837563460134495119e-01,1.530419475472963031e-01
2.695538110229345197e-01,5.193044637954747911e-01,5.113337756027002134e-01,8.360820188266006037e-01,3.511649573651246525e-01,9.332184428413404786e-01,2.869039388757343434e-01,1.523466188687124245e-01
2.489939015024796587e-01,9.934047450049031669e-01,9.007548246239931444e-01,8.002172552741673162e-01,2.995976100921559082e-01,6.220250224917847071e-01,6.425168157981029360e-01,1.521428991593926916e-01
2.683511491050172837e-01,3.628705550794868451e-01,3.413911075244469018e-01,9.238305487031325258e-01,3.364826121829417871e-01,8.801595348745203662e-01,4.816010516912549999e-01,1.516950313675133888e-01
3.861620129897165299e-01,6.453885349808208272e-01,2.251984170561666110e-02,9.621427975261341858e-01,2.805437453667484204e-01,7.995788221049144884e-01,9.108920631224468600e-01,1.500360124008860152e-01
3.305029594860176001e-01,9.750808286275509662e-01,5.628667219401417565e-01,7.803510275073354263e-01,3.284240277318045131e-01,8.719735035374731602e-01,3.507386697904626982e-01,1.528700386117432530e-01
2.136958117297210469e-01,4.676933739767176190e-01,7.165985381642522301e-01,8.902903132820616516e-01,3.260717231462966770e-01,9.881585844716949119e-01,6.955242984086237312e-01,1.501964019052314803e-01
2.972646746622654712e-01,3.324466300831687149e-01,1.005809069999351602e-01,9.895003577238628001e-01,3.047007302434849296e-01,7.508507018735575134e-01,7.050821402239276781e-01,1.503919743271028009e-01
3.316019232160647423e-01,6.196186350227540496e-01,3.177816073520632889e-01,8.829759703547711558e-01,2.960724524508596134e-01,9.567680100241922059e-01,6.058428182640022142e-01,1.522762210476369393e-01
3.502028715643754064e-01,7.271979418919822802e-01,1.210838333853215265e-01,9.727657538196675668e-01,2.461474821296617266e-01,7.628341001775691410e-01,9.321944102567450985e-01,1.501905991472791413e-01
3.513803546369123620e-01,1.883630520404796505e-01,3.218627152687403292e-02,9.569417262292408966e-01,3.167635177871009344e-01,9.493866202454431802e-01,6.624797386121055176e-01,1.505200660551704039e-01
2.592346915168227128e-01,6.062053624827202780e-01,3.980822219712897292e-01,9.693416248229864696e-01,2.907620527032011570e-01,8.073335178905222120e-01,4.004260429807067201e-01,1.524391623049931865e-01
2.059987361757784630e-01,6.499874198211061938e-01,6.111805031726482706e-01,9.660988546037045932e-01,2.753850732059261452e-01,6.496234985732290967e-01,6.447332045690018498e-01,1.512375931091899106e-01
2.569920659696645626e-01,4.284030659930232465e-01,3.402616079557219675e-01,9.476852470646378590e-01,3.046477710329609789e-01,8.404791123967353395e-01,5.463060300089022103e-01,1.518094943679416109e-01
2.399812060383069157e-01,7.988023241533077634e-01,6.636286054568619752e-01,8.910264804041740927e-01,2.882668017624225310e-01,7.686297100707779606e-01,3.259002685968180879e-01,1.526277297242713826e-01
2.336621598992000837e-01,3.732873151064997619e-01,3.453885551225143180e-01,9.836995383009173866e-01,3.088171012151820216e-01,7.571145524093427781e-01,3.443248967395268201e-01,1.527351276099051802e-01
4.068672771608938254e-01,4.822699199510109835e-01,7.472333404422448755e-02,8.464160618272307257e-01,2.963165636477994580e-01,9.422941932604542714e-01,9.338077196268365077e-01,1.503896084238326436e-01
4.261729784815433408e-01,9.015372581650142880e-01,1.076339438949404648e-01,9.116488709692449621e-01,2.811648275607261382e-01,9.196186585788623802e-01,7.612770939591181341e-01,1.517086177444662010e-01
2.410117364502043502e-01,7.215530970247455711e-01,7.438630276030366861e-01,7.913809470086238251e-01,3.395258635605246100e-01,7.443172129213592170e-01,3.358260323016826199e-01,1.527455962352228525e-01
3.494425104252720793e-01,7.686940813705843700e-01,3.567068209141581736e-01,8.631092992224682625e-01,3.060944011479079241e-01,9.908314087607058562e-01,6.475122316828654245e-01,1.518252285559729964e-01
2.032231307990843838e-01,3.996001750762561144e-01,6.882083542734194204e-01,8.592753617777667552e-01,3.230073175365454907e-01,8.166212191609346638e-01,6.508796537666006188e-01,1.519691204510739413e-01
3.553129892412397739e-01,8.538742399785079762e-01,2.208497328363686618e-01,9.514996520490134335e-01,2.175909977882812818e-01,8.952023740454618794e-01,9.293571902353092717e-01,1.508725673883132834e-01
1.815784853774546070e-01,4.929703501048046110e-01,7.654851738508192671e-01,8.763090533498889556e-01,3.256848793171909784e-01,6.385365270664282722e-01,5.273764072007600667e-01,1.520223079316111170e-01
2.227581321194087027e-01,4.497480856828530715e-01,5.444152133051975984e-01,9.532379961890262710e-01,3.019769160979786649e-01,9.551639421801761953e-01,4.322342307132865380e-01,1.522533770193310321e-01
2.959537575941293963e-01,8.741421030856513230e-01,5.373367770072797756e-01,8.878355930645042138e-01,2.692270833495546967e-01,9.202946530206966846e-01,6.760437931337995865e-01,1.521693600471848706e-01
3.777641891496515414e-01,9.296126536545404884e-01,3.100808219246026787e-01,8.360906041242769371e-01,2.819862801012439912e-01,9.401751153278747886e-01,8.457066604292553524e-01,1.510957368191258865e-01
2.780460130369972194e-01,9.837533221514935811e-01,5.146923125691124090e-01,9.658215680497646005e-01,2.055914996793778426e-01,7.713887228751147296e-01,9.377052388983364573e-01,1.502678436290312280e-01
3.358838210977752592e-01,9.587748355492764496e-01,3.688438680156412297e-01,9.358600474209585185e-01,2.496812738686424171e-01,9.015841628229476212e-01,7.800513095521204310e-01,1.511054821260317260e-01
2.729048805753789830e-01,7.440990779067661043e-01,6.455650719657464176e-01,8.596815659525210984e-01,2.939679482991351955e-01,9.892816814310330109e-01,6.206534974888744394e-01,1.519573177378340523e-01
2.015496654278010058e-01,5.083570915613593311e-01,7.192187625624010261e-01,9.271686319608964943e-01,3.175293186454598016e-01,8.999270562911291238e-01,4.829934997193170987e-01,1.515105487374662219e-01
1.774379648733853121e-01,3.940143424434366937e-01,5.688113569100007316e-01,9.826960642627257103e-01,3.205509678981129373e-01,6.880834451571784527e-01,3.398965279397652139e-01,1.523551147553481033e-01
3.491379956629921955e-01,6.073106165176523907e-01,1.916530466004736089e-01,9.119985614963836973e-01,2.837038467939368425e-01,8.871218717174128576e-01,8.051700156684334919e-01,1.505414757327378228e-01
2.373350119071444275e-01,5.104704259658771059e-01,5.483515020627309777e-01,9.605323235916589653e-01,2.598899548750213673e-01,9.655540586775277490e-01,9.445638687056227001e-01,1.502315372597683163e-01
3.307154678483097410e-01,9.371045436602400969e-01,5.006619965180741927e-01,8.316996845668661598e-01,2.924502693289334765e-01,9.484704876618057501e-01,7.784264261514749483e-01,1.509855600968769418e-01
2.509213808253775713e-01,8.956477690310860051e-01,7.250915360097914819e-01,8.590278492665855969e-01,2.882421127137077543e-01,7.619525908636326506e-01,4.966074728055861476e-01,1.523285996044405066e-01
2.455496189728161582e-01,5.567758771475580515e-01,5.774519444848238425e-01,8.895475348320364128e-01,3.180581847104463900e-01,9.271504576075011439e-01,5.551066114864993128e-01,1.510691077043335162e-01
2.720369235048380463e-01,1.701734533581005793e-01,2.151168459527806331e-01,9.908197319799263436e-01,3.208981595199786319e-01,9.754389186712569826e-01,5.259613415294834837e-01,1.505296775897509431e-01
2.259629746221324398e-01,1.287886800386427999e-01,3.365241088121944113e-01,9.272623775057248219e-01,3.493875240834699580e-01,8.173296362485139577e-01,4.743538511903676591e-01,1.517544167585289927e-01
2.612792050528767729e-01,9.149076219446998781e-01,5.369524891235066821e-01,9.366432324287208289e-01,2.531910448780829714e-01,6.939365444977672048e-01,4.704573542050057844e-01,1.530209065421771208e-01
2.430358693987913488e-01,8.564861228094590162e-01,6.961598445276928615e-01,8.665074331720006295e-01,2.849736832171180234e-01,7.101877250628412241e-01,4.518269716718142370e-01,1.529936912642422819e-01
2.320336599703547720e-01,4.687658135326647213e-01,4.764744544619261002e-01,9.893211577245099031e-01,2.493171968178222175e-01,9.115532811442239591e-01,8.871812062929267384e-01,1.503988334841082630e-01
2.592762594197686732e-01,6.880611917032122271e-01,4.335286715405197167e-01,9.047122177792700226e-01,2.895012190689979503e-01,6.295734198532911829e-01,5.811586452961443605e-01,1.525499698066620502e-01
2.611045850285634295e-01,7.090633601124779473e-01,5.206327146616800405e-01,9.275840135769344297e-01,2.777747800714307491e-01,8.245169099199050056e-01,5.507237785350788117e-01,1.526265938514336507e-01
2.743739482741666680e-01,2.016924085604440142e-01,1.934252364216760833e-01,9.515890007948044627e-01,3.309766971753103637e-01,8.429144322848515225e-01,6.650697013245276956e-01,1.501399538017331170e-01
4.169614801905682233e-01,7.548089056024193111e-01,1.138595672124797509e-01,8.939386549751402455e-01,2.842974943909382657e-01,9.559568865599472609e-01,9.065449550480719765e-01,1.507308132898381170e-01
2.615928245348772552e-01,5.667023901942151998e-01,3.668576019331550309e-01,9.771584635306995725e-01,2.863959936711133469e-01,8.192187218439359597e-01,6.536119911797506621e-01,1.509281706364150044e-01
2.582100014329987703e-01,9.698422562216131304e-01,9.570223542729419108e-01,6.765117837115891541e-01,3.710943909003641128e-01,4.643102570044489452e-01,1.640285513373105908e-01,1.538393367998236727e-01
3.903500862937746563e-01,5.943489900731565578e-01,8.589430874645570535e-02,9.171054770214882579e-01,2.846025493279483731e-01,9.645192406983895683e-01,8.419466211118837862e-01,1.505501422240964615e-01
2.194542691771460829e-01,7.372067933958660335e-01,7.595211232810904489e-01,9.053073835448864903e-01,2.884495205895579173e-01,7.691290128385273039e-01,6.210125252165138443e-01,1.516724014146341171e-01
3.340516036707712466e-01,7.240375764315065688e-01,2.756817780551283903e-01,9.467515196597459104e-01,2.413221178717043225e-01,9.486374729282354146e-01,9.497223679142616781e-01,1.507160305508144504e-01
2.326843343770285122e-01,7.375674892581421949e-01,8.090279223222407445e-01,7.976248142727404566e-01,3.256020798709399755e-01,7.307466506293884834e-01,5.532546325573740598e-01,1.516556647920954126e-01
2.601606853097913064e-01,8.117856906376432757e-01,8.388058612124010827e-01,7.645290743970053482e-01,3.194778802794746020e-01,8.747640407096570758e-01,5.231905397462641716e-01,1.525337909322434793e-01
1.985636042744487462e-01,5.754149160026893473e-01,8.243987832010220007e-01,8.580442542521821148e-01,3.309864169734359485e-01,7.217804588257259457e-01,5.298145765425128495e-01,1.518617830828345450e-01
2.016759782889896990e-01,2.103175822087942071e-01,4.933100027947440180e-01,9.207222921511893921e-01,3.571616459118472919e-01,8.566766866109648548e-01,2.991566581924542945e-01,1.523763332869075560e-01
2.728343166381806961e-01,8.875234909661459115e-01,7.366355459253759452e-01,8.484285919665738307e-01,2.867549535923258897e-01,9.138297667120677259e-01,7.060250753832886250e-01,1.509656394595516593e-01
2.760168112605530522e-01,4.559595508176108591e-01,2.749527312237416421e-01,9.699368556750986858e-01,3.026165572573410456e-01,8.113890890508695941e-01,6.457485520409551594e-01,1.509811696070036124e-01
2.445632596293714767e-01,6.214376471725086004e-01,4.050619582631824755e-01,9.888715722269333375e-01,2.744266023387754716e-01,6.705065001382215506e-01,6.737485725074146004e-01,1.512046579815336245e-01
2.838972139194075317e-01,9.672363939171836344e-01,5.460941813700547209e-01,8.834759340001833161e-01,2.908969364311914108e-01,6.489474295011262717e-01,4.930376765573942777e-01,1.521880259820262149e-01
3.134828811308346674e-01,9.851514843602957594e-01,6.946361413444737121e-01,7.699821506475039712e-01,2.828906052326081166e-01,9.402621855893262826e-01,6.346813417024609327e-01,1.529105889834180276e-01
2.039149537534587220e-01,5.760857843520329480e-01,7.323691606666470344e-01,9.373730990471739188e-01,2.905601322737521031e-01,8.843509707171895995e-01,5.143656783149183065e-01,1.518795875160310338e-01
3.310669428813423076e-01,7.853441395495635025e-01,1.409268578233893732e-01,9.672525767199269264e-01,2.536721299842707444e-01,6.213497698422316695e-01,8.550765332715344336e-01,1.513576473574694825e-01
2.462667646945285449e-01,8.195450128645980215e-01,9.643230765095970325e-01,7.472276467057291649e-01,3.561263533020566641e-01,9.041998956232449869e-01,1.165901543373591420e-01,1.536068359763546332e-01
3.682124195314224746e-01,3.213601734021970247e-01,5.621648771640158637e-02,9.287633903591803186e-01,3.178698963330681693e-01,9.552284139088776937e-01,7.011947342554524232e-01,1.506344212606892108e-01
2.306357719338510415e-01,4.095462864173236572e-01,3.793658926409966270e-01,9.572118564855275347e-01,3.158956541704238119e-01,6.370163394274430679e-01,6.794999007744872976e-01,1.514512759624082050e-01
2.142249067855434008e-01,4.825472820643291194e-01,3.797798221560745313e-01,9.576602413576621453e-01,3.263108529060810836e-01,4.734872459655280474e-01,5.851778822412645464e-01,1.515625405295873696e-01
2.592918918104523129e-01,8.301962361896197962e-01,6.620017362462078392e-01,9.033824720584187062e-01,2.546482673249825801e-01,9.286968233017145469e-01,8.706258473204043780e-01,1.499007776478329113e-01
2.487479449776862084e-01,7.876044715835931465e-01,7.721955683001762161e-01,8.553749904878514831e-01,2.961295896821070084e-01,8.941172300849249410e-01,4.823527766104465098e-01,1.521974781095591367e-01
2.760399931033332144e-01,5.493269701930419968e-01,4.920348382477572891e-01,8.398251056783501145e-01,3.454980220561748028e-01,8.949943955709779297e-01,2.897636759234771819e-01,1.527362603559885013e-01
2.344509152107711880e-01,5.016341097592067477e-01,6.314227075319458482e-01,8.656012753302483320e-01,3.283361119094761471e-01,9.196728241079997757e-01,3.910534258606215285e-01,1.527462490844427589e-01
3.114568051970255103e-01,7.963157362084557489e-01,3.684191264258623866e-01,9.338311274730672906e-01,2.213125015534596618e-01,8.795476656068610399e-01,9.882440061311232871e-01,1.505025558246291251e-01
2.639733959593296153e-01,8.687780938361653327e-01,6.154887352594983208e-01,8.885440142247972295e-01,2.722072810635066675e-01,8.384259019580508898e-01,5.742079093145405766e-01,1.514413523814345242e-01
2.688755951392181598e-01,8.528475190489546165e-01,9.500445716766670046e-01,6.785045336287421902e-01,3.763038823611518646e-01,9.521619214010854648e-01,4.966623616823800935e-02,1.535601284002218736e-01
2.866691741544089012e-01,9.341509502737401771e-01,8.723170437736657012e-01,7.043845715372474281e-01,3.480308376798407211e-01,9.169075372442733185e-01,3.141900915676371087e-01,1.529332925428164014e-01
2.534922202953169834e-01,8.034991595490538208e-01,7.169295644890785191e-01,8.516522640066033212e-01,3.124985710496729352e-01,8.094023372249595782e-01,4.454353609507162304e-01,1.520268341054595851e-01
2.019353834416836024e-01,4.513207479462215677e-01,6.635605304613207966e-01,8.823597397389260077e-01,3.240174498120700908e-01,7.707363514786655934e-01,4.170265905108200832e-01,1.529858761095873876e-01
3.930044940491529970e-01,7.612470919299193506e-01,2.787424754226719426e-02,9.743236889309646598e-01,2.589260667987269837e-01,8.125343778017769525e-01,9.107533842000449242e-01,1.501068948847563145e-01
3.728039945885073259e-01,9.941242768079769920e-01,4.333891825965170419e-01,7.649391494977063610e-01,3.353469185081199289e-01,9.361325726743218167e-01,2.948461934685356334e-01,1.531522731759283051e-01
1.631185755828739314e-01,3.625986678318438572e-01,7.645634464866090108e-01,9.447084099224103415e-01,3.217592619027848100e-01,7.976365717394906518e-01,4.216320610868998786e-01,1.524532651137517347e-01
2.563143071196117839e-01,7.624919209361054051e-01,5.194038190217896700e-01,9.503466455974897142e-01,2.724368881207071547e-01,8.153728430327131793e-01,4.668951917076065716e-01,1.528045803851299511e-01
2.238221811796566041e-01,7.762880060371660784e-01,6.366547400536525236e-01,9.407379565517492992e-01,2.758569238150379577e-01,6.610087273837245148e-01,5.659085525865795718e-01,1.521239861803470317e-01
2.072148952960669033e-01,5.000357580222933862e-01,6.957797370741420906e-01,8.669219506149414833e-01,3.406393315191790783e-01,8.446532185991413311e-01,1.643212598960167581e-01,1.531073870857222186e-01
2.844715358054556442e-01,3.874589189166846026e-01,3.179580265770028391e-01,9.371341467283073046e-01,3.005465629968459562e-01,9.524648794827307308e-01,7.300215688853328722e-01,1.508044136414653791e-01
2.460474256143236615e-01,8.030466629779713372e-01,9.435318220102169029e-01,7.568108797969533841e-01,3.398948175285999018e-01,9.200601536028218952e-01,2.639294725413771636e-01,1.536313340002062877e-01
2.491526922056228610e-01,5.772645867696424293e-01,6.374364416928440802e-01,8.597658603578899328e-01,2.848119791078666529e-01,9.423007504369682596e-01,8.787278377494167625e-01,1.504807239981381384e-01
2.806603924834536468e-01,6.651963854999386472e-01,5.444478290883828508e-01,8.673284079920555723e-01,2.662257202290607694e-01,9.391841688215273320e-01,9.684600544052071047e-01,1.506833361622385015e-01
4.019482110026838528e-01,4.978472845693560078e-01,5.774719971112884931e-02,8.827223623738809088e-01,3.039178503672620435e-01,9.188108313139176087e-01,7.398435462067820545e-01,1.512981967192527921e-01
1.849827787478933172e-01,4.439610186594341035e-01,6.641041960541064215e-01,9.686881035802978879e-01,3.040594359282259851e-01,7.903578877108091705e-01,4.293373825648705289e-01,1.523203431461625790e-01
2.473801895845505472e-01,6.382033480466047237e-01,5.156533206606623843e-01,8.988385498409737773e-01,3.053264294845578486e-01,7.368963778112680441e-01,6.773577430009234401e-01,1.510796943794811831e-01
4.104075807354069516e-01,9.552893247965204004e-01,2.576171420686537705e-01,7.931122032534035915e-01,3.072286967990224826e-01,8.842440981242620790e-01,7.277088375497302586e-01,1.528204443064349882e-01
2.995334085537234570e-01,9.231782778738051309e-01,5.563285970030240613e-01,8.703675142281815935e-01,2.782570832563455721e-01,9.683768052345953503e-01,3.762558824172687055e-01,1.528842105715828847e-01
2.685885701888244825e-01,7.306114483410871552e-01,6.782473638022040729e-01,7.899977913172400168e-01,3.251637904667756818e-01,9.524741248691002138e-01,2.639920933995338892e-01,1.534187337263958617e-01
2.126185936223588813e-01,6.942616789829189061e-01,7.407616917043087224e-01,9.012461283021552250e-01,2.993369677561392161e-01,6.982299926968669190e-01,5.719441682667469884e-01,1.520809308923451730e-01
2.075455713648580724e-01,4.629547755332567016e-01,5.913434505965594612e-01,9.165814530182406772e-01,3.017305594718502348e-01,7.065938604107626642e-01,7.275881264271994997e-01,1.517131775543898164e-01
2.687439359964312602e-01,9.315796959254123433e-01,5.885206575706640741e-01,9.307887071990508243e-01,2.426614281645343985e-01,8.022872829333161926e-01,6.878180203740118515e-01,1.511046807108727408e-01
2.230175009418108867e-01,8.268250479482224247e-01,8.369352063175388157e-01,8.612342915409508803e-01,3.177103143134274998e-01,6.664815623920827825e-01,3.866295793832416061e-01,1.522800163502623094e-01
4.572561386871401012e-01,4.950864942045380968e-01,7.383354526550089947e-03,8.395707047632114950e-01,3.545190807338307604e-01,9.789315779426985831e-01,6.579662868602251802e-01,1.508026313295165455e-01
2.630318535566265603e-01,1.526747595999729534e-01,2.487729242690027154e-01,8.926413085573048356e-01,3.558123899864391593e-01,7.605039246170253175e-01,5.594127096906746921e-01,1.516909988564079659e-01
2.870600395265477944e-01,9.384860044656215816e-01,5.018837276231610245e-01,9.018187783749630482e-01,2.785580894103153460e-01,7.230467936164074461e-01,3.541602367203231516e-01,1.535551040143339208e-01
2.889716715814836245e-01,8.356101894647466333e-01,5.800741024167733739e-01,8.465063421719190018e-01,2.774652109111147014e-01,9.442652980081154279e-01,5.922767604809849873e-01,1.521107191367625511e-01
1.892195890408863990e-01,1.417371583895863929e-01,2.962217418160038029e-01,9.840939632818475058e-01,3.603383494240753326e-01,4.864701739773216738e-01,6.170539881770620294e-01,1.516863646188205406e-01
2.861636014471217737e-01,2.969370784508497119e-01,2.717132400923047419e-01,9.231081857448126815e-01,3.366353822274721352e-01,9.071395908207000591e-01,6.002437442793039368e-01,1.511629927954968311e-01
1.985347930969317554e-01,3.827218562011302505e-01,5.797916895646262336e-01,8.990468198533788646e-01,3.474717834529160720e-01,6.720170410701596930e-01,5.915362353723848665e-01,1.511102762243280440e-01
2.087345592676826400e-01,4.299287888323542473e-01,6.861773731265276011e-01,8.577549711201848393e-01,3.495742257629920191e-01,8.488159628391642730e-01,3.729379268420602855e-01,1.525205898787145020e-01
2.281239748646474164e-01,5.376797678448361761e-01,5.132680718854570889e-01,9.601501836165631243e-01,2.891041774145036158e-01,8.044555292641391020e-01,4.936803611282430948e-01,1.518871719424444711e-01
2.707150682516389351e-01,1.602835575587834294e-01,2.262681603340469250e-01,9.395433551934583294e-01,3.193375230764361472e-01,8.610582847184239386e-01,7.561821494943621325e-01,1.501110958508441451e-01
1.697164183655677228e-01,2.938242921876629832e-01,6.496221842910046007e-01,9.167157513013634018e-01,3.578316409523269459e-01,6.846523575863281419e-01,4.780744367523732108e-01,1.516094132483232770e-01
3.343051499999886156e-01,2.622395352385557543e-01,1.318791574053324589e-01,9.410320111191159409e-01,3.164190314409591198e-01,9.895884365432560115e-01,6.720373251886799792e-01,1.502837243884466989e-01
1.844494683002991520e-01,2.507238505279207885e-01,5.807447089646816663e-01,9.591663125326805872e-01,3.350372403010217215e-01,8.184738068818943058e-01,6.534755573899476699e-01,1.508824819597905376e-01
2.267103465092093761e-01,5.868030870699436630e-01,5.818453496482154375e-01,9.468650964859813834e-01,2.598595884939630118e-01,7.975425015727721778e-01,8.305333017473850443e-01,1.512580740163873283e-01
1.574422973327793962e-01,2.101521156665284717e-01,7.720127709763404678e-01,9.211391455469365441e-01,3.435779083292074820e-01,8.976071284738350586e-01,5.784117652610351046e-01,1.512776241288647239e-01
3.016021982051063643e-01,8.101769830204066380e-01,2.610271377319694497e-01,9.901453622139830824e-01,2.422920132918051639e-01,6.612486238412857986e-01,8.073118188513336291e-01,1.510176266266046452e-01
1.952869820952266022e-01,3.416326596684411410e-01,4.529152627210361604e-01,9.869142041656826514e-01,3.364166143603836145e-01,6.939817677661761497e-01,3.211911315828511193e-01,1.521895924335965877e-01
3.016067626940188706e-01,1.380721731289346055e-01,1.021625248336077152e-01,9.569697456105427102e-01,3.307412020747879100e-01,8.633798439329162244e-01,6.236350111800441631e-01,1.508879803992357604e-01
2.654379735946568175e-01,9.842350656279219567e-01,6.426227033201967753e-01,9.301632586199584107e-01,2.460047827335064830e-01,8.053581847485531409e-01,6.758762557810376048e-01,1.514794368248409129e-01
2.369933344153205279e-01,5.066966304241902197e-01,4.062318799310384865e-01,9.963803030349045464e-01,2.870038264597490341e-01,7.872414120382704716e-01,5.794568095601789759e-01,1.518222134028863468e-01
2.346857915656953564e-01,8.311976843198853881e-02,1.931377676171445734e-01,9.977318664958978456e-01,3.400209068379356769e-01,7.269465235198461217e-01,6.571902047012478931e-01,1.499800592652699438e-01
2.872801141965429239e-01,8.305002169513153731e-01,6.625678043574816378e-01,7.737414008588257008e-01,2.976931945027496140e-01,8.603692601456163214e-01,6.645801873552814598e-01,1.524037292134652333e-01
2.288021672706135323e-01,4.357088925134476876e-01,5.953101224662753488e-01,9.086774565478157317e-01,3.215893717955946585e-01,9.331920141282338266e-01,5.599953695118005115e-01,1.515584523888491575e-01
2.629219110421165961e-01,6.478861318102453470e-01,5.210456363403418445e-01,8.943698346115905862e-01,2.991576152616756135e-01,7.967228485477971800e-01,5.996394473733066555e-01,1.517270680582528397e-01
2.802214313008858371e-01,4.259459538379262722e-01,2.696654301902148276e-01,9.843752671634374840e-01,2.720165955828883209e-01,8.439987116766083375e-01,9.515654052445245981e-01,1.500380130463393191e-01
3.386047413583663790e-01,5.054543866390592832e-01,2.414326393681252569e-01,8.970125088647974421e-01,2.800565355943192003e-01,9.294901023124270134e-01,9.698988463227085077e-01,1.503417134660387233e-01
2.411074128416959839e-01,4.698583531390640444e-01,3.128052400409864209e-01,9.865552781158741791e-01,3.046928174770943132e-01,7.140584828017011443e-01,5.086890124111926870e-01,1.515652352021042981e-01
2.670067005415747152e-01,9.250227542783682200e-01,8.598243467927884076e-01,7.772582261055326347e-01,3.137601304133810776e-01,9.639794271983070928e-01,4.569207841423124083e-01,1.525086366292215390e-01
3.305802091848865087e-01,9.485499842548186233e-01,3.137848283307706487e-01,9.483306054465497903e-01,2.366069822759174490e-01,8.027008491732221529e-01,6.966564467560889540e-01,1.519489693417689635e-01
1.895396347381177460e-01,4.634046433188347414e-01,4.439172356056231283e-01,9.992127029333041088e-01,3.287474617641825692e-01,4.863289544228475703e-01,5.439381094115027793e-01,1.511854790484366273e-01
2.506910832459232075e-01,7.893348518809469860e-01,6.650743738736011323e-01,8.823752680779362034e-01,2.978876070361696771e-01,8.019629168689049736e-01,3.892157011103856701e-01,1.524521149726336400e-01
2.764741264978662350e-01,8.640210371228138619e-01,4.140278834960885446e-01,9.484314899590056136e-01,2.610179471105690818e-01,6.268545206780408163e-01,5.372295831549350753e-01,1.530178890954767557e-01
2.063914145090740559e-01,6.294627646204512539e-01,9.309057241572613606e-01,7.722450017997806171e-01,3.536019741900140456e-01,6.917872639626452269e-01,4.574549326169214947e-01,1.523707967010467235e-01
2.779513034488068079e-01,8.763641002827426973e-01,5.694130303639822754e-01,9.704136910933018889e-01,2.197652922603557102e-01,9.977702087039066470e-01,7.443351627715834029e-01,1.517773013667901849e-01
3.101763010610668614e-01,8.535462353136493707e-01,4.494134062948278996e-01,8.809191810795790056e-01,2.543608898033577481e-01,8.567070376538189480e-01,8.055856176792302037e-01,1.513208961304277067e-01
2.323901317662931676e-01,4.451463782436826944e-01,4.885429977164573168e-01,9.600635522829956692e-01,3.018729380517962690e-01,9.088873916589587099e-01,7.119744972168879915e-01,1.500576738762735562e-01
3.189049446759462669e-01,6.794461913468599068e-01,4.598048481770736773e-01,8.105481886394272362e-01,3.375764551378124811e-01,9.803622875445510143e-01,4.921370434165655006e-01,1.517790614017923978e-01
3.463389682407894132e-01,4.581300211686228918e-01,1.499056396751302644e-01,9.543695092470725339e-01,2.897397098109794067e-01,9.615094755263231541e-01,8.660974784278188121e-01,1.502773086484641973e-01
1.793845976402095588e-01,5.052308688170912276e-01,5.209527900997611427e-01,9.865599595411198575e-01,3.156175181603881885e-01,4.645239375563732231e-01,4.579203168025391402e-01,1.521318742653722800e-01
1.745900106467497270e-01,3.373219690735831944e-01,7.061992945305335390e-01,9.370823534955311507e-01,3.452452381772692092e-01,8.137296284274205815e-01,4.243236247729205157e-01,1.518867245744932870e-01
4.122857900439981238e-01,7.162123855148674334e-01,7.072952301935292452e-02,9.134593031328612778e-01,2.692780651734782982e-01,9.154392575299061807e-01,9.179557159518545451e-01,1.504579557035378434e-01
2.331065720723130286e-01,8.476805044090653940e-01,8.081125174890246843e-01,8.133895472960495088e-01,3.268393813071958087e-01,5.593876431579973829e-01,1.718969219121380676e-01,1.540236556651924382e-01
2.980059087420451336e-01,9.746555050495658845e-01,7.505316665487347105e-01,7.457009418803183243e-01,3.339972874277222226e-01,8.500371235945096693e-01,4.210485308784410741e-01,1.524309701177720133e-01
2.959303295999398675e-01,8.406545282767381444e-01,5.133666371214358204e-01,8.581276871062581968e-01,2.858375233367549950e-01,8.698508888984352039e-01,5.044978865560879600e-01,1.531744135696160580e-01
3.848313420360968129e-01,9.125614098249757999e-01,2.240150884150394761e-01,8.933049239415460363e-01,2.571658078402110359e-01,8.769994920785124659e-01,8.803815104927965596e-01,1.521468481566919662e-01
2.424070067074946544e-01,4.488993716452754357e-01,5.425355079092992749e-01,8.997537950440327448e-01,3.231068582933995792e-01,9.253145897253800545e-01,6.772094352545060536e-01,1.512702309073636897e-01
3.423360645379122102e-01,9.244846194148121921e-01,3.871109596419557430e-01,8.965253395572020390e-01,2.203301294415901945e-01,9.790235947566767738e-01,9.212658124032819806e-01,1.513095391817927127e-01
4.870528473569879502e-01,9.753351270683336960e-01,1.262604315253618159e-02,8.873454394178095228e-01,2.648940336402573759e-01,9.902695298645344257e-01,9.390168629522843702e-01,1.517776023946409147e-01
2.266476112310737145e-01,7.750165567879656603e-01,9.398443725947414062e-01,7.762830882264808441e-01,3.518497102872810700e-01,8.165822123537936905e-01,1.951897550500891754e-02,1.537099622990512060e-01
1.910824565181258039e-01,5.298917083519997240e-01,9.238132860429351112e-01,8.411034947989068922e-01,3.409727936416636629e-01,8.862448065758473659e-01,2.262450181749532940e-01,1.533715944401498332e-01
3.866442428095411277e-01,3.244094955289574811e-01,1.775859722206979407e-02,9.195598556519490874e-01,3.159346397218657509e-01,9.486538431845391584e-01,7.502769919186104142e-01,1.499673123275618580e-01
2.018589767137823343e-01,5.839629371156312976e-01,4.417010773566004134e-01,9.868526289307565369e-01,3.116971447844737453e-01,4.393683214313324203e-01,4.509468074585270547e-01,1.525358337918941709e-01
2.333497214541923048e-01,6.820602715560253326e-01,7.075100409034329463e-01,8.887998009339559413e-01,3.158621931765354662e-01,8.805260877562135491e-01,4.822378420556718281e-01,1.517113076115687575e-01
2.341325406672393472e-01,3.117525976967998047e-01,2.292663815471390198e-01,9.650988754408437176e-01,3.577929735005418999e-01,5.721308588112068438e-01,1.898020492119933955e-01,1.526315223259428200e-01
2.962859297829769090e-01,2.765320561404567279e-01,1.616738366570932839e-01,9.943511903150499265e-01,2.874543674601821586e-01,9.222903542048874748e-01,7.815801852308346120e-01,1.498895306122126347e-01
2.093237802433192130e-01,6.862859789358781715e-01,7.011345490415180626e-01,8.824548892861321381e-01,3.032046579106706385e-01,5.800809809474254397e-01,5.140356117306140726e-01,1.524772251908382559e-01
1.890224672528624250e-01,6.015067156137822169e-01,8.260955953090443060e-01,8.895960692447133500e-01,3.059994272116101088e-01,6.197576463786876877e-01,6.436729559173598458e-01,1.520581053682732442e-01
3.891887261048639912e-01,9.763981878923277957e-01,2.219243331462273927e-01,9.446891779988630944e-01,2.218700444732116250e-01,9.818679927709821342e-01,8.816195170751064403e-01,1.513725702316422173e-01
2.219270098537251545e-01,2.099984448892924793e-01,3.623844133221868491e-01,9.633347926577571219e-01,3.448878810374746973e-01,8.012146577178720364e-01,4.488287762958823035e-01,1.517777498289345772e-01
2.797620178204053287e-01,8.552725274203621941e-01,7.091792764459307064e-01,7.758533979214948806e-01,3.454899492834792585e-01,8.589072895034833843e-01,1.025222677018924333e-01,1.533766922561661805e-01
2.186476911510082388e-01,4.820855970534602131e-01,5.944178987244777002e-01,9.034677636430217262e-01,3.168785495214312409e-01,8.104859752497390879e-01,4.092553502156972556e-01,1.530307711889306310e-01
3.822039630321684145e-01,8.960988073519962072e-01,2.964909694096983794e-01,8.332651863418226723e-01,2.632532631106045407e-01,9.121035038219410529e-01,9.884415048569474838e-01,1.513431892836080706e-01
3.909025922650362639e-01,7.373327558432287709e-01,9.342192951553079938e-02,8.877734890119080013e-01,2.985655528132177272e-01,7.841651390578664449e-01,7.377941048017806480e-01,1.516932034243742844e-01
1.995380144518204002e-01,5.512672051955563868e-01,6.538406279065919202e-01,9.153817658684246794e-01,2.956967234727883032e-01,6.473679664138286549e-01,6.529090016325220791e-01,1.521870876168144038e-01
2.339069676758023797e-01,7.436754092960943252e-01,8.283057586955682172e-01,8.168402928323910128e-01,3.160352926363284021e-01,8.835444324611495537e-01,3.332754121488904486e-01,1.526425702550913699e-01
3.451227244521223314e-01,9.288970232085510537e-01,4.942164079049995440e-01,7.951809668904943340e-01,3.350983635924155157e-01,9.785405955476140782e-01,2.546462634919071655e-01,1.527958973486655547e-01
3.185688479547703622e-01,8.656775494985959885e-01,4.937655780177848119e-01,8.440298329090147877e-01,2.738544821601669454e-01,9.811874295836960913e-01,7.640130421491577728e-01,1.509934911266932189e-01
2.518016167676633277e-01,7.411959879378761107e-01,7.290637565381896668e-01,8.287248199809574833e-01,3.228245697979992834e-01,9.278057066936953312e-01,4.635650040431249508e-01,1.521874823025660128e-01
2.822595691846566113e-01,7.589090245775358401e-01,5.473617134396195905e-01,8.796116961454186756e-01,2.901298007587557182e-01,9.602067890277367068e-01,7.163569275604741993e-01,1.508019340987317158e-01
3.934463816904647526e-01,5.409495473194215753e-01,1.420629314862038028e-01,8.732704552230425854e-01,3.071012704710538443e-01,9.791652736918063926e-01,8.834025544917237793e-01,1.508037916596756400e-01
2.710408197134905328e-01,9.148488888919206197e-01,6.558457460778379655e-01,8.902845499539029372e-01,2.626188309942530941e-01,8.704817023054166603e-01,6.817341039224545929e-01,1.513363172355372821e-01
2.069017021724128824e-01,6.839473538580338463e-01,8.298223088229843558e-01,8.834641748624089130e-01,2.898423075279974448e-01,7.315021684504363630e-01,8.127539423542853303e-01,1.507719784135991281e-01
2.141566985703010906e-01,1.095510415281391037e-01,3.472188731408730744e-01,9.981365020824771728e-01,3.141584231177333986e-01,8.871232606529915188e-01,7.179905222118545538e-01,1.502743288220412532e-01
2.269218073632542909e-01,4.782787443050698917e-01,6.912300968905918941e-01,8.453496772958456473e-01,3.364716910464226052e-01,9.759990164245182509e-01,5.748189405809659425e-01,1.515224085703037182e-01
3.790154678551460044e-01,9.710149645131802565e-01,2.900401974292827201e-01,8.537790204002628780e-01,2.714272996973466356e-01,8.392261838338572755e-01,9.626058934295820269e-01,1.509603242368214859e-01
2.846213122385459204e-01,7.289063828453119509e-01,5.984761803138497482e-01,7.797056756314461046e-01,3.268383651019081126e-01,8.464344098255995874e-01,2.623254969882801158e-01,1.538855443283896063e-01
3.106300354664405239e-01,9.897133408824601020e-01,5.341458340991029896e-01,8.475040059013481120e-01,2.637126168933405235e-01,7.441757454105215608e-01,8.708543064565652525e-01,1.507781063954423406e-01
2.788908482703318370e-01,1.093628006527437857e-01,1.351540018310840030e-01,9.213594709819594719e-01,3.767907794100157637e-01,7.510403253236803689e-01,2.338176484814941669e-01,1.519915258224773802e-01
4.611876163043102661e-01,8.241448248847895730e-01,7.222957141943897597e-02,8.268636788988606989e-01,2.821046218883561663e-01,9.296100040083787874e-01,9.871321045714513964e-01,1.517649002776160494e-01
3.388297128103390787e-01,4.493988881258226264e-01,9.148391000577060783e-02,9.315322504549278237e-01,2.926234462186997343e-01,7.572784765920913541e-01,7.240193258691466349e-01,1.515334342744848461e-01
2.011890938067232293e-01,3.846704309051607318e-01,5.600402194633231634e-01,9.448941741205620914e-01,2.990318829279755564e-01,8.021003000037363329e-01,7.951345406656376014e-01,1.507564964496770077e-01
1.901450965454843378e-01,3.722275815520041942e-01,5.375326761880651061e-01,9.491661716706822904e-01,3.444103834684916210e-01,6.584096302179316407e-01,5.166447682265600250e-01,1.514765672833097987e-01
2.326165847605359827e-01,6.079351379897051100e-01,5.970504741879812949e-01,9.131000018551778119e-01,3.003223065878746212e-01,8.222788047731033334e-01,6.914011997288870282e-01,1.509299519601574047e-01
2.346629410280982042e-01,6.384497488549681909e-01,7.275754994581173918e-01,8.792405953406884356e-01,3.011949801330114918e-01,9.064568608747414213e-01,7.757177021395754712e-01,1.506967828733679626e-01
2.941095949205309035e-01,9.727804301229070472e-01,9.630014327936562424e-01,6.457026421635813085e-01,3.550849347517119337e-01,9.761737882994392379e-01,2.720936926133459277e-01,1.535040591283667599e-01
1.877344239009650639e-01,3.217806255351616240e-01,4.103160296822371267e-01,9.794599396864857033e-01,3.434862514160376135e-01,5.305593078074444247e-01,4.077566174951915423e-01,1.521695943002119022e-01
2.760546557459372941e-01,5.149648331435069393e-01,3.842375797762769274e-01,8.846415077720399811e-01,3.221092045669580184e-01,7.937881433602267389e-01,6.013090235669326100e-01,1.516354898739919188e-01
2.964765600430273040e-01,9.231185922146118994e-01,5.345724309665244034e-01,8.312863401467637248e-01,2.932816596749653337e-01,7.566471239850863784e-01,4.407399609104942773e-01,1.531658581975519073e-01
3.774193324111506653e-01,5.202183247885898698e-01,4.221270992348424844e-03,9.723112519467542736e-01,2.781619479103781267e-01,8.360833922904687965e-01,8.262902751525110778e-01,1.501101803452242756e-01
2.217758323555457933e-01,5.074573015725003522e-02,2.206895687783611004e-01,9.530763472031422712e-01,3.758411131250831150e-01,6.382910535668082641e-01,4.025395564149960026e-01,1.518777017320848688e-01
2.568878599328937029e-01,9.591940658677078346e-01,7.736780260203844906e-01,8.506768356134590814e-01,2.752794605816710205e-01,7.700085145980087864e-01,3.521172965694513435e-01,1.534052988741399226e-01
3.173169156244657341e-01,7.997796317617107409e-01,4.442012275293580337e-01,8.716130796935160907e-01,2.900957331164347730e-01,9.447167965950836743e-01,6.226481591411852090e-01,1.516829789681957141e-01
2.487616899129018455e-01,8.404352402136620048e-01,6.720973872476514455e-01,8.409120990114459238e-01,3.020976874211629970e-01,6.198223498761296080e-01,3.363722168054110728e-01,1.533602656594930391e-01
3.183333725858147889e-01,7.890714467160790946e-01,5.970036353816319252e-01,7.370000658563631291e-01,3.572289083374871055e-01,9.865519397568182081e-01,1.106870299261454860e-01,1.534736709139067345e-01
2.296380435499068007e-01,4.294644948260124551e-01,5.691530967545420650e-01,8.751614983410781479e-01,3.427151917846161244e-01,8.858728038835690377e-01,4.064587134997712514e-01,1.516704296240508898e-01
3.131310094080678175e-01,8.946898993802936406e-01,5.941819268356779427e-01,7.685081922653989039e-01,3.142211111088919484e-01,8.818317137639156700e-01,4.291763748091994568e-01,1.528200531539967988e-01
2.888276736046467841e-01,4.856208221823636317e-01,2.678883329259413859e-01,9.756679107657320049e-01,2.771559817882611187e-01,8.710478048745399215e-01,6.572527121606833722e-01,1.512781993074617803e-01
2.356478046341412558e-01,8.773345775862839702e-01,9.001333601712357968e-01,7.638027777252978101e-01,3.167515381611582526e-01,5.335086031131189843e-01,6.395379735770292395e-01,1.523668135722581196e-01
2.621669698714496621e-01,7.143916867636275203e-01,5.548953588242683255e-01,9.100527351075622384e-01,2.805225193710057519e-01,8.573862116229884478e-01,8.288225216961440101e-01,1.502461876473849822e-01
1.957184215905677649e-01,3.862599101449860628e-01,4.928509247428553008e-01,9.810170241444632344e-01,3.198442445701704107e-01,6.646068933612210294e-01,7.113629665222149789e-01,1.505095109390016395e-01
3.155062199478844143e-01,6.959806628653837368e-01,3.754959495414542658e-01,8.898180685584604621e-01,2.626816206665024689e-01,8.901197002520273571e-01,8.873015317472310315e-01,1.512333822644519876e-01
2.060945125745872741e-01,7.832571917399454575e-01,8.421195198592079656e-01,8.302541196543186119e-01,3.353461060333815524e-01,3.989624366348815121e-01,3.545984639977292074e-01,1.529553536473928499e-01
2.070148837665402863e-01,6.113182769228228119e-01,8.596393457032420748e-01,8.740054322636189310e-01,2.912631339660265439e-01,8.908728497357832898e-01,6.781702941017014874e-01,1.517937954787108301e-01
3.686326803149657105e-01,9.882095926710983136e-01,3.833538172231094610e-01,8.358452489399217367e-01,2.978476178187515200e-01,9.891864870801783116e-01,6.531734535099953387e-01,1.515622206756650214e-01
2.016376881219604511e-01,1.462550430687269976e-01,3.260253246340962252e-01,9.914615811711330329e-01,3.444677429867188945e-01,6.535081751963012220e-01,8.795344457689170392e-01,1.490282809589857094e-01
2.737500538540171280e-01,6.579942982637313476e-01,4.466859540436260434e-01,8.678329349939554183e-01,3.228638709388524930e-01,7.744642328500408457e-01,3.756782291719615863e-01,1.524630422687338893e-01
2.670153112081796176e-01,2.121022813822077691e-01,8.137996795102858671e-02,9.516198888615017282e-01,3.646119874045459230e-01,5.315796720930574537e-01,4.472762671361610320e-01,1.519759334443700483e-01
2.010520152121676729e-01,3.722898570707720012e-01,6.373851571629960411e-01,9.395467469758903567e-01,3.114974840986280413e-01,8.590312622174359758e-01,8.618048081004099359e-01,1.498255936329980775e-01
3.525928598260214542e-01,8.164032243448862136e-01,3.423907602309376741e-01,8.464195055220925523e-01,2.870629773467436308e-01,8.743981287955433501e-01,7.324599601239764057e-01,1.526696530354523240e-01
2.764898002948206757e-01,6.666018344323256795e-01,4.047380776362580201e-01,9.325411980337213746e-01,2.903804453857415369e-01,8.340132304381284722e-01,5.091723645764891781e-01,1.524512707865874062e-01
2.505604383304121940e-01,8.259663577127219769e-01,7.554321119904042758e-01,8.239738418264456188e-01,3.171393219777405847e-01,7.098292173491592694e-01,5.064246189069874227e-01,1.519789393387613319e-01
2.991384562601601682e-01,8.712268237163537377e-01,3.895287734479453423e-01,9.569375057952025365e-01,2.558909799553001907e-01,7.999330046936362626e-01,4.625235668192896332e-01,1.527691586181941230e-01
2.657280235976630656e-01,1.789832282371330296e-01,2.419650148670865475e-01,8.930490269958373251e-01,3.594923124977290607e-01,7.514401351723077882e-01,5.176417114179018286e-01,1.517306594638251349e-01
2.996795953513692323e-01,9.739232626226654865e-01,5.410574776041874312e-01,8.477286744430214682e-01,2.801876989151885766e-01,6.696357878755431203e-01,6.194837868082412324e-01,1.525429161879366946e-01
2.309561779966834982e-01,6.213563992028006133e-01,6.639967224915210853e-01,9.292681878434549958e-01,2.894095990433804277e-01,9.388195939998721373e-01,5.126381610215356988e-01,1.515379184856885941e-01
2.201805009315035699e-01,6.497247410838923320e-01,7.298550340125873337e-01,9.034299218827844813e-01,2.987132310817003367e-01,8.777496020692924228e-01,6.972855397928013899e-01,1.503371505023352039e-01
2.260446419493272741e-01,7.399767656895744894e-01,8.113504827518374096e-01,9.157589307021797298e-01,2.614258429519908944e-01,9.433371511212488292e-01,7.555179917399752476e-01,1.512124665939601764e-01
2.035566724332621980e-01,4.869293677070141158e-02,3.537853347048683927e-01,9.976499980722035588e-01,3.228656856523045016e-01,8.651038496571736847e-01,7.885672314248982628e-01,1.500848639777525584e-01
2.705207801558148772e-01,2.485299261174563346e-01,2.501262800160976574e-01,9.509834736560305313e-01,3.303810724706539026e-01,9.003927747722141328e-01,5.264262341920282751e-01,1.514506311914638748e-01
3.277099782011644868e-01,5.102424057335382956e-01,1.557173575700632195e-01,9.313417487212108936e-01,2.814359451373572574e-01,7.988829304928448671e-01,7.207856281496601847e-01,1.515915690645608382e-01
2.906888681301170174e-01,8.407420925250341792e-01,6.702303329506611451e-01,8.276820642712950926e-01,2.679257463638138326e-01,9.627203889094326783e-01,8.534903841958423332e-01,1.511483154189526279e-01
2.618982965781079808e-01,8.745371656135247918e-01,6.258456178278984927e-01,8.601221517939390271e-01,2.753760830881480937e-01,7.140205411726837648e-01,4.966983948489716028e-01,1.526632099194512038e-01
2.795620996893241061e-01,6.517542094375364803e-01,5.942411992313411107e-01,7.975360632532962901e-01,3.200924709860604733e-01,9.030235917842048821e-01,4.682856003732041583e-01,1.529369146407438540e-01
3.937793955551449621e-01,8.941529020650432757e-01,1.623894911186390400e-01,8.688506066711838560e-01,2.486816098467920788e-01,7.850066079938616825e-01,9.896690043854763363e-01,1.516344498772540239e-01
3.056740796047872633e-01,8.982304908087844764e-01,3.552445140867455109e-01,9.054972296362649997e-01,2.806347999287957529e-01,6.362284483319724515e-01,4.696098648836832812e-01,1.530056223986286379e-01
3.841754035813477186e-01,4.541178391665646741e-01,6.492047086912433596e-02,8.944593657340368376e-01,3.209902926309682325e-01,9.057477105065714351e-01,5.868233167447473031e-01,1.513913559242807683e-01
3.079500461493873131e-01,2.457628567779413520e-01,6.723700057940684705e-02,9.742420575412916728e-01,3.157939936937944059e-01,7.900169805679677637e-01,5.285753279178246888e-01,1.508862905309459046e-01
2.498295045650300306e-01,6.938834798248971758e-01,6.472245164070870027e-01,9.119207208366002515e-01,2.923763422322550598e-01,9.143026687132086439e-01,6.197385868610794102e-01,1.513985769212917998e-01
3.129618213089305212e-01,8.789869020329693639e-01,5.497646621342360262e-01,8.406036930523383965e-01,2.677571883517871898e-01,9.446859718890859847e-01,6.331817423336271178e-01,1.525359386739743583e-01
2.723212047182528850e-01,7.364284055035776877e-01,7.135265358186726470e-01,7.633684208855435749e-01,3.596602778475298523e-01,9.141251507614107652e-01,1.209200345567269519e-01,1.529864600701378863e-01
3.011092624671042328e-01,8.123734574132326358e-01,5.395975096200458232e-01,8.259489757346664129e-01,3.148528259745946856e-01,8.559103551040145863e-01,2.925626741041320034e-01,1.536368997785310941e-01
2.655544741437826373e-01,7.488375565767694253e-01,7.874361186445631988e-01,7.468492938449361462e-01,3.434638017494862083e-01,8.693476405949872587e-01,2.930957921508897113e-01,1.533334775213746060e-01
2.120509181818261979e-01,6.354966098907706140e-01,7.272230750397576937e-01,8.628866881679128076e-01,3.181134573572617641e-01,6.726539082832183603e-01,3.895523415392902478e-01,1.527573171247428307e-01
3.131275017703010199e-01,9.609601843433634993e-01,5.786181569811160719e-01,8.021088255530353095e-01,3.131181079882814910e-01,8.216945594331938052e-01,2.623173090897306103e-01,1.536951132111898932e-01
2.884981859453066844e-01,8.589120669333734082e-01,5.576073710854478893e-01,8.203132496866364365e-01,3.062199757830916802e-01,8.009969720791534353e-01,3.824994885286716606e-01,1.526529735767019891e-01
3.120822877905889969e-01,3.914802959295723417e-01,1.795175538010225780e-01,9.632064901093813081e-01,2.743110129607166936e-01,8.763696321394898181e-01,8.334192263564685899e-01,1.504400535598134636e-01
2.505778603342104782e-01,9.531459503529415844e-02,1.181461435749940336e-01,9.602468034556042031e-01,3.794368918210300201e-01,6.518411034377511459e-01,1.601439234210463858e-01,1.525552015748350976e-01
2.904717343057743317e-01,5.870970055405622112e-02,2.141490244181007419e-01,9.163336520140241692e-01,3.345478780194221513e-01,9.731467197622598597e-01,7.716318990870428829e-01,1.503166606449471421e-01
2.850361743805350234e-01,9.082919947575081032e-01,5.844084644954586905e-01,8.816728718657150798e-01,2.689866753935322152e-01,8.188285207558853029e-01,6.697984273623531770e-01,1.519418582713592258e-01
2.615644755894573903e-01,8.505178812617723016e-01,5.703885921958533611e-01,9.547004558699060395e-01,2.354952808770826855e-01,8.620257166739035970e-01,8.798045176987141502e-01,1.502429597462328903e-01
2.048316433676226345e-01,5.936549303517846266e-01,7.838864866546657595e-01,9.169567413041554982e-01,2.859427262824643101e-01,8.569568897346921954e-01,6.781141190192725432e-01,1.519635102538114402e-01
2.800750754727046599e-01,9.293068503726323870e-01,6.265509626654456321e-01,8.547215866658186556e-01,3.109524087195846831e-01,7.599031092205293936e-01,2.244871461542973234e-01,1.530417802795147608e-01
2.585047053092124347e-01,9.890864221003745627e-01,7.667296087197417176e-01,8.607417108130351879e-01,2.705766376813850127e-01,8.211573308949932093e-01,4.295907184877022500e-01,1.526389628018849087e-01
2.688084893490436111e-01,7.750476838073527830e-01,3.588912352625028834e-01,9.917021330035142856e-01,2.193266217988021072e-01,7.115969462499068809e-01,8.781325781050637325e-01,1.510549751243289163e-01
1.719726247759488236e-01,4.477350167919166291e-01,7.833930341185741941e-01,9.233091588608520750e-01,3.215344767765773160e-01,7.461733094527253085e-01,4.257296157557964311e-01,1.523131541187795479e-01
2.146050800652744839e-01,5.431673164053976155e-01,6.656350467017498884e-01,9.605747764691903168e-01,2.760730752231433383e-01,8.865068408911578324e-01,8.394556901480547673e-01,1.502384993936313196e-01
2.906965366901176351e-01,9.832716878118750170e-01,6.722863482897860621e-01,8.072673882751876251e-01,3.039281645793990849e-01,7.287370896881012472e-01,5.130315993916393369e-01,1.521544438373060859e-01
2.152381234895483775e-01,5.812097142163141772e-01,8.673429313826768183e-01,7.961330619294323396e-01,3.446045225177771787e-01,8.740539253917443130e-01,3.618333398229434117e-01,1.529961998181750826e-01
2.552822847670803696e-01,9.006725331299703097e-01,8.969841855786500062e-01,7.951877903156916449e-01,3.119488345100687177e-01,8.713954040342072327e-01,5.626931613118102415e-01,1.513606241050779733e-01
3.441906076349082744e-01,8.727192563904526690e-01,2.353368003829084676e-01,9.977836910992770036e-01,2.133702012814034377e-01,9.014328776758750994e-01,9.475749274977979253e-01,1.510031033954598312e-01
2.737712865162670872e-01,9.786613815914504411e-01,9.070279866746925324e-01,7.516490566498564840e-01,3.049117966732292073e-01,8.800779352767342800e-01,6.755116996652823502e-01,1.519710710559078748e-01
2.358740940747089676e-01,7.207545493535181258e-01,7.868548370936747638e-01,8.577848632991014188e-01,2.944993746292127734e-01,9.636856153364117272e-01,6.528613594608480009e-01,1.516768926952166141e-01
2.985411415458441575e-01,9.465466465186065381e-01,7.344232744254403089e-01,7.301878531201992928e-01,3.293150059260309126e-01,8.904220753234656227e-01,2.061850839589874917e-01,1.534529321555802295e-01
2.772586447004208865e-01,8.936399060557771445e-01,7.264935073117613218e-01,7.751185061925149888e-01,3.063085293518363894e-01,8.063501852453339724e-01,6.294299675796790616e-01,1.520312215878712181e-01
3.645731139084691375e-01,4.210353338256316857e-01,8.382587613296554885e-02,9.453702520414867250e-01,2.743053399944027637e-01,9.207573642634466760e-01,9.250464785755034836e-01,1.503111517310723733e-01
2.127466065149368202e-01,6.225880016922181737e-01,7.896386498174675639e-01,8.788583564834296924e-01,3.031175628715291337e-01,9.018656315815394287e-01,3.917373702627526821e-01,1.525765936137861156e-01
2.079688348267306752e-01,5.686323428624424636e-01,8.509387878852225917e-01,8.401049808170437672e-01,3.199767540913164288e-01,8.251835705326358017e-01,7.747496512144764758e-01,1.506223919916310772e-01
3.142714903118688508e-01,9.492621482485905648e-01,4.198551111889721743e-01,8.797313339783477959e-01,2.559820247111773139e-01,7.535316418457180809e-01,7.375456435868608107e-01,1.516347575252652291e-01
3.266796973664056192e-01,6.086066364304737464e-01,3.427938279480812200e-01,8.538126948413959916e-01,3.043948767933306043e-01,9.180967042604726291e-01,6.633067964883597734e-01,1.519403349712155071e-01
2.879213301541840853e-01,3.826099453767417002e-01,1.800470032604554738e-01,9.725874753369443404e-01,2.749659330859123285e-01,8.130174013315479842e-01,8.507993849090293992e-01,1.500450164102987705e-01
2.474706318128761240e-01,7.959266757429366290e-01,6.090313445013147975e-01,9.119899976173306833e-01,2.572429957088430141e-01,7.053828874804006777e-01,7.477322214789475785e-01,1.515562376090503760e-01
2.368618534054421909e-01,3.721650328943620911e-01,3.560488503173876440e-01,9.372799178348196758e-01,3.208891537864472232e-01,7.495885450921774273e-01,4.771150847047640475e-01,1.518843289985423728e-01
2.791325527252214722e-01,9.494947585834113690e-01,4.943234713100820854e-01,9.323895449225895193e-01,2.562276246053394324e-01,7.440472131680856416e-01,6.188027507617286371e-01,1.514781771175985892e-01
2.882958506845406110e-01,8.382542447604253155e-01,6.951118775369904412e-01,8.027395149843140620e-01,2.916165530698254238e-01,9.847579669468193853e-01,6.971002816853190120e-01,1.511170892998583981e-01
1.933354239605161451e-01,1.760229698472102755e-01,3.613142696800897280e-01,9.482557718227840882e-01,3.767739549584950276e-01,5.630891656189001004e-01,4.126848632427363439e-01,1.522218507105033980e-01
2.424375448132485567e-01,9.228386277925952896e-01,8.675891541851761257e-01,8.331024165254945490e-01,3.073810461658452176e-01,7.446639324784601888e-01,3.934392260640489081e-01,1.525850759550586855e-01
3.432131195728995721e-01,4.946590008360848834e-01,2.062164391985580325e-01,8.880248743726369964e-01,3.015775574705538142e-01,9.232233389214395958e-01,6.532598273396700295e-01,1.520780282221003143e-01
2.190095485353428240e-01,6.418501119244385267e-01,9.901541325974494434e-01,7.618004440281167522e-01,3.502758864062312516e-01,8.966000943809171453e-01,3.558694921200437067e-01,1.532992308319361674e-01
2.551827211270758511e-01,9.120878225323919564e-01,6.237060939454501796e-01,9.305084867225160705e-01,2.501682161450878294e-01,7.384871718251304618e-01,5.784350219420449912e-01,1.522850586521017624e-01
2.127208445570125672e-01,5.215883703977006736e-01,7.861274123962490590e-01,8.824077943738468655e-01,3.208602206471968254e-01,9.705792824051659995e-01,6.310781842846557854e-01,1.508355295330499612e-01
2.291972386571203002e-01,6.994313622524093166e-01,6.994612604023278113e-01,8.911400943189188295e-01,3.046546899614206994e-01,7.241802913983123036e-01,6.492604392110091771e-01,1.511197535142075055e-01
2.668283961315394137e-01,6.384058675716297593e-02,2.289815432073217805e-01,9.648242636358783653e-01,3.097338499620711505e-01,9.890435592307134094e-01,8.152293543130600950e-01,1.499073781024675978e-01
3.276171482258639078e-01,7.918106104994409034e-01,5.369351632052098422e-01,7.498936252801798874e-01,3.228142198194513535e-01,9.319418416316292975e-01,6.628745816503103239e-01,1.521530309676102366e-01
1.832159035269027847e-01,3.367016611184298625e-01,6.866359808883860660e-01,9.492822500569709776e-01,3.205857389608580688e-01,9.448310845912899492e-01,5.415891861789986494e-01,1.511283769408676703e-01
2.603560665657238538e-01,7.699981039905482438e-01,7.046713844579470809e-01,8.291361849336620349e-01,3.063973755135507848e-01,8.660293201708260113e-01,5.680527718662828907e-01,1.521351536029401652e-01
2.933198214488593747e-01,7.980292871351525319e-01,5.810273858875156794e-01,8.335013337684148427e-01,3.215195297505767935e-01,8.974714342476833862e-01,4.927450311901178659e-01,1.518978252149259800e-01
2.782333087497463331e-01,2.725208866685150944e-01,1.497598943044626818e-01,9.576029007148481043e-01,3.151592028593034334e-01,7.269627002985178388e-01,6.082773392628108011e-01,1.512776888938700548e-01
2.303266087039566590e-01,9.498402167812636243e-02,2.036996419107097722e-01,9.766831983402266548e-01,3.437463193742022471e-01,6.720315345848992816e-01,6.883439427781092856e-01,1.509213206555836961e-01
3.370960469977876683e-01,9.362004324071218075e-01,3.083483139128184725e-01,9.358894778098468814e-01,2.404910003374328142e-01,8.234407785485292619e-01,8.707217079468505538e-01,1.507297233979271456e-01
2.746782363672859995e-01,9.527119290086490944e-01,7.020080900918507227e-01,8.792688728024632416e-01,2.716598876149125541e-01,8.764198698349355832e-01,5.761494431774379921e-01,1.514849207800448849e-01
3.035664111135906174e-01,4.808876364608246634e-01,2.583662075270729552e-01,9.802536993186528047e-01,2.574919148571195859e-01,9.778655268771941911e-01,8.853048710340565286e-01,1.499519934341738969e-01
3.826994097877176038e-01,8.993097858357468333e-01,1.056288664113359532e-01,9.972201163631815302e-01,2.326792803520242869e-01,8.915192310869222148e-01,8.164820045471050669e-01,1.511358668806615513e-01
1.956014587682481376e-01,4.158165334685025583e-01,6.557013847264343553e-01,9.077609098133885279e-01,3.227119827585659406e-01,7.655925875566831351e-01,6.384833156242011309e-01,1.512984211440858984e-01
2.757758271904381386e-01,9.456779031453563800e-01,7.480156944273853581e-01,8.361404760930091218e-01,2.967756869198182046e-01,9.810007486026978141e-01,3.261076586041049552e-01,1.528448141438307484e-01
2.663503894668707295e-01,4.652298248470106978e-01,4.483064786542247382e-01,8.579536815423879359e-01,3.337920955658072453e-01,8.747274720750028987e-01,4.222254846490572922e-01,1.524920302578962883e-01
2.337717999838025973e-01,4.938535492988240794e-01,4.624370914756051887e-01,9.502380645197151532e-01,2.903380282791246936e-01,7.875792371764822608e-01,4.713199724242739808e-01,1.527068946730955334e-01
2.465508991462596611e-01,5.317707843088363973e-01,4.999604618372904818e-01,9.266038486612792058e-01,3.098586421115921974e-01,8.574073369457393401e-01,5.659224921372176809e-01,1.519673889654556131e-01
3.029591716094836573e-01,8.522221402328747919e-01,4.907134827212166206e-01,9.266286907472988110e-01,2.600154317858816011e-01,9.370586529094708794e-01,8.052402556363775776e-01,1.510184661892169378e-01
3.549743965341058960e-01,2.832532058191949420e-01,1.580430134158407607e-01,8.800728236797131787e-01,3.349008419684305626e-01,9.849854598865198652e-01,7.024925481939034988e-01,1.511689633619278106e-01
2.562002917128540780e-01,5.969408217799567762e-01,5.656875349646460771e-01,8.624042588731485326e-01,3.094089133531398583e-01,9.381380901469285050e-01,4.430474859941354593e-01,1.526763049560433960e-01
3.932903914301816850e-01,3.431242007525959203e-01,2.525771957655292832e-02,9.062201094091528741e-01,3.364534495742826925e-01,9.158761601349982850e-01,6.267058371265176175e-01,1.505706574979884249e-01
3.193510346376001174e-01,8.913341155792937620e-01,3.980225774780697945e-01,9.365652956620448277e-01,2.424645738765789371e-01,9.296475775107817530e-01,6.565501702557260399e-01,1.520450808405392762e-01
3.132844512426917194e-01,9.211834537275149781e-01,5.027206339263794455e-01,8.238409457525918134e-01,2.848755778217233470e-01,8.394702216364887670e-01,5.998109654076745345e-01,1.522491298894833311e-01
3.225453988405788119e-01,9.757845422644280120e-01,5.308299439538159969e-01,8.278286438287835169e-01,2.828302140842288148e-01,8.712761383394699299e-01,6.089827157505193211e-01,1.528715159081091290e-01
2.392163110255085545e-01,8.999258983577917981e-01,7.300340317522813205e-01,8.599589753580382245e-01,2.876209077327457342e-01,5.250253451191562171e-01,5.041183950440564221e-01,1.529810273657926933e-01
2.923777050012892897e-01,4.009957427538846098e-02,1.178970830241596879e-01,9.603084331434039722e-01,3.560535992829307883e-01,8.942204496356304100e-01,4.650423037774594204e-01,1.505455931393326618e-01
3.467914790951504567e-01,5.592616075811203125e-01,8.982882743626213751e-02,9.325453680053763517e-01,2.985853209673144382e-01,7.465556871887780721e-01,8.184288763113838350e-01,1.503117369618461596e-01
2.856145647774197549e-01,7.727864576401867192e-01,5.721579105019884981e-01,8.436008865288491254e-01,2.708140784182255789e-01,8.558452524109471105e-01,7.802168617522934335e-01,1.516398472281018928e-01
3.035848309680935220e-01,8.510313740619501743e-01,5.390639549412371556e-01,8.605487299454286365e-01,3.107689064660213440e-01,9.778568239072300550e-01,2.188896689432224818e-01,1.529476407201677546e-01
3.075757591916659095e-01,7.409959707874206325e-01,4.185838055492145937e-01,9.201410908531761912e-01,2.505843814079593557e-01,9.375399446120233904e-01,8.939068618245560316e-01,1.514560001095011377e-01
3.092085820756174108e-01,9.056201687815936818e-01,3.934668579511478859e-01,9.571707768926254190e-01,2.173436113485414101e-01,8.835217589007450245e-01,9.052268909235403616e-01,1.508660298417877632e-01
2.264380186290170238e-01,6.474173169688904883e-01,7.762460181501411594e-01,8.550263684290319022e-01,3.027707542190633538e-01,9.187812701295572371e-01,3.541903237677475058e-01,1.531941662342949650e-01
3.084366878154100045e-01,5.491396381348735423e-01,2.118858843808437697e-01,9.208798386496672705e-01,2.803481125727623757e-01,7.417360499646412642e-01,8.966877620557114348e-01,1.505671200423919498e-01
2.096199439912380946e-01,6.701834457998875338e-01,8.420900705690516075e-01,8.580053181318659794e-01,2.978894284176257234e-01,7.601800248527170734e-01,4.395567951900999915e-01,1.531397493350319106e-01
3.498934242068647560e-01,8.185944746869331379e-01,2.740708813438825775e-01,8.820546559598473335e-01,2.749755361124773256e-01,7.941037354088773537e-01,8.886381627915881376e-01,1.509318725452536980e-01
2.454106859441184674e-01,7.909980541924545028e-01,6.490746631806038058e-01,9.288442463169899188e-01,2.522665055756257990e-01,8.375002689098518527e-01,6.764798326430427888e-01,1.516922983748592024e-01
2.403974087288868744e-01,1.674610446307790435e-01,1.943864286634578997e-01,9.466338068765998148e-01,3.867355040616641815e-01,6.038407047818841189e-01,2.424074288819932921e-01,1.524073798751186815e-01
2.811649840217120278e-01,6.788343145242733412e-01,4.301160787750138437e-01,9.747310763533379996e-01,2.155830371413940127e-01,9.900972748075421714e-01,9.555926646919910006e-01,1.506744702520946000e-01
2.546979224181953327e-01,8.569487161535935815e-01,8.162708649740625377e-01,8.444607363510161502e-01,2.695982856195515698e-01,9.736748295126975705e-01,6.802806696252865493e-01,1.513856848687934742e-01
2.592693240435905433e-01,1.956924342777345283e-01,2.330174344766506311e-01,9.904527233026151345e-01,2.974263546639739353e-01,8.763579885306383987e-01,8.981989161977363967e-01,1.498353778707659789e-01
4.287305827970926964e-01,9.514543380498736713e-01,1.247073587167190634e-01,8.562415144022496039e-01,2.817516022568090084e-01,8.818949179733350796e-01,9.264821266654836851e-01,1.509978480460489325e-01
3.358984588974242014e-01,9.311468491308054762e-01,5.929349229600358040e-01,7.751461411507114541e-01,2.900612972352080710e-01,9.882639555140395604e-01,8.191475486667665340e-01,1.513698099573602407e-01
3.957089024308375613e-01,8.408977901763118323e-01,4.847740500577557565e-02,9.906603112921985588e-01,2.475595245657469801e-01,8.198000293487431867e-01,9.513339191004461792e-01,1.500446945376501529e-01
2.767375655883838048e-01,9.427237245206989691e-01,6.605080494968220695e-01,8.342876151866774892e-01,2.948884821390341249e-01,7.299051000110585719e-01,3.004901348445486176e-01,1.532749202974644509e-01
2.519369953896280490e-01,8.766558667362387425e-01,6.778627643585360962e-01,8.516228815178947809e-01,2.976074927038411810e-01,6.226864616555669585e-01,4.281834576703262840e-01,1.532344454385541066e-01
2.470780331652636941e-01,8.281409225416332953e-01,8.316430622086837809e-01,7.911392240229412343e-01,3.146271335353481580e-01,7.018753479609735058e-01,4.915305717323194545e-01,1.530195520872587589e-01
2.378789429945643019e-01,9.297267666846813494e-01,9.365063008680298839e-01,8.321653559044973614e-01,3.068020054964052390e-01,8.348004256524851341e-01,3.121856197837434843e-01,1.528335102459409400e-01
2.660637709157861464e-01,5.588070569254920406e-01,3.182602088595781753e-01,9.649993498969984262e-01,2.747452905544865431e-01,7.030871246912716588e-01,7.470259542747600401e-01,1.510000636532209395e-01
3.287113104092330151e-01,8.476138276686723261e-01,5.464208992275828569e-01,7.462824783507049364e-01,3.273979766883681752e-01,9.260419444409019318e-01,4.761156338599891180e-01,1.527261875955838455e-01
2.483591756811405205e-01,7.865007802805409343e-01,7.590093335450058820e-01,8.574028677474890836e-01,2.983418713629069074e-01,9.329967818895124054e-01,4.780129350658619547e-01,1.519332237160881394e-01
2.114336497616588761e-01,5.695933467097329395e-01,8.480240569697063968e-01,8.332390306190107232e-01,3.198389415107766309e-01,8.256642303161142449e-01,6.686301470139625058e-01,1.514958108005634019e-01
1.996462970101028356e-01,5.926158081695056534e-01,6.875144100003518499e-01,9.229280762324381104e-01,3.046474102888923063e-01,6.273701668143266685e-01,4.810655424703970118e-01,1.525888582847326758e-01
2.691498211226143189e-01,7.497157990146063877e-01,6.780913499100699182e-01,8.394376334535285089e-01,2.796917812198909115e-01,9.997417818851642712e-01,8.414620601172739800e-01,1.506128292793732781e-01
3.204226972737992951e-01,9.954902318026017660e-01,6.498173016874924102e-01,7.497106281813769035e-01,3.321997198276318564e-01,8.640893945125827091e-01,1.933664674863343480e-01,1.538220731459964408e-01
3.141027532592436944e-01,3.729055856980025840e-01,2.241682814821742142e-01,9.028234842694270457e-01,3.118707618767905809e-01,9.014159578670852824e-01,7.836123977830348197e-01,1.506461016242948148e-01
3.051688318147965928e-01,8.542338287644115624e-01,5.199209883695161682e-01,8.270974008328123572e-01,3.011788431746825201e-01,8.683298070499453347e-01,5.190578487172328170e-01,1.521160715920067685e-01
1.938008604474057428e-01,6.153763590262325556e-01,6.649090783369859814e-01,9.594504328683644001e-01,2.806405614014917393e-01,5.637366393714293711e-01,7.395590923907283676e-01,1.512113662268564362e-01
2.837345347560313868e-01,3.165406071283903833e-01,2.149718295581561356e-01,9.104572134430187758e-01,3.406860104882411533e-01,7.669288153186329948e-01,4.064949438373517965e-01,1.523741725440083405e-01
3.626294112749184340e-01,3.530161443702274360e-01,2.252449576316550850e-02,9.689175817260151646e-01,3.146398541152087280e-01,9.468669276043985006e-01,5.240489913474992711e-01,1.504476303762761202e-01
4.897450171336602542e-01,8.427837855412968482e-01,4.291572656578052092e-02,8.145588879018524908e-01,3.192873288532820930e-01,9.633589351042146642e-01,7.771091573532526997e-01,1.521067089006118700e-01
2.665834493418057227e-01,2.893180455467715961e-01,1.960977708977895695e-01,9.172882077935934353e-01,3.433598084609434387e-01,6.086750957518790583e-01,6.287738211438217428e-01,1.516720903377260787e-01
2.351120038079481112e-01,5.539230388674721839e-01,3.727686868468788606e-01,9.776639988424996597e-01,2.806792955833530834e-01,5.651620176720451028e-01,7.041347245975067004e-01,1.516670407009083898e-01
2.562101361656609622e-01,7.292055420471247329e-01,7.128761692719804977e-01,8.533339061794766867e-01,2.828423562310171668e-01,9.304633175648731047e-01,6.933881196798159507e-01,1.513306775988628172e-01
2.759825432988032290e-01,9.414846180338944936e-01,8.128700505946038213e-01,7.993523265514438370e-01,2.928531250579694545e-01,9.365678803753241244e-01,6.220738307019462177e-01,1.520220265143694405e-01
2.510711893321699306e-01,9.420686754284062214e-01,9.415465623645322690e-01,7.388115313951212348e-01,3.419598668909178962e-01,6.216465230753889237e-01,2.296640267550842940e-01,1.532449787797798002e-01
2.984003268063248893e-01,7.270281186980325216e-01,4.399101233719278081e-01,9.086399649047349758e-01,2.884944300871457590e-01,9.324896940109610455e-01,4.425036133678425521e-01,1.528087905688626513e-01
2.910373196262916462e-01,8.083227756179033330e-01,5.434758648557908023e-01,8.790532562407175066e-01,2.835104415834045488e-01,8.883245884221061539e-01,4.553618466223752215e-01,1.533234570625966187e-01
2.704608896349810498e-01,6.923197239317303575e-01,6.736626376554408768e-01,8.081126058299378245e-01,3.000473673826475340e-01,9.417104871624729645e-01,6.885325944477205251e-01,1.519419244567221106e-01
1.684645292477712220e-01,3.678675187602936658e-01,6.909832546981879986e-01,9.244425399126339205e-01,3.404928977222123621e-01,6.468666157562623642e-01,4.559876587884366672e-01,1.524054873418895506e-01
2.710381513233660611e-01,7.517545635770888079e-01,6.638138829182210765e-01,8.648926675827477428e-01,2.884939034540469627e-01,9.699189621163948338e-01,7.855219588637120109e-01,1.504564268773217195e-01
2.975047579266855702e-01,8.298893427492817221e-01,3.502241236279752812e-01,9.449573985806460907e-01,2.579580362757872836e-01,7.421860144533121151e-01,4.785742648371168473e-01,1.533124158131725090e-01
2.092511531198985031e-01,5.163005479164702871e-01,5.399664985367663705e-01,9.672568066738518322e-01,3.021819366250219074e-01,6.628249867830559028e-01,7.459634191211831356e-01,1.507920871491412185e-01
3.150248810193461702e-01,4.135516500431277165e-01,1.889512613435442301e-01,9.910366838127684375e-01,2.735984048759745324e-01,9.920157011112370471e-01,9.971545274356754529e-01,1.482734129230996734e-01
3.191009809629381522e-01,4.848067740806161763e-01,2.285306198772863728e-01,9.635425164015877231e-01,2.913291295445548101e-01,9.849590924470064124e-01,7.089731249858002293e-01,1.504955749733032089e-01
3.291714908783610616e-01,7.943557665144050928e-01,3.716513538986657705e-01,8.756726040888984652e-01,2.526863460037989118e-01,9.327242741511697632e-01,9.798427826439048971e-01,1.506497341136735224e-01
2.519807894567146489e-01,5.477068600535422993e-01,5.218200953362531758e-01,9.103022708219838943e-01,2.971555628676742500e-01,8.791130459236309314e-01,4.837705798237415533e-01,1.528626394921798193e-01
2.597555722901305209e-01,1.541422880690812569e-03,1.456317973593937443e-01,9.846627638173455210e-01,3.372310690653088638e-01,8.123530600790835887e-01,8.455820999098531132e-01,1.491940501460735091e-01
3.513433841022153836e-01,4.830938630295633085e-01,8.428287911091653095e-02,9.721053011258288246e-01,2.813437462547024315e-01,9.450275151519610395e-01,7.098398125945478698e-01,1.504398686222870041e-01
3.229911201857451064e-01,3.305691356239597867e-01,4.567911590613543682e-02,9.578174278550211085e-01,3.337134477219003137e-01,7.330295515369786852e-01,3.957768649811862494e-01,1.517930917313104755e-01
2.403748546771118655e-01,7.828584693073200595e-01,7.090169385299569527e-01,9.192665875778256446e-01,2.538188785798282665e-01,9.413802209736135129e-01,7.225131447333442702e-01,1.510715583493904002e-01
3.820533986346736910e-01,9.409031833584065030e-01,1.421296464236241897e-01,9.565776163512581531e-01,2.274084113971958643e-01,8.126921332208189019e-01,8.893282580805987880e-01,1.516779038564888549e-01
2.600118946445697521e-01,5.923190170289716061e-01,3.055821788907857606e-01,9.516099908074889813e-01,2.856629967916880508e-01,5.451672322454382824e-01,8.725977456963460721e-01,1.507571569342998075e-01
2.605549041342276051e-01,5.969318232252931455e-01,2.462286663625763428e-01,9.855770276763342608e-01,2.950871600008059259e-01,5.105664294114079516e-01,6.436307593619494671e-01,1.520498495377937687e-01
2.219480152299532216e-01,6.436443159462519326e-01,8.696336196573017929e-01,8.475851627225717833e-01,3.152191500834860549e-01,9.668802688945303814e-01,6.882378958430559468e-01,1.510430920214097805e-01
3.228706560865398090e-01,8.105701627560544242e-01,4.530499271214750712e-01,8.851473342676209333e-01,2.871221595277027028e-01,9.658589042288285853e-01,5.872556741944534586e-01,1.523498553897584817e-01
2.717859615905554027e-01,2.394908270908412407e-01,2.066723692289245684e-01,9.619089138231035063e-01,3.190522594952673319e-01,8.012156982365973290e-01,7.780418742081249839e-01,1.499478877226433637e-01
2.477888688477027923e-01,5.496562465127537989e-01,6.075967504668740027e-01,8.498451899233543383e-01,3.181577912414734199e-01,8.606450810221376591e-01,4.412957396743088512e-01,1.529035813973108615e-01
3.210510776837592339e-01,7.621645059336079608e-01,5.556116099357951699e-01,7.424845154246070278e-01,3.299387700138290413e-01,9.386700594414618681e-01,5.180439960089577855e-01,1.530863973496912889e-01
3.867700472458210914e-01,7.488734651309735257e-01,1.887271894855400700e-01,8.989093113180071093e-01,2.918835565605018556e-01,9.953011010406722647e-01,6.732887995462000230e-01,1.514465797389266954e-01
2.767558190143843411e-01,7.322308121810214843e-01,6.127641421119363052e-01,8.045662474872751213e-01,3.094712841749214238e-01,8.474515588973484670e-01,6.139391909705149697e-01,1.518432355752185325e-01
2.655130568785901146e-01,7.295310194227155876e-02,1.673287445223490266e-01,9.644483444368613378e-01,3.325313615644781007e-01,8.373942956512622215e-01,7.029139138071252013e-01,1.503564401557593577e-01
3.885933179755740041e-01,9.945349198371680188e-01,3.765564796698631089e-01,7.698002955571913164e-01,3.349275574017984702e-01,9.271511477079461550e-01,5.489106693264622638e-01,1.522817606774350963e-01
4.621953470050649271e-01,6.602185634219154275e-01,2.426976570697186864e-02,8.191207630010546303e-01,3.377794960068356001e-01,9.126864135134290512e-01,6.743429723003200316e-01,1.517658971773757914e-01
2.650312921615009532e-01,8.196277340456260552e-01,7.019608671860972926e-01,8.440101522443403947e-01,2.962027273319103315e-01,8.654108175147258164e-01,6.109003052093027186e-01,1.514464822604358052e-01
2.594135353829856716e-01,9.106247521226482622e-01,7.579617690198954261e-01,8.441876573724882427e-01,2.753499771641167992e-01,8.702539885178265378e-01,6.396319539319879066e-01,1.513787241082877877e-01
2.337702346347133586e-01,5.628347828676694142e-01,5.518024982068083784e-01,8.968602111514261122e-01,3.164736227365589905e-01,7.633975331034541512e-01,5.820872172687409085e-01,1.512963570968595406e-01
1.955517250203490098e-01,2.291316321351413166e-01,5.025150722448940011e-01,9.652836572415490757e-01,3.209892235652894721e-01,8.557618405490632352e-01,6.084642851808634845e-01,1.514284826356632196e-01
2.215493104162686577e-01,5.714235534449090270e-01,6.141919053845102949e-01,9.630903093048366337e-01,2.596047098213523086e-01,9.163670244128457876e-01,7.943664046904842513e-01,1.506068040351962456e-01
2.586651356146701386e-01,9.135364802732235390e-01,7.921978189221583477e-01,8.437650308840605184e-01,2.841962624861077980e-01,7.845728156842303180e-01,5.743477085718629027e-01,1.526382700437199647e-01
3.069631532090995041e-01,4.701257479779691328e-01,9.165935397653790506e-02,9.443516904939204260e-01,3.267230039619468118e-01,6.008038546168482652e-01,5.660071356659287511e-01,1.516072893622407713e-01
3.171068371333598535e-01,5.723184606992630652e-01,1.264220494387778837e-01,9.615227538195265655e-01,3.008215971640242348e-01,6.802442247357798344e-01,5.753115064399028089e-01,1.518862869430081530e-01
2.419732374688275678e-01,5.409174467687946075e-01,5.386472334524354810e-01,9.095752401736701964e-01,3.108672779285784338e-01,9.133911616062344585e-01,2.451859202738413956e-01,1.530344161765010425e-01
3.254796679066698784e-01,8.391780720596893062e-01,3.192252960213339263e-01,9.456251545563799654e-01,2.173522195736988794e-01,8.990530368684527263e-01,9.720719669264561436e-01,1.503125662212417002e-01
3.338558699572538035e-01,2.023519609621706739e-01,7.634060726713770562e-02,9.511445639906459526e-01,3.088106014318485193e-01,9.420954327671675621e-01,9.073288953460207917e-01,1.491301387427025338e-01
2.244939252389966666e-01,5.009084359570981082e-01,5.599205515541169076e-01,9.486517731261971953e-01,2.781093040002748928e-01,8.999121614693630367e-01,7.931832830372544940e-01,1.501597194354295783e-01
2.883896936762659347e-01,9.515126757549399183e-01,5.402134492070936878e-01,9.189756181436730120e-01,2.651255207890458321e-01,8.543123721379021207e-01,5.481086029085288081e-01,1.518008721259533345e-01
2.900634912063994042e-01,8.572756964343619668e-01,6.147624138821438100e-01,8.290672926318454206e-01,3.109545220742188087e-01,9.039017771492013908e-01,4.305013912355321049e-01,1.522911777727191107e-01
3.151809429220281955e-01,3.913568196208176975e-01,1.929486367186115103e-01,9.162296794888802332e-01,2.945195562130840106e-01,8.981627702628770527e-01,7.513207739639706784e-01,1.510759812496376697e-01
2.013478766256974195e-01,5.979184003855171348e-01,7.750291698810892749e-01,8.832355905092527104e-01,3.119792973565466698e-01,6.471999000203206842e-01,6.788846318067514041e-01,1.515039916696613864e-01
2.944253721548724112e-01,1.688971581012971290e-01,1.139400661691221672e-01,9.781808893814815109e-01,3.138794439527657354e-01,8.525097029583129649e-01,8.744208591373652251e-01,1.489193517448988979e-01
2.983093464707515796e-01,5.425849850385717765e-01,2.965836193630907447e-01,9.429878237499609295e-01,2.879041623160671914e-01,8.877479051705168267e-01,5.352926008380882728e-01,1.522801449663327977e-01
3.086942301385244836e-01,5.938445913059176018e-01,3.139152114422218420e-01,9.153856035453366013e-01,2.532675802969671097e-01,9.222208306254102705e-01,8.818668289715559938e-01,1.511963651208219628e-01
2.312945382666620198e-01,4.512944811570896997e-01,4.319443977442826710e-01,9.333703548286613749e-01,3.133618630327094090e-01,7.183737040449410527e-01,6.447731904716806905e-01,1.513081357499335700e-01
3.164482639491004168e-01,5.231804582919069579e-01,1.933193663425419873e-01,9.378236363561407440e-01,2.822818637179433376e-01,7.978257567120338178e-01,7.957966046447346731e-01,1.513107171126144845e-01
3.083689818569402830e-01,7.870715503980616479e-01,4.557532741653763098e-01,9.063851954466362049e-01,2.413955131331031456e-01,9.699404026576771143e-01,8.642919758997640312e-01,1.516883800646371128e-01
2.480509703412672184e-01,7.476864217087100251e-01,3.948109777836118495e-01,9.940811810836620577e-01,2.529345350968765227e-01,6.347630860246571416e-01,5.812410620000033612e-01,1.522237773674597616e-01
2.000100369519457466e-01,2.150236880061005551e-01,4.482954748569298320e-01,9.281433906563049119e-01,3.481040401891982716e-01,7.459354239746981419e-01,5.181815708294057465e-01,1.516022897551404236e-01
2.019010447728450397e-01,3.434062214411880420e-01,3.152837859527070075e-01,9.842478284249299714e-01,3.479824506176067977e-01,5.203292435666375670e-01,2.810273440132352030e-01,1.524352701746187200e-01
2.151988288161269525e-01,6.930384961296078838e-01,7.716618765792394585e-01,9.065122030247572127e-01,2.865874867705406337e-01,8.727149754242714552e-01,4.953367561820963272e-01,1.518476757471643734e-01
2.660363960805113281e-01,7.071001049709839670e-01,5.966014336281758590e-01,8.469628317518775873e-01,2.892276382214357677e-01,8.787360967974915393e-01,7.535696051843380205e-01,1.514217733246356334e-01
2.607813476089719251e-01,9.629537861318053782e-01,9.625247429192803628e-01,7.544403107648793849e-01,3.257986631253481646e-01,8.723532668049504002e-01,4.659867294946088423e-01,1.527070972816827743e-01
3.062404633368538964e-01,5.387945282097995614e-01,2.642183558226374185e-01,9.067761666199752879e-01,2.869896516087164784e-01,7.814955011495806625e-01,8.149515192278344866e-01,1.513426357503341313e-01
2.680403051753254551e-01,4.367636282145715976e-01,3.428054400186578698e-01,9.430390297871522609e-01,2.913696665898028448e-01,8.556557792037943200e-01,7.957150911241709368e-01,1.505164904862437425e-01
2.466761508853362039e-01,7.889826752016046996e-01,7.690773415738663132e-01,8.032439942382394449e-01,3.235423316871601784e-01,8.041800992505581114e-01,2.397153491502581613e-01,1.530445924452082107e-01
2.875959285147706712e-01,1.052519758968094576e-01,1.532117610668674024e-01,9.712524837474927342e-01,3.308270657005057958e-01,9.734432798921363039e-01,6.029123606142456904e-01,1.496318991621229944e-01
2.977075499336588882e-01,7.681959518192528202e-01,4.240152731807895758e-01,9.187083385620543607e-01,2.598111683588179011e-01,8.963403988741386330e-01,6.894666365381074691e-01,1.522014878471085741e-01
2.837824986727868204e-01,6.174192626742969203e-01,1.757801698459645623e-01,9.816784285401451982e-01,2.776914431477487955e-01,5.506741888389705686e-01,6.752042292996802697e-01,1.518701724748508508e-01
3.424818449872293891e-01,8.271975998456378987e-01,4.463384896034000571e-01,8.013291106814299791e-01,3.250135653551986525e-01,9.209748725275328507e-01,6.166324055199822185e-01,1.520039100149451761e-01
2.732780514487360701e-01,1.595867082477506749e-01,1.208805226470604510e-01,9.853858111447679757e-01,3.242479428271212161e-01,7.750395187503897887e-01,7.914204339214845341e-01,1.494970113039329196e-01
2.705773664735889872e-01,9.340805620636227768e-01,7.575186714279724676e-01,7.755513274236565113e-01,3.038743850538965785e-01,6.635657496808348155e-01,5.576319226673361884e-01,1.525409894011832690e-01
2.359317834334198338e-01,8.473561190155194378e-01,7.148764531278011258e-01,8.817268596374477907e-01,2.911246821533604034e-01,5.984451901867555712e-01,5.552659230819925185e-01,1.521934808217145219e-01
2.372961616225083559e-01,6.162754709879529891e-01,6.587045028607875219e-01,8.755411461842409482e-01,2.819424047514381138e-01,8.645015205654300594e-01,6.499061425319282437e-01,1.522928113091887026e-01
2.466697888472672018e-01,2.959193020123443429e-01,4.144348266470282427e-01,9.544496938361825000e-01,3.243155197541817691e-01,9.974799122073365609e-01,7.380201457988500024e-01,1.498247831863654678e-01
2.799976727398353904e-01,3.775743214691417715e-01,3.123093041089973765e-01,9.174278591109188419e-01,3.173240317765786966e-01,9.186627268469420571e-01,6.912487416704425902e-01,1.508371490772048573e-01
2.380326672289395096e-01,8.060309926813424841e-01,8.277255029389462004e-01,8.219520668520604589e-01,2.805004516138250859e-01,7.654858901043702923e-01,7.315617724474700045e-01,1.518517114339541507e-01
3.132271344842012528e-01,8.832216835620947393e-01,5.445339584041655190e-01,8.013640185143485750e-01,3.133959841941014179e-01,8.761837899533202467e-01,4.610067529112703566e-01,1.528337452821681708e-01
2.462468102408362780e-01,4.477650990199026348e-01,3.715487690449316149e-01,9.892930935455044317e-01,2.726789281079599614e-01,8.548396428727984553e-01,6.952344196008635180e-01,1.510702870428314026e-01
2.420100165279451543e-01,8.902359864102989961e-01,7.046186361726549663e-01,9.418946221281535580e-01,2.560436967656122831e-01,7.816535310872425590e-01,7.050725050567544505e-01,1.508334643029928257e-01
3.183569366487922769e-01,7.382541646261171486e-01,3.406085420307102263e-01,9.326860187771814914e-01,2.839091816395443724e-01,9.497512811269341881e-01,6.588430405031111547e-01,1.508926918581357524e-01
2.341977733547936091e-01,5.612257844221977265e-01,4.334045596601976968e-01,9.609208359021330637e-01,2.936488802017908073e-01,6.886740933750060689e-01,5.633153955422242065e-01,1.514602294251790882e-01
2.937981402365330008e-01,5.915682788347351728e-01,3.193952979202507314e-01,9.756466112139748903e-01,2.626287184322115831e-01,9.193607800125754848e-01,9.388841654212122245e-01,1.495660585621650385e-01
3.945237285130984706e-01,5.748234856530415327e-01,8.669144762336705723e-02,9.405671643777692159e-01,2.833688027914178509e-01,9.578973388274915068e-01,9.496251051586664937e-01,1.495829357314578389e-01
2.736164413437711662e-01,9.574241531659009041e-01,5.747538985792937094e-01,9.576792886391918280e-01,2.470229778230057793e-01,9.236317687466631954e-01,5.103745576007165941e-01,1.517227378963417750e-01
1.843470904462186089e-01,5.120681802308252317e-01,8.579849973981000799e-01,8.841566367884187150e-01,3.323646814820784279e-01,7.763598638511097771e-01,5.970858945740780133e-01,1.511235032085684049e-01
2.298800144256065159e-01,8.120334808440925478e-01,6.757195853033529653e-01,9.394322457881663091e-01,2.538583122242943357e-01,6.924319019163202027e-01,6.678831697599216799e-01,1.518840120570447982e-01
3.434922547358766898e-01,8.759132957276294373e-01,3.388244521287671063e-01,9.027536356874361623e-01,2.318901165478926552e-01,9.556156522511979334e-01,9.250868121105439990e-01,1.513679903272827088e-01
2.811528728465700899e-01,6.599579370222534713e-01,5.566062880944890878e-01,8.723072986423057174e-01,3.144616860404886305e-01,9.716682223680356278e-01,6.285199359588706791e-01,1.513234661091452382e-01
2.760015863977532402e-01,2.873815184856746696e-01,2.619357311693160106e-01,9.832641832793196368e-01,2.907743310619832489e-01,9.602619485434988889e-01,7.834293777851673024e-01,1.507081659306211963e-01
2.952942479705195078e-01,9.863764488482850146e-01,5.052152534766229941e-01,8.948211543852209182e-01,2.459304802960666225e-01,7.876190226989794319e-01,5.769996297079733605e-01,1.528956559870519316e-01
2.667349517563281092e-01,9.268446638659743053e-01,6.228578908514386114e-01,9.507692439966548559e-01,2.262038697221406269e-01,9.414949309485480811e-01,6.501363424566191096e-01,1.517286550499162556e-01
2.255755084217498097e-01,8.165247938641211345e-01,9.766334597821947350e-01,8.089170271936284573e-01,3.220584660096961760e-01,8.674237294277941102e-01,4.236420481161482510e-01,1.523794107734598169e-01
4.187930000667440256e-01,5.313880201468804687e-01,3.975381551886619791e-02,8.697504756253952030e-01,3.030550935856654582e-01,9.510093151607887929e-01,7.627458811417263673e-01,1.515599331775346892e-01
2.943080827357582030e-01,6.767354828636173991e-01,5.183005680675035753e-01,8.437740184394084686e-01,3.022261890858602418e-01,9.558893712455208691e-01,6.586717291899154558e-01,1.518781622626891037e-01
2.891215515317633322e-01,8.192605615148198517e-01,6.310962744543847647e-01,8.280220777001635613e-01,2.735797765970812145e-01,9.471262243162832384e-01,6.405460123747618306e-01,1.529674728216565693e-01
2.704110130933558009e-01,9.045202484095715700e-01,6.623861044604312243e-01,9.064870554413975157e-01,2.777353545813331381e-01,9.957775528572270218e-01,3.128867288573941030e-01,1.528164865861356969e-01
2.511365733432330827e-01,5.648619753148644840e-01,4.828324417414454062e-01,9.492120385828413109e-01,2.869692419624518820e-01,8.782310320885408084e-01,6.404177473877106230e-01,1.514295030661171604e-01
3.290336977157427567e-01,8.133166286196571448e-01,3.104208244932707972e-01,8.873871341481653907e-01,2.835294442755567079e-01,7.682958907841931362e-01,7.248767231213381068e-01,1.519095792098432984e-01
3.471225443709959890e-01,3.785270307532371259e-01,8.263799929951876067e-02,9.618255781129294579e-01,2.830300935636654858e-01,8.982215816473674286e-01,8.725069441479494925e-01,1.503260704512211499e-01
2.143494162723695584e-01,7.764648535843809984e-02,2.408666306352648112e-01,9.719535777804777510e-01,3.501308977083803509e-01,5.817645193903163703e-01,8.341885480246237217e-01,1.502870100033412981e-01
2.785967593361588501e-01,7.438163082744329024e-01,6.486837787726812410e-01,7.895207423125802926e-01,3.092010739509772344e-01,8.779442223395670375e-01,5.452295998002533173e-01,1.522916717078134086e-01
3.288429288089976255e-01,9.566423685689992018e-01,5.472456130886076409e-01,7.873245056346542814e-01,3.307895412725680440e-01,8.765297418192805612e-01,2.748877953422015352e-01,1.529274570828695057e-01
3.110390914391443218e-01,2.081852857897681375e-01,5.628954857375012555e-02,9.629923179590379467e-01,3.202483207994813452e-01,7.639330403499128286e-01,8.163900184089586398e-01,1.495183738896916081e-01
2.960924731154263578e-01,3.963374558215281840e-01,1.876266314340944708e-01,9.093205573356961668e-01,3.159543726832870769e-01,6.706608963819399305e-01,8.201468642959781619e-01,1.508404910886769201e-01
2.587958546628482126e-01,1.675776067352747201e-01,1.894018431954430648e-01,9.354054514317898805e-01,3.608517706004358283e-01,6.643744439607637275e-01,5.989242443476799904e-01,1.507714080545853041e-01
2.367032564004631912e-01,6.379472112756757740e-01,6.236401385708255640e-01,9.404334849933648766e-01,2.963324977453297704e-01,9.693288765842583699e-01,4.948800245801404651e-01,1.510978463534907168e-01
1.742152266901626501e-01,3.337343003925822282e-01,7.994192163262521245e-01,8.862489346286324121e-01,3.379169133794789337e-01,8.562594329982708974e-01,4.767299510961900966e-01,1.521892674639821474e-01
2.857076132599504215e-01,7.245460698638394037e-01,3.702798267227006557e-01,9.476628093111949536e-01,2.614114744075862196e-01,7.590200184167785746e-01,8.007994789117116596e-01,1.512997942977655774e-01
2.683114387003986967e-01,2.569016550512766006e-01,2.384329486587910274e-01,9.938718840853204561e-01,3.015572705309165769e-01,9.170959091136936525e-01,9.031613080939431271e-01,1.488997648999774437e-01
2.220511963374626196e-01,7.147156614557217402e-01,7.687353522128753669e-01,8.826664707672068344e-01,3.148800550338495263e-01,8.056795138136754186e-01,1.640352994202145531e-01,1.534880670627107591e-01
3.143631071350692641e-01,9.983220110465980124e-01,5.371972251366904372e-01,8.901231346379521181e-01,2.709290501256340633e-01,9.598871179399902642e-01,3.495082684624017944e-01,1.532503922890931514e-01
3.680216685133166910e-01,3.569725440158355578e-01,6.078294106999865276e-02,9.362816806312170836e-01,2.893548865161376105e-01,9.329996507916349380e-01,9.623884027784219697e-01,1.491577016889228113e-01
2.314939459024988044e-01,3.257017316094183990e-01,5.671276847129340659e-01,8.564112119600307826e-01,3.446721705576993866e-01,9.489892498069936178e-01,6.626926292033269439e-01,1.509005777149550753e-01
2.566658826114290304e-01,4.393972849645079171e-01,4.225174594705579101e-01,8.776068470674289745e-01,3.377013448620083125e-01,8.312839438716135287e-01,3.909729480155412773e-01,1.524198023388229351e-01
3.092550870106293703e-01,7.643831888558817456e-01,1.733706325365190204e-01,9.858198976043226480e-01,2.417173482541558338e-01,6.484120844450091958e-01,8.069765037165490540e-01,1.514350898330855677e-01
2.908793922900090867e-01,9.952843564329068027e-01,8.463772390454105121e-01,7.467764029258602276e-01,3.188679106537510854e-01,8.972332068119885928e-01,6.020246721004292034e-01,1.517587402347614356e-01
1.921764602776714903e-01,6.338321541474827292e-01,9.045751014361687048e-01,8.743270946684034151e-01,3.013209447781995398e-01,7.085459195969678881e-01,6.376785867851709755e-01,1.520325045714619738e-01
3.679699948479175919e-01,4.120605104056092038e-01,9.711609423079964332e-02,9.082621024515236119e-01,2.915321039934167802e-01,9.149635439826430128e-01,9.923868638264070619e-01,1.491144656931186196e-01
3.397764296895479097e-01,4.133994854627276450e-02,4.596531013521537590e-02,9.067179165791052764e-01,3.575480716831322403e-01,9.395970641791679956e-01,5.523214352241025971e-01,1.504163907475662976e-01
2.800276675212391431e-01,5.653430644007071404e-01,4.607242120456792600e-01,9.001882471385771467e-01,2.783494060173826723e-01,9.771905594083361013e-01,7.907673733174097608e-01,1.509239618711431530e-01
2.672387137749200337e-01,3.684847680767198153e-01,1.405006104240154041e-01,9.697237085303276327e-01,3.191866552970968329e-01,5.638454378576395198e-01,5.695637627871632525e-01,1.517957353438040558e-01
2.831302725073193693e-01,8.402048976837209748e-01,6.887783243432659130e-01,8.100133237197302272e-01,3.150137073356882866e-01,9.961100946819909652e-01,5.820247854226442419e-01,1.516519930441774244e-01
2.164814085085898510e-01,1.533443251208568281e-01,2.445038575109291235e-01,9.829457121417666254e-01,3.415512968965799256e-01,6.043880793744795810e-01,8.642830299516210957e-01,1.491665156670839432e-01
4.242477797171989029e-01,7.927958805209577298e-01,7.864291473983986425e-02,9.246496505267504107e-01,2.551347582129633307e-01,9.872800386053184329e-01,9.541712746422463809e-01,1.507764935876310386e-01
3.076486863060118870e-01,7.265545508309001477e-01,3.647005705412756926e-01,8.949185334581688522e-01,2.978230881223901672e-01,8.261638188713916753e-01,4.108672032598399415e-01,1.533286774307749678e-01
2.768498682288805246e-01,8.828992867862945904e-01,6.038007713422987033e-01,8.840374807523718736e-01,2.551977127622339081e-01,8.384013542251483875e-01,6.439159437136656727e-01,1.526426962584551406e-01
3.621574995048481016e-01,9.863989211508943367e-01,3.677950523545336914e-01,8.070350857948265233e-01,2.978680908898918012e-01,8.174116432977792668e-01,6.576689992038502464e-01,1.521947594534392156e-01
2.628461753852483485e-01,8.561766859436112931e-01,8.578438026811322503e-01,7.425029075290282554e-01,3.348584799980767190e-01,9.442513749309304760e-01,2.735020992070027468e-01,1.530975749184659007e-01
3.420630572501294209e-01,8.788515253892821288e-01,2.751260488818283445e-01,9.452553701797514751e-01,2.266468626094009786e-01,8.696571689469467792e-01,9.817471124730341447e-01,1.510197098464600984e-01
2.708180934288775821e-01,5.434339937708408952e-01,2.338361100218355193e-01,9.701918390531697467e-01,2.699092551533536777e-01,5.816918822974560532e-01,9.495139227190847464e-01,1.504628647823738896e-01
3.028079239472316608e-01,7.873141793240392428e-01,5.729833184532016066e-01,7.643524395027991858e-01,3.338023113791758201e-01,8.167870834262421775e-01,4.856782669111414652e-01,1.525276281715464421e-01
2.998082086501644428e-01,8.368701700846552516e-01,3.077286983872163928e-01,9.831685928357850601e-01,2.493799306915343572e-01,7.123429013595306003e-01,6.585740780217548274e-01,1.516542379933422113e-01
2.515406578774395108e-01,2.417309445195751083e-01,2.206570968352429829e-01,9.381766424964657070e-01,3.495759362967716388e-01,6.345456042454901135e-01,5.551993373426451495e-01,1.515685908053315267e-01
2.735397717968226505e-01,9.975653999523081961e-01,8.946710804510793480e-01,7.347375146217606234e-01,3.341645894310008580e-01,7.620094699240258507e-01,4.078019573923031826e-01,1.529398047769845725e-01
2.490162627907381854e-01,6.066100345099532110e-01,4.299246632381312216e-01,9.386343923463141836e-01,3.058256347272382270e-01,7.455730562941682571e-01,4.053824268796654140e-01,1.520934700299543807e-01
3.522419268168824336e-01,6.378673863455561754e-01,2.405627032164001644e-01,8.766493010228554317e-01,2.944728774361347612e-01,8.983766764574074859e-01,6.893894765385832901e-01,1.523365246389801198e-01
2.828877674510310025e-01,1.926373183864628635e-01,1.855796610601253560e-01,9.307638010239265292e-01,3.570013422127605307e-01,8.228408413621794981e-01,3.683170523998526291e-01,1.517331714998606529e-01
2.982615778020873409e-01,7.005194685459802395e-01,5.626292716103796776e-01,7.771025691943197478e-01,3.323998583187243727e-01,9.093514486157785459e-01,3.528401817222012182e-01,1.532183809889274273e-01
1.888360743649120654e-01,3.043506247899605555e-01,4.215955579630551453e-01,9.937140218884890075e-01,3.213079381392868750e-01,6.364258531272759534e-01,6.675379572202680967e-01,1.506739808553627658e-01
2.569529605376243975e-01,9.583880390630410417e-01,9.143295001817457468e-01,7.876335624165804461e-01,3.186054027405647582e-01,8.454009419323231800e-01,5.589773783936159424e-01,1.514228483259060787e-01
1.727430156116180338e-01,2.617679132892513638e-01,5.671687064416037760e-01,9.812975856590120394e-01,3.370807999560877510e-01,7.687989311876293197e-01,5.401884394127033362e-01,1.511780883340489157e-01
2.732433609199503843e-01,7.778562762604410707e-01,5.421757770154613798e-01,8.537102794710985654e-01,2.838172227991561658e-01,7.376778365290100892e-01,5.632586130860189888e-01,1.532227132997117658e-01
4.093610631615153261e-01,7.381549504891921076e-01,1.087304254367386092e-01,8.820574164093408775e-01,3.039270356693290487e-01,8.664414545211450713e-01,7.451391072990225517e-01,1.518217038217339332e-01
2.817841392132505174e-01,9.336185460556429838e-01,7.160572774999001133e-01,8.256321174266438856e-01,3.027103411695449831e-01,9.824817320812291310e-01,3.214848943997283270e-01,1.522869479575587881e-01
2.618370035822419895e-01,4.981635606555644413e-01,6.071789213151281839e-01,8.078915309723799787e-01,3.323494872012093815e-01,9.561053769937661873e-01,7.241455760313395551e-01,1.511673735643214722e-01
2.041825229994985169e-01,3.971504898829315566e-01,6.314843112230693611e-01,9.186504582218325554e-01,3.010258131279341387e-01,8.419015972225804001e-01,6.598928953549951792e-01,1.517953563778687842e-01
2.675218958551994763e-01,7.665316731245310766e-01,4.602531654138114492e-01,9.906573669677959382e-01,2.445350284865966672e-01,8.700810782007444288e-01,7.203337418299944339e-01,1.511101954148816040e-01
1.864750716877093817e-01,6.040862731201848135e-01,8.348577019252447773e-01,9.191743743884607243e-01,2.988355408411954572e-01,7.384690244056958397e-01,4.350733564139591669e-01,1.528548833635615389e-01
1.682388317698588209e-01,2.938920399610858714e-01,6.527256659376076131e-01,9.449193304374902125e-01,3.376728782652262950e-01,7.646159695522453115e-01,3.939790311212353346e-01,1.525582356129062678e-01
3.234745917936325266e-01,5.861020381137863611e-01,1.581404436362031651e-01,9.686654990029377466e-01,2.633632561017500429e-01,8.229578343015696573e-01,7.972739218852593623e-01,1.503933310496319009e-01
2.185480233602939415e-01,7.292932757857553128e-01,7.407186695881130545e-01,9.117372436565901461e-01,2.773126136044045675e-01,7.656936051040780233e-01,6.486238026586060856e-01,1.510962655625806006e-01
3.226077117661238502e-01,8.375699535599120393e-01,3.693074031813661229e-01,9.043433073301763159e-01,2.647873135877649164e-01,8.404711544431805459e-01,8.501082141181321994e-01,1.513237273427470164e-01
3.676860130133526861e-01,5.275286052389414060e-01,6.214997618392459344e-02,9.155377072796433424e-01,3.089597333842266091e-01,7.664454095349987339e-01,8.016416553653529231e-01,1.506416259226900090e-01
2.907587209981990495e-01,8.171512778151170941e-01,5.674817956289217591e-01,8.222198884605814717e-01,2.929111882136868905e-01,8.009293570527560302e-01,6.432578630193336311e-01,1.526594439286779181e-01
3.461051499740591120e-01,7.007704669298141509e-01,8.372335034538513909e-02,9.822184367944443162e-01,2.346508495842489217e-01,7.353744230048846475e-01,8.777343540695901059e-01,1.511609142081737633e-01
3.283413557913328340e-01,3.470600759281515790e-01,1.794214923495869307e-01,8.677294754729130144e-01,3.331183034068472271e-01,8.518536799014436722e-01,6.960833454796124808e-01,1.512964030695930495e-01
3.081044662944913970e-01,7.492553619170627677e-01,5.211432192104962224e-01,8.176588602405141515e-01,2.952302943719734563e-01,9.130937087288992782e-01,8.382971104288639008e-01,1.509216417494773088e-01
2.726593706978735487e-01,7.488711113703476752e-01,3.920936405054989971e-01,9.028760038084939765e-01,2.980457632317430328e-01,6.078824767700112819e-01,5.424894801159428903e-01,1.522093501112070923e-01
3.440088318981153748e-01,9.444740163387805865e-01,4.271873481878052936e-01,8.731127647801054659e-01,2.853141163900040911e-01,9.999428881097188748e-01,7.332311541703706581e-01,1.513572406468165765e-01
2.447948565705118096e-01,3.786270681185954778e-02,1.865252652913378384e-01,9.885019107105644798e-01,3.137665557533034222e-01,7.825863131226333813e-01,8.953666080622759704e-01,1.493817645482828915e-01
3.561993814145801851e-01,9.826765845779799058e-01,3.855797346293698968e-01,8.619212106613337587e-01,2.874435353515938929e-01,8.899946074721837297e-01,6.811202049986274654e-01,1.522953810157253729e-01
2.638727126705225912e-01,6.185527847492162667e-01,4.381474804959531455e-01,9.651372399849424966e-01,2.696213031806228289e-01,8.679242587442299595e-01,7.912185110690596046e-01,1.504978462367981551e-01
3.256784168239748589e-01,4.115078150217255648e-01,1.496011582963071018e-01,9.417439842174669673e-01,2.946747274616995926e-01,8.301127772276133410e-01,9.834959472334739994e-01,1.493392501253584526e-01
2.979623704466603518e-01,7.072369941715712649e-01,3.569244681084400850e-01,9.450693148776185826e-01,2.584985661227225950e-01,8.564403346493726366e-01,8.007640494895683636e-01,1.507124371289802478e-01
3.816868257689970401e-01,9.520465438506623412e-01,1.567350871547608104e-01,9.376652166548856693e-01,2.473849131946108115e-01,8.249651825517189119e-01,7.594056699815373568e-01,1.518528998427872700e-01
3.567808407757718792e-01,8.686092847281636775e-01,1.420167144074707677e-01,9.593045965981317202e-01,2.354783257371286243e-01,7.183025326813058387e-01,9.503068790297835022e-01,1.509680608001941482e-01
2.406486792471097813e-01,6.316322573045735078e-01,5.112545799875690689e-01,9.523604094066230319e-01,2.705249547238003371e-01,7.109257590661274273e-01,7.896961647372282567e-01,1.511209805318276533e-01
2.051948770598836236e-01,7.741468402594023912e-01,7.592850497728165227e-01,9.150636092079916795e-01,2.911075732236101943e-01,5.592449818566567199e-01,3.959783845004175018e-01,1.528670972220748658e-01
2.763047695310402729e-01,9.486547211328746343e-01,8.084459143000344294e-01,7.310889628033143683e-01,3.236965272738963062e-01,7.034358142874455044e-01,4.099748567492649265e-01,1.531958219749851580e-01
3.654984579439206627e-01,5.257728963195245075e-01,1.615484147831229289e-01,9.175978084688030112e-01,2.829362708960151962e-01,9.589079796440937997e-01,9.231374414498891845e-01,1.504785461556588377e-01
2.557171319582554059e-01,6.339549440525507062e-01,5.778920564132191684e-01,8.567238407338999551e-01,3.318773003317499470e-01,8.141336729039135856e-01,3.163608213941792036e-01,1.528425821607415080e-01
4.127216250571997813e-01,6.882141511149771906e-01,2.768275909561213055e-02,9.732424439144037320e-01,2.715287710254977172e-01,9.800935185509513925e-01,9.280265945565979724e-01,1.491409982860967820e-01
2.750167863511319699e-01,7.969221384599182167e-01,5.421140140672020546e-01,8.884292458014205751e-01,2.601124788721329018e-01,7.531058790053333230e-01,7.532209193350373200e-01,1.520025294105866176e-01
2.557884276295590564e-01,9.129673862852292210e-01,7.187939317583885712e-01,8.801057862189256564e-01,2.885159572956509932e-01,7.982314824019640653e-01,5.519097023942566294e-01,1.517389831560702340e-01
2.547167880440320276e-01,7.185878842247298559e-01,6.158301717236147610e-01,9.263731458821669040e-01,2.477269281401535683e-01,9.566907279690703980e-01,9.465233710705880377e-01,1.502185485906233631e-01
3.669448588521972421e-01,4.636339062760979068e-01,5.156848469800107138e-02,9.774164957180434543e-01,2.800461632913470167e-01,9.002686456865468534e-01,8.861401337405674372e-01,1.501448870271300251e-01
2.585809693052367186e-01,6.031431257504700216e-01,3.784418031641601510e-01,9.475242476815052273e-01,2.780140854299099629e-01,7.539870853739585321e-01,7.278129644127678821e-01,1.509833944566690012e-01
2.554554210776683321e-01,5.400171611414170680e-01,5.587219802020356729e-01,8.702437599445277394e-01,2.940315065283330975e-01,9.622452717104021946e-01,7.270992620329412848e-01,1.510185733014586529e-01
2.030066743420297914e-01,4.973505095271892329e-01,6.785004111426617968e-01,9.459194665272079305e-01,3.058263500290596126e-01,8.936284847308678669e-01,4.157222106817556329e-01,1.522674879808424697e-01
2.266703184279558747e-01,3.939263281554311047e-01,2.496323629302215907e-01,9.831973044839259490e-01,3.250378088439533353e-01,4.345992430564012965e-01,8.046256092814607630e-01,1.506863965147374751e-01
2.627951137128162196e-01,3.502364572677766907e-01,2.671289772509655158e-01,9.537188337870095012e-01,3.170538054324699151e-01,7.616539603594805197e-01,5.926898006668507302e-01,1.510597839056495029e-01
3.389595034735959911e-01,9.531707043999062545e-01,4.455158194240148584e-01,8.367074052274070528e-01,2.712381611389768077e-01,9.329898885298619771e-01,6.798638167870069138e-01,1.527069481276366325e-01
2.950835264851681128e-01,6.507368920145766289e-01,1.524294532208504971e-01,9.900082153354762271e-01,2.731797798542283107e-01,6.087780065791967843e-01,6.022029739805295767e-01,1.521627061088778599e-01
1.961235592518872362e-01,2.566846868419679906e-01,4.323149217881885331e-01,9.941686652013718151e-01,3.272342415382787362e-01,7.055657812878990409e-01,7.735315475940386376e-01,1.499212074797896255e-01
2.119648513151856373e-01,2.902135020816872801e-01,6.069372567312030231e-01,8.961706121695844907e-01,3.500215356081086693e-01,9.803262944955306590e-01,5.425257676956324326e-01,1.510224253945299244e-01
2.737593659420155534e-01,8.580545595432862438e-01,8.047253121482995653e-01,7.612580260209699246e-01,3.228130491898288379e-01,9.052089866489899661e-01,3.835598049271983223e-01,1.527882944055474201e-01
3.171678574435176090e-01,1.510254674238661887e-01,1.340007022457363473e-01,9.281202836498534392e-01,3.219026535070830808e-01,9.113784391347019564e-01,9.644947116113238295e-01,1.488456186237431533e-01
3.374529161923620069e-01,9.624825254786855133e-01,5.338988014191087261e-01,7.737922591414648776e-01,3.240908338871085204e-01,9.954524023888797757e-01,2.683268990834389300e-01,1.530357572203991379e-01
3.369964636702299510e-01,9.635506374066389323e-01,2.929449413052103157e-01,9.270708394963890209e-01,2.588029507746119617e-01,7.565492856670109623e-01,7.745476581474929345e-01,1.509664450490329490e-01
2.523775358257585033e-01,5.717716712172001836e-01,5.096845052043805779e-01,9.509516810773194218e-01,2.794652214920523292e-01,9.228305066738542450e-01,8.982357080975542640e-01,1.494365007788341915e-01
3.010425224814077816e-01,7.827628963747322866e-01,3.972899613931590856e-01,9.414942919314486236e-01,2.315476356211093600e-01,8.774081089278987777e-01,8.431486795807974222e-01,1.515592692549110332e-01
2.829137036897664825e-01,7.888300375105818940e-01,8.088882562655008712e-01,7.043804449204881246e-01,3.617912604534062049e-01,9.642278295427437751e-01,2.104277136293642991e-01,1.532951419553280070e-01
2.871895765097781661e-01,6.342132047043016474e-01,4.991016077131914530e-01,9.003358619488667225e-01,2.720617355361694689e-01,9.986841350624742208e-01,9.064819634266925164e-01,1.506974207220227735e-01
2.756793715416608337e-01,8.056677403703038642e-01,4.387990477604343242e-01,9.887382914711482229e-01,2.550877517078477541e-01,8.450879003784949051e-01,5.148870471623128164e-01,1.519532741703006062e-01
2.778757502993418615e-01,8.365383054712861588e-01,5.152616626871112659e-01,9.054394270907951681e-01,2.541143221029368293e-01,7.705745173302479545e-01,8.259941263917141008e-01,1.506351165003455839e-01
2.990816758006670795e-01,9.055836461185635677e-01,4.067839783046993674e-01,9.510779606019122978e-01,2.201407501582514914e-01,8.320775522589168860e-01,8.956751165339139620e-01,1.508140905299134304e-01
2.961765719268230623e-01,8.169940554699990365e-01,5.414666978489880433e-01,8.377453806380064094e-01,3.128378819221279694e-01,8.547441718322642545e-01,5.291574952305725388e-01,1.524715407593652816e-01
2.525077028663176848e-01,7.554968740672596272e-01,7.177343483261868773e-01,8.317242294045869011e-01,3.135540501367610200e-01,9.062853348144466192e-01,5.093747387331435394e-01,1.515966115127149461e-01
2.920136377502576264e-01,8.337684704716207262e-01,4.062962774626529550e-01,9.909873009074849914e-01,2.363281669038996557e-01,9.262940422703540566e-01,7.811905438479440633e-01,1.506217339284069145e-01
2.786759209352365763e-01,8.877657732054524686e-01,4.344028499070342608e-01,9.841777011002637021e-01,2.313413442240255247e-01,7.929155512521058879e-01,7.650992839958050684e-01,1.508323234561777804e-01
2.528142824166338398e-01,5.296131908596757309e-01,4.371029604193727991e-01,9.991636899577740483e-01,2.462352195600612248e-01,9.799826667080878684e-01,8.974422912111152950e-01,1.504455562364733212e-01
2.867057486724366999e-01,8.308991578177202797e-01,6.713503018642766884e-01,8.245931013121374775e-01,2.888430938763412725e-01,9.217545411137885170e-01,5.964189429853905544e-01,1.524679778801089347e-01
2.205784889644758495e-01,6.159028717997124813e-01,7.699724980845167321e-01,8.441112287288243810e-01,3.181511799267169871e-01,8.063402885847141821e-01,4.163596292348156758e-01,1.528101066780037653e-01
3.100659486723389979e-01,9.266114780833183406e-01,4.455046718619389279e-01,8.329403326419904108e-01,3.130243323404568456e-01,6.652116061913511125e-01,3.590640589558748985e-01,1.534937310484381923e-01
2.699627473569740088e-01,8.560173280623442071e-01,6.880991367140461001e-01,8.736065250669137194e-01,2.894903341828038434e-01,9.042225722833125978e-01,4.511551671717794476e-01,1.525119224368943482e-01
4.550347942822705605e-01,9.218581910286856029e-01,1.220231676321660852e-01,8.281488566801962214e-01,2.896083394411401724e-01,9.557034437641147573e-01,7.996803895272446283e-01,1.526341027970578856e-01
2.933738345201163389e-01,5.431079358581801797e-01,4.141223347174098346e-01,8.718228259851369399e-01,2.940324913595601664e-01,8.798090950225330165e-01,8.598670115403205250e-01,1.510568616267048414e-01
3.138372228330369995e-01,5.187849637573620498e-01,2.078746082482429425e-01,9.994153464027095701e-01,2.447224763276676651e-01,9.541577057546144491e-01,9.444497565938196892e-01,1.497413467778528351e-01
2.851849971603980793e-01,3.597321006163687329e-01,3.323947164175717894e-01,9.003038114057548835e-01,3.249163705304771721e-01,9.375655421977235893e-01,5.094892089513877176e-01,1.518799560827596706e-01
2.098774483393199275e-01,7.738918279296111979e-01,9.127791974932396579e-01,7.739779100522736766e-01,3.553735022329295168e-01,3.980088585821108804e-01,2.704744989286921864e-01,1.534052601891282563e-01
2.722201173380183747e-01,8.477635783010537551e-01,7.659274825263711062e-01,7.764777269535906301e-01,3.399936855941043667e-01,9.492494668140438741e-01,2.517748885565031514e-01,1.526279791057857660e-01
3.003156266859293155e-01,6.103542368142824692e-01,3.705947084125374991e-01,8.950147135079424832e-01,2.978662908348355676e-01,8.897948061446857571e-01,6.270099746717516798e-01,1.515139135841381546e-01
1.670618777651205200e-01,4.215656628498336556e-01,9.442917482284556296e-01,8.232217122127717390e-01,3.724252274146084840e-01,7.074044450046148569e-01,3.018759617141169582e-01,1.527892511162071143e-01
2.564490257345503066e-01,6.877629709378604295e-01,7.321826050969579835e-01,7.769760026603700354e-01,3.214670534527155898e-01,8.900608161177614441e-01,3.901066509357648537e-01,1.533862042726789054e-01
2.423202428251872431e-01,2.665181888451841896e-01,3.132723146343883158e-01,9.536810022794478536e-01,3.391478788369508557e-01,7.988911909176973358e-01,6.444078409478748437e-01,1.503965631354360621e-01
2.382364298598119157e-01,3.643363610589764878e-01,4.875468662543840370e-01,9.113493812803183936e-01,3.270053450275584583e-01,9.429523960483460199e-01,3.812719033882400188e-01,1.526194004268113802e-01
2.813163579566108075e-01,9.295825274250961723e-01,5.606343997117212430e-01,8.967098677917790805e-01,2.790730069457130758e-01,7.883913824992695440e-01,4.862147769719684098e-01,1.524708427030677105e-01
2.448713840853711798e-01,8.544954563284101745e-01,9.462410336043292070e-01,8.073655242919648423e-01,3.250635051053593072e-01,9.529324471740032720e-01,4.151615659274673908e-01,1.520981224179588642e-01
3.306818603497604925e-01,4.417305574759241571e-01,4.875290764293982448e-02,9.535578523365333403e-01,2.998581986770175734e-01,6.731489091853998241e-01,7.049040076073727068e-01,1.513919084808220128e-01
2.527691676277570298e-01,5.285885324205187308e-01,4.503920148848984395e-01,9.859690207891109726e-01,2.768278667693110373e-01,9.750012136397300244e-01,5.523125741636768504e-01,1.517301094627229452e-01
2.380091989445228817e-01,6.640545675851495799e-01,7.782067154126156572e-01,8.498568349011572653e-01,2.754453926113893392e-01,9.778282956374896306e-01,8.186657380256100458e-01,1.512496525659717816e-01
3.339485073528382086e-01,9.592285936099179677e-01,4.834568461657934857e-01,8.544972430951751630e-01,2.957378900979910075e-01,9.561755682954401481e-01,3.300659832318284526e-01,1.528908318604796646e-01
2.742506720839739676e-01,6.822408909518982156e-01,5.550213877419595265e-01,8.891796977279268210e-01,2.962949779150124696e-01,9.284267096214129378e-01,5.558676906499591119e-01,1.522478819229755864e-01
2.463215142037269711e-01,6.762774454518392098e-01,6.114102233968562450e-01,9.311013263416785257e-01,2.742563986471282522e-01,9.481344351674455551e-01,7.747374657557031252e-01,1.509070829592506213e-01
2.967580512948909677e-01,8.346730650815314956e-01,7.330563243329091261e-01,7.270527977502896366e-01,3.427740465389058633e-01,9.417530629369947892e-01,3.353652218443492483e-01,1.527992858595267067e-01
3.747181081742121389e-01,6.305544141143530901e-01,1.148980255729720179e-01,9.233324521931065565e-01,2.892162683460356987e-01,8.618545768918335348e-01,7.040116384779521175e-01,1.514654431786670585e-01
2.484800994748797842e-01,6.554641790197923701e-01,5.026655141033069540e-01,9.780944305045935483e-01,2.567987766849872955e-01,8.729984314470965456e-01,6.433311719610226298e-01,1.522204075482845864e-01
2.108242281226143100e-01,5.253683576051259019e-01,6.818628961123686105e-01,9.216284251508020109e-01,3.047315946010166199e-01,9.225640970737234436e-01,3.301690993622238279e-01,1.526688757838075838e-01
3.363802096956822751e-01,2.783458054411245830e-01,3.015471321571155938e-02,9.996130577989360555e-01,3.184022565294614693e-01,8.986215163356141566e-01,4.618309874967538864e-01,1.506151597970027400e-01
2.090320628749544607e-01,2.475226937609087408e-01,3.452203150031077916e-01,9.763587456809454945e-01,3.350043680408028579e-01,7.168628309160708367e-01,4.236072211477289740e-01,1.519420582835083744e-01
2.071643543561778045e-01,5.750794070007004821e-01,7.765164277071301413e-01,8.612305813658153175e-01,3.019928883887971205e-01,7.176245445929785305e-01,8.488927583870364835e-01,1.507317720902898728e-01
2.883888763193189209e-01,7.739737048874177905e-01,4.789309694099280201e-01,8.773963962880635403e-01,2.831282004084499926e-01,7.970361477872165423e-01,6.321107337598562692e-01,1.518831965186645816e-01
2.738564655121686897e-01,7.104267196653709648e-01,3.584721273960865262e-01,9.824102367143967562e-01,2.486325634366929882e-01,8.183962377717466374e-01,7.627168271633630869e-01,1.506536436582906757e-01
2.444931485481780797e-01,6.146505704132022574e-01,6.364119041461384629e-01,8.779901335775195381e-01,2.934833512001221445e-01,8.906634521677491145e-01,6.612801787428024269e-01,1.514550761665198753e-01
4.193598314349209488e-01,9.893658202815132086e-01,1.838329516779627082e-01,8.595810722837546880e-01,2.919105825324250225e-01,8.866098219971367822e-01,7.443339198526236489e-01,1.518686435671751656e-01
2.752098533793516100e-01,9.198295698295471112e-01,7.833845106859091967e-01,7.637963403256599060e-01,3.053574291706647181e-01,8.391122816698090014e-01,3.851900226074379541e-01,1.533336711908491190e-01
2.506528542366603940e-01,6.766788289312026805e-01,4.599301775886923127e-01,9.226112007121338721e-01,2.881921205658914964e-01,6.958740632795354930e-01,5.106267932353601990e-01,1.525747221493725936e-01
3.216881767387828051e-01,9.808015539784823433e-01,3.761066934866236777e-01,9.611876819040987563e-01,2.196175878305279827e-01,8.296207745958693591e-01,9.313226637466716085e-01,1.503874529022593276e-01
3.153626895093813998e-01,7.156645248151130012e-01,4.139264566883552598e-01,8.623946035621364858e-01,2.720271954804753811e-01,9.717051155316560607e-01,8.214990858682478247e-01,1.514606438859224802e-01
3.441193880066680810e-01,7.442070966267280152e-01,4.044738327666375644e-01,7.938715542503980149e-01,3.285928432742112881e-01,9.403997498216150053e-01,3.977398194081552818e-01,1.534565193692166984e-01
3.209412732526553125e-01,7.808932243470274592e-01,4.054273972921558222e-01,8.487453723964228924e-01,3.136792588577808627e-01,8.319076826877820352e-01,3.623466046533350138e-01,1.533473041348498711e-01
2.419123691530587206e-01,5.908268407935235444e-01,4.194888493466751300e-01,9.268861456839151414e-01,3.110857618253048962e-01,5.935185615218325772e-01,6.406219188507227269e-01,1.516350523896168034e-01
2.399319075816188085e-01,9.044736224181078033e-01,8.559954756165466527e-01,8.604301425600346942e-01,2.990742694672033908e-01,8.037336999302910900e-01,4.587973374503013790e-01,1.519232831911932202e-01
2.174116699641373551e-01,5.894376872254080135e-01,5.416009183219141487e-01,9.790402065874735937e-01,2.734343153737158749e-01,7.383487108326761694e-01,5.508453979339462681e-01,1.524057772412953649e-01
1.819047003328378431e-01,6.527985854990403514e-02,3.038025086976134936e-01,9.991427979649316615e-01,3.817346552516905356e-01,6.050356658016652345e-01,5.180847924311431374e-01,1.505597344826448414e-01
3.093084693187859169e-01,9.713945350902344344e-01,6.961466123337410883e-01,7.582763138840922235e-01,3.208698802026101471e-01,9.784787589306146449e-01,2.274040989469224838e-01,1.535409710326311183e-01
4.045085812265520886e-01,6.976433570230768932e-01,1.513202761270093788e-02,9.575563054104632155e-01,2.734430899359008849e-01,8.468912591244633914e-01,7.918472242808760608e-01,1.512978540370119029e-01
2.834917479179464017e-01,6.659824331767032479e-01,4.116106455259087582e-01,9.537936651239622421e-01,2.465520203201930216e-01,9.792274891146985905e-01,8.551913965195544476e-01,1.503404335793256386e-01
2.699546111880157251e-01,5.889231245291925987e-02,9.371513614074361564e-02,9.837671670255023759e-01,3.782350471878032083e-01,7.463260301871782465e-01,3.448880129773896352e-01,1.508982916998887203e-01
2.598188495847963408e-01,6.364080385619822477e-01,5.139533923572957574e-01,8.938948279691866228e-01,2.724602657895793811e-01,8.791119534018309034e-01,6.993613660701607504e-01,1.519214558751820210e-01
3.598315755945941108e-01,3.948501461648259436e-01,1.313643173290923727e-01,8.784533150423095016e-01,3.027982861691562166e-01,9.104989485361596468e-01,9.267010063496451400e-01,1.496681743112765195e-01
4.210230990114067762e-01,4.565928735743955968e-01,8.744512445029994918e-03,8.669751741452040861e-01,3.422645194662665702e-01,8.928285414350872751e-01,6.130195130302541484e-01,1.510478142610640895e-01
2.029472671351748581e-01,1.388615648638935607e-02,3.214356316727118301e-01,9.730661268222675631e-01,3.791497398874914548e-01,7.993646179796183304e-01,3.575524481629283047e-01,1.513085709320478034e-01
2.052499006664765258e-01,3.888675931049572210e-01,5.312875109742988267e-01,9.494846066798547923e-01,3.198344108799131003e-01,7.515035284443393193e-01,6.139509086805874372e-01,1.508369938189006443e-01
2.118747224974337207e-01,2.570958966756974884e-01,4.376873755289415469e-01,9.790901766458015576e-01,3.094456752393017762e-01,8.772583244572341732e-01,5.410944835369215777e-01,1.515062841480084577e-01
4.026086639799006384e-01,9.341594636659682482e-01,1.184190772383510448e-01,9.288117415195077387e-01,2.470935246360988768e-01,8.322329355793931516e-01,8.507689565837845969e-01,1.521594139353201203e-01
2.490724035744647791e-01,7.514613813128834252e-01,6.429083492969498437e-01,8.395373689304179710e-01,3.258952070109288890e-01,7.353179530746625225e-01,1.182293769045022480e-01,1.536073034717284902e-01
2.430079609756915227e-01,9.302638188864553737e-01,9.303002672353564151e-01,7.823970633942947117e-01,3.338665893574045418e-01,6.482929274729648528e-01,4.587714648537652984e-01,1.522947102084893645e-01
2.955870906887183014e-01,8.642224856879756612e-01,6.007545331242025721e-01,8.160632247664448835e-01,3.147017935823943624e-01,8.582304039599043533e-01,4.691367461373566750e-01,1.526367250024763533e-01
2.838519686592501645e-01,1.274261319090489453e-01,8.847513965643183376e-02,9.555469786356081130e-01,3.358338459617414840e-01,7.283855643947365621e-01,6.748857721729714099e-01,1.505402822408817287e-01
2.682697033103674245e-01,6.564420703702962268e-01,4.234489196148105150e-01,9.065265112188795049e-01,2.849570341185329592e-01,6.683326215380889224e-01,6.948226938961589161e-01,1.524035597478491655e-01
2.330245584692440808e-01,1.067793024428994042e-01,3.323478468853812706e-01,9.600101189693606152e-01,3.306130085820637721e-01,8.924672143859336826e-01,6.245458736319546844e-01,1.512088601298068602e-01
4.782585453790505481e-01,8.428881457894481510e-01,2.189716217345194504e-02,8.631930932854950944e-01,3.078361628407249029e-01,9.679349970276034387e-01,9.700278186751156717e-01,1.503799014362274256e-01
3.849830394738380512e-01,9.692702305892854087e-01,3.484402950230650609e-01,8.425803039448724885e-01,2.463337768928753335e-01,9.996223873470259091e-01,9.204105103598623216e-01,1.515820630078731635e-01
2.825912290675273164e-01,9.853023730011492010e-01,9.804083065804127806e-01,6.625473738988734151e-01,3.575805399763178349e-01,8.698525311521208003e-01,9.350473034677825312e-02,1.541038126526516061e-01
3.514750486246074335e-01,5.607069410541066778e-01,1.643708471252929848e-01,9.138831563841158800e-01,2.732164130568534577e-01,8.608243957939401003e-01,9.090415765770271106e-01,1.503470257947584765e-01
3.338395982844261645e-01,5.643725503072448690e-01,1.730850426810860432e-01,9.642688698801595848e-01,2.835310670929239718e-01,8.461367067551736065e-01,8.178104207327894226e-01,1.504381546620008059e-01
3.068670856829061599e-01,8.125965900616678450e-01,4.652409224173056357e-01,8.893956665982348797e-01,2.556142852162869294e-01,9.783802428479718705e-01,8.440380770201640903e-01,1.509141530447109525e-01
2.863717499233443542e-01,9.532871298955425399e-01,8.349826551507997241e-01,7.304769291812933663e-01,3.184584283316451159e-01,8.497709812118156014e-01,4.669368633970204518e-01,1.525026641702915686e-01
2.810505282641211910e-01,6.923142271716452578e-01,6.016006572280849785e-01,8.289451216376749754e-01,3.222733892146310009e-01,9.461112136286828900e-01,4.431715088455971951e-01,1.524172681226658721e-01
4.029158662690807691e-01,7.296606560347892456e-01,2.205184181519836972e-02,9.549135622756871333e-01,2.413867151706748371e-01,8.727361040144959725e-01,9.872370576972042677e-01,1.502558843522448506e-01
2.047021627617207906e-01,3.613120939903214368e-01,4.576283543527810416e-01,9.226679401532247304e-01,3.481108303773453594e-01,6.098939521269324260e-01,4.284584608420515806e-01,1.522498400819300157e-01
2.574835041323814688e-01,6.736660534935472455e-01,3.738656344631262618e-01,9.983216535483890874e-01,2.517515261125327086e-01,6.944916638824216726e-01,7.271739653076195742e-01,1.517898015370146292e-01
2.830330531781340420e-01,9.063735729286159781e-01,6.822135986502795291e-01,8.553640799721262677e-01,2.833470274582680082e-01,9.766319597934199903e-01,7.560424495274153944e-01,1.508472222453418610e-01
1.797445009834758300e-01,3.904104392960975334e-01,8.687498634032845279e-01,8.897788689690057096e-01,3.332527396126404584e-01,9.895130545122576837e-01,6.354832869329026801e-01,1.508623725182178521e-01
2.458176306413867584e-01,6.401146358207453479e-01,5.289004897023205087e-01,9.661559727323005831e-01,2.563737836711523221e-01,8.848714506412601599e-01,8.261443039503484354e-01,1.508838092540558395e-01
3.338807354112190984e-01,9.002775097140982563e-01,5.109996548099434710e-01,8.091714940340209994e-01,2.759273733675626783e-01,9.780081178323304369e-01,7.561459279251717680e-01,1.524979372543585343e-01
2.806260784361317429e-01,8.598715736915812924e-01,7.009280336206128448e-01,8.334829368518350545e-01,2.762223789640493310e-01,9.063923617987074133e-01,8.149787849742500256e-01,1.514938742975840691e-01
2.501501222313393114e-01,9.125415272934687128e-01,7.129801033323893700e-01,9.153527497886706499e-01,2.651866578324635904e-01,8.218923221834413262e-01,4.303162296228038031e-01,1.526201531337977590e-01
2.462569522464470306e-01,6.163657627631115021e-01,4.928115986224917422e-01,9.734691309626760658e-01,2.690020212569894098e-01,9.311493404965617282e-01,6.033652983293325001e-01,1.513549545140693287e-01
3.844621087467669507e-01,9.004151927934014310e-01,7.285111151150658326e-02,9.949783071237524590e-01,2.305698476319803236e-01,8.195249129970469948e-01,9.973585106681474022e-01,1.496794276866247331e-01
2.830525502398473225e-01,8.182842597583710464e-01,7.043578638761515132e-01,7.513006708996654570e-01,3.394850841620074555e-01,8.809872218886378725e-01,2.772259534647947832e-01,1.533914216611439452e-01
2.169144794918182739e-01,9.490805725166540086e-02,3.776500786173578872e-01,9.545703425523478503e-01,3.352363573968480948e-01,8.764497425849218093e-01,7.243354301576453436e-01,1.502535795911850991e-01
1.946827149109812694e-01,1.968673118260030330e-01,3.578967629754337687e-01,9.936544981073354155e-01,3.481147715848293966e-01,6.420199086935280963e-01,5.410954793742493996e-01,1.514992427517596607e-01
2.289270933742293956e-01,5.184901344830038505e-01,3.362300556541193974e-01,9.954756292296009779e-01,2.963338686113348719e-01,5.506825885307428115e-01,4.830530498002816309e-01,1.525159808238109316e-01
2.465972123661770432e-01,2.152667009636330953e-01,2.424431430900476636e-01,9.972325377518144185e-01,3.357187568151335233e-01,7.855858788360776668e-01,4.982722395215339883e-01,1.511649386717796306e-01
2.784482270151091843e-01,4.789330910321406565e-01,4.403320891306408691e-01,9.004770135334183578e-01,2.959080552140057607e-01,9.967733981569755208e-01,8.437791629531371518e-01,1.509854669526900506e-01
2.360576731683478591e-01,7.535968321983249618e-01,7.075694983071159072e-01,8.365408623175021319e-01,3.292264056409834883e-01,7.223290034117666458e-01,2.341840282994208100e-01,1.528982691624684587e-01
2.402803396416545723e-01,4.487363773104791065e-01,5.324954417852557631e-01,9.103488884744677101e-01,2.921539806641807457e-01,9.389563254685195925e-01,7.297534713885357460e-01,1.515159440588662587e-01
2.640535314188010019e-01,6.877487734544103226e-01,6.009458925863639944e-01,8.465183492328466341e-01,3.074098996257486616e-01,8.295475126662966714e-01,5.647425413371088831e-01,1.522575510395560994e-01
3.150254906221338080e-01,9.016073395370638455e-01,4.369053356994602177e-01,9.272866135352414441e-01,2.728631457435080065e-01,9.411275119336139916e-01,5.893370115148788280e-01,1.516111216957320151e-01
3.563333569399611545e-01,7.740522536861638159e-01,2.848256187714792720e-01,8.731332739967861967e-01,2.733228759717604150e-01,8.661234513602187324e-01,8.907423520793649185e-01,1.509809731431627777e-01
2.937186037456637755e-01,8.293984553937051585e-01,4.717486756769404543e-01,9.424412033869449257e-01,2.823388088774702043e-01,9.526679143979310815e-01,5.097921215643542725e-01,1.516078222935483277e-01
4.176428530864143562e-01,8.433412609423149853e-01,5.095083748841300331e-02,9.333355617461985831e-01,2.555137121769137654e-01,8.944447609907826280e-01,9.285763258616381854e-01,1.501702617007864560e-01
1.920304290037934125e-01,2.780288896929372644e-01,5.799900156281284636e-01,9.774066354352305419e-01,2.994053883289845563e-01,9.280468829554912036e-01,6.711008217142926391e-01,1.513069431242824725e-01
2.701045906258606188e-01,3.570090530943946794e-01,4.348486187903637390e-01,8.619976776403227570e-01,3.475014928072902576e-01,9.443777809124382916e-01,5.733828439265180599e-01,1.512215266867091290e-01
2.380765343144202184e-01,6.429794229807487271e-01,6.259955106091776855e-01,8.735081655808146772e-01,3.139016466923181814e-01,7.896327885477153474e-01,4.486974060352923455e-01,1.528203678902999574e-01
3.291413562467571108e-01,4.388909038385625516e-01,2.109747102714765177e-01,9.061776201387290453e-01,3.065454816915864633e-01,9.602625730538301152e-01,8.123350177428387831e-01,1.502884415093111159e-01
3.504356266598291914e-01,2.375944912352234151e-01,2.365351058425219088e-02,9.116432848657791688e-01,3.372999930038059202e-01,8.240192663718853838e-01,4.590812818978414755e-01,1.515194320861417421e-01
2.633266903886639088e-01,9.418958939024664190e-01,7.774692319890820214e-01,7.973998951853085160e-01,3.291956242982419512e-01,7.514692446742680110e-01,3.087312942590311748e-01,1.526796677340279129e-01
2.466616320590735434e-01,5.854237476264297912e-01,4.815530030290189889e-01,9.628281250611754327e-01,2.724817278719799951e-01,8.699131128715633654e-01,8.139083994076912187e-01,1.498888087308323791e-01
2.647340508472063592e-01,7.819887945516076355e-01,6.201180335236524677e-01,8.549219802853509353e-01,2.802437043863350574e-01,7.909549138945002333e-01,6.274956747073533458e-01,1.524727372212175414e-01
3.246136617184127160e-01,9.835259339207933493e-01,6.308482030644479988e-01,7.696720205453480013e-01,3.093051043985375337e-01,9.994988017196709817e-01,6.241130220651501803e-01,1.517377994704441901e-01
2.604646570030311747e-01,5.408793326858090111e-01,4.825920478222027743e-01,8.809671565749018773e-01,3.062984381179036375e-01,8.987852281760633222e-01,5.398561150501575145e-01,1.519780818190670513e-01
3.409371231926771051e-01,9.900830098710817762e-01,5.653973819617276186e-01,7.330027779360590579e-01,3.279890118512682196e-01,8.978911687203333658e-01,4.935094232153187654e-01,1.526979709628705772e-01
4.089472703511135565e-01,4.033282553312758090e-01,1.208570277578062679e-01,8.030909195579744031e-01,3.350750668612879068e-01,9.846360156429350141e-01,9.186999395344732644e-01,1.503690068724934659e-01
2.917971502329975153e-01,4.095731813642587982e-01,2.545509427024004179e-01,9.659881516791706257e-01,2.663958116357469930e-01,9.651661405386540160e-01,9.877256793556175030e-01,1.491390504946510376e-01
2.498263609894636472e-01,4.432868274941371700e-01,3.217905315534960176e-01,9.452271249593130475e-01,2.934581202535005429e-01,6.736309074887122383e-01,7.957502168594885461e-01,1.507572894109098227e-01
2.649586309733937828e-01,8.993547249922171360e-01,8.796437744191405450e-01,7.553862686807211180e-01,3.258620316560109642e-01,9.028674393134064058e-01,4.626053864317357101e-01,1.517517241812081363e-01
3.191637464177058958e-01,8.247060138629888071e-01,4.977585720725556939e-01,8.263452105204365239e-01,2.972053548937841905e-01,9.400128172730107812e-01,5.585568274295188429e-01,1.531785966079597106e-01
2.737586869310769111e-01,6.129397558875737673e-01,5.112322632666747024e-01,9.013703570725738468e-01,2.589085382593471762e-01,9.649211203185852348e-01,8.136174111989356028e-01,1.518291136908599126e-01
2.309928375752852425e-01,8.912847716608552906e-01,6.592665777676461891e-01,9.643589119342784732e-01,2.518657272490451016e-01,6.702214889912123663e-01,4.626620831413342794e-01,1.525367917361564740e-01
2.526014421245544317e-01,1.574060516597354797e-01,2.623777029875360434e-01,9.720940317814528164e-01,3.310563490233979222e-01,8.414412517812152048e-01,7.360323252386781201e-01,1.503231344455545904e-01
2.537046484280661707e-01,4.303780407729390634e-01,4.572503559235908122e-01,9.117101929553149686e-01,3.151366374102060330e-01,9.111475910955664226e-01,5.416484837366547511e-01,1.522271725591576030e-01
2.824251531853179675e-01,8.340749128239079990e-01,5.168451748179194727e-01,9.379196644935248184e-01,2.516949577696279694e-01,9.335358767391491730e-01,6.433237139542581362e-01,1.522539951180653384e-01
2.300511941345059208e-01,2.748427254892192861e-01,3.448010035700057596e-01,9.450910166421294667e-01,3.118295735093861154e-01,7.216609876716629790e-01,9.056846601641160843e-01,1.499279486623129598e-01
3.710958268372464008e-01,4.907337608324524592e-01,1.671949230466646119e-01,8.691445719996937491e-01,3.208266225580133080e-01,9.635499722963245528e-01,6.755862489135835425e-01,1.511569630753718529e-01
2.640338632513385964e-01,7.753791784802972487e-01,7.635895422944788402e-01,7.858860549485321423e-01,3.171952127718191128e-01,9.850897033514026679e-01,2.823469406487585376e-01,1.531943038197714768e-01
2.137717218425962407e-01,7.627653792877575611e-02,2.545357702168096203e-01,9.847000022215289805e-01,3.541869872057786806e-01,6.494673538287145664e-01,7.917095126247770676e-01,1.493419527497137911e-01
3.180725887150161468e-01,9.900368774890961898e-01,6.285241169901245595e-01,7.528212986022008169e-01,3.048438366789372189e-01,8.501497757734817196e-01,4.300298116294970496e-01,1.537137173590107930e-01
3.925569441981137109e-01,8.340263327109900260e-01,1.393507736682660370e-01,9.476094561491799073e-01,2.608004199078289287e-01,9.699901928220555636e-01,8.950906011772190585e-01,1.500202335638052276e-01
2.826204398829291753e-01,9.150136949476036508e-01,7.793560988072091300e-01,7.769653677912776724e-01,2.903887848975669206e-01,8.751762756205808680e-01,7.366815485092016447e-01,1.519494547082534674e-01
2.882253423338686504e-01,7.102314784251149149e-01,4.712821041474963835e-01,8.944571166251792382e-01,2.479335739183341492e-01,9.135264671130295389e-01,8.701586156098574110e-01,1.513186358653268171e-01
3.536192205414345757e-01,7.442496107934057914e-01,1.278985778509826865e-01,9.853793589354684634e-01,2.368300823397420096e-01,8.101440562785225952e-01,8.963595264508341653e-01,1.507363852253558179e-01
2.589613559313150293e-01,8.800662713872906551e-01,5.100310063767656832e-01,9.145024000525592278e-01,2.648373593218553701e-01,5.856849679588792545e-01,5.785631328195482981e-01,1.528722614175520855e-01
3.039194259111186458e-01,9.229257197582310113e-01,4.093808942458793121e-01,8.949707790654499728e-01,2.641491028571777422e-01,6.785968257996733977e-01,7.979374899681062061e-01,1.512710702569930177e-01
2.195792287326041869e-01,7.277554521806210985e-01,5.608955607778085550e-01,9.367263169023014591e-01,2.950861690159816697e-01,4.793549541480082166e-01,6.034749493984312707e-01,1.518550966987149142e-01
3.016690277212642490e-01,9.857952812800911957e-01,7.070161251842663752e-01,7.696932068222933632e-01,3.117117178028970814e-01,9.651202603692776716e-01,2.053957057973502809e-01,1.535461186875475836e-01
2.157965525149578290e-01,1.143473584348863592e-01,4.075264371031088184e-01,9.528805381434788391e-01,3.327541644594168013e-01,9.593957896212355063e-01,6.075796412046529094e-01,1.507741473891288375e-01
3.092285702567458827e-01,9.145197626214143227e-01,2.979856183899012301e-01,9.584946131443747852e-01,2.288338677048405989e-01,7.024717393934986065e-01,7.263605443657445981e-01,1.522259452045169048e-01
3.539075341371271111e-01,9.197225804296178531e-01,2.412466441029883502e-01,9.645329817782899440e-01,2.059393859340996613e-01,8.962365655254912467e-01,9.579377142423031177e-01,1.508850801496507132e-01
3.824079788654446421e-01,9.748346268374321610e-01,3.497303474509456667e-01,7.913839634008204005e-01,2.928372176720296371e-01,9.026777010458448824e-01,8.227564918854719522e-01,1.516849706889798477e-01
2.777918891273515878e-01,9.000966688256428760e-01,7.299519026596604787e-01,7.668254785614572189e-01,3.263432465957689654e-01,6.969239803433893155e-01,3.516671271888326955e-01,1.532201498132147732e-01
3.995697924295636971e-01,8.673683153252061961e-01,1.523630413387428439e-01,9.082191884212762467e-01,2.679413440796873935e-01,9.015351921491540077e-01,9.691779885022152596e-01,1.503884679291171422e-01
2.458140472399331367e-01,6.189105758483993691e-01,3.294782432575669717e-01,9.567616967158323327e-01,3.095659520581762747e-01,5.121051389881965399e-01,4.803584566256158261e-01,1.523419965991068270e-01
3.361521230531926974e-01,5.641312304882596385e-01,2.412943524224232250e-01,9.035434639350873320e-01,2.872999713663051402e-01,9.514740552146132568e-01,7.406809113759544871e-01,1.517739644886673678e-01
3.302560128242923443e-01,7.698840385065359726e-01,2.624260410877243266e-01,9.909936712195811515e-01,2.291850370696222328e-01,9.495441077015033260e-01,9.457457695567903500e-01,1.503517217688306873e-01
1.857497697770128520e-01,4.000727432909416681e-01,7.945827285402511375e-01,8.980866444399409065e-01,3.255472920774924450e-01,9.607198395999978491e-01,3.374959898017940718e-01,1.529830568777678645e-01
2.685809719311315624e-01,8.511605062339142602e-01,7.806672868774259255e-01,8.155031931888740981e-01,2.748679673615801455e-01,9.666339032615213211e-01,8.574097874834143429e-01,1.507720778119802096e-01
2.815080241475959033e-01,3.836131010788242368e-01,3.851832804315998282e-01,8.957045275094476233e-01,2.932547938608086047e-01,9.664204462664058859e-01,9.141214622677240609e-01,1.505174294156506609e-01
2.200634493637076972e-01,2.501355899772328417e-01,4.716270661286554033e-01,9.114924637676002916e-01,3.304958863032808614e-01,7.992536761992061756e-01,8.700333501131682912e-01,1.497551522901628684e-01
1.601703500504349509e-01,2.833462024401272039e-01,5.434094289625793772e-01,9.707298758530712446e-01,3.465512814773570316e-01,5.531425480790821414e-01,5.467073414137540999e-01,1.515344398023248385e-01
1.882366972522785398e-01,2.452487155810679220e-01,5.858725119713572571e-01,9.646300264653822065e-01,3.158412708647135858e-01,9.390507616043910488e-01,6.112657768363972677e-01,1.510592172696200441e-01
2.893335046284705170e-01,9.030100871418866859e-01,7.021355748079594061e-01,8.313060084989424281e-01,3.112365969086617890e-01,9.911364220348651832e-01,5.814531563564618866e-01,1.512426850861799399e-01
2.354386583362830243e-01,1.116514506379960303e-01,2.971655779890277627e-01,9.745719731475185332e-01,3.057802123050979981e-01,9.122911430465824312e-01,8.759940118883001725e-01,1.495617190573937938e-01
2.693935238646895103e-01,8.627045557785789631e-01,8.124943011943629445e-01,7.264473057165754533e-01,3.479156151341702419e-01,8.505044001446238067e-01,7.783442787215166803e-02,1.538965746324149342e-01
2.306530907683386200e-01,7.104421931060765916e-01,7.213156564074317822e-01,8.959903933055985981e-01,2.633752008448427828e-01,8.688783439871956560e-01,7.549254413771299133e-01,1.512668005435509888e-01
3.039880511208330471e-01,9.766318750148195171e-01,3.979196575299322469e-01,9.556363891787015286e-01,2.284366731941890327e-01,7.414749270379477064e-01,7.061974334834648648e-01,1.524225910842293696e-01
2.830971814101027051e-01,9.891176974414657153e-01,5.533556884440588020e-01,8.921728480474806489e-01,2.449447077503117964e-01,6.796023762637248833e-01,8.200121650015488317e-01,1.513991607193557187e-01
2.152999023220243391e-01,7.347045222759946981e-01,9.009616432387661522e-01,8.579886588367038325e-01,2.941076396165169804e-01,8.984149008791775248e-01,5.942060619252238496e-01,1.519342733169265214e-01
3.426486904766974373e-01,7.210393521197181466e-01,4.319929533477281369e-01,7.912595327055405026e-01,3.226143162499512940e-01,9.850197779568928835e-01,5.387949586585918382e-01,1.530944719622844286e-01
1.924651666692192564e-01,3.507079900924066629e-01,7.612632839087922765e-01,8.420620533528082596e-01,3.475723594202522748e-01,8.697306802010046356e-01,3.991357064824072043e-01,1.525714989436009750e-01
2.855882201757860006e-01,9.400745655001273571e-01,5.898175481823598743e-01,8.473250191128191000e-01,2.815706424087300319e-01,6.754018613686250117e-01,7.153998393963140190e-01,1.516481610676513325e-01
2.479407601535509320e-01,9.389115614307617097e-01,8.957887715177681454e-01,8.130258389501646699e-01,3.014472350077996299e-01,8.224555164979371336e-01,2.577923932735945445e-01,1.534999476142222818e-01
2.346382242337582691e-01,5.001321872898287779e-01,5.931582861505781956e-01,8.643342132198313932e-01,3.372388682286358019e-01,8.743907922306362046e-01,3.540851540901738259e-01,1.528070238373057388e-01
2.913818173688568769e-01,6.817070156626162669e-01,4.175836616777738319e-01,9.371021701878005095e-01,2.651387720712615192e-01,9.747829533475538266e-01,5.756091729526275902e-01,1.520800259821736000e-01
3.907315541309943629e-01,8.276191461073469924e-01,2.148337418660098419e-01,8.785929332410602477e-01,2.955193561224285226e-01,9.450571259873565833e-01,6.881695778452804335e-01,1.517671068778682908e-01
2.447327377583704278e-01,9.094514579780124119e-01,8.703777739247582357e-01,8.316158776674987818e-01,2.868842422075326692e-01,7.212726964425902887e-01,6.101491366532088012e-01,1.520670282594197009e-01
2.652465649574577977e-01,8.537327707680961719e-01,5.385216995572825738e-01,9.294761378691128728e-01,2.531655594084877836e-01,6.909757522115440587e-01,6.647583998500083968e-01,1.523271599169802315e-01
2.393820714944051298e-01,6.559045404610472918e-01,7.692977577435298198e-01,8.106139345355278802e-01,3.442029147765213182e-01,8.664742991264473559e-01,3.897104345399714509e-01,1.521600673313504570e-01
2.339073145794683672e-01,6.020275488341629844e-01,6.882128813421488633e-01,8.935490027962893489e-01,3.190782750036815218e-01,9.557648227219853743e-01,2.656291129179670363e-01,1.530470330260229328e-01
2.322239738169394052e-01,4.454787158505082445e-01,4.152965954213366784e-01,9.942862312388873747e-01,2.779136113920726014e-01,8.048220745031573475e-01,8.318292775997870869e-01,1.501918761907169164e-01
2.448568840085902365e-01,9.217170359654286438e-01,8.726387150541875526e-01,8.033158668612653264e-01,3.015063579019659490e-01,7.192378454632604168e-01,3.307605362775671853e-01,1.534518815493710331e-01
3.739168669921213439e-01,9.543616777137475804e-01,3.727679815138614239e-01,8.017673200016013357e-01,3.227474391016210697e-01,8.901977273126223666e-01,4.474041525868946989e-01,1.533604805858567732e-01
1.913935007920990750e-01,6.050257177447557755e-01,8.009024878332705599e-01,9.142915236272857182e-01,3.071388439740477816e-01,7.666865307952570596e-01,5.970957561384107048e-01,1.513111254063752575e-01
2.365637195241443447e-01,4.408509779489354630e-01,3.201512207103153207e-01,9.978598784685571710e-01,2.991213715376830895e-01,7.080848468667351181e-01,5.476093328606779220e-01,1.512893602214806232e-01
2.628394722588633936e-01,1.535561340579381651e-01,8.271981714997678203e-02,9.868492424618374725e-01,3.696665175640144185e-01,6.522873137742672967e-01,2.940440294705994884e-01,1.510819980102685312e-01
2.351609285156175955e-01,7.502864318402444610e-01,6.041198793113355947e-01,9.277927021236838101e-01,2.980954377691479862e-01,6.678531753998708798e-01,5.397034204924785472e-01,1.517443576245217085e-01
3.464627252324956608e-01,4.676386351726794510e-01,5.685521517011932202e-02,9.776068558115280638e-01,2.781986961227415067e-01,8.732150626948181893e-01,8.670079099037444337e-01,1.493204899643487960e-01
2.310482213385018913e-01,8.704309512058181486e-01,9.946835880280876507e-01,7.572955421981787394e-01,3.257629831964051759e-01,6.474838277803512954e-01,2.704223930820682242e-01,1.538516066096285717e-01
3.482262998454050962e-01,9.754387019784935831e-01,4.523120759054469753e-01,8.069343980647324388e-01,3.274952228796998432e-01,8.848506940701008627e-01,3.309924720078345484e-01,1.524606893781962069e-01
1.932993871865194002e-01,6.690241246209143178e-01,9.853829908401273707e-01,8.350502374157431351e-01,3.309632025222510321e-01,7.529187674428416965e-01,3.600713987945256545e-01,1.529683022354756394e-01
3.737325949241559475e-01,8.879418101353391268e-01,2.033542662283181479e-01,8.946078339265575163e-01,2.619266697078977413e-01,7.977515184646123414e-01,8.483102641912669828e-01,1.517374887982654852e-01
2.712256328317945164e-01,4.184074450646881882e-01,2.706844010251902022e-01,9.471937788946798165e-01,2.974310649995399736e-01,7.668355834939457605e-01,7.596656709262181728e-01,1.503383451827343120e-01
2.820984228458292553e-01,9.278479459732134060e-01,6.270591723956520092e-01,8.691108660839536038e-01,2.778613651932117512e-01,8.130370261961938905e-01,4.199859515045408775e-01,1.528619940361514717e-01
2.607506672457405306e-01,8.679517323268635121e-01,6.049931002168875693e-01,9.017279908673895283e-01,2.793426934282732255e-01,7.956660754644797606e-01,2.778611496887617438e-01,1.532199445605944843e-01
2.584381172474174426e-01,5.892789104792599542e-01,4.459042200673850043e-01,9.375049141386840867e-01,2.929884298713072988e-01,8.007774127578165535e-01,7.708705383956965251e-01,1.506012477858892640e-01
2.438697179756192657e-01,4.421844889993618022e-01,5.815598921757719753e-01,8.764801189353604860e-01,3.088011843884863050e-01,9.601066026583361390e-01,6.767850679304676653e-01,1.515113639165963921e-01
2.215962180194478437e-01,7.779513642764779302e-02,3.635073757693425001e-01,9.471185465504554646e-01,3.552497521927453494e-01,9.057533052949663377e-01,6.551864954517696571e-01,1.501554859601360592e-01
3.144968511058572891e-01,4.722639488256875628e-01,1.804775511039496405e-01,9.705237571455193057e-01,2.546042550032755480e-01,9.324586229902518397e-01,9.431698458903493565e-01,1.496076555891970583e-01
2.233379240655124498e-01,3.582032569643212039e-01,5.719156446579047870e-01,9.311597119768528774e-01,2.916183386832968405e-01,9.671784276732765528e-01,8.099423018832461185e-01,1.508977938960440746e-01
2.541197501171153506e-01,9.174454032989951546e-01,9.170701540715375799e-01,7.571728003068648460e-01,3.116028817070966017e-01,7.672213038394746221e-01,4.798332259267218403e-01,1.523695690633279087e-01
2.550182485082136963e-01,9.791084028121097571e-01,8.248794390595269865e-01,7.611728986219278292e-01,3.234982989205631432e-01,4.730289069677023339e-01,4.486224298081145090e-01,1.530967048784301343e-01
2.878888198805930054e-01,7.702002817381422561e-01,5.191320098285419071e-01,9.193535433333061002e-01,2.461601243733121391e-01,9.441670586315218383e-01,8.941677035987702915e-01,1.510046918996178766e-01
3.537139522300726258e-01,1.750386323210871842e-01,4.155814438508265152e-03,9.385162977196105372e-01,3.232932228140633080e-01,9.287725458562627878e-01,5.750463059529635768e-01,1.503055141693480090e-01
3.312306126589159572e-01,5.829126688645966947e-01,3.268034439740999941e-01,8.861395432731583588e-01,2.943781217087040325e-01,9.860221355758066464e-01,7.226730902823443881e-01,1.518091723779631808e-01
3.265757251246665938e-01,4.683013727868563514e-01,1.126665470510255784e-01,9.894100751983269104e-01,2.614319708627765859e-01,8.797659250826208588e-01,8.062346574544155819e-01,1.507428042045878269e-01
2.855849863664401411e-01,9.113552474420916205e-01,6.256225303328273313e-01,8.075855562894959094e-01,3.312688208289200076e-01,7.052023616752137736e-01,2.214031261433162534e-01,1.532708430676499867e-01
2.261551750241020953e-01,5.587919549121488361e-01,7.338633689953590888e-01,8.527437665041613934e-01,3.267299527090495315e-01,9.040458476993286085e-01,4.952806425143365665e-01,1.518564523669601596e-01
2.708095241451791702e-01,9.085453732757982070e-01,9.256261256087334743e-01,7.054008609526379869e-01,3.449900218281813369e-01,7.933138463610169833e-01,4.785597034362143454e-01,1.525695170595018912e-01
3.340496546543968437e-01,9.964230275851295726e-01,4.182434862516830054e-01,9.208485782156963229e-01,2.371074425970235433e-01,9.604584906648272469e-01,8.495172017958418920e-01,1.512628635957350420e-01
2.449207331384516406e-01,1.489701165761678769e-01,1.321170311505083794e-01,9.992680128288191632e-01,3.507758200424105910e-01,6.268221885700479001e-01,6.127226755599430863e-01,1.500872874116855049e-01
2.459878428247897764e-01,8.481906103848546596e-01,8.854328169857235142e-01,7.866949456920413475e-01,3.259775458241780388e-01,8.722730174049279084e-01,3.105831794782583088e-01,1.532252904444890429e-01
2.294236414536002799e-01,8.720687311520702867e-01,8.288018748712440154e-01,8.904106507777177493e-01,2.753892235508657027e-01,7.812708991631946986e-01,5.670120400647945536e-01,1.522275040621728359e-01
2.846453601426996438e-01,7.093784401531254558e-01,4.864580364500784571e-01,8.604081850488263239e-01,3.052089989216184573e-01,7.952584210282693800e-01,5.232121103110466409e-01,1.526556200908290861e-01
2.686884697438793879e-01,7.873317627344156300e-01,5.972802541507316043e-01,9.005284427546104142e-01,2.908311572605373763e-01,9.886394245518719259e-01,5.657851818699953794e-01,1.511888689930048213e-01
3.835148242707106525e-01,9.111895047400109249e-01,2.461507882772888678e-01,8.613644359141219287e-01,2.887565369996255016e-01,8.919456163912955482e-01,7.486264349627420600e-01,1.514386245662513730e-01
3.223292712283037376e-01,7.658392118338568366e-01,5.085128454893702576e-01,7.838478309274845568e-01,3.138467308975927406e-01,9.533002812847536367e-01,7.850780441973990165e-01,1.511809210277946236e-01
4.151467307928153883e-01,9.611498870060478650e-01,2.209291619143997076e-01,8.438704404234523837e-01,2.637449498509614187e-01,9.180315730586199319e-01,9.260220989638120459e-01,1.518586036555874264e-01
3.294860585144087639e-01,4.701591072648825254e-02,6.566362338176440216e-02,9.126708157595753157e-01,3.496072335491803296e-01,9.582729562366731901e-01,4.372032857853056509e-01,1.510080925687703191e-01
2.192079460676379377e-01,2.999531061316742520e-01,3.509705964664946443e-01,9.750150267187445152e-01,3.145393907560193325e-01,7.238054264499502732e-01,7.624019964614645595e-01,1.502471501127115860e-01
2.771057142604699264e-01,9.678207878516377205e-01,9.450953301045288413e-01,7.332943884029793358e-01,3.428427284429010347e-01,9.451024887457071255e-01,2.188801373448524545e-01,1.530486421294508792e-01
2.991351371475668985e-01,5.554952004701575463e-01,4.149708155532221276e-01,8.494465374669448732e-01,3.268340018008127346e-01,8.879733584338744823e-01,6.494404479550448528e-01,1.515763530481764321e-01
2.483755778949388315e-01,8.439971130564136725e-01,4.920818204792528627e-01,9.743819226329827332e-01,2.611657797429349781e-01,6.812659371469721448e-01,3.256279728885816960e-01,1.530209584620118857e-01
4.404385471479447811e-01,9.519103589821014122e-01,1.463240664109596856e-01,8.697761135350108308e-01,2.939540397176634845e-01,9.868604470551550767e-01,7.520522070321424835e-01,1.523186473825561271e-01
2.678519592295847684e-01,9.555463596038979990e-01,6.649896538387614076e-01,8.783126161579339897e-01,2.935812407573008542e-01,7.674521858695856347e-01,2.385964336961487464e-01,1.528870742741448019e-01
2.792469815838938274e-01,1.545535142564655740e-01,4.606786434683129983e-02,9.856892623238818762e-01,3.518793587973978454e-01,6.747271514185424479e-01,4.561772100597949464e-01,1.504980366287045623e-01
1.990185601020218464e-01,6.581492639666474131e-01,8.671272239542745508e-01,8.254086774186670805e-01,3.514706004339314127e-01,6.313128113956436582e-01,2.228692987380834212e-01,1.531812587052280017e-01
2.921152729642116919e-01,1.623897282714714119e-01,2.569924777010497152e-01,8.949198308080819064e-01,3.368130206146083272e-01,9.954093854844290323e-01,8.847229438726168516e-01,1.492823424276775446e-01
2.493386352411472162e-01,7.631457949963509346e-01,3.800822153665006642e-01,9.671955485934586871e-01,2.833822232833144716e-01,4.511843426484070108e-01,6.529450135090706375e-01,1.520295031890768200e-01
2.450920621403636923e-01,1.384065973271694783e-01,2.730134768509862031e-01,9.744324318205139779e-01,3.114499016694585731e-01,8.674305363787000456e-01,9.500756981922087174e-01,1.488001641623978022e-01
2.529824831199508628e-01,2.447160879432615510e-01,3.028279484199132843e-01,9.502884121568347942e-01,3.312555346936815748e-01,9.183540790649515895e-01,5.378825371533023647e-01,1.509096463325890758e-01
2.256198937631391233e-01,4.751210927455171151e-01,2.250405643951405299e-01,9.968310194599577789e-01,3.164862496739950237e-01,4.018046205957594985e-01,6.186367029697888986e-01,1.517527760216230703e-01
2.633809550114128428e-01,3.764290389901814304e-01,2.753053969644427279e-01,9.663441502111698167e-01,2.942711971432540041e-01,8.108992067478272281e-01,5.697960331753645358e-01,1.517637437442088399e-01
2.559521362319868154e-01,7.854203785931348492e-01,9.171954867261707944e-01,7.158384040364611511e-01,3.633844178776473588e-01,9.651628768105602330e-01,2.482197561428826638e-01,1.526667890113649617e-01
3.055032338596913033e-01,9.159692405052448638e-01,4.384023301612779422e-01,9.457992601494238372e-01,2.059329796117064793e-01,9.228177381504203414e-01,9.898701693227269782e-01,1.501137712635941812e-01
3.579151431482778256e-01,2.880603725299736295e-01,9.667745148177375736e-02,9.131589908426326341e-01,2.962248805107430827e-01,9.345831923783741724e-01,9.137551188503363342e-01,1.501689443733903728e-01
2.854991805013468165e-01,9.092515680007802192e-01,6.787286818022320034e-01,8.052823662102577273e-01,3.052562403554970882e-01,9.005779986041418939e-01,5.088022015299262790e-01,1.522826528601741447e-01
2.383054089204225678e-01,2.580790455842438269e-01,3.731274523641407992e-01,9.290757931574886719e-01,3.530494374459437479e-01,8.669891122446833354e-01,3.930124448301858808e-01,1.514288428123181374e-01
3.525355482329056711e-01,4.504752110427662215e-01,3.195231390676545047e-02,9.407999149047391318e-01,2.992898387478735711e-01,7.469925520966163024e-01,7.215574102772603915e-01,1.507522807417410182e-01
4.049834479562377521e-01,3.662947817649165883e-01,1.175403539106573136e-02,8.776774857548365061e-01,3.341692219753814586e-01,9.487180694531140990e-01,5.727148507763415441e-01,1.509664071097041871e-01
2.251360963931771098e-01,5.148739683155260094e-01,5.412837274582320557e-01,9.651513108589537815e-01,2.703633392802205493e-01,8.261671875576882540e-01,8.241802130926579872e-01,1.512349295327727605e-01
2.186923979886444269e-01,7.968004519304172639e-01,7.578042605347223848e-01,9.098763122491223543e-01,2.995577164635447875e-01,6.939458631264751043e-01,3.022813456035651214e-01,1.530927019968451874e-01
2.562715741816442017e-01,8.576144208435309002e-01,7.014737362558597367e-01,8.737824130949860546e-01,2.692588604110319195e-01,8.656909519317881330e-01,6.636587740918680201e-01,1.510486360745077750e-01
4.344864899980667161e-01,7.596896709192464403e-01,1.097250020488149680e-01,8.511750406550403492e-01,2.930728727328817951e-01,9.142711538368383239e-01,9.542345930248578023e-01,1.508618578984844694e-01
4.566315905845692580e-01,8.639171116195035749e-01,3.375569111951398638e-02,9.025880474391758668e-01,2.755882659940404045e-01,9.594383800471232293e-01,9.963896189213008459e-01,1.508861573436736936e-01
2.842060839328661159e-01,7.201285016760939905e-01,4.588108485809438974e-01,9.081561910210267374e-01,2.625950555188389934e-01,8.891792038098004225e-01,5.400334982514012339e-01,1.530280513328923786e-01
2.466112776190462486e-01,6.120705023153819591e-01,3.847715105946509784e-01,9.996219699198233277e-01,2.544270987536287332e-01,7.596870530107340258e-01,8.366672790108038438e-01,1.505399361970337913e-01
4.311755412253059916e-01,3.946445369001298498e-01,3.412888780664868893e-03,8.403648117073673207e-01,3.260385457614398685e-01,9.442108390798724660e-01,7.209461533245629106e-01,1.512815294268019528e-01
3.517410203070064911e-01,7.689868480254228311e-01,3.566064592855018311e-01,8.048776986267924816e-01,2.985710317494416621e-01,9.093679896395776563e-01,7.797886113291372379e-01,1.519523610535314373e-01
2.928897594406577043e-01,6.078693230852671991e-02,1.543702409390488861e-01,9.046094558596590174e-01,3.579859251059791525e-01,8.900304194313461981e-01,6.576585857708727723e-01,1.499759462724937209e-01
3.101099260218774245e-01,7.524552976368030777e-01,4.792457898051227794e-01,8.595496869965701947e-01,2.993372750263243454e-01,9.924903598718241016e-01,5.369397364721866239e-01,1.522368969676367034e-01
1.930488921131170987e-01,3.894386535691008455e-01,5.106491947524923747e-01,9.936161858234449085e-01,2.985331426719319836e-01,6.885065127699324661e-01,6.460346757406071339e-01,1.513963446256440804e-01
2.255519119094713809e-01,5.105353635229543663e-01,5.224622432040918474e-01,9.353056226790879002e-01,2.898239076808395431e-01,6.962754642380950543e-01,7.918499742338118708e-01,1.511247155615466631e-01
2.692070992958229825e-01,9.668727224732638348e-01,6.895486346115078380e-01,8.484220643420307129e-01,2.790431779257120937e-01,6.866549220652156116e-01,6.097921939890019738e-01,1.521799786955455591e-01
3.775405765448392459e-01,4.185438622211020698e-01,3.338461961214705953e-02,9.525015596678476637e-01,2.708578402971483778e-01,9.664192753231368727e-01,9.228481251157912846e-01,1.500268271629456585e-01
2.579111937110151187e-01,7.529089445360074295e-01,6.212541624979744936e-01,8.472704065687413078e-01,3.160010203261379713e-01,7.826079529558334080e-01,4.498596932266295534e-01,1.522619320382145036e-01
2.705441197864985048e-01,3.897649960442595152e-02,1.298220926835451650e-01,9.434932658963410823e-01,3.701730971149871929e-01,8.208374086188725549e-01,4.024065381275926390e-01,1.505878658436018425e-01
3.313526775272471747e-01,5.374365203555798720e-01,1.697762966519248407e-01,9.366333723716995241e-01,2.793387104519797215e-01,8.122505945625293489e-01,8.959340013840447758e-01,1.499032736101677254e-01
1.862112647913555241e-01,4.882019705672664966e-01,6.694294392739249533e-01,9.537389334059993562e-01,2.831866040145484820e-01,7.028177535751776173e-01,7.770691439181476312e-01,1.509713166765337955e-01
2.526127447507582335e-01,3.833860301974418294e-01,3.629323230125016675e-01,9.464918441452023767e-01,2.904493523342490113e-01,8.651005791962196323e-01,9.099746628350156019e-01,1.497322233622722654e-01
2.548324946546383640e-01,8.115103584031204687e-01,8.306972063552715557e-01,7.887557143074924726e-01,3.316752457402415977e-01,9.531972672890495213e-01,2.865320268997780806e-01,1.527436544521931228e-01
3.192105103124888155e-01,3.972010983208330570e-01,7.142895306542812461e-02,9.963174055947453533e-01,3.024057348390139510e-01,7.699368455047529425e-01,6.149717329415363976e-01,1.509589808331617267e-01
2.422529136064457411e-01,2.519138482086316078e-01,2.450606488255025750e-01,9.580772329972579993e-01,3.308011052199899549e-01,6.527963613749253602e-01,8.058797352041024986e-01,1.501390502257389237e-01
3.514433383409856226e-01,7.886740607975210038e-01,2.045432671519094026e-01,9.740310291732656722e-01,2.584281325928172723e-01,8.933834422696388389e-01,8.091169769633062003e-01,1.505544209144789869e-01
2.503539639867736755e-01,5.321291980278578526e-01,4.257880451589755033e-01,9.760626560145831965e-01,2.621216871188162267e-01,9.156288736717655974e-01,7.178147730255186598e-01,1.512066025838974814e-01
2.500566178121039762e-01,4.874771331870082491e-01,5.466709405678845668e-01,9.105272389720425741e-01,2.953304663305162392e-01,9.779446955619128801e-01,7.560559614943570539e-01,1.509938424158788206e-01
2.012588144709499538e-01,6.308182400547343027e-01,6.589599978900696486e-01,9.449630113835301159e-01,3.000284777571093908e-01,6.348903782538386498e-01,3.538310105131053929e-01,1.528889479711555421e-01
3.619077156870036394e-01,5.224034582160058671e-01,7.182719150765265459e-02,9.378347349074666051e-01,2.688696041142464299e-01,8.339344449075091203e-01,9.514532671208870696e-01,1.499577460713017174e-01
4.018063798786244423e-01,6.139669704466994560e-01,5.285000986651694488e-02,9.403997920458476711e-01,2.592460796842971371e-01,9.978662240753244372e-01,9.422707191216121991e-01,1.501639960687931319e-01
2.645365223284472656e-01,9.203176459742283821e-01,8.683537464460939770e-01,7.966395241428614327e-01,3.161050748694937962e-01,9.615214990661594685e-01,3.840714955549380250e-01,1.520912601543950582e-01
2.618371410983503234e-01,2.890407781398326992e-01,2.420518886700559757e-01,9.791533012857159823e-01,3.289128867183075400e-01,8.628189821564994366e-01,4.322280867463548226e-01,1.511137930935645413e-01
3.427508216022322474e-01,5.929300088170231797e-01,2.745967414912858784e-01,8.649591783112671184e-01,3.168307489448605185e-01,9.694334336184404766e-01,6.107142228156758890e-01,1.515837092008609777e-01
2.782111204791567483e-01,9.690606061809270422e-01,8.487954055179516288e-01,7.801120472679032858e-01,3.140198211176855603e-01,8.686372386244765043e-01,5.818409182241798261e-01,1.519558870742441781e-01
2.651481400964822988e-01,5.872952149009884604e-01,3.652867537989132884e-01,9.539536612950830774e-01,2.876790878595218426e-01,7.182642216846424343e-01,7.934535085644093266e-01,1.505100963257605395e-01
1.862663192497095166e-01,5.188783996142045662e-01,7.745007874029078421e-01,8.967928490947936204e-01,3.241083246175703869e-01,7.222663045923323200e-01,5.871449093433934729e-01,1.511359853928776198e-01
3.102717125393214537e-01,7.749942285539425102e-01,3.418651775990746433e-01,9.599589799088973363e-01,2.182659523634148668e-01,8.679950664122730863e-01,9.207094715778625371e-01,1.511250040596882338e-01
3.117445519048221425e-01,8.636604123481126383e-01,4.043121494696856333e-01,9.522655036715454990e-01,2.207798380843246089e-01,9.199886624532146451e-01,9.291656181358884936e-01,1.509141656334063719e-01
3.151632507740872446e-01,2.408528834093703330e-01,1.795061536785770850e-01,9.126216558717414884e-01,3.033310160714285386e-01,9.575007197348988086e-01,9.321569755024103898e-01,1.490993227265401122e-01
2.413081035761334980e-01,4.634732703849712143e-01,4.443329172917750425e-01,9.728826207751852806e-01,2.686789179434238006e-01,9.025328619983234990e-01,7.858658702225036485e-01,1.510819769801693968e-01
2.749612168002450452e-01,7.484575493018877923e-01,5.310537663190846303e-01,8.764656969523101360e-01,2.917570360639457627e-01,8.975662673444129158e-01,5.608834806416853613e-01,1.517394466770107808e-01
3.108534242696125438e-01,7.994575662665051041e-01,5.427264598702253862e-01,8.281189902544684456e-01,3.010251506293815660e-01,9.629469039803834063e-01,7.111316107961158650e-01,1.511038002453274076e-01
2.471469422562457829e-01,6.085862986513065342e-01,6.880490920496813434e-01,8.065257898672152370e-01,3.429228757663868588e-01,8.512316180730797877e-01,4.471616098724892630e-01,1.519527598408660363e-01
2.622522867449469941e-01,3.287981103292686447e-01,1.057444385719080726e-01,9.697782413096881493e-01,3.475731777874236372e-01,5.197410537645712481e-01,4.751579302536812488e-01,1.518397639896866824e-01
3.704860199589644632e-01,8.629219904125449148e-01,2.107750794485547807e-01,8.711434755851749090e-01,2.719723804771690401e-01,7.640737901405615373e-01,8.729946943160267203e-01,1.512983395487105809e-01
2.515415793621632035e-01,4.992042072106007145e-01,5.114991262837427222e-01,9.094169912855244453e-01,3.047258759257647776e-01,9.789601301423289659e-01,5.242692141380909110e-01,1.517084180759652179e-01
2.657828051113946266e-01,8.909246311084586534e-01,7.065846929523043052e-01,8.112409251415858558e-01,3.006719383840298354e-01,7.561034800689984126e-01,5.790563826308203765e-01,1.519651909338804729e-01
3.704969902952188754e-01,7.235531366841456702e-01,7.408626502769249944e-02,9.273659057006672368e-01,2.687670006773956732e-01,7.266428391278838550e-01,8.526908207991570343e-01,1.509350478335871326e-01
1.833157961160864768e-01,4.484819750066425526e-01,8.061852753308651476e-01,8.963651487483791369e-01,3.206202878724420113e-01,8.684652751657913061e-01,5.854565051777883555e-01,1.511583792984025065e-01
3.075788320730826753e-01,9.062923495385992734e-01,3.820952193305552358e-01,9.245811732472586364e-01,2.421642475191828070e-01,7.185650124521042459e-01,7.177872425920279742e-01,1.521185479524391759e-01
2.091607037666745605e-01,2.575203706237657597e-01,5.882779024081856711e-01,9.020362814859365086e-01,3.348651947781763893e-01,9.484836571307169173e-01,6.370277803299926322e-01,1.515472589460793440e-01
3.468776942652820883e-01,2.643724123275236204e-01,1.436654302402126104e-01,8.733188872262030999e-01,3.608167242273644382e-01,9.697959499350330415e-01,4.680967876092813063e-01,1.510314735081340620e-01
2.254087701766162855e-01,5.954879557331480555e-01,8.465222731785140287e-01,7.939866311206265070e-01,3.278676403434668818e-01,9.380148503352427891e-01,6.585385080335123265e-01,1.513244206383412838e-01
2.218310506135397486e-01,6.904228085320333053e-01,7.803212920911017925e-01,8.082123179838529570e-01,3.497264721147929634e-01,6.585894203405311398e-01,1.735705298956133347e-01,1.532454334337903235e-01
4.207381942992203250e-01,5.045667796730073373e-01,5.672862994542104964e-02,8.339402010368505147e-01,3.368363740625663350e-01,9.071288391473210089e-01,7.003493161173646175e-01,1.516262795634660543e-01
3.264049112221208415e-01,9.779455170133770636e-01,3.734646390010031292e-01,8.868928881369814166e-01,2.541215226174360353e-01,7.403919290397114050e-01,7.960012396784599265e-01,1.519105599255934080e-01
2.219681244145424448e-01,4.633332104101408611e-01,6.642060347466611780e-01,8.551136142213825453e-01,3.377711965817108419e-01,8.822641347809221379e-01,4.121555243201190377e-01,1.519806675740074386e-01
2.618258311072234057e-01,9.797400987287048224e-01,8.916312970835036378e-01,7.740092777825212655e-01,3.184065935466640629e-01,7.753553168546548635e-01,3.780260568048512404e-01,1.533132065965722157e-01
3.125658729840884442e-01,9.421341356529773226e-01,4.211076117038109468e-01,8.936585214468005800e-01,2.981387391067129577e-01,7.742938465677329241e-01,2.893654902314856114e-01,1.530920331443753890e-01
2.939151844077689812e-01,4.741750457109286110e-01,2.375086732938608558e-01,9.368207244727999594e-01,3.047370577802724911e-01,7.981576937621683854e-01,6.429888754085713032e-01,1.510843204591836020e-01
2.482680730162072913e-01,5.172663272709909776e-01,6.052938086821139096e-01,8.732216251596753853e-01,2.786781782435736043e-01,9.804973673479536744e-01,8.332420454712388125e-01,1.511997963740304707e-01
2.942923761068472199e-01,7.725051558582870515e-01,5.822656798383025745e-01,7.960389542268759833e-01,3.141697734707798451e-01,9.158403293783461407e-01,2.846127048089120981e-01,1.538840271782054847e-01
3.444424485585005913e-01,9.796003044821417483e-01,4.770185162263506640e-01,8.483847956578541849e-01,2.781973010014622827e-01,9.331836238669909411e-01,5.576162588483628557e-01,1.531550305565885506e-01
3.607452131687110541e-01,8.857270230549529888e-01,2.389579241289451483e-01,8.885027747835694267e-01,2.824411750823121459e-01,7.850981074174334662e-01,5.931987753060841140e-01,1.525567189218325903e-01
2.306821206242430922e-01,7.109148751162068791e-01,9.937977440358118919e-01,7.267724841846168182e-01,3.410263236966556422e-01,8.543718308810427375e-01,3.420098184865153490e-01,1.537982778977413645e-01
2.500433082291101949e-01,6.655751639249809504e-01,7.549525702492763113e-01,7.780083197754542601e-01,3.454478962098216366e-01,9.497577376925117054e-01,1.334533995649268556e-01,1.532653841090803049e-01
3.279789687283896638e-01,9.864464263216140560e-01,5.260380358834035874e-01,8.242039861035449499e-01,2.858911837028790259e-01,9.236458613572603449e-01,3.409247146421265362e-01,1.535798937074827342e-01
3.318242548599428798e-01,9.749768868191022175e-01,3.839375483501152320e-01,9.168217980434638648e-01,2.566017081620158846e-01,9.104805710253482953e-01,6.112116987009312830e-01,1.523248431328864116e-01
2.917094606244504118e-01,9.705091727143844160e-02,1.240147322002539410e-01,9.830769814832409637e-01,3.133505507671801582e-01,9.341417561123728230e-01,7.357054923341511676e-01,1.497641871599488528e-01
3.094571776234432692e-01,8.722241792622424938e-01,3.096981605798514448e-01,9.968123043137336881e-01,2.070899373250948972e-01,7.986450965203264474e-01,8.678054153313707886e-01,1.518111737871132016e-01
2.410928531501007055e-01,8.119369930377008382e-01,7.199158773418258273e-01,9.020490841491363154e-01,2.901526378689087138e-01,8.015082293766070398e-01,5.124424509942110406e-01,1.519569355698275614e-01
3.249979982061966810e-01,6.239098499384243546e-02,1.210205364219432700e-01,9.145611082751612386e-01,3.395303147066444649e-01,9.868923991965836695e-01,5.760711970421823480e-01,1.510344523195662758e-01
2.518271804639761191e-01,4.296647107184903280e-02,1.490304338788495664e-01,9.394954669810723358e-01,3.871127489585317050e-01,6.481684109396858018e-01,4.452886468888062610e-01,1.513491531963239711e-01
2.544983753592817699e-01,8.845164098246739437e-01,7.750388929683693640e-01,8.647337089898179396e-01,2.680544803097931750e-01,9.044842025840214017e-01,7.370061973102375319e-01,1.509911269044003634e-01
2.203877648465329964e-01,6.360306807956043196e-01,7.080433753129138363e-01,9.198230793612504064e-01,2.849682805158472165e-01,9.130727299605490010e-01,3.769110213410863386e-01,1.526983581232734810e-01
1.993645994671879307e-01,4.656190910389923499e-01,7.374398996495878933e-01,8.991980949614474250e-01,2.996623100704842169e-01,8.929810578146639699e-01,8.046229550904020478e-01,1.505958813972597954e-01
2.662735926569852474e-01,8.395163425454715833e-01,5.158094545687849086e-01,9.519413349633913946e-01,2.520731040654413668e-01,8.134366729727006140e-01,5.112297648836127140e-01,1.520330227576874860e-01
2.338839039449689128e-01,7.189716970137400853e-01,7.792287521879583956e-01,8.797534212642641460e-01,2.967841592692372354e-01,8.811895980159277775e-01,4.687809409132867589e-01,1.527128790851908224e-01
3.779058692965349686e-01,8.177207290385645200e-01,2.362074598009323567e-01,8.849718505110744093e-01,2.721767103407778943e-01,9.651383038187498764e-01,9.750202509610723656e-01,1.498048246844642384e-01
3.962589684289243852e-01,4.577530962904881040e-01,3.498641378665495738e-02,9.133904860500472456e-01,3.127446285514679514e-01,9.849711374870731007e-01,7.495364226842077260e-01,1.498583078834656857e-01
2.367698636172139159e-01,8.621259162886243388e-01,9.526425128983166957e-01,7.601886574728975443e-01,3.247116368059627112e-01,7.541272762903702409e-01,3.017885662522558077e-01,1.531373394392960829e-01
3.075795839252600805e-01,3.830718418194609121e-01,3.219913997631292935e-01,8.642788255759910054e-01,3.285589467411351716e-01,9.519775146911162444e-01,8.002115083372270954e-01,1.506359191931722630e-01
2.491861686591640423e-01,7.071638541416315205e-01,5.360784493680181839e-01,9.242771909555981269e-01,2.766473616914227884e-01,8.235671586271450240e-01,6.226741665031213513e-01,1.512854021707711605e-01
2.397405336513075691e-01,6.103419804035726814e-01,7.030177084188067305e-01,8.483465361648725445e-01,3.210546425993470177e-01,9.642613675847346855e-01,5.966877093260107845e-01,1.513177473257427685e-01
2.719227012497683615e-01,9.731762994433399427e-01,6.520841807032193849e-01,9.039332940722467624e-01,2.746897922595387120e-01,8.736955991214778727e-01,3.437214676863085128e-01,1.528755006465749577e-01
2.006383523183125905e-01,4.154995639636644422e-01,5.408788019127582780e-01,9.558894532189663451e-01,3.266627524316156883e-01,7.142041926516129458e-01,4.805558190351212899e-01,1.519053629005482908e-01
2.568899499422684918e-01,8.332384241071298936e-01,5.906428678921307185e-01,8.510974665894589508e-01,3.142312720155481798e-01,6.027189766360918632e-01,3.311621602214248616e-01,1.528401734589900640e-01
3.205931474224844591e-01,9.816897745319557167e-01,5.525210910569493539e-01,8.416544371544774084e-01,2.850486977480978790e-01,9.554261037324112138e-01,5.520252957636939684e-01,1.519956427073873573e-01
2.167900545083384645e-01,5.517401780261996791e-01,6.888029687673306034e-01,8.934258013581962699e-01,2.894125199463119524e-01,7.999568376343269005e-01,7.020232408018848291e-01,1.515380535772138104e-01
2.728609981834704268e-01,8.644800086363290115e-01,5.246153379179345766e-01,9.600116524272899188e-01,2.516585600737832329e-01,9.349086357086100474e-01,6.079138573866326167e-01,1.510904270547082928e-01
2.323622897946971966e-01,7.731516407916714240e-01,5.511761929556132644e-01,9.840825993084149070e-01,2.570934446670478657e-01,6.866289852927290882e-01,4.982801354921544412e-01,1.527940936409742656e-01
3.003009751675711492e-01,9.978251437244125555e-01,5.977271214536711286e-01,8.626624287245535649e-01,2.715361790364093642e-01,8.683942695629927044e-01,3.940744073741029307e-01,1.534468096337094634e-01
1.940885864946008121e-01,6.790874601515943798e-01,7.067611742702077926e-01,9.677350763355820895e-01,2.851493205442904855e-01,6.323876698735226842e-01,5.316295433371289736e-01,1.518481905389425235e-01
2.614358126439613184e-01,8.046321921852586101e-01,3.699193576196737610e-01,9.992504012050829054e-01,2.592843867945768821e-01,6.384673199060374449e-01,4.794034435911013192e-01,1.524851942257217652e-01
3.228584976982556975e-01,3.668563671066852883e-01,1.255419739285603131e-01,9.587917242284742514e-01,2.793451044480396162e-01,8.908455655747946622e-01,8.491164559280663937e-01,1.496658437619857174e-01
3.700455739602679373e-01,8.407232829609361247e-01,2.027557214586299117e-01,9.403065601959145203e-01,2.279218797128302887e-01,9.633007815466502199e-01,8.747611824496617228e-01,1.516696367701269865e-01
2.611541686262598416e-01,4.463299196391508072e-01,2.767588673084209749e-01,9.405652599697797989e-01,2.982835561903869337e-01,6.733643549199068712e-01,7.389750826371015435e-01,1.509724663524382171e-01
