22:30:43 [ultranest] [DEBUG] ReactiveNestedSampler: dims=8+0, resume=True, log_dir=/home/ljy/BettiCurveCosmo/Emulator/model-fof-rsdz/mcmc_result/nwLH-Recovery/39/combined, backend=hdf5, vectorized=False, nbootstraps=30, ndraw=128..65536
22:30:43 [ultranest] [INFO] Sampling 1600 live points from prior ...
22:32:06 [ultranest] [DEBUG] run_iter dlogz=0.5, dKL=0.5, frac_remain=0.10, Lepsilon=0.0010, min_ess=400
22:32:06 [ultranest] [DEBUG] max_iters=-1, max_ncalls=-1, max_num_improvement_loops=-1, min_num_live_points=1600, cluster_num_live_points=40
22:32:06 [ultranest] [DEBUG] minimal_widths_sequence: [(-inf, 1600.0), (inf, 1600.0)]
22:32:08 [ultranest] [DEBUG] iteration=0, ncalls=1601, regioncalls=40, ndraw=40, logz=-inf, remainder_fraction=100.0000%, Lmin=-41598.08, Lmax=-28.11
22:32:08 [ultranest] [DEBUG] iteration=2, ncalls=1603, regioncalls=120, ndraw=40, logz=-38715.24, remainder_fraction=100.0000%, Lmin=-31426.73, Lmax=-28.11
22:32:08 [ultranest] [DEBUG] iteration=4, ncalls=1605, regioncalls=200, ndraw=40, logz=-27761.96, remainder_fraction=100.0000%, Lmin=-22576.30, Lmax=-28.11
22:32:08 [ultranest] [DEBUG] iteration=7, ncalls=1608, regioncalls=320, ndraw=40, logz=-20923.77, remainder_fraction=100.0000%, Lmin=-19966.07, Lmax=-28.11
22:32:08 [ultranest] [DEBUG] iteration=10, ncalls=1611, regioncalls=440, ndraw=40, logz=-18718.64, remainder_fraction=100.0000%, Lmin=-18247.63, Lmax=-28.11
22:32:08 [ultranest] [DEBUG] iteration=13, ncalls=1614, regioncalls=560, ndraw=40, logz=-17606.24, remainder_fraction=100.0000%, Lmin=-16427.20, Lmax=-28.11
22:32:08 [ultranest] [DEBUG] iteration=15, ncalls=1616, regioncalls=640, ndraw=40, logz=-16419.87, remainder_fraction=100.0000%, Lmin=-15669.19, Lmax=-28.11
22:32:09 [ultranest] [DEBUG] iteration=17, ncalls=1618, regioncalls=720, ndraw=40, logz=-15125.91, remainder_fraction=100.0000%, Lmin=-14898.63, Lmax=-28.11
22:32:09 [ultranest] [DEBUG] iteration=19, ncalls=1620, regioncalls=800, ndraw=40, logz=-14738.42, remainder_fraction=100.0000%, Lmin=-14571.40, Lmax=-28.11
22:32:09 [ultranest] [DEBUG] iteration=21, ncalls=1622, regioncalls=880, ndraw=40, logz=-14227.94, remainder_fraction=100.0000%, Lmin=-13623.90, Lmax=-28.11
22:32:09 [ultranest] [DEBUG] iteration=23, ncalls=1624, regioncalls=960, ndraw=40, logz=-12814.51, remainder_fraction=100.0000%, Lmin=-12771.87, Lmax=-28.11
22:32:09 [ultranest] [DEBUG] iteration=25, ncalls=1626, regioncalls=1040, ndraw=40, logz=-12716.48, remainder_fraction=100.0000%, Lmin=-12605.78, Lmax=-28.11
22:32:09 [ultranest] [DEBUG] iteration=27, ncalls=1628, regioncalls=1120, ndraw=40, logz=-12554.47, remainder_fraction=100.0000%, Lmin=-12116.38, Lmax=-28.11
22:32:09 [ultranest] [DEBUG] iteration=29, ncalls=1630, regioncalls=1200, ndraw=40, logz=-11985.91, remainder_fraction=100.0000%, Lmin=-11624.09, Lmax=-28.11
22:32:09 [ultranest] [DEBUG] iteration=30, ncalls=1631, regioncalls=1240, ndraw=40, logz=-11631.48, remainder_fraction=100.0000%, Lmin=-11596.62, Lmax=-28.11
22:32:10 [ultranest] [DEBUG] iteration=32, ncalls=1633, regioncalls=1320, ndraw=40, logz=-11183.67, remainder_fraction=100.0000%, Lmin=-10632.03, Lmax=-28.11
22:32:10 [ultranest] [DEBUG] iteration=33, ncalls=1634, regioncalls=1360, ndraw=40, logz=-10639.43, remainder_fraction=100.0000%, Lmin=-10148.95, Lmax=-28.11
22:32:10 [ultranest] [DEBUG] iteration=36, ncalls=1637, regioncalls=1480, ndraw=40, logz=-9552.13, remainder_fraction=100.0000%, Lmin=-9326.83, Lmax=-28.11
22:32:10 [ultranest] [DEBUG] iteration=39, ncalls=1640, regioncalls=1600, ndraw=40, logz=-9033.49, remainder_fraction=100.0000%, Lmin=-8840.32, Lmax=-28.11
22:32:10 [ultranest] [DEBUG] iteration=43, ncalls=1644, regioncalls=1760, ndraw=40, logz=-8373.43, remainder_fraction=100.0000%, Lmin=-8306.55, Lmax=-28.11
22:32:10 [ultranest] [DEBUG] iteration=45, ncalls=1646, regioncalls=1840, ndraw=40, logz=-7876.85, remainder_fraction=100.0000%, Lmin=-7748.22, Lmax=-28.11
22:32:10 [ultranest] [DEBUG] iteration=47, ncalls=1648, regioncalls=1920, ndraw=40, logz=-7298.48, remainder_fraction=100.0000%, Lmin=-7288.63, Lmax=-28.11
22:32:11 [ultranest] [DEBUG] iteration=49, ncalls=1651, regioncalls=2040, ndraw=40, logz=-7164.10, remainder_fraction=100.0000%, Lmin=-7120.89, Lmax=-28.11
22:32:11 [ultranest] [DEBUG] iteration=51, ncalls=1653, regioncalls=2120, ndraw=40, logz=-7123.12, remainder_fraction=100.0000%, Lmin=-6858.18, Lmax=-28.11
22:32:11 [ultranest] [DEBUG] iteration=54, ncalls=1656, regioncalls=2240, ndraw=40, logz=-6754.79, remainder_fraction=100.0000%, Lmin=-6702.86, Lmax=-28.11
22:32:11 [ultranest] [DEBUG] iteration=56, ncalls=1658, regioncalls=2320, ndraw=40, logz=-6438.71, remainder_fraction=100.0000%, Lmin=-6414.19, Lmax=-28.11
22:32:11 [ultranest] [DEBUG] iteration=59, ncalls=1661, regioncalls=2440, ndraw=40, logz=-5966.59, remainder_fraction=100.0000%, Lmin=-5934.97, Lmax=-28.11
22:32:11 [ultranest] [DEBUG] iteration=63, ncalls=1665, regioncalls=2600, ndraw=40, logz=-5723.39, remainder_fraction=100.0000%, Lmin=-5701.67, Lmax=-28.11
22:32:11 [ultranest] [DEBUG] iteration=67, ncalls=1669, regioncalls=2760, ndraw=40, logz=-5522.87, remainder_fraction=100.0000%, Lmin=-5476.06, Lmax=-28.11
22:32:12 [ultranest] [DEBUG] iteration=71, ncalls=1673, regioncalls=2920, ndraw=40, logz=-5434.17, remainder_fraction=100.0000%, Lmin=-5308.64, Lmax=-28.11
22:32:12 [ultranest] [DEBUG] iteration=74, ncalls=1677, regioncalls=3080, ndraw=40, logz=-5217.04, remainder_fraction=100.0000%, Lmin=-5176.96, Lmax=-28.11
22:32:12 [ultranest] [DEBUG] iteration=78, ncalls=1681, regioncalls=3240, ndraw=40, logz=-5094.27, remainder_fraction=100.0000%, Lmin=-5002.56, Lmax=-28.11
22:32:12 [ultranest] [DEBUG] iteration=82, ncalls=1685, regioncalls=3400, ndraw=40, logz=-4890.35, remainder_fraction=100.0000%, Lmin=-4868.91, Lmax=-28.11
22:32:12 [ultranest] [DEBUG] iteration=85, ncalls=1688, regioncalls=3520, ndraw=40, logz=-4845.53, remainder_fraction=100.0000%, Lmin=-4706.59, Lmax=-28.11
22:32:12 [ultranest] [DEBUG] iteration=88, ncalls=1691, regioncalls=3640, ndraw=40, logz=-4687.39, remainder_fraction=100.0000%, Lmin=-4528.01, Lmax=-28.11
22:32:12 [ultranest] [DEBUG] iteration=91, ncalls=1694, regioncalls=3760, ndraw=40, logz=-4425.78, remainder_fraction=100.0000%, Lmin=-4404.54, Lmax=-28.11
22:32:13 [ultranest] [DEBUG] iteration=94, ncalls=1697, regioncalls=3880, ndraw=40, logz=-4402.01, remainder_fraction=100.0000%, Lmin=-4371.58, Lmax=-28.11
22:32:13 [ultranest] [DEBUG] iteration=98, ncalls=1701, regioncalls=4040, ndraw=40, logz=-4336.19, remainder_fraction=100.0000%, Lmin=-4326.21, Lmax=-28.11
22:32:13 [ultranest] [DEBUG] iteration=101, ncalls=1704, regioncalls=4160, ndraw=40, logz=-4243.39, remainder_fraction=100.0000%, Lmin=-4230.80, Lmax=-28.11
22:32:13 [ultranest] [DEBUG] iteration=104, ncalls=1707, regioncalls=4280, ndraw=40, logz=-4202.79, remainder_fraction=100.0000%, Lmin=-4187.62, Lmax=-28.11
22:32:13 [ultranest] [DEBUG] iteration=106, ncalls=1710, regioncalls=4400, ndraw=40, logz=-4162.31, remainder_fraction=100.0000%, Lmin=-4149.32, Lmax=-28.11
22:32:13 [ultranest] [DEBUG] iteration=110, ncalls=1714, regioncalls=4560, ndraw=40, logz=-4087.91, remainder_fraction=100.0000%, Lmin=-4078.42, Lmax=-28.11
22:32:13 [ultranest] [DEBUG] iteration=113, ncalls=1717, regioncalls=4680, ndraw=40, logz=-4044.65, remainder_fraction=100.0000%, Lmin=-4013.39, Lmax=-28.11
22:32:13 [ultranest] [DEBUG] iteration=117, ncalls=1721, regioncalls=4840, ndraw=40, logz=-3906.30, remainder_fraction=100.0000%, Lmin=-3842.48, Lmax=-28.11
22:32:14 [ultranest] [DEBUG] iteration=119, ncalls=1723, regioncalls=4920, ndraw=40, logz=-3841.84, remainder_fraction=100.0000%, Lmin=-3828.20, Lmax=-28.11
22:32:14 [ultranest] [DEBUG] iteration=121, ncalls=1725, regioncalls=5000, ndraw=40, logz=-3830.48, remainder_fraction=100.0000%, Lmin=-3821.16, Lmax=-28.11
22:32:14 [ultranest] [DEBUG] iteration=123, ncalls=1727, regioncalls=5080, ndraw=40, logz=-3818.36, remainder_fraction=100.0000%, Lmin=-3809.29, Lmax=-28.11
22:32:14 [ultranest] [DEBUG] iteration=125, ncalls=1729, regioncalls=5160, ndraw=40, logz=-3789.15, remainder_fraction=100.0000%, Lmin=-3751.33, Lmax=-28.11
22:32:14 [ultranest] [DEBUG] iteration=127, ncalls=1732, regioncalls=5280, ndraw=40, logz=-3714.22, remainder_fraction=100.0000%, Lmin=-3657.39, Lmax=-28.11
22:32:14 [ultranest] [DEBUG] iteration=129, ncalls=1734, regioncalls=5360, ndraw=40, logz=-3657.56, remainder_fraction=100.0000%, Lmin=-3623.84, Lmax=-28.11
22:32:14 [ultranest] [DEBUG] iteration=130, ncalls=1735, regioncalls=5400, ndraw=40, logz=-3631.30, remainder_fraction=100.0000%, Lmin=-3618.39, Lmax=-28.11
22:32:15 [ultranest] [DEBUG] iteration=132, ncalls=1737, regioncalls=5480, ndraw=40, logz=-3618.30, remainder_fraction=100.0000%, Lmin=-3597.69, Lmax=-28.11
22:32:15 [ultranest] [DEBUG] iteration=133, ncalls=1738, regioncalls=5520, ndraw=40, logz=-3605.15, remainder_fraction=100.0000%, Lmin=-3590.43, Lmax=-28.11
22:32:15 [ultranest] [DEBUG] iteration=135, ncalls=1740, regioncalls=5600, ndraw=40, logz=-3560.85, remainder_fraction=100.0000%, Lmin=-3537.27, Lmax=-28.11
22:32:15 [ultranest] [DEBUG] iteration=137, ncalls=1742, regioncalls=5680, ndraw=40, logz=-3534.44, remainder_fraction=100.0000%, Lmin=-3510.16, Lmax=-28.11
22:32:15 [ultranest] [DEBUG] iteration=139, ncalls=1744, regioncalls=5760, ndraw=40, logz=-3495.83, remainder_fraction=100.0000%, Lmin=-3486.96, Lmax=-28.11
22:32:15 [ultranest] [DEBUG] iteration=141, ncalls=1746, regioncalls=5840, ndraw=40, logz=-3486.96, remainder_fraction=100.0000%, Lmin=-3441.43, Lmax=-28.11
22:32:15 [ultranest] [DEBUG] iteration=143, ncalls=1748, regioncalls=5920, ndraw=40, logz=-3439.46, remainder_fraction=100.0000%, Lmin=-3429.34, Lmax=-28.11
22:32:15 [ultranest] [DEBUG] iteration=145, ncalls=1750, regioncalls=6000, ndraw=40, logz=-3425.48, remainder_fraction=100.0000%, Lmin=-3416.20, Lmax=-28.11
22:32:16 [ultranest] [DEBUG] iteration=147, ncalls=1752, regioncalls=6080, ndraw=40, logz=-3413.98, remainder_fraction=100.0000%, Lmin=-3398.10, Lmax=-28.11
22:32:16 [ultranest] [DEBUG] iteration=150, ncalls=1755, regioncalls=6200, ndraw=40, logz=-3370.13, remainder_fraction=100.0000%, Lmin=-3356.97, Lmax=-28.11
22:32:16 [ultranest] [DEBUG] iteration=151, ncalls=1756, regioncalls=6240, ndraw=40, logz=-3364.44, remainder_fraction=100.0000%, Lmin=-3344.99, Lmax=-28.11
22:32:16 [ultranest] [DEBUG] iteration=153, ncalls=1758, regioncalls=6320, ndraw=40, logz=-3349.43, remainder_fraction=100.0000%, Lmin=-3341.18, Lmax=-28.11
22:32:16 [ultranest] [DEBUG] iteration=155, ncalls=1761, regioncalls=6440, ndraw=40, logz=-3314.13, remainder_fraction=100.0000%, Lmin=-3300.40, Lmax=-28.11
22:32:16 [ultranest] [DEBUG] iteration=157, ncalls=1763, regioncalls=6520, ndraw=40, logz=-3283.69, remainder_fraction=100.0000%, Lmin=-3271.69, Lmax=-28.11
22:32:16 [ultranest] [DEBUG] iteration=159, ncalls=1765, regioncalls=6600, ndraw=40, logz=-3261.61, remainder_fraction=100.0000%, Lmin=-3253.70, Lmax=-28.11
22:32:16 [ultranest] [DEBUG] iteration=160, ncalls=1766, regioncalls=6640, ndraw=40, logz=-3260.68, remainder_fraction=100.0000%, Lmin=-3244.52, Lmax=-28.11
22:32:17 [ultranest] [DEBUG] iteration=163, ncalls=1769, regioncalls=6760, ndraw=40, logz=-3235.34, remainder_fraction=100.0000%, Lmin=-3225.48, Lmax=-28.11
22:32:17 [ultranest] [DEBUG] iteration=166, ncalls=1772, regioncalls=6880, ndraw=40, logz=-3229.53, remainder_fraction=100.0000%, Lmin=-3209.54, Lmax=-28.11
22:32:17 [ultranest] [DEBUG] iteration=167, ncalls=1774, regioncalls=6960, ndraw=40, logz=-3217.02, remainder_fraction=100.0000%, Lmin=-3209.43, Lmax=-28.11
22:32:17 [ultranest] [DEBUG] iteration=169, ncalls=1776, regioncalls=7040, ndraw=40, logz=-3212.72, remainder_fraction=100.0000%, Lmin=-3198.91, Lmax=-28.11
22:32:17 [ultranest] [DEBUG] iteration=170, ncalls=1777, regioncalls=7080, ndraw=40, logz=-3206.39, remainder_fraction=100.0000%, Lmin=-3192.95, Lmax=-28.11
22:32:17 [ultranest] [DEBUG] iteration=171, ncalls=1778, regioncalls=7120, ndraw=40, logz=-3200.44, remainder_fraction=100.0000%, Lmin=-3187.07, Lmax=-28.11
22:32:18 [ultranest] [DEBUG] iteration=174, ncalls=1782, regioncalls=7280, ndraw=40, logz=-3173.60, remainder_fraction=100.0000%, Lmin=-3150.82, Lmax=-28.11
22:32:18 [ultranest] [DEBUG] iteration=176, ncalls=1784, regioncalls=7360, ndraw=40, logz=-3137.91, remainder_fraction=100.0000%, Lmin=-3105.79, Lmax=-28.11
22:32:18 [ultranest] [DEBUG] iteration=178, ncalls=1786, regioncalls=7440, ndraw=40, logz=-3104.35, remainder_fraction=100.0000%, Lmin=-3093.70, Lmax=-28.11
22:32:18 [ultranest] [DEBUG] iteration=180, ncalls=1788, regioncalls=7520, ndraw=40, logz=-3090.45, remainder_fraction=100.0000%, Lmin=-3073.42, Lmax=-28.11
22:32:18 [ultranest] [DEBUG] iteration=182, ncalls=1791, regioncalls=7640, ndraw=40, logz=-3065.94, remainder_fraction=100.0000%, Lmin=-3044.94, Lmax=-28.11
22:32:18 [ultranest] [DEBUG] iteration=185, ncalls=1794, regioncalls=7760, ndraw=40, logz=-3039.41, remainder_fraction=100.0000%, Lmin=-3027.96, Lmax=-28.11
22:32:18 [ultranest] [DEBUG] iteration=187, ncalls=1796, regioncalls=7840, ndraw=40, logz=-3034.13, remainder_fraction=100.0000%, Lmin=-3024.19, Lmax=-28.11
22:32:18 [ultranest] [DEBUG] iteration=189, ncalls=1798, regioncalls=7920, ndraw=40, logz=-3027.41, remainder_fraction=100.0000%, Lmin=-3017.71, Lmax=-28.11
22:32:19 [ultranest] [DEBUG] iteration=190, ncalls=1799, regioncalls=7960, ndraw=40, logz=-3025.11, remainder_fraction=100.0000%, Lmin=-3010.34, Lmax=-28.11
22:32:19 [ultranest] [DEBUG] iteration=192, ncalls=1801, regioncalls=8040, ndraw=40, logz=-2950.44, remainder_fraction=100.0000%, Lmin=-2941.28, Lmax=-28.11
22:32:19 [ultranest] [DEBUG] iteration=195, ncalls=1804, regioncalls=8160, ndraw=40, logz=-2925.17, remainder_fraction=100.0000%, Lmin=-2916.75, Lmax=-28.11
22:32:19 [ultranest] [DEBUG] iteration=198, ncalls=1807, regioncalls=8280, ndraw=40, logz=-2919.64, remainder_fraction=100.0000%, Lmin=-2898.56, Lmax=-28.11
22:32:19 [ultranest] [DEBUG] iteration=199, ncalls=1808, regioncalls=8320, ndraw=40, logz=-2906.06, remainder_fraction=100.0000%, Lmin=-2889.31, Lmax=-28.11
22:32:19 [ultranest] [DEBUG] iteration=201, ncalls=1811, regioncalls=8440, ndraw=40, logz=-2892.67, remainder_fraction=100.0000%, Lmin=-2868.83, Lmax=-28.11
22:32:19 [ultranest] [DEBUG] iteration=203, ncalls=1813, regioncalls=8520, ndraw=40, logz=-2867.34, remainder_fraction=100.0000%, Lmin=-2855.63, Lmax=-28.11
22:32:20 [ultranest] [DEBUG] iteration=205, ncalls=1815, regioncalls=8600, ndraw=40, logz=-2847.85, remainder_fraction=100.0000%, Lmin=-2839.01, Lmax=-28.11
22:32:20 [ultranest] [DEBUG] iteration=207, ncalls=1817, regioncalls=8680, ndraw=40, logz=-2818.51, remainder_fraction=100.0000%, Lmin=-2800.21, Lmax=-28.11
22:32:20 [ultranest] [DEBUG] iteration=209, ncalls=1819, regioncalls=8760, ndraw=40, logz=-2805.68, remainder_fraction=100.0000%, Lmin=-2793.53, Lmax=-28.11
22:32:20 [ultranest] [DEBUG] iteration=211, ncalls=1822, regioncalls=8880, ndraw=40, logz=-2796.44, remainder_fraction=100.0000%, Lmin=-2785.13, Lmax=-28.11
22:32:20 [ultranest] [DEBUG] iteration=213, ncalls=1824, regioncalls=8960, ndraw=40, logz=-2785.46, remainder_fraction=100.0000%, Lmin=-2771.29, Lmax=-28.11
22:32:20 [ultranest] [DEBUG] iteration=214, ncalls=1825, regioncalls=9000, ndraw=40, logz=-2778.80, remainder_fraction=100.0000%, Lmin=-2763.22, Lmax=-28.11
22:32:20 [ultranest] [DEBUG] iteration=216, ncalls=1828, regioncalls=9120, ndraw=40, logz=-2770.02, remainder_fraction=100.0000%, Lmin=-2763.09, Lmax=-28.11
22:32:21 [ultranest] [DEBUG] iteration=218, ncalls=1830, regioncalls=9200, ndraw=40, logz=-2766.39, remainder_fraction=100.0000%, Lmin=-2755.13, Lmax=-28.11
22:32:21 [ultranest] [DEBUG] iteration=220, ncalls=1832, regioncalls=9280, ndraw=40, logz=-2761.20, remainder_fraction=100.0000%, Lmin=-2752.32, Lmax=-28.11
22:32:21 [ultranest] [DEBUG] iteration=223, ncalls=1835, regioncalls=9400, ndraw=40, logz=-2751.76, remainder_fraction=100.0000%, Lmin=-2739.79, Lmax=-28.11
22:32:21 [ultranest] [DEBUG] iteration=225, ncalls=1837, regioncalls=9480, ndraw=40, logz=-2745.31, remainder_fraction=100.0000%, Lmin=-2736.43, Lmax=-28.11
22:32:21 [ultranest] [DEBUG] iteration=227, ncalls=1840, regioncalls=9600, ndraw=40, logz=-2742.45, remainder_fraction=100.0000%, Lmin=-2735.12, Lmax=-28.11
22:32:21 [ultranest] [DEBUG] iteration=228, ncalls=1841, regioncalls=9640, ndraw=40, logz=-2741.85, remainder_fraction=100.0000%, Lmin=-2721.54, Lmax=-28.11
22:32:21 [ultranest] [DEBUG] iteration=231, ncalls=1845, regioncalls=9800, ndraw=40, logz=-2722.52, remainder_fraction=100.0000%, Lmin=-2711.79, Lmax=-28.11
22:32:21 [ultranest] [DEBUG] iteration=233, ncalls=1847, regioncalls=9880, ndraw=40, logz=-2715.92, remainder_fraction=100.0000%, Lmin=-2700.80, Lmax=-28.11
22:32:22 [ultranest] [DEBUG] iteration=237, ncalls=1852, regioncalls=10080, ndraw=40, logz=-2692.41, remainder_fraction=100.0000%, Lmin=-2683.27, Lmax=-28.11
22:32:22 [ultranest] [DEBUG] iteration=241, ncalls=1856, regioncalls=10240, ndraw=40, logz=-2677.46, remainder_fraction=100.0000%, Lmin=-2663.67, Lmax=-28.11
22:32:22 [ultranest] [DEBUG] iteration=244, ncalls=1859, regioncalls=10360, ndraw=40, logz=-2668.97, remainder_fraction=100.0000%, Lmin=-2661.85, Lmax=-28.11
22:32:22 [ultranest] [DEBUG] iteration=246, ncalls=1863, regioncalls=10520, ndraw=40, logz=-2665.58, remainder_fraction=100.0000%, Lmin=-2652.93, Lmax=-28.11
22:32:22 [ultranest] [DEBUG] iteration=248, ncalls=1865, regioncalls=10600, ndraw=40, logz=-2659.48, remainder_fraction=100.0000%, Lmin=-2651.59, Lmax=-28.11
22:32:22 [ultranest] [DEBUG] iteration=250, ncalls=1868, regioncalls=10720, ndraw=40, logz=-2643.43, remainder_fraction=100.0000%, Lmin=-2629.22, Lmax=-28.11
22:32:23 [ultranest] [DEBUG] iteration=253, ncalls=1871, regioncalls=10840, ndraw=40, logz=-2635.10, remainder_fraction=100.0000%, Lmin=-2627.44, Lmax=-28.11
22:32:23 [ultranest] [DEBUG] iteration=254, ncalls=1873, regioncalls=10920, ndraw=40, logz=-2634.35, remainder_fraction=100.0000%, Lmin=-2626.42, Lmax=-28.11
22:32:23 [ultranest] [DEBUG] iteration=256, ncalls=1875, regioncalls=11000, ndraw=40, logz=-2631.79, remainder_fraction=100.0000%, Lmin=-2622.10, Lmax=-28.11
22:32:23 [ultranest] [DEBUG] iteration=257, ncalls=1877, regioncalls=11080, ndraw=40, logz=-2629.53, remainder_fraction=100.0000%, Lmin=-2610.97, Lmax=-28.11
22:32:23 [ultranest] [DEBUG] iteration=260, ncalls=1880, regioncalls=11200, ndraw=40, logz=-2613.37, remainder_fraction=100.0000%, Lmin=-2604.18, Lmax=-28.11
22:32:23 [ultranest] [DEBUG] iteration=261, ncalls=1882, regioncalls=11280, ndraw=40, logz=-2611.54, remainder_fraction=100.0000%, Lmin=-2604.13, Lmax=-28.11
22:32:24 [ultranest] [DEBUG] iteration=262, ncalls=1883, regioncalls=11320, ndraw=40, logz=-2610.91, remainder_fraction=100.0000%, Lmin=-2602.99, Lmax=-28.11
22:32:24 [ultranest] [DEBUG] iteration=263, ncalls=1884, regioncalls=11360, ndraw=40, logz=-2610.01, remainder_fraction=100.0000%, Lmin=-2602.05, Lmax=-28.11
22:32:24 [ultranest] [DEBUG] iteration=265, ncalls=1886, regioncalls=11440, ndraw=40, logz=-2592.21, remainder_fraction=100.0000%, Lmin=-2581.36, Lmax=-28.11
22:32:24 [ultranest] [DEBUG] iteration=266, ncalls=1887, regioncalls=11480, ndraw=40, logz=-2588.87, remainder_fraction=100.0000%, Lmin=-2579.58, Lmax=-28.11
22:32:24 [ultranest] [DEBUG] iteration=267, ncalls=1888, regioncalls=11520, ndraw=40, logz=-2586.96, remainder_fraction=100.0000%, Lmin=-2579.26, Lmax=-28.11
22:32:25 [ultranest] [DEBUG] iteration=268, ncalls=1891, regioncalls=11640, ndraw=40, logz=-2586.19, remainder_fraction=100.0000%, Lmin=-2577.91, Lmax=-28.11
22:32:25 [ultranest] [DEBUG] iteration=269, ncalls=1892, regioncalls=11680, ndraw=40, logz=-2585.06, remainder_fraction=100.0000%, Lmin=-2570.87, Lmax=-28.11
22:32:25 [ultranest] [DEBUG] iteration=270, ncalls=1893, regioncalls=11720, ndraw=40, logz=-2578.41, remainder_fraction=100.0000%, Lmin=-2569.40, Lmax=-28.11
22:32:25 [ultranest] [DEBUG] iteration=272, ncalls=1895, regioncalls=11800, ndraw=40, logz=-2573.50, remainder_fraction=100.0000%, Lmin=-2557.55, Lmax=-28.11
22:32:25 [ultranest] [DEBUG] iteration=274, ncalls=1897, regioncalls=11880, ndraw=40, logz=-2559.30, remainder_fraction=100.0000%, Lmin=-2543.87, Lmax=-28.11
22:32:25 [ultranest] [DEBUG] iteration=276, ncalls=1899, regioncalls=11960, ndraw=40, logz=-2539.85, remainder_fraction=100.0000%, Lmin=-2528.79, Lmax=-28.11
22:32:26 [ultranest] [DEBUG] iteration=277, ncalls=1901, regioncalls=12040, ndraw=40, logz=-2536.31, remainder_fraction=100.0000%, Lmin=-2525.42, Lmax=-28.11
22:32:26 [ultranest] [DEBUG] iteration=279, ncalls=1903, regioncalls=12120, ndraw=40, logz=-2532.00, remainder_fraction=100.0000%, Lmin=-2522.82, Lmax=-28.11
22:32:26 [ultranest] [DEBUG] iteration=282, ncalls=1907, regioncalls=12280, ndraw=40, logz=-2525.15, remainder_fraction=100.0000%, Lmin=-2507.92, Lmax=-28.11
22:32:26 [ultranest] [DEBUG] iteration=283, ncalls=1908, regioncalls=12320, ndraw=40, logz=-2515.47, remainder_fraction=100.0000%, Lmin=-2507.60, Lmax=-28.11
22:32:26 [ultranest] [DEBUG] iteration=285, ncalls=1914, regioncalls=12560, ndraw=40, logz=-2513.97, remainder_fraction=100.0000%, Lmin=-2506.24, Lmax=-28.11
22:32:27 [ultranest] [DEBUG] iteration=288, ncalls=1918, regioncalls=12720, ndraw=40, logz=-2509.63, remainder_fraction=100.0000%, Lmin=-2499.28, Lmax=-28.11
22:32:27 [ultranest] [DEBUG] iteration=291, ncalls=1922, regioncalls=12880, ndraw=40, logz=-2501.46, remainder_fraction=100.0000%, Lmin=-2493.60, Lmax=-28.11
22:32:27 [ultranest] [DEBUG] iteration=294, ncalls=1926, regioncalls=13040, ndraw=40, logz=-2493.23, remainder_fraction=100.0000%, Lmin=-2483.91, Lmax=-28.11
22:32:27 [ultranest] [DEBUG] iteration=296, ncalls=1928, regioncalls=13120, ndraw=40, logz=-2490.65, remainder_fraction=100.0000%, Lmin=-2483.58, Lmax=-28.11
22:32:27 [ultranest] [DEBUG] iteration=297, ncalls=1929, regioncalls=13160, ndraw=40, logz=-2490.17, remainder_fraction=100.0000%, Lmin=-2483.55, Lmax=-28.11
22:32:27 [ultranest] [DEBUG] iteration=299, ncalls=1931, regioncalls=13240, ndraw=40, logz=-2485.70, remainder_fraction=100.0000%, Lmin=-2476.69, Lmax=-28.11
22:32:28 [ultranest] [DEBUG] iteration=300, ncalls=1933, regioncalls=13320, ndraw=40, logz=-2484.04, remainder_fraction=100.0000%, Lmin=-2476.48, Lmax=-28.11
22:32:28 [ultranest] [DEBUG] iteration=302, ncalls=1935, regioncalls=13400, ndraw=40, logz=-2478.51, remainder_fraction=100.0000%, Lmin=-2470.08, Lmax=-28.11
22:32:28 [ultranest] [DEBUG] iteration=303, ncalls=1936, regioncalls=13440, ndraw=40, logz=-2477.29, remainder_fraction=100.0000%, Lmin=-2457.18, Lmax=-28.11
22:32:28 [ultranest] [DEBUG] iteration=305, ncalls=1938, regioncalls=13520, ndraw=40, logz=-2464.01, remainder_fraction=100.0000%, Lmin=-2456.96, Lmax=-28.11
22:32:28 [ultranest] [DEBUG] iteration=306, ncalls=1939, regioncalls=13560, ndraw=40, logz=-2463.54, remainder_fraction=100.0000%, Lmin=-2455.30, Lmax=-28.11
22:32:28 [ultranest] [DEBUG] iteration=307, ncalls=1940, regioncalls=13600, ndraw=40, logz=-2462.46, remainder_fraction=100.0000%, Lmin=-2449.49, Lmax=-28.11
22:32:28 [ultranest] [DEBUG] iteration=309, ncalls=1942, regioncalls=13680, ndraw=40, logz=-2451.81, remainder_fraction=100.0000%, Lmin=-2439.19, Lmax=-28.11
22:32:29 [ultranest] [DEBUG] iteration=311, ncalls=1944, regioncalls=13760, ndraw=40, logz=-2443.55, remainder_fraction=100.0000%, Lmin=-2434.81, Lmax=-28.11
22:32:29 [ultranest] [DEBUG] iteration=313, ncalls=1946, regioncalls=13840, ndraw=40, logz=-2440.97, remainder_fraction=100.0000%, Lmin=-2428.40, Lmax=-28.11
22:32:29 [ultranest] [DEBUG] iteration=316, ncalls=1949, regioncalls=13960, ndraw=40, logz=-2428.52, remainder_fraction=100.0000%, Lmin=-2409.55, Lmax=-28.11
22:32:29 [ultranest] [DEBUG] iteration=319, ncalls=1952, regioncalls=14080, ndraw=40, logz=-2405.45, remainder_fraction=100.0000%, Lmin=-2391.99, Lmax=-28.11
22:32:29 [ultranest] [DEBUG] iteration=320, ncalls=1953, regioncalls=14120, ndraw=40, logz=-2399.57, remainder_fraction=100.0000%, Lmin=-2388.80, Lmax=-28.11
22:32:29 [ultranest] [DEBUG] iteration=322, ncalls=1955, regioncalls=14200, ndraw=40, logz=-2395.51, remainder_fraction=100.0000%, Lmin=-2388.46, Lmax=-28.11
22:32:29 [ultranest] [DEBUG] iteration=325, ncalls=1958, regioncalls=14320, ndraw=40, logz=-2390.06, remainder_fraction=100.0000%, Lmin=-2382.11, Lmax=-28.11
22:32:29 [ultranest] [DEBUG] iteration=328, ncalls=1961, regioncalls=14440, ndraw=40, logz=-2385.00, remainder_fraction=100.0000%, Lmin=-2371.57, Lmax=-28.11
22:32:30 [ultranest] [DEBUG] iteration=330, ncalls=1964, regioncalls=14560, ndraw=40, logz=-2378.43, remainder_fraction=100.0000%, Lmin=-2370.01, Lmax=-28.11
22:32:30 [ultranest] [DEBUG] iteration=331, ncalls=1966, regioncalls=14640, ndraw=40, logz=-2377.24, remainder_fraction=100.0000%, Lmin=-2364.60, Lmax=-28.11
22:32:30 [ultranest] [DEBUG] iteration=334, ncalls=1969, regioncalls=14760, ndraw=40, logz=-2364.68, remainder_fraction=100.0000%, Lmin=-2356.83, Lmax=-28.11
22:32:30 [ultranest] [DEBUG] iteration=335, ncalls=1970, regioncalls=14800, ndraw=40, logz=-2363.85, remainder_fraction=100.0000%, Lmin=-2351.81, Lmax=-28.11
22:32:30 [ultranest] [DEBUG] iteration=338, ncalls=1974, regioncalls=14960, ndraw=40, logz=-2356.29, remainder_fraction=100.0000%, Lmin=-2347.22, Lmax=-28.11
22:32:30 [ultranest] [DEBUG] iteration=341, ncalls=1978, regioncalls=15120, ndraw=40, logz=-2342.79, remainder_fraction=100.0000%, Lmin=-2324.21, Lmax=-28.11
22:32:30 [ultranest] [DEBUG] iteration=344, ncalls=1981, regioncalls=15240, ndraw=40, logz=-2325.00, remainder_fraction=100.0000%, Lmin=-2317.24, Lmax=-28.11
22:32:30 [ultranest] [DEBUG] iteration=347, ncalls=1984, regioncalls=15360, ndraw=40, logz=-2321.02, remainder_fraction=100.0000%, Lmin=-2311.93, Lmax=-28.11
22:32:31 [ultranest] [DEBUG] iteration=349, ncalls=1987, regioncalls=15480, ndraw=40, logz=-2318.47, remainder_fraction=100.0000%, Lmin=-2309.61, Lmax=-28.11
22:32:31 [ultranest] [DEBUG] iteration=351, ncalls=1990, regioncalls=15600, ndraw=40, logz=-2315.98, remainder_fraction=100.0000%, Lmin=-2308.75, Lmax=-28.11
22:32:31 [ultranest] [DEBUG] iteration=353, ncalls=1993, regioncalls=15720, ndraw=40, logz=-2314.93, remainder_fraction=100.0000%, Lmin=-2307.04, Lmax=-28.11
22:32:31 [ultranest] [DEBUG] iteration=355, ncalls=1995, regioncalls=15800, ndraw=40, logz=-2309.34, remainder_fraction=100.0000%, Lmin=-2300.03, Lmax=-28.11
22:32:31 [ultranest] [DEBUG] iteration=357, ncalls=1997, regioncalls=15880, ndraw=40, logz=-2305.91, remainder_fraction=100.0000%, Lmin=-2296.87, Lmax=-28.11
22:32:32 [ultranest] [DEBUG] iteration=358, ncalls=1998, regioncalls=15920, ndraw=40, logz=-2304.26, remainder_fraction=100.0000%, Lmin=-2292.92, Lmax=-28.11
22:32:32 [ultranest] [DEBUG] iteration=361, ncalls=2001, regioncalls=16040, ndraw=40, logz=-2297.88, remainder_fraction=100.0000%, Lmin=-2287.43, Lmax=-28.11
22:32:32 [ultranest] [DEBUG] iteration=364, ncalls=2005, regioncalls=16200, ndraw=40, logz=-2287.24, remainder_fraction=100.0000%, Lmin=-2276.99, Lmax=-28.11
22:32:32 [ultranest] [DEBUG] iteration=367, ncalls=2009, regioncalls=16360, ndraw=40, logz=-2281.81, remainder_fraction=100.0000%, Lmin=-2274.14, Lmax=-28.11
22:32:33 [ultranest] [DEBUG] iteration=368, ncalls=2011, regioncalls=16440, ndraw=40, logz=-2281.08, remainder_fraction=100.0000%, Lmin=-2272.21, Lmax=-28.11
22:32:33 [ultranest] [DEBUG] iteration=370, ncalls=2013, regioncalls=16520, ndraw=40, logz=-2275.18, remainder_fraction=100.0000%, Lmin=-2264.86, Lmax=-28.11
22:32:33 [ultranest] [DEBUG] iteration=371, ncalls=2015, regioncalls=16600, ndraw=40, logz=-2272.41, remainder_fraction=100.0000%, Lmin=-2263.74, Lmax=-28.11
22:32:33 [ultranest] [DEBUG] iteration=373, ncalls=2017, regioncalls=16680, ndraw=40, logz=-2270.31, remainder_fraction=100.0000%, Lmin=-2262.33, Lmax=-28.11
22:32:33 [ultranest] [DEBUG] iteration=375, ncalls=2019, regioncalls=16760, ndraw=40, logz=-2265.12, remainder_fraction=100.0000%, Lmin=-2257.50, Lmax=-28.11
22:32:33 [ultranest] [DEBUG] iteration=379, ncalls=2023, regioncalls=16920, ndraw=40, logz=-2260.51, remainder_fraction=100.0000%, Lmin=-2250.13, Lmax=-28.11
22:32:33 [ultranest] [DEBUG] iteration=382, ncalls=2026, regioncalls=17040, ndraw=40, logz=-2254.39, remainder_fraction=100.0000%, Lmin=-2245.57, Lmax=-28.11
22:32:33 [ultranest] [DEBUG] iteration=383, ncalls=2028, regioncalls=17120, ndraw=40, logz=-2252.92, remainder_fraction=100.0000%, Lmin=-2241.88, Lmax=-28.11
22:32:34 [ultranest] [DEBUG] iteration=386, ncalls=2031, regioncalls=17240, ndraw=40, logz=-2246.65, remainder_fraction=100.0000%, Lmin=-2233.64, Lmax=-28.11
22:32:34 [ultranest] [DEBUG] iteration=388, ncalls=2034, regioncalls=17360, ndraw=40, logz=-2238.37, remainder_fraction=100.0000%, Lmin=-2226.37, Lmax=-28.11
22:32:34 [ultranest] [DEBUG] iteration=390, ncalls=2037, regioncalls=17480, ndraw=40, logz=-2232.35, remainder_fraction=100.0000%, Lmin=-2223.74, Lmax=-28.11
22:32:34 [ultranest] [DEBUG] iteration=392, ncalls=2039, regioncalls=17560, ndraw=40, logz=-2227.33, remainder_fraction=100.0000%, Lmin=-2219.67, Lmax=-28.11
22:32:34 [ultranest] [DEBUG] iteration=394, ncalls=2042, regioncalls=17680, ndraw=40, logz=-2218.52, remainder_fraction=100.0000%, Lmin=-2210.19, Lmax=-28.11
22:32:34 [ultranest] [DEBUG] iteration=396, ncalls=2044, regioncalls=17760, ndraw=40, logz=-2215.88, remainder_fraction=100.0000%, Lmin=-2208.38, Lmax=-28.11
22:32:34 [ultranest] [DEBUG] iteration=398, ncalls=2047, regioncalls=17880, ndraw=40, logz=-2214.25, remainder_fraction=100.0000%, Lmin=-2203.40, Lmax=-28.11
22:32:34 [ultranest] [DEBUG] iteration=399, ncalls=2048, regioncalls=17920, ndraw=40, logz=-2210.98, remainder_fraction=100.0000%, Lmin=-2202.44, Lmax=-28.11
22:32:35 [ultranest] [DEBUG] iteration=401, ncalls=2050, regioncalls=18000, ndraw=40, logz=-2208.31, remainder_fraction=100.0000%, Lmin=-2199.29, Lmax=-28.11
22:32:35 [ultranest] [DEBUG] iteration=403, ncalls=2052, regioncalls=18080, ndraw=40, logz=-2203.77, remainder_fraction=100.0000%, Lmin=-2195.81, Lmax=-28.11
22:32:35 [ultranest] [DEBUG] iteration=405, ncalls=2054, regioncalls=18160, ndraw=40, logz=-2201.56, remainder_fraction=100.0000%, Lmin=-2191.22, Lmax=-28.11
22:32:35 [ultranest] [DEBUG] iteration=408, ncalls=2057, regioncalls=18280, ndraw=40, logz=-2189.70, remainder_fraction=100.0000%, Lmin=-2181.63, Lmax=-28.11
22:32:35 [ultranest] [DEBUG] iteration=409, ncalls=2059, regioncalls=18360, ndraw=40, logz=-2188.77, remainder_fraction=100.0000%, Lmin=-2181.13, Lmax=-28.11
22:32:35 [ultranest] [DEBUG] iteration=410, ncalls=2060, regioncalls=18400, ndraw=40, logz=-2188.07, remainder_fraction=100.0000%, Lmin=-2180.73, Lmax=-28.11
22:32:36 [ultranest] [DEBUG] iteration=412, ncalls=2064, regioncalls=18560, ndraw=40, logz=-2186.10, remainder_fraction=100.0000%, Lmin=-2178.66, Lmax=-28.11
22:32:36 [ultranest] [DEBUG] iteration=414, ncalls=2066, regioncalls=18640, ndraw=40, logz=-2184.72, remainder_fraction=100.0000%, Lmin=-2177.13, Lmax=-28.11
22:32:36 [ultranest] [DEBUG] iteration=416, ncalls=2068, regioncalls=18720, ndraw=40, logz=-2182.10, remainder_fraction=100.0000%, Lmin=-2173.37, Lmax=-28.11
22:32:36 [ultranest] [DEBUG] iteration=419, ncalls=2071, regioncalls=18840, ndraw=40, logz=-2177.94, remainder_fraction=100.0000%, Lmin=-2166.42, Lmax=-28.11
22:32:36 [ultranest] [DEBUG] iteration=420, ncalls=2073, regioncalls=18920, ndraw=40, logz=-2174.04, remainder_fraction=100.0000%, Lmin=-2163.99, Lmax=-28.11
22:32:36 [ultranest] [DEBUG] iteration=422, ncalls=2076, regioncalls=19040, ndraw=40, logz=-2170.61, remainder_fraction=100.0000%, Lmin=-2161.97, Lmax=-28.11
22:32:36 [ultranest] [DEBUG] iteration=425, ncalls=2079, regioncalls=19160, ndraw=40, logz=-2168.06, remainder_fraction=100.0000%, Lmin=-2160.29, Lmax=-28.11
22:32:36 [ultranest] [DEBUG] iteration=427, ncalls=2082, regioncalls=19280, ndraw=40, logz=-2165.23, remainder_fraction=100.0000%, Lmin=-2156.68, Lmax=-28.11
22:32:36 [ultranest] [DEBUG] iteration=430, ncalls=2086, regioncalls=19440, ndraw=40, logz=-2159.40, remainder_fraction=100.0000%, Lmin=-2151.07, Lmax=-28.11
22:32:37 [ultranest] [DEBUG] iteration=433, ncalls=2089, regioncalls=19560, ndraw=40, logz=-2152.38, remainder_fraction=100.0000%, Lmin=-2144.85, Lmax=-28.11
22:32:37 [ultranest] [DEBUG] iteration=435, ncalls=2091, regioncalls=19640, ndraw=40, logz=-2151.27, remainder_fraction=100.0000%, Lmin=-2143.18, Lmax=-28.11
22:32:37 [ultranest] [DEBUG] iteration=438, ncalls=2094, regioncalls=19760, ndraw=40, logz=-2145.87, remainder_fraction=100.0000%, Lmin=-2137.49, Lmax=-28.11
22:32:37 [ultranest] [DEBUG] iteration=440, ncalls=2096, regioncalls=19840, ndraw=40, logz=-2142.76, remainder_fraction=100.0000%, Lmin=-2135.18, Lmax=-28.11
22:32:37 [ultranest] [DEBUG] iteration=441, ncalls=2098, regioncalls=19920, ndraw=40, logz=-2142.10, remainder_fraction=100.0000%, Lmin=-2135.05, Lmax=-28.11
22:32:38 [ultranest] [DEBUG] iteration=443, ncalls=2100, regioncalls=20000, ndraw=40, logz=-2140.10, remainder_fraction=100.0000%, Lmin=-2132.37, Lmax=-28.11
22:32:38 [ultranest] [DEBUG] iteration=444, ncalls=2102, regioncalls=20080, ndraw=40, logz=-2139.37, remainder_fraction=100.0000%, Lmin=-2128.37, Lmax=-28.11
22:32:38 [ultranest] [DEBUG] iteration=445, ncalls=2103, regioncalls=20120, ndraw=40, logz=-2135.99, remainder_fraction=100.0000%, Lmin=-2126.89, Lmax=-28.11
22:32:38 [ultranest] [DEBUG] iteration=447, ncalls=2105, regioncalls=20200, ndraw=40, logz=-2133.06, remainder_fraction=100.0000%, Lmin=-2121.76, Lmax=-28.11
22:32:38 [ultranest] [DEBUG] iteration=450, ncalls=2108, regioncalls=20320, ndraw=40, logz=-2126.02, remainder_fraction=100.0000%, Lmin=-2118.62, Lmax=-28.11
22:32:38 [ultranest] [DEBUG] iteration=452, ncalls=2111, regioncalls=20440, ndraw=40, logz=-2122.76, remainder_fraction=100.0000%, Lmin=-2115.11, Lmax=-28.11
22:32:38 [ultranest] [DEBUG] iteration=454, ncalls=2114, regioncalls=20560, ndraw=40, logz=-2120.89, remainder_fraction=100.0000%, Lmin=-2112.30, Lmax=-28.11
22:32:39 [ultranest] [DEBUG] iteration=458, ncalls=2118, regioncalls=20720, ndraw=40, logz=-2113.36, remainder_fraction=100.0000%, Lmin=-2105.19, Lmax=-28.11
22:32:39 [ultranest] [DEBUG] iteration=459, ncalls=2120, regioncalls=20800, ndraw=40, logz=-2112.38, remainder_fraction=100.0000%, Lmin=-2100.96, Lmax=-28.11
22:32:39 [ultranest] [DEBUG] iteration=462, ncalls=2124, regioncalls=20960, ndraw=40, logz=-2101.74, remainder_fraction=100.0000%, Lmin=-2092.33, Lmax=-28.11
22:32:39 [ultranest] [DEBUG] iteration=466, ncalls=2128, regioncalls=21120, ndraw=40, logz=-2095.13, remainder_fraction=100.0000%, Lmin=-2084.56, Lmax=-28.11
22:32:39 [ultranest] [DEBUG] iteration=469, ncalls=2131, regioncalls=21240, ndraw=40, logz=-2089.46, remainder_fraction=100.0000%, Lmin=-2081.02, Lmax=-28.11
22:32:39 [ultranest] [DEBUG] iteration=471, ncalls=2133, regioncalls=21320, ndraw=40, logz=-2087.46, remainder_fraction=100.0000%, Lmin=-2079.74, Lmax=-28.11
22:32:39 [ultranest] [DEBUG] iteration=474, ncalls=2140, regioncalls=21600, ndraw=40, logz=-2084.59, remainder_fraction=100.0000%, Lmin=-2075.41, Lmax=-28.11
22:32:39 [ultranest] [DEBUG] iteration=476, ncalls=2143, regioncalls=21720, ndraw=40, logz=-2079.84, remainder_fraction=100.0000%, Lmin=-2071.06, Lmax=-28.11
22:32:40 [ultranest] [DEBUG] iteration=479, ncalls=2147, regioncalls=21880, ndraw=40, logz=-2071.08, remainder_fraction=100.0000%, Lmin=-2061.66, Lmax=-28.11
22:32:40 [ultranest] [DEBUG] iteration=480, ncalls=2148, regioncalls=21920, ndraw=40, logz=-2069.17, remainder_fraction=100.0000%, Lmin=-2058.51, Lmax=-28.11
22:32:40 [ultranest] [DEBUG] iteration=483, ncalls=2152, regioncalls=22080, ndraw=40, logz=-2064.24, remainder_fraction=100.0000%, Lmin=-2056.66, Lmax=-28.11
22:32:40 [ultranest] [DEBUG] iteration=487, ncalls=2157, regioncalls=22280, ndraw=40, logz=-2060.12, remainder_fraction=100.0000%, Lmin=-2050.39, Lmax=-28.11
22:32:40 [ultranest] [DEBUG] iteration=489, ncalls=2161, regioncalls=22440, ndraw=40, logz=-2054.17, remainder_fraction=100.0000%, Lmin=-2046.42, Lmax=-28.11
22:32:40 [ultranest] [DEBUG] iteration=492, ncalls=2164, regioncalls=22560, ndraw=40, logz=-2050.28, remainder_fraction=100.0000%, Lmin=-2041.61, Lmax=-28.11
22:32:40 [ultranest] [DEBUG] iteration=495, ncalls=2168, regioncalls=22720, ndraw=40, logz=-2045.35, remainder_fraction=100.0000%, Lmin=-2037.22, Lmax=-28.11
22:32:40 [ultranest] [DEBUG] iteration=499, ncalls=2172, regioncalls=22880, ndraw=40, logz=-2041.44, remainder_fraction=100.0000%, Lmin=-2032.50, Lmax=-28.11
22:32:40 [ultranest] [DEBUG] iteration=502, ncalls=2176, regioncalls=23040, ndraw=40, logz=-2033.74, remainder_fraction=100.0000%, Lmin=-2026.18, Lmax=-28.11
22:32:41 [ultranest] [DEBUG] iteration=505, ncalls=2179, regioncalls=23160, ndraw=40, logz=-2029.13, remainder_fraction=100.0000%, Lmin=-2021.42, Lmax=-28.11
22:32:41 [ultranest] [DEBUG] iteration=509, ncalls=2184, regioncalls=23360, ndraw=40, logz=-2027.24, remainder_fraction=100.0000%, Lmin=-2019.99, Lmax=-28.11
22:32:41 [ultranest] [DEBUG] iteration=511, ncalls=2186, regioncalls=23440, ndraw=40, logz=-2020.20, remainder_fraction=100.0000%, Lmin=-2011.55, Lmax=-28.11
22:32:41 [ultranest] [DEBUG] iteration=514, ncalls=2189, regioncalls=23560, ndraw=40, logz=-2016.53, remainder_fraction=100.0000%, Lmin=-2008.77, Lmax=-28.11
22:32:41 [ultranest] [DEBUG] iteration=517, ncalls=2193, regioncalls=23720, ndraw=40, logz=-2013.47, remainder_fraction=100.0000%, Lmin=-2003.38, Lmax=-28.11
22:32:41 [ultranest] [DEBUG] iteration=520, ncalls=2198, regioncalls=23920, ndraw=40, logz=-2008.40, remainder_fraction=100.0000%, Lmin=-2000.99, Lmax=-28.11
22:32:41 [ultranest] [DEBUG] iteration=524, ncalls=2202, regioncalls=24080, ndraw=40, logz=-1998.48, remainder_fraction=100.0000%, Lmin=-1989.38, Lmax=-28.11
22:32:41 [ultranest] [DEBUG] iteration=527, ncalls=2206, regioncalls=24240, ndraw=40, logz=-1995.39, remainder_fraction=100.0000%, Lmin=-1985.85, Lmax=-28.11
22:32:42 [ultranest] [DEBUG] iteration=529, ncalls=2209, regioncalls=24360, ndraw=40, logz=-1991.40, remainder_fraction=100.0000%, Lmin=-1983.48, Lmax=-28.11
22:32:42 [ultranest] [DEBUG] iteration=531, ncalls=2214, regioncalls=24560, ndraw=40, logz=-1988.48, remainder_fraction=100.0000%, Lmin=-1979.43, Lmax=-28.11
22:32:42 [ultranest] [DEBUG] iteration=534, ncalls=2218, regioncalls=24720, ndraw=40, logz=-1984.70, remainder_fraction=100.0000%, Lmin=-1975.62, Lmax=-28.11
22:32:42 [ultranest] [DEBUG] iteration=536, ncalls=2220, regioncalls=24800, ndraw=40, logz=-1982.09, remainder_fraction=100.0000%, Lmin=-1973.21, Lmax=-28.11
22:32:42 [ultranest] [DEBUG] iteration=538, ncalls=2225, regioncalls=25000, ndraw=40, logz=-1978.10, remainder_fraction=100.0000%, Lmin=-1968.93, Lmax=-28.11
22:32:42 [ultranest] [DEBUG] iteration=542, ncalls=2229, regioncalls=25160, ndraw=40, logz=-1969.84, remainder_fraction=100.0000%, Lmin=-1962.42, Lmax=-28.11
22:32:42 [ultranest] [DEBUG] iteration=545, ncalls=2233, regioncalls=25320, ndraw=40, logz=-1966.73, remainder_fraction=100.0000%, Lmin=-1956.24, Lmax=-28.11
22:32:42 [ultranest] [DEBUG] iteration=549, ncalls=2237, regioncalls=25480, ndraw=40, logz=-1961.99, remainder_fraction=100.0000%, Lmin=-1955.00, Lmax=-28.11
22:32:43 [ultranest] [DEBUG] iteration=550, ncalls=2240, regioncalls=25600, ndraw=40, logz=-1961.60, remainder_fraction=100.0000%, Lmin=-1953.81, Lmax=-28.11
22:32:43 [ultranest] [DEBUG] iteration=554, ncalls=2247, regioncalls=25880, ndraw=40, logz=-1958.55, remainder_fraction=100.0000%, Lmin=-1950.68, Lmax=-28.11
22:32:43 [ultranest] [DEBUG] iteration=557, ncalls=2250, regioncalls=26000, ndraw=40, logz=-1953.99, remainder_fraction=100.0000%, Lmin=-1945.17, Lmax=-28.11
22:32:43 [ultranest] [DEBUG] iteration=559, ncalls=2252, regioncalls=26080, ndraw=40, logz=-1951.69, remainder_fraction=100.0000%, Lmin=-1942.79, Lmax=-28.11
22:32:43 [ultranest] [DEBUG] iteration=560, ncalls=2253, regioncalls=26120, ndraw=40, logz=-1950.25, remainder_fraction=100.0000%, Lmin=-1941.80, Lmax=-28.11
22:32:43 [ultranest] [DEBUG] iteration=561, ncalls=2255, regioncalls=26200, ndraw=40, logz=-1949.14, remainder_fraction=100.0000%, Lmin=-1941.64, Lmax=-28.11
22:32:44 [ultranest] [DEBUG] iteration=563, ncalls=2257, regioncalls=26280, ndraw=40, logz=-1947.99, remainder_fraction=100.0000%, Lmin=-1940.57, Lmax=-28.11
22:32:44 [ultranest] [DEBUG] iteration=564, ncalls=2261, regioncalls=26440, ndraw=40, logz=-1947.44, remainder_fraction=100.0000%, Lmin=-1938.61, Lmax=-28.11
22:32:44 [ultranest] [DEBUG] iteration=565, ncalls=2262, regioncalls=26480, ndraw=40, logz=-1946.06, remainder_fraction=100.0000%, Lmin=-1935.64, Lmax=-28.11
22:32:44 [ultranest] [DEBUG] iteration=567, ncalls=2265, regioncalls=26600, ndraw=40, logz=-1942.51, remainder_fraction=100.0000%, Lmin=-1934.42, Lmax=-28.11
22:32:44 [ultranest] [DEBUG] iteration=569, ncalls=2268, regioncalls=26720, ndraw=40, logz=-1937.24, remainder_fraction=100.0000%, Lmin=-1928.49, Lmax=-28.11
22:32:44 [ultranest] [DEBUG] iteration=570, ncalls=2271, regioncalls=26840, ndraw=40, logz=-1935.92, remainder_fraction=100.0000%, Lmin=-1928.01, Lmax=-28.11
22:32:45 [ultranest] [DEBUG] iteration=572, ncalls=2274, regioncalls=26960, ndraw=40, logz=-1934.46, remainder_fraction=100.0000%, Lmin=-1926.02, Lmax=-28.11
22:32:45 [ultranest] [DEBUG] iteration=573, ncalls=2276, regioncalls=27040, ndraw=40, logz=-1933.35, remainder_fraction=100.0000%, Lmin=-1925.30, Lmax=-28.11
22:32:45 [ultranest] [DEBUG] iteration=576, ncalls=2280, regioncalls=27200, ndraw=40, logz=-1931.66, remainder_fraction=100.0000%, Lmin=-1920.43, Lmax=-28.11
22:32:45 [ultranest] [DEBUG] iteration=579, ncalls=2284, regioncalls=27360, ndraw=40, logz=-1926.86, remainder_fraction=100.0000%, Lmin=-1918.61, Lmax=-28.11
22:32:45 [ultranest] [DEBUG] iteration=583, ncalls=2288, regioncalls=27520, ndraw=40, logz=-1923.55, remainder_fraction=100.0000%, Lmin=-1916.29, Lmax=-28.11
22:32:45 [ultranest] [DEBUG] iteration=584, ncalls=2290, regioncalls=27600, ndraw=40, logz=-1923.07, remainder_fraction=100.0000%, Lmin=-1915.22, Lmax=-28.11
22:32:45 [ultranest] [DEBUG] iteration=587, ncalls=2293, regioncalls=27720, ndraw=40, logz=-1920.42, remainder_fraction=100.0000%, Lmin=-1912.82, Lmax=-28.11
22:32:46 [ultranest] [DEBUG] iteration=588, ncalls=2295, regioncalls=27800, ndraw=40, logz=-1919.80, remainder_fraction=100.0000%, Lmin=-1912.05, Lmax=-28.11
22:32:46 [ultranest] [DEBUG] iteration=590, ncalls=2297, regioncalls=27880, ndraw=40, logz=-1918.19, remainder_fraction=100.0000%, Lmin=-1910.86, Lmax=-28.11
22:32:46 [ultranest] [DEBUG] iteration=592, ncalls=2300, regioncalls=28000, ndraw=40, logz=-1917.20, remainder_fraction=100.0000%, Lmin=-1909.78, Lmax=-28.11
22:32:46 [ultranest] [DEBUG] iteration=595, ncalls=2303, regioncalls=28120, ndraw=40, logz=-1915.56, remainder_fraction=100.0000%, Lmin=-1908.27, Lmax=-28.11
22:32:46 [ultranest] [DEBUG] iteration=597, ncalls=2307, regioncalls=28280, ndraw=40, logz=-1914.63, remainder_fraction=100.0000%, Lmin=-1905.28, Lmax=-28.11
22:32:46 [ultranest] [DEBUG] iteration=598, ncalls=2308, regioncalls=28320, ndraw=40, logz=-1912.85, remainder_fraction=100.0000%, Lmin=-1905.25, Lmax=-28.11
22:32:46 [ultranest] [DEBUG] iteration=600, ncalls=2311, regioncalls=28440, ndraw=40, logz=-1911.64, remainder_fraction=100.0000%, Lmin=-1904.59, Lmax=-28.11
22:32:46 [ultranest] [DEBUG] iteration=602, ncalls=2314, regioncalls=28560, ndraw=40, logz=-1910.76, remainder_fraction=100.0000%, Lmin=-1902.27, Lmax=-28.11
22:32:47 [ultranest] [DEBUG] iteration=604, ncalls=2317, regioncalls=28680, ndraw=40, logz=-1908.67, remainder_fraction=100.0000%, Lmin=-1901.15, Lmax=-28.11
22:32:47 [ultranest] [DEBUG] iteration=605, ncalls=2319, regioncalls=28760, ndraw=40, logz=-1908.09, remainder_fraction=100.0000%, Lmin=-1900.24, Lmax=-28.11
22:32:47 [ultranest] [DEBUG] iteration=607, ncalls=2322, regioncalls=28880, ndraw=40, logz=-1904.18, remainder_fraction=100.0000%, Lmin=-1896.16, Lmax=-28.11
22:32:47 [ultranest] [DEBUG] iteration=608, ncalls=2324, regioncalls=28960, ndraw=40, logz=-1903.35, remainder_fraction=100.0000%, Lmin=-1894.49, Lmax=-28.11
22:32:47 [ultranest] [DEBUG] iteration=611, ncalls=2328, regioncalls=29120, ndraw=40, logz=-1900.16, remainder_fraction=100.0000%, Lmin=-1891.90, Lmax=-28.11
22:32:47 [ultranest] [DEBUG] iteration=612, ncalls=2330, regioncalls=29200, ndraw=40, logz=-1899.18, remainder_fraction=100.0000%, Lmin=-1891.87, Lmax=-28.11
22:32:48 [ultranest] [DEBUG] iteration=613, ncalls=2332, regioncalls=29280, ndraw=40, logz=-1898.69, remainder_fraction=100.0000%, Lmin=-1890.62, Lmax=-28.11
22:32:48 [ultranest] [DEBUG] iteration=615, ncalls=2335, regioncalls=29400, ndraw=40, logz=-1896.43, remainder_fraction=100.0000%, Lmin=-1887.26, Lmax=-28.11
22:32:48 [ultranest] [DEBUG] iteration=616, ncalls=2337, regioncalls=29480, ndraw=40, logz=-1894.80, remainder_fraction=100.0000%, Lmin=-1887.06, Lmax=-28.11
22:32:48 [ultranest] [DEBUG] iteration=617, ncalls=2338, regioncalls=29520, ndraw=40, logz=-1894.12, remainder_fraction=100.0000%, Lmin=-1886.82, Lmax=-28.11
22:32:48 [ultranest] [DEBUG] iteration=619, ncalls=2340, regioncalls=29600, ndraw=40, logz=-1893.09, remainder_fraction=100.0000%, Lmin=-1884.80, Lmax=-28.11
22:32:48 [ultranest] [DEBUG] iteration=621, ncalls=2342, regioncalls=29680, ndraw=40, logz=-1891.53, remainder_fraction=100.0000%, Lmin=-1883.38, Lmax=-28.11
22:32:48 [ultranest] [DEBUG] iteration=623, ncalls=2345, regioncalls=29800, ndraw=40, logz=-1889.83, remainder_fraction=100.0000%, Lmin=-1882.51, Lmax=-28.11
22:32:49 [ultranest] [DEBUG] iteration=624, ncalls=2346, regioncalls=29840, ndraw=40, logz=-1889.33, remainder_fraction=100.0000%, Lmin=-1882.50, Lmax=-28.11
22:32:49 [ultranest] [DEBUG] iteration=625, ncalls=2347, regioncalls=29880, ndraw=40, logz=-1889.00, remainder_fraction=100.0000%, Lmin=-1881.35, Lmax=-28.11
22:32:49 [ultranest] [DEBUG] iteration=627, ncalls=2349, regioncalls=29960, ndraw=40, logz=-1887.68, remainder_fraction=100.0000%, Lmin=-1880.57, Lmax=-28.11
22:32:49 [ultranest] [DEBUG] iteration=629, ncalls=2351, regioncalls=30040, ndraw=40, logz=-1886.93, remainder_fraction=100.0000%, Lmin=-1880.26, Lmax=-28.11
22:32:49 [ultranest] [DEBUG] iteration=630, ncalls=2352, regioncalls=30080, ndraw=40, logz=-1886.64, remainder_fraction=100.0000%, Lmin=-1879.43, Lmax=-28.11
22:32:49 [ultranest] [DEBUG] iteration=632, ncalls=2354, regioncalls=30160, ndraw=40, logz=-1885.42, remainder_fraction=100.0000%, Lmin=-1878.26, Lmax=-28.11
22:32:50 [ultranest] [DEBUG] iteration=634, ncalls=2357, regioncalls=30280, ndraw=40, logz=-1884.17, remainder_fraction=100.0000%, Lmin=-1876.60, Lmax=-28.11
22:32:50 [ultranest] [DEBUG] iteration=636, ncalls=2359, regioncalls=30360, ndraw=40, logz=-1883.07, remainder_fraction=100.0000%, Lmin=-1876.07, Lmax=-28.11
22:32:50 [ultranest] [DEBUG] iteration=637, ncalls=2362, regioncalls=30480, ndraw=40, logz=-1882.69, remainder_fraction=100.0000%, Lmin=-1875.54, Lmax=-28.11
22:32:50 [ultranest] [DEBUG] iteration=638, ncalls=2363, regioncalls=30520, ndraw=40, logz=-1882.26, remainder_fraction=100.0000%, Lmin=-1874.92, Lmax=-28.11
22:32:50 [ultranest] [DEBUG] iteration=639, ncalls=2365, regioncalls=30600, ndraw=40, logz=-1881.76, remainder_fraction=100.0000%, Lmin=-1873.24, Lmax=-28.11
22:32:50 [ultranest] [DEBUG] iteration=640, ncalls=2366, regioncalls=30640, ndraw=40, logz=-1880.63, remainder_fraction=100.0000%, Lmin=-1872.39, Lmax=-28.11
22:32:51 [ultranest] [DEBUG] iteration=641, ncalls=2367, regioncalls=30680, ndraw=40, logz=-1879.68, remainder_fraction=100.0000%, Lmin=-1871.85, Lmax=-28.11
22:32:51 [ultranest] [DEBUG] iteration=643, ncalls=2370, regioncalls=30800, ndraw=40, logz=-1878.08, remainder_fraction=100.0000%, Lmin=-1868.55, Lmax=-28.11
22:32:51 [ultranest] [DEBUG] iteration=646, ncalls=2373, regioncalls=30920, ndraw=40, logz=-1874.77, remainder_fraction=100.0000%, Lmin=-1865.40, Lmax=-28.11
22:32:51 [ultranest] [DEBUG] iteration=649, ncalls=2377, regioncalls=31080, ndraw=40, logz=-1871.90, remainder_fraction=100.0000%, Lmin=-1864.92, Lmax=-28.11
22:32:51 [ultranest] [DEBUG] iteration=652, ncalls=2383, regioncalls=31320, ndraw=40, logz=-1870.40, remainder_fraction=100.0000%, Lmin=-1862.45, Lmax=-28.11
22:32:51 [ultranest] [DEBUG] iteration=654, ncalls=2386, regioncalls=31440, ndraw=40, logz=-1869.10, remainder_fraction=100.0000%, Lmin=-1861.81, Lmax=-28.11
22:32:51 [ultranest] [DEBUG] iteration=656, ncalls=2390, regioncalls=31600, ndraw=40, logz=-1868.14, remainder_fraction=100.0000%, Lmin=-1859.56, Lmax=-28.11
22:32:52 [ultranest] [DEBUG] iteration=658, ncalls=2393, regioncalls=31720, ndraw=40, logz=-1866.44, remainder_fraction=100.0000%, Lmin=-1858.99, Lmax=-28.11
22:32:52 [ultranest] [DEBUG] iteration=659, ncalls=2394, regioncalls=31760, ndraw=40, logz=-1865.90, remainder_fraction=100.0000%, Lmin=-1858.73, Lmax=-28.11
22:32:52 [ultranest] [DEBUG] iteration=661, ncalls=2396, regioncalls=31840, ndraw=40, logz=-1865.07, remainder_fraction=100.0000%, Lmin=-1857.84, Lmax=-28.11
22:32:52 [ultranest] [DEBUG] iteration=662, ncalls=2397, regioncalls=31880, ndraw=40, logz=-1864.62, remainder_fraction=100.0000%, Lmin=-1856.21, Lmax=-28.11
22:32:52 [ultranest] [DEBUG] iteration=663, ncalls=2399, regioncalls=31960, ndraw=40, logz=-1863.57, remainder_fraction=100.0000%, Lmin=-1853.01, Lmax=-28.11
22:32:53 [ultranest] [DEBUG] iteration=665, ncalls=2405, regioncalls=32200, ndraw=40, logz=-1859.48, remainder_fraction=100.0000%, Lmin=-1851.53, Lmax=-28.11
22:32:53 [ultranest] [DEBUG] iteration=668, ncalls=2408, regioncalls=32320, ndraw=40, logz=-1857.24, remainder_fraction=100.0000%, Lmin=-1849.51, Lmax=-28.11
22:32:53 [ultranest] [DEBUG] iteration=670, ncalls=2411, regioncalls=32440, ndraw=40, logz=-1856.16, remainder_fraction=100.0000%, Lmin=-1846.91, Lmax=-28.11
22:32:53 [ultranest] [DEBUG] iteration=671, ncalls=2412, regioncalls=32480, ndraw=40, logz=-1854.50, remainder_fraction=100.0000%, Lmin=-1846.28, Lmax=-28.11
22:32:53 [ultranest] [DEBUG] iteration=672, ncalls=2413, regioncalls=32520, ndraw=40, logz=-1853.58, remainder_fraction=100.0000%, Lmin=-1845.02, Lmax=-28.11
22:32:53 [ultranest] [DEBUG] iteration=673, ncalls=2415, regioncalls=32600, ndraw=40, logz=-1852.43, remainder_fraction=100.0000%, Lmin=-1844.72, Lmax=-28.11
22:32:53 [ultranest] [DEBUG] iteration=674, ncalls=2418, regioncalls=32720, ndraw=40, logz=-1851.78, remainder_fraction=100.0000%, Lmin=-1842.45, Lmax=-28.11
22:32:54 [ultranest] [DEBUG] iteration=677, ncalls=2423, regioncalls=32920, ndraw=40, logz=-1846.23, remainder_fraction=100.0000%, Lmin=-1836.82, Lmax=-28.11
22:32:54 [ultranest] [DEBUG] iteration=681, ncalls=2429, regioncalls=33160, ndraw=40, logz=-1842.62, remainder_fraction=100.0000%, Lmin=-1835.16, Lmax=-28.11
22:32:54 [ultranest] [DEBUG] iteration=685, ncalls=2433, regioncalls=33320, ndraw=40, logz=-1839.97, remainder_fraction=100.0000%, Lmin=-1832.40, Lmax=-28.11
22:32:54 [ultranest] [DEBUG] iteration=686, ncalls=2435, regioncalls=33400, ndraw=40, logz=-1839.39, remainder_fraction=100.0000%, Lmin=-1829.99, Lmax=-28.11
22:32:54 [ultranest] [DEBUG] iteration=687, ncalls=2436, regioncalls=33440, ndraw=40, logz=-1837.61, remainder_fraction=100.0000%, Lmin=-1827.59, Lmax=-28.11
22:32:54 [ultranest] [DEBUG] iteration=688, ncalls=2437, regioncalls=33480, ndraw=40, logz=-1835.29, remainder_fraction=100.0000%, Lmin=-1827.14, Lmax=-28.11
22:32:55 [ultranest] [DEBUG] iteration=689, ncalls=2445, regioncalls=33800, ndraw=40, logz=-1834.42, remainder_fraction=100.0000%, Lmin=-1826.73, Lmax=-28.11
22:32:55 [ultranest] [DEBUG] iteration=692, ncalls=2449, regioncalls=33960, ndraw=40, logz=-1832.77, remainder_fraction=100.0000%, Lmin=-1825.90, Lmax=-28.11
22:32:55 [ultranest] [DEBUG] iteration=695, ncalls=2452, regioncalls=34080, ndraw=40, logz=-1831.35, remainder_fraction=100.0000%, Lmin=-1822.40, Lmax=-28.11
22:32:55 [ultranest] [DEBUG] iteration=699, ncalls=2457, regioncalls=34280, ndraw=40, logz=-1828.03, remainder_fraction=100.0000%, Lmin=-1819.91, Lmax=-28.11
22:32:55 [ultranest] [DEBUG] iteration=702, ncalls=2461, regioncalls=34440, ndraw=40, logz=-1824.26, remainder_fraction=100.0000%, Lmin=-1816.03, Lmax=-28.11
22:32:55 [ultranest] [DEBUG] iteration=705, ncalls=2465, regioncalls=34600, ndraw=40, logz=-1820.99, remainder_fraction=100.0000%, Lmin=-1812.30, Lmax=-28.11
22:32:56 [ultranest] [DEBUG] iteration=708, ncalls=2469, regioncalls=34760, ndraw=40, logz=-1813.44, remainder_fraction=100.0000%, Lmin=-1805.60, Lmax=-28.11
22:32:56 [ultranest] [DEBUG] iteration=710, ncalls=2472, regioncalls=34880, ndraw=40, logz=-1811.77, remainder_fraction=100.0000%, Lmin=-1803.72, Lmax=-28.11
22:32:56 [ultranest] [DEBUG] iteration=713, ncalls=2477, regioncalls=35080, ndraw=40, logz=-1809.29, remainder_fraction=100.0000%, Lmin=-1801.90, Lmax=-28.11
22:32:57 [ultranest] [DEBUG] iteration=716, ncalls=2482, regioncalls=35280, ndraw=40, logz=-1807.27, remainder_fraction=100.0000%, Lmin=-1799.01, Lmax=-28.11
22:32:57 [ultranest] [DEBUG] iteration=719, ncalls=2485, regioncalls=35400, ndraw=40, logz=-1804.93, remainder_fraction=100.0000%, Lmin=-1797.34, Lmax=-28.11
22:32:57 [ultranest] [DEBUG] iteration=722, ncalls=2491, regioncalls=35640, ndraw=40, logz=-1803.09, remainder_fraction=100.0000%, Lmin=-1795.16, Lmax=-28.11
22:32:57 [ultranest] [DEBUG] iteration=723, ncalls=2494, regioncalls=35760, ndraw=40, logz=-1802.35, remainder_fraction=100.0000%, Lmin=-1795.15, Lmax=-28.11
22:32:58 [ultranest] [DEBUG] iteration=724, ncalls=2495, regioncalls=35800, ndraw=40, logz=-1801.92, remainder_fraction=100.0000%, Lmin=-1795.09, Lmax=-28.11
22:32:58 [ultranest] [DEBUG] iteration=726, ncalls=2497, regioncalls=35880, ndraw=40, logz=-1801.11, remainder_fraction=100.0000%, Lmin=-1793.38, Lmax=-28.11
22:32:58 [ultranest] [DEBUG] iteration=728, ncalls=2501, regioncalls=36040, ndraw=40, logz=-1799.68, remainder_fraction=100.0000%, Lmin=-1791.92, Lmax=-28.11
22:32:58 [ultranest] [DEBUG] iteration=731, ncalls=2504, regioncalls=36160, ndraw=40, logz=-1797.09, remainder_fraction=100.0000%, Lmin=-1788.85, Lmax=-28.11
22:32:58 [ultranest] [DEBUG] iteration=734, ncalls=2507, regioncalls=36280, ndraw=40, logz=-1793.23, remainder_fraction=100.0000%, Lmin=-1784.77, Lmax=-28.11
22:32:58 [ultranest] [DEBUG] iteration=736, ncalls=2511, regioncalls=36440, ndraw=40, logz=-1791.63, remainder_fraction=100.0000%, Lmin=-1784.10, Lmax=-28.11
22:32:58 [ultranest] [DEBUG] iteration=738, ncalls=2515, regioncalls=36600, ndraw=40, logz=-1790.43, remainder_fraction=100.0000%, Lmin=-1783.33, Lmax=-28.11
22:32:58 [ultranest] [DEBUG] iteration=740, ncalls=2519, regioncalls=36760, ndraw=40, logz=-1789.50, remainder_fraction=100.0000%, Lmin=-1782.47, Lmax=-28.11
22:32:59 [ultranest] [DEBUG] iteration=741, ncalls=2520, regioncalls=36800, ndraw=40, logz=-1789.13, remainder_fraction=100.0000%, Lmin=-1781.69, Lmax=-28.11
23:30:28 [ultranest] [DEBUG] ReactiveNestedSampler: dims=8+0, resume=True, log_dir=/home/ljy/BettiCurveCosmo/Emulator/model-fof-rsdz/mcmc_result/nwLH-Recovery/39/combined, backend=hdf5, vectorized=False, nbootstraps=30, ndraw=128..65536
23:30:29 [ultranest] [DEBUG] Testing resume consistency: [-1.80007421e+03 -1.48749472e+03  0.00000000e+00  1.33998129e-01
  1.31824937e-01  5.62894693e-01  5.60806091e-01  6.33151702e-01
  6.88052016e-01  1.26290150e-01  9.96522756e-01  1.53599252e-01
  3.52729975e-02  7.25157877e-01  1.02432244e+00  8.53260681e-01
  6.88052016e-01 -1.22422591e+00  9.96522756e+01]: u=[0.13399813 0.13182494 0.56289469 0.56080609 0.6331517  0.68805202
 0.12629015 0.99652276] -> p=[ 1.53599252e-01  3.52729975e-02  7.25157877e-01  1.02432244e+00
  8.53260681e-01  6.88052016e-01 -1.22422591e+00  9.96522756e+01] -> L=-1487.4947239355915 
23:30:29 [ultranest] [INFO] Resuming from 2316 stored points
23:30:29 [ultranest] [DEBUG] run_iter dlogz=0.5, dKL=0.5, frac_remain=0.10, Lepsilon=0.0010, min_ess=400
23:30:29 [ultranest] [DEBUG] max_iters=-1, max_ncalls=-1, max_num_improvement_loops=-1, min_num_live_points=1600, cluster_num_live_points=40
23:30:29 [ultranest] [DEBUG] minimal_widths_sequence: [(-inf, 1600.0), (inf, 1600.0)]
23:30:29 [ultranest] [DEBUG] iteration=0, ncalls=2480, regioncalls=0, ndraw=40, logz=-inf, remainder_fraction=100.0000%, Lmin=-41598.08, Lmax=-28.11
23:30:29 [ultranest] [DEBUG] iteration=32, ncalls=2480, regioncalls=0, ndraw=40, logz=-11183.67, remainder_fraction=100.0000%, Lmin=-10632.03, Lmax=-28.11
23:30:29 [ultranest] [DEBUG] iteration=66, ncalls=2480, regioncalls=0, ndraw=40, logz=-5535.34, remainder_fraction=100.0000%, Lmin=-5515.45, Lmax=-28.11
23:30:30 [ultranest] [DEBUG] iteration=101, ncalls=2480, regioncalls=0, ndraw=40, logz=-4243.39, remainder_fraction=100.0000%, Lmin=-4230.80, Lmax=-28.11
23:30:30 [ultranest] [DEBUG] iteration=133, ncalls=2480, regioncalls=0, ndraw=40, logz=-3605.15, remainder_fraction=100.0000%, Lmin=-3590.43, Lmax=-28.11
23:30:30 [ultranest] [DEBUG] iteration=160, ncalls=2480, regioncalls=0, ndraw=40, logz=-3260.68, remainder_fraction=100.0000%, Lmin=-3244.52, Lmax=-28.11
23:30:30 [ultranest] [DEBUG] iteration=194, ncalls=2480, regioncalls=0, ndraw=40, logz=-2942.14, remainder_fraction=100.0000%, Lmin=-2917.67, Lmax=-28.11
23:30:30 [ultranest] [DEBUG] iteration=239, ncalls=2480, regioncalls=0, ndraw=40, logz=-2689.20, remainder_fraction=100.0000%, Lmin=-2675.32, Lmax=-28.11
23:30:30 [ultranest] [DEBUG] iteration=285, ncalls=2480, regioncalls=0, ndraw=40, logz=-2513.97, remainder_fraction=100.0000%, Lmin=-2506.24, Lmax=-28.11
23:30:30 [ultranest] [DEBUG] iteration=320, ncalls=2480, regioncalls=0, ndraw=40, logz=-2399.57, remainder_fraction=100.0000%, Lmin=-2388.80, Lmax=-28.11
23:30:31 [ultranest] [DEBUG] iteration=358, ncalls=2480, regioncalls=0, ndraw=40, logz=-2304.26, remainder_fraction=100.0000%, Lmin=-2292.92, Lmax=-28.11
23:30:31 [ultranest] [DEBUG] iteration=391, ncalls=2480, regioncalls=0, ndraw=40, logz=-2231.05, remainder_fraction=100.0000%, Lmin=-2219.73, Lmax=-28.11
23:30:31 [ultranest] [DEBUG] iteration=422, ncalls=2480, regioncalls=0, ndraw=40, logz=-2170.61, remainder_fraction=100.0000%, Lmin=-2161.97, Lmax=-28.11
23:30:31 [ultranest] [DEBUG] iteration=453, ncalls=2480, regioncalls=0, ndraw=40, logz=-2122.07, remainder_fraction=100.0000%, Lmin=-2113.60, Lmax=-28.11
23:30:31 [ultranest] [DEBUG] iteration=480, ncalls=2480, regioncalls=0, ndraw=40, logz=-2069.17, remainder_fraction=100.0000%, Lmin=-2058.51, Lmax=-28.11
23:30:31 [ultranest] [DEBUG] iteration=487, ncalls=2480, regioncalls=0, ndraw=40, logz=-2060.12, remainder_fraction=100.0000%, Lmin=-2050.39, Lmax=-28.11
23:30:31 [ultranest] [DEBUG] iteration=495, ncalls=2480, regioncalls=0, ndraw=40, logz=-2045.35, remainder_fraction=100.0000%, Lmin=-2037.22, Lmax=-28.11
23:30:31 [ultranest] [DEBUG] iteration=502, ncalls=2480, regioncalls=0, ndraw=40, logz=-2033.74, remainder_fraction=100.0000%, Lmin=-2026.18, Lmax=-28.11
23:30:31 [ultranest] [DEBUG] iteration=506, ncalls=2480, regioncalls=0, ndraw=40, logz=-2028.43, remainder_fraction=100.0000%, Lmin=-2021.33, Lmax=-28.11
23:30:32 [ultranest] [DEBUG] iteration=512, ncalls=2480, regioncalls=0, ndraw=40, logz=-2018.92, remainder_fraction=100.0000%, Lmin=-2009.62, Lmax=-28.11
23:30:32 [ultranest] [DEBUG] iteration=534, ncalls=2480, regioncalls=0, ndraw=40, logz=-1984.70, remainder_fraction=100.0000%, Lmin=-1975.62, Lmax=-28.11
23:30:32 [ultranest] [DEBUG] iteration=562, ncalls=2480, regioncalls=0, ndraw=40, logz=-1948.55, remainder_fraction=100.0000%, Lmin=-1941.11, Lmax=-28.11
23:30:32 [ultranest] [DEBUG] iteration=588, ncalls=2480, regioncalls=0, ndraw=40, logz=-1919.80, remainder_fraction=100.0000%, Lmin=-1912.05, Lmax=-28.11
23:30:32 [ultranest] [DEBUG] iteration=615, ncalls=2480, regioncalls=0, ndraw=40, logz=-1896.43, remainder_fraction=100.0000%, Lmin=-1887.26, Lmax=-28.11
23:30:32 [ultranest] [DEBUG] iteration=633, ncalls=2480, regioncalls=0, ndraw=40, logz=-1884.99, remainder_fraction=100.0000%, Lmin=-1876.98, Lmax=-28.11
23:30:32 [ultranest] [DEBUG] iteration=640, ncalls=2480, regioncalls=0, ndraw=40, logz=-1880.63, remainder_fraction=100.0000%, Lmin=-1872.39, Lmax=-28.11
23:30:32 [ultranest] [DEBUG] iteration=668, ncalls=2480, regioncalls=0, ndraw=40, logz=-1857.24, remainder_fraction=100.0000%, Lmin=-1849.51, Lmax=-28.11
23:30:32 [ultranest] [DEBUG] iteration=686, ncalls=2480, regioncalls=0, ndraw=40, logz=-1839.39, remainder_fraction=100.0000%, Lmin=-1829.99, Lmax=-28.11
23:30:33 [ultranest] [DEBUG] iteration=716, ncalls=2482, regioncalls=80, ndraw=40, logz=-1807.27, remainder_fraction=100.0000%, Lmin=-1799.01, Lmax=-28.11
23:30:34 [ultranest] [DEBUG] iteration=718, ncalls=2484, regioncalls=160, ndraw=40, logz=-1805.48, remainder_fraction=100.0000%, Lmin=-1797.97, Lmax=-28.11
23:30:34 [ultranest] [DEBUG] iteration=719, ncalls=2486, regioncalls=240, ndraw=40, logz=-1804.93, remainder_fraction=100.0000%, Lmin=-1797.34, Lmax=-28.11
23:30:34 [ultranest] [DEBUG] iteration=720, ncalls=2489, regioncalls=360, ndraw=40, logz=-1804.35, remainder_fraction=100.0000%, Lmin=-1796.61, Lmax=-28.11
23:30:34 [ultranest] [DEBUG] iteration=722, ncalls=2491, regioncalls=440, ndraw=40, logz=-1803.09, remainder_fraction=100.0000%, Lmin=-1795.16, Lmax=-28.11
23:30:34 [ultranest] [DEBUG] iteration=723, ncalls=2492, regioncalls=480, ndraw=40, logz=-1802.35, remainder_fraction=100.0000%, Lmin=-1795.15, Lmax=-28.11
23:30:35 [ultranest] [DEBUG] iteration=725, ncalls=2494, regioncalls=560, ndraw=40, logz=-1801.61, remainder_fraction=100.0000%, Lmin=-1794.23, Lmax=-28.11
23:30:35 [ultranest] [DEBUG] iteration=727, ncalls=2496, regioncalls=640, ndraw=40, logz=-1800.47, remainder_fraction=100.0000%, Lmin=-1792.45, Lmax=-28.11
23:30:35 [ultranest] [DEBUG] iteration=728, ncalls=2497, regioncalls=680, ndraw=40, logz=-1799.68, remainder_fraction=100.0000%, Lmin=-1791.92, Lmax=-28.11
23:30:35 [ultranest] [DEBUG] iteration=729, ncalls=2498, regioncalls=720, ndraw=40, logz=-1799.02, remainder_fraction=100.0000%, Lmin=-1791.39, Lmax=-28.11
23:30:35 [ultranest] [DEBUG] iteration=731, ncalls=2500, regioncalls=800, ndraw=40, logz=-1797.09, remainder_fraction=100.0000%, Lmin=-1788.85, Lmax=-28.11
23:30:35 [ultranest] [DEBUG] iteration=733, ncalls=2502, regioncalls=880, ndraw=40, logz=-1794.16, remainder_fraction=100.0000%, Lmin=-1785.89, Lmax=-28.11
23:30:36 [ultranest] [DEBUG] iteration=734, ncalls=2504, regioncalls=960, ndraw=40, logz=-1793.23, remainder_fraction=100.0000%, Lmin=-1784.77, Lmax=-28.11
23:30:36 [ultranest] [DEBUG] iteration=736, ncalls=2507, regioncalls=1080, ndraw=40, logz=-1791.63, remainder_fraction=100.0000%, Lmin=-1784.10, Lmax=-28.11
23:30:36 [ultranest] [DEBUG] iteration=739, ncalls=2511, regioncalls=1240, ndraw=40, logz=-1790.04, remainder_fraction=100.0000%, Lmin=-1782.52, Lmax=-28.11
23:30:36 [ultranest] [DEBUG] iteration=742, ncalls=2516, regioncalls=1440, ndraw=40, logz=-1788.62, remainder_fraction=100.0000%, Lmin=-1781.14, Lmax=-28.11
23:30:36 [ultranest] [DEBUG] iteration=743, ncalls=2519, regioncalls=1560, ndraw=40, logz=-1788.09, remainder_fraction=100.0000%, Lmin=-1780.88, Lmax=-28.11
23:30:36 [ultranest] [DEBUG] iteration=745, ncalls=2522, regioncalls=1680, ndraw=40, logz=-1787.33, remainder_fraction=100.0000%, Lmin=-1778.93, Lmax=-28.11
23:30:37 [ultranest] [DEBUG] iteration=746, ncalls=2524, regioncalls=1760, ndraw=40, logz=-1786.32, remainder_fraction=100.0000%, Lmin=-1778.19, Lmax=-28.11
23:30:37 [ultranest] [DEBUG] iteration=748, ncalls=2526, regioncalls=1840, ndraw=40, logz=-1784.76, remainder_fraction=100.0000%, Lmin=-1777.58, Lmax=-28.11
23:30:37 [ultranest] [DEBUG] iteration=753, ncalls=2532, regioncalls=2080, ndraw=40, logz=-1780.95, remainder_fraction=100.0000%, Lmin=-1773.44, Lmax=-28.11
23:30:37 [ultranest] [DEBUG] iteration=754, ncalls=2537, regioncalls=2280, ndraw=40, logz=-1780.41, remainder_fraction=100.0000%, Lmin=-1772.95, Lmax=-28.11
23:30:37 [ultranest] [DEBUG] iteration=756, ncalls=2540, regioncalls=2400, ndraw=40, logz=-1779.11, remainder_fraction=100.0000%, Lmin=-1771.86, Lmax=-28.11
23:30:37 [ultranest] [DEBUG] iteration=758, ncalls=2542, regioncalls=2480, ndraw=40, logz=-1778.30, remainder_fraction=100.0000%, Lmin=-1770.95, Lmax=-28.11
23:30:37 [ultranest] [DEBUG] iteration=759, ncalls=2546, regioncalls=2640, ndraw=40, logz=-1777.83, remainder_fraction=100.0000%, Lmin=-1770.19, Lmax=-28.11
23:30:38 [ultranest] [DEBUG] iteration=760, ncalls=2549, regioncalls=2760, ndraw=40, logz=-1777.23, remainder_fraction=100.0000%, Lmin=-1767.85, Lmax=-28.11
23:30:38 [ultranest] [DEBUG] iteration=764, ncalls=2554, regioncalls=2960, ndraw=40, logz=-1773.65, remainder_fraction=100.0000%, Lmin=-1766.28, Lmax=-28.11
23:30:38 [ultranest] [DEBUG] iteration=766, ncalls=2557, regioncalls=3080, ndraw=40, logz=-1772.60, remainder_fraction=100.0000%, Lmin=-1765.56, Lmax=-28.11
23:30:38 [ultranest] [DEBUG] iteration=767, ncalls=2559, regioncalls=3160, ndraw=40, logz=-1772.23, remainder_fraction=100.0000%, Lmin=-1764.88, Lmax=-28.11
23:30:39 [ultranest] [DEBUG] iteration=768, ncalls=2561, regioncalls=3240, ndraw=40, logz=-1771.76, remainder_fraction=100.0000%, Lmin=-1764.63, Lmax=-28.11
23:30:39 [ultranest] [DEBUG] iteration=769, ncalls=2562, regioncalls=3280, ndraw=40, logz=-1771.37, remainder_fraction=100.0000%, Lmin=-1763.88, Lmax=-28.11
23:30:39 [ultranest] [DEBUG] iteration=770, ncalls=2565, regioncalls=3400, ndraw=40, logz=-1770.84, remainder_fraction=100.0000%, Lmin=-1763.75, Lmax=-28.11
23:30:39 [ultranest] [DEBUG] iteration=772, ncalls=2569, regioncalls=3560, ndraw=40, logz=-1769.52, remainder_fraction=100.0000%, Lmin=-1761.80, Lmax=-28.11
23:30:39 [ultranest] [DEBUG] iteration=773, ncalls=2571, regioncalls=3640, ndraw=40, logz=-1768.89, remainder_fraction=100.0000%, Lmin=-1759.63, Lmax=-28.11
23:30:40 [ultranest] [DEBUG] iteration=774, ncalls=2575, regioncalls=3800, ndraw=40, logz=-1767.27, remainder_fraction=100.0000%, Lmin=-1759.44, Lmax=-28.11
23:30:40 [ultranest] [DEBUG] iteration=775, ncalls=2576, regioncalls=3840, ndraw=40, logz=-1766.59, remainder_fraction=100.0000%, Lmin=-1757.72, Lmax=-28.11
23:30:40 [ultranest] [DEBUG] iteration=777, ncalls=2578, regioncalls=3920, ndraw=40, logz=-1762.79, remainder_fraction=100.0000%, Lmin=-1754.81, Lmax=-28.11
23:30:40 [ultranest] [DEBUG] iteration=781, ncalls=2582, regioncalls=4080, ndraw=40, logz=-1760.45, remainder_fraction=100.0000%, Lmin=-1753.66, Lmax=-28.11
23:30:40 [ultranest] [DEBUG] iteration=784, ncalls=2585, regioncalls=4200, ndraw=40, logz=-1759.53, remainder_fraction=100.0000%, Lmin=-1751.54, Lmax=-28.11
23:30:40 [ultranest] [DEBUG] iteration=787, ncalls=2590, regioncalls=4400, ndraw=40, logz=-1757.53, remainder_fraction=100.0000%, Lmin=-1750.12, Lmax=-28.11
23:30:40 [ultranest] [DEBUG] iteration=788, ncalls=2592, regioncalls=4480, ndraw=40, logz=-1757.04, remainder_fraction=100.0000%, Lmin=-1749.47, Lmax=-28.11
23:30:41 [ultranest] [DEBUG] iteration=790, ncalls=2595, regioncalls=4600, ndraw=40, logz=-1756.12, remainder_fraction=100.0000%, Lmin=-1749.41, Lmax=-28.11
23:30:41 [ultranest] [DEBUG] iteration=792, ncalls=2598, regioncalls=4720, ndraw=40, logz=-1755.59, remainder_fraction=100.0000%, Lmin=-1748.74, Lmax=-28.11
23:30:41 [ultranest] [DEBUG] iteration=794, ncalls=2600, regioncalls=4800, ndraw=40, logz=-1754.86, remainder_fraction=100.0000%, Lmin=-1747.57, Lmax=-28.11
23:30:41 [ultranest] [DEBUG] iteration=795, ncalls=2602, regioncalls=4880, ndraw=40, logz=-1754.42, remainder_fraction=100.0000%, Lmin=-1747.57, Lmax=-28.11
23:30:41 [ultranest] [DEBUG] iteration=796, ncalls=2604, regioncalls=4960, ndraw=40, logz=-1754.11, remainder_fraction=100.0000%, Lmin=-1747.44, Lmax=-28.11
23:30:41 [ultranest] [DEBUG] iteration=797, ncalls=2606, regioncalls=5040, ndraw=40, logz=-1753.85, remainder_fraction=100.0000%, Lmin=-1746.71, Lmax=-28.11
23:30:41 [ultranest] [DEBUG] iteration=798, ncalls=2607, regioncalls=5080, ndraw=40, logz=-1753.46, remainder_fraction=100.0000%, Lmin=-1746.46, Lmax=-28.11
23:30:42 [ultranest] [DEBUG] iteration=799, ncalls=2609, regioncalls=5160, ndraw=40, logz=-1753.11, remainder_fraction=100.0000%, Lmin=-1746.44, Lmax=-28.11
23:30:42 [ultranest] [DEBUG] iteration=800, ncalls=2613, regioncalls=5320, ndraw=40, logz=-1752.85, remainder_fraction=100.0000%, Lmin=-1745.81, Lmax=-28.11
23:30:42 [ultranest] [DEBUG] iteration=803, ncalls=2618, regioncalls=5520, ndraw=40, logz=-1751.80, remainder_fraction=100.0000%, Lmin=-1744.86, Lmax=-28.11
23:30:42 [ultranest] [DEBUG] iteration=804, ncalls=2619, regioncalls=5560, ndraw=40, logz=-1751.47, remainder_fraction=100.0000%, Lmin=-1744.58, Lmax=-28.11
23:30:42 [ultranest] [DEBUG] iteration=805, ncalls=2622, regioncalls=5680, ndraw=40, logz=-1751.15, remainder_fraction=100.0000%, Lmin=-1744.48, Lmax=-28.11
23:30:42 [ultranest] [DEBUG] iteration=808, ncalls=2626, regioncalls=5840, ndraw=40, logz=-1749.97, remainder_fraction=100.0000%, Lmin=-1742.67, Lmax=-28.11
23:30:43 [ultranest] [DEBUG] iteration=810, ncalls=2630, regioncalls=6000, ndraw=40, logz=-1749.00, remainder_fraction=100.0000%, Lmin=-1741.98, Lmax=-28.11
23:30:43 [ultranest] [DEBUG] iteration=811, ncalls=2632, regioncalls=6080, ndraw=40, logz=-1748.65, remainder_fraction=100.0000%, Lmin=-1741.94, Lmax=-28.11
23:30:43 [ultranest] [DEBUG] iteration=813, ncalls=2636, regioncalls=6240, ndraw=40, logz=-1748.12, remainder_fraction=100.0000%, Lmin=-1741.66, Lmax=-28.11
23:30:43 [ultranest] [DEBUG] iteration=815, ncalls=2642, regioncalls=6480, ndraw=40, logz=-1747.73, remainder_fraction=100.0000%, Lmin=-1741.42, Lmax=-28.11
23:30:43 [ultranest] [DEBUG] iteration=816, ncalls=2645, regioncalls=6600, ndraw=40, logz=-1747.54, remainder_fraction=100.0000%, Lmin=-1741.32, Lmax=-28.11
23:30:43 [ultranest] [DEBUG] iteration=818, ncalls=2647, regioncalls=6680, ndraw=40, logz=-1747.11, remainder_fraction=100.0000%, Lmin=-1740.33, Lmax=-28.11
23:30:44 [ultranest] [DEBUG] iteration=819, ncalls=2648, regioncalls=6720, ndraw=40, logz=-1746.83, remainder_fraction=100.0000%, Lmin=-1739.84, Lmax=-28.11
23:30:44 [ultranest] [DEBUG] iteration=820, ncalls=2649, regioncalls=6760, ndraw=40, logz=-1746.49, remainder_fraction=100.0000%, Lmin=-1739.61, Lmax=-28.11
23:30:44 [ultranest] [DEBUG] iteration=824, ncalls=2653, regioncalls=6920, ndraw=40, logz=-1743.93, remainder_fraction=100.0000%, Lmin=-1736.62, Lmax=-28.11
23:30:44 [ultranest] [DEBUG] iteration=828, ncalls=2657, regioncalls=7080, ndraw=40, logz=-1741.97, remainder_fraction=100.0000%, Lmin=-1734.27, Lmax=-28.11
23:30:44 [ultranest] [DEBUG] iteration=831, ncalls=2661, regioncalls=7240, ndraw=40, logz=-1740.28, remainder_fraction=100.0000%, Lmin=-1732.55, Lmax=-28.11
23:30:44 [ultranest] [DEBUG] iteration=832, ncalls=2667, regioncalls=7480, ndraw=40, logz=-1739.67, remainder_fraction=100.0000%, Lmin=-1731.63, Lmax=-28.11
23:30:44 [ultranest] [DEBUG] iteration=834, ncalls=2671, regioncalls=7640, ndraw=40, logz=-1738.47, remainder_fraction=100.0000%, Lmin=-1730.69, Lmax=-28.11
23:30:45 [ultranest] [DEBUG] iteration=838, ncalls=2677, regioncalls=7880, ndraw=40, logz=-1736.05, remainder_fraction=100.0000%, Lmin=-1728.61, Lmax=-28.11
23:30:45 [ultranest] [DEBUG] iteration=840, ncalls=2683, regioncalls=8120, ndraw=40, logz=-1735.12, remainder_fraction=100.0000%, Lmin=-1727.89, Lmax=-28.11
23:30:45 [ultranest] [DEBUG] iteration=841, ncalls=2686, regioncalls=8240, ndraw=40, logz=-1734.71, remainder_fraction=100.0000%, Lmin=-1726.97, Lmax=-28.11
23:30:45 [ultranest] [DEBUG] iteration=844, ncalls=2690, regioncalls=8400, ndraw=40, logz=-1732.92, remainder_fraction=100.0000%, Lmin=-1725.62, Lmax=-28.11
23:30:45 [ultranest] [DEBUG] iteration=845, ncalls=2693, regioncalls=8520, ndraw=40, logz=-1732.48, remainder_fraction=100.0000%, Lmin=-1725.57, Lmax=-28.11
23:30:45 [ultranest] [DEBUG] iteration=846, ncalls=2694, regioncalls=8560, ndraw=40, logz=-1732.17, remainder_fraction=100.0000%, Lmin=-1724.80, Lmax=-28.11
23:30:45 [ultranest] [DEBUG] iteration=847, ncalls=2698, regioncalls=8720, ndraw=40, logz=-1731.71, remainder_fraction=100.0000%, Lmin=-1724.17, Lmax=-28.11
23:30:46 [ultranest] [DEBUG] iteration=849, ncalls=2701, regioncalls=8840, ndraw=40, logz=-1730.71, remainder_fraction=100.0000%, Lmin=-1723.57, Lmax=-28.11
23:30:46 [ultranest] [DEBUG] iteration=850, ncalls=2702, regioncalls=8880, ndraw=40, logz=-1730.33, remainder_fraction=100.0000%, Lmin=-1722.94, Lmax=-28.11
23:30:46 [ultranest] [DEBUG] iteration=851, ncalls=2704, regioncalls=8960, ndraw=40, logz=-1729.86, remainder_fraction=100.0000%, Lmin=-1722.64, Lmax=-28.11
23:30:46 [ultranest] [DEBUG] iteration=853, ncalls=2706, regioncalls=9040, ndraw=40, logz=-1729.14, remainder_fraction=100.0000%, Lmin=-1722.50, Lmax=-28.11
23:30:46 [ultranest] [DEBUG] iteration=854, ncalls=2708, regioncalls=9120, ndraw=40, logz=-1728.89, remainder_fraction=100.0000%, Lmin=-1722.15, Lmax=-28.11
23:30:46 [ultranest] [DEBUG] iteration=857, ncalls=2711, regioncalls=9240, ndraw=40, logz=-1727.35, remainder_fraction=100.0000%, Lmin=-1719.66, Lmax=-28.11
23:30:47 [ultranest] [DEBUG] iteration=858, ncalls=2712, regioncalls=9280, ndraw=40, logz=-1726.77, remainder_fraction=100.0000%, Lmin=-1718.52, Lmax=-28.11
23:30:47 [ultranest] [DEBUG] iteration=860, ncalls=2714, regioncalls=9360, ndraw=40, logz=-1725.04, remainder_fraction=100.0000%, Lmin=-1717.66, Lmax=-28.11
23:30:47 [ultranest] [DEBUG] iteration=862, ncalls=2717, regioncalls=9480, ndraw=40, logz=-1724.11, remainder_fraction=100.0000%, Lmin=-1716.93, Lmax=-28.11
23:30:47 [ultranest] [DEBUG] iteration=865, ncalls=2721, regioncalls=9640, ndraw=40, logz=-1722.75, remainder_fraction=100.0000%, Lmin=-1715.43, Lmax=-28.11
23:30:47 [ultranest] [DEBUG] iteration=867, ncalls=2723, regioncalls=9720, ndraw=40, logz=-1721.88, remainder_fraction=100.0000%, Lmin=-1714.53, Lmax=-28.11
23:30:47 [ultranest] [DEBUG] iteration=868, ncalls=2724, regioncalls=9760, ndraw=40, logz=-1721.43, remainder_fraction=100.0000%, Lmin=-1713.86, Lmax=-28.11
23:30:48 [ultranest] [DEBUG] iteration=869, ncalls=2725, regioncalls=9800, ndraw=40, logz=-1720.89, remainder_fraction=100.0000%, Lmin=-1713.36, Lmax=-28.11
23:30:48 [ultranest] [DEBUG] iteration=871, ncalls=2729, regioncalls=9960, ndraw=40, logz=-1719.94, remainder_fraction=100.0000%, Lmin=-1712.80, Lmax=-28.11
23:30:48 [ultranest] [DEBUG] iteration=873, ncalls=2732, regioncalls=10080, ndraw=40, logz=-1719.15, remainder_fraction=100.0000%, Lmin=-1711.82, Lmax=-28.11
23:30:48 [ultranest] [DEBUG] iteration=874, ncalls=2736, regioncalls=10240, ndraw=40, logz=-1718.71, remainder_fraction=100.0000%, Lmin=-1711.11, Lmax=-28.11
23:30:48 [ultranest] [DEBUG] iteration=876, ncalls=2742, regioncalls=10480, ndraw=40, logz=-1717.62, remainder_fraction=100.0000%, Lmin=-1710.29, Lmax=-28.11
23:30:48 [ultranest] [DEBUG] iteration=877, ncalls=2746, regioncalls=10640, ndraw=40, logz=-1717.18, remainder_fraction=100.0000%, Lmin=-1710.18, Lmax=-28.11
23:30:49 [ultranest] [DEBUG] iteration=880, ncalls=2749, regioncalls=10760, ndraw=40, logz=-1716.18, remainder_fraction=100.0000%, Lmin=-1708.40, Lmax=-28.11
23:30:49 [ultranest] [DEBUG] iteration=882, ncalls=2752, regioncalls=10880, ndraw=40, logz=-1714.29, remainder_fraction=100.0000%, Lmin=-1706.66, Lmax=-28.11
23:30:49 [ultranest] [DEBUG] iteration=886, ncalls=2756, regioncalls=11040, ndraw=40, logz=-1712.37, remainder_fraction=100.0000%, Lmin=-1704.88, Lmax=-28.11
23:30:49 [ultranest] [DEBUG] iteration=888, ncalls=2759, regioncalls=11160, ndraw=40, logz=-1711.52, remainder_fraction=100.0000%, Lmin=-1704.31, Lmax=-28.11
23:30:49 [ultranest] [DEBUG] iteration=891, ncalls=2764, regioncalls=11360, ndraw=40, logz=-1710.59, remainder_fraction=100.0000%, Lmin=-1704.06, Lmax=-28.11
23:30:49 [ultranest] [DEBUG] iteration=894, ncalls=2768, regioncalls=11520, ndraw=40, logz=-1709.46, remainder_fraction=100.0000%, Lmin=-1702.43, Lmax=-28.11
23:30:49 [ultranest] [DEBUG] iteration=897, ncalls=2772, regioncalls=11680, ndraw=40, logz=-1708.60, remainder_fraction=100.0000%, Lmin=-1701.02, Lmax=-28.11
23:30:49 [ultranest] [DEBUG] iteration=898, ncalls=2773, regioncalls=11720, ndraw=40, logz=-1708.07, remainder_fraction=100.0000%, Lmin=-1700.96, Lmax=-28.11
23:30:50 [ultranest] [DEBUG] iteration=899, ncalls=2775, regioncalls=11800, ndraw=40, logz=-1707.71, remainder_fraction=100.0000%, Lmin=-1700.79, Lmax=-28.11
23:30:50 [ultranest] [DEBUG] iteration=902, ncalls=2779, regioncalls=11960, ndraw=40, logz=-1706.83, remainder_fraction=100.0000%, Lmin=-1700.01, Lmax=-28.11
23:30:50 [ultranest] [DEBUG] iteration=905, ncalls=2787, regioncalls=12280, ndraw=40, logz=-1706.03, remainder_fraction=100.0000%, Lmin=-1698.62, Lmax=-28.11
23:30:50 [ultranest] [DEBUG] iteration=907, ncalls=2791, regioncalls=12440, ndraw=40, logz=-1705.03, remainder_fraction=100.0000%, Lmin=-1697.55, Lmax=-28.11
23:30:50 [ultranest] [DEBUG] iteration=909, ncalls=2793, regioncalls=12520, ndraw=40, logz=-1704.20, remainder_fraction=100.0000%, Lmin=-1696.00, Lmax=-28.11
23:30:50 [ultranest] [DEBUG] iteration=911, ncalls=2795, regioncalls=12600, ndraw=40, logz=-1702.89, remainder_fraction=100.0000%, Lmin=-1695.65, Lmax=-28.11
23:30:51 [ultranest] [DEBUG] iteration=912, ncalls=2796, regioncalls=12640, ndraw=40, logz=-1702.49, remainder_fraction=100.0000%, Lmin=-1695.60, Lmax=-28.11
23:30:51 [ultranest] [DEBUG] iteration=913, ncalls=2797, regioncalls=12680, ndraw=40, logz=-1702.19, remainder_fraction=100.0000%, Lmin=-1695.57, Lmax=-28.11
23:30:51 [ultranest] [DEBUG] iteration=914, ncalls=2798, regioncalls=12720, ndraw=40, logz=-1701.96, remainder_fraction=100.0000%, Lmin=-1695.47, Lmax=-28.11
23:30:51 [ultranest] [DEBUG] iteration=915, ncalls=2799, regioncalls=12760, ndraw=40, logz=-1701.75, remainder_fraction=100.0000%, Lmin=-1695.32, Lmax=-28.11
23:30:51 [ultranest] [DEBUG] iteration=916, ncalls=2801, regioncalls=12840, ndraw=40, logz=-1701.55, remainder_fraction=100.0000%, Lmin=-1694.89, Lmax=-28.11
23:30:51 [ultranest] [DEBUG] iteration=917, ncalls=2802, regioncalls=12880, ndraw=40, logz=-1701.31, remainder_fraction=100.0000%, Lmin=-1694.73, Lmax=-28.11
23:30:51 [ultranest] [DEBUG] iteration=918, ncalls=2803, regioncalls=12920, ndraw=40, logz=-1701.08, remainder_fraction=100.0000%, Lmin=-1694.14, Lmax=-28.11
23:30:52 [ultranest] [DEBUG] iteration=919, ncalls=2805, regioncalls=13000, ndraw=40, logz=-1700.77, remainder_fraction=100.0000%, Lmin=-1694.11, Lmax=-28.11
23:30:52 [ultranest] [DEBUG] iteration=920, ncalls=2809, regioncalls=13160, ndraw=40, logz=-1700.53, remainder_fraction=100.0000%, Lmin=-1694.00, Lmax=-28.11
23:30:52 [ultranest] [DEBUG] iteration=921, ncalls=2811, regioncalls=13240, ndraw=40, logz=-1700.31, remainder_fraction=100.0000%, Lmin=-1693.91, Lmax=-28.11
23:30:53 [ultranest] [DEBUG] iteration=922, ncalls=2812, regioncalls=13280, ndraw=40, logz=-1700.12, remainder_fraction=100.0000%, Lmin=-1692.71, Lmax=-28.11
23:30:53 [ultranest] [DEBUG] iteration=923, ncalls=2813, regioncalls=13320, ndraw=40, logz=-1699.66, remainder_fraction=100.0000%, Lmin=-1692.50, Lmax=-28.11
23:30:53 [ultranest] [DEBUG] iteration=924, ncalls=2814, regioncalls=13360, ndraw=40, logz=-1699.29, remainder_fraction=100.0000%, Lmin=-1692.43, Lmax=-28.11
23:30:53 [ultranest] [DEBUG] iteration=925, ncalls=2817, regioncalls=13480, ndraw=40, logz=-1699.00, remainder_fraction=100.0000%, Lmin=-1692.36, Lmax=-28.11
23:30:53 [ultranest] [DEBUG] iteration=926, ncalls=2818, regioncalls=13520, ndraw=40, logz=-1698.76, remainder_fraction=100.0000%, Lmin=-1692.24, Lmax=-28.11
23:30:54 [ultranest] [DEBUG] iteration=927, ncalls=2820, regioncalls=13600, ndraw=40, logz=-1698.55, remainder_fraction=100.0000%, Lmin=-1691.78, Lmax=-28.11
23:30:54 [ultranest] [DEBUG] iteration=928, ncalls=2822, regioncalls=13680, ndraw=40, logz=-1698.28, remainder_fraction=100.0000%, Lmin=-1691.52, Lmax=-28.11
23:30:54 [ultranest] [DEBUG] iteration=929, ncalls=2823, regioncalls=13720, ndraw=40, logz=-1698.02, remainder_fraction=100.0000%, Lmin=-1691.19, Lmax=-28.11
23:30:54 [ultranest] [DEBUG] iteration=932, ncalls=2829, regioncalls=13960, ndraw=40, logz=-1697.30, remainder_fraction=100.0000%, Lmin=-1690.53, Lmax=-28.11
23:30:54 [ultranest] [DEBUG] iteration=934, ncalls=2833, regioncalls=14120, ndraw=40, logz=-1696.77, remainder_fraction=100.0000%, Lmin=-1690.20, Lmax=-28.11
23:30:55 [ultranest] [DEBUG] iteration=935, ncalls=2834, regioncalls=14160, ndraw=40, logz=-1696.55, remainder_fraction=100.0000%, Lmin=-1690.00, Lmax=-28.11
23:30:55 [ultranest] [DEBUG] iteration=936, ncalls=2835, regioncalls=14200, ndraw=40, logz=-1696.33, remainder_fraction=100.0000%, Lmin=-1689.92, Lmax=-28.11
23:30:55 [ultranest] [DEBUG] iteration=937, ncalls=2837, regioncalls=14280, ndraw=40, logz=-1696.14, remainder_fraction=100.0000%, Lmin=-1689.69, Lmax=-28.11
23:30:55 [ultranest] [DEBUG] iteration=938, ncalls=2838, regioncalls=14320, ndraw=40, logz=-1695.94, remainder_fraction=100.0000%, Lmin=-1689.44, Lmax=-28.11
23:30:55 [ultranest] [DEBUG] iteration=939, ncalls=2839, regioncalls=14360, ndraw=40, logz=-1695.73, remainder_fraction=100.0000%, Lmin=-1689.08, Lmax=-28.11
23:30:56 [ultranest] [DEBUG] iteration=941, ncalls=2845, regioncalls=14600, ndraw=40, logz=-1695.26, remainder_fraction=100.0000%, Lmin=-1688.72, Lmax=-28.11
23:30:56 [ultranest] [DEBUG] iteration=942, ncalls=2847, regioncalls=14680, ndraw=40, logz=-1695.05, remainder_fraction=100.0000%, Lmin=-1688.54, Lmax=-28.11
23:30:56 [ultranest] [DEBUG] iteration=943, ncalls=2848, regioncalls=14720, ndraw=40, logz=-1694.84, remainder_fraction=100.0000%, Lmin=-1688.51, Lmax=-28.11
23:30:56 [ultranest] [DEBUG] iteration=945, ncalls=2851, regioncalls=14840, ndraw=40, logz=-1694.50, remainder_fraction=100.0000%, Lmin=-1688.02, Lmax=-28.11
23:30:56 [ultranest] [DEBUG] iteration=946, ncalls=2854, regioncalls=14960, ndraw=40, logz=-1694.30, remainder_fraction=100.0000%, Lmin=-1687.62, Lmax=-28.11
23:30:57 [ultranest] [DEBUG] iteration=948, ncalls=2856, regioncalls=15040, ndraw=40, logz=-1693.86, remainder_fraction=100.0000%, Lmin=-1687.25, Lmax=-28.11
23:30:57 [ultranest] [DEBUG] iteration=951, ncalls=2861, regioncalls=15240, ndraw=40, logz=-1693.20, remainder_fraction=100.0000%, Lmin=-1686.90, Lmax=-28.11
23:30:57 [ultranest] [DEBUG] iteration=956, ncalls=2869, regioncalls=15560, ndraw=40, logz=-1690.85, remainder_fraction=100.0000%, Lmin=-1682.74, Lmax=-28.11
23:30:57 [ultranest] [DEBUG] iteration=960, ncalls=2874, regioncalls=15760, ndraw=40, logz=-1688.72, remainder_fraction=100.0000%, Lmin=-1681.89, Lmax=-28.11
23:30:57 [ultranest] [DEBUG] iteration=962, ncalls=2880, regioncalls=16000, ndraw=40, logz=-1688.21, remainder_fraction=100.0000%, Lmin=-1681.44, Lmax=-28.11
23:30:57 [ultranest] [DEBUG] iteration=965, ncalls=2884, regioncalls=16160, ndraw=40, logz=-1686.51, remainder_fraction=100.0000%, Lmin=-1678.99, Lmax=-28.11
23:30:57 [ultranest] [DEBUG] iteration=968, ncalls=2889, regioncalls=16360, ndraw=40, logz=-1685.15, remainder_fraction=100.0000%, Lmin=-1678.23, Lmax=-28.11
23:30:57 [ultranest] [DEBUG] iteration=972, ncalls=2894, regioncalls=16560, ndraw=40, logz=-1683.94, remainder_fraction=100.0000%, Lmin=-1677.13, Lmax=-28.11
23:30:58 [ultranest] [DEBUG] iteration=975, ncalls=2898, regioncalls=16720, ndraw=40, logz=-1683.03, remainder_fraction=100.0000%, Lmin=-1675.87, Lmax=-28.11
23:30:58 [ultranest] [DEBUG] iteration=977, ncalls=2904, regioncalls=16960, ndraw=40, logz=-1682.36, remainder_fraction=100.0000%, Lmin=-1675.46, Lmax=-28.11
23:30:58 [ultranest] [DEBUG] iteration=980, ncalls=2909, regioncalls=17160, ndraw=40, logz=-1681.38, remainder_fraction=100.0000%, Lmin=-1674.29, Lmax=-28.11
23:30:58 [ultranest] [DEBUG] iteration=983, ncalls=2914, regioncalls=17360, ndraw=40, logz=-1680.14, remainder_fraction=100.0000%, Lmin=-1673.12, Lmax=-28.11
23:30:58 [ultranest] [DEBUG] iteration=987, ncalls=2918, regioncalls=17520, ndraw=40, logz=-1678.89, remainder_fraction=100.0000%, Lmin=-1671.77, Lmax=-28.11
23:30:58 [ultranest] [DEBUG] iteration=989, ncalls=2921, regioncalls=17640, ndraw=40, logz=-1678.25, remainder_fraction=100.0000%, Lmin=-1670.96, Lmax=-28.11
23:30:58 [ultranest] [DEBUG] iteration=991, ncalls=2923, regioncalls=17720, ndraw=40, logz=-1677.46, remainder_fraction=100.0000%, Lmin=-1670.22, Lmax=-28.11
23:30:59 [ultranest] [DEBUG] iteration=992, ncalls=2925, regioncalls=17800, ndraw=40, logz=-1677.08, remainder_fraction=100.0000%, Lmin=-1669.87, Lmax=-28.11
23:30:59 [ultranest] [DEBUG] iteration=993, ncalls=2927, regioncalls=17880, ndraw=40, logz=-1676.70, remainder_fraction=100.0000%, Lmin=-1669.71, Lmax=-28.11
23:30:59 [ultranest] [DEBUG] iteration=994, ncalls=2929, regioncalls=17960, ndraw=40, logz=-1676.39, remainder_fraction=100.0000%, Lmin=-1669.34, Lmax=-28.11
23:30:59 [ultranest] [DEBUG] iteration=996, ncalls=2932, regioncalls=18080, ndraw=40, logz=-1675.65, remainder_fraction=100.0000%, Lmin=-1668.49, Lmax=-28.11
23:30:59 [ultranest] [DEBUG] iteration=998, ncalls=2937, regioncalls=18280, ndraw=40, logz=-1674.94, remainder_fraction=100.0000%, Lmin=-1668.12, Lmax=-28.11
23:31:00 [ultranest] [DEBUG] iteration=1001, ncalls=2940, regioncalls=18400, ndraw=40, logz=-1674.02, remainder_fraction=100.0000%, Lmin=-1666.71, Lmax=-28.11
23:31:00 [ultranest] [DEBUG] iteration=1002, ncalls=2942, regioncalls=18480, ndraw=40, logz=-1673.61, remainder_fraction=100.0000%, Lmin=-1666.48, Lmax=-28.11
23:31:00 [ultranest] [DEBUG] iteration=1004, ncalls=2945, regioncalls=18600, ndraw=40, logz=-1672.92, remainder_fraction=100.0000%, Lmin=-1666.15, Lmax=-28.11
23:31:00 [ultranest] [DEBUG] iteration=1005, ncalls=2947, regioncalls=18680, ndraw=40, logz=-1672.67, remainder_fraction=100.0000%, Lmin=-1665.99, Lmax=-28.11
23:31:00 [ultranest] [DEBUG] iteration=1007, ncalls=2950, regioncalls=18800, ndraw=40, logz=-1672.24, remainder_fraction=100.0000%, Lmin=-1665.86, Lmax=-28.11
23:31:00 [ultranest] [DEBUG] iteration=1008, ncalls=2951, regioncalls=18840, ndraw=40, logz=-1672.06, remainder_fraction=100.0000%, Lmin=-1665.63, Lmax=-28.11
23:31:01 [ultranest] [DEBUG] iteration=1011, ncalls=2954, regioncalls=18960, ndraw=40, logz=-1671.55, remainder_fraction=100.0000%, Lmin=-1665.43, Lmax=-28.11
23:31:01 [ultranest] [DEBUG] iteration=1014, ncalls=2958, regioncalls=19120, ndraw=40, logz=-1670.90, remainder_fraction=100.0000%, Lmin=-1664.02, Lmax=-28.11
23:31:01 [ultranest] [DEBUG] iteration=1015, ncalls=2960, regioncalls=19200, ndraw=40, logz=-1670.62, remainder_fraction=100.0000%, Lmin=-1663.96, Lmax=-28.11
23:31:01 [ultranest] [DEBUG] iteration=1019, ncalls=2965, regioncalls=19400, ndraw=40, logz=-1669.79, remainder_fraction=100.0000%, Lmin=-1663.47, Lmax=-28.11
23:31:01 [ultranest] [DEBUG] iteration=1020, ncalls=2968, regioncalls=19520, ndraw=40, logz=-1669.63, remainder_fraction=100.0000%, Lmin=-1663.13, Lmax=-28.11
23:31:02 [ultranest] [DEBUG] iteration=1022, ncalls=2970, regioncalls=19600, ndraw=40, logz=-1669.26, remainder_fraction=100.0000%, Lmin=-1662.89, Lmax=-28.11
23:31:02 [ultranest] [DEBUG] iteration=1023, ncalls=2972, regioncalls=19680, ndraw=40, logz=-1669.08, remainder_fraction=100.0000%, Lmin=-1662.19, Lmax=-28.11
23:31:02 [ultranest] [DEBUG] iteration=1024, ncalls=2973, regioncalls=19720, ndraw=40, logz=-1668.80, remainder_fraction=100.0000%, Lmin=-1661.99, Lmax=-28.11
23:31:02 [ultranest] [DEBUG] iteration=1025, ncalls=2974, regioncalls=19760, ndraw=40, logz=-1668.54, remainder_fraction=100.0000%, Lmin=-1661.37, Lmax=-28.11
23:31:02 [ultranest] [DEBUG] iteration=1027, ncalls=2977, regioncalls=19880, ndraw=40, logz=-1667.88, remainder_fraction=100.0000%, Lmin=-1660.98, Lmax=-28.11
23:31:02 [ultranest] [DEBUG] iteration=1028, ncalls=2978, regioncalls=19920, ndraw=40, logz=-1667.60, remainder_fraction=100.0000%, Lmin=-1660.82, Lmax=-28.11
23:31:03 [ultranest] [DEBUG] iteration=1029, ncalls=2980, regioncalls=20000, ndraw=40, logz=-1667.34, remainder_fraction=100.0000%, Lmin=-1660.51, Lmax=-28.11
23:31:03 [ultranest] [DEBUG] iteration=1030, ncalls=2981, regioncalls=20040, ndraw=40, logz=-1667.08, remainder_fraction=100.0000%, Lmin=-1660.48, Lmax=-28.11
23:31:03 [ultranest] [DEBUG] iteration=1031, ncalls=2982, regioncalls=20080, ndraw=40, logz=-1666.86, remainder_fraction=100.0000%, Lmin=-1660.31, Lmax=-28.11
23:31:03 [ultranest] [DEBUG] iteration=1032, ncalls=2983, regioncalls=20120, ndraw=40, logz=-1666.65, remainder_fraction=100.0000%, Lmin=-1659.82, Lmax=-28.11
23:31:03 [ultranest] [DEBUG] iteration=1035, ncalls=2987, regioncalls=20280, ndraw=40, logz=-1666.00, remainder_fraction=100.0000%, Lmin=-1659.26, Lmax=-28.11
23:31:03 [ultranest] [DEBUG] iteration=1036, ncalls=2991, regioncalls=20440, ndraw=40, logz=-1665.75, remainder_fraction=100.0000%, Lmin=-1659.01, Lmax=-28.11
23:31:04 [ultranest] [DEBUG] iteration=1038, ncalls=2995, regioncalls=20600, ndraw=40, logz=-1665.21, remainder_fraction=100.0000%, Lmin=-1658.03, Lmax=-28.11
23:31:04 [ultranest] [DEBUG] iteration=1040, ncalls=3000, regioncalls=20800, ndraw=40, logz=-1664.58, remainder_fraction=100.0000%, Lmin=-1657.72, Lmax=-28.11
23:31:04 [ultranest] [DEBUG] iteration=1043, ncalls=3007, regioncalls=21080, ndraw=40, logz=-1663.87, remainder_fraction=100.0000%, Lmin=-1657.43, Lmax=-28.11
23:31:04 [ultranest] [DEBUG] iteration=1045, ncalls=3011, regioncalls=21240, ndraw=40, logz=-1663.45, remainder_fraction=100.0000%, Lmin=-1656.86, Lmax=-28.11
23:31:04 [ultranest] [DEBUG] iteration=1048, ncalls=3018, regioncalls=21520, ndraw=40, logz=-1662.85, remainder_fraction=100.0000%, Lmin=-1656.22, Lmax=-28.11
23:31:04 [ultranest] [DEBUG] iteration=1051, ncalls=3023, regioncalls=21720, ndraw=40, logz=-1662.07, remainder_fraction=100.0000%, Lmin=-1655.51, Lmax=-28.11
23:31:04 [ultranest] [DEBUG] iteration=1053, ncalls=3027, regioncalls=21880, ndraw=40, logz=-1661.67, remainder_fraction=100.0000%, Lmin=-1655.36, Lmax=-28.11
23:31:04 [ultranest] [DEBUG] iteration=1056, ncalls=3031, regioncalls=22040, ndraw=40, logz=-1661.23, remainder_fraction=100.0000%, Lmin=-1655.23, Lmax=-28.11
23:31:05 [ultranest] [DEBUG] iteration=1060, ncalls=3036, regioncalls=22240, ndraw=40, logz=-1660.74, remainder_fraction=100.0000%, Lmin=-1654.40, Lmax=-28.11
23:31:05 [ultranest] [DEBUG] iteration=1064, ncalls=3048, regioncalls=22720, ndraw=40, logz=-1660.06, remainder_fraction=100.0000%, Lmin=-1653.72, Lmax=-28.11
23:31:05 [ultranest] [DEBUG] iteration=1070, ncalls=3056, regioncalls=23040, ndraw=40, logz=-1659.11, remainder_fraction=100.0000%, Lmin=-1652.26, Lmax=-28.11
23:31:05 [ultranest] [DEBUG] iteration=1073, ncalls=3065, regioncalls=23400, ndraw=40, logz=-1658.40, remainder_fraction=100.0000%, Lmin=-1651.92, Lmax=-28.11
23:31:05 [ultranest] [DEBUG] iteration=1074, ncalls=3066, regioncalls=23440, ndraw=40, logz=-1658.22, remainder_fraction=100.0000%, Lmin=-1651.90, Lmax=-28.11
23:31:06 [ultranest] [DEBUG] iteration=1075, ncalls=3068, regioncalls=23520, ndraw=40, logz=-1658.05, remainder_fraction=100.0000%, Lmin=-1651.80, Lmax=-28.11
23:31:06 [ultranest] [DEBUG] iteration=1077, ncalls=3070, regioncalls=23600, ndraw=40, logz=-1657.76, remainder_fraction=100.0000%, Lmin=-1650.85, Lmax=-28.11
23:31:06 [ultranest] [DEBUG] iteration=1078, ncalls=3075, regioncalls=23800, ndraw=40, logz=-1657.49, remainder_fraction=100.0000%, Lmin=-1650.42, Lmax=-28.11
23:31:06 [ultranest] [DEBUG] iteration=1079, ncalls=3076, regioncalls=23840, ndraw=40, logz=-1657.17, remainder_fraction=100.0000%, Lmin=-1650.37, Lmax=-28.11
23:31:06 [ultranest] [DEBUG] iteration=1081, ncalls=3078, regioncalls=23920, ndraw=40, logz=-1656.64, remainder_fraction=100.0000%, Lmin=-1648.76, Lmax=-28.11
23:31:07 [ultranest] [DEBUG] iteration=1082, ncalls=3080, regioncalls=24000, ndraw=40, logz=-1656.03, remainder_fraction=100.0000%, Lmin=-1648.55, Lmax=-28.11
23:31:07 [ultranest] [DEBUG] iteration=1084, ncalls=3083, regioncalls=24120, ndraw=40, logz=-1655.19, remainder_fraction=100.0000%, Lmin=-1647.77, Lmax=-28.11
23:31:07 [ultranest] [DEBUG] iteration=1087, ncalls=3090, regioncalls=24400, ndraw=40, logz=-1653.84, remainder_fraction=100.0000%, Lmin=-1646.62, Lmax=-28.11
23:31:07 [ultranest] [DEBUG] iteration=1091, ncalls=3094, regioncalls=24560, ndraw=40, logz=-1652.49, remainder_fraction=100.0000%, Lmin=-1645.45, Lmax=-28.11
23:31:07 [ultranest] [DEBUG] iteration=1093, ncalls=3096, regioncalls=24640, ndraw=40, logz=-1651.25, remainder_fraction=100.0000%, Lmin=-1643.68, Lmax=-28.11
23:31:07 [ultranest] [DEBUG] iteration=1096, ncalls=3100, regioncalls=24800, ndraw=40, logz=-1650.13, remainder_fraction=100.0000%, Lmin=-1643.34, Lmax=-28.11
23:31:08 [ultranest] [DEBUG] iteration=1100, ncalls=3107, regioncalls=25080, ndraw=40, logz=-1649.29, remainder_fraction=100.0000%, Lmin=-1642.95, Lmax=-28.11
23:31:08 [ultranest] [DEBUG] iteration=1101, ncalls=3109, regioncalls=25160, ndraw=40, logz=-1649.12, remainder_fraction=100.0000%, Lmin=-1642.33, Lmax=-28.11
23:31:08 [ultranest] [DEBUG] iteration=1102, ncalls=3112, regioncalls=25280, ndraw=40, logz=-1648.88, remainder_fraction=100.0000%, Lmin=-1642.26, Lmax=-28.11
23:31:08 [ultranest] [DEBUG] iteration=1103, ncalls=3113, regioncalls=25320, ndraw=40, logz=-1648.67, remainder_fraction=100.0000%, Lmin=-1642.19, Lmax=-28.11
23:31:08 [ultranest] [DEBUG] iteration=1104, ncalls=3115, regioncalls=25400, ndraw=40, logz=-1648.48, remainder_fraction=100.0000%, Lmin=-1642.15, Lmax=-28.11
23:31:08 [ultranest] [DEBUG] iteration=1108, ncalls=3120, regioncalls=25600, ndraw=40, logz=-1647.74, remainder_fraction=100.0000%, Lmin=-1641.45, Lmax=-28.11
23:31:08 [ultranest] [DEBUG] iteration=1109, ncalls=3122, regioncalls=25680, ndraw=40, logz=-1647.59, remainder_fraction=100.0000%, Lmin=-1641.14, Lmax=-28.11
23:31:09 [ultranest] [DEBUG] iteration=1111, ncalls=3126, regioncalls=25840, ndraw=40, logz=-1647.24, remainder_fraction=100.0000%, Lmin=-1640.68, Lmax=-28.11
23:31:09 [ultranest] [DEBUG] iteration=1113, ncalls=3130, regioncalls=26000, ndraw=40, logz=-1646.86, remainder_fraction=100.0000%, Lmin=-1640.37, Lmax=-28.11
23:31:09 [ultranest] [DEBUG] iteration=1117, ncalls=3140, regioncalls=26400, ndraw=40, logz=-1645.66, remainder_fraction=100.0000%, Lmin=-1638.79, Lmax=-28.11
23:31:09 [ultranest] [DEBUG] iteration=1120, ncalls=3144, regioncalls=26560, ndraw=40, logz=-1644.87, remainder_fraction=100.0000%, Lmin=-1638.00, Lmax=-28.11
23:31:09 [ultranest] [DEBUG] iteration=1124, ncalls=3151, regioncalls=26840, ndraw=40, logz=-1644.03, remainder_fraction=100.0000%, Lmin=-1637.28, Lmax=-28.11
23:31:09 [ultranest] [DEBUG] iteration=1125, ncalls=3155, regioncalls=27000, ndraw=40, logz=-1643.80, remainder_fraction=100.0000%, Lmin=-1636.57, Lmax=-28.11
23:31:10 [ultranest] [DEBUG] iteration=1127, ncalls=3158, regioncalls=27120, ndraw=40, logz=-1643.16, remainder_fraction=100.0000%, Lmin=-1636.23, Lmax=-28.11
23:31:10 [ultranest] [DEBUG] iteration=1132, ncalls=3164, regioncalls=27360, ndraw=40, logz=-1641.95, remainder_fraction=100.0000%, Lmin=-1634.94, Lmax=-28.11
23:31:10 [ultranest] [DEBUG] iteration=1135, ncalls=3171, regioncalls=27640, ndraw=40, logz=-1641.20, remainder_fraction=100.0000%, Lmin=-1634.77, Lmax=-28.11
23:31:10 [ultranest] [DEBUG] iteration=1139, ncalls=3177, regioncalls=27880, ndraw=40, logz=-1640.46, remainder_fraction=100.0000%, Lmin=-1634.06, Lmax=-28.11
23:31:10 [ultranest] [DEBUG] iteration=1141, ncalls=3182, regioncalls=28080, ndraw=40, logz=-1640.14, remainder_fraction=100.0000%, Lmin=-1633.95, Lmax=-28.11
23:31:10 [ultranest] [DEBUG] iteration=1145, ncalls=3188, regioncalls=28320, ndraw=40, logz=-1639.19, remainder_fraction=100.0000%, Lmin=-1631.72, Lmax=-28.11
23:31:11 [ultranest] [DEBUG] iteration=1147, ncalls=3191, regioncalls=28440, ndraw=40, logz=-1638.44, remainder_fraction=100.0000%, Lmin=-1631.27, Lmax=-28.11
23:31:11 [ultranest] [DEBUG] iteration=1148, ncalls=3197, regioncalls=28680, ndraw=40, logz=-1638.11, remainder_fraction=100.0000%, Lmin=-1631.20, Lmax=-28.11
23:31:11 [ultranest] [DEBUG] iteration=1150, ncalls=3205, regioncalls=29000, ndraw=40, logz=-1637.62, remainder_fraction=100.0000%, Lmin=-1631.13, Lmax=-28.11
23:31:11 [ultranest] [DEBUG] iteration=1153, ncalls=3209, regioncalls=29160, ndraw=40, logz=-1636.82, remainder_fraction=100.0000%, Lmin=-1630.07, Lmax=-28.11
23:31:11 [ultranest] [DEBUG] iteration=1154, ncalls=3210, regioncalls=29200, ndraw=40, logz=-1636.59, remainder_fraction=100.0000%, Lmin=-1630.04, Lmax=-28.11
23:31:12 [ultranest] [DEBUG] iteration=1156, ncalls=3212, regioncalls=29280, ndraw=40, logz=-1636.20, remainder_fraction=100.0000%, Lmin=-1629.74, Lmax=-28.11
23:31:12 [ultranest] [DEBUG] iteration=1158, ncalls=3217, regioncalls=29480, ndraw=40, logz=-1635.86, remainder_fraction=100.0000%, Lmin=-1629.55, Lmax=-28.11
23:31:12 [ultranest] [DEBUG] iteration=1160, ncalls=3221, regioncalls=29640, ndraw=40, logz=-1635.55, remainder_fraction=100.0000%, Lmin=-1628.98, Lmax=-28.11
23:31:12 [ultranest] [DEBUG] iteration=1161, ncalls=3222, regioncalls=29680, ndraw=40, logz=-1635.36, remainder_fraction=100.0000%, Lmin=-1628.86, Lmax=-28.11
23:31:12 [ultranest] [DEBUG] iteration=1162, ncalls=3225, regioncalls=29800, ndraw=40, logz=-1635.17, remainder_fraction=100.0000%, Lmin=-1628.57, Lmax=-28.11
23:31:12 [ultranest] [DEBUG] iteration=1165, ncalls=3229, regioncalls=29960, ndraw=40, logz=-1634.51, remainder_fraction=100.0000%, Lmin=-1627.47, Lmax=-28.11
23:31:13 [ultranest] [DEBUG] iteration=1167, ncalls=3234, regioncalls=30160, ndraw=40, logz=-1633.93, remainder_fraction=100.0000%, Lmin=-1627.13, Lmax=-28.11
23:31:13 [ultranest] [DEBUG] iteration=1170, ncalls=3241, regioncalls=30440, ndraw=40, logz=-1633.23, remainder_fraction=100.0000%, Lmin=-1626.53, Lmax=-28.11
23:31:13 [ultranest] [DEBUG] iteration=1173, ncalls=3247, regioncalls=30680, ndraw=40, logz=-1632.51, remainder_fraction=100.0000%, Lmin=-1625.45, Lmax=-28.11
23:31:13 [ultranest] [DEBUG] iteration=1175, ncalls=3254, regioncalls=30960, ndraw=40, logz=-1631.84, remainder_fraction=100.0000%, Lmin=-1624.73, Lmax=-28.11
23:31:13 [ultranest] [DEBUG] iteration=1176, ncalls=3258, regioncalls=31120, ndraw=40, logz=-1631.53, remainder_fraction=100.0000%, Lmin=-1624.38, Lmax=-28.11
23:31:13 [ultranest] [DEBUG] iteration=1178, ncalls=3262, regioncalls=31280, ndraw=40, logz=-1630.89, remainder_fraction=100.0000%, Lmin=-1624.01, Lmax=-28.11
23:31:14 [ultranest] [DEBUG] iteration=1179, ncalls=3263, regioncalls=31320, ndraw=40, logz=-1630.63, remainder_fraction=100.0000%, Lmin=-1623.32, Lmax=-28.11
23:31:14 [ultranest] [DEBUG] iteration=1182, ncalls=3268, regioncalls=31520, ndraw=40, logz=-1629.76, remainder_fraction=100.0000%, Lmin=-1623.17, Lmax=-28.11
23:31:14 [ultranest] [DEBUG] iteration=1184, ncalls=3274, regioncalls=31760, ndraw=40, logz=-1629.27, remainder_fraction=100.0000%, Lmin=-1622.47, Lmax=-28.11
23:31:14 [ultranest] [DEBUG] iteration=1187, ncalls=3278, regioncalls=31920, ndraw=40, logz=-1628.44, remainder_fraction=100.0000%, Lmin=-1621.57, Lmax=-28.11
23:31:14 [ultranest] [DEBUG] iteration=1192, ncalls=3284, regioncalls=32160, ndraw=40, logz=-1627.39, remainder_fraction=100.0000%, Lmin=-1621.10, Lmax=-28.11
23:31:14 [ultranest] [DEBUG] iteration=1195, ncalls=3290, regioncalls=32400, ndraw=40, logz=-1626.92, remainder_fraction=100.0000%, Lmin=-1620.60, Lmax=-28.11
23:31:14 [ultranest] [DEBUG] iteration=1199, ncalls=3295, regioncalls=32600, ndraw=40, logz=-1626.32, remainder_fraction=100.0000%, Lmin=-1619.77, Lmax=-28.11
23:31:14 [ultranest] [DEBUG] iteration=1201, ncalls=3300, regioncalls=32800, ndraw=40, logz=-1625.95, remainder_fraction=100.0000%, Lmin=-1619.47, Lmax=-28.11
23:31:14 [ultranest] [DEBUG] iteration=1204, ncalls=3304, regioncalls=32960, ndraw=40, logz=-1625.42, remainder_fraction=100.0000%, Lmin=-1619.05, Lmax=-28.11
23:31:15 [ultranest] [DEBUG] iteration=1207, ncalls=3308, regioncalls=33120, ndraw=40, logz=-1624.99, remainder_fraction=100.0000%, Lmin=-1618.91, Lmax=-28.11
23:31:15 [ultranest] [DEBUG] iteration=1210, ncalls=3313, regioncalls=33320, ndraw=40, logz=-1624.62, remainder_fraction=100.0000%, Lmin=-1618.45, Lmax=-28.11
23:31:15 [ultranest] [DEBUG] iteration=1212, ncalls=3317, regioncalls=33480, ndraw=40, logz=-1624.36, remainder_fraction=100.0000%, Lmin=-1618.35, Lmax=-28.11
23:31:15 [ultranest] [DEBUG] iteration=1213, ncalls=3319, regioncalls=33560, ndraw=40, logz=-1624.25, remainder_fraction=100.0000%, Lmin=-1618.18, Lmax=-28.11
23:31:15 [ultranest] [DEBUG] iteration=1216, ncalls=3323, regioncalls=33720, ndraw=40, logz=-1623.92, remainder_fraction=100.0000%, Lmin=-1617.95, Lmax=-28.11
23:31:15 [ultranest] [DEBUG] iteration=1218, ncalls=3325, regioncalls=33800, ndraw=40, logz=-1623.69, remainder_fraction=100.0000%, Lmin=-1617.34, Lmax=-28.11
23:31:16 [ultranest] [DEBUG] iteration=1220, ncalls=3331, regioncalls=34040, ndraw=40, logz=-1623.39, remainder_fraction=100.0000%, Lmin=-1616.90, Lmax=-28.11
23:31:16 [ultranest] [DEBUG] iteration=1221, ncalls=3336, regioncalls=34240, ndraw=40, logz=-1623.22, remainder_fraction=100.0000%, Lmin=-1616.69, Lmax=-28.11
23:31:16 [ultranest] [DEBUG] iteration=1224, ncalls=3340, regioncalls=34400, ndraw=40, logz=-1622.60, remainder_fraction=100.0000%, Lmin=-1615.99, Lmax=-28.11
23:31:16 [ultranest] [DEBUG] iteration=1225, ncalls=3341, regioncalls=34440, ndraw=40, logz=-1622.40, remainder_fraction=100.0000%, Lmin=-1615.96, Lmax=-28.11
23:31:16 [ultranest] [DEBUG] iteration=1226, ncalls=3345, regioncalls=34600, ndraw=40, logz=-1622.23, remainder_fraction=100.0000%, Lmin=-1615.96, Lmax=-28.11
23:31:16 [ultranest] [DEBUG] iteration=1227, ncalls=3350, regioncalls=34800, ndraw=40, logz=-1622.09, remainder_fraction=100.0000%, Lmin=-1615.68, Lmax=-28.11
23:31:17 [ultranest] [DEBUG] iteration=1228, ncalls=3357, regioncalls=35080, ndraw=40, logz=-1621.93, remainder_fraction=100.0000%, Lmin=-1615.65, Lmax=-28.11
23:31:17 [ultranest] [DEBUG] iteration=1230, ncalls=3361, regioncalls=35240, ndraw=40, logz=-1621.62, remainder_fraction=100.0000%, Lmin=-1615.12, Lmax=-28.11
23:31:17 [ultranest] [DEBUG] iteration=1232, ncalls=3370, regioncalls=35600, ndraw=40, logz=-1621.28, remainder_fraction=100.0000%, Lmin=-1614.86, Lmax=-28.11
23:31:17 [ultranest] [DEBUG] iteration=1234, ncalls=3376, regioncalls=35840, ndraw=40, logz=-1620.96, remainder_fraction=100.0000%, Lmin=-1614.40, Lmax=-28.11
23:31:17 [ultranest] [DEBUG] iteration=1236, ncalls=3380, regioncalls=36000, ndraw=40, logz=-1620.48, remainder_fraction=100.0000%, Lmin=-1613.46, Lmax=-28.11
23:31:17 [ultranest] [DEBUG] iteration=1237, ncalls=3384, regioncalls=36160, ndraw=40, logz=-1620.20, remainder_fraction=100.0000%, Lmin=-1613.15, Lmax=-28.11
23:31:18 [ultranest] [DEBUG] iteration=1240, ncalls=3394, regioncalls=36560, ndraw=40, logz=-1619.36, remainder_fraction=100.0000%, Lmin=-1612.67, Lmax=-28.11
23:31:18 [ultranest] [DEBUG] iteration=1243, ncalls=3399, regioncalls=36760, ndraw=40, logz=-1618.77, remainder_fraction=100.0000%, Lmin=-1612.09, Lmax=-28.11
23:31:18 [ultranest] [DEBUG] iteration=1247, ncalls=3406, regioncalls=37040, ndraw=40, logz=-1617.85, remainder_fraction=100.0000%, Lmin=-1611.19, Lmax=-28.11
23:31:18 [ultranest] [DEBUG] iteration=1250, ncalls=3411, regioncalls=37240, ndraw=40, logz=-1617.30, remainder_fraction=100.0000%, Lmin=-1610.73, Lmax=-28.11
23:31:18 [ultranest] [DEBUG] iteration=1253, ncalls=3417, regioncalls=37480, ndraw=40, logz=-1616.69, remainder_fraction=100.0000%, Lmin=-1610.08, Lmax=-28.11
23:31:18 [ultranest] [DEBUG] iteration=1255, ncalls=3420, regioncalls=37600, ndraw=40, logz=-1616.33, remainder_fraction=100.0000%, Lmin=-1609.69, Lmax=-28.11
23:31:19 [ultranest] [DEBUG] iteration=1258, ncalls=3423, regioncalls=37720, ndraw=40, logz=-1615.77, remainder_fraction=100.0000%, Lmin=-1609.30, Lmax=-28.11
23:31:19 [ultranest] [DEBUG] iteration=1261, ncalls=3430, regioncalls=38000, ndraw=40, logz=-1615.24, remainder_fraction=100.0000%, Lmin=-1608.84, Lmax=-28.11
23:31:19 [ultranest] [DEBUG] iteration=1264, ncalls=3436, regioncalls=38240, ndraw=40, logz=-1614.80, remainder_fraction=100.0000%, Lmin=-1608.58, Lmax=-28.11
23:31:19 [ultranest] [DEBUG] iteration=1266, ncalls=3439, regioncalls=38360, ndraw=40, logz=-1614.54, remainder_fraction=100.0000%, Lmin=-1608.36, Lmax=-28.11
23:31:19 [ultranest] [DEBUG] iteration=1270, ncalls=3445, regioncalls=38600, ndraw=40, logz=-1614.09, remainder_fraction=100.0000%, Lmin=-1607.89, Lmax=-28.11
23:31:19 [ultranest] [DEBUG] iteration=1271, ncalls=3448, regioncalls=38720, ndraw=40, logz=-1613.96, remainder_fraction=100.0000%, Lmin=-1607.59, Lmax=-28.11
23:31:19 [ultranest] [DEBUG] iteration=1274, ncalls=3452, regioncalls=38880, ndraw=40, logz=-1613.49, remainder_fraction=100.0000%, Lmin=-1607.22, Lmax=-28.11
23:31:20 [ultranest] [DEBUG] iteration=1279, ncalls=3459, regioncalls=39160, ndraw=40, logz=-1612.62, remainder_fraction=100.0000%, Lmin=-1606.24, Lmax=-28.11
23:31:20 [ultranest] [DEBUG] iteration=1280, ncalls=3460, regioncalls=39200, ndraw=40, logz=-1612.47, remainder_fraction=100.0000%, Lmin=-1605.99, Lmax=-28.11
23:31:20 [ultranest] [DEBUG] iteration=1283, ncalls=3470, regioncalls=39600, ndraw=40, logz=-1611.98, remainder_fraction=100.0000%, Lmin=-1605.50, Lmax=-28.11
23:31:20 [ultranest] [DEBUG] iteration=1287, ncalls=3478, regioncalls=39920, ndraw=40, logz=-1611.36, remainder_fraction=100.0000%, Lmin=-1605.18, Lmax=-28.11
23:31:20 [ultranest] [DEBUG] iteration=1292, ncalls=3490, regioncalls=40400, ndraw=40, logz=-1610.82, remainder_fraction=100.0000%, Lmin=-1604.84, Lmax=-28.11
23:31:20 [ultranest] [DEBUG] iteration=1297, ncalls=3498, regioncalls=40720, ndraw=40, logz=-1610.29, remainder_fraction=100.0000%, Lmin=-1604.26, Lmax=-28.11
23:31:20 [ultranest] [DEBUG] iteration=1299, ncalls=3500, regioncalls=40800, ndraw=40, logz=-1610.07, remainder_fraction=100.0000%, Lmin=-1604.09, Lmax=-28.11
23:31:20 [ultranest] [DEBUG] iteration=1300, ncalls=3502, regioncalls=40880, ndraw=40, logz=-1609.97, remainder_fraction=100.0000%, Lmin=-1603.70, Lmax=-28.11
23:31:21 [ultranest] [DEBUG] iteration=1303, ncalls=3505, regioncalls=41000, ndraw=40, logz=-1609.59, remainder_fraction=100.0000%, Lmin=-1603.44, Lmax=-28.11
23:31:21 [ultranest] [DEBUG] iteration=1305, ncalls=3507, regioncalls=41080, ndraw=40, logz=-1609.36, remainder_fraction=100.0000%, Lmin=-1603.26, Lmax=-28.11
23:31:21 [ultranest] [DEBUG] iteration=1306, ncalls=3510, regioncalls=41200, ndraw=40, logz=-1609.24, remainder_fraction=100.0000%, Lmin=-1603.11, Lmax=-28.11
23:31:21 [ultranest] [DEBUG] iteration=1308, ncalls=3520, regioncalls=41600, ndraw=40, logz=-1608.97, remainder_fraction=100.0000%, Lmin=-1602.72, Lmax=-28.11
23:31:21 [ultranest] [DEBUG] iteration=1310, ncalls=3522, regioncalls=41680, ndraw=40, logz=-1608.66, remainder_fraction=100.0000%, Lmin=-1602.07, Lmax=-28.11
23:31:22 [ultranest] [DEBUG] iteration=1312, ncalls=3525, regioncalls=41800, ndraw=40, logz=-1608.32, remainder_fraction=100.0000%, Lmin=-1601.99, Lmax=-28.11
23:31:22 [ultranest] [DEBUG] iteration=1315, ncalls=3528, regioncalls=41920, ndraw=40, logz=-1607.85, remainder_fraction=100.0000%, Lmin=-1601.33, Lmax=-28.11
23:31:22 [ultranest] [DEBUG] iteration=1317, ncalls=3535, regioncalls=42200, ndraw=40, logz=-1607.53, remainder_fraction=100.0000%, Lmin=-1601.06, Lmax=-28.11
23:31:22 [ultranest] [DEBUG] iteration=1321, ncalls=3543, regioncalls=42520, ndraw=40, logz=-1606.86, remainder_fraction=100.0000%, Lmin=-1600.38, Lmax=-28.11
23:31:22 [ultranest] [DEBUG] iteration=1323, ncalls=3549, regioncalls=42760, ndraw=40, logz=-1606.48, remainder_fraction=100.0000%, Lmin=-1599.64, Lmax=-28.11
23:31:22 [ultranest] [DEBUG] iteration=1325, ncalls=3554, regioncalls=42960, ndraw=40, logz=-1606.04, remainder_fraction=100.0000%, Lmin=-1599.42, Lmax=-28.11
23:31:22 [ultranest] [DEBUG] iteration=1327, ncalls=3560, regioncalls=43200, ndraw=40, logz=-1605.68, remainder_fraction=100.0000%, Lmin=-1599.32, Lmax=-28.11
23:31:23 [ultranest] [DEBUG] iteration=1330, ncalls=3566, regioncalls=43440, ndraw=40, logz=-1605.28, remainder_fraction=100.0000%, Lmin=-1599.10, Lmax=-28.11
23:31:23 [ultranest] [DEBUG] iteration=1332, ncalls=3571, regioncalls=43640, ndraw=40, logz=-1605.05, remainder_fraction=100.0000%, Lmin=-1599.08, Lmax=-28.11
23:31:23 [ultranest] [DEBUG] iteration=1336, ncalls=3581, regioncalls=44040, ndraw=40, logz=-1604.65, remainder_fraction=100.0000%, Lmin=-1598.74, Lmax=-28.11
23:31:23 [ultranest] [DEBUG] iteration=1338, ncalls=3588, regioncalls=44320, ndraw=40, logz=-1604.47, remainder_fraction=100.0000%, Lmin=-1598.60, Lmax=-28.11
23:31:24 [ultranest] [DEBUG] iteration=1341, ncalls=3599, regioncalls=44760, ndraw=40, logz=-1604.20, remainder_fraction=100.0000%, Lmin=-1598.42, Lmax=-28.11
23:31:24 [ultranest] [DEBUG] iteration=1343, ncalls=3602, regioncalls=44880, ndraw=40, logz=-1604.04, remainder_fraction=100.0000%, Lmin=-1598.16, Lmax=-28.11
23:31:24 [ultranest] [DEBUG] iteration=1345, ncalls=3608, regioncalls=45120, ndraw=40, logz=-1603.84, remainder_fraction=100.0000%, Lmin=-1597.88, Lmax=-28.11
23:31:24 [ultranest] [DEBUG] iteration=1347, ncalls=3612, regioncalls=45280, ndraw=40, logz=-1603.65, remainder_fraction=100.0000%, Lmin=-1597.86, Lmax=-28.11
23:31:24 [ultranest] [DEBUG] iteration=1348, ncalls=3615, regioncalls=45400, ndraw=40, logz=-1603.57, remainder_fraction=100.0000%, Lmin=-1597.78, Lmax=-28.11
23:31:25 [ultranest] [DEBUG] iteration=1350, ncalls=3625, regioncalls=45800, ndraw=40, logz=-1603.40, remainder_fraction=100.0000%, Lmin=-1597.57, Lmax=-28.11
23:31:25 [ultranest] [DEBUG] iteration=1351, ncalls=3627, regioncalls=45880, ndraw=40, logz=-1603.31, remainder_fraction=100.0000%, Lmin=-1597.50, Lmax=-28.11
23:31:25 [ultranest] [DEBUG] iteration=1352, ncalls=3629, regioncalls=45960, ndraw=40, logz=-1603.22, remainder_fraction=100.0000%, Lmin=-1597.43, Lmax=-28.11
23:31:25 [ultranest] [DEBUG] iteration=1354, ncalls=3633, regioncalls=46120, ndraw=40, logz=-1603.06, remainder_fraction=100.0000%, Lmin=-1597.27, Lmax=-28.11
23:31:25 [ultranest] [DEBUG] iteration=1356, ncalls=3638, regioncalls=46320, ndraw=40, logz=-1602.89, remainder_fraction=100.0000%, Lmin=-1597.21, Lmax=-28.11
23:31:25 [ultranest] [DEBUG] iteration=1358, ncalls=3640, regioncalls=46400, ndraw=40, logz=-1602.75, remainder_fraction=100.0000%, Lmin=-1597.17, Lmax=-28.11
23:31:25 [ultranest] [DEBUG] iteration=1359, ncalls=3643, regioncalls=46520, ndraw=40, logz=-1602.68, remainder_fraction=100.0000%, Lmin=-1597.11, Lmax=-28.11
23:31:26 [ultranest] [DEBUG] iteration=1360, ncalls=3644, regioncalls=46560, ndraw=40, logz=-1602.61, remainder_fraction=100.0000%, Lmin=-1596.74, Lmax=-28.11
23:31:26 [ultranest] [DEBUG] iteration=1361, ncalls=3645, regioncalls=46600, ndraw=40, logz=-1602.52, remainder_fraction=100.0000%, Lmin=-1596.73, Lmax=-28.11
23:31:26 [ultranest] [DEBUG] iteration=1362, ncalls=3649, regioncalls=46760, ndraw=40, logz=-1602.44, remainder_fraction=100.0000%, Lmin=-1596.57, Lmax=-28.11
23:31:26 [ultranest] [DEBUG] iteration=1363, ncalls=3650, regioncalls=46800, ndraw=40, logz=-1602.35, remainder_fraction=100.0000%, Lmin=-1596.10, Lmax=-28.11
23:31:27 [ultranest] [DEBUG] iteration=1364, ncalls=3652, regioncalls=46880, ndraw=40, logz=-1602.22, remainder_fraction=100.0000%, Lmin=-1595.98, Lmax=-28.11
23:31:27 [ultranest] [DEBUG] iteration=1365, ncalls=3657, regioncalls=47080, ndraw=40, logz=-1602.09, remainder_fraction=100.0000%, Lmin=-1595.97, Lmax=-28.11
23:31:27 [ultranest] [DEBUG] iteration=1367, ncalls=3662, regioncalls=47280, ndraw=40, logz=-1601.86, remainder_fraction=100.0000%, Lmin=-1595.76, Lmax=-28.11
23:31:28 [ultranest] [DEBUG] iteration=1369, ncalls=3666, regioncalls=47440, ndraw=40, logz=-1601.64, remainder_fraction=100.0000%, Lmin=-1595.63, Lmax=-28.11
23:31:28 [ultranest] [DEBUG] iteration=1372, ncalls=3669, regioncalls=47560, ndraw=40, logz=-1601.30, remainder_fraction=100.0000%, Lmin=-1594.50, Lmax=-28.11
23:31:28 [ultranest] [DEBUG] iteration=1374, ncalls=3676, regioncalls=47840, ndraw=40, logz=-1600.90, remainder_fraction=100.0000%, Lmin=-1594.41, Lmax=-28.11
23:31:28 [ultranest] [DEBUG] iteration=1376, ncalls=3679, regioncalls=47960, ndraw=40, logz=-1600.60, remainder_fraction=100.0000%, Lmin=-1594.31, Lmax=-28.11
23:31:28 [ultranest] [DEBUG] iteration=1378, ncalls=3683, regioncalls=48120, ndraw=40, logz=-1600.34, remainder_fraction=100.0000%, Lmin=-1594.15, Lmax=-28.11
23:31:29 [ultranest] [DEBUG] iteration=1379, ncalls=3688, regioncalls=48320, ndraw=40, logz=-1600.22, remainder_fraction=100.0000%, Lmin=-1594.10, Lmax=-28.11
23:31:29 [ultranest] [DEBUG] iteration=1382, ncalls=3692, regioncalls=48480, ndraw=40, logz=-1599.88, remainder_fraction=100.0000%, Lmin=-1593.90, Lmax=-28.11
23:31:29 [ultranest] [DEBUG] iteration=1383, ncalls=3693, regioncalls=48520, ndraw=40, logz=-1599.78, remainder_fraction=100.0000%, Lmin=-1593.27, Lmax=-28.11
23:31:29 [ultranest] [DEBUG] iteration=1386, ncalls=3701, regioncalls=48840, ndraw=40, logz=-1599.28, remainder_fraction=100.0000%, Lmin=-1592.78, Lmax=-28.11
23:31:29 [ultranest] [DEBUG] iteration=1388, ncalls=3706, regioncalls=49040, ndraw=40, logz=-1598.93, remainder_fraction=100.0000%, Lmin=-1592.46, Lmax=-28.11
23:31:30 [ultranest] [DEBUG] iteration=1389, ncalls=3708, regioncalls=49120, ndraw=40, logz=-1598.78, remainder_fraction=100.0000%, Lmin=-1592.36, Lmax=-28.11
23:31:30 [ultranest] [DEBUG] iteration=1392, ncalls=3713, regioncalls=49320, ndraw=40, logz=-1598.35, remainder_fraction=100.0000%, Lmin=-1591.80, Lmax=-28.11
23:31:30 [ultranest] [DEBUG] iteration=1393, ncalls=3715, regioncalls=49400, ndraw=40, logz=-1598.18, remainder_fraction=100.0000%, Lmin=-1591.65, Lmax=-28.11
23:31:30 [ultranest] [DEBUG] iteration=1395, ncalls=3717, regioncalls=49480, ndraw=40, logz=-1597.87, remainder_fraction=100.0000%, Lmin=-1591.45, Lmax=-28.11
23:31:31 [ultranest] [DEBUG] iteration=1396, ncalls=3723, regioncalls=49720, ndraw=40, logz=-1597.72, remainder_fraction=100.0000%, Lmin=-1591.44, Lmax=-28.11
23:31:31 [ultranest] [DEBUG] iteration=1397, ncalls=3726, regioncalls=49840, ndraw=40, logz=-1597.59, remainder_fraction=100.0000%, Lmin=-1591.42, Lmax=-28.11
23:31:31 [ultranest] [DEBUG] iteration=1398, ncalls=3730, regioncalls=50000, ndraw=40, logz=-1597.47, remainder_fraction=100.0000%, Lmin=-1591.41, Lmax=-28.11
23:31:31 [ultranest] [DEBUG] iteration=1399, ncalls=3732, regioncalls=50080, ndraw=40, logz=-1597.37, remainder_fraction=100.0000%, Lmin=-1591.16, Lmax=-28.11
23:31:31 [ultranest] [DEBUG] iteration=1401, ncalls=3735, regioncalls=50200, ndraw=40, logz=-1597.11, remainder_fraction=100.0000%, Lmin=-1590.76, Lmax=-28.11
23:31:32 [ultranest] [DEBUG] iteration=1403, ncalls=3742, regioncalls=50480, ndraw=40, logz=-1596.82, remainder_fraction=100.0000%, Lmin=-1590.43, Lmax=-28.11
23:31:32 [ultranest] [DEBUG] iteration=1405, ncalls=3745, regioncalls=50600, ndraw=40, logz=-1596.54, remainder_fraction=100.0000%, Lmin=-1590.24, Lmax=-28.11
23:31:32 [ultranest] [DEBUG] iteration=1407, ncalls=3749, regioncalls=50760, ndraw=40, logz=-1596.27, remainder_fraction=100.0000%, Lmin=-1589.99, Lmax=-28.11
23:31:32 [ultranest] [DEBUG] iteration=1408, ncalls=3756, regioncalls=51040, ndraw=40, logz=-1596.14, remainder_fraction=100.0000%, Lmin=-1589.97, Lmax=-28.11
23:31:33 [ultranest] [DEBUG] iteration=1410, ncalls=3763, regioncalls=51320, ndraw=40, logz=-1595.92, remainder_fraction=100.0000%, Lmin=-1589.86, Lmax=-28.11
23:31:33 [ultranest] [DEBUG] iteration=1411, ncalls=3766, regioncalls=51440, ndraw=40, logz=-1595.81, remainder_fraction=100.0000%, Lmin=-1589.82, Lmax=-28.11
23:31:33 [ultranest] [DEBUG] iteration=1413, ncalls=3770, regioncalls=51600, ndraw=40, logz=-1595.61, remainder_fraction=100.0000%, Lmin=-1589.68, Lmax=-28.11
23:31:33 [ultranest] [DEBUG] iteration=1415, ncalls=3772, regioncalls=51680, ndraw=40, logz=-1595.43, remainder_fraction=100.0000%, Lmin=-1589.55, Lmax=-28.11
23:31:33 [ultranest] [DEBUG] iteration=1416, ncalls=3777, regioncalls=51880, ndraw=40, logz=-1595.34, remainder_fraction=100.0000%, Lmin=-1589.49, Lmax=-28.11
23:31:34 [ultranest] [DEBUG] iteration=1417, ncalls=3779, regioncalls=51960, ndraw=40, logz=-1595.26, remainder_fraction=100.0000%, Lmin=-1589.36, Lmax=-28.11
23:31:34 [ultranest] [DEBUG] iteration=1419, ncalls=3781, regioncalls=52040, ndraw=40, logz=-1595.05, remainder_fraction=100.0000%, Lmin=-1589.00, Lmax=-28.11
23:31:34 [ultranest] [DEBUG] iteration=1421, ncalls=3783, regioncalls=52120, ndraw=40, logz=-1594.85, remainder_fraction=100.0000%, Lmin=-1588.93, Lmax=-28.11
23:31:34 [ultranest] [DEBUG] iteration=1423, ncalls=3786, regioncalls=52240, ndraw=40, logz=-1594.67, remainder_fraction=100.0000%, Lmin=-1588.26, Lmax=-28.11
23:31:34 [ultranest] [DEBUG] iteration=1425, ncalls=3789, regioncalls=52360, ndraw=40, logz=-1594.39, remainder_fraction=100.0000%, Lmin=-1587.96, Lmax=-28.11
23:31:35 [ultranest] [DEBUG] iteration=1426, ncalls=3792, regioncalls=52480, ndraw=40, logz=-1594.24, remainder_fraction=100.0000%, Lmin=-1587.90, Lmax=-28.11
23:31:35 [ultranest] [DEBUG] iteration=1428, ncalls=3795, regioncalls=52600, ndraw=40, logz=-1593.98, remainder_fraction=100.0000%, Lmin=-1587.68, Lmax=-28.11
23:31:35 [ultranest] [DEBUG] iteration=1430, ncalls=3799, regioncalls=52760, ndraw=40, logz=-1593.72, remainder_fraction=100.0000%, Lmin=-1587.54, Lmax=-28.11
23:31:35 [ultranest] [DEBUG] iteration=1431, ncalls=3804, regioncalls=52960, ndraw=40, logz=-1593.60, remainder_fraction=100.0000%, Lmin=-1587.44, Lmax=-28.11
23:31:36 [ultranest] [DEBUG] iteration=1432, ncalls=3808, regioncalls=53120, ndraw=40, logz=-1593.49, remainder_fraction=100.0000%, Lmin=-1587.34, Lmax=-28.11
23:31:36 [ultranest] [DEBUG] iteration=1433, ncalls=3809, regioncalls=53160, ndraw=40, logz=-1593.38, remainder_fraction=100.0000%, Lmin=-1587.31, Lmax=-28.11
23:31:36 [ultranest] [DEBUG] iteration=1435, ncalls=3811, regioncalls=53240, ndraw=40, logz=-1593.17, remainder_fraction=100.0000%, Lmin=-1587.15, Lmax=-28.11
23:31:36 [ultranest] [DEBUG] iteration=1437, ncalls=3815, regioncalls=53400, ndraw=40, logz=-1592.96, remainder_fraction=100.0000%, Lmin=-1586.94, Lmax=-28.11
23:31:37 [ultranest] [DEBUG] iteration=1438, ncalls=3817, regioncalls=53480, ndraw=40, logz=-1592.86, remainder_fraction=100.0000%, Lmin=-1586.77, Lmax=-28.11
23:31:37 [ultranest] [DEBUG] iteration=1440, ncalls=3820, regioncalls=53600, ndraw=40, logz=-1592.66, remainder_fraction=100.0000%, Lmin=-1586.72, Lmax=-28.11
23:31:37 [ultranest] [DEBUG] iteration=1441, ncalls=3826, regioncalls=53840, ndraw=40, logz=-1592.57, remainder_fraction=100.0000%, Lmin=-1586.69, Lmax=-28.11
23:31:37 [ultranest] [DEBUG] iteration=1443, ncalls=3830, regioncalls=54000, ndraw=40, logz=-1592.40, remainder_fraction=100.0000%, Lmin=-1586.53, Lmax=-28.11
23:31:37 [ultranest] [DEBUG] iteration=1446, ncalls=3834, regioncalls=54160, ndraw=40, logz=-1592.14, remainder_fraction=100.0000%, Lmin=-1586.31, Lmax=-28.11
23:31:38 [ultranest] [DEBUG] iteration=1447, ncalls=3842, regioncalls=54480, ndraw=40, logz=-1592.05, remainder_fraction=100.0000%, Lmin=-1586.21, Lmax=-28.11
23:31:38 [ultranest] [DEBUG] iteration=1449, ncalls=3848, regioncalls=54720, ndraw=40, logz=-1591.89, remainder_fraction=100.0000%, Lmin=-1585.92, Lmax=-28.11
23:31:38 [ultranest] [DEBUG] iteration=1451, ncalls=3850, regioncalls=54800, ndraw=40, logz=-1591.70, remainder_fraction=100.0000%, Lmin=-1585.74, Lmax=-28.11
23:31:38 [ultranest] [DEBUG] iteration=1453, ncalls=3854, regioncalls=54960, ndraw=40, logz=-1591.52, remainder_fraction=100.0000%, Lmin=-1585.71, Lmax=-28.11
23:31:38 [ultranest] [DEBUG] iteration=1456, ncalls=3858, regioncalls=55120, ndraw=40, logz=-1591.28, remainder_fraction=100.0000%, Lmin=-1585.34, Lmax=-28.11
23:31:39 [ultranest] [DEBUG] iteration=1458, ncalls=3860, regioncalls=55200, ndraw=40, logz=-1591.08, remainder_fraction=100.0000%, Lmin=-1584.84, Lmax=-28.11
23:31:39 [ultranest] [DEBUG] iteration=1459, ncalls=3861, regioncalls=55240, ndraw=40, logz=-1590.96, remainder_fraction=100.0000%, Lmin=-1584.82, Lmax=-28.11
23:31:39 [ultranest] [DEBUG] iteration=1460, ncalls=3864, regioncalls=55360, ndraw=40, logz=-1590.85, remainder_fraction=100.0000%, Lmin=-1584.80, Lmax=-28.11
23:31:39 [ultranest] [DEBUG] iteration=1462, ncalls=3869, regioncalls=55560, ndraw=40, logz=-1590.65, remainder_fraction=100.0000%, Lmin=-1584.74, Lmax=-28.11
23:31:39 [ultranest] [DEBUG] iteration=1465, ncalls=3873, regioncalls=55720, ndraw=40, logz=-1590.39, remainder_fraction=100.0000%, Lmin=-1584.45, Lmax=-28.11
23:31:39 [ultranest] [DEBUG] iteration=1467, ncalls=3882, regioncalls=56080, ndraw=40, logz=-1590.21, remainder_fraction=100.0000%, Lmin=-1584.32, Lmax=-28.11
23:31:39 [ultranest] [DEBUG] iteration=1468, ncalls=3885, regioncalls=56200, ndraw=40, logz=-1590.12, remainder_fraction=100.0000%, Lmin=-1584.20, Lmax=-28.11
23:31:40 [ultranest] [DEBUG] iteration=1469, ncalls=3886, regioncalls=56240, ndraw=40, logz=-1590.03, remainder_fraction=100.0000%, Lmin=-1584.15, Lmax=-28.11
23:31:40 [ultranest] [DEBUG] iteration=1471, ncalls=3890, regioncalls=56400, ndraw=40, logz=-1589.87, remainder_fraction=100.0000%, Lmin=-1584.04, Lmax=-28.11
23:31:40 [ultranest] [DEBUG] iteration=1474, ncalls=3895, regioncalls=56600, ndraw=40, logz=-1589.63, remainder_fraction=100.0000%, Lmin=-1583.87, Lmax=-28.11
23:31:40 [ultranest] [DEBUG] iteration=1475, ncalls=3899, regioncalls=56760, ndraw=40, logz=-1589.55, remainder_fraction=100.0000%, Lmin=-1583.80, Lmax=-28.11
23:31:40 [ultranest] [DEBUG] iteration=1477, ncalls=3903, regioncalls=56920, ndraw=40, logz=-1589.40, remainder_fraction=100.0000%, Lmin=-1583.73, Lmax=-28.11
23:31:41 [ultranest] [DEBUG] iteration=1478, ncalls=3910, regioncalls=57200, ndraw=40, logz=-1589.33, remainder_fraction=100.0000%, Lmin=-1583.66, Lmax=-28.11
23:31:41 [ultranest] [DEBUG] iteration=1479, ncalls=3913, regioncalls=57320, ndraw=40, logz=-1589.26, remainder_fraction=100.0000%, Lmin=-1583.52, Lmax=-28.11
23:31:41 [ultranest] [DEBUG] iteration=1481, ncalls=3916, regioncalls=57440, ndraw=40, logz=-1589.11, remainder_fraction=100.0000%, Lmin=-1583.20, Lmax=-28.11
23:31:41 [ultranest] [DEBUG] iteration=1483, ncalls=3919, regioncalls=57560, ndraw=40, logz=-1588.94, remainder_fraction=100.0000%, Lmin=-1583.06, Lmax=-28.11
23:31:41 [ultranest] [DEBUG] iteration=1485, ncalls=3921, regioncalls=57640, ndraw=40, logz=-1588.78, remainder_fraction=100.0000%, Lmin=-1582.95, Lmax=-28.11
23:31:42 [ultranest] [DEBUG] iteration=1486, ncalls=3927, regioncalls=57880, ndraw=40, logz=-1588.70, remainder_fraction=100.0000%, Lmin=-1582.92, Lmax=-28.11
23:31:42 [ultranest] [DEBUG] iteration=1487, ncalls=3928, regioncalls=57920, ndraw=40, logz=-1588.62, remainder_fraction=100.0000%, Lmin=-1582.89, Lmax=-28.11
23:31:43 [ultranest] [DEBUG] iteration=1489, ncalls=3937, regioncalls=58280, ndraw=40, logz=-1588.48, remainder_fraction=100.0000%, Lmin=-1582.53, Lmax=-28.11
23:31:43 [ultranest] [DEBUG] iteration=1490, ncalls=3941, regioncalls=58440, ndraw=40, logz=-1588.39, remainder_fraction=100.0000%, Lmin=-1582.49, Lmax=-28.11
23:31:43 [ultranest] [DEBUG] iteration=1491, ncalls=3942, regioncalls=58480, ndraw=40, logz=-1588.30, remainder_fraction=100.0000%, Lmin=-1582.41, Lmax=-28.11
23:31:43 [ultranest] [DEBUG] iteration=1493, ncalls=3950, regioncalls=58800, ndraw=40, logz=-1588.13, remainder_fraction=100.0000%, Lmin=-1582.32, Lmax=-28.11
23:31:44 [ultranest] [DEBUG] iteration=1496, ncalls=3955, regioncalls=59000, ndraw=40, logz=-1587.91, remainder_fraction=100.0000%, Lmin=-1582.15, Lmax=-28.11
23:31:44 [ultranest] [DEBUG] iteration=1498, ncalls=3957, regioncalls=59080, ndraw=40, logz=-1587.76, remainder_fraction=100.0000%, Lmin=-1582.06, Lmax=-28.11
23:31:44 [ultranest] [DEBUG] iteration=1502, ncalls=3967, regioncalls=59480, ndraw=40, logz=-1587.49, remainder_fraction=100.0000%, Lmin=-1581.85, Lmax=-28.11
23:31:44 [ultranest] [DEBUG] iteration=1504, ncalls=3972, regioncalls=59680, ndraw=40, logz=-1587.36, remainder_fraction=100.0000%, Lmin=-1581.84, Lmax=-28.11
23:31:44 [ultranest] [DEBUG] iteration=1507, ncalls=3981, regioncalls=60040, ndraw=40, logz=-1587.17, remainder_fraction=100.0000%, Lmin=-1581.58, Lmax=-28.11
23:31:44 [ultranest] [DEBUG] iteration=1510, ncalls=3989, regioncalls=60360, ndraw=40, logz=-1586.98, remainder_fraction=100.0000%, Lmin=-1580.91, Lmax=-28.11
23:31:44 [ultranest] [DEBUG] iteration=1513, ncalls=3995, regioncalls=60600, ndraw=40, logz=-1586.68, remainder_fraction=100.0000%, Lmin=-1580.77, Lmax=-28.11
23:31:45 [ultranest] [DEBUG] iteration=1515, ncalls=4002, regioncalls=60880, ndraw=40, logz=-1586.51, remainder_fraction=100.0000%, Lmin=-1580.53, Lmax=-28.11
23:31:45 [ultranest] [DEBUG] iteration=1517, ncalls=4005, regioncalls=61000, ndraw=40, logz=-1586.33, remainder_fraction=100.0000%, Lmin=-1580.49, Lmax=-28.11
23:31:45 [ultranest] [DEBUG] iteration=1519, ncalls=4007, regioncalls=61080, ndraw=40, logz=-1586.17, remainder_fraction=100.0000%, Lmin=-1580.38, Lmax=-28.11
23:31:45 [ultranest] [DEBUG] iteration=1520, ncalls=4011, regioncalls=61240, ndraw=40, logz=-1586.09, remainder_fraction=100.0000%, Lmin=-1580.25, Lmax=-28.11
23:31:45 [ultranest] [DEBUG] iteration=1524, ncalls=4018, regioncalls=61520, ndraw=40, logz=-1585.79, remainder_fraction=100.0000%, Lmin=-1579.94, Lmax=-28.11
23:31:45 [ultranest] [DEBUG] iteration=1525, ncalls=4023, regioncalls=61720, ndraw=40, logz=-1585.71, remainder_fraction=100.0000%, Lmin=-1579.93, Lmax=-28.11
23:31:46 [ultranest] [DEBUG] iteration=1526, ncalls=4025, regioncalls=61800, ndraw=40, logz=-1585.63, remainder_fraction=100.0000%, Lmin=-1579.91, Lmax=-28.11
23:31:46 [ultranest] [DEBUG] iteration=1527, ncalls=4029, regioncalls=61960, ndraw=40, logz=-1585.56, remainder_fraction=100.0000%, Lmin=-1579.90, Lmax=-28.11
23:31:46 [ultranest] [DEBUG] iteration=1528, ncalls=4031, regioncalls=62040, ndraw=40, logz=-1585.50, remainder_fraction=100.0000%, Lmin=-1579.90, Lmax=-28.11
23:31:46 [ultranest] [DEBUG] iteration=1531, ncalls=4034, regioncalls=62160, ndraw=40, logz=-1585.29, remainder_fraction=100.0000%, Lmin=-1579.60, Lmax=-28.11
23:31:46 [ultranest] [DEBUG] iteration=1533, ncalls=4037, regioncalls=62280, ndraw=40, logz=-1585.15, remainder_fraction=100.0000%, Lmin=-1579.48, Lmax=-28.11
23:31:46 [ultranest] [DEBUG] iteration=1535, ncalls=4040, regioncalls=62400, ndraw=40, logz=-1585.02, remainder_fraction=100.0000%, Lmin=-1579.03, Lmax=-28.11
23:31:47 [ultranest] [DEBUG] iteration=1538, ncalls=4048, regioncalls=62720, ndraw=40, logz=-1584.75, remainder_fraction=100.0000%, Lmin=-1578.88, Lmax=-28.11
23:31:47 [ultranest] [DEBUG] iteration=1539, ncalls=4051, regioncalls=62840, ndraw=40, logz=-1584.67, remainder_fraction=100.0000%, Lmin=-1578.85, Lmax=-28.11
23:31:47 [ultranest] [DEBUG] iteration=1540, ncalls=4053, regioncalls=62920, ndraw=40, logz=-1584.59, remainder_fraction=100.0000%, Lmin=-1578.80, Lmax=-28.11
23:31:47 [ultranest] [DEBUG] iteration=1541, ncalls=4054, regioncalls=62960, ndraw=40, logz=-1584.52, remainder_fraction=100.0000%, Lmin=-1578.71, Lmax=-28.11
23:31:48 [ultranest] [DEBUG] iteration=1543, ncalls=4059, regioncalls=63160, ndraw=40, logz=-1584.37, remainder_fraction=100.0000%, Lmin=-1578.65, Lmax=-28.11
23:31:48 [ultranest] [DEBUG] iteration=1545, ncalls=4067, regioncalls=63480, ndraw=40, logz=-1584.23, remainder_fraction=100.0000%, Lmin=-1578.53, Lmax=-28.11
23:31:48 [ultranest] [DEBUG] iteration=1546, ncalls=4069, regioncalls=63560, ndraw=40, logz=-1584.16, remainder_fraction=100.0000%, Lmin=-1578.42, Lmax=-28.11
23:31:48 [ultranest] [DEBUG] iteration=1547, ncalls=4070, regioncalls=63600, ndraw=40, logz=-1584.09, remainder_fraction=100.0000%, Lmin=-1578.36, Lmax=-28.11
23:31:48 [ultranest] [DEBUG] iteration=1548, ncalls=4076, regioncalls=63840, ndraw=40, logz=-1584.02, remainder_fraction=100.0000%, Lmin=-1578.28, Lmax=-28.11
23:31:48 [ultranest] [DEBUG] iteration=1549, ncalls=4079, regioncalls=63960, ndraw=40, logz=-1583.95, remainder_fraction=100.0000%, Lmin=-1578.28, Lmax=-28.11
23:31:49 [ultranest] [DEBUG] iteration=1553, ncalls=4084, regioncalls=64160, ndraw=40, logz=-1583.68, remainder_fraction=100.0000%, Lmin=-1578.07, Lmax=-28.11
23:31:49 [ultranest] [DEBUG] iteration=1555, ncalls=4088, regioncalls=64320, ndraw=40, logz=-1583.55, remainder_fraction=100.0000%, Lmin=-1577.75, Lmax=-28.11
23:31:49 [ultranest] [DEBUG] iteration=1557, ncalls=4090, regioncalls=64400, ndraw=40, logz=-1583.41, remainder_fraction=100.0000%, Lmin=-1577.57, Lmax=-28.11
23:31:49 [ultranest] [DEBUG] iteration=1558, ncalls=4092, regioncalls=64480, ndraw=40, logz=-1583.33, remainder_fraction=100.0000%, Lmin=-1577.44, Lmax=-28.11
23:31:49 [ultranest] [DEBUG] iteration=1560, ncalls=4095, regioncalls=64600, ndraw=40, logz=-1583.17, remainder_fraction=100.0000%, Lmin=-1577.35, Lmax=-28.11
23:31:49 [ultranest] [DEBUG] iteration=1562, ncalls=4100, regioncalls=64800, ndraw=40, logz=-1583.02, remainder_fraction=100.0000%, Lmin=-1577.30, Lmax=-28.11
23:31:50 [ultranest] [DEBUG] iteration=1563, ncalls=4105, regioncalls=65000, ndraw=40, logz=-1582.95, remainder_fraction=100.0000%, Lmin=-1577.22, Lmax=-28.11
23:31:50 [ultranest] [DEBUG] iteration=1566, ncalls=4110, regioncalls=65200, ndraw=40, logz=-1582.74, remainder_fraction=100.0000%, Lmin=-1577.12, Lmax=-28.11
23:31:50 [ultranest] [DEBUG] iteration=1568, ncalls=4114, regioncalls=65360, ndraw=40, logz=-1582.62, remainder_fraction=100.0000%, Lmin=-1577.10, Lmax=-28.11
23:31:50 [ultranest] [DEBUG] iteration=1569, ncalls=4118, regioncalls=65520, ndraw=40, logz=-1582.56, remainder_fraction=100.0000%, Lmin=-1577.04, Lmax=-28.11
23:31:50 [ultranest] [DEBUG] iteration=1570, ncalls=4123, regioncalls=65720, ndraw=40, logz=-1582.51, remainder_fraction=100.0000%, Lmin=-1577.03, Lmax=-28.11
23:31:50 [ultranest] [DEBUG] iteration=1571, ncalls=4126, regioncalls=65840, ndraw=40, logz=-1582.45, remainder_fraction=100.0000%, Lmin=-1576.98, Lmax=-28.11
23:31:51 [ultranest] [DEBUG] iteration=1572, ncalls=4129, regioncalls=65960, ndraw=40, logz=-1582.40, remainder_fraction=100.0000%, Lmin=-1576.90, Lmax=-28.11
23:31:51 [ultranest] [DEBUG] iteration=1574, ncalls=4133, regioncalls=66120, ndraw=40, logz=-1582.29, remainder_fraction=100.0000%, Lmin=-1576.80, Lmax=-28.11
23:31:51 [ultranest] [DEBUG] iteration=1575, ncalls=4135, regioncalls=66200, ndraw=40, logz=-1582.23, remainder_fraction=100.0000%, Lmin=-1576.73, Lmax=-28.11
23:31:51 [ultranest] [DEBUG] iteration=1576, ncalls=4138, regioncalls=66320, ndraw=40, logz=-1582.18, remainder_fraction=100.0000%, Lmin=-1576.68, Lmax=-28.11
23:31:51 [ultranest] [DEBUG] iteration=1577, ncalls=4142, regioncalls=66480, ndraw=40, logz=-1582.12, remainder_fraction=100.0000%, Lmin=-1576.66, Lmax=-28.11
23:31:52 [ultranest] [DEBUG] iteration=1579, ncalls=4149, regioncalls=66760, ndraw=40, logz=-1582.01, remainder_fraction=100.0000%, Lmin=-1576.54, Lmax=-28.11
23:31:52 [ultranest] [DEBUG] iteration=1580, ncalls=4153, regioncalls=66920, ndraw=40, logz=-1581.96, remainder_fraction=100.0000%, Lmin=-1576.54, Lmax=-28.11
23:31:52 [ultranest] [DEBUG] iteration=1583, ncalls=4159, regioncalls=67160, ndraw=40, logz=-1581.80, remainder_fraction=100.0000%, Lmin=-1576.34, Lmax=-28.11
23:31:52 [ultranest] [DEBUG] iteration=1584, ncalls=4160, regioncalls=67200, ndraw=40, logz=-1581.75, remainder_fraction=100.0000%, Lmin=-1576.32, Lmax=-28.11
23:31:52 [ultranest] [DEBUG] iteration=1586, ncalls=4163, regioncalls=67320, ndraw=40, logz=-1581.65, remainder_fraction=100.0000%, Lmin=-1576.19, Lmax=-28.11
23:31:53 [ultranest] [DEBUG] iteration=1587, ncalls=4166, regioncalls=67440, ndraw=40, logz=-1581.59, remainder_fraction=100.0000%, Lmin=-1576.17, Lmax=-28.11
23:31:53 [ultranest] [DEBUG] iteration=1589, ncalls=4171, regioncalls=67640, ndraw=40, logz=-1581.49, remainder_fraction=100.0000%, Lmin=-1576.07, Lmax=-28.11
23:31:53 [ultranest] [DEBUG] iteration=1590, ncalls=4178, regioncalls=67920, ndraw=40, logz=-1581.44, remainder_fraction=100.0000%, Lmin=-1575.97, Lmax=-28.11
23:31:53 [ultranest] [DEBUG] iteration=1592, ncalls=4184, regioncalls=68160, ndraw=40, logz=-1581.33, remainder_fraction=100.0000%, Lmin=-1575.79, Lmax=-28.11
23:31:54 [ultranest] [DEBUG] iteration=1593, ncalls=4187, regioncalls=68280, ndraw=40, logz=-1581.27, remainder_fraction=100.0000%, Lmin=-1575.75, Lmax=-28.11
23:31:54 [ultranest] [DEBUG] iteration=1596, ncalls=4198, regioncalls=68720, ndraw=40, logz=-1581.11, remainder_fraction=100.0000%, Lmin=-1575.57, Lmax=-28.11
23:31:54 [ultranest] [DEBUG] iteration=1598, ncalls=4206, regioncalls=69040, ndraw=40, logz=-1580.99, remainder_fraction=100.0000%, Lmin=-1575.51, Lmax=-28.11
23:31:54 [ultranest] [DEBUG] iteration=1600, ncalls=4209, regioncalls=69160, ndraw=40, logz=-1580.89, remainder_fraction=100.0000%, Lmin=-1575.45, Lmax=-28.11
23:31:54 [ultranest] [DEBUG] iteration=1603, ncalls=4216, regioncalls=69440, ndraw=40, logz=-1580.71, remainder_fraction=100.0000%, Lmin=-1575.15, Lmax=-28.11
23:31:54 [ultranest] [DEBUG] iteration=1606, ncalls=4226, regioncalls=69840, ndraw=40, logz=-1580.54, remainder_fraction=100.0000%, Lmin=-1575.02, Lmax=-28.11
23:31:54 [ultranest] [DEBUG] iteration=1609, ncalls=4231, regioncalls=70040, ndraw=40, logz=-1580.38, remainder_fraction=100.0000%, Lmin=-1574.94, Lmax=-28.11
23:31:55 [ultranest] [DEBUG] iteration=1611, ncalls=4237, regioncalls=70280, ndraw=40, logz=-1580.28, remainder_fraction=100.0000%, Lmin=-1574.81, Lmax=-28.11
23:31:55 [ultranest] [DEBUG] iteration=1612, ncalls=4240, regioncalls=70400, ndraw=40, logz=-1580.23, remainder_fraction=100.0000%, Lmin=-1574.81, Lmax=-28.11
23:31:55 [ultranest] [DEBUG] iteration=1615, ncalls=4245, regioncalls=70600, ndraw=40, logz=-1580.08, remainder_fraction=100.0000%, Lmin=-1574.74, Lmax=-28.11
23:31:55 [ultranest] [DEBUG] iteration=1617, ncalls=4255, regioncalls=71000, ndraw=40, logz=-1579.98, remainder_fraction=100.0000%, Lmin=-1574.42, Lmax=-28.11
23:31:55 [ultranest] [DEBUG] iteration=1619, ncalls=4261, regioncalls=71240, ndraw=40, logz=-1579.87, remainder_fraction=100.0000%, Lmin=-1574.29, Lmax=-28.11
23:31:55 [ultranest] [DEBUG] iteration=1622, ncalls=4265, regioncalls=71400, ndraw=40, logz=-1579.70, remainder_fraction=100.0000%, Lmin=-1574.23, Lmax=-28.11
23:31:55 [ultranest] [DEBUG] iteration=1624, ncalls=4271, regioncalls=71640, ndraw=40, logz=-1579.60, remainder_fraction=100.0000%, Lmin=-1574.17, Lmax=-28.11
23:31:56 [ultranest] [DEBUG] iteration=1627, ncalls=4276, regioncalls=71840, ndraw=40, logz=-1579.45, remainder_fraction=100.0000%, Lmin=-1574.01, Lmax=-28.11
23:31:56 [ultranest] [DEBUG] iteration=1629, ncalls=4285, regioncalls=72200, ndraw=40, logz=-1579.35, remainder_fraction=100.0000%, Lmin=-1573.97, Lmax=-28.11
23:31:56 [ultranest] [DEBUG] iteration=1630, ncalls=4289, regioncalls=72360, ndraw=40, logz=-1579.30, remainder_fraction=100.0000%, Lmin=-1573.96, Lmax=-28.11
23:31:56 [ultranest] [DEBUG] iteration=1633, ncalls=4308, regioncalls=73120, ndraw=40, logz=-1579.17, remainder_fraction=100.0000%, Lmin=-1573.93, Lmax=-28.11
23:31:56 [ultranest] [DEBUG] iteration=1637, ncalls=4312, regioncalls=73280, ndraw=40, logz=-1579.01, remainder_fraction=100.0000%, Lmin=-1573.90, Lmax=-28.11
23:31:56 [ultranest] [DEBUG] iteration=1639, ncalls=4317, regioncalls=73480, ndraw=40, logz=-1578.94, remainder_fraction=100.0000%, Lmin=-1573.82, Lmax=-28.11
23:31:57 [ultranest] [DEBUG] iteration=1641, ncalls=4323, regioncalls=73720, ndraw=40, logz=-1578.86, remainder_fraction=100.0000%, Lmin=-1573.78, Lmax=-28.11
23:31:57 [ultranest] [DEBUG] iteration=1646, ncalls=4330, regioncalls=74000, ndraw=40, logz=-1578.69, remainder_fraction=100.0000%, Lmin=-1573.65, Lmax=-28.11
23:31:57 [ultranest] [DEBUG] iteration=1649, ncalls=4336, regioncalls=74240, ndraw=40, logz=-1578.59, remainder_fraction=100.0000%, Lmin=-1573.56, Lmax=-28.11
23:31:57 [ultranest] [DEBUG] iteration=1652, ncalls=4346, regioncalls=74640, ndraw=40, logz=-1578.49, remainder_fraction=100.0000%, Lmin=-1573.51, Lmax=-28.11
23:31:57 [ultranest] [DEBUG] iteration=1654, ncalls=4351, regioncalls=74840, ndraw=40, logz=-1578.42, remainder_fraction=100.0000%, Lmin=-1573.46, Lmax=-28.11
23:31:58 [ultranest] [DEBUG] iteration=1655, ncalls=4355, regioncalls=75000, ndraw=40, logz=-1578.39, remainder_fraction=100.0000%, Lmin=-1573.45, Lmax=-28.11
23:31:58 [ultranest] [DEBUG] iteration=1656, ncalls=4358, regioncalls=75120, ndraw=40, logz=-1578.36, remainder_fraction=100.0000%, Lmin=-1573.43, Lmax=-28.11
23:31:58 [ultranest] [DEBUG] iteration=1658, ncalls=4361, regioncalls=75240, ndraw=40, logz=-1578.30, remainder_fraction=100.0000%, Lmin=-1573.39, Lmax=-28.11
23:31:58 [ultranest] [DEBUG] iteration=1659, ncalls=4364, regioncalls=75360, ndraw=40, logz=-1578.27, remainder_fraction=100.0000%, Lmin=-1573.36, Lmax=-28.11
23:31:58 [ultranest] [DEBUG] iteration=1661, ncalls=4370, regioncalls=75600, ndraw=40, logz=-1578.21, remainder_fraction=100.0000%, Lmin=-1573.27, Lmax=-28.11
23:31:58 [ultranest] [DEBUG] iteration=1663, ncalls=4375, regioncalls=75800, ndraw=40, logz=-1578.15, remainder_fraction=100.0000%, Lmin=-1573.23, Lmax=-28.11
23:31:59 [ultranest] [DEBUG] iteration=1667, ncalls=4379, regioncalls=75960, ndraw=40, logz=-1578.03, remainder_fraction=100.0000%, Lmin=-1573.17, Lmax=-28.11
23:31:59 [ultranest] [DEBUG] iteration=1669, ncalls=4389, regioncalls=76360, ndraw=40, logz=-1577.98, remainder_fraction=100.0000%, Lmin=-1573.15, Lmax=-28.11
23:31:59 [ultranest] [DEBUG] iteration=1673, ncalls=4396, regioncalls=76640, ndraw=40, logz=-1577.87, remainder_fraction=100.0000%, Lmin=-1573.12, Lmax=-28.11
23:32:00 [ultranest] [DEBUG] iteration=1674, ncalls=4397, regioncalls=76680, ndraw=40, logz=-1577.85, remainder_fraction=100.0000%, Lmin=-1573.11, Lmax=-28.11
23:32:00 [ultranest] [DEBUG] iteration=1675, ncalls=4399, regioncalls=76760, ndraw=40, logz=-1577.82, remainder_fraction=100.0000%, Lmin=-1573.03, Lmax=-28.11
23:32:00 [ultranest] [DEBUG] iteration=1676, ncalls=4401, regioncalls=76840, ndraw=40, logz=-1577.80, remainder_fraction=100.0000%, Lmin=-1573.02, Lmax=-28.11
23:32:01 [ultranest] [DEBUG] iteration=1677, ncalls=4404, regioncalls=76960, ndraw=40, logz=-1577.77, remainder_fraction=100.0000%, Lmin=-1572.96, Lmax=-28.11
23:32:01 [ultranest] [DEBUG] iteration=1678, ncalls=4407, regioncalls=77080, ndraw=40, logz=-1577.74, remainder_fraction=100.0000%, Lmin=-1572.96, Lmax=-28.11
23:32:02 [ultranest] [DEBUG] iteration=1679, ncalls=4411, regioncalls=77240, ndraw=40, logz=-1577.72, remainder_fraction=100.0000%, Lmin=-1572.95, Lmax=-28.11
23:32:02 [ultranest] [DEBUG] iteration=1680, ncalls=4415, regioncalls=77400, ndraw=40, logz=-1577.69, remainder_fraction=100.0000%, Lmin=-1572.93, Lmax=-28.11
23:32:03 [ultranest] [DEBUG] iteration=1681, ncalls=4421, regioncalls=77640, ndraw=40, logz=-1577.67, remainder_fraction=100.0000%, Lmin=-1572.91, Lmax=-28.11
23:32:04 [ultranest] [DEBUG] iteration=1682, ncalls=4426, regioncalls=77840, ndraw=40, logz=-1577.64, remainder_fraction=100.0000%, Lmin=-1572.91, Lmax=-28.11
23:32:04 [ultranest] [DEBUG] iteration=1683, ncalls=4427, regioncalls=77880, ndraw=40, logz=-1577.62, remainder_fraction=100.0000%, Lmin=-1572.88, Lmax=-28.11
23:32:04 [ultranest] [DEBUG] iteration=1684, ncalls=4430, regioncalls=78000, ndraw=40, logz=-1577.59, remainder_fraction=100.0000%, Lmin=-1572.86, Lmax=-28.11
23:32:05 [ultranest] [DEBUG] iteration=1685, ncalls=4432, regioncalls=78080, ndraw=40, logz=-1577.57, remainder_fraction=100.0000%, Lmin=-1572.86, Lmax=-28.11
23:32:05 [ultranest] [DEBUG] iteration=1686, ncalls=4438, regioncalls=78320, ndraw=40, logz=-1577.55, remainder_fraction=100.0000%, Lmin=-1572.85, Lmax=-28.11
23:32:06 [ultranest] [DEBUG] iteration=1687, ncalls=4439, regioncalls=78360, ndraw=40, logz=-1577.52, remainder_fraction=100.0000%, Lmin=-1572.83, Lmax=-28.11
23:32:06 [ultranest] [DEBUG] iteration=1688, ncalls=4441, regioncalls=78440, ndraw=40, logz=-1577.50, remainder_fraction=100.0000%, Lmin=-1572.82, Lmax=-28.11
23:32:06 [ultranest] [DEBUG] iteration=1689, ncalls=4443, regioncalls=78520, ndraw=40, logz=-1577.48, remainder_fraction=100.0000%, Lmin=-1572.82, Lmax=-28.11
23:32:06 [ultranest] [DEBUG] iteration=1693, ncalls=4448, regioncalls=78720, ndraw=40, logz=-1577.39, remainder_fraction=100.0000%, Lmin=-1572.73, Lmax=-28.11
23:32:06 [ultranest] [DEBUG] iteration=1696, ncalls=4454, regioncalls=78960, ndraw=40, logz=-1577.32, remainder_fraction=100.0000%, Lmin=-1572.70, Lmax=-28.11
23:32:07 [ultranest] [DEBUG] iteration=1698, ncalls=4461, regioncalls=79240, ndraw=40, logz=-1577.28, remainder_fraction=100.0000%, Lmin=-1572.69, Lmax=-28.11
23:32:07 [ultranest] [DEBUG] iteration=1700, ncalls=4466, regioncalls=79440, ndraw=40, logz=-1577.23, remainder_fraction=100.0000%, Lmin=-1572.68, Lmax=-28.11
23:32:07 [ultranest] [DEBUG] iteration=1701, ncalls=4468, regioncalls=79520, ndraw=40, logz=-1577.21, remainder_fraction=100.0000%, Lmin=-1572.68, Lmax=-28.11
23:32:07 [ultranest] [DEBUG] iteration=1703, ncalls=4475, regioncalls=79800, ndraw=40, logz=-1577.17, remainder_fraction=100.0000%, Lmin=-1572.66, Lmax=-28.11
23:32:07 [ultranest] [DEBUG] iteration=1705, ncalls=4479, regioncalls=79960, ndraw=40, logz=-1577.14, remainder_fraction=100.0000%, Lmin=-1572.66, Lmax=-28.11
23:32:07 [ultranest] [DEBUG] iteration=1707, ncalls=4482, regioncalls=80080, ndraw=40, logz=-1577.10, remainder_fraction=100.0000%, Lmin=-1572.64, Lmax=-28.11
23:32:08 [ultranest] [DEBUG] iteration=1708, ncalls=4483, regioncalls=80120, ndraw=40, logz=-1577.08, remainder_fraction=100.0000%, Lmin=-1572.63, Lmax=-28.11
23:32:08 [ultranest] [DEBUG] iteration=1710, ncalls=4489, regioncalls=80360, ndraw=40, logz=-1577.04, remainder_fraction=100.0000%, Lmin=-1572.61, Lmax=-28.11
23:32:08 [ultranest] [DEBUG] iteration=1712, ncalls=4493, regioncalls=80520, ndraw=40, logz=-1577.01, remainder_fraction=100.0000%, Lmin=-1572.60, Lmax=-28.11
23:32:08 [ultranest] [DEBUG] iteration=1714, ncalls=4499, regioncalls=80760, ndraw=40, logz=-1576.97, remainder_fraction=100.0000%, Lmin=-1572.60, Lmax=-28.11
23:32:08 [ultranest] [DEBUG] iteration=1717, ncalls=4504, regioncalls=80960, ndraw=40, logz=-1576.92, remainder_fraction=100.0000%, Lmin=-1572.59, Lmax=-28.11
23:32:08 [ultranest] [DEBUG] iteration=1719, ncalls=4509, regioncalls=81160, ndraw=40, logz=-1576.89, remainder_fraction=100.0000%, Lmin=-1572.58, Lmax=-28.11
23:32:08 [ultranest] [DEBUG] iteration=1722, ncalls=4518, regioncalls=81520, ndraw=40, logz=-1576.85, remainder_fraction=100.0000%, Lmin=-1572.58, Lmax=-28.11
23:32:09 [ultranest] [DEBUG] iteration=1725, ncalls=4523, regioncalls=81720, ndraw=40, logz=-1576.80, remainder_fraction=100.0000%, Lmin=-1572.57, Lmax=-28.11
23:32:09 [ultranest] [DEBUG] iteration=1727, ncalls=4528, regioncalls=81920, ndraw=40, logz=-1576.77, remainder_fraction=100.0000%, Lmin=-1572.57, Lmax=-28.11
23:32:09 [ultranest] [DEBUG] iteration=1730, ncalls=4539, regioncalls=82360, ndraw=40, logz=-1576.73, remainder_fraction=100.0000%, Lmin=-1572.56, Lmax=-28.11
23:32:09 [ultranest] [DEBUG] iteration=1731, ncalls=4543, regioncalls=82520, ndraw=40, logz=-1576.72, remainder_fraction=100.0000%, Lmin=-1572.56, Lmax=-28.11
23:32:09 [ultranest] [DEBUG] iteration=1733, ncalls=4550, regioncalls=82800, ndraw=40, logz=-1576.69, remainder_fraction=100.0000%, Lmin=-1572.54, Lmax=-28.11
23:32:09 [ultranest] [DEBUG] iteration=1736, ncalls=4555, regioncalls=83000, ndraw=40, logz=-1576.65, remainder_fraction=100.0000%, Lmin=-1572.50, Lmax=-28.11
23:32:09 [ultranest] [DEBUG] iteration=1738, ncalls=4559, regioncalls=83160, ndraw=40, logz=-1576.62, remainder_fraction=100.0000%, Lmin=-1572.49, Lmax=-28.11
23:32:10 [ultranest] [DEBUG] iteration=1740, ncalls=4562, regioncalls=83280, ndraw=40, logz=-1576.60, remainder_fraction=100.0000%, Lmin=-1572.42, Lmax=-28.11
23:32:10 [ultranest] [DEBUG] iteration=1743, ncalls=4566, regioncalls=83440, ndraw=40, logz=-1576.56, remainder_fraction=100.0000%, Lmin=-1572.40, Lmax=-28.11
23:32:10 [ultranest] [DEBUG] iteration=1745, ncalls=4572, regioncalls=83680, ndraw=40, logz=-1576.53, remainder_fraction=100.0000%, Lmin=-1572.36, Lmax=-28.11
23:32:10 [ultranest] [DEBUG] iteration=1746, ncalls=4576, regioncalls=83840, ndraw=40, logz=-1576.52, remainder_fraction=100.0000%, Lmin=-1572.36, Lmax=-28.11
23:32:10 [ultranest] [DEBUG] iteration=1748, ncalls=4582, regioncalls=84080, ndraw=40, logz=-1576.49, remainder_fraction=100.0000%, Lmin=-1572.33, Lmax=-28.11
23:32:11 [ultranest] [DEBUG] iteration=1749, ncalls=4584, regioncalls=84160, ndraw=40, logz=-1576.48, remainder_fraction=100.0000%, Lmin=-1572.33, Lmax=-28.11
23:32:11 [ultranest] [DEBUG] iteration=1750, ncalls=4586, regioncalls=84240, ndraw=40, logz=-1576.46, remainder_fraction=100.0000%, Lmin=-1572.32, Lmax=-28.11
23:32:11 [ultranest] [DEBUG] iteration=1753, ncalls=4591, regioncalls=84440, ndraw=40, logz=-1576.42, remainder_fraction=100.0000%, Lmin=-1572.29, Lmax=-28.11
23:32:11 [ultranest] [DEBUG] iteration=1755, ncalls=4599, regioncalls=84760, ndraw=40, logz=-1576.40, remainder_fraction=100.0000%, Lmin=-1572.29, Lmax=-28.11
23:32:12 [ultranest] [DEBUG] iteration=1758, ncalls=4602, regioncalls=84880, ndraw=40, logz=-1576.36, remainder_fraction=100.0000%, Lmin=-1572.24, Lmax=-28.11
23:32:12 [ultranest] [DEBUG] iteration=1760, ncalls=4623, regioncalls=85720, ndraw=40, logz=-1576.33, remainder_fraction=100.0000%, Lmin=-1572.20, Lmax=-28.11
23:32:12 [ultranest] [DEBUG] iteration=1761, ncalls=4626, regioncalls=85840, ndraw=40, logz=-1576.32, remainder_fraction=100.0000%, Lmin=-1572.20, Lmax=-28.11
23:32:13 [ultranest] [DEBUG] iteration=1763, ncalls=4640, regioncalls=86400, ndraw=40, logz=-1576.30, remainder_fraction=100.0000%, Lmin=-1572.18, Lmax=-28.11
23:32:13 [ultranest] [DEBUG] iteration=1765, ncalls=4644, regioncalls=86560, ndraw=40, logz=-1576.27, remainder_fraction=100.0000%, Lmin=-1572.18, Lmax=-28.11
23:32:13 [ultranest] [DEBUG] iteration=1768, ncalls=4649, regioncalls=86760, ndraw=40, logz=-1576.23, remainder_fraction=100.0000%, Lmin=-1572.17, Lmax=-28.11
23:32:13 [ultranest] [DEBUG] iteration=1769, ncalls=4651, regioncalls=86840, ndraw=40, logz=-1576.22, remainder_fraction=100.0000%, Lmin=-1572.16, Lmax=-28.11
23:32:14 [ultranest] [DEBUG] iteration=1771, ncalls=4659, regioncalls=87160, ndraw=40, logz=-1576.20, remainder_fraction=100.0000%, Lmin=-1572.14, Lmax=-28.11
23:32:14 [ultranest] [DEBUG] iteration=1774, ncalls=4664, regioncalls=87360, ndraw=40, logz=-1576.16, remainder_fraction=100.0000%, Lmin=-1572.03, Lmax=-28.11
23:32:14 [ultranest] [DEBUG] iteration=1775, ncalls=4670, regioncalls=87600, ndraw=40, logz=-1576.15, remainder_fraction=100.0000%, Lmin=-1572.01, Lmax=-28.11
23:32:14 [ultranest] [DEBUG] iteration=1776, ncalls=4672, regioncalls=87680, ndraw=40, logz=-1576.14, remainder_fraction=100.0000%, Lmin=-1571.97, Lmax=-28.11
23:32:14 [ultranest] [DEBUG] iteration=1777, ncalls=4675, regioncalls=87800, ndraw=40, logz=-1576.12, remainder_fraction=100.0000%, Lmin=-1571.95, Lmax=-28.11
23:32:15 [ultranest] [DEBUG] iteration=1780, ncalls=4683, regioncalls=88120, ndraw=40, logz=-1576.08, remainder_fraction=100.0000%, Lmin=-1571.89, Lmax=-28.11
23:32:15 [ultranest] [DEBUG] iteration=1782, ncalls=4687, regioncalls=88280, ndraw=40, logz=-1576.06, remainder_fraction=100.0000%, Lmin=-1571.86, Lmax=-28.11
23:32:15 [ultranest] [DEBUG] iteration=1783, ncalls=4692, regioncalls=88480, ndraw=40, logz=-1576.04, remainder_fraction=100.0000%, Lmin=-1571.85, Lmax=-28.11
23:32:15 [ultranest] [DEBUG] iteration=1784, ncalls=4693, regioncalls=88520, ndraw=40, logz=-1576.03, remainder_fraction=100.0000%, Lmin=-1571.85, Lmax=-28.11
23:32:15 [ultranest] [DEBUG] iteration=1787, ncalls=4697, regioncalls=88680, ndraw=40, logz=-1575.99, remainder_fraction=100.0000%, Lmin=-1571.82, Lmax=-28.11
23:32:15 [ultranest] [DEBUG] iteration=1789, ncalls=4700, regioncalls=88800, ndraw=40, logz=-1575.96, remainder_fraction=100.0000%, Lmin=-1571.80, Lmax=-28.11
23:32:19 [ultranest] [DEBUG] iteration=1790, ncalls=4702, regioncalls=88880, ndraw=40, logz=-1575.95, remainder_fraction=100.0000%, Lmin=-1571.78, Lmax=-28.11
23:32:19 [ultranest] [DEBUG] iteration=1791, ncalls=4704, regioncalls=88960, ndraw=40, logz=-1575.94, remainder_fraction=100.0000%, Lmin=-1571.76, Lmax=-28.11
23:32:19 [ultranest] [DEBUG] iteration=1793, ncalls=4711, regioncalls=89240, ndraw=40, logz=-1575.91, remainder_fraction=100.0000%, Lmin=-1571.73, Lmax=-28.11
23:32:19 [ultranest] [DEBUG] iteration=1794, ncalls=4714, regioncalls=89360, ndraw=40, logz=-1575.90, remainder_fraction=100.0000%, Lmin=-1571.73, Lmax=-28.11
23:32:19 [ultranest] [DEBUG] iteration=1797, ncalls=4719, regioncalls=89560, ndraw=40, logz=-1575.86, remainder_fraction=100.0000%, Lmin=-1571.67, Lmax=-28.11
23:32:20 [ultranest] [DEBUG] iteration=1798, ncalls=4720, regioncalls=89600, ndraw=40, logz=-1575.84, remainder_fraction=100.0000%, Lmin=-1571.66, Lmax=-28.11
23:32:20 [ultranest] [DEBUG] iteration=1802, ncalls=4727, regioncalls=89880, ndraw=40, logz=-1575.79, remainder_fraction=100.0000%, Lmin=-1571.58, Lmax=-28.11
23:32:20 [ultranest] [DEBUG] iteration=1804, ncalls=4733, regioncalls=90120, ndraw=40, logz=-1575.76, remainder_fraction=100.0000%, Lmin=-1571.52, Lmax=-28.11
23:32:20 [ultranest] [DEBUG] iteration=1806, ncalls=4741, regioncalls=90440, ndraw=40, logz=-1575.74, remainder_fraction=100.0000%, Lmin=-1571.46, Lmax=-28.11
23:32:20 [ultranest] [DEBUG] iteration=1807, ncalls=4743, regioncalls=90520, ndraw=40, logz=-1575.72, remainder_fraction=100.0000%, Lmin=-1571.44, Lmax=-28.11
23:32:20 [ultranest] [DEBUG] iteration=1809, ncalls=4759, regioncalls=91160, ndraw=40, logz=-1575.69, remainder_fraction=100.0000%, Lmin=-1571.36, Lmax=-28.11
23:32:21 [ultranest] [DEBUG] iteration=1810, ncalls=4763, regioncalls=91320, ndraw=40, logz=-1575.68, remainder_fraction=100.0000%, Lmin=-1571.30, Lmax=-28.11
23:32:21 [ultranest] [DEBUG] iteration=1811, ncalls=4764, regioncalls=91360, ndraw=40, logz=-1575.66, remainder_fraction=100.0000%, Lmin=-1571.29, Lmax=-28.11
23:32:21 [ultranest] [DEBUG] iteration=1812, ncalls=4767, regioncalls=91480, ndraw=40, logz=-1575.64, remainder_fraction=100.0000%, Lmin=-1571.23, Lmax=-28.11
23:32:21 [ultranest] [DEBUG] iteration=1814, ncalls=4773, regioncalls=91720, ndraw=40, logz=-1575.61, remainder_fraction=100.0000%, Lmin=-1571.18, Lmax=-28.11
23:32:22 [ultranest] [DEBUG] iteration=1816, ncalls=4777, regioncalls=91880, ndraw=40, logz=-1575.58, remainder_fraction=100.0000%, Lmin=-1571.13, Lmax=-28.11
23:32:22 [ultranest] [DEBUG] iteration=1817, ncalls=4787, regioncalls=92280, ndraw=40, logz=-1575.56, remainder_fraction=100.0000%, Lmin=-1571.10, Lmax=-28.11
23:32:23 [ultranest] [DEBUG] iteration=1818, ncalls=4788, regioncalls=92320, ndraw=40, logz=-1575.54, remainder_fraction=100.0000%, Lmin=-1571.10, Lmax=-28.11
23:32:23 [ultranest] [DEBUG] iteration=1820, ncalls=4792, regioncalls=92480, ndraw=40, logz=-1575.51, remainder_fraction=100.0000%, Lmin=-1571.02, Lmax=-28.11
23:32:23 [ultranest] [DEBUG] iteration=1823, ncalls=4798, regioncalls=92720, ndraw=40, logz=-1575.45, remainder_fraction=100.0000%, Lmin=-1570.94, Lmax=-28.11
23:32:23 [ultranest] [DEBUG] iteration=1826, ncalls=4804, regioncalls=92960, ndraw=40, logz=-1575.40, remainder_fraction=100.0000%, Lmin=-1570.84, Lmax=-28.11
23:32:23 [ultranest] [DEBUG] iteration=1827, ncalls=4808, regioncalls=93120, ndraw=40, logz=-1575.38, remainder_fraction=100.0000%, Lmin=-1570.83, Lmax=-28.11
23:32:24 [ultranest] [DEBUG] iteration=1828, ncalls=4819, regioncalls=93560, ndraw=40, logz=-1575.36, remainder_fraction=100.0000%, Lmin=-1570.80, Lmax=-28.11
23:32:24 [ultranest] [DEBUG] iteration=1830, ncalls=4825, regioncalls=93800, ndraw=40, logz=-1575.32, remainder_fraction=100.0000%, Lmin=-1570.80, Lmax=-28.11
23:32:24 [ultranest] [DEBUG] iteration=1833, ncalls=4829, regioncalls=93960, ndraw=40, logz=-1575.27, remainder_fraction=100.0000%, Lmin=-1570.79, Lmax=-28.11
23:32:24 [ultranest] [DEBUG] iteration=1836, ncalls=4841, regioncalls=94440, ndraw=40, logz=-1575.22, remainder_fraction=100.0000%, Lmin=-1570.73, Lmax=-28.11
23:32:24 [ultranest] [DEBUG] iteration=1838, ncalls=4847, regioncalls=94680, ndraw=40, logz=-1575.18, remainder_fraction=100.0000%, Lmin=-1570.62, Lmax=-28.11
23:32:24 [ultranest] [DEBUG] iteration=1839, ncalls=4855, regioncalls=95000, ndraw=40, logz=-1575.16, remainder_fraction=100.0000%, Lmin=-1570.61, Lmax=-28.11
23:32:25 [ultranest] [DEBUG] iteration=1841, ncalls=4858, regioncalls=95120, ndraw=40, logz=-1575.13, remainder_fraction=100.0000%, Lmin=-1570.54, Lmax=-28.11
23:32:25 [ultranest] [DEBUG] iteration=1842, ncalls=4862, regioncalls=95280, ndraw=40, logz=-1575.11, remainder_fraction=100.0000%, Lmin=-1570.51, Lmax=-28.11
23:32:25 [ultranest] [DEBUG] iteration=1843, ncalls=4865, regioncalls=95400, ndraw=40, logz=-1575.09, remainder_fraction=100.0000%, Lmin=-1570.43, Lmax=-28.11
23:32:25 [ultranest] [DEBUG] iteration=1844, ncalls=4872, regioncalls=95680, ndraw=40, logz=-1575.07, remainder_fraction=100.0000%, Lmin=-1570.33, Lmax=-28.11
23:32:25 [ultranest] [DEBUG] iteration=1845, ncalls=4873, regioncalls=95720, ndraw=40, logz=-1575.05, remainder_fraction=100.0000%, Lmin=-1570.30, Lmax=-28.11
23:32:26 [ultranest] [DEBUG] iteration=1847, ncalls=4882, regioncalls=96080, ndraw=40, logz=-1575.00, remainder_fraction=100.0000%, Lmin=-1570.21, Lmax=-28.11
23:32:26 [ultranest] [DEBUG] iteration=1848, ncalls=4887, regioncalls=96280, ndraw=40, logz=-1574.98, remainder_fraction=100.0000%, Lmin=-1570.19, Lmax=-28.11
23:32:26 [ultranest] [DEBUG] iteration=1849, ncalls=4891, regioncalls=96440, ndraw=40, logz=-1574.95, remainder_fraction=100.0000%, Lmin=-1570.14, Lmax=-28.11
23:32:26 [ultranest] [DEBUG] iteration=1851, ncalls=4897, regioncalls=96680, ndraw=40, logz=-1574.91, remainder_fraction=100.0000%, Lmin=-1570.10, Lmax=-28.11
23:32:26 [ultranest] [DEBUG] iteration=1852, ncalls=4904, regioncalls=96960, ndraw=40, logz=-1574.88, remainder_fraction=100.0000%, Lmin=-1570.06, Lmax=-28.11
23:32:26 [ultranest] [DEBUG] iteration=1854, ncalls=4913, regioncalls=97320, ndraw=40, logz=-1574.83, remainder_fraction=100.0000%, Lmin=-1569.94, Lmax=-28.11
23:32:27 [ultranest] [DEBUG] iteration=1855, ncalls=4920, regioncalls=97600, ndraw=40, logz=-1574.81, remainder_fraction=100.0000%, Lmin=-1569.92, Lmax=-28.11
23:32:28 [ultranest] [DEBUG] iteration=1856, ncalls=4925, regioncalls=97800, ndraw=40, logz=-1574.78, remainder_fraction=100.0000%, Lmin=-1569.88, Lmax=-28.11
23:32:28 [ultranest] [DEBUG] iteration=1857, ncalls=4927, regioncalls=97880, ndraw=40, logz=-1574.75, remainder_fraction=100.0000%, Lmin=-1569.88, Lmax=-28.11
23:32:28 [ultranest] [DEBUG] iteration=1859, ncalls=4929, regioncalls=97960, ndraw=40, logz=-1574.70, remainder_fraction=100.0000%, Lmin=-1569.70, Lmax=-28.11
23:32:28 [ultranest] [DEBUG] iteration=1860, ncalls=4930, regioncalls=98000, ndraw=40, logz=-1574.67, remainder_fraction=100.0000%, Lmin=-1569.64, Lmax=-28.11
23:32:29 [ultranest] [DEBUG] iteration=1861, ncalls=4938, regioncalls=98320, ndraw=40, logz=-1574.64, remainder_fraction=100.0000%, Lmin=-1569.63, Lmax=-28.11
23:32:29 [ultranest] [DEBUG] iteration=1862, ncalls=4940, regioncalls=98400, ndraw=40, logz=-1574.62, remainder_fraction=100.0000%, Lmin=-1569.60, Lmax=-28.11
23:32:29 [ultranest] [DEBUG] iteration=1864, ncalls=4943, regioncalls=98520, ndraw=40, logz=-1574.55, remainder_fraction=100.0000%, Lmin=-1569.44, Lmax=-28.11
23:32:30 [ultranest] [DEBUG] iteration=1865, ncalls=4946, regioncalls=98640, ndraw=40, logz=-1574.52, remainder_fraction=100.0000%, Lmin=-1569.38, Lmax=-28.11
23:32:30 [ultranest] [DEBUG] iteration=1867, ncalls=4952, regioncalls=98880, ndraw=40, logz=-1574.46, remainder_fraction=100.0000%, Lmin=-1569.33, Lmax=-28.11
23:32:30 [ultranest] [DEBUG] iteration=1869, ncalls=4955, regioncalls=99000, ndraw=40, logz=-1574.39, remainder_fraction=100.0000%, Lmin=-1569.18, Lmax=-28.11
23:32:30 [ultranest] [DEBUG] iteration=1871, ncalls=4959, regioncalls=99160, ndraw=40, logz=-1574.32, remainder_fraction=100.0000%, Lmin=-1569.09, Lmax=-28.11
23:32:30 [ultranest] [DEBUG] iteration=1872, ncalls=4960, regioncalls=99200, ndraw=40, logz=-1574.29, remainder_fraction=100.0000%, Lmin=-1569.07, Lmax=-28.11
23:32:31 [ultranest] [DEBUG] iteration=1873, ncalls=4965, regioncalls=99400, ndraw=40, logz=-1574.25, remainder_fraction=100.0000%, Lmin=-1569.05, Lmax=-28.11
23:32:31 [ultranest] [DEBUG] iteration=1876, ncalls=4969, regioncalls=99560, ndraw=40, logz=-1574.15, remainder_fraction=100.0000%, Lmin=-1568.92, Lmax=-28.11
23:32:31 [ultranest] [DEBUG] iteration=1880, ncalls=4975, regioncalls=99800, ndraw=40, logz=-1574.00, remainder_fraction=100.0000%, Lmin=-1568.78, Lmax=-28.11
23:32:31 [ultranest] [DEBUG] iteration=1881, ncalls=4979, regioncalls=99960, ndraw=40, logz=-1573.97, remainder_fraction=100.0000%, Lmin=-1568.76, Lmax=-28.11
23:32:31 [ultranest] [DEBUG] iteration=1883, ncalls=4986, regioncalls=100240, ndraw=40, logz=-1573.90, remainder_fraction=100.0000%, Lmin=-1568.68, Lmax=-28.11
23:32:31 [ultranest] [DEBUG] iteration=1885, ncalls=4993, regioncalls=100520, ndraw=40, logz=-1573.83, remainder_fraction=100.0000%, Lmin=-1568.64, Lmax=-28.11
23:32:31 [ultranest] [DEBUG] iteration=1887, ncalls=4998, regioncalls=100720, ndraw=40, logz=-1573.76, remainder_fraction=100.0000%, Lmin=-1568.53, Lmax=-28.11
23:32:32 [ultranest] [DEBUG] iteration=1888, ncalls=5003, regioncalls=100920, ndraw=40, logz=-1573.73, remainder_fraction=100.0000%, Lmin=-1568.49, Lmax=-28.11
23:32:32 [ultranest] [DEBUG] iteration=1890, ncalls=5006, regioncalls=101040, ndraw=40, logz=-1573.66, remainder_fraction=100.0000%, Lmin=-1568.48, Lmax=-28.11
23:32:32 [ultranest] [DEBUG] iteration=1892, ncalls=5014, regioncalls=101360, ndraw=40, logz=-1573.59, remainder_fraction=100.0000%, Lmin=-1568.45, Lmax=-28.11
23:32:32 [ultranest] [DEBUG] iteration=1894, ncalls=5021, regioncalls=101640, ndraw=40, logz=-1573.53, remainder_fraction=100.0000%, Lmin=-1568.38, Lmax=-28.11
23:32:32 [ultranest] [DEBUG] iteration=1896, ncalls=5029, regioncalls=101960, ndraw=40, logz=-1573.46, remainder_fraction=100.0000%, Lmin=-1568.38, Lmax=-28.11
23:32:33 [ultranest] [DEBUG] iteration=1897, ncalls=5032, regioncalls=102080, ndraw=40, logz=-1573.43, remainder_fraction=100.0000%, Lmin=-1568.35, Lmax=-28.11
23:32:33 [ultranest] [DEBUG] iteration=1898, ncalls=5037, regioncalls=102280, ndraw=40, logz=-1573.40, remainder_fraction=100.0000%, Lmin=-1568.31, Lmax=-28.11
23:32:33 [ultranest] [DEBUG] iteration=1899, ncalls=5040, regioncalls=102400, ndraw=40, logz=-1573.37, remainder_fraction=100.0000%, Lmin=-1568.29, Lmax=-28.11
23:32:33 [ultranest] [DEBUG] iteration=1901, ncalls=5045, regioncalls=102600, ndraw=40, logz=-1573.31, remainder_fraction=100.0000%, Lmin=-1568.21, Lmax=-28.11
23:32:33 [ultranest] [DEBUG] iteration=1902, ncalls=5048, regioncalls=102720, ndraw=40, logz=-1573.28, remainder_fraction=100.0000%, Lmin=-1568.19, Lmax=-28.11
23:32:34 [ultranest] [DEBUG] iteration=1903, ncalls=5051, regioncalls=102840, ndraw=40, logz=-1573.25, remainder_fraction=100.0000%, Lmin=-1568.19, Lmax=-28.11
23:32:34 [ultranest] [DEBUG] iteration=1905, ncalls=5061, regioncalls=103240, ndraw=40, logz=-1573.19, remainder_fraction=100.0000%, Lmin=-1568.04, Lmax=-28.11
23:32:34 [ultranest] [DEBUG] iteration=1908, ncalls=5065, regioncalls=103400, ndraw=40, logz=-1573.08, remainder_fraction=100.0000%, Lmin=-1567.77, Lmax=-28.11
23:32:34 [ultranest] [DEBUG] iteration=1912, ncalls=5074, regioncalls=103760, ndraw=40, logz=-1572.94, remainder_fraction=100.0000%, Lmin=-1567.64, Lmax=-28.11
23:32:34 [ultranest] [DEBUG] iteration=1914, ncalls=5081, regioncalls=104040, ndraw=40, logz=-1572.86, remainder_fraction=100.0000%, Lmin=-1567.62, Lmax=-28.11
23:32:34 [ultranest] [DEBUG] iteration=1916, ncalls=5086, regioncalls=104240, ndraw=40, logz=-1572.79, remainder_fraction=100.0000%, Lmin=-1567.52, Lmax=-28.11
23:32:34 [ultranest] [DEBUG] iteration=1919, ncalls=5092, regioncalls=104480, ndraw=40, logz=-1572.68, remainder_fraction=100.0000%, Lmin=-1567.33, Lmax=-28.11
23:32:35 [ultranest] [DEBUG] iteration=1920, ncalls=5099, regioncalls=104760, ndraw=40, logz=-1572.64, remainder_fraction=100.0000%, Lmin=-1567.27, Lmax=-28.11
23:32:35 [ultranest] [DEBUG] iteration=1923, ncalls=5106, regioncalls=105040, ndraw=40, logz=-1572.52, remainder_fraction=100.0000%, Lmin=-1567.12, Lmax=-28.11
23:32:35 [ultranest] [DEBUG] iteration=1924, ncalls=5109, regioncalls=105160, ndraw=40, logz=-1572.48, remainder_fraction=100.0000%, Lmin=-1567.09, Lmax=-28.11
23:32:35 [ultranest] [DEBUG] iteration=1925, ncalls=5117, regioncalls=105480, ndraw=40, logz=-1572.44, remainder_fraction=100.0000%, Lmin=-1566.98, Lmax=-28.11
23:32:35 [ultranest] [DEBUG] iteration=1926, ncalls=5124, regioncalls=105760, ndraw=40, logz=-1572.40, remainder_fraction=100.0000%, Lmin=-1566.95, Lmax=-28.11
23:32:35 [ultranest] [DEBUG] iteration=1928, ncalls=5129, regioncalls=105960, ndraw=40, logz=-1572.31, remainder_fraction=100.0000%, Lmin=-1566.94, Lmax=-28.11
23:32:36 [ultranest] [DEBUG] iteration=1930, ncalls=5138, regioncalls=106320, ndraw=40, logz=-1572.23, remainder_fraction=100.0000%, Lmin=-1566.89, Lmax=-28.11
23:32:36 [ultranest] [DEBUG] iteration=1931, ncalls=5148, regioncalls=106720, ndraw=40, logz=-1572.20, remainder_fraction=100.0000%, Lmin=-1566.88, Lmax=-28.11
23:32:36 [ultranest] [DEBUG] iteration=1933, ncalls=5153, regioncalls=106920, ndraw=40, logz=-1572.12, remainder_fraction=100.0000%, Lmin=-1566.81, Lmax=-28.11
23:32:36 [ultranest] [DEBUG] iteration=1934, ncalls=5166, regioncalls=107440, ndraw=40, logz=-1572.08, remainder_fraction=100.0000%, Lmin=-1566.76, Lmax=-28.11
23:32:37 [ultranest] [DEBUG] iteration=1936, ncalls=5168, regioncalls=107520, ndraw=40, logz=-1572.01, remainder_fraction=100.0000%, Lmin=-1566.68, Lmax=-28.11
23:32:37 [ultranest] [DEBUG] iteration=1937, ncalls=5172, regioncalls=107680, ndraw=40, logz=-1571.97, remainder_fraction=100.0000%, Lmin=-1566.64, Lmax=-28.11
23:32:37 [ultranest] [DEBUG] iteration=1939, ncalls=5174, regioncalls=107760, ndraw=40, logz=-1571.89, remainder_fraction=100.0000%, Lmin=-1566.39, Lmax=-28.11
23:32:37 [ultranest] [DEBUG] iteration=1940, ncalls=5178, regioncalls=107920, ndraw=40, logz=-1571.85, remainder_fraction=100.0000%, Lmin=-1566.14, Lmax=-28.11
23:32:37 [ultranest] [DEBUG] iteration=1942, ncalls=5182, regioncalls=108080, ndraw=40, logz=-1571.74, remainder_fraction=100.0000%, Lmin=-1566.07, Lmax=-28.11
23:32:38 [ultranest] [DEBUG] iteration=1943, ncalls=5188, regioncalls=108320, ndraw=40, logz=-1571.69, remainder_fraction=100.0000%, Lmin=-1566.06, Lmax=-28.11
23:32:38 [ultranest] [DEBUG] iteration=1944, ncalls=5189, regioncalls=108360, ndraw=40, logz=-1571.64, remainder_fraction=100.0000%, Lmin=-1566.02, Lmax=-28.11
23:32:38 [ultranest] [DEBUG] iteration=1945, ncalls=5191, regioncalls=108440, ndraw=40, logz=-1571.59, remainder_fraction=100.0000%, Lmin=-1565.97, Lmax=-28.11
23:32:38 [ultranest] [DEBUG] iteration=1946, ncalls=5193, regioncalls=108520, ndraw=40, logz=-1571.54, remainder_fraction=100.0000%, Lmin=-1565.96, Lmax=-28.11
23:32:39 [ultranest] [DEBUG] iteration=1948, ncalls=5197, regioncalls=108680, ndraw=40, logz=-1571.44, remainder_fraction=100.0000%, Lmin=-1565.90, Lmax=-28.11
23:32:39 [ultranest] [DEBUG] iteration=1950, ncalls=5208, regioncalls=109120, ndraw=40, logz=-1571.35, remainder_fraction=100.0000%, Lmin=-1565.62, Lmax=-28.11
23:32:39 [ultranest] [DEBUG] iteration=1951, ncalls=5219, regioncalls=109560, ndraw=40, logz=-1571.30, remainder_fraction=100.0000%, Lmin=-1565.60, Lmax=-28.11
23:32:39 [ultranest] [DEBUG] iteration=1953, ncalls=5227, regioncalls=109880, ndraw=40, logz=-1571.19, remainder_fraction=100.0000%, Lmin=-1565.58, Lmax=-28.11
23:32:40 [ultranest] [DEBUG] iteration=1954, ncalls=5230, regioncalls=110000, ndraw=40, logz=-1571.14, remainder_fraction=100.0000%, Lmin=-1565.57, Lmax=-28.11
23:32:40 [ultranest] [DEBUG] iteration=1956, ncalls=5238, regioncalls=110320, ndraw=40, logz=-1571.05, remainder_fraction=100.0000%, Lmin=-1565.55, Lmax=-28.11
23:32:41 [ultranest] [DEBUG] iteration=1958, ncalls=5245, regioncalls=110600, ndraw=40, logz=-1570.96, remainder_fraction=100.0000%, Lmin=-1565.35, Lmax=-28.11
23:32:41 [ultranest] [DEBUG] iteration=1961, ncalls=5252, regioncalls=110880, ndraw=40, logz=-1570.81, remainder_fraction=100.0000%, Lmin=-1565.25, Lmax=-28.11
23:32:42 [ultranest] [DEBUG] iteration=1962, ncalls=5256, regioncalls=111040, ndraw=40, logz=-1570.77, remainder_fraction=100.0000%, Lmin=-1565.22, Lmax=-28.11
23:32:42 [ultranest] [DEBUG] iteration=1963, ncalls=5264, regioncalls=111360, ndraw=40, logz=-1570.72, remainder_fraction=100.0000%, Lmin=-1565.18, Lmax=-28.11
