1.588455082783967465e-01,1.331919508874515046e-01,7.580785017537149395e-01,4.698718764100032197e-01,1.226948137708915032e-01,4.216256678541731584e-01,6.812365404544470371e-01,1.784666634954160669e-01
3.575195218420593180e-01,5.020992944445117345e-01,5.492379645536977772e-01,2.246399701120493919e-01,1.131069213939209367e-01,7.548623932051918839e-01,9.619462008401281627e-01,1.769952498442466660e-01
4.247658058150515781e-01,9.516678681852610566e-01,4.953344402070145036e-01,1.739390618123790588e-01,1.636820360983502753e-01,5.334701566895201363e-01,1.050810134366589876e-01,1.810969771256678851e-01
2.853572381268422720e-01,9.289165468571016770e-01,8.757675441058750954e-01,3.073795767357626052e-01,1.107767265548733199e-01,1.530888544045936606e-01,6.285307938413113860e-01,1.778906079231546422e-01
2.287657798947203835e-01,3.540305995386434645e-01,4.605909313331473243e-01,4.482721989975264609e-01,1.436203837654998205e-01,1.131029818525050579e-01,8.545795630719731362e-01,1.768628136631344994e-01
2.222366167278985172e-01,2.602189834684611736e-01,6.333720420421717900e-01,3.819929497229185289e-01,1.653804935396243347e-01,4.001962519123677398e-01,3.018269378403398706e-02,1.814218465344888953e-01
3.305653387305249047e-01,8.734317014262262813e-01,7.978171501840376489e-01,1.554330371435667102e-01,1.710892668520417326e-01,1.258788136542107194e-01,2.472234686711972107e-01,1.801425482384577115e-01
3.460303661858353252e-01,3.469646967452805209e-01,8.755949560892295480e-01,6.050304827064256763e-03,1.700242611400222537e-01,8.874440908693781438e-01,7.546400443810054037e-01,1.764216762336413558e-01
2.398425543797926274e-01,5.577528186773521579e-01,6.913845572605926693e-01,3.501552932011523511e-01,1.657840694116505253e-01,2.883633267407786915e-02,5.354378014216016890e-01,1.782996471325658250e-01
3.307916252779811717e-01,5.250532891797263790e-01,2.138018368383120538e-01,4.147781272487378046e-01,2.003555159825939624e-01,2.435871030765349721e-01,4.058521640787021711e-02,1.795401363172710318e-01
3.704098186705961915e-01,9.440637315253179729e-01,4.807843953416173766e-01,3.214291973406895320e-01,4.505396329335614736e-02,4.751466482012691173e-01,9.587605718945669819e-01,1.791738859592110489e-01
1.776493497461008042e-01,3.577169707597689374e-01,7.569519051408032384e-01,4.869648007463166506e-01,1.673726599326290365e-01,2.378551510786658663e-01,2.642043780932690211e-01,1.785180263416213942e-01
3.277624250321404809e-01,6.158634285940467468e-01,6.991379619274926682e-01,1.587833021331193084e-01,1.668049397075911378e-01,3.813929987095990293e-01,5.840608803928784010e-01,1.766615171527743389e-01
3.119035870864310667e-01,7.723635872358547427e-01,7.802827288330533850e-01,2.471781536868566109e-01,1.251440099112832161e-01,5.884020941171581587e-01,4.107032757631175479e-01,1.796801760956560634e-01
3.387420313846823960e-01,5.991752557898113452e-01,3.546670834217489077e-01,2.812484118689806967e-01,1.917322803975202716e-01,1.189008002236194295e-01,3.036713450832355665e-01,1.815158875933417237e-01
2.627883188198727460e-01,3.199237783649422351e-01,4.129862612874938832e-01,3.914967311941442984e-01,1.824183967199384526e-01,1.339270719606996951e-01,7.671408196776299260e-01,1.771319942380746859e-01
3.052310795780858732e-01,7.309969141707328699e-01,6.060163678541117260e-01,3.234478328285920190e-01,1.559065617047205032e-01,1.794540297804900209e-01,4.207046404053055855e-01,1.799730294308088674e-01
2.968376140688658293e-01,5.988463306047330237e-01,5.464214559573220553e-01,2.471063293778396619e-01,1.848845735978731641e-01,1.077823819615725265e-02,5.293153754999609939e-01,1.797757859826739080e-01
3.190215792531354011e-01,5.636227246652930623e-01,7.576046764015073043e-01,1.937952876313678297e-01,1.316567253081422084e-01,5.648065762126487366e-01,9.412055237589709300e-01,1.766308600178191357e-01
2.608679831173383312e-01,5.641201076697359706e-01,9.663560260446726335e-01,2.674836944281108186e-01,1.408175734591794737e-01,5.424453580401944475e-01,3.570340247893539765e-01,1.788727002198202964e-01
2.274403469228795105e-01,6.042290221287488494e-01,6.621047648502849103e-01,4.303241307757041945e-01,1.512719586379259740e-01,1.062231921492216569e-01,3.673880408910824569e-01,1.790692724142500525e-01
4.245768560344178044e-01,8.501552667353147186e-01,6.233673445352668763e-01,1.348451821603300904e-01,1.599456199866667594e-01,9.454345150290769384e-01,2.805929691961798755e-01,1.797050398664727933e-01
2.984106246033986221e-01,7.218909173214995700e-01,8.150065974312227235e-01,2.071206290536687922e-01,1.263467308969516700e-01,4.503025840465957330e-01,4.675515463321748832e-01,1.789700986310880093e-01
3.078108222153528861e-01,8.099709224645982308e-01,7.958108754355665004e-01,3.120498725206601320e-01,1.244441456622454173e-01,6.108074716082939615e-01,5.201633722690889305e-01,1.764664673366009295e-01
2.983820469837107359e-01,5.986648826203785356e-01,6.030058776967153200e-01,3.496353504954823888e-01,9.114458211443826618e-02,6.332695739661375889e-01,6.892924573939553934e-01,1.782136473223900064e-01
2.959159403724087589e-01,6.162471825138470249e-01,4.065393000710518789e-01,4.203584034365550059e-01,1.657781783959710875e-01,2.987633383796557407e-01,2.268852900373481418e-01,1.785174372891137617e-01
1.442520166377412871e-01,1.900711334350172477e-01,5.989934331991130234e-01,5.489720458459810271e-01,2.406816155176918492e-01,2.698832092121566939e-02,1.802962635806358294e-01,1.774309797224561114e-01
1.526642877185831471e-01,1.975450956208539277e-01,8.967487581184265810e-01,4.095200713437393558e-01,1.670464949945140165e-01,3.903701149770408274e-01,3.507407556177463692e-01,1.777833688034687054e-01
3.622482836830058783e-01,7.813522937917130040e-01,7.525802471316949127e-01,1.187384147965774017e-01,1.740019518772599194e-01,6.882969600929683684e-01,3.193836218515659908e-01,1.782466218356291154e-01
4.549887993059080760e-01,9.732976773531749615e-01,4.013270811244186165e-01,2.477411774212618656e-01,7.592028311103714289e-02,7.571761986470963990e-01,8.586397293515359852e-01,1.797544446152996578e-01
3.070995714914900865e-01,9.178259978964005139e-01,8.328038941682256446e-01,2.964822947191121383e-01,1.266184624226111832e-01,4.152203138138447214e-01,5.509480678702127765e-01,1.760392574237177876e-01
2.367393462923459979e-01,5.874870433277828985e-01,8.481983114983311367e-01,4.078096082366907127e-01,7.099891308945860402e-02,4.182961839669020465e-01,9.902897163542611070e-01,1.770258139943683695e-01
2.665518944100051524e-01,4.736494877096312783e-01,7.716682037535946836e-01,3.590228534081714162e-01,7.106128229163931331e-02,8.751148067892152715e-01,7.976347649255690619e-01,1.783035292637128733e-01
3.150868337973169453e-01,9.199354300354529723e-01,7.035124321052380614e-01,2.837399712792714190e-01,9.924134841075220315e-02,2.079288255564667176e-01,8.996804094457655498e-01,1.778121778062231317e-01
3.018647671730467774e-01,5.484807887810386751e-01,6.576487683579721466e-01,3.252866002925511313e-01,1.340386182474723742e-01,8.253201293559400131e-01,7.239842849203148578e-03,1.811211147358973705e-01
3.384303577580021760e-01,5.411263764415528144e-01,7.391807705338664380e-01,1.040338439688879846e-01,1.848392117570479831e-01,6.119273475672472040e-01,4.771212330783375366e-01,1.775857324372411561e-01
2.959374992908117008e-01,4.812772382693331075e-01,3.735511680087584274e-01,2.998758995178623099e-01,2.207708607374151422e-01,3.267226852207888443e-02,4.741358679704912316e-01,1.794563414998110451e-01
4.012640284803023483e-01,8.423446229846328626e-01,6.771473490316590738e-01,1.094113571728803358e-01,1.425492966861641453e-01,5.867759297408496888e-01,9.195190491153937273e-01,1.758123616341989437e-01
2.718705805397729214e-01,5.037598857865317470e-01,5.331354353692618897e-01,3.599745600100913157e-01,1.514395969557700838e-01,2.369847137804820536e-01,6.840181557152765768e-01,1.784445663484588718e-01
2.661352154496881561e-01,2.564644174098702489e-01,8.857827852978569227e-01,1.423593374279197299e-01,1.384404172045531345e-01,6.680191092645402229e-01,8.149679630989048462e-01,1.765048639899519101e-01
4.075989514358826504e-01,9.532310989533310241e-01,4.221612284092958745e-01,2.830237134980062019e-01,1.396875445281742789e-01,5.910269897537656636e-01,4.145317000081255032e-01,1.785712261962623948e-01
3.352005097026307112e-01,6.392007476004168964e-01,8.798826080661225069e-01,9.372130975624681781e-02,1.631453160986723883e-01,6.367643426217007852e-01,6.009421614455698890e-01,1.768892844118128693e-01
2.695446346573135421e-01,3.977769821922669258e-01,5.235125549874405371e-01,2.573964861792188419e-01,2.733544905121637059e-01,2.498327324920163184e-02,5.586999445294815736e-02,1.781042147772216866e-01
3.234830902041975764e-01,7.441736297257054433e-01,6.126698619960463388e-01,2.649658973053813926e-01,1.268596663411335479e-01,4.860703332452174230e-01,6.652153186768230420e-01,1.776509664637051511e-01
3.574024817873627802e-01,5.002522295718949685e-01,3.652272600186691198e-01,2.508886431768089786e-01,2.056889704958874410e-01,4.251665316948425866e-01,2.465678482952093908e-02,1.801971126768708020e-01
1.495212897764933713e-01,1.814916396708704527e-01,7.763374413088048875e-01,4.934596600631253605e-01,1.731249116719880132e-01,4.342679838968505068e-02,8.501877947854790118e-01,1.758748545503319438e-01
2.855884787071349962e-01,6.326382776410901521e-01,1.602971805100790181e-01,5.475875241023404616e-01,1.677737483432022170e-01,2.067117654043437724e-02,7.577470173857454583e-01,1.781444226782168128e-01
2.856862752746963663e-01,1.243825486050891826e-01,5.524393272679957168e-01,2.904576711338776041e-01,1.323142402601353573e-01,6.924802523448873037e-01,9.280249076304365463e-01,1.759377542897747337e-01
3.448165782351903519e-01,8.159474741321977032e-01,8.492146756419587383e-01,2.027654109121572179e-01,1.130625678101271209e-01,7.362737911429911852e-01,9.225640245889780156e-01,1.746664081142264846e-01
2.973336080887206134e-01,6.632254656992279118e-01,3.842710130085449927e-01,4.527405260297983070e-01,1.488287574335549479e-01,1.546871749148248099e-01,7.604268858665534925e-01,1.767032721535113093e-01
2.363098703193167727e-01,5.303622999609325372e-01,4.974012384546002141e-01,4.965578657350564473e-01,1.506505461323425221e-01,2.787280575176392938e-01,2.032753540596721198e-02,1.793222109278250764e-01
3.176860182402085342e-01,7.139120936203845469e-01,8.977782720524623006e-01,1.375133300463282360e-01,1.578689659033134240e-01,7.103508313496027515e-01,2.817496050690022624e-01,1.788525746335445088e-01
2.577737220026736220e-01,4.484038532084578810e-01,6.916184220409948846e-01,2.691652427734092523e-01,1.803340691660854367e-01,1.905114486812871655e-01,4.552140958762547207e-01,1.793103818147836759e-01
2.672540566466152234e-01,4.374849083023441554e-01,8.262030988616161364e-01,2.095480912220338832e-01,1.345625772872487691e-01,5.896525377970562865e-01,6.771325236679079929e-01,1.781270466845846223e-01
2.926655719616979567e-01,7.228580250694496279e-01,4.349587110010287305e-01,4.508969777489676423e-01,1.439381386757341841e-01,1.785701334370252968e-01,6.911616897575448837e-01,1.764324688862737855e-01
1.944136572001470276e-01,2.387202340648842402e-01,3.897996792383245923e-01,5.383164241758210400e-01,1.874377677200668446e-01,1.087903630931323917e-01,6.344138080944778935e-01,1.766470928606491408e-01
3.567296491013754456e-01,9.159011411610131770e-01,6.366141025412591636e-01,2.846145496563449728e-01,1.225874436444601145e-01,5.127014533102561833e-01,7.475674920115924493e-01,1.755673373775643031e-01
2.737301449525902930e-01,2.819687804383378404e-01,4.213321465773001151e-01,2.560741539602209849e-01,2.388848660490343612e-01,3.579348793711528698e-02,1.981767889036443742e-01,1.796488226216364503e-01
3.488282185419233627e-01,4.651623488067908596e-01,6.303414415419228423e-02,4.081424533721090819e-01,1.916307282682160884e-01,8.421767406871893957e-03,8.798709713961846424e-01,1.795513550922649970e-01
1.939772462534546382e-01,3.927891914382172223e-01,6.757167858232029367e-01,4.761881634810297137e-01,1.282549635362895679e-01,2.210975532573654645e-01,6.661301876467203842e-01,1.778394851316625613e-01
2.880688367551308415e-01,7.799808056930275235e-01,8.903179594686247977e-01,3.130877600079133849e-01,1.202783518802905821e-01,6.069841691349413537e-01,3.062217294129768730e-01,1.791477560303842698e-01
3.568801605206322058e-01,8.620335067118023442e-01,8.501369087804540037e-01,1.445604441758647496e-01,1.268452448525073661e-01,6.299533131354508875e-01,6.378272926566307399e-01,1.772705805797635814e-01
3.302175190865087040e-01,9.864337105277005691e-01,8.544674943479835250e-01,2.867703188396795166e-01,9.157902825855324114e-02,6.591458616117431557e-01,5.077969672277505842e-01,1.776685820484372458e-01
2.311801932827354522e-01,3.162217166398751944e-01,7.272962411883224787e-01,3.510348809796612901e-01,1.089540289881486823e-01,5.070934755373506242e-01,8.729564535939706715e-01,1.766265877248234806e-01
1.480139701370413452e-01,1.406202447509296571e-01,8.491468498730588843e-01,3.968066948812856154e-01,1.958928809513208191e-01,7.989754306072643919e-02,6.642337072784844088e-01,1.758611258492369933e-01
2.930706298433268797e-01,7.296752013228198219e-01,6.938852245988276213e-01,2.760750971097838402e-01,1.536248152993419103e-01,1.479263460535010233e-01,5.496802023233632317e-01,1.786154164674052525e-01
2.926026278281385617e-01,9.814103187386213900e-01,6.458606652224331279e-01,4.039800500254284166e-01,1.117103770644627542e-01,1.006161336924740191e-01,5.366106370276506610e-01,1.781182747238893860e-01
1.315135619992451876e-01,3.644679360916521782e-01,7.985876376148751676e-01,5.907202071134807220e-01,1.382887197414346958e-01,1.184270916937959495e-01,1.072254872118691971e-01,1.809723220603555172e-01
2.078183236975079118e-01,5.891186115318419736e-02,7.058602872530543859e-01,3.044308392231125926e-01,1.895206619588342412e-01,2.970178377674388970e-01,9.526733672375539141e-01,1.738451130167055769e-01
1.890083190997058626e-01,3.673858488769276565e-01,7.718771912521580347e-01,4.805369264468043466e-01,1.193224756908545792e-01,4.833938361439432674e-01,3.254983782323795927e-01,1.790264233143676054e-01
3.203374621714760728e-01,6.139297399647364317e-01,7.198920853738488557e-01,2.260228215795865303e-01,1.297658929838366171e-01,6.975740842699145183e-01,4.795820549783732512e-01,1.785741496755918478e-01
2.370772380431432069e-01,5.861011649264780132e-01,8.496375808217161429e-01,3.275421150789933344e-01,1.231099095423757589e-01,3.063121592671654847e-01,6.389844846098430287e-01,1.777852622497759216e-01
2.644839443248079847e-01,2.741339908981470508e-01,7.974598874193864484e-01,1.567290745299391164e-01,1.842967667600695081e-01,4.167236503066077402e-01,4.211459849190218319e-01,1.796700055386659389e-01
2.382190047059796201e-01,8.185905847102201705e-01,8.389411155236202733e-01,4.506682848046350554e-01,6.631490314586872825e-02,1.860236694335444529e-01,9.825609605095908528e-01,1.765336146064991618e-01
3.098367803648929830e-01,5.150971116678904060e-01,8.005114564704935987e-01,1.384251157482223604e-01,2.125257601524284390e-01,4.926939855374322663e-01,4.590177760212010849e-02,1.780381022527708357e-01
2.649850990198547307e-01,7.357365606942807279e-01,7.243507880128442489e-01,3.926040638309187258e-01,1.081979487132838647e-01,3.097885897096639973e-01,7.707742061160656188e-01,1.752897289173113160e-01
1.746449555158850753e-01,4.265139756476171717e-01,5.678545285096803230e-01,5.831807529760116848e-01,1.479488404638014398e-01,1.190689722677338858e-01,3.211147304119940094e-01,1.800772247907144186e-01
2.624192451561004891e-01,5.919409428372440773e-01,4.060086098480351624e-01,4.833134156415381799e-01,1.572342061442167649e-01,1.464313005226074438e-01,6.782848926247149191e-01,1.763072501977729079e-01
3.122886841817356651e-01,4.938466403844990471e-01,3.551663865309848123e-01,2.868062425663481796e-01,2.535178785942138746e-01,1.274635741091676433e-01,4.801480072265107424e-04,1.781502971139345970e-01
2.509197637308032136e-01,5.533966396039278202e-01,9.142806484632777231e-01,2.434858993461447851e-01,1.525904803417397759e-01,2.693010589186947690e-01,4.425634862681179782e-01,1.800575885779132634e-01
3.513133142786368235e-01,7.990024654093959011e-01,2.649672550191245479e-01,4.103761548067151876e-01,1.348385541426506407e-01,2.504172620392745574e-01,1.119898634990003639e-01,1.829842352803579819e-01
3.378200597304648056e-01,8.580650539385661357e-01,6.847623274547177674e-01,2.247176099668491966e-01,1.567795522238262240e-01,2.215360528012251806e-01,5.053452122201729235e-01,1.777378716095011080e-01
2.483861416922752419e-01,6.610769728046296256e-01,8.753982101524674375e-01,3.082030766757702378e-01,1.205889824706284363e-01,3.893180977004091492e-01,5.165392922686460331e-01,1.790478771764752730e-01
3.196761057456541377e-01,6.248532253537989467e-01,3.127942080987518025e-01,3.696303355155376447e-01,1.504061443719032221e-01,2.751365209994721672e-02,8.506318495600471152e-01,1.789980597971393139e-01
3.159013392992726654e-01,7.043669215221018964e-01,7.171839402841100330e-01,2.692582878817237346e-01,1.201408199594140302e-01,5.260933073588909270e-01,8.161957174145328953e-01,1.748290704581942911e-01
2.541111175643707698e-01,4.405207160840884928e-01,7.876694669115482661e-01,3.718642694191827136e-01,1.168660333416223496e-01,7.830930750434974552e-01,5.197855848426968794e-01,1.774892501980135096e-01
4.332412722638837033e-01,6.731713441139456355e-01,7.464282032334734751e-03,3.101826656126214776e-01,2.471924156983287824e-01,1.665255992021569265e-02,5.306887115524255849e-02,1.811326015001448464e-01
1.966426528417690722e-01,2.706894739836616104e-01,7.689069968032510305e-01,4.059745107598684566e-01,1.364249571834255659e-01,4.448675614037582160e-01,6.301370905989706062e-01,1.770550648573064045e-01
3.322664303837656874e-01,7.583511923998011994e-01,3.993375500755958485e-01,3.558848302197771263e-01,1.493804633492902545e-01,1.352251605075036056e-01,6.087620135988698333e-01,1.792556736321645472e-01
2.487123533627449423e-01,5.190090404939905477e-01,8.072411860991933752e-01,3.057512088768934988e-01,1.332414511890898101e-01,3.761574746774556943e-01,8.184850676263447644e-01,1.751104502699095677e-01
2.797135036475683623e-01,7.581968587466871856e-01,9.410455757831998058e-01,3.032160207859732060e-01,9.605779542886401512e-02,5.561793924143724199e-01,6.909678410323698561e-01,1.788335360879133584e-01
3.821573533009050561e-01,9.090003017549836972e-01,2.763457247955179996e-01,3.542977156209726197e-01,1.598843841356829554e-01,1.499051898344630485e-01,5.043352672828368410e-01,1.805505415327203766e-01
3.928848212151495600e-01,8.046561494004793591e-01,6.887020239464916038e-01,5.250977420242489146e-02,1.635303243958655117e-01,4.749894202738855209e-01,5.899991712974547164e-01,1.780325881628113116e-01
2.954585416691137278e-01,8.756627878923841646e-01,9.380552124956065274e-01,2.286171429715277981e-01,1.597689186551933815e-01,2.613189640989719287e-01,3.771065388543636820e-01,1.775557901945905293e-01
3.584184845954352383e-01,9.149613330360079066e-01,8.269946905252967273e-01,1.577999222497736553e-01,1.500205982105984881e-01,5.665412672210303757e-01,2.528637575000278748e-01,1.786229057911704610e-01
2.478956984549313680e-01,5.061161206433928417e-02,7.725809744857755623e-01,2.439500749043466976e-01,1.367167323505463772e-01,7.738500289320714431e-01,8.752004233803571953e-01,1.760137133905818607e-01
3.120094391814566270e-01,9.211235525696914728e-01,6.770947245506053758e-01,3.942341381318938964e-01,9.272141211258561055e-02,4.544905851559431498e-01,4.720005727726239719e-01,1.792076531704557829e-01
1.794097570313443468e-01,2.591325495203002927e-01,8.519886243899588152e-01,4.596272622205275216e-01,1.209258536729873879e-01,7.204682743819021962e-01,2.847653426842334801e-01,1.783773971706757722e-01
3.002806800420356192e-01,7.487623181435345554e-01,5.619626654320463155e-01,3.510629534099224958e-01,1.327596838694595216e-01,1.631260184439985439e-01,5.236914087558486308e-01,1.797139039103610170e-01
3.802197934335441731e-01,8.556542863238594254e-01,7.590201329327226354e-01,1.242525100311735742e-01,1.208893765723774161e-01,6.513426196940563795e-01,6.642750351263694286e-01,1.790313344021619013e-01
1.199334785695745365e-01,2.388006051270397112e-02,5.592274124056857421e-01,6.401809005680707543e-01,1.841932697511642625e-01,2.542329258817090931e-01,2.307566055238047253e-02,1.797498378117265705e-01
2.354398534611823746e-01,5.906144943131133029e-01,7.208692046040736656e-01,4.332056430526596835e-01,1.039074314079711375e-01,4.920845559162184135e-01,3.607793458176041801e-01,1.802142023477676380e-01
3.361431918029694765e-01,4.694015136757738738e-01,5.382898381017473532e-01,1.735582225159953418e-01,1.758456508115037453e-01,5.179116098246536737e-01,2.496656592341328640e-03,1.807599710169283114e-01
2.873101126952288809e-01,7.168398043322233848e-01,9.497658383195262122e-01,1.967998968787148528e-01,1.309165300729281944e-01,4.852507147120853070e-01,1.782566538045189386e-01,1.818227573805826502e-01
3.156636652450591773e-01,8.396230034558888056e-01,4.272207375496498427e-01,4.049570056529645523e-01,9.192411348186702025e-02,2.501111376749731718e-01,8.618721139354321714e-01,1.769305043372453590e-01
3.465202027788731320e-01,8.205122709950318782e-01,6.997059171566323288e-01,3.203728393200120927e-01,3.228740578999583777e-02,8.482109725062392247e-01,9.906977431715346949e-01,1.779395914396270095e-01
2.686160588155770412e-01,6.081545299220476597e-01,8.757952258294582348e-01,2.699822008507641868e-01,1.176867247227761371e-01,4.717468421173207083e-01,4.743597931974126158e-01,1.810371168530328367e-01
3.170017719735098716e-01,8.105547666160930476e-01,5.959679465667465648e-01,3.451648825028201251e-01,1.003418364149673836e-01,5.759622055787888550e-01,7.298846969690941933e-02,1.824461151894114508e-01
3.540130395643180661e-01,9.155370207051480858e-01,7.790601875658915709e-01,1.837787981583949570e-01,1.266580422359768199e-01,5.028842685480047203e-01,2.818317815950617811e-01,1.811926167421730460e-01
3.253169446541543941e-01,3.952635053103215057e-01,3.737796284446552875e-01,2.366783452441404978e-01,2.175597442442384621e-01,2.195766226733142645e-01,1.281129293784866729e-01,1.790552450704079313e-01
2.661170534570508894e-01,6.770316684897563775e-01,9.645930952950316772e-01,2.759469561950380068e-01,1.038009328619039634e-01,6.565847683916059552e-01,2.481884036445061725e-01,1.814521242981664839e-01
3.387611335148503766e-01,6.302601349706781209e-01,5.243834140832067670e-01,2.273683247251979400e-01,1.769319840252396581e-01,4.298465270094814494e-01,1.861507674154227465e-01,1.789002056174979205e-01
3.622855322962467151e-01,8.488223182867526972e-01,4.840798203060800997e-01,3.213526388531255940e-01,1.215509430074788733e-01,4.650132189864515930e-01,6.466894438247268173e-01,1.785665512977769875e-01
3.346905870360623036e-01,3.361865673280473032e-01,6.314461921353285989e-01,2.286305369110399888e-01,1.516601884019560531e-01,9.431534938424814829e-01,6.652989551719137307e-01,1.770619635242086376e-01
1.647118069749928249e-01,3.176615212707149527e-01,5.066011684412226046e-01,6.164730738671174715e-01,1.634788655880491659e-01,5.614614132462719676e-02,7.279692500402985544e-01,1.771804019792335427e-01
1.727736439332648033e-01,3.196858660162305577e-01,7.613816199888634451e-01,5.031608527657359664e-01,1.406879617142947347e-01,3.398606635302389711e-01,4.717306086776598684e-01,1.783705819662049497e-01
1.428281212712549930e-01,1.458773531917597621e-01,7.136125883548958271e-01,5.231281487371237660e-01,1.898712617051232232e-01,4.145655408615556148e-03,8.426853610577726972e-01,1.746967487277441833e-01
2.288141845397492768e-01,2.188334064929501332e-01,5.883680449531174528e-01,2.819223204753807943e-01,2.513023883584902252e-01,4.044017630023238885e-02,3.376687351657097769e-01,1.767097959072091440e-01
2.037501281491120864e-01,1.992471437687481362e-01,6.817579899560899381e-01,3.677948773803776383e-01,1.602954807369596224e-01,3.133420303440784815e-01,7.878597735003378677e-01,1.762712167099861060e-01
3.206359058241627924e-01,7.406433115795488797e-01,9.164120164263185320e-01,1.874566310714993744e-01,1.303143899346221601e-01,7.254786833166932958e-01,4.935571032580092221e-01,1.792169837112751463e-01
1.714547028839129572e-01,2.832179221468204000e-01,8.698809397652658149e-01,4.171708061435472903e-01,1.320071170918028225e-01,2.017828643187961346e-01,8.050178529144150774e-01,1.773378533512322830e-01
2.783529213339970831e-01,4.706235210695755011e-01,7.094348882937664413e-01,3.076934945954833966e-01,1.266897978431712479e-01,5.730853989403911219e-01,7.427599707592138500e-01,1.781918062476560982e-01
2.970950254984380257e-01,4.718885870152313977e-01,9.147487408559007438e-01,1.125006027322013324e-01,1.428796239537942492e-01,6.533368834632239386e-01,7.985324538433375974e-01,1.750564354740235529e-01
2.397819370003995421e-01,4.556687220579702102e-01,6.755325278153394564e-01,3.232212424389985239e-01,1.763850230758543802e-01,1.783289044867502338e-01,5.472288835241149174e-01,1.785769072481449837e-01
2.568773858235249841e-01,2.283654793021130391e-01,6.175801785936319011e-01,2.547480576982941169e-01,2.155844955127264595e-01,3.598855874525709875e-01,4.153792265822638385e-01,1.766083352688789521e-01
3.353148885990354655e-01,5.866106963641364302e-01,5.478594187849716857e-01,1.758942935646640171e-01,1.890406769757926875e-01,2.542996316765894216e-01,4.849389972651430014e-02,1.818904491534575341e-01
2.894948158126148252e-01,9.277888819332886783e-01,9.008509355245061245e-01,2.867271566025968998e-01,9.211489242207319961e-02,1.605015749501572664e-01,9.592113799183095146e-01,1.764991000049808412e-01
2.920740448157201907e-01,6.967148568026397815e-01,5.209343221682043445e-01,3.357858356880280004e-01,1.647497803163344154e-01,1.496118638113126675e-01,4.070407150335659807e-01,1.805121751464067170e-01
3.490911794183181871e-01,2.330022870194259355e-01,7.013180321973677689e-02,3.154969962616780421e-01,2.632434259971989654e-01,6.986632911271384305e-02,1.210389385605817325e-01,1.793939195688228072e-01
2.029993467358648107e-01,4.528888722849182535e-01,8.339663280026232695e-01,3.829231777059108888e-01,1.518540969541183339e-01,8.892983356492117908e-02,6.991771244239843863e-01,1.767742643201328234e-01
1.728238110330671817e-01,1.488591905372108615e-01,6.945011839158892197e-01,4.496084680747587936e-01,1.515619974624725919e-01,4.601491949673605641e-01,4.660272644790595109e-01,1.780685564358043815e-01
3.358848027989567719e-01,6.169790347747453607e-01,3.473355801374454210e-01,3.098667900967871369e-01,1.855667403986727138e-01,1.806323459881813420e-01,2.259528320622390951e-01,1.805565856685460435e-01
3.045592122740718444e-01,5.378303402622747198e-01,6.020335937424889927e-01,3.019275416607470341e-01,1.111054880213819540e-01,6.625593463889065671e-01,8.574782250809719342e-01,1.758136353785965944e-01
2.110351183716818735e-01,5.489584648530708710e-01,9.760563760929764632e-01,3.697041871157209503e-01,1.387693228081126329e-01,3.660995517634151319e-01,2.761474643165029441e-01,1.783063540811127834e-01
3.431184260159458876e-01,8.520733012927875771e-01,7.747747702811966786e-01,2.185946297075857248e-01,1.412131739778720863e-01,5.138172681799845209e-01,6.291787265282270392e-01,1.768122725053402067e-01
1.830078264229009488e-01,7.127170228618789904e-02,7.923063604491742407e-01,2.905953234855794820e-01,1.805690829289793853e-01,1.609112208695109847e-01,8.223365555196257004e-01,1.752212491894572233e-01
2.072483289643646254e-01,2.851578769127292023e-01,8.734501630625504109e-01,3.015879760115389718e-01,1.494015040041381803e-01,2.566924249728737006e-01,8.871113042921562331e-01,1.745180387245071352e-01
1.889525315849041598e-01,3.878174464446509928e-02,4.234334308396776048e-01,4.257748128606312910e-01,2.519920876065854243e-01,6.747172252660671443e-02,2.696068636300180676e-01,1.779702684002340829e-01
1.881641879958069752e-01,3.251762709050731726e-01,9.055788860805975560e-01,3.459189386509786135e-01,1.446348554423443900e-01,1.586289652984834431e-01,8.586570999706282237e-01,1.754597934017692318e-01
3.034761990343979310e-01,4.088257739724094897e-01,2.486630147134826774e-01,3.877595967803631472e-01,2.163761994619649021e-01,1.813767656035659148e-01,1.874979092710833406e-01,1.800770808524964628e-01
2.416911556098705338e-01,5.402976123978669998e-01,4.283828760374012168e-01,4.913781960076113453e-01,1.589184708537202118e-01,3.011395980368281045e-02,6.500342597140331691e-01,1.777672143540106886e-01
3.003437163311526992e-01,3.963212456266228534e-01,3.433448839010855291e-01,2.772262337829947132e-01,2.304913858031520379e-01,4.881459525142928246e-02,4.436258305649061207e-01,1.786480260552967547e-01
2.840559048550913013e-01,4.816054899401840395e-01,8.497690742017723897e-01,2.343322481997190121e-01,1.138339085707845560e-01,8.006505031211159640e-01,7.312369764439748954e-01,1.771118878776329342e-01
1.988704027210319303e-01,2.668031048128870486e-01,9.735365021009270148e-01,2.868296363797246395e-01,1.635804537619112153e-01,5.015954374329520959e-01,1.229753340671722595e-01,1.803083834362197435e-01
3.226771659883602705e-01,7.488238874776435017e-01,9.178492840810014153e-01,1.722268817979667743e-01,7.532058735378131809e-02,8.123394235918135475e-01,9.760862930467681942e-01,1.759197338743596906e-01
2.929607150636855950e-01,5.389970104348196234e-01,6.288050957212674152e-01,3.022414843025147402e-01,1.605983670558102927e-01,4.316629882430140785e-01,6.509424733817963382e-01,1.754394643517556418e-01
1.875039183025549172e-01,2.623026602150612674e-01,7.768852071679213100e-01,4.176463065586941692e-01,1.336599708320485302e-01,3.611777357431200652e-01,8.231533979626719510e-01,1.757858283308631475e-01
2.594757309393245226e-01,4.174888261963138891e-01,6.396350665913670408e-01,2.952351906779160373e-01,1.722516832165918166e-01,4.520984448441105474e-01,1.185825505858240092e-02,1.789663608010756968e-01
2.138327424964353018e-01,1.682834412728893003e-01,9.789733185068847376e-01,2.019173776248361363e-01,1.938347446250091866e-01,4.507787506683105239e-01,4.879018283599842465e-01,1.770936646033345052e-01
4.397795007180824722e-01,7.243181183261098166e-01,4.726713307817552168e-01,9.067468900170921886e-02,1.178961602789925928e-01,6.298300606790012690e-01,9.881935385141382699e-01,1.772244904990532555e-01
2.122443107155496667e-01,3.612129517957549663e-01,8.034330271293269599e-01,3.552200079185088288e-01,1.401329347584672202e-01,4.500764228537284528e-01,4.419228520629951418e-01,1.782585443311816287e-01
2.688366814499944524e-01,3.417769925266653241e-01,8.123160844918644319e-01,2.334459436833273838e-01,1.481432782732935161e-01,5.698383429340098116e-01,9.031358139190720502e-01,1.747314641357612386e-01
2.626192372383492346e-01,1.286784534387797052e-03,7.073399038331652511e-01,2.221344401771352395e-01,1.628876772832795194e-01,8.668705476573443924e-01,7.713505185941322839e-01,1.753166976407163069e-01
2.334655199539210080e-01,4.305581885100583928e-01,7.492655821701198482e-01,4.045302209305261520e-01,1.001928138281783787e-01,6.281189832997224887e-01,5.862828182420385392e-01,1.791661548230006895e-01
2.065713091021401659e-01,6.325376464739541627e-01,6.331830381343085401e-01,5.184187497216249385e-01,1.129353533981459906e-01,2.719486213727373425e-02,6.111050069127857975e-01,1.790801789049261128e-01
3.672084457324694129e-01,8.891327427680104645e-01,9.065423516979432828e-01,1.048682238648646070e-01,1.052460901653262115e-01,8.042559062283279880e-01,7.724712445763888269e-01,1.783339845942544521e-01
1.743268839574364237e-01,1.296639615199313700e-01,6.475604158670928978e-01,3.970117232921295258e-01,2.082433780826964120e-01,5.970001601009178316e-02,6.335541119802075016e-01,1.772790887360001510e-01
1.714144215964478468e-01,2.042957732953563088e-01,9.058493567558805193e-01,3.304039694476947897e-01,1.839493949412653595e-01,2.388234092667115005e-01,1.665042434723129072e-01,1.812771617000364932e-01
1.586494174409028846e-01,7.053894475535166242e-02,8.599321586718373656e-01,3.957736125204671662e-01,1.668285442062961976e-01,4.986853050897591677e-01,4.614465578062972306e-01,1.783066166090439553e-01
1.617198612778889821e-01,1.775217913846754425e-01,7.561818803086474139e-01,5.141601744023562848e-01,1.187088271951147189e-01,4.326026013773792700e-01,7.532156862999068725e-01,1.774547708420961267e-01
3.545743044863784998e-01,6.390726406725310005e-01,6.155212678372380397e-01,2.104424850942802072e-01,1.430878639537004338e-01,6.946134883571970509e-01,4.687676958390962767e-02,1.819281773508447386e-01
2.059626511805906501e-01,2.602608018337764784e-01,9.337779877158907116e-01,3.720394160166986541e-01,1.376384579891711535e-01,7.113172592949978945e-01,6.243166072072832140e-01,1.766417810281176448e-01
3.122347760607669387e-01,5.160345239243305793e-01,5.692644072049597437e-01,2.174779393165805763e-01,1.824347640211231303e-01,3.257485717536460768e-01,6.747509570565862758e-01,1.766258155428829246e-01
3.246731554802955722e-01,7.430722106018095019e-01,6.084633011284289461e-01,2.504203704492928284e-01,1.836408650115390340e-01,3.668633974461572578e-01,2.557796542918537863e-01,1.777799175601627035e-01
4.043794965170924849e-01,8.768085094413162750e-01,3.944435298188082584e-01,3.366831223131639961e-01,7.539160849841258782e-02,6.099456488031212986e-01,9.648291275493181551e-01,1.783771320952555473e-01
2.775301253099884957e-01,5.191745664730531562e-01,3.197318329434424844e-01,4.577970170046119502e-01,2.081275005921693066e-01,1.778342563344820215e-02,6.346164254830470863e-01,1.776154176623230829e-01
2.684271319642670406e-01,3.706149627826068604e-01,3.015164056087815680e-01,4.052304291562339178e-01,2.018936912144561335e-01,1.170976066396214876e-01,3.710418709060456788e-01,1.794513458892024182e-01
2.695044774461748949e-01,5.635533033223212307e-01,9.411921076919753659e-01,2.351343182507874552e-01,1.005907140563142843e-01,6.664374982411875870e-01,9.904421856113978517e-01,1.741581914577554069e-01
2.553460604742117668e-01,2.149797343728429011e-01,5.710554935086259443e-01,3.394899769763258246e-01,1.724722192193177128e-01,5.893345485929328831e-01,4.668044217005455909e-01,1.770337052378990472e-01
2.769904110084231430e-01,6.585462817537657276e-01,7.159381163055252850e-01,2.253785631243632459e-01,1.864864027490940046e-01,3.115163791775948932e-02,3.862389147710296733e-01,1.792724770095329434e-01
2.397398259841476698e-01,3.445341041576072127e-01,7.305631881266989591e-01,3.723966466821341803e-01,1.312860382834100947e-01,7.467230621619428410e-01,2.789783866438877991e-01,1.783822270372317220e-01
2.855591668252212556e-01,2.242751825533829679e-01,7.057761116730285611e-01,1.915843909386800714e-01,1.721414738892717566e-01,7.794920031115931680e-01,3.191807859183755092e-01,1.790051656054225671e-01
3.151173667511490972e-01,4.710065135292800798e-01,5.974708053792662232e-01,2.247247892939919778e-01,1.863002143909599506e-01,4.030628637828416738e-01,9.428322276850853445e-02,1.799384216742054565e-01
3.192888675321930436e-01,1.493528458420209648e-01,3.531454188406266681e-01,1.581925610572244012e-01,3.129337670558673956e-01,5.705835691698524226e-03,1.481962062371053324e-01,1.781639552314447650e-01
3.707484706680396758e-01,5.929960287353928106e-01,6.877230169143205840e-01,1.426471203822276546e-01,1.171202559209663929e-01,7.879249545803386212e-01,8.875605492650470163e-01,1.775486844691702704e-01
3.080328748505988812e-01,4.434651846916695117e-01,1.372624055067070969e-01,4.539985233857239399e-01,1.718048388379718461e-01,1.473760651564104407e-02,9.163524405302460041e-01,1.777260210028305254e-01
2.988064390056070496e-01,5.024092390498804406e-01,5.837113007568434098e-01,2.101447774656745593e-01,1.499006071138196949e-01,1.377994604777728060e-01,9.822692841641819106e-01,1.764405850910389650e-01
3.323544362290741239e-01,7.220342080452767375e-01,5.626691960323951802e-01,3.252086477962073396e-01,1.386651228561336102e-01,5.392355450302521724e-01,2.907357962750168889e-01,1.796790442043232072e-01
3.162909076670580300e-01,8.930398723387888982e-02,2.535018455972564144e-01,2.160889241296429231e-01,2.766062857147538745e-01,1.758694164518027903e-01,8.054298891048805586e-03,1.797154390073050223e-01
2.292787907281101656e-01,6.328010206903587065e-01,8.189649007632324729e-01,3.860666492446963582e-01,1.249139180978912078e-01,1.009032665190640055e-01,7.358327477789177173e-01,1.776269121547264240e-01
2.853154962494138247e-01,6.730864013533079948e-01,7.718934718895693603e-01,2.456709165282999485e-01,1.313667075560340514e-01,2.324586033971822174e-01,6.694529624356126973e-01,1.778183226117187599e-01
1.734740610166386476e-01,3.035384106820114836e-01,8.125815534959498487e-01,4.140758203832548556e-01,1.709331629338173286e-01,9.317416399436506680e-03,8.016399612063888069e-01,1.771165851527668200e-01
3.166694785079260388e-01,3.821569139304994422e-01,3.183157963152648540e-01,2.321220261045920108e-01,2.838722250542975445e-01,2.755482799075170686e-03,1.262412485779698668e-01,1.788677679314092384e-01
3.663413470633613001e-01,3.248500538705281215e-01,7.322270237717676267e-02,3.177380960688163114e-01,2.478073136180163338e-01,9.176471384252998797e-02,6.877387249462751928e-02,1.803716025837017178e-01
2.648791575362847150e-01,6.738913954103991077e-01,7.649385285935872414e-01,4.091620241965882587e-01,9.999979266054080662e-02,6.411812315392139139e-01,6.859361144929159160e-01,1.761299146990940034e-01
2.583783684042615936e-01,6.276803915205231288e-01,6.512571180297417328e-01,3.972307681048182770e-01,1.395940050717020542e-01,3.161390096618530987e-01,3.659014526724647109e-01,1.786953382593706174e-01
2.855862774738427978e-01,6.140887203327095589e-01,6.762024063256255602e-01,3.797131858940929749e-01,1.244842149651576163e-01,6.340710450828916933e-01,8.566682759194771402e-02,1.803740924071559615e-01
3.502559311276527976e-01,9.507443591953681494e-01,8.094719974063440127e-01,2.689170860463850898e-01,6.027133833983003286e-02,7.649019291107862495e-01,8.759022296843219646e-01,1.773231222460699141e-01
2.462605707103971420e-01,7.128486613461392229e-01,6.937487274343954180e-01,4.421682880078451894e-01,1.334319995426341277e-01,2.266054969823465826e-01,2.182412061081636101e-01,1.793487564316649796e-01
3.299178738709399594e-01,4.400653930329782026e-01,6.875496742043745169e-01,1.491031361201141381e-01,1.981061671757885778e-01,5.929666472420256351e-01,2.855158343956356592e-01,1.788756573734800182e-01
2.386520084883241855e-01,5.479352491735030029e-01,9.107418864572527362e-01,2.334487749515123112e-01,1.598615856422543891e-01,7.782558569537711968e-02,7.328779821111350845e-01,1.763993227307519007e-01
1.996308978951122359e-01,5.108453052613807222e-01,8.297304174236913576e-01,4.105775686626139676e-01,1.421355075501887777e-01,8.274608835260366391e-02,5.289181939821169243e-01,1.795274512410419410e-01
2.694085570225956960e-01,2.225439220497218429e-01,7.661372410361109164e-01,2.183551484903565321e-01,1.666887258719586262e-01,7.831168081867337927e-01,4.352997759254875199e-01,1.772500786372806225e-01
3.192486368867270552e-01,8.147668324743820856e-01,7.669646450157817652e-01,2.524659112406813510e-01,1.174263804349496704e-01,4.075022850301351363e-01,6.047295095412170696e-01,1.784722628581742465e-01
3.262291675871060725e-01,8.124781269580839682e-01,7.296734416068859641e-01,2.761993431440986080e-01,1.042070075379480237e-01,7.737010784564848365e-01,2.851644217209770571e-01,1.803473275798316566e-01
1.884298681667689046e-01,2.437938006357929233e-01,6.993813101473513871e-01,3.612512257434106755e-01,1.780578539756987877e-01,1.912553593840628507e-01,4.525947214761723014e-01,1.781325608622979784e-01
2.980082680055440303e-01,9.072406679727941237e-01,7.376441697528742791e-01,3.085941314132736868e-01,1.066951218092095921e-01,2.090983079858981797e-01,8.953690027385809991e-01,1.766750701516170141e-01
2.644904048251006112e-01,4.057292617148439695e-01,7.307016001688663165e-01,2.011535953478683081e-01,1.972328812376157314e-01,3.166585634997817755e-01,1.982482215771660949e-01,1.796556704092667489e-01
3.135273314000172062e-01,9.253377884813482890e-01,8.203117472439762636e-01,2.831292257488028374e-01,1.101941855528078690e-01,5.962178597994278739e-01,3.023530905381733858e-01,1.793963669392791838e-01
2.515132927520530859e-01,5.382857624253059026e-01,7.407404448608115866e-01,2.638578607946521770e-01,1.920885053844816337e-01,4.522475034834394503e-02,5.123813463646073041e-01,1.789803140800363401e-01
3.136991958830006588e-01,5.552748057247754998e-01,6.165666861568405155e-01,2.435122744622427726e-01,1.652505878145930085e-01,3.221726864965884785e-01,9.004089216014306007e-01,1.747173638749705271e-01
3.278005020969790850e-01,6.975015646668241143e-01,7.763706246348969220e-01,1.262387268780078842e-01,1.595691040513368963e-01,1.738525861987404997e-01,9.110725543434777807e-01,1.767402103966631277e-01
2.791561897767598222e-01,6.267545640148339814e-01,7.518066590420277029e-01,3.709829941210416870e-01,8.486212700399052566e-02,7.509546288783026657e-01,7.382360199171612569e-01,1.771800954940128126e-01
3.303016234430825593e-01,1.928930923964217170e-01,1.670867762343891672e-01,2.748589969086949192e-01,2.656568796163699675e-01,3.860740479771146427e-02,5.354261960806515619e-01,1.775105710746869569e-01
3.328391454461958054e-01,8.479688932273743429e-01,4.581185591620644537e-01,3.307694103864440294e-01,1.379945907005566963e-01,8.638279599349968363e-02,6.904190152342861708e-01,1.786490821403292628e-01
3.651298732418867821e-01,4.610636754638154367e-01,4.189757297442110451e-01,2.246530856613445648e-01,1.733432680071309018e-01,6.717117724995997907e-01,2.920363944175874416e-02,1.802096266239388012e-01
3.597812913891293429e-01,8.295238200786777538e-01,3.521685115960981327e-01,3.816561752235329008e-01,8.216482516545688120e-02,4.434205577655462305e-01,9.163992578964719193e-01,1.769392867191061369e-01
2.311431839744338967e-01,4.507770097255549002e-01,3.948906793399789561e-01,5.145169238642494092e-01,1.302470075502440705e-01,1.520111979684627967e-01,8.911658964710703623e-01,1.765572903389520665e-01
3.417656285232374969e-01,7.495773709545108243e-01,8.208157997005511852e-01,1.727807422381662517e-01,1.423095958866157085e-01,7.350127897621174800e-01,4.704183706862376524e-01,1.784498340648776327e-01
2.780803664628064276e-01,6.919910507119341192e-01,3.833375249116037775e-01,4.591842642646193906e-01,1.266317127626084005e-01,8.733181951171714585e-02,6.227480290763921511e-01,1.800668001800132811e-01
3.384608802923178006e-01,5.230362623101604269e-01,6.867057672965715120e-01,1.331308807623005908e-01,1.657981222255355547e-01,5.324235839415769611e-01,8.624954557598809579e-01,1.756380020402824593e-01
3.108523998359423168e-01,7.359086871066048419e-01,8.342844738020689377e-01,1.699753844479900411e-01,1.452022151560190821e-01,3.559893213296212999e-01,1.483678774187360827e-01,1.811575494926858099e-01
3.270986239987530575e-01,5.545412348007585646e-01,6.471405519952685426e-01,1.636031186476795130e-01,1.793700776418964415e-01,2.852576406739494308e-01,6.336210949599143660e-01,1.775917499931683463e-01
2.893326773240877947e-01,3.188023015749794076e-01,8.644723784185013304e-01,1.158990526390716591e-01,1.828984695108845371e-01,7.314053108342949416e-01,5.113801397416777306e-01,1.761426073887535915e-01
2.009535363212469061e-01,4.746160049709936546e-01,8.579794017566995112e-01,4.380993945169018300e-01,1.338620970096649765e-01,3.483475922615324460e-01,4.129503152391183485e-01,1.772847391698834651e-01
2.373256459466240864e-01,2.874714898157859078e-01,9.615804638543561378e-01,2.377405251833925592e-01,1.232796790825297778e-01,7.252781507456600441e-01,9.761124929683402396e-01,1.735875027164480722e-01
3.675862085149236291e-01,9.963067835299102004e-01,6.126895929660749474e-01,2.880909324204535826e-01,1.430197524068594905e-01,5.631164876313947687e-01,8.854497686311857407e-02,1.786375048140351474e-01
3.857310167115489685e-01,6.945299957763495513e-01,6.026954723021696880e-01,1.722421067516638760e-01,1.106281995229044524e-01,8.676707076467595758e-01,8.569050902731625285e-01,1.771207441596027443e-01
2.245527949761844111e-01,1.979167597766406939e-01,8.563001204083927620e-01,2.821273014094796694e-01,1.468413238609152238e-01,7.902115352316078090e-01,3.076195807057842124e-01,1.790483070089634587e-01
3.760623955987277833e-01,8.944981564550977815e-01,8.780120929693033816e-01,9.241825063121258954e-02,1.089962689155579145e-01,7.871029354518517263e-01,7.075873650893613753e-01,1.793356193966992307e-01
3.409167451692514117e-01,6.761160902531730965e-01,8.272827041810033588e-01,5.729712834175909597e-02,1.791949985851752913e-01,4.219970584216130027e-01,4.002120956566338483e-01,1.786286976145008143e-01
1.858549289617400790e-01,9.863512523104400742e-02,9.274203501891682411e-01,2.751996366963325724e-01,1.787172671185622563e-01,4.522343695751799286e-01,6.771758208755137565e-01,1.762990349216412567e-01
1.758204987979996303e-01,1.669799820396452583e-01,8.235552043480742768e-01,4.126869301007381474e-01,1.107967828157098156e-01,5.068097487379537025e-01,9.091554614664743017e-01,1.758558016303348737e-01
3.450790669517391218e-01,7.433731521483498694e-01,6.364783510668622357e-01,2.143736923413602224e-01,1.565542932298839007e-01,4.883108806159540127e-01,5.645046335454884101e-01,1.772195412969073958e-01
3.460796222778489417e-01,1.069422784852284702e-01,1.652458626513276241e-01,3.140600573055508660e-01,2.135394230045974673e-01,3.770316349247669341e-01,2.147915375840592223e-02,1.797886877703377961e-01
2.940336479599638397e-01,7.831161785683266041e-01,4.048473186257952605e-01,4.541887330527372146e-01,1.679519265426807073e-01,1.112699833655049764e-01,7.629532999361143819e-02,1.811300747718375959e-01
3.005165428522454385e-01,9.043560600684577011e-01,7.528567934252541338e-01,3.026517687799735179e-01,1.056588597138204827e-01,3.763915632143894907e-01,6.046193509930192223e-01,1.774087821795310438e-01
2.837131098329856438e-01,6.086867475073657330e-01,7.271853797701089972e-01,2.997219356297243231e-01,1.219520089742772706e-01,5.345873472722475483e-01,4.353644382847843275e-02,1.821101337526991881e-01
2.257805783965065316e-01,4.798472475244398017e-01,6.012052114730043195e-01,4.267323774371194478e-01,1.391953843601821394e-01,7.192371881049930415e-02,9.826415064081258643e-01,1.741209563464147514e-01
3.986232719561699778e-01,9.750052068602144129e-01,2.518646832254258228e-01,3.032646130301772103e-01,1.731000972300976992e-01,2.049593048856546140e-03,8.487329075390356303e-01,1.781566808025144000e-01
3.888683306705272291e-01,7.184147470614646869e-01,8.202393160484982015e-01,2.581031986031728787e-02,1.318066051434619856e-01,7.664027277108997893e-01,9.719369069650880544e-01,1.757061676036220932e-01
1.893427461739246309e-01,4.624147459889866862e-01,8.570764242352399975e-01,5.040616385348660744e-01,9.101496159214278459e-02,4.842171925663171228e-01,6.857641275657794244e-01,1.767537071733053244e-01
2.297496398063449408e-01,4.516685241731532297e-01,6.651429378370952161e-01,3.764931605496112388e-01,1.749698511181173033e-01,2.401321799533362444e-02,8.682721139300730862e-01,1.744979920229611514e-01
3.303381341802016369e-01,6.320106342434612667e-01,2.502657802558017619e-01,4.060820194695957119e-01,1.644347571452124956e-01,2.638016071429067910e-01,1.405185408121778501e-02,1.803113376089302833e-01
3.113741043974769807e-01,7.707801375784314457e-01,7.862949830607308677e-01,2.280734558146765012e-01,1.174364745111855790e-01,4.262578758027023573e-01,6.802275256925971458e-01,1.794497955852180082e-01
3.013935630930389409e-01,8.532258703914249454e-01,5.437136006994537363e-01,4.415838274487027815e-01,8.401591073351291628e-02,2.733123094551886956e-01,6.993413334638197698e-01,1.791282677225891629e-01
3.486654437409486551e-01,7.972229796232892518e-01,4.730217409702509035e-01,2.843334501332761000e-01,1.516483293572387092e-01,2.598156295322697762e-01,3.890221329772231007e-01,1.801936917863229404e-01
3.041366178814404186e-01,8.516774416570237483e-01,7.919447339837534239e-01,2.426516074099517306e-01,9.983729942245617162e-02,3.489117139996631423e-01,8.775630066538685492e-01,1.760163679006004067e-01
3.831532791935647331e-01,9.023083654258712283e-01,6.489542121538980357e-01,1.951810029182992068e-01,1.411767183138484261e-01,6.437271439113393390e-01,4.564458094034292701e-01,1.778021993664091471e-01
3.476749128554397217e-01,6.499098099714802901e-01,7.485137238909215229e-01,1.587777641317452137e-01,1.413019961231123389e-01,7.918452134838658285e-01,4.374533245571701756e-01,1.780739384258090141e-01
1.759685290921568779e-01,2.152681067550790139e-01,6.909412969436592444e-01,4.301735746026973395e-01,1.837711640390370937e-01,1.030264049129569481e-01,6.303941898397852350e-01,1.758157579997387532e-01
1.950948525999694205e-01,3.598267938785680298e-01,3.513973403199647239e-01,5.919542388023055768e-01,1.564324998563602631e-01,5.481211407503100430e-02,7.846202557081725093e-01,1.775204265915177326e-01
3.953985158151983592e-01,9.958459564683042053e-01,5.389004422105757586e-01,2.435740966244293870e-01,1.240868382175908669e-01,4.113579217606592731e-01,7.664567640049022579e-01,1.781585594057410182e-01
2.638787694834133224e-01,6.105141171985614124e-01,9.006742506402374282e-01,2.716662524158455216e-01,1.321508956104694987e-01,4.201767440567110157e-01,7.756435072866819658e-01,1.749990880207107913e-01
1.845487341621866728e-01,3.875331979175039576e-01,7.435692146014070136e-01,4.169048528931308395e-01,1.887974784925579852e-01,5.215873621921518488e-02,3.146415156436697669e-01,1.771475399774757320e-01
2.608370842695997283e-01,7.145936876866857412e-01,8.571066722325977327e-01,3.275976197506674792e-01,1.086251219777002452e-01,4.079099363495967134e-01,3.231542659183684330e-01,1.800443472467882222e-01
1.317221692633615548e-01,2.399306093151953867e-02,8.482689528696820691e-01,5.050658222939310438e-01,1.608562758141091620e-01,5.896619087552633642e-01,2.827134096949458497e-01,1.781916426634217732e-01
2.755957890209365102e-01,6.015510170963727088e-01,6.357181001755888294e-01,3.749943310417769848e-01,8.670491953305486943e-02,4.190219822641301772e-01,9.787508940440080574e-01,1.760527463094156975e-01
2.988906014121419097e-01,6.016106597497521413e-01,8.629466998072388151e-01,1.724227417214559965e-01,1.694145217734172315e-01,5.541729444253156167e-01,1.606442155650705250e-01,1.803543733121358017e-01
2.477921529185181104e-01,3.320990487600034013e-01,8.994474345219629630e-01,2.822476045336446693e-01,1.560275330336713673e-01,7.744335700164409753e-01,6.234803668112328667e-01,1.752040744983471565e-01
3.682902619424806012e-01,8.182015624312634072e-01,6.747856842338185723e-01,1.102870449628861882e-01,1.859292413970254076e-01,2.613721963539021864e-01,5.412651192278237211e-01,1.778965637979057768e-01
2.233566716076882119e-01,4.170596761546960796e-01,7.945974570146039362e-01,3.156864462253209935e-01,1.720756054580383498e-01,1.353954871442575314e-01,6.849516974398700553e-01,1.765088640273440590e-01
3.782245763431072438e-01,3.453104462201344038e-01,4.140239196523376464e-02,2.906390484296264010e-01,2.448879654545311202e-01,6.302830532196479485e-02,3.319130382356005882e-02,1.818817416384804209e-01
2.230067771651616793e-01,5.868023032467557520e-01,9.560263541446168967e-01,3.066184617797527157e-01,1.214216474380967609e-01,2.688214665309728302e-01,7.037158228829968332e-01,1.766287598832669836e-01
3.121179836625361803e-01,8.435846526502872589e-01,6.934070607078718362e-01,3.979671513889287970e-01,8.583962260643189512e-02,7.021009843051772004e-01,5.512515423517015956e-01,1.783656923650574766e-01
3.859390165455936494e-01,9.264506732448301030e-01,5.298540389309164267e-01,2.604262933476819697e-01,1.146326454643007697e-01,4.845701325262594672e-01,6.058903973076009697e-01,1.804088194452337091e-01
2.019138572794892672e-01,3.348548849727579491e-01,7.136365685797620984e-01,3.289861084195995766e-01,2.173820435041178278e-01,7.309699773094252562e-02,3.425639572505416730e-01,1.780339174006421721e-01
3.128855179591453761e-01,7.716487976413138883e-01,7.026188531051908992e-01,2.876014181877001863e-01,1.226775537340304145e-01,4.559628703288156615e-01,4.033228123076973426e-01,1.797451097953168819e-01
1.760118254701418805e-01,4.221439841989028663e-01,3.751122516856444933e-01,6.751496240546113192e-01,1.545274048918032495e-01,1.070500112957286087e-01,1.504767287340487147e-01,1.799839232164773539e-01
4.792824986212611549e-01,7.170809056542852833e-01,2.976669081872386213e-01,1.881314615853714178e-01,1.403078928626721733e-01,7.418499846445516521e-01,8.897858759836179132e-01,1.773168447562232242e-01
1.335582375182311488e-01,5.691805787329445865e-02,6.939952502575830184e-01,5.312335031555959208e-01,1.924586865396855639e-01,2.312519181772796084e-01,6.071657583348692988e-01,1.754149310800715844e-01
2.308479181845133343e-01,5.228666555522731851e-01,4.812549790112677361e-01,4.558046523404448713e-01,1.900300704053302647e-01,3.668325069247013737e-02,2.294624383805243806e-01,1.781743607315336986e-01
2.369052700352464180e-01,5.247093550250605531e-01,9.544564616517765554e-01,3.228693460226968459e-01,7.647536846190049198e-02,5.827871274834144355e-01,8.032746325716427771e-01,1.784268938213811329e-01
2.614474551916420308e-01,7.259672302784894171e-01,9.661984028882708575e-01,2.844495214940060968e-01,1.102203383385524232e-01,3.576554532815944265e-01,7.437593456111946111e-01,1.786494508116656388e-01
3.385645580004487121e-01,6.686011983713791018e-01,6.673903381000559909e-01,1.718259029673528948e-01,1.287427310755965837e-01,4.157061636778105473e-01,8.792212475096097268e-01,1.755807341367729146e-01
3.173187624515706462e-01,9.274362717936815992e-01,7.121487198653397854e-01,2.898129933053429919e-01,1.305801084258052525e-01,1.475662250946057630e-01,4.856457363607779576e-01,1.792121784218772274e-01
2.628162286511663837e-01,2.494947455592464447e-01,4.362140307622103252e-01,3.095562747952239069e-01,2.186406557582231680e-01,1.619113937077186205e-01,2.980943735809976625e-01,1.787809593811613418e-01
3.075871121152178866e-01,6.694003620501390861e-01,6.522221952034602532e-01,2.633828767261536252e-01,1.796212946205845706e-01,4.327809722305747675e-01,9.096320733711971140e-03,1.793598916995034487e-01
1.990988511164353825e-01,3.741831395536870941e-01,7.051380010421826050e-01,4.852156493241745472e-01,1.139010852538983043e-01,5.594854264930870791e-01,3.039640558440903639e-02,1.815263267313096118e-01
2.160490607040753130e-01,4.725360052604506977e-01,5.064743052380922261e-01,4.379025194539579169e-01,2.058542848603450437e-01,2.408140655104396011e-02,8.227733040066348424e-02,1.798839571114521918e-01
1.520747781449254821e-01,2.515176904102335853e-01,9.697569252329805156e-01,3.945992560583218012e-01,1.648398481435815188e-01,2.251179903611500999e-01,6.025741074272837894e-01,1.761285124460950091e-01
3.036495479198466074e-01,7.707130584835352183e-01,2.650587577197266453e-01,4.709303302797264168e-01,1.837623803542470236e-01,1.529448375837277885e-02,6.767066831307927410e-02,1.810452894658265421e-01
3.381909849626898446e-01,9.133249479478910970e-01,7.385986779247231127e-01,2.126637548790086263e-01,1.336181157283414522e-01,2.095220632272873362e-01,6.439056208674787118e-01,1.792563884984433586e-01
3.252763071431808428e-01,7.771185713722933430e-01,9.132694629790629737e-01,2.073934054610154787e-01,1.216940422260046895e-01,8.212425191037288075e-01,7.277933536559216821e-01,1.764752383817178860e-01
1.909766862143108257e-01,4.339692449828760901e-01,9.626478300679033318e-01,3.941668308148780220e-01,1.047270422641003729e-01,2.467918253084132596e-01,8.006303566249801662e-01,1.776153778804369365e-01
2.610070120257647064e-01,4.657299605183136126e-01,8.106986716219910516e-01,3.602790643402699611e-01,5.889629643147394067e-02,8.605921462589251059e-01,8.630771908143406446e-01,1.779283780553612970e-01
2.271720746647794553e-01,5.312168098539482575e-01,5.155770909396024670e-01,4.427989725050047176e-01,1.657245390274135199e-01,7.583610148554686958e-02,3.779766115375599034e-02,1.816610929067339897e-01
3.782685689292598075e-01,8.472161190210598658e-01,8.222400613521412271e-01,1.506575306338405196e-01,1.244277983461250792e-01,8.408272519020132396e-01,7.304682408970278873e-01,1.766266838651269766e-01
1.448826658317844684e-01,1.258041898686902971e-01,8.534347236582845442e-01,4.615845578930736215e-01,1.733807615799659863e-01,1.787926367386888926e-01,8.127982439922144531e-01,1.744282106494829121e-01
4.026683464570230409e-01,6.147276792311335836e-01,5.004634113521445604e-01,1.980781866421732762e-01,1.131440311491792583e-01,9.406774645247600874e-01,9.830444077442094253e-01,1.754462392326165410e-01
4.355510484078428668e-01,7.612867889400375399e-01,4.362494794002226284e-01,2.322965248199722055e-01,9.558298538878430561e-02,9.390998775423150535e-01,9.801297677230911276e-01,1.770643391518519905e-01
3.171184001731090496e-01,5.232972139901833630e-01,5.729511870272643304e-01,2.172108249152434056e-01,1.775278365084770604e-01,3.852607863167307189e-01,1.733169810850987425e-01,1.816669284155857933e-01
3.095206779249541906e-01,4.178776476765353465e-01,6.474937383263571489e-01,1.716488599946060511e-01,1.677248607043357043e-01,4.460500796276107849e-01,6.296605541679507478e-01,1.788285323989521058e-01
2.393929918688215697e-01,1.748777702467838036e-01,7.432198418286316555e-01,3.413507084771001954e-01,1.641479454125240323e-01,8.998933010791190235e-01,4.956564363786647442e-02,1.787731063760149564e-01
3.911947915383073848e-01,2.460146192012129251e-01,9.744509272918755460e-02,2.501628898630579023e-01,2.429811329534885267e-01,1.187461913208566200e-01,8.014967427651624732e-01,1.761289188764055824e-01
3.127766264211410685e-01,8.571772577955676375e-01,5.747796133708774624e-01,2.995970330535882020e-01,1.737656805757976375e-01,9.492866760975371410e-02,3.160531595005076078e-01,1.782521864778116305e-01
3.189594704448706630e-01,6.087973568764291077e-01,5.071283291459428577e-01,3.143972278925834529e-01,1.475440714053004587e-01,5.279161617662363470e-01,1.987465564926139683e-01,1.796182518840491182e-01
3.172279897503357815e-01,4.423652415930001136e-01,3.848832900222547981e-01,2.974562226310721869e-01,1.859551686083003308e-01,2.327988863638635886e-01,4.503314814032335356e-01,1.791113861481020697e-01
3.759040053445500407e-01,8.672852205906080858e-01,4.263448327897367829e-01,2.956015151782638295e-01,8.132835228143894812e-02,4.251584216941147742e-01,9.704708303844800099e-01,1.782263462691145717e-01
1.554006262604194777e-01,1.641616894273157934e-01,9.626997612641825519e-01,4.106707399146520276e-01,1.323305656178782042e-01,3.538892048237805010e-01,7.220185465680383219e-01,1.780612363909459261e-01
5.264566225826978751e-01,7.778899383010131618e-01,2.433691874820633760e-01,1.300779344079225075e-01,1.448288358567163259e-01,6.889367409823532462e-01,9.818021691692029318e-01,1.769210346825715041e-01
3.516204093954944376e-01,5.909099835371678378e-01,6.782692551289277727e-01,1.655285192716361153e-01,1.957871825784851250e-01,7.376612702159266455e-01,1.032920399009751300e-02,1.788662514346820442e-01
4.564564377951694230e-01,9.458282417264465280e-01,1.972336220016754349e-01,2.840155432249917289e-01,1.401702909750367765e-01,2.471466986387619302e-01,8.612738211471211436e-01,1.795878096390635670e-01
4.057995923075272682e-01,7.481427595341362258e-01,5.113760563858572583e-01,1.939015713011264797e-01,1.014319450506539905e-01,7.950410886070317096e-01,7.848706689697633188e-01,1.788119183053906991e-01
2.918342053820756066e-01,1.574690064888820129e-01,7.836157655422134605e-01,1.539860323823542265e-01,1.776950487887858920e-01,9.055171106098327538e-01,4.756680621100370376e-01,1.772992994796495636e-01
3.480703185470899186e-01,4.490812523871788309e-01,5.804940359668784300e-01,1.664527157837373816e-01,1.669234129785219789e-01,5.487734636317604942e-01,6.367872076247720337e-01,1.785161753696219711e-01
2.665739069655166937e-01,4.467581853918745072e-01,2.620393754353389504e-01,4.744625419949091150e-01,2.203706991694074635e-01,9.184657245805344372e-02,1.482618054034815502e-01,1.799587217550297491e-01
3.025643048683805958e-01,5.825796465673651614e-01,4.930363568117417383e-01,3.428917882294282848e-01,1.718603438401058725e-01,1.980387269066757883e-01,6.420377204773981550e-01,1.772948223399940237e-01
2.565937626676682570e-01,4.855962908733290617e-01,8.069405937839623233e-01,2.869059933777903804e-01,1.218202074284023134e-01,4.473984252799989014e-01,8.929029224846234403e-01,1.748298621214768034e-01
1.687469056672457335e-01,6.809485677055843178e-02,8.289836295343222528e-01,3.942975683322356151e-01,1.714342049428061177e-01,5.626258409174864639e-01,2.054717736258852012e-01,1.793163946909664963e-01
2.360252831956841379e-01,6.229016844731987135e-01,7.916187098697310409e-01,3.309901362756176857e-01,1.636802840951759042e-01,8.933811813138731184e-02,3.118633233391073789e-01,1.803311600598686004e-01
1.869338848734074798e-01,2.363166310668218806e-02,7.727440440185721071e-01,4.003551998632092768e-01,1.428928409462858762e-01,7.116864386844257151e-01,6.716895603505603773e-01,1.772864656341854306e-01
2.409900028732435973e-01,7.467644706663137955e-01,8.045174462611961452e-01,3.666944159303682227e-01,1.214603853416843238e-01,1.782840978636987539e-01,5.496718724827519553e-01,1.777050248824465772e-01
3.353075795771181533e-01,6.274577761199630066e-01,5.339067345480164040e-01,1.614867155679679533e-01,1.997174326027467695e-01,1.256482682641931192e-01,4.594080201075603775e-01,1.785371834527710311e-01
1.704873974792711633e-01,3.668756852145361735e-01,7.481750950050474191e-01,4.616206514666969518e-01,1.807122582585128368e-01,7.880537115585134478e-02,2.011741380245027910e-01,1.780521854605922882e-01
3.441105272426416284e-01,1.169039802043819187e-01,2.187717805634221691e-01,1.824899021999237814e-01,3.210734777841378063e-01,6.378930095507318043e-02,1.318185363516625186e-01,1.780852150899557285e-01
3.097889432221852535e-01,5.661808374342903738e-01,7.141486944143884408e-01,1.699038328221256500e-01,2.006745730096032576e-01,3.403022490220106722e-01,2.741584310322499052e-01,1.775053620358114925e-01
3.188694921165425855e-01,4.895525512506904153e-01,6.183760919580298943e-01,2.388249527337517886e-01,1.467461159797189274e-01,5.819428992834596581e-01,7.339085762453214645e-01,1.759776933020197887e-01
2.582055728290886809e-01,3.131552099498576269e-01,7.096543297391270100e-01,2.145856819464366794e-01,2.165778824004098435e-01,3.532573904134702070e-01,7.013706978835343442e-02,1.775330934426024299e-01
1.758245181479512476e-01,2.364672611354326492e-01,7.672994288738512747e-01,4.311426906168595585e-01,1.873773009182298777e-01,3.448751715912692362e-01,1.125670315427665935e-01,1.789162462927884611e-01
3.825040475074918955e-01,9.945624844801925768e-01,6.579341024125304749e-01,2.588679870545469996e-01,5.350550744394226566e-02,7.789062598399683068e-01,8.219876886985115760e-01,1.797946026269736930e-01
2.235544278628736892e-01,4.712084339766952623e-01,9.718922545885029241e-01,3.366213960428597884e-01,1.145946331499987092e-01,6.903998765791090619e-01,4.135463171133269000e-01,1.787825155753576811e-01
3.611405283124384247e-01,9.042822912579838723e-01,6.787673978391989271e-01,1.705372348496352330e-01,1.501524598633473262e-01,4.930740328288474861e-01,2.171797207803086160e-01,1.804567717596698706e-01
3.382433101997813774e-01,7.198698514976766827e-01,5.163164503509140024e-01,3.665366780234469712e-01,7.026431954201070584e-02,6.913850260254493785e-01,9.392264159252031730e-01,1.769608180669525743e-01
2.634721721564973196e-01,6.126190343026738372e-01,6.283571031223497139e-01,3.572605850368448244e-01,1.254229241296707653e-01,2.030007197916521011e-01,6.034665977002320325e-01,1.795744872454903551e-01
3.736788754725939299e-01,7.477380803162871903e-01,5.356218122506753998e-01,2.363111318137094963e-01,1.133922157935669806e-01,5.951264771381336027e-01,7.030992879103392657e-01,1.800539305284681035e-01
2.039505785178871711e-01,3.066359495802863933e-01,8.698957850508004519e-01,3.296044108162493047e-01,1.214781782584808817e-01,2.729758009774901351e-01,8.819819781691573546e-01,1.781472420232175224e-01
3.080978562744122184e-01,7.428951644547361344e-01,8.211032807211100515e-01,2.688870897082004663e-01,1.185355508197375729e-01,7.533242504264836548e-01,4.359092873738906748e-01,1.783831670854073292e-01
3.536163253173789656e-01,7.415886402745553996e-01,4.294103781733813463e-01,2.244917052972190685e-01,2.319488424143023586e-01,6.922110531968167502e-02,1.528509498871775674e-01,1.780414138124259416e-01
4.230771024858021034e-01,4.155130576540781995e-01,1.583057028791670651e-01,1.568341298923670024e-01,2.467152226681444405e-01,3.982019340909120908e-02,7.866843645459863366e-01,1.776800918307836763e-01
3.069799699646310609e-01,7.267726548158190969e-01,5.572860276788036415e-01,3.663343996164254435e-01,1.365654295450380029e-01,3.822847796064086090e-01,5.736316632993532227e-01,1.770587627927597274e-01
3.166610249896877338e-01,6.459675598563774379e-01,8.965467453589720526e-01,1.200146985682974121e-01,1.638761964022428241e-01,4.681715917030735419e-01,5.149424776892066458e-01,1.781178283937906448e-01
3.587997415628748077e-01,9.272400894946239980e-01,7.350066623869029314e-01,2.163802446948523417e-01,1.184492860170779233e-01,7.547263136239370507e-01,3.058800643961600563e-01,1.803096214447107160e-01
2.599583358567429392e-01,3.744768535182768643e-01,5.953274839901068205e-01,2.553454749982696503e-01,2.279721320378734484e-01,1.196759127228508301e-02,4.237872770572918557e-01,1.790546380453875708e-01
3.096541318994957548e-01,9.466856874416249568e-01,4.620383185086602840e-01,4.626943035280579597e-01,8.581860895355482299e-02,1.264385170205270525e-01,8.732032903769990639e-01,1.788703828541884921e-01
2.991469270410018755e-01,2.781056548419293950e-01,6.628610411353126342e-01,2.235076956407981708e-01,1.839032251109709581e-01,7.597910132549223761e-01,4.144662278084368934e-01,1.780352672322360608e-01
3.179558400997766210e-01,5.758057588579558184e-01,7.947494407235685676e-01,1.956140574864179138e-01,1.149761099036052669e-01,8.302199651868577002e-01,4.922765784891243168e-01,1.805631722656030613e-01
2.141470820591374058e-01,1.634198772012282475e-01,8.305111652444124859e-01,3.419869106658205427e-01,1.384319140639992118e-01,8.605601586563385030e-01,1.486935508489656277e-01,1.806560478940989478e-01
3.267258592756923652e-01,6.319890688201539319e-01,7.538388544470253638e-01,1.227549948337120223e-01,1.719601641354788490e-01,4.786416214429470295e-01,4.314228100171247360e-01,1.785871276498329219e-01
3.149074136724621664e-01,4.210259806768706370e-01,9.659022846764540038e-01,4.339055772416466894e-02,1.825681678472408087e-01,7.569630237904796388e-01,5.904854024639297760e-01,1.769909987304487953e-01
2.841497024066532151e-01,5.094039068259441638e-01,6.903733053416436505e-01,2.198065891462148702e-01,1.925619978436553248e-01,3.349857363250800524e-01,2.991040305261649657e-02,1.798017650581895943e-01
1.869477974841306789e-01,1.429526537830989041e-01,5.958154103485001629e-01,4.284358237061516306e-01,1.960875670910489088e-01,2.983585509226873711e-01,3.915344010656668372e-01,1.765905951885382852e-01
4.367305702341822693e-01,8.658264689816721482e-01,4.811011485489744555e-01,1.561940081113242229e-01,1.086150800866167859e-01,7.737725028181154929e-01,7.982868745086373341e-01,1.789241999374840408e-01
3.766465399054958474e-01,8.992604402374055894e-01,5.255509508234688099e-01,2.516655999170737124e-01,1.444995914387738611e-01,4.583743222675468187e-01,3.701637125451263111e-01,1.791208876203030376e-01
3.083583690023480317e-01,4.125094493811035101e-01,8.435049882201027804e-01,1.259599874248332196e-01,1.893407768639308597e-01,7.347524415014350385e-01,1.415089411524964036e-01,1.788493117861299775e-01
3.856392480269235090e-01,9.670121972640977059e-01,4.563698095564096557e-01,2.890808700907325224e-01,1.399338513941875140e-01,5.074856126560661762e-01,2.433752123883148877e-01,1.791550171670355518e-01
2.692789332843997241e-01,5.806646289628050184e-01,9.444872790558831444e-01,2.079680731149252670e-01,1.721346015043584976e-01,6.022556145670669991e-01,1.882765669997875091e-01,1.780402939918598604e-01
2.831333765204349096e-01,4.127026920231109952e-01,5.793558535824553379e-01,2.062903647853809863e-01,2.147519000600030536e-01,8.400985346342809690e-02,1.737682190196482845e-01,1.803755665847046608e-01
3.058849909569256176e-01,9.694645696831509785e-01,7.484959634887351498e-01,3.308873177412935962e-01,8.024694157802958472e-02,3.199457722262274983e-01,5.754843239068313521e-01,1.792376170921777812e-01
3.168856147635836229e-01,6.942979526543954227e-01,8.061425210854878953e-01,1.443166879822979087e-01,1.300709486010849514e-01,4.208609806276651377e-01,6.928420098925566206e-01,1.772993307501216087e-01
3.124508768246639923e-01,8.077501034970828719e-01,3.050676121783159611e-01,4.123160059729517601e-01,1.798962736220372227e-01,1.149231825046331812e-02,3.003625652179943151e-01,1.804393933735579381e-01
3.360727538406071968e-01,9.020820063259508137e-01,7.351428599663194507e-01,2.492148795541873629e-01,1.072773870413976371e-01,4.404810891448878163e-01,8.170441255491165400e-01,1.760268545091657755e-01
3.859812403880589216e-01,4.904068007599144408e-01,1.954588757413051603e-01,2.326237462476895002e-01,2.543329029517510387e-01,1.102484298465529200e-01,3.235133769586600039e-01,1.784082451637832301e-01
3.657364135613143108e-01,7.680489457813827192e-01,3.306901103286705168e-01,3.103874842680861001e-01,1.675721086467565901e-01,2.280788792063367099e-01,3.152082714062254265e-01,1.815048205163436179e-01
3.100971879703837697e-01,8.660267662421766710e-01,8.169132275286219436e-01,2.733628398083813860e-01,9.915505662457024805e-02,4.722364457135908022e-01,7.581812065667478118e-01,1.774234166826664794e-01
1.652234712184604548e-01,1.373325915727318103e-01,9.101062789156576516e-01,4.809532257075381789e-01,1.048784755144222536e-01,7.078531935456591206e-01,9.174547141402564776e-01,1.747608699630209539e-01
3.109228488983001304e-01,3.006107266866552274e-01,6.400422135300172233e-01,2.079557707859651106e-01,1.567082473742692772e-01,8.195883541126910421e-01,5.349249541496594595e-01,1.784832356931478625e-01
3.487176379076726285e-01,9.063204464768617186e-01,6.086336128541200985e-01,2.944611558239591531e-01,1.093774353793832282e-01,6.043638601878454919e-01,2.492265672368472740e-01,1.808225684520436971e-01
3.299309906295375683e-01,8.489159412142115446e-01,7.919781011731625853e-01,2.032034682878040566e-01,1.501630387609073081e-01,5.287684775347836208e-01,2.648955878919456719e-02,1.804312037552396331e-01
1.254424559008460449e-01,8.292181793180508631e-02,9.935923684888754437e-01,4.058141969181424114e-01,1.642249267816678071e-01,1.318590703754881077e-01,7.519538426551126697e-01,1.766866638079860607e-01
2.496514895096956232e-01,6.679456057749610931e-01,9.400643825053620617e-01,3.495723647206522289e-01,1.027321216920692032e-01,4.275290671023057043e-01,7.985865465445445288e-01,1.757342817473454000e-01
4.590845585130723938e-01,7.153504415404224881e-01,6.099979844882847946e-01,3.925541467628654302e-02,1.207562921245265430e-01,9.922615291728887899e-01,9.933134598742485721e-01,1.781058248579752423e-01
3.104237894613577353e-01,8.169788444381969050e-01,6.717924398710786171e-01,2.386086585881087296e-01,1.487940019703593297e-01,7.789152876138655257e-02,6.034524258733992008e-01,1.782459287037146123e-01
3.132783504577328348e-01,8.547110476824093528e-01,8.691562312824501202e-01,2.761200105154614226e-01,8.561667970323300070e-02,6.177338111869976611e-01,7.125368516801106056e-01,1.790212176463310823e-01
3.425023830286175186e-01,6.223999227732862627e-01,7.469233187847279520e-01,1.086936534454887027e-01,1.410016434232050919e-01,5.828181707620132546e-01,5.660621407903291269e-01,1.798640499848801200e-01
3.312679962391532063e-01,4.333470122867706387e-01,4.784964807875828341e-01,1.486264075938939500e-01,2.412029677834050534e-01,4.842762573776815405e-02,3.660218009181865351e-01,1.786759287904337301e-01
3.689872601147863307e-01,9.090830935994467232e-01,6.948799755884016438e-01,1.609812633911600621e-01,1.431594681609966724e-01,4.637093386457104005e-01,3.684395751701095012e-01,1.802315092958370613e-01
1.883552121638735477e-01,1.632114669229274839e-01,7.023695305656288967e-01,4.058838931417581009e-01,1.565442113048878259e-01,2.167609326935722169e-01,8.769936962491502452e-01,1.752739528942321434e-01
2.073704577690464734e-01,9.117866650773132076e-02,8.676581180236531132e-01,2.786927179852125014e-01,1.588686439367229253e-01,6.460918887432678392e-01,4.073943902133620454e-01,1.794083177858013800e-01
3.206845664783827266e-01,7.894629787317635206e-01,5.045846674823935007e-01,2.772267677048835255e-01,2.146180114646750181e-01,5.606822595102683993e-02,1.184601799462380312e-01,1.786844274852427139e-01
2.567504017416749051e-01,3.270596950561709404e-01,9.629318284982983922e-01,1.428500175532788907e-01,1.789410067713178287e-01,3.680961184771348038e-01,7.801096888059819712e-01,1.756710894927288880e-01
2.622265470048606995e-01,5.026582133084740445e-01,7.895166928214425450e-01,2.845758189106185054e-01,1.371602528994558257e-01,4.936813310079880557e-01,5.226750486540300278e-01,1.783830087804790243e-01
2.118170496377561607e-01,5.701062990872747260e-01,5.688853406008063107e-01,5.584063070810345586e-01,1.273550597650602856e-01,1.890046386894075059e-01,4.155606041087414049e-01,1.791908880390946368e-01
1.704147506946162294e-01,2.497358313456309875e-01,9.099098246941095258e-01,3.782308494254766895e-01,1.395212930236928717e-01,1.915776263952103098e-01,7.900054998616782287e-01,1.781615799314081316e-01
3.140334115966877393e-01,7.958345133048290165e-01,7.739836657361522931e-01,2.116358201341704548e-01,1.612890013091566876e-01,3.415892117181132392e-01,2.496518682460768801e-02,1.808923816746621227e-01
2.321653393489868100e-01,2.719530427628288338e-01,4.912808090788471360e-01,3.747963417945039399e-01,2.136407473975458493e-01,8.307038837421165667e-02,1.548869792887659358e-01,1.805850114983408028e-01
2.170029510271363204e-01,1.907925122897770054e-01,6.101252033301716171e-01,3.239199622265298562e-01,2.123321758430251616e-01,2.125301120536172150e-01,7.441712311076154052e-03,1.809670550233120068e-01
1.350561893402185409e-01,1.805911550026569889e-01,7.826309378997687860e-01,5.133694342349461870e-01,1.874218865777134702e-01,6.471623645415119919e-02,6.612167001736408700e-01,1.763402677650612038e-01
3.571474547925194143e-01,5.483391251576048564e-01,5.865161290966743879e-01,1.200994466997660770e-01,1.902700537424250604e-01,4.822321053295011151e-01,2.494980401428818217e-01,1.790104131283613564e-01
3.328953132341557208e-01,8.430264327224581411e-01,6.105112891045602064e-01,2.876153802358707434e-01,1.120530786006830593e-01,4.750941007792870985e-01,6.898691846171898234e-01,1.777079256919076033e-01
3.288336680504686527e-01,9.889256709252638444e-01,6.976416915672966068e-01,2.818553959008633369e-01,1.153610088061971795e-01,2.793657656182598759e-01,4.061083064486209482e-01,1.795164873878972167e-01
1.420072447070132027e-01,6.513865078437841571e-02,8.632426103878254597e-01,3.735761447150258707e-01,2.035569246942062760e-01,2.026342010343324396e-01,3.046480093403448608e-01,1.774553250185380293e-01
3.321021871962691607e-01,9.755655376390444111e-01,7.400661924506168887e-01,2.980217737304623471e-01,1.161076796693117086e-01,6.081080788205570631e-01,4.761313614035855846e-01,1.770471074860597016e-01
3.118386349261332846e-01,7.427242545910293092e-01,7.488539931578301889e-01,3.116626328637830956e-01,1.291643485695548044e-01,6.570682055940233468e-01,3.688326718299703710e-01,1.778132085584942790e-01
2.840248261719810485e-01,7.278463133240022920e-01,6.362432189868272303e-01,3.387834157091597631e-01,1.797881838569149182e-01,1.409867990764579471e-02,7.093146437201258703e-01,1.765263087689739607e-01
1.734364934108727219e-01,2.770609552253780472e-01,7.752532454321513500e-01,3.974508172976637943e-01,1.824957097832572428e-01,1.177518317239342749e-01,2.639073728872981528e-01,1.809533786430758684e-01
1.773093422169192412e-01,3.743625628203084421e-01,5.253558065245840236e-01,6.081294990124199717e-01,1.368260015617970837e-01,1.881269390172018718e-01,6.742285150401076121e-01,1.766459706895432968e-01
2.634705812766920396e-01,3.692568301432000988e-01,7.649601829118782836e-01,3.732532094212295259e-01,1.028712836521561286e-01,8.728856308045807033e-01,8.081410395527930390e-01,1.766196156309574883e-01
3.027563393047961182e-01,4.468075922655660448e-01,8.348155005233035553e-01,2.180329728554493696e-01,1.568554993694205868e-01,9.675983015700434509e-01,6.175847503768661095e-02,1.809644739698770266e-01
2.381763060125997034e-01,5.101856932128335798e-01,9.481226393995666468e-01,3.194104837048007406e-01,1.122207247469486635e-01,4.337813572481988844e-01,8.383131096972387120e-01,1.758938613846185162e-01
2.683940377206595063e-01,9.439606935334037274e-01,5.759499051662059221e-01,4.792681012072022018e-01,8.417649749527193748e-02,6.596509557934937540e-02,5.672366684242043933e-01,1.802931706844181359e-01
3.229714182996117344e-01,2.733110981381538518e-01,1.689456600481012982e-01,3.424415584772743104e-01,2.823775229013026911e-01,4.584510392385277022e-02,7.813439789894649490e-02,1.798297022775220688e-01
3.278354976860475278e-01,7.765520181053868765e-01,5.401909961591443432e-01,2.727895554661579625e-01,1.209804354578605523e-01,3.172412595581924899e-02,9.671962346748532724e-01,1.784361414363222487e-01
2.743294020739119321e-01,6.650160066605392828e-01,8.083709853970419967e-01,3.307934915435440382e-01,1.025390266354365698e-01,6.342866405453664314e-01,3.821372598675200627e-01,1.804978853980875042e-01
4.132717387514112106e-01,9.738457472550264837e-01,6.779323266908794388e-01,1.355204054895396693e-01,1.021656899800349599e-01,6.494941625026138254e-01,8.939974339741028064e-01,1.764213347177632230e-01
3.323525896945215830e-01,7.162949287867852455e-01,7.732623354666152693e-01,2.340298786956878097e-01,9.796773492627092184e-02,7.197234563395855655e-01,7.133145337029317412e-01,1.785209050194573044e-01
2.843696072340857195e-01,6.330340626030930284e-01,6.966631287764457614e-01,2.619479703394177461e-01,1.370396405693934672e-01,2.215127497059093120e-01,7.960232100136583888e-01,1.772708198889477449e-01
2.265222389765741973e-01,4.015626280051184382e-01,5.097695750853633578e-01,4.310246822703391878e-01,1.809969941190554266e-01,1.596342330689015654e-01,1.973762185588801565e-01,1.813263623005113567e-01
2.909209101690921062e-01,8.698864565129711401e-01,7.529544362500220078e-01,3.221905470049813425e-01,9.714959470312711787e-02,4.703899044633332305e-01,3.578484281853592242e-01,1.802415686309821741e-01
4.460737473064751990e-01,6.979802064733493516e-01,2.621280990024510427e-02,3.112052230195351266e-01,1.803460671241740032e-01,5.244936198230665259e-02,9.565591199319039006e-01,1.798212761132607918e-01
3.384725817597450392e-01,6.901017912895773820e-01,7.422528582505868444e-01,2.365999062588208801e-01,6.892805403310132972e-02,8.741509383587588999e-01,9.348309146223112709e-01,1.775903659398108680e-01
3.404325423604850354e-01,8.308466290692921863e-01,4.664507200386932562e-01,3.831136623141906949e-01,1.266554224932200656e-01,4.346084754340140410e-01,4.030332703697001029e-01,1.785690486363563090e-01
3.240429460664324135e-01,9.464039859189915527e-01,5.897039021743204490e-01,3.202655034151876134e-01,1.135748543680862033e-01,3.798532289440553766e-01,9.688726329623753575e-02,1.809364046163382811e-01
2.731472222800636618e-01,4.315809428892422028e-01,7.349656016594787733e-01,3.255900790616874096e-01,1.134008823819385586e-01,8.822462453734716270e-01,2.887585882317403319e-01,1.803973386776459020e-01
2.575710206257548207e-01,5.308915325858148959e-01,9.564295690995343602e-01,2.511934911205806475e-01,1.627553059590821083e-01,5.544964864342322164e-01,2.605156403325855630e-01,1.781036290735570071e-01
2.673336075598224948e-01,3.803198386108116447e-01,9.439662857622794778e-01,1.710105525470136945e-01,1.578566038902566027e-01,8.211210269141206997e-01,1.189821536124344159e-01,1.805571025973488897e-01
2.009146272823085222e-01,2.462959397949503471e-01,7.328110534864538117e-01,3.642566734814550178e-01,1.913374023777888455e-01,4.166444545453805715e-01,8.632406855332969142e-02,1.775174811261362728e-01
2.807774060557399753e-01,5.819396598582370350e-01,8.969963675264613912e-01,2.154716791188904801e-01,1.597024733109922434e-01,6.339175332158073495e-01,1.946183100716518122e-01,1.784115919551315932e-01
2.894614140866240692e-01,7.597881504797772134e-01,3.552397709698299488e-01,4.869787197727470929e-01,1.067062115205668904e-01,1.410393360695776366e-01,8.923634126940147571e-01,1.760946267122609765e-01
2.963383220120980877e-01,6.059169416477998560e-01,9.732295420968595234e-01,1.068393602874610215e-01,1.973453844036182625e-01,3.992973390106022702e-01,2.522246268106888012e-01,1.781822267265829873e-01
2.459373825947596126e-01,1.604214127369463228e-02,8.100333591379137443e-01,2.248589251147246615e-01,1.560666142318059835e-01,9.230658635966220160e-01,8.000876203739069048e-01,1.755947180838575150e-01
2.256031003005862512e-01,5.246528062851985030e-01,7.281962066291620683e-01,3.890226221905520032e-01,1.396135969065140647e-01,3.531500443563651559e-01,2.214778944002661065e-01,1.780825714050466302e-01
1.687144682957612274e-01,4.867232131141880358e-01,8.524020498480948671e-01,5.149135901360466505e-01,9.820446086216720605e-02,1.537318542645310093e-01,7.469889434865877309e-01,1.781511178558844721e-01
3.569251788779469470e-01,6.436298654957962606e-01,8.431637480315382627e-01,2.281021098359414800e-02,1.538071193357395394e-01,5.385400100469844853e-01,7.023194388488462891e-01,1.779370320079000367e-01
2.428948819202804976e-01,5.317506708382330194e-01,6.210455180128651165e-01,4.105422047590332468e-01,1.478693859999654359e-01,2.252067190535503027e-01,1.272419447792925151e-01,1.811930599242334294e-01
2.638336547614730243e-01,4.785468531001520476e-01,7.776178610753206044e-01,2.428634665092596623e-01,1.229141572738850080e-01,3.578617984774930538e-01,9.559899021123077212e-01,1.754673753569997441e-01
3.143905032761833418e-01,9.916572967768976232e-01,7.877878672153574291e-01,2.980396250073656939e-01,1.122748349857588673e-01,4.405201949543005036e-01,2.696471140271690103e-01,1.803144530728132411e-01
3.955823921242102581e-01,2.160210117971940735e-01,1.388863364253361543e-01,1.797864528652737826e-01,2.955549319581984302e-01,1.113320096451450580e-01,1.060612199573736092e-01,1.792203505342771508e-01
4.421653528525947840e-01,5.887363154536703336e-01,1.310592448803361565e-01,2.044241298639825344e-01,1.904962954929920183e-01,1.437400738664869615e-01,9.420722038659121722e-01,1.773865920394218365e-01
3.499204664507813978e-01,6.618014495030755118e-01,4.945409960289081641e-01,3.111363374298982132e-01,1.311689385444807787e-01,5.926084303668814890e-01,4.185728175239589732e-01,1.798113512873653619e-01
2.765180895357911561e-01,7.032277339681431982e-01,3.669069290056483079e-01,4.911630549554089620e-01,1.532228914985277468e-01,6.233545990559197225e-02,5.498216630779420022e-01,1.801514498694241628e-01
3.023535858366431794e-01,4.141807831816049501e-01,5.800644640815370012e-01,2.358843238685910393e-01,1.390536915213505531e-01,2.841885488869030363e-01,9.520124337700437422e-01,1.773403506723902623e-01
2.197910151822480562e-01,5.703320599532100132e-01,6.351008439759073809e-01,4.276356379120823670e-01,1.379930505889283010e-01,1.122957908526263093e-01,4.986412698035401214e-01,1.783993076387748733e-01
2.912227663298224689e-01,6.102444432700432353e-01,6.916292536406138947e-01,3.287374446411481244e-01,9.450305466429943790e-02,5.553023949210711407e-01,6.992612816797428854e-01,1.789512485675956999e-01
3.882510752909717477e-01,8.623387907195572133e-01,6.803620134295673694e-01,1.546999728329645774e-01,1.165789796532291089e-01,8.344524045899883724e-01,5.891398950651655086e-01,1.796070825250060121e-01
2.379780574818410321e-01,4.457883066001779859e-01,9.719648565448830713e-01,1.876880025123020546e-01,2.128709093929123664e-01,1.533807403311291950e-01,1.272548166539608228e-01,1.786427207716545229e-01
4.095740731846784222e-01,7.934038432075851688e-01,5.872231126894653652e-01,1.967169975318794062e-01,1.097522690682210394e-01,8.381995344508220702e-01,8.872303277332856952e-01,1.778325928351841279e-01
3.571241036867520147e-01,9.044057976787932551e-01,4.168949448980691086e-01,4.051309715972326586e-01,1.023605029075210227e-01,4.370417530710901111e-01,4.514068583270647306e-01,1.804797145785782542e-01
2.757718924773340796e-01,7.383813233640833529e-01,7.664731280905996424e-01,3.327129934522926602e-01,1.045252870341206591e-01,4.114501456652057132e-01,8.212867380269807116e-01,1.762393255838008432e-01
3.360341043305597464e-01,7.901746929410367049e-01,6.563396926387106145e-01,2.175741778791163150e-01,1.579504886712056744e-01,1.162781167659456827e-01,8.658795330965324277e-01,1.768879617651621938e-01
4.372774305692824770e-01,9.906769705624794975e-01,6.282711521604958937e-01,7.029771160840778133e-02,1.027446132763814718e-01,6.754473060980817900e-01,9.420310939685486717e-01,1.768339527808686085e-01
2.404856944934117280e-01,3.929762191458870957e-01,5.903565209969366956e-01,4.079761995351887105e-01,1.474621334321071786e-01,3.976270817724140150e-01,6.181257745095436462e-02,1.798889201140737026e-01
2.203912596048340777e-01,2.253045523928103311e-01,5.959380833224587892e-01,3.358068209139714599e-01,2.015956317420227739e-01,2.158459537641529424e-01,1.112794686018305779e-01,1.791052191089967938e-01
3.053551170003679927e-01,5.301568113436330165e-01,5.998690574197730330e-01,2.694348777134865092e-01,1.444592958842562391e-01,4.765520080193700325e-01,1.175923015892124113e-01,1.826068533724105603e-01
2.963734144017883265e-01,7.507191341362511317e-01,1.149253870401224509e-01,5.983027389851368616e-01,1.419810249892559106e-01,7.168677732790618151e-03,7.706929117252675487e-01,1.788260792946437805e-01
3.845551633728334640e-01,3.508657153580608812e-01,2.035302264744076606e-03,3.859681604855474957e-01,2.216359619951601134e-01,1.853943175191039572e-01,3.985027866109736028e-02,1.808733306565004362e-01
1.345255904761705479e-01,1.703713948824435720e-01,8.952539751363645104e-01,4.504037042938862090e-01,1.558925821014857660e-01,1.703616855430625243e-01,6.112972702262139402e-01,1.773904633489808980e-01
2.682548067262925384e-01,6.578946519535801007e-01,5.956155084563035107e-01,3.719581158448337366e-01,1.425721446823256522e-01,1.355956591654955412e-01,8.181961015919778646e-01,1.763260389322383326e-01
2.138763359312920720e-01,3.019560789497987008e-01,8.524384476026369839e-01,3.222146383709930673e-01,1.361510204158968562e-01,4.859750503673342936e-01,9.158864114699118986e-01,1.738394014361165085e-01
3.156278584925116260e-01,6.373568574934209696e-01,8.021284899358112064e-01,1.370225973566967514e-01,2.015829455968379813e-01,4.633694768772467221e-01,1.174360803700915112e-01,1.788198508830383116e-01
3.735044267681076890e-01,9.150112348061429923e-01,3.875835777814918837e-01,3.571015806662636849e-01,1.409677863434162515e-01,2.994429458417494638e-01,4.756096076014155738e-01,1.803201972375101381e-01
3.893316823885279998e-01,8.947790461057059108e-01,2.605604992330072811e-01,3.147731709393191135e-01,1.789153135661512573e-01,8.958072469362221568e-02,6.091716347497556638e-01,1.796701525294526758e-01
4.804554413580113259e-01,8.408119088580248146e-01,1.007042979580532460e-01,2.964832916024908172e-01,1.738351969669187924e-01,4.062505267051969571e-01,6.915588015938195499e-02,1.819806159196595274e-01
1.670231818093555476e-01,1.489205027685369109e-01,6.212164804616127078e-01,4.262600433730672767e-01,2.172374659936822661e-01,1.865530303582965954e-01,1.235303777760876076e-01,1.780658572181242627e-01
3.005133755595900680e-01,7.223989189462398652e-01,6.075617468821139511e-01,3.919760110332434211e-01,7.402241568973402797e-02,4.931040209917653128e-01,9.443474605699249125e-01,1.753513979269048229e-01
3.165565748682611646e-01,5.817806710335495790e-01,5.437738528665994053e-01,1.912174857945810880e-01,1.786252773693841334e-01,4.541857771440677149e-02,9.473302385290707228e-01,1.761149016242571086e-01
4.339034308198123635e-01,5.491153193032306534e-01,1.519651307249109129e-01,2.109474503403399315e-01,2.192587722698571273e-01,2.460061566620499185e-01,1.660659872356750610e-01,1.798445218217560870e-01
2.017727323396488748e-01,4.094500465825107183e-01,7.009663852106544635e-01,4.040120143422201160e-01,1.470544392932605637e-01,2.850359842911455166e-01,2.209946256602702275e-01,1.796752869253130658e-01
4.236936786206843553e-01,2.947378230586938930e-01,1.090299696412865282e-01,2.070030284929021414e-01,2.332515130871638531e-01,2.891348510311969600e-01,1.597350195945488327e-01,1.808592069229910115e-01
2.024395119985422931e-01,5.118906337741722101e-01,9.971334471178404657e-01,3.377439388042271506e-01,1.627447413524727715e-01,1.699569368467199193e-01,2.490154751209987805e-01,1.798598295215622089e-01
3.961881885178445417e-01,9.204136164056678782e-01,5.214800567515825991e-01,2.709931197221023824e-01,1.282256598090333044e-01,7.139749587454120583e-01,3.822270237710813090e-01,1.799438273469878002e-01
3.453884966744583118e-01,5.792275051912575412e-01,4.472743487570229881e-01,2.256798453459233911e-01,1.936019023322449462e-01,4.218023705844317073e-01,5.007078900892586448e-02,1.785826627534401467e-01
2.939486721984436723e-01,1.756874498737156509e-01,8.798921891085922375e-01,8.911612466626467333e-02,1.644308585012683732e-01,9.937518302422292393e-01,6.845563812311904472e-01,1.765720855586181970e-01
4.259303250822651377e-01,9.062688114947516915e-01,2.772109188730369489e-01,3.190462890582645983e-01,1.627254527100221171e-01,4.964305463083106829e-01,6.869426367145997636e-02,1.794478420920278539e-01
2.130940472006549458e-01,3.175091578837572204e-01,9.249048606318730492e-01,2.896066930111927951e-01,1.425987652572893172e-01,4.097601790131268906e-01,7.670140516835874944e-01,1.758424911762733189e-01
2.993257517029881409e-01,3.264872097953384622e-01,6.116352565310392286e-01,1.959842753605378907e-01,1.596011386777637653e-01,5.111424840209319864e-01,8.284459652709136313e-01,1.754473379257447119e-01
2.476896164979519588e-01,5.768938777122015749e-01,7.636995997896893762e-01,3.616979238303901223e-01,1.150899985941052639e-01,5.013406985814371497e-01,1.539703303343265550e-01,1.804191216955367549e-01
3.125121308481592641e-01,9.349174309818025774e-01,3.274055544071304835e-01,5.107482747628713238e-01,1.455577488318522961e-01,1.918464209308612389e-02,4.385353915069487574e-01,1.800098362813289388e-01
3.608685801783695357e-01,7.483157504052247999e-01,5.413195577598548525e-01,2.471816047050471588e-01,1.290438349277123753e-01,6.303238779557143179e-01,4.250654036860643803e-01,1.788931496113710939e-01
3.661121807184921639e-01,8.090561519016483683e-01,7.489282360322632170e-01,1.430711676283998868e-01,1.296706310448995925e-01,6.954953565104733393e-01,4.366663318789527626e-01,1.788195951316117749e-01
3.483772405309406572e-01,4.800898020283710377e-01,5.478868769651504822e-01,1.264159800006946777e-01,2.066198265559148484e-01,4.058894239338329268e-01,1.085059509203216144e-01,1.794880461938694050e-01
2.581346648782029130e-01,3.394050103217222669e-01,5.108570112825763232e-01,2.770404206025215421e-01,2.553776393607519735e-01,3.200204495338981880e-02,4.947327422377967299e-02,1.776713036809364765e-01
2.911166266924543056e-01,2.140403623048015569e-01,4.207413588563952977e-01,2.213383329457382087e-01,2.502629712949895335e-01,1.290153647555788430e-01,3.064791290787798328e-01,1.796191966052050060e-01
2.826312436817112750e-01,9.157923917472832187e-01,4.589500798460760533e-01,4.995841740704277667e-01,9.636718608990181567e-02,8.028924163400696923e-02,8.576860564650556906e-01,1.761167971456996939e-01
2.759383971390875212e-01,5.522629255049477104e-01,4.084380166811274471e-01,4.163917974143543921e-01,1.396555895570423256e-01,2.090511092707232066e-01,6.477788566813575954e-01,1.780394573973752559e-01
2.903342171947744244e-01,6.270314474017040229e-01,8.523795904095921028e-01,2.131120951907274352e-01,1.621753716314608684e-01,5.433641583500110617e-01,2.897137416733586157e-01,1.797632904269281795e-01
2.668314517906273386e-01,8.778201636063720503e-01,7.922353930673891043e-01,3.550627349290133572e-01,1.381949056718556612e-01,1.985335583647150348e-01,2.487468031076206787e-01,1.780010734764546909e-01
2.858004395771153727e-01,6.064912926665974036e-01,6.265747269870762803e-01,3.830384700019101585e-01,7.322795419493732805e-02,6.067017732701228683e-01,9.147314845931513450e-01,1.772348947985903367e-01
3.218446487510638887e-01,3.702139038421967676e-01,2.723353273080734716e-01,2.966219003186407743e-01,2.308430555379199223e-01,1.640953227080805821e-01,4.135089044730456687e-01,1.781604929770172208e-01
3.004209848318538101e-01,6.629728138492440026e-01,6.821264230935367712e-01,3.155526208006222966e-01,8.431011166095592202e-02,3.737580132172070302e-01,9.962295802572672665e-01,1.774563334052254859e-01
3.482537400174318676e-01,8.436939209772976733e-01,7.856039195021475852e-01,1.573232949927227675e-01,1.300818173893827090e-01,3.149759762561961107e-01,9.402755162316859261e-01,1.761803002026312570e-01
2.956912655844598503e-01,5.447708078331631176e-01,4.733599904919859602e-01,3.028331038401212982e-01,1.996562343612448831e-01,9.036841099298753566e-02,7.786775216264502086e-02,1.816864083026953069e-01
2.850667003135140543e-01,3.618114129381211352e-01,7.976344755478369519e-01,2.907181907867921744e-01,1.321688757671503900e-01,9.760784026041007255e-01,8.862714571194242330e-01,1.741277742920592508e-01
2.693003489795457450e-01,6.742773883462291895e-01,8.549202900534464966e-01,3.491326764355608958e-01,7.943774708130622864e-02,6.812551440964462746e-01,6.858496590156015760e-01,1.774730487238633525e-01
2.941703970674948154e-01,6.452802593601173475e-01,4.343171667672119929e-01,4.096749396168622992e-01,1.513780586504344661e-01,2.244890104049398483e-01,4.934981082308078637e-01,1.779558709138143735e-01
2.800481636888959569e-01,3.849173078236256540e-01,7.962165135296835894e-01,2.162367505343726903e-01,1.785059696197597301e-01,8.073858582223683023e-01,9.113037678259727770e-02,1.783930109584174750e-01
3.299779828160959716e-01,8.019217187869802643e-01,6.457320276932351222e-01,2.661117153013863867e-01,1.253502332583153744e-01,2.473311207357770380e-01,9.356949384208004261e-01,1.756507391992842837e-01
2.338553696533176574e-01,1.415351270503300007e-01,8.365299565857791109e-01,2.582571781428810720e-01,1.858214288608761866e-01,7.817668011965863695e-01,1.236458801547446473e-01,1.798435104717552302e-01
3.701169001667170555e-01,5.431090847749048267e-01,5.840617261665056459e-01,2.278757719381886704e-01,1.480831974414630603e-01,9.146633416831226882e-01,5.305788928613253130e-01,1.781332198166621916e-01
3.217462043652338233e-01,9.537931466615323650e-01,8.178132228861525466e-01,2.468513179121215040e-01,1.206638623049502562e-01,1.051928931558551161e-01,8.865673463833182444e-01,1.781023060846944062e-01
3.605329686904290565e-01,6.863615527682169759e-01,2.367000527442663649e-01,3.730041876150710367e-01,1.637210238878988589e-01,1.454131058439905311e-01,6.861903830977826857e-01,1.789306524703524470e-01
4.026694949185932737e-01,7.207409236838916433e-01,5.330898783461889279e-01,2.369432523150497016e-01,6.923507558163374820e-02,9.860560939352860377e-01,9.705674091488588617e-01,1.777897684444329496e-01
2.390814219451597167e-01,4.931517757318420458e-01,8.982960473339445251e-01,3.258730930717123053e-01,1.265127755262865361e-01,6.868504762121612206e-01,5.513740225351591029e-01,1.769241792156963644e-01
2.020812230893514194e-01,6.428377308411548086e-02,8.928287780896283499e-01,3.258598650455858392e-01,1.416767940059207587e-01,7.528982889682271917e-01,6.465478418235041103e-01,1.774683667925231467e-01
3.279529078899586780e-01,5.622695312943241097e-01,5.208620650559515619e-01,2.537130550908650584e-01,1.873992654791371837e-01,4.512390541869221172e-01,2.059506833559564543e-01,1.777766407470760257e-01
3.677343785186146241e-01,6.274038017343698259e-01,4.925904211970929536e-01,1.973600586424721359e-01,1.314932816821166583e-01,4.671476074078705909e-01,8.923977716094428914e-01,1.760942675115685363e-01
2.875828580942119128e-01,3.376680810704267843e-01,7.468788054353112660e-01,2.228782621309171597e-01,1.437797596445336556e-01,7.136914769909095124e-01,6.521288654879968671e-01,1.768658620108382040e-01
3.242772262916094328e-01,9.847139603577581557e-01,3.362378691248054663e-01,4.676067910401204286e-01,1.272413091178904165e-01,2.893949249900967802e-02,5.033554072088844977e-01,1.809722318132357122e-01
2.863495884776132150e-01,9.026999927867485063e-01,2.666820799346636961e-01,5.907514166811399514e-01,1.326902751190683905e-01,4.511763336249002831e-02,3.184508635269098775e-01,1.807551210912184125e-01
3.693166907651528330e-01,6.841667551120756974e-01,7.781610411352053447e-01,8.320584640880854255e-02,1.046515395956827549e-01,7.790543667932912086e-01,9.702505232496398957e-01,1.776119950779177781e-01
2.735740299272134690e-01,3.878105609017964417e-01,6.256427502262478235e-01,2.444158680049073884e-01,1.837823151822332579e-01,3.249824235465529898e-01,6.059348879124685228e-01,1.763466142955450178e-01
4.363553687563311856e-01,9.277534381354448634e-01,3.831822763808623855e-01,3.069743369084591555e-01,8.082980900478814457e-02,8.453694343946607237e-01,8.197577708936347740e-01,1.781773163082402411e-01
3.128223950433492440e-01,8.666369577935562063e-01,6.653941056164326406e-01,3.291776998443849411e-01,9.204891588966519766e-02,2.328904043374320221e-01,8.414842534592126277e-01,1.780100660409563162e-01
1.923831930169760118e-01,2.091582437456577792e-01,6.627059571323459242e-01,4.073711115817161277e-01,1.736284484055454491e-01,1.646412132977113640e-01,9.977169384390721651e-01,1.738638800881912305e-01
2.006332558630470886e-01,5.504681083857473345e-01,7.940227051834558569e-01,4.578623882830948899e-01,1.164521959804780127e-01,2.596411902833319352e-01,2.703623265096294359e-01,1.812351164559538041e-01
2.110731083047515666e-01,3.478955072683539984e-01,8.666108793121782838e-01,2.730996934543130639e-01,1.765538474094738020e-01,9.391421665096338911e-02,8.121331345554814174e-01,1.753720223783441223e-01
3.459798771938045192e-01,7.309196068895176257e-01,3.582825027829636966e-01,2.376514954879764829e-01,2.420963764726418166e-01,8.858460840623361143e-04,9.320207088907539461e-02,1.793330399672156961e-01
2.796851517015863653e-01,6.008931929713082765e-01,9.376895858408944573e-01,2.527981830875499214e-01,1.087735113277506493e-01,7.398348937514533930e-01,4.209451050022027796e-01,1.806932125787163723e-01
3.022816417761134966e-01,5.319923339533374484e-01,4.336154136625615108e-01,4.201372080844988366e-01,9.147055502070970678e-02,5.041260116971265637e-01,8.776153574637658439e-01,1.776183983879791872e-01
1.225851009617483500e-01,1.837064716639223994e-01,8.876854574511875429e-01,5.285500737591081188e-01,1.547174747529372618e-01,2.140634057623493902e-01,6.377207463377350116e-01,1.771135157075576783e-01
3.196697324090777559e-01,6.390790197038046516e-01,6.024480968783554324e-01,2.420445919227457721e-01,1.391062323327639239e-01,2.989182122371311090e-01,7.579682866106227657e-01,1.772841553282111793e-01
2.157759567433062686e-01,8.371047992602681509e-02,4.192278317324951709e-01,3.676074896643928280e-01,2.386008235774773334e-01,1.711738063955385858e-01,1.972450217565430708e-01,1.789034143050075021e-01
1.454196266568734131e-01,9.489230583250235496e-02,6.508192177614359197e-01,5.456437026946171498e-01,1.368170111894662089e-01,4.095661048783959535e-01,2.314001127629568555e-01,1.804030134004823427e-01
2.933590976423493535e-01,2.709870051310988570e-01,7.489167709158742747e-01,1.859981138882331742e-01,1.361491561681796303e-01,6.280273206340351022e-01,9.895223243134716462e-01,1.762239270517046152e-01
2.443750507034093411e-01,7.190201775945174179e-01,7.525709081115665722e-01,3.466897510364841950e-01,1.518068983747201672e-01,1.213937168616480156e-02,5.454278020015338457e-01,1.777653488181915042e-01
2.772133028535154198e-01,7.883388560485302676e-01,7.745925684724042082e-01,3.361268842830189563e-01,1.114942630236405996e-01,3.400836957306088704e-01,4.085692296475010865e-01,1.781889890008399868e-01
3.392032508533260327e-01,7.806091365976612906e-01,7.554751990236070469e-01,2.608748736670095658e-01,1.114639923520262810e-01,7.312113126348664949e-01,6.015775309915526448e-01,1.782668364573195552e-01
3.149451953768523937e-01,8.141239120787806538e-01,6.425082970568423146e-01,2.573617376773606469e-01,1.854361948506411950e-01,1.656400211428655789e-01,3.996710379824235382e-01,1.777313114008829409e-01
3.862035860795733910e-01,8.508884452235278006e-01,5.463110490718208201e-01,1.975754623854782954e-01,1.442611650763458153e-01,4.628773283911760683e-01,5.759571973551302904e-01,1.774930941987880595e-01
3.508748157951444568e-01,9.109771503440284857e-01,3.787650011384540161e-01,3.877468614642531342e-01,1.159186737282299207e-01,3.312723306889215902e-01,8.598479314806017904e-02,1.816149156363959238e-01
3.818300198037973825e-01,9.344390158104723954e-01,8.040971662241951368e-01,1.006589730361443780e-01,7.923308248284229027e-02,7.789972760763854698e-01,9.019932001033763580e-01,1.780824804875867640e-01
3.815453971310013848e-01,9.772818409587228361e-01,3.031849815029977191e-01,3.826338949169169612e-01,1.410838694622561229e-01,2.804654402411344005e-01,3.689539602423232978e-01,1.804117034628873739e-01
2.973402567345003744e-01,6.550113565140338601e-01,9.931548019091470669e-01,1.292018322910440942e-01,1.469609673022497787e-01,3.681162215690212958e-01,6.654724055271287186e-01,1.773554790360075684e-01
2.349883442677573042e-01,4.332209385856310435e-01,4.800031009950697092e-01,4.164951827326420775e-01,1.648262777029984305e-01,1.069336760506716666e-01,4.018297841784263524e-01,1.802908732815046988e-01
2.052153975769950289e-01,2.947274261698529241e-01,5.087533514941651180e-01,4.280519803872080420e-01,2.180088306312658319e-01,5.594271192319139052e-02,6.001495973488344404e-01,1.754304147571468242e-01
1.992827705051632703e-01,7.146770012168807140e-02,5.511960983304629025e-01,3.983528268396538952e-01,2.057001464016520176e-01,3.257779915787647473e-01,3.926416143787017643e-01,1.769930189410373611e-01
2.364966244389847261e-01,2.308302320041233924e-01,4.839684320151963481e-01,3.787179234626829594e-01,1.614896307430277178e-01,3.625788561231453322e-01,1.655743272666083121e-01,1.817559222482939829e-01
2.460686565719772678e-01,7.022355903646815278e-01,8.632148020740364469e-01,3.253470995885444639e-01,1.252047268142328362e-01,1.147426605812074674e-01,6.038084382108741544e-01,1.792600014408975428e-01
2.855399134859487043e-01,3.287281144637640429e-01,6.751862593585598038e-01,1.491790731921338597e-01,2.301148974797100899e-01,3.067295091043262256e-01,3.872301015533269331e-02,1.783895180415851767e-01
3.521505872982732543e-01,7.077430297975302320e-01,6.910524443064327560e-01,2.604740607815074216e-01,1.076746437949882979e-01,8.843183806467900254e-01,8.700584049949382504e-01,1.764397686068807092e-01
3.557451769171874334e-01,8.023354711339287793e-01,4.141092972701365671e-01,3.580909250085636542e-01,8.145739166249771346e-02,4.671828951699998900e-01,8.803912774258813023e-01,1.790341530766027811e-01
3.619643163417469167e-01,8.728202383123719876e-01,8.113994583601641386e-01,1.454209445237001908e-01,1.419415491051813083e-01,5.036604947508089847e-01,6.702279891024590652e-01,1.773121968873042908e-01
1.389430862429855695e-01,3.988761634349163865e-02,6.258342949471791261e-01,5.252026640979550187e-01,1.938190327020695714e-01,7.316147486847840442e-02,7.905781521977102155e-01,1.768867220474337754e-01
2.681739928233357051e-01,7.248104060686746397e-01,8.899154857876093727e-01,2.542656516058297012e-01,1.442683855639863011e-01,8.086291620663210722e-02,5.296992223490708529e-01,1.797974404413571481e-01
3.184703810313394001e-01,7.195370170209676175e-01,7.483418753955101144e-01,1.732523949897482041e-01,1.426487006224254894e-01,3.353333164159819635e-01,6.320856607945630756e-01,1.779626936520594949e-01
3.405103907501442762e-01,8.359170914878366609e-01,6.024254356655867060e-01,2.609560635409567397e-01,1.531248704585196629e-01,1.183529700320474776e-01,8.682692829651739164e-01,1.766356253965265244e-01
3.085016892067128924e-01,5.538920606586823503e-01,9.118429518652964028e-01,1.125926856164697898e-01,1.205079719450673492e-01,5.693885011231007987e-01,8.622349790285867011e-01,1.772453005124458858e-01
3.849338141522586354e-01,8.702687484735952550e-01,3.398186758858056100e-01,3.561208943274390415e-01,1.291942359521186245e-01,3.824016906736122379e-01,6.537795547573924670e-01,1.787659953721849881e-01
3.566855587281136941e-01,7.100644749795996802e-01,8.018171745378803728e-01,1.749055962956150290e-01,1.184504051036009697e-01,8.591532670912561676e-01,5.979726349188471124e-01,1.792965855573465384e-01
2.747735823754461904e-01,8.430222936615021645e-01,7.548636398575728768e-01,3.757349932117369784e-01,1.120556231044697870e-01,2.592544405534440433e-01,8.194697561034465227e-01,1.756062487348811763e-01
2.670110529954832779e-01,4.896320125738862217e-01,8.782179128281261127e-01,2.341326980025044135e-01,1.132558126865861881e-01,3.781802174374888081e-01,9.818376433942086479e-01,1.761315648491945662e-01
2.998160196682095324e-01,7.572539923361645275e-01,7.797633805247048411e-01,3.333674125103545660e-01,1.021398804066385724e-01,8.258590109318858508e-01,1.577180100187372536e-01,1.803786480859689012e-01
1.956858772412013170e-01,4.939269437876800950e-01,5.693890673722133977e-01,5.526210117279382050e-01,1.577476350179525255e-01,7.525235834700511051e-02,1.448872362441612771e-01,1.802911877477700320e-01
3.103998254222723463e-01,8.208960144046186791e-01,5.708903823120436982e-01,4.205734720707473562e-01,4.967469168228576260e-02,5.247616450030715418e-01,9.347658406037471224e-01,1.765240550285122334e-01
2.668249017639799936e-01,3.319949016080305237e-01,8.093982412601145038e-01,1.972665870823821499e-01,2.031059823283509758e-01,6.027732359970114917e-01,1.511276542264320955e-01,1.786506251473336249e-01
2.710400612018638578e-01,7.586223051916364257e-01,7.591118261740712470e-01,3.823000568564643431e-01,1.175000975262392722e-01,4.867882691189997502e-01,2.380363732791617171e-01,1.788389709378908343e-01
1.720013128531931723e-01,3.233710672061711477e-01,3.790606550947874798e-01,6.638659496682794980e-01,1.494494621979997051e-01,8.645279073891842803e-03,8.381193596083558184e-01,1.776612088443925430e-01
1.959763156499077785e-01,1.967351971539396671e-01,3.500645902471718474e-01,5.294861157017666242e-01,1.937017171709477237e-01,2.466960328599832053e-03,8.721575040486477803e-01,1.772979628791545581e-01
3.165009094780221743e-01,4.826285151598893597e-01,3.589388958611755553e-01,3.153355409115435326e-01,1.914758635791447561e-01,1.275814345249738357e-01,6.751529357772290130e-01,1.783696155913910009e-01
3.010019866846727621e-01,7.269363457211041046e-01,8.561452959610769131e-01,1.994577770501359537e-01,9.881984954872843896e-02,3.289200506837139937e-01,9.646606939033832706e-01,1.764433566984443813e-01
2.856721182884982002e-01,4.936570201231446631e-01,6.360719256500079188e-01,2.728963243867303379e-01,1.502624203032743022e-01,3.662112315182176059e-01,6.911409046507942522e-01,1.765145402389536322e-01
3.301136776416218610e-01,9.240996421797060822e-01,5.299323033883531764e-01,3.326004535409066154e-01,1.249260652618245371e-01,2.143194132170297417e-01,4.318269643516910450e-01,1.805903603574916805e-01
2.719149962089647543e-01,3.762732013510955431e-01,7.767363935882238835e-01,1.489088852412485953e-01,1.974567005397627473e-01,2.705303375517173481e-01,4.164846446544349101e-01,1.791738860114572562e-01
2.629019654959994790e-01,3.378799745873093396e-01,8.661540994696005358e-01,1.908054658679019244e-01,1.480497797001494309e-01,6.085205873715802127e-01,5.981043661519811483e-01,1.791074544667283497e-01
2.916062137168565771e-01,6.091716386012208106e-01,5.657642874338278949e-01,3.694060263700151281e-01,1.544495105616114361e-01,4.650245824581815124e-01,1.791060559513006356e-01,1.792845161136081555e-01
3.540531109512982666e-01,8.251154361068147036e-01,4.736399538125947717e-01,3.252815629231488037e-01,1.240479521081655212e-01,4.570651729273882968e-01,5.190478529689380727e-01,1.790540535575355363e-01
2.748240501964150373e-01,3.329103288492060164e-01,9.401866249179227086e-01,2.305634329226912138e-01,1.008078154700250417e-01,9.804940034924242154e-01,8.927861299000222628e-01,1.772864201530852390e-01
3.139259276706364288e-01,6.634962710389848972e-01,5.804762089160712124e-01,2.616591476707315067e-01,1.847919012131840899e-01,1.582257450948784672e-01,3.479915999030997464e-01,1.793013622225371750e-01
3.710964904826756228e-01,9.537455786189916740e-01,4.704781886203092123e-01,2.538648830564453895e-01,1.310823428262319901e-01,8.528154938589682654e-02,9.030337047029264319e-01,1.770416546647298195e-01
2.138819447922749861e-01,5.110140098151230159e-01,8.722265601471199670e-01,3.648011681778618454e-01,1.091328191932103842e-01,3.559227984756424545e-01,4.648700769507330133e-01,1.801070874688446011e-01
1.239275849276740837e-01,4.197810179227717819e-02,8.849968931121927618e-01,4.804845204369110334e-01,1.717139838954012954e-01,3.495785859737210455e-01,1.619885509051509631e-01,1.805827181708544171e-01
3.415999611876946451e-01,8.926218826074210355e-01,5.454585910008742378e-01,2.614306211150317361e-01,1.789659529806788552e-01,1.386330461459578944e-01,4.391966863544879973e-01,1.771650206758089985e-01
2.631378743461589842e-01,6.357310639152811138e-01,7.539638109226219909e-01,3.683723259835499086e-01,8.026193747329055106e-02,5.753959681505467216e-01,5.728285209341300588e-01,1.786930465438376359e-01
2.965274304949701567e-01,8.245702505744175737e-01,8.181193244773565798e-01,2.884287858497001644e-01,9.820031530541932507e-02,2.766097437244403601e-01,7.772194500937710249e-01,1.796371783102879705e-01
3.362305412973836116e-01,3.574430176421965477e-01,4.813013103968430961e-01,2.708964644527179222e-01,1.097184865603781090e-01,6.766520922531374937e-01,9.891901972553734934e-01,1.773975479056980054e-01
4.633407648308776050e-01,8.039541905833053059e-01,4.616051198993756932e-01,1.350410284326614974e-01,1.478451493011540552e-01,8.936791199785978357e-01,7.731527715398101019e-01,1.766733855945354092e-01
3.352820135860312134e-01,3.869379547781271467e-01,4.866616055681145525e-01,1.510690162170429673e-01,2.598310613382640022e-01,2.261892702951787959e-01,9.173256524260603451e-02,1.781553276967992039e-01
2.906829586706363155e-01,7.255916892021501141e-01,8.050585563733568817e-01,2.079561573392235685e-01,1.385238298203186058e-01,3.389609169200063499e-01,5.851303590273291277e-01,1.777405917997454676e-01
3.988033159702274455e-01,7.683022389913908290e-01,3.972079731421364057e-01,2.439549947142106434e-01,1.665699358107578520e-01,5.521713559664095383e-01,6.847500380785503937e-02,1.798245837368271927e-01
2.345819621577831249e-01,2.155918444976818171e-01,6.322473617599044804e-01,3.360874195367528072e-01,1.457157836098721126e-01,4.253975745340828341e-01,8.304441599450489431e-01,1.759636127264790906e-01
2.908653412825331075e-01,8.210520660390484560e-01,7.134236390728421195e-01,2.930034149718611092e-01,1.252742715153751241e-01,1.378008258968080879e-01,6.610787913417828232e-01,1.794296664857548407e-01
2.820147310345925140e-01,5.218034196754168796e-01,4.547765240051824254e-01,3.717575501689817097e-01,1.444566544044335599e-01,2.973995900000649950e-01,3.796807223083695781e-01,1.810396390069793915e-01
3.152119547345778594e-01,6.353881475342648688e-01,3.366970590361242355e-01,3.551084711305687036e-01,2.156374151804370809e-01,8.201548002148933980e-02,4.414767061138880067e-02,1.788495701310946207e-01
2.032751912495545099e-01,5.950216647260064828e-02,7.380555442090714902e-01,3.383232137930496375e-01,1.559850233386445850e-01,5.154906407054682393e-01,7.589926416228615080e-01,1.758636812932755367e-01
2.630567655985057707e-01,6.239275569738436111e-01,3.350988619704649008e-01,4.837210985466098290e-01,1.587079417548298010e-01,9.412516837477302722e-02,1.918138840818778834e-01,1.812880823094078775e-01
2.712716330012127086e-01,3.205301888397741328e-01,6.719277406934386354e-01,3.491121952693725383e-01,9.382256943776436098e-02,8.059734428253326755e-01,9.512460293923714616e-01,1.773100173546926506e-01
2.975418781030807480e-01,7.376755364315232821e-01,7.971510265360945979e-01,2.324477023839396916e-01,1.377556555582951647e-01,4.230512166721382972e-01,3.827819842309941878e-01,1.784914711210053295e-01
1.543389836585319086e-01,2.417066698622389320e-01,6.154470630308677137e-01,5.526779190521871055e-01,1.471131204034084039e-01,1.951821482730218826e-01,4.938776334428071069e-01,1.778819753199399889e-01
4.048340177411743346e-01,3.360759975086241580e-01,5.052212445131959440e-02,2.792462281867501561e-01,2.342269545468543268e-01,1.627596624873146602e-01,6.156124604474932926e-02,1.805845609354212178e-01
3.499055274363826462e-01,8.312360431251892834e-01,5.970151484758048355e-01,2.001137297884053590e-01,1.806653894197493004e-01,1.235707766584183687e-01,3.013711307026805120e-01,1.806289419331302271e-01
2.656287481879795465e-01,4.358915485320499217e-01,9.969409173766168308e-01,1.422723030167913905e-01,1.198900960955349426e-01,5.775800778809238034e-01,9.090396570715120195e-01,1.764689997646772257e-01
3.234428355331408489e-01,6.334194085172459854e-01,5.217899477400761432e-01,2.636725104913443252e-01,1.191934251236185238e-01,3.083719013700466083e-01,8.400196921768158242e-01,1.790061378812354553e-01
2.914521917737250556e-01,4.718463408562850181e-01,7.434532676004940166e-01,2.800636228763815905e-01,1.121103921663369474e-01,7.438701068894625346e-01,9.743177648217249409e-01,1.758375156785112470e-01
3.351769359866019760e-01,6.359149361694863556e-01,6.999821553067200330e-01,2.785128688372138228e-01,9.238434756966855399e-02,7.909391276796184922e-01,8.632833259069176979e-01,1.766389181056564894e-01
1.849169699171197001e-01,3.242590059092697596e-01,5.433747537415185569e-01,5.425774170584005685e-01,1.702359920801300719e-01,8.973510647229704373e-02,6.420714563883125336e-01,1.768751217167345291e-01
3.307919741654903323e-01,3.841027892288980672e-01,2.333791228867173051e-01,3.059205755946221572e-01,2.540115607916224594e-01,3.899566689818756426e-02,3.464239345360531352e-02,1.799021553436248033e-01
2.836060540559994791e-01,5.749854740229646266e-01,7.281791925201984705e-01,2.736507849749269528e-01,1.083480660506399296e-01,5.978679365844639104e-01,8.014506131969386660e-01,1.761463409297369942e-01
3.944435654581521233e-01,5.731221566988892180e-01,5.821005898637093834e-02,3.531771616913908507e-01,2.121926137697564552e-01,7.160157763216618010e-02,7.940832333430223322e-01,1.768456126091117464e-01
2.624747371575401056e-01,7.378340706831600926e-01,9.231238625574140766e-01,3.807110685764434899e-01,7.979487631561071881e-02,6.908153295412238215e-01,7.096993780415934427e-01,1.772406461071758255e-01
2.502774568469846028e-01,4.731470056919983014e-01,6.232367874584796574e-01,3.859549145962768435e-01,1.422248117010922186e-01,2.255357914039364808e-01,9.579079637020031512e-01,1.749626447522427131e-01
3.275916989117167999e-01,5.831977722354908522e-01,8.586694867602849834e-01,1.204575557178966805e-01,1.598262537320688514e-01,6.847871397447609088e-01,5.833394736359075461e-01,1.767993050697545254e-01
2.799297102441284935e-01,5.458426208657307654e-01,7.564170203885377530e-01,2.693324655029228354e-01,1.311103019228444522e-01,5.275140478670469202e-01,7.438124920536297591e-01,1.776056324700341360e-01
2.441742845019007624e-01,3.231137133144494911e-01,8.011998702164524477e-01,2.659771355306532747e-01,1.312266648324883211e-01,6.036663929788137484e-01,8.942017461410962653e-01,1.746586336381245885e-01
2.554757341301141516e-01,5.616685429329570933e-01,6.525898889888003263e-01,3.566576791244661093e-01,1.440040681479575757e-01,4.342733602989647945e-01,8.627768559550219596e-03,1.799923096425770364e-01
2.608392453215306883e-01,8.081631743563073567e-01,4.612855768070987517e-01,5.238998177120274269e-01,8.752299936473144359e-02,6.393043219517924314e-02,9.497686844535349060e-01,1.769224611938580161e-01
3.346736335269039353e-01,7.562471991694583728e-01,7.784644694385624009e-01,1.226515897068155003e-01,1.352433925632297584e-01,4.390867195022804537e-01,6.333008758561844420e-01,1.779066956007922529e-01
1.957911448002931654e-01,1.728240225598854374e-01,7.849790204793456461e-01,4.441604528182905298e-01,9.393199384216020797e-02,6.376496851650776954e-01,9.516632221658405388e-01,1.767440266028088014e-01
2.348549238436111741e-01,2.675359813862494551e-01,5.149883917682338552e-01,3.118431912670219797e-01,2.186707951507101122e-01,1.061541109472402544e-01,3.473871308372544764e-02,1.816591813953987167e-01
4.136450698601287224e-01,8.983710307927459393e-01,4.154124175658472917e-01,2.263420011921082331e-01,1.505839840450850231e-01,5.497383378395397369e-01,1.439179900635367826e-01,1.807922923047869668e-01
2.515197883946289070e-01,2.473617973871551357e-01,7.518695600592530948e-01,2.142073103721335303e-01,1.930671850500093323e-01,3.669963547194282638e-01,3.059662158598057125e-01,1.791866886228056788e-01
2.337834883577282197e-01,4.311415186292759660e-01,9.427937856889017088e-01,3.499370816490327551e-01,9.151728953101830044e-02,8.364777484912515604e-01,6.407305239038456612e-01,1.780872401701529550e-01
3.450495414295369212e-01,7.120428159888195774e-01,2.036916653750911466e-01,4.005322043325642567e-01,1.848878923706258892e-01,1.242174103202892121e-02,7.478010751241637166e-01,1.788292804220433241e-01
2.469673226328869542e-01,7.233382453219724395e-01,7.682861242437406535e-01,4.061217395831023813e-01,6.714598398001250801e-02,3.157822854871464857e-01,7.861868472909132599e-01,1.787658761415069630e-01
3.216678626849569511e-01,7.462632367317412196e-01,7.464391441679290029e-01,2.129910515084018907e-01,1.743602027373808983e-01,4.379757731288167477e-01,2.235209037969843604e-01,1.782857922504037518e-01
2.188161034531085347e-01,1.873762263836366015e-01,7.741512771782946833e-01,3.747770194150864542e-01,1.313828742189273313e-01,7.340508501749525294e-01,9.342076012757580816e-01,1.731566502614085845e-01
3.727906588040253988e-01,8.029295299067706893e-01,5.391228854926767289e-01,2.138019840816427763e-01,1.562362394071318272e-01,4.056087740729762969e-01,4.441134722787883904e-01,1.799863806607951144e-01
1.997549731007446927e-01,4.243398715441926150e-02,8.036945118284487544e-01,3.454547569225726034e-01,1.613851939607242325e-01,6.828113945310252397e-01,7.326899669742282795e-01,1.758310143941009263e-01
3.711794587343132945e-01,2.148796405726758896e-01,1.204860168284264677e-01,2.185906819846678006e-01,2.893437856078560078e-01,1.604130162426781192e-02,1.022805936888191436e-01,1.816380065592660131e-01
3.873876738088052885e-01,8.498703332204615712e-01,8.230853023847986005e-01,8.581002269294085716e-02,1.093161739287392964e-01,8.288156039062379854e-01,9.774801629627920541e-01,1.766521744778570824e-01
2.684022771571858978e-01,4.519174653109125361e-01,6.059374427532914220e-01,2.840815367812820069e-01,1.979003146335570618e-01,1.777310690697047058e-01,2.000538466430557549e-01,1.796967776815494022e-01
3.490836393694773387e-01,5.878601303623695040e-01,7.001154533254826395e-01,1.035558773029010560e-01,1.849127154236449577e-01,5.409122767339997750e-01,4.999184691577386319e-01,1.766527375866079330e-01
3.478383861143159450e-01,9.923981891895512497e-01,8.184270689269939059e-01,1.790191106608349236e-01,1.341564722263771381e-01,4.410312327337798655e-01,4.413530224040578265e-01,1.791381820544615255e-01
3.404430186122996416e-01,8.046580143591780532e-01,6.494056343256227048e-01,2.364255452935263846e-01,1.594946756660644283e-01,4.275505817539927977e-01,1.135157210430701169e-01,1.805620714248882541e-01
2.942302002952040807e-01,2.795430634479993404e-01,6.940095073352661181e-01,1.905116359281396887e-01,1.676494626413672362e-01,6.318702119541541595e-01,6.714332455574857361e-01,1.764025033036245860e-01
3.962455230813329843e-01,2.766009777450536555e-01,1.394326309145801357e-01,1.692285726706033444e-01,2.644545747711104511e-01,4.411162997040346534e-02,3.509433170308187133e-01,1.799380059622927852e-01
2.117070360147811636e-01,2.262217199529505951e-01,8.091771478948202034e-01,2.855274241329669449e-01,2.005860999234016229e-01,1.722220842977394972e-01,5.935591680069127740e-01,1.769558704746734823e-01
1.785875560005683871e-01,5.481831096791084379e-02,6.605992759378456203e-01,4.530363544929549846e-01,1.418604346864784094e-01,4.231937416227394277e-01,8.395216015269081344e-01,1.763002946890332157e-01
2.699672768642195075e-01,4.850659478086007947e-01,4.991934802401398197e-01,3.766113953696509919e-01,1.877657139353728355e-01,1.250189541054687603e-01,7.333737797995178997e-01,1.759352299360211203e-01
3.122597841610554315e-01,4.864726814661175514e-01,8.135117681908127230e-01,1.381721812430552476e-01,1.663736609059562055e-01,7.117045520352662802e-01,4.716399374158919411e-02,1.819922385505271523e-01
3.683587544867924501e-01,4.144047734456862142e-01,6.017755447197277174e-01,1.841169308009906191e-01,1.637818116086998121e-01,9.744703397759534313e-01,6.278195546356628576e-01,1.778062215185994555e-01
3.903734279063341139e-01,8.496247866382360403e-01,8.323454717789370294e-01,7.806045489346019606e-02,1.340322331144411794e-01,8.092349482253533566e-01,5.907515659720472545e-01,1.785818889589585456e-01
2.820087863451012922e-01,9.545919210225555229e-01,4.944991324011052125e-01,4.893714161985340816e-01,6.889555897040434973e-02,1.004367397232960868e-01,9.361511394622077376e-01,1.772781545300955441e-01
3.727822711794848698e-01,8.572524827741473397e-01,4.551783384904555807e-01,2.097900046306273025e-01,2.046172382538871404e-01,5.236626084224860200e-02,5.541750792070861964e-01,1.779318140802772508e-01
2.332517541640611869e-01,2.167292489548342527e-01,6.247261300049974375e-01,2.797018234783943402e-01,2.222072528490628418e-01,3.131786692756691748e-01,1.632183408275615921e-01,1.776816843279072355e-01
3.273631141607652451e-01,8.242130657405581928e-01,8.564827816841802388e-01,1.557304224239526302e-01,1.861553027959023943e-01,3.442966626517713902e-01,6.255604110911294757e-02,1.789219380907724199e-01
1.954275607081397137e-01,1.290193763136108784e-01,6.574765321158866360e-01,2.927307734393322924e-01,2.638126578703142711e-01,2.590492181625131396e-02,2.179611077454222667e-01,1.783979492473577733e-01
3.561938895097960800e-01,7.765352082722705163e-01,6.229446355618731834e-01,2.267098238034747915e-01,1.087954498390485969e-01,5.333142743600174374e-01,7.571630618307632066e-01,1.782104754154066328e-01
2.627734079344204998e-01,8.244844325517449724e-01,8.602834527208458315e-01,3.725235445904642173e-01,8.842947484977388417e-02,3.893354340696095206e-01,5.928165167598030694e-01,1.794029754168314506e-01
2.712377941966749861e-01,5.192391385138265258e-01,8.898070617803007787e-01,2.503077837915734793e-01,1.400619953419870722e-01,5.206416941940716914e-01,8.702813426565536581e-01,1.748680836795102334e-01
2.280502320810954275e-01,5.652913132978064636e-01,2.480168319177777358e-01,6.242033640816853080e-01,1.773748594178612414e-01,3.223372195039164723e-02,9.695962808617442086e-02,1.798507828653454765e-01
2.177595094102546536e-01,5.010579167451286731e-01,8.493539860092729210e-01,3.915070287204480137e-01,1.352579077255108286e-01,4.303849008611265736e-01,8.330590781146790524e-02,1.810808507303379722e-01
3.123091704401081969e-01,6.616327105661377050e-01,8.744577101326818092e-01,1.764216502895722960e-01,1.217379291545909181e-01,6.485125836562655177e-01,5.018075926160400213e-01,1.791580128052680798e-01
4.651179163705011499e-01,8.324374415932959126e-01,3.414204555973743282e-02,3.079127792496751947e-01,1.995110847013672473e-01,7.663081839914592797e-02,6.792515472167495183e-01,1.803372730100465671e-01
3.132303396070671986e-01,7.209145471800155747e-01,6.171738946158579209e-01,2.320582894471048541e-01,1.909579687763407474e-01,2.765489029197098492e-01,8.548546610314122773e-04,1.789942108453009273e-01
1.903796320338612125e-01,5.470185818024705382e-01,8.005207571763948149e-01,4.468069244560503028e-01,1.489343402725792631e-01,2.401658424350522347e-02,7.037423599544176955e-01,1.759321001244913696e-01
3.493098804644955147e-01,7.767257629349736403e-01,2.814811660015431594e-02,5.278612593349418791e-01,2.058268315773913448e-01,9.048672677374525186e-03,1.892779361709457930e-01,1.803805283488322808e-01
3.048231842442267192e-01,4.607337276911026569e-01,9.305734165369843325e-01,8.139769928435092172e-02,1.460952263867253964e-01,5.943425089598344258e-01,7.289726763884183391e-01,1.784129230743088101e-01
3.325010250985998006e-01,8.513795686585707845e-01,4.997414527874480816e-01,3.004138044592317702e-01,1.820578143305147112e-01,9.893684908910393982e-02,2.104286181824217006e-01,1.801490335787104546e-01
2.497234974954523345e-01,3.805544640405900125e-02,8.027940324788762627e-01,2.158954159633986181e-01,1.471623848275120383e-01,8.675421062772468161e-01,8.130822671456781059e-01,1.771056755961967211e-01
2.256711212063970962e-01,7.115235208202943529e-01,7.321642981274291140e-01,4.541895634194405007e-01,8.368527498127660558e-02,1.815814778932219320e-01,6.177899904771715356e-01,1.799989961040282527e-01
3.250016767675403817e-01,9.010820824641154747e-01,8.605161322039278637e-01,2.482402417593892185e-01,1.124535060912089657e-01,6.296972070810632482e-01,3.310029288074616272e-01,1.784004222318118782e-01
2.675154381976827533e-01,3.477161271568639522e-01,5.232255314751128594e-01,3.318655946527443446e-01,1.982920784154904859e-01,2.734170049867011842e-01,1.590616388596571840e-02,1.796068893159864510e-01
2.977214968299506381e-01,3.952115518033981756e-01,7.190149140408979012e-01,2.223892283404327874e-01,1.157792169190539483e-01,6.799793956529820438e-01,9.607622438475389437e-01,1.765646333004805557e-01
2.279819056461844240e-01,3.679736576568710116e-01,8.780735547894034099e-01,3.234061535530968756e-01,1.223843365491415480e-01,6.623525249183073171e-01,6.484054021953344904e-01,1.761460031067635379e-01
2.143829056647414411e-01,1.877182018354201509e-01,9.250977456069620075e-01,2.353156074146786625e-01,1.926563631210191363e-01,5.623028417910863608e-01,2.718049635316879264e-01,1.774251758780327759e-01
2.991684967030134867e-01,1.407061350660873122e-01,2.939294909069941064e-01,2.642621800295780754e-01,2.408499862932736435e-01,3.301672093087237858e-02,7.409166565002165417e-01,1.777954862503637878e-01
3.399871853760310647e-01,3.801843756666166696e-01,5.565047961206840421e-01,2.593528192915333652e-01,1.445728537218306797e-01,8.940163815059463115e-01,8.334415148361571379e-01,1.753284300146128738e-01
4.096194541829668023e-01,9.391303118206087985e-01,4.404961642177370740e-01,2.084735038252139849e-01,1.290394870370905611e-01,3.240881005383033919e-01,7.303478674335890375e-01,1.799317254195133275e-01
3.763074043187698559e-01,7.808071829429354960e-01,3.532217215932904053e-01,2.306881022261380310e-01,2.189922680643505426e-01,6.080304776460254690e-02,4.273663028016419507e-01,1.781870222583009089e-01
2.743312364941430936e-01,5.529039922400283968e-01,7.933306582678414376e-01,3.687729880103168822e-01,6.504344550781200607e-02,8.363445664529567392e-01,9.762667259475037440e-01,1.773484664309228354e-01
2.729846123927233137e-01,7.080913327417623915e-01,7.444765551188450292e-01,2.991185577618154512e-01,1.280935280355804951e-01,2.661876738622498406e-02,9.879218821543342965e-01,1.758595832058039155e-01
3.334549492933566728e-01,7.909878521451538802e-01,5.564778999463166897e-01,2.484757798351246161e-01,1.489003611110198966e-01,2.887488446724628677e-01,1.210164919732452105e-01,1.826144985442091362e-01
3.087494915872767698e-01,6.755367616227740957e-01,5.771516826158435975e-01,3.756411093420333747e-01,1.153415433062410789e-01,5.993665683701711044e-01,4.632592581371621776e-01,1.782880626504159127e-01
2.630205171133040976e-01,4.778214487996787496e-01,4.966590464944982131e-01,3.543496458244975167e-01,1.319182143077118896e-01,1.684130843725468174e-01,9.144786134162339319e-01,1.772787487198337897e-01
3.057765805066628428e-01,9.463857961492692095e-01,7.383912990517135233e-01,3.553538417023873741e-01,1.036331371635366566e-01,4.788787688771432016e-01,4.472471971664531143e-01,1.787552159507667104e-01
3.195360138167797071e-01,7.030715465462996638e-01,6.343691927244559103e-01,3.326267636170215369e-01,1.346593885476904673e-01,6.114882248992971059e-01,5.439457658458801692e-01,1.775015221708714785e-01
2.230241490782228220e-01,1.755822268929564944e-01,4.068078038978041322e-01,4.215718132212149527e-01,1.875044459783050677e-01,4.477463686724525438e-02,8.818484780368747167e-01,1.775510934943974883e-01
2.086918367764433180e-01,3.697079169118780984e-01,5.092023762575943469e-01,5.061707748633146320e-01,1.564895702741888051e-01,1.154624758868241230e-01,7.900654244734369724e-01,1.756998297064824299e-01
3.285130780590370114e-01,7.350449060019026426e-01,8.256864876907040740e-01,2.185637733586312526e-01,1.367433604557164728e-01,7.536656153683085613e-01,4.205501241801035683e-01,1.786758103877710002e-01
2.406652371631105292e-01,7.467029747747577773e-01,7.241728525908512903e-01,4.010098249425197436e-01,1.195563115398708964e-01,1.584004841866890612e-01,2.965925405867237963e-01,1.795525889874285130e-01
3.125408336126852538e-01,6.743648597676277223e-01,8.435683796595067063e-01,1.350437286442504881e-01,2.032800333577954588e-01,2.452819635225634287e-01,8.637984297988593463e-02,1.794478888257415583e-01
3.400877158473326056e-01,5.967116685928331998e-01,7.294895991291592274e-01,1.848746719467896926e-01,1.576865971177034143e-01,7.943193394478563762e-01,2.834828904542923689e-01,1.782827713292679805e-01
4.055525561920181321e-01,9.837961468429936573e-01,1.947641165739563140e-01,3.822651962883109045e-01,1.131385585666341564e-01,7.618982458750100939e-02,9.967783237771988825e-01,1.793282698958243437e-01
3.373914363769706659e-01,6.552333804695749109e-01,3.708843275601949596e-01,3.182747683721086074e-01,1.946360288923545678e-01,3.020184116630924009e-01,8.573916163627143261e-02,1.793560928903297214e-01
2.712400797134745245e-01,7.246409906183119976e-01,6.043891713509681463e-01,4.349286476993760031e-01,1.065013767360278585e-01,3.344701740999717066e-01,5.350913596796719185e-01,1.777148769538191841e-01
3.040389763834743242e-01,4.772532672293368639e-01,4.373316192121603496e-01,2.929943238073253742e-01,2.045984375082156581e-01,2.784178638201428857e-02,9.321321951713987808e-01,1.755640623476057705e-01
2.480199027660223987e-01,2.143735428630150763e-01,9.444544478389983455e-01,2.075773711774044350e-01,1.795719017489232627e-01,8.680909494200297338e-01,3.091471291231818741e-01,1.784000273876424625e-01
3.646752484375808123e-01,8.934391369937347838e-01,5.242862854506433745e-01,2.526489688271918443e-01,1.527112291351486462e-01,2.043750472712703992e-01,7.362195504080730757e-01,1.765718526043248693e-01
2.147332888088782921e-01,4.344378776266797360e-01,6.486966826810698361e-01,4.233089191837471343e-01,1.781059539523801305e-01,2.468660968604680650e-01,3.478314889768900908e-01,1.763269132192532285e-01
3.497321426334449868e-01,9.080953843284957916e-01,6.126069230125748000e-01,2.915569807223386545e-01,1.079461101559772845e-01,6.076881672232012921e-01,3.653769925301120214e-01,1.801223557529113839e-01
2.252026917181442212e-01,5.843959598303580805e-01,8.880579222492955838e-01,3.775704410362908936e-01,1.053861610144697092e-01,4.689974533201339280e-01,1.724761386431671872e-01,1.804874510520153019e-01
2.535352029836213661e-01,6.198758590064805674e-01,8.815828792752061771e-01,3.028939234851556472e-01,1.440710021733505042e-01,2.254561673183686221e-01,6.046074289032467020e-01,1.781823512066955106e-01
2.629235157200929263e-01,3.992969559245096445e-01,5.256825219599908783e-01,3.436728440805374984e-01,1.920400871475608506e-01,2.743862037456519798e-01,4.990914568260063078e-03,1.808385612510607920e-01
2.588927776614966536e-01,1.862823722205833032e-01,5.381987233012031080e-01,3.050554804808393583e-01,1.894907081094188428e-01,4.696072133923652192e-01,2.097658428313476930e-01,1.803468600917897402e-01
2.835268682515000305e-01,4.080922183623905131e-01,7.345412435232703263e-01,2.355669838914017655e-01,1.260375605926908060e-01,4.942178882587314748e-01,8.926556675475286751e-01,1.755648394950973523e-01
1.633868494663897886e-01,2.647997995966226981e-01,5.834750939786101931e-01,5.326274772484133058e-01,1.776076757132927508e-01,9.656965925523025573e-02,6.673838581429319960e-01,1.762428758985234434e-01
2.795497207715446075e-01,4.898398746608012555e-01,4.290546393407322912e-01,3.757978666687943337e-01,2.013331902363252601e-01,8.715310546105736744e-02,3.856261827782849205e-01,1.784963803429317208e-01
2.951300922970322427e-01,8.868582393721908819e-01,8.716234166280045770e-01,2.815286495242104725e-01,1.214022662795383734e-01,4.490224659681635866e-01,1.542624521559726181e-01,1.796823141286396086e-01
2.608832626475144911e-01,1.475826642596599347e-01,7.240204171756133844e-01,1.972537258218667877e-01,1.939550213788943656e-01,6.125666747968030457e-01,3.628981704383633655e-01,1.779333998195037070e-01
2.225876856482539579e-01,1.647340305829864682e-01,9.319040698661382738e-01,2.629167709206802761e-01,1.742402098485107964e-01,8.653457694495400032e-01,2.480471140941599151e-01,1.784748295545030283e-01
3.680717956715222061e-01,6.175880251810584864e-01,6.131576853444480335e-01,1.806216960358553725e-01,1.536106132345014252e-01,8.201791233941020387e-01,1.551305872041068290e-01,1.808880246613301102e-01
3.454208045643042402e-01,6.798964789164221312e-01,4.302864295573335940e-01,3.234423582811633557e-01,1.345756828335241684e-01,3.916276365427112660e-01,6.311055057145222857e-01,1.790232291698594380e-01
2.171696687812403326e-01,3.555339342212018305e-01,3.386851342867671644e-01,5.280682023301805916e-01,2.012106769546267437e-01,3.579083473097405266e-02,3.783217006509067004e-01,1.790502590071781641e-01
2.399825370341681086e-01,5.517722361718204738e-01,7.102375799626144959e-01,4.592015796412256545e-01,8.874566890496232707e-02,6.110382096246644856e-01,2.597017277525602852e-01,1.812303882845811287e-01
2.286924654105445820e-01,4.479709293615524168e-01,5.462262992791211413e-01,5.154170558022720394e-01,7.579725776680475147e-02,3.982776974573878914e-01,9.770537232149648643e-01,1.763836958272652911e-01
3.979849240984512648e-01,6.267308417942972776e-01,6.246161307845879973e-01,6.677358267328178942e-02,1.270058159850991908e-01,6.145285393525328210e-01,9.853891121600155678e-01,1.770961329840853027e-01
2.937849907768201319e-01,8.340193608727349828e-01,7.297707546746083906e-01,3.253076233928468564e-01,8.290833460868546334e-02,4.979451677758505168e-01,6.704368230652264504e-01,1.782736343028978321e-01
3.341781491855156938e-01,8.106556611321094064e-01,6.950886158517592950e-01,2.576256169027266174e-01,5.841561309330657592e-02,6.493139303940624885e-01,8.580401408469682245e-01,1.786601247626090072e-01
1.992474159929935595e-01,2.598321293311450786e-01,3.094776319510660900e-01,5.436392281268225268e-01,2.088974870368825176e-01,2.109543855087986364e-02,3.457678801320801520e-01,1.796745467945156660e-01
2.967047067794911785e-01,8.290227797911265961e-01,8.024609041808370424e-01,3.580095532669403391e-01,7.341250851497044261e-02,5.961560017174443171e-01,7.359825403776653063e-01,1.778664555997356567e-01
2.721235782917718060e-01,5.203028920542498437e-01,6.240108732012910053e-01,3.167980176316412266e-01,1.753389891077850593e-01,2.852959753670496479e-01,1.732580287436232824e-01,1.783218071660249426e-01
4.712213472917526347e-01,6.267870434648666889e-01,2.234335330357455351e-01,1.568762955053709662e-01,2.034804689578108561e-01,5.265670384216988298e-01,6.078284908020442634e-02,1.803149063208751013e-01
1.274740827791996101e-01,1.629328968256481547e-01,6.974135673161708793e-01,5.808422616403130512e-01,1.545941660619668812e-01,1.789754789167412041e-01,6.158652018162589226e-01,1.779627954198361450e-01
2.683125076631250883e-01,3.279582741064691609e-01,4.733981988935965779e-01,3.158545834714331368e-01,2.464469152880033320e-01,1.143467032608960210e-01,5.249889804665530679e-02,1.791974157385456401e-01
1.905469919711198779e-01,1.705328274447854842e-01,4.188761519927753363e-01,4.673589082817258822e-01,2.488840315430784211e-01,4.934197535750084462e-03,4.680574695949121788e-01,1.777733980806902592e-01
2.461261768280500473e-01,5.460482281483802769e-01,9.243490145670649749e-01,2.943048114800601023e-01,1.595989209767262051e-01,4.270759121067209119e-01,4.548511108095288913e-01,1.776800310619770507e-01
3.131252885138819386e-01,6.407449737035929571e-01,5.014114792230432993e-01,3.062495854824491825e-01,1.659054807839636103e-01,2.762323572863170651e-01,3.646528699248445804e-01,1.790176432681934993e-01
3.455226678011363850e-01,9.062945911265146703e-01,3.869854157370390402e-01,3.688232584620698695e-01,1.397325771608234624e-01,2.127919203075177290e-01,1.467936378631352068e-01,1.815962870905517557e-01
1.881036092076047439e-01,1.762001397542417580e-01,9.416878830741620687e-01,2.341716713956120688e-01,2.096465452466326762e-01,3.196561280988637899e-01,5.660645099197847419e-02,1.794354550685422212e-01
2.297722138667334657e-01,3.602575204398554276e-01,9.922035116876961602e-01,2.099899199198181909e-01,1.401759629781159089e-01,4.788981364298188215e-01,7.983032332984143498e-01,1.750913159744030834e-01
2.827498593373057867e-01,4.378267272853598180e-01,9.929359288599091116e-01,1.105517083050223670e-01,1.260786544012942600e-01,5.713259592570509859e-01,9.093077207917131810e-01,1.772329080094059706e-01
3.139010457203288418e-01,8.417369006357728889e-01,8.853818026414410625e-01,1.715013746650906334e-01,1.653311451572010704e-01,2.283521649295321143e-01,2.239532277074063327e-01,1.795161767834045352e-01
3.395875868280805454e-01,5.016873079295979254e-01,2.968017742084648747e-01,3.277662852533093085e-01,1.533535046188909401e-01,4.148807903358947557e-01,4.523246230864702566e-02,1.816946614607969357e-01
2.741839528265545556e-01,2.973230395019887395e-01,4.974576534490536828e-01,2.467281971615583880e-01,2.211546086938695754e-01,1.262590223756355767e-01,6.109064321357584593e-01,1.766730839129308783e-01
2.275864193927877033e-01,4.089462488708956456e-01,6.398538050119677578e-01,3.946207210897804130e-01,1.398505826404499719e-01,1.106941699966281778e-01,9.589536791015074169e-01,1.769405626919257901e-01
2.208105319157489532e-01,4.717851346916184241e-01,9.086864064253963313e-01,4.360616393838285809e-01,5.338394979648694583e-02,8.017399107385457802e-01,9.476741299501809657e-01,1.763816405515243602e-01
2.611084181215179156e-01,5.877634182881107394e-01,9.496832293395180979e-01,2.435765106852920969e-01,1.315032305706448079e-01,4.343703773301169080e-01,4.712033926731390987e-01,1.792195227566166782e-01
3.229134312125455653e-01,6.465716337786722168e-01,6.759156020211840588e-01,2.656448630883664896e-01,1.326943686225776353e-01,8.050472623998503607e-01,3.657407235676157775e-01,1.778499930228446824e-01
4.258751622749985533e-01,8.803120275410980522e-01,6.578201193120891688e-01,6.009749135128647501e-02,1.237409224957669585e-01,7.211353708696404130e-01,8.783942273024030190e-01,1.763904277627416362e-01
3.079191488451621384e-01,9.992573898669362409e-01,5.911965285610635279e-01,3.645794742875239081e-01,1.435923125303559533e-01,6.068805257322262836e-02,3.454620481749046679e-01,1.803181090543252985e-01
1.229346070464645557e-01,1.219528465323482802e-02,6.689557570295334710e-01,4.989903628717274886e-01,2.420473094906699374e-01,7.896009380369567454e-02,4.123735072492358267e-01,1.760638721307415111e-01
1.670605402974547904e-01,3.048240039707731941e-01,5.068598172881020325e-01,6.157057786790742782e-01,1.564728362534132111e-01,1.421704153484548705e-01,4.636806255204669047e-01,1.780057110790709274e-01
2.058253583420367183e-01,7.660975498340161227e-02,7.561987601427613281e-01,3.107854053501656888e-01,1.612309822923247427e-01,3.509828521290426773e-01,8.278836335301662519e-01,1.758555817855419479e-01
3.057020003468985947e-01,7.910677130619013786e-01,4.486394414603845360e-01,4.539902522203992929e-01,1.251113412207102704e-01,3.716659949991266698e-01,1.401836464829522844e-01,1.802909368057388495e-01
2.736739307538196275e-01,7.786086185849193653e-01,9.962923495755917624e-01,2.783138001004522577e-01,8.791785780425748209e-02,6.552114723428980048e-01,5.032295489124349874e-01,1.797662707947260963e-01
1.624024703561602889e-01,8.675457007131059939e-02,4.826031624723047808e-01,5.251722399735004876e-01,1.981638168507112163e-01,5.976930648400652357e-02,9.422033496601595060e-01,1.738417640599437541e-01
4.066744233911309125e-01,9.770027401782128695e-01,7.470553629417222563e-01,7.114198904748630925e-02,1.133545572998425066e-01,6.654779221896057750e-01,8.491628373241615346e-01,1.771917127963799909e-01
3.301131286767327033e-01,5.418871071569619779e-01,5.840813602680969829e-01,1.902627113641472412e-01,1.795827864470506408e-01,2.491552410164863396e-01,7.464603430142847662e-01,1.775734580745142732e-01
2.957785485333055964e-01,7.197037728605004681e-01,6.091121072468875797e-01,3.256950628442367157e-01,1.510029870774995120e-01,1.678857734574358274e-01,3.773794067412113984e-01,1.798400142676584157e-01
1.852494884428827759e-01,3.694585974775879134e-01,7.908036270183318450e-01,4.598821095944608528e-01,1.551816138883353458e-01,3.826059127655152547e-01,2.914893201094341801e-01,1.780741303416759347e-01
2.270756762288063113e-01,4.969390276577700383e-01,8.308601451786293834e-01,4.305000234946492754e-01,8.009536494553851083e-02,5.845171064550169771e-01,9.913455669289841232e-01,1.744566885605717266e-01
3.285146403973120410e-01,4.151250006173379248e-02,1.824582568881419342e-01,2.178272499603185475e-01,3.015865248067283733e-01,6.105296166593926488e-02,1.432960815153604961e-01,1.782668478155199632e-01
2.016655479267017437e-01,3.176603215181083573e-01,4.757579064812705871e-01,4.944170877370887007e-01,1.520766824910170234e-01,2.355226474101590473e-02,9.397651852248420923e-01,1.770123435533489109e-01
3.150481719922824664e-01,7.128481194076388139e-01,6.128167728018713012e-01,2.599232547528774750e-01,1.114362521099149378e-01,2.615060416852804659e-01,9.351127882937055880e-01,1.775522867417410056e-01
2.831312735918997681e-01,8.903703648642031787e-01,7.376700722973530411e-01,4.028908895674094270e-01,4.189266974301167346e-02,4.326302679271778473e-01,9.709885961321460535e-01,1.757310181097393176e-01
2.962452023020206160e-01,3.982361976918098456e-01,5.545639597846692137e-01,2.480454323056328347e-01,1.963250828812702908e-01,3.586656090705178102e-01,1.859470552079470762e-01,1.782530283359415324e-01
1.259316209515002893e-01,5.897063569570487607e-02,8.857501170353601072e-01,4.574692980892836047e-01,1.625557837114011694e-01,1.131339590455759936e-01,8.801169589829851425e-01,1.761170692846223684e-01
3.735404296362430099e-01,8.731255426122376262e-01,5.727499567418881110e-01,2.146084782009029523e-01,1.829582962788289802e-01,4.273966394607903729e-01,2.717379831433641701e-02,1.796686731396228420e-01
1.838677702253059820e-01,1.539266835784048881e-01,6.397017867992862428e-01,3.751444554481095928e-01,2.114782216763358980e-01,8.641652477550904043e-02,4.889229229989358050e-01,1.772544757708895136e-01
3.630597024074119217e-01,7.338148441263702138e-01,3.633479251797303577e-01,2.719039236036573381e-01,2.070881998374700106e-01,1.076393357219349034e-01,1.903917552036664684e-01,1.794658254416565679e-01
1.941195811083257783e-01,1.252117434532170059e-01,3.074243965332810746e-01,5.189471204916782376e-01,2.530508322480456984e-01,3.737062952590042286e-02,4.038341690936961825e-01,1.773093636998091249e-01
4.203796143846766364e-01,7.669771367003720419e-01,5.345206363190073695e-01,1.646635328441468649e-01,1.189628831281335786e-01,7.908989268165889097e-01,8.848879542162955136e-01,1.781742997611696910e-01
3.692109433777240324e-01,5.261004656704852955e-01,4.690364193028767614e-02,4.132021406624869497e-01,1.926068625506577314e-01,5.917971699957391696e-03,9.344889840292478489e-01,1.791393717374331618e-01
2.740655669418016194e-01,6.494757268162031361e-01,6.473654018616026296e-01,3.093072952461527469e-01,1.616418129715579410e-01,1.080880810501809175e-01,3.966777422529313424e-01,1.798542275255594625e-01
2.645311534945634646e-01,1.913058060215375167e-01,5.520470452753731827e-01,2.232274076660424877e-01,2.116136720750609046e-01,1.790510506782418410e-01,6.514366984440533859e-01,1.766618976368822258e-01
3.647868242435064468e-01,3.151334695852425760e-01,1.206169866044457528e-01,3.065615688744063871e-01,2.383807757975105190e-01,1.810758277659504367e-01,1.987147669557112195e-01,1.786887657211901625e-01
2.449544114764644065e-01,2.009185556355695956e-01,9.689869379026271323e-01,1.860629702538893482e-01,1.425915971848313313e-01,7.479901840331957263e-01,9.836855280402769797e-01,1.732401631077588045e-01
3.370781011295910790e-01,9.574403448382243775e-01,7.121571717161905291e-01,3.191677623719437751e-01,5.371412333876469936e-02,5.761954728825844363e-01,7.903555320285649000e-01,1.794102466381520544e-01
2.218970452027694273e-01,1.636781658617885160e-01,7.930906549897486224e-01,2.373374688782136921e-01,1.995800056426631774e-01,1.856718808891780204e-01,7.726244376865731844e-01,1.752596928992177783e-01
3.683544167632475386e-01,9.762469115537285580e-01,3.259250195365838154e-01,3.462263601799219215e-01,1.242024396357532812e-01,8.623858808047907276e-02,8.899620799686918104e-01,1.787264307851115785e-01
3.230254069322908150e-01,6.308098215256858765e-01,8.386404807897137603e-01,1.727727784179051707e-01,1.821790585904777271e-01,7.003140882646652354e-01,3.624680915126882175e-02,1.782736190829726508e-01
4.133005867631418528e-01,5.581724310441246173e-01,4.471027273702913307e-01,2.070529508861251866e-01,1.233297113936548117e-01,8.734120096042990999e-01,8.789980840399965745e-01,1.770508768585459802e-01
2.607642198772124331e-01,7.245891260294357039e-01,5.217439007419026886e-01,5.013958013937922509e-01,1.112301412522685856e-01,3.328552650107864386e-01,1.928640625440851686e-01,1.806175223952465880e-01
2.977559391359467789e-01,5.225761328098970093e-01,4.701970513439444055e-01,3.422290619762172192e-01,1.280243592669087771e-01,2.940688702724292836e-01,7.245247976095661180e-01,1.795063819069454281e-01
4.170765726367834936e-01,7.792970674945518539e-01,2.716734270484039149e-01,2.450175466953020131e-01,1.275704206498579629e-01,2.624684922733368508e-01,9.445412593830895265e-01,1.783414971705217789e-01
2.977885460045912591e-01,8.590459698364039109e-01,9.070749776865147940e-01,3.000229127554782660e-01,3.350747319835548077e-02,6.934904594990480842e-01,9.829904939350446735e-01,1.778219297432095392e-01
2.689698556317567935e-01,9.483205958088299914e-01,8.929439810741556238e-01,3.406123713888866145e-01,1.266754338705860794e-01,3.864308334155275304e-02,5.843491348427819476e-01,1.782473630846929391e-01
1.888184640685132420e-01,5.731236607544132333e-02,9.444708924668603345e-01,3.101607956276540845e-01,1.429222026883702756e-01,6.710074692366410076e-01,7.620918736454034281e-01,1.761267464544254702e-01
3.674800760597463634e-01,5.353188008327024461e-01,4.100254822972880797e-01,1.456312578380817568e-01,2.289636967834384196e-01,1.056724469996507265e-01,4.458510077813548356e-01,1.792936444396810991e-01
1.763794112951914128e-01,4.469641331648373517e-01,7.750171374479167818e-01,5.051615173417408622e-01,1.728505069141095529e-01,6.708246258854849708e-02,2.725721987899770715e-01,1.784222764909604297e-01
3.171238896493562276e-01,5.121131642336729239e-01,5.011256342163458166e-01,2.705406421264452410e-01,1.572952030617277563e-01,4.534022023441234284e-01,4.932205325157884013e-01,1.794836915349770079e-01
2.108585534801740713e-01,3.720864725197514100e-01,9.864859266174872410e-01,2.736056549420922135e-01,1.397601811438687058e-01,4.027463585911207899e-01,8.948632819500295099e-01,1.737452916523552215e-01
2.107388124207787428e-01,1.599956949960168462e-02,3.540136162566451805e-01,3.859205786411664119e-01,2.617340969197866074e-01,5.885903182485091589e-02,3.338214530399854496e-01,1.783957828851378546e-01
2.101224305376205859e-01,2.900201367849426504e-01,8.133979825993949975e-01,3.406339708762685659e-01,1.716847128889182894e-01,3.443056271999615503e-01,4.156747062275655269e-01,1.770563712685757352e-01
1.799473998889742632e-01,1.838678682434961575e-01,8.827720255575044472e-01,2.754478287488653643e-01,2.300253313697654123e-01,4.895059088518438628e-02,1.119655233048725274e-01,1.801524500408769047e-01
1.693834391511575277e-01,2.572988381915483069e-01,5.810934779977923181e-01,5.046372477565018722e-01,1.946357360263833713e-01,1.096061357753348453e-01,1.803551780167463314e-01,1.797628370853953661e-01
1.418037236637879062e-01,1.724744244169286178e-01,8.451642996678616626e-01,4.303684435860938295e-01,2.070912923647520998e-01,6.162113694998205826e-02,1.933745021760633898e-01,1.799982517010004779e-01
3.940895241006381888e-01,7.510319871553609028e-01,6.641776678524209387e-01,6.447058194173552192e-02,1.402572163198113619e-01,4.920572256291521618e-01,9.603928473933294185e-01,1.758950710333888889e-01
2.374200583479283977e-01,5.240752496788062542e-01,7.281286455146187553e-01,3.399169965165885765e-01,1.588478923230886020e-01,2.253153799954723813e-01,2.837008160553206038e-02,1.807819075789269536e-01
2.267450173014887993e-01,6.775828428222376854e-01,9.710516681592908927e-01,3.662719849070815714e-01,9.380093448188298044e-02,2.100058805048164168e-01,7.588299249438983374e-01,1.790194800178593060e-01
2.925615943203497826e-01,7.794094685143817536e-01,8.813648022600502063e-01,3.227837882365162114e-01,1.142425714412980547e-01,6.951248283211239887e-01,4.692394861219327251e-01,1.771949593944917023e-01
4.550639504143681457e-01,6.246922454819294757e-01,9.344663773942868401e-02,2.103071887622981195e-01,2.328051141236691102e-01,1.258202328081576282e-01,2.863405918679805540e-01,1.804975464739183855e-01
2.595966005244455532e-01,1.289221455782776360e-01,2.802806263598115466e-01,3.236019273985561995e-01,2.633094038887100474e-01,3.985736870942252486e-02,2.667544847127683028e-01,1.788656844562890036e-01
4.203954913884999645e-01,5.106835015764079611e-01,1.746931688782668579e-01,1.939888924885719568e-01,2.192494488874746073e-01,2.907647976124293487e-01,1.112620611626914391e-01,1.796202600076087230e-01
3.874118545457820306e-01,6.339547554943874008e-01,2.534617704783205250e-01,2.746177639626527500e-01,1.868361775618064269e-01,2.959514138834575259e-01,2.625008257983647564e-01,1.806140334539511894e-01
3.224675309108820387e-01,5.269322844918230553e-01,5.457815466172452057e-01,2.448583765802240242e-01,1.332030770016553456e-01,3.434797302789714957e-01,9.950611137133917872e-01,1.766352610277028834e-01
4.061471334541507106e-01,3.693856394422869727e-01,2.725751413624355468e-02,3.404674374767140965e-01,1.855702566428660272e-01,1.501009911971255550e-01,8.884109943166202950e-01,1.778965884320882485e-01
2.658233966291552175e-01,4.391510914799472975e-01,4.411381625317520871e-01,3.735251748011403916e-01,1.577045658977320741e-01,3.095709694459829464e-01,2.185151656720935032e-02,1.806206471901410926e-01
2.924827698576888957e-01,4.924180141879390682e-01,6.923603090726520026e-01,2.617772722883089376e-01,8.166203282371918559e-02,6.450369241755083971e-01,9.959005415348711754e-01,1.770166474009323143e-01
1.577566076393407957e-01,1.314050135569437838e-01,7.388757680483174495e-01,4.819252837563541836e-01,1.504473707761100898e-01,2.519333712907352862e-01,9.900256349568571368e-01,1.739399216529923520e-01
3.110235200455870874e-01,5.135883733034228849e-01,3.393711872933962148e-01,3.639745853484838145e-01,2.028978841485986340e-01,1.470806099098476150e-01,4.403456989734455540e-01,1.790315858694622175e-01
3.037677008744852358e-01,8.287789923273451986e-01,3.298568240525378004e-01,4.846036789198132633e-01,1.477404261308171152e-01,2.952025267585151047e-02,5.980804857452454160e-01,1.805563236964740637e-01
2.565010066815567313e-01,8.393354127906754725e-01,5.370308388051641124e-01,5.169588795097100897e-01,1.246297401978302410e-01,5.022090453501937279e-02,5.161212276612201499e-01,1.791082902568879309e-01
1.503490102304956277e-01,5.555195284193670258e-02,4.800616745581761102e-01,5.104829490261754144e-01,2.596920115407200247e-01,4.922744368436732243e-02,1.934796094868734273e-01,1.779965636655709005e-01
3.300274678175620369e-01,3.827627683111843870e-01,6.508468862229311869e-01,2.112528382454419151e-01,1.352399846259202953e-01,7.350686535870321059e-01,8.483076662497590625e-01,1.761712876660594396e-01
2.465738644242387034e-01,3.497209709160875590e-01,7.798569865568721893e-01,2.835494572649764344e-01,1.070192528264032328e-01,6.022729161723396896e-01,9.553841322113775236e-01,1.763754311214207060e-01
2.571918939695990725e-01,7.674644752142840698e-01,6.700589918537074308e-01,4.489285167821705502e-01,1.128055682221210387e-01,2.599202787774202994e-01,2.128342177586807771e-01,1.804133277359304399e-01
3.897441161963254852e-01,2.135746433188390747e-01,1.177091375924489980e-01,1.906765260444750754e-01,2.687680435085627595e-01,5.596250566859251041e-02,5.658593311214712429e-01,1.785428797067792617e-01
1.826125374008059354e-01,3.397133958142013466e-01,6.131071019020283286e-01,5.415110825211182366e-01,1.347246538597969001e-01,3.213706728268556079e-01,2.445709181780982289e-01,1.800470145663507493e-01
1.942539832058083615e-01,4.129230108179972047e-01,4.751640832082442700e-01,5.605780830405183712e-01,1.376127565314534118e-01,1.360312021268423321e-01,6.832331572555644383e-01,1.772547700203473686e-01
2.415076410158902009e-01,2.771323958506013430e-01,4.127669898291421724e-01,4.224248571258144014e-01,2.139613778862070048e-01,1.375426590551448447e-01,2.797654214015494745e-01,1.789584484875079429e-01
2.929453468615404454e-01,4.887417576887109205e-01,7.382686547985489733e-01,3.332970626987657448e-01,1.056382475355213679e-01,8.876339423829937569e-01,6.352566663048129225e-01,1.777269950401615950e-01
2.708951579439619617e-01,6.799554849622582164e-01,3.833185420085791772e-01,4.960980997895337863e-01,1.521951084477361493e-01,1.509337460208903803e-02,6.662546220640728212e-01,1.791172152062937006e-01
3.846600107327324825e-01,8.560453133942595993e-01,7.801773732771554171e-01,9.923658444490202069e-02,1.091193650257131081e-01,6.302874379076242040e-01,9.689060471094136373e-01,1.766079704337639722e-01
2.089688746301988087e-01,2.269157924109639901e-01,5.365864979489062270e-01,3.954493852495711836e-01,1.746409380255856125e-01,3.047613420262545447e-01,9.813146235433689579e-02,1.797431541008892575e-01
2.992870926696072909e-01,5.508606120229396774e-01,6.279826037559764762e-01,2.298862692069156277e-01,1.572852593403107069e-01,2.175640071364624561e-01,7.638569595819946212e-01,1.773622439764585001e-01
3.680295711864842723e-01,8.808395160064783624e-01,2.470328090523205566e-01,3.878306693850634423e-01,1.451702901453346684e-01,6.725127725411805812e-02,7.503501135489201168e-01,1.794143570788622744e-01
2.382395020530582164e-01,3.966754200484686743e-01,6.289264512010754871e-01,3.655355398485566898e-01,1.965458654104191294e-01,2.782106425828755336e-01,1.932058422716610435e-01,1.788750614331792721e-01
2.883655650935067483e-01,8.243511213501619750e-01,9.630760486081946237e-01,3.044806529154290287e-01,7.509123534966130609e-02,6.013017861088086891e-01,8.679801589557682995e-01,1.775332620299103215e-01
2.564926220678895308e-01,4.751639876993402622e-01,6.651562052074150300e-01,2.897355138643594175e-01,1.416616325962858913e-01,2.064014229658943378e-01,8.216342334520900792e-01,1.761139312362730025e-01
2.947417313523783000e-01,5.259063747990331272e-01,6.848425402019427954e-01,2.019088616780705392e-01,1.664951536405846755e-01,4.739174926949207278e-01,8.313292438890396152e-02,1.805030737163672849e-01
3.732283984756769590e-01,6.022406568456786236e-01,5.544164740603654273e-01,2.385535494804594259e-01,1.059358012977139607e-01,7.623232813086053827e-01,9.695574021529954623e-01,1.756153616785007532e-01
2.402435928511777730e-01,3.661310577492044027e-01,9.084376972299750275e-01,2.966653348779311750e-01,1.628674330662661651e-01,8.098897786252583497e-01,3.019126739207897425e-01,1.769946911876082996e-01
4.314194185067127818e-01,9.676553137118072412e-01,1.901033555063494362e-01,3.683926353427118827e-01,1.298908016885071404e-01,2.556380317266785385e-01,8.076370385539031194e-01,1.797620459652735647e-01
4.292129675311862624e-01,3.270785075103376238e-01,1.403175859739790310e-01,1.532352473910306434e-01,2.657717963956794938e-01,1.880663635071579964e-01,1.629703328004566965e-02,1.791690117850034680e-01
4.891776947262556074e-01,9.230356181408272409e-01,4.452370938557274616e-01,8.964080728386222829e-02,1.204945855582109648e-01,8.226040088510484516e-01,9.436596878014570366e-01,1.774565197030534835e-01
4.184933474894499961e-01,2.032152508944877201e-01,8.133207810683273919e-02,1.925918873322663982e-01,2.823505700752187986e-01,1.716836745280559962e-01,2.424394124236619597e-01,1.791476685039243566e-01
2.938639245098441655e-01,6.260074355243721023e-01,5.497074921009120763e-01,3.291363232731874811e-01,1.195710423107572140e-01,3.715876007806236947e-01,5.008047127655235187e-01,1.799772121038827055e-01
3.201411390966916182e-01,8.814290793598920093e-01,4.694162975766954515e-01,3.334281536615735786e-01,1.392952131081194034e-01,3.833341496566666784e-02,7.808852903472176532e-01,1.788231046914211253e-01
2.155476098143706554e-01,4.414386925587545640e-01,8.055795320817284999e-01,3.493114063490754817e-01,1.467672727568273272e-01,9.833148532858587698e-02,7.197838132750171702e-01,1.772762054337035653e-01
3.434890236443643441e-01,8.076492324286035362e-01,4.434813831583994670e-01,3.220364461928244548e-01,1.427409818971617783e-01,2.459924108996890679e-01,9.237196546061948732e-02,1.825220349297148881e-01
2.873097025983027963e-01,7.365427072784345164e-01,6.028085835417020810e-01,3.488342553248079403e-01,1.042821227113162330e-01,2.235650608030277098e-01,9.173230493649161543e-01,1.761645165055076567e-01
2.448653426644939179e-01,1.825790078221719570e-01,9.883705326308867001e-01,1.115391048207310387e-01,1.902755425109457499e-01,6.343989106113067100e-01,3.409790112269392437e-01,1.780876515729292731e-01
3.904471752830783182e-01,3.099780793758438735e-01,1.953486102893764453e-01,1.463609349766995804e-01,2.857504708775880919e-01,1.684569878855995961e-02,4.458377080131681880e-01,1.785150098637103000e-01
3.150361314899694509e-01,6.641279051180452031e-01,9.902390401834286759e-01,1.257353390812610272e-01,1.238142290725805644e-01,7.337881461722957077e-01,5.432373122622582429e-01,1.786492674700750904e-01
3.540616751158285336e-01,3.088224073725849284e-01,2.147562873124228000e-01,2.328184964995506923e-01,2.577017548834412697e-01,9.084490088029956167e-02,1.461738614633491529e-01,1.795170365486849495e-01
3.483528820683582383e-01,8.386591739526398914e-01,7.693847589735006709e-01,2.159413624941502186e-01,1.052187732732585701e-01,7.214342941478824045e-01,6.487654868501262495e-01,1.794334404756943446e-01
3.819186416862827560e-01,6.962492431000287807e-01,4.083550827488059420e-01,1.490827038197093946e-01,2.438952030983697061e-01,1.254775493017207255e-01,1.636066237402734602e-01,1.790587156942176073e-01
3.582005106388300719e-01,4.555512548828470898e-01,3.834040595979431032e-01,1.972155534996584136e-01,2.452004612733258149e-01,2.406100114872628815e-01,9.965254736681639081e-03,1.791115700837878078e-01
2.628692413536187766e-01,4.719317765843461521e-01,6.030797445439742832e-01,3.600899159946798211e-01,1.664876792355939605e-01,2.492320582682301666e-01,8.021202683202734995e-01,1.753923667398588071e-01
3.363554730066334875e-01,5.588730211272506798e-01,7.691838592247433048e-01,1.097729950290871892e-01,1.849117883162009479e-01,6.319524334511795738e-01,1.318245257653820057e-01,1.796213684182177417e-01
2.139569687072970794e-01,4.985143739726031753e-01,9.730671015825694825e-01,2.731889433119169541e-01,1.931140114848014788e-01,7.528482693456989283e-02,1.963643099731935959e-01,1.788843128540774929e-01
3.594587564749699982e-01,9.161333729502826317e-01,6.867153444513219851e-01,2.614292214206594411e-01,1.138149682900300164e-01,7.976813268078195573e-01,2.180786374061418620e-01,1.804254401468133040e-01
2.028258980159687308e-01,4.100708760794107288e-01,9.265541348969997815e-01,4.665881722422359767e-01,6.205409167230219181e-02,7.864737327716121440e-01,9.291390947424534863e-01,1.755891071647892876e-01
2.974502746064342507e-01,1.860591821394750878e-01,3.038190349872864626e-01,3.044526069369763999e-01,2.405941215071674133e-01,2.098624004567237189e-01,5.028989477858886170e-02,1.787248683031160135e-01
3.840368980548164446e-01,8.524996026706561647e-01,1.277727502898352574e-01,4.278692351537367600e-01,1.731919292088725526e-01,1.339543823376618814e-01,7.031827848538840797e-03,1.825761225042644709e-01
3.704374552206036175e-01,7.623335510803853632e-01,5.987195828163840439e-01,2.397603182847539149e-01,1.241383355062413707e-01,5.875332379290090223e-01,7.617450252730324500e-01,1.778832690781554371e-01
2.644045730274016681e-01,3.948606838329898894e-01,9.695421378400727042e-01,1.305906354215346232e-01,2.009581355964832339e-01,4.696764626151330169e-01,1.576995320815845480e-01,1.785607297712413499e-01
3.740478588547227479e-01,8.039525310244428624e-01,3.357179892045836223e-01,3.561798091128468569e-01,9.482307160179057060e-02,3.977714540066931703e-01,9.624407471678076975e-01,1.782046039075970423e-01
3.109357166439741249e-01,5.439522890628908369e-01,6.710602063923251093e-01,2.107029658052813614e-01,1.240516234921943683e-01,5.394836931108941691e-01,7.819130450434201851e-01,1.781640009765468879e-01
2.627764756777869470e-01,5.110030792473421180e-01,5.545584438777609870e-01,3.974699921218091125e-01,1.521274713824558034e-01,2.903638435723071010e-01,3.405579732711359053e-01,1.799177930587552987e-01
3.129358736939084062e-01,9.600966925669024432e-01,6.205935651769202144e-01,3.822674330188635672e-01,8.094327831373064608e-02,3.320359701816750775e-01,7.915012729612929121e-01,1.764444868226814622e-01
2.819786637536469964e-01,7.517114366690708094e-01,8.474392143992939275e-01,3.106425957022706519e-01,7.522839796131355894e-02,6.641277236740632528e-01,6.451975803727589831e-01,1.785778528202585091e-01
2.111834690421416361e-01,5.894086841015884204e-01,8.959045560035616695e-01,4.337234693671900843e-01,9.880540776771974676e-02,2.875391687061638057e-01,8.322794579754870803e-01,1.769960283895855302e-01
3.112933878309812052e-01,6.148289028489122288e-01,8.877899345165478628e-01,1.901874351759079429e-01,1.555118455702620694e-01,6.856187800026289914e-01,5.356649912602231556e-01,1.775647289767631476e-01
2.266204016456915271e-01,4.745366096829873870e-01,9.697143050560920186e-01,2.262462860952155763e-01,1.903600605587937866e-01,2.731532358691256546e-01,3.147111622538867337e-02,1.794390401781167377e-01
4.359866293129430193e-01,5.960436944839783147e-01,2.347838361731180434e-02,2.839642425713671536e-01,2.527359041654775318e-01,8.710678712033526061e-02,3.351110202412129202e-01,1.793166358254796589e-01
2.577476239952636861e-01,4.434867082325497090e-01,8.158482807591116437e-01,2.105213081083729398e-01,2.047196517117729209e-01,2.682536498722406515e-01,4.287746076397220829e-01,1.762617593129151561e-01
2.729833359658784819e-01,3.503010144532402448e-01,8.873110741659036016e-01,2.332675629580983623e-01,9.859193867550626600e-02,8.207393996972184302e-01,8.519611340758358464e-01,1.786766489558538895e-01
3.830987795463810519e-01,2.659100501748401513e-01,4.856989204777789615e-02,2.655957919676548151e-01,3.037868238696993517e-01,1.580582032823046879e-02,7.879218625120870678e-02,1.795770375453689671e-01
3.340833924690174705e-01,7.768554064981898488e-01,8.368934085994423899e-01,1.593425852400116860e-01,1.588940665024021204e-01,7.239642523329957724e-01,3.415059249390882679e-01,1.780247279465934640e-01
3.781852473043116336e-01,7.622862984456235669e-01,4.036333427952349950e-01,2.746198537003287643e-01,1.640480578383187171e-01,4.821459087407036215e-01,1.279283997481618917e-01,1.788074531265431422e-01
2.721556565371543446e-01,4.667584847828987193e-01,9.587262413675396999e-01,1.261900374952061865e-01,1.778542239131344072e-01,3.946297244848196994e-01,5.789140425583131355e-01,1.781951616318274700e-01
3.176792332026220911e-01,8.911487530748587460e-01,8.530626521026296594e-01,1.764051994813407021e-01,1.596162109503199145e-01,2.685369340175104425e-01,3.672002485542319450e-01,1.784415002526025806e-01
4.022303026284523852e-01,1.239724867961481403e-01,1.020784523926656640e-01,1.223222553156965431e-01,3.216076292149568361e-01,4.186423618442763894e-02,1.394488306758090435e-01,1.777592675866668526e-01
2.984803321981244761e-01,4.972223843599426485e-01,6.180296456021082685e-01,2.830923014622900302e-01,1.142240124630434922e-01,6.439008105847131569e-01,7.335332867357223785e-01,1.775288570428021628e-01
3.580672790925348292e-01,7.907269321848062749e-01,7.275963680128687550e-01,1.552588959725048068e-01,1.464240531247008870e-01,7.837764250315717440e-01,2.038996779853140540e-01,1.792501509249499470e-01
2.967348969249280488e-01,5.637064019151366567e-01,6.687995586009902738e-01,3.241736891641282536e-01,1.050105220441175519e-01,5.354311713808099782e-01,7.677678568406618442e-01,1.786192044067311524e-01
1.581151758383392836e-01,5.524577539178465724e-02,8.159089335668212595e-01,3.306624287775487003e-01,1.984095073824733713e-01,7.054470834445941696e-02,7.822516724439553260e-01,1.761160867372616734e-01
3.685664418496974459e-01,9.203379620123779414e-01,8.498405051700403945e-01,1.005654803307047263e-01,1.017085410909916304e-01,5.796433874495419136e-01,9.207240515262944403e-01,1.772546816620140520e-01
3.310972014566270216e-01,4.374060806971871163e-01,5.642046472601330853e-01,2.188514729377927515e-01,1.726517941061608274e-01,6.073530028280474946e-01,5.407846449308632009e-01,1.781035811116369605e-01
2.239035054938429692e-01,1.503475018967034837e-01,6.809810203722749256e-01,2.423007291542127184e-01,2.372158834909115499e-01,1.631095461416635084e-01,4.382362106237852606e-02,1.792122406357818110e-01
3.456844090127356162e-01,6.726037435096398065e-01,3.783202241347495831e-01,3.337014951032835630e-01,1.490247331660960184e-01,2.658947289117238322e-01,8.222116170534512491e-01,1.771399697892412084e-01
3.749385322325505254e-01,6.180521448510400973e-01,5.728368701694444010e-01,1.066327306681137677e-01,1.608669525337433348e-01,3.886451951476906919e-01,8.406229254292063580e-01,1.767313384456361269e-01
2.794453149051027152e-01,4.935101122772857507e-01,9.431080816239658660e-01,1.175189018786234330e-01,2.016155291052216525e-01,4.107644366112045420e-01,5.438589688109024545e-02,1.801576652339210716e-01
2.487304410017734946e-01,4.336592398412160154e-01,5.108072401282979236e-01,3.431705060557083131e-01,1.794490657064763683e-01,1.787974402628442483e-01,1.591326659707073543e-01,1.814132059854323131e-01
2.051589845222209219e-01,4.948662547915058108e-01,4.930396766163914757e-01,5.534226002737301364e-01,1.351646585998339811e-01,1.423476946915988584e-01,3.156193381821400523e-01,1.808396413419166293e-01
2.418086274760380405e-01,4.637716342693399829e-01,7.955777233380975089e-01,3.221896717568820123e-01,1.796899607040807478e-01,4.145485551708490424e-01,3.840389271188549003e-02,1.796508383167367551e-01
1.996157662642534525e-01,1.393224138257445621e-01,9.482640560839996624e-01,3.670003347615826139e-01,1.147451031121247134e-01,9.096698401166314341e-01,7.734951546030839342e-01,1.755463191850028526e-01
3.052057015314529331e-01,2.467032587327727122e-01,3.159355408290050460e-01,2.527334499819085534e-01,2.655108238325776249e-01,2.308519611153941886e-02,6.589775222312088676e-02,1.793449738818056471e-01
2.529260622612007348e-01,3.431353926305452662e-01,7.039868398396889049e-01,2.076480600081688499e-01,2.247956621850746017e-01,2.239888690235061208e-01,1.810604536413149002e-01,1.782052917322465013e-01
3.697612990752520146e-01,6.294358205507816217e-01,5.212910577465645900e-01,1.573370858235582093e-01,1.640451505120142928e-01,3.274190755123276841e-01,7.432601604235362647e-01,1.786529057162365708e-01
3.529129361466143977e-01,8.590087702482892551e-01,6.728183515981518426e-01,1.598910295289239225e-01,1.694887495938089128e-01,2.722516862363272283e-01,3.678393537420366899e-01,1.787433089630705851e-01
2.870760548726242201e-01,7.461053820062918396e-01,5.483038189832760700e-01,3.634033179250566459e-01,1.229254433364714572e-01,2.643951734108486162e-01,1.600403354348947649e-01,1.821193299573831970e-01
2.101665202722504122e-01,2.127459229375140981e-01,4.248797909994312949e-01,4.582588771775804037e-01,2.510571217266862609e-01,9.842092784294720342e-02,2.533184162096024927e-02,1.786939077869588166e-01
2.293862849597965159e-01,3.002839788205555194e-01,7.478961084967723494e-01,2.743628148502235131e-01,1.491648021196703144e-01,2.550766464499110153e-01,8.237633002665722959e-01,1.759491881806635460e-01
2.241386428390741148e-01,4.262722892795823282e-01,7.252009554809285552e-01,3.954406245949595444e-01,1.432037571771382356e-01,2.836164496461903162e-01,5.327114942026679456e-01,1.789853556953485136e-01
3.749270281383177972e-01,8.189786718091883744e-01,8.669530132766951613e-01,9.558174088489651554e-02,1.072582553857792387e-01,9.489450063648117162e-01,8.053019674114934023e-01,1.784587772771267788e-01
3.095170206823788517e-01,5.410624456269279570e-01,7.722541521559472821e-01,1.845725871756254133e-01,1.684305183117174032e-01,4.761232820249186592e-01,5.351786633531915305e-01,1.768545357741860835e-01
2.791966971892040905e-01,5.809897652960960279e-01,9.149012586173960182e-01,2.803780736480464553e-01,1.211870805936172413e-01,7.783398463374677778e-01,6.696273939607854109e-01,1.775481880590652206e-01
2.437625366927320125e-01,4.908598315404312795e-01,4.023667368979362835e-01,5.362251812501777071e-01,9.850505832305830878e-02,2.510766267834079746e-01,8.455474751131286659e-01,1.779452187435635879e-01
3.118243332130477552e-01,6.579373377011453750e-01,8.662250013286902917e-01,2.087746535452764673e-01,1.419649823488765283e-01,7.256162160558172758e-01,2.664628945686379202e-01,1.790631672123351725e-01
3.031519862841766666e-01,5.071964537384561211e-01,7.572820765842985802e-01,2.950704949207716421e-01,1.091266595847155685e-01,9.555216405518252021e-01,7.934145363243636506e-01,1.760246354659111556e-01
2.650552017053776632e-01,6.763026834239704854e-01,3.940491405621493470e-01,4.929663370423376101e-01,1.664167207725537889e-01,1.274068171807446470e-02,3.504663170094308722e-01,1.805684408625257142e-01
2.567690804881735955e-01,6.476624380435122008e-01,6.372464256618434186e-01,4.256521398994239647e-01,9.508763681210703755e-02,3.843188233693966005e-01,7.164198632048919269e-01,1.780107568217239034e-01
3.107272358272265556e-01,8.736998436119340905e-01,9.106665150206516568e-01,1.958936408458312184e-01,1.122819737982539146e-01,5.747481818302850876e-01,5.796611870144237066e-01,1.780645082763080145e-01
3.520731939427970136e-01,6.132537443304315605e-01,7.649397489297606878e-01,1.091196648916742118e-01,1.234960688304200666e-01,7.943941310179025717e-01,8.254432777576161673e-01,1.762624329066356244e-01
2.781456157706806986e-01,5.510557731059469999e-01,9.294808406357406572e-01,1.864517970656360824e-01,1.819116138067781718e-01,4.949325259869026272e-01,2.705617398902481208e-01,1.783379521872950346e-01
1.773861612007222033e-01,2.329227185570724168e-01,7.677951203025772386e-01,4.475714082030036733e-01,1.330276964459663480e-01,3.902808892823598219e-01,5.115568848940719171e-01,1.787219102212803390e-01
4.323959749272218156e-01,8.589102987723135074e-01,3.808819995929345614e-01,2.134931627822599376e-01,1.035142561773251396e-01,5.352233984356085106e-01,9.742598921880396556e-01,1.787505919794921128e-01
3.134019100136753444e-01,5.498768355092236160e-01,6.646537835756394230e-01,3.408873086678663178e-01,1.180768510178495517e-01,9.769473096932111966e-01,5.498160880720468491e-01,1.778504389702906807e-01
3.905241894540280034e-01,9.155672355738517787e-01,6.203755888082407299e-01,2.421639192801370022e-01,8.231941862458418135e-02,6.752321440922790519e-01,8.462745794320429837e-01,1.789080203959554360e-01
3.220854972125941074e-01,5.862603930888572457e-01,8.322084462276727601e-01,1.059144299411307055e-01,1.255465483515402214e-01,5.778380006789960444e-01,7.557202896789674273e-01,1.774961705541082124e-01
3.194028632595619643e-01,4.197606819178282822e-01,5.965712198477346462e-01,2.152450503191866704e-01,1.409885192100001350e-01,4.700519309041505944e-01,9.353756602592226965e-01,1.765357632482701944e-01
3.096553278138634013e-01,7.195822649521090852e-01,9.163721847776622464e-01,1.542359341482742729e-01,1.051565633985221404e-01,4.238276238412984620e-01,9.514424337030154000e-01,1.770887381968700713e-01
1.362737665398792430e-01,4.289357331009180374e-02,8.032541846082386083e-01,4.138421064643712510e-01,1.993878767439412059e-01,2.135226931671935224e-02,7.262833036393956387e-01,1.776524344667687327e-01
2.840620532696522815e-01,4.685558999283324644e-01,4.499079327435696607e-01,3.894771854187040194e-01,1.654643034351058473e-01,3.890187096322506033e-01,3.340223737402754356e-01,1.781103636545172120e-01
3.542117150099784451e-01,4.916397778614934322e-01,7.989031763139340381e-01,6.023125168713705513e-02,1.539332825682704631e-01,8.208241114668189953e-01,6.161863189612719616e-01,1.782805869292866385e-01
3.281291907543826269e-01,8.397457544208266622e-01,7.148831204360825975e-01,2.572695365201272955e-01,1.132560859692256228e-01,4.778229807401810914e-01,8.977103040420327806e-01,1.742553454070957242e-01
2.419037592437154882e-01,5.852027412260719652e-01,8.862234716699165515e-01,3.204199695050531926e-01,1.362046169083386549e-01,5.432057327358326138e-01,2.412371251078693213e-01,1.786893166586748238e-01
2.266271471204213128e-01,1.163806262366051669e-02,3.537754078118265921e-01,4.047965486944365976e-01,2.041940635834050832e-01,3.475838609364903520e-01,1.776175752409980824e-02,1.799033027993554856e-01
3.862565464818811245e-01,8.691531579885216630e-01,3.930833571602859733e-01,2.277671526188177753e-01,1.956299984639579825e-01,6.580134080868510482e-02,5.478364340412285038e-01,1.782805619439996880e-01
3.256200091139877517e-01,4.443878879681453786e-01,6.896573421234541978e-01,1.517321370820176041e-01,1.235947123247772700e-01,6.229346772697581525e-01,9.941276807505845525e-01,1.749485718720515670e-01
3.098584268384436124e-01,7.636763477782582132e-01,6.931467813050684601e-01,2.795612970422086674e-01,1.241995757801807460e-01,4.919693741998205638e-01,5.187985010688151988e-01,1.782899121897470185e-01
4.156931055078317838e-01,1.823234119775067330e-01,5.121401500310329702e-02,1.990936004844663376e-01,2.414025593188431351e-01,5.447114474889386271e-02,8.859410424003466566e-01,1.772595617200984353e-01
3.676138081091695486e-01,9.194227143272808433e-01,8.330674490442724345e-01,1.047934806846954059e-01,1.491642678066827377e-01,6.754128644776520307e-01,1.166858727485390879e-01,1.801358896403544296e-01
4.269831146353008644e-01,2.223231369764261944e-01,2.033113559981503116e-02,2.210031135020404658e-01,2.833995030639499535e-01,1.643532688373014472e-01,1.371278682104754565e-01,1.793592623103507644e-01
4.541449548804244452e-01,9.955215184356487335e-01,5.789363403555706222e-01,8.437910199514073173e-02,1.296698330016223810e-01,7.615887295912022736e-01,6.952585670746589397e-01,1.792259388553202604e-01
2.210278797760659442e-01,2.077440910850517075e-01,5.614491537415862155e-01,3.418549555522054084e-01,2.037284172205924837e-01,2.172195548866473203e-01,1.919169341436410270e-01,1.788910659272448800e-01
3.265713185912103023e-01,7.729205033333990116e-01,4.926712628323393073e-01,3.447365631894921401e-01,1.625220603956216425e-01,2.671956839563387476e-01,2.516369624076777445e-01,1.794614665563266653e-01
2.823061864363508588e-01,7.773422967142725737e-01,8.846517146912658003e-01,3.166225400457470252e-01,1.185543375129930188e-01,5.691524991689109747e-01,6.359723756184862964e-01,1.763851763787787352e-01
2.570999826162678747e-01,6.566666601076520671e-01,3.495324592565457467e-01,5.534349358376273731e-01,1.250762086676387719e-01,1.544627413043808684e-01,5.036795935185932604e-01,1.795451496193629370e-01
4.226725229731808642e-01,9.915067371349215453e-01,5.155010379383072605e-01,2.588306120484893946e-01,7.316876564578511655e-02,8.930601750287040508e-01,8.475305790980720566e-01,1.768401723562766925e-01
1.705738396369031185e-01,1.493495257634543383e-01,9.595826557014768277e-01,3.838144308722437614e-01,1.291847358009973468e-01,5.931802977730374904e-01,6.121003571381830044e-01,1.775509164023935937e-01
4.166648118982413385e-01,7.610388397692091633e-01,4.747398334532648145e-01,1.426640480819380830e-01,1.712290395364305107e-01,5.424512539978664227e-01,3.903289324167485974e-01,1.792506859069416258e-01
2.563317792036879927e-01,1.063821499871032139e-01,4.053116600646115564e-01,3.709542310103567386e-01,1.811001062462006816e-01,5.081808650771737490e-01,7.871461472815494131e-02,1.805320683391371805e-01
3.843966418013782804e-01,5.704361054077300430e-01,4.883103705262402672e-01,1.285763566278952386e-01,2.236101458745071713e-01,3.951728168480868053e-01,2.719685531591004013e-02,1.788015111876764540e-01
2.850909207225019726e-01,6.264134383257509153e-01,8.463586048738113154e-01,3.040617527025409328e-01,1.059258332807230529e-01,6.882753405341156538e-01,7.417898662659359044e-01,1.764183858327812437e-01
3.430009557140434318e-01,7.294436272969339052e-01,5.289558165732745065e-01,3.245078647507271263e-01,1.084326109458460391e-01,6.006404705854098136e-01,4.489749587267937159e-01,1.796829605024143350e-01
2.419054384925067858e-01,3.149598396563705327e-01,9.093391102145476079e-01,2.676987366856921624e-01,1.739427083680047947e-01,8.236827051173902792e-01,1.985482827268683081e-01,1.773872113234298553e-01
2.682703960877811933e-01,3.132820620796827882e-01,4.111297329237078024e-01,3.502001858631336173e-01,1.778105126930395186e-01,7.484371065080741570e-02,9.350539208877203246e-01,1.762983427760484167e-01
2.663329074974213340e-01,6.557144111242333429e-01,3.836565602878048153e-01,5.125918036538944511e-01,1.549683436584357032e-01,4.139041347087113465e-02,7.709513290090683757e-01,1.760717209812520112e-01
3.448700146162442248e-01,8.623927378037914426e-01,3.663955859924112879e-01,4.185353209522497675e-01,9.253862870707700583e-02,1.873426800039354190e-01,9.635256589318869080e-01,1.786821499008713066e-01
2.850191016734461291e-01,6.720569893513773652e-01,8.310661510719874467e-01,3.053043613192896188e-01,1.182493422641539144e-01,8.458493181662829485e-01,1.047890211044247288e-01,1.797194763279909846e-01
2.561594582986570501e-01,4.165619638630667088e-01,9.325334657381160186e-01,1.444890505355034549e-01,1.947288564435322444e-01,4.181323967594626212e-01,9.175303745675011946e-02,1.799380558111415007e-01
3.325509187477848627e-01,6.264268476734129454e-01,8.883588892076902388e-01,6.673166643281744359e-02,1.518255421273417005e-01,4.976839396253115999e-01,7.719519202722626705e-01,1.776056104365009713e-01
3.055234460016765796e-01,6.162024295834139798e-01,7.952422363320688081e-01,2.034178074665097813e-01,1.494413281573618857e-01,7.128828852758761769e-01,3.336768628502598810e-01,1.795263900413723579e-01
1.991997128844802956e-01,4.801350202979636217e-01,8.898000775865018142e-01,4.068219842633292727e-01,1.300297564494188041e-01,4.645224789436674939e-01,1.290281988748594455e-01,1.805876248392477013e-01
4.746715849046312385e-01,8.566848094509289524e-01,5.855395647052172858e-01,4.104454431554480087e-02,1.340046003722519252e-01,9.826149512542843301e-01,8.587537232817473720e-01,1.773444666107401035e-01
2.544769988903947122e-01,9.584304863085413295e-02,9.498125100041653335e-01,1.269124144794363529e-01,1.576795205627447571e-01,8.439708109953885096e-01,6.286267271995952255e-01,1.785559751986817711e-01
2.028783286295240129e-01,4.746704365642780976e-01,8.475332051645427800e-01,3.457004822810146316e-01,1.942934498300229185e-01,2.245811859064578142e-02,1.661729533171423245e-01,1.798894910679247061e-01
3.541731949022040027e-01,6.997108603540229677e-01,6.479450136641897728e-01,1.971558175587443951e-01,1.080918622013552766e-01,5.796026502139444148e-01,8.554129756528063844e-01,1.790015922515896807e-01
3.167378713423646963e-01,9.767161677557618660e-01,9.094424938116769663e-01,2.271805822958223309e-01,1.288704766204014085e-01,4.214737000117391164e-01,1.356214819428130380e-01,1.796481732827513444e-01
3.282382966731209883e-01,4.681868442266087227e-01,6.953031572892582890e-01,2.116505045735914692e-01,1.070402247289250486e-01,8.885289944335988954e-01,8.719728152614825145e-01,1.767736795181896747e-01
2.823409647918003196e-01,7.514036420099825531e-01,7.169477882260517632e-01,3.035166358291845334e-01,1.099972123600013729e-01,6.894402141392508288e-02,8.786653929599951285e-01,1.794512990433562716e-01
3.409456765312569582e-01,4.589011702344633625e-01,8.782158030504894075e-02,4.035824054851513409e-01,2.106572001410247919e-01,1.257283500812304555e-01,2.427022831309061379e-02,1.804733348876914889e-01
2.638794438893089511e-01,3.342824532487232991e-01,5.993399173330135055e-01,2.581931515193274795e-01,2.261399859553737124e-01,2.717113314717967132e-01,1.408485580586025798e-01,1.779058279459989067e-01
2.541218740283197608e-01,5.760310669417239016e-01,6.985743461037583479e-01,3.863664070492738301e-01,1.426621573177998259e-01,4.517457481114987017e-01,1.882898386281200986e-02,1.797132203117735028e-01
2.003624724157676840e-01,4.820896460386962512e-01,9.853485071341865353e-01,3.350585675081552139e-01,1.228281755913289003e-01,3.413983052322858147e-01,6.442921810616398792e-01,1.779380078710173507e-01
1.583046387144255163e-01,2.473609064283157633e-01,8.044579466411201363e-01,4.826899069783135432e-01,1.630698558109871243e-01,4.057803013439774675e-01,4.895681532661760871e-02,1.783374577926186144e-01
2.984055905021608668e-01,4.218071499205196528e-01,8.617460956667499783e-01,1.705053932278935425e-01,1.556896492148865940e-01,7.632893295432610081e-01,6.272498408450090102e-01,1.781878523557564598e-01
2.637189347014341489e-01,5.832382530943924781e-02,5.076175511850580246e-01,1.819313237127269389e-01,2.669556805224588825e-01,1.081467044674683797e-01,1.683241786276451490e-02,1.805005751281371362e-01
3.429947120961255314e-01,6.775663851928442893e-01,6.318207074562146586e-01,3.271903971140003864e-01,6.708306497402040380e-02,9.238519769678210647e-01,9.800095134578654665e-01,1.761094018868647193e-01
3.687937612796164388e-01,9.353146829031699916e-01,6.517142150904847719e-01,1.770356022393027862e-01,1.702384769473979931e-01,3.713447979390774312e-01,3.670950111218380663e-01,1.773135701241994600e-01
2.771141967357454439e-01,8.662810854322000598e-01,8.458667290487904555e-01,3.166263031107300341e-01,9.419255935754518305e-02,2.048791075176122356e-01,6.305171238691219537e-01,1.797143927603918057e-01
3.547464649314158169e-01,8.564986434533383708e-01,6.548618890629335221e-01,2.009708186753783321e-01,1.672485416253574331e-01,3.659668711026627941e-01,1.500108784610012513e-01,1.796210287213351187e-01
3.359665538237243121e-01,6.825776668886154308e-01,6.319059227137044932e-01,1.226789776132201915e-01,2.236344194241149386e-01,5.137767996967113060e-02,4.007297321412297553e-01,1.778060806445590503e-01
2.145040469086434975e-01,2.408638735482506732e-01,6.726743573196503068e-01,3.912161955426105564e-01,1.496271377740868991e-01,5.478887642519072454e-01,5.801321019256400202e-03,1.801512652716480978e-01
3.548379258413222326e-01,5.169295297064034900e-01,2.394096448008447564e-01,3.084695983164496558e-01,2.159138781035125909e-01,1.820804571929706406e-01,3.959698728190919059e-02,1.797838093662608439e-01
3.370347943563005710e-01,8.338866550711258041e-01,3.036963158377037342e-01,4.281806952457865578e-01,1.709800627444402754e-01,1.042825299469826716e-01,6.605549128415428850e-01,1.772213219987757160e-01
2.436973504953173220e-01,4.496468647342802272e-01,9.279385594699771644e-01,2.892479491758429555e-01,1.389990491569897124e-01,5.481730854821071919e-01,6.595462509146193808e-01,1.773963232932139200e-01
2.475362196675520710e-01,4.816700195536051110e-01,8.116958874905602084e-01,3.132981406657956991e-01,1.503209900365697071e-01,3.490514242854148019e-01,8.332590439847522568e-01,1.753524453507979697e-01
2.218485197712060097e-01,4.033830717723114745e-01,8.271412585856916522e-01,2.606411687412502620e-01,2.087727528663522181e-01,1.319337065615661109e-02,6.091841196493860133e-01,1.761263861373494333e-01
2.412431214493174214e-01,2.395911645725045114e-01,9.827858455314553154e-01,1.864272312144960031e-01,1.314038553076347648e-01,7.627761989145892541e-01,8.053305749652652779e-01,1.753764384513475105e-01
3.618723595006195781e-01,2.807580569339783727e-01,1.046591525374770959e-01,3.045261703165706435e-01,2.337320204773699339e-01,2.210519070790070151e-01,2.028299935857907910e-02,1.800334390800680529e-01
2.685007185201913060e-01,5.773932116288306160e-01,9.745556206649128583e-01,2.037582694377808035e-01,1.344986236528176171e-01,5.373800001428712392e-01,4.478784007665543299e-01,1.783764372828453293e-01
2.425285819524931052e-01,2.424321192060491237e-01,4.746557589393984311e-01,3.609653878568983565e-01,1.881610897212057654e-01,3.714106837664321592e-02,8.814634385497651659e-01,1.774854421649213754e-01
3.550672734449948909e-01,9.006032225873187302e-01,4.469853750968630912e-01,3.524793564058300577e-01,1.392512619432764998e-01,3.900175797417164691e-01,3.428303897051121485e-02,1.808101397471834904e-01
2.826296435365157067e-01,5.668666971023944567e-01,7.791394453086161187e-01,2.561275122409942817e-01,1.347336509589834863e-01,5.366588174480803053e-01,5.471237925341911890e-01,1.791507051979860654e-01
2.743590211708414328e-01,6.205320367284888894e-02,6.746042897440343022e-01,2.346931653698136888e-01,1.499962251208219743e-01,7.841136353286610738e-01,7.696539075281936260e-01,1.769940623305011063e-01
3.512143720692764148e-01,7.244250585856785163e-01,4.837704198674275258e-01,2.993011793074304983e-01,1.135240915964226549e-01,4.171671892961859029e-01,9.372488045868743178e-01,1.763018690653234966e-01
3.512201555549306908e-01,4.240961204114201966e-01,3.548114832897090176e-01,2.403175620402419332e-01,1.811913077961708474e-01,2.563951649701959878e-01,8.621536853462197225e-01,1.766137133808050874e-01
2.594323604487434043e-01,3.102805580494345516e-01,6.988170686780046381e-01,2.337372564264469932e-01,1.792150511162450000e-01,1.962395108479284001e-01,9.979191710017419892e-01,1.742839074504692609e-01
2.167961469068370173e-01,4.052273011589107021e-01,9.149867626221386274e-01,3.424027931539672664e-01,1.300010288452447260e-01,5.756413726584680424e-01,4.784980983692352918e-01,1.779984589205729495e-01
4.229009908365377601e-01,8.887341502324419551e-01,4.885592171125751060e-01,2.662392139844125816e-01,9.987276237195519268e-02,8.882892628016914038e-01,7.628625669373435558e-01,1.790629546441346864e-01
3.125952213877133401e-01,9.170828702126374576e-01,6.891499862692465062e-01,2.686325262299918415e-01,1.345767397373759944e-01,9.630318199710952154e-02,3.830536463163755068e-01,1.802852647622597837e-01
3.429714603660894978e-01,3.966276925977906265e-01,1.742543715978198127e-01,2.901862020208884063e-01,2.652816766692003281e-01,1.621514053938177824e-03,1.240866725200127085e-01,1.792084107933069326e-01
2.919467619042193651e-01,4.288982947667618895e-01,4.758205921035124075e-01,2.458825524039258137e-01,2.402438425484074436e-01,1.323552591927972810e-01,6.397923650679998575e-02,1.779232103546350141e-01
3.952402432526852527e-01,8.199899038026596809e-01,2.827730253385971060e-01,2.677629414640507188e-01,1.752820415439702573e-01,2.278857826340984771e-01,3.371213977603467749e-01,1.802944239849992580e-01
3.795145570046951078e-01,8.093761139708826047e-01,5.295033963596612603e-01,1.929204969462239849e-01,1.853795358229073376e-01,3.555671866977719864e-01,3.977910766293947797e-01,1.778128068102451942e-01
4.079529714111631566e-01,9.149372799126334055e-01,5.464857805082479203e-01,2.565191060306579729e-01,1.290528712202881900e-01,8.108748050015870401e-01,4.186533673390304133e-01,1.792537232532360192e-01
1.317690048913230938e-01,2.229918405258785596e-01,8.331886562211785474e-01,5.067339747341369494e-01,1.767595659336572422e-01,1.649155294512064940e-01,2.425543773608863085e-01,1.790093023048232868e-01
3.203248138272519752e-01,5.883429626143485969e-01,6.414967894751051336e-01,2.071786245375587532e-01,1.905278616079942866e-01,4.298427641616374140e-01,1.248817020433329317e-02,1.783990848556878950e-01
1.058285751339905489e-01,7.752640036640401355e-02,7.613587146992076837e-01,5.435483977918322829e-01,2.165045023603676955e-01,7.094119560178302475e-03,3.377458778554492391e-01,1.795096762483034958e-01
3.751894551464319272e-01,7.571256842354588956e-01,5.703771772011071439e-01,2.688257352233281994e-01,7.911309194446328186e-02,8.428356316314922214e-01,9.740154594288803480e-01,1.779621187331739685e-01
2.843892391357380478e-01,7.381200905160476555e-01,9.669254531496429550e-01,2.333654441740684871e-01,1.499831040598165743e-01,4.550847316901526218e-01,1.388597212583815854e-01,1.807356660117357128e-01
3.084012909828994786e-01,7.652280008399703348e-01,7.413501317188980755e-01,2.784423204253713147e-01,1.386620216506603831e-01,5.761890631003787622e-01,1.240003658520293928e-01,1.793304498531357594e-01
4.264718317087828892e-01,4.558655240643741946e-01,2.063049902727878138e-01,1.714027751503512387e-01,2.196982582971166997e-01,3.320684073947965387e-01,1.264759960437717434e-01,1.810589569335581683e-01
3.507795147057214957e-01,8.557345070006301402e-01,4.739443447161679202e-01,3.056692597701781700e-01,1.572964166218824844e-01,1.427939493401339521e-01,6.730702210484551529e-01,1.783398966125628871e-01
2.602835805081203380e-01,2.208838352004836580e-01,5.799676946930040211e-01,2.368384059684466858e-01,2.204508862914261458e-01,1.185588539434853650e-01,8.543645874292915554e-01,1.748132792245780387e-01
1.610246648671066760e-01,1.296840291669841827e-01,5.562791231236474676e-01,5.235947301200372106e-01,1.862483513326377571e-01,2.173889269793150558e-01,2.760547351775737290e-01,1.791343807675659094e-01
2.213097238312345671e-01,7.141682401665444546e-01,7.432693442426990815e-01,4.495973859839736408e-01,1.199385250569196398e-01,3.824388095626835016e-02,6.857963190461524583e-01,1.775693737293403962e-01
2.423253791060098195e-01,7.019390914131132808e-01,7.275452355856041331e-01,3.855449104060566512e-01,1.084060455516600019e-01,1.048529441103980830e-01,7.415424357251005905e-01,1.783569677340300086e-01
2.922670746757081717e-01,4.011067636117835455e-01,8.849256391809585676e-01,1.145075809509611964e-01,1.847061999282437195e-01,5.638904196022982429e-01,4.396452870732203699e-01,1.775555179042428711e-01
3.044476362752318033e-01,7.527044615082219003e-01,7.060531332010461236e-01,2.254769600982720057e-01,1.278281224282130091e-01,2.331527344006828484e-02,9.775952557582220370e-01,1.776875232844067065e-01
4.654368015775027234e-01,9.358909275486388957e-01,3.649036523114697061e-01,2.250112418640538847e-01,1.127824742030801297e-01,6.757007122291360801e-01,9.170957891029620779e-01,1.767826398607780514e-01
3.558830935145002594e-01,6.405417913221204129e-01,4.064697710540677855e-01,2.019898395654754208e-01,2.093789912666830511e-01,1.307060218367027682e-01,1.134343558404491414e-01,1.799702482871705644e-01
3.374538479182069284e-01,7.136323808320790274e-01,7.947576475867692558e-01,9.933273525410521443e-02,1.696498741691212231e-01,3.840518969967330332e-01,3.594327591980852610e-01,1.789372877203945778e-01
2.052397221787163883e-01,4.874682429794277572e-01,6.387734357625524106e-01,5.183855447738719979e-01,1.350833527389017907e-01,3.069684985848856185e-01,2.713135800267755804e-01,1.794771110981662476e-01
3.475999531646342122e-01,4.150893881730099988e-01,4.003042044177347880e-01,1.700870880812252461e-01,2.335480789747823027e-01,2.956414082933497833e-01,1.745933843721528267e-01,1.787867356554662390e-01
3.447201490844538085e-01,7.798095477225128747e-01,2.293929624892607766e-01,3.590707222508742191e-01,2.068233882808730162e-01,2.112230521029750951e-02,2.013098158310152597e-01,1.807397602943803805e-01
1.209828766510368248e-01,1.068288910025845806e-01,7.037377369552980655e-01,5.401967948458208379e-01,1.940701399577370034e-01,1.339311746731814412e-01,9.001700827956210516e-02,1.801196610387292563e-01
2.002783016859009391e-01,2.933492608408513336e-01,7.209678557886629591e-01,4.657693061868709572e-01,1.148877231687002592e-01,5.813761885266630625e-01,7.751548212969594509e-02,1.819637175534091211e-01
2.155802540337620476e-01,2.634474935187260947e-01,4.665086193177477303e-01,4.089578550343988539e-01,2.282641452377094093e-01,1.621602066283963639e-01,7.946608602590071735e-02,1.785590069991150330e-01
1.942934172210361854e-01,3.965141818663678874e-01,9.320136596354722247e-01,3.559425373093192402e-01,1.468225383661681260e-01,2.549044177794623778e-01,6.470827349009182772e-01,1.758503033566661267e-01
2.185206375267445544e-01,4.726156391149386460e-01,9.090606455319407697e-01,3.183462329864981122e-01,1.380159825203240709e-01,1.361118453812534823e-01,9.415087156472468077e-01,1.752502072623463858e-01
2.752094755806167026e-01,5.033638270675895310e-01,8.085615443486309228e-01,2.601050493853082624e-01,1.522340091510782367e-01,5.656297929104083799e-01,3.277410272153771231e-01,1.794851102991725789e-01
1.978910096579639954e-01,5.229541249840030659e-01,9.667666155420284735e-01,3.812279145325324636e-01,1.084232509956900153e-01,3.286322933666969148e-01,6.022325029000170638e-01,1.776346032933211194e-01
3.478592220021379244e-01,6.780479265097394403e-01,4.162817795393242148e-01,2.828228161857574974e-01,1.641468861278095326e-01,3.912444616440495238e-01,1.767205578186672454e-01,1.809927490889793322e-01
3.307000891144353805e-01,8.543467775474061776e-01,1.865836913723109003e-01,5.066998565450940850e-01,1.504528824423797539e-01,9.089751510680366131e-03,8.805077962360183808e-01,1.779797307576261867e-01
3.805799618243151383e-01,9.452549159685437186e-01,7.273030901014163607e-01,1.939059122500540744e-01,7.596437528677975337e-02,9.549233439890428832e-01,8.294628172715652337e-01,1.769164132513770249e-01
2.210566280135764505e-01,2.902052075680667809e-01,9.679701237081125287e-01,2.552009193199090697e-01,1.316827738776379375e-01,7.160502808805891961e-01,4.700461636652681907e-01,1.793838212824181710e-01
2.211802703410967186e-01,3.837836980640553786e-01,9.903276492432497857e-01,2.817739149192891590e-01,1.545585971564809036e-01,6.035790404071915694e-01,3.838019717673364362e-01,1.784793000685685471e-01
3.671023428936396882e-01,8.010595657353607457e-01,2.701258756435813146e-01,3.910447854046039118e-01,1.166768366049030087e-01,1.811686509408696188e-01,9.512455808675327473e-01,1.778227731790463506e-01
3.819810084743056611e-01,8.106065474261174852e-01,6.871954986768613605e-02,4.323028021159099343e-01,1.839135224573237859e-01,9.877280090557716274e-02,1.611126601193854091e-01,1.810732295211680831e-01
2.836854256491938564e-01,3.359356546383832631e-01,5.828128082935934984e-01,2.049586025437949433e-01,1.884419058723137974e-01,3.260852087184062942e-01,3.763934264989001188e-01,1.789559227977988998e-01
2.212251648454997277e-01,6.774121580860593683e-01,6.035846165320344348e-01,5.117095438428664878e-01,1.391432987185113601e-01,5.970749902289623767e-02,2.302359238082321014e-01,1.809389965924582400e-01
1.770823474688663079e-01,4.220896094107864926e-01,9.755121722318682576e-01,4.192868367324039669e-01,1.401651973532348772e-01,2.404243756245191543e-01,6.737908433395458641e-01,1.755735390775623184e-01
2.124310282664449712e-01,5.614179989285167371e-02,8.428142112390202279e-01,2.839620382872740656e-01,1.541417335376638886e-01,6.796060109546444572e-01,8.152410862726553464e-01,1.752701314305398494e-01
3.620246027914093001e-01,9.768566873657829053e-01,5.993617086402054372e-01,2.687742180165959005e-01,1.389348290034698175e-01,3.724951569046660582e-01,4.051401253956431470e-01,1.799206833388597437e-01
3.924987394762205484e-01,9.941616082806659094e-01,5.358723131618065016e-01,2.936968676897401820e-01,1.035562433558384343e-01,6.234240950239048340e-01,5.348587732962921670e-01,1.798807826297413037e-01
2.118943586218587360e-01,2.948568479206277182e-01,6.324469753965991092e-01,4.176198196903717630e-01,1.741036086773701252e-01,3.379485009495593051e-01,3.327168537219908351e-01,1.770734827697677816e-01
1.499526547573696578e-01,1.772556081253287008e-01,5.547684666691632405e-01,6.081573202384084054e-01,1.321158972002402787e-01,3.351980098050490464e-01,1.209497012389822990e-01,1.806403974851396588e-01
1.802652198905650427e-01,9.296751592291890853e-02,7.950925825055393803e-01,4.075891170143479680e-01,1.434060265416792213e-01,6.850877169994429305e-01,2.496694012620964687e-02,1.808006855029988258e-01
2.702865235588675641e-01,6.170156444953814878e-01,9.867469818135630177e-01,2.474385183392105725e-01,1.395408389488743683e-01,6.488351241351781873e-01,5.167233527286918537e-01,1.770385591764329636e-01
3.414693326761356618e-01,3.302962126411169708e-01,3.265627352193365418e-01,1.388165632098149749e-01,2.997167479847395732e-01,4.038790966771638180e-02,2.369689988820317117e-02,1.783156443323994367e-01
3.671333392065393997e-01,8.839894713974489893e-01,5.100176027020928426e-01,3.443155424610261917e-01,7.832399558103766979e-02,5.843410664637557206e-01,9.554135356960556935e-01,1.768263915316936608e-01
2.718600922085758209e-01,6.444821622193823707e-01,7.287112463460546641e-01,3.238465807556986098e-01,1.568101999318015083e-01,3.389421750687348078e-01,1.707756103627746658e-01,1.803748862374280892e-01
2.481549116161652357e-01,3.090604207703419037e-01,8.560148586543736560e-01,1.742808487904863868e-01,2.155959647951837255e-01,4.513121365261733020e-01,1.642940733832394251e-01,1.771626239540268211e-01
2.904481067863741717e-01,1.481106401201224831e-01,2.793005733102393862e-01,3.089737579690999270e-01,2.787421885503432728e-01,4.173148567376161466e-02,3.402713718963986667e-01,1.780120889896679159e-01
2.957812594425327513e-01,5.688055320264654435e-01,5.386987536299576718e-01,2.825780793408137481e-01,1.852919206716785450e-01,1.969070790592709619e-01,6.033810439248549207e-01,1.772205403164483217e-01
3.255643521392559414e-01,7.329479507892039392e-01,6.899652423448335847e-01,1.815739287012994307e-01,1.886035707847539267e-01,1.268828824381137976e-01,7.058311904408718362e-01,1.762411894435870763e-01
3.074292345864952369e-01,5.820594676667016909e-01,9.558179666927628659e-01,9.578343040628251037e-02,1.442633836748027365e-01,6.400224313676532439e-01,6.981094163542218567e-01,1.760734892175210564e-01
2.514497118562194489e-01,7.505312781270747635e-01,9.731899436599220632e-01,2.818639909332401050e-01,1.641359327753297015e-01,1.117498409349054200e-01,2.460352880964717659e-01,1.790833358759595928e-01
2.284095278418250274e-01,3.916799529287329218e-01,7.355485869872224747e-01,3.726178317748265467e-01,1.148144725111993891e-01,6.636592110183093807e-01,1.239816601010623187e-01,1.815176014917852798e-01
2.864678026446776937e-01,5.853341207474497265e-01,7.034363431735694006e-01,2.693109119968075671e-01,1.195453873764576180e-01,4.726033275920605847e-01,7.393135113980079387e-01,1.763728631171753436e-01
2.106024808415936089e-01,2.430288119141164049e-01,6.853453005851797286e-01,4.069931129036224449e-01,1.479952857555481838e-01,4.908662473592841913e-01,3.246020745772729144e-01,1.795398178330764594e-01
3.460852440188049717e-01,3.274012736586415784e-01,3.129270488656804572e-02,3.872544380465063885e-01,2.232853572798381703e-01,1.741661245188691476e-02,7.832563109269836676e-01,1.773020725054059443e-01
1.901151112613362060e-01,2.224738624637287443e-01,7.810264312585767366e-01,4.218249454158121692e-01,1.480508132038312330e-01,4.637024382082485241e-01,4.581057123474348014e-01,1.783690008705366703e-01
1.962159691526724481e-01,5.339989153210741302e-01,5.637113442227532634e-01,5.971481327298084896e-01,9.976017436886917833e-02,1.232624894048286457e-01,8.349714689294159831e-01,1.773519126393634238e-01
2.959532268178869385e-01,5.734566940954657355e-01,8.479815812701448907e-01,2.086568090856454893e-01,1.334142035657476799e-01,7.618268962529818333e-01,1.389306849368428520e-01,1.820606831974135309e-01
2.153453233160368963e-01,4.343327185359772691e-01,7.697744922403924051e-01,3.633475356527428035e-01,1.213236567427636303e-01,2.945869457468126562e-01,7.775221583582520024e-01,1.768373895158623088e-01
3.049140353132308023e-01,9.339536933189571677e-01,7.504422731522851775e-01,3.584151405880305896e-01,8.183399036958649564e-02,4.021740478902465221e-01,7.113782054710166003e-01,1.792207785955270138e-01
1.964173072781571217e-01,2.035505574299665832e-01,9.126519906787413650e-01,3.970826509597272791e-01,1.080877667229034195e-01,8.857916959155656134e-01,5.773408367352554915e-01,1.788532874926542227e-01
4.004591496152209995e-01,6.583142767191788591e-01,7.299356767500201348e-01,9.518637991649536723e-02,1.247272017719548154e-01,9.397956371254915231e-01,8.206878681579985457e-01,1.780541822432996912e-01
3.630758334651933983e-01,8.827368061425213686e-01,6.535011544178533915e-01,2.344924190080097115e-01,8.924104294625451184e-02,6.837097554081923434e-01,7.522028883787794662e-01,1.786533877508325041e-01
2.189497502363968173e-01,3.421400189641649048e-01,6.765536487473194915e-01,3.344235686223470672e-01,1.610700569763257040e-01,2.165954327115976463e-02,8.084768258138441688e-01,1.777406180996140839e-01
2.506614250213375916e-01,5.173185589441049448e-01,7.585600505149081574e-01,3.265180487426743716e-01,1.697300691294989505e-01,1.937599156316807125e-01,6.752565890320245678e-01,1.760594661801338223e-01
1.876346181860602258e-01,2.322355196048388470e-01,8.407940036134607942e-01,3.295941671713202847e-01,1.622511883519700271e-01,3.057866705491197878e-01,6.059073005833935932e-01,1.767722968309013987e-01
3.360527308154060422e-01,8.414881479825040422e-01,6.385409906720086459e-01,2.209627962374395849e-01,1.510007348325332621e-01,3.951697736206516987e-01,2.441705859992521210e-02,1.802553960856304871e-01
1.607801311261030097e-01,1.095311371244994114e-01,3.969995400103343286e-01,5.815385138155333422e-01,2.054163112636410715e-01,9.236180417444517232e-02,1.432466459309571505e-01,1.800899975604595415e-01
2.970959550864753496e-01,2.568260709648895190e-01,4.112075767237001744e-01,2.164187793385938252e-01,2.538333254273166251e-01,1.679090227404652635e-01,9.551049882982221018e-03,1.794215480261384110e-01
2.923267118350407201e-01,8.385495020509502462e-01,4.956291375600535565e-01,4.305049874584303549e-01,1.086083326910446539e-01,2.070854984933577225e-01,4.226692649647457722e-01,1.803191029982431359e-01
3.301775686993284609e-01,6.014450238123492110e-01,6.010093578904354139e-01,2.179405851700809138e-01,1.281157279945881466e-01,5.700971262019911556e-01,6.630675204467408879e-01,1.778911925081218259e-01
3.147094369117305890e-01,5.043746793192819267e-01,8.263587409026911246e-01,1.284144478427235170e-01,1.469838657451498221e-01,4.541700998174361681e-01,8.329108772393121196e-01,1.770326969518822013e-01
1.308218031259929803e-01,1.380973716773907789e-01,6.628191119298184608e-01,5.585916031891982048e-01,1.809393835301858211e-01,2.347132905484367871e-01,2.362453398697167972e-01,1.779828559323828052e-01
2.421242264095435082e-01,4.947361265300364574e-01,6.403200016867626188e-01,4.074485841747860215e-01,1.186284709112007951e-01,4.964373277376036286e-01,8.388982150002982641e-02,1.813270760947685578e-01
2.925081839366270864e-01,8.540006135355946437e-01,7.497531931141481198e-01,2.926407015785036370e-01,9.680822037534432545e-02,2.455299772983834672e-01,8.375994360022940288e-01,1.774622624693293071e-01
2.791413180458856558e-01,5.020286011901036183e-01,6.047591595023329436e-01,3.157530618207604611e-01,1.876716365579683132e-01,2.740399073631423210e-01,3.674810069149760383e-01,1.784570096131284922e-01
2.664703223241933761e-01,5.125236737334880610e-01,6.763944297271138328e-01,4.120639812700044313e-01,1.058088866459356570e-01,7.242246053523220262e-01,7.607750017827229483e-01,1.758779263797982939e-01
2.171326118779443592e-01,3.131202242221340915e-01,7.323207751395099940e-01,4.293483811438233988e-01,1.161837015443138443e-01,7.153393285854361405e-01,1.116218955979278449e-01,1.804835446172433078e-01
2.169844608367856864e-01,4.897554348331646934e-01,5.725547139128243090e-01,4.564346842980161467e-01,1.889329789352460764e-01,1.231685892948649053e-01,2.717480091472652681e-01,1.784387637548731365e-01
3.693159841206972160e-01,5.821280496526018977e-01,3.257578544521248509e-01,2.304532940699810795e-01,2.392440530418038502e-01,1.575927121202901349e-01,2.846088922982216718e-01,1.776867283285150367e-01
2.862410007822725477e-01,5.259878218094280466e-01,8.263730155150255108e-01,2.983162287636978438e-01,1.065397354905686378e-01,8.947143625552440582e-01,8.468413774812482142e-01,1.757361777187890217e-01
3.284255378938225056e-01,8.981499446817744481e-01,6.657463811501679318e-01,2.567847194823084656e-01,1.441092217517797036e-01,3.071041554742690582e-01,4.287867584864984982e-01,1.785940813275911643e-01
2.454285648432316669e-01,4.636479716006911556e-01,8.790845309001319441e-01,3.793419347517717477e-01,7.107092408362791769e-02,8.184638379083186699e-01,9.813608165792719884e-01,1.754592558648210565e-01
3.208231010435659281e-01,7.641935610294805503e-01,7.085005095004149878e-01,3.018159410709853052e-01,6.916504697984957040e-02,6.585333836261548779e-01,9.698092658868422422e-01,1.776601599656280617e-01
1.353424751424274763e-01,1.975952848179792776e-01,8.172739158001093296e-01,5.102882956400985881e-01,1.792818379436512954e-01,1.971432561711722875e-01,7.470961450296970119e-02,1.799649635146274851e-01
2.426421700929686232e-01,5.701568018149132389e-01,4.091215999738446740e-01,4.827474627446839972e-01,1.758617586300793567e-01,1.228722013393793722e-01,2.139266619699248806e-01,1.797991654481290169e-01
1.848166015932562189e-01,3.183968358532121012e-01,6.899850938348377483e-01,4.315694332528345334e-01,1.581284414380144110e-01,9.042762074360094493e-02,6.637940522833921664e-01,1.778616576805601979e-01
3.584111177434644024e-01,5.265500891200084466e-01,1.577476250989945372e-01,3.575727295993670896e-01,2.497063070249385675e-01,6.527836330750969029e-02,5.440489510613971680e-02,1.807193577558709463e-01
3.023532399166821705e-01,6.535763254223656560e-01,4.846937614078253853e-01,4.223793464300572564e-01,8.961536635647908422e-02,3.906640536395158403e-01,9.328101507069503917e-01,1.777736491340294045e-01
3.061041329818758316e-01,6.965013300142183228e-01,7.128266315276269305e-01,3.691960709949690944e-01,8.396978247020166208e-02,8.891393698099230303e-01,5.298679875366436587e-01,1.786028500839056121e-01
3.116726966209378835e-01,5.662277307068465104e-01,4.686734374297584771e-01,2.799584839825837723e-01,1.934696773459007035e-01,7.763181629044058063e-02,6.863927580477185986e-01,1.784680541536881881e-01
2.022839358151083955e-01,8.211667433855068809e-02,7.419021884976084724e-01,3.796986289161833339e-01,1.631634653425169390e-01,6.164430528474030835e-01,7.277145458920667442e-01,1.754204998352503764e-01
2.299208256796663186e-01,3.808357192709923567e-01,9.748959323880059813e-01,2.278680891922261753e-01,1.644118805256958304e-01,3.951515456658251102e-01,2.627827842422014726e-01,1.793328110961386612e-01
1.737568967588856150e-01,3.098594753369783295e-01,7.963653003754636028e-01,4.198751464853412996e-01,1.486572263174930075e-01,3.224664727161093980e-01,3.800525851470114569e-01,1.793592193007663149e-01
2.062126723014288676e-01,4.560354694934019570e-01,3.788624822091343214e-01,5.956855084610002127e-01,1.565744555669479343e-01,1.067924671445845131e-01,3.316617524263241190e-01,1.794055829296626881e-01
3.085113600489358121e-01,7.320495858193014627e-01,4.123532640480561118e-01,3.249685607734434378e-01,1.887271022240388785e-01,2.491831593064719463e-02,4.005197166999183156e-01,1.794264260611148354e-01
3.871471130460640842e-01,6.418656087841049240e-01,9.717245062042828563e-02,3.688195342910767227e-01,1.780755042053072668e-01,1.318421354269955215e-02,9.577151288825024311e-01,1.777800905517920860e-01
2.959836029987559791e-01,6.891170342679064920e-01,6.481586956394811416e-01,2.882708993344570425e-01,1.805242707229256505e-01,2.650026967693399071e-01,2.280883852297997949e-01,1.771802974804359831e-01
2.248055884499700618e-01,5.456544889690536637e-01,5.058094038783769175e-01,4.986983294833271518e-01,1.178309528368623460e-01,1.555018927031831533e-02,9.274881864769903839e-01,1.785129512197436707e-01
2.970908650875834778e-01,6.272390404258074703e-01,8.642279398388816869e-01,1.132691506855483254e-01,1.808017263204546310e-01,2.417853395852993525e-01,6.662629123367735939e-02,1.811230517216992630e-01
4.568911769230568076e-01,7.288469142319650151e-01,1.707327016554842092e-01,1.586879828434613338e-01,2.612261051453898530e-01,4.856877811929793953e-02,4.229369611073002799e-02,1.806175006623003398e-01
3.230379932644061869e-01,7.303191036492062693e-01,7.530386852813191201e-01,2.358629866218971971e-01,6.655165293553466643e-02,6.685767100512099992e-01,8.970028921136927735e-01,1.775899879988543928e-01
1.775277890559372462e-01,2.931987771812424315e-01,5.918806899107207364e-01,4.910491937004030638e-01,1.879155775996942113e-01,3.884286747254761529e-02,2.247797057118035013e-01,1.805936533012747203e-01
2.929317799356708774e-01,8.099234510899364636e-01,2.960458930868378191e-01,5.065826452151631631e-01,1.635054860642977115e-01,4.254789462029828773e-02,2.469884036428230956e-01,1.798166576958106222e-01
3.929729796458126811e-01,8.268558021420895354e-01,7.604716890227248838e-01,7.058427581221246583e-02,1.230521173359036546e-01,6.603343928866594048e-01,8.914625964325105789e-01,1.767816684771584268e-01
2.803314773716659158e-01,4.573263301812930948e-01,3.880338813082220284e-01,4.369643446677252130e-01,1.015922297091140514e-01,3.663793563031689793e-01,9.319737881056369133e-01,1.767164068092619833e-01
3.016292055841307551e-01,8.817410874126605513e-01,6.730025989363073169e-01,3.544299064908740249e-01,1.044854388122049560e-01,3.889867817674858008e-01,3.225321437732403540e-02,1.807082207118959338e-01
2.869837445113894714e-01,4.508407561903471361e-01,7.355124743761057848e-01,2.643690297496305019e-01,1.283429551011591729e-01,6.264255184340805638e-01,7.712434782571956360e-01,1.759581965898495970e-01
1.730617028788108414e-01,3.592494040874908978e-01,8.483130765394613082e-01,4.200885738948358372e-01,1.795065131289177718e-01,1.132215294349926404e-01,3.860807342884268190e-01,1.765664466918204223e-01
3.449705866776088814e-01,9.129672997319789873e-01,3.947873141279388820e-01,3.828481683302719096e-01,1.402891678788295848e-01,1.094600742316970687e-01,7.063860022225498803e-01,1.792631347736641789e-01
2.761697508626793085e-01,6.543574189988591305e-01,8.315047828618411518e-01,2.599552248854204439e-01,1.773947357163989658e-01,2.066668212729582954e-01,3.549202617889964939e-01,1.781421169208965982e-01
3.400229496447069177e-01,9.551545163987602560e-01,4.475870032169964041e-01,3.468959491562378927e-01,1.310759196333596832e-01,1.467511159053821179e-01,3.404451432002846278e-01,1.808202792045529306e-01
4.321261605682013562e-01,8.120059456363288852e-01,4.592195417748225483e-01,1.939114077105610345e-01,1.264763021279402544e-01,6.425064103709996477e-01,9.817400705770826796e-01,1.752940960608447285e-01
2.518763813124628159e-01,5.306268333932423475e-01,9.618509391732898983e-01,1.781407601541757646e-01,1.741181721923914516e-01,2.666782759960973914e-01,4.447844482684917278e-01,1.789599717023064585e-01
2.872124989683322305e-01,6.873644732568197080e-01,8.160479174943942038e-01,2.326355567370826938e-01,1.413740106891025194e-01,9.209049983907408032e-02,8.199090688563861473e-01,1.770505229793558066e-01
3.298987277659226058e-01,6.918807729232656634e-01,6.714606245729746181e-01,2.422871805345373775e-01,1.635460277077528113e-01,5.321072391323702355e-01,1.796556286510912481e-01,1.782305346689986580e-01
2.355511771540251820e-01,2.110868398905849097e-01,4.686016998522759547e-01,4.565437068490466599e-01,1.555565437761763092e-01,5.755973118803743294e-01,1.262028609548820346e-01,1.787466806859363821e-01
3.534102472276325901e-01,5.455194924871493711e-01,5.617013904153969062e-01,1.622075285911813991e-01,1.534988429725664683e-01,4.108818565811084844e-01,8.551115284639534408e-01,1.776155543082024446e-01
3.695498648423273802e-01,7.921426231875687840e-01,3.835045392873980830e-01,3.136343891523269978e-01,1.680779739311416554e-01,3.159922982707930039e-01,2.758627973432825620e-01,1.801849625298277413e-01
3.090285219496462510e-01,9.174383643241088571e-01,5.106396177666536751e-01,4.093196254472725726e-01,1.152910698285092156e-01,2.052925533890109233e-01,3.545952899094627631e-01,1.796143568676105140e-01
3.654784045201011633e-01,2.149180204743622036e-01,1.926061150397108679e-01,2.177743724081906695e-01,2.624019220368031258e-01,1.362798359400554937e-01,1.930592053157322296e-01,1.788864573303513283e-01
2.707869894378995834e-01,2.491930891430734762e-01,9.573540276560452700e-01,1.442381543836505076e-01,1.261035332391825803e-01,9.495680438109571631e-01,7.987326087193455937e-01,1.772329019359861202e-01
2.621111500853195442e-01,6.494888322951990478e-01,7.455145675563306096e-01,3.656621673650614079e-01,9.606053772791603440e-02,5.364021836004650989e-01,5.143661125767642339e-01,1.800070302250206256e-01
1.818699037632465487e-01,4.132124697112302680e-01,6.473799522107885895e-01,5.666787068014216278e-01,1.225457789241186368e-01,3.764568954597888872e-01,2.067039190033023166e-01,1.793272181385097974e-01
1.538461205886135774e-01,1.922892295362647053e-01,7.220553295169187535e-01,5.025553369800866976e-01,1.757114452709664376e-01,1.491796479313036439e-01,5.357541022306662182e-01,1.775527645080450245e-01
4.245390973747113494e-01,9.379958147927180967e-01,6.033463304486551548e-01,1.786320703231005225e-01,8.136348929087414139e-02,9.903368097766488409e-01,8.320155039671610631e-01,1.786962718651662341e-01
3.749402901380187725e-01,9.453399059740266175e-01,8.953215057856713788e-01,9.734691383209240212e-02,1.199401408432667904e-01,7.770188428619606569e-01,6.662279620668440927e-01,1.768306811087230757e-01
2.317664577994763553e-01,1.689279543022752517e-01,8.819083778181164845e-01,2.172109978209140202e-01,1.533837146966147702e-01,7.445929335248266945e-01,3.756390631611072894e-01,1.792667348852393927e-01
2.245725050009730883e-01,6.498377687362173472e-01,4.761325673589490437e-01,5.360736974072051186e-01,1.783235298947452863e-01,2.759130140087107108e-02,8.277328930028965415e-02,1.800452389696199085e-01
3.947769971853582471e-01,8.803876057925181797e-01,3.683123958831298617e-01,2.747153913101014200e-01,1.249875219033482754e-01,2.749338853229881807e-01,7.656241859010894935e-01,1.793676249641006915e-01
2.608117172802043582e-01,4.037359192402413255e-01,5.286148939111487977e-01,2.562100018823670888e-01,2.237020554301102360e-01,1.317667097490404782e-02,2.247368609957947627e-01,1.802726991260314160e-01
2.102075651990720773e-01,3.544456585320648889e-01,7.897132198329649411e-01,4.131179954641706065e-01,1.305873036588112435e-01,5.601304867473679838e-01,2.036700379785484905e-01,1.794348657175010298e-01
3.372196068971077265e-01,9.473266276932451602e-02,3.449964028497491397e-01,7.751995842914505275e-02,3.137951921828905366e-01,1.943772592575609970e-02,7.381589432208107704e-02,1.789309432215870355e-01
1.821017221168815259e-01,3.461612039914039318e-01,6.521430609495360020e-01,4.393993007617932323e-01,1.773596048736113262e-01,4.890929206723027001e-02,4.060769887532919009e-01,1.791478582149518550e-01
1.480902583307423248e-01,1.860701676566058893e-01,7.529149329840351124e-01,4.434630659102017924e-01,2.057800929862136641e-01,3.860960283484748956e-02,3.626766674250054834e-01,1.779087689353415214e-01
3.523343589865217118e-01,6.117617743316066115e-01,1.739637088844740997e-01,3.689613248073804752e-01,1.867296658053224090e-01,1.787917866546092083e-01,1.314202626932253759e-01,1.814317834119980044e-01
3.137687231110525277e-01,3.346232386960241723e-01,8.523936354455199371e-01,9.702938675153535697e-02,1.757324068835159903e-01,9.077805981045317107e-01,7.187174641663521824e-01,1.751547092727389343e-01
2.277285292340900935e-01,4.507412962954655544e-01,7.064793703625007470e-01,3.503781069257326797e-01,1.567740720412425792e-01,3.134642574300607887e-01,1.338829924267037619e-03,1.809087999055187801e-01
2.434842971223541985e-01,4.722596522561329224e-01,8.210773830255955197e-01,3.223976753008814256e-01,1.317845505747375634e-01,3.869115088361197441e-01,7.841300125459247372e-01,1.751027727320882410e-01
3.021509310759227795e-01,7.634980726444970944e-01,3.599648255791277895e-01,4.476923174859489540e-01,1.310356435744254866e-01,2.200794543908377310e-01,1.667760370470722786e-01,1.810818820980222010e-01
2.229020020269072422e-01,5.056880276776832828e-01,7.001836747773494407e-01,3.699310981493858508e-01,1.354885884832852105e-01,2.555181936558669209e-01,3.271760316455029072e-01,1.806152076538919404e-01
3.535633667846193595e-01,8.317606271236674953e-01,8.402262218630820456e-01,1.603088139493923370e-01,1.607666062728740908e-01,7.588385958876298076e-01,2.766914091007709464e-01,1.789744779995614266e-01
3.867485919406807859e-01,6.124551010158810760e-01,5.996141052298290530e-01,1.642951769453751265e-01,1.545840331835107440e-01,8.023835638132001957e-01,7.350117559311877269e-01,1.765713507551675276e-01
2.885785288237084911e-01,4.700761089791828939e-01,5.289403173101270283e-01,2.564201617334290750e-01,2.335752232999698252e-01,2.966546403521075348e-02,4.092644997235714843e-01,1.772544129049120065e-01
3.482888498850446046e-01,3.218849147100288910e-01,2.571726659259434555e-01,2.774745595791454633e-01,2.052863906141120798e-01,3.528312270733378053e-01,1.591650191852451157e-01,1.802196768853565889e-01
3.329592637015901802e-01,8.375964341791517498e-01,8.106504490745892744e-01,2.250298821469842447e-01,1.132283162211971672e-01,5.963653998151892122e-01,7.486392011478398834e-01,1.768584106433479519e-01
4.338054276404480492e-01,7.791527214371108956e-01,4.178551883670433287e-01,1.516009863248514722e-01,1.703672730542054314e-01,6.563416260162215909e-01,3.215667593249593725e-02,1.811617711558149157e-01
1.944864028522781396e-01,2.625002408531530440e-01,8.425937723475022123e-01,3.855193182550140651e-01,1.210769371507419701e-01,5.374700776531030622e-01,6.308563137243824448e-01,1.777268560162416078e-01
2.192623348612364464e-01,3.687564469425967384e-01,8.534065976712530421e-01,2.724301386571281736e-01,1.658141201435430201e-01,2.356247782243437172e-01,5.891132817535625898e-01,1.784921589305537015e-01
2.473450278583981532e-01,2.981229511665924869e-01,7.845923179710518891e-01,2.016762120164276029e-01,1.754524974093070455e-01,2.683168290203543083e-01,7.624843602328457148e-01,1.752686400825806678e-01
3.783990279334424889e-01,5.584993467647324517e-01,1.112938832849621473e-01,3.819333489543854654e-01,2.059958340388758913e-01,8.116050752403852764e-02,8.173917288803447256e-01,1.772651952200847425e-01
2.825040164511217755e-01,4.695019557085710615e-01,3.112105743687647030e-01,4.254115764626766327e-01,1.595054111674716335e-01,3.413609075607082488e-02,9.346314501983363776e-01,1.780950275696396023e-01
2.538607934706926805e-01,4.359711555106957626e-01,8.451322161526122478e-01,2.144359737615087469e-01,1.725020876155200500e-01,4.580510890295622084e-01,3.270692331660281504e-01,1.772128882500638714e-01
1.949457300185690467e-01,2.479601107211391597e-01,2.463354359570832930e-01,5.944084507949261020e-01,2.311826818719611987e-01,2.786708791529424190e-03,2.914243164170819966e-01,1.791471226686914830e-01
1.636450221724844445e-01,4.481593456729215941e-02,6.932632513148271336e-01,4.891466267132802415e-01,1.504915402771036248e-01,4.451426356891282632e-01,7.985137381650095900e-01,1.754978415759125832e-01
4.095188363912641849e-01,4.977573369278546767e-01,1.280046710775236130e-01,2.068360275533742132e-01,2.778721632629257421e-01,9.813369438107422127e-02,1.002260493655469098e-01,1.790095982749642378e-01
2.607561226942026189e-01,4.141987027702291324e-01,9.120935829560266050e-01,1.250481473660305931e-01,2.106874821583793744e-01,1.762228353877641485e-01,2.401987237310097556e-01,1.788688221046505211e-01
1.388020924937367895e-01,2.720383282078464582e-03,7.641565942766002095e-01,4.455006019976124332e-01,1.760456097379192453e-01,1.797148903773088668e-01,9.226660984375030239e-01,1.758845345278589600e-01
2.423758718291484371e-01,4.528907385648666128e-01,6.683678160741260976e-01,3.575829074285389320e-01,1.567726029377034258e-01,3.606971273654340226e-01,4.068020239350415013e-01,1.782125509948691566e-01
1.142989472288211406e-01,9.822131943004769328e-02,8.663170528118293579e-01,4.670872818538218674e-01,1.961842360910735772e-01,1.223261119986298606e-01,1.510349894565786166e-01,1.797445004839249572e-01
2.470979674282589023e-01,5.682587872131074080e-01,7.590489438890186680e-01,3.806195883492926035e-01,1.372686244294432645e-01,3.716618536331833811e-01,3.488114917602050946e-01,1.798595805490469657e-01
2.925104927851045478e-01,7.674061284276463279e-01,8.669961379573837279e-01,2.402889800939529419e-01,1.200937197262849504e-01,4.203088354245001490e-01,2.109836587255026763e-01,1.806301153989013919e-01
3.588907282806572119e-01,8.774164674025106692e-01,4.682468526857918034e-01,2.747622021081966293e-01,1.344213619175829433e-01,3.054938686180362906e-01,4.505820111144910323e-01,1.800383504772442578e-01
3.080140906642143683e-01,7.404348474694089077e-01,8.431687691840459298e-01,1.689264752142033421e-01,1.352047731739727254e-01,3.475729419275737087e-01,3.368215020063367038e-01,1.806833022186595528e-01
3.056598840991237576e-01,4.706471503561410197e-01,5.303911849032307835e-01,3.262756911557177508e-01,1.174621865247093278e-01,5.719548270385583777e-01,8.019042338275839121e-01,1.772383005983872994e-01
2.056980883198621379e-01,5.332145577891457267e-01,6.312555286124816867e-01,5.126472096716341298e-01,1.543522776020016529e-01,4.107625914384305243e-02,4.897117162625441167e-01,1.791407172954642690e-01
3.352841424248304003e-01,5.913428063973742432e-01,9.354116458576893223e-01,6.032350646477341316e-02,1.809044796557999213e-01,7.319961343510570373e-01,4.138974093778000629e-01,1.772120606245080610e-01
3.948563029739127761e-01,8.114974667610592718e-01,6.642511386645888471e-01,7.230286562102256065e-02,1.508070012991832576e-01,5.036263514198894287e-01,5.912959714588353899e-01,1.786488318665970798e-01
3.517798177944662097e-01,8.037195216771482187e-01,2.423401859535301295e-02,5.500484543502823787e-01,1.738509741283733867e-01,6.084511745857196230e-02,2.413537358955853418e-01,1.809520500953391287e-01
2.536210487713810302e-01,4.727047591050520525e-01,5.316399691152621232e-01,3.420936285624766593e-01,2.123723566169440358e-01,9.691955680353747660e-04,1.527257492363287561e-01,1.807846755908944503e-01
3.768539104563936593e-01,9.354163834618859363e-01,1.265894490522830873e-01,4.672002704816395902e-01,1.440712730723834323e-01,5.859444452476264553e-02,8.931656915271526387e-01,1.789848933238378237e-01
2.343642708944113640e-01,4.026609219949187635e-01,6.713122776383135815e-01,3.490836897319144483e-01,1.762391503740197429e-01,2.055078613761852635e-01,4.412783915087305497e-01,1.795568298394935869e-01
4.462976270117266497e-01,7.804364801052326994e-01,1.894092786595512612e-01,2.027706325873675497e-01,2.504565934049250986e-01,1.296228865118384532e-01,3.755268666008815259e-02,1.796812069924233757e-01
3.507563619288787682e-01,9.609390278828568999e-01,5.813527462859079398e-01,3.533556134327207054e-01,1.108757299893503995e-01,5.302797578580410454e-01,1.362883835066257543e-01,1.804898996647948672e-01
2.438967558034619287e-01,5.574667963520388847e-01,3.217660363056943362e-01,5.683779436662783624e-01,1.243896905038020112e-01,1.287583840813721348e-01,6.777819455737483789e-01,1.790334325648615110e-01
2.872209071752149789e-01,6.366910964715243315e-01,7.114569758454867276e-01,3.651622194068975258e-01,8.721058900186248741e-02,5.920631215928041646e-01,7.012940175261062059e-01,1.794277083399156980e-01
2.440461979444545904e-01,5.237109430730202408e-01,7.169072973301366947e-01,3.909796412490437190e-01,9.800503264468135578e-02,5.474994326830447955e-01,2.119304523691952769e-01,1.816686636915474662e-01
1.468018530673926847e-01,6.595004392235503943e-02,8.210034646598198815e-01,4.618348801208854715e-01,1.614532948892053732e-01,4.355378123250591704e-01,5.374838302950354363e-01,1.768987490200340795e-01
3.111071092354283918e-01,4.689839525980065704e-01,3.500361429233598276e-01,3.182469236459719020e-01,2.075233590624511182e-01,2.502276529320399123e-01,1.221288033047213673e-01,1.794036891349893303e-01
2.523493767757943873e-01,6.341085065400892118e-01,3.905261624191389558e-01,5.045310009367074411e-01,1.027324794012463710e-01,4.564805296917212596e-02,9.416672631757785350e-01,1.782134366388853641e-01
2.864748685656803295e-01,2.644491317564193755e-01,5.488067997518738528e-01,3.393346986697330925e-01,1.027337127593032362e-01,7.410057890252412793e-01,9.809973065897121813e-01,1.761359349110829808e-01
2.845990763179835348e-01,2.351409698225003231e-01,7.950935763259281419e-01,1.611640648403941389e-01,1.838660092270979485e-01,7.032937877592694287e-01,5.049425525052262387e-01,1.782369890043777605e-01
2.577551463354913475e-01,5.509628943401572165e-01,7.276064969122875148e-01,2.926422202632126823e-01,1.587983558883193091e-01,2.365587961295837205e-01,9.144888341067369808e-02,1.825916231743398566e-01
2.449295191497107838e-01,6.725652507649684253e-01,6.162292294939188952e-01,4.898215927170058714e-01,9.375908446423815434e-02,4.379040877187397873e-01,4.328769241859260486e-01,1.792811998753884306e-01
3.239060559986481902e-01,2.426242097534769826e-01,6.618570739993966390e-01,1.910486190096090664e-01,1.576200044181491344e-01,8.983500316703253441e-01,6.149881673010971772e-01,1.777696348434065765e-01
3.344821855948846290e-01,3.675676998359285741e-01,2.209249457186454602e-01,2.984328126218618316e-01,2.214969242113054015e-01,2.678600964618599312e-02,7.630780414119653354e-01,1.776480547788051589e-01
3.957986654295894691e-01,8.189267822521906215e-01,2.839644265367834430e-01,2.823223336172952513e-01,2.105577226254222722e-01,9.497066441571988538e-02,1.851538835685584972e-01,1.809208043563022283e-01
2.859038216380578867e-01,9.524522671952579955e-01,5.835734169185264886e-01,4.384543297734804779e-01,9.188226286399722720e-02,5.553288283081680987e-02,8.930074036988415731e-01,1.765732737329733237e-01
3.593292061263429482e-01,5.682986836475151238e-01,8.356167860476049203e-01,7.455998109971428978e-02,1.394212214844352538e-01,8.348489283756104218e-01,8.517481343826474038e-01,1.760985931735564725e-01
2.321661933713631554e-01,5.777657251424985763e-01,9.519903338137647442e-01,3.409304736329402674e-01,9.668980100469823369e-02,4.212115064942080767e-01,5.738005810962762965e-01,1.796342671784410261e-01
2.411391072050128315e-01,2.853821408684000804e-01,8.491165451654352214e-01,2.629187657841215442e-01,1.492988674823470252e-01,7.704904610760183736e-01,8.045003910684034309e-02,1.818690993510817533e-01
2.392977663247329301e-01,1.576793253898450264e-01,7.546818753325584828e-01,2.431996982462833745e-01,1.472030470441829109e-01,5.168691072325638514e-01,7.418845506667488543e-01,1.774125806880885448e-01
2.631411684057993194e-01,1.114678821706882594e-01,8.599039650900520693e-01,1.822216977097382840e-01,1.313153891990560540e-01,8.823508088502854951e-01,8.713911030342984532e-01,1.758477588080398224e-01
3.092060683170755886e-01,8.547404846211588136e-01,8.887288443678658112e-01,2.169983736535997243e-01,1.361660944066889756e-01,4.682474792025600463e-01,9.751720016881515463e-03,1.804940575074740206e-01
3.029825406808460131e-01,6.509571518134835699e-01,7.113057969614280385e-01,2.696753868019029499e-01,1.412632293718530940e-01,3.848040399192370065e-01,4.143406906999775874e-01,1.803159741656841508e-01
2.356422744127032454e-01,4.635980930256186072e-01,7.893451435257263782e-01,3.443655665722198944e-01,1.219208072417758970e-01,3.841448029573788503e-01,6.860318059664991530e-01,1.783084475322930240e-01
3.083082455202215133e-01,9.088511411289417197e-01,6.902030814704730455e-01,3.582740196279558531e-01,7.513389806471183763e-02,3.020268549831527372e-01,9.299567577667606777e-01,1.773393716369336126e-01
3.323405344321574417e-01,7.968223601434104575e-01,6.161676164207882112e-01,2.457050547087116787e-01,1.568161462565819397e-01,2.186591208186826341e-01,6.498027592564101784e-01,1.767261735527751176e-01
2.599133239346188562e-01,3.372322028483116796e-01,4.493475385083012252e-01,4.289487321753651106e-01,1.406527547110333065e-01,4.946488857780602655e-01,1.358375378415747070e-01,1.802069367476206441e-01
2.821508826192926644e-01,3.012265361719261847e-01,5.784803079583641372e-01,2.821225833664954274e-01,1.506269493566341766e-01,3.879149609611496352e-01,9.852147953943209968e-01,1.750993612729095927e-01
1.974446298993479398e-01,4.879118450284675168e-02,7.958240940189850177e-01,3.365997095467174738e-01,1.822653788265638786e-01,6.730844649954494940e-01,3.985076800208114944e-01,1.763238945574383543e-01
3.015043753940631621e-01,8.059316909246339034e-01,5.317020453042031747e-01,4.118114048836018504e-01,9.827769766665840623e-02,3.099245074825737190e-01,4.625749535094829668e-01,1.817534080739539037e-01
2.374355146025745045e-01,1.995171659829766964e-01,7.061369233020757807e-01,2.607682633593286781e-01,1.781337813833282213e-01,4.418678580325751115e-01,7.082938919218790819e-01,1.756193682408117018e-01
3.494525328103022521e-01,2.886475245422346902e-01,2.743106313604594670e-01,2.478961320412196856e-01,1.703860129503313448e-01,2.153914782140710082e-01,9.993216179380554065e-01,1.766716801907055046e-01
3.828738813951003683e-01,5.592492404045588117e-01,5.626472420042114564e-01,1.756453060348941719e-01,1.632378115751322856e-01,7.551324018787211045e-01,6.856323029882863684e-01,1.770224101271487549e-01
2.899013651095201372e-01,5.754341706066045115e-01,6.892747193284525231e-01,2.959515599179501910e-01,1.394995187322427832e-01,4.263251087074375612e-01,5.215231814926614140e-01,1.796118728898793149e-01
3.548479019759167019e-01,8.636059582619080022e-01,5.677125610910259690e-01,2.556799606559383986e-01,9.971911032525310192e-02,4.094881158861769510e-01,7.595408854460777848e-01,1.781417769089582437e-01
3.590188761827509123e-01,4.855051700052937513e-01,6.300706470143455640e-01,1.572240242096313301e-01,1.573068881931626029e-01,8.566197633845666903e-01,6.173754782842455491e-01,1.783367551206874735e-01
3.054956059087783893e-01,2.487401251662124113e-01,1.383016818264691250e-01,3.480397290813463940e-01,2.684785802228685236e-01,1.057885031894245653e-03,8.737801871705630496e-02,1.803697911231486317e-01
3.592179444762376161e-01,8.217289096268707294e-01,5.502827046333867989e-01,2.041448054662563516e-01,1.587194130924959035e-01,2.455804678742092573e-01,5.063719438437325193e-01,1.790918813152413414e-01
2.349175719698496367e-01,4.629794575734339501e-01,8.879241925345084940e-01,3.029586066770079689e-01,1.313467412167553805e-01,4.589790541365561527e-01,4.712067696660787730e-01,1.793346002645519743e-01
2.909033335301006162e-01,6.167393569701674627e-01,6.073668355914338957e-01,3.335882597360271817e-01,1.628969231652502014e-01,4.478370593930984800e-01,1.456015783540120512e-01,1.790141051267991612e-01
3.122075662153785403e-01,8.351387547045830972e-01,6.539864144169307281e-01,3.571347633371698138e-01,1.179242913017090472e-01,5.823214143595984993e-01,4.698978819380340566e-01,1.774244953971051697e-01
2.651365368667749634e-01,6.310236941829455715e-01,5.334557935971984133e-01,4.333680415503591288e-01,1.182011822119591327e-01,2.363620319539750103e-01,9.806089248868463670e-01,1.744854404086187694e-01
2.199808740507619986e-01,9.559514958760639836e-02,5.930900232833884456e-01,4.071937825922857801e-01,1.331986746297129653e-01,5.603812758547624950e-01,8.479754170736520935e-01,1.761053709070824480e-01
2.316680873678602925e-01,1.403018244728592712e-01,5.173909436206869383e-01,2.918051320947121496e-01,2.265634856991435020e-01,1.592028631422679474e-01,3.028450076969947391e-01,1.785413158730533856e-01
3.711565666644383588e-01,8.615616564962731427e-01,4.750394532167911965e-01,2.193015423510158435e-01,1.547288817421893226e-01,2.189652207422453090e-01,4.031437785367926185e-01,1.808749486368985415e-01
3.035147947731428597e-01,7.408830606665810503e-01,7.012371242407966498e-01,2.432644104319638678e-01,1.351056374244873903e-01,4.443169823077299796e-01,1.383251541065868562e-01,1.800253893554737694e-01
1.773397262245493267e-01,3.339903040653198207e-01,4.816955492708317466e-01,5.703385577657644756e-01,1.440986426805699605e-01,4.273113109467463477e-02,8.790262704699712826e-01,1.764053075625932054e-01
2.896886837473079956e-01,8.001584770987651973e-01,3.745892731032688938e-01,5.319168869484559581e-01,1.023914843855926876e-01,2.299521413506617207e-01,7.229968516212180729e-01,1.771842778791108963e-01
3.042789524439347137e-01,9.905793513947309670e-01,6.850880683054185738e-01,4.094548167420737350e-01,6.525962603151316821e-02,4.247558142724640051e-01,3.902663015865830420e-01,1.812747710997591744e-01
4.182418297494688297e-01,2.015233995153584146e-01,6.623964489639427855e-02,2.430270396428835800e-01,2.213523875171564126e-01,3.334304349399487277e-01,4.819369580582744117e-02,1.806229035930070337e-01
4.461475435632055175e-01,9.278627077124590450e-01,5.136204569719137192e-01,1.499718698149804519e-01,1.198936799668591097e-01,7.186318359040394510e-01,7.030736177290193289e-01,1.786587772222769932e-01
2.847485840532616996e-01,3.669062072367966776e-01,7.225320492755590296e-01,1.872434444738736992e-01,1.907000992664786843e-01,5.331491304947630905e-01,3.931892216698690268e-02,1.806521141948412845e-01
2.876057159586932199e-01,2.502856705796558390e-01,5.555219905034227690e-01,1.744028652488322784e-01,2.339586623855246517e-01,3.188713887953167347e-01,4.893511103361447567e-02,1.783694081405999832e-01
3.653517648292852193e-01,7.608333653605936497e-01,4.949336410872199332e-01,2.616006493925184251e-01,1.432748954922669349e-01,5.566946250158454346e-01,2.534271157493421800e-01,1.797653780102692334e-01
2.742394123414165774e-01,9.203097761297374113e-02,8.827217962419091624e-01,1.200215776994909000e-01,1.465045885808627379e-01,7.971474890768653898e-01,8.969774279426989683e-01,1.764952382812994547e-01
2.726702489591537604e-01,3.861338218095315966e-01,9.942972545252508620e-01,1.529399884747263405e-01,1.587045523768614297e-01,7.389379220156446770e-01,5.827242774899665800e-01,1.771037392998356108e-01
3.100129733355680983e-01,4.608416313317796331e-01,7.637731490855901306e-01,2.178437468028844581e-01,1.567780957036895573e-01,7.535544020420705813e-01,5.842652240404433428e-01,1.766557099277219767e-01
4.957715624121513676e-01,9.526604355650724054e-01,3.457686858596558110e-01,1.179805792522594654e-01,1.439633512108461910e-01,5.731857075383081090e-01,8.399575206726633825e-01,1.779676016846084008e-01
3.685338102253237769e-01,8.190327828512872221e-01,7.757637356019967401e-01,1.681581961081757004e-01,1.113043148324373011e-01,9.438924233986734080e-01,5.838085285691457793e-01,1.796746159142909860e-01
3.512021464455508668e-01,8.210628531249941631e-01,5.017515513194217291e-01,2.381070479901060410e-01,1.554770042331952151e-01,2.464881906946353174e-01,4.610354718092347093e-01,1.799342328301551386e-01
2.435712511505552791e-01,8.855038127996756048e-02,7.584246790426359963e-01,2.350955623611311329e-01,2.021170299833911499e-01,6.453943525226679689e-01,8.610676561089569692e-02,1.798084517764713119e-01
3.308299091026229433e-01,7.395533540912480053e-01,7.669753314571761127e-01,2.718093049133252226e-01,9.195018569803159458e-02,8.301065588145595253e-01,7.995461765878160154e-01,1.776669731237960903e-01
3.644318079321227088e-01,7.900353044041950046e-01,5.252105074268547114e-01,1.934622480775615161e-01,1.801803162743074171e-01,1.007569269496166875e-01,8.664505371929205335e-01,1.754886343192917364e-01
2.243874175857205056e-01,4.707313324944930599e-01,8.502143043682481860e-01,3.645897478807983427e-01,1.310467847924568496e-01,5.727549935530157343e-01,5.672656244307430207e-01,1.767870876538646663e-01
3.781987423900819989e-01,9.846017535767981332e-01,7.198935435490241286e-01,1.564078528551715863e-01,1.538098608614799356e-01,5.023631496068463598e-01,2.595187949502257840e-01,1.786811143101990074e-01
2.854579626790316182e-01,2.908360899097975349e-01,1.570142766296893089e-01,4.555221340052127976e-01,2.039513120231989385e-01,1.496650291005980349e-01,7.693858006923959270e-02,1.812616159065780774e-01
1.968285001465147899e-01,4.943966142977267442e-01,4.654812416358901639e-01,6.077517568003718562e-01,1.704779733241353901e-01,5.697181806740825305e-02,2.765395683399262672e-01,1.793164318316563255e-01
3.984887361003940365e-01,9.613533809853382905e-01,2.920572310530769045e-01,3.007255839979633971e-01,1.543347284480512394e-01,2.705091074872094103e-01,7.457309572502912598e-02,1.818041641879981074e-01
2.933813788639547115e-01,7.626664446114401752e-01,8.138365735513732879e-01,2.433409337042344300e-01,1.020949444297746950e-01,3.854931049378505503e-01,9.121942915370861993e-01,1.759462592568938055e-01
2.027499408511019841e-01,1.146317765072605299e-01,8.340188200226780202e-01,2.932766323519196972e-01,1.660355598381355602e-01,5.646407294374657937e-01,2.883148945256609474e-01,1.805640018569062977e-01
3.128054034052643040e-01,7.566981843537454733e-01,8.799671117430346579e-01,2.151538921279169125e-01,1.335758168116989997e-01,6.712674492584804753e-01,1.471968732187444728e-01,1.811258987527556985e-01
2.170908424531693970e-01,1.163710943636653283e-01,8.791421292592827008e-01,2.922575184386386193e-01,1.009505120914546694e-01,7.260069525430374870e-01,9.805481208916961844e-01,1.768521490588065848e-01
2.421050466548951285e-01,1.031105992580413910e-01,7.390642178735141732e-01,3.003956681422853547e-01,1.565231976748512888e-01,8.361576814528290935e-01,3.676132799000980111e-01,1.801005786797503228e-01
3.188211771529343430e-01,6.470310056839050361e-01,2.934213399070513262e-01,4.100112315947694874e-01,1.910895978192728717e-01,9.291941607820747295e-02,2.208831773724012626e-02,1.824003617129526522e-01
2.728260920042517301e-01,4.047604281461049114e-01,6.240071122318607832e-01,2.438125429567829239e-01,1.738340801709908068e-01,2.250900989753128745e-01,6.791613724603280389e-01,1.762946172916842469e-01
2.935956343683478464e-01,6.095160148817484469e-01,8.244674498977130339e-01,2.502442571293434503e-01,1.665238400290831311e-01,6.231796132533133914e-01,3.091998720793537325e-01,1.781062364286344069e-01
2.172930610630242065e-01,4.600662463092616283e-01,9.276362493612007043e-01,3.164594428070487409e-01,1.433241560045732665e-01,3.221793410646304201e-01,6.839534996427261149e-01,1.757807812273756709e-01
2.502990756867705668e-01,8.112949609400101902e-01,9.738316285709881504e-01,3.475681528141182364e-01,8.484813343168194633e-02,2.118673604607869965e-01,8.548919825212857315e-01,1.783423906482501098e-01
2.812386562576889570e-01,2.569412706749644726e-01,4.035860473959273498e-01,2.826627969052353806e-01,2.676616583688071760e-01,4.472288639610122463e-02,7.066589557726843385e-02,1.799903021797143177e-01
2.502064432626565083e-01,6.285885889938435112e-01,7.753068103321777427e-01,4.272960947217823158e-01,9.198905313470154277e-02,6.636598233546148196e-01,3.849923573722081604e-01,1.797314159214933871e-01
1.919109430694215246e-01,5.555892118443052086e-01,3.956204130497386617e-01,6.816537283612258413e-01,1.225392171269733543e-01,1.420617802646506611e-02,6.893700675448197757e-01,1.788742123218242663e-01
3.594254257669615149e-01,6.782125775431494530e-01,4.459712501047052302e-01,1.713217701723929176e-01,2.235090981364252216e-01,1.083945680335897110e-01,2.135482667832676595e-01,1.784436203012655375e-01
2.940530129198383191e-01,7.365684533549875512e-01,9.117938937045710901e-01,2.385168541865137493e-01,9.794105840061281820e-02,7.375805425990438202e-01,8.330860536090187729e-01,1.757064597655311478e-01
1.802544733473225580e-01,1.685860401968864442e-01,7.346184275225238203e-01,3.998561797692089526e-01,1.545010828121522461e-01,3.735571632182257407e-01,7.385632897270504316e-01,1.748577010341546556e-01
2.967387851273610710e-01,7.778269182978884144e-01,8.875646761976356824e-01,2.139335683302736879e-01,1.240710896771539395e-01,3.383209756798094547e-01,5.377511630296923917e-01,1.786082152324490191e-01
1.851857127254359914e-01,3.244848453893772744e-01,9.298023486404898286e-01,3.507319940615790110e-01,1.458118918151483090e-01,7.783144440721356805e-02,9.771041003701481653e-01,1.759840997687519282e-01
2.903561207691506829e-01,4.942397833224034809e-01,3.956097880263499400e-01,3.416603056719107467e-01,2.303590444361665046e-01,2.230580929426567716e-02,3.282146323072822613e-01,1.793252389744892927e-01
3.715570476769742836e-01,7.694745432486815861e-01,3.560627986090566521e-01,3.637195033644145536e-01,1.288045409731596869e-01,4.465667159565513411e-01,6.616367448651552241e-01,1.782026057975181210e-01
3.219357123426760392e-01,9.375622777673393582e-01,7.303649237019604890e-01,3.205650747453555049e-01,6.706850173128731107e-02,4.437572266993329295e-01,8.569704661553438907e-01,1.790451253192787140e-01
3.017128061806314543e-01,6.018835990708293338e-01,9.285485723137991698e-01,1.239517865935201857e-01,1.425964710318209927e-01,6.245167595396778903e-01,3.475865643570843488e-01,1.806087489454335504e-01
2.640463774091014182e-01,5.231337573199442703e-01,9.356886688191632384e-01,2.790196833529235976e-01,1.248709179405889935e-01,8.429399750814652315e-01,1.802929176987831950e-01,1.811063449338969622e-01
3.417753900953147683e-01,8.512780865459150803e-01,6.670216749366826292e-01,3.435398290366879492e-01,5.399503182234398346e-02,6.948154499490347691e-01,9.004247257723959619e-01,1.781868162162263680e-01
2.789320282584212829e-01,5.222996506161839969e-01,8.563995499878946926e-01,1.706681476550400978e-01,1.747303057736908916e-01,3.555146808338675579e-01,4.684334017779376858e-01,1.781449064600583998e-01
3.869145953838827867e-01,7.023012819486470493e-01,5.670987403620013634e-01,2.218270975429453284e-01,8.116640166016045321e-02,9.296270650315767714e-01,9.596975576786288542e-01,1.769381350001524855e-01
2.133567199414122817e-01,4.626779853139383891e-01,4.588053918510401341e-01,5.061427398145410539e-01,1.962580375518233056e-01,7.938995371072887774e-02,4.166752104866777717e-03,1.796393990992943279e-01
2.349815178431514107e-01,9.359974383908853390e-02,2.871073086571577782e-01,4.035518822402913708e-01,2.831550692912924161e-01,6.413748605309244066e-03,1.771214403495833811e-01,1.789217610810674153e-01
2.608405600979947225e-01,5.536051829333654695e-01,9.171791106686268957e-01,2.499248167426956491e-01,1.025291716235978146e-01,5.530347347128354851e-01,9.886332368825272443e-01,1.749989084001284667e-01
3.531906587678300680e-01,3.777039004342691575e-01,2.979738573585487549e-01,1.507284603168587422e-01,2.777349722855818603e-01,1.863587494682072965e-03,5.112259435279314923e-02,1.786377300920934941e-01
2.588385281491537016e-01,1.937876509983419426e-01,6.584388103935832071e-01,2.156748747973138980e-01,1.486702634556681113e-01,3.495528769124787161e-01,9.436805301152808578e-01,1.762677278648723811e-01
2.197650114555446677e-01,4.610843553883773316e-01,8.771501738195786047e-01,3.152256283205717713e-01,1.871032998653860413e-01,2.684426831672473979e-01,4.170088159287746454e-01,1.763030576060347354e-01
2.846537326121236777e-01,3.324604964266333340e-01,7.748656123744369628e-01,2.554855485616657207e-01,1.580354650977724429e-01,8.280873974645669433e-01,3.436345710831948397e-01,1.789997571905627138e-01
3.189395989583753699e-01,5.216736607180005869e-01,8.682913445975404265e-01,7.077733144496270445e-02,1.868820804543619429e-01,5.555109947380967306e-01,4.155104200020112160e-01,1.785334592045317581e-01
3.788846580196518765e-01,8.176981099270475006e-01,8.143109577766133311e-01,7.245502649043608634e-02,1.725644036873212050e-01,6.680184080639332000e-01,2.220640736107897251e-01,1.794945626459306942e-01
2.765585703340052159e-01,8.696996655546649357e-01,9.939205371482813245e-01,2.900245132464303044e-01,1.174202863498700622e-01,3.774357013297451879e-01,2.490755156107460622e-01,1.795966952135706896e-01
2.927148185865559582e-01,6.817455177681257528e-01,7.865724733620782505e-01,2.309866157964126088e-01,1.835451688359638622e-01,3.067317580644964292e-01,1.481853602475959319e-01,1.796297200973011876e-01
2.689956480889331702e-01,5.091736855224613389e-01,5.339548481513015643e-01,3.176689684345251341e-01,2.048171759700415373e-01,3.960941583578608816e-02,2.287438944575990174e-01,1.792720762036671411e-01
2.215284224737035512e-01,3.382579688345916935e-01,9.481395617948216170e-01,3.434565622242096161e-01,9.736634134707315702e-02,6.864203931763843691e-01,8.789866857503134678e-01,1.772323511203349744e-01
2.978425015537333742e-01,7.253564900405109483e-01,7.491657259525429380e-01,3.854012016731991341e-01,6.744175987947946538e-02,8.588945771739349144e-01,8.747593891326497229e-01,1.764554014400870063e-01
3.290769289002614673e-01,2.442317490515548140e-01,6.100976063609612199e-01,2.441404947190798924e-01,1.484370700677589694e-01,9.225399361728596759e-01,8.275191276972359011e-01,1.760658425181861331e-01
1.945452362128126944e-01,5.237287850156889801e-01,9.239254452222344094e-01,4.507253204583880901e-01,1.117463358851471522e-01,2.788092375308046100e-01,7.496009940922607750e-01,1.769995207614296351e-01
3.476482762835741980e-01,8.764331650902646986e-01,6.354821181394957330e-01,2.569936818249785038e-01,1.500841398251541725e-01,3.378410157743992337e-01,2.799316494761455720e-01,1.800964881815656504e-01
4.342470034449888439e-01,1.125781426859700507e-01,9.242009884453894486e-02,1.455133946516634913e-01,2.702939838268587636e-01,2.772264773420193285e-01,1.337617907103284542e-01,1.796145526921815727e-01
2.939768180919742901e-01,7.589017190859626005e-01,7.424933565995162077e-01,2.790231098540811860e-01,1.362129934342602711e-01,5.890481138605863087e-02,9.062210264737053933e-01,1.769968234393329287e-01
3.408532146793359363e-01,9.459179270057955780e-01,6.577245652234017248e-01,3.011959506673260178e-01,1.054368730912303709e-01,3.547555272558705619e-01,7.001761905013846876e-01,1.784661844103369310e-01
3.108056844216225412e-01,7.225519557934525494e-01,8.265753175917668338e-01,1.569637001765098738e-01,1.385011063350846672e-01,1.757290555276205257e-01,9.466651042067845134e-01,1.754623267805740239e-01
2.913721899810189364e-01,4.732184165201787085e-01,6.149070179297261296e-01,3.205002455404943884e-01,1.337046828111392305e-01,6.005228105890448864e-01,3.928968990038662068e-01,1.800692875702198104e-01
2.974149015297525289e-01,5.217970970702201505e-01,6.963933317953118207e-01,2.176694813279848317e-01,1.548112716528800836e-01,5.678338268435507707e-01,2.553193508151403446e-01,1.788123419792752300e-01
3.450198359254215141e-01,4.798813884751857994e-01,7.066302440908192040e-01,1.606219096864969220e-01,1.021252144061707695e-01,9.232687956860463618e-01,8.976509225870883402e-01,1.773686629351648725e-01
2.519111883134743657e-01,4.688989847258777099e-01,3.151844031252404865e-01,4.900861007371516420e-01,2.018185504357335458e-01,9.933765763475893573e-02,2.577188786276153332e-01,1.797485298588030189e-01
1.689055569960888348e-01,2.334352286950296396e-01,5.516368662270262346e-01,5.196914374047740814e-01,1.521395301681584822e-01,1.041310210753663701e-01,7.512403614560969611e-01,1.774454520121931667e-01
3.490421790001724811e-01,3.459269573886075144e-01,3.096406505557358635e-01,1.901072004929603432e-01,2.411370183602575823e-01,2.715094169785875478e-02,8.330701716818748048e-01,1.759464648783416463e-01
2.835396042923661319e-01,7.463394726956117387e-01,7.179237054106796245e-01,2.880862369526046018e-01,1.343635306821168718e-01,3.167888137555331385e-01,3.578571689718137439e-01,1.796912792846255824e-01
2.733378863052599583e-01,5.603953485564142634e-01,6.324663938876580183e-01,2.498526852229704109e-01,2.010485665610203254e-01,1.887097602202962576e-01,9.833155982321600819e-02,1.796778851956185308e-01
3.078238214591902389e-01,5.549876680049058431e-01,3.633725764303192829e-01,3.845435867058526469e-01,1.550252059870023957e-01,2.717455114622151502e-01,7.733095879814790852e-01,1.764493470244499485e-01
4.011828746732440942e-01,8.848912350208005817e-01,4.493496109238118708e-01,2.728922712906631243e-01,9.897744395901153514e-02,4.685421237145587781e-01,9.913012972973969106e-01,1.761538756420631124e-01
2.716125007597731122e-01,6.439758873175700504e-01,5.856931662607908207e-01,3.604294547012228955e-01,1.751677419574909633e-01,4.598345081399229928e-02,5.798072552038030514e-01,1.780044201167896856e-01
3.088546241670230841e-01,6.312954778356364427e-01,2.086658232931154489e-01,4.800818422114247475e-01,1.985485241309379589e-01,1.467160084322394198e-02,6.231043388301378272e-01,1.790869588547178703e-01
2.948483089042341909e-01,6.694166078426910804e-01,4.365799818907638019e-01,3.997230624505296870e-01,1.609623138993731273e-01,2.394407746197781128e-01,4.353922008390883058e-01,1.786088902248321730e-01
2.956238032467644050e-01,8.809441418036024762e-01,5.571299228465839137e-01,4.044294346703106724e-01,1.373680490511370311e-01,1.356561880723159419e-01,5.596741368213287160e-01,1.769844860793181873e-01
3.631379226316380215e-01,6.518507069064758408e-01,6.411978030149584340e-01,1.741951814121757702e-01,1.662791957885772776e-01,6.333631549681613127e-01,2.821430140628126138e-01,1.796771719587887117e-01
3.768573576610332321e-01,2.931324424118132432e-01,8.762706097058031718e-02,3.156308548051256491e-01,2.137026493513798642e-01,1.346330467869211733e-01,8.033823504157279194e-01,1.778017945324640581e-01
2.959856000468045756e-01,1.336292541305440507e-01,8.176751712260919014e-01,1.213547228503021325e-01,1.620166615049472014e-01,8.488296270675776967e-01,7.045591168503729795e-01,1.772269248771613515e-01
2.964506428698352458e-01,5.463397155801216210e-01,6.957601889081289626e-01,2.438282334992681877e-01,1.543533387267533308e-01,4.344646689333621081e-01,2.846468668048675044e-01,1.809894249333106331e-01
3.631550255947423866e-01,7.087960421630983276e-01,4.840608579187686278e-01,2.410879238039817518e-01,1.689928527164864247e-01,4.776888276436317970e-01,3.659173784721957423e-01,1.788692472169727266e-01
3.657218392927032435e-01,8.368138883408924311e-01,6.153449618064180671e-01,1.807540036010652773e-01,1.327854661191343877e-01,5.288624266996013734e-01,4.031672438017448457e-01,1.803632461439991508e-01
3.278596091356732467e-01,8.356727501026103289e-01,7.090338242006801739e-01,3.030999454293538120e-01,8.990578923704707626e-02,6.302124876413162102e-01,3.365881693189658463e-01,1.815097159757498857e-01
5.239760212420008223e-01,9.538711671301414174e-01,2.235227846125386608e-01,2.562978461091257598e-01,1.082537042770688601e-01,8.479589245340192205e-01,9.988913323461270366e-01,1.780025811769642696e-01
2.150627485470451572e-01,3.240792440681694586e-01,8.894068131426109414e-01,2.593481951324247969e-01,1.681594983020083811e-01,2.209214090748073955e-01,4.527914565766777977e-01,1.792786478187512189e-01
2.549809414587568268e-01,8.496055121954253497e-01,7.130930470769253349e-01,4.999390288246883252e-01,5.508583400786791484e-02,3.399886639230781937e-01,6.711431669244393161e-01,1.792065612813563413e-01
3.543915819088940822e-01,9.976011604344190431e-01,6.842055545628643598e-01,1.962387077397666491e-01,9.676267843952129910e-02,2.125706213258536648e-01,8.848030764199015241e-01,1.791057569998311949e-01
4.376474474272934456e-01,7.170637017694314608e-01,1.156907441673843406e-01,2.676225711907414540e-01,2.224357168557392350e-01,1.171216900187877497e-01,3.972255141092573272e-02,1.815323029471563321e-01
2.844919996264621553e-01,5.593555868721716839e-01,7.263694175856257873e-01,2.029810130458186701e-01,1.568239366115791456e-01,2.618664108425896586e-01,5.465030451212251617e-01,1.780644087196493197e-01
2.420951918300612848e-01,3.603033768253374181e-01,6.822117119584207856e-01,3.658381559613623213e-01,1.522188532207380540e-01,4.734274554314892303e-01,4.434413394256655483e-01,1.787166233523472814e-01
2.192519146353544002e-01,4.343841555536303023e-01,9.209913186985880795e-01,2.641542507650267435e-01,1.923750290952876141e-01,3.039255966332476966e-01,1.969479920132243822e-01,1.771302423598888620e-01
2.381704419524859062e-01,4.180754887186488578e-01,7.080586116036455824e-01,2.889464377024956176e-01,1.730765839583259524e-01,3.090615763026414164e-01,4.896195982893036813e-04,1.801228038130555098e-01
4.076030750734750963e-01,9.475163493047082941e-01,7.739260033456827337e-01,4.217484232362764263e-02,1.303791185873950653e-01,5.667280215393155629e-01,7.600026822686578587e-01,1.780893337125658005e-01
2.302601457043844946e-01,2.292191785592775921e-01,9.602172535047663882e-01,2.195333172086963991e-01,1.347714559647595900e-01,6.661353192511656474e-01,8.766102096941023047e-01,1.756733749158042313e-01
2.768293807096645631e-01,7.251510969837265952e-02,2.200184838014813682e-01,3.646223819574554437e-01,2.437659901729579137e-01,1.606879970517950396e-01,1.960025173956408961e-02,1.810506119781718493e-01
2.895596127865061042e-01,4.021318842891955514e-01,3.967355628062527728e-01,3.280415229342771855e-01,1.731778458808939936e-01,2.620464708277223109e-01,3.934786351952409555e-01,1.796803094483223062e-01
3.208787764645695817e-01,8.276941803784728657e-01,8.691185610209455348e-01,2.782199675239550585e-01,6.561347476521180166e-02,8.863931135519387272e-01,8.024477412707362589e-01,1.782164746877878125e-01
2.096307672125193866e-01,2.111005364481903235e-01,8.291263366459669104e-01,3.553270238906761080e-01,1.069115550008101767e-01,5.688573912583514414e-01,8.603643323996879033e-01,1.775346381742941848e-01
2.231857675625247284e-01,6.874753325017022298e-01,9.097223587322791349e-01,4.312318881773932744e-01,7.073125617969762413e-02,4.117963529640937814e-01,6.122336470930738184e-01,1.783808969070694583e-01
2.329655296709550183e-01,4.591438485730083841e-01,3.909754794044310033e-01,5.092369450734716141e-01,1.606466032748002093e-01,1.669239443909381615e-01,3.718320720081115249e-01,1.793759027804690820e-01
3.231499176028914122e-01,5.782560059573634836e-01,3.122636444676695211e-01,3.522920015345687439e-01,2.081669131858815414e-01,1.354604066644078397e-01,3.246633170726374029e-01,1.801018688368410947e-01
1.543461150273175708e-01,2.783022909619431440e-01,5.929209301150097922e-01,5.773304749429526428e-01,1.404077478291143877e-01,8.162959787854234817e-02,8.706997573080034192e-01,1.770656243869872526e-01
1.806426178131381177e-01,4.598466052805836868e-01,6.860574594468908938e-01,5.071454691182206709e-01,1.495506443236206684e-01,1.357485941066108870e-01,1.348335539898191104e-01,1.806204056301242700e-01
2.291909590759337867e-01,5.666348071018040278e-01,8.422660387858666997e-01,3.883303471245617144e-01,1.103330166151467867e-01,3.259920176772752032e-01,6.421165800953427816e-01,1.795072148080495145e-01
2.536876403881407338e-01,1.509826380851156391e-01,6.413952885945496396e-01,2.560515411961549748e-01,1.751259922402640667e-01,5.200002527874755254e-01,6.229148021726982343e-01,1.773546794534759941e-01
3.577975736952561658e-01,7.073063637295444739e-01,5.750827964291284067e-01,2.780344407508615334e-01,1.135028090246179289e-01,6.860201526373991276e-01,8.123406059988995676e-01,1.762088844423367329e-01
2.438210858333135778e-01,3.988845648952527023e-01,4.005967285908514919e-01,4.596204650826301030e-01,1.525652500111956689e-01,2.365336633866648997e-01,2.260016439909923180e-02,1.817079190444558789e-01
3.179458056000599719e-01,8.495569363706343413e-01,4.616551204583607682e-01,3.461225040656313867e-01,1.772579919846635765e-01,1.267762097283793299e-01,2.846829635084702215e-01,1.794988312196682534e-01
1.820449329400227190e-01,2.714106686447961270e-01,8.238258265763156452e-01,3.206571361203044979e-01,2.266074669287347632e-01,3.494324623566325005e-02,4.419046231172718553e-02,1.800770354319806144e-01
3.388808941048100376e-01,5.099612312347004961e-01,6.840027811480797748e-01,1.588687333954980074e-01,1.439506586517153297e-01,7.531932633996839543e-01,4.811440470455599083e-01,1.797546233999385012e-01
2.797180156178959431e-01,6.376562401242342748e-01,7.032120182305853229e-01,3.238740446240195858e-01,1.123700342527876039e-01,5.607924295651007807e-01,4.084338499304386860e-01,1.806408153873899913e-01
2.521886008619347308e-01,3.606279443683705344e-01,6.777304852065583196e-01,2.881348110700018839e-01,1.850098373579539268e-01,1.459923933727594880e-01,7.738718806758672075e-01,1.766684832305613351e-01
1.774745169957371305e-01,6.302828788197722965e-02,4.956566076416069611e-01,4.680850711266768549e-01,2.231339101458511276e-01,7.911645768880154472e-02,5.917950002965214340e-01,1.770480927874971966e-01
2.613135274811840825e-01,3.583738186252948266e-01,2.822965538438053090e-01,4.585743979602290299e-01,1.981879244233387960e-01,9.243080916954221626e-02,4.766545048444377208e-01,1.795446832704800100e-01
2.835242169355157715e-01,8.423422991355138389e-01,7.581002866311922217e-01,3.404759582845681143e-01,1.024579990819412117e-01,4.868098461317577619e-01,1.471499305674018876e-01,1.805008040109075396e-01
3.297280404166170742e-01,5.478737844530067180e-01,8.062112786919858332e-01,1.596917018390740239e-01,1.544207358192561941e-01,9.106112461913871137e-01,4.297573739696538553e-01,1.785184776440896515e-01
3.674748542308478028e-01,7.208181810194884687e-01,7.646193019215909992e-01,1.331912855227748160e-01,1.514987985149377214e-01,9.400294032040907855e-01,1.990516551391245947e-01,1.799556936004479690e-01
4.230581298061044104e-01,8.490060316596392820e-01,2.799356061132416418e-01,2.449870281564017205e-01,1.755645700118412533e-01,2.700004727754307110e-01,1.539214054104587892e-01,1.817818596599720671e-01
2.007054661266799711e-01,2.666361218653449106e-01,9.662929018516208668e-01,3.490057366263521477e-01,1.348245526576249687e-01,5.872638542134467343e-01,7.776375286729764191e-01,1.752068153122173788e-01
3.357396771299493432e-01,9.100044460343115205e-01,7.450409298616142983e-01,2.782343155250540656e-01,9.178518482615768970e-02,4.819672135988934403e-01,8.323446641126959200e-01,1.764252721234916277e-01
3.049925556077984212e-01,7.838825823749286936e-01,5.490458039862360362e-01,3.379496572442638458e-01,1.795162458200904865e-01,6.190327639544357385e-02,1.677948378789956285e-01,1.805301345723268336e-01
3.047317423958513238e-01,5.564583419971302902e-01,7.291275630800939656e-01,1.518989045021499340e-01,1.410925141605384181e-01,1.597247541413671090e-01,9.378109857470016131e-01,1.783717675222706855e-01
3.775719963252929245e-01,8.863606719365152431e-01,9.997151934745834856e-02,4.583054248015917542e-01,1.648552598253490986e-01,3.620584893737788246e-03,9.560943119368996435e-01,1.783139514287183647e-01
2.111418744038122131e-01,6.387375946183643238e-01,5.424499162459324175e-01,5.439439655184621358e-01,1.190918035597762770e-01,4.139550102597699954e-02,5.459466322157846552e-01,1.793053196779360869e-01
2.643627236353233156e-01,6.420260772418661110e-01,7.218351883154108251e-01,3.121831727592387917e-01,1.628369681585759010e-01,2.385950799024728342e-01,5.826837408158191955e-01,1.754589521987255096e-01
1.033308869985195000e-01,1.713609586394924666e-01,7.179279330748855603e-01,6.626072263800781847e-01,1.744466286474015138e-01,6.612231467744200675e-03,7.717943189289309114e-01,1.755563637971389868e-01
2.775262234156204988e-01,1.389113636223251458e-01,8.265869633168299035e-01,1.797723899334194853e-01,1.163840910313687638e-01,9.006420948859668041e-01,9.605303283904282896e-01,1.767449580529382447e-01
1.254608058379470814e-01,1.523353320422447532e-01,8.194927102278479758e-01,5.272808997902171946e-01,1.430368574142966420e-01,2.967381193874157885e-01,5.000624334379193403e-01,1.784848961540679568e-01
4.289545003209064289e-01,3.909144781725152340e-01,1.387885636532555367e-01,8.674927340654076113e-02,2.880383402287473027e-01,2.633277434808672934e-02,1.317781121875225558e-01,1.793543778544895162e-01
3.575648547749720740e-01,7.142358062797982132e-01,1.538555877609023570e-01,4.464166088043805547e-01,1.231611449439849459e-01,1.548878269510641226e-01,8.789673240111297581e-01,1.788344813927336130e-01
2.306816108262330633e-01,3.025372264656147614e-01,5.360205064473155812e-01,3.587626757054169224e-01,1.930535778009866144e-01,3.290756278393978662e-01,7.788727474399331774e-02,1.795396275766510397e-01
2.924775276825985482e-01,4.410700881817080643e-01,5.427911747846188018e-01,1.878559169624022251e-01,2.447124777058098943e-01,1.213720625210396031e-02,1.069857429183066477e-01,1.794800902711435886e-01
1.858791012743379600e-01,4.727969206027841653e-01,8.534472198572372603e-01,4.353016139832989739e-01,1.800902653304242429e-01,1.165491261145840673e-01,1.534495946969609559e-01,1.785338493051387421e-01
3.615531375366962674e-01,7.677540223962801003e-01,3.518224354329570480e-01,3.069455172483868677e-01,1.344033314739676022e-01,2.204557510746834870e-01,8.172639556905816338e-01,1.784095402535785246e-01
2.925825601859505798e-01,5.034672175738359456e-01,4.063430158924291047e-01,2.967394430821056472e-01,2.119267013639046793e-01,9.831138962048902030e-02,3.865367504211408844e-02,1.801294262353700104e-01
3.816754836140043294e-01,1.043149515936954153e-01,1.145052323329482924e-01,1.631060611162463980e-01,2.698563465267077577e-01,1.466277843555289229e-01,2.772438746152622313e-02,1.796425498399102649e-01
3.462535313791634817e-01,8.259397715978680221e-01,5.235016141347462737e-01,2.590888502586281006e-01,1.775589452402769330e-01,2.515137319038739938e-01,2.573454100056450922e-01,1.786912907050425825e-01
4.341988482026920004e-01,9.974367182929163578e-01,5.508000832495695276e-01,2.104764877327606476e-01,9.996333702737532356e-02,7.575370726601551308e-01,7.352219780785576031e-01,1.794048747541368005e-01
3.190443003777285735e-01,8.070624759431431761e-01,8.940741560760815387e-01,2.183667804076345198e-01,9.677279575128283629e-02,6.971858333435237975e-01,5.065635538554428274e-01,1.791992867925281951e-01
3.377863213925349495e-01,7.606865828858851986e-01,4.307283238886920329e-01,3.339871389589098571e-01,1.586785752279361861e-01,3.022617572579050504e-01,1.530425066459935590e-01,1.803442042098730713e-01
3.148390296506092811e-01,5.822445101389780442e-01,8.998780973758828683e-01,4.635576245205103030e-02,1.839599291453859753e-01,2.006628865924792171e-01,6.957443053553886703e-01,1.779106941563673439e-01
1.992469326745310854e-01,1.870012380214176595e-01,9.954092227178332752e-01,3.480766180062531134e-01,1.179660141189508016e-01,9.202621529857866189e-01,7.707606039243743989e-01,1.759252051871708911e-01
2.697365158264194429e-01,2.826220478575681150e-01,7.331894681230046729e-01,1.923276322134028216e-01,1.428751046313219419e-01,4.814225393791765617e-01,9.004390386741252250e-01,1.751101101822639672e-01
2.406835036602285871e-01,6.632367949350924663e-01,8.098881306637490951e-01,4.429308467232327406e-01,6.617550314586956306e-02,4.318512128514431225e-01,8.554594112873017409e-01,1.764365778334583690e-01
3.530919526948218534e-01,8.779476393296772319e-01,5.476323611882226716e-01,2.663784820094421968e-01,1.178957734976115723e-01,2.411668712523465929e-01,6.840884182661208790e-01,1.805609688660507750e-01
3.164713272377761011e-01,6.839559195379605328e-01,9.309383364754776347e-01,1.443631597901491315e-01,9.965791473625491836e-02,4.966998308282231100e-01,9.715454905702631816e-01,1.768044781193909842e-01
3.762018268825207401e-01,7.471498676999448474e-01,3.590827685595371910e-01,2.544214707823550525e-01,1.487387602718602264e-01,9.510841781973822240e-02,9.012258544126847681e-01,1.780269381652839211e-01
3.083454039330850716e-01,8.142205596211118390e-01,8.031773614196436872e-01,2.460711407501394166e-01,1.445013618765479402e-01,6.225357164355014294e-01,5.144355518556231743e-02,1.783187115268361767e-01
2.191906878565905714e-01,8.757596875289319627e-03,8.141882809883893568e-01,2.586018128952798367e-01,1.629082307885617031e-01,6.626545662817172611e-01,5.902753216986705853e-01,1.772919908609980055e-01
2.925137112335384204e-01,7.598409429919479319e-01,6.083239473086579086e-01,3.266777699963882564e-01,1.337608014031261561e-01,2.994213444754391662e-01,5.134289182119885497e-01,1.787113046094245816e-01
3.566766473867656329e-01,6.371125850144833125e-01,6.059518623581695573e-01,1.822674857652809288e-01,1.878258256526326719e-01,4.930989996342152182e-01,3.035962676551169359e-01,1.789388104797357271e-01
3.728687885455074791e-01,8.667072038575680537e-01,5.710970216631982010e-01,2.065114031459737709e-01,1.580528270740718944e-01,4.425131976475675799e-01,3.340666431226392841e-01,1.780089739183881303e-01
1.773636427986883812e-01,1.482888083879430052e-01,9.008378136956756155e-01,3.486215026776338100e-01,1.606819058616104912e-01,5.433612346721417019e-01,4.338197017990849669e-01,1.784711418612730804e-01
2.364166397555506616e-01,2.995120546793071936e-01,6.649005425110131595e-01,3.568298283012957262e-01,1.814590403666587470e-01,5.227466199894503784e-01,2.466303093409652203e-01,1.768924304924187063e-01
3.080492964155539526e-01,6.744291835486693198e-01,5.732755078561740936e-01,3.215069515316685278e-01,1.438171806258543295e-01,4.782092961734446535e-01,5.643773679032266788e-01,1.766742259859226949e-01
3.834105915222326688e-01,5.623835302797955960e-01,4.247434673747179090e-01,1.129654423020453879e-01,2.420268029934282694e-01,3.172184837562389559e-01,1.966032490929281451e-02,1.785428324215343476e-01
2.553231630343875680e-01,3.564716870357219625e-01,8.186631234534444967e-01,3.152631680754989785e-01,1.007865325161251685e-01,7.291707089673449271e-01,9.896541705465817795e-01,1.761983965876767477e-01
3.683772991262837526e-01,9.286450411611983924e-01,4.046852318415262717e-01,3.659828976633486275e-01,8.415173623045830997e-02,3.680407540579747616e-01,9.106938160831927753e-01,1.766843283383399410e-01
3.315907132008980018e-01,3.674776065306901707e-01,3.864776374149223037e-01,1.994944786205044840e-01,2.330686692382906156e-01,6.587768980865954527e-02,6.275247959299234957e-01,1.779651781681178546e-01
3.843311764070275194e-01,8.750721204185156754e-01,6.620633403829552233e-01,2.098453146752962128e-01,8.956224504167706324e-02,9.379554266917640160e-01,6.941951460285911146e-01,1.788166700037766843e-01
4.176986830980215504e-01,3.160041022440995273e-01,7.166443896833002425e-02,1.949106066053237218e-01,2.608570499997946990e-01,6.207302177036994051e-02,1.927966667331118544e-01,1.810608148495013725e-01
2.380499933603240081e-01,1.443401540248075432e-01,5.878757257257538615e-01,4.133366608123431596e-01,1.159467452599074744e-01,6.592485461996839824e-01,9.823258446713279968e-01,1.751645175353765405e-01
2.707437528264763915e-01,4.965721520796621546e-01,7.373152884133103990e-01,3.490924713831459192e-01,1.347057733405289670e-01,7.839177700696835505e-01,3.139685650214091850e-01,1.787377727164670971e-01
3.836106228985576294e-01,9.614142626890014309e-01,4.667648658929186012e-01,2.331359194221813702e-01,1.759040021540290710e-01,1.084906609903902308e-01,3.963576916097115155e-01,1.799183792642355673e-01
2.911535634502962488e-01,6.178708910463823756e-01,8.241326219766473837e-01,2.989711819344351706e-01,7.761462368272720180e-02,7.449165638370072173e-01,9.077504252775894233e-01,1.764743876925065347e-01
2.445815233484014972e-01,1.964055233570309866e-01,9.334769910103162260e-01,2.297164862258760376e-01,1.444602508536059204e-01,9.493307845921439281e-01,7.744476808089399977e-01,1.756049697202783921e-01
2.309168382371519779e-01,1.884365714277026482e-01,7.127682022746387736e-01,3.145317228919296548e-01,1.836140925276561198e-01,5.742905818965524656e-01,1.889023061497143163e-01,1.796311526928321967e-01
2.440325977176324157e-01,5.250940757349379373e-01,7.996854219125624219e-01,4.260525146144001907e-01,1.012157947507627831e-01,7.743013358001986646e-01,3.059246289942781916e-01,1.791668120533649045e-01
1.675263158915362982e-01,2.083087335632184400e-01,6.367627838156282305e-01,5.186801645544291128e-01,1.449099913811730533e-01,2.845749604972652169e-01,2.325409028828471225e-01,1.812140975489211214e-01
3.261210838050576100e-01,3.644882311052003443e-01,5.310452447102288476e-01,3.062418645139310391e-01,1.206779258857296755e-01,8.623581969850560025e-01,7.423287762616154195e-01,1.774847859380245529e-01
3.260753319043969145e-01,6.753327777948923138e-01,8.218338711437981337e-01,1.537338769580954001e-01,1.671607133930904099e-01,6.222910293588550523e-01,7.282708401669929499e-02,1.789619733028942061e-01
3.827056037528553389e-01,7.664705645164444636e-01,2.018126392332953434e-01,3.494887419744806545e-01,1.615204098570981184e-01,2.415289613340798058e-01,1.056257094400381291e-03,1.815261354708814501e-01
1.877702931639292638e-01,3.142118941607400240e-01,9.670256327367474647e-01,3.086340686896337782e-01,1.609896733313416206e-01,1.027426314136846708e-01,8.448747872742883303e-01,1.765377187486889543e-01
2.131228638188156777e-01,2.247138720693455105e-01,8.498939027606114971e-01,3.443906610722244910e-01,1.570986159177751584e-01,6.176174654785369089e-01,3.279681064670891821e-02,1.810192711796461407e-01
3.053333521093369862e-01,5.375279102156278466e-01,7.652360000041787957e-01,1.134998787791556552e-01,2.018903912079471619e-01,1.813256818385450830e-01,6.934764182392385568e-01,1.763566384524172248e-01
3.798021469068260658e-01,8.398019998710407608e-01,2.957329578724164909e-01,2.830304078892875719e-01,1.961325973521637622e-01,1.239807834100376538e-01,4.195625251428678482e-01,1.785961161382953466e-01
2.378758387395109863e-01,3.171462668972042653e-01,8.772920682288924965e-01,2.592813885087685288e-01,1.463371568875757589e-01,5.532013093924468272e-01,6.449834711037997215e-01,1.781814084984258695e-01
2.182581656649308921e-01,8.794302937615605664e-02,9.784974192872460952e-01,2.540465487564764757e-01,1.153525103620633707e-01,9.607180969043176422e-01,8.707503337200861449e-01,1.754958688646213738e-01
3.083150745131665316e-01,8.854911841292321117e-01,8.130907086390603000e-01,2.972385042114963349e-01,7.474001189661566569e-02,6.002961958087920102e-01,7.556078100446176338e-01,1.781166686412433697e-01
2.556047915688702821e-01,6.276781414586631858e-01,8.480925299124901784e-01,2.906458803413008440e-01,1.455510669841741100e-01,3.112969886916467366e-01,7.083495860174536807e-01,1.761006294181262366e-01
2.634173608361435881e-01,2.639704787060760949e-01,5.579920475044434225e-01,2.149982903998147732e-01,2.558451242201195130e-01,1.275265226455676859e-01,3.535215590835000254e-02,1.783485170553991972e-01
2.886592406505885666e-01,4.810131087708834352e-01,7.590733361152098846e-01,2.932885119326533174e-01,1.048924041308098298e-01,7.778996345819326752e-01,8.340220972931808863e-01,1.761990742959432532e-01
3.220540409322333320e-01,7.089931563422524619e-01,6.549937899670659203e-01,2.562858594297183767e-01,1.259571899588818877e-01,5.501725940462436348e-01,5.227413898260775404e-01,1.784343609081798510e-01
3.719344917057993971e-01,7.294629078649393916e-01,1.732609656833885570e-01,3.379152136227615011e-01,2.074337877273388642e-01,1.291850168016801526e-01,6.319150907611725820e-02,1.803550929636722477e-01
2.628948486044758726e-01,1.562267908507583014e-01,4.649203981968439425e-01,2.981891890825166813e-01,2.004377524675191591e-01,4.142400208962583874e-01,8.073401949022618318e-02,1.793171380253293645e-01
2.961094627511697830e-01,8.840139460320551867e-01,8.874024784897550644e-01,2.874979470600274034e-01,1.430383043511392338e-01,5.122751376017536940e-01,1.017456909793665876e-01,1.779532975729707089e-01
4.497203741138974253e-01,3.685936777542263565e-01,9.480753139034292509e-03,2.159346762098813821e-01,2.410877759507909501e-01,1.256270209339310218e-01,5.373914335381142493e-01,1.787304294738075727e-01
2.293574477325568961e-01,4.297826661470785514e-01,7.345718568593186948e-01,4.046081819223542597e-01,1.120547074572131319e-01,6.050972459223168398e-01,9.601145010568401528e-02,1.822837266115187871e-01
3.258018948108758472e-01,6.677564215900733124e-01,3.347769562918365138e-01,3.745440228355015333e-01,1.657313153100024028e-01,2.914662406705216258e-01,2.749325267694566755e-01,1.790729925512633824e-01
1.578480392882365135e-01,5.713742548863542936e-02,8.893359133820347706e-01,4.308117425172226511e-01,1.371999397763683237e-01,7.542113918871001799e-01,1.425103660258258964e-01,1.802551774568228182e-01
3.078544742942631030e-01,3.443553129154203196e-01,8.288837375145687858e-01,1.244971846342714239e-01,1.621260778182322115e-01,6.945073084191921708e-01,6.890685332455970258e-01,1.774126108641998489e-01
2.630149107625660565e-01,4.022506861223633656e-01,4.435955970439744989e-01,3.566727968874623955e-01,2.145490294482778060e-01,7.486005042947246890e-02,2.393700738990831023e-01,1.797292492984836343e-01
3.962002492732377701e-01,7.019862207854937752e-01,1.915479943199718815e-01,3.133173423646138933e-01,1.697501613515426111e-01,3.277545806903883197e-01,8.428162478275613712e-02,1.812720010495284528e-01
3.070750820490586452e-01,6.170039856718833038e-01,8.323337572060094391e-01,2.433757394567995225e-01,9.432542673415780787e-02,8.814864719340663735e-01,8.489272587492653344e-01,1.766613391222803531e-01
3.145175009545939093e-01,4.583227627949166827e-01,8.629569883099923455e-01,1.321577954156273604e-01,1.777278568414975002e-01,8.741706927494226065e-01,2.842350731548926035e-04,1.798075009456339135e-01
3.908283362761815760e-01,9.938543866718487774e-01,6.054426282936065107e-01,2.518880984164977299e-01,7.994666634916629266e-02,7.314295882728016895e-01,6.354804264278298698e-01,1.789240851617455719e-01
2.446236673618908397e-01,2.990531038908604833e-01,8.588458879906648580e-01,2.307023157683552872e-01,1.988156694119522228e-01,5.231086358612507814e-01,2.624321058553135133e-01,1.769611369570293358e-01
2.773026610631346145e-01,7.158503230607257128e-01,4.695408373903885435e-01,4.347872559572750761e-01,1.287128582291357237e-01,6.140021287173735853e-02,9.612406429251917350e-01,1.761466236110311445e-01
3.536580219265394454e-01,7.188183553538664006e-01,5.608671563070816157e-01,3.423515414578598981e-01,6.564407055098754606e-02,8.483827488378663517e-01,8.768873977470238446e-01,1.789617298774827392e-01
3.329685898710392777e-01,4.694278617632503536e-01,7.018206892684514253e-01,1.845697166457882510e-01,9.732145277392449667e-02,9.296999497661375678e-01,9.537085634327394645e-01,1.768674078328597021e-01
3.632982129326284282e-01,8.323241166163003468e-01,8.134821568217048826e-01,1.240648587483689225e-01,1.713556470901472228e-01,6.624762670837984757e-01,1.447781308128757716e-01,1.792313982273575079e-01
3.294094294720072424e-01,2.600014619191643450e-01,3.284442951711346037e-01,1.775063216994896553e-01,2.757716199397559076e-01,6.963923728937260194e-02,1.308308016895751158e-01,1.803082723422771150e-01
2.415246738473479371e-01,1.139120283178744475e-01,4.660682494037328705e-01,3.368206842074887297e-01,2.284990687969815082e-01,2.729586124023469784e-01,3.109079219586494691e-01,1.773998384002133943e-01
1.362295967284375964e-01,8.407989262592396873e-02,4.969391660285800150e-01,6.228627339254639850e-01,1.904506695043055031e-01,2.065924284577298209e-01,2.864215939630851415e-01,1.774182799344785066e-01
2.099330270920646835e-01,8.845956971261076385e-02,5.299511442860440624e-01,3.329158833645148308e-01,2.165550534543845551e-01,3.122088307232839810e-02,8.485464906353756831e-01,1.748869289601499288e-01
3.291820446271877532e-01,8.212315882620295771e-01,8.547200740172198330e-01,1.722898625345700985e-01,1.693895926812811203e-01,6.313125404055828227e-01,1.414837027118102109e-01,1.775480067172818255e-01
2.456407735088062816e-01,6.457306670900487822e-01,7.211076960341983311e-01,3.509664144638282024e-01,1.264029081251400732e-01,2.980174343740745191e-01,2.513639498767987757e-01,1.804413365024221672e-01
2.487970632529394599e-01,5.259331524214818643e-01,8.059856408798451444e-01,3.543562872412830411e-01,1.309242372700748502e-01,6.462278635290757967e-01,1.788969155054939142e-01,1.788048939322891828e-01
5.046479096314007151e-01,8.212202985127006194e-01,3.234814638215554039e-01,1.240878044563167304e-01,1.287032652565887891e-01,6.996970286648254156e-01,9.655438880195460483e-01,1.773205950609215709e-01
3.027251375467605032e-01,3.815808733512724427e-01,4.209891310751886495e-01,2.689996012065575814e-01,2.252612678104165822e-01,2.581992846982383849e-01,7.109757504418257046e-02,1.799328311743375042e-01
3.789660753445758257e-01,6.674104006337586714e-01,6.505519427463059001e-01,1.670991395763481435e-01,1.489350628413828592e-01,9.031756012812840462e-01,4.304173665582259889e-01,1.791974229413654807e-01
3.290773623071879816e-01,4.957621928469622130e-01,7.890964146875784069e-01,1.077210397360404692e-01,1.788674726220758071e-01,6.930951063934659429e-01,4.668000786053239648e-01,1.773249880019316105e-01
3.776585199628381684e-01,7.925510448794688134e-01,4.679469496125718830e-01,1.893032733543852930e-01,1.747702740113441233e-01,3.275821388745255303e-01,2.728870754933863663e-01,1.794743287414628796e-01
2.595844849927246845e-01,6.469337863773261255e-01,5.890788290554156426e-01,4.029630671085834281e-01,1.424912120949564376e-01,1.061812448774961393e-01,8.665300098423316388e-01,1.760194771584894513e-01
3.758838986389632097e-01,9.597258616871062742e-01,5.397920786420402628e-01,3.000800565447639401e-01,9.513800930292237723e-02,5.764214792053837799e-01,6.037175271375141428e-01,1.781291587991918612e-01
3.865850252977300339e-01,9.649847056676232882e-01,7.711642176274902116e-01,1.588038405880527471e-01,1.258560315223022918e-01,8.051966485346775393e-01,7.619734250510032947e-01,1.761982672289830743e-01
3.766825155681695625e-01,3.678516177970063694e-01,2.647630621521130934e-01,1.943309793882759262e-01,2.569854854046216275e-01,1.600550834930256350e-01,2.558785400506242147e-01,1.793599879347406723e-01
2.196063537362662466e-01,4.466553425707789349e-01,6.553255962187919392e-01,4.735259175688569799e-01,1.092031228056949133e-01,3.204552220433609655e-01,9.071861061546343530e-01,1.764867306211921061e-01
4.055163402308206710e-01,7.562689726856772765e-01,5.079070926999431634e-01,1.627837251218695047e-01,1.573838468663860402e-01,5.840891150714443425e-01,4.367651386355336784e-01,1.803252549502135094e-01
1.835637881223294576e-01,3.198616830976864778e-01,7.453991991600847911e-01,4.884222523602029797e-01,1.301449240998286960e-01,4.730728658911362294e-01,2.519543275956633854e-01,1.806008117122951950e-01
2.762197302488684780e-01,4.205034323811528418e-01,8.123696058090013050e-01,2.111109546825528926e-01,1.777799451019330124e-01,5.273202874038634969e-01,2.584007660811882268e-01,1.787974110898687408e-01
3.432819879427884135e-01,9.318452052088652682e-01,5.889120684292087349e-01,3.415442861942211694e-01,9.160441419962030152e-02,5.231609997310606719e-01,8.172788361480711750e-01,1.773693637892142794e-01
2.821950077047625793e-01,6.669924086674871022e-01,6.958102761279305604e-01,2.484188123489219635e-01,1.694551077434909847e-01,6.531698446551792436e-02,6.797289082723013687e-01,1.786573111945094494e-01
3.613205424287484480e-01,8.292211585796394058e-01,7.688771767639283050e-01,2.369493832132265332e-01,7.643857360716974081e-02,9.011291099310345665e-01,9.558830714440040843e-01,1.763006089313694791e-01
3.193899963627016558e-01,6.546055859295842883e-01,6.443718375440194990e-01,2.104922282637538833e-01,1.662804245340844811e-01,3.875754154998884982e-01,1.878340363505120458e-01,1.791148544333535653e-01
2.986435821238225263e-01,5.698688010352941369e-01,6.384963908188765469e-01,2.266146409024615838e-01,1.783526545693931153e-01,2.444026103752650614e-01,2.888173918542581431e-01,1.792779894809714836e-01
2.774315260132489414e-01,5.137751528087914910e-01,2.159264801042944382e-01,4.776501894955724747e-01,2.071830126950113260e-01,6.763983654570621118e-02,9.506961782594502974e-02,1.795228357221004822e-01
2.968732315710561065e-01,6.515669341635038636e-01,7.844198191448452651e-01,2.299732337845023789e-01,1.587215601287205458e-01,5.943628294305596249e-01,1.504413890811533427e-01,1.793422953476152826e-01
2.902872647197963230e-01,4.292152523833729361e-01,7.852060199485101366e-01,1.200842720010217302e-01,2.025701795075213196e-01,2.431461112474859187e-01,6.333140524372062874e-01,1.764582773844226848e-01
2.763335637065331696e-01,4.330397474731926821e-01,1.927054288474578936e-01,4.914855591641501542e-01,1.880767967895419779e-01,9.809453871590290142e-02,1.533380528444779345e-01,1.814535561331558078e-01
2.999550799254262490e-01,6.018355917905926500e-01,6.061962872406496672e-01,2.103270048758636435e-01,1.909135166174105724e-01,2.359329806765574911e-01,1.161168778670657598e-01,1.788528120379232478e-01
3.879613863893062176e-01,7.278429492652320754e-01,3.943444626671029907e-01,1.561098888099763937e-01,2.147481873285458920e-01,1.070073263950100384e-01,6.017189128593225522e-03,1.811683232320098202e-01
2.536141447416212502e-01,2.998841209024769583e-01,6.692144319096825500e-01,2.019912346067200826e-01,2.350243126823814976e-01,1.091497669111586855e-01,2.544106745614111986e-01,1.791181017612844539e-01
2.171475007120560741e-01,2.485256235325158103e-01,5.598303417727714670e-01,4.040502184915805706e-01,1.722389579329604292e-01,3.685368362502535744e-01,2.299924384354698481e-01,1.801324061896467654e-01
2.576977311410966753e-01,5.351914410471969585e-01,6.242949166645187509e-01,3.417101311369494798e-01,1.838228715705458038e-01,9.657048754445068939e-02,5.390647081131432206e-01,1.773643619953422790e-01
2.326042793023145316e-01,2.698318036423514865e-01,6.946995674127156573e-01,2.464832512726943814e-01,2.116766520566532861e-01,2.091556357423231816e-01,2.015041541098632760e-01,1.789410533716211671e-01
3.126775577631484837e-01,5.110460884533807313e-01,7.358603957537486195e-01,1.971221636875971628e-01,1.380570884131885334e-01,5.811201203831278805e-01,8.219561035392068948e-01,1.775266178837149877e-01
3.009627482795645403e-01,8.718138044020417032e-01,7.850478111371552714e-01,3.208679072333186499e-01,7.020670830074234037e-02,4.900729170375824340e-01,6.973653530964016856e-01,1.802896027391694134e-01
2.340799994460155409e-01,3.278174165104171811e-01,5.125975586461003486e-01,3.809835676291697393e-01,1.637895393654438536e-01,1.114448906718548682e-01,9.377508953001518766e-01,1.746205716020719778e-01
3.114882828962141637e-01,6.836813851553306121e-01,9.059243129709376730e-01,1.697768686424917517e-01,1.238295476380056048e-01,7.780316208303290626e-01,5.363125142622838792e-01,1.772901186119786032e-01
3.527247967721504063e-01,7.946598405716962521e-01,1.884025535430495779e-01,4.070803916426999902e-01,1.681772573046344255e-01,9.552467019144272875e-02,1.439562997280406931e-01,1.824964439422938622e-01
3.550331609703309965e-01,4.698908430997613128e-01,7.767106251456898924e-01,9.181279170993156269e-02,1.492043129561719250e-01,8.862452981030219945e-01,8.153125088340416049e-01,1.766011558792365821e-01
2.051609915623792690e-01,2.221736079484744053e-01,7.671816320705600045e-01,3.442211794035109906e-01,1.904502809741858704e-01,3.872738080352678969e-01,1.781461018721535727e-01,1.786415354932909816e-01
2.206932923055590079e-01,6.815312167329331539e-01,6.036177385827110609e-01,5.050036614386883560e-01,1.385943837163990111e-01,9.346474717172797986e-02,4.363511343012642651e-01,1.786907870888875538e-01
2.604095452027880286e-01,5.304104443387398504e-01,7.078786769763377729e-01,2.633059819421408321e-01,1.785949708605372444e-01,3.089936510135614101e-01,1.568707025846233227e-02,1.795384552108111598e-01
2.474104346182715020e-01,4.323194736028039831e-01,3.372457958550169055e-01,4.916185096302996271e-01,1.605643725486537166e-01,8.290422898824090225e-03,9.607955534038536971e-01,1.761992858253041971e-01
3.430974559784555900e-01,9.535955715838042579e-01,2.627214493362010073e-01,4.594609596054027301e-01,1.337237530912079586e-01,3.362939042164769798e-02,9.045960380774594745e-01,1.763484117671873241e-01
2.770774787282747065e-01,2.113037546498077734e-01,3.089597560311404534e-01,2.992580990381925599e-01,2.493840211166764576e-01,6.547782578227256955e-02,3.350520067935303103e-01,1.779913782969609060e-01
3.171938339958388364e-01,5.731044911030015454e-01,8.249436215099967828e-01,2.459139595079953000e-01,9.608885704438498154e-02,9.387166839563700904e-01,9.088702023656634044e-01,1.777580334476450141e-01
2.222410997519675135e-01,2.214553104047586873e-01,9.102548076012307865e-01,2.313711449898424866e-01,1.883620770166595793e-01,6.065611120288989522e-01,3.221326616317222724e-01,1.770119552083257719e-01
3.436521988320404564e-01,7.267050074237051405e-01,7.304856005893153315e-01,1.383652174224501707e-01,1.134389595824805003e-01,5.010156532489287162e-01,9.182884531541626316e-01,1.765903782586422943e-01
3.086581787638094099e-01,8.463839820723929597e-01,5.014830648889747611e-01,4.468894453523145072e-01,8.545917320509459347e-02,4.202214653277029366e-01,7.443833687740228910e-01,1.764368010668546372e-01
4.807460866458134197e-01,6.620551591264752789e-01,3.415096332208844565e-02,2.325623770284774849e-01,2.428140459304131138e-01,1.502932803571494502e-01,1.693824159602567159e-01,1.810353981614459540e-01
3.262559194104387994e-01,5.113588988679770297e-01,8.049178172806918941e-01,1.833761604793053279e-01,1.311520326621246069e-01,8.539476366239469041e-01,7.556058614789780137e-01,1.769605971883199125e-01
3.585313845235329477e-01,9.800189967427166415e-01,5.854241848643459978e-01,3.074257618979350792e-01,1.123458728747330632e-01,3.138125347964262346e-01,9.044128806875538773e-01,1.761870938981805468e-01
1.292800780325591148e-01,2.599531126450422280e-01,8.343239008687735048e-01,5.160511201914717017e-01,1.696545367562711515e-01,1.368996891286752282e-01,3.453495109258554185e-01,1.784410432611101549e-01
2.706989581233803510e-01,2.019274998962468648e-01,8.758876826483481537e-01,1.344928460552179406e-01,1.918233432910579905e-01,8.295415160603195615e-01,1.413573911665175764e-01,1.799824820339085141e-01
4.373043294225160693e-01,3.527329417582252269e-01,8.274196564546643096e-03,2.587090840800688185e-01,2.282795046997101174e-01,8.555817840465196333e-02,8.628759612062217865e-01,1.765504972878596535e-01
3.959350387282966066e-01,1.595152390840582912e-01,7.321465599525645018e-02,2.522602588587142258e-01,2.415755753055684185e-01,2.765037149179445652e-01,5.368783391310438802e-02,1.788158138926881635e-01
3.068780506336247216e-01,7.685485250878145713e-01,9.403928238795902228e-01,1.632307386949241601e-01,1.647549894198374332e-01,5.684594144026052787e-01,1.954185250055511802e-01,1.786784691552864013e-01
2.842854664026611688e-01,2.971576502625918881e-01,9.135882374203446732e-01,1.619642889600385605e-01,1.264659474499026659e-01,9.178581874092295312e-01,8.463779669074347201e-01,1.778072557682988108e-01
3.304991038231696043e-01,9.775863541355711561e-01,4.628439832454266378e-01,4.183842435119421999e-01,1.120551127335297215e-01,1.737004888501680888e-01,8.066849989374053065e-01,1.759898595059726789e-01
4.145394664581389943e-01,6.220838661393016666e-01,2.676631029550189389e-01,1.263326003518788765e-01,2.445282596181373447e-01,5.166171369120536871e-02,1.078759259741871035e-01,1.810563852824913778e-01
1.397642119943015848e-01,1.844890813248235006e-01,5.806132151537007902e-01,5.623709518154482723e-01,1.825157542938573019e-01,1.233164151591069624e-01,4.020994267698324021e-01,1.782489584488850809e-01
1.835998350293170656e-01,1.295034141770454728e-01,8.948488415136057750e-01,3.741539779176831226e-01,1.387367829019573173e-01,7.125642179796350950e-01,1.352878724544497868e-01,1.805126315674294990e-01
3.562116891764555149e-01,7.663805722298433487e-01,3.584873916887675871e-01,3.419002994732116552e-01,1.360225411182077737e-01,3.773677022316286322e-01,2.532955081674083675e-01,1.805826620322191767e-01
2.751861746222948324e-01,4.173626474475778392e-01,8.402834269080479146e-01,2.579175847726382642e-01,1.526039622703865839e-01,7.415504203725251653e-01,6.691923191793947012e-01,1.761305372391224477e-01
1.726609570492289025e-01,1.931477967813990393e-01,8.097574808802159296e-01,4.393367964494480082e-01,1.330830495862080076e-01,5.400766260564251464e-01,9.140711030628495548e-02,1.826635820443079095e-01
2.211138319620057913e-01,6.581431501350630819e-01,7.742378621810503958e-01,4.145008281256862270e-01,1.490431241469305224e-01,8.624896446263086158e-02,1.111203593602436701e-01,1.803649903638109286e-01
2.990339937258936209e-01,4.534793434749748720e-01,6.510313616927049241e-01,2.358206547874675540e-01,1.216573027519628342e-01,4.476750631063335928e-01,9.803966975582870669e-01,1.756052696147839265e-01
3.429979005820139593e-01,8.737037164912837550e-01,8.032843982400890148e-01,2.060664268116996489e-01,9.363456840241632384e-02,6.412433489067020931e-01,7.554761492889419117e-01,1.788807996054326277e-01
2.186149755018469421e-01,8.810265374904346913e-02,7.257698854513821018e-01,3.194986181683981408e-01,1.366236021964908065e-01,6.649053414878967061e-01,9.278132240444258994e-01,1.744147460369517844e-01
2.936707853352697462e-01,3.550718039950440108e-01,6.668999769853422022e-01,1.672092677557364682e-01,1.924502060017401761e-01,4.908122059888966882e-01,2.496331935921113909e-01,1.797654572794739058e-01
4.134321725117475754e-01,7.865922600480206306e-01,5.275887508111437585e-01,1.195112239155843858e-01,1.438702232808807269e-01,3.806814822787629171e-01,9.101069055098687244e-01,1.775839874812484287e-01
1.553095461120800880e-01,3.305719630580060686e-01,9.295083069049372426e-01,4.821075126016043932e-01,1.279128707668134579e-01,3.175631313736805295e-01,4.843840988064698760e-01,1.781003346113188834e-01
3.039558342986815598e-01,8.105918614736501437e-01,9.235111039574291913e-01,2.147377465413631559e-01,1.019517939570576681e-01,6.408357248464119360e-01,6.889310794063902010e-01,1.771596724254916322e-01
2.534162997509982751e-01,1.665935183512267104e-01,4.513336907965369571e-01,2.884588794326741756e-01,2.909927495559990751e-01,5.056622725934711848e-02,2.081071774288101306e-02,1.786491282481361409e-01
2.841282902516633624e-01,7.381527538253375154e-01,9.054526432856601081e-01,2.532917554115141634e-01,6.150653513588172361e-02,5.860552252499744430e-01,9.165947046957192423e-01,1.772711305156688677e-01
2.867468013345336741e-01,4.874341348532844065e-01,9.127057794730104590e-01,2.499164977161109080e-01,1.217201693536651835e-01,9.882245369412768765e-01,8.792325351646425036e-01,1.740743198421355886e-01
2.904732212796223845e-01,7.315400170861778850e-01,6.532961899832173680e-01,2.862201354587162738e-01,1.702781610568156190e-01,2.847271116458566231e-02,2.891849127083271909e-01,1.806809408191697441e-01
3.902457351029481880e-01,9.524152517668196261e-01,7.094739641169472977e-01,2.100355019193572981e-01,1.206032925640245779e-01,8.651292494020372814e-01,3.467070307659835260e-01,1.795039556363387523e-01
1.743218342331173121e-01,9.401403857722223645e-02,4.331483974975630646e-01,5.931803135806157368e-01,1.614019020614436417e-01,3.361387954117548427e-01,1.302066584448112185e-01,1.801028052492376630e-01
2.723381673024120042e-01,5.360071199433500411e-01,5.919634478142353773e-01,4.124871409198402339e-01,1.339738343165227108e-01,5.150391208784828034e-01,2.045729606879582718e-01,1.792450100405608149e-01
3.544728504389532686e-01,4.971149639966868650e-01,4.202925620268471718e-01,2.289567388824572391e-01,2.073382222738392733e-01,4.214500311320392711e-01,1.859081206906901818e-01,1.781773533678604748e-01
2.669157076109129889e-01,2.213208297234695587e-01,7.151286718842544410e-01,1.860575322912485785e-01,1.767095680044492578e-01,5.561514231534446795e-01,1.743091351040839676e-01,1.805479488174945024e-01
4.784007926781679299e-01,6.860799058710815856e-01,1.063539015151369060e-01,2.064884662963465400e-01,2.385362324251441013e-01,2.348673144436446703e-01,1.068991398419452121e-01,1.796706909378672223e-01
2.371453624119491399e-01,5.864516409199260760e-01,9.259149900590385451e-01,3.378443248667027943e-01,1.046928596046858978e-01,6.049255450050308180e-01,6.205496589663399565e-01,1.769861280711665097e-01
2.915470690795863851e-01,6.275326424014499027e-02,3.729559960636151250e-01,2.032522192131037686e-01,2.761253401736621371e-01,1.321545329528415746e-01,2.227624675915605423e-01,1.789654470502049510e-01
1.516066861488241935e-01,2.674012065549845607e-01,5.998942792628558784e-01,5.928644952396080470e-01,1.562523231692005965e-01,1.714893016210048970e-01,3.369914630983085191e-01,1.780615423416843923e-01
3.910543467147339913e-01,9.129640979000439582e-01,3.145692394472077158e-01,3.032053265313315871e-01,1.976787009835260234e-01,2.202268752038096800e-01,8.869476189872810279e-02,1.791528513453333193e-01
2.624867507441442926e-01,3.258212418745255468e-01,4.904296297959270801e-01,3.018532152298849525e-01,1.806093862591438282e-01,6.894355643969651837e-02,9.582352154218682916e-01,1.758882296239384913e-01
3.642694489599880847e-01,7.374918532966892037e-01,3.464253169282481282e-01,3.355368630866700230e-01,1.490911447326737360e-01,4.238289457488452205e-01,2.541871655635188354e-01,1.800966531396691606e-01
2.374784049271597974e-01,3.602779509785503098e-01,6.460753284094804538e-01,3.688164186114078480e-01,1.457581503803818956e-01,4.536036529362182379e-01,3.446118868017528092e-02,1.812901853931179197e-01
2.008706140267125795e-01,5.359367365236711311e-01,6.675894161270394811e-01,5.316869455375412556e-01,9.570045942383686999e-02,2.430986180947952158e-01,8.331576083172806957e-01,1.763431693536214040e-01
2.753019583258023428e-01,6.475084715334544772e-01,8.302208257826511062e-01,2.021405136507447575e-01,1.633068047771686626e-01,1.362203720861232537e-02,8.883209538293450613e-01,1.774119173276781092e-01
3.149658893447421226e-01,4.342250597105688503e-01,4.291840273486518531e-01,2.480468002868433386e-01,2.258804527113341953e-01,1.249950717164032832e-01,5.604790455927922688e-01,1.764967477409599694e-01
1.505557441274393560e-01,3.312191092737032383e-02,8.379622806996054329e-01,4.429693295022895660e-01,1.258728665905328725e-01,5.240153973928893816e-01,9.029072219943021782e-01,1.759187656739442385e-01
3.375571553055434770e-01,3.195098652684897345e-01,6.074684772376445219e-01,1.620859728479951967e-01,2.057950307477224572e-01,7.769496036471077449e-01,1.089272924796233499e-01,1.788577317993966520e-01
2.296406882744848887e-01,7.223163497750435535e-01,5.623990134407120811e-01,5.439486899245949969e-01,9.705406337659734650e-02,1.939630044482209548e-01,3.589895305752662802e-01,1.802414352296488609e-01
3.209186315394381706e-01,7.828209990226715487e-01,6.025999975455411661e-01,2.791645787200507378e-01,1.416160143592684051e-01,2.995916338575100313e-01,7.437807156046122303e-01,1.761639572249792396e-01
4.026515055077142802e-01,9.994796034311590471e-01,8.277759472792243223e-01,9.956130739230681370e-02,1.218509207994024068e-01,9.116681089402599580e-01,5.286366678195125735e-01,1.783027540686815959e-01
4.052290403881896319e-01,9.516561951453292867e-01,5.302377059106712087e-01,3.010867792665416487e-01,5.189279594032508713e-02,8.712702957063139797e-01,9.140193065611685874e-01,1.776469218304341235e-01
3.488649347914027921e-01,8.909567030378640062e-01,8.432609337070727795e-01,1.695868644393102864e-01,1.324529637319265540e-01,7.164220250343331653e-01,2.084810037932205429e-01,1.788824186605113553e-01
2.921824561250818131e-01,6.829796332816472360e-01,6.937667414190471504e-01,3.106780597255464627e-01,9.550630487026745552e-02,3.877807157798759397e-01,7.741737581567478266e-01,1.792056505259142229e-01
2.426080116842083967e-01,2.400482985623467735e-01,5.895866185656790659e-01,2.775393990533434607e-01,2.002137365847446726e-01,7.658148463849667742e-02,8.294417622870722262e-01,1.751495061825874555e-01
2.255397249983779329e-01,3.772548593522068172e-01,9.667292790561776705e-01,2.248825030227550315e-01,1.731780602749508902e-01,2.769615650067451806e-01,3.187609841250320653e-01,1.793506094818352048e-01
2.492674641576470007e-01,5.621666529754021369e-01,6.719260645085868289e-01,3.682601393023396952e-01,1.846554507932822997e-01,2.926009649043294636e-01,1.064059175931437728e-01,1.781484406458529179e-01
3.579869388135669128e-01,9.507449096045228476e-01,3.288473679488736479e-01,3.684832151259540001e-01,1.054323732999581237e-01,1.696571593990481297e-01,9.322739336973429047e-01,1.780152176209595649e-01
3.776726525913734478e-01,8.801500897180410954e-01,6.892072687169449319e-01,2.157218674543460168e-01,1.416410017646857478e-01,7.695148146974108982e-01,2.807236500862382300e-01,1.793775827582952953e-01
1.875524550606851582e-01,3.825382696563224272e-01,5.470288342578782936e-01,5.199498109062803408e-01,1.565867109718947214e-01,1.766067922631794351e-01,4.267175440432413591e-02,1.806238731923532348e-01
3.374259335307881469e-01,6.566464068814367172e-01,7.114405161353047902e-01,1.646072633363447058e-01,1.439334584658803207e-01,3.312318322721828912e-01,8.773116782062837515e-01,1.771204212001013523e-01
2.620138994134393329e-01,3.743569652090117383e-01,3.866167082571547731e-01,4.316844538823558786e-01,1.379283696911421109e-01,4.190824074801215438e-01,1.049912723188572983e-01,1.814418259615458995e-01
2.398161137295839185e-01,5.596535895269427741e-01,8.651398069122780976e-01,3.644625501073930351e-01,1.265017919271944902e-01,6.294831536851103193e-01,3.669476823872089843e-01,1.776662090954641560e-01
5.375067412365130970e-01,9.929427687472376363e-01,2.529825697519776373e-01,2.127556380396110614e-01,1.055562764449085172e-01,8.828759617474701837e-01,9.008170663439643011e-01,1.785351317311892894e-01
2.616323330714103168e-01,7.336291629710594009e-01,6.624020435917705729e-01,4.537609591376281504e-01,1.142682839261004724e-01,4.477366724912353879e-01,1.755588152720842232e-01,1.784913864415169360e-01
1.135275087657251214e-01,5.310527701846506909e-02,9.218362189871651680e-01,4.640612166902706726e-01,1.760373946437579218e-01,1.352517012896475856e-01,6.754591442178665694e-01,1.774290272774036448e-01
3.091239137359028111e-01,8.221686480930429086e-01,6.419037839893266817e-01,3.013014022495982824e-01,1.402742105300852360e-01,3.329615706700340683e-01,2.320544991426115589e-01,1.804303111774033797e-01
2.825964220268052385e-01,4.702201792630539279e-01,9.232890132343508638e-01,1.060767790596950644e-01,1.938189329557084284e-01,2.600242513991718463e-01,7.095459768419950519e-01,1.755904616728272694e-01
2.797623523918805755e-01,1.296201256589463169e-01,3.660922138797716441e-01,1.929340568780596454e-01,2.950011390846707382e-01,4.124454727692239420e-02,7.630357796200376574e-02,1.783757744914080956e-01
3.569992301084061737e-01,9.294298506988244446e-01,4.594580275598222907e-01,2.811224633791603034e-01,1.459751168619247697e-01,2.099820711383564853e-01,3.315589792150196446e-01,1.806624975006307643e-01
2.266502726389144073e-01,4.781073177375551597e-01,7.037297493063099374e-01,3.685928942828129440e-01,1.347704500407769235e-01,3.061449094023243056e-01,7.202355652029746036e-01,1.767191466850854820e-01
3.365468115279299233e-01,8.051550234001823014e-01,7.584849878484691832e-01,1.866625584269075988e-01,1.445214092857474708e-01,4.813123823132572920e-01,1.362423822706381182e-01,1.815696188057813742e-01
3.363010688878028676e-01,9.078398076267814032e-01,7.952873125532515797e-01,2.761501676275490147e-01,6.356183431936794637e-02,6.605761002524999093e-01,9.574740525350342590e-01,1.777302467486202575e-01
1.789084678052124677e-01,9.813986736807817080e-02,6.103243717450346217e-01,4.345225962343470250e-01,1.689483317009033425e-01,3.556168794772733843e-01,3.221017686459420881e-01,1.805539069392571583e-01
2.205394165314801813e-01,1.944508898788018803e-01,9.022643338361361343e-01,2.811867482567910193e-01,1.802069370593085695e-01,6.837202481194006864e-01,3.000866346049990696e-02,1.790894776682365186e-01
2.075291091624505424e-01,1.263918925512891311e-01,8.167851965963496275e-01,3.098797721124993965e-01,1.575905183600530279e-01,5.887752218780941682e-01,4.037631717238443496e-01,1.797434767284502022e-01
3.201666261321081675e-01,6.612243621878284294e-01,4.375261068021122912e-01,3.315872391525148122e-01,1.460807534034443966e-01,2.965780319958839506e-01,5.293278823319478299e-01,1.789154990410627422e-01
4.015965918580436944e-01,9.273374007592312118e-01,5.744965228498867260e-01,2.100558570798642388e-01,1.108829733986573529e-01,4.974920669299209841e-01,8.840342723244132284e-01,1.779143749365975358e-01
2.877182895203931334e-01,5.331064300216654672e-01,7.061486442642963546e-01,2.134573566232919606e-01,1.641968862677574137e-01,4.551224364008426559e-01,2.317893373439139371e-02,1.802175014091949301e-01
2.955325353591010673e-01,6.350181039815812056e-01,4.597317764829449982e-01,3.509189045709858457e-01,2.031571345352933267e-01,6.281623589973023281e-02,2.198285038394339752e-01,1.801373969023095656e-01
3.648469113567184285e-01,5.633293745655565399e-01,7.638846070675293642e-01,1.191399203351352631e-01,1.223614264006308572e-01,9.375864388553092343e-01,9.921533795324828375e-01,1.742533936105134795e-01
2.688582886503546598e-01,4.273459500412705170e-01,7.836680994061445693e-01,2.076555464324598144e-01,1.886386502554926736e-01,4.629775388944843972e-01,2.850526600409519773e-03,1.791247302423967236e-01
2.749772647775580170e-01,6.905497356982355228e-01,7.972336866170997016e-01,2.227989393849598709e-01,1.907606739591977685e-01,2.814995055108426847e-02,3.658790303128156007e-01,1.790752720716991542e-01
3.625575108697969284e-01,3.438052314635372531e-01,4.407367615227261171e-01,1.074088051389622545e-01,2.342889338428218171e-01,3.794406093835838156e-01,5.562860895643839676e-02,1.787686832491720001e-01
2.894905949755596786e-01,2.110487450153843425e-01,6.148965242354391680e-01,2.479118010114614024e-01,1.738581160151721761e-01,7.316015467849878995e-01,4.993223361439539376e-01,1.781100708605934391e-01
1.905505496322778825e-01,1.182347309264467072e-01,6.935131535796281721e-01,3.836061453623609285e-01,1.673828428916260824e-01,5.646630075748997335e-01,1.589778770658830109e-01,1.793386890080740925e-01
2.645038235421960371e-01,6.368231960161288008e-01,7.004066239911060920e-01,3.915148216357994260e-01,1.247001718343040549e-01,5.421307838328354167e-01,1.709525057968730444e-02,1.800690241176972628e-01
4.669593789038044562e-01,8.225920250213289986e-01,4.287522244779167213e-01,1.514488989897693760e-01,1.321725029740851987e-01,7.800070667144833880e-01,9.232196665518173084e-01,1.766802925276843017e-01
2.615591278856037039e-01,4.974202020059154683e-01,8.079245251929316751e-01,2.393719151764383546e-01,1.680679575536937753e-01,3.366690669558120574e-01,6.139246229842094671e-01,1.767697225035753383e-01
4.317779842173314342e-01,3.213509553139842212e-01,1.551109610486540724e-01,8.730293168258154712e-02,2.886790055462531979e-01,1.081036927785166690e-01,1.953155757690857586e-01,1.781217005763784667e-01
2.539745519987288702e-01,3.452493032185680599e-01,4.960426626928737259e-01,3.665658740284548078e-01,1.455229440057714541e-01,2.774560074229753814e-01,7.017193170748718956e-01,1.786236417056506209e-01
3.213998725802713619e-01,6.606678956193203778e-01,4.236143079186005522e-01,3.825731844619126298e-01,1.445716965918071861e-01,4.167403159282871417e-01,3.005655492881987856e-01,1.805013474079922853e-01
3.401095722242315489e-01,4.702907796349524716e-01,4.879734338338249655e-01,2.212380917053644036e-01,1.902888853131037283e-01,5.144079303273776382e-01,1.610317011463925918e-01,1.782403294515087500e-01
2.751207866428606041e-01,5.635674453712753440e-01,8.327577636475107514e-01,1.980767352418776883e-01,1.832275807986201710e-01,1.772217087714870465e-01,6.689043731400751147e-01,1.770208520407000330e-01
2.753769188887685293e-01,4.624785256761314578e-01,7.140352698981770052e-01,3.404872324422905661e-01,9.184041109889798382e-02,8.342093260964686952e-01,6.529433753361594261e-01,1.790706865454523844e-01
3.395729721354594499e-01,4.290551556889224960e-01,2.205045982999480625e-01,2.962293022275909182e-01,2.694838980652833338e-01,1.091349194959900792e-04,2.677841486325980291e-01,1.790225393073755777e-01
3.141382973209092544e-01,6.497880685166487202e-01,5.904975334644317897e-01,2.454634476748026040e-01,1.895205364025839001e-01,1.062548083301338986e-01,6.912460158312023761e-01,1.775237333645431903e-01
1.373873713210662928e-01,2.673028985024594184e-01,7.631134426633791046e-01,5.648050536617476025e-01,1.599456620054912626e-01,9.870446695121676273e-02,3.376631308921087538e-01,1.797476873508845330e-01
2.279132604952183727e-01,3.834426968103376021e-01,9.803861895428566120e-01,2.808907144371449172e-01,1.640715806128519583e-01,5.787003516086687283e-01,3.060413926128172646e-01,1.773755072541176869e-01
4.013000419306546607e-01,9.495398462868858136e-01,3.213518382601543433e-01,3.018151878029049495e-01,1.539196226502568543e-01,1.665216746386067315e-01,9.089535194420114150e-01,1.763973552155497504e-01
4.026849186868780572e-01,9.080906425318313602e-01,4.798668776594407492e-01,2.104133348314099483e-01,1.345348800463556371e-01,4.416734176682390878e-01,4.803000493872589538e-01,1.804799489383893396e-01
3.241532581234798371e-01,7.897744268785586996e-01,5.732133595708392981e-01,3.190601024746973491e-01,1.418637439492607955e-01,3.413725781811934867e-01,8.277035839408314333e-02,1.818330158575784672e-01
2.927584305220731764e-01,4.754655224181953410e-01,8.690928189609936627e-01,1.581178849966466127e-01,1.739131342322249030e-01,8.124683313325984368e-01,9.392601313312876066e-02,1.790824578266662359e-01
4.562498318514978113e-01,8.264611872894491729e-01,1.876127070259704377e-01,2.731716981245665421e-01,1.417794848618825487e-01,3.469412297690583902e-01,9.273751347364767028e-01,1.780656638985507467e-01
3.050075470187636473e-01,8.814580146196528965e-01,5.429602411557629127e-01,4.202193718246571841e-01,1.011722793760565370e-01,4.063527806705140022e-01,5.195867403900663595e-01,1.781098724171309433e-01
2.982665713750025649e-01,7.373224361629139301e-01,8.774705728487974810e-01,2.471389854156131605e-01,8.157137678397875791e-02,7.042413119099200092e-01,8.182550587820769383e-01,1.786113981380366145e-01
2.697944371018986542e-01,3.974153809153037065e-01,8.413453019853069925e-01,2.663234909620787461e-01,1.530427887345830740e-01,8.302253242122628052e-01,4.385964516513376488e-01,1.771999875767194532e-01
2.953437098348201117e-01,4.165643448340802246e-01,6.908681867921147024e-01,1.676492265997300835e-01,1.917124012644643161e-01,3.648855582217248039e-01,3.709607905483697232e-01,1.795347172546574999e-01
3.189984097413690600e-01,7.736231161126342348e-01,8.587135772926011157e-01,1.408856112949396777e-01,1.398107204579314422e-01,3.571329277659801571e-01,7.316806473094071839e-01,1.771965697939249240e-01
2.826864746374250781e-01,8.783105444381936744e-01,3.940580211255489962e-01,5.242074223415598144e-01,8.409316376444028740e-02,1.216683022557657479e-02,8.648337610714825763e-01,1.804006179890539630e-01
2.021807146476918560e-01,8.920086396498627668e-02,7.541843266377903365e-01,4.151994700192044863e-01,1.245676269385645740e-01,7.320267351649756282e-01,7.065800467624897552e-01,1.767300549788204944e-01
2.683043959802431377e-01,4.794266078064850500e-01,7.507795896658516765e-01,2.620633977158136618e-01,1.746654210709507604e-01,3.798626287188353046e-01,4.136066855899633854e-01,1.768519265898164106e-01
2.836175310630318358e-01,4.297507843398220562e-01,8.274742440788960263e-01,2.229454570433612448e-01,1.281567622347767055e-01,8.064224957970655971e-01,6.951656209839213174e-01,1.778092627485006183e-01
3.576536140843121769e-01,8.693170306046494877e-01,5.227221930695742369e-01,2.807165709010117083e-01,1.112637329704290745e-01,5.177745051356291706e-01,4.901136907728491643e-01,1.794303087477513714e-01
2.282765951183265418e-01,1.551922006403282372e-01,8.805266285869761678e-01,2.226073881581478453e-01,1.874038175525797045e-01,6.284360638028225754e-01,7.838002376944475103e-02,1.811357098545329503e-01
2.396949890825217644e-01,7.720385640141402828e-01,8.935718861625745468e-01,3.862137177208869177e-01,1.043681928002162806e-01,2.244010146661833682e-01,6.086582033415748327e-01,1.783117406920600445e-01
1.809120251688693393e-01,1.841915041193094016e-01,9.483627191013280777e-01,2.950618296693275355e-01,1.494750388180471901e-01,3.092386629831990752e-01,7.865808492626730208e-01,1.762771762460047242e-01
2.632680346134319560e-01,8.081110116678487110e-01,4.642827338605290954e-01,5.335015087548740098e-01,1.494170165137386208e-01,4.027992944570552014e-02,4.207959501349216591e-01,1.787356291668515118e-01
2.921853432706906228e-01,6.538459285281612576e-01,9.790329123363916697e-01,2.683672377904969264e-01,7.140497287631251966e-02,9.937769930494313453e-01,9.223703827644879061e-01,1.765084264915436907e-01
2.434045086236008848e-01,6.436605741607506204e-01,7.352445743738956763e-01,4.447374470457040596e-01,8.162715639261410028e-02,4.871753750595030352e-01,8.261963442532773705e-01,1.769314830615121570e-01
4.550233825584331093e-01,9.475693827684608106e-01,1.392695358993940036e-01,3.675586157975346269e-01,1.468986706529549768e-01,4.124760159937590487e-01,2.057939853825307974e-02,1.821006432787992124e-01
2.731676320754714560e-01,3.449632865871477549e-01,6.370066975012401711e-01,3.571507521737806723e-01,1.367772936272360074e-01,7.262897212827794657e-01,5.048476977590022896e-01,1.787081750214571385e-01
2.533093265438855490e-01,4.349998107047670648e-01,9.417156269620103881e-01,2.839257014586130667e-01,1.257174434011638087e-01,7.593995939652795624e-01,5.883595765697589020e-01,1.782905294395438212e-01
2.749998089129960244e-01,4.454769990078822350e-01,6.097472305362190426e-01,3.536867120004416609e-01,1.185307939052775428e-01,6.808994083802681896e-01,4.247139878692912096e-01,1.798287260712491953e-01
2.495459707552714623e-01,3.885165740733242945e-01,8.965755112078908073e-01,3.366020415551040368e-01,1.023550991630092499e-01,9.256711237581259910e-01,6.199684314484135150e-01,1.777417273716412893e-01
1.863043815554702720e-01,2.947513849290698262e-01,7.280502047491170803e-01,4.077696449080739360e-01,1.923877238810952073e-01,7.315140722845914212e-02,3.049485732488310674e-01,1.793314869146432067e-01
4.418696528212197050e-01,8.281683167638619336e-01,5.084711779883995808e-01,1.706686143083804841e-01,1.166514210804196067e-01,9.054021942485789287e-01,9.432779549669032537e-01,1.773773081188677325e-01
2.341883863583818504e-01,3.803925203216329542e-01,7.725208667123570905e-01,3.474362925936447244e-01,1.312867385144717292e-01,5.642260798940472721e-01,6.090284895754753958e-01,1.780883630481247260e-01
3.112658241318319030e-01,4.673901680905835354e-01,6.737683845404203176e-01,2.104964618802827869e-01,1.515730556965899645e-01,6.055604148426796396e-01,7.241506226873037910e-01,1.770580543679716179e-01
3.194843359613206979e-01,7.103105201911067423e-01,2.917692784634837166e-01,4.134175213810615812e-01,1.568283010734977667e-01,5.964706586315959846e-02,7.346489005511439574e-01,1.792722450054713978e-01
3.756047181554937331e-01,6.717352776292911942e-01,7.309195461312153475e-01,1.201310968082659192e-01,1.571680092024306252e-01,9.359311124654071667e-01,4.464907799073562500e-01,1.778165131275384059e-01
1.365725474620853308e-01,7.745442973250538099e-02,8.998910326750377831e-01,3.998727428231789727e-01,1.808044272033479949e-01,2.796226120736836629e-01,9.394782404204837789e-02,1.801707286119035301e-01
2.397661284440563145e-01,2.980725729172026273e-01,9.034347454923474796e-01,2.177567788993235443e-01,1.581512972783720716e-01,3.634954497743180801e-01,8.469862607369549323e-01,1.762422673215577329e-01
3.400638436286026467e-01,6.910866033748911397e-01,6.275283409822607350e-01,1.884530366389386979e-01,1.263036536756547423e-01,4.922941086405424604e-01,6.342020012021669650e-01,1.794316067842767204e-01
3.106305524835624721e-01,2.782583020604740276e-01,8.439347731959611076e-01,7.821852008393195832e-02,1.653562825749687326e-01,7.501258383124274065e-01,8.155655368150609430e-01,1.765897781374607123e-01
3.284454658417761408e-01,6.586538668628658666e-01,7.545256221982994393e-01,1.161115766027564777e-01,1.666049209841976575e-01,4.018067905850612465e-01,5.825514500154721498e-01,1.769772475414384816e-01
4.295177442747614149e-01,4.715776855961664182e-01,1.685408958280250058e-01,1.944571039191257955e-01,2.394944580754165830e-01,3.153039934937574840e-01,4.535129838478868525e-02,1.793984263831456538e-01
4.298317918182639197e-01,9.175643581737262799e-01,6.741555043010701853e-01,8.649135643586536304e-02,6.939456677293265319e-02,9.091095990864972443e-01,9.499024094349319824e-01,1.796538780013053060e-01
3.106029161663839688e-01,6.649825265694381260e-01,8.310760250620726763e-01,1.516971507117200468e-01,1.642713524781433121e-01,3.501875243360122458e-01,1.033811084883831666e-01,1.806346360162002507e-01
4.196012809486161510e-01,4.099761897360607588e-01,1.265033782502222870e-01,2.341633044582345780e-01,1.786636232832530535e-01,2.274771811547759148e-01,9.876697785266737029e-01,1.759208305503656977e-01
4.060536889295373042e-01,8.024119531338625988e-01,1.996631191311204478e-01,2.971193941778181857e-01,2.106558705041040036e-01,1.557440150058993500e-01,2.166417585523761624e-01,1.798479875424557617e-01
3.971254251861172646e-01,6.022817198671932548e-01,1.841000297447914491e-01,2.453904640376076696e-01,2.362952695337180165e-01,5.062290883800224517e-02,3.916545589033521568e-01,1.801810623646888931e-01
3.302996818500690823e-01,8.941860598296593743e-01,4.985896881721884610e-01,4.013160883693503989e-01,7.972301451746140188e-02,3.912297080902706892e-01,9.428222626728939293e-01,1.770080447862550088e-01
3.059637222893347719e-01,9.107669695621527506e-01,8.330678666017901079e-01,3.418154824436181460e-01,7.113094319304953672e-02,5.507284736264853597e-01,8.098509605763372088e-01,1.764140686323995288e-01
2.222372478528844841e-01,4.531339446835293550e-01,7.800161377079839475e-01,4.007400211857908845e-01,1.142153503319365965e-01,3.854004066702358400e-01,5.418759996793990341e-01,1.788402536156824818e-01
4.038738637621041572e-01,8.058903788079684327e-01,4.278344695595246994e-01,2.153752736766200160e-01,1.462567084823412911e-01,4.766028831552307499e-01,6.861806321041485912e-01,1.770885723231679643e-01
1.974552003067001626e-01,5.730644777006640433e-01,7.833971644209090091e-01,4.983082161602899740e-01,1.133432044251433124e-01,2.622437977459502467e-01,4.347305464708107192e-01,1.789406022728210477e-01
3.307430351760269338e-01,4.233523382322471607e-01,6.921747551954396949e-01,1.444068191616880992e-01,1.285947775224397238e-01,7.355970310512844890e-01,8.096364661955361974e-01,1.775214264338580705e-01
3.153185897054396891e-01,8.385386001428494218e-01,5.258684338334980168e-01,3.241936752652516129e-01,1.959169747799713590e-01,7.711812674747936525e-02,9.231133808613684044e-02,1.787027681738944385e-01
3.602455239753580285e-01,9.512812414079945267e-01,3.403405351925269384e-01,3.817585802822368035e-01,1.509861712597400096e-01,1.418122212512041846e-01,7.779421899010753316e-01,1.769936857436367195e-01
2.520415644571356584e-01,3.795414397373037541e-01,8.682420311088414611e-01,2.457711021037343457e-01,1.698115700078807189e-01,4.988288935274841629e-01,2.640087222643306419e-01,1.801096553175703940e-01
2.830347303365138845e-01,2.284609352798382398e-01,3.603429778085984747e-01,3.314197512717658722e-01,1.981625746932384746e-01,3.095838510660873788e-01,1.060494956782503384e-01,1.794582039230052106e-01
2.786592594904784281e-01,6.384176520507662822e-01,7.403021141622735390e-01,3.095884116818811149e-01,1.378802507578839598e-01,2.365196999137453016e-01,8.756108399702786649e-01,1.758108561512165824e-01
3.033960365800546510e-01,4.766379415140054032e-01,5.773594380291534600e-01,2.669680083420359895e-01,1.511022596348640668e-01,3.783019042985075742e-01,6.212848414047276169e-01,1.791441251108215338e-01
1.370799033010531021e-01,2.684252819025567671e-02,8.924633724695176795e-01,3.483123785075090129e-01,1.803963305623435542e-01,3.306007298874052980e-02,9.835947940562281833e-01,1.741003213089545587e-01
1.990051383343820202e-01,3.895538434932509508e-01,3.593529204095082252e-01,5.569531717973958962e-01,1.891235190499636065e-01,5.886483777900336500e-02,2.382093685745265144e-01,1.797613816041567225e-01
2.281135313375107776e-01,2.259163846825039124e-01,7.245843759210263135e-01,3.218059169634667760e-01,1.716769370768510827e-01,5.195858132193577061e-01,4.321476527263484746e-01,1.769982717968453245e-01
3.933119829658427435e-01,5.661044323627956176e-01,2.673445711099676214e-01,1.602553868014023886e-01,2.521397372975797690e-01,5.702210698644027964e-02,2.742585113571910371e-01,1.786692540682597030e-01
2.659733881601479832e-01,4.741819582658499677e-01,7.062911469635465567e-01,2.922735626811045484e-01,1.367134262908102915e-01,4.380723094257419903e-01,7.538973016695862395e-01,1.775451355930256214e-01
2.260559318988853983e-01,4.414452540915688172e-01,6.625226063429139334e-01,4.346070995833520856e-01,1.141787515485071514e-01,4.078640204798734126e-01,7.016823154746735236e-01,1.765988415565082625e-01
2.210362810234320907e-01,3.662661044783885878e-01,6.942544429660726379e-01,3.825869120396276912e-01,1.669345685745825536e-01,4.153838638387687965e-01,2.890328891073872808e-01,1.779934037457839568e-01
3.122244099087375102e-01,5.405521089505334054e-01,8.570522763140974165e-01,1.540473487052053392e-01,9.071467162460240818e-02,6.950983436830675544e-01,9.983235491702626696e-01,1.781796492298955426e-01
4.091466156455106917e-01,8.384002505656369397e-01,6.353802093321755384e-01,1.538215569694058038e-01,1.378064892725548163e-01,9.797267230316639708e-01,4.941182010863005014e-01,1.789636123897614395e-01
3.411018778121891470e-01,5.718775779775504553e-01,5.633405514632715549e-01,2.880168609081698583e-01,1.285180417559320942e-01,8.425568367144810056e-01,1.173061810074432776e-01,1.814057488712531307e-01
1.875811059174970763e-01,2.652792081755921960e-01,7.374083832458696586e-01,4.067414159255734463e-01,1.871287172271049182e-01,2.949246194087590256e-01,1.009851099971037502e-01,1.799011556398881218e-01
3.378857522584621798e-01,7.859139165833288754e-01,7.462907020088913601e-01,1.948919229576122347e-01,1.110357431447669685e-01,4.588711326111419853e-01,7.933659088999573950e-01,1.786481738679426279e-01
2.300865360325674014e-01,2.835207268957569138e-01,3.793625905264367271e-01,4.897514195155813210e-01,1.894561922750100658e-01,1.890864770951992124e-01,4.072359603418294616e-01,1.785181190118728112e-01
2.441129116943585309e-01,2.295315490743417564e-01,8.752316816003959943e-01,2.372720788745099896e-01,1.835576453193465685e-01,8.070378678014837881e-01,2.125324024317279958e-01,1.782519710499221866e-01
2.001413761727678930e-01,3.218236334618860273e-01,7.953825900691152695e-01,3.781626781249401437e-01,1.799667088279489069e-01,3.398614081959681621e-01,2.483946585804805152e-01,1.770592183595233737e-01
3.807125256511665889e-01,6.995150240137253395e-01,4.539323115757323279e-01,2.398482723012910767e-01,1.550552503988803787e-01,4.898283127696913541e-01,5.731311562362202405e-01,1.786210279939094980e-01
3.105501415511199848e-01,7.748352695341802487e-01,7.114505462851083983e-01,2.719325349034661388e-01,1.393951030129490232e-01,3.614442864016884638e-01,5.346145812953687626e-01,1.792607239564539823e-01
2.628453523534973191e-01,6.805785695068538033e-01,9.311968794629842394e-01,2.311232800413338950e-01,1.786396568816953356e-01,2.007171992714664732e-01,2.370634841733048614e-01,1.780757560314567556e-01
3.362669932679388518e-01,9.729027399478011873e-01,5.160087262230270699e-01,3.921038802789721944e-01,1.256846471320453573e-01,3.292645717182338116e-01,4.085196435013717098e-01,1.779909817191451527e-01
2.615969996878927395e-01,6.880889271823436015e-01,6.834333203244490340e-01,3.818294258494351889e-01,1.243041091099507944e-01,3.087890966621156252e-01,4.902896193522707224e-01,1.797722579347052207e-01
2.361009108019839764e-01,5.136664594516138216e-01,9.552743812446702343e-01,3.882505582580393910e-01,8.154747367480816300e-02,8.708743899823769841e-01,8.606878861304960715e-01,1.752682832643344957e-01
2.959438287018919533e-01,5.786731844010413184e-01,8.713101679757966345e-01,1.378780605350527211e-01,1.388854529441617969e-01,2.279905541458746854e-01,9.298833565239192911e-01,1.779781555636831269e-01
2.423317768457740329e-01,1.069414000327965075e-01,9.669032028547039914e-01,1.617509739018502535e-01,1.524838457238503753e-01,7.218237320171418947e-01,7.416059788169837574e-01,1.765631147373802889e-01
2.664609179569315534e-01,6.408458753037338251e-01,7.728648872379312307e-01,3.187678573314146058e-01,1.285588264307787609e-01,4.141070713362295930e-01,5.640218729153505528e-01,1.764109526389281424e-01
1.445743469485165078e-01,1.692979822250538224e-01,8.395314017688628727e-01,4.278141254225645840e-01,1.927585256853584228e-01,7.155164615121401006e-02,5.169699477029978674e-01,1.778425870346105886e-01
2.370874506207314159e-01,3.154174569784857773e-01,7.506361839054453977e-01,2.593882817538958885e-01,1.897911574638518062e-01,2.893547473900532352e-01,6.877848783908178110e-01,1.758403062900731895e-01
3.158809548818960478e-01,9.983235258868633499e-01,6.947896593052641512e-01,3.216908328252143234e-01,1.481280127823035864e-01,1.379342688493162550e-01,1.335218160939276033e-01,1.795904060317736195e-01
2.925172541797369519e-01,4.209521077866436589e-01,8.248532859583372900e-01,1.208398778704916632e-01,1.728974977363362808e-01,3.141772038966912928e-01,7.082902833833939482e-01,1.778637332704885166e-01
2.122190295000856985e-01,4.606145225787017239e-01,8.896279620872913352e-01,4.014298350187978093e-01,1.441256714194565081e-01,6.221372616750053819e-01,6.240126649534788461e-02,1.788740279025306523e-01
2.801058641915190051e-01,9.287070846589895456e-01,8.360262187878937379e-01,3.567258156874177910e-01,1.213857911328675154e-01,2.503735795119543805e-01,5.805020324507805807e-01,1.773236414456791921e-01
2.163242487525138258e-01,1.634401558833472601e-01,8.660415792965535653e-01,2.454727902509691584e-01,1.595908709587867957e-01,4.345642780099982505e-01,9.776035682920625192e-01,1.732190748226760668e-01
3.062889558457616568e-01,7.387503036814218049e-01,9.194796528331328211e-01,1.244225310908148863e-01,1.865047643144297496e-01,1.283970488617091621e-01,5.021204351932196941e-01,1.787625491812210032e-01
2.699563262705286237e-01,6.842943132424522679e-01,5.391437517169800353e-01,4.551855214857771781e-01,1.061617009325628996e-01,4.281825703062194788e-01,4.778118742246767470e-02,1.818491144895875988e-01
3.617112110553831195e-01,9.918016376397413847e-01,6.933539087689345459e-01,1.870546672866162385e-01,1.593016247260585216e-01,3.158015352092398698e-01,1.849653965081204943e-01,1.795270285923412090e-01
3.049051365906658706e-01,5.877891332699225480e-01,4.459990457141259634e-01,3.196072403548135266e-01,1.553376828418836786e-01,2.896866848649957138e-01,3.895996439387212629e-01,1.795765824426199808e-01
2.287066476466366183e-01,5.344138387020596070e-01,8.418293221191196496e-01,3.600076617195726580e-01,1.210011844831496985e-01,3.869053311603963818e-01,3.806097524501875773e-01,1.800792926814287209e-01
2.207914685399656740e-01,3.037861974252232811e-01,2.884519685931712374e-01,5.556567167687030961e-01,2.070221115113535237e-01,8.805482253606666809e-03,5.947260099443760772e-01,1.785763019731888002e-01
2.239663266311023304e-01,5.793416716035588721e-01,7.240302539875478338e-01,3.658588653288792902e-01,1.497535998647316624e-01,4.662467277871873428e-02,5.187387816340826019e-01,1.787464125911228940e-01
