7.753196789128687927e-01,4.063228740710477238e-01,3.444742012045676205e-01,3.775802725340723365e-01,1.670058330699758786e-01,1.781747711777195431e-01,7.989977658071336641e-01,1.639767232790505513e-01
9.823894840211797597e-01,4.206292554621462454e-01,9.003557747781379406e-02,2.746453115923659927e-01,2.408130768719346781e-01,1.251028714101770634e-02,2.726090362707518366e-01,1.662466644932321380e-01
9.039799960968245562e-01,7.768319307330359136e-01,2.966714272645937234e-01,3.314218081801263427e-01,1.356550976945793130e-01,5.598959187351424394e-01,6.289772168890310766e-01,1.654490208275666285e-01
8.816881708055496203e-01,4.746874761337857018e-01,1.335370573313372500e-01,4.169524490812321904e-01,1.724973324592034563e-01,1.901551021635636829e-01,7.646273369169918066e-01,1.658638806854442760e-01
8.654135013328465575e-01,9.764900900963582320e-01,1.942990823667445355e-03,6.481434800549256137e-01,1.405036855956454667e-01,3.865864083519249261e-02,7.172471642435540584e-01,1.656439114812471303e-01
8.684027293426368477e-01,4.773544853880838379e-01,5.812305471734585671e-02,5.415889022594961855e-01,1.329336753149449324e-01,3.897516019708365809e-01,3.719816009871644846e-01,1.653074417710634070e-01
8.135845182812433407e-01,3.675910465895265711e-02,1.791985279845115520e-01,4.095742474444267200e-01,1.524347151135206913e-01,3.634830778519460015e-01,6.624974124130740272e-01,1.646073290970987424e-01
8.217705664167243018e-01,1.153540762896088090e-01,2.834935077003233328e-01,3.469996211700989153e-01,1.501510667359299001e-01,6.106610634461422382e-01,6.057393477304585661e-01,1.649393040315364212e-01
8.486101865719031245e-01,5.468806601369186060e-01,3.284139901649685833e-01,2.974866330102074463e-01,1.833239749516885619e-01,8.935218849815718123e-02,8.758924628896731512e-01,1.645381518280570055e-01
9.471489675872071246e-01,5.864571891127645653e-01,9.010536166867146035e-02,3.887726143829307035e-01,1.836689791073856104e-01,1.191631003959909563e-01,7.955845718334835226e-01,1.641414767818915876e-01
8.296203375891968435e-01,9.851263962416723086e-01,4.613329752471948542e-01,3.666496914975312937e-01,1.135552439925786028e-01,6.074106662877224450e-01,7.538603786394371120e-01,1.651316322317905039e-01
8.566134677331596059e-01,3.614625537129882438e-01,2.067557025856681108e-02,5.573071613356312959e-01,1.099609141979401294e-01,3.816838934116659199e-01,6.811239793684489285e-01,1.646747567752173402e-01
8.927889310683202462e-01,5.136412076236210877e-01,9.404513836944183858e-04,5.422941140691714956e-01,1.616395493450188403e-01,1.990458400825877439e-01,5.308135792593180469e-01,1.658246676626156935e-01
9.514494939540751872e-01,7.644438192637177387e-01,1.345063355632281632e-01,3.916509881862837439e-01,1.557052466352005227e-01,3.658623974256383082e-01,4.416087099273878214e-01,1.659891309944842852e-01
8.502260416622459127e-01,5.656488376276930241e-02,3.695675777783656302e-01,2.880888082977008380e-01,1.927978375339647055e-01,9.520445751247020860e-01,2.492197834169510018e-01,1.638928059608487087e-01
8.857727295147995727e-01,9.094192778347216510e-01,8.141509017528140990e-02,5.275816393225881695e-01,1.469573098191556682e-01,1.408139722117479620e-01,6.048819325130728730e-01,1.641623884707230363e-01
9.137555104440312492e-01,7.598493319749521913e-01,7.224459770430927130e-02,5.062598803798405989e-01,1.459433009888158328e-01,3.475724550219742581e-01,8.296740069255559291e-02,1.656554199100344626e-01
8.393463809936648756e-01,6.323280245756208728e-01,1.079320026995765625e-01,5.030010412893499705e-01,1.689698673943616780e-01,9.358145897094116705e-02,1.084150685341689901e-01,1.656803723897458114e-01
9.013022891559084870e-01,6.928666111577034270e-01,4.855265482675788502e-02,4.943032050305187219e-01,1.649678418748356523e-01,8.006289324545182162e-02,1.833853385587790874e-01,1.669704993758885925e-01
7.988498902939147328e-01,4.199380939449490757e-01,1.900029404813739220e-01,4.233773767622917572e-01,1.932311242730138101e-01,4.091631630947625831e-02,1.944062718629996911e-01,1.659026641090754484e-01
8.347559447511003761e-01,1.695300173408155753e-01,1.112726785714051592e-01,4.354832136185409763e-01,1.424244028107517213e-01,3.541164640587147749e-01,6.931099551430128791e-01,1.643394559147421941e-01
8.553571004379227904e-01,9.566967291342771684e-01,2.147080758624647645e-02,6.098607794901540480e-01,1.612533163053829766e-01,5.913654157095438180e-03,1.731083802611120270e-01,1.680975766731172272e-01
8.650665188286362772e-01,6.343160842720034776e-01,2.121694234238562515e-01,3.452750777608504240e-01,1.629050619855042237e-01,1.057152364792562915e-02,7.054504564055419369e-01,1.661552543471379040e-01
8.163580608220427637e-01,8.513381046371395477e-01,2.887824925432119771e-01,4.477592292973696098e-01,1.633835481895646036e-01,1.662896731617553303e-01,4.974513665000339091e-01,1.650045173256041442e-01
9.446634714217109208e-01,6.920256955773274044e-01,9.844426753868813773e-02,3.977841522395221263e-01,1.664680885082169548e-01,1.697570750541389506e-01,4.499698910661148465e-01,1.670045722268876931e-01
7.504164270906285017e-01,8.023826534297739954e-01,3.539960830945949599e-01,4.616483538370876882e-01,1.647793223938988083e-01,1.038308722815184382e-03,3.789720474297336716e-01,1.659841734897477272e-01
8.988414033583906892e-01,1.296929592940915810e-01,3.270734556850804498e-01,2.624462623174726450e-01,1.944106776083389665e-01,8.872970818389382952e-01,5.354220312745492372e-01,1.639911528765963800e-01
8.456591590899315003e-01,3.419653459241530080e-01,1.867940317921379101e-01,3.694895130464954103e-01,1.476867444815648522e-01,1.596008809373922754e-01,9.070367925075235593e-01,1.646723436893452464e-01
8.112455076302850232e-01,1.604931159113767158e-01,1.783854291799631953e-01,4.125253815952971137e-01,1.736917217280230241e-01,1.251034799770982253e-01,8.192592469540195266e-01,1.647274865495395590e-01
8.976498757578401655e-01,5.512152694289564892e-01,2.178966309887780395e-01,3.632700748902272236e-01,1.294295263973311294e-01,5.139993867090941748e-01,7.880239426002035863e-01,1.648324133974072569e-01
8.998227193888778119e-01,7.382204635976918894e-01,1.204806867703796941e-01,4.292761468413534565e-01,2.060396183743683773e-01,1.013066883355196457e-01,8.385090420351687390e-02,1.659906568246497516e-01
8.822172009709289275e-01,6.061695708256992221e-01,1.212922099513934759e-01,4.759265698803564759e-01,1.461110233604910047e-01,2.071059641956487507e-01,7.999875787407377814e-01,1.651859321745066111e-01
9.009944720308009636e-01,7.730276718748296805e-01,5.275638190348350132e-02,5.226685064312855955e-01,1.903478784181603656e-01,1.261994733328791751e-02,7.131281046101407561e-01,1.659082931147817519e-01
8.274836244634802274e-01,3.299812947461749912e-01,5.952679021486859123e-02,5.513672402937056516e-01,1.572099338070024888e-01,2.305526989095742496e-01,3.596297372591350516e-01,1.656733039123565732e-01
9.739858450215168606e-01,8.816905892015751700e-01,1.211671399377222402e-01,4.410228505242795860e-01,1.274677819142397139e-01,5.450013919188092526e-01,5.303398224549052964e-01,1.653297381838911284e-01
8.947836324194199387e-01,5.977253746030130044e-01,6.716387719145741619e-02,5.269174300581790371e-01,1.372044693514591351e-01,4.753449007565021533e-01,4.392164511229467161e-01,1.650115396595160933e-01
7.866658485013550139e-01,8.021458238612545477e-01,4.071864090414465398e-01,3.813632212857487325e-01,1.526599582560744239e-01,1.488981004354217874e-01,7.924857077686127127e-01,1.641068376540490703e-01
8.797671148246026807e-01,3.548460451876759292e-01,1.174774890144730799e-01,3.905170929072523944e-01,1.534322413170245425e-01,1.010043553133715410e-01,9.088780321494059899e-01,1.657315350677081300e-01
8.655017358093810564e-01,5.336068675351993695e-01,9.270958235596937769e-02,4.892856025593943503e-01,1.802111779906303002e-01,2.640799209935018599e-01,2.064353192408352466e-02,1.656413268925721605e-01
8.648542225603907951e-01,9.481658099584983068e-02,3.114193657178098706e-01,2.987101118831583246e-01,1.790048063352007168e-01,8.443169659893224877e-01,4.911073092995102973e-01,1.647315550123141237e-01
9.172171239033398704e-01,9.129481889232855529e-01,1.509991106993772980e-01,4.364836436443771950e-01,1.272812802611817118e-01,3.263687869280134102e-01,4.917454121363947217e-01,1.652890090111399091e-01
8.974376846224766391e-01,8.375778205424886380e-01,1.910014544924369395e-01,4.141660678822142727e-01,1.434739020539221033e-01,3.350123096430878133e-01,1.556237284490968875e-02,1.661158955966149653e-01
8.772833629690336421e-01,6.249600461444775323e-01,1.147751749222238327e-01,4.187657075405494256e-01,1.493835866558309300e-01,3.419164280117625854e-03,8.510978681589529415e-01,1.666689906217891648e-01
9.822047902564047250e-01,5.085351683073904283e-01,9.744492729240082640e-02,3.055232055338719110e-01,1.873805717917396974e-01,2.074628557943059559e-01,4.786254007089665308e-01,1.655292867418133584e-01
8.655235499664217791e-01,6.572453415565517876e-01,2.418924132433341867e-01,3.905982048272082507e-01,1.394611802158015335e-01,3.908583730406487988e-01,6.570161000896691528e-01,1.645077863429572906e-01
7.998770250847166974e-01,3.675539870931188169e-01,6.669766023464648863e-02,5.654812058754310478e-01,1.115842824706695935e-01,2.183708816883048187e-01,7.513583821865175150e-01,1.658497813665078813e-01
8.210103992920834148e-01,3.955510056678634978e-01,1.174419501987036124e-01,4.994361930742736155e-01,1.253494468866033495e-01,2.978799550047935840e-01,8.052608196508244109e-01,1.648320746177829033e-01
8.303900837892560505e-01,8.514201134064155463e-01,1.801917640869598602e-01,5.489461146518035406e-01,1.250420501958205977e-01,3.116087547180175221e-01,7.938164914339659317e-01,1.655169381976412391e-01
8.946040849553703600e-01,9.783695259661264743e-01,1.127723021345905519e-02,6.012965839009323243e-01,1.155726179448231389e-01,2.089936055361796829e-01,6.410935281302044819e-01,1.672048727080392982e-01
7.311688448149921138e-01,2.449451482005094993e-01,2.362090047470527809e-01,4.625058611478573556e-01,1.628025062818553859e-01,3.296468282663927996e-02,9.411732518350053311e-01,1.647037240403609604e-01
9.440393598980437728e-01,1.966204891542261413e-01,1.473933367186414101e-02,3.722771433116061068e-01,2.579406035845981382e-01,3.377735954328181522e-02,3.020211560603347500e-02,1.662686699221670172e-01
8.829717710695929034e-01,8.443730997212992584e-01,8.286096613847493408e-03,6.159773147204952171e-01,1.469601973323946820e-01,2.067837984742789126e-01,4.433747461808872359e-01,1.669635320373386023e-01
7.449522388442655352e-01,4.743168641634808447e-01,3.136408832168985916e-01,4.452029939221858745e-01,1.707859855467789567e-01,1.731709286258648062e-02,7.603628347097441953e-01,1.647480288922789637e-01
9.289329151097680537e-01,7.285367824671893366e-01,1.257115322938090196e-01,3.858782858733991183e-01,1.902642862209831531e-01,2.023148936897770089e-01,6.550529123211606963e-02,1.661752311112808522e-01
8.408037686387119791e-01,2.473199208486381862e-01,1.923423811859764632e-01,4.082488898747578254e-01,1.705554320753803477e-01,5.345124674877004267e-01,1.798744220431949814e-01,1.649212376103121880e-01
7.709731524488213639e-01,8.246824753975651179e-02,3.188703113399063427e-02,5.983155215262808690e-01,1.267585189211000163e-01,2.124459724630293478e-01,9.430087203484197600e-01,1.634539460562027813e-01
8.527569701521438006e-01,5.210275999393091384e-01,2.303755710787135369e-01,4.371043553673645832e-01,1.312901597545370613e-01,5.978692024551155448e-01,6.943251136151209479e-01,1.646741241405525191e-01
7.706580113009440236e-01,2.487050504004375551e-01,1.989333003674584321e-01,4.556675203661896822e-01,1.669642062859581222e-01,2.026240600735130792e-01,5.844633746071226099e-01,1.640543922419261946e-01
7.878962023071323095e-01,2.579803212698970616e-01,2.107888390581492133e-01,4.508189843746676084e-01,1.614249963967690771e-01,3.966411039239876590e-01,2.278900980802995302e-01,1.646737578244421019e-01
7.336245715126038514e-01,4.759137376785046447e-01,3.380887739086634314e-01,4.392489658280145370e-01,1.683206603031581206e-01,6.199328665973605212e-02,8.598460932603029239e-01,1.639794182112096765e-01
8.293803255074641001e-01,4.350019489685084118e-01,1.812565350365643035e-01,4.508429672577994873e-01,1.631712379972152793e-01,2.107823638627992768e-01,8.506105543952682257e-01,1.629017137282539884e-01
7.435571874449768970e-01,8.287797154780343067e-01,3.330630962691538688e-01,4.852168224882517089e-01,1.598046902044731321e-01,1.661304713220046470e-02,2.766667006641513327e-01,1.659721238659126463e-01
7.367898909712362610e-01,5.326386183537297203e-01,2.825278019627484039e-01,4.803886001396581729e-01,1.384293021761940079e-01,8.226922237447126252e-02,7.968138825902356670e-01,1.657135397119216536e-01
8.753990330417530386e-01,9.951347551781053458e-02,1.117588146587250586e-02,4.718607082388049934e-01,1.990552195514905254e-01,1.588835446268626606e-01,9.709007290618576480e-02,1.667423657216749178e-01
8.470115425106543583e-01,6.877503382444317692e-01,2.132326320246718532e-01,4.028299534493418044e-01,1.415328830988529796e-01,1.688745534887012845e-01,7.645549646094464968e-01,1.647751858865138253e-01
8.912046744897924588e-01,5.236965425568899102e-01,6.870419951390388524e-02,4.450065232710910812e-01,1.577994935070386462e-01,1.887573428100896566e-01,4.412194276894759737e-01,1.658876545399089741e-01
8.073327443950250037e-01,2.156257972769208275e-01,6.426287309724337815e-02,4.981587113570861147e-01,1.763341884809696281e-01,3.607261390392935141e-02,5.441290680353143561e-01,1.652418330167064742e-01
8.818605590126699090e-01,1.680649949852170977e-01,3.968932934482011232e-02,4.612010939985433100e-01,1.750176681354791153e-01,2.216081831765630561e-01,5.848670248988764309e-01,1.657028353644542928e-01
9.002189664842907835e-01,7.676152638606478229e-01,4.014855154970400908e-02,4.796344956326466513e-01,1.858731022509292341e-01,3.694552050941768417e-02,1.699656134024664089e-01,1.667710922562095355e-01
8.331882085232755752e-01,3.791176265974278148e-01,1.241399476562954907e-01,4.276752346884265532e-01,1.753935271642493854e-01,6.923591107456186777e-02,4.342146075367349645e-01,1.655455316289249357e-01
8.379700065821901189e-01,7.822426131935287241e-01,1.738152047652898879e-01,4.802125586026250170e-01,1.289429197155858575e-01,1.514079058362809427e-01,7.188877399569572058e-01,1.654520222294334486e-01
8.569823506598859275e-01,2.781021253434580176e-01,1.973237223949592944e-01,3.445849910036240527e-01,1.946350200955931642e-01,2.287358081709182644e-01,5.518749906208463285e-01,1.654904381140812342e-01
8.704933335650562043e-01,8.003283269603335137e-01,1.054187263514313466e-01,5.064855087995603355e-01,1.710448182137077888e-01,9.705188349375154511e-02,1.120279260815337796e-02,1.660799715326812531e-01
8.180778690759672456e-01,7.929930443084874936e-01,1.017137893734767345e-01,5.989202204192564105e-01,1.576955827712009373e-01,1.983050724441620949e-01,5.027751849481065793e-02,1.669312426047707132e-01
9.105231957152278843e-01,7.602160485354420016e-01,1.139523085436934535e-01,4.775764267027719501e-01,1.294243556164959841e-01,4.005800412092050955e-01,6.896980470255325013e-01,1.660998696761783189e-01
8.414211350509220866e-01,4.416737524393454795e-02,1.220088923386510871e-01,4.795381529814715660e-01,1.553602119144849580e-01,6.574426986349602986e-01,3.630296399155831244e-01,1.643056239760515569e-01
8.147735826236672807e-01,7.906726156235448499e-01,7.793612386888756904e-02,6.304219956235226352e-01,1.526687357730497074e-01,1.217991985530056664e-01,6.870299904361301113e-01,1.641368343288759080e-01
8.850918733765452684e-01,4.176785359646718598e-01,1.712078551377402280e-02,5.041456217681830054e-01,1.274191734763877593e-01,2.297048548977915772e-01,8.857995849272399802e-01,1.640099008496273825e-01
9.128446975422015441e-01,6.062126626004659125e-01,1.446185124827902291e-01,3.610938089297953124e-01,2.227320650681748337e-01,5.058135326928259179e-02,1.700674892605611999e-01,1.657367323391065739e-01
9.379573123545371649e-01,6.565699979939150221e-01,5.158290657740355334e-02,4.423783889225055277e-01,1.884899111541699923e-01,1.535130986490197968e-01,5.961065863731263015e-02,1.671129390951620330e-01
8.363373102674518389e-01,4.358863157727671522e-02,1.948254156365384626e-01,3.489629159183074703e-01,1.697634484447426151e-01,3.845737629829873994e-01,7.954313298995108195e-01,1.639331411215805279e-01
8.565916231753172294e-01,5.743270459433377217e-01,1.015683403109427230e-01,5.169290820055750801e-01,1.195848754038688205e-01,4.028241821204425199e-01,6.236940314227785720e-01,1.658788436933343602e-01
7.984978430937753613e-01,4.676768851160804652e-01,1.571092128530366949e-01,5.238947539000609055e-01,1.424676706343812049e-01,2.115686628156835114e-01,8.766221260501472212e-01,1.644530932153734082e-01
7.742332391758915966e-01,2.788261050983943945e-01,2.149565315491795969e-01,5.081629722999909671e-01,1.161314772727862210e-01,4.826351879645222609e-01,7.361241625019451229e-01,1.650231813084339083e-01
8.954780744793402469e-01,2.159602908198367532e-01,1.117965845700379934e-01,3.917762830582772193e-01,1.563331030538384347e-01,2.929091240078562919e-01,9.284432572655894056e-01,1.645277331520218489e-01
8.606285155521899988e-01,3.586590670328969055e-01,1.307807673995654563e-01,4.395332466576332142e-01,1.542419032672925627e-01,3.361046209924738459e-01,6.594445166665341418e-01,1.650847695231486834e-01
9.763134402153236246e-01,7.611485202744490142e-01,9.975760530029106898e-02,3.936690997217485721e-01,1.480718414687126616e-01,4.129415545422818190e-01,3.685996993892116658e-01,1.653193405607476518e-01
8.249365733560669600e-01,3.603434855501911338e-01,2.502986268883111154e-01,3.712183539702801904e-01,1.511569225864309307e-01,3.169867106082291941e-01,8.143394577870644024e-01,1.645674887936849351e-01
8.638907357081201388e-01,8.043596915484869658e-01,1.761416831855057152e-01,4.683321921893890405e-01,1.676646547910447815e-01,8.377352793526876562e-02,6.196802776849457128e-01,1.656103706827765643e-01
8.648503946012739974e-01,4.175495581615773499e-01,6.819914497176654544e-02,4.783857448991652994e-01,1.535467231357509621e-01,2.978669174717942791e-01,1.805372508161681155e-01,1.664574317425537575e-01
9.063903862351332386e-01,3.212591714830281830e-01,9.756181491569024256e-02,4.028567660720026034e-01,2.018176754504878156e-01,3.034801946960308805e-01,9.022032918670691570e-02,1.647946423396861593e-01
8.949615030648234715e-01,3.210808064687337704e-01,4.342425691079079830e-02,4.863718839075477085e-01,1.349979268171389579e-01,4.490200746378971153e-01,6.148992967904446383e-01,1.656439688533252741e-01
9.432156142728609360e-01,6.030367581191722337e-01,1.513810677970208740e-01,3.277644356240744239e-01,1.938583032962859498e-01,1.849459559549494203e-01,2.977146497528228020e-01,1.646181023463043347e-01
8.212011202315089298e-01,3.294330504922129421e-01,6.969242290455782141e-02,5.419489428650382523e-01,1.256413246607721024e-01,3.680208895947645331e-01,6.641594234180930867e-01,1.656705635174751945e-01
8.480065690076384888e-01,7.904017681440649312e-01,2.190621105587048367e-01,5.046036608527472156e-01,1.237585184353169887e-01,5.475585246343188661e-01,4.077055859212467825e-01,1.662427845305362861e-01
9.422312437409932073e-01,6.888241583112364452e-01,1.703906246051015982e-01,3.249930767322863900e-01,1.715468650815392126e-01,2.919751570656918815e-01,5.577319198973440528e-02,1.663781375557440712e-01
7.862938743853736812e-01,3.017740389202334672e-01,2.051219915413071693e-02,5.927245146351920457e-01,1.287022330735522746e-01,7.076312714519028546e-03,9.579392965745583410e-01,1.658677447007759764e-01
9.502253599943455420e-01,6.418590215131222410e-01,6.559624103867589540e-02,4.286384374846721190e-01,1.577742579911690923e-01,1.983738419183112833e-01,5.711216523623297014e-01,1.656988989166418291e-01
8.939226965646883682e-01,9.445582177699141102e-01,6.898508042134771090e-02,5.702482704375869682e-01,1.305353746125545999e-01,3.088589290663894538e-01,3.743180528498408211e-01,1.664814842332198175e-01
9.340346486513353419e-01,7.418794853355978880e-01,5.757618529168442856e-02,4.607220464133088278e-01,1.487900930572037539e-01,1.096094879431742664e-01,6.751866429369861589e-01,1.652173945275213773e-01
8.714674190466698001e-01,8.955185459571557427e-01,3.224146210926371325e-01,3.618493147553161204e-01,1.444770645661366260e-01,3.245078869873403993e-01,8.582870037433361077e-01,1.636111942657616780e-01
9.220296640494942686e-01,7.961709238153582557e-01,2.790157938270468319e-02,4.956596069853299591e-01,1.531373417124453074e-01,8.723230234953066597e-02,3.997748313312564084e-01,1.674689760547590223e-01
8.401566828821107613e-01,6.890605057882750462e-01,5.421067713642835351e-02,6.312582063685705513e-01,1.059787242020638343e-01,3.786393463236985002e-01,6.044624771055480128e-01,1.655673681176792200e-01
8.890654877261092714e-01,5.843693458458856238e-01,7.535232631064087139e-02,4.677243671209504461e-01,1.951030499802465790e-01,1.708967200936490904e-01,9.132093867806340137e-02,1.655970541130294682e-01
7.756608317175142098e-01,8.491662874697272212e-01,4.277116463077194064e-01,4.467194415932092544e-01,1.273913739828924085e-01,4.417567234482394634e-01,7.585874777487797704e-01,1.649165844650687662e-01
8.147893286273031332e-01,1.360985861088486737e-01,2.165650801768737865e-01,4.587580284160542865e-01,1.504991096790614102e-01,7.591013115536693334e-01,3.715491147545036399e-01,1.638581075639400086e-01
9.029519111810565546e-01,3.502180629090291264e-01,8.310455847753417391e-03,4.768997564955319013e-01,1.688452588805982035e-01,1.261991618383566105e-01,8.387102023074888280e-01,1.664344736333059072e-01
8.537876545275205897e-01,2.140599011047421563e-01,7.215863842069661360e-02,4.459878041776465518e-01,2.038633233797195188e-01,7.220579039191987736e-02,6.531706772380683201e-01,1.650436116906802420e-01
8.918342263353475907e-01,3.208087842727247452e-01,3.250210465101449619e-02,4.418402203669847816e-01,2.075461140980551233e-01,3.095515788789676703e-02,2.081832842092260494e-01,1.665570135809013308e-01
7.909893485664946100e-01,2.983068133693375645e-01,3.243711792018534879e-01,3.769168118827888603e-01,1.589795529300404020e-01,4.266252051179889038e-01,8.271235970228844048e-01,1.636086796299214829e-01
9.015637665617357577e-01,5.967760568785061004e-01,1.048177408873678801e-01,4.100964177961430868e-01,1.448593692569718483e-01,2.193567945650244100e-01,3.619649610008197071e-01,1.667293484083007260e-01
8.138354116292700891e-01,2.015606984628970366e-02,1.923173912605427027e-01,3.867004235892834152e-01,1.444661308798509958e-01,4.249059491832012370e-01,6.315326431780556860e-01,1.642882130661303952e-01
8.972151022642040896e-01,1.532334979185248081e-01,2.489914077096100353e-02,4.581569439276781952e-01,1.452203546597858053e-01,3.544927177301007704e-01,6.410134506216618178e-01,1.652856691825705104e-01
8.864102984797488372e-01,6.940974917936644228e-01,1.599741016699225971e-01,4.665746934697060366e-01,1.154017849257921446e-01,3.982065484938476230e-01,9.768424323066662307e-01,1.634063294143002221e-01
7.236471118792163759e-01,6.236313668350212946e-01,2.877093325645663779e-01,5.386214972475227292e-01,1.523697772886104806e-01,1.730645922351644606e-01,5.463361881103133699e-01,1.647271129458783012e-01
9.235236861670863551e-01,4.300662949569951099e-01,4.420112934715746122e-02,4.697374015593538954e-01,1.563652147801712355e-01,3.940531289113176627e-01,2.577716993690748470e-01,1.660668617319251972e-01
9.827531997267905384e-01,5.037264749322231117e-01,1.086231778444820550e-01,3.045939606172956005e-01,1.941133204952734115e-01,2.377046143374101916e-01,5.725052189324942864e-01,1.658490340976859212e-01
9.274555669136872460e-01,8.520064502674600249e-01,6.077701064031520994e-03,5.775262682579538343e-01,1.045911530848356308e-01,3.506180044733144263e-01,9.004821365586836990e-01,1.648818924194663249e-01
9.476066479842699675e-01,3.667519847687628620e-01,1.001197800655078823e-01,3.103399802893845871e-01,1.839808195820480108e-01,1.009698126185909484e-01,9.152869465417903250e-01,1.644380626787288469e-01
9.144762012583614874e-01,6.522102865603298660e-01,2.067529106441565179e-01,3.433551224191596085e-01,1.385879205428589556e-01,3.441342730590655208e-01,7.708239650006311061e-01,1.650019193741642243e-01
7.611581526563564459e-01,3.412037380256014441e-01,9.334327638547153250e-02,5.702340384537477602e-01,1.502702443179410596e-01,1.826064409411565226e-02,9.930133156634579628e-01,1.651769429491626584e-01
9.003554423564517073e-01,5.230276780951893523e-01,1.268636323693510537e-01,3.783698697278609080e-01,1.690731488958881756e-01,2.319970009399295319e-01,2.834023757074954353e-01,1.651019516190554703e-01
9.396041238697058207e-01,3.052808744602475977e-01,8.380311581083776939e-02,3.826261136483128933e-01,1.719096747432578842e-01,4.461889758398647765e-01,3.655626219058872306e-01,1.643827136750228013e-01
8.589662994090105919e-01,5.394736562001447577e-01,8.623373042527193721e-03,5.745591756346350998e-01,1.731072663812560086e-01,7.135837273583117701e-02,7.009602839848625422e-01,1.658321710680897842e-01
8.216941820037232391e-01,9.189043196051426277e-01,1.959392052498402370e-01,5.542070037938724436e-01,1.127795342044284610e-01,2.205865711220121872e-01,9.769137763257225160e-01,1.646461707559277732e-01
8.093837365569078734e-01,8.409736781596255373e-02,1.726781989070464984e-01,5.079929644402453315e-01,1.217516480163629150e-01,7.722292504752052977e-01,7.226012538538755248e-01,1.634328945848216308e-01
8.198911073140058292e-01,8.791627802985297890e-01,9.952370243469541022e-02,6.126757572016030551e-01,1.243111631617994234e-01,1.178064875922332222e-01,8.688441006374902909e-01,1.656269407337732924e-01
8.847566426130890616e-01,6.756686239840128394e-01,1.051355814978081338e-01,4.490852245180234070e-01,1.802381491655343781e-01,1.958264748852508452e-01,6.321673833761576322e-02,1.660841983855363968e-01
8.690995881035684656e-01,2.083659479673061199e-01,1.627826541215735001e-01,3.222350515864313425e-01,1.945222093707145994e-01,7.510362047837504385e-02,8.081604936014563645e-01,1.633620203487360090e-01
8.004631880140882227e-01,9.687535275732223061e-02,8.292150602255260461e-02,4.796507264075827170e-01,1.327147308031050854e-01,1.852971958063933111e-01,9.031570524545355916e-01,1.644184413901541852e-01
8.765705406414371348e-01,2.014584293983791019e-01,8.131640444852558658e-02,4.259105587547196148e-01,1.738753185979877991e-01,2.315034284257874719e-01,4.365931270872206449e-01,1.645345381341813962e-01
9.502437224985187392e-01,5.293079126367290499e-01,3.410267033899017086e-02,4.401776983696745749e-01,1.654060194582800125e-01,3.421384761786684936e-01,2.694721570820765577e-01,1.653874132006426245e-01
8.586070424597730399e-01,3.480018999695566051e-01,2.261015580284331805e-01,3.167995865979706949e-01,1.622953328999415246e-01,2.275208123040494412e-01,7.446335073179746189e-01,1.635945620648044108e-01
9.065460344102516110e-01,3.203228892380874937e-01,2.012531785546707308e-01,2.622437884730850488e-01,1.977462372649262945e-01,2.391417004314676520e-01,4.897967165463841810e-01,1.644505813015208762e-01
8.550025442269040266e-01,3.268353731981715748e-01,8.947693295237940658e-02,4.146619553318520168e-01,1.830776086814582815e-01,1.045302579187179504e-01,2.298294960269137710e-01,1.669350826302212487e-01
8.930922374496750304e-01,6.008957141732518270e-01,2.139469768111237902e-01,3.244408255736062063e-01,1.689816585324214471e-01,1.246284415107150878e-01,6.102275052769217112e-01,1.651017068502821650e-01
7.458738762260309629e-01,5.590172111754052597e-01,3.416528116467552056e-01,4.322989595136870755e-01,1.394069939975773886e-01,1.723418761024815282e-01,8.905321020558383260e-01,1.646488090424266526e-01
8.561340681209708148e-01,6.655612766145880821e-01,1.635338256519285882e-01,4.761120349570255317e-01,1.726387292930802175e-01,1.198557340607626087e-01,6.305764409238461266e-01,1.645004318395663079e-01
8.341638447358448172e-01,8.441628744518211436e-01,1.057924688750217224e-01,5.862440759136069435e-01,1.414272915784639262e-01,2.446613968944250650e-01,4.066182397763207224e-01,1.649139133036608418e-01
7.324809834484246052e-01,5.672719517459849925e-01,2.193150694518299637e-01,5.656054427216858915e-01,1.519800536394591006e-01,6.587472968814861440e-02,5.452781181199544136e-01,1.652953672780015371e-01
8.204453087991877558e-01,6.292100061764490659e-01,2.888368997554444095e-01,4.044345282017587362e-01,1.201962730544124114e-01,3.162740936222204202e-01,9.500850884603759816e-01,1.640658867540404908e-01
8.062447367657219477e-01,8.562832620309298592e-01,5.988446983495643305e-01,3.347064234218815604e-01,1.326959260658230333e-01,9.263773537223878307e-01,6.416858665019861130e-01,1.644854301751879355e-01
9.977599455671599671e-01,5.176921775385882052e-01,5.426841820489525237e-03,3.802454802693672198e-01,1.842971815315780637e-01,8.034655613357810644e-02,6.114949569388778983e-01,1.664755465246852972e-01
8.686210663660279829e-01,5.830797493523580677e-01,1.969215321101639715e-01,4.224724522302198970e-01,1.589048243697996632e-01,4.504904081172890762e-01,3.069756147329369966e-01,1.644134629679772086e-01
8.844457320871556005e-01,9.256467043707788944e-02,1.541999159885795445e-01,3.965802122606467139e-01,1.616878031525940396e-01,7.279737215180224208e-01,4.810685980473387025e-01,1.642752464367628340e-01
7.691105464850487294e-01,4.917854131866269407e-01,2.645983600958977111e-01,4.526134938765913329e-01,1.609953251186813927e-01,1.800796606627990681e-01,4.998413976975445983e-01,1.652567989761317691e-01
8.054777433286224309e-01,2.942811345582775351e-01,1.763100493262075852e-01,4.740045704143158178e-01,1.165432607416432981e-01,3.958341836569959082e-01,9.601891849075179231e-01,1.642235499983475122e-01
8.959808176900663224e-01,5.194230018389440762e-01,1.792219458618607153e-01,3.563021616184415263e-01,1.810412380509840713e-01,1.408214745281472502e-01,7.395723618353678974e-01,1.634461533703015779e-01
8.367670861758726986e-01,8.680278805891015192e-01,1.441727566386643566e-01,6.017959515844604201e-01,1.064656115364881889e-01,4.837972139932132931e-01,5.310880285997111594e-01,1.655467084288201607e-01
8.134044642432205485e-01,2.425222362379379493e-01,4.503008321040988249e-02,5.317034256768305989e-01,1.291506041031721674e-01,1.703760930719687428e-01,8.409562136563171197e-01,1.645936490727011314e-01
8.185242752058649041e-01,9.607445303252555302e-01,1.927358835322811326e-01,5.887067358235394954e-01,1.146686596691138260e-01,3.835137548698347443e-01,4.312735691724515208e-01,1.649976563727514056e-01
8.254834994563146067e-01,1.068481669880024798e-01,1.519770989948686091e-01,3.988594029220865478e-01,1.446780030296240527e-01,2.959718507886062167e-01,8.152166829359288602e-01,1.648976492663956350e-01
8.873517473379445297e-01,9.632954593733031867e-01,1.089372503308487367e-01,5.215410344574089585e-01,1.344140563898610918e-01,1.751589566493746697e-01,7.607308944379899129e-01,1.660037061479036902e-01
8.094213350618286729e-01,9.650923712503844953e-02,1.307266630337797775e-01,4.497666013835890375e-01,1.421629515779738173e-01,2.818088924808963558e-01,8.167040927246338455e-01,1.638064551388908607e-01
7.968422809468296286e-01,3.763622568787974298e-01,1.637840783496508079e-01,4.353842799586120083e-01,1.528962332627038512e-01,5.920591193065316560e-03,9.823224736108626676e-01,1.644416840747381925e-01
9.581785915213166804e-01,3.518060672210228668e-01,4.441101862500346220e-02,3.533354900220822548e-01,2.071203906622629265e-01,1.269164361666751395e-01,3.002802254922913860e-01,1.660035720205926546e-01
8.144735883660396691e-01,9.241873516640815023e-01,5.840963163154387905e-01,3.305554878206150016e-01,1.055218351461163356e-01,8.978251876459450997e-01,8.572430287080461397e-01,1.642448438513328113e-01
8.819610028240882915e-01,8.343123993974245201e-01,4.948341208841749994e-02,5.953687738040681632e-01,1.506321325637839104e-01,2.700482569033661462e-01,2.189238956180231122e-01,1.666585646988840153e-01
9.111245538178497361e-01,6.077495176408631572e-02,1.496138994924970655e-01,4.053777501660009164e-01,1.545193817183280471e-01,8.801566038226302791e-01,4.907932247845107065e-01,1.639725381297216789e-01
9.002811104104493367e-01,6.462022453285953816e-01,3.692738008295909369e-02,4.964032702342943137e-01,1.879220920368135095e-01,9.109602648237377642e-02,3.392632288849704580e-01,1.676569904618948337e-01
9.053411554241937997e-01,6.830897398710559232e-01,1.434307711492991688e-01,4.070245641493324684e-01,1.599263100044019670e-01,1.747722245821542453e-01,6.342317185029240356e-01,1.660517127662683445e-01
9.502143130384275160e-01,3.872344357005373938e-01,1.345123030236453909e-01,2.765605520719329746e-01,2.183436482540344059e-01,1.175870040338526379e-01,3.233079222122933194e-01,1.657063139351724612e-01
8.875509442992186582e-01,4.432465873927240452e-01,5.656888288413253196e-02,5.215087488880911781e-01,1.329561164922705707e-01,5.246458435605572124e-01,3.467795526959808194e-01,1.656143047506581645e-01
7.699939743912261880e-01,1.049469851283237887e-01,1.174187527414709553e-01,5.183022130412441308e-01,1.480687417994298316e-01,1.058550114685457844e-01,9.641349801285992172e-01,1.646560015309198044e-01
8.251566155317580087e-01,2.261748488066461227e-01,1.412384948077360369e-01,4.012586118476220154e-01,1.728144340706888604e-01,1.376362334132714416e-01,5.780602172945565886e-01,1.655802168444787115e-01
8.126783265986798899e-01,5.517833634221558370e-01,2.293663687241552507e-01,4.295303345543631801e-01,1.592333975383744549e-01,1.755422401628008722e-01,8.305422466479450705e-01,1.632788173321378378e-01
8.597250040003659999e-01,1.725596852288076577e-01,1.033053079744244984e-03,5.052297597883654845e-01,1.937078466911202335e-01,8.555168008300137461e-02,1.122783136777860680e-01,1.677633461347864952e-01
8.044424480205027983e-01,1.407474189294800060e-01,3.549463328584234745e-02,5.144532322735421159e-01,1.608933268217917212e-01,9.044015338377980884e-02,8.375349010315824572e-01,1.645739713545627536e-01
8.353517953682519925e-01,6.628099435397742933e-01,1.422179284033875390e-03,6.411355069865755096e-01,1.111260413957960158e-01,2.055933233639303803e-01,6.992321116486924781e-01,1.666698112728519920e-01
9.062015481835776765e-01,8.509462952655295620e-01,7.568334857461853082e-02,4.892540894990243250e-01,1.522921108588546069e-01,8.048432095645102757e-02,6.797153010402927631e-01,1.649557513700697087e-01
9.063217187665252306e-01,5.081401799465369296e-01,8.107516614172248504e-02,4.425917276835079073e-01,1.744523173582248621e-01,2.960103220518789935e-01,8.799783228870178275e-02,1.670565238748427106e-01
8.256305554224963039e-01,8.787433624656254549e-01,2.858419925858327604e-01,4.424705833160765822e-01,1.672089446439080640e-01,2.307720722889716747e-02,7.195018100542113215e-01,1.656670385456919525e-01
7.941378487551026266e-01,4.864768745289126950e-01,4.812962753521912718e-02,6.023807151005438065e-01,1.500588103363296455e-01,1.409843989784739793e-01,1.953599673621190802e-01,1.669334097496757985e-01
9.131566833653170789e-01,3.633769516406842870e-01,1.132764716886916906e-01,3.398574511632429518e-01,1.911542303250133301e-01,1.394109677986008489e-01,7.576154043161290597e-01,1.644376653804069666e-01
9.078081828743358450e-01,3.517939143443417072e-01,1.264157273886585831e-01,3.768032724141172629e-01,1.661255587582783355e-01,4.055705471781316240e-01,6.580176682690317413e-01,1.650380080600114818e-01
7.460559776056888692e-01,1.505513360946581503e-01,3.599877058099533178e-01,4.049097155634966416e-01,1.304668167656499733e-01,6.214939478792594896e-01,7.609480784241957618e-01,1.643159893349905032e-01
7.766074879559828892e-01,4.556720686530623121e-01,1.346999617055999188e-01,5.443591366736280079e-01,1.568195861928270707e-01,1.322141549144850714e-01,5.491383793175959038e-01,1.649791085735766716e-01
9.005434594481389610e-01,9.317718912235299911e-01,8.031445693706182332e-02,5.082798892228992393e-01,1.643278402033290786e-01,9.623722485104269087e-02,5.139359520388357971e-01,1.669249027360682203e-01
8.391705818749329859e-01,9.169769161135143953e-02,2.124691161813839768e-01,4.182223123313070778e-01,1.420865518666334926e-01,7.161476505084750643e-01,7.806215980924714470e-01,1.641861593770026495e-01
8.387479777632651512e-01,9.337919591588597079e-01,1.749546084046844086e-01,5.088967166722575541e-01,1.433609768299377585e-01,1.773581362235178704e-01,5.549213511602381077e-01,1.661880408667290032e-01
8.044335262807171816e-01,2.684901035790417390e-01,2.116909268109734565e-01,4.352103825992053587e-01,1.276774326281865379e-01,4.722241408100335547e-01,7.256528452768132853e-01,1.639461976589775272e-01
8.944667092803189057e-01,5.926220757479164769e-01,1.283305915791546625e-01,4.601824504854704068e-01,1.387171671453156785e-01,3.032201308702401898e-01,9.277011395874994459e-01,1.646081628095832916e-01
8.687780665524962309e-01,8.524166673391667670e-01,2.268802868639724357e-01,4.457972382512762621e-01,1.105293607432180775e-01,3.496925283358041647e-01,8.623228014436359334e-01,1.652618329360608929e-01
8.540412688478886682e-01,7.391447073222772168e-01,2.148666326439956920e-01,4.043536237750160467e-01,1.505606026209797554e-01,2.219041801182719542e-02,7.690353980261172007e-01,1.662695294598889040e-01
8.229575130262533067e-01,1.293315961120822255e-02,2.468919009043760993e-01,3.942648504977518953e-01,1.442697902386591846e-01,7.539570167957396762e-01,7.851490071362740020e-01,1.639018866334554514e-01
8.428805094716604884e-01,2.914437978807130070e-01,2.032376659377281569e-01,3.822452572970363449e-01,1.630037653690503130e-01,4.505813528339178697e-01,3.654159323466427134e-01,1.646398254619331758e-01
7.679418451544908208e-01,8.060809657744854029e-01,1.936500503472424473e-01,6.062199598587199034e-01,1.311004642590799796e-01,1.550141376992018871e-01,8.995677582058674293e-01,1.640466992963007242e-01
8.601211400789711137e-01,4.256974660245463338e-01,1.237182810115521892e-01,4.813895639658207215e-01,1.319297520194760709e-01,5.016421469876971573e-01,4.154668566776460459e-01,1.650458345369491542e-01
9.404015820696234318e-01,9.267108750590251631e-01,8.095922652031850575e-03,5.281839312717991897e-01,1.366221911671985922e-01,2.452366435671222977e-01,2.397045590851915597e-01,1.668190167265542201e-01
8.045513030178261804e-01,3.417161483845878589e-01,1.370446412669984737e-01,5.197929826937566222e-01,1.240919142906270894e-01,3.621594202197154777e-01,6.035843438749598500e-01,1.653366918583550615e-01
8.083968172635467297e-01,2.025943967788823019e-01,1.233473313121111054e-01,4.494729177864755787e-01,1.834695643532718023e-01,4.260401274710007291e-02,4.164284891843615943e-01,1.659655292208656319e-01
8.834670539567228698e-01,1.067320360713164273e-02,8.026723569858945639e-02,3.592200955289516773e-01,1.803778621656574044e-01,2.064717189327612279e-01,5.327348305630598135e-01,1.647712398736338735e-01
8.608188533234640838e-01,4.241594899206391212e-02,2.498065947776668128e-01,3.462759378340604655e-01,1.478896390236904834e-01,7.753876073095076205e-01,7.701731214435098005e-01,1.634758050650854111e-01
8.442718531765013301e-01,1.110437818332690174e-01,1.679030327266589073e-01,3.517387033766902205e-01,1.781066665646206526e-01,2.363791848783422522e-01,6.819457659056545884e-01,1.657446220723932107e-01
8.096984510288309789e-01,2.490864053374333142e-01,9.583105181494724900e-02,4.882256090476719268e-01,1.753017053592079710e-01,1.900965511583507794e-01,2.698284625228909439e-01,1.658044496644624777e-01
8.568422645352505862e-01,3.816004253417958347e-01,3.125330015964919994e-01,2.382766533847590074e-01,1.878505652320420771e-01,1.139146954377398269e-01,7.686541580574260957e-01,1.640617618156958724e-01
8.455985431749228898e-01,5.355914889509498789e-01,2.322329583539125275e-01,3.956804384819402887e-01,1.523599179391801894e-01,2.241887570391990492e-01,8.928156646425708942e-01,1.647324337527454052e-01
9.651128054885216301e-01,6.917162943461727664e-01,1.799271721311203887e-01,3.170627854287191849e-01,1.643787782327061076e-01,4.821154255909313457e-01,7.422699639611629596e-02,1.663532212756674844e-01
8.205608113863063213e-01,1.449607012833848407e-01,1.558073585623148127e-01,4.487044193641881451e-01,1.114274009273634181e-01,4.927365738811181894e-01,8.392650477202041603e-01,1.641430152652729735e-01
9.089879283843549374e-01,8.524807082971525007e-02,1.343187112839497321e-02,4.604911810073217815e-01,1.993697777516141023e-01,3.756463122711526936e-01,1.787339597243238765e-01,1.655481889165220932e-01
8.595952411748073452e-01,7.700939998523967933e-01,1.023522079427012094e-01,5.003035335528025485e-01,1.353613601420518564e-01,2.055028766323482303e-01,2.992030428375224704e-01,1.662203412495324439e-01
7.368034872678459468e-01,8.381833117727865989e-01,4.594306432820317587e-01,4.527679755823437735e-01,1.334276429724168267e-01,1.959227901044310605e-01,7.925958905821126610e-01,1.651598820686768776e-01
7.234997181070814687e-01,7.274501455548439965e-01,2.536435849124660802e-01,5.747439574892396763e-01,1.498094464472070619e-01,9.419502584838301829e-02,3.220854648392894592e-01,1.656240950374958110e-01
8.700237718660678299e-01,6.365488496045669242e-01,1.959844667441832666e-01,3.783803234160539875e-01,1.753256235768282378e-01,1.288514540632399175e-01,2.537474510697622643e-01,1.670758851764961861e-01
8.189137858786588176e-01,1.525439322241666784e-01,1.937856815213177264e-01,4.656548622713878594e-01,1.545993806471755716e-01,6.748042398902478478e-01,1.816284475046338609e-01,1.654852463540703034e-01
8.560784596607911023e-01,6.942978212758554868e-01,2.959111467263402795e-01,3.919632675201059624e-01,1.484354415303735242e-01,4.996111519357834818e-01,5.127703699495179679e-01,1.643689901140167053e-01
8.973916102407961670e-01,6.556918196618077843e-01,2.046060673073218927e-02,5.497908737629584319e-01,1.441644344046670578e-01,3.093982991626013090e-01,1.237106370616271045e-01,1.655470529552520997e-01
9.178095092036293590e-01,2.845446947928078618e-01,3.840677001892389697e-03,4.677042521378893536e-01,1.545906249058332793e-01,3.365579607395805528e-01,3.682176006879219754e-01,1.667161632818974781e-01
8.821034790474679976e-01,2.569868789103591511e-01,2.033165713791114104e-01,2.843529011929947226e-01,2.219234827189580095e-01,8.034620348448565097e-02,4.945383003688790247e-01,1.652304157124757089e-01
8.497254402031926279e-01,4.497643988871452558e-02,3.500723373884395695e-02,4.271406813557450666e-01,1.537218282431358773e-01,1.064766143457762104e-01,8.206802961595923707e-01,1.648519005729027764e-01
8.590962655298400863e-01,2.453756882549840146e-03,2.720919559323402570e-01,3.438128012291364333e-01,1.696628116544033615e-01,8.729031806469180754e-01,4.627890048526295819e-01,1.630510733846033400e-01
9.319041663877022375e-01,4.952079549864793484e-01,6.158319278060173096e-02,3.954127475623423482e-01,1.644451197124109088e-01,1.483665058504431977e-01,8.229638430357681944e-01,1.663474732000389811e-01
8.964816996400144511e-01,2.299946530769059194e-02,1.666665955677663347e-01,3.033763770005539762e-01,1.908653336149758739e-01,4.886479016125705455e-01,2.949429289903511830e-01,1.657281545479463714e-01
8.620518813256954349e-01,9.833208998577589455e-01,1.304664096549120189e-01,5.371524864240073693e-01,9.994837984773996542e-02,2.285460894709014923e-01,9.164714971718628256e-01,1.657173894722041019e-01
8.424264228616396011e-01,6.250547616198254275e-01,9.657792200446692343e-02,5.034241010986763021e-01,1.516812953633617511e-01,1.098422130628133042e-01,5.351977345773131223e-01,1.669492633654071079e-01
8.797242823193868189e-01,1.665697210272598650e-02,3.293430524146237492e-02,4.124740650327373137e-01,1.592119050168919747e-01,1.946487322850772028e-01,8.266166867490440939e-01,1.648515445302932980e-01
8.668513487006569429e-01,1.401287743924223284e-01,8.271614079220458715e-02,4.432605037152901328e-01,1.679912855756041656e-01,3.948753990623630195e-01,2.333537033388069504e-01,1.665382272487787862e-01
8.274227385360213294e-01,6.463691352391410794e-01,1.466906121399471075e-01,4.924401950852129728e-01,1.340371153312745756e-01,8.313453634792408731e-02,8.141686244381980408e-01,1.671856546411385480e-01
9.002227911559038676e-01,9.467931940922328371e-01,3.150252230599061565e-01,3.567657918936227857e-01,1.401651679513425119e-01,4.968232155878800071e-01,6.268002529759556518e-01,1.652933430456918762e-01
8.171716527427985710e-01,6.057644597607164672e-02,6.622260797671591925e-02,5.701564580148900108e-01,1.040146998932154621e-01,5.985816532179438765e-01,8.709045819040091008e-01,1.644245555752225085e-01
9.345643110618726546e-01,8.394004939365062867e-01,2.036955924882073443e-01,4.155848401821739535e-01,1.242299676970174127e-01,5.649235251197992635e-01,7.145880507918447311e-01,1.648874654539789486e-01
9.157718578017535194e-01,8.609209225558498435e-01,2.983911436064309863e-02,5.366862422239420116e-01,1.388421649370857880e-01,1.160460511623230273e-01,6.582085126526291408e-01,1.661145753607504716e-01
8.463733318997764821e-01,6.207042535677950168e-01,2.376077777023085091e-01,3.936629371388951637e-01,1.771201826482186881e-01,4.544816011742203177e-02,7.749397986344626066e-01,1.660666906471242876e-01
8.649311274554397633e-01,3.524157695163094850e-01,3.639045928253409334e-02,4.695265446429003342e-01,1.913515146642463527e-01,1.593678971304861025e-01,1.168536742590768340e-01,1.662163811829774074e-01
7.754253276684249796e-01,6.065872549325732610e-01,1.721045907548877929e-01,5.782754239867061719e-01,1.178942463855642830e-01,3.558751695563798223e-01,5.154990662667807699e-01,1.654350184667431889e-01
7.767023146202258754e-01,5.371713755577367522e-02,9.867688055319023821e-02,4.933305731782409720e-01,1.415787384574656582e-01,1.702657013127576724e-01,8.075349601702299651e-01,1.642272491445748439e-01
8.928566294149644644e-01,6.253053890814185278e-01,7.728321983078013935e-02,4.867445943967372846e-01,1.654964056875638523e-01,1.408965111804781900e-01,5.072577921338812246e-01,1.662573100447310714e-01
9.565269481660636508e-01,5.460147289827812500e-01,1.268656301482629090e-01,3.409670134221349791e-01,1.854934060356965009e-01,1.827161943627048923e-01,7.872723586593253220e-01,1.643525766011249001e-01
8.619605677881744255e-01,7.899450131570445732e-01,2.700860494501787223e-01,3.510509348803933505e-01,1.769161500631364625e-01,1.157115940268406973e-01,4.237618548818459785e-01,1.661887693186412107e-01
8.906317601854553123e-01,7.292530415425627632e-01,3.929070472305670747e-02,5.227639745666996518e-01,1.259025254302415520e-01,1.724185327271453017e-01,6.309542189339576446e-01,1.674535639611699211e-01
9.054866998821383683e-01,1.877302133531991157e-01,9.332662677561492925e-02,4.200590762205067552e-01,1.492752663194802376e-01,5.816205711002654377e-01,4.007934907977468431e-01,1.657891853517748926e-01
8.101232183075024462e-01,8.296542009179612709e-01,2.503255867403563206e-01,4.667799350339680298e-01,1.570935441877696626e-01,1.293971952464719188e-01,6.663536474194611259e-01,1.649551308266659910e-01
8.148068749040806580e-01,7.813622461821148057e-01,1.451246961042277073e-01,5.033972282660006403e-01,1.592126753383159288e-01,1.123903039377321944e-02,1.136740079947525239e-01,1.669895174163358309e-01
8.228277363063466465e-01,3.300644179971901071e-01,4.306715609698327785e-02,5.216269364478555159e-01,1.543720310723729616e-01,6.716948590457272328e-02,4.426834857769960108e-01,1.667988328483679117e-01
9.308012488719085153e-01,3.937032628327412076e-01,1.533808141625676302e-01,2.918740283695431259e-01,2.230392174765316871e-01,1.905375673080602072e-01,8.204815047479940837e-03,1.660950311783707944e-01
7.504322246739948410e-01,5.504010484749601861e-01,1.596209281551630443e-01,5.899889027488721682e-01,1.315852683558896008e-01,1.425183890580977164e-01,8.379781152788395859e-01,1.645558201303176371e-01
8.832292190236300522e-01,1.147939223312732238e-01,3.430841158073585917e-02,4.631015552336335550e-01,2.078875227589757624e-01,2.757037263859969389e-01,2.082548047365181954e-01,1.650585680576213132e-01
8.661184581133500870e-01,4.700792027624186575e-01,4.929185496125360055e-02,4.895868390304478068e-01,1.350808033228723670e-01,1.432399538219916169e-01,7.210093225110830728e-01,1.673994501465551898e-01
8.887172991555235546e-01,1.041374179956836010e-01,5.801072956735264796e-03,4.796493725620328830e-01,1.624777237334311120e-01,3.349095825429797002e-01,3.108383606960904988e-01,1.653883056953286135e-01
7.497822577355393037e-01,1.258529426572794208e-01,1.662077446036973605e-01,5.198521251876317972e-01,1.100758042751313892e-01,2.923119999640909072e-01,9.669775118365486755e-01,1.648772837081698139e-01
8.686551019471361323e-01,7.571569023648954122e-01,2.054889443640953994e-01,4.091082193215994089e-01,1.412053551521717243e-01,2.513790850777305463e-01,2.649388258207874824e-01,1.656126335080435885e-01
8.647487900786389181e-01,7.500319512427041646e-01,3.517081128931078826e-01,3.091016144693227163e-01,1.633518014912851979e-01,3.483323671156590140e-01,5.259429207495631697e-01,1.651113228085923368e-01
8.664640540866944685e-01,5.765016807591883952e-01,8.022881594054737109e-02,5.512233617527003693e-01,1.163649598535880514e-01,4.552681305914005883e-01,4.372897143335579551e-01,1.654788225841757054e-01
8.965260233330900608e-01,4.422388826814542262e-01,2.229794291129691408e-01,2.850546432169448474e-01,1.842080511279434452e-01,1.235200043626920041e-01,7.359516559795846735e-01,1.656464516479110582e-01
8.018051782788165882e-01,2.087382651655444454e-01,3.315223494912780122e-01,3.748548628128186011e-01,1.482071289082811105e-01,7.375922099682989952e-01,3.685371655800793178e-01,1.644630636679532409e-01
8.205942792101810213e-01,1.995823590670198766e-01,6.869724718158326526e-02,4.817208191905265058e-01,1.818857813000059331e-01,9.995535987057946326e-02,2.652937084373421794e-01,1.666516834672195635e-01
7.615330826449009383e-01,5.443727575871259994e-01,2.972328714971897989e-01,4.834821886061507201e-01,1.370405193547541145e-01,3.203251107656613916e-01,7.277592353040858164e-01,1.654604887505673749e-01
8.546954630267116215e-01,6.896207602738472220e-01,1.540737981841445448e-01,4.858387957796820311e-01,1.531180923527759585e-01,3.117717984885007287e-01,6.194946554637764669e-01,1.640250589393885960e-01
8.318791265000990975e-01,6.521196862544931250e-02,3.504466949057620795e-01,2.889435276265279184e-01,1.684518269948717950e-01,7.671504423209600798e-01,7.417221988188416049e-01,1.629169767595979312e-01
7.627171225307679547e-01,1.051975216662343060e-02,2.799836108836790127e-01,4.716513050552966768e-01,1.356798757401489752e-01,8.459224882719980076e-01,4.498339170507633655e-01,1.641506940954280402e-01
9.289604442905428083e-01,6.337092045608224700e-01,9.233739270680663136e-03,4.942053758140758646e-01,1.557924697858368568e-01,2.563226985982567374e-01,4.114458661272248352e-01,1.662950817520326141e-01
8.134228272694787876e-01,6.734246124369023256e-01,2.560364242156496495e-01,4.723634013347972060e-01,1.180635673636563354e-01,3.162959183938141572e-01,9.945110688993064052e-01,1.636838915984688558e-01
8.878872363748852026e-01,7.347402591606992939e-01,1.126888749957148939e-01,4.757130796864624811e-01,1.378786438200898801e-01,3.856495473471563407e-01,2.365154059265264230e-01,1.653337820040996498e-01
9.082690285304022559e-01,9.994729606114668430e-01,1.288238819113218248e-01,4.939364978323389499e-01,1.299947056513332810e-01,3.317773890616349530e-01,5.238274310481340068e-01,1.664865155852599254e-01
8.746901793898028687e-01,7.663269254088236337e-01,1.558749358055663836e-02,5.583592165212547531e-01,1.781147263084095211e-01,6.782525468662686796e-02,3.117115861344621486e-02,1.687128845070118566e-01
8.842432372717050626e-01,9.474771334340452711e-01,1.009048906601936607e-01,5.374154728637718925e-01,1.217085259734540514e-01,1.382782016658199720e-01,8.284165609358069560e-01,1.654164816668763083e-01
9.090618684759205204e-01,3.690399350668467360e-01,1.081225092399415583e-01,3.846000007623530115e-01,1.667406724410616936e-01,2.837464540421954506e-01,7.082556290737621607e-01,1.635710362868156575e-01
8.279362164521166800e-01,1.254259777288153077e-01,2.073677159335041154e-02,5.283655310360078072e-01,1.848245574968211125e-01,5.106061728143296286e-02,7.929570737971473049e-01,1.649015050701684026e-01
8.692348986962264989e-01,7.023338461391830378e-01,2.441383399090887307e-01,3.890366784225532393e-01,1.267481201427141380e-01,4.055907681916587904e-01,8.078645160149557913e-01,1.642889198679596263e-01
9.140366495784857381e-01,9.108157611067395631e-01,6.599417995520115432e-02,5.058490809922702169e-01,1.392504258073706813e-01,1.036499931031852895e-01,7.158322669138315053e-01,1.670165704775566085e-01
8.331884004367502428e-01,8.099918064855222699e-01,1.731200251781554456e-01,4.713035455873896273e-01,1.830180082511073669e-01,1.439302313360307783e-02,2.719028156590378997e-01,1.659998496457291417e-01
8.639750214782051518e-01,6.440235165809939932e-01,1.781414456680802672e-01,4.491050707221331262e-01,1.644141570501226890e-01,3.402145683362487460e-01,1.316536318955130458e-01,1.654163288161767387e-01
8.437938380934180138e-01,8.627114604964079003e-01,2.174297757487609895e-01,4.553138850418468331e-01,1.278302866883365418e-01,2.483478450535189508e-01,4.277483435766904485e-01,1.657200236064757803e-01
8.301312490407448674e-01,3.883630332412860153e-01,1.320159925497457198e-01,4.485795278848027090e-01,1.877264459843223932e-01,9.545785102215825768e-02,5.453754287891985353e-01,1.636576863480843635e-01
7.924339589007851625e-01,2.837887042941903970e-01,2.663424904389558590e-01,4.316644149506966843e-01,1.335691967363174526e-01,5.785312720160888933e-01,5.989180506669395943e-01,1.651828329287962915e-01
9.021497529260175119e-01,3.041373844422366468e-01,8.372212687143407162e-02,4.058152272464249366e-01,2.071041472645654968e-01,4.927859360179254189e-02,7.434300542214377083e-01,1.648974182732180493e-01
9.126507089467026379e-01,5.319634097420220531e-01,1.509004468743944671e-01,3.237351302523748253e-01,1.728474303323620509e-01,1.319156091679358767e-01,5.594456758765172788e-01,1.653235943629108584e-01
8.472692782566900727e-01,2.074488285219118766e-01,3.350786949181538965e-02,5.026068248537705063e-01,1.288032092772986026e-01,2.882777409605689622e-01,5.465214394774700057e-01,1.655492562675984214e-01
9.173166911467849349e-01,7.306470347866519388e-01,1.128226022793668570e-02,5.552707414938725661e-01,1.114657815950523267e-01,3.556002245362335223e-01,9.100141049190111353e-01,1.653685337399936617e-01
8.847067743153231856e-01,8.479180484731247969e-01,4.280876488839902017e-02,5.466150762227710569e-01,1.528478066359111043e-01,8.939276983828639556e-02,5.703912100182901845e-01,1.656782443739202026e-01
8.047635361047396074e-01,1.314719577515816584e-01,2.487183938632235303e-01,4.427230096729298792e-01,1.431279757438948530e-01,6.989080899223094612e-01,7.120821895536689761e-01,1.630329592663042337e-01
8.122583373320184652e-01,7.024483444690076128e-01,3.468345726201757517e-01,4.107284463180110312e-01,1.470148031627547536e-01,5.013356049434195549e-01,4.557396660415730105e-01,1.652493575484186017e-01
7.378242049227835553e-01,2.631279240427343291e-01,2.680527914433948888e-01,4.809436247748055671e-01,1.315471576294784117e-01,3.768144060410618112e-01,8.054527688668935426e-01,1.648908467880173256e-01
8.313290955241562363e-01,8.778299175872512627e-01,9.283286651499819686e-02,6.097479656046070895e-01,1.339541954091508502e-01,2.651859330866590536e-01,3.931646764870490030e-01,1.667058902624269645e-01
8.355411424790195607e-01,5.152034489537881123e-01,1.048864085147338254e-01,5.325355746825107817e-01,1.564848114092076692e-01,2.543323154425736199e-01,4.075510496690216700e-01,1.648049346498995649e-01
7.208529421430938111e-01,6.068117121204096298e-01,3.904754599367230017e-01,4.374229949715290333e-01,1.581523901502905061e-01,7.796129108249569284e-02,7.281030947455242597e-01,1.648759138665285007e-01
8.039644953991381682e-01,1.264917593649960703e-01,1.720795431189779401e-01,4.512471312498453346e-01,1.689901873324701764e-01,3.139910617982004659e-01,7.604005511748725965e-01,1.637171277764421784e-01
8.217943824499154282e-01,4.206564728047068602e-01,3.994576278837780325e-02,5.576949370122838978e-01,1.965983426919453159e-01,9.616684154628801773e-02,1.948981236127463323e-01,1.652251169662176666e-01
8.924659235141371161e-01,6.085040073076450895e-01,1.784105703979644575e-01,3.545480192882508597e-01,1.739448280026226201e-01,6.103032999461666108e-02,6.239680604269342012e-01,1.665507822989516495e-01
7.636341545739983028e-01,3.961505919200475900e-01,3.003958288702356927e-01,4.503429301340319824e-01,1.539959122276357562e-01,2.872802353500411021e-01,8.285832626495232001e-01,1.636508536684864734e-01
8.218689816591676633e-01,6.158810130506989777e-01,2.977231286119760845e-01,3.803878410047693004e-01,1.838781782332360448e-01,1.731363622893396514e-01,5.554056252506323066e-01,1.639887067841082069e-01
8.809174331631555166e-01,2.355314779267753122e-02,1.018334823959113622e-01,3.382167322271949494e-01,2.183165555301429805e-01,1.488639019324917434e-01,2.557630672803473670e-01,1.649927332077427145e-01
9.115328204130083156e-01,2.294402888435030374e-01,7.576641055039221029e-02,3.640628493503369478e-01,1.854279368463395694e-01,1.955722765231560079e-01,4.403012984307056454e-01,1.656904932095389082e-01
8.283981344191100327e-01,6.922546275713281627e-02,2.324180673534875785e-02,4.845870620817797625e-01,1.506802227603208366e-01,8.256456960654132149e-02,7.348721477905233446e-01,1.672066983087678871e-01
8.643163369666690965e-01,2.618696831566562633e-01,1.539728928194976920e-01,3.864087512842295791e-01,1.507453881653565420e-01,2.949888320641165240e-01,9.480636722503418268e-01,1.640860764284190199e-01
8.672859996576689490e-01,1.530375286685666802e-01,2.350439297910148218e-01,3.340859428233126094e-01,1.824114839825125567e-01,5.708636768084776048e-01,5.290358717627352547e-01,1.638990662824143241e-01
9.021599046882663453e-01,9.837667782017456286e-01,1.373916970789116343e-01,4.655637645580525397e-01,1.602478339647737948e-01,6.992398092548796074e-02,4.650994770798880795e-01,1.661054162856487604e-01
8.968014441983518381e-01,1.737652702725915321e-01,2.746777483381127039e-02,4.314260176109774858e-01,1.625153459964324143e-01,1.747956024709421130e-01,5.682312767032920986e-01,1.662258649801331423e-01
7.877707952901003008e-01,6.038895131794808080e-02,2.184908388340252861e-01,4.212142958626987621e-01,1.567689988065121831e-01,5.325000612168451219e-01,4.759522479624518354e-01,1.643022076497949180e-01
9.671692115078869278e-01,1.608209997497203614e-01,9.509146130277511266e-02,2.986653513137501603e-01,1.996053738396341704e-01,4.146460857920107324e-01,4.292654316361680378e-01,1.659031395173500567e-01
9.118586220007988130e-01,8.759232001329839701e-01,7.789374548248358121e-02,4.847917641601192096e-01,1.685328168366038992e-01,4.512726295592728309e-02,6.162541312944513905e-01,1.659898471649139673e-01
8.653234869296361209e-01,7.064636809671881457e-02,1.721849322297720197e-01,3.609187756233739330e-01,1.620846754111682775e-01,4.712498382320445822e-01,4.413316228686779974e-01,1.653729031601445243e-01
8.146486102519102657e-01,2.826563253793202835e-01,1.545315938961716040e-01,4.103167717827487793e-01,1.383961017405845595e-01,1.144695042308402355e-01,9.580563950638067983e-01,1.650493350674571147e-01
8.344652385017634622e-01,2.127033465160192427e-01,2.112393804961879007e-01,3.262779455339209211e-01,2.139050274294376774e-01,7.539572669555616447e-02,4.138045337237491461e-01,1.657712900305040316e-01
9.043365997423897795e-01,2.887674550615453306e-01,1.005448863611646815e-01,4.456647359633216787e-01,1.466438695299436268e-01,6.073990827446983376e-01,4.117548013454559452e-01,1.642078479329001639e-01
9.673535615909987229e-01,5.845641530608877146e-01,3.867029162324295277e-02,4.049571587123790284e-01,2.230143328492694976e-01,1.133166722246226055e-03,5.067144080073724410e-01,1.665101534140701334e-01
8.428275998261947066e-01,4.428424694133025752e-01,3.869611960816463081e-02,4.924731913713519815e-01,1.904228578517618842e-01,2.255520804188271278e-02,3.870210428203424424e-02,1.666062707509815000e-01
8.846804144531152936e-01,2.260804905741211068e-01,7.030269336377442668e-02,3.957835631018573053e-01,2.303532914051818203e-01,8.891899678304948651e-04,4.787464661082476147e-01,1.660118667551823968e-01
7.259717295136159931e-01,3.646006625742775342e-01,2.787059388659864356e-01,4.634177673534122799e-01,1.558199435712534497e-01,7.277091061568510821e-02,7.809527817081494128e-01,1.639868684766553619e-01
9.000022812933772265e-01,7.216481676642574339e-01,6.438626338277242400e-03,5.794121422769080709e-01,1.177049478319926457e-01,2.502572779649515078e-01,6.644188758728989397e-01,1.658380764062373225e-01
9.137161836068740106e-01,4.119156549945131029e-01,1.676532913923435841e-01,3.055027850008068535e-01,1.868268589929392709e-01,1.060311657825681875e-01,6.847563047529274805e-01,1.660604947732522985e-01
9.091166346671650800e-01,7.534154470770033640e-01,3.263962482268853438e-02,4.796653648234913692e-01,1.726169865142017090e-01,1.028135252646535380e-01,1.438145969037227245e-01,1.674151220940346962e-01
8.894002699903132969e-01,5.514777593558533031e-01,1.233564144819263714e-01,4.151513639385947529e-01,1.991040171705360795e-01,1.170491454084197913e-01,2.392364004236180453e-02,1.667060449211347772e-01
9.223592941613408813e-01,8.109290470574969101e-01,2.463339545376232453e-01,3.739469246856357287e-01,1.286092020899188559e-01,5.756463527130271096e-01,8.625550322936257341e-01,1.644876473999332955e-01
8.277065130473771903e-01,1.619327779231674036e-01,4.207348859785399187e-01,2.948129360400880139e-01,1.677385631258957732e-01,9.533173460024289003e-01,5.003315302890022354e-01,1.644228457641292995e-01
8.071346019800089699e-01,6.809640116803925558e-01,1.324389908696930185e-01,5.289078218360974137e-01,1.353283595302890996e-01,1.511317082179974847e-02,8.823649696835265122e-01,1.658726656886557738e-01
7.721848990339178487e-01,1.315575922244190399e-01,3.609927502004922628e-01,3.701729178936381537e-01,1.497729490753406945e-01,6.070740469198518952e-01,8.088697933944761775e-01,1.628176700928277432e-01
8.428893275190083578e-01,3.862327352539685066e-02,1.137073603031103913e-01,3.668510554778363630e-01,2.059386273758113395e-01,7.405440366114734996e-02,3.824158424621312835e-01,1.658967512379043718e-01
8.783978437162208719e-01,7.884993446008011775e-01,2.237483582066020216e-01,3.503477859061231436e-01,1.779539887110097307e-01,3.173920662366266909e-02,4.901657827475759399e-01,1.659596856206284887e-01
7.790144205712992154e-01,2.871011785373390190e-01,1.356444862879806201e-01,5.156841499336809465e-01,1.448899503544504863e-01,1.829824136409490543e-01,7.980118322684385257e-01,1.653086136530728389e-01
9.743754282788771315e-01,7.154277683856569148e-01,1.088032217462557572e-01,3.602845684856950670e-01,2.055490466413890660e-01,2.292154936354988126e-01,7.065899198211766929e-02,1.658541521624084525e-01
9.313105581884733031e-01,3.503923429184736538e-01,7.782041703299845403e-02,3.763756488366026276e-01,2.220699220552227460e-01,2.384312678654331163e-01,1.146286174181942452e-01,1.653691261808183099e-01
8.139932548034787274e-01,4.231643385082707876e-01,6.849600656797003029e-02,5.066498038799851500e-01,1.549865147148155875e-01,1.018233827572306849e-02,8.445291814091420157e-01,1.646816796668761351e-01
7.432738490147471344e-01,8.402987968509151306e-02,2.764934103509527619e-01,4.081611300293415123e-01,1.624014972748917818e-01,1.850256805123389470e-01,8.490293708678426920e-01,1.638419134578130987e-01
8.055781080740191946e-01,2.911222677046283458e-01,2.682595691723631548e-01,3.934228094208307436e-01,1.639061020018595383e-01,5.035857267546152150e-01,3.829285468005986237e-01,1.641400529785250195e-01
7.906153808997959942e-01,7.434606377609688233e-01,2.907018643717544926e-01,4.365782546299733502e-01,1.844892430324781007e-01,3.326866928631266873e-02,3.385304896265592944e-01,1.661320641961735178e-01
8.341152252411886403e-01,9.332049207618939857e-01,1.505134975558925503e-01,5.404553309983900489e-01,1.642262698053884584e-01,8.634671974351204593e-02,6.356796364676314814e-02,1.669650803703903730e-01
8.592554018938646232e-01,8.708256561198813861e-01,9.177806378089579942e-02,5.940000620798282505e-01,1.262720703417315460e-01,3.484478370033493588e-01,4.047110119100826298e-01,1.647862017123309653e-01
7.974914913638542213e-01,4.786175390547788844e-01,3.481536548588695101e-01,3.701309649413657699e-01,1.614043019864931650e-01,3.482109677156430827e-01,6.957545125506728878e-01,1.639240211825141735e-01
4.803694647445426735e-01,2.104110505932313968e-01,9.378158721922786878e-01,4.585928908410364935e-01,1.192188172700021781e-01,3.695808175444589838e-01,4.953645691424156117e-01,1.642908751959974989e-01
8.826745298862972433e-01,6.103639316089322087e-01,2.850305972486146810e-01,2.827143741307102109e-01,1.878965322330271026e-01,1.671116680343123773e-01,4.675338764158676330e-01,1.655729042794519823e-01
8.508771764588690667e-01,2.493093958438722113e-01,1.630534322163125216e-01,3.913460192445172847e-01,1.896592294111986432e-01,2.077568453523264136e-01,6.549995704191164947e-01,1.638249315489266333e-01
8.550972794974402991e-01,1.427241812721819492e-01,9.440351588733809918e-02,4.464420126153645918e-01,1.784469480848852596e-01,2.639384391304929744e-01,5.304972886177831137e-01,1.649579025279883648e-01
7.503210907559743070e-01,1.312301139110625403e-01,1.100132294434702784e-01,5.621501880208140678e-01,1.242213001803921524e-01,2.183589410647408802e-01,9.522049733812566474e-01,1.642712255685721268e-01
8.150288350460720421e-01,8.006952093488096667e-01,2.652864061252249717e-01,4.347579373054198948e-01,1.450593428563035359e-01,8.351339471439336859e-02,8.574715534553337681e-01,1.652571292154065008e-01
7.794005461408436419e-01,1.579298014918801285e-01,2.764488613516631332e-01,4.075573641239928491e-01,1.601562092111173674e-01,4.059183029206999138e-01,5.973905361004647752e-01,1.646091945525474942e-01
8.165458194650573320e-01,2.120552395274671320e-01,2.863684985166116692e-01,4.278823097583669410e-01,1.280446727516005301e-01,8.548634715346572488e-01,7.691701654336091654e-01,1.638670500915538897e-01
7.669577301094091526e-01,3.422938280827298452e-01,1.545142834855851577e-01,5.256734495199982815e-01,1.511165818652535353e-01,1.751589176094261180e-01,4.830653652013908728e-01,1.651451295282794773e-01
8.705092336506941031e-01,4.972106165233812769e-01,9.301826274061703037e-03,5.001863283840100038e-01,1.648194152683097047e-01,2.480362072093211800e-02,4.409217218246627157e-01,1.672485777833186971e-01
9.651488727447232741e-01,7.172966464079082449e-01,1.124797504099370182e-02,4.730518742390664166e-01,2.101355415354148604e-01,1.274636271111965202e-01,2.212185224362650526e-02,1.667334079167624439e-01
7.797204581605737816e-01,5.387294571477849736e-01,8.077029861865278604e-02,6.204275544374080464e-01,1.336793788835501096e-01,1.631161159041296937e-01,6.227650800208182069e-01,1.661403245726156830e-01
8.537728815040970254e-01,4.071551464564276968e-01,2.099833741410678523e-01,3.592702159446565791e-01,1.788680159880604026e-01,3.831977452376439386e-02,7.905315732964943720e-01,1.644163770128004853e-01
7.528260929888251907e-01,1.531574345457527575e-01,1.311183368045550912e-01,5.288171906688764468e-01,1.342660787571038905e-01,2.360914341181868659e-01,6.322569598591288864e-01,1.658456586281548129e-01
8.607190365472747740e-01,4.847923520772186023e-01,9.329825812013067821e-02,4.851076529576219820e-01,1.525853015959479642e-01,2.923102701442291118e-01,4.703300771972038774e-01,1.654165500359856544e-01
9.525208850023249019e-01,4.873531231946276465e-01,1.490290706629187334e-01,3.332179482385297931e-01,1.774080630197151787e-01,3.855566228760035630e-01,3.915206304278220362e-01,1.646759967785947354e-01
8.641755309640061222e-01,7.728119856103665697e-02,7.200789493249670770e-02,4.025102165976591762e-01,2.214235751133520613e-01,1.504005090939714018e-01,7.990287546543295427e-03,1.662826129690631038e-01
8.263922329719949333e-01,5.270142120517837814e-01,2.905366307749343568e-01,4.065477688037179016e-01,1.508831600669029993e-01,4.875457545140817750e-01,6.067266881196640149e-01,1.652621314972982647e-01
8.971413486424145711e-01,6.075533062134804707e-01,3.801884211798559066e-02,5.221987440821030946e-01,1.772417186371186004e-01,2.107637286355230344e-01,1.389034400910940659e-01,1.670870446675269683e-01
9.671792071476748021e-01,3.035382561753074970e-01,4.829163058231444872e-02,3.353288001895629034e-01,1.958526717360465352e-01,1.604707260701879468e-01,7.437058922690169549e-01,1.657418409969023676e-01
8.760455629521742837e-01,5.093722546322470013e-01,1.942077406700420950e-02,5.417023387382814414e-01,1.660898702689865281e-01,1.130905628915628014e-01,8.780054001813231146e-01,1.658850053082556175e-01
8.748848914763687201e-01,1.982925372781357276e-01,1.038393450191021916e-03,4.974660225333937813e-01,1.513369513133866195e-01,9.176825110651015693e-02,9.178600833482941646e-01,1.662777017628839504e-01
8.061722196853382538e-01,3.443698752342086999e-01,2.819852478056639744e-01,3.772001062251595371e-01,1.584696137526366289e-01,3.405634850849979522e-01,6.834143587388692431e-01,1.635635499405537485e-01
8.580272318631296802e-01,6.333923711660806033e-01,1.375545488189424959e-01,5.226645476386788669e-01,1.514766786247720709e-01,3.766085553319563628e-01,4.085041376768346888e-01,1.653285621757954460e-01
9.081281202259494645e-01,5.052671210216398423e-01,1.083300417700122642e-02,4.905043306717609686e-01,1.591426761766740472e-01,2.310166599822781608e-01,5.441777974455126454e-01,1.653424356123402439e-01
9.411585360728745853e-01,5.037795469055683650e-02,1.205421290707039961e-01,2.960391957594546986e-01,2.066774228476982167e-01,4.684313308260393272e-01,3.652335312936880740e-01,1.644022624242326702e-01
8.488103482489918195e-01,5.148036994875802019e-01,2.615505794983463694e-01,3.687866872484080738e-01,1.539507059047156845e-01,3.515518591262779546e-01,8.066805237973859732e-01,1.632620344648816335e-01
7.659013112580135285e-01,1.224606661448602307e-01,2.353043767293845900e-01,5.004746304172119631e-01,1.283270232796639154e-01,6.792980551215472840e-01,5.731101994326408544e-01,1.640915835862100935e-01
8.678952913778891221e-01,8.147897049818326742e-01,8.207948690233186906e-02,5.328533856936826796e-01,1.705749547732394733e-01,5.023759743446615245e-02,2.293037973815773012e-01,1.668747474659356134e-01
7.923703535028722156e-01,8.775288797334575008e-01,2.433923538222954042e-01,5.147972045191859802e-01,1.467911611602278898e-01,1.449616109388677243e-01,5.940338550418690078e-01,1.651908432840006880e-01
8.797763771073383587e-01,8.992543965570782838e-01,2.098631284842466249e-01,4.214006716511070061e-01,1.293742161126932577e-01,3.185246588588643846e-01,5.376100121580715818e-01,1.655414867735418016e-01
8.800306885038478022e-01,1.394259253712639701e-01,9.005879171143151007e-02,3.726450723179018931e-01,2.261110228851429260e-01,1.766176949513666161e-01,3.747204249281543831e-02,1.657250554585532054e-01
8.619651555934445541e-01,1.216473992776415103e-01,1.002154238780844087e-01,4.202470723429833632e-01,1.873542839027764195e-01,2.622942954842523156e-01,2.959434999374204178e-01,1.650031868485355158e-01
8.512956941995587501e-01,3.487102037526905729e-01,6.898521462584117359e-02,4.626506542128549504e-01,1.453650382132173624e-01,1.893220706640139361e-01,6.733897562182518115e-01,1.653498391847875448e-01
7.812167235386315856e-01,6.508337300061930453e-01,2.916619524059280155e-01,4.636830463078298603e-01,1.603658041943744061e-01,2.753626178594510976e-01,2.583824291898326742e-01,1.651836700394533064e-01
8.699557218163701533e-01,4.402984128316835277e-01,9.003930408944366137e-02,5.084534748865404685e-01,1.520841866809359011e-01,3.914001661201574889e-01,5.969979222837774602e-01,1.641038866481042136e-01
8.821204024274627020e-01,7.390076482892438126e-01,1.564274701708336934e-01,4.897370000848390026e-01,1.284257506362150303e-01,4.188048361941772435e-01,6.520262371597123074e-01,1.644148966064482020e-01
8.312952765001426769e-01,2.331570261718884374e-01,1.194283807347162052e-01,4.248400321292560844e-01,1.641068119411921988e-01,8.862822067088893530e-02,9.649185363867576193e-01,1.660653997793624104e-01
8.560972334613548007e-01,8.059113493234376646e-02,2.820971343100160400e-01,3.134616076260893780e-01,1.830249600028197587e-01,6.415679334811115186e-01,5.940533043999109974e-01,1.632123983781881282e-01
9.475592001410685361e-01,5.073177484573835327e-01,2.478977683915264962e-02,4.336101121090765176e-01,1.806696514125822883e-01,1.238759233010610916e-01,6.686496166568797195e-01,1.669291408075524452e-01
9.389223867273616131e-01,2.370899181383114285e-01,4.660708315345116204e-02,3.470704541818818156e-01,2.225826877632072209e-01,1.033084737088716676e-01,3.971638882240799973e-01,1.651342450596838540e-01
8.085086870990288999e-01,7.801119987540021672e-01,3.713295582076138190e-01,4.189392492478999364e-01,1.384975480460550745e-01,4.087093704178741960e-01,7.486604961381758683e-01,1.649324657027806118e-01
8.381356562960206036e-01,4.323258198504543737e-01,9.249067327199131383e-02,4.971195606503217568e-01,1.505558706907561550e-01,2.800241956464103454e-01,2.186469677019807212e-01,1.657728046860493798e-01
8.224064271969770967e-01,5.357563208940618882e-01,1.507546094633226419e-01,4.847062875543484139e-01,1.554606222701031548e-01,1.343586664816093790e-01,6.532130168025289674e-01,1.650367202323006210e-01
9.502450933718895598e-01,6.310684824685506289e-01,3.924859478850051264e-02,4.109492338139789092e-01,1.627943954632707912e-01,1.091861447098680382e-01,3.530074084799152412e-01,1.668267161809110777e-01
9.045756144013955558e-01,9.297706836881418635e-01,2.180637875452216545e-01,4.567741144023304001e-01,1.055024984197941162e-01,5.329046180599477101e-01,7.595652301605666512e-01,1.652284484979845702e-01
8.676370426529717017e-01,4.827298402622174356e-01,2.497396809586428512e-01,3.448703202606113183e-01,1.636402045890845425e-01,3.808678550976284938e-01,3.643466621956923945e-01,1.652208605796794683e-01
8.448710773321739254e-01,8.700949978478420554e-01,2.168306007390126966e-01,4.795060464935179123e-01,1.346978184831255643e-01,3.797099114233474237e-01,3.448064594172614017e-01,1.662477565797585155e-01
8.713386379143333027e-01,6.178269956044888378e-01,1.264157386479281553e-01,4.165635407357572983e-01,1.618604894523392179e-01,4.677025408436291665e-02,5.715696796749486497e-01,1.659517956101873304e-01
8.528333751966795662e-01,7.757406721115429615e-01,1.205832098758345683e-01,5.154056059363101294e-01,1.371462830712410763e-01,4.690103267002970755e-02,9.495448846250300612e-01,1.650563224005403840e-01
8.935896022804926675e-01,5.988261630675617564e-01,7.653158942773075069e-04,5.414317122051207631e-01,1.689798084591365712e-01,1.203530077849722102e-01,5.052514324307013638e-01,1.655392311825021889e-01
9.665770011677868867e-01,2.777880555288638753e-01,1.619998413185116948e-01,2.471852413076991717e-01,2.126980031212703792e-01,4.264776559775892428e-01,2.293855000901396379e-01,1.648481499475279166e-01
8.134820478285214040e-01,9.618960208220654895e-01,2.505076848498202224e-01,4.886909990969161566e-01,1.442434129199562098e-01,9.535112538254186809e-02,4.785670948187977780e-01,1.668647152637038333e-01
8.007218643492397536e-01,5.674112274361658992e-01,1.027191337642077151e-01,6.015547047218327004e-01,1.409675339856194531e-01,3.362090438349895072e-01,2.723703640200320630e-01,1.662363857213176310e-01
9.526526202216567540e-01,3.599441358066607366e-01,1.021502038774212140e-01,2.888455364962619898e-01,1.942734789886954305e-01,4.895951576417706397e-02,7.817440808429410026e-01,1.668084523876169623e-01
7.911339265947981980e-01,2.788881220248974890e-01,1.230379351355003203e-01,5.083919771823806055e-01,1.538906483945081116e-01,1.264944138362450454e-01,8.806337002409967418e-01,1.646453162364594214e-01
8.584549712076852135e-01,3.843380698464599621e-01,3.107683664977356486e-02,5.023723680138250103e-01,1.795232062217964608e-01,1.312121099008623226e-01,4.718631886372345874e-01,1.667871207229541242e-01
8.855682493469906325e-01,5.500266761435164131e-01,1.199929528714604177e-01,4.223180085736015221e-01,2.263269507141794645e-01,3.921069316666248028e-03,6.550434516621961301e-02,1.661184724747445385e-01
7.929203072628295823e-01,2.870591227780081578e-01,4.048386608951207166e-02,5.956824433834758681e-01,1.156769284176211859e-01,2.187053494899814932e-01,8.889030048820379948e-01,1.640751363239141281e-01
8.137155764161337901e-01,8.021541261540409140e-01,1.220551925958585637e-01,5.596937534420212135e-01,1.410602926526832446e-01,7.234718835084258393e-02,4.423221951024651766e-01,1.671426977285615234e-01
7.817611840005235235e-01,5.664296383883717922e-01,8.008812588894193008e-02,6.002363232047712716e-01,1.670381886749983391e-01,5.521491924790344896e-03,7.416198636759040452e-01,1.666013108657831143e-01
8.783603283359703306e-01,1.131206232744089712e-01,9.008109526545071688e-03,4.327438546092570726e-01,1.925393874228178703e-01,1.172104027494658141e-02,7.858180014150872861e-01,1.663836934390156008e-01
8.281569603621203868e-01,1.206943494540524964e-01,1.081669261213727140e-01,4.587093796328577389e-01,1.529150024185374213e-01,3.732968075133496488e-01,3.921661120985370785e-01,1.656912344772321355e-01
8.900589923256063685e-01,7.425621595943846520e-01,1.751510429488196685e-01,4.753266711880620998e-01,1.346890576999008604e-01,4.848422409771181996e-01,5.261422093832013314e-01,1.660450755486475860e-01
9.306714289809071561e-01,1.540361327052290896e-01,1.163606842974003741e-01,3.495285160269041014e-01,1.696598071601863045e-01,6.005087143896072899e-01,2.640684840401629763e-01,1.653028424667659368e-01
8.912730081740710686e-01,7.655655504433434011e-01,2.583285453857982472e-01,4.114690988994411658e-01,1.391344431085093925e-01,6.165004997073062487e-01,3.935957898288110490e-01,1.642355685745104654e-01
8.864678647333320560e-01,8.125828317351312391e-01,1.327913177804947442e-01,5.633498461093913168e-01,1.091379765313258282e-01,6.352624908796162817e-01,5.278133203499025816e-01,1.654024428532657187e-01
8.760679799783466226e-01,2.838525272920883191e-02,9.929661702254416467e-02,3.985783682405945605e-01,2.131991132156423052e-01,3.698320226575914083e-01,5.749779057906972968e-02,1.657118810220219729e-01
8.540678079090650021e-01,6.842102059599021180e-01,5.027763389312167597e-02,5.099877062054457566e-01,1.635986984625487639e-01,3.081866466657595671e-02,2.747737987761124101e-01,1.666995011717690989e-01
8.344878249779174029e-01,6.380046689331391185e-01,3.968460046655092333e-02,5.963974216712636389e-01,1.336292311384381370e-01,1.154019654650248472e-01,6.002764399457494182e-01,1.672702412338200606e-01
8.844705078812569177e-01,3.483881869580628954e-01,2.520739147999383478e-01,3.252909783909861963e-01,1.518725762950685065e-01,6.148708990792376428e-01,7.157886798736067258e-01,1.641543827985054993e-01
9.000158396479390754e-01,9.231086111305020214e-01,8.151681685635725483e-02,5.017708905619687743e-01,1.445311166014135729e-01,1.647024946004961299e-01,1.524667489328193626e-01,1.659326927134688323e-01
8.213511217618536531e-01,7.023070861459462799e-01,2.489367933672895217e-01,4.741332498880520552e-01,1.281238375817115305e-01,3.111447372813817558e-01,8.505833064427770207e-01,1.649832429800555944e-01
7.985945152971722916e-01,7.917199023213925546e-01,4.464978793773458632e-01,3.416342294021586512e-01,1.548411553831859078e-01,2.398627265572863543e-01,6.393169909175965282e-01,1.651659160367631163e-01
8.640116156692969618e-01,4.866358742173577667e-01,1.583865087150314599e-01,4.076499597273880449e-01,2.150719580937033304e-01,2.170404925786162398e-02,4.378533054985483952e-01,1.657373912757825474e-01
8.183051124241785823e-01,6.822042413750870615e-01,1.827118131424081415e-01,4.696540298607638220e-01,1.552519627398408486e-01,1.299249216517850414e-01,3.737458770988653090e-01,1.668076014357675607e-01
8.726447599787410248e-01,2.181568783947994694e-01,2.113587144658377881e-01,2.773403375447706098e-01,1.898411183930690804e-01,1.158311779047378198e-01,8.579291901527063002e-01,1.650909546578352149e-01
7.793824626345327022e-01,6.012159399459025000e-01,8.296822485209737197e-02,6.336713635992002880e-01,1.286529056719774300e-01,1.615666669793298649e-01,6.455969417760725193e-01,1.648875595533332572e-01
7.994269083400277198e-01,1.242714779127674363e-01,2.171305031312493194e-01,4.089411969733669494e-01,1.715063449121710104e-01,4.090244467883661361e-01,2.112290557153878034e-01,1.650381644370260414e-01
8.342721134155188789e-01,2.255123676999187809e-02,8.291486608457787622e-02,4.898003472249641277e-01,1.425112636610798844e-01,4.524546191952295571e-01,6.060723545619571828e-01,1.643672931480666677e-01
8.911250362840706929e-01,8.493030766037056312e-01,6.442740725028439641e-02,5.431379499099402430e-01,1.788226321602944258e-01,9.255130081428369904e-02,4.423977329668221659e-01,1.667766726246540376e-01
9.075457541661307026e-01,1.005763183568403329e-02,9.842836193393544875e-02,3.053361045586086009e-01,1.953881703899972566e-01,2.077587982478565631e-01,4.326037619422135605e-01,1.660159053302912580e-01
8.821255585715610525e-01,8.453803308615629453e-01,1.791143293251032664e-01,5.242851048366971023e-01,1.200125279562908043e-01,6.240504001227025199e-01,3.725268653998996538e-01,1.651214631901281593e-01
8.659958575828254901e-01,7.060169826912723323e-01,3.480443944748283780e-01,2.957184254333768414e-01,1.443398025933349260e-01,2.764275802783167091e-01,9.551931400452238208e-01,1.634929124993855787e-01
9.431372797624558713e-01,6.640394016328838855e-01,9.537921935003262908e-02,3.686978782861038417e-01,2.063353155194320721e-01,4.858982534828104605e-02,4.160602546243508115e-03,1.663237602120326564e-01
8.702813816456018703e-01,7.849366133258499634e-01,2.739832767159635640e-01,3.888519407297315045e-01,1.434902002255402376e-01,4.349659005805871503e-01,6.961272881081806974e-01,1.642716941990499946e-01
8.049321545123674371e-01,8.423486597573783818e-01,2.669622239248570228e-01,5.050710927689729957e-01,1.496023609056028048e-01,2.089977772329383587e-01,5.816220877930491362e-01,1.646024899711524825e-01
8.903277154566107132e-01,7.676242381644141632e-01,3.064653099484188070e-02,5.628006899764517179e-01,1.638403649281081065e-01,1.158375204939424974e-01,1.801242567625539470e-01,1.661168350408258332e-01
7.823771663266277931e-01,5.998195926488386620e-02,1.290078824601760543e-01,4.521743220438732558e-01,1.638179227735624410e-01,1.488851101974763558e-01,6.716769637508424040e-01,1.654317337118585973e-01
8.496045601094697197e-01,9.862759579052936543e-01,2.094103151689832298e-01,5.059048603685383227e-01,1.240323543353289981e-01,2.799454878369231348e-01,5.288368751549040736e-01,1.655371838325924994e-01
8.545070225589277424e-01,7.448883036902924637e-01,9.459518021082195804e-02,5.907552905676831667e-01,1.271966476787466105e-01,4.194103115609025823e-01,6.411697286395405815e-01,1.644711102940962788e-01
8.601855396321886893e-01,6.493333084979113767e-01,1.540918695215259815e-01,4.898265165408808297e-01,1.656513151394695404e-01,3.270372631526911600e-01,2.981605965274055636e-01,1.652007865023714106e-01
7.814586342546528952e-01,8.208013173420219966e-01,2.115138638380589242e-01,5.673844221913120212e-01,1.170048219727911759e-01,2.562383282112674632e-01,8.230986213678097574e-01,1.641497050875558861e-01
8.385124617932274704e-01,2.141688991513464035e-01,2.728214703209083658e-02,5.039865361391451248e-01,1.721929716250133746e-01,1.233536963112063789e-01,2.669591169429334498e-01,1.673243474135066300e-01
8.511042081309985186e-01,8.568879364766757156e-01,1.334741088070199033e-01,4.987478286500238722e-01,1.626782822177922083e-01,2.518598564899171555e-02,4.028683840769742286e-02,1.670078330823725477e-01
8.990206576038503039e-01,1.721338053538754576e-01,9.701477280451381580e-02,3.982393961340018329e-01,1.955978144469793789e-01,3.551166732906750889e-01,2.996094593310113519e-01,1.650047178024597050e-01
8.237922312592945717e-01,7.902226665442328990e-01,4.291812593296151501e-02,6.149214846790048705e-01,1.831101191540680795e-01,2.892287410254107405e-02,2.457990689622213676e-01,1.674156060142076852e-01
8.860506419664477828e-01,6.659872391200069019e-01,6.591146557297719588e-02,5.393755394166950268e-01,1.347641516292394370e-01,4.364433416790067244e-01,2.516912642271746381e-01,1.651667389434211264e-01
8.667027552720663053e-01,2.749593265211376369e-01,2.727835078135920632e-02,5.085371274380282580e-01,1.902849483177203871e-01,1.986390453181505755e-01,3.180987636942823604e-01,1.643865632579496194e-01
7.326503928621146411e-01,2.143589007319824935e-01,2.080242815492434616e-01,5.014586292540852419e-01,1.459735207626169651e-01,1.127239090573853852e-01,8.918260383616641862e-01,1.638856790879150704e-01
7.723635533513515394e-01,3.635421444080499942e-01,4.007727733406512560e-01,3.523004405563401331e-01,1.409911970905101952e-01,4.335278874296650820e-01,8.247659259866271242e-01,1.638770903370213028e-01
8.279122062212322941e-01,8.098110003294410886e-01,6.664384899426090136e-02,5.860001957994311894e-01,1.448291128063784183e-01,2.678113298705303569e-02,8.493208886216471187e-01,1.651091279770869058e-01
8.697070771946021628e-01,1.506495216541606785e-01,6.260100737464036058e-02,4.601123891477174599e-01,1.513426414973340350e-01,2.843947093037788587e-01,7.586543962399447949e-01,1.645334268116763199e-01
9.047742223461995303e-01,5.282771678441198215e-01,5.279173048234772625e-02,4.676748515895302605e-01,2.066138500532104239e-01,1.315011002080639368e-01,1.834327970396205654e-01,1.663578561619221408e-01
9.344717214571347519e-01,8.540063234961779992e-01,4.273687843860507485e-02,4.930442737708187750e-01,1.534735308289376932e-01,1.764917588950059568e-01,3.872967885547055067e-01,1.676035413329828860e-01
8.405180619853661605e-01,4.008247643924617298e-01,2.367938197302418279e-01,3.125478453917034938e-01,1.915955554322299470e-01,1.819499341669050807e-02,5.934897794351170486e-01,1.644437733684372960e-01
7.780850747673441203e-01,3.527525237295081606e-02,3.978949631074514270e-01,3.437994761160625967e-01,1.429064977372787870e-01,8.966351890151864623e-01,6.573590999619925990e-01,1.633390999887444350e-01
8.133205962502353392e-01,6.210920106442818778e-02,1.088667065641417686e-01,4.751959158567898855e-01,1.597908577403927277e-01,2.373775759202830238e-01,7.189927731451379866e-01,1.651133487984079162e-01
8.417646215279686039e-01,7.157836571763751543e-01,1.585561980835463181e-01,4.699484350136923783e-01,1.754563335455681383e-01,4.158214440481833307e-02,2.226742970725568704e-01,1.654671865864220104e-01
8.505718384775531327e-01,3.805423617038594664e-02,2.205837641443000041e-01,3.747573767015848767e-01,1.402220054523760639e-01,7.777019526545596584e-01,7.194403557249752224e-01,1.632637942986189805e-01
8.922847599079972714e-01,4.511583701130308377e-01,1.510360578294286937e-02,4.801364948866376214e-01,1.541572496439469198e-01,2.037620983008269215e-01,5.792965952776003569e-01,1.651203417226510262e-01
8.854843784902004522e-01,7.763631197751212909e-01,1.749034195761286770e-01,4.125139570845302583e-01,1.787582449287190012e-01,9.174088369444610702e-02,5.854839904281216034e-01,1.656957818311553254e-01
7.959129591264959558e-01,7.125983019484749548e-02,2.192621391547985576e-01,4.099874793137066042e-01,1.177096817189251243e-01,5.287252466992141686e-01,9.870395040346384707e-01,1.635499109152709074e-01
8.838990669609400053e-01,7.999196416526592746e-01,1.753167551255490064e-01,4.417478649464430251e-01,1.552280598889146657e-01,3.762863162130738459e-01,1.076651322913961262e-01,1.663217041705515875e-01
8.363974021906599443e-01,2.789550420336536218e-01,1.485158988405031466e-01,3.625916560590255466e-01,1.777471059460151992e-01,1.691323099729585833e-02,7.056519400124713348e-01,1.655833451008271451e-01
9.293319585919869175e-01,5.344040116480951452e-01,1.081713334674967580e-01,3.649615459093156211e-01,1.686498862614430050e-01,4.040490518853612212e-02,9.672894291714506654e-01,1.644574933910439851e-01
7.890233438101315055e-01,8.566079669826252019e-01,1.097178299882420882e-01,6.349599132700410875e-01,1.408244412010565827e-01,1.083497344326472545e-01,6.129425953345200018e-01,1.652960807647484709e-01
7.558275639301118565e-01,3.735377157925552360e-01,1.375091342782528425e-01,5.985277883203056204e-01,1.216206250953059120e-01,2.888584298134644346e-01,8.467910026881464436e-01,1.647166507899547327e-01
9.557105507945417022e-01,4.626207932316381832e-01,7.471827401108714628e-02,3.465658380092000446e-01,1.804378721424480247e-01,2.660440455717139607e-01,3.191119195022915633e-01,1.652317740015808445e-01
7.481627585773342748e-01,5.853436470737112263e-01,1.641968167471309914e-01,5.985258463616163205e-01,1.140425215987226487e-01,1.663657329061611068e-01,8.087225422275636788e-01,1.654089552962475507e-01
7.772814761724786692e-01,3.229694553397793877e-01,3.045043930775808150e-01,3.810401489369412698e-01,1.469376672548649565e-01,3.111913305776091154e-01,9.009827613692333870e-01,1.639648066325462006e-01
8.546649617272288335e-01,2.728737022202741835e-01,2.402549859781161201e-01,2.930637571453503787e-01,1.574003002403302764e-01,2.095528913012436878e-01,9.590976305580487526e-01,1.634806203796769775e-01
9.492574391077328588e-01,3.082912469003339373e-01,5.681657484870705765e-02,3.380824461552827120e-01,1.879309114622251253e-01,1.128541712425895904e-01,7.826297427302523202e-01,1.645560282548200748e-01
8.720370163655726259e-01,8.434426042727299899e-01,2.405948993825597348e-01,4.022515293987083962e-01,1.716625186316411700e-01,2.122858410021591369e-01,2.258336664053023357e-01,1.652581140630971779e-01
8.978574251138662365e-01,9.682491396629790970e-01,5.151933771383537808e-02,5.592905205453787554e-01,1.419719853262217113e-01,1.609520833137572660e-01,4.175572620090354237e-01,1.652360388879660635e-01
8.354964712960093465e-01,1.406038430747975632e-01,1.407137306703681867e-01,3.703243077628503022e-01,1.577228260018770367e-01,9.920835132378821863e-02,8.239166587364872285e-01,1.650536480485125246e-01
8.282401253849110967e-01,3.483541115011464240e-01,2.007633510954121570e-01,3.775175209414757815e-01,2.038167530006340378e-01,1.207047083669398335e-01,2.139196972836679977e-01,1.651695512835355817e-01
8.646926134954299181e-01,7.664070282858601590e-01,2.520256553956732870e-01,3.588142671631335268e-01,1.611062079182888074e-01,1.071082287427789770e-01,8.084320400519362515e-01,1.652279706152747496e-01
9.201861108103804865e-01,9.763760782551911266e-01,1.309661317984125994e-02,5.715667148608511994e-01,1.603865824602396239e-01,1.065669616610310511e-01,4.383589712714212605e-01,1.666985446564838158e-01
8.688701903501062640e-01,2.604403753595699866e-01,4.759738989267814357e-02,5.107520199106897474e-01,1.328665848922744863e-01,4.463926347099220204e-01,8.073499078033783416e-01,1.636663748552404096e-01
7.669934654912036187e-01,2.395986413577823326e-01,2.011889266439439994e-01,4.400216675121031984e-01,1.868508226973348563e-01,8.942343867509483513e-02,4.962293356434799851e-01,1.655934328824518464e-01
9.350358443054030966e-01,4.193498998733242722e-01,2.145452153679122675e-02,4.382030666364182814e-01,2.006424452843391659e-01,4.771051059850678344e-02,7.677754069262776593e-01,1.668454191166009182e-01
9.350504026487326259e-01,6.190628496159749083e-01,6.430475858958542568e-02,4.099199304184695247e-01,1.802088507942464224e-01,1.703755462844318558e-01,2.212766996949391829e-01,1.671202575711139005e-01
8.212327428042190958e-01,8.924549342228416116e-01,1.458194797369339879e-01,5.540488210981664441e-01,1.152408356633123909e-01,9.060975128139739376e-02,8.785817530469228753e-01,1.665758183776575030e-01
8.390753468977236729e-01,7.625770325801095595e-01,5.362840768535037661e-02,6.055433520358183275e-01,1.542815604059329382e-01,1.400817634514313070e-01,3.711134086008407440e-01,1.679955887413775162e-01
8.526874001184616692e-01,4.899146494399023721e-01,1.899031298456607675e-02,5.537655873179280208e-01,1.312193931310148554e-01,1.273962412032259295e-01,8.327243421119592259e-01,1.670903202813774358e-01
8.664567089198573768e-01,7.942373388857931760e-01,1.040729781019879285e-01,5.256971178178819759e-01,1.616867220146203099e-01,2.449514358485076482e-01,1.019077974137758136e-01,1.656151288901613616e-01
9.745650068258345788e-01,4.938071412694071682e-01,1.302754730655403259e-02,3.953228159436065203e-01,1.902763459552015424e-01,1.992774045095636604e-01,3.982738104580668681e-01,1.653686902810879988e-01
8.978808670978520867e-01,3.700917139204817907e-02,2.325377571622478101e-01,2.926352446248783323e-01,1.878968504720134880e-01,6.827588741634055269e-01,4.331016584856006713e-01,1.650780111006154016e-01
8.806780553786582866e-01,6.694931904037496606e-01,1.225745868729290616e-01,4.420084012812703356e-01,1.486642537668627917e-01,1.652776298161238999e-01,7.924569236404968020e-01,1.661762831949962771e-01
7.416656338937741566e-01,1.552561711058763616e-01,2.137864932205099100e-01,5.021219598171275944e-01,1.238787602388165265e-01,3.959353687372679231e-01,7.084499685721287188e-01,1.654880224783019937e-01
8.536811739027899693e-01,2.223296931079822292e-01,1.548556313175782628e-01,4.059678117108672102e-01,1.719756964341022654e-01,3.431595619738619929e-01,6.702281474606806011e-01,1.633991908435977192e-01
8.682400395926397341e-01,7.828239364915272613e-01,2.208934653864972064e-01,4.404243433820932418e-01,1.357919664008029603e-01,3.620094989386206663e-01,7.341745060973621229e-01,1.660810472034407737e-01
8.235424568022812197e-01,5.401097714624996105e-01,9.017567218977098897e-02,5.800431492646427323e-01,1.417044873928350324e-01,2.606138533238867017e-01,5.124592460549712847e-01,1.651657893841940727e-01
9.468814138908248079e-01,8.154379178412245466e-01,9.204532341089050052e-02,4.631712287836418640e-01,1.524762565134861192e-01,4.063112875979087990e-01,4.111553503465203985e-01,1.653525692471865260e-01
8.843141022509635185e-01,7.095123047962241802e-01,1.340914318069125200e-01,4.460088757554587779e-01,1.467148732359125629e-01,2.408258519711233836e-01,5.892497464630211956e-01,1.668940203661816168e-01
8.931471092583482818e-01,5.748861286151641936e-01,1.050615860877518876e-01,4.566491211614147616e-01,1.463150888722656029e-01,2.486930846551398400e-01,7.327684946565495849e-01,1.639741515377000636e-01
8.827258729880796961e-01,3.695434710082290408e-02,5.188221291302766436e-02,4.190537535799431224e-01,2.210952983388718152e-01,1.982068011775578731e-01,3.419587626413722048e-01,1.650984799436766570e-01
8.831953663743008498e-01,5.071076740552066253e-01,2.843404673533839189e-02,5.290025022017805778e-01,1.216328458995022677e-01,3.054625268576133812e-01,5.830280766481584775e-01,1.656711981323382155e-01
8.107780929656402957e-01,6.916833522386052202e-01,5.962208453026246469e-02,6.324184964467707282e-01,1.578151470768410780e-01,5.336088146608691796e-02,6.439671652622314113e-01,1.656219788730588227e-01
8.194982497613911843e-01,5.694232228368334425e-01,3.879621499242379423e-01,3.123004475013419490e-01,1.623529934231343619e-01,3.661226515592073683e-01,6.491218940143959060e-01,1.637785777493239725e-01
8.883233866406919921e-01,3.405943190150408362e-01,1.315507364661129830e-01,3.600809090442401161e-01,1.649315014251104827e-01,2.407266248610684389e-01,7.113640951300583826e-01,1.637989911045189539e-01
8.302827343114943526e-01,8.181645951627046776e-01,3.008239323239734753e-01,3.991422714373062397e-01,1.621461758855414770e-01,8.815039302357308149e-02,7.647234360287612498e-01,1.652627444200512052e-01
8.085126726761392435e-01,5.577242822783298193e-01,3.620035211280830945e-01,3.340591465708292462e-01,1.453023207111993620e-01,3.500688213235498281e-01,7.250216074238118313e-01,1.642257495760699182e-01
9.210554729632088877e-01,1.519789479218213168e-01,1.853240001793305392e-01,2.722558634941156797e-01,1.894725285202783216e-01,5.417330712543338977e-01,3.996545608341238731e-01,1.647392676873149220e-01
9.296529033261023978e-01,6.282494482469141994e-01,7.737788404377471396e-03,4.916788088977263604e-01,2.014916178532739355e-01,6.712051150447193026e-02,1.196337785956126387e-01,1.688228492700009631e-01
9.226341282179613135e-01,8.008701532235966702e-01,1.885152173338238146e-01,3.422703367241680672e-01,1.508675960398667970e-01,1.463684368212276876e-01,7.003519410579244209e-01,1.650780146213344790e-01
8.690732375837183499e-01,1.989818180631761080e-01,3.595818349454088514e-02,4.477329989867693261e-01,1.741219282471891672e-01,1.328874702946075126e-01,7.770119123014476159e-01,1.635809893867301024e-01
8.770360658143360189e-01,6.908532072257516088e-01,1.653237761300311859e-01,4.045125766525191624e-01,1.714223581628255277e-01,1.369447180784953422e-01,5.430010167999553827e-01,1.666317630928313975e-01
8.025723071767277839e-01,3.270501488422353775e-01,3.003540065487670385e-01,4.013827858722748831e-01,1.571711725518470937e-01,5.190690555582233578e-01,4.586233564636094107e-01,1.645426905560846698e-01
8.718692036113087074e-01,3.246334740778903383e-01,1.943205209705839431e-02,5.393030549369339788e-01,1.209388043446269767e-01,4.119991219622985978e-01,7.279156328430863576e-01,1.650125000821779930e-01
8.754570256369746950e-01,4.562225692302316893e-01,4.856385143109570590e-03,5.182518867682888164e-01,1.759157809315118337e-01,8.932085123593230813e-02,1.085995516057729482e-01,1.661375556686966182e-01
8.287063338052489403e-01,6.855757837974941760e-01,2.125004473123818793e-01,4.135366285784773388e-01,1.562151264954780572e-01,7.571526938596806477e-03,7.015462506193161918e-01,1.658750477159953163e-01
8.909185050156949170e-01,7.414335663742486204e-01,6.869406810079747849e-02,4.542877217300007042e-01,1.679124423553485790e-01,2.377575857448277485e-02,2.749036655907836635e-01,1.666879415681594978e-01
7.731994368350574298e-01,9.081005169610746330e-01,1.735399351916100397e-01,6.124391723024760203e-01,1.462761136778219506e-01,1.332133967224100046e-01,3.232190664459428375e-01,1.656933561783675291e-01
8.691031535910225259e-01,6.730187212894652715e-01,2.299639773880040317e-01,3.960132819862151599e-01,1.546150454085974124e-01,2.959304024538985667e-01,7.666499873323940895e-01,1.643750760347517381e-01
8.710767806409798197e-01,4.050748187768171138e-01,5.668900317287617341e-02,5.030520959289136451e-01,1.463603730027644434e-01,3.170339582157290503e-01,4.470372137416251945e-01,1.670673968443902868e-01
8.977938641098696104e-01,9.349457742875478816e-01,2.230098028135827359e-01,4.236480940634817505e-01,1.312426305224747292e-01,4.102534211626378546e-01,5.994511274017533253e-01,1.659373473469082649e-01
8.546904749517629796e-01,2.908922989086826782e-01,3.242252059216046423e-01,3.293895008036483163e-01,1.457068405263667876e-01,7.456658973969165771e-01,6.440246653778132213e-01,1.645093648407149611e-01
8.715165091368350936e-01,6.855067526586768878e-01,7.403133167824399452e-02,5.154172451685991030e-01,1.372442292786830442e-01,4.908186227955918524e-02,9.084373529432931971e-01,1.673016354682741735e-01
8.231133709730712456e-01,6.522355579644136814e-01,1.440442056401707305e-01,5.184619756465791429e-01,1.627657832487669209e-01,1.468197365933364695e-01,7.540147812610893396e-01,1.637713250032268864e-01
8.229792952381249638e-01,1.913385205068354744e-01,1.257963331577152677e-01,4.406229241745499015e-01,1.679057786401406127e-01,5.883751935488673590e-02,7.859420171981454928e-01,1.650904743521107998e-01
8.267768581623592405e-01,3.070739546298872913e-02,1.427057292366172569e-01,4.514000877331195150e-01,1.225705643036728992e-01,5.568187954871010037e-01,9.995150852168870337e-01,1.625894220273319535e-01
9.305042408248556107e-01,9.932146064525564366e-01,1.259855761439775679e-01,4.660746007286006298e-01,1.518722012072266925e-01,2.979111868591521883e-01,7.907400218519650137e-02,1.666405810457856351e-01
9.174270015445749049e-01,8.759931102352741528e-02,1.882271522103939054e-01,2.816879233166771357e-01,2.043685337019958137e-01,4.979027590247442348e-01,2.781055972089170880e-01,1.648188134587414144e-01
9.355445088231150175e-01,7.683677612961722359e-01,1.086221796821042196e-01,3.955381930931518020e-01,1.531906004655292641e-01,1.864839763754145840e-01,7.702059632846187665e-01,1.649372020085622392e-01
8.361124912062357639e-01,7.655830614066543305e-01,3.826115130909572004e-01,3.316471135471291132e-01,1.532579917471630915e-01,3.827477630063874647e-01,5.006707818315300207e-01,1.642132269085818941e-01
7.643353609537255622e-01,4.860470700744334849e-02,3.040452426231702310e-01,4.387480703780488045e-01,1.456563050353234523e-01,6.926670348023172830e-01,7.454847094181193956e-01,1.632419655262749292e-01
8.584513060603198298e-01,5.184410024116379301e-01,2.648580166318231233e-01,3.007161236029115559e-01,2.079238001812629966e-01,3.441421923083604062e-02,3.941760256325552714e-01,1.646320346074329755e-01
8.532653628609025986e-01,4.487457337998059792e-01,5.430550180440005259e-02,5.207438212874546668e-01,1.392353231398732183e-01,2.279800382775510337e-01,8.415613642858235099e-01,1.661472090774299970e-01
9.414613161577267686e-01,6.545189339714668764e-01,7.033810550230334968e-02,4.615815778521624169e-01,1.396151227157353125e-01,3.857555967935158980e-01,4.626332544581877038e-01,1.653358753109610835e-01
8.456476894051412341e-01,9.148444320959239207e-01,5.095799084987636673e-01,3.548181550843691467e-01,1.211223639992974610e-01,8.488848185970916393e-01,8.285990415373039042e-01,1.638028112012135662e-01
7.130958961435681642e-01,4.617089070856449373e-01,2.483643326496475512e-01,5.505312690942104625e-01,1.408618099100704957e-01,1.190823695153994388e-01,8.173072104662950643e-01,1.656248467104369515e-01
8.747003184659054575e-01,7.191144130747726404e-01,1.304592543069260091e-01,4.625221994450491869e-01,1.228424612851668762e-01,3.171056563355857394e-01,3.833205763065263838e-01,1.666742728904885562e-01
8.681454562061083902e-01,8.273308386716264895e-01,9.645155791388723698e-02,5.557492368979439767e-01,1.146587069039164131e-01,3.618297086490427361e-01,4.142089591198868104e-01,1.654557838872047770e-01
8.022773974796448826e-01,3.483944335369634215e-01,1.869519188058021975e-02,5.686573012476902056e-01,1.139783655442483112e-01,7.845916890921100784e-02,9.772146099782164086e-01,1.658041533282456625e-01
8.245762074475033732e-01,4.225330940916093292e-01,1.680197365166093415e-01,4.426825654395986076e-01,1.446947744806509617e-01,1.631209141424504738e-01,9.194866872495945920e-01,1.663459290566619564e-01
9.000450985715362506e-01,5.924998547398646620e-01,1.583585574533652451e-02,5.079106779938055150e-01,1.875820260730802214e-01,1.317356069806857599e-02,5.813033292995812840e-01,1.683104246252704328e-01
7.626668975455771493e-01,5.736646651632628657e-01,2.600920617937183543e-01,4.924223458022148892e-01,1.505864306409789022e-01,8.869700764273347193e-03,9.744026191072940879e-01,1.652714738420427709e-01
6.836952749835392140e-01,4.269910065781823971e-01,3.900253265783946155e-01,4.587232315661310955e-01,1.591454661373163659e-01,1.148793245697227183e-01,5.527410778353322174e-01,1.646607288380592948e-01
8.849464077412081409e-01,1.306362318394856392e-01,5.305444494497069119e-02,4.033861348094286425e-01,2.084390654945666166e-01,3.989004247653382684e-02,4.418414855509640859e-01,1.654928566717956406e-01
8.925517125705427768e-01,2.118955166308546523e-01,2.101362617658530940e-03,4.584905397109404479e-01,1.751685949409654275e-01,1.343955666982618868e-01,3.396888726027215699e-01,1.658126722682677912e-01
8.720225117281195093e-01,8.721841601739726002e-01,1.033184529214794395e-01,5.596376403888998485e-01,1.245373854164216615e-01,3.654326185069846633e-01,6.194651514787090640e-01,1.663266287365377238e-01
7.767384039884793756e-01,4.956736233031983074e-01,5.025581293875303057e-02,6.124452091819617694e-01,1.512197578230788098e-01,7.428344222529642549e-02,3.413517228851959961e-01,1.667250129460682018e-01
8.902472177842857270e-01,7.771176518647829878e-01,1.003102045204157244e-02,5.764091244987514795e-01,1.284047619610844126e-01,1.771021549440764953e-01,4.929895941894758549e-01,1.664362416820494295e-01
7.251069278124943063e-01,4.181345924904095179e-01,2.050711780054771116e-01,5.284978242977483864e-01,1.644456007186281821e-01,1.295381798676359386e-02,4.746240006451178939e-01,1.652882869241929231e-01
8.498585040643801269e-01,8.798415887792394585e-01,2.348063347648415844e-01,4.230276979294197992e-01,1.820670004461016345e-01,9.869371242930802257e-03,5.049548498895576332e-01,1.661094487602484682e-01
8.130792526156207511e-01,9.034989414727294665e-01,1.633544398514707174e-01,5.367188084269270965e-01,1.627934477733485319e-01,1.234941971750119771e-02,6.936513922706449842e-01,1.651081956502341297e-01
9.229885183217743094e-01,9.571803857151417461e-01,2.018750357336316359e-01,3.693073388754514186e-01,1.540695829495941915e-01,1.748973653364392367e-01,5.951794157058818424e-01,1.648373683281999791e-01
9.671846254809330912e-01,9.288247773361455462e-01,1.664158356216173251e-01,3.887461634854322279e-01,1.541259457662348398e-01,4.399208030236974043e-01,4.180404008226122903e-01,1.651653421709745051e-01
8.555138416994885198e-01,9.488668669127182653e-01,7.217813226766622847e-02,6.452086353336039526e-01,1.113800571230040143e-01,3.481006762077001326e-01,4.632380229141682682e-01,1.659153635860771137e-01
8.254904244585308248e-01,7.184076902086946603e-01,8.772741003164102880e-02,5.482771702593105534e-01,1.812272586902377303e-01,3.338843018765608184e-02,1.060353575555172956e-02,1.683276215878369564e-01
8.502267623772482574e-01,7.713666022473245620e-01,6.436127298714461320e-02,5.696755652552398796e-01,1.295467322057336224e-01,1.274670704083680772e-01,8.819730760759421084e-01,1.653107019079249340e-01
9.256927504079270896e-01,1.506728146607200780e-01,1.351395211495155513e-01,2.724243288482379732e-01,2.214796580721458130e-01,2.400380247748057361e-01,1.388842747653640797e-01,1.659449140463832018e-01
8.589837717572441633e-01,9.677004834704743264e-01,3.253565151846368186e-01,4.201403929044869590e-01,1.372304806147659761e-01,5.021574316532484428e-01,4.430718400585867967e-01,1.656199889855030083e-01
8.744515465003710464e-01,5.567066552668082924e-01,1.012376696763551825e-01,4.515270053553579466e-01,2.025662708509632370e-01,1.651709153869412861e-02,5.696452110790071188e-01,1.651713258054205991e-01
8.510812513269169211e-01,1.579694753428660392e-01,1.760181638948601912e-02,4.814704319104726737e-01,1.883876645951227946e-01,1.053727928394813385e-01,6.218195152935155345e-01,1.655660182404566916e-01
8.256002868590625043e-01,4.824904562804571695e-01,1.099030363838162522e-01,4.593623758725941530e-01,1.681201401752503155e-01,9.583250970422008130e-03,5.550650973558944878e-01,1.668839051256045813e-01
9.768449371969704087e-01,4.157023877516059507e-01,7.374915859791011941e-02,3.554617809320883004e-01,2.050163867047244404e-01,3.335105724206920974e-01,2.509553386353958748e-01,1.659765594367448582e-01
8.802734347802965154e-01,3.953144585588457272e-01,1.551276396527629942e-01,4.004216392474161945e-01,1.602088934267602571e-01,3.828610288400968176e-01,4.637270649259643829e-01,1.646032864066224177e-01
7.369680537198430859e-01,7.659252400257019477e-01,3.932646001994718477e-01,4.508510091361632721e-01,1.688819234667945091e-01,1.129342226268209570e-02,5.663461971436406506e-01,1.658875926432956949e-01
5.832296514619612626e-01,3.974252258487689371e-01,7.363205856593753040e-01,4.459267443184047885e-01,1.137560492768295989e-01,4.288271732309478224e-01,6.924166640352511504e-01,1.639783783157346408e-01
8.398287017201259141e-01,4.891680805230241846e-01,2.460423804696749706e-01,3.510058873965705151e-01,1.977772347827305432e-01,6.929094913579936232e-02,3.839122650470991882e-01,1.650950189645774557e-01
8.340953245983246944e-01,6.505330266287221441e-01,3.811309213744284996e-01,2.768012484700007603e-01,1.740828732185936978e-01,1.693795135006862240e-01,5.931977795278338128e-01,1.648955385692953690e-01
8.490099479792407866e-01,6.404057476060871501e-01,1.643555028992018108e-01,5.148662673668924494e-01,1.370119972864891067e-01,4.845849480496479122e-01,6.295903331290805260e-01,1.640139040802411075e-01
7.806776686780368957e-01,6.797122190999655977e-01,3.661184341288253874e-01,4.087977283881874535e-01,1.476421979663973816e-01,1.502983363202776146e-01,7.970149713659796520e-01,1.652813312298258008e-01
8.923746872495940119e-01,7.091085191996937542e-01,2.541096136800465310e-01,3.714028086036005871e-01,1.459399673122258045e-01,4.923960348229444728e-01,3.925126313874491291e-01,1.656794545300504795e-01
8.680607148446195520e-01,5.838758091026006181e-01,7.790793540389272243e-02,5.098411284691428680e-01,1.352016498064522732e-01,2.971850929005406261e-01,6.692634069920653239e-01,1.661255846756021504e-01
9.297875397534494102e-01,5.994855429774362809e-01,1.139378606189463961e-01,4.037429769926049183e-01,1.614934808298182090e-01,2.948697626820564466e-01,5.187299752251317564e-01,1.654107276850714237e-01
9.111760060670691663e-01,6.781286685196998842e-01,6.124746256766623598e-02,5.253325654447460469e-01,1.054106657218677190e-01,4.726650048964556872e-01,7.190026485028219172e-01,1.660927619795599108e-01
9.078510153130854299e-01,2.335933598043640202e-01,5.900228866225998292e-02,4.182222294492550230e-01,2.050662316325013168e-01,2.252604975358473982e-01,4.778616583022316511e-01,1.641332393788007549e-01
9.282460817182438539e-01,8.561546232157706271e-01,9.437640381665758638e-02,4.466263182042924385e-01,1.581855956508224359e-01,4.005981282935805465e-02,9.111454114453194641e-01,1.662176740018158072e-01
8.953090454503128681e-01,4.771442369958943108e-01,1.269076579982274522e-01,3.651905437690391998e-01,2.084220512446827156e-01,1.377789451655359043e-02,1.543996000216534270e-01,1.662650681822837873e-01
8.905774049907569934e-01,4.369379587864821723e-01,2.565479899399067398e-02,5.034524752145850268e-01,1.677737385415044580e-01,2.345767901365492514e-01,3.984974828599726626e-01,1.657895388008901461e-01
7.121119625184854085e-01,6.013194394121005315e-01,3.444245038372258927e-01,5.165392524273025865e-01,1.226834753866379440e-01,1.648568830739228497e-01,9.500173756728824692e-01,1.638673361786170957e-01
8.640041318239215506e-01,4.791064059967023447e-01,7.762655714024058184e-02,4.893356605464019848e-01,1.963359900487900989e-01,1.421815588163199973e-02,5.887534732234245283e-01,1.644260949381475267e-01
8.959478428766350921e-01,5.304311510956218889e-01,2.321323209156628542e-01,3.895857354638695980e-01,1.499415566061710892e-01,6.555431217047795744e-01,5.197532749389236484e-01,1.639418730378050804e-01
7.619800041347418729e-01,2.723454734375440056e-01,2.460795141156932875e-01,4.400843313064178863e-01,1.680057161672254828e-01,8.667179222704202157e-02,8.469202231642538603e-01,1.649862362375517644e-01
7.820851246446972604e-01,2.528301768386062021e-01,1.857957436598554057e-01,4.411586771157950393e-01,1.684987621403961078e-01,2.113836161330139296e-01,3.222378748817046334e-01,1.654032499647440924e-01
9.780416469513006916e-01,7.135683535300443303e-01,8.426882866101001457e-02,4.062156265863625104e-01,1.742702744227612732e-01,3.808731307055893689e-01,1.981927519629715362e-01,1.659548749988409011e-01
8.679092245247289616e-01,4.070983779877859199e-01,8.890457772383353330e-02,4.498168104433975523e-01,1.827485362777932776e-01,1.460822245988622758e-01,3.400266527718572851e-01,1.667255613352421062e-01
8.097336891744771892e-01,6.741122127936595154e-01,6.694476721170433686e-02,6.033777735960270672e-01,1.865058663795955696e-01,5.686147357500448418e-03,4.677076586883910370e-01,1.655032304301678747e-01
8.357306517382266930e-01,4.884977782059656271e-01,8.633283550713946597e-02,5.564575039199790574e-01,1.422816343719843779e-01,4.338835607904619196e-01,1.475453708829559951e-01,1.659941633525834903e-01
9.305975854765542454e-01,3.961633295724527604e-01,2.161457744188652330e-02,4.042562506362333274e-01,1.650987140223767746e-01,2.224570019422966727e-02,8.415411282041962426e-01,1.657286434391646579e-01
7.709400564030511882e-01,6.086911456537932308e-01,2.377111283171984835e-01,5.431543776426243086e-01,1.199130432893819043e-01,3.457555567879578851e-01,8.859251909759061627e-01,1.646927035468346290e-01
8.019199178219253987e-01,2.613218827816863876e-01,1.985236381355961754e-01,4.035193589822224092e-01,1.517180877530575345e-01,6.010346969324573130e-02,9.611930894470251951e-01,1.653581797961758415e-01
8.689777401864224871e-01,6.238072096045915726e-02,4.837588611627097190e-02,4.215148745262924934e-01,2.079795536138414613e-01,1.148689349961953821e-01,6.441824857281392980e-01,1.646776871405468967e-01
9.220122321524069076e-01,7.063328844704088727e-01,1.718393926248182324e-01,3.906100272766732107e-01,1.739414163653012491e-01,3.141371263926034940e-01,6.392352343157282624e-01,1.640754945628439265e-01
9.090189142101026132e-01,6.277003127239748625e-01,1.637995328373715864e-01,3.306655182222194567e-01,1.845664809927595462e-01,5.366971729486746945e-02,8.164912247772857512e-01,1.650919702538813372e-01
8.811299247977447680e-01,6.101523537295284738e-01,1.237719084638217171e-01,4.217191355346155412e-01,1.487632361056717978e-01,5.619060178468332500e-02,9.372728257042279854e-01,1.644925146724036946e-01
7.481427632720183407e-01,7.302859781844062148e-01,2.975075369252440649e-01,4.930965458246080457e-01,1.633444321782566433e-01,1.158146362847071453e-01,1.975330961644465311e-01,1.656577397608459123e-01
7.780079320326889203e-01,2.163673443116345685e-01,1.998978121709425182e-01,5.368075737561834870e-01,1.092309731768422998e-01,6.485897891806280402e-01,7.721343787280472437e-01,1.640375081496047438e-01
9.533546798600051053e-01,7.282575937057895743e-01,1.728762909307973994e-01,3.027842674985048443e-01,1.930672191553067796e-01,1.032306763331712895e-01,5.317315518962714149e-01,1.650132094614003286e-01
9.003993325521725266e-01,8.133302110063502788e-01,7.986143211799440200e-03,5.503419477093292045e-01,1.467673183243897173e-01,1.543964085501015604e-01,4.761891352771696062e-01,1.659283205949594886e-01
8.235409410355870596e-01,8.520729891950772350e-01,2.290746124549502827e-01,4.838044015923290697e-01,1.440474659036416749e-01,5.790984811368893315e-02,9.989310496043295462e-01,1.655285526614181379e-01
8.534948578070995495e-01,7.631324334463959191e-01,2.591924218870076957e-01,3.761423145062123830e-01,1.497783905669670679e-01,1.067569549656776640e-01,8.579158780436584308e-01,1.661376719120788992e-01
9.009055552487467144e-01,2.258501085635487571e-01,1.916066170130348856e-01,2.656677824465809024e-01,1.934083417859862319e-01,1.997801956332276585e-01,6.583271223689151075e-01,1.646518957549136519e-01
9.406902361299365189e-01,4.550713544836723079e-01,1.891493318107816957e-01,2.712154443054101138e-01,1.791307841894644870e-01,2.122441194555649280e-01,8.998169917142395668e-01,1.647497790451394051e-01
8.909951235603079667e-01,6.768894648511692980e-01,1.839663952447293804e-01,4.000107345672974102e-01,1.423242848494351565e-01,4.340729506181982833e-01,2.921515435134856564e-01,1.646996972619798605e-01
9.068354861201370909e-01,7.959455892596443150e-01,9.548061499459321866e-02,4.577597994993814479e-01,1.492328371082423388e-01,2.381492325222199224e-01,3.136238417449697113e-01,1.658813276470914033e-01
7.318829624984348747e-01,8.138227725327347173e-01,4.698259666420376846e-01,4.345771994592663168e-01,1.453376812112318617e-01,5.235795920925878644e-02,9.514744198530129538e-01,1.641922854807227328e-01
8.955936065675832447e-01,9.599385023362976277e-01,2.531042871609284761e-02,5.596705010164210181e-01,1.524923496458775729e-01,1.029779578026291387e-01,3.286978878255725212e-01,1.664456358022441129e-01
8.014376486693264301e-01,4.827985708463923831e-01,1.989978109077219504e-01,4.743788405175586309e-01,1.401005508822228685e-01,2.577307624615718940e-01,9.886495437029256816e-01,1.630781272372291424e-01
9.104152451142808466e-01,7.538063173729181443e-01,3.038315702749172509e-02,5.125284017685354243e-01,1.366536860081933036e-01,2.665520535866182650e-01,3.945397946839073744e-01,1.651261757313708389e-01
8.031384348341049639e-01,3.718510035149076298e-01,2.674619326885006032e-01,3.729307961573881114e-01,1.697884971714154201e-01,2.440475164754871140e-01,3.751462647899005964e-01,1.658186328687358546e-01
9.217263511049874625e-01,1.005427932140834368e-02,6.358675344588948786e-02,3.431882863059702027e-01,2.006458934033214792e-01,2.852422427021720219e-01,4.383919819413049646e-01,1.655076597551961293e-01
7.938453111387864247e-01,2.807758810435436736e-01,7.051882373952708671e-02,5.402337375836743227e-01,1.406784795607460004e-01,2.240729457431631100e-01,5.141984383709718998e-01,1.663014757164486823e-01
8.018270811406379428e-01,5.374286014438158787e-01,2.088775686872763881e-01,4.456225308933515761e-01,1.909343212975266879e-01,1.081118584774478641e-01,3.470137132559362181e-01,1.646332585340620214e-01
7.475791153061146499e-01,8.241979813600672777e-01,4.573880528240428234e-01,4.165330746861769518e-01,1.310978445979932294e-01,2.248842614384525262e-01,7.512729192174112391e-01,1.646278211246171019e-01
8.574987947765501106e-01,2.540101332631040099e-01,1.495062319248697535e-01,3.523616700355787779e-01,2.110913988545095599e-01,3.313009525055682358e-02,6.928319508721352271e-01,1.648989281347652269e-01
8.609937013086488289e-01,7.487225898836404880e-01,8.769509850403384155e-02,5.625739173029993268e-01,1.289295447152178919e-01,1.780152759429566300e-01,9.740376052057162504e-01,1.646847332692646937e-01
8.397414093503975385e-01,7.815912095603524401e-01,1.570336510396422303e-01,5.537651159993800531e-01,1.249214176838869816e-01,4.262656234588856341e-01,6.204119289667346937e-01,1.659937974543375383e-01
8.122753586313933294e-01,2.190121370495876629e-01,1.082757286672231811e-01,4.573486402705155274e-01,1.973701853804776252e-01,4.260065467453333365e-03,6.112910448981435652e-01,1.650117896942722151e-01
8.765348665936951722e-01,7.477317404641330434e-01,1.271620078718113389e-01,4.493828871781496148e-01,1.787227560944706917e-01,1.742927965984708560e-02,3.413253681431690501e-01,1.662903329541171593e-01
7.805691158965528675e-01,5.711118620124372436e-01,5.922419722630531402e-02,6.189150865296217940e-01,1.741508215592382780e-01,3.412594860374562611e-02,1.273533460004327988e-01,1.682795547830836236e-01
9.272666265511457784e-01,2.687180735743658344e-01,1.267721869776565757e-01,3.108787901714084034e-01,1.714719969479479855e-01,3.391173732541477026e-01,5.156276978983388437e-01,1.660440228677657892e-01
8.584551435109301076e-01,7.377535425153645132e-01,2.564665628530401476e-01,3.622978288055664908e-01,1.408714102050275807e-01,1.785235074348798801e-01,7.976972700906469482e-01,1.643595333555479265e-01
8.542292241559926724e-01,9.281756774069023219e-01,1.739259746122503170e-01,4.819133513434438187e-01,1.483950581852878370e-01,5.225004655517434538e-02,8.419843218686622333e-01,1.640977529075192676e-01
8.563346670992841858e-01,6.268734528318220534e-03,2.331952188979940777e-01,3.421797262455404942e-01,1.713403760986839386e-01,6.917843686406357495e-01,6.635350710586234158e-01,1.636623730386386200e-01
8.118478878183339464e-01,1.872017332549602564e-02,2.699033484421911600e-01,3.428148424282880802e-01,1.674395590060880346e-01,5.460732873600433468e-01,6.687184953376812402e-01,1.638579249900060097e-01
8.946459811978306753e-01,8.126435520305681504e-01,1.542039148962815465e-01,4.533515974472988597e-01,1.266297245767065149e-01,2.800110709519381125e-01,9.790425032029657082e-01,1.634943632971086469e-01
8.801843311559756078e-01,5.489216549078174134e-01,3.050345857682454920e-01,3.156512658604706534e-01,1.659748505353645653e-01,5.415678587131496080e-01,4.135857569363576847e-01,1.647024245961192512e-01
7.385651884115937982e-01,6.265412838463686462e-01,4.507349667724395159e-01,3.924233626439340150e-01,1.588642352678917846e-01,8.479199070033141550e-02,9.410258732688174810e-01,1.636370717541082431e-01
8.091789293901037183e-01,4.694017460532967090e-01,2.823217287910649853e-01,4.402717949721745017e-01,1.187008126210426506e-01,5.451280398673756800e-01,9.067084280314625655e-01,1.645388732232604678e-01
8.519102058043374059e-01,6.372280673098361659e-01,7.466164063653163430e-03,6.204974858660943227e-01,1.683253212506801710e-01,1.678505607021384682e-01,3.759720452710929584e-01,1.660750098558152754e-01
8.566158179288625441e-01,8.485492222256646455e-02,2.416164001902988412e-01,3.678389512530142458e-01,1.583540818966049923e-01,7.096834777648752812e-01,6.617269914462922120e-01,1.647406749632100986e-01
8.564641510654509293e-01,8.940553977796467100e-02,1.637127913273030144e-01,3.693010945190400296e-01,1.373344553731442319e-01,4.513769580104747270e-01,8.684168278837831600e-01,1.634357990579160813e-01
8.293237469873959711e-01,6.819807097021459708e-01,5.254386515520512169e-02,6.312401200761088571e-01,1.519920220908812514e-01,2.274480593980570953e-01,3.985907531216105193e-01,1.659556429125348676e-01
9.674364741170667914e-01,1.369989754353569955e-01,8.223245809968814102e-02,2.481938811330959282e-01,2.205908350107262383e-01,6.094651142893234286e-02,6.464686970715426417e-01,1.655268545263098023e-01
8.683708863741121942e-01,1.173935820491818771e-01,2.441824994162472562e-01,2.916790040826950925e-01,1.691747573520739067e-01,4.470196898804956187e-01,8.054931686303126170e-01,1.640177533198336202e-01
8.053798432438075139e-01,4.612015857634372828e-01,1.402498964681331284e-02,6.104804664527188063e-01,1.880575654782111195e-01,3.468611170818414191e-02,3.267346856180510795e-01,1.651417812777251914e-01
8.528234438200648082e-01,1.069905154351957766e-01,1.836153075805287138e-01,3.858737578273920277e-01,1.514702518133791698e-01,5.780833781862753096e-01,6.280986054023195431e-01,1.638287635681101584e-01
9.376813663299007340e-01,7.544744775243839019e-01,5.012831390155397804e-02,4.915115852527996432e-01,1.696664728630738472e-01,2.528272437824676255e-01,2.558925610638157488e-01,1.660892795061094385e-01
8.077925579777214260e-01,2.972682499835272996e-01,1.861987440181160913e-01,4.647822322915319826e-01,1.427766763912844128e-01,4.183006336063153086e-01,4.902567089823204327e-01,1.640768141246340683e-01
8.299718675071312557e-01,8.081489549206150036e-02,6.277896305499736096e-02,4.734971732451956350e-01,1.683707612587051206e-01,3.007907806346541979e-01,3.540735686372179503e-01,1.658064583534302749e-01
7.250235107576741278e-01,3.636272218675143941e-01,2.680968851129971187e-01,5.069957712518718962e-01,1.461913566483497573e-01,1.325962889279988233e-01,9.753521125797196545e-01,1.632557458440801190e-01
7.992391819835027444e-01,3.458323867795265461e-02,1.104448277893801816e-01,4.784900454438502093e-01,1.551771745978638983e-01,2.450995955292309958e-01,7.912015456723329176e-01,1.645532382430858753e-01
8.428565504104855721e-01,1.829265296461187740e-01,1.908814780792912058e-01,4.159534854394406067e-01,1.471791939672712490e-01,5.083687026348744364e-01,8.903386350193399634e-01,1.640096576049750454e-01
8.094172161321806502e-01,3.361022423596312647e-01,2.233742497350015010e-01,3.792425829980400342e-01,1.779462594966137734e-01,2.281531785077728358e-03,7.574643611105718044e-01,1.648211974795482093e-01
8.506930806482274621e-01,3.635382102017913897e-01,1.985258053816329749e-01,3.272914877922188936e-01,1.950968231687130183e-01,5.400288759700688779e-02,6.431968751213547053e-01,1.642097293320780860e-01
8.782829196833525920e-01,8.514392226029500188e-01,2.693395433679485196e-01,3.582517442333017499e-01,1.893483559819800210e-01,3.000490590965676496e-02,4.708154199082740243e-01,1.654802434860196125e-01
8.002629066905879718e-01,7.385408015311938357e-01,7.428288506425911875e-02,6.473416905422135770e-01,1.269137661656616900e-01,1.767512116663009225e-01,7.989290160416434583e-01,1.655944547274659784e-01
8.333683073613246117e-01,3.788780891253963889e-01,7.507355297833223640e-02,4.999334785614610865e-01,1.186280530377592513e-01,2.266809664176495376e-01,8.428072026977400100e-01,1.662589395834061234e-01
8.461202642131570029e-01,3.064343164968452715e-01,2.594496362627707331e-03,5.501991224621467502e-01,1.886027573936517598e-01,6.986414720319950034e-02,4.460153158740315926e-01,1.661695943251483565e-01
8.750635084633122673e-01,4.916877211844924989e-01,2.054764323014228733e-01,3.471890584718601014e-01,2.112352466884594437e-01,1.197175475710612891e-01,4.059521043606210133e-01,1.652589633772104660e-01
8.755091388260423102e-01,6.949882387637135173e-01,5.364962495359781869e-03,5.784263598896561831e-01,1.667219650759347860e-01,1.339058723933877482e-01,2.664346865964584143e-02,1.661894309204955955e-01
9.181721185306407351e-01,8.874442954632622005e-01,1.446008042502369695e-01,4.584314446020402722e-01,1.234895099254178091e-01,3.974757692480123117e-01,8.014395260404988397e-01,1.635455385055695210e-01
7.947698086958470132e-01,7.231459650107661119e-01,2.569940477051942396e-01,4.995769097131423919e-01,1.438289099565427109e-01,2.291242271642120465e-01,6.402671002016362412e-01,1.651930384718267308e-01
6.999501460515895612e-01,9.799319681491391876e-03,3.914890086026799332e-01,4.450819866663042190e-01,1.320737580254470189e-01,6.587123577801667906e-01,7.568113781217988834e-01,1.641288977999592891e-01
8.391390357030799052e-01,1.184581170645622183e-01,2.672094212577663663e-02,4.907840793866687368e-01,1.498829395798398079e-01,7.198553529615403512e-04,9.896429394551422565e-01,1.660148093146700532e-01
8.731863929844966288e-01,4.206836685695451994e-01,2.047724380773191521e-03,5.268358080269701649e-01,1.422036651496448312e-01,2.688096707723668377e-01,1.611999993411342147e-01,1.667141843345815722e-01
9.354672561741000925e-01,7.642180944008039045e-01,2.466233213547411318e-01,3.326331228864050082e-01,1.587461230472838047e-01,5.476134850817440114e-01,2.706418486957924419e-01,1.650650653769943355e-01
8.682148828521789596e-01,8.821594859485231144e-01,3.653095448450293659e-01,3.053452655045219011e-01,1.684681165382930779e-01,1.571269272781064263e-01,7.539370869405759290e-01,1.643321190676920451e-01
9.379600113066700606e-01,7.533267009678867865e-01,2.515367345136962363e-01,3.462901970436483845e-01,1.402432815900077623e-01,6.784837170470183754e-01,3.788298735852325683e-01,1.655238704176888176e-01
9.507473497546382601e-01,3.394955227742006976e-01,2.173159241472555903e-01,2.729271296670064406e-01,1.799935796989027559e-01,6.256579256950121071e-01,5.405801235301213037e-01,1.639693147677577789e-01
9.596196234166973760e-01,4.245961864529184115e-01,8.990308034077715282e-02,3.253799490901184144e-01,1.844454891328050905e-01,9.927528732351459384e-02,8.585087744256865161e-01,1.663654285029188828e-01
9.238043449615758185e-01,4.293165777840862729e-01,6.018120142310984244e-03,4.450818448209784561e-01,1.707866737478889174e-01,8.537039402367105345e-02,6.344427989786003419e-01,1.665429796071976332e-01
8.637576283601487992e-01,8.040624252374168890e-01,3.114384742146546481e-01,3.617372825402030978e-01,1.581922213986105552e-01,2.434618446004643832e-01,7.319912809721437208e-01,1.639409565077023789e-01
8.645871984098624230e-01,6.350942187862986810e-01,1.916827133618108636e-01,4.223861031099904184e-01,1.290732635358973757e-01,3.021511759215844140e-01,9.387397497889863329e-01,1.644530604698360987e-01
8.326709011929720461e-01,1.909645363696586551e-01,2.321525394666547060e-01,3.348647549418173330e-01,1.602673460101067260e-01,2.353075902783731133e-01,8.349426736052860676e-01,1.644772482918023526e-01
7.871124214375008199e-01,4.475058247028978475e-01,8.337752697832921667e-02,5.541579608804613200e-01,1.333441892616982205e-01,2.969229578121329594e-02,8.990738228856098857e-01,1.656808136321376579e-01
9.468581641110220826e-01,2.702106324275758142e-01,8.074352117102263915e-02,3.338210286716619124e-01,2.160878565310010990e-01,2.264533721235077457e-01,1.347816777379053921e-01,1.673089916965364854e-01
6.901786274381886965e-01,4.537778779907054028e-01,3.777994668048151317e-01,4.814035633250740021e-01,1.328372001790958934e-01,1.400904954782408451e-01,9.163290478481149748e-01,1.648786020142303521e-01
7.725310550487706207e-01,8.146010899008633288e-01,1.278006797394325711e-01,6.276119588203065147e-01,1.513825127234549039e-01,4.832567301203571919e-02,5.189708521428668675e-01,1.659550500342076296e-01
8.399265731199849760e-01,5.180751707891393387e-01,2.801971966361237465e-01,3.408996582103712703e-01,1.925507251129635333e-01,1.391038004737862877e-01,6.344688631846198135e-01,1.640234269857196725e-01
8.495706495778400091e-01,5.199533767506945292e-01,2.929257087939927673e-01,3.074674149310416826e-01,2.063800084080427699e-01,7.991748394451037019e-02,5.684169023928270503e-01,1.649567783654826980e-01
8.816760684241560231e-01,2.579510901650081678e-01,1.023804929075722153e-01,4.367340342504526518e-01,1.725940885502823541e-01,4.553885789405270335e-01,1.961770830595446768e-01,1.650879739931727097e-01
8.661775182822943897e-01,1.544041258994618415e-01,1.986889443309332315e-01,3.668445069726790075e-01,1.526457473746356541e-01,5.450834401451195577e-01,6.668271286442749579e-01,1.649332700522326556e-01
8.917469930928304533e-01,5.148881211568578919e-01,6.890844113539085214e-02,4.315274684312755960e-01,1.832636215000153779e-01,1.174311578483763774e-01,2.555491326064264213e-01,1.673876985429634812e-01
9.034613442411788542e-01,7.118584274517791854e-02,3.560752525068358598e-02,4.384752657939945952e-01,1.751814059494224141e-01,3.504413090954812682e-01,4.223872881940720081e-01,1.648885693349513015e-01
8.703030719546561711e-01,6.304985131484164285e-02,9.282534285453150624e-02,4.371643289077181138e-01,1.445508935616806045e-01,5.077557688685678805e-01,8.595752793619206855e-01,1.636448138666742047e-01
7.727672280092139356e-01,8.198792675587962542e-01,1.320884746661516174e-01,6.298222421545617289e-01,1.605846873441531264e-01,5.798394789712851827e-02,3.793059548225555799e-01,1.670779056723041556e-01
8.483995433528552788e-01,6.020931096897660373e-01,9.256796308700246390e-02,5.003661461530310994e-01,1.674822740230442752e-01,3.534082293216653237e-02,3.553194977848510017e-01,1.658517928668827301e-01
8.550942551089437682e-01,1.689772719155382963e-01,1.364768818667088657e-01,4.295263647935806395e-01,1.398967747567344544e-01,5.513842341217578547e-01,3.304778528037382035e-01,1.652298161560709633e-01
7.908524733125675832e-01,1.310514096662919181e-01,1.299835957280173759e-01,4.556863136452218854e-01,1.839791342015981712e-01,8.450631772795119678e-02,5.773241953858043729e-01,1.648997796903143020e-01
8.814704985943836446e-01,1.031646556129032777e-01,2.386290944625354404e-01,3.487345149413497714e-01,1.542768430045284300e-01,7.753497892716902928e-01,8.447875038519800928e-01,1.637967695994010375e-01
9.213845876186541606e-01,5.611853246650124749e-01,4.611703880931583566e-02,4.884272323353834877e-01,1.309045683141715211e-01,4.218847128088705767e-01,6.007467950384988153e-01,1.644013321307428444e-01
8.979281467765163338e-01,8.946443044497602859e-01,1.683796974148305536e-01,4.399942665140776366e-01,1.692072792887655275e-01,1.281811908731546323e-01,4.315656686999160829e-01,1.656609615027687388e-01
8.287626393168764372e-01,4.563976261825744563e-01,3.304621057756563784e-01,3.497856881047642919e-01,1.571201753437248549e-01,5.247251839343047841e-01,6.856692534869694988e-01,1.637541980013877407e-01
9.843096751646494003e-01,6.406994307288627066e-01,4.093218011360844066e-02,3.802318347064074788e-01,2.249721108333416764e-01,2.866673462738056344e-03,3.641902813542540196e-01,1.664630066249477847e-01
8.518724165707936002e-01,7.420262555717803687e-01,4.477374686823409888e-02,6.044422615945158617e-01,1.394198968823701368e-01,2.770463316824884892e-01,4.775245040946748953e-01,1.664985725524888993e-01
7.483601120535906537e-01,5.113253001923432350e-01,1.599199244993362301e-01,5.942224868239096569e-01,1.317924283217289105e-01,1.687245373392942949e-01,9.059179817224716214e-01,1.650972597894785898e-01
9.833893040442801547e-01,2.809753484172137217e-01,3.150357282331872621e-04,3.578374900973331219e-01,2.310391075565776942e-01,7.608923450886975748e-02,2.373883394764539356e-01,1.671846173019099213e-01
8.689337513475298147e-01,6.199353114584442714e-01,7.018908388072875315e-02,5.119580775469425582e-01,1.486124828259332564e-01,2.816888909350762638e-01,2.361050211269730692e-01,1.653304820352236304e-01
8.921903761947758138e-01,6.588826271292027581e-01,1.527588247277095468e-01,4.144129421760061049e-01,1.658573407618579298e-01,1.478615144996769382e-01,4.698115835568465459e-01,1.657012820412673837e-01
7.425378108148982248e-01,3.992172421987740805e-01,2.823438930836414396e-01,4.344103297607139202e-01,1.574224785552290617e-01,1.631501616334879445e-02,7.482592098874095710e-01,1.647247643947888085e-01
8.412976858304878069e-01,8.143726038712150173e-01,2.384453961185572513e-01,4.688634531552696161e-01,1.375743116990733594e-01,3.578641262739437612e-01,6.102486022968229840e-01,1.638096769480673898e-01
8.617030482975533978e-01,7.985432353523913562e-01,1.463638325604425527e-01,4.953135948108509101e-01,1.201054044222453210e-01,2.455515929387490914e-01,7.613887190725489029e-01,1.644449399839585657e-01
8.551916117007271056e-01,9.376894677117197929e-01,1.811094068383540256e-01,5.387273583593529258e-01,1.444948557038460424e-01,3.689266781555444741e-01,5.059517190212101667e-01,1.647401421947204125e-01
7.490287689502899138e-01,6.482889901688655421e-01,2.445550989648586082e-01,5.310123119828674687e-01,1.510857715604367602e-01,1.447144599226529438e-01,5.274269887276789026e-01,1.656503583878191632e-01
8.560366816480746710e-01,8.378333230353063321e-01,1.985904169380592610e-01,4.759247923863805241e-01,1.399987627572173710e-01,2.597512637295377735e-01,7.634436789547787150e-01,1.640046020874220967e-01
9.398582868512768140e-01,6.410860983144621716e-01,2.612174289798668836e-02,4.961166924504256670e-01,1.383925031046780163e-01,4.035125690457133096e-01,6.074745870520625868e-02,1.671812560506130974e-01
8.077447865226972112e-01,6.501870950990786824e-01,2.242388612826820282e-01,5.176653822951515771e-01,1.129759995131409400e-01,4.804923658857648827e-01,8.186131081504931517e-01,1.650704875530726590e-01
8.233969742624207555e-01,7.202222798553676864e-01,2.644953511673637792e-01,3.813259975672546598e-01,1.738579086031537269e-01,9.115618805202507779e-03,5.485960153512737802e-01,1.652838095812405872e-01
7.806140707360065267e-01,3.324863152635793018e-02,2.365870213300800828e-01,4.300360725401812245e-01,1.468376275705089995e-01,4.817446810580540695e-01,7.824609623494884758e-01,1.637779014795000820e-01
7.650915126078674522e-01,8.457220925916528742e-01,3.138544534247060258e-01,4.875449949758015045e-01,1.405093668788560124e-01,2.728075446880423582e-02,9.888537905353083080e-01,1.636322574085514181e-01
8.847181085789646016e-01,2.468429195774884954e-02,1.237696774173725617e-01,3.480733588468703510e-01,2.033364696449343478e-01,3.703915356924425972e-01,3.035592117852645710e-01,1.639547798889572638e-01
9.030964487028889653e-01,7.140560373120915516e-01,1.732872153280540228e-01,4.020405808016673244e-01,1.200933667949095618e-01,3.484930986845223289e-01,9.137655491974363553e-01,1.647751676286976219e-01
8.645517007275168586e-01,7.117700677847105251e-01,1.662503999062925342e-03,6.324822997445060935e-01,1.290871538788257444e-01,2.179946827175787138e-01,7.258405035275413697e-01,1.669746453257083540e-01
9.064742392053130038e-01,3.121931350681063644e-01,4.707282637541346237e-02,4.102726846044432163e-01,1.865932722593499904e-01,1.468632541126395075e-01,1.198774952066389288e-01,1.662057821842608252e-01
7.986733761406179521e-01,8.988175940840769096e-01,3.473034021091875312e-01,4.655648438102858444e-01,1.436935092677434078e-01,3.826960379354961694e-01,5.459066722217843504e-01,1.648165800441736828e-01
9.345940919196277230e-01,9.972992594652706488e-01,4.269448064598807546e-02,5.910703274190578504e-01,1.141963578840285432e-01,4.702153018040240440e-01,4.974001214479913946e-01,1.655943136819216788e-01
8.600356927279352304e-01,9.735146541305669254e-01,2.347793434374786936e-02,6.163162176945868875e-01,1.700944380960579261e-01,2.809172111038982234e-02,3.987365407224325864e-01,1.668096883160471444e-01
9.652719125809700040e-01,3.694190852264489511e-01,1.026610359649961224e-01,3.097483400437211487e-01,2.375608346917928715e-01,7.606874422726916940e-02,3.881322920412583199e-01,1.659791852695550185e-01
9.193372556001289109e-01,5.599875460084978718e-01,1.107053696348979099e-01,3.741295173257493945e-01,1.758026781274902584e-01,1.259264050329381157e-01,2.145042249995866568e-01,1.673377561908329925e-01
8.698717152683450582e-01,7.646552605077089337e-01,1.107442504604084360e-01,5.339653407215535497e-01,1.202391283685338430e-01,3.312479762312189879e-01,6.873468345354635245e-01,1.642066291108395804e-01
8.793964305011523486e-01,3.566276145249472895e-01,1.815349900418913864e-02,4.856320428143696688e-01,1.468883472797246625e-01,2.257281892481383112e-02,9.576177701963640709e-01,1.652549745766486167e-01
8.266458321298288947e-01,6.366798416083719880e-01,1.060218334829179654e-01,5.141961110791914980e-01,1.353312444081681831e-01,4.346338338350247410e-02,8.524054665306632916e-01,1.644413391771430977e-01
9.305774397322150726e-01,4.893098093153173678e-01,1.799430906636104166e-02,4.675139397130487762e-01,1.907274989339869387e-01,1.026368428246593745e-01,2.966095462299322971e-01,1.672016516288926946e-01
8.186904260123407662e-01,8.830983067348510129e-01,1.935417861709312071e-01,5.239832310049212794e-01,1.089642914650096051e-01,2.477323968667607401e-01,8.694327563755958055e-01,1.649639486723463166e-01
8.529090103787269062e-01,9.385459494359942312e-01,1.889419037609237073e-01,5.334238429031840090e-01,1.118240964040814606e-01,3.030570397208645073e-01,9.691108322723431812e-01,1.642733309420575383e-01
8.813050757888405418e-01,9.476170263079390921e-01,1.069637260831267367e-01,5.623246393028977774e-01,1.235466257597186979e-01,3.454254315701661415e-01,4.623614052294609533e-01,1.673972902763715409e-01
7.623076870472420552e-01,2.889419319972569289e-01,1.239139547360986748e-01,5.425114088642490895e-01,1.350464365501869990e-01,1.812408991928586011e-01,5.945133439768706118e-01,1.659573268679948588e-01
7.874568429513227885e-01,7.459792487181540199e-01,1.809584019914417807e-01,5.754022362446009620e-01,1.246265214630175727e-01,3.180433156043494525e-01,4.151178837475256178e-01,1.649993458673773561e-01
8.612296156441145989e-01,2.441391648979473472e-01,2.481597247583458565e-02,4.818974902744531663e-01,1.842026872465933884e-01,1.249378873937968815e-01,5.149864702480971834e-01,1.663823317624416043e-01
7.607245933490105472e-01,1.145290143018000695e-01,3.808485075779541318e-02,6.295485227529307171e-01,9.876426348461014859e-02,3.211343230112547742e-01,9.560350282530801769e-01,1.637973573096887514e-01
8.272438234231640486e-01,7.006733306335890532e-01,2.770934678998030476e-01,3.953422141786195332e-01,1.628375176966523896e-01,1.123128452141110012e-01,7.967185149905148256e-01,1.653497622620222762e-01
8.651243640697788839e-01,5.658021726232597137e-01,1.040834656978819883e-01,4.746399919055100947e-01,1.706121221911824082e-01,1.243627973184019408e-02,7.704487339400882817e-01,1.654811607226792658e-01
8.475195944347412302e-01,8.393624498745713147e-01,2.018442383586883659e-01,4.628665963801537053e-01,1.197943106787422718e-01,1.958084242822247523e-01,8.357038791585162940e-01,1.660290191369725721e-01
8.632213833992476992e-01,2.917180894965515914e-01,6.472203913928067931e-02,4.434865963127345156e-01,1.435394293578931835e-01,1.521691843305215674e-01,6.851895164108179337e-01,1.647788165347146006e-01
8.911550081111828669e-01,6.047405077414776953e-01,2.405373349769100166e-01,3.911955530916310098e-01,1.589738627358025513e-01,5.094062632718996397e-01,6.289657727549093913e-01,1.641361120803156715e-01
8.558540799156172385e-01,9.465529478202203695e-01,8.922201975516189099e-02,5.849617951443739639e-01,1.165187938162655368e-01,2.249943292058549371e-01,4.168673262651123035e-01,1.662104905196280513e-01
8.495409175772496990e-01,7.935249757067508458e-01,2.578930839915711259e-01,3.751279971201759711e-01,1.811647955112997421e-01,1.108953208532575951e-01,1.185872584515347827e-01,1.658000885918205491e-01
8.998490331088351279e-01,7.138723530265532746e-01,2.123363213570947927e-01,3.510038160867253731e-01,1.409069995642207584e-01,1.899796946645944118e-01,9.655494436150557913e-01,1.647351799500978153e-01
8.825235174775505342e-01,2.537886232292000388e-01,2.221721902382908786e-02,5.413609165478592278e-01,1.257957903185023540e-01,4.921731074156269758e-01,5.858035759052591107e-01,1.650240624533532152e-01
8.286387629918730013e-01,5.638912969167917399e-01,1.467018326303161369e-01,4.916745224157150762e-01,1.475088500719501372e-01,2.550544384593513292e-01,3.161258859016645717e-01,1.655978847849076396e-01
8.184764524080256898e-01,5.827872608484228056e-01,1.652023702516989823e-01,4.493225915191753073e-01,1.766117248913102178e-01,1.123483797390970595e-01,2.633308083420677348e-01,1.661486418699875400e-01
9.787727201465618032e-01,7.992210621499467038e-01,7.745074357144943189e-03,4.450986166746511152e-01,1.743039787782079686e-01,1.517400154897601827e-01,3.589157484036315515e-01,1.663751526448640772e-01
8.709646245294754285e-01,7.052211639291929846e-01,1.355905073904252744e-01,4.821105020958035281e-01,1.504923474377054260e-01,3.186693486825599719e-01,3.291429402881699273e-01,1.656616804453013847e-01
7.740436487988167080e-01,9.536581609135120763e-01,2.129564899404216838e-01,6.132128048546946486e-01,1.064304813138486350e-01,1.840799297011626590e-01,8.340285673791507648e-01,1.655762364025498701e-01
8.971525804577460406e-01,6.388268813712196792e-01,1.371458653626950741e-01,4.102885167455732618e-01,1.645644236719058517e-01,1.254500110439605021e-01,5.584197693737259494e-01,1.662786706881524690e-01
8.430529575304733791e-01,5.248402951665678273e-01,2.045876762427538964e-01,3.938269275707400041e-01,1.923697366615978177e-01,1.250706091860253888e-01,5.475603354255689226e-01,1.657937074323990179e-01
8.445339682106876023e-01,8.986238494582559078e-01,9.117723448437442535e-02,6.070613583590163120e-01,1.400268859046124303e-01,3.108110317466961092e-01,3.539061981559097347e-01,1.651203224964467586e-01
9.176246589420753441e-01,9.452378882946093075e-01,1.947429374798643475e-01,4.884314850659629559e-01,1.167356062873456390e-01,7.098081694571585221e-01,3.245664443535057897e-01,1.658239271099506418e-01
9.459413731605558207e-01,6.056093046229625854e-01,6.205339255184261216e-02,3.918435261062961361e-01,1.623784726772173892e-01,1.876210266900766310e-01,4.112398065328856100e-01,1.671095959964471744e-01
8.772612386263382023e-01,6.233876568296126131e-01,2.254117443990047431e-01,4.355191530041680470e-01,1.273044523888148816e-01,6.741443895627239336e-01,5.715271086916409171e-01,1.640373350146037967e-01
8.742030767689448201e-01,4.821980156502035930e-01,3.191113020966088176e-02,5.077536318587048125e-01,1.740668756388624172e-01,5.249792600034108858e-02,2.936079027633556882e-01,1.661208877714065724e-01
8.695472270678955562e-01,3.625053411298776451e-01,1.360998733726812016e-01,3.637223553910357565e-01,2.043202378271552488e-01,1.279129221417466267e-01,1.906668529403402479e-01,1.660369035698830709e-01
7.763897708038309808e-01,5.279551737645425957e-01,2.133047490017108971e-01,4.837080668956198481e-01,1.596277042230027920e-01,1.877438881932895209e-01,4.596661892847489495e-01,1.658961909469950369e-01
9.064634971123359808e-01,8.670779319190915491e-01,7.855755246017821769e-02,5.068645099022577316e-01,1.865413871219193109e-01,1.455576549924292029e-01,6.925238394843086231e-02,1.665940835606807557e-01
7.560623666246043539e-01,7.288842427052444339e-02,2.790823156426112672e-01,4.686489628488459402e-01,1.178813735805826352e-01,6.830756989451323147e-01,7.601517288991015420e-01,1.648263229908240035e-01
9.099259519367994820e-01,7.652452394427291527e-01,1.850602881089097873e-01,3.445780945675718798e-01,1.546375217914142675e-01,9.001052647964347120e-02,8.033830999149512708e-01,1.657645019788841212e-01
8.686627948642149377e-01,4.741266946202787880e-02,1.460329276074679439e-01,4.030985970754718539e-01,1.459336918770245128e-01,6.887671035922144913e-01,5.952071905389018092e-01,1.635842920451952287e-01
7.815062702371621262e-01,2.556389846988955106e-01,2.636559286000378366e-01,4.460102191355859724e-01,1.477146250912353409e-01,5.923518099635167733e-01,3.460611815670233682e-01,1.651713858511565103e-01
9.402980938036192837e-01,7.504340597126147872e-01,1.086165797753634310e-01,3.829082693945151661e-01,1.711451194529006181e-01,1.712381484060039316e-01,1.452773680749740448e-01,1.678160305728570723e-01
9.205661188904679104e-01,8.004477428315784904e-01,1.310561821188070963e-01,4.271318285126273206e-01,1.469539250959208676e-01,3.134705197794711018e-01,5.117703772383291883e-02,1.669231036974982707e-01
9.020471434421505341e-01,9.603206590646170548e-01,1.354934117896808843e-01,4.459376176073233111e-01,1.674017039978345223e-01,9.330547908916861366e-02,3.398871570226449368e-01,1.666838832647478674e-01
8.240838736180587931e-01,2.860389428692784453e-01,1.664076702535594587e-01,4.569363405835474845e-01,1.684674620472222661e-01,3.529430968399819291e-01,4.862882859231940635e-01,1.640021579956734976e-01
8.496304559883834928e-01,2.619975842109451003e-01,1.058899542419864392e-01,4.156966173000584130e-01,1.975914855089384026e-01,2.459754238136963034e-02,5.398673920002586835e-01,1.638158077458237161e-01
8.268894968318450944e-01,7.892869898984968824e-01,2.913547065874391162e-01,4.429457919213551920e-01,1.473883809153911095e-01,3.437327116087601220e-01,4.330165878577242333e-01,1.641903592010809931e-01
7.362443786159841297e-01,2.614504735027080584e-01,2.595374470449767212e-01,4.618068167770581489e-01,1.425217591518442017e-01,1.980436558474290287e-01,9.072796935636403548e-01,1.640162249605519040e-01
8.572582486013748948e-01,2.082394773334659277e-01,2.258187761436502849e-01,4.103259272869984042e-01,1.538809710291247912e-01,7.860182520026149922e-01,3.123523938422289037e-01,1.653167135661485487e-01
9.804455428963503305e-01,5.231958854851289642e-01,9.245555594006554800e-03,4.377751120560026132e-01,2.115388085880751667e-01,2.234615385847523727e-01,6.673286923177940144e-02,1.673288032706499451e-01
8.922527564066373706e-01,4.759930360154621676e-01,8.839547806533343266e-02,4.560736282227076388e-01,1.452906882962706203e-01,3.561074938246435728e-01,6.018377313602364387e-01,1.641300402435854622e-01
8.957809717409971340e-01,6.923621592886390896e-01,1.846923906571072971e-01,4.093912566903350481e-01,1.484398238453204233e-01,3.426795882229122236e-01,8.925631228143970919e-01,1.647373854934080784e-01
9.282808043612968962e-01,7.427030866234596296e-01,1.004433888500675803e-01,4.642193484120123448e-01,1.627476868831358725e-01,2.717952135986397288e-01,5.408905904910398244e-01,1.646219788086221436e-01
9.203382532760651102e-01,9.870710706113766664e-02,4.972563166926413647e-02,3.488458636433754423e-01,2.469377323621689269e-01,5.828227580296135857e-02,7.770199096196239719e-02,1.673272984751830728e-01
7.908700783695321590e-01,5.955808293023114874e-01,2.739218597854702897e-01,4.536964068096067115e-01,1.475273587480263049e-01,1.366701213210528565e-01,9.332443845346209965e-01,1.633006793978189486e-01
8.100750872095865418e-01,8.955725616496235109e-01,2.665549513767304646e-01,4.719457308803504669e-01,1.650408331132419693e-01,8.537258264058528168e-02,5.943774339197739343e-01,1.651866103888307846e-01
8.189143671149703430e-01,2.398411587779373522e-01,1.598500118340062393e-01,3.974439803643156632e-01,2.040177360035126120e-01,8.409992986449277286e-02,3.082297104767536267e-01,1.645808799477674889e-01
9.064007247298243586e-01,2.123925456627527852e-01,5.182315723171082578e-02,3.930024025468819016e-01,1.977372678156745500e-01,8.411880472992905311e-02,5.885221289716366933e-01,1.648281400711016642e-01
8.465447705018894764e-01,3.626577863934158374e-01,2.407176813697167184e-01,3.013245798266976916e-01,1.842422023005607645e-01,1.285347940946657275e-02,9.105213430189884605e-01,1.652931426919477531e-01
8.832906970072431641e-01,6.028047004259576847e-01,2.465450430565399587e-01,2.997524091555981429e-01,2.093080364895378853e-01,1.052957520769387534e-01,1.246171744089003552e-01,1.654085542516418594e-01
8.858928217338798428e-01,1.403369223673802679e-01,3.459533973455699574e-01,2.347227117615999226e-01,1.949595717068088041e-01,8.172865914946663146e-01,3.375690836486002766e-01,1.639614557437631681e-01
9.046591087015385391e-01,7.122337179645762406e-01,3.891699182868330054e-03,5.474105661094571529e-01,2.099632073183645142e-01,1.627134485694953225e-02,1.795560263213381025e-01,1.656791947200227655e-01
9.133166113032313849e-01,5.568126432981321816e-01,9.492408100493263112e-02,3.747164729522380333e-01,1.877939803236682303e-01,4.334326863191351187e-02,2.635830311857993991e-01,1.673450328461024705e-01
9.071760567280253706e-01,8.192696866648256915e-01,2.005013557213453645e-01,3.971160239452417029e-01,1.375369935787524589e-01,3.951995863760012773e-01,4.720379777258733589e-01,1.645617315010778348e-01
8.924721722277458857e-01,4.966517957492254665e-01,1.510852869027589640e-01,3.428452330818658189e-01,1.976696793180057199e-01,1.349484530935740056e-01,3.974123796285393140e-01,1.647147560181249359e-01
7.548183750076512544e-01,8.369005853665827388e-01,2.185037658933526861e-01,5.822785416584513873e-01,1.476711804456624089e-01,6.194255581316424064e-02,3.793661970723373189e-01,1.654601699903308076e-01
8.668031968135920806e-01,8.473770406530489741e-01,8.392733229870419365e-02,5.857619303636727448e-01,1.317508093265662983e-01,2.975890911692058438e-01,5.550528667199903232e-01,1.645626695721370270e-01
8.762377505486501628e-01,6.751147107095309963e-01,2.551795339353571945e-01,3.658050915909407119e-01,1.638544480682624926e-01,3.572572439397787014e-01,1.797580174743645398e-01,1.656409192626089044e-01
8.565662254150709920e-01,8.935711222793594199e-01,1.696620145417203074e-01,5.006684836953286810e-01,1.395341936542161265e-01,2.364388347494502662e-01,9.053901961056926018e-02,1.670508394408576902e-01
8.058291322645469990e-01,7.851486079741807345e-01,2.107371741298866841e-01,5.022852381010571854e-01,1.591565501134926119e-01,6.842451372287117195e-02,8.870052386441884540e-01,1.645980912443991973e-01
9.595342633130737875e-01,5.732618263718110008e-01,8.174047249875229793e-02,3.470087678648812179e-01,1.943400450747110042e-01,8.451935657496964516e-02,7.112687307321975405e-01,1.646140007691097584e-01
8.985907789176228455e-01,7.604401864905157016e-01,1.082893527405353606e-01,4.809552382098274403e-01,1.296062894860585679e-01,1.817849817403807688e-01,9.407621307669207233e-01,1.663028118121430976e-01
8.420672910284258128e-01,9.266416288818284386e-01,2.207852129138858088e-01,4.804017694360461221e-01,1.224459330794747114e-01,2.582775757235978853e-01,5.726495569987933854e-01,1.651497139229444744e-01
8.075499102735602674e-01,2.274953866397671498e-01,1.311258631877479097e-01,4.596607353232503579e-01,1.565660438226594842e-01,2.164441467240378336e-01,6.146657307352548782e-01,1.661626263734381492e-01
8.457783307275139606e-01,1.382146487854480355e-01,6.845408246789361217e-02,4.480241876916251642e-01,1.815510856497505043e-01,1.224249574349610403e-01,7.422585137697951252e-01,1.656711077714773661e-01
9.420430304903456564e-01,7.044872533644158663e-01,1.347529295086012380e-01,3.551640111430244273e-01,1.664561670611814370e-01,2.138780972587376872e-01,5.866803657623386181e-01,1.656941759041498929e-01
9.214719466873798615e-01,6.929855892471490364e-01,9.748432611646848378e-02,4.360239579332119697e-01,1.707551217747696193e-01,1.804085864927870153e-01,4.116874017369359096e-01,1.646759298637417435e-01
7.752240223691173604e-01,6.019592245104549155e-02,3.832580182671307401e-01,3.825273646628459812e-01,1.581026317375790469e-01,9.182785111282441015e-01,5.249015395828906527e-01,1.629524963221419820e-01
8.795682468022747447e-01,1.443805393989283092e-01,1.099999544141366803e-02,4.611242147621691378e-01,1.523000817896934256e-01,1.013869989176783559e-01,7.436138682716089132e-01,1.656979272662401637e-01
9.123685070367364425e-01,7.571873271125608706e-01,2.884433318906615140e-02,5.038606303181574209e-01,1.867887705467821680e-01,3.950648514834215197e-02,5.490439481486012463e-01,1.649525695919102919e-01
9.199143465947714482e-01,1.224037922669329315e-01,1.063335358808568665e-01,3.649412460256055701e-01,1.660257476038601576e-01,4.995380630985472026e-01,5.747902643155191615e-01,1.647302091488463127e-01
8.476736203314753082e-01,8.913658561033038774e-01,3.599983737382184135e-01,4.068564522754391510e-01,1.253263629417625813e-01,6.626765064494621882e-01,4.111324979490972309e-01,1.651058323730291155e-01
9.123686884669066632e-01,8.252524686502497042e-01,1.440983318323668660e-01,4.278995913198522794e-01,1.779409958380754608e-01,8.946803538170344794e-03,7.421086155996137190e-01,1.657491177498247870e-01
9.850618986790514731e-01,4.507037500536555386e-01,5.457559665884673117e-02,3.328684861680364926e-01,2.070034250371214080e-01,1.471113163077513442e-01,2.271385633919428271e-01,1.659006475958351434e-01
8.422097649733821800e-01,3.929769124701165128e-01,1.757399877165650992e-01,4.511632862683237488e-01,1.389175368332954963e-01,3.959056374938683120e-01,8.012754335697143127e-01,1.652457475948898302e-01
8.222861438513711096e-01,7.109106599259107373e-02,6.708581425661280795e-02,4.802827152628952323e-01,1.782170154552092656e-01,1.667094452228627954e-01,4.816709112410813010e-01,1.644736154073431766e-01
8.729177307903168703e-01,2.674768581035104065e-01,7.605226163457945443e-02,3.915753285302158715e-01,2.122030802341776101e-01,1.760576806625446800e-03,2.727896772480521426e-01,1.659496523037381766e-01
8.032204498706430051e-01,5.565862989554712925e-01,2.970008252554054429e-01,3.756651127703821702e-01,1.862740876519400346e-01,2.794546535763892114e-02,4.631204754651456756e-01,1.654746854602637540e-01
8.749165234787474876e-01,5.412543496493390505e-01,1.324443307020923832e-01,4.111627209396316873e-01,1.621237504601698853e-01,2.288239225174681923e-01,2.410363306582439247e-01,1.658581702607206110e-01
8.105385100683389910e-01,1.001569051200792426e-01,2.801447221555184441e-01,3.821218603788987256e-01,1.364915080553054938e-01,6.872011389517287405e-01,8.209508173386093066e-01,1.628405323885788181e-01
9.136861301227506837e-01,7.237474373623417057e-01,9.589956529990514844e-02,4.362062035454599140e-01,1.647792901003192756e-01,2.472017627032570275e-01,3.318846424152976926e-02,1.675994484993278133e-01
9.306259425454066481e-01,2.434508803814892652e-01,9.406561454570337710e-02,3.485086324969450811e-01,2.028305412243742722e-01,2.057212385389864673e-01,3.131594947314676469e-01,1.654585094860062666e-01
8.056626369893981066e-01,5.805331367808711507e-01,8.878110757265994524e-03,6.291258759853946003e-01,1.729204244122738987e-01,2.639793524800837510e-02,1.124893805786108536e-01,1.666852154134300101e-01
8.430284746470639856e-01,6.680378573110010709e-01,1.309394731275036750e-01,4.977955105175920214e-01,1.544591808750540307e-01,1.774824004743529582e-01,4.135519734474784603e-01,1.652106614853802447e-01
9.036535783409848088e-01,8.747663637493072741e-01,1.253597012501606045e-03,5.553611552189343659e-01,1.385235648662318242e-01,5.791166728740781977e-02,5.636553404896301744e-01,1.678636780307883325e-01
7.984704221073675168e-01,1.255579144531048796e-01,2.333121173218555000e-01,3.713719876338347214e-01,1.518565764935968787e-01,2.327632382501073627e-01,8.903054682218629612e-01,1.636272668371243910e-01
8.796618767734769584e-01,1.002781981881966655e-01,3.203281445965318608e-01,2.826319740245366585e-01,1.914398256995191450e-01,8.830519271888310762e-01,5.152054822544661628e-01,1.637939368412217322e-01
8.481261838314582135e-01,6.749113231812156055e-01,9.010510786534187133e-02,5.574110140306112182e-01,1.578935808944619823e-01,1.243118661045323758e-01,6.583988063709271810e-01,1.666191837654167063e-01
8.178840794698872818e-01,7.985924226628715594e-01,2.660807089704526063e-01,4.759139773740275192e-01,1.466951497509596525e-01,2.625026832586615511e-01,8.758234229210981603e-01,1.641628022896814976e-01
8.831963843192522923e-01,1.345933535854895724e-01,3.547435257862892044e-01,2.710541934369130601e-01,1.859704574512273390e-01,9.926425131287035519e-01,3.418298534578659842e-01,1.637452848620654378e-01
8.573025201182125077e-01,7.355234190046777698e-02,2.768236262164980310e-01,3.001535095984514956e-01,1.802764424485576167e-01,6.584238554590241543e-01,3.430920664259605735e-01,1.650441123500878127e-01
8.355175449749464578e-01,3.130925768548262766e-01,3.117506768479045842e-01,3.662198046164145682e-01,1.569071917029011831e-01,7.206137870819555591e-01,6.410431665701442627e-01,1.640052403026970307e-01
8.003918722755569704e-01,4.650590932926234045e-01,1.642501937339200246e-01,5.433887255892426715e-01,1.192301226732309094e-01,4.592147830571876588e-01,6.115998440421480664e-01,1.639638213033512426e-01
8.626932290634444778e-01,8.496506094750184701e-01,1.442596226203582965e-01,5.401082366236091836e-01,1.436543265325671836e-01,2.470427078023268441e-01,7.359992180497579861e-01,1.648536548334815777e-01
8.377869582176159513e-01,5.748449368838579598e-01,1.869176477969315409e-01,4.419438770433790076e-01,1.712267111612526260e-01,1.547258816583452490e-01,4.060329793119356045e-01,1.640672741149481195e-01
9.358678608435220259e-01,5.782098867100198269e-01,1.960112685291070800e-01,2.809212076267815772e-01,2.185877335260223431e-01,5.652522068559578949e-02,4.854869225098943364e-01,1.651649822849233229e-01
8.137637612100744322e-01,2.595993046621834499e-01,1.503648021330333817e-02,5.638428775062970244e-01,1.683410677398791133e-01,4.243327565828541870e-02,8.302795466930050772e-01,1.659707489664906943e-01
9.236587300944383294e-01,2.368062266463026311e-01,2.904607228520986184e-02,4.612345964881763849e-01,1.639353752009420073e-01,4.779441404115150061e-01,2.285440218130024848e-01,1.659738096921758443e-01
8.370871794705099234e-01,1.983751064495126171e-02,2.152904105503136434e-01,4.047521455979092297e-01,1.423752424821065898e-01,7.445777401997073497e-01,8.473833366804620626e-01,1.623971324983312925e-01
9.256738820926000422e-01,1.658072853030611027e-01,3.523110086928510354e-02,4.140398962747513512e-01,1.681957811790822377e-01,4.170297156477364431e-01,4.095414098634413413e-01,1.654831188609084125e-01
8.497437069730643389e-01,4.597351768195557797e-01,1.700565921338124953e-01,3.916982879691098818e-01,1.815533198115436286e-01,1.967870259034800728e-01,4.242438336490295669e-01,1.654229394526911812e-01
9.366853613820222968e-01,9.410137586130309373e-01,1.146042144552670700e-01,5.213749143821706511e-01,1.177001023758926929e-01,6.074714292837170015e-01,2.741319475607264522e-01,1.654455823036926621e-01
8.615173470382901932e-01,7.765427231609095537e-01,9.951970693754824682e-02,4.885323935656005201e-01,1.512432775853921052e-01,9.715159946152729376e-02,1.435868198184019340e-01,1.665509169855691196e-01
8.133801830843931935e-01,6.419877121301945655e-01,1.192435645387740356e-01,5.770277028823973531e-01,1.170504531378666613e-01,4.092592609242088342e-01,4.787782132607885655e-01,1.656582294582974735e-01
9.092746962508515551e-01,7.195733225076268447e-01,5.742555802380512608e-02,5.433478488591692024e-01,1.384520357767152210e-01,3.637971786372353189e-01,5.171967790535689780e-01,1.662134851571416549e-01
8.302537074923374005e-01,2.809628653645299678e-01,2.747247283857909284e-01,3.479390520680197829e-01,1.579729810034105897e-01,3.719944308645460329e-01,8.164439514219179461e-01,1.631821158610271827e-01
7.848284991635453567e-01,5.548879946144139597e-01,2.763143451653545801e-01,4.672101069931016704e-01,1.531592513167193970e-01,2.494181790948611921e-01,7.175175320390715372e-01,1.644642218740433870e-01
8.511789037161787697e-01,4.800348099946245561e-01,1.428872137187215396e-01,4.530885839453285269e-01,1.942909571558159576e-01,2.091001805187255314e-01,5.787473256171848934e-02,1.659438766513488539e-01
8.966476008049133473e-01,5.333816632722782058e-01,8.807783768703111860e-02,4.038730848348572877e-01,2.237316677783704744e-01,4.052390900258451278e-02,2.101982517965506059e-02,1.663998086422988631e-01
8.981046976267063053e-01,2.337103588255408093e-01,8.893242164719056264e-02,3.861572251842546599e-01,2.257458547728282694e-01,3.821967019637168006e-02,6.080192112190054843e-01,1.652164266812709281e-01
8.467796701919466651e-01,9.720305443426171532e-01,1.325071022717474456e-01,5.422392028361296967e-01,1.403543659091287532e-01,6.500853929817163035e-02,6.978259738142270630e-01,1.645193133573873423e-01
8.363983046267584598e-01,2.769125179836871564e-01,1.477115770381548510e-01,4.115679047547758929e-01,2.023766129691003945e-01,1.285790196850844502e-02,5.169295676854368526e-01,1.650243564589695122e-01
7.867183145198888283e-01,6.564952012822847793e-01,1.686598916845316876e-01,5.175150892692295113e-01,1.722926212139555546e-01,1.076859240554700614e-02,3.034264117380132131e-01,1.673525743407716648e-01
7.614548637545403009e-01,6.047699616374918596e-01,2.180143116520728286e-01,5.071729609098020175e-01,1.699343673961094536e-01,7.256076129853239465e-02,3.323301094093593644e-01,1.660429468804286157e-01
9.728108887923024861e-01,7.614367157623677107e-01,4.138715717182442355e-02,4.378376336918606282e-01,1.541872684701855456e-01,2.928940795804847452e-01,4.125666837987262969e-02,1.673634074240199776e-01
8.960012860054281658e-01,9.210689146692609963e-01,1.302138909002683032e-01,5.294798364406754221e-01,1.087160606083323877e-01,4.028092906976277199e-01,7.732767916241918282e-01,1.657601000642208722e-01
8.043135913894581268e-01,3.130425073887154186e-01,2.687803303695077140e-02,6.297046292955007507e-01,1.191915355438196572e-01,3.428683898919798745e-01,6.807308155010136641e-01,1.648731965692934731e-01
8.806710390875278627e-01,9.480734961542205408e-01,1.323694246189625889e-01,5.398786159488074832e-01,1.535484085814327881e-01,2.504625095976865667e-01,5.414489279751328876e-01,1.647371273625246046e-01
9.103669199707273840e-01,9.301138040695108300e-01,1.422092811940529056e-01,5.026911300170830987e-01,1.170253041698392504e-01,4.850547676155034793e-01,7.119644169443276605e-01,1.644912266231256248e-01
8.465262702982888632e-01,2.566206913364839082e-01,1.287511436760891415e-01,4.488249184215268861e-01,1.577088506383042821e-01,3.808942916275083190e-01,7.824433236070531539e-01,1.633086114835794744e-01
9.608941335413574425e-01,4.260707154154433352e-01,1.591719507400518596e-02,3.685462542268646002e-01,1.884689291202144013e-01,2.668982060608549034e-02,6.087964713508767778e-01,1.658917117651782791e-01
9.503707199264049832e-01,5.607480938771384205e-01,9.980348223066065616e-02,4.076381644869498388e-01,1.480043819425730656e-01,4.718514154811175310e-01,4.334219615673568504e-01,1.660884647080108079e-01
8.405300928641771252e-01,6.950940223471272494e-01,4.558313893802537486e-02,5.763403349538186449e-01,1.229772751577231371e-01,1.184170652690052505e-01,8.823209064874284469e-01,1.654559149264522300e-01
4.884820077372872826e-01,3.443844884983304766e-01,9.793985078185118986e-01,4.378220210900676257e-01,1.177468480357586611e-01,2.287707503184490676e-01,5.700330252426490940e-01,1.642325914437913759e-01
8.993070608355494544e-01,2.241513871017136728e-01,4.235887805339758061e-02,3.908441241365296914e-01,2.135855484132264115e-01,1.036364372254715560e-01,3.145683951921909860e-01,1.666067510347481739e-01
8.094434465100299736e-01,7.767268402976330588e-01,2.181013052588346712e-01,5.460969944425367872e-01,1.303479466146786891e-01,4.166479418351445307e-01,4.010096571972165957e-01,1.645911255045007793e-01
9.060848696928223145e-01,3.645984137062751596e-01,3.438665955284195275e-02,4.471033346252076268e-01,1.959164884683525787e-01,5.547474022724174780e-02,5.865765957571501543e-01,1.642498527361993255e-01
8.988257090774731672e-01,9.418256257624549876e-01,6.292617604045983026e-02,5.118783644743476469e-01,1.791354853537349134e-01,3.492650846343631210e-02,1.862345060362424753e-02,1.673826544787810899e-01
9.038168940884646618e-01,5.624877095889979639e-01,9.167114119153270402e-02,4.235638089161639086e-01,1.408961902795461407e-01,1.125617760104188347e-01,9.133322715757143939e-01,1.645957779477739136e-01
8.230895738366913461e-01,7.769019492230068158e-01,2.326784217995062354e-01,4.524893281783574084e-01,1.357907406243914761e-01,2.110282047684117757e-01,6.847346361327313335e-01,1.640673184088686787e-01
9.172714092240468187e-01,6.200003364385949789e-01,1.995506019565554123e-01,3.822471429532736664e-01,1.658644259173718549e-01,5.131114700103945880e-01,5.655444558083064788e-01,1.641116869529016808e-01
8.019743092875336599e-01,6.840429318672820447e-01,8.426424177141705885e-02,5.751173610067896735e-01,1.668956824653985427e-01,1.506200810526636680e-02,1.959295910141909403e-01,1.665873707621919608e-01
8.275278541488002571e-01,6.018915872512252685e-01,2.460225109763310436e-01,3.930231199856747959e-01,1.905665749780252327e-01,6.958809272334542939e-02,2.029242855638790366e-01,1.660312394278188608e-01
8.925918562401224943e-01,1.532641419712668651e-01,3.816386352571560225e-01,1.934713038030026477e-01,1.871780465966966234e-01,8.111981525064411169e-01,5.541132579842911188e-01,1.637742620261813109e-01
7.291486004790248554e-01,3.334386171351156891e-01,1.964363177686136441e-01,5.394134287365299762e-01,1.604172049465489303e-01,1.006709141631179361e-01,5.347493189342148456e-01,1.647861509055017770e-01
9.005445364538203767e-01,3.857054209158861102e-02,1.792625873446885565e-01,2.994173800482494707e-01,2.170055890699604528e-01,5.073119763409246197e-01,3.297308682864673601e-01,1.643391235072861889e-01
8.103744595541714224e-01,9.498638587508585474e-01,5.392507474279372159e-01,3.797936527997528566e-01,1.056765577649714238e-01,8.368060412419998650e-01,7.425873599314685158e-01,1.644156211062660355e-01
9.746969455629117540e-01,3.211620337624326860e-01,8.778949451596115838e-02,2.913902067239361182e-01,2.318819646139108626e-01,3.388363441248792851e-02,5.144051947130025004e-01,1.658329193520807210e-01
7.839638780595521439e-01,4.795730446370906064e-01,3.116762918836497587e-01,4.606524944628929141e-01,1.238213867826509773e-01,5.973237938282711657e-01,5.672558546932553458e-01,1.651235157878652715e-01
8.152817273451749003e-01,3.434010382008088058e-01,2.706645677777105852e-01,3.662539594127546261e-01,1.489360460756599946e-01,3.278773436678386055e-01,6.497237079897562051e-01,1.655450488626473149e-01
8.717532677458981194e-01,1.347727858182398153e-01,8.936658431554027338e-02,4.697338441125800124e-01,1.475219785341715939e-01,6.337973384892536810e-01,2.033895619725122894e-01,1.654002596629852162e-01
8.446529580834363227e-01,6.047966062118325103e-01,2.048936840826013073e-01,3.715842929037050379e-01,1.994852594964223458e-01,8.654834903396024792e-03,2.736786296536299345e-01,1.654784829695273851e-01
8.797970291076339100e-01,7.518033376462729400e-01,2.256828086816518586e-01,3.878341617717918632e-01,1.671772265609698938e-01,1.498374276685053574e-01,6.033007113402902855e-01,1.638600118486867041e-01
8.150240022524859462e-01,1.646582445882993073e-01,1.923107464738381123e-01,4.252822205879034922e-01,1.430745454008042761e-01,4.406622079469549313e-01,5.778441190144819606e-01,1.639416000391860084e-01
8.952033098545881806e-01,9.228967639447565041e-01,2.140850472690390971e-01,3.939288500679546945e-01,1.439700938646201189e-01,2.301641411811441440e-01,4.703509476604882944e-01,1.656545379809031548e-01
8.282471108094572321e-01,9.418588602196049653e-01,2.327512395246855437e-01,4.717910311781891575e-01,1.500867971737820661e-01,1.692125782364384268e-02,6.239160517281694407e-01,1.658975639829440019e-01
9.484402253293107155e-01,2.796628087212690295e-01,1.490253201307754072e-01,2.489037524893898123e-01,2.424830019467282827e-01,1.026700289433888913e-01,2.908193436275509636e-01,1.656696438534850935e-01
8.615272329502463577e-01,4.979617125642077369e-01,1.698073161568503242e-01,4.328838908966616827e-01,1.714289236937542871e-01,3.214857824999748925e-01,2.748209875760360132e-01,1.645343184515240809e-01
7.721373021692502503e-01,2.746786316513029069e-01,1.067710098699700960e-01,5.420383363329146498e-01,1.224161979209432566e-01,8.012407136775628880e-02,9.991255792298905369e-01,1.654508020912995592e-01
8.444340570736178497e-01,3.880598189836160783e-01,1.029010749275610648e-02,5.173821895343495569e-01,1.557648527307390895e-01,6.921443422465362039e-02,5.457918325171325913e-01,1.672524432743747735e-01
8.960230098186861003e-01,7.889051550826116088e-01,6.727921906202871671e-02,4.905354147512390739e-01,1.927267869399416078e-01,3.363482360324299147e-03,1.617689191104687563e-01,1.662049478020328486e-01
8.492523768143703800e-01,3.738227864303466652e-01,1.588407177534921499e-01,4.397749427754421014e-01,1.306686197034222507e-01,4.339474186237376463e-01,7.463025856460741014e-01,1.641081197538482306e-01
8.236770918904942063e-01,3.712759261027759883e-01,2.207047480036881948e-01,3.947003265409592121e-01,1.593669538355074189e-01,2.277950060094095786e-01,9.110241741697747697e-01,1.650028648110692664e-01
7.635844676411905896e-01,8.608311905188190671e-01,5.531609052203338983e-01,3.751653034195535641e-01,1.333243254181790127e-01,4.832238672460826834e-01,6.842697774256334409e-01,1.644227256632236345e-01
8.086063722149297028e-01,6.510306257965423615e-01,1.279069276662629928e-01,5.223473736899200137e-01,1.809611348986847335e-01,6.041161137726774877e-02,1.554509485083420683e-01,1.664427608418213023e-01
9.210130737834449910e-01,8.895603395673393754e-01,1.526207470789189280e-01,4.583540380742879838e-01,1.345686000491486956e-01,4.195497105739288135e-01,6.675467622390969247e-01,1.649810237427061232e-01
7.937055231619553064e-01,2.871480706386775328e-01,6.993080854536198876e-02,5.845382421315499233e-01,1.310862004429607375e-01,2.945886842377590797e-01,8.176948707004201289e-01,1.649475480043724185e-01
9.028083908653934397e-01,2.932607615774629473e-01,8.908445300369698117e-02,3.987983150272428334e-01,1.627671688830454322e-01,3.810002310583552321e-01,4.931812649816345595e-01,1.639285203853354800e-01
9.069370079465073342e-01,3.193123934029950539e-01,2.419739734867787373e-02,4.511502952415841761e-01,1.392703236438388725e-01,2.802460056525994392e-01,7.284461956671957061e-01,1.642450159460493164e-01
8.318450845249996117e-01,7.097185162642948297e-01,3.179575522676545973e-01,3.655881776858413978e-01,1.515437473249873768e-01,2.155472125999244315e-01,6.387634699570778896e-01,1.659217086764165072e-01
8.800634655721168986e-01,3.629245909901561706e-01,1.372241181487026673e-01,4.457083874316750682e-01,1.689050679859719073e-01,5.276699746678292779e-01,9.958307163841106924e-02,1.650722855218350882e-01
8.140617762498719712e-01,5.443702533122346532e-01,1.088131994415009463e-01,5.543554959117167336e-01,1.467014702531327652e-01,1.653229535392526650e-01,6.628847208622778986e-01,1.639484719450561567e-01
8.662926162211384007e-01,9.033586513755292868e-01,9.785512598825069075e-03,5.950409125294398027e-01,1.538091014245108745e-01,3.536221201112643708e-02,2.862191360282279606e-01,1.678453331504150825e-01
7.906602050570642470e-01,8.508474341775733585e-01,3.665259256325213988e-01,4.813681459818607289e-01,1.252080421994480608e-01,4.862913919389755257e-01,6.134220340836421537e-01,1.643570030005957194e-01
9.193788343355211445e-01,4.958149042788531080e-01,1.297671394149624569e-01,3.391987995499125552e-01,2.023657889547144095e-01,1.119521798426946768e-01,2.988707520951197072e-01,1.673321110953387147e-01
8.118342209336965043e-01,2.018275071658001685e-01,2.290357889056842677e-01,4.363978244942828266e-01,1.480238890084105974e-01,6.661127636731281054e-01,2.390742532521755725e-01,1.657540744181214276e-01
8.577348471663756024e-01,7.533319154105135862e-01,2.891873748806646494e-01,3.446587844360992081e-01,1.833590955047428583e-01,1.077601279830788794e-01,5.533394791363611676e-01,1.643052666332253942e-01
9.148428135938364569e-01,8.912454930027462474e-01,1.545537486091194956e-01,4.475026397030159586e-01,1.473977141607359653e-01,3.330673424688120332e-01,4.033299568784821654e-01,1.644363940619002762e-01
9.223604230621509359e-01,4.962595998241541850e-01,1.562542542180924976e-01,3.961008142194862303e-01,1.488643747086545177e-01,5.649823390026025294e-01,4.806780558780968660e-01,1.656574828875441718e-01
8.709746396934395785e-01,3.313879339416874181e-01,1.213139815738133315e-01,4.141996558596749978e-01,1.850392230319173326e-01,1.860902442630835707e-01,7.136137525246393221e-01,1.649337838190368943e-01
9.485732524878119909e-01,6.895902463309693253e-01,6.684959079040825314e-02,4.482179148506909017e-01,1.463723539811953023e-01,4.152047329412159038e-01,1.949774633268195334e-01,1.666414066142156147e-01
9.112678681777875989e-01,6.935387625340900808e-01,2.190351954108959720e-01,3.235128073060454801e-01,1.663818487471213359e-01,2.079672684743758271e-01,8.770533081764946282e-01,1.635792522627820267e-01
9.620165488349461391e-01,6.717336103018665128e-01,6.297672086691419313e-02,4.128181691299198097e-01,2.020249780420712848e-01,2.062587512421984182e-01,3.462553562004422325e-02,1.663614043397985132e-01
8.670739019820620230e-01,5.688344821992564748e-01,1.685098358830238174e-01,3.997492103529421414e-01,1.479008917146823199e-01,1.696349522088519690e-01,7.454442120525017756e-01,1.638948322173705563e-01
7.958680589341634581e-01,6.102064637563214822e-02,7.631109478594058637e-02,4.892728919762029394e-01,1.749312510067861925e-01,1.016894309589333467e-01,4.816608874152789599e-01,1.651857312435747738e-01
7.982521822794608202e-01,6.704741733226402545e-01,1.788740532474578648e-01,5.246892437647193708e-01,1.188843136495991298e-01,2.254937922964504460e-01,7.303816017188849985e-01,1.648155657156764320e-01
8.939830967877886447e-01,5.124848383594809986e-01,6.228992164731167458e-02,4.632848840328172013e-01,1.511038595427055264e-01,1.824525673457625397e-01,8.161866115581235537e-01,1.668579392447761545e-01
9.414802592628750411e-01,8.016744559105015711e-01,7.155016227632252090e-02,4.161156509492074385e-01,1.767997816986744963e-01,5.521674720598335195e-03,3.883215967209154851e-01,1.667302207346941234e-01
8.866841845884894102e-01,5.841986491427753059e-01,7.796877980924213358e-02,5.374866216011382480e-01,1.418711843800889716e-01,4.772975641071568464e-01,5.223187476537551888e-01,1.642875314341688819e-01
8.874030882237587958e-01,6.662772136710274351e-01,9.308503136809381795e-02,4.933182923723108959e-01,1.733069582369098915e-01,1.401719263808775262e-01,7.504437021582104350e-01,1.644574987651561959e-01
8.867580261121587037e-01,1.913682514931843159e-01,8.310834006360366677e-02,4.112702997951329653e-01,1.660978730748535193e-01,3.216299511456815474e-01,3.507034952877319256e-01,1.665718527533433801e-01
9.537180476714783861e-01,4.280091482636716460e-02,1.657069934183455495e-01,2.723035293976642790e-01,2.131465706675415572e-01,6.123608746405613257e-01,2.846214194220593741e-01,1.657647815159829785e-01
8.521936203016511335e-01,6.044013690298790653e-01,1.271590579508890817e-01,4.846603088143491833e-01,1.541134654387220915e-01,3.207356384461843013e-01,2.690549212210437413e-01,1.653217197448817455e-01
8.145537238260990298e-01,3.946105426251997894e-01,1.072661369518095181e-01,4.668773408832073146e-01,1.758706525495562500e-01,1.267892825752181540e-03,8.225053011661410673e-01,1.644468419383624258e-01
6.600574147618478715e-01,3.779612083727602601e-01,4.423584783334302273e-01,4.446874903823631042e-01,1.659212905916469805e-01,5.672161503141853744e-02,5.694971183285026939e-01,1.647946462414087432e-01
8.700290505977109623e-01,6.111483892386690986e-01,2.108181463017648194e-01,4.172898156417198523e-01,1.523847401830906445e-01,4.510732869556347557e-01,6.252988035378611587e-01,1.638296305024164179e-01
9.231285467294798597e-01,9.849961578023933573e-01,1.837799242014300782e-01,4.079631426055959631e-01,1.444875723604509554e-01,1.879447261731060359e-01,7.646020978206131691e-01,1.643918162054639476e-01
8.402452191204262677e-01,5.925939947766110105e-01,1.821560659555520323e-01,4.703519081617295594e-01,1.592816520635755573e-01,1.766599362972810505e-01,7.510662708109929753e-01,1.652457289343347846e-01
9.254195112528310618e-01,6.908932084451424593e-01,1.453748802997997802e-02,4.710865676049340589e-01,1.874755047145765241e-01,6.341542455463644590e-03,8.193918229610802628e-02,1.679131611728216233e-01
8.300310063275277983e-01,3.081592834207481646e-01,3.588676999483073060e-02,5.435335285895566138e-01,1.857565575469705133e-01,2.006551935951988996e-01,1.893804073225602291e-02,1.668868410116564338e-01
9.117347857110753573e-01,4.540075507658553611e-01,1.431613590650225309e-01,3.261388509552272108e-01,1.876347559192676484e-01,3.813787534793644518e-02,5.647194695808032128e-01,1.667450316487075479e-01
8.107781219511446258e-01,5.588457857765545267e-01,2.961582960822146671e-01,4.041857248681318682e-01,1.463811440569346145e-01,4.258860104640937450e-01,3.807042441440574576e-01,1.653608389619046493e-01
8.578629425477837245e-01,6.441719550737458055e-01,3.098093690040544246e-01,3.459067049550216266e-01,1.414921779796145529e-01,3.760567863480259176e-01,7.666290618898007336e-01,1.652892371118323822e-01
8.721278026874506040e-01,2.319316745105308164e-01,1.057738039262264285e-01,4.294978100589763592e-01,1.698279988423414544e-01,2.577497515969239816e-01,8.870389589656885176e-01,1.637105422749271788e-01
8.080180384214971090e-01,4.563973899637404630e-01,1.765308322752696113e-01,5.067606617172077943e-01,1.401239325262478019e-01,4.081294620649350557e-01,5.717084387741394602e-01,1.649913063751105857e-01
8.484754053581514688e-01,3.071405457461949262e-01,2.164783929330294787e-01,3.511639041897333668e-01,1.561037398913922014e-01,3.177170484407007556e-01,7.308693061234585731e-01,1.633824976685172570e-01
9.256175325974227430e-01,8.154824798214038717e-01,1.461638528088485545e-01,4.000755858496252704e-01,1.400129710962087770e-01,2.333899841428490329e-01,7.866597608083512050e-01,1.648133087680329623e-01
8.244642764672928115e-01,8.757103765597974432e-01,5.809476578534256141e-02,6.175400623778474207e-01,1.601337974717426116e-01,3.487015927014214256e-02,5.373274582925663401e-02,1.670983315456955332e-01
7.605327995709015854e-01,4.268836698325205736e-01,3.387008103734562847e-01,3.749601252649507610e-01,1.741726172812463613e-01,1.090928208292807899e-01,7.648831681068900545e-01,1.647341681812679037e-01
7.695935050438500458e-01,8.712334022401513334e-01,2.594259752959344745e-01,5.218643609455274612e-01,1.541455450165690744e-01,8.780080918355293029e-02,5.640841287068448784e-01,1.651697202576160317e-01
8.676353653717236991e-01,1.647275676765307950e-01,1.135640128838892177e-01,3.721547867183040981e-01,2.058114914168970855e-01,1.643952816663690475e-01,4.874133659065542634e-01,1.651545183369685366e-01
8.920873773872184387e-01,7.371182144201030573e-01,2.467053352616202511e-01,3.029909000878298064e-01,1.853889792258129610e-01,3.655516884615683804e-02,4.296952547468161354e-01,1.648998321281854029e-01
8.230194227884157776e-01,8.035405711163556841e-01,2.775987377522560751e-01,4.263832653722348653e-01,1.591547164359260746e-01,1.983097393991222757e-01,5.407051323492092498e-01,1.643577842559711399e-01
7.918443944846748073e-01,6.208564132993393825e-01,1.707829008949851013e-01,5.528652767412519653e-01,1.330139370477809169e-01,1.145025126566132645e-01,8.931013478440320563e-01,1.654284377368391290e-01
9.318547538049810619e-01,6.961528387096164172e-01,1.376284646367681441e-02,4.687132318117048779e-01,1.606591598256466025e-01,1.268313996227100060e-01,2.049186720458230360e-01,1.677529397723331039e-01
8.599547341809143930e-01,6.678968642891942586e-01,1.853307873605404554e-01,4.495468801559223682e-01,1.532403945223525521e-01,1.995215776706428246e-01,6.959155689901354025e-01,1.660902670423960448e-01
7.752494769292280763e-01,9.504105677496659244e-01,3.004837866734719753e-01,5.020252764578417848e-01,1.449463085388195960e-01,1.376006734893214789e-02,6.705229314414826725e-01,1.655527015059156670e-01
9.039902766852667693e-01,6.754914673693861449e-01,1.514305661163560246e-01,4.084144211365088317e-01,1.857486033245149826e-01,1.574391229904354428e-01,7.393325523144294031e-01,1.644533787378884004e-01
8.566172407346142048e-01,5.190196784342636649e-01,1.921261532391476679e-01,4.570301024783706145e-01,1.143135925630092697e-01,5.499455782306873486e-01,6.731222404117364055e-01,1.655710336011741168e-01
8.649760063081000094e-01,4.623709524112271652e-01,2.041182300951023265e-01,3.594505935048570855e-01,2.002845272255247555e-01,1.424340015213867994e-01,4.120092533162578174e-01,1.639359060189124473e-01
8.654213217205160014e-01,3.710749270376465514e-01,1.487484780481690416e-01,3.620589954177552139e-01,1.819349630954732178e-01,1.863391700118571803e-02,5.700167198559038528e-01,1.671861767975470203e-01
8.841267210731549309e-01,6.429564185649607744e-01,1.508228799526218356e-01,4.246644137274289688e-01,1.505439974726205665e-01,2.168507063291124637e-01,9.172537883598959052e-01,1.654183747160407336e-01
8.974538378402545646e-01,4.376670915085149605e-01,1.217920598896099077e-01,4.214056386130923260e-01,1.640926703806634412e-01,2.917193741067610757e-01,6.569808055007012593e-01,1.657179588441161089e-01
8.525079036291171031e-01,5.511607485347538304e-01,1.590930997940771807e-01,4.235998158456344975e-01,1.640669631021087760e-01,1.018780909764592790e-01,5.654648545906828527e-01,1.642510562653876904e-01
8.764147788874476763e-01,2.684068832133755800e-01,1.626090107532946194e-01,3.687431508644524736e-01,1.493243270153475355e-01,3.940057320137414498e-01,5.246514581304568825e-01,1.649297900469993416e-01
8.547654393857673227e-01,4.715597546492992231e-01,3.027138884289041210e-01,2.767413528038299986e-01,1.779786090226877227e-01,2.602184256751389202e-01,4.293185051939527597e-01,1.646519212655458975e-01
9.293015289883997943e-01,7.501077892693599480e-01,6.305285199476648450e-02,4.635356890337119506e-01,1.545859793477900312e-01,1.128581769107102062e-01,6.079835448480919169e-01,1.666584796462272644e-01
8.541601092736822443e-01,2.447035619944269991e-01,2.604371930650326572e-01,3.099204662808922039e-01,1.712376118947680215e-01,3.806429933924941333e-01,6.193994842253733868e-01,1.647051979334946403e-01
9.795607135631565487e-01,2.729890553396863151e-01,6.704654679024590891e-03,3.643213950916985855e-01,2.194747236996847373e-01,6.495465091605046037e-02,4.710463901653764718e-01,1.661240509301377954e-01
8.722708559613927548e-01,8.376077699890427386e-01,1.897060107821797181e-01,4.554073962757020921e-01,1.386690795502683871e-01,3.756796525003048837e-01,1.549785230656012813e-01,1.668199186616088348e-01
9.526936235900289596e-01,6.197476173686029544e-01,1.324086886241818695e-01,3.383151514681885796e-01,1.622225076716863335e-01,3.497586179123164385e-01,4.706238291880103786e-01,1.656015921180577222e-01
9.242168724606677488e-01,7.004025368942549123e-01,2.212498498754028597e-02,5.155795689275541882e-01,1.718189914368891680e-01,1.222797639981630102e-01,6.699924444641010002e-01,1.650415731171927525e-01
9.098469774394438714e-01,4.801551934643769615e-01,1.864842352447092788e-01,2.913879828648647807e-01,1.791616562337577379e-01,8.197976043481308706e-02,8.737905098544167526e-01,1.657985055625500470e-01
8.706045921942657806e-01,7.053396222256826942e-01,2.418567600741448331e-01,3.824172877837088702e-01,1.530143027441696335e-01,2.891233695980588991e-01,3.879907171630910812e-01,1.660492469672889826e-01
8.821585915363392427e-01,4.973169186760409421e-01,2.955883161074732146e-02,5.231772858454371011e-01,1.796598610912791549e-01,2.083421503028312083e-01,2.804069860399537317e-01,1.663424936346291905e-01
7.915439500331356015e-01,1.032007820637445006e-01,2.101757084160773559e-01,4.750052239651662012e-01,1.239696324072070144e-01,6.098390877207030547e-01,9.192110091015794904e-01,1.634175949983249776e-01
8.364605882487400335e-01,9.699423283555681508e-01,3.161797329003818713e-01,4.682870398980192306e-01,1.041817898935568087e-01,5.135737463416483184e-01,8.242017510571874039e-01,1.641573941837668471e-01
8.765676630434728889e-01,5.653186361801610937e-01,9.478291474607195011e-02,4.733128464437253990e-01,1.563545162063223470e-01,2.102273643508118517e-01,7.719766310306108714e-01,1.642856396136690988e-01
8.877750107405594227e-01,6.764142427739673336e-01,9.392606486493845774e-02,4.644770742814897657e-01,2.176551900711173049e-01,4.968371226045431577e-02,7.824245021748116313e-02,1.664813033300408807e-01
8.794970985631058724e-01,8.593468626663299803e-01,3.855389072403650474e-02,5.463632610447505256e-01,1.690384632013885169e-01,4.411505164453111139e-02,5.282377763229398893e-01,1.659366929402245339e-01
8.719657833118087398e-01,1.861804264244857898e-01,6.471219475353462425e-02,4.202849464222487841e-01,1.791382472606405651e-01,2.581774205248023035e-01,4.051318723428544155e-01,1.648769419828843286e-01
8.813258489944119090e-01,7.036254260723973086e-01,2.514455422455949551e-01,3.555461550821290007e-01,1.542360009552884159e-01,3.746186688178566593e-01,3.465165181174164610e-01,1.660779280919440493e-01
8.529477257706492566e-01,3.479868759999581451e-01,4.636142235638762710e-02,5.175375660052119464e-01,1.409694603737932095e-01,2.348100089626272702e-01,7.562194731007657600e-01,1.640953027626732008e-01
9.201428058150628031e-01,2.610405935667983179e-01,4.970030205247533139e-02,4.235548395116242593e-01,1.714513461333385946e-01,3.588026107503272666e-01,1.944343379607205158e-01,1.663668638014338119e-01
8.485732150332588875e-01,5.204474262642942994e-01,2.756226845682119286e-02,5.367850293644368387e-01,1.247573434371531814e-01,1.060388293623353850e-01,7.871655712616003608e-01,1.666463751984934294e-01
8.762472777122931600e-01,7.427809837423395845e-01,1.990589648699571113e-01,3.962172588430306064e-01,1.666035697719895903e-01,4.707284042708237415e-02,6.956017152283122673e-01,1.661853587709419544e-01
8.245574240056192661e-01,2.797956930784279428e-01,2.060286372498762453e-02,5.842927599584870624e-01,1.333046040170875191e-01,3.705212783635204454e-01,3.035314121756797490e-01,1.655206794113630864e-01
9.059651409396253241e-01,5.482738100650488278e-01,1.100687152840928301e-01,4.652679836085054088e-01,1.457128296941970769e-01,4.271807800598554361e-01,8.238313976209203915e-01,1.646193818560718336e-01
8.673131912354326012e-01,3.506146916006595560e-01,9.759248530410991052e-04,5.345555979014994241e-01,1.522596644173393465e-01,8.753898989912173301e-02,8.733687046484368555e-01,1.674114892091717599e-01
8.702388164987848729e-01,5.727971628816258542e-01,2.763070936955586143e-01,3.175763349623087484e-01,1.619504646242459767e-01,2.356776283474085742e-01,9.610355578706160085e-01,1.638416210181341537e-01
9.023120557271531172e-01,1.383594013458293026e-01,2.422203056681136168e-01,2.672811101065507011e-01,1.823487766630068618e-01,6.843331935093759366e-01,3.550396154848584063e-01,1.646396691084570651e-01
8.103842563901465512e-01,2.609250903916282560e-03,8.695005436691261025e-02,4.294540440564449391e-01,1.761762433952954732e-01,1.924590998186176405e-02,6.288927129422606788e-01,1.657128043572111686e-01
7.781837969821837619e-01,6.401864217224230158e-01,2.422842450888159915e-01,4.707793874989430472e-01,1.689139367608310793e-01,6.524118203789633363e-02,4.274123604208586169e-01,1.650599213022975742e-01
8.073287174828271962e-01,6.822550724948825973e-01,5.676958615797489394e-02,6.529154085630816118e-01,1.255692981452013746e-01,2.514931148861395127e-01,6.940140292297216629e-01,1.655631289462855538e-01
7.866588848163009740e-01,2.445959920880492189e-01,1.864487130170910945e-01,4.422960173843946130e-01,1.814721565240901835e-01,1.767608262261160523e-01,2.913243293140996282e-01,1.658169257081878456e-01
7.860966506792309572e-01,7.771698861294837890e-01,2.037883979617290675e-01,5.286814730599335155e-01,1.376447132202618107e-01,9.609902087620839084e-02,8.789747694549956414e-01,1.659558008334532375e-01
7.736111924536660522e-01,8.624224529119295379e-01,1.740485605295556404e-01,6.111266608746318552e-01,1.370293231034841186e-01,2.016853425243757547e-01,3.207913719169004363e-01,1.670589398545979654e-01
8.038023941434951913e-01,4.071203305504518810e-01,1.790880584142219012e-01,4.596091740285802585e-01,1.432644466329260347e-01,2.748309353409989497e-01,6.718403263494691080e-01,1.643928352820651639e-01
9.327593154825215560e-01,3.315281043476802081e-01,4.825426576660452049e-02,4.130159723331289778e-01,1.674714026906539699e-01,2.246968502871201645e-01,5.850696873276586274e-01,1.664101623908753047e-01
8.765796531337346487e-01,7.632035264456399348e-02,1.703332202710466092e-01,3.231166012044354163e-01,2.076287044394050652e-01,3.194419927531881309e-01,4.670752400244111424e-01,1.642968148712839194e-01
8.066901310409758663e-01,7.203458754258504904e-01,3.405991952240916554e-01,3.621302574104094396e-01,1.524939611754910496e-01,7.586133768631414531e-02,9.590809090787872915e-01,1.647008622078747764e-01
8.441136087999735471e-01,3.563641010600344661e-01,2.401363619300973529e-01,3.910657833774421333e-01,1.588912861420420097e-01,5.265604898164336634e-01,6.749279908657535021e-01,1.641576283356533938e-01
8.568742344419445489e-01,5.571822044905910820e-01,6.657922307294791842e-02,5.471996106034369145e-01,1.231739509532248505e-01,3.432887535656451994e-01,5.600109759626878958e-01,1.645513148355604582e-01
9.158049659764415651e-01,1.241576435960199953e-01,1.095007240537155813e-01,3.354069787510779443e-01,1.977491598508610560e-01,3.533844898178864491e-01,5.962078544600850627e-01,1.645450082716528040e-01
9.741740595294050564e-01,6.004344494130571253e-01,1.055928691189644830e-01,2.939971758888837439e-01,2.022263065612190103e-01,9.080531844337264014e-02,4.397022651154348649e-01,1.651955743919225061e-01
8.689854357550667041e-01,7.789917451001195925e-01,2.309743506467101248e-01,3.815175626908598461e-01,1.650768437891452778e-01,2.167792309593865874e-01,3.580485771358533631e-01,1.651083373819600963e-01
9.117752148085721542e-01,5.134166969495773669e-01,9.869229519437831832e-02,3.696582765798284154e-01,1.955544057131096691e-01,3.515530665653954223e-02,2.460798100386843434e-01,1.679187967375028179e-01
7.705328807958433668e-01,4.764875908333484622e-01,3.602726026707377960e-01,3.818041801223025500e-01,1.549795786263118980e-01,2.740028359951337533e-01,7.886662755528393021e-01,1.644117499594451859e-01
8.753815039793073627e-01,9.067634355371753108e-01,1.402527707543612667e-01,4.871981215624445194e-01,1.947409467400308958e-01,5.478562950174736823e-03,3.268459830664096066e-01,1.661092493150855554e-01
7.845693906176768317e-01,3.385870941633036812e-01,1.190656560274721554e-01,5.783057529791858498e-01,1.073675645620123242e-01,3.439041622418272937e-01,9.879109137083850189e-01,1.650782320567726613e-01
9.138618557341249282e-01,2.567863574159687801e-01,1.463935441613574695e-01,2.735864598730837205e-01,1.926270051020897989e-01,8.418922139847481723e-02,7.172432712661952481e-01,1.650251006288973310e-01
8.238803818610213048e-01,3.240285179645920888e-01,5.162458455414181691e-02,4.901636115816908057e-01,1.608603168990334620e-01,4.550448939982701391e-02,8.644564398417633466e-01,1.653542017977399359e-01
8.612643901278104197e-01,6.078364826270650223e-01,1.085078091099812292e-01,4.544695976815153471e-01,1.515929816544190067e-01,1.131284554655789532e-01,7.662877521755058208e-01,1.660994895721608078e-01
8.432277092205787694e-01,6.804902808741035702e-01,1.310839291800550699e-01,4.923468708728543919e-01,1.223048761518963357e-01,1.553470303732426006e-01,8.440537724440813072e-01,1.654455528087723226e-01
5.881125757966798595e-01,7.250069867821072878e-01,7.830330307621831132e-01,4.682388206631304950e-01,1.236734756296103965e-01,2.848685319475986466e-01,4.214965529356997642e-01,1.651609632172630904e-01
8.994273913595985936e-01,8.086474253101538778e-02,1.841009786224684364e-02,4.408748725982434280e-01,1.898109998023426725e-01,2.739998884802373191e-01,3.002253059529321755e-01,1.660663408527013885e-01
8.961229057336962400e-01,7.183508332943804309e-01,1.948912383378975655e-02,5.675103100454451654e-01,1.687957600709425188e-01,1.880119243526922612e-01,2.884530311240884881e-01,1.666924788066628804e-01
8.917942436536400175e-01,5.565338737042812012e-01,6.691648056920362908e-02,4.997410698050054889e-01,1.387527607761170900e-01,3.822914366749118331e-01,1.761889501576061612e-01,1.659543833022660564e-01
8.956543226120414758e-01,6.385481284277725322e-01,1.463827764650178775e-01,4.186704333818710988e-01,1.578172368531247372e-01,3.650540589898100818e-01,2.258526247505177054e-01,1.664945652889674166e-01
9.534418288742706471e-01,8.749810381153865224e-01,8.964009161387390123e-02,4.132826196199072544e-01,1.773381864515290451e-01,5.910381360663158334e-02,5.912782308199621140e-01,1.664020734661979528e-01
9.855334980599308459e-01,4.141139673183666936e-01,1.663420059453454836e-02,3.633510893318003809e-01,2.292419981277130647e-01,6.417632769692349637e-02,1.696496013826320759e-02,1.683526941367137764e-01
8.345255071624991805e-01,7.746316653993948753e-01,9.275775393224999776e-02,5.786876265646234696e-01,1.353430667028810430e-01,2.251326744803706648e-01,4.192639221473075661e-01,1.662988144271768109e-01
8.689324434674172704e-01,5.971511620807157250e-01,8.861947459460850496e-02,4.956032649509083954e-01,1.676131460420315356e-01,2.116680007120514406e-01,2.784686484630022330e-01,1.643015344073790740e-01
9.164772473431019861e-01,4.770157827321840349e-01,1.237483731400394471e-01,3.547106189888280525e-01,1.716358784653035652e-01,6.000513643882512960e-02,8.760884344396915324e-01,1.657562685957503779e-01
9.514870088586201424e-01,6.417440776191469798e-01,1.364568176530379651e-01,3.292288500119346373e-01,1.920225274778177005e-01,1.334826890781062314e-01,4.136853119338413376e-01,1.664339910566292047e-01
9.126068137497190813e-01,6.180325974496351238e-01,1.865168524794288407e-01,3.387473108599455829e-01,1.572894571203951042e-01,1.974938580743967886e-01,7.303824331292178007e-01,1.662831217781284565e-01
9.514476660381081530e-01,6.325378667879847372e-01,3.031124382108163484e-02,4.609914016416950533e-01,1.858561827791378462e-01,1.769725009130186377e-01,1.732100810961525461e-01,1.663533089232851758e-01
8.249300481889850767e-01,6.897667233396236330e-01,1.985155118352647796e-01,4.608663710549013026e-01,1.602336796470487101e-01,2.020782834635070635e-01,3.234051611843963281e-01,1.641502741269029453e-01
8.988083598659032392e-01,2.733468774293417725e-01,3.055371590627592449e-02,4.338578190923933486e-01,1.448896948715477084e-01,2.264652838751387010e-01,6.784373253228104250e-01,1.669803362524971968e-01
8.836448374394957339e-01,6.454004635295057524e-01,1.958546394500916277e-01,3.758806938413979948e-01,1.578657600501872926e-01,3.129690756494753479e-01,2.842567898841142360e-01,1.664370202490851325e-01
7.551711221352821468e-01,2.623719918849221067e-01,2.992088665249010293e-01,4.510263433852265136e-01,1.312126077455338102e-01,5.634946231206527933e-01,5.625363385636382718e-01,1.643431203661430418e-01
8.163692658077073006e-01,8.206670823551626137e-01,2.440352615152743820e-01,4.816001312646078780e-01,1.302274226172423777e-01,1.520790683274656219e-01,7.369324007809570087e-01,1.662950449396527752e-01
9.207363184965681180e-01,4.650596261546218191e-01,1.317899036313343042e-01,3.493931759454063646e-01,1.835057704034727954e-01,1.764585548799052217e-01,7.211567328417707312e-01,1.660705012746472586e-01
8.797536181764861185e-01,9.870964642403985412e-01,1.475690315595094837e-01,5.113983315044621225e-01,1.356045134728711965e-01,2.648558661499325617e-01,5.159600748705518436e-01,1.657520347233570335e-01
8.809807673062223232e-01,9.450968592739210639e-01,3.094385169775998867e-01,3.773992386606858651e-01,1.467555953216341524e-01,3.663668314522149361e-01,4.988246051403851244e-01,1.648124955899715194e-01
8.891815689532255318e-01,5.532123241615849452e-01,1.561880507771526427e-02,5.072885067025527661e-01,1.895825461279088964e-01,8.081344077948374172e-02,2.044501429165024309e-01,1.679208236079272332e-01
8.866714381114991772e-01,5.930064709798458233e-01,1.607643821991915356e-01,4.086318812729455852e-01,1.795502482380965659e-01,2.302785292932631456e-01,2.294916602653910287e-01,1.644789280112485264e-01
9.169597123189261456e-01,2.165638676382588002e-01,2.081405274190052390e-01,2.896621079094666706e-01,1.718071940091018823e-01,5.365045931885829011e-01,4.821538184331268240e-01,1.651276368535634365e-01
8.161512490895348471e-01,8.568761311972667993e-01,4.763574153638708286e-02,6.754700492566758641e-01,1.257487188985878523e-01,1.914474986225737085e-01,5.205758686659889278e-01,1.664505563632307783e-01
9.582825688004497078e-01,4.347492347059954687e-01,4.913245212091491010e-02,3.466017788844638625e-01,2.332172392915293213e-01,8.729236089014547062e-04,5.406031260303006958e-02,1.678155723113728959e-01
8.973036917771111121e-01,6.365268724837789271e-01,4.130799106048343994e-02,5.497345799908505137e-01,1.091175176114246304e-01,4.538485759985255164e-01,7.423718895816145968e-01,1.659896955535684338e-01
9.367102344171451822e-01,5.497416846451498307e-01,1.554647968157436833e-01,3.156059567968032553e-01,1.954142537280851299e-01,1.609066362605159062e-01,6.389633705665562768e-01,1.638603471675887102e-01
8.224635441319333440e-01,3.123099516745808102e-01,1.369998602757895312e-01,5.112488642939189143e-01,1.201472203681177298e-01,5.467718823195121258e-01,3.765511517338788749e-01,1.652986881839256794e-01
8.607711973030575114e-01,7.536326163991796667e-01,3.305624476688181490e-01,3.887132604367548039e-01,1.377267550674097507e-01,6.518409219115596231e-01,4.392554158901618155e-01,1.643014235157168879e-01
8.694518029429428863e-01,5.627679197430879299e-01,9.743394140602974762e-02,4.880079714292421822e-01,1.566866600151011202e-01,2.871970185557910504e-01,1.213375650388326399e-02,1.661289995124619057e-01
8.430043722194431322e-01,4.447533893015830908e-01,1.410235289425142147e-01,4.465771721296751817e-01,1.830305674965862495e-01,8.089753095349735967e-02,5.408761725767977646e-01,1.647067652140314364e-01
8.740135170414524701e-01,5.963230012340401398e-01,7.664399395687185312e-02,4.822689300890299902e-01,1.772663530148878563e-01,1.594769949146507271e-02,6.230738867136343950e-01,1.678357120045121942e-01
9.211655469328907664e-01,8.417015388885336069e-01,7.313207635421248298e-02,4.417772635603087750e-01,1.694681992603599974e-01,2.303032921480668849e-02,5.485951315416326413e-01,1.652392815491875722e-01
8.475894389104464688e-01,2.039255327921042360e-01,2.518851053583475719e-01,3.934646141420458099e-01,1.553542056677477690e-01,7.705641982270055035e-01,6.101899646451154346e-01,1.636098047454941085e-01
9.283505880562757939e-01,4.005873621304920085e-01,6.768234596212019394e-02,3.760620314542070242e-01,2.398392621537495661e-01,3.989259171613013244e-02,1.411568570250015808e-01,1.648724259684558324e-01
8.283672286864681711e-01,4.529770387457132119e-01,8.289218000662626484e-02,5.577297312391916728e-01,1.234798255295348479e-01,3.762713088947686746e-01,4.332723751775950927e-01,1.651576503508356830e-01
9.010448010943954422e-01,5.722440620342895690e-01,8.842963742091917989e-02,4.814553027703341037e-01,1.525499294880931223e-01,4.189048055782585989e-01,7.093309914500300906e-02,1.666458212356678181e-01
7.978833686578314932e-01,3.518795302871467467e-01,8.669394498712909569e-02,5.148522827825667836e-01,1.925717264721579225e-01,2.525366459945554976e-03,2.766017389023690543e-01,1.656029017753800348e-01
8.968377473491525587e-01,4.799330338622670444e-01,9.471210030633997468e-02,4.337486113001235988e-01,1.272661315616188116e-01,3.474287801496360739e-01,7.422148863338046132e-01,1.652963146220222113e-01
8.928937723895004064e-01,1.063550633918464716e-01,6.088168984266270622e-02,3.452018264585396956e-01,1.933021309183665104e-01,2.493123075504305453e-02,5.896843461002687636e-01,1.669815041623910479e-01
8.565998194483862571e-01,5.060523784050700025e-01,9.679440936657983385e-02,4.626681671193088596e-01,1.674906997944652365e-01,1.709254127049605609e-01,1.217858702035604090e-01,1.655902479915546399e-01
8.006912554456127040e-01,8.660218173734779423e-01,1.974416280746293662e-01,5.910713993018494872e-01,1.274707090099028717e-01,2.581101057664819676e-01,7.149583061310966769e-01,1.647239275241134671e-01
8.572653669396684828e-01,1.133692059342050196e-01,2.815022801899594307e-01,3.261599380670819337e-01,1.779589722958397902e-01,6.518806914142585285e-01,5.634173590253024333e-01,1.643063275975736870e-01
9.158877397455873481e-01,6.282172785972268692e-01,3.677948482262272112e-03,5.099703577913796693e-01,1.671262190713590223e-01,8.922458547323097733e-03,5.927448053766761760e-01,1.678971481920178144e-01
8.337351734480353826e-01,5.645143613507663805e-01,3.094129943035389685e-02,5.581150973295884166e-01,1.286976062220011319e-01,1.446329767692661195e-02,8.588353628825682318e-01,1.667122743849361044e-01
8.067677453319100911e-01,2.740274581660349096e-01,3.810368913264055579e-01,3.467770511995812432e-01,1.507903156596957506e-01,7.563007891656685633e-01,6.326013814778586042e-01,1.637521452546807088e-01
9.172891045401527776e-01,3.802122801353408077e-02,9.065712368155698364e-02,3.042077348975061324e-01,2.155389081998712597e-01,1.527767481170546060e-01,3.526356416573768193e-01,1.656646338984051614e-01
9.173190593446333141e-01,8.409411493476749433e-01,1.597275380255994137e-02,4.935753501957988454e-01,1.625790251876851888e-01,2.081118000659787359e-02,1.602104802150490226e-01,1.677707050903265718e-01
8.658813707071409960e-01,3.924409695102515361e-02,2.704587842694310962e-01,2.950109006966615821e-01,1.786613287520841253e-01,7.314118382069505486e-01,4.668858150319493139e-01,1.630254052398077136e-01
8.262008996233295433e-01,3.827647335372058590e-01,1.188900791571541049e-01,4.498592869373729819e-01,1.535117283315918513e-01,2.078447765617102982e-02,8.217772719365807887e-01,1.665928662203547406e-01
9.350948295394446719e-01,5.060165929877764590e-01,7.258264892736041030e-02,3.832405712834048295e-01,1.975660701964857546e-01,8.140669213177720298e-02,8.246216267878647699e-02,1.675702603160298121e-01
9.148241662632238258e-01,2.880810951664751762e-01,4.418070751152738951e-02,4.108602261637117614e-01,1.827544701159298235e-01,7.139565095537497852e-02,5.551829858079143643e-01,1.667039947079338724e-01
8.668359111064196654e-01,9.522694812270543485e-01,1.668667011498698727e-01,4.636857451811611242e-01,1.552734984794257311e-01,7.398922219917514198e-02,4.276422828251164598e-01,1.649127738606454840e-01
9.365405280786915920e-01,8.438717914904236839e-02,6.902945410794095182e-02,3.243206337313689347e-01,1.863407655446281674e-01,2.396206313152482448e-01,7.570795928008866582e-01,1.656690400206664582e-01
7.574909361571060540e-01,9.844632370760446616e-01,7.951253497391778113e-01,2.510443775693917967e-01,1.085716569961618361e-01,6.124531012516294393e-01,9.379753329092450631e-01,1.638422682499217076e-01
8.890268404307132277e-01,2.584382253692795173e-01,3.598010926853334457e-02,4.570144016048013347e-01,1.429295344769630771e-01,2.596082996822298705e-01,7.180808988166497153e-01,1.651620433664235110e-01
9.206020963318328754e-01,5.351227059699167343e-01,9.232820593788841623e-02,3.668884226271189597e-01,1.845536793369235151e-01,4.695471686420471524e-02,4.874861417948630482e-01,1.652618118002114334e-01
8.742623470196457802e-01,8.020217619275964438e-01,1.120687835229465523e-01,5.062383246070972787e-01,1.384574233803406995e-01,2.022447948661406647e-01,1.556145381042580711e-01,1.670156988258763575e-01
7.690476789045938011e-01,7.254097691296119699e-01,1.747728444747919663e-01,5.757326090106752448e-01,1.293724916673881786e-01,6.649328326430301028e-02,9.191334605844860839e-01,1.652998727506524712e-01
9.179613464844319504e-01,8.757269585086435715e-01,6.406966934838914662e-02,5.237097781749560088e-01,1.495368924476885297e-01,2.471899391973979010e-01,8.401584457103616899e-02,1.679681232765251886e-01
8.747189333919138665e-01,5.116363962067869142e-01,1.145617581086175174e-01,4.626740987370580593e-01,1.153615247430311436e-01,3.865473420994450238e-01,9.526302778191328979e-01,1.654581322821434830e-01
8.946413026908499599e-01,7.158179478741460988e-01,1.415621944492347350e-01,4.929480486415284135e-01,1.309615873826349697e-01,5.096700262389501912e-01,5.192741128663348471e-01,1.637422874814560836e-01
7.498379969101476306e-01,4.292354455402029312e-01,2.404632059203743455e-01,4.987755964533112651e-01,1.485996628503838679e-01,2.816200551970272081e-01,5.192151001621517770e-01,1.644867772936673134e-01
9.262488640039315824e-01,3.765249319795803129e-01,1.474074546323458357e-01,3.392201253158726448e-01,1.961156913739094121e-01,4.223571776140863654e-01,7.853077370732891582e-02,1.656068960392896861e-01
8.561763553926857728e-01,2.570613729522386315e-01,1.403110727587641993e-01,4.268257253080609548e-01,1.605953260438064967e-01,2.930480466576138032e-01,7.985010081400032433e-01,1.643278205890478794e-01
8.013429570252835754e-01,3.139168874314414714e-01,3.639641534615145613e-02,5.429237968766760236e-01,1.914075913741877522e-01,2.603600069925215976e-03,2.265201397606568245e-01,1.658409260299466559e-01
8.932113391959964899e-01,4.790419074208429051e-01,9.887533047033289502e-02,4.690805249991669146e-01,1.515211673218118116e-01,3.205835161766632524e-01,5.835969020255974415e-01,1.648286404740835487e-01
8.812810155114532140e-01,4.137160314561654229e-01,1.954131876017994873e-02,5.032191171922905104e-01,1.753437069048638386e-01,2.074071035275311947e-01,7.589786367164363945e-02,1.652704893126651919e-01
8.932168474618572551e-01,6.612524743859273801e-01,1.728563198699378800e-03,5.369506877528955613e-01,1.424406406390592017e-01,3.231706950891244379e-02,7.223076410516406920e-01,1.676621887461885174e-01
9.501819524891078617e-01,5.470383088271294492e-01,8.008827254693504094e-02,3.875200549734276745e-01,1.750357667966804254e-01,2.854018221145180889e-01,6.677753552682785809e-02,1.659631071727739049e-01
9.100058828527246568e-01,7.456658850151270945e-02,2.841662055362604855e-01,2.262902341578012233e-01,2.160452133795519314e-01,6.884996399812665091e-01,2.251415328433454266e-01,1.648405413499454963e-01
8.762573062096029597e-01,2.337641950842073157e-01,2.766907383077316096e-01,2.960538713231904429e-01,1.594358689524204287e-01,6.802438870958678052e-01,4.625658391883045728e-01,1.649751758795140189e-01
8.853230941265010090e-01,7.800057731246927695e-01,1.231620903372973586e-01,4.859573300489696823e-01,1.410940935790868933e-01,2.621116135563170135e-01,5.676274252591601011e-01,1.653825061129685636e-01
9.811846023581469733e-01,2.924368509032020391e-01,1.266484900707498529e-02,3.420533211855317224e-01,2.555799927882469458e-01,8.768491010245682560e-03,2.355946499996781629e-01,1.662396998190166508e-01
8.835146224949376181e-01,3.756531712395677625e-02,1.232022984446128622e-01,3.484709035814790856e-01,2.154209328941006363e-01,3.426938208376124062e-01,2.323878529887275501e-01,1.647315345780009099e-01
8.645541771344235071e-01,1.923875494692443011e-01,1.988832403323711751e-01,3.481043855414869270e-01,1.590786107397516302e-01,5.626990653036217926e-01,4.110155263787617086e-01,1.651432366483219227e-01
8.663958239801820005e-01,3.172974057489519328e-01,1.580610330879213543e-01,3.624272581589828013e-01,2.305716363246732570e-01,9.661927291146299446e-02,1.839744136167795197e-01,1.650783046898787187e-01
9.478380848031239259e-01,6.125722072152168796e-01,4.058717984668114287e-02,4.398698168198540981e-01,1.745867568476536791e-01,3.115762349220917438e-01,1.959412720361407567e-01,1.659955269998263372e-01
8.868188052506090768e-01,3.556603459646504595e-01,1.735098930166665832e-01,3.770797055043595969e-01,1.284732730079608809e-01,4.989793500215281563e-01,8.817777722035939902e-01,1.644206648733241294e-01
9.005350225821596721e-01,5.068503864383995250e-01,6.409538615505583348e-03,5.375958632690768235e-01,1.368799749939600408e-01,2.053226668117970333e-01,8.064129588067123766e-01,1.667798532292752711e-01
8.819994619954709680e-01,6.172690129615707733e-01,1.078446820238713605e-01,4.605563005909186214e-01,1.567552275564930431e-01,9.089443129550248135e-02,6.498474449906382899e-01,1.651182350367006169e-01
8.136051614898645035e-01,2.650146081243008322e-01,8.160186555149850918e-02,5.360702421084355684e-01,1.719183003993088321e-01,2.458406009559744310e-01,4.092482507965046201e-01,1.645163427466761752e-01
7.822281455637626335e-01,5.782677195976324569e-01,3.433849342372847224e-01,4.112337554558143093e-01,1.310648405261482519e-01,4.034164549476279005e-01,6.829327761189599721e-01,1.651694873358804105e-01
8.459303522483544446e-01,9.084973051627982521e-01,4.207438001947433337e-01,3.609540452957407664e-01,1.387896487502407461e-01,5.674240232337361967e-01,4.518301963045603387e-01,1.647514191899691061e-01
8.829590927961114000e-01,6.801717076855642308e-01,1.507943188398859491e-01,3.829592403862691619e-01,1.699055714215916835e-01,6.356500219275029728e-04,7.441650694951255085e-01,1.657290232011102149e-01
8.733199593182336962e-01,6.803110123356763683e-01,1.971250151022795327e-01,4.387866470907476057e-01,1.445871559669428819e-01,3.125649070935151430e-01,5.761754213174458128e-01,1.646110447168600832e-01
8.223156811979779324e-01,9.534115228124495633e-02,1.305705224018579025e-01,5.067170181261959616e-01,1.190610884046228723e-01,6.372355890803440559e-01,6.629876862457756426e-01,1.635862660064682783e-01
7.833889864733128983e-01,2.829869705927214873e-01,1.049959864962208417e-01,5.579063764128560088e-01,1.125653618106731424e-01,2.892274123321695867e-01,7.832658918848154350e-01,1.656139088734776554e-01
8.058159873402676032e-01,5.075221545364297926e-01,1.108805186057284786e-01,5.427017753937465327e-01,1.541013881139355612e-01,2.829341711217664423e-01,1.319961870903015866e-01,1.666010007568921591e-01
8.831127953993929136e-01,5.010332118426069625e-01,1.480825991156503596e-01,4.203571898299680032e-01,1.380482668408687663e-01,3.332185499351609792e-01,8.161468394042279417e-01,1.661746604700597429e-01
8.589214160286892108e-01,5.775829563360900254e-01,7.079016594318360278e-02,4.907033822371393295e-01,1.959482203055251115e-01,1.003151289367390508e-01,3.782916646838052621e-02,1.653182027364292761e-01
8.081671779058881011e-01,4.787762113420377386e-01,8.997583164020687974e-02,5.715404836356476892e-01,1.043577628126723944e-01,2.445106451738719433e-01,9.486828582657436115e-01,1.645413639933516470e-01
8.810265251431790290e-01,4.069179945009514521e-01,1.653499948729089120e-01,4.025402821499626249e-01,1.490753254801191752e-01,3.973018641608959678e-01,5.667865944276823109e-01,1.651912611420299493e-01
8.428617589518341280e-01,6.773664172458397914e-01,6.689663113592100863e-02,5.749057717505632326e-01,1.492596681981084861e-01,7.876460593031750501e-02,8.707263843579536866e-01,1.659831978063225633e-01
8.883419149324779385e-01,7.724847897039730515e-01,2.480909809811644995e-01,3.469056756882212822e-01,1.684547664759653007e-01,2.348291206962239974e-01,4.286191686453016958e-01,1.651972745660783837e-01
8.836933389214639556e-01,5.672305683374676555e-01,1.037337550078733933e-01,4.809020878686174338e-01,1.272263825337409116e-01,3.940418753003693819e-01,2.834372481367453678e-01,1.666276942493186419e-01
8.195203121473040309e-01,6.259383713553725581e-01,1.441166412917994633e-01,5.346834913100921849e-01,1.310260931532280793e-01,2.412094451927579430e-01,5.984713739495340912e-01,1.648989082068127721e-01
8.500479034684278457e-01,4.788342709178055601e-01,1.750717255596958011e-01,4.442408353871516447e-01,1.532520721578138623e-01,2.845287640113972616e-01,9.009469622638354158e-01,1.642744129253204122e-01
8.490472786969973651e-01,8.056467192027794155e-01,5.436974952282047635e-02,5.935646984957321237e-01,1.269027957857578048e-01,1.400118134206134179e-01,5.955825585391976151e-01,1.668531819935241689e-01
9.934710752537019296e-01,5.910123212223197253e-01,5.824693766940119977e-02,3.564299147779653176e-01,2.229237951642549231e-01,1.311688364326333289e-01,3.820719590501868157e-01,1.657840949506343420e-01
9.046566741151408353e-01,5.992804169454772900e-01,7.643761716159258590e-02,4.856596137476008046e-01,1.065850177099473273e-01,3.650872802703640230e-01,9.288036155772059210e-01,1.655578818901061455e-01
7.938499158912190046e-01,1.334277733092088525e-01,1.697586563163716589e-02,5.627758513764402615e-01,1.248794385028064585e-01,1.452414374772518779e-01,7.315615626363392021e-01,1.660126265580524341e-01
7.378217515930628467e-01,6.315985542177734446e-01,2.583468392034296013e-01,5.610310685230650574e-01,1.233520975916973655e-01,2.196499562262819449e-01,9.120988024371925462e-01,1.646933474259330010e-01
8.243463722307118324e-01,3.985086244970654779e-01,1.214510586735142866e-01,4.716876020452962504e-01,1.823486786897734468e-01,1.462961380650946164e-01,5.424638226002299612e-01,1.638801844158279952e-01
8.980986324640386487e-01,3.267025288091127688e-01,8.644945564450307041e-02,4.346859967911824163e-01,1.456945328884504676e-01,4.995888114453254647e-01,4.170305364023120243e-01,1.649438020449834896e-01
8.407391732221509706e-01,5.464391176913810932e-01,1.843657928614866603e-01,4.915529538895628825e-01,1.383480129179376628e-01,4.827355389638111616e-01,6.935538854188034730e-01,1.644966012410436773e-01
8.323844932809983943e-01,7.460899120925382766e-01,1.734757696144168804e-01,5.024742760035281197e-01,1.393753284501479395e-01,3.111186575284480837e-01,2.125082139804223003e-01,1.658596816631192072e-01
8.775621098226639161e-01,1.534743657432596775e-01,1.050702912568690500e-01,3.462607500933994054e-01,1.695697251112568138e-01,4.975139837466985293e-02,9.668153808697688145e-01,1.644171814003543008e-01
8.290501369388537656e-01,5.794294008353094716e-01,6.204253718108726501e-02,5.781896430911580564e-01,1.593849416581843426e-01,4.331351963617452450e-02,6.862634202487510882e-01,1.647134952128645746e-01
9.146452573212069392e-01,3.083912046173753474e-03,7.908912242432579454e-02,3.885115344269093329e-01,1.743597217020939616e-01,5.607837487771956120e-01,4.414469120182410444e-01,1.654339510606525065e-01
8.935521964834773900e-01,2.812174773633517866e-01,1.774911040469784318e-02,4.524179959886693858e-01,1.618705424538947057e-01,2.282040722529032895e-02,9.843155188682086720e-01,1.674285969445386268e-01
9.351000853154735060e-01,5.003531311687618999e-01,8.654969154522507147e-02,3.890067771937595342e-01,2.048589628780589089e-01,9.389672587778380430e-02,7.705785419036410566e-01,1.646293837637118618e-01
9.099185870400332554e-01,1.405426579894887840e-01,5.255132314588434328e-02,4.146018677533206409e-01,1.753605356223562339e-01,3.637658034128361528e-01,6.277142259427606064e-01,1.644996893384026437e-01
8.019753871931140088e-01,4.719985402613971481e-01,1.222648362228977159e-01,5.764572636450659981e-01,1.062033863136878364e-01,3.661182525596011761e-01,7.966104734774515084e-01,1.647122714995848114e-01
7.904685125105412880e-01,2.355988140316072066e-01,2.746237543859161856e-01,4.499680326557654042e-01,1.366413008461428158e-01,6.322721414162524312e-01,7.244465612541101107e-01,1.631198598939200550e-01
8.832565285898511531e-01,9.275505746761958381e-01,9.662126119471145524e-02,5.350733091900911065e-01,1.296282234885295925e-01,2.569723051734005281e-01,5.547024422354894790e-01,1.670252389584016561e-01
8.713304902278632413e-01,8.555405229246948462e-01,2.328555788277777427e-01,4.049005418295570369e-01,1.509859656274819828e-01,3.116420039053662827e-01,2.173676158157775151e-01,1.651245621308318479e-01
8.098338433936871361e-01,5.051577501343653687e-01,2.725191799038909624e-01,3.883433207527270947e-01,1.751427832962714204e-01,2.278654498149699226e-01,3.201648355139877222e-01,1.651681465218708955e-01
8.954479113853780481e-01,5.913340000031203081e-01,6.411918376731040592e-02,4.353077191389803091e-01,1.670683251942104430e-01,8.617136610988337941e-02,2.963305647858398006e-01,1.675557324867693321e-01
8.916824910929684878e-01,7.786793644671157200e-01,1.736624354819765459e-01,4.041474977478347608e-01,1.379152439099292637e-01,2.480455721946064895e-01,2.636548759635173877e-01,1.665025776792355694e-01
9.423474163069888165e-01,3.011432671786903326e-01,7.618780506503164407e-02,3.248737364692161345e-01,2.286541194063567706e-01,4.877369588609625772e-02,4.975440646285500534e-01,1.661522620877111667e-01
8.031561670520748208e-01,2.957376568531954186e-01,3.315429876501443940e-02,5.787796725689757782e-01,1.272684446745327991e-01,2.373062238485844078e-01,4.851714078785132056e-01,1.659058386658647799e-01
9.119528729288064461e-01,7.721325885923444599e-01,8.269536300599739098e-02,4.425872372704218738e-01,1.376819380733273479e-01,1.956967728125985628e-02,9.586947194365578184e-01,1.647456234142755105e-01
8.417469532776602481e-01,2.496441100226108045e-01,1.454262438800360269e-01,3.709915945013465555e-01,1.917786717176636069e-01,3.388575257720660705e-02,7.037101020072882296e-01,1.654701022906165386e-01
8.341387664840897997e-01,6.385136512494496985e-01,1.899869078773486208e-01,5.141976668713758025e-01,1.053776521547733769e-01,4.888056892211707916e-01,8.274556393286083278e-01,1.655016507878457332e-01
8.421562448486787922e-01,5.186614164995153597e-01,7.794430808461938476e-02,5.182237626289167842e-01,1.616021945012761640e-01,5.391425336164162863e-02,5.047722562088812204e-01,1.673652274841741783e-01
8.925302711365691311e-01,8.958415556574352845e-01,1.410809424461919037e-01,4.594434142601619975e-01,1.527028443732607044e-01,2.406495967705875594e-01,4.913040805663271282e-02,1.664079386659932103e-01
8.976519131500325654e-01,6.272587418931215852e-01,1.497949405792255995e-01,3.698207680345452775e-01,1.945732188964104936e-01,9.855095625099230539e-04,3.985724756287482018e-01,1.672896490526671609e-01
9.473685736036048244e-01,2.813297821725128101e-01,2.737394359488032336e-02,3.958441931345673681e-01,2.100490178404071928e-01,6.439477850883373877e-02,7.026463390285043742e-01,1.658254476529955890e-01
7.605053101677409222e-01,6.434057871004136286e-01,2.271776602828872726e-01,5.462713741795292011e-01,1.492038024548139608e-01,1.996913903003444402e-02,8.909924939789395371e-01,1.645288526437759802e-01
8.026415420928013633e-01,6.625475387504664582e-01,2.478405213435108667e-01,4.176279392927105816e-01,1.574106296780059255e-01,7.353040397059071309e-02,6.270833868238274711e-01,1.655599169233413770e-01
8.931610552862903063e-01,1.632778291434273665e-01,1.935866342123005179e-01,2.577949732565139596e-01,1.915064164153109649e-01,2.186814951334279389e-01,6.929660508924828655e-01,1.642712429353132275e-01
8.930597967667307513e-01,2.386741419969116984e-01,1.965373016356464220e-03,4.590627021344727554e-01,2.026604317589499327e-01,9.831041589462169439e-02,5.441632869078449897e-03,1.676932803853685705e-01
8.988141161585868621e-01,7.964233685183172984e-01,7.842267579134759581e-02,4.938529539387081502e-01,1.815214420445427357e-01,2.012040243274837437e-02,6.370532854642629861e-01,1.666809949992974493e-01
8.243805671041812833e-01,8.177449128889147101e-02,1.030019211751215247e-02,5.123342165578707030e-01,1.666649519613726815e-01,3.553055209513061863e-02,8.040461587963398937e-01,1.660004925679701149e-01
8.657558456758107646e-01,7.333020070743059282e-01,8.538556042193815032e-02,4.854975038210141425e-01,1.583878589994442698e-01,8.733621002151242818e-02,1.779832500703870668e-02,1.681768830000562875e-01
8.878291646096758694e-01,2.341722146990140307e-01,8.511475483373875939e-02,4.109080366797905337e-01,1.446961936375157354e-01,2.811574252239271154e-01,7.284810701708714920e-01,1.651121810952263513e-01
8.661674456217781648e-01,8.979195199094609503e-01,1.227590156846098401e-01,5.824831326498762785e-01,1.339369921860115997e-01,3.659781331667379956e-01,5.186958625161490755e-01,1.654228947456258536e-01
8.595218037643025388e-01,8.086624867522242965e-01,3.135766868884355962e-01,3.745921527987468025e-01,1.501267278833048058e-01,3.357569659079037150e-01,6.093659233546399046e-01,1.652941794469626746e-01
7.688902605777953037e-01,5.615712462673203564e-01,2.460267649367795517e-01,4.985536503467082325e-01,1.600412814548675400e-01,2.494827247858079078e-01,4.852140705237781293e-01,1.640213830165390130e-01
9.116269180836618080e-01,8.268655998811158536e-01,2.424900258945736631e-01,4.268783055498952539e-01,1.420343932217859595e-01,6.948683951263443515e-01,4.586652131426642853e-01,1.643208548055641871e-01
8.156698866720647478e-01,4.791538793856792156e-02,1.926804960824776425e-01,3.730902209989359619e-01,1.938555284796074918e-01,2.611173695769327119e-01,5.045433166247602630e-01,1.644926140111427348e-01
8.419363687638816707e-01,7.881061678642040658e-01,9.881035612859886963e-02,5.654416330205163099e-01,1.293478031762032576e-01,1.886065062062635134e-01,3.624416313245731325e-01,1.676216918601734496e-01
8.706893813513461033e-01,5.250903726276159311e-01,1.864291458947050506e-01,3.568288929479491167e-01,1.933680549515155722e-01,2.252606008050250797e-02,4.559705070212776157e-01,1.642710128610977982e-01
8.156257751926430100e-01,7.222373327796640652e-01,1.114946217101507736e-01,5.638737422286435041e-01,1.463446857527978262e-01,1.364450683872753534e-01,5.952032388595969170e-01,1.652642533302808026e-01
8.574239899935793829e-01,3.618176446923545564e-01,1.617775010725723273e-01,3.751171708551070405e-01,2.095592638790198525e-01,3.692632962148834075e-02,3.235555962016813392e-01,1.644242957226802471e-01
7.204906850881883651e-01,6.011086383702244351e-01,2.745925937024277785e-01,5.454845775261238927e-01,1.371726894643632844e-01,1.600085606979606556e-02,9.951890322513229359e-01,1.651606525322162344e-01
9.330931811249763008e-01,6.719325453931010994e-01,9.945114209911457004e-02,3.789371101434960143e-01,1.903600521190493000e-01,2.754190599666156425e-02,3.605924370281403668e-01,1.675038557005898432e-01
8.338940650563423373e-01,7.588155399695042380e-01,1.335776164785629772e-01,5.588124895409556370e-01,1.629476724298156431e-01,1.849811459113525902e-01,3.847632082656171626e-01,1.650728160318650495e-01
7.898897554183159642e-01,6.640154579738608565e-01,2.923892134181337310e-01,4.265662480199771123e-01,1.819042392175849454e-01,1.193069960957920950e-02,6.324423095884673662e-01,1.639871604823655848e-01
8.980398907917468421e-01,8.573081611744898245e-01,1.834677250338691001e-01,4.953533195512072052e-01,1.181036020004023468e-01,6.288608526370040863e-01,6.274938059306228721e-01,1.654069665025180436e-01
8.448269879288289319e-01,9.202407732800594875e-01,1.589417177001380133e-01,4.974854505119746806e-01,1.314958183164916805e-01,5.668816953461147667e-02,9.753757289948545850e-01,1.649355913419547626e-01
9.385839809212254137e-01,6.582674571409075082e-01,2.383072626118556969e-02,4.192607541024699902e-01,1.736952072170363792e-01,2.074796508706627796e-02,5.277243713066996911e-01,1.658520993131833432e-01
9.539201726093569089e-01,7.362429083418773335e-01,4.655952231481369497e-02,4.235764595438820113e-01,1.716015116612130964e-01,4.695400762784612825e-02,5.740814819217272547e-01,1.667924873157973220e-01
8.726769172156297882e-01,7.771018402665496039e-01,6.234036908717244252e-02,5.541724836597483606e-01,1.482533547613864022e-01,4.800164021752589827e-02,9.332096320395719680e-01,1.638670319357140304e-01
8.713954407758978116e-01,7.270181412493231798e-01,2.088079203649717552e-02,5.595947337957845047e-01,1.575615536332987121e-01,5.095048924025225023e-02,7.944693742397651581e-01,1.657365995225325572e-01
8.410533388938861155e-01,6.987617598502307015e-01,8.922064622744030338e-03,6.096461301913660424e-01,1.418382650394538480e-01,9.054745551560888783e-02,6.375493008600613409e-01,1.649371728195709874e-01
8.408500851458136083e-01,4.436016380168943396e-01,3.201362371836630194e-03,5.697783164385692434e-01,1.755909591742451092e-01,9.711291743628883144e-02,7.353736091806262198e-02,1.673564875699960208e-01
8.176324915191303111e-01,2.986243088319413541e-01,6.508023811372332101e-03,5.761158836025916941e-01,1.221547868540927284e-01,6.911528922675924669e-02,9.554207728973536096e-01,1.651041503548868472e-01
8.560955351825988435e-01,3.971007457538782148e-01,1.589346589539583632e-02,5.418995934175356854e-01,1.877115508970266522e-01,1.150879692345434246e-01,3.319279677754921609e-01,1.648657615946137744e-01
8.746170298267894605e-01,2.095522694640742367e-01,6.993791153480219402e-02,3.880556580562115054e-01,1.459699110325987093e-01,1.140454970060886530e-01,8.886749236710729249e-01,1.646939968500296669e-01
9.243418225780652975e-01,7.358639670914672859e-01,1.336377289864065232e-01,4.489195040143199589e-01,1.173285945382196160e-01,4.229793021922813034e-01,9.390072724761971967e-01,1.643570942881636132e-01
8.527298408801600171e-01,9.896552149583770497e-02,1.807649731022588357e-01,4.093231835195023094e-01,1.460591779867964068e-01,6.497868083847508913e-01,8.390300601159994542e-01,1.642851919935462979e-01
8.317200518052703107e-01,7.739195160520417893e-01,2.800516672751846015e-01,4.084931854416998798e-01,1.476781210715325532e-01,1.186920417721123722e-01,8.897608197821869069e-01,1.636604438680068774e-01
8.628540500386430168e-01,3.842325693689354060e-01,1.379125110571790547e-01,3.908583448184487774e-01,1.935306647778132771e-01,3.536039148108671704e-02,4.672135029702916276e-01,1.672508748730771877e-01
8.523847665254635775e-01,2.001041091202260258e-02,1.867288597167733877e-01,3.773093234208835800e-01,1.679092212528713601e-01,6.197815737400615976e-01,3.148467036042340572e-01,1.640634801599293313e-01
9.211856837020501176e-01,7.906771630997866396e-01,4.089212926126939429e-02,5.092283398014596507e-01,1.732084643101035049e-01,1.872694044108058620e-02,6.144543683508766341e-01,1.654519818648863827e-01
8.452758637376340811e-01,3.285246326990984289e-01,2.018530267898350217e-01,3.909893152542330275e-01,1.632798305031946118e-01,4.530699497848580393e-01,2.240030338350270100e-01,1.648996119905033753e-01
8.396865950602333539e-01,9.713224218211898853e-01,3.125600021454536526e-01,4.487621814940835341e-01,1.436836894581801360e-01,3.204039687433269945e-01,5.072732736777365581e-01,1.646783834786732792e-01
8.566561723024822550e-01,3.459861792507841205e-01,4.562909221665548132e-02,5.119592747574457370e-01,1.491738735783883774e-01,2.330429265941837969e-01,5.918760788567833941e-01,1.666690014860650881e-01
8.564026231003195599e-01,5.849566059595279199e-01,3.929351702200298280e-02,5.376447032554461103e-01,1.266155154645078607e-01,1.560646174653316232e-01,8.530158446244601178e-01,1.654893704088247208e-01
8.414141758370399238e-01,8.263917498536352824e-01,2.043850876277159001e-01,4.633705230358757254e-01,1.381048048715541599e-01,1.777562274863683511e-01,3.819467023717828535e-01,1.665403266006127148e-01
8.842129698593288456e-01,3.673745663013526785e-01,1.089798538015044893e-01,4.298795953037448658e-01,1.624042801527335045e-01,2.445755461099056172e-01,7.068668509935436273e-01,1.637664146685253452e-01
8.487709267135603586e-01,7.474543767982144704e-01,1.012624112144323019e-01,5.068475077861419598e-01,1.599318992354200886e-01,5.334504162259162685e-02,2.696973496168836859e-01,1.657667079567299306e-01
9.150907051156300653e-01,1.383334261943102161e-01,2.034547565776971823e-01,2.788486540034856853e-01,2.040488222526531947e-01,5.466065016338439442e-01,4.589558024391525159e-01,1.638586572738729985e-01
9.142647601463540497e-01,6.188168095501159760e-01,4.149118452295963433e-02,4.604185021245180143e-01,1.655881881955174051e-01,9.757770208518273813e-02,2.030061125094640428e-01,1.674346267573779412e-01
9.388881806443836187e-01,1.879397825716064840e-01,1.457326669737495084e-01,3.322558811855954586e-01,1.891888329160981153e-01,6.028701290033878779e-01,3.436209164897202073e-01,1.647786856226402530e-01
8.757880172953168563e-01,8.982190874708553263e-01,1.357866557181150180e-01,4.890812727747944622e-01,1.710765099815462487e-01,1.991331510930727244e-02,4.476075399116005160e-01,1.672222904978987734e-01
8.681104064456925951e-01,8.328328398633551011e-01,1.933101537551245308e-01,4.329794245134244712e-01,1.676145328016739044e-01,1.508015075551022433e-02,7.897865207454808356e-01,1.642905451539663220e-01
9.020067385962425854e-01,8.492779425864419585e-01,6.240545710189085438e-02,5.263015651546234519e-01,1.482658844744441096e-01,2.476478695812073250e-02,9.243504797192895195e-01,1.663646304750490135e-01
8.414211553937837040e-01,7.830746278195589438e-01,1.749730949512109113e-01,5.144654729742415000e-01,1.421694847753441071e-01,2.262610488955044408e-01,7.085899528063119845e-01,1.636562840985774647e-01
8.541328394710355765e-01,1.273936548367212152e-01,1.423924877086006902e-01,4.098445227619024189e-01,1.639428887084715680e-01,5.143914388041195274e-01,4.629530070537060116e-01,1.636175057991493265e-01
8.642304310848214488e-01,9.024458292339798682e-02,1.506925674250240710e-01,3.831360423513359148e-01,1.241849935695838736e-01,5.150118848693272522e-01,9.489824085643336904e-01,1.641001240533201955e-01
8.440740221134223065e-01,6.350727845141930228e-01,1.648325404451845555e-01,4.594519936019632045e-01,1.361313171234731223e-01,3.321536414318714825e-01,4.733175091145183644e-01,1.654978711095514976e-01
8.196843128341719797e-01,9.188995960390646811e-01,2.104639153807421614e-01,5.335259352309850156e-01,1.531721094282171569e-01,1.378148973538091127e-01,6.218159463973990109e-01,1.652032226382533497e-01
8.728604983950088991e-01,1.031622927583681348e-01,1.464335146313389124e-01,3.079559984585169552e-01,1.803565465318037186e-01,9.102065901246741975e-02,8.954749944018496333e-01,1.638797964537255236e-01
8.520472509156546970e-01,4.045284669868275396e-01,9.806235618550238065e-02,4.569813924784261738e-01,1.845137521533921354e-01,2.151860112286663185e-02,8.094704304755435675e-01,1.650775990302458252e-01
8.790202224409676690e-01,3.565739581029469529e-01,3.654685830204856822e-02,4.680573368619508901e-01,1.817539675779853703e-01,4.495562059288915613e-02,4.760686105938070622e-01,1.651400279116385650e-01
9.139505520541550965e-01,6.386332202229669797e-01,8.449075224338276069e-02,4.108542820182672917e-01,1.564822158809724140e-01,9.712701709533672068e-02,5.163948731996031993e-01,1.650867170015872798e-01
7.955522369054031095e-01,4.420710166545027686e-02,1.638826185530095070e-01,4.810460148673320058e-01,1.465984962010978832e-01,5.199187430872955762e-01,5.133590176098871138e-01,1.648042620975383732e-01
9.489798297726780296e-01,3.411611301800385188e-01,2.862714126637189160e-02,3.571192266252877223e-01,1.901882563348618049e-01,9.946542950952239059e-02,4.639726016372757167e-01,1.670414566158341940e-01
9.312124725278514425e-01,4.481677863954552921e-02,1.941693643013215897e-01,2.289510379516514205e-01,2.148350742238529232e-01,4.591437517513358157e-01,2.938698095624167617e-01,1.659391193263011210e-01
8.527506618694719043e-01,2.438591306943051484e-01,2.158960186063659803e-01,3.785751828927904628e-01,1.643571714541829376e-01,5.254146159311116060e-01,7.530307949552064173e-01,1.632981282114568389e-01
9.461617207728884038e-01,3.257557540903536220e-01,5.036996512161631689e-02,3.722234125810003347e-01,1.789865528004775941e-01,1.805504519524105123e-01,5.803829775393722912e-01,1.646224893581938464e-01
8.438550114340337416e-01,6.976850615745945339e-01,4.239276986855139429e-03,6.495382112692665855e-01,1.223429244630931806e-01,3.034678002312680700e-01,1.892581918360978777e-01,1.668992535516120590e-01
8.533456685614331239e-01,5.838838890263555736e-01,2.037226779115894892e-01,3.699729618678714860e-01,1.812889580153858593e-01,5.817532020097360146e-02,4.313701679926152943e-01,1.670986709616608112e-01
8.710103549256699162e-01,1.079079445699684947e-01,6.772918598883223562e-02,4.266600960139905196e-01,1.883754981745046631e-01,1.987990789879590103e-01,2.484545440426146334e-01,1.663808876391434100e-01
8.411526553786952132e-01,6.910323971494963802e-01,2.954215477467887485e-01,3.799785335810916265e-01,1.360298566404770371e-01,3.529358499997740095e-01,7.661907025068510624e-01,1.641751422493909762e-01
9.503894117998622493e-01,7.096737299342579242e-01,1.604349872115096443e-01,3.480566472518348275e-01,1.718789894321397782e-01,2.024491351355975077e-01,7.721163741331944497e-01,1.650677121873052600e-01
8.477121129230558161e-01,2.660294374744017198e-01,1.431277111373742972e-01,3.887171101041359544e-01,2.088882410169620729e-01,7.522097613784806125e-02,3.139779879427503362e-01,1.660068400870394756e-01
8.900816500004790077e-01,6.296505198768946876e-01,2.667286958659724205e-01,3.230890451739483193e-01,1.622637281791185215e-01,3.713149167043097165e-01,6.683242881427291504e-01,1.639655047644011376e-01
8.806806660885054816e-01,6.043930057868317496e-01,2.788495653239111971e-01,3.033673476377823919e-01,1.765490620032270364e-01,3.455247228127560910e-01,2.594386777126237442e-01,1.648976108739222401e-01
8.397834354620082875e-01,5.872292150405241662e-01,2.825273428706007173e-02,5.751125573557328563e-01,1.843186444036296612e-01,1.362212933605336518e-01,9.480185616487518674e-02,1.659454135458368063e-01
8.596672926704470585e-01,5.308945265668358893e-01,4.887248692733425770e-02,4.952370834699654223e-01,1.774124888137885991e-01,1.062691447173408354e-02,1.651791142058528505e-01,1.690216937124633945e-01
8.546011236224788643e-01,3.495000765589237890e-01,1.313467864814539809e-01,4.288242972903472117e-01,1.747140876593583914e-01,5.562446872091431072e-02,7.836875353174350689e-01,1.653685611835936653e-01
8.652896721604033115e-01,5.807637069036214461e-02,3.190694464895289517e-01,2.731316547517560478e-01,1.798467066617422672e-01,7.589142821446739351e-01,5.640418046513242523e-01,1.633117459430096230e-01
9.183726024429884616e-01,5.754426253174286243e-01,4.139199673430893345e-02,4.542736748353178866e-01,1.770262049845636176e-01,1.579637176458224823e-01,1.893163194620225975e-01,1.653431163087653033e-01
9.454931755206654742e-01,9.064142684963070185e-01,7.015931359600124928e-02,4.788784207563554496e-01,1.201510710466563436e-01,3.252238530920009696e-01,5.042632804173037275e-01,1.655962294148206337e-01
8.573780206897012590e-01,6.586804186449346510e-01,1.187714935345270673e-01,5.003531776020142541e-01,1.373405954572392562e-01,1.849390461763139037e-01,8.862107767847640094e-01,1.636710719130061165e-01
8.914535647489633119e-01,3.007858157835063828e-01,9.329914159525973250e-02,4.402578937860309738e-01,1.284619488899995110e-01,4.370646407377037357e-01,7.873162514154610214e-01,1.649393202343750475e-01
9.040587204161609769e-01,2.656227777428492032e-01,1.193111792291874224e-01,3.588705951128362548e-01,1.746920103374142441e-01,3.456684729210454110e-01,4.251352277255260326e-01,1.643296428352288285e-01
8.495150805072541056e-01,6.458539613133523760e-01,2.724596327999916912e-01,3.595259971984410274e-01,1.686939049262875800e-01,1.581314740017935871e-01,7.054351797893351206e-01,1.653580054205721628e-01
8.320776714716667799e-01,8.032338965926351104e-01,1.653691820169647109e-01,5.468553651440546393e-01,1.048524575373421530e-01,4.031290729652526328e-01,6.911325137551282971e-01,1.654729172886912625e-01
8.778506063959378158e-01,2.390902098066426396e-01,1.495561137226025794e-01,3.307943019425607645e-01,2.013419942259966899e-01,3.674032857523124029e-02,7.161489102113958172e-01,1.642869094688529097e-01
8.704691530046471115e-01,4.876074661141498456e-01,1.515969528450348824e-01,4.311247253097904020e-01,1.328426799151711801e-01,3.873834206102202415e-01,6.559378693694367657e-01,1.638979155952614009e-01
8.731109952529954032e-01,6.104604159575943712e-01,8.194125738725577257e-02,4.429074975412243265e-01,2.048659753421530061e-01,1.444145411802377765e-03,2.433893471994006963e-01,1.652670398300174204e-01
9.239581523626624326e-01,3.977012618404586197e-01,1.270577784930664866e-01,3.760377217625201496e-01,1.492422179947766048e-01,4.821511165066134641e-01,7.629897409948308562e-01,1.648175608426187266e-01
8.705559559322562091e-01,7.864775533602684776e-01,1.853943842404466302e-01,4.237984206286339317e-01,1.503434801636147622e-01,6.887328438452061663e-02,9.147528309151307102e-01,1.649682838718620481e-01
8.466301281119902322e-01,8.343386282816358523e-01,1.807107505061816555e-01,5.094619034514377143e-01,1.273802828090218053e-01,3.738228212860331690e-01,6.615094030306247763e-01,1.641062094215214040e-01
8.087307819497464578e-01,1.901862463399511816e-01,9.955553851825468814e-02,4.564626852597587492e-01,1.587875670119241744e-01,8.837847119552819097e-02,9.412723938958056369e-01,1.645640092795358500e-01
9.350164471253237242e-01,3.962930854269612890e-01,1.152669195322389428e-02,4.216767842886419704e-01,1.820135122575626818e-01,1.354017987890075436e-01,4.405474089252799930e-01,1.648794004514956002e-01
8.845146898676893299e-01,5.260510997763238050e-01,2.075112505379152483e-01,3.077469174489348980e-01,1.896473835975753530e-01,1.510701012988656389e-01,1.611887996660769096e-01,1.660124988639779531e-01
8.920420125884684914e-01,5.147508391223298840e-02,1.050375985197666284e-01,3.615413789552373025e-01,1.935431873193399210e-01,4.063044803952022832e-01,9.430271039223220297e-02,1.655886703740288568e-01
8.224218123366273669e-01,6.575892956205633411e-01,7.101432745856783857e-03,6.444440630342882503e-01,1.415793440634103284e-01,1.442838573902934796e-01,6.535541899869542481e-01,1.650843121768948707e-01
9.105413864291137527e-01,5.901628134963257111e-01,1.758441022250146202e-01,3.904762438430168237e-01,1.646194792643810301e-01,4.053008922031395289e-01,7.521794606315574949e-01,1.644188211347170636e-01
8.995999756096475508e-01,7.797051641468510930e-01,1.544636615561096882e-01,4.501345211803081670e-01,1.607684450575530277e-01,2.679540203132322329e-01,4.901389995412663847e-01,1.648901969853659166e-01
7.808234228782973130e-01,5.034743779048017620e-02,2.941952850441522660e-01,4.424651881778342566e-01,1.355752564878248134e-01,7.919132576281751046e-01,8.168785827757230056e-01,1.632043500652532730e-01
8.028208546280903857e-01,1.041797252584367728e-01,1.839949486507323484e-01,4.717194221886437666e-01,1.351955028054198649e-01,6.180681624337198699e-01,4.312450916919813304e-01,1.654895899438754148e-01
8.323235742843122509e-01,7.301590886597102426e-01,1.511417627784004125e-01,5.527983247433516656e-01,1.299790830899228700e-01,4.084150516227951777e-01,2.743658746152787820e-01,1.666096733397264829e-01
8.131805970828189789e-01,1.826659584990160679e-01,2.710928983350688326e-02,5.815156942721679822e-01,1.237159006792437066e-01,2.641019039682941938e-01,8.832550076929537308e-01,1.649666313069550749e-01
7.647832841444074381e-01,6.743320562771463189e-01,2.378139853483592359e-01,5.044494257106572066e-01,1.735877265331291774e-01,2.397317665867521042e-02,2.872971475241609673e-01,1.664232789880851215e-01
8.303534949739429516e-01,5.105880745417811228e-01,1.312480356328851183e-01,5.614915420364563481e-01,1.114147116518630909e-01,5.634174530721208773e-01,5.384103200301024739e-01,1.649335899938330074e-01
8.735815851142052502e-01,8.611695684045381771e-01,5.735835095709571063e-02,5.605806127979638953e-01,1.666608856406427142e-01,1.429436750236999787e-01,7.644604197215087993e-02,1.678206672668536847e-01
8.290308271554648334e-01,2.183655340039472037e-01,1.238727400243123805e-01,4.264232545983435152e-01,1.494705086362262403e-01,2.078799310874210882e-01,6.550371415409270703e-01,1.645776490921885271e-01
7.663626207549822933e-01,4.767132610920353231e-01,2.769881802527389691e-01,4.068076103813007549e-01,1.801167730237492604e-01,1.913507858019347641e-02,6.585354636609815904e-01,1.647109092378948592e-01
7.913696945494838042e-01,8.044837258036010574e-01,2.011718836403571242e-01,5.418326889052605955e-01,1.486366163654634087e-01,1.690730828548351328e-01,4.301677958024537340e-01,1.642375549726086403e-01
8.400975185773137399e-01,7.868709614518830664e-01,3.618492105807095127e-01,3.657341287072430891e-01,1.226555091853840096e-01,4.913056424344877660e-01,8.505783544811320596e-01,1.641857578295890518e-01
9.355162329056194714e-01,6.082182771406235977e-01,8.619948442184416360e-02,4.351211784704959729e-01,1.418900731702487095e-01,4.491812520004436204e-01,4.325215443422416595e-01,1.646587859962023725e-01
7.908486325582705367e-01,4.334456020723506109e-01,1.881525188277620719e-01,4.597441751216829742e-01,1.673440957255323824e-01,8.296440063164459144e-02,4.380035325314234340e-01,1.653587489354979012e-01
8.563462483714868734e-01,5.209143147120788297e-01,1.624836829385753467e-01,4.224998556112791737e-01,1.753951996720369000e-01,2.384008387858083111e-02,9.840750189762694777e-01,1.648596253622997276e-01
8.424637128126476471e-01,4.675491973798283629e-01,1.831667863898484017e-02,5.466217803619459747e-01,1.435940695307316439e-01,1.813180457894358888e-02,9.629681988515133018e-01,1.670122253942478707e-01
7.826956964075721945e-01,4.028908504421108705e-01,1.854846903423024440e-01,5.036181741311627214e-01,1.632749689350443401e-01,2.350484375723853048e-01,5.548314935055680408e-01,1.645085568849491420e-01
8.558358832729477950e-01,2.474458130513817467e-01,7.566306969045831499e-02,4.171340120118650630e-01,1.996226684352174763e-01,1.508911241895799504e-02,5.116499258977518227e-01,1.673660518874602599e-01
8.268783765218917781e-01,7.431979371607044804e-01,1.953014880337869408e-01,5.045092161345050563e-01,1.477916313191161013e-01,1.934095500178858451e-01,8.504152084791394284e-01,1.646268819516839843e-01
8.804087126436289656e-01,4.358513863846800174e-01,1.288343255361497075e-01,3.834463410381783177e-01,1.818927167425077873e-01,1.057552879946303814e-01,4.287396413505011328e-01,1.648339943639234029e-01
8.458304949563620889e-01,4.496856168716420465e-01,1.734965666301798437e-01,4.492810241661918114e-01,1.485516947898187501e-01,3.310974209183508710e-01,7.046215944440915591e-01,1.645164895331162058e-01
9.357038540987068220e-01,8.600767807824909461e-01,1.861221477768442156e-01,3.786773399098553039e-01,1.488881768191400723e-01,3.948244608219392826e-01,1.532371779160643377e-01,1.657647843842218194e-01
8.154369968559734838e-01,2.859084038230346736e-01,3.059662136445719383e-01,3.974734910395090193e-01,1.210605699201280361e-01,7.071059811912304705e-01,8.890533373006498374e-01,1.641135335101425174e-01
8.807782224939736393e-01,2.292100206332522982e-01,7.350562824215761681e-02,4.382890570782454476e-01,1.373621851593534449e-01,3.551226449226419501e-01,8.515613844828062717e-01,1.658150915199660957e-01
9.107275313953652196e-01,2.041983480500442205e-03,1.809472328759717530e-01,3.014900759641390149e-01,2.266841205335214937e-01,6.285761138673546800e-01,1.072102923260169205e-01,1.649437878427689463e-01
9.577625733027913535e-01,8.039259106973835056e-01,1.767601102716774286e-01,3.950587937839575847e-01,1.512119696050801265e-01,5.994758453419839483e-01,1.958848850760527283e-01,1.658060235608301847e-01
8.743490923756491728e-01,7.279909813618528069e-01,1.529060145952804151e-01,4.109289562780492067e-01,1.862297550912231092e-01,2.217483950057236308e-02,6.644590085559892723e-02,1.659714069662113212e-01
8.998134498397506453e-01,2.703948810864273966e-01,6.028702219665332818e-02,4.274690357289149256e-01,1.498429330318112873e-01,4.098997333568860091e-01,4.440284948319048741e-01,1.651881972047958280e-01
9.601142059522006500e-01,5.384425843621877261e-01,3.819738439470851676e-02,3.906483414166600499e-01,2.321132480629970463e-01,1.214511260963113681e-03,2.742078654277219085e-01,1.670742822847234021e-01
7.174971891273153046e-01,6.512619959903539479e-01,3.113231207760840946e-01,5.395971703663989816e-01,1.396579810275515310e-01,1.848996203834562257e-01,4.134761696590854019e-01,1.655146998263156422e-01
8.704582458349272578e-01,6.357309706628554435e-01,4.037858063028548772e-02,5.495901164984290377e-01,1.506242146290834860e-01,1.131108046967614633e-01,8.974910957557674651e-01,1.667651143218212284e-01
8.398206454649337349e-01,6.019432183261181901e-01,1.777260607946503090e-01,4.543536135033331425e-01,1.333523799460409054e-01,2.562201442641168780e-01,9.122266115150836630e-01,1.642952518723023447e-01
9.236716993826848965e-01,6.917958549754843478e-01,1.205027063519781005e-01,3.824838474976514080e-01,1.959356850172376263e-01,1.350643514355573671e-01,3.033057397953212719e-01,1.663586230750803419e-01
9.525123293407071756e-01,3.436770561535850144e-01,8.757145975791136294e-02,3.273427013428923393e-01,1.697301318784660007e-01,2.585363099375259655e-01,7.842908498117351357e-01,1.654020568382800760e-01
9.310494870907113363e-01,5.153707122849533473e-01,1.806559852585163384e-01,2.823035848227298805e-01,1.941161970876738307e-01,2.057771689427364548e-01,2.399077441315938808e-01,1.660672980974726154e-01
8.681832497131760640e-01,5.032366697936935251e-02,3.390608491235447275e-02,4.174957896493542431e-01,2.258649945680584747e-01,2.917519884169839095e-02,3.622107185753777880e-01,1.648820914987771669e-01
8.939945240179956176e-01,4.064211889517486131e-01,8.037584855694934749e-02,4.384807136480545764e-01,2.006050328033132102e-01,5.696524256743229486e-02,4.752603790133442252e-01,1.654275911605917193e-01
8.189955942604086880e-01,6.917314678988477628e-01,1.852979706439608076e-01,4.634543578493817706e-01,1.463122830033619370e-01,9.313858828847484950e-02,4.152125128960537648e-01,1.663354070266514217e-01
7.193602433456072198e-01,9.936940990354798942e-01,7.080841765042147351e-01,3.959557471082136848e-01,1.168444903497174447e-01,6.281207066783354165e-01,6.383413816719115674e-01,1.641238518771137300e-01
9.040555277147607205e-01,2.609815130209034439e-01,1.094670654040001551e-01,3.099771148225887174e-01,2.191838518416820702e-01,6.957761938724160711e-03,5.150432234296408174e-01,1.655854298470879338e-01
8.155165521835946452e-01,1.041830339543763362e-01,1.272504396160331064e-01,4.848329742981056234e-01,1.471922938785392154e-01,4.570289241700373206e-01,6.486368171642193925e-01,1.637178150227712459e-01
7.553044393768072462e-01,4.942704552024037579e-01,2.706789139159210267e-01,4.806846210133586816e-01,1.444167032916361670e-01,1.402941170862390119e-01,9.166401822132829169e-01,1.634909901977579239e-01
8.708554682637602573e-01,5.344454107503950890e-01,7.622844261335470772e-03,5.290593814556201480e-01,1.480968964010024036e-01,1.651438815049667275e-01,5.888501993941188672e-01,1.661660157716663422e-01
5.171075175819266345e-01,3.602296863953752815e-01,8.198419949058366463e-01,4.881332280590849892e-01,1.191388476534988583e-01,3.671330221348172440e-01,3.870521944121835256e-01,1.646640909286668508e-01
9.043737396922637561e-01,4.961348375965632385e-01,1.865668389281374129e-01,3.912754245619121107e-01,1.281222718196162735e-01,5.291472591569844619e-01,9.823383331764570237e-01,1.641490115082809009e-01
9.059020401269846090e-01,9.790482133944886645e-01,1.354589558820847861e-01,5.187356535883207442e-01,1.347419978473128888e-01,4.215007872939021683e-01,1.377232703286095372e-01,1.667182284757490751e-01
9.502000053346072450e-01,4.262035846131824735e-01,8.024062805461817938e-02,3.406553276053161938e-01,1.783967017026419355e-01,2.430919341989793980e-01,5.257287931816115867e-01,1.650312215295088869e-01
8.024131924499178226e-01,7.312077078008425435e-01,8.700280839855314974e-02,6.280264430909996420e-01,1.483591413573385198e-01,1.235705377416899398e-01,5.358176016914650841e-01,1.660659377180097318e-01
7.755650100615322229e-01,8.129637547418144816e-01,1.628729358388959769e-01,6.006410473271678319e-01,1.368757890423895618e-01,1.756866305433644193e-01,5.039171246074706234e-01,1.662345539286316509e-01
9.376269525479885569e-01,6.826292546215686485e-01,3.345195089072139361e-02,4.399066107198642550e-01,1.643324823859857176e-01,3.406477813156927326e-02,6.376435881203150746e-01,1.654006779648273251e-01
8.430558962725457350e-01,5.482301731371667097e-01,3.253843538545195258e-02,5.311496291929376223e-01,1.567731146002886711e-01,1.110987618749599837e-01,5.094740177033413309e-01,1.661196316504278681e-01
8.911446802663244293e-01,6.451538627371313783e-01,1.382524574152608765e-01,4.119397905386610326e-01,1.913469179076791316e-01,1.128477395397360916e-01,4.915835608116439492e-01,1.647129907212027400e-01
9.060717559260091925e-01,5.835556010829399121e-01,1.895699220197756552e-01,3.505175486678380192e-01,1.526958360389741032e-01,3.293149240052531401e-01,6.933764304293045244e-01,1.660016253285960808e-01
7.864722171662026362e-01,9.169246693832373563e-01,2.068347395785954945e-01,5.862617078724979836e-01,1.104716056359461573e-01,1.572317474937191817e-01,9.670707306767436506e-01,1.643694911371146317e-01
9.123053046761785412e-01,5.988355492332227969e-01,1.922768368172289577e-02,5.530663853805355412e-01,1.155136584594409904e-01,4.370944568609623770e-01,7.608134808738619137e-01,1.645033373766691953e-01
7.893369154720931702e-01,4.520685326292848139e-01,1.275612787389663882e-01,4.992418148097446662e-01,1.797708968565359666e-01,5.626616353230279310e-02,2.426610838106051937e-01,1.659156125244791169e-01
8.895023310087831758e-01,7.518031246545036073e-01,1.044664482508497888e-01,5.083062372706380616e-01,1.157314340011234705e-01,3.408630732649048922e-01,7.595933661716178786e-01,1.649681007375923825e-01
8.328077647618085111e-01,1.080778653161401648e-02,1.739427433720016070e-01,4.120543908345637996e-01,1.525537917066149274e-01,5.430858740993389500e-01,6.734115751818803286e-01,1.651440000181785828e-01
8.634826349442542570e-01,4.996933775656549059e-01,1.054626500194463801e-01,4.699604501248538790e-01,1.194179827350511092e-01,3.029290144113604977e-01,9.132136524127172361e-01,1.636684725644880767e-01
7.957716280935941411e-01,4.211237938831515759e-01,1.621043223873354644e-01,5.133116130532288102e-01,1.306763334098604012e-01,2.206062466307432968e-01,9.658344039298563111e-01,1.655369139111642074e-01
8.130981095624882915e-01,6.637418003374957465e-01,1.966413935296349447e-01,4.408294294938286395e-01,1.510152650294058485e-01,6.986491248934856291e-02,6.712405697073162703e-01,1.657445296035013060e-01
9.258800568216909443e-01,3.159902422392093513e-01,2.224627383401047709e-01,2.953849202980205479e-01,1.819825500660779416e-01,5.482830904330362465e-01,6.188896182898079301e-01,1.641981725897598832e-01
8.017080936988545403e-01,7.853228481269214356e-01,4.891269994099634033e-02,6.465512973923439599e-01,1.722890285933114107e-01,6.276861068011629907e-02,2.253384183456578760e-01,1.663545747305069378e-01
8.898514245609262518e-01,5.292817388668267231e-01,8.692823523872605929e-02,4.913936996418927228e-01,1.603625214495037477e-01,3.136506404285470673e-01,3.236034236063494163e-01,1.658144153799671894e-01
8.900778354370426637e-01,8.627539524862635201e-01,1.300242086113801432e-01,5.181399565785764771e-01,1.257053907379979685e-01,3.307467583785301257e-01,8.831087876077874377e-01,1.656188892860173401e-01
9.571171754541500931e-01,3.701836478008773135e-01,6.684361227367671687e-02,3.426800128725182026e-01,2.096943300195770465e-01,6.975048609812423139e-02,5.706334896417166735e-01,1.673963715245894157e-01
9.543691947906606243e-01,3.749685943630068907e-01,1.330455538033503693e-01,2.976804656373822633e-01,2.073855497847679752e-01,3.091221478648811249e-01,3.325653420030346696e-01,1.653397839180909268e-01
9.564157934903441127e-01,7.011191561975085307e-01,9.747441246625067335e-02,3.494802554975010578e-01,1.761051439194601942e-01,1.569021280962558107e-01,2.422550976461129157e-01,1.665422722867395122e-01
9.860851487578290442e-01,5.037527985311167633e-01,5.721845779284942535e-02,3.328406953082710951e-01,2.075227512060306978e-01,3.028534870691029779e-02,7.520247617603637025e-01,1.670838549798877581e-01
8.655703411848403306e-01,4.544981022123747438e-01,2.137348207159195101e-01,4.101773313131186760e-01,1.590994755320385423e-01,5.194970868938214581e-01,4.739917200095954963e-01,1.642488047921044636e-01
8.627617065636126181e-01,4.202982278910245006e-01,4.765173738868222486e-02,5.014129866604764008e-01,1.788742916247498538e-01,3.963813920987740991e-02,5.109509007839264649e-01,1.665954924342103183e-01
9.193163385812151978e-01,2.453507332177699840e-01,9.229241125140197344e-02,3.666376724602469217e-01,1.853431843682271651e-01,2.162248960139713239e-01,6.573068801322424770e-01,1.664329265465744334e-01
8.859670025655035364e-01,8.516982686664105184e-01,6.057929685244223261e-02,5.327398577257164147e-01,1.400256125359428394e-01,1.505683084313378106e-01,2.800094521260182434e-01,1.684829144078766050e-01
8.198222977260539723e-01,8.626629942996963951e-01,2.104057233288227080e-01,5.282558434206440223e-01,1.593785601107511329e-01,2.454537262089508398e-01,4.467964535933533488e-01,1.648459246904757369e-01
8.198727182033875849e-01,3.860048157139519542e-01,6.742467771071694593e-02,5.557315055924824110e-01,1.449745957480123026e-01,7.532726506410508671e-02,9.735476677434429238e-01,1.647213022616800526e-01
8.881479169722336087e-01,6.285914455845417192e-01,2.799705847332683017e-01,3.183554066438690766e-01,1.640582680498120782e-01,3.685213183873778386e-01,5.506876825066482350e-01,1.651343200912792908e-01
8.933478869496003227e-01,7.466621267570801024e-01,8.794408880439294474e-02,4.956944169127203148e-01,1.703384680279317054e-01,4.489973718181633489e-02,7.346780710825142613e-01,1.655760940845321938e-01
8.045867718046831873e-01,7.970104871786571898e-01,1.200977824047509551e-01,5.960820627250620340e-01,1.705391054877687385e-01,8.946656739554403881e-02,4.653707008704965897e-01,1.655626300273146112e-01
8.939219095998275355e-01,5.071454279350254835e-01,2.294554069975538735e-01,3.061006523775712251e-01,1.940056245948914571e-01,2.219143780550162925e-01,5.889565705708889043e-01,1.651440555391364418e-01
7.796793065665392763e-01,9.533338869327010467e-01,3.723788221636643025e-01,4.723098799762778799e-01,1.351913781706640116e-01,2.497374306567133884e-01,7.238700717036574694e-01,1.652180376050949584e-01
8.593253357954013794e-01,8.899684729334056410e-01,7.270949030889223286e-02,5.685494358275288151e-01,1.387047518950266511e-01,5.651318106679120712e-02,4.701228620136464476e-01,1.665020106719866388e-01
8.794667723492798350e-01,7.700884557337499547e-01,1.374335588947082354e-01,4.467415881723642568e-01,1.428154095405156365e-01,2.355546477278254169e-01,6.727220473208488372e-01,1.646580009503581243e-01
7.625808527984443419e-01,1.022785179567387015e-01,1.187888715564614089e-01,5.024145104665368455e-01,1.427692440398843909e-01,8.594870503927587446e-02,9.271723304356322970e-01,1.636205936339668321e-01
8.522544268188130268e-01,1.050292946179799958e-01,7.484488237902170438e-02,4.100630468577668442e-01,1.753067490587963406e-01,1.494860896627565328e-01,6.839560943636662227e-01,1.638270346745892836e-01
8.500811757826364223e-01,5.605591328981096577e-01,1.561309074492877591e-01,4.291683488858066275e-01,1.776585672987324172e-01,4.158287735708027233e-02,6.043897577415743294e-01,1.645238803188631138e-01
8.924621747168233199e-01,3.221895726371485358e-01,2.397124427333341412e-02,4.716953337796022661e-01,1.181155106027511198e-01,3.084164946826884468e-01,9.154395165461722828e-01,1.643982352405533587e-01
7.964326076840629876e-01,3.576110248919626144e-01,1.574291169992755590e-01,4.869810249135732572e-01,1.484507236922975870e-01,2.695593628197511249e-01,5.087412086822789004e-01,1.639381422969135027e-01
8.768194805516336121e-01,8.724289692604811908e-01,9.236664335405292414e-03,5.901612049579827435e-01,1.373199678114159217e-01,1.720885561867329105e-01,4.105916489125217561e-01,1.673568950652002951e-01
8.775456797656093766e-01,4.118649222170889246e-01,2.308370460475814290e-02,4.818191944931815018e-01,1.665290813056077290e-01,1.114118701173689441e-01,8.578846614621773448e-01,1.652931719371663055e-01
8.219443689710501655e-01,1.354636866700333897e-01,2.495014957223356811e-01,3.567596315301401200e-01,1.726197752123635465e-01,4.662962059051770636e-01,3.140369294236010633e-01,1.654273372161884081e-01
8.097799825155072018e-01,2.179377170351593507e-01,1.119681760082646416e-01,4.927464621395785116e-01,1.368164939567300120e-01,3.432011694917703748e-01,5.946743773090282792e-01,1.647646915556222058e-01
8.718487015021639808e-01,8.588970597067802082e-01,1.953736936921103007e-01,4.138704540511877750e-01,1.573377151116340245e-01,7.923904499702891235e-02,5.099885104664227953e-01,1.647702116170509656e-01
8.757459389997506172e-01,8.753742471454697416e-01,9.117792261222507078e-02,5.546697273667677841e-01,1.197249096729707252e-01,4.143684846643783115e-01,2.110797220152082487e-01,1.656949848821446802e-01
8.063958261933681371e-01,7.922939519202361058e-01,5.426579639345049944e-02,6.285021835822711678e-01,1.470888363670568022e-01,9.949020193307112070e-02,2.940803272529391443e-01,1.679484056537215997e-01
8.328403719516265236e-01,5.394894433136998568e-01,2.031381955632705072e-02,6.193946420702878264e-01,1.269788060313188915e-01,2.630969521998995919e-01,9.202627878297351405e-01,1.641057739937776538e-01
8.529288924785867199e-01,7.006410214569640527e-01,2.928603297782045312e-02,5.623200732967894577e-01,1.483355406317758973e-01,6.780227753626799636e-02,2.482815038335107194e-01,1.674688063969347052e-01
8.583918899499174415e-01,1.181807189228367694e-01,1.948707466639238162e-01,4.316376542469287925e-01,1.651532206842185324e-01,8.034894885496228767e-01,3.956886202227101190e-01,1.644526508486064131e-01
8.744008639065148358e-01,7.448296118455935977e-01,1.072277050472444648e-01,4.800220239186587246e-01,1.703778061186188020e-01,2.105723973719303421e-02,5.588234393174134063e-01,1.647013050575818760e-01
8.842076969217983473e-01,4.245078865319004136e-01,2.604265840641073471e-02,5.264612247213518170e-01,1.392284999896591657e-01,2.747179063517357078e-01,8.232239592298258302e-01,1.651929951826863474e-01
8.568075735431779361e-01,7.811137710153895908e-01,3.763880373960021286e-02,5.528726496603700857e-01,1.897379769163575758e-01,1.370627430742693553e-02,1.423186831944976971e-01,1.678674255174233410e-01
9.354193301375290925e-01,1.665349166840228157e-01,2.453327059573606750e-02,4.065935637333824570e-01,1.952606854997120112e-01,1.904653591224892972e-01,5.807869855720435570e-01,1.661120619557324429e-01
9.594130638485099949e-01,4.699491619884682558e-02,1.803407373652042289e-01,2.291549052004737685e-01,2.204405961287123072e-01,5.901014818713825605e-01,2.670355075754628493e-01,1.652222549216213476e-01
8.033277064916216625e-01,2.640634439186059224e-01,4.043280329328882705e-02,5.682098468970082639e-01,1.492547404050482140e-01,1.700310134460952249e-01,7.811951689576170921e-01,1.638666493850324535e-01
8.404568478796091702e-01,4.537274759987962036e-01,2.206253070151565354e-01,4.096230901268323454e-01,1.415448660795385616e-01,3.127576228522501167e-01,6.686628880958757071e-01,1.649202498348173174e-01
7.864923527055420749e-01,6.909192992912365217e-01,8.496658707482705741e-02,6.358833864089669108e-01,1.428260648572227953e-01,3.935260337159601773e-02,9.154750131199171914e-01,1.642822420336663147e-01
8.414191871169730552e-01,4.903515808663272413e-01,2.203494153423134483e-01,3.813250460583479384e-01,1.524216939773685997e-01,2.194267326584268818e-01,5.631306028707361300e-01,1.662811517330758104e-01
9.030489565394413942e-01,3.982251221886673465e-01,1.584113974632865296e-01,3.158753363740501863e-01,1.737609605173121297e-01,1.881099083177700249e-01,6.692712515853723731e-01,1.638345003885935958e-01
8.946697499909805895e-01,2.236638233648288732e-01,1.341001798613971063e-01,3.252283830877508164e-01,2.107334747856463297e-01,7.354416692205523187e-02,4.021848867472083700e-01,1.654420803027964182e-01
9.155962901610658067e-01,7.758987688480373235e-01,1.729867735865003864e-02,4.958771286360564301e-01,1.689481944774573474e-01,3.467695583490715272e-02,7.285828794871396230e-02,1.680247365487851641e-01
8.332309734713709837e-01,8.085544111225428932e-01,2.189352620933308347e-01,4.768627475321474685e-01,1.080103699214873536e-01,2.962460300120060008e-01,8.869408984424458353e-01,1.651844085052582844e-01
9.214831476016515088e-01,6.160187244861852207e-01,1.201024097911923827e-01,3.913556589863266266e-01,1.723453800730265773e-01,1.090839536656372510e-01,6.974491837896419355e-01,1.643025135004330672e-01
8.857620969259532018e-01,1.187070648934923645e-01,1.143164850485934303e-01,3.631622055309625674e-01,2.152736330038132750e-01,2.916242940715852994e-01,5.567377106815962762e-02,1.667642453156978899e-01
8.638967237812783528e-01,2.236788477248423668e-01,1.144012172849389608e-01,4.024601590826958342e-01,1.671595900433727466e-01,3.047918523101519339e-01,5.030998441514046293e-01,1.663895558175748357e-01
8.953330860416985892e-01,5.867122458243858585e-01,4.651257510740428036e-02,4.618661030517285382e-01,1.673451115650329002e-01,1.696790170059342406e-01,3.764030161550070419e-01,1.659439184864273387e-01
8.654031023737045469e-01,4.413466511279229842e-01,9.511698036161590764e-02,4.654838556088574664e-01,1.829427077954984548e-01,1.045550473311338269e-01,6.401655756849624623e-01,1.641776615233327685e-01
8.605027076794967700e-01,3.523494484513978175e-01,2.366656328081873095e-02,5.487762314984369061e-01,1.391271743753257351e-01,3.595681901160798777e-01,2.277036909690916544e-01,1.666587304314634810e-01
8.324231801381705154e-01,7.642233513939225009e-01,2.801070377817441170e-02,6.696723929719424762e-01,1.278273509618216008e-01,2.583252764380211675e-01,5.320961912168141739e-01,1.658384701694515795e-01
9.320925915908707671e-01,6.822004657623519375e-01,4.127939663380705837e-02,5.058466620930146540e-01,1.474963665142933755e-01,2.748448899958224612e-01,4.756680504352117644e-01,1.653687217114509500e-01
8.624327053189848602e-01,3.048398434181542882e-01,1.995598414988974667e-01,3.175532161362358274e-01,2.096098486226534441e-01,1.410548883641423445e-01,4.416233731331223877e-01,1.647660499977237070e-01
8.693696088812143952e-01,2.727497763764813454e-02,1.323963031066315577e-01,3.702574400237483854e-01,1.638178321893678790e-01,3.680573127612916107e-01,9.116192721074432015e-01,1.642194065813355197e-01
8.299692407754746259e-01,3.946950859846438675e-01,1.007970935680107816e-01,4.990770008374531552e-01,1.766842375389056641e-01,1.120351290930182708e-02,8.278136370378719189e-01,1.652609676865498811e-01
8.397929544864235485e-01,3.709161166151540012e-01,3.092252560391767213e-02,5.743490849163894740e-01,1.406585660937185733e-01,3.629692222101034149e-01,1.170782182233504609e-01,1.671993953371669062e-01
8.573711890738164865e-01,9.240174926535044131e-02,2.556909027527196065e-02,4.288097522159379227e-01,1.593477355840605958e-01,3.709126894287320675e-02,7.144716895703152604e-01,1.656299231837166652e-01
8.370405452764331233e-01,4.426124218411796041e-01,5.860437049622871375e-02,4.992207468034111084e-01,1.538302989328779180e-01,8.818346999125145635e-02,4.500195671768222327e-01,1.660028732369955573e-01
7.984800997775985953e-01,7.970229984225651876e-01,3.161013111157995881e-01,4.127495803489590331e-01,1.402479531916105970e-01,9.993005010093675144e-02,7.862358099668725897e-01,1.653742612380680044e-01
8.413863954049735083e-01,4.578327231619550020e-03,1.486187612278916381e-01,3.890818214730056290e-01,1.406160514964556740e-01,4.582391011617358290e-01,8.426657403918909051e-01,1.648839766586062405e-01
9.290375124680906316e-01,5.021076926732631618e-01,1.417416301208915819e-01,3.157725716994962406e-01,1.919513594430956038e-01,1.279015223874214180e-01,6.380978590663187733e-01,1.639620722642309014e-01
9.130046652005107122e-01,1.313045626749834160e-01,5.243154209093331408e-02,3.722991697121330601e-01,2.026384282777157486e-01,1.274188348780766478e-01,5.873165051471957998e-01,1.653749487442804644e-01
8.945664180531588405e-01,9.386182851339479605e-01,7.522090961368660400e-03,5.894415451246790560e-01,1.822214149977400000e-01,3.400063606366732216e-02,2.984483671918676806e-01,1.670624473276136335e-01
8.424889705628013647e-01,3.287943313575651949e-01,1.338638249591952711e-01,4.086917455211720451e-01,1.681555082627492204e-01,1.082022336562642462e-01,9.442426306102486011e-01,1.646429182542787639e-01
8.478065935443568346e-01,2.304337382842081561e-01,8.447145484186374675e-03,5.071510830397029101e-01,1.354696047576606777e-01,1.665813209695002906e-01,9.075518572065887080e-01,1.640734102842057729e-01
8.955916962002741233e-01,1.033131568211329010e-01,1.916871618760307427e-03,4.502300345761724998e-01,1.708751105393384873e-01,1.454706333717581124e-01,7.082365492369672166e-01,1.664053727590583953e-01
7.587296193639214703e-01,2.943155604030881500e-01,2.699628761297482304e-01,3.909361007413594269e-01,1.741819481508964096e-01,5.583434851860086257e-02,7.483605995980414649e-01,1.645138361104544200e-01
8.147947362415309813e-01,5.687799398770448933e-01,2.077322787223505884e-01,4.526362918497081056e-01,1.630031963793381888e-01,2.290259709630728668e-01,6.053529181939956150e-01,1.648156999725524652e-01
9.162894582659202314e-01,3.792133647778551664e-01,1.164705893425176247e-01,4.187415772168409656e-01,1.738611006958942218e-01,5.163769489750611452e-01,2.012825338092598670e-01,1.657832257777217544e-01
9.746893379919959743e-01,2.517418555335718122e-01,5.623515243856347379e-03,3.663064035433733490e-01,2.415273200198175263e-01,3.906841679895040054e-02,1.515309566153635878e-01,1.679272857518410711e-01
8.237392046572894477e-01,4.813359318186603009e-01,2.841563701671904196e-01,3.281339469328093950e-01,2.027645937876030313e-01,7.182123876864132672e-02,3.984258371486962824e-01,1.650997957500012769e-01
9.514537563406091358e-01,7.823083360135149045e-01,1.465026800220448622e-01,3.889860225943661542e-01,1.635777717231190753e-01,2.999946796186250819e-01,4.331357084200646579e-01,1.660779908300285546e-01
8.110853121664273191e-01,3.804346256380382596e-01,3.372096473290620566e-01,3.618611885885119062e-01,1.451416217550633436e-01,5.924163049148496452e-01,5.377468134502511043e-01,1.647843393933454692e-01
7.942749155837932618e-01,6.436588316181919289e-01,2.548683669565549037e-01,4.788283649693964583e-01,1.529905897281121641e-01,1.449183393404870068e-01,8.908410239171224987e-01,1.640673000930978620e-01
9.135215012894625231e-01,8.969738054792943949e-01,4.246817962176460681e-02,5.669684721539240968e-01,1.160957684988909167e-01,3.479245926224681096e-01,7.255591636965985636e-01,1.668398753486877717e-01
7.786382393137788460e-01,7.083059280207809616e-02,2.532488256633108059e-01,4.280224961921499927e-01,1.307253246092039412e-01,5.574741361336236212e-01,8.342811854538934035e-01,1.632127186879921421e-01
8.669062675202167112e-01,4.946817720260956452e-01,6.291502378417551666e-02,4.617140679094193234e-01,1.408625214561418648e-01,9.818809182721494055e-02,5.870483338633198933e-01,1.667311740486434879e-01
8.510619804658653420e-01,5.066741650826015464e-01,1.287102313789162955e-01,4.697283548655712959e-01,1.594010843021125001e-01,1.678926329449209609e-01,6.198618292153199594e-01,1.642069482406768866e-01
8.174440562698909174e-01,4.859700981745961879e-01,3.770545542407858219e-01,2.808456625060703482e-01,1.734414180230250957e-01,2.100057265775024384e-01,8.219757213654573791e-01,1.639971128271517364e-01
9.210995181147332289e-01,4.535301220669276101e-01,2.177666022120277045e-01,2.737047549905087807e-01,1.764399048356405930e-01,3.479883515088453838e-01,4.020658295214473155e-01,1.658570728268120020e-01
7.219718198375970619e-01,4.364962481610512035e-01,3.467079841563314169e-01,4.601869037436076559e-01,1.471528719608177493e-01,1.473724356361128252e-01,8.388300361312559517e-01,1.639183190559986847e-01
7.653251754799745843e-01,3.680222626618259163e-01,1.058557567967514657e-01,5.829285799458958639e-01,1.331665729901702899e-01,2.204542989991564728e-01,8.167559516528124508e-01,1.653816678923631378e-01
8.339749797424803601e-01,2.924069264673473389e-02,3.634584299971309607e-01,3.086996776926753672e-01,1.967347244613730783e-01,9.137005117664487308e-01,4.252651557731186305e-01,1.637744083826252472e-01
9.127525966369753885e-01,1.050912858752131029e-01,2.718346719326400485e-02,4.133837695481944463e-01,2.279364763554856399e-01,2.181623353821161293e-01,1.759320837047149699e-01,1.648059928929640205e-01
9.549425052670221792e-01,6.767569630296880190e-01,1.264278635673942996e-01,3.158212105070155040e-01,1.966335574024425381e-01,3.856195526224653891e-02,5.167214194124959414e-01,1.668497233071061792e-01
8.564245634446938649e-01,1.369082765972114424e-01,1.832892048098533899e-01,4.168686609128107179e-01,1.506141375412708705e-01,6.941076041119795814e-01,4.348881663975073808e-01,1.653806515702828384e-01
8.394865956101815740e-01,4.234359044260916916e-01,1.324604253938974074e-02,5.597710541882114921e-01,1.803636360738381239e-01,1.180578369790409310e-01,1.899521117609220267e-01,1.668349125526555343e-01
8.665121748182333938e-01,6.319091938829864974e-01,4.199326872851938397e-02,5.613460416920382778e-01,1.736959314553647715e-01,2.311667911351648896e-01,9.408586964186471668e-02,1.654604946752137595e-01
8.423780158093023829e-01,6.411734458066767894e-01,2.149896640277871307e-01,4.085036169301394238e-01,1.505238159688952748e-01,1.339955986957622747e-01,9.636953032505930494e-01,1.642063681313805368e-01
7.905522827088005133e-01,3.506952840558764106e-01,8.020132779759907293e-02,5.710044764950692464e-01,1.531125865481023640e-01,1.727491877744476156e-01,7.676137896735792943e-01,1.653544537079703614e-01
8.903203726461953460e-01,6.175129060058560659e-01,7.905592020816809562e-04,5.971173112393508564e-01,1.381531273169909202e-01,3.374752463117421386e-01,4.291225716124571488e-01,1.653640666508336687e-01
8.362153759065348302e-01,2.889220756805379597e-01,1.397610359831784332e-01,4.687392545818230838e-01,1.558489142842267861e-01,4.863680072766338736e-01,2.678875371664654059e-01,1.648421139639678068e-01
9.181445966847123774e-01,5.665120354843695694e-01,1.145174471040824593e-02,4.710348776121153769e-01,1.753464006779454354e-01,2.993161291988449824e-02,9.838284743834860846e-01,1.648494798287566121e-01
8.703255203382241900e-01,7.981034144609038261e-01,4.719031264878156828e-02,5.796684553565443210e-01,1.504675284169756100e-01,2.067753739865829110e-01,1.808763369768869866e-01,1.676162756893038730e-01
9.220580540442172568e-01,5.620499557758120712e-01,7.101170734413875252e-02,4.395259097930590553e-01,1.367688300082627317e-01,3.771530913226766590e-01,7.452462198560905193e-01,1.647993825587240335e-01
8.758145992420894865e-01,3.174955889622775862e-01,8.932602285428387079e-03,4.578675586726678182e-01,1.656734614830874253e-01,8.192307007012195053e-02,6.404933496516598268e-01,1.657840487915611394e-01
8.702174849725042849e-01,6.145255085420824326e-01,2.340505311480153838e-02,5.368979182973205866e-01,1.510150488962220261e-01,1.176764852510845671e-01,5.211221781586405921e-01,1.648556190821357514e-01
9.054876059886629580e-01,9.427101936547990224e-01,5.263837366594673051e-02,6.068668990080742232e-01,1.161810480917151445e-01,4.716752608653368428e-01,5.170946540563828853e-01,1.649382641214310885e-01
8.851850332179342917e-01,7.860843540798738704e-01,1.680464187088065720e-01,4.120991184689689613e-01,1.588759863655667126e-01,1.223570279863569199e-01,6.133570281268925228e-01,1.656134244319022175e-01
7.579424923815460957e-01,1.622700727861325909e-01,2.492531777992906539e-01,4.778339200234390516e-01,1.193320483740614169e-01,5.120769207148346824e-01,9.671560120057232091e-01,1.639720645971653457e-01
8.743786136797011554e-01,2.950388434200246768e-01,1.037097462294658545e-01,4.296153602674170346e-01,1.552451866108607581e-01,2.378517537630162326e-01,6.957868576549274264e-01,1.648591786753133837e-01
7.804776871778837943e-01,2.488724895462112452e-01,1.160212344812546204e-01,5.232580368187422781e-01,1.519193038155461362e-01,1.910485884435743353e-01,5.781510673258988264e-01,1.661102849534998871e-01
8.249499349201814269e-01,6.869155157152001534e-01,3.486691262635514543e-01,3.570811095713959937e-01,1.580158854405884772e-01,1.362478266734453158e-01,9.859689180277384501e-01,1.631738279999262742e-01
9.263852095912583628e-01,6.200267347972020504e-01,2.916393587550783484e-02,4.920785113629197460e-01,1.846133472498341088e-01,1.638408089675781054e-01,2.140889364837527675e-01,1.669519351858123890e-01
8.661358842344962783e-01,9.171680382967628553e-01,1.353463359910100916e-02,6.492522985153493797e-01,1.314727306995314149e-01,2.086852837923021675e-01,5.752142610277837242e-01,1.652018502525809951e-01
8.114641621647874503e-01,1.182588569097768882e-01,9.738596051859176039e-02,4.497704013472859086e-01,1.649145343523729101e-01,1.344575244915199030e-01,7.825770547919910225e-01,1.644484110530090304e-01
8.193764744830395186e-01,6.499393754803123313e-01,1.446001516068738946e-01,5.304212636611422838e-01,1.349124208602894559e-01,3.443899249127937434e-01,2.041594977970552227e-01,1.668602976151150052e-01
8.178889081265665606e-01,1.319592080546734270e-01,6.681767985036676794e-02,5.189509003193275571e-01,1.202934182439795580e-01,3.358923818860438670e-01,7.972612975268382751e-01,1.645485906582632440e-01
8.690820470969623512e-01,7.244478109804919352e-01,1.790651131839183230e-01,4.013806781456537576e-01,1.639187464307056419e-01,5.510120521070815958e-02,8.291180021152215751e-01,1.650317200852681188e-01
8.053706202198048780e-01,2.951895078468472766e-01,1.197527643210381243e-01,4.889278980215417403e-01,1.866792812271224622e-01,1.686736202049018696e-01,3.427676297624789870e-01,1.648665801060013592e-01
7.735243007106951119e-01,3.284290665171288315e-01,2.255655459518906003e-01,4.520339668300943914e-01,1.451146073163023242e-01,2.388608718184065394e-01,6.160038580575436518e-01,1.658712855021485522e-01
7.645091821063517701e-01,1.469721524707302551e-01,1.370915522656063201e-02,5.792210076519898054e-01,1.376696467733669604e-01,8.831239202965690538e-03,8.387032485334354748e-01,1.656272097088889450e-01
7.863179974655029048e-01,3.545771278494252998e-01,3.247747800950366304e-01,4.130922331137463765e-01,1.398220823690333181e-01,4.784951588363453578e-01,8.475972607749886478e-01,1.637344228917288202e-01
8.753216433834226651e-01,2.433051705935969367e-01,1.275536168416526450e-01,4.638866694867748164e-01,1.389071269725453417e-01,6.928286560615655176e-01,4.215433413166373988e-01,1.652132241951078939e-01
8.983045057473700856e-01,1.437766119001254728e-02,5.108277972760283392e-03,3.903411237822442814e-01,1.903233931482372909e-01,9.791455439371288261e-02,6.704029535829076902e-01,1.653482357606633479e-01
8.890744482130131798e-01,1.134705914053396603e-02,2.490995801798210618e-01,2.893730331057378091e-01,1.542893313809223788e-01,7.639713738054412229e-01,8.917376630509246116e-01,1.635034099822049447e-01
9.764037199063259065e-01,8.186819562013301077e-01,3.559389646689836706e-02,4.418888683201376288e-01,1.913085717030617305e-01,7.000166770017987594e-02,5.154982115754771499e-01,1.665089327881473236e-01
8.122939419832595487e-01,2.880485548434221776e-01,2.409575385012893700e-01,3.736169585478458233e-01,1.543169716314345130e-01,3.140475289593880892e-01,7.406334674907446569e-01,1.635306596264509971e-01
7.579624912618468935e-01,8.566541436793189135e-01,5.438811343808634957e-01,3.829026297791164879e-01,1.360460382870258556e-01,5.075553055304610206e-01,5.362577286135056243e-01,1.648600834903636014e-01
8.251379376339655902e-01,4.241995081627086828e-02,1.711785730147818985e-02,5.026324827987382893e-01,1.433848955084194021e-01,1.642836438585861814e-01,7.328934828935294021e-01,1.645251945736131705e-01
8.403913334776295097e-01,7.868677852375171033e-01,3.008431959998603133e-01,4.016310671720905168e-01,1.610539135061125615e-01,2.126269668330516283e-01,8.174994710363441275e-01,1.631080005283044587e-01
8.076393477000574084e-01,3.440936625349131361e-01,9.735778742994408153e-02,4.934419479477394899e-01,1.709155964675511952e-01,6.053707640732811091e-02,6.949878828121216490e-01,1.654166611092379724e-01
8.482956574440405628e-01,6.437832734943977897e-01,1.984835329569601126e-01,4.268883436444717572e-01,1.644208076177522959e-01,2.117947424850141480e-01,4.626345209116878854e-01,1.658456660466814669e-01
8.267458668422248413e-01,5.564595172698258985e-01,1.680005082614366985e-01,4.269314295066366505e-01,1.750049279536664837e-01,6.787875568162807238e-02,3.326341084214405885e-01,1.656500886634494074e-01
8.892296928572390735e-01,6.948808224066725936e-01,2.362363611889519155e-01,3.085964032699682336e-01,1.969864431485822409e-01,6.092468482010310327e-02,2.291997429415507104e-01,1.653474933757738963e-01
8.159210673186275686e-01,8.621217515192420855e-01,2.635052575909945238e-01,4.567486184122944159e-01,1.371591236309964434e-01,1.106742983045143347e-01,6.937891219348173433e-01,1.662689446618345335e-01
9.347290575155912107e-01,4.387557093721962120e-01,2.071120331587267271e-02,4.332259551987574508e-01,1.843118034404406802e-01,1.708835806889544839e-01,2.220133702757276506e-02,1.673629865072201184e-01
9.138567936988851725e-01,3.685620652018619658e-01,8.515287415486468003e-02,4.531853947838310748e-01,1.570473848783970894e-01,4.701490540907607985e-01,4.839711387168859624e-01,1.645440527187118085e-01
8.908242213751099703e-01,6.902560275952953628e-01,2.470704777703956745e-01,3.803853323124012920e-01,1.569640816893686230e-01,4.188762939329138124e-01,5.712335117683923214e-01,1.639971327672617163e-01
8.963202431391243952e-01,8.875753798358811952e-01,3.783460972221502905e-02,5.370747533722621814e-01,1.391732800605289810e-01,1.007503544116602479e-01,3.608721777742950332e-01,1.681037617529893557e-01
8.442875003603361739e-01,6.284483534348308531e-01,4.620126373948912901e-02,5.839274549166681982e-01,1.621254886741575196e-01,4.602458541282145044e-02,5.440892408340668451e-01,1.663961849212114985e-01
9.127293895692062398e-01,8.281289635595151521e-02,1.438021859290085358e-01,3.662906116890086161e-01,1.954007841906972021e-01,6.337124383494940894e-01,2.505605911148993115e-01,1.656897646324669848e-01
8.419878235618278861e-01,7.937714857039465111e-01,1.513980795899012022e-01,4.814172841818832316e-01,1.372894225025583226e-01,3.169797232770532602e-02,8.293435252912562117e-01,1.655539445285962863e-01
8.743786293947760635e-01,8.181461994273016014e-01,2.184093920136316314e-01,4.105882439633695147e-01,1.551852559290949063e-01,2.235016719605247837e-01,4.960230478040643098e-01,1.640832351704463454e-01
9.247166014374801346e-01,4.242135810995132372e-01,4.544252369778595257e-03,4.620460351276385880e-01,2.165092576262156732e-01,3.466639393525255963e-02,3.251343387912457583e-01,1.651639921731718474e-01
9.458708488585100271e-01,6.935757589185727046e-01,8.636951455994545945e-02,4.471022351125252259e-01,1.600069988395443621e-01,3.785943369072185538e-01,2.296500690464772232e-01,1.650177110852064088e-01
8.138892335803924460e-01,9.208308996279728209e-01,2.275158557484050770e-01,5.178382494831189620e-01,1.533134444203472502e-01,1.542065764701742447e-01,3.062248759441384971e-01,1.661485795740869076e-01
8.370319888548578557e-01,3.950288892490706472e-01,1.663254331653132301e-01,4.358521933851257635e-01,1.445609183164210665e-01,2.840205091359456757e-01,4.995448488277145493e-01,1.663768568695090933e-01
8.934710525878687415e-01,1.690816238552556028e-02,7.546994699248327221e-03,4.544367017444866375e-01,1.918003422993517226e-01,2.505356748215705753e-01,3.659911298985316641e-01,1.666087989069891251e-01
8.794099321022023075e-01,1.616521047398680744e-01,1.605134569872768979e-01,3.583193402268365357e-01,1.898190175728698692e-01,4.220943952270438393e-01,4.275932647672058828e-01,1.642571242361457740e-01
8.152657263063040061e-01,4.765369668877462717e-01,1.136312187290424436e-01,5.373014170342546025e-01,1.572548589041151412e-01,2.518859962446370337e-01,3.848073801853813536e-01,1.646886907332471284e-01
8.879931173359929542e-01,9.870062742707035319e-01,1.990132852666720575e-01,4.537682353916277500e-01,1.621316225735702499e-01,1.943891010423466348e-01,3.751175911045252498e-01,1.655517060586634559e-01
9.296913517768136126e-01,2.226458284236088603e-01,2.012710874291797625e-01,2.894296716727970953e-01,2.019349345248446781e-01,6.296063413231847150e-01,1.975306325207040192e-01,1.652108807951682135e-01
7.513745223339988177e-01,2.771504854601498091e-01,1.849228664963920576e-01,4.996944282323059205e-01,1.371892477846708702e-01,1.542227722983488258e-01,8.525177248657880291e-01,1.636601630170042287e-01
8.942969466587660232e-01,6.405407422905862180e-01,1.922076111502331874e-01,3.652499468898862123e-01,1.587588036797566993e-01,2.129099961519170803e-01,8.468157907651716609e-01,1.658148829402009972e-01
8.289466871883610644e-01,3.446313115297071628e-01,4.175654570276379762e-02,5.448134759426240814e-01,1.668867089811766624e-01,2.350165110212123487e-01,1.598960507351280813e-01,1.669826792539642613e-01
8.014261657936061489e-01,2.431878314794089224e-01,1.735395374792156331e-01,4.350388289495705774e-01,1.572983772429836224e-01,1.519206371846502368e-01,8.561754976384106097e-01,1.635466587865667398e-01
8.636314547436835243e-01,5.954240418496717924e-01,1.214328264001837410e-01,4.241094810485495636e-01,1.642583408804520473e-01,5.930304982266898506e-02,8.449116979634458957e-01,1.650813599660360398e-01
7.810527240843398999e-01,2.261996243616394842e-01,1.689345121537663696e-01,4.661181344900063861e-01,1.400861941354905604e-01,2.151233521042763830e-01,9.361970817084264151e-01,1.636634680353175886e-01
8.591882308192622109e-01,5.791211283113971708e-01,4.786055451879389633e-02,5.173522119630222793e-01,1.374657322666816839e-01,1.811138223449482165e-01,3.693100358278382789e-01,1.674392092141011590e-01
8.569319076330431662e-01,1.499874318439705645e-01,2.952262505101880818e-01,3.354494165074548562e-01,1.892995779707500603e-01,7.772937990590740309e-01,2.431556482309956690e-01,1.638860472890885656e-01
8.915089961174392785e-01,8.982724162402574430e-01,1.363995194779684672e-01,5.025010850377095162e-01,1.530677948731152538e-01,1.864682872630970267e-01,8.131030367837805972e-01,1.644100429681392972e-01
9.024978220480526225e-01,9.474539862133553036e-01,1.063985237733384714e-01,5.106477788022117936e-01,1.602318808339054657e-01,1.421393959438582710e-01,3.025277489326162472e-01,1.670496867892403980e-01
8.188379247214887524e-01,9.247680723106038725e-01,1.404299563038421128e-01,5.974423091673056740e-01,1.296375196163830346e-01,1.528776695086557225e-01,9.108682927968990706e-01,1.648518790303844517e-01
8.941742517926177802e-01,7.412845451710025069e-01,1.525605782994625126e-01,4.641109395267547510e-01,1.507382407709956240e-01,4.458430627202662477e-01,2.337483347910488951e-01,1.646321820661120205e-01
8.246140451771944990e-01,9.720672370244649585e-01,1.889292614942427173e-01,5.089411864690858156e-01,1.499780462137942916e-01,6.626365285589197462e-02,2.925482928397052929e-01,1.662694868753570032e-01
9.163840789453148172e-01,6.076635829735244076e-01,1.201618377766531937e-01,3.996906705916377089e-01,1.953966157381718527e-01,2.103311199421690203e-01,8.325529007447562968e-02,1.646481322360800470e-01
7.765097936215438201e-01,6.881098680541875012e-03,2.751734329457267147e-01,4.487706608028437238e-01,1.289303089705806926e-01,7.577185524124655513e-01,5.764138656263114724e-01,1.651617028450423352e-01
8.890927067433290754e-01,8.268100380309515440e-01,1.556800789594485201e-01,4.567417871014179953e-01,1.605845825739955490e-01,1.743449959564125906e-01,4.265642812808256301e-01,1.643737381134126596e-01
7.646060496726445610e-01,3.007402752984700278e-01,5.650345249838437112e-02,5.879813432344389579e-01,1.482263567447343611e-01,7.342621555688316759e-02,7.289821387147439324e-01,1.652421697098228892e-01
9.268272642271071504e-01,5.135932597709670366e-01,1.303080389520705762e-01,3.242100866798968140e-01,1.776185928980620887e-01,1.941822051370712121e-01,4.416753833974521037e-01,1.655393687523507573e-01
9.592590034012120626e-01,6.447087111119604863e-01,1.289235225180193622e-02,4.511149947067061849e-01,1.679669129346209877e-01,5.622751649567137022e-02,7.611030611172626692e-01,1.655953030957965921e-01
7.981261053681119044e-01,1.245215109620277372e-01,1.239737027291546445e-01,4.974984099783293368e-01,1.583343314902804222e-01,3.504058864592676792e-01,3.731979092591303226e-01,1.642024517041616172e-01
8.103007674246529568e-01,9.041157917604367711e-01,4.537438971762861595e-01,3.629483392517073304e-01,1.508936893762966303e-01,2.904945104070670303e-01,7.123832463310907359e-01,1.638921784297573125e-01
8.075079415930691562e-01,4.456774735083502970e-01,1.312760560795555587e-01,5.065781065752318346e-01,1.607109509356169641e-01,2.551149258863711911e-01,3.420293283972883347e-01,1.661129348028728414e-01
7.606963546991223346e-01,3.317605482040953957e-01,2.483236016207449326e-01,4.201278857273033074e-01,1.613383360084522655e-01,1.225604848506484934e-01,6.537280052109450956e-01,1.651094976671173276e-01
8.566942405625281864e-01,8.375742256782079398e-01,2.681194355118738937e-01,4.300399509974325851e-01,1.500063039045270996e-01,3.990835388927626570e-01,4.692555908402288867e-01,1.637673602445225418e-01
8.741711808343410883e-01,7.860935415518627289e-01,1.296989322001999012e-01,4.802042950819284117e-01,1.642950587547404862e-01,9.035967384846790851e-02,9.076875059884637054e-01,1.646033461182205559e-01
9.770279285238089306e-01,7.320002713651130311e-01,6.311457260712732831e-02,3.933477640684275856e-01,1.724800302940148744e-01,1.596888747656345087e-01,3.678348807949726185e-01,1.671427430354495147e-01
8.414989256447309440e-01,6.608042361844810308e-01,1.644502332736862416e-01,4.600566332163639749e-01,1.435526600342003634e-01,2.227249602596554634e-01,2.190530027466289220e-01,1.672685079777646577e-01
8.562220839726905064e-01,7.915597539416091566e-01,1.036811716619203128e-01,5.087341022054583384e-01,1.452843294600081603e-01,1.627466336279833337e-01,4.269835070221995044e-01,1.656199766465620837e-01
8.140157236717463496e-01,6.347964615294496848e-01,1.588159767104558862e-01,5.415135200036649277e-01,1.158862893857329490e-01,3.273095977059633510e-01,8.837778308264403471e-01,1.653125620754766212e-01
7.757384671191940306e-01,3.522838412748898751e-01,2.342745561779829844e-01,4.697420464683920716e-01,1.494890365863358606e-01,4.128638523948654493e-01,3.463419785903947279e-01,1.644406498361802860e-01
8.316844717620505145e-01,4.368577424088965766e-01,5.956333854266451788e-02,5.430334604424744693e-01,1.508894884539773718e-01,2.384769535533570739e-02,8.528976605738090022e-01,1.660332845701010807e-01
9.616791439862101276e-01,6.692171668445888733e-01,7.792291118320582299e-03,4.774673077669117083e-01,2.018269678169374304e-01,2.599729666772376824e-02,6.076838603481531376e-01,1.660330051421082531e-01
7.856474968051074814e-01,5.342659440632321344e-01,9.304163144253911610e-02,5.981729384112496328e-01,1.282948244064464061e-01,2.543879110608601168e-01,5.695410181914274395e-01,1.664580409089310986e-01
9.015251974275630964e-01,3.763269622398403569e-01,1.158887684752621383e-01,4.043464972059943041e-01,1.692502768666060142e-01,3.240544835085907849e-01,5.181424811831785160e-01,1.642817332380774320e-01
8.648750571624672645e-01,9.871971317635470644e-01,5.033832223371947912e-03,6.521346039769352343e-01,1.634006619867801602e-01,6.643783899625119171e-02,3.028273005611681890e-01,1.673682644717748580e-01
7.923688093929450726e-01,1.544513790266290321e-01,2.536016891546828411e-01,3.944534946226740946e-01,1.309508405910435602e-01,4.874577758050969156e-01,8.071531712190929131e-01,1.634648081946898923e-01
7.831410989318969840e-01,3.260521081576372993e-03,1.678846129094065942e-01,5.313273713089892158e-01,9.786450071358235303e-02,7.717996031093891096e-01,7.312013778690219512e-01,1.644542668635191052e-01
8.417019008706458916e-01,5.911654158402374071e-01,1.951395089472774680e-01,4.890510224822645080e-01,1.411625061204466458e-01,5.178056695619723815e-01,5.867906070039504707e-01,1.641580232933959882e-01
8.443185732511511166e-01,1.281814783644651401e-01,2.272089596074866602e-02,5.031032544986220323e-01,1.724334869076545318e-01,2.133967558212550020e-01,3.724897215939561024e-01,1.646970105577935106e-01
7.721066661850048973e-01,5.369019515795403485e-01,1.654739407343556734e-01,5.174971010872149169e-01,1.459157011613442245e-01,8.943514799533430759e-02,6.264624856017487753e-01,1.654389207450139010e-01
9.442432579675023030e-01,2.149649302508743198e-01,1.470259142729540836e-02,4.075430609179908070e-01,2.352237747488687414e-01,9.311485289021786960e-02,1.046259037980547535e-01,1.674129624018468876e-01
9.081848913733052697e-01,6.388527284916747373e-01,9.971908807331507363e-02,4.207653150531957542e-01,1.825327862330555218e-01,3.678166870810278821e-02,3.564029433395216051e-01,1.670753384827236565e-01
8.850002011422738457e-01,6.319335626262303496e-01,4.666974992337563632e-02,5.217887634743164638e-01,1.896760243223037934e-01,5.183856108187373524e-02,3.056122285908985381e-01,1.671046546739927419e-01
9.108258106565494394e-01,8.275669787878361383e-01,1.713089785320893454e-01,4.451274384386765814e-01,1.561658415978178782e-01,3.963518946238113738e-01,6.084968853315184667e-01,1.637435096873325335e-01
9.297733691093283959e-01,8.321005349589752909e-01,4.618814942528109979e-02,5.571649091379442531e-01,1.228529422141464433e-01,4.407784554292483725e-01,6.209283433232483107e-01,1.653822543001349787e-01
8.826201447997279459e-01,2.773283589644819358e-01,1.041924608252656481e-01,3.803530742066130177e-01,1.963862348719228879e-01,1.144952914463532034e-01,7.027994688104257648e-01,1.661009851782516422e-01
7.472787583985067705e-01,5.799998410950124583e-01,2.837849060854010785e-01,4.769561912854395347e-01,1.723689841372133547e-01,1.027450446473154866e-02,6.451780136268073784e-01,1.656645885610856517e-01
8.082638831872308582e-01,6.781833491053750329e-01,2.710922897265978793e-01,4.041786809052310692e-01,1.489731632040017795e-01,4.039073366690870692e-02,9.891046183748135601e-01,1.654988609187587889e-01
8.293602282203369480e-01,4.048862996541705561e-01,1.305105545579302029e-01,4.311294414064590352e-01,1.777467634268395658e-01,3.267026936436989715e-02,4.509431735720257350e-01,1.666043832135584157e-01
8.142775751558198882e-01,5.749103215386420773e-01,8.007738007206360864e-02,6.242424331324497588e-01,9.360127929393452506e-02,4.371827436220590557e-01,8.551265333484985298e-01,1.648004656919763722e-01
8.063807975448600285e-01,3.982873776035775748e-01,2.365344393231096631e-01,3.909042054496702501e-01,1.687931288258812945e-01,2.284030518631760265e-01,5.021634175796458877e-01,1.653577595002929945e-01
8.673895635176058772e-01,6.491787624692246794e-01,1.313394416310354196e-01,4.149064424651374705e-01,1.987717492833995236e-01,7.531411612164529146e-03,7.239219359224802197e-02,1.679811412793238146e-01
9.279874707767296060e-01,6.942497650698600253e-01,9.783062240548799637e-02,4.462404576256086552e-01,1.455308490717099890e-01,3.911437030560990236e-01,2.571587724819218157e-01,1.653735291273514540e-01
8.836685694588440887e-01,6.492656439930247769e-01,1.875250798180662926e-01,3.769948119439016643e-01,1.640011040147647259e-01,1.581307757472389941e-01,9.602013535201084915e-01,1.642869822131453050e-01
8.151761910683537060e-01,4.287188445612716281e-01,1.683506156596474568e-01,4.333741263977877733e-01,1.708504682532279717e-01,4.345762329052632600e-02,5.161446797767788031e-01,1.662864795593297085e-01
8.815446262185731019e-01,4.310522565682275431e-01,7.829285446145964333e-02,4.445548782865103576e-01,2.263248927865932902e-01,5.196783070550098360e-02,2.904405494532145693e-01,1.654291284319029109e-01
8.754289894832114616e-01,5.835648805122954919e-01,2.861277555780703530e-01,2.820894417691917622e-01,1.856275189210721266e-01,1.949629093313028638e-01,2.274325710460773364e-01,1.653847593826298923e-01
8.707275454571781204e-01,7.465034499147118474e-01,1.050359700852503270e-01,4.990041566474500145e-01,1.401655374823568834e-01,7.855159119187649086e-02,7.780681655270240693e-01,1.649833140574208656e-01
8.031167180729056332e-01,2.635035606179091383e-01,3.395844127449302863e-01,3.941780769370216708e-01,1.450487232146489835e-01,7.397379440306091070e-01,6.450761947535156304e-01,1.645682498356218493e-01
9.208177076812892325e-01,6.996233048150577449e-01,1.140774542905341193e-01,4.439651701005998263e-01,1.207065505441663467e-01,3.676910325825494263e-01,8.622984989774239439e-01,1.647206959635068579e-01
8.541487335177132545e-01,3.827523484393641207e-01,5.460107002854391878e-02,5.025001149422071434e-01,1.503377051954477850e-01,3.089157771474898007e-01,1.294083054189167914e-01,1.658483099089738677e-01
7.360243669493455876e-01,1.777252977165889036e-01,3.015932896711621680e-01,4.497377082846059637e-01,1.517617499242044088e-01,4.806188467816890908e-01,3.613532104983940840e-01,1.647328016120245264e-01
8.590620319384170145e-01,4.507983441055508078e-01,1.450338384681199022e-02,5.580441087016893009e-01,1.288352357876133003e-01,2.749340794721482628e-01,9.323195495912677266e-01,1.649151982129904992e-01
9.024358061227837347e-01,4.860678396186698391e-01,3.182359144698190812e-02,4.573441609471077807e-01,2.058525588327263789e-01,8.923968488620759310e-03,3.269856753202149968e-01,1.655707774281669487e-01
8.009914513941244207e-01,8.640261432877858194e-01,2.746779209604647276e-01,5.128733621445147328e-01,1.133152845432180422e-01,3.632665328677839867e-01,7.586029667635130203e-01,1.642119298576033559e-01
9.025824444401326918e-01,6.570181632171619990e-01,1.177648948166453990e-01,4.246026333327457825e-01,2.003572712393069111e-01,1.930281276507478383e-02,5.598277397099452601e-01,1.668919291666261240e-01
9.325972015128805026e-01,2.550262936539620107e-01,7.508409108442819224e-02,3.318780127914520151e-01,1.714477342599406706e-01,2.213382782771555757e-02,9.982269100629975744e-01,1.664248388663739642e-01
9.249577848590427864e-01,7.209814617215821730e-01,2.035892905429757260e-01,3.205410953200505952e-01,1.780709664135186610e-01,2.298855105823794931e-01,3.786876629656694693e-01,1.648854100634969400e-01
8.553318687916504626e-01,1.199660944800735041e-01,1.633190478473316720e-01,3.530609905445891150e-01,1.686951737791884953e-01,3.124383370196242016e-01,5.508885452920835313e-01,1.662360346410487466e-01
8.366748269113646330e-01,3.093438715096124003e-01,9.326437180053309683e-02,4.872011090273951628e-01,1.867331899949673801e-01,1.252328301124449039e-01,5.086244674275313127e-01,1.652394537270584773e-01
8.633984700384305100e-01,8.283795097425750154e-01,2.298682636914194111e-01,4.284603729222205559e-01,1.384010831896302918e-01,1.817072506202908888e-01,6.971105894308489148e-01,1.650435814857769690e-01
8.946650840376110247e-01,7.043548131772305876e-01,4.265356937139819227e-02,5.199409389277588334e-01,1.406458790614090182e-01,1.965424753925374968e-01,9.379335917032747272e-01,1.654165298548217478e-01
7.939049613352601176e-01,4.615078664180466417e-02,2.465529714433076502e-01,4.367404546960451106e-01,1.217946051402848950e-01,7.238743079302880634e-01,6.761699627573444227e-01,1.642129669812325277e-01
8.983198379019964319e-01,3.266084586642113985e-01,9.820338988138298253e-02,4.018084468222076211e-01,1.868079668866024501e-01,3.121504166099637878e-01,4.398969959440025557e-01,1.649374347184819067e-01
8.820434033153444764e-01,4.672921535758085554e-01,1.304645960567563101e-02,5.527205708177023169e-01,1.547584443552599831e-01,2.947643061398881326e-01,3.031654460264501805e-01,1.663045507832517644e-01
8.377942034669678684e-01,1.123212400579012837e-01,1.918148122515257736e-01,4.517746132012956384e-01,1.453260494161220107e-01,7.103734651978983461e-01,6.300327077263665476e-01,1.633274482920430148e-01
8.775863198108697638e-01,7.829679921941419263e-01,9.409531790380984417e-02,5.049323716378629756e-01,1.402073748414651710e-01,1.533820068634880740e-01,8.044526144504103859e-01,1.640568695564012247e-01
8.913948869889670723e-01,9.793523613429795383e-01,1.532497349366631345e-01,4.796858957885642427e-01,1.298751788025069298e-01,2.281734020705086796e-01,5.901898063508772552e-01,1.656901839078780692e-01
9.557498546704881193e-01,7.625510151088108479e-01,3.542009127416514969e-02,4.549104334611439038e-01,2.035557560041794389e-01,5.385572671722549387e-02,3.577910909562038722e-01,1.672269360651781056e-01
8.534793932817799078e-01,8.038191940485399645e-01,2.274175127276940878e-01,4.764408577509096632e-01,1.270393685956807961e-01,4.409852623977673636e-01,8.567618553378262281e-01,1.633449950443975340e-01
7.595382311679453879e-01,3.839944459417607980e-01,2.356189153309877771e-01,4.623319306738936096e-01,1.789256238849437353e-01,1.388712781711420319e-01,2.702908274749382667e-01,1.653625815901149099e-01
7.678401839627115866e-01,5.212580150918155741e-01,2.103909094989922790e-01,5.182464073046578745e-01,1.759278675995874786e-01,6.750416009259574412e-03,7.831082540175592355e-01,1.639888069780760793e-01
8.848914000202975361e-01,7.001191397877989386e-01,8.676724018647898051e-02,4.724788587284629027e-01,1.186574768139120051e-01,1.151135991900435751e-01,9.806012784747710764e-01,1.653697765999068703e-01
8.764717205560369484e-01,6.715515479921252417e-01,6.597358251686982755e-02,5.210941660769684569e-01,1.410217467763162369e-01,2.214032687788395903e-01,5.208021242072519152e-01,1.655220515358911682e-01
9.185148047028004470e-01,3.309365460990979502e-01,2.244166532030761330e-02,4.547117788576539033e-01,1.980760262914768866e-01,1.900046229950433929e-01,3.151671395272340193e-01,1.651649212740521344e-01
8.721770602567234798e-01,9.658610976979593588e-01,9.064221803246400033e-02,5.791734288558083588e-01,1.281237102338236289e-01,3.410441278682045940e-01,2.741058066366455215e-01,1.669417974907179414e-01
8.964142635147310800e-01,1.461753900871258227e-01,5.004904519626895976e-02,3.886262467907219964e-01,1.819806478762809876e-01,1.834550563104598853e-01,6.332787338919003695e-01,1.642055103913780678e-01
8.172776776221216677e-01,2.237337437602492374e-01,1.197476374302737651e-01,4.951401504422845434e-01,1.567861807552521913e-01,2.902716559289718612e-01,6.341893344308615621e-01,1.638092268200354307e-01
8.418780612577805300e-01,7.265830104374080278e-01,2.704939555200752688e-02,5.863259498140598325e-01,1.697297948738259177e-01,6.515419155225243841e-03,2.405772059837170129e-01,1.661199622423757682e-01
9.002024216174702165e-01,8.439523991445787576e-01,3.097991665393992622e-02,5.697313611866162697e-01,1.394046600950534232e-01,2.659595167603991950e-01,5.425771352655935909e-01,1.656409332450041183e-01
9.108552139148776705e-01,3.417801105374238535e-01,1.682835887235614725e-02,4.808016708816823526e-01,1.427296045956171489e-01,4.198301872011073188e-01,2.686732896897850997e-01,1.660732884649084584e-01
8.822067761992816726e-01,7.691882165725573151e-01,1.100219371617827818e-01,4.608674700012912462e-01,1.664794850945782445e-01,9.059553066282499678e-02,5.028331879538860960e-01,1.674121718322336139e-01
8.396804817722296477e-01,2.749376404188721423e-01,1.913567268906049557e-01,3.782096072767621164e-01,1.538313823821565729e-01,2.371378694603940018e-01,7.926833589329744800e-01,1.647773799169148512e-01
8.857880543911170745e-01,4.920119014928976409e-01,2.283954986273695198e-02,4.791977857623320736e-01,1.934782454674837116e-01,5.326417927153825893e-03,4.343617748459313033e-01,1.682411942142932881e-01
8.747779092533845002e-01,1.542901976822302901e-02,3.780384898486610634e-02,3.890005084564177040e-01,1.942415185720127724e-01,8.830510737862401482e-02,5.879314746296213645e-01,1.653332043300964616e-01
8.606490726823246007e-01,6.328989450623354607e-01,8.415502989694870206e-02,4.842311864894554563e-01,1.379747545717562029e-01,1.447962085306891133e-01,6.087486056480307939e-01,1.650770680549944747e-01
8.635700203490090932e-01,7.692857692304332362e-01,2.054313690463556163e-01,4.635031336142331759e-01,1.310449778580748958e-01,3.748000734228958963e-01,7.484646782952333322e-01,1.655387524063020865e-01
8.941130852220841030e-01,6.539487166060212742e-01,1.492491823679008567e-01,4.123681014097794195e-01,1.729883590882981548e-01,1.618647692836305829e-01,7.751307615846961818e-01,1.642732878915830197e-01
8.790852668444288920e-01,7.420087227874785363e-01,1.588204436066646130e-01,4.070024937646429253e-01,1.440620530809069988e-01,1.508403217861304380e-01,4.936287923680793277e-01,1.667139306052259629e-01
9.629769498468153666e-01,5.940241824473018184e-01,1.030381110796180777e-01,3.342044708219568672e-01,2.025908387196153071e-01,4.313173903752631766e-02,4.257892271460423372e-01,1.661309176984465952e-01
8.501038412679484679e-01,1.075327745600707097e-03,2.650708032332237951e-01,3.019733919115376031e-01,2.006055667024063405e-01,6.057459344768929554e-01,4.322055032402431496e-01,1.648637951990320483e-01
8.090690309747063935e-01,9.183545669198475148e-01,2.345187211301428820e-01,5.412947246709677307e-01,1.207003680287744574e-01,3.581365247973937183e-01,5.385283732545957935e-01,1.664577180590536276e-01
9.099770490988949856e-01,2.712087011692317917e-01,1.254277637110663979e-01,3.449748248221113922e-01,1.930033373687847498e-01,1.907491683859159348e-01,5.118074930114135945e-01,1.649194131398069862e-01
9.238977371891687884e-01,1.808682903664997621e-01,9.803271337397229113e-02,3.202814047401521536e-01,1.781727914499219856e-01,2.912070409896602707e-01,4.998727575619269503e-01,1.656851862671350761e-01
8.314539533079607914e-01,8.893855906313830051e-01,2.681519526908843210e-01,4.574152724807067916e-01,1.550070867069532066e-01,1.006178714264417406e-01,6.536882416515632510e-01,1.653226653613692476e-01
8.835492535521232149e-01,4.287309020726948194e-02,2.733178671757424683e-02,4.206910344163227733e-01,1.772875978160428356e-01,1.894365094144142281e-01,7.266905007569040009e-01,1.663305837532189912e-01
8.731357802945571844e-01,8.091949556704792768e-01,1.041343941529834782e-02,6.126156162916147618e-01,1.189302517225588884e-01,2.931787264724399766e-01,5.605020054234080007e-01,1.652196167587862974e-01
8.946842051249264127e-01,9.843492696754136961e-01,1.960964979729584723e-02,6.073766066139889563e-01,1.101407859649007198e-01,2.100295933179482932e-01,6.178211149520116408e-01,1.667392559156454235e-01
8.983649601592744727e-01,7.292152172474059002e-01,8.669406274294255699e-02,4.923855738329638854e-01,1.632247542258215833e-01,2.422167966867478928e-01,3.563572019055555318e-01,1.644978518447555715e-01
8.462514718075183628e-01,7.748086536745302233e-01,6.263048261357215263e-02,6.129286451916184930e-01,1.316107258593235685e-01,3.193172656195747972e-01,1.014668880966547726e-01,1.668509476178441087e-01
9.079283379997511449e-01,4.787448352494468318e-01,2.378093227517050212e-02,4.489371035723044856e-01,1.798520015579364584e-01,3.699306259908885508e-02,7.738282774636965344e-01,1.642836741290358560e-01
7.717796140217823009e-01,6.655393511838367804e-01,1.355064921861103833e-01,5.874841546033343631e-01,1.573349127060022501e-01,8.652713092490604829e-02,6.613455603423920026e-01,1.644891121026696990e-01
9.375914723040615906e-01,3.309657884942363015e-02,1.958668734503490605e-01,2.371591671998030115e-01,2.108290165043477937e-01,5.683968632629385898e-01,3.180652435924022914e-01,1.656171920361083627e-01
9.238944227554719557e-01,6.523410283114678965e-01,1.710734890498467053e-01,4.131589499911687002e-01,1.474098361370603516e-01,6.122588048437771491e-01,3.426577319464716442e-01,1.644795627496798696e-01
8.723563384620131034e-01,7.110819117898028452e-01,3.944647346426380374e-02,5.542877092471397704e-01,1.454814931146608536e-01,1.731748505625083923e-01,4.818738253457795495e-01,1.677452588182886672e-01
8.566898942658901506e-01,5.731481169090351102e-01,9.930592334625235051e-02,5.261726011189281627e-01,1.593801464247946165e-01,2.448293025859664962e-01,5.763039879535161170e-01,1.650448668064870283e-01
7.676462341734456851e-01,8.579170924053638458e-01,2.729747402269274703e-01,5.560716867815497233e-01,1.138728029109967732e-01,2.498144252404251586e-01,7.088403532848778221e-01,1.650185195811593730e-01
7.933284187573361734e-01,2.482579355971253898e-02,3.590802587261779921e-01,3.806768980640046762e-01,1.256926833625622297e-01,9.773798220576913609e-01,7.006781710323676249e-01,1.645104287926271447e-01
8.822713057205843201e-01,7.510062714757810287e-01,2.981090599906129901e-01,3.127917832816345944e-01,1.720048227035696764e-01,2.411322502414238178e-01,4.583941164891389697e-01,1.643954912828357873e-01
7.489040917623392968e-01,6.726698725377872057e-01,2.345655056936773453e-01,5.366261026014866875e-01,1.311039667303388889e-01,2.689660119315695486e-02,8.533800937821549581e-01,1.666106030801059179e-01
9.027360787524658647e-01,7.626319284124289943e-01,2.494989340917892762e-01,3.196176635347298678e-01,1.732151047430185997e-01,1.484100145898760437e-01,6.665328795051110866e-01,1.644397991479096266e-01
8.886074282394043067e-01,3.865851204658836693e-01,1.291035313881477853e-01,4.020821677901175728e-01,1.699661601524117271e-01,2.835205720935701779e-01,7.290660264342319064e-01,1.648877618932468314e-01
9.383205331731470089e-01,1.553678850916838661e-01,2.428387010704670113e-01,2.781433516749822754e-01,1.853454767222765254e-01,8.939513554382305660e-01,3.245829149268301128e-01,1.643985918168608951e-01
9.005567724697081111e-01,5.723053371127089228e-01,1.022550250163437036e-02,5.384824007727484485e-01,1.828146535758363167e-01,2.064853385688476539e-01,2.025152424117198646e-01,1.663492520271817876e-01
8.600530918860929130e-01,9.044226117007012622e-01,1.477527484109744105e-01,5.474074515112048456e-01,1.369242365645537141e-01,4.038010639898710341e-01,2.452569330118365976e-01,1.649267612563766472e-01
8.340155428530579007e-01,7.987662616887110101e-01,1.914793416718144348e-01,4.457617825248501031e-01,1.563974298954039777e-01,8.383879544786779214e-02,2.414439929643057425e-01,1.668059447060693534e-01
7.524968486347647367e-01,2.504976014012966767e-01,2.416450601344858062e-01,4.262134271425139787e-01,1.533733558044595713e-01,8.810375210726922868e-02,9.394629766742721433e-01,1.640322950004733937e-01
8.603365150851803866e-01,7.242945872573222088e-01,1.868018448691850797e-01,3.907444593788407805e-01,1.734778733978891152e-01,3.058150672422216276e-02,4.077228150708640531e-01,1.668201774974559237e-01
8.887296309688071938e-01,9.236109135673243875e-01,1.478864779198668655e-01,5.042700587416618641e-01,1.200571811624901591e-01,3.930090233945071621e-01,1.253054136836399546e-01,1.672300552254068484e-01
8.145848151476923205e-01,8.419762570450244343e-01,1.244659698518042201e-01,5.961660112231553788e-01,1.522541630989859285e-01,1.231214435620093806e-01,5.992588733104141641e-01,1.643427146688204166e-01
8.690111925275528781e-01,8.897943911053456389e-01,1.908255494901839322e-01,5.014978178245016460e-01,1.215518531873456265e-01,4.880487929005882242e-01,7.397817897231341311e-01,1.643930865975788969e-01
6.941849546012536232e-01,4.110035765939686891e-01,2.975849636893913019e-01,5.092503720617250762e-01,1.559359655527978450e-01,9.744963307374218675e-02,4.951495654585181816e-01,1.653313915977111803e-01
9.479614517035082066e-01,8.973353031878412711e-01,5.127414643434219377e-02,5.035560422474616438e-01,1.249272154612332542e-01,2.659258792104033930e-01,8.125631130861457052e-01,1.663709366390932476e-01
7.852722613100668880e-01,7.031103508566155513e-01,9.481991093503097656e-02,6.019811065202974598e-01,1.606332243808318849e-01,8.947577557083480349e-02,4.029966116338519200e-01,1.662391203866010747e-01
9.185841821005885643e-01,7.923673009536980061e-01,1.881150744987825363e-01,4.259985377078259750e-01,1.557464841734730321e-01,4.969847701095362336e-01,2.716553744669426562e-01,1.646477147738272806e-01
8.919009462558599166e-01,7.643866181112921598e-01,2.794341269708258135e-01,3.097696197302860499e-01,1.790723188649668285e-01,5.945894614874680517e-02,8.944014271730036381e-01,1.637146289075650518e-01
8.696979304624089524e-01,5.907947424067694353e-03,2.312141563999371707e-01,3.311575446603802764e-01,1.860895485108940706e-01,7.291875451393865504e-01,3.044900972220047075e-01,1.648840142472669246e-01
8.861542560818909120e-01,2.546050029722651264e-01,9.002097514026724534e-02,4.633319446825565624e-01,1.424247136845846473e-01,4.560231420393120461e-01,7.866550622935701842e-01,1.635794693195448402e-01
8.889249638719474156e-01,3.637233349437272723e-01,2.055191418291532623e-01,3.171988247739182532e-01,1.649233650102157056e-01,4.447080642207583701e-01,3.689063579517729008e-01,1.647376913569874868e-01
9.656908189410211563e-01,3.584400107056904816e-01,8.163407843694911459e-02,3.073488703391681343e-01,2.318567740193250293e-01,1.149613706259279833e-01,1.279848762835126275e-01,1.670976905044485039e-01
8.473475855396359613e-01,1.147224860559847293e-01,1.474086086797089801e-01,4.472341698539402666e-01,1.229509290577558422e-01,5.780968941366967373e-01,8.522108304396738276e-01,1.649193728055578512e-01
8.578099278872002298e-01,4.633524871705256287e-01,1.529199662862240627e-01,3.990352549561777540e-01,1.969674849305132758e-01,4.133734813798956020e-02,5.158488039432028716e-01,1.652849547151470921e-01
8.074135094407841606e-01,2.325684347752289272e-01,1.137113593202923323e-01,4.765454758332130503e-01,1.401530360125587960e-01,2.269279420451281448e-01,6.180748734422628621e-01,1.665747208939281632e-01
8.463263886401053426e-01,6.180543883391834692e-01,1.707065024189059754e-01,3.990174479882199199e-01,1.852613116119727343e-01,1.067029782589407061e-02,3.530851419355752197e-01,1.652006292806212084e-01
8.769799262957775898e-01,6.265443931291334589e-01,1.277338283481652681e-01,4.376993433732310201e-01,1.344788752762452189e-01,2.702907375551183988e-01,6.783864915858929256e-01,1.650137528238245499e-01
8.288372787204543179e-01,4.280784331945856058e-01,1.501179575506777220e-01,4.947975985072028404e-01,1.504196022013896961e-01,3.359965830579966783e-01,7.222624135980776350e-01,1.650184488815455430e-01
8.226671007158651294e-01,9.957071526363292513e-02,9.766103004498669082e-02,4.871132482367208638e-01,1.362750717564629177e-01,3.976154567119110639e-01,6.761520016449238391e-01,1.657233707393577504e-01
8.964614455704854601e-01,5.465629106261711279e-01,5.220478200188977125e-02,4.850305555249528888e-01,1.383984208961878681e-01,1.850803444689851363e-01,8.864476503921785433e-01,1.648652168911912685e-01
9.207834651263925307e-01,4.868825068440907344e-02,4.004484370424307715e-02,3.305608386184374359e-01,2.294427339486558304e-01,2.325991079731248856e-03,3.629800133070619772e-01,1.669295289644153468e-01
8.639739665422502268e-01,8.014220512774139493e-01,2.348842139678427032e-01,3.896142352952263743e-01,1.398155877049963858e-01,2.362783511794009084e-01,4.811622539751023164e-01,1.661573321720987428e-01
8.344232549786225750e-01,2.586297482662350822e-01,9.240912942095977356e-02,4.425841447154035269e-01,1.517575050776241441e-01,7.809969900164454026e-02,8.055575749889025694e-01,1.647359056218361262e-01
7.352505916499247896e-01,3.049036276674199630e-02,3.027216048382168068e-01,4.650996393012153396e-01,1.167355859557220737e-01,6.408469885455714277e-01,9.258722928067804059e-01,1.630826355296242647e-01
8.506233967329873691e-01,7.518534877563666230e-01,1.823654445536808666e-01,4.541016587086220690e-01,1.916945324336891132e-01,2.743457549629846337e-03,6.303539662733164128e-01,1.651982557597473922e-01
8.827546019699084034e-01,4.966007465647686026e-01,2.876325080606034756e-02,5.103605649797591237e-01,1.485485495760865693e-01,2.180376584622427671e-01,8.126511526653903417e-01,1.641687433308754995e-01
8.749463410262341423e-01,8.705448626632041886e-01,1.110331980322832035e-01,5.221209053085726914e-01,1.436978561922842013e-01,2.516614147450707550e-01,4.064141031666617110e-01,1.655459331834875925e-01
7.829823887727462850e-01,3.577155146033565991e-01,2.236154892812427242e-01,4.396024046505284666e-01,1.664950410544887571e-01,2.009880292313266370e-01,7.640860437115977177e-01,1.646762968864222132e-01
9.730134171203730364e-01,6.372556812799811121e-01,5.223229804480591931e-02,4.021800555776363084e-01,1.815816380180788892e-01,2.276715179461104022e-01,6.401554175285728565e-02,1.660217025127645185e-01
8.888894160380708120e-01,4.588700909484557111e-01,1.250006361426919399e-01,4.014921946799219210e-01,1.351083463396555162e-01,3.426055441760075815e-01,6.592073609412030244e-01,1.657955747637017141e-01
7.693491612141922786e-01,3.020680492613485590e-01,2.338914539338624032e-01,4.389905810141727094e-01,1.650404082472436140e-01,6.990572517298268562e-02,8.577416339180674587e-01,1.657381980767342056e-01
8.187413262723495233e-01,5.247920222126645218e-01,9.742507550836515540e-02,5.871915896232051679e-01,9.910905889571607064e-02,3.627079670010497359e-01,9.739685393929293777e-01,1.654568120555713895e-01
8.107165150261727016e-01,9.705294434647675494e-01,3.450731978563050251e-01,4.775561382016697554e-01,1.087059066906003874e-01,4.812946478818334040e-01,5.862976754423667725e-01,1.656202739104643828e-01
7.441273401758755623e-01,2.382457913352441503e-01,3.242546240159194237e-01,4.009976457779166337e-01,1.616025256591247239e-01,2.926232882101745814e-01,7.221574042714291597e-01,1.642974125775023830e-01
8.790043300018226535e-01,2.768532483353843832e-01,1.060174733610427800e-02,5.217156722869066288e-01,1.089622590974388128e-01,4.053919505673711510e-01,7.512587243753806598e-01,1.657565308453200215e-01
8.536824221183940686e-01,9.149479817856346342e-01,1.120936803247867680e-01,5.466750458249025613e-01,1.624457349703262166e-01,1.447815339922546574e-01,7.518967590123870615e-02,1.663236264101424777e-01
8.554176503868825554e-01,6.466623130479967063e-01,2.132531479805230279e-01,4.383771499281605144e-01,1.271236773046617863e-01,3.407079636051086879e-01,8.593406818618010146e-01,1.640086919490204298e-01
9.033327591057708217e-01,7.710769202492807617e-01,1.894786877295895622e-01,4.627276301259325431e-01,1.193314575646376996e-01,5.875714705557306683e-01,5.751089355742829978e-01,1.659850818890275526e-01
8.574467750560239576e-01,4.388292036636831650e-01,5.036030682817149717e-02,5.390376142592062658e-01,1.617170033482484559e-01,1.508294455705894987e-01,7.822393713511857083e-01,1.653517879322948525e-01
8.728057689673682784e-01,7.711141594304868896e-01,2.102977832644845890e-01,3.878769900010859417e-01,1.636288885536600624e-01,1.439681121649140361e-01,1.982233555680831816e-01,1.665416839502922575e-01
8.839976116002739026e-01,6.203913339976996344e-03,1.505684389876654761e-02,4.452023332248113419e-01,1.851455839130436432e-01,2.589477629167228345e-01,6.715540730880382725e-01,1.647450749267307668e-01
8.204151507790334863e-01,4.824155555353258906e-01,1.948148620013352983e-01,4.144439298389162585e-01,1.476878783721478905e-01,6.341043094153736570e-02,7.529597962512222242e-01,1.654420793759580344e-01
9.294543034128526227e-01,1.708681409257967743e-01,3.431468670134006915e-01,2.108922861423355444e-01,1.940258457683854132e-01,9.383072301210435562e-01,5.704789702480237423e-01,1.632767638301330926e-01
9.390836971239926445e-01,7.186640549927638677e-01,1.451461923452462832e-01,3.655773846708315067e-01,1.745437178790583965e-01,3.227132325831411630e-01,2.329084739264901116e-01,1.649327824473230397e-01
8.633538948581216399e-01,8.279852577573456607e-01,1.703434420974611618e-01,4.372140162193161039e-01,1.699011840519369931e-01,2.691694746988726461e-02,2.386028596600306417e-01,1.664633955651340924e-01
8.081231601000329334e-01,3.344294966756622411e-01,5.140205476432541110e-03,6.081986648658137540e-01,1.626792624963382117e-01,1.422805213951711945e-01,4.924962869589150083e-01,1.654424259765029936e-01
7.667512094450448235e-01,2.791516403595473150e-01,2.610089565950813872e-01,4.680953540205177177e-01,1.447731226096904134e-01,4.189523759552103988e-01,6.727624304547483725e-01,1.642388569681439980e-01
8.239822068281155154e-01,7.397862058933891705e-01,1.371912687350358706e-01,5.309778099060863399e-01,1.573137185549229600e-01,1.175602836406714480e-01,3.372607441331328948e-01,1.673949564093867304e-01
8.185110966977940938e-01,8.856635096451606071e-01,2.288180143791666565e-01,5.360206375167958504e-01,1.205375222960665266e-01,4.601985777683423318e-01,3.140369874880768464e-01,1.664488089212584343e-01
7.735143280783046693e-01,3.113375631106285457e-01,8.848022596904303594e-02,5.709066881915104696e-01,1.395161006960838335e-01,1.837532285494846429e-01,6.039486593185572350e-01,1.661591320819029161e-01
8.772269256385993863e-01,8.912183823467898502e-01,1.993687291891252378e-02,6.340656359185850022e-01,1.393542190919806745e-01,3.007847372743701064e-01,1.310733979619990164e-01,1.657924887750388265e-01
9.457921040154039227e-01,4.906851457896776458e-01,4.741080686236784358e-02,3.952255387932699926e-01,1.592440415406690124e-01,2.107262019163771982e-01,5.504154598653532293e-01,1.654222127521693397e-01
8.796907075222706318e-01,5.194452025170122056e-01,2.050500046292053069e-01,3.864954344073379677e-01,1.717650992145628719e-01,4.062035924426654065e-01,6.217886737646382000e-01,1.639565953413152088e-01
7.862760918061761917e-01,4.716887248342118144e-01,3.786416907314774094e-01,3.557806791594129714e-01,1.436138078116311334e-01,4.387760723554297582e-01,7.122586096073575401e-01,1.640019728746355265e-01
8.778894208254717224e-01,9.877786067088574207e-01,2.100368148694986281e-01,4.483130652150916218e-01,1.401959064433958568e-01,7.448297263884162689e-02,9.362307995289739226e-01,1.642917561648699343e-01
9.411452120738004190e-01,9.497999827598566647e-01,1.348421251524511977e-03,5.536529624638217850e-01,1.527906147403302883e-01,1.453592407616509097e-01,2.427151361223676140e-01,1.675875863119355158e-01
8.909493942635668962e-01,3.906135040925361457e-01,2.286476367855660996e-02,4.831421573500899180e-01,1.339314871646647420e-01,2.710463561692182943e-01,7.367775378210936754e-01,1.651397911283400133e-01
8.529073610718048704e-01,7.048175106933246559e-01,2.390120772521802661e-01,3.821108634389164260e-01,1.292285367459965195e-01,1.884548632411061075e-01,8.537566287858171510e-01,1.653317959607954468e-01
8.758252605985051842e-01,8.072787745556302408e-01,1.498503901545039652e-02,5.800018988458667257e-01,1.715593787549445359e-01,1.478016476383475497e-01,1.031640033236392306e-01,1.661690695870339241e-01
8.358329530557379039e-01,8.000983701755215449e-01,2.297135647969931749e-01,4.493394775526217688e-01,1.361446343959735739e-01,1.257712966767297880e-01,6.931213841257766184e-01,1.656257730264896755e-01
8.971282761441731202e-01,6.462553526097833956e-01,2.845959774531299225e-01,2.593919237448240045e-01,2.021380103797817129e-01,4.865793463883522074e-02,4.798528127887248251e-01,1.655200205395267465e-01
8.941111397130659943e-01,9.565518024430569310e-02,1.895993672673622066e-01,3.752903892374889194e-01,1.759527037150588336e-01,7.868872687898600393e-01,4.464981277583182639e-01,1.641785484647456939e-01
9.021340815510463518e-01,3.696070674662227939e-01,1.741266774025573005e-01,3.196154974672914539e-01,1.779667302509519433e-01,3.422302600399413364e-01,1.800320057118858230e-01,1.662366279462511864e-01
9.375940284956740811e-01,7.093561527254396148e-01,7.941952937092286446e-02,4.264593898165184305e-01,1.733946275889290400e-01,1.488933619665118724e-01,3.471054569883240681e-01,1.678052758851202031e-01
8.837360503648572507e-01,4.500677646729663306e-01,1.299195553558906147e-01,3.471537214826144746e-01,1.859044530245691773e-01,2.758756660006517203e-02,4.431547233176038603e-01,1.662384205568969431e-01
8.443304252005428001e-01,7.715977282654837843e-01,1.062708656395507378e-01,5.260064199103949845e-01,1.291388666973450339e-01,7.665219472133866230e-02,9.299809446597193663e-01,1.652612864486168731e-01
8.564805345086197175e-01,3.930787706460368014e-01,8.803432934258426101e-02,5.396017207429214535e-01,1.108483081069536191e-01,5.786761907020203655e-01,8.089320028742457147e-01,1.644047185466391559e-01
8.802139540022575481e-01,8.490442309572082680e-02,3.223752185487865907e-02,4.580753306199940589e-01,1.743883926769340120e-01,2.559406031321199704e-01,6.534888115365278249e-01,1.655173369709413700e-01
8.639660270925945129e-01,2.435417110162683696e-01,1.584759034891501384e-01,4.519768440931414832e-01,1.429632657398379469e-01,6.488651645237347720e-01,4.669763523943605277e-01,1.646214123603275403e-01
8.854846928900064196e-01,7.873372265763335376e-01,1.252583859016395684e-02,5.564817790621456872e-01,1.674630972054212685e-01,2.321329234809127451e-02,5.053099011546565711e-01,1.651801867048954819e-01
9.082962927107487427e-01,9.153265030006676461e-01,2.148268115636642051e-01,3.754163203835185203e-01,1.556623643765657761e-01,1.905401816465145948e-01,6.833750726034376610e-01,1.644855085050853927e-01
8.481642553528364603e-01,8.294766671791644619e-01,2.538758830874665584e-01,4.375422267599276549e-01,1.692909058718182480e-01,2.364035182291317760e-01,4.951948271303604487e-01,1.644104152946907205e-01
9.094104025083159515e-01,4.087135772394763777e-01,2.391693598843219748e-02,4.640799507731763751e-01,1.644926256021354005e-01,2.121346559861692627e-01,8.333553532965554123e-01,1.654508120659676784e-01
8.682012727249512896e-01,2.255438282588558829e-01,2.480514249210576672e-01,2.978254893378308177e-01,1.578643886580727573e-01,4.023440395342817721e-01,9.344648400729830273e-01,1.644636245055446366e-01
9.166527926254215419e-01,7.825434408124012364e-01,1.665433882192304815e-01,4.318947512871253447e-01,1.452871599956261639e-01,5.400184787472428471e-01,1.721631264122696070e-01,1.649894484139253215e-01
9.970101725344231447e-01,5.375574918668659663e-01,1.019798102047567434e-01,3.011906230344178481e-01,2.138282721685809962e-01,1.894203248349856095e-01,2.654543682220772971e-01,1.655414075177318589e-01
8.727038755665289527e-01,3.138868987087296558e-01,2.286954963858426615e-01,3.454366389956964878e-01,1.815805523941858568e-01,4.521769272613381241e-01,4.127972857946650143e-01,1.639130450866830568e-01
8.634044190882198544e-01,6.469859525338141903e-01,2.690115669978957458e-01,3.560809960637887350e-01,1.546119718636067009e-01,3.836158493287493143e-01,4.110050311670455647e-01,1.640427239202958964e-01
8.945300186880171811e-01,8.382035773983130822e-01,7.575315566794915689e-03,5.879550405498347176e-01,1.247106867163598476e-01,2.694829699834584980e-01,2.016775143919332658e-01,1.677183219290017679e-01
9.611399516830682055e-01,4.579084670482790886e-01,8.456650824529993171e-02,3.801911486433078857e-01,1.824355243692799833e-01,3.992560289658699801e-01,1.028004591245236243e-01,1.659473502739929052e-01
9.042970556401797033e-01,7.736731291555840606e-01,1.206457700747826378e-01,4.462072501348598452e-01,1.612949798540853352e-01,1.875909229461771854e-01,1.464062922226017083e-02,1.671577161338929363e-01
7.890109124379829364e-01,5.810684625321004271e-01,1.772385885956548890e-01,5.610049111358633711e-01,1.312832143983396482e-01,4.035123218736249573e-01,4.360381650839748602e-01,1.658778523779071978e-01
7.719717012892529651e-01,7.104673374565612098e-02,2.940594413145727892e-01,4.225871240756672864e-01,1.527193096485716939e-01,6.207506944337839450e-01,5.157523217798013482e-01,1.650776953869989849e-01
8.821187704578319355e-01,6.017067683727403971e-01,6.049993309950935094e-02,4.622125211589468985e-01,1.424069816193991589e-01,1.037450548147658691e-01,6.778617301124605365e-01,1.662007687103089493e-01
8.288893750502531743e-01,7.903473261465421285e-02,2.143997573489479780e-01,4.453552260173394006e-01,1.280204919442941291e-01,7.542179616530895192e-01,8.210866034163289973e-01,1.646316933944919347e-01
9.228898117066522966e-01,1.653287500192652248e-01,1.308903364824087201e-01,3.779950191612310717e-01,1.741098197808394754e-01,5.964491092839826480e-01,6.024973024880697636e-01,1.640499396129900256e-01
9.003898907266967289e-01,5.973124478995178732e-01,1.496646026549849351e-01,3.726122791214561691e-01,1.641472851946958744e-01,5.174376299358424136e-02,9.071480309026572764e-01,1.646229055682154330e-01
9.173366407614330642e-01,6.713482469668823338e-01,2.762321847052295332e-01,2.753185115283568463e-01,1.790832981468075125e-01,2.650099139018374794e-01,5.092149436949469088e-01,1.650489045979151581e-01
8.019160521850122736e-01,8.637069229787769364e-01,4.415451133007487483e-01,3.693355513918120669e-01,1.285204161791543842e-01,3.631732936220730679e-01,8.657111846237222075e-01,1.639962600069699017e-01
8.312979638789712578e-01,3.494952954996877192e-01,2.318864494482225647e-01,3.978695688255570184e-01,1.436729532327981340e-01,3.562759059633714420e-01,8.363392095413531013e-01,1.632280747498613127e-01
8.258761159962275666e-01,7.569872204220702283e-01,4.060519318775451802e-02,6.377195781452738021e-01,1.557309251322337162e-01,1.230527987548309388e-01,1.750527950857267423e-01,1.678561588716191710e-01
