2.850458038333649746e-01,2.536264829619450656e-01,7.923056837379749417e-01,7.008322552048912302e-01,4.646771628650475661e-01,6.807479627425877533e-01,3.411490238983990730e-01,1.526441884379406144e-01
2.397491721102376072e-01,5.847326819052749425e-01,8.876796916468436827e-01,7.239161659634055779e-01,3.799326463039774393e-01,4.573191896536903389e-01,8.320027004672962967e-01,1.505762752034971730e-01
4.263862006149888861e-01,5.922706970713738084e-01,1.463866742248337016e-01,9.585052930280821837e-01,6.041044131758739333e-01,6.132255521309926127e-01,9.896751383017898807e-01,4.603959731796164467e-02
3.038763339046501311e-01,8.312115504599403293e-01,5.030048985658959193e-01,9.136463148562836700e-01,3.294003832511651075e-01,3.411935001617960594e-03,5.162979379932708390e-01,1.504738435286191722e-01
2.240817717496476624e-01,9.337073127933237515e-01,9.378728374704147219e-01,9.278192637210942451e-01,2.751431327333074828e-01,1.434145243699633809e-01,3.445059893359697645e-02,1.501837877849305503e-01
6.743730584816591822e-01,6.528220680198154602e-01,3.062085476428089148e-02,5.269516659155063509e-01,4.446596039697189306e-01,5.999562264017039848e-01,9.099853345457785680e-01,1.558120710006802301e-01
2.854945569392052240e-01,1.432397357355903456e-01,7.008203970527636661e-01,5.818476067236638682e-01,4.783547778338650414e-01,4.916433794677537161e-01,4.639567745174910662e-02,1.538759844954382394e-01
2.251053749509153989e-01,7.587136916810551801e-01,9.011778072077267776e-01,9.962968448239671870e-01,2.740885683100435788e-01,7.491642799500977112e-01,5.352968692398438755e-01,1.521133777506758489e-01
3.644531337828312845e-01,5.629777565254932004e-01,2.696651306109099089e-02,9.705805962031731626e-01,4.814468297852543266e-01,8.267173520653625651e-02,6.112859384410693764e-01,5.749933950951724437e-02
3.929374778384470135e-01,8.634490315882790146e-01,1.753751038761119929e-01,9.314635986031811754e-01,2.759278914044754893e-01,5.454659832889636739e-01,6.115807522810138286e-01,1.515313091959220593e-01
5.502142698158507539e-01,9.377072497762921621e-01,3.021335824415530835e-01,4.542369327726961115e-01,4.112904627721391537e-01,2.646051507780929901e-01,6.597080034830768991e-01,1.558510603399322347e-01
3.482375054059732578e-01,7.648671617853934901e-01,1.109528057369470466e-01,9.809374231642462583e-01,5.618767050859310164e-01,2.294968570276978426e-02,6.520531282564024922e-01,5.215205987252716918e-02
2.146392146134292744e-01,4.139799513292248268e-01,8.428887799922349933e-01,9.103688755308012581e-01,3.730253427998660998e-01,5.063137674013012957e-01,7.508636293330150924e-01,1.488780426171919524e-01
2.134497532051509716e-01,3.387558379097913019e-01,3.432382874157869357e-01,9.852377467608494088e-01,4.856862676295021775e-01,1.988155524062975577e-01,1.588560040231559722e-01,1.530047231857459000e-01
3.152984462680850086e-01,6.218705575642223815e-01,4.099224349384267274e-01,8.386217405756539733e-01,4.126877476438643999e-01,1.323182107137416130e-01,3.990261850769349916e-01,1.483169976005834778e-01
4.965067417826494744e-01,7.098443092273405419e-01,1.293165936699924856e-04,7.453809736456507018e-01,2.203244069693106044e-01,5.192889506269046107e-01,2.290544156057356950e-01,5.643209734861644178e-02
3.352022184663299709e-01,4.153002491473359870e-01,2.342188241550208216e-02,8.596125844134250293e-01,1.636129356203378515e-01,4.353029680813889635e-01,7.659219264585349629e-01,5.608938800793709240e-02
1.500679613830977477e-01,4.593971178583122761e-01,9.811709110789754718e-01,8.655350763184325169e-01,3.511694266374368878e-01,2.939912694126753934e-01,1.052102130367804644e-01,1.528185688314380730e-01
2.572999629443559200e-01,3.073045477746516596e-02,3.744788720740321875e-01,9.749569275203560093e-01,4.088594996712766050e-01,5.151172527561577175e-01,8.562909973282996079e-01,1.464548119971557372e-01
3.591247527594670919e-01,9.895987559003368572e-01,6.602877721400285393e-01,8.256231225233043869e-01,2.789644786613222349e-01,6.417251379566917269e-01,3.164956456735679158e-02,1.541486340732488580e-01
3.205703502571954355e-01,1.028313834255789594e-02,1.639037420644355036e-01,8.381133905424382746e-01,4.448581137345377079e-01,1.546396329633395461e-01,7.374873357813358510e-01,1.501097380026643335e-01
1.542840961881061235e-01,3.437777012161457035e-01,9.879102754663853236e-01,8.086797924977082719e-01,3.448502728553231034e-01,4.823505748323909659e-01,1.037091369835036470e-01,1.476471868950971489e-01
4.252757102534009404e-01,4.660437412126143819e-01,5.426383442718515360e-01,6.700729399251834639e-01,5.058671515519288509e-01,8.614078957108353141e-01,7.797299599817569815e-01,1.521736419702802157e-01
3.257339181440492837e-01,5.245273787678939037e-01,1.870840933794239436e-01,9.423778319584130703e-01,4.474982639207084611e-01,2.372780822822667668e-01,9.129531915624349292e-01,1.445503259966590959e-01
4.407573130680079165e-01,8.641575717753262609e-01,3.014352198416524464e-01,6.224695635392443194e-01,3.237549838204872299e-01,3.776680990107927904e-01,8.523868041475733959e-01,1.536469493075795223e-01
4.367145610323796001e-01,8.504341164911167761e-01,2.362855308732656479e-01,9.019279080842084184e-01,3.271008457344233289e-01,3.982319676045080747e-01,8.228931400662112816e-01,1.526044325314743766e-01
3.865358332757655724e-01,8.125542540397447944e-01,4.027466294809012859e-01,6.175310710193474550e-01,8.495409838094891697e-02,8.836182255207094549e-01,1.116900152007979097e-01,5.922449524600399001e-02
3.372667794505556094e-01,7.959147959761593283e-01,2.556542302330133687e-02,9.288947659011680402e-01,2.263225335056535670e-01,1.171697634261807952e-01,6.507038361960423289e-01,6.501561441415626419e-02
6.190622865687496201e-01,9.497283685796108488e-01,1.776857219132617072e-01,7.145624473017850864e-01,3.744849085998775973e-01,9.925077597057496703e-01,4.417905311807968083e-01,1.528306315256436898e-01
3.982296876201977809e-01,9.206766288929986164e-01,5.775596709485433244e-01,6.180029688917130226e-01,9.526484955730957216e-02,9.106421744442811939e-01,3.300998729821418842e-01,5.453049426552845219e-02
3.433677170829193548e-01,3.980588908684965510e-01,9.957174083939167586e-01,4.279717442552296025e-01,5.510360068548163515e-01,5.705505186530198669e-01,4.642932382683598314e-01,1.523781957833299505e-01
3.263440967329494513e-01,9.516368337622431728e-01,6.465324939859150577e-01,9.182796075537168479e-01,2.573872386618734076e-01,8.480956369413492624e-01,8.883811389446669704e-01,1.459487843448804001e-01
2.138600718922639699e-01,4.564705296299914616e-01,9.113967721284796930e-01,7.805668759880629581e-01,3.759454147728049089e-01,8.247203838661310016e-01,9.883388452781356470e-01,1.486322352131167202e-01
3.856361467369390228e-01,3.897441477237283403e-01,9.153604466949373242e-01,3.980838358589139370e-01,4.314435803303460215e-01,7.285599226851620092e-01,7.416146372068450621e-01,1.502091235466754826e-01
2.966668869598133584e-01,6.308396303425388707e-01,2.588933472494668875e-01,9.245365251824169128e-01,4.922102330875874898e-01,1.145910522745217097e-01,9.000489970214042845e-01,1.500489429912718053e-01
3.840113974485629966e-01,6.609053332549199578e-01,6.664629623575419881e-01,5.712998825782303891e-01,5.172828323884262058e-01,5.644584653315238842e-01,9.032312619340665538e-01,1.506775121293790487e-01
3.698727424472811331e-01,7.014728728379453493e-01,5.587383253095138391e-01,6.245344376259007735e-01,3.348377508605328567e-01,4.943255579048749793e-01,3.307215279075165215e-01,1.540909894327993912e-01
4.101880268096067539e-01,5.793938916307425080e-01,2.156951186790755370e-01,7.515705518211838188e-01,2.839157086755884629e-01,5.767423581503602348e-01,3.805054826756326669e-02,1.536181843027136784e-01
2.287665537095075197e-01,2.777990510535841562e-01,5.441328328708994189e-01,7.935405748432917683e-01,5.309598867167455438e-01,1.641256757930680266e-01,5.133510745721318047e-01,1.498778771113951080e-01
2.250087781668296538e-01,3.094439902955460342e-01,9.699401512411538473e-01,6.077997005177928624e-01,3.589798355538904584e-01,2.226037747047561743e-01,3.831761201095036373e-01,1.521870476504081082e-01
3.320369153667955819e-01,6.457001502047190478e-01,4.487780754624477453e-01,8.141917047512482464e-01,4.955154482741762068e-01,6.589042212341694738e-02,4.275007776004753346e-01,1.508637100820792720e-01
3.698394770238475071e-01,6.532124180982116224e-01,4.797977697740970493e-01,7.251250610738584346e-01,2.907833403188617161e-01,7.481008740176768868e-01,7.681653033332930258e-01,1.505992932792361849e-01
2.441873492293225034e-01,4.627710821270175634e-01,8.622989828770972753e-01,8.913666887064524147e-01,3.787589047675479215e-01,7.286121935023230911e-01,1.573775691083638684e-01,1.512212520017184314e-01
4.586458018342368104e-01,9.031751946021538968e-01,1.809347687267540972e-01,8.977016127303261150e-01,3.262357056917773446e-01,9.293201392979365538e-01,6.381573439177262719e-02,5.630246205701640999e-02
3.707236777891224078e-01,7.504911672147877022e-01,7.626468550225105059e-01,5.088088204167612316e-01,4.886006834379589270e-01,2.153428679664068368e-01,5.455234518103236896e-01,1.538013957228999140e-01
3.010042372023495894e-01,3.539529885739229886e-01,6.710158226990758923e-01,6.568955771342472882e-01,3.888490396925704529e-01,8.801281803395699654e-01,2.311661990036447678e-01,1.508078480434938973e-01
2.937736982090998206e-01,8.737989034146795841e-01,8.572344967633039881e-01,7.894529170457762479e-01,3.209581372580426750e-01,3.243326719459783680e-01,8.814033482431107291e-01,1.521056833948759568e-01
3.205348318975370092e-01,7.939332063203596856e-01,2.579646644269712463e-01,8.621182335731878421e-01,3.965451258724213557e-01,1.036251650974967520e-01,6.851448954237122635e-01,5.276854509671517757e-02
4.312739344476063108e-01,8.861803689689384811e-01,3.375542386900488023e-01,7.446976157580446065e-01,2.501563044767453614e-01,7.809894469290379337e-01,9.280049528442104734e-01,1.540282277785189891e-01
2.417511654834711976e-01,3.779672046389070950e-03,1.951171572956238720e-01,9.945974113562864316e-01,4.695646028897945690e-01,1.007257062971984030e-01,5.862213443213000197e-01,1.500947720139676478e-01
3.109423607014497604e-01,7.452681786185350044e-01,4.104305861858240090e-01,8.144347054739521363e-01,2.938505084333553619e-01,3.058025524195667755e-01,2.686539227145900988e-02,1.527674903805628370e-01
1.476522818081094091e-01,2.060452394922212549e-01,9.569612760659536033e-01,9.336588209155695095e-01,4.147135702804127244e-01,7.027158450162116488e-01,5.350140903375874002e-01,1.452380001903624818e-01
4.559895838950397406e-01,9.175885881352608964e-01,5.757389788271105591e-02,9.732237678285692306e-01,1.694543223375677421e-01,9.251820395203422809e-01,6.801936720850187967e-01,1.510066792358151222e-01
2.689062776721720116e-01,5.439737014299007578e-01,9.585484211512094177e-01,7.432033693268911279e-01,5.003997141067688670e-01,7.851094944267946740e-01,5.651386587915255832e-01,1.494161060972640787e-01
4.457100140304787184e-01,7.698946295056130484e-01,4.473769759457224549e-02,9.820315872004122815e-01,2.816124822962666752e-01,8.322035806457576124e-01,8.109368150231888173e-02,5.597839183942099339e-02
4.437331263007494586e-01,9.063938280232273215e-01,3.063241194082558794e-01,5.369624083788127056e-01,8.474727205532378571e-02,4.250319026028034908e-01,2.413973103673228149e-02,5.872978414378941803e-02
4.832762845873517232e-01,8.633125164950997688e-01,2.136941847852060206e-01,4.410994879631484067e-01,8.318113620042472123e-02,3.714034287678592561e-01,2.377545919646692485e-01,5.418988782219014144e-02
4.906806858293140117e-01,3.664489723813938449e-01,5.562033253589354631e-02,9.858825040011038876e-01,6.320808951542784548e-01,9.416736148920167304e-01,3.639551292235864155e-01,4.900216412300975599e-02
2.858277328913306770e-01,9.082781726401359945e-01,6.237147150646474847e-01,8.615240943679924879e-01,3.158053835894161221e-01,5.366577862686461309e-01,5.825046585649860109e-01,1.449681453301955025e-01
3.459083995938542211e-01,7.225461408652444906e-01,6.068758188430679601e-01,6.507882551783936709e-01,3.477153590271511163e-01,2.003830393286218925e-01,7.471713088789985191e-01,1.559969091225671400e-01
2.357109626270110780e-01,5.134899642184445057e-01,9.200841693769861163e-01,9.326756419227114625e-01,3.261496637515995944e-01,9.627455174186106968e-01,4.311153259933121484e-01,1.479152596046586776e-01
3.760016493518133496e-01,3.991924487515516873e-01,6.717128415227804350e-01,6.325854587667506523e-01,3.284189359157700938e-01,9.672928542188879986e-01,5.324668411957059755e-01,1.542580511125638543e-01
1.811146148482777329e-01,4.325346766794127551e-01,6.937990128920148436e-01,8.495252456692041765e-01,4.752540330685548486e-01,2.102489179423737142e-01,7.677113590214584837e-01,1.464877866638715220e-01
2.430696886170948257e-01,5.855482852028522922e-01,9.931836674659754172e-01,8.617080732993178671e-01,4.136113948157399411e-01,7.103760649871336819e-01,4.429986461106616424e-01,1.507824160250029188e-01
4.876879975400585931e-01,8.976988409105719491e-01,3.947838220766503037e-02,7.388265877732769216e-01,6.876694961874901812e-02,7.221084680493465857e-01,9.197021099540807487e-01,6.288788346292720211e-02
3.541724525806816404e-01,7.696300487036561444e-01,4.496664561071755939e-01,7.822653787500802869e-01,2.519280344035866870e-01,7.988394650356062110e-01,1.164217611236582073e-01,4.965945748121858294e-02
3.386444509402989356e-01,4.822856368649581782e-01,7.003205827569655151e-01,7.776760711271768489e-01,4.278457943269153851e-01,8.889705715506458494e-01,6.656248589858486664e-01,1.488699021192790850e-01
2.841881212625759212e-01,7.747215533321498704e-01,9.922148775381304242e-01,6.562427431023781788e-01,2.825620438223609421e-01,7.353487106671491302e-01,6.396727907161990911e-01,1.502084664869533515e-01
4.369375675683039306e-01,8.001328782291449171e-01,1.113667643555680264e-01,8.401468477589677519e-01,3.032980742026707421e-01,5.823817293215861612e-01,7.566643196009668060e-01,1.514398739451327802e-01
2.228348172086657974e-01,2.697636383333116838e-01,5.324111372781534790e-01,9.115701468317348732e-01,4.580392482088834205e-01,6.154574671145849329e-01,3.311942687130210450e-01,1.497168481935224893e-01
5.097034868216862025e-01,4.879211563147900499e-02,2.909783641188907755e-01,4.483235871725058663e-01,4.718913523548987632e-01,6.615580173982158474e-01,7.199287468601071049e-01,1.561282691482174245e-01
1.949083569507938929e-01,4.212351442160737758e-01,9.661875020212177256e-01,7.561890824646567699e-01,4.497234723462166794e-01,2.192318839904058292e-01,3.613603592626013494e-02,1.543220966238039171e-01
2.697689878157938370e-01,3.053485000042323039e-01,9.994583489048960434e-01,5.690178939468676367e-01,3.468174340268906919e-01,6.986152380187486965e-01,2.227783312509673541e-01,1.522349960421035542e-01
3.069628625758817342e-01,9.436458987962780265e-01,8.786529139645455899e-01,6.717604170938822339e-01,3.260338005838640529e-01,3.597034029049565040e-01,5.078278138557729138e-02,1.554959736048450170e-01
4.069025119007644853e-01,6.273571317111857892e-01,1.838799421390910904e-01,5.990740638371883087e-01,2.162371385433059512e-02,6.176108615433816285e-01,7.130578935220484027e-01,5.856642719811010200e-02
3.943717752805584453e-01,5.940802400250076998e-01,8.179284716288104384e-02,9.442185293818446956e-01,3.287016179052790754e-01,5.902113247675063734e-01,6.649371851245393650e-01,5.234787787056527364e-02
2.267757916922958084e-01,1.632757345894975676e-01,6.962801868758006218e-01,6.009397443019363072e-01,4.784047401762083207e-01,1.631848636927581975e-01,3.429592600295284788e-01,1.489196951627497212e-01
3.474371368184143716e-01,8.989739455545048274e-01,2.578595782025900895e-01,9.063579182878105378e-01,3.547198326639587895e-01,1.608924627158063725e-01,9.204413418509665989e-01,1.449359886594344671e-01
2.654039260967911984e-01,1.115385194705841854e-01,6.936706246235069262e-01,7.223301350356792216e-01,3.619343823997406839e-01,6.600554075020466094e-01,1.771763162043470397e-01,1.574101271156453374e-01
1.742709994531039808e-01,1.643440449707145312e-01,7.214127445284039819e-01,8.370692606304528383e-01,3.321727723282043576e-01,1.365647104103328013e-01,4.871930421096938857e-01,1.490464363828242489e-01
1.853237937731062601e-01,2.432802822209583216e-01,3.403580650249499184e-01,9.972509510874700833e-01,5.431556347190158451e-01,1.179339399836100144e-01,6.877639341465836553e-01,1.456900505022141745e-01
2.660365843251840667e-01,1.048200622000216020e-01,5.915812734506270543e-01,6.439736421547644918e-01,5.663354704583799526e-01,4.804165746923128033e-02,4.034636494184781208e-01,1.518211597434838689e-01
2.539381978531934925e-01,5.424465057224844289e-01,3.782842990560670859e-01,8.996325626418605337e-01,3.743753149399305924e-01,4.210289862805172145e-02,2.408954865182223459e-01,1.555950866032005386e-01
2.864651633357893079e-01,3.724344257943270620e-01,7.175450759454963245e-01,8.109466549141843839e-01,3.711608491683348054e-01,9.295226906030096270e-01,8.616783423103362427e-01,1.522664048502843093e-01
2.216450604850113137e-01,9.288498760731300763e-02,2.957265115668286093e-01,8.840695353372577392e-01,3.659674412832054635e-01,1.584505916155842797e-02,8.630071096879856629e-01,1.496335206009589136e-01
3.076325848461871071e-01,7.397603116656229494e-01,3.660024819237976956e-01,7.691958762869181010e-01,2.379611301260633749e-01,2.854630271376038531e-01,5.215866191156881548e-01,5.047979322830490473e-02
1.575309026378695632e-01,8.334431792161312025e-02,9.262851824930249389e-01,7.750562251350873177e-01,4.299810568324177740e-01,2.823595122251378875e-01,5.386671837729584134e-01,1.463057503889301225e-01
3.079457471163358773e-01,8.441910675598247593e-01,3.008236259643347066e-01,9.402839535416879224e-01,3.681068772384584187e-01,4.997179547742541805e-02,7.166003008514970629e-01,1.535943349618540121e-01
3.890547671249279249e-01,5.364109994946073545e-01,1.478541374124121566e-01,9.407510937582812538e-01,7.068576241951953776e-01,3.379412729707105267e-01,9.725616501171061579e-01,5.133718706034219592e-02
4.030603524864839748e-01,8.621141834565186901e-01,1.026488886209001583e-01,9.142580990865057933e-01,1.489255579527998252e-01,6.620626341275538396e-01,7.269832828521040069e-01,5.784438365588939757e-02
3.705221557312378122e-01,5.667150750689236016e-01,2.375722579921735189e-02,9.476882130227135548e-01,3.728290624972641631e-01,4.325162478625867446e-01,9.177243555869531999e-01,5.506525161081592123e-02
1.338343750825182754e-01,6.804478764454779949e-03,9.924618313847658468e-01,7.334465870444987212e-01,4.187982372496361627e-01,5.969543230317087001e-01,7.619074125629343719e-02,1.522517363997925033e-01
3.986143426879409923e-01,9.551313689098250848e-01,4.013692900176250578e-01,6.704124204498793649e-01,1.243825718430512095e-01,6.307203447582144795e-01,6.824871512246013516e-01,4.615492839739843839e-02
1.131742492439005154e-01,6.166782044246932326e-02,9.757470140971962191e-01,9.016260229404852167e-01,5.260747823887432784e-01,6.964060767691426790e-02,5.207696091889914003e-01,1.438952335388623549e-01
3.235850615447464773e-01,6.726040750637012344e-01,7.413177601321374599e-01,6.063448157496098556e-01,4.984891371525979609e-01,2.051871610528416823e-01,6.094016679929681324e-01,1.539537978774317140e-01
4.246010946510345718e-01,7.498359767495186290e-01,2.440340786580139365e-01,8.489261219502985956e-01,4.952754371253131893e-01,4.608714772115213298e-01,8.797511413009631021e-01,4.898591128356583058e-02
2.875675167277929600e-01,5.085546865001150385e-01,3.218903395613155194e-01,9.238243243387479486e-01,3.060224426542876297e-01,5.963920883988184096e-01,5.760745162221651006e-01,5.629869998962172550e-02
3.008318928525229308e-01,1.301249090335992453e-01,8.916628592920884389e-01,4.477168209132633692e-01,5.034911242519550800e-01,5.119076570194583953e-01,3.885859525654473678e-01,1.494415835796886749e-01
2.894784819418407817e-01,1.849926335771200359e-01,3.175351888845026060e-01,9.633514559527146526e-01,3.084731424473000638e-01,4.974276743483470042e-01,7.528694483765198120e-01,1.504753718809065388e-01
2.449893616564500776e-01,4.482603864564401186e-01,8.743260357625536328e-01,8.996789642557057043e-01,4.132996314214317235e-01,5.863955597750085680e-01,9.078621762563731101e-01,1.507078720939476757e-01
3.813959741614859622e-01,8.295472573339256472e-01,4.706092281424225643e-01,4.960614798287635852e-01,8.431439574940946535e-02,2.724923250178238332e-01,3.674779092225226584e-01,6.015386435139713495e-02
8.841278111329653466e-02,4.452321162767169938e-02,8.724367280094443844e-01,9.994477618782989792e-01,3.179865642125475622e-01,2.700885826982062365e-01,6.594699237194323604e-02,1.475192985105663324e-01
5.108212285052451396e-01,4.783875587424826215e-01,1.158686087250651031e-01,7.559008036712591139e-01,4.248894948722586884e-01,8.571056457808186035e-01,6.294623447358205226e-01,1.500545167198484298e-01
2.669763849603133954e-01,3.587589610783560312e-01,8.310530189597347128e-01,6.903557556162716047e-01,4.711511899821528848e-01,5.183937802674121187e-01,6.899862426646665714e-01,1.511463952080641659e-01
4.893866985730326302e-01,4.939386315511919978e-01,2.014122305998823914e-01,6.854879653779374360e-01,4.505802056974398395e-01,5.321569503653302835e-01,6.450931374969028909e-01,1.543821111643561006e-01
3.958345539728026496e-01,2.687855157875239098e-01,1.695586592729198538e-01,8.631677867008222815e-01,3.740123267333528290e-01,7.396808038308809730e-01,8.396782719664306338e-01,1.488332257568104056e-01
3.463205750554299023e-01,8.290965142457663584e-01,2.563800509723146437e-01,9.426920184801061975e-01,3.711570236357226715e-01,4.646976747788302831e-01,2.925152815074588686e-01,4.908447685939854033e-02
3.614807390264159204e-01,8.440037442809354973e-01,4.373444416591995010e-01,6.810473364066614854e-01,1.656123762680580258e-01,6.051555025069689231e-01,7.085398986713244973e-01,5.752633756540592724e-02
2.975629725318864605e-01,7.516868472636135667e-01,5.548962117183138254e-01,7.871534650390690224e-01,5.029786829456219799e-01,6.868702037349239120e-03,5.049764671657711590e-01,1.514101199852170287e-01
4.571969984764379658e-01,8.086282724686518764e-01,4.187399988109944959e-01,5.545319845278514626e-01,3.253125121551251331e-01,5.332035353664034139e-01,9.723369866635247494e-01,1.502916101741304244e-01
3.824045595773155615e-01,5.615316217677071009e-01,1.990707749446061769e-01,8.319902899048789990e-01,2.662166005435656069e-01,7.250652071904304385e-01,9.587819079838582059e-01,5.590018186824566998e-02
2.210756761218701238e-01,9.004342416328832144e-01,6.720279064596323959e-01,9.603290174120320266e-01,2.793702208201901960e-01,3.053810560745458536e-01,6.718283476172972613e-01,1.507437216180345929e-01
2.180077687738869174e-01,3.132953329620680183e-02,8.553198797349101934e-01,6.335329173306994965e-01,4.843173129634912311e-01,5.042843089718468397e-02,1.925929616866255412e-01,1.508580693259823635e-01
2.438398938003054628e-01,8.442339847357716032e-02,5.825906685992066070e-01,7.058015845857750215e-01,4.237914717125899067e-01,4.499449786171645371e-01,2.297871213303307458e-01,1.540316539381497707e-01
4.488159887597850117e-01,8.617187913100115004e-01,6.118440344514319840e-02,8.979618207257786811e-01,4.282479911768486969e-01,1.471069421094243213e-01,7.198695629176189437e-01,1.537502258956330858e-01
4.418528763067959275e-01,9.168937772822578491e-01,3.481447667383577027e-01,8.890993304322107882e-01,4.915788194072937545e-01,6.738919493674176975e-01,9.192547460446571783e-01,5.394272932562160783e-02
2.458467151572476528e-01,1.339079322399318039e-01,2.505151488216728062e-02,9.907873226927554899e-01,4.975078118135889405e-01,1.319416323641825484e-01,6.113575123735076611e-01,1.477054624339277922e-01
3.967104783276897417e-01,7.995474791638854661e-01,3.134872312707948083e-02,9.071403419260302137e-01,3.132568129384034616e-01,3.374627647290432964e-01,2.821595090856253707e-01,5.526413834094239669e-02
3.580359736750156063e-01,5.714844292821995575e-01,3.533532965701746686e-01,7.994335457568925163e-01,4.141917544553084252e-01,5.528277974180271226e-01,3.925671218589280587e-01,1.526202009822864580e-01
2.969537044653017821e-01,2.231742160267914943e-01,1.756841139247480865e-01,8.597039337360711242e-01,4.274885941803503453e-01,2.390849133822356420e-01,9.737287813092558864e-01,1.487286833440494282e-01
3.929348392586760053e-01,9.913993364344575454e-01,2.813343285221232559e-01,9.380472740107480556e-01,3.526517747636576106e-01,3.521190870604401502e-01,5.544367066012406697e-01,1.537432158534900450e-01
2.398816681205015733e-01,6.805991251125380614e-01,6.340406896932457848e-01,8.747787266439261966e-01,2.863093250366162690e-01,4.945044359476278295e-01,1.029909598448698338e-01,1.508944005095455010e-01
4.351303378749624695e-01,8.326065953468954062e-01,1.984185573496141941e-01,7.608471210032559107e-01,1.523119418020764670e-01,9.670376680679374504e-01,7.596886654654542159e-01,5.106244156723196981e-02
4.572911712906513326e-01,6.473956763799384451e-01,2.320183132162971784e-01,7.403094207774679747e-01,3.727794182723692118e-01,8.943814928174576018e-01,7.419873551770375109e-01,1.506450198910369298e-01
3.008510790305169991e-01,6.166881443390099804e-01,4.329979252568940673e-01,9.573655095750543964e-01,4.308103253778371444e-01,2.616818596371514039e-01,9.600374677875812557e-01,1.480125522821938988e-01
2.342048776652655429e-01,1.661888298633400485e-01,3.213315804628505967e-01,9.022100044505148020e-01,4.189751622854243074e-01,2.091867401773944701e-01,7.738100847594394649e-01,1.470235428204649253e-01
3.167830661298477457e-01,5.809803378422325748e-01,4.172751440030860737e-01,9.644414911073131425e-01,4.202140016962883085e-01,8.655814742455308908e-01,7.765402632312822240e-01,5.604274952091865131e-02
3.868978279891337468e-01,8.245833142268954585e-01,1.859077483526866137e-01,7.963086300226724923e-01,2.489550633962532844e-01,3.740183447413719109e-01,7.306087853707546875e-01,4.733322056169779468e-02
2.012241694195437969e-01,4.277612365858354249e-01,9.049771060550045876e-01,8.072842885622029119e-01,3.975866263396716782e-01,5.306043664542026139e-01,1.058477496322891565e-01,1.546620554651470247e-01
3.477519829744344926e-01,3.828343710120711840e-01,3.608086021073697025e-01,8.083734237753438245e-01,3.751084960171141569e-01,8.579579425299822537e-01,4.186639121653181195e-01,1.536941661479917509e-01
4.168570555306470582e-01,9.771717029391382425e-01,1.050075670028685071e-01,8.809706939572963247e-01,3.119561257680358857e-01,2.142680399965363192e-01,2.023698636546824581e-01,1.527464353482770876e-01
3.778921130595753741e-01,4.961864841015301009e-01,5.912237941534725927e-01,5.589253907886542194e-01,3.443725515054268937e-01,7.780571299985132860e-01,5.668297758416519505e-01,1.540126473458468537e-01
9.571492075146986744e-02,7.800621568857801780e-02,9.896533237380578107e-01,9.357610707716347287e-01,3.824882495848295760e-01,5.695013082761636314e-01,6.157042928887903610e-01,1.455198673031246059e-01
3.353427265100870081e-01,5.908614282897975967e-01,1.872948196628664297e-01,9.530251025583740265e-01,2.427039154472487859e-01,5.413266284638077463e-01,1.133719336370427877e-01,1.542369758386832324e-01
2.585757503062106055e-01,5.308901786564758085e-01,7.365784455420802956e-01,7.846914693611409808e-01,3.981198635033633138e-01,5.418509618520339632e-01,6.863050053523879201e-01,1.439763103406626055e-01
3.085839262995557220e-01,6.806291722581727655e-01,7.848865040869174026e-01,8.127472411841631939e-01,2.862898468568481070e-01,6.495516365042928175e-01,6.369920963109136913e-01,1.520815087975622704e-01
2.885272858358775006e-01,2.416894749441789170e-01,2.555459325841637486e-01,8.257101497764073317e-01,4.267208440474852260e-01,2.614505007404001047e-01,5.473593032028550853e-01,1.465382948250731066e-01
1.952174533552329949e-01,6.911873149919055548e-01,9.354597894632379340e-01,9.822131899017588763e-01,3.568604968210361550e-01,5.920721087446788600e-01,2.721338687470170603e-01,1.470316082535400026e-01
2.603265828375752600e-01,2.169133143704381483e-01,9.559644418809276623e-01,5.591242792500538128e-01,4.757950438007385596e-01,2.772708291045113960e-01,9.417982615281903502e-01,1.487714156709238900e-01
2.892514121644133018e-01,8.735604674070692743e-01,2.763897740063420150e-01,8.779293795263862776e-01,2.146281579778181181e-01,1.369582223298053680e-01,3.158621358624663644e-01,6.141406600988163350e-02
2.699385330837711372e-01,4.786194803257055042e-01,5.013949736302600879e-01,7.852293401057540700e-01,2.824394088208164177e-01,3.302979662711428288e-01,4.399972719710985025e-01,1.531934925784463331e-01
2.941521048967523644e-01,2.788849109379205049e-01,4.356102920970948977e-01,6.086443741608675850e-01,4.967474183648836195e-01,4.847978751053916291e-03,6.617228309074401071e-01,1.518416056420694438e-01
3.473143942264083628e-01,8.424408899682709340e-01,7.890478553695140507e-02,9.820704182488080303e-01,1.420534528995088530e-01,8.393241372195852090e-01,8.840763280572940808e-01,5.720337127559167040e-02
2.292991162580190756e-01,7.652236401757606110e-03,4.784613293919312005e-01,9.723969040546750486e-01,4.264821632292454257e-01,8.058167742994648552e-01,6.812572844278564910e-01,1.466213615487537147e-01
3.175037177819234335e-01,7.368751563131781257e-02,4.549259877437002997e-01,7.520115652473992052e-01,3.780121636045996047e-01,6.245885440523443188e-01,9.999890235516295522e-01,1.467929326264586221e-01
3.999970161974577554e-01,9.391246143291077653e-01,6.095966811169762911e-01,6.412502134014501642e-01,3.402233771441419696e-01,1.837271568814589084e-01,6.837935565375803382e-01,1.547600273506488655e-01
3.773214421395560403e-01,9.583187997067112995e-01,3.003953761737265249e-01,6.671927398941283061e-01,4.294700971168469161e-02,6.975902353471814532e-01,6.102654510957894463e-01,4.630871509338316955e-02
3.107494150087682927e-01,4.513502630584128594e-01,2.458381447388549024e-01,8.947612974558263321e-01,3.074932311542299956e-01,3.251382034744199068e-01,3.980825171218903558e-01,1.499205739400921722e-01
4.654792088287479923e-01,9.268347345041221264e-01,2.249196209303125915e-01,9.174356408288686371e-01,5.059650575001758410e-01,8.569413829181983244e-01,2.299284666309600045e-01,4.853746505818624934e-02
3.346889446685819003e-01,9.503533803775470190e-01,8.132784465469098389e-01,6.371574156498085451e-01,4.097155598628170470e-01,3.512604006043007487e-02,3.782806008613538440e-01,1.568667587489409598e-01
1.912236768287846889e-01,4.253039625638946331e-01,9.839957006401531814e-01,9.581372424410501409e-01,4.030823403022392171e-01,9.111966668605635533e-01,9.460652209722996142e-01,1.459636396985170559e-01
3.805507512011468418e-01,2.430401151881361188e-01,2.919553144435418357e-01,7.613932337472064660e-01,4.564520609823897734e-01,4.394066054910820140e-01,3.587263248847620822e-01,1.524633117127059123e-01
2.673373408290594666e-01,3.574366159987873992e-02,7.129764288237413483e-01,5.683679069672987749e-01,3.835629284331405486e-01,5.609856371131471953e-01,6.999000285371715924e-01,1.493908809648405445e-01
2.722931867951148277e-01,5.573588084794245390e-02,2.422447077526121983e-01,8.971237665453836163e-01,4.132447193392940754e-01,6.039370247001241143e-01,5.154649730663188878e-01,1.462196991761781639e-01
3.850107819221076921e-01,9.329315128347177577e-01,2.345655678829218216e-01,8.703691249127711860e-01,4.389070584697959410e-01,1.730629447183545389e-01,3.645079526757895039e-01,5.281881622222144024e-02
2.443977412523719028e-01,7.237906616644586011e-01,9.963083218885444570e-01,7.294548835630305650e-01,4.082802179908960327e-01,4.141241748987897764e-01,2.998899232485962019e-01,1.511359345976839297e-01
3.751765490482036891e-01,5.467760273286215167e-03,1.913853994402516523e-01,9.488901539079295233e-01,3.140387356817886388e-01,8.861726114480590333e-01,2.719672308566921104e-01,1.539083780292051229e-01
4.695958977904181042e-01,5.781122053911561531e-01,1.894415223041870933e-01,5.809758968945786251e-01,4.827804328876590390e-01,4.330025269087733886e-02,6.435304130318942883e-01,1.524148074766927818e-01
4.617886377329147862e-01,9.855658743204451788e-01,8.374373886373189801e-01,5.191737870181687420e-01,4.456182598452153032e-01,8.020555867400316341e-01,9.730384585438407452e-01,1.502021899379745451e-01
3.197162712571517962e-01,5.242511808596572731e-02,5.356545868523242548e-01,5.927213246818057168e-01,4.401649019154108000e-01,3.938247348186479924e-01,7.271713456300072931e-01,1.554053687519887095e-01
3.635728700386575141e-01,8.560327261901534701e-01,2.540969252222547992e-01,8.748932575713030957e-01,3.927510224250811421e-01,2.586757661863377522e-01,3.693168862460955992e-01,1.548275832112893380e-01
3.871464370016408085e-01,8.594912846538919071e-01,1.330174263472609919e-01,9.994384012624781821e-01,3.103080546319181843e-01,5.593119865804190294e-01,8.504501970970115288e-01,1.427693096391928207e-01
3.239675071732650569e-01,6.637140936415678594e-01,2.450363568449884788e-01,9.932101200667090568e-01,2.002475088911663814e-01,8.574336755208644689e-01,4.521108043944084276e-01,6.197227903172505131e-02
3.971346188746103234e-01,7.292519716039733702e-01,7.727316667114381143e-02,7.341407504218014912e-01,4.976816858353244610e-02,6.497893747846043011e-01,4.377365251864167583e-01,6.582108797310098902e-02
4.082966830483682474e-01,9.949005669921457962e-01,1.832345947357756910e-01,6.482365884609472273e-01,6.294284108078967988e-02,2.660491849204967840e-01,7.340449703189458885e-01,6.206269075750341091e-02
4.192486313496173733e-01,7.438456538370845639e-01,4.880482199005606869e-01,6.986993529988514418e-01,4.267456081696179293e-01,8.446389743565994035e-01,7.943846929966013048e-01,1.513853165927223632e-01
2.130642924909551539e-01,4.632730386664190569e-01,6.868726022749542803e-01,8.262016253634315577e-01,5.073052193326906822e-01,1.592480819926293534e-01,9.158749134290020688e-01,1.479418325012325508e-01
4.821482149585407662e-01,7.679851001917548103e-01,5.903239332206173806e-01,5.029873833294123964e-01,4.473544076308267892e-01,8.345252523605056760e-01,5.523368360756617523e-01,1.515929768972502645e-01
3.627288177869492092e-01,6.972234069651568333e-01,3.924639951419894857e-02,8.903793539955338066e-01,1.347529562646436474e-01,5.523735480773320772e-01,8.898040222774638019e-01,5.769468358670980929e-02
3.273867581839319252e-01,5.542623584968958683e-01,1.599155736376322579e-01,7.668948555902729280e-01,5.714788356058586594e-02,5.321364567775447307e-01,8.134011818028501484e-01,6.214078678301419856e-02
3.943698150559470372e-01,9.428924262538029843e-01,4.096800929550169501e-01,9.549183358619697248e-01,4.191521534928652759e-01,9.635179986950159758e-01,8.386438301012801855e-01,5.488990841324618841e-02
2.929356567024274938e-01,7.092804577900921892e-01,8.101306178231861832e-01,6.919143992100389440e-01,2.599787507655695329e-01,5.451868621457126585e-01,1.067989965494393623e-01,1.528132779455073642e-01
5.971473254590814461e-01,8.238857788480968836e-01,1.550130709586424460e-01,5.775257875604469238e-01,3.840442962271502503e-01,7.219419325481039040e-01,6.931811941639276498e-01,1.519341916357360711e-01
2.852235187170095720e-01,3.718770225657659356e-01,4.891072959125947195e-01,9.299315870464999190e-01,3.293356430282304848e-01,6.985065720189701510e-01,9.157694675997974931e-01,1.496688263310042011e-01
3.530173824531532834e-01,5.073383272354619056e-01,3.015208664050512688e-01,9.852742478356786293e-01,6.840161342733994676e-01,6.694637160146730270e-01,6.152169764603221402e-01,5.023921673201145466e-02
4.229329029289520259e-01,6.016219038392461860e-01,9.097458450872044633e-01,3.265048292781179140e-01,4.040826405218306272e-01,6.931892981810586774e-01,7.715262201860044744e-01,1.503605240396493070e-01
3.321300125563647065e-01,3.198620239816858390e-01,6.855461383879151160e-01,5.077260305996186274e-01,4.356849616416563209e-01,1.477526382969890917e-01,7.715920719163672503e-01,1.496193606286039812e-01
2.315167763602242745e-01,7.187243211774267948e-01,8.009683757341219401e-01,9.460972814849858414e-01,2.212393064830255884e-01,5.078104624542948420e-01,3.740607296397802095e-02,1.522948848819210277e-01
3.632320450904085174e-01,9.834385018546463186e-01,4.876585898116794771e-01,7.965458004171989126e-01,3.053625968631266119e-01,1.088585250509084279e-01,4.102347352320797613e-01,1.563698912431547849e-01
1.306204719020816751e-01,1.399455789525925753e-01,8.928805780204867037e-01,8.140286291228228110e-01,3.889247344056539490e-01,1.278764540800164107e-01,8.990830749890819096e-01,1.448575050564833155e-01
3.450983468362200934e-01,5.195003571898628714e-01,7.429005616639727805e-02,9.687014644866351887e-01,3.672400144877719930e-01,1.607945393080960628e-01,5.189853857308007745e-02,1.573608342202385546e-01
2.893090665186442423e-01,3.870822321002291289e-01,5.883397499035916134e-01,7.021568204692071324e-01,4.268030998992982661e-01,3.725755684910287968e-01,5.358656536825961991e-02,1.558512519229978965e-01
1.976011090085966204e-01,4.562215518123013958e-02,6.700182201951134786e-01,7.957236665558387045e-01,4.963987790597684246e-01,3.567045247855399337e-01,8.416261477858795192e-01,1.493252368777094885e-01
2.827535411851208602e-01,4.446150553529557570e-01,6.739387942180857793e-01,8.269532748388538357e-01,3.199470406360501729e-01,6.371119798369845322e-01,1.645952406631470133e-01,1.563513400901350714e-01
1.607088986922116935e-01,7.228942289337947358e-02,7.694341668268676049e-01,8.042276594767044928e-01,3.252391329562953071e-01,1.754884534392157081e-01,1.645582519188595327e-01,1.531670936109297276e-01
3.682792669400976604e-01,9.260915077818547836e-01,6.260732078358881569e-01,7.768052321115797021e-01,3.232314854056072551e-01,4.848548214314749583e-01,3.576456712655170511e-01,1.560315566651115926e-01
2.225427687961596401e-01,1.906910011973439456e-01,8.424608961887056768e-01,6.383919668565760652e-01,5.615740848607462254e-01,1.806423546790503210e-03,3.093353087247724398e-01,1.490865085989706573e-01
3.501703157892906426e-01,6.774051606278138626e-01,1.656513885379325146e-01,7.074918161806346140e-01,2.997476329140663642e-02,6.329234268723336054e-01,6.041921499304747645e-01,5.245569688400115310e-02
4.134140243180949303e-01,4.622026310784851377e-01,3.366926023972892645e-01,5.668982342424838672e-01,3.946239023491930897e-01,4.786604373989528094e-01,5.052911731760914016e-01,1.537034579226290720e-01
2.931252339971100462e-01,6.773106768235077624e-01,6.815980565294819105e-01,8.430217753111529655e-01,3.802392061603225848e-01,6.437649473072528661e-01,2.502586057658511831e-01,1.513237829497292575e-01
3.439127434545965478e-01,3.068555736599359873e-01,4.657065387146034352e-01,8.165134025030829079e-01,3.726393957529726686e-01,9.718528360284218737e-01,7.802905355389869735e-01,1.549570095001301384e-01
4.105943222495690992e-01,6.383475212591323000e-01,8.565525869609269538e-02,8.414784947169461349e-01,4.321241601609616678e-01,1.421716598108235807e-02,8.208463695035032037e-01,1.510912033774124141e-01
3.401322058377845847e-01,5.648946051654653022e-01,7.722717015484750203e-01,6.239468298675938662e-01,4.207617445293357905e-01,8.768249115630278867e-01,3.400345821211785413e-01,1.539877594532272909e-01
2.612620217178989179e-01,6.013495294820990766e-01,7.486310177243806763e-01,7.688774367885058414e-01,4.291635631994078492e-01,3.198364279671399579e-01,4.919319629114115577e-01,1.484556984640411637e-01
3.595336837294698107e-01,9.132085402990890444e-01,3.580956129947221456e-02,8.493567936574936139e-01,3.221663978858635424e-02,4.941685947040440618e-01,6.903450561796943274e-01,6.585153324356096682e-02
3.905955056305553397e-01,6.594681976785606858e-01,3.742846252717100253e-01,6.138389750805663958e-01,1.943174336469086771e-01,5.076590256023382208e-01,5.328591546391606704e-01,5.505261629754976127e-02
5.026874282993547549e-01,9.963062579488716208e-01,1.564627295080814884e-01,7.791430143900976990e-01,3.675232945812315632e-01,4.364174487121864066e-01,6.052222506929351153e-01,5.176986107774120272e-02
4.725367917652952277e-01,8.224751910881653583e-01,4.457473615012156332e-01,7.444542267348035480e-01,3.735038267609743778e-01,9.256622194897498046e-01,3.148395001937788762e-01,1.555159577927238690e-01
3.194439196116715118e-01,7.886627442433562507e-01,4.820069434098004368e-01,7.995175051906637798e-01,2.972389064218078358e-01,2.278197852264335910e-01,8.667199909080711695e-01,1.498120796179855663e-01
3.385573850511201521e-01,9.817737498726988310e-01,2.098229712236382716e-01,6.752183884091537136e-01,3.045745792602833069e-02,3.065924497643646163e-02,9.925377964608805836e-02,6.336424499640570807e-02
2.576999017314079432e-01,3.224546882974448914e-01,6.818517969523683053e-01,7.100231906572022078e-01,4.251946254170925754e-01,3.900842369355996264e-01,5.584927358074792680e-01,1.492547894193068103e-01
2.427233711361008461e-01,1.286675837954381896e-01,8.269663643257981755e-01,5.857944094568957594e-01,5.240498944875915388e-01,2.354313708083284329e-01,8.499347012793806444e-01,1.492046644346182727e-01
3.574578758677668944e-01,7.473347818752086313e-01,2.891379883029904230e-01,8.038515068078728731e-01,3.585832450578421149e-01,3.709320617311205881e-01,9.108436190613178329e-01,1.473115428486823086e-01
4.037380383508447079e-01,6.901798676131158938e-01,3.363350876933107747e-02,9.181237558804555832e-01,3.265135464072568272e-01,5.655007393545875560e-01,5.049648985177613847e-01,5.045052600698787110e-02
3.041164920404513250e-01,1.637806262755154285e-01,3.088798366227230030e-02,9.313916600808137547e-01,4.564285026818608593e-01,4.933338145585575152e-02,9.684015326781855171e-01,1.491081991486058467e-01
3.754731515783313878e-01,9.798232606883021667e-01,5.601999720996947429e-01,4.954688749308975848e-01,1.603773488771981226e-02,4.328821471984535263e-01,8.900947000098952122e-02,5.861981948205980536e-02
3.695959928587968513e-01,9.412613862440277757e-01,6.014111646412527712e-01,8.129614029584498747e-01,4.675573086752398133e-01,3.553317479032266357e-01,9.749700462900376952e-01,1.490185885392449894e-01
4.836921267348172071e-01,5.955641178242884193e-01,9.680465594103576654e-02,7.842979980487401193e-01,2.848276083171059070e-01,5.701253468328909557e-01,5.355804170355714655e-01,1.521683715800180581e-01
2.557963897922644891e-01,5.813863773783793931e-01,9.477877971311485794e-01,5.868831259769455855e-01,3.119225887804752961e-01,7.217635030869651303e-02,6.038674334373359542e-01,1.485613005014287946e-01
1.465437116694014996e-01,1.230339529291964995e-01,8.417877139960271426e-01,8.071998151642812980e-01,5.526396476071682162e-01,1.565629129915647733e-01,9.759385507071682841e-01,1.442457258218692306e-01
3.083225659337738844e-01,2.844743430317910327e-01,3.277634812392932195e-01,8.129730956165570621e-01,4.694720329235753109e-01,3.092800935567626697e-01,1.044743190760810680e-02,1.539874106023619293e-01
3.984220314581810030e-01,4.788837420597565897e-01,6.261485355862952407e-01,5.549441524119271829e-01,3.415529717383896657e-01,8.805495758516883598e-01,3.728231702921068758e-01,1.540698206813829740e-01
3.563276278831307708e-01,2.572557248428936072e-01,6.611556457910614526e-01,5.509085241872982985e-01,4.315423306275861792e-01,5.391341615389434461e-01,7.324816727776342073e-01,1.524614929424537579e-01
2.423755793575895212e-01,8.820717624950416003e-01,7.537765673288909785e-01,9.050150153861747926e-01,3.228872300544829987e-01,2.958470598392398676e-01,6.784966952586346522e-03,1.491701008189000310e-01
1.711797687474982954e-01,2.088570367525061089e-01,9.747842932031782759e-01,8.786331323469379617e-01,3.488871501317825086e-01,7.987248440934593408e-01,8.328147364948812470e-01,1.441433194025024400e-01
3.117464011076361285e-01,3.164172921616788536e-01,4.307877566180480233e-01,7.547972157079922972e-01,5.038442324359019286e-01,2.428238496449495742e-01,6.980895130195663434e-01,1.537715295910342117e-01
3.412550336561276376e-01,8.291647402984327897e-01,9.986380545807871378e-02,8.905915939635160594e-01,2.335304516045276779e-01,2.156984961603900519e-01,4.141349100124231963e-01,5.130579249659317220e-02
4.440164007893114273e-01,6.472996582755647932e-01,6.361798741376711863e-03,9.572880556366587523e-01,7.593826192047353763e-01,7.307633160869547728e-02,6.898648618515016429e-01,5.258481809433997178e-02
4.333609193505922885e-01,8.934625162331657489e-01,5.017519865222985764e-02,8.791919910884845590e-01,1.660093492061136544e-01,8.087218849582250568e-01,7.811650666357524697e-01,5.694862102411746285e-02
2.172919342268219978e-01,9.031327916978523218e-01,8.808392800475237649e-01,9.367289759973311813e-01,1.722461472025710316e-01,3.560013317430997803e-01,6.556696220624361748e-01,1.479062593477379894e-01
4.795891202600356396e-01,5.756530988570793816e-01,2.177662872534010252e-01,5.551348990138542661e-01,3.551186520894659138e-01,3.032134815221937951e-01,8.170015193426179989e-01,1.527028470975532737e-01
3.105055496802054948e-01,1.548489285761015521e-01,3.696868229672982675e-01,9.751222175735591025e-01,4.025933607749991872e-01,8.471779073146514794e-01,9.181457305439142402e-01,1.488569721983697969e-01
3.345392773435658107e-01,8.312140846900061275e-01,1.184466961311324840e-01,9.504227563814868773e-01,4.339965027550933274e-01,2.552340769337169135e-02,7.919654652819299034e-01,1.486078873309272241e-01
3.740366684306154488e-01,8.599513885978030681e-01,8.027187706285365820e-02,7.312981690970158377e-01,2.999877293050023930e-02,5.497637725217396909e-01,8.612616638103653965e-01,5.542696700417337752e-02
1.216967243493964623e-01,3.056461124131114593e-01,9.035967850903598997e-01,9.389395546477478094e-01,4.745021949208606538e-01,3.189721565795843317e-01,6.955499564039272498e-01,1.438530291812204487e-01
3.120070378697645808e-01,2.255872790469564682e-01,1.218444707322930420e-01,9.697880384059691661e-01,1.962107151075766776e-01,8.735721077494897902e-01,7.416803570328631690e-01,6.506864227327480155e-02
3.058916213033629483e-01,6.232158792184888663e-01,8.548519074182574506e-01,6.444887838778421418e-01,3.555843215728876627e-01,4.756689354863112285e-01,8.146644979507642326e-01,1.483266655061156181e-01
3.771790144701553382e-01,4.390887273703107385e-01,4.430515258803710554e-01,6.719314647953280595e-01,3.362794478614085092e-01,4.291934963642540790e-01,7.308879854737682091e-01,1.536476075015145437e-01
3.196439403397203227e-01,7.097309618915708107e-01,8.775500782152967361e-02,9.944262394568056385e-01,7.882083661212679893e-02,9.886458878504579273e-01,3.680453846130472551e-01,5.213314447723593759e-02
1.233598276638946389e-01,2.194589214293040103e-01,9.431265098729814111e-01,9.861639406083438919e-01,3.464149961006390832e-01,3.694446021207499209e-01,7.681968510728316435e-01,1.426038807305829437e-01
3.190861825921472716e-01,4.435684364130129120e-01,8.044127538298007085e-01,6.414065619721357470e-01,3.889427753853209602e-01,9.305334938177387549e-01,5.832029601225475757e-01,1.511947276425024411e-01
4.481479529964562669e-01,6.923772235640691664e-01,4.273514040103640332e-01,6.246494088285998725e-01,4.396652123323411820e-01,6.537573226981325814e-01,8.303331921210332922e-01,1.517536782769207115e-01
3.479945929567759833e-01,2.283503165781511912e-01,6.808478828519537451e-03,9.792103466474482154e-01,5.048964649252797310e-01,4.337611924978218569e-02,2.394324203027882181e-01,1.544166190729475141e-01
3.003660124884038884e-01,3.715819149357744156e-01,5.301765719869117044e-01,8.433950092447520808e-01,3.996333153961810769e-01,9.980793463224229001e-01,2.996491421550884215e-02,1.500794441214871322e-01
1.533433924270479753e-01,3.555961154439157834e-02,7.578043790567543514e-01,9.414368924943729011e-01,4.572493550436222964e-01,7.427423052862484054e-01,4.215796340333370917e-01,1.479785248685944188e-01
3.039177102849605072e-01,7.440992235866706883e-01,6.500838910158830419e-01,9.323114532564709123e-01,3.658106957123221092e-01,7.074700069314233675e-01,4.618223102701900507e-01,1.526643346789258171e-01
3.053668444804865656e-01,4.103613233048263309e-01,1.466387359345415753e-01,9.285041515170383564e-01,4.264421468123624770e-01,1.037942636435285060e-01,9.983559183955598160e-01,1.512805216545785036e-01
3.687163585391594611e-01,5.632557391279845449e-01,1.807387829889108843e-01,6.813026730701303713e-01,1.257432695984428417e-02,7.461153724714413293e-01,5.531785335701762119e-01,5.752139763454280907e-02
3.774161657909843037e-01,7.597113368111613196e-01,4.666312111834652332e-01,6.732645535415177074e-01,2.056396900911936498e-01,6.827491687639405393e-01,3.917817437879058673e-01,5.226660137449824772e-02
1.623968044853744130e-01,1.127011013452633437e-01,7.505433344461248657e-01,8.447141618392405293e-01,3.947261655750344822e-01,8.174321759397240594e-02,1.977349912703422197e-01,1.512196123536703185e-01
3.917459220191059632e-01,6.908755066926727251e-01,3.212557559010142949e-02,9.248864372905385434e-01,4.163661394659972093e-01,1.923767952193119468e-01,1.434911211305778256e-01,4.970738403766084001e-02
3.045909761287161066e-01,6.511767163218611376e-01,3.674926576406167822e-01,7.152580017037409865e-01,2.417456336094954139e-01,1.499078695811146833e-01,9.432034933488812056e-01,6.003936655273345302e-02
1.357454623740931010e-01,8.749509738187177810e-02,9.073833038154113240e-01,9.117643004447789634e-01,4.617919190928800321e-01,5.109732819972976348e-01,2.486979591637209497e-01,1.448889224579309742e-01
2.949797904021198014e-01,5.472880449298960226e-01,3.503266149231898385e-01,9.314944852175862655e-01,3.341806970691673651e-01,4.592735496205280765e-01,9.910960328419660126e-02,1.555161681960690601e-01
3.316610395075791917e-01,9.543438642759285440e-01,4.485462168854033593e-01,8.015508035255864971e-01,9.404379071056190309e-02,8.275556387949718484e-01,6.045612799078555755e-01,5.210259283013139731e-02
2.566372654081969795e-01,1.621662986576395959e-01,5.307814646934824188e-01,8.543936145972543805e-01,4.790201812958537197e-01,2.882848273890905033e-01,5.076015348708758923e-01,1.511862492562319749e-01
5.053531869275564858e-01,9.257245741379220849e-01,1.454134834921304575e-01,7.766756589059607974e-01,2.925449069088898457e-01,8.348080607163345102e-01,5.922059909687401591e-01,1.547087127578998800e-01
4.055400990932549465e-01,9.982875233918577784e-01,3.688017573043794739e-01,7.159149764828193208e-01,1.977123091058825555e-01,4.762230493000492171e-01,4.862984835863055633e-01,5.836986303018509847e-02
3.627186008945472162e-01,8.636895970163480651e-01,2.808982406419402444e-02,9.899868496067973922e-01,3.080533590878956063e-01,3.630130378990120699e-01,7.564609312014636266e-01,5.544499496468532213e-02
2.811052357320770745e-01,2.003740999407064849e-01,1.581106384898443851e-01,9.233527408394162084e-01,5.126211229836918903e-01,2.096906436428393472e-01,3.891814967782343815e-01,1.524887199813652061e-01
2.052334571064842739e-01,7.051944335174892275e-02,6.847447269011209814e-01,7.776960149756892982e-01,3.837769235472220375e-01,6.038463755086791451e-01,3.049358225359311003e-01,1.494112295162772219e-01
4.584508459459713525e-01,8.838904422366942182e-01,9.001422767646372058e-02,7.280553107448624051e-01,1.793446617331746762e-01,3.514021977307639211e-01,5.239238192871294997e-01,6.408554124682683262e-02
3.451169719023522431e-01,9.597178304107464308e-01,9.428522370075747006e-01,6.455226002781130346e-01,3.552603977039118233e-01,3.863030304590667763e-01,7.949791435200606049e-01,1.526583677386081639e-01
2.210320020804478203e-01,3.380302268943928823e-01,5.740563093275053985e-01,9.080730011594114748e-01,4.785317164294354830e-01,2.872553887738739098e-01,1.135835368007968027e-01,1.519276440296924990e-01
3.730913854455020218e-01,8.334160878599028432e-01,5.458935668830999788e-02,9.341805998736590899e-01,1.413301900708800463e-01,8.692528749157684143e-01,3.360149281448043812e-01,4.937723629178825124e-02
4.681939921024415030e-01,8.085633062657676673e-01,3.143098058397051364e-01,5.112379125866439722e-01,6.884008374444683387e-02,7.034282196908154816e-01,8.961605042339197968e-01,6.216147365495061639e-02
2.303325224719947606e-01,8.717477564576758819e-01,9.572595548676553490e-01,7.968537926761224410e-01,3.072902874867586842e-01,1.339543958071991447e-01,9.323711776700754905e-01,1.460382957933046288e-01
2.910130434929216747e-01,2.497493994561148511e-01,4.410066893986769321e-01,9.113439721019267470e-01,4.701085826775167620e-01,6.514767850809820571e-01,3.550933323679870135e-01,1.492354098410119123e-01
2.876695342779240772e-01,5.688768613178799560e-01,5.713880874947186994e-01,8.310405670248697252e-01,4.212251831101544441e-01,7.508909257369574819e-01,9.875151243152155978e-01,1.466112922814712949e-01
3.147574843547115697e-01,4.963083528490558338e-01,7.185258174451469859e-01,6.148772643441824393e-01,3.561807195343822396e-01,7.012317307163098423e-01,7.030096094289226549e-01,1.478954213782149862e-01
2.269774542761514580e-01,6.901267645689834751e-02,8.186221020993015296e-01,6.477278487761811698e-01,5.597713022184664933e-01,3.531779114015778376e-01,1.323095164316283601e-01,1.535472157026108730e-01
3.266635864137242828e-01,6.325838822252115579e-01,8.460217334636275233e-01,6.986477917294053874e-01,4.823988697489902666e-01,5.154613634854541271e-01,8.109695320057813683e-01,1.486391647261123827e-01
3.435689265734637177e-01,6.251159238484107483e-01,6.246670455520038079e-01,6.853693631225349359e-01,3.941078991393361930e-01,8.503346740005142124e-01,7.827178687943293633e-01,1.467806605044764678e-01
5.086028112531885137e-01,7.399246874037270771e-01,3.869696179992188068e-02,8.401128714149846965e-01,4.308982002637694042e-01,4.539120506249237352e-01,8.238914793500301537e-01,1.496018906257145231e-01
3.439730264180951291e-01,7.469905215690740841e-01,4.517172570296323908e-01,9.252084793592924017e-01,1.841442094110071759e-01,9.574447412308099148e-01,1.325943318990959741e-01,1.542138055096793359e-01
4.013441735479174599e-01,6.793621901276325481e-01,1.942285921824305484e-01,8.992171655268668129e-01,4.429164192833422442e-01,4.945512130544918450e-01,1.868309781808833447e-01,5.055622446548405091e-02
3.320095633105329958e-01,8.554025222560062147e-01,2.723139389588487558e-01,9.461023066708691420e-01,5.397576359165974225e-01,1.182621256803403909e-01,3.522594835187128348e-01,5.513643122004033281e-02
3.994028781792684502e-01,8.552901113004870437e-01,1.898919627946644706e-01,8.237449368496702062e-01,3.163859013990073521e-01,5.187060646982806222e-01,6.234393293795753577e-01,1.504365883830137696e-01
5.313530392885732478e-01,6.286061848074662173e-01,1.408385442835079771e-01,5.906951994662787975e-01,4.021137197935781837e-01,5.679115904985528873e-01,8.877335754898503239e-01,1.541044105211674675e-01
4.315819045830766587e-01,8.439865670896874450e-01,2.269432879696113847e-01,8.723206412870706528e-01,1.697590745511622368e-01,8.662592472774730545e-01,8.280974810842482992e-01,1.506707180334909690e-01
3.964315611142090745e-01,2.712451557065325147e-01,1.336494113694365327e-01,9.347183314676537069e-01,3.474962344898232525e-01,6.432293361713516955e-01,8.780693384331086371e-01,1.519772420670780777e-01
1.099194135234769498e-01,1.511010875475493620e-02,8.752061339267360740e-01,8.963212776881909205e-01,5.327462540807799130e-01,2.747526964230537772e-01,3.420838515869779051e-01,1.505065565245471693e-01
4.134404569075175173e-01,9.521456333836681996e-01,3.122378732524498934e-01,8.402591288751161125e-01,2.759294216036561886e-01,7.124109141537010581e-01,3.891182743697208513e-01,5.853938154208875727e-02
3.372361537054177627e-01,7.038957490914465875e-01,9.119337643017259021e-01,4.944957606642941816e-01,4.284595856701328143e-01,1.204814375709220564e-01,9.894323338508517196e-01,1.480016044424325994e-01
4.480543463018646366e-01,7.643609792733567776e-01,7.445583415008238948e-02,9.443131481474190680e-01,3.626431980774678099e-01,6.250529678620521112e-01,9.241075920286830891e-01,1.459952877841572128e-01
3.631410543369773536e-01,6.933539254389791129e-01,3.181861217095414696e-01,7.032874152234499521e-01,6.023740226760410099e-02,8.768118447060474496e-01,4.654982310489909070e-01,5.862962724654433716e-02
3.251195003431161523e-01,7.259053529306119801e-01,3.507346219075227478e-01,5.514465321144311760e-01,2.703748720720566823e-02,3.057513074145239429e-01,6.192017650180275945e-02,6.104126815334445094e-02
3.024635972103679737e-01,9.216931846842593146e-01,1.720142532197312946e-01,8.517130297645505443e-01,1.227287920371734620e-01,1.049123493642179494e-01,1.754689310448976913e-01,6.437156826654677477e-02
2.791843465843908412e-01,1.152827217234566604e-01,1.968897653787228252e-01,9.085901685455219923e-01,4.776523407027614132e-01,7.151685040354827105e-02,5.156852081892562278e-01,1.492570123092917811e-01
2.863212614312988791e-01,2.820797212185897074e-01,8.808310633620199948e-01,6.257801204967941011e-01,4.204317220177028469e-01,4.408173892233483993e-01,3.523843814402595198e-01,1.527344140884357993e-01
4.322247132026572070e-01,2.618955409401859669e-01,3.423958865215397385e-01,5.284629357264840621e-01,4.703970291042252061e-01,2.775892611063944804e-01,8.244902388279683469e-01,1.517050251234786096e-01
2.285439468654793804e-01,4.599877721103495798e-01,6.404382404065177559e-01,8.864359038156883752e-01,3.157294295660281191e-01,1.125369972755507209e-01,8.341722281462848887e-01,1.509039062735620940e-01
2.723908505378901390e-01,6.517444404471489650e-01,9.675587065091422190e-01,7.726672645133637607e-01,4.254534096029432000e-01,6.619976158842918457e-01,7.678239170125047419e-01,1.453491238231711391e-01
5.435209984777258363e-01,9.272495556201935107e-01,6.271663221413187328e-02,8.912359553180566607e-01,3.498047998875500886e-01,9.519553195011316582e-01,5.084793934971100215e-01,5.322686010948773222e-02
3.933640141489825326e-01,3.867686543862605131e-01,2.879506276475534143e-01,7.410950813909189527e-01,4.611029809354725839e-01,3.078567747416096623e-01,4.905959434392603846e-01,1.509939083739457732e-01
4.197143529158404718e-01,4.757662465550593911e-01,2.914741650351448943e-02,8.131144096069300442e-01,3.976406991072325425e-01,1.514640786813420403e-01,2.293309274000941977e-01,1.536830020362425220e-01
3.967171546246751612e-01,8.160268487978461494e-01,3.156600824838561303e-01,7.788017403820343132e-01,6.316045088217348003e-02,9.769030055789940103e-01,3.064097721019115594e-01,6.722819829972755123e-02
3.586688073616739469e-01,6.565278969261608699e-01,4.215184870854668531e-01,9.171290691018750829e-01,3.799607460851808782e-01,8.104427855276112869e-01,3.093627206264012441e-01,1.529371189834169975e-01
3.784284909505076788e-01,8.697369740815354966e-01,2.407674629026509416e-01,7.761135687355731338e-01,3.264238260338173103e-01,2.452042128595589565e-01,4.351773274851888917e-01,4.844595383556227902e-02
4.038378627427264833e-01,1.816261339153232290e-01,1.428132893041479390e-01,9.781229502082239291e-01,3.635616036104840632e-01,8.090281997445702977e-01,5.031435589537522901e-01,1.550588636842789025e-01
3.129922072464179639e-01,5.710819726336104907e-01,8.232275250016378720e-01,5.761088299751684350e-01,4.973432402727933077e-01,2.529186354225326228e-01,6.332736725204063388e-01,1.470958425635190414e-01
2.107749188678985641e-01,1.192252972834996205e-01,7.843585593590467475e-01,7.318388363076289149e-01,4.768167995457376351e-01,8.070007934045075881e-01,5.708857974340885155e-01,1.468177550016330490e-01
2.651476254236639907e-01,1.208776049363369243e-02,6.783117105787426215e-01,7.257543359639849756e-01,4.176992236486382071e-01,9.591962101157220921e-01,6.060188070516369097e-01,1.514551468363751763e-01
3.580139181794019243e-01,5.650500796461704889e-01,5.357351588000429654e-01,6.881692550657617646e-01,4.388920551791667402e-01,8.167784650581481065e-01,4.548308947899582511e-01,1.519276144923663030e-01
4.077343548284279029e-01,8.587476793549571052e-01,3.126648053887752798e-01,7.556690323414889665e-01,9.379044819660675714e-02,8.907653225797433905e-01,5.620390118371125787e-01,6.621994944243295156e-02
3.703449860413151051e-01,8.408583776042308777e-01,6.765271689694238866e-01,5.359521923727009751e-01,1.428029032867874082e-01,8.220538350678490147e-01,1.844398310876572133e-01,5.270117111264149834e-02
1.954795687049111497e-01,7.786005403033807726e-01,7.757946572207574665e-01,9.741094820131644960e-01,3.986741510759598262e-01,2.201914667521043811e-01,6.044349183938149128e-01,1.454534391007490934e-01
4.398795943745637538e-01,9.693337994027100279e-01,1.611704604747603853e-01,9.096309054821690721e-01,4.034305449513578279e-01,6.294871735352195463e-01,1.373732321338322349e-01,5.017758145771439304e-02
4.296005939828335674e-01,9.777180950737072163e-01,6.350954487904381107e-02,9.811884835162749674e-01,3.932185917866433122e-01,3.389343945233099786e-01,4.488294813789547311e-01,6.128535615401011633e-02
3.117226416350731832e-01,7.661992110817008594e-01,6.565778104396883252e-01,8.544933643860740391e-01,3.046091099528885349e-01,8.908370899469157944e-01,7.186447973063576633e-01,1.534417318620316939e-01
1.934680213371993973e-01,2.567807928764829217e-01,8.529730902695179529e-01,8.718503010437330669e-01,2.750395262852547429e-01,5.877250991539008096e-01,4.646481090289004134e-01,1.498539697786567815e-01
4.423725985247654036e-01,8.567420751509802201e-01,2.098795314147930691e-01,7.538764751815254517e-01,2.873601892784101164e-01,5.059024558527449589e-01,2.729458955403120668e-01,5.774671235606578662e-02
2.291886488793393184e-01,6.560712544291970039e-01,4.803575970656737137e-01,9.255356291132023072e-01,3.718235808349777405e-01,7.259583366900157486e-02,5.445839686908291455e-01,1.476294857548661743e-01
5.310418390016184986e-01,9.879692256075115475e-01,8.375672096517711163e-02,9.782114427273701507e-01,4.878123842058078585e-01,8.237558046811683798e-01,3.602852963714009427e-02,5.474063348239825710e-02
4.620550329584409699e-01,1.964668149145488707e-01,1.960781210113474171e-01,7.156129377917469503e-01,3.743019006132252136e-01,9.084866692511766040e-01,9.693905082591998124e-01,1.470222273318301243e-01
2.973902760608181928e-01,7.691078273461758874e-01,4.897741523146290632e-01,9.930512361940675437e-01,3.793649911954206089e-01,4.059773673821063800e-01,7.267906018590726269e-01,1.463602848620919328e-01
1.695732863732130058e-01,5.035129118838488349e-02,7.357115424563185346e-01,9.744605688182612635e-01,4.322698329970958153e-01,5.087511662327206530e-01,7.840857144955415414e-01,1.475473300025134105e-01
3.924117413714981462e-01,9.929569605794655862e-01,3.232684685146880454e-02,9.032105894804919322e-01,2.922261932513823268e-01,1.490612093071067568e-01,6.050921657347022586e-01,5.376884871157172618e-02
6.714573160440200361e-01,9.672304609464990044e-01,3.338559338059887693e-02,6.024005160442577056e-01,3.851966262429761256e-01,7.404089239796320943e-01,6.299506049447499700e-01,1.545854790470941875e-01
3.379549090213745943e-01,4.593435597262583991e-01,8.793693673011514500e-01,4.785846020956521230e-01,4.146886863215141217e-01,1.619681045461257574e-01,7.062415257132479418e-01,1.497258266150868211e-01
2.698296834435789382e-01,3.122119298639219886e-01,6.679803247535287536e-01,7.640163697770903095e-01,4.864905662933998176e-01,4.599217779601109113e-01,8.851567735729468644e-01,1.487121297104586626e-01
3.541110680725542137e-01,6.939622934816860322e-01,1.756524415651904425e-01,7.959279460655999117e-01,4.209962221007201855e-02,7.906904191481347599e-01,6.566023371970330924e-01,6.645356133334301418e-02
4.044484993668889250e-01,7.823791518106115728e-01,1.284364729177155384e-01,8.789031237657802809e-01,4.607137029195972344e-01,2.063033235095963480e-01,4.719821557343960583e-01,5.337138938234326641e-02
4.258479249125027843e-01,7.406056092671766677e-01,3.249437522977172144e-01,7.816396314004246948e-01,3.484570175780981049e-01,4.729421077326541045e-01,5.044882579511050791e-01,1.561246909230523672e-01
4.510945473226117830e-01,1.611524114001733343e-01,7.980204986134736833e-02,6.964565291896243071e-01,3.586111909733743497e-01,5.426175121248290045e-01,2.016111429813302602e-01,1.561169525395714186e-01
2.751410014105537538e-01,6.001349733237741901e-01,1.507606369590137607e-01,8.899803551919931444e-01,1.444249852108272503e-01,2.219032931386358820e-01,6.860650354007015173e-01,6.449716647283754156e-02
3.402027882999301700e-01,5.666372615433166171e-01,5.496296561365749955e-01,6.094121664561751306e-01,3.960734634862024817e-01,1.393566389758080226e-01,2.774986949329716346e-01,1.490845055123838081e-01
3.837236036866001898e-01,8.716280160548735001e-01,3.011067718672079119e-01,9.628825346453238065e-01,4.076140246319468474e-01,9.567789029273692236e-01,5.783163747988323555e-01,4.123586816728841420e-02
4.412767195414177834e-01,7.663420246751565523e-01,1.813647906975030810e-01,6.116093851507009571e-01,1.208431665781717346e-03,6.737969245243031757e-01,9.559294615882771851e-01,6.027554619006115361e-02
3.057668759209536402e-01,4.707082787082167430e-01,8.082720439577583127e-01,5.581579841812482901e-01,5.008783981998748969e-01,2.149484647163902307e-01,8.177038126659688100e-01,1.523286626672606670e-01
3.855923743526703529e-01,6.905322815463014186e-01,3.370775807074868902e-01,9.751140464268136521e-01,3.862945218074355092e-01,8.398445617532734886e-01,7.568920234665366120e-01,1.514077468064769505e-01
2.354864395965973189e-01,3.247333445233461235e-01,6.590954726186872836e-01,9.744649058566767774e-01,2.538269751356792003e-01,8.068204970999750536e-01,4.293125967917336694e-01,1.534214694346547891e-01
2.348532105013596549e-01,5.092887897637035088e-01,8.717183466235292055e-01,8.581332581537169935e-01,2.398401523113483647e-01,9.473721918266685416e-01,9.554317626972794741e-01,1.503515459536675092e-01
2.658413275873198200e-01,1.699799194081781928e-01,7.771682950057536843e-01,6.350373487696412411e-01,3.981162362947613387e-01,7.466377951612329644e-01,1.525252127333729946e-01,1.514255084038049204e-01
3.966431827320571757e-01,4.134954431645049833e-01,2.168568757428142868e-01,9.929112573378660045e-01,7.601272147142192903e-01,6.039853529445669000e-01,5.763938959301460052e-01,5.154153739563250430e-02
3.727649911169745311e-01,6.749286144116442010e-01,3.880432961484479026e-01,5.058441834477469534e-01,5.243088687149827232e-02,6.061708543532411397e-01,2.549073524263799073e-01,6.250934115650701173e-02
5.399172536153900026e-01,3.949294334780878435e-01,4.024959914663495120e-02,8.185631987098909157e-01,4.045215487826455680e-01,7.154877570126266795e-01,6.293542161678572500e-01,1.517987080397182886e-01
3.635334331914015227e-01,9.892484323459765916e-01,6.402965400461058110e-01,5.553411270391103161e-01,7.139821937683699105e-02,4.345979395465923156e-01,2.531871690275278031e-01,6.153195266386268791e-02
2.160146499523519781e-01,4.496937036006766752e-01,4.872518536601821992e-01,9.652434233616919990e-01,4.456986676547614046e-01,1.328440642736306576e-01,3.695761241606764225e-01,1.463089270130889241e-01
1.458986808731693174e-01,1.462376234767619465e-01,6.752834042591415731e-01,8.549477485488160555e-01,5.376863490919254751e-01,1.390550468628201641e-01,7.102727948585845219e-01,1.484904010784798833e-01
5.025953078684505249e-01,9.542163625019139950e-01,9.617176725905984824e-02,7.963962432815206993e-01,2.623715096801234048e-01,4.846320377746617392e-01,2.242690141325431874e-01,5.550232465486774902e-02
2.906014409977275559e-01,8.032809732051414686e-01,8.608989988339382782e-01,8.243621185196214896e-01,3.235398728325640239e-01,4.218390894281234260e-01,1.730252401435862231e-01,1.540567160571879590e-01
3.435504572550097668e-01,6.850774913274195743e-01,3.560584060408865104e-01,9.607616752195660137e-01,3.740323870418335028e-01,6.697375101744070802e-01,5.460371640519959824e-01,1.472931812170175658e-01
3.060025870833213424e-01,7.567560537757591632e-01,6.915634673223913786e-02,9.596689952446147975e-01,1.755343761026499361e-01,3.955289416801629487e-01,7.826598214651225849e-01,4.970250528041467858e-02
5.108327595771523510e-01,8.162816186446379962e-01,1.249099267513469336e-01,8.902434470273817846e-01,3.251442419062535172e-01,9.138399073101912684e-01,9.206950773636005669e-01,1.496617046212279367e-01
2.681187787103511688e-01,8.016473263050029052e-01,8.024158894338275783e-01,9.971980487762100998e-01,3.584630610465488476e-01,9.602539775797058752e-01,6.168504774945785529e-01,1.464062577195095471e-01
3.384586357668635803e-01,8.956614535643163677e-01,4.599797081936781717e-01,5.861188339643625955e-01,1.398855814061639169e-02,5.877352635968167149e-01,5.949004420313103170e-01,6.232082704244888693e-02
4.258707789849630609e-01,8.244784635935222816e-01,1.863001215406726585e-01,5.549839031340842999e-01,3.379167544589800620e-02,3.508825200317435833e-01,7.753517325779314406e-01,6.128289783966245352e-02
1.556589635512403424e-01,2.845612788471355570e-01,9.582842759665024523e-01,9.919567538123196249e-01,3.522531449104019385e-01,7.443254098916656236e-01,4.706373296254706684e-01,1.506598541181808082e-01
3.353934448000446267e-01,6.305152493454313500e-02,2.942114720928652449e-01,8.273111269527834155e-01,3.934702930398931153e-01,8.763901458586309534e-01,6.283754904212563996e-01,1.542515984619797775e-01
3.989621007962622090e-01,2.526035556885786182e-02,3.149132434937468306e-01,5.670845959923100921e-01,4.959905101815264006e-01,3.280471789567123153e-01,6.278024214233718370e-01,1.530812852646165068e-01
2.550643054319436942e-01,4.301493058453185192e-01,5.332308342064466800e-01,7.482981109964039756e-01,3.969178229294236804e-01,2.636274836551466549e-01,4.925089888682847583e-01,1.491988061052315351e-01
4.312731290221494818e-01,9.850508539390899765e-01,1.666029071810903595e-01,9.710081628295191836e-01,2.661933522158760335e-01,8.200250119785403857e-01,3.194363548336508485e-01,5.418690593101922748e-02
3.984371666619530572e-01,9.756880850670108796e-01,6.158147618116299737e-01,5.604573932026521987e-01,3.415587880962128731e-01,4.870998023084064377e-01,9.563148327360779799e-01,1.479792359891944908e-01
3.900879222110316680e-01,9.459171496472749130e-01,2.911318123199068131e-01,4.880101530304471469e-01,1.614180982024099320e-02,1.919983473079228120e-01,5.806493776447799737e-01,5.662271169865407128e-02
2.644886820149768836e-01,1.226364219530149402e-01,7.170599616216634109e-01,5.730712889525668707e-01,4.193768623520366390e-01,2.289088787647708401e-01,2.908108571141699850e-01,1.500331625057470808e-01
5.277197247679877856e-01,5.242802004992925813e-01,1.047190710014244130e-01,8.228911618545553530e-01,2.940479632849876124e-01,9.943985562445850634e-01,1.758158092019685981e-01,1.581867658397191345e-01
3.579578726529498711e-01,8.509116508062699591e-01,1.419152135090252509e-01,7.656164673478412785e-01,8.261046145688394349e-02,3.445674835360770238e-01,7.424318543455332708e-01,5.174976631191480214e-02
4.358053237410857150e-01,9.656804359181118125e-01,1.147262367238195413e-01,7.474958334554505646e-01,2.167686938585809964e-01,1.914154838087154253e-01,8.740986422432989178e-01,5.593949334041692367e-02
3.633285450608629841e-01,7.458419976968949650e-01,4.362981762343529635e-01,9.966031212343486878e-01,2.114450032335339347e-01,9.719992185247533500e-01,9.460766089893252184e-01,1.479476519038675497e-01
5.803073709371157074e-01,7.516802756601641544e-01,3.714734408747655259e-02,8.114047148581372548e-01,3.363976235552414984e-01,9.539762556733067944e-01,3.183357900958918574e-01,1.554722786574930238e-01
3.503383021616706117e-01,4.368677478256018376e-01,5.473601942741230797e-01,7.610765298601940287e-01,4.555672964629279842e-01,6.811130414921894305e-01,8.494546410253984714e-01,1.476478955865255516e-01
2.377091058171357796e-01,6.269149269181601980e-01,7.390097442091702051e-01,9.497231014512290681e-01,3.818395566884380532e-01,5.528998309233406072e-01,9.297252502281432296e-01,1.437838018244540494e-01
3.673383408877068934e-01,9.633808004613285680e-01,8.320252584526608430e-01,4.657941970135375254e-01,4.025157859388005521e-01,1.844525085212194160e-01,8.543276750581686452e-01,1.501668146117914882e-01
5.676560846587390685e-01,8.308530851867905742e-01,6.072572977590512400e-02,6.705538379643658509e-01,4.559623123619281904e-01,2.722735630213486413e-01,7.031033932037648038e-01,1.522607802062780624e-01
3.620535432039283519e-01,6.460355767231515944e-01,2.593314388567639073e-01,9.434258160779716018e-01,2.710110601081447967e-01,9.424296531355893514e-01,7.085119379471035428e-01,5.722845949367243168e-02
2.971254863859397743e-01,8.384481036397370968e-01,3.782930181684956428e-01,6.877072266199519834e-01,6.215393241738631502e-02,3.290059032834348196e-01,4.380152234452938664e-01,5.320321116968607794e-02
3.896892953231096413e-01,9.557255060314007178e-01,2.815916414513118249e-01,7.606545921248792919e-01,1.888470736610781409e-01,3.261048203499491982e-01,6.669035866754788877e-01,5.269539713760233723e-02
5.865902699343162885e-01,6.611917948493278852e-01,9.553356674468765908e-02,6.214411822991692258e-01,4.415953011000033346e-01,3.537416629435738979e-01,6.688062578835209937e-01,1.551473632249474044e-01
2.824556148537091249e-01,7.699989270125022767e-01,9.121198976713138507e-01,7.885791663988289679e-01,4.259561530255062678e-01,7.232208247488571828e-01,3.510784433101313828e-01,1.523884352340788839e-01
3.246465121256293385e-01,6.455624654806338958e-01,3.602420442460021466e-01,8.576484408560717254e-01,3.548497320501281527e-01,3.666646442972681941e-01,3.926125378771150309e-02,1.540193159343585805e-01
2.233649487448952919e-01,2.355226457672739970e-01,3.706116661608425122e-01,9.459524582805167725e-01,4.761623829990833112e-01,7.564764092166459397e-02,1.569183091742977765e-01,1.530518944194582120e-01
3.386101628971847077e-01,5.515158786753543430e-01,4.300981299144558401e-01,7.387490043703224263e-01,3.597209024717473724e-01,3.380211120059466445e-01,9.641164783331723775e-01,1.441055238663814242e-01
2.570504828999379265e-01,2.320154639384577333e-01,8.469659091196025669e-01,6.582529344818540684e-01,5.403748368044254402e-01,4.291040685281155564e-01,5.185423749335981158e-01,1.478894939971212574e-01
3.655469814456955291e-01,1.672876910754907964e-01,7.271440532922994748e-01,5.080210103957909507e-01,4.709474323063310708e-01,7.899617203246365182e-01,9.655112141355728372e-01,1.526330845016371507e-01
3.854739262556743373e-01,1.052186763939965131e-01,1.741244742674443735e-01,7.749659238839534670e-01,4.817655005112373434e-01,4.185378270083025543e-01,7.632992654492571916e-01,1.535607295839273023e-01
6.270952106287125405e-01,3.540900468351280139e-01,4.198166800914426844e-02,7.116122505014867983e-01,3.865838415691179586e-01,9.171198298313578690e-01,4.434996178846337678e-01,1.555145707875179029e-01
2.533381220861276040e-01,9.808638546710990447e-02,3.843467979962277847e-01,8.054185618918247025e-01,5.843599338960714373e-01,2.628119197420604181e-01,9.511186696609125191e-01,1.460349854012479576e-01
3.433260063201031276e-01,5.203736965702759898e-01,3.104666180015271948e-01,8.867851165901220467e-01,3.074074024947799355e-01,8.035767429136256856e-01,6.641945637297740346e-01,1.466361412913586015e-01
4.747310943400007144e-01,7.823880109580763076e-01,2.508783588795590047e-01,7.395877359677984764e-01,2.476933803337002526e-01,8.707236291546573970e-01,9.086437608337545324e-01,1.452563746474784256e-01
3.270050586960826511e-01,7.919522948583331834e-01,6.591741219971141152e-01,7.678059611712704235e-01,2.903468834173983382e-01,9.655107325731134837e-01,9.794966954074491028e-01,1.482394309477097494e-01
2.294077890344886628e-01,2.877158602005585042e-01,7.618457720303185576e-01,7.844369526383505598e-01,4.277053613443715374e-01,8.613890148641206723e-01,1.938495065845375898e-01,1.532537822079017564e-01
4.186398775707915743e-01,7.321053485860882226e-01,3.028228256555345332e-01,9.046161626853387316e-01,4.124275705466293740e-01,9.921226052586209487e-01,8.883512776399702382e-01,4.575581727262445497e-02
2.666180427192995639e-01,5.956525371571014249e-01,3.150434820405363379e-01,9.740835116172205099e-01,3.646147266741709969e-01,3.764557674378512520e-01,6.081529452226416277e-01,1.457919835739225345e-01
1.375477023730858617e-01,2.113285010983188550e-01,8.430486431641739387e-01,9.466400147163948064e-01,3.274882149813653776e-01,3.523338684918271846e-01,7.277079947535101123e-01,1.514237214552885125e-01
2.940342473068311424e-01,7.264052729455627855e-02,4.824870637381763472e-01,6.948838909438712630e-01,4.916123411830767287e-01,1.229910622255031005e-01,2.154604868603303691e-01,1.549875327637927902e-01
3.347184204626574289e-01,5.737963827460089705e-01,7.581745999908551248e-01,6.532190975579719172e-01,4.549297038532288395e-01,9.199160073301391183e-01,9.844563805931807465e-01,1.445100222452674887e-01
4.052147678958543109e-01,5.894821960610074907e-01,1.697630383400459131e-01,9.174865197254039595e-01,3.278407411381020209e-01,7.001911295418326020e-01,5.662305425847047324e-01,1.549435586979107660e-01
2.935023674594889886e-01,4.001881388860448752e-01,1.492154049542754324e-01,9.599452232715850464e-01,4.560427181291547005e-01,1.071693917604939483e-01,5.396091621050053133e-01,1.540103757622195979e-01
4.765329888823830462e-01,9.899958268768396241e-01,1.200417459605094272e-01,7.229622887052966629e-01,1.968008008471019421e-01,5.116841691530215064e-01,5.591339095915779378e-01,5.232982899321866888e-02
3.252546585024892467e-01,2.031102269106243030e-01,9.253471465713980493e-02,9.419825812308895152e-01,3.714118532108202642e-01,4.262821925054505190e-01,7.684193112871429143e-01,1.449942602107920919e-01
2.373056692883275254e-01,8.688269505610743959e-01,8.033750584256678096e-01,6.318542737607479864e-01,5.963710902860486218e-02,1.274397283175555118e-01,9.182135422768225030e-01,6.264980722262256108e-02
4.064351904895310286e-01,9.740852549654672732e-01,1.047377368174731149e-01,7.873751665527004562e-01,2.495147238894412922e-02,7.992752117170680570e-01,7.548462334166420318e-01,4.409034696019792365e-02
4.722605244121317325e-01,9.985265713452787795e-01,1.373821648372058890e-01,8.622583619373158648e-01,2.503453624336812178e-01,8.218649429468157797e-01,2.340412798212980761e-01,5.385474970069925593e-02
3.021664558015143554e-01,7.362183881125677898e-01,9.052307740565035399e-01,6.576698460120692369e-01,2.759723463885690453e-01,8.560846854940512562e-01,4.664744758104412137e-01,1.491990775994658236e-01
1.674584196458079322e-01,4.170172818811774818e-01,8.335396278581526097e-01,8.003363680275525915e-01,4.071699287981550563e-01,1.356771903332533169e-01,3.370209754093209664e-01,1.469551229979319806e-01
3.307966073953062525e-01,4.386789737238963038e-01,3.383569681787009786e-01,8.118222670433272725e-01,3.825685552550380786e-01,3.048525380657254313e-01,2.366425294161866866e-03,1.528789835270288888e-01
2.909743514318290369e-01,5.310662229122908862e-03,6.355026603934875729e-01,5.796634538451056473e-01,5.849503489440311954e-01,4.537371363578776018e-01,2.990737424796379162e-01,1.512907575890619638e-01
2.076873904618682376e-01,3.742379244244895542e-01,5.871440121066962003e-01,9.087708048644387304e-01,2.995630625252717061e-01,5.556864555494913649e-01,5.010723819326640127e-01,1.516548455237179127e-01
3.848314328397456352e-01,7.810778314487646368e-01,3.473228542599661739e-01,9.093526616988267808e-01,5.353037950181464000e-01,5.321571245426477414e-01,4.456670273738559951e-01,5.479634287998454839e-02
5.605338281061955641e-01,3.791324010973372016e-01,2.751171460552814807e-01,3.868159449143643291e-01,4.927300713898734030e-01,4.964435655129024738e-01,9.693449673502925190e-01,1.539070296406782334e-01
3.934963031444281834e-01,9.805634120370634310e-01,5.813120477896641658e-01,5.498558527414024732e-01,8.526294618276225590e-02,8.694346151895908648e-01,7.002105080318693497e-02,4.817886244619965647e-02
3.832484483928589869e-01,7.900728275799606681e-02,6.506207085308178817e-01,4.675297937559886874e-01,5.372324972438433655e-01,7.165727362928177024e-01,7.485271073254436969e-01,1.513616025614833993e-01
4.002520140748813127e-01,3.860589676346877219e-01,2.936653290282487117e-01,7.464142390233374780e-01,4.080533227963382137e-01,7.201925703282067159e-01,4.613302842398394610e-01,1.515329623023167205e-01
3.139681361535510140e-01,9.109485127986671760e-02,4.259067507715857959e-02,9.646069336070418609e-01,2.924578859337554348e-01,4.751542306926457293e-01,1.587935270421750866e-01,1.555802454230791332e-01
3.967952515086506371e-01,3.711682745299415553e-01,3.572565633296941323e-01,6.280368564946132715e-01,4.191563159700543162e-01,6.453757025433841665e-01,7.575330467755838626e-01,1.535600514838837416e-01
3.785676709913285420e-01,5.333890692414788859e-01,2.944526702300038767e-01,7.308184975596020427e-01,5.809044325818586429e-01,2.505557727535007162e-02,8.774713071220465732e-01,1.505409709632071769e-01
3.295702387171765002e-01,3.432441807591730676e-01,2.372073699182730699e-01,9.363150998583448237e-01,5.401726316872742517e-01,5.167801982236123193e-01,7.615541852128804301e-01,5.478458806856489893e-02
3.721457887977902557e-01,2.567142907393527018e-02,2.263253904699307206e-01,8.210295893079990748e-01,3.548401052860704619e-01,9.791308517919405929e-01,7.065584856194950802e-02,1.521260917102685850e-01
4.331433801258052774e-01,4.310018821529626454e-01,2.159421269039612512e-01,8.971644236859043220e-01,5.633701752673728747e-01,8.278188563122090837e-01,5.898930525835230920e-01,5.304162068101137689e-02
4.762307023392865490e-01,8.672583232170898437e-01,1.685991860256013108e-01,8.184837096655656064e-01,2.406315553626857118e-01,7.347018062153289897e-01,7.483720224741954308e-01,1.527596196905032788e-01
4.539936288658257268e-01,6.657252657443678556e-01,1.810472970337941856e-01,9.322452670993721657e-01,5.838806110574327191e-01,6.376851015004526557e-01,7.431220177305442043e-02,5.382175365518593324e-02
2.468429664644642973e-01,9.018563415371982916e-02,8.576165099906896128e-01,7.668834994216975343e-01,4.082565444675324562e-01,7.465801350983707341e-01,1.469898509352415283e-01,1.526179881708950026e-01
3.752610877456153959e-01,9.806789149789351123e-01,3.037154621223692175e-02,9.241947049063937714e-01,3.897033048232592112e-01,1.266600487809910192e-03,8.859565938499533999e-01,5.022447565136700653e-02
4.634227226165332780e-01,7.798944123655306981e-01,8.771337221053865374e-01,4.397615862570540823e-01,4.336657053816361795e-01,9.749252246466659777e-01,9.747263780447156245e-01,1.531164115535699199e-01
2.870753584930548774e-01,8.868397173661340949e-01,8.550369813242846284e-01,8.971663222895199796e-01,2.223726282938841559e-01,8.833575084878674266e-01,4.401011984665466059e-01,1.516391483925961792e-01
3.001490479347977969e-01,3.857935935721028553e-01,2.258805149302556270e-01,9.636357580815938517e-01,3.156738939940417765e-01,8.809780710515140445e-01,9.432821743925440261e-01,5.626133987659759361e-02
2.563541118505668348e-01,7.896606714266024563e-01,9.701948097706439844e-01,7.681701544321253294e-01,3.544259642201690874e-01,8.736670231899115180e-01,6.267582994001520413e-01,1.494319599351412176e-01
3.572104708532296558e-01,8.847240434323845326e-01,2.934127357278392134e-01,8.336262999929550110e-01,2.958478765050563952e-01,2.308699406774934459e-01,9.649918081724628838e-01,5.318830615298253406e-02
3.727561899703131232e-01,7.067377600601497667e-01,6.294595275087521147e-01,5.332553350815588677e-01,3.554916829605951900e-01,2.704250007136921319e-03,5.615223758929650533e-01,1.527277949203279528e-01
3.479246386728980234e-01,9.998037979500132844e-01,2.057533247055196579e-01,9.440769294824042923e-01,1.650120416061077178e-01,7.833379481912028375e-01,9.577780026127611368e-01,4.234773843600925236e-02
3.195860994129052779e-01,9.606135521194564264e-01,8.143331675854417195e-01,4.703942882978936479e-01,1.519862405429850405e-02,9.390862971377199608e-01,1.620929437666978057e-01,4.911404986372891468e-02
5.674431996023595604e-01,5.629508226445040231e-01,4.641706426474656588e-02,6.030741576603138032e-01,4.343829332131426968e-01,5.353054841241351447e-01,8.763751351479986962e-01,1.495397062900952756e-01
1.974158183596343152e-01,2.029656758127729166e-02,7.418553175461957139e-01,9.879556562819169496e-01,4.004396542887281862e-01,9.375754705625001240e-01,2.278795832267536126e-01,1.557376729030374163e-01
1.033779783760737647e-01,4.221526561293237334e-01,9.466365444519533323e-01,9.941616672709231439e-01,3.940314828196487262e-01,5.868279994805436495e-03,4.532989486393831369e-01,1.456523465774319792e-01
4.350116478008005938e-01,8.759557598762692798e-01,4.253702517257661464e-01,6.428172936247049662e-01,4.367015713370477892e-01,3.782966525471381236e-01,5.386084391455177034e-01,1.539751767270185756e-01
3.868398478301584564e-01,7.421649265669432172e-01,8.745434434887450204e-01,5.153713026650769136e-01,4.325049174684241216e-01,8.952533611239492650e-01,7.870613630608224165e-01,1.475273194455786196e-01
2.674960121732546936e-01,1.870631276571721457e-02,3.355374358609438668e-01,8.421820429789264040e-01,4.352494550559207198e-01,5.804808179041390792e-01,3.042947658336258021e-01,1.513216980641722831e-01
5.628174171019109107e-01,7.456845851720865781e-01,2.524764130260592765e-03,6.356109574803925355e-01,3.975271147519452986e-01,2.535987824289886450e-01,4.528960211728306762e-01,1.561569486858600531e-01
4.628272409672325449e-01,1.780753987687376805e-01,3.403822462936796911e-01,5.117952381085082436e-01,3.915645975195969353e-01,8.900830014933437395e-01,9.790131782459496890e-01,1.483380342058483736e-01
3.363837391265195320e-01,8.023702531369910629e-01,5.875262650000262488e-01,9.834222465256144963e-01,3.959328536201266457e-01,8.319628199166692051e-01,6.176706848758238833e-01,1.489954441800052098e-01
1.621222074904739019e-01,1.919675112400474060e-01,7.504990095597504629e-01,8.585400429573708525e-01,4.025991306606895304e-01,2.335133687462976892e-01,3.355696582818225027e-01,1.442054662663653231e-01
3.370381048054439388e-01,8.090295210280994409e-01,2.601591831672106503e-01,9.898914956318354275e-01,2.179680252969429244e-01,5.989642297814482541e-01,3.999267536923365451e-01,1.513725260537033268e-01
4.349207017533559538e-01,6.010104184225987245e-01,2.012780532852899151e-01,7.905444193125792385e-01,3.309935010853788384e-01,6.508603108597417197e-01,7.395314933026251314e-01,1.518054834490791816e-01
3.615352791352243189e-01,2.949977693437367821e-01,2.172579345465333878e-01,9.941946063064184269e-01,4.356616248787343881e-01,6.472691021742020823e-01,9.917950708795735260e-01,1.483655339534363515e-01
2.228575630660211138e-01,3.782702635414505465e-01,5.591254888832877246e-01,9.903862939144694177e-01,2.661944871652155986e-01,7.287233012176386193e-01,7.927553831426394915e-01,1.444970908416350064e-01
1.757280446608268099e-01,4.315425182304650775e-01,9.313359774241053435e-01,9.015783882758776624e-01,2.779230006712029022e-01,3.451080434236556416e-01,5.544449985071490117e-01,1.492751265183303033e-01
2.890127714937474890e-01,7.484777673842568646e-01,6.955651126365339776e-01,6.973962492183546358e-01,3.788351779667370467e-01,7.726336332887495661e-02,3.686317819032536303e-01,1.469301022063548290e-01
1.901578132917783326e-01,1.113645841784810520e-01,9.763745624580122406e-01,6.008053681846783345e-01,4.304491214564478696e-01,1.526337983685435717e-01,1.793083195103633010e-01,1.543153641385908437e-01
5.115850280933879057e-01,3.298099695474964732e-01,3.945755719413471252e-01,5.907160491003261571e-01,4.808896447574712574e-01,9.745329466734661272e-01,6.071298419824118220e-01,1.522666782136835595e-01
3.874182184341227742e-01,7.523457986311297141e-01,2.188235173303897663e-01,7.554479685329275052e-01,1.321859067733542059e-01,7.943535713115648100e-01,5.811081930780741533e-01,4.742172597878100554e-02
3.621417343237329778e-01,6.729144635641292060e-01,4.270769243429746176e-01,7.128994990315307145e-01,3.904355182513519207e-01,4.996452616718004003e-01,4.082394732375649871e-01,1.477942313525281437e-01
3.106253171697394011e-01,4.916155728572209060e-01,5.335843634638058885e-01,7.839058304051120807e-01,3.171620018725896939e-01,7.887589747448647826e-01,6.712175068625605423e-01,1.538988954939080056e-01
3.926644077963935553e-01,3.411645639210517111e-01,2.820276318680693395e-01,6.666132077820954294e-01,4.098564163393525472e-01,5.470662259410119521e-01,2.762986399126668990e-01,1.531452921943942114e-01
3.527101659522083876e-01,9.862084817839611439e-01,8.541601611072217048e-01,4.186163075831527136e-01,9.651288219494846832e-03,6.579830979786887024e-01,4.846806473921586589e-01,6.177268642392526321e-02
3.485721821680390353e-01,5.472656286915212887e-01,5.069604520314724416e-02,9.559994342136612921e-01,2.107891768400279031e-01,6.833953668469274767e-01,1.255203905923300556e-01,5.470518354721356363e-02
3.261423320682018678e-01,2.327663480210952485e-01,1.207693233746205685e-01,9.546051625184233114e-01,5.930568544550796073e-01,1.250338353704925631e-01,8.085123093675170569e-01,5.420305027955374388e-02
3.177314429620086700e-01,5.635144876572836248e-01,1.479244468186534656e-01,9.552234379674421350e-01,3.608470801523752658e-01,2.424900510106353657e-01,7.280175345806924048e-01,1.477210848395138498e-01
4.605069486359006925e-01,2.634216176436710022e-01,7.042889622985337716e-02,7.552106534303206775e-01,4.733385612965904654e-01,2.605127128755786448e-01,8.370080708682100523e-01,1.523311339711909129e-01
2.386288425568130478e-01,6.686393830305717989e-01,4.894011525673400698e-01,9.463363067807553097e-01,2.517285152304075124e-01,4.232707341875325824e-01,1.655988211659248366e-01,1.531328342499960193e-01
3.533759672855654177e-01,1.762743969640660491e-01,6.815636044196915488e-02,7.753071385481876687e-01,5.323513424155345009e-01,6.229456550748890820e-02,7.913671487198292720e-01,1.496252834926004860e-01
3.820879748627902250e-01,9.409602117545282640e-01,2.049339976808269292e-01,9.411300237584986350e-01,2.962782595475183522e-01,6.418402752285683466e-01,1.986410214429391030e-01,5.422923018574301451e-02
4.251345011325516343e-01,6.031612130254367932e-01,1.289432699486147138e-01,7.447380386616045955e-01,1.326070647785770051e-01,6.325926975592254253e-01,6.894077531913613832e-01,5.871946841034646897e-02
3.883267959818883508e-01,6.512187827684889907e-01,6.976683226680359118e-01,6.327914339434097535e-01,4.661018905809897195e-01,8.462818316080013004e-01,9.716812206878669977e-01,1.508469583778623280e-01
2.456724805953744983e-01,1.905906814732738486e-01,7.910442707247623551e-01,7.906036537339511394e-01,4.983746785270078972e-01,9.088309158048212266e-01,6.945372967502627670e-01,1.490222101595354287e-01
3.850641087614516400e-01,2.963373084299725790e-01,4.988429628722140796e-02,8.328068353613718999e-01,3.478650565721126409e-01,3.155368497576515607e-01,5.089655288000834998e-01,1.476584753195848698e-01
4.315237322408767007e-01,7.724865589117796416e-01,2.023939945845053823e-01,5.874513663286926590e-01,6.960946372947413030e-02,4.052297222060700088e-01,7.050976438954366099e-01,6.541133678531153850e-02
4.819442029483513856e-01,7.302855871050925041e-01,1.669777710040413754e-01,6.998180551081290002e-01,4.477221947892993104e-01,6.872635902050683310e-02,8.453017506506410594e-01,1.547334831333755933e-01
4.661890136300462784e-01,8.987078327529851585e-01,1.033504590309062277e-01,7.499202777887626903e-01,8.198223553567529631e-02,9.212274642405340330e-01,8.520378089260118859e-01,4.957971383966247592e-02
5.303499777911229174e-01,6.127595289478984242e-01,3.906260321186503237e-01,5.564465663390134598e-01,4.418983635121034315e-01,6.894618459333865523e-01,7.377527691671621479e-01,1.547280160182313846e-01
5.041754675582235112e-01,9.054168509151035993e-01,9.730011375750968750e-02,6.082001930318483574e-01,5.545258953313247918e-02,7.787072212326786591e-01,1.768294235308318640e-01,5.864584333039668529e-02
3.102865812988890859e-01,5.707051695027287597e-02,5.157086554286599567e-01,5.921841474836445629e-01,5.457049800524291783e-01,3.306633899739808147e-01,6.850188261837479864e-01,1.519817624716225390e-01
4.389997071714587529e-01,6.714252786700557474e-01,2.716568903659073442e-01,7.950360869628105842e-01,4.435424471169592264e-01,7.658241369208002025e-01,9.223472676663867498e-01,1.497766572734431922e-01
3.450209474968947143e-01,8.601268966613746514e-01,5.417663884989538658e-01,8.017519838981775893e-01,3.079543439783498648e-01,6.693058404324322419e-01,2.964850622962762472e-01,1.548364582482416596e-01
2.771055051298123573e-01,9.905625233507121541e-01,8.238726888371858958e-01,8.952297680290530746e-01,2.669807737331818531e-01,1.155956355036759087e-01,3.837300289488569938e-01,1.542799230303657509e-01
3.710318798121461925e-01,7.010799501201913086e-01,6.110816191347272497e-01,6.504174148935055744e-01,3.265256432634253136e-01,5.101384666327004602e-01,9.463819698458251217e-01,1.546911965130976507e-01
3.537069783580334414e-01,6.273287378372204293e-01,6.373071104104063300e-01,6.578101741488336929e-01,3.005166240860820404e-01,7.420640633932867880e-01,8.621770639562715832e-01,1.491848466806647844e-01
3.248151550759402761e-01,4.224453202387713491e-01,7.175997802074148835e-01,4.755055952626706106e-01,4.969519884858262793e-01,1.740225563401084363e-01,8.045309786181007450e-01,1.510134044583116841e-01
3.860008446784503056e-01,7.560799301141165607e-01,3.314443792448910076e-01,8.317431400993615664e-01,4.775166537423322088e-01,4.319221358890197315e-01,8.728388073228654509e-01,5.204542012551571784e-02
3.905723829245322243e-01,9.761563130841056646e-01,3.519217197647404038e-01,9.335451466554516298e-01,4.124635645721511090e-01,8.802690131078054758e-01,3.070355488582215964e-01,4.978616466191028433e-02
2.942990405128236286e-01,5.918642516039381851e-01,9.178680892644140998e-01,7.304422558235095231e-01,3.661205590850895586e-01,8.144537588093866409e-01,4.447996552698346706e-01,1.550510689209909088e-01
3.451093239258578027e-01,4.858712914199248001e-01,6.150937102094011788e-01,7.113048580536648346e-01,3.966589492375182102e-01,8.800966875905983366e-01,5.494570111653269695e-01,1.550877330153384026e-01
3.448160463784564200e-01,9.800868986474002842e-01,3.526173732788815407e-01,5.797492147098789461e-01,5.149421040448232123e-02,1.084305823811637648e-01,1.199781051758836981e-01,5.990182790945919322e-02
3.172907144923484690e-01,4.352116727302363097e-01,4.481575350639915856e-02,9.910482910922809863e-01,1.155402765572765278e-01,8.423397021343290714e-01,9.081147242986008505e-01,6.705154464808887882e-02
4.293580016103205610e-01,9.243453114854673913e-01,5.472493570439076471e-01,6.833869056439312306e-01,3.275559515687198608e-01,8.203338950435085097e-01,9.161768266125598359e-01,1.503990737184375259e-01
5.670013066225864096e-01,8.442970623025524146e-01,3.687675936074541472e-02,7.341356059940276069e-01,3.916037542089042534e-01,3.438234285334267337e-01,8.206185266592856964e-01,1.513890654618670339e-01
3.319723241862628238e-01,2.874924459966024526e-01,3.391509655445519300e-01,6.189438208134505626e-01,5.391196674564693314e-01,9.755719736850693158e-02,9.097133945339448413e-01,1.486412126854737004e-01
3.106745317268649331e-01,6.314867394312557725e-01,6.220706615630142711e-01,7.838410742901230632e-01,3.271788588261955733e-01,3.525878366000235742e-01,7.954166087492624548e-01,1.463451125466345426e-01
4.958059637161099653e-01,3.542274170382980758e-01,2.515388709130883527e-02,9.076461299047735576e-01,3.528666042536584557e-01,8.165391535603385709e-01,1.215721072477804476e-03,1.571721834703619369e-01
3.762196087140580181e-01,8.213310171706517115e-01,7.519269659340306333e-01,6.878615246979936648e-01,2.872339205932032402e-01,8.820651234891330184e-01,7.134346698327020952e-01,1.506654360101296053e-01
3.862321964019976850e-01,1.573666956836903275e-01,1.735916077032458871e-01,8.082944451189699731e-01,4.482384295603359936e-01,6.602274793337853387e-01,3.636669595825081647e-02,1.547555985795308064e-01
2.992108951193018229e-01,6.857117875819037645e-01,6.046828684574934165e-01,6.869581309177037465e-01,3.253224811599246258e-01,9.453438571667555079e-02,1.280896156182846912e-01,1.543756167193888473e-01
2.315854756473414433e-01,6.918494333214563197e-01,8.910820146037690126e-01,7.529020828412603672e-01,2.596530291459657747e-01,2.440148898701663960e-01,4.244302558024650729e-01,1.500676265714674384e-01
1.999655108732036890e-01,1.830142580202867020e-01,6.878090193925756601e-01,8.738915514707664700e-01,4.458153293751307977e-01,3.378955777095645763e-01,8.960113890491336885e-01,1.505397386083430211e-01
3.186024708728056876e-01,9.351708906084288397e-01,9.248576869970470682e-01,5.825197643843037509e-01,3.304903808840610191e-01,5.449645778819319775e-01,4.584137225508492230e-01,1.501772518621012908e-01
2.754644458846316479e-01,7.052645239705384039e-01,9.898702954077105431e-01,7.347652093452998745e-01,3.768306394421006011e-01,8.703629966200094881e-01,2.178189090549362272e-01,1.487759859522049255e-01
3.337968079175382963e-01,7.336411489307429479e-01,1.579038983823535247e-01,9.421213136028978585e-01,3.384600218705443586e-01,4.119735068490343322e-01,4.639080487236287853e-01,1.468973498716840131e-01
4.396623975547923058e-01,9.755106845822127948e-01,2.167579162795578163e-01,8.378233196270614691e-01,1.688901450425244755e-01,7.010931276350336194e-01,5.657081925644368292e-01,1.508772291844993063e-01
4.975177579310944287e-01,8.991768949466427685e-01,1.356417218658416690e-01,6.754958662959615889e-01,1.893391216070424710e-01,5.764071127119863025e-01,1.839005963590800707e-02,5.478454590186876416e-02
3.414427063153914199e-01,8.423538248118461746e-01,2.407943877394181920e-01,8.317136916270826408e-01,1.026060511655837448e-01,6.181866441544519031e-01,7.416699559044566126e-01,5.877326576573049799e-02
3.450743457736749065e-01,4.758204131026868566e-01,7.876696823338342757e-01,5.627932927178587175e-01,4.423362484088088076e-01,8.780288391074670962e-01,9.909738667978263971e-01,1.454990960487132501e-01
3.641367943128779316e-01,6.109763053461075843e-01,1.901687198760192710e-01,9.795313754927319483e-01,2.516245777366115655e-01,8.931200548761024649e-01,6.549605057005685183e-01,5.169672496767915154e-02
3.347662763420977683e-01,4.891593869278234585e-01,1.650997501850026694e-01,9.155735822353039399e-01,5.686580247451635817e-01,7.212900412588907351e-02,7.146050135650050539e-01,5.140100110464762562e-02
3.662789156294286030e-01,4.762683148479165407e-01,6.500134450925932894e-01,5.186437716184849611e-01,4.028517399771505136e-01,4.713615413666535359e-01,8.591782629323672094e-01,1.497958855779280007e-01
2.826184424636131176e-01,4.312937269666129447e-01,7.376578941471115813e-01,5.959633822461922747e-01,3.589535143168808284e-01,2.865728127727779073e-01,7.957073374005098065e-01,1.488974663408089150e-01
1.739719138799075138e-01,5.331363680108924807e-01,9.429200824607288922e-01,9.502369364763462167e-01,2.819577381977557140e-01,5.916361277712215427e-01,4.603264517938452371e-01,1.531657326844764189e-01
4.037126725632861346e-01,1.234379597630673731e-01,2.992357335774438187e-01,6.138612692465723608e-01,4.993228005848301398e-01,4.990951194137809299e-01,4.163776018510200183e-01,1.546456531226375053e-01
4.108747949435562763e-01,9.308444356485839899e-01,6.610031729486384178e-01,3.652978611402716291e-01,1.250754624878158694e-02,6.221293919267559813e-01,4.011310327597266134e-01,5.718633197104128207e-02
4.897609068568046231e-01,9.682453060275133527e-01,2.528972109747470443e-01,5.372841048618546278e-01,4.994480711087811997e-02,9.050567458089252559e-01,2.723225174725452113e-03,4.878828666699704802e-02
3.177348736547818131e-01,7.656869622661638397e-01,7.194035715922287855e-01,4.766103007368792666e-01,4.356339891918681317e-02,6.369855121235136197e-01,9.731520691455576300e-01,5.932500517223926462e-02
4.589783638785177033e-01,9.251633623034860587e-01,7.038732860088502408e-01,3.244783913319431168e-01,5.058071088848721253e-01,1.289165167773975718e-02,8.667185604050620107e-01,1.515687746348015619e-01
2.907221416778387191e-01,8.708224491494558350e-01,8.807708727962131334e-01,6.153010662847659962e-01,3.001503915203898587e-01,3.723126828903078334e-02,7.073302956577603995e-01,1.532630047577608623e-01
5.870322707732388290e-01,8.405530108362171404e-01,4.984692116198341516e-03,7.485840741401189602e-01,3.182306996323719384e-01,5.729481921560579671e-01,7.225171433055482817e-01,1.557397873458912230e-01
2.340948222028000347e-01,1.582090831484030957e-01,7.065042307931359566e-01,6.752694503740233056e-01,4.631084491104688339e-01,2.677417102315719499e-01,4.235187599821542692e-01,1.489787342637736711e-01
3.794388510178779983e-01,9.435906588553389929e-01,1.002466793255982203e-01,9.472812654471632898e-01,2.023477814731002855e-01,4.567645570599235261e-01,5.389198150916579833e-02,5.389907880907521265e-02
3.306505053499118052e-01,8.592977060886235474e-01,8.179024946209807467e-01,7.014021142558374278e-01,4.941206163329734391e-01,4.624457129241671405e-01,8.410255124032677276e-01,1.481110197525714323e-01
2.688570105453129688e-01,8.260434560575332652e-01,9.324008220205685094e-01,8.246224005874082108e-01,4.662618619682056820e-01,1.118809659839237192e-02,3.407344061639066002e-01,1.534071532068743693e-01
4.269696683748108734e-01,5.985538561907765009e-01,2.252900069609053979e-01,8.326508362315673262e-01,2.973969931181885684e-01,8.654599182987950945e-01,5.281963989914676416e-01,5.074007735488805793e-02
3.616608410378140959e-01,5.897626862866545139e-03,2.204763069771603634e-02,9.454825991610520397e-01,5.070030806225928055e-01,2.621997183993514113e-01,9.706323100949676430e-01,1.485598110482138634e-01
5.002488262315429868e-01,1.715379578397060456e-01,1.842362928633496377e-01,5.712009946676630534e-01,4.251637011097201269e-01,4.797347756178410583e-01,5.295284004701644731e-01,1.569830016132278683e-01
1.964553188961629671e-01,3.765361195947086737e-01,7.396477895008597425e-01,9.272741754172606488e-01,2.467454593327881307e-01,4.967475512714831787e-01,8.293685114437230332e-01,1.511461650456599193e-01
4.036477127499058515e-01,3.161425971225905185e-01,4.282183849527679831e-01,6.455862007720858387e-01,3.320875253536934579e-01,8.240443369099741400e-01,8.360502252820818381e-01,1.514704775811034354e-01
3.885140997613819036e-01,4.656589569744118418e-01,1.899714624051685452e-01,8.546069511586098510e-01,3.391270310319856041e-01,7.510554997102780739e-01,7.434689837087087305e-01,4.977770379030374559e-02
3.873540110326549879e-01,9.391007090758745068e-01,6.501921369502779990e-01,5.626611775136431959e-01,3.743185318454844701e-01,1.288641858402899132e-01,4.544221103914121151e-01,1.560594083518457298e-01
3.192247255396666317e-01,8.288436785108196370e-01,2.856966399065363760e-01,9.853838378319377256e-01,2.961826016093839220e-01,3.601215853667720790e-01,2.274258099659338672e-01,1.551887464371400904e-01
3.179275018477873971e-01,8.792707690051623226e-01,5.187095566980020056e-01,7.782016301909546740e-01,1.938692607902956500e-01,4.534078456015497860e-01,3.297375915422903203e-01,5.910945422529922944e-02
3.004112890209944542e-01,6.793094380455426684e-01,2.226754306302371478e-01,9.183463176942363582e-01,3.649473405546166394e-02,7.255663544705386325e-01,7.315546047984515798e-01,6.815577265292122044e-02
3.097246368114155990e-01,2.369614342432891929e-01,5.002770549884435480e-01,6.967769746913551332e-01,4.509741522451747864e-01,4.156216070029818965e-01,5.157105820653563599e-01,1.537715398861679850e-01
5.333827307008378593e-01,5.077270151707180545e-01,3.047879719816607436e-01,5.137986857349250425e-01,3.828398210176378047e-01,7.561858893783039992e-01,7.536907509181874909e-01,1.559631160430585695e-01
3.039171271370465499e-01,8.865532281578485385e-01,2.389729499087389630e-03,9.953353170898328051e-01,5.092939423149650535e-02,4.868532912791199707e-01,8.447156554340611301e-01,5.541019101242554423e-02
3.015478059751726114e-01,2.902116656469504452e-01,4.333815725919629713e-01,8.341147369281618484e-01,3.119911935363647304e-01,5.867234082699668285e-01,9.796948926657739198e-01,1.494473629032169182e-01
2.788839828837699208e-01,2.581608780436925876e-01,5.582596751514850020e-01,7.508778123634621826e-01,3.689040365408631228e-01,8.978009201733689881e-01,9.044707166062537773e-01,1.496077792703444098e-01
3.959384771542990844e-01,9.388202329489143683e-01,5.409122457689097274e-04,9.230709851233651619e-01,2.328409538571454274e-01,2.121259866769370506e-01,6.284830201008924089e-01,5.549808365614716799e-02
4.626520743758494314e-01,6.459356966938029077e-02,1.318727446330148489e-01,6.335832419419092920e-01,5.255254732088003866e-01,4.709387139475701423e-01,7.131727831251752914e-01,1.495275117405692744e-01
3.030000446752151300e-01,4.937062793843365327e-01,6.433386196416129854e-01,6.754268903792548517e-01,4.131379168790334511e-01,2.861241242143232055e-01,5.644923817766089869e-01,1.562993974884340220e-01
4.089557379910047641e-01,8.053459776536374681e-01,4.217091583176224012e-01,4.969227180013313094e-01,8.851936857247666435e-03,7.248055261222019485e-01,4.289008895984520731e-01,6.253882312747005567e-02
2.789854537919106980e-01,6.342646526349224878e-01,7.777649939161852544e-01,7.252633491776133701e-01,3.573381466158548903e-01,8.852243182177159664e-01,8.939998489515916802e-01,1.465666655165366872e-01
3.145722793582205190e-01,7.155469156818171639e-01,7.348840963482504707e-01,8.062667618135797021e-01,3.748782448627540065e-01,7.898921291247380516e-01,2.375284632449997657e-01,1.553696128906241203e-01
3.525386115257741482e-01,8.492317594634093414e-01,1.350104639201766821e-01,7.505702597184342739e-01,4.206241778642239026e-02,5.141202203261794335e-01,3.638083429797567270e-02,5.236747958873988473e-02
3.239826857503153579e-01,1.319370719056527919e-01,4.649980871688772499e-01,6.359655194799849198e-01,4.583975638858640012e-01,4.300016622640611130e-01,4.337331853750936439e-01,1.535292691680331389e-01
4.627312556667242949e-01,8.210007692755078024e-01,2.582067010241501093e-02,7.899841485734550028e-01,3.410578391618730998e-01,1.585301921009747983e-01,5.398862225699795347e-01,1.529612090345512654e-01
4.332877521185217184e-01,7.839645171597332540e-01,1.758538483053548318e-01,7.264267179469756641e-01,1.942313904103152300e-01,6.239639175938148652e-01,1.980650231051362953e-01,5.330199966298163061e-02
3.830112940821676082e-01,6.545649421388862743e-01,3.254307877890639800e-01,7.595419114244169601e-01,1.555226287793763928e-01,8.304299481182475517e-01,9.969158200210612719e-01,5.753468458638688610e-02
1.011186399542099990e-01,3.089634574738029382e-01,8.786823025703430767e-01,9.840007203867529029e-01,4.446941863573250497e-01,1.574413587977699369e-01,5.278026007492278016e-01,1.458583428339488008e-01
1.769890197025617840e-01,1.255734741509237362e-01,9.747351055216448845e-01,7.230221083510814939e-01,4.295265461815613306e-01,8.265289598132266047e-01,5.434264996429825079e-01,1.480620270318025178e-01
4.564644152924871578e-01,9.121101516908480811e-01,5.001385792345474091e-01,5.280823655687533202e-01,3.105411273624509860e-01,4.396166211365933885e-01,5.069243211899319146e-01,1.513501278715787546e-01
2.411950556465910500e-01,6.610590863815457574e-02,5.205983127043861680e-01,7.906392524980278003e-01,3.901130324697554830e-01,7.840479610290413959e-01,1.895509663019306901e-01,1.515446738110655944e-01
4.252154030770340931e-01,7.908788202034523485e-01,2.188495325370556355e-01,8.553160159773403048e-01,2.773362436758870508e-01,6.987378152464647219e-01,9.628672590088406258e-01,1.513889069757057282e-01
4.235316624488001946e-01,2.626947558279854600e-01,3.060037534957754657e-02,7.494463206228987318e-01,4.264707060679287509e-01,2.628496303207510376e-01,6.047935005892891569e-01,1.501248099468018848e-01
3.449174627643898372e-01,1.671768553970667814e-01,7.793339980634726993e-01,5.757518790889690763e-01,4.523538060081031542e-01,9.044837937351031254e-01,1.857559041458168303e-01,1.560823292383757832e-01
3.718498736718690023e-01,6.213246346440767232e-01,2.695071205936590553e-01,9.713592486159694506e-01,3.050231853671303561e-01,8.393376579432694218e-01,1.828167433284568211e-01,1.501493416787823554e-01
4.595867292847576335e-01,7.949158442466840446e-01,3.310714507288701203e-01,7.048015478277606105e-01,4.320975693729209866e-01,6.658815655876535455e-01,4.800586929088055399e-01,1.530559417635725117e-01
2.177340668867658868e-01,3.451934552525888211e-01,3.876025093675957711e-01,8.978364045827242901e-01,4.495215128674610039e-01,3.001029215061827848e-01,3.249560303278091755e-01,1.499394400312531461e-01
3.218048382781877881e-01,5.181169784509882525e-01,8.571929266893735244e-01,4.933554284088513264e-01,4.199899625635724609e-01,3.498440543105757472e-02,5.210780364966640654e-01,1.482444957183334522e-01
4.635986055024291508e-01,5.885152376894317028e-01,1.327991705404429901e-02,8.932479216215827300e-01,2.761512022459374216e-01,8.043296532597965509e-01,8.927294185498855228e-01,4.978874718652769732e-02
3.113550393755928347e-01,6.923728887305966584e-01,8.013840870422644924e-02,9.797937594963790353e-01,3.006928493269952485e-01,2.402296478488638032e-01,2.297933982373044359e-01,6.236108183683603673e-02
4.094225601991924868e-01,8.440027524871795972e-01,1.620664014320829516e-01,7.200989518055066485e-01,5.006275212763461324e-02,6.749638456236990436e-01,7.508949251229627420e-01,6.624543528810544757e-02
3.005539521657186741e-01,4.547893095589294887e-02,9.355307514452293471e-02,8.938248526972566443e-01,3.735180873227393894e-01,4.418615834719225033e-01,3.192411900366221023e-02,1.550161094876971735e-01
3.719320606850302080e-01,8.156866162960664246e-01,6.564765719603520289e-01,6.763846731790534861e-01,3.024915755269858009e-01,2.943729960009877633e-01,9.905079007286283765e-01,1.488266413570579205e-01
3.343320491547799866e-01,9.303497570394784200e-01,9.207138068750779780e-01,6.455915647559745674e-01,3.876248857081767141e-01,3.050459379369673263e-01,4.159183992523494688e-01,1.506317605448463659e-01
3.404748365854223802e-01,9.758624488269507236e-02,2.400240668811822464e-01,9.004987635312138305e-01,3.632091036512725135e-01,7.997365645496898878e-01,2.639297495573046937e-01,1.478277382760274095e-01
1.459589392746460934e-01,3.479144103518985731e-01,7.535523500965630728e-01,8.901109966589230149e-01,3.917867832892493740e-01,2.345058734038119042e-03,5.298657961543232764e-01,1.532565138645815561e-01
1.241673947542713818e-01,6.705157115036941562e-02,8.211901013138727112e-01,8.948429976575663636e-01,3.385674458773501039e-01,1.883883047141931000e-01,6.933335339184412138e-01,1.495454184952640930e-01
3.053814448017975747e-01,5.460201320131141678e-02,4.019589052876975654e-01,6.555841489773823749e-01,4.475056459914641405e-01,2.046997703190199802e-01,4.810889093974055064e-01,1.504500333631086373e-01
2.470327251426314152e-01,2.153938599546625365e-01,9.042955583894773941e-01,5.601545410134705083e-01,4.550387757765633756e-01,1.752738516964650328e-01,4.550735109247232568e-01,1.532758855092052341e-01
5.390333838007568268e-01,7.838948668260095065e-01,3.007110525252671973e-01,5.751566913317243124e-01,4.855815332230704051e-01,5.144370753398390672e-01,7.742431414159227643e-01,1.539575036617898407e-01
2.466044517658294577e-01,2.709682070765536688e-01,5.208833282301559287e-01,8.057838842545105296e-01,5.311116380573750462e-01,3.157980569637803825e-01,3.923403620847573103e-01,1.524413049402914000e-01
2.962106007368895400e-01,5.434191345040160215e-01,6.574925301480619710e-01,7.721666079327140775e-01,3.739035201161324817e-01,9.023216271281077061e-01,6.561590259813939729e-01,1.504606889802037606e-01
4.042520347333819486e-01,9.450130678593364753e-01,2.912824085878196745e-01,9.265338392677664459e-01,6.071621107252299643e-01,5.070164055276846771e-01,6.538355741702331914e-01,4.486027146342895511e-02
3.430027825928594343e-01,6.603196322632493009e-01,3.462037013825080001e-01,8.718681371727257101e-01,3.398190226721077845e-01,5.568900890272538984e-01,9.696995157930182740e-01,5.032514537663948517e-02
4.254505321692385045e-01,7.510297979796050072e-01,1.789416557890637083e-01,7.349695209674713681e-01,2.690617181893505405e-01,3.312109029926616488e-01,8.605086722131443100e-01,6.097339602430248973e-02
4.239055220218486686e-01,3.462745713546116488e-01,2.845389207071130633e-02,7.751525674274574174e-01,3.346861973309592786e-01,3.636004030993670311e-01,6.534577374784904524e-01,1.549225648307809844e-01
3.189679728720575813e-01,5.576300583484251616e-01,4.118638634744959948e-01,8.957954081819905490e-01,2.585541704428625520e-01,5.335619899599318705e-01,9.404748205882496048e-02,1.545215761454507009e-01
3.456183780204094558e-01,4.298692736470174913e-01,3.648597830993949298e-02,9.770848108769063511e-01,3.809178223607309066e-01,3.692716942620568044e-01,9.656210235601898617e-01,1.451424507373832717e-01
3.381388304639375564e-01,4.684700104282185640e-01,3.359961681256948274e-01,9.536940703358871563e-01,3.600727297673497196e-01,8.773480451400541558e-01,9.081593237547835873e-01,1.454838835460065538e-01
2.795105102451845291e-01,6.540639440864308707e-01,2.792379320528736719e-01,8.905688199174773834e-01,1.694730513127015448e-01,5.510969871149793420e-01,4.547618292983949817e-01,5.677718840971275605e-02
3.094492802816233290e-01,5.207209101688768937e-01,7.301583398126688662e-01,6.398528485195236204e-01,3.512441964474656286e-01,3.406608714484696820e-01,1.254316386548426365e-01,1.556484045692171359e-01
2.874054379261821168e-01,8.056955368631701919e-02,3.656524789827553246e-01,7.862808857197116641e-01,3.285667316075276956e-01,4.186272664712843428e-01,4.937100739689800344e-01,1.512974741126604794e-01
2.949360759825010447e-01,8.791980030666335377e-01,8.198083334085376483e-01,9.305905479291251003e-01,3.781980928219021432e-01,7.334093892293844785e-01,1.214199322624466837e-01,1.521495337786418767e-01
3.066427134331053406e-01,6.181136907528868019e-01,8.484673184672699708e-01,7.092802453620483671e-01,4.221377127870996615e-01,3.104164298383783049e-01,1.414381072083939483e-01,1.523168070791998674e-01
2.220704751222390971e-01,4.728202681210103009e-02,8.825248698433979522e-01,7.680100692723144107e-01,4.567099148802705733e-01,6.938159364071532220e-01,3.222049284742090069e-01,1.514794816340414574e-01
3.604284925021542518e-01,6.062066221692936629e-01,1.063225988743021766e-02,8.211170132867926519e-01,8.125015292705728420e-02,3.809142978695364556e-01,8.096736325677473811e-01,6.424217400360626717e-02
4.123524142522999592e-01,9.673623981880548062e-01,2.625129264794699990e-01,9.653174419694900976e-01,2.362471937699067714e-01,5.965121801579572614e-01,9.523368111236077960e-01,1.485099175551771733e-01
3.458863200383762160e-01,5.743995987422870764e-01,1.953020100754170596e-01,8.738581527974308427e-01,3.930950532588325386e-01,1.326063354207720479e-01,9.513064431754703065e-01,1.501934610988980012e-01
3.122867159958465644e-01,5.628347372801988380e-01,5.938757648800765399e-01,7.885472743416022112e-01,4.019370629114948357e-01,6.627558995432608624e-01,8.727424261043925657e-01,1.453056943763779696e-01
4.452421816818707967e-01,6.800648157253120774e-01,2.644980651598826671e-01,9.358710250010702225e-01,8.341055052858061813e-01,8.130005864215480438e-01,7.882668481680809025e-01,4.782437174187310902e-02
2.570425100897250070e-01,1.478305722477417650e-01,5.938035898539748558e-01,7.400883067639263402e-01,3.874175201393338375e-01,6.185978412936902204e-01,4.620770358666858035e-01,1.492386774496137214e-01
3.124194040699694863e-01,5.170528896268946628e-01,1.409028041331241710e-01,8.367732981225155520e-01,5.024419849068706423e-02,7.852746218603742223e-01,8.888169239464086546e-01,5.805842613589684564e-02
2.648902392482050394e-01,2.063284915817453768e-02,7.846417540192897055e-01,5.663858541891787501e-01,4.816060866741643798e-01,4.653961617448353905e-01,3.435213754863005176e-01,1.553996809053554418e-01
3.815781812769538095e-01,1.266199971086862663e-01,2.154784860562235227e-01,5.792124481399016922e-01,5.445894888940931988e-01,2.932846738186617452e-02,3.483275772564660144e-01,1.560452492148811099e-01
5.372763850179073097e-01,4.260395505186657106e-01,1.086193018746801631e-01,7.381124741389055721e-01,3.079093410403249687e-01,9.519826220391196525e-01,4.899386266191506634e-01,1.536251509186133957e-01
1.667851747737052470e-01,1.180967074480316348e-01,8.600665406866372376e-01,7.726460760945635942e-01,4.641762697806333104e-01,5.763631035536326275e-01,6.983529155256003040e-01,1.469506442919841227e-01
4.775849258267713116e-01,7.796329550172604872e-01,7.237934361405984340e-02,7.907532950404582150e-01,1.398405013756968684e-01,7.787235925715072504e-01,5.480231443279171000e-01,5.657407544387674236e-02
4.020114489718341622e-01,7.900425303928346743e-01,2.268427884545759499e-01,9.283177246174723063e-01,2.047911591628116534e-01,8.523869385991890146e-01,2.414664228647410704e-01,1.481874056640876125e-01
3.837520598189444465e-01,8.427195349465532725e-01,1.877122526199931363e-01,7.622686304467317653e-01,8.597902766129117413e-02,6.431405945003921820e-01,1.918241957426312094e-01,5.111619755855945080e-02
1.496326114618237169e-01,7.721309551192234721e-02,7.776603755971676080e-01,9.633497492227440784e-01,4.735072304532029763e-01,6.814891683298880398e-01,8.605318066056524273e-01,1.433705111774310481e-01
3.043346784197035193e-01,6.276624265685101234e-01,1.586304062134857862e-02,9.905888445721432456e-01,1.845279241209497600e-01,5.307084203483722895e-01,2.557058257423644454e-01,5.695678368886059051e-02
3.168397807951718326e-01,9.218873976657557812e-01,6.440562594962491172e-01,9.122062438509843663e-01,3.610195610605995142e-01,1.100497207483766005e-01,7.443630907777069039e-01,1.501580564802759143e-01
4.107496157216127264e-01,9.305647734186321962e-01,3.621288832921593093e-01,7.470168834290600302e-01,3.996656219173645441e-01,4.395266702834154104e-01,2.339336701826419396e-01,1.539983639640991608e-01
3.868531906048694458e-01,9.821642682677304004e-01,3.738024760984381967e-01,6.885952942364194085e-01,1.540974846782121599e-01,5.219935104931776593e-01,4.474485612155177927e-01,4.310627580110704127e-02
2.060296745934502294e-01,1.031764380989631524e-01,6.051387809240103000e-01,7.270573633441907990e-01,4.687297426320736760e-01,8.048039324988909282e-02,7.020488155198663094e-01,1.482231179041403335e-01
2.067262975244072709e-01,4.300791891167754510e-02,4.488677581800027405e-01,9.902693693417821130e-01,4.392687765873101724e-01,5.742085542659443043e-01,5.419984118055659605e-01,1.466196315106080561e-01
5.468813767919711299e-01,7.365785797691257741e-01,1.805657553146357008e-01,6.622363399060875455e-01,3.573608187629437327e-01,9.311140781400908395e-01,8.914111754728868409e-01,1.523662650798852658e-01
1.296011321711504627e-01,9.453647213560978368e-02,8.594026878147063009e-01,9.616357081167127285e-01,4.739801730295990501e-01,5.956684864573460469e-01,7.119017715309247096e-01,1.428166243014167835e-01
3.483910388997307761e-01,5.214856633754501036e-01,4.272691593239323349e-01,7.986195462656036081e-01,3.824717723596775532e-01,3.759127538401109137e-01,8.260739331006128339e-01,1.487267439479007525e-01
4.967023790417949280e-01,8.367770190930287066e-01,1.521684668296793552e-01,7.045302651243386949e-01,1.008657183296299276e-01,9.994840377307475654e-01,1.469728613391360073e-01,6.088614765608226648e-02
3.995698991991354365e-01,8.391093565169009949e-01,5.481090770068973717e-01,6.154638527857493324e-01,3.746616804050826866e-01,6.049802470333882631e-01,6.749690124685159276e-01,1.509972479643798271e-01
4.586826285960448057e-01,6.125314148944596138e-01,1.366883291966780600e-01,8.312306919788927662e-01,3.142836544347460404e-01,5.702056463325088087e-01,8.831499523454015010e-01,1.504442923629346340e-01
3.841808109016290329e-01,3.596515199631946658e-01,3.814812393331474816e-01,6.103706599885911910e-01,4.558913919157263628e-01,4.439109254896572709e-01,8.676404928772228908e-01,1.460664285957086195e-01
3.304777292848496972e-01,6.908958979061420314e-01,4.724761216044978118e-01,7.717370034425498071e-01,3.647239037921082838e-01,5.351364995579405148e-02,9.058726674782895394e-01,1.545220280471529817e-01
2.245158565279360419e-01,1.282596565362189578e-01,8.782632506665842831e-01,7.732698795232176847e-01,3.656621507059761855e-01,9.109155637890526958e-01,3.633663096185165697e-01,1.501203425424217919e-01
5.198957787586857560e-01,8.393731940060097374e-01,2.626078533087460309e-01,6.386130718436466847e-01,4.043154489561628373e-01,6.907809128907488327e-01,5.804249506299261618e-01,1.503581411537039947e-01
2.856465574909385907e-01,1.021221064846024040e-01,9.704973352961179245e-01,3.995233179515353950e-01,5.141158413402896477e-01,2.080351818357073501e-01,9.685407568496420261e-01,1.501104271644360111e-01
3.982772914691770638e-01,6.251072016394083608e-01,2.339478264899535753e-01,6.446822564709586700e-01,1.509082409591220308e-01,5.052183805084445867e-01,7.992007964839328293e-01,5.530027406858228911e-02
3.064316237329042236e-01,2.136709739204101233e-01,7.519337593700605726e-01,5.224920616727402045e-01,5.023272884858265286e-01,6.274060385380476612e-01,5.597113642999501648e-01,1.491590576377506694e-01
3.137059027079164841e-01,3.103368880705678068e-01,5.429347114346161352e-01,6.351436964425771770e-01,5.664737485691192509e-01,4.380664719175653143e-02,6.293021834491577815e-01,1.493265656008859465e-01
3.294103536185452041e-01,5.197313118109042618e-01,8.442851122081838078e-01,7.016523829263038303e-01,3.754749891326474298e-01,9.053796973252201674e-01,4.075398294742175187e-01,1.531009617534072609e-01
2.330867317682088213e-01,6.720105878139398525e-01,9.547924810095430592e-01,8.758984270087087909e-01,2.444991110171759185e-01,8.403919115530948947e-01,3.362429608653130231e-01,1.524434168196142636e-01
2.025336320606360152e-01,5.028059884757662967e-02,7.856317423367733532e-01,6.847281897621060320e-01,6.372772480843389431e-01,1.243923693413417908e-01,4.442973422489102653e-01,1.490709621468123969e-01
3.632775853812534317e-01,2.417283071629793834e-01,9.422271358901318505e-02,9.130904737594007781e-01,2.336662963884549860e-01,8.772804664048439172e-01,6.599839870544069731e-01,5.729485645574411423e-02
4.107769601459375086e-01,7.991851854442713066e-01,1.326865191828308643e-01,6.475511954181846219e-01,1.264439936364906425e-01,2.590925273003480966e-01,3.328309771057866850e-01,6.275943203166159390e-02
2.506427500307591982e-01,7.799768526453081385e-01,7.163663285660464286e-01,8.356236616054115718e-01,4.063369160923215873e-01,1.774556622908884940e-01,5.235111995520073114e-01,1.449602169768477722e-01
4.049416348524049747e-01,7.012369553968903491e-01,1.432817628636073870e-01,7.164071292416104297e-01,1.340949940130524709e-01,6.799275932296307001e-01,1.560689070857734784e-02,5.480004962869433616e-02
4.304987525211938504e-01,9.408950463039738032e-01,1.855888977427408437e-01,6.726997811836211705e-01,1.577711198804780390e-01,3.507535279586832533e-01,4.055672346783650295e-01,5.334450432713291196e-02
3.792104185524205473e-01,7.101789313410372673e-01,2.045362324883691629e-01,8.424952278017352469e-01,4.090005867177866072e-01,1.059396204188942647e-01,7.097195847519228717e-01,5.722584657678830844e-02
2.237746795189232696e-01,4.102673597377259895e-01,9.654967950656621056e-01,8.273573476510883706e-01,4.460519075383266863e-01,4.740163173262542107e-01,6.350779434955223790e-01,1.464423152178727650e-01
3.110011056297047327e-01,6.631003248892173296e-01,9.057954177751820213e-01,5.305304477097650961e-01,4.781265452953098460e-01,3.234350318087573783e-01,5.706576316506520863e-01,1.516203307103869968e-01
4.390186147220387358e-01,8.045945065254878070e-01,1.875872814350226236e-01,9.325983368601764578e-01,7.353255704550311078e-01,4.675744886904423803e-01,8.544393469068268798e-01,4.635073126116943942e-02
3.593360377197157840e-01,6.836363180016247210e-01,3.440577690783087617e-01,8.952460708542078205e-01,2.565371791318313277e-01,5.201813746131703775e-01,9.296915159330412237e-01,1.535759737923079737e-01
3.018122009824595331e-01,3.280223782639299923e-01,7.044886918245012453e-01,8.169207880099051966e-01,3.878233549817786674e-01,8.970365842477099338e-01,3.990434535630844604e-01,1.558792528327096472e-01
2.247222291624442481e-01,2.989387780820362828e-03,6.353268400210028144e-01,9.209751269492228998e-01,3.819701195072479627e-01,9.442866932911739841e-01,8.776411190630000192e-01,1.431840989956713883e-01
3.381811910745968763e-01,8.411953132461501559e-01,4.222295700726986789e-01,9.762940548532321738e-01,4.581632289782353595e-01,9.583118476606192759e-01,7.893334486290844998e-01,4.488836218040503923e-02
2.699597759464150704e-01,5.682855066643512920e-01,7.385757578082328134e-01,7.544465554700812149e-01,2.487776702270917406e-01,6.186451870888991511e-01,4.705397860774646057e-02,1.547785481528075047e-01
3.327139663322777885e-01,7.225812857141966639e-01,3.032603816754435577e-01,9.941590051299817876e-01,2.616494176592241150e-01,9.357023306426519582e-01,4.581886857179110484e-01,5.270034066574280640e-02
3.018849887770499452e-01,1.731839742204270283e-01,1.886671611090308120e-01,8.903874743592204988e-01,3.210232418211528271e-01,3.283000290214503902e-01,7.497307605512002482e-01,1.498765931983080391e-01
4.504170522774926799e-01,8.667952231214605119e-01,4.472724722899660277e-01,5.915156982362239635e-01,4.395891557673360928e-01,2.785287140538649231e-01,3.984899092708101831e-01,1.567491551212687462e-01
2.645569111129532081e-01,2.063560111570516553e-01,2.159235175087649006e-01,9.700270795958521042e-01,3.610094231654472074e-01,2.523900359613044375e-01,7.236894434066001303e-01,1.488650309311966291e-01
2.465392364100464917e-01,5.469283151411211685e-01,8.602475569421211832e-01,8.724985336647284040e-01,3.845152132292463110e-01,4.596796183566841387e-01,4.383448129301071861e-01,1.520930019817609002e-01
1.728092579091006220e-01,1.474299141130009927e-01,5.744741114397846626e-01,8.566990595529007102e-01,4.469086635646385419e-01,2.088293942147545490e-01,6.457407572684967789e-01,1.507712266852083705e-01
3.462628499004606342e-01,9.474918913342103011e-01,2.424806314169342392e-01,8.472514407538580539e-01,1.129357677984926811e-01,4.223526489530720074e-01,4.206152291301762380e-01,5.689571257219552813e-02
3.432139862327355795e-01,8.157318903078961680e-01,6.373987330636565751e-02,8.073211152120094436e-01,1.406935218191489034e-01,8.220781854110548181e-02,1.060659946922490882e-01,6.114460325381737560e-02
1.669555969621920044e-01,7.817103114818879650e-02,6.894906493278442072e-01,9.313132772144587790e-01,5.138430047970113934e-01,2.292266121756345032e-01,2.508837851777350747e-01,1.541878557543048811e-01
1.642021917236868578e-01,4.271518906141310579e-01,8.571260515885565923e-01,9.724330426868128541e-01,4.131092042367015549e-01,3.826534984421151586e-01,7.643420055746072972e-01,1.423128303240372428e-01
2.431930189035647061e-01,2.324069204202013905e-01,7.641527349748482578e-01,6.212305761920362546e-01,5.714057249865166499e-01,1.431023337328658496e-01,7.719930756850089670e-01,1.465781301654717206e-01
3.569489252709234228e-01,9.567279473527328104e-01,8.348194209771848673e-01,6.577985221190445486e-01,3.440414102613524872e-01,1.562786318480968717e-01,5.970918126232175327e-01,1.513142369065239856e-01
3.637142880226986175e-01,4.146908596346782216e-01,6.204686033308406401e-01,5.617632367234970392e-01,4.542010570581695994e-01,2.539370700839084227e-01,1.614875918520174980e-01,1.558441985354525050e-01
3.811565035540340207e-01,2.197750418516755677e-01,2.424828233081841311e-01,7.737445986263222775e-01,4.938858597089647584e-01,2.546553168531000555e-01,7.050540570673166085e-01,1.498102965459382485e-01
2.045164362174185235e-01,5.191980259056064861e-01,9.428478751125783930e-01,9.164428123772849766e-01,3.474806587014647730e-01,9.937161767296298631e-01,6.298381040439740008e-01,1.448938772764666316e-01
3.125420611933830695e-01,5.050074878945611800e-01,6.372096693589839322e-01,8.488074690255495991e-01,3.781569531984468324e-01,5.852975369524160421e-01,4.924267282277628999e-01,1.530967427864840524e-01
2.886189573142402542e-01,3.916255704729361686e-01,8.593041678831213614e-01,7.380489268281449355e-01,3.121098208515067363e-01,9.067032328020175891e-01,9.179886770748068026e-01,1.527668421225737982e-01
4.991664538288302921e-01,9.020281664918172737e-01,4.636957415078810651e-01,5.299465495749285937e-01,4.243374882040179541e-01,3.193955264401384664e-01,6.476153620639388819e-01,1.519149352830350130e-01
3.567504927974676221e-01,9.422637393875895606e-01,2.313845894763431887e-01,8.765847536373170268e-01,4.397252184155536758e-01,1.528178899916710076e-02,9.285858815680840816e-01,1.511006798027777487e-01
1.780911542306148343e-01,2.860132105469113672e-01,6.917034869755802617e-01,9.363913739234410727e-01,3.681508346564500989e-01,4.131149584141975972e-01,7.028437630975173933e-01,1.481341285249848927e-01
4.188574611784533497e-01,7.310220864451227873e-01,2.932424320208008028e-01,9.134436663560350222e-01,5.947047569599397399e-01,7.776433997760942018e-01,9.343977126603358885e-01,4.466371457892681640e-02
3.270170470545434860e-01,9.650363721041324006e-01,3.791535947459753197e-01,7.358897160398850668e-01,1.293627984922118834e-01,3.875224113138369120e-01,4.283872701872867284e-01,4.675347673074181643e-02
2.689145592814878860e-01,5.492200124035584441e-02,3.119991371999561447e-01,7.410625191143854762e-01,4.198311313016702684e-01,2.262153970024767813e-01,6.279467187076899215e-01,1.510713003371952912e-01
3.825115285992938818e-01,8.783081053087873347e-01,3.664903736001926537e-01,6.652972623840526234e-01,5.838430923328119526e-02,7.860129895236233066e-01,9.963427560043717213e-01,5.936374303001606956e-02
4.602044380741950880e-01,6.851464024394787744e-01,2.997248420749015763e-01,8.407102342591066257e-01,5.391410764367532416e-01,8.774660308105550754e-01,9.968414099489792957e-01,5.170872040788173502e-02
4.508415597495758487e-01,6.817986931709544285e-01,2.209663549733070775e-01,7.459275530246400887e-01,2.793866306164189961e-01,5.156046970890981740e-01,7.811683961140092336e-01,1.490871993637241100e-01
3.077676473527561352e-01,9.966934832505673914e-01,1.777226695498619613e-01,8.836927184664399304e-01,6.224827223728834902e-02,3.270000228124321229e-01,5.946622492491987488e-01,6.395089641213036469e-02
2.135202152899614569e-01,4.094053503849331421e-01,7.958948702026825694e-01,8.678075984418478495e-01,3.309237016464973147e-01,9.503718005301458049e-01,1.905687574873058399e-01,1.508503439644210686e-01
3.809123471935969008e-01,2.313297078469777057e-01,3.851755337247605437e-01,5.636722518966793549e-01,3.780240560189921384e-01,5.171487867264092930e-01,3.717806591331250798e-01,1.540752605368023165e-01
1.118834520912424801e-01,1.347994071202129884e-02,9.443642515945958049e-01,8.173552363561367162e-01,3.419149361727341629e-01,1.280683162311764822e-01,8.328764889616134814e-01,1.468746034320738414e-01
3.104666664591624325e-01,6.667969043804289342e-04,3.522311565471122896e-01,6.463837900630164945e-01,4.775037697760170508e-01,1.223517375941379770e-01,5.402685390060816273e-01,1.480084507193924759e-01
2.107605716554690201e-01,5.584629678000797570e-01,9.719352298420028680e-01,9.189465895957633634e-01,3.797122864762322303e-01,9.348179064180150988e-02,7.927715250506777167e-01,1.508616272936524894e-01
3.356767975327680231e-01,4.421214969583855403e-01,1.501730395430881382e-01,7.092221258003080786e-01,9.003419740758011880e-02,4.895338571646437043e-01,4.067621778558385692e-01,6.143138641374912279e-02
3.902281155280658553e-01,3.321176518441499304e-01,1.056039952379500546e-01,7.074983005508809208e-01,3.983181173750578452e-01,2.736306834885968708e-01,5.450077846233752910e-01,1.503455880936885869e-01
2.492236220039368844e-01,8.477097774278401499e-01,8.454736600593053542e-01,8.958209488567291379e-01,4.147325851875645064e-01,1.053707823460049431e-01,3.102066611237974669e-01,1.542386048315345093e-01
3.960990184308655904e-01,6.922983569297221917e-01,6.119152266808198792e-01,6.363509770088073836e-01,4.467441688623156049e-01,4.946474667697737804e-01,7.491827868079108388e-01,1.504994221242480501e-01
3.524388700729234047e-01,9.160136330618514622e-01,2.637051971927885097e-01,9.665877544710466118e-01,4.893327535950389162e-01,3.442275399007943548e-01,6.414685114129102805e-01,5.773676910122538253e-02
2.629650576087917413e-01,6.032767740545881274e-01,8.469024742559654317e-01,7.011286580520985634e-01,3.852188822821017711e-01,4.180681055134816138e-01,8.161182649542975120e-02,1.483495125948248727e-01
5.757169211669357356e-01,7.333455752596400590e-01,4.245534816720794025e-01,5.108368342666991246e-01,4.567949697126865161e-01,8.818407922289968059e-01,7.925937967511551552e-01,1.542484402470611915e-01
3.320807293208839495e-01,3.408416827837137397e-01,3.376701719098547105e-01,7.202400891972406960e-01,1.306382068579197142e-01,9.936007101838471023e-01,7.815474913997387807e-01,5.763317517676336266e-02
3.743068909147830303e-01,8.372583846927723616e-01,4.426982271824684290e-01,7.528557058074739627e-01,2.323445920005154930e-01,8.100348325438793129e-01,7.157869262116218767e-01,4.642055579717829089e-02
3.437913334476274674e-01,9.248315391300555577e-01,4.848478288659834878e-01,7.443651198306632244e-01,4.276768511390845462e-01,8.200918146855107338e-02,3.520392334880496632e-01,1.543374896694876264e-01
4.285608281422588206e-01,9.927569102641798926e-01,2.872376576917514690e-01,8.492068004811385018e-01,3.402906742447779909e-01,5.133943311473780913e-01,5.352744676066910623e-01,1.556106590864376749e-01
3.231599315800209871e-01,3.079622000062147147e-01,6.021511480381424031e-01,7.805539050760313957e-01,4.052875956284222592e-01,7.454932193358488890e-01,8.532161164292373368e-02,1.566031939271521067e-01
3.182153451088485241e-01,4.938205722801775055e-01,3.976563489148358110e-01,9.061525140026687186e-01,3.996354180896480868e-01,8.070048889569961803e-01,9.666700905227021412e-01,1.508001019059957981e-01
3.195965807470402265e-01,2.899526657924220707e-01,2.364097824319993657e-01,7.644853583044105561e-01,1.254108568294499404e-01,8.003949306071294068e-01,6.913503185133480500e-01,6.285469964253038999e-02
2.572038041592028534e-01,3.499554028930895733e-01,7.766737780055650298e-01,7.981074986483207567e-01,2.878311257882626428e-01,8.654914491895357997e-01,7.408052954848594052e-01,1.468168336191211232e-01
2.582137589217511353e-01,1.365374212854310043e-01,5.336217856969425188e-01,8.296532548320162403e-01,3.919785660952123107e-01,4.522585977344860675e-01,5.715491533947141267e-01,1.507152996306861947e-01
3.371456762932872886e-01,8.236715175864107730e-01,4.693983377343354801e-01,7.373803511215117901e-01,9.244625692584823584e-02,6.223301911977289214e-01,9.452761583189679406e-01,5.994477791432969299e-02
4.230199004295106535e-01,8.524835563821976381e-01,1.122024082813520840e-01,7.852343024272142591e-01,3.617405536137541233e-02,9.555108490988123426e-01,6.716346988160196707e-01,5.670946418945166378e-02
4.311331604216102065e-01,4.650678738065372464e-01,7.411853772483624203e-01,4.448562135486198166e-01,4.359972107265267516e-01,9.317426942370075071e-01,3.989080803323945545e-01,1.569491847199901979e-01
3.686152473659813356e-01,7.196912648029212267e-01,3.045397436866456586e-01,9.480184133276646774e-01,6.531101198680420161e-01,3.936362769991963995e-01,6.429439188546880457e-01,5.363683935861179169e-02
4.192071530069680918e-01,9.500750258557451033e-01,7.290094107868527740e-01,6.263617873504042644e-01,3.109597570047105686e-01,6.422577225156511638e-01,8.386961786094943028e-01,1.489358423121069919e-01
4.505654750191026015e-01,5.983707407075438134e-01,7.439554194594902858e-01,5.445955924980007135e-01,4.613148414688175158e-01,9.441246814609027815e-01,8.511969835466208778e-01,1.524342004455199739e-01
3.537451093578796724e-01,7.957513497811331549e-01,8.266258637470398352e-01,5.542904730127430346e-01,4.553644753768902875e-01,3.012825364980838971e-01,6.546756124210055816e-01,1.484376144965143252e-01
1.633529230379764385e-01,3.202879299513220479e-01,5.885117937906447771e-01,8.921291594022859872e-01,5.153059068003731369e-01,1.253138035283440921e-02,5.898464136131331692e-02,1.500540660687439409e-01
3.796242052348590690e-01,8.863268852535326481e-01,2.338282408971362192e-01,7.800813396277241907e-01,1.067467027533191559e-01,8.232932615496698636e-01,3.884120714102828331e-01,5.435077745795248438e-02
2.601027260535029306e-01,3.209534235360531618e-01,5.775091984777174225e-01,7.368283236105622747e-01,4.352078126684217896e-01,4.654562112879780389e-01,4.691771584363856329e-01,1.498484580104056663e-01
3.320585334858724424e-01,1.165983371799060864e-01,7.687295246183736275e-01,4.530435744558272138e-01,4.120802404714856149e-01,6.443876367277036055e-01,4.074496112172243389e-01,1.556598159753197486e-01
1.732783579485185355e-01,2.157173738604086788e-01,9.289029249117148890e-01,7.436241902769147316e-01,4.099048469344364065e-01,4.111036225465081184e-02,9.233917953471133533e-01,1.489771352383685299e-01
1.665390563709496785e-01,2.151905031746241814e-01,9.098500251813568251e-01,8.758585101816096508e-01,3.517469457737550931e-01,6.705113407647456114e-01,4.295100406829321926e-01,1.537220093720046421e-01
3.030801878456486076e-01,4.055805383575905587e-01,5.885977701152651509e-01,7.051416814528479460e-01,4.300024988759520994e-01,1.262237977861028204e-01,1.561297675313937927e-01,1.564024611024110167e-01
2.012711600780452137e-01,3.380209197117607367e-01,7.911710564773422050e-01,7.736164974958430474e-01,4.127345444400319363e-01,1.590040761337369601e-01,3.951640999964558532e-01,1.441289123456100385e-01
4.235408503595833873e-01,4.672197182229376189e-01,2.869586622417495403e-01,6.566361488266385660e-01,3.488429786070670890e-01,4.922098258548140981e-01,3.363151806096993379e-01,1.502963777060583872e-01
4.236480931757469759e-01,7.724585740083188545e-01,5.762863975904680691e-02,6.855707500780698904e-01,1.716999213808778624e-02,4.485281675975178461e-01,8.948086515994475576e-01,6.880453334155448020e-02
2.271228956312640879e-01,6.432164221037356411e-01,7.798718861458419083e-01,9.601506510185675580e-01,2.402670142143878418e-01,6.110861122311550542e-01,3.644613649529724886e-01,1.473707827808127258e-01
3.966256301514011762e-01,9.942788627201574192e-01,4.970376468268062897e-01,6.856091179503303046e-01,2.641614533533040987e-01,4.263794474846631655e-01,3.697318784852023921e-01,1.497960639962003793e-01
2.795090280091193646e-01,5.856238261303761128e-01,6.271310890410988215e-01,8.765994364415597984e-01,4.192552215002955940e-01,7.605836012529929580e-01,3.100926561052291808e-01,1.501660419425259740e-01
1.932505964483721694e-01,2.048241646755943890e-01,6.656149555773606119e-01,8.012448630540723871e-01,5.210711105623363482e-01,7.454383458447932931e-02,6.677683101801258347e-01,1.475188937697200497e-01
3.952861169064948443e-01,7.045258873380217945e-01,3.818459472516987918e-01,6.032371579947503060e-01,4.191974902916472123e-01,4.815011441635824729e-02,4.895241232121513852e-01,1.530181965018315715e-01
2.494776177812140228e-01,8.443793565895820752e-01,7.683783483389996505e-01,8.959944962550565606e-01,3.039862113285501932e-01,7.408434790160930428e-01,7.069700137310301891e-01,1.499649504027548153e-01
3.372708926480016967e-01,7.781426882107864706e-01,3.756458110122015137e-01,8.672765197723762975e-01,2.293196963754883244e-01,8.407641167639927637e-01,7.494412917638219040e-01,5.558150257514286874e-02
3.945385828035322673e-01,8.199622385882737730e-01,2.796487510721786807e-01,7.669655014025038575e-01,4.596971200651664979e-01,1.201325109149641301e-01,2.157162909173614418e-01,1.549589682742571473e-01
3.738716640678443337e-01,6.377929009918275050e-01,7.935413813512683934e-01,4.082550554793917819e-01,4.615995543958579805e-01,5.224036947510601880e-02,9.384764922756017036e-01,1.516527326026268774e-01
3.259705624762671006e-01,6.264114978702934877e-01,3.872467368021814682e-01,8.395140526441392526e-01,2.734706372617048409e-01,6.236453922631517433e-01,5.033676929521591070e-01,1.553989323758219188e-01
2.844666339910155717e-01,3.687782605479122955e-01,4.014732773399060095e-02,9.883415840492070226e-01,1.030904019802503235e-02,8.826966442379966526e-01,4.992928133849242611e-01,6.145069049609636069e-02
2.792165846540946017e-01,3.534885762964072864e-01,4.418608918865255530e-01,9.174988575804703395e-01,3.630649603607264408e-01,5.485087987468212356e-01,2.188620687097211914e-01,1.505258019759628252e-01
2.996957302086834529e-01,6.740112156303085245e-01,8.016752338663910571e-01,7.688427006878242320e-01,2.521915713425010308e-01,8.858261106065334900e-01,1.003900435067607289e-01,1.502837620642514249e-01
4.691369759964206798e-01,9.951808156581583020e-01,3.176143997744551584e-01,7.963547244435910111e-01,2.761244958104426273e-01,8.495571656524926185e-01,9.439284766980393648e-01,1.527940454802358961e-01
4.389274104580216940e-01,9.761652369226347936e-01,3.685525801415445724e-01,6.468147694555296257e-01,2.782456213810835521e-01,1.510277140303595833e-01,7.839311000385583705e-01,1.527874318295360245e-01
3.656888133563865884e-01,7.143874377506757023e-01,6.562757997498301910e-01,5.470517439315834007e-01,4.811074989539078084e-01,2.008278043169748894e-01,8.554668363146956667e-01,1.539970559304029152e-01
3.700607212415888969e-01,8.800900989858707613e-01,8.376591642484666478e-01,6.462134638662677677e-01,3.852779709251226148e-01,4.678300545568835900e-01,2.566072017563253982e-01,1.517706930513698371e-01
3.582078187782570255e-01,5.362276027571544201e-01,4.246280267571867495e-01,7.508893950834734099e-01,3.719848528416936362e-01,7.996201037119187172e-01,3.366548279050323722e-01,1.524969387081686611e-01
2.852611046045607779e-01,2.771893843256597600e-01,9.216947009503807520e-01,5.616533822351517102e-01,5.438605607537411180e-01,6.610357373017272664e-01,4.929607209895774389e-01,1.495044252470825175e-01
3.499115431257414088e-01,9.454462925073260360e-01,5.189086786971728316e-01,9.068908397000728927e-01,3.406496330523011151e-01,6.090280285795730553e-01,3.931557106649774536e-01,1.551662813953596787e-01
2.794441905367088808e-01,6.937654014398376701e-01,9.520546952116344386e-01,6.087528149605224703e-01,3.306932793900904111e-01,4.516258962194286131e-01,4.185960971476657688e-01,1.497258171778971247e-01
3.314480525316977344e-01,3.257702912938005291e-01,4.067663639139625920e-01,7.191439842414962813e-01,4.407985336590894976e-01,2.081895499850279219e-01,1.558943207508368678e-01,1.543205311186586215e-01
4.417102886641073312e-01,1.822261942509817434e-02,2.476976894028879994e-01,6.225918738283687803e-01,4.771741909710308649e-01,6.218865368901501656e-01,5.384780779260720518e-01,1.499952745015318001e-01
2.453486532502334172e-01,4.082118157461051000e-01,6.947604013775658949e-01,7.404700055797951430e-01,4.644315286135066723e-01,3.084150877123208456e-01,7.586792758369664824e-01,1.530919066795682348e-01
2.186714147844843747e-01,5.591507082885271984e-02,4.751083457741830385e-01,9.790598447276211980e-01,5.545102170797158170e-01,4.620447341365140903e-01,8.064316545860620300e-01,1.488013193659577516e-01
2.540245771103897265e-01,1.629091820495060516e-01,4.703078460329237487e-01,8.585062984710712941e-01,3.562517958026725773e-01,6.847116297867654744e-01,7.854823082521388278e-01,1.527725129935479653e-01
4.324365881924075450e-01,2.812436107080315550e-01,1.047340094044627024e-01,7.155048884210347682e-01,5.180881396145249340e-01,1.444149317332673599e-01,6.665811440816948874e-01,1.558812799894659928e-01
2.110781093632730365e-01,3.691942417057796355e-01,3.387963671445340386e-01,9.841825881235966023e-01,2.774477907910105068e-01,2.525374752274923140e-01,4.652596810274456929e-01,1.520490255659381340e-01
2.801287794519810026e-01,6.765763659848358369e-01,9.141638997802064015e-01,8.773591938996526673e-01,4.118007237238797691e-01,7.921586198474955820e-01,2.120995691214565548e-01,1.529859924925562054e-01
2.900550858433555979e-01,6.657052635627875858e-01,9.906294476294865703e-01,5.620553106161984003e-01,3.928587189582371519e-01,1.416442531192235177e-01,7.827008788023191999e-01,1.508563698182239510e-01
1.687916591279410294e-01,1.098028841834580160e-01,9.403252261057464256e-01,8.362863570019298809e-01,3.969277039859462897e-01,1.555066044611485565e-01,8.404980849407763799e-01,1.485578498933468328e-01
1.530904762886066139e-01,1.005686710113806726e-04,5.791574628613065379e-01,9.779766883371973085e-01,3.487696036038961389e-01,7.488100955346423948e-01,3.034073672824988410e-02,1.466446417691066317e-01
3.713254716250863341e-01,4.339776141038801383e-01,1.707655244036900832e-01,8.628883476945223840e-01,3.696384850500775698e-01,3.915933896889525201e-01,5.747813597061186552e-01,1.546469850128131540e-01
4.026366243650122412e-01,6.414501375168093489e-01,6.023533861918839438e-01,5.732151617293662627e-01,4.085885469122394476e-01,4.019349781153980228e-01,1.835033353473030093e-01,1.557237473303617614e-01
3.874271824462176550e-01,9.088762533859102710e-01,2.924404619056448773e-01,9.392131026620407219e-01,2.095115741912017548e-01,5.427673340125175327e-01,6.216976655178946265e-01,1.516824680286869564e-01
4.207471633649911835e-01,4.479835286546457462e-01,3.969904255655143377e-01,6.258903310570944623e-01,3.481941103217566780e-01,8.522093579274042652e-01,2.726842372726820951e-01,1.513576556328505851e-01
3.220344059033212192e-01,9.151248958566242653e-01,1.136793468633422455e-01,9.689786765419963199e-01,1.713523381092663112e-01,3.768901455855782068e-01,8.570655391320334271e-01,5.049937350830728533e-02
2.659337079677782656e-01,7.206922856631501340e-01,5.465477856420413172e-01,9.311467587954794789e-01,2.532106419176209933e-01,1.648934561991068914e-01,8.826477022339181966e-01,1.469263995253939914e-01
5.337673118146546436e-01,2.602265171629732921e-01,6.309413216687398407e-02,7.185765952750778895e-01,3.241220715018565679e-01,7.885808428250024038e-01,6.739819632754905365e-01,1.517259925643902330e-01
4.567982756012362033e-01,7.181898960085951744e-01,2.521859921875146959e-01,6.287503978900143009e-01,5.301148621833273733e-01,1.289904996445393470e-01,9.714340246086180519e-01,1.521368334018408097e-01
1.844670631800749971e-01,5.026625658318731871e-01,9.456494593601014742e-01,7.973335505080959562e-01,3.342567557128226508e-01,1.554909733023591145e-01,7.723296646432185053e-01,1.514259685058587934e-01
3.012003945387241033e-01,8.061721438794511307e-01,8.825296371969295617e-01,6.383424520296601123e-01,4.415979613611282217e-01,1.452904739045597360e-01,3.817990696530148553e-01,1.512234473564137149e-01
3.957770855062718862e-01,4.855929660152968896e-02,6.638631400257649640e-01,3.560675252382619060e-01,5.430234516619961704e-01,4.858320904347239733e-01,4.568174913467809573e-01,1.543240961770816488e-01
4.615813706545635053e-01,7.933891139296359585e-01,1.362193363918628997e-01,7.486259127947403336e-01,3.607633531233057633e-01,1.305143532160093489e-01,5.910234746294087405e-01,1.498087826155990454e-01
2.453619371899486978e-01,9.106465097301857936e-01,7.084400840207630834e-01,9.565051307818901449e-01,3.333253398241624588e-01,5.060847877128138439e-01,3.991147480864331021e-01,1.459320594519177838e-01
2.403359884482295372e-01,2.402101663109324492e-01,4.932417661330355529e-01,8.395203452961352841e-01,3.569515597306843757e-01,3.627295536903064610e-01,2.809276843035120597e-01,1.485940362472567000e-01
2.851526261257585348e-01,1.747240874901098695e-01,2.322194603040994287e-01,9.394343013239047080e-01,2.601503941816814547e-01,6.658350303292179806e-01,5.257682492613396930e-01,1.527278065613239533e-01
3.077922502910190872e-01,3.301635665461670754e-01,1.761803197090202056e-01,9.109201894164044022e-01,1.941316961908172989e-01,9.279972996926870721e-01,7.878491954618884741e-01,5.896206914057965098e-02
2.635397834547823503e-01,5.083154938365647135e-01,7.498079462322324584e-01,8.905943660882783552e-01,2.863082650547911778e-01,9.516182306893148368e-01,3.573966836707042072e-01,1.498702043578243326e-01
5.112081491154387702e-01,4.343895656367022795e-01,1.514610756409513481e-01,5.535042476666033329e-01,5.691910152630258457e-01,2.015844678791145483e-02,9.171343872868635838e-01,1.541628651016342388e-01
2.405879251109502848e-01,4.797693150315256450e-01,9.175633155982065858e-01,7.239602438173797783e-01,3.222145614863827223e-01,1.452095696738855413e-01,2.698707743165793538e-01,1.538412347616495701e-01
3.370171508030666563e-01,2.792714400731067248e-01,5.265031490175697826e-02,9.831219018010226574e-01,3.329109792076188623e-01,5.733746565212195501e-01,5.914304516402831835e-01,5.979836170921082328e-02
3.650680154387063725e-01,9.910487767692210959e-01,3.825040793570352871e-01,8.752011936798104186e-01,3.098569299135294774e-01,4.758589053600240093e-01,3.800407861108460739e-01,5.370962446926306338e-02
5.241599146461408676e-01,8.955645680480923687e-01,2.253277448772477709e-01,6.209840349405769677e-01,3.955445010157448982e-01,2.893116771715129598e-01,4.840838555844969027e-01,1.541700216723541628e-01
4.072840476148522626e-01,9.482570381829027450e-01,3.163066375148821940e-01,5.263067364249859326e-01,3.990256814279102837e-02,3.876124519503256760e-01,7.213890043843638189e-01,5.814720722465451658e-02
3.987332085555612693e-01,9.264023414646082033e-01,4.364872441853662188e-02,7.453735137571209091e-01,6.819346873157627886e-02,3.120110771753619172e-01,5.678655158523320257e-01,5.477865742221854628e-02
3.222042794032803359e-01,9.631726402201405968e-01,5.264242461893349212e-01,9.928680955206848902e-01,2.148331307414367286e-01,9.057426231755427715e-01,3.227028660503250546e-01,1.546302992014298994e-01
2.836638219703426778e-01,4.973051508425629930e-01,6.234483620639102996e-01,8.909946303592237715e-01,3.242445439596018941e-01,6.872766253815603132e-01,2.954300605316106942e-02,1.556154176928016275e-01
3.354580738870642787e-01,7.600912143437982271e-01,4.454015191780965055e-01,7.653632561999654804e-01,9.520463018064101446e-02,8.974499430889572027e-01,7.057308925012646394e-01,5.264913909874451015e-02
3.808344025302578539e-01,2.520745158476142000e-01,2.599734893798740787e-01,7.304950435840518175e-01,3.453705102851619690e-01,5.895287680842707934e-01,1.813829559711027661e-01,1.552598834619174917e-01
5.226696303641951147e-01,6.507414109670860425e-01,5.393154979861572995e-01,4.793718020893529830e-01,4.801827875337459917e-01,9.606124528633983584e-01,8.939648957969963394e-01,1.522112038027498004e-01
1.889703954291421795e-01,2.084164739099823027e-01,6.438778482278315618e-01,9.420928053431686378e-01,4.579061811380313318e-01,4.825343829884154445e-01,8.440321910319281695e-01,1.463053772507345862e-01
8.367038986880787066e-02,4.196659411548131491e-02,9.766294766114227421e-01,8.993328077630463602e-01,4.096974941310363438e-01,3.341005329548862868e-02,4.192613684282225361e-01,1.537049372957005056e-01
4.306149806552940218e-01,8.868225880211244583e-01,1.393238637464981333e-01,9.425208344399396143e-01,2.592860865229196787e-01,8.969030192797737833e-01,1.116334338716240548e-02,5.270573096335207097e-02
4.430967734927178103e-01,7.022343482670500014e-01,1.867429862681855290e-01,9.250052246445726878e-01,7.268334775612895760e-01,6.042729362504376533e-01,7.161645432126424460e-01,4.550974860943035605e-02
4.647064583653640613e-01,9.845764874597331406e-01,4.253263256021285743e-01,3.571302896972952112e-01,8.650622393325368975e-03,5.970573506629458516e-01,2.912782094490525830e-01,6.172776599175644474e-02
3.570423540457369205e-01,7.942727923544086188e-01,1.652756436873928925e-01,6.467864253113532191e-01,7.063316324463320139e-02,9.011504812856108160e-02,8.458327318902564285e-01,6.155597723399053312e-02
4.490781092377902350e-01,9.745656398261189901e-01,8.791283999929111470e-02,8.676608491036053028e-01,2.820844206538518084e-01,5.790689534998193500e-01,8.056949034056066772e-01,4.769994250490468268e-02
2.575314157624311040e-01,1.338476547415217155e-01,6.928598931672473871e-01,6.350377670093769744e-01,4.550178623829727043e-01,3.988318236257927252e-01,2.390945624732031538e-01,1.532208917290703853e-01
3.855413388737355396e-01,9.643837009911404579e-01,2.497762331197976304e-01,8.205508805634780245e-01,4.675928919422223107e-02,7.095334717440733296e-01,1.691758006315450813e-01,6.339434346833583422e-02
4.407529263517672158e-01,8.293417546256293127e-01,1.237707957144831283e-01,9.346689646014720854e-01,7.550004467057558344e-01,2.390995189214869532e-01,4.841160085331599472e-01,4.501838180315753668e-02
4.905623403941075100e-01,3.195400659947226218e-01,1.007185821274557691e-01,8.144571868269212533e-01,4.081150309130465725e-01,9.221072681731882215e-01,6.522835322524563884e-01,1.513261751662632604e-01
3.753804528483795089e-01,8.223137661632180517e-01,9.924841361692315900e-02,9.531013521580642411e-01,4.330862011122349475e-01,1.882217263264125973e-01,7.469979576333176663e-01,1.503460522519159126e-01
4.089729169133706765e-01,8.947093696139878372e-01,5.788670543063770824e-01,4.766140359756810829e-01,1.024913786988878028e-01,4.938072252148675290e-01,4.159339630501424079e-01,5.384834727108556152e-02
4.198342980159307514e-01,8.541277820149353328e-01,8.444992943908891103e-02,7.372134491712419857e-01,8.475647031232913520e-02,4.186593356157813917e-01,8.192786332431838403e-01,6.011736262438732020e-02
4.688507178393965802e-01,8.889316365534771780e-01,5.258557714183145215e-01,6.298626394562860664e-01,3.909027843597300267e-01,8.291665991580876582e-01,3.872060573550230034e-01,1.539529325987056274e-01
2.751158182531749929e-01,8.404141189476326268e-01,6.244517702971725814e-01,9.333219418382419086e-01,2.457617721827228818e-01,1.499207924268003422e-01,6.121435293256179966e-01,1.483719717506903901e-01
4.483843336725095163e-01,6.884376664271392166e-01,1.698636470422147937e-01,8.394926293385648330e-01,4.754676491545517525e-01,4.316437295115296280e-01,7.800200219855155659e-01,5.593254540578482259e-02
3.833214176426903430e-01,9.549799549361510653e-01,5.621359741509066588e-01,7.890384299694150894e-01,3.422273608449581950e-01,5.714798536339497081e-01,7.894648291674177809e-01,1.482865274735722383e-01
4.836402328459730171e-01,1.362962477636384673e-01,2.103899637705560488e-01,5.423137712259915588e-01,4.384569905788381350e-01,7.781302916523307189e-01,7.909101901025141768e-01,1.492662451571170057e-01
3.138625061989498422e-01,2.774460872668428335e-01,3.851470159715868480e-01,7.329197143235709477e-01,4.095770318013148836e-01,4.255299860380944432e-01,6.269107903556935257e-01,1.494233026034862410e-01
2.766425884897192322e-01,9.031440722307639835e-01,7.158935098561148846e-01,9.045990310852672911e-01,3.981836577122814802e-01,4.337461454618913859e-01,4.006025926766152434e-01,1.496398928006723583e-01
3.667825064084523357e-01,9.590239839905074781e-01,8.466612419071822826e-02,7.662382444089750333e-01,5.601749188006782676e-02,2.806622734977257672e-01,4.180980772926518596e-01,5.472433036453527855e-02
2.059188300876390321e-01,1.462448292708578013e-01,8.441345544841832860e-01,8.747945418757003821e-01,5.127865987099360368e-01,4.139359392037800234e-01,8.287364298227244408e-01,1.484552994611982035e-01
2.588251082026092886e-01,6.119786624067818925e-01,9.666464410605253299e-01,8.287010141156235798e-01,3.346359292422303455e-01,6.745575000056256432e-01,3.700786924758249219e-01,1.481211747398683554e-01
2.342369590730169204e-01,3.659183487284450309e-01,4.806518229298546441e-01,9.040387628229944461e-01,3.422846440836445625e-01,1.862602867429871689e-01,1.696577361457714539e-01,1.507701083588923185e-01
3.352327463188723433e-01,6.633596003256565510e-01,5.280982010442479835e-01,7.113498220195062505e-01,3.610965530394405487e-01,2.877308351504294093e-01,5.265811266898595688e-01,1.521169718209058053e-01
3.114499191559865210e-01,7.502162376005452327e-01,5.454100805667051466e-01,8.488254832606444422e-01,2.835105841701180962e-01,8.248540275133691146e-01,3.522958993788111171e-01,1.485576339786995326e-01
3.927939526357840938e-01,7.792452915326546492e-01,4.297365969372938244e-01,8.842971541887308939e-01,3.332922627873798338e-01,7.277002005516517436e-01,1.160145244246890694e-01,1.523206485938430332e-01
3.893423938192257516e-01,7.556180251713815466e-01,1.765406975330072736e-01,6.826063757820141076e-01,1.334370221759539898e-02,7.013379625748122903e-01,2.485050365209514611e-01,6.758858306277815142e-02
1.113934934102117635e-01,1.434016569191440826e-01,7.891343440715593571e-01,8.726001045569681258e-01,4.133146497468420666e-01,1.078996606412859771e-01,4.753208419007596275e-01,1.470177940781054460e-01
3.074082337007719157e-01,3.719060269783266981e-01,1.370782507660467386e-01,8.964775994016516147e-01,3.456380539125938345e-01,1.822566132029523334e-01,7.749933846223437950e-01,1.517590099761438049e-01
4.370491087885113868e-01,8.659038740877602613e-01,1.025594608334304825e-01,9.747109362049068970e-01,3.745079009983156570e-01,5.521973297733031583e-01,1.494114314134938337e-01,5.121552494882407325e-02
3.699709498503915284e-01,5.577836095661089511e-01,8.333274757899402641e-01,4.540956838600001544e-01,4.178721643345647552e-01,6.186900714393889222e-01,3.220457136406498222e-01,1.539217566899067080e-01
3.279433942682490333e-01,6.862585489977357511e-01,1.063908653013077021e-01,9.625731425010111142e-01,1.489071087721924869e-01,8.042862676089224117e-01,3.895180176417090134e-01,4.512527595729916990e-02
1.794770049763091679e-01,1.259314880023561511e-01,9.854697029999183178e-01,7.293891237750897982e-01,3.694597772196241969e-01,6.846487215505476787e-01,9.236207315365609904e-01,1.443919154789514714e-01
3.038695608476933985e-01,1.426460733897178534e-01,8.403551425494502070e-01,6.003869465926560123e-01,5.349937731417855336e-01,6.673982039468403515e-01,4.805877489631582011e-01,1.537968548342957265e-01
2.707244888067945610e-01,1.382593186062944790e-01,2.579125727819834291e-01,8.614125473096215790e-01,3.707993369951356755e-01,4.808829046287392828e-01,2.465702385579700007e-01,1.526533378755434711e-01
4.407358324327342869e-01,8.247723784923042256e-01,2.503223245550584841e-01,7.492466099858661188e-01,1.847919580221612790e-01,6.645159366786610455e-01,5.647776088104594638e-01,5.563582808096000781e-02
2.794248524472997541e-01,5.290611295419211935e-01,3.477605232930486290e-01,9.610408045087391882e-01,2.679429383806012366e-01,7.359692940267386074e-01,4.906968813990919553e-01,1.523314648265454985e-01
2.788242514220163892e-01,9.910664421682757741e-01,9.807998882956419084e-01,7.628282819120588698e-01,3.587425481739091593e-01,2.873420035223211988e-02,5.720649406688467220e-01,1.523369590215595260e-01
4.353147058061895835e-01,9.489482275393058552e-01,4.863323533923324948e-02,9.642652701781189162e-01,3.209138557761005428e-01,3.743121411923059361e-01,7.408440036243573168e-01,1.459482230578756923e-01
2.780768911227438078e-01,4.193873354070815074e-01,6.665116215875643846e-01,7.631816800480234475e-01,4.944014969166539153e-01,1.097870496551411890e-03,8.628580711639773915e-01,1.520284352776506420e-01
3.840084008427818718e-01,9.114740675677182047e-01,3.542318391128255195e-01,6.806410910312369333e-01,7.825021767410555995e-02,5.829395533168099108e-01,5.876210126593566230e-01,6.710346602951122730e-02
4.433836967850500743e-01,9.800632440564177594e-01,8.568560184762941123e-02,8.380634570179038567e-01,1.317939699392635111e-01,5.859753491391797020e-01,6.897435794274444643e-01,6.687192816869724776e-02
2.424133379859728654e-01,3.212448213580494372e-01,5.548758625999511418e-01,7.214596213949878711e-01,4.960128424044732975e-01,1.907790900417306590e-01,9.086058081799022190e-01,1.474456100148994198e-01
2.097638469827698415e-01,1.173421577943443150e-01,5.427938502917534214e-01,9.961960507272232812e-01,4.213625090137397278e-01,6.644691685740307108e-01,4.687901376114913532e-01,1.446878007280124612e-01
2.117381376635103785e-01,3.717828699615421950e-02,2.527776923258847064e-01,9.679981195686520046e-01,3.315639879719658456e-01,3.648722601043768998e-01,9.603053122227007687e-01,1.501242044735271453e-01
5.445370555082437170e-01,7.297757091752774539e-01,2.262351418699858341e-01,4.676179891254037546e-01,5.349478681501556032e-01,4.112945837466058796e-02,9.403683932585409355e-01,1.515906834314411922e-01
2.031324438492631557e-01,2.752401982611574205e-02,3.884078639353973905e-01,8.816072708485790388e-01,4.021093257998873960e-01,3.938515899603108328e-01,2.867894630610037243e-01,1.506062253551895547e-01
4.006896985893807495e-01,9.112107045270840811e-01,2.069386430053947457e-01,9.599347063710359507e-01,1.852233309867915567e-01,8.143269611910436412e-01,6.870371891914806017e-01,5.880342442207420889e-02
2.833542674948081874e-01,3.436127534870363487e-01,3.814829942537817375e-01,9.256469026663556310e-01,3.432591598226053531e-01,4.181517169472478423e-01,6.886540068650912616e-01,1.546419466902048123e-01
3.492922025130256181e-01,5.618886628566980290e-01,5.911225331850201714e-01,7.992708190360918730e-01,3.316296361778399149e-01,9.125824181395700840e-01,3.300296176898889211e-01,1.511196528487388502e-01
2.363052628863782367e-01,1.414517979803324166e-01,7.424200740584087077e-01,6.981050204653262981e-01,4.271422114273807358e-01,7.597480494819657260e-01,6.280944711749173459e-01,1.492602293365331567e-01
2.733828170379903333e-01,4.606948453796688714e-02,4.945201428590776382e-01,6.705416314256886778e-01,4.349317107450565989e-01,5.510252367204480084e-01,3.168930911390699379e-03,1.504468032371605868e-01
4.361342445044412708e-01,7.390011855311091615e-01,8.180370282442828156e-02,9.392765715022443063e-01,3.238903708505751489e-01,3.720139837955616091e-01,7.936408335866470543e-01,1.488426204796247099e-01
1.958333805044211173e-01,7.511693097380012230e-02,8.117124354384681606e-01,9.477682899940498285e-01,4.594936649070406887e-01,8.015312029435798236e-01,3.458804842614603414e-01,1.472119533696832072e-01
3.447365981936382773e-01,6.808584113906084312e-01,2.192918438450919549e-01,9.938324598626815387e-01,2.947220373401999161e-01,7.719003047572868814e-01,6.325616591984470904e-01,1.483212666854958617e-01
3.291856769687013795e-01,5.501252982548087145e-01,2.180284353109391837e-01,9.028092167296259962e-01,1.490621837938150840e-01,9.748147661001554942e-01,9.518446189019316162e-01,5.760558900217860323e-02
2.694007474809679836e-01,9.829601454603187349e-01,7.921875665217351647e-01,8.750437667048890367e-01,2.790812820654012816e-01,3.976412592821100822e-01,6.828271459398742582e-01,1.495718634864642016e-01
2.894113282378972252e-01,3.536245595659948115e-01,2.101980854468763760e-01,9.166224555656535822e-01,1.961690689802008669e-01,9.081272303958972669e-01,4.032922258350802314e-01,5.020430040261435189e-02
3.763912120636518366e-01,3.455411286681889238e-01,4.492081452067648861e-01,6.432268932559381813e-01,5.493825341270799356e-01,1.082247135209433164e-01,6.510127375892750257e-01,1.532327536629744524e-01
3.257050172570117308e-01,9.026074785221366303e-01,5.121905107608831775e-01,9.499981416670967294e-01,3.230517715567385872e-01,8.961377914446045923e-01,9.354264911217267109e-01,5.576168536774284146e-02
4.794367369923157041e-01,3.414512008906893659e-01,6.184719728526633098e-02,9.571951375032740073e-01,3.070790450986956577e-01,9.764745562106256216e-01,3.911584268109046247e-01,1.539428948268417585e-01
2.413431676513399515e-01,9.720706502363183343e-01,7.526225863421986961e-01,9.596690673085818135e-01,3.682982228811776393e-01,3.811429358931405220e-01,8.603959337911678551e-01,1.470286541047382545e-01
4.205242162733185962e-01,9.827435225293428278e-01,4.251521190616119883e-01,7.768157097416877876e-01,2.706343237049541051e-01,6.356491615653961924e-01,3.453439437585353877e-01,5.433378925364762413e-02
2.752346984894094017e-01,3.774866651215685875e-01,6.298739939507094210e-01,7.387014252045752682e-01,2.937402558904135264e-01,3.893113361175764009e-01,3.417279372628682088e-01,1.502234297732052415e-01
4.422612711922511153e-01,6.264297017518231092e-01,1.134811740572198024e-01,9.276877725781437212e-01,2.925213288615498008e-01,5.911578183915972007e-01,3.099758654014552750e-01,1.536456485535225847e-01
4.074986599221064321e-01,9.970872953412965867e-01,7.951142221843671143e-02,9.018348113386409626e-01,3.349420992456288992e-01,2.366207250567688436e-01,9.484748449550981508e-01,5.067474562599870447e-02
4.508045525414438037e-01,8.084376682615551646e-01,3.606472841841124044e-03,7.721354627041717711e-01,2.804828214630069594e-01,1.903323769526126252e-01,8.958891409391495086e-01,5.785311311575069837e-02
3.084462826520028012e-01,3.474396099952100636e-01,1.378049754872960886e-01,9.891031279024644629e-01,2.549077740684779769e-01,6.472425476797696309e-01,7.004716463082011346e-01,6.202411977498956119e-02
4.049003983410148222e-01,9.210254314413054422e-01,7.858649232270825680e-02,8.653673108597552677e-01,4.864251167501864037e-01,3.154661711487832809e-02,9.300795442117373302e-01,5.021256614593538892e-02
3.192549886780672863e-01,7.627873300263670053e-01,3.111465990914585866e-01,9.991077165383170922e-01,3.576487150243892188e-01,4.860850193686444554e-02,7.316955072547223216e-01,1.508226442168537074e-01
3.372588760788938211e-01,8.421913815150553484e-01,6.084516999930204006e-01,7.934396202695345179e-01,3.068443292368003283e-01,7.273043030357795313e-01,4.023094926167801733e-01,1.501892329067162080e-01
3.381423669878688143e-01,9.942375441447864892e-02,5.378286475779037179e-03,9.405143688569321814e-01,5.572434921146085518e-01,2.274028489051960200e-01,2.889503997820697112e-01,1.524647200568171879e-01
1.679229999926897532e-01,6.560947331791838755e-01,9.453062096813664716e-01,9.381008782277062696e-01,3.258762525752173511e-01,1.793538452094505797e-01,3.835454853532075381e-01,1.528718415586760027e-01
3.955648833478617177e-01,8.801304628189905443e-01,2.102324868113882028e-01,8.463002921338285134e-01,1.686361613156242001e-01,6.890614911694491473e-01,5.883436668882940923e-01,6.380856619005796648e-02
3.200173509928499471e-01,6.223750711223912102e-01,2.194499915160884329e-01,8.625641093885938471e-01,3.952858512712993377e-01,1.864137149440207031e-01,8.846114293800184658e-01,1.513814185431894832e-01
2.262574178665478219e-01,5.798849872800615479e-01,9.936950352270959019e-01,6.844353787475927486e-01,4.131935609123310038e-01,1.516603903770312733e-01,4.308556061046331376e-02,1.537712339489859803e-01
5.599740419469899644e-01,4.498804966208792000e-01,7.649560967287410973e-02,6.607466618088547738e-01,3.910956425628255850e-01,8.086754458404845636e-01,2.765735616194615609e-01,1.529046701743735082e-01
2.377384933897903618e-01,3.952619076434330525e-01,4.873701047293652611e-01,8.081264159182037776e-01,4.149886967705174734e-01,2.699094912752370012e-01,6.432796348264584463e-01,1.485362123433449921e-01
2.678581569157450493e-01,1.477192161992099129e-01,6.396108162130831332e-01,7.804171101615196005e-01,4.404265289984103382e-01,9.696823551071700464e-01,1.711006938776404862e-01,1.537011226291988830e-01
5.368945833666152190e-01,5.291379142885033193e-02,1.913374485007196535e-02,7.055584805691572647e-01,3.888383068786561148e-01,5.999906370840484282e-01,9.449116896237252927e-01,1.513587060794073513e-01
3.777247927933758964e-01,6.044055622343210699e-01,2.862153036833989805e-01,8.002401901681881480e-01,2.748431085707331301e-01,5.342309638138345029e-01,6.959613560893480599e-01,5.764375079065409135e-02
3.738172296081846424e-01,7.182473041542841719e-01,2.920234071107546958e-02,8.132455771551928558e-01,2.763633367704213528e-01,5.868709983523651141e-02,4.232154365742867852e-01,5.734070670079362275e-02
4.157662541801285805e-01,5.527444314056072505e-01,1.537016229460558270e-01,8.576664544604465368e-01,2.292853056100997156e-01,8.593630426345433282e-01,9.694352864119982760e-01,5.857163704012119387e-02
2.532037455814963312e-01,8.804176904876750420e-01,8.060206144736776768e-01,9.107149021765597041e-01,2.767748335459168096e-01,6.174837657713644345e-01,1.890140669403015394e-01,1.518949678892504707e-01
3.550334325296071736e-01,8.567081845022278541e-01,3.561841728838101018e-01,8.698007725549650182e-01,3.244060913442455840e-01,3.612334537832551096e-01,7.174236006969085810e-01,5.758216233523327787e-02
3.016116496367508004e-01,9.753176616116681075e-01,7.761093668201550777e-01,9.537683372451126740e-01,2.360435759763664376e-01,7.034808439887971776e-01,3.692727916788326459e-01,1.531506450585317647e-01
3.745536614677308362e-01,6.817453007504341578e-01,2.782262578176142309e-02,9.087713500609526651e-01,2.164263171174753142e-01,3.405452514642918760e-01,9.731414652164576129e-01,6.620051036140983669e-02
3.624512437197353054e-01,4.404550963986416656e-01,4.493941577028621182e-01,7.588076190448835856e-01,4.271531044581974856e-01,5.067955903108488647e-01,5.229571074546828235e-01,1.488613424689194664e-01
4.418649713531694889e-01,8.460918045794372233e-01,7.516024277189842229e-02,9.630202078957098566e-01,5.680897950898133875e-01,4.375804150799154635e-01,8.439131582595924552e-01,4.671752444883369576e-02
5.376212947016085764e-01,2.711894987470188090e-01,2.908246827888760766e-02,8.543822437810554282e-01,4.087220968949871747e-01,9.333439250907218376e-01,9.028456990735332921e-01,1.531895926543290765e-01
3.650396249690589512e-01,5.459066936364107558e-01,1.747151996193428425e-01,8.351561598730368186e-01,4.501214771290899530e-01,2.051787644902307028e-01,9.886318543443115558e-01,5.749739247333673919e-02
3.250305377150686237e-01,3.794014241144597621e-01,3.870632491094182503e-01,7.656773946622456029e-01,3.987854789726086313e-01,3.181687620369670899e-01,2.257745179244222689e-01,1.538810240243898564e-01
3.341618761068718690e-01,6.466397045482856765e-01,3.859207332572257010e-01,9.575616404873061871e-01,5.040360496390255962e-01,7.726207032619565318e-01,7.952324216054805772e-01,5.273112975750724601e-02
3.697212445898139244e-01,9.906297167735722553e-01,5.832065470872658253e-01,8.894383404489898393e-01,3.850634049994683394e-01,9.948982051166570528e-01,6.160572092000086153e-01,5.036396807778342755e-02
3.648460903981283754e-01,6.356934694879309289e-01,2.661661795354541837e-04,8.832354994270951165e-01,1.399296116834071457e-01,5.227562234305822564e-01,7.932542029128514249e-01,5.464213375786121374e-02
2.381998682842929593e-01,4.818608868995071792e-01,8.759461605236127379e-01,7.494152242584406487e-01,3.882522687331345090e-01,2.356175263228886263e-01,2.231628327876933326e-03,1.519844526664957396e-01
4.324011955390283379e-01,9.730839383445619717e-01,3.129033929919971535e-01,8.602331659863127200e-01,3.063408400790014752e-01,5.919927747089027692e-01,7.774257493305631872e-01,5.572471276034361015e-02
3.699598263273766174e-01,7.962034650498108768e-01,1.039216430455457418e-01,8.984255574009272216e-01,4.167938505721330289e-02,6.984356358254829589e-01,7.537633493924473793e-01,6.413086828036762554e-02
3.614460636493379009e-01,9.891785709318614561e-01,5.449142607459216414e-01,6.749978996277091747e-01,4.424426174742026596e-01,1.428669049247066059e-01,9.981171684127102539e-01,1.466284293834869135e-01
4.410853882643301915e-01,2.566629415909494893e-01,1.985500188319404558e-01,7.530849464877371613e-01,3.891788657824922781e-01,8.886600246380337298e-01,3.009916488664190481e-01,1.546328677663861839e-01
4.511052096927623545e-01,7.147913906906224746e-01,3.519933816193289156e-01,6.563099945290992165e-01,4.021860210935855884e-01,3.716733402971094113e-01,9.530711600658348104e-01,1.556879979947569659e-01
3.030359351766133136e-01,7.338714583408910697e-01,3.529946810722706108e-01,7.138166983686494715e-01,1.722811229801160804e-01,2.702212672773766089e-01,7.091104044770587533e-01,5.173970928945030578e-02
4.546914598267456364e-01,8.526746182242910255e-01,4.768079396852387131e-01,6.778898581410228719e-01,3.380106663970582903e-01,8.948650767602008838e-01,5.180556806301342965e-01,1.540942039040471556e-01
2.882205124313681477e-01,3.081264127679000930e-01,8.792765829082435092e-01,6.175608991303964679e-01,5.587376945343039969e-01,3.925319405826074304e-01,8.541643952800661577e-01,1.498066196890061041e-01
4.040693908744399376e-01,4.113086514026268459e-01,8.272169249080005837e-01,3.555177746182501264e-01,4.491326259379757602e-01,6.232680952833906662e-01,7.341086040299278359e-01,1.506548736896344831e-01
2.789030729306958278e-01,4.893700218772036870e-01,1.995613668693538567e-01,9.443069799348021709e-01,1.326070601222699985e-01,7.491993508284291448e-01,1.618322336473806966e-01,6.124860602330364084e-02
2.202781338651248477e-01,3.010906235817247811e-01,6.826112695624103610e-01,9.503792931481969131e-01,3.305979525188105228e-01,5.303056628541225059e-01,6.506504372776777956e-01,1.535574311080196708e-01
3.242368904447366917e-01,1.012343683281324846e-01,8.921508045247327212e-01,4.843968411158038334e-01,4.229849189293759526e-01,9.026913345370384256e-01,5.190612134127700061e-01,1.533998672837666444e-01
2.312551643056664219e-01,7.182341413189076151e-01,8.543634529184467308e-01,8.892917935966713205e-01,3.405493673903776664e-01,5.472087529743692169e-01,1.411997574970453861e-01,1.524586463330713793e-01
3.788350055517428761e-01,8.808838426126257559e-01,2.327618540280029513e-01,9.724303498609667695e-01,1.482005790172392090e-01,7.833862120356056558e-01,3.706459055600618280e-01,1.508064267561804173e-01
3.747946094400529948e-01,9.952244726454740897e-01,1.583105320912125968e-01,9.749756829107678602e-01,2.820886481271733803e-01,4.939373877942108693e-01,9.563939185076314464e-02,5.974682618477994422e-02
4.413408562950713598e-01,8.387057717986310390e-01,1.780671150826148574e-01,6.459118587843881709e-01,4.771529391529116815e-02,5.824001847658224484e-01,9.052986781257186255e-01,6.559400195774445219e-02
3.008044757520588197e-01,7.738944108575377401e-01,6.588972354623995331e-01,9.741771431753161181e-01,3.186426098183983147e-01,5.900821971510397113e-01,7.284743341594559496e-01,1.526134693326652858e-01
4.190756910030152271e-01,2.011358228476367582e-02,1.554324994004133431e-01,7.496351362322350997e-01,4.889264271616222124e-01,8.489179051110714580e-01,9.197145816449048272e-01,1.473994826298895833e-01
2.892094533188886429e-01,7.135255994459515083e-01,9.713110672939234691e-01,7.355134012599917614e-01,3.664299445336620664e-01,9.270190429112796782e-01,3.663991112332459776e-01,1.467126711692057495e-01
3.235548644190837098e-01,7.162171484286179446e-01,4.556660193600916564e-01,6.728755212619723647e-01,4.819988166120303674e-02,8.287412107300160535e-01,1.633849540373597531e-01,6.376323043829887349e-02
4.518271535881168699e-01,5.237109844688465632e-01,2.645338135473197516e-01,7.094590949267267632e-01,2.830902772649617205e-01,9.769347609410884425e-01,8.073171254038538081e-01,1.515468906567454255e-01
3.346580495854452053e-01,6.248981380893191551e-01,6.405904646872644381e-01,6.042053551753419072e-01,4.730827504970784303e-01,1.520961186569761425e-01,6.288437742312540379e-01,1.512174631949286807e-01
4.556888336749569390e-01,1.916204801817966707e-02,1.838526484980972375e-01,5.002317038305498231e-01,5.932082414716031149e-01,1.131951852903068101e-02,5.979242807694840067e-01,1.541814429257776231e-01
2.319154695056122595e-01,2.582248808473286972e-01,3.529649172841130000e-01,9.394389792025497066e-01,4.938702893202567834e-01,1.372652233738833050e-01,7.637136746077501925e-01,1.475415383106254974e-01
4.102985502519980177e-01,6.172011029799111537e-01,5.232596843801893272e-01,4.284904924251974889e-01,4.594482232157486856e-01,6.740573763896617887e-02,8.022201712367174053e-01,1.517777050889221324e-01
2.488706934339486865e-01,6.276977939296218834e-01,7.402279360927686014e-01,9.963902167482021621e-01,2.712716489672867270e-01,5.770116788677362996e-01,9.778320077437265834e-01,1.485677747807966076e-01
4.160501130897515387e-01,6.282442100710171617e-01,3.215961342806739065e-02,9.359991608769537841e-01,3.841535975278880244e-01,3.153622946298355600e-01,7.095222488822683360e-01,5.756044924776756305e-02
2.038943817668477376e-01,1.879189164974391368e-01,6.716605548386382907e-01,9.341711686047180496e-01,3.948910126201544135e-01,7.477361883895545791e-01,3.709860527700333255e-01,1.485454597763762041e-01
4.831130908906354771e-01,9.321478466156220000e-01,2.710112624559668504e-02,9.244240122767446444e-01,4.362609739956646582e-01,3.286657977888395310e-01,7.856567264633821379e-01,5.974550823437796421e-02
2.371721486399205880e-01,1.274257775954816263e-01,2.809376551339884953e-01,9.350371665912293739e-01,4.405869023623281144e-01,3.101797783677834319e-01,9.807927778392939722e-01,1.482749108116405146e-01
2.438361744722888635e-01,3.496612370631113631e-01,9.071236674603873062e-01,6.608578464791390328e-01,4.854798462294337980e-01,6.316295372052870283e-01,8.962907589890949378e-01,1.491158514477578523e-01
3.367455317008563043e-01,9.293275401459704099e-01,6.943065013227591731e-01,7.134605528043338474e-01,3.786308352282278245e-01,3.717569603354112795e-01,1.297700710821662606e-01,1.543794164743571562e-01
2.937050875450051279e-01,8.787785183949530232e-01,2.686114850163630052e-01,9.439895033127854163e-01,2.606663822323206370e-01,1.260299734145702288e-01,3.165214873614062840e-01,1.512283130151749200e-01
3.815350399587173480e-01,8.216691155224155052e-01,5.057794502651284940e-01,7.794251985008152639e-01,4.500359019257298976e-01,6.041710517742530095e-01,6.495246961746862224e-01,1.484083073574281042e-01
3.457500681191377767e-01,4.267774741429177232e-01,8.513786161180659784e-01,5.148381651405568027e-01,4.940626555563474298e-01,7.467359607856111081e-01,5.355326241432259993e-01,1.521722006188923892e-01
3.246677571993080713e-01,1.574309431518616798e-01,8.404888115615681832e-01,5.783878123552067541e-01,4.415225456997494691e-01,9.742246669443106466e-01,9.514905290908513003e-01,1.526744938703009646e-01
3.432299235338263643e-01,8.179740316067311001e-01,6.656146577697995559e-01,8.293301983369856245e-01,3.822179025720804924e-01,4.948318168270094408e-01,9.473502698428077906e-01,1.525180839835015290e-01
1.987728580774312803e-01,3.594539903417344195e-01,7.545423108207898188e-01,7.812395726446801358e-01,3.649896266093013431e-01,3.743205638731382789e-01,1.816455606696212310e-01,1.460752103586816508e-01
5.295909896032157116e-01,3.819942853456559373e-01,7.987547149628765331e-02,7.306283117260815585e-01,3.860701571820372435e-01,8.980554971587362267e-01,7.995258302061796218e-01,1.508584913770890934e-01
4.219393067890245264e-01,8.826313955519763388e-01,8.171608711618725263e-01,4.667392005500641261e-01,3.237287683054513865e-01,6.315676169633854808e-01,5.849072468631407729e-01,1.508197702083284852e-01
3.748384516489924323e-01,9.547194794513369498e-01,1.043629833704917687e-01,8.309254042757286962e-01,2.255852054354127167e-01,1.856788137459141064e-01,7.803013311543488539e-01,5.858281349307026264e-02
5.565045815478411040e-01,6.933455427537988935e-01,2.198203953829367951e-01,5.132099494074103818e-01,4.415732402022663483e-01,4.809183255060304196e-01,4.745475660141885155e-01,1.541762349154531253e-01
2.719672182887268308e-01,5.132481103037135339e-01,8.734913422948679118e-01,7.011624221199629359e-01,4.471060185263151521e-01,3.809346748053008547e-01,9.508380289624462911e-01,1.454530663831068438e-01
2.024648371574023775e-01,3.128233548780903206e-01,9.027452474409380923e-01,7.730677819676412543e-01,4.283007259662933164e-01,5.500491638431093122e-02,1.586941803196445511e-01,1.480583394740306868e-01
2.083572020106754796e-01,9.208025161417099369e-02,3.285709405437073904e-01,8.331675822754767147e-01,5.127791012594864473e-01,1.580155219779577069e-01,2.935568047498037236e-01,1.518663669051465714e-01
3.929155748609086674e-01,9.670922928309431121e-01,6.019872309481280048e-01,5.993552222698586007e-01,1.569935769610880660e-01,5.379177942225217279e-01,8.576752250249775056e-02,5.440727696374980660e-02
2.726386686515005486e-01,7.585446463684784035e-01,7.833600376493037309e-01,8.934789613154024979e-01,4.239342268407639835e-01,9.129347481059538749e-01,7.563645951241964038e-01,1.469807449887207129e-01
5.145642008323185745e-01,1.777587650790513063e-02,1.217818276767809182e-01,5.253316075168743549e-01,5.227879130429384791e-01,4.334741048462305013e-01,8.841195032907447349e-01,1.550662703129549458e-01
2.932148587328774481e-01,7.767195399929044397e-01,4.776173467005869755e-01,9.163724551417938846e-01,2.923604987507236741e-01,3.871276473862551581e-01,5.776208984028161630e-01,1.479589006351596514e-01
2.542770625085240543e-01,4.148241825336555499e-01,8.926782339992467286e-01,6.805741111059898651e-01,3.729042656676362366e-01,2.926242848031426202e-01,9.221042455316520448e-01,1.447514958335177626e-01
3.320764267721776353e-01,4.368675959867928671e-01,6.018110911449014999e-01,6.465828683843051206e-01,5.040344552179414350e-01,1.231385758220892579e-01,3.901371898704398822e-01,1.530607618865321984e-01
2.732654447153405330e-01,2.493047709475454399e-01,3.335806707531228099e-01,9.806717926216205194e-01,4.373687456954788999e-01,8.184611034623270331e-01,9.613832181712814728e-01,1.440203063811366091e-01
1.632519672684914491e-01,3.086020009883920778e-01,8.663480067806721419e-01,8.202261339441275778e-01,4.221909951290892526e-01,8.122419082626231024e-03,7.318675913637244790e-01,1.416675108982509146e-01
4.050354923037239319e-01,7.343527209085840557e-01,6.847962935145384122e-01,5.231947501876313966e-01,5.276914743403890995e-01,3.475122773529444320e-01,8.164039215729099741e-01,1.493677363432426852e-01
2.703909309609369149e-01,5.529174639311851269e-02,7.591957141706591194e-01,6.697532916420756433e-01,4.461084925927501499e-01,6.576147473227342832e-01,7.128739822158466355e-01,1.509372571772398253e-01
2.805182062861333314e-01,8.224000871523915457e-01,7.960950825399319974e-01,8.266226267787878390e-01,4.210251024327790192e-01,7.238970255110378504e-01,7.764544105049558942e-01,1.468614268928384314e-01
1.235407499572371837e-01,1.233143808990067036e-02,6.131169354665246818e-01,9.094925660871884254e-01,5.730593584582489575e-01,8.369552326914142526e-02,3.652743731945507499e-01,1.460436797086696603e-01
3.219356142890741346e-01,7.105109247691575591e-01,2.436375492051784108e-01,7.278554394211605993e-01,8.426380103253505727e-02,2.728088284612863457e-01,8.883767521326297878e-01,5.892918439489032434e-02
3.678091198988564514e-01,7.168689471444383843e-01,2.251507023748798852e-01,9.568240632474137586e-01,2.222309423275441453e-01,7.940781252929945966e-01,1.446812174117920735e-01,6.256969410163015777e-02
1.842947841195423375e-01,2.875944679781270996e-01,9.968280916582303863e-01,7.883810588730129076e-01,3.694009595468792928e-01,7.751662456999579565e-01,9.081453550947893305e-01,1.468424934440744067e-01
4.000659840303533166e-01,8.997644658525746353e-01,7.131806041041583999e-01,4.449672484150223317e-01,4.935295781438803209e-01,3.882228670508791613e-02,8.420799668988334652e-01,1.482448038333940010e-01
3.428518037659355477e-01,6.632737828265932167e-01,4.633584851796722082e-01,8.310430006295600469e-01,4.261604494619715133e-01,2.079521321291852298e-01,6.388684599904694839e-01,1.529158226567132184e-01
3.387983291856219714e-01,6.414769331821361664e-01,7.886729311003657372e-01,7.206441193101738030e-01,4.503163966231410464e-01,8.001498369407922251e-01,9.953545276699790056e-01,1.453416581280432829e-01
3.526941935350380586e-01,8.130413664654188022e-01,4.524669236519652804e-01,5.205670081162904195e-01,3.309756205695468800e-02,4.896331645447814518e-01,8.330731622018217042e-02,5.279932705008272276e-02
2.566413120327201147e-01,6.423977309537894920e-01,9.686933695608950234e-01,7.866603101960378819e-01,4.059001455621213394e-01,9.588620548764401619e-01,8.138208830958959528e-01,1.451088547982228028e-01
3.176418439296904705e-01,7.692072520374798605e-01,9.596252731279604209e-01,5.664377185445104157e-01,4.391594867718022766e-01,1.489307934049999282e-01,5.231648265758165328e-02,1.572219090804749531e-01
3.018535140421397811e-01,3.777275052086677132e-01,1.374025996219317980e-01,9.277838579295183408e-01,2.869000453999223099e-01,3.751019304442970714e-01,4.504094236422762076e-01,1.514404769981712029e-01
3.689438620617253028e-01,3.797568428408967245e-01,1.525025871654170362e-01,8.499074831863246970e-01,2.604540122734620988e-01,7.451915564356756949e-01,7.288066913164878979e-01,5.009404283654358275e-02
4.460680678375018582e-01,7.825520135212004069e-01,4.012350844145801121e-01,6.364408231716354170e-01,3.838756985121855037e-01,5.507496670656837345e-01,7.904225002509073228e-01,1.545959090195916374e-01
3.008942034303321300e-01,6.490942358904834286e-01,4.131591258969958824e-01,9.602512571533412533e-01,4.348425786503076207e-01,6.003721752935728961e-01,6.738449494535038164e-01,1.484006481652027087e-01
3.930396878679727757e-01,6.247642850356008859e-01,8.423148318499590337e-02,8.048595249662485740e-01,9.961130883162339078e-02,7.122782876914613981e-01,7.668610898937666676e-02,6.626912378345686805e-02
1.657947648687025100e-01,4.428212212150789417e-01,7.428701163670400343e-01,9.697386167917535493e-01,4.009295539613041970e-01,2.039093433594545979e-01,6.874841995974906306e-01,1.526244482446911244e-01
3.201596431131201181e-01,9.263128457357174828e-01,2.138384538776599841e-01,8.682134235941256772e-01,9.196675322050718027e-02,6.074940086071428658e-01,1.795686641308193443e-01,5.678173346666709476e-02
2.486074577051778922e-01,2.746355627074327233e-01,9.430740935466328523e-01,6.927619369899378210e-01,3.486475981809805669e-01,9.820580155933741340e-01,9.429307301866481916e-01,1.526291722023723763e-01
2.250331375552271362e-01,7.531359154403169942e-01,7.727289276006052976e-01,9.257321962433039397e-01,2.711307091983720108e-01,3.037576679316335015e-01,6.322638177813009186e-01,1.454378791379663527e-01
4.816831438848120372e-01,3.634019962127116310e-01,3.108936176022522591e-01,5.996414669186250768e-01,4.663394840479211378e-01,7.364349143368416062e-01,6.396705624586143113e-01,1.543795420831220178e-01
3.811060114003397281e-01,6.929445499720919832e-01,3.116753509438114911e-01,7.203714317329718009e-01,3.294420773869908281e-01,2.578965619545500187e-01,5.861602229062436997e-01,5.081444446284200112e-02
4.153316251196681463e-01,2.571904071705968797e-01,4.263617412588389111e-01,6.043564568537610482e-01,3.516173708183282787e-01,9.303348038387033725e-01,2.809317472006834793e-01,1.559786885504521603e-01
2.148915222795333424e-01,5.029727514666048060e-01,4.874007056686333605e-01,9.443077381243213386e-01,2.917194516736340004e-01,2.790714875142803475e-01,2.847334897722686442e-02,1.516709145018965144e-01
3.564738054819417412e-01,7.272409559735870666e-02,6.358386944220424386e-01,4.253662161980438228e-01,4.601212474534369656e-01,4.518605329217925126e-01,4.091152007721525763e-01,1.538280159149045812e-01
4.256599977783370736e-01,7.480409870160390495e-01,1.915270438784069107e-01,7.629106806422701892e-01,4.429180246910126018e-01,1.180798241992480069e-01,2.486455233923424712e-01,1.555103757088810434e-01
3.298981946139331600e-01,7.468520296247807000e-01,9.586524263174533989e-01,6.849685122660859049e-01,3.042047636845630620e-01,7.424535406966072948e-01,6.352426008408498248e-01,1.511917542164974426e-01
3.964878636181508598e-01,9.584497952855517422e-01,5.005722959256715399e-01,7.908031593671784876e-01,3.414032537737338724e-01,7.610391556324553886e-01,3.523638902084102464e-01,4.968107101579618406e-02
3.033641826900980165e-01,1.268556596352940491e-01,4.212201495293847464e-01,6.269212060359657945e-01,4.546135296997965147e-01,6.314263227408128953e-02,6.965564280812162057e-01,1.497648996787040721e-01
3.203763223377173452e-01,6.525157841963892258e-01,5.170708031115603953e-01,5.944163602695609061e-01,1.743830676291217574e-01,2.214712726482229721e-01,9.069677505598636724e-01,6.031895969738940155e-02
4.243730119660485967e-01,8.912870391485983035e-01,1.806354222319402902e-01,7.384126481033274070e-01,3.850707026796506005e-01,2.426965189871527762e-01,2.163112991567771037e-01,1.548171836012579294e-01
3.084763444639577190e-01,5.089360633292864255e-01,7.918684750387625648e-01,6.104587642728686037e-01,4.419593702669756818e-01,7.734318338466061871e-02,4.845367848913850195e-01,1.552571643630707710e-01
3.316577239433691204e-01,9.510680450150416076e-01,3.493315207147541512e-01,8.356302907812609426e-01,5.311888297996003594e-03,9.373276776725412152e-01,1.309323764378965693e-01,6.871843591066784107e-02
2.154769160734770761e-01,9.741110672385755453e-02,5.910827967220116941e-01,8.721855420208339815e-01,4.510323612761102385e-01,3.020839534070560162e-01,4.683556448834985675e-02,1.541836913671759957e-01
1.855580889509592379e-01,2.452109215165773071e-01,9.941479292272926704e-01,6.823497862097460676e-01,3.505483535442521781e-01,3.395752438611136514e-01,7.904985365080012816e-01,1.457227273736256823e-01
4.159203883118488543e-01,6.067191895048574812e-01,1.280794387808223411e-01,8.209153301917923029e-01,2.529594998787030868e-01,4.604413140438008423e-01,6.523082962174239219e-01,1.489773545632829543e-01
1.241358744694309735e-01,2.167551618179370809e-01,9.386950683728411127e-01,9.917846868127099258e-01,2.989212753711472104e-01,8.845735034809631969e-01,2.092254871283376616e-01,1.485905648338837759e-01
2.195718456780001993e-01,6.216875025424278833e-01,5.408647342267185465e-01,8.847496958095191211e-01,3.298380785739257193e-01,1.847240405464466440e-01,4.582479748585791546e-01,1.530675742796845928e-01
3.576907482546848316e-01,8.359129120188775186e-01,7.944381662942314737e-01,5.514642502755855435e-01,2.997309851952431048e-01,2.148137617025726587e-01,9.752840700014155928e-01,1.495285807727271266e-01
3.595090467324960626e-01,9.644265118835713135e-01,3.521104602649160475e-01,7.610392255544323747e-01,1.599875418467983090e-02,9.351104886124734783e-01,6.371130295994471560e-01,5.039991602178541669e-02
3.045354437190477270e-01,8.408869733279213943e-01,1.314095727558458881e-01,9.092702478981440350e-01,1.334744537890641958e-02,8.101876929692902740e-01,8.465623657839559391e-01,4.934380528010398614e-02
4.129080644918221021e-01,7.345939118399152923e-01,1.458643507084838586e-01,7.619480681991750437e-01,2.681399988026245129e-01,3.376211379553928360e-01,8.908657669374989707e-01,1.506830884437494467e-01
3.115940973522399737e-01,1.611794562163403333e-01,4.679341432254503497e-01,6.952927463524691820e-01,4.802006102367086804e-01,4.905060090099861991e-01,2.977864826582865554e-02,1.516632004269877765e-01
3.143072556435658749e-01,4.652634746710050395e-01,4.946336037371067418e-01,7.702336554444997319e-01,4.173040839189900986e-01,3.304073512422391889e-01,8.953458821457157546e-01,1.456181152513755794e-01
4.171773195756971475e-01,6.515611634261154750e-01,4.255100058443403999e-01,6.942377159146344567e-01,3.157984403351348224e-01,7.135783434975084827e-01,9.672948286047041710e-01,1.543100059099679067e-01
2.410256722174645982e-01,8.118460000529581500e-01,9.497047482207183755e-01,8.357396872452940162e-01,3.667055921148171249e-01,4.234046210272732758e-01,5.671560947108318373e-01,1.475454061779556680e-01
4.047520580980594751e-01,3.640942520380844316e-01,3.544551870782265413e-01,6.042190093553995167e-01,4.505178475965427864e-01,2.694062811939089697e-01,7.383514822651406906e-01,1.523550074667966436e-01
2.612860513402066598e-01,8.175303918403951098e-01,9.441774445007111716e-01,8.998999505785008068e-01,2.540846760352468148e-01,7.689837567364123938e-01,5.797436861683197273e-01,1.506839551716433745e-01
3.339921820410298725e-01,1.300496232938529451e-01,3.878288913283541861e-01,8.358365945729513413e-01,4.011073564471359099e-01,7.869380521225528557e-01,1.903558350506706631e-01,1.574973893430492433e-01
3.564631770773513120e-01,3.717573185146484382e-01,8.368973103350740850e-02,9.689460505831972714e-01,3.581433843931270955e-01,6.061933768403681144e-01,6.679362120232615885e-01,1.461523361942360655e-01
3.795355011233487730e-01,7.618246818481181348e-01,3.836161751308639900e-01,8.820547115044492514e-01,2.826384576584292097e-01,8.080768965945982485e-01,2.081222231281286694e-01,1.558950244125738571e-01
4.044020169742433835e-01,9.773474307282191686e-01,1.130277640568153885e-01,9.181554279596092494e-01,5.685238213813212926e-01,2.804573313225733333e-02,3.004411320755362436e-02,4.845465148730386529e-02
4.261645975148202758e-01,4.760697985283141032e-01,5.678090857079418630e-01,5.059297152681472287e-01,4.691477271764969981e-01,5.767683907955497569e-01,1.409455372981232024e-01,1.542187387308769919e-01
2.787899161525941860e-01,9.273052467284721434e-01,9.261671650487033336e-01,7.994840776114827685e-01,3.906845680854356684e-01,3.927554894781574157e-01,4.956055896028235264e-01,1.507597313874950440e-01
4.732013055737270824e-01,7.746274571239826212e-01,2.272569324480080977e-01,5.454913980754170222e-01,6.017534712149541498e-02,7.980663360867974454e-01,4.761537947343090216e-01,5.508321834453341892e-02
2.507944267849925302e-01,6.974102868418138312e-01,7.609603424724173948e-01,8.663131813612933163e-01,2.105795319168687341e-01,7.200278470698971978e-01,2.404884232476363071e-01,1.523265667015184510e-01
5.075668389720393581e-01,3.721545005266047590e-01,2.631302990817241394e-01,5.795966190819918928e-01,4.378128526677378396e-01,8.373909022219625520e-01,9.985968940584314391e-01,1.489277480996881176e-01
3.821140198141360078e-01,9.834334216566142928e-01,3.177386958066519829e-01,9.872831581847490989e-01,2.800934302911547435e-01,9.367009029458605029e-01,1.140632314198581909e-01,6.077437164723122065e-02
2.609160016603749299e-01,1.832496183416142954e-01,7.429549755012601064e-01,8.482281408894865038e-01,4.275268962294199726e-01,7.328225644704806641e-01,6.657554322879454256e-01,1.500028795089926037e-01
5.782967934239333641e-01,9.202171931963031293e-01,1.072336033737798511e-01,7.187396351530634941e-01,3.366146567917833732e-01,6.685581654550493136e-01,1.782690697258458856e-01,1.556995883125870117e-01
3.390933568737208303e-01,4.350720985806301178e-01,4.988255531895360306e-01,6.136516251346371131e-01,4.992189063659074888e-01,1.748942992210734126e-01,5.547147799494693832e-01,1.538214545186549209e-01
2.760188414247133348e-01,5.085092231821515263e-01,4.065252457052870305e-01,7.483718149908796802e-01,3.865830129147029837e-01,1.633469542964682830e-01,5.638954112386961315e-01,1.508599048179333213e-01
3.748528143857184913e-01,6.915257170607000958e-01,7.476209379711165059e-01,5.904317242314593983e-01,5.251344523344140258e-01,1.152139714615586508e-01,9.272396723505436089e-01,1.511101730440685964e-01
2.702410758339046093e-01,3.118441886848599687e-01,4.121009150582815028e-01,8.806883684720213656e-01,3.542777692736059358e-01,2.922879046561179250e-01,2.992389049187690886e-01,1.551934850211232619e-01
2.787512518782915283e-01,3.827282913380366525e-01,6.954363700414385452e-01,6.303606098509921818e-01,3.578667314096676266e-01,4.173581276524878092e-01,7.987715519527438524e-02,1.525198871199946737e-01
1.792032626477556845e-01,1.536148672422299466e-01,9.686046648230548506e-01,8.765517257650431437e-01,4.090486881642561023e-01,7.714110419223543236e-01,1.256217256656781966e-01,1.488635329447550171e-01
4.435970628072077870e-01,6.606051676636446324e-01,1.751267547509953171e-01,9.817906396172728645e-01,4.934872289984572058e-01,8.849332284461050024e-01,7.378093469331653553e-02,5.670581097027949102e-02
3.476363373114108035e-01,5.442441807822587796e-01,1.105193127076287141e-01,9.158553270009813785e-01,4.396330467287071775e-01,8.163131366990239446e-02,8.409113182375724804e-01,1.483156065552705960e-01
4.946390892749675805e-01,4.599027720006544362e-01,1.286592097463412632e-01,5.813643296504399371e-01,4.245780115282603573e-01,1.081626709081527915e-01,8.299962849792782427e-01,1.498559654652497075e-01
2.146688842830667132e-01,3.147683225823929565e-01,6.496055053474573127e-01,7.212748682581212600e-01,3.782751803362160992e-01,1.324261914857713385e-01,2.707578043158664349e-01,1.540316409765054295e-01
3.208334611276190684e-01,7.253743690986417247e-01,3.628767658186644596e-01,9.907134163139332816e-01,2.885090827053277129e-01,4.680279885229088332e-01,6.357188030039566673e-01,1.476339024008487266e-01
2.985246358571217451e-01,2.287143260761617114e-01,9.028441188580504928e-01,4.736521130866652163e-01,4.660780704803746399e-01,5.921413052490921425e-01,8.911755435730341901e-01,1.518956440960781418e-01
3.479698193139397766e-01,9.858463781425200745e-01,6.991290415267760183e-01,7.616537071594695618e-01,2.218052662206173586e-01,9.873582955980690912e-01,3.475311219356088666e-01,5.325424956165281110e-02
3.792738781502926759e-01,7.885097214320144765e-01,3.500659394258833212e-01,8.988937835841822599e-01,1.732360594966248779e-01,9.154400926390322546e-01,5.998368175365027533e-01,1.508938706139221764e-01
4.388084859312892383e-01,5.176948860358890903e-01,9.513995922126144977e-02,8.007443192975520763e-01,1.887512373854615122e-01,9.934708913365690730e-01,4.641282843922628354e-02,5.408886929193160858e-02
3.401724112234681963e-01,4.557838376611392794e-01,2.538850870625360967e-01,9.201829993046645173e-01,3.290403311015227539e-01,7.255689018918798361e-01,1.229275817445474317e-02,5.709072765179346032e-02
2.988424930542195601e-01,8.608436754540054192e-01,9.934438598526114106e-01,6.331191281725893072e-01,3.281353423207463704e-01,3.727971445032918218e-01,7.477169470005382568e-01,1.478815537791264567e-01
3.270165584036224260e-01,6.678053041454334871e-01,6.277794859644869607e-02,9.399984070912342782e-01,1.519353515924959097e-01,5.228422282185880565e-01,5.721893539697914255e-01,5.308799134931271174e-02
3.826957865724066599e-01,9.723535056595300485e-01,4.594106710369527669e-01,8.868872253702551056e-01,3.063100585552521737e-01,7.413649341661401326e-01,4.928983214859665729e-01,1.495543916171953036e-01
3.261320143756355483e-01,4.497656672618347562e-01,5.385032783774696963e-01,8.891506376004755241e-01,3.276035816627072550e-01,8.768849822476159073e-01,1.673328109567566169e-01,1.506583564714373269e-01
3.680777719957946115e-01,9.221914843461166411e-01,1.518839555711511968e-01,8.688775219180496778e-01,1.438673623438412319e-01,7.249564416211055073e-01,3.715910000701361238e-01,4.120281376511991667e-02
3.252356738481643195e-01,9.706928455198144956e-01,5.103343530068091827e-01,7.593970195268294754e-01,6.137116409891474333e-02,7.429805043088136829e-01,6.255237218511189301e-01,5.605979319307063946e-02
3.621925930743372657e-01,7.079824721101265483e-01,1.888625982600646847e-01,8.525546960702197197e-01,3.837721995336665914e-01,1.989159803361509882e-01,4.060185941231317930e-01,4.977327667147336127e-02
2.695404060311348271e-01,7.367893285730161557e-01,8.939335567302797436e-01,7.729346030938571976e-01,4.138819834193848690e-01,5.002236678074543086e-01,9.482827613265898403e-02,1.493947251815674615e-01
4.811711070709286941e-01,9.502553317373154673e-01,1.050727487135854066e-01,5.294625299706430255e-01,7.484901543465677376e-02,2.707557806398335765e-01,4.270078613070676932e-01,6.229940782750759826e-02
6.193464330447255861e-01,9.894352961697815418e-01,1.246407988820548152e-01,6.517666419835536074e-01,3.695631029451044158e-01,6.047558564641356549e-01,6.254990347947183560e-01,1.517186204010613215e-01
2.035555208800751137e-01,4.541924987648826573e-03,8.135753903340048332e-01,7.995327616554267491e-01,4.763413352102712217e-01,6.599224832735910429e-01,7.481571667562315620e-01,1.510486295059541018e-01
2.974648777335472394e-01,6.963232235611115373e-01,6.829402480691544319e-01,8.362819715521397912e-01,2.628297205001056680e-01,7.679677538491721522e-01,6.815388712028371820e-01,1.509659366987946560e-01
3.292491362609537564e-01,6.535751627752730553e-01,7.629689610571046554e-01,5.369771841213119012e-01,3.889389911821004575e-01,2.491050402380561302e-01,9.227891074418443917e-01,1.504266775773970277e-01
3.240029425646169803e-01,7.296737538386831590e-01,2.785554621627195360e-01,9.014065805494030359e-01,3.657645102741528542e-01,4.514636026422372828e-01,3.321315643448611299e-01,1.492243779242809765e-01
3.148592395796664389e-01,1.668632171451138735e-01,2.229511432757724787e-01,7.680033959851875203e-01,4.300917112081338312e-01,4.243702413321212008e-01,1.948741026744703619e-01,1.520554284265586142e-01
5.606186503002120736e-01,7.509025864680083373e-01,4.030375469319121828e-01,5.464996864222925188e-01,3.848912966349897768e-01,8.362015909982495332e-01,9.121415786459894370e-01,1.541798145243836182e-01
3.234222789200761339e-01,8.022473890945069908e-01,6.277089598353070565e-01,8.140240722572079646e-01,4.393228532354193083e-01,1.122813070709201000e-01,2.968531035345667313e-01,1.533849346748754616e-01
4.892847457996026272e-01,9.876094190269371076e-01,3.071493128139182738e-01,6.924055681903993342e-01,4.315234893648356440e-01,5.261213781942110090e-01,9.078265984994310367e-01,1.508502899267478159e-01
2.828847218291025700e-01,1.820372372305706365e-01,7.067322966711482302e-01,6.183504445610547018e-01,4.059026713388880214e-01,5.067943266313749140e-01,5.901587896803529576e-01,1.554276108465851292e-01
5.187433710779457696e-01,9.583494920688011565e-01,4.078592770764943864e-02,7.682488103668720925e-01,2.426361624578778631e-01,5.667066888047813666e-01,9.356251482168548295e-01,5.062792066193954471e-02
2.346315625741298982e-01,5.613438306279913137e-01,8.310555764113918276e-01,9.170698138184701920e-01,3.699916516441432157e-01,3.984462986951733399e-01,9.314472797251416303e-02,1.546325988542154306e-01
5.061267418091658365e-01,9.729743304209552690e-01,2.628508288180360086e-01,5.298528476249000363e-01,1.281351598843630257e-01,7.691628655442428464e-01,3.766532560585644784e-02,5.018466547885631207e-02
3.993476406388471456e-01,4.653982618380595460e-01,2.076130087960071924e-01,6.837837847626619947e-01,1.824851944571389273e-01,6.731059686517437690e-01,6.558100097018992880e-01,5.678335839675393432e-02
2.767586315319698897e-01,1.451147013285495890e-01,3.675067505506490195e-01,7.789366811597370210e-01,5.087992891850495747e-01,1.725927887171097019e-02,5.923812118884514977e-01,1.531134367533811824e-01
3.664708793896810923e-01,8.472328431127507109e-01,3.841050573032650517e-01,9.298752230051288148e-01,2.921233699683249974e-01,8.962169813343847657e-01,7.643895685457537947e-01,5.892973817624607563e-02
2.394385130862465294e-01,7.136663438040395935e-01,8.084617445604163066e-01,7.561672322608002927e-01,3.737784338134735318e-01,1.397225274898410974e-01,8.296003859044311923e-01,1.499225107934935297e-01
4.497304897615120867e-01,9.805893052702925328e-01,3.765387049646070627e-01,6.146193613180507276e-01,1.768385578532917224e-01,5.845388797318000762e-01,1.920068272133639287e-01,4.517391741078229800e-02
1.658682406626873773e-01,3.491009698251259508e-01,7.090288846859384986e-01,9.668465120543958680e-01,3.369135941297187187e-01,3.168913418971943674e-01,1.222608396340371106e-01,1.545282612031482206e-01
2.853037238852582091e-01,5.788635359744012110e-01,2.446754246883575123e-01,8.103225296229723540e-01,1.392959935046558517e-01,4.186026136148668919e-01,4.570418912277406376e-01,6.220304657275538274e-02
3.139526283726445932e-01,6.140762018183202331e-01,7.257198150481354304e-01,7.941788447311893817e-01,3.216116725722357739e-01,9.484186803140066679e-01,6.932919253246164759e-01,1.457612894497096745e-01
3.357455949377556870e-01,2.416740548763169349e-01,4.014059595444452455e-02,9.289947199136978639e-01,1.440467290117722343e-01,7.402249678643608721e-01,9.740428218728794940e-01,6.191874236667762460e-02
4.339544895921423895e-01,2.750074653702008209e-01,9.423619481295175682e-02,7.132089624108229886e-01,3.840311865605721131e-01,2.815490944277408425e-01,2.907456138477679253e-01,1.518954576443808102e-01
2.050198371773276351e-01,3.426277129222503604e-01,8.858832758299015619e-01,7.930176924254098703e-01,4.109034594387018235e-01,1.174952692103207186e-01,3.012211284579200399e-01,1.552834815371366695e-01
4.308526177263410917e-01,1.987941577959602135e-01,8.802308320869306479e-02,9.013389874012690539e-01,3.320288874173907834e-01,8.876471218115915551e-01,4.450701688030190839e-01,1.499849739794492653e-01
3.019077413010924360e-01,8.812339871113599177e-01,3.684646537345496187e-01,6.471402321235952826e-01,3.195292522360104748e-02,2.073516318105621536e-01,9.588203911402951585e-01,5.595338381554970653e-02
5.778051735105517173e-01,9.500543565274349733e-01,1.182710773229913581e-01,6.699739970419402724e-01,3.228801043719849995e-01,6.518658413412403707e-01,3.849982356536696404e-01,1.574180818554328232e-01
3.170215915748236801e-01,7.187623528229998282e-01,4.204803384508775110e-01,7.357230943219429387e-01,4.031668363262023158e-01,4.591666781109826623e-02,4.217634995217782734e-01,1.548554271565663887e-01
4.434957706613642525e-01,6.789488016926641389e-01,8.309639278460801970e-01,3.996074221584166031e-01,4.681027817484537668e-01,6.924442078033895553e-01,8.523233418947058215e-01,1.503732320829838098e-01
2.782668862649946839e-01,4.903570773274201766e-02,4.945459524491711556e-01,7.979558561780870640e-01,4.734535807129695573e-01,7.126671935071796637e-01,8.678738108133829954e-01,1.514381100942490677e-01
3.874105426594988133e-01,7.656796558360283722e-01,3.435877384106278409e-01,7.030815314633768187e-01,2.084521124770325473e-01,5.511171049328965621e-01,1.959439956956079421e-01,5.808035398143751582e-02
4.641800505814075439e-01,5.508375289079888715e-01,2.511970027750516365e-01,6.628537947974048050e-01,3.404436600877163155e-01,7.451770868951878013e-01,9.019433652325381523e-01,1.528067419537788574e-01
2.104506502083745290e-01,3.937648659925852002e-02,7.744288792569034019e-01,7.772995211769795354e-01,4.591352950121689869e-01,7.407670868837865630e-01,8.757218314526096226e-01,1.447518431298583930e-01
2.403923001614985955e-01,4.565003700236426321e-01,8.370025212184590835e-01,6.656142767472879029e-01,4.345023915359013111e-01,3.871651491825830460e-01,9.998198593452436445e-01,1.457386766480929241e-01
3.783596855054024433e-01,5.394167352814666083e-01,2.651233913963917388e-01,9.995559285441559805e-01,6.973571651505725555e-01,8.516267874999715604e-01,2.702445770668993053e-01,4.844467840978428086e-02
3.985605328706058881e-01,6.970197423776604007e-01,3.552538044691343488e-01,8.450247043216695397e-01,4.072409480820649574e-01,4.880818459504519535e-01,8.010705693842059549e-01,1.532450029296520411e-01
4.595631313906631821e-01,9.335985328306372066e-01,8.959719070229521520e-03,7.742407750035774638e-01,1.477886628651677858e-01,4.459428156900773210e-01,7.163417609383889717e-01,4.987486846680810881e-02
4.506014648692876490e-01,4.012651849150921102e-01,4.772890403534401083e-01,5.346449281962684097e-01,4.559071244872248130e-01,7.732714046690866150e-01,5.837640646122451704e-01,1.561392556782799090e-01
3.791946621434089115e-01,6.911655755478502972e-01,4.676285641548261207e-01,6.882275949417850924e-01,3.255080839212339816e-01,5.431409173884043096e-01,9.770058205930901574e-01,1.507648457151850030e-01
3.348951869134353387e-01,1.326776069214687936e-01,6.385564601972604226e-01,5.570119031548587119e-01,4.939212919554671899e-01,9.248068326931805361e-01,4.592286443321103584e-01,1.508225551847158230e-01
4.287312941737453365e-01,9.100497113840102514e-01,2.203817837098211996e-01,6.872693085829471027e-01,9.505633521062162306e-02,7.605967870473180348e-01,5.599889242962562408e-01,4.936107349268370470e-02
3.921458312574943039e-01,4.300491479621910140e-01,2.719503102724283861e-01,7.078515296301276516e-01,5.294812845769766296e-01,1.393020130642086407e-01,7.806860194019920041e-01,1.485206585257309864e-01
3.716386835808662692e-01,7.278856312463655165e-02,1.313316668324550074e-01,7.639901034192733142e-01,4.774765992287466343e-01,2.223093068783871806e-01,4.152790069364350467e-01,1.529324782100505709e-01
3.782521411656961652e-01,9.993331347166954925e-01,9.983187206792398793e-02,7.431150008241456106e-01,8.880570805803633672e-02,3.214957891937135770e-01,6.516821161469521506e-02,4.890968418010210872e-02
1.572593569550249648e-01,5.018609854807476456e-02,9.005812708689983070e-01,7.432758183379182260e-01,4.482157998242402019e-01,4.302724142726304102e-01,2.171887155004243453e-01,1.545636952821808074e-01
2.167319167133159863e-01,5.724041022027481773e-02,5.626715069124964552e-01,7.681880612196879676e-01,4.989024195195446709e-01,9.632924467998660312e-02,7.292896087123096338e-01,1.526912136776386597e-01
2.596832164427093637e-01,6.964846427609375779e-01,9.996528995919079508e-01,7.757009725219289331e-01,3.352206436293728720e-01,6.465887509381381681e-01,4.598364130896487878e-01,1.476764481549136809e-01
2.446302776596811501e-01,9.659507460111249610e-02,9.498262796693800469e-01,5.831111567034130694e-01,5.160075536046870859e-01,5.505415133601375688e-01,7.217749948504326163e-02,1.527251021991345992e-01
1.629738851747351003e-01,7.846319782593780268e-02,9.949754375463010225e-01,7.145205425368887919e-01,3.914258275427157097e-01,1.873918507803818967e-01,1.867856823866563265e-01,1.554433554780539073e-01
3.628016420446653623e-01,5.707925802285139794e-01,1.516045142332924645e-01,9.959819641555679448e-01,4.771278474640323619e-01,5.782834235366621778e-01,1.096559364178134599e-01,5.650371547810140171e-02
4.401914208075086155e-01,4.865950752702853377e-01,5.062745173668727894e-01,4.889114747127887850e-01,4.066733868391951834e-01,5.302643470548269455e-01,9.296783292779626784e-01,1.495041233998426200e-01
2.710029626227328237e-01,2.171537600412847269e-01,4.931633468824059285e-01,7.088968884750105337e-01,3.712940186801857445e-01,1.231751972402227446e-01,2.451529218167400881e-01,1.522080923159740973e-01
3.716687504189829516e-01,8.269677759427580543e-01,8.240381785116479563e-02,9.134546577768598574e-01,4.713820383700335070e-01,1.209822134292336537e-01,7.808315757126178536e-01,5.035029976443273353e-02
2.889936526435316066e-01,4.372128338867813380e-01,7.378166795015744794e-01,6.759847741215180283e-01,2.916306222042952534e-01,5.694016160581915065e-01,8.538460806237069267e-02,1.505221259066300554e-01
4.035258678441327462e-01,5.760166732333795725e-01,1.577372191259660827e-01,8.032905291332640418e-01,1.312167712162103650e-01,9.141964466426967251e-01,5.332478626946899336e-01,6.573838524591772703e-02
1.783509395880691906e-01,5.883255004304615010e-01,6.674626823138483100e-01,9.836875624086542924e-01,3.115082354024368838e-01,2.441517188524896520e-01,8.812497114795143638e-01,1.495419765834873904e-01
3.865878062978548302e-01,4.075633571526345866e-01,1.305715775764559883e-01,8.414920055462640214e-01,2.252947895123662558e-01,7.134317013861219969e-01,3.912147228689557554e-01,6.050641417575219894e-02
1.440716990050143753e-01,2.858161883667587055e-02,9.029428862307805614e-01,9.237627732490547583e-01,4.361927182294438321e-01,3.847215529633513098e-01,5.009943275355679404e-01,1.509578851405223299e-01
2.566838977341754369e-01,8.606161163184365970e-01,7.363471393518087327e-01,9.271991626356164140e-01,3.448867131552459941e-01,6.080749112246618404e-01,8.709689921888004172e-01,1.498407714111849032e-01
3.386283805075553932e-01,7.701214978227740593e-01,7.378331634688310992e-01,7.735797469984888597e-01,4.129554377877940330e-01,9.233848584628553402e-01,3.250048736702372265e-01,1.537960858372294792e-01
4.938555088434576357e-01,9.369602131716094906e-01,3.360735206884226112e-01,6.979610987932903798e-01,3.612803736292115597e-01,6.823487747059163722e-01,6.390454873385400525e-01,1.505776107024788812e-01
2.365787825875294015e-01,3.207002078102991760e-01,8.257400390046139016e-01,6.917398781782381212e-01,4.157116953312509078e-01,2.543557459121967290e-01,1.748172204158707221e-01,1.538924170867208008e-01
2.399867702814592052e-01,5.629630069159744510e-01,9.103481050976178768e-01,8.752335326377254088e-01,3.229148189364847710e-01,9.236187770202741731e-01,3.327914220177040638e-01,1.549421991446005009e-01
2.894960553710271833e-01,5.641322491216914647e-01,5.122395661880446704e-01,7.848846365396914271e-01,3.098258564389481662e-01,8.346039932538068529e-02,9.234339384536456308e-01,1.530535757147744591e-01
3.930657042739100770e-01,8.061474806216517575e-01,1.860485263288894631e-01,8.134731209955872178e-01,2.800410140261535563e-01,3.056688282676833790e-01,6.756942710416958819e-01,6.006698853039271757e-02
4.013288260127129137e-01,9.810718394409261300e-01,5.681624581913881089e-01,3.684867461111272502e-01,5.126679676498602234e-02,2.327816051361247807e-01,2.931104340501841654e-01,5.718846874395179525e-02
3.218057352009286443e-01,4.300435704048500840e-01,6.283640206263622074e-01,7.749518082179268630e-01,4.227784367608621308e-01,8.518678681186682144e-01,1.189724137667809156e-01,1.549207193856202702e-01
5.078498258324389836e-01,8.977406570145778364e-01,7.813373812023721721e-02,7.992963416743489313e-01,2.192228255021479999e-01,6.815324578222190510e-01,7.518328133474352359e-01,6.061577328641897661e-02
3.617016718835933675e-01,7.449143662542394573e-01,3.838308187978353159e-01,9.801721886245966520e-01,3.495782750859309229e-01,7.518566744329504559e-01,1.571853371007307931e-01,1.549269221946274200e-01
2.985654790989464846e-01,5.007341936835651985e-01,6.239065805336962978e-01,7.438794953594509707e-01,4.238390030962424504e-01,7.976602396199222733e-01,5.041643771069150848e-01,1.518074464586466332e-01
2.504953156999525921e-01,9.298112716209685491e-01,9.101281615142307047e-01,8.051981039054373346e-01,2.555139079854105710e-01,3.772675491326580310e-01,8.850874587455086484e-01,1.463335249582737863e-01
3.767509741981183158e-01,7.780330523060632331e-01,3.709017177678776145e-01,7.125069174656223359e-01,2.082084257601043431e-01,6.366809932639464487e-01,8.195339552590201748e-01,5.457448486207128191e-02
1.946367203483189146e-01,8.097419962827945294e-02,8.735597460677476667e-01,6.598071755371982539e-01,4.884496912860655238e-01,2.959671558318528461e-01,2.896217318852384315e-01,1.509578552118941985e-01
4.172809336351092635e-01,6.251344532317992808e-01,3.112433366725968487e-01,9.519247031421033123e-01,7.410113374283759935e-01,9.253238152457077259e-01,8.139384906720406043e-01,5.304574644703500402e-02
2.994581726964217205e-01,6.548831891167049557e-01,4.309563752116778446e-01,8.667939962565149870e-01,3.070291929946333820e-01,5.438128001654873866e-01,9.270622823134828661e-01,1.472062379905981211e-01
4.201099236692467098e-01,8.829604506872403835e-01,6.748286902390883135e-01,5.587492394705748655e-01,4.157371255461131399e-01,5.755763291864908204e-01,4.923260417494806918e-02,1.564416381810079804e-01
4.402314916946715728e-01,9.646462655480806392e-01,3.362115404703298616e-01,8.442606157188219385e-01,2.991742815886175855e-01,9.597459952793579996e-01,9.406115595201889334e-01,1.488212174783686281e-01
5.296091266722474655e-01,6.908371679752041139e-01,1.349195982144946460e-01,5.981077603304183476e-01,4.519560027494159971e-01,2.318417163945283299e-01,5.903815121972526558e-01,1.519355634576873004e-01
5.918518913897066192e-01,7.414184495396820562e-01,3.245256779009964565e-01,5.134179084626455669e-01,3.605716632101724772e-01,9.115199073111046602e-01,9.673964988816847743e-01,1.529282269844159936e-01
3.153182506594305323e-01,5.531466351476506116e-01,7.566241998588324469e-01,7.640073920270907815e-01,3.182484153725754217e-01,9.769990711358311763e-01,9.326144262153865938e-01,1.485709566330563336e-01
1.938693747016748958e-01,7.497047963118330660e-02,9.028023202932313751e-01,6.349446486778653753e-01,4.768800929802849975e-01,4.045451456174427030e-01,4.047031897697490055e-01,1.523088164343903150e-01
2.491298119857566773e-01,8.769399281917908962e-01,8.104350511778237731e-01,8.762868228331943676e-01,3.449071760897221006e-01,2.723645791892298496e-01,1.909174884850522447e-01,1.497142904121284146e-01
3.676859122556529469e-01,1.446138415014972534e-01,2.281378908265807581e-02,8.424856758769097009e-01,4.297887929080214664e-01,2.799995537841757365e-01,8.031909238387979766e-01,1.543863976417456374e-01
3.931515236748801545e-01,6.958069005616417391e-01,6.035602551840021368e-01,6.317371036103572868e-01,4.938815924516566369e-01,6.061553893732685161e-02,7.513310372578636542e-01,1.547368311983631228e-01
3.987360518976723611e-01,7.768897948618110894e-01,1.936651093368394472e-01,8.806968765931826315e-01,5.411963907915045002e-01,1.459404557573243943e-01,5.414402073187352116e-01,4.950978817389017905e-02
3.693270269657865090e-01,5.093464537342798915e-01,1.432270628313249694e-01,9.151817108742268392e-01,4.413093951209939303e-01,2.635769079774774593e-01,7.953299639426337775e-01,1.465665889616847850e-01
4.308097164219955033e-01,8.869939401727642281e-01,1.386231033152596770e-01,7.441150270310240566e-01,4.024004470490482599e-01,2.416904026245904613e-01,6.860676489621611029e-01,1.493858283100866491e-01
3.255825281746277389e-01,3.148064189940291691e-02,7.525456625523618825e-01,6.177173475615019838e-01,5.033543412519365656e-01,7.820664534526394762e-01,9.944144802743480893e-01,1.487366262114915294e-01
2.823314727407689184e-01,3.513042717179833963e-01,4.458582737731358048e-01,9.156220970841668638e-01,3.318160696746422778e-01,7.493222652796824867e-01,3.870572782981916427e-01,1.542266754148484131e-01
3.833006945570763269e-01,4.147219256758487571e-01,5.134341823822133888e-01,6.960417104670937327e-01,3.971804519281230683e-01,7.776155674958280528e-01,7.547798451412087717e-01,1.544135221797629798e-01
5.917376579126487623e-01,8.579074723909043687e-01,2.848035142153220178e-01,5.277997857306970797e-01,3.701126933550087372e-01,9.043862966639113488e-01,4.424993626555513981e-01,1.543908473287357586e-01
2.175434813352267183e-01,4.312096328149983560e-02,8.733440185952611179e-01,6.184920315667806756e-01,4.404340195375991973e-01,8.024773800901162657e-01,9.122527138225731136e-01,1.480498843076885063e-01
3.456585018664392051e-01,5.626683848727831450e-02,1.622106275098947059e-01,8.278314423731196747e-01,3.089386490267863605e-01,6.655706631298001774e-01,4.078335173145214432e-01,1.547866279352098917e-01
2.912783395500909145e-01,7.536274033215325518e-01,8.342378114740601758e-01,6.949468748219703729e-01,2.797131920212320710e-01,3.992604922640843879e-01,4.206284757236942173e-01,1.553588542798510774e-01
1.810956724840360188e-01,1.286156699430167638e-01,9.606453321421701830e-01,8.677930028090129477e-01,3.448285584881658483e-01,8.244312901169216223e-01,5.204808630452181228e-01,1.504465257317699756e-01
2.990184358162758516e-01,4.818251595179792179e-01,5.017222980253743803e-01,8.611167585039691819e-01,3.718953423456770047e-01,5.412405202185731623e-01,1.042279145690017672e-01,1.547460759804313302e-01
5.746907587853093968e-01,9.295831806075147696e-01,3.598951953766802436e-01,6.235666650489312124e-01,4.067977377924787419e-01,9.547243100790137049e-01,6.302086675888778355e-01,1.562990485621647552e-01
3.655936188921348751e-01,8.072131599400099722e-01,6.065949825621191893e-01,6.339302654944082294e-01,3.810860358311828899e-01,2.251638451144592490e-01,7.674552451917260321e-01,1.543958551042825256e-01
3.374030067728146509e-01,1.075924066538828106e-01,2.582443285450169990e-02,9.543003400785957657e-01,6.098860974178252903e-01,5.162442853442206214e-02,7.819699129061392640e-01,1.513786064584797808e-01
2.797342419498393129e-01,4.996275431022024760e-01,8.811237725136650267e-01,7.484210550126352279e-01,3.220913544791262906e-01,8.286346789418831404e-01,7.340445081241004921e-01,1.468316958375870396e-01
3.735109565709769930e-01,9.875058749387031209e-01,6.826802995907665927e-01,7.200889050227550214e-01,4.862079127926283162e-01,2.901414421954208178e-01,8.793566079131913682e-01,1.509966372580642813e-01
3.247064506603949408e-01,7.594308113185550546e-01,4.371231210604504813e-01,9.805382514786135095e-01,4.226106808847811536e-01,9.321207578011414530e-01,9.951993915615742203e-01,5.396500715241981522e-02
4.324904200030771917e-01,1.262179424491867707e-01,2.022094361411281571e-01,7.356245388315600930e-01,4.370840098637285842e-01,6.320929386249797277e-01,9.790072136615215470e-01,1.478900056594406598e-01
2.783109293980722265e-01,9.452133134629001621e-01,7.732677449030374017e-01,9.553583083288514910e-01,3.214568568469458598e-01,8.425703921750753445e-01,9.511996350954142754e-01,1.447294241362996059e-01
3.811181940428014503e-01,7.694692219945786782e-01,5.326561019216514703e-01,6.831695736635441385e-01,4.384109014682568417e-01,5.108033535841471906e-01,9.320113770593967395e-01,1.489298464543194478e-01
3.295344690524077969e-01,3.435233988319241760e-03,2.595151673261711922e-01,7.795020207985745575e-01,4.224235497128018268e-01,6.980714940412211522e-01,4.551180124811349259e-01,1.495808978214775153e-01
3.022968717164529195e-01,2.359729878648693102e-01,3.595415712572754829e-01,7.316835488550871291e-01,4.831017062341830259e-01,1.222256301055500982e-01,2.870215340211398347e-01,1.562956228194629649e-01
4.706437829370457848e-01,4.232204987119336792e-01,2.481684986984747932e-01,6.392096626958796435e-01,4.291167018034797165e-01,6.849230150773634174e-01,7.591815542551496598e-01,1.507335669466067785e-01
3.944239653165633186e-01,9.850400522798654634e-01,1.354947396138952709e-01,9.558515902483222249e-01,4.619620691269750168e-01,1.282652571333987579e-01,3.360006260900494368e-01,5.253463759382637210e-02
3.553501616230009263e-01,8.880864229145033484e-01,4.049728984519989083e-01,8.542352355426234833e-01,1.849239797332312696e-01,6.766281116891481595e-01,5.498829793441485370e-01,1.532504853902757480e-01
4.754159264092999715e-01,7.188030589085114830e-01,1.536526842348640010e-01,9.734518284600881532e-01,4.680797016860008819e-01,9.255220071918180968e-01,7.942393816587178801e-01,5.588481239349663010e-02
1.487923358454111833e-01,2.884537690013249112e-01,6.306582764236753347e-01,9.129379521646709961e-01,4.582664225906883937e-01,1.930251322834519723e-02,4.783695714729740978e-02,1.510149020943999387e-01
2.999039072117261062e-01,7.021133370801162510e-01,7.795158059989064636e-01,7.823066253541336446e-01,3.334140176456641402e-01,5.974749414961728622e-01,4.639474684416914352e-01,1.568327822102958402e-01
2.463020945372937642e-01,1.468471492927712618e-01,8.881256025477799465e-01,5.729375092048015761e-01,5.130112305434025854e-01,4.092776481754434315e-03,3.465981371568505054e-03,1.531373728777749021e-01
3.999885143088985351e-01,7.581234400520006078e-01,2.826484608455027692e-01,7.484562093269317984e-01,2.483162876634403549e-01,5.400578232004352719e-01,6.190034576646596953e-01,4.872272885041672302e-02
3.517813866829055947e-01,7.201534374059109789e-01,3.076877006359320932e-01,8.423314941740817074e-01,1.250762936702866090e-01,8.908170270970423577e-01,9.429468227360160437e-02,6.632524839309250630e-02
2.756836706347929322e-01,5.529712069743617509e-01,4.130442381709227284e-01,9.564355500998651394e-01,2.548648239772268731e-01,4.930939673420570157e-01,1.891541009389605676e-01,1.508131483468645451e-01
3.490480391697879936e-01,1.566018692968725867e-01,3.923252865877899787e-01,6.201597968328710353e-01,4.851691617045821303e-01,1.601697850095167297e-01,2.437562459914578428e-01,1.523876954173705167e-01
3.361504444410913228e-01,4.287340607278772864e-01,1.066581074544742380e-02,9.500053316210721466e-01,1.220474448864533878e-01,7.097223262413421274e-01,7.024764400327286884e-01,5.883183567981126877e-02
3.702930762009715160e-01,8.333063506583299196e-01,2.826641697338332371e-01,8.447805286008203129e-01,2.600116794461527769e-01,6.671134721433605863e-01,5.859791413530635040e-02,5.794601698085199981e-02
3.365648921811034699e-01,8.673927126034900459e-01,7.210775515029982374e-01,6.594320286659322017e-01,3.212596867966288627e-01,2.517611202375740764e-01,8.146236594809221909e-01,1.547447284647631149e-01
3.226999256631928326e-01,7.578395542782689898e-01,7.673336423866148337e-01,5.803681343999695930e-01,3.321296550401883763e-01,1.537583309370703644e-01,1.405499172594979473e-01,1.539924711300069693e-01
3.458582169772232429e-01,9.371966998891708700e-01,5.442532735094383067e-01,6.243763715043699758e-01,2.836409444316340123e-02,6.668704298514031015e-01,2.923597493097489508e-01,5.821476252043437938e-02
2.529290570074819167e-01,5.080473390265880518e-01,9.806018248200488729e-01,6.024322337724233867e-01,4.050670067022921206e-01,4.634318796614811387e-01,5.618399517566593504e-01,1.520148225932306252e-01
3.414425701637672228e-01,4.480808849638656666e-01,1.822712804628778827e-01,9.329794802235574780e-01,4.319931459462066359e-01,4.320202754401119005e-01,8.988103548818690003e-01,6.134800110267191187e-02
1.605546093751202552e-01,6.942185854180166205e-02,8.478536853430902465e-01,6.958957351135249825e-01,4.548507481129948626e-01,3.918634328744279860e-01,2.166035843445139886e-01,1.489001139968270659e-01
2.968955409927409583e-01,7.138364972882281778e-01,9.361373992979998837e-01,6.981758589363589174e-01,3.195676987908143696e-01,2.292755593455454433e-01,9.224901008616095410e-01,1.509048150967798874e-01
3.903191793854415281e-01,5.294070049776371523e-01,4.775595729036531956e-01,6.545741052511557800e-01,5.002946664424251511e-01,2.671727218739635701e-01,9.532626592823829625e-01,1.508235674012007588e-01
4.324684633490480379e-01,4.644018099648867803e-01,4.257527267008248684e-02,9.790451804376121281e-01,5.054779930246409148e-01,5.755937984033435706e-01,8.156461468862291619e-01,5.008109013404786480e-02
2.118410140410447173e-01,5.591224109452216373e-01,7.326235308266342283e-01,9.569829105414328074e-01,2.880007790424791159e-01,6.064725700415318776e-01,6.002149144640904765e-01,1.540064968421948066e-01
3.745114541989121859e-01,7.892907293013561310e-01,2.008841863624438728e-01,6.090531425152789780e-01,8.007494617868465836e-02,2.712900663694249315e-01,3.254249299692603681e-01,5.969702368814426563e-02
3.763985157059282494e-01,8.332382953023443894e-01,3.398751279375719636e-01,9.373933102929660199e-01,2.359512964408908564e-01,8.306553832927228154e-01,1.920561541097230429e-01,1.524309449177750353e-01
1.752832955458923925e-01,9.626428371432793618e-03,8.238538041190776040e-01,6.584761379678281124e-01,4.014118718173825817e-01,2.541587066325128319e-01,3.488749127753083545e-01,1.524716094896240159e-01
2.074187134287929224e-01,8.792485124511673078e-02,4.816143280934721549e-01,8.426669182890283993e-01,3.097650121054223993e-01,3.688431368222093720e-01,1.954895075565012963e-01,1.538759852537089357e-01
2.889391204781325273e-01,6.966727319206096336e-01,6.451545170067559676e-01,9.373784825839930335e-01,2.799896995506978570e-01,4.714427551912054870e-01,9.068142787508408631e-01,1.488240000455739453e-01
2.378314043372280473e-01,1.172671460293978063e-01,4.133496201924785618e-01,9.365625514651283456e-01,4.902207680634056430e-01,3.089631669207359987e-01,3.096786736014998098e-01,1.486350881966268522e-01
3.472988055452675971e-01,9.626019318919943890e-01,1.866554236269766243e-01,8.899389372210229077e-01,1.985255103127221421e-01,2.962029673399529939e-01,7.261710229412379203e-01,6.012836605976301652e-02
3.624153943750213491e-01,5.133281965255639401e-01,1.065767729210281844e-02,9.471186162786934259e-01,1.456353428133179972e-01,8.114975437964284666e-01,3.132870299006666470e-01,5.687883141310954432e-02
3.808522690481844220e-01,6.249200480154956105e-01,9.851465937661840755e-02,8.520510950247764947e-01,1.086595587114053130e-01,8.478793727234985589e-01,9.923361337694196482e-01,6.429952738542965562e-02
3.669050882938371672e-01,8.778595037877859886e-01,5.681052531325134769e-01,8.826654532075665083e-01,3.749251397295761956e-01,7.238135658351616541e-01,6.194691843437146739e-01,1.508233943772461227e-01
2.284651052610826572e-01,8.438335167382037261e-01,7.988580225950990821e-01,9.079860590887618432e-01,2.463745943832806873e-01,4.193058286927109357e-01,5.617522571854914881e-01,1.448224068057352154e-01
2.909824561556039191e-01,6.067616390783066027e-01,5.792008643989550176e-01,6.852788745949329741e-01,3.836801745432495969e-01,2.204369810538227004e-01,2.040226788041528128e-01,1.513572642918507016e-01
4.357719649798329487e-01,3.684496571265685194e-01,1.086597507794417883e-01,8.744747540365296334e-01,3.958993734937873432e-01,8.382057255851425026e-01,4.008447048474148566e-01,1.511971516106572766e-01
2.030393898152323962e-01,4.585993045743108620e-01,9.180690271707913075e-01,8.529384762481745375e-01,4.486646771593467697e-01,6.771150283192747255e-01,2.766008044029536483e-01,1.518845790449759869e-01
3.883818764145932079e-01,8.771817211178636331e-01,7.631644992493510360e-01,6.600554811102739006e-01,4.566906820625552532e-01,8.660108736010538877e-01,8.745341798886827611e-01,1.465247010535183358e-01
1.766134788480048234e-01,3.851701731402893403e-01,7.038224566424412521e-01,9.692386738915326205e-01,4.926107735624314365e-01,2.463879529960607551e-01,3.910328873408774886e-02,1.489320783232613854e-01
4.005337044365088195e-01,6.098264554077869048e-01,2.523811296523537084e-02,8.715467046409064444e-01,1.146714436772254264e-01,9.869267318008003720e-01,3.141601465128084913e-01,4.717450231072016498e-02
3.985846002160243762e-01,2.969543744606670810e-01,3.045852003618982340e-01,5.518917509436983559e-01,5.006299161621039495e-01,7.263787228932433448e-02,5.053731255476215933e-01,1.501431685543633821e-01
2.779797993356578067e-01,1.806859749488798350e-01,9.764994739314525329e-01,4.529726653323430385e-01,4.493985858232024677e-01,5.578779257421535576e-01,6.937324047297359630e-01,1.471486388301317672e-01
3.109366643662463403e-01,3.459028227728730975e-01,6.481967645835754466e-01,7.847889824147632476e-01,3.853712894067804484e-01,7.790087829352447812e-01,1.332497989404146654e-02,1.561706775313905782e-01
3.823635781643418552e-01,5.692552227583492774e-01,2.397059535733555569e-01,9.038846579780994706e-01,4.160415053099560945e-01,3.920714866682902811e-01,4.035331948541968083e-01,1.508516492173636037e-01
3.086473794273855153e-01,9.380572019459207933e-01,2.241968043195543825e-01,9.967027173228859560e-01,2.118911370347460188e-01,3.457723800592316099e-01,7.225507641943046400e-02,1.539464914022892206e-01
4.184304558986302602e-01,4.763465856017433664e-01,6.264238976977020146e-01,4.979529161667370918e-01,3.873646120567580953e-01,5.941930297635582559e-01,5.186599807581506738e-01,1.508640789492978751e-01
2.610487659026171636e-01,8.616869579019582615e-01,8.904606412200862797e-01,7.414338188369382632e-01,2.743294183107283235e-01,1.769810581811701589e-01,9.570702772835891770e-01,1.512975945758322505e-01
3.348685874898160164e-01,8.051736394664688046e-01,4.495249312773936246e-01,7.623029653963460106e-01,1.919266014878094062e-01,3.600362543820468941e-01,9.367778764862262353e-01,5.866192336994878465e-02
4.245155497524760735e-01,9.327031889082663119e-01,9.141732806980906734e-02,9.006480814603714524e-01,2.133786068902705502e-01,4.648033378626671430e-01,3.534818314192890165e-01,6.402299966952540444e-02
4.749063819260225250e-01,4.806976790788305975e-01,6.181201637914146563e-02,9.037815961697180933e-01,2.920637045304677049e-01,9.851479329589860612e-01,5.794153932830171660e-01,1.541674044856672365e-01
2.920190516869890507e-01,2.986982361935730523e-01,8.485211261502114688e-01,5.137457481757942146e-01,4.717622404684342907e-01,5.458813292154887087e-01,7.691960425964158299e-01,1.509564255670836630e-01
2.208571071110502215e-01,2.858256419731600717e-01,8.430972919775389096e-01,8.146605723629186668e-01,5.283889595751896096e-01,2.417126379781534551e-01,2.009172645550791891e-01,1.528143254169633813e-01
3.680268736431124843e-01,4.677075706124803611e-01,3.729941864079949210e-01,6.842531769752044912e-01,4.436828153101519123e-01,1.904261361379134265e-01,4.089267518330773621e-01,1.547389641699924989e-01
2.355790425327557169e-01,3.054694451119778220e-01,8.075091902360151952e-01,8.029620707245911371e-01,3.516782462546888532e-01,6.340016091889961736e-01,9.154823923081205628e-01,1.482530090875995854e-01
1.548711401635424201e-01,3.137746407575612295e-01,9.222245172315369777e-01,9.793729498498329189e-01,3.427909586116015817e-01,7.935933148504895618e-01,5.832469867781774342e-01,1.516066504103851242e-01
5.141217562179538625e-01,9.471632426774482250e-01,9.845965231373476900e-02,5.967315976411595724e-01,6.095204299374412660e-02,9.179246349936904803e-01,1.586334611200036493e-01,5.182300223095548386e-02
1.981717915965410526e-01,3.557167223339420259e-01,8.894471985845282536e-01,7.821679181165733796e-01,3.774001186226035864e-01,1.156379989156895993e-01,8.606000669667901448e-01,1.475976692974603488e-01
3.830947727671242253e-01,2.694565439184171129e-02,4.082447523134113965e-01,5.359930754724578916e-01,5.401051346911549533e-01,5.166129407426555131e-01,5.452255569567060478e-01,1.524207097746711481e-01
3.535619425923831050e-01,2.972589029729089116e-01,3.666958063692491443e-01,7.274165549504204575e-01,3.888395628514705882e-01,3.647473216644642191e-01,7.551042638583885802e-01,1.491774052104636872e-01
4.492052428623993787e-01,8.622078038333995664e-01,1.811738471585705168e-01,8.098731173630365765e-01,4.716906282097835801e-01,2.331731837652976091e-01,3.658644263426590326e-01,5.263295630403828917e-02
4.934658536076198532e-01,8.458100949595444007e-01,3.416975511861541914e-02,9.920663709043434642e-01,4.763683859534290077e-01,6.009038026708275471e-01,1.204252362310122004e-01,5.597473976971212295e-02
3.469875181940796915e-01,8.249030745682881527e-01,2.816366124547929894e-01,7.500327602127787596e-01,3.496021399215474834e-01,6.030236043903031140e-02,6.859917252832619106e-01,1.512163374156674789e-01
2.628095592655733115e-01,5.930954460250081883e-02,3.165416440622965677e-01,7.771402168094311280e-01,4.407970332293612015e-01,8.382396514813295063e-02,6.518316837221264093e-01,1.536757372123367382e-01
3.980013933373869328e-01,7.236325631471446362e-01,9.566069834164653285e-02,8.016511755421632524e-01,2.858062404554447267e-01,2.508830698592607877e-01,8.286260368153852696e-01,6.230015481242930087e-02
4.138261908073322948e-01,9.246952214538710635e-01,3.577012358135164827e-01,9.068023172401460386e-01,5.029259734307411911e-01,8.518470449772742592e-01,6.408517729814332542e-01,4.562048326711976715e-02
4.856404068360763437e-01,5.011559022486229420e-01,2.206315580545148425e-01,7.173513524092844929e-01,3.101635554817687712e-01,7.373742705264944020e-01,7.421825654755952462e-01,1.531151717654962718e-01
2.906984562110894732e-01,6.549547143637188817e-01,5.090918411002296473e-01,8.255239510940465264e-01,3.307217652611849079e-01,7.916316185627136903e-02,5.696340892452655957e-02,1.507487177729291972e-01
4.282285015522395710e-01,4.996827112685553463e-01,3.998892180663031759e-01,7.483882040766663968e-01,3.546123018466684762e-01,9.712945106388630734e-01,5.476810849228971323e-01,1.572036193938407544e-01
2.159256750369592248e-01,4.462463967274963306e-01,7.569214737885312516e-01,9.045710433190383704e-01,4.421734153006143808e-01,6.499277516716319703e-01,9.766630736076699071e-01,1.457402376177326930e-01
3.697522965158184238e-01,8.319417229818826254e-01,4.987335529007908552e-01,6.899448319059541257e-01,3.297849939620480231e-01,2.365800769099379863e-01,6.721379945278266321e-02,1.520052004487673913e-01
3.158680304265585881e-01,1.296956145344120848e-01,4.901361511796399340e-01,7.068642853612630006e-01,4.675490915577781292e-01,4.274021000661050174e-01,1.465534965994041983e-02,1.579739020257800441e-01
2.941810597866943988e-01,3.792638045332868968e-01,5.971301593239194405e-01,7.996476332711013324e-01,3.732412044412379837e-01,3.780890976917333224e-01,8.910630345875337754e-01,1.480207963645851499e-01
2.281882143979408750e-01,1.358540297747980463e-01,4.289254080239511269e-01,8.653753810698214810e-01,4.473215668781523879e-01,4.752201676036760247e-01,6.945289423385225813e-01,1.482240277633443681e-01
2.583881018515791217e-01,5.155010022383561541e-01,8.770355533248741509e-01,7.933988609921096558e-01,4.512013132728289189e-01,7.056264887469604341e-02,7.199465406926109923e-01,1.493629643977332500e-01
3.518628939387876686e-01,5.599335956942487202e-01,1.524816738985550479e-01,6.763858478273433450e-01,1.500558867212532510e-01,1.170184772769230497e-01,7.978840053820509537e-01,6.276910394863222109e-02
3.036454523034705089e-01,2.629158944284712973e-01,1.535484320374039813e-01,8.794448803865780873e-01,4.319619408733309518e-01,1.322969173962050826e-01,7.985253123607966019e-01,1.554869830656622209e-01
3.883180609641909697e-01,9.521950937840204521e-01,6.163252120500132269e-01,6.097778480343063467e-01,2.967036659738577775e-01,2.077820832486505509e-01,2.217046292132074936e-01,1.528153815857567766e-01
2.529142646311290932e-01,7.726955697018896840e-01,7.112020233746378928e-01,8.915488368070634273e-01,4.379271311149562362e-01,1.134679462890182955e-01,4.436015142307519477e-01,1.519683710099651308e-01
2.967094974841719690e-01,2.617377716107116559e-01,4.744694606626627120e-01,7.976561293729187430e-01,5.649696684812968162e-01,3.288427548678537482e-01,8.077224068342960805e-01,1.490121382950082563e-01
5.315681786278118048e-01,9.078416134314329922e-01,1.093650014438982687e-01,6.226080810856320369e-01,1.560661218533434536e-01,7.433145094816209220e-01,2.566025862745907604e-02,5.513666912948586574e-02
4.739492198381066168e-01,3.556152281142369032e-01,2.617902223299118369e-01,8.087755575792817675e-01,4.373842261788724595e-01,9.819925992340616805e-01,9.388792035667308244e-01,1.499933280615831088e-01
4.055962895592807316e-01,8.291083675466330849e-01,2.313356253238670890e-01,8.985057838470182912e-01,5.969018979954862081e-01,2.866901008938093631e-01,6.498396014651321995e-01,5.137706316380954291e-02
1.466637775045195879e-01,2.003743893609713500e-01,6.698725059862646880e-01,9.926885970822062477e-01,2.992980426758931056e-01,5.224940673790074985e-01,3.405980057270211470e-01,1.528566513573078600e-01
2.991672339998485697e-01,9.612408093804216680e-01,4.587951338191551542e-01,9.011893974169853383e-01,3.601574180808883030e-01,2.545897814906639134e-01,1.740855835789556494e-02,1.510584252390465565e-01
2.970726054845178599e-01,6.778476391679353341e-01,8.209946326592695298e-01,7.146608220120129751e-01,3.068437042475110621e-01,3.555688171942920084e-01,5.932414490105591964e-01,1.465746077805686332e-01
3.681776274423518847e-01,9.941000237278342366e-01,2.707357745304239671e-01,9.004600885660267728e-01,3.552229484706704299e-01,3.507323606515345693e-01,6.932510228986979994e-01,1.484468669265618379e-01
2.127200756087570532e-01,9.271548564909273260e-01,9.292564693045824997e-01,9.876869418120588495e-01,1.823566867429843308e-01,8.759892244240603532e-01,5.677512971396831976e-01,1.485822178948217887e-01
1.823300632134030597e-01,1.061360730814547848e-01,9.516720899729673722e-01,7.512579192928345861e-01,4.944567973304775377e-01,1.806791460331147459e-01,4.422701959753507772e-01,1.500584506215573155e-01
2.842957576016429400e-01,6.506214908880836312e-01,5.775159234713683754e-01,7.039693477565762691e-01,4.559175737225737990e-01,1.214983989352730331e-01,8.624706869001423915e-01,1.481646242932775359e-01
3.768715420484246015e-01,1.024167268529178054e-01,1.577097072483453766e-01,7.372353982101064185e-01,4.674746010098109195e-01,3.858167621688122217e-01,3.775262025828939327e-01,1.522387040062766206e-01
3.679929797906286160e-01,5.274303186855756609e-01,5.248324031275098944e-01,5.789435252403812848e-01,3.859430305521893700e-01,3.881526492332074696e-01,5.264167459883041245e-01,1.563092265309249385e-01
4.024751120217242017e-01,8.690381602636824132e-01,1.404225608883022391e-01,8.370643533603133735e-01,2.165474925478560186e-01,3.103094001193318907e-01,6.227679691424775621e-01,5.544263662407571125e-02
2.055047123528771502e-01,6.836690071656058576e-01,6.420728736910227274e-01,9.816249265392265055e-01,2.845611388785654894e-01,2.964218117400059804e-01,8.962742295002030790e-01,1.465288671695816614e-01
2.964168161506395838e-01,6.800738150653018455e-02,2.242250703503725628e-01,8.018999465712639552e-01,5.026089005902192319e-01,2.739721459373432033e-01,7.319919010248321367e-01,1.472945039343976914e-01
4.150104678920336632e-01,9.241455236487761127e-01,3.627499132926995662e-01,7.563128127168902148e-01,3.619680891570619119e-01,4.894664695897993911e-01,7.872434398121771482e-01,1.473729852603356538e-01
3.911360526910532265e-01,8.660573477619484262e-01,5.448881622649295320e-01,5.934748483028837729e-01,9.689882232132851492e-02,8.705022376420874508e-01,9.662801660330369025e-01,5.984034325099488183e-02
4.400534722363422802e-01,6.128852588369854137e-01,8.986444339039190154e-02,6.685916422548846549e-01,1.855688781077129423e-01,3.434386429490423609e-01,7.363169820996593451e-01,5.691577868656538808e-02
4.326247359210170229e-01,3.066519560830964219e-01,3.437677402353517264e-01,5.429012299342123038e-01,5.345667450996540726e-01,3.312213623547580754e-01,9.527010750453179799e-01,1.510584943271499891e-01
4.177407849064340706e-01,9.526340740151814090e-01,3.863688685515080379e-01,6.307941154436975673e-01,1.321896048371972721e-01,4.136077815695966553e-01,5.137773460488861410e-01,6.491212258866800588e-02
4.048232213796697510e-01,8.043183325930158833e-02,4.179392484792122664e-01,6.240167752550813685e-01,3.436166313426703423e-01,9.935732894289960315e-01,5.554353070352752164e-01,1.528415455342450602e-01
3.250071754717892003e-01,8.643919976902529889e-01,7.084367280860321969e-01,7.175597568850150543e-01,2.593601332112546176e-01,6.582325431064658394e-01,1.815285414427375010e-01,1.548712828291335941e-01
2.898363165726243196e-01,9.853624207027459336e-01,9.351500052385154360e-01,8.492208529092506453e-01,3.267511045548017190e-01,6.564091388680942663e-01,9.361296926471972535e-01,1.528119621719579158e-01
2.818873118385560872e-01,4.492050142942973778e-01,2.939314769184110387e-01,7.922744370358428823e-01,5.093437909186002699e-01,7.370703765482389258e-02,7.025856940454431321e-01,1.489526611026944503e-01
4.591598094938100783e-01,5.457755180271270934e-01,8.327958096151033551e-02,8.381997460019138257e-01,2.496836454695388063e-01,7.909436038513129041e-01,4.143993715935514466e-01,1.544263508128094209e-01
3.271133157304583206e-01,8.492714074752112374e-01,2.999550622049790283e-01,6.962736653988164104e-01,1.693348690951162472e-01,1.355651021331287787e-01,1.989846341167293420e-01,5.058617419759911527e-02
3.435552465027554292e-01,8.704788258159399383e-01,2.952599178731191154e-01,9.999296338457407396e-01,1.836456198676326423e-01,8.519524459543681427e-01,8.233870284643680648e-01,1.514236804306901829e-01
2.534517072521437209e-01,9.715311533472525962e-02,7.506128970801210221e-01,8.206952616370173370e-01,5.175051373960782852e-01,9.458526357564186471e-01,8.534571870872824650e-01,1.445732310631846484e-01
5.749304451199519495e-01,7.872305248373865361e-01,3.172028780412528004e-02,7.169355104922515709e-01,3.348982185471820472e-01,7.338430507409062775e-01,4.621864518440358394e-01,1.539786634699157331e-01
3.592148925293358608e-01,6.960811534157822500e-01,3.951525412303776852e-01,8.648510549195249641e-01,2.563611365363356320e-01,8.476596776606180050e-01,7.783685461974776398e-01,1.526391174518710592e-01
4.835453793801770539e-01,6.886905112721136701e-01,1.424140379075539697e-01,6.766600049944977435e-01,3.027093934593568791e-01,5.177894130664264516e-01,7.412637425670935976e-01,1.486539866217864714e-01
4.493106922835468087e-01,9.922830802372466508e-01,3.597377510665599187e-01,5.290330324201792944e-01,3.188695278795250498e-02,6.128971533810039229e-01,4.406268185786693659e-02,6.416317544433873532e-02
3.986070796584794129e-01,9.329582653283201576e-01,1.564930278607808978e-01,8.897068115537303257e-01,3.484690860471624241e-01,1.769283491329927127e-01,2.532929491811685141e-01,6.012872798653190465e-02
4.250086180261996027e-01,5.665364831966211989e-01,4.924640198986728334e-01,5.908289608993740893e-01,3.650112673631948912e-01,4.811639927953039741e-01,4.865856184296672993e-01,1.516327671536692456e-01
3.941473313392709343e-01,8.780795962166462187e-01,1.570293109092822936e-01,8.628172748886691057e-01,1.147802775181004098e-01,7.744362494535665942e-01,4.982753290566251381e-01,5.972600393523253698e-02
3.367839937011515294e-01,7.270882302295444966e-02,1.615800630399031323e-01,9.108530984320920565e-01,3.090779947751898238e-01,6.350681000529316833e-01,4.626194473061624457e-01,1.543307829083006011e-01
1.230877621400749411e-01,1.908943944096422318e-01,8.462046807018134276e-01,9.663682957565151721e-01,4.925924956128162613e-01,3.299740179831474052e-01,2.725780283084899835e-02,1.510927992585641422e-01
1.327254641033092653e-01,4.046427133550815070e-01,9.028848309830259655e-01,9.418379890543594479e-01,4.396115591055339555e-01,4.235750233136159615e-03,4.367609452200188480e-01,1.460245120742996172e-01
2.539128626286025758e-01,3.356048373335448476e-01,6.003100386202503413e-01,6.906269686303397881e-01,3.880557312111061474e-01,2.542613329034398850e-01,8.501358886611387611e-01,1.508583437980994812e-01
4.205917623221482327e-01,8.560929403508173996e-01,3.735507750839849317e-01,5.292210477953841474e-01,1.094639159052226418e-01,3.889824544018416486e-01,2.018898812335143678e-01,6.207193148946033023e-02
3.885118759792511312e-01,5.273681395350754419e-01,4.433245843377406903e-01,6.868347055252314037e-01,4.202950601605929259e-01,4.494140966360030132e-01,7.295471570367959568e-01,1.510422022456868463e-01
3.559199197129593872e-01,7.168870938878113552e-01,1.692345323081954345e-01,9.406995736684087284e-01,3.588352901319060706e-01,6.029212227094782328e-02,6.888087261783304438e-01,1.548041998095526783e-01
2.556696703111521751e-01,1.554507706918755172e-01,5.942559598848158320e-01,8.140345086544414910e-01,4.062978425832495244e-01,5.908516892014463728e-01,4.077779094964867346e-01,1.558465240119678574e-01
2.149331560037329725e-01,4.689170568331453293e-01,8.753841708465863736e-01,8.873962895427621733e-01,3.628609067255940124e-01,6.325943774736952907e-01,1.092917316850550158e-02,1.514043544893123316e-01
3.529458719305602621e-01,7.058185829818997004e-01,2.480213110148166145e-02,9.279732622205256742e-01,4.577310720846644587e-02,6.854636651959185034e-01,7.409347785884778936e-01,5.573153037331875226e-02
4.362205979630695563e-01,9.954657806286525412e-01,5.606752146383302549e-01,7.452818588798104660e-01,3.769837895535237959e-01,9.584571376080466276e-01,1.238641317329566283e-01,1.551840051861169689e-01
3.785267838805147500e-01,8.293844045144964650e-01,2.125152025424298097e-01,8.441849407721943033e-01,1.785371447299850811e-01,5.866941247507997392e-01,2.936225309216317636e-01,5.606707996895451268e-02
1.788027897076067130e-01,2.860285071266698842e-01,9.908928044706430960e-01,9.451605320552981526e-01,4.611028432985420089e-01,9.246595334947043110e-01,9.186186704768717348e-01,1.467760924500732256e-01
5.468050002539884824e-01,8.451273434560802045e-01,4.008447882924043304e-01,4.306871140481173255e-01,4.799813642433775618e-01,3.026104935159814602e-01,8.487852572001872709e-01,1.530907241979226896e-01
3.701006052641834243e-01,6.438429637997298283e-01,2.207741856525989865e-01,8.975687784648128664e-01,3.767291333188692581e-01,6.215178948675759152e-01,7.663577323005684727e-01,1.521938792264913021e-01
4.630772881354705550e-01,7.885267179116645098e-01,5.669632953150693933e-02,6.868516518698367657e-01,6.105123694404346324e-02,6.602347675965990481e-01,6.101505467621862744e-01,6.608577573397234062e-02
3.138082941292060779e-01,2.305846628230405759e-01,7.715036129666301701e-01,5.836702716272540448e-01,4.689092007590973665e-01,6.528157567919485871e-01,5.756981885668374099e-01,1.550465458286959253e-01
2.748776143006783634e-01,1.899041191441444010e-01,3.851253914889217755e-01,9.249190386762015104e-01,5.241141797019629456e-01,5.706131602497288569e-01,5.054106263370955476e-01,1.494756594518348303e-01
3.589656207681114486e-01,7.660639114692940899e-01,1.620635740356874965e-01,9.486446309935434584e-01,4.578216138543947933e-01,2.039084733903243629e-01,7.672002223626405160e-01,5.898293748937033509e-02
4.069346540778602250e-01,8.223766941768883010e-01,3.996712456125663948e-01,8.273776905437068008e-01,3.817033419192960020e-01,5.383427071760640281e-01,4.784173880723729955e-02,1.539697250799417771e-01
1.448971877664670949e-01,3.995271858944324794e-01,8.858296419647324615e-01,9.657443659981653772e-01,3.096069146875228828e-01,4.405059597258711435e-01,3.540081863709423349e-01,1.493745645934677624e-01
3.464317291054795356e-01,5.655614551972020232e-01,2.979565322661588134e-01,7.596678965271251860e-01,2.331576674724157305e-01,4.871623376328814148e-01,4.805345566804544166e-01,6.022001393434926741e-02
2.045560452394599160e-01,5.044636334751639861e-01,8.192292612198518453e-01,9.471773734982973370e-01,4.032426275670702442e-01,1.615063602514131280e-01,3.401661645578422100e-01,1.519930487054005630e-01
1.297946402377555541e-01,8.810055935249427872e-02,6.215699843045005002e-01,9.055949136229244356e-01,5.018162127122127725e-01,3.380546670180362145e-02,6.817422668300189281e-01,1.440450007674478616e-01
2.662113538719641515e-01,5.550747985428871045e-01,9.060496047538659781e-01,7.551525110416184017e-01,4.645629075188212331e-01,4.713463713692461199e-01,5.684051677016784820e-01,1.517489074598532828e-01
4.549132797797930117e-01,8.811732836965106008e-01,9.094818860492559498e-02,8.230494118792417435e-01,5.534815294178940803e-02,8.842008740231178665e-01,4.881257217638099721e-01,6.028941558448819293e-02
2.434912019241139702e-01,4.740477126749832459e-01,8.731633909985785369e-01,6.959645323220383650e-01,3.995522118991443050e-01,5.236530258282372507e-01,8.460227096355793508e-01,1.438933258596664932e-01
1.946155382505552478e-01,1.546701550563073235e-01,6.160571145515649771e-01,9.499816102546317920e-01,5.308403965031540661e-01,1.839963156261506527e-01,9.446065974677315680e-01,1.476772312956296795e-01
4.333228296168299964e-01,6.405481898921914219e-01,1.814689678206259649e-01,8.265518135412910361e-01,1.866245559500820383e-01,9.552396436454777540e-01,3.464760562248185849e-01,5.523474355403857478e-02
4.802885574291913540e-01,8.573104138565446064e-01,6.207500476515009913e-02,8.207236372472307417e-01,1.912945380464338707e-01,6.349037605274705509e-01,8.796311238069631777e-01,5.931220842874355276e-02
3.191979221410694012e-01,7.949746671557382793e-01,3.504876180240951156e-01,8.316553932484840317e-01,9.084017508533520635e-02,9.590100606150384621e-01,8.413085189958505739e-01,5.477567950891730486e-02
4.534618000869284904e-01,8.841803386063843417e-01,8.874934576426696253e-02,9.967870301294715629e-01,6.000603033632613270e-01,4.231362119121021559e-01,2.586814032887319037e-02,5.021736322927872198e-02
4.492772685524355492e-01,9.258195054851776629e-01,2.173014010841913812e-01,7.731255446813314336e-01,2.297036125343365764e-01,8.523783587713534837e-01,2.976663213857596579e-01,4.453396360990269365e-02
4.787686524531741261e-01,9.409233298567877268e-01,2.786953649082700157e-01,4.558246086560532873e-01,6.510467041282569367e-02,3.234430183370048395e-01,6.231610369774580604e-01,5.839107808152019241e-02
2.751594599703154342e-01,8.129828461437982323e-01,4.893349592770960266e-01,9.151870895543974260e-01,3.426398791491404028e-01,2.308767630165877160e-01,5.510344011741966641e-01,1.481212779879270136e-01
3.092861007882169444e-01,7.867601536811028584e-01,5.199192871133103688e-01,6.671217937728037839e-01,1.660589849951505936e-01,2.844324450059226850e-01,4.892797471822066813e-01,6.059038671943628440e-02
1.676977851279240483e-01,2.267458593867505701e-01,8.092984635707596297e-01,9.411881070254904946e-01,4.755628987919951478e-01,1.860776924414034861e-01,5.205882083202431065e-01,1.462667117963374619e-01
2.791482615624839014e-01,2.128901187715809273e-01,5.422130479323989949e-01,8.524558407432005769e-01,3.313434772629551550e-01,9.239633834522338329e-01,3.537287500734972445e-01,1.474709798786136838e-01
2.210826179766776090e-01,9.222538966087797663e-01,7.651532363795153779e-01,9.495728641019223204e-01,3.624324755419996436e-01,1.482798552860896679e-01,9.501014707313193419e-02,1.502051072598993287e-01
2.070888154512945112e-01,1.575678498456813403e-01,5.106479209491373572e-01,8.011142872345059507e-01,5.220638577385898760e-01,2.519636199120143805e-01,2.780801518934301608e-01,1.523534304763575209e-01
3.237406955747899051e-01,7.994238186682215419e-01,8.518924933198992466e-01,7.179254382102612242e-01,3.987628726369585319e-01,2.624146152730090220e-01,3.373360994892907749e-01,1.562671089852506467e-01
3.713466245614084338e-01,9.155847176859375214e-01,6.410979460666534901e-01,8.142560753654555228e-01,2.982003681414664986e-01,8.700966531481663102e-01,4.062814692683417439e-01,1.508527857075001588e-01
1.357087210370027386e-01,2.696691366223115116e-01,5.124051064585277704e-01,9.939812242990664348e-01,4.164033494377795686e-01,1.070883525055778551e-01,7.063577897667567829e-01,1.450233644845509984e-01
3.926010589950310603e-01,4.600997287265962132e-02,3.604754925990166781e-01,6.501046114941712029e-01,4.019106940693465413e-01,7.863511897307705611e-01,9.503893269722618609e-02,1.522652319583130964e-01
3.615387312358435690e-01,4.264764938562001229e-01,9.782835195051370336e-02,9.691571483108480933e-01,2.035992577862964226e-01,8.326297535946041162e-01,5.186530946716767509e-01,5.958471701791104302e-02
5.545107283043346769e-01,2.601927938994033074e-01,3.054815959478243137e-01,4.856778050795066415e-01,4.827908534957415787e-01,9.805374886954932867e-01,6.665912473022082008e-01,1.539116709642267544e-01
2.701242762366975469e-01,4.261424714543523562e-01,5.810076311017273731e-01,7.496694953056061150e-01,5.069442837487365683e-01,1.608505085886762775e-01,9.043187473686162825e-01,1.479709182122971589e-01
4.413506334656100982e-01,7.284227888447420973e-01,2.734305665109077466e-01,9.513211516951144420e-01,5.837476145288065243e-01,8.858112918999815344e-01,1.871639364845878450e-02,5.089384364430511731e-02
3.751794182467200756e-01,5.863288231049921251e-01,3.888314320395583890e-01,7.354888722507633148e-01,2.295467341310309939e-01,9.881837588391531035e-01,7.507743776280022541e-01,5.070253064985280611e-02
4.534800824663359764e-01,6.699010605808579655e-01,1.439843587057488827e-01,7.402749897092024689e-01,3.528494389262819553e-01,5.242213917260296618e-01,6.147747619065894176e-01,1.494171679681487452e-01
1.787126201110687540e-01,5.401793202531089966e-01,7.976149910797289966e-01,8.948875563700018354e-01,3.401841852221460516e-01,1.319571117167612773e-01,4.458165650757826004e-01,1.495171227660445634e-01
4.633732888297300567e-01,8.525935213843720550e-01,2.285190987282360031e-01,9.258641566255966238e-01,3.441210763184401888e-01,7.704739317370826734e-01,5.827587307269086470e-01,1.522636267780705377e-01
1.930842761064696100e-01,3.708921444940813661e-01,9.697995724195108691e-01,7.333477075864558437e-01,4.243712181645182824e-01,5.817145864386665810e-01,7.368052821560256982e-01,1.497923596810454283e-01
3.397730595221153949e-01,6.365737248763363443e-01,1.865769493054786066e-01,9.293048342457065347e-01,2.983534594687003438e-01,4.518380399363978173e-01,5.351520110600147540e-01,1.537982205981461847e-01
4.163949332648259061e-01,6.681603405133040852e-01,1.572854662467512155e-01,8.371614363815199633e-01,3.558058502420836655e-01,5.651854508173352887e-01,3.947713149146815370e-01,4.647052150432673390e-02
2.369461109797396103e-01,1.118342920293907694e-01,5.720257667817763014e-01,7.540383071471482568e-01,5.760390987669093965e-01,7.013904899691714157e-02,4.324316620340334927e-01,1.544758785682287527e-01
3.661323048683113868e-01,5.593301952509757147e-01,3.792310081802930388e-01,6.659539118999626695e-01,4.595601237649046822e-01,2.506293630484282553e-01,6.204616542937581025e-01,1.516535375696710930e-01
3.667720954739231431e-01,8.458490602256941715e-01,6.167767869297339223e-01,5.828207577975028642e-01,7.236139464035379332e-02,8.336266561488254734e-01,9.131312172004908412e-01,6.203588945082787881e-02
5.895521105519366811e-01,6.051343294222725211e-01,1.785336206247781499e-01,5.725553468163044890e-01,3.464614005624294113e-01,8.838571066542026955e-01,4.729670388171117734e-01,1.528756575590660138e-01
1.642093298262861101e-01,2.082734427402188615e-02,5.249078524258534717e-01,9.525597640057513749e-01,5.017862461375846017e-01,4.890571646458572452e-01,2.976779762153202169e-01,1.513519516884350713e-01
4.466204125402947200e-01,8.827693312762412425e-01,1.584727132164940322e-01,9.289044902829391992e-01,6.375903146587516002e-01,3.938985170105845368e-01,7.710100677115807599e-01,4.608898067364131101e-02
4.817739827983881229e-01,8.857989977925996294e-01,1.006077720771035855e-01,6.844992674907970365e-01,2.610688469757715957e-01,2.628608067684803373e-01,1.780935721292966623e-01,5.429330969039602994e-02
3.701042281562166858e-01,5.846710243658194139e-01,1.404702359258974687e-02,9.205900498389650854e-01,2.308338003363114010e-01,3.733763462837531022e-01,4.337365042551185046e-01,5.785919346699042176e-02
3.180303212098055665e-01,5.829616283263605592e-01,1.615091158057958831e-01,8.778745138376713442e-01,1.420551364051447774e-01,5.872829579561407165e-01,3.855305407917787863e-01,6.546199669930373444e-02
1.558841918265463922e-01,8.074650042363928915e-02,5.005075533966645285e-01,9.990041100358979520e-01,4.987609792174758083e-01,2.522667626805417673e-01,9.373481244625987419e-01,1.445851036490548580e-01
3.772652668246881391e-01,6.661865286764814265e-01,3.784468740181420321e-01,7.076862363800286992e-01,3.090722914770536733e-01,4.286833621220176305e-01,4.245959623166550845e-01,1.496143235873229060e-01
3.977589034558994818e-01,8.869301586424622741e-01,7.966034204848893019e-02,8.659312546333082228e-01,3.030956223826818396e-01,3.631761195161185007e-01,3.976944871335829079e-01,1.521914793457023185e-01
2.254913692540441161e-01,3.217900993236748608e-01,7.729271786571240144e-01,6.538620222422001360e-01,4.299446012231814551e-01,3.991883582419154530e-01,7.728864111966502470e-01,1.478361992634782407e-01
4.536153908386550415e-01,9.765956929761636651e-01,5.433839966434131918e-01,5.542487599852601310e-01,4.459902005756938848e-01,5.674943545030189940e-01,8.717442788009890364e-01,1.501685115032814211e-01
4.034437545082613097e-01,9.926162854990616680e-01,3.148863279264331183e-01,9.814584474349864474e-01,2.736483124611716056e-01,9.967541354334239490e-01,2.274201553881722293e-01,1.531757354933208359e-01
2.229274580100384373e-01,6.855429560507030340e-01,7.025674920407445345e-01,8.702685874752869033e-01,3.458192166593506700e-01,5.519693015746596210e-02,9.475835757888186883e-01,1.462986417639557390e-01
2.913406928207398217e-01,5.967528845451324226e-01,1.571865168473098040e-01,9.529513662632211890e-01,1.327263490415616642e-01,8.804731930402899254e-01,1.450200669318144620e-01,5.106199890196935764e-02
4.178654651129223296e-01,8.056119032877347985e-01,1.147908083331450335e-02,7.193020109245598093e-01,5.534006081708953140e-03,6.938936624623345262e-01,6.249572746355580577e-01,5.677014344561204240e-02
2.227644248096744550e-01,2.176037583179882828e-01,7.256612387877383608e-01,8.672623990142211969e-01,4.925756882959491101e-01,3.872623577361779534e-01,5.801065862266735484e-01,1.481812361603352113e-01
4.240959825858747756e-01,4.804714143400298232e-01,6.338947424342777914e-01,5.221012322066060918e-01,3.716504383966081626e-01,9.964095282729195091e-01,5.448102934469040148e-01,1.497160922875273581e-01
3.685859505765275435e-01,8.414999183036152575e-01,2.534676881648840197e-01,9.052373143175385106e-01,2.107437172769539568e-01,4.169683448681406612e-01,6.002624386937834844e-01,1.554417793876534115e-01
2.955441200930932766e-01,6.339486735262708228e-01,5.835028821353134276e-01,8.544257028288707589e-01,3.125237224841592720e-01,5.863510334724488793e-01,6.747567692014004859e-01,1.507556001629246634e-01
4.913684958840003336e-01,3.999553011703148586e-01,1.834159384184008701e-02,8.093413582227422243e-01,4.039050561464739286e-01,3.539385102670317140e-01,8.374579461765487842e-01,1.540780560279336464e-01
2.142748238743263645e-01,1.157554337454625992e-01,8.374042721912617893e-01,6.043801893407564352e-01,4.740629257658616758e-01,3.308512345888980910e-01,1.219621044789776509e-01,1.499786644917710798e-01
2.221454731459430454e-01,8.531289178839285281e-01,9.690868587912914167e-01,7.943546029566150857e-01,3.330392498398822010e-01,9.571131536990745703e-02,6.386671300917033944e-01,1.464780862973766307e-01
4.053627834611340797e-01,8.974316758974107966e-01,2.873867843914364451e-01,8.513630172516821748e-01,4.982290214329074263e-01,3.945411368389334927e-01,2.507871091914078976e-01,4.779900086237019036e-02
4.315428936613239785e-01,9.365956309996494866e-01,1.045790154648221781e-01,7.854621528743958025e-01,7.078275528286026574e-02,4.844650269199831105e-01,6.041596844327601357e-01,6.888222774461956466e-02
4.082610111890980220e-01,5.287063306722817879e-01,3.310415360546645758e-01,5.706669480201662648e-01,5.092704384616610902e-01,2.070496874863551051e-01,6.711604785774683002e-01,1.527824196693395864e-01
2.673951332792141589e-01,2.765737488825059653e-01,8.696444622136794145e-01,7.356337260826587565e-01,4.366710961789861400e-01,9.080666442196672072e-01,2.832573513427744105e-01,1.554305052060133141e-01
3.338299688287960643e-01,7.298468465677836470e-01,6.619644511364832784e-01,5.432733907749328628e-01,4.947307634053034198e-01,6.534619315194334366e-02,8.588716646658023368e-01,1.494616496016112628e-01
3.623215425754817698e-01,6.424634619271297753e-01,2.199154620832853568e-01,7.410731063767759252e-01,7.690691442770747344e-02,7.975596028185144570e-01,6.990883559928449120e-01,5.534715994591736521e-02
3.781557283506410960e-01,9.360069674119764205e-01,1.915521493892964611e-01,8.511267124395339723e-01,4.856765928532830179e-02,9.449095645605145588e-01,8.670875238208956004e-01,5.532490738379237244e-02
3.888121663202624978e-01,5.796785826752578474e-01,2.034775161778050734e-01,8.646757941575240469e-01,3.998950013624174016e-01,4.629394033817145759e-01,9.761659954815918860e-01,1.519309296526998310e-01
5.032722453502580517e-01,7.347050232671170633e-02,4.346570916832835363e-01,4.707442708034346168e-01,5.220600307373471916e-01,9.242225396190308917e-01,7.020379083780468044e-01,1.515315236541973920e-01
3.618286195624103030e-01,8.678283375845118330e-01,4.850114090837343017e-01,6.221795997031056569e-01,8.244083712642669148e-02,8.280523052144636020e-01,1.290764809599916907e-01,5.396523396669339334e-02
3.179251543801111524e-01,3.627828148414274922e-01,4.915818431606405747e-02,9.748081273235502664e-01,3.357108535661202930e-01,3.101652891042826488e-01,2.607597460988920757e-01,1.466060203871913936e-01
1.854155327940119058e-01,1.894560227182522372e-01,8.426594203276855932e-01,7.580326727684212340e-01,4.116840408009115881e-01,4.918355065611823562e-02,7.694917847349755924e-01,1.518143067678593416e-01
4.313958867895644200e-01,8.488883066062214988e-01,3.420006950076517338e-01,5.510600212428780065e-01,1.799268557540451285e-01,2.998068845273978988e-01,8.027738232974951371e-01,5.979312387692842234e-02
1.916538613740247088e-01,2.268309098103550303e-01,8.112685445234480985e-01,8.062157388335616792e-01,3.369834477966014430e-01,2.695723737460217762e-01,2.580108453813648173e-01,1.463363191127665386e-01
1.876764553510211209e-01,5.986940817325904218e-01,7.976725922425044191e-01,9.681193905390920174e-01,2.645329589141604543e-01,1.287802255206574320e-01,4.505754961413148130e-01,1.486586826780086634e-01
3.555963154584006469e-01,2.145636876775857127e-01,6.472906134258641364e-01,4.896136019792226013e-01,5.403098554686515120e-01,1.529160087138228263e-01,7.869348154110997751e-01,1.509087455388140875e-01
3.086206023052955327e-01,9.082619297530181157e-04,1.596998932080182509e-01,8.282949859050341423e-01,5.667624806712374674e-01,1.652669232879393491e-01,7.553085039263786049e-01,1.488927663002052038e-01
2.833308456197616287e-01,6.446811538021606225e-01,9.939697356629937364e-01,5.686585566148560922e-01,4.712654751292537081e-01,4.840707417555011882e-01,6.139607890025182702e-01,1.494533989101470839e-01
2.871938666597457779e-01,7.270257469669423323e-01,7.457363673844300545e-01,6.572220769617428404e-01,3.222138697625290815e-01,1.598131209191021584e-01,5.500664999741516903e-01,1.515423545919982740e-01
2.462097492104534657e-01,2.097280544058912621e-01,9.949833163930064117e-01,5.743888449302336774e-01,4.035361039491374147e-01,9.325683599963242587e-01,1.701658051121845427e-01,1.520907451639887387e-01
4.271499889933317862e-01,5.986152966244944196e-01,2.025400077456653292e-01,8.235214809773844236e-01,2.486251642312847787e-01,7.452222225648827969e-01,3.300305931095267598e-01,1.554222973580600964e-01
3.828484691741927959e-01,9.970209953224460353e-01,6.186639068128733099e-01,8.275731933265788598e-01,4.036295959201546824e-01,8.422405381505431166e-01,7.925226775642355559e-01,1.484220247394236747e-01
3.082075649960508423e-01,5.814694435956984098e-01,9.158780252256318866e-01,5.163066352812631932e-01,4.425893873447478422e-01,8.481788596091532906e-02,8.201008557145894606e-01,1.549538642467239713e-01
4.601761548843485428e-01,4.236172234316222251e-01,3.372477530881405894e-01,6.557723876662892026e-01,3.483390393825411824e-01,9.389612459278278145e-01,7.264553692617867764e-01,1.530695849982366130e-01
3.735580995468458787e-01,1.165605020421434102e-01,2.711486820359120253e-01,6.751572272679818854e-01,4.825284102085037885e-01,3.136701184119740082e-01,2.693794980477730028e-01,1.558258706696925844e-01
3.623290672816648073e-01,4.562340497233965952e-01,4.673948393100859078e-01,6.143400242634520225e-01,4.363352588521824393e-01,3.922462575751699543e-01,6.040376876732832523e-01,1.554914737813174186e-01
4.665981063801468709e-01,7.025011041490504260e-01,1.656963866715794875e-01,6.745511630736114039e-01,8.502923534393747040e-02,8.358655263318977013e-01,7.427731753595563369e-01,6.312848978173812853e-02
4.402711918250137302e-01,1.117282049050449810e-02,3.368364926308278773e-01,6.340260565384618907e-01,4.844223826459551074e-01,8.800981009081005890e-01,6.006441936986692820e-01,1.518793017084666963e-01
2.786607180387702942e-01,1.139226088886839960e-01,6.615633275785367529e-01,8.738194156327332429e-01,3.699391575180981939e-01,9.370023379716097001e-01,5.405588512563307413e-01,1.519188691760163801e-01
3.900633496834968739e-01,4.580879542725767584e-01,2.592772221697814405e-02,8.282840633872780023e-01,2.790765472166298888e-01,2.492304608206810101e-01,9.015795900892931147e-01,6.148333077083023568e-02
3.694287983610351489e-01,6.550663290576290709e-01,2.632700497312360222e-01,7.408905541857410126e-01,4.073104835975077664e-02,7.407065284602769584e-01,9.209268981292282330e-01,6.780907986321112191e-02
2.687913403887474129e-01,3.454448376604187798e-01,4.387290926168547767e-01,7.278522878940163476e-01,4.762611505101188580e-01,1.263068210423328175e-01,6.884325812291461899e-01,1.504814883890712718e-01
3.876611158649510003e-01,2.916563788689564563e-01,2.294666299649937846e-01,7.035226074706101285e-01,4.655125207624762895e-01,3.161529629644066475e-01,9.039322870368007301e-01,1.452734507812549758e-01
4.760030679940693288e-01,5.672038049047746222e-01,9.897257857053098906e-02,7.300909290059365286e-01,4.310125030917886235e-01,2.098749138363881217e-01,9.795783004250395720e-01,1.537841340680803359e-01
3.407595856337625739e-01,4.048851555358078391e-01,3.687852265052511402e-01,8.400051313666037078e-01,2.934153465726192511e-01,9.531609026840203169e-01,9.511089042735745291e-01,6.008504396113706347e-02
5.789136953019109466e-01,7.420136008668383187e-01,2.638082553591650226e-01,6.242872947214078705e-01,3.468757300340166161e-01,8.956309268886251118e-01,4.300858590318138441e-01,1.563372402411069284e-01
3.149215034010096059e-01,8.513573032441228428e-01,6.183165881236378780e-01,8.415948575395025832e-01,3.197104358244425293e-01,2.932981709900066014e-01,2.476995589104821205e-01,1.540664621391696909e-01
1.818358493467996384e-01,3.098969252228304105e-01,7.968161198753012098e-01,9.867432690541054763e-01,3.402189547221599053e-01,9.513166533258109459e-01,3.644132079719725192e-02,1.476657514135180926e-01
3.072514232260219469e-01,9.535226353396329957e-01,3.439454833802696454e-01,8.311967272805532714e-01,2.303100587105912922e-01,1.128926156937718472e-01,1.749722577526908740e-01,5.887217033834502011e-02
3.456460431235636732e-01,2.847626503680193433e-01,1.878317045232998084e-01,8.257945699729986044e-01,3.858160784382207442e-01,1.061756082763372633e-01,8.340245732070257212e-01,1.487257531263367905e-01
4.387076242694341044e-01,3.272205878455455297e-01,3.990226243057766187e-01,5.206242372063126789e-01,4.821874316706469266e-01,3.187486847431392212e-01,3.328428598619374013e-01,1.537440209144594894e-01
3.214884497998179436e-01,4.408574693822920887e-01,1.647238481635674434e-01,9.374904860546414698e-01,3.588754068339539138e-01,5.883174681832685771e-01,8.393601805720420916e-01,5.194387056644156342e-02
4.371845952873907315e-01,6.438360947966792480e-01,3.066916629453936283e-01,7.827121014080132833e-01,3.869528050726458446e-01,9.912681594796615148e-01,7.479140402757319395e-01,1.525947069419539837e-01
4.685137938453539652e-01,9.260483083104011914e-01,2.216987634536061735e-01,7.680774736113061829e-01,2.091060475956629805e-01,8.648358122139193638e-01,5.941955789131351251e-01,4.699971197314478655e-02
2.830988898228800066e-01,5.955955039258389316e-01,2.662064077760869507e-01,9.672870244095896908e-01,2.105778814449060787e-01,6.309674992150912098e-01,5.214811194413934148e-01,5.652150074141534808e-02
2.769564158382378238e-01,2.013953808711069215e-01,3.730943857433416389e-01,7.074113190081092739e-01,4.740711078839809911e-01,9.131845286822282137e-02,3.178834048421479430e-01,1.498280483698773147e-01
3.134761607197065758e-01,9.847898041674455483e-01,1.371245758760495925e-01,9.254297581860648769e-01,1.494722183194014120e-01,2.422407951600566989e-01,8.183715441567018800e-02,5.947617011810883703e-02
4.268343189692552775e-01,9.637343778068184763e-01,3.977819281771159954e-01,8.924594301424930709e-01,4.064344746748563830e-01,7.645803495299602348e-01,6.465308972088867900e-02,5.630594693388912830e-02
1.541219833935281169e-01,2.298577088999598228e-01,9.474231751201103169e-01,7.987882042383784853e-01,4.412472846225848899e-01,4.216213894782540050e-01,5.413691765589776494e-01,1.510378538416108363e-01
3.333494935026836137e-01,7.190239811175241913e-01,2.234350910005933610e-01,9.467032917763277267e-01,3.533701972556608228e-01,4.332740470317876236e-01,9.930229198067964669e-01,1.522556730046578655e-01
3.996762349613316445e-01,1.061092126718006790e-01,2.152962297290825500e-01,6.360935774525697806e-01,5.448119514962980192e-01,1.782716521553119882e-01,3.377705713722132796e-01,1.528054234978074022e-01
2.543926453458058567e-01,7.022899880764326142e-01,6.054357047101841527e-01,8.560474617147538767e-01,2.959368400224457463e-01,4.748698700184012522e-01,3.663632041213955581e-01,1.534589477416609393e-01
1.765985114356952712e-01,1.445443950231499741e-01,7.090878695374327467e-01,7.670717241838800327e-01,3.861591621845215094e-01,1.726683477381896203e-02,7.747827873913319952e-01,1.486831288654735239e-01
3.034086482773812876e-01,6.920957152136982815e-01,2.882612976547445083e-01,9.157881746207074958e-01,3.218361653194043992e-01,4.999369931393544131e-01,4.021441524078381846e-01,1.505097314671122732e-01
2.722152547443129622e-01,1.151546226035247700e-01,3.179949354746488543e-01,9.211581743387118326e-01,3.811711240223062958e-01,4.830588005329109480e-01,3.577676265946573286e-01,1.528876414559450225e-01
3.145042884504081204e-01,6.634955788404720556e-01,3.919322439887329979e-01,9.547715894655027791e-01,4.664552911760574405e-01,3.474723704447258421e-01,7.434638144270589999e-01,1.473995421577358189e-01
2.536623545078592334e-01,4.536322910415228060e-01,7.669521376814489866e-01,8.476719325744213052e-01,4.978735566302812665e-01,5.431251774073406757e-01,7.546031167912982118e-01,1.494515937187433363e-01
4.629305365330691480e-01,7.009390658337552038e-01,8.893223173629716261e-02,6.751292820336567413e-01,7.715549877381144839e-02,7.425508335452839503e-01,8.898554992882343750e-01,6.154306592667966452e-02
4.070059100877934100e-01,9.781953467405919422e-01,5.827296966481715357e-01,4.309691062845056875e-01,5.452125123532680639e-02,4.185823711529578217e-01,8.198232517637055183e-01,6.001164156031102426e-02
2.054105924107497705e-01,5.380617576060505725e-01,7.158034862416761124e-01,9.781036372180651473e-01,2.677954890022873347e-01,1.756612845537844914e-01,4.778221308643112453e-01,1.525236795482103336e-01
2.818148944985758297e-01,6.293753278864158140e-01,7.019101084788079703e-01,8.180977270761371489e-01,5.035700951722621443e-01,1.846120631890866282e-01,6.852588373565695612e-01,1.517080281593549684e-01
2.482009327656419517e-01,3.038281059799667339e-01,4.981018800249555900e-01,9.354420134293596201e-01,4.349144608784886179e-01,4.792957922435122642e-01,1.368957305284481674e-01,1.556909264988581287e-01
3.539755890411679928e-01,3.465555832122413360e-02,5.368423938239008653e-01,5.177069431323649829e-01,5.797106963047385930e-01,6.837056524144247138e-02,7.527193521578525726e-01,1.513317539546009671e-01
4.558682192583375925e-01,9.714381022321020298e-01,2.760216779136304144e-02,6.986236911119012571e-01,1.595267272761149158e-01,1.232205622131053446e-01,2.438653291578483651e-01,6.466154544156656192e-02
2.753742350822236395e-01,5.339956905245635266e-01,8.196023887690832010e-01,7.048189923315791861e-01,4.014088407369210132e-01,6.097828097759043775e-01,7.818519442423045307e-01,1.494336237274524193e-01
3.067941532763956980e-01,4.623375594514356202e-01,6.665537885830791209e-02,9.541430929440970488e-01,3.337503911671217405e-01,2.320359707297548479e-01,5.239358048194906470e-01,1.538003487378213907e-01
3.324536795059388483e-01,8.648309484787832790e-01,1.267062524042168459e-01,7.705942131857962396e-01,1.164069175379489618e-02,5.461326903946219780e-01,7.178921526151180732e-01,5.211539793559594180e-02
4.463100193265581161e-01,3.489554831308596117e-01,3.440618519918898777e-01,5.046657752919312401e-01,4.761092415425358104e-01,1.392926966023333435e-02,9.941845898650107927e-01,1.542810795411756475e-01
3.200085907000255747e-01,5.269500098198088844e-01,5.846086020315618415e-01,7.319360353192161384e-01,3.018249351858134366e-01,6.186079784492080069e-01,2.906901038270021109e-01,1.512039888100226714e-01
4.430655795133328079e-01,5.037130765370633201e-01,2.904320466094362230e-01,5.176559083788325744e-01,4.294185487498268783e-01,6.347879959980284870e-02,7.608958160953855909e-01,1.557166882620428794e-01
3.052355058288855338e-01,6.804986774624049994e-01,8.889597308355644545e-01,5.854302888990400300e-01,3.453310614570607728e-01,6.601519121086437680e-01,4.205501962349058598e-01,1.498726780436002715e-01
3.570131450181902588e-01,7.573806259067903390e-01,8.120246479401567186e-01,4.680093435808981295e-01,4.147557887350640238e-01,1.021869902696139754e-01,3.325274828217594791e-01,1.558597408722621758e-01
3.408109513761777842e-01,8.916583378483995403e-01,1.462151681402905634e-01,8.862988206462696361e-01,1.671461666995469053e-01,3.516482068775969028e-01,1.310624081891603177e-01,5.468903254399751224e-02
2.640281474315554489e-01,1.428467608107879538e-01,6.435775884798147217e-01,7.399018654270356210e-01,5.177571707540066237e-01,9.151759039897271464e-01,9.803998393094637276e-01,1.469013309372229070e-01
3.408486661269599649e-01,5.437458077360868280e-01,1.421207407249805987e-01,8.602917416637330117e-01,3.453637263418183334e-01,2.917582497246181683e-01,4.036512747418030678e-02,1.520071210149928076e-01
3.704004613430410542e-01,4.075240718908915705e-01,6.257021968260284561e-02,9.558715904753164461e-01,3.156467680783129337e-01,7.471639474559914618e-01,6.597297381778330916e-01,1.466547531357779710e-01
4.174437429685557976e-01,7.681098139932053259e-01,5.704708125422373044e-01,5.943914191480855758e-01,5.129901366506099958e-01,4.002036668663458974e-01,9.834650351971252480e-01,1.506862343553856398e-01
2.234947067372052842e-01,9.081190050875707076e-01,7.937212181567945279e-01,9.418411137895510432e-01,2.918405356937652240e-01,2.659707909611793708e-01,2.976033674435862864e-02,1.527034791096800737e-01
4.066244380292906024e-01,7.885000141010067853e-01,4.671015177001697771e-01,6.650534641665297730e-01,4.531788897687510920e-01,2.991303491082152322e-01,7.907147891487545932e-01,1.481564818378022508e-01
2.596657400951213335e-01,1.429409855667302942e-01,3.396564862941787721e-01,8.565827376352251887e-01,5.311303809339156246e-01,3.864915919598022054e-01,9.772234582803847047e-01,1.489340352689028091e-01
4.761498510253049377e-01,1.882234572222124536e-01,3.538937616139816722e-01,4.283631306095324609e-01,4.426945461530638060e-01,5.779530440206271935e-01,7.107686882167938425e-01,1.522870933553576167e-01
2.603608723033854488e-01,5.218192729059834001e-02,1.878187230741802383e-01,9.815857433741324023e-01,3.591865113812446886e-01,6.316585686766849062e-01,8.516227161077843943e-01,1.461096951619188511e-01
3.238643912422896065e-01,5.819256836439002933e-01,7.757652328170284717e-01,5.970072790083945646e-01,5.168287336797174891e-01,4.787128315672205536e-01,6.202142104351358043e-01,1.503838811538048548e-01
1.713624156443852575e-01,1.158408729291136030e-01,8.501114583617919163e-01,8.784711997871837985e-01,4.229699912179201160e-01,3.262592626476500390e-01,7.429767331816578002e-01,1.510574238530137947e-01
3.856488304792204391e-01,8.768467475743531026e-01,6.438866061936859841e-02,8.439776588166464366e-01,1.869668319929024269e-02,6.018874967503377027e-01,4.965434737472054216e-01,6.768399784730796953e-02
1.648777389876461275e-01,1.675288980737034139e-01,8.020257797092757990e-01,9.623588525866271226e-01,4.469432958712884485e-01,8.722155756098761703e-01,5.358468335724552167e-01,1.492007036846643153e-01
1.817413949596991263e-01,3.941415877457811745e-01,6.601222666378193660e-01,9.812651179075498886e-01,3.215513995132779357e-01,1.913707932845777338e-01,2.636289892205164742e-01,1.509948904745895548e-01
2.928577240204937038e-01,8.613635281347411521e-01,2.107518176863335257e-01,9.633281337674429734e-01,2.273344444371439566e-01,4.336610961256353591e-01,5.479838162172028238e-01,5.621235816589554429e-02
3.920200181032132969e-01,7.666694993381359957e-01,6.865653581085660040e-01,5.702569838456055251e-01,4.469074010939012576e-01,2.301430523200482248e-01,9.114673054465579627e-01,1.503999223082213565e-01
4.578015932615452921e-01,7.297097784592321279e-01,3.917987054322908946e-01,7.720611692325328734e-01,3.701396171490433651e-01,9.789028985209118350e-01,1.630969503389647079e-01,1.574386890353277335e-01
3.014738665757837888e-01,5.379302018045235556e-01,4.543118171345433831e-01,7.632495493337299042e-01,3.050034418575535700e-01,1.999545717080291052e-01,6.440977212059776358e-01,1.497955690056199662e-01
5.309237974445293329e-01,4.752426758156733655e-01,3.720953963870547998e-01,5.598715004728220812e-01,4.589820744925751095e-01,7.566808596168883572e-01,9.793388046467613739e-01,1.545269919079702292e-01
5.382570873651785215e-01,1.193060465435333839e-01,9.268589070740329561e-02,6.493554902380580529e-01,4.573296276691143358e-01,9.115739612425212135e-01,8.557750738152201109e-01,1.543372935688729353e-01
2.792056914954525459e-01,6.171052714322425858e-01,7.717776201582335904e-01,7.504636903170051054e-01,3.913381998859715161e-01,3.171772910957773028e-01,7.797230363389870966e-01,1.529167592503882234e-01
2.761644539349660255e-01,7.074402389071414721e-01,2.069547848147442748e-01,9.741693221115730328e-01,3.837583173563593464e-01,4.711779336737498269e-02,6.174443633337460824e-01,1.522331361953109807e-01
3.384955251121833930e-01,4.531479929850647514e-01,3.414784141498274916e-01,8.473069067723846270e-01,3.696165531941550397e-01,7.025988196266216290e-01,3.774231542383157390e-01,1.476490451236472934e-01
3.621117257057709926e-01,9.848715496450038964e-01,3.583009276306655666e-01,9.288480776894159074e-01,3.852791731045518975e-01,5.385014908369357700e-01,5.086243609591724057e-01,4.827565721084466771e-02
4.476381211395502047e-01,8.135296514175395233e-01,1.153215305013721714e-01,8.978305693661795539e-01,3.740506693230128410e-01,5.693521796847890171e-01,2.395028239587676522e-01,4.502767494153615130e-02
3.667275332661775744e-01,7.007780359945443571e-01,5.469246809974626089e-01,7.693306975050351326e-01,2.912140220282299907e-01,8.599280619791347391e-01,4.846411834127432039e-01,1.539440259070141703e-01
4.269662207617161975e-01,7.896107067575003358e-01,6.833881944483856108e-01,4.762757273988655893e-01,4.003862737827924567e-01,3.802751289024230985e-01,5.898896491943413922e-01,1.537236878960318576e-01
2.246636110609005199e-01,3.243652783847902343e-01,6.081290195168165269e-01,9.239418411246694829e-01,4.064135919654170426e-01,2.345822288694637270e-01,3.583986127666057842e-01,1.495593461233900023e-01
2.938793925923885997e-01,2.023521179948222226e-01,2.474724309507059239e-01,9.310996728241655029e-01,4.418615450102965081e-01,1.914251782251420453e-01,5.391405570946260495e-01,1.540820396937616632e-01
3.508022087734755656e-01,4.836185516415707486e-01,7.171714253144413354e-01,6.336086181088043112e-01,4.254175755195823694e-01,4.804040484929774646e-01,2.769880867582005246e-01,1.538182857434894357e-01
2.040941077553144745e-01,5.024342365769470797e-01,6.861007897436157688e-01,9.935704585001956524e-01,3.932325427623512004e-01,4.466837949626590309e-01,9.605109022764157789e-01,1.502282279870964521e-01
3.778987998060259756e-01,4.988930382539222830e-01,1.623221686752947257e-01,7.778298122434093020e-01,3.393244189264567612e-01,4.664592191932657173e-01,5.667901924641319811e-01,1.519722080527476094e-01
1.788588643114039367e-01,2.630994979826347113e-01,9.920419120800703094e-01,9.445607083820420913e-01,4.528514913954170273e-01,8.009428399300333457e-01,3.804755849477771124e-01,1.512099666137678711e-01
1.952922668816714502e-01,5.536086913746304239e-01,5.884906714787843107e-01,9.960664599153462584e-01,3.941659638152266165e-01,3.561118645289738094e-01,7.733344776324764247e-01,1.480981338911527834e-01
2.924273006824350540e-01,3.680618412199371248e-01,5.399376161603504087e-01,7.895895450769447876e-01,3.676099489177279134e-01,5.140283065945614460e-01,1.615408189178010878e-01,1.523406968300909381e-01
3.850698285963795042e-01,3.633036515610117423e-01,1.161564908605927648e-02,9.716208340323950754e-01,3.662981222897820910e-01,3.335775987846854029e-01,6.970825225113836954e-01,1.490646046944502645e-01
3.807091622889664517e-01,2.000931587159817671e-01,2.097995191043781071e-01,8.611697051103590628e-01,3.621613721419354448e-01,9.219594929739499678e-01,4.640439424213046449e-01,1.468225584675276751e-01
3.993861707577524012e-01,8.503608346744756519e-01,3.270904933794139824e-01,8.814586961945919397e-01,4.851465247603021780e-01,6.480920230578823826e-01,6.089810422863048966e-01,5.218398174715199733e-02
3.604147498269837935e-01,9.869880789191686210e-01,6.464106260946580473e-01,6.744163603334286661e-01,4.804355151561647830e-01,5.216691811007478918e-02,8.689277945713136386e-01,1.489358394430285726e-01
3.851858748578549374e-01,5.217714688437214976e-01,1.908840944524439198e-01,8.609675838383702429e-01,4.502473663620515376e-01,3.322384842118555337e-01,8.287828295637635900e-01,1.480075099233240099e-01
4.672256154557178354e-01,9.963537567333849987e-01,3.601445617049181536e-02,9.932374797517522502e-01,4.101633669078875721e-01,6.135861229121024607e-01,3.237720968844067793e-01,4.861004277764532922e-02
2.117785942103597996e-01,2.318659240037990177e-02,8.112476929675915827e-01,9.500861000107805321e-01,4.730576658363889742e-01,9.953983145616147610e-01,3.757971934665444991e-01,1.523059607704841389e-01
4.816925868290421464e-01,9.273941104864852347e-01,3.569233577969779247e-01,5.890758005668322861e-01,3.715648631178771755e-01,3.955890179807528551e-01,2.183770832334650525e-01,1.525407011342042596e-01
2.641797078052074976e-01,4.358988933844364366e-01,6.015930884937392698e-01,8.002259998574268174e-01,5.126671660282104970e-01,5.001985248805673745e-02,8.437795039773038352e-01,1.514648993388687526e-01
3.835966555225311381e-01,7.676595367420417926e-01,3.547499947990215841e-01,8.531482418827945891e-01,4.019638851513034350e-01,3.861128018644602866e-01,5.947150302600553440e-01,1.513677233852218640e-01
4.789663999515170745e-01,2.068060822809105748e-01,3.375694321993067959e-01,5.675318363162183966e-01,5.289003391862040493e-01,7.710638394818207786e-01,6.659110950508109195e-01,1.512264448377395043e-01
3.142064622400185803e-01,8.866337445294749653e-01,7.275464227333353628e-01,4.298846599478279851e-01,2.035932624370850874e-02,4.030439085223221918e-01,6.067029988162413456e-01,5.597306143151359326e-02
3.671959658717469654e-01,4.977688852842278022e-01,4.147677675981208401e-01,5.966290697623047867e-01,3.842739588556740582e-01,4.267634038045138301e-01,8.939259230290260705e-01,1.489259828964746291e-01
5.907718914073687433e-01,8.451987577670992957e-01,3.488455897697255725e-01,4.910784971501720442e-01,3.228253518723920301e-01,8.508809600243800730e-01,8.697124847601760411e-01,1.525032262423725304e-01
4.104861581895725697e-01,9.397235689150869042e-01,3.308226513251620871e-01,6.268763192064431555e-01,1.345989258445395853e-01,5.903555360072606506e-01,3.038275453224724698e-01,5.043222503269811918e-02
4.936357848061383446e-01,9.764843598349506326e-01,3.258793343036636703e-02,9.350823482072064818e-01,2.730125871482363964e-01,8.612570750988828294e-01,4.867437128414962566e-01,4.898558078256665116e-02
3.519341712345044337e-01,8.319579209943703813e-01,3.527068989773511909e-01,7.957610073764975755e-01,1.377813127805928017e-01,7.738731898652139174e-01,7.058535578714967285e-01,5.447991714701616583e-02
2.747504758097591426e-01,2.870074334736915644e-01,6.197926825229072012e-01,9.090943182063109251e-01,4.338410479107720485e-01,9.571910548440778488e-01,7.473479875445321330e-01,1.458332230807722341e-01
4.009432354559401279e-01,8.154781256108711851e-01,2.344432118499665263e-01,5.809289368918292285e-01,1.560016896021614308e-01,7.163911301917336161e-02,6.690975505121644629e-01,5.878413698111129015e-02
4.250906460250754026e-01,6.467655923330399848e-01,5.655443767452239534e-01,5.575548428256790201e-01,4.220920445894410511e-01,6.445612455782450123e-01,5.184579293184101711e-01,1.558504735447939771e-01
4.765470021990944050e-01,8.274931587868702421e-01,4.756906176200503822e-02,9.110693253777103484e-01,3.591026183949195261e-01,5.802721822174846666e-01,8.697137788876249109e-01,5.846612153601526973e-02
2.798397325268645597e-01,6.301892712964944909e-01,2.244396751395656420e-01,9.368422964240116224e-01,1.070782335674504981e-01,8.370829708375501221e-01,9.090471729091258446e-01,5.863568916200767589e-02
3.294717200035093829e-01,6.536347827583823822e-01,4.191689853743654215e-01,7.940708054477810807e-01,3.826109466138428727e-01,5.879525502545157600e-02,5.907926569880493917e-01,1.505545786866935853e-01
3.707662357018258747e-01,8.882857122527487714e-02,2.518178615905446449e-01,6.789215052168002806e-01,3.696848757874405811e-01,5.624859094267551374e-01,1.133979347198518228e-01,1.500569102581329473e-01
2.083653571371407998e-01,3.826094309531606896e-01,6.822794724100316177e-01,7.758503000862492227e-01,3.832680053192684122e-01,5.505941078424447799e-02,8.156079819362118677e-01,1.492551037505451816e-01
5.126476506459269888e-01,9.273966274642686525e-01,1.337995854676396479e-01,7.422076311766423462e-01,1.728605598868621085e-01,8.425928599240080086e-01,2.334741218867314450e-01,5.972719270370221989e-02
4.298436886595806694e-01,3.835022725291410417e-01,1.372174508119172742e-01,9.340478177143782812e-01,3.491384882349748975e-01,6.739796730996864271e-01,9.815894277759633635e-01,1.475081190856367130e-01
3.768085162818791689e-01,6.878552958529302597e-01,3.949038804292298588e-01,8.202412008970779711e-01,2.501018770683851589e-01,8.935467809461186128e-01,7.994581831452192144e-01,5.673776535248031133e-02
3.544074661393528114e-01,6.406244809391095085e-01,1.807297593485997500e-01,8.137461796651498380e-01,2.827239984004454865e-01,2.888187980219426576e-01,5.228823171843156592e-01,5.267451497111284159e-02
2.305469042274375102e-01,3.193164072699110068e-01,7.692675828412138817e-01,8.653834042947459171e-01,3.964566842810918201e-01,7.358821334430316607e-01,5.927898584681943195e-01,1.507793496576434467e-01
4.497581106281264285e-01,4.784226293000725105e-01,6.628635283576805870e-01,3.895567379128977437e-01,4.998322516386488057e-01,6.073487821666112563e-01,7.723422399922917903e-01,1.550695576346299565e-01
3.149525065238513166e-01,2.623599281625784152e-01,5.692046562683381605e-01,6.135887868990100857e-01,4.499183902799143153e-01,2.295720091967463627e-01,4.643742341795882300e-01,1.529937481446224656e-01
3.520823048845860281e-01,2.074489615548794630e-01,8.019494196870684544e-01,4.433326419936349794e-01,5.102598132312491375e-01,4.472277833716413742e-01,1.708405320499810087e-01,1.554550458475823238e-01
3.459195876960979854e-01,9.439642328137577421e-01,7.894135063951271958e-01,8.415439128685990866e-01,4.146976450891723953e-01,6.880804127415526272e-01,3.570309027007101399e-01,1.522171722752266032e-01
3.704232994409236701e-01,9.697497122516474111e-02,1.457041436533451084e-01,9.240486837893555627e-01,4.534315205373113944e-01,7.470021200648879756e-01,1.656439121482478072e-02,1.525124125514798201e-01
2.775952815628512926e-01,3.092244374345480828e-01,1.876820331957171906e-01,9.601744534643394946e-01,4.107729974310626586e-01,3.071002077109913353e-01,2.107758597438659232e-01,1.530799964208293673e-01
3.986616638766909970e-01,1.951502267073954577e-01,4.004626133725209813e-01,5.747954202502303378e-01,3.498186774982366964e-01,5.835765729641040345e-01,7.468036588543428556e-01,1.528731327683446883e-01
3.449941334669828219e-01,5.800093322034037824e-01,1.073650959501451507e-01,9.421337162592144931e-01,1.605980547167406014e-01,9.810807160863421750e-01,6.104937943089736585e-01,5.115144146266467629e-02
3.802046677374149031e-01,3.115434713055362792e-01,6.820300701672945554e-01,5.012453707604707098e-01,4.442590007635375260e-01,7.667732870638966913e-01,2.240998637672960148e-01,1.508752483321445514e-01
2.967238545752756695e-01,4.683709287219830486e-01,6.196611132637604991e-01,7.655710722273113555e-01,3.327132131824108718e-01,4.947602810739200607e-01,8.871749506386787942e-01,1.514467593524070621e-01
3.473865214184863048e-01,4.722841423049963794e-01,1.193312734976334222e-01,9.076649089177704077e-01,1.253771005315749143e-01,9.977894498168715653e-01,5.087894732845897883e-01,6.328414917961058817e-02
3.580669974418972390e-01,7.820378916334292940e-01,2.572027226361809915e-01,6.327226218908965638e-01,6.321146250762638141e-02,2.645835273419956946e-01,8.733814350025841389e-01,5.853463493683203067e-02
3.554217487398781961e-01,8.900121413547409377e-01,8.406144847024260569e-01,5.772482605502071706e-01,3.567598288424307373e-01,1.119467392980080245e-01,9.311478791341408767e-01,1.491986939687395264e-01
2.683957903722697935e-01,7.564367383322334604e-02,8.645213037426355829e-01,5.984497843060315736e-01,4.121523461372211816e-01,5.952611898138928659e-01,7.086466771151843647e-01,1.528212373814961111e-01
2.691165395502659874e-01,7.916557973718638674e-01,8.854324608846612099e-01,8.300598278162649724e-01,4.034265143787042485e-01,2.413442529133114078e-03,6.086270656757681863e-01,1.516544591596700187e-01
3.088844643339739848e-01,2.944660538283347950e-01,1.601553023430147826e-01,9.984346342699235155e-01,3.755254115453035002e-01,6.299593810680065298e-01,1.565622416986638399e-01,1.522539459740994694e-01
2.852819691631008903e-01,8.108462490909161824e-01,9.036480575795013959e-01,7.758798383664469167e-01,4.300984681970649870e-01,5.005043242223667921e-01,8.562476735763301372e-01,1.440357159044391988e-01
3.608909495787613331e-01,7.900767065761425956e-01,4.165770153963429534e-01,7.993426784030901455e-01,2.602777439403993753e-01,5.582717579620968262e-01,8.088953358410633232e-01,6.132999181216591822e-02
3.292122597216708968e-01,6.839722963313483728e-01,3.813211647645718960e-01,7.029773715651577159e-01,6.494790216458218302e-02,6.903218004901281457e-01,7.053444956166754487e-01,6.432799800107343036e-02
3.684790163016644637e-01,6.427783862965095185e-01,2.601822912185465242e-01,8.079556947427199987e-01,3.081617149575007764e-01,4.751962160770286658e-01,1.778736061335370877e-01,1.511642276470828161e-01
5.014129448915934928e-01,7.558474159635744094e-01,3.619281120673939478e-02,9.417266561289577842e-01,3.357029572657469485e-01,9.071262934864432470e-01,4.016144428066537042e-02,5.861190454463280353e-02
4.670726427405876291e-01,9.879845743588120399e-01,4.516103670238628132e-01,5.298551485271632000e-01,2.948321544852029463e-01,3.048819282600384040e-01,6.483847732059195845e-01,1.519413984477406554e-01
3.980765125815091121e-01,1.707974680384904964e-02,2.915428211756744270e-01,6.314207213455520495e-01,5.766564090731481906e-01,1.458727808879170529e-01,9.981888351861720743e-01,1.529023002558210220e-01
2.557110613511345276e-01,8.564686069903453269e-01,9.281338157190006655e-01,7.880524367720164181e-01,3.204913702320497659e-01,1.878501922698800897e-01,1.284120942076175664e-01,1.465982824427440323e-01
4.749709329824435833e-01,8.493644809306502008e-01,9.056853051233115792e-02,8.008985595424135129e-01,3.891916781531776781e-01,2.764911001471282992e-01,7.412706188553213060e-01,5.841315907851558908e-02
1.143586656723862283e-01,1.615882403441215587e-01,7.347286980261377165e-01,9.785748727597709529e-01,4.314270494735290007e-01,7.184163967613232948e-03,1.976415185840951771e-02,1.545715696525199467e-01
3.567010386260837107e-01,7.241958727998338841e-01,9.058585146877373706e-01,6.557603509889906590e-01,4.655606686013960549e-01,8.926134851032174744e-01,5.852699595311050551e-01,1.490074861995277500e-01
4.024364203176517552e-01,6.563709585631143373e-01,2.757594612943688461e-01,6.856048177096148999e-01,3.530484664042254916e-01,2.439258513303783626e-01,3.295817312020554724e-03,1.566650204393952583e-01
2.262670053682631632e-01,4.249976981799004072e-01,7.427061975752879963e-01,8.236917834745567379e-01,4.603169844683687728e-01,2.116496398167000415e-01,5.188266315395226869e-01,1.487859830135788153e-01
5.540250129865640361e-01,4.838954320821323707e-01,9.305264186732470355e-02,6.479617340740380094e-01,3.732001347537171609e-01,6.344971345153522790e-01,4.807859467227623695e-01,1.538986459595159673e-01
4.734244936180072028e-01,7.392079171910196367e-01,1.902713349056830150e-01,9.098199237814245111e-01,4.048802009110351596e-01,9.978168639740944146e-01,2.478746664546669920e-01,5.418855835662774595e-02
4.111732314575011760e-01,3.624299051959564144e-01,6.101750398560046307e-02,9.637105723440717586e-01,3.351662793302697674e-01,8.017829861133087821e-01,9.659862162519503581e-01,1.475519859369789355e-01
3.345190563545867857e-01,9.439805789506452438e-01,6.523567363155297061e-01,5.694500187713661399e-01,1.159989633853022450e-01,4.647714303421059956e-01,6.304748861671511939e-01,5.198749624605190217e-02
4.529141969057938200e-01,9.347529600213778656e-01,7.449592404560583248e-01,3.804087906481954384e-01,4.489896922378996957e-01,9.997372858693420739e-02,9.638753654917604496e-01,1.535239074782410729e-01
3.715093950332598038e-01,1.231933645696170476e-02,1.822381193740522654e-01,7.464596858679231062e-01,4.993246756614119763e-01,1.798085473910137067e-01,7.207784628841784613e-01,1.511541781860113454e-01
4.525400881153195387e-01,1.663287084141508720e-01,2.972127083543990578e-01,5.599954284191960285e-01,3.967766384128871282e-01,8.582117552625945223e-01,9.327291151992256335e-01,1.480299160738455799e-01
1.519034133562489342e-01,2.886379579049571653e-01,7.865401300774192972e-01,9.080464539886021758e-01,4.975537296769184104e-01,3.376830705044871483e-01,5.341589267710048494e-01,1.453335170718260128e-01
4.494103537327686637e-01,8.398777231539564792e-01,8.118362775034119183e-01,3.771680281149135117e-01,3.772129889385721357e-01,7.252764571754317657e-01,9.567295838317201317e-01,1.473721828582292004e-01
3.049949228464993167e-01,7.721172182429496544e-01,4.936664125194993868e-01,7.698167425989416168e-01,3.776803132965594334e-01,7.553429290127255946e-02,7.697549294868583081e-01,1.515682979083854687e-01
2.480167850332162804e-01,7.953246869858616730e-01,8.429018095455989013e-01,8.623449311171059728e-01,2.716231396553602795e-01,4.092687435712653587e-01,5.277340394945214674e-01,1.560683312001188150e-01
2.265516456775754084e-01,6.429060300640155878e-01,5.945466315540465230e-01,9.501665160375445396e-01,2.951480006128751055e-01,1.239680471806448581e-01,9.993607182120812782e-01,1.504577401527186220e-01
3.854287627907151959e-01,8.464610133115469948e-01,2.175774683524184239e-02,9.152490362689502668e-01,1.009362429886528911e-02,7.705469172933611111e-01,4.674408054101210075e-01,6.237479939497084930e-02
3.315142817813527265e-01,2.337634314802420898e-01,9.514946547922458198e-01,4.145326114799793848e-01,3.873795771401921106e-01,9.365889385894230479e-01,2.705811533641331312e-01,1.551071847917453450e-01
2.740063552424601978e-01,1.519548274256342646e-01,6.348284755811975932e-01,7.554545834823616079e-01,4.180903655878678293e-01,5.278403322289243471e-01,2.127951843874655857e-01,1.549662384557617401e-01
3.410128929739454917e-01,8.175719164971764208e-01,3.658497548037291658e-01,7.927994763212424800e-01,9.110618198238557008e-02,9.992355825213390386e-01,7.399656241595948813e-01,5.250306323354536620e-02
2.441529095421378637e-01,5.629555391708570555e-01,9.564477176063586050e-01,8.238769308448039563e-01,2.730951341382189534e-01,8.045076027838476973e-01,2.234129287176228607e-01,1.512507459244294417e-01
3.883595474527909430e-01,6.389883737497699112e-01,7.281220319933239260e-01,4.075975429017372753e-01,5.002455127606214580e-01,9.933252852620416684e-02,6.074377390929239784e-01,1.510826086308733052e-01
3.005370946089884199e-01,6.797907265065796789e-01,1.788050258270257598e-01,8.475594496878268158e-01,1.385179665047714392e-01,4.841439854256099351e-01,8.100604108045825758e-01,5.876780538395849629e-02
4.405841056124226718e-01,8.732854262039668747e-02,5.825052346657422220e-03,6.509849287876606772e-01,5.140052741230231037e-01,1.694072981881121764e-01,3.489375315027311020e-01,1.538202895542676307e-01
4.088528564485942041e-01,9.956526367976072933e-01,1.086175474442079292e-01,9.949327539075696336e-01,3.332059001283690369e-01,5.380864375300705715e-01,9.478163237552937881e-01,5.642865948486423811e-02
2.349152894138792635e-01,2.603092976673250791e-01,9.588000069292663685e-01,6.238065784447821560e-01,4.632391297680588660e-01,4.419629405157514124e-01,3.615669373744311854e-01,1.521259324332761009e-01
5.107541274316154123e-01,2.411848865222014915e-01,1.320619861600082490e-01,6.774319987573632629e-01,3.455000409795875305e-01,9.066308056943545024e-01,4.842928375369545124e-01,1.536548791261995173e-01
4.248638377344736705e-01,5.271761756656869746e-01,2.558888233537056633e-01,6.958109105302894282e-01,3.328264288190594944e-01,6.208744323806542065e-01,9.948478318967987066e-01,1.459434636430882171e-01
2.835772902233882897e-01,2.625308744358090252e-02,1.644004792915750857e-01,9.059516129781133298e-01,3.775771509239225221e-01,6.197129271137112871e-01,6.654129868852317609e-01,1.485063605672277687e-01
3.473507444573460390e-01,6.642402816293290213e-01,8.877673591936280362e-01,6.120396123861463478e-01,3.818769147142271336e-01,9.693085432171576477e-01,7.361278964118088686e-01,1.517843726697756246e-01
3.961259459046529430e-01,8.302990000079413235e-01,5.970218952156858272e-02,9.371853877335836192e-01,1.910518133282637365e-01,5.342794529067838027e-01,3.636665474569594769e-01,5.971745851659555210e-02
2.215606623526670260e-01,5.713298426128817775e-01,9.491905470104311515e-01,9.957974413400064728e-01,2.664157936814783856e-01,9.078603080518299340e-01,9.896911201948765946e-02,1.521578006094279623e-01
3.190897376283548525e-01,8.669642563850509243e-01,7.652014059847795924e-01,6.256792630370942021e-01,3.741043683340822268e-01,2.038477386096619326e-01,5.972958381930399963e-01,1.502596197458297977e-01
4.138623212480898039e-01,6.904932728912777096e-01,1.597207118544389237e-01,9.518472231161552166e-01,4.309450479096252895e-01,5.880933345838897930e-01,8.913480288350302816e-01,5.091828811591456172e-02
3.318508699278348018e-01,2.172172917988055563e-01,4.409495697620037236e-01,8.405997201268997632e-01,3.886022186737728701e-01,9.456486984650511740e-01,5.904084238734014223e-01,1.520791808166086778e-01
1.763227356579887273e-01,1.296705416287703971e-01,6.177473987726663784e-01,9.035158390397813877e-01,4.701185585625583530e-01,4.162010723030190595e-02,6.707839960192174544e-01,1.487704834915216656e-01
2.838030185925409787e-01,1.508297301404503687e-01,2.086309169385342777e-01,9.064231264390545384e-01,2.238315184537617575e-01,7.950860668822072874e-01,8.572478884863309334e-01,6.399176288006258595e-02
3.260776334681467215e-01,7.030475962608652152e-01,1.291123439355818803e-01,8.474918049376719553e-01,1.040617889035716503e-02,8.729417304100752784e-01,9.534489816120548245e-01,5.131430120414598450e-02
4.444470175883186158e-01,4.751743042648481907e-01,1.697053613238382053e-01,9.466286741875150623e-01,3.336558039172908829e-01,8.590687285878171320e-01,8.456569365534377658e-02,1.563590844412163505e-01
4.552883820871806986e-01,7.377736145190221251e-01,3.841080744033076311e-02,9.415114068227115052e-01,3.163390111094330770e-01,7.990275299371772944e-01,9.553183700601118877e-01,5.366057336368274672e-02
4.249373269936321806e-01,7.187418181265667894e-01,4.103342071609883401e-01,7.482451867152035696e-01,4.271424213308868678e-01,6.073268977495278609e-01,9.375996416935400424e-01,1.463673426199343375e-01
2.390988997386471471e-01,4.029819387679678400e-02,9.384361205840434650e-01,6.404577945415198537e-01,4.503087216727087450e-01,9.680367618231329185e-01,3.483564709916708857e-01,1.502714733009842263e-01
3.550079748422870218e-01,8.915605787125024939e-01,9.054534714730528844e-01,6.247876123231396184e-01,4.001588765786865953e-01,4.101353509120190810e-01,7.196669995660673891e-01,1.485976490503918002e-01
1.917896209029817944e-01,5.056275441272292115e-01,9.090885532381531853e-01,9.596678394526965139e-01,4.282277832861280942e-01,3.449255903724717243e-01,9.460233212638708977e-01,1.455339168285045559e-01
3.389852175267106804e-01,4.105425329640485232e-01,6.133927957177154333e-02,9.021768722967552501e-01,2.919522042790152483e-01,4.066935994073296867e-01,4.288174238673582717e-01,1.524909100290263719e-01
4.878071644874393265e-01,9.756874850256768150e-01,5.527653826735403619e-01,5.928104847040759351e-01,3.945294315884785297e-01,7.663006324633168109e-01,6.535056140781327905e-01,1.568018653497562642e-01
3.016507354873012581e-01,4.254482367242951035e-02,1.104961088967209848e-01,9.924213061059075081e-01,4.636735222262430289e-01,4.668073508620970147e-01,7.347931921194704730e-01,1.512909944303224008e-01
1.611348542928461025e-01,3.100661469202618536e-01,8.013115222357258816e-01,9.970144668003172450e-01,2.988578047032149909e-01,3.447512270728612105e-01,1.098709803262917228e-01,1.539180546125551441e-01
3.513287598802571354e-01,8.916675143250467617e-01,2.217600569440159319e-01,8.953576839806700605e-01,1.784826561409053047e-01,5.049977904847158250e-01,8.104721071209338712e-01,5.211389588013359830e-02
4.205824396076491833e-01,9.387425510423825781e-01,3.801216486753056234e-02,8.198292261163128147e-01,1.376331435673181502e-01,3.592067667202378800e-01,2.476131914180466076e-01,6.075239490744832604e-02
2.920817823740713415e-01,9.075980618951096091e-03,3.166875621278094632e-01,6.677670060442777444e-01,4.426966026583299962e-01,4.604406390101067892e-03,4.171867135234723634e-01,1.552323009936140696e-01
1.918189866109285269e-01,5.225326733657468248e-01,4.591182830395601489e-01,9.648683091377012744e-01,4.047468635467363907e-01,2.050748008117453391e-02,1.899890026604845739e-01,1.526487860367887750e-01
4.190278930163869320e-01,6.384497140298153184e-01,5.062875851368873192e-01,4.903018488855956925e-01,4.197235826515868240e-01,4.639295710767151193e-01,5.681025722311024984e-01,1.520119903657945748e-01
4.306012249177273987e-01,7.198758261991947682e-01,5.540724074948305544e-02,6.714291203430571287e-01,1.679494219445113734e-01,2.213874554049840571e-01,1.543558402438280353e-01,6.287988180413400796e-02
4.489428198104370438e-01,8.582576726163808623e-01,1.855971371978171192e-02,9.615961241778924196e-01,2.791063409873894008e-01,8.794483059823862137e-01,3.712485104427651894e-01,4.942921625869167723e-02
3.684984054020568056e-01,3.057952696635392043e-01,6.298732905014273742e-01,6.068164074706465794e-01,4.157039546907891348e-01,6.892136727519279082e-01,9.164268906241674895e-01,1.506650829768216848e-01
3.187205265198216342e-01,2.932261925236379074e-02,4.929758076633760089e-01,7.697642648183079528e-01,3.956938381125009174e-01,9.879581160974929555e-01,6.765172230251529362e-01,1.534928362197840457e-01
3.315365616001904048e-01,2.432625225123352664e-02,5.226370575811567498e-01,5.767409326006990300e-01,4.484675650584245554e-01,5.604055040080982986e-01,3.282642732070463198e-01,1.520166419094308718e-01
4.439993573421221473e-01,1.188535801035508488e-01,1.572975411196746442e-01,6.313464932225751891e-01,4.711077210599954324e-01,6.266827201793745417e-01,6.578772715927594383e-01,1.499234113830743009e-01
3.027595445957274034e-01,9.294733608059404517e-01,5.320439956618300270e-01,9.728856524883202628e-01,3.455942063462653646e-01,1.766265291812453286e-01,8.767583351172165695e-01,1.450349048053740653e-01
4.918406523988936296e-01,5.277316601558745823e-01,1.529363458975593337e-01,6.376482621203124479e-01,3.811179594034018736e-01,3.798514417737531845e-01,3.321320435582805208e-01,1.568437257282303543e-01
4.133349877603770262e-01,5.226834386531911125e-01,5.629333730019319137e-01,6.357412188251451157e-01,3.923912766593127821e-01,8.587164854664215419e-01,1.555262643199668560e-01,1.557974311883623397e-01
2.214257607759851920e-01,4.125525471414637213e-02,5.684703197934222185e-01,8.423133892655939592e-01,4.009818171485792782e-01,6.797844948044750035e-01,5.870666443684757763e-01,1.540878822019979832e-01
2.516070899194392529e-01,7.905896620342196535e-01,7.746105470033037843e-01,8.573088002821045439e-01,3.235709037346794492e-01,4.524348831048185526e-01,9.959987662544175224e-01,1.433188408712709472e-01
3.606744401362086405e-01,7.205863825277584178e-01,1.019950352870120369e-01,7.175267062390429107e-01,1.622590924561602144e-01,4.434969834990620807e-02,3.037583617164222316e-01,6.015840812745876232e-02
3.547493191999629980e-01,7.599163502161671024e-01,6.355031514575959495e-02,9.733460828832981582e-01,4.132898923652419398e-01,1.533184625706803805e-01,2.741866060718330944e-01,4.999238734562849729e-02
3.524875460896090829e-01,2.036031501697166401e-02,3.848491396226776384e-01,6.495928407596820442e-01,4.522021762303246040e-01,3.463878073615764830e-01,8.545877540351529689e-01,1.489119659000420204e-01
3.621735804302431694e-01,4.498205956237453229e-01,3.044813737252566321e-01,8.264989474222714794e-01,4.914736419467139461e-01,4.143734883774854438e-01,4.903651251433894798e-01,1.520706688305571985e-01
3.199011032934440668e-01,5.353688771722122652e-01,1.976884245987452493e-01,9.337682717348911865e-01,8.098684981654363790e-02,9.372399485349982573e-01,3.608358402826040701e-01,6.672552269438183914e-02
4.716790256718569330e-01,9.693429976402720971e-01,6.479714889597361083e-01,5.642509671059013909e-01,4.362232565357035963e-01,6.117659500051093602e-01,4.580848543577977217e-01,1.540673618047679327e-01
2.912814758357480383e-01,5.957651404251579352e-01,9.757832103285639658e-01,6.184193440874516945e-01,3.168279010701364751e-01,6.882799501713681156e-01,8.454495588068462464e-01,1.489102846908657851e-01
3.053907519750155286e-01,9.668117407201703983e-01,9.089863027599009992e-01,6.512539210218923902e-01,4.019033569539249284e-01,1.054536856996775018e-01,7.876617029715180518e-01,1.439002834949100751e-01
2.292004144579818936e-01,5.222523141408115244e-01,9.013669274300424306e-01,6.434210366644841361e-01,4.717307314480723157e-01,1.054681432975200228e-01,4.129812537507144832e-01,1.513596609054050912e-01
2.289232201208035722e-01,5.317186117297814096e-01,7.622607791867165306e-01,8.612214975266956341e-01,4.404750801019431394e-01,3.823824133077634579e-01,8.130268026431596295e-01,1.483978646451720174e-01
2.577265025070604731e-01,6.763406399153482074e-01,5.229974595944397731e-01,9.145263045604326013e-01,3.046371225772688818e-01,3.261651124273695634e-01,9.958402673604858091e-01,1.493003971833860299e-01
3.338073448754571571e-01,4.048454240102808965e-01,8.612536196522481147e-01,4.222610030668246806e-01,4.881455103516296745e-01,4.127405677897932890e-03,7.121723764240660559e-01,1.541283992956697935e-01
5.498644196419200103e-01,6.509112023303003092e-01,1.663929432947438558e-01,7.036392515638799638e-01,4.034487075149150725e-01,9.766522741852572409e-01,8.456918323393540771e-01,1.531972107601823341e-01
4.820429472158882511e-01,9.014191227045774690e-01,2.958359228400074814e-01,7.062624289229693098e-01,2.825352373194279787e-01,7.677979834810099158e-01,9.827591316270721800e-01,1.527513739733646903e-01
4.444724927184453556e-01,9.110207632398907851e-01,3.144084154323087410e-01,6.780708917376842004e-01,1.107033524060958007e-01,7.826114248356111913e-01,5.881971486502908242e-01,5.473610752218274755e-02
2.478763732834946554e-01,4.375848785995163359e-01,6.481552025484909052e-01,8.123036898884576917e-01,4.724803921767915527e-01,2.304606659847278083e-01,6.933765217345327914e-01,1.466363357950297708e-01
4.907317878565761182e-01,9.321242748838100001e-01,1.037166609017262653e-01,9.073361283170634506e-01,3.574280825999784916e-01,6.830962713447492618e-01,2.616404878765676845e-02,5.042270673878634923e-02
2.892897376517746810e-01,9.726227626144270388e-01,9.603164425071671895e-01,6.732527283601110746e-01,2.622332468158409258e-01,5.544199342085815996e-01,9.027587152320185604e-01,1.461990433505513387e-01
2.377109197686404218e-01,2.576201626808746203e-01,6.901284618131853232e-01,8.551389978967234295e-01,3.939800063350293868e-01,9.759268108330770852e-01,4.578914822372415205e-01,1.520488639420051191e-01
1.916336907946902535e-01,7.332340379092776583e-01,9.624795516291537734e-01,9.168848763768864263e-01,2.836010043145582582e-01,1.439724541787640866e-01,3.402055449877680049e-01,1.448979956405580527e-01
2.128730771912062947e-01,3.310815771826947085e-01,5.741541324038128558e-01,9.526456462164701877e-01,2.962944839211479886e-01,7.410073055444881263e-01,7.640613482603388906e-01,1.478082414060390981e-01
2.183720961841079111e-01,3.718203192612570263e-01,9.306662532210203675e-01,8.232701158414172937e-01,4.357678870846943830e-01,8.781713136294047040e-01,4.152062194183633315e-01,1.474852251861382690e-01
2.713548040147668039e-01,6.313317338845206850e-01,3.567920115702882256e-01,8.875821387758203729e-01,2.911430056486425944e-01,3.282723738728116070e-01,8.509955360043219841e-01,1.481357920612141887e-01
2.452142120470759412e-01,2.023064967696205363e-01,8.710123615889542315e-02,9.932722757540805025e-01,4.553026465201476247e-01,1.296090381880188325e-01,3.268867929617195189e-01,1.498680413150200730e-01
3.104768841809744107e-01,8.464082570926669824e-01,5.875869441763611478e-01,8.186559613550620229e-01,1.694250500539395965e-01,9.758106173382186110e-01,8.546212727186511815e-01,5.808961305080961868e-02
3.431561381810846467e-01,9.753574792618755485e-01,9.530793315171084412e-01,6.928495714948350592e-01,2.749603764010531970e-01,9.908947540654075015e-01,6.425804772588870062e-01,1.518153320419276808e-01
4.360363172244529628e-01,6.658249195669232456e-01,9.019100573240812491e-02,6.848578835243018803e-01,5.014293043599837851e-02,8.931495624861327531e-01,6.294816202167098362e-01,4.893301499565321649e-02
3.196336873215749330e-01,3.233293804186843645e-01,6.744616652247981126e-01,6.832790835410930130e-01,5.000407096617409675e-01,6.488945878435420367e-01,8.125201389990348577e-01,1.481590947318344453e-01
2.261543086939373781e-01,4.597400501655812821e-01,7.012672786260676361e-01,8.239260375711138229e-01,2.741286972956784584e-01,4.373975686624778092e-01,4.999305289694677690e-02,1.486271445810740666e-01
2.426903377263168182e-01,1.366065125076574849e-01,5.772678374290651782e-01,9.389689572698517450e-01,3.193818699268956007e-01,7.066405368418441357e-01,8.398215483215889510e-01,1.468329024300468744e-01
3.019373267337110978e-01,9.588326971679198563e-01,1.232783342911475399e-01,9.686136077238816089e-01,2.310036231154344311e-01,2.501138135062324075e-01,4.557275021302048534e-01,5.221356227899642821e-02
3.334266057188828292e-01,5.702937682348006021e-01,2.942855936674928508e-01,8.274646283355829857e-01,3.563209832827267665e-01,4.676361645312125392e-01,5.791812682877534035e-01,1.527322887134145990e-01
2.562574425854348137e-01,4.477657705868379745e-01,1.380246074653581623e-01,9.597645236569402050e-01,2.585004624352670310e-01,3.614864363840313288e-01,9.246436638690319620e-01,5.504563809449813938e-02
8.975347831184388170e-02,1.412762476817335244e-01,8.738201090628526790e-01,9.726436083145741929e-01,4.466256074128659437e-01,1.053427218468542259e-01,5.905411549707775265e-01,1.477902046738199804e-01
2.747770339704753706e-01,7.279836525529302937e-01,4.450152090623152867e-01,9.399463794457463273e-01,3.171305136778149736e-01,3.355780780679354924e-01,1.625343689638751865e-01,1.505382706085306443e-01
2.086700044673284182e-01,4.600884940189978733e-01,8.892246432874940654e-01,7.784406370920721185e-01,4.349132827051724881e-01,2.674695187845091970e-01,1.603090575575936150e-01,1.536165485441600698e-01
3.032095577034018552e-01,7.710857994164168616e-01,2.798254892441621178e-01,9.878358512831182381e-01,1.884757011265072724e-01,8.254568417199854569e-01,1.827922219781390467e-01,5.475817573238841995e-02
3.509027038636718387e-01,6.122748085040934374e-01,5.383147878021861121e-01,7.695497814232261646e-01,3.661854388409542249e-01,7.886245850026484261e-01,8.618020364995763183e-01,1.517305458100994819e-01
4.520087558645488612e-01,8.474388050199681555e-01,3.977413580562927375e-02,9.711050953210019765e-01,2.335227838152394986e-01,5.425084379309418336e-01,7.522946638793126528e-01,1.487681736046925218e-01
2.451479012931054857e-01,5.583214758262644573e-02,6.194693741716280622e-01,7.558303066457171537e-01,4.597036478282221506e-01,4.741103384150811006e-01,3.938811042978884736e-02,1.576784109442834758e-01
4.226430079930475481e-01,8.348427903398054628e-01,1.636609954206144080e-01,9.351927315131371987e-01,3.892843111131381040e-01,5.589129413368949528e-01,1.736035819128688429e-01,5.862246077993538140e-02
2.644271218664154266e-01,2.238630407202290007e-01,4.704811511221677622e-01,7.968810802291850237e-01,4.627246011740798748e-01,7.522598045368228403e-02,9.968778558909728860e-01,1.496486791135833716e-01
2.730187269778469039e-01,5.481862696621493392e-01,7.014456960714894329e-01,8.790464490113780727e-01,4.001579784413973329e-01,6.707817346515154711e-01,4.151904095202015865e-01,1.466217144579543552e-01
3.667001798909556021e-01,7.333962220069250026e-01,9.417297516689764336e-01,6.049481202688240522e-01,3.805897374969132163e-01,7.468376386540336309e-01,7.269432587856060612e-01,1.506303516028520972e-01
6.532093795200614172e-01,7.832696806438300685e-01,1.473580004162418911e-01,4.459714733041051371e-01,4.468896392433261977e-01,4.272160040863502983e-01,9.271167786334826300e-01,1.536150207191318284e-01
4.884004725879531605e-01,9.863089747794038242e-01,2.905534410322097028e-03,7.721759336803954987e-01,5.679029692721954126e-02,8.482584482387218738e-01,9.687051814876271871e-01,4.829151476631053652e-02
2.628121891121164566e-01,6.393372382209995264e-01,8.399931391378704371e-01,8.372979941211925459e-01,2.581867144820665372e-01,7.308095457922957339e-01,9.201093900243422219e-01,1.481866733428592875e-01
1.670696703236570491e-01,4.644380437576378640e-01,8.872430283452616973e-01,9.730001727872308326e-01,3.760934256442310941e-01,5.761184166108617166e-01,9.972868708265458793e-02,1.486019773289987689e-01
2.410999385634872150e-01,5.317197103987991724e-01,8.849791004666918148e-01,6.498295086329575199e-01,3.842057853092371578e-01,9.128869435666309151e-02,6.055685376294517308e-02,1.478163140238445417e-01
4.551657473820999722e-01,9.392246468769693823e-01,2.184211317315434553e-01,9.166920250069741094e-01,5.735772350072516623e-01,7.006086223426198911e-01,9.946645718746882636e-01,5.166585364576878336e-02
5.058809416093754674e-01,3.976456041705476174e-01,1.300499320840118878e-01,5.666633497722993740e-01,4.407925584143940756e-01,2.321661529648147426e-01,9.053694089884134488e-01,1.547434411407793142e-01
3.408527552077339484e-01,8.174824384754650897e-01,4.636767611941459144e-01,8.702308920917916080e-01,2.791913074048071874e-01,8.990433308961203185e-01,4.605752865388794137e-01,5.536179884406732671e-02
3.317976156252501196e-01,5.253032808592928982e-01,3.455603665676435510e-01,8.237740791521557249e-01,5.217850669263611740e-01,2.467249884776497870e-01,8.013668570157560511e-01,1.481574701429072549e-01
4.007648554297246202e-01,8.278661021226140226e-01,3.703295137381564794e-01,8.278524620747315099e-01,2.897624523330323276e-01,4.508170049967788473e-01,5.459047587871982410e-01,1.516414460179953683e-01
1.797581766200833098e-01,1.127728681464056359e-01,5.059149909467385298e-01,9.062309528918507384e-01,4.015992498982476899e-01,1.010528428665445899e-01,1.574462487218118989e-01,1.467059431727749663e-01
2.824736467600962309e-01,2.971337597423728272e-01,3.970666543315333752e-01,9.033316328105773785e-01,4.350670772559143140e-01,5.825808621201602477e-01,8.473151897091379947e-02,1.499884267929429416e-01
5.130989856372735192e-01,3.540983879275171331e-01,2.000835127651448830e-01,5.972723695227701857e-01,4.109072811378243206e-01,6.736429409828351700e-01,3.561148865235134187e-01,1.575742748964538698e-01
3.281490386016304717e-01,7.800369212288797982e-01,6.749443288514296313e-01,6.818535864013358649e-01,3.622453908481196860e-01,5.676141855606913200e-01,5.999650236948923521e-01,1.514702289284887149e-01
3.536067065412545896e-01,4.068662324754955817e-01,5.921396189571048740e-02,9.952806271013170392e-01,3.532506517855797945e-01,6.422820349060845979e-01,4.955234316244476744e-01,5.315820877699861668e-02
5.077932148941273205e-01,5.320547961643735668e-01,1.545982538246872817e-01,6.184580638212107129e-01,3.798639786009441743e-01,3.679196328217072542e-01,8.346004462154981152e-01,1.506097929624757858e-01
3.988054452151210683e-01,2.152105599519682499e-02,2.835719578683865150e-01,5.315440451835045099e-01,5.361687031514026369e-01,8.815981709286202506e-02,4.916237518272652540e-01,1.518857401579820632e-01
2.671226098339308797e-01,4.513542470377719384e-01,9.607439941466361377e-01,6.339068963451270911e-01,4.267185742270981907e-01,1.585893218113557657e-01,3.580299861988394117e-01,1.548016197653470649e-01
2.730114880972518421e-01,5.155230420874163944e-01,4.262049419782333315e-01,8.541050274245077789e-01,2.382871561998706200e-01,8.062939194524585407e-01,9.072096774374880379e-01,5.355525156893957417e-02
2.672040941713889062e-01,8.201769941204147818e-01,6.858836856801039383e-01,8.966871557273737858e-01,4.930404772575156525e-01,6.964245519231537784e-02,6.958654552907235225e-01,1.492866591284761624e-01
2.624039151023281891e-01,8.649371618129413353e-01,7.909158368357134261e-01,9.293287237596030703e-01,1.873354032240734379e-01,5.041979856370166768e-01,7.272138159665449963e-01,1.519913202202625713e-01
2.703414280626051935e-01,1.905776874431813761e-01,4.289361817869042914e-01,8.274322573827270766e-01,3.028565043465634155e-01,6.542522924842002485e-01,4.913712537260481739e-01,1.538063311728151694e-01
2.450368695846792955e-01,3.490822490598769479e-01,8.625104201871309773e-01,7.996484595385543459e-01,3.773532917724317648e-01,6.676876235540956106e-01,5.849249391462246761e-02,1.565520821038042520e-01
2.727939445597111767e-01,6.180457141457555981e-01,5.453204731215260948e-01,8.966015151865439625e-01,2.232104255399257609e-01,7.441316017514919556e-01,3.203358603585468867e-01,1.529453874291174520e-01
4.863240225711166764e-01,9.526083674806578028e-01,3.586702845535707507e-01,4.065352223077504656e-01,3.141311621851328173e-03,8.365368033135740511e-01,2.687311041567731484e-01,6.088171021773317038e-02
3.024953304684557254e-01,4.549001435583022723e-01,7.116813563124874120e-01,6.719366257300766199e-01,4.703557597273779756e-01,6.805744018976799259e-01,4.979843640794551218e-01,1.522658994593722448e-01
1.238189505589233075e-01,3.517991071737557318e-01,9.975947600684063055e-01,9.195302860225367247e-01,2.998013700729905695e-01,1.012945951905463993e-02,9.599143073178881824e-01,1.462003777006198324e-01
3.877502942926413509e-01,8.907759526011499451e-01,1.542698002125948986e-01,7.657529468407437978e-01,1.527861957472534393e-01,3.034350944577108855e-01,5.254974717630043202e-01,4.969273538469132917e-02
3.269393235093047134e-01,9.750123615388694986e-01,6.899812702256917785e-01,8.619961735596689545e-01,2.871355509003274409e-01,3.489983065904664894e-01,7.118095615370023665e-01,1.530171090782591614e-01
2.517169343667632342e-01,5.746341083560678742e-01,3.951014868632284904e-01,9.326623153815480904e-01,4.943731147445598051e-01,5.022791953325667080e-02,9.058553133093532050e-01,1.509557936137310985e-01
6.169666881446085327e-01,6.003222376060625143e-01,8.100687455939503678e-02,6.987159523936111727e-01,3.947166632195838187e-01,8.657582613220493606e-01,7.223313117625702606e-01,1.523350786206493224e-01
2.961132119753312475e-01,4.150738669291670346e-01,9.080885279602198823e-01,6.207546906181939939e-01,5.452318849644741672e-01,4.097390037889181436e-02,8.825302867826324560e-01,1.514343077755979650e-01
4.646475795807653020e-01,9.038827250345576880e-01,8.869345717874244084e-02,7.061373927549154939e-01,3.640602405708067701e-01,1.997051992065159709e-01,5.536918165541750980e-01,1.545862301768472502e-01
4.547934148282344879e-01,7.007159740723916119e-01,6.091701668390054891e-01,4.578478026710180449e-01,4.918175517157619137e-01,4.154816628294157876e-01,8.579609964311784021e-01,1.508461597765050621e-01
4.055142091681367411e-01,3.532225152740998686e-01,1.376593704686464026e-01,7.726222433948980450e-01,3.281698576781398868e-01,3.424177151369195427e-01,5.745352861609501760e-01,1.516585493482649483e-01
2.472523406901964149e-01,6.475548585966710569e-01,6.885267350288426513e-01,9.452041993149888910e-01,2.554406519295937539e-01,8.456564107887064585e-01,5.295695042839058120e-01,1.487280778134673631e-01
2.765062025853615157e-01,9.655426176493335788e-01,5.367482406359398439e-01,6.834107695327309440e-01,8.404554841147271471e-02,7.293732879797309998e-02,9.924351333240900574e-01,5.600291420960357147e-02
4.454855947793208704e-01,3.826957745731471849e-01,2.537732494126682115e-02,8.588009873341075906e-01,2.911930466556079677e-01,5.392092598821796035e-01,4.085254776956250833e-01,1.523183379781394564e-01
1.749819603474691010e-01,9.296687381263746275e-02,6.911419938812041197e-01,9.022000066338294877e-01,5.544376414004137388e-01,1.818016461888116719e-02,2.359905577161017232e-01,1.550851985010087697e-01
3.346094104100921784e-01,5.652035331905344018e-01,2.768190179501934800e-01,8.817597075903762516e-01,1.653029943300833304e-01,9.875964610914695907e-01,3.051127398091402210e-02,5.965272107389899686e-02
2.142742725893118649e-01,7.172291842452438448e-02,6.826116223255022097e-01,8.850861066036498359e-01,4.362939922661686065e-01,3.817738343463511486e-01,9.536752950528749606e-01,1.507284731072928707e-01
3.486346380466076589e-01,9.030266784225278176e-01,4.870957454012407872e-01,8.057189837341243166e-01,2.787057099599510313e-01,5.560569084292807940e-01,1.910775849508394852e-01,5.161053877856236483e-02
4.946197138354262446e-01,6.826375122080293734e-01,1.914096315309556928e-01,6.543893029650942328e-01,3.902267040355508199e-01,4.816139849620302282e-01,9.990722200722755852e-01,1.463650651595186369e-01
3.441137307750276597e-01,9.312953966921662108e-01,3.382570193073912157e-01,6.890995915755094847e-01,2.732947529811163845e-02,7.632511701199667931e-01,5.820952524814054785e-01,5.349422830000728768e-02
3.354179028914774374e-01,7.397600726028245033e-01,5.572855896456925251e-01,5.523162031250512527e-01,1.397810637451671056e-01,4.533296307404562353e-01,5.496980816045745621e-01,5.564390367517763752e-02
3.707965566598001583e-01,5.964791761419456773e-01,8.760512606143159298e-01,3.632084122260264558e-01,4.665542937030305315e-01,1.045294796247841496e-01,7.372037306343157681e-01,1.498748963071430129e-01
4.189672025485497442e-01,8.868511189541099515e-01,4.460159604147549417e-01,5.229407831763961401e-01,9.818281550091897958e-02,6.768502969196915631e-01,8.237648565710986581e-02,4.940529638159162074e-02
3.736266703183444005e-01,9.212112394502391943e-01,3.654665154486489431e-01,9.456141440102042717e-01,4.104723602278355088e-01,7.499235344731846054e-01,4.299235217616755866e-01,5.618969278634977638e-02
4.431605554425119831e-01,7.155142282207197502e-01,3.207604746728950351e-01,8.421576701621199534e-01,3.443491312120153802e-01,9.093404335724527554e-01,6.354737892104230790e-01,1.515577596170252228e-01
3.646260139878173545e-01,5.689459982828585227e-01,2.926928547953632220e-01,8.595974123680943935e-01,3.418972452080054625e-01,4.540673182545129638e-01,9.309398197533939046e-01,1.474407924080487486e-01
3.478493355923474861e-01,1.892331641071410830e-01,1.073394848354789488e-01,8.254956156252671873e-01,5.171241416527095902e-01,2.023150979689639084e-01,1.118436443096542665e-01,1.529975751762814584e-01
