21:13:14 [ultranest] [DEBUG] ReactiveNestedSampler: dims=8+0, resume=True, log_dir=/home/ljy/BettiCurveCosmo/Emulator/model-fof-rsdz/mcmc_result/2/combined, backend=hdf5, vectorized=False, nbootstraps=30, ndraw=128..65536
21:13:14 [ultranest] [INFO] Sampling 400 live points from prior ...
21:13:19 [ultranest] [DEBUG] run_iter dlogz=0.5, dKL=0.5, frac_remain=0.01, Lepsilon=0.0010, min_ess=400
21:13:19 [ultranest] [DEBUG] max_iters=-1, max_ncalls=-1, max_num_improvement_loops=-1, min_num_live_points=400, cluster_num_live_points=40
21:13:19 [ultranest] [DEBUG] minimal_widths_sequence: [(-inf, 400.0), (inf, 400.0)]
21:13:19 [ultranest] [DEBUG] iteration=0, ncalls=401, regioncalls=40, ndraw=40, logz=-inf, remainder_fraction=100.0000%, Lmin=-555.32, Lmax=-3.99
21:13:19 [ultranest] [DEBUG] iteration=8, ncalls=409, regioncalls=360, ndraw=40, logz=-269.73, remainder_fraction=100.0000%, Lmin=-223.45, Lmax=-3.99
21:13:19 [ultranest] [DEBUG] iteration=15, ncalls=417, regioncalls=680, ndraw=40, logz=-150.72, remainder_fraction=100.0000%, Lmin=-143.93, Lmax=-3.99
21:13:19 [ultranest] [DEBUG] iteration=23, ncalls=425, regioncalls=1000, ndraw=40, logz=-105.42, remainder_fraction=100.0000%, Lmin=-97.92, Lmax=-3.99
21:13:20 [ultranest] [DEBUG] iteration=30, ncalls=433, regioncalls=1320, ndraw=40, logz=-90.21, remainder_fraction=100.0000%, Lmin=-84.63, Lmax=-3.99
21:13:20 [ultranest] [DEBUG] iteration=36, ncalls=441, regioncalls=1640, ndraw=40, logz=-78.43, remainder_fraction=100.0000%, Lmin=-72.34, Lmax=-3.99
21:13:20 [ultranest] [DEBUG] iteration=40, ncalls=445, regioncalls=1800, ndraw=40, logz=-75.37, remainder_fraction=100.0000%, Lmin=-69.33, Lmax=-3.99
21:13:20 [ultranest] [DEBUG] iteration=47, ncalls=452, regioncalls=2080, ndraw=40, logz=-69.72, remainder_fraction=100.0000%, Lmin=-60.67, Lmax=-3.99
21:13:20 [ultranest] [DEBUG] iteration=53, ncalls=460, regioncalls=2400, ndraw=40, logz=-62.38, remainder_fraction=100.0000%, Lmin=-56.66, Lmax=-3.99
21:13:20 [ultranest] [DEBUG] iteration=60, ncalls=467, regioncalls=2680, ndraw=40, logz=-58.53, remainder_fraction=100.0000%, Lmin=-53.21, Lmax=-3.99
21:13:20 [ultranest] [DEBUG] iteration=66, ncalls=474, regioncalls=2960, ndraw=40, logz=-56.55, remainder_fraction=100.0000%, Lmin=-51.66, Lmax=-3.99
21:13:20 [ultranest] [DEBUG] iteration=72, ncalls=482, regioncalls=3280, ndraw=40, logz=-54.40, remainder_fraction=100.0000%, Lmin=-47.93, Lmax=-3.99
21:13:20 [ultranest] [DEBUG] iteration=77, ncalls=490, regioncalls=3600, ndraw=40, logz=-52.02, remainder_fraction=100.0000%, Lmin=-47.11, Lmax=-3.99
21:13:20 [ultranest] [DEBUG] iteration=80, ncalls=495, regioncalls=3800, ndraw=40, logz=-51.18, remainder_fraction=100.0000%, Lmin=-45.22, Lmax=-3.99
21:13:21 [ultranest] [DEBUG] iteration=86, ncalls=504, regioncalls=4160, ndraw=40, logz=-48.28, remainder_fraction=100.0000%, Lmin=-42.58, Lmax=-3.99
21:13:21 [ultranest] [DEBUG] iteration=90, ncalls=509, regioncalls=4360, ndraw=40, logz=-46.53, remainder_fraction=100.0000%, Lmin=-41.33, Lmax=-3.99
21:13:21 [ultranest] [DEBUG] iteration=97, ncalls=519, regioncalls=4760, ndraw=40, logz=-44.02, remainder_fraction=100.0000%, Lmin=-37.57, Lmax=-1.59
21:13:21 [ultranest] [DEBUG] iteration=104, ncalls=527, regioncalls=5080, ndraw=40, logz=-39.62, remainder_fraction=100.0000%, Lmin=-34.47, Lmax=-1.59
21:13:21 [ultranest] [DEBUG] iteration=111, ncalls=536, regioncalls=5440, ndraw=40, logz=-37.73, remainder_fraction=100.0000%, Lmin=-32.65, Lmax=-1.59
21:13:21 [ultranest] [DEBUG] iteration=117, ncalls=543, regioncalls=5720, ndraw=40, logz=-36.09, remainder_fraction=100.0000%, Lmin=-31.21, Lmax=-1.59
21:13:21 [ultranest] [DEBUG] iteration=120, ncalls=546, regioncalls=5840, ndraw=40, logz=-35.39, remainder_fraction=100.0000%, Lmin=-30.38, Lmax=-1.59
21:13:21 [ultranest] [DEBUG] iteration=127, ncalls=554, regioncalls=6160, ndraw=40, logz=-33.96, remainder_fraction=100.0000%, Lmin=-29.18, Lmax=-1.59
21:13:21 [ultranest] [DEBUG] iteration=133, ncalls=562, regioncalls=6480, ndraw=40, logz=-32.90, remainder_fraction=100.0000%, Lmin=-27.83, Lmax=-1.59
21:13:21 [ultranest] [DEBUG] iteration=140, ncalls=570, regioncalls=6800, ndraw=40, logz=-30.93, remainder_fraction=100.0000%, Lmin=-25.47, Lmax=-1.59
21:13:22 [ultranest] [DEBUG] iteration=147, ncalls=578, regioncalls=7120, ndraw=40, logz=-28.96, remainder_fraction=100.0000%, Lmin=-24.02, Lmax=-1.59
21:13:22 [ultranest] [DEBUG] iteration=152, ncalls=586, regioncalls=7440, ndraw=40, logz=-27.95, remainder_fraction=100.0000%, Lmin=-23.12, Lmax=-1.59
21:13:22 [ultranest] [DEBUG] iteration=158, ncalls=594, regioncalls=7760, ndraw=40, logz=-26.65, remainder_fraction=100.0000%, Lmin=-22.01, Lmax=-1.59
21:13:22 [ultranest] [DEBUG] iteration=160, ncalls=597, regioncalls=7880, ndraw=40, logz=-26.35, remainder_fraction=100.0000%, Lmin=-21.76, Lmax=-1.59
21:13:22 [ultranest] [DEBUG] iteration=165, ncalls=605, regioncalls=8200, ndraw=40, logz=-25.59, remainder_fraction=100.0000%, Lmin=-21.08, Lmax=-1.59
21:13:22 [ultranest] [DEBUG] iteration=167, ncalls=611, regioncalls=8440, ndraw=40, logz=-25.32, remainder_fraction=100.0000%, Lmin=-20.86, Lmax=-1.59
21:13:22 [ultranest] [DEBUG] iteration=170, ncalls=617, regioncalls=8680, ndraw=40, logz=-24.95, remainder_fraction=100.0000%, Lmin=-20.70, Lmax=-1.59
21:13:22 [ultranest] [DEBUG] iteration=175, ncalls=624, regioncalls=8960, ndraw=40, logz=-24.35, remainder_fraction=100.0000%, Lmin=-20.10, Lmax=-1.59
21:13:22 [ultranest] [DEBUG] iteration=180, ncalls=632, regioncalls=9280, ndraw=40, logz=-23.73, remainder_fraction=100.0000%, Lmin=-19.11, Lmax=-1.59
21:13:23 [ultranest] [DEBUG] iteration=185, ncalls=639, regioncalls=9560, ndraw=40, logz=-23.12, remainder_fraction=100.0000%, Lmin=-18.91, Lmax=-1.59
21:13:23 [ultranest] [DEBUG] iteration=189, ncalls=649, regioncalls=9960, ndraw=40, logz=-22.74, remainder_fraction=100.0000%, Lmin=-18.46, Lmax=-1.59
21:13:23 [ultranest] [DEBUG] iteration=195, ncalls=659, regioncalls=10360, ndraw=40, logz=-22.18, remainder_fraction=99.9999%, Lmin=-18.05, Lmax=-1.59
21:13:23 [ultranest] [DEBUG] iteration=200, ncalls=667, regioncalls=10680, ndraw=40, logz=-21.73, remainder_fraction=99.9999%, Lmin=-17.59, Lmax=-1.59
21:13:23 [ultranest] [DEBUG] iteration=205, ncalls=675, regioncalls=11000, ndraw=40, logz=-21.21, remainder_fraction=99.9999%, Lmin=-16.82, Lmax=-1.59
21:13:23 [ultranest] [DEBUG] iteration=211, ncalls=683, regioncalls=11320, ndraw=40, logz=-20.49, remainder_fraction=99.9997%, Lmin=-16.27, Lmax=-1.59
21:13:23 [ultranest] [DEBUG] iteration=216, ncalls=694, regioncalls=11760, ndraw=40, logz=-20.05, remainder_fraction=99.9996%, Lmin=-16.01, Lmax=-1.59
21:13:23 [ultranest] [DEBUG] iteration=220, ncalls=702, regioncalls=12080, ndraw=40, logz=-19.75, remainder_fraction=99.9994%, Lmin=-15.71, Lmax=-1.59
21:13:23 [ultranest] [DEBUG] iteration=225, ncalls=711, regioncalls=12440, ndraw=40, logz=-19.34, remainder_fraction=99.9991%, Lmin=-15.33, Lmax=-1.59
21:13:24 [ultranest] [DEBUG] iteration=230, ncalls=719, regioncalls=12760, ndraw=40, logz=-18.98, remainder_fraction=99.9987%, Lmin=-15.03, Lmax=-1.59
21:13:24 [ultranest] [DEBUG] iteration=236, ncalls=729, regioncalls=13160, ndraw=40, logz=-18.55, remainder_fraction=99.9979%, Lmin=-14.62, Lmax=-1.59
21:13:24 [ultranest] [DEBUG] iteration=239, ncalls=737, regioncalls=13480, ndraw=40, logz=-18.35, remainder_fraction=99.9974%, Lmin=-14.52, Lmax=-1.59
21:13:24 [ultranest] [DEBUG] iteration=240, ncalls=738, regioncalls=13520, ndraw=40, logz=-18.29, remainder_fraction=99.9973%, Lmin=-14.42, Lmax=-1.59
21:13:24 [ultranest] [DEBUG] iteration=244, ncalls=746, regioncalls=13840, ndraw=40, logz=-18.03, remainder_fraction=99.9964%, Lmin=-14.27, Lmax=-1.59
21:13:24 [ultranest] [DEBUG] iteration=248, ncalls=754, regioncalls=14160, ndraw=40, logz=-17.81, remainder_fraction=99.9955%, Lmin=-14.10, Lmax=-1.59
21:13:24 [ultranest] [DEBUG] iteration=253, ncalls=764, regioncalls=14560, ndraw=40, logz=-17.53, remainder_fraction=99.9940%, Lmin=-13.68, Lmax=-1.59
21:13:24 [ultranest] [DEBUG] iteration=257, ncalls=772, regioncalls=14880, ndraw=40, logz=-17.30, remainder_fraction=99.9924%, Lmin=-13.52, Lmax=-1.59
21:13:24 [ultranest] [DEBUG] iteration=262, ncalls=780, regioncalls=15200, ndraw=40, logz=-17.02, remainder_fraction=99.9899%, Lmin=-13.22, Lmax=-1.59
21:13:25 [ultranest] [DEBUG] iteration=266, ncalls=794, regioncalls=15760, ndraw=40, logz=-16.79, remainder_fraction=99.9921%, Lmin=-12.87, Lmax=-1.59
21:13:25 [ultranest] [DEBUG] iteration=270, ncalls=799, regioncalls=15960, ndraw=40, logz=-16.55, remainder_fraction=99.9899%, Lmin=-12.78, Lmax=-1.59
21:13:25 [ultranest] [DEBUG] iteration=275, ncalls=807, regioncalls=16280, ndraw=40, logz=-16.28, remainder_fraction=99.9867%, Lmin=-12.49, Lmax=-1.59
21:13:25 [ultranest] [DEBUG] iteration=278, ncalls=816, regioncalls=16640, ndraw=40, logz=-16.13, remainder_fraction=99.9844%, Lmin=-12.44, Lmax=-1.59
21:13:25 [ultranest] [DEBUG] iteration=280, ncalls=818, regioncalls=16720, ndraw=40, logz=-16.03, remainder_fraction=99.9827%, Lmin=-12.31, Lmax=-1.59
21:13:25 [ultranest] [DEBUG] iteration=284, ncalls=830, regioncalls=17200, ndraw=40, logz=-15.84, remainder_fraction=99.9789%, Lmin=-12.22, Lmax=-1.59
21:13:25 [ultranest] [DEBUG] iteration=289, ncalls=840, regioncalls=17600, ndraw=40, logz=-15.62, remainder_fraction=99.9733%, Lmin=-12.04, Lmax=-1.59
21:13:25 [ultranest] [DEBUG] iteration=292, ncalls=852, regioncalls=18080, ndraw=40, logz=-15.48, remainder_fraction=99.9694%, Lmin=-11.72, Lmax=-1.59
21:13:26 [ultranest] [DEBUG] iteration=297, ncalls=865, regioncalls=18600, ndraw=40, logz=-15.24, remainder_fraction=99.9603%, Lmin=-11.57, Lmax=-1.59
21:13:26 [ultranest] [DEBUG] iteration=300, ncalls=873, regioncalls=18920, ndraw=40, logz=-15.10, remainder_fraction=99.9543%, Lmin=-11.45, Lmax=-1.59
21:13:26 [ultranest] [DEBUG] iteration=304, ncalls=881, regioncalls=19240, ndraw=40, logz=-14.92, remainder_fraction=99.9449%, Lmin=-11.31, Lmax=-1.59
21:13:26 [ultranest] [DEBUG] iteration=307, ncalls=890, regioncalls=19600, ndraw=40, logz=-14.79, remainder_fraction=99.9368%, Lmin=-11.16, Lmax=-1.59
21:13:26 [ultranest] [DEBUG] iteration=313, ncalls=899, regioncalls=19960, ndraw=40, logz=-14.55, remainder_fraction=99.9185%, Lmin=-11.01, Lmax=-1.59
21:13:26 [ultranest] [DEBUG] iteration=315, ncalls=907, regioncalls=20280, ndraw=40, logz=-14.47, remainder_fraction=99.9116%, Lmin=-10.97, Lmax=-1.59
21:13:26 [ultranest] [DEBUG] iteration=319, ncalls=916, regioncalls=20640, ndraw=40, logz=-14.33, remainder_fraction=99.8972%, Lmin=-10.89, Lmax=-1.59
21:13:26 [ultranest] [DEBUG] iteration=320, ncalls=917, regioncalls=20680, ndraw=40, logz=-14.29, remainder_fraction=99.8934%, Lmin=-10.89, Lmax=-1.59
21:13:26 [ultranest] [DEBUG] iteration=323, ncalls=925, regioncalls=21000, ndraw=40, logz=-14.20, remainder_fraction=99.8817%, Lmin=-10.85, Lmax=-1.59
21:13:26 [ultranest] [DEBUG] iteration=326, ncalls=933, regioncalls=21320, ndraw=40, logz=-14.10, remainder_fraction=99.8689%, Lmin=-10.72, Lmax=-1.59
21:13:27 [ultranest] [DEBUG] iteration=330, ncalls=944, regioncalls=21760, ndraw=40, logz=-13.98, remainder_fraction=99.8506%, Lmin=-10.67, Lmax=-1.59
21:13:27 [ultranest] [DEBUG] iteration=336, ncalls=957, regioncalls=22280, ndraw=40, logz=-13.81, remainder_fraction=99.8203%, Lmin=-10.57, Lmax=-1.59
21:13:27 [ultranest] [DEBUG] iteration=340, ncalls=965, regioncalls=22600, ndraw=40, logz=-13.70, remainder_fraction=99.7984%, Lmin=-10.53, Lmax=-1.59
21:13:27 [ultranest] [DEBUG] iteration=343, ncalls=978, regioncalls=23120, ndraw=40, logz=-13.63, remainder_fraction=99.7815%, Lmin=-10.45, Lmax=-1.59
21:13:27 [ultranest] [DEBUG] iteration=346, ncalls=985, regioncalls=23400, ndraw=40, logz=-13.55, remainder_fraction=99.7635%, Lmin=-10.41, Lmax=-1.59
21:13:27 [ultranest] [DEBUG] iteration=348, ncalls=997, regioncalls=23880, ndraw=40, logz=-13.50, remainder_fraction=99.7506%, Lmin=-10.33, Lmax=-1.59
21:13:27 [ultranest] [DEBUG] iteration=351, ncalls=1005, regioncalls=24200, ndraw=40, logz=-13.43, remainder_fraction=99.7298%, Lmin=-10.29, Lmax=-1.59
21:13:28 [ultranest] [DEBUG] iteration=355, ncalls=1013, regioncalls=24520, ndraw=40, logz=-13.34, remainder_fraction=99.7010%, Lmin=-10.21, Lmax=-1.59
21:13:28 [ultranest] [DEBUG] iteration=358, ncalls=1025, regioncalls=25000, ndraw=40, logz=-13.27, remainder_fraction=99.6777%, Lmin=-10.18, Lmax=-1.59
21:13:28 [ultranest] [DEBUG] iteration=360, ncalls=1029, regioncalls=25160, ndraw=40, logz=-13.22, remainder_fraction=99.6616%, Lmin=-10.17, Lmax=-1.59
21:13:28 [ultranest] [DEBUG] iteration=364, ncalls=1039, regioncalls=25560, ndraw=40, logz=-13.14, remainder_fraction=99.6306%, Lmin=-10.15, Lmax=-1.59
21:13:28 [ultranest] [DEBUG] iteration=368, ncalls=1048, regioncalls=25920, ndraw=40, logz=-13.06, remainder_fraction=99.5971%, Lmin=-10.08, Lmax=-1.59
21:13:28 [ultranest] [DEBUG] iteration=373, ncalls=1061, regioncalls=26440, ndraw=40, logz=-12.97, remainder_fraction=99.5525%, Lmin=-10.03, Lmax=-1.59
21:13:28 [ultranest] [DEBUG] iteration=378, ncalls=1073, regioncalls=26920, ndraw=40, logz=-12.88, remainder_fraction=99.5045%, Lmin=-9.96, Lmax=-1.59
21:13:28 [ultranest] [DEBUG] iteration=381, ncalls=1082, regioncalls=27280, ndraw=40, logz=-12.82, remainder_fraction=99.4745%, Lmin=-9.94, Lmax=-1.59
21:13:29 [ultranest] [DEBUG] iteration=384, ncalls=1092, regioncalls=27680, ndraw=40, logz=-12.77, remainder_fraction=99.4438%, Lmin=-9.92, Lmax=-1.59
21:13:29 [ultranest] [DEBUG] iteration=389, ncalls=1101, regioncalls=28040, ndraw=40, logz=-12.69, remainder_fraction=99.3913%, Lmin=-9.82, Lmax=-1.59
21:13:29 [ultranest] [DEBUG] iteration=393, ncalls=1110, regioncalls=28400, ndraw=40, logz=-12.63, remainder_fraction=99.3443%, Lmin=-9.74, Lmax=-1.59
21:13:29 [ultranest] [DEBUG] iteration=395, ncalls=1120, regioncalls=28800, ndraw=40, logz=-12.59, remainder_fraction=99.3193%, Lmin=-9.72, Lmax=-1.59
21:13:29 [ultranest] [DEBUG] iteration=399, ncalls=1131, regioncalls=29240, ndraw=40, logz=-12.53, remainder_fraction=99.2715%, Lmin=-9.69, Lmax=-1.59
21:13:29 [ultranest] [DEBUG] iteration=400, ncalls=1137, regioncalls=29480, ndraw=40, logz=-12.51, remainder_fraction=99.2583%, Lmin=-9.69, Lmax=-1.59
21:13:29 [ultranest] [DEBUG] iteration=405, ncalls=1145, regioncalls=29800, ndraw=40, logz=-12.44, remainder_fraction=99.1904%, Lmin=-9.61, Lmax=-1.59
21:13:29 [ultranest] [DEBUG] iteration=408, ncalls=1153, regioncalls=30120, ndraw=40, logz=-12.39, remainder_fraction=99.1488%, Lmin=-9.61, Lmax=-1.59
21:13:30 [ultranest] [DEBUG] iteration=411, ncalls=1165, regioncalls=30600, ndraw=40, logz=-12.35, remainder_fraction=99.1049%, Lmin=-9.51, Lmax=-1.59
21:13:30 [ultranest] [DEBUG] iteration=415, ncalls=1173, regioncalls=30920, ndraw=40, logz=-12.29, remainder_fraction=99.1239%, Lmin=-9.48, Lmax=-1.59
21:13:30 [ultranest] [DEBUG] iteration=422, ncalls=1181, regioncalls=31240, ndraw=40, logz=-12.19, remainder_fraction=99.0168%, Lmin=-9.38, Lmax=-1.59
21:13:30 [ultranest] [DEBUG] iteration=426, ncalls=1189, regioncalls=31560, ndraw=40, logz=-12.13, remainder_fraction=98.9511%, Lmin=-9.36, Lmax=-1.59
21:13:30 [ultranest] [DEBUG] iteration=429, ncalls=1198, regioncalls=31920, ndraw=40, logz=-12.09, remainder_fraction=98.9010%, Lmin=-9.34, Lmax=-1.59
21:13:30 [ultranest] [DEBUG] iteration=435, ncalls=1205, regioncalls=32200, ndraw=40, logz=-12.01, remainder_fraction=98.7932%, Lmin=-9.24, Lmax=-1.59
21:13:30 [ultranest] [DEBUG] iteration=439, ncalls=1220, regioncalls=32800, ndraw=40, logz=-11.96, remainder_fraction=98.7174%, Lmin=-9.20, Lmax=-1.59
21:13:30 [ultranest] [DEBUG] iteration=440, ncalls=1230, regioncalls=33200, ndraw=40, logz=-11.94, remainder_fraction=98.7005%, Lmin=-9.18, Lmax=-1.59
21:13:31 [ultranest] [DEBUG] iteration=445, ncalls=1239, regioncalls=33560, ndraw=40, logz=-11.88, remainder_fraction=98.6051%, Lmin=-9.10, Lmax=-1.59
21:13:31 [ultranest] [DEBUG] iteration=448, ncalls=1248, regioncalls=33920, ndraw=40, logz=-11.84, remainder_fraction=98.5410%, Lmin=-9.07, Lmax=-1.59
21:13:31 [ultranest] [DEBUG] iteration=450, ncalls=1251, regioncalls=34040, ndraw=40, logz=-11.81, remainder_fraction=98.4967%, Lmin=-9.06, Lmax=-1.59
21:13:31 [ultranest] [DEBUG] iteration=455, ncalls=1261, regioncalls=34440, ndraw=40, logz=-11.75, remainder_fraction=98.3842%, Lmin=-9.03, Lmax=-1.59
21:13:31 [ultranest] [DEBUG] iteration=458, ncalls=1276, regioncalls=35040, ndraw=40, logz=-11.71, remainder_fraction=98.3148%, Lmin=-8.99, Lmax=-1.59
21:13:31 [ultranest] [DEBUG] iteration=462, ncalls=1284, regioncalls=35360, ndraw=40, logz=-11.67, remainder_fraction=98.2185%, Lmin=-8.97, Lmax=-1.59
21:13:31 [ultranest] [DEBUG] iteration=464, ncalls=1292, regioncalls=35680, ndraw=40, logz=-11.64, remainder_fraction=98.1693%, Lmin=-8.97, Lmax=-1.59
21:13:31 [ultranest] [DEBUG] iteration=466, ncalls=1306, regioncalls=36240, ndraw=40, logz=-11.62, remainder_fraction=98.1230%, Lmin=-8.96, Lmax=-1.59
21:13:32 [ultranest] [DEBUG] iteration=470, ncalls=1314, regioncalls=36560, ndraw=40, logz=-11.58, remainder_fraction=98.0346%, Lmin=-8.93, Lmax=-1.59
21:13:32 [ultranest] [DEBUG] iteration=473, ncalls=1328, regioncalls=37120, ndraw=40, logz=-11.55, remainder_fraction=97.9579%, Lmin=-8.92, Lmax=-1.59
21:13:32 [ultranest] [DEBUG] iteration=476, ncalls=1343, regioncalls=37720, ndraw=40, logz=-11.51, remainder_fraction=97.8798%, Lmin=-8.90, Lmax=-1.59
21:13:32 [ultranest] [DEBUG] iteration=479, ncalls=1354, regioncalls=38160, ndraw=40, logz=-11.48, remainder_fraction=97.8001%, Lmin=-8.88, Lmax=-1.59
21:13:32 [ultranest] [DEBUG] iteration=480, ncalls=1355, regioncalls=38200, ndraw=40, logz=-11.47, remainder_fraction=97.7731%, Lmin=-8.88, Lmax=-1.59
21:13:32 [ultranest] [DEBUG] iteration=483, ncalls=1364, regioncalls=38560, ndraw=40, logz=-11.44, remainder_fraction=97.6923%, Lmin=-8.85, Lmax=-1.59
21:13:32 [ultranest] [DEBUG] iteration=485, ncalls=1374, regioncalls=38960, ndraw=40, logz=-11.42, remainder_fraction=97.6367%, Lmin=-8.85, Lmax=-1.59
21:13:32 [ultranest] [DEBUG] iteration=490, ncalls=1383, regioncalls=39320, ndraw=40, logz=-11.38, remainder_fraction=97.4946%, Lmin=-8.82, Lmax=-1.59
21:13:33 [ultranest] [DEBUG] iteration=494, ncalls=1391, regioncalls=39640, ndraw=40, logz=-11.34, remainder_fraction=97.3782%, Lmin=-8.80, Lmax=-1.59
21:13:33 [ultranest] [DEBUG] iteration=498, ncalls=1402, regioncalls=40080, ndraw=40, logz=-11.30, remainder_fraction=97.2615%, Lmin=-8.78, Lmax=-1.59
21:13:33 [ultranest] [DEBUG] iteration=500, ncalls=1413, regioncalls=40520, ndraw=40, logz=-11.28, remainder_fraction=97.2023%, Lmin=-8.77, Lmax=-1.59
21:13:33 [ultranest] [DEBUG] iteration=503, ncalls=1422, regioncalls=40880, ndraw=40, logz=-11.26, remainder_fraction=97.1102%, Lmin=-8.75, Lmax=-1.59
21:13:33 [ultranest] [DEBUG] iteration=506, ncalls=1432, regioncalls=41280, ndraw=40, logz=-11.23, remainder_fraction=97.0161%, Lmin=-8.74, Lmax=-1.59
21:13:33 [ultranest] [DEBUG] iteration=509, ncalls=1440, regioncalls=41600, ndraw=40, logz=-11.21, remainder_fraction=96.9203%, Lmin=-8.73, Lmax=-1.59
21:13:33 [ultranest] [DEBUG] iteration=513, ncalls=1452, regioncalls=42080, ndraw=40, logz=-11.17, remainder_fraction=96.7917%, Lmin=-8.73, Lmax=-1.59
21:13:33 [ultranest] [DEBUG] iteration=518, ncalls=1460, regioncalls=42400, ndraw=40, logz=-11.14, remainder_fraction=96.6306%, Lmin=-8.71, Lmax=-1.59
21:13:34 [ultranest] [DEBUG] iteration=520, ncalls=1462, regioncalls=42480, ndraw=40, logz=-11.12, remainder_fraction=96.5649%, Lmin=-8.70, Lmax=-1.59
21:13:34 [ultranest] [DEBUG] iteration=524, ncalls=1471, regioncalls=42840, ndraw=40, logz=-11.09, remainder_fraction=96.4444%, Lmin=-8.69, Lmax=-1.59
21:13:34 [ultranest] [DEBUG] iteration=526, ncalls=1480, regioncalls=43200, ndraw=40, logz=-11.08, remainder_fraction=96.3855%, Lmin=-8.68, Lmax=-1.59
21:13:34 [ultranest] [DEBUG] iteration=529, ncalls=1491, regioncalls=43640, ndraw=40, logz=-11.05, remainder_fraction=96.2886%, Lmin=-8.68, Lmax=-1.59
21:13:34 [ultranest] [DEBUG] iteration=532, ncalls=1500, regioncalls=44000, ndraw=40, logz=-11.03, remainder_fraction=96.1857%, Lmin=-8.67, Lmax=-1.59
21:13:34 [ultranest] [DEBUG] iteration=534, ncalls=1510, regioncalls=44400, ndraw=40, logz=-11.02, remainder_fraction=96.1162%, Lmin=-8.67, Lmax=-1.59
21:13:34 [ultranest] [DEBUG] iteration=537, ncalls=1518, regioncalls=44720, ndraw=40, logz=-11.00, remainder_fraction=96.0156%, Lmin=-8.66, Lmax=-1.59
21:13:34 [ultranest] [DEBUG] iteration=540, ncalls=1523, regioncalls=44920, ndraw=40, logz=-10.98, remainder_fraction=95.9120%, Lmin=-8.65, Lmax=-1.59
21:13:34 [ultranest] [DEBUG] iteration=544, ncalls=1531, regioncalls=45240, ndraw=40, logz=-10.95, remainder_fraction=95.7697%, Lmin=-8.65, Lmax=-1.59
21:13:35 [ultranest] [DEBUG] iteration=549, ncalls=1543, regioncalls=45720, ndraw=40, logz=-10.92, remainder_fraction=95.8679%, Lmin=-8.64, Lmax=-1.59
21:13:35 [ultranest] [DEBUG] iteration=553, ncalls=1551, regioncalls=46040, ndraw=40, logz=-10.90, remainder_fraction=95.7396%, Lmin=-8.64, Lmax=-1.59
21:13:35 [ultranest] [DEBUG] iteration=556, ncalls=1559, regioncalls=46360, ndraw=40, logz=-10.88, remainder_fraction=95.6358%, Lmin=-8.62, Lmax=-1.59
21:13:35 [ultranest] [DEBUG] iteration=557, ncalls=1570, regioncalls=46800, ndraw=40, logz=-10.87, remainder_fraction=95.6016%, Lmin=-8.62, Lmax=-1.59
21:13:35 [ultranest] [DEBUG] iteration=559, ncalls=1580, regioncalls=47200, ndraw=40, logz=-10.86, remainder_fraction=95.5318%, Lmin=-8.62, Lmax=-1.59
21:13:35 [ultranest] [DEBUG] iteration=560, ncalls=1582, regioncalls=47280, ndraw=40, logz=-10.85, remainder_fraction=95.4964%, Lmin=-8.62, Lmax=-1.59
21:13:35 [ultranest] [DEBUG] iteration=563, ncalls=1591, regioncalls=47640, ndraw=40, logz=-10.84, remainder_fraction=95.3917%, Lmin=-8.62, Lmax=-1.59
21:13:35 [ultranest] [DEBUG] iteration=566, ncalls=1600, regioncalls=48000, ndraw=40, logz=-10.82, remainder_fraction=95.2858%, Lmin=-8.62, Lmax=-1.59
21:13:35 [ultranest] [DEBUG] iteration=569, ncalls=1612, regioncalls=48480, ndraw=40, logz=-10.80, remainder_fraction=95.1783%, Lmin=-8.61, Lmax=-1.59
21:13:36 [ultranest] [DEBUG] iteration=572, ncalls=1624, regioncalls=48960, ndraw=40, logz=-10.79, remainder_fraction=95.0708%, Lmin=-8.61, Lmax=-1.59
21:13:36 [ultranest] [DEBUG] iteration=574, ncalls=1634, regioncalls=49360, ndraw=40, logz=-10.78, remainder_fraction=94.9985%, Lmin=-8.61, Lmax=-1.59
21:13:36 [ultranest] [DEBUG] iteration=576, ncalls=1643, regioncalls=49720, ndraw=40, logz=-10.77, remainder_fraction=94.9284%, Lmin=-8.61, Lmax=-1.59
21:13:36 [ultranest] [DEBUG] iteration=579, ncalls=1653, regioncalls=50120, ndraw=40, logz=-10.75, remainder_fraction=94.8184%, Lmin=-8.61, Lmax=-1.59
21:13:36 [ultranest] [DEBUG] iteration=582, ncalls=1662, regioncalls=50480, ndraw=40, logz=-10.74, remainder_fraction=94.7314%, Lmin=-8.60, Lmax=-1.59
21:13:36 [ultranest] [DEBUG] iteration=586, ncalls=1671, regioncalls=50840, ndraw=40, logz=-10.72, remainder_fraction=94.5841%, Lmin=-8.60, Lmax=-1.59
21:13:36 [ultranest] [DEBUG] iteration=588, ncalls=1686, regioncalls=51440, ndraw=40, logz=-10.71, remainder_fraction=94.5126%, Lmin=-8.60, Lmax=-1.59
21:13:37 [ultranest] [DEBUG] iteration=591, ncalls=1698, regioncalls=51920, ndraw=40, logz=-10.69, remainder_fraction=94.4117%, Lmin=-8.60, Lmax=-1.59
21:13:37 [ultranest] [DEBUG] iteration=592, ncalls=1710, regioncalls=52400, ndraw=40, logz=-10.69, remainder_fraction=94.3741%, Lmin=-8.60, Lmax=-1.59
21:13:37 [ultranest] [DEBUG] iteration=595, ncalls=1727, regioncalls=53080, ndraw=40, logz=-10.68, remainder_fraction=94.2672%, Lmin=-8.60, Lmax=-1.59
21:13:37 [ultranest] [DEBUG] iteration=599, ncalls=1735, regioncalls=53400, ndraw=40, logz=-10.66, remainder_fraction=94.1204%, Lmin=-8.60, Lmax=-1.59
21:13:37 [ultranest] [DEBUG] iteration=600, ncalls=1739, regioncalls=53560, ndraw=40, logz=-10.65, remainder_fraction=94.0824%, Lmin=-8.60, Lmax=-1.59
21:13:37 [ultranest] [DEBUG] iteration=602, ncalls=1751, regioncalls=54040, ndraw=40, logz=-10.65, remainder_fraction=94.0066%, Lmin=-8.60, Lmax=-1.59
21:13:37 [ultranest] [DEBUG] iteration=603, ncalls=1762, regioncalls=54480, ndraw=40, logz=-10.64, remainder_fraction=93.9683%, Lmin=-8.60, Lmax=-1.59
21:13:37 [ultranest] [DEBUG] iteration=605, ncalls=1770, regioncalls=54800, ndraw=40, logz=-10.63, remainder_fraction=93.8924%, Lmin=-8.60, Lmax=-1.59
21:13:38 [ultranest] [DEBUG] iteration=607, ncalls=1783, regioncalls=55320, ndraw=40, logz=-10.62, remainder_fraction=93.8169%, Lmin=-8.60, Lmax=-1.59
21:13:38 [ultranest] [DEBUG] iteration=609, ncalls=1794, regioncalls=55760, ndraw=40, logz=-10.62, remainder_fraction=94.3002%, Lmin=-8.59, Lmax=-1.59
21:13:38 [ultranest] [DEBUG] iteration=611, ncalls=1804, regioncalls=56160, ndraw=40, logz=-10.61, remainder_fraction=94.2298%, Lmin=-8.59, Lmax=-1.59
21:13:38 [ultranest] [DEBUG] iteration=612, ncalls=1823, regioncalls=56920, ndraw=40, logz=-10.60, remainder_fraction=94.1976%, Lmin=-8.59, Lmax=-1.59
21:13:38 [ultranest] [DEBUG] iteration=613, ncalls=1833, regioncalls=57320, ndraw=40, logz=-10.60, remainder_fraction=94.2150%, Lmin=-8.59, Lmax=-1.59
21:13:38 [ultranest] [DEBUG] iteration=617, ncalls=1845, regioncalls=57800, ndraw=40, logz=-10.58, remainder_fraction=94.0749%, Lmin=-8.59, Lmax=-1.59
21:13:38 [ultranest] [DEBUG] iteration=621, ncalls=1862, regioncalls=58480, ndraw=40, logz=-10.57, remainder_fraction=93.9990%, Lmin=-8.59, Lmax=-1.59
21:13:39 [ultranest] [DEBUG] iteration=624, ncalls=1874, regioncalls=58960, ndraw=40, logz=-10.56, remainder_fraction=93.9017%, Lmin=-8.59, Lmax=-1.59
21:13:39 [ultranest] [DEBUG] iteration=627, ncalls=1888, regioncalls=59520, ndraw=40, logz=-10.55, remainder_fraction=93.8000%, Lmin=-8.58, Lmax=-1.59
21:13:39 [ultranest] [DEBUG] iteration=630, ncalls=1898, regioncalls=59920, ndraw=40, logz=-10.53, remainder_fraction=93.6932%, Lmin=-8.58, Lmax=-1.59
21:13:39 [ultranest] [DEBUG] iteration=633, ncalls=1920, regioncalls=60800, ndraw=40, logz=-10.52, remainder_fraction=93.5847%, Lmin=-8.58, Lmax=-1.59
21:13:39 [ultranest] [DEBUG] iteration=635, ncalls=1931, regioncalls=61240, ndraw=40, logz=-10.52, remainder_fraction=93.5116%, Lmin=-8.58, Lmax=-1.59
21:13:39 [ultranest] [DEBUG] iteration=638, ncalls=1940, regioncalls=61600, ndraw=40, logz=-10.51, remainder_fraction=93.4058%, Lmin=-8.58, Lmax=-1.59
21:13:39 [ultranest] [DEBUG] iteration=640, ncalls=1946, regioncalls=61840, ndraw=40, logz=-10.50, remainder_fraction=93.3344%, Lmin=-8.58, Lmax=-1.59
21:13:40 [ultranest] [DEBUG] iteration=642, ncalls=1962, regioncalls=62480, ndraw=40, logz=-10.49, remainder_fraction=93.2607%, Lmin=-8.58, Lmax=-1.59
21:13:40 [ultranest] [DEBUG] iteration=645, ncalls=1972, regioncalls=62880, ndraw=40, logz=-10.48, remainder_fraction=93.1497%, Lmin=-8.58, Lmax=-1.59
21:13:40 [ultranest] [DEBUG] iteration=648, ncalls=1988, regioncalls=63520, ndraw=40, logz=-10.47, remainder_fraction=93.0381%, Lmin=-8.57, Lmax=-1.59
21:13:40 [ultranest] [DEBUG] iteration=651, ncalls=1997, regioncalls=63880, ndraw=40, logz=-10.46, remainder_fraction=92.9263%, Lmin=-8.57, Lmax=-1.59
21:13:40 [ultranest] [DEBUG] iteration=653, ncalls=2007, regioncalls=64280, ndraw=40, logz=-10.46, remainder_fraction=92.8522%, Lmin=-8.57, Lmax=-1.59
21:13:40 [ultranest] [DEBUG] iteration=655, ncalls=2026, regioncalls=65040, ndraw=40, logz=-10.45, remainder_fraction=92.8029%, Lmin=-8.57, Lmax=-1.59
21:13:40 [ultranest] [DEBUG] iteration=657, ncalls=2035, regioncalls=65400, ndraw=40, logz=-10.44, remainder_fraction=92.7277%, Lmin=-8.57, Lmax=-1.59
21:13:41 [ultranest] [DEBUG] iteration=659, ncalls=2050, regioncalls=66000, ndraw=40, logz=-10.44, remainder_fraction=92.7617%, Lmin=-8.57, Lmax=-1.59
21:13:41 [ultranest] [DEBUG] iteration=661, ncalls=2068, regioncalls=66720, ndraw=40, logz=-10.43, remainder_fraction=92.7005%, Lmin=-8.57, Lmax=-1.59
21:13:41 [ultranest] [DEBUG] iteration=664, ncalls=2084, regioncalls=67360, ndraw=40, logz=-10.42, remainder_fraction=92.5877%, Lmin=-8.56, Lmax=-1.59
21:13:41 [ultranest] [DEBUG] iteration=668, ncalls=2094, regioncalls=67760, ndraw=40, logz=-10.41, remainder_fraction=92.4374%, Lmin=-8.56, Lmax=-1.59
21:13:41 [ultranest] [DEBUG] iteration=672, ncalls=2104, regioncalls=68160, ndraw=40, logz=-10.40, remainder_fraction=92.3370%, Lmin=-8.56, Lmax=-1.59
21:13:41 [ultranest] [DEBUG] iteration=675, ncalls=2115, regioncalls=68600, ndraw=40, logz=-10.39, remainder_fraction=92.2246%, Lmin=-8.55, Lmax=-1.59
21:13:41 [ultranest] [DEBUG] iteration=680, ncalls=2124, regioncalls=68960, ndraw=40, logz=-10.37, remainder_fraction=92.0357%, Lmin=-8.55, Lmax=-1.59
21:13:42 [ultranest] [DEBUG] iteration=681, ncalls=2134, regioncalls=69360, ndraw=40, logz=-10.37, remainder_fraction=91.9968%, Lmin=-8.54, Lmax=-1.59
21:13:42 [ultranest] [DEBUG] iteration=682, ncalls=2144, regioncalls=69760, ndraw=40, logz=-10.37, remainder_fraction=91.9623%, Lmin=-8.54, Lmax=-1.59
21:13:42 [ultranest] [DEBUG] iteration=683, ncalls=2155, regioncalls=70200, ndraw=40, logz=-10.37, remainder_fraction=91.9247%, Lmin=-8.54, Lmax=-1.59
21:13:42 [ultranest] [DEBUG] iteration=684, ncalls=2162, regioncalls=70480, ndraw=40, logz=-10.36, remainder_fraction=91.8870%, Lmin=-8.54, Lmax=-1.59
21:13:42 [ultranest] [DEBUG] iteration=687, ncalls=2170, regioncalls=70800, ndraw=40, logz=-10.35, remainder_fraction=91.7796%, Lmin=-8.54, Lmax=-1.59
21:13:42 [ultranest] [DEBUG] iteration=688, ncalls=2180, regioncalls=71200, ndraw=40, logz=-10.35, remainder_fraction=91.7421%, Lmin=-8.54, Lmax=-1.59
21:13:42 [ultranest] [DEBUG] iteration=691, ncalls=2189, regioncalls=71560, ndraw=40, logz=-10.34, remainder_fraction=91.6245%, Lmin=-8.53, Lmax=-1.59
21:13:42 [ultranest] [DEBUG] iteration=693, ncalls=2199, regioncalls=71960, ndraw=40, logz=-10.34, remainder_fraction=91.5473%, Lmin=-8.53, Lmax=-1.59
21:13:43 [ultranest] [DEBUG] iteration=694, ncalls=2214, regioncalls=72560, ndraw=40, logz=-10.34, remainder_fraction=91.5093%, Lmin=-8.53, Lmax=-1.59
21:13:43 [ultranest] [DEBUG] iteration=696, ncalls=2226, regioncalls=73040, ndraw=40, logz=-10.33, remainder_fraction=91.4319%, Lmin=-8.53, Lmax=-1.59
21:13:43 [ultranest] [DEBUG] iteration=698, ncalls=2242, regioncalls=73680, ndraw=40, logz=-10.33, remainder_fraction=91.3578%, Lmin=-8.52, Lmax=-1.59
21:13:43 [ultranest] [DEBUG] iteration=702, ncalls=2253, regioncalls=74120, ndraw=40, logz=-10.31, remainder_fraction=91.1999%, Lmin=-8.52, Lmax=-1.59
21:13:43 [ultranest] [DEBUG] iteration=704, ncalls=2263, regioncalls=74520, ndraw=40, logz=-10.31, remainder_fraction=91.1206%, Lmin=-8.52, Lmax=-1.59
21:13:43 [ultranest] [DEBUG] iteration=706, ncalls=2271, regioncalls=74840, ndraw=40, logz=-10.30, remainder_fraction=91.0471%, Lmin=-8.51, Lmax=-1.59
21:13:44 [ultranest] [DEBUG] iteration=709, ncalls=2281, regioncalls=75240, ndraw=40, logz=-10.30, remainder_fraction=90.9454%, Lmin=-8.51, Lmax=-1.59
21:13:44 [ultranest] [DEBUG] iteration=713, ncalls=2302, regioncalls=76080, ndraw=40, logz=-10.29, remainder_fraction=90.7840%, Lmin=-8.50, Lmax=-1.59
21:13:44 [ultranest] [DEBUG] iteration=715, ncalls=2335, regioncalls=77400, ndraw=40, logz=-10.28, remainder_fraction=90.7008%, Lmin=-8.50, Lmax=-1.59
21:13:44 [ultranest] [DEBUG] iteration=719, ncalls=2347, regioncalls=77880, ndraw=40, logz=-10.27, remainder_fraction=90.9224%, Lmin=-8.50, Lmax=-1.59
21:13:44 [ultranest] [DEBUG] iteration=720, ncalls=2349, regioncalls=77960, ndraw=40, logz=-10.27, remainder_fraction=90.8841%, Lmin=-8.50, Lmax=-1.59
21:13:45 [ultranest] [DEBUG] iteration=723, ncalls=2357, regioncalls=78280, ndraw=40, logz=-10.26, remainder_fraction=90.7654%, Lmin=-8.49, Lmax=-1.59
21:13:45 [ultranest] [DEBUG] iteration=724, ncalls=2366, regioncalls=78640, ndraw=40, logz=-10.26, remainder_fraction=90.7243%, Lmin=-8.49, Lmax=-1.59
21:13:45 [ultranest] [DEBUG] iteration=727, ncalls=2374, regioncalls=78960, ndraw=40, logz=-10.25, remainder_fraction=90.6048%, Lmin=-8.49, Lmax=-1.59
21:13:45 [ultranest] [DEBUG] iteration=729, ncalls=2381, regioncalls=79240, ndraw=40, logz=-10.25, remainder_fraction=90.5237%, Lmin=-8.49, Lmax=-1.59
21:13:45 [ultranest] [DEBUG] iteration=730, ncalls=2393, regioncalls=79720, ndraw=40, logz=-10.25, remainder_fraction=90.4828%, Lmin=-8.48, Lmax=-1.59
21:13:45 [ultranest] [DEBUG] iteration=732, ncalls=2403, regioncalls=80120, ndraw=40, logz=-10.24, remainder_fraction=90.4024%, Lmin=-8.48, Lmax=-1.59
21:13:45 [ultranest] [DEBUG] iteration=734, ncalls=2411, regioncalls=80440, ndraw=40, logz=-10.24, remainder_fraction=90.3209%, Lmin=-8.48, Lmax=-1.59
21:13:46 [ultranest] [DEBUG] iteration=736, ncalls=2426, regioncalls=81040, ndraw=40, logz=-10.23, remainder_fraction=90.2693%, Lmin=-8.48, Lmax=-1.59
21:13:46 [ultranest] [DEBUG] iteration=739, ncalls=2438, regioncalls=81520, ndraw=40, logz=-10.22, remainder_fraction=90.1536%, Lmin=-8.48, Lmax=-1.59
21:13:46 [ultranest] [DEBUG] iteration=743, ncalls=2449, regioncalls=81960, ndraw=40, logz=-10.22, remainder_fraction=89.9894%, Lmin=-8.47, Lmax=-1.59
21:13:46 [ultranest] [DEBUG] iteration=746, ncalls=2462, regioncalls=82480, ndraw=40, logz=-10.21, remainder_fraction=89.9606%, Lmin=-8.46, Lmax=-1.59
21:13:46 [ultranest] [DEBUG] iteration=749, ncalls=2473, regioncalls=82920, ndraw=40, logz=-10.20, remainder_fraction=89.9648%, Lmin=-8.46, Lmax=-1.59
21:13:46 [ultranest] [DEBUG] iteration=750, ncalls=2479, regioncalls=83160, ndraw=40, logz=-10.20, remainder_fraction=89.9227%, Lmin=-8.46, Lmax=-1.59
21:13:46 [ultranest] [DEBUG] iteration=753, ncalls=2488, regioncalls=83520, ndraw=40, logz=-10.19, remainder_fraction=89.7993%, Lmin=-8.45, Lmax=-1.59
21:13:46 [ultranest] [DEBUG] iteration=755, ncalls=2497, regioncalls=83880, ndraw=40, logz=-10.19, remainder_fraction=89.7155%, Lmin=-8.45, Lmax=-1.59
21:13:47 [ultranest] [DEBUG] iteration=759, ncalls=2506, regioncalls=84240, ndraw=40, logz=-10.18, remainder_fraction=89.5927%, Lmin=-8.44, Lmax=-1.59
21:13:47 [ultranest] [DEBUG] iteration=760, ncalls=2515, regioncalls=84600, ndraw=40, logz=-10.18, remainder_fraction=89.5500%, Lmin=-8.44, Lmax=-1.59
21:13:47 [ultranest] [DEBUG] iteration=763, ncalls=2524, regioncalls=84960, ndraw=40, logz=-10.17, remainder_fraction=89.4293%, Lmin=-8.44, Lmax=-1.59
21:13:47 [ultranest] [DEBUG] iteration=766, ncalls=2530, regioncalls=85200, ndraw=40, logz=-10.17, remainder_fraction=89.3003%, Lmin=-8.44, Lmax=-1.59
21:13:47 [ultranest] [DEBUG] iteration=769, ncalls=2540, regioncalls=85600, ndraw=40, logz=-10.16, remainder_fraction=89.1943%, Lmin=-8.43, Lmax=-1.59
21:13:47 [ultranest] [DEBUG] iteration=771, ncalls=2550, regioncalls=86000, ndraw=40, logz=-10.16, remainder_fraction=89.3934%, Lmin=-8.43, Lmax=-1.59
21:13:47 [ultranest] [DEBUG] iteration=773, ncalls=2561, regioncalls=86440, ndraw=40, logz=-10.15, remainder_fraction=89.3087%, Lmin=-8.43, Lmax=-1.59
21:13:47 [ultranest] [DEBUG] iteration=774, ncalls=2570, regioncalls=86800, ndraw=40, logz=-10.15, remainder_fraction=89.2664%, Lmin=-8.43, Lmax=-1.59
21:13:48 [ultranest] [DEBUG] iteration=776, ncalls=2579, regioncalls=87160, ndraw=40, logz=-10.15, remainder_fraction=89.1818%, Lmin=-8.43, Lmax=-1.59
21:13:48 [ultranest] [DEBUG] iteration=779, ncalls=2590, regioncalls=87600, ndraw=40, logz=-10.14, remainder_fraction=89.0623%, Lmin=-8.42, Lmax=-1.59
21:13:48 [ultranest] [DEBUG] iteration=781, ncalls=2601, regioncalls=88040, ndraw=40, logz=-10.14, remainder_fraction=88.9870%, Lmin=-8.41, Lmax=-1.59
21:13:48 [ultranest] [DEBUG] iteration=783, ncalls=2613, regioncalls=88520, ndraw=40, logz=-10.13, remainder_fraction=88.8991%, Lmin=-8.41, Lmax=-1.59
21:13:48 [ultranest] [DEBUG] iteration=785, ncalls=2623, regioncalls=88920, ndraw=40, logz=-10.13, remainder_fraction=88.8140%, Lmin=-8.41, Lmax=-1.59
21:13:48 [ultranest] [DEBUG] iteration=789, ncalls=2639, regioncalls=89560, ndraw=40, logz=-10.12, remainder_fraction=88.6462%, Lmin=-8.41, Lmax=-1.59
21:13:48 [ultranest] [DEBUG] iteration=791, ncalls=2649, regioncalls=89960, ndraw=40, logz=-10.12, remainder_fraction=88.5644%, Lmin=-8.40, Lmax=-1.59
21:13:48 [ultranest] [DEBUG] iteration=794, ncalls=2658, regioncalls=90320, ndraw=40, logz=-10.11, remainder_fraction=88.4330%, Lmin=-8.40, Lmax=-1.59
21:13:49 [ultranest] [DEBUG] iteration=798, ncalls=2666, regioncalls=90640, ndraw=40, logz=-10.10, remainder_fraction=88.2579%, Lmin=-8.40, Lmax=-1.59
21:13:49 [ultranest] [DEBUG] iteration=800, ncalls=2678, regioncalls=91120, ndraw=40, logz=-10.10, remainder_fraction=88.1683%, Lmin=-8.40, Lmax=-1.59
21:13:49 [ultranest] [DEBUG] iteration=805, ncalls=2700, regioncalls=92000, ndraw=40, logz=-10.09, remainder_fraction=87.9442%, Lmin=-8.38, Lmax=-1.59
21:13:49 [ultranest] [DEBUG] iteration=809, ncalls=2707, regioncalls=92280, ndraw=40, logz=-10.08, remainder_fraction=87.7681%, Lmin=-8.37, Lmax=-1.59
21:13:49 [ultranest] [DEBUG] iteration=810, ncalls=2708, regioncalls=92320, ndraw=40, logz=-10.08, remainder_fraction=87.7344%, Lmin=-8.37, Lmax=-1.59
21:13:49 [ultranest] [DEBUG] iteration=812, ncalls=2718, regioncalls=92720, ndraw=40, logz=-10.08, remainder_fraction=87.6425%, Lmin=-8.37, Lmax=-1.59
21:13:49 [ultranest] [DEBUG] iteration=817, ncalls=2727, regioncalls=93080, ndraw=40, logz=-10.07, remainder_fraction=87.4274%, Lmin=-8.36, Lmax=-1.59
21:13:49 [ultranest] [DEBUG] iteration=820, ncalls=2737, regioncalls=93480, ndraw=40, logz=-10.06, remainder_fraction=87.2894%, Lmin=-8.35, Lmax=-1.59
21:13:50 [ultranest] [DEBUG] iteration=823, ncalls=2747, regioncalls=93880, ndraw=40, logz=-10.06, remainder_fraction=87.1488%, Lmin=-8.35, Lmax=-1.59
21:13:50 [ultranest] [DEBUG] iteration=825, ncalls=2757, regioncalls=94280, ndraw=40, logz=-10.05, remainder_fraction=87.0809%, Lmin=-8.35, Lmax=-1.59
21:13:50 [ultranest] [DEBUG] iteration=829, ncalls=2784, regioncalls=95360, ndraw=40, logz=-10.05, remainder_fraction=86.8988%, Lmin=-8.34, Lmax=-1.59
21:13:50 [ultranest] [DEBUG] iteration=833, ncalls=2796, regioncalls=95840, ndraw=40, logz=-10.04, remainder_fraction=86.7237%, Lmin=-8.33, Lmax=-1.59
21:13:50 [ultranest] [DEBUG] iteration=836, ncalls=2810, regioncalls=96400, ndraw=40, logz=-10.04, remainder_fraction=87.0157%, Lmin=-8.33, Lmax=-1.59
21:13:50 [ultranest] [DEBUG] iteration=838, ncalls=2819, regioncalls=96760, ndraw=40, logz=-10.03, remainder_fraction=87.1532%, Lmin=-8.33, Lmax=-1.59
21:13:51 [ultranest] [DEBUG] iteration=839, ncalls=2833, regioncalls=97320, ndraw=40, logz=-10.03, remainder_fraction=87.1065%, Lmin=-8.33, Lmax=-1.59
21:13:51 [ultranest] [DEBUG] iteration=840, ncalls=2834, regioncalls=97360, ndraw=40, logz=-10.03, remainder_fraction=87.0608%, Lmin=-8.33, Lmax=-1.59
21:13:51 [ultranest] [DEBUG] iteration=842, ncalls=2859, regioncalls=98360, ndraw=40, logz=-10.03, remainder_fraction=86.9671%, Lmin=-8.33, Lmax=-1.59
21:13:51 [ultranest] [DEBUG] iteration=844, ncalls=2868, regioncalls=98720, ndraw=40, logz=-10.02, remainder_fraction=86.8738%, Lmin=-8.32, Lmax=-1.59
21:13:51 [ultranest] [DEBUG] iteration=847, ncalls=2880, regioncalls=99200, ndraw=40, logz=-10.02, remainder_fraction=86.7344%, Lmin=-8.32, Lmax=-1.59
21:13:51 [ultranest] [DEBUG] iteration=849, ncalls=2890, regioncalls=99600, ndraw=40, logz=-10.01, remainder_fraction=86.6622%, Lmin=-8.32, Lmax=-1.59
21:13:51 [ultranest] [DEBUG] iteration=851, ncalls=2908, regioncalls=100320, ndraw=40, logz=-10.01, remainder_fraction=86.5695%, Lmin=-8.32, Lmax=-1.59
21:13:51 [ultranest] [DEBUG] iteration=853, ncalls=2920, regioncalls=100800, ndraw=40, logz=-10.01, remainder_fraction=86.4780%, Lmin=-8.32, Lmax=-1.59
21:13:52 [ultranest] [DEBUG] iteration=856, ncalls=2929, regioncalls=101160, ndraw=40, logz=-10.00, remainder_fraction=87.2539%, Lmin=-8.31, Lmax=-1.59
21:13:52 [ultranest] [DEBUG] iteration=859, ncalls=2943, regioncalls=101720, ndraw=40, logz=-10.00, remainder_fraction=87.1340%, Lmin=-8.31, Lmax=-1.59
21:13:52 [ultranest] [DEBUG] iteration=861, ncalls=2960, regioncalls=102400, ndraw=40, logz=-9.99, remainder_fraction=87.0437%, Lmin=-8.31, Lmax=-1.59
21:13:52 [ultranest] [DEBUG] iteration=865, ncalls=2974, regioncalls=102960, ndraw=40, logz=-9.99, remainder_fraction=86.8676%, Lmin=-8.30, Lmax=-1.59
21:13:52 [ultranest] [DEBUG] iteration=867, ncalls=2986, regioncalls=103440, ndraw=40, logz=-9.99, remainder_fraction=86.7787%, Lmin=-8.30, Lmax=-1.59
21:13:52 [ultranest] [DEBUG] iteration=870, ncalls=3015, regioncalls=104600, ndraw=40, logz=-9.98, remainder_fraction=86.6697%, Lmin=-8.29, Lmax=-1.59
21:13:53 [ultranest] [DEBUG] iteration=873, ncalls=3025, regioncalls=105000, ndraw=40, logz=-9.98, remainder_fraction=86.5327%, Lmin=-8.28, Lmax=-1.59
21:13:53 [ultranest] [DEBUG] iteration=875, ncalls=3037, regioncalls=105480, ndraw=40, logz=-9.97, remainder_fraction=86.4417%, Lmin=-8.28, Lmax=-1.59
21:13:53 [ultranest] [DEBUG] iteration=877, ncalls=3050, regioncalls=106000, ndraw=40, logz=-9.97, remainder_fraction=86.3514%, Lmin=-8.28, Lmax=-1.59
21:13:53 [ultranest] [DEBUG] iteration=880, ncalls=3054, regioncalls=106160, ndraw=40, logz=-9.97, remainder_fraction=86.2121%, Lmin=-8.27, Lmax=-1.59
21:13:53 [ultranest] [DEBUG] iteration=885, ncalls=3065, regioncalls=106600, ndraw=40, logz=-9.96, remainder_fraction=85.9824%, Lmin=-8.26, Lmax=-1.59
21:13:53 [ultranest] [DEBUG] iteration=888, ncalls=3075, regioncalls=107000, ndraw=40, logz=-9.95, remainder_fraction=85.8482%, Lmin=-8.26, Lmax=-1.59
21:13:53 [ultranest] [DEBUG] iteration=889, ncalls=3092, regioncalls=107680, ndraw=40, logz=-9.95, remainder_fraction=85.8026%, Lmin=-8.25, Lmax=-1.59
21:13:53 [ultranest] [DEBUG] iteration=890, ncalls=3102, regioncalls=108080, ndraw=40, logz=-9.95, remainder_fraction=85.7993%, Lmin=-8.25, Lmax=-1.59
21:13:54 [ultranest] [DEBUG] iteration=891, ncalls=3117, regioncalls=108680, ndraw=40, logz=-9.95, remainder_fraction=85.7548%, Lmin=-8.25, Lmax=-1.59
21:13:54 [ultranest] [DEBUG] iteration=893, ncalls=3126, regioncalls=109040, ndraw=40, logz=-9.95, remainder_fraction=85.6603%, Lmin=-8.25, Lmax=-1.59
21:13:54 [ultranest] [DEBUG] iteration=894, ncalls=3137, regioncalls=109480, ndraw=40, logz=-9.94, remainder_fraction=85.6135%, Lmin=-8.25, Lmax=-1.59
21:13:54 [ultranest] [DEBUG] iteration=896, ncalls=3146, regioncalls=109840, ndraw=40, logz=-9.94, remainder_fraction=85.5164%, Lmin=-8.25, Lmax=-1.59
21:13:54 [ultranest] [DEBUG] iteration=898, ncalls=3157, regioncalls=110280, ndraw=40, logz=-9.94, remainder_fraction=85.4223%, Lmin=-8.25, Lmax=-1.59
21:13:54 [ultranest] [DEBUG] iteration=900, ncalls=3165, regioncalls=110600, ndraw=40, logz=-9.94, remainder_fraction=85.3262%, Lmin=-8.25, Lmax=-1.59
21:13:54 [ultranest] [DEBUG] iteration=902, ncalls=3176, regioncalls=111040, ndraw=40, logz=-9.93, remainder_fraction=85.2285%, Lmin=-8.24, Lmax=-1.59
21:13:54 [ultranest] [DEBUG] iteration=904, ncalls=3185, regioncalls=111400, ndraw=40, logz=-9.93, remainder_fraction=85.1400%, Lmin=-8.24, Lmax=-1.59
21:13:55 [ultranest] [DEBUG] iteration=908, ncalls=3204, regioncalls=112160, ndraw=40, logz=-9.92, remainder_fraction=84.9736%, Lmin=-8.23, Lmax=-1.59
21:13:55 [ultranest] [DEBUG] iteration=909, ncalls=3215, regioncalls=112600, ndraw=40, logz=-9.92, remainder_fraction=84.9241%, Lmin=-8.23, Lmax=-1.59
21:13:55 [ultranest] [DEBUG] iteration=913, ncalls=3223, regioncalls=112920, ndraw=40, logz=-9.92, remainder_fraction=84.7356%, Lmin=-8.22, Lmax=-1.59
21:13:55 [ultranest] [DEBUG] iteration=916, ncalls=3232, regioncalls=113280, ndraw=40, logz=-9.91, remainder_fraction=84.5927%, Lmin=-8.21, Lmax=-1.59
21:13:55 [ultranest] [DEBUG] iteration=920, ncalls=3238, regioncalls=113520, ndraw=40, logz=-9.91, remainder_fraction=84.3967%, Lmin=-8.21, Lmax=-1.59
21:13:55 [ultranest] [DEBUG] iteration=923, ncalls=3257, regioncalls=114280, ndraw=40, logz=-9.90, remainder_fraction=84.2491%, Lmin=-8.21, Lmax=-1.59
21:13:56 [ultranest] [DEBUG] iteration=925, ncalls=3266, regioncalls=114640, ndraw=40, logz=-9.90, remainder_fraction=84.1480%, Lmin=-8.20, Lmax=-1.59
21:13:56 [ultranest] [DEBUG] iteration=930, ncalls=3278, regioncalls=115120, ndraw=40, logz=-9.89, remainder_fraction=83.9730%, Lmin=-8.20, Lmax=-1.59
21:13:56 [ultranest] [DEBUG] iteration=933, ncalls=3289, regioncalls=115560, ndraw=40, logz=-9.89, remainder_fraction=83.8844%, Lmin=-8.19, Lmax=-1.59
21:13:56 [ultranest] [DEBUG] iteration=935, ncalls=3299, regioncalls=115960, ndraw=40, logz=-9.89, remainder_fraction=83.7819%, Lmin=-8.19, Lmax=-1.59
21:13:56 [ultranest] [DEBUG] iteration=939, ncalls=3311, regioncalls=116440, ndraw=40, logz=-9.88, remainder_fraction=83.5848%, Lmin=-8.19, Lmax=-1.59
21:13:56 [ultranest] [DEBUG] iteration=941, ncalls=3336, regioncalls=117440, ndraw=40, logz=-9.88, remainder_fraction=83.4918%, Lmin=-8.18, Lmax=-1.59
21:13:56 [ultranest] [DEBUG] iteration=942, ncalls=3351, regioncalls=118040, ndraw=40, logz=-9.88, remainder_fraction=83.4411%, Lmin=-8.18, Lmax=-1.59
21:13:57 [ultranest] [DEBUG] iteration=943, ncalls=3367, regioncalls=118680, ndraw=40, logz=-9.88, remainder_fraction=83.4587%, Lmin=-8.18, Lmax=-1.59
21:13:57 [ultranest] [DEBUG] iteration=945, ncalls=3378, regioncalls=119120, ndraw=40, logz=-9.87, remainder_fraction=83.3562%, Lmin=-8.18, Lmax=-1.59
21:13:57 [ultranest] [DEBUG] iteration=947, ncalls=3389, regioncalls=119560, ndraw=40, logz=-9.87, remainder_fraction=83.3353%, Lmin=-8.18, Lmax=-1.59
21:13:57 [ultranest] [DEBUG] iteration=951, ncalls=3401, regioncalls=120040, ndraw=40, logz=-9.87, remainder_fraction=83.1321%, Lmin=-8.17, Lmax=-1.59
21:13:57 [ultranest] [DEBUG] iteration=953, ncalls=3412, regioncalls=120480, ndraw=40, logz=-9.86, remainder_fraction=83.0281%, Lmin=-8.17, Lmax=-1.59
21:13:58 [ultranest] [DEBUG] iteration=954, ncalls=3451, regioncalls=122040, ndraw=40, logz=-9.86, remainder_fraction=82.9756%, Lmin=-8.17, Lmax=-1.59
21:13:58 [ultranest] [DEBUG] iteration=957, ncalls=3484, regioncalls=123360, ndraw=40, logz=-9.86, remainder_fraction=82.8552%, Lmin=-8.16, Lmax=-1.59
21:13:58 [ultranest] [DEBUG] iteration=959, ncalls=3502, regioncalls=124080, ndraw=40, logz=-9.86, remainder_fraction=82.8129%, Lmin=-8.15, Lmax=-1.59
21:13:58 [ultranest] [DEBUG] iteration=960, ncalls=3509, regioncalls=124360, ndraw=40, logz=-9.86, remainder_fraction=82.7597%, Lmin=-8.15, Lmax=-1.59
21:13:58 [ultranest] [DEBUG] iteration=961, ncalls=3522, regioncalls=124880, ndraw=40, logz=-9.85, remainder_fraction=82.7076%, Lmin=-8.15, Lmax=-1.59
21:13:58 [ultranest] [DEBUG] iteration=965, ncalls=3533, regioncalls=125320, ndraw=40, logz=-9.85, remainder_fraction=82.4972%, Lmin=-8.14, Lmax=-1.59
21:13:59 [ultranest] [DEBUG] iteration=967, ncalls=3544, regioncalls=125760, ndraw=40, logz=-9.85, remainder_fraction=82.3913%, Lmin=-8.14, Lmax=-0.94
21:13:59 [ultranest] [DEBUG] iteration=969, ncalls=3556, regioncalls=126240, ndraw=40, logz=-9.84, remainder_fraction=86.2584%, Lmin=-8.14, Lmax=-0.94
21:13:59 [ultranest] [DEBUG] iteration=971, ncalls=3569, regioncalls=126760, ndraw=40, logz=-9.84, remainder_fraction=86.1709%, Lmin=-8.13, Lmax=-0.94
21:13:59 [ultranest] [DEBUG] iteration=973, ncalls=3583, regioncalls=127320, ndraw=40, logz=-9.84, remainder_fraction=86.0858%, Lmin=-8.13, Lmax=-0.94
21:13:59 [ultranest] [DEBUG] iteration=977, ncalls=3596, regioncalls=127840, ndraw=40, logz=-9.83, remainder_fraction=85.9132%, Lmin=-8.13, Lmax=-0.94
21:13:59 [ultranest] [DEBUG] iteration=980, ncalls=3605, regioncalls=128200, ndraw=40, logz=-9.83, remainder_fraction=85.8288%, Lmin=-8.12, Lmax=-0.94
21:13:59 [ultranest] [DEBUG] iteration=981, ncalls=3627, regioncalls=129080, ndraw=40, logz=-9.83, remainder_fraction=85.7840%, Lmin=-8.12, Lmax=-0.94
21:14:00 [ultranest] [DEBUG] iteration=982, ncalls=3640, regioncalls=129600, ndraw=40, logz=-9.83, remainder_fraction=85.7397%, Lmin=-8.12, Lmax=-0.94
21:14:00 [ultranest] [DEBUG] iteration=985, ncalls=3651, regioncalls=130040, ndraw=40, logz=-9.83, remainder_fraction=85.6126%, Lmin=-8.12, Lmax=-0.94
21:14:00 [ultranest] [DEBUG] iteration=987, ncalls=3666, regioncalls=130640, ndraw=40, logz=-9.82, remainder_fraction=85.5257%, Lmin=-8.12, Lmax=-0.94
21:14:00 [ultranest] [DEBUG] iteration=989, ncalls=3680, regioncalls=131200, ndraw=40, logz=-9.82, remainder_fraction=85.4394%, Lmin=-8.11, Lmax=-0.94
21:14:00 [ultranest] [DEBUG] iteration=990, ncalls=3683, regioncalls=131320, ndraw=40, logz=-9.82, remainder_fraction=86.8184%, Lmin=-8.11, Lmax=-0.94
21:14:00 [ultranest] [DEBUG] iteration=992, ncalls=3690, regioncalls=131600, ndraw=40, logz=-9.82, remainder_fraction=86.7375%, Lmin=-8.11, Lmax=-0.94
21:14:01 [ultranest] [DEBUG] iteration=995, ncalls=3708, regioncalls=132320, ndraw=40, logz=-9.81, remainder_fraction=86.6219%, Lmin=-8.11, Lmax=-0.94
21:14:01 [ultranest] [DEBUG] iteration=997, ncalls=3716, regioncalls=132640, ndraw=40, logz=-9.81, remainder_fraction=86.5379%, Lmin=-8.11, Lmax=-0.94
21:14:01 [ultranest] [DEBUG] iteration=999, ncalls=3732, regioncalls=133280, ndraw=40, logz=-9.81, remainder_fraction=86.4581%, Lmin=-8.11, Lmax=-0.94
21:14:01 [ultranest] [DEBUG] iteration=1000, ncalls=3733, regioncalls=133320, ndraw=40, logz=-9.81, remainder_fraction=86.4161%, Lmin=-8.11, Lmax=-0.94
21:14:01 [ultranest] [DEBUG] iteration=1001, ncalls=3749, regioncalls=133960, ndraw=40, logz=-9.81, remainder_fraction=86.3736%, Lmin=-8.10, Lmax=-0.94
21:14:01 [ultranest] [DEBUG] iteration=1003, ncalls=3760, regioncalls=134400, ndraw=40, logz=-9.80, remainder_fraction=86.2891%, Lmin=-8.10, Lmax=-0.94
21:14:01 [ultranest] [DEBUG] iteration=1006, ncalls=3778, regioncalls=135120, ndraw=40, logz=-9.80, remainder_fraction=86.1629%, Lmin=-8.10, Lmax=-0.94
21:14:02 [ultranest] [DEBUG] iteration=1007, ncalls=3789, regioncalls=135560, ndraw=40, logz=-9.80, remainder_fraction=86.1205%, Lmin=-8.10, Lmax=-0.94
21:14:02 [ultranest] [DEBUG] iteration=1010, ncalls=3809, regioncalls=136360, ndraw=40, logz=-9.80, remainder_fraction=86.0354%, Lmin=-8.09, Lmax=-0.94
21:14:02 [ultranest] [DEBUG] iteration=1012, ncalls=3836, regioncalls=137440, ndraw=40, logz=-9.79, remainder_fraction=85.9515%, Lmin=-8.08, Lmax=-0.94
21:14:02 [ultranest] [DEBUG] iteration=1013, ncalls=3846, regioncalls=137840, ndraw=40, logz=-9.79, remainder_fraction=85.9088%, Lmin=-8.08, Lmax=-0.94
21:14:02 [ultranest] [DEBUG] iteration=1017, ncalls=3858, regioncalls=138320, ndraw=40, logz=-9.79, remainder_fraction=88.7747%, Lmin=-8.08, Lmax=-0.62
21:14:02 [ultranest] [DEBUG] iteration=1018, ncalls=3868, regioncalls=138720, ndraw=40, logz=-9.79, remainder_fraction=88.7404%, Lmin=-8.08, Lmax=-0.62
21:14:03 [ultranest] [DEBUG] iteration=1020, ncalls=3879, regioncalls=139160, ndraw=40, logz=-9.79, remainder_fraction=88.6714%, Lmin=-8.07, Lmax=-0.62
21:14:03 [ultranest] [DEBUG] iteration=1022, ncalls=3903, regioncalls=140120, ndraw=40, logz=-9.78, remainder_fraction=88.6558%, Lmin=-8.07, Lmax=-0.62
21:14:03 [ultranest] [DEBUG] iteration=1024, ncalls=3912, regioncalls=140480, ndraw=40, logz=-9.78, remainder_fraction=88.5864%, Lmin=-8.07, Lmax=-0.62
21:14:03 [ultranest] [DEBUG] iteration=1026, ncalls=3925, regioncalls=141000, ndraw=40, logz=-9.78, remainder_fraction=88.5224%, Lmin=-8.07, Lmax=-0.62
21:14:03 [ultranest] [DEBUG] iteration=1030, ncalls=3934, regioncalls=141360, ndraw=40, logz=-9.78, remainder_fraction=88.7037%, Lmin=-8.06, Lmax=-0.62
21:14:03 [ultranest] [DEBUG] iteration=1031, ncalls=3944, regioncalls=141760, ndraw=40, logz=-9.77, remainder_fraction=88.6682%, Lmin=-8.06, Lmax=-0.62
21:14:04 [ultranest] [DEBUG] iteration=1034, ncalls=3961, regioncalls=142440, ndraw=40, logz=-9.77, remainder_fraction=88.5625%, Lmin=-8.05, Lmax=-0.62
21:14:04 [ultranest] [DEBUG] iteration=1037, ncalls=3983, regioncalls=143320, ndraw=40, logz=-9.77, remainder_fraction=88.4559%, Lmin=-8.04, Lmax=-0.62
21:14:04 [ultranest] [DEBUG] iteration=1038, ncalls=3992, regioncalls=143680, ndraw=40, logz=-9.77, remainder_fraction=88.6281%, Lmin=-8.04, Lmax=-0.62
21:14:04 [ultranest] [DEBUG] iteration=1040, ncalls=4003, regioncalls=144120, ndraw=40, logz=-9.77, remainder_fraction=88.5919%, Lmin=-8.04, Lmax=-0.62
21:14:04 [ultranest] [DEBUG] iteration=1042, ncalls=4017, regioncalls=144680, ndraw=40, logz=-9.76, remainder_fraction=88.5206%, Lmin=-8.03, Lmax=-0.62
21:14:04 [ultranest] [DEBUG] iteration=1043, ncalls=4028, regioncalls=145120, ndraw=40, logz=-9.76, remainder_fraction=88.4847%, Lmin=-8.03, Lmax=-0.62
21:14:05 [ultranest] [DEBUG] iteration=1046, ncalls=4053, regioncalls=146120, ndraw=40, logz=-9.76, remainder_fraction=88.3861%, Lmin=-8.02, Lmax=-0.62
21:14:05 [ultranest] [DEBUG] iteration=1047, ncalls=4068, regioncalls=146720, ndraw=40, logz=-9.76, remainder_fraction=88.3504%, Lmin=-8.02, Lmax=-0.62
21:14:05 [ultranest] [DEBUG] iteration=1049, ncalls=4082, regioncalls=147280, ndraw=40, logz=-9.76, remainder_fraction=88.2796%, Lmin=-8.01, Lmax=-0.62
21:14:05 [ultranest] [DEBUG] iteration=1051, ncalls=4098, regioncalls=147920, ndraw=40, logz=-9.75, remainder_fraction=88.2070%, Lmin=-8.01, Lmax=-0.62
21:14:05 [ultranest] [DEBUG] iteration=1054, ncalls=4106, regioncalls=148240, ndraw=40, logz=-9.75, remainder_fraction=88.1037%, Lmin=-8.00, Lmax=-0.62
21:14:05 [ultranest] [DEBUG] iteration=1056, ncalls=4118, regioncalls=148720, ndraw=40, logz=-9.75, remainder_fraction=88.0309%, Lmin=-7.99, Lmax=-0.62
21:14:06 [ultranest] [DEBUG] iteration=1057, ncalls=4135, regioncalls=149400, ndraw=40, logz=-9.75, remainder_fraction=87.9945%, Lmin=-7.99, Lmax=-0.62
21:14:06 [ultranest] [DEBUG] iteration=1059, ncalls=4158, regioncalls=150320, ndraw=40, logz=-9.75, remainder_fraction=87.9223%, Lmin=-7.99, Lmax=-0.62
21:14:06 [ultranest] [DEBUG] iteration=1060, ncalls=4170, regioncalls=150800, ndraw=40, logz=-9.74, remainder_fraction=87.8851%, Lmin=-7.99, Lmax=-0.62
21:14:06 [ultranest] [DEBUG] iteration=1061, ncalls=4183, regioncalls=151320, ndraw=40, logz=-9.74, remainder_fraction=87.8478%, Lmin=-7.99, Lmax=-0.62
21:14:06 [ultranest] [DEBUG] iteration=1062, ncalls=4200, regioncalls=152000, ndraw=40, logz=-9.74, remainder_fraction=87.8127%, Lmin=-7.98, Lmax=-0.62
21:14:07 [ultranest] [DEBUG] iteration=1063, ncalls=4214, regioncalls=152560, ndraw=40, logz=-9.74, remainder_fraction=87.7760%, Lmin=-7.98, Lmax=-0.62
21:14:07 [ultranest] [DEBUG] iteration=1064, ncalls=4226, regioncalls=153040, ndraw=40, logz=-9.74, remainder_fraction=87.7383%, Lmin=-7.98, Lmax=-0.62
21:14:07 [ultranest] [DEBUG] iteration=1067, ncalls=4237, regioncalls=153480, ndraw=40, logz=-9.74, remainder_fraction=87.6382%, Lmin=-7.97, Lmax=-0.62
21:14:07 [ultranest] [DEBUG] iteration=1068, ncalls=4251, regioncalls=154040, ndraw=40, logz=-9.74, remainder_fraction=87.6036%, Lmin=-7.97, Lmax=-0.62
21:14:07 [ultranest] [DEBUG] iteration=1073, ncalls=4259, regioncalls=154360, ndraw=40, logz=-9.73, remainder_fraction=87.4149%, Lmin=-7.96, Lmax=-0.62
21:14:07 [ultranest] [DEBUG] iteration=1075, ncalls=4277, regioncalls=155080, ndraw=40, logz=-9.73, remainder_fraction=87.3457%, Lmin=-7.96, Lmax=-0.62
21:14:08 [ultranest] [DEBUG] iteration=1076, ncalls=4309, regioncalls=156360, ndraw=40, logz=-9.73, remainder_fraction=87.3071%, Lmin=-7.96, Lmax=-0.62
21:14:08 [ultranest] [DEBUG] iteration=1077, ncalls=4332, regioncalls=157280, ndraw=40, logz=-9.73, remainder_fraction=87.2888%, Lmin=-7.96, Lmax=-0.62
21:14:08 [ultranest] [DEBUG] iteration=1079, ncalls=4342, regioncalls=157680, ndraw=40, logz=-9.73, remainder_fraction=87.2126%, Lmin=-7.96, Lmax=-0.62
21:14:08 [ultranest] [DEBUG] iteration=1080, ncalls=4350, regioncalls=158000, ndraw=40, logz=-9.72, remainder_fraction=87.4420%, Lmin=-7.96, Lmax=-0.62
21:14:08 [ultranest] [DEBUG] iteration=1082, ncalls=4368, regioncalls=158720, ndraw=40, logz=-9.72, remainder_fraction=87.3790%, Lmin=-7.96, Lmax=-0.62
21:14:09 [ultranest] [DEBUG] iteration=1083, ncalls=4387, regioncalls=159480, ndraw=40, logz=-9.72, remainder_fraction=87.3443%, Lmin=-7.95, Lmax=-0.62
21:14:09 [ultranest] [DEBUG] iteration=1085, ncalls=4396, regioncalls=159840, ndraw=40, logz=-9.72, remainder_fraction=87.7357%, Lmin=-7.95, Lmax=-0.62
21:14:09 [ultranest] [DEBUG] iteration=1087, ncalls=4406, regioncalls=160240, ndraw=40, logz=-9.72, remainder_fraction=87.6660%, Lmin=-7.95, Lmax=-0.62
21:14:09 [ultranest] [DEBUG] iteration=1088, ncalls=4417, regioncalls=160680, ndraw=40, logz=-9.72, remainder_fraction=87.6330%, Lmin=-7.95, Lmax=-0.62
21:14:09 [ultranest] [DEBUG] iteration=1091, ncalls=4430, regioncalls=161200, ndraw=40, logz=-9.71, remainder_fraction=87.5385%, Lmin=-7.95, Lmax=-0.62
21:14:09 [ultranest] [DEBUG] iteration=1092, ncalls=4444, regioncalls=161760, ndraw=40, logz=-9.71, remainder_fraction=87.5014%, Lmin=-7.95, Lmax=-0.62
21:14:10 [ultranest] [DEBUG] iteration=1095, ncalls=4459, regioncalls=162360, ndraw=40, logz=-9.71, remainder_fraction=87.4142%, Lmin=-7.94, Lmax=-0.62
21:14:10 [ultranest] [DEBUG] iteration=1096, ncalls=4468, regioncalls=162720, ndraw=40, logz=-9.71, remainder_fraction=87.3768%, Lmin=-7.94, Lmax=-0.62
21:14:10 [ultranest] [DEBUG] iteration=1099, ncalls=4480, regioncalls=163200, ndraw=40, logz=-9.71, remainder_fraction=87.2649%, Lmin=-7.94, Lmax=-0.62
21:14:10 [ultranest] [DEBUG] iteration=1100, ncalls=4497, regioncalls=163880, ndraw=40, logz=-9.71, remainder_fraction=87.2272%, Lmin=-7.94, Lmax=-0.62
21:14:10 [ultranest] [DEBUG] iteration=1103, ncalls=4529, regioncalls=165160, ndraw=40, logz=-9.70, remainder_fraction=87.1162%, Lmin=-7.93, Lmax=-0.62
21:14:11 [ultranest] [DEBUG] iteration=1106, ncalls=4543, regioncalls=165720, ndraw=40, logz=-9.70, remainder_fraction=87.0025%, Lmin=-7.93, Lmax=-0.62
21:14:11 [ultranest] [DEBUG] iteration=1109, ncalls=4553, regioncalls=166120, ndraw=40, logz=-9.70, remainder_fraction=87.0159%, Lmin=-7.92, Lmax=-0.62
21:14:11 [ultranest] [DEBUG] iteration=1112, ncalls=4563, regioncalls=166520, ndraw=40, logz=-9.69, remainder_fraction=86.9042%, Lmin=-7.92, Lmax=-0.62
21:14:11 [ultranest] [DEBUG] iteration=1115, ncalls=4577, regioncalls=167080, ndraw=40, logz=-9.69, remainder_fraction=86.8124%, Lmin=-7.92, Lmax=-0.62
21:14:11 [ultranest] [DEBUG] iteration=1117, ncalls=4586, regioncalls=167440, ndraw=40, logz=-9.69, remainder_fraction=86.7356%, Lmin=-7.92, Lmax=-0.62
21:14:11 [ultranest] [DEBUG] iteration=1118, ncalls=4597, regioncalls=167880, ndraw=40, logz=-9.69, remainder_fraction=86.7968%, Lmin=-7.91, Lmax=-0.62
21:14:11 [ultranest] [DEBUG] iteration=1120, ncalls=4619, regioncalls=168760, ndraw=40, logz=-9.69, remainder_fraction=86.7679%, Lmin=-7.91, Lmax=-0.62
21:14:12 [ultranest] [DEBUG] iteration=1121, ncalls=4630, regioncalls=169200, ndraw=40, logz=-9.69, remainder_fraction=86.7295%, Lmin=-7.91, Lmax=-0.62
21:14:12 [ultranest] [DEBUG] iteration=1125, ncalls=4638, regioncalls=169520, ndraw=40, logz=-9.68, remainder_fraction=86.8582%, Lmin=-7.90, Lmax=-0.62
21:14:12 [ultranest] [DEBUG] iteration=1127, ncalls=4649, regioncalls=169960, ndraw=40, logz=-9.68, remainder_fraction=86.8923%, Lmin=-7.90, Lmax=-0.62
21:14:12 [ultranest] [DEBUG] iteration=1129, ncalls=4661, regioncalls=170440, ndraw=40, logz=-9.68, remainder_fraction=86.8153%, Lmin=-7.90, Lmax=-0.62
21:14:12 [ultranest] [DEBUG] iteration=1130, ncalls=4674, regioncalls=170960, ndraw=40, logz=-9.68, remainder_fraction=86.7766%, Lmin=-7.90, Lmax=-0.62
21:14:12 [ultranest] [DEBUG] iteration=1134, ncalls=4682, regioncalls=171280, ndraw=40, logz=-9.67, remainder_fraction=86.6258%, Lmin=-7.89, Lmax=-0.62
21:14:12 [ultranest] [DEBUG] iteration=1138, ncalls=4693, regioncalls=171720, ndraw=40, logz=-9.67, remainder_fraction=86.4745%, Lmin=-7.88, Lmax=-0.62
21:14:13 [ultranest] [DEBUG] iteration=1139, ncalls=4705, regioncalls=172200, ndraw=40, logz=-9.67, remainder_fraction=86.4577%, Lmin=-7.88, Lmax=-0.62
21:14:13 [ultranest] [DEBUG] iteration=1140, ncalls=4725, regioncalls=173000, ndraw=40, logz=-9.67, remainder_fraction=86.4187%, Lmin=-7.88, Lmax=-0.62
21:14:13 [ultranest] [DEBUG] iteration=1142, ncalls=4740, regioncalls=173600, ndraw=40, logz=-9.67, remainder_fraction=86.3622%, Lmin=-7.88, Lmax=-0.62
21:14:13 [ultranest] [DEBUG] iteration=1144, ncalls=4752, regioncalls=174080, ndraw=40, logz=-9.67, remainder_fraction=86.2845%, Lmin=-7.87, Lmax=-0.62
21:14:13 [ultranest] [DEBUG] iteration=1145, ncalls=4764, regioncalls=174560, ndraw=40, logz=-9.66, remainder_fraction=86.2450%, Lmin=-7.87, Lmax=-0.62
21:14:14 [ultranest] [DEBUG] iteration=1147, ncalls=4793, regioncalls=175720, ndraw=40, logz=-9.66, remainder_fraction=86.1676%, Lmin=-7.87, Lmax=-0.62
21:14:14 [ultranest] [DEBUG] iteration=1150, ncalls=4817, regioncalls=176680, ndraw=40, logz=-9.66, remainder_fraction=86.0487%, Lmin=-7.87, Lmax=-0.62
21:14:14 [ultranest] [DEBUG] iteration=1152, ncalls=4827, regioncalls=177080, ndraw=40, logz=-9.66, remainder_fraction=85.9717%, Lmin=-7.86, Lmax=-0.62
21:14:14 [ultranest] [DEBUG] iteration=1155, ncalls=4840, regioncalls=177600, ndraw=40, logz=-9.66, remainder_fraction=85.8523%, Lmin=-7.85, Lmax=-0.62
21:14:14 [ultranest] [DEBUG] iteration=1157, ncalls=4852, regioncalls=178080, ndraw=40, logz=-9.65, remainder_fraction=85.7711%, Lmin=-7.85, Lmax=-0.62
21:14:14 [ultranest] [DEBUG] iteration=1160, ncalls=4859, regioncalls=178360, ndraw=40, logz=-9.65, remainder_fraction=85.6646%, Lmin=-7.84, Lmax=-0.62
21:14:15 [ultranest] [DEBUG] iteration=1161, ncalls=4889, regioncalls=179560, ndraw=40, logz=-9.65, remainder_fraction=85.6241%, Lmin=-7.84, Lmax=-0.62
21:14:15 [ultranest] [DEBUG] iteration=1165, ncalls=4904, regioncalls=180160, ndraw=40, logz=-9.65, remainder_fraction=85.4630%, Lmin=-7.84, Lmax=-0.62
21:14:15 [ultranest] [DEBUG] iteration=1167, ncalls=4916, regioncalls=180640, ndraw=40, logz=-9.65, remainder_fraction=85.3803%, Lmin=-7.83, Lmax=-0.62
21:14:15 [ultranest] [DEBUG] iteration=1170, ncalls=4924, regioncalls=180960, ndraw=40, logz=-9.64, remainder_fraction=85.3030%, Lmin=-7.83, Lmax=-0.62
21:14:15 [ultranest] [DEBUG] iteration=1173, ncalls=4940, regioncalls=181600, ndraw=40, logz=-9.64, remainder_fraction=85.8036%, Lmin=-7.82, Lmax=-0.62
21:14:15 [ultranest] [DEBUG] iteration=1175, ncalls=4947, regioncalls=181880, ndraw=40, logz=-9.64, remainder_fraction=85.7233%, Lmin=-7.82, Lmax=-0.62
21:14:15 [ultranest] [DEBUG] iteration=1177, ncalls=4959, regioncalls=182360, ndraw=40, logz=-9.64, remainder_fraction=85.7036%, Lmin=-7.81, Lmax=-0.62
21:14:16 [ultranest] [DEBUG] iteration=1180, ncalls=4970, regioncalls=182800, ndraw=40, logz=-9.64, remainder_fraction=85.6100%, Lmin=-7.80, Lmax=-0.62
21:14:16 [ultranest] [DEBUG] iteration=1181, ncalls=4995, regioncalls=183800, ndraw=40, logz=-9.63, remainder_fraction=85.5696%, Lmin=-7.80, Lmax=-0.62
21:14:16 [ultranest] [DEBUG] iteration=1183, ncalls=5017, regioncalls=184680, ndraw=40, logz=-9.63, remainder_fraction=85.4920%, Lmin=-7.79, Lmax=-0.62
21:14:16 [ultranest] [DEBUG] iteration=1184, ncalls=5031, regioncalls=185240, ndraw=40, logz=-9.63, remainder_fraction=85.4511%, Lmin=-7.79, Lmax=-0.62
21:14:16 [ultranest] [DEBUG] iteration=1186, ncalls=5047, regioncalls=185880, ndraw=40, logz=-9.63, remainder_fraction=85.6209%, Lmin=-7.79, Lmax=-0.62
21:14:17 [ultranest] [DEBUG] iteration=1190, ncalls=5056, regioncalls=186240, ndraw=40, logz=-9.63, remainder_fraction=85.4800%, Lmin=-7.79, Lmax=-0.62
21:14:17 [ultranest] [DEBUG] iteration=1192, ncalls=5072, regioncalls=186880, ndraw=40, logz=-9.63, remainder_fraction=85.3988%, Lmin=-7.79, Lmax=-0.62
21:14:17 [ultranest] [DEBUG] iteration=1194, ncalls=5081, regioncalls=187240, ndraw=40, logz=-9.62, remainder_fraction=85.3247%, Lmin=-7.78, Lmax=-0.62
21:14:17 [ultranest] [DEBUG] iteration=1197, ncalls=5100, regioncalls=188000, ndraw=40, logz=-9.62, remainder_fraction=85.2018%, Lmin=-7.78, Lmax=-0.62
21:14:17 [ultranest] [DEBUG] iteration=1199, ncalls=5113, regioncalls=188520, ndraw=40, logz=-9.62, remainder_fraction=85.1354%, Lmin=-7.78, Lmax=-0.62
21:14:17 [ultranest] [DEBUG] iteration=1200, ncalls=5134, regioncalls=189360, ndraw=40, logz=-9.62, remainder_fraction=85.0944%, Lmin=-7.77, Lmax=-0.62
21:14:18 [ultranest] [DEBUG] iteration=1202, ncalls=5153, regioncalls=190120, ndraw=40, logz=-9.62, remainder_fraction=85.0190%, Lmin=-7.77, Lmax=-0.62
21:14:18 [ultranest] [DEBUG] iteration=1206, ncalls=5184, regioncalls=191360, ndraw=40, logz=-9.61, remainder_fraction=84.8638%, Lmin=-7.77, Lmax=-0.62
21:14:18 [ultranest] [DEBUG] iteration=1208, ncalls=5193, regioncalls=191720, ndraw=40, logz=-9.61, remainder_fraction=84.7887%, Lmin=-7.77, Lmax=-0.62
21:14:18 [ultranest] [DEBUG] iteration=1210, ncalls=5203, regioncalls=192120, ndraw=40, logz=-9.61, remainder_fraction=84.7060%, Lmin=-7.76, Lmax=-0.62
21:14:18 [ultranest] [DEBUG] iteration=1211, ncalls=5214, regioncalls=192560, ndraw=40, logz=-9.61, remainder_fraction=84.6645%, Lmin=-7.76, Lmax=-0.62
21:14:19 [ultranest] [DEBUG] iteration=1214, ncalls=5224, regioncalls=192960, ndraw=40, logz=-9.61, remainder_fraction=84.8281%, Lmin=-7.76, Lmax=-0.62
21:14:19 [ultranest] [DEBUG] iteration=1216, ncalls=5247, regioncalls=193880, ndraw=40, logz=-9.61, remainder_fraction=84.7526%, Lmin=-7.75, Lmax=-0.62
21:14:19 [ultranest] [DEBUG] iteration=1218, ncalls=5256, regioncalls=194240, ndraw=40, logz=-9.61, remainder_fraction=84.6922%, Lmin=-7.75, Lmax=-0.62
21:14:19 [ultranest] [DEBUG] iteration=1220, ncalls=5276, regioncalls=195040, ndraw=40, logz=-9.60, remainder_fraction=84.6090%, Lmin=-7.75, Lmax=-0.62
21:14:19 [ultranest] [DEBUG] iteration=1222, ncalls=5292, regioncalls=195680, ndraw=40, logz=-9.60, remainder_fraction=84.5251%, Lmin=-7.74, Lmax=-0.62
21:14:19 [ultranest] [DEBUG] iteration=1223, ncalls=5302, regioncalls=196080, ndraw=40, logz=-9.60, remainder_fraction=84.4826%, Lmin=-7.74, Lmax=-0.62
21:14:20 [ultranest] [DEBUG] iteration=1225, ncalls=5328, regioncalls=197120, ndraw=40, logz=-9.60, remainder_fraction=84.3975%, Lmin=-7.74, Lmax=-0.62
21:14:20 [ultranest] [DEBUG] iteration=1228, ncalls=5339, regioncalls=197560, ndraw=40, logz=-9.60, remainder_fraction=84.2701%, Lmin=-7.74, Lmax=-0.62
21:14:20 [ultranest] [DEBUG] iteration=1230, ncalls=5350, regioncalls=198000, ndraw=40, logz=-9.60, remainder_fraction=84.1865%, Lmin=-7.73, Lmax=-0.62
21:14:20 [ultranest] [DEBUG] iteration=1232, ncalls=5359, regioncalls=198360, ndraw=40, logz=-9.60, remainder_fraction=84.1018%, Lmin=-7.73, Lmax=-0.62
21:14:20 [ultranest] [DEBUG] iteration=1235, ncalls=5370, regioncalls=198800, ndraw=40, logz=-9.59, remainder_fraction=83.9847%, Lmin=-7.72, Lmax=-0.62
21:14:20 [ultranest] [DEBUG] iteration=1236, ncalls=5383, regioncalls=199320, ndraw=40, logz=-9.59, remainder_fraction=83.9528%, Lmin=-7.72, Lmax=-0.62
21:14:21 [ultranest] [DEBUG] iteration=1238, ncalls=5402, regioncalls=200080, ndraw=40, logz=-9.59, remainder_fraction=83.9787%, Lmin=-7.72, Lmax=-0.62
21:14:21 [ultranest] [DEBUG] iteration=1239, ncalls=5419, regioncalls=200760, ndraw=40, logz=-9.59, remainder_fraction=84.0223%, Lmin=-7.72, Lmax=-0.62
21:14:21 [ultranest] [DEBUG] iteration=1240, ncalls=5431, regioncalls=201240, ndraw=40, logz=-9.59, remainder_fraction=83.9897%, Lmin=-7.72, Lmax=-0.62
21:14:21 [ultranest] [DEBUG] iteration=1243, ncalls=5441, regioncalls=201640, ndraw=40, logz=-9.59, remainder_fraction=83.8810%, Lmin=-7.71, Lmax=-0.62
21:14:21 [ultranest] [DEBUG] iteration=1244, ncalls=5457, regioncalls=202280, ndraw=40, logz=-9.59, remainder_fraction=83.8373%, Lmin=-7.71, Lmax=-0.62
21:14:22 [ultranest] [DEBUG] iteration=1245, ncalls=5472, regioncalls=202880, ndraw=40, logz=-9.59, remainder_fraction=83.7936%, Lmin=-7.71, Lmax=-0.62
21:14:22 [ultranest] [DEBUG] iteration=1248, ncalls=5483, regioncalls=203320, ndraw=40, logz=-9.58, remainder_fraction=83.6630%, Lmin=-7.70, Lmax=-0.62
21:14:22 [ultranest] [DEBUG] iteration=1250, ncalls=5504, regioncalls=204160, ndraw=40, logz=-9.58, remainder_fraction=83.5855%, Lmin=-7.70, Lmax=-0.62
21:14:22 [ultranest] [DEBUG] iteration=1251, ncalls=5521, regioncalls=204840, ndraw=40, logz=-9.58, remainder_fraction=83.5457%, Lmin=-7.70, Lmax=-0.62
21:14:22 [ultranest] [DEBUG] iteration=1253, ncalls=5530, regioncalls=205200, ndraw=40, logz=-9.58, remainder_fraction=83.4582%, Lmin=-7.70, Lmax=-0.62
21:14:22 [ultranest] [DEBUG] iteration=1256, ncalls=5539, regioncalls=205560, ndraw=40, logz=-9.58, remainder_fraction=83.3281%, Lmin=-7.69, Lmax=-0.62
21:14:23 [ultranest] [DEBUG] iteration=1257, ncalls=5561, regioncalls=206440, ndraw=40, logz=-9.58, remainder_fraction=83.2896%, Lmin=-7.69, Lmax=-0.62
21:14:23 [ultranest] [DEBUG] iteration=1258, ncalls=5577, regioncalls=207080, ndraw=40, logz=-9.58, remainder_fraction=83.2476%, Lmin=-7.69, Lmax=-0.62
21:14:23 [ultranest] [DEBUG] iteration=1259, ncalls=5586, regioncalls=207440, ndraw=40, logz=-9.58, remainder_fraction=83.2051%, Lmin=-7.69, Lmax=-0.62
21:14:23 [ultranest] [DEBUG] iteration=1261, ncalls=5596, regioncalls=207840, ndraw=40, logz=-9.57, remainder_fraction=83.1256%, Lmin=-7.69, Lmax=-0.62
21:14:23 [ultranest] [DEBUG] iteration=1266, ncalls=5612, regioncalls=208480, ndraw=40, logz=-9.57, remainder_fraction=82.9476%, Lmin=-7.68, Lmax=-0.62
21:14:24 [ultranest] [DEBUG] iteration=1268, ncalls=5641, regioncalls=209640, ndraw=40, logz=-9.57, remainder_fraction=82.8577%, Lmin=-7.68, Lmax=-0.62
21:14:24 [ultranest] [DEBUG] iteration=1269, ncalls=5650, regioncalls=210000, ndraw=40, logz=-9.57, remainder_fraction=82.8127%, Lmin=-7.68, Lmax=-0.62
21:14:24 [ultranest] [DEBUG] iteration=1273, ncalls=5696, regioncalls=211840, ndraw=40, logz=-9.57, remainder_fraction=82.6306%, Lmin=-7.67, Lmax=-0.62
21:14:24 [ultranest] [DEBUG] iteration=1275, ncalls=5710, regioncalls=212400, ndraw=40, logz=-9.56, remainder_fraction=82.5392%, Lmin=-7.67, Lmax=-0.62
21:14:25 [ultranest] [DEBUG] iteration=1276, ncalls=5728, regioncalls=213120, ndraw=40, logz=-9.56, remainder_fraction=82.4939%, Lmin=-7.67, Lmax=-0.62
21:14:25 [ultranest] [DEBUG] iteration=1277, ncalls=5744, regioncalls=213760, ndraw=40, logz=-9.56, remainder_fraction=82.4487%, Lmin=-7.66, Lmax=-0.62
21:14:25 [ultranest] [DEBUG] iteration=1279, ncalls=5756, regioncalls=214240, ndraw=40, logz=-9.56, remainder_fraction=82.3610%, Lmin=-7.66, Lmax=-0.62
21:14:25 [ultranest] [DEBUG] iteration=1280, ncalls=5768, regioncalls=214720, ndraw=40, logz=-9.56, remainder_fraction=82.3150%, Lmin=-7.66, Lmax=-0.62
21:14:26 [ultranest] [DEBUG] iteration=1282, ncalls=5817, regioncalls=216680, ndraw=40, logz=-9.56, remainder_fraction=82.2968%, Lmin=-7.66, Lmax=-0.62
21:14:26 [ultranest] [DEBUG] iteration=1283, ncalls=5832, regioncalls=217280, ndraw=40, logz=-9.56, remainder_fraction=82.2505%, Lmin=-7.66, Lmax=-0.62
21:14:26 [ultranest] [DEBUG] iteration=1285, ncalls=5848, regioncalls=217920, ndraw=40, logz=-9.56, remainder_fraction=82.1675%, Lmin=-7.65, Lmax=-0.62
21:14:26 [ultranest] [DEBUG] iteration=1288, ncalls=5859, regioncalls=218360, ndraw=40, logz=-9.56, remainder_fraction=82.1943%, Lmin=-7.65, Lmax=-0.62
21:14:26 [ultranest] [DEBUG] iteration=1292, ncalls=5868, regioncalls=218720, ndraw=40, logz=-9.55, remainder_fraction=82.2628%, Lmin=-7.64, Lmax=-0.62
21:14:26 [ultranest] [DEBUG] iteration=1293, ncalls=5883, regioncalls=219320, ndraw=40, logz=-9.55, remainder_fraction=82.2176%, Lmin=-7.64, Lmax=-0.62
21:14:27 [ultranest] [DEBUG] iteration=1295, ncalls=5900, regioncalls=220000, ndraw=40, logz=-9.55, remainder_fraction=82.1570%, Lmin=-7.64, Lmax=-0.62
21:14:27 [ultranest] [DEBUG] iteration=1296, ncalls=5918, regioncalls=220720, ndraw=40, logz=-9.55, remainder_fraction=82.1122%, Lmin=-7.64, Lmax=-0.62
21:14:27 [ultranest] [DEBUG] iteration=1297, ncalls=5932, regioncalls=221280, ndraw=40, logz=-9.55, remainder_fraction=82.0661%, Lmin=-7.64, Lmax=-0.62
21:14:27 [ultranest] [DEBUG] iteration=1298, ncalls=5967, regioncalls=222680, ndraw=40, logz=-9.55, remainder_fraction=82.0201%, Lmin=-7.64, Lmax=-0.62
21:14:27 [ultranest] [DEBUG] iteration=1300, ncalls=5981, regioncalls=223240, ndraw=40, logz=-9.55, remainder_fraction=81.9399%, Lmin=-7.63, Lmax=-0.62
21:14:28 [ultranest] [DEBUG] iteration=1302, ncalls=5994, regioncalls=223760, ndraw=40, logz=-9.55, remainder_fraction=81.8524%, Lmin=-7.63, Lmax=-0.62
21:14:28 [ultranest] [DEBUG] iteration=1304, ncalls=6008, regioncalls=224320, ndraw=40, logz=-9.54, remainder_fraction=81.7701%, Lmin=-7.63, Lmax=-0.62
21:14:28 [ultranest] [DEBUG] iteration=1306, ncalls=6021, regioncalls=224840, ndraw=40, logz=-9.54, remainder_fraction=81.6770%, Lmin=-7.62, Lmax=-0.62
21:14:28 [ultranest] [DEBUG] iteration=1307, ncalls=6041, regioncalls=225640, ndraw=40, logz=-9.54, remainder_fraction=81.6300%, Lmin=-7.62, Lmax=-0.62
21:14:28 [ultranest] [DEBUG] iteration=1310, ncalls=6055, regioncalls=226200, ndraw=40, logz=-9.54, remainder_fraction=81.4907%, Lmin=-7.62, Lmax=-0.62
21:14:28 [ultranest] [DEBUG] iteration=1312, ncalls=6075, regioncalls=227000, ndraw=40, logz=-9.54, remainder_fraction=81.3965%, Lmin=-7.62, Lmax=-0.62
21:14:29 [ultranest] [DEBUG] iteration=1314, ncalls=6086, regioncalls=227440, ndraw=40, logz=-9.54, remainder_fraction=81.3036%, Lmin=-7.61, Lmax=-0.62
21:14:29 [ultranest] [DEBUG] iteration=1318, ncalls=6100, regioncalls=228000, ndraw=40, logz=-9.54, remainder_fraction=81.1168%, Lmin=-7.61, Lmax=-0.62
21:14:29 [ultranest] [DEBUG] iteration=1319, ncalls=6124, regioncalls=228960, ndraw=40, logz=-9.54, remainder_fraction=81.0877%, Lmin=-7.61, Lmax=-0.62
21:14:29 [ultranest] [DEBUG] iteration=1320, ncalls=6140, regioncalls=229600, ndraw=40, logz=-9.53, remainder_fraction=81.0406%, Lmin=-7.61, Lmax=-0.62
21:14:29 [ultranest] [DEBUG] iteration=1321, ncalls=6150, regioncalls=230000, ndraw=40, logz=-9.53, remainder_fraction=80.9928%, Lmin=-7.61, Lmax=-0.62
21:14:29 [ultranest] [DEBUG] iteration=1323, ncalls=6160, regioncalls=230400, ndraw=40, logz=-9.53, remainder_fraction=80.8975%, Lmin=-7.60, Lmax=-0.62
21:14:30 [ultranest] [DEBUG] iteration=1324, ncalls=6170, regioncalls=230800, ndraw=40, logz=-9.53, remainder_fraction=80.8493%, Lmin=-7.60, Lmax=-0.62
21:14:30 [ultranest] [DEBUG] iteration=1325, ncalls=6179, regioncalls=231160, ndraw=40, logz=-9.53, remainder_fraction=80.8022%, Lmin=-7.60, Lmax=-0.62
21:14:30 [ultranest] [DEBUG] iteration=1326, ncalls=6196, regioncalls=231840, ndraw=40, logz=-9.53, remainder_fraction=80.7639%, Lmin=-7.60, Lmax=-0.62
21:14:30 [ultranest] [DEBUG] iteration=1327, ncalls=6206, regioncalls=232240, ndraw=40, logz=-9.53, remainder_fraction=80.7153%, Lmin=-7.60, Lmax=-0.62
21:14:30 [ultranest] [DEBUG] iteration=1329, ncalls=6256, regioncalls=234240, ndraw=40, logz=-9.53, remainder_fraction=80.6190%, Lmin=-7.59, Lmax=-0.62
21:14:31 [ultranest] [DEBUG] iteration=1331, ncalls=6269, regioncalls=234760, ndraw=40, logz=-9.53, remainder_fraction=80.5237%, Lmin=-7.59, Lmax=-0.62
21:14:31 [ultranest] [DEBUG] iteration=1333, ncalls=6287, regioncalls=235480, ndraw=40, logz=-9.53, remainder_fraction=80.4379%, Lmin=-7.59, Lmax=-0.62
21:14:31 [ultranest] [DEBUG] iteration=1334, ncalls=6301, regioncalls=236040, ndraw=40, logz=-9.53, remainder_fraction=80.3893%, Lmin=-7.59, Lmax=-0.62
21:14:31 [ultranest] [DEBUG] iteration=1338, ncalls=6319, regioncalls=236760, ndraw=40, logz=-9.52, remainder_fraction=80.2049%, Lmin=-7.58, Lmax=-0.62
21:14:31 [ultranest] [DEBUG] iteration=1340, ncalls=6336, regioncalls=237440, ndraw=40, logz=-9.52, remainder_fraction=80.1068%, Lmin=-7.58, Lmax=-0.62
21:14:31 [ultranest] [DEBUG] iteration=1341, ncalls=6349, regioncalls=237960, ndraw=40, logz=-9.52, remainder_fraction=80.0575%, Lmin=-7.58, Lmax=-0.62
21:14:32 [ultranest] [DEBUG] iteration=1343, ncalls=6376, regioncalls=239040, ndraw=40, logz=-9.52, remainder_fraction=80.2454%, Lmin=-7.58, Lmax=-0.62
21:14:32 [ultranest] [DEBUG] iteration=1346, ncalls=6424, regioncalls=240960, ndraw=40, logz=-9.52, remainder_fraction=80.1130%, Lmin=-7.57, Lmax=-0.62
21:14:32 [ultranest] [DEBUG] iteration=1349, ncalls=6435, regioncalls=241400, ndraw=40, logz=-9.52, remainder_fraction=79.9689%, Lmin=-7.57, Lmax=-0.62
21:14:32 [ultranest] [DEBUG] iteration=1350, ncalls=6440, regioncalls=241600, ndraw=40, logz=-9.52, remainder_fraction=79.9202%, Lmin=-7.56, Lmax=-0.62
21:14:33 [ultranest] [DEBUG] iteration=1351, ncalls=6465, regioncalls=242600, ndraw=40, logz=-9.52, remainder_fraction=79.8708%, Lmin=-7.56, Lmax=-0.62
21:14:33 [ultranest] [DEBUG] iteration=1352, ncalls=6490, regioncalls=243600, ndraw=40, logz=-9.52, remainder_fraction=79.8211%, Lmin=-7.56, Lmax=-0.62
21:14:33 [ultranest] [DEBUG] iteration=1354, ncalls=6504, regioncalls=244160, ndraw=40, logz=-9.51, remainder_fraction=79.7234%, Lmin=-7.55, Lmax=-0.62
21:14:33 [ultranest] [DEBUG] iteration=1356, ncalls=6521, regioncalls=244840, ndraw=40, logz=-9.51, remainder_fraction=79.6347%, Lmin=-7.55, Lmax=-0.62
21:14:33 [ultranest] [DEBUG] iteration=1359, ncalls=6533, regioncalls=245320, ndraw=40, logz=-9.51, remainder_fraction=79.4849%, Lmin=-7.55, Lmax=-0.62
21:14:33 [ultranest] [DEBUG] iteration=1360, ncalls=6536, regioncalls=245440, ndraw=40, logz=-9.51, remainder_fraction=79.4350%, Lmin=-7.55, Lmax=-0.62
21:14:34 [ultranest] [DEBUG] iteration=1362, ncalls=6546, regioncalls=245840, ndraw=40, logz=-9.51, remainder_fraction=79.3372%, Lmin=-7.55, Lmax=-0.62
21:14:34 [ultranest] [DEBUG] iteration=1364, ncalls=6571, regioncalls=246840, ndraw=40, logz=-9.51, remainder_fraction=79.2432%, Lmin=-7.55, Lmax=-0.62
21:14:34 [ultranest] [DEBUG] iteration=1365, ncalls=6591, regioncalls=247640, ndraw=40, logz=-9.51, remainder_fraction=79.1928%, Lmin=-7.55, Lmax=-0.62
21:14:34 [ultranest] [DEBUG] iteration=1368, ncalls=6603, regioncalls=248120, ndraw=40, logz=-9.51, remainder_fraction=79.0542%, Lmin=-7.54, Lmax=-0.62
21:14:34 [ultranest] [DEBUG] iteration=1370, ncalls=6621, regioncalls=248840, ndraw=40, logz=-9.50, remainder_fraction=78.9548%, Lmin=-7.54, Lmax=-0.62
21:14:35 [ultranest] [DEBUG] iteration=1371, ncalls=6632, regioncalls=249280, ndraw=40, logz=-9.50, remainder_fraction=78.9038%, Lmin=-7.54, Lmax=-0.62
21:14:35 [ultranest] [DEBUG] iteration=1374, ncalls=6642, regioncalls=249680, ndraw=40, logz=-9.50, remainder_fraction=78.7620%, Lmin=-7.53, Lmax=-0.62
21:14:35 [ultranest] [DEBUG] iteration=1375, ncalls=6657, regioncalls=250280, ndraw=40, logz=-9.50, remainder_fraction=78.7113%, Lmin=-7.53, Lmax=-0.62
21:14:35 [ultranest] [DEBUG] iteration=1377, ncalls=6681, regioncalls=251240, ndraw=40, logz=-9.50, remainder_fraction=78.6167%, Lmin=-7.52, Lmax=-0.62
21:14:35 [ultranest] [DEBUG] iteration=1380, ncalls=6704, regioncalls=252160, ndraw=40, logz=-9.50, remainder_fraction=78.5048%, Lmin=-7.52, Lmax=-0.62
21:14:36 [ultranest] [DEBUG] iteration=1382, ncalls=6720, regioncalls=252800, ndraw=40, logz=-9.50, remainder_fraction=78.4026%, Lmin=-7.52, Lmax=-0.62
21:14:36 [ultranest] [DEBUG] iteration=1384, ncalls=6730, regioncalls=253200, ndraw=40, logz=-9.50, remainder_fraction=78.2989%, Lmin=-7.52, Lmax=-0.62
21:14:36 [ultranest] [DEBUG] iteration=1385, ncalls=6747, regioncalls=253880, ndraw=40, logz=-9.50, remainder_fraction=78.2585%, Lmin=-7.51, Lmax=-0.62
21:14:36 [ultranest] [DEBUG] iteration=1386, ncalls=6769, regioncalls=254760, ndraw=40, logz=-9.50, remainder_fraction=78.2069%, Lmin=-7.51, Lmax=-0.62
21:14:36 [ultranest] [DEBUG] iteration=1388, ncalls=6778, regioncalls=255120, ndraw=40, logz=-9.49, remainder_fraction=78.1380%, Lmin=-7.51, Lmax=-0.62
21:14:36 [ultranest] [DEBUG] iteration=1390, ncalls=6797, regioncalls=255880, ndraw=40, logz=-9.49, remainder_fraction=78.0565%, Lmin=-7.51, Lmax=-0.62
21:14:37 [ultranest] [DEBUG] iteration=1392, ncalls=6819, regioncalls=256760, ndraw=40, logz=-9.49, remainder_fraction=77.9547%, Lmin=-7.51, Lmax=-0.62
21:14:37 [ultranest] [DEBUG] iteration=1395, ncalls=6834, regioncalls=257360, ndraw=40, logz=-9.49, remainder_fraction=77.7994%, Lmin=-7.51, Lmax=-0.62
21:14:37 [ultranest] [DEBUG] iteration=1396, ncalls=6844, regioncalls=257760, ndraw=40, logz=-9.49, remainder_fraction=77.7502%, Lmin=-7.50, Lmax=-0.62
21:14:37 [ultranest] [DEBUG] iteration=1397, ncalls=6857, regioncalls=258280, ndraw=40, logz=-9.49, remainder_fraction=77.7142%, Lmin=-7.50, Lmax=-0.62
21:14:37 [ultranest] [DEBUG] iteration=1399, ncalls=6870, regioncalls=258800, ndraw=40, logz=-9.49, remainder_fraction=77.6955%, Lmin=-7.50, Lmax=-0.62
21:14:37 [ultranest] [DEBUG] iteration=1400, ncalls=6878, regioncalls=259120, ndraw=40, logz=-9.49, remainder_fraction=77.6634%, Lmin=-7.50, Lmax=-0.62
21:14:37 [ultranest] [DEBUG] iteration=1401, ncalls=6888, regioncalls=259520, ndraw=40, logz=-9.49, remainder_fraction=77.6105%, Lmin=-7.50, Lmax=-0.53
21:14:38 [ultranest] [DEBUG] iteration=1403, ncalls=6921, regioncalls=260840, ndraw=40, logz=-9.49, remainder_fraction=80.1213%, Lmin=-7.49, Lmax=-0.53
21:14:38 [ultranest] [DEBUG] iteration=1406, ncalls=6934, regioncalls=261360, ndraw=40, logz=-9.48, remainder_fraction=79.9880%, Lmin=-7.48, Lmax=-0.53
21:14:38 [ultranest] [DEBUG] iteration=1408, ncalls=6947, regioncalls=261880, ndraw=40, logz=-9.48, remainder_fraction=79.9010%, Lmin=-7.48, Lmax=-0.53
21:14:38 [ultranest] [DEBUG] iteration=1409, ncalls=6964, regioncalls=262560, ndraw=40, logz=-9.48, remainder_fraction=79.8526%, Lmin=-7.48, Lmax=-0.53
21:14:38 [ultranest] [DEBUG] iteration=1410, ncalls=6978, regioncalls=263120, ndraw=40, logz=-9.48, remainder_fraction=79.8100%, Lmin=-7.48, Lmax=-0.53
21:14:38 [ultranest] [DEBUG] iteration=1411, ncalls=6995, regioncalls=263800, ndraw=40, logz=-9.48, remainder_fraction=79.7616%, Lmin=-7.48, Lmax=-0.53
21:14:39 [ultranest] [DEBUG] iteration=1412, ncalls=7013, regioncalls=264520, ndraw=40, logz=-9.48, remainder_fraction=79.7172%, Lmin=-7.47, Lmax=-0.53
21:14:39 [ultranest] [DEBUG] iteration=1414, ncalls=7022, regioncalls=264880, ndraw=40, logz=-9.48, remainder_fraction=79.6195%, Lmin=-7.46, Lmax=-0.53
21:14:39 [ultranest] [DEBUG] iteration=1416, ncalls=7045, regioncalls=265800, ndraw=40, logz=-9.48, remainder_fraction=79.5209%, Lmin=-7.46, Lmax=-0.53
21:14:39 [ultranest] [DEBUG] iteration=1417, ncalls=7062, regioncalls=266480, ndraw=40, logz=-9.48, remainder_fraction=79.4744%, Lmin=-7.46, Lmax=-0.53
21:14:39 [ultranest] [DEBUG] iteration=1419, ncalls=7082, regioncalls=267280, ndraw=40, logz=-9.48, remainder_fraction=79.3992%, Lmin=-7.46, Lmax=-0.53
21:14:40 [ultranest] [DEBUG] iteration=1421, ncalls=7092, regioncalls=267680, ndraw=40, logz=-9.48, remainder_fraction=79.3194%, Lmin=-7.46, Lmax=-0.53
21:14:40 [ultranest] [DEBUG] iteration=1424, ncalls=7104, regioncalls=268160, ndraw=40, logz=-9.47, remainder_fraction=79.1720%, Lmin=-7.45, Lmax=-0.53
21:14:40 [ultranest] [DEBUG] iteration=1425, ncalls=7116, regioncalls=268640, ndraw=40, logz=-9.47, remainder_fraction=79.1257%, Lmin=-7.45, Lmax=-0.53
21:14:40 [ultranest] [DEBUG] iteration=1426, ncalls=7132, regioncalls=269280, ndraw=40, logz=-9.47, remainder_fraction=79.0769%, Lmin=-7.45, Lmax=-0.53
21:14:40 [ultranest] [DEBUG] iteration=1428, ncalls=7145, regioncalls=269800, ndraw=40, logz=-9.47, remainder_fraction=78.9925%, Lmin=-7.45, Lmax=-0.53
21:14:40 [ultranest] [DEBUG] iteration=1430, ncalls=7167, regioncalls=270680, ndraw=40, logz=-9.47, remainder_fraction=78.8923%, Lmin=-7.45, Lmax=-0.53
21:14:40 [ultranest] [DEBUG] iteration=1431, ncalls=7178, regioncalls=271120, ndraw=40, logz=-9.47, remainder_fraction=78.8429%, Lmin=-7.45, Lmax=-0.53
21:14:41 [ultranest] [DEBUG] iteration=1433, ncalls=7189, regioncalls=271560, ndraw=40, logz=-9.47, remainder_fraction=78.7575%, Lmin=-7.44, Lmax=-0.53
21:14:41 [ultranest] [DEBUG] iteration=1434, ncalls=7199, regioncalls=271960, ndraw=40, logz=-9.47, remainder_fraction=78.7240%, Lmin=-7.44, Lmax=-0.53
21:14:41 [ultranest] [DEBUG] iteration=1435, ncalls=7215, regioncalls=272600, ndraw=40, logz=-9.47, remainder_fraction=78.6739%, Lmin=-7.44, Lmax=-0.53
21:14:41 [ultranest] [DEBUG] iteration=1436, ncalls=7237, regioncalls=273480, ndraw=40, logz=-9.47, remainder_fraction=78.6237%, Lmin=-7.44, Lmax=-0.53
21:14:41 [ultranest] [DEBUG] iteration=1439, ncalls=7250, regioncalls=274000, ndraw=40, logz=-9.47, remainder_fraction=78.4856%, Lmin=-7.44, Lmax=-0.53
21:14:41 [ultranest] [DEBUG] iteration=1440, ncalls=7266, regioncalls=274640, ndraw=40, logz=-9.47, remainder_fraction=78.4353%, Lmin=-7.44, Lmax=-0.53
21:14:42 [ultranest] [DEBUG] iteration=1441, ncalls=7290, regioncalls=275600, ndraw=40, logz=-9.47, remainder_fraction=78.3984%, Lmin=-7.43, Lmax=-0.53
21:14:42 [ultranest] [DEBUG] iteration=1442, ncalls=7316, regioncalls=276640, ndraw=40, logz=-9.46, remainder_fraction=78.3544%, Lmin=-7.43, Lmax=-0.53
21:14:42 [ultranest] [DEBUG] iteration=1444, ncalls=7331, regioncalls=277240, ndraw=40, logz=-9.46, remainder_fraction=78.2850%, Lmin=-7.42, Lmax=-0.53
21:14:42 [ultranest] [DEBUG] iteration=1446, ncalls=7352, regioncalls=278080, ndraw=40, logz=-9.46, remainder_fraction=78.1848%, Lmin=-7.42, Lmax=-0.53
21:14:43 [ultranest] [DEBUG] iteration=1447, ncalls=7362, regioncalls=278480, ndraw=40, logz=-9.46, remainder_fraction=78.1341%, Lmin=-7.42, Lmax=-0.53
21:14:43 [ultranest] [DEBUG] iteration=1449, ncalls=7371, regioncalls=278840, ndraw=40, logz=-9.46, remainder_fraction=78.0371%, Lmin=-7.42, Lmax=-0.53
21:14:43 [ultranest] [DEBUG] iteration=1452, ncalls=7382, regioncalls=279280, ndraw=40, logz=-9.46, remainder_fraction=77.8953%, Lmin=-7.41, Lmax=-0.53
21:14:43 [ultranest] [DEBUG] iteration=1454, ncalls=7395, regioncalls=279800, ndraw=40, logz=-9.46, remainder_fraction=77.7928%, Lmin=-7.41, Lmax=-0.53
21:14:43 [ultranest] [DEBUG] iteration=1456, ncalls=7405, regioncalls=280200, ndraw=40, logz=-9.46, remainder_fraction=77.6918%, Lmin=-7.41, Lmax=-0.53
21:14:43 [ultranest] [DEBUG] iteration=1458, ncalls=7418, regioncalls=280720, ndraw=40, logz=-9.46, remainder_fraction=77.5891%, Lmin=-7.41, Lmax=-0.53
21:14:43 [ultranest] [DEBUG] iteration=1460, ncalls=7442, regioncalls=281680, ndraw=40, logz=-9.46, remainder_fraction=77.5265%, Lmin=-7.41, Lmax=-0.53
21:14:44 [ultranest] [DEBUG] iteration=1461, ncalls=7460, regioncalls=282400, ndraw=40, logz=-9.46, remainder_fraction=77.4745%, Lmin=-7.41, Lmax=-0.53
21:14:44 [ultranest] [DEBUG] iteration=1462, ncalls=7480, regioncalls=283200, ndraw=40, logz=-9.45, remainder_fraction=77.4221%, Lmin=-7.41, Lmax=-0.53
21:14:44 [ultranest] [DEBUG] iteration=1463, ncalls=7513, regioncalls=284520, ndraw=40, logz=-9.45, remainder_fraction=77.3698%, Lmin=-7.41, Lmax=-0.53
21:14:44 [ultranest] [DEBUG] iteration=1466, ncalls=7526, regioncalls=285040, ndraw=40, logz=-9.45, remainder_fraction=77.2281%, Lmin=-7.41, Lmax=-0.53
21:14:45 [ultranest] [DEBUG] iteration=1468, ncalls=7573, regioncalls=286920, ndraw=40, logz=-9.45, remainder_fraction=77.1313%, Lmin=-7.40, Lmax=-0.53
21:14:45 [ultranest] [DEBUG] iteration=1470, ncalls=7590, regioncalls=287600, ndraw=40, logz=-9.45, remainder_fraction=77.6137%, Lmin=-7.40, Lmax=-0.53
21:14:45 [ultranest] [DEBUG] iteration=1472, ncalls=7617, regioncalls=288680, ndraw=40, logz=-9.45, remainder_fraction=77.6217%, Lmin=-7.40, Lmax=-0.53
21:14:45 [ultranest] [DEBUG] iteration=1473, ncalls=7634, regioncalls=289360, ndraw=40, logz=-9.45, remainder_fraction=77.5717%, Lmin=-7.40, Lmax=-0.53
21:14:46 [ultranest] [DEBUG] iteration=1475, ncalls=7666, regioncalls=290640, ndraw=40, logz=-9.45, remainder_fraction=77.8737%, Lmin=-7.39, Lmax=-0.53
21:14:46 [ultranest] [DEBUG] iteration=1476, ncalls=7694, regioncalls=291760, ndraw=40, logz=-9.45, remainder_fraction=77.8255%, Lmin=-7.39, Lmax=-0.53
21:14:46 [ultranest] [DEBUG] iteration=1478, ncalls=7714, regioncalls=292560, ndraw=40, logz=-9.45, remainder_fraction=77.7243%, Lmin=-7.39, Lmax=-0.53
21:14:46 [ultranest] [DEBUG] iteration=1480, ncalls=7730, regioncalls=293200, ndraw=40, logz=-9.45, remainder_fraction=77.6290%, Lmin=-7.38, Lmax=-0.53
21:14:47 [ultranest] [DEBUG] iteration=1482, ncalls=7753, regioncalls=294120, ndraw=40, logz=-9.44, remainder_fraction=77.6110%, Lmin=-7.38, Lmax=-0.53
21:14:47 [ultranest] [DEBUG] iteration=1483, ncalls=7768, regioncalls=294720, ndraw=40, logz=-9.44, remainder_fraction=77.5782%, Lmin=-7.38, Lmax=-0.53
21:14:47 [ultranest] [DEBUG] iteration=1484, ncalls=7792, regioncalls=295680, ndraw=40, logz=-9.44, remainder_fraction=77.5269%, Lmin=-7.38, Lmax=-0.53
21:14:47 [ultranest] [DEBUG] iteration=1486, ncalls=7819, regioncalls=296760, ndraw=40, logz=-9.44, remainder_fraction=77.4286%, Lmin=-7.38, Lmax=-0.53
21:14:48 [ultranest] [DEBUG] iteration=1487, ncalls=7832, regioncalls=297280, ndraw=40, logz=-9.44, remainder_fraction=77.3791%, Lmin=-7.38, Lmax=-0.53
21:14:48 [ultranest] [DEBUG] iteration=1489, ncalls=7845, regioncalls=297800, ndraw=40, logz=-9.44, remainder_fraction=77.3042%, Lmin=-7.37, Lmax=-0.53
21:14:48 [ultranest] [DEBUG] iteration=1491, ncalls=7864, regioncalls=298560, ndraw=40, logz=-9.44, remainder_fraction=77.2010%, Lmin=-7.37, Lmax=-0.53
21:14:48 [ultranest] [DEBUG] iteration=1492, ncalls=7889, regioncalls=299560, ndraw=40, logz=-9.44, remainder_fraction=77.1487%, Lmin=-7.37, Lmax=-0.53
21:14:48 [ultranest] [DEBUG] iteration=1493, ncalls=7909, regioncalls=300360, ndraw=40, logz=-9.44, remainder_fraction=77.0975%, Lmin=-7.37, Lmax=-0.53
21:14:49 [ultranest] [DEBUG] iteration=1495, ncalls=7961, regioncalls=302440, ndraw=40, logz=-9.44, remainder_fraction=76.9933%, Lmin=-7.37, Lmax=-0.53
21:14:49 [ultranest] [DEBUG] iteration=1497, ncalls=7989, regioncalls=303560, ndraw=40, logz=-9.44, remainder_fraction=76.8897%, Lmin=-7.36, Lmax=-0.53
21:14:49 [ultranest] [DEBUG] iteration=1499, ncalls=8011, regioncalls=304440, ndraw=40, logz=-9.44, remainder_fraction=76.8099%, Lmin=-7.36, Lmax=-0.53
21:14:50 [ultranest] [DEBUG] iteration=1502, ncalls=8049, regioncalls=305960, ndraw=40, logz=-9.44, remainder_fraction=76.6562%, Lmin=-7.36, Lmax=-0.53
21:14:50 [ultranest] [DEBUG] iteration=1504, ncalls=8062, regioncalls=306480, ndraw=40, logz=-9.43, remainder_fraction=76.5523%, Lmin=-7.36, Lmax=-0.53
21:14:50 [ultranest] [DEBUG] iteration=1505, ncalls=8075, regioncalls=307000, ndraw=40, logz=-9.43, remainder_fraction=76.4994%, Lmin=-7.35, Lmax=-0.53
21:14:50 [ultranest] [DEBUG] iteration=1507, ncalls=8093, regioncalls=307720, ndraw=40, logz=-9.43, remainder_fraction=77.0252%, Lmin=-7.35, Lmax=-0.53
21:14:51 [ultranest] [DEBUG] iteration=1510, ncalls=8125, regioncalls=309000, ndraw=40, logz=-9.43, remainder_fraction=76.8843%, Lmin=-7.35, Lmax=-0.53
21:14:51 [ultranest] [DEBUG] iteration=1511, ncalls=8179, regioncalls=311160, ndraw=40, logz=-9.43, remainder_fraction=76.8425%, Lmin=-7.35, Lmax=-0.53
21:14:51 [ultranest] [DEBUG] iteration=1512, ncalls=8202, regioncalls=312080, ndraw=40, logz=-9.43, remainder_fraction=76.7925%, Lmin=-7.35, Lmax=-0.53
21:14:52 [ultranest] [DEBUG] iteration=1514, ncalls=8224, regioncalls=312960, ndraw=40, logz=-9.43, remainder_fraction=76.6919%, Lmin=-7.34, Lmax=-0.53
21:14:52 [ultranest] [DEBUG] iteration=1516, ncalls=8236, regioncalls=313440, ndraw=40, logz=-9.43, remainder_fraction=76.5951%, Lmin=-7.33, Lmax=-0.53
21:14:52 [ultranest] [DEBUG] iteration=1518, ncalls=8263, regioncalls=314520, ndraw=40, logz=-9.43, remainder_fraction=76.5012%, Lmin=-7.33, Lmax=-0.53
21:14:52 [ultranest] [DEBUG] iteration=1520, ncalls=8267, regioncalls=314680, ndraw=40, logz=-9.43, remainder_fraction=76.4078%, Lmin=-7.33, Lmax=-0.53
21:14:53 [ultranest] [DEBUG] iteration=1524, ncalls=8304, regioncalls=316160, ndraw=40, logz=-9.43, remainder_fraction=76.4607%, Lmin=-7.33, Lmax=-0.53
21:14:53 [ultranest] [DEBUG] iteration=1525, ncalls=8338, regioncalls=317520, ndraw=40, logz=-9.42, remainder_fraction=76.5928%, Lmin=-7.33, Lmax=-0.53
21:14:53 [ultranest] [DEBUG] iteration=1526, ncalls=8372, regioncalls=318880, ndraw=40, logz=-9.42, remainder_fraction=76.5406%, Lmin=-7.32, Lmax=-0.53
21:14:53 [ultranest] [DEBUG] iteration=1527, ncalls=8388, regioncalls=319520, ndraw=40, logz=-9.42, remainder_fraction=76.4880%, Lmin=-7.32, Lmax=-0.53
21:14:54 [ultranest] [DEBUG] iteration=1529, ncalls=8400, regioncalls=320000, ndraw=40, logz=-9.42, remainder_fraction=76.4067%, Lmin=-7.32, Lmax=-0.53
21:14:54 [ultranest] [DEBUG] iteration=1530, ncalls=8433, regioncalls=321320, ndraw=40, logz=-9.42, remainder_fraction=76.3766%, Lmin=-7.32, Lmax=-0.53
21:14:54 [ultranest] [DEBUG] iteration=1532, ncalls=8465, regioncalls=322600, ndraw=40, logz=-9.42, remainder_fraction=76.2871%, Lmin=-7.32, Lmax=-0.53
21:14:54 [ultranest] [DEBUG] iteration=1533, ncalls=8476, regioncalls=323040, ndraw=40, logz=-9.42, remainder_fraction=77.0625%, Lmin=-7.31, Lmax=-0.53
21:14:55 [ultranest] [DEBUG] iteration=1534, ncalls=8491, regioncalls=323640, ndraw=40, logz=-9.42, remainder_fraction=77.0126%, Lmin=-7.31, Lmax=-0.53
21:14:55 [ultranest] [DEBUG] iteration=1535, ncalls=8515, regioncalls=324600, ndraw=40, logz=-9.42, remainder_fraction=76.9634%, Lmin=-7.31, Lmax=-0.53
21:14:55 [ultranest] [DEBUG] iteration=1536, ncalls=8526, regioncalls=325040, ndraw=40, logz=-9.42, remainder_fraction=76.9254%, Lmin=-7.30, Lmax=-0.53
21:14:55 [ultranest] [DEBUG] iteration=1537, ncalls=8567, regioncalls=326680, ndraw=40, logz=-9.42, remainder_fraction=76.8733%, Lmin=-7.30, Lmax=-0.53
21:14:56 [ultranest] [DEBUG] iteration=1538, ncalls=8590, regioncalls=327600, ndraw=40, logz=-9.42, remainder_fraction=76.8315%, Lmin=-7.30, Lmax=-0.53
21:14:56 [ultranest] [DEBUG] iteration=1540, ncalls=8609, regioncalls=328360, ndraw=40, logz=-9.42, remainder_fraction=76.8423%, Lmin=-7.29, Lmax=-0.53
21:14:56 [ultranest] [DEBUG] iteration=1541, ncalls=8619, regioncalls=328760, ndraw=40, logz=-9.42, remainder_fraction=76.9179%, Lmin=-7.29, Lmax=-0.53
21:14:56 [ultranest] [DEBUG] iteration=1542, ncalls=8651, regioncalls=330040, ndraw=40, logz=-9.42, remainder_fraction=76.9139%, Lmin=-7.28, Lmax=-0.53
21:14:57 [ultranest] [DEBUG] iteration=1543, ncalls=8671, regioncalls=330840, ndraw=40, logz=-9.42, remainder_fraction=76.8810%, Lmin=-7.28, Lmax=-0.53
21:14:57 [ultranest] [DEBUG] iteration=1545, ncalls=8681, regioncalls=331240, ndraw=40, logz=-9.42, remainder_fraction=76.7982%, Lmin=-7.28, Lmax=-0.53
21:14:57 [ultranest] [DEBUG] iteration=1546, ncalls=8728, regioncalls=333120, ndraw=40, logz=-9.42, remainder_fraction=76.7470%, Lmin=-7.28, Lmax=-0.53
21:14:58 [ultranest] [DEBUG] iteration=1548, ncalls=8765, regioncalls=334600, ndraw=40, logz=-9.41, remainder_fraction=76.6565%, Lmin=-7.27, Lmax=-0.53
21:14:58 [ultranest] [DEBUG] iteration=1550, ncalls=8821, regioncalls=336840, ndraw=40, logz=-9.41, remainder_fraction=76.5610%, Lmin=-7.27, Lmax=-0.53
21:14:58 [ultranest] [DEBUG] iteration=1552, ncalls=8844, regioncalls=337760, ndraw=40, logz=-9.41, remainder_fraction=76.4557%, Lmin=-7.27, Lmax=-0.53
21:14:59 [ultranest] [DEBUG] iteration=1553, ncalls=8889, regioncalls=339560, ndraw=40, logz=-9.41, remainder_fraction=76.4032%, Lmin=-7.26, Lmax=-0.53
21:14:59 [ultranest] [DEBUG] iteration=1554, ncalls=8902, regioncalls=340080, ndraw=40, logz=-9.41, remainder_fraction=76.3504%, Lmin=-7.26, Lmax=-0.53
21:14:59 [ultranest] [DEBUG] iteration=1555, ncalls=8926, regioncalls=341040, ndraw=40, logz=-9.41, remainder_fraction=76.2991%, Lmin=-7.26, Lmax=-0.53
21:15:00 [ultranest] [DEBUG] iteration=1556, ncalls=8965, regioncalls=342600, ndraw=40, logz=-9.41, remainder_fraction=76.2462%, Lmin=-7.26, Lmax=-0.53
21:15:00 [ultranest] [DEBUG] iteration=1559, ncalls=8978, regioncalls=343120, ndraw=40, logz=-9.41, remainder_fraction=76.0895%, Lmin=-7.25, Lmax=-0.53
21:15:00 [ultranest] [DEBUG] iteration=1560, ncalls=8988, regioncalls=343520, ndraw=40, logz=-9.41, remainder_fraction=76.0847%, Lmin=-7.25, Lmax=-0.53
21:15:00 [ultranest] [DEBUG] iteration=1561, ncalls=9013, regioncalls=344520, ndraw=40, logz=-9.41, remainder_fraction=76.0346%, Lmin=-7.25, Lmax=-0.53
21:15:00 [ultranest] [DEBUG] iteration=1564, ncalls=9026, regioncalls=345040, ndraw=40, logz=-9.41, remainder_fraction=75.9098%, Lmin=-7.24, Lmax=-0.53
21:15:01 [ultranest] [DEBUG] iteration=1565, ncalls=9043, regioncalls=345720, ndraw=40, logz=-9.41, remainder_fraction=75.8564%, Lmin=-7.24, Lmax=-0.53
21:15:01 [ultranest] [DEBUG] iteration=1568, ncalls=9076, regioncalls=347040, ndraw=40, logz=-9.41, remainder_fraction=75.7227%, Lmin=-7.24, Lmax=-0.53
21:15:01 [ultranest] [DEBUG] iteration=1569, ncalls=9113, regioncalls=348520, ndraw=40, logz=-9.41, remainder_fraction=75.6688%, Lmin=-7.23, Lmax=-0.53
21:15:02 [ultranest] [DEBUG] iteration=1570, ncalls=9147, regioncalls=349880, ndraw=40, logz=-9.40, remainder_fraction=75.6169%, Lmin=-7.23, Lmax=-0.53
21:15:02 [ultranest] [DEBUG] iteration=1571, ncalls=9161, regioncalls=350440, ndraw=40, logz=-9.40, remainder_fraction=75.5678%, Lmin=-7.23, Lmax=-0.53
21:15:02 [ultranest] [DEBUG] iteration=1572, ncalls=9178, regioncalls=351120, ndraw=40, logz=-9.40, remainder_fraction=75.5189%, Lmin=-7.23, Lmax=-0.53
21:15:02 [ultranest] [DEBUG] iteration=1573, ncalls=9192, regioncalls=351680, ndraw=40, logz=-9.40, remainder_fraction=75.4654%, Lmin=-7.23, Lmax=-0.53
21:15:02 [ultranest] [DEBUG] iteration=1576, ncalls=9217, regioncalls=352680, ndraw=40, logz=-9.40, remainder_fraction=75.3223%, Lmin=-7.23, Lmax=-0.53
21:15:03 [ultranest] [DEBUG] iteration=1577, ncalls=9234, regioncalls=353360, ndraw=40, logz=-9.40, remainder_fraction=75.2695%, Lmin=-7.23, Lmax=-0.53
21:15:03 [ultranest] [DEBUG] iteration=1578, ncalls=9243, regioncalls=353720, ndraw=40, logz=-9.40, remainder_fraction=75.2222%, Lmin=-7.22, Lmax=-0.53
21:15:03 [ultranest] [DEBUG] iteration=1579, ncalls=9259, regioncalls=354360, ndraw=40, logz=-9.40, remainder_fraction=75.1681%, Lmin=-7.22, Lmax=-0.53
21:15:03 [ultranest] [DEBUG] iteration=1580, ncalls=9268, regioncalls=354720, ndraw=40, logz=-9.40, remainder_fraction=75.1136%, Lmin=-7.22, Lmax=-0.53
21:15:03 [ultranest] [DEBUG] iteration=1581, ncalls=9305, regioncalls=356200, ndraw=40, logz=-9.40, remainder_fraction=75.0851%, Lmin=-7.22, Lmax=-0.53
21:15:04 [ultranest] [DEBUG] iteration=1583, ncalls=9322, regioncalls=356880, ndraw=40, logz=-9.40, remainder_fraction=75.2537%, Lmin=-7.21, Lmax=-0.53
21:15:04 [ultranest] [DEBUG] iteration=1584, ncalls=9340, regioncalls=357600, ndraw=40, logz=-9.40, remainder_fraction=75.2019%, Lmin=-7.21, Lmax=-0.53
21:15:04 [ultranest] [DEBUG] iteration=1586, ncalls=9353, regioncalls=358120, ndraw=40, logz=-9.40, remainder_fraction=75.2416%, Lmin=-7.21, Lmax=-0.53
21:15:04 [ultranest] [DEBUG] iteration=1588, ncalls=9367, regioncalls=358680, ndraw=40, logz=-9.40, remainder_fraction=75.1363%, Lmin=-7.21, Lmax=-0.53
21:15:04 [ultranest] [DEBUG] iteration=1589, ncalls=9379, regioncalls=359160, ndraw=40, logz=-9.40, remainder_fraction=75.0968%, Lmin=-7.21, Lmax=-0.53
21:15:04 [ultranest] [DEBUG] iteration=1591, ncalls=9392, regioncalls=359680, ndraw=40, logz=-9.40, remainder_fraction=75.2438%, Lmin=-7.21, Lmax=-0.53
21:15:04 [ultranest] [DEBUG] iteration=1592, ncalls=9411, regioncalls=360440, ndraw=40, logz=-9.40, remainder_fraction=75.2061%, Lmin=-7.21, Lmax=-0.53
21:15:05 [ultranest] [DEBUG] iteration=1593, ncalls=9432, regioncalls=361280, ndraw=40, logz=-9.39, remainder_fraction=75.1598%, Lmin=-7.20, Lmax=-0.53
21:15:05 [ultranest] [DEBUG] iteration=1595, ncalls=9453, regioncalls=362120, ndraw=40, logz=-9.39, remainder_fraction=75.0750%, Lmin=-7.20, Lmax=-0.53
21:15:05 [ultranest] [DEBUG] iteration=1596, ncalls=9468, regioncalls=362720, ndraw=40, logz=-9.39, remainder_fraction=75.0473%, Lmin=-7.20, Lmax=-0.53
21:15:05 [ultranest] [DEBUG] iteration=1597, ncalls=9483, regioncalls=363320, ndraw=40, logz=-9.39, remainder_fraction=74.9998%, Lmin=-7.20, Lmax=-0.53
21:15:06 [ultranest] [DEBUG] iteration=1598, ncalls=9516, regioncalls=364640, ndraw=40, logz=-9.39, remainder_fraction=74.9485%, Lmin=-7.20, Lmax=-0.53
21:15:06 [ultranest] [DEBUG] iteration=1599, ncalls=9565, regioncalls=366600, ndraw=40, logz=-9.39, remainder_fraction=74.8940%, Lmin=-7.19, Lmax=-0.53
21:15:06 [ultranest] [DEBUG] iteration=1600, ncalls=9594, regioncalls=367760, ndraw=40, logz=-9.39, remainder_fraction=74.8392%, Lmin=-7.19, Lmax=-0.53
21:15:07 [ultranest] [DEBUG] iteration=1603, ncalls=9611, regioncalls=368440, ndraw=40, logz=-9.39, remainder_fraction=74.8244%, Lmin=-7.18, Lmax=-0.53
21:15:07 [ultranest] [DEBUG] iteration=1606, ncalls=9620, regioncalls=368800, ndraw=40, logz=-9.39, remainder_fraction=74.6756%, Lmin=-7.17, Lmax=-0.53
21:15:07 [ultranest] [DEBUG] iteration=1608, ncalls=9651, regioncalls=370040, ndraw=40, logz=-9.39, remainder_fraction=74.5762%, Lmin=-7.16, Lmax=-0.53
21:15:07 [ultranest] [DEBUG] iteration=1609, ncalls=9673, regioncalls=370920, ndraw=40, logz=-9.39, remainder_fraction=74.5290%, Lmin=-7.15, Lmax=-0.53
21:15:08 [ultranest] [DEBUG] iteration=1610, ncalls=9706, regioncalls=372240, ndraw=40, logz=-9.39, remainder_fraction=74.5321%, Lmin=-7.14, Lmax=-0.53
21:15:08 [ultranest] [DEBUG] iteration=1613, ncalls=9728, regioncalls=373120, ndraw=40, logz=-9.39, remainder_fraction=74.3973%, Lmin=-7.14, Lmax=-0.53
21:15:08 [ultranest] [DEBUG] iteration=1614, ncalls=9742, regioncalls=373680, ndraw=40, logz=-9.39, remainder_fraction=74.3421%, Lmin=-7.13, Lmax=-0.53
21:15:08 [ultranest] [DEBUG] iteration=1617, ncalls=9762, regioncalls=374480, ndraw=40, logz=-9.38, remainder_fraction=74.1866%, Lmin=-7.13, Lmax=-0.53
21:15:09 [ultranest] [DEBUG] iteration=1618, ncalls=9825, regioncalls=377000, ndraw=40, logz=-9.38, remainder_fraction=74.1495%, Lmin=-7.12, Lmax=-0.53
21:15:09 [ultranest] [DEBUG] iteration=1619, ncalls=9877, regioncalls=379080, ndraw=40, logz=-9.38, remainder_fraction=74.0953%, Lmin=-7.12, Lmax=-0.53
21:15:10 [ultranest] [DEBUG] iteration=1620, ncalls=9885, regioncalls=379400, ndraw=40, logz=-9.38, remainder_fraction=74.0432%, Lmin=-7.12, Lmax=-0.53
21:15:10 [ultranest] [DEBUG] iteration=1623, ncalls=9895, regioncalls=379800, ndraw=40, logz=-9.38, remainder_fraction=73.9016%, Lmin=-7.11, Lmax=-0.53
21:15:10 [ultranest] [DEBUG] iteration=1624, ncalls=9949, regioncalls=381960, ndraw=40, logz=-9.38, remainder_fraction=73.8587%, Lmin=-7.11, Lmax=-0.53
21:15:10 [ultranest] [DEBUG] iteration=1625, ncalls=9970, regioncalls=382800, ndraw=40, logz=-9.38, remainder_fraction=73.8122%, Lmin=-7.11, Lmax=-0.53
21:15:11 [ultranest] [DEBUG] iteration=1626, ncalls=10017, regioncalls=384680, ndraw=40, logz=-9.38, remainder_fraction=73.7581%, Lmin=-7.11, Lmax=-0.53
21:15:11 [ultranest] [DEBUG] iteration=1627, ncalls=10044, regioncalls=385760, ndraw=40, logz=-9.38, remainder_fraction=73.7081%, Lmin=-7.10, Lmax=-0.53
21:15:11 [ultranest] [DEBUG] iteration=1629, ncalls=10063, regioncalls=386520, ndraw=40, logz=-9.38, remainder_fraction=74.0284%, Lmin=-7.09, Lmax=-0.53
21:15:12 [ultranest] [DEBUG] iteration=1630, ncalls=10073, regioncalls=386920, ndraw=40, logz=-9.38, remainder_fraction=73.9872%, Lmin=-7.09, Lmax=-0.53
21:15:12 [ultranest] [DEBUG] iteration=1631, ncalls=10142, regioncalls=389680, ndraw=40, logz=-9.38, remainder_fraction=73.9352%, Lmin=-7.09, Lmax=-0.53
21:15:12 [ultranest] [DEBUG] iteration=1632, ncalls=10153, regioncalls=390120, ndraw=40, logz=-9.38, remainder_fraction=73.8989%, Lmin=-7.09, Lmax=-0.53
21:15:13 [ultranest] [DEBUG] iteration=1634, ncalls=10169, regioncalls=390760, ndraw=40, logz=-9.38, remainder_fraction=73.8458%, Lmin=-7.08, Lmax=-0.53
21:15:13 [ultranest] [DEBUG] iteration=1635, ncalls=10199, regioncalls=391960, ndraw=40, logz=-9.38, remainder_fraction=73.7899%, Lmin=-7.08, Lmax=-0.53
21:15:13 [ultranest] [DEBUG] iteration=1636, ncalls=10225, regioncalls=393000, ndraw=40, logz=-9.38, remainder_fraction=74.3857%, Lmin=-7.08, Lmax=-0.53
21:15:14 [ultranest] [DEBUG] iteration=1637, ncalls=10263, regioncalls=394520, ndraw=40, logz=-9.38, remainder_fraction=74.3335%, Lmin=-7.08, Lmax=-0.53
21:15:14 [ultranest] [DEBUG] iteration=1638, ncalls=10276, regioncalls=395040, ndraw=40, logz=-9.38, remainder_fraction=74.2820%, Lmin=-7.08, Lmax=-0.53
21:15:14 [ultranest] [DEBUG] iteration=1640, ncalls=10295, regioncalls=395800, ndraw=40, logz=-9.38, remainder_fraction=74.1801%, Lmin=-7.07, Lmax=-0.53
21:15:14 [ultranest] [DEBUG] iteration=1641, ncalls=10308, regioncalls=396320, ndraw=40, logz=-9.37, remainder_fraction=74.1258%, Lmin=-7.07, Lmax=-0.53
21:15:14 [ultranest] [DEBUG] iteration=1642, ncalls=10329, regioncalls=397160, ndraw=40, logz=-9.37, remainder_fraction=74.0790%, Lmin=-7.06, Lmax=-0.53
21:15:14 [ultranest] [DEBUG] iteration=1643, ncalls=10346, regioncalls=397840, ndraw=40, logz=-9.37, remainder_fraction=74.0265%, Lmin=-7.06, Lmax=-0.53
21:15:15 [ultranest] [DEBUG] iteration=1644, ncalls=10364, regioncalls=398560, ndraw=40, logz=-9.37, remainder_fraction=73.9786%, Lmin=-7.05, Lmax=-0.53
21:15:15 [ultranest] [DEBUG] iteration=1646, ncalls=10379, regioncalls=399160, ndraw=40, logz=-9.37, remainder_fraction=73.8747%, Lmin=-7.05, Lmax=-0.53
21:15:15 [ultranest] [DEBUG] iteration=1647, ncalls=10427, regioncalls=401080, ndraw=40, logz=-9.37, remainder_fraction=73.8197%, Lmin=-7.05, Lmax=-0.53
21:15:16 [ultranest] [DEBUG] iteration=1649, ncalls=10461, regioncalls=402440, ndraw=40, logz=-9.37, remainder_fraction=73.7432%, Lmin=-7.04, Lmax=-0.53
21:15:16 [ultranest] [DEBUG] iteration=1650, ncalls=10483, regioncalls=403320, ndraw=40, logz=-9.37, remainder_fraction=73.6907%, Lmin=-7.04, Lmax=-0.53
21:15:16 [ultranest] [DEBUG] iteration=1651, ncalls=10510, regioncalls=404400, ndraw=40, logz=-9.37, remainder_fraction=73.6424%, Lmin=-7.04, Lmax=-0.53
21:15:17 [ultranest] [DEBUG] iteration=1652, ncalls=10540, regioncalls=405600, ndraw=40, logz=-9.37, remainder_fraction=73.5945%, Lmin=-7.03, Lmax=-0.53
21:15:17 [ultranest] [DEBUG] iteration=1653, ncalls=10571, regioncalls=406840, ndraw=40, logz=-9.37, remainder_fraction=73.5484%, Lmin=-7.03, Lmax=-0.53
21:15:17 [ultranest] [DEBUG] iteration=1654, ncalls=10587, regioncalls=407480, ndraw=40, logz=-9.37, remainder_fraction=73.4918%, Lmin=-7.03, Lmax=-0.53
21:15:17 [ultranest] [DEBUG] iteration=1657, ncalls=10597, regioncalls=407880, ndraw=40, logz=-9.37, remainder_fraction=73.3258%, Lmin=-7.02, Lmax=-0.53
21:15:18 [ultranest] [DEBUG] iteration=1658, ncalls=10636, regioncalls=409440, ndraw=40, logz=-9.37, remainder_fraction=73.2693%, Lmin=-7.02, Lmax=-0.53
21:15:18 [ultranest] [DEBUG] iteration=1660, ncalls=10659, regioncalls=410360, ndraw=40, logz=-9.37, remainder_fraction=73.2920%, Lmin=-7.01, Lmax=-0.53
21:15:18 [ultranest] [DEBUG] iteration=1662, ncalls=10684, regioncalls=411360, ndraw=40, logz=-9.37, remainder_fraction=73.1872%, Lmin=-7.00, Lmax=-0.53
21:15:18 [ultranest] [DEBUG] iteration=1664, ncalls=10724, regioncalls=412960, ndraw=40, logz=-9.37, remainder_fraction=73.0873%, Lmin=-7.00, Lmax=-0.53
21:15:19 [ultranest] [DEBUG] iteration=1665, ncalls=10767, regioncalls=414680, ndraw=40, logz=-9.37, remainder_fraction=73.0376%, Lmin=-7.00, Lmax=-0.53
21:15:19 [ultranest] [DEBUG] iteration=1667, ncalls=10785, regioncalls=415400, ndraw=40, logz=-9.36, remainder_fraction=72.9411%, Lmin=-6.99, Lmax=-0.53
21:15:19 [ultranest] [DEBUG] iteration=1671, ncalls=10795, regioncalls=415800, ndraw=40, logz=-9.36, remainder_fraction=73.7539%, Lmin=-6.98, Lmax=-0.53
21:15:20 [ultranest] [DEBUG] iteration=1672, ncalls=10867, regioncalls=418680, ndraw=40, logz=-9.36, remainder_fraction=73.7051%, Lmin=-6.98, Lmax=-0.53
21:15:20 [ultranest] [DEBUG] iteration=1673, ncalls=10883, regioncalls=419320, ndraw=40, logz=-9.36, remainder_fraction=73.6644%, Lmin=-6.97, Lmax=-0.53
21:15:21 [ultranest] [DEBUG] iteration=1674, ncalls=10914, regioncalls=420560, ndraw=40, logz=-9.36, remainder_fraction=73.6083%, Lmin=-6.97, Lmax=-0.53
21:15:21 [ultranest] [DEBUG] iteration=1675, ncalls=10929, regioncalls=421160, ndraw=40, logz=-9.36, remainder_fraction=73.5557%, Lmin=-6.97, Lmax=-0.53
21:15:21 [ultranest] [DEBUG] iteration=1676, ncalls=10955, regioncalls=422200, ndraw=40, logz=-9.36, remainder_fraction=73.5044%, Lmin=-6.97, Lmax=-0.53
21:15:21 [ultranest] [DEBUG] iteration=1677, ncalls=10979, regioncalls=423160, ndraw=40, logz=-9.36, remainder_fraction=73.4624%, Lmin=-6.97, Lmax=-0.53
21:15:21 [ultranest] [DEBUG] iteration=1678, ncalls=10994, regioncalls=423760, ndraw=40, logz=-9.36, remainder_fraction=73.4082%, Lmin=-6.96, Lmax=-0.53
21:15:22 [ultranest] [DEBUG] iteration=1679, ncalls=11004, regioncalls=424160, ndraw=40, logz=-9.36, remainder_fraction=73.3514%, Lmin=-6.96, Lmax=-0.53
21:15:22 [ultranest] [DEBUG] iteration=1680, ncalls=11040, regioncalls=425600, ndraw=40, logz=-9.36, remainder_fraction=73.3037%, Lmin=-6.95, Lmax=-0.53
21:15:22 [ultranest] [DEBUG] iteration=1681, ncalls=11051, regioncalls=426040, ndraw=40, logz=-9.36, remainder_fraction=73.2580%, Lmin=-6.95, Lmax=-0.53
21:15:22 [ultranest] [DEBUG] iteration=1682, ncalls=11073, regioncalls=426920, ndraw=40, logz=-9.36, remainder_fraction=73.2030%, Lmin=-6.95, Lmax=-0.53
21:15:23 [ultranest] [DEBUG] iteration=1684, ncalls=11118, regioncalls=428720, ndraw=40, logz=-9.36, remainder_fraction=73.1622%, Lmin=-6.94, Lmax=-0.53
21:15:23 [ultranest] [DEBUG] iteration=1686, ncalls=11127, regioncalls=429080, ndraw=40, logz=-9.36, remainder_fraction=73.0557%, Lmin=-6.94, Lmax=-0.53
21:15:23 [ultranest] [DEBUG] iteration=1687, ncalls=11148, regioncalls=429920, ndraw=40, logz=-9.36, remainder_fraction=73.0000%, Lmin=-6.94, Lmax=-0.53
21:15:23 [ultranest] [DEBUG] iteration=1688, ncalls=11167, regioncalls=430680, ndraw=40, logz=-9.36, remainder_fraction=72.9490%, Lmin=-6.94, Lmax=-0.53
21:15:23 [ultranest] [DEBUG] iteration=1691, ncalls=11178, regioncalls=431120, ndraw=40, logz=-9.35, remainder_fraction=73.1398%, Lmin=-6.92, Lmax=-0.53
21:15:24 [ultranest] [DEBUG] iteration=1692, ncalls=11212, regioncalls=432480, ndraw=40, logz=-9.35, remainder_fraction=73.0876%, Lmin=-6.91, Lmax=-0.53
21:15:24 [ultranest] [DEBUG] iteration=1694, ncalls=11224, regioncalls=432960, ndraw=40, logz=-9.35, remainder_fraction=74.1316%, Lmin=-6.91, Lmax=-0.53
21:15:24 [ultranest] [DEBUG] iteration=1695, ncalls=11238, regioncalls=433520, ndraw=40, logz=-9.35, remainder_fraction=74.0910%, Lmin=-6.89, Lmax=-0.53
21:15:24 [ultranest] [DEBUG] iteration=1696, ncalls=11249, regioncalls=433960, ndraw=40, logz=-9.35, remainder_fraction=74.0453%, Lmin=-6.89, Lmax=-0.53
21:15:25 [ultranest] [DEBUG] iteration=1697, ncalls=11301, regioncalls=436040, ndraw=40, logz=-9.35, remainder_fraction=73.9947%, Lmin=-6.89, Lmax=-0.53
21:15:25 [ultranest] [DEBUG] iteration=1699, ncalls=11335, regioncalls=437400, ndraw=40, logz=-9.35, remainder_fraction=73.8959%, Lmin=-6.87, Lmax=-0.53
21:15:25 [ultranest] [DEBUG] iteration=1703, ncalls=11370, regioncalls=438800, ndraw=40, logz=-9.35, remainder_fraction=73.6876%, Lmin=-6.84, Lmax=-0.53
21:15:26 [ultranest] [DEBUG] iteration=1705, ncalls=11381, regioncalls=439240, ndraw=40, logz=-9.35, remainder_fraction=74.2596%, Lmin=-6.83, Lmax=-0.53
21:15:26 [ultranest] [DEBUG] iteration=1707, ncalls=11401, regioncalls=440040, ndraw=40, logz=-9.35, remainder_fraction=74.1521%, Lmin=-6.83, Lmax=-0.53
21:15:26 [ultranest] [DEBUG] iteration=1710, ncalls=11410, regioncalls=440440, ndraw=40, logz=-9.35, remainder_fraction=74.0365%, Lmin=-6.81, Lmax=-0.53
21:15:26 [ultranest] [DEBUG] iteration=1711, ncalls=11434, regioncalls=441400, ndraw=40, logz=-9.35, remainder_fraction=74.0053%, Lmin=-6.81, Lmax=-0.53
21:15:26 [ultranest] [DEBUG] iteration=1713, ncalls=11449, regioncalls=442000, ndraw=40, logz=-9.34, remainder_fraction=73.9035%, Lmin=-6.80, Lmax=-0.53
21:15:27 [ultranest] [DEBUG] iteration=1715, ncalls=11459, regioncalls=442400, ndraw=40, logz=-9.34, remainder_fraction=73.7919%, Lmin=-6.79, Lmax=-0.53
21:15:27 [ultranest] [DEBUG] iteration=1716, ncalls=11480, regioncalls=443240, ndraw=40, logz=-9.34, remainder_fraction=73.7378%, Lmin=-6.79, Lmax=-0.53
21:15:27 [ultranest] [DEBUG] iteration=1717, ncalls=11490, regioncalls=443640, ndraw=40, logz=-9.34, remainder_fraction=73.6872%, Lmin=-6.78, Lmax=-0.53
21:15:27 [ultranest] [DEBUG] iteration=1719, ncalls=11511, regioncalls=444480, ndraw=40, logz=-9.34, remainder_fraction=73.5827%, Lmin=-6.75, Lmax=-0.53
21:15:27 [ultranest] [DEBUG] iteration=1720, ncalls=11513, regioncalls=444560, ndraw=40, logz=-9.34, remainder_fraction=73.5254%, Lmin=-6.75, Lmax=-0.53
21:15:27 [ultranest] [DEBUG] iteration=1723, ncalls=11521, regioncalls=444880, ndraw=40, logz=-9.34, remainder_fraction=73.4342%, Lmin=-6.75, Lmax=-0.53
21:15:27 [ultranest] [DEBUG] iteration=1725, ncalls=11528, regioncalls=445160, ndraw=40, logz=-9.34, remainder_fraction=73.3216%, Lmin=-6.73, Lmax=-0.53
21:15:28 [ultranest] [DEBUG] iteration=1727, ncalls=11544, regioncalls=445800, ndraw=40, logz=-9.34, remainder_fraction=73.2106%, Lmin=-6.72, Lmax=-0.53
21:15:28 [ultranest] [DEBUG] iteration=1730, ncalls=11564, regioncalls=446600, ndraw=40, logz=-9.34, remainder_fraction=73.0456%, Lmin=-6.69, Lmax=-0.53
21:15:28 [ultranest] [DEBUG] iteration=1731, ncalls=11577, regioncalls=447120, ndraw=40, logz=-9.34, remainder_fraction=73.0079%, Lmin=-6.69, Lmax=-0.53
21:15:28 [ultranest] [DEBUG] iteration=1733, ncalls=11588, regioncalls=447560, ndraw=40, logz=-9.34, remainder_fraction=73.0766%, Lmin=-6.69, Lmax=-0.53
21:15:28 [ultranest] [DEBUG] iteration=1736, ncalls=11610, regioncalls=448480, ndraw=40, logz=-9.33, remainder_fraction=72.9198%, Lmin=-6.68, Lmax=-0.53
21:15:29 [ultranest] [DEBUG] iteration=1737, ncalls=11625, regioncalls=449080, ndraw=40, logz=-9.33, remainder_fraction=72.8633%, Lmin=-6.67, Lmax=-0.53
21:15:29 [ultranest] [DEBUG] iteration=1738, ncalls=11634, regioncalls=449480, ndraw=40, logz=-9.33, remainder_fraction=72.8091%, Lmin=-6.67, Lmax=-0.53
21:15:29 [ultranest] [DEBUG] iteration=1739, ncalls=11646, regioncalls=449960, ndraw=40, logz=-9.33, remainder_fraction=72.7588%, Lmin=-6.67, Lmax=-0.53
21:15:29 [ultranest] [DEBUG] iteration=1740, ncalls=11660, regioncalls=450520, ndraw=40, logz=-9.33, remainder_fraction=72.7045%, Lmin=-6.67, Lmax=-0.53
21:15:29 [ultranest] [DEBUG] iteration=1742, ncalls=11688, regioncalls=451640, ndraw=40, logz=-9.33, remainder_fraction=72.6165%, Lmin=-6.66, Lmax=-0.53
21:15:29 [ultranest] [DEBUG] iteration=1746, ncalls=11697, regioncalls=452000, ndraw=40, logz=-9.33, remainder_fraction=73.5076%, Lmin=-6.65, Lmax=-0.53
21:15:30 [ultranest] [DEBUG] iteration=1749, ncalls=11758, regioncalls=454520, ndraw=40, logz=-9.33, remainder_fraction=73.3505%, Lmin=-6.64, Lmax=-0.53
21:15:31 [ultranest] [DEBUG] iteration=1751, ncalls=11789, regioncalls=455760, ndraw=40, logz=-9.33, remainder_fraction=73.2453%, Lmin=-6.64, Lmax=-0.53
21:15:31 [ultranest] [DEBUG] iteration=1754, ncalls=11803, regioncalls=456320, ndraw=40, logz=-9.33, remainder_fraction=73.0860%, Lmin=-6.63, Lmax=-0.53
21:15:31 [ultranest] [DEBUG] iteration=1756, ncalls=11832, regioncalls=457480, ndraw=40, logz=-9.33, remainder_fraction=72.9818%, Lmin=-6.62, Lmax=-0.53
21:15:31 [ultranest] [DEBUG] iteration=1757, ncalls=11841, regioncalls=457840, ndraw=40, logz=-9.32, remainder_fraction=72.9260%, Lmin=-6.62, Lmax=-0.53
21:15:31 [ultranest] [DEBUG] iteration=1759, ncalls=11864, regioncalls=458800, ndraw=40, logz=-9.32, remainder_fraction=72.8166%, Lmin=-6.60, Lmax=-0.53
21:15:31 [ultranest] [DEBUG] iteration=1760, ncalls=11868, regioncalls=458960, ndraw=40, logz=-9.32, remainder_fraction=72.8182%, Lmin=-6.60, Lmax=-0.53
21:15:32 [ultranest] [DEBUG] iteration=1763, ncalls=11878, regioncalls=459360, ndraw=40, logz=-9.32, remainder_fraction=73.4765%, Lmin=-6.60, Lmax=-0.53
21:15:32 [ultranest] [DEBUG] iteration=1764, ncalls=11893, regioncalls=459960, ndraw=40, logz=-9.32, remainder_fraction=73.4227%, Lmin=-6.59, Lmax=-0.53
21:15:32 [ultranest] [DEBUG] iteration=1766, ncalls=11904, regioncalls=460400, ndraw=40, logz=-9.32, remainder_fraction=73.3085%, Lmin=-6.59, Lmax=-0.53
21:15:32 [ultranest] [DEBUG] iteration=1767, ncalls=11921, regioncalls=461080, ndraw=40, logz=-9.32, remainder_fraction=73.2524%, Lmin=-6.58, Lmax=-0.53
21:15:32 [ultranest] [DEBUG] iteration=1770, ncalls=11937, regioncalls=461720, ndraw=40, logz=-9.32, remainder_fraction=73.0933%, Lmin=-6.58, Lmax=-0.53
21:15:32 [ultranest] [DEBUG] iteration=1772, ncalls=11948, regioncalls=462200, ndraw=40, logz=-9.32, remainder_fraction=72.9859%, Lmin=-6.57, Lmax=-0.53
21:15:33 [ultranest] [DEBUG] iteration=1775, ncalls=11959, regioncalls=462640, ndraw=40, logz=-9.32, remainder_fraction=72.9331%, Lmin=-6.56, Lmax=-0.53
21:15:33 [ultranest] [DEBUG] iteration=1777, ncalls=11977, regioncalls=463360, ndraw=40, logz=-9.32, remainder_fraction=72.8261%, Lmin=-6.55, Lmax=-0.53
21:15:33 [ultranest] [DEBUG] iteration=1779, ncalls=12004, regioncalls=464440, ndraw=40, logz=-9.31, remainder_fraction=72.7122%, Lmin=-6.53, Lmax=-0.53
21:15:33 [ultranest] [DEBUG] iteration=1781, ncalls=12020, regioncalls=465080, ndraw=40, logz=-9.31, remainder_fraction=72.6769%, Lmin=-6.53, Lmax=-0.53
21:15:33 [ultranest] [DEBUG] iteration=1784, ncalls=12036, regioncalls=465760, ndraw=40, logz=-9.31, remainder_fraction=72.5149%, Lmin=-6.52, Lmax=-0.53
21:15:34 [ultranest] [DEBUG] iteration=1785, ncalls=12055, regioncalls=466520, ndraw=40, logz=-9.31, remainder_fraction=72.4725%, Lmin=-6.52, Lmax=-0.53
21:15:34 [ultranest] [DEBUG] iteration=1789, ncalls=12070, regioncalls=467160, ndraw=40, logz=-9.31, remainder_fraction=72.2478%, Lmin=-6.51, Lmax=-0.53
21:15:34 [ultranest] [DEBUG] iteration=1792, ncalls=12083, regioncalls=467720, ndraw=40, logz=-9.31, remainder_fraction=72.3168%, Lmin=-6.50, Lmax=-0.53
21:15:34 [ultranest] [DEBUG] iteration=1793, ncalls=12098, regioncalls=468320, ndraw=40, logz=-9.31, remainder_fraction=72.2698%, Lmin=-6.50, Lmax=-0.53
21:15:35 [ultranest] [DEBUG] iteration=1796, ncalls=12150, regioncalls=470400, ndraw=40, logz=-9.31, remainder_fraction=72.0981%, Lmin=-6.50, Lmax=-0.53
21:15:35 [ultranest] [DEBUG] iteration=1799, ncalls=12161, regioncalls=470840, ndraw=40, logz=-9.31, remainder_fraction=72.8469%, Lmin=-6.49, Lmax=-0.53
21:15:35 [ultranest] [DEBUG] iteration=1800, ncalls=12169, regioncalls=471160, ndraw=40, logz=-9.30, remainder_fraction=72.8130%, Lmin=-6.49, Lmax=-0.53
21:15:35 [ultranest] [DEBUG] iteration=1803, ncalls=12193, regioncalls=472120, ndraw=40, logz=-9.30, remainder_fraction=73.8741%, Lmin=-6.47, Lmax=-0.53
21:15:35 [ultranest] [DEBUG] iteration=1805, ncalls=12206, regioncalls=472640, ndraw=40, logz=-9.30, remainder_fraction=73.7682%, Lmin=-6.46, Lmax=-0.53
21:15:35 [ultranest] [DEBUG] iteration=1806, ncalls=12215, regioncalls=473000, ndraw=40, logz=-9.30, remainder_fraction=73.7988%, Lmin=-6.45, Lmax=-0.53
21:15:36 [ultranest] [DEBUG] iteration=1809, ncalls=12227, regioncalls=473520, ndraw=40, logz=-9.30, remainder_fraction=74.1425%, Lmin=-6.45, Lmax=-0.53
21:15:36 [ultranest] [DEBUG] iteration=1811, ncalls=12248, regioncalls=474360, ndraw=40, logz=-9.30, remainder_fraction=74.0329%, Lmin=-6.44, Lmax=-0.53
21:15:36 [ultranest] [DEBUG] iteration=1814, ncalls=12267, regioncalls=475120, ndraw=40, logz=-9.30, remainder_fraction=74.0959%, Lmin=-6.43, Lmax=-0.53
21:15:36 [ultranest] [DEBUG] iteration=1817, ncalls=12277, regioncalls=475520, ndraw=40, logz=-9.30, remainder_fraction=74.1586%, Lmin=-6.42, Lmax=-0.53
21:15:36 [ultranest] [DEBUG] iteration=1819, ncalls=12298, regioncalls=476400, ndraw=40, logz=-9.30, remainder_fraction=74.0676%, Lmin=-6.41, Lmax=-0.53
21:15:37 [ultranest] [DEBUG] iteration=1820, ncalls=12317, regioncalls=477400, ndraw=40, logz=-9.30, remainder_fraction=74.0104%, Lmin=-6.40, Lmax=-0.53
21:15:37 [ultranest] [DEBUG] iteration=1822, ncalls=12333, regioncalls=478040, ndraw=40, logz=-9.29, remainder_fraction=73.9208%, Lmin=-6.39, Lmax=-0.53
21:15:37 [ultranest] [DEBUG] iteration=1823, ncalls=12353, regioncalls=478880, ndraw=40, logz=-9.29, remainder_fraction=73.8719%, Lmin=-6.39, Lmax=-0.53
21:15:37 [ultranest] [DEBUG] iteration=1825, ncalls=12371, regioncalls=479600, ndraw=40, logz=-9.29, remainder_fraction=74.3017%, Lmin=-6.39, Lmax=-0.53
21:15:38 [ultranest] [DEBUG] iteration=1827, ncalls=12403, regioncalls=480880, ndraw=40, logz=-9.29, remainder_fraction=74.2346%, Lmin=-6.39, Lmax=-0.53
21:15:38 [ultranest] [DEBUG] iteration=1828, ncalls=12415, regioncalls=481360, ndraw=40, logz=-9.29, remainder_fraction=74.1831%, Lmin=-6.38, Lmax=-0.53
21:15:38 [ultranest] [DEBUG] iteration=1829, ncalls=12430, regioncalls=481960, ndraw=40, logz=-9.29, remainder_fraction=74.1276%, Lmin=-6.37, Lmax=-0.53
21:15:38 [ultranest] [DEBUG] iteration=1831, ncalls=12460, regioncalls=483160, ndraw=40, logz=-9.29, remainder_fraction=74.0423%, Lmin=-6.37, Lmax=-0.53
21:15:38 [ultranest] [DEBUG] iteration=1833, ncalls=12471, regioncalls=483600, ndraw=40, logz=-9.29, remainder_fraction=73.9315%, Lmin=-6.36, Lmax=-0.53
21:15:38 [ultranest] [DEBUG] iteration=1834, ncalls=12490, regioncalls=484360, ndraw=40, logz=-9.29, remainder_fraction=73.8796%, Lmin=-6.36, Lmax=-0.53
21:15:39 [ultranest] [DEBUG] iteration=1836, ncalls=12502, regioncalls=484840, ndraw=40, logz=-9.29, remainder_fraction=73.9448%, Lmin=-6.35, Lmax=-0.53
21:15:39 [ultranest] [DEBUG] iteration=1839, ncalls=12518, regioncalls=485480, ndraw=40, logz=-9.29, remainder_fraction=73.7815%, Lmin=-6.34, Lmax=-0.53
21:15:39 [ultranest] [DEBUG] iteration=1840, ncalls=12523, regioncalls=485680, ndraw=40, logz=-9.29, remainder_fraction=73.7265%, Lmin=-6.34, Lmax=-0.53
21:15:39 [ultranest] [DEBUG] iteration=1842, ncalls=12549, regioncalls=486720, ndraw=40, logz=-9.28, remainder_fraction=73.6207%, Lmin=-6.33, Lmax=-0.53
21:15:39 [ultranest] [DEBUG] iteration=1843, ncalls=12558, regioncalls=487120, ndraw=40, logz=-9.28, remainder_fraction=73.5633%, Lmin=-6.33, Lmax=-0.53
21:15:39 [ultranest] [DEBUG] iteration=1844, ncalls=12581, regioncalls=488120, ndraw=40, logz=-9.28, remainder_fraction=73.5053%, Lmin=-6.33, Lmax=-0.53
21:15:40 [ultranest] [DEBUG] iteration=1846, ncalls=12593, regioncalls=488600, ndraw=40, logz=-9.28, remainder_fraction=73.3994%, Lmin=-6.31, Lmax=-0.53
21:15:40 [ultranest] [DEBUG] iteration=1847, ncalls=12606, regioncalls=489120, ndraw=40, logz=-9.28, remainder_fraction=73.3416%, Lmin=-6.30, Lmax=-0.53
21:15:40 [ultranest] [DEBUG] iteration=1850, ncalls=12626, regioncalls=490000, ndraw=40, logz=-9.28, remainder_fraction=73.1783%, Lmin=-6.28, Lmax=-0.53
21:15:40 [ultranest] [DEBUG] iteration=1854, ncalls=12635, regioncalls=490360, ndraw=40, logz=-9.28, remainder_fraction=72.9597%, Lmin=-6.27, Lmax=-0.53
21:15:40 [ultranest] [DEBUG] iteration=1856, ncalls=12660, regioncalls=491360, ndraw=40, logz=-9.28, remainder_fraction=73.2504%, Lmin=-6.26, Lmax=-0.53
21:15:40 [ultranest] [DEBUG] iteration=1857, ncalls=12674, regioncalls=491920, ndraw=40, logz=-9.28, remainder_fraction=73.1924%, Lmin=-6.26, Lmax=-0.53
21:15:41 [ultranest] [DEBUG] iteration=1859, ncalls=12692, regioncalls=492640, ndraw=40, logz=-9.28, remainder_fraction=73.0781%, Lmin=-6.25, Lmax=-0.53
21:15:41 [ultranest] [DEBUG] iteration=1861, ncalls=12707, regioncalls=493280, ndraw=40, logz=-9.28, remainder_fraction=73.0252%, Lmin=-6.25, Lmax=-0.53
21:15:41 [ultranest] [DEBUG] iteration=1862, ncalls=12716, regioncalls=493720, ndraw=40, logz=-9.27, remainder_fraction=72.9710%, Lmin=-6.25, Lmax=-0.53
21:15:41 [ultranest] [DEBUG] iteration=1865, ncalls=12738, regioncalls=494600, ndraw=40, logz=-9.27, remainder_fraction=73.6344%, Lmin=-6.24, Lmax=-0.53
21:15:42 [ultranest] [DEBUG] iteration=1866, ncalls=12765, regioncalls=495680, ndraw=40, logz=-9.27, remainder_fraction=73.5770%, Lmin=-6.24, Lmax=-0.53
21:15:42 [ultranest] [DEBUG] iteration=1867, ncalls=12780, regioncalls=496280, ndraw=40, logz=-9.27, remainder_fraction=73.5209%, Lmin=-6.24, Lmax=-0.53
21:15:42 [ultranest] [DEBUG] iteration=1870, ncalls=12793, regioncalls=496800, ndraw=40, logz=-9.27, remainder_fraction=73.6940%, Lmin=-6.21, Lmax=-0.53
21:15:42 [ultranest] [DEBUG] iteration=1871, ncalls=12821, regioncalls=497920, ndraw=40, logz=-9.27, remainder_fraction=74.0758%, Lmin=-6.20, Lmax=-0.53
21:15:42 [ultranest] [DEBUG] iteration=1873, ncalls=12832, regioncalls=498360, ndraw=40, logz=-9.27, remainder_fraction=74.0753%, Lmin=-6.20, Lmax=-0.53
21:15:42 [ultranest] [DEBUG] iteration=1876, ncalls=12849, regioncalls=499040, ndraw=40, logz=-9.27, remainder_fraction=73.9115%, Lmin=-6.19, Lmax=-0.53
21:15:43 [ultranest] [DEBUG] iteration=1877, ncalls=12861, regioncalls=499520, ndraw=40, logz=-9.27, remainder_fraction=73.8686%, Lmin=-6.19, Lmax=-0.53
21:15:43 [ultranest] [DEBUG] iteration=1878, ncalls=12896, regioncalls=500960, ndraw=40, logz=-9.27, remainder_fraction=73.8109%, Lmin=-6.19, Lmax=-0.53
21:15:43 [ultranest] [DEBUG] iteration=1879, ncalls=12910, regioncalls=501520, ndraw=40, logz=-9.27, remainder_fraction=73.9703%, Lmin=-6.19, Lmax=-0.53
21:15:43 [ultranest] [DEBUG] iteration=1880, ncalls=12933, regioncalls=502560, ndraw=40, logz=-9.27, remainder_fraction=73.9149%, Lmin=-6.19, Lmax=-0.53
21:15:43 [ultranest] [DEBUG] iteration=1882, ncalls=12944, regioncalls=503000, ndraw=40, logz=-9.27, remainder_fraction=73.8832%, Lmin=-6.18, Lmax=-0.53
21:15:44 [ultranest] [DEBUG] iteration=1885, ncalls=12962, regioncalls=503720, ndraw=40, logz=-9.26, remainder_fraction=73.7139%, Lmin=-6.17, Lmax=-0.53
21:15:44 [ultranest] [DEBUG] iteration=1887, ncalls=13004, regioncalls=505440, ndraw=40, logz=-9.26, remainder_fraction=73.6209%, Lmin=-6.17, Lmax=-0.53
21:15:44 [ultranest] [DEBUG] iteration=1888, ncalls=13022, regioncalls=506160, ndraw=40, logz=-9.26, remainder_fraction=73.5638%, Lmin=-6.17, Lmax=-0.53
21:15:45 [ultranest] [DEBUG] iteration=1890, ncalls=13071, regioncalls=508200, ndraw=40, logz=-9.26, remainder_fraction=73.4909%, Lmin=-6.17, Lmax=-0.53
21:15:45 [ultranest] [DEBUG] iteration=1892, ncalls=13088, regioncalls=508880, ndraw=40, logz=-9.26, remainder_fraction=73.3782%, Lmin=-6.16, Lmax=-0.53
21:15:45 [ultranest] [DEBUG] iteration=1894, ncalls=13100, regioncalls=509360, ndraw=40, logz=-9.26, remainder_fraction=73.2678%, Lmin=-6.15, Lmax=-0.53
21:15:45 [ultranest] [DEBUG] iteration=1895, ncalls=13118, regioncalls=510080, ndraw=40, logz=-9.26, remainder_fraction=73.2334%, Lmin=-6.14, Lmax=-0.53
21:15:46 [ultranest] [DEBUG] iteration=1896, ncalls=13152, regioncalls=511440, ndraw=40, logz=-9.26, remainder_fraction=73.1798%, Lmin=-6.14, Lmax=-0.53
21:15:46 [ultranest] [DEBUG] iteration=1897, ncalls=13186, regioncalls=512800, ndraw=40, logz=-9.26, remainder_fraction=73.1233%, Lmin=-6.13, Lmax=-0.53
21:15:46 [ultranest] [DEBUG] iteration=1900, ncalls=13197, regioncalls=513240, ndraw=40, logz=-9.26, remainder_fraction=72.9530%, Lmin=-6.13, Lmax=-0.53
21:15:46 [ultranest] [DEBUG] iteration=1902, ncalls=13210, regioncalls=513840, ndraw=40, logz=-9.26, remainder_fraction=72.8386%, Lmin=-6.12, Lmax=-0.53
21:15:47 [ultranest] [DEBUG] iteration=1904, ncalls=13222, regioncalls=514320, ndraw=40, logz=-9.25, remainder_fraction=72.7308%, Lmin=-6.12, Lmax=-0.53
21:15:47 [ultranest] [DEBUG] iteration=1905, ncalls=13234, regioncalls=514880, ndraw=40, logz=-9.25, remainder_fraction=72.6718%, Lmin=-6.12, Lmax=-0.53
21:15:47 [ultranest] [DEBUG] iteration=1906, ncalls=13244, regioncalls=515280, ndraw=40, logz=-9.25, remainder_fraction=72.8066%, Lmin=-6.11, Lmax=-0.53
21:15:47 [ultranest] [DEBUG] iteration=1907, ncalls=13275, regioncalls=516600, ndraw=40, logz=-9.25, remainder_fraction=72.9801%, Lmin=-6.11, Lmax=-0.53
21:15:47 [ultranest] [DEBUG] iteration=1909, ncalls=13290, regioncalls=517200, ndraw=40, logz=-9.25, remainder_fraction=72.8886%, Lmin=-6.10, Lmax=-0.53
21:15:47 [ultranest] [DEBUG] iteration=1911, ncalls=13305, regioncalls=517800, ndraw=40, logz=-9.25, remainder_fraction=72.9454%, Lmin=-6.09, Lmax=-0.53
21:15:48 [ultranest] [DEBUG] iteration=1912, ncalls=13326, regioncalls=518760, ndraw=40, logz=-9.25, remainder_fraction=72.8874%, Lmin=-6.09, Lmax=-0.53
21:15:48 [ultranest] [DEBUG] iteration=1914, ncalls=13354, regioncalls=519880, ndraw=40, logz=-9.25, remainder_fraction=72.8960%, Lmin=-6.09, Lmax=-0.53
21:15:48 [ultranest] [DEBUG] iteration=1915, ncalls=13364, regioncalls=520280, ndraw=40, logz=-9.25, remainder_fraction=72.8402%, Lmin=-6.09, Lmax=-0.53
21:15:48 [ultranest] [DEBUG] iteration=1916, ncalls=13376, regioncalls=520800, ndraw=40, logz=-9.25, remainder_fraction=72.7824%, Lmin=-6.09, Lmax=-0.53
21:15:48 [ultranest] [DEBUG] iteration=1918, ncalls=13394, regioncalls=521520, ndraw=40, logz=-9.25, remainder_fraction=72.6687%, Lmin=-6.07, Lmax=-0.53
21:15:49 [ultranest] [DEBUG] iteration=1920, ncalls=13404, regioncalls=521920, ndraw=40, logz=-9.25, remainder_fraction=72.6921%, Lmin=-6.06, Lmax=-0.53
21:15:49 [ultranest] [DEBUG] iteration=1921, ncalls=13434, regioncalls=523160, ndraw=40, logz=-9.25, remainder_fraction=72.6405%, Lmin=-6.06, Lmax=-0.53
21:15:49 [ultranest] [DEBUG] iteration=1924, ncalls=13456, regioncalls=524040, ndraw=40, logz=-9.24, remainder_fraction=72.4916%, Lmin=-6.05, Lmax=-0.53
21:15:50 [ultranest] [DEBUG] iteration=1925, ncalls=13504, regioncalls=526160, ndraw=40, logz=-9.24, remainder_fraction=72.4319%, Lmin=-6.03, Lmax=-0.53
21:15:50 [ultranest] [DEBUG] iteration=1928, ncalls=13529, regioncalls=527160, ndraw=40, logz=-9.24, remainder_fraction=72.6241%, Lmin=-6.03, Lmax=-0.53
21:15:50 [ultranest] [DEBUG] iteration=1929, ncalls=13546, regioncalls=527840, ndraw=40, logz=-9.24, remainder_fraction=72.5781%, Lmin=-6.02, Lmax=-0.53
21:15:51 [ultranest] [DEBUG] iteration=1930, ncalls=13584, regioncalls=529440, ndraw=40, logz=-9.24, remainder_fraction=73.2934%, Lmin=-6.02, Lmax=-0.53
21:15:51 [ultranest] [DEBUG] iteration=1931, ncalls=13595, regioncalls=529880, ndraw=40, logz=-9.24, remainder_fraction=73.2354%, Lmin=-6.02, Lmax=-0.31
21:15:51 [ultranest] [DEBUG] iteration=1933, ncalls=13620, regioncalls=530880, ndraw=40, logz=-9.24, remainder_fraction=74.1655%, Lmin=-6.01, Lmax=-0.31
21:15:51 [ultranest] [DEBUG] iteration=1934, ncalls=13636, regioncalls=531520, ndraw=40, logz=-9.24, remainder_fraction=74.1097%, Lmin=-6.01, Lmax=-0.31
21:15:52 [ultranest] [DEBUG] iteration=1937, ncalls=13670, regioncalls=532880, ndraw=40, logz=-9.24, remainder_fraction=73.9385%, Lmin=-6.00, Lmax=-0.31
21:15:52 [ultranest] [DEBUG] iteration=1938, ncalls=13688, regioncalls=533600, ndraw=40, logz=-9.24, remainder_fraction=73.8912%, Lmin=-5.99, Lmax=-0.31
21:15:52 [ultranest] [DEBUG] iteration=1940, ncalls=13706, regioncalls=534400, ndraw=40, logz=-9.24, remainder_fraction=73.7822%, Lmin=-5.99, Lmax=-0.31
21:15:52 [ultranest] [DEBUG] iteration=1942, ncalls=13718, regioncalls=534880, ndraw=40, logz=-9.24, remainder_fraction=73.7769%, Lmin=-5.96, Lmax=-0.31
21:15:52 [ultranest] [DEBUG] iteration=1943, ncalls=13732, regioncalls=535440, ndraw=40, logz=-9.23, remainder_fraction=73.7206%, Lmin=-5.96, Lmax=-0.31
21:15:53 [ultranest] [DEBUG] iteration=1945, ncalls=13749, regioncalls=536120, ndraw=40, logz=-9.23, remainder_fraction=73.6363%, Lmin=-5.96, Lmax=-0.31
21:15:53 [ultranest] [DEBUG] iteration=1947, ncalls=13766, regioncalls=536800, ndraw=40, logz=-9.23, remainder_fraction=73.7932%, Lmin=-5.95, Lmax=-0.31
21:15:53 [ultranest] [DEBUG] iteration=1948, ncalls=13778, regioncalls=537440, ndraw=40, logz=-9.23, remainder_fraction=73.7522%, Lmin=-5.94, Lmax=-0.31
21:15:53 [ultranest] [DEBUG] iteration=1949, ncalls=13816, regioncalls=539000, ndraw=40, logz=-9.23, remainder_fraction=73.6946%, Lmin=-5.93, Lmax=-0.31
21:15:54 [ultranest] [DEBUG] iteration=1950, ncalls=13855, regioncalls=540640, ndraw=40, logz=-9.23, remainder_fraction=73.6499%, Lmin=-5.93, Lmax=-0.31
21:15:54 [ultranest] [DEBUG] iteration=1951, ncalls=13885, regioncalls=541840, ndraw=40, logz=-9.23, remainder_fraction=73.9601%, Lmin=-5.93, Lmax=-0.31
21:15:54 [ultranest] [DEBUG] iteration=1954, ncalls=13895, regioncalls=542240, ndraw=40, logz=-9.23, remainder_fraction=73.7889%, Lmin=-5.92, Lmax=-0.31
21:15:55 [ultranest] [DEBUG] iteration=1956, ncalls=13929, regioncalls=543600, ndraw=40, logz=-9.23, remainder_fraction=73.7903%, Lmin=-5.92, Lmax=-0.31
21:15:55 [ultranest] [DEBUG] iteration=1957, ncalls=13938, regioncalls=543960, ndraw=40, logz=-9.23, remainder_fraction=73.7413%, Lmin=-5.91, Lmax=-0.31
21:15:55 [ultranest] [DEBUG] iteration=1959, ncalls=13946, regioncalls=544400, ndraw=40, logz=-9.23, remainder_fraction=73.6685%, Lmin=-5.91, Lmax=-0.31
21:15:55 [ultranest] [DEBUG] iteration=1960, ncalls=13953, regioncalls=544800, ndraw=40, logz=-9.23, remainder_fraction=73.6133%, Lmin=-5.91, Lmax=-0.31
21:15:55 [ultranest] [DEBUG] iteration=1961, ncalls=13965, regioncalls=545280, ndraw=40, logz=-9.23, remainder_fraction=73.5552%, Lmin=-5.90, Lmax=-0.31
21:15:55 [ultranest] [DEBUG] iteration=1964, ncalls=13983, regioncalls=546000, ndraw=40, logz=-9.22, remainder_fraction=73.6913%, Lmin=-5.90, Lmax=-0.31
21:15:55 [ultranest] [DEBUG] iteration=1965, ncalls=13998, regioncalls=546640, ndraw=40, logz=-9.22, remainder_fraction=73.6348%, Lmin=-5.90, Lmax=-0.31
21:15:56 [ultranest] [DEBUG] iteration=1968, ncalls=14010, regioncalls=547120, ndraw=40, logz=-9.22, remainder_fraction=74.2734%, Lmin=-5.90, Lmax=-0.31
21:15:56 [ultranest] [DEBUG] iteration=1970, ncalls=14022, regioncalls=547600, ndraw=40, logz=-9.22, remainder_fraction=74.1670%, Lmin=-5.90, Lmax=-0.31
21:15:56 [ultranest] [DEBUG] iteration=1971, ncalls=14039, regioncalls=548280, ndraw=40, logz=-9.22, remainder_fraction=74.2710%, Lmin=-5.89, Lmax=-0.31
21:15:56 [ultranest] [DEBUG] iteration=1972, ncalls=14066, regioncalls=549440, ndraw=40, logz=-9.22, remainder_fraction=74.2381%, Lmin=-5.88, Lmax=-0.31
21:15:57 [ultranest] [DEBUG] iteration=1974, ncalls=14100, regioncalls=550800, ndraw=40, logz=-9.22, remainder_fraction=74.5882%, Lmin=-5.86, Lmax=-0.31
21:15:57 [ultranest] [DEBUG] iteration=1975, ncalls=14113, regioncalls=551360, ndraw=40, logz=-9.22, remainder_fraction=74.9274%, Lmin=-5.86, Lmax=-0.31
21:15:57 [ultranest] [DEBUG] iteration=1976, ncalls=14148, regioncalls=552760, ndraw=40, logz=-9.22, remainder_fraction=74.8731%, Lmin=-5.86, Lmax=-0.31
21:15:58 [ultranest] [DEBUG] iteration=1978, ncalls=14187, regioncalls=554320, ndraw=40, logz=-9.22, remainder_fraction=74.7601%, Lmin=-5.85, Lmax=-0.31
21:15:58 [ultranest] [DEBUG] iteration=1980, ncalls=14237, regioncalls=556320, ndraw=40, logz=-9.22, remainder_fraction=74.6480%, Lmin=-5.85, Lmax=-0.31
21:15:59 [ultranest] [DEBUG] iteration=1981, ncalls=14280, regioncalls=558040, ndraw=40, logz=-9.22, remainder_fraction=74.5931%, Lmin=-5.85, Lmax=-0.31
21:15:59 [ultranest] [DEBUG] iteration=1983, ncalls=14298, regioncalls=558760, ndraw=40, logz=-9.21, remainder_fraction=74.6313%, Lmin=-5.83, Lmax=-0.31
21:15:59 [ultranest] [DEBUG] iteration=1984, ncalls=14325, regioncalls=559840, ndraw=40, logz=-9.21, remainder_fraction=74.5753%, Lmin=-5.83, Lmax=-0.31
21:16:00 [ultranest] [DEBUG] iteration=1985, ncalls=14348, regioncalls=560760, ndraw=40, logz=-9.21, remainder_fraction=74.5362%, Lmin=-5.83, Lmax=-0.31
21:16:00 [ultranest] [DEBUG] iteration=1986, ncalls=14392, regioncalls=562520, ndraw=40, logz=-9.21, remainder_fraction=74.4795%, Lmin=-5.83, Lmax=-0.31
21:16:00 [ultranest] [DEBUG] iteration=1987, ncalls=14430, regioncalls=564040, ndraw=40, logz=-9.21, remainder_fraction=74.4227%, Lmin=-5.83, Lmax=-0.31
21:16:01 [ultranest] [DEBUG] iteration=1988, ncalls=14442, regioncalls=564520, ndraw=40, logz=-9.21, remainder_fraction=74.3712%, Lmin=-5.83, Lmax=-0.31
21:16:01 [ultranest] [DEBUG] iteration=1989, ncalls=14463, regioncalls=565360, ndraw=40, logz=-9.21, remainder_fraction=74.3278%, Lmin=-5.82, Lmax=-0.31
21:16:01 [ultranest] [DEBUG] iteration=1990, ncalls=14476, regioncalls=565880, ndraw=40, logz=-9.21, remainder_fraction=74.6677%, Lmin=-5.82, Lmax=-0.31
21:16:02 [ultranest] [DEBUG] iteration=1991, ncalls=14526, regioncalls=567880, ndraw=40, logz=-9.21, remainder_fraction=74.6175%, Lmin=-5.81, Lmax=-0.31
21:16:02 [ultranest] [DEBUG] iteration=1993, ncalls=14562, regioncalls=569400, ndraw=40, logz=-9.21, remainder_fraction=74.6477%, Lmin=-5.81, Lmax=-0.31
21:16:02 [ultranest] [DEBUG] iteration=1994, ncalls=14578, regioncalls=570040, ndraw=40, logz=-9.21, remainder_fraction=74.5926%, Lmin=-5.81, Lmax=-0.31
21:16:02 [ultranest] [DEBUG] iteration=1996, ncalls=14597, regioncalls=570800, ndraw=40, logz=-9.21, remainder_fraction=74.4947%, Lmin=-5.80, Lmax=-0.31
21:16:02 [ultranest] [DEBUG] iteration=1999, ncalls=14609, regioncalls=571360, ndraw=40, logz=-9.21, remainder_fraction=74.3293%, Lmin=-5.80, Lmax=-0.31
21:16:03 [ultranest] [DEBUG] iteration=2000, ncalls=14617, regioncalls=571680, ndraw=40, logz=-9.21, remainder_fraction=74.2924%, Lmin=-5.79, Lmax=-0.31
21:16:03 [ultranest] [DEBUG] iteration=2002, ncalls=14629, regioncalls=572160, ndraw=40, logz=-9.20, remainder_fraction=74.1812%, Lmin=-5.79, Lmax=-0.31
21:16:03 [ultranest] [DEBUG] iteration=2003, ncalls=14683, regioncalls=574320, ndraw=40, logz=-9.20, remainder_fraction=74.1257%, Lmin=-5.79, Lmax=-0.31
21:16:04 [ultranest] [DEBUG] iteration=2005, ncalls=14740, regioncalls=576600, ndraw=40, logz=-9.20, remainder_fraction=74.1109%, Lmin=-5.79, Lmax=-0.31
21:16:04 [ultranest] [DEBUG] iteration=2007, ncalls=14768, regioncalls=577760, ndraw=40, logz=-9.20, remainder_fraction=73.9998%, Lmin=-5.79, Lmax=-0.31
21:16:04 [ultranest] [DEBUG] iteration=2008, ncalls=14777, regioncalls=578120, ndraw=40, logz=-9.20, remainder_fraction=73.9438%, Lmin=-5.78, Lmax=-0.31
21:16:05 [ultranest] [DEBUG] iteration=2009, ncalls=14789, regioncalls=578600, ndraw=40, logz=-9.20, remainder_fraction=73.8868%, Lmin=-5.78, Lmax=-0.31
21:16:05 [ultranest] [DEBUG] iteration=2011, ncalls=14807, regioncalls=579440, ndraw=40, logz=-9.20, remainder_fraction=73.8025%, Lmin=-5.78, Lmax=-0.31
21:16:05 [ultranest] [DEBUG] iteration=2013, ncalls=14825, regioncalls=580160, ndraw=40, logz=-9.20, remainder_fraction=73.6897%, Lmin=-5.77, Lmax=-0.31
21:16:05 [ultranest] [DEBUG] iteration=2015, ncalls=14856, regioncalls=581400, ndraw=40, logz=-9.20, remainder_fraction=74.1234%, Lmin=-5.77, Lmax=-0.31
21:16:06 [ultranest] [DEBUG] iteration=2016, ncalls=14872, regioncalls=582040, ndraw=40, logz=-9.20, remainder_fraction=74.1351%, Lmin=-5.77, Lmax=-0.31
21:16:06 [ultranest] [DEBUG] iteration=2018, ncalls=14886, regioncalls=582640, ndraw=40, logz=-9.20, remainder_fraction=74.0210%, Lmin=-5.77, Lmax=-0.31
21:16:06 [ultranest] [DEBUG] iteration=2019, ncalls=14905, regioncalls=583400, ndraw=40, logz=-9.20, remainder_fraction=73.9707%, Lmin=-5.77, Lmax=-0.31
21:16:06 [ultranest] [DEBUG] iteration=2020, ncalls=14918, regioncalls=583920, ndraw=40, logz=-9.20, remainder_fraction=74.1096%, Lmin=-5.76, Lmax=-0.31
21:16:06 [ultranest] [DEBUG] iteration=2021, ncalls=14942, regioncalls=584880, ndraw=40, logz=-9.20, remainder_fraction=74.0746%, Lmin=-5.76, Lmax=-0.31
21:16:07 [ultranest] [DEBUG] iteration=2023, ncalls=14988, regioncalls=586720, ndraw=40, logz=-9.19, remainder_fraction=73.9812%, Lmin=-5.76, Lmax=-0.31
21:16:07 [ultranest] [DEBUG] iteration=2024, ncalls=15011, regioncalls=587720, ndraw=40, logz=-9.19, remainder_fraction=73.9255%, Lmin=-5.76, Lmax=-0.31
21:16:07 [ultranest] [DEBUG] iteration=2025, ncalls=15036, regioncalls=588880, ndraw=40, logz=-9.19, remainder_fraction=73.8692%, Lmin=-5.76, Lmax=-0.31
21:16:07 [ultranest] [DEBUG] iteration=2027, ncalls=15050, regioncalls=589440, ndraw=40, logz=-9.19, remainder_fraction=73.7557%, Lmin=-5.75, Lmax=-0.31
21:16:08 [ultranest] [DEBUG] iteration=2029, ncalls=15066, regioncalls=590080, ndraw=40, logz=-9.19, remainder_fraction=73.7040%, Lmin=-5.75, Lmax=-0.31
21:16:08 [ultranest] [DEBUG] iteration=2030, ncalls=15077, regioncalls=590520, ndraw=40, logz=-9.19, remainder_fraction=73.6462%, Lmin=-5.75, Lmax=-0.31
21:16:08 [ultranest] [DEBUG] iteration=2031, ncalls=15099, regioncalls=591400, ndraw=40, logz=-9.19, remainder_fraction=73.5885%, Lmin=-5.74, Lmax=-0.31
21:16:08 [ultranest] [DEBUG] iteration=2032, ncalls=15108, regioncalls=591760, ndraw=40, logz=-9.19, remainder_fraction=73.5328%, Lmin=-5.74, Lmax=-0.31
21:16:08 [ultranest] [DEBUG] iteration=2034, ncalls=15117, regioncalls=592120, ndraw=40, logz=-9.19, remainder_fraction=73.4234%, Lmin=-5.74, Lmax=-0.31
21:16:09 [ultranest] [DEBUG] iteration=2035, ncalls=15149, regioncalls=593480, ndraw=40, logz=-9.19, remainder_fraction=73.4900%, Lmin=-5.73, Lmax=-0.31
21:16:09 [ultranest] [DEBUG] iteration=2036, ncalls=15166, regioncalls=594160, ndraw=40, logz=-9.19, remainder_fraction=73.4334%, Lmin=-5.73, Lmax=-0.31
21:16:09 [ultranest] [DEBUG] iteration=2037, ncalls=15178, regioncalls=594640, ndraw=40, logz=-9.19, remainder_fraction=73.3836%, Lmin=-5.73, Lmax=-0.31
21:16:09 [ultranest] [DEBUG] iteration=2039, ncalls=15186, regioncalls=594960, ndraw=40, logz=-9.19, remainder_fraction=73.2732%, Lmin=-5.72, Lmax=-0.31
21:16:09 [ultranest] [DEBUG] iteration=2040, ncalls=15213, regioncalls=596040, ndraw=40, logz=-9.19, remainder_fraction=73.2163%, Lmin=-5.72, Lmax=-0.31
21:16:10 [ultranest] [DEBUG] iteration=2041, ncalls=15238, regioncalls=597040, ndraw=40, logz=-9.19, remainder_fraction=73.1583%, Lmin=-5.72, Lmax=-0.31
21:16:10 [ultranest] [DEBUG] iteration=2042, ncalls=15248, regioncalls=597440, ndraw=40, logz=-9.18, remainder_fraction=73.1076%, Lmin=-5.72, Lmax=-0.31
21:16:10 [ultranest] [DEBUG] iteration=2044, ncalls=15265, regioncalls=598200, ndraw=40, logz=-9.18, remainder_fraction=73.0405%, Lmin=-5.70, Lmax=-0.31
21:16:10 [ultranest] [DEBUG] iteration=2045, ncalls=15276, regioncalls=598640, ndraw=40, logz=-9.18, remainder_fraction=72.9831%, Lmin=-5.70, Lmax=-0.31
21:16:10 [ultranest] [DEBUG] iteration=2047, ncalls=15291, regioncalls=599240, ndraw=40, logz=-9.18, remainder_fraction=72.9364%, Lmin=-5.69, Lmax=-0.31
21:16:10 [ultranest] [DEBUG] iteration=2048, ncalls=15302, regioncalls=599720, ndraw=40, logz=-9.18, remainder_fraction=72.8785%, Lmin=-5.69, Lmax=-0.31
21:16:10 [ultranest] [DEBUG] iteration=2049, ncalls=15316, regioncalls=600440, ndraw=40, logz=-9.18, remainder_fraction=72.8540%, Lmin=-5.69, Lmax=-0.31
21:16:11 [ultranest] [DEBUG] iteration=2051, ncalls=15325, regioncalls=600800, ndraw=40, logz=-9.18, remainder_fraction=72.7563%, Lmin=-5.68, Lmax=-0.31
21:16:11 [ultranest] [DEBUG] iteration=2052, ncalls=15348, regioncalls=601720, ndraw=40, logz=-9.18, remainder_fraction=72.7133%, Lmin=-5.68, Lmax=-0.31
21:16:11 [ultranest] [DEBUG] iteration=2054, ncalls=15367, regioncalls=602480, ndraw=40, logz=-9.18, remainder_fraction=72.6069%, Lmin=-5.68, Lmax=-0.31
21:16:12 [ultranest] [DEBUG] iteration=2056, ncalls=15423, regioncalls=604720, ndraw=40, logz=-9.18, remainder_fraction=72.5458%, Lmin=-5.68, Lmax=-0.31
21:16:12 [ultranest] [DEBUG] iteration=2058, ncalls=15453, regioncalls=605920, ndraw=40, logz=-9.18, remainder_fraction=72.4336%, Lmin=-5.67, Lmax=-0.31
21:16:12 [ultranest] [DEBUG] iteration=2059, ncalls=15484, regioncalls=607160, ndraw=40, logz=-9.18, remainder_fraction=72.3815%, Lmin=-5.67, Lmax=-0.31
21:16:12 [ultranest] [DEBUG] iteration=2062, ncalls=15500, regioncalls=607800, ndraw=40, logz=-9.18, remainder_fraction=72.2170%, Lmin=-5.66, Lmax=-0.31
21:16:12 [ultranest] [DEBUG] iteration=2063, ncalls=15518, regioncalls=608520, ndraw=40, logz=-9.17, remainder_fraction=72.1574%, Lmin=-5.66, Lmax=-0.31
21:16:14 [ultranest] [DEBUG] iteration=2064, ncalls=15670, regioncalls=614640, ndraw=40, logz=-9.17, remainder_fraction=72.2494%, Lmin=-5.66, Lmax=-0.31
21:16:14 [ultranest] [DEBUG] iteration=2066, ncalls=15679, regioncalls=615000, ndraw=40, logz=-9.17, remainder_fraction=72.1308%, Lmin=-5.66, Lmax=-0.31
21:16:14 [ultranest] [DEBUG] iteration=2067, ncalls=15694, regioncalls=615600, ndraw=40, logz=-9.17, remainder_fraction=72.2021%, Lmin=-5.66, Lmax=-0.31
21:16:14 [ultranest] [DEBUG] iteration=2068, ncalls=15704, regioncalls=616000, ndraw=40, logz=-9.17, remainder_fraction=72.1423%, Lmin=-5.65, Lmax=-0.31
21:16:15 [ultranest] [DEBUG] iteration=2069, ncalls=15715, regioncalls=616480, ndraw=40, logz=-9.17, remainder_fraction=72.1285%, Lmin=-5.65, Lmax=-0.31
21:16:15 [ultranest] [DEBUG] iteration=2070, ncalls=15720, regioncalls=616680, ndraw=40, logz=-9.17, remainder_fraction=72.0718%, Lmin=-5.65, Lmax=-0.31
21:16:15 [ultranest] [DEBUG] iteration=2071, ncalls=15733, regioncalls=617440, ndraw=40, logz=-9.17, remainder_fraction=72.0404%, Lmin=-5.65, Lmax=-0.31
21:16:15 [ultranest] [DEBUG] iteration=2073, ncalls=15753, regioncalls=618240, ndraw=40, logz=-9.17, remainder_fraction=71.9704%, Lmin=-5.64, Lmax=-0.31
21:16:15 [ultranest] [DEBUG] iteration=2074, ncalls=15782, regioncalls=619480, ndraw=40, logz=-9.17, remainder_fraction=71.9141%, Lmin=-5.64, Lmax=-0.31
21:16:15 [ultranest] [DEBUG] iteration=2076, ncalls=15795, regioncalls=620000, ndraw=40, logz=-9.17, remainder_fraction=71.8034%, Lmin=-5.64, Lmax=-0.31
21:16:16 [ultranest] [DEBUG] iteration=2078, ncalls=15823, regioncalls=621120, ndraw=40, logz=-9.17, remainder_fraction=71.8360%, Lmin=-5.63, Lmax=-0.31
21:16:16 [ultranest] [DEBUG] iteration=2079, ncalls=15833, regioncalls=621520, ndraw=40, logz=-9.17, remainder_fraction=71.7884%, Lmin=-5.63, Lmax=-0.31
21:16:16 [ultranest] [DEBUG] iteration=2080, ncalls=15844, regioncalls=621960, ndraw=40, logz=-9.17, remainder_fraction=71.7283%, Lmin=-5.63, Lmax=-0.31
21:16:16 [ultranest] [DEBUG] iteration=2081, ncalls=15859, regioncalls=622560, ndraw=40, logz=-9.17, remainder_fraction=72.1515%, Lmin=-5.62, Lmax=-0.31
21:16:16 [ultranest] [DEBUG] iteration=2083, ncalls=15875, regioncalls=623200, ndraw=40, logz=-9.17, remainder_fraction=72.0358%, Lmin=-5.61, Lmax=-0.31
21:16:17 [ultranest] [DEBUG] iteration=2085, ncalls=15898, regioncalls=624120, ndraw=40, logz=-9.16, remainder_fraction=71.9361%, Lmin=-5.61, Lmax=-0.31
21:16:17 [ultranest] [DEBUG] iteration=2087, ncalls=15926, regioncalls=625240, ndraw=40, logz=-9.16, remainder_fraction=72.1553%, Lmin=-5.60, Lmax=-0.31
21:16:17 [ultranest] [DEBUG] iteration=2088, ncalls=15943, regioncalls=625920, ndraw=40, logz=-9.16, remainder_fraction=72.1500%, Lmin=-5.60, Lmax=-0.31
21:16:17 [ultranest] [DEBUG] iteration=2091, ncalls=15953, regioncalls=626320, ndraw=40, logz=-9.16, remainder_fraction=72.0691%, Lmin=-5.59, Lmax=-0.31
21:16:17 [ultranest] [DEBUG] iteration=2092, ncalls=15964, regioncalls=626760, ndraw=40, logz=-9.16, remainder_fraction=72.0339%, Lmin=-5.59, Lmax=-0.31
21:16:17 [ultranest] [DEBUG] iteration=2094, ncalls=15983, regioncalls=627520, ndraw=40, logz=-9.16, remainder_fraction=71.9466%, Lmin=-5.59, Lmax=-0.31
21:16:18 [ultranest] [DEBUG] iteration=2095, ncalls=16007, regioncalls=628480, ndraw=40, logz=-9.16, remainder_fraction=71.9015%, Lmin=-5.59, Lmax=-0.31
21:16:18 [ultranest] [DEBUG] iteration=2097, ncalls=16019, regioncalls=628960, ndraw=40, logz=-9.16, remainder_fraction=71.7843%, Lmin=-5.58, Lmax=-0.31
21:16:18 [ultranest] [DEBUG] iteration=2099, ncalls=16036, regioncalls=629640, ndraw=40, logz=-9.16, remainder_fraction=71.7110%, Lmin=-5.56, Lmax=-0.31
21:16:18 [ultranest] [DEBUG] iteration=2101, ncalls=16075, regioncalls=631200, ndraw=40, logz=-9.16, remainder_fraction=71.8604%, Lmin=-5.56, Lmax=-0.31
21:16:19 [ultranest] [DEBUG] iteration=2102, ncalls=16084, regioncalls=631680, ndraw=40, logz=-9.16, remainder_fraction=71.8030%, Lmin=-5.55, Lmax=-0.31
21:16:19 [ultranest] [DEBUG] iteration=2103, ncalls=16095, regioncalls=632120, ndraw=40, logz=-9.16, remainder_fraction=71.7669%, Lmin=-5.55, Lmax=-0.31
21:16:19 [ultranest] [DEBUG] iteration=2104, ncalls=16108, regioncalls=632720, ndraw=40, logz=-9.16, remainder_fraction=71.7452%, Lmin=-5.55, Lmax=-0.31
21:16:19 [ultranest] [DEBUG] iteration=2106, ncalls=16127, regioncalls=633480, ndraw=40, logz=-9.15, remainder_fraction=71.6338%, Lmin=-5.55, Lmax=-0.31
21:16:19 [ultranest] [DEBUG] iteration=2108, ncalls=16139, regioncalls=633960, ndraw=40, logz=-9.15, remainder_fraction=71.5271%, Lmin=-5.55, Lmax=-0.31
21:16:19 [ultranest] [DEBUG] iteration=2110, ncalls=16152, regioncalls=634480, ndraw=40, logz=-9.15, remainder_fraction=71.4075%, Lmin=-5.54, Lmax=-0.31
21:16:19 [ultranest] [DEBUG] iteration=2111, ncalls=16162, regioncalls=634880, ndraw=40, logz=-9.15, remainder_fraction=71.3530%, Lmin=-5.54, Lmax=-0.31
21:16:20 [ultranest] [DEBUG] iteration=2113, ncalls=16210, regioncalls=636800, ndraw=40, logz=-9.15, remainder_fraction=71.5283%, Lmin=-5.54, Lmax=-0.31
21:16:20 [ultranest] [DEBUG] iteration=2114, ncalls=16223, regioncalls=637320, ndraw=40, logz=-9.15, remainder_fraction=71.5912%, Lmin=-5.53, Lmax=-0.31
21:16:20 [ultranest] [DEBUG] iteration=2116, ncalls=16253, regioncalls=638520, ndraw=40, logz=-9.15, remainder_fraction=71.6512%, Lmin=-5.53, Lmax=-0.31
21:16:21 [ultranest] [DEBUG] iteration=2117, ncalls=16298, regioncalls=640320, ndraw=40, logz=-9.15, remainder_fraction=71.5969%, Lmin=-5.53, Lmax=-0.31
21:16:21 [ultranest] [DEBUG] iteration=2119, ncalls=16326, regioncalls=641560, ndraw=40, logz=-9.15, remainder_fraction=71.5091%, Lmin=-5.53, Lmax=-0.31
21:16:21 [ultranest] [DEBUG] iteration=2120, ncalls=16343, regioncalls=642240, ndraw=40, logz=-9.15, remainder_fraction=71.5348%, Lmin=-5.52, Lmax=-0.31
21:16:22 [ultranest] [DEBUG] iteration=2122, ncalls=16363, regioncalls=643040, ndraw=40, logz=-9.15, remainder_fraction=71.4361%, Lmin=-5.52, Lmax=-0.31
21:16:22 [ultranest] [DEBUG] iteration=2123, ncalls=16388, regioncalls=644040, ndraw=40, logz=-9.15, remainder_fraction=71.4619%, Lmin=-5.52, Lmax=-0.31
21:16:22 [ultranest] [DEBUG] iteration=2124, ncalls=16408, regioncalls=644840, ndraw=40, logz=-9.15, remainder_fraction=71.4073%, Lmin=-5.50, Lmax=-0.31
21:16:22 [ultranest] [DEBUG] iteration=2125, ncalls=16420, regioncalls=645320, ndraw=40, logz=-9.15, remainder_fraction=71.3615%, Lmin=-5.50, Lmax=-0.31
21:16:23 [ultranest] [DEBUG] iteration=2126, ncalls=16442, regioncalls=646200, ndraw=40, logz=-9.14, remainder_fraction=71.3160%, Lmin=-5.50, Lmax=-0.31
21:16:23 [ultranest] [DEBUG] iteration=2128, ncalls=16497, regioncalls=648400, ndraw=40, logz=-9.14, remainder_fraction=71.1966%, Lmin=-5.50, Lmax=-0.31
21:16:23 [ultranest] [DEBUG] iteration=2130, ncalls=16508, regioncalls=648840, ndraw=40, logz=-9.14, remainder_fraction=71.0987%, Lmin=-5.50, Lmax=-0.31
21:16:23 [ultranest] [DEBUG] iteration=2131, ncalls=16517, regioncalls=649200, ndraw=40, logz=-9.14, remainder_fraction=71.0570%, Lmin=-5.50, Lmax=-0.31
21:16:24 [ultranest] [DEBUG] iteration=2132, ncalls=16545, regioncalls=650320, ndraw=40, logz=-9.14, remainder_fraction=71.0930%, Lmin=-5.50, Lmax=-0.31
21:16:24 [ultranest] [DEBUG] iteration=2134, ncalls=16555, regioncalls=650720, ndraw=40, logz=-9.14, remainder_fraction=70.9945%, Lmin=-5.49, Lmax=-0.31
21:16:24 [ultranest] [DEBUG] iteration=2135, ncalls=16591, regioncalls=652160, ndraw=40, logz=-9.14, remainder_fraction=71.4100%, Lmin=-5.48, Lmax=-0.31
21:16:24 [ultranest] [DEBUG] iteration=2138, ncalls=16607, regioncalls=652800, ndraw=40, logz=-9.14, remainder_fraction=71.5587%, Lmin=-5.47, Lmax=-0.31
21:16:25 [ultranest] [DEBUG] iteration=2140, ncalls=16619, regioncalls=653280, ndraw=40, logz=-9.14, remainder_fraction=71.4500%, Lmin=-5.47, Lmax=-0.31
21:16:25 [ultranest] [DEBUG] iteration=2142, ncalls=16639, regioncalls=654080, ndraw=40, logz=-9.14, remainder_fraction=71.5167%, Lmin=-5.47, Lmax=-0.31
21:16:25 [ultranest] [DEBUG] iteration=2143, ncalls=16654, regioncalls=654680, ndraw=40, logz=-9.14, remainder_fraction=71.4838%, Lmin=-5.46, Lmax=-0.31
21:16:25 [ultranest] [DEBUG] iteration=2145, ncalls=16665, regioncalls=655120, ndraw=40, logz=-9.14, remainder_fraction=71.5980%, Lmin=-5.46, Lmax=-0.31
21:16:25 [ultranest] [DEBUG] iteration=2146, ncalls=16687, regioncalls=656000, ndraw=40, logz=-9.14, remainder_fraction=71.7141%, Lmin=-5.45, Lmax=-0.31
21:16:26 [ultranest] [DEBUG] iteration=2147, ncalls=16726, regioncalls=657560, ndraw=40, logz=-9.13, remainder_fraction=71.6663%, Lmin=-5.45, Lmax=-0.31
21:16:26 [ultranest] [DEBUG] iteration=2148, ncalls=16738, regioncalls=658040, ndraw=40, logz=-9.13, remainder_fraction=71.7832%, Lmin=-5.44, Lmax=-0.31
21:16:26 [ultranest] [DEBUG] iteration=2152, ncalls=16748, regioncalls=658440, ndraw=40, logz=-9.13, remainder_fraction=71.6400%, Lmin=-5.44, Lmax=-0.31
21:16:26 [ultranest] [DEBUG] iteration=2153, ncalls=16758, regioncalls=658840, ndraw=40, logz=-9.13, remainder_fraction=71.5821%, Lmin=-5.43, Lmax=-0.31
21:16:26 [ultranest] [DEBUG] iteration=2154, ncalls=16774, regioncalls=659480, ndraw=40, logz=-9.13, remainder_fraction=71.6510%, Lmin=-5.43, Lmax=-0.31
21:16:27 [ultranest] [DEBUG] iteration=2157, ncalls=16816, regioncalls=661160, ndraw=40, logz=-9.13, remainder_fraction=71.7727%, Lmin=-5.43, Lmax=-0.31
21:16:27 [ultranest] [DEBUG] iteration=2158, ncalls=16830, regioncalls=661720, ndraw=40, logz=-9.13, remainder_fraction=71.7150%, Lmin=-5.42, Lmax=-0.31
21:16:27 [ultranest] [DEBUG] iteration=2159, ncalls=16875, regioncalls=663520, ndraw=40, logz=-9.13, remainder_fraction=71.6555%, Lmin=-5.42, Lmax=-0.31
21:16:27 [ultranest] [DEBUG] iteration=2160, ncalls=16884, regioncalls=663880, ndraw=40, logz=-9.13, remainder_fraction=71.5964%, Lmin=-5.41, Lmax=-0.31
21:16:28 [ultranest] [DEBUG] iteration=2161, ncalls=16898, regioncalls=664440, ndraw=40, logz=-9.13, remainder_fraction=71.5461%, Lmin=-5.41, Lmax=-0.31
21:16:28 [ultranest] [DEBUG] iteration=2162, ncalls=16917, regioncalls=665200, ndraw=40, logz=-9.13, remainder_fraction=71.4868%, Lmin=-5.40, Lmax=-0.31
21:16:28 [ultranest] [DEBUG] iteration=2165, ncalls=16927, regioncalls=665600, ndraw=40, logz=-9.13, remainder_fraction=71.3265%, Lmin=-5.39, Lmax=-0.31
21:16:28 [ultranest] [DEBUG] iteration=2168, ncalls=16950, regioncalls=666520, ndraw=40, logz=-9.13, remainder_fraction=71.1755%, Lmin=-5.38, Lmax=-0.31
21:16:29 [ultranest] [DEBUG] iteration=2169, ncalls=16972, regioncalls=667400, ndraw=40, logz=-9.12, remainder_fraction=71.1149%, Lmin=-5.38, Lmax=-0.31
21:16:29 [ultranest] [DEBUG] iteration=2170, ncalls=17022, regioncalls=669400, ndraw=40, logz=-9.12, remainder_fraction=71.0539%, Lmin=-5.38, Lmax=-0.31
21:16:30 [ultranest] [DEBUG] iteration=2171, ncalls=17065, regioncalls=671120, ndraw=40, logz=-9.12, remainder_fraction=71.0006%, Lmin=-5.37, Lmax=-0.31
21:16:30 [ultranest] [DEBUG] iteration=2172, ncalls=17094, regioncalls=672280, ndraw=40, logz=-9.12, remainder_fraction=71.0044%, Lmin=-5.37, Lmax=-0.31
21:16:30 [ultranest] [DEBUG] iteration=2174, ncalls=17116, regioncalls=673160, ndraw=40, logz=-9.12, remainder_fraction=70.9390%, Lmin=-5.37, Lmax=-0.31
21:16:30 [ultranest] [DEBUG] iteration=2175, ncalls=17129, regioncalls=673680, ndraw=40, logz=-9.12, remainder_fraction=70.9055%, Lmin=-5.37, Lmax=-0.31
21:16:30 [ultranest] [DEBUG] iteration=2177, ncalls=17151, regioncalls=674560, ndraw=40, logz=-9.12, remainder_fraction=70.8372%, Lmin=-5.36, Lmax=-0.31
21:16:31 [ultranest] [DEBUG] iteration=2179, ncalls=17175, regioncalls=675520, ndraw=40, logz=-9.12, remainder_fraction=70.7499%, Lmin=-5.36, Lmax=-0.31
21:16:31 [ultranest] [DEBUG] iteration=2180, ncalls=17209, regioncalls=676880, ndraw=40, logz=-9.12, remainder_fraction=70.6929%, Lmin=-5.35, Lmax=-0.31
21:16:31 [ultranest] [DEBUG] iteration=2181, ncalls=17226, regioncalls=677560, ndraw=40, logz=-9.12, remainder_fraction=70.6588%, Lmin=-5.35, Lmax=-0.31
21:16:31 [ultranest] [DEBUG] iteration=2185, ncalls=17236, regioncalls=677960, ndraw=40, logz=-9.12, remainder_fraction=70.4418%, Lmin=-5.34, Lmax=-0.31
21:16:31 [ultranest] [DEBUG] iteration=2186, ncalls=17246, regioncalls=678360, ndraw=40, logz=-9.12, remainder_fraction=70.3801%, Lmin=-5.34, Lmax=-0.31
21:16:32 [ultranest] [DEBUG] iteration=2187, ncalls=17261, regioncalls=678960, ndraw=40, logz=-9.12, remainder_fraction=70.3481%, Lmin=-5.34, Lmax=-0.31
21:16:32 [ultranest] [DEBUG] iteration=2189, ncalls=17274, regioncalls=679480, ndraw=40, logz=-9.12, remainder_fraction=70.4558%, Lmin=-5.34, Lmax=-0.31
21:16:32 [ultranest] [DEBUG] iteration=2190, ncalls=17289, regioncalls=680080, ndraw=40, logz=-9.11, remainder_fraction=70.3948%, Lmin=-5.34, Lmax=-0.31
21:16:32 [ultranest] [DEBUG] iteration=2191, ncalls=17309, regioncalls=681040, ndraw=40, logz=-9.11, remainder_fraction=70.3510%, Lmin=-5.33, Lmax=-0.31
21:16:32 [ultranest] [DEBUG] iteration=2193, ncalls=17322, regioncalls=681600, ndraw=40, logz=-9.11, remainder_fraction=70.2459%, Lmin=-5.33, Lmax=-0.31
21:16:33 [ultranest] [DEBUG] iteration=2194, ncalls=17353, regioncalls=682840, ndraw=40, logz=-9.11, remainder_fraction=70.6689%, Lmin=-5.33, Lmax=-0.31
21:16:33 [ultranest] [DEBUG] iteration=2196, ncalls=17388, regioncalls=684240, ndraw=40, logz=-9.11, remainder_fraction=70.5783%, Lmin=-5.32, Lmax=-0.31
21:16:33 [ultranest] [DEBUG] iteration=2197, ncalls=17412, regioncalls=685200, ndraw=40, logz=-9.11, remainder_fraction=70.5200%, Lmin=-5.32, Lmax=-0.31
21:16:34 [ultranest] [DEBUG] iteration=2198, ncalls=17434, regioncalls=686080, ndraw=40, logz=-9.11, remainder_fraction=70.4734%, Lmin=-5.31, Lmax=-0.31
21:16:34 [ultranest] [DEBUG] iteration=2199, ncalls=17501, regioncalls=688760, ndraw=40, logz=-9.11, remainder_fraction=70.4145%, Lmin=-5.31, Lmax=-0.31
21:16:34 [ultranest] [DEBUG] iteration=2200, ncalls=17502, regioncalls=688800, ndraw=40, logz=-9.11, remainder_fraction=70.3780%, Lmin=-5.30, Lmax=-0.31
21:16:35 [ultranest] [DEBUG] iteration=2202, ncalls=17540, regioncalls=690320, ndraw=40, logz=-9.11, remainder_fraction=70.2707%, Lmin=-5.30, Lmax=-0.31
21:16:35 [ultranest] [DEBUG] iteration=2204, ncalls=17556, regioncalls=690960, ndraw=40, logz=-9.11, remainder_fraction=70.1492%, Lmin=-5.29, Lmax=-0.31
21:16:35 [ultranest] [DEBUG] iteration=2206, ncalls=17574, regioncalls=691680, ndraw=40, logz=-9.11, remainder_fraction=70.1145%, Lmin=-5.29, Lmax=-0.31
21:16:35 [ultranest] [DEBUG] iteration=2209, ncalls=17586, regioncalls=692160, ndraw=40, logz=-9.11, remainder_fraction=70.2349%, Lmin=-5.29, Lmax=-0.31
21:16:35 [ultranest] [DEBUG] iteration=2210, ncalls=17596, regioncalls=692560, ndraw=40, logz=-9.11, remainder_fraction=70.1739%, Lmin=-5.28, Lmax=-0.31
21:16:36 [ultranest] [DEBUG] iteration=2211, ncalls=17621, regioncalls=693560, ndraw=40, logz=-9.11, remainder_fraction=70.1497%, Lmin=-5.28, Lmax=-0.31
21:16:36 [ultranest] [DEBUG] iteration=2213, ncalls=17630, regioncalls=693920, ndraw=40, logz=-9.10, remainder_fraction=70.0278%, Lmin=-5.28, Lmax=-0.31
21:16:36 [ultranest] [DEBUG] iteration=2216, ncalls=17682, regioncalls=696000, ndraw=40, logz=-9.10, remainder_fraction=69.9091%, Lmin=-5.27, Lmax=-0.31
21:16:37 [ultranest] [DEBUG] iteration=2217, ncalls=17698, regioncalls=696640, ndraw=40, logz=-9.10, remainder_fraction=69.8623%, Lmin=-5.27, Lmax=-0.31
21:16:37 [ultranest] [DEBUG] iteration=2220, ncalls=17782, regioncalls=700000, ndraw=40, logz=-9.10, remainder_fraction=69.7533%, Lmin=-5.26, Lmax=-0.31
21:16:38 [ultranest] [DEBUG] iteration=2221, ncalls=17791, regioncalls=700360, ndraw=40, logz=-9.10, remainder_fraction=69.6932%, Lmin=-5.26, Lmax=-0.31
21:16:38 [ultranest] [DEBUG] iteration=2222, ncalls=17874, regioncalls=703800, ndraw=40, logz=-9.10, remainder_fraction=69.6935%, Lmin=-5.26, Lmax=-0.31
21:16:39 [ultranest] [DEBUG] iteration=2223, ncalls=17889, regioncalls=704400, ndraw=40, logz=-9.10, remainder_fraction=69.6470%, Lmin=-5.26, Lmax=-0.31
21:16:39 [ultranest] [DEBUG] iteration=2224, ncalls=17933, regioncalls=706200, ndraw=40, logz=-9.10, remainder_fraction=69.5962%, Lmin=-5.25, Lmax=-0.31
21:16:39 [ultranest] [DEBUG] iteration=2225, ncalls=17955, regioncalls=707080, ndraw=40, logz=-9.10, remainder_fraction=69.6126%, Lmin=-5.25, Lmax=-0.31
21:16:39 [ultranest] [DEBUG] iteration=2226, ncalls=17966, regioncalls=707520, ndraw=40, logz=-9.10, remainder_fraction=69.5535%, Lmin=-5.25, Lmax=-0.31
21:16:40 [ultranest] [DEBUG] iteration=2227, ncalls=17997, regioncalls=708760, ndraw=40, logz=-9.10, remainder_fraction=69.6608%, Lmin=-5.25, Lmax=-0.31
21:16:40 [ultranest] [DEBUG] iteration=2228, ncalls=18012, regioncalls=709360, ndraw=40, logz=-9.10, remainder_fraction=69.6078%, Lmin=-5.25, Lmax=-0.31
21:16:40 [ultranest] [DEBUG] iteration=2229, ncalls=18048, regioncalls=710800, ndraw=40, logz=-9.10, remainder_fraction=69.7624%, Lmin=-5.25, Lmax=-0.31
21:16:40 [ultranest] [DEBUG] iteration=2231, ncalls=18064, regioncalls=711440, ndraw=40, logz=-9.10, remainder_fraction=70.0052%, Lmin=-5.24, Lmax=-0.31
21:16:41 [ultranest] [DEBUG] iteration=2232, ncalls=18077, regioncalls=711960, ndraw=40, logz=-9.10, remainder_fraction=69.9546%, Lmin=-5.24, Lmax=-0.31
21:16:41 [ultranest] [DEBUG] iteration=2233, ncalls=18094, regioncalls=712640, ndraw=40, logz=-9.10, remainder_fraction=69.8944%, Lmin=-5.24, Lmax=-0.31
21:16:41 [ultranest] [DEBUG] iteration=2234, ncalls=18114, regioncalls=713440, ndraw=40, logz=-9.10, remainder_fraction=69.8477%, Lmin=-5.23, Lmax=-0.31
21:16:41 [ultranest] [DEBUG] iteration=2235, ncalls=18129, regioncalls=714040, ndraw=40, logz=-9.09, remainder_fraction=69.7868%, Lmin=-5.23, Lmax=-0.31
21:16:41 [ultranest] [DEBUG] iteration=2236, ncalls=18153, regioncalls=715000, ndraw=40, logz=-9.09, remainder_fraction=69.9267%, Lmin=-5.23, Lmax=-0.31
21:16:42 [ultranest] [DEBUG] iteration=2237, ncalls=18174, regioncalls=715840, ndraw=40, logz=-9.09, remainder_fraction=69.8651%, Lmin=-5.22, Lmax=-0.31
21:16:42 [ultranest] [DEBUG] iteration=2238, ncalls=18186, regioncalls=716320, ndraw=40, logz=-9.09, remainder_fraction=69.9973%, Lmin=-5.22, Lmax=-0.31
21:16:43 [ultranest] [DEBUG] iteration=2240, ncalls=18287, regioncalls=720360, ndraw=40, logz=-9.09, remainder_fraction=69.8883%, Lmin=-5.21, Lmax=-0.31
21:16:43 [ultranest] [DEBUG] iteration=2242, ncalls=18323, regioncalls=721800, ndraw=40, logz=-9.09, remainder_fraction=69.7661%, Lmin=-5.20, Lmax=-0.31
21:16:43 [ultranest] [DEBUG] iteration=2243, ncalls=18338, regioncalls=722400, ndraw=40, logz=-9.09, remainder_fraction=69.7040%, Lmin=-5.20, Lmax=-0.31
21:16:43 [ultranest] [DEBUG] iteration=2244, ncalls=18354, regioncalls=723040, ndraw=40, logz=-9.09, remainder_fraction=69.7130%, Lmin=-5.20, Lmax=-0.31
21:16:44 [ultranest] [DEBUG] iteration=2245, ncalls=18376, regioncalls=723920, ndraw=40, logz=-9.09, remainder_fraction=69.7359%, Lmin=-5.19, Lmax=-0.31
21:16:44 [ultranest] [DEBUG] iteration=2246, ncalls=18401, regioncalls=724920, ndraw=40, logz=-9.09, remainder_fraction=69.6747%, Lmin=-5.19, Lmax=-0.31
21:16:44 [ultranest] [DEBUG] iteration=2247, ncalls=18424, regioncalls=725840, ndraw=40, logz=-9.09, remainder_fraction=69.6606%, Lmin=-5.19, Lmax=-0.31
21:16:45 [ultranest] [DEBUG] iteration=2249, ncalls=18450, regioncalls=726880, ndraw=40, logz=-9.09, remainder_fraction=69.7537%, Lmin=-5.18, Lmax=-0.31
21:16:45 [ultranest] [DEBUG] iteration=2250, ncalls=18470, regioncalls=727680, ndraw=40, logz=-9.09, remainder_fraction=69.6935%, Lmin=-5.18, Lmax=-0.31
21:16:45 [ultranest] [DEBUG] iteration=2251, ncalls=18501, regioncalls=728920, ndraw=40, logz=-9.09, remainder_fraction=69.6324%, Lmin=-5.18, Lmax=-0.31
21:16:46 [ultranest] [DEBUG] iteration=2253, ncalls=18574, regioncalls=731840, ndraw=40, logz=-9.09, remainder_fraction=69.5373%, Lmin=-5.17, Lmax=-0.31
21:16:46 [ultranest] [DEBUG] iteration=2254, ncalls=18583, regioncalls=732200, ndraw=40, logz=-9.09, remainder_fraction=69.5209%, Lmin=-5.17, Lmax=-0.31
21:16:46 [ultranest] [DEBUG] iteration=2255, ncalls=18610, regioncalls=733280, ndraw=40, logz=-9.09, remainder_fraction=69.6584%, Lmin=-5.17, Lmax=-0.31
21:16:47 [ultranest] [DEBUG] iteration=2257, ncalls=18660, regioncalls=735280, ndraw=40, logz=-9.08, remainder_fraction=69.5696%, Lmin=-5.16, Lmax=-0.31
21:16:47 [ultranest] [DEBUG] iteration=2258, ncalls=18672, regioncalls=735760, ndraw=40, logz=-9.08, remainder_fraction=69.5112%, Lmin=-5.16, Lmax=-0.31
21:16:47 [ultranest] [DEBUG] iteration=2260, ncalls=18718, regioncalls=737600, ndraw=40, logz=-9.08, remainder_fraction=69.3893%, Lmin=-5.16, Lmax=-0.31
21:16:48 [ultranest] [DEBUG] iteration=2262, ncalls=18744, regioncalls=738640, ndraw=40, logz=-9.08, remainder_fraction=69.2716%, Lmin=-5.15, Lmax=-0.31
21:16:48 [ultranest] [DEBUG] iteration=2263, ncalls=18758, regioncalls=739200, ndraw=40, logz=-9.08, remainder_fraction=69.2117%, Lmin=-5.15, Lmax=-0.31
21:16:48 [ultranest] [DEBUG] iteration=2264, ncalls=18769, regioncalls=739640, ndraw=40, logz=-9.08, remainder_fraction=69.1716%, Lmin=-5.15, Lmax=-0.31
21:16:48 [ultranest] [DEBUG] iteration=2265, ncalls=18798, regioncalls=740800, ndraw=40, logz=-9.08, remainder_fraction=69.1163%, Lmin=-5.15, Lmax=-0.31
21:16:48 [ultranest] [DEBUG] iteration=2267, ncalls=18818, regioncalls=741600, ndraw=40, logz=-9.08, remainder_fraction=69.0124%, Lmin=-5.15, Lmax=-0.31
21:16:49 [ultranest] [DEBUG] iteration=2268, ncalls=18876, regioncalls=743920, ndraw=40, logz=-9.08, remainder_fraction=68.9892%, Lmin=-5.15, Lmax=-0.31
21:16:49 [ultranest] [DEBUG] iteration=2270, ncalls=18914, regioncalls=745440, ndraw=40, logz=-9.08, remainder_fraction=68.8782%, Lmin=-5.14, Lmax=-0.31
21:16:50 [ultranest] [DEBUG] iteration=2272, ncalls=18929, regioncalls=746040, ndraw=40, logz=-9.08, remainder_fraction=68.7693%, Lmin=-5.14, Lmax=-0.31
21:16:50 [ultranest] [DEBUG] iteration=2273, ncalls=18947, regioncalls=746760, ndraw=40, logz=-9.08, remainder_fraction=68.7066%, Lmin=-5.14, Lmax=-0.31
21:16:50 [ultranest] [DEBUG] iteration=2274, ncalls=18970, regioncalls=747680, ndraw=40, logz=-9.08, remainder_fraction=68.7032%, Lmin=-5.14, Lmax=-0.31
21:16:50 [ultranest] [DEBUG] iteration=2276, ncalls=18991, regioncalls=748520, ndraw=40, logz=-9.08, remainder_fraction=68.5870%, Lmin=-5.13, Lmax=-0.31
21:16:50 [ultranest] [DEBUG] iteration=2277, ncalls=19002, regioncalls=748960, ndraw=40, logz=-9.08, remainder_fraction=68.5373%, Lmin=-5.12, Lmax=-0.31
21:16:51 [ultranest] [DEBUG] iteration=2278, ncalls=19027, regioncalls=749960, ndraw=40, logz=-9.08, remainder_fraction=68.6793%, Lmin=-5.11, Lmax=-0.31
21:16:51 [ultranest] [DEBUG] iteration=2279, ncalls=19045, regioncalls=750680, ndraw=40, logz=-9.08, remainder_fraction=68.6255%, Lmin=-5.11, Lmax=-0.31
21:16:51 [ultranest] [DEBUG] iteration=2280, ncalls=19054, regioncalls=751040, ndraw=40, logz=-9.07, remainder_fraction=68.7603%, Lmin=-5.11, Lmax=-0.31
21:16:51 [ultranest] [DEBUG] iteration=2281, ncalls=19076, regioncalls=751920, ndraw=40, logz=-9.07, remainder_fraction=68.7611%, Lmin=-5.11, Lmax=-0.31
21:16:51 [ultranest] [DEBUG] iteration=2282, ncalls=19091, regioncalls=752520, ndraw=40, logz=-9.07, remainder_fraction=68.7919%, Lmin=-5.10, Lmax=-0.31
21:16:52 [ultranest] [DEBUG] iteration=2283, ncalls=19119, regioncalls=753640, ndraw=40, logz=-9.07, remainder_fraction=68.7289%, Lmin=-5.10, Lmax=-0.31
21:16:52 [ultranest] [DEBUG] iteration=2285, ncalls=19130, regioncalls=754080, ndraw=40, logz=-9.07, remainder_fraction=68.6190%, Lmin=-5.09, Lmax=-0.31
21:16:52 [ultranest] [DEBUG] iteration=2286, ncalls=19157, regioncalls=755160, ndraw=40, logz=-9.07, remainder_fraction=68.5571%, Lmin=-5.08, Lmax=-0.31
21:16:52 [ultranest] [DEBUG] iteration=2288, ncalls=19173, regioncalls=755800, ndraw=40, logz=-9.07, remainder_fraction=68.4673%, Lmin=-5.07, Lmax=-0.31
21:16:52 [ultranest] [DEBUG] iteration=2289, ncalls=19203, regioncalls=757000, ndraw=40, logz=-9.07, remainder_fraction=68.4051%, Lmin=-5.07, Lmax=-0.31
21:16:53 [ultranest] [DEBUG] iteration=2291, ncalls=19253, regioncalls=759000, ndraw=40, logz=-9.07, remainder_fraction=68.4568%, Lmin=-5.06, Lmax=-0.31
21:16:53 [ultranest] [DEBUG] iteration=2293, ncalls=19270, regioncalls=759680, ndraw=40, logz=-9.07, remainder_fraction=68.3303%, Lmin=-5.06, Lmax=-0.31
21:16:53 [ultranest] [DEBUG] iteration=2294, ncalls=19283, regioncalls=760200, ndraw=40, logz=-9.07, remainder_fraction=68.5683%, Lmin=-5.06, Lmax=-0.31
21:16:53 [ultranest] [DEBUG] iteration=2295, ncalls=19299, regioncalls=760840, ndraw=40, logz=-9.07, remainder_fraction=68.5101%, Lmin=-5.05, Lmax=-0.31
21:16:54 [ultranest] [DEBUG] iteration=2297, ncalls=19345, regioncalls=762680, ndraw=40, logz=-9.07, remainder_fraction=68.6218%, Lmin=-5.05, Lmax=-0.31
21:16:54 [ultranest] [DEBUG] iteration=2298, ncalls=19390, regioncalls=764480, ndraw=40, logz=-9.07, remainder_fraction=68.6608%, Lmin=-5.04, Lmax=-0.31
21:16:55 [ultranest] [DEBUG] iteration=2299, ncalls=19405, regioncalls=765080, ndraw=40, logz=-9.07, remainder_fraction=68.6632%, Lmin=-5.04, Lmax=-0.31
21:16:55 [ultranest] [DEBUG] iteration=2300, ncalls=19424, regioncalls=765840, ndraw=40, logz=-9.07, remainder_fraction=68.6120%, Lmin=-5.04, Lmax=-0.31
21:16:55 [ultranest] [DEBUG] iteration=2301, ncalls=19454, regioncalls=767040, ndraw=40, logz=-9.07, remainder_fraction=68.5731%, Lmin=-5.03, Lmax=-0.31
21:16:55 [ultranest] [DEBUG] iteration=2302, ncalls=19478, regioncalls=768000, ndraw=40, logz=-9.06, remainder_fraction=68.5399%, Lmin=-5.03, Lmax=-0.31
21:16:56 [ultranest] [DEBUG] iteration=2304, ncalls=19531, regioncalls=770120, ndraw=40, logz=-9.06, remainder_fraction=68.4595%, Lmin=-5.02, Lmax=-0.31
21:16:56 [ultranest] [DEBUG] iteration=2305, ncalls=19547, regioncalls=770760, ndraw=40, logz=-9.06, remainder_fraction=68.3993%, Lmin=-5.02, Lmax=-0.31
21:16:57 [ultranest] [DEBUG] iteration=2307, ncalls=19601, regioncalls=772920, ndraw=40, logz=-9.06, remainder_fraction=68.6866%, Lmin=-5.02, Lmax=-0.31
21:16:57 [ultranest] [DEBUG] iteration=2309, ncalls=19629, regioncalls=774040, ndraw=40, logz=-9.06, remainder_fraction=68.6592%, Lmin=-5.00, Lmax=-0.31
21:16:57 [ultranest] [DEBUG] iteration=2311, ncalls=19638, regioncalls=774400, ndraw=40, logz=-9.06, remainder_fraction=68.5325%, Lmin=-5.00, Lmax=-0.31
21:16:57 [ultranest] [DEBUG] iteration=2312, ncalls=19658, regioncalls=775200, ndraw=40, logz=-9.06, remainder_fraction=68.6453%, Lmin=-5.00, Lmax=-0.31
21:16:58 [ultranest] [DEBUG] iteration=2313, ncalls=19719, regioncalls=777640, ndraw=40, logz=-9.06, remainder_fraction=68.5907%, Lmin=-5.00, Lmax=-0.31
21:16:58 [ultranest] [DEBUG] iteration=2314, ncalls=19734, regioncalls=778240, ndraw=40, logz=-9.06, remainder_fraction=68.5279%, Lmin=-5.00, Lmax=-0.31
21:16:58 [ultranest] [DEBUG] iteration=2315, ncalls=19750, regioncalls=778880, ndraw=40, logz=-9.06, remainder_fraction=68.4898%, Lmin=-5.00, Lmax=-0.31
21:16:59 [ultranest] [DEBUG] iteration=2316, ncalls=19786, regioncalls=780320, ndraw=40, logz=-9.06, remainder_fraction=68.4545%, Lmin=-5.00, Lmax=-0.31
21:16:59 [ultranest] [DEBUG] iteration=2318, ncalls=19808, regioncalls=781200, ndraw=40, logz=-9.06, remainder_fraction=68.3357%, Lmin=-4.99, Lmax=-0.31
21:16:59 [ultranest] [DEBUG] iteration=2319, ncalls=19823, regioncalls=781800, ndraw=40, logz=-9.06, remainder_fraction=68.2969%, Lmin=-4.99, Lmax=-0.31
21:16:59 [ultranest] [DEBUG] iteration=2320, ncalls=19826, regioncalls=781920, ndraw=40, logz=-9.06, remainder_fraction=68.2384%, Lmin=-4.98, Lmax=-0.31
21:17:00 [ultranest] [DEBUG] iteration=2323, ncalls=19942, regioncalls=786560, ndraw=40, logz=-9.06, remainder_fraction=68.1144%, Lmin=-4.97, Lmax=-0.31
21:17:01 [ultranest] [DEBUG] iteration=2325, ncalls=19989, regioncalls=788440, ndraw=40, logz=-9.05, remainder_fraction=68.0745%, Lmin=-4.96, Lmax=-0.31
21:17:01 [ultranest] [DEBUG] iteration=2328, ncalls=20013, regioncalls=789400, ndraw=40, logz=-9.05, remainder_fraction=68.2271%, Lmin=-4.95, Lmax=-0.31
21:17:01 [ultranest] [DEBUG] iteration=2330, ncalls=20027, regioncalls=789960, ndraw=40, logz=-9.05, remainder_fraction=68.1189%, Lmin=-4.95, Lmax=-0.31
21:17:02 [ultranest] [DEBUG] iteration=2332, ncalls=20131, regioncalls=794120, ndraw=40, logz=-9.05, remainder_fraction=68.1712%, Lmin=-4.94, Lmax=-0.31
21:17:02 [ultranest] [DEBUG] iteration=2334, ncalls=20142, regioncalls=794560, ndraw=40, logz=-9.05, remainder_fraction=68.0597%, Lmin=-4.94, Lmax=-0.31
21:17:03 [ultranest] [DEBUG] iteration=2335, ncalls=20162, regioncalls=795360, ndraw=40, logz=-9.05, remainder_fraction=68.0160%, Lmin=-4.94, Lmax=-0.31
21:17:03 [ultranest] [DEBUG] iteration=2337, ncalls=20178, regioncalls=796000, ndraw=40, logz=-9.05, remainder_fraction=67.9248%, Lmin=-4.94, Lmax=-0.31
21:17:03 [ultranest] [DEBUG] iteration=2339, ncalls=20192, regioncalls=796560, ndraw=40, logz=-9.05, remainder_fraction=68.0922%, Lmin=-4.93, Lmax=-0.31
21:17:03 [ultranest] [DEBUG] iteration=2340, ncalls=20213, regioncalls=797720, ndraw=40, logz=-9.05, remainder_fraction=68.0358%, Lmin=-4.93, Lmax=-0.31
21:17:03 [ultranest] [DEBUG] iteration=2341, ncalls=20224, regioncalls=798560, ndraw=40, logz=-9.05, remainder_fraction=67.9877%, Lmin=-4.92, Lmax=-0.31
21:17:04 [ultranest] [DEBUG] iteration=2343, ncalls=20255, regioncalls=800880, ndraw=40, logz=-9.05, remainder_fraction=67.9731%, Lmin=-4.92, Lmax=-0.31
21:17:04 [ultranest] [DEBUG] iteration=2344, ncalls=20292, regioncalls=802680, ndraw=40, logz=-9.05, remainder_fraction=67.9110%, Lmin=-4.90, Lmax=-0.31
21:17:04 [ultranest] [DEBUG] iteration=2345, ncalls=20310, regioncalls=803440, ndraw=40, logz=-9.05, remainder_fraction=67.8516%, Lmin=-4.89, Lmax=-0.31
21:17:05 [ultranest] [DEBUG] iteration=2349, ncalls=20349, regioncalls=805760, ndraw=40, logz=-9.04, remainder_fraction=67.7402%, Lmin=-4.88, Lmax=-0.31
21:17:05 [ultranest] [DEBUG] iteration=2351, ncalls=20367, regioncalls=806720, ndraw=40, logz=-9.04, remainder_fraction=67.6486%, Lmin=-4.88, Lmax=-0.31
21:17:05 [ultranest] [DEBUG] iteration=2352, ncalls=20385, regioncalls=807880, ndraw=40, logz=-9.04, remainder_fraction=67.5854%, Lmin=-4.87, Lmax=-0.31
21:17:05 [ultranest] [DEBUG] iteration=2353, ncalls=20420, regioncalls=810120, ndraw=40, logz=-9.04, remainder_fraction=67.6708%, Lmin=-4.87, Lmax=-0.31
21:17:06 [ultranest] [DEBUG] iteration=2354, ncalls=20478, regioncalls=813720, ndraw=40, logz=-9.04, remainder_fraction=67.7345%, Lmin=-4.87, Lmax=-0.31
21:17:06 [ultranest] [DEBUG] iteration=2355, ncalls=20497, regioncalls=815520, ndraw=40, logz=-9.04, remainder_fraction=67.6741%, Lmin=-4.86, Lmax=-0.31
21:17:06 [ultranest] [DEBUG] iteration=2356, ncalls=20508, regioncalls=816160, ndraw=40, logz=-9.04, remainder_fraction=67.6117%, Lmin=-4.85, Lmax=-0.31
21:17:07 [ultranest] [DEBUG] iteration=2357, ncalls=20587, regioncalls=821880, ndraw=40, logz=-9.04, remainder_fraction=67.5624%, Lmin=-4.84, Lmax=-0.31
21:17:07 [ultranest] [DEBUG] iteration=2358, ncalls=20620, regioncalls=823600, ndraw=40, logz=-9.04, remainder_fraction=67.6450%, Lmin=-4.84, Lmax=-0.31
21:17:08 [ultranest] [DEBUG] iteration=2359, ncalls=20649, regioncalls=825440, ndraw=40, logz=-9.04, remainder_fraction=67.5831%, Lmin=-4.83, Lmax=-0.31
21:17:08 [ultranest] [DEBUG] iteration=2360, ncalls=20668, regioncalls=826680, ndraw=40, logz=-9.04, remainder_fraction=67.6749%, Lmin=-4.83, Lmax=-0.31
21:17:08 [ultranest] [DEBUG] iteration=2361, ncalls=20702, regioncalls=828640, ndraw=40, logz=-9.04, remainder_fraction=67.6131%, Lmin=-4.82, Lmax=-0.31
21:17:09 [ultranest] [DEBUG] iteration=2362, ncalls=20726, regioncalls=830200, ndraw=40, logz=-9.04, remainder_fraction=67.7728%, Lmin=-4.81, Lmax=-0.31
21:17:09 [ultranest] [DEBUG] iteration=2363, ncalls=20759, regioncalls=831880, ndraw=40, logz=-9.04, remainder_fraction=67.7128%, Lmin=-4.80, Lmax=-0.31
21:17:09 [ultranest] [DEBUG] iteration=2364, ncalls=20802, regioncalls=833640, ndraw=40, logz=-9.04, remainder_fraction=67.7904%, Lmin=-4.79, Lmax=-0.31
21:17:10 [ultranest] [DEBUG] iteration=2366, ncalls=20817, regioncalls=834680, ndraw=40, logz=-9.04, remainder_fraction=67.6846%, Lmin=-4.79, Lmax=-0.31
21:17:10 [ultranest] [DEBUG] iteration=2367, ncalls=20906, regioncalls=839320, ndraw=40, logz=-9.04, remainder_fraction=67.6370%, Lmin=-4.78, Lmax=-0.31
21:17:11 [ultranest] [DEBUG] iteration=2368, ncalls=20942, regioncalls=841800, ndraw=40, logz=-9.04, remainder_fraction=67.5821%, Lmin=-4.78, Lmax=-0.31
21:17:11 [ultranest] [DEBUG] iteration=2370, ncalls=20952, regioncalls=842200, ndraw=40, logz=-9.03, remainder_fraction=67.4725%, Lmin=-4.77, Lmax=-0.31
21:17:11 [ultranest] [DEBUG] iteration=2372, ncalls=20976, regioncalls=843760, ndraw=40, logz=-9.03, remainder_fraction=67.5793%, Lmin=-4.75, Lmax=-0.31
21:17:11 [ultranest] [DEBUG] iteration=2373, ncalls=20993, regioncalls=844880, ndraw=40, logz=-9.03, remainder_fraction=67.5166%, Lmin=-4.75, Lmax=-0.31
21:17:12 [ultranest] [DEBUG] iteration=2374, ncalls=21008, regioncalls=845640, ndraw=40, logz=-9.03, remainder_fraction=67.4542%, Lmin=-4.75, Lmax=-0.31
21:17:12 [ultranest] [DEBUG] iteration=2375, ncalls=21069, regioncalls=849960, ndraw=40, logz=-9.03, remainder_fraction=67.4039%, Lmin=-4.73, Lmax=-0.31
21:17:12 [ultranest] [DEBUG] iteration=2377, ncalls=21083, regioncalls=850960, ndraw=40, logz=-9.03, remainder_fraction=67.4054%, Lmin=-4.70, Lmax=-0.31
21:17:13 [ultranest] [DEBUG] iteration=2380, ncalls=21094, regioncalls=851600, ndraw=40, logz=-9.03, remainder_fraction=67.4847%, Lmin=-4.68, Lmax=-0.31
21:17:13 [ultranest] [DEBUG] iteration=2381, ncalls=21106, regioncalls=852160, ndraw=40, logz=-9.03, remainder_fraction=67.5527%, Lmin=-4.68, Lmax=-0.31
21:17:13 [ultranest] [DEBUG] iteration=2382, ncalls=21119, regioncalls=852680, ndraw=40, logz=-9.03, remainder_fraction=67.4878%, Lmin=-4.68, Lmax=-0.31
21:17:13 [ultranest] [DEBUG] iteration=2383, ncalls=21149, regioncalls=854240, ndraw=40, logz=-9.03, remainder_fraction=67.4978%, Lmin=-4.67, Lmax=-0.31
21:17:13 [ultranest] [DEBUG] iteration=2384, ncalls=21165, regioncalls=854960, ndraw=40, logz=-9.03, remainder_fraction=67.4395%, Lmin=-4.66, Lmax=-0.31
21:17:14 [ultranest] [DEBUG] iteration=2385, ncalls=21194, regioncalls=856120, ndraw=40, logz=-9.03, remainder_fraction=67.3745%, Lmin=-4.66, Lmax=-0.31
21:17:14 [ultranest] [DEBUG] iteration=2386, ncalls=21218, regioncalls=857360, ndraw=40, logz=-9.03, remainder_fraction=67.3196%, Lmin=-4.65, Lmax=-0.31
21:17:14 [ultranest] [DEBUG] iteration=2387, ncalls=21231, regioncalls=858080, ndraw=40, logz=-9.03, remainder_fraction=67.3295%, Lmin=-4.64, Lmax=-0.31
21:17:14 [ultranest] [DEBUG] iteration=2389, ncalls=21246, regioncalls=858720, ndraw=40, logz=-9.02, remainder_fraction=67.3987%, Lmin=-4.62, Lmax=-0.31
21:17:14 [ultranest] [DEBUG] iteration=2390, ncalls=21276, regioncalls=860600, ndraw=40, logz=-9.02, remainder_fraction=67.4218%, Lmin=-4.61, Lmax=-0.31
21:17:15 [ultranest] [DEBUG] iteration=2392, ncalls=21288, regioncalls=861240, ndraw=40, logz=-9.02, remainder_fraction=67.3507%, Lmin=-4.59, Lmax=-0.31
21:17:15 [ultranest] [DEBUG] iteration=2394, ncalls=21311, regioncalls=862680, ndraw=40, logz=-9.02, remainder_fraction=67.2633%, Lmin=-4.58, Lmax=-0.31
21:17:15 [ultranest] [DEBUG] iteration=2398, ncalls=21333, regioncalls=864760, ndraw=40, logz=-9.02, remainder_fraction=67.1625%, Lmin=-4.55, Lmax=-0.31
21:17:15 [ultranest] [DEBUG] iteration=2400, ncalls=21359, regioncalls=865840, ndraw=40, logz=-9.02, remainder_fraction=67.0566%, Lmin=-4.54, Lmax=-0.31
21:17:16 [ultranest] [DEBUG] iteration=2402, ncalls=21379, regioncalls=867160, ndraw=40, logz=-9.02, remainder_fraction=66.9683%, Lmin=-4.52, Lmax=-0.31
21:17:16 [ultranest] [DEBUG] iteration=2404, ncalls=21388, regioncalls=867920, ndraw=40, logz=-9.02, remainder_fraction=66.8564%, Lmin=-4.52, Lmax=-0.31
21:17:16 [ultranest] [DEBUG] iteration=2405, ncalls=21401, regioncalls=869200, ndraw=40, logz=-9.02, remainder_fraction=66.8367%, Lmin=-4.51, Lmax=-0.31
21:17:16 [ultranest] [DEBUG] iteration=2407, ncalls=21427, regioncalls=870680, ndraw=40, logz=-9.02, remainder_fraction=66.8373%, Lmin=-4.51, Lmax=-0.31
21:17:17 [ultranest] [DEBUG] iteration=2408, ncalls=21489, regioncalls=874760, ndraw=40, logz=-9.01, remainder_fraction=66.7724%, Lmin=-4.50, Lmax=-0.31
21:17:17 [ultranest] [DEBUG] iteration=2409, ncalls=21514, regioncalls=875800, ndraw=40, logz=-9.01, remainder_fraction=66.7214%, Lmin=-4.49, Lmax=-0.31
21:17:18 [ultranest] [DEBUG] iteration=2410, ncalls=21593, regioncalls=881920, ndraw=40, logz=-9.01, remainder_fraction=66.7197%, Lmin=-4.49, Lmax=-0.31
21:17:18 [ultranest] [DEBUG] iteration=2412, ncalls=21620, regioncalls=883160, ndraw=40, logz=-9.01, remainder_fraction=66.6406%, Lmin=-4.48, Lmax=-0.31
21:17:18 [ultranest] [DEBUG] iteration=2413, ncalls=21638, regioncalls=884000, ndraw=40, logz=-9.01, remainder_fraction=66.6067%, Lmin=-4.48, Lmax=-0.31
21:17:19 [ultranest] [DEBUG] iteration=2414, ncalls=21668, regioncalls=885640, ndraw=40, logz=-9.01, remainder_fraction=66.5549%, Lmin=-4.47, Lmax=-0.31
21:17:19 [ultranest] [DEBUG] iteration=2415, ncalls=21685, regioncalls=886360, ndraw=40, logz=-9.01, remainder_fraction=66.6317%, Lmin=-4.47, Lmax=-0.31
21:17:19 [ultranest] [DEBUG] iteration=2416, ncalls=21700, regioncalls=886960, ndraw=40, logz=-9.01, remainder_fraction=66.6456%, Lmin=-4.46, Lmax=-0.31
21:17:19 [ultranest] [DEBUG] iteration=2418, ncalls=21718, regioncalls=887680, ndraw=40, logz=-9.01, remainder_fraction=66.5151%, Lmin=-4.46, Lmax=-0.31
21:17:19 [ultranest] [DEBUG] iteration=2419, ncalls=21741, regioncalls=888880, ndraw=40, logz=-9.01, remainder_fraction=66.5132%, Lmin=-4.44, Lmax=-0.31
21:17:19 [ultranest] [DEBUG] iteration=2421, ncalls=21754, regioncalls=889920, ndraw=40, logz=-9.01, remainder_fraction=66.4082%, Lmin=-4.41, Lmax=-0.31
21:17:20 [ultranest] [DEBUG] iteration=2423, ncalls=21766, regioncalls=890600, ndraw=40, logz=-9.01, remainder_fraction=66.2831%, Lmin=-4.39, Lmax=-0.31
21:17:20 [ultranest] [DEBUG] iteration=2425, ncalls=21788, regioncalls=891960, ndraw=40, logz=-9.00, remainder_fraction=66.1468%, Lmin=-4.38, Lmax=-0.31
21:17:20 [ultranest] [DEBUG] iteration=2427, ncalls=21809, regioncalls=893000, ndraw=40, logz=-9.00, remainder_fraction=66.1619%, Lmin=-4.37, Lmax=-0.31
21:17:20 [ultranest] [DEBUG] iteration=2428, ncalls=21818, regioncalls=893560, ndraw=40, logz=-9.00, remainder_fraction=66.0942%, Lmin=-4.37, Lmax=-0.31
21:17:20 [ultranest] [DEBUG] iteration=2429, ncalls=21848, regioncalls=895440, ndraw=40, logz=-9.00, remainder_fraction=66.0385%, Lmin=-4.37, Lmax=-0.31
21:17:20 [ultranest] [DEBUG] iteration=2430, ncalls=21849, regioncalls=895520, ndraw=40, logz=-9.00, remainder_fraction=65.9750%, Lmin=-4.35, Lmax=-0.31
21:17:21 [ultranest] [DEBUG] iteration=2431, ncalls=21860, regioncalls=895960, ndraw=40, logz=-9.00, remainder_fraction=65.9116%, Lmin=-4.35, Lmax=-0.31
21:17:21 [ultranest] [DEBUG] iteration=2435, ncalls=21884, regioncalls=896920, ndraw=40, logz=-9.00, remainder_fraction=65.9258%, Lmin=-4.35, Lmax=-0.31
21:17:21 [ultranest] [DEBUG] iteration=2437, ncalls=21896, regioncalls=897400, ndraw=40, logz=-9.00, remainder_fraction=65.9020%, Lmin=-4.34, Lmax=-0.31
21:17:21 [ultranest] [DEBUG] iteration=2440, ncalls=21902, regioncalls=897640, ndraw=40, logz=-9.00, remainder_fraction=66.1083%, Lmin=-4.31, Lmax=-0.31
21:17:21 [ultranest] [DEBUG] iteration=2442, ncalls=21934, regioncalls=898920, ndraw=40, logz=-8.99, remainder_fraction=66.0391%, Lmin=-4.29, Lmax=-0.31
21:17:22 [ultranest] [DEBUG] iteration=2445, ncalls=21950, regioncalls=899560, ndraw=40, logz=-8.99, remainder_fraction=65.8559%, Lmin=-4.27, Lmax=-0.31
21:17:22 [ultranest] [DEBUG] iteration=2448, ncalls=21958, regioncalls=899880, ndraw=40, logz=-8.99, remainder_fraction=66.0319%, Lmin=-4.24, Lmax=-0.31
21:17:22 [ultranest] [DEBUG] iteration=2450, ncalls=21969, regioncalls=900320, ndraw=40, logz=-8.99, remainder_fraction=65.9353%, Lmin=-4.24, Lmax=-0.31
21:17:22 [ultranest] [DEBUG] iteration=2453, ncalls=21979, regioncalls=900720, ndraw=40, logz=-8.99, remainder_fraction=65.8171%, Lmin=-4.21, Lmax=-0.31
21:17:22 [ultranest] [DEBUG] iteration=2457, ncalls=21988, regioncalls=901080, ndraw=40, logz=-8.99, remainder_fraction=65.6182%, Lmin=-4.20, Lmax=-0.31
21:17:22 [ultranest] [DEBUG] iteration=2458, ncalls=22002, regioncalls=901640, ndraw=40, logz=-8.98, remainder_fraction=65.5554%, Lmin=-4.19, Lmax=-0.31
21:17:22 [ultranest] [DEBUG] iteration=2459, ncalls=22018, regioncalls=902280, ndraw=40, logz=-8.98, remainder_fraction=65.5042%, Lmin=-4.19, Lmax=-0.31
21:17:23 [ultranest] [DEBUG] iteration=2462, ncalls=22029, regioncalls=902720, ndraw=40, logz=-8.98, remainder_fraction=65.4272%, Lmin=-4.17, Lmax=-0.31
21:17:23 [ultranest] [DEBUG] iteration=2465, ncalls=22064, regioncalls=904120, ndraw=40, logz=-8.98, remainder_fraction=65.2718%, Lmin=-4.16, Lmax=-0.31
21:17:23 [ultranest] [DEBUG] iteration=2468, ncalls=22090, regioncalls=905160, ndraw=40, logz=-8.98, remainder_fraction=65.1760%, Lmin=-4.15, Lmax=-0.31
21:17:23 [ultranest] [DEBUG] iteration=2469, ncalls=22102, regioncalls=905640, ndraw=40, logz=-8.98, remainder_fraction=65.1299%, Lmin=-4.13, Lmax=-0.31
21:17:23 [ultranest] [DEBUG] iteration=2471, ncalls=22117, regioncalls=906240, ndraw=40, logz=-8.98, remainder_fraction=65.0314%, Lmin=-4.12, Lmax=-0.31
21:17:24 [ultranest] [DEBUG] iteration=2473, ncalls=22128, regioncalls=906680, ndraw=40, logz=-8.97, remainder_fraction=64.9371%, Lmin=-4.10, Lmax=-0.31
21:17:24 [ultranest] [DEBUG] iteration=2478, ncalls=22141, regioncalls=907200, ndraw=40, logz=-8.97, remainder_fraction=64.7453%, Lmin=-4.08, Lmax=-0.31
21:17:24 [ultranest] [DEBUG] iteration=2479, ncalls=22155, regioncalls=907760, ndraw=40, logz=-8.97, remainder_fraction=64.6753%, Lmin=-4.08, Lmax=-0.31
21:17:24 [ultranest] [DEBUG] iteration=2480, ncalls=22160, regioncalls=907960, ndraw=40, logz=-8.97, remainder_fraction=64.6523%, Lmin=-4.08, Lmax=-0.31
21:17:24 [ultranest] [DEBUG] iteration=2482, ncalls=22170, regioncalls=908360, ndraw=40, logz=-8.97, remainder_fraction=64.7437%, Lmin=-4.08, Lmax=-0.31
21:17:24 [ultranest] [DEBUG] iteration=2484, ncalls=22181, regioncalls=908800, ndraw=40, logz=-8.97, remainder_fraction=64.6180%, Lmin=-4.05, Lmax=-0.31
21:17:24 [ultranest] [DEBUG] iteration=2487, ncalls=22198, regioncalls=909480, ndraw=40, logz=-8.97, remainder_fraction=64.5455%, Lmin=-4.02, Lmax=-0.31
21:17:24 [ultranest] [DEBUG] iteration=2488, ncalls=22208, regioncalls=909880, ndraw=40, logz=-8.96, remainder_fraction=64.5234%, Lmin=-4.01, Lmax=-0.31
21:17:25 [ultranest] [DEBUG] iteration=2491, ncalls=22223, regioncalls=910480, ndraw=40, logz=-8.96, remainder_fraction=64.5181%, Lmin=-3.99, Lmax=-0.31
21:17:25 [ultranest] [DEBUG] iteration=2492, ncalls=22243, regioncalls=911280, ndraw=40, logz=-8.96, remainder_fraction=64.4518%, Lmin=-3.99, Lmax=-0.31
21:17:25 [ultranest] [DEBUG] iteration=2495, ncalls=22252, regioncalls=911640, ndraw=40, logz=-8.96, remainder_fraction=64.2593%, Lmin=-3.98, Lmax=-0.31
21:17:25 [ultranest] [DEBUG] iteration=2496, ncalls=22274, regioncalls=912520, ndraw=40, logz=-8.96, remainder_fraction=64.1951%, Lmin=-3.98, Lmax=-0.31
21:17:25 [ultranest] [DEBUG] iteration=2498, ncalls=22283, regioncalls=912880, ndraw=40, logz=-8.96, remainder_fraction=64.0675%, Lmin=-3.97, Lmax=-0.31
21:17:25 [ultranest] [DEBUG] iteration=2499, ncalls=22304, regioncalls=913720, ndraw=40, logz=-8.96, remainder_fraction=63.9987%, Lmin=-3.97, Lmax=-0.31
21:17:26 [ultranest] [DEBUG] iteration=2501, ncalls=22318, regioncalls=914280, ndraw=40, logz=-8.96, remainder_fraction=63.9078%, Lmin=-3.96, Lmax=-0.31
21:17:26 [ultranest] [DEBUG] iteration=2503, ncalls=22330, regioncalls=914760, ndraw=40, logz=-8.95, remainder_fraction=64.0375%, Lmin=-3.93, Lmax=-0.31
21:17:26 [ultranest] [DEBUG] iteration=2507, ncalls=22346, regioncalls=915400, ndraw=40, logz=-8.95, remainder_fraction=63.8157%, Lmin=-3.92, Lmax=-0.31
21:17:26 [ultranest] [DEBUG] iteration=2511, ncalls=22365, regioncalls=916160, ndraw=40, logz=-8.95, remainder_fraction=63.8316%, Lmin=-3.91, Lmax=-0.31
21:17:26 [ultranest] [DEBUG] iteration=2515, ncalls=22380, regioncalls=916760, ndraw=40, logz=-8.95, remainder_fraction=63.7933%, Lmin=-3.90, Lmax=-0.31
21:17:27 [ultranest] [DEBUG] iteration=2516, ncalls=22397, regioncalls=917440, ndraw=40, logz=-8.94, remainder_fraction=63.7743%, Lmin=-3.88, Lmax=-0.31
21:17:27 [ultranest] [DEBUG] iteration=2520, ncalls=22407, regioncalls=917840, ndraw=40, logz=-8.94, remainder_fraction=63.7009%, Lmin=-3.87, Lmax=-0.31
21:17:27 [ultranest] [DEBUG] iteration=2522, ncalls=22420, regioncalls=918400, ndraw=40, logz=-8.94, remainder_fraction=63.9448%, Lmin=-3.85, Lmax=-0.31
21:17:27 [ultranest] [DEBUG] iteration=2524, ncalls=22429, regioncalls=918760, ndraw=40, logz=-8.94, remainder_fraction=63.8028%, Lmin=-3.84, Lmax=-0.31
21:17:27 [ultranest] [DEBUG] iteration=2527, ncalls=22443, regioncalls=919320, ndraw=40, logz=-8.94, remainder_fraction=63.8511%, Lmin=-3.80, Lmax=-0.31
21:17:27 [ultranest] [DEBUG] iteration=2531, ncalls=22461, regioncalls=920040, ndraw=40, logz=-8.93, remainder_fraction=63.7101%, Lmin=-3.78, Lmax=-0.31
21:17:27 [ultranest] [DEBUG] iteration=2534, ncalls=22475, regioncalls=920600, ndraw=40, logz=-8.93, remainder_fraction=63.5119%, Lmin=-3.78, Lmax=-0.31
21:17:28 [ultranest] [DEBUG] iteration=2536, ncalls=22488, regioncalls=921120, ndraw=40, logz=-8.93, remainder_fraction=63.5462%, Lmin=-3.77, Lmax=-0.31
21:17:28 [ultranest] [DEBUG] iteration=2538, ncalls=22501, regioncalls=921640, ndraw=40, logz=-8.93, remainder_fraction=63.5433%, Lmin=-3.76, Lmax=-0.31
21:17:28 [ultranest] [DEBUG] iteration=2541, ncalls=22510, regioncalls=922000, ndraw=40, logz=-8.93, remainder_fraction=63.6637%, Lmin=-3.74, Lmax=-0.31
21:17:28 [ultranest] [DEBUG] iteration=2543, ncalls=22529, regioncalls=922760, ndraw=40, logz=-8.92, remainder_fraction=63.5235%, Lmin=-3.72, Lmax=-0.31
21:17:28 [ultranest] [DEBUG] iteration=2546, ncalls=22562, regioncalls=924080, ndraw=40, logz=-8.92, remainder_fraction=63.4918%, Lmin=-3.71, Lmax=-0.26
21:17:28 [ultranest] [DEBUG] iteration=2548, ncalls=22571, regioncalls=924440, ndraw=40, logz=-8.92, remainder_fraction=63.7255%, Lmin=-3.70, Lmax=-0.26
21:17:29 [ultranest] [DEBUG] iteration=2551, ncalls=22586, regioncalls=925040, ndraw=40, logz=-8.92, remainder_fraction=63.5980%, Lmin=-3.69, Lmax=-0.26
21:17:29 [ultranest] [DEBUG] iteration=2555, ncalls=22606, regioncalls=925840, ndraw=40, logz=-8.91, remainder_fraction=63.7142%, Lmin=-3.68, Lmax=-0.26
21:17:29 [ultranest] [DEBUG] iteration=2556, ncalls=22628, regioncalls=926720, ndraw=40, logz=-8.91, remainder_fraction=63.7559%, Lmin=-3.68, Lmax=-0.26
21:17:29 [ultranest] [DEBUG] iteration=2557, ncalls=22644, regioncalls=927360, ndraw=40, logz=-8.91, remainder_fraction=63.7015%, Lmin=-3.67, Lmax=-0.26
21:17:29 [ultranest] [DEBUG] iteration=2558, ncalls=22665, regioncalls=928200, ndraw=40, logz=-8.91, remainder_fraction=63.6651%, Lmin=-3.67, Lmax=-0.26
21:17:30 [ultranest] [DEBUG] iteration=2559, ncalls=22693, regioncalls=929320, ndraw=40, logz=-8.91, remainder_fraction=63.5899%, Lmin=-3.67, Lmax=-0.26
21:17:30 [ultranest] [DEBUG] iteration=2560, ncalls=22699, regioncalls=929560, ndraw=40, logz=-8.91, remainder_fraction=63.5584%, Lmin=-3.65, Lmax=-0.26
21:17:30 [ultranest] [DEBUG] iteration=2562, ncalls=22711, regioncalls=930040, ndraw=40, logz=-8.91, remainder_fraction=63.4428%, Lmin=-3.64, Lmax=-0.26
21:17:30 [ultranest] [DEBUG] iteration=2564, ncalls=22720, regioncalls=930400, ndraw=40, logz=-8.91, remainder_fraction=63.3417%, Lmin=-3.63, Lmax=-0.26
21:17:30 [ultranest] [DEBUG] iteration=2565, ncalls=22735, regioncalls=931000, ndraw=40, logz=-8.91, remainder_fraction=63.2733%, Lmin=-3.63, Lmax=-0.26
21:17:31 [ultranest] [DEBUG] iteration=2568, ncalls=22757, regioncalls=931880, ndraw=40, logz=-8.90, remainder_fraction=63.3601%, Lmin=-3.62, Lmax=-0.26
21:17:31 [ultranest] [DEBUG] iteration=2570, ncalls=22766, regioncalls=932240, ndraw=40, logz=-8.90, remainder_fraction=63.3806%, Lmin=-3.62, Lmax=-0.26
21:17:31 [ultranest] [DEBUG] iteration=2572, ncalls=22780, regioncalls=933080, ndraw=40, logz=-8.90, remainder_fraction=63.2468%, Lmin=-3.60, Lmax=-0.26
21:17:31 [ultranest] [DEBUG] iteration=2577, ncalls=22789, regioncalls=933440, ndraw=40, logz=-8.90, remainder_fraction=63.0170%, Lmin=-3.57, Lmax=-0.26
21:17:31 [ultranest] [DEBUG] iteration=2580, ncalls=22800, regioncalls=933880, ndraw=40, logz=-8.89, remainder_fraction=63.0004%, Lmin=-3.56, Lmax=-0.26
21:17:31 [ultranest] [DEBUG] iteration=2582, ncalls=22815, regioncalls=934480, ndraw=40, logz=-8.89, remainder_fraction=63.1144%, Lmin=-3.55, Lmax=-0.26
21:17:32 [ultranest] [DEBUG] iteration=2586, ncalls=22853, regioncalls=936000, ndraw=40, logz=-8.89, remainder_fraction=62.8891%, Lmin=-3.51, Lmax=-0.26
21:17:32 [ultranest] [DEBUG] iteration=2587, ncalls=22867, regioncalls=936560, ndraw=40, logz=-8.89, remainder_fraction=62.8144%, Lmin=-3.50, Lmax=-0.26
21:17:32 [ultranest] [DEBUG] iteration=2588, ncalls=22883, regioncalls=937200, ndraw=40, logz=-8.89, remainder_fraction=62.8067%, Lmin=-3.49, Lmax=-0.26
21:17:32 [ultranest] [DEBUG] iteration=2590, ncalls=22895, regioncalls=937680, ndraw=40, logz=-8.89, remainder_fraction=62.8373%, Lmin=-3.48, Lmax=-0.26
21:17:32 [ultranest] [DEBUG] iteration=2592, ncalls=22904, regioncalls=938040, ndraw=40, logz=-8.88, remainder_fraction=62.8356%, Lmin=-3.47, Lmax=-0.26
21:17:32 [ultranest] [DEBUG] iteration=2595, ncalls=22915, regioncalls=938480, ndraw=40, logz=-8.88, remainder_fraction=62.8042%, Lmin=-3.46, Lmax=-0.26
21:17:33 [ultranest] [DEBUG] iteration=2597, ncalls=22924, regioncalls=938840, ndraw=40, logz=-8.88, remainder_fraction=62.6514%, Lmin=-3.45, Lmax=-0.26
21:17:33 [ultranest] [DEBUG] iteration=2599, ncalls=22940, regioncalls=939480, ndraw=40, logz=-8.88, remainder_fraction=62.5826%, Lmin=-3.43, Lmax=-0.26
21:17:33 [ultranest] [DEBUG] iteration=2600, ncalls=22941, regioncalls=939520, ndraw=40, logz=-8.88, remainder_fraction=62.5269%, Lmin=-3.42, Lmax=-0.26
21:17:33 [ultranest] [DEBUG] iteration=2602, ncalls=22951, regioncalls=939920, ndraw=40, logz=-8.88, remainder_fraction=62.3750%, Lmin=-3.41, Lmax=-0.26
21:17:33 [ultranest] [DEBUG] iteration=2605, ncalls=22969, regioncalls=940640, ndraw=40, logz=-8.87, remainder_fraction=62.1679%, Lmin=-3.40, Lmax=-0.26
21:17:33 [ultranest] [DEBUG] iteration=2608, ncalls=22983, regioncalls=941200, ndraw=40, logz=-8.87, remainder_fraction=62.1101%, Lmin=-3.39, Lmax=-0.26
21:17:34 [ultranest] [DEBUG] iteration=2610, ncalls=23002, regioncalls=941960, ndraw=40, logz=-8.87, remainder_fraction=61.9701%, Lmin=-3.39, Lmax=-0.26
21:17:34 [ultranest] [DEBUG] iteration=2614, ncalls=23011, regioncalls=942320, ndraw=40, logz=-8.87, remainder_fraction=61.9076%, Lmin=-3.37, Lmax=-0.26
21:17:34 [ultranest] [DEBUG] iteration=2615, ncalls=23030, regioncalls=943080, ndraw=40, logz=-8.86, remainder_fraction=61.8425%, Lmin=-3.36, Lmax=-0.26
21:17:34 [ultranest] [DEBUG] iteration=2619, ncalls=23044, regioncalls=943640, ndraw=40, logz=-8.86, remainder_fraction=61.6176%, Lmin=-3.35, Lmax=-0.26
21:17:34 [ultranest] [DEBUG] iteration=2621, ncalls=23053, regioncalls=944000, ndraw=40, logz=-8.86, remainder_fraction=61.5101%, Lmin=-3.33, Lmax=-0.26
21:17:34 [ultranest] [DEBUG] iteration=2623, ncalls=23076, regioncalls=944920, ndraw=40, logz=-8.86, remainder_fraction=61.3708%, Lmin=-3.33, Lmax=-0.26
21:17:34 [ultranest] [DEBUG] iteration=2625, ncalls=23085, regioncalls=945280, ndraw=40, logz=-8.86, remainder_fraction=61.4758%, Lmin=-3.32, Lmax=-0.26
21:17:35 [ultranest] [DEBUG] iteration=2626, ncalls=23108, regioncalls=946200, ndraw=40, logz=-8.85, remainder_fraction=61.4056%, Lmin=-3.31, Lmax=-0.26
21:17:35 [ultranest] [DEBUG] iteration=2628, ncalls=23131, regioncalls=947120, ndraw=40, logz=-8.85, remainder_fraction=61.3212%, Lmin=-3.30, Lmax=-0.26
21:17:35 [ultranest] [DEBUG] iteration=2631, ncalls=23142, regioncalls=947560, ndraw=40, logz=-8.85, remainder_fraction=61.4922%, Lmin=-3.29, Lmax=-0.26
21:17:35 [ultranest] [DEBUG] iteration=2633, ncalls=23156, regioncalls=948120, ndraw=40, logz=-8.85, remainder_fraction=61.3824%, Lmin=-3.28, Lmax=-0.26
21:17:36 [ultranest] [DEBUG] iteration=2634, ncalls=23168, regioncalls=948600, ndraw=40, logz=-8.85, remainder_fraction=61.5002%, Lmin=-3.28, Lmax=-0.26
21:17:36 [ultranest] [DEBUG] iteration=2637, ncalls=23187, regioncalls=949360, ndraw=40, logz=-8.84, remainder_fraction=61.3870%, Lmin=-3.27, Lmax=-0.26
21:17:36 [ultranest] [DEBUG] iteration=2639, ncalls=23195, regioncalls=949680, ndraw=40, logz=-8.84, remainder_fraction=61.2756%, Lmin=-3.27, Lmax=-0.26
21:17:36 [ultranest] [DEBUG] iteration=2640, ncalls=23196, regioncalls=949720, ndraw=40, logz=-8.84, remainder_fraction=61.2202%, Lmin=-3.27, Lmax=-0.26
21:17:36 [ultranest] [DEBUG] iteration=2642, ncalls=23209, regioncalls=950240, ndraw=40, logz=-8.84, remainder_fraction=61.1504%, Lmin=-3.26, Lmax=-0.26
21:17:36 [ultranest] [DEBUG] iteration=2643, ncalls=23223, regioncalls=950800, ndraw=40, logz=-8.84, remainder_fraction=61.1343%, Lmin=-3.26, Lmax=-0.26
21:17:37 [ultranest] [DEBUG] iteration=2644, ncalls=23255, regioncalls=952080, ndraw=40, logz=-8.84, remainder_fraction=61.0677%, Lmin=-3.25, Lmax=-0.26
21:17:37 [ultranest] [DEBUG] iteration=2647, ncalls=23275, regioncalls=952880, ndraw=40, logz=-8.84, remainder_fraction=60.8745%, Lmin=-3.24, Lmax=-0.26
21:17:37 [ultranest] [DEBUG] iteration=2649, ncalls=23287, regioncalls=953360, ndraw=40, logz=-8.83, remainder_fraction=60.7594%, Lmin=-3.24, Lmax=-0.26
21:17:37 [ultranest] [DEBUG] iteration=2651, ncalls=23302, regioncalls=953960, ndraw=40, logz=-8.83, remainder_fraction=60.7836%, Lmin=-3.23, Lmax=-0.26
21:17:37 [ultranest] [DEBUG] iteration=2653, ncalls=23320, regioncalls=954680, ndraw=40, logz=-8.83, remainder_fraction=60.6402%, Lmin=-3.22, Lmax=-0.26
21:17:37 [ultranest] [DEBUG] iteration=2655, ncalls=23333, regioncalls=955200, ndraw=40, logz=-8.83, remainder_fraction=60.5106%, Lmin=-3.21, Lmax=-0.26
21:17:38 [ultranest] [DEBUG] iteration=2657, ncalls=23356, regioncalls=956120, ndraw=40, logz=-8.83, remainder_fraction=60.3765%, Lmin=-3.20, Lmax=-0.26
21:17:38 [ultranest] [DEBUG] iteration=2659, ncalls=23383, regioncalls=957200, ndraw=40, logz=-8.82, remainder_fraction=60.3800%, Lmin=-3.20, Lmax=-0.26
21:17:38 [ultranest] [DEBUG] iteration=2660, ncalls=23395, regioncalls=957680, ndraw=40, logz=-8.82, remainder_fraction=60.4024%, Lmin=-3.20, Lmax=-0.26
21:17:38 [ultranest] [DEBUG] iteration=2663, ncalls=23409, regioncalls=958240, ndraw=40, logz=-8.82, remainder_fraction=60.4006%, Lmin=-3.19, Lmax=-0.26
21:17:39 [ultranest] [DEBUG] iteration=2666, ncalls=23431, regioncalls=959120, ndraw=40, logz=-8.82, remainder_fraction=60.2679%, Lmin=-3.18, Lmax=-0.26
21:17:39 [ultranest] [DEBUG] iteration=2667, ncalls=23470, regioncalls=960680, ndraw=40, logz=-8.82, remainder_fraction=60.2110%, Lmin=-3.17, Lmax=-0.26
21:17:39 [ultranest] [DEBUG] iteration=2670, ncalls=23479, regioncalls=961040, ndraw=40, logz=-8.82, remainder_fraction=59.9884%, Lmin=-3.15, Lmax=-0.26
21:17:39 [ultranest] [DEBUG] iteration=2671, ncalls=23488, regioncalls=961400, ndraw=40, logz=-8.81, remainder_fraction=59.9112%, Lmin=-3.14, Lmax=-0.26
21:17:40 [ultranest] [DEBUG] iteration=2673, ncalls=23504, regioncalls=962040, ndraw=40, logz=-8.81, remainder_fraction=59.7577%, Lmin=-3.13, Lmax=-0.26
21:17:40 [ultranest] [DEBUG] iteration=2674, ncalls=23534, regioncalls=963240, ndraw=40, logz=-8.81, remainder_fraction=59.6950%, Lmin=-3.13, Lmax=-0.26
21:17:40 [ultranest] [DEBUG] iteration=2677, ncalls=23552, regioncalls=963960, ndraw=40, logz=-8.81, remainder_fraction=59.5169%, Lmin=-3.12, Lmax=-0.26
21:17:40 [ultranest] [DEBUG] iteration=2679, ncalls=23562, regioncalls=964360, ndraw=40, logz=-8.81, remainder_fraction=59.4123%, Lmin=-3.11, Lmax=-0.26
21:17:41 [ultranest] [DEBUG] iteration=2680, ncalls=23593, regioncalls=965600, ndraw=40, logz=-8.81, remainder_fraction=59.3680%, Lmin=-3.11, Lmax=-0.26
21:17:41 [ultranest] [DEBUG] iteration=2681, ncalls=23606, regioncalls=966120, ndraw=40, logz=-8.80, remainder_fraction=59.2888%, Lmin=-3.10, Lmax=-0.26
21:17:41 [ultranest] [DEBUG] iteration=2682, ncalls=23616, regioncalls=966520, ndraw=40, logz=-8.80, remainder_fraction=59.2463%, Lmin=-3.10, Lmax=-0.26
21:17:41 [ultranest] [DEBUG] iteration=2684, ncalls=23636, regioncalls=967320, ndraw=40, logz=-8.80, remainder_fraction=59.1917%, Lmin=-3.08, Lmax=-0.26
21:17:41 [ultranest] [DEBUG] iteration=2685, ncalls=23646, regioncalls=967720, ndraw=40, logz=-8.80, remainder_fraction=59.1955%, Lmin=-3.07, Lmax=-0.26
21:17:41 [ultranest] [DEBUG] iteration=2688, ncalls=23669, regioncalls=968640, ndraw=40, logz=-8.80, remainder_fraction=58.9861%, Lmin=-3.06, Lmax=-0.26
21:17:42 [ultranest] [DEBUG] iteration=2689, ncalls=23679, regioncalls=969040, ndraw=40, logz=-8.80, remainder_fraction=58.9608%, Lmin=-3.06, Lmax=-0.26
21:17:42 [ultranest] [DEBUG] iteration=2691, ncalls=23695, regioncalls=969680, ndraw=40, logz=-8.80, remainder_fraction=58.8309%, Lmin=-3.05, Lmax=-0.26
21:17:42 [ultranest] [DEBUG] iteration=2692, ncalls=23723, regioncalls=970800, ndraw=40, logz=-8.79, remainder_fraction=58.8041%, Lmin=-3.04, Lmax=-0.26
21:17:42 [ultranest] [DEBUG] iteration=2693, ncalls=23733, regioncalls=971200, ndraw=40, logz=-8.79, remainder_fraction=58.7731%, Lmin=-3.04, Lmax=-0.26
21:17:42 [ultranest] [DEBUG] iteration=2695, ncalls=23745, regioncalls=971680, ndraw=40, logz=-8.79, remainder_fraction=58.6874%, Lmin=-3.02, Lmax=-0.26
21:17:43 [ultranest] [DEBUG] iteration=2696, ncalls=23766, regioncalls=972520, ndraw=40, logz=-8.79, remainder_fraction=58.6649%, Lmin=-3.02, Lmax=-0.26
21:17:43 [ultranest] [DEBUG] iteration=2699, ncalls=23786, regioncalls=973320, ndraw=40, logz=-8.79, remainder_fraction=58.4628%, Lmin=-3.01, Lmax=-0.26
21:17:43 [ultranest] [DEBUG] iteration=2700, ncalls=23793, regioncalls=973600, ndraw=40, logz=-8.79, remainder_fraction=58.4005%, Lmin=-3.00, Lmax=-0.26
21:17:43 [ultranest] [DEBUG] iteration=2701, ncalls=23803, regioncalls=974000, ndraw=40, logz=-8.79, remainder_fraction=58.3187%, Lmin=-3.00, Lmax=-0.26
21:17:43 [ultranest] [DEBUG] iteration=2703, ncalls=23816, regioncalls=974520, ndraw=40, logz=-8.78, remainder_fraction=58.1734%, Lmin=-2.99, Lmax=-0.26
21:17:43 [ultranest] [DEBUG] iteration=2706, ncalls=23824, regioncalls=974840, ndraw=40, logz=-8.78, remainder_fraction=58.0525%, Lmin=-2.98, Lmax=-0.26
21:17:44 [ultranest] [DEBUG] iteration=2708, ncalls=23898, regioncalls=977800, ndraw=40, logz=-8.78, remainder_fraction=58.0230%, Lmin=-2.97, Lmax=-0.26
21:17:44 [ultranest] [DEBUG] iteration=2710, ncalls=23908, regioncalls=978200, ndraw=40, logz=-8.78, remainder_fraction=57.9019%, Lmin=-2.97, Lmax=-0.26
21:17:45 [ultranest] [DEBUG] iteration=2711, ncalls=23924, regioncalls=978840, ndraw=40, logz=-8.78, remainder_fraction=57.8358%, Lmin=-2.96, Lmax=-0.26
21:17:45 [ultranest] [DEBUG] iteration=2715, ncalls=23952, regioncalls=979960, ndraw=40, logz=-8.77, remainder_fraction=57.6865%, Lmin=-2.93, Lmax=-0.26
21:17:45 [ultranest] [DEBUG] iteration=2716, ncalls=23983, regioncalls=981200, ndraw=40, logz=-8.77, remainder_fraction=57.6631%, Lmin=-2.92, Lmax=-0.26
21:17:45 [ultranest] [DEBUG] iteration=2717, ncalls=23991, regioncalls=981520, ndraw=40, logz=-8.77, remainder_fraction=57.5804%, Lmin=-2.92, Lmax=-0.26
21:17:46 [ultranest] [DEBUG] iteration=2719, ncalls=23998, regioncalls=981800, ndraw=40, logz=-8.77, remainder_fraction=57.5740%, Lmin=-2.91, Lmax=-0.26
21:17:46 [ultranest] [DEBUG] iteration=2720, ncalls=24005, regioncalls=982080, ndraw=40, logz=-8.77, remainder_fraction=57.4942%, Lmin=-2.91, Lmax=-0.26
21:17:46 [ultranest] [DEBUG] iteration=2721, ncalls=24017, regioncalls=982560, ndraw=40, logz=-8.77, remainder_fraction=57.5575%, Lmin=-2.90, Lmax=-0.26
21:17:46 [ultranest] [DEBUG] iteration=2722, ncalls=24033, regioncalls=983200, ndraw=40, logz=-8.77, remainder_fraction=57.4868%, Lmin=-2.89, Lmax=-0.26
21:17:46 [ultranest] [DEBUG] iteration=2724, ncalls=24042, regioncalls=983560, ndraw=40, logz=-8.76, remainder_fraction=57.4142%, Lmin=-2.89, Lmax=-0.26
21:17:46 [ultranest] [DEBUG] iteration=2726, ncalls=24051, regioncalls=983920, ndraw=40, logz=-8.76, remainder_fraction=57.3594%, Lmin=-2.88, Lmax=-0.26
21:17:46 [ultranest] [DEBUG] iteration=2727, ncalls=24060, regioncalls=984280, ndraw=40, logz=-8.76, remainder_fraction=57.3020%, Lmin=-2.88, Lmax=-0.26
21:17:47 [ultranest] [DEBUG] iteration=2729, ncalls=24083, regioncalls=985200, ndraw=40, logz=-8.76, remainder_fraction=57.1500%, Lmin=-2.86, Lmax=-0.26
21:17:47 [ultranest] [DEBUG] iteration=2732, ncalls=24094, regioncalls=985640, ndraw=40, logz=-8.76, remainder_fraction=56.9923%, Lmin=-2.85, Lmax=-0.26
21:17:47 [ultranest] [DEBUG] iteration=2734, ncalls=24139, regioncalls=987440, ndraw=40, logz=-8.75, remainder_fraction=56.8938%, Lmin=-2.84, Lmax=-0.26
21:17:47 [ultranest] [DEBUG] iteration=2737, ncalls=24150, regioncalls=987880, ndraw=40, logz=-8.75, remainder_fraction=56.7365%, Lmin=-2.81, Lmax=-0.26
21:17:48 [ultranest] [DEBUG] iteration=2739, ncalls=24181, regioncalls=989120, ndraw=40, logz=-8.75, remainder_fraction=56.7258%, Lmin=-2.81, Lmax=-0.26
21:17:48 [ultranest] [DEBUG] iteration=2740, ncalls=24201, regioncalls=989920, ndraw=40, logz=-8.75, remainder_fraction=56.6669%, Lmin=-2.80, Lmax=-0.26
21:17:48 [ultranest] [DEBUG] iteration=2742, ncalls=24218, regioncalls=990600, ndraw=40, logz=-8.75, remainder_fraction=56.5595%, Lmin=-2.80, Lmax=-0.26
21:17:48 [ultranest] [DEBUG] iteration=2744, ncalls=24230, regioncalls=991080, ndraw=40, logz=-8.74, remainder_fraction=56.4381%, Lmin=-2.79, Lmax=-0.26
21:17:48 [ultranest] [DEBUG] iteration=2748, ncalls=24251, regioncalls=991920, ndraw=40, logz=-8.74, remainder_fraction=56.2597%, Lmin=-2.76, Lmax=-0.26
21:17:49 [ultranest] [DEBUG] iteration=2750, ncalls=24264, regioncalls=992440, ndraw=40, logz=-8.74, remainder_fraction=56.1433%, Lmin=-2.75, Lmax=-0.26
21:17:49 [ultranest] [DEBUG] iteration=2752, ncalls=24291, regioncalls=993520, ndraw=40, logz=-8.74, remainder_fraction=56.2218%, Lmin=-2.75, Lmax=-0.26
21:17:49 [ultranest] [DEBUG] iteration=2753, ncalls=24317, regioncalls=994560, ndraw=40, logz=-8.74, remainder_fraction=56.1887%, Lmin=-2.74, Lmax=-0.26
21:17:49 [ultranest] [DEBUG] iteration=2756, ncalls=24345, regioncalls=995680, ndraw=40, logz=-8.73, remainder_fraction=56.1050%, Lmin=-2.73, Lmax=-0.26
21:17:50 [ultranest] [DEBUG] iteration=2757, ncalls=24354, regioncalls=996040, ndraw=40, logz=-8.73, remainder_fraction=56.0296%, Lmin=-2.72, Lmax=-0.26
21:17:50 [ultranest] [DEBUG] iteration=2759, ncalls=24364, regioncalls=996440, ndraw=40, logz=-8.73, remainder_fraction=55.9286%, Lmin=-2.72, Lmax=-0.26
21:17:50 [ultranest] [DEBUG] iteration=2760, ncalls=24373, regioncalls=996800, ndraw=40, logz=-8.73, remainder_fraction=55.8956%, Lmin=-2.72, Lmax=-0.26
21:17:50 [ultranest] [DEBUG] iteration=2761, ncalls=24383, regioncalls=997200, ndraw=40, logz=-8.73, remainder_fraction=55.8099%, Lmin=-2.71, Lmax=-0.26
21:17:50 [ultranest] [DEBUG] iteration=2763, ncalls=24401, regioncalls=997920, ndraw=40, logz=-8.72, remainder_fraction=55.7232%, Lmin=-2.70, Lmax=-0.26
21:17:50 [ultranest] [DEBUG] iteration=2764, ncalls=24417, regioncalls=998560, ndraw=40, logz=-8.72, remainder_fraction=55.7789%, Lmin=-2.69, Lmax=-0.26
21:17:50 [ultranest] [DEBUG] iteration=2766, ncalls=24428, regioncalls=999000, ndraw=40, logz=-8.72, remainder_fraction=55.7803%, Lmin=-2.69, Lmax=-0.26
21:17:51 [ultranest] [DEBUG] iteration=2767, ncalls=24440, regioncalls=999480, ndraw=40, logz=-8.72, remainder_fraction=55.7124%, Lmin=-2.68, Lmax=-0.26
21:17:51 [ultranest] [DEBUG] iteration=2770, ncalls=24477, regioncalls=1000960, ndraw=40, logz=-8.72, remainder_fraction=55.5456%, Lmin=-2.68, Lmax=-0.26
21:17:51 [ultranest] [DEBUG] iteration=2771, ncalls=24491, regioncalls=1001520, ndraw=40, logz=-8.72, remainder_fraction=55.5329%, Lmin=-2.67, Lmax=-0.26
21:17:51 [ultranest] [DEBUG] iteration=2772, ncalls=24510, regioncalls=1002280, ndraw=40, logz=-8.72, remainder_fraction=55.4557%, Lmin=-2.67, Lmax=-0.26
21:17:51 [ultranest] [DEBUG] iteration=2774, ncalls=24521, regioncalls=1002720, ndraw=40, logz=-8.71, remainder_fraction=55.3655%, Lmin=-2.67, Lmax=-0.26
21:17:51 [ultranest] [DEBUG] iteration=2775, ncalls=24535, regioncalls=1003280, ndraw=40, logz=-8.71, remainder_fraction=55.3439%, Lmin=-2.66, Lmax=-0.26
21:17:52 [ultranest] [DEBUG] iteration=2777, ncalls=24555, regioncalls=1004080, ndraw=40, logz=-8.71, remainder_fraction=55.1963%, Lmin=-2.66, Lmax=-0.26
21:17:52 [ultranest] [DEBUG] iteration=2780, ncalls=24570, regioncalls=1004680, ndraw=40, logz=-8.71, remainder_fraction=55.1238%, Lmin=-2.66, Lmax=-0.26
21:17:52 [ultranest] [DEBUG] iteration=2781, ncalls=24584, regioncalls=1005240, ndraw=40, logz=-8.71, remainder_fraction=55.1423%, Lmin=-2.66, Lmax=-0.26
21:17:52 [ultranest] [DEBUG] iteration=2783, ncalls=24596, regioncalls=1005720, ndraw=40, logz=-8.70, remainder_fraction=55.0031%, Lmin=-2.65, Lmax=-0.26
21:17:52 [ultranest] [DEBUG] iteration=2786, ncalls=24610, regioncalls=1006280, ndraw=40, logz=-8.70, remainder_fraction=55.1036%, Lmin=-2.64, Lmax=-0.26
21:17:52 [ultranest] [DEBUG] iteration=2788, ncalls=24628, regioncalls=1007000, ndraw=40, logz=-8.70, remainder_fraction=55.0602%, Lmin=-2.63, Lmax=-0.26
21:17:53 [ultranest] [DEBUG] iteration=2789, ncalls=24639, regioncalls=1007440, ndraw=40, logz=-8.70, remainder_fraction=55.0276%, Lmin=-2.62, Lmax=-0.26
21:17:53 [ultranest] [DEBUG] iteration=2790, ncalls=24643, regioncalls=1007840, ndraw=40, logz=-8.70, remainder_fraction=54.9424%, Lmin=-2.61, Lmax=-0.26
21:17:53 [ultranest] [DEBUG] iteration=2792, ncalls=24652, regioncalls=1008200, ndraw=40, logz=-8.70, remainder_fraction=54.8028%, Lmin=-2.61, Lmax=-0.26
21:17:53 [ultranest] [DEBUG] iteration=2796, ncalls=24669, regioncalls=1008880, ndraw=40, logz=-8.69, remainder_fraction=54.6262%, Lmin=-2.60, Lmax=-0.26
21:17:53 [ultranest] [DEBUG] iteration=2799, ncalls=24678, regioncalls=1009240, ndraw=40, logz=-8.69, remainder_fraction=54.4382%, Lmin=-2.60, Lmax=-0.26
21:17:53 [ultranest] [DEBUG] iteration=2800, ncalls=24679, regioncalls=1009280, ndraw=40, logz=-8.69, remainder_fraction=54.3862%, Lmin=-2.59, Lmax=-0.26
21:17:53 [ultranest] [DEBUG] iteration=2801, ncalls=24690, regioncalls=1009720, ndraw=40, logz=-8.69, remainder_fraction=54.4862%, Lmin=-2.59, Lmax=-0.26
21:17:53 [ultranest] [DEBUG] iteration=2803, ncalls=24700, regioncalls=1010120, ndraw=40, logz=-8.68, remainder_fraction=54.3478%, Lmin=-2.58, Lmax=-0.26
21:17:53 [ultranest] [DEBUG] iteration=2806, ncalls=24714, regioncalls=1010680, ndraw=40, logz=-8.68, remainder_fraction=54.3224%, Lmin=-2.55, Lmax=-0.26
21:17:54 [ultranest] [DEBUG] iteration=2808, ncalls=24731, regioncalls=1011360, ndraw=40, logz=-8.68, remainder_fraction=54.1789%, Lmin=-2.55, Lmax=-0.26
21:17:54 [ultranest] [DEBUG] iteration=2810, ncalls=24740, regioncalls=1011720, ndraw=40, logz=-8.68, remainder_fraction=54.1460%, Lmin=-2.54, Lmax=-0.26
21:17:54 [ultranest] [DEBUG] iteration=2812, ncalls=24750, regioncalls=1012120, ndraw=40, logz=-8.67, remainder_fraction=54.0144%, Lmin=-2.54, Lmax=-0.26
21:17:54 [ultranest] [DEBUG] iteration=2814, ncalls=24762, regioncalls=1012600, ndraw=40, logz=-8.67, remainder_fraction=53.9482%, Lmin=-2.52, Lmax=-0.26
21:17:54 [ultranest] [DEBUG] iteration=2816, ncalls=24771, regioncalls=1012960, ndraw=40, logz=-8.67, remainder_fraction=53.8318%, Lmin=-2.51, Lmax=-0.26
21:17:54 [ultranest] [DEBUG] iteration=2818, ncalls=24781, regioncalls=1013360, ndraw=40, logz=-8.67, remainder_fraction=53.7186%, Lmin=-2.51, Lmax=-0.26
21:17:54 [ultranest] [DEBUG] iteration=2820, ncalls=24794, regioncalls=1013880, ndraw=40, logz=-8.67, remainder_fraction=53.5726%, Lmin=-2.50, Lmax=-0.26
21:17:54 [ultranest] [DEBUG] iteration=2823, ncalls=24805, regioncalls=1014320, ndraw=40, logz=-8.66, remainder_fraction=53.3322%, Lmin=-2.48, Lmax=-0.26
21:17:55 [ultranest] [DEBUG] iteration=2824, ncalls=24829, regioncalls=1015280, ndraw=40, logz=-8.66, remainder_fraction=53.2461%, Lmin=-2.47, Lmax=-0.26
21:17:55 [ultranest] [DEBUG] iteration=2829, ncalls=24849, regioncalls=1016080, ndraw=40, logz=-8.66, remainder_fraction=53.0255%, Lmin=-2.45, Lmax=-0.26
21:17:55 [ultranest] [DEBUG] iteration=2831, ncalls=24865, regioncalls=1016720, ndraw=40, logz=-8.66, remainder_fraction=52.9140%, Lmin=-2.43, Lmax=-0.26
21:17:55 [ultranest] [DEBUG] iteration=2834, ncalls=24889, regioncalls=1017680, ndraw=40, logz=-8.65, remainder_fraction=52.7666%, Lmin=-2.42, Lmax=-0.26
21:17:56 [ultranest] [DEBUG] iteration=2836, ncalls=24903, regioncalls=1018240, ndraw=40, logz=-8.65, remainder_fraction=52.6327%, Lmin=-2.42, Lmax=-0.26
21:17:56 [ultranest] [DEBUG] iteration=2838, ncalls=24917, regioncalls=1018800, ndraw=40, logz=-8.65, remainder_fraction=52.5463%, Lmin=-2.41, Lmax=-0.26
21:17:56 [ultranest] [DEBUG] iteration=2839, ncalls=24929, regioncalls=1019280, ndraw=40, logz=-8.65, remainder_fraction=52.4872%, Lmin=-2.41, Lmax=-0.26
21:17:56 [ultranest] [DEBUG] iteration=2840, ncalls=24934, regioncalls=1019480, ndraw=40, logz=-8.65, remainder_fraction=52.4021%, Lmin=-2.41, Lmax=-0.26
21:17:56 [ultranest] [DEBUG] iteration=2842, ncalls=24946, regioncalls=1019960, ndraw=40, logz=-8.64, remainder_fraction=52.2419%, Lmin=-2.40, Lmax=-0.26
21:17:56 [ultranest] [DEBUG] iteration=2845, ncalls=24960, regioncalls=1020520, ndraw=40, logz=-8.64, remainder_fraction=52.1676%, Lmin=-2.39, Lmax=-0.26
21:17:56 [ultranest] [DEBUG] iteration=2848, ncalls=24973, regioncalls=1021040, ndraw=40, logz=-8.64, remainder_fraction=52.0791%, Lmin=-2.38, Lmax=-0.26
21:17:56 [ultranest] [DEBUG] iteration=2850, ncalls=24985, regioncalls=1021520, ndraw=40, logz=-8.63, remainder_fraction=51.9847%, Lmin=-2.37, Lmax=-0.26
21:17:57 [ultranest] [DEBUG] iteration=2853, ncalls=25003, regioncalls=1022240, ndraw=40, logz=-8.63, remainder_fraction=51.9154%, Lmin=-2.36, Lmax=-0.26
21:17:57 [ultranest] [DEBUG] iteration=2856, ncalls=25016, regioncalls=1022760, ndraw=40, logz=-8.63, remainder_fraction=51.6885%, Lmin=-2.35, Lmax=-0.26
21:17:57 [ultranest] [DEBUG] iteration=2860, ncalls=25033, regioncalls=1023440, ndraw=40, logz=-8.62, remainder_fraction=51.3879%, Lmin=-2.35, Lmax=-0.26
21:17:57 [ultranest] [DEBUG] iteration=2862, ncalls=25045, regioncalls=1023920, ndraw=40, logz=-8.62, remainder_fraction=51.3041%, Lmin=-2.34, Lmax=-0.26
21:17:57 [ultranest] [DEBUG] iteration=2864, ncalls=25058, regioncalls=1024440, ndraw=40, logz=-8.62, remainder_fraction=51.3152%, Lmin=-2.34, Lmax=-0.26
21:17:58 [ultranest] [DEBUG] iteration=2869, ncalls=25097, regioncalls=1026000, ndraw=40, logz=-8.62, remainder_fraction=51.0637%, Lmin=-2.33, Lmax=-0.26
21:17:58 [ultranest] [DEBUG] iteration=2870, ncalls=25108, regioncalls=1026440, ndraw=40, logz=-8.61, remainder_fraction=51.0033%, Lmin=-2.32, Lmax=-0.26
21:17:58 [ultranest] [DEBUG] iteration=2872, ncalls=25117, regioncalls=1026800, ndraw=40, logz=-8.61, remainder_fraction=50.8826%, Lmin=-2.32, Lmax=-0.26
21:17:58 [ultranest] [DEBUG] iteration=2874, ncalls=25140, regioncalls=1027720, ndraw=40, logz=-8.61, remainder_fraction=50.8860%, Lmin=-2.32, Lmax=-0.26
21:17:58 [ultranest] [DEBUG] iteration=2876, ncalls=25151, regioncalls=1028160, ndraw=40, logz=-8.61, remainder_fraction=50.7631%, Lmin=-2.32, Lmax=-0.26
21:17:58 [ultranest] [DEBUG] iteration=2879, ncalls=25167, regioncalls=1028800, ndraw=40, logz=-8.60, remainder_fraction=50.8012%, Lmin=-2.30, Lmax=-0.26
21:17:58 [ultranest] [DEBUG] iteration=2880, ncalls=25170, regioncalls=1028920, ndraw=40, logz=-8.60, remainder_fraction=50.7191%, Lmin=-2.29, Lmax=-0.26
21:17:59 [ultranest] [DEBUG] iteration=2881, ncalls=25194, regioncalls=1029880, ndraw=40, logz=-8.60, remainder_fraction=50.6354%, Lmin=-2.29, Lmax=-0.26
21:17:59 [ultranest] [DEBUG] iteration=2883, ncalls=25204, regioncalls=1030280, ndraw=40, logz=-8.60, remainder_fraction=50.4950%, Lmin=-2.28, Lmax=-0.26
21:17:59 [ultranest] [DEBUG] iteration=2884, ncalls=25216, regioncalls=1030760, ndraw=40, logz=-8.60, remainder_fraction=50.5342%, Lmin=-2.28, Lmax=-0.26
21:17:59 [ultranest] [DEBUG] iteration=2886, ncalls=25235, regioncalls=1031520, ndraw=40, logz=-8.60, remainder_fraction=50.3810%, Lmin=-2.28, Lmax=-0.26
21:17:59 [ultranest] [DEBUG] iteration=2888, ncalls=25244, regioncalls=1031880, ndraw=40, logz=-8.60, remainder_fraction=50.2114%, Lmin=-2.27, Lmax=-0.26
21:17:59 [ultranest] [DEBUG] iteration=2889, ncalls=25257, regioncalls=1032400, ndraw=40, logz=-8.59, remainder_fraction=50.1581%, Lmin=-2.27, Lmax=-0.26
21:18:00 [ultranest] [DEBUG] iteration=2891, ncalls=25267, regioncalls=1032800, ndraw=40, logz=-8.59, remainder_fraction=50.0165%, Lmin=-2.27, Lmax=-0.26
21:18:00 [ultranest] [DEBUG] iteration=2895, ncalls=25296, regioncalls=1033960, ndraw=40, logz=-8.59, remainder_fraction=49.7337%, Lmin=-2.26, Lmax=-0.26
21:18:00 [ultranest] [DEBUG] iteration=2897, ncalls=25316, regioncalls=1034760, ndraw=40, logz=-8.59, remainder_fraction=49.6683%, Lmin=-2.25, Lmax=-0.26
21:18:00 [ultranest] [DEBUG] iteration=2899, ncalls=25327, regioncalls=1035200, ndraw=40, logz=-8.58, remainder_fraction=49.5093%, Lmin=-2.25, Lmax=-0.26
21:18:00 [ultranest] [DEBUG] iteration=2902, ncalls=25339, regioncalls=1035680, ndraw=40, logz=-8.58, remainder_fraction=49.4369%, Lmin=-2.24, Lmax=-0.26
21:18:00 [ultranest] [DEBUG] iteration=2904, ncalls=25358, regioncalls=1036440, ndraw=40, logz=-8.58, remainder_fraction=49.2899%, Lmin=-2.24, Lmax=-0.26
21:18:01 [ultranest] [DEBUG] iteration=2906, ncalls=25374, regioncalls=1037080, ndraw=40, logz=-8.58, remainder_fraction=49.1695%, Lmin=-2.23, Lmax=-0.26
21:18:01 [ultranest] [DEBUG] iteration=2908, ncalls=25387, regioncalls=1037600, ndraw=40, logz=-8.58, remainder_fraction=49.0404%, Lmin=-2.22, Lmax=-0.26
21:18:01 [ultranest] [DEBUG] iteration=2910, ncalls=25407, regioncalls=1038400, ndraw=40, logz=-8.57, remainder_fraction=48.8848%, Lmin=-2.22, Lmax=-0.26
21:18:01 [ultranest] [DEBUG] iteration=2912, ncalls=25428, regioncalls=1039240, ndraw=40, logz=-8.57, remainder_fraction=48.7783%, Lmin=-2.22, Lmax=-0.26
21:18:01 [ultranest] [DEBUG] iteration=2914, ncalls=25437, regioncalls=1039600, ndraw=40, logz=-8.57, remainder_fraction=48.6828%, Lmin=-2.21, Lmax=-0.26
21:18:01 [ultranest] [DEBUG] iteration=2917, ncalls=25448, regioncalls=1040040, ndraw=40, logz=-8.57, remainder_fraction=48.5246%, Lmin=-2.19, Lmax=-0.26
21:18:02 [ultranest] [DEBUG] iteration=2920, ncalls=25457, regioncalls=1040400, ndraw=40, logz=-8.56, remainder_fraction=48.4180%, Lmin=-2.17, Lmax=-0.26
21:18:02 [ultranest] [DEBUG] iteration=2922, ncalls=25475, regioncalls=1041120, ndraw=40, logz=-8.56, remainder_fraction=48.3706%, Lmin=-2.17, Lmax=-0.26
21:18:02 [ultranest] [DEBUG] iteration=2924, ncalls=25501, regioncalls=1042160, ndraw=40, logz=-8.56, remainder_fraction=48.2620%, Lmin=-2.16, Lmax=-0.26
21:18:02 [ultranest] [DEBUG] iteration=2926, ncalls=25510, regioncalls=1042520, ndraw=40, logz=-8.56, remainder_fraction=48.2266%, Lmin=-2.15, Lmax=-0.26
21:18:02 [ultranest] [DEBUG] iteration=2929, ncalls=25520, regioncalls=1042920, ndraw=40, logz=-8.55, remainder_fraction=48.0215%, Lmin=-2.15, Lmax=-0.26
21:18:03 [ultranest] [DEBUG] iteration=2932, ncalls=25546, regioncalls=1043960, ndraw=40, logz=-8.55, remainder_fraction=47.8849%, Lmin=-2.14, Lmax=-0.26
21:18:03 [ultranest] [DEBUG] iteration=2934, ncalls=25559, regioncalls=1044480, ndraw=40, logz=-8.55, remainder_fraction=47.7408%, Lmin=-2.14, Lmax=-0.26
21:18:03 [ultranest] [DEBUG] iteration=2937, ncalls=25574, regioncalls=1045080, ndraw=40, logz=-8.55, remainder_fraction=47.5639%, Lmin=-2.14, Lmax=-0.26
21:18:03 [ultranest] [DEBUG] iteration=2938, ncalls=25587, regioncalls=1045600, ndraw=40, logz=-8.55, remainder_fraction=47.5105%, Lmin=-2.13, Lmax=-0.26
21:18:03 [ultranest] [DEBUG] iteration=2940, ncalls=25614, regioncalls=1046680, ndraw=40, logz=-8.54, remainder_fraction=47.4350%, Lmin=-2.13, Lmax=-0.26
21:18:03 [ultranest] [DEBUG] iteration=2941, ncalls=25624, regioncalls=1047080, ndraw=40, logz=-8.54, remainder_fraction=47.4168%, Lmin=-2.13, Lmax=-0.26
21:18:04 [ultranest] [DEBUG] iteration=2942, ncalls=25642, regioncalls=1047800, ndraw=40, logz=-8.54, remainder_fraction=47.3308%, Lmin=-2.13, Lmax=-0.26
21:18:04 [ultranest] [DEBUG] iteration=2943, ncalls=25650, regioncalls=1048120, ndraw=40, logz=-8.54, remainder_fraction=47.3649%, Lmin=-2.13, Lmax=-0.26
21:18:04 [ultranest] [DEBUG] iteration=2944, ncalls=25659, regioncalls=1048480, ndraw=40, logz=-8.54, remainder_fraction=47.2911%, Lmin=-2.12, Lmax=-0.26
21:18:04 [ultranest] [DEBUG] iteration=2947, ncalls=25668, regioncalls=1048840, ndraw=40, logz=-8.54, remainder_fraction=47.1606%, Lmin=-2.12, Lmax=-0.26
21:18:04 [ultranest] [DEBUG] iteration=2950, ncalls=25691, regioncalls=1049760, ndraw=40, logz=-8.53, remainder_fraction=46.9509%, Lmin=-2.10, Lmax=-0.17
21:18:04 [ultranest] [DEBUG] iteration=2952, ncalls=25701, regioncalls=1050160, ndraw=40, logz=-8.53, remainder_fraction=46.9628%, Lmin=-2.10, Lmax=-0.17
21:18:04 [ultranest] [DEBUG] iteration=2953, ncalls=25710, regioncalls=1050520, ndraw=40, logz=-8.53, remainder_fraction=46.8927%, Lmin=-2.10, Lmax=-0.17
21:18:05 [ultranest] [DEBUG] iteration=2954, ncalls=25726, regioncalls=1051160, ndraw=40, logz=-8.53, remainder_fraction=46.8549%, Lmin=-2.10, Lmax=-0.17
21:18:05 [ultranest] [DEBUG] iteration=2958, ncalls=25739, regioncalls=1051680, ndraw=40, logz=-8.53, remainder_fraction=46.5846%, Lmin=-2.09, Lmax=-0.17
21:18:05 [ultranest] [DEBUG] iteration=2960, ncalls=25743, regioncalls=1051840, ndraw=40, logz=-8.52, remainder_fraction=46.5209%, Lmin=-2.08, Lmax=-0.17
21:18:05 [ultranest] [DEBUG] iteration=2962, ncalls=25753, regioncalls=1052240, ndraw=40, logz=-8.52, remainder_fraction=46.4444%, Lmin=-2.07, Lmax=-0.17
21:18:05 [ultranest] [DEBUG] iteration=2963, ncalls=25764, regioncalls=1052680, ndraw=40, logz=-8.52, remainder_fraction=46.3629%, Lmin=-2.07, Lmax=-0.17
21:18:05 [ultranest] [DEBUG] iteration=2965, ncalls=25774, regioncalls=1053080, ndraw=40, logz=-8.52, remainder_fraction=46.2471%, Lmin=-2.07, Lmax=-0.17
21:18:05 [ultranest] [DEBUG] iteration=2966, ncalls=25789, regioncalls=1053680, ndraw=40, logz=-8.52, remainder_fraction=46.2351%, Lmin=-2.07, Lmax=-0.17
21:18:06 [ultranest] [DEBUG] iteration=2968, ncalls=25806, regioncalls=1054360, ndraw=40, logz=-8.52, remainder_fraction=46.1175%, Lmin=-2.06, Lmax=-0.17
21:18:06 [ultranest] [DEBUG] iteration=2969, ncalls=25816, regioncalls=1054760, ndraw=40, logz=-8.52, remainder_fraction=46.0440%, Lmin=-2.05, Lmax=-0.17
21:18:06 [ultranest] [DEBUG] iteration=2971, ncalls=25829, regioncalls=1055280, ndraw=40, logz=-8.51, remainder_fraction=45.9881%, Lmin=-2.05, Lmax=-0.17
21:18:06 [ultranest] [DEBUG] iteration=2972, ncalls=25853, regioncalls=1056240, ndraw=40, logz=-8.51, remainder_fraction=45.9809%, Lmin=-2.04, Lmax=-0.17
21:18:06 [ultranest] [DEBUG] iteration=2974, ncalls=25866, regioncalls=1056760, ndraw=40, logz=-8.51, remainder_fraction=45.8734%, Lmin=-2.04, Lmax=-0.17
21:18:07 [ultranest] [DEBUG] iteration=2978, ncalls=25907, regioncalls=1058400, ndraw=40, logz=-8.51, remainder_fraction=45.6255%, Lmin=-2.03, Lmax=-0.17
21:18:07 [ultranest] [DEBUG] iteration=2980, ncalls=25936, regioncalls=1059560, ndraw=40, logz=-8.51, remainder_fraction=45.5085%, Lmin=-2.03, Lmax=-0.17
21:18:07 [ultranest] [DEBUG] iteration=2983, ncalls=25952, regioncalls=1060200, ndraw=40, logz=-8.50, remainder_fraction=45.4998%, Lmin=-2.02, Lmax=-0.17
21:18:08 [ultranest] [DEBUG] iteration=2985, ncalls=25967, regioncalls=1060800, ndraw=40, logz=-8.50, remainder_fraction=45.3534%, Lmin=-2.01, Lmax=-0.17
21:18:08 [ultranest] [DEBUG] iteration=2988, ncalls=25983, regioncalls=1061440, ndraw=40, logz=-8.50, remainder_fraction=45.1636%, Lmin=-2.01, Lmax=-0.17
21:18:08 [ultranest] [DEBUG] iteration=2990, ncalls=26001, regioncalls=1062160, ndraw=40, logz=-8.50, remainder_fraction=45.1082%, Lmin=-2.01, Lmax=-0.17
21:18:08 [ultranest] [DEBUG] iteration=2992, ncalls=26014, regioncalls=1062680, ndraw=40, logz=-8.49, remainder_fraction=44.9580%, Lmin=-2.00, Lmax=-0.17
21:18:08 [ultranest] [DEBUG] iteration=2995, ncalls=26023, regioncalls=1063040, ndraw=40, logz=-8.49, remainder_fraction=44.8448%, Lmin=-1.99, Lmax=-0.17
21:18:08 [ultranest] [DEBUG] iteration=2996, ncalls=26032, regioncalls=1063400, ndraw=40, logz=-8.49, remainder_fraction=44.7892%, Lmin=-1.99, Lmax=-0.17
21:18:08 [ultranest] [DEBUG] iteration=2998, ncalls=26041, regioncalls=1063760, ndraw=40, logz=-8.49, remainder_fraction=44.6696%, Lmin=-1.98, Lmax=-0.17
21:18:09 [ultranest] [DEBUG] iteration=2999, ncalls=26049, regioncalls=1064080, ndraw=40, logz=-8.49, remainder_fraction=44.6262%, Lmin=-1.98, Lmax=-0.17
21:18:09 [ultranest] [DEBUG] iteration=3000, ncalls=26050, regioncalls=1064120, ndraw=40, logz=-8.49, remainder_fraction=44.5487%, Lmin=-1.98, Lmax=-0.17
21:18:09 [ultranest] [DEBUG] iteration=3003, ncalls=26069, regioncalls=1064880, ndraw=40, logz=-8.48, remainder_fraction=44.3527%, Lmin=-1.97, Lmax=-0.17
21:18:09 [ultranest] [DEBUG] iteration=3006, ncalls=26077, regioncalls=1065200, ndraw=40, logz=-8.48, remainder_fraction=44.1902%, Lmin=-1.96, Lmax=-0.17
21:18:09 [ultranest] [DEBUG] iteration=3007, ncalls=26091, regioncalls=1065760, ndraw=40, logz=-8.48, remainder_fraction=44.1499%, Lmin=-1.96, Lmax=-0.17
21:18:09 [ultranest] [DEBUG] iteration=3009, ncalls=26101, regioncalls=1066160, ndraw=40, logz=-8.48, remainder_fraction=44.0875%, Lmin=-1.95, Lmax=-0.17
21:18:09 [ultranest] [DEBUG] iteration=3011, ncalls=26121, regioncalls=1066960, ndraw=40, logz=-8.48, remainder_fraction=43.9324%, Lmin=-1.94, Lmax=-0.17
21:18:10 [ultranest] [DEBUG] iteration=3012, ncalls=26137, regioncalls=1067600, ndraw=40, logz=-8.48, remainder_fraction=43.8663%, Lmin=-1.94, Lmax=-0.17
21:18:10 [ultranest] [DEBUG] iteration=3014, ncalls=26149, regioncalls=1068080, ndraw=40, logz=-8.47, remainder_fraction=43.7530%, Lmin=-1.93, Lmax=-0.17
21:18:10 [ultranest] [DEBUG] iteration=3015, ncalls=26162, regioncalls=1068600, ndraw=40, logz=-8.47, remainder_fraction=43.7408%, Lmin=-1.93, Lmax=-0.17
21:18:10 [ultranest] [DEBUG] iteration=3016, ncalls=26208, regioncalls=1070440, ndraw=40, logz=-8.47, remainder_fraction=43.6860%, Lmin=-1.93, Lmax=-0.17
21:18:11 [ultranest] [DEBUG] iteration=3018, ncalls=26270, regioncalls=1072920, ndraw=40, logz=-8.47, remainder_fraction=43.5708%, Lmin=-1.93, Lmax=-0.17
21:18:11 [ultranest] [DEBUG] iteration=3019, ncalls=26296, regioncalls=1073960, ndraw=40, logz=-8.47, remainder_fraction=43.5139%, Lmin=-1.93, Lmax=-0.17
21:18:11 [ultranest] [DEBUG] iteration=3020, ncalls=26306, regioncalls=1074360, ndraw=40, logz=-8.47, remainder_fraction=43.4392%, Lmin=-1.93, Lmax=-0.17
21:18:11 [ultranest] [DEBUG] iteration=3022, ncalls=26316, regioncalls=1074760, ndraw=40, logz=-8.47, remainder_fraction=43.3760%, Lmin=-1.92, Lmax=-0.17
21:18:12 [ultranest] [DEBUG] iteration=3023, ncalls=26336, regioncalls=1075560, ndraw=40, logz=-8.47, remainder_fraction=43.3085%, Lmin=-1.92, Lmax=-0.17
21:18:12 [ultranest] [DEBUG] iteration=3025, ncalls=26346, regioncalls=1075960, ndraw=40, logz=-8.46, remainder_fraction=43.1771%, Lmin=-1.91, Lmax=-0.17
21:18:12 [ultranest] [DEBUG] iteration=3027, ncalls=26359, regioncalls=1076480, ndraw=40, logz=-8.46, remainder_fraction=43.1302%, Lmin=-1.90, Lmax=-0.17
21:18:12 [ultranest] [DEBUG] iteration=3031, ncalls=26382, regioncalls=1077400, ndraw=40, logz=-8.46, remainder_fraction=43.0088%, Lmin=-1.87, Lmax=-0.17
21:18:12 [ultranest] [DEBUG] iteration=3034, ncalls=26397, regioncalls=1078000, ndraw=40, logz=-8.46, remainder_fraction=42.9049%, Lmin=-1.86, Lmax=-0.17
21:18:13 [ultranest] [DEBUG] iteration=3035, ncalls=26413, regioncalls=1078640, ndraw=40, logz=-8.45, remainder_fraction=42.8221%, Lmin=-1.86, Lmax=-0.17
21:18:13 [ultranest] [DEBUG] iteration=3039, ncalls=26442, regioncalls=1079800, ndraw=40, logz=-8.45, remainder_fraction=42.7058%, Lmin=-1.85, Lmax=-0.17
21:18:13 [ultranest] [DEBUG] iteration=3040, ncalls=26444, regioncalls=1079880, ndraw=40, logz=-8.45, remainder_fraction=42.6233%, Lmin=-1.85, Lmax=-0.17
21:18:13 [ultranest] [DEBUG] iteration=3042, ncalls=26460, regioncalls=1080520, ndraw=40, logz=-8.45, remainder_fraction=42.5232%, Lmin=-1.83, Lmax=-0.17
21:18:14 [ultranest] [DEBUG] iteration=3044, ncalls=26500, regioncalls=1082120, ndraw=40, logz=-8.45, remainder_fraction=42.3690%, Lmin=-1.82, Lmax=-0.17
21:18:14 [ultranest] [DEBUG] iteration=3045, ncalls=26517, regioncalls=1082800, ndraw=40, logz=-8.45, remainder_fraction=42.3476%, Lmin=-1.82, Lmax=-0.17
21:18:14 [ultranest] [DEBUG] iteration=3046, ncalls=26552, regioncalls=1084200, ndraw=40, logz=-8.44, remainder_fraction=42.3008%, Lmin=-1.82, Lmax=-0.17
21:18:14 [ultranest] [DEBUG] iteration=3047, ncalls=26581, regioncalls=1085360, ndraw=40, logz=-8.44, remainder_fraction=42.2245%, Lmin=-1.82, Lmax=-0.17
21:18:15 [ultranest] [DEBUG] iteration=3051, ncalls=26627, regioncalls=1087200, ndraw=40, logz=-8.44, remainder_fraction=42.0466%, Lmin=-1.81, Lmax=-0.17
21:18:15 [ultranest] [DEBUG] iteration=3052, ncalls=26658, regioncalls=1088440, ndraw=40, logz=-8.44, remainder_fraction=42.0690%, Lmin=-1.81, Lmax=-0.17
21:18:15 [ultranest] [DEBUG] iteration=3054, ncalls=26672, regioncalls=1089000, ndraw=40, logz=-8.44, remainder_fraction=41.9156%, Lmin=-1.80, Lmax=-0.17
21:18:16 [ultranest] [DEBUG] iteration=3057, ncalls=26691, regioncalls=1089760, ndraw=40, logz=-8.43, remainder_fraction=41.6850%, Lmin=-1.79, Lmax=-0.17
21:18:16 [ultranest] [DEBUG] iteration=3059, ncalls=26700, regioncalls=1090120, ndraw=40, logz=-8.43, remainder_fraction=41.6739%, Lmin=-1.79, Lmax=-0.17
21:18:16 [ultranest] [DEBUG] iteration=3060, ncalls=26705, regioncalls=1090360, ndraw=40, logz=-8.43, remainder_fraction=41.6071%, Lmin=-1.78, Lmax=-0.17
21:18:16 [ultranest] [DEBUG] iteration=3062, ncalls=26716, regioncalls=1090800, ndraw=40, logz=-8.43, remainder_fraction=41.5004%, Lmin=-1.78, Lmax=-0.17
21:18:16 [ultranest] [DEBUG] iteration=3065, ncalls=26726, regioncalls=1091200, ndraw=40, logz=-8.43, remainder_fraction=41.3325%, Lmin=-1.77, Lmax=-0.17
21:18:16 [ultranest] [DEBUG] iteration=3066, ncalls=26736, regioncalls=1091600, ndraw=40, logz=-8.43, remainder_fraction=41.2929%, Lmin=-1.77, Lmax=-0.17
21:18:16 [ultranest] [DEBUG] iteration=3068, ncalls=26757, regioncalls=1092440, ndraw=40, logz=-8.42, remainder_fraction=41.2237%, Lmin=-1.76, Lmax=-0.17
21:18:17 [ultranest] [DEBUG] iteration=3070, ncalls=26774, regioncalls=1093120, ndraw=40, logz=-8.42, remainder_fraction=41.0975%, Lmin=-1.75, Lmax=-0.17
21:18:17 [ultranest] [DEBUG] iteration=3071, ncalls=26784, regioncalls=1093520, ndraw=40, logz=-8.42, remainder_fraction=41.0424%, Lmin=-1.75, Lmax=-0.17
21:18:17 [ultranest] [DEBUG] iteration=3073, ncalls=26806, regioncalls=1094400, ndraw=40, logz=-8.42, remainder_fraction=40.9361%, Lmin=-1.74, Lmax=-0.17
21:18:17 [ultranest] [DEBUG] iteration=3077, ncalls=26817, regioncalls=1094840, ndraw=40, logz=-8.42, remainder_fraction=40.6911%, Lmin=-1.73, Lmax=-0.17
21:18:17 [ultranest] [DEBUG] iteration=3078, ncalls=26835, regioncalls=1095560, ndraw=40, logz=-8.41, remainder_fraction=40.6694%, Lmin=-1.73, Lmax=-0.17
21:18:18 [ultranest] [DEBUG] iteration=3080, ncalls=26864, regioncalls=1096720, ndraw=40, logz=-8.41, remainder_fraction=40.5805%, Lmin=-1.72, Lmax=-0.17
21:18:18 [ultranest] [DEBUG] iteration=3082, ncalls=26877, regioncalls=1097240, ndraw=40, logz=-8.41, remainder_fraction=40.5058%, Lmin=-1.72, Lmax=-0.17
21:18:18 [ultranest] [DEBUG] iteration=3084, ncalls=26885, regioncalls=1097560, ndraw=40, logz=-8.41, remainder_fraction=40.3791%, Lmin=-1.72, Lmax=-0.17
21:18:18 [ultranest] [DEBUG] iteration=3087, ncalls=26901, regioncalls=1098200, ndraw=40, logz=-8.41, remainder_fraction=40.2598%, Lmin=-1.71, Lmax=-0.17
21:18:19 [ultranest] [DEBUG] iteration=3088, ncalls=26939, regioncalls=1099720, ndraw=40, logz=-8.41, remainder_fraction=40.2544%, Lmin=-1.71, Lmax=-0.17
21:18:19 [ultranest] [DEBUG] iteration=3090, ncalls=26954, regioncalls=1100320, ndraw=40, logz=-8.40, remainder_fraction=40.1284%, Lmin=-1.70, Lmax=-0.17
21:18:19 [ultranest] [DEBUG] iteration=3092, ncalls=26965, regioncalls=1100760, ndraw=40, logz=-8.40, remainder_fraction=40.0047%, Lmin=-1.70, Lmax=-0.17
21:18:19 [ultranest] [DEBUG] iteration=3093, ncalls=26980, regioncalls=1101360, ndraw=40, logz=-8.40, remainder_fraction=39.9507%, Lmin=-1.70, Lmax=-0.17
21:18:19 [ultranest] [DEBUG] iteration=3095, ncalls=26995, regioncalls=1101960, ndraw=40, logz=-8.40, remainder_fraction=39.8022%, Lmin=-1.70, Lmax=-0.17
21:18:20 [ultranest] [DEBUG] iteration=3096, ncalls=27018, regioncalls=1102880, ndraw=40, logz=-8.40, remainder_fraction=39.7627%, Lmin=-1.70, Lmax=-0.17
21:18:20 [ultranest] [DEBUG] iteration=3098, ncalls=27035, regioncalls=1103560, ndraw=40, logz=-8.40, remainder_fraction=39.6524%, Lmin=-1.70, Lmax=-0.17
21:18:20 [ultranest] [DEBUG] iteration=3100, ncalls=27043, regioncalls=1103880, ndraw=40, logz=-8.40, remainder_fraction=39.5308%, Lmin=-1.69, Lmax=-0.17
21:18:20 [ultranest] [DEBUG] iteration=3101, ncalls=27072, regioncalls=1105040, ndraw=40, logz=-8.39, remainder_fraction=39.4545%, Lmin=-1.69, Lmax=-0.17
21:18:20 [ultranest] [DEBUG] iteration=3102, ncalls=27083, regioncalls=1105480, ndraw=40, logz=-8.39, remainder_fraction=39.3957%, Lmin=-1.68, Lmax=-0.17
21:18:20 [ultranest] [DEBUG] iteration=3105, ncalls=27100, regioncalls=1106160, ndraw=40, logz=-8.39, remainder_fraction=39.2543%, Lmin=-1.68, Lmax=-0.17
21:18:21 [ultranest] [DEBUG] iteration=3107, ncalls=27127, regioncalls=1107240, ndraw=40, logz=-8.39, remainder_fraction=39.1178%, Lmin=-1.67, Lmax=-0.17
21:18:21 [ultranest] [DEBUG] iteration=3108, ncalls=27141, regioncalls=1107800, ndraw=40, logz=-8.39, remainder_fraction=39.0786%, Lmin=-1.67, Lmax=-0.17
21:18:21 [ultranest] [DEBUG] iteration=3111, ncalls=27153, regioncalls=1108280, ndraw=40, logz=-8.39, remainder_fraction=38.9228%, Lmin=-1.65, Lmax=-0.17
21:18:21 [ultranest] [DEBUG] iteration=3112, ncalls=27166, regioncalls=1108800, ndraw=40, logz=-8.38, remainder_fraction=38.8825%, Lmin=-1.64, Lmax=-0.17
21:18:21 [ultranest] [DEBUG] iteration=3114, ncalls=27176, regioncalls=1109200, ndraw=40, logz=-8.38, remainder_fraction=38.8034%, Lmin=-1.64, Lmax=-0.17
21:18:22 [ultranest] [DEBUG] iteration=3117, ncalls=27220, regioncalls=1110960, ndraw=40, logz=-8.38, remainder_fraction=38.6725%, Lmin=-1.63, Lmax=-0.17
21:18:22 [ultranest] [DEBUG] iteration=3120, ncalls=27252, regioncalls=1112240, ndraw=40, logz=-8.38, remainder_fraction=38.5580%, Lmin=-1.62, Lmax=-0.17
21:18:22 [ultranest] [DEBUG] iteration=3121, ncalls=27261, regioncalls=1112600, ndraw=40, logz=-8.38, remainder_fraction=38.4951%, Lmin=-1.62, Lmax=-0.17
21:18:22 [ultranest] [DEBUG] iteration=3122, ncalls=27272, regioncalls=1113040, ndraw=40, logz=-8.38, remainder_fraction=38.4905%, Lmin=-1.62, Lmax=-0.17
21:18:22 [ultranest] [DEBUG] iteration=3124, ncalls=27288, regioncalls=1113680, ndraw=40, logz=-8.37, remainder_fraction=38.3669%, Lmin=-1.62, Lmax=-0.17
21:18:23 [ultranest] [DEBUG] iteration=3126, ncalls=27301, regioncalls=1114200, ndraw=40, logz=-8.37, remainder_fraction=38.2707%, Lmin=-1.62, Lmax=-0.17
21:18:23 [ultranest] [DEBUG] iteration=3127, ncalls=27313, regioncalls=1114680, ndraw=40, logz=-8.37, remainder_fraction=38.2047%, Lmin=-1.62, Lmax=-0.17
21:18:23 [ultranest] [DEBUG] iteration=3130, ncalls=27332, regioncalls=1115440, ndraw=40, logz=-8.37, remainder_fraction=37.9935%, Lmin=-1.61, Lmax=-0.17
21:18:23 [ultranest] [DEBUG] iteration=3131, ncalls=27355, regioncalls=1116360, ndraw=40, logz=-8.37, remainder_fraction=37.9579%, Lmin=-1.61, Lmax=-0.17
21:18:23 [ultranest] [DEBUG] iteration=3132, ncalls=27367, regioncalls=1116840, ndraw=40, logz=-8.37, remainder_fraction=37.9004%, Lmin=-1.61, Lmax=-0.17
21:18:23 [ultranest] [DEBUG] iteration=3133, ncalls=27377, regioncalls=1117240, ndraw=40, logz=-8.37, remainder_fraction=37.8290%, Lmin=-1.61, Lmax=-0.17
21:18:24 [ultranest] [DEBUG] iteration=3134, ncalls=27398, regioncalls=1118080, ndraw=40, logz=-8.37, remainder_fraction=37.7978%, Lmin=-1.61, Lmax=-0.17
21:18:24 [ultranest] [DEBUG] iteration=3136, ncalls=27408, regioncalls=1118480, ndraw=40, logz=-8.36, remainder_fraction=37.6543%, Lmin=-1.59, Lmax=-0.17
21:18:24 [ultranest] [DEBUG] iteration=3138, ncalls=27419, regioncalls=1118920, ndraw=40, logz=-8.36, remainder_fraction=37.5412%, Lmin=-1.59, Lmax=-0.17
21:18:24 [ultranest] [DEBUG] iteration=3139, ncalls=27447, regioncalls=1120040, ndraw=40, logz=-8.36, remainder_fraction=37.4664%, Lmin=-1.59, Lmax=-0.17
21:18:24 [ultranest] [DEBUG] iteration=3141, ncalls=27465, regioncalls=1120760, ndraw=40, logz=-8.36, remainder_fraction=37.3915%, Lmin=-1.59, Lmax=-0.17
21:18:25 [ultranest] [DEBUG] iteration=3142, ncalls=27490, regioncalls=1121760, ndraw=40, logz=-8.36, remainder_fraction=37.3244%, Lmin=-1.59, Lmax=-0.17
21:18:25 [ultranest] [DEBUG] iteration=3144, ncalls=27498, regioncalls=1122080, ndraw=40, logz=-8.36, remainder_fraction=37.2606%, Lmin=-1.58, Lmax=-0.17
21:18:25 [ultranest] [DEBUG] iteration=3145, ncalls=27519, regioncalls=1122920, ndraw=40, logz=-8.36, remainder_fraction=37.1845%, Lmin=-1.58, Lmax=-0.17
21:18:25 [ultranest] [DEBUG] iteration=3146, ncalls=27528, regioncalls=1123280, ndraw=40, logz=-8.36, remainder_fraction=37.1900%, Lmin=-1.58, Lmax=-0.17
21:18:25 [ultranest] [DEBUG] iteration=3148, ncalls=27537, regioncalls=1123640, ndraw=40, logz=-8.35, remainder_fraction=37.0865%, Lmin=-1.57, Lmax=-0.17
21:18:25 [ultranest] [DEBUG] iteration=3149, ncalls=27559, regioncalls=1124520, ndraw=40, logz=-8.35, remainder_fraction=37.0153%, Lmin=-1.57, Lmax=-0.17
21:18:26 [ultranest] [DEBUG] iteration=3150, ncalls=27574, regioncalls=1125360, ndraw=40, logz=-8.35, remainder_fraction=36.9705%, Lmin=-1.57, Lmax=-0.17
21:18:26 [ultranest] [DEBUG] iteration=3152, ncalls=27584, regioncalls=1125760, ndraw=40, logz=-8.35, remainder_fraction=36.8422%, Lmin=-1.56, Lmax=-0.17
21:18:26 [ultranest] [DEBUG] iteration=3155, ncalls=27593, regioncalls=1126120, ndraw=40, logz=-8.35, remainder_fraction=36.6255%, Lmin=-1.56, Lmax=-0.17
21:18:26 [ultranest] [DEBUG] iteration=3157, ncalls=27629, regioncalls=1127560, ndraw=40, logz=-8.35, remainder_fraction=36.4786%, Lmin=-1.55, Lmax=-0.17
21:18:26 [ultranest] [DEBUG] iteration=3159, ncalls=27639, regioncalls=1127960, ndraw=40, logz=-8.34, remainder_fraction=36.3684%, Lmin=-1.55, Lmax=-0.17
21:18:27 [ultranest] [DEBUG] iteration=3160, ncalls=27647, regioncalls=1128280, ndraw=40, logz=-8.34, remainder_fraction=36.3103%, Lmin=-1.55, Lmax=-0.17
21:18:27 [ultranest] [DEBUG] iteration=3163, ncalls=27662, regioncalls=1128880, ndraw=40, logz=-8.34, remainder_fraction=36.1150%, Lmin=-1.54, Lmax=-0.17
21:18:27 [ultranest] [DEBUG] iteration=3166, ncalls=27674, regioncalls=1129360, ndraw=40, logz=-8.34, remainder_fraction=35.9738%, Lmin=-1.54, Lmax=-0.17
21:18:27 [ultranest] [DEBUG] iteration=3167, ncalls=27706, regioncalls=1130640, ndraw=40, logz=-8.34, remainder_fraction=35.9000%, Lmin=-1.54, Lmax=-0.17
21:18:27 [ultranest] [DEBUG] iteration=3168, ncalls=27716, regioncalls=1131040, ndraw=40, logz=-8.34, remainder_fraction=35.8500%, Lmin=-1.54, Lmax=-0.17
21:18:27 [ultranest] [DEBUG] iteration=3170, ncalls=27730, regioncalls=1131600, ndraw=40, logz=-8.34, remainder_fraction=35.7299%, Lmin=-1.53, Lmax=-0.17
21:18:28 [ultranest] [DEBUG] iteration=3171, ncalls=27741, regioncalls=1132040, ndraw=40, logz=-8.33, remainder_fraction=35.6830%, Lmin=-1.53, Lmax=-0.17
21:18:28 [ultranest] [DEBUG] iteration=3173, ncalls=27753, regioncalls=1132520, ndraw=40, logz=-8.33, remainder_fraction=35.6152%, Lmin=-1.53, Lmax=-0.17
21:18:28 [ultranest] [DEBUG] iteration=3175, ncalls=27794, regioncalls=1134160, ndraw=40, logz=-8.33, remainder_fraction=35.4927%, Lmin=-1.52, Lmax=-0.17
21:18:28 [ultranest] [DEBUG] iteration=3178, ncalls=27813, regioncalls=1134920, ndraw=40, logz=-8.33, remainder_fraction=35.3084%, Lmin=-1.52, Lmax=-0.17
21:18:29 [ultranest] [DEBUG] iteration=3181, ncalls=27827, regioncalls=1135480, ndraw=40, logz=-8.33, remainder_fraction=35.1551%, Lmin=-1.52, Lmax=-0.17
21:18:29 [ultranest] [DEBUG] iteration=3182, ncalls=27838, regioncalls=1135920, ndraw=40, logz=-8.33, remainder_fraction=35.1082%, Lmin=-1.51, Lmax=-0.17
21:18:29 [ultranest] [DEBUG] iteration=3184, ncalls=27867, regioncalls=1137080, ndraw=40, logz=-8.32, remainder_fraction=34.9887%, Lmin=-1.51, Lmax=-0.17
21:18:29 [ultranest] [DEBUG] iteration=3185, ncalls=27882, regioncalls=1137680, ndraw=40, logz=-8.32, remainder_fraction=34.9478%, Lmin=-1.51, Lmax=-0.17
21:18:29 [ultranest] [DEBUG] iteration=3187, ncalls=27892, regioncalls=1138080, ndraw=40, logz=-8.32, remainder_fraction=34.8344%, Lmin=-1.51, Lmax=-0.17
21:18:30 [ultranest] [DEBUG] iteration=3188, ncalls=27907, regioncalls=1138680, ndraw=40, logz=-8.32, remainder_fraction=34.7957%, Lmin=-1.50, Lmax=-0.17
21:18:30 [ultranest] [DEBUG] iteration=3191, ncalls=27916, regioncalls=1139040, ndraw=40, logz=-8.32, remainder_fraction=34.6810%, Lmin=-1.50, Lmax=-0.17
21:18:30 [ultranest] [DEBUG] iteration=3192, ncalls=27938, regioncalls=1139920, ndraw=40, logz=-8.32, remainder_fraction=34.6194%, Lmin=-1.49, Lmax=-0.17
21:18:30 [ultranest] [DEBUG] iteration=3194, ncalls=27949, regioncalls=1140360, ndraw=40, logz=-8.32, remainder_fraction=34.5208%, Lmin=-1.49, Lmax=-0.17
21:18:30 [ultranest] [DEBUG] iteration=3196, ncalls=27970, regioncalls=1141200, ndraw=40, logz=-8.31, remainder_fraction=34.4176%, Lmin=-1.49, Lmax=-0.17
21:18:30 [ultranest] [DEBUG] iteration=3197, ncalls=27980, regioncalls=1141600, ndraw=40, logz=-8.31, remainder_fraction=34.3735%, Lmin=-1.49, Lmax=-0.17
21:18:30 [ultranest] [DEBUG] iteration=3198, ncalls=27991, regioncalls=1142040, ndraw=40, logz=-8.31, remainder_fraction=34.3014%, Lmin=-1.49, Lmax=-0.17
21:18:31 [ultranest] [DEBUG] iteration=3199, ncalls=28006, regioncalls=1142640, ndraw=40, logz=-8.31, remainder_fraction=34.2483%, Lmin=-1.48, Lmax=-0.17
21:18:31 [ultranest] [DEBUG] iteration=3200, ncalls=28024, regioncalls=1143360, ndraw=40, logz=-8.31, remainder_fraction=34.1771%, Lmin=-1.48, Lmax=-0.17
21:18:31 [ultranest] [DEBUG] iteration=3202, ncalls=28035, regioncalls=1143800, ndraw=40, logz=-8.31, remainder_fraction=34.1460%, Lmin=-1.48, Lmax=-0.17
21:18:31 [ultranest] [DEBUG] iteration=3203, ncalls=28069, regioncalls=1145160, ndraw=40, logz=-8.31, remainder_fraction=34.0744%, Lmin=-1.48, Lmax=-0.17
21:18:32 [ultranest] [DEBUG] iteration=3204, ncalls=28089, regioncalls=1145960, ndraw=40, logz=-8.31, remainder_fraction=34.0405%, Lmin=-1.48, Lmax=-0.17
21:18:32 [ultranest] [DEBUG] iteration=3209, ncalls=28098, regioncalls=1146320, ndraw=40, logz=-8.30, remainder_fraction=33.7872%, Lmin=-1.47, Lmax=-0.17
21:18:32 [ultranest] [DEBUG] iteration=3212, ncalls=28107, regioncalls=1146680, ndraw=40, logz=-8.30, remainder_fraction=33.6353%, Lmin=-1.47, Lmax=-0.17
21:18:32 [ultranest] [DEBUG] iteration=3215, ncalls=28121, regioncalls=1147240, ndraw=40, logz=-8.30, remainder_fraction=33.4836%, Lmin=-1.46, Lmax=-0.17
21:18:32 [ultranest] [DEBUG] iteration=3217, ncalls=28131, regioncalls=1147640, ndraw=40, logz=-8.30, remainder_fraction=33.3741%, Lmin=-1.46, Lmax=-0.17
21:18:32 [ultranest] [DEBUG] iteration=3220, ncalls=28162, regioncalls=1148880, ndraw=40, logz=-8.30, remainder_fraction=33.2354%, Lmin=-1.46, Lmax=-0.17
21:18:33 [ultranest] [DEBUG] iteration=3222, ncalls=28186, regioncalls=1149840, ndraw=40, logz=-8.30, remainder_fraction=33.1629%, Lmin=-1.45, Lmax=-0.17
21:18:33 [ultranest] [DEBUG] iteration=3223, ncalls=28236, regioncalls=1151840, ndraw=40, logz=-8.29, remainder_fraction=33.1163%, Lmin=-1.45, Lmax=-0.17
21:18:33 [ultranest] [DEBUG] iteration=3225, ncalls=28246, regioncalls=1152240, ndraw=40, logz=-8.29, remainder_fraction=33.0291%, Lmin=-1.44, Lmax=-0.17
21:18:33 [ultranest] [DEBUG] iteration=3226, ncalls=28262, regioncalls=1152880, ndraw=40, logz=-8.29, remainder_fraction=32.9814%, Lmin=-1.44, Lmax=-0.17
21:18:34 [ultranest] [DEBUG] iteration=3229, ncalls=28287, regioncalls=1153880, ndraw=40, logz=-8.29, remainder_fraction=32.8785%, Lmin=-1.44, Lmax=-0.17
21:18:34 [ultranest] [DEBUG] iteration=3231, ncalls=28308, regioncalls=1154720, ndraw=40, logz=-8.29, remainder_fraction=32.7674%, Lmin=-1.43, Lmax=-0.17
21:18:34 [ultranest] [DEBUG] iteration=3232, ncalls=28319, regioncalls=1155160, ndraw=40, logz=-8.29, remainder_fraction=32.7042%, Lmin=-1.43, Lmax=-0.17
21:18:34 [ultranest] [DEBUG] iteration=3233, ncalls=28338, regioncalls=1155920, ndraw=40, logz=-8.29, remainder_fraction=32.6443%, Lmin=-1.43, Lmax=-0.17
21:18:35 [ultranest] [DEBUG] iteration=3235, ncalls=28364, regioncalls=1156960, ndraw=40, logz=-8.29, remainder_fraction=32.5283%, Lmin=-1.43, Lmax=-0.17
21:18:35 [ultranest] [DEBUG] iteration=3237, ncalls=28378, regioncalls=1157520, ndraw=40, logz=-8.28, remainder_fraction=32.4137%, Lmin=-1.42, Lmax=-0.17
21:18:35 [ultranest] [DEBUG] iteration=3238, ncalls=28391, regioncalls=1158040, ndraw=40, logz=-8.28, remainder_fraction=32.3450%, Lmin=-1.42, Lmax=-0.17
21:18:35 [ultranest] [DEBUG] iteration=3239, ncalls=28400, regioncalls=1158400, ndraw=40, logz=-8.28, remainder_fraction=32.2977%, Lmin=-1.42, Lmax=-0.17
21:18:35 [ultranest] [DEBUG] iteration=3240, ncalls=28425, regioncalls=1159400, ndraw=40, logz=-8.28, remainder_fraction=32.2357%, Lmin=-1.42, Lmax=-0.17
21:18:35 [ultranest] [DEBUG] iteration=3241, ncalls=28435, regioncalls=1159800, ndraw=40, logz=-8.28, remainder_fraction=32.1877%, Lmin=-1.42, Lmax=-0.17
21:18:36 [ultranest] [DEBUG] iteration=3242, ncalls=28450, regioncalls=1160400, ndraw=40, logz=-8.28, remainder_fraction=32.1511%, Lmin=-1.41, Lmax=-0.17
21:18:36 [ultranest] [DEBUG] iteration=3243, ncalls=28472, regioncalls=1161280, ndraw=40, logz=-8.28, remainder_fraction=32.1016%, Lmin=-1.41, Lmax=-0.17
21:18:36 [ultranest] [DEBUG] iteration=3244, ncalls=28489, regioncalls=1161960, ndraw=40, logz=-8.28, remainder_fraction=32.0418%, Lmin=-1.41, Lmax=-0.17
21:18:36 [ultranest] [DEBUG] iteration=3246, ncalls=28504, regioncalls=1162560, ndraw=40, logz=-8.28, remainder_fraction=31.9175%, Lmin=-1.41, Lmax=-0.17
21:18:36 [ultranest] [DEBUG] iteration=3249, ncalls=28513, regioncalls=1162920, ndraw=40, logz=-8.28, remainder_fraction=31.8183%, Lmin=-1.41, Lmax=-0.17
21:18:37 [ultranest] [DEBUG] iteration=3251, ncalls=28529, regioncalls=1163560, ndraw=40, logz=-8.27, remainder_fraction=31.7421%, Lmin=-1.41, Lmax=-0.17
21:18:37 [ultranest] [DEBUG] iteration=3253, ncalls=28549, regioncalls=1164360, ndraw=40, logz=-8.27, remainder_fraction=31.6476%, Lmin=-1.40, Lmax=-0.17
21:18:37 [ultranest] [DEBUG] iteration=3255, ncalls=28563, regioncalls=1164920, ndraw=40, logz=-8.27, remainder_fraction=31.5503%, Lmin=-1.40, Lmax=-0.17
21:18:37 [ultranest] [DEBUG] iteration=3257, ncalls=28578, regioncalls=1165520, ndraw=40, logz=-8.27, remainder_fraction=31.4162%, Lmin=-1.40, Lmax=-0.17
21:18:37 [ultranest] [DEBUG] iteration=3260, ncalls=28590, regioncalls=1166000, ndraw=40, logz=-8.27, remainder_fraction=31.2587%, Lmin=-1.40, Lmax=-0.17
21:18:37 [ultranest] [DEBUG] iteration=3261, ncalls=28609, regioncalls=1166760, ndraw=40, logz=-8.27, remainder_fraction=31.2052%, Lmin=-1.40, Lmax=-0.17
21:18:38 [ultranest] [DEBUG] iteration=3263, ncalls=28619, regioncalls=1167160, ndraw=40, logz=-8.27, remainder_fraction=31.0910%, Lmin=-1.39, Lmax=-0.17
21:18:38 [ultranest] [DEBUG] iteration=3264, ncalls=28631, regioncalls=1167640, ndraw=40, logz=-8.26, remainder_fraction=31.0364%, Lmin=-1.39, Lmax=-0.17
21:18:38 [ultranest] [DEBUG] iteration=3267, ncalls=28653, regioncalls=1168520, ndraw=40, logz=-8.26, remainder_fraction=30.8618%, Lmin=-1.39, Lmax=-0.17
21:18:38 [ultranest] [DEBUG] iteration=3271, ncalls=28672, regioncalls=1169280, ndraw=40, logz=-8.26, remainder_fraction=30.6320%, Lmin=-1.38, Lmax=-0.17
21:18:38 [ultranest] [DEBUG] iteration=3273, ncalls=28688, regioncalls=1169920, ndraw=40, logz=-8.26, remainder_fraction=30.5186%, Lmin=-1.38, Lmax=-0.17
21:18:38 [ultranest] [DEBUG] iteration=3274, ncalls=28699, regioncalls=1170360, ndraw=40, logz=-8.26, remainder_fraction=30.4885%, Lmin=-1.37, Lmax=-0.17
21:18:39 [ultranest] [DEBUG] iteration=3277, ncalls=28718, regioncalls=1171120, ndraw=40, logz=-8.26, remainder_fraction=30.3808%, Lmin=-1.37, Lmax=-0.17
21:18:39 [ultranest] [DEBUG] iteration=3278, ncalls=28734, regioncalls=1171760, ndraw=40, logz=-8.26, remainder_fraction=30.3399%, Lmin=-1.37, Lmax=-0.17
21:18:39 [ultranest] [DEBUG] iteration=3280, ncalls=28741, regioncalls=1172040, ndraw=40, logz=-8.25, remainder_fraction=30.2430%, Lmin=-1.37, Lmax=-0.17
21:18:39 [ultranest] [DEBUG] iteration=3281, ncalls=28756, regioncalls=1172640, ndraw=40, logz=-8.25, remainder_fraction=30.1991%, Lmin=-1.37, Lmax=-0.17
21:18:39 [ultranest] [DEBUG] iteration=3282, ncalls=28796, regioncalls=1174240, ndraw=40, logz=-8.25, remainder_fraction=30.1392%, Lmin=-1.37, Lmax=-0.17
21:18:40 [ultranest] [DEBUG] iteration=3283, ncalls=28808, regioncalls=1174720, ndraw=40, logz=-8.25, remainder_fraction=30.1145%, Lmin=-1.37, Lmax=-0.17
21:18:40 [ultranest] [DEBUG] iteration=3284, ncalls=28824, regioncalls=1175360, ndraw=40, logz=-8.25, remainder_fraction=30.0660%, Lmin=-1.37, Lmax=-0.17
21:18:40 [ultranest] [DEBUG] iteration=3286, ncalls=28833, regioncalls=1175720, ndraw=40, logz=-8.25, remainder_fraction=29.9895%, Lmin=-1.36, Lmax=-0.17
21:18:40 [ultranest] [DEBUG] iteration=3287, ncalls=28843, regioncalls=1176120, ndraw=40, logz=-8.25, remainder_fraction=29.9559%, Lmin=-1.36, Lmax=-0.17
21:18:40 [ultranest] [DEBUG] iteration=3289, ncalls=28861, regioncalls=1176840, ndraw=40, logz=-8.25, remainder_fraction=29.8586%, Lmin=-1.35, Lmax=-0.17
21:18:40 [ultranest] [DEBUG] iteration=3290, ncalls=28871, regioncalls=1177240, ndraw=40, logz=-8.25, remainder_fraction=29.7943%, Lmin=-1.35, Lmax=-0.17
21:18:41 [ultranest] [DEBUG] iteration=3293, ncalls=28893, regioncalls=1178120, ndraw=40, logz=-8.25, remainder_fraction=29.6416%, Lmin=-1.34, Lmax=-0.17
21:18:41 [ultranest] [DEBUG] iteration=3294, ncalls=28907, regioncalls=1178680, ndraw=40, logz=-8.24, remainder_fraction=29.5782%, Lmin=-1.34, Lmax=-0.17
21:18:41 [ultranest] [DEBUG] iteration=3297, ncalls=28923, regioncalls=1179320, ndraw=40, logz=-8.24, remainder_fraction=29.4124%, Lmin=-1.34, Lmax=-0.17
21:18:41 [ultranest] [DEBUG] iteration=3299, ncalls=28956, regioncalls=1180640, ndraw=40, logz=-8.24, remainder_fraction=29.3224%, Lmin=-1.33, Lmax=-0.17
21:18:41 [ultranest] [DEBUG] iteration=3300, ncalls=28966, regioncalls=1181040, ndraw=40, logz=-8.24, remainder_fraction=29.2740%, Lmin=-1.33, Lmax=-0.17
21:18:42 [ultranest] [DEBUG] iteration=3301, ncalls=28977, regioncalls=1181480, ndraw=40, logz=-8.24, remainder_fraction=29.2323%, Lmin=-1.33, Lmax=-0.17
21:18:42 [ultranest] [DEBUG] iteration=3302, ncalls=28988, regioncalls=1181920, ndraw=40, logz=-8.24, remainder_fraction=29.1768%, Lmin=-1.33, Lmax=-0.17
21:18:42 [ultranest] [DEBUG] iteration=3303, ncalls=29009, regioncalls=1182760, ndraw=40, logz=-8.24, remainder_fraction=29.1321%, Lmin=-1.33, Lmax=-0.17
21:18:42 [ultranest] [DEBUG] iteration=3304, ncalls=29020, regioncalls=1183200, ndraw=40, logz=-8.24, remainder_fraction=29.0702%, Lmin=-1.32, Lmax=-0.17
21:18:42 [ultranest] [DEBUG] iteration=3305, ncalls=29035, regioncalls=1183800, ndraw=40, logz=-8.24, remainder_fraction=29.0170%, Lmin=-1.32, Lmax=-0.17
21:18:42 [ultranest] [DEBUG] iteration=3307, ncalls=29057, regioncalls=1184680, ndraw=40, logz=-8.24, remainder_fraction=28.9199%, Lmin=-1.32, Lmax=-0.17
21:18:43 [ultranest] [DEBUG] iteration=3308, ncalls=29081, regioncalls=1185640, ndraw=40, logz=-8.24, remainder_fraction=28.8638%, Lmin=-1.32, Lmax=-0.17
21:18:43 [ultranest] [DEBUG] iteration=3311, ncalls=29109, regioncalls=1186760, ndraw=40, logz=-8.23, remainder_fraction=28.7049%, Lmin=-1.31, Lmax=-0.17
21:18:43 [ultranest] [DEBUG] iteration=3313, ncalls=29118, regioncalls=1187120, ndraw=40, logz=-8.23, remainder_fraction=28.6174%, Lmin=-1.31, Lmax=-0.17
21:18:43 [ultranest] [DEBUG] iteration=3315, ncalls=29128, regioncalls=1187520, ndraw=40, logz=-8.23, remainder_fraction=28.5149%, Lmin=-1.30, Lmax=-0.17
21:18:43 [ultranest] [DEBUG] iteration=3316, ncalls=29138, regioncalls=1187920, ndraw=40, logz=-8.23, remainder_fraction=28.4656%, Lmin=-1.30, Lmax=-0.17
21:18:44 [ultranest] [DEBUG] iteration=3317, ncalls=29158, regioncalls=1188720, ndraw=40, logz=-8.23, remainder_fraction=28.4089%, Lmin=-1.30, Lmax=-0.17
21:18:44 [ultranest] [DEBUG] iteration=3319, ncalls=29208, regioncalls=1190720, ndraw=40, logz=-8.23, remainder_fraction=28.3034%, Lmin=-1.30, Lmax=-0.17
21:18:44 [ultranest] [DEBUG] iteration=3320, ncalls=29222, regioncalls=1191280, ndraw=40, logz=-8.23, remainder_fraction=28.2815%, Lmin=-1.29, Lmax=-0.17
21:18:45 [ultranest] [DEBUG] iteration=3322, ncalls=29243, regioncalls=1192120, ndraw=40, logz=-8.23, remainder_fraction=28.2143%, Lmin=-1.29, Lmax=-0.17
21:18:45 [ultranest] [DEBUG] iteration=3323, ncalls=29285, regioncalls=1193800, ndraw=40, logz=-8.23, remainder_fraction=28.1775%, Lmin=-1.29, Lmax=-0.17
21:18:45 [ultranest] [DEBUG] iteration=3325, ncalls=29298, regioncalls=1194320, ndraw=40, logz=-8.22, remainder_fraction=28.1048%, Lmin=-1.29, Lmax=-0.17
21:18:45 [ultranest] [DEBUG] iteration=3326, ncalls=29312, regioncalls=1194880, ndraw=40, logz=-8.22, remainder_fraction=28.0429%, Lmin=-1.29, Lmax=-0.17
21:18:46 [ultranest] [DEBUG] iteration=3328, ncalls=29333, regioncalls=1195720, ndraw=40, logz=-8.22, remainder_fraction=27.9375%, Lmin=-1.28, Lmax=-0.17
21:18:46 [ultranest] [DEBUG] iteration=3329, ncalls=29342, regioncalls=1196080, ndraw=40, logz=-8.22, remainder_fraction=27.8805%, Lmin=-1.28, Lmax=-0.17
21:18:46 [ultranest] [DEBUG] iteration=3330, ncalls=29357, regioncalls=1196800, ndraw=40, logz=-8.22, remainder_fraction=27.8592%, Lmin=-1.28, Lmax=-0.17
21:18:46 [ultranest] [DEBUG] iteration=3332, ncalls=29369, regioncalls=1197280, ndraw=40, logz=-8.22, remainder_fraction=27.7546%, Lmin=-1.28, Lmax=-0.17
21:18:46 [ultranest] [DEBUG] iteration=3334, ncalls=29393, regioncalls=1198240, ndraw=40, logz=-8.22, remainder_fraction=27.6575%, Lmin=-1.27, Lmax=-0.17
21:18:47 [ultranest] [DEBUG] iteration=3335, ncalls=29413, regioncalls=1199040, ndraw=40, logz=-8.22, remainder_fraction=27.6147%, Lmin=-1.27, Lmax=-0.17
21:18:47 [ultranest] [DEBUG] iteration=3336, ncalls=29426, regioncalls=1199560, ndraw=40, logz=-8.22, remainder_fraction=27.5599%, Lmin=-1.27, Lmax=-0.17
21:18:47 [ultranest] [DEBUG] iteration=3338, ncalls=29452, regioncalls=1200600, ndraw=40, logz=-8.22, remainder_fraction=27.5060%, Lmin=-1.27, Lmax=-0.17
21:18:47 [ultranest] [DEBUG] iteration=3340, ncalls=29493, regioncalls=1202240, ndraw=40, logz=-8.22, remainder_fraction=27.4064%, Lmin=-1.27, Lmax=-0.17
21:18:48 [ultranest] [DEBUG] iteration=3341, ncalls=29504, regioncalls=1202680, ndraw=40, logz=-8.21, remainder_fraction=27.3609%, Lmin=-1.26, Lmax=-0.17
21:18:48 [ultranest] [DEBUG] iteration=3343, ncalls=29542, regioncalls=1204200, ndraw=40, logz=-8.21, remainder_fraction=27.2651%, Lmin=-1.26, Lmax=-0.17
21:18:48 [ultranest] [DEBUG] iteration=3344, ncalls=29552, regioncalls=1204600, ndraw=40, logz=-8.21, remainder_fraction=27.2366%, Lmin=-1.26, Lmax=-0.17
21:18:48 [ultranest] [DEBUG] iteration=3347, ncalls=29565, regioncalls=1205120, ndraw=40, logz=-8.21, remainder_fraction=27.1203%, Lmin=-1.25, Lmax=-0.17
21:18:48 [ultranest] [DEBUG] iteration=3350, ncalls=29576, regioncalls=1205560, ndraw=40, logz=-8.21, remainder_fraction=26.9784%, Lmin=-1.24, Lmax=-0.17
21:18:49 [ultranest] [DEBUG] iteration=3352, ncalls=29591, regioncalls=1206160, ndraw=40, logz=-8.21, remainder_fraction=26.8817%, Lmin=-1.24, Lmax=-0.17
21:18:49 [ultranest] [DEBUG] iteration=3353, ncalls=29624, regioncalls=1207480, ndraw=40, logz=-8.21, remainder_fraction=26.8228%, Lmin=-1.24, Lmax=-0.17
21:18:49 [ultranest] [DEBUG] iteration=3354, ncalls=29652, regioncalls=1208600, ndraw=40, logz=-8.21, remainder_fraction=26.7726%, Lmin=-1.24, Lmax=-0.17
21:18:49 [ultranest] [DEBUG] iteration=3356, ncalls=29665, regioncalls=1209120, ndraw=40, logz=-8.21, remainder_fraction=26.6654%, Lmin=-1.24, Lmax=-0.17
21:18:50 [ultranest] [DEBUG] iteration=3358, ncalls=29681, regioncalls=1209760, ndraw=40, logz=-8.20, remainder_fraction=26.5637%, Lmin=-1.23, Lmax=-0.17
21:18:50 [ultranest] [DEBUG] iteration=3359, ncalls=29689, regioncalls=1210080, ndraw=40, logz=-8.20, remainder_fraction=26.5034%, Lmin=-1.23, Lmax=-0.17
21:18:50 [ultranest] [DEBUG] iteration=3360, ncalls=29701, regioncalls=1210560, ndraw=40, logz=-8.20, remainder_fraction=26.4542%, Lmin=-1.23, Lmax=-0.17
21:18:50 [ultranest] [DEBUG] iteration=3361, ncalls=29726, regioncalls=1211560, ndraw=40, logz=-8.20, remainder_fraction=26.4182%, Lmin=-1.23, Lmax=-0.17
21:18:50 [ultranest] [DEBUG] iteration=3364, ncalls=29739, regioncalls=1212080, ndraw=40, logz=-8.20, remainder_fraction=26.3191%, Lmin=-1.23, Lmax=-0.17
21:18:50 [ultranest] [DEBUG] iteration=3366, ncalls=29756, regioncalls=1212760, ndraw=40, logz=-8.20, remainder_fraction=26.2257%, Lmin=-1.23, Lmax=-0.17
21:18:51 [ultranest] [DEBUG] iteration=3367, ncalls=29803, regioncalls=1214640, ndraw=40, logz=-8.20, remainder_fraction=26.1722%, Lmin=-1.23, Lmax=-0.17
21:18:51 [ultranest] [DEBUG] iteration=3368, ncalls=29815, regioncalls=1215120, ndraw=40, logz=-8.20, remainder_fraction=26.1193%, Lmin=-1.22, Lmax=-0.17
21:18:51 [ultranest] [DEBUG] iteration=3370, ncalls=29824, regioncalls=1215480, ndraw=40, logz=-8.20, remainder_fraction=26.0665%, Lmin=-1.22, Lmax=-0.17
21:18:51 [ultranest] [DEBUG] iteration=3373, ncalls=29859, regioncalls=1216880, ndraw=40, logz=-8.20, remainder_fraction=25.9612%, Lmin=-1.22, Lmax=-0.17
21:18:52 [ultranest] [DEBUG] iteration=3374, ncalls=29877, regioncalls=1217600, ndraw=40, logz=-8.19, remainder_fraction=25.9130%, Lmin=-1.22, Lmax=-0.17
21:18:52 [ultranest] [DEBUG] iteration=3375, ncalls=29886, regioncalls=1217960, ndraw=40, logz=-8.19, remainder_fraction=25.8812%, Lmin=-1.21, Lmax=-0.17
21:18:52 [ultranest] [DEBUG] iteration=3378, ncalls=29898, regioncalls=1218440, ndraw=40, logz=-8.19, remainder_fraction=25.7454%, Lmin=-1.21, Lmax=-0.17
21:18:52 [ultranest] [DEBUG] iteration=3381, ncalls=29915, regioncalls=1219120, ndraw=40, logz=-8.19, remainder_fraction=25.6149%, Lmin=-1.21, Lmax=-0.17
21:18:52 [ultranest] [DEBUG] iteration=3384, ncalls=29946, regioncalls=1220360, ndraw=40, logz=-8.19, remainder_fraction=25.5108%, Lmin=-1.20, Lmax=-0.17
21:18:53 [ultranest] [DEBUG] iteration=3386, ncalls=29964, regioncalls=1221080, ndraw=40, logz=-8.19, remainder_fraction=25.4344%, Lmin=-1.20, Lmax=-0.17
21:18:53 [ultranest] [DEBUG] iteration=3387, ncalls=29974, regioncalls=1221480, ndraw=40, logz=-8.19, remainder_fraction=25.3767%, Lmin=-1.19, Lmax=-0.17
21:18:53 [ultranest] [DEBUG] iteration=3390, ncalls=29987, regioncalls=1222000, ndraw=40, logz=-8.19, remainder_fraction=25.2577%, Lmin=-1.18, Lmax=-0.17
21:18:53 [ultranest] [DEBUG] iteration=3392, ncalls=29996, regioncalls=1222360, ndraw=40, logz=-8.18, remainder_fraction=25.1687%, Lmin=-1.18, Lmax=-0.17
21:18:54 [ultranest] [DEBUG] iteration=3394, ncalls=30048, regioncalls=1224440, ndraw=40, logz=-8.18, remainder_fraction=25.0568%, Lmin=-1.18, Lmax=-0.17
21:18:54 [ultranest] [DEBUG] iteration=3396, ncalls=30070, regioncalls=1225320, ndraw=40, logz=-8.18, remainder_fraction=24.9904%, Lmin=-1.18, Lmax=-0.17
21:18:54 [ultranest] [DEBUG] iteration=3398, ncalls=30085, regioncalls=1225920, ndraw=40, logz=-8.18, remainder_fraction=24.8984%, Lmin=-1.18, Lmax=-0.17
21:18:54 [ultranest] [DEBUG] iteration=3400, ncalls=30089, regioncalls=1226080, ndraw=40, logz=-8.18, remainder_fraction=24.8269%, Lmin=-1.17, Lmax=-0.17
21:18:54 [ultranest] [DEBUG] iteration=3402, ncalls=30099, regioncalls=1226480, ndraw=40, logz=-8.18, remainder_fraction=24.7284%, Lmin=-1.17, Lmax=-0.17
21:18:54 [ultranest] [DEBUG] iteration=3405, ncalls=30111, regioncalls=1226960, ndraw=40, logz=-8.18, remainder_fraction=24.6185%, Lmin=-1.17, Lmax=-0.17
21:18:54 [ultranest] [DEBUG] iteration=3407, ncalls=30132, regioncalls=1227800, ndraw=40, logz=-8.18, remainder_fraction=24.5207%, Lmin=-1.17, Lmax=-0.17
21:18:55 [ultranest] [DEBUG] iteration=3409, ncalls=30157, regioncalls=1228800, ndraw=40, logz=-8.17, remainder_fraction=24.4419%, Lmin=-1.16, Lmax=-0.17
21:18:55 [ultranest] [DEBUG] iteration=3411, ncalls=30181, regioncalls=1229760, ndraw=40, logz=-8.17, remainder_fraction=24.3802%, Lmin=-1.15, Lmax=-0.17
21:18:55 [ultranest] [DEBUG] iteration=3414, ncalls=30202, regioncalls=1230600, ndraw=40, logz=-8.17, remainder_fraction=24.3045%, Lmin=-1.15, Lmax=-0.17
21:18:55 [ultranest] [DEBUG] iteration=3415, ncalls=30227, regioncalls=1231600, ndraw=40, logz=-8.17, remainder_fraction=24.2754%, Lmin=-1.14, Lmax=-0.17
21:18:56 [ultranest] [DEBUG] iteration=3416, ncalls=30237, regioncalls=1232000, ndraw=40, logz=-8.17, remainder_fraction=24.2220%, Lmin=-1.14, Lmax=-0.17
21:18:56 [ultranest] [DEBUG] iteration=3417, ncalls=30272, regioncalls=1233400, ndraw=40, logz=-8.17, remainder_fraction=24.1725%, Lmin=-1.14, Lmax=-0.17
21:18:56 [ultranest] [DEBUG] iteration=3418, ncalls=30285, regioncalls=1233920, ndraw=40, logz=-8.17, remainder_fraction=24.1211%, Lmin=-1.14, Lmax=-0.17
21:18:56 [ultranest] [DEBUG] iteration=3419, ncalls=30298, regioncalls=1234440, ndraw=40, logz=-8.17, remainder_fraction=24.1042%, Lmin=-1.14, Lmax=-0.17
21:18:56 [ultranest] [DEBUG] iteration=3420, ncalls=30314, regioncalls=1235080, ndraw=40, logz=-8.17, remainder_fraction=24.0493%, Lmin=-1.14, Lmax=-0.17
21:18:57 [ultranest] [DEBUG] iteration=3421, ncalls=30340, regioncalls=1236120, ndraw=40, logz=-8.17, remainder_fraction=24.0109%, Lmin=-1.14, Lmax=-0.17
21:18:57 [ultranest] [DEBUG] iteration=3423, ncalls=30360, regioncalls=1236920, ndraw=40, logz=-8.17, remainder_fraction=23.9441%, Lmin=-1.14, Lmax=-0.17
21:18:57 [ultranest] [DEBUG] iteration=3425, ncalls=30370, regioncalls=1237320, ndraw=40, logz=-8.17, remainder_fraction=23.8586%, Lmin=-1.14, Lmax=-0.17
21:18:57 [ultranest] [DEBUG] iteration=3427, ncalls=30385, regioncalls=1237920, ndraw=40, logz=-8.17, remainder_fraction=23.7673%, Lmin=-1.13, Lmax=-0.17
21:18:57 [ultranest] [DEBUG] iteration=3429, ncalls=30409, regioncalls=1238880, ndraw=40, logz=-8.16, remainder_fraction=23.6730%, Lmin=-1.13, Lmax=-0.17
21:18:58 [ultranest] [DEBUG] iteration=3430, ncalls=30419, regioncalls=1239280, ndraw=40, logz=-8.16, remainder_fraction=23.6224%, Lmin=-1.13, Lmax=-0.17
21:18:58 [ultranest] [DEBUG] iteration=3433, ncalls=30432, regioncalls=1239800, ndraw=40, logz=-8.16, remainder_fraction=23.5250%, Lmin=-1.12, Lmax=-0.17
21:18:58 [ultranest] [DEBUG] iteration=3434, ncalls=30465, regioncalls=1241120, ndraw=40, logz=-8.16, remainder_fraction=23.4818%, Lmin=-1.12, Lmax=-0.17
21:18:58 [ultranest] [DEBUG] iteration=3435, ncalls=30475, regioncalls=1241520, ndraw=40, logz=-8.16, remainder_fraction=23.4429%, Lmin=-1.12, Lmax=-0.17
21:18:58 [ultranest] [DEBUG] iteration=3438, ncalls=30488, regioncalls=1242040, ndraw=40, logz=-8.16, remainder_fraction=23.3228%, Lmin=-1.11, Lmax=-0.17
21:18:59 [ultranest] [DEBUG] iteration=3440, ncalls=30502, regioncalls=1242600, ndraw=40, logz=-8.16, remainder_fraction=23.2216%, Lmin=-1.11, Lmax=-0.17
21:18:59 [ultranest] [DEBUG] iteration=3443, ncalls=30512, regioncalls=1243000, ndraw=40, logz=-8.16, remainder_fraction=23.0962%, Lmin=-1.11, Lmax=-0.17
21:18:59 [ultranest] [DEBUG] iteration=3444, ncalls=30526, regioncalls=1243560, ndraw=40, logz=-8.16, remainder_fraction=23.0488%, Lmin=-1.11, Lmax=-0.17
21:18:59 [ultranest] [DEBUG] iteration=3445, ncalls=30540, regioncalls=1244120, ndraw=40, logz=-8.16, remainder_fraction=23.0034%, Lmin=-1.10, Lmax=-0.17
21:18:59 [ultranest] [DEBUG] iteration=3448, ncalls=30555, regioncalls=1244720, ndraw=40, logz=-8.15, remainder_fraction=22.8889%, Lmin=-1.10, Lmax=-0.17
21:18:59 [ultranest] [DEBUG] iteration=3451, ncalls=30591, regioncalls=1246160, ndraw=40, logz=-8.15, remainder_fraction=22.7714%, Lmin=-1.10, Lmax=-0.17
21:19:00 [ultranest] [DEBUG] iteration=3453, ncalls=30604, regioncalls=1246680, ndraw=40, logz=-8.15, remainder_fraction=22.6953%, Lmin=-1.10, Lmax=-0.17
21:19:00 [ultranest] [DEBUG] iteration=3454, ncalls=30615, regioncalls=1247120, ndraw=40, logz=-8.15, remainder_fraction=22.6620%, Lmin=-1.10, Lmax=-0.17
21:19:00 [ultranest] [DEBUG] iteration=3455, ncalls=30625, regioncalls=1247520, ndraw=40, logz=-8.15, remainder_fraction=22.6246%, Lmin=-1.10, Lmax=-0.17
21:19:00 [ultranest] [DEBUG] iteration=3456, ncalls=30637, regioncalls=1248000, ndraw=40, logz=-8.15, remainder_fraction=22.5977%, Lmin=-1.09, Lmax=-0.17
21:19:00 [ultranest] [DEBUG] iteration=3458, ncalls=30683, regioncalls=1249840, ndraw=40, logz=-8.15, remainder_fraction=22.5265%, Lmin=-1.09, Lmax=-0.17
21:19:01 [ultranest] [DEBUG] iteration=3459, ncalls=30697, regioncalls=1250600, ndraw=40, logz=-8.15, remainder_fraction=22.4836%, Lmin=-1.09, Lmax=-0.17
21:19:01 [ultranest] [DEBUG] iteration=3460, ncalls=30714, regioncalls=1251280, ndraw=40, logz=-8.15, remainder_fraction=22.4555%, Lmin=-1.09, Lmax=-0.17
21:19:01 [ultranest] [DEBUG] iteration=3461, ncalls=30724, regioncalls=1251680, ndraw=40, logz=-8.15, remainder_fraction=22.4221%, Lmin=-1.09, Lmax=-0.17
21:19:01 [ultranest] [DEBUG] iteration=3462, ncalls=30735, regioncalls=1252120, ndraw=40, logz=-8.15, remainder_fraction=22.3905%, Lmin=-1.09, Lmax=-0.17
21:19:01 [ultranest] [DEBUG] iteration=3464, ncalls=30760, regioncalls=1253120, ndraw=40, logz=-8.15, remainder_fraction=22.2995%, Lmin=-1.09, Lmax=-0.17
21:19:01 [ultranest] [DEBUG] iteration=3467, ncalls=30780, regioncalls=1253920, ndraw=40, logz=-8.14, remainder_fraction=22.1815%, Lmin=-1.08, Lmax=-0.17
21:19:02 [ultranest] [DEBUG] iteration=3469, ncalls=30793, regioncalls=1254440, ndraw=40, logz=-8.14, remainder_fraction=22.1063%, Lmin=-1.08, Lmax=-0.17
21:19:02 [ultranest] [DEBUG] iteration=3471, ncalls=30813, regioncalls=1255240, ndraw=40, logz=-8.14, remainder_fraction=22.0186%, Lmin=-1.08, Lmax=-0.17
21:19:02 [ultranest] [DEBUG] iteration=3473, ncalls=30835, regioncalls=1256120, ndraw=40, logz=-8.14, remainder_fraction=21.9574%, Lmin=-1.08, Lmax=-0.17
21:19:03 [ultranest] [DEBUG] iteration=3475, ncalls=30887, regioncalls=1258400, ndraw=40, logz=-8.14, remainder_fraction=21.8640%, Lmin=-1.08, Lmax=-0.17
21:19:03 [ultranest] [DEBUG] iteration=3478, ncalls=30895, regioncalls=1258720, ndraw=40, logz=-8.14, remainder_fraction=21.7767%, Lmin=-1.07, Lmax=-0.17
21:19:03 [ultranest] [DEBUG] iteration=3480, ncalls=30919, regioncalls=1259680, ndraw=40, logz=-8.14, remainder_fraction=21.6958%, Lmin=-1.07, Lmax=-0.17
21:19:03 [ultranest] [DEBUG] iteration=3483, ncalls=30930, regioncalls=1260120, ndraw=40, logz=-8.14, remainder_fraction=21.5944%, Lmin=-1.06, Lmax=-0.17
21:19:03 [ultranest] [DEBUG] iteration=3485, ncalls=30955, regioncalls=1261120, ndraw=40, logz=-8.14, remainder_fraction=21.5313%, Lmin=-1.06, Lmax=-0.17
21:19:04 [ultranest] [DEBUG] iteration=3486, ncalls=30975, regioncalls=1261920, ndraw=40, logz=-8.13, remainder_fraction=21.4887%, Lmin=-1.06, Lmax=-0.17
21:19:04 [ultranest] [DEBUG] iteration=3488, ncalls=30999, regioncalls=1262880, ndraw=40, logz=-8.13, remainder_fraction=21.4272%, Lmin=-1.05, Lmax=-0.17
21:19:04 [ultranest] [DEBUG] iteration=3489, ncalls=31009, regioncalls=1263280, ndraw=40, logz=-8.13, remainder_fraction=21.3883%, Lmin=-1.05, Lmax=-0.17
21:19:04 [ultranest] [DEBUG] iteration=3491, ncalls=31019, regioncalls=1263680, ndraw=40, logz=-8.13, remainder_fraction=21.3243%, Lmin=-1.05, Lmax=-0.17
21:19:04 [ultranest] [DEBUG] iteration=3492, ncalls=31037, regioncalls=1264400, ndraw=40, logz=-8.13, remainder_fraction=21.2878%, Lmin=-1.05, Lmax=-0.17
21:19:05 [ultranest] [DEBUG] iteration=3494, ncalls=31072, regioncalls=1265800, ndraw=40, logz=-8.13, remainder_fraction=21.2333%, Lmin=-1.04, Lmax=-0.17
21:19:05 [ultranest] [DEBUG] iteration=3496, ncalls=31081, regioncalls=1266160, ndraw=40, logz=-8.13, remainder_fraction=21.1684%, Lmin=-1.04, Lmax=-0.17
21:19:06 [ultranest] [DEBUG] iteration=3499, ncalls=31124, regioncalls=1267880, ndraw=40, logz=-8.13, remainder_fraction=21.0520%, Lmin=-1.03, Lmax=-0.17
21:19:06 [ultranest] [DEBUG] iteration=3501, ncalls=31131, regioncalls=1268160, ndraw=40, logz=-8.13, remainder_fraction=20.9929%, Lmin=-1.03, Lmax=-0.17
21:19:06 [ultranest] [DEBUG] iteration=3504, ncalls=31144, regioncalls=1268680, ndraw=40, logz=-8.13, remainder_fraction=20.8664%, Lmin=-1.02, Lmax=-0.17
21:19:06 [ultranest] [DEBUG] iteration=3506, ncalls=31157, regioncalls=1269200, ndraw=40, logz=-8.13, remainder_fraction=20.7842%, Lmin=-1.02, Lmax=-0.17
21:19:06 [ultranest] [DEBUG] iteration=3508, ncalls=31166, regioncalls=1269560, ndraw=40, logz=-8.12, remainder_fraction=20.7116%, Lmin=-1.02, Lmax=-0.17
21:19:06 [ultranest] [DEBUG] iteration=3509, ncalls=31179, regioncalls=1270080, ndraw=40, logz=-8.12, remainder_fraction=20.6778%, Lmin=-1.02, Lmax=-0.17
21:19:06 [ultranest] [DEBUG] iteration=3510, ncalls=31180, regioncalls=1270160, ndraw=40, logz=-8.12, remainder_fraction=20.6448%, Lmin=-1.02, Lmax=-0.17
21:19:07 [ultranest] [DEBUG] iteration=3511, ncalls=31197, regioncalls=1270840, ndraw=40, logz=-8.12, remainder_fraction=20.6064%, Lmin=-1.01, Lmax=-0.17
21:19:07 [ultranest] [DEBUG] iteration=3512, ncalls=31209, regioncalls=1271320, ndraw=40, logz=-8.12, remainder_fraction=20.5594%, Lmin=-1.01, Lmax=-0.17
21:19:07 [ultranest] [DEBUG] iteration=3513, ncalls=31229, regioncalls=1272120, ndraw=40, logz=-8.12, remainder_fraction=20.5199%, Lmin=-1.01, Lmax=-0.17
21:19:07 [ultranest] [DEBUG] iteration=3516, ncalls=31239, regioncalls=1272520, ndraw=40, logz=-8.12, remainder_fraction=20.4034%, Lmin=-1.00, Lmax=-0.17
21:19:07 [ultranest] [DEBUG] iteration=3517, ncalls=31264, regioncalls=1273520, ndraw=40, logz=-8.12, remainder_fraction=20.3646%, Lmin=-1.00, Lmax=-0.17
21:19:08 [ultranest] [DEBUG] iteration=3519, ncalls=31287, regioncalls=1274440, ndraw=40, logz=-8.12, remainder_fraction=20.3071%, Lmin=-1.00, Lmax=-0.17
21:19:08 [ultranest] [DEBUG] iteration=3520, ncalls=31295, regioncalls=1274760, ndraw=40, logz=-8.12, remainder_fraction=20.2824%, Lmin=-1.00, Lmax=-0.17
21:19:08 [ultranest] [DEBUG] iteration=3522, ncalls=31307, regioncalls=1275240, ndraw=40, logz=-8.12, remainder_fraction=20.1961%, Lmin=-0.99, Lmax=-0.17
21:19:08 [ultranest] [DEBUG] iteration=3524, ncalls=31321, regioncalls=1275800, ndraw=40, logz=-8.12, remainder_fraction=20.1184%, Lmin=-0.99, Lmax=-0.17
21:19:08 [ultranest] [DEBUG] iteration=3525, ncalls=31331, regioncalls=1276200, ndraw=40, logz=-8.12, remainder_fraction=20.0712%, Lmin=-0.99, Lmax=-0.17
21:19:08 [ultranest] [DEBUG] iteration=3526, ncalls=31341, regioncalls=1276600, ndraw=40, logz=-8.12, remainder_fraction=20.0311%, Lmin=-0.99, Lmax=-0.17
21:19:08 [ultranest] [DEBUG] iteration=3527, ncalls=31354, regioncalls=1277120, ndraw=40, logz=-8.12, remainder_fraction=19.9861%, Lmin=-0.98, Lmax=-0.17
21:19:08 [ultranest] [DEBUG] iteration=3531, ncalls=31363, regioncalls=1277480, ndraw=40, logz=-8.11, remainder_fraction=19.8567%, Lmin=-0.98, Lmax=-0.17
21:19:09 [ultranest] [DEBUG] iteration=3532, ncalls=31375, regioncalls=1277960, ndraw=40, logz=-8.11, remainder_fraction=19.8104%, Lmin=-0.98, Lmax=-0.17
21:19:09 [ultranest] [DEBUG] iteration=3535, ncalls=31390, regioncalls=1278560, ndraw=40, logz=-8.11, remainder_fraction=19.7038%, Lmin=-0.97, Lmax=-0.17
21:19:09 [ultranest] [DEBUG] iteration=3536, ncalls=31406, regioncalls=1279200, ndraw=40, logz=-8.11, remainder_fraction=19.6781%, Lmin=-0.97, Lmax=-0.17
21:19:09 [ultranest] [DEBUG] iteration=3537, ncalls=31441, regioncalls=1280600, ndraw=40, logz=-8.11, remainder_fraction=19.6438%, Lmin=-0.97, Lmax=-0.17
21:19:10 [ultranest] [DEBUG] iteration=3538, ncalls=31480, regioncalls=1282160, ndraw=40, logz=-8.11, remainder_fraction=19.5972%, Lmin=-0.97, Lmax=-0.17
21:19:10 [ultranest] [DEBUG] iteration=3540, ncalls=31494, regioncalls=1282720, ndraw=40, logz=-8.11, remainder_fraction=19.5276%, Lmin=-0.97, Lmax=-0.17
21:19:10 [ultranest] [DEBUG] iteration=3541, ncalls=31537, regioncalls=1284440, ndraw=40, logz=-8.11, remainder_fraction=19.4851%, Lmin=-0.97, Lmax=-0.17
21:19:10 [ultranest] [DEBUG] iteration=3545, ncalls=31549, regioncalls=1284920, ndraw=40, logz=-8.11, remainder_fraction=19.3159%, Lmin=-0.96, Lmax=-0.17
21:19:11 [ultranest] [DEBUG] iteration=3546, ncalls=31572, regioncalls=1285840, ndraw=40, logz=-8.11, remainder_fraction=19.2733%, Lmin=-0.96, Lmax=-0.17
21:19:11 [ultranest] [DEBUG] iteration=3547, ncalls=31593, regioncalls=1286680, ndraw=40, logz=-8.11, remainder_fraction=19.2606%, Lmin=-0.96, Lmax=-0.17
21:19:11 [ultranest] [DEBUG] iteration=3549, ncalls=31616, regioncalls=1287600, ndraw=40, logz=-8.11, remainder_fraction=19.1797%, Lmin=-0.96, Lmax=-0.17
21:19:11 [ultranest] [DEBUG] iteration=3551, ncalls=31628, regioncalls=1288080, ndraw=40, logz=-8.10, remainder_fraction=19.1015%, Lmin=-0.96, Lmax=-0.17
21:19:11 [ultranest] [DEBUG] iteration=3553, ncalls=31644, regioncalls=1288720, ndraw=40, logz=-8.10, remainder_fraction=19.0396%, Lmin=-0.96, Lmax=-0.17
21:19:12 [ultranest] [DEBUG] iteration=3555, ncalls=31680, regioncalls=1290160, ndraw=40, logz=-8.10, remainder_fraction=18.9698%, Lmin=-0.96, Lmax=-0.17
21:19:12 [ultranest] [DEBUG] iteration=3558, ncalls=31689, regioncalls=1290520, ndraw=40, logz=-8.10, remainder_fraction=18.8668%, Lmin=-0.95, Lmax=-0.17
21:19:12 [ultranest] [DEBUG] iteration=3560, ncalls=31697, regioncalls=1290840, ndraw=40, logz=-8.10, remainder_fraction=18.7825%, Lmin=-0.95, Lmax=-0.17
21:19:12 [ultranest] [DEBUG] iteration=3563, ncalls=31708, regioncalls=1291280, ndraw=40, logz=-8.10, remainder_fraction=18.6745%, Lmin=-0.94, Lmax=-0.17
21:19:12 [ultranest] [DEBUG] iteration=3564, ncalls=31722, regioncalls=1291840, ndraw=40, logz=-8.10, remainder_fraction=18.6564%, Lmin=-0.94, Lmax=-0.17
21:19:12 [ultranest] [DEBUG] iteration=3567, ncalls=31735, regioncalls=1292360, ndraw=40, logz=-8.10, remainder_fraction=18.5492%, Lmin=-0.94, Lmax=-0.17
21:19:13 [ultranest] [DEBUG] iteration=3569, ncalls=31755, regioncalls=1293160, ndraw=40, logz=-8.10, remainder_fraction=18.4672%, Lmin=-0.94, Lmax=-0.17
21:19:13 [ultranest] [DEBUG] iteration=3570, ncalls=31793, regioncalls=1294680, ndraw=40, logz=-8.10, remainder_fraction=18.4234%, Lmin=-0.94, Lmax=-0.17
21:19:13 [ultranest] [DEBUG] iteration=3572, ncalls=31842, regioncalls=1296640, ndraw=40, logz=-8.10, remainder_fraction=18.3437%, Lmin=-0.94, Lmax=-0.17
21:19:14 [ultranest] [DEBUG] iteration=3573, ncalls=31855, regioncalls=1297160, ndraw=40, logz=-8.09, remainder_fraction=18.3109%, Lmin=-0.94, Lmax=-0.17
21:19:14 [ultranest] [DEBUG] iteration=3574, ncalls=31868, regioncalls=1297680, ndraw=40, logz=-8.09, remainder_fraction=18.2837%, Lmin=-0.94, Lmax=-0.17
21:19:14 [ultranest] [DEBUG] iteration=3575, ncalls=31886, regioncalls=1298400, ndraw=40, logz=-8.09, remainder_fraction=18.2459%, Lmin=-0.94, Lmax=-0.17
21:19:14 [ultranest] [DEBUG] iteration=3578, ncalls=31943, regioncalls=1300680, ndraw=40, logz=-8.09, remainder_fraction=18.1462%, Lmin=-0.94, Lmax=-0.17
21:19:15 [ultranest] [DEBUG] iteration=3581, ncalls=31964, regioncalls=1301520, ndraw=40, logz=-8.09, remainder_fraction=18.0521%, Lmin=-0.93, Lmax=-0.17
21:19:15 [ultranest] [DEBUG] iteration=3584, ncalls=31980, regioncalls=1302160, ndraw=40, logz=-8.09, remainder_fraction=17.9406%, Lmin=-0.93, Lmax=-0.13
21:19:15 [ultranest] [DEBUG] iteration=3587, ncalls=31997, regioncalls=1302840, ndraw=40, logz=-8.09, remainder_fraction=17.8551%, Lmin=-0.93, Lmax=-0.13
21:19:15 [ultranest] [DEBUG] iteration=3588, ncalls=32026, regioncalls=1304000, ndraw=40, logz=-8.09, remainder_fraction=17.8248%, Lmin=-0.93, Lmax=-0.13
21:19:15 [ultranest] [DEBUG] iteration=3590, ncalls=32047, regioncalls=1304840, ndraw=40, logz=-8.09, remainder_fraction=17.7627%, Lmin=-0.93, Lmax=-0.13
21:19:15 [ultranest] [DEBUG] iteration=3591, ncalls=32064, regioncalls=1305520, ndraw=40, logz=-8.09, remainder_fraction=17.7204%, Lmin=-0.93, Lmax=-0.13
21:19:15 [ultranest] [DEBUG] iteration=3592, ncalls=32083, regioncalls=1306280, ndraw=40, logz=-8.09, remainder_fraction=17.6927%, Lmin=-0.93, Lmax=-0.13
21:19:16 [ultranest] [DEBUG] iteration=3594, ncalls=32103, regioncalls=1307080, ndraw=40, logz=-8.09, remainder_fraction=17.6405%, Lmin=-0.92, Lmax=-0.13
21:19:16 [ultranest] [DEBUG] iteration=3598, ncalls=32118, regioncalls=1307680, ndraw=40, logz=-8.08, remainder_fraction=17.4890%, Lmin=-0.92, Lmax=-0.13
21:19:16 [ultranest] [DEBUG] iteration=3600, ncalls=32129, regioncalls=1308120, ndraw=40, logz=-8.08, remainder_fraction=17.4218%, Lmin=-0.92, Lmax=-0.13
21:19:16 [ultranest] [DEBUG] iteration=3601, ncalls=32143, regioncalls=1308680, ndraw=40, logz=-8.08, remainder_fraction=17.3841%, Lmin=-0.92, Lmax=-0.13
21:19:16 [ultranest] [DEBUG] iteration=3603, ncalls=32162, regioncalls=1309440, ndraw=40, logz=-8.08, remainder_fraction=17.3033%, Lmin=-0.92, Lmax=-0.13
21:19:16 [ultranest] [DEBUG] iteration=3608, ncalls=32179, regioncalls=1310120, ndraw=40, logz=-8.08, remainder_fraction=17.1306%, Lmin=-0.91, Lmax=-0.13
21:19:16 [ultranest] [DEBUG] iteration=3609, ncalls=32194, regioncalls=1310720, ndraw=40, logz=-8.08, remainder_fraction=17.0909%, Lmin=-0.91, Lmax=-0.13
21:19:16 [ultranest] [DEBUG] iteration=3610, ncalls=32209, regioncalls=1311320, ndraw=40, logz=-8.08, remainder_fraction=17.0597%, Lmin=-0.91, Lmax=-0.13
21:19:17 [ultranest] [DEBUG] iteration=3612, ncalls=32228, regioncalls=1312080, ndraw=40, logz=-8.08, remainder_fraction=16.9985%, Lmin=-0.91, Lmax=-0.13
21:19:17 [ultranest] [DEBUG] iteration=3614, ncalls=32256, regioncalls=1313200, ndraw=40, logz=-8.08, remainder_fraction=16.9275%, Lmin=-0.91, Lmax=-0.13
21:19:17 [ultranest] [DEBUG] iteration=3617, ncalls=32271, regioncalls=1313800, ndraw=40, logz=-8.08, remainder_fraction=16.8425%, Lmin=-0.90, Lmax=-0.13
21:19:17 [ultranest] [DEBUG] iteration=3618, ncalls=32292, regioncalls=1314640, ndraw=40, logz=-8.08, remainder_fraction=16.8057%, Lmin=-0.90, Lmax=-0.13
21:19:17 [ultranest] [DEBUG] iteration=3620, ncalls=32310, regioncalls=1315440, ndraw=40, logz=-8.08, remainder_fraction=16.7376%, Lmin=-0.90, Lmax=-0.13
21:19:17 [ultranest] [DEBUG] iteration=3622, ncalls=32338, regioncalls=1316640, ndraw=40, logz=-8.08, remainder_fraction=16.6687%, Lmin=-0.90, Lmax=-0.13
21:19:18 [ultranest] [DEBUG] iteration=3623, ncalls=32353, regioncalls=1317240, ndraw=40, logz=-8.07, remainder_fraction=16.6433%, Lmin=-0.89, Lmax=-0.13
21:19:18 [ultranest] [DEBUG] iteration=3625, ncalls=32366, regioncalls=1317760, ndraw=40, logz=-8.07, remainder_fraction=16.5714%, Lmin=-0.89, Lmax=-0.13
21:19:18 [ultranest] [DEBUG] iteration=3626, ncalls=32375, regioncalls=1318120, ndraw=40, logz=-8.07, remainder_fraction=16.5527%, Lmin=-0.89, Lmax=-0.13
21:19:18 [ultranest] [DEBUG] iteration=3628, ncalls=32385, regioncalls=1318520, ndraw=40, logz=-8.07, remainder_fraction=16.5001%, Lmin=-0.88, Lmax=-0.13
21:19:18 [ultranest] [DEBUG] iteration=3629, ncalls=32397, regioncalls=1319000, ndraw=40, logz=-8.07, remainder_fraction=16.4615%, Lmin=-0.88, Lmax=-0.13
21:19:18 [ultranest] [DEBUG] iteration=3630, ncalls=32409, regioncalls=1319480, ndraw=40, logz=-8.07, remainder_fraction=16.4311%, Lmin=-0.88, Lmax=-0.13
21:19:18 [ultranest] [DEBUG] iteration=3631, ncalls=32423, regioncalls=1320040, ndraw=40, logz=-8.07, remainder_fraction=16.4001%, Lmin=-0.88, Lmax=-0.13
21:19:19 [ultranest] [DEBUG] iteration=3635, ncalls=32433, regioncalls=1320440, ndraw=40, logz=-8.07, remainder_fraction=16.2707%, Lmin=-0.88, Lmax=-0.13
21:19:19 [ultranest] [DEBUG] iteration=3636, ncalls=32446, regioncalls=1320960, ndraw=40, logz=-8.07, remainder_fraction=16.2330%, Lmin=-0.88, Lmax=-0.13
21:19:19 [ultranest] [DEBUG] iteration=3637, ncalls=32455, regioncalls=1321320, ndraw=40, logz=-8.07, remainder_fraction=16.2023%, Lmin=-0.87, Lmax=-0.13
21:19:19 [ultranest] [DEBUG] iteration=3638, ncalls=32464, regioncalls=1321680, ndraw=40, logz=-8.07, remainder_fraction=16.1715%, Lmin=-0.87, Lmax=-0.13
21:19:19 [ultranest] [DEBUG] iteration=3640, ncalls=32472, regioncalls=1322000, ndraw=40, logz=-8.07, remainder_fraction=16.0967%, Lmin=-0.87, Lmax=-0.13
21:19:19 [ultranest] [DEBUG] iteration=3641, ncalls=32492, regioncalls=1322800, ndraw=40, logz=-8.07, remainder_fraction=16.0673%, Lmin=-0.87, Lmax=-0.13
21:19:19 [ultranest] [DEBUG] iteration=3643, ncalls=32514, regioncalls=1323680, ndraw=40, logz=-8.07, remainder_fraction=16.0059%, Lmin=-0.87, Lmax=-0.13
21:19:20 [ultranest] [DEBUG] iteration=3645, ncalls=32531, regioncalls=1324360, ndraw=40, logz=-8.07, remainder_fraction=15.9456%, Lmin=-0.87, Lmax=-0.13
21:19:20 [ultranest] [DEBUG] iteration=3647, ncalls=32566, regioncalls=1325760, ndraw=40, logz=-8.07, remainder_fraction=15.8772%, Lmin=-0.87, Lmax=-0.13
21:19:21 [ultranest] [DEBUG] iteration=3650, ncalls=32654, regioncalls=1329280, ndraw=40, logz=-8.06, remainder_fraction=15.7866%, Lmin=-0.86, Lmax=-0.13
21:19:21 [ultranest] [DEBUG] iteration=3652, ncalls=32673, regioncalls=1330040, ndraw=40, logz=-8.06, remainder_fraction=15.7270%, Lmin=-0.86, Lmax=-0.13
21:19:22 [ultranest] [DEBUG] iteration=3653, ncalls=32694, regioncalls=1330880, ndraw=40, logz=-8.06, remainder_fraction=15.6968%, Lmin=-0.86, Lmax=-0.13
21:19:22 [ultranest] [DEBUG] iteration=3654, ncalls=32721, regioncalls=1331960, ndraw=40, logz=-8.06, remainder_fraction=15.6642%, Lmin=-0.86, Lmax=-0.13
21:19:22 [ultranest] [DEBUG] iteration=3655, ncalls=32740, regioncalls=1332720, ndraw=40, logz=-8.06, remainder_fraction=15.6302%, Lmin=-0.86, Lmax=-0.13
21:19:23 [ultranest] [DEBUG] iteration=3657, ncalls=32777, regioncalls=1334200, ndraw=40, logz=-8.06, remainder_fraction=15.5597%, Lmin=-0.86, Lmax=-0.13
21:19:23 [ultranest] [DEBUG] iteration=3658, ncalls=32818, regioncalls=1335840, ndraw=40, logz=-8.06, remainder_fraction=15.5262%, Lmin=-0.86, Lmax=-0.13
21:19:23 [ultranest] [DEBUG] iteration=3660, ncalls=32836, regioncalls=1336560, ndraw=40, logz=-8.06, remainder_fraction=15.4768%, Lmin=-0.86, Lmax=-0.13
21:19:24 [ultranest] [DEBUG] iteration=3661, ncalls=32882, regioncalls=1338400, ndraw=40, logz=-8.06, remainder_fraction=15.4509%, Lmin=-0.86, Lmax=-0.13
21:19:24 [ultranest] [DEBUG] iteration=3662, ncalls=32909, regioncalls=1339480, ndraw=40, logz=-8.06, remainder_fraction=15.4176%, Lmin=-0.86, Lmax=-0.13
21:19:24 [ultranest] [DEBUG] iteration=3664, ncalls=32921, regioncalls=1339960, ndraw=40, logz=-8.06, remainder_fraction=15.3625%, Lmin=-0.85, Lmax=-0.13
21:19:24 [ultranest] [DEBUG] iteration=3665, ncalls=32930, regioncalls=1340320, ndraw=40, logz=-8.06, remainder_fraction=15.3256%, Lmin=-0.85, Lmax=-0.13
21:19:25 [ultranest] [DEBUG] iteration=3667, ncalls=32946, regioncalls=1340960, ndraw=40, logz=-8.06, remainder_fraction=15.2819%, Lmin=-0.85, Lmax=-0.13
21:19:25 [ultranest] [DEBUG] iteration=3668, ncalls=32969, regioncalls=1341880, ndraw=40, logz=-8.06, remainder_fraction=15.2527%, Lmin=-0.85, Lmax=-0.13
21:19:25 [ultranest] [DEBUG] iteration=3671, ncalls=32979, regioncalls=1342280, ndraw=40, logz=-8.06, remainder_fraction=15.1594%, Lmin=-0.84, Lmax=-0.13
21:19:25 [ultranest] [DEBUG] iteration=3672, ncalls=32991, regioncalls=1342760, ndraw=40, logz=-8.06, remainder_fraction=15.1239%, Lmin=-0.84, Lmax=-0.13
21:19:25 [ultranest] [DEBUG] iteration=3673, ncalls=33008, regioncalls=1343440, ndraw=40, logz=-8.06, remainder_fraction=15.0991%, Lmin=-0.84, Lmax=-0.13
21:19:25 [ultranest] [DEBUG] iteration=3676, ncalls=33022, regioncalls=1344000, ndraw=40, logz=-8.06, remainder_fraction=15.0329%, Lmin=-0.84, Lmax=-0.13
21:19:26 [ultranest] [DEBUG] iteration=3677, ncalls=33031, regioncalls=1344360, ndraw=40, logz=-8.06, remainder_fraction=15.0059%, Lmin=-0.84, Lmax=-0.13
21:19:26 [ultranest] [DEBUG] iteration=3678, ncalls=33052, regioncalls=1345200, ndraw=40, logz=-8.05, remainder_fraction=14.9777%, Lmin=-0.84, Lmax=-0.13
21:19:26 [ultranest] [DEBUG] iteration=3680, ncalls=33059, regioncalls=1345480, ndraw=40, logz=-8.05, remainder_fraction=14.9265%, Lmin=-0.84, Lmax=-0.13
21:19:26 [ultranest] [DEBUG] iteration=3682, ncalls=33068, regioncalls=1345840, ndraw=40, logz=-8.05, remainder_fraction=14.8777%, Lmin=-0.83, Lmax=-0.13
21:19:26 [ultranest] [DEBUG] iteration=3683, ncalls=33077, regioncalls=1346200, ndraw=40, logz=-8.05, remainder_fraction=14.8543%, Lmin=-0.83, Lmax=-0.13
21:19:26 [ultranest] [DEBUG] iteration=3684, ncalls=33099, regioncalls=1347080, ndraw=40, logz=-8.05, remainder_fraction=14.8245%, Lmin=-0.83, Lmax=-0.13
21:19:27 [ultranest] [DEBUG] iteration=3686, ncalls=33112, regioncalls=1347600, ndraw=40, logz=-8.05, remainder_fraction=14.7728%, Lmin=-0.83, Lmax=-0.13
21:19:27 [ultranest] [DEBUG] iteration=3688, ncalls=33122, regioncalls=1348000, ndraw=40, logz=-8.05, remainder_fraction=14.7233%, Lmin=-0.83, Lmax=-0.13
21:19:27 [ultranest] [DEBUG] iteration=3690, ncalls=33155, regioncalls=1349440, ndraw=40, logz=-8.05, remainder_fraction=14.6551%, Lmin=-0.83, Lmax=-0.13
21:19:27 [ultranest] [DEBUG] iteration=3693, ncalls=33178, regioncalls=1350360, ndraw=40, logz=-8.05, remainder_fraction=14.5666%, Lmin=-0.83, Lmax=-0.13
21:19:27 [ultranest] [DEBUG] iteration=3696, ncalls=33189, regioncalls=1350800, ndraw=40, logz=-8.05, remainder_fraction=14.4722%, Lmin=-0.83, Lmax=-0.13
21:19:28 [ultranest] [DEBUG] iteration=3698, ncalls=33203, regioncalls=1351360, ndraw=40, logz=-8.05, remainder_fraction=14.4129%, Lmin=-0.83, Lmax=-0.13
21:19:28 [ultranest] [DEBUG] iteration=3700, ncalls=33213, regioncalls=1351760, ndraw=40, logz=-8.05, remainder_fraction=14.3584%, Lmin=-0.82, Lmax=-0.13
21:19:28 [ultranest] [DEBUG] iteration=3702, ncalls=33225, regioncalls=1352240, ndraw=40, logz=-8.05, remainder_fraction=14.3009%, Lmin=-0.82, Lmax=-0.13
21:19:28 [ultranest] [DEBUG] iteration=3705, ncalls=33270, regioncalls=1354040, ndraw=40, logz=-8.05, remainder_fraction=14.2190%, Lmin=-0.82, Lmax=-0.13
21:19:29 [ultranest] [DEBUG] iteration=3707, ncalls=33292, regioncalls=1354920, ndraw=40, logz=-8.05, remainder_fraction=14.1664%, Lmin=-0.81, Lmax=-0.13
21:19:29 [ultranest] [DEBUG] iteration=3708, ncalls=33309, regioncalls=1355600, ndraw=40, logz=-8.04, remainder_fraction=14.1401%, Lmin=-0.81, Lmax=-0.13
21:19:29 [ultranest] [DEBUG] iteration=3709, ncalls=33338, regioncalls=1356760, ndraw=40, logz=-8.04, remainder_fraction=14.1146%, Lmin=-0.81, Lmax=-0.13
21:19:30 [ultranest] [DEBUG] iteration=3711, ncalls=33369, regioncalls=1358000, ndraw=40, logz=-8.04, remainder_fraction=14.0582%, Lmin=-0.81, Lmax=-0.13
21:19:30 [ultranest] [DEBUG] iteration=3713, ncalls=33386, regioncalls=1358680, ndraw=40, logz=-8.04, remainder_fraction=14.0086%, Lmin=-0.81, Lmax=-0.13
21:19:30 [ultranest] [DEBUG] iteration=3714, ncalls=33401, regioncalls=1359280, ndraw=40, logz=-8.04, remainder_fraction=13.9755%, Lmin=-0.81, Lmax=-0.13
21:19:30 [ultranest] [DEBUG] iteration=3715, ncalls=33416, regioncalls=1359880, ndraw=40, logz=-8.04, remainder_fraction=13.9610%, Lmin=-0.81, Lmax=-0.13
21:19:30 [ultranest] [DEBUG] iteration=3717, ncalls=33426, regioncalls=1360280, ndraw=40, logz=-8.04, remainder_fraction=13.9026%, Lmin=-0.80, Lmax=-0.13
21:19:30 [ultranest] [DEBUG] iteration=3718, ncalls=33434, regioncalls=1360600, ndraw=40, logz=-8.04, remainder_fraction=13.8874%, Lmin=-0.80, Lmax=-0.13
21:19:31 [ultranest] [DEBUG] iteration=3720, ncalls=33457, regioncalls=1361520, ndraw=40, logz=-8.04, remainder_fraction=13.8244%, Lmin=-0.80, Lmax=-0.13
21:19:31 [ultranest] [DEBUG] iteration=3722, ncalls=33489, regioncalls=1362800, ndraw=40, logz=-8.04, remainder_fraction=13.7781%, Lmin=-0.80, Lmax=-0.13
21:19:31 [ultranest] [DEBUG] iteration=3723, ncalls=33512, regioncalls=1363720, ndraw=40, logz=-8.04, remainder_fraction=13.7545%, Lmin=-0.80, Lmax=-0.13
21:19:31 [ultranest] [DEBUG] iteration=3724, ncalls=33527, regioncalls=1364320, ndraw=40, logz=-8.04, remainder_fraction=13.7404%, Lmin=-0.80, Lmax=-0.13
21:19:31 [ultranest] [DEBUG] iteration=3725, ncalls=33536, regioncalls=1364680, ndraw=40, logz=-8.04, remainder_fraction=13.7155%, Lmin=-0.80, Lmax=-0.13
21:19:32 [ultranest] [DEBUG] iteration=3727, ncalls=33555, regioncalls=1365440, ndraw=40, logz=-8.04, remainder_fraction=13.6634%, Lmin=-0.79, Lmax=-0.13
21:19:32 [ultranest] [DEBUG] iteration=3731, ncalls=33584, regioncalls=1366600, ndraw=40, logz=-8.04, remainder_fraction=13.5574%, Lmin=-0.79, Lmax=-0.13
21:19:32 [ultranest] [DEBUG] iteration=3732, ncalls=33596, regioncalls=1367080, ndraw=40, logz=-8.04, remainder_fraction=13.5381%, Lmin=-0.79, Lmax=-0.13
21:19:32 [ultranest] [DEBUG] iteration=3734, ncalls=33608, regioncalls=1367560, ndraw=40, logz=-8.04, remainder_fraction=13.4811%, Lmin=-0.79, Lmax=-0.13
21:19:33 [ultranest] [DEBUG] iteration=3735, ncalls=33628, regioncalls=1368360, ndraw=40, logz=-8.04, remainder_fraction=13.4487%, Lmin=-0.79, Lmax=-0.13
21:19:33 [ultranest] [DEBUG] iteration=3737, ncalls=33669, regioncalls=1370000, ndraw=40, logz=-8.04, remainder_fraction=13.3904%, Lmin=-0.78, Lmax=-0.13
21:19:33 [ultranest] [DEBUG] iteration=3738, ncalls=33692, regioncalls=1370920, ndraw=40, logz=-8.04, remainder_fraction=13.3598%, Lmin=-0.78, Lmax=-0.13
21:19:34 [ultranest] [DEBUG] iteration=3741, ncalls=33728, regioncalls=1372360, ndraw=40, logz=-8.03, remainder_fraction=13.2733%, Lmin=-0.78, Lmax=-0.13
21:19:34 [ultranest] [DEBUG] iteration=3742, ncalls=33739, regioncalls=1372800, ndraw=40, logz=-8.03, remainder_fraction=13.2414%, Lmin=-0.78, Lmax=-0.13
21:19:34 [ultranest] [DEBUG] iteration=3743, ncalls=33755, regioncalls=1373440, ndraw=40, logz=-8.03, remainder_fraction=13.2136%, Lmin=-0.78, Lmax=-0.13
21:19:34 [ultranest] [DEBUG] iteration=3744, ncalls=33775, regioncalls=1374240, ndraw=40, logz=-8.03, remainder_fraction=13.1872%, Lmin=-0.78, Lmax=-0.13
21:19:34 [ultranest] [DEBUG] iteration=3745, ncalls=33786, regioncalls=1374680, ndraw=40, logz=-8.03, remainder_fraction=13.1626%, Lmin=-0.78, Lmax=-0.13
21:19:35 [ultranest] [DEBUG] iteration=3747, ncalls=33807, regioncalls=1375520, ndraw=40, logz=-8.03, remainder_fraction=13.1050%, Lmin=-0.78, Lmax=-0.13
21:19:35 [ultranest] [DEBUG] iteration=3750, ncalls=33820, regioncalls=1376040, ndraw=40, logz=-8.03, remainder_fraction=13.0232%, Lmin=-0.78, Lmax=-0.13
21:19:35 [ultranest] [DEBUG] iteration=3752, ncalls=33829, regioncalls=1376400, ndraw=40, logz=-8.03, remainder_fraction=12.9634%, Lmin=-0.77, Lmax=-0.13
21:19:35 [ultranest] [DEBUG] iteration=3754, ncalls=33838, regioncalls=1376760, ndraw=40, logz=-8.03, remainder_fraction=12.9118%, Lmin=-0.77, Lmax=-0.13
21:19:35 [ultranest] [DEBUG] iteration=3756, ncalls=33856, regioncalls=1377480, ndraw=40, logz=-8.03, remainder_fraction=12.8615%, Lmin=-0.77, Lmax=-0.13
21:19:35 [ultranest] [DEBUG] iteration=3757, ncalls=33871, regioncalls=1378080, ndraw=40, logz=-8.03, remainder_fraction=12.8309%, Lmin=-0.77, Lmax=-0.13
21:19:36 [ultranest] [DEBUG] iteration=3759, ncalls=33915, regioncalls=1379840, ndraw=40, logz=-8.03, remainder_fraction=12.7848%, Lmin=-0.77, Lmax=-0.13
21:19:36 [ultranest] [DEBUG] iteration=3760, ncalls=33929, regioncalls=1380400, ndraw=40, logz=-8.03, remainder_fraction=12.7570%, Lmin=-0.77, Lmax=-0.13
21:19:36 [ultranest] [DEBUG] iteration=3763, ncalls=33945, regioncalls=1381040, ndraw=40, logz=-8.03, remainder_fraction=12.6835%, Lmin=-0.77, Lmax=-0.13
21:19:36 [ultranest] [DEBUG] iteration=3765, ncalls=33955, regioncalls=1381440, ndraw=40, logz=-8.03, remainder_fraction=12.6456%, Lmin=-0.77, Lmax=-0.13
21:19:37 [ultranest] [DEBUG] iteration=3766, ncalls=33971, regioncalls=1382080, ndraw=40, logz=-8.03, remainder_fraction=12.6151%, Lmin=-0.77, Lmax=-0.13
21:19:37 [ultranest] [DEBUG] iteration=3768, ncalls=33982, regioncalls=1382520, ndraw=40, logz=-8.03, remainder_fraction=12.5614%, Lmin=-0.77, Lmax=-0.13
21:19:37 [ultranest] [DEBUG] iteration=3769, ncalls=34001, regioncalls=1383280, ndraw=40, logz=-8.03, remainder_fraction=12.5340%, Lmin=-0.77, Lmax=-0.13
21:19:37 [ultranest] [DEBUG] iteration=3770, ncalls=34012, regioncalls=1383720, ndraw=40, logz=-8.03, remainder_fraction=12.5081%, Lmin=-0.77, Lmax=-0.13
21:19:37 [ultranest] [DEBUG] iteration=3771, ncalls=34023, regioncalls=1384160, ndraw=40, logz=-8.03, remainder_fraction=12.4875%, Lmin=-0.77, Lmax=-0.13
21:19:38 [ultranest] [DEBUG] iteration=3773, ncalls=34045, regioncalls=1385040, ndraw=40, logz=-8.02, remainder_fraction=12.4437%, Lmin=-0.76, Lmax=-0.13
21:19:38 [ultranest] [DEBUG] iteration=3774, ncalls=34057, regioncalls=1385520, ndraw=40, logz=-8.02, remainder_fraction=12.4152%, Lmin=-0.76, Lmax=-0.13
21:19:38 [ultranest] [DEBUG] iteration=3776, ncalls=34068, regioncalls=1385960, ndraw=40, logz=-8.02, remainder_fraction=12.3579%, Lmin=-0.76, Lmax=-0.13
21:19:38 [ultranest] [DEBUG] iteration=3777, ncalls=34079, regioncalls=1386400, ndraw=40, logz=-8.02, remainder_fraction=12.3326%, Lmin=-0.76, Lmax=-0.13
21:19:38 [ultranest] [DEBUG] iteration=3779, ncalls=34088, regioncalls=1386760, ndraw=40, logz=-8.02, remainder_fraction=12.2775%, Lmin=-0.75, Lmax=-0.13
21:19:38 [ultranest] [DEBUG] iteration=3780, ncalls=34094, regioncalls=1387000, ndraw=40, logz=-8.02, remainder_fraction=12.2480%, Lmin=-0.75, Lmax=-0.13
21:19:38 [ultranest] [DEBUG] iteration=3781, ncalls=34106, regioncalls=1387480, ndraw=40, logz=-8.02, remainder_fraction=12.2299%, Lmin=-0.75, Lmax=-0.13
21:19:38 [ultranest] [DEBUG] iteration=3782, ncalls=34119, regioncalls=1388000, ndraw=40, logz=-8.02, remainder_fraction=12.2038%, Lmin=-0.75, Lmax=-0.13
21:19:39 [ultranest] [DEBUG] iteration=3784, ncalls=34137, regioncalls=1388720, ndraw=40, logz=-8.02, remainder_fraction=12.1522%, Lmin=-0.75, Lmax=-0.13
21:19:39 [ultranest] [DEBUG] iteration=3787, ncalls=34152, regioncalls=1389320, ndraw=40, logz=-8.02, remainder_fraction=12.0813%, Lmin=-0.74, Lmax=-0.13
21:19:39 [ultranest] [DEBUG] iteration=3789, ncalls=34167, regioncalls=1389920, ndraw=40, logz=-8.02, remainder_fraction=12.0307%, Lmin=-0.74, Lmax=-0.13
21:19:39 [ultranest] [DEBUG] iteration=3791, ncalls=34200, regioncalls=1391240, ndraw=40, logz=-8.02, remainder_fraction=11.9832%, Lmin=-0.74, Lmax=-0.13
21:19:39 [ultranest] [DEBUG] iteration=3793, ncalls=34216, regioncalls=1391880, ndraw=40, logz=-8.02, remainder_fraction=11.9338%, Lmin=-0.74, Lmax=-0.13
21:19:40 [ultranest] [DEBUG] iteration=3795, ncalls=34240, regioncalls=1392840, ndraw=40, logz=-8.02, remainder_fraction=11.8803%, Lmin=-0.74, Lmax=-0.13
21:19:40 [ultranest] [DEBUG] iteration=3797, ncalls=34281, regioncalls=1394480, ndraw=40, logz=-8.02, remainder_fraction=11.8365%, Lmin=-0.74, Lmax=-0.13
21:19:40 [ultranest] [DEBUG] iteration=3798, ncalls=34292, regioncalls=1394920, ndraw=40, logz=-8.02, remainder_fraction=11.8132%, Lmin=-0.74, Lmax=-0.13
21:19:40 [ultranest] [DEBUG] iteration=3800, ncalls=34296, regioncalls=1395080, ndraw=40, logz=-8.02, remainder_fraction=11.7641%, Lmin=-0.74, Lmax=-0.13
21:19:41 [ultranest] [DEBUG] iteration=3803, ncalls=34332, regioncalls=1396520, ndraw=40, logz=-8.02, remainder_fraction=11.6895%, Lmin=-0.74, Lmax=-0.13
21:19:41 [ultranest] [DEBUG] iteration=3804, ncalls=34344, regioncalls=1397000, ndraw=40, logz=-8.02, remainder_fraction=11.6666%, Lmin=-0.74, Lmax=-0.13
21:19:41 [ultranest] [DEBUG] iteration=3805, ncalls=34363, regioncalls=1397760, ndraw=40, logz=-8.02, remainder_fraction=11.6436%, Lmin=-0.73, Lmax=-0.13
21:19:41 [ultranest] [DEBUG] iteration=3806, ncalls=34376, regioncalls=1398280, ndraw=40, logz=-8.02, remainder_fraction=11.6162%, Lmin=-0.73, Lmax=-0.13
21:19:41 [ultranest] [DEBUG] iteration=3807, ncalls=34389, regioncalls=1398800, ndraw=40, logz=-8.02, remainder_fraction=11.5941%, Lmin=-0.73, Lmax=-0.13
21:19:42 [ultranest] [DEBUG] iteration=3808, ncalls=34409, regioncalls=1399600, ndraw=40, logz=-8.02, remainder_fraction=11.5688%, Lmin=-0.73, Lmax=-0.13
21:19:42 [ultranest] [DEBUG] iteration=3809, ncalls=34426, regioncalls=1400280, ndraw=40, logz=-8.02, remainder_fraction=11.5417%, Lmin=-0.73, Lmax=-0.13
21:19:42 [ultranest] [DEBUG] iteration=3811, ncalls=34449, regioncalls=1401200, ndraw=40, logz=-8.01, remainder_fraction=11.5013%, Lmin=-0.73, Lmax=-0.13
21:19:42 [ultranest] [DEBUG] iteration=3813, ncalls=34462, regioncalls=1401720, ndraw=40, logz=-8.01, remainder_fraction=11.4563%, Lmin=-0.73, Lmax=-0.13
21:19:42 [ultranest] [DEBUG] iteration=3815, ncalls=34491, regioncalls=1402880, ndraw=40, logz=-8.01, remainder_fraction=11.4063%, Lmin=-0.73, Lmax=-0.13
21:19:43 [ultranest] [DEBUG] iteration=3818, ncalls=34510, regioncalls=1403800, ndraw=40, logz=-8.01, remainder_fraction=11.3348%, Lmin=-0.73, Lmax=-0.13
21:19:43 [ultranest] [DEBUG] iteration=3819, ncalls=34527, regioncalls=1404520, ndraw=40, logz=-8.01, remainder_fraction=11.3122%, Lmin=-0.73, Lmax=-0.13
21:19:43 [ultranest] [DEBUG] iteration=3820, ncalls=34537, regioncalls=1404920, ndraw=40, logz=-8.01, remainder_fraction=11.2857%, Lmin=-0.73, Lmax=-0.13
21:19:43 [ultranest] [DEBUG] iteration=3822, ncalls=34546, regioncalls=1405280, ndraw=40, logz=-8.01, remainder_fraction=11.2329%, Lmin=-0.73, Lmax=-0.13
21:19:43 [ultranest] [DEBUG] iteration=3823, ncalls=34589, regioncalls=1407000, ndraw=40, logz=-8.01, remainder_fraction=11.2098%, Lmin=-0.72, Lmax=-0.13
21:19:44 [ultranest] [DEBUG] iteration=3824, ncalls=34604, regioncalls=1407600, ndraw=40, logz=-8.01, remainder_fraction=11.1924%, Lmin=-0.72, Lmax=-0.13
21:19:44 [ultranest] [DEBUG] iteration=3825, ncalls=34615, regioncalls=1408040, ndraw=40, logz=-8.01, remainder_fraction=11.1785%, Lmin=-0.72, Lmax=-0.13
21:19:44 [ultranest] [DEBUG] iteration=3828, ncalls=34635, regioncalls=1408840, ndraw=40, logz=-8.01, remainder_fraction=11.1063%, Lmin=-0.72, Lmax=-0.13
21:19:44 [ultranest] [DEBUG] iteration=3829, ncalls=34649, regioncalls=1409400, ndraw=40, logz=-8.01, remainder_fraction=11.0820%, Lmin=-0.72, Lmax=-0.13
21:19:44 [ultranest] [DEBUG] iteration=3830, ncalls=34665, regioncalls=1410040, ndraw=40, logz=-8.01, remainder_fraction=11.0557%, Lmin=-0.72, Lmax=-0.13
21:19:45 [ultranest] [DEBUG] iteration=3832, ncalls=34690, regioncalls=1411040, ndraw=40, logz=-8.01, remainder_fraction=11.0056%, Lmin=-0.72, Lmax=-0.13
21:19:45 [ultranest] [DEBUG] iteration=3833, ncalls=34700, regioncalls=1411440, ndraw=40, logz=-8.01, remainder_fraction=10.9788%, Lmin=-0.72, Lmax=-0.13
21:19:45 [ultranest] [DEBUG] iteration=3834, ncalls=34720, regioncalls=1412240, ndraw=40, logz=-8.01, remainder_fraction=10.9568%, Lmin=-0.72, Lmax=-0.13
21:19:45 [ultranest] [DEBUG] iteration=3836, ncalls=34753, regioncalls=1413560, ndraw=40, logz=-8.01, remainder_fraction=10.9084%, Lmin=-0.71, Lmax=-0.13
21:19:46 [ultranest] [DEBUG] iteration=3837, ncalls=34780, regioncalls=1414640, ndraw=40, logz=-8.01, remainder_fraction=10.8837%, Lmin=-0.71, Lmax=-0.13
21:19:46 [ultranest] [DEBUG] iteration=3838, ncalls=34825, regioncalls=1416440, ndraw=40, logz=-8.01, remainder_fraction=10.8672%, Lmin=-0.71, Lmax=-0.13
21:19:46 [ultranest] [DEBUG] iteration=3840, ncalls=34837, regioncalls=1416920, ndraw=40, logz=-8.01, remainder_fraction=10.8153%, Lmin=-0.71, Lmax=-0.13
21:19:46 [ultranest] [DEBUG] iteration=3841, ncalls=34849, regioncalls=1417400, ndraw=40, logz=-8.01, remainder_fraction=10.7896%, Lmin=-0.71, Lmax=-0.13
21:19:46 [ultranest] [DEBUG] iteration=3844, ncalls=34865, regioncalls=1418040, ndraw=40, logz=-8.01, remainder_fraction=10.7256%, Lmin=-0.71, Lmax=-0.13
21:19:47 [ultranest] [DEBUG] iteration=3846, ncalls=34888, regioncalls=1418960, ndraw=40, logz=-8.01, remainder_fraction=10.6798%, Lmin=-0.71, Lmax=-0.13
21:19:47 [ultranest] [DEBUG] iteration=3848, ncalls=34925, regioncalls=1420440, ndraw=40, logz=-8.01, remainder_fraction=10.6413%, Lmin=-0.70, Lmax=-0.13
21:19:47 [ultranest] [DEBUG] iteration=3850, ncalls=34948, regioncalls=1421360, ndraw=40, logz=-8.00, remainder_fraction=10.5979%, Lmin=-0.70, Lmax=-0.13
21:19:48 [ultranest] [DEBUG] iteration=3852, ncalls=34960, regioncalls=1421840, ndraw=40, logz=-8.00, remainder_fraction=10.5479%, Lmin=-0.70, Lmax=-0.13
21:19:48 [ultranest] [DEBUG] iteration=3853, ncalls=34971, regioncalls=1422280, ndraw=40, logz=-8.00, remainder_fraction=10.5255%, Lmin=-0.70, Lmax=-0.13
21:19:48 [ultranest] [DEBUG] iteration=3854, ncalls=34990, regioncalls=1423040, ndraw=40, logz=-8.00, remainder_fraction=10.5061%, Lmin=-0.70, Lmax=-0.13
21:19:48 [ultranest] [DEBUG] iteration=3856, ncalls=35027, regioncalls=1424520, ndraw=40, logz=-8.00, remainder_fraction=10.4636%, Lmin=-0.70, Lmax=-0.13
21:19:48 [ultranest] [DEBUG] iteration=3857, ncalls=35040, regioncalls=1425040, ndraw=40, logz=-8.00, remainder_fraction=10.4416%, Lmin=-0.70, Lmax=-0.13
21:19:49 [ultranest] [DEBUG] iteration=3858, ncalls=35071, regioncalls=1426280, ndraw=40, logz=-8.00, remainder_fraction=10.4191%, Lmin=-0.70, Lmax=-0.13
21:19:49 [ultranest] [DEBUG] iteration=3859, ncalls=35083, regioncalls=1426760, ndraw=40, logz=-8.00, remainder_fraction=10.4028%, Lmin=-0.70, Lmax=-0.13
21:19:49 [ultranest] [DEBUG] iteration=3861, ncalls=35099, regioncalls=1427400, ndraw=40, logz=-8.00, remainder_fraction=10.3565%, Lmin=-0.69, Lmax=-0.13
21:19:50 [ultranest] [DEBUG] iteration=3863, ncalls=35147, regioncalls=1429320, ndraw=40, logz=-8.00, remainder_fraction=10.3090%, Lmin=-0.69, Lmax=-0.13
21:19:50 [ultranest] [DEBUG] iteration=3866, ncalls=35166, regioncalls=1430080, ndraw=40, logz=-8.00, remainder_fraction=10.2492%, Lmin=-0.69, Lmax=-0.13
21:19:50 [ultranest] [DEBUG] iteration=3870, ncalls=35173, regioncalls=1430400, ndraw=40, logz=-8.00, remainder_fraction=10.1535%, Lmin=-0.69, Lmax=-0.13
21:19:50 [ultranest] [DEBUG] iteration=3872, ncalls=35202, regioncalls=1431600, ndraw=40, logz=-8.00, remainder_fraction=10.1217%, Lmin=-0.69, Lmax=-0.13
21:19:50 [ultranest] [DEBUG] iteration=3875, ncalls=35223, regioncalls=1432560, ndraw=40, logz=-8.00, remainder_fraction=10.0631%, Lmin=-0.69, Lmax=-0.13
21:19:51 [ultranest] [DEBUG] iteration=3876, ncalls=35234, regioncalls=1433000, ndraw=40, logz=-8.00, remainder_fraction=10.0428%, Lmin=-0.69, Lmax=-0.13
21:19:51 [ultranest] [DEBUG] iteration=3877, ncalls=35250, regioncalls=1433640, ndraw=40, logz=-8.00, remainder_fraction=10.0271%, Lmin=-0.69, Lmax=-0.13
21:19:51 [ultranest] [DEBUG] iteration=3879, ncalls=35270, regioncalls=1434440, ndraw=40, logz=-8.00, remainder_fraction=9.9841%, Lmin=-0.68, Lmax=-0.13
21:19:51 [ultranest] [DEBUG] iteration=3880, ncalls=35273, regioncalls=1434560, ndraw=40, logz=-8.00, remainder_fraction=9.9607%, Lmin=-0.68, Lmax=-0.13
21:19:51 [ultranest] [DEBUG] iteration=3882, ncalls=35286, regioncalls=1435080, ndraw=40, logz=-8.00, remainder_fraction=9.9140%, Lmin=-0.68, Lmax=-0.13
21:19:51 [ultranest] [DEBUG] iteration=3884, ncalls=35296, regioncalls=1435480, ndraw=40, logz=-8.00, remainder_fraction=9.8688%, Lmin=-0.68, Lmax=-0.13
21:19:52 [ultranest] [DEBUG] iteration=3887, ncalls=35333, regioncalls=1437160, ndraw=40, logz=-8.00, remainder_fraction=9.8086%, Lmin=-0.68, Lmax=-0.13
21:19:52 [ultranest] [DEBUG] iteration=3889, ncalls=35349, regioncalls=1437880, ndraw=40, logz=-8.00, remainder_fraction=9.7682%, Lmin=-0.68, Lmax=-0.13
21:19:52 [ultranest] [DEBUG] iteration=3890, ncalls=35367, regioncalls=1438640, ndraw=40, logz=-8.00, remainder_fraction=9.7512%, Lmin=-0.68, Lmax=-0.13
21:19:52 [ultranest] [DEBUG] iteration=3891, ncalls=35379, regioncalls=1439120, ndraw=40, logz=-7.99, remainder_fraction=9.7293%, Lmin=-0.68, Lmax=-0.13
21:19:52 [ultranest] [DEBUG] iteration=3892, ncalls=35401, regioncalls=1440000, ndraw=40, logz=-7.99, remainder_fraction=9.7141%, Lmin=-0.68, Lmax=-0.13
21:19:53 [ultranest] [DEBUG] iteration=3894, ncalls=35427, regioncalls=1441040, ndraw=40, logz=-7.99, remainder_fraction=9.6695%, Lmin=-0.68, Lmax=-0.13
21:19:53 [ultranest] [DEBUG] iteration=3896, ncalls=35439, regioncalls=1441520, ndraw=40, logz=-7.99, remainder_fraction=9.6251%, Lmin=-0.68, Lmax=-0.13
21:19:53 [ultranest] [DEBUG] iteration=3898, ncalls=35451, regioncalls=1442000, ndraw=40, logz=-7.99, remainder_fraction=9.5923%, Lmin=-0.68, Lmax=-0.13
21:19:53 [ultranest] [DEBUG] iteration=3900, ncalls=35472, regioncalls=1442840, ndraw=40, logz=-7.99, remainder_fraction=9.5488%, Lmin=-0.68, Lmax=-0.13
21:19:53 [ultranest] [DEBUG] iteration=3901, ncalls=35484, regioncalls=1443320, ndraw=40, logz=-7.99, remainder_fraction=9.5284%, Lmin=-0.68, Lmax=-0.13
21:19:54 [ultranest] [DEBUG] iteration=3903, ncalls=35527, regioncalls=1445120, ndraw=40, logz=-7.99, remainder_fraction=9.4921%, Lmin=-0.67, Lmax=-0.13
21:19:54 [ultranest] [DEBUG] iteration=3904, ncalls=35538, regioncalls=1445560, ndraw=40, logz=-7.99, remainder_fraction=9.4693%, Lmin=-0.67, Lmax=-0.13
21:19:54 [ultranest] [DEBUG] iteration=3905, ncalls=35555, regioncalls=1446240, ndraw=40, logz=-7.99, remainder_fraction=9.4482%, Lmin=-0.67, Lmax=-0.13
21:19:54 [ultranest] [DEBUG] iteration=3907, ncalls=35578, regioncalls=1447160, ndraw=40, logz=-7.99, remainder_fraction=9.4130%, Lmin=-0.67, Lmax=-0.13
21:19:54 [ultranest] [DEBUG] iteration=3908, ncalls=35591, regioncalls=1447680, ndraw=40, logz=-7.99, remainder_fraction=9.3912%, Lmin=-0.67, Lmax=-0.13
21:19:55 [ultranest] [DEBUG] iteration=3909, ncalls=35604, regioncalls=1448200, ndraw=40, logz=-7.99, remainder_fraction=9.3787%, Lmin=-0.67, Lmax=-0.13
21:19:55 [ultranest] [DEBUG] iteration=3911, ncalls=35626, regioncalls=1449080, ndraw=40, logz=-7.99, remainder_fraction=9.3361%, Lmin=-0.67, Lmax=-0.13
21:19:55 [ultranest] [DEBUG] iteration=3912, ncalls=35649, regioncalls=1450200, ndraw=40, logz=-7.99, remainder_fraction=9.3140%, Lmin=-0.67, Lmax=-0.13
21:19:55 [ultranest] [DEBUG] iteration=3913, ncalls=35668, regioncalls=1450960, ndraw=40, logz=-7.99, remainder_fraction=9.2964%, Lmin=-0.67, Lmax=-0.13
21:19:55 [ultranest] [DEBUG] iteration=3915, ncalls=35686, regioncalls=1451680, ndraw=40, logz=-7.99, remainder_fraction=9.2522%, Lmin=-0.67, Lmax=-0.13
21:19:56 [ultranest] [DEBUG] iteration=3917, ncalls=35699, regioncalls=1452200, ndraw=40, logz=-7.99, remainder_fraction=9.2124%, Lmin=-0.67, Lmax=-0.13
21:19:56 [ultranest] [DEBUG] iteration=3920, ncalls=35713, regioncalls=1452760, ndraw=40, logz=-7.99, remainder_fraction=9.1580%, Lmin=-0.67, Lmax=-0.13
21:19:56 [ultranest] [DEBUG] iteration=3921, ncalls=35725, regioncalls=1453320, ndraw=40, logz=-7.99, remainder_fraction=9.1389%, Lmin=-0.67, Lmax=-0.13
21:19:56 [ultranest] [DEBUG] iteration=3922, ncalls=35741, regioncalls=1454120, ndraw=40, logz=-7.99, remainder_fraction=9.1278%, Lmin=-0.66, Lmax=-0.13
21:19:56 [ultranest] [DEBUG] iteration=3924, ncalls=35755, regioncalls=1454680, ndraw=40, logz=-7.99, remainder_fraction=9.0867%, Lmin=-0.66, Lmax=-0.13
21:19:56 [ultranest] [DEBUG] iteration=3925, ncalls=35777, regioncalls=1455800, ndraw=40, logz=-7.99, remainder_fraction=9.0692%, Lmin=-0.66, Lmax=-0.13
21:19:57 [ultranest] [DEBUG] iteration=3928, ncalls=35794, regioncalls=1456480, ndraw=40, logz=-7.99, remainder_fraction=9.0102%, Lmin=-0.66, Lmax=-0.13
21:19:57 [ultranest] [DEBUG] iteration=3930, ncalls=35803, regioncalls=1456840, ndraw=40, logz=-7.99, remainder_fraction=8.9827%, Lmin=-0.66, Lmax=-0.13
21:19:57 [ultranest] [DEBUG] iteration=3932, ncalls=35829, regioncalls=1457880, ndraw=40, logz=-7.99, remainder_fraction=8.9465%, Lmin=-0.66, Lmax=-0.13
21:19:57 [ultranest] [DEBUG] iteration=3934, ncalls=35851, regioncalls=1458760, ndraw=40, logz=-7.99, remainder_fraction=8.9139%, Lmin=-0.66, Lmax=-0.13
21:19:58 [ultranest] [DEBUG] iteration=3937, ncalls=35874, regioncalls=1459680, ndraw=40, logz=-7.99, remainder_fraction=8.8610%, Lmin=-0.66, Lmax=-0.13
21:19:58 [ultranest] [DEBUG] iteration=3939, ncalls=35892, regioncalls=1460400, ndraw=40, logz=-7.98, remainder_fraction=8.8287%, Lmin=-0.65, Lmax=-0.13
21:19:58 [ultranest] [DEBUG] iteration=3942, ncalls=35903, regioncalls=1460840, ndraw=40, logz=-7.98, remainder_fraction=8.7742%, Lmin=-0.65, Lmax=-0.13
21:19:58 [ultranest] [DEBUG] iteration=3943, ncalls=35921, regioncalls=1461560, ndraw=40, logz=-7.98, remainder_fraction=8.7638%, Lmin=-0.65, Lmax=-0.13
21:19:58 [ultranest] [DEBUG] iteration=3944, ncalls=35930, regioncalls=1461920, ndraw=40, logz=-7.98, remainder_fraction=8.7468%, Lmin=-0.65, Lmax=-0.13
21:19:58 [ultranest] [DEBUG] iteration=3945, ncalls=35943, regioncalls=1462440, ndraw=40, logz=-7.98, remainder_fraction=8.7268%, Lmin=-0.65, Lmax=-0.13
21:19:58 [ultranest] [DEBUG] iteration=3946, ncalls=35956, regioncalls=1462960, ndraw=40, logz=-7.98, remainder_fraction=8.7117%, Lmin=-0.65, Lmax=-0.13
21:19:59 [ultranest] [DEBUG] iteration=3947, ncalls=35971, regioncalls=1463560, ndraw=40, logz=-7.98, remainder_fraction=8.6933%, Lmin=-0.65, Lmax=-0.13
21:19:59 [ultranest] [DEBUG] iteration=3948, ncalls=35997, regioncalls=1464600, ndraw=40, logz=-7.98, remainder_fraction=8.6743%, Lmin=-0.65, Lmax=-0.13
21:19:59 [ultranest] [DEBUG] iteration=3951, ncalls=36030, regioncalls=1465920, ndraw=40, logz=-7.98, remainder_fraction=8.6171%, Lmin=-0.65, Lmax=-0.13
21:19:59 [ultranest] [DEBUG] iteration=3952, ncalls=36042, regioncalls=1466400, ndraw=40, logz=-7.98, remainder_fraction=8.5986%, Lmin=-0.65, Lmax=-0.13
21:20:00 [ultranest] [DEBUG] iteration=3953, ncalls=36072, regioncalls=1467600, ndraw=40, logz=-7.98, remainder_fraction=8.5812%, Lmin=-0.65, Lmax=-0.13
21:20:00 [ultranest] [DEBUG] iteration=3954, ncalls=36092, regioncalls=1468400, ndraw=40, logz=-7.98, remainder_fraction=8.5635%, Lmin=-0.65, Lmax=-0.13
21:20:00 [ultranest] [DEBUG] iteration=3956, ncalls=36101, regioncalls=1468760, ndraw=40, logz=-7.98, remainder_fraction=8.5264%, Lmin=-0.65, Lmax=-0.13
21:20:00 [ultranest] [DEBUG] iteration=3957, ncalls=36116, regioncalls=1469360, ndraw=40, logz=-7.98, remainder_fraction=8.5089%, Lmin=-0.64, Lmax=-0.13
21:20:00 [ultranest] [DEBUG] iteration=3958, ncalls=36126, regioncalls=1470320, ndraw=40, logz=-7.98, remainder_fraction=8.4921%, Lmin=-0.64, Lmax=-0.13
21:20:00 [ultranest] [DEBUG] clustering found some stray points [need_accept=False] (array([1, 2]), array([399,   1]))
21:20:01 [ultranest] [DEBUG] iteration=3960, ncalls=36150, regioncalls=1471320, ndraw=40, logz=-7.98, remainder_fraction=8.4600%, Lmin=-0.64, Lmax=-0.13
21:20:01 [ultranest] [DEBUG] iteration=3963, ncalls=36173, regioncalls=1472240, ndraw=40, logz=-7.98, remainder_fraction=8.4130%, Lmin=-0.64, Lmax=-0.13
21:20:01 [ultranest] [DEBUG] iteration=3966, ncalls=36185, regioncalls=1472720, ndraw=40, logz=-7.98, remainder_fraction=8.3579%, Lmin=-0.64, Lmax=-0.13
21:20:01 [ultranest] [DEBUG] iteration=3967, ncalls=36211, regioncalls=1473880, ndraw=40, logz=-7.98, remainder_fraction=8.3394%, Lmin=-0.63, Lmax=-0.13
21:20:01 [ultranest] [DEBUG] iteration=3969, ncalls=36221, regioncalls=1474280, ndraw=40, logz=-7.98, remainder_fraction=8.3039%, Lmin=-0.63, Lmax=-0.13
21:20:02 [ultranest] [DEBUG] iteration=3970, ncalls=36237, regioncalls=1474920, ndraw=40, logz=-7.98, remainder_fraction=8.2847%, Lmin=-0.63, Lmax=-0.13
21:20:02 [ultranest] [DEBUG] iteration=3972, ncalls=36274, regioncalls=1476640, ndraw=40, logz=-7.98, remainder_fraction=8.2513%, Lmin=-0.63, Lmax=-0.13
21:20:02 [ultranest] [DEBUG] iteration=3974, ncalls=36285, regioncalls=1477160, ndraw=40, logz=-7.98, remainder_fraction=8.2159%, Lmin=-0.63, Lmax=-0.13
21:20:02 [ultranest] [DEBUG] iteration=3975, ncalls=36315, regioncalls=1478440, ndraw=40, logz=-7.98, remainder_fraction=8.1965%, Lmin=-0.63, Lmax=-0.13
21:20:03 [ultranest] [DEBUG] iteration=3977, ncalls=36334, regioncalls=1479200, ndraw=40, logz=-7.98, remainder_fraction=8.1660%, Lmin=-0.62, Lmax=-0.13
21:20:03 [ultranest] [DEBUG] iteration=3978, ncalls=36344, regioncalls=1479600, ndraw=40, logz=-7.98, remainder_fraction=8.1475%, Lmin=-0.62, Lmax=-0.13
21:20:03 [ultranest] [DEBUG] iteration=3979, ncalls=36359, regioncalls=1480200, ndraw=40, logz=-7.98, remainder_fraction=8.1283%, Lmin=-0.62, Lmax=-0.13
21:20:03 [ultranest] [DEBUG] iteration=3980, ncalls=36369, regioncalls=1480600, ndraw=40, logz=-7.98, remainder_fraction=8.1089%, Lmin=-0.62, Lmax=-0.13
21:20:03 [ultranest] [DEBUG] iteration=3981, ncalls=36394, regioncalls=1481600, ndraw=40, logz=-7.98, remainder_fraction=8.0923%, Lmin=-0.62, Lmax=-0.13
21:20:03 [ultranest] [DEBUG] iteration=3983, ncalls=36404, regioncalls=1482000, ndraw=40, logz=-7.98, remainder_fraction=8.0567%, Lmin=-0.62, Lmax=-0.13
21:20:04 [ultranest] [DEBUG] iteration=3985, ncalls=36435, regioncalls=1483440, ndraw=40, logz=-7.98, remainder_fraction=8.0233%, Lmin=-0.62, Lmax=-0.13
21:20:04 [ultranest] [DEBUG] iteration=3986, ncalls=36446, regioncalls=1483960, ndraw=40, logz=-7.98, remainder_fraction=8.0040%, Lmin=-0.62, Lmax=-0.13
21:20:04 [ultranest] [DEBUG] iteration=3987, ncalls=36491, regioncalls=1485760, ndraw=40, logz=-7.98, remainder_fraction=7.9860%, Lmin=-0.62, Lmax=-0.13
21:20:05 [ultranest] [DEBUG] iteration=3989, ncalls=36507, regioncalls=1486400, ndraw=40, logz=-7.98, remainder_fraction=7.9530%, Lmin=-0.62, Lmax=-0.13
21:20:05 [ultranest] [DEBUG] iteration=3992, ncalls=36523, regioncalls=1487040, ndraw=40, logz=-7.97, remainder_fraction=7.9040%, Lmin=-0.61, Lmax=-0.13
21:20:05 [ultranest] [DEBUG] iteration=3994, ncalls=36535, regioncalls=1487520, ndraw=40, logz=-7.97, remainder_fraction=7.8720%, Lmin=-0.61, Lmax=-0.13
21:20:05 [ultranest] [DEBUG] iteration=3997, ncalls=36562, regioncalls=1488600, ndraw=40, logz=-7.97, remainder_fraction=7.8298%, Lmin=-0.61, Lmax=-0.13
21:20:05 [ultranest] [DEBUG] iteration=3998, ncalls=36572, regioncalls=1489000, ndraw=40, logz=-7.97, remainder_fraction=7.8107%, Lmin=-0.61, Lmax=-0.13
21:20:05 [ultranest] [DEBUG] iteration=3999, ncalls=36583, regioncalls=1489440, ndraw=40, logz=-7.97, remainder_fraction=7.7946%, Lmin=-0.61, Lmax=-0.13
21:20:06 [ultranest] [DEBUG] iteration=4000, ncalls=36609, regioncalls=1490480, ndraw=40, logz=-7.97, remainder_fraction=7.7785%, Lmin=-0.61, Lmax=-0.13
21:20:06 [ultranest] [DEBUG] iteration=4003, ncalls=36624, regioncalls=1491080, ndraw=40, logz=-7.97, remainder_fraction=7.7273%, Lmin=-0.61, Lmax=-0.13
21:20:06 [ultranest] [DEBUG] iteration=4004, ncalls=36638, regioncalls=1491720, ndraw=40, logz=-7.97, remainder_fraction=7.7126%, Lmin=-0.61, Lmax=-0.13
21:20:06 [ultranest] [DEBUG] iteration=4008, ncalls=36671, regioncalls=1493040, ndraw=40, logz=-7.97, remainder_fraction=7.6473%, Lmin=-0.60, Lmax=-0.13
21:20:06 [ultranest] [DEBUG] iteration=4009, ncalls=36682, regioncalls=1493480, ndraw=40, logz=-7.97, remainder_fraction=7.6304%, Lmin=-0.60, Lmax=-0.13
21:20:07 [ultranest] [DEBUG] iteration=4011, ncalls=36703, regioncalls=1494320, ndraw=40, logz=-7.97, remainder_fraction=7.5978%, Lmin=-0.60, Lmax=-0.13
21:20:07 [ultranest] [DEBUG] iteration=4012, ncalls=36731, regioncalls=1495440, ndraw=40, logz=-7.97, remainder_fraction=7.5809%, Lmin=-0.60, Lmax=-0.13
21:20:07 [ultranest] [DEBUG] iteration=4014, ncalls=36743, regioncalls=1495920, ndraw=40, logz=-7.97, remainder_fraction=7.5472%, Lmin=-0.60, Lmax=-0.13
21:20:07 [ultranest] [DEBUG] iteration=4015, ncalls=36754, regioncalls=1496360, ndraw=40, logz=-7.97, remainder_fraction=7.5315%, Lmin=-0.60, Lmax=-0.13
21:20:07 [ultranest] [DEBUG] iteration=4017, ncalls=36778, regioncalls=1497320, ndraw=40, logz=-7.97, remainder_fraction=7.5056%, Lmin=-0.60, Lmax=-0.13
21:20:08 [ultranest] [DEBUG] iteration=4019, ncalls=36804, regioncalls=1498360, ndraw=40, logz=-7.97, remainder_fraction=7.4797%, Lmin=-0.60, Lmax=-0.13
21:20:08 [ultranest] [DEBUG] iteration=4020, ncalls=36837, regioncalls=1499680, ndraw=40, logz=-7.97, remainder_fraction=7.4648%, Lmin=-0.60, Lmax=-0.13
21:20:08 [ultranest] [DEBUG] iteration=4022, ncalls=36856, regioncalls=1500440, ndraw=40, logz=-7.97, remainder_fraction=7.4329%, Lmin=-0.60, Lmax=-0.13
21:20:09 [ultranest] [DEBUG] iteration=4023, ncalls=36883, regioncalls=1501680, ndraw=40, logz=-7.97, remainder_fraction=7.4233%, Lmin=-0.60, Lmax=-0.13
21:20:09 [ultranest] [DEBUG] iteration=4024, ncalls=36895, regioncalls=1502200, ndraw=40, logz=-7.97, remainder_fraction=7.4075%, Lmin=-0.60, Lmax=-0.13
21:20:09 [ultranest] [DEBUG] iteration=4025, ncalls=36918, regioncalls=1503120, ndraw=40, logz=-7.97, remainder_fraction=7.3902%, Lmin=-0.60, Lmax=-0.13
21:20:09 [ultranest] [DEBUG] iteration=4026, ncalls=36938, regioncalls=1503920, ndraw=40, logz=-7.97, remainder_fraction=7.3737%, Lmin=-0.60, Lmax=-0.13
21:20:09 [ultranest] [DEBUG] iteration=4029, ncalls=36961, regioncalls=1504840, ndraw=40, logz=-7.97, remainder_fraction=7.3281%, Lmin=-0.59, Lmax=-0.13
21:20:10 [ultranest] [DEBUG] iteration=4031, ncalls=37021, regioncalls=1507240, ndraw=40, logz=-7.97, remainder_fraction=7.2964%, Lmin=-0.59, Lmax=-0.13
21:20:10 [ultranest] [DEBUG] iteration=4033, ncalls=37033, regioncalls=1507720, ndraw=40, logz=-7.97, remainder_fraction=7.2634%, Lmin=-0.59, Lmax=-0.13
21:20:10 [ultranest] [DEBUG] iteration=4034, ncalls=37055, regioncalls=1508600, ndraw=40, logz=-7.97, remainder_fraction=7.2471%, Lmin=-0.59, Lmax=-0.13
21:20:11 [ultranest] [DEBUG] iteration=4037, ncalls=37094, regioncalls=1510160, ndraw=40, logz=-7.97, remainder_fraction=7.1998%, Lmin=-0.59, Lmax=-0.13
21:20:11 [ultranest] [DEBUG] iteration=4038, ncalls=37121, regioncalls=1511240, ndraw=40, logz=-7.97, remainder_fraction=7.1845%, Lmin=-0.59, Lmax=-0.13
21:20:11 [ultranest] [DEBUG] iteration=4040, ncalls=37129, regioncalls=1511560, ndraw=40, logz=-7.97, remainder_fraction=7.1525%, Lmin=-0.58, Lmax=-0.13
21:20:12 [ultranest] [DEBUG] iteration=4041, ncalls=37155, regioncalls=1512720, ndraw=40, logz=-7.97, remainder_fraction=7.1349%, Lmin=-0.58, Lmax=-0.13
21:20:12 [ultranest] [DEBUG] iteration=4042, ncalls=37169, regioncalls=1513400, ndraw=40, logz=-7.97, remainder_fraction=7.1181%, Lmin=-0.58, Lmax=-0.13
21:20:12 [ultranest] [DEBUG] iteration=4043, ncalls=37189, regioncalls=1514320, ndraw=40, logz=-7.97, remainder_fraction=7.1035%, Lmin=-0.58, Lmax=-0.13
21:20:12 [ultranest] [DEBUG] iteration=4045, ncalls=37201, regioncalls=1514800, ndraw=40, logz=-7.97, remainder_fraction=7.0719%, Lmin=-0.58, Lmax=-0.13
21:20:12 [ultranest] [DEBUG] iteration=4046, ncalls=37212, regioncalls=1515240, ndraw=40, logz=-7.97, remainder_fraction=7.0574%, Lmin=-0.58, Lmax=-0.13
21:20:12 [ultranest] [DEBUG] iteration=4048, ncalls=37239, regioncalls=1516320, ndraw=40, logz=-7.96, remainder_fraction=7.0268%, Lmin=-0.58, Lmax=-0.13
21:20:13 [ultranest] [DEBUG] iteration=4050, ncalls=37252, regioncalls=1516880, ndraw=40, logz=-7.96, remainder_fraction=7.0006%, Lmin=-0.57, Lmax=-0.13
21:20:13 [ultranest] [DEBUG] iteration=4053, ncalls=37262, regioncalls=1517280, ndraw=40, logz=-7.96, remainder_fraction=6.9519%, Lmin=-0.57, Lmax=-0.13
21:20:13 [ultranest] [DEBUG] iteration=4054, ncalls=37274, regioncalls=1517760, ndraw=40, logz=-7.96, remainder_fraction=6.9356%, Lmin=-0.57, Lmax=-0.13
21:20:13 [ultranest] [DEBUG] iteration=4055, ncalls=37308, regioncalls=1519120, ndraw=40, logz=-7.96, remainder_fraction=6.9220%, Lmin=-0.57, Lmax=-0.13
21:20:13 [ultranest] [DEBUG] iteration=4056, ncalls=37327, regioncalls=1519880, ndraw=40, logz=-7.96, remainder_fraction=6.9051%, Lmin=-0.57, Lmax=-0.13
21:20:14 [ultranest] [DEBUG] iteration=4057, ncalls=37361, regioncalls=1521240, ndraw=40, logz=-7.96, remainder_fraction=6.8907%, Lmin=-0.57, Lmax=-0.13
21:20:14 [ultranest] [DEBUG] iteration=4059, ncalls=37382, regioncalls=1522080, ndraw=40, logz=-7.96, remainder_fraction=6.8590%, Lmin=-0.57, Lmax=-0.13
21:20:14 [ultranest] [DEBUG] iteration=4060, ncalls=37395, regioncalls=1522600, ndraw=40, logz=-7.96, remainder_fraction=6.8423%, Lmin=-0.57, Lmax=-0.13
21:20:15 [ultranest] [DEBUG] iteration=4062, ncalls=37442, regioncalls=1524480, ndraw=40, logz=-7.96, remainder_fraction=6.8145%, Lmin=-0.57, Lmax=-0.13
21:20:15 [ultranest] [DEBUG] iteration=4064, ncalls=37453, regioncalls=1524920, ndraw=40, logz=-7.96, remainder_fraction=6.7866%, Lmin=-0.57, Lmax=-0.13
21:20:15 [ultranest] [DEBUG] iteration=4066, ncalls=37462, regioncalls=1525280, ndraw=40, logz=-7.96, remainder_fraction=6.7551%, Lmin=-0.57, Lmax=-0.13
21:20:15 [ultranest] [DEBUG] iteration=4068, ncalls=37471, regioncalls=1525640, ndraw=40, logz=-7.96, remainder_fraction=6.7253%, Lmin=-0.57, Lmax=-0.13
21:20:15 [ultranest] [DEBUG] iteration=4071, ncalls=37499, regioncalls=1526760, ndraw=40, logz=-7.96, remainder_fraction=6.6830%, Lmin=-0.57, Lmax=-0.13
21:20:16 [ultranest] [DEBUG] iteration=4072, ncalls=37535, regioncalls=1528200, ndraw=40, logz=-7.96, remainder_fraction=6.6703%, Lmin=-0.57, Lmax=-0.13
21:20:16 [ultranest] [DEBUG] iteration=4074, ncalls=37558, regioncalls=1529120, ndraw=40, logz=-7.96, remainder_fraction=6.6383%, Lmin=-0.56, Lmax=-0.13
21:20:16 [ultranest] [DEBUG] iteration=4075, ncalls=37569, regioncalls=1529560, ndraw=40, logz=-7.96, remainder_fraction=6.6220%, Lmin=-0.56, Lmax=-0.13
21:20:16 [ultranest] [DEBUG] iteration=4077, ncalls=37582, regioncalls=1530080, ndraw=40, logz=-7.96, remainder_fraction=6.5920%, Lmin=-0.56, Lmax=-0.13
21:20:16 [ultranest] [DEBUG] iteration=4079, ncalls=37598, regioncalls=1530720, ndraw=40, logz=-7.96, remainder_fraction=6.5603%, Lmin=-0.56, Lmax=-0.13
21:20:16 [ultranest] [DEBUG] iteration=4080, ncalls=37602, regioncalls=1530880, ndraw=40, logz=-7.96, remainder_fraction=6.5444%, Lmin=-0.56, Lmax=-0.13
21:20:17 [ultranest] [DEBUG] iteration=4081, ncalls=37619, regioncalls=1531560, ndraw=40, logz=-7.96, remainder_fraction=6.5325%, Lmin=-0.56, Lmax=-0.13
21:20:17 [ultranest] [DEBUG] iteration=4084, ncalls=37655, regioncalls=1533000, ndraw=40, logz=-7.96, remainder_fraction=6.4916%, Lmin=-0.56, Lmax=-0.13
21:20:17 [ultranest] [DEBUG] iteration=4086, ncalls=37685, regioncalls=1534200, ndraw=40, logz=-7.96, remainder_fraction=6.4626%, Lmin=-0.56, Lmax=-0.13
21:20:18 [ultranest] [DEBUG] iteration=4087, ncalls=37719, regioncalls=1535560, ndraw=40, logz=-7.96, remainder_fraction=6.4523%, Lmin=-0.56, Lmax=-0.13
21:20:18 [ultranest] [DEBUG] iteration=4088, ncalls=37765, regioncalls=1537400, ndraw=40, logz=-7.96, remainder_fraction=6.4422%, Lmin=-0.56, Lmax=-0.13
21:20:18 [ultranest] [DEBUG] iteration=4090, ncalls=37781, regioncalls=1538040, ndraw=40, logz=-7.96, remainder_fraction=6.4139%, Lmin=-0.56, Lmax=-0.13
21:20:19 [ultranest] [DEBUG] iteration=4092, ncalls=37794, regioncalls=1538560, ndraw=40, logz=-7.96, remainder_fraction=6.3843%, Lmin=-0.56, Lmax=-0.13
21:20:19 [ultranest] [DEBUG] iteration=4094, ncalls=37841, regioncalls=1540440, ndraw=40, logz=-7.96, remainder_fraction=6.3575%, Lmin=-0.55, Lmax=-0.13
21:20:19 [ultranest] [DEBUG] iteration=4096, ncalls=37853, regioncalls=1540920, ndraw=40, logz=-7.96, remainder_fraction=6.3295%, Lmin=-0.55, Lmax=-0.13
21:20:19 [ultranest] [DEBUG] iteration=4098, ncalls=37867, regioncalls=1541480, ndraw=40, logz=-7.96, remainder_fraction=6.3023%, Lmin=-0.55, Lmax=-0.13
21:20:19 [ultranest] [DEBUG] iteration=4099, ncalls=37880, regioncalls=1542000, ndraw=40, logz=-7.96, remainder_fraction=6.2927%, Lmin=-0.55, Lmax=-0.13
21:20:20 [ultranest] [DEBUG] iteration=4100, ncalls=37903, regioncalls=1542920, ndraw=40, logz=-7.96, remainder_fraction=6.2815%, Lmin=-0.55, Lmax=-0.13
21:20:20 [ultranest] [DEBUG] iteration=4101, ncalls=37922, regioncalls=1543680, ndraw=40, logz=-7.96, remainder_fraction=6.2678%, Lmin=-0.55, Lmax=-0.13
21:20:20 [ultranest] [DEBUG] iteration=4102, ncalls=37958, regioncalls=1545120, ndraw=40, logz=-7.96, remainder_fraction=6.2576%, Lmin=-0.55, Lmax=-0.13
21:20:20 [ultranest] [DEBUG] iteration=4103, ncalls=37969, regioncalls=1545560, ndraw=40, logz=-7.96, remainder_fraction=6.2457%, Lmin=-0.55, Lmax=-0.13
21:20:21 [ultranest] [DEBUG] iteration=4104, ncalls=38003, regioncalls=1546920, ndraw=40, logz=-7.96, remainder_fraction=6.2305%, Lmin=-0.55, Lmax=-0.13
21:20:21 [ultranest] [DEBUG] iteration=4105, ncalls=38044, regioncalls=1548560, ndraw=40, logz=-7.96, remainder_fraction=6.2155%, Lmin=-0.55, Lmax=-0.13
21:20:21 [ultranest] [DEBUG] iteration=4108, ncalls=38074, regioncalls=1549760, ndraw=40, logz=-7.96, remainder_fraction=6.1789%, Lmin=-0.54, Lmax=-0.13
21:20:22 [ultranest] [DEBUG] iteration=4109, ncalls=38084, regioncalls=1550160, ndraw=40, logz=-7.96, remainder_fraction=6.1654%, Lmin=-0.54, Lmax=-0.13
21:20:22 [ultranest] [DEBUG] iteration=4112, ncalls=38122, regioncalls=1551680, ndraw=40, logz=-7.96, remainder_fraction=6.1242%, Lmin=-0.54, Lmax=-0.13
21:20:22 [ultranest] [DEBUG] iteration=4114, ncalls=38150, regioncalls=1552800, ndraw=40, logz=-7.95, remainder_fraction=6.0974%, Lmin=-0.54, Lmax=-0.13
21:20:22 [ultranest] [DEBUG] iteration=4117, ncalls=38159, regioncalls=1553160, ndraw=40, logz=-7.95, remainder_fraction=6.0589%, Lmin=-0.54, Lmax=-0.13
21:20:23 [ultranest] [DEBUG] iteration=4118, ncalls=38179, regioncalls=1553960, ndraw=40, logz=-7.95, remainder_fraction=6.0449%, Lmin=-0.54, Lmax=-0.13
21:20:23 [ultranest] [DEBUG] iteration=4119, ncalls=38202, regioncalls=1554880, ndraw=40, logz=-7.95, remainder_fraction=6.0310%, Lmin=-0.54, Lmax=-0.13
21:20:23 [ultranest] [DEBUG] iteration=4120, ncalls=38246, regioncalls=1556640, ndraw=40, logz=-7.95, remainder_fraction=6.0165%, Lmin=-0.54, Lmax=-0.13
21:20:24 [ultranest] [DEBUG] iteration=4122, ncalls=38273, regioncalls=1557720, ndraw=40, logz=-7.95, remainder_fraction=5.9875%, Lmin=-0.53, Lmax=-0.13
21:20:24 [ultranest] [DEBUG] iteration=4123, ncalls=38285, regioncalls=1558200, ndraw=40, logz=-7.95, remainder_fraction=5.9750%, Lmin=-0.53, Lmax=-0.13
21:20:24 [ultranest] [DEBUG] iteration=4126, ncalls=38308, regioncalls=1559120, ndraw=40, logz=-7.95, remainder_fraction=5.9381%, Lmin=-0.53, Lmax=-0.13
21:20:24 [ultranest] [DEBUG] iteration=4129, ncalls=38319, regioncalls=1559560, ndraw=40, logz=-7.95, remainder_fraction=5.8971%, Lmin=-0.53, Lmax=-0.13
21:20:24 [ultranest] [DEBUG] iteration=4130, ncalls=38330, regioncalls=1560000, ndraw=40, logz=-7.95, remainder_fraction=5.8855%, Lmin=-0.53, Lmax=-0.13
21:20:25 [ultranest] [DEBUG] iteration=4131, ncalls=38339, regioncalls=1560360, ndraw=40, logz=-7.95, remainder_fraction=5.8717%, Lmin=-0.53, Lmax=-0.13
21:20:25 [ultranest] [DEBUG] iteration=4132, ncalls=38358, regioncalls=1561120, ndraw=40, logz=-7.95, remainder_fraction=5.8574%, Lmin=-0.53, Lmax=-0.13
21:20:25 [ultranest] [DEBUG] iteration=4134, ncalls=38367, regioncalls=1561480, ndraw=40, logz=-7.95, remainder_fraction=5.8339%, Lmin=-0.53, Lmax=-0.13
21:20:25 [ultranest] [DEBUG] iteration=4136, ncalls=38391, regioncalls=1562440, ndraw=40, logz=-7.95, remainder_fraction=5.8097%, Lmin=-0.53, Lmax=-0.13
21:20:25 [ultranest] [DEBUG] iteration=4140, ncalls=38400, regioncalls=1562880, ndraw=40, logz=-7.95, remainder_fraction=5.7658%, Lmin=-0.53, Lmax=-0.13
21:20:25 [ultranest] [DEBUG] iteration=4141, ncalls=38414, regioncalls=1563440, ndraw=40, logz=-7.95, remainder_fraction=5.7521%, Lmin=-0.53, Lmax=-0.13
21:20:26 [ultranest] [DEBUG] iteration=4143, ncalls=38423, regioncalls=1563800, ndraw=40, logz=-7.95, remainder_fraction=5.7268%, Lmin=-0.53, Lmax=-0.13
21:20:26 [ultranest] [DEBUG] iteration=4145, ncalls=38433, regioncalls=1564200, ndraw=40, logz=-7.95, remainder_fraction=5.7032%, Lmin=-0.53, Lmax=-0.13
21:20:26 [ultranest] [DEBUG] iteration=4147, ncalls=38450, regioncalls=1564880, ndraw=40, logz=-7.95, remainder_fraction=5.6816%, Lmin=-0.52, Lmax=-0.13
21:20:26 [ultranest] [DEBUG] iteration=4148, ncalls=38465, regioncalls=1565480, ndraw=40, logz=-7.95, remainder_fraction=5.6676%, Lmin=-0.52, Lmax=-0.13
21:20:26 [ultranest] [DEBUG] iteration=4150, ncalls=38484, regioncalls=1566240, ndraw=40, logz=-7.95, remainder_fraction=5.6450%, Lmin=-0.52, Lmax=-0.13
21:20:26 [ultranest] [DEBUG] iteration=4151, ncalls=38495, regioncalls=1566680, ndraw=40, logz=-7.95, remainder_fraction=5.6313%, Lmin=-0.52, Lmax=-0.13
21:20:27 [ultranest] [DEBUG] iteration=4152, ncalls=38518, regioncalls=1567600, ndraw=40, logz=-7.95, remainder_fraction=5.6202%, Lmin=-0.52, Lmax=-0.13
21:20:27 [ultranest] [DEBUG] iteration=4155, ncalls=38533, regioncalls=1568200, ndraw=40, logz=-7.95, remainder_fraction=5.5845%, Lmin=-0.52, Lmax=-0.13
21:20:27 [ultranest] [DEBUG] iteration=4157, ncalls=38556, regioncalls=1569120, ndraw=40, logz=-7.95, remainder_fraction=5.5615%, Lmin=-0.52, Lmax=-0.13
21:20:27 [ultranest] [DEBUG] iteration=4159, ncalls=38566, regioncalls=1569520, ndraw=40, logz=-7.95, remainder_fraction=5.5385%, Lmin=-0.52, Lmax=-0.13
21:20:27 [ultranest] [DEBUG] iteration=4160, ncalls=38593, regioncalls=1570600, ndraw=40, logz=-7.95, remainder_fraction=5.5264%, Lmin=-0.52, Lmax=-0.13
21:20:28 [ultranest] [DEBUG] iteration=4162, ncalls=38607, regioncalls=1571160, ndraw=40, logz=-7.95, remainder_fraction=5.5005%, Lmin=-0.52, Lmax=-0.13
21:20:28 [ultranest] [DEBUG] iteration=4164, ncalls=38617, regioncalls=1571560, ndraw=40, logz=-7.95, remainder_fraction=5.4784%, Lmin=-0.52, Lmax=-0.13
21:20:28 [ultranest] [DEBUG] iteration=4166, ncalls=38629, regioncalls=1572040, ndraw=40, logz=-7.95, remainder_fraction=5.4530%, Lmin=-0.52, Lmax=-0.13
21:20:28 [ultranest] [DEBUG] iteration=4168, ncalls=38640, regioncalls=1572480, ndraw=40, logz=-7.95, remainder_fraction=5.4295%, Lmin=-0.52, Lmax=-0.13
21:20:28 [ultranest] [DEBUG] iteration=4170, ncalls=38661, regioncalls=1573320, ndraw=40, logz=-7.95, remainder_fraction=5.4066%, Lmin=-0.52, Lmax=-0.13
21:20:28 [ultranest] [DEBUG] iteration=4171, ncalls=38672, regioncalls=1573760, ndraw=40, logz=-7.95, remainder_fraction=5.3945%, Lmin=-0.52, Lmax=-0.13
21:20:29 [ultranest] [DEBUG] iteration=4173, ncalls=38703, regioncalls=1575000, ndraw=40, logz=-7.95, remainder_fraction=5.3749%, Lmin=-0.51, Lmax=-0.13
21:20:29 [ultranest] [DEBUG] iteration=4176, ncalls=38716, regioncalls=1575520, ndraw=40, logz=-7.95, remainder_fraction=5.3392%, Lmin=-0.51, Lmax=-0.13
21:20:29 [ultranest] [DEBUG] iteration=4177, ncalls=38726, regioncalls=1575920, ndraw=40, logz=-7.95, remainder_fraction=5.3284%, Lmin=-0.51, Lmax=-0.13
21:20:29 [ultranest] [DEBUG] iteration=4178, ncalls=38741, regioncalls=1576520, ndraw=40, logz=-7.95, remainder_fraction=5.3159%, Lmin=-0.51, Lmax=-0.13
21:20:29 [ultranest] [DEBUG] iteration=4180, ncalls=38751, regioncalls=1576920, ndraw=40, logz=-7.95, remainder_fraction=5.2917%, Lmin=-0.51, Lmax=-0.13
21:20:29 [ultranest] [DEBUG] iteration=4183, ncalls=38764, regioncalls=1577440, ndraw=40, logz=-7.95, remainder_fraction=5.2546%, Lmin=-0.51, Lmax=-0.13
21:20:29 [ultranest] [DEBUG] iteration=4184, ncalls=38774, regioncalls=1577840, ndraw=40, logz=-7.95, remainder_fraction=5.2417%, Lmin=-0.51, Lmax=-0.13
21:20:30 [ultranest] [DEBUG] iteration=4185, ncalls=38789, regioncalls=1578440, ndraw=40, logz=-7.95, remainder_fraction=5.2292%, Lmin=-0.51, Lmax=-0.13
21:20:30 [ultranest] [DEBUG] iteration=4186, ncalls=38814, regioncalls=1579440, ndraw=40, logz=-7.95, remainder_fraction=5.2168%, Lmin=-0.51, Lmax=-0.13
21:20:30 [ultranest] [DEBUG] iteration=4188, ncalls=38832, regioncalls=1580160, ndraw=40, logz=-7.95, remainder_fraction=5.1929%, Lmin=-0.51, Lmax=-0.13
21:20:30 [ultranest] [DEBUG] iteration=4189, ncalls=38858, regioncalls=1581200, ndraw=40, logz=-7.95, remainder_fraction=5.1814%, Lmin=-0.51, Lmax=-0.13
21:20:31 [ultranest] [DEBUG] iteration=4191, ncalls=38880, regioncalls=1582080, ndraw=40, logz=-7.94, remainder_fraction=5.1598%, Lmin=-0.51, Lmax=-0.13
21:20:31 [ultranest] [DEBUG] iteration=4193, ncalls=38896, regioncalls=1582720, ndraw=40, logz=-7.94, remainder_fraction=5.1367%, Lmin=-0.51, Lmax=-0.13
21:20:31 [ultranest] [DEBUG] iteration=4196, ncalls=38909, regioncalls=1583240, ndraw=40, logz=-7.94, remainder_fraction=5.1012%, Lmin=-0.51, Lmax=-0.13
21:20:31 [ultranest] [DEBUG] iteration=4198, ncalls=38925, regioncalls=1583880, ndraw=40, logz=-7.94, remainder_fraction=5.0784%, Lmin=-0.50, Lmax=-0.13
21:20:31 [ultranest] [DEBUG] iteration=4200, ncalls=38945, regioncalls=1584680, ndraw=40, logz=-7.94, remainder_fraction=5.0587%, Lmin=-0.50, Lmax=-0.13
21:20:31 [ultranest] [DEBUG] iteration=4202, ncalls=38962, regioncalls=1585360, ndraw=40, logz=-7.94, remainder_fraction=5.0352%, Lmin=-0.50, Lmax=-0.13
21:20:32 [ultranest] [DEBUG] iteration=4203, ncalls=38980, regioncalls=1586080, ndraw=40, logz=-7.94, remainder_fraction=5.0243%, Lmin=-0.50, Lmax=-0.13
21:20:32 [ultranest] [DEBUG] iteration=4204, ncalls=39004, regioncalls=1587040, ndraw=40, logz=-7.94, remainder_fraction=5.0138%, Lmin=-0.50, Lmax=-0.13
21:20:32 [ultranest] [DEBUG] iteration=4205, ncalls=39015, regioncalls=1587480, ndraw=40, logz=-7.94, remainder_fraction=5.0015%, Lmin=-0.50, Lmax=-0.13
21:20:32 [ultranest] [DEBUG] iteration=4206, ncalls=39038, regioncalls=1588400, ndraw=40, logz=-7.94, remainder_fraction=4.9904%, Lmin=-0.50, Lmax=-0.13
21:20:33 [ultranest] [DEBUG] iteration=4207, ncalls=39067, regioncalls=1589560, ndraw=40, logz=-7.94, remainder_fraction=4.9787%, Lmin=-0.50, Lmax=-0.13
21:20:33 [ultranest] [DEBUG] iteration=4210, ncalls=39096, regioncalls=1590720, ndraw=40, logz=-7.94, remainder_fraction=4.9464%, Lmin=-0.50, Lmax=-0.13
21:20:33 [ultranest] [DEBUG] iteration=4213, ncalls=39105, regioncalls=1591080, ndraw=40, logz=-7.94, remainder_fraction=4.9131%, Lmin=-0.50, Lmax=-0.13
21:20:33 [ultranest] [DEBUG] iteration=4215, ncalls=39128, regioncalls=1592000, ndraw=40, logz=-7.94, remainder_fraction=4.8895%, Lmin=-0.50, Lmax=-0.13
21:20:33 [ultranest] [DEBUG] iteration=4216, ncalls=39140, regioncalls=1592480, ndraw=40, logz=-7.94, remainder_fraction=4.8815%, Lmin=-0.50, Lmax=-0.13
21:20:34 [ultranest] [DEBUG] iteration=4217, ncalls=39202, regioncalls=1594960, ndraw=40, logz=-7.94, remainder_fraction=4.8698%, Lmin=-0.50, Lmax=-0.13
21:20:34 [ultranest] [DEBUG] iteration=4219, ncalls=39225, regioncalls=1595880, ndraw=40, logz=-7.94, remainder_fraction=4.8491%, Lmin=-0.50, Lmax=-0.13
21:20:34 [ultranest] [DEBUG] iteration=4220, ncalls=39235, regioncalls=1596280, ndraw=40, logz=-7.94, remainder_fraction=4.8407%, Lmin=-0.49, Lmax=-0.13
21:20:35 [ultranest] [DEBUG] iteration=4221, ncalls=39247, regioncalls=1596760, ndraw=40, logz=-7.94, remainder_fraction=4.8292%, Lmin=-0.49, Lmax=-0.13
21:20:35 [ultranest] [DEBUG] iteration=4223, ncalls=39257, regioncalls=1597160, ndraw=40, logz=-7.94, remainder_fraction=4.8071%, Lmin=-0.49, Lmax=-0.13
21:20:35 [ultranest] [DEBUG] iteration=4224, ncalls=39268, regioncalls=1597600, ndraw=40, logz=-7.94, remainder_fraction=4.7971%, Lmin=-0.49, Lmax=-0.13
21:20:35 [ultranest] [DEBUG] iteration=4226, ncalls=39281, regioncalls=1598120, ndraw=40, logz=-7.94, remainder_fraction=4.7767%, Lmin=-0.49, Lmax=-0.13
21:20:35 [ultranest] [DEBUG] iteration=4228, ncalls=39304, regioncalls=1599040, ndraw=40, logz=-7.94, remainder_fraction=4.7551%, Lmin=-0.49, Lmax=-0.13
21:20:35 [ultranest] [DEBUG] iteration=4230, ncalls=39314, regioncalls=1599440, ndraw=40, logz=-7.94, remainder_fraction=4.7355%, Lmin=-0.49, Lmax=-0.13
21:20:36 [ultranest] [DEBUG] iteration=4231, ncalls=39336, regioncalls=1600320, ndraw=40, logz=-7.94, remainder_fraction=4.7259%, Lmin=-0.49, Lmax=-0.13
21:20:36 [ultranest] [DEBUG] iteration=4233, ncalls=39353, regioncalls=1601000, ndraw=40, logz=-7.94, remainder_fraction=4.7047%, Lmin=-0.49, Lmax=-0.13
21:20:36 [ultranest] [DEBUG] iteration=4234, ncalls=39372, regioncalls=1601760, ndraw=40, logz=-7.94, remainder_fraction=4.6964%, Lmin=-0.49, Lmax=-0.13
21:20:36 [ultranest] [DEBUG] iteration=4236, ncalls=39398, regioncalls=1602800, ndraw=40, logz=-7.94, remainder_fraction=4.6745%, Lmin=-0.49, Lmax=-0.13
21:20:36 [ultranest] [DEBUG] iteration=4237, ncalls=39408, regioncalls=1603200, ndraw=40, logz=-7.94, remainder_fraction=4.6637%, Lmin=-0.49, Lmax=-0.13
21:20:36 [ultranest] [DEBUG] iteration=4240, ncalls=39421, regioncalls=1603720, ndraw=40, logz=-7.94, remainder_fraction=4.6300%, Lmin=-0.49, Lmax=-0.13
21:20:37 [ultranest] [DEBUG] iteration=4243, ncalls=39431, regioncalls=1604120, ndraw=40, logz=-7.94, remainder_fraction=4.5995%, Lmin=-0.49, Lmax=-0.13
21:20:37 [ultranest] [DEBUG] iteration=4244, ncalls=39440, regioncalls=1604480, ndraw=40, logz=-7.94, remainder_fraction=4.5885%, Lmin=-0.49, Lmax=-0.13
21:20:37 [ultranest] [DEBUG] iteration=4245, ncalls=39451, regioncalls=1604920, ndraw=40, logz=-7.94, remainder_fraction=4.5775%, Lmin=-0.49, Lmax=-0.13
21:20:37 [ultranest] [DEBUG] iteration=4247, ncalls=39508, regioncalls=1607200, ndraw=40, logz=-7.94, remainder_fraction=4.5578%, Lmin=-0.49, Lmax=-0.13
21:20:38 [ultranest] [DEBUG] iteration=4248, ncalls=39570, regioncalls=1609680, ndraw=40, logz=-7.94, remainder_fraction=4.5468%, Lmin=-0.48, Lmax=-0.13
21:20:38 [ultranest] [DEBUG] iteration=4249, ncalls=39581, regioncalls=1610120, ndraw=40, logz=-7.94, remainder_fraction=4.5361%, Lmin=-0.48, Lmax=-0.13
21:20:38 [ultranest] [DEBUG] iteration=4250, ncalls=39598, regioncalls=1610800, ndraw=40, logz=-7.94, remainder_fraction=4.5259%, Lmin=-0.48, Lmax=-0.13
21:20:39 [ultranest] [DEBUG] iteration=4253, ncalls=39612, regioncalls=1611360, ndraw=40, logz=-7.94, remainder_fraction=4.4960%, Lmin=-0.48, Lmax=-0.13
21:20:39 [ultranest] [DEBUG] iteration=4257, ncalls=39635, regioncalls=1612280, ndraw=40, logz=-7.94, remainder_fraction=4.4564%, Lmin=-0.48, Lmax=-0.13
21:20:39 [ultranest] [DEBUG] iteration=4258, ncalls=39644, regioncalls=1612640, ndraw=40, logz=-7.94, remainder_fraction=4.4471%, Lmin=-0.48, Lmax=-0.13
21:20:39 [ultranest] [DEBUG] iteration=4259, ncalls=39662, regioncalls=1613360, ndraw=40, logz=-7.94, remainder_fraction=4.4368%, Lmin=-0.48, Lmax=-0.13
21:20:39 [ultranest] [DEBUG] iteration=4260, ncalls=39672, regioncalls=1613760, ndraw=40, logz=-7.94, remainder_fraction=4.4271%, Lmin=-0.48, Lmax=-0.13
21:20:40 [ultranest] [DEBUG] iteration=4261, ncalls=39705, regioncalls=1615080, ndraw=40, logz=-7.94, remainder_fraction=4.4172%, Lmin=-0.48, Lmax=-0.13
21:20:40 [ultranest] [DEBUG] iteration=4262, ncalls=39719, regioncalls=1615640, ndraw=40, logz=-7.94, remainder_fraction=4.4086%, Lmin=-0.48, Lmax=-0.13
21:20:40 [ultranest] [DEBUG] iteration=4263, ncalls=39778, regioncalls=1618000, ndraw=40, logz=-7.94, remainder_fraction=4.3994%, Lmin=-0.48, Lmax=-0.13
21:20:41 [ultranest] [DEBUG] iteration=4265, ncalls=39816, regioncalls=1619520, ndraw=40, logz=-7.94, remainder_fraction=4.3787%, Lmin=-0.48, Lmax=-0.13
21:20:41 [ultranest] [DEBUG] iteration=4266, ncalls=39838, regioncalls=1620400, ndraw=40, logz=-7.94, remainder_fraction=4.3680%, Lmin=-0.47, Lmax=-0.13
21:20:41 [ultranest] [DEBUG] iteration=4267, ncalls=39849, regioncalls=1620840, ndraw=40, logz=-7.94, remainder_fraction=4.3574%, Lmin=-0.47, Lmax=-0.13
21:20:41 [ultranest] [DEBUG] iteration=4269, ncalls=39876, regioncalls=1621920, ndraw=40, logz=-7.94, remainder_fraction=4.3405%, Lmin=-0.47, Lmax=-0.13
21:20:41 [ultranest] [DEBUG] iteration=4270, ncalls=39889, regioncalls=1622440, ndraw=40, logz=-7.94, remainder_fraction=4.3327%, Lmin=-0.47, Lmax=-0.13
21:20:42 [ultranest] [DEBUG] iteration=4271, ncalls=39902, regioncalls=1622960, ndraw=40, logz=-7.94, remainder_fraction=4.3246%, Lmin=-0.47, Lmax=-0.13
21:20:42 [ultranest] [DEBUG] iteration=4273, ncalls=39915, regioncalls=1623480, ndraw=40, logz=-7.94, remainder_fraction=4.3034%, Lmin=-0.47, Lmax=-0.13
21:20:42 [ultranest] [DEBUG] iteration=4274, ncalls=39944, regioncalls=1624640, ndraw=40, logz=-7.94, remainder_fraction=4.2954%, Lmin=-0.47, Lmax=-0.13
21:20:42 [ultranest] [DEBUG] iteration=4276, ncalls=39954, regioncalls=1625040, ndraw=40, logz=-7.94, remainder_fraction=4.2752%, Lmin=-0.47, Lmax=-0.13
21:20:42 [ultranest] [DEBUG] iteration=4277, ncalls=39970, regioncalls=1625680, ndraw=40, logz=-7.94, remainder_fraction=4.2649%, Lmin=-0.47, Lmax=-0.13
21:20:43 [ultranest] [DEBUG] iteration=4279, ncalls=40013, regioncalls=1627400, ndraw=40, logz=-7.94, remainder_fraction=4.2469%, Lmin=-0.47, Lmax=-0.13
21:20:43 [ultranest] [DEBUG] iteration=4280, ncalls=40030, regioncalls=1628080, ndraw=40, logz=-7.94, remainder_fraction=4.2377%, Lmin=-0.47, Lmax=-0.13
21:20:43 [ultranest] [DEBUG] iteration=4282, ncalls=40051, regioncalls=1628920, ndraw=40, logz=-7.94, remainder_fraction=4.2185%, Lmin=-0.47, Lmax=-0.13
21:20:44 [ultranest] [DEBUG] iteration=4283, ncalls=40076, regioncalls=1629920, ndraw=40, logz=-7.93, remainder_fraction=4.2082%, Lmin=-0.46, Lmax=-0.13
21:20:44 [ultranest] [DEBUG] iteration=4285, ncalls=40085, regioncalls=1630280, ndraw=40, logz=-7.93, remainder_fraction=4.1905%, Lmin=-0.46, Lmax=-0.13
21:20:44 [ultranest] [DEBUG] iteration=4287, ncalls=40106, regioncalls=1631120, ndraw=40, logz=-7.93, remainder_fraction=4.1726%, Lmin=-0.46, Lmax=-0.13
21:20:44 [ultranest] [DEBUG] iteration=4289, ncalls=40125, regioncalls=1631880, ndraw=40, logz=-7.93, remainder_fraction=4.1547%, Lmin=-0.46, Lmax=-0.13
21:20:44 [ultranest] [DEBUG] iteration=4290, ncalls=40148, regioncalls=1632800, ndraw=40, logz=-7.93, remainder_fraction=4.1446%, Lmin=-0.46, Lmax=-0.13
21:20:45 [ultranest] [DEBUG] iteration=4291, ncalls=40193, regioncalls=1634600, ndraw=40, logz=-7.93, remainder_fraction=4.1346%, Lmin=-0.46, Lmax=-0.13
21:20:45 [ultranest] [DEBUG] iteration=4292, ncalls=40229, regioncalls=1636040, ndraw=40, logz=-7.93, remainder_fraction=4.1244%, Lmin=-0.46, Lmax=-0.13
21:20:45 [ultranest] [DEBUG] iteration=4293, ncalls=40259, regioncalls=1637240, ndraw=40, logz=-7.93, remainder_fraction=4.1146%, Lmin=-0.46, Lmax=-0.13
21:20:46 [ultranest] [DEBUG] iteration=4295, ncalls=40268, regioncalls=1637600, ndraw=40, logz=-7.93, remainder_fraction=4.0949%, Lmin=-0.46, Lmax=-0.13
21:20:46 [ultranest] [DEBUG] iteration=4296, ncalls=40282, regioncalls=1638160, ndraw=40, logz=-7.93, remainder_fraction=4.0859%, Lmin=-0.46, Lmax=-0.13
21:20:46 [ultranest] [DEBUG] iteration=4297, ncalls=40306, regioncalls=1639120, ndraw=40, logz=-7.93, remainder_fraction=4.0764%, Lmin=-0.46, Lmax=-0.13
21:20:46 [ultranest] [DEBUG] iteration=4301, ncalls=40325, regioncalls=1639880, ndraw=40, logz=-7.93, remainder_fraction=4.0400%, Lmin=-0.46, Lmax=-0.13
21:20:47 [ultranest] [DEBUG] iteration=4302, ncalls=40373, regioncalls=1641800, ndraw=40, logz=-7.93, remainder_fraction=4.0304%, Lmin=-0.46, Lmax=-0.13
21:20:47 [ultranest] [DEBUG] iteration=4303, ncalls=40383, regioncalls=1642200, ndraw=40, logz=-7.93, remainder_fraction=4.0211%, Lmin=-0.46, Lmax=-0.13
21:20:47 [ultranest] [DEBUG] iteration=4306, ncalls=40420, regioncalls=1643680, ndraw=40, logz=-7.93, remainder_fraction=3.9943%, Lmin=-0.46, Lmax=-0.13
21:20:47 [ultranest] [DEBUG] iteration=4308, ncalls=40437, regioncalls=1644360, ndraw=40, logz=-7.93, remainder_fraction=3.9760%, Lmin=-0.46, Lmax=-0.13
21:20:48 [ultranest] [DEBUG] iteration=4309, ncalls=40468, regioncalls=1645600, ndraw=40, logz=-7.93, remainder_fraction=3.9663%, Lmin=-0.46, Lmax=-0.13
21:20:48 [ultranest] [DEBUG] iteration=4310, ncalls=40478, regioncalls=1646000, ndraw=40, logz=-7.93, remainder_fraction=3.9576%, Lmin=-0.46, Lmax=-0.13
21:20:48 [ultranest] [DEBUG] iteration=4312, ncalls=40517, regioncalls=1647560, ndraw=40, logz=-7.93, remainder_fraction=3.9389%, Lmin=-0.45, Lmax=-0.13
21:20:49 [ultranest] [DEBUG] iteration=4313, ncalls=40548, regioncalls=1648800, ndraw=40, logz=-7.93, remainder_fraction=3.9299%, Lmin=-0.45, Lmax=-0.13
21:20:49 [ultranest] [DEBUG] iteration=4314, ncalls=40585, regioncalls=1650280, ndraw=40, logz=-7.93, remainder_fraction=3.9203%, Lmin=-0.45, Lmax=-0.13
21:20:49 [ultranest] [DEBUG] iteration=4315, ncalls=40604, regioncalls=1651040, ndraw=40, logz=-7.93, remainder_fraction=3.9110%, Lmin=-0.45, Lmax=-0.13
21:20:49 [ultranest] [DEBUG] iteration=4317, ncalls=40619, regioncalls=1651640, ndraw=40, logz=-7.93, remainder_fraction=3.8944%, Lmin=-0.45, Lmax=-0.13
21:20:50 [ultranest] [DEBUG] iteration=4318, ncalls=40658, regioncalls=1653200, ndraw=40, logz=-7.93, remainder_fraction=3.8850%, Lmin=-0.45, Lmax=-0.13
21:20:50 [ultranest] [DEBUG] iteration=4319, ncalls=40672, regioncalls=1653760, ndraw=40, logz=-7.93, remainder_fraction=3.8760%, Lmin=-0.45, Lmax=-0.13
21:20:50 [ultranest] [DEBUG] iteration=4320, ncalls=40676, regioncalls=1653960, ndraw=40, logz=-7.93, remainder_fraction=3.8664%, Lmin=-0.45, Lmax=-0.13
21:20:50 [ultranest] [DEBUG] iteration=4321, ncalls=40689, regioncalls=1654680, ndraw=40, logz=-7.93, remainder_fraction=3.8571%, Lmin=-0.45, Lmax=-0.13
21:20:50 [ultranest] [DEBUG] iteration=4322, ncalls=40709, regioncalls=1655480, ndraw=40, logz=-7.93, remainder_fraction=3.8483%, Lmin=-0.45, Lmax=-0.13
21:20:50 [ultranest] [DEBUG] iteration=4323, ncalls=40723, regioncalls=1656040, ndraw=40, logz=-7.93, remainder_fraction=3.8396%, Lmin=-0.45, Lmax=-0.13
21:20:51 [ultranest] [DEBUG] iteration=4327, ncalls=40733, regioncalls=1656440, ndraw=40, logz=-7.93, remainder_fraction=3.8065%, Lmin=-0.45, Lmax=-0.13
21:20:51 [ultranest] [DEBUG] iteration=4328, ncalls=40757, regioncalls=1657400, ndraw=40, logz=-7.93, remainder_fraction=3.7997%, Lmin=-0.45, Lmax=-0.13
21:20:51 [ultranest] [DEBUG] iteration=4330, ncalls=40777, regioncalls=1658200, ndraw=40, logz=-7.93, remainder_fraction=3.7834%, Lmin=-0.45, Lmax=-0.13
21:20:51 [ultranest] [DEBUG] iteration=4333, ncalls=40797, regioncalls=1659000, ndraw=40, logz=-7.93, remainder_fraction=3.7562%, Lmin=-0.45, Lmax=-0.13
21:20:52 [ultranest] [DEBUG] iteration=4334, ncalls=40819, regioncalls=1659880, ndraw=40, logz=-7.93, remainder_fraction=3.7474%, Lmin=-0.45, Lmax=-0.13
21:20:52 [ultranest] [DEBUG] iteration=4335, ncalls=40832, regioncalls=1660400, ndraw=40, logz=-7.93, remainder_fraction=3.7394%, Lmin=-0.45, Lmax=-0.13
21:20:52 [ultranest] [DEBUG] iteration=4336, ncalls=40860, regioncalls=1661520, ndraw=40, logz=-7.93, remainder_fraction=3.7305%, Lmin=-0.45, Lmax=-0.13
21:20:52 [ultranest] [DEBUG] iteration=4337, ncalls=40869, regioncalls=1661880, ndraw=40, logz=-7.93, remainder_fraction=3.7241%, Lmin=-0.45, Lmax=-0.13
21:20:52 [ultranest] [DEBUG] iteration=4338, ncalls=40884, regioncalls=1662480, ndraw=40, logz=-7.93, remainder_fraction=3.7160%, Lmin=-0.45, Lmax=-0.13
21:20:53 [ultranest] [DEBUG] iteration=4341, ncalls=40921, regioncalls=1663960, ndraw=40, logz=-7.93, remainder_fraction=3.6896%, Lmin=-0.45, Lmax=-0.13
21:20:53 [ultranest] [DEBUG] iteration=4344, ncalls=40937, regioncalls=1664600, ndraw=40, logz=-7.93, remainder_fraction=3.6629%, Lmin=-0.45, Lmax=-0.13
21:20:53 [ultranest] [DEBUG] iteration=4347, ncalls=40982, regioncalls=1666400, ndraw=40, logz=-7.93, remainder_fraction=3.6377%, Lmin=-0.44, Lmax=-0.13
21:20:53 [ultranest] [DEBUG] iteration=4348, ncalls=40993, regioncalls=1666840, ndraw=40, logz=-7.93, remainder_fraction=3.6298%, Lmin=-0.44, Lmax=-0.13
21:20:54 [ultranest] [DEBUG] iteration=4351, ncalls=41006, regioncalls=1667360, ndraw=40, logz=-7.93, remainder_fraction=3.6041%, Lmin=-0.44, Lmax=-0.13
21:20:54 [ultranest] [DEBUG] iteration=4352, ncalls=41048, regioncalls=1669040, ndraw=40, logz=-7.93, remainder_fraction=3.5974%, Lmin=-0.44, Lmax=-0.13
21:20:54 [ultranest] [DEBUG] iteration=4354, ncalls=41085, regioncalls=1670520, ndraw=40, logz=-7.93, remainder_fraction=3.5824%, Lmin=-0.44, Lmax=-0.13
21:20:55 [ultranest] [DEBUG] iteration=4357, ncalls=41107, regioncalls=1671400, ndraw=40, logz=-7.93, remainder_fraction=3.5566%, Lmin=-0.44, Lmax=-0.13
21:20:55 [ultranest] [DEBUG] iteration=4359, ncalls=41118, regioncalls=1671840, ndraw=40, logz=-7.93, remainder_fraction=3.5409%, Lmin=-0.44, Lmax=-0.13
21:20:55 [ultranest] [DEBUG] iteration=4360, ncalls=41142, regioncalls=1672800, ndraw=40, logz=-7.93, remainder_fraction=3.5334%, Lmin=-0.44, Lmax=-0.13
21:20:55 [ultranest] [DEBUG] iteration=4361, ncalls=41167, regioncalls=1673800, ndraw=40, logz=-7.93, remainder_fraction=3.5256%, Lmin=-0.44, Lmax=-0.13
21:20:55 [ultranest] [DEBUG] iteration=4362, ncalls=41177, regioncalls=1674200, ndraw=40, logz=-7.93, remainder_fraction=3.5181%, Lmin=-0.44, Lmax=-0.13
21:20:56 [ultranest] [DEBUG] iteration=4365, ncalls=41212, regioncalls=1675600, ndraw=40, logz=-7.93, remainder_fraction=3.4956%, Lmin=-0.44, Lmax=-0.13
21:20:56 [ultranest] [DEBUG] iteration=4367, ncalls=41245, regioncalls=1676920, ndraw=40, logz=-7.93, remainder_fraction=3.4796%, Lmin=-0.44, Lmax=-0.13
21:20:56 [ultranest] [DEBUG] iteration=4368, ncalls=41259, regioncalls=1677480, ndraw=40, logz=-7.93, remainder_fraction=3.4716%, Lmin=-0.44, Lmax=-0.13
21:20:56 [ultranest] [DEBUG] iteration=4371, ncalls=41269, regioncalls=1677880, ndraw=40, logz=-7.93, remainder_fraction=3.4471%, Lmin=-0.44, Lmax=-0.13
21:20:57 [ultranest] [DEBUG] iteration=4372, ncalls=41284, regioncalls=1678480, ndraw=40, logz=-7.93, remainder_fraction=3.4386%, Lmin=-0.44, Lmax=-0.13
21:20:57 [ultranest] [DEBUG] iteration=4373, ncalls=41314, regioncalls=1679680, ndraw=40, logz=-7.93, remainder_fraction=3.4320%, Lmin=-0.44, Lmax=-0.13
21:20:57 [ultranest] [DEBUG] iteration=4375, ncalls=41345, regioncalls=1680920, ndraw=40, logz=-7.93, remainder_fraction=3.4183%, Lmin=-0.44, Lmax=-0.13
21:20:57 [ultranest] [DEBUG] iteration=4376, ncalls=41356, regioncalls=1681360, ndraw=40, logz=-7.93, remainder_fraction=3.4110%, Lmin=-0.44, Lmax=-0.13
21:20:57 [ultranest] [DEBUG] iteration=4378, ncalls=41371, regioncalls=1681960, ndraw=40, logz=-7.93, remainder_fraction=3.3950%, Lmin=-0.43, Lmax=-0.13
21:20:58 [ultranest] [DEBUG] iteration=4379, ncalls=41381, regioncalls=1682360, ndraw=40, logz=-7.93, remainder_fraction=3.3867%, Lmin=-0.43, Lmax=-0.13
21:20:58 [ultranest] [DEBUG] iteration=4381, ncalls=41392, regioncalls=1682800, ndraw=40, logz=-7.93, remainder_fraction=3.3715%, Lmin=-0.43, Lmax=-0.13
21:20:58 [ultranest] [DEBUG] iteration=4382, ncalls=41406, regioncalls=1683360, ndraw=40, logz=-7.93, remainder_fraction=3.3632%, Lmin=-0.43, Lmax=-0.13
21:20:58 [ultranest] [DEBUG] iteration=4383, ncalls=41435, regioncalls=1684520, ndraw=40, logz=-7.93, remainder_fraction=3.3564%, Lmin=-0.43, Lmax=-0.13
21:20:58 [ultranest] [DEBUG] iteration=4384, ncalls=41453, regioncalls=1685240, ndraw=40, logz=-7.93, remainder_fraction=3.3481%, Lmin=-0.43, Lmax=-0.13
21:20:59 [ultranest] [DEBUG] iteration=4386, ncalls=41487, regioncalls=1686600, ndraw=40, logz=-7.93, remainder_fraction=3.3324%, Lmin=-0.43, Lmax=-0.13
21:20:59 [ultranest] [DEBUG] iteration=4387, ncalls=41496, regioncalls=1686960, ndraw=40, logz=-7.93, remainder_fraction=3.3250%, Lmin=-0.43, Lmax=-0.13
21:20:59 [ultranest] [DEBUG] iteration=4389, ncalls=41509, regioncalls=1687480, ndraw=40, logz=-7.93, remainder_fraction=3.3098%, Lmin=-0.43, Lmax=-0.13
21:20:59 [ultranest] [DEBUG] iteration=4390, ncalls=41532, regioncalls=1688400, ndraw=40, logz=-7.93, remainder_fraction=3.3023%, Lmin=-0.43, Lmax=-0.13
21:21:00 [ultranest] [DEBUG] iteration=4391, ncalls=41565, regioncalls=1689720, ndraw=40, logz=-7.93, remainder_fraction=3.2947%, Lmin=-0.43, Lmax=-0.13
21:21:00 [ultranest] [DEBUG] iteration=4394, ncalls=41590, regioncalls=1690920, ndraw=40, logz=-7.93, remainder_fraction=3.2724%, Lmin=-0.43, Lmax=-0.13
21:21:00 [ultranest] [DEBUG] iteration=4395, ncalls=41611, regioncalls=1691760, ndraw=40, logz=-7.93, remainder_fraction=3.2659%, Lmin=-0.43, Lmax=-0.13
21:21:00 [ultranest] [DEBUG] iteration=4397, ncalls=41622, regioncalls=1692200, ndraw=40, logz=-7.93, remainder_fraction=3.2527%, Lmin=-0.43, Lmax=-0.13
21:21:00 [ultranest] [DEBUG] iteration=4399, ncalls=41638, regioncalls=1692840, ndraw=40, logz=-7.92, remainder_fraction=3.2381%, Lmin=-0.43, Lmax=-0.13
21:21:01 [ultranest] [DEBUG] iteration=4400, ncalls=41684, regioncalls=1694680, ndraw=40, logz=-7.92, remainder_fraction=3.2303%, Lmin=-0.43, Lmax=-0.13
21:21:01 [ultranest] [DEBUG] iteration=4401, ncalls=41745, regioncalls=1697120, ndraw=40, logz=-7.92, remainder_fraction=3.2227%, Lmin=-0.43, Lmax=-0.13
21:21:02 [ultranest] [DEBUG] iteration=4403, ncalls=41755, regioncalls=1697520, ndraw=40, logz=-7.92, remainder_fraction=3.2078%, Lmin=-0.43, Lmax=-0.13
21:21:02 [ultranest] [DEBUG] iteration=4405, ncalls=41798, regioncalls=1699240, ndraw=40, logz=-7.92, remainder_fraction=3.1944%, Lmin=-0.43, Lmax=-0.13
21:21:02 [ultranest] [DEBUG] iteration=4407, ncalls=41843, regioncalls=1701040, ndraw=40, logz=-7.92, remainder_fraction=3.1807%, Lmin=-0.43, Lmax=-0.13
21:21:03 [ultranest] [DEBUG] iteration=4408, ncalls=41854, regioncalls=1701480, ndraw=40, logz=-7.92, remainder_fraction=3.1742%, Lmin=-0.42, Lmax=-0.13
21:21:03 [ultranest] [DEBUG] iteration=4411, ncalls=41862, regioncalls=1701800, ndraw=40, logz=-7.92, remainder_fraction=3.1555%, Lmin=-0.42, Lmax=-0.13
21:21:03 [ultranest] [DEBUG] iteration=4412, ncalls=41891, regioncalls=1702960, ndraw=40, logz=-7.92, remainder_fraction=3.1478%, Lmin=-0.42, Lmax=-0.13
21:21:03 [ultranest] [DEBUG] iteration=4413, ncalls=41915, regioncalls=1703920, ndraw=40, logz=-7.92, remainder_fraction=3.1402%, Lmin=-0.42, Lmax=-0.13
21:21:03 [ultranest] [DEBUG] iteration=4415, ncalls=41924, regioncalls=1704280, ndraw=40, logz=-7.92, remainder_fraction=3.1264%, Lmin=-0.42, Lmax=-0.13
21:21:04 [ultranest] [DEBUG] iteration=4417, ncalls=41938, regioncalls=1704840, ndraw=40, logz=-7.92, remainder_fraction=3.1127%, Lmin=-0.42, Lmax=-0.13
21:21:04 [ultranest] [DEBUG] iteration=4418, ncalls=41974, regioncalls=1706280, ndraw=40, logz=-7.92, remainder_fraction=3.1053%, Lmin=-0.42, Lmax=-0.13
21:21:04 [ultranest] [DEBUG] iteration=4419, ncalls=41998, regioncalls=1707240, ndraw=40, logz=-7.92, remainder_fraction=3.0977%, Lmin=-0.42, Lmax=-0.13
21:21:04 [ultranest] [DEBUG] iteration=4420, ncalls=42019, regioncalls=1708080, ndraw=40, logz=-7.92, remainder_fraction=3.0901%, Lmin=-0.42, Lmax=-0.13
21:21:05 [ultranest] [DEBUG] iteration=4422, ncalls=42064, regioncalls=1709880, ndraw=40, logz=-7.92, remainder_fraction=3.0774%, Lmin=-0.42, Lmax=-0.13
21:21:05 [ultranest] [DEBUG] iteration=4425, ncalls=42075, regioncalls=1710320, ndraw=40, logz=-7.92, remainder_fraction=3.0568%, Lmin=-0.42, Lmax=-0.13
21:21:05 [ultranest] [DEBUG] iteration=4426, ncalls=42099, regioncalls=1711280, ndraw=40, logz=-7.92, remainder_fraction=3.0508%, Lmin=-0.42, Lmax=-0.13
21:21:06 [ultranest] [DEBUG] iteration=4427, ncalls=42120, regioncalls=1712120, ndraw=40, logz=-7.92, remainder_fraction=3.0433%, Lmin=-0.42, Lmax=-0.13
21:21:06 [ultranest] [DEBUG] iteration=4430, ncalls=42137, regioncalls=1712800, ndraw=40, logz=-7.92, remainder_fraction=3.0236%, Lmin=-0.42, Lmax=-0.13
21:21:06 [ultranest] [DEBUG] iteration=4433, ncalls=42160, regioncalls=1713720, ndraw=40, logz=-7.92, remainder_fraction=3.0021%, Lmin=-0.42, Lmax=-0.13
21:21:06 [ultranest] [DEBUG] iteration=4434, ncalls=42178, regioncalls=1714440, ndraw=40, logz=-7.92, remainder_fraction=2.9957%, Lmin=-0.42, Lmax=-0.13
21:21:06 [ultranest] [DEBUG] iteration=4436, ncalls=42204, regioncalls=1715480, ndraw=40, logz=-7.92, remainder_fraction=2.9826%, Lmin=-0.42, Lmax=-0.13
21:21:07 [ultranest] [DEBUG] iteration=4439, ncalls=42223, regioncalls=1716240, ndraw=40, logz=-7.92, remainder_fraction=2.9625%, Lmin=-0.41, Lmax=-0.13
21:21:07 [ultranest] [DEBUG] iteration=4440, ncalls=42253, regioncalls=1717440, ndraw=40, logz=-7.92, remainder_fraction=2.9553%, Lmin=-0.41, Lmax=-0.13
21:21:07 [ultranest] [DEBUG] iteration=4441, ncalls=42286, regioncalls=1718760, ndraw=40, logz=-7.92, remainder_fraction=2.9486%, Lmin=-0.41, Lmax=-0.13
21:21:07 [ultranest] [DEBUG] iteration=4442, ncalls=42302, regioncalls=1719400, ndraw=40, logz=-7.92, remainder_fraction=2.9428%, Lmin=-0.41, Lmax=-0.13
21:21:08 [ultranest] [DEBUG] iteration=4443, ncalls=42317, regioncalls=1720000, ndraw=40, logz=-7.92, remainder_fraction=2.9374%, Lmin=-0.41, Lmax=-0.13
21:21:08 [ultranest] [DEBUG] iteration=4444, ncalls=42326, regioncalls=1720360, ndraw=40, logz=-7.92, remainder_fraction=2.9303%, Lmin=-0.41, Lmax=-0.13
21:21:08 [ultranest] [DEBUG] iteration=4446, ncalls=42336, regioncalls=1720760, ndraw=40, logz=-7.92, remainder_fraction=2.9159%, Lmin=-0.41, Lmax=-0.13
21:21:08 [ultranest] [DEBUG] iteration=4449, ncalls=42352, regioncalls=1721400, ndraw=40, logz=-7.92, remainder_fraction=2.8950%, Lmin=-0.41, Lmax=-0.13
21:21:08 [ultranest] [DEBUG] iteration=4450, ncalls=42370, regioncalls=1722120, ndraw=40, logz=-7.92, remainder_fraction=2.8888%, Lmin=-0.41, Lmax=-0.13
21:21:09 [ultranest] [DEBUG] iteration=4451, ncalls=42402, regioncalls=1723400, ndraw=40, logz=-7.92, remainder_fraction=2.8825%, Lmin=-0.41, Lmax=-0.13
21:21:09 [ultranest] [DEBUG] iteration=4452, ncalls=42413, regioncalls=1723840, ndraw=40, logz=-7.92, remainder_fraction=2.8756%, Lmin=-0.41, Lmax=-0.13
21:21:09 [ultranest] [DEBUG] iteration=4456, ncalls=42432, regioncalls=1724600, ndraw=40, logz=-7.92, remainder_fraction=2.8505%, Lmin=-0.41, Lmax=-0.13
21:21:09 [ultranest] [DEBUG] iteration=4457, ncalls=42441, regioncalls=1724960, ndraw=40, logz=-7.92, remainder_fraction=2.8435%, Lmin=-0.41, Lmax=-0.13
21:21:09 [ultranest] [DEBUG] iteration=4459, ncalls=42457, regioncalls=1725600, ndraw=40, logz=-7.92, remainder_fraction=2.8299%, Lmin=-0.41, Lmax=-0.13
21:21:09 [ultranest] [DEBUG] iteration=4460, ncalls=42472, regioncalls=1726200, ndraw=40, logz=-7.92, remainder_fraction=2.8230%, Lmin=-0.41, Lmax=-0.13
21:21:10 [ultranest] [DEBUG] iteration=4461, ncalls=42503, regioncalls=1727440, ndraw=40, logz=-7.92, remainder_fraction=2.8161%, Lmin=-0.41, Lmax=-0.13
21:21:10 [ultranest] [DEBUG] iteration=4462, ncalls=42541, regioncalls=1728960, ndraw=40, logz=-7.92, remainder_fraction=2.8095%, Lmin=-0.41, Lmax=-0.13
21:21:10 [ultranest] [DEBUG] iteration=4464, ncalls=42562, regioncalls=1729800, ndraw=40, logz=-7.92, remainder_fraction=2.7965%, Lmin=-0.41, Lmax=-0.13
21:21:11 [ultranest] [DEBUG] iteration=4465, ncalls=42587, regioncalls=1730800, ndraw=40, logz=-7.92, remainder_fraction=2.7905%, Lmin=-0.41, Lmax=-0.13
21:21:11 [ultranest] [DEBUG] iteration=4466, ncalls=42607, regioncalls=1731600, ndraw=40, logz=-7.92, remainder_fraction=2.7847%, Lmin=-0.41, Lmax=-0.13
21:21:11 [ultranest] [DEBUG] iteration=4468, ncalls=42632, regioncalls=1732600, ndraw=40, logz=-7.92, remainder_fraction=2.7718%, Lmin=-0.41, Lmax=-0.13
21:21:11 [ultranest] [DEBUG] iteration=4469, ncalls=42652, regioncalls=1733400, ndraw=40, logz=-7.92, remainder_fraction=2.7649%, Lmin=-0.41, Lmax=-0.13
21:21:12 [ultranest] [DEBUG] iteration=4472, ncalls=42689, regioncalls=1734880, ndraw=40, logz=-7.92, remainder_fraction=2.7451%, Lmin=-0.41, Lmax=-0.13
21:21:12 [ultranest] [DEBUG] iteration=4473, ncalls=42713, regioncalls=1735840, ndraw=40, logz=-7.92, remainder_fraction=2.7387%, Lmin=-0.40, Lmax=-0.13
21:21:12 [ultranest] [DEBUG] iteration=4474, ncalls=42746, regioncalls=1737160, ndraw=40, logz=-7.92, remainder_fraction=2.7332%, Lmin=-0.40, Lmax=-0.13
21:21:12 [ultranest] [DEBUG] iteration=4475, ncalls=42761, regioncalls=1737760, ndraw=40, logz=-7.92, remainder_fraction=2.7264%, Lmin=-0.40, Lmax=-0.13
21:21:13 [ultranest] [DEBUG] iteration=4477, ncalls=42780, regioncalls=1738520, ndraw=40, logz=-7.92, remainder_fraction=2.7139%, Lmin=-0.40, Lmax=-0.13
21:21:13 [ultranest] [DEBUG] iteration=4480, ncalls=42796, regioncalls=1739160, ndraw=40, logz=-7.92, remainder_fraction=2.6949%, Lmin=-0.40, Lmax=-0.13
21:21:14 [ultranest] [DEBUG] iteration=4481, ncalls=42865, regioncalls=1741920, ndraw=40, logz=-7.92, remainder_fraction=2.6888%, Lmin=-0.40, Lmax=-0.13
21:21:14 [ultranest] [DEBUG] iteration=4482, ncalls=42891, regioncalls=1742960, ndraw=40, logz=-7.92, remainder_fraction=2.6826%, Lmin=-0.40, Lmax=-0.13
21:21:14 [ultranest] [DEBUG] iteration=4483, ncalls=42907, regioncalls=1743600, ndraw=40, logz=-7.92, remainder_fraction=2.6766%, Lmin=-0.40, Lmax=-0.13
21:21:14 [ultranest] [DEBUG] iteration=4485, ncalls=42932, regioncalls=1744600, ndraw=40, logz=-7.92, remainder_fraction=2.6648%, Lmin=-0.40, Lmax=-0.13
21:21:14 [ultranest] [DEBUG] iteration=4488, ncalls=42945, regioncalls=1745120, ndraw=40, logz=-7.92, remainder_fraction=2.6478%, Lmin=-0.40, Lmax=-0.13
21:21:15 [ultranest] [DEBUG] iteration=4489, ncalls=42963, regioncalls=1745840, ndraw=40, logz=-7.92, remainder_fraction=2.6420%, Lmin=-0.40, Lmax=-0.13
21:21:15 [ultranest] [DEBUG] iteration=4490, ncalls=42993, regioncalls=1747040, ndraw=40, logz=-7.92, remainder_fraction=2.6356%, Lmin=-0.40, Lmax=-0.13
21:21:15 [ultranest] [DEBUG] iteration=4491, ncalls=43024, regioncalls=1748280, ndraw=40, logz=-7.92, remainder_fraction=2.6295%, Lmin=-0.40, Lmax=-0.13
21:21:15 [ultranest] [DEBUG] iteration=4493, ncalls=43039, regioncalls=1748880, ndraw=40, logz=-7.92, remainder_fraction=2.6178%, Lmin=-0.40, Lmax=-0.13
21:21:16 [ultranest] [DEBUG] iteration=4495, ncalls=43077, regioncalls=1750400, ndraw=40, logz=-7.92, remainder_fraction=2.6065%, Lmin=-0.40, Lmax=-0.13
21:21:16 [ultranest] [DEBUG] iteration=4496, ncalls=43092, regioncalls=1751000, ndraw=40, logz=-7.92, remainder_fraction=2.6004%, Lmin=-0.40, Lmax=-0.13
21:21:16 [ultranest] [DEBUG] iteration=4498, ncalls=43109, regioncalls=1751680, ndraw=40, logz=-7.92, remainder_fraction=2.5883%, Lmin=-0.40, Lmax=-0.13
21:21:17 [ultranest] [DEBUG] iteration=4499, ncalls=43159, regioncalls=1753680, ndraw=40, logz=-7.92, remainder_fraction=2.5820%, Lmin=-0.40, Lmax=-0.13
21:21:17 [ultranest] [DEBUG] iteration=4500, ncalls=43169, regioncalls=1754080, ndraw=40, logz=-7.92, remainder_fraction=2.5765%, Lmin=-0.40, Lmax=-0.13
21:21:17 [ultranest] [DEBUG] iteration=4502, ncalls=43183, regioncalls=1754640, ndraw=40, logz=-7.92, remainder_fraction=2.5651%, Lmin=-0.40, Lmax=-0.13
21:21:17 [ultranest] [DEBUG] iteration=4503, ncalls=43204, regioncalls=1755480, ndraw=40, logz=-7.92, remainder_fraction=2.5588%, Lmin=-0.39, Lmax=-0.13
21:21:17 [ultranest] [DEBUG] iteration=4504, ncalls=43217, regioncalls=1756000, ndraw=40, logz=-7.92, remainder_fraction=2.5530%, Lmin=-0.39, Lmax=-0.13
21:21:17 [ultranest] [DEBUG] iteration=4506, ncalls=43227, regioncalls=1756400, ndraw=40, logz=-7.92, remainder_fraction=2.5407%, Lmin=-0.39, Lmax=-0.13
21:21:18 [ultranest] [DEBUG] iteration=4507, ncalls=43251, regioncalls=1757360, ndraw=40, logz=-7.92, remainder_fraction=2.5348%, Lmin=-0.39, Lmax=-0.13
21:21:18 [ultranest] [DEBUG] iteration=4508, ncalls=43266, regioncalls=1757960, ndraw=40, logz=-7.92, remainder_fraction=2.5287%, Lmin=-0.39, Lmax=-0.13
21:21:18 [ultranest] [DEBUG] iteration=4510, ncalls=43282, regioncalls=1758600, ndraw=40, logz=-7.92, remainder_fraction=2.5172%, Lmin=-0.39, Lmax=-0.13
21:21:18 [ultranest] [DEBUG] iteration=4513, ncalls=43299, regioncalls=1759280, ndraw=40, logz=-7.92, remainder_fraction=2.5006%, Lmin=-0.39, Lmax=-0.13
21:21:18 [ultranest] [DEBUG] iteration=4516, ncalls=43321, regioncalls=1760160, ndraw=40, logz=-7.92, remainder_fraction=2.4837%, Lmin=-0.39, Lmax=-0.13
21:21:19 [ultranest] [DEBUG] iteration=4518, ncalls=43348, regioncalls=1761240, ndraw=40, logz=-7.92, remainder_fraction=2.4717%, Lmin=-0.39, Lmax=-0.13
21:21:19 [ultranest] [DEBUG] iteration=4520, ncalls=43391, regioncalls=1762960, ndraw=40, logz=-7.92, remainder_fraction=2.4607%, Lmin=-0.39, Lmax=-0.13
21:21:19 [ultranest] [DEBUG] iteration=4521, ncalls=43415, regioncalls=1763920, ndraw=40, logz=-7.92, remainder_fraction=2.4551%, Lmin=-0.39, Lmax=-0.13
21:21:20 [ultranest] [DEBUG] iteration=4522, ncalls=43439, regioncalls=1764880, ndraw=40, logz=-7.92, remainder_fraction=2.4499%, Lmin=-0.39, Lmax=-0.13
21:21:20 [ultranest] [DEBUG] iteration=4525, ncalls=43452, regioncalls=1765400, ndraw=40, logz=-7.92, remainder_fraction=2.4325%, Lmin=-0.39, Lmax=-0.13
21:21:20 [ultranest] [DEBUG] iteration=4526, ncalls=43463, regioncalls=1765840, ndraw=40, logz=-7.92, remainder_fraction=2.4269%, Lmin=-0.39, Lmax=-0.13
21:21:20 [ultranest] [DEBUG] iteration=4527, ncalls=43474, regioncalls=1766280, ndraw=40, logz=-7.92, remainder_fraction=2.4210%, Lmin=-0.39, Lmax=-0.11
21:21:20 [ultranest] [DEBUG] iteration=4528, ncalls=43504, regioncalls=1767480, ndraw=40, logz=-7.92, remainder_fraction=2.4154%, Lmin=-0.39, Lmax=-0.11
21:21:21 [ultranest] [DEBUG] iteration=4531, ncalls=43521, regioncalls=1768160, ndraw=40, logz=-7.92, remainder_fraction=2.4000%, Lmin=-0.38, Lmax=-0.11
21:21:21 [ultranest] [DEBUG] iteration=4532, ncalls=43538, regioncalls=1768840, ndraw=40, logz=-7.92, remainder_fraction=2.3944%, Lmin=-0.38, Lmax=-0.11
21:21:21 [ultranest] [DEBUG] iteration=4534, ncalls=43559, regioncalls=1769680, ndraw=40, logz=-7.92, remainder_fraction=2.3838%, Lmin=-0.38, Lmax=-0.11
21:21:21 [ultranest] [DEBUG] iteration=4535, ncalls=43592, regioncalls=1771000, ndraw=40, logz=-7.92, remainder_fraction=2.3788%, Lmin=-0.38, Lmax=-0.11
21:21:22 [ultranest] [DEBUG] iteration=4537, ncalls=43611, regioncalls=1771760, ndraw=40, logz=-7.92, remainder_fraction=2.3675%, Lmin=-0.38, Lmax=-0.11
21:21:22 [ultranest] [DEBUG] iteration=4538, ncalls=43666, regioncalls=1773960, ndraw=40, logz=-7.92, remainder_fraction=2.3629%, Lmin=-0.38, Lmax=-0.11
21:21:22 [ultranest] [DEBUG] iteration=4540, ncalls=43693, regioncalls=1775040, ndraw=40, logz=-7.92, remainder_fraction=2.3524%, Lmin=-0.38, Lmax=-0.11
21:21:23 [ultranest] [DEBUG] iteration=4541, ncalls=43725, regioncalls=1776320, ndraw=40, logz=-7.92, remainder_fraction=2.3469%, Lmin=-0.38, Lmax=-0.11
21:21:23 [ultranest] [DEBUG] iteration=4542, ncalls=43736, regioncalls=1776760, ndraw=40, logz=-7.92, remainder_fraction=2.3415%, Lmin=-0.38, Lmax=-0.11
21:21:23 [ultranest] [DEBUG] iteration=4544, ncalls=43749, regioncalls=1777280, ndraw=40, logz=-7.92, remainder_fraction=2.3298%, Lmin=-0.38, Lmax=-0.11
21:21:23 [ultranest] [DEBUG] iteration=4545, ncalls=43764, regioncalls=1777880, ndraw=40, logz=-7.92, remainder_fraction=2.3252%, Lmin=-0.38, Lmax=-0.11
21:21:24 [ultranest] [DEBUG] iteration=4546, ncalls=43803, regioncalls=1779440, ndraw=40, logz=-7.92, remainder_fraction=2.3200%, Lmin=-0.38, Lmax=-0.11
21:21:25 [ultranest] [DEBUG] iteration=4547, ncalls=43914, regioncalls=1783880, ndraw=40, logz=-7.92, remainder_fraction=2.3148%, Lmin=-0.38, Lmax=-0.11
21:21:25 [ultranest] [DEBUG] iteration=4549, ncalls=43936, regioncalls=1784760, ndraw=40, logz=-7.92, remainder_fraction=2.3039%, Lmin=-0.38, Lmax=-0.11
21:21:25 [ultranest] [DEBUG] iteration=4551, ncalls=43953, regioncalls=1785440, ndraw=40, logz=-7.92, remainder_fraction=2.2931%, Lmin=-0.38, Lmax=-0.11
21:21:25 [ultranest] [DEBUG] iteration=4554, ncalls=43962, regioncalls=1785800, ndraw=40, logz=-7.92, remainder_fraction=2.2777%, Lmin=-0.38, Lmax=-0.11
21:21:26 [ultranest] [DEBUG] iteration=4556, ncalls=43991, regioncalls=1786960, ndraw=40, logz=-7.91, remainder_fraction=2.2669%, Lmin=-0.38, Lmax=-0.11
21:21:26 [ultranest] [DEBUG] iteration=4557, ncalls=44044, regioncalls=1789080, ndraw=40, logz=-7.91, remainder_fraction=2.2618%, Lmin=-0.38, Lmax=-0.11
21:21:27 [ultranest] [DEBUG] iteration=4558, ncalls=44079, regioncalls=1790480, ndraw=40, logz=-7.91, remainder_fraction=2.2566%, Lmin=-0.38, Lmax=-0.11
21:21:27 [ultranest] [DEBUG] iteration=4559, ncalls=44106, regioncalls=1791560, ndraw=40, logz=-7.91, remainder_fraction=2.2514%, Lmin=-0.38, Lmax=-0.11
21:21:27 [ultranest] [DEBUG] iteration=4560, ncalls=44110, regioncalls=1791720, ndraw=40, logz=-7.91, remainder_fraction=2.2467%, Lmin=-0.38, Lmax=-0.11
21:21:27 [ultranest] [DEBUG] iteration=4563, ncalls=44158, regioncalls=1793640, ndraw=40, logz=-7.91, remainder_fraction=2.2314%, Lmin=-0.37, Lmax=-0.11
21:21:28 [ultranest] [DEBUG] iteration=4564, ncalls=44172, regioncalls=1794200, ndraw=40, logz=-7.91, remainder_fraction=2.2262%, Lmin=-0.37, Lmax=-0.11
21:21:28 [ultranest] [DEBUG] iteration=4565, ncalls=44192, regioncalls=1795000, ndraw=40, logz=-7.91, remainder_fraction=2.2208%, Lmin=-0.37, Lmax=-0.11
21:21:28 [ultranest] [DEBUG] iteration=4566, ncalls=44204, regioncalls=1795480, ndraw=40, logz=-7.91, remainder_fraction=2.2156%, Lmin=-0.37, Lmax=-0.11
21:21:28 [ultranest] [DEBUG] iteration=4567, ncalls=44215, regioncalls=1795920, ndraw=40, logz=-7.91, remainder_fraction=2.2105%, Lmin=-0.37, Lmax=-0.11
21:21:28 [ultranest] [DEBUG] iteration=4568, ncalls=44253, regioncalls=1797480, ndraw=40, logz=-7.91, remainder_fraction=2.2055%, Lmin=-0.37, Lmax=-0.11
21:21:29 [ultranest] [DEBUG] iteration=4570, ncalls=44283, regioncalls=1798680, ndraw=40, logz=-7.91, remainder_fraction=2.1952%, Lmin=-0.37, Lmax=-0.11
21:21:29 [ultranest] [DEBUG] iteration=4572, ncalls=44308, regioncalls=1799680, ndraw=40, logz=-7.91, remainder_fraction=2.1851%, Lmin=-0.37, Lmax=-0.11
21:21:29 [ultranest] [DEBUG] iteration=4573, ncalls=44331, regioncalls=1800600, ndraw=40, logz=-7.91, remainder_fraction=2.1797%, Lmin=-0.37, Lmax=-0.11
21:21:30 [ultranest] [DEBUG] iteration=4574, ncalls=44371, regioncalls=1802200, ndraw=40, logz=-7.91, remainder_fraction=2.1753%, Lmin=-0.37, Lmax=-0.11
21:21:31 [ultranest] [DEBUG] iteration=4575, ncalls=44456, regioncalls=1805600, ndraw=40, logz=-7.91, remainder_fraction=2.1699%, Lmin=-0.37, Lmax=-0.11
21:21:31 [ultranest] [DEBUG] iteration=4576, ncalls=44483, regioncalls=1806680, ndraw=40, logz=-7.91, remainder_fraction=2.1655%, Lmin=-0.37, Lmax=-0.11
21:21:31 [ultranest] [DEBUG] iteration=4578, ncalls=44505, regioncalls=1807560, ndraw=40, logz=-7.91, remainder_fraction=2.1558%, Lmin=-0.37, Lmax=-0.11
21:21:32 [ultranest] [DEBUG] iteration=4580, ncalls=44573, regioncalls=1810280, ndraw=40, logz=-7.91, remainder_fraction=2.1452%, Lmin=-0.37, Lmax=-0.11
21:21:32 [ultranest] [DEBUG] iteration=4581, ncalls=44593, regioncalls=1811080, ndraw=40, logz=-7.91, remainder_fraction=2.1402%, Lmin=-0.37, Lmax=-0.11
21:21:32 [ultranest] [DEBUG] iteration=4583, ncalls=44605, regioncalls=1811560, ndraw=40, logz=-7.91, remainder_fraction=2.1304%, Lmin=-0.37, Lmax=-0.11
21:21:33 [ultranest] [DEBUG] iteration=4584, ncalls=44658, regioncalls=1813680, ndraw=40, logz=-7.91, remainder_fraction=2.1256%, Lmin=-0.37, Lmax=-0.11
21:21:33 [ultranest] [DEBUG] iteration=4585, ncalls=44726, regioncalls=1816400, ndraw=40, logz=-7.91, remainder_fraction=2.1206%, Lmin=-0.37, Lmax=-0.11
21:21:34 [ultranest] [DEBUG] iteration=4588, ncalls=44752, regioncalls=1817440, ndraw=40, logz=-7.91, remainder_fraction=2.1064%, Lmin=-0.37, Lmax=-0.11
21:21:34 [ultranest] [DEBUG] iteration=4590, ncalls=44756, regioncalls=1817640, ndraw=40, logz=-7.91, remainder_fraction=2.0969%, Lmin=-0.36, Lmax=-0.11
21:21:34 [ultranest] [DEBUG] iteration=4592, ncalls=44782, regioncalls=1818960, ndraw=40, logz=-7.91, remainder_fraction=2.0870%, Lmin=-0.36, Lmax=-0.11
21:21:35 [ultranest] [DEBUG] iteration=4594, ncalls=44850, regioncalls=1822000, ndraw=40, logz=-7.91, remainder_fraction=2.0777%, Lmin=-0.36, Lmax=-0.11
21:21:35 [ultranest] [DEBUG] iteration=4595, ncalls=44865, regioncalls=1822600, ndraw=40, logz=-7.91, remainder_fraction=2.0735%, Lmin=-0.36, Lmax=-0.11
21:21:35 [ultranest] [DEBUG] iteration=4596, ncalls=44876, regioncalls=1823040, ndraw=40, logz=-7.91, remainder_fraction=2.0687%, Lmin=-0.36, Lmax=-0.11
21:21:35 [ultranest] [DEBUG] iteration=4598, ncalls=44892, regioncalls=1823680, ndraw=40, logz=-7.91, remainder_fraction=2.0590%, Lmin=-0.36, Lmax=-0.11
21:21:36 [ultranest] [DEBUG] iteration=4599, ncalls=44952, regioncalls=1826080, ndraw=40, logz=-7.91, remainder_fraction=2.0546%, Lmin=-0.36, Lmax=-0.11
21:21:36 [ultranest] [DEBUG] iteration=4600, ncalls=44958, regioncalls=1826320, ndraw=40, logz=-7.91, remainder_fraction=2.0497%, Lmin=-0.36, Lmax=-0.11
21:21:36 [ultranest] [DEBUG] iteration=4601, ncalls=44973, regioncalls=1826920, ndraw=40, logz=-7.91, remainder_fraction=2.0453%, Lmin=-0.36, Lmax=-0.11
21:21:36 [ultranest] [DEBUG] iteration=4603, ncalls=44986, regioncalls=1827440, ndraw=40, logz=-7.91, remainder_fraction=2.0359%, Lmin=-0.36, Lmax=-0.11
21:21:37 [ultranest] [DEBUG] iteration=4604, ncalls=45001, regioncalls=1828040, ndraw=40, logz=-7.91, remainder_fraction=2.0310%, Lmin=-0.36, Lmax=-0.11
21:21:37 [ultranest] [DEBUG] iteration=4606, ncalls=45018, regioncalls=1828720, ndraw=40, logz=-7.91, remainder_fraction=2.0222%, Lmin=-0.36, Lmax=-0.11
21:21:37 [ultranest] [DEBUG] iteration=4607, ncalls=45046, regioncalls=1829840, ndraw=40, logz=-7.91, remainder_fraction=2.0172%, Lmin=-0.36, Lmax=-0.11
21:21:37 [ultranest] [DEBUG] iteration=4608, ncalls=45071, regioncalls=1830840, ndraw=40, logz=-7.91, remainder_fraction=2.0122%, Lmin=-0.36, Lmax=-0.11
21:21:37 [ultranest] [DEBUG] iteration=4609, ncalls=45081, regioncalls=1831240, ndraw=40, logz=-7.91, remainder_fraction=2.0082%, Lmin=-0.36, Lmax=-0.11
21:21:38 [ultranest] [DEBUG] iteration=4612, ncalls=45119, regioncalls=1832760, ndraw=40, logz=-7.91, remainder_fraction=1.9948%, Lmin=-0.36, Lmax=-0.11
21:21:38 [ultranest] [DEBUG] iteration=4613, ncalls=45130, regioncalls=1833200, ndraw=40, logz=-7.91, remainder_fraction=1.9901%, Lmin=-0.36, Lmax=-0.11
21:21:38 [ultranest] [DEBUG] iteration=4616, ncalls=45149, regioncalls=1833960, ndraw=40, logz=-7.91, remainder_fraction=1.9761%, Lmin=-0.36, Lmax=-0.11
21:21:38 [ultranest] [DEBUG] iteration=4617, ncalls=45170, regioncalls=1834800, ndraw=40, logz=-7.91, remainder_fraction=1.9720%, Lmin=-0.35, Lmax=-0.11
21:21:38 [ultranest] [DEBUG] iteration=4618, ncalls=45181, regioncalls=1835240, ndraw=40, logz=-7.91, remainder_fraction=1.9677%, Lmin=-0.35, Lmax=-0.11
21:21:39 [ultranest] [DEBUG] iteration=4620, ncalls=45196, regioncalls=1835840, ndraw=40, logz=-7.91, remainder_fraction=1.9585%, Lmin=-0.35, Lmax=-0.11
21:21:39 [ultranest] [DEBUG] iteration=4624, ncalls=45213, regioncalls=1836520, ndraw=40, logz=-7.91, remainder_fraction=1.9405%, Lmin=-0.35, Lmax=-0.11
21:21:39 [ultranest] [DEBUG] iteration=4626, ncalls=45222, regioncalls=1836880, ndraw=40, logz=-7.91, remainder_fraction=1.9313%, Lmin=-0.35, Lmax=-0.11
21:21:39 [ultranest] [DEBUG] iteration=4627, ncalls=45273, regioncalls=1838920, ndraw=40, logz=-7.91, remainder_fraction=1.9266%, Lmin=-0.35, Lmax=-0.11
21:21:41 [ultranest] [DEBUG] iteration=4628, ncalls=45393, regioncalls=1843720, ndraw=40, logz=-7.91, remainder_fraction=1.9219%, Lmin=-0.35, Lmax=-0.11
21:21:41 [ultranest] [DEBUG] iteration=4630, ncalls=45466, regioncalls=1846640, ndraw=40, logz=-7.91, remainder_fraction=1.9131%, Lmin=-0.35, Lmax=-0.11
21:21:42 [ultranest] [DEBUG] iteration=4632, ncalls=45500, regioncalls=1848000, ndraw=40, logz=-7.91, remainder_fraction=1.9043%, Lmin=-0.35, Lmax=-0.11
21:21:42 [ultranest] [DEBUG] iteration=4634, ncalls=45511, regioncalls=1848440, ndraw=40, logz=-7.91, remainder_fraction=1.8955%, Lmin=-0.35, Lmax=-0.11
21:21:42 [ultranest] [DEBUG] iteration=4635, ncalls=45533, regioncalls=1849320, ndraw=40, logz=-7.91, remainder_fraction=1.8909%, Lmin=-0.35, Lmax=-0.11
21:21:42 [ultranest] [DEBUG] iteration=4636, ncalls=45553, regioncalls=1850120, ndraw=40, logz=-7.91, remainder_fraction=1.8864%, Lmin=-0.35, Lmax=-0.11
21:21:43 [ultranest] [DEBUG] iteration=4638, ncalls=45620, regioncalls=1852800, ndraw=40, logz=-7.91, remainder_fraction=1.8776%, Lmin=-0.35, Lmax=-0.11
21:21:43 [ultranest] [DEBUG] iteration=4640, ncalls=45637, regioncalls=1853480, ndraw=40, logz=-7.91, remainder_fraction=1.8685%, Lmin=-0.35, Lmax=-0.11
21:21:43 [ultranest] [DEBUG] iteration=4642, ncalls=45646, regioncalls=1853840, ndraw=40, logz=-7.91, remainder_fraction=1.8596%, Lmin=-0.35, Lmax=-0.11
21:21:44 [ultranest] [DEBUG] iteration=4644, ncalls=45676, regioncalls=1855040, ndraw=40, logz=-7.91, remainder_fraction=1.8515%, Lmin=-0.35, Lmax=-0.11
21:21:44 [ultranest] [DEBUG] iteration=4645, ncalls=45691, regioncalls=1855640, ndraw=40, logz=-7.91, remainder_fraction=1.8472%, Lmin=-0.35, Lmax=-0.11
21:21:44 [ultranest] [DEBUG] iteration=4646, ncalls=45718, regioncalls=1856720, ndraw=40, logz=-7.91, remainder_fraction=1.8433%, Lmin=-0.35, Lmax=-0.11
21:21:44 [ultranest] [DEBUG] iteration=4647, ncalls=45736, regioncalls=1857440, ndraw=40, logz=-7.91, remainder_fraction=1.8390%, Lmin=-0.35, Lmax=-0.11
21:21:45 [ultranest] [DEBUG] iteration=4649, ncalls=45752, regioncalls=1858080, ndraw=40, logz=-7.91, remainder_fraction=1.8305%, Lmin=-0.35, Lmax=-0.11
21:21:45 [ultranest] [DEBUG] iteration=4651, ncalls=45794, regioncalls=1859760, ndraw=40, logz=-7.91, remainder_fraction=1.8219%, Lmin=-0.35, Lmax=-0.11
21:21:45 [ultranest] [DEBUG] iteration=4653, ncalls=45822, regioncalls=1860880, ndraw=40, logz=-7.91, remainder_fraction=1.8132%, Lmin=-0.35, Lmax=-0.11
21:21:46 [ultranest] [DEBUG] iteration=4654, ncalls=45859, regioncalls=1862360, ndraw=40, logz=-7.91, remainder_fraction=1.8090%, Lmin=-0.34, Lmax=-0.11
21:21:46 [ultranest] [DEBUG] iteration=4656, ncalls=45873, regioncalls=1862920, ndraw=40, logz=-7.91, remainder_fraction=1.8005%, Lmin=-0.34, Lmax=-0.11
21:21:46 [ultranest] [DEBUG] iteration=4657, ncalls=45883, regioncalls=1863320, ndraw=40, logz=-7.91, remainder_fraction=1.7963%, Lmin=-0.34, Lmax=-0.11
21:21:46 [ultranest] [DEBUG] iteration=4658, ncalls=45909, regioncalls=1864360, ndraw=40, logz=-7.91, remainder_fraction=1.7921%, Lmin=-0.34, Lmax=-0.11
21:21:46 [ultranest] [DEBUG] iteration=4660, ncalls=45927, regioncalls=1865080, ndraw=40, logz=-7.91, remainder_fraction=1.7836%, Lmin=-0.34, Lmax=-0.11
21:21:47 [ultranest] [DEBUG] iteration=4662, ncalls=45957, regioncalls=1866280, ndraw=40, logz=-7.91, remainder_fraction=1.7752%, Lmin=-0.34, Lmax=-0.11
21:21:47 [ultranest] [DEBUG] iteration=4664, ncalls=45966, regioncalls=1866640, ndraw=40, logz=-7.91, remainder_fraction=1.7675%, Lmin=-0.34, Lmax=-0.11
21:21:47 [ultranest] [DEBUG] iteration=4666, ncalls=45982, regioncalls=1867280, ndraw=40, logz=-7.91, remainder_fraction=1.7591%, Lmin=-0.34, Lmax=-0.11
21:21:47 [ultranest] [DEBUG] iteration=4668, ncalls=45999, regioncalls=1867960, ndraw=40, logz=-7.91, remainder_fraction=1.7511%, Lmin=-0.34, Lmax=-0.11
21:21:48 [ultranest] [DEBUG] iteration=4670, ncalls=46033, regioncalls=1869320, ndraw=40, logz=-7.91, remainder_fraction=1.7428%, Lmin=-0.34, Lmax=-0.11
21:21:48 [ultranest] [DEBUG] iteration=4671, ncalls=46043, regioncalls=1869720, ndraw=40, logz=-7.91, remainder_fraction=1.7387%, Lmin=-0.34, Lmax=-0.11
21:21:48 [ultranest] [DEBUG] iteration=4672, ncalls=46067, regioncalls=1870680, ndraw=40, logz=-7.91, remainder_fraction=1.7345%, Lmin=-0.34, Lmax=-0.11
21:21:48 [ultranest] [DEBUG] iteration=4673, ncalls=46082, regioncalls=1871280, ndraw=40, logz=-7.91, remainder_fraction=1.7301%, Lmin=-0.34, Lmax=-0.11
21:21:49 [ultranest] [DEBUG] iteration=4674, ncalls=46156, regioncalls=1874240, ndraw=40, logz=-7.91, remainder_fraction=1.7261%, Lmin=-0.34, Lmax=-0.11
21:21:49 [ultranest] [DEBUG] iteration=4675, ncalls=46204, regioncalls=1876160, ndraw=40, logz=-7.91, remainder_fraction=1.7222%, Lmin=-0.34, Lmax=-0.11
21:21:50 [ultranest] [DEBUG] iteration=4677, ncalls=46251, regioncalls=1878240, ndraw=40, logz=-7.91, remainder_fraction=1.7138%, Lmin=-0.34, Lmax=-0.11
21:21:50 [ultranest] [DEBUG] iteration=4678, ncalls=46303, regioncalls=1880320, ndraw=40, logz=-7.91, remainder_fraction=1.7105%, Lmin=-0.34, Lmax=-0.11
21:21:51 [ultranest] [DEBUG] iteration=4679, ncalls=46314, regioncalls=1880760, ndraw=40, logz=-7.91, remainder_fraction=1.7071%, Lmin=-0.33, Lmax=-0.11
21:21:51 [ultranest] [DEBUG] iteration=4680, ncalls=46327, regioncalls=1881440, ndraw=40, logz=-7.91, remainder_fraction=1.7030%, Lmin=-0.33, Lmax=-0.11
21:21:51 [ultranest] [DEBUG] iteration=4682, ncalls=46348, regioncalls=1882280, ndraw=40, logz=-7.91, remainder_fraction=1.6950%, Lmin=-0.33, Lmax=-0.11
21:21:51 [ultranest] [DEBUG] iteration=4683, ncalls=46376, regioncalls=1883400, ndraw=40, logz=-7.91, remainder_fraction=1.6908%, Lmin=-0.33, Lmax=-0.11
21:21:52 [ultranest] [DEBUG] iteration=4684, ncalls=46403, regioncalls=1884480, ndraw=40, logz=-7.91, remainder_fraction=1.6866%, Lmin=-0.33, Lmax=-0.11
21:21:52 [ultranest] [DEBUG] iteration=4685, ncalls=46419, regioncalls=1885120, ndraw=40, logz=-7.91, remainder_fraction=1.6826%, Lmin=-0.33, Lmax=-0.11
21:21:52 [ultranest] [DEBUG] iteration=4686, ncalls=46433, regioncalls=1885680, ndraw=40, logz=-7.91, remainder_fraction=1.6790%, Lmin=-0.33, Lmax=-0.11
21:21:52 [ultranest] [DEBUG] iteration=4688, ncalls=46484, regioncalls=1887720, ndraw=40, logz=-7.91, remainder_fraction=1.6716%, Lmin=-0.33, Lmax=-0.11
21:21:53 [ultranest] [DEBUG] iteration=4689, ncalls=46496, regioncalls=1888200, ndraw=40, logz=-7.91, remainder_fraction=1.6678%, Lmin=-0.33, Lmax=-0.11
21:21:53 [ultranest] [DEBUG] iteration=4690, ncalls=46522, regioncalls=1889240, ndraw=40, logz=-7.91, remainder_fraction=1.6639%, Lmin=-0.33, Lmax=-0.11
21:21:53 [ultranest] [DEBUG] iteration=4691, ncalls=46542, regioncalls=1890040, ndraw=40, logz=-7.91, remainder_fraction=1.6598%, Lmin=-0.33, Lmax=-0.11
21:21:53 [ultranest] [DEBUG] iteration=4693, ncalls=46570, regioncalls=1891160, ndraw=40, logz=-7.91, remainder_fraction=1.6525%, Lmin=-0.33, Lmax=-0.11
21:21:54 [ultranest] [DEBUG] iteration=4694, ncalls=46618, regioncalls=1893080, ndraw=40, logz=-7.91, remainder_fraction=1.6492%, Lmin=-0.33, Lmax=-0.11
21:21:54 [ultranest] [DEBUG] iteration=4695, ncalls=46630, regioncalls=1893560, ndraw=40, logz=-7.91, remainder_fraction=1.6456%, Lmin=-0.33, Lmax=-0.11
21:21:54 [ultranest] [DEBUG] iteration=4696, ncalls=46644, regioncalls=1894120, ndraw=40, logz=-7.91, remainder_fraction=1.6421%, Lmin=-0.33, Lmax=-0.11
21:21:54 [ultranest] [DEBUG] iteration=4698, ncalls=46671, regioncalls=1895200, ndraw=40, logz=-7.91, remainder_fraction=1.6341%, Lmin=-0.33, Lmax=-0.11
21:21:55 [ultranest] [DEBUG] iteration=4701, ncalls=46680, regioncalls=1895560, ndraw=40, logz=-7.91, remainder_fraction=1.6224%, Lmin=-0.33, Lmax=-0.11
21:21:55 [ultranest] [DEBUG] iteration=4703, ncalls=46712, regioncalls=1896840, ndraw=40, logz=-7.91, remainder_fraction=1.6147%, Lmin=-0.33, Lmax=-0.11
21:21:55 [ultranest] [DEBUG] iteration=4705, ncalls=46742, regioncalls=1898040, ndraw=40, logz=-7.91, remainder_fraction=1.6074%, Lmin=-0.33, Lmax=-0.11
21:21:56 [ultranest] [DEBUG] iteration=4706, ncalls=46774, regioncalls=1899320, ndraw=40, logz=-7.91, remainder_fraction=1.6035%, Lmin=-0.33, Lmax=-0.11
21:21:56 [ultranest] [DEBUG] iteration=4707, ncalls=46786, regioncalls=1899800, ndraw=40, logz=-7.91, remainder_fraction=1.5996%, Lmin=-0.33, Lmax=-0.11
21:21:56 [ultranest] [DEBUG] iteration=4708, ncalls=46818, regioncalls=1901080, ndraw=40, logz=-7.91, remainder_fraction=1.5958%, Lmin=-0.33, Lmax=-0.11
21:21:56 [ultranest] [DEBUG] iteration=4709, ncalls=46845, regioncalls=1902160, ndraw=40, logz=-7.91, remainder_fraction=1.5921%, Lmin=-0.33, Lmax=-0.11
21:21:56 [ultranest] [DEBUG] iteration=4710, ncalls=46860, regioncalls=1902760, ndraw=40, logz=-7.91, remainder_fraction=1.5885%, Lmin=-0.33, Lmax=-0.11
21:21:57 [ultranest] [DEBUG] iteration=4711, ncalls=46871, regioncalls=1903200, ndraw=40, logz=-7.91, remainder_fraction=1.5849%, Lmin=-0.33, Lmax=-0.11
21:21:57 [ultranest] [DEBUG] iteration=4714, ncalls=46897, regioncalls=1904240, ndraw=40, logz=-7.91, remainder_fraction=1.5735%, Lmin=-0.33, Lmax=-0.11
21:21:57 [ultranest] [DEBUG] iteration=4715, ncalls=46931, regioncalls=1905600, ndraw=40, logz=-7.91, remainder_fraction=1.5699%, Lmin=-0.33, Lmax=-0.11
21:21:58 [ultranest] [DEBUG] iteration=4716, ncalls=46964, regioncalls=1906920, ndraw=40, logz=-7.91, remainder_fraction=1.5660%, Lmin=-0.33, Lmax=-0.11
21:21:58 [ultranest] [DEBUG] iteration=4717, ncalls=46978, regioncalls=1907480, ndraw=40, logz=-7.91, remainder_fraction=1.5623%, Lmin=-0.33, Lmax=-0.11
21:21:58 [ultranest] [DEBUG] iteration=4719, ncalls=46996, regioncalls=1908200, ndraw=40, logz=-7.91, remainder_fraction=1.5549%, Lmin=-0.33, Lmax=-0.11
21:21:58 [ultranest] [DEBUG] iteration=4720, ncalls=47001, regioncalls=1908400, ndraw=40, logz=-7.91, remainder_fraction=1.5513%, Lmin=-0.33, Lmax=-0.11
21:21:58 [ultranest] [DEBUG] iteration=4721, ncalls=47014, regioncalls=1908920, ndraw=40, logz=-7.91, remainder_fraction=1.5482%, Lmin=-0.33, Lmax=-0.11
21:21:58 [ultranest] [DEBUG] iteration=4722, ncalls=47029, regioncalls=1909520, ndraw=40, logz=-7.91, remainder_fraction=1.5443%, Lmin=-0.33, Lmax=-0.11
21:21:59 [ultranest] [DEBUG] iteration=4723, ncalls=47070, regioncalls=1911160, ndraw=40, logz=-7.91, remainder_fraction=1.5407%, Lmin=-0.33, Lmax=-0.11
21:21:59 [ultranest] [DEBUG] iteration=4724, ncalls=47080, regioncalls=1911560, ndraw=40, logz=-7.91, remainder_fraction=1.5371%, Lmin=-0.33, Lmax=-0.11
21:21:59 [ultranest] [DEBUG] iteration=4726, ncalls=47098, regioncalls=1912280, ndraw=40, logz=-7.91, remainder_fraction=1.5296%, Lmin=-0.33, Lmax=-0.11
21:21:59 [ultranest] [DEBUG] iteration=4730, ncalls=47126, regioncalls=1913400, ndraw=40, logz=-7.91, remainder_fraction=1.5157%, Lmin=-0.32, Lmax=-0.11
21:22:00 [ultranest] [DEBUG] iteration=4733, ncalls=47139, regioncalls=1913920, ndraw=40, logz=-7.91, remainder_fraction=1.5046%, Lmin=-0.32, Lmax=-0.11
21:22:00 [ultranest] [DEBUG] iteration=4736, ncalls=47148, regioncalls=1914280, ndraw=40, logz=-7.91, remainder_fraction=1.4935%, Lmin=-0.32, Lmax=-0.11
21:22:00 [ultranest] [DEBUG] iteration=4738, ncalls=47165, regioncalls=1914960, ndraw=40, logz=-7.91, remainder_fraction=1.4861%, Lmin=-0.32, Lmax=-0.11
21:22:00 [ultranest] [DEBUG] iteration=4739, ncalls=47175, regioncalls=1915360, ndraw=40, logz=-7.91, remainder_fraction=1.4831%, Lmin=-0.32, Lmax=-0.11
21:22:00 [ultranest] [DEBUG] iteration=4740, ncalls=47192, regioncalls=1916040, ndraw=40, logz=-7.91, remainder_fraction=1.4797%, Lmin=-0.32, Lmax=-0.11
21:22:00 [ultranest] [DEBUG] iteration=4742, ncalls=47227, regioncalls=1917440, ndraw=40, logz=-7.91, remainder_fraction=1.4725%, Lmin=-0.32, Lmax=-0.11
21:22:01 [ultranest] [DEBUG] iteration=4743, ncalls=47269, regioncalls=1919120, ndraw=40, logz=-7.91, remainder_fraction=1.4692%, Lmin=-0.32, Lmax=-0.11
21:22:01 [ultranest] [DEBUG] iteration=4745, ncalls=47280, regioncalls=1919560, ndraw=40, logz=-7.91, remainder_fraction=1.4629%, Lmin=-0.32, Lmax=-0.11
21:22:01 [ultranest] [DEBUG] iteration=4746, ncalls=47291, regioncalls=1920000, ndraw=40, logz=-7.91, remainder_fraction=1.4598%, Lmin=-0.32, Lmax=-0.11
21:22:01 [ultranest] [DEBUG] iteration=4748, ncalls=47320, regioncalls=1921160, ndraw=40, logz=-7.91, remainder_fraction=1.4531%, Lmin=-0.32, Lmax=-0.11
21:22:02 [ultranest] [DEBUG] iteration=4749, ncalls=47332, regioncalls=1921640, ndraw=40, logz=-7.91, remainder_fraction=1.4500%, Lmin=-0.32, Lmax=-0.11
21:22:02 [ultranest] [DEBUG] iteration=4750, ncalls=47367, regioncalls=1923040, ndraw=40, logz=-7.91, remainder_fraction=1.4465%, Lmin=-0.32, Lmax=-0.11
21:22:02 [ultranest] [DEBUG] iteration=4751, ncalls=47399, regioncalls=1924320, ndraw=40, logz=-7.91, remainder_fraction=1.4429%, Lmin=-0.32, Lmax=-0.11
21:22:02 [ultranest] [DEBUG] iteration=4753, ncalls=47412, regioncalls=1924840, ndraw=40, logz=-7.91, remainder_fraction=1.4366%, Lmin=-0.32, Lmax=-0.11
21:22:03 [ultranest] [DEBUG] iteration=4754, ncalls=47486, regioncalls=1927800, ndraw=40, logz=-7.91, remainder_fraction=1.4330%, Lmin=-0.32, Lmax=-0.11
21:22:04 [ultranest] [DEBUG] iteration=4755, ncalls=47517, regioncalls=1929040, ndraw=40, logz=-7.91, remainder_fraction=1.4296%, Lmin=-0.32, Lmax=-0.11
21:22:04 [ultranest] [DEBUG] iteration=4756, ncalls=47539, regioncalls=1929920, ndraw=40, logz=-7.91, remainder_fraction=1.4260%, Lmin=-0.32, Lmax=-0.11
21:22:04 [ultranest] [DEBUG] iteration=4757, ncalls=47558, regioncalls=1930680, ndraw=40, logz=-7.91, remainder_fraction=1.4225%, Lmin=-0.32, Lmax=-0.11
21:22:04 [ultranest] [DEBUG] iteration=4759, ncalls=47583, regioncalls=1931680, ndraw=40, logz=-7.91, remainder_fraction=1.4161%, Lmin=-0.32, Lmax=-0.11
21:22:04 [ultranest] [DEBUG] iteration=4760, ncalls=47603, regioncalls=1932480, ndraw=40, logz=-7.91, remainder_fraction=1.4128%, Lmin=-0.32, Lmax=-0.11
21:22:05 [ultranest] [DEBUG] iteration=4762, ncalls=47612, regioncalls=1932840, ndraw=40, logz=-7.91, remainder_fraction=1.4061%, Lmin=-0.32, Lmax=-0.11
21:22:05 [ultranest] [DEBUG] iteration=4763, ncalls=47623, regioncalls=1933280, ndraw=40, logz=-7.91, remainder_fraction=1.4028%, Lmin=-0.32, Lmax=-0.11
21:22:05 [ultranest] [DEBUG] iteration=4764, ncalls=47632, regioncalls=1933640, ndraw=40, logz=-7.91, remainder_fraction=1.3996%, Lmin=-0.32, Lmax=-0.11
21:22:05 [ultranest] [DEBUG] iteration=4765, ncalls=47662, regioncalls=1934840, ndraw=40, logz=-7.91, remainder_fraction=1.3961%, Lmin=-0.32, Lmax=-0.11
21:22:06 [ultranest] [DEBUG] iteration=4766, ncalls=47691, regioncalls=1936000, ndraw=40, logz=-7.91, remainder_fraction=1.3930%, Lmin=-0.32, Lmax=-0.11
21:22:06 [ultranest] [DEBUG] iteration=4767, ncalls=47711, regioncalls=1936800, ndraw=40, logz=-7.91, remainder_fraction=1.3896%, Lmin=-0.32, Lmax=-0.11
21:22:06 [ultranest] [DEBUG] iteration=4769, ncalls=47720, regioncalls=1937160, ndraw=40, logz=-7.91, remainder_fraction=1.3829%, Lmin=-0.31, Lmax=-0.11
21:22:07 [ultranest] [DEBUG] iteration=4770, ncalls=47784, regioncalls=1939720, ndraw=40, logz=-7.91, remainder_fraction=1.3799%, Lmin=-0.31, Lmax=-0.11
21:22:07 [ultranest] [DEBUG] iteration=4771, ncalls=47830, regioncalls=1941560, ndraw=40, logz=-7.91, remainder_fraction=1.3769%, Lmin=-0.31, Lmax=-0.11
21:22:07 [ultranest] [DEBUG] iteration=4773, ncalls=47843, regioncalls=1942080, ndraw=40, logz=-7.91, remainder_fraction=1.3705%, Lmin=-0.31, Lmax=-0.11
21:22:08 [ultranest] [DEBUG] iteration=4775, ncalls=47864, regioncalls=1942920, ndraw=40, logz=-7.91, remainder_fraction=1.3644%, Lmin=-0.31, Lmax=-0.11
21:22:08 [ultranest] [DEBUG] iteration=4776, ncalls=47881, regioncalls=1943600, ndraw=40, logz=-7.91, remainder_fraction=1.3611%, Lmin=-0.31, Lmax=-0.11
21:22:08 [ultranest] [DEBUG] iteration=4777, ncalls=47891, regioncalls=1944000, ndraw=40, logz=-7.91, remainder_fraction=1.3577%, Lmin=-0.31, Lmax=-0.11
21:22:08 [ultranest] [DEBUG] iteration=4779, ncalls=47903, regioncalls=1944480, ndraw=40, logz=-7.91, remainder_fraction=1.3514%, Lmin=-0.31, Lmax=-0.11
21:22:08 [ultranest] [DEBUG] iteration=4780, ncalls=47916, regioncalls=1945000, ndraw=40, logz=-7.91, remainder_fraction=1.3484%, Lmin=-0.31, Lmax=-0.11
21:22:09 [ultranest] [DEBUG] iteration=4781, ncalls=47954, regioncalls=1946520, ndraw=40, logz=-7.91, remainder_fraction=1.3455%, Lmin=-0.31, Lmax=-0.11
21:22:09 [ultranest] [DEBUG] iteration=4782, ncalls=47995, regioncalls=1948160, ndraw=40, logz=-7.91, remainder_fraction=1.3424%, Lmin=-0.31, Lmax=-0.11
21:22:09 [ultranest] [DEBUG] iteration=4783, ncalls=48014, regioncalls=1948920, ndraw=40, logz=-7.91, remainder_fraction=1.3391%, Lmin=-0.31, Lmax=-0.11
21:22:10 [ultranest] [DEBUG] iteration=4784, ncalls=48037, regioncalls=1949840, ndraw=40, logz=-7.91, remainder_fraction=1.3361%, Lmin=-0.31, Lmax=-0.11
21:22:10 [ultranest] [DEBUG] iteration=4785, ncalls=48052, regioncalls=1950440, ndraw=40, logz=-7.91, remainder_fraction=1.3328%, Lmin=-0.31, Lmax=-0.11
21:22:10 [ultranest] [DEBUG] iteration=4786, ncalls=48118, regioncalls=1953080, ndraw=40, logz=-7.91, remainder_fraction=1.3298%, Lmin=-0.31, Lmax=-0.11
21:22:11 [ultranest] [DEBUG] iteration=4787, ncalls=48133, regioncalls=1953680, ndraw=40, logz=-7.91, remainder_fraction=1.3265%, Lmin=-0.31, Lmax=-0.11
21:22:11 [ultranest] [DEBUG] iteration=4788, ncalls=48165, regioncalls=1954960, ndraw=40, logz=-7.91, remainder_fraction=1.3234%, Lmin=-0.31, Lmax=-0.11
21:22:11 [ultranest] [DEBUG] iteration=4789, ncalls=48192, regioncalls=1956040, ndraw=40, logz=-7.91, remainder_fraction=1.3205%, Lmin=-0.31, Lmax=-0.11
21:22:11 [ultranest] [DEBUG] iteration=4791, ncalls=48201, regioncalls=1956400, ndraw=40, logz=-7.91, remainder_fraction=1.3145%, Lmin=-0.31, Lmax=-0.11
21:22:12 [ultranest] [DEBUG] iteration=4792, ncalls=48235, regioncalls=1957760, ndraw=40, logz=-7.91, remainder_fraction=1.3112%, Lmin=-0.31, Lmax=-0.11
21:22:12 [ultranest] [DEBUG] iteration=4793, ncalls=48250, regioncalls=1958360, ndraw=40, logz=-7.91, remainder_fraction=1.3080%, Lmin=-0.31, Lmax=-0.11
21:22:12 [ultranest] [DEBUG] iteration=4794, ncalls=48270, regioncalls=1959160, ndraw=40, logz=-7.91, remainder_fraction=1.3050%, Lmin=-0.31, Lmax=-0.11
21:22:12 [ultranest] [DEBUG] iteration=4797, ncalls=48299, regioncalls=1960320, ndraw=40, logz=-7.91, remainder_fraction=1.2956%, Lmin=-0.31, Lmax=-0.11
21:22:13 [ultranest] [DEBUG] iteration=4798, ncalls=48316, regioncalls=1961000, ndraw=40, logz=-7.91, remainder_fraction=1.2926%, Lmin=-0.31, Lmax=-0.11
21:22:13 [ultranest] [DEBUG] iteration=4799, ncalls=48325, regioncalls=1961360, ndraw=40, logz=-7.90, remainder_fraction=1.2895%, Lmin=-0.31, Lmax=-0.11
21:22:13 [ultranest] [DEBUG] iteration=4800, ncalls=48327, regioncalls=1961440, ndraw=40, logz=-7.90, remainder_fraction=1.2864%, Lmin=-0.31, Lmax=-0.11
21:22:13 [ultranest] [DEBUG] iteration=4802, ncalls=48358, regioncalls=1962680, ndraw=40, logz=-7.90, remainder_fraction=1.2803%, Lmin=-0.31, Lmax=-0.11
21:22:13 [ultranest] [DEBUG] iteration=4804, ncalls=48396, regioncalls=1964200, ndraw=40, logz=-7.90, remainder_fraction=1.2745%, Lmin=-0.31, Lmax=-0.11
21:22:14 [ultranest] [DEBUG] iteration=4806, ncalls=48408, regioncalls=1964680, ndraw=40, logz=-7.90, remainder_fraction=1.2682%, Lmin=-0.31, Lmax=-0.11
21:22:14 [ultranest] [DEBUG] iteration=4808, ncalls=48417, regioncalls=1965040, ndraw=40, logz=-7.90, remainder_fraction=1.2624%, Lmin=-0.31, Lmax=-0.11
21:22:14 [ultranest] [DEBUG] iteration=4809, ncalls=48456, regioncalls=1966600, ndraw=40, logz=-7.90, remainder_fraction=1.2596%, Lmin=-0.31, Lmax=-0.11
21:22:15 [ultranest] [DEBUG] iteration=4810, ncalls=48523, regioncalls=1969280, ndraw=40, logz=-7.90, remainder_fraction=1.2567%, Lmin=-0.31, Lmax=-0.11
21:22:15 [ultranest] [DEBUG] iteration=4811, ncalls=48556, regioncalls=1970600, ndraw=40, logz=-7.90, remainder_fraction=1.2539%, Lmin=-0.31, Lmax=-0.11
21:22:16 [ultranest] [DEBUG] iteration=4813, ncalls=48616, regioncalls=1973000, ndraw=40, logz=-7.90, remainder_fraction=1.2476%, Lmin=-0.31, Lmax=-0.11
21:22:16 [ultranest] [DEBUG] iteration=4814, ncalls=48629, regioncalls=1973520, ndraw=40, logz=-7.90, remainder_fraction=1.2447%, Lmin=-0.31, Lmax=-0.11
21:22:17 [ultranest] [DEBUG] iteration=4817, ncalls=48689, regioncalls=1975920, ndraw=40, logz=-7.90, remainder_fraction=1.2358%, Lmin=-0.31, Lmax=-0.11
21:22:17 [ultranest] [DEBUG] iteration=4818, ncalls=48701, regioncalls=1976400, ndraw=40, logz=-7.90, remainder_fraction=1.2328%, Lmin=-0.31, Lmax=-0.11
21:22:17 [ultranest] [DEBUG] iteration=4820, ncalls=48720, regioncalls=1977160, ndraw=40, logz=-7.90, remainder_fraction=1.2270%, Lmin=-0.31, Lmax=-0.11
21:22:17 [ultranest] [DEBUG] iteration=4821, ncalls=48748, regioncalls=1978280, ndraw=40, logz=-7.90, remainder_fraction=1.2242%, Lmin=-0.31, Lmax=-0.11
21:22:18 [ultranest] [DEBUG] iteration=4822, ncalls=48780, regioncalls=1979560, ndraw=40, logz=-7.90, remainder_fraction=1.2212%, Lmin=-0.31, Lmax=-0.11
21:22:18 [ultranest] [DEBUG] iteration=4823, ncalls=48793, regioncalls=1980080, ndraw=40, logz=-7.90, remainder_fraction=1.2182%, Lmin=-0.31, Lmax=-0.11
21:22:18 [ultranest] [DEBUG] iteration=4824, ncalls=48804, regioncalls=1980520, ndraw=40, logz=-7.90, remainder_fraction=1.2154%, Lmin=-0.31, Lmax=-0.11
21:22:18 [ultranest] [DEBUG] iteration=4825, ncalls=48812, regioncalls=1980840, ndraw=40, logz=-7.90, remainder_fraction=1.2125%, Lmin=-0.31, Lmax=-0.11
21:22:18 [ultranest] [DEBUG] iteration=4826, ncalls=48822, regioncalls=1981240, ndraw=40, logz=-7.90, remainder_fraction=1.2094%, Lmin=-0.31, Lmax=-0.11
21:22:18 [ultranest] [DEBUG] iteration=4828, ncalls=48831, regioncalls=1981600, ndraw=40, logz=-7.90, remainder_fraction=1.2037%, Lmin=-0.31, Lmax=-0.11
21:22:18 [ultranest] [DEBUG] iteration=4829, ncalls=48840, regioncalls=1981960, ndraw=40, logz=-7.90, remainder_fraction=1.2007%, Lmin=-0.30, Lmax=-0.11
21:22:19 [ultranest] [DEBUG] iteration=4830, ncalls=48891, regioncalls=1984000, ndraw=40, logz=-7.90, remainder_fraction=1.1978%, Lmin=-0.30, Lmax=-0.11
21:22:19 [ultranest] [DEBUG] iteration=4831, ncalls=48930, regioncalls=1985560, ndraw=40, logz=-7.90, remainder_fraction=1.1951%, Lmin=-0.30, Lmax=-0.11
21:22:20 [ultranest] [DEBUG] iteration=4833, ncalls=49008, regioncalls=1988680, ndraw=40, logz=-7.90, remainder_fraction=1.1893%, Lmin=-0.30, Lmax=-0.11
21:22:20 [ultranest] [DEBUG] iteration=4836, ncalls=49027, regioncalls=1989440, ndraw=40, logz=-7.90, remainder_fraction=1.1808%, Lmin=-0.30, Lmax=-0.11
21:22:21 [ultranest] [DEBUG] iteration=4837, ncalls=49055, regioncalls=1990560, ndraw=40, logz=-7.90, remainder_fraction=1.1782%, Lmin=-0.30, Lmax=-0.11
21:22:21 [ultranest] [DEBUG] iteration=4838, ncalls=49080, regioncalls=1991560, ndraw=40, logz=-7.90, remainder_fraction=1.1755%, Lmin=-0.30, Lmax=-0.11
21:22:21 [ultranest] [DEBUG] iteration=4840, ncalls=49101, regioncalls=1992400, ndraw=40, logz=-7.90, remainder_fraction=1.1703%, Lmin=-0.30, Lmax=-0.11
21:22:22 [ultranest] [DEBUG] iteration=4841, ncalls=49128, regioncalls=1993480, ndraw=40, logz=-7.90, remainder_fraction=1.1674%, Lmin=-0.30, Lmax=-0.11
21:22:22 [ultranest] [DEBUG] iteration=4842, ncalls=49145, regioncalls=1994160, ndraw=40, logz=-7.90, remainder_fraction=1.1645%, Lmin=-0.30, Lmax=-0.11
21:22:22 [ultranest] [DEBUG] iteration=4844, ncalls=49161, regioncalls=1994800, ndraw=40, logz=-7.90, remainder_fraction=1.1588%, Lmin=-0.30, Lmax=-0.11
21:22:22 [ultranest] [DEBUG] iteration=4846, ncalls=49186, regioncalls=1995800, ndraw=40, logz=-7.90, remainder_fraction=1.1532%, Lmin=-0.30, Lmax=-0.11
21:22:23 [ultranest] [DEBUG] iteration=4847, ncalls=49238, regioncalls=1997880, ndraw=40, logz=-7.90, remainder_fraction=1.1503%, Lmin=-0.30, Lmax=-0.11
21:22:23 [ultranest] [DEBUG] iteration=4849, ncalls=49270, regioncalls=1999160, ndraw=40, logz=-7.90, remainder_fraction=1.1450%, Lmin=-0.30, Lmax=-0.11
21:22:24 [ultranest] [DEBUG] iteration=4851, ncalls=49304, regioncalls=2000520, ndraw=40, logz=-7.90, remainder_fraction=1.1397%, Lmin=-0.30, Lmax=-0.11
21:22:24 [ultranest] [DEBUG] iteration=4852, ncalls=49323, regioncalls=2001280, ndraw=40, logz=-7.90, remainder_fraction=1.1370%, Lmin=-0.30, Lmax=-0.11
21:22:24 [ultranest] [DEBUG] iteration=4853, ncalls=49358, regioncalls=2002680, ndraw=40, logz=-7.90, remainder_fraction=1.1342%, Lmin=-0.30, Lmax=-0.11
21:22:25 [ultranest] [DEBUG] iteration=4855, ncalls=49421, regioncalls=2005200, ndraw=40, logz=-7.90, remainder_fraction=1.1288%, Lmin=-0.30, Lmax=-0.11
21:22:25 [ultranest] [DEBUG] iteration=4856, ncalls=49432, regioncalls=2005640, ndraw=40, logz=-7.90, remainder_fraction=1.1260%, Lmin=-0.30, Lmax=-0.11
21:22:25 [ultranest] [DEBUG] iteration=4857, ncalls=49442, regioncalls=2006040, ndraw=40, logz=-7.90, remainder_fraction=1.1234%, Lmin=-0.30, Lmax=-0.11
21:22:26 [ultranest] [DEBUG] iteration=4858, ncalls=49578, regioncalls=2011480, ndraw=40, logz=-7.90, remainder_fraction=1.1207%, Lmin=-0.30, Lmax=-0.11
21:22:27 [ultranest] [DEBUG] iteration=4859, ncalls=49592, regioncalls=2012040, ndraw=40, logz=-7.90, remainder_fraction=1.1180%, Lmin=-0.30, Lmax=-0.11
21:22:27 [ultranest] [DEBUG] iteration=4860, ncalls=49608, regioncalls=2012680, ndraw=40, logz=-7.90, remainder_fraction=1.1155%, Lmin=-0.30, Lmax=-0.11
21:22:27 [ultranest] [DEBUG] iteration=4861, ncalls=49621, regioncalls=2013200, ndraw=40, logz=-7.90, remainder_fraction=1.1128%, Lmin=-0.30, Lmax=-0.11
21:22:27 [ultranest] [DEBUG] iteration=4862, ncalls=49650, regioncalls=2014360, ndraw=40, logz=-7.90, remainder_fraction=1.1100%, Lmin=-0.30, Lmax=-0.11
21:22:28 [ultranest] [DEBUG] iteration=4864, ncalls=49685, regioncalls=2015760, ndraw=40, logz=-7.90, remainder_fraction=1.1048%, Lmin=-0.30, Lmax=-0.11
21:22:28 [ultranest] [DEBUG] iteration=4866, ncalls=49727, regioncalls=2017440, ndraw=40, logz=-7.90, remainder_fraction=1.0996%, Lmin=-0.30, Lmax=-0.11
21:22:28 [ultranest] [DEBUG] iteration=4868, ncalls=49769, regioncalls=2019120, ndraw=40, logz=-7.90, remainder_fraction=1.0949%, Lmin=-0.30, Lmax=-0.11
21:22:29 [ultranest] [DEBUG] iteration=4870, ncalls=49780, regioncalls=2019560, ndraw=40, logz=-7.90, remainder_fraction=1.0897%, Lmin=-0.30, Lmax=-0.11
21:22:29 [ultranest] [DEBUG] iteration=4872, ncalls=49793, regioncalls=2020080, ndraw=40, logz=-7.90, remainder_fraction=1.0849%, Lmin=-0.30, Lmax=-0.11
21:22:29 [ultranest] [DEBUG] iteration=4875, ncalls=49811, regioncalls=2020800, ndraw=40, logz=-7.90, remainder_fraction=1.0772%, Lmin=-0.29, Lmax=-0.11
21:22:29 [ultranest] [DEBUG] iteration=4876, ncalls=49821, regioncalls=2021200, ndraw=40, logz=-7.90, remainder_fraction=1.0749%, Lmin=-0.29, Lmax=-0.11
21:22:29 [ultranest] [DEBUG] iteration=4878, ncalls=49832, regioncalls=2021640, ndraw=40, logz=-7.90, remainder_fraction=1.0698%, Lmin=-0.29, Lmax=-0.11
21:22:30 [ultranest] [DEBUG] iteration=4880, ncalls=49869, regioncalls=2023120, ndraw=40, logz=-7.90, remainder_fraction=1.0646%, Lmin=-0.29, Lmax=-0.11
21:22:30 [ultranest] [DEBUG] iteration=4883, ncalls=49953, regioncalls=2026480, ndraw=40, logz=-7.90, remainder_fraction=1.0572%, Lmin=-0.29, Lmax=-0.11
21:22:31 [ultranest] [DEBUG] iteration=4884, ncalls=49966, regioncalls=2027000, ndraw=40, logz=-7.90, remainder_fraction=1.0547%, Lmin=-0.29, Lmax=-0.11
21:22:31 [ultranest] [DEBUG] iteration=4885, ncalls=49986, regioncalls=2027800, ndraw=40, logz=-7.90, remainder_fraction=1.0521%, Lmin=-0.29, Lmax=-0.11
21:22:31 [ultranest] [DEBUG] iteration=4886, ncalls=50033, regioncalls=2029680, ndraw=40, logz=-7.90, remainder_fraction=1.0497%, Lmin=-0.29, Lmax=-0.11
21:22:32 [ultranest] [DEBUG] iteration=4889, ncalls=50079, regioncalls=2031520, ndraw=40, logz=-7.90, remainder_fraction=1.0421%, Lmin=-0.29, Lmax=-0.11
21:22:32 [ultranest] [DEBUG] iteration=4890, ncalls=50095, regioncalls=2032160, ndraw=40, logz=-7.90, remainder_fraction=1.0399%, Lmin=-0.29, Lmax=-0.11
21:22:32 [ultranest] [DEBUG] iteration=4892, ncalls=50104, regioncalls=2032520, ndraw=40, logz=-7.90, remainder_fraction=1.0351%, Lmin=-0.29, Lmax=-0.11
21:22:32 [ultranest] [DEBUG] iteration=4893, ncalls=50123, regioncalls=2033280, ndraw=40, logz=-7.90, remainder_fraction=1.0327%, Lmin=-0.29, Lmax=-0.11
21:22:33 [ultranest] [DEBUG] iteration=4896, ncalls=50166, regioncalls=2035000, ndraw=40, logz=-7.90, remainder_fraction=1.0253%, Lmin=-0.29, Lmax=-0.11
21:22:33 [ultranest] [DEBUG] iteration=4897, ncalls=50195, regioncalls=2036160, ndraw=40, logz=-7.90, remainder_fraction=1.0229%, Lmin=-0.29, Lmax=-0.11
21:22:34 [ultranest] [DEBUG] iteration=4898, ncalls=50297, regioncalls=2040240, ndraw=40, logz=-7.90, remainder_fraction=1.0204%, Lmin=-0.29, Lmax=-0.11
21:22:34 [ultranest] [DEBUG] iteration=4899, ncalls=50321, regioncalls=2041200, ndraw=40, logz=-7.90, remainder_fraction=1.0181%, Lmin=-0.29, Lmax=-0.11
21:22:34 [ultranest] [DEBUG] iteration=4901, ncalls=50333, regioncalls=2041680, ndraw=40, logz=-7.90, remainder_fraction=1.0134%, Lmin=-0.29, Lmax=-0.11
21:22:35 [ultranest] [DEBUG] iteration=4902, ncalls=50357, regioncalls=2042640, ndraw=40, logz=-7.90, remainder_fraction=1.0109%, Lmin=-0.29, Lmax=-0.11
21:22:35 [ultranest] [DEBUG] iteration=4903, ncalls=50411, regioncalls=2044800, ndraw=40, logz=-7.90, remainder_fraction=1.0084%, Lmin=-0.29, Lmax=-0.11
21:22:35 [ultranest] [DEBUG] iteration=4905, ncalls=50426, regioncalls=2045400, ndraw=40, logz=-7.90, remainder_fraction=1.0035%, Lmin=-0.29, Lmax=-0.11
21:22:36 [ultranest] [DEBUG] iteration=4906, ncalls=50455, regioncalls=2046560, ndraw=40, logz=-7.90, remainder_fraction=1.0012%, Lmin=-0.29, Lmax=-0.11
21:22:36 [ultranest] [INFO] Explored until L=-0.1  
21:22:36 [ultranest] [INFO] Likelihood function evaluations: 50455
21:22:39 [ultranest] [INFO] Writing samples and results to disk ...
21:22:39 [ultranest] [INFO] Writing samples and results to disk ... done
21:22:39 [ultranest] [DEBUG] did a run_iter pass!
21:22:39 [ultranest] [INFO]   logZ = -7.882 +- 0.09108
21:22:39 [ultranest] [INFO] Effective samples strategy satisfied (ESS = 3241.0, need >400)
21:22:39 [ultranest] [INFO] Posterior uncertainty strategy is satisfied (KL: 0.47+-0.06 nat, need <0.50 nat)
21:22:39 [ultranest] [INFO] Evidency uncertainty strategy is satisfied (dlogz=0.09, need <0.5)
21:22:39 [ultranest] [INFO]   logZ error budget: single: 0.10 bs:0.09 tail:0.01 total:0.09 required:<0.50
21:22:39 [ultranest] [INFO] done iterating.
21:22:40 [ultranest] [DEBUG] Making corner plot ...
21:22:47 [ultranest] [DEBUG] Making corner plot ... done
21:22:47 [ultranest] [DEBUG] Making run plot ... 
21:22:49 [ultranest] [DEBUG] Making run plot ... done
21:22:49 [ultranest] [DEBUG] Making trace plot ... 
21:22:57 [ultranest] [DEBUG] Making trace plot ... done
21:22:57 [ultranest] [DEBUG] Making trace plot ... 
21:23:04 [ultranest] [DEBUG] Making trace plot ... done
21:23:04 [ultranest] [DEBUG] Making corner plot ...
21:23:11 [ultranest] [DEBUG] Making corner plot ... done
