12:21:46 [ultranest] [DEBUG] ReactiveNestedSampler: dims=8+0, resume=True, log_dir=/home/ljy/BettiCurveCosmo/PowSpec/model/model-fof/mcmc_result/1/dim0, backend=hdf5, vectorized=False, nbootstraps=30, ndraw=128..65536
12:21:46 [ultranest] [INFO] Sampling 400 live points from prior ...
12:21:49 [ultranest] [DEBUG] run_iter dlogz=0.5, dKL=0.5, frac_remain=0.01, Lepsilon=0.0010, min_ess=400
12:21:49 [ultranest] [DEBUG] max_iters=-1, max_ncalls=-1, max_num_improvement_loops=-1, min_num_live_points=400, cluster_num_live_points=40
12:21:49 [ultranest] [DEBUG] minimal_widths_sequence: [(-inf, 400.0), (inf, 400.0)]
12:21:49 [ultranest] [DEBUG] iteration=0, ncalls=401, regioncalls=40, ndraw=40, logz=-inf, remainder_fraction=100.0000%, Lmin=-343701.69, Lmax=-30.69
12:21:49 [ultranest] [DEBUG] iteration=11, ncalls=413, regioncalls=520, ndraw=40, logz=-44082.58, remainder_fraction=100.0000%, Lmin=-43975.66, Lmax=-30.69
12:21:49 [ultranest] [DEBUG] iteration=20, ncalls=425, regioncalls=1000, ndraw=40, logz=-9662.74, remainder_fraction=100.0000%, Lmin=-8856.75, Lmax=-30.69
12:21:49 [ultranest] [DEBUG] iteration=31, ncalls=436, regioncalls=1440, ndraw=40, logz=-944.38, remainder_fraction=100.0000%, Lmin=-853.19, Lmax=-30.69
12:21:50 [ultranest] [DEBUG] iteration=40, ncalls=445, regioncalls=1800, ndraw=40, logz=-498.63, remainder_fraction=100.0000%, Lmin=-485.73, Lmax=-30.69
12:21:50 [ultranest] [DEBUG] iteration=52, ncalls=457, regioncalls=2280, ndraw=40, logz=-414.41, remainder_fraction=100.0000%, Lmin=-410.04, Lmax=-30.69
12:21:50 [ultranest] [DEBUG] Plateau detected at L=-4.100408e+02, not replacing live point.
12:21:50 [ultranest] [DEBUG] Plateau detected at L=-4.100408e+02, not replacing live point.
12:21:50 [ultranest] [DEBUG] Plateau detected at L=-4.100408e+02, not replacing live point.
12:21:50 [ultranest] [DEBUG] Plateau detected at L=-4.100408e+02, not replacing live point.
12:21:50 [ultranest] [DEBUG] Plateau detected at L=-4.100408e+02, not replacing live point.
12:21:50 [ultranest] [DEBUG] Plateau detected at L=-4.100408e+02, not replacing live point.
12:21:50 [ultranest] [DEBUG] Plateau detected at L=-4.100408e+02, not replacing live point.
12:21:50 [ultranest] [DEBUG] Plateau detected at L=-4.100408e+02, not replacing live point.
12:21:50 [ultranest] [DEBUG] Plateau detected at L=-4.100408e+02, not replacing live point.
12:21:50 [ultranest] [DEBUG] Plateau detected at L=-4.100408e+02, not replacing live point.
12:21:50 [ultranest] [DEBUG] Plateau detected at L=-4.100408e+02, not replacing live point.
12:21:50 [ultranest] [DEBUG] Plateau detected at L=-4.100408e+02, not replacing live point.
12:21:50 [ultranest] [DEBUG] Plateau detected at L=-4.100408e+02, not replacing live point.
12:21:50 [ultranest] [DEBUG] Plateau detected at L=-4.100408e+02, not replacing live point.
12:21:50 [ultranest] [DEBUG] Plateau detected at L=-4.100408e+02, not replacing live point.
12:21:50 [ultranest] [DEBUG] Plateau detected at L=-4.100408e+02, not replacing live point.
12:21:50 [ultranest] [DEBUG] Plateau detected at L=-4.100408e+02, not replacing live point.
12:21:50 [ultranest] [DEBUG] Plateau detected at L=-4.100408e+02, not replacing live point.
12:21:50 [ultranest] [DEBUG] Plateau detected at L=-4.100408e+02, not replacing live point.
12:21:50 [ultranest] [DEBUG] Plateau detected at L=-4.100408e+02, not replacing live point.
12:21:50 [ultranest] [DEBUG] Plateau detected at L=-4.100408e+02, not replacing live point.
12:21:50 [ultranest] [DEBUG] Plateau detected at L=-4.100408e+02, not replacing live point.
12:21:50 [ultranest] [DEBUG] Plateau detected at L=-4.100408e+02, not replacing live point.
12:21:50 [ultranest] [DEBUG] Plateau detected at L=-4.100408e+02, not replacing live point.
12:21:50 [ultranest] [DEBUG] Plateau detected at L=-4.100408e+02, not replacing live point.
12:21:50 [ultranest] [DEBUG] Plateau detected at L=-4.100408e+02, not replacing live point.
12:21:50 [ultranest] [DEBUG] Plateau detected at L=-4.100408e+02, not replacing live point.
12:21:50 [ultranest] [DEBUG] Plateau detected at L=-4.100408e+02, not replacing live point.
12:21:50 [ultranest] [DEBUG] Plateau detected at L=-4.100408e+02, not replacing live point.
12:21:50 [ultranest] [DEBUG] Plateau detected at L=-4.100408e+02, not replacing live point.
12:21:50 [ultranest] [DEBUG] Plateau detected at L=-4.100408e+02, not replacing live point.
12:21:50 [ultranest] [DEBUG] Plateau detected at L=-4.100408e+02, not replacing live point.
12:21:50 [ultranest] [DEBUG] Plateau detected at L=-4.100408e+02, not replacing live point.
12:21:50 [ultranest] [DEBUG] Plateau detected at L=-4.100408e+02, not replacing live point.
12:21:50 [ultranest] [DEBUG] Plateau detected at L=-4.100408e+02, not replacing live point.
12:21:50 [ultranest] [DEBUG] Plateau detected at L=-4.100408e+02, not replacing live point.
12:21:50 [ultranest] [DEBUG] Plateau detected at L=-4.100408e+02, not replacing live point.
12:21:50 [ultranest] [DEBUG] Plateau detected at L=-4.100408e+02, not replacing live point.
12:21:50 [ultranest] [DEBUG] Plateau detected at L=-4.100408e+02, not replacing live point.
12:21:50 [ultranest] [DEBUG] Plateau detected at L=-4.100408e+02, not replacing live point.
12:21:50 [ultranest] [DEBUG] Plateau detected at L=-4.100408e+02, not replacing live point.
12:21:50 [ultranest] [DEBUG] Plateau detected at L=-4.100408e+02, not replacing live point.
12:21:50 [ultranest] [DEBUG] Plateau detected at L=-4.100408e+02, not replacing live point.
12:21:50 [ultranest] [DEBUG] Plateau detected at L=-4.100408e+02, not replacing live point.
12:21:50 [ultranest] [DEBUG] Plateau detected at L=-4.100408e+02, not replacing live point.
12:21:50 [ultranest] [DEBUG] Plateau detected at L=-4.100408e+02, not replacing live point.
12:21:50 [ultranest] [DEBUG] Plateau detected at L=-4.100408e+02, not replacing live point.
12:21:50 [ultranest] [DEBUG] Plateau detected at L=-4.100408e+02, not replacing live point.
12:21:50 [ultranest] [DEBUG] Plateau detected at L=-4.100408e+02, not replacing live point.
12:21:50 [ultranest] [DEBUG] Plateau detected at L=-4.100408e+02, not replacing live point.
12:21:50 [ultranest] [DEBUG] Plateau detected at L=-4.100408e+02, not replacing live point.
12:21:50 [ultranest] [DEBUG] Plateau detected at L=-4.100408e+02, not replacing live point.
12:21:50 [ultranest] [DEBUG] Plateau detected at L=-4.100408e+02, not replacing live point.
12:21:50 [ultranest] [DEBUG] Plateau detected at L=-4.100408e+02, not replacing live point.
12:21:50 [ultranest] [DEBUG] Plateau detected at L=-4.100408e+02, not replacing live point.
12:21:50 [ultranest] [DEBUG] Plateau detected at L=-4.100408e+02, not replacing live point.
12:21:50 [ultranest] [DEBUG] Plateau detected at L=-4.100408e+02, not replacing live point.
12:21:50 [ultranest] [DEBUG] Plateau detected at L=-4.100408e+02, not replacing live point.
12:21:50 [ultranest] [DEBUG] Plateau detected at L=-4.100408e+02, not replacing live point.
12:21:50 [ultranest] [DEBUG] Plateau detected at L=-4.100408e+02, not replacing live point.
12:21:50 [ultranest] [DEBUG] Plateau detected at L=-4.100408e+02, not replacing live point.
12:21:50 [ultranest] [DEBUG] Plateau detected at L=-4.100408e+02, not replacing live point.
12:21:50 [ultranest] [DEBUG] Plateau detected at L=-4.100408e+02, not replacing live point.
12:21:50 [ultranest] [DEBUG] Plateau detected at L=-4.100408e+02, not replacing live point.
12:21:50 [ultranest] [DEBUG] Plateau detected at L=-4.100408e+02, not replacing live point.
12:21:50 [ultranest] [DEBUG] Plateau detected at L=-4.100408e+02, not replacing live point.
12:21:50 [ultranest] [DEBUG] Plateau detected at L=-4.100408e+02, not replacing live point.
12:21:50 [ultranest] [DEBUG] Plateau detected at L=-4.100408e+02, not replacing live point.
12:21:50 [ultranest] [DEBUG] Plateau detected at L=-4.100408e+02, not replacing live point.
12:21:50 [ultranest] [DEBUG] Plateau detected at L=-4.100408e+02, not replacing live point.
12:21:50 [ultranest] [DEBUG] Plateau detected at L=-4.100408e+02, not replacing live point.
12:21:50 [ultranest] [DEBUG] Plateau detected at L=-4.100408e+02, not replacing live point.
12:21:50 [ultranest] [DEBUG] Plateau detected at L=-4.100408e+02, not replacing live point.
12:21:50 [ultranest] [DEBUG] Plateau detected at L=-4.100408e+02, not replacing live point.
12:21:50 [ultranest] [DEBUG] Plateau detected at L=-4.100408e+02, not replacing live point.
12:21:50 [ultranest] [DEBUG] Plateau detected at L=-4.100408e+02, not replacing live point.
12:21:50 [ultranest] [DEBUG] Plateau detected at L=-4.100408e+02, not replacing live point.
12:21:50 [ultranest] [DEBUG] Plateau detected at L=-4.100408e+02, not replacing live point.
12:21:50 [ultranest] [DEBUG] Plateau detected at L=-4.100408e+02, not replacing live point.
12:21:50 [ultranest] [DEBUG] Plateau detected at L=-4.100408e+02, not replacing live point.
12:21:50 [ultranest] [DEBUG] Plateau detected at L=-4.100408e+02, not replacing live point.
12:21:50 [ultranest] [DEBUG] Plateau detected at L=-4.100408e+02, not replacing live point.
12:21:50 [ultranest] [DEBUG] Plateau detected at L=-4.100408e+02, not replacing live point.
12:21:50 [ultranest] [DEBUG] Plateau detected at L=-4.100408e+02, not replacing live point.
12:21:50 [ultranest] [DEBUG] Plateau detected at L=-4.100408e+02, not replacing live point.
12:21:50 [ultranest] [DEBUG] Plateau detected at L=-4.100408e+02, not replacing live point.
12:21:50 [ultranest] [DEBUG] Plateau detected at L=-4.100408e+02, not replacing live point.
12:21:50 [ultranest] [DEBUG] Plateau detected at L=-4.100408e+02, not replacing live point.
12:21:50 [ultranest] [DEBUG] Plateau detected at L=-4.100408e+02, not replacing live point.
12:21:50 [ultranest] [DEBUG] Plateau detected at L=-4.100408e+02, not replacing live point.
12:21:50 [ultranest] [DEBUG] Plateau detected at L=-4.100408e+02, not replacing live point.
12:21:50 [ultranest] [DEBUG] Plateau detected at L=-4.100408e+02, not replacing live point.
12:21:50 [ultranest] [DEBUG] Plateau detected at L=-4.100408e+02, not replacing live point.
12:21:50 [ultranest] [DEBUG] Plateau detected at L=-4.100408e+02, not replacing live point.
12:21:50 [ultranest] [DEBUG] Plateau detected at L=-4.100408e+02, not replacing live point.
12:21:50 [ultranest] [DEBUG] Plateau detected at L=-4.100408e+02, not replacing live point.
12:21:50 [ultranest] [DEBUG] Plateau detected at L=-4.100408e+02, not replacing live point.
12:21:50 [ultranest] [DEBUG] Plateau detected at L=-4.100408e+02, not replacing live point.
12:21:50 [ultranest] [DEBUG] Plateau detected at L=-4.100408e+02, not replacing live point.
12:21:50 [ultranest] [DEBUG] Plateau detected at L=-4.100408e+02, not replacing live point.
12:21:50 [ultranest] [DEBUG] Plateau detected at L=-4.100408e+02, not replacing live point.
12:21:50 [ultranest] [DEBUG] Plateau detected at L=-4.100408e+02, not replacing live point.
12:21:50 [ultranest] [DEBUG] Plateau detected at L=-4.100408e+02, not replacing live point.
12:21:50 [ultranest] [DEBUG] Plateau detected at L=-4.100408e+02, not replacing live point.
12:21:50 [ultranest] [DEBUG] Plateau detected at L=-4.100408e+02, not replacing live point.
12:21:50 [ultranest] [DEBUG] Plateau detected at L=-4.100408e+02, not replacing live point.
12:21:50 [ultranest] [DEBUG] Plateau detected at L=-4.100408e+02, not replacing live point.
12:21:50 [ultranest] [DEBUG] Plateau detected at L=-4.100408e+02, not replacing live point.
12:21:50 [ultranest] [DEBUG] Plateau detected at L=-4.100408e+02, not replacing live point.
12:21:50 [ultranest] [DEBUG] Plateau detected at L=-4.100408e+02, not replacing live point.
12:21:50 [ultranest] [DEBUG] Plateau detected at L=-4.100408e+02, not replacing live point.
12:21:50 [ultranest] [DEBUG] Plateau detected at L=-4.100408e+02, not replacing live point.
12:21:50 [ultranest] [DEBUG] Plateau detected at L=-4.100408e+02, not replacing live point.
12:21:50 [ultranest] [DEBUG] Plateau detected at L=-4.100408e+02, not replacing live point.
12:21:50 [ultranest] [DEBUG] Plateau detected at L=-4.100408e+02, not replacing live point.
12:21:50 [ultranest] [DEBUG] Plateau detected at L=-4.100408e+02, not replacing live point.
12:21:50 [ultranest] [DEBUG] Plateau detected at L=-4.100408e+02, not replacing live point.
12:21:50 [ultranest] [DEBUG] Plateau detected at L=-4.100408e+02, not replacing live point.
12:21:50 [ultranest] [DEBUG] Plateau detected at L=-4.100408e+02, not replacing live point.
12:21:50 [ultranest] [DEBUG] Plateau detected at L=-4.100408e+02, not replacing live point.
12:21:50 [ultranest] [DEBUG] Plateau detected at L=-4.100408e+02, not replacing live point.
12:21:50 [ultranest] [DEBUG] Plateau detected at L=-4.100408e+02, not replacing live point.
12:21:50 [ultranest] [DEBUG] Plateau detected at L=-4.100408e+02, not replacing live point.
12:21:50 [ultranest] [DEBUG] Plateau detected at L=-4.100408e+02, not replacing live point.
12:21:50 [ultranest] [DEBUG] Plateau detected at L=-4.100408e+02, not replacing live point.
12:21:50 [ultranest] [DEBUG] Plateau detected at L=-4.100408e+02, not replacing live point.
12:21:50 [ultranest] [DEBUG] Plateau detected at L=-4.100408e+02, not replacing live point.
12:21:50 [ultranest] [DEBUG] Plateau detected at L=-4.100408e+02, not replacing live point.
12:21:50 [ultranest] [DEBUG] Plateau detected at L=-4.100408e+02, not replacing live point.
12:21:50 [ultranest] [DEBUG] Plateau detected at L=-4.100408e+02, not replacing live point.
12:21:50 [ultranest] [DEBUG] Plateau detected at L=-4.100408e+02, not replacing live point.
12:21:50 [ultranest] [DEBUG] Plateau detected at L=-4.100408e+02, not replacing live point.
12:21:50 [ultranest] [DEBUG] Plateau detected at L=-4.100408e+02, not replacing live point.
12:21:50 [ultranest] [DEBUG] Plateau detected at L=-4.100408e+02, not replacing live point.
12:21:50 [ultranest] [DEBUG] Plateau detected at L=-4.100408e+02, not replacing live point.
12:21:50 [ultranest] [DEBUG] Plateau detected at L=-4.100408e+02, not replacing live point.
12:21:50 [ultranest] [DEBUG] Plateau detected at L=-4.100408e+02, not replacing live point.
12:21:50 [ultranest] [DEBUG] Plateau detected at L=-4.100408e+02, not replacing live point.
12:21:50 [ultranest] [DEBUG] Plateau detected at L=-4.100408e+02, not replacing live point.
12:21:50 [ultranest] [DEBUG] Plateau detected at L=-4.100408e+02, not replacing live point.
12:21:50 [ultranest] [DEBUG] Plateau detected at L=-4.100408e+02, not replacing live point.
12:21:50 [ultranest] [DEBUG] Plateau detected at L=-4.100408e+02, not replacing live point.
12:21:50 [ultranest] [DEBUG] Plateau detected at L=-4.100408e+02, not replacing live point.
12:21:50 [ultranest] [DEBUG] Plateau detected at L=-4.100408e+02, not replacing live point.
12:21:50 [ultranest] [DEBUG] Plateau detected at L=-4.100408e+02, not replacing live point.
12:21:50 [ultranest] [DEBUG] Plateau detected at L=-4.100408e+02, not replacing live point.
12:21:50 [ultranest] [DEBUG] Plateau detected at L=-4.100408e+02, not replacing live point.
12:21:50 [ultranest] [DEBUG] Plateau detected at L=-4.100408e+02, not replacing live point.
12:21:50 [ultranest] [DEBUG] Plateau detected at L=-4.100408e+02, not replacing live point.
12:21:50 [ultranest] [DEBUG] Plateau detected at L=-4.100408e+02, not replacing live point.
12:21:50 [ultranest] [DEBUG] Plateau detected at L=-4.100408e+02, not replacing live point.
12:21:50 [ultranest] [DEBUG] Plateau detected at L=-4.100408e+02, not replacing live point.
12:21:50 [ultranest] [DEBUG] Plateau detected at L=-4.100408e+02, not replacing live point.
12:21:50 [ultranest] [DEBUG] Plateau detected at L=-4.100408e+02, not replacing live point.
12:21:50 [ultranest] [DEBUG] Plateau detected at L=-4.100408e+02, not replacing live point.
12:21:50 [ultranest] [DEBUG] Plateau detected at L=-4.100408e+02, not replacing live point.
12:21:50 [ultranest] [DEBUG] Plateau detected at L=-4.100408e+02, not replacing live point.
12:21:50 [ultranest] [DEBUG] Plateau detected at L=-4.100408e+02, not replacing live point.
12:21:50 [ultranest] [DEBUG] Plateau detected at L=-4.100408e+02, not replacing live point.
12:21:50 [ultranest] [DEBUG] Plateau detected at L=-4.100408e+02, not replacing live point.
12:21:50 [ultranest] [DEBUG] Plateau detected at L=-4.100408e+02, not replacing live point.
12:21:50 [ultranest] [DEBUG] Plateau detected at L=-4.100408e+02, not replacing live point.
12:21:50 [ultranest] [DEBUG] Plateau detected at L=-4.100408e+02, not replacing live point.
12:21:50 [ultranest] [DEBUG] Plateau detected at L=-4.100408e+02, not replacing live point.
12:21:50 [ultranest] [DEBUG] Plateau detected at L=-4.100408e+02, not replacing live point.
12:21:50 [ultranest] [DEBUG] Plateau detected at L=-4.100408e+02, not replacing live point.
12:21:50 [ultranest] [DEBUG] Plateau detected at L=-4.100408e+02, not replacing live point.
12:21:50 [ultranest] [DEBUG] Plateau detected at L=-4.100408e+02, not replacing live point.
12:21:50 [ultranest] [DEBUG] Plateau detected at L=-4.100408e+02, not replacing live point.
12:21:50 [ultranest] [DEBUG] Plateau detected at L=-4.100408e+02, not replacing live point.
12:21:50 [ultranest] [DEBUG] Plateau detected at L=-4.100408e+02, not replacing live point.
12:21:50 [ultranest] [DEBUG] Plateau detected at L=-4.100408e+02, not replacing live point.
12:21:50 [ultranest] [DEBUG] Plateau detected at L=-4.100408e+02, not replacing live point.
12:21:50 [ultranest] [DEBUG] Plateau detected at L=-4.100408e+02, not replacing live point.
12:21:50 [ultranest] [DEBUG] Plateau detected at L=-4.100408e+02, not replacing live point.
12:21:50 [ultranest] [DEBUG] Plateau detected at L=-4.100408e+02, not replacing live point.
12:21:50 [ultranest] [DEBUG] Plateau detected at L=-4.100408e+02, not replacing live point.
12:21:50 [ultranest] [DEBUG] Plateau detected at L=-4.100408e+02, not replacing live point.
12:21:50 [ultranest] [DEBUG] Plateau detected at L=-4.100408e+02, not replacing live point.
12:21:50 [ultranest] [DEBUG] Plateau detected at L=-4.100408e+02, not replacing live point.
12:21:50 [ultranest] [DEBUG] Plateau detected at L=-4.100408e+02, not replacing live point.
12:21:50 [ultranest] [DEBUG] Plateau detected at L=-4.100408e+02, not replacing live point.
12:21:50 [ultranest] [DEBUG] Plateau detected at L=-4.100408e+02, not replacing live point.
12:21:50 [ultranest] [DEBUG] Plateau detected at L=-4.100408e+02, not replacing live point.
12:21:50 [ultranest] [DEBUG] Plateau detected at L=-4.100408e+02, not replacing live point.
12:21:50 [ultranest] [DEBUG] Plateau detected at L=-4.100408e+02, not replacing live point.
12:21:50 [ultranest] [DEBUG] Plateau detected at L=-4.100408e+02, not replacing live point.
12:21:50 [ultranest] [DEBUG] Plateau detected at L=-4.100408e+02, not replacing live point.
12:21:50 [ultranest] [DEBUG] Plateau detected at L=-4.100408e+02, not replacing live point.
12:21:50 [ultranest] [DEBUG] Plateau detected at L=-4.100408e+02, not replacing live point.
12:21:50 [ultranest] [DEBUG] Plateau detected at L=-4.100408e+02, not replacing live point.
12:21:50 [ultranest] [DEBUG] Plateau detected at L=-4.100408e+02, not replacing live point.
12:21:50 [ultranest] [DEBUG] Plateau detected at L=-4.100408e+02, not replacing live point.
12:21:50 [ultranest] [DEBUG] Plateau detected at L=-4.100408e+02, not replacing live point.
12:21:50 [ultranest] [DEBUG] Plateau detected at L=-4.100408e+02, not replacing live point.
12:21:50 [ultranest] [DEBUG] Plateau detected at L=-4.100408e+02, not replacing live point.
12:21:50 [ultranest] [DEBUG] Plateau detected at L=-4.100408e+02, not replacing live point.
12:21:50 [ultranest] [DEBUG] Plateau detected at L=-4.100408e+02, not replacing live point.
12:21:50 [ultranest] [DEBUG] Plateau detected at L=-4.100408e+02, not replacing live point.
12:21:50 [ultranest] [DEBUG] Plateau detected at L=-4.100408e+02, not replacing live point.
12:21:50 [ultranest] [DEBUG] Plateau detected at L=-4.100408e+02, not replacing live point.
12:21:50 [ultranest] [DEBUG] Plateau detected at L=-4.100408e+02, not replacing live point.
12:21:50 [ultranest] [DEBUG] Plateau detected at L=-4.100408e+02, not replacing live point.
12:21:50 [ultranest] [DEBUG] Plateau detected at L=-4.100408e+02, not replacing live point.
12:21:50 [ultranest] [DEBUG] Plateau detected at L=-4.100408e+02, not replacing live point.
12:21:50 [ultranest] [DEBUG] Plateau detected at L=-4.100408e+02, not replacing live point.
12:21:50 [ultranest] [DEBUG] Plateau detected at L=-4.100408e+02, not replacing live point.
12:21:50 [ultranest] [DEBUG] Plateau detected at L=-4.100408e+02, not replacing live point.
12:21:50 [ultranest] [DEBUG] Plateau detected at L=-4.100408e+02, not replacing live point.
12:21:50 [ultranest] [DEBUG] Plateau detected at L=-4.100408e+02, not replacing live point.
12:21:50 [ultranest] [DEBUG] Plateau detected at L=-4.100408e+02, not replacing live point.
12:21:50 [ultranest] [DEBUG] Plateau detected at L=-4.100408e+02, not replacing live point.
12:21:50 [ultranest] [DEBUG] Plateau detected at L=-4.100408e+02, not replacing live point.
12:21:50 [ultranest] [DEBUG] Plateau detected at L=-4.100408e+02, not replacing live point.
12:21:50 [ultranest] [DEBUG] Plateau detected at L=-4.100408e+02, not replacing live point.
12:21:50 [ultranest] [DEBUG] Plateau detected at L=-4.100408e+02, not replacing live point.
12:21:50 [ultranest] [DEBUG] Plateau detected at L=-4.100408e+02, not replacing live point.
12:21:50 [ultranest] [DEBUG] Plateau detected at L=-4.100408e+02, not replacing live point.
12:21:50 [ultranest] [DEBUG] Plateau detected at L=-4.100408e+02, not replacing live point.
12:21:50 [ultranest] [DEBUG] Plateau detected at L=-4.100408e+02, not replacing live point.
12:21:50 [ultranest] [DEBUG] Plateau detected at L=-4.100408e+02, not replacing live point.
12:21:50 [ultranest] [DEBUG] Plateau detected at L=-4.100408e+02, not replacing live point.
12:21:50 [ultranest] [DEBUG] Plateau detected at L=-4.100408e+02, not replacing live point.
12:21:50 [ultranest] [DEBUG] Plateau detected at L=-4.100408e+02, not replacing live point.
12:21:50 [ultranest] [DEBUG] Plateau detected at L=-4.100408e+02, not replacing live point.
12:21:50 [ultranest] [DEBUG] Plateau detected at L=-4.100408e+02, not replacing live point.
12:21:50 [ultranest] [DEBUG] Plateau detected at L=-4.100408e+02, not replacing live point.
12:21:50 [ultranest] [DEBUG] Plateau detected at L=-4.100408e+02, not replacing live point.
12:21:50 [ultranest] [DEBUG] Plateau detected at L=-4.100408e+02, not replacing live point.
12:21:50 [ultranest] [DEBUG] Plateau detected at L=-4.100408e+02, not replacing live point.
12:21:50 [ultranest] [DEBUG] Plateau detected at L=-4.100408e+02, not replacing live point.
12:21:50 [ultranest] [DEBUG] Plateau detected at L=-4.100408e+02, not replacing live point.
12:21:50 [ultranest] [DEBUG] Plateau detected at L=-4.100408e+02, not replacing live point.
12:21:50 [ultranest] [DEBUG] Plateau detected at L=-4.100408e+02, not replacing live point.
12:21:50 [ultranest] [DEBUG] Plateau detected at L=-4.100408e+02, not replacing live point.
12:21:50 [ultranest] [DEBUG] Plateau detected at L=-4.100408e+02, not replacing live point.
12:21:50 [ultranest] [DEBUG] Plateau detected at L=-4.100408e+02, not replacing live point.
12:21:50 [ultranest] [DEBUG] Plateau detected at L=-4.100408e+02, not replacing live point.
12:21:50 [ultranest] [DEBUG] Plateau detected at L=-4.100408e+02, not replacing live point.
12:21:50 [ultranest] [DEBUG] Plateau detected at L=-4.100408e+02, not replacing live point.
12:21:50 [ultranest] [DEBUG] Plateau detected at L=-4.100408e+02, not replacing live point.
12:21:50 [ultranest] [DEBUG] Plateau detected at L=-4.100408e+02, not replacing live point.
12:21:50 [ultranest] [DEBUG] Plateau detected at L=-4.100408e+02, not replacing live point.
12:21:50 [ultranest] [DEBUG] Plateau detected at L=-4.100408e+02, not replacing live point.
12:21:50 [ultranest] [DEBUG] Plateau detected at L=-4.100408e+02, not replacing live point.
12:21:50 [ultranest] [DEBUG] Plateau detected at L=-4.100408e+02, not replacing live point.
12:21:50 [ultranest] [DEBUG] Plateau detected at L=-4.100408e+02, not replacing live point.
12:21:50 [ultranest] [DEBUG] Plateau detected at L=-4.100408e+02, not replacing live point.
12:21:50 [ultranest] [DEBUG] Plateau detected at L=-4.100408e+02, not replacing live point.
12:21:50 [ultranest] [DEBUG] Plateau detected at L=-4.100408e+02, not replacing live point.
12:21:50 [ultranest] [DEBUG] Plateau detected at L=-4.100408e+02, not replacing live point.
12:21:50 [ultranest] [DEBUG] Plateau detected at L=-4.100408e+02, not replacing live point.
12:21:50 [ultranest] [DEBUG] Plateau detected at L=-4.100408e+02, not replacing live point.
12:21:50 [ultranest] [DEBUG] Plateau detected at L=-4.100408e+02, not replacing live point.
12:21:50 [ultranest] [DEBUG] Plateau detected at L=-4.100408e+02, not replacing live point.
12:21:50 [ultranest] [DEBUG] Plateau detected at L=-4.100408e+02, not replacing live point.
12:21:50 [ultranest] [DEBUG] Plateau detected at L=-4.100408e+02, not replacing live point.
12:21:50 [ultranest] [DEBUG] Plateau detected at L=-4.100408e+02, not replacing live point.
12:21:50 [ultranest] [DEBUG] Plateau detected at L=-4.100408e+02, not replacing live point.
12:21:50 [ultranest] [DEBUG] Plateau detected at L=-4.100408e+02, not replacing live point.
12:21:50 [ultranest] [DEBUG] Plateau detected at L=-4.100408e+02, not replacing live point.
12:21:50 [ultranest] [DEBUG] Plateau detected at L=-4.100408e+02, not replacing live point.
12:21:50 [ultranest] [DEBUG] Plateau detected at L=-4.100408e+02, not replacing live point.
12:21:50 [ultranest] [DEBUG] Plateau detected at L=-4.100408e+02, not replacing live point.
12:21:50 [ultranest] [DEBUG] Plateau detected at L=-4.100408e+02, not replacing live point.
12:21:50 [ultranest] [DEBUG] Plateau detected at L=-4.100408e+02, not replacing live point.
12:21:50 [ultranest] [DEBUG] Plateau detected at L=-4.100408e+02, not replacing live point.
12:21:50 [ultranest] [DEBUG] Plateau detected at L=-4.100408e+02, not replacing live point.
12:21:50 [ultranest] [DEBUG] Plateau detected at L=-4.100408e+02, not replacing live point.
12:21:50 [ultranest] [DEBUG] Plateau detected at L=-4.100408e+02, not replacing live point.
12:21:50 [ultranest] [DEBUG] Plateau detected at L=-4.100408e+02, not replacing live point.
12:21:50 [ultranest] [DEBUG] Plateau detected at L=-4.100408e+02, not replacing live point.
12:21:50 [ultranest] [DEBUG] Plateau detected at L=-4.100408e+02, not replacing live point.
12:21:50 [ultranest] [DEBUG] Plateau detected at L=-4.100408e+02, not replacing live point.
12:21:50 [ultranest] [DEBUG] Plateau detected at L=-4.100408e+02, not replacing live point.
12:21:50 [ultranest] [DEBUG] Plateau detected at L=-4.100408e+02, not replacing live point.
12:21:50 [ultranest] [DEBUG] Plateau detected at L=-4.100408e+02, not replacing live point.
12:21:50 [ultranest] [DEBUG] Plateau detected at L=-4.100408e+02, not replacing live point.
12:21:50 [ultranest] [DEBUG] Plateau detected at L=-4.100408e+02, not replacing live point.
12:21:50 [ultranest] [DEBUG] Plateau detected at L=-4.100408e+02, not replacing live point.
12:21:50 [ultranest] [DEBUG] Plateau detected at L=-4.100408e+02, not replacing live point.
12:21:50 [ultranest] [DEBUG] Plateau detected at L=-4.100408e+02, not replacing live point.
12:21:50 [ultranest] [DEBUG] Plateau detected at L=-4.100408e+02, not replacing live point.
12:21:50 [ultranest] [DEBUG] Plateau detected at L=-4.100408e+02, not replacing live point.
12:21:50 [ultranest] [DEBUG] Plateau detected at L=-4.100408e+02, not replacing live point.
12:21:50 [ultranest] [DEBUG] Plateau detected at L=-4.100408e+02, not replacing live point.
12:21:50 [ultranest] [DEBUG] Plateau detected at L=-4.100408e+02, not replacing live point.
12:21:50 [ultranest] [DEBUG] Plateau detected at L=-4.100408e+02, not replacing live point.
12:21:50 [ultranest] [DEBUG] Plateau detected at L=-4.100408e+02, not replacing live point.
12:21:50 [ultranest] [DEBUG] Plateau detected at L=-4.100408e+02, not replacing live point.
12:21:50 [ultranest] [DEBUG] Plateau detected at L=-4.100408e+02, not replacing live point.
12:21:50 [ultranest] [DEBUG] Plateau detected at L=-4.100408e+02, not replacing live point.
12:21:50 [ultranest] [DEBUG] Plateau detected at L=-4.100408e+02, not replacing live point.
12:21:50 [ultranest] [DEBUG] Plateau detected at L=-4.100408e+02, not replacing live point.
12:21:50 [ultranest] [DEBUG] Plateau detected at L=-4.100408e+02, not replacing live point.
12:21:50 [ultranest] [DEBUG] Plateau detected at L=-4.100408e+02, not replacing live point.
12:21:50 [ultranest] [DEBUG] Plateau detected at L=-4.100408e+02, not replacing live point.
12:21:50 [ultranest] [DEBUG] Plateau detected at L=-4.100408e+02, not replacing live point.
12:21:50 [ultranest] [DEBUG] Plateau detected at L=-4.100408e+02, not replacing live point.
12:21:50 [ultranest] [DEBUG] Plateau detected at L=-4.100408e+02, not replacing live point.
12:21:50 [ultranest] [DEBUG] Plateau detected at L=-4.100408e+02, not replacing live point.
12:21:50 [ultranest] [DEBUG] Plateau detected at L=-4.100408e+02, not replacing live point.
12:21:50 [ultranest] [DEBUG] Plateau detected at L=-4.100408e+02, not replacing live point.
12:21:50 [ultranest] [DEBUG] Plateau detected at L=-4.100408e+02, not replacing live point.
12:21:50 [ultranest] [DEBUG] Plateau detected at L=-4.100408e+02, not replacing live point.
12:21:50 [ultranest] [DEBUG] Plateau detected at L=-4.100408e+02, not replacing live point.
12:21:50 [ultranest] [DEBUG] Plateau detected at L=-4.100408e+02, not replacing live point.
12:21:50 [ultranest] [DEBUG] Plateau detected at L=-4.100408e+02, not replacing live point.
12:21:50 [ultranest] [DEBUG] Plateau detected at L=-4.100408e+02, not replacing live point.
12:21:50 [ultranest] [DEBUG] Plateau detected at L=-4.100408e+02, not replacing live point.
12:21:50 [ultranest] [DEBUG] Plateau detected at L=-4.100408e+02, not replacing live point.
12:21:50 [ultranest] [DEBUG] Plateau detected at L=-4.100408e+02, not replacing live point.
12:21:50 [ultranest] [DEBUG] Plateau detected at L=-4.100408e+02, not replacing live point.
12:21:50 [ultranest] [DEBUG] Plateau detected at L=-4.100408e+02, not replacing live point.
12:21:50 [ultranest] [DEBUG] Plateau detected at L=-4.100408e+02, not replacing live point.
12:21:50 [ultranest] [DEBUG] Plateau detected at L=-4.100408e+02, not replacing live point.
12:21:50 [ultranest] [DEBUG] Plateau detected at L=-4.100408e+02, not replacing live point.
12:21:50 [ultranest] [DEBUG] Plateau detected at L=-4.100408e+02, not replacing live point.
12:21:50 [ultranest] [DEBUG] Plateau detected at L=-4.100408e+02, not replacing live point.
12:21:50 [ultranest] [DEBUG] Plateau detected at L=-4.100408e+02, not replacing live point.
12:21:50 [ultranest] [DEBUG] Plateau detected at L=-4.100408e+02, not replacing live point.
12:21:50 [ultranest] [DEBUG] Plateau detected at L=-4.100408e+02, not replacing live point.
12:21:50 [ultranest] [DEBUG] Plateau detected at L=-4.100408e+02, not replacing live point.
12:21:50 [ultranest] [DEBUG] Plateau detected at L=-4.100408e+02, not replacing live point.
12:21:50 [ultranest] [DEBUG] Plateau detected at L=-4.100408e+02, not replacing live point.
12:21:50 [ultranest] [DEBUG] Plateau detected at L=-4.100408e+02, not replacing live point.
12:21:50 [ultranest] [DEBUG] Plateau detected at L=-4.100408e+02, not replacing live point.
12:21:50 [ultranest] [DEBUG] Plateau detected at L=-4.100408e+02, not replacing live point.
12:21:50 [ultranest] [DEBUG] Plateau detected at L=-4.100408e+02, not replacing live point.
12:21:50 [ultranest] [DEBUG] Plateau detected at L=-4.100408e+02, not replacing live point.
12:21:50 [ultranest] [DEBUG] Plateau detected at L=-4.100408e+02, not replacing live point.
12:21:50 [ultranest] [DEBUG] Plateau detected at L=-4.100408e+02, not replacing live point.
12:21:50 [ultranest] [DEBUG] Plateau detected at L=-4.100408e+02, not replacing live point.
12:21:50 [ultranest] [DEBUG] Plateau detected at L=-4.100408e+02, not replacing live point.
12:21:50 [ultranest] [DEBUG] Plateau detected at L=-4.100408e+02, not replacing live point.
12:21:50 [ultranest] [DEBUG] Plateau detected at L=-4.100408e+02, not replacing live point.
12:21:50 [ultranest] [DEBUG] Plateau detected at L=-4.100408e+02, not replacing live point.
12:21:50 [ultranest] [DEBUG] Plateau detected at L=-4.100408e+02, not replacing live point.
12:21:50 [ultranest] [DEBUG] Plateau detected at L=-4.100408e+02, not replacing live point.
12:21:50 [ultranest] [DEBUG] Plateau detected at L=-4.100408e+02, not replacing live point.
12:21:50 [ultranest] [DEBUG] Plateau detected at L=-4.100408e+02, not replacing live point.
12:21:50 [ultranest] [DEBUG] Plateau detected at L=-4.100408e+02, not replacing live point.
12:21:50 [ultranest] [DEBUG] Plateau detected at L=-4.100408e+02, not replacing live point.
12:21:50 [ultranest] [DEBUG] Plateau detected at L=-4.100408e+02, not replacing live point.
12:21:50 [ultranest] [DEBUG] Plateau detected at L=-4.100408e+02, not replacing live point.
12:21:50 [ultranest] [DEBUG] Plateau detected at L=-4.100408e+02, not replacing live point.
12:21:50 [ultranest] [DEBUG] Plateau detected at L=-4.100408e+02, not replacing live point.
12:21:50 [ultranest] [DEBUG] Plateau detected at L=-4.100408e+02, not replacing live point.
12:21:50 [ultranest] [DEBUG] Plateau detected at L=-4.100408e+02, not replacing live point.
12:21:50 [ultranest] [DEBUG] Plateau detected at L=-4.100408e+02, not replacing live point.
12:21:50 [ultranest] [DEBUG] Plateau detected at L=-4.100408e+02, not replacing live point.
12:21:50 [ultranest] [DEBUG] Plateau detected at L=-4.100408e+02, not replacing live point.
12:21:50 [ultranest] [DEBUG] Plateau detected at L=-4.100408e+02, not replacing live point.
12:21:50 [ultranest] [DEBUG] Plateau detected at L=-4.100408e+02, not replacing live point.
12:21:50 [ultranest] [DEBUG] Plateau detected at L=-4.100408e+02, not replacing live point.
12:21:50 [ultranest] [DEBUG] Plateau detected at L=-4.100408e+02, not replacing live point.
12:21:50 [ultranest] [DEBUG] Plateau detected at L=-4.100408e+02, not replacing live point.
12:21:50 [ultranest] [DEBUG] Plateau detected at L=-4.100408e+02, not replacing live point.
12:21:50 [ultranest] [DEBUG] Plateau detected at L=-4.100408e+02, not replacing live point.
12:21:50 [ultranest] [DEBUG] Plateau detected at L=-4.100408e+02, not replacing live point.
12:21:50 [ultranest] [DEBUG] Plateau detected at L=-4.100408e+02, not replacing live point.
12:21:50 [ultranest] [DEBUG] Plateau detected at L=-4.100408e+02, not replacing live point.
12:21:50 [ultranest] [DEBUG] Plateau detected at L=-4.100408e+02, not replacing live point.
12:21:50 [ultranest] [DEBUG] Plateau detected at L=-4.100408e+02, not replacing live point.
12:21:50 [ultranest] [DEBUG] Plateau detected at L=-4.100408e+02, not replacing live point.
12:21:50 [ultranest] [DEBUG] iteration=420, ncalls=487, regioncalls=3480, ndraw=40, logz=-410.25, remainder_fraction=100.0000%, Lmin=-410.04, Lmax=-30.69
12:21:50 [ultranest] [DEBUG] iteration=424, ncalls=503, regioncalls=4120, ndraw=40, logz=-410.24, remainder_fraction=100.0000%, Lmin=-410.04, Lmax=-30.69
12:21:50 [ultranest] [DEBUG] iteration=425, ncalls=516, regioncalls=4640, ndraw=40, logz=-410.23, remainder_fraction=100.0000%, Lmin=-410.04, Lmax=-30.69
12:21:51 [ultranest] [DEBUG] iteration=428, ncalls=529, regioncalls=5160, ndraw=40, logz=-410.23, remainder_fraction=100.0000%, Lmin=-410.04, Lmax=-30.69
12:21:51 [ultranest] [DEBUG] iteration=432, ncalls=546, regioncalls=5840, ndraw=40, logz=-410.22, remainder_fraction=100.0000%, Lmin=-410.01, Lmax=-30.69
12:21:51 [ultranest] [DEBUG] iteration=436, ncalls=560, regioncalls=6400, ndraw=40, logz=-410.21, remainder_fraction=100.0000%, Lmin=-409.56, Lmax=-30.69
12:21:51 [ultranest] [DEBUG] iteration=440, ncalls=570, regioncalls=6800, ndraw=40, logz=-410.19, remainder_fraction=100.0000%, Lmin=-407.55, Lmax=-30.69
12:21:51 [ultranest] [DEBUG] iteration=444, ncalls=579, regioncalls=7160, ndraw=40, logz=-398.18, remainder_fraction=100.0000%, Lmin=-390.61, Lmax=-30.06
12:21:51 [ultranest] [DEBUG] iteration=449, ncalls=591, regioncalls=7640, ndraw=40, logz=-368.61, remainder_fraction=100.0000%, Lmin=-344.93, Lmax=-30.06
12:21:51 [ultranest] [DEBUG] iteration=452, ncalls=595, regioncalls=7800, ndraw=40, logz=-317.35, remainder_fraction=100.0000%, Lmin=-299.13, Lmax=-30.06
12:21:51 [ultranest] [DEBUG] iteration=455, ncalls=608, regioncalls=8400, ndraw=40, logz=-262.96, remainder_fraction=100.0000%, Lmin=-248.19, Lmax=-16.04
12:21:51 [ultranest] [DEBUG] iteration=457, ncalls=623, regioncalls=9040, ndraw=40, logz=-242.47, remainder_fraction=100.0000%, Lmin=-227.96, Lmax=-4.49
12:21:52 [ultranest] [DEBUG] iteration=460, ncalls=634, regioncalls=9480, ndraw=40, logz=-225.97, remainder_fraction=100.0000%, Lmin=-204.33, Lmax=-4.49
12:21:52 [ultranest] [DEBUG] iteration=464, ncalls=650, regioncalls=10120, ndraw=40, logz=-202.05, remainder_fraction=100.0000%, Lmin=-191.64, Lmax=-4.49
12:21:52 [ultranest] [DEBUG] iteration=468, ncalls=661, regioncalls=10560, ndraw=40, logz=-187.89, remainder_fraction=100.0000%, Lmin=-178.74, Lmax=-4.49
12:21:52 [ultranest] [DEBUG] iteration=473, ncalls=674, regioncalls=11080, ndraw=40, logz=-163.11, remainder_fraction=100.0000%, Lmin=-152.56, Lmax=-4.49
12:21:52 [ultranest] [DEBUG] iteration=476, ncalls=695, regioncalls=11920, ndraw=40, logz=-156.78, remainder_fraction=100.0000%, Lmin=-145.15, Lmax=-4.49
12:21:52 [ultranest] [DEBUG] iteration=480, ncalls=708, regioncalls=12440, ndraw=40, logz=-127.45, remainder_fraction=100.0000%, Lmin=-113.78, Lmax=-4.49
12:21:52 [ultranest] [DEBUG] iteration=482, ncalls=722, regioncalls=13040, ndraw=40, logz=-117.06, remainder_fraction=100.0000%, Lmin=-108.41, Lmax=-4.49
12:21:52 [ultranest] [DEBUG] iteration=483, ncalls=735, regioncalls=13920, ndraw=40, logz=-115.93, remainder_fraction=100.0000%, Lmin=-107.41, Lmax=-4.49
12:21:53 [ultranest] [DEBUG] iteration=486, ncalls=747, regioncalls=14400, ndraw=40, logz=-113.13, remainder_fraction=100.0000%, Lmin=-101.96, Lmax=-4.49
12:21:53 [ultranest] [DEBUG] iteration=488, ncalls=777, regioncalls=15720, ndraw=40, logz=-105.99, remainder_fraction=100.0000%, Lmin=-94.80, Lmax=-4.49
12:21:53 [ultranest] [DEBUG] iteration=490, ncalls=793, regioncalls=16360, ndraw=40, logz=-102.10, remainder_fraction=100.0000%, Lmin=-92.83, Lmax=-4.49
12:21:53 [ultranest] [DEBUG] iteration=492, ncalls=808, regioncalls=16960, ndraw=40, logz=-99.46, remainder_fraction=100.0000%, Lmin=-90.53, Lmax=-4.49
12:21:53 [ultranest] [DEBUG] iteration=495, ncalls=825, regioncalls=17640, ndraw=40, logz=-96.03, remainder_fraction=100.0000%, Lmin=-87.96, Lmax=-4.49
12:21:53 [ultranest] [DEBUG] iteration=497, ncalls=856, regioncalls=18880, ndraw=40, logz=-94.45, remainder_fraction=100.0000%, Lmin=-86.40, Lmax=-4.49
12:21:54 [ultranest] [DEBUG] iteration=500, ncalls=888, regioncalls=20160, ndraw=40, logz=-90.89, remainder_fraction=100.0000%, Lmin=-78.71, Lmax=-4.49
12:21:54 [ultranest] [DEBUG] iteration=502, ncalls=910, regioncalls=21040, ndraw=40, logz=-85.52, remainder_fraction=100.0000%, Lmin=-74.80, Lmax=-4.49
12:21:54 [ultranest] [DEBUG] iteration=504, ncalls=923, regioncalls=21560, ndraw=40, logz=-81.64, remainder_fraction=100.0000%, Lmin=-70.75, Lmax=-2.46
12:21:54 [ultranest] [DEBUG] iteration=505, ncalls=975, regioncalls=23640, ndraw=40, logz=-79.20, remainder_fraction=100.0000%, Lmin=-70.67, Lmax=-2.46
12:21:54 [ultranest] [DEBUG] iteration=506, ncalls=991, regioncalls=24360, ndraw=40, logz=-78.53, remainder_fraction=100.0000%, Lmin=-69.97, Lmax=-2.46
12:21:55 [ultranest] [DEBUG] iteration=507, ncalls=1009, regioncalls=25080, ndraw=40, logz=-77.86, remainder_fraction=100.0000%, Lmin=-67.32, Lmax=-2.46
12:21:55 [ultranest] [DEBUG] iteration=509, ncalls=1022, regioncalls=25680, ndraw=40, logz=-74.45, remainder_fraction=100.0000%, Lmin=-64.20, Lmax=-2.46
12:21:55 [ultranest] [DEBUG] iteration=511, ncalls=1042, regioncalls=26680, ndraw=40, logz=-71.27, remainder_fraction=100.0000%, Lmin=-59.41, Lmax=-2.46
12:21:55 [ultranest] [DEBUG] iteration=512, ncalls=1080, regioncalls=28240, ndraw=40, logz=-68.11, remainder_fraction=100.0000%, Lmin=-58.40, Lmax=-2.46
12:21:55 [ultranest] [DEBUG] iteration=513, ncalls=1109, regioncalls=29400, ndraw=40, logz=-66.84, remainder_fraction=100.0000%, Lmin=-57.84, Lmax=-2.46
12:21:56 [ultranest] [DEBUG] iteration=514, ncalls=1148, regioncalls=30960, ndraw=40, logz=-66.04, remainder_fraction=100.0000%, Lmin=-57.37, Lmax=-2.46
12:21:56 [ultranest] [DEBUG] iteration=515, ncalls=1164, regioncalls=31680, ndraw=40, logz=-65.42, remainder_fraction=100.0000%, Lmin=-56.27, Lmax=-2.46
12:21:56 [ultranest] [DEBUG] iteration=516, ncalls=1178, regioncalls=32480, ndraw=40, logz=-64.57, remainder_fraction=100.0000%, Lmin=-55.82, Lmax=-2.46
12:21:56 [ultranest] [DEBUG] iteration=517, ncalls=1199, regioncalls=33320, ndraw=40, logz=-63.94, remainder_fraction=100.0000%, Lmin=-55.66, Lmax=-2.46
12:21:56 [ultranest] [DEBUG] iteration=520, ncalls=1256, regioncalls=35640, ndraw=40, logz=-62.73, remainder_fraction=100.0000%, Lmin=-53.60, Lmax=-2.46
12:21:56 [ultranest] [DEBUG] iteration=521, ncalls=1277, regioncalls=36560, ndraw=40, logz=-61.97, remainder_fraction=100.0000%, Lmin=-52.72, Lmax=-2.46
12:21:57 [ultranest] [DEBUG] iteration=523, ncalls=1297, regioncalls=37360, ndraw=40, logz=-58.67, remainder_fraction=100.0000%, Lmin=-48.53, Lmax=-2.46
12:21:57 [ultranest] [DEBUG] iteration=524, ncalls=1328, regioncalls=38640, ndraw=40, logz=-57.32, remainder_fraction=100.0000%, Lmin=-48.17, Lmax=-2.46
12:21:57 [ultranest] [DEBUG] iteration=526, ncalls=1370, regioncalls=40320, ndraw=40, logz=-55.03, remainder_fraction=100.0000%, Lmin=-45.87, Lmax=-2.46
12:21:57 [ultranest] [DEBUG] iteration=528, ncalls=1401, regioncalls=41600, ndraw=40, logz=-53.92, remainder_fraction=100.0000%, Lmin=-44.56, Lmax=-2.46
12:21:58 [ultranest] [DEBUG] iteration=529, ncalls=1430, regioncalls=42800, ndraw=40, logz=-53.16, remainder_fraction=100.0000%, Lmin=-43.52, Lmax=-2.46
12:21:58 [ultranest] [DEBUG] iteration=532, ncalls=1443, regioncalls=43320, ndraw=40, logz=-50.88, remainder_fraction=100.0000%, Lmin=-39.46, Lmax=-2.46
12:21:58 [ultranest] [DEBUG] iteration=535, ncalls=1455, regioncalls=44680, ndraw=40, logz=-46.18, remainder_fraction=100.0000%, Lmin=-36.20, Lmax=-2.46
12:21:58 [ultranest] [DEBUG] iteration=536, ncalls=1467, regioncalls=45880, ndraw=40, logz=-45.17, remainder_fraction=100.0000%, Lmin=-35.11, Lmax=-2.46
12:21:58 [ultranest] [DEBUG] iteration=538, ncalls=1482, regioncalls=47120, ndraw=40, logz=-42.97, remainder_fraction=100.0000%, Lmin=-33.61, Lmax=-2.46
12:21:58 [ultranest] [DEBUG] iteration=541, ncalls=1496, regioncalls=49240, ndraw=40, logz=-41.58, remainder_fraction=100.0000%, Lmin=-32.91, Lmax=-2.46
12:21:58 [ultranest] [DEBUG] iteration=543, ncalls=1509, regioncalls=50800, ndraw=40, logz=-40.81, remainder_fraction=100.0000%, Lmin=-32.02, Lmax=-2.46
12:21:58 [ultranest] [DEBUG] iteration=545, ncalls=1527, regioncalls=52520, ndraw=40, logz=-40.02, remainder_fraction=100.0000%, Lmin=-30.69, Lmax=-2.46
12:21:59 [ultranest] [DEBUG] iteration=548, ncalls=1538, regioncalls=53720, ndraw=40, logz=-38.65, remainder_fraction=100.0000%, Lmin=-29.05, Lmax=-2.46
12:21:59 [ultranest] [DEBUG] iteration=550, ncalls=1550, regioncalls=54920, ndraw=40, logz=-37.50, remainder_fraction=100.0000%, Lmin=-27.42, Lmax=-2.46
12:21:59 [ultranest] [DEBUG] iteration=551, ncalls=1563, regioncalls=55960, ndraw=40, logz=-36.69, remainder_fraction=100.0000%, Lmin=-26.51, Lmax=-2.46
12:21:59 [ultranest] [DEBUG] iteration=553, ncalls=1580, regioncalls=57200, ndraw=40, logz=-35.23, remainder_fraction=100.0000%, Lmin=-25.98, Lmax=-2.46
12:21:59 [ultranest] [DEBUG] iteration=555, ncalls=1596, regioncalls=58480, ndraw=40, logz=-34.52, remainder_fraction=100.0000%, Lmin=-25.86, Lmax=-2.46
12:21:59 [ultranest] [DEBUG] iteration=556, ncalls=1599, regioncalls=58880, ndraw=40, logz=-34.28, remainder_fraction=100.0000%, Lmin=-24.39, Lmax=-2.46
12:21:59 [ultranest] [DEBUG] iteration=558, ncalls=1615, regioncalls=61000, ndraw=40, logz=-32.87, remainder_fraction=100.0000%, Lmin=-22.58, Lmax=-2.46
12:21:59 [ultranest] [DEBUG] iteration=560, ncalls=1625, regioncalls=61560, ndraw=40, logz=-31.58, remainder_fraction=100.0000%, Lmin=-22.06, Lmax=-2.46
12:21:59 [ultranest] [DEBUG] iteration=562, ncalls=1640, regioncalls=63240, ndraw=40, logz=-30.85, remainder_fraction=100.0000%, Lmin=-21.93, Lmax=-2.46
12:22:00 [ultranest] [DEBUG] iteration=564, ncalls=1658, regioncalls=65240, ndraw=40, logz=-30.41, remainder_fraction=100.0000%, Lmin=-21.22, Lmax=-2.46
12:22:00 [ultranest] [DEBUG] iteration=565, ncalls=1683, regioncalls=66920, ndraw=40, logz=-30.11, remainder_fraction=100.0000%, Lmin=-21.15, Lmax=-2.46
12:22:00 [ultranest] [DEBUG] iteration=566, ncalls=1700, regioncalls=68640, ndraw=40, logz=-29.88, remainder_fraction=100.0000%, Lmin=-20.39, Lmax=-2.46
12:22:00 [ultranest] [DEBUG] iteration=568, ncalls=1713, regioncalls=69560, ndraw=40, logz=-29.25, remainder_fraction=100.0000%, Lmin=-18.91, Lmax=-2.46
12:22:00 [ultranest] [DEBUG] iteration=569, ncalls=1729, regioncalls=70640, ndraw=40, logz=-28.57, remainder_fraction=100.0000%, Lmin=-18.69, Lmax=-2.46
12:22:00 [ultranest] [DEBUG] iteration=571, ncalls=1747, regioncalls=71480, ndraw=40, logz=-27.70, remainder_fraction=100.0000%, Lmin=-18.28, Lmax=-2.46
12:22:00 [ultranest] [DEBUG] iteration=572, ncalls=1751, regioncalls=72080, ndraw=40, logz=-27.40, remainder_fraction=100.0000%, Lmin=-17.70, Lmax=-2.46
12:22:01 [ultranest] [DEBUG] iteration=575, ncalls=1768, regioncalls=72960, ndraw=40, logz=-26.42, remainder_fraction=99.9999%, Lmin=-17.08, Lmax=-2.46
12:22:01 [ultranest] [DEBUG] iteration=577, ncalls=1784, regioncalls=73640, ndraw=40, logz=-25.86, remainder_fraction=99.9999%, Lmin=-16.32, Lmax=-2.46
12:22:01 [ultranest] [DEBUG] iteration=578, ncalls=1804, regioncalls=74800, ndraw=40, logz=-25.57, remainder_fraction=99.9999%, Lmin=-16.27, Lmax=-2.46
12:22:01 [ultranest] [DEBUG] clustering found some stray points [need_accept=False] (array([1, 2]), array([34,  1]))
12:22:01 [ultranest] [DEBUG] iteration=580, ncalls=1815, regioncalls=75360, ndraw=40, logz=-25.12, remainder_fraction=99.9998%, Lmin=-15.64, Lmax=-2.46
12:22:01 [ultranest] [DEBUG] iteration=582, ncalls=1834, regioncalls=76160, ndraw=40, logz=-24.40, remainder_fraction=99.9995%, Lmin=-14.59, Lmax=-2.46
12:22:01 [ultranest] [DEBUG] iteration=583, ncalls=1852, regioncalls=76880, ndraw=40, logz=-24.08, remainder_fraction=99.9993%, Lmin=-13.96, Lmax=-2.46
12:22:01 [ultranest] [DEBUG] iteration=584, ncalls=1875, regioncalls=78400, ndraw=40, logz=-23.67, remainder_fraction=99.9990%, Lmin=-13.58, Lmax=-2.46
12:22:02 [ultranest] [DEBUG] clustering found some stray points [need_accept=False] (array([1, 2]), array([34,  1]))
12:22:02 [ultranest] [DEBUG] iteration=588, ncalls=1896, regioncalls=79240, ndraw=40, logz=-22.37, remainder_fraction=99.9962%, Lmin=-12.75, Lmax=-2.46
12:22:02 [ultranest] [DEBUG] iteration=591, ncalls=1911, regioncalls=79840, ndraw=40, logz=-21.76, remainder_fraction=99.9927%, Lmin=-11.97, Lmax=-2.46
12:22:02 [ultranest] [DEBUG] iteration=593, ncalls=1954, regioncalls=83080, ndraw=40, logz=-21.22, remainder_fraction=99.9869%, Lmin=-11.53, Lmax=-2.46
12:22:02 [ultranest] [DEBUG] iteration=596, ncalls=1971, regioncalls=84200, ndraw=40, logz=-20.54, remainder_fraction=99.9720%, Lmin=-10.18, Lmax=-2.46
12:22:02 [ultranest] [DEBUG] iteration=597, ncalls=1990, regioncalls=85000, ndraw=40, logz=-20.17, remainder_fraction=99.9585%, Lmin=-10.04, Lmax=-2.46
12:22:03 [ultranest] [DEBUG] iteration=599, ncalls=2012, regioncalls=86280, ndraw=40, logz=-19.64, remainder_fraction=99.9255%, Lmin=-9.91, Lmax=-1.70
12:22:03 [ultranest] [DEBUG] iteration=600, ncalls=2026, regioncalls=87480, ndraw=40, logz=-19.44, remainder_fraction=99.9070%, Lmin=-9.27, Lmax=-1.70
12:22:03 [ultranest] [DEBUG] iteration=601, ncalls=2056, regioncalls=89400, ndraw=40, logz=-19.16, remainder_fraction=99.9206%, Lmin=-9.21, Lmax=-1.70
12:22:03 [ultranest] [DEBUG] iteration=604, ncalls=2073, regioncalls=90160, ndraw=40, logz=-18.57, remainder_fraction=99.8552%, Lmin=-8.97, Lmax=-1.70
12:22:03 [ultranest] [DEBUG] iteration=605, ncalls=2086, regioncalls=90680, ndraw=40, logz=-18.42, remainder_fraction=99.8269%, Lmin=-8.73, Lmax=-1.70
12:22:03 [ultranest] [DEBUG] iteration=606, ncalls=2106, regioncalls=91920, ndraw=40, logz=-18.26, remainder_fraction=99.7908%, Lmin=-8.66, Lmax=-1.70
12:22:04 [ultranest] [DEBUG] iteration=608, ncalls=2181, regioncalls=95200, ndraw=40, logz=-17.91, remainder_fraction=99.6908%, Lmin=-7.92, Lmax=-1.70
12:22:04 [ultranest] [DEBUG] iteration=609, ncalls=2196, regioncalls=96280, ndraw=40, logz=-17.71, remainder_fraction=99.6133%, Lmin=-7.89, Lmax=-1.70
12:22:04 [ultranest] [DEBUG] iteration=612, ncalls=2203, regioncalls=97000, ndraw=40, logz=-17.28, remainder_fraction=99.3573%, Lmin=-7.71, Lmax=-1.70
12:22:04 [ultranest] [DEBUG] iteration=615, ncalls=2218, regioncalls=97840, ndraw=40, logz=-16.95, remainder_fraction=99.0352%, Lmin=-7.49, Lmax=-1.52
12:22:04 [ultranest] [DEBUG] iteration=618, ncalls=2231, regioncalls=98600, ndraw=40, logz=-16.68, remainder_fraction=99.1112%, Lmin=-7.37, Lmax=-1.52
12:22:05 [ultranest] [DEBUG] iteration=619, ncalls=2270, regioncalls=101520, ndraw=40, logz=-16.60, remainder_fraction=99.0113%, Lmin=-7.33, Lmax=-1.52
12:22:05 [ultranest] [DEBUG] iteration=620, ncalls=2280, regioncalls=102960, ndraw=40, logz=-16.52, remainder_fraction=98.9136%, Lmin=-7.31, Lmax=-1.52
12:22:05 [ultranest] [DEBUG] iteration=621, ncalls=2295, regioncalls=104280, ndraw=40, logz=-16.45, remainder_fraction=98.9007%, Lmin=-7.15, Lmax=-1.52
12:22:05 [ultranest] [DEBUG] iteration=622, ncalls=2327, regioncalls=106600, ndraw=40, logz=-16.38, remainder_fraction=98.9758%, Lmin=-7.10, Lmax=-1.52
12:22:05 [ultranest] [DEBUG] iteration=625, ncalls=2338, regioncalls=107400, ndraw=40, logz=-16.17, remainder_fraction=98.7804%, Lmin=-6.90, Lmax=-1.52
12:22:06 [ultranest] [DEBUG] iteration=627, ncalls=2360, regioncalls=108840, ndraw=40, logz=-16.04, remainder_fraction=98.5936%, Lmin=-6.77, Lmax=-1.52
12:22:06 [ultranest] [DEBUG] iteration=628, ncalls=2387, regioncalls=111600, ndraw=40, logz=-15.98, remainder_fraction=98.4713%, Lmin=-6.58, Lmax=-1.52
12:22:06 [ultranest] [DEBUG] iteration=629, ncalls=2435, regioncalls=116320, ndraw=40, logz=-15.92, remainder_fraction=98.3487%, Lmin=-6.20, Lmax=-1.52
12:22:06 [ultranest] [DEBUG] iteration=631, ncalls=2449, regioncalls=117480, ndraw=40, logz=-15.73, remainder_fraction=97.9819%, Lmin=-5.60, Lmax=-1.52
12:22:06 [ultranest] [DEBUG] iteration=632, ncalls=2462, regioncalls=118240, ndraw=40, logz=-15.61, remainder_fraction=97.7509%, Lmin=-5.25, Lmax=-1.52
12:22:07 [ultranest] [DEBUG] iteration=635, ncalls=2495, regioncalls=122560, ndraw=40, logz=-15.21, remainder_fraction=96.5433%, Lmin=-5.12, Lmax=-1.52
12:22:07 [ultranest] [DEBUG] iteration=637, ncalls=2522, regioncalls=124040, ndraw=40, logz=-15.01, remainder_fraction=95.7808%, Lmin=-4.96, Lmax=-1.52
12:22:08 [ultranest] [DEBUG] iteration=639, ncalls=2599, regioncalls=128920, ndraw=40, logz=-14.82, remainder_fraction=95.0292%, Lmin=-4.87, Lmax=-1.52
12:22:08 [ultranest] [DEBUG] iteration=640, ncalls=2613, regioncalls=130240, ndraw=40, logz=-14.74, remainder_fraction=94.4771%, Lmin=-4.79, Lmax=-0.68
12:22:08 [ultranest] [DEBUG] iteration=642, ncalls=2628, regioncalls=131560, ndraw=40, logz=-14.59, remainder_fraction=94.7349%, Lmin=-4.69, Lmax=-0.68
12:22:08 [ultranest] [DEBUG] iteration=644, ncalls=2647, regioncalls=133880, ndraw=40, logz=-14.45, remainder_fraction=93.8045%, Lmin=-4.58, Lmax=-0.68
12:22:08 [ultranest] [DEBUG] iteration=645, ncalls=2672, regioncalls=136480, ndraw=40, logz=-14.38, remainder_fraction=93.2327%, Lmin=-4.58, Lmax=-0.68
12:22:08 [ultranest] [DEBUG] iteration=646, ncalls=2702, regioncalls=139840, ndraw=40, logz=-14.32, remainder_fraction=92.6678%, Lmin=-4.57, Lmax=-0.68
12:22:09 [ultranest] [DEBUG] iteration=647, ncalls=2740, regioncalls=143440, ndraw=40, logz=-14.26, remainder_fraction=92.0776%, Lmin=-4.54, Lmax=-0.68
12:22:09 [ultranest] [DEBUG] iteration=648, ncalls=2788, regioncalls=150160, ndraw=40, logz=-14.21, remainder_fraction=91.5679%, Lmin=-4.54, Lmax=-0.68
12:22:09 [ultranest] [DEBUG] iteration=651, ncalls=2809, regioncalls=152040, ndraw=40, logz=-14.06, remainder_fraction=89.9753%, Lmin=-4.12, Lmax=-0.68
12:22:09 [ultranest] [DEBUG] iteration=652, ncalls=2821, regioncalls=153360, ndraw=40, logz=-14.00, remainder_fraction=89.7333%, Lmin=-4.06, Lmax=-0.68
12:22:10 [ultranest] [DEBUG] iteration=653, ncalls=2873, regioncalls=156960, ndraw=40, logz=-13.95, remainder_fraction=88.9806%, Lmin=-4.03, Lmax=-0.68
12:22:10 [ultranest] [DEBUG] iteration=654, ncalls=2910, regioncalls=159400, ndraw=40, logz=-13.89, remainder_fraction=89.1155%, Lmin=-3.99, Lmax=-0.68
12:22:10 [ultranest] [DEBUG] iteration=655, ncalls=2981, regioncalls=164040, ndraw=40, logz=-13.84, remainder_fraction=88.4650%, Lmin=-3.98, Lmax=-0.68
12:22:11 [ultranest] [DEBUG] iteration=656, ncalls=3023, regioncalls=166840, ndraw=40, logz=-13.79, remainder_fraction=87.8632%, Lmin=-3.94, Lmax=-0.68
12:22:11 [ultranest] [DEBUG] iteration=657, ncalls=3043, regioncalls=168160, ndraw=40, logz=-13.74, remainder_fraction=87.4031%, Lmin=-3.91, Lmax=-0.68
12:22:11 [ultranest] [DEBUG] iteration=658, ncalls=3063, regioncalls=169520, ndraw=40, logz=-13.70, remainder_fraction=87.3516%, Lmin=-3.78, Lmax=-0.68
12:22:11 [ultranest] [DEBUG] iteration=659, ncalls=3077, regioncalls=170520, ndraw=40, logz=-13.65, remainder_fraction=87.4431%, Lmin=-3.78, Lmax=-0.68
12:22:11 [ultranest] [DEBUG] iteration=660, ncalls=3090, regioncalls=171600, ndraw=40, logz=-13.61, remainder_fraction=87.5385%, Lmin=-3.74, Lmax=-0.27
12:22:11 [ultranest] [DEBUG] iteration=661, ncalls=3110, regioncalls=172760, ndraw=40, logz=-13.56, remainder_fraction=87.2047%, Lmin=-3.71, Lmax=-0.27
12:22:12 [ultranest] [DEBUG] iteration=662, ncalls=3121, regioncalls=173320, ndraw=40, logz=-13.52, remainder_fraction=88.3074%, Lmin=-3.50, Lmax=-0.27
12:22:12 [ultranest] [DEBUG] iteration=664, ncalls=3136, regioncalls=173920, ndraw=40, logz=-13.43, remainder_fraction=87.6262%, Lmin=-3.46, Lmax=-0.27
12:22:12 [ultranest] [DEBUG] iteration=666, ncalls=3188, regioncalls=177720, ndraw=40, logz=-13.35, remainder_fraction=86.7916%, Lmin=-3.43, Lmax=-0.27
12:22:12 [ultranest] [DEBUG] iteration=667, ncalls=3204, regioncalls=179520, ndraw=40, logz=-13.31, remainder_fraction=86.1221%, Lmin=-3.38, Lmax=-0.27
12:22:12 [ultranest] [DEBUG] iteration=668, ncalls=3213, regioncalls=180200, ndraw=40, logz=-13.27, remainder_fraction=85.6320%, Lmin=-3.33, Lmax=-0.27
12:22:13 [ultranest] [DEBUG] iteration=670, ncalls=3248, regioncalls=183240, ndraw=40, logz=-13.20, remainder_fraction=84.2296%, Lmin=-3.17, Lmax=-0.27
12:22:13 [ultranest] [DEBUG] iteration=672, ncalls=3262, regioncalls=184040, ndraw=40, logz=-13.12, remainder_fraction=82.7638%, Lmin=-2.91, Lmax=-0.27
12:22:13 [ultranest] [DEBUG] iteration=674, ncalls=3304, regioncalls=186000, ndraw=40, logz=-13.04, remainder_fraction=80.7615%, Lmin=-2.88, Lmax=-0.27
12:22:13 [ultranest] [DEBUG] iteration=676, ncalls=3338, regioncalls=188280, ndraw=40, logz=-12.96, remainder_fraction=79.1907%, Lmin=-2.83, Lmax=-0.27
12:22:13 [ultranest] [DEBUG] iteration=678, ncalls=3365, regioncalls=189840, ndraw=40, logz=-12.89, remainder_fraction=77.7214%, Lmin=-2.78, Lmax=-0.27
12:22:14 [ultranest] [DEBUG] iteration=680, ncalls=3385, regioncalls=190760, ndraw=40, logz=-12.83, remainder_fraction=76.8139%, Lmin=-2.71, Lmax=-0.27
12:22:14 [ultranest] [DEBUG] iteration=682, ncalls=3406, regioncalls=192040, ndraw=40, logz=-12.77, remainder_fraction=74.8778%, Lmin=-2.66, Lmax=-0.27
12:22:14 [ultranest] [DEBUG] iteration=683, ncalls=3451, regioncalls=196080, ndraw=40, logz=-12.74, remainder_fraction=74.1833%, Lmin=-2.63, Lmax=-0.27
12:22:14 [ultranest] [DEBUG] iteration=684, ncalls=3466, regioncalls=197240, ndraw=40, logz=-12.71, remainder_fraction=73.6326%, Lmin=-2.62, Lmax=-0.27
12:22:14 [ultranest] [DEBUG] iteration=685, ncalls=3493, regioncalls=198520, ndraw=40, logz=-12.68, remainder_fraction=72.5897%, Lmin=-2.59, Lmax=-0.27
12:22:15 [ultranest] [DEBUG] iteration=687, ncalls=3509, regioncalls=199800, ndraw=40, logz=-12.63, remainder_fraction=71.1520%, Lmin=-2.57, Lmax=-0.27
12:22:15 [ultranest] [DEBUG] iteration=688, ncalls=3537, regioncalls=200920, ndraw=40, logz=-12.61, remainder_fraction=70.1313%, Lmin=-2.57, Lmax=-0.27
12:22:15 [ultranest] [DEBUG] iteration=690, ncalls=3572, regioncalls=203680, ndraw=40, logz=-12.56, remainder_fraction=68.8630%, Lmin=-2.48, Lmax=-0.27
12:22:16 [ultranest] [DEBUG] iteration=691, ncalls=3711, regioncalls=213200, ndraw=40, logz=-12.54, remainder_fraction=68.7038%, Lmin=-2.46, Lmax=-0.27
12:22:16 [ultranest] [DEBUG] iteration=692, ncalls=3721, regioncalls=213680, ndraw=40, logz=-12.52, remainder_fraction=67.6229%, Lmin=-2.44, Lmax=-0.27
12:22:16 [ultranest] [DEBUG] iteration=695, ncalls=3768, regioncalls=215640, ndraw=40, logz=-12.45, remainder_fraction=64.3818%, Lmin=-2.39, Lmax=-0.27
12:22:17 [ultranest] [DEBUG] iteration=696, ncalls=3809, regioncalls=217760, ndraw=40, logz=-12.44, remainder_fraction=63.4736%, Lmin=-2.37, Lmax=-0.27
12:22:17 [ultranest] [DEBUG] iteration=698, ncalls=3829, regioncalls=218680, ndraw=40, logz=-12.40, remainder_fraction=62.7499%, Lmin=-2.28, Lmax=-0.27
12:22:17 [ultranest] [DEBUG] iteration=699, ncalls=3852, regioncalls=220080, ndraw=40, logz=-12.38, remainder_fraction=61.8159%, Lmin=-2.26, Lmax=-0.27
12:22:17 [ultranest] [DEBUG] iteration=701, ncalls=3870, regioncalls=221000, ndraw=40, logz=-12.34, remainder_fraction=60.1358%, Lmin=-2.18, Lmax=-0.27
12:22:17 [ultranest] [DEBUG] iteration=703, ncalls=3886, regioncalls=221640, ndraw=40, logz=-12.31, remainder_fraction=58.2801%, Lmin=-2.16, Lmax=-0.27
12:22:18 [ultranest] [DEBUG] iteration=706, ncalls=3931, regioncalls=223640, ndraw=40, logz=-12.26, remainder_fraction=56.1963%, Lmin=-2.06, Lmax=-0.27
12:22:18 [ultranest] [DEBUG] iteration=708, ncalls=3946, regioncalls=224240, ndraw=40, logz=-12.23, remainder_fraction=54.2389%, Lmin=-1.94, Lmax=-0.27
12:22:18 [ultranest] [DEBUG] iteration=709, ncalls=3975, regioncalls=225400, ndraw=40, logz=-12.21, remainder_fraction=53.2406%, Lmin=-1.92, Lmax=-0.27
12:22:18 [ultranest] [DEBUG] iteration=710, ncalls=4010, regioncalls=227160, ndraw=40, logz=-12.19, remainder_fraction=52.1539%, Lmin=-1.90, Lmax=-0.27
12:22:19 [ultranest] [DEBUG] iteration=711, ncalls=4038, regioncalls=228440, ndraw=40, logz=-12.18, remainder_fraction=52.0725%, Lmin=-1.85, Lmax=-0.27
12:22:19 [ultranest] [DEBUG] iteration=712, ncalls=4064, regioncalls=229520, ndraw=40, logz=-12.16, remainder_fraction=51.2838%, Lmin=-1.82, Lmax=-0.27
12:22:19 [ultranest] [DEBUG] iteration=714, ncalls=4124, regioncalls=231920, ndraw=40, logz=-12.13, remainder_fraction=50.2784%, Lmin=-1.78, Lmax=-0.27
12:22:19 [ultranest] [DEBUG] iteration=715, ncalls=4152, regioncalls=233040, ndraw=40, logz=-12.11, remainder_fraction=49.2218%, Lmin=-1.75, Lmax=-0.27
12:22:19 [ultranest] [DEBUG] iteration=716, ncalls=4166, regioncalls=233600, ndraw=40, logz=-12.10, remainder_fraction=49.3618%, Lmin=-1.75, Lmax=-0.27
12:22:20 [ultranest] [DEBUG] iteration=717, ncalls=4183, regioncalls=234280, ndraw=40, logz=-12.09, remainder_fraction=48.5014%, Lmin=-1.74, Lmax=-0.27
12:22:20 [ultranest] [DEBUG] iteration=718, ncalls=4196, regioncalls=234800, ndraw=40, logz=-12.07, remainder_fraction=47.9814%, Lmin=-1.71, Lmax=-0.27
12:22:20 [ultranest] [DEBUG] iteration=719, ncalls=4219, regioncalls=235720, ndraw=40, logz=-12.06, remainder_fraction=47.2339%, Lmin=-1.70, Lmax=-0.27
12:22:20 [ultranest] [DEBUG] iteration=720, ncalls=4259, regioncalls=237320, ndraw=40, logz=-12.05, remainder_fraction=46.5080%, Lmin=-1.65, Lmax=-0.27
12:22:20 [ultranest] [DEBUG] iteration=722, ncalls=4290, regioncalls=238640, ndraw=40, logz=-12.02, remainder_fraction=44.8141%, Lmin=-1.54, Lmax=-0.27
12:22:21 [ultranest] [DEBUG] iteration=723, ncalls=4317, regioncalls=239720, ndraw=40, logz=-12.01, remainder_fraction=43.8939%, Lmin=-1.53, Lmax=-0.27
12:22:21 [ultranest] [DEBUG] iteration=724, ncalls=4319, regioncalls=239920, ndraw=40, logz=-11.99, remainder_fraction=42.8730%, Lmin=-1.52, Lmax=-0.27
12:22:21 [ultranest] [DEBUG] iteration=726, ncalls=4335, regioncalls=240560, ndraw=40, logz=-11.97, remainder_fraction=41.3072%, Lmin=-1.51, Lmax=-0.27
12:22:21 [ultranest] [DEBUG] iteration=729, ncalls=4363, regioncalls=241680, ndraw=40, logz=-11.93, remainder_fraction=38.7850%, Lmin=-1.40, Lmax=-0.27
12:22:21 [ultranest] [DEBUG] iteration=731, ncalls=4395, regioncalls=242960, ndraw=40, logz=-11.91, remainder_fraction=37.4528%, Lmin=-1.37, Lmax=-0.27
12:22:21 [ultranest] [DEBUG] iteration=732, ncalls=4413, regioncalls=243680, ndraw=40, logz=-11.90, remainder_fraction=36.7055%, Lmin=-1.31, Lmax=-0.27
12:22:21 [ultranest] [DEBUG] iteration=735, ncalls=4436, regioncalls=244640, ndraw=40, logz=-11.87, remainder_fraction=34.1268%, Lmin=-1.29, Lmax=-0.27
12:22:22 [ultranest] [DEBUG] iteration=736, ncalls=4451, regioncalls=245240, ndraw=40, logz=-11.85, remainder_fraction=33.3344%, Lmin=-1.29, Lmax=-0.27
12:22:22 [ultranest] [DEBUG] iteration=737, ncalls=4490, regioncalls=246920, ndraw=40, logz=-11.84, remainder_fraction=32.5113%, Lmin=-1.29, Lmax=-0.27
12:22:22 [ultranest] [DEBUG] iteration=739, ncalls=4518, regioncalls=248040, ndraw=40, logz=-11.83, remainder_fraction=31.0880%, Lmin=-1.27, Lmax=-0.27
12:22:22 [ultranest] [DEBUG] clustering found some stray points [need_accept=False] (array([1, 2]), array([34,  1]))
12:22:23 [ultranest] [DEBUG] iteration=741, ncalls=4579, regioncalls=250480, ndraw=40, logz=-11.81, remainder_fraction=29.8708%, Lmin=-1.24, Lmax=-0.27
12:22:23 [ultranest] [DEBUG] iteration=744, ncalls=4605, regioncalls=251520, ndraw=40, logz=-11.78, remainder_fraction=27.9430%, Lmin=-1.20, Lmax=-0.27
12:22:23 [ultranest] [DEBUG] iteration=745, ncalls=4661, regioncalls=253920, ndraw=40, logz=-11.77, remainder_fraction=27.2778%, Lmin=-1.19, Lmax=-0.27
12:22:24 [ultranest] [DEBUG] iteration=747, ncalls=4732, regioncalls=257040, ndraw=40, logz=-11.76, remainder_fraction=25.9338%, Lmin=-1.17, Lmax=-0.27
12:22:24 [ultranest] [DEBUG] clustering found some stray points [need_accept=False] (array([1, 2]), array([34,  1]))
12:22:24 [ultranest] [DEBUG] iteration=749, ncalls=4745, regioncalls=257560, ndraw=40, logz=-11.74, remainder_fraction=24.6588%, Lmin=-1.16, Lmax=-0.27
12:22:24 [ultranest] [DEBUG] iteration=751, ncalls=4823, regioncalls=260680, ndraw=40, logz=-11.73, remainder_fraction=23.5987%, Lmin=-1.15, Lmax=-0.27
12:22:24 [ultranest] [DEBUG] iteration=753, ncalls=4841, regioncalls=261400, ndraw=40, logz=-11.72, remainder_fraction=22.8154%, Lmin=-1.14, Lmax=-0.27
12:22:25 [ultranest] [DEBUG] iteration=755, ncalls=4901, regioncalls=263800, ndraw=40, logz=-11.71, remainder_fraction=21.8613%, Lmin=-1.12, Lmax=-0.27
12:22:25 [ultranest] [DEBUG] iteration=756, ncalls=4957, regioncalls=266560, ndraw=40, logz=-11.70, remainder_fraction=21.2929%, Lmin=-1.11, Lmax=-0.27
12:22:25 [ultranest] [DEBUG] iteration=758, ncalls=4978, regioncalls=267400, ndraw=40, logz=-11.69, remainder_fraction=20.2199%, Lmin=-1.10, Lmax=-0.27
12:22:26 [ultranest] [DEBUG] iteration=759, ncalls=5031, regioncalls=269520, ndraw=40, logz=-11.68, remainder_fraction=19.8928%, Lmin=-1.09, Lmax=-0.27
12:22:26 [ultranest] [DEBUG] iteration=760, ncalls=5040, regioncalls=269880, ndraw=40, logz=-11.68, remainder_fraction=19.4598%, Lmin=-1.09, Lmax=-0.27
12:22:26 [ultranest] [DEBUG] iteration=762, ncalls=5057, regioncalls=270560, ndraw=40, logz=-11.67, remainder_fraction=18.7105%, Lmin=-1.08, Lmax=-0.27
12:22:26 [ultranest] [DEBUG] iteration=763, ncalls=5078, regioncalls=271400, ndraw=40, logz=-11.66, remainder_fraction=18.2913%, Lmin=-1.07, Lmax=-0.27
12:22:26 [ultranest] [DEBUG] iteration=764, ncalls=5118, regioncalls=273160, ndraw=40, logz=-11.66, remainder_fraction=17.8153%, Lmin=-1.07, Lmax=-0.27
12:22:27 [ultranest] [DEBUG] iteration=767, ncalls=5152, regioncalls=274520, ndraw=40, logz=-11.64, remainder_fraction=16.8124%, Lmin=-1.03, Lmax=-0.27
12:22:27 [ultranest] [DEBUG] iteration=770, ncalls=5249, regioncalls=278400, ndraw=40, logz=-11.63, remainder_fraction=15.7260%, Lmin=-1.00, Lmax=-0.27
12:22:28 [ultranest] [DEBUG] iteration=772, ncalls=5282, regioncalls=279760, ndraw=40, logz=-11.62, remainder_fraction=15.1749%, Lmin=-0.97, Lmax=-0.27
12:22:28 [ultranest] [DEBUG] iteration=773, ncalls=5315, regioncalls=281360, ndraw=40, logz=-11.62, remainder_fraction=14.7681%, Lmin=-0.97, Lmax=-0.27
12:22:28 [ultranest] [DEBUG] iteration=774, ncalls=5330, regioncalls=281960, ndraw=40, logz=-11.62, remainder_fraction=14.5157%, Lmin=-0.95, Lmax=-0.27
12:22:28 [ultranest] [DEBUG] iteration=776, ncalls=5355, regioncalls=282960, ndraw=40, logz=-11.61, remainder_fraction=13.9227%, Lmin=-0.94, Lmax=-0.27
12:22:28 [ultranest] [DEBUG] iteration=777, ncalls=5391, regioncalls=284400, ndraw=40, logz=-11.61, remainder_fraction=13.5836%, Lmin=-0.92, Lmax=-0.27
12:22:29 [ultranest] [DEBUG] iteration=778, ncalls=5417, regioncalls=285440, ndraw=40, logz=-11.60, remainder_fraction=13.2534%, Lmin=-0.90, Lmax=-0.27
12:22:29 [ultranest] [DEBUG] clustering found some stray points [need_accept=False] (array([1, 2]), array([34,  1]))
12:22:29 [ultranest] [DEBUG] iteration=780, ncalls=5450, regioncalls=286760, ndraw=40, logz=-11.59, remainder_fraction=12.6119%, Lmin=-0.88, Lmax=-0.27
12:22:29 [ultranest] [DEBUG] iteration=782, ncalls=5479, regioncalls=287920, ndraw=40, logz=-11.59, remainder_fraction=12.0966%, Lmin=-0.85, Lmax=-0.27
12:22:29 [ultranest] [DEBUG] iteration=783, ncalls=5503, regioncalls=288880, ndraw=40, logz=-11.59, remainder_fraction=11.8766%, Lmin=-0.85, Lmax=-0.27
12:22:30 [ultranest] [DEBUG] iteration=784, ncalls=5541, regioncalls=290400, ndraw=40, logz=-11.58, remainder_fraction=11.5966%, Lmin=-0.84, Lmax=-0.27
12:22:30 [ultranest] [DEBUG] iteration=786, ncalls=5558, regioncalls=291080, ndraw=40, logz=-11.58, remainder_fraction=11.1497%, Lmin=-0.84, Lmax=-0.27
12:22:30 [ultranest] [DEBUG] iteration=788, ncalls=5575, regioncalls=291760, ndraw=40, logz=-11.57, remainder_fraction=10.5798%, Lmin=-0.82, Lmax=-0.27
12:22:30 [ultranest] [DEBUG] iteration=790, ncalls=5632, regioncalls=294120, ndraw=40, logz=-11.57, remainder_fraction=10.0577%, Lmin=-0.82, Lmax=-0.27
12:22:30 [ultranest] [DEBUG] iteration=792, ncalls=5656, regioncalls=295320, ndraw=40, logz=-11.56, remainder_fraction=9.5460%, Lmin=-0.80, Lmax=-0.27
12:22:31 [ultranest] [DEBUG] iteration=793, ncalls=5749, regioncalls=299320, ndraw=40, logz=-11.56, remainder_fraction=9.3374%, Lmin=-0.79, Lmax=-0.27
12:22:31 [ultranest] [DEBUG] iteration=794, ncalls=5777, regioncalls=300560, ndraw=40, logz=-11.56, remainder_fraction=9.1194%, Lmin=-0.79, Lmax=-0.27
12:22:31 [ultranest] [DEBUG] iteration=796, ncalls=5785, regioncalls=301040, ndraw=40, logz=-11.55, remainder_fraction=8.8391%, Lmin=-0.76, Lmax=-0.27
12:22:32 [ultranest] [DEBUG] iteration=797, ncalls=5832, regioncalls=302920, ndraw=40, logz=-11.55, remainder_fraction=8.6081%, Lmin=-0.75, Lmax=-0.27
12:22:32 [ultranest] [DEBUG] iteration=798, ncalls=5854, regioncalls=303920, ndraw=40, logz=-11.55, remainder_fraction=8.4195%, Lmin=-0.75, Lmax=-0.27
12:22:32 [ultranest] [DEBUG] iteration=799, ncalls=5873, regioncalls=304680, ndraw=40, logz=-11.54, remainder_fraction=8.2335%, Lmin=-0.72, Lmax=-0.27
12:22:32 [ultranest] [DEBUG] iteration=800, ncalls=5894, regioncalls=305520, ndraw=40, logz=-11.54, remainder_fraction=8.0169%, Lmin=-0.72, Lmax=-0.27
12:22:33 [ultranest] [DEBUG] iteration=802, ncalls=5956, regioncalls=308000, ndraw=40, logz=-11.54, remainder_fraction=7.6190%, Lmin=-0.71, Lmax=-0.27
12:22:33 [ultranest] [DEBUG] iteration=804, ncalls=5989, regioncalls=309320, ndraw=40, logz=-11.53, remainder_fraction=7.2512%, Lmin=-0.70, Lmax=-0.27
12:22:33 [ultranest] [DEBUG] iteration=807, ncalls=6005, regioncalls=309960, ndraw=40, logz=-11.53, remainder_fraction=6.7371%, Lmin=-0.67, Lmax=-0.27
12:22:33 [ultranest] [DEBUG] iteration=808, ncalls=6044, regioncalls=311520, ndraw=40, logz=-11.53, remainder_fraction=6.6095%, Lmin=-0.67, Lmax=-0.27
12:22:33 [ultranest] [DEBUG] iteration=809, ncalls=6068, regioncalls=312480, ndraw=40, logz=-11.52, remainder_fraction=6.4624%, Lmin=-0.66, Lmax=-0.27
12:22:34 [ultranest] [DEBUG] iteration=811, ncalls=6100, regioncalls=313880, ndraw=40, logz=-11.52, remainder_fraction=6.1681%, Lmin=-0.64, Lmax=-0.24
12:22:35 [ultranest] [DEBUG] iteration=812, ncalls=6305, regioncalls=322080, ndraw=40, logz=-11.52, remainder_fraction=6.0011%, Lmin=-0.64, Lmax=-0.24
12:22:36 [ultranest] [DEBUG] iteration=814, ncalls=6350, regioncalls=323880, ndraw=40, logz=-11.52, remainder_fraction=5.7387%, Lmin=-0.62, Lmax=-0.24
12:22:36 [ultranest] [DEBUG] iteration=815, ncalls=6427, regioncalls=326960, ndraw=40, logz=-11.52, remainder_fraction=5.5807%, Lmin=-0.62, Lmax=-0.24
12:22:36 [ultranest] [DEBUG] iteration=817, ncalls=6477, regioncalls=328960, ndraw=40, logz=-11.51, remainder_fraction=5.3038%, Lmin=-0.61, Lmax=-0.24
12:22:37 [ultranest] [DEBUG] iteration=818, ncalls=6518, regioncalls=330720, ndraw=40, logz=-11.51, remainder_fraction=5.1811%, Lmin=-0.61, Lmax=-0.24
12:22:37 [ultranest] [DEBUG] iteration=819, ncalls=6590, regioncalls=333600, ndraw=40, logz=-11.51, remainder_fraction=5.0588%, Lmin=-0.61, Lmax=-0.24
12:22:37 [ultranest] [DEBUG] iteration=820, ncalls=6620, regioncalls=334800, ndraw=40, logz=-11.51, remainder_fraction=4.9255%, Lmin=-0.60, Lmax=-0.24
12:22:38 [ultranest] [DEBUG] iteration=821, ncalls=6653, regioncalls=336600, ndraw=40, logz=-11.51, remainder_fraction=4.7986%, Lmin=-0.60, Lmax=-0.24
12:22:38 [ultranest] [DEBUG] iteration=822, ncalls=6669, regioncalls=337240, ndraw=40, logz=-11.51, remainder_fraction=4.7040%, Lmin=-0.60, Lmax=-0.24
12:22:38 [ultranest] [DEBUG] iteration=823, ncalls=6707, regioncalls=338760, ndraw=40, logz=-11.50, remainder_fraction=4.5983%, Lmin=-0.60, Lmax=-0.24
12:22:39 [ultranest] [DEBUG] iteration=825, ncalls=6791, regioncalls=342120, ndraw=40, logz=-11.50, remainder_fraction=4.3852%, Lmin=-0.57, Lmax=-0.24
12:22:39 [ultranest] [DEBUG] iteration=826, ncalls=6823, regioncalls=343400, ndraw=40, logz=-11.50, remainder_fraction=4.2659%, Lmin=-0.57, Lmax=-0.24
12:22:39 [ultranest] [DEBUG] iteration=827, ncalls=6857, regioncalls=344760, ndraw=40, logz=-11.50, remainder_fraction=4.1530%, Lmin=-0.56, Lmax=-0.24
12:22:39 [ultranest] [DEBUG] iteration=829, ncalls=6872, regioncalls=345360, ndraw=40, logz=-11.50, remainder_fraction=3.9574%, Lmin=-0.55, Lmax=-0.24
12:22:39 [ultranest] [DEBUG] iteration=830, ncalls=6902, regioncalls=346600, ndraw=40, logz=-11.50, remainder_fraction=3.8675%, Lmin=-0.55, Lmax=-0.24
12:22:40 [ultranest] [DEBUG] iteration=831, ncalls=6998, regioncalls=350600, ndraw=40, logz=-11.50, remainder_fraction=3.7633%, Lmin=-0.54, Lmax=-0.23
12:22:40 [ultranest] [DEBUG] iteration=832, ncalls=7013, regioncalls=351200, ndraw=40, logz=-11.50, remainder_fraction=3.6684%, Lmin=-0.54, Lmax=-0.23
12:22:41 [ultranest] [DEBUG] iteration=833, ncalls=7067, regioncalls=353440, ndraw=40, logz=-11.49, remainder_fraction=3.5975%, Lmin=-0.54, Lmax=-0.23
12:22:41 [ultranest] [DEBUG] iteration=834, ncalls=7131, regioncalls=356000, ndraw=40, logz=-11.49, remainder_fraction=3.4975%, Lmin=-0.53, Lmax=-0.23
12:22:41 [ultranest] [DEBUG] iteration=835, ncalls=7163, regioncalls=357280, ndraw=40, logz=-11.49, remainder_fraction=3.4107%, Lmin=-0.53, Lmax=-0.23
12:22:42 [ultranest] [DEBUG] iteration=836, ncalls=7237, regioncalls=360360, ndraw=40, logz=-11.49, remainder_fraction=3.3419%, Lmin=-0.52, Lmax=-0.23
12:22:42 [ultranest] [DEBUG] iteration=837, ncalls=7316, regioncalls=363520, ndraw=40, logz=-11.49, remainder_fraction=3.2607%, Lmin=-0.52, Lmax=-0.23
12:22:43 [ultranest] [DEBUG] iteration=838, ncalls=7362, regioncalls=365360, ndraw=40, logz=-11.49, remainder_fraction=3.1735%, Lmin=-0.52, Lmax=-0.23
12:22:43 [ultranest] [DEBUG] iteration=839, ncalls=7429, regioncalls=368040, ndraw=40, logz=-11.49, remainder_fraction=3.0862%, Lmin=-0.51, Lmax=-0.23
12:22:43 [ultranest] [DEBUG] iteration=840, ncalls=7441, regioncalls=368520, ndraw=40, logz=-11.49, remainder_fraction=3.0190%, Lmin=-0.51, Lmax=-0.23
12:22:43 [ultranest] [DEBUG] iteration=841, ncalls=7457, regioncalls=369160, ndraw=40, logz=-11.49, remainder_fraction=2.9349%, Lmin=-0.51, Lmax=-0.23
12:22:44 [ultranest] [DEBUG] iteration=843, ncalls=7493, regioncalls=370600, ndraw=40, logz=-11.49, remainder_fraction=2.8021%, Lmin=-0.51, Lmax=-0.23
12:22:44 [ultranest] [DEBUG] iteration=844, ncalls=7555, regioncalls=373200, ndraw=40, logz=-11.49, remainder_fraction=2.7313%, Lmin=-0.49, Lmax=-0.23
12:22:45 [ultranest] [DEBUG] iteration=845, ncalls=7606, regioncalls=375240, ndraw=40, logz=-11.48, remainder_fraction=2.6573%, Lmin=-0.49, Lmax=-0.23
12:22:45 [ultranest] [DEBUG] iteration=846, ncalls=7628, regioncalls=376120, ndraw=40, logz=-11.48, remainder_fraction=2.5881%, Lmin=-0.49, Lmax=-0.23
12:22:45 [ultranest] [DEBUG] iteration=847, ncalls=7644, regioncalls=376760, ndraw=40, logz=-11.48, remainder_fraction=2.5328%, Lmin=-0.48, Lmax=-0.23
12:22:45 [ultranest] [DEBUG] iteration=849, ncalls=7661, regioncalls=377440, ndraw=40, logz=-11.48, remainder_fraction=2.3982%, Lmin=-0.47, Lmax=-0.17
12:22:45 [ultranest] [DEBUG] iteration=850, ncalls=7695, regioncalls=378800, ndraw=40, logz=-11.48, remainder_fraction=2.3370%, Lmin=-0.47, Lmax=-0.17
12:22:45 [ultranest] [DEBUG] iteration=853, ncalls=7720, regioncalls=379800, ndraw=40, logz=-11.48, remainder_fraction=2.1788%, Lmin=-0.44, Lmax=-0.17
12:22:46 [ultranest] [DEBUG] iteration=855, ncalls=7753, regioncalls=381120, ndraw=40, logz=-11.48, remainder_fraction=2.0714%, Lmin=-0.44, Lmax=-0.17
12:22:46 [ultranest] [DEBUG] iteration=857, ncalls=7780, regioncalls=382200, ndraw=40, logz=-11.48, remainder_fraction=1.9611%, Lmin=-0.43, Lmax=-0.17
12:22:46 [ultranest] [DEBUG] iteration=859, ncalls=7857, regioncalls=385280, ndraw=40, logz=-11.48, remainder_fraction=1.8591%, Lmin=-0.42, Lmax=-0.17
12:22:47 [ultranest] [DEBUG] iteration=861, ncalls=7876, regioncalls=386040, ndraw=40, logz=-11.48, remainder_fraction=1.7645%, Lmin=-0.41, Lmax=-0.17
12:22:47 [ultranest] [DEBUG] iteration=862, ncalls=7910, regioncalls=387400, ndraw=40, logz=-11.47, remainder_fraction=1.7154%, Lmin=-0.41, Lmax=-0.17
12:22:47 [ultranest] [DEBUG] iteration=863, ncalls=7932, regioncalls=388280, ndraw=40, logz=-11.47, remainder_fraction=1.6694%, Lmin=-0.40, Lmax=-0.17
12:22:47 [ultranest] [DEBUG] iteration=864, ncalls=7982, regioncalls=390280, ndraw=40, logz=-11.47, remainder_fraction=1.6227%, Lmin=-0.40, Lmax=-0.17
12:22:48 [ultranest] [DEBUG] iteration=865, ncalls=8014, regioncalls=391560, ndraw=40, logz=-11.47, remainder_fraction=1.5780%, Lmin=-0.40, Lmax=-0.17
12:22:49 [ultranest] [DEBUG] iteration=866, ncalls=8167, regioncalls=397680, ndraw=40, logz=-11.47, remainder_fraction=1.5340%, Lmin=-0.39, Lmax=-0.17
12:22:49 [ultranest] [DEBUG] iteration=867, ncalls=8212, regioncalls=399480, ndraw=40, logz=-11.47, remainder_fraction=1.4918%, Lmin=-0.39, Lmax=-0.17
12:22:50 [ultranest] [DEBUG] iteration=868, ncalls=8314, regioncalls=403560, ndraw=40, logz=-11.47, remainder_fraction=1.4509%, Lmin=-0.39, Lmax=-0.17
12:22:50 [ultranest] [DEBUG] iteration=870, ncalls=8328, regioncalls=404120, ndraw=40, logz=-11.47, remainder_fraction=1.3853%, Lmin=-0.38, Lmax=-0.17
12:22:51 [ultranest] [DEBUG] iteration=871, ncalls=8456, regioncalls=409240, ndraw=40, logz=-11.47, remainder_fraction=1.3522%, Lmin=-0.38, Lmax=-0.17
12:22:51 [ultranest] [DEBUG] iteration=872, ncalls=8475, regioncalls=410000, ndraw=40, logz=-11.47, remainder_fraction=1.3143%, Lmin=-0.38, Lmax=-0.17
12:22:51 [ultranest] [DEBUG] iteration=873, ncalls=8558, regioncalls=413320, ndraw=40, logz=-11.47, remainder_fraction=1.2839%, Lmin=-0.38, Lmax=-0.17
12:22:52 [ultranest] [DEBUG] iteration=874, ncalls=8677, regioncalls=418120, ndraw=40, logz=-11.47, remainder_fraction=1.2478%, Lmin=-0.38, Lmax=-0.17
12:22:53 [ultranest] [DEBUG] iteration=877, ncalls=8815, regioncalls=423640, ndraw=40, logz=-11.47, remainder_fraction=1.1482%, Lmin=-0.37, Lmax=-0.17
12:22:54 [ultranest] [DEBUG] iteration=878, ncalls=8984, regioncalls=430400, ndraw=40, logz=-11.47, remainder_fraction=1.1211%, Lmin=-0.37, Lmax=-0.17
12:22:55 [ultranest] [DEBUG] iteration=879, ncalls=8999, regioncalls=431000, ndraw=40, logz=-11.47, remainder_fraction=1.0933%, Lmin=-0.37, Lmax=-0.17
12:22:55 [ultranest] [DEBUG] iteration=880, ncalls=9010, regioncalls=431440, ndraw=40, logz=-11.47, remainder_fraction=1.0627%, Lmin=-0.37, Lmax=-0.17
12:22:55 [ultranest] [DEBUG] iteration=881, ncalls=9041, regioncalls=432680, ndraw=40, logz=-11.47, remainder_fraction=1.0339%, Lmin=-0.36, Lmax=-0.17
12:22:55 [ultranest] [DEBUG] iteration=882, ncalls=9065, regioncalls=433640, ndraw=40, logz=-11.47, remainder_fraction=1.0086%, Lmin=-0.36, Lmax=-0.17
12:22:55 [ultranest] [DEBUG] iteration=883, ncalls=9093, regioncalls=434760, ndraw=40, logz=-11.47, remainder_fraction=0.9832%, Lmin=-0.36, Lmax=-0.17
12:22:55 [ultranest] [DEBUG] iteration=884, ncalls=9112, regioncalls=435720, ndraw=40, logz=-11.47, remainder_fraction=0.9608%, Lmin=-0.36, Lmax=-0.17
12:22:57 [ultranest] [DEBUG] iteration=888, ncalls=9291, regioncalls=442960, ndraw=40, logz=-11.47, remainder_fraction=0.8622%, Lmin=-0.34, Lmax=-0.17
12:22:57 [ultranest] [DEBUG] iteration=889, ncalls=9324, regioncalls=444280, ndraw=40, logz=-11.47, remainder_fraction=0.8403%, Lmin=-0.33, Lmax=-0.17
12:22:57 [ultranest] [DEBUG] iteration=891, ncalls=9344, regioncalls=445080, ndraw=40, logz=-11.47, remainder_fraction=0.7954%, Lmin=-0.33, Lmax=-0.17
12:22:58 [ultranest] [DEBUG] iteration=892, ncalls=9458, regioncalls=449680, ndraw=40, logz=-11.47, remainder_fraction=0.7750%, Lmin=-0.32, Lmax=-0.17
12:22:58 [ultranest] [DEBUG] iteration=893, ncalls=9518, regioncalls=452080, ndraw=40, logz=-11.47, remainder_fraction=0.7542%, Lmin=-0.32, Lmax=-0.17
12:22:58 [ultranest] [DEBUG] iteration=894, ncalls=9538, regioncalls=452880, ndraw=40, logz=-11.46, remainder_fraction=0.7358%, Lmin=-0.31, Lmax=-0.17
12:22:59 [ultranest] [DEBUG] iteration=896, ncalls=9589, regioncalls=454920, ndraw=40, logz=-11.46, remainder_fraction=0.6966%, Lmin=-0.31, Lmax=-0.17
12:22:59 [ultranest] [DEBUG] iteration=898, ncalls=9618, regioncalls=456080, ndraw=40, logz=-11.46, remainder_fraction=0.6600%, Lmin=-0.30, Lmax=-0.11
12:22:59 [ultranest] [DEBUG] iteration=899, ncalls=9633, regioncalls=456680, ndraw=40, logz=-11.46, remainder_fraction=0.6450%, Lmin=-0.30, Lmax=-0.11
12:23:00 [ultranest] [DEBUG] iteration=900, ncalls=9716, regioncalls=460000, ndraw=40, logz=-11.46, remainder_fraction=0.6283%, Lmin=-0.29, Lmax=-0.11
12:23:00 [ultranest] [DEBUG] iteration=901, ncalls=9768, regioncalls=462080, ndraw=40, logz=-11.46, remainder_fraction=0.6108%, Lmin=-0.29, Lmax=-0.11
12:23:00 [ultranest] [INFO] Explored until L=-0.1  
12:23:00 [ultranest] [INFO] Likelihood function evaluations: 9768
12:23:01 [ultranest] [INFO] Writing samples and results to disk ...
12:23:01 [ultranest] [INFO] Writing samples and results to disk ... done
12:23:01 [ultranest] [DEBUG] did a run_iter pass!
12:23:01 [ultranest] [INFO] Will add 45 live points (x2) at L=-4 ...
12:23:01 [ultranest] [DEBUG] minimal_widths_sequence: [(-inf, 400.0), (-3.7440649665609005, 400.0), (-0.11143650076404694, 400.0), (inf, 400.0)]
12:23:01 [ultranest] [DEBUG] Plateau detected at L=-4.100408e+02, not replacing live point.
12:23:01 [ultranest] [DEBUG] Plateau detected at L=-4.100408e+02, not replacing live point.
12:23:01 [ultranest] [DEBUG] Plateau detected at L=-4.100408e+02, not replacing live point.
12:23:01 [ultranest] [DEBUG] Plateau detected at L=-4.100408e+02, not replacing live point.
12:23:01 [ultranest] [DEBUG] Plateau detected at L=-4.100408e+02, not replacing live point.
12:23:01 [ultranest] [DEBUG] Plateau detected at L=-4.100408e+02, not replacing live point.
12:23:01 [ultranest] [DEBUG] Plateau detected at L=-4.100408e+02, not replacing live point.
12:23:01 [ultranest] [DEBUG] Plateau detected at L=-4.100408e+02, not replacing live point.
12:23:01 [ultranest] [DEBUG] Plateau detected at L=-4.100408e+02, not replacing live point.
12:23:01 [ultranest] [DEBUG] Plateau detected at L=-4.100408e+02, not replacing live point.
12:23:01 [ultranest] [DEBUG] Plateau detected at L=-4.100408e+02, not replacing live point.
12:23:01 [ultranest] [DEBUG] Plateau detected at L=-4.100408e+02, not replacing live point.
12:23:01 [ultranest] [DEBUG] Plateau detected at L=-4.100408e+02, not replacing live point.
12:23:01 [ultranest] [DEBUG] Plateau detected at L=-4.100408e+02, not replacing live point.
12:23:01 [ultranest] [DEBUG] Plateau detected at L=-4.100408e+02, not replacing live point.
12:23:01 [ultranest] [DEBUG] Plateau detected at L=-4.100408e+02, not replacing live point.
12:23:01 [ultranest] [DEBUG] Plateau detected at L=-4.100408e+02, not replacing live point.
12:23:01 [ultranest] [DEBUG] Plateau detected at L=-4.100408e+02, not replacing live point.
12:23:01 [ultranest] [DEBUG] Plateau detected at L=-4.100408e+02, not replacing live point.
12:23:01 [ultranest] [DEBUG] Plateau detected at L=-4.100408e+02, not replacing live point.
12:23:01 [ultranest] [DEBUG] Plateau detected at L=-4.100408e+02, not replacing live point.
12:23:01 [ultranest] [DEBUG] Plateau detected at L=-4.100408e+02, not replacing live point.
12:23:01 [ultranest] [DEBUG] Plateau detected at L=-4.100408e+02, not replacing live point.
12:23:01 [ultranest] [DEBUG] Plateau detected at L=-4.100408e+02, not replacing live point.
12:23:01 [ultranest] [DEBUG] Plateau detected at L=-4.100408e+02, not replacing live point.
12:23:01 [ultranest] [DEBUG] Plateau detected at L=-4.100408e+02, not replacing live point.
12:23:01 [ultranest] [DEBUG] Plateau detected at L=-4.100408e+02, not replacing live point.
12:23:01 [ultranest] [DEBUG] Plateau detected at L=-4.100408e+02, not replacing live point.
12:23:01 [ultranest] [DEBUG] Plateau detected at L=-4.100408e+02, not replacing live point.
12:23:01 [ultranest] [DEBUG] Plateau detected at L=-4.100408e+02, not replacing live point.
12:23:01 [ultranest] [DEBUG] Plateau detected at L=-4.100408e+02, not replacing live point.
12:23:01 [ultranest] [DEBUG] Plateau detected at L=-4.100408e+02, not replacing live point.
12:23:01 [ultranest] [DEBUG] Plateau detected at L=-4.100408e+02, not replacing live point.
12:23:01 [ultranest] [DEBUG] Plateau detected at L=-4.100408e+02, not replacing live point.
12:23:01 [ultranest] [DEBUG] Plateau detected at L=-4.100408e+02, not replacing live point.
12:23:01 [ultranest] [DEBUG] Plateau detected at L=-4.100408e+02, not replacing live point.
12:23:01 [ultranest] [DEBUG] Plateau detected at L=-4.100408e+02, not replacing live point.
12:23:01 [ultranest] [DEBUG] Plateau detected at L=-4.100408e+02, not replacing live point.
12:23:01 [ultranest] [DEBUG] Plateau detected at L=-4.100408e+02, not replacing live point.
12:23:01 [ultranest] [DEBUG] Plateau detected at L=-4.100408e+02, not replacing live point.
12:23:01 [ultranest] [DEBUG] Plateau detected at L=-4.100408e+02, not replacing live point.
12:23:01 [ultranest] [DEBUG] Plateau detected at L=-4.100408e+02, not replacing live point.
12:23:01 [ultranest] [DEBUG] Plateau detected at L=-4.100408e+02, not replacing live point.
12:23:01 [ultranest] [DEBUG] Plateau detected at L=-4.100408e+02, not replacing live point.
12:23:01 [ultranest] [DEBUG] Plateau detected at L=-4.100408e+02, not replacing live point.
12:23:01 [ultranest] [DEBUG] Plateau detected at L=-4.100408e+02, not replacing live point.
12:23:01 [ultranest] [DEBUG] Plateau detected at L=-4.100408e+02, not replacing live point.
12:23:01 [ultranest] [DEBUG] Plateau detected at L=-4.100408e+02, not replacing live point.
12:23:01 [ultranest] [DEBUG] Plateau detected at L=-4.100408e+02, not replacing live point.
12:23:01 [ultranest] [DEBUG] Plateau detected at L=-4.100408e+02, not replacing live point.
12:23:01 [ultranest] [DEBUG] Plateau detected at L=-4.100408e+02, not replacing live point.
12:23:01 [ultranest] [DEBUG] Plateau detected at L=-4.100408e+02, not replacing live point.
12:23:01 [ultranest] [DEBUG] Plateau detected at L=-4.100408e+02, not replacing live point.
12:23:01 [ultranest] [DEBUG] Plateau detected at L=-4.100408e+02, not replacing live point.
12:23:01 [ultranest] [DEBUG] Plateau detected at L=-4.100408e+02, not replacing live point.
12:23:01 [ultranest] [DEBUG] Plateau detected at L=-4.100408e+02, not replacing live point.
12:23:01 [ultranest] [DEBUG] Plateau detected at L=-4.100408e+02, not replacing live point.
12:23:01 [ultranest] [DEBUG] Plateau detected at L=-4.100408e+02, not replacing live point.
12:23:01 [ultranest] [DEBUG] Plateau detected at L=-4.100408e+02, not replacing live point.
12:23:01 [ultranest] [DEBUG] Plateau detected at L=-4.100408e+02, not replacing live point.
12:23:01 [ultranest] [DEBUG] Plateau detected at L=-4.100408e+02, not replacing live point.
12:23:01 [ultranest] [DEBUG] Plateau detected at L=-4.100408e+02, not replacing live point.
12:23:01 [ultranest] [DEBUG] Plateau detected at L=-4.100408e+02, not replacing live point.
12:23:01 [ultranest] [DEBUG] Plateau detected at L=-4.100408e+02, not replacing live point.
12:23:01 [ultranest] [DEBUG] Plateau detected at L=-4.100408e+02, not replacing live point.
12:23:01 [ultranest] [DEBUG] Plateau detected at L=-4.100408e+02, not replacing live point.
12:23:01 [ultranest] [DEBUG] Plateau detected at L=-4.100408e+02, not replacing live point.
12:23:01 [ultranest] [DEBUG] Plateau detected at L=-4.100408e+02, not replacing live point.
12:23:01 [ultranest] [DEBUG] Plateau detected at L=-4.100408e+02, not replacing live point.
12:23:01 [ultranest] [DEBUG] Plateau detected at L=-4.100408e+02, not replacing live point.
12:23:01 [ultranest] [DEBUG] Plateau detected at L=-4.100408e+02, not replacing live point.
12:23:01 [ultranest] [DEBUG] Plateau detected at L=-4.100408e+02, not replacing live point.
12:23:01 [ultranest] [DEBUG] Plateau detected at L=-4.100408e+02, not replacing live point.
12:23:01 [ultranest] [DEBUG] Plateau detected at L=-4.100408e+02, not replacing live point.
12:23:01 [ultranest] [DEBUG] Plateau detected at L=-4.100408e+02, not replacing live point.
12:23:01 [ultranest] [DEBUG] Plateau detected at L=-4.100408e+02, not replacing live point.
12:23:01 [ultranest] [DEBUG] Plateau detected at L=-4.100408e+02, not replacing live point.
12:23:01 [ultranest] [DEBUG] Plateau detected at L=-4.100408e+02, not replacing live point.
12:23:01 [ultranest] [DEBUG] Plateau detected at L=-4.100408e+02, not replacing live point.
12:23:01 [ultranest] [DEBUG] Plateau detected at L=-4.100408e+02, not replacing live point.
12:23:01 [ultranest] [DEBUG] Plateau detected at L=-4.100408e+02, not replacing live point.
12:23:01 [ultranest] [DEBUG] Plateau detected at L=-4.100408e+02, not replacing live point.
12:23:01 [ultranest] [DEBUG] Plateau detected at L=-4.100408e+02, not replacing live point.
12:23:01 [ultranest] [DEBUG] Plateau detected at L=-4.100408e+02, not replacing live point.
12:23:01 [ultranest] [DEBUG] Plateau detected at L=-4.100408e+02, not replacing live point.
12:23:01 [ultranest] [DEBUG] Plateau detected at L=-4.100408e+02, not replacing live point.
12:23:01 [ultranest] [DEBUG] Plateau detected at L=-4.100408e+02, not replacing live point.
12:23:01 [ultranest] [DEBUG] Plateau detected at L=-4.100408e+02, not replacing live point.
12:23:01 [ultranest] [DEBUG] Plateau detected at L=-4.100408e+02, not replacing live point.
12:23:01 [ultranest] [DEBUG] Plateau detected at L=-4.100408e+02, not replacing live point.
12:23:01 [ultranest] [DEBUG] Plateau detected at L=-4.100408e+02, not replacing live point.
12:23:01 [ultranest] [DEBUG] Plateau detected at L=-4.100408e+02, not replacing live point.
12:23:01 [ultranest] [DEBUG] Plateau detected at L=-4.100408e+02, not replacing live point.
12:23:01 [ultranest] [DEBUG] Plateau detected at L=-4.100408e+02, not replacing live point.
12:23:01 [ultranest] [DEBUG] Plateau detected at L=-4.100408e+02, not replacing live point.
12:23:01 [ultranest] [DEBUG] Plateau detected at L=-4.100408e+02, not replacing live point.
12:23:01 [ultranest] [DEBUG] Plateau detected at L=-4.100408e+02, not replacing live point.
12:23:01 [ultranest] [DEBUG] Plateau detected at L=-4.100408e+02, not replacing live point.
12:23:01 [ultranest] [DEBUG] Plateau detected at L=-4.100408e+02, not replacing live point.
12:23:01 [ultranest] [DEBUG] Plateau detected at L=-4.100408e+02, not replacing live point.
12:23:01 [ultranest] [DEBUG] Plateau detected at L=-4.100408e+02, not replacing live point.
12:23:01 [ultranest] [DEBUG] Plateau detected at L=-4.100408e+02, not replacing live point.
12:23:01 [ultranest] [DEBUG] Plateau detected at L=-4.100408e+02, not replacing live point.
12:23:01 [ultranest] [DEBUG] Plateau detected at L=-4.100408e+02, not replacing live point.
12:23:01 [ultranest] [DEBUG] Plateau detected at L=-4.100408e+02, not replacing live point.
12:23:01 [ultranest] [DEBUG] Plateau detected at L=-4.100408e+02, not replacing live point.
12:23:01 [ultranest] [DEBUG] Plateau detected at L=-4.100408e+02, not replacing live point.
12:23:01 [ultranest] [DEBUG] Plateau detected at L=-4.100408e+02, not replacing live point.
12:23:01 [ultranest] [DEBUG] Plateau detected at L=-4.100408e+02, not replacing live point.
12:23:01 [ultranest] [DEBUG] Plateau detected at L=-4.100408e+02, not replacing live point.
12:23:01 [ultranest] [DEBUG] Plateau detected at L=-4.100408e+02, not replacing live point.
12:23:01 [ultranest] [DEBUG] Plateau detected at L=-4.100408e+02, not replacing live point.
12:23:01 [ultranest] [DEBUG] Plateau detected at L=-4.100408e+02, not replacing live point.
12:23:01 [ultranest] [DEBUG] Plateau detected at L=-4.100408e+02, not replacing live point.
12:23:01 [ultranest] [DEBUG] Plateau detected at L=-4.100408e+02, not replacing live point.
12:23:01 [ultranest] [DEBUG] Plateau detected at L=-4.100408e+02, not replacing live point.
12:23:01 [ultranest] [DEBUG] Plateau detected at L=-4.100408e+02, not replacing live point.
12:23:01 [ultranest] [DEBUG] Plateau detected at L=-4.100408e+02, not replacing live point.
12:23:01 [ultranest] [DEBUG] Plateau detected at L=-4.100408e+02, not replacing live point.
12:23:01 [ultranest] [DEBUG] Plateau detected at L=-4.100408e+02, not replacing live point.
12:23:01 [ultranest] [DEBUG] Plateau detected at L=-4.100408e+02, not replacing live point.
12:23:01 [ultranest] [DEBUG] Plateau detected at L=-4.100408e+02, not replacing live point.
12:23:01 [ultranest] [DEBUG] Plateau detected at L=-4.100408e+02, not replacing live point.
12:23:01 [ultranest] [DEBUG] Plateau detected at L=-4.100408e+02, not replacing live point.
12:23:01 [ultranest] [DEBUG] Plateau detected at L=-4.100408e+02, not replacing live point.
12:23:01 [ultranest] [DEBUG] Plateau detected at L=-4.100408e+02, not replacing live point.
12:23:01 [ultranest] [DEBUG] Plateau detected at L=-4.100408e+02, not replacing live point.
12:23:01 [ultranest] [DEBUG] Plateau detected at L=-4.100408e+02, not replacing live point.
12:23:01 [ultranest] [DEBUG] Plateau detected at L=-4.100408e+02, not replacing live point.
12:23:01 [ultranest] [DEBUG] Plateau detected at L=-4.100408e+02, not replacing live point.
12:23:01 [ultranest] [DEBUG] Plateau detected at L=-4.100408e+02, not replacing live point.
12:23:01 [ultranest] [DEBUG] Plateau detected at L=-4.100408e+02, not replacing live point.
12:23:01 [ultranest] [DEBUG] Plateau detected at L=-4.100408e+02, not replacing live point.
12:23:01 [ultranest] [DEBUG] Plateau detected at L=-4.100408e+02, not replacing live point.
12:23:01 [ultranest] [DEBUG] Plateau detected at L=-4.100408e+02, not replacing live point.
12:23:01 [ultranest] [DEBUG] Plateau detected at L=-4.100408e+02, not replacing live point.
12:23:01 [ultranest] [DEBUG] Plateau detected at L=-4.100408e+02, not replacing live point.
12:23:01 [ultranest] [DEBUG] Plateau detected at L=-4.100408e+02, not replacing live point.
12:23:01 [ultranest] [DEBUG] Plateau detected at L=-4.100408e+02, not replacing live point.
12:23:01 [ultranest] [DEBUG] Plateau detected at L=-4.100408e+02, not replacing live point.
12:23:01 [ultranest] [DEBUG] Plateau detected at L=-4.100408e+02, not replacing live point.
12:23:01 [ultranest] [DEBUG] Plateau detected at L=-4.100408e+02, not replacing live point.
12:23:01 [ultranest] [DEBUG] Plateau detected at L=-4.100408e+02, not replacing live point.
12:23:01 [ultranest] [DEBUG] Plateau detected at L=-4.100408e+02, not replacing live point.
12:23:01 [ultranest] [DEBUG] Plateau detected at L=-4.100408e+02, not replacing live point.
12:23:01 [ultranest] [DEBUG] Plateau detected at L=-4.100408e+02, not replacing live point.
12:23:01 [ultranest] [DEBUG] Plateau detected at L=-4.100408e+02, not replacing live point.
12:23:01 [ultranest] [DEBUG] Plateau detected at L=-4.100408e+02, not replacing live point.
12:23:01 [ultranest] [DEBUG] Plateau detected at L=-4.100408e+02, not replacing live point.
12:23:01 [ultranest] [DEBUG] Plateau detected at L=-4.100408e+02, not replacing live point.
12:23:01 [ultranest] [DEBUG] Plateau detected at L=-4.100408e+02, not replacing live point.
12:23:01 [ultranest] [DEBUG] Plateau detected at L=-4.100408e+02, not replacing live point.
12:23:01 [ultranest] [DEBUG] Plateau detected at L=-4.100408e+02, not replacing live point.
12:23:01 [ultranest] [DEBUG] Plateau detected at L=-4.100408e+02, not replacing live point.
12:23:01 [ultranest] [DEBUG] Plateau detected at L=-4.100408e+02, not replacing live point.
12:23:01 [ultranest] [DEBUG] Plateau detected at L=-4.100408e+02, not replacing live point.
12:23:01 [ultranest] [DEBUG] Plateau detected at L=-4.100408e+02, not replacing live point.
12:23:01 [ultranest] [DEBUG] Plateau detected at L=-4.100408e+02, not replacing live point.
12:23:01 [ultranest] [DEBUG] Plateau detected at L=-4.100408e+02, not replacing live point.
12:23:01 [ultranest] [DEBUG] Plateau detected at L=-4.100408e+02, not replacing live point.
12:23:01 [ultranest] [DEBUG] Plateau detected at L=-4.100408e+02, not replacing live point.
12:23:01 [ultranest] [DEBUG] Plateau detected at L=-4.100408e+02, not replacing live point.
12:23:01 [ultranest] [DEBUG] Plateau detected at L=-4.100408e+02, not replacing live point.
12:23:01 [ultranest] [DEBUG] Plateau detected at L=-4.100408e+02, not replacing live point.
12:23:01 [ultranest] [DEBUG] Plateau detected at L=-4.100408e+02, not replacing live point.
12:23:01 [ultranest] [DEBUG] Plateau detected at L=-4.100408e+02, not replacing live point.
12:23:01 [ultranest] [DEBUG] Plateau detected at L=-4.100408e+02, not replacing live point.
12:23:01 [ultranest] [DEBUG] Plateau detected at L=-4.100408e+02, not replacing live point.
12:23:01 [ultranest] [DEBUG] Plateau detected at L=-4.100408e+02, not replacing live point.
12:23:01 [ultranest] [DEBUG] Plateau detected at L=-4.100408e+02, not replacing live point.
12:23:01 [ultranest] [DEBUG] Plateau detected at L=-4.100408e+02, not replacing live point.
12:23:01 [ultranest] [DEBUG] Plateau detected at L=-4.100408e+02, not replacing live point.
12:23:01 [ultranest] [DEBUG] Plateau detected at L=-4.100408e+02, not replacing live point.
12:23:01 [ultranest] [DEBUG] Plateau detected at L=-4.100408e+02, not replacing live point.
12:23:01 [ultranest] [DEBUG] Plateau detected at L=-4.100408e+02, not replacing live point.
12:23:01 [ultranest] [DEBUG] Plateau detected at L=-4.100408e+02, not replacing live point.
12:23:01 [ultranest] [DEBUG] Plateau detected at L=-4.100408e+02, not replacing live point.
12:23:01 [ultranest] [DEBUG] Plateau detected at L=-4.100408e+02, not replacing live point.
12:23:01 [ultranest] [DEBUG] Plateau detected at L=-4.100408e+02, not replacing live point.
12:23:01 [ultranest] [DEBUG] Plateau detected at L=-4.100408e+02, not replacing live point.
12:23:01 [ultranest] [DEBUG] Plateau detected at L=-4.100408e+02, not replacing live point.
12:23:01 [ultranest] [DEBUG] Plateau detected at L=-4.100408e+02, not replacing live point.
12:23:01 [ultranest] [DEBUG] Plateau detected at L=-4.100408e+02, not replacing live point.
12:23:01 [ultranest] [DEBUG] Plateau detected at L=-4.100408e+02, not replacing live point.
12:23:01 [ultranest] [DEBUG] Plateau detected at L=-4.100408e+02, not replacing live point.
12:23:01 [ultranest] [DEBUG] Plateau detected at L=-4.100408e+02, not replacing live point.
12:23:01 [ultranest] [DEBUG] Plateau detected at L=-4.100408e+02, not replacing live point.
12:23:01 [ultranest] [DEBUG] Plateau detected at L=-4.100408e+02, not replacing live point.
12:23:01 [ultranest] [DEBUG] Plateau detected at L=-4.100408e+02, not replacing live point.
12:23:01 [ultranest] [DEBUG] Plateau detected at L=-4.100408e+02, not replacing live point.
12:23:01 [ultranest] [DEBUG] Plateau detected at L=-4.100408e+02, not replacing live point.
12:23:01 [ultranest] [DEBUG] Plateau detected at L=-4.100408e+02, not replacing live point.
12:23:01 [ultranest] [DEBUG] Plateau detected at L=-4.100408e+02, not replacing live point.
12:23:01 [ultranest] [DEBUG] Plateau detected at L=-4.100408e+02, not replacing live point.
12:23:01 [ultranest] [DEBUG] Plateau detected at L=-4.100408e+02, not replacing live point.
12:23:01 [ultranest] [DEBUG] Plateau detected at L=-4.100408e+02, not replacing live point.
12:23:01 [ultranest] [DEBUG] Plateau detected at L=-4.100408e+02, not replacing live point.
12:23:01 [ultranest] [DEBUG] Plateau detected at L=-4.100408e+02, not replacing live point.
12:23:01 [ultranest] [DEBUG] Plateau detected at L=-4.100408e+02, not replacing live point.
12:23:01 [ultranest] [DEBUG] Plateau detected at L=-4.100408e+02, not replacing live point.
12:23:01 [ultranest] [DEBUG] Plateau detected at L=-4.100408e+02, not replacing live point.
12:23:01 [ultranest] [DEBUG] Plateau detected at L=-4.100408e+02, not replacing live point.
12:23:01 [ultranest] [DEBUG] Plateau detected at L=-4.100408e+02, not replacing live point.
12:23:01 [ultranest] [DEBUG] Plateau detected at L=-4.100408e+02, not replacing live point.
12:23:01 [ultranest] [DEBUG] Plateau detected at L=-4.100408e+02, not replacing live point.
12:23:01 [ultranest] [DEBUG] Plateau detected at L=-4.100408e+02, not replacing live point.
12:23:01 [ultranest] [DEBUG] Plateau detected at L=-4.100408e+02, not replacing live point.
12:23:01 [ultranest] [DEBUG] Plateau detected at L=-4.100408e+02, not replacing live point.
12:23:01 [ultranest] [DEBUG] Plateau detected at L=-4.100408e+02, not replacing live point.
12:23:01 [ultranest] [DEBUG] Plateau detected at L=-4.100408e+02, not replacing live point.
12:23:01 [ultranest] [DEBUG] Plateau detected at L=-4.100408e+02, not replacing live point.
12:23:01 [ultranest] [DEBUG] Plateau detected at L=-4.100408e+02, not replacing live point.
12:23:01 [ultranest] [DEBUG] Plateau detected at L=-4.100408e+02, not replacing live point.
12:23:01 [ultranest] [DEBUG] Plateau detected at L=-4.100408e+02, not replacing live point.
12:23:01 [ultranest] [DEBUG] Plateau detected at L=-4.100408e+02, not replacing live point.
12:23:01 [ultranest] [DEBUG] Plateau detected at L=-4.100408e+02, not replacing live point.
12:23:01 [ultranest] [DEBUG] Plateau detected at L=-4.100408e+02, not replacing live point.
12:23:01 [ultranest] [DEBUG] Plateau detected at L=-4.100408e+02, not replacing live point.
12:23:01 [ultranest] [DEBUG] Plateau detected at L=-4.100408e+02, not replacing live point.
12:23:01 [ultranest] [DEBUG] Plateau detected at L=-4.100408e+02, not replacing live point.
12:23:01 [ultranest] [DEBUG] Plateau detected at L=-4.100408e+02, not replacing live point.
12:23:01 [ultranest] [DEBUG] Plateau detected at L=-4.100408e+02, not replacing live point.
12:23:01 [ultranest] [DEBUG] Plateau detected at L=-4.100408e+02, not replacing live point.
12:23:01 [ultranest] [DEBUG] Plateau detected at L=-4.100408e+02, not replacing live point.
12:23:01 [ultranest] [DEBUG] Plateau detected at L=-4.100408e+02, not replacing live point.
12:23:01 [ultranest] [DEBUG] Plateau detected at L=-4.100408e+02, not replacing live point.
12:23:01 [ultranest] [DEBUG] Plateau detected at L=-4.100408e+02, not replacing live point.
12:23:01 [ultranest] [DEBUG] Plateau detected at L=-4.100408e+02, not replacing live point.
12:23:01 [ultranest] [DEBUG] Plateau detected at L=-4.100408e+02, not replacing live point.
12:23:01 [ultranest] [DEBUG] Plateau detected at L=-4.100408e+02, not replacing live point.
12:23:01 [ultranest] [DEBUG] Plateau detected at L=-4.100408e+02, not replacing live point.
12:23:01 [ultranest] [DEBUG] Plateau detected at L=-4.100408e+02, not replacing live point.
12:23:01 [ultranest] [DEBUG] Plateau detected at L=-4.100408e+02, not replacing live point.
12:23:01 [ultranest] [DEBUG] Plateau detected at L=-4.100408e+02, not replacing live point.
12:23:01 [ultranest] [DEBUG] Plateau detected at L=-4.100408e+02, not replacing live point.
12:23:01 [ultranest] [DEBUG] Plateau detected at L=-4.100408e+02, not replacing live point.
12:23:01 [ultranest] [DEBUG] Plateau detected at L=-4.100408e+02, not replacing live point.
12:23:01 [ultranest] [DEBUG] Plateau detected at L=-4.100408e+02, not replacing live point.
12:23:01 [ultranest] [DEBUG] Plateau detected at L=-4.100408e+02, not replacing live point.
12:23:01 [ultranest] [DEBUG] Plateau detected at L=-4.100408e+02, not replacing live point.
12:23:01 [ultranest] [DEBUG] Plateau detected at L=-4.100408e+02, not replacing live point.
12:23:01 [ultranest] [DEBUG] Plateau detected at L=-4.100408e+02, not replacing live point.
12:23:01 [ultranest] [DEBUG] Plateau detected at L=-4.100408e+02, not replacing live point.
12:23:01 [ultranest] [DEBUG] Plateau detected at L=-4.100408e+02, not replacing live point.
12:23:01 [ultranest] [DEBUG] Plateau detected at L=-4.100408e+02, not replacing live point.
12:23:01 [ultranest] [DEBUG] Plateau detected at L=-4.100408e+02, not replacing live point.
12:23:01 [ultranest] [DEBUG] Plateau detected at L=-4.100408e+02, not replacing live point.
12:23:01 [ultranest] [DEBUG] Plateau detected at L=-4.100408e+02, not replacing live point.
12:23:01 [ultranest] [DEBUG] Plateau detected at L=-4.100408e+02, not replacing live point.
12:23:01 [ultranest] [DEBUG] Plateau detected at L=-4.100408e+02, not replacing live point.
12:23:01 [ultranest] [DEBUG] Plateau detected at L=-4.100408e+02, not replacing live point.
12:23:01 [ultranest] [DEBUG] Plateau detected at L=-4.100408e+02, not replacing live point.
12:23:01 [ultranest] [DEBUG] Plateau detected at L=-4.100408e+02, not replacing live point.
12:23:01 [ultranest] [DEBUG] Plateau detected at L=-4.100408e+02, not replacing live point.
12:23:01 [ultranest] [DEBUG] Plateau detected at L=-4.100408e+02, not replacing live point.
12:23:01 [ultranest] [DEBUG] Plateau detected at L=-4.100408e+02, not replacing live point.
12:23:01 [ultranest] [DEBUG] Plateau detected at L=-4.100408e+02, not replacing live point.
12:23:01 [ultranest] [DEBUG] Plateau detected at L=-4.100408e+02, not replacing live point.
12:23:01 [ultranest] [DEBUG] Plateau detected at L=-4.100408e+02, not replacing live point.
12:23:01 [ultranest] [DEBUG] Plateau detected at L=-4.100408e+02, not replacing live point.
12:23:01 [ultranest] [DEBUG] Plateau detected at L=-4.100408e+02, not replacing live point.
12:23:01 [ultranest] [DEBUG] Plateau detected at L=-4.100408e+02, not replacing live point.
12:23:01 [ultranest] [DEBUG] Plateau detected at L=-4.100408e+02, not replacing live point.
12:23:01 [ultranest] [DEBUG] Plateau detected at L=-4.100408e+02, not replacing live point.
12:23:01 [ultranest] [DEBUG] Plateau detected at L=-4.100408e+02, not replacing live point.
12:23:01 [ultranest] [DEBUG] Plateau detected at L=-4.100408e+02, not replacing live point.
12:23:01 [ultranest] [DEBUG] Plateau detected at L=-4.100408e+02, not replacing live point.
12:23:01 [ultranest] [DEBUG] Plateau detected at L=-4.100408e+02, not replacing live point.
12:23:01 [ultranest] [DEBUG] Plateau detected at L=-4.100408e+02, not replacing live point.
12:23:01 [ultranest] [DEBUG] Plateau detected at L=-4.100408e+02, not replacing live point.
12:23:01 [ultranest] [DEBUG] Plateau detected at L=-4.100408e+02, not replacing live point.
12:23:01 [ultranest] [DEBUG] Plateau detected at L=-4.100408e+02, not replacing live point.
12:23:01 [ultranest] [DEBUG] Plateau detected at L=-4.100408e+02, not replacing live point.
12:23:01 [ultranest] [DEBUG] Plateau detected at L=-4.100408e+02, not replacing live point.
12:23:01 [ultranest] [DEBUG] Plateau detected at L=-4.100408e+02, not replacing live point.
12:23:01 [ultranest] [DEBUG] Plateau detected at L=-4.100408e+02, not replacing live point.
12:23:01 [ultranest] [DEBUG] Plateau detected at L=-4.100408e+02, not replacing live point.
12:23:01 [ultranest] [DEBUG] Plateau detected at L=-4.100408e+02, not replacing live point.
12:23:01 [ultranest] [DEBUG] Plateau detected at L=-4.100408e+02, not replacing live point.
12:23:01 [ultranest] [DEBUG] Plateau detected at L=-4.100408e+02, not replacing live point.
12:23:01 [ultranest] [DEBUG] Plateau detected at L=-4.100408e+02, not replacing live point.
12:23:01 [ultranest] [DEBUG] Plateau detected at L=-4.100408e+02, not replacing live point.
12:23:01 [ultranest] [DEBUG] Plateau detected at L=-4.100408e+02, not replacing live point.
12:23:01 [ultranest] [DEBUG] Plateau detected at L=-4.100408e+02, not replacing live point.
12:23:01 [ultranest] [DEBUG] Plateau detected at L=-4.100408e+02, not replacing live point.
12:23:01 [ultranest] [DEBUG] Plateau detected at L=-4.100408e+02, not replacing live point.
12:23:01 [ultranest] [DEBUG] Plateau detected at L=-4.100408e+02, not replacing live point.
12:23:01 [ultranest] [DEBUG] Plateau detected at L=-4.100408e+02, not replacing live point.
12:23:01 [ultranest] [DEBUG] Plateau detected at L=-4.100408e+02, not replacing live point.
12:23:01 [ultranest] [DEBUG] Plateau detected at L=-4.100408e+02, not replacing live point.
12:23:01 [ultranest] [DEBUG] Plateau detected at L=-4.100408e+02, not replacing live point.
12:23:01 [ultranest] [DEBUG] Plateau detected at L=-4.100408e+02, not replacing live point.
12:23:01 [ultranest] [DEBUG] Plateau detected at L=-4.100408e+02, not replacing live point.
12:23:01 [ultranest] [DEBUG] Plateau detected at L=-4.100408e+02, not replacing live point.
12:23:01 [ultranest] [DEBUG] Plateau detected at L=-4.100408e+02, not replacing live point.
12:23:01 [ultranest] [DEBUG] Plateau detected at L=-4.100408e+02, not replacing live point.
12:23:01 [ultranest] [DEBUG] Plateau detected at L=-4.100408e+02, not replacing live point.
12:23:01 [ultranest] [DEBUG] Plateau detected at L=-4.100408e+02, not replacing live point.
12:23:01 [ultranest] [DEBUG] Plateau detected at L=-4.100408e+02, not replacing live point.
12:23:01 [ultranest] [DEBUG] Plateau detected at L=-4.100408e+02, not replacing live point.
12:23:01 [ultranest] [DEBUG] Plateau detected at L=-4.100408e+02, not replacing live point.
12:23:01 [ultranest] [DEBUG] Plateau detected at L=-4.100408e+02, not replacing live point.
12:23:01 [ultranest] [DEBUG] Plateau detected at L=-4.100408e+02, not replacing live point.
12:23:01 [ultranest] [DEBUG] Plateau detected at L=-4.100408e+02, not replacing live point.
12:23:01 [ultranest] [DEBUG] Plateau detected at L=-4.100408e+02, not replacing live point.
12:23:01 [ultranest] [DEBUG] Plateau detected at L=-4.100408e+02, not replacing live point.
12:23:01 [ultranest] [DEBUG] Plateau detected at L=-4.100408e+02, not replacing live point.
12:23:01 [ultranest] [DEBUG] Plateau detected at L=-4.100408e+02, not replacing live point.
12:23:01 [ultranest] [DEBUG] Plateau detected at L=-4.100408e+02, not replacing live point.
12:23:01 [ultranest] [DEBUG] Plateau detected at L=-4.100408e+02, not replacing live point.
12:23:01 [ultranest] [DEBUG] Plateau detected at L=-4.100408e+02, not replacing live point.
12:23:01 [ultranest] [DEBUG] Plateau detected at L=-4.100408e+02, not replacing live point.
12:23:01 [ultranest] [DEBUG] Plateau detected at L=-4.100408e+02, not replacing live point.
12:23:01 [ultranest] [DEBUG] Plateau detected at L=-4.100408e+02, not replacing live point.
12:23:01 [ultranest] [DEBUG] Plateau detected at L=-4.100408e+02, not replacing live point.
12:23:01 [ultranest] [DEBUG] Plateau detected at L=-4.100408e+02, not replacing live point.
12:23:01 [ultranest] [DEBUG] Plateau detected at L=-4.100408e+02, not replacing live point.
12:23:01 [ultranest] [DEBUG] Plateau detected at L=-4.100408e+02, not replacing live point.
12:23:01 [ultranest] [DEBUG] Plateau detected at L=-4.100408e+02, not replacing live point.
12:23:01 [ultranest] [DEBUG] Plateau detected at L=-4.100408e+02, not replacing live point.
12:23:01 [ultranest] [DEBUG] Plateau detected at L=-4.100408e+02, not replacing live point.
12:23:01 [ultranest] [DEBUG] Plateau detected at L=-4.100408e+02, not replacing live point.
12:23:01 [ultranest] [DEBUG] Plateau detected at L=-4.100408e+02, not replacing live point.
12:23:01 [ultranest] [DEBUG] Plateau detected at L=-4.100408e+02, not replacing live point.
12:23:01 [ultranest] [DEBUG] Plateau detected at L=-4.100408e+02, not replacing live point.
12:23:01 [ultranest] [DEBUG] Plateau detected at L=-4.100408e+02, not replacing live point.
12:23:01 [ultranest] [DEBUG] Plateau detected at L=-4.100408e+02, not replacing live point.
12:23:01 [ultranest] [DEBUG] Plateau detected at L=-4.100408e+02, not replacing live point.
12:23:01 [ultranest] [DEBUG] Plateau detected at L=-4.100408e+02, not replacing live point.
12:23:01 [ultranest] [DEBUG] Plateau detected at L=-4.100408e+02, not replacing live point.
12:23:01 [ultranest] [DEBUG] Plateau detected at L=-4.100408e+02, not replacing live point.
12:23:01 [ultranest] [DEBUG] Plateau detected at L=-4.100408e+02, not replacing live point.
12:23:01 [ultranest] [DEBUG] Plateau detected at L=-4.100408e+02, not replacing live point.
12:23:01 [ultranest] [DEBUG] Plateau detected at L=-4.100408e+02, not replacing live point.
12:23:01 [ultranest] [DEBUG] Plateau detected at L=-4.100408e+02, not replacing live point.
12:23:01 [ultranest] [DEBUG] Plateau detected at L=-4.100408e+02, not replacing live point.
12:23:01 [ultranest] [DEBUG] Plateau detected at L=-4.100408e+02, not replacing live point.
12:23:01 [ultranest] [DEBUG] Plateau detected at L=-4.100408e+02, not replacing live point.
12:23:01 [ultranest] [DEBUG] Plateau detected at L=-4.100408e+02, not replacing live point.
12:23:01 [ultranest] [DEBUG] Plateau detected at L=-4.100408e+02, not replacing live point.
12:23:01 [ultranest] [DEBUG] Plateau detected at L=-4.100408e+02, not replacing live point.
12:23:01 [ultranest] [DEBUG] Plateau detected at L=-4.100408e+02, not replacing live point.
12:23:01 [ultranest] [DEBUG] Plateau detected at L=-4.100408e+02, not replacing live point.
12:23:01 [ultranest] [DEBUG] Plateau detected at L=-4.100408e+02, not replacing live point.
12:23:01 [ultranest] [DEBUG] Plateau detected at L=-4.100408e+02, not replacing live point.
12:23:01 [ultranest] [DEBUG] Plateau detected at L=-4.100408e+02, not replacing live point.
12:23:01 [ultranest] [DEBUG] Plateau detected at L=-4.100408e+02, not replacing live point.
12:23:01 [ultranest] [DEBUG] Plateau detected at L=-4.100408e+02, not replacing live point.
12:23:01 [ultranest] [DEBUG] Plateau detected at L=-4.100408e+02, not replacing live point.
12:23:01 [ultranest] [DEBUG] Plateau detected at L=-4.100408e+02, not replacing live point.
12:23:01 [ultranest] [DEBUG] Plateau detected at L=-4.100408e+02, not replacing live point.
12:23:01 [ultranest] [DEBUG] Plateau detected at L=-4.100408e+02, not replacing live point.
12:23:01 [ultranest] [DEBUG] Plateau detected at L=-4.100408e+02, not replacing live point.
12:23:01 [ultranest] [DEBUG] Plateau detected at L=-4.100408e+02, not replacing live point.
12:23:01 [ultranest] [DEBUG] Plateau detected at L=-4.100408e+02, not replacing live point.
12:23:01 [ultranest] [DEBUG] Plateau detected at L=-4.100408e+02, not replacing live point.
12:23:01 [ultranest] [DEBUG] Plateau detected at L=-4.100408e+02, not replacing live point.
12:23:01 [ultranest] [DEBUG] Plateau detected at L=-4.100408e+02, not replacing live point.
12:23:01 [ultranest] [DEBUG] Plateau detected at L=-4.100408e+02, not replacing live point.
12:23:01 [ultranest] [DEBUG] Plateau detected at L=-4.100408e+02, not replacing live point.
12:23:01 [ultranest] [DEBUG] Plateau detected at L=-4.100408e+02, not replacing live point.
12:23:01 [ultranest] [DEBUG] Plateau detected at L=-4.100408e+02, not replacing live point.
12:23:01 [ultranest] [DEBUG] Plateau detected at L=-4.100408e+02, not replacing live point.
12:23:01 [ultranest] [DEBUG] Plateau detected at L=-4.100408e+02, not replacing live point.
12:23:01 [ultranest] [DEBUG] Plateau detected at L=-4.100408e+02, not replacing live point.
12:23:01 [ultranest] [DEBUG] iteration=660, ncalls=9778, regioncalls=463040, ndraw=40, logz=-13.61, remainder_fraction=87.5385%, Lmin=-3.74, Lmax=-0.11
12:23:01 [ultranest] [DEBUG] iteration=677, ncalls=9789, regioncalls=463920, ndraw=40, logz=-12.94, remainder_fraction=78.2159%, Lmin=-2.80, Lmax=-0.11
12:23:01 [ultranest] [DEBUG] iteration=764, ncalls=9809, regioncalls=465080, ndraw=40, logz=-11.66, remainder_fraction=19.0146%, Lmin=-1.08, Lmax=-0.11
12:23:02 [ultranest] [DEBUG] iteration=785, ncalls=9903, regioncalls=469040, ndraw=40, logz=-11.58, remainder_fraction=12.3451%, Lmin=-0.85, Lmax=-0.11
12:23:03 [ultranest] [DEBUG] iteration=813, ncalls=9984, regioncalls=473800, ndraw=40, logz=-11.52, remainder_fraction=6.7417%, Lmin=-0.64, Lmax=-0.11
12:23:03 [ultranest] [DEBUG] iteration=826, ncalls=10069, regioncalls=478760, ndraw=40, logz=-11.50, remainder_fraction=5.0808%, Lmin=-0.60, Lmax=-0.11
12:23:04 [ultranest] [DEBUG] iteration=829, ncalls=10157, regioncalls=482520, ndraw=40, logz=-11.50, remainder_fraction=4.7223%, Lmin=-0.57, Lmax=-0.11
12:23:05 [ultranest] [DEBUG] iteration=832, ncalls=10264, regioncalls=488000, ndraw=40, logz=-11.49, remainder_fraction=4.4439%, Lmin=-0.56, Lmax=-0.11
12:23:06 [ultranest] [DEBUG] iteration=835, ncalls=10371, regioncalls=492800, ndraw=40, logz=-11.49, remainder_fraction=4.1599%, Lmin=-0.54, Lmax=-0.11
12:23:06 [ultranest] [DEBUG] iteration=838, ncalls=10445, regioncalls=496360, ndraw=40, logz=-11.49, remainder_fraction=3.9110%, Lmin=-0.53, Lmax=-0.11
12:23:06 [ultranest] [DEBUG] iteration=842, ncalls=10466, regioncalls=497400, ndraw=40, logz=-11.49, remainder_fraction=3.6003%, Lmin=-0.52, Lmax=-0.11
12:23:06 [ultranest] [DEBUG] iteration=849, ncalls=10473, regioncalls=497720, ndraw=40, logz=-11.48, remainder_fraction=3.1183%, Lmin=-0.49, Lmax=-0.11
12:23:06 [ultranest] [DEBUG] iteration=853, ncalls=10492, regioncalls=498480, ndraw=40, logz=-11.48, remainder_fraction=2.8859%, Lmin=-0.47, Lmax=-0.11
12:23:07 [ultranest] [DEBUG] iteration=858, ncalls=10520, regioncalls=499640, ndraw=40, logz=-11.47, remainder_fraction=2.6086%, Lmin=-0.46, Lmax=-0.11
12:23:07 [ultranest] [DEBUG] iteration=859, ncalls=10585, regioncalls=502480, ndraw=40, logz=-11.47, remainder_fraction=2.5595%, Lmin=-0.45, Lmax=-0.11
12:23:07 [ultranest] [DEBUG] iteration=861, ncalls=10633, regioncalls=504480, ndraw=40, logz=-11.47, remainder_fraction=2.4534%, Lmin=-0.44, Lmax=-0.11
12:23:08 [ultranest] [DEBUG] iteration=867, ncalls=10659, regioncalls=505760, ndraw=40, logz=-11.47, remainder_fraction=2.1657%, Lmin=-0.43, Lmax=-0.11
12:23:08 [ultranest] [DEBUG] iteration=868, ncalls=10680, regioncalls=506600, ndraw=40, logz=-11.47, remainder_fraction=2.1233%, Lmin=-0.43, Lmax=-0.11
12:23:08 [ultranest] [DEBUG] iteration=871, ncalls=10692, regioncalls=507080, ndraw=40, logz=-11.47, remainder_fraction=2.0012%, Lmin=-0.42, Lmax=-0.11
12:23:08 [ultranest] [DEBUG] iteration=873, ncalls=10706, regioncalls=507640, ndraw=40, logz=-11.47, remainder_fraction=1.9210%, Lmin=-0.41, Lmax=-0.11
12:23:08 [ultranest] [DEBUG] iteration=876, ncalls=10725, regioncalls=508400, ndraw=40, logz=-11.47, remainder_fraction=1.8135%, Lmin=-0.40, Lmax=-0.11
12:23:08 [ultranest] [DEBUG] iteration=882, ncalls=10762, regioncalls=509880, ndraw=40, logz=-11.46, remainder_fraction=1.6034%, Lmin=-0.39, Lmax=-0.11
12:23:09 [ultranest] [DEBUG] iteration=883, ncalls=10780, regioncalls=510600, ndraw=40, logz=-11.46, remainder_fraction=1.5757%, Lmin=-0.39, Lmax=-0.11
12:23:09 [ultranest] [DEBUG] iteration=885, ncalls=10800, regioncalls=511400, ndraw=40, logz=-11.46, remainder_fraction=1.5161%, Lmin=-0.38, Lmax=-0.11
12:23:09 [ultranest] [DEBUG] iteration=886, ncalls=10860, regioncalls=513800, ndraw=40, logz=-11.46, remainder_fraction=1.4913%, Lmin=-0.38, Lmax=-0.11
12:23:10 [ultranest] [DEBUG] iteration=888, ncalls=10933, regioncalls=516720, ndraw=40, logz=-11.46, remainder_fraction=1.4453%, Lmin=-0.38, Lmax=-0.11
12:23:10 [ultranest] [DEBUG] iteration=893, ncalls=10965, regioncalls=518000, ndraw=40, logz=-11.46, remainder_fraction=1.3145%, Lmin=-0.37, Lmax=-0.11
12:23:10 [ultranest] [DEBUG] iteration=895, ncalls=10988, regioncalls=518920, ndraw=40, logz=-11.46, remainder_fraction=1.2689%, Lmin=-0.37, Lmax=-0.11
12:23:10 [ultranest] [DEBUG] iteration=896, ncalls=11003, regioncalls=519520, ndraw=40, logz=-11.46, remainder_fraction=1.2490%, Lmin=-0.37, Lmax=-0.11
12:23:10 [ultranest] [DEBUG] iteration=899, ncalls=11045, regioncalls=521200, ndraw=40, logz=-11.46, remainder_fraction=1.1828%, Lmin=-0.37, Lmax=-0.11
12:23:11 [ultranest] [DEBUG] iteration=900, ncalls=11100, regioncalls=523400, ndraw=40, logz=-11.46, remainder_fraction=1.1615%, Lmin=-0.36, Lmax=-0.11
12:23:12 [ultranest] [DEBUG] iteration=901, ncalls=11217, regioncalls=528080, ndraw=40, logz=-11.46, remainder_fraction=1.1424%, Lmin=-0.36, Lmax=-0.11
12:23:12 [ultranest] [DEBUG] iteration=902, ncalls=11249, regioncalls=529360, ndraw=40, logz=-11.46, remainder_fraction=1.1243%, Lmin=-0.36, Lmax=-0.11
12:23:12 [ultranest] [DEBUG] iteration=904, ncalls=11283, regioncalls=530720, ndraw=40, logz=-11.46, remainder_fraction=1.0897%, Lmin=-0.36, Lmax=-0.11
12:23:13 [ultranest] [DEBUG] iteration=905, ncalls=11334, regioncalls=532760, ndraw=40, logz=-11.46, remainder_fraction=1.0709%, Lmin=-0.36, Lmax=-0.11
12:23:13 [ultranest] [DEBUG] iteration=907, ncalls=11358, regioncalls=533800, ndraw=40, logz=-11.46, remainder_fraction=1.0354%, Lmin=-0.35, Lmax=-0.11
12:23:13 [ultranest] [DEBUG] iteration=908, ncalls=11405, regioncalls=535680, ndraw=40, logz=-11.46, remainder_fraction=1.0186%, Lmin=-0.34, Lmax=-0.11
12:23:13 [ultranest] [DEBUG] iteration=909, ncalls=11461, regioncalls=537920, ndraw=40, logz=-11.46, remainder_fraction=1.0015%, Lmin=-0.34, Lmax=-0.11
12:23:14 [ultranest] [DEBUG] iteration=911, ncalls=11524, regioncalls=540440, ndraw=40, logz=-11.46, remainder_fraction=0.9705%, Lmin=-0.34, Lmax=-0.11
12:23:15 [ultranest] [DEBUG] iteration=913, ncalls=11630, regioncalls=544680, ndraw=40, logz=-11.46, remainder_fraction=0.9403%, Lmin=-0.34, Lmax=-0.11
12:23:15 [ultranest] [DEBUG] iteration=915, ncalls=11650, regioncalls=545480, ndraw=40, logz=-11.46, remainder_fraction=0.9098%, Lmin=-0.33, Lmax=-0.11
12:23:15 [ultranest] [DEBUG] iteration=916, ncalls=11675, regioncalls=546480, ndraw=40, logz=-11.46, remainder_fraction=0.8960%, Lmin=-0.33, Lmax=-0.11
12:23:15 [ultranest] [DEBUG] iteration=918, ncalls=11692, regioncalls=547160, ndraw=40, logz=-11.46, remainder_fraction=0.8675%, Lmin=-0.33, Lmax=-0.11
12:23:16 [ultranest] [DEBUG] iteration=919, ncalls=11722, regioncalls=548360, ndraw=40, logz=-11.46, remainder_fraction=0.8536%, Lmin=-0.33, Lmax=-0.11
12:23:16 [ultranest] [DEBUG] iteration=920, ncalls=11737, regioncalls=548960, ndraw=40, logz=-11.46, remainder_fraction=0.8401%, Lmin=-0.33, Lmax=-0.11
12:23:16 [ultranest] [DEBUG] iteration=921, ncalls=11756, regioncalls=549760, ndraw=40, logz=-11.46, remainder_fraction=0.8270%, Lmin=-0.33, Lmax=-0.11
12:23:16 [ultranest] [DEBUG] iteration=922, ncalls=11781, regioncalls=550760, ndraw=40, logz=-11.46, remainder_fraction=0.8137%, Lmin=-0.32, Lmax=-0.11
12:23:17 [ultranest] [DEBUG] iteration=923, ncalls=11936, regioncalls=556960, ndraw=40, logz=-11.46, remainder_fraction=0.8011%, Lmin=-0.32, Lmax=-0.11
12:23:17 [ultranest] [DEBUG] iteration=924, ncalls=11962, regioncalls=558000, ndraw=40, logz=-11.46, remainder_fraction=0.7888%, Lmin=-0.32, Lmax=-0.11
12:23:18 [ultranest] [DEBUG] iteration=926, ncalls=11992, regioncalls=559200, ndraw=40, logz=-11.46, remainder_fraction=0.7656%, Lmin=-0.32, Lmax=-0.11
12:23:18 [ultranest] [DEBUG] iteration=928, ncalls=12016, regioncalls=560160, ndraw=40, logz=-11.46, remainder_fraction=0.7430%, Lmin=-0.32, Lmax=-0.11
12:23:18 [ultranest] [DEBUG] iteration=930, ncalls=12031, regioncalls=560760, ndraw=40, logz=-11.46, remainder_fraction=0.7233%, Lmin=-0.31, Lmax=-0.11
12:23:18 [ultranest] [DEBUG] iteration=931, ncalls=12063, regioncalls=562160, ndraw=40, logz=-11.46, remainder_fraction=0.7128%, Lmin=-0.31, Lmax=-0.11
12:23:18 [ultranest] [DEBUG] iteration=932, ncalls=12083, regioncalls=562960, ndraw=40, logz=-11.46, remainder_fraction=0.7018%, Lmin=-0.31, Lmax=-0.11
12:23:18 [ultranest] [DEBUG] iteration=933, ncalls=12111, regioncalls=564080, ndraw=40, logz=-11.46, remainder_fraction=0.6926%, Lmin=-0.31, Lmax=-0.11
12:23:19 [ultranest] [DEBUG] iteration=934, ncalls=12127, regioncalls=564720, ndraw=40, logz=-11.46, remainder_fraction=0.6831%, Lmin=-0.31, Lmax=-0.11
12:23:19 [ultranest] [DEBUG] iteration=935, ncalls=12148, regioncalls=565560, ndraw=40, logz=-11.46, remainder_fraction=0.6730%, Lmin=-0.30, Lmax=-0.11
12:23:19 [ultranest] [DEBUG] iteration=936, ncalls=12161, regioncalls=566120, ndraw=40, logz=-11.46, remainder_fraction=0.6633%, Lmin=-0.30, Lmax=-0.11
12:23:19 [ultranest] [DEBUG] iteration=937, ncalls=12231, regioncalls=568920, ndraw=40, logz=-11.46, remainder_fraction=0.6560%, Lmin=-0.30, Lmax=-0.11
12:23:20 [ultranest] [DEBUG] iteration=938, ncalls=12263, regioncalls=570200, ndraw=40, logz=-11.46, remainder_fraction=0.6469%, Lmin=-0.30, Lmax=-0.11
12:23:20 [ultranest] [DEBUG] iteration=939, ncalls=12286, regioncalls=571120, ndraw=40, logz=-11.45, remainder_fraction=0.6382%, Lmin=-0.30, Lmax=-0.11
12:23:20 [ultranest] [DEBUG] iteration=940, ncalls=12315, regioncalls=572280, ndraw=40, logz=-11.45, remainder_fraction=0.6295%, Lmin=-0.30, Lmax=-0.11
12:23:20 [ultranest] [DEBUG] iteration=941, ncalls=12347, regioncalls=573560, ndraw=40, logz=-11.45, remainder_fraction=0.6208%, Lmin=-0.30, Lmax=-0.11
12:23:21 [ultranest] [DEBUG] iteration=942, ncalls=12518, regioncalls=580400, ndraw=40, logz=-11.45, remainder_fraction=0.6127%, Lmin=-0.29, Lmax=-0.11
12:23:22 [ultranest] [DEBUG] iteration=943, ncalls=12579, regioncalls=582840, ndraw=40, logz=-11.45, remainder_fraction=0.6051%, Lmin=-0.29, Lmax=-0.11
12:23:22 [ultranest] [DEBUG] iteration=945, ncalls=12603, regioncalls=583800, ndraw=40, logz=-11.45, remainder_fraction=0.5903%, Lmin=-0.29, Lmax=-0.11
12:23:22 [ultranest] [INFO] Explored until L=-0.1  
12:23:22 [ultranest] [INFO] Likelihood function evaluations: 12603
12:23:22 [ultranest] [INFO] Writing samples and results to disk ...
12:23:23 [ultranest] [INFO] Writing samples and results to disk ... done
12:23:23 [ultranest] [DEBUG] did a run_iter pass!
12:23:23 [ultranest] [INFO]   logZ = -11.38 +- 0.468
12:23:23 [ultranest] [INFO] Effective samples strategy wants to improve: -8.66..-0.19 (ESS = 182.3, need >400)
12:23:23 [ultranest] [INFO] Posterior uncertainty strategy is satisfied (KL: 0.53+-0.44 nat, need <0.50 nat)
12:23:23 [ultranest] [DEBUG]   conservative estimate says at least 64 live points are needed to reach dlogz goal
12:23:23 [ultranest] [DEBUG]   number of live points vary between 1 and 799, most (364/706 iterations) have 1
12:23:23 [ultranest] [DEBUG]   at least 69 live points are needed to reach dlogz goal
12:23:23 [ultranest] [INFO] Evidency uncertainty strategy wants 69 minimum live points (dlogz from 0.40 to 1.08, need <0.5)
12:23:23 [ultranest] [INFO]   logZ error budget: single: 0.37 bs:0.47 tail:0.01 total:0.47 required:<0.50
12:23:23 [ultranest] [INFO] Widening from 35 to 140 live points before L=-9...
12:23:23 [ultranest] [INFO] Will add 105 live points (x3) at L=-2e+02 ...
12:23:23 [ultranest] [INFO] Exploring (in particular: L=-235.30..-0.19) ...
12:23:23 [ultranest] [DEBUG] minimal_widths_sequence: [(-inf, 400.0), (-235.29684883486817, 400.0), (-3.7440649665609005, 400.0), (-0.18506870308461884, 400.0), (-0.11143650076404694, 400.0), (inf, 400.0)]
12:23:23 [ultranest] [DEBUG] Plateau detected at L=-4.100408e+02, not replacing live point.
12:23:23 [ultranest] [DEBUG] Plateau detected at L=-4.100408e+02, not replacing live point.
12:23:23 [ultranest] [DEBUG] Plateau detected at L=-4.100408e+02, not replacing live point.
12:23:23 [ultranest] [DEBUG] Plateau detected at L=-4.100408e+02, not replacing live point.
12:23:23 [ultranest] [DEBUG] Plateau detected at L=-4.100408e+02, not replacing live point.
12:23:23 [ultranest] [DEBUG] Plateau detected at L=-4.100408e+02, not replacing live point.
12:23:23 [ultranest] [DEBUG] Plateau detected at L=-4.100408e+02, not replacing live point.
12:23:23 [ultranest] [DEBUG] Plateau detected at L=-4.100408e+02, not replacing live point.
12:23:23 [ultranest] [DEBUG] Plateau detected at L=-4.100408e+02, not replacing live point.
12:23:23 [ultranest] [DEBUG] Plateau detected at L=-4.100408e+02, not replacing live point.
12:23:23 [ultranest] [DEBUG] Plateau detected at L=-4.100408e+02, not replacing live point.
12:23:23 [ultranest] [DEBUG] Plateau detected at L=-4.100408e+02, not replacing live point.
12:23:23 [ultranest] [DEBUG] Plateau detected at L=-4.100408e+02, not replacing live point.
12:23:23 [ultranest] [DEBUG] Plateau detected at L=-4.100408e+02, not replacing live point.
12:23:23 [ultranest] [DEBUG] Plateau detected at L=-4.100408e+02, not replacing live point.
12:23:23 [ultranest] [DEBUG] Plateau detected at L=-4.100408e+02, not replacing live point.
12:23:23 [ultranest] [DEBUG] Plateau detected at L=-4.100408e+02, not replacing live point.
12:23:23 [ultranest] [DEBUG] Plateau detected at L=-4.100408e+02, not replacing live point.
12:23:23 [ultranest] [DEBUG] Plateau detected at L=-4.100408e+02, not replacing live point.
12:23:23 [ultranest] [DEBUG] Plateau detected at L=-4.100408e+02, not replacing live point.
12:23:23 [ultranest] [DEBUG] Plateau detected at L=-4.100408e+02, not replacing live point.
12:23:23 [ultranest] [DEBUG] Plateau detected at L=-4.100408e+02, not replacing live point.
12:23:23 [ultranest] [DEBUG] Plateau detected at L=-4.100408e+02, not replacing live point.
12:23:23 [ultranest] [DEBUG] Plateau detected at L=-4.100408e+02, not replacing live point.
12:23:23 [ultranest] [DEBUG] Plateau detected at L=-4.100408e+02, not replacing live point.
12:23:23 [ultranest] [DEBUG] Plateau detected at L=-4.100408e+02, not replacing live point.
12:23:23 [ultranest] [DEBUG] Plateau detected at L=-4.100408e+02, not replacing live point.
12:23:23 [ultranest] [DEBUG] Plateau detected at L=-4.100408e+02, not replacing live point.
12:23:23 [ultranest] [DEBUG] Plateau detected at L=-4.100408e+02, not replacing live point.
12:23:23 [ultranest] [DEBUG] Plateau detected at L=-4.100408e+02, not replacing live point.
12:23:23 [ultranest] [DEBUG] Plateau detected at L=-4.100408e+02, not replacing live point.
12:23:23 [ultranest] [DEBUG] Plateau detected at L=-4.100408e+02, not replacing live point.
12:23:23 [ultranest] [DEBUG] Plateau detected at L=-4.100408e+02, not replacing live point.
12:23:23 [ultranest] [DEBUG] Plateau detected at L=-4.100408e+02, not replacing live point.
12:23:23 [ultranest] [DEBUG] Plateau detected at L=-4.100408e+02, not replacing live point.
12:23:23 [ultranest] [DEBUG] Plateau detected at L=-4.100408e+02, not replacing live point.
12:23:23 [ultranest] [DEBUG] Plateau detected at L=-4.100408e+02, not replacing live point.
12:23:23 [ultranest] [DEBUG] Plateau detected at L=-4.100408e+02, not replacing live point.
12:23:23 [ultranest] [DEBUG] Plateau detected at L=-4.100408e+02, not replacing live point.
12:23:23 [ultranest] [DEBUG] Plateau detected at L=-4.100408e+02, not replacing live point.
12:23:23 [ultranest] [DEBUG] Plateau detected at L=-4.100408e+02, not replacing live point.
12:23:23 [ultranest] [DEBUG] Plateau detected at L=-4.100408e+02, not replacing live point.
12:23:23 [ultranest] [DEBUG] Plateau detected at L=-4.100408e+02, not replacing live point.
12:23:23 [ultranest] [DEBUG] Plateau detected at L=-4.100408e+02, not replacing live point.
12:23:23 [ultranest] [DEBUG] Plateau detected at L=-4.100408e+02, not replacing live point.
12:23:23 [ultranest] [DEBUG] Plateau detected at L=-4.100408e+02, not replacing live point.
12:23:23 [ultranest] [DEBUG] Plateau detected at L=-4.100408e+02, not replacing live point.
12:23:23 [ultranest] [DEBUG] Plateau detected at L=-4.100408e+02, not replacing live point.
12:23:23 [ultranest] [DEBUG] Plateau detected at L=-4.100408e+02, not replacing live point.
12:23:23 [ultranest] [DEBUG] Plateau detected at L=-4.100408e+02, not replacing live point.
12:23:23 [ultranest] [DEBUG] Plateau detected at L=-4.100408e+02, not replacing live point.
12:23:23 [ultranest] [DEBUG] Plateau detected at L=-4.100408e+02, not replacing live point.
12:23:23 [ultranest] [DEBUG] Plateau detected at L=-4.100408e+02, not replacing live point.
12:23:23 [ultranest] [DEBUG] Plateau detected at L=-4.100408e+02, not replacing live point.
12:23:23 [ultranest] [DEBUG] Plateau detected at L=-4.100408e+02, not replacing live point.
12:23:23 [ultranest] [DEBUG] Plateau detected at L=-4.100408e+02, not replacing live point.
12:23:23 [ultranest] [DEBUG] Plateau detected at L=-4.100408e+02, not replacing live point.
12:23:23 [ultranest] [DEBUG] Plateau detected at L=-4.100408e+02, not replacing live point.
12:23:23 [ultranest] [DEBUG] Plateau detected at L=-4.100408e+02, not replacing live point.
12:23:23 [ultranest] [DEBUG] Plateau detected at L=-4.100408e+02, not replacing live point.
12:23:23 [ultranest] [DEBUG] Plateau detected at L=-4.100408e+02, not replacing live point.
12:23:23 [ultranest] [DEBUG] Plateau detected at L=-4.100408e+02, not replacing live point.
12:23:23 [ultranest] [DEBUG] Plateau detected at L=-4.100408e+02, not replacing live point.
12:23:23 [ultranest] [DEBUG] Plateau detected at L=-4.100408e+02, not replacing live point.
12:23:23 [ultranest] [DEBUG] Plateau detected at L=-4.100408e+02, not replacing live point.
12:23:23 [ultranest] [DEBUG] Plateau detected at L=-4.100408e+02, not replacing live point.
12:23:23 [ultranest] [DEBUG] Plateau detected at L=-4.100408e+02, not replacing live point.
12:23:23 [ultranest] [DEBUG] Plateau detected at L=-4.100408e+02, not replacing live point.
12:23:23 [ultranest] [DEBUG] Plateau detected at L=-4.100408e+02, not replacing live point.
12:23:23 [ultranest] [DEBUG] Plateau detected at L=-4.100408e+02, not replacing live point.
12:23:23 [ultranest] [DEBUG] Plateau detected at L=-4.100408e+02, not replacing live point.
12:23:23 [ultranest] [DEBUG] Plateau detected at L=-4.100408e+02, not replacing live point.
12:23:23 [ultranest] [DEBUG] Plateau detected at L=-4.100408e+02, not replacing live point.
12:23:23 [ultranest] [DEBUG] Plateau detected at L=-4.100408e+02, not replacing live point.
12:23:23 [ultranest] [DEBUG] Plateau detected at L=-4.100408e+02, not replacing live point.
12:23:23 [ultranest] [DEBUG] Plateau detected at L=-4.100408e+02, not replacing live point.
12:23:23 [ultranest] [DEBUG] Plateau detected at L=-4.100408e+02, not replacing live point.
12:23:23 [ultranest] [DEBUG] Plateau detected at L=-4.100408e+02, not replacing live point.
12:23:23 [ultranest] [DEBUG] Plateau detected at L=-4.100408e+02, not replacing live point.
12:23:23 [ultranest] [DEBUG] Plateau detected at L=-4.100408e+02, not replacing live point.
12:23:23 [ultranest] [DEBUG] Plateau detected at L=-4.100408e+02, not replacing live point.
12:23:23 [ultranest] [DEBUG] Plateau detected at L=-4.100408e+02, not replacing live point.
12:23:23 [ultranest] [DEBUG] Plateau detected at L=-4.100408e+02, not replacing live point.
12:23:23 [ultranest] [DEBUG] Plateau detected at L=-4.100408e+02, not replacing live point.
12:23:23 [ultranest] [DEBUG] Plateau detected at L=-4.100408e+02, not replacing live point.
12:23:23 [ultranest] [DEBUG] Plateau detected at L=-4.100408e+02, not replacing live point.
12:23:23 [ultranest] [DEBUG] Plateau detected at L=-4.100408e+02, not replacing live point.
12:23:23 [ultranest] [DEBUG] Plateau detected at L=-4.100408e+02, not replacing live point.
12:23:23 [ultranest] [DEBUG] Plateau detected at L=-4.100408e+02, not replacing live point.
12:23:23 [ultranest] [DEBUG] Plateau detected at L=-4.100408e+02, not replacing live point.
12:23:23 [ultranest] [DEBUG] Plateau detected at L=-4.100408e+02, not replacing live point.
12:23:23 [ultranest] [DEBUG] Plateau detected at L=-4.100408e+02, not replacing live point.
12:23:23 [ultranest] [DEBUG] Plateau detected at L=-4.100408e+02, not replacing live point.
12:23:23 [ultranest] [DEBUG] Plateau detected at L=-4.100408e+02, not replacing live point.
12:23:23 [ultranest] [DEBUG] Plateau detected at L=-4.100408e+02, not replacing live point.
12:23:23 [ultranest] [DEBUG] Plateau detected at L=-4.100408e+02, not replacing live point.
12:23:23 [ultranest] [DEBUG] Plateau detected at L=-4.100408e+02, not replacing live point.
12:23:23 [ultranest] [DEBUG] Plateau detected at L=-4.100408e+02, not replacing live point.
12:23:23 [ultranest] [DEBUG] Plateau detected at L=-4.100408e+02, not replacing live point.
12:23:23 [ultranest] [DEBUG] Plateau detected at L=-4.100408e+02, not replacing live point.
12:23:23 [ultranest] [DEBUG] Plateau detected at L=-4.100408e+02, not replacing live point.
12:23:23 [ultranest] [DEBUG] Plateau detected at L=-4.100408e+02, not replacing live point.
12:23:23 [ultranest] [DEBUG] Plateau detected at L=-4.100408e+02, not replacing live point.
12:23:23 [ultranest] [DEBUG] Plateau detected at L=-4.100408e+02, not replacing live point.
12:23:23 [ultranest] [DEBUG] Plateau detected at L=-4.100408e+02, not replacing live point.
12:23:23 [ultranest] [DEBUG] Plateau detected at L=-4.100408e+02, not replacing live point.
12:23:23 [ultranest] [DEBUG] Plateau detected at L=-4.100408e+02, not replacing live point.
12:23:23 [ultranest] [DEBUG] Plateau detected at L=-4.100408e+02, not replacing live point.
12:23:23 [ultranest] [DEBUG] Plateau detected at L=-4.100408e+02, not replacing live point.
12:23:23 [ultranest] [DEBUG] Plateau detected at L=-4.100408e+02, not replacing live point.
12:23:23 [ultranest] [DEBUG] Plateau detected at L=-4.100408e+02, not replacing live point.
12:23:23 [ultranest] [DEBUG] Plateau detected at L=-4.100408e+02, not replacing live point.
12:23:23 [ultranest] [DEBUG] Plateau detected at L=-4.100408e+02, not replacing live point.
12:23:23 [ultranest] [DEBUG] Plateau detected at L=-4.100408e+02, not replacing live point.
12:23:23 [ultranest] [DEBUG] Plateau detected at L=-4.100408e+02, not replacing live point.
12:23:23 [ultranest] [DEBUG] Plateau detected at L=-4.100408e+02, not replacing live point.
12:23:23 [ultranest] [DEBUG] Plateau detected at L=-4.100408e+02, not replacing live point.
12:23:23 [ultranest] [DEBUG] Plateau detected at L=-4.100408e+02, not replacing live point.
12:23:23 [ultranest] [DEBUG] Plateau detected at L=-4.100408e+02, not replacing live point.
12:23:23 [ultranest] [DEBUG] Plateau detected at L=-4.100408e+02, not replacing live point.
12:23:23 [ultranest] [DEBUG] Plateau detected at L=-4.100408e+02, not replacing live point.
12:23:23 [ultranest] [DEBUG] Plateau detected at L=-4.100408e+02, not replacing live point.
12:23:23 [ultranest] [DEBUG] Plateau detected at L=-4.100408e+02, not replacing live point.
12:23:23 [ultranest] [DEBUG] Plateau detected at L=-4.100408e+02, not replacing live point.
12:23:23 [ultranest] [DEBUG] Plateau detected at L=-4.100408e+02, not replacing live point.
12:23:23 [ultranest] [DEBUG] Plateau detected at L=-4.100408e+02, not replacing live point.
12:23:23 [ultranest] [DEBUG] Plateau detected at L=-4.100408e+02, not replacing live point.
12:23:23 [ultranest] [DEBUG] Plateau detected at L=-4.100408e+02, not replacing live point.
12:23:23 [ultranest] [DEBUG] Plateau detected at L=-4.100408e+02, not replacing live point.
12:23:23 [ultranest] [DEBUG] Plateau detected at L=-4.100408e+02, not replacing live point.
12:23:23 [ultranest] [DEBUG] Plateau detected at L=-4.100408e+02, not replacing live point.
12:23:23 [ultranest] [DEBUG] Plateau detected at L=-4.100408e+02, not replacing live point.
12:23:23 [ultranest] [DEBUG] Plateau detected at L=-4.100408e+02, not replacing live point.
12:23:23 [ultranest] [DEBUG] Plateau detected at L=-4.100408e+02, not replacing live point.
12:23:23 [ultranest] [DEBUG] Plateau detected at L=-4.100408e+02, not replacing live point.
12:23:23 [ultranest] [DEBUG] Plateau detected at L=-4.100408e+02, not replacing live point.
12:23:23 [ultranest] [DEBUG] Plateau detected at L=-4.100408e+02, not replacing live point.
12:23:23 [ultranest] [DEBUG] Plateau detected at L=-4.100408e+02, not replacing live point.
12:23:23 [ultranest] [DEBUG] Plateau detected at L=-4.100408e+02, not replacing live point.
12:23:23 [ultranest] [DEBUG] Plateau detected at L=-4.100408e+02, not replacing live point.
12:23:23 [ultranest] [DEBUG] Plateau detected at L=-4.100408e+02, not replacing live point.
12:23:23 [ultranest] [DEBUG] Plateau detected at L=-4.100408e+02, not replacing live point.
12:23:23 [ultranest] [DEBUG] Plateau detected at L=-4.100408e+02, not replacing live point.
12:23:23 [ultranest] [DEBUG] Plateau detected at L=-4.100408e+02, not replacing live point.
12:23:23 [ultranest] [DEBUG] Plateau detected at L=-4.100408e+02, not replacing live point.
12:23:23 [ultranest] [DEBUG] Plateau detected at L=-4.100408e+02, not replacing live point.
12:23:23 [ultranest] [DEBUG] Plateau detected at L=-4.100408e+02, not replacing live point.
12:23:23 [ultranest] [DEBUG] Plateau detected at L=-4.100408e+02, not replacing live point.
12:23:23 [ultranest] [DEBUG] Plateau detected at L=-4.100408e+02, not replacing live point.
12:23:23 [ultranest] [DEBUG] Plateau detected at L=-4.100408e+02, not replacing live point.
12:23:23 [ultranest] [DEBUG] Plateau detected at L=-4.100408e+02, not replacing live point.
12:23:23 [ultranest] [DEBUG] Plateau detected at L=-4.100408e+02, not replacing live point.
12:23:23 [ultranest] [DEBUG] Plateau detected at L=-4.100408e+02, not replacing live point.
12:23:23 [ultranest] [DEBUG] Plateau detected at L=-4.100408e+02, not replacing live point.
12:23:23 [ultranest] [DEBUG] Plateau detected at L=-4.100408e+02, not replacing live point.
12:23:23 [ultranest] [DEBUG] Plateau detected at L=-4.100408e+02, not replacing live point.
12:23:23 [ultranest] [DEBUG] Plateau detected at L=-4.100408e+02, not replacing live point.
12:23:23 [ultranest] [DEBUG] Plateau detected at L=-4.100408e+02, not replacing live point.
12:23:23 [ultranest] [DEBUG] Plateau detected at L=-4.100408e+02, not replacing live point.
12:23:23 [ultranest] [DEBUG] Plateau detected at L=-4.100408e+02, not replacing live point.
12:23:23 [ultranest] [DEBUG] Plateau detected at L=-4.100408e+02, not replacing live point.
12:23:23 [ultranest] [DEBUG] Plateau detected at L=-4.100408e+02, not replacing live point.
12:23:23 [ultranest] [DEBUG] Plateau detected at L=-4.100408e+02, not replacing live point.
12:23:23 [ultranest] [DEBUG] Plateau detected at L=-4.100408e+02, not replacing live point.
12:23:23 [ultranest] [DEBUG] Plateau detected at L=-4.100408e+02, not replacing live point.
12:23:23 [ultranest] [DEBUG] Plateau detected at L=-4.100408e+02, not replacing live point.
12:23:23 [ultranest] [DEBUG] Plateau detected at L=-4.100408e+02, not replacing live point.
12:23:23 [ultranest] [DEBUG] Plateau detected at L=-4.100408e+02, not replacing live point.
12:23:23 [ultranest] [DEBUG] Plateau detected at L=-4.100408e+02, not replacing live point.
12:23:23 [ultranest] [DEBUG] Plateau detected at L=-4.100408e+02, not replacing live point.
12:23:23 [ultranest] [DEBUG] Plateau detected at L=-4.100408e+02, not replacing live point.
12:23:23 [ultranest] [DEBUG] Plateau detected at L=-4.100408e+02, not replacing live point.
12:23:23 [ultranest] [DEBUG] Plateau detected at L=-4.100408e+02, not replacing live point.
12:23:23 [ultranest] [DEBUG] Plateau detected at L=-4.100408e+02, not replacing live point.
12:23:23 [ultranest] [DEBUG] Plateau detected at L=-4.100408e+02, not replacing live point.
12:23:23 [ultranest] [DEBUG] Plateau detected at L=-4.100408e+02, not replacing live point.
12:23:23 [ultranest] [DEBUG] Plateau detected at L=-4.100408e+02, not replacing live point.
12:23:23 [ultranest] [DEBUG] Plateau detected at L=-4.100408e+02, not replacing live point.
12:23:23 [ultranest] [DEBUG] Plateau detected at L=-4.100408e+02, not replacing live point.
12:23:23 [ultranest] [DEBUG] Plateau detected at L=-4.100408e+02, not replacing live point.
12:23:23 [ultranest] [DEBUG] Plateau detected at L=-4.100408e+02, not replacing live point.
12:23:23 [ultranest] [DEBUG] Plateau detected at L=-4.100408e+02, not replacing live point.
12:23:23 [ultranest] [DEBUG] Plateau detected at L=-4.100408e+02, not replacing live point.
12:23:23 [ultranest] [DEBUG] Plateau detected at L=-4.100408e+02, not replacing live point.
12:23:23 [ultranest] [DEBUG] Plateau detected at L=-4.100408e+02, not replacing live point.
12:23:23 [ultranest] [DEBUG] Plateau detected at L=-4.100408e+02, not replacing live point.
12:23:23 [ultranest] [DEBUG] Plateau detected at L=-4.100408e+02, not replacing live point.
12:23:23 [ultranest] [DEBUG] Plateau detected at L=-4.100408e+02, not replacing live point.
12:23:23 [ultranest] [DEBUG] Plateau detected at L=-4.100408e+02, not replacing live point.
12:23:23 [ultranest] [DEBUG] Plateau detected at L=-4.100408e+02, not replacing live point.
12:23:23 [ultranest] [DEBUG] Plateau detected at L=-4.100408e+02, not replacing live point.
12:23:23 [ultranest] [DEBUG] Plateau detected at L=-4.100408e+02, not replacing live point.
12:23:23 [ultranest] [DEBUG] Plateau detected at L=-4.100408e+02, not replacing live point.
12:23:23 [ultranest] [DEBUG] Plateau detected at L=-4.100408e+02, not replacing live point.
12:23:23 [ultranest] [DEBUG] Plateau detected at L=-4.100408e+02, not replacing live point.
12:23:23 [ultranest] [DEBUG] Plateau detected at L=-4.100408e+02, not replacing live point.
12:23:23 [ultranest] [DEBUG] Plateau detected at L=-4.100408e+02, not replacing live point.
12:23:23 [ultranest] [DEBUG] Plateau detected at L=-4.100408e+02, not replacing live point.
12:23:23 [ultranest] [DEBUG] Plateau detected at L=-4.100408e+02, not replacing live point.
12:23:23 [ultranest] [DEBUG] Plateau detected at L=-4.100408e+02, not replacing live point.
12:23:23 [ultranest] [DEBUG] Plateau detected at L=-4.100408e+02, not replacing live point.
12:23:23 [ultranest] [DEBUG] Plateau detected at L=-4.100408e+02, not replacing live point.
12:23:23 [ultranest] [DEBUG] Plateau detected at L=-4.100408e+02, not replacing live point.
12:23:23 [ultranest] [DEBUG] Plateau detected at L=-4.100408e+02, not replacing live point.
12:23:23 [ultranest] [DEBUG] Plateau detected at L=-4.100408e+02, not replacing live point.
12:23:23 [ultranest] [DEBUG] Plateau detected at L=-4.100408e+02, not replacing live point.
12:23:23 [ultranest] [DEBUG] Plateau detected at L=-4.100408e+02, not replacing live point.
12:23:23 [ultranest] [DEBUG] Plateau detected at L=-4.100408e+02, not replacing live point.
12:23:23 [ultranest] [DEBUG] Plateau detected at L=-4.100408e+02, not replacing live point.
12:23:23 [ultranest] [DEBUG] Plateau detected at L=-4.100408e+02, not replacing live point.
12:23:23 [ultranest] [DEBUG] Plateau detected at L=-4.100408e+02, not replacing live point.
12:23:23 [ultranest] [DEBUG] Plateau detected at L=-4.100408e+02, not replacing live point.
12:23:23 [ultranest] [DEBUG] Plateau detected at L=-4.100408e+02, not replacing live point.
12:23:23 [ultranest] [DEBUG] Plateau detected at L=-4.100408e+02, not replacing live point.
12:23:23 [ultranest] [DEBUG] Plateau detected at L=-4.100408e+02, not replacing live point.
12:23:23 [ultranest] [DEBUG] Plateau detected at L=-4.100408e+02, not replacing live point.
12:23:23 [ultranest] [DEBUG] Plateau detected at L=-4.100408e+02, not replacing live point.
12:23:23 [ultranest] [DEBUG] Plateau detected at L=-4.100408e+02, not replacing live point.
12:23:23 [ultranest] [DEBUG] Plateau detected at L=-4.100408e+02, not replacing live point.
12:23:23 [ultranest] [DEBUG] Plateau detected at L=-4.100408e+02, not replacing live point.
12:23:23 [ultranest] [DEBUG] Plateau detected at L=-4.100408e+02, not replacing live point.
12:23:23 [ultranest] [DEBUG] Plateau detected at L=-4.100408e+02, not replacing live point.
12:23:23 [ultranest] [DEBUG] Plateau detected at L=-4.100408e+02, not replacing live point.
12:23:23 [ultranest] [DEBUG] Plateau detected at L=-4.100408e+02, not replacing live point.
12:23:23 [ultranest] [DEBUG] Plateau detected at L=-4.100408e+02, not replacing live point.
12:23:23 [ultranest] [DEBUG] Plateau detected at L=-4.100408e+02, not replacing live point.
12:23:23 [ultranest] [DEBUG] Plateau detected at L=-4.100408e+02, not replacing live point.
12:23:23 [ultranest] [DEBUG] Plateau detected at L=-4.100408e+02, not replacing live point.
12:23:23 [ultranest] [DEBUG] Plateau detected at L=-4.100408e+02, not replacing live point.
12:23:23 [ultranest] [DEBUG] Plateau detected at L=-4.100408e+02, not replacing live point.
12:23:23 [ultranest] [DEBUG] Plateau detected at L=-4.100408e+02, not replacing live point.
12:23:23 [ultranest] [DEBUG] Plateau detected at L=-4.100408e+02, not replacing live point.
12:23:23 [ultranest] [DEBUG] Plateau detected at L=-4.100408e+02, not replacing live point.
12:23:23 [ultranest] [DEBUG] Plateau detected at L=-4.100408e+02, not replacing live point.
12:23:23 [ultranest] [DEBUG] Plateau detected at L=-4.100408e+02, not replacing live point.
12:23:23 [ultranest] [DEBUG] Plateau detected at L=-4.100408e+02, not replacing live point.
12:23:23 [ultranest] [DEBUG] Plateau detected at L=-4.100408e+02, not replacing live point.
12:23:23 [ultranest] [DEBUG] Plateau detected at L=-4.100408e+02, not replacing live point.
12:23:23 [ultranest] [DEBUG] Plateau detected at L=-4.100408e+02, not replacing live point.
12:23:23 [ultranest] [DEBUG] Plateau detected at L=-4.100408e+02, not replacing live point.
12:23:23 [ultranest] [DEBUG] Plateau detected at L=-4.100408e+02, not replacing live point.
12:23:23 [ultranest] [DEBUG] Plateau detected at L=-4.100408e+02, not replacing live point.
12:23:23 [ultranest] [DEBUG] Plateau detected at L=-4.100408e+02, not replacing live point.
12:23:23 [ultranest] [DEBUG] Plateau detected at L=-4.100408e+02, not replacing live point.
12:23:23 [ultranest] [DEBUG] Plateau detected at L=-4.100408e+02, not replacing live point.
12:23:23 [ultranest] [DEBUG] Plateau detected at L=-4.100408e+02, not replacing live point.
12:23:23 [ultranest] [DEBUG] Plateau detected at L=-4.100408e+02, not replacing live point.
12:23:23 [ultranest] [DEBUG] Plateau detected at L=-4.100408e+02, not replacing live point.
12:23:23 [ultranest] [DEBUG] Plateau detected at L=-4.100408e+02, not replacing live point.
12:23:23 [ultranest] [DEBUG] Plateau detected at L=-4.100408e+02, not replacing live point.
12:23:23 [ultranest] [DEBUG] Plateau detected at L=-4.100408e+02, not replacing live point.
12:23:23 [ultranest] [DEBUG] Plateau detected at L=-4.100408e+02, not replacing live point.
12:23:23 [ultranest] [DEBUG] Plateau detected at L=-4.100408e+02, not replacing live point.
12:23:23 [ultranest] [DEBUG] Plateau detected at L=-4.100408e+02, not replacing live point.
12:23:23 [ultranest] [DEBUG] Plateau detected at L=-4.100408e+02, not replacing live point.
12:23:23 [ultranest] [DEBUG] Plateau detected at L=-4.100408e+02, not replacing live point.
12:23:23 [ultranest] [DEBUG] Plateau detected at L=-4.100408e+02, not replacing live point.
12:23:23 [ultranest] [DEBUG] Plateau detected at L=-4.100408e+02, not replacing live point.
12:23:23 [ultranest] [DEBUG] Plateau detected at L=-4.100408e+02, not replacing live point.
12:23:23 [ultranest] [DEBUG] Plateau detected at L=-4.100408e+02, not replacing live point.
12:23:23 [ultranest] [DEBUG] Plateau detected at L=-4.100408e+02, not replacing live point.
12:23:23 [ultranest] [DEBUG] Plateau detected at L=-4.100408e+02, not replacing live point.
12:23:23 [ultranest] [DEBUG] Plateau detected at L=-4.100408e+02, not replacing live point.
12:23:23 [ultranest] [DEBUG] Plateau detected at L=-4.100408e+02, not replacing live point.
12:23:23 [ultranest] [DEBUG] Plateau detected at L=-4.100408e+02, not replacing live point.
12:23:23 [ultranest] [DEBUG] Plateau detected at L=-4.100408e+02, not replacing live point.
12:23:23 [ultranest] [DEBUG] Plateau detected at L=-4.100408e+02, not replacing live point.
12:23:23 [ultranest] [DEBUG] Plateau detected at L=-4.100408e+02, not replacing live point.
12:23:23 [ultranest] [DEBUG] Plateau detected at L=-4.100408e+02, not replacing live point.
12:23:23 [ultranest] [DEBUG] Plateau detected at L=-4.100408e+02, not replacing live point.
12:23:23 [ultranest] [DEBUG] Plateau detected at L=-4.100408e+02, not replacing live point.
12:23:23 [ultranest] [DEBUG] Plateau detected at L=-4.100408e+02, not replacing live point.
12:23:23 [ultranest] [DEBUG] Plateau detected at L=-4.100408e+02, not replacing live point.
12:23:23 [ultranest] [DEBUG] Plateau detected at L=-4.100408e+02, not replacing live point.
12:23:23 [ultranest] [DEBUG] Plateau detected at L=-4.100408e+02, not replacing live point.
12:23:23 [ultranest] [DEBUG] Plateau detected at L=-4.100408e+02, not replacing live point.
12:23:23 [ultranest] [DEBUG] Plateau detected at L=-4.100408e+02, not replacing live point.
12:23:23 [ultranest] [DEBUG] Plateau detected at L=-4.100408e+02, not replacing live point.
12:23:23 [ultranest] [DEBUG] Plateau detected at L=-4.100408e+02, not replacing live point.
12:23:23 [ultranest] [DEBUG] Plateau detected at L=-4.100408e+02, not replacing live point.
12:23:23 [ultranest] [DEBUG] Plateau detected at L=-4.100408e+02, not replacing live point.
12:23:23 [ultranest] [DEBUG] Plateau detected at L=-4.100408e+02, not replacing live point.
12:23:23 [ultranest] [DEBUG] Plateau detected at L=-4.100408e+02, not replacing live point.
12:23:23 [ultranest] [DEBUG] Plateau detected at L=-4.100408e+02, not replacing live point.
12:23:23 [ultranest] [DEBUG] Plateau detected at L=-4.100408e+02, not replacing live point.
12:23:23 [ultranest] [DEBUG] Plateau detected at L=-4.100408e+02, not replacing live point.
12:23:23 [ultranest] [DEBUG] Plateau detected at L=-4.100408e+02, not replacing live point.
12:23:23 [ultranest] [DEBUG] Plateau detected at L=-4.100408e+02, not replacing live point.
12:23:23 [ultranest] [DEBUG] Plateau detected at L=-4.100408e+02, not replacing live point.
12:23:23 [ultranest] [DEBUG] Plateau detected at L=-4.100408e+02, not replacing live point.
12:23:23 [ultranest] [DEBUG] Plateau detected at L=-4.100408e+02, not replacing live point.
12:23:23 [ultranest] [DEBUG] Plateau detected at L=-4.100408e+02, not replacing live point.
12:23:23 [ultranest] [DEBUG] Plateau detected at L=-4.100408e+02, not replacing live point.
12:23:23 [ultranest] [DEBUG] Plateau detected at L=-4.100408e+02, not replacing live point.
12:23:23 [ultranest] [DEBUG] Plateau detected at L=-4.100408e+02, not replacing live point.
12:23:23 [ultranest] [DEBUG] Plateau detected at L=-4.100408e+02, not replacing live point.
12:23:23 [ultranest] [DEBUG] Plateau detected at L=-4.100408e+02, not replacing live point.
12:23:23 [ultranest] [DEBUG] Plateau detected at L=-4.100408e+02, not replacing live point.
12:23:23 [ultranest] [DEBUG] Plateau detected at L=-4.100408e+02, not replacing live point.
12:23:23 [ultranest] [DEBUG] Plateau detected at L=-4.100408e+02, not replacing live point.
12:23:23 [ultranest] [DEBUG] Plateau detected at L=-4.100408e+02, not replacing live point.
12:23:23 [ultranest] [DEBUG] Plateau detected at L=-4.100408e+02, not replacing live point.
12:23:23 [ultranest] [DEBUG] Plateau detected at L=-4.100408e+02, not replacing live point.
12:23:23 [ultranest] [DEBUG] Plateau detected at L=-4.100408e+02, not replacing live point.
12:23:23 [ultranest] [DEBUG] Plateau detected at L=-4.100408e+02, not replacing live point.
12:23:23 [ultranest] [DEBUG] Plateau detected at L=-4.100408e+02, not replacing live point.
12:23:23 [ultranest] [DEBUG] Plateau detected at L=-4.100408e+02, not replacing live point.
12:23:23 [ultranest] [DEBUG] Plateau detected at L=-4.100408e+02, not replacing live point.
12:23:23 [ultranest] [DEBUG] Plateau detected at L=-4.100408e+02, not replacing live point.
12:23:23 [ultranest] [DEBUG] Plateau detected at L=-4.100408e+02, not replacing live point.
12:23:23 [ultranest] [DEBUG] Plateau detected at L=-4.100408e+02, not replacing live point.
12:23:23 [ultranest] [DEBUG] Plateau detected at L=-4.100408e+02, not replacing live point.
12:23:23 [ultranest] [DEBUG] Plateau detected at L=-4.100408e+02, not replacing live point.
12:23:23 [ultranest] [DEBUG] Plateau detected at L=-4.100408e+02, not replacing live point.
12:23:23 [ultranest] [DEBUG] Plateau detected at L=-4.100408e+02, not replacing live point.
12:23:23 [ultranest] [DEBUG] Plateau detected at L=-4.100408e+02, not replacing live point.
12:23:23 [ultranest] [DEBUG] Plateau detected at L=-4.100408e+02, not replacing live point.
12:23:23 [ultranest] [DEBUG] Plateau detected at L=-4.100408e+02, not replacing live point.
12:23:23 [ultranest] [DEBUG] Plateau detected at L=-4.100408e+02, not replacing live point.
12:23:23 [ultranest] [DEBUG] Plateau detected at L=-4.100408e+02, not replacing live point.
12:23:23 [ultranest] [DEBUG] Plateau detected at L=-4.100408e+02, not replacing live point.
12:23:23 [ultranest] [DEBUG] Plateau detected at L=-4.100408e+02, not replacing live point.
12:23:23 [ultranest] [DEBUG] Plateau detected at L=-4.100408e+02, not replacing live point.
12:23:23 [ultranest] [DEBUG] Plateau detected at L=-4.100408e+02, not replacing live point.
12:23:23 [ultranest] [DEBUG] Plateau detected at L=-4.100408e+02, not replacing live point.
12:23:23 [ultranest] [DEBUG] Plateau detected at L=-4.100408e+02, not replacing live point.
12:23:23 [ultranest] [DEBUG] Plateau detected at L=-4.100408e+02, not replacing live point.
12:23:23 [ultranest] [DEBUG] Plateau detected at L=-4.100408e+02, not replacing live point.
12:23:23 [ultranest] [DEBUG] Plateau detected at L=-4.100408e+02, not replacing live point.
12:23:23 [ultranest] [DEBUG] Plateau detected at L=-4.100408e+02, not replacing live point.
12:23:23 [ultranest] [DEBUG] Plateau detected at L=-4.100408e+02, not replacing live point.
12:23:23 [ultranest] [DEBUG] Plateau detected at L=-4.100408e+02, not replacing live point.
12:23:23 [ultranest] [DEBUG] Plateau detected at L=-4.100408e+02, not replacing live point.
12:23:23 [ultranest] [DEBUG] Plateau detected at L=-4.100408e+02, not replacing live point.
12:23:23 [ultranest] [DEBUG] Plateau detected at L=-4.100408e+02, not replacing live point.
12:23:23 [ultranest] [DEBUG] Plateau detected at L=-4.100408e+02, not replacing live point.
12:23:23 [ultranest] [DEBUG] Plateau detected at L=-4.100408e+02, not replacing live point.
12:23:23 [ultranest] [DEBUG] Plateau detected at L=-4.100408e+02, not replacing live point.
12:23:23 [ultranest] [DEBUG] Plateau detected at L=-4.100408e+02, not replacing live point.
12:23:23 [ultranest] [DEBUG] Plateau detected at L=-4.100408e+02, not replacing live point.
12:23:23 [ultranest] [DEBUG] Plateau detected at L=-4.100408e+02, not replacing live point.
12:23:23 [ultranest] [DEBUG] Plateau detected at L=-4.100408e+02, not replacing live point.
12:23:23 [ultranest] [DEBUG] Plateau detected at L=-4.100408e+02, not replacing live point.
12:23:23 [ultranest] [DEBUG] Plateau detected at L=-4.100408e+02, not replacing live point.
12:23:23 [ultranest] [DEBUG] Plateau detected at L=-4.100408e+02, not replacing live point.
12:23:23 [ultranest] [DEBUG] Plateau detected at L=-4.100408e+02, not replacing live point.
12:23:23 [ultranest] [DEBUG] Plateau detected at L=-4.100408e+02, not replacing live point.
12:23:23 [ultranest] [DEBUG] Plateau detected at L=-4.100408e+02, not replacing live point.
12:23:23 [ultranest] [DEBUG] Plateau detected at L=-4.100408e+02, not replacing live point.
12:23:23 [ultranest] [DEBUG] Plateau detected at L=-4.100408e+02, not replacing live point.
12:23:23 [ultranest] [DEBUG] Plateau detected at L=-4.100408e+02, not replacing live point.
12:23:23 [ultranest] [DEBUG] Plateau detected at L=-4.100408e+02, not replacing live point.
12:23:23 [ultranest] [DEBUG] Plateau detected at L=-4.100408e+02, not replacing live point.
12:23:23 [ultranest] [DEBUG] Plateau detected at L=-4.100408e+02, not replacing live point.
12:23:23 [ultranest] [DEBUG] Plateau detected at L=-4.100408e+02, not replacing live point.
12:23:23 [ultranest] [DEBUG] Plateau detected at L=-4.100408e+02, not replacing live point.
12:23:23 [ultranest] [DEBUG] Plateau detected at L=-4.100408e+02, not replacing live point.
12:23:23 [ultranest] [DEBUG] Plateau detected at L=-4.100408e+02, not replacing live point.
12:23:23 [ultranest] [DEBUG] Plateau detected at L=-4.100408e+02, not replacing live point.
12:23:23 [ultranest] [DEBUG] Plateau detected at L=-4.100408e+02, not replacing live point.
12:23:23 [ultranest] [DEBUG] Plateau detected at L=-4.100408e+02, not replacing live point.
12:23:23 [ultranest] [DEBUG] Plateau detected at L=-4.100408e+02, not replacing live point.
12:23:23 [ultranest] [DEBUG] Plateau detected at L=-4.100408e+02, not replacing live point.
12:23:23 [ultranest] [DEBUG] Plateau detected at L=-4.100408e+02, not replacing live point.
12:23:23 [ultranest] [DEBUG] Plateau detected at L=-4.100408e+02, not replacing live point.
12:23:23 [ultranest] [DEBUG] iteration=456, ncalls=12612, regioncalls=584160, ndraw=40, logz=-255.33, remainder_fraction=100.0000%, Lmin=-235.30, Lmax=-0.11
12:23:23 [ultranest] [DEBUG] iteration=486, ncalls=12627, regioncalls=584760, ndraw=40, logz=-113.13, remainder_fraction=100.0000%, Lmin=-104.14, Lmax=-0.11
12:23:24 [ultranest] [DEBUG] iteration=500, ncalls=12694, regioncalls=587800, ndraw=40, logz=-91.98, remainder_fraction=100.0000%, Lmin=-82.91, Lmax=-0.11
12:23:24 [ultranest] [DEBUG] iteration=510, ncalls=12768, regioncalls=590880, ndraw=40, logz=-74.51, remainder_fraction=100.0000%, Lmin=-64.90, Lmax=-0.11
12:23:24 [ultranest] [DEBUG] iteration=537, ncalls=12779, regioncalls=592600, ndraw=40, logz=-46.21, remainder_fraction=100.0000%, Lmin=-37.23, Lmax=-0.11
12:23:24 [ultranest] [DEBUG] iteration=547, ncalls=12791, regioncalls=594440, ndraw=40, logz=-40.54, remainder_fraction=100.0000%, Lmin=-32.01, Lmax=-0.11
12:23:24 [ultranest] [DEBUG] iteration=552, ncalls=12814, regioncalls=596120, ndraw=40, logz=-38.69, remainder_fraction=100.0000%, Lmin=-29.05, Lmax=-0.11
12:23:25 [ultranest] [DEBUG] iteration=556, ncalls=12830, regioncalls=597840, ndraw=40, logz=-36.56, remainder_fraction=100.0000%, Lmin=-26.51, Lmax=-0.11
12:23:25 [ultranest] [DEBUG] iteration=571, ncalls=12852, regioncalls=599600, ndraw=40, logz=-29.99, remainder_fraction=100.0000%, Lmin=-20.75, Lmax=-0.11
12:23:25 [ultranest] [DEBUG] iteration=578, ncalls=12870, regioncalls=600320, ndraw=40, logz=-27.77, remainder_fraction=100.0000%, Lmin=-18.28, Lmax=-0.11
12:23:25 [ultranest] [DEBUG] iteration=582, ncalls=12884, regioncalls=601600, ndraw=40, logz=-26.73, remainder_fraction=100.0000%, Lmin=-17.26, Lmax=-0.11
12:23:25 [ultranest] [DEBUG] iteration=590, ncalls=12898, regioncalls=602320, ndraw=40, logz=-25.11, remainder_fraction=99.9998%, Lmin=-15.64, Lmax=-0.11
12:23:25 [ultranest] [DEBUG] iteration=593, ncalls=12924, regioncalls=604200, ndraw=40, logz=-24.23, remainder_fraction=99.9997%, Lmin=-14.59, Lmax=-0.11
12:23:26 [ultranest] [DEBUG] iteration=596, ncalls=12945, regioncalls=605800, ndraw=40, logz=-23.56, remainder_fraction=99.9993%, Lmin=-13.96, Lmax=-0.11
12:23:26 [ultranest] [DEBUG] iteration=599, ncalls=12973, regioncalls=607560, ndraw=40, logz=-22.88, remainder_fraction=99.9984%, Lmin=-13.19, Lmax=-0.11
12:23:26 [ultranest] [DEBUG] iteration=600, ncalls=12997, regioncalls=609080, ndraw=40, logz=-22.68, remainder_fraction=99.9981%, Lmin=-13.11, Lmax=-0.11
12:23:26 [ultranest] [DEBUG] iteration=602, ncalls=13009, regioncalls=610480, ndraw=40, logz=-22.35, remainder_fraction=99.9972%, Lmin=-12.88, Lmax=-0.11
12:23:26 [ultranest] [DEBUG] clustering found some stray points [need_accept=False] (array([1, 2]), array([54,  1]))
12:23:26 [ultranest] [DEBUG] iteration=605, ncalls=13015, regioncalls=610840, ndraw=40, logz=-21.93, remainder_fraction=99.9967%, Lmin=-12.73, Lmax=-0.11
12:23:26 [ultranest] [DEBUG] iteration=606, ncalls=13051, regioncalls=614000, ndraw=40, logz=-21.82, remainder_fraction=99.9962%, Lmin=-12.54, Lmax=-0.11
12:23:27 [ultranest] [DEBUG] iteration=607, ncalls=13068, regioncalls=615000, ndraw=40, logz=-21.71, remainder_fraction=99.9956%, Lmin=-12.24, Lmax=-0.11
12:23:27 [ultranest] [DEBUG] iteration=609, ncalls=13084, regioncalls=616880, ndraw=40, logz=-21.43, remainder_fraction=99.9939%, Lmin=-11.91, Lmax=-0.11
12:23:27 [ultranest] [DEBUG] iteration=612, ncalls=13118, regioncalls=620040, ndraw=40, logz=-21.01, remainder_fraction=99.9900%, Lmin=-11.39, Lmax=-0.11
12:23:27 [ultranest] [DEBUG] iteration=614, ncalls=13168, regioncalls=626520, ndraw=40, logz=-20.72, remainder_fraction=99.9858%, Lmin=-10.90, Lmax=-0.11
12:23:27 [ultranest] [DEBUG] iteration=615, ncalls=13182, regioncalls=628960, ndraw=40, logz=-20.56, remainder_fraction=99.9832%, Lmin=-10.84, Lmax=-0.11
12:23:28 [ultranest] [DEBUG] iteration=616, ncalls=13234, regioncalls=634360, ndraw=40, logz=-20.43, remainder_fraction=99.9800%, Lmin=-10.75, Lmax=-0.11
12:23:28 [ultranest] [DEBUG] iteration=618, ncalls=13261, regioncalls=638120, ndraw=40, logz=-20.11, remainder_fraction=99.9721%, Lmin=-10.18, Lmax=-0.11
12:23:28 [ultranest] [DEBUG] iteration=619, ncalls=13305, regioncalls=641840, ndraw=40, logz=-19.95, remainder_fraction=99.9686%, Lmin=-10.12, Lmax=-0.11
12:23:29 [ultranest] [DEBUG] iteration=621, ncalls=13347, regioncalls=646080, ndraw=40, logz=-19.68, remainder_fraction=99.9577%, Lmin=-9.94, Lmax=-0.11
12:23:29 [ultranest] [DEBUG] iteration=623, ncalls=13373, regioncalls=648520, ndraw=40, logz=-19.45, remainder_fraction=99.9435%, Lmin=-9.74, Lmax=-0.11
12:23:29 [ultranest] [DEBUG] iteration=625, ncalls=13419, regioncalls=652360, ndraw=40, logz=-19.23, remainder_fraction=99.9393%, Lmin=-9.63, Lmax=-0.11
12:23:29 [ultranest] [DEBUG] iteration=628, ncalls=13436, regioncalls=653960, ndraw=40, logz=-18.93, remainder_fraction=99.9179%, Lmin=-9.30, Lmax=-0.11
12:23:29 [ultranest] [DEBUG] iteration=630, ncalls=13454, regioncalls=656160, ndraw=40, logz=-18.74, remainder_fraction=99.9065%, Lmin=-9.21, Lmax=-0.11
12:23:30 [ultranest] [DEBUG] iteration=633, ncalls=13473, regioncalls=659280, ndraw=40, logz=-18.50, remainder_fraction=99.8750%, Lmin=-8.97, Lmax=-0.11
12:23:30 [ultranest] [DEBUG] iteration=634, ncalls=13490, regioncalls=661000, ndraw=40, logz=-18.42, remainder_fraction=99.8609%, Lmin=-8.90, Lmax=-0.11
12:23:30 [ultranest] [DEBUG] iteration=636, ncalls=13505, regioncalls=662800, ndraw=40, logz=-18.26, remainder_fraction=99.8307%, Lmin=-8.76, Lmax=-0.11
12:23:30 [ultranest] [DEBUG] iteration=637, ncalls=13519, regioncalls=663880, ndraw=40, logz=-18.19, remainder_fraction=99.8180%, Lmin=-8.76, Lmax=-0.11
12:23:30 [ultranest] [DEBUG] iteration=642, ncalls=13533, regioncalls=665360, ndraw=40, logz=-17.89, remainder_fraction=99.7389%, Lmin=-8.39, Lmax=-0.11
12:23:30 [ultranest] [DEBUG] iteration=643, ncalls=13546, regioncalls=666560, ndraw=40, logz=-17.82, remainder_fraction=99.7398%, Lmin=-8.30, Lmax=-0.11
12:23:30 [ultranest] [DEBUG] iteration=644, ncalls=13574, regioncalls=669680, ndraw=40, logz=-17.76, remainder_fraction=99.7180%, Lmin=-8.27, Lmax=-0.11
12:23:31 [ultranest] [DEBUG] iteration=645, ncalls=13587, regioncalls=671560, ndraw=40, logz=-17.69, remainder_fraction=99.6960%, Lmin=-8.14, Lmax=-0.11
12:23:31 [ultranest] [DEBUG] iteration=646, ncalls=13613, regioncalls=675720, ndraw=40, logz=-17.63, remainder_fraction=99.6707%, Lmin=-8.13, Lmax=-0.11
12:23:31 [ultranest] [DEBUG] iteration=647, ncalls=13628, regioncalls=677040, ndraw=40, logz=-17.57, remainder_fraction=99.6461%, Lmin=-8.12, Lmax=-0.11
12:23:31 [ultranest] [DEBUG] iteration=656, ncalls=13644, regioncalls=677880, ndraw=40, logz=-17.08, remainder_fraction=99.3688%, Lmin=-7.65, Lmax=-0.11
12:23:31 [ultranest] [DEBUG] iteration=657, ncalls=13688, regioncalls=679920, ndraw=40, logz=-17.03, remainder_fraction=99.3270%, Lmin=-7.60, Lmax=-0.11
12:23:31 [ultranest] [DEBUG] iteration=663, ncalls=13704, regioncalls=680800, ndraw=40, logz=-16.74, remainder_fraction=99.1946%, Lmin=-7.36, Lmax=-0.11
12:23:32 [ultranest] [DEBUG] iteration=664, ncalls=13720, regioncalls=681440, ndraw=40, logz=-16.70, remainder_fraction=99.1502%, Lmin=-7.34, Lmax=-0.11
12:23:32 [ultranest] [DEBUG] iteration=669, ncalls=13743, regioncalls=682600, ndraw=40, logz=-16.50, remainder_fraction=99.1269%, Lmin=-7.23, Lmax=-0.11
12:23:32 [ultranest] [DEBUG] iteration=670, ncalls=13759, regioncalls=683400, ndraw=40, logz=-16.47, remainder_fraction=99.0848%, Lmin=-7.21, Lmax=-0.11
12:23:32 [ultranest] [DEBUG] iteration=672, ncalls=13771, regioncalls=683960, ndraw=40, logz=-16.40, remainder_fraction=99.0017%, Lmin=-7.10, Lmax=-0.11
12:23:32 [ultranest] [DEBUG] iteration=674, ncalls=13790, regioncalls=685080, ndraw=40, logz=-16.33, remainder_fraction=98.9331%, Lmin=-7.02, Lmax=-0.11
12:23:32 [ultranest] [DEBUG] iteration=681, ncalls=13826, regioncalls=686520, ndraw=40, logz=-16.09, remainder_fraction=98.5958%, Lmin=-6.71, Lmax=-0.11
12:23:33 [ultranest] [DEBUG] iteration=683, ncalls=13849, regioncalls=687440, ndraw=40, logz=-16.02, remainder_fraction=98.4654%, Lmin=-6.56, Lmax=-0.11
12:23:33 [ultranest] [DEBUG] iteration=684, ncalls=13869, regioncalls=688240, ndraw=40, logz=-15.98, remainder_fraction=98.4000%, Lmin=-6.54, Lmax=-0.11
12:23:33 [ultranest] [DEBUG] iteration=686, ncalls=13908, regioncalls=689920, ndraw=40, logz=-15.90, remainder_fraction=98.2490%, Lmin=-6.02, Lmax=-0.11
12:23:33 [ultranest] [DEBUG] iteration=690, ncalls=13942, regioncalls=691560, ndraw=40, logz=-15.71, remainder_fraction=97.9313%, Lmin=-5.94, Lmax=-0.11
12:23:33 [ultranest] [DEBUG] iteration=692, ncalls=13960, regioncalls=692280, ndraw=40, logz=-15.62, remainder_fraction=97.7750%, Lmin=-5.71, Lmax=-0.11
12:23:33 [ultranest] [DEBUG] iteration=693, ncalls=13975, regioncalls=692880, ndraw=40, logz=-15.57, remainder_fraction=97.6422%, Lmin=-5.61, Lmax=-0.11
12:23:34 [ultranest] [DEBUG] iteration=695, ncalls=14003, regioncalls=694000, ndraw=40, logz=-15.47, remainder_fraction=97.3893%, Lmin=-5.59, Lmax=-0.11
12:23:34 [ultranest] [DEBUG] iteration=698, ncalls=14018, regioncalls=694760, ndraw=40, logz=-15.33, remainder_fraction=97.0681%, Lmin=-5.20, Lmax=-0.11
12:23:34 [ultranest] [DEBUG] iteration=704, ncalls=14045, regioncalls=696480, ndraw=40, logz=-15.03, remainder_fraction=95.9085%, Lmin=-5.04, Lmax=-0.11
12:23:34 [ultranest] [DEBUG] iteration=708, ncalls=14065, regioncalls=697280, ndraw=40, logz=-14.86, remainder_fraction=95.0981%, Lmin=-4.95, Lmax=-0.11
12:23:35 [ultranest] [DEBUG] iteration=712, ncalls=14173, regioncalls=701800, ndraw=40, logz=-14.70, remainder_fraction=94.1159%, Lmin=-4.77, Lmax=-0.11
12:23:35 [ultranest] [DEBUG] iteration=714, ncalls=14191, regioncalls=702520, ndraw=40, logz=-14.63, remainder_fraction=94.3096%, Lmin=-4.69, Lmax=-0.11
12:23:35 [ultranest] [DEBUG] iteration=723, ncalls=14204, regioncalls=703240, ndraw=40, logz=-14.33, remainder_fraction=92.2595%, Lmin=-4.52, Lmax=-0.11
12:23:35 [ultranest] [DEBUG] iteration=727, ncalls=14231, regioncalls=704520, ndraw=40, logz=-14.22, remainder_fraction=91.2925%, Lmin=-4.34, Lmax=-0.11
12:23:36 [ultranest] [DEBUG] iteration=729, ncalls=14249, regioncalls=705560, ndraw=40, logz=-14.16, remainder_fraction=90.8554%, Lmin=-4.25, Lmax=-0.11
12:23:36 [ultranest] [DEBUG] iteration=732, ncalls=14288, regioncalls=707560, ndraw=40, logz=-14.07, remainder_fraction=90.1269%, Lmin=-4.23, Lmax=-0.11
12:23:36 [ultranest] [DEBUG] iteration=733, ncalls=14302, regioncalls=708400, ndraw=40, logz=-14.05, remainder_fraction=89.7860%, Lmin=-4.14, Lmax=-0.11
12:23:36 [ultranest] [DEBUG] iteration=738, ncalls=14325, regioncalls=709440, ndraw=40, logz=-13.91, remainder_fraction=88.7438%, Lmin=-4.02, Lmax=-0.11
12:23:36 [ultranest] [DEBUG] iteration=740, ncalls=14356, regioncalls=710840, ndraw=40, logz=-13.86, remainder_fraction=88.0495%, Lmin=-3.98, Lmax=-0.11
12:23:37 [ultranest] [DEBUG] iteration=747, ncalls=14448, regioncalls=715040, ndraw=40, logz=-13.70, remainder_fraction=87.9389%, Lmin=-3.77, Lmax=-0.11
12:23:37 [ultranest] [DEBUG] iteration=748, ncalls=14471, regioncalls=715960, ndraw=40, logz=-13.67, remainder_fraction=87.7712%, Lmin=-3.74, Lmax=-0.11
12:23:38 [ultranest] [DEBUG] iteration=749, ncalls=14554, regioncalls=719640, ndraw=40, logz=-13.65, remainder_fraction=87.5193%, Lmin=-3.73, Lmax=-0.11
12:23:38 [ultranest] [DEBUG] iteration=752, ncalls=14575, regioncalls=720920, ndraw=40, logz=-13.59, remainder_fraction=87.5436%, Lmin=-3.61, Lmax=-0.11
12:23:38 [ultranest] [DEBUG] iteration=753, ncalls=14598, regioncalls=722120, ndraw=40, logz=-13.57, remainder_fraction=87.1527%, Lmin=-3.60, Lmax=-0.11
12:23:38 [ultranest] [DEBUG] iteration=755, ncalls=14615, regioncalls=722840, ndraw=40, logz=-13.52, remainder_fraction=86.4713%, Lmin=-3.55, Lmax=-0.11
12:23:38 [ultranest] [DEBUG] iteration=756, ncalls=14637, regioncalls=724040, ndraw=40, logz=-13.50, remainder_fraction=86.0777%, Lmin=-3.55, Lmax=-0.11
12:23:38 [ultranest] [DEBUG] iteration=765, ncalls=14656, regioncalls=724840, ndraw=40, logz=-13.33, remainder_fraction=83.9792%, Lmin=-3.35, Lmax=-0.11
12:23:39 [ultranest] [DEBUG] iteration=767, ncalls=14676, regioncalls=725640, ndraw=40, logz=-13.29, remainder_fraction=83.2300%, Lmin=-3.33, Lmax=-0.11
12:23:39 [ultranest] [DEBUG] iteration=772, ncalls=14721, regioncalls=727680, ndraw=40, logz=-13.21, remainder_fraction=82.2141%, Lmin=-3.24, Lmax=-0.11
12:23:39 [ultranest] [DEBUG] iteration=773, ncalls=14742, regioncalls=728800, ndraw=40, logz=-13.19, remainder_fraction=81.7826%, Lmin=-3.20, Lmax=-0.11
12:23:39 [ultranest] [DEBUG] iteration=775, ncalls=14760, regioncalls=729520, ndraw=40, logz=-13.16, remainder_fraction=81.1549%, Lmin=-3.16, Lmax=-0.11
12:23:40 [ultranest] [DEBUG] iteration=778, ncalls=14815, regioncalls=731800, ndraw=40, logz=-13.11, remainder_fraction=80.3897%, Lmin=-3.06, Lmax=-0.11
12:23:40 [ultranest] [DEBUG] iteration=780, ncalls=14833, regioncalls=732520, ndraw=40, logz=-13.08, remainder_fraction=79.6320%, Lmin=-3.00, Lmax=-0.11
12:23:40 [ultranest] [DEBUG] iteration=781, ncalls=14860, regioncalls=733600, ndraw=40, logz=-13.06, remainder_fraction=79.1553%, Lmin=-2.97, Lmax=-0.11
12:23:40 [ultranest] [DEBUG] iteration=783, ncalls=14878, regioncalls=734360, ndraw=40, logz=-13.03, remainder_fraction=78.2271%, Lmin=-2.91, Lmax=-0.11
12:23:40 [ultranest] [DEBUG] iteration=788, ncalls=14901, regioncalls=735600, ndraw=40, logz=-12.95, remainder_fraction=75.9736%, Lmin=-2.85, Lmax=-0.11
12:23:41 [ultranest] [DEBUG] iteration=789, ncalls=14990, regioncalls=739800, ndraw=40, logz=-12.93, remainder_fraction=75.4562%, Lmin=-2.85, Lmax=-0.11
12:23:41 [ultranest] [DEBUG] iteration=792, ncalls=15040, regioncalls=742160, ndraw=40, logz=-12.89, remainder_fraction=74.1184%, Lmin=-2.81, Lmax=-0.11
12:23:42 [ultranest] [DEBUG] iteration=802, ncalls=15121, regioncalls=745560, ndraw=40, logz=-12.76, remainder_fraction=70.7277%, Lmin=-2.66, Lmax=-0.11
12:23:42 [ultranest] [DEBUG] iteration=806, ncalls=15162, regioncalls=747240, ndraw=40, logz=-12.71, remainder_fraction=69.2225%, Lmin=-2.60, Lmax=-0.11
12:23:42 [ultranest] [DEBUG] iteration=808, ncalls=15165, regioncalls=747400, ndraw=40, logz=-12.68, remainder_fraction=68.6454%, Lmin=-2.58, Lmax=-0.11
12:23:42 [ultranest] [DEBUG] iteration=813, ncalls=15185, regioncalls=748320, ndraw=40, logz=-12.63, remainder_fraction=66.4388%, Lmin=-2.56, Lmax=-0.11
12:23:42 [ultranest] [DEBUG] iteration=819, ncalls=15202, regioncalls=749240, ndraw=40, logz=-12.57, remainder_fraction=64.2318%, Lmin=-2.43, Lmax=-0.11
12:23:42 [ultranest] [DEBUG] iteration=820, ncalls=15216, regioncalls=749800, ndraw=40, logz=-12.56, remainder_fraction=63.6813%, Lmin=-2.42, Lmax=-0.11
12:23:43 [ultranest] [DEBUG] iteration=823, ncalls=15238, regioncalls=750800, ndraw=40, logz=-12.53, remainder_fraction=62.3552%, Lmin=-2.39, Lmax=-0.11
12:23:43 [ultranest] [DEBUG] iteration=826, ncalls=15242, regioncalls=751000, ndraw=40, logz=-12.50, remainder_fraction=61.1517%, Lmin=-2.37, Lmax=-0.11
12:23:43 [ultranest] [DEBUG] iteration=827, ncalls=15278, regioncalls=752560, ndraw=40, logz=-12.49, remainder_fraction=61.1004%, Lmin=-2.37, Lmax=-0.11
12:23:43 [ultranest] [DEBUG] iteration=829, ncalls=15330, regioncalls=754640, ndraw=40, logz=-12.47, remainder_fraction=60.0801%, Lmin=-2.31, Lmax=-0.11
12:23:43 [ultranest] [DEBUG] iteration=833, ncalls=15344, regioncalls=755200, ndraw=40, logz=-12.44, remainder_fraction=58.4895%, Lmin=-2.28, Lmax=-0.11
12:23:44 [ultranest] [DEBUG] iteration=834, ncalls=15365, regioncalls=756040, ndraw=40, logz=-12.43, remainder_fraction=57.9991%, Lmin=-2.27, Lmax=-0.11
12:23:44 [ultranest] [DEBUG] iteration=835, ncalls=15379, regioncalls=756600, ndraw=40, logz=-12.42, remainder_fraction=57.4576%, Lmin=-2.27, Lmax=-0.11
12:23:44 [ultranest] [DEBUG] iteration=838, ncalls=15410, regioncalls=757840, ndraw=40, logz=-12.39, remainder_fraction=56.7927%, Lmin=-2.21, Lmax=-0.11
12:23:44 [ultranest] [DEBUG] iteration=839, ncalls=15436, regioncalls=758920, ndraw=40, logz=-12.39, remainder_fraction=56.3543%, Lmin=-2.20, Lmax=-0.11
12:23:44 [ultranest] [DEBUG] iteration=840, ncalls=15442, regioncalls=759160, ndraw=40, logz=-12.38, remainder_fraction=56.1575%, Lmin=-2.20, Lmax=-0.11
12:23:44 [ultranest] [DEBUG] iteration=845, ncalls=15469, regioncalls=760240, ndraw=40, logz=-12.34, remainder_fraction=54.4097%, Lmin=-2.18, Lmax=-0.11
12:23:45 [ultranest] [DEBUG] iteration=850, ncalls=15491, regioncalls=761120, ndraw=40, logz=-12.30, remainder_fraction=53.4591%, Lmin=-2.10, Lmax=-0.11
12:23:45 [ultranest] [DEBUG] iteration=851, ncalls=15511, regioncalls=761920, ndraw=40, logz=-12.30, remainder_fraction=52.9694%, Lmin=-2.08, Lmax=-0.11
12:23:45 [ultranest] [DEBUG] iteration=854, ncalls=15536, regioncalls=762920, ndraw=40, logz=-12.28, remainder_fraction=52.4543%, Lmin=-2.05, Lmax=-0.11
12:23:45 [ultranest] [DEBUG] iteration=855, ncalls=15567, regioncalls=764600, ndraw=40, logz=-12.27, remainder_fraction=52.0413%, Lmin=-1.98, Lmax=-0.11
12:23:45 [ultranest] [DEBUG] iteration=859, ncalls=15593, regioncalls=765640, ndraw=40, logz=-12.24, remainder_fraction=50.2562%, Lmin=-1.93, Lmax=-0.11
12:23:45 [ultranest] [DEBUG] iteration=863, ncalls=15614, regioncalls=766600, ndraw=40, logz=-12.21, remainder_fraction=48.8626%, Lmin=-1.89, Lmax=-0.11
12:23:46 [ultranest] [DEBUG] iteration=866, ncalls=15640, regioncalls=767640, ndraw=40, logz=-12.19, remainder_fraction=47.9102%, Lmin=-1.85, Lmax=-0.11
12:23:46 [ultranest] [DEBUG] iteration=870, ncalls=15673, regioncalls=768960, ndraw=40, logz=-12.17, remainder_fraction=47.0359%, Lmin=-1.80, Lmax=-0.11
12:23:46 [ultranest] [DEBUG] iteration=872, ncalls=15692, regioncalls=769720, ndraw=40, logz=-12.15, remainder_fraction=46.1025%, Lmin=-1.78, Lmax=-0.11
12:23:46 [ultranest] [DEBUG] iteration=878, ncalls=15741, regioncalls=771680, ndraw=40, logz=-12.12, remainder_fraction=44.4305%, Lmin=-1.72, Lmax=-0.11
12:23:46 [ultranest] [DEBUG] iteration=880, ncalls=15742, regioncalls=771760, ndraw=40, logz=-12.11, remainder_fraction=43.6135%, Lmin=-1.71, Lmax=-0.11
12:23:47 [ultranest] [DEBUG] iteration=881, ncalls=15766, regioncalls=772720, ndraw=40, logz=-12.10, remainder_fraction=43.2879%, Lmin=-1.70, Lmax=-0.11
12:23:47 [ultranest] [DEBUG] iteration=887, ncalls=15790, regioncalls=773680, ndraw=40, logz=-12.07, remainder_fraction=41.4834%, Lmin=-1.55, Lmax=-0.11
12:23:47 [ultranest] [DEBUG] iteration=888, ncalls=15810, regioncalls=774520, ndraw=40, logz=-12.06, remainder_fraction=41.0634%, Lmin=-1.55, Lmax=-0.11
12:23:47 [ultranest] [DEBUG] iteration=893, ncalls=15825, regioncalls=775120, ndraw=40, logz=-12.03, remainder_fraction=39.3251%, Lmin=-1.52, Lmax=-0.11
12:23:47 [ultranest] [DEBUG] iteration=897, ncalls=15843, regioncalls=775880, ndraw=40, logz=-12.01, remainder_fraction=37.6857%, Lmin=-1.50, Lmax=-0.11
12:23:47 [ultranest] [DEBUG] iteration=901, ncalls=15856, regioncalls=776400, ndraw=40, logz=-11.99, remainder_fraction=36.3131%, Lmin=-1.42, Lmax=-0.11
12:23:47 [ultranest] [DEBUG] iteration=903, ncalls=15887, regioncalls=777640, ndraw=40, logz=-11.98, remainder_fraction=35.7060%, Lmin=-1.40, Lmax=-0.11
12:23:48 [ultranest] [DEBUG] iteration=907, ncalls=15923, regioncalls=779080, ndraw=40, logz=-11.96, remainder_fraction=34.5071%, Lmin=-1.37, Lmax=-0.11
12:23:48 [ultranest] [DEBUG] iteration=909, ncalls=15952, regioncalls=780240, ndraw=40, logz=-11.95, remainder_fraction=33.7827%, Lmin=-1.36, Lmax=-0.11
12:23:48 [ultranest] [DEBUG] iteration=913, ncalls=15980, regioncalls=781360, ndraw=40, logz=-11.94, remainder_fraction=32.3289%, Lmin=-1.30, Lmax=-0.11
12:23:48 [ultranest] [DEBUG] iteration=918, ncalls=16018, regioncalls=783000, ndraw=40, logz=-11.91, remainder_fraction=30.5995%, Lmin=-1.28, Lmax=-0.11
12:23:49 [ultranest] [DEBUG] iteration=923, ncalls=16062, regioncalls=784960, ndraw=40, logz=-11.89, remainder_fraction=29.0286%, Lmin=-1.25, Lmax=-0.11
12:23:49 [ultranest] [DEBUG] iteration=931, ncalls=16084, regioncalls=786000, ndraw=40, logz=-11.86, remainder_fraction=27.2551%, Lmin=-1.20, Lmax=-0.11
12:23:49 [ultranest] [DEBUG] iteration=936, ncalls=16112, regioncalls=787120, ndraw=40, logz=-11.84, remainder_fraction=25.8053%, Lmin=-1.16, Lmax=-0.11
12:23:49 [ultranest] [DEBUG] iteration=940, ncalls=16127, regioncalls=787720, ndraw=40, logz=-11.83, remainder_fraction=24.8837%, Lmin=-1.15, Lmax=-0.11
12:23:49 [ultranest] [DEBUG] iteration=949, ncalls=16152, regioncalls=788720, ndraw=40, logz=-11.80, remainder_fraction=22.6359%, Lmin=-1.10, Lmax=-0.11
12:23:50 [ultranest] [DEBUG] iteration=960, ncalls=16177, regioncalls=789720, ndraw=40, logz=-11.77, remainder_fraction=20.2882%, Lmin=-1.03, Lmax=-0.11
12:23:50 [ultranest] [DEBUG] iteration=963, ncalls=16223, regioncalls=791560, ndraw=40, logz=-11.76, remainder_fraction=19.7295%, Lmin=-1.01, Lmax=-0.11
12:23:50 [ultranest] [DEBUG] iteration=964, ncalls=16239, regioncalls=792200, ndraw=40, logz=-11.76, remainder_fraction=19.4840%, Lmin=-1.00, Lmax=-0.11
12:23:50 [ultranest] [DEBUG] iteration=967, ncalls=16261, regioncalls=793080, ndraw=40, logz=-11.75, remainder_fraction=19.1001%, Lmin=-0.99, Lmax=-0.11
12:23:50 [ultranest] [DEBUG] iteration=972, ncalls=16278, regioncalls=793760, ndraw=40, logz=-11.74, remainder_fraction=18.0859%, Lmin=-0.97, Lmax=-0.11
12:23:50 [ultranest] [DEBUG] iteration=975, ncalls=16292, regioncalls=794320, ndraw=40, logz=-11.73, remainder_fraction=17.4799%, Lmin=-0.97, Lmax=-0.11
12:23:51 [ultranest] [DEBUG] iteration=979, ncalls=16347, regioncalls=796560, ndraw=40, logz=-11.73, remainder_fraction=16.7342%, Lmin=-0.95, Lmax=-0.11
12:23:51 [ultranest] [DEBUG] iteration=985, ncalls=16391, regioncalls=798400, ndraw=40, logz=-11.71, remainder_fraction=15.5759%, Lmin=-0.89, Lmax=-0.11
12:23:51 [ultranest] [DEBUG] iteration=986, ncalls=16418, regioncalls=799520, ndraw=40, logz=-11.71, remainder_fraction=15.5112%, Lmin=-0.88, Lmax=-0.11
12:23:52 [ultranest] [DEBUG] iteration=988, ncalls=16545, regioncalls=804840, ndraw=40, logz=-11.71, remainder_fraction=15.2602%, Lmin=-0.87, Lmax=-0.11
12:23:53 [ultranest] [DEBUG] iteration=989, ncalls=16620, regioncalls=808000, ndraw=40, logz=-11.71, remainder_fraction=15.1282%, Lmin=-0.86, Lmax=-0.11
12:23:53 [ultranest] [DEBUG] iteration=990, ncalls=16659, regioncalls=809800, ndraw=40, logz=-11.70, remainder_fraction=14.9571%, Lmin=-0.86, Lmax=-0.11
12:23:54 [ultranest] [DEBUG] iteration=992, ncalls=16733, regioncalls=812760, ndraw=40, logz=-11.70, remainder_fraction=14.5686%, Lmin=-0.85, Lmax=-0.11
12:23:54 [ultranest] [DEBUG] iteration=995, ncalls=16764, regioncalls=814040, ndraw=40, logz=-11.69, remainder_fraction=14.1054%, Lmin=-0.85, Lmax=-0.11
12:23:54 [ultranest] [DEBUG] iteration=996, ncalls=16808, regioncalls=815800, ndraw=40, logz=-11.69, remainder_fraction=13.9427%, Lmin=-0.85, Lmax=-0.11
12:23:54 [ultranest] [DEBUG] iteration=1000, ncalls=16837, regioncalls=817040, ndraw=40, logz=-11.69, remainder_fraction=13.4396%, Lmin=-0.84, Lmax=-0.11
12:23:56 [ultranest] [DEBUG] iteration=1002, ncalls=17039, regioncalls=825480, ndraw=40, logz=-11.68, remainder_fraction=13.1007%, Lmin=-0.83, Lmax=-0.11
12:23:56 [ultranest] [DEBUG] iteration=1005, ncalls=17103, regioncalls=828080, ndraw=40, logz=-11.68, remainder_fraction=12.6528%, Lmin=-0.82, Lmax=-0.11
12:23:56 [ultranest] [DEBUG] iteration=1006, ncalls=17150, regioncalls=830080, ndraw=40, logz=-11.68, remainder_fraction=12.4909%, Lmin=-0.82, Lmax=-0.11
12:23:57 [ultranest] [DEBUG] iteration=1009, ncalls=17195, regioncalls=831880, ndraw=40, logz=-11.67, remainder_fraction=12.0777%, Lmin=-0.80, Lmax=-0.11
12:23:57 [ultranest] [DEBUG] iteration=1014, ncalls=17230, regioncalls=833320, ndraw=40, logz=-11.66, remainder_fraction=11.4246%, Lmin=-0.79, Lmax=-0.11
12:23:58 [ultranest] [DEBUG] iteration=1017, ncalls=17332, regioncalls=837720, ndraw=40, logz=-11.66, remainder_fraction=11.1130%, Lmin=-0.77, Lmax=-0.11
12:23:58 [ultranest] [DEBUG] iteration=1021, ncalls=17392, regioncalls=840200, ndraw=40, logz=-11.65, remainder_fraction=10.6494%, Lmin=-0.75, Lmax=-0.11
12:23:58 [ultranest] [DEBUG] iteration=1022, ncalls=17423, regioncalls=841440, ndraw=40, logz=-11.65, remainder_fraction=10.5201%, Lmin=-0.74, Lmax=-0.11
12:23:59 [ultranest] [DEBUG] iteration=1023, ncalls=17460, regioncalls=843000, ndraw=40, logz=-11.65, remainder_fraction=10.3928%, Lmin=-0.74, Lmax=-0.11
12:24:00 [ultranest] [DEBUG] iteration=1025, ncalls=17725, regioncalls=854120, ndraw=40, logz=-11.65, remainder_fraction=10.1761%, Lmin=-0.73, Lmax=-0.11
12:24:00 [ultranest] [DEBUG] clustering found some stray points [need_accept=False] (array([1, 2]), array([75,  1]))
12:24:01 [ultranest] [DEBUG] iteration=1030, ncalls=17789, regioncalls=856680, ndraw=40, logz=-11.64, remainder_fraction=9.6099%, Lmin=-0.70, Lmax=-0.11
12:24:01 [ultranest] [DEBUG] iteration=1031, ncalls=17811, regioncalls=857560, ndraw=40, logz=-11.64, remainder_fraction=9.5035%, Lmin=-0.70, Lmax=-0.11
12:24:02 [ultranest] [DEBUG] iteration=1035, ncalls=17919, regioncalls=862040, ndraw=40, logz=-11.64, remainder_fraction=9.0655%, Lmin=-0.69, Lmax=-0.11
12:24:03 [ultranest] [DEBUG] iteration=1036, ncalls=18073, regioncalls=868240, ndraw=40, logz=-11.64, remainder_fraction=8.9831%, Lmin=-0.68, Lmax=-0.11
12:24:03 [ultranest] [DEBUG] iteration=1039, ncalls=18109, regioncalls=869680, ndraw=40, logz=-11.63, remainder_fraction=8.6698%, Lmin=-0.68, Lmax=-0.11
12:24:03 [ultranest] [DEBUG] iteration=1041, ncalls=18145, regioncalls=871120, ndraw=40, logz=-11.63, remainder_fraction=8.5134%, Lmin=-0.67, Lmax=-0.11
12:24:04 [ultranest] [DEBUG] iteration=1042, ncalls=18173, regioncalls=872240, ndraw=40, logz=-11.63, remainder_fraction=8.4254%, Lmin=-0.67, Lmax=-0.11
12:24:05 [ultranest] [DEBUG] iteration=1043, ncalls=18323, regioncalls=878480, ndraw=40, logz=-11.63, remainder_fraction=8.3216%, Lmin=-0.67, Lmax=-0.11
12:24:05 [ultranest] [DEBUG] iteration=1045, ncalls=18416, regioncalls=882320, ndraw=40, logz=-11.63, remainder_fraction=8.1222%, Lmin=-0.67, Lmax=-0.11
12:24:07 [ultranest] [DEBUG] iteration=1046, ncalls=18631, regioncalls=891160, ndraw=40, logz=-11.63, remainder_fraction=8.0494%, Lmin=-0.66, Lmax=-0.11
12:24:07 [ultranest] [DEBUG] clustering found some stray points [need_accept=False] (array([1, 2]), array([75,  1]))
12:24:08 [ultranest] [DEBUG] iteration=1047, ncalls=18740, regioncalls=895560, ndraw=40, logz=-11.63, remainder_fraction=7.9783%, Lmin=-0.66, Lmax=-0.11
12:24:08 [ultranest] [DEBUG] iteration=1052, ncalls=18804, regioncalls=898120, ndraw=40, logz=-11.62, remainder_fraction=7.5591%, Lmin=-0.63, Lmax=-0.11
12:24:10 [ultranest] [DEBUG] iteration=1054, ncalls=19061, regioncalls=909000, ndraw=40, logz=-11.62, remainder_fraction=7.3736%, Lmin=-0.62, Lmax=-0.11
12:24:11 [ultranest] [DEBUG] iteration=1058, ncalls=19209, regioncalls=915200, ndraw=40, logz=-11.62, remainder_fraction=7.0414%, Lmin=-0.62, Lmax=-0.11
12:24:11 [ultranest] [DEBUG] iteration=1059, ncalls=19265, regioncalls=917440, ndraw=40, logz=-11.61, remainder_fraction=6.9662%, Lmin=-0.62, Lmax=-0.11
12:24:12 [ultranest] [DEBUG] iteration=1061, ncalls=19403, regioncalls=923040, ndraw=40, logz=-11.61, remainder_fraction=6.8154%, Lmin=-0.61, Lmax=-0.11
12:24:13 [ultranest] [DEBUG] iteration=1064, ncalls=19428, regioncalls=924040, ndraw=40, logz=-11.61, remainder_fraction=6.6021%, Lmin=-0.61, Lmax=-0.11
12:24:13 [ultranest] [DEBUG] iteration=1068, ncalls=19466, regioncalls=925680, ndraw=40, logz=-11.61, remainder_fraction=6.3173%, Lmin=-0.60, Lmax=-0.11
12:24:14 [ultranest] [DEBUG] iteration=1072, ncalls=19644, regioncalls=933400, ndraw=40, logz=-11.60, remainder_fraction=6.0487%, Lmin=-0.60, Lmax=-0.11
12:24:14 [ultranest] [DEBUG] iteration=1074, ncalls=19669, regioncalls=934520, ndraw=40, logz=-11.60, remainder_fraction=5.9089%, Lmin=-0.58, Lmax=-0.11
12:24:15 [ultranest] [DEBUG] iteration=1076, ncalls=19772, regioncalls=939040, ndraw=40, logz=-11.60, remainder_fraction=5.7689%, Lmin=-0.57, Lmax=-0.11
12:24:16 [ultranest] [DEBUG] iteration=1077, ncalls=19851, regioncalls=942200, ndraw=40, logz=-11.60, remainder_fraction=5.6999%, Lmin=-0.57, Lmax=-0.11
12:24:16 [ultranest] [DEBUG] iteration=1079, ncalls=19896, regioncalls=944240, ndraw=40, logz=-11.60, remainder_fraction=5.5981%, Lmin=-0.56, Lmax=-0.11
12:24:18 [ultranest] [DEBUG] iteration=1082, ncalls=20144, regioncalls=954320, ndraw=40, logz=-11.60, remainder_fraction=5.4219%, Lmin=-0.56, Lmax=-0.11
12:24:19 [ultranest] [DEBUG] iteration=1086, ncalls=20306, regioncalls=964400, ndraw=40, logz=-11.60, remainder_fraction=5.1772%, Lmin=-0.55, Lmax=-0.07
12:24:19 [ultranest] [DEBUG] iteration=1087, ncalls=20401, regioncalls=969840, ndraw=40, logz=-11.59, remainder_fraction=5.1198%, Lmin=-0.55, Lmax=-0.07
12:24:20 [ultranest] [DEBUG] iteration=1088, ncalls=20531, regioncalls=977640, ndraw=40, logz=-11.59, remainder_fraction=5.0890%, Lmin=-0.54, Lmax=-0.07
12:24:23 [ultranest] [DEBUG] iteration=1089, ncalls=20861, regioncalls=996320, ndraw=40, logz=-11.59, remainder_fraction=5.0299%, Lmin=-0.54, Lmax=-0.07
12:24:23 [ultranest] [DEBUG] iteration=1092, ncalls=20896, regioncalls=998360, ndraw=40, logz=-11.59, remainder_fraction=4.8703%, Lmin=-0.54, Lmax=-0.07
12:24:23 [ultranest] [DEBUG] iteration=1093, ncalls=20920, regioncalls=999440, ndraw=40, logz=-11.59, remainder_fraction=4.8184%, Lmin=-0.53, Lmax=-0.07
12:24:25 [ultranest] [DEBUG] iteration=1094, ncalls=21143, regioncalls=1011400, ndraw=40, logz=-11.59, remainder_fraction=4.7740%, Lmin=-0.53, Lmax=-0.07
12:24:25 [ultranest] [DEBUG] iteration=1095, ncalls=21224, regioncalls=1016480, ndraw=40, logz=-11.59, remainder_fraction=4.7248%, Lmin=-0.53, Lmax=-0.07
12:24:26 [ultranest] [DEBUG] iteration=1097, ncalls=21302, regioncalls=1021000, ndraw=40, logz=-11.59, remainder_fraction=4.6334%, Lmin=-0.53, Lmax=-0.07
12:24:27 [ultranest] [DEBUG] iteration=1098, ncalls=21412, regioncalls=1027160, ndraw=40, logz=-11.59, remainder_fraction=4.5862%, Lmin=-0.52, Lmax=-0.07
12:24:28 [ultranest] [DEBUG] iteration=1100, ncalls=21669, regioncalls=1040040, ndraw=40, logz=-11.59, remainder_fraction=4.4829%, Lmin=-0.52, Lmax=-0.07
12:24:29 [ultranest] [DEBUG] iteration=1101, ncalls=21712, regioncalls=1042920, ndraw=40, logz=-11.59, remainder_fraction=4.4326%, Lmin=-0.52, Lmax=-0.07
12:24:29 [ultranest] [DEBUG] iteration=1102, ncalls=21786, regioncalls=1046960, ndraw=40, logz=-11.59, remainder_fraction=4.3812%, Lmin=-0.52, Lmax=-0.07
12:24:29 [ultranest] [DEBUG] iteration=1104, ncalls=21803, regioncalls=1047760, ndraw=40, logz=-11.59, remainder_fraction=4.2936%, Lmin=-0.52, Lmax=-0.07
12:24:30 [ultranest] [DEBUG] iteration=1107, ncalls=21868, regioncalls=1050760, ndraw=40, logz=-11.58, remainder_fraction=4.1603%, Lmin=-0.51, Lmax=-0.07
12:24:30 [ultranest] [DEBUG] iteration=1109, ncalls=21893, regioncalls=1051840, ndraw=40, logz=-11.58, remainder_fraction=4.0880%, Lmin=-0.51, Lmax=-0.07
12:24:31 [ultranest] [DEBUG] iteration=1113, ncalls=21967, regioncalls=1055120, ndraw=40, logz=-11.58, remainder_fraction=3.9308%, Lmin=-0.50, Lmax=-0.07
12:24:31 [ultranest] [DEBUG] iteration=1114, ncalls=22004, regioncalls=1056800, ndraw=40, logz=-11.58, remainder_fraction=3.8872%, Lmin=-0.50, Lmax=-0.07
12:24:31 [ultranest] [DEBUG] iteration=1116, ncalls=22064, regioncalls=1059600, ndraw=40, logz=-11.58, remainder_fraction=3.8040%, Lmin=-0.50, Lmax=-0.07
12:24:32 [ultranest] [DEBUG] iteration=1117, ncalls=22139, regioncalls=1062880, ndraw=40, logz=-11.58, remainder_fraction=3.7708%, Lmin=-0.50, Lmax=-0.07
12:24:32 [ultranest] [DEBUG] iteration=1118, ncalls=22164, regioncalls=1064040, ndraw=40, logz=-11.58, remainder_fraction=3.7293%, Lmin=-0.50, Lmax=-0.07
12:24:32 [ultranest] [DEBUG] iteration=1124, ncalls=22225, regioncalls=1066560, ndraw=40, logz=-11.58, remainder_fraction=3.5112%, Lmin=-0.49, Lmax=-0.07
12:24:32 [ultranest] [DEBUG] iteration=1127, ncalls=22231, regioncalls=1066920, ndraw=40, logz=-11.58, remainder_fraction=3.4118%, Lmin=-0.48, Lmax=-0.07
12:24:33 [ultranest] [DEBUG] iteration=1128, ncalls=22256, regioncalls=1067920, ndraw=40, logz=-11.58, remainder_fraction=3.3752%, Lmin=-0.48, Lmax=-0.07
12:24:33 [ultranest] [DEBUG] iteration=1129, ncalls=22302, regioncalls=1069760, ndraw=40, logz=-11.58, remainder_fraction=3.3375%, Lmin=-0.48, Lmax=-0.07
12:24:33 [ultranest] [DEBUG] iteration=1133, ncalls=22324, regioncalls=1070680, ndraw=40, logz=-11.57, remainder_fraction=3.2062%, Lmin=-0.48, Lmax=-0.07
12:24:33 [ultranest] [DEBUG] iteration=1134, ncalls=22342, regioncalls=1071400, ndraw=40, logz=-11.57, remainder_fraction=3.1726%, Lmin=-0.47, Lmax=-0.07
12:24:33 [ultranest] [DEBUG] iteration=1141, ncalls=22367, regioncalls=1072400, ndraw=40, logz=-11.57, remainder_fraction=2.9599%, Lmin=-0.45, Lmax=-0.07
12:24:34 [ultranest] [DEBUG] iteration=1143, ncalls=22425, regioncalls=1074720, ndraw=40, logz=-11.57, remainder_fraction=2.8999%, Lmin=-0.45, Lmax=-0.07
12:24:35 [ultranest] [DEBUG] iteration=1146, ncalls=22528, regioncalls=1078840, ndraw=40, logz=-11.57, remainder_fraction=2.8143%, Lmin=-0.44, Lmax=-0.07
12:24:35 [ultranest] [DEBUG] iteration=1149, ncalls=22552, regioncalls=1079800, ndraw=40, logz=-11.57, remainder_fraction=2.7272%, Lmin=-0.44, Lmax=-0.07
12:24:35 [ultranest] [DEBUG] iteration=1156, ncalls=22580, regioncalls=1080920, ndraw=40, logz=-11.57, remainder_fraction=2.5380%, Lmin=-0.43, Lmax=-0.07
12:24:35 [ultranest] [DEBUG] iteration=1157, ncalls=22604, regioncalls=1081880, ndraw=40, logz=-11.57, remainder_fraction=2.5136%, Lmin=-0.43, Lmax=-0.07
12:24:35 [ultranest] [DEBUG] iteration=1159, ncalls=22646, regioncalls=1083560, ndraw=40, logz=-11.57, remainder_fraction=2.4648%, Lmin=-0.43, Lmax=-0.07
12:24:36 [ultranest] [DEBUG] iteration=1160, ncalls=22655, regioncalls=1083920, ndraw=40, logz=-11.57, remainder_fraction=2.4403%, Lmin=-0.43, Lmax=-0.07
12:24:36 [ultranest] [DEBUG] iteration=1161, ncalls=22675, regioncalls=1084720, ndraw=40, logz=-11.57, remainder_fraction=2.4152%, Lmin=-0.43, Lmax=-0.07
12:24:36 [ultranest] [DEBUG] iteration=1163, ncalls=22729, regioncalls=1086880, ndraw=40, logz=-11.57, remainder_fraction=2.3655%, Lmin=-0.42, Lmax=-0.07
12:24:36 [ultranest] [DEBUG] iteration=1164, ncalls=22759, regioncalls=1088080, ndraw=40, logz=-11.57, remainder_fraction=2.3410%, Lmin=-0.42, Lmax=-0.07
12:24:37 [ultranest] [DEBUG] iteration=1166, ncalls=22806, regioncalls=1089960, ndraw=40, logz=-11.56, remainder_fraction=2.2924%, Lmin=-0.42, Lmax=-0.07
12:24:37 [ultranest] [DEBUG] iteration=1168, ncalls=22883, regioncalls=1093040, ndraw=40, logz=-11.56, remainder_fraction=2.2498%, Lmin=-0.42, Lmax=-0.07
12:24:37 [ultranest] [DEBUG] iteration=1170, ncalls=22894, regioncalls=1093480, ndraw=40, logz=-11.56, remainder_fraction=2.2051%, Lmin=-0.41, Lmax=-0.07
12:24:38 [ultranest] [DEBUG] iteration=1171, ncalls=22951, regioncalls=1095760, ndraw=40, logz=-11.56, remainder_fraction=2.1872%, Lmin=-0.41, Lmax=-0.07
12:24:38 [ultranest] [DEBUG] iteration=1180, ncalls=22975, regioncalls=1096720, ndraw=40, logz=-11.56, remainder_fraction=2.0006%, Lmin=-0.40, Lmax=-0.07
12:24:39 [ultranest] [DEBUG] iteration=1182, ncalls=23091, regioncalls=1101600, ndraw=40, logz=-11.56, remainder_fraction=1.9609%, Lmin=-0.40, Lmax=-0.07
12:24:39 [ultranest] [DEBUG] iteration=1183, ncalls=23148, regioncalls=1103920, ndraw=40, logz=-11.56, remainder_fraction=1.9407%, Lmin=-0.40, Lmax=-0.07
12:24:39 [ultranest] [DEBUG] iteration=1184, ncalls=23198, regioncalls=1105920, ndraw=40, logz=-11.56, remainder_fraction=1.9246%, Lmin=-0.40, Lmax=-0.07
12:24:40 [ultranest] [DEBUG] iteration=1186, ncalls=23218, regioncalls=1106720, ndraw=40, logz=-11.56, remainder_fraction=1.8876%, Lmin=-0.40, Lmax=-0.07
12:24:40 [ultranest] [DEBUG] iteration=1189, ncalls=23248, regioncalls=1107920, ndraw=40, logz=-11.56, remainder_fraction=1.8308%, Lmin=-0.39, Lmax=-0.07
12:24:40 [ultranest] [DEBUG] iteration=1190, ncalls=23273, regioncalls=1108920, ndraw=40, logz=-11.56, remainder_fraction=1.8148%, Lmin=-0.39, Lmax=-0.07
12:24:40 [ultranest] [DEBUG] iteration=1191, ncalls=23314, regioncalls=1110600, ndraw=40, logz=-11.56, remainder_fraction=1.7999%, Lmin=-0.39, Lmax=-0.07
12:24:40 [ultranest] [DEBUG] iteration=1193, ncalls=23337, regioncalls=1111520, ndraw=40, logz=-11.56, remainder_fraction=1.7655%, Lmin=-0.39, Lmax=-0.07
12:24:41 [ultranest] [DEBUG] iteration=1194, ncalls=23352, regioncalls=1112240, ndraw=40, logz=-11.56, remainder_fraction=1.7474%, Lmin=-0.39, Lmax=-0.07
12:24:41 [ultranest] [DEBUG] iteration=1195, ncalls=23389, regioncalls=1113720, ndraw=40, logz=-11.56, remainder_fraction=1.7293%, Lmin=-0.39, Lmax=-0.07
12:24:41 [ultranest] [DEBUG] iteration=1196, ncalls=23425, regioncalls=1115160, ndraw=40, logz=-11.56, remainder_fraction=1.7163%, Lmin=-0.39, Lmax=-0.07
12:24:41 [ultranest] [DEBUG] iteration=1198, ncalls=23452, regioncalls=1116240, ndraw=40, logz=-11.56, remainder_fraction=1.6826%, Lmin=-0.38, Lmax=-0.07
12:24:41 [ultranest] [DEBUG] iteration=1199, ncalls=23489, regioncalls=1117720, ndraw=40, logz=-11.56, remainder_fraction=1.6703%, Lmin=-0.38, Lmax=-0.07
12:24:42 [ultranest] [DEBUG] iteration=1200, ncalls=23509, regioncalls=1118520, ndraw=40, logz=-11.56, remainder_fraction=1.6556%, Lmin=-0.38, Lmax=-0.07
12:24:42 [ultranest] [DEBUG] iteration=1203, ncalls=23528, regioncalls=1119280, ndraw=40, logz=-11.56, remainder_fraction=1.6115%, Lmin=-0.38, Lmax=-0.07
12:24:42 [ultranest] [DEBUG] iteration=1209, ncalls=23562, regioncalls=1120640, ndraw=40, logz=-11.56, remainder_fraction=1.5228%, Lmin=-0.37, Lmax=-0.07
12:24:42 [ultranest] [DEBUG] iteration=1212, ncalls=23606, regioncalls=1122400, ndraw=40, logz=-11.56, remainder_fraction=1.4829%, Lmin=-0.37, Lmax=-0.07
12:24:43 [ultranest] [DEBUG] iteration=1215, ncalls=23658, regioncalls=1124560, ndraw=40, logz=-11.56, remainder_fraction=1.4430%, Lmin=-0.37, Lmax=-0.07
12:24:44 [ultranest] [DEBUG] iteration=1218, ncalls=23784, regioncalls=1129600, ndraw=40, logz=-11.56, remainder_fraction=1.4040%, Lmin=-0.37, Lmax=-0.07
12:24:44 [ultranest] [DEBUG] iteration=1219, ncalls=23800, regioncalls=1130240, ndraw=40, logz=-11.56, remainder_fraction=1.3913%, Lmin=-0.37, Lmax=-0.07
12:24:44 [ultranest] [DEBUG] iteration=1220, ncalls=23826, regioncalls=1131280, ndraw=40, logz=-11.56, remainder_fraction=1.3796%, Lmin=-0.36, Lmax=-0.07
12:24:44 [ultranest] [DEBUG] iteration=1222, ncalls=23856, regioncalls=1132480, ndraw=40, logz=-11.56, remainder_fraction=1.3589%, Lmin=-0.36, Lmax=-0.07
12:24:44 [ultranest] [DEBUG] iteration=1224, ncalls=23887, regioncalls=1133720, ndraw=40, logz=-11.56, remainder_fraction=1.3368%, Lmin=-0.36, Lmax=-0.07
12:24:45 [ultranest] [DEBUG] iteration=1228, ncalls=23935, regioncalls=1135640, ndraw=40, logz=-11.55, remainder_fraction=1.2937%, Lmin=-0.36, Lmax=-0.07
12:24:45 [ultranest] [DEBUG] iteration=1229, ncalls=24001, regioncalls=1138280, ndraw=40, logz=-11.55, remainder_fraction=1.2831%, Lmin=-0.36, Lmax=-0.07
12:24:45 [ultranest] [DEBUG] iteration=1230, ncalls=24027, regioncalls=1139320, ndraw=40, logz=-11.55, remainder_fraction=1.2716%, Lmin=-0.36, Lmax=-0.07
12:24:46 [ultranest] [DEBUG] iteration=1231, ncalls=24113, regioncalls=1142760, ndraw=40, logz=-11.55, remainder_fraction=1.2617%, Lmin=-0.36, Lmax=-0.07
12:24:46 [ultranest] [DEBUG] iteration=1232, ncalls=24135, regioncalls=1143640, ndraw=40, logz=-11.55, remainder_fraction=1.2524%, Lmin=-0.36, Lmax=-0.07
12:24:46 [ultranest] [DEBUG] iteration=1233, ncalls=24175, regioncalls=1145240, ndraw=40, logz=-11.55, remainder_fraction=1.2418%, Lmin=-0.35, Lmax=-0.07
12:24:47 [ultranest] [DEBUG] iteration=1234, ncalls=24280, regioncalls=1149440, ndraw=40, logz=-11.55, remainder_fraction=1.2315%, Lmin=-0.35, Lmax=-0.07
12:24:47 [ultranest] [DEBUG] iteration=1235, ncalls=24340, regioncalls=1151840, ndraw=40, logz=-11.55, remainder_fraction=1.2221%, Lmin=-0.35, Lmax=-0.07
12:24:48 [ultranest] [DEBUG] iteration=1238, ncalls=24384, regioncalls=1153600, ndraw=40, logz=-11.55, remainder_fraction=1.1926%, Lmin=-0.35, Lmax=-0.07
12:24:48 [ultranest] [DEBUG] iteration=1239, ncalls=24402, regioncalls=1154320, ndraw=40, logz=-11.55, remainder_fraction=1.1825%, Lmin=-0.35, Lmax=-0.07
12:24:48 [ultranest] [DEBUG] iteration=1240, ncalls=24430, regioncalls=1155440, ndraw=40, logz=-11.55, remainder_fraction=1.1736%, Lmin=-0.35, Lmax=-0.07
12:24:48 [ultranest] [DEBUG] iteration=1243, ncalls=24460, regioncalls=1156720, ndraw=40, logz=-11.55, remainder_fraction=1.1474%, Lmin=-0.34, Lmax=-0.07
12:24:49 [ultranest] [DEBUG] iteration=1244, ncalls=24492, regioncalls=1158000, ndraw=40, logz=-11.55, remainder_fraction=1.1376%, Lmin=-0.34, Lmax=-0.07
12:24:49 [ultranest] [DEBUG] iteration=1245, ncalls=24513, regioncalls=1158840, ndraw=40, logz=-11.55, remainder_fraction=1.1280%, Lmin=-0.34, Lmax=-0.07
12:24:49 [ultranest] [DEBUG] iteration=1249, ncalls=24615, regioncalls=1162920, ndraw=40, logz=-11.55, remainder_fraction=1.0939%, Lmin=-0.34, Lmax=-0.07
12:24:50 [ultranest] [DEBUG] iteration=1250, ncalls=24643, regioncalls=1164040, ndraw=40, logz=-11.55, remainder_fraction=1.0848%, Lmin=-0.34, Lmax=-0.07
12:24:50 [ultranest] [DEBUG] iteration=1253, ncalls=24657, regioncalls=1164600, ndraw=40, logz=-11.55, remainder_fraction=1.0587%, Lmin=-0.34, Lmax=-0.07
12:24:50 [ultranest] [DEBUG] iteration=1254, ncalls=24734, regioncalls=1167680, ndraw=40, logz=-11.55, remainder_fraction=1.0516%, Lmin=-0.33, Lmax=-0.07
12:24:51 [ultranest] [DEBUG] iteration=1256, ncalls=24789, regioncalls=1169880, ndraw=40, logz=-11.55, remainder_fraction=1.0356%, Lmin=-0.33, Lmax=-0.07
12:24:51 [ultranest] [DEBUG] iteration=1259, ncalls=24814, regioncalls=1170880, ndraw=40, logz=-11.55, remainder_fraction=1.0111%, Lmin=-0.33, Lmax=-0.07
12:24:51 [ultranest] [DEBUG] iteration=1261, ncalls=24838, regioncalls=1171840, ndraw=40, logz=-11.55, remainder_fraction=0.9954%, Lmin=-0.33, Lmax=-0.07
12:24:51 [ultranest] [DEBUG] iteration=1262, ncalls=24912, regioncalls=1174800, ndraw=40, logz=-11.55, remainder_fraction=0.9872%, Lmin=-0.33, Lmax=-0.07
12:24:52 [ultranest] [DEBUG] iteration=1263, ncalls=24929, regioncalls=1175480, ndraw=40, logz=-11.55, remainder_fraction=0.9793%, Lmin=-0.33, Lmax=-0.07
12:24:52 [ultranest] [DEBUG] iteration=1265, ncalls=24964, regioncalls=1176880, ndraw=40, logz=-11.55, remainder_fraction=0.9634%, Lmin=-0.33, Lmax=-0.07
12:24:52 [ultranest] [DEBUG] iteration=1266, ncalls=24978, regioncalls=1177440, ndraw=40, logz=-11.55, remainder_fraction=0.9552%, Lmin=-0.33, Lmax=-0.07
12:24:53 [ultranest] [DEBUG] iteration=1268, ncalls=25089, regioncalls=1181880, ndraw=40, logz=-11.55, remainder_fraction=0.9400%, Lmin=-0.33, Lmax=-0.07
12:24:53 [ultranest] [DEBUG] iteration=1269, ncalls=25119, regioncalls=1183080, ndraw=40, logz=-11.55, remainder_fraction=0.9326%, Lmin=-0.33, Lmax=-0.07
12:24:53 [ultranest] [DEBUG] iteration=1272, ncalls=25177, regioncalls=1185480, ndraw=40, logz=-11.55, remainder_fraction=0.9105%, Lmin=-0.32, Lmax=-0.07
12:24:54 [ultranest] [DEBUG] iteration=1273, ncalls=25283, regioncalls=1189720, ndraw=40, logz=-11.55, remainder_fraction=0.9035%, Lmin=-0.32, Lmax=-0.07
12:24:55 [ultranest] [DEBUG] iteration=1275, ncalls=25375, regioncalls=1193400, ndraw=40, logz=-11.55, remainder_fraction=0.8899%, Lmin=-0.32, Lmax=-0.07
12:24:55 [ultranest] [DEBUG] iteration=1276, ncalls=25389, regioncalls=1193960, ndraw=40, logz=-11.55, remainder_fraction=0.8830%, Lmin=-0.32, Lmax=-0.07
12:24:55 [ultranest] [DEBUG] iteration=1277, ncalls=25463, regioncalls=1196920, ndraw=40, logz=-11.55, remainder_fraction=0.8768%, Lmin=-0.32, Lmax=-0.07
12:24:56 [ultranest] [DEBUG] iteration=1279, ncalls=25515, regioncalls=1199000, ndraw=40, logz=-11.55, remainder_fraction=0.8649%, Lmin=-0.32, Lmax=-0.07
12:24:56 [ultranest] [DEBUG] iteration=1282, ncalls=25611, regioncalls=1202840, ndraw=40, logz=-11.55, remainder_fraction=0.8452%, Lmin=-0.32, Lmax=-0.07
12:24:57 [ultranest] [DEBUG] iteration=1283, ncalls=25640, regioncalls=1204000, ndraw=40, logz=-11.55, remainder_fraction=0.8392%, Lmin=-0.32, Lmax=-0.07
12:24:57 [ultranest] [DEBUG] iteration=1286, ncalls=25663, regioncalls=1204920, ndraw=40, logz=-11.55, remainder_fraction=0.8216%, Lmin=-0.31, Lmax=-0.07
12:24:58 [ultranest] [DEBUG] iteration=1287, ncalls=25806, regioncalls=1210640, ndraw=40, logz=-11.55, remainder_fraction=0.8152%, Lmin=-0.31, Lmax=-0.07
12:24:58 [ultranest] [DEBUG] iteration=1288, ncalls=25837, regioncalls=1211880, ndraw=40, logz=-11.55, remainder_fraction=0.8091%, Lmin=-0.31, Lmax=-0.07
12:24:58 [ultranest] [DEBUG] iteration=1290, ncalls=25866, regioncalls=1213040, ndraw=40, logz=-11.55, remainder_fraction=0.7983%, Lmin=-0.31, Lmax=-0.07
12:24:58 [ultranest] [DEBUG] iteration=1292, ncalls=25882, regioncalls=1213680, ndraw=40, logz=-11.55, remainder_fraction=0.7869%, Lmin=-0.31, Lmax=-0.07
12:24:58 [ultranest] [DEBUG] iteration=1293, ncalls=25896, regioncalls=1214240, ndraw=40, logz=-11.55, remainder_fraction=0.7817%, Lmin=-0.31, Lmax=-0.07
12:24:59 [ultranest] [DEBUG] iteration=1295, ncalls=25947, regioncalls=1216280, ndraw=40, logz=-11.55, remainder_fraction=0.7713%, Lmin=-0.31, Lmax=-0.07
12:24:59 [ultranest] [DEBUG] iteration=1300, ncalls=25961, regioncalls=1216840, ndraw=40, logz=-11.55, remainder_fraction=0.7448%, Lmin=-0.31, Lmax=-0.07
12:25:00 [ultranest] [DEBUG] iteration=1301, ncalls=26065, regioncalls=1221000, ndraw=40, logz=-11.55, remainder_fraction=0.7394%, Lmin=-0.31, Lmax=-0.07
12:25:00 [ultranest] [DEBUG] iteration=1303, ncalls=26112, regioncalls=1222880, ndraw=40, logz=-11.55, remainder_fraction=0.7291%, Lmin=-0.30, Lmax=-0.07
12:25:01 [ultranest] [DEBUG] iteration=1305, ncalls=26195, regioncalls=1226200, ndraw=40, logz=-11.55, remainder_fraction=0.7203%, Lmin=-0.30, Lmax=-0.07
12:25:01 [ultranest] [DEBUG] iteration=1309, ncalls=26234, regioncalls=1227760, ndraw=40, logz=-11.55, remainder_fraction=0.7002%, Lmin=-0.30, Lmax=-0.07
12:25:01 [ultranest] [DEBUG] iteration=1310, ncalls=26324, regioncalls=1231360, ndraw=40, logz=-11.55, remainder_fraction=0.6954%, Lmin=-0.30, Lmax=-0.07
12:25:02 [ultranest] [DEBUG] iteration=1312, ncalls=26339, regioncalls=1231960, ndraw=40, logz=-11.55, remainder_fraction=0.6857%, Lmin=-0.29, Lmax=-0.07
12:25:03 [ultranest] [DEBUG] iteration=1319, ncalls=26592, regioncalls=1242080, ndraw=40, logz=-11.55, remainder_fraction=0.6550%, Lmin=-0.29, Lmax=-0.07
12:25:04 [ultranest] [DEBUG] iteration=1320, ncalls=26633, regioncalls=1243720, ndraw=40, logz=-11.55, remainder_fraction=0.6504%, Lmin=-0.29, Lmax=-0.07
12:25:04 [ultranest] [DEBUG] iteration=1322, ncalls=26730, regioncalls=1247600, ndraw=40, logz=-11.55, remainder_fraction=0.6414%, Lmin=-0.29, Lmax=-0.07
12:25:05 [ultranest] [DEBUG] iteration=1323, ncalls=26768, regioncalls=1249120, ndraw=40, logz=-11.55, remainder_fraction=0.6371%, Lmin=-0.29, Lmax=-0.07
12:25:05 [ultranest] [DEBUG] iteration=1324, ncalls=26885, regioncalls=1253800, ndraw=40, logz=-11.55, remainder_fraction=0.6327%, Lmin=-0.29, Lmax=-0.07
12:25:06 [ultranest] [DEBUG] iteration=1326, ncalls=26958, regioncalls=1256720, ndraw=40, logz=-11.55, remainder_fraction=0.6247%, Lmin=-0.28, Lmax=-0.07
12:25:06 [ultranest] [DEBUG] iteration=1327, ncalls=26978, regioncalls=1257520, ndraw=40, logz=-11.55, remainder_fraction=0.6203%, Lmin=-0.28, Lmax=-0.07
12:25:06 [ultranest] [DEBUG] iteration=1328, ncalls=27017, regioncalls=1259080, ndraw=40, logz=-11.55, remainder_fraction=0.6160%, Lmin=-0.28, Lmax=-0.07
12:25:07 [ultranest] [DEBUG] iteration=1329, ncalls=27112, regioncalls=1262880, ndraw=40, logz=-11.55, remainder_fraction=0.6122%, Lmin=-0.28, Lmax=-0.07
12:25:08 [ultranest] [DEBUG] iteration=1330, ncalls=27234, regioncalls=1267760, ndraw=40, logz=-11.55, remainder_fraction=0.6080%, Lmin=-0.28, Lmax=-0.07
12:25:08 [ultranest] [DEBUG] iteration=1331, ncalls=27283, regioncalls=1269720, ndraw=40, logz=-11.55, remainder_fraction=0.6042%, Lmin=-0.28, Lmax=-0.07
12:25:08 [ultranest] [DEBUG] iteration=1332, ncalls=27333, regioncalls=1271840, ndraw=40, logz=-11.55, remainder_fraction=0.5999%, Lmin=-0.28, Lmax=-0.07
12:25:09 [ultranest] [DEBUG] iteration=1333, ncalls=27384, regioncalls=1273920, ndraw=40, logz=-11.55, remainder_fraction=0.5963%, Lmin=-0.28, Lmax=-0.07
12:25:09 [ultranest] [DEBUG] iteration=1335, ncalls=27441, regioncalls=1276240, ndraw=40, logz=-11.55, remainder_fraction=0.5889%, Lmin=-0.28, Lmax=-0.07
12:25:09 [ultranest] [DEBUG] iteration=1336, ncalls=27455, regioncalls=1276800, ndraw=40, logz=-11.55, remainder_fraction=0.5848%, Lmin=-0.28, Lmax=-0.07
12:25:09 [ultranest] [DEBUG] iteration=1337, ncalls=27474, regioncalls=1277560, ndraw=40, logz=-11.55, remainder_fraction=0.5810%, Lmin=-0.28, Lmax=-0.07
12:25:10 [ultranest] [DEBUG] iteration=1338, ncalls=27572, regioncalls=1281480, ndraw=40, logz=-11.55, remainder_fraction=0.5775%, Lmin=-0.28, Lmax=-0.07
12:25:10 [ultranest] [DEBUG] iteration=1339, ncalls=27592, regioncalls=1282280, ndraw=40, logz=-11.55, remainder_fraction=0.5738%, Lmin=-0.28, Lmax=-0.07
12:25:11 [ultranest] [DEBUG] iteration=1340, ncalls=27691, regioncalls=1286240, ndraw=40, logz=-11.55, remainder_fraction=0.5699%, Lmin=-0.28, Lmax=-0.07
12:25:12 [ultranest] [DEBUG] iteration=1342, ncalls=27790, regioncalls=1290200, ndraw=40, logz=-11.55, remainder_fraction=0.5621%, Lmin=-0.28, Lmax=-0.07
12:25:12 [ultranest] [DEBUG] iteration=1345, ncalls=27819, regioncalls=1291360, ndraw=40, logz=-11.55, remainder_fraction=0.5510%, Lmin=-0.28, Lmax=-0.07
12:25:12 [ultranest] [DEBUG] iteration=1346, ncalls=27844, regioncalls=1292360, ndraw=40, logz=-11.55, remainder_fraction=0.5474%, Lmin=-0.28, Lmax=-0.07
12:25:12 [ultranest] [DEBUG] iteration=1347, ncalls=27874, regioncalls=1293560, ndraw=40, logz=-11.55, remainder_fraction=0.5439%, Lmin=-0.28, Lmax=-0.07
12:25:12 [ultranest] [DEBUG] iteration=1348, ncalls=27891, regioncalls=1294240, ndraw=40, logz=-11.55, remainder_fraction=0.5400%, Lmin=-0.28, Lmax=-0.07
12:25:13 [ultranest] [DEBUG] iteration=1349, ncalls=27957, regioncalls=1296880, ndraw=40, logz=-11.55, remainder_fraction=0.5363%, Lmin=-0.27, Lmax=-0.07
12:25:13 [ultranest] [DEBUG] iteration=1350, ncalls=27972, regioncalls=1297480, ndraw=40, logz=-11.55, remainder_fraction=0.5327%, Lmin=-0.27, Lmax=-0.07
12:25:13 [ultranest] [DEBUG] iteration=1351, ncalls=28001, regioncalls=1298640, ndraw=40, logz=-11.55, remainder_fraction=0.5289%, Lmin=-0.27, Lmax=-0.07
12:25:14 [ultranest] [DEBUG] iteration=1352, ncalls=28183, regioncalls=1305920, ndraw=40, logz=-11.55, remainder_fraction=0.5253%, Lmin=-0.27, Lmax=-0.07
12:25:15 [ultranest] [DEBUG] iteration=1353, ncalls=28198, regioncalls=1306520, ndraw=40, logz=-11.55, remainder_fraction=0.5217%, Lmin=-0.27, Lmax=-0.07
12:25:15 [ultranest] [DEBUG] iteration=1354, ncalls=28232, regioncalls=1307880, ndraw=40, logz=-11.55, remainder_fraction=0.5180%, Lmin=-0.27, Lmax=-0.07
12:25:15 [ultranest] [DEBUG] iteration=1356, ncalls=28248, regioncalls=1308520, ndraw=40, logz=-11.55, remainder_fraction=0.5110%, Lmin=-0.27, Lmax=-0.07
12:25:16 [ultranest] [DEBUG] iteration=1357, ncalls=28408, regioncalls=1314920, ndraw=40, logz=-11.55, remainder_fraction=0.5075%, Lmin=-0.27, Lmax=-0.07
12:25:16 [ultranest] [DEBUG] iteration=1359, ncalls=28426, regioncalls=1315640, ndraw=40, logz=-11.55, remainder_fraction=0.5004%, Lmin=-0.27, Lmax=-0.07
12:25:17 [ultranest] [DEBUG] iteration=1360, ncalls=28519, regioncalls=1319360, ndraw=40, logz=-11.55, remainder_fraction=0.4971%, Lmin=-0.27, Lmax=-0.07
12:25:17 [ultranest] [DEBUG] iteration=1361, ncalls=28551, regioncalls=1320640, ndraw=40, logz=-11.55, remainder_fraction=0.4937%, Lmin=-0.27, Lmax=-0.07
12:25:17 [ultranest] [DEBUG] iteration=1362, ncalls=28585, regioncalls=1322000, ndraw=40, logz=-11.55, remainder_fraction=0.4902%, Lmin=-0.27, Lmax=-0.07
12:25:18 [ultranest] [DEBUG] iteration=1363, ncalls=28619, regioncalls=1323360, ndraw=40, logz=-11.55, remainder_fraction=0.4870%, Lmin=-0.27, Lmax=-0.07
12:25:18 [ultranest] [DEBUG] iteration=1364, ncalls=28651, regioncalls=1324640, ndraw=40, logz=-11.55, remainder_fraction=0.4836%, Lmin=-0.27, Lmax=-0.07
12:25:19 [ultranest] [DEBUG] iteration=1365, ncalls=28780, regioncalls=1329800, ndraw=40, logz=-11.55, remainder_fraction=0.4803%, Lmin=-0.27, Lmax=-0.07
12:25:19 [ultranest] [DEBUG] iteration=1366, ncalls=28892, regioncalls=1334280, ndraw=40, logz=-11.55, remainder_fraction=0.4771%, Lmin=-0.27, Lmax=-0.07
12:25:20 [ultranest] [DEBUG] iteration=1367, ncalls=28917, regioncalls=1335280, ndraw=40, logz=-11.55, remainder_fraction=0.4739%, Lmin=-0.27, Lmax=-0.07
12:25:20 [ultranest] [DEBUG] iteration=1369, ncalls=29018, regioncalls=1339320, ndraw=40, logz=-11.55, remainder_fraction=0.4675%, Lmin=-0.27, Lmax=-0.07
12:25:21 [ultranest] [DEBUG] iteration=1370, ncalls=29106, regioncalls=1342840, ndraw=40, logz=-11.55, remainder_fraction=0.4643%, Lmin=-0.26, Lmax=-0.07
12:25:22 [ultranest] [DEBUG] iteration=1371, ncalls=29206, regioncalls=1346840, ndraw=40, logz=-11.55, remainder_fraction=0.4612%, Lmin=-0.26, Lmax=-0.07
12:25:23 [ultranest] [DEBUG] iteration=1373, ncalls=29333, regioncalls=1351920, ndraw=40, logz=-11.55, remainder_fraction=0.4547%, Lmin=-0.26, Lmax=-0.07
12:25:23 [ultranest] [DEBUG] iteration=1374, ncalls=29401, regioncalls=1354640, ndraw=40, logz=-11.55, remainder_fraction=0.4518%, Lmin=-0.26, Lmax=-0.07
12:25:24 [ultranest] [DEBUG] iteration=1375, ncalls=29530, regioncalls=1359800, ndraw=40, logz=-11.55, remainder_fraction=0.4487%, Lmin=-0.26, Lmax=-0.07
12:25:25 [ultranest] [DEBUG] iteration=1376, ncalls=29695, regioncalls=1366400, ndraw=40, logz=-11.55, remainder_fraction=0.4456%, Lmin=-0.26, Lmax=-0.07
12:25:26 [ultranest] [DEBUG] iteration=1377, ncalls=29763, regioncalls=1369120, ndraw=40, logz=-11.55, remainder_fraction=0.4425%, Lmin=-0.26, Lmax=-0.07
12:25:26 [ultranest] [DEBUG] iteration=1378, ncalls=29825, regioncalls=1371600, ndraw=40, logz=-11.55, remainder_fraction=0.4396%, Lmin=-0.26, Lmax=-0.07
12:25:26 [ultranest] [DEBUG] iteration=1379, ncalls=29875, regioncalls=1373600, ndraw=40, logz=-11.55, remainder_fraction=0.4365%, Lmin=-0.26, Lmax=-0.07
12:25:27 [ultranest] [DEBUG] iteration=1381, ncalls=29901, regioncalls=1374640, ndraw=40, logz=-11.55, remainder_fraction=0.4305%, Lmin=-0.26, Lmax=-0.07
12:25:27 [ultranest] [DEBUG] iteration=1382, ncalls=29958, regioncalls=1376920, ndraw=40, logz=-11.55, remainder_fraction=0.4276%, Lmin=-0.26, Lmax=-0.07
12:25:29 [ultranest] [DEBUG] iteration=1383, ncalls=30243, regioncalls=1388320, ndraw=40, logz=-11.55, remainder_fraction=0.4249%, Lmin=-0.26, Lmax=-0.07
12:25:32 [ultranest] [DEBUG] iteration=1384, ncalls=30639, regioncalls=1404160, ndraw=40, logz=-11.55, remainder_fraction=0.4222%, Lmin=-0.26, Lmax=-0.07
12:25:32 [ultranest] [DEBUG] iteration=1385, ncalls=30686, regioncalls=1406040, ndraw=40, logz=-11.55, remainder_fraction=0.4192%, Lmin=-0.26, Lmax=-0.07
12:25:33 [ultranest] [DEBUG] iteration=1387, ncalls=30859, regioncalls=1412960, ndraw=40, logz=-11.55, remainder_fraction=0.4138%, Lmin=-0.26, Lmax=-0.07
12:25:34 [ultranest] [DEBUG] iteration=1388, ncalls=30972, regioncalls=1417480, ndraw=40, logz=-11.55, remainder_fraction=0.4111%, Lmin=-0.25, Lmax=-0.07
12:25:34 [ultranest] [DEBUG] iteration=1389, ncalls=31005, regioncalls=1418800, ndraw=40, logz=-11.55, remainder_fraction=0.4082%, Lmin=-0.25, Lmax=-0.07
12:25:35 [ultranest] [DEBUG] iteration=1390, ncalls=31063, regioncalls=1421120, ndraw=40, logz=-11.55, remainder_fraction=0.4054%, Lmin=-0.25, Lmax=-0.07
12:25:35 [ultranest] [DEBUG] iteration=1392, ncalls=31143, regioncalls=1424320, ndraw=40, logz=-11.55, remainder_fraction=0.3997%, Lmin=-0.25, Lmax=-0.07
12:25:37 [ultranest] [DEBUG] iteration=1394, ncalls=31336, regioncalls=1432040, ndraw=40, logz=-11.55, remainder_fraction=0.3942%, Lmin=-0.25, Lmax=-0.07
12:25:37 [ultranest] [DEBUG] iteration=1395, ncalls=31376, regioncalls=1433640, ndraw=40, logz=-11.55, remainder_fraction=0.3915%, Lmin=-0.25, Lmax=-0.07
12:25:37 [ultranest] [DEBUG] iteration=1396, ncalls=31450, regioncalls=1436600, ndraw=40, logz=-11.55, remainder_fraction=0.3887%, Lmin=-0.25, Lmax=-0.07
12:25:38 [ultranest] [DEBUG] iteration=1397, ncalls=31537, regioncalls=1440080, ndraw=40, logz=-11.55, remainder_fraction=0.3860%, Lmin=-0.25, Lmax=-0.07
12:25:38 [ultranest] [DEBUG] iteration=1398, ncalls=31558, regioncalls=1440920, ndraw=40, logz=-11.55, remainder_fraction=0.3835%, Lmin=-0.25, Lmax=-0.07
12:25:39 [ultranest] [DEBUG] iteration=1400, ncalls=31686, regioncalls=1446040, ndraw=40, logz=-11.55, remainder_fraction=0.3783%, Lmin=-0.25, Lmax=-0.07
12:25:40 [ultranest] [DEBUG] iteration=1401, ncalls=31799, regioncalls=1450560, ndraw=40, logz=-11.55, remainder_fraction=0.3757%, Lmin=-0.25, Lmax=-0.07
12:25:40 [ultranest] [DEBUG] iteration=1402, ncalls=31838, regioncalls=1452120, ndraw=40, logz=-11.55, remainder_fraction=0.3734%, Lmin=-0.25, Lmax=-0.07
12:25:41 [ultranest] [DEBUG] iteration=1403, ncalls=31929, regioncalls=1455760, ndraw=40, logz=-11.55, remainder_fraction=0.3709%, Lmin=-0.25, Lmax=-0.07
12:25:41 [ultranest] [DEBUG] iteration=1405, ncalls=31949, regioncalls=1456560, ndraw=40, logz=-11.55, remainder_fraction=0.3658%, Lmin=-0.25, Lmax=-0.07
12:25:41 [ultranest] [DEBUG] iteration=1406, ncalls=31963, regioncalls=1457120, ndraw=40, logz=-11.55, remainder_fraction=0.3633%, Lmin=-0.25, Lmax=-0.07
12:25:42 [ultranest] [DEBUG] iteration=1407, ncalls=32067, regioncalls=1461280, ndraw=40, logz=-11.55, remainder_fraction=0.3607%, Lmin=-0.25, Lmax=-0.07
12:25:42 [ultranest] [DEBUG] iteration=1408, ncalls=32085, regioncalls=1462000, ndraw=40, logz=-11.55, remainder_fraction=0.3583%, Lmin=-0.25, Lmax=-0.07
12:25:42 [ultranest] [DEBUG] iteration=1409, ncalls=32139, regioncalls=1464160, ndraw=40, logz=-11.55, remainder_fraction=0.3558%, Lmin=-0.25, Lmax=-0.07
12:25:44 [ultranest] [DEBUG] iteration=1411, ncalls=32408, regioncalls=1474920, ndraw=40, logz=-11.55, remainder_fraction=0.3509%, Lmin=-0.25, Lmax=-0.07
12:25:44 [ultranest] [DEBUG] iteration=1412, ncalls=32430, regioncalls=1475800, ndraw=40, logz=-11.55, remainder_fraction=0.3485%, Lmin=-0.25, Lmax=-0.07
12:25:45 [ultranest] [DEBUG] iteration=1413, ncalls=32472, regioncalls=1477480, ndraw=40, logz=-11.55, remainder_fraction=0.3465%, Lmin=-0.24, Lmax=-0.07
12:25:45 [ultranest] [DEBUG] iteration=1414, ncalls=32501, regioncalls=1478640, ndraw=40, logz=-11.55, remainder_fraction=0.3444%, Lmin=-0.24, Lmax=-0.07
12:25:45 [ultranest] [DEBUG] iteration=1415, ncalls=32594, regioncalls=1482360, ndraw=40, logz=-11.55, remainder_fraction=0.3420%, Lmin=-0.24, Lmax=-0.07
12:25:47 [ultranest] [DEBUG] iteration=1417, ncalls=32765, regioncalls=1489200, ndraw=40, logz=-11.55, remainder_fraction=0.3373%, Lmin=-0.24, Lmax=-0.07
12:25:47 [ultranest] [DEBUG] iteration=1418, ncalls=32856, regioncalls=1492840, ndraw=40, logz=-11.55, remainder_fraction=0.3350%, Lmin=-0.24, Lmax=-0.07
12:25:48 [ultranest] [DEBUG] iteration=1420, ncalls=32971, regioncalls=1497440, ndraw=40, logz=-11.54, remainder_fraction=0.3308%, Lmin=-0.24, Lmax=-0.07
12:25:48 [ultranest] [DEBUG] iteration=1421, ncalls=33031, regioncalls=1499840, ndraw=40, logz=-11.54, remainder_fraction=0.3285%, Lmin=-0.24, Lmax=-0.07
12:25:50 [ultranest] [DEBUG] iteration=1422, ncalls=33250, regioncalls=1508600, ndraw=40, logz=-11.54, remainder_fraction=0.3263%, Lmin=-0.24, Lmax=-0.07
12:25:51 [ultranest] [DEBUG] iteration=1423, ncalls=33355, regioncalls=1512800, ndraw=40, logz=-11.54, remainder_fraction=0.3241%, Lmin=-0.24, Lmax=-0.07
12:25:52 [ultranest] [DEBUG] iteration=1424, ncalls=33516, regioncalls=1519240, ndraw=40, logz=-11.54, remainder_fraction=0.3218%, Lmin=-0.24, Lmax=-0.07
12:25:52 [ultranest] [DEBUG] iteration=1426, ncalls=33539, regioncalls=1520160, ndraw=40, logz=-11.54, remainder_fraction=0.3173%, Lmin=-0.24, Lmax=-0.07
12:25:52 [ultranest] [DEBUG] iteration=1427, ncalls=33586, regioncalls=1522040, ndraw=40, logz=-11.54, remainder_fraction=0.3151%, Lmin=-0.24, Lmax=-0.07
12:25:53 [ultranest] [DEBUG] iteration=1428, ncalls=33668, regioncalls=1525400, ndraw=40, logz=-11.54, remainder_fraction=0.3129%, Lmin=-0.24, Lmax=-0.07
12:25:53 [ultranest] [DEBUG] iteration=1429, ncalls=33723, regioncalls=1527600, ndraw=40, logz=-11.54, remainder_fraction=0.3109%, Lmin=-0.24, Lmax=-0.07
12:25:53 [ultranest] [DEBUG] iteration=1430, ncalls=33748, regioncalls=1528600, ndraw=40, logz=-11.54, remainder_fraction=0.3088%, Lmin=-0.24, Lmax=-0.07
12:25:54 [ultranest] [DEBUG] iteration=1431, ncalls=33808, regioncalls=1531000, ndraw=40, logz=-11.54, remainder_fraction=0.3067%, Lmin=-0.24, Lmax=-0.07
12:25:55 [ultranest] [DEBUG] iteration=1432, ncalls=33923, regioncalls=1535600, ndraw=40, logz=-11.54, remainder_fraction=0.3046%, Lmin=-0.24, Lmax=-0.07
12:25:55 [ultranest] [DEBUG] iteration=1433, ncalls=33974, regioncalls=1537640, ndraw=40, logz=-11.54, remainder_fraction=0.3025%, Lmin=-0.24, Lmax=-0.07
12:25:56 [ultranest] [DEBUG] iteration=1434, ncalls=34054, regioncalls=1540840, ndraw=40, logz=-11.54, remainder_fraction=0.3005%, Lmin=-0.24, Lmax=-0.07
12:25:56 [ultranest] [DEBUG] iteration=1435, ncalls=34117, regioncalls=1543360, ndraw=40, logz=-11.54, remainder_fraction=0.2987%, Lmin=-0.24, Lmax=-0.07
12:25:56 [ultranest] [DEBUG] iteration=1436, ncalls=34133, regioncalls=1544000, ndraw=40, logz=-11.54, remainder_fraction=0.2966%, Lmin=-0.24, Lmax=-0.07
12:25:57 [ultranest] [DEBUG] iteration=1438, ncalls=34215, regioncalls=1547280, ndraw=40, logz=-11.54, remainder_fraction=0.2928%, Lmin=-0.24, Lmax=-0.07
12:25:57 [ultranest] [DEBUG] iteration=1439, ncalls=34230, regioncalls=1547880, ndraw=40, logz=-11.54, remainder_fraction=0.2907%, Lmin=-0.24, Lmax=-0.07
12:25:58 [ultranest] [DEBUG] iteration=1440, ncalls=34386, regioncalls=1554120, ndraw=40, logz=-11.54, remainder_fraction=0.2887%, Lmin=-0.23, Lmax=-0.07
12:25:58 [ultranest] [DEBUG] iteration=1442, ncalls=34465, regioncalls=1557280, ndraw=40, logz=-11.54, remainder_fraction=0.2850%, Lmin=-0.23, Lmax=-0.07
12:25:59 [ultranest] [DEBUG] iteration=1444, ncalls=34602, regioncalls=1562760, ndraw=40, logz=-11.54, remainder_fraction=0.2811%, Lmin=-0.23, Lmax=-0.07
12:26:00 [ultranest] [DEBUG] iteration=1445, ncalls=34643, regioncalls=1564400, ndraw=40, logz=-11.54, remainder_fraction=0.2792%, Lmin=-0.23, Lmax=-0.07
12:26:00 [ultranest] [DEBUG] iteration=1446, ncalls=34713, regioncalls=1567200, ndraw=40, logz=-11.54, remainder_fraction=0.2773%, Lmin=-0.23, Lmax=-0.07
12:26:00 [ultranest] [DEBUG] iteration=1447, ncalls=34746, regioncalls=1568520, ndraw=40, logz=-11.54, remainder_fraction=0.2755%, Lmin=-0.23, Lmax=-0.07
12:26:01 [ultranest] [DEBUG] iteration=1449, ncalls=34803, regioncalls=1570800, ndraw=40, logz=-11.54, remainder_fraction=0.2718%, Lmin=-0.23, Lmax=-0.07
12:26:01 [ultranest] [DEBUG] iteration=1450, ncalls=34874, regioncalls=1573640, ndraw=40, logz=-11.54, remainder_fraction=0.2699%, Lmin=-0.23, Lmax=-0.07
12:26:02 [ultranest] [DEBUG] iteration=1451, ncalls=34938, regioncalls=1576200, ndraw=40, logz=-11.54, remainder_fraction=0.2681%, Lmin=-0.23, Lmax=-0.07
12:26:02 [ultranest] [DEBUG] iteration=1452, ncalls=34958, regioncalls=1577000, ndraw=40, logz=-11.54, remainder_fraction=0.2663%, Lmin=-0.23, Lmax=-0.07
12:26:02 [ultranest] [DEBUG] iteration=1453, ncalls=35007, regioncalls=1578960, ndraw=40, logz=-11.54, remainder_fraction=0.2644%, Lmin=-0.23, Lmax=-0.07
12:26:03 [ultranest] [DEBUG] iteration=1454, ncalls=35075, regioncalls=1581680, ndraw=40, logz=-11.54, remainder_fraction=0.2626%, Lmin=-0.23, Lmax=-0.07
12:26:03 [ultranest] [DEBUG] iteration=1455, ncalls=35125, regioncalls=1583680, ndraw=40, logz=-11.54, remainder_fraction=0.2608%, Lmin=-0.23, Lmax=-0.07
12:26:03 [ultranest] [DEBUG] iteration=1456, ncalls=35177, regioncalls=1585760, ndraw=40, logz=-11.54, remainder_fraction=0.2590%, Lmin=-0.23, Lmax=-0.07
12:26:04 [ultranest] [DEBUG] iteration=1457, ncalls=35242, regioncalls=1588360, ndraw=40, logz=-11.54, remainder_fraction=0.2572%, Lmin=-0.23, Lmax=-0.07
12:26:04 [ultranest] [DEBUG] iteration=1458, ncalls=35289, regioncalls=1590240, ndraw=40, logz=-11.54, remainder_fraction=0.2554%, Lmin=-0.23, Lmax=-0.07
12:26:04 [ultranest] [DEBUG] iteration=1460, ncalls=35316, regioncalls=1591480, ndraw=40, logz=-11.54, remainder_fraction=0.2520%, Lmin=-0.23, Lmax=-0.07
12:26:05 [ultranest] [DEBUG] iteration=1462, ncalls=35428, regioncalls=1595960, ndraw=40, logz=-11.54, remainder_fraction=0.2487%, Lmin=-0.23, Lmax=-0.07
12:26:05 [ultranest] [DEBUG] iteration=1463, ncalls=35452, regioncalls=1596920, ndraw=40, logz=-11.54, remainder_fraction=0.2470%, Lmin=-0.23, Lmax=-0.07
12:26:06 [ultranest] [DEBUG] iteration=1464, ncalls=35475, regioncalls=1597840, ndraw=40, logz=-11.54, remainder_fraction=0.2455%, Lmin=-0.23, Lmax=-0.07
12:26:06 [ultranest] [DEBUG] iteration=1465, ncalls=35546, regioncalls=1600680, ndraw=40, logz=-11.54, remainder_fraction=0.2438%, Lmin=-0.23, Lmax=-0.07
12:26:06 [ultranest] [DEBUG] iteration=1466, ncalls=35563, regioncalls=1601360, ndraw=40, logz=-11.54, remainder_fraction=0.2422%, Lmin=-0.22, Lmax=-0.07
12:26:07 [ultranest] [DEBUG] iteration=1467, ncalls=35610, regioncalls=1603240, ndraw=40, logz=-11.54, remainder_fraction=0.2406%, Lmin=-0.22, Lmax=-0.07
12:26:07 [ultranest] [DEBUG] iteration=1468, ncalls=35639, regioncalls=1604400, ndraw=40, logz=-11.54, remainder_fraction=0.2390%, Lmin=-0.22, Lmax=-0.07
12:26:07 [ultranest] [DEBUG] iteration=1470, ncalls=35672, regioncalls=1605720, ndraw=40, logz=-11.54, remainder_fraction=0.2356%, Lmin=-0.22, Lmax=-0.07
12:26:07 [ultranest] [DEBUG] iteration=1472, ncalls=35692, regioncalls=1606520, ndraw=40, logz=-11.54, remainder_fraction=0.2325%, Lmin=-0.22, Lmax=-0.07
12:26:07 [ultranest] [DEBUG] iteration=1473, ncalls=35707, regioncalls=1607120, ndraw=40, logz=-11.54, remainder_fraction=0.2309%, Lmin=-0.22, Lmax=-0.07
12:26:08 [ultranest] [DEBUG] iteration=1474, ncalls=35769, regioncalls=1609600, ndraw=40, logz=-11.54, remainder_fraction=0.2293%, Lmin=-0.22, Lmax=-0.07
12:26:08 [ultranest] [DEBUG] iteration=1476, ncalls=35823, regioncalls=1611760, ndraw=40, logz=-11.54, remainder_fraction=0.2262%, Lmin=-0.22, Lmax=-0.07
12:26:08 [ultranest] [DEBUG] iteration=1477, ncalls=35850, regioncalls=1612840, ndraw=40, logz=-11.54, remainder_fraction=0.2247%, Lmin=-0.22, Lmax=-0.07
12:26:09 [ultranest] [DEBUG] iteration=1478, ncalls=35912, regioncalls=1615320, ndraw=40, logz=-11.54, remainder_fraction=0.2232%, Lmin=-0.22, Lmax=-0.07
12:26:09 [ultranest] [DEBUG] iteration=1479, ncalls=35929, regioncalls=1616000, ndraw=40, logz=-11.54, remainder_fraction=0.2217%, Lmin=-0.22, Lmax=-0.07
12:26:09 [ultranest] [DEBUG] iteration=1480, ncalls=35938, regioncalls=1616360, ndraw=40, logz=-11.54, remainder_fraction=0.2201%, Lmin=-0.22, Lmax=-0.07
12:26:09 [ultranest] [DEBUG] iteration=1481, ncalls=35974, regioncalls=1617800, ndraw=40, logz=-11.54, remainder_fraction=0.2187%, Lmin=-0.22, Lmax=-0.07
12:26:10 [ultranest] [DEBUG] iteration=1482, ncalls=36055, regioncalls=1621080, ndraw=40, logz=-11.54, remainder_fraction=0.2173%, Lmin=-0.22, Lmax=-0.07
12:26:10 [ultranest] [DEBUG] iteration=1484, ncalls=36111, regioncalls=1623320, ndraw=40, logz=-11.54, remainder_fraction=0.2142%, Lmin=-0.22, Lmax=-0.07
12:26:11 [ultranest] [DEBUG] iteration=1485, ncalls=36258, regioncalls=1629200, ndraw=40, logz=-11.54, remainder_fraction=0.2128%, Lmin=-0.22, Lmax=-0.07
12:26:12 [ultranest] [DEBUG] iteration=1486, ncalls=36321, regioncalls=1631720, ndraw=40, logz=-11.54, remainder_fraction=0.2113%, Lmin=-0.22, Lmax=-0.07
12:26:12 [ultranest] [DEBUG] iteration=1487, ncalls=36411, regioncalls=1635320, ndraw=40, logz=-11.54, remainder_fraction=0.2099%, Lmin=-0.22, Lmax=-0.07
12:26:12 [ultranest] [DEBUG] iteration=1488, ncalls=36436, regioncalls=1636320, ndraw=40, logz=-11.54, remainder_fraction=0.2085%, Lmin=-0.22, Lmax=-0.07
12:26:13 [ultranest] [DEBUG] iteration=1489, ncalls=36469, regioncalls=1637640, ndraw=40, logz=-11.54, remainder_fraction=0.2070%, Lmin=-0.22, Lmax=-0.07
12:26:13 [ultranest] [DEBUG] iteration=1490, ncalls=36488, regioncalls=1638400, ndraw=40, logz=-11.54, remainder_fraction=0.2057%, Lmin=-0.22, Lmax=-0.07
12:26:13 [ultranest] [DEBUG] iteration=1492, ncalls=36503, regioncalls=1639000, ndraw=40, logz=-11.54, remainder_fraction=0.2029%, Lmin=-0.22, Lmax=-0.07
12:26:13 [ultranest] [DEBUG] iteration=1494, ncalls=36521, regioncalls=1639720, ndraw=40, logz=-11.54, remainder_fraction=0.2001%, Lmin=-0.21, Lmax=-0.07
12:26:13 [ultranest] [DEBUG] iteration=1495, ncalls=36553, regioncalls=1641000, ndraw=40, logz=-11.54, remainder_fraction=0.1987%, Lmin=-0.21, Lmax=-0.07
12:26:14 [ultranest] [DEBUG] iteration=1496, ncalls=36589, regioncalls=1642440, ndraw=40, logz=-11.54, remainder_fraction=0.1973%, Lmin=-0.21, Lmax=-0.07
12:26:14 [ultranest] [DEBUG] iteration=1498, ncalls=36634, regioncalls=1644240, ndraw=40, logz=-11.54, remainder_fraction=0.1945%, Lmin=-0.21, Lmax=-0.07
12:26:15 [ultranest] [DEBUG] iteration=1499, ncalls=36729, regioncalls=1648040, ndraw=40, logz=-11.54, remainder_fraction=0.1933%, Lmin=-0.21, Lmax=-0.07
12:26:15 [ultranest] [DEBUG] iteration=1501, ncalls=36777, regioncalls=1649960, ndraw=40, logz=-11.54, remainder_fraction=0.1908%, Lmin=-0.21, Lmax=-0.07
12:26:15 [ultranest] [DEBUG] iteration=1502, ncalls=36800, regioncalls=1650880, ndraw=40, logz=-11.54, remainder_fraction=0.1896%, Lmin=-0.21, Lmax=-0.07
12:26:16 [ultranest] [DEBUG] iteration=1504, ncalls=36846, regioncalls=1652720, ndraw=40, logz=-11.54, remainder_fraction=0.1870%, Lmin=-0.21, Lmax=-0.07
12:26:16 [ultranest] [DEBUG] iteration=1505, ncalls=36912, regioncalls=1655360, ndraw=40, logz=-11.54, remainder_fraction=0.1857%, Lmin=-0.21, Lmax=-0.07
12:26:17 [ultranest] [DEBUG] iteration=1507, ncalls=36952, regioncalls=1656960, ndraw=40, logz=-11.54, remainder_fraction=0.1832%, Lmin=-0.21, Lmax=-0.07
12:26:17 [ultranest] [DEBUG] iteration=1508, ncalls=37072, regioncalls=1661880, ndraw=40, logz=-11.54, remainder_fraction=0.1820%, Lmin=-0.21, Lmax=-0.07
12:26:18 [ultranest] [DEBUG] iteration=1509, ncalls=37095, regioncalls=1662800, ndraw=40, logz=-11.54, remainder_fraction=0.1807%, Lmin=-0.21, Lmax=-0.07
12:26:18 [ultranest] [DEBUG] iteration=1511, ncalls=37207, regioncalls=1667280, ndraw=40, logz=-11.54, remainder_fraction=0.1782%, Lmin=-0.21, Lmax=-0.07
12:26:19 [ultranest] [DEBUG] iteration=1513, ncalls=37245, regioncalls=1668800, ndraw=40, logz=-11.54, remainder_fraction=0.1757%, Lmin=-0.20, Lmax=-0.07
12:26:19 [ultranest] [DEBUG] iteration=1516, ncalls=37273, regioncalls=1669920, ndraw=40, logz=-11.54, remainder_fraction=0.1722%, Lmin=-0.20, Lmax=-0.07
12:26:19 [ultranest] [DEBUG] iteration=1517, ncalls=37298, regioncalls=1670920, ndraw=40, logz=-11.54, remainder_fraction=0.1710%, Lmin=-0.20, Lmax=-0.07
12:26:20 [ultranest] [DEBUG] iteration=1519, ncalls=37439, regioncalls=1676560, ndraw=40, logz=-11.54, remainder_fraction=0.1686%, Lmin=-0.20, Lmax=-0.07
12:26:20 [ultranest] [DEBUG] iteration=1520, ncalls=37496, regioncalls=1678880, ndraw=40, logz=-11.54, remainder_fraction=0.1674%, Lmin=-0.20, Lmax=-0.07
12:26:21 [ultranest] [DEBUG] iteration=1521, ncalls=37617, regioncalls=1683720, ndraw=40, logz=-11.54, remainder_fraction=0.1663%, Lmin=-0.20, Lmax=-0.07
12:26:22 [ultranest] [DEBUG] iteration=1522, ncalls=37734, regioncalls=1688400, ndraw=40, logz=-11.54, remainder_fraction=0.1651%, Lmin=-0.20, Lmax=-0.07
12:26:22 [ultranest] [DEBUG] iteration=1523, ncalls=37776, regioncalls=1690080, ndraw=40, logz=-11.54, remainder_fraction=0.1640%, Lmin=-0.20, Lmax=-0.07
12:26:23 [ultranest] [DEBUG] iteration=1524, ncalls=37853, regioncalls=1693240, ndraw=40, logz=-11.54, remainder_fraction=0.1628%, Lmin=-0.20, Lmax=-0.07
12:26:23 [ultranest] [DEBUG] iteration=1525, ncalls=37888, regioncalls=1694640, ndraw=40, logz=-11.54, remainder_fraction=0.1617%, Lmin=-0.20, Lmax=-0.07
12:26:23 [ultranest] [DEBUG] iteration=1527, ncalls=37911, regioncalls=1695560, ndraw=40, logz=-11.54, remainder_fraction=0.1595%, Lmin=-0.20, Lmax=-0.07
12:26:24 [ultranest] [DEBUG] iteration=1528, ncalls=37978, regioncalls=1698240, ndraw=40, logz=-11.54, remainder_fraction=0.1584%, Lmin=-0.20, Lmax=-0.07
12:26:24 [ultranest] [DEBUG] iteration=1529, ncalls=38023, regioncalls=1700040, ndraw=40, logz=-11.54, remainder_fraction=0.1573%, Lmin=-0.20, Lmax=-0.07
12:26:24 [ultranest] [DEBUG] iteration=1530, ncalls=38038, regioncalls=1700640, ndraw=40, logz=-11.54, remainder_fraction=0.1562%, Lmin=-0.20, Lmax=-0.07
12:26:24 [ultranest] [DEBUG] iteration=1531, ncalls=38072, regioncalls=1702000, ndraw=40, logz=-11.54, remainder_fraction=0.1551%, Lmin=-0.20, Lmax=-0.07
12:26:25 [ultranest] [DEBUG] iteration=1532, ncalls=38118, regioncalls=1703840, ndraw=40, logz=-11.54, remainder_fraction=0.1540%, Lmin=-0.20, Lmax=-0.07
12:26:25 [ultranest] [DEBUG] iteration=1533, ncalls=38170, regioncalls=1705920, ndraw=40, logz=-11.54, remainder_fraction=0.1529%, Lmin=-0.20, Lmax=-0.07
12:26:25 [ultranest] [DEBUG] iteration=1534, ncalls=38207, regioncalls=1707400, ndraw=40, logz=-11.54, remainder_fraction=0.1519%, Lmin=-0.20, Lmax=-0.07
12:26:26 [ultranest] [DEBUG] iteration=1535, ncalls=38267, regioncalls=1709800, ndraw=40, logz=-11.54, remainder_fraction=0.1508%, Lmin=-0.20, Lmax=-0.07
12:26:26 [ultranest] [DEBUG] iteration=1536, ncalls=38340, regioncalls=1712720, ndraw=40, logz=-11.54, remainder_fraction=0.1498%, Lmin=-0.20, Lmax=-0.07
12:26:27 [ultranest] [DEBUG] iteration=1537, ncalls=38425, regioncalls=1716120, ndraw=40, logz=-11.54, remainder_fraction=0.1487%, Lmin=-0.20, Lmax=-0.07
12:26:27 [ultranest] [DEBUG] iteration=1538, ncalls=38464, regioncalls=1717680, ndraw=40, logz=-11.54, remainder_fraction=0.1477%, Lmin=-0.20, Lmax=-0.07
12:26:27 [ultranest] [DEBUG] iteration=1539, ncalls=38490, regioncalls=1718720, ndraw=40, logz=-11.54, remainder_fraction=0.1467%, Lmin=-0.20, Lmax=-0.07
12:26:28 [ultranest] [DEBUG] iteration=1540, ncalls=38549, regioncalls=1721080, ndraw=40, logz=-11.54, remainder_fraction=0.1458%, Lmin=-0.20, Lmax=-0.07
12:26:28 [ultranest] [DEBUG] iteration=1543, ncalls=38569, regioncalls=1721880, ndraw=40, logz=-11.54, remainder_fraction=0.1429%, Lmin=-0.19, Lmax=-0.07
12:26:29 [ultranest] [DEBUG] iteration=1544, ncalls=38657, regioncalls=1725400, ndraw=40, logz=-11.54, remainder_fraction=0.1419%, Lmin=-0.19, Lmax=-0.07
12:26:30 [ultranest] [DEBUG] iteration=1545, ncalls=38790, regioncalls=1730720, ndraw=40, logz=-11.54, remainder_fraction=0.1410%, Lmin=-0.19, Lmax=-0.07
12:26:30 [ultranest] [DEBUG] iteration=1546, ncalls=38811, regioncalls=1731560, ndraw=40, logz=-11.54, remainder_fraction=0.1400%, Lmin=-0.19, Lmax=-0.07
12:26:30 [ultranest] [DEBUG] iteration=1548, ncalls=38874, regioncalls=1734080, ndraw=40, logz=-11.54, remainder_fraction=0.1380%, Lmin=-0.19, Lmax=-0.07
12:26:30 [ultranest] [DEBUG] iteration=1550, ncalls=38900, regioncalls=1735120, ndraw=40, logz=-11.54, remainder_fraction=0.1362%, Lmin=-0.19, Lmax=-0.07
12:26:31 [ultranest] [DEBUG] iteration=1551, ncalls=38929, regioncalls=1736280, ndraw=40, logz=-11.54, remainder_fraction=0.1353%, Lmin=-0.19, Lmax=-0.07
12:26:31 [ultranest] [DEBUG] iteration=1553, ncalls=38971, regioncalls=1737960, ndraw=40, logz=-11.54, remainder_fraction=0.1334%, Lmin=-0.19, Lmax=-0.07
12:26:33 [ultranest] [DEBUG] iteration=1556, ncalls=39174, regioncalls=1746080, ndraw=40, logz=-11.54, remainder_fraction=0.1307%, Lmin=-0.19, Lmax=-0.07
12:26:33 [ultranest] [DEBUG] iteration=1557, ncalls=39194, regioncalls=1746880, ndraw=40, logz=-11.54, remainder_fraction=0.1298%, Lmin=-0.19, Lmax=-0.07
12:26:33 [ultranest] [DEBUG] iteration=1558, ncalls=39249, regioncalls=1749080, ndraw=40, logz=-11.54, remainder_fraction=0.1290%, Lmin=-0.19, Lmax=-0.07
12:26:34 [ultranest] [DEBUG] iteration=1560, ncalls=39305, regioncalls=1751320, ndraw=40, logz=-11.54, remainder_fraction=0.1272%, Lmin=-0.19, Lmax=-0.07
12:26:34 [ultranest] [DEBUG] iteration=1561, ncalls=39363, regioncalls=1753640, ndraw=40, logz=-11.54, remainder_fraction=0.1263%, Lmin=-0.19, Lmax=-0.07
12:26:34 [ultranest] [DEBUG] iteration=1562, ncalls=39377, regioncalls=1754200, ndraw=40, logz=-11.54, remainder_fraction=0.1255%, Lmin=-0.19, Lmax=-0.06
12:26:35 [ultranest] [DEBUG] iteration=1563, ncalls=39394, regioncalls=1754880, ndraw=40, logz=-11.54, remainder_fraction=0.1246%, Lmin=-0.19, Lmax=-0.06
12:26:35 [ultranest] [DEBUG] iteration=1564, ncalls=39439, regioncalls=1756680, ndraw=40, logz=-11.54, remainder_fraction=0.1238%, Lmin=-0.19, Lmax=-0.06
12:26:36 [ultranest] [DEBUG] iteration=1565, ncalls=39537, regioncalls=1760600, ndraw=40, logz=-11.54, remainder_fraction=0.1230%, Lmin=-0.19, Lmax=-0.06
12:26:36 [ultranest] [DEBUG] iteration=1566, ncalls=39582, regioncalls=1762400, ndraw=40, logz=-11.54, remainder_fraction=0.1222%, Lmin=-0.19, Lmax=-0.06
12:26:36 [ultranest] [DEBUG] iteration=1567, ncalls=39610, regioncalls=1763520, ndraw=40, logz=-11.54, remainder_fraction=0.1213%, Lmin=-0.19, Lmax=-0.06
12:26:37 [ultranest] [DEBUG] iteration=1568, ncalls=39668, regioncalls=1765840, ndraw=40, logz=-11.54, remainder_fraction=0.1205%, Lmin=-0.19, Lmax=-0.06
12:26:37 [ultranest] [DEBUG] iteration=1569, ncalls=39690, regioncalls=1766720, ndraw=40, logz=-11.54, remainder_fraction=0.1197%, Lmin=-0.19, Lmax=-0.06
12:26:37 [ultranest] [INFO] Explored until L=-0.06  
12:26:37 [ultranest] [INFO] Likelihood function evaluations: 39690
12:26:38 [ultranest] [INFO] Writing samples and results to disk ...
12:26:38 [ultranest] [INFO] Writing samples and results to disk ... done
12:26:38 [ultranest] [DEBUG] did a run_iter pass!
12:26:38 [ultranest] [INFO]   logZ = -11.58 +- 0.3487
12:26:38 [ultranest] [INFO] Effective samples strategy wants to improve: -9.67..-0.14 (ESS = 380.9, need >400)
12:26:38 [ultranest] [INFO] Posterior uncertainty strategy is satisfied (KL: 0.46+-0.32 nat, need <0.50 nat)
12:26:38 [ultranest] [DEBUG]   conservative estimate says at least 83 live points are needed to reach dlogz goal
12:26:38 [ultranest] [DEBUG]   number of live points vary between 1 and 799, most (364/921 iterations) have 1
12:26:38 [ultranest] [DEBUG]   at least 56 live points are needed to reach dlogz goal
12:26:38 [ultranest] [INFO] Evidency uncertainty strategy wants 56 minimum live points (dlogz from 0.30 to 0.78, need <0.5)
12:26:38 [ultranest] [INFO]   logZ error budget: single: 0.26 bs:0.35 tail:0.00 total:0.35 required:<0.50
12:26:38 [ultranest] [INFO] Widening from 35 to 280 live points before L=-1e+01...
12:26:38 [ultranest] [INFO] Will add 245 live points (x7) at L=-2e+02 ...
12:26:38 [ultranest] [INFO] Exploring (in particular: L=-235.30..-0.14) ...
12:26:38 [ultranest] [DEBUG] minimal_widths_sequence: [(-inf, 400.0), (-235.29684883486817, 400.0), (-3.7440649665609005, 400.0), (-0.18506870308461884, 400.0), (-0.14462149644394623, 400.0), (-0.11143650076404694, 400.0), (inf, 400.0)]
12:26:38 [ultranest] [DEBUG] Plateau detected at L=-4.100408e+02, not replacing live point.
12:26:38 [ultranest] [DEBUG] Plateau detected at L=-4.100408e+02, not replacing live point.
12:26:38 [ultranest] [DEBUG] Plateau detected at L=-4.100408e+02, not replacing live point.
12:26:38 [ultranest] [DEBUG] Plateau detected at L=-4.100408e+02, not replacing live point.
12:26:38 [ultranest] [DEBUG] Plateau detected at L=-4.100408e+02, not replacing live point.
12:26:38 [ultranest] [DEBUG] Plateau detected at L=-4.100408e+02, not replacing live point.
12:26:38 [ultranest] [DEBUG] Plateau detected at L=-4.100408e+02, not replacing live point.
12:26:38 [ultranest] [DEBUG] Plateau detected at L=-4.100408e+02, not replacing live point.
12:26:38 [ultranest] [DEBUG] Plateau detected at L=-4.100408e+02, not replacing live point.
12:26:38 [ultranest] [DEBUG] Plateau detected at L=-4.100408e+02, not replacing live point.
12:26:38 [ultranest] [DEBUG] Plateau detected at L=-4.100408e+02, not replacing live point.
12:26:38 [ultranest] [DEBUG] Plateau detected at L=-4.100408e+02, not replacing live point.
12:26:38 [ultranest] [DEBUG] Plateau detected at L=-4.100408e+02, not replacing live point.
12:26:38 [ultranest] [DEBUG] Plateau detected at L=-4.100408e+02, not replacing live point.
12:26:38 [ultranest] [DEBUG] Plateau detected at L=-4.100408e+02, not replacing live point.
12:26:38 [ultranest] [DEBUG] Plateau detected at L=-4.100408e+02, not replacing live point.
12:26:38 [ultranest] [DEBUG] Plateau detected at L=-4.100408e+02, not replacing live point.
12:26:38 [ultranest] [DEBUG] Plateau detected at L=-4.100408e+02, not replacing live point.
12:26:38 [ultranest] [DEBUG] Plateau detected at L=-4.100408e+02, not replacing live point.
12:26:38 [ultranest] [DEBUG] Plateau detected at L=-4.100408e+02, not replacing live point.
12:26:38 [ultranest] [DEBUG] Plateau detected at L=-4.100408e+02, not replacing live point.
12:26:38 [ultranest] [DEBUG] Plateau detected at L=-4.100408e+02, not replacing live point.
12:26:38 [ultranest] [DEBUG] Plateau detected at L=-4.100408e+02, not replacing live point.
12:26:38 [ultranest] [DEBUG] Plateau detected at L=-4.100408e+02, not replacing live point.
12:26:38 [ultranest] [DEBUG] Plateau detected at L=-4.100408e+02, not replacing live point.
12:26:38 [ultranest] [DEBUG] Plateau detected at L=-4.100408e+02, not replacing live point.
12:26:38 [ultranest] [DEBUG] Plateau detected at L=-4.100408e+02, not replacing live point.
12:26:38 [ultranest] [DEBUG] Plateau detected at L=-4.100408e+02, not replacing live point.
12:26:38 [ultranest] [DEBUG] Plateau detected at L=-4.100408e+02, not replacing live point.
12:26:38 [ultranest] [DEBUG] Plateau detected at L=-4.100408e+02, not replacing live point.
12:26:38 [ultranest] [DEBUG] Plateau detected at L=-4.100408e+02, not replacing live point.
12:26:38 [ultranest] [DEBUG] Plateau detected at L=-4.100408e+02, not replacing live point.
12:26:38 [ultranest] [DEBUG] Plateau detected at L=-4.100408e+02, not replacing live point.
12:26:38 [ultranest] [DEBUG] Plateau detected at L=-4.100408e+02, not replacing live point.
12:26:38 [ultranest] [DEBUG] Plateau detected at L=-4.100408e+02, not replacing live point.
12:26:38 [ultranest] [DEBUG] Plateau detected at L=-4.100408e+02, not replacing live point.
12:26:38 [ultranest] [DEBUG] Plateau detected at L=-4.100408e+02, not replacing live point.
12:26:38 [ultranest] [DEBUG] Plateau detected at L=-4.100408e+02, not replacing live point.
12:26:38 [ultranest] [DEBUG] Plateau detected at L=-4.100408e+02, not replacing live point.
12:26:38 [ultranest] [DEBUG] Plateau detected at L=-4.100408e+02, not replacing live point.
12:26:38 [ultranest] [DEBUG] Plateau detected at L=-4.100408e+02, not replacing live point.
12:26:38 [ultranest] [DEBUG] Plateau detected at L=-4.100408e+02, not replacing live point.
12:26:38 [ultranest] [DEBUG] Plateau detected at L=-4.100408e+02, not replacing live point.
12:26:38 [ultranest] [DEBUG] Plateau detected at L=-4.100408e+02, not replacing live point.
12:26:38 [ultranest] [DEBUG] Plateau detected at L=-4.100408e+02, not replacing live point.
12:26:38 [ultranest] [DEBUG] Plateau detected at L=-4.100408e+02, not replacing live point.
12:26:38 [ultranest] [DEBUG] Plateau detected at L=-4.100408e+02, not replacing live point.
12:26:38 [ultranest] [DEBUG] Plateau detected at L=-4.100408e+02, not replacing live point.
12:26:38 [ultranest] [DEBUG] Plateau detected at L=-4.100408e+02, not replacing live point.
12:26:38 [ultranest] [DEBUG] Plateau detected at L=-4.100408e+02, not replacing live point.
12:26:38 [ultranest] [DEBUG] Plateau detected at L=-4.100408e+02, not replacing live point.
12:26:38 [ultranest] [DEBUG] Plateau detected at L=-4.100408e+02, not replacing live point.
12:26:38 [ultranest] [DEBUG] Plateau detected at L=-4.100408e+02, not replacing live point.
12:26:38 [ultranest] [DEBUG] Plateau detected at L=-4.100408e+02, not replacing live point.
12:26:38 [ultranest] [DEBUG] Plateau detected at L=-4.100408e+02, not replacing live point.
12:26:38 [ultranest] [DEBUG] Plateau detected at L=-4.100408e+02, not replacing live point.
12:26:38 [ultranest] [DEBUG] Plateau detected at L=-4.100408e+02, not replacing live point.
12:26:38 [ultranest] [DEBUG] Plateau detected at L=-4.100408e+02, not replacing live point.
12:26:38 [ultranest] [DEBUG] Plateau detected at L=-4.100408e+02, not replacing live point.
12:26:38 [ultranest] [DEBUG] Plateau detected at L=-4.100408e+02, not replacing live point.
12:26:38 [ultranest] [DEBUG] Plateau detected at L=-4.100408e+02, not replacing live point.
12:26:38 [ultranest] [DEBUG] Plateau detected at L=-4.100408e+02, not replacing live point.
12:26:38 [ultranest] [DEBUG] Plateau detected at L=-4.100408e+02, not replacing live point.
12:26:38 [ultranest] [DEBUG] Plateau detected at L=-4.100408e+02, not replacing live point.
12:26:38 [ultranest] [DEBUG] Plateau detected at L=-4.100408e+02, not replacing live point.
12:26:38 [ultranest] [DEBUG] Plateau detected at L=-4.100408e+02, not replacing live point.
12:26:38 [ultranest] [DEBUG] Plateau detected at L=-4.100408e+02, not replacing live point.
12:26:38 [ultranest] [DEBUG] Plateau detected at L=-4.100408e+02, not replacing live point.
12:26:38 [ultranest] [DEBUG] Plateau detected at L=-4.100408e+02, not replacing live point.
12:26:38 [ultranest] [DEBUG] Plateau detected at L=-4.100408e+02, not replacing live point.
12:26:38 [ultranest] [DEBUG] Plateau detected at L=-4.100408e+02, not replacing live point.
12:26:38 [ultranest] [DEBUG] Plateau detected at L=-4.100408e+02, not replacing live point.
12:26:38 [ultranest] [DEBUG] Plateau detected at L=-4.100408e+02, not replacing live point.
12:26:38 [ultranest] [DEBUG] Plateau detected at L=-4.100408e+02, not replacing live point.
12:26:38 [ultranest] [DEBUG] Plateau detected at L=-4.100408e+02, not replacing live point.
12:26:38 [ultranest] [DEBUG] Plateau detected at L=-4.100408e+02, not replacing live point.
12:26:38 [ultranest] [DEBUG] Plateau detected at L=-4.100408e+02, not replacing live point.
12:26:38 [ultranest] [DEBUG] Plateau detected at L=-4.100408e+02, not replacing live point.
12:26:38 [ultranest] [DEBUG] Plateau detected at L=-4.100408e+02, not replacing live point.
12:26:38 [ultranest] [DEBUG] Plateau detected at L=-4.100408e+02, not replacing live point.
12:26:38 [ultranest] [DEBUG] Plateau detected at L=-4.100408e+02, not replacing live point.
12:26:38 [ultranest] [DEBUG] Plateau detected at L=-4.100408e+02, not replacing live point.
12:26:38 [ultranest] [DEBUG] Plateau detected at L=-4.100408e+02, not replacing live point.
12:26:38 [ultranest] [DEBUG] Plateau detected at L=-4.100408e+02, not replacing live point.
12:26:38 [ultranest] [DEBUG] Plateau detected at L=-4.100408e+02, not replacing live point.
12:26:38 [ultranest] [DEBUG] Plateau detected at L=-4.100408e+02, not replacing live point.
12:26:38 [ultranest] [DEBUG] Plateau detected at L=-4.100408e+02, not replacing live point.
12:26:38 [ultranest] [DEBUG] Plateau detected at L=-4.100408e+02, not replacing live point.
12:26:38 [ultranest] [DEBUG] Plateau detected at L=-4.100408e+02, not replacing live point.
12:26:38 [ultranest] [DEBUG] Plateau detected at L=-4.100408e+02, not replacing live point.
12:26:38 [ultranest] [DEBUG] Plateau detected at L=-4.100408e+02, not replacing live point.
12:26:38 [ultranest] [DEBUG] Plateau detected at L=-4.100408e+02, not replacing live point.
12:26:38 [ultranest] [DEBUG] Plateau detected at L=-4.100408e+02, not replacing live point.
12:26:38 [ultranest] [DEBUG] Plateau detected at L=-4.100408e+02, not replacing live point.
12:26:38 [ultranest] [DEBUG] Plateau detected at L=-4.100408e+02, not replacing live point.
12:26:38 [ultranest] [DEBUG] Plateau detected at L=-4.100408e+02, not replacing live point.
12:26:38 [ultranest] [DEBUG] Plateau detected at L=-4.100408e+02, not replacing live point.
12:26:38 [ultranest] [DEBUG] Plateau detected at L=-4.100408e+02, not replacing live point.
12:26:38 [ultranest] [DEBUG] Plateau detected at L=-4.100408e+02, not replacing live point.
12:26:38 [ultranest] [DEBUG] Plateau detected at L=-4.100408e+02, not replacing live point.
12:26:38 [ultranest] [DEBUG] Plateau detected at L=-4.100408e+02, not replacing live point.
12:26:38 [ultranest] [DEBUG] Plateau detected at L=-4.100408e+02, not replacing live point.
12:26:38 [ultranest] [DEBUG] Plateau detected at L=-4.100408e+02, not replacing live point.
12:26:38 [ultranest] [DEBUG] Plateau detected at L=-4.100408e+02, not replacing live point.
12:26:38 [ultranest] [DEBUG] Plateau detected at L=-4.100408e+02, not replacing live point.
12:26:38 [ultranest] [DEBUG] Plateau detected at L=-4.100408e+02, not replacing live point.
12:26:38 [ultranest] [DEBUG] Plateau detected at L=-4.100408e+02, not replacing live point.
12:26:38 [ultranest] [DEBUG] Plateau detected at L=-4.100408e+02, not replacing live point.
12:26:38 [ultranest] [DEBUG] Plateau detected at L=-4.100408e+02, not replacing live point.
12:26:38 [ultranest] [DEBUG] Plateau detected at L=-4.100408e+02, not replacing live point.
12:26:38 [ultranest] [DEBUG] Plateau detected at L=-4.100408e+02, not replacing live point.
12:26:38 [ultranest] [DEBUG] Plateau detected at L=-4.100408e+02, not replacing live point.
12:26:38 [ultranest] [DEBUG] Plateau detected at L=-4.100408e+02, not replacing live point.
12:26:38 [ultranest] [DEBUG] Plateau detected at L=-4.100408e+02, not replacing live point.
12:26:38 [ultranest] [DEBUG] Plateau detected at L=-4.100408e+02, not replacing live point.
12:26:38 [ultranest] [DEBUG] Plateau detected at L=-4.100408e+02, not replacing live point.
12:26:38 [ultranest] [DEBUG] Plateau detected at L=-4.100408e+02, not replacing live point.
12:26:38 [ultranest] [DEBUG] Plateau detected at L=-4.100408e+02, not replacing live point.
12:26:38 [ultranest] [DEBUG] Plateau detected at L=-4.100408e+02, not replacing live point.
12:26:38 [ultranest] [DEBUG] Plateau detected at L=-4.100408e+02, not replacing live point.
12:26:38 [ultranest] [DEBUG] Plateau detected at L=-4.100408e+02, not replacing live point.
12:26:38 [ultranest] [DEBUG] Plateau detected at L=-4.100408e+02, not replacing live point.
12:26:38 [ultranest] [DEBUG] Plateau detected at L=-4.100408e+02, not replacing live point.
12:26:38 [ultranest] [DEBUG] Plateau detected at L=-4.100408e+02, not replacing live point.
12:26:38 [ultranest] [DEBUG] Plateau detected at L=-4.100408e+02, not replacing live point.
12:26:38 [ultranest] [DEBUG] Plateau detected at L=-4.100408e+02, not replacing live point.
12:26:38 [ultranest] [DEBUG] Plateau detected at L=-4.100408e+02, not replacing live point.
12:26:38 [ultranest] [DEBUG] Plateau detected at L=-4.100408e+02, not replacing live point.
12:26:38 [ultranest] [DEBUG] Plateau detected at L=-4.100408e+02, not replacing live point.
12:26:38 [ultranest] [DEBUG] Plateau detected at L=-4.100408e+02, not replacing live point.
12:26:38 [ultranest] [DEBUG] Plateau detected at L=-4.100408e+02, not replacing live point.
12:26:38 [ultranest] [DEBUG] Plateau detected at L=-4.100408e+02, not replacing live point.
12:26:38 [ultranest] [DEBUG] Plateau detected at L=-4.100408e+02, not replacing live point.
12:26:38 [ultranest] [DEBUG] Plateau detected at L=-4.100408e+02, not replacing live point.
12:26:38 [ultranest] [DEBUG] Plateau detected at L=-4.100408e+02, not replacing live point.
12:26:38 [ultranest] [DEBUG] Plateau detected at L=-4.100408e+02, not replacing live point.
12:26:38 [ultranest] [DEBUG] Plateau detected at L=-4.100408e+02, not replacing live point.
12:26:38 [ultranest] [DEBUG] Plateau detected at L=-4.100408e+02, not replacing live point.
12:26:38 [ultranest] [DEBUG] Plateau detected at L=-4.100408e+02, not replacing live point.
12:26:38 [ultranest] [DEBUG] Plateau detected at L=-4.100408e+02, not replacing live point.
12:26:38 [ultranest] [DEBUG] Plateau detected at L=-4.100408e+02, not replacing live point.
12:26:38 [ultranest] [DEBUG] Plateau detected at L=-4.100408e+02, not replacing live point.
12:26:38 [ultranest] [DEBUG] Plateau detected at L=-4.100408e+02, not replacing live point.
12:26:38 [ultranest] [DEBUG] Plateau detected at L=-4.100408e+02, not replacing live point.
12:26:38 [ultranest] [DEBUG] Plateau detected at L=-4.100408e+02, not replacing live point.
12:26:38 [ultranest] [DEBUG] Plateau detected at L=-4.100408e+02, not replacing live point.
12:26:38 [ultranest] [DEBUG] Plateau detected at L=-4.100408e+02, not replacing live point.
12:26:38 [ultranest] [DEBUG] Plateau detected at L=-4.100408e+02, not replacing live point.
12:26:38 [ultranest] [DEBUG] Plateau detected at L=-4.100408e+02, not replacing live point.
12:26:38 [ultranest] [DEBUG] Plateau detected at L=-4.100408e+02, not replacing live point.
12:26:38 [ultranest] [DEBUG] Plateau detected at L=-4.100408e+02, not replacing live point.
12:26:38 [ultranest] [DEBUG] Plateau detected at L=-4.100408e+02, not replacing live point.
12:26:38 [ultranest] [DEBUG] Plateau detected at L=-4.100408e+02, not replacing live point.
12:26:38 [ultranest] [DEBUG] Plateau detected at L=-4.100408e+02, not replacing live point.
12:26:38 [ultranest] [DEBUG] Plateau detected at L=-4.100408e+02, not replacing live point.
12:26:38 [ultranest] [DEBUG] Plateau detected at L=-4.100408e+02, not replacing live point.
12:26:38 [ultranest] [DEBUG] Plateau detected at L=-4.100408e+02, not replacing live point.
12:26:38 [ultranest] [DEBUG] Plateau detected at L=-4.100408e+02, not replacing live point.
12:26:38 [ultranest] [DEBUG] Plateau detected at L=-4.100408e+02, not replacing live point.
12:26:38 [ultranest] [DEBUG] Plateau detected at L=-4.100408e+02, not replacing live point.
12:26:38 [ultranest] [DEBUG] Plateau detected at L=-4.100408e+02, not replacing live point.
12:26:38 [ultranest] [DEBUG] Plateau detected at L=-4.100408e+02, not replacing live point.
12:26:38 [ultranest] [DEBUG] Plateau detected at L=-4.100408e+02, not replacing live point.
12:26:38 [ultranest] [DEBUG] Plateau detected at L=-4.100408e+02, not replacing live point.
12:26:38 [ultranest] [DEBUG] Plateau detected at L=-4.100408e+02, not replacing live point.
12:26:38 [ultranest] [DEBUG] Plateau detected at L=-4.100408e+02, not replacing live point.
12:26:38 [ultranest] [DEBUG] Plateau detected at L=-4.100408e+02, not replacing live point.
12:26:38 [ultranest] [DEBUG] Plateau detected at L=-4.100408e+02, not replacing live point.
12:26:38 [ultranest] [DEBUG] Plateau detected at L=-4.100408e+02, not replacing live point.
12:26:38 [ultranest] [DEBUG] Plateau detected at L=-4.100408e+02, not replacing live point.
12:26:38 [ultranest] [DEBUG] Plateau detected at L=-4.100408e+02, not replacing live point.
12:26:38 [ultranest] [DEBUG] Plateau detected at L=-4.100408e+02, not replacing live point.
12:26:38 [ultranest] [DEBUG] Plateau detected at L=-4.100408e+02, not replacing live point.
12:26:38 [ultranest] [DEBUG] Plateau detected at L=-4.100408e+02, not replacing live point.
12:26:38 [ultranest] [DEBUG] Plateau detected at L=-4.100408e+02, not replacing live point.
12:26:38 [ultranest] [DEBUG] Plateau detected at L=-4.100408e+02, not replacing live point.
12:26:38 [ultranest] [DEBUG] Plateau detected at L=-4.100408e+02, not replacing live point.
12:26:38 [ultranest] [DEBUG] Plateau detected at L=-4.100408e+02, not replacing live point.
12:26:38 [ultranest] [DEBUG] Plateau detected at L=-4.100408e+02, not replacing live point.
12:26:38 [ultranest] [DEBUG] Plateau detected at L=-4.100408e+02, not replacing live point.
12:26:38 [ultranest] [DEBUG] Plateau detected at L=-4.100408e+02, not replacing live point.
12:26:38 [ultranest] [DEBUG] Plateau detected at L=-4.100408e+02, not replacing live point.
12:26:38 [ultranest] [DEBUG] Plateau detected at L=-4.100408e+02, not replacing live point.
12:26:38 [ultranest] [DEBUG] Plateau detected at L=-4.100408e+02, not replacing live point.
12:26:38 [ultranest] [DEBUG] Plateau detected at L=-4.100408e+02, not replacing live point.
12:26:38 [ultranest] [DEBUG] Plateau detected at L=-4.100408e+02, not replacing live point.
12:26:38 [ultranest] [DEBUG] Plateau detected at L=-4.100408e+02, not replacing live point.
12:26:38 [ultranest] [DEBUG] Plateau detected at L=-4.100408e+02, not replacing live point.
12:26:38 [ultranest] [DEBUG] Plateau detected at L=-4.100408e+02, not replacing live point.
12:26:38 [ultranest] [DEBUG] Plateau detected at L=-4.100408e+02, not replacing live point.
12:26:38 [ultranest] [DEBUG] Plateau detected at L=-4.100408e+02, not replacing live point.
12:26:38 [ultranest] [DEBUG] Plateau detected at L=-4.100408e+02, not replacing live point.
12:26:38 [ultranest] [DEBUG] Plateau detected at L=-4.100408e+02, not replacing live point.
12:26:38 [ultranest] [DEBUG] Plateau detected at L=-4.100408e+02, not replacing live point.
12:26:38 [ultranest] [DEBUG] Plateau detected at L=-4.100408e+02, not replacing live point.
12:26:38 [ultranest] [DEBUG] Plateau detected at L=-4.100408e+02, not replacing live point.
12:26:38 [ultranest] [DEBUG] Plateau detected at L=-4.100408e+02, not replacing live point.
12:26:38 [ultranest] [DEBUG] Plateau detected at L=-4.100408e+02, not replacing live point.
12:26:38 [ultranest] [DEBUG] Plateau detected at L=-4.100408e+02, not replacing live point.
12:26:38 [ultranest] [DEBUG] Plateau detected at L=-4.100408e+02, not replacing live point.
12:26:38 [ultranest] [DEBUG] Plateau detected at L=-4.100408e+02, not replacing live point.
12:26:38 [ultranest] [DEBUG] Plateau detected at L=-4.100408e+02, not replacing live point.
12:26:38 [ultranest] [DEBUG] Plateau detected at L=-4.100408e+02, not replacing live point.
12:26:38 [ultranest] [DEBUG] Plateau detected at L=-4.100408e+02, not replacing live point.
12:26:38 [ultranest] [DEBUG] Plateau detected at L=-4.100408e+02, not replacing live point.
12:26:38 [ultranest] [DEBUG] Plateau detected at L=-4.100408e+02, not replacing live point.
12:26:38 [ultranest] [DEBUG] Plateau detected at L=-4.100408e+02, not replacing live point.
12:26:38 [ultranest] [DEBUG] Plateau detected at L=-4.100408e+02, not replacing live point.
12:26:38 [ultranest] [DEBUG] Plateau detected at L=-4.100408e+02, not replacing live point.
12:26:38 [ultranest] [DEBUG] Plateau detected at L=-4.100408e+02, not replacing live point.
12:26:38 [ultranest] [DEBUG] Plateau detected at L=-4.100408e+02, not replacing live point.
12:26:38 [ultranest] [DEBUG] Plateau detected at L=-4.100408e+02, not replacing live point.
12:26:38 [ultranest] [DEBUG] Plateau detected at L=-4.100408e+02, not replacing live point.
12:26:38 [ultranest] [DEBUG] Plateau detected at L=-4.100408e+02, not replacing live point.
12:26:38 [ultranest] [DEBUG] Plateau detected at L=-4.100408e+02, not replacing live point.
12:26:38 [ultranest] [DEBUG] Plateau detected at L=-4.100408e+02, not replacing live point.
12:26:38 [ultranest] [DEBUG] Plateau detected at L=-4.100408e+02, not replacing live point.
12:26:38 [ultranest] [DEBUG] Plateau detected at L=-4.100408e+02, not replacing live point.
12:26:38 [ultranest] [DEBUG] Plateau detected at L=-4.100408e+02, not replacing live point.
12:26:38 [ultranest] [DEBUG] Plateau detected at L=-4.100408e+02, not replacing live point.
12:26:38 [ultranest] [DEBUG] Plateau detected at L=-4.100408e+02, not replacing live point.
12:26:38 [ultranest] [DEBUG] Plateau detected at L=-4.100408e+02, not replacing live point.
12:26:38 [ultranest] [DEBUG] Plateau detected at L=-4.100408e+02, not replacing live point.
12:26:38 [ultranest] [DEBUG] Plateau detected at L=-4.100408e+02, not replacing live point.
12:26:38 [ultranest] [DEBUG] Plateau detected at L=-4.100408e+02, not replacing live point.
12:26:38 [ultranest] [DEBUG] Plateau detected at L=-4.100408e+02, not replacing live point.
12:26:38 [ultranest] [DEBUG] Plateau detected at L=-4.100408e+02, not replacing live point.
12:26:38 [ultranest] [DEBUG] Plateau detected at L=-4.100408e+02, not replacing live point.
12:26:38 [ultranest] [DEBUG] Plateau detected at L=-4.100408e+02, not replacing live point.
12:26:38 [ultranest] [DEBUG] Plateau detected at L=-4.100408e+02, not replacing live point.
12:26:38 [ultranest] [DEBUG] Plateau detected at L=-4.100408e+02, not replacing live point.
12:26:38 [ultranest] [DEBUG] Plateau detected at L=-4.100408e+02, not replacing live point.
12:26:38 [ultranest] [DEBUG] Plateau detected at L=-4.100408e+02, not replacing live point.
12:26:38 [ultranest] [DEBUG] Plateau detected at L=-4.100408e+02, not replacing live point.
12:26:38 [ultranest] [DEBUG] Plateau detected at L=-4.100408e+02, not replacing live point.
12:26:38 [ultranest] [DEBUG] Plateau detected at L=-4.100408e+02, not replacing live point.
12:26:38 [ultranest] [DEBUG] Plateau detected at L=-4.100408e+02, not replacing live point.
12:26:38 [ultranest] [DEBUG] Plateau detected at L=-4.100408e+02, not replacing live point.
12:26:38 [ultranest] [DEBUG] Plateau detected at L=-4.100408e+02, not replacing live point.
12:26:38 [ultranest] [DEBUG] Plateau detected at L=-4.100408e+02, not replacing live point.
12:26:38 [ultranest] [DEBUG] Plateau detected at L=-4.100408e+02, not replacing live point.
12:26:38 [ultranest] [DEBUG] Plateau detected at L=-4.100408e+02, not replacing live point.
12:26:38 [ultranest] [DEBUG] Plateau detected at L=-4.100408e+02, not replacing live point.
12:26:38 [ultranest] [DEBUG] Plateau detected at L=-4.100408e+02, not replacing live point.
12:26:38 [ultranest] [DEBUG] Plateau detected at L=-4.100408e+02, not replacing live point.
12:26:38 [ultranest] [DEBUG] Plateau detected at L=-4.100408e+02, not replacing live point.
12:26:38 [ultranest] [DEBUG] Plateau detected at L=-4.100408e+02, not replacing live point.
12:26:38 [ultranest] [DEBUG] Plateau detected at L=-4.100408e+02, not replacing live point.
12:26:38 [ultranest] [DEBUG] Plateau detected at L=-4.100408e+02, not replacing live point.
12:26:38 [ultranest] [DEBUG] Plateau detected at L=-4.100408e+02, not replacing live point.
12:26:38 [ultranest] [DEBUG] Plateau detected at L=-4.100408e+02, not replacing live point.
12:26:38 [ultranest] [DEBUG] Plateau detected at L=-4.100408e+02, not replacing live point.
12:26:38 [ultranest] [DEBUG] Plateau detected at L=-4.100408e+02, not replacing live point.
12:26:38 [ultranest] [DEBUG] Plateau detected at L=-4.100408e+02, not replacing live point.
12:26:38 [ultranest] [DEBUG] Plateau detected at L=-4.100408e+02, not replacing live point.
12:26:38 [ultranest] [DEBUG] Plateau detected at L=-4.100408e+02, not replacing live point.
12:26:38 [ultranest] [DEBUG] Plateau detected at L=-4.100408e+02, not replacing live point.
12:26:38 [ultranest] [DEBUG] Plateau detected at L=-4.100408e+02, not replacing live point.
12:26:38 [ultranest] [DEBUG] Plateau detected at L=-4.100408e+02, not replacing live point.
12:26:38 [ultranest] [DEBUG] Plateau detected at L=-4.100408e+02, not replacing live point.
12:26:38 [ultranest] [DEBUG] Plateau detected at L=-4.100408e+02, not replacing live point.
12:26:38 [ultranest] [DEBUG] Plateau detected at L=-4.100408e+02, not replacing live point.
12:26:38 [ultranest] [DEBUG] Plateau detected at L=-4.100408e+02, not replacing live point.
12:26:38 [ultranest] [DEBUG] Plateau detected at L=-4.100408e+02, not replacing live point.
12:26:38 [ultranest] [DEBUG] Plateau detected at L=-4.100408e+02, not replacing live point.
12:26:38 [ultranest] [DEBUG] Plateau detected at L=-4.100408e+02, not replacing live point.
12:26:38 [ultranest] [DEBUG] Plateau detected at L=-4.100408e+02, not replacing live point.
12:26:38 [ultranest] [DEBUG] Plateau detected at L=-4.100408e+02, not replacing live point.
12:26:38 [ultranest] [DEBUG] Plateau detected at L=-4.100408e+02, not replacing live point.
12:26:38 [ultranest] [DEBUG] Plateau detected at L=-4.100408e+02, not replacing live point.
12:26:38 [ultranest] [DEBUG] Plateau detected at L=-4.100408e+02, not replacing live point.
12:26:38 [ultranest] [DEBUG] Plateau detected at L=-4.100408e+02, not replacing live point.
12:26:38 [ultranest] [DEBUG] Plateau detected at L=-4.100408e+02, not replacing live point.
12:26:38 [ultranest] [DEBUG] Plateau detected at L=-4.100408e+02, not replacing live point.
12:26:38 [ultranest] [DEBUG] Plateau detected at L=-4.100408e+02, not replacing live point.
12:26:38 [ultranest] [DEBUG] Plateau detected at L=-4.100408e+02, not replacing live point.
12:26:38 [ultranest] [DEBUG] Plateau detected at L=-4.100408e+02, not replacing live point.
12:26:38 [ultranest] [DEBUG] Plateau detected at L=-4.100408e+02, not replacing live point.
12:26:38 [ultranest] [DEBUG] Plateau detected at L=-4.100408e+02, not replacing live point.
12:26:38 [ultranest] [DEBUG] Plateau detected at L=-4.100408e+02, not replacing live point.
12:26:38 [ultranest] [DEBUG] Plateau detected at L=-4.100408e+02, not replacing live point.
12:26:38 [ultranest] [DEBUG] Plateau detected at L=-4.100408e+02, not replacing live point.
12:26:38 [ultranest] [DEBUG] Plateau detected at L=-4.100408e+02, not replacing live point.
12:26:38 [ultranest] [DEBUG] Plateau detected at L=-4.100408e+02, not replacing live point.
12:26:38 [ultranest] [DEBUG] Plateau detected at L=-4.100408e+02, not replacing live point.
12:26:38 [ultranest] [DEBUG] Plateau detected at L=-4.100408e+02, not replacing live point.
12:26:38 [ultranest] [DEBUG] Plateau detected at L=-4.100408e+02, not replacing live point.
12:26:38 [ultranest] [DEBUG] Plateau detected at L=-4.100408e+02, not replacing live point.
12:26:38 [ultranest] [DEBUG] Plateau detected at L=-4.100408e+02, not replacing live point.
12:26:38 [ultranest] [DEBUG] Plateau detected at L=-4.100408e+02, not replacing live point.
12:26:38 [ultranest] [DEBUG] Plateau detected at L=-4.100408e+02, not replacing live point.
12:26:38 [ultranest] [DEBUG] Plateau detected at L=-4.100408e+02, not replacing live point.
12:26:38 [ultranest] [DEBUG] Plateau detected at L=-4.100408e+02, not replacing live point.
12:26:38 [ultranest] [DEBUG] Plateau detected at L=-4.100408e+02, not replacing live point.
12:26:38 [ultranest] [DEBUG] Plateau detected at L=-4.100408e+02, not replacing live point.
12:26:38 [ultranest] [DEBUG] Plateau detected at L=-4.100408e+02, not replacing live point.
12:26:38 [ultranest] [DEBUG] Plateau detected at L=-4.100408e+02, not replacing live point.
12:26:38 [ultranest] [DEBUG] Plateau detected at L=-4.100408e+02, not replacing live point.
12:26:38 [ultranest] [DEBUG] Plateau detected at L=-4.100408e+02, not replacing live point.
12:26:38 [ultranest] [DEBUG] Plateau detected at L=-4.100408e+02, not replacing live point.
12:26:38 [ultranest] [DEBUG] Plateau detected at L=-4.100408e+02, not replacing live point.
12:26:38 [ultranest] [DEBUG] Plateau detected at L=-4.100408e+02, not replacing live point.
12:26:38 [ultranest] [DEBUG] Plateau detected at L=-4.100408e+02, not replacing live point.
12:26:38 [ultranest] [DEBUG] Plateau detected at L=-4.100408e+02, not replacing live point.
12:26:38 [ultranest] [DEBUG] Plateau detected at L=-4.100408e+02, not replacing live point.
12:26:38 [ultranest] [DEBUG] Plateau detected at L=-4.100408e+02, not replacing live point.
12:26:38 [ultranest] [DEBUG] Plateau detected at L=-4.100408e+02, not replacing live point.
12:26:38 [ultranest] [DEBUG] Plateau detected at L=-4.100408e+02, not replacing live point.
12:26:38 [ultranest] [DEBUG] Plateau detected at L=-4.100408e+02, not replacing live point.
12:26:38 [ultranest] [DEBUG] Plateau detected at L=-4.100408e+02, not replacing live point.
12:26:38 [ultranest] [DEBUG] Plateau detected at L=-4.100408e+02, not replacing live point.
12:26:38 [ultranest] [DEBUG] Plateau detected at L=-4.100408e+02, not replacing live point.
12:26:38 [ultranest] [DEBUG] Plateau detected at L=-4.100408e+02, not replacing live point.
12:26:38 [ultranest] [DEBUG] Plateau detected at L=-4.100408e+02, not replacing live point.
12:26:38 [ultranest] [DEBUG] Plateau detected at L=-4.100408e+02, not replacing live point.
12:26:38 [ultranest] [DEBUG] Plateau detected at L=-4.100408e+02, not replacing live point.
12:26:38 [ultranest] [DEBUG] Plateau detected at L=-4.100408e+02, not replacing live point.
12:26:38 [ultranest] [DEBUG] Plateau detected at L=-4.100408e+02, not replacing live point.
12:26:38 [ultranest] [DEBUG] Plateau detected at L=-4.100408e+02, not replacing live point.
12:26:38 [ultranest] [DEBUG] Plateau detected at L=-4.100408e+02, not replacing live point.
12:26:38 [ultranest] [DEBUG] Plateau detected at L=-4.100408e+02, not replacing live point.
12:26:38 [ultranest] [DEBUG] Plateau detected at L=-4.100408e+02, not replacing live point.
12:26:38 [ultranest] [DEBUG] Plateau detected at L=-4.100408e+02, not replacing live point.
12:26:38 [ultranest] [DEBUG] Plateau detected at L=-4.100408e+02, not replacing live point.
12:26:38 [ultranest] [DEBUG] Plateau detected at L=-4.100408e+02, not replacing live point.
12:26:38 [ultranest] [DEBUG] Plateau detected at L=-4.100408e+02, not replacing live point.
12:26:38 [ultranest] [DEBUG] Plateau detected at L=-4.100408e+02, not replacing live point.
12:26:38 [ultranest] [DEBUG] Plateau detected at L=-4.100408e+02, not replacing live point.
12:26:38 [ultranest] [DEBUG] Plateau detected at L=-4.100408e+02, not replacing live point.
12:26:38 [ultranest] [DEBUG] Plateau detected at L=-4.100408e+02, not replacing live point.
12:26:38 [ultranest] [DEBUG] Plateau detected at L=-4.100408e+02, not replacing live point.
12:26:38 [ultranest] [DEBUG] Plateau detected at L=-4.100408e+02, not replacing live point.
12:26:38 [ultranest] [DEBUG] Plateau detected at L=-4.100408e+02, not replacing live point.
12:26:38 [ultranest] [DEBUG] Plateau detected at L=-4.100408e+02, not replacing live point.
12:26:38 [ultranest] [DEBUG] Plateau detected at L=-4.100408e+02, not replacing live point.
12:26:38 [ultranest] [DEBUG] Plateau detected at L=-4.100408e+02, not replacing live point.
12:26:38 [ultranest] [DEBUG] Plateau detected at L=-4.100408e+02, not replacing live point.
12:26:38 [ultranest] [DEBUG] Plateau detected at L=-4.100408e+02, not replacing live point.
12:26:38 [ultranest] [DEBUG] Plateau detected at L=-4.100408e+02, not replacing live point.
12:26:38 [ultranest] [DEBUG] Plateau detected at L=-4.100408e+02, not replacing live point.
12:26:38 [ultranest] [DEBUG] Plateau detected at L=-4.100408e+02, not replacing live point.
12:26:38 [ultranest] [DEBUG] Plateau detected at L=-4.100408e+02, not replacing live point.
12:26:38 [ultranest] [DEBUG] Plateau detected at L=-4.100408e+02, not replacing live point.
12:26:38 [ultranest] [DEBUG] Plateau detected at L=-4.100408e+02, not replacing live point.
12:26:38 [ultranest] [DEBUG] Plateau detected at L=-4.100408e+02, not replacing live point.
12:26:38 [ultranest] [DEBUG] Plateau detected at L=-4.100408e+02, not replacing live point.
12:26:38 [ultranest] [DEBUG] Plateau detected at L=-4.100408e+02, not replacing live point.
12:26:38 [ultranest] [DEBUG] Plateau detected at L=-4.100408e+02, not replacing live point.
12:26:38 [ultranest] [DEBUG] Plateau detected at L=-4.100408e+02, not replacing live point.
12:26:38 [ultranest] [DEBUG] Plateau detected at L=-4.100408e+02, not replacing live point.
12:26:38 [ultranest] [DEBUG] Plateau detected at L=-4.100408e+02, not replacing live point.
12:26:38 [ultranest] [DEBUG] Plateau detected at L=-4.100408e+02, not replacing live point.
12:26:38 [ultranest] [DEBUG] Plateau detected at L=-4.100408e+02, not replacing live point.
12:26:38 [ultranest] [DEBUG] Plateau detected at L=-4.100408e+02, not replacing live point.
12:26:38 [ultranest] [DEBUG] Plateau detected at L=-4.100408e+02, not replacing live point.
12:26:38 [ultranest] [DEBUG] Plateau detected at L=-4.100408e+02, not replacing live point.
12:26:38 [ultranest] [DEBUG] Plateau detected at L=-4.100408e+02, not replacing live point.
12:26:38 [ultranest] [DEBUG] Plateau detected at L=-4.100408e+02, not replacing live point.
12:26:38 [ultranest] [DEBUG] Plateau detected at L=-4.100408e+02, not replacing live point.
12:26:38 [ultranest] [DEBUG] Plateau detected at L=-4.100408e+02, not replacing live point.
12:26:38 [ultranest] [DEBUG] Plateau detected at L=-4.100408e+02, not replacing live point.
12:26:38 [ultranest] [DEBUG] Plateau detected at L=-4.100408e+02, not replacing live point.
12:26:38 [ultranest] [DEBUG] Plateau detected at L=-4.100408e+02, not replacing live point.
12:26:38 [ultranest] [DEBUG] Plateau detected at L=-4.100408e+02, not replacing live point.
12:26:38 [ultranest] [DEBUG] Plateau detected at L=-4.100408e+02, not replacing live point.
12:26:39 [ultranest] [DEBUG] iteration=456, ncalls=39691, regioncalls=1766760, ndraw=40, logz=-255.33, remainder_fraction=100.0000%, Lmin=-235.30, Lmax=-0.06
12:26:39 [ultranest] [DEBUG] iteration=500, ncalls=39705, regioncalls=1767320, ndraw=40, logz=-91.97, remainder_fraction=100.0000%, Lmin=-82.91, Lmax=-0.06
12:26:39 [ultranest] [DEBUG] iteration=501, ncalls=39730, regioncalls=1768520, ndraw=40, logz=-90.90, remainder_fraction=100.0000%, Lmin=-79.70, Lmax=-0.06
12:26:39 [ultranest] [DEBUG] iteration=506, ncalls=39760, regioncalls=1769760, ndraw=40, logz=-81.72, remainder_fraction=100.0000%, Lmin=-70.75, Lmax=-0.06
12:26:39 [ultranest] [DEBUG] iteration=507, ncalls=39783, regioncalls=1770680, ndraw=40, logz=-79.28, remainder_fraction=100.0000%, Lmin=-70.67, Lmax=-0.06
12:26:40 [ultranest] [DEBUG] iteration=515, ncalls=39828, regioncalls=1772800, ndraw=40, logz=-71.26, remainder_fraction=100.0000%, Lmin=-62.29, Lmax=-0.06
12:26:40 [ultranest] [DEBUG] iteration=538, ncalls=39837, regioncalls=1773280, ndraw=40, logz=-51.01, remainder_fraction=100.0000%, Lmin=-42.15, Lmax=-0.06
12:26:40 [ultranest] [DEBUG] iteration=542, ncalls=39858, regioncalls=1775400, ndraw=40, logz=-47.21, remainder_fraction=100.0000%, Lmin=-37.56, Lmax=-0.06
12:26:40 [ultranest] [DEBUG] iteration=549, ncalls=39884, regioncalls=1776960, ndraw=40, logz=-43.10, remainder_fraction=100.0000%, Lmin=-33.61, Lmax=-0.06
12:26:40 [ultranest] [DEBUG] iteration=558, ncalls=39913, regioncalls=1778920, ndraw=40, logz=-39.75, remainder_fraction=100.0000%, Lmin=-30.69, Lmax=-0.06
12:26:40 [ultranest] [DEBUG] iteration=562, ncalls=39921, regioncalls=1779280, ndraw=40, logz=-38.64, remainder_fraction=100.0000%, Lmin=-29.05, Lmax=-0.06
12:26:41 [ultranest] [DEBUG] iteration=568, ncalls=39937, regioncalls=1779920, ndraw=40, logz=-35.54, remainder_fraction=100.0000%, Lmin=-26.08, Lmax=-0.06
12:26:41 [ultranest] [DEBUG] iteration=581, ncalls=39946, regioncalls=1781120, ndraw=40, logz=-30.52, remainder_fraction=100.0000%, Lmin=-21.22, Lmax=-0.06
12:26:41 [ultranest] [DEBUG] iteration=587, ncalls=39968, regioncalls=1782360, ndraw=40, logz=-29.25, remainder_fraction=100.0000%, Lmin=-18.91, Lmax=-0.06
12:26:41 [ultranest] [DEBUG] iteration=588, ncalls=39987, regioncalls=1783480, ndraw=40, logz=-28.74, remainder_fraction=100.0000%, Lmin=-18.69, Lmax=-0.06
12:26:41 [ultranest] [DEBUG] iteration=593, ncalls=39994, regioncalls=1784120, ndraw=40, logz=-27.23, remainder_fraction=100.0000%, Lmin=-17.53, Lmax=-0.06
12:26:41 [ultranest] [DEBUG] iteration=597, ncalls=40014, regioncalls=1785480, ndraw=40, logz=-26.28, remainder_fraction=100.0000%, Lmin=-16.84, Lmax=-0.06
12:26:41 [ultranest] [DEBUG] iteration=601, ncalls=40028, regioncalls=1786400, ndraw=40, logz=-25.64, remainder_fraction=99.9999%, Lmin=-16.39, Lmax=-0.06
12:26:41 [ultranest] [DEBUG] iteration=603, ncalls=40043, regioncalls=1787320, ndraw=40, logz=-25.37, remainder_fraction=99.9999%, Lmin=-16.27, Lmax=-0.06
12:26:42 [ultranest] [DEBUG] iteration=605, ncalls=40055, regioncalls=1788040, ndraw=40, logz=-25.13, remainder_fraction=99.9999%, Lmin=-16.06, Lmax=-0.06
12:26:42 [ultranest] [DEBUG] iteration=610, ncalls=40074, regioncalls=1789040, ndraw=40, logz=-24.62, remainder_fraction=99.9998%, Lmin=-15.64, Lmax=-0.06
12:26:42 [ultranest] [DEBUG] iteration=613, ncalls=40089, regioncalls=1789640, ndraw=40, logz=-24.28, remainder_fraction=99.9997%, Lmin=-14.90, Lmax=-0.06
12:26:42 [ultranest] [DEBUG] iteration=615, ncalls=40131, regioncalls=1791800, ndraw=40, logz=-24.01, remainder_fraction=99.9996%, Lmin=-14.65, Lmax=-0.06
12:26:42 [ultranest] [DEBUG] iteration=619, ncalls=40155, regioncalls=1793280, ndraw=40, logz=-23.58, remainder_fraction=99.9993%, Lmin=-13.96, Lmax=-0.06
12:26:43 [ultranest] [DEBUG] iteration=624, ncalls=40174, regioncalls=1794560, ndraw=40, logz=-22.83, remainder_fraction=99.9983%, Lmin=-13.11, Lmax=-0.06
12:26:43 [ultranest] [DEBUG] iteration=627, ncalls=40188, regioncalls=1795200, ndraw=40, logz=-22.44, remainder_fraction=99.9974%, Lmin=-12.86, Lmax=-0.06
12:26:43 [ultranest] [DEBUG] iteration=629, ncalls=40213, regioncalls=1796560, ndraw=40, logz=-22.21, remainder_fraction=99.9967%, Lmin=-12.75, Lmax=-0.06
12:26:43 [ultranest] [DEBUG] iteration=630, ncalls=40230, regioncalls=1797880, ndraw=40, logz=-22.12, remainder_fraction=99.9969%, Lmin=-12.73, Lmax=-0.06
12:26:43 [ultranest] [DEBUG] iteration=631, ncalls=40245, regioncalls=1798800, ndraw=40, logz=-22.03, remainder_fraction=99.9965%, Lmin=-12.54, Lmax=-0.06
12:26:43 [ultranest] [DEBUG] iteration=636, ncalls=40268, regioncalls=1800120, ndraw=40, logz=-21.52, remainder_fraction=99.9953%, Lmin=-12.01, Lmax=-0.06
12:26:44 [ultranest] [DEBUG] iteration=637, ncalls=40286, regioncalls=1802000, ndraw=40, logz=-21.43, remainder_fraction=99.9948%, Lmin=-11.97, Lmax=-0.06
12:26:44 [ultranest] [DEBUG] iteration=639, ncalls=40300, regioncalls=1803080, ndraw=40, logz=-21.27, remainder_fraction=99.9936%, Lmin=-11.67, Lmax=-0.06
12:26:44 [ultranest] [DEBUG] iteration=640, ncalls=40302, regioncalls=1803360, ndraw=40, logz=-21.18, remainder_fraction=99.9929%, Lmin=-11.60, Lmax=-0.06
12:26:44 [ultranest] [DEBUG] iteration=645, ncalls=40334, regioncalls=1805000, ndraw=40, logz=-20.78, remainder_fraction=99.9888%, Lmin=-11.38, Lmax=-0.06
12:26:44 [ultranest] [DEBUG] iteration=650, ncalls=40360, regioncalls=1807120, ndraw=40, logz=-20.37, remainder_fraction=99.9836%, Lmin=-10.75, Lmax=-0.06
12:26:44 [ultranest] [DEBUG] iteration=651, ncalls=40373, regioncalls=1807800, ndraw=40, logz=-20.29, remainder_fraction=99.9821%, Lmin=-10.75, Lmax=-0.06
12:26:44 [ultranest] [DEBUG] iteration=655, ncalls=40390, regioncalls=1808840, ndraw=40, logz=-19.94, remainder_fraction=99.9745%, Lmin=-10.18, Lmax=-0.06
12:26:45 [ultranest] [DEBUG] iteration=656, ncalls=40414, regioncalls=1810320, ndraw=40, logz=-19.86, remainder_fraction=99.9722%, Lmin=-10.12, Lmax=-0.06
12:26:45 [ultranest] [DEBUG] iteration=658, ncalls=40431, regioncalls=1811440, ndraw=40, logz=-19.71, remainder_fraction=99.9666%, Lmin=-10.10, Lmax=-0.06
12:26:45 [ultranest] [DEBUG] iteration=659, ncalls=40473, regioncalls=1814600, ndraw=40, logz=-19.64, remainder_fraction=99.9643%, Lmin=-10.04, Lmax=-0.06
12:26:45 [ultranest] [DEBUG] iteration=660, ncalls=40497, regioncalls=1816200, ndraw=40, logz=-19.57, remainder_fraction=99.9614%, Lmin=-9.95, Lmax=-0.06
12:26:46 [ultranest] [DEBUG] iteration=662, ncalls=40513, regioncalls=1817680, ndraw=40, logz=-19.44, remainder_fraction=99.9543%, Lmin=-9.91, Lmax=-0.06
12:26:46 [ultranest] [DEBUG] iteration=664, ncalls=40518, regioncalls=1817960, ndraw=40, logz=-19.31, remainder_fraction=99.9516%, Lmin=-9.74, Lmax=-0.06
12:26:46 [ultranest] [DEBUG] iteration=668, ncalls=40536, regioncalls=1819160, ndraw=40, logz=-19.08, remainder_fraction=99.9372%, Lmin=-9.42, Lmax=-0.06
12:26:46 [ultranest] [DEBUG] iteration=672, ncalls=40548, regioncalls=1820000, ndraw=40, logz=-18.84, remainder_fraction=99.9227%, Lmin=-9.21, Lmax=-0.06
12:26:46 [ultranest] [DEBUG] iteration=673, ncalls=40562, regioncalls=1820560, ndraw=40, logz=-18.78, remainder_fraction=99.9159%, Lmin=-9.17, Lmax=-0.06
12:26:46 [ultranest] [DEBUG] iteration=675, ncalls=40578, regioncalls=1821560, ndraw=40, logz=-18.67, remainder_fraction=99.9043%, Lmin=-9.08, Lmax=-0.06
12:26:46 [ultranest] [DEBUG] iteration=677, ncalls=40592, regioncalls=1822360, ndraw=40, logz=-18.57, remainder_fraction=99.8899%, Lmin=-9.00, Lmax=-0.06
12:26:46 [ultranest] [DEBUG] iteration=680, ncalls=40601, regioncalls=1823040, ndraw=40, logz=-18.42, remainder_fraction=99.8673%, Lmin=-8.80, Lmax=-0.06
12:26:46 [ultranest] [DEBUG] iteration=688, ncalls=40603, regioncalls=1823320, ndraw=40, logz=-18.07, remainder_fraction=99.8048%, Lmin=-8.57, Lmax=-0.06
12:26:47 [ultranest] [DEBUG] iteration=698, ncalls=40666, regioncalls=1826360, ndraw=40, logz=-17.63, remainder_fraction=99.6874%, Lmin=-8.00, Lmax=-0.06
12:26:47 [ultranest] [DEBUG] iteration=714, ncalls=40684, regioncalls=1827280, ndraw=40, logz=-17.00, remainder_fraction=99.4021%, Lmin=-7.37, Lmax=-0.06
12:26:47 [ultranest] [DEBUG] iteration=726, ncalls=40705, regioncalls=1828480, ndraw=40, logz=-16.61, remainder_fraction=99.2304%, Lmin=-7.10, Lmax=-0.06
12:26:47 [ultranest] [DEBUG] iteration=734, ncalls=40720, regioncalls=1829480, ndraw=40, logz=-16.38, remainder_fraction=98.9938%, Lmin=-6.90, Lmax=-0.06
12:26:48 [ultranest] [DEBUG] iteration=736, ncalls=40754, regioncalls=1831400, ndraw=40, logz=-16.33, remainder_fraction=98.9458%, Lmin=-6.79, Lmax=-0.06
12:26:48 [ultranest] [DEBUG] iteration=740, ncalls=40762, regioncalls=1831760, ndraw=40, logz=-16.22, remainder_fraction=98.8062%, Lmin=-6.68, Lmax=-0.06
12:26:48 [ultranest] [DEBUG] iteration=741, ncalls=40820, regioncalls=1834080, ndraw=40, logz=-16.19, remainder_fraction=98.7644%, Lmin=-6.61, Lmax=-0.06
12:26:48 [ultranest] [DEBUG] iteration=745, ncalls=40834, regioncalls=1834640, ndraw=40, logz=-16.09, remainder_fraction=98.5874%, Lmin=-6.52, Lmax=-0.06
12:26:48 [ultranest] [DEBUG] iteration=748, ncalls=40849, regioncalls=1835240, ndraw=40, logz=-16.01, remainder_fraction=98.4775%, Lmin=-6.37, Lmax=-0.06
12:26:49 [ultranest] [DEBUG] iteration=757, ncalls=40883, regioncalls=1836600, ndraw=40, logz=-15.73, remainder_fraction=98.2019%, Lmin=-5.86, Lmax=-0.06
12:26:49 [ultranest] [DEBUG] iteration=760, ncalls=40889, regioncalls=1836840, ndraw=40, logz=-15.63, remainder_fraction=98.0509%, Lmin=-5.73, Lmax=-0.06
12:26:49 [ultranest] [DEBUG] iteration=762, ncalls=40920, regioncalls=1838080, ndraw=40, logz=-15.57, remainder_fraction=97.9346%, Lmin=-5.66, Lmax=-0.06
12:26:49 [ultranest] [DEBUG] iteration=764, ncalls=40933, regioncalls=1838600, ndraw=40, logz=-15.51, remainder_fraction=97.7790%, Lmin=-5.61, Lmax=-0.06
12:26:49 [ultranest] [DEBUG] iteration=770, ncalls=40951, regioncalls=1839320, ndraw=40, logz=-15.34, remainder_fraction=97.3882%, Lmin=-5.38, Lmax=-0.06
12:26:49 [ultranest] [DEBUG] iteration=771, ncalls=40963, regioncalls=1839800, ndraw=40, logz=-15.31, remainder_fraction=97.2889%, Lmin=-5.33, Lmax=-0.06
12:26:49 [ultranest] [DEBUG] iteration=772, ncalls=40976, regioncalls=1840320, ndraw=40, logz=-15.28, remainder_fraction=97.2264%, Lmin=-5.29, Lmax=-0.06
12:26:50 [ultranest] [DEBUG] iteration=780, ncalls=40989, regioncalls=1840840, ndraw=40, logz=-15.05, remainder_fraction=96.4017%, Lmin=-5.17, Lmax=-0.06
12:26:50 [ultranest] [DEBUG] iteration=783, ncalls=41012, regioncalls=1841760, ndraw=40, logz=-14.97, remainder_fraction=96.3363%, Lmin=-5.12, Lmax=-0.06
12:26:50 [ultranest] [DEBUG] iteration=785, ncalls=41066, regioncalls=1843920, ndraw=40, logz=-14.92, remainder_fraction=96.1676%, Lmin=-5.05, Lmax=-0.06
12:26:50 [ultranest] [DEBUG] iteration=787, ncalls=41105, regioncalls=1845480, ndraw=40, logz=-14.88, remainder_fraction=96.0052%, Lmin=-5.00, Lmax=-0.06
12:26:50 [ultranest] [DEBUG] clustering found some stray points [need_accept=False] (array([1, 2]), array([109,   1]))
12:26:51 [ultranest] [DEBUG] iteration=793, ncalls=41134, regioncalls=1846640, ndraw=40, logz=-14.74, remainder_fraction=95.2651%, Lmin=-4.88, Lmax=-0.06
12:26:51 [ultranest] [DEBUG] iteration=797, ncalls=41180, regioncalls=1848480, ndraw=40, logz=-14.65, remainder_fraction=94.9658%, Lmin=-4.78, Lmax=-0.06
12:26:51 [ultranest] [DEBUG] iteration=798, ncalls=41193, regioncalls=1849000, ndraw=40, logz=-14.63, remainder_fraction=95.1376%, Lmin=-4.78, Lmax=-0.06
12:26:51 [ultranest] [DEBUG] iteration=817, ncalls=41214, regioncalls=1849840, ndraw=40, logz=-14.25, remainder_fraction=92.7280%, Lmin=-4.35, Lmax=-0.06
12:26:52 [ultranest] [DEBUG] iteration=819, ncalls=41227, regioncalls=1850440, ndraw=40, logz=-14.21, remainder_fraction=92.3631%, Lmin=-4.34, Lmax=-0.06
12:26:52 [ultranest] [DEBUG] iteration=826, ncalls=41279, regioncalls=1852960, ndraw=40, logz=-14.09, remainder_fraction=91.1889%, Lmin=-4.15, Lmax=-0.06
12:26:52 [ultranest] [DEBUG] iteration=828, ncalls=41304, regioncalls=1854040, ndraw=40, logz=-14.05, remainder_fraction=90.9299%, Lmin=-4.13, Lmax=-0.06
12:26:52 [ultranest] [DEBUG] iteration=830, ncalls=41332, regioncalls=1855480, ndraw=40, logz=-14.02, remainder_fraction=90.5359%, Lmin=-4.09, Lmax=-0.06
12:26:53 [ultranest] [DEBUG] iteration=832, ncalls=41356, regioncalls=1856520, ndraw=40, logz=-13.98, remainder_fraction=90.1505%, Lmin=-4.06, Lmax=-0.06
12:26:53 [ultranest] [DEBUG] iteration=841, ncalls=41393, regioncalls=1858600, ndraw=40, logz=-13.84, remainder_fraction=89.2233%, Lmin=-3.92, Lmax=-0.06
12:26:53 [ultranest] [DEBUG] iteration=845, ncalls=41419, regioncalls=1859840, ndraw=40, logz=-13.78, remainder_fraction=88.8082%, Lmin=-3.80, Lmax=-0.06
12:26:53 [ultranest] [DEBUG] iteration=852, ncalls=41435, regioncalls=1860520, ndraw=40, logz=-13.67, remainder_fraction=88.3802%, Lmin=-3.67, Lmax=-0.06
12:26:54 [ultranest] [DEBUG] iteration=871, ncalls=41499, regioncalls=1863400, ndraw=40, logz=-13.40, remainder_fraction=85.0426%, Lmin=-3.33, Lmax=-0.06
12:26:54 [ultranest] [DEBUG] iteration=873, ncalls=41515, regioncalls=1864040, ndraw=40, logz=-13.37, remainder_fraction=84.7181%, Lmin=-3.32, Lmax=-0.06
12:26:54 [ultranest] [DEBUG] iteration=874, ncalls=41532, regioncalls=1864720, ndraw=40, logz=-13.36, remainder_fraction=84.5004%, Lmin=-3.30, Lmax=-0.06
12:26:54 [ultranest] [DEBUG] iteration=879, ncalls=41564, regioncalls=1866000, ndraw=40, logz=-13.29, remainder_fraction=83.7452%, Lmin=-3.24, Lmax=-0.06
12:26:55 [ultranest] [DEBUG] iteration=881, ncalls=41614, regioncalls=1868080, ndraw=40, logz=-13.27, remainder_fraction=83.2375%, Lmin=-3.22, Lmax=-0.06
12:26:56 [ultranest] [DEBUG] iteration=883, ncalls=41799, regioncalls=1876120, ndraw=40, logz=-13.24, remainder_fraction=82.8358%, Lmin=-3.21, Lmax=-0.06
12:26:57 [ultranest] [DEBUG] iteration=887, ncalls=41866, regioncalls=1879760, ndraw=40, logz=-13.20, remainder_fraction=81.8170%, Lmin=-3.16, Lmax=-0.06
12:26:57 [ultranest] [DEBUG] iteration=891, ncalls=41915, regioncalls=1881840, ndraw=40, logz=-13.15, remainder_fraction=81.0799%, Lmin=-3.08, Lmax=-0.06
12:26:57 [ultranest] [DEBUG] iteration=892, ncalls=41960, regioncalls=1883680, ndraw=40, logz=-13.14, remainder_fraction=80.7813%, Lmin=-3.07, Lmax=-0.06
12:26:58 [ultranest] [DEBUG] iteration=894, ncalls=42006, regioncalls=1885640, ndraw=40, logz=-13.12, remainder_fraction=80.1680%, Lmin=-3.05, Lmax=-0.06
12:26:58 [ultranest] [DEBUG] iteration=897, ncalls=42030, regioncalls=1887000, ndraw=40, logz=-13.09, remainder_fraction=79.5282%, Lmin=-3.02, Lmax=-0.06
12:26:58 [ultranest] [DEBUG] iteration=899, ncalls=42052, regioncalls=1887960, ndraw=40, logz=-13.06, remainder_fraction=78.9692%, Lmin=-2.98, Lmax=-0.06
12:26:58 [ultranest] [DEBUG] iteration=902, ncalls=42088, regioncalls=1889400, ndraw=40, logz=-13.03, remainder_fraction=78.1069%, Lmin=-2.93, Lmax=-0.06
12:26:59 [ultranest] [DEBUG] iteration=904, ncalls=42103, regioncalls=1890040, ndraw=40, logz=-13.01, remainder_fraction=77.5332%, Lmin=-2.92, Lmax=-0.06
12:26:59 [ultranest] [DEBUG] iteration=906, ncalls=42161, regioncalls=1892360, ndraw=40, logz=-12.99, remainder_fraction=76.8763%, Lmin=-2.91, Lmax=-0.06
12:26:59 [ultranest] [DEBUG] iteration=915, ncalls=42175, regioncalls=1893080, ndraw=40, logz=-12.90, remainder_fraction=74.2163%, Lmin=-2.83, Lmax=-0.06
12:26:59 [ultranest] [DEBUG] iteration=921, ncalls=42204, regioncalls=1894240, ndraw=40, logz=-12.85, remainder_fraction=72.6647%, Lmin=-2.79, Lmax=-0.06
12:27:00 [ultranest] [DEBUG] iteration=923, ncalls=42214, regioncalls=1894680, ndraw=40, logz=-12.83, remainder_fraction=72.2862%, Lmin=-2.79, Lmax=-0.06
12:27:00 [ultranest] [DEBUG] iteration=928, ncalls=42229, regioncalls=1895320, ndraw=40, logz=-12.79, remainder_fraction=71.6521%, Lmin=-2.73, Lmax=-0.06
12:27:00 [ultranest] [DEBUG] iteration=929, ncalls=42249, regioncalls=1896120, ndraw=40, logz=-12.78, remainder_fraction=71.3537%, Lmin=-2.72, Lmax=-0.06
12:27:00 [ultranest] [DEBUG] iteration=938, ncalls=42287, regioncalls=1897800, ndraw=40, logz=-12.71, remainder_fraction=68.8726%, Lmin=-2.65, Lmax=-0.06
12:27:00 [ultranest] [DEBUG] iteration=945, ncalls=42329, regioncalls=1899800, ndraw=40, logz=-12.66, remainder_fraction=67.4570%, Lmin=-2.58, Lmax=-0.06
12:27:01 [ultranest] [DEBUG] iteration=946, ncalls=42350, regioncalls=1900880, ndraw=40, logz=-12.66, remainder_fraction=67.1319%, Lmin=-2.58, Lmax=-0.06
12:27:01 [ultranest] [DEBUG] iteration=950, ncalls=42359, regioncalls=1901400, ndraw=40, logz=-12.63, remainder_fraction=65.8450%, Lmin=-2.57, Lmax=-0.06
12:27:01 [ultranest] [DEBUG] iteration=959, ncalls=42377, regioncalls=1902160, ndraw=40, logz=-12.57, remainder_fraction=63.8715%, Lmin=-2.46, Lmax=-0.06
12:27:01 [ultranest] [DEBUG] iteration=960, ncalls=42389, regioncalls=1902640, ndraw=40, logz=-12.56, remainder_fraction=63.5246%, Lmin=-2.45, Lmax=-0.06
12:27:01 [ultranest] [DEBUG] iteration=962, ncalls=42403, regioncalls=1903240, ndraw=40, logz=-12.55, remainder_fraction=63.0079%, Lmin=-2.44, Lmax=-0.06
12:27:01 [ultranest] [DEBUG] iteration=967, ncalls=42432, regioncalls=1904520, ndraw=40, logz=-12.52, remainder_fraction=61.4584%, Lmin=-2.40, Lmax=-0.06
12:27:01 [ultranest] [DEBUG] iteration=973, ncalls=42454, regioncalls=1905720, ndraw=40, logz=-12.48, remainder_fraction=59.9894%, Lmin=-2.35, Lmax=-0.06
12:27:02 [ultranest] [DEBUG] iteration=975, ncalls=42511, regioncalls=1908760, ndraw=40, logz=-12.47, remainder_fraction=59.6939%, Lmin=-2.33, Lmax=-0.06
12:27:02 [ultranest] [DEBUG] iteration=976, ncalls=42537, regioncalls=1909840, ndraw=40, logz=-12.47, remainder_fraction=59.5317%, Lmin=-2.33, Lmax=-0.06
12:27:02 [ultranest] [DEBUG] iteration=981, ncalls=42555, regioncalls=1910680, ndraw=40, logz=-12.44, remainder_fraction=58.2127%, Lmin=-2.29, Lmax=-0.06
12:27:02 [ultranest] [DEBUG] iteration=989, ncalls=42590, regioncalls=1912440, ndraw=40, logz=-12.40, remainder_fraction=56.3478%, Lmin=-2.26, Lmax=-0.06
12:27:03 [ultranest] [DEBUG] iteration=992, ncalls=42638, regioncalls=1914760, ndraw=40, logz=-12.38, remainder_fraction=55.6354%, Lmin=-2.23, Lmax=-0.06
12:27:03 [ultranest] [DEBUG] clustering found some stray points [need_accept=False] (array([1, 2]), array([111,   1]))
12:27:03 [ultranest] [DEBUG] iteration=1001, ncalls=42654, regioncalls=1915600, ndraw=40, logz=-12.34, remainder_fraction=53.6158%, Lmin=-2.16, Lmax=-0.06
12:27:03 [ultranest] [DEBUG] iteration=1007, ncalls=42696, regioncalls=1917360, ndraw=40, logz=-12.31, remainder_fraction=52.8102%, Lmin=-2.13, Lmax=-0.06
12:27:04 [ultranest] [DEBUG] iteration=1008, ncalls=42771, regioncalls=1920800, ndraw=40, logz=-12.30, remainder_fraction=52.4966%, Lmin=-2.12, Lmax=-0.06
12:27:04 [ultranest] [DEBUG] iteration=1009, ncalls=42829, regioncalls=1923400, ndraw=40, logz=-12.30, remainder_fraction=52.2239%, Lmin=-2.11, Lmax=-0.06
12:27:05 [ultranest] [DEBUG] iteration=1012, ncalls=42891, regioncalls=1926120, ndraw=40, logz=-12.29, remainder_fraction=51.3297%, Lmin=-2.10, Lmax=-0.06
12:27:05 [ultranest] [DEBUG] iteration=1013, ncalls=42974, regioncalls=1930160, ndraw=40, logz=-12.28, remainder_fraction=51.3652%, Lmin=-2.09, Lmax=-0.06
12:27:06 [ultranest] [DEBUG] iteration=1018, ncalls=43031, regioncalls=1932560, ndraw=40, logz=-12.26, remainder_fraction=50.1397%, Lmin=-2.05, Lmax=-0.06
12:27:06 [ultranest] [DEBUG] iteration=1020, ncalls=43065, regioncalls=1934080, ndraw=40, logz=-12.25, remainder_fraction=49.6810%, Lmin=-2.04, Lmax=-0.06
12:27:07 [ultranest] [DEBUG] iteration=1022, ncalls=43162, regioncalls=1938560, ndraw=40, logz=-12.24, remainder_fraction=49.2988%, Lmin=-1.98, Lmax=-0.06
12:27:07 [ultranest] [DEBUG] iteration=1023, ncalls=43239, regioncalls=1943280, ndraw=40, logz=-12.24, remainder_fraction=48.9788%, Lmin=-1.98, Lmax=-0.06
12:27:07 [ultranest] [DEBUG] iteration=1026, ncalls=43252, regioncalls=1943920, ndraw=40, logz=-12.23, remainder_fraction=48.4454%, Lmin=-1.96, Lmax=-0.06
12:27:07 [ultranest] [DEBUG] iteration=1027, ncalls=43281, regioncalls=1945120, ndraw=40, logz=-12.22, remainder_fraction=48.1596%, Lmin=-1.95, Lmax=-0.06
12:27:08 [ultranest] [DEBUG] iteration=1028, ncalls=43314, regioncalls=1946480, ndraw=40, logz=-12.22, remainder_fraction=47.8917%, Lmin=-1.94, Lmax=-0.06
12:27:08 [ultranest] [DEBUG] iteration=1033, ncalls=43376, regioncalls=1949160, ndraw=40, logz=-12.20, remainder_fraction=46.5936%, Lmin=-1.92, Lmax=-0.06
12:27:08 [ultranest] [DEBUG] iteration=1037, ncalls=43418, regioncalls=1951160, ndraw=40, logz=-12.18, remainder_fraction=45.9469%, Lmin=-1.88, Lmax=-0.06
12:27:09 [ultranest] [DEBUG] iteration=1053, ncalls=43452, regioncalls=1952520, ndraw=40, logz=-12.12, remainder_fraction=43.0605%, Lmin=-1.73, Lmax=-0.06
12:27:09 [ultranest] [DEBUG] iteration=1058, ncalls=43488, regioncalls=1954680, ndraw=40, logz=-12.10, remainder_fraction=41.8339%, Lmin=-1.71, Lmax=-0.06
12:27:10 [ultranest] [DEBUG] iteration=1059, ncalls=43655, regioncalls=1962200, ndraw=40, logz=-12.10, remainder_fraction=41.7454%, Lmin=-1.71, Lmax=-0.06
12:27:11 [ultranest] [DEBUG] iteration=1061, ncalls=43711, regioncalls=1965160, ndraw=40, logz=-12.09, remainder_fraction=41.3257%, Lmin=-1.70, Lmax=-0.06
12:27:11 [ultranest] [DEBUG] iteration=1069, ncalls=43740, regioncalls=1966640, ndraw=40, logz=-12.07, remainder_fraction=39.6803%, Lmin=-1.64, Lmax=-0.06
12:27:11 [ultranest] [DEBUG] iteration=1071, ncalls=43760, regioncalls=1967640, ndraw=40, logz=-12.06, remainder_fraction=39.2220%, Lmin=-1.61, Lmax=-0.06
12:27:11 [ultranest] [DEBUG] iteration=1072, ncalls=43786, regioncalls=1969000, ndraw=40, logz=-12.06, remainder_fraction=39.0121%, Lmin=-1.60, Lmax=-0.06
12:27:11 [ultranest] [DEBUG] iteration=1074, ncalls=43800, regioncalls=1969560, ndraw=40, logz=-12.05, remainder_fraction=38.5469%, Lmin=-1.56, Lmax=-0.06
12:27:12 [ultranest] [DEBUG] iteration=1079, ncalls=43876, regioncalls=1973200, ndraw=40, logz=-12.03, remainder_fraction=37.4318%, Lmin=-1.54, Lmax=-0.06
12:27:12 [ultranest] [DEBUG] iteration=1080, ncalls=43882, regioncalls=1973520, ndraw=40, logz=-12.03, remainder_fraction=37.2807%, Lmin=-1.54, Lmax=-0.06
12:27:12 [ultranest] [DEBUG] iteration=1085, ncalls=43897, regioncalls=1974120, ndraw=40, logz=-12.01, remainder_fraction=36.3573%, Lmin=-1.52, Lmax=-0.06
12:27:12 [ultranest] [DEBUG] iteration=1086, ncalls=43916, regioncalls=1975000, ndraw=40, logz=-12.01, remainder_fraction=36.1130%, Lmin=-1.52, Lmax=-0.06
12:27:12 [ultranest] [DEBUG] iteration=1092, ncalls=43948, regioncalls=1976480, ndraw=40, logz=-11.99, remainder_fraction=35.3605%, Lmin=-1.48, Lmax=-0.06
12:27:13 [ultranest] [DEBUG] iteration=1096, ncalls=43977, regioncalls=1977640, ndraw=40, logz=-11.98, remainder_fraction=34.5537%, Lmin=-1.43, Lmax=-0.06
12:27:13 [ultranest] [DEBUG] iteration=1103, ncalls=43992, regioncalls=1978320, ndraw=40, logz=-11.96, remainder_fraction=33.1901%, Lmin=-1.39, Lmax=-0.06
12:27:13 [ultranest] [DEBUG] iteration=1104, ncalls=44082, regioncalls=1982000, ndraw=40, logz=-11.96, remainder_fraction=32.9823%, Lmin=-1.38, Lmax=-0.06
12:27:13 [ultranest] [DEBUG] iteration=1109, ncalls=44096, regioncalls=1982560, ndraw=40, logz=-11.94, remainder_fraction=31.9922%, Lmin=-1.37, Lmax=-0.06
12:27:14 [ultranest] [DEBUG] iteration=1111, ncalls=44119, regioncalls=1983560, ndraw=40, logz=-11.94, remainder_fraction=31.6256%, Lmin=-1.32, Lmax=-0.06
12:27:14 [ultranest] [DEBUG] iteration=1112, ncalls=44145, regioncalls=1984640, ndraw=40, logz=-11.94, remainder_fraction=31.4692%, Lmin=-1.31, Lmax=-0.06
12:27:14 [ultranest] [DEBUG] iteration=1117, ncalls=44170, regioncalls=1985640, ndraw=40, logz=-11.92, remainder_fraction=30.3199%, Lmin=-1.30, Lmax=-0.06
12:27:14 [ultranest] [DEBUG] iteration=1121, ncalls=44227, regioncalls=1987920, ndraw=40, logz=-11.91, remainder_fraction=29.4807%, Lmin=-1.29, Lmax=-0.06
12:27:15 [ultranest] [DEBUG] iteration=1127, ncalls=44258, regioncalls=1989160, ndraw=40, logz=-11.90, remainder_fraction=28.4145%, Lmin=-1.26, Lmax=-0.06
12:27:15 [ultranest] [DEBUG] iteration=1130, ncalls=44276, regioncalls=1989920, ndraw=40, logz=-11.89, remainder_fraction=28.0804%, Lmin=-1.25, Lmax=-0.06
12:27:16 [ultranest] [DEBUG] iteration=1136, ncalls=44399, regioncalls=1995000, ndraw=40, logz=-11.88, remainder_fraction=27.2753%, Lmin=-1.22, Lmax=-0.06
12:27:16 [ultranest] [DEBUG] iteration=1139, ncalls=44421, regioncalls=1995920, ndraw=40, logz=-11.87, remainder_fraction=26.7748%, Lmin=-1.22, Lmax=-0.06
12:27:16 [ultranest] [DEBUG] iteration=1146, ncalls=44436, regioncalls=1996760, ndraw=40, logz=-11.85, remainder_fraction=25.6498%, Lmin=-1.18, Lmax=-0.06
12:27:17 [ultranest] [DEBUG] iteration=1157, ncalls=44556, regioncalls=2001880, ndraw=40, logz=-11.83, remainder_fraction=23.8563%, Lmin=-1.14, Lmax=-0.06
12:27:17 [ultranest] [DEBUG] iteration=1158, ncalls=44590, regioncalls=2003240, ndraw=40, logz=-11.83, remainder_fraction=23.6928%, Lmin=-1.14, Lmax=-0.06
12:27:17 [ultranest] [DEBUG] iteration=1163, ncalls=44606, regioncalls=2003960, ndraw=40, logz=-11.82, remainder_fraction=22.8723%, Lmin=-1.11, Lmax=-0.06
12:27:17 [ultranest] [DEBUG] iteration=1171, ncalls=44639, regioncalls=2005360, ndraw=40, logz=-11.80, remainder_fraction=21.6738%, Lmin=-1.09, Lmax=-0.06
12:27:18 [ultranest] [DEBUG] iteration=1174, ncalls=44696, regioncalls=2007840, ndraw=40, logz=-11.80, remainder_fraction=21.3079%, Lmin=-1.08, Lmax=-0.06
12:27:18 [ultranest] [DEBUG] iteration=1178, ncalls=44729, regioncalls=2009400, ndraw=40, logz=-11.79, remainder_fraction=20.8426%, Lmin=-1.07, Lmax=-0.06
12:27:18 [ultranest] [DEBUG] iteration=1181, ncalls=44750, regioncalls=2010440, ndraw=40, logz=-11.79, remainder_fraction=20.4737%, Lmin=-1.06, Lmax=-0.06
12:27:19 [ultranest] [DEBUG] iteration=1182, ncalls=44788, regioncalls=2012000, ndraw=40, logz=-11.79, remainder_fraction=20.3514%, Lmin=-1.05, Lmax=-0.06
12:27:19 [ultranest] [DEBUG] iteration=1185, ncalls=44803, regioncalls=2012640, ndraw=40, logz=-11.78, remainder_fraction=19.9508%, Lmin=-1.04, Lmax=-0.06
12:27:19 [ultranest] [DEBUG] iteration=1194, ncalls=44838, regioncalls=2014120, ndraw=40, logz=-11.77, remainder_fraction=19.0024%, Lmin=-0.99, Lmax=-0.06
12:27:19 [ultranest] [DEBUG] iteration=1204, ncalls=44864, regioncalls=2015240, ndraw=40, logz=-11.75, remainder_fraction=17.6806%, Lmin=-0.97, Lmax=-0.06
12:27:19 [ultranest] [DEBUG] iteration=1206, ncalls=44893, regioncalls=2016440, ndraw=40, logz=-11.75, remainder_fraction=17.4040%, Lmin=-0.96, Lmax=-0.06
12:27:20 [ultranest] [DEBUG] iteration=1210, ncalls=45010, regioncalls=2021560, ndraw=40, logz=-11.74, remainder_fraction=16.9134%, Lmin=-0.95, Lmax=-0.06
12:27:20 [ultranest] [DEBUG] iteration=1213, ncalls=45045, regioncalls=2022960, ndraw=40, logz=-11.74, remainder_fraction=16.5557%, Lmin=-0.92, Lmax=-0.06
12:27:21 [ultranest] [DEBUG] iteration=1214, ncalls=45118, regioncalls=2025920, ndraw=40, logz=-11.74, remainder_fraction=16.4241%, Lmin=-0.92, Lmax=-0.06
12:27:21 [ultranest] [DEBUG] iteration=1215, ncalls=45134, regioncalls=2026600, ndraw=40, logz=-11.74, remainder_fraction=16.2990%, Lmin=-0.92, Lmax=-0.06
12:27:21 [ultranest] [DEBUG] iteration=1216, ncalls=45171, regioncalls=2028320, ndraw=40, logz=-11.74, remainder_fraction=16.2029%, Lmin=-0.91, Lmax=-0.06
12:27:22 [ultranest] [DEBUG] iteration=1224, ncalls=45314, regioncalls=2035080, ndraw=40, logz=-11.73, remainder_fraction=15.4145%, Lmin=-0.88, Lmax=-0.06
12:27:23 [ultranest] [DEBUG] iteration=1226, ncalls=45396, regioncalls=2038760, ndraw=40, logz=-11.72, remainder_fraction=15.2252%, Lmin=-0.87, Lmax=-0.06
12:27:23 [ultranest] [DEBUG] iteration=1228, ncalls=45444, regioncalls=2040760, ndraw=40, logz=-11.72, remainder_fraction=14.9935%, Lmin=-0.86, Lmax=-0.06
12:27:24 [ultranest] [DEBUG] iteration=1238, ncalls=45524, regioncalls=2044040, ndraw=40, logz=-11.71, remainder_fraction=14.0229%, Lmin=-0.84, Lmax=-0.06
12:27:24 [ultranest] [DEBUG] iteration=1241, ncalls=45568, regioncalls=2045960, ndraw=40, logz=-11.70, remainder_fraction=13.6930%, Lmin=-0.84, Lmax=-0.06
12:27:25 [ultranest] [DEBUG] iteration=1245, ncalls=45631, regioncalls=2048600, ndraw=40, logz=-11.70, remainder_fraction=13.3259%, Lmin=-0.83, Lmax=-0.06
12:27:25 [ultranest] [DEBUG] iteration=1252, ncalls=45678, regioncalls=2050640, ndraw=40, logz=-11.69, remainder_fraction=12.7408%, Lmin=-0.82, Lmax=-0.06
12:27:25 [ultranest] [DEBUG] iteration=1253, ncalls=45692, regioncalls=2051200, ndraw=40, logz=-11.69, remainder_fraction=12.6414%, Lmin=-0.80, Lmax=-0.06
12:27:26 [ultranest] [DEBUG] iteration=1261, ncalls=45772, regioncalls=2054680, ndraw=40, logz=-11.68, remainder_fraction=11.9650%, Lmin=-0.78, Lmax=-0.06
12:27:28 [ultranest] [DEBUG] iteration=1262, ncalls=46099, regioncalls=2069640, ndraw=40, logz=-11.68, remainder_fraction=11.9013%, Lmin=-0.78, Lmax=-0.06
12:27:28 [ultranest] [DEBUG] iteration=1265, ncalls=46140, regioncalls=2071440, ndraw=40, logz=-11.68, remainder_fraction=11.6443%, Lmin=-0.77, Lmax=-0.06
12:27:29 [ultranest] [DEBUG] iteration=1268, ncalls=46183, regioncalls=2073320, ndraw=40, logz=-11.68, remainder_fraction=11.4288%, Lmin=-0.76, Lmax=-0.06
12:27:30 [ultranest] [DEBUG] iteration=1277, ncalls=46302, regioncalls=2078480, ndraw=40, logz=-11.67, remainder_fraction=10.7393%, Lmin=-0.73, Lmax=-0.06
12:27:30 [ultranest] [DEBUG] iteration=1286, ncalls=46386, regioncalls=2082000, ndraw=40, logz=-11.66, remainder_fraction=10.0638%, Lmin=-0.70, Lmax=-0.06
12:27:30 [ultranest] [DEBUG] iteration=1287, ncalls=46408, regioncalls=2082920, ndraw=40, logz=-11.66, remainder_fraction=9.9811%, Lmin=-0.70, Lmax=-0.06
12:27:31 [ultranest] [DEBUG] iteration=1290, ncalls=46464, regioncalls=2085560, ndraw=40, logz=-11.66, remainder_fraction=9.8080%, Lmin=-0.70, Lmax=-0.06
12:27:31 [ultranest] [DEBUG] iteration=1292, ncalls=46499, regioncalls=2087120, ndraw=40, logz=-11.66, remainder_fraction=9.6898%, Lmin=-0.69, Lmax=-0.06
12:27:31 [ultranest] [DEBUG] iteration=1297, ncalls=46548, regioncalls=2089280, ndraw=40, logz=-11.65, remainder_fraction=9.3629%, Lmin=-0.67, Lmax=-0.06
12:27:34 [ultranest] [DEBUG] iteration=1302, ncalls=46894, regioncalls=2103960, ndraw=40, logz=-11.65, remainder_fraction=9.0385%, Lmin=-0.67, Lmax=-0.06
12:27:35 [ultranest] [DEBUG] iteration=1305, ncalls=47009, regioncalls=2108920, ndraw=40, logz=-11.65, remainder_fraction=8.8210%, Lmin=-0.67, Lmax=-0.06
12:27:35 [ultranest] [DEBUG] iteration=1315, ncalls=47027, regioncalls=2109640, ndraw=40, logz=-11.64, remainder_fraction=8.2089%, Lmin=-0.63, Lmax=-0.06
12:27:35 [ultranest] [DEBUG] iteration=1318, ncalls=47058, regioncalls=2111000, ndraw=40, logz=-11.64, remainder_fraction=8.0276%, Lmin=-0.62, Lmax=-0.06
12:27:35 [ultranest] [DEBUG] iteration=1320, ncalls=47093, regioncalls=2112440, ndraw=40, logz=-11.64, remainder_fraction=7.9021%, Lmin=-0.62, Lmax=-0.06
12:27:35 [ultranest] [DEBUG] iteration=1325, ncalls=47111, regioncalls=2113280, ndraw=40, logz=-11.64, remainder_fraction=7.6184%, Lmin=-0.61, Lmax=-0.06
12:27:38 [ultranest] [DEBUG] iteration=1333, ncalls=47405, regioncalls=2125840, ndraw=40, logz=-11.63, remainder_fraction=7.1864%, Lmin=-0.60, Lmax=-0.06
12:27:38 [ultranest] [DEBUG] iteration=1334, ncalls=47458, regioncalls=2128160, ndraw=40, logz=-11.63, remainder_fraction=7.1380%, Lmin=-0.60, Lmax=-0.06
12:27:39 [ultranest] [DEBUG] iteration=1337, ncalls=47628, regioncalls=2135600, ndraw=40, logz=-11.63, remainder_fraction=6.9866%, Lmin=-0.60, Lmax=-0.06
12:27:40 [ultranest] [DEBUG] iteration=1341, ncalls=47773, regioncalls=2141680, ndraw=40, logz=-11.63, remainder_fraction=6.7867%, Lmin=-0.59, Lmax=-0.06
12:27:41 [ultranest] [DEBUG] iteration=1343, ncalls=47829, regioncalls=2144160, ndraw=40, logz=-11.63, remainder_fraction=6.6876%, Lmin=-0.59, Lmax=-0.06
12:27:42 [ultranest] [DEBUG] iteration=1345, ncalls=48031, regioncalls=2152960, ndraw=40, logz=-11.62, remainder_fraction=6.5861%, Lmin=-0.58, Lmax=-0.06
12:27:44 [ultranest] [DEBUG] iteration=1346, ncalls=48290, regioncalls=2164480, ndraw=40, logz=-11.62, remainder_fraction=6.5356%, Lmin=-0.58, Lmax=-0.06
12:27:44 [ultranest] [DEBUG] iteration=1347, ncalls=48326, regioncalls=2166120, ndraw=40, logz=-11.62, remainder_fraction=6.4840%, Lmin=-0.57, Lmax=-0.06
12:27:45 [ultranest] [DEBUG] iteration=1348, ncalls=48384, regioncalls=2168480, ndraw=40, logz=-11.62, remainder_fraction=6.4393%, Lmin=-0.57, Lmax=-0.06
12:27:45 [ultranest] [DEBUG] iteration=1357, ncalls=48490, regioncalls=2173400, ndraw=40, logz=-11.62, remainder_fraction=6.0490%, Lmin=-0.56, Lmax=-0.06
12:27:47 [ultranest] [DEBUG] iteration=1361, ncalls=48708, regioncalls=2182760, ndraw=40, logz=-11.62, remainder_fraction=5.8627%, Lmin=-0.55, Lmax=-0.06
12:27:49 [ultranest] [DEBUG] iteration=1373, ncalls=48943, regioncalls=2194320, ndraw=40, logz=-11.61, remainder_fraction=5.3882%, Lmin=-0.53, Lmax=-0.06
12:27:50 [ultranest] [DEBUG] iteration=1384, ncalls=49035, regioncalls=2198400, ndraw=40, logz=-11.61, remainder_fraction=4.9776%, Lmin=-0.51, Lmax=-0.06
12:27:51 [ultranest] [DEBUG] iteration=1386, ncalls=49173, regioncalls=2204560, ndraw=40, logz=-11.61, remainder_fraction=4.9009%, Lmin=-0.51, Lmax=-0.06
12:27:52 [ultranest] [DEBUG] iteration=1396, ncalls=49296, regioncalls=2209640, ndraw=40, logz=-11.60, remainder_fraction=4.5808%, Lmin=-0.50, Lmax=-0.06
12:27:54 [ultranest] [DEBUG] iteration=1398, ncalls=49542, regioncalls=2220760, ndraw=40, logz=-11.60, remainder_fraction=4.5120%, Lmin=-0.50, Lmax=-0.06
12:28:01 [ultranest] [DEBUG] iteration=1400, ncalls=50441, regioncalls=2261480, ndraw=40, logz=-11.60, remainder_fraction=4.4596%, Lmin=-0.50, Lmax=-0.06
12:28:01 [ultranest] [DEBUG] iteration=1401, ncalls=50467, regioncalls=2262560, ndraw=40, logz=-11.60, remainder_fraction=4.4260%, Lmin=-0.50, Lmax=-0.06
12:28:01 [ultranest] [DEBUG] iteration=1406, ncalls=50491, regioncalls=2263520, ndraw=40, logz=-11.60, remainder_fraction=4.2683%, Lmin=-0.49, Lmax=-0.06
12:28:02 [ultranest] [DEBUG] iteration=1411, ncalls=50509, regioncalls=2264240, ndraw=40, logz=-11.60, remainder_fraction=4.1250%, Lmin=-0.49, Lmax=-0.06
12:28:02 [ultranest] [DEBUG] iteration=1412, ncalls=50532, regioncalls=2265160, ndraw=40, logz=-11.60, remainder_fraction=4.0956%, Lmin=-0.49, Lmax=-0.06
12:28:02 [ultranest] [DEBUG] iteration=1413, ncalls=50549, regioncalls=2265840, ndraw=40, logz=-11.60, remainder_fraction=4.0670%, Lmin=-0.48, Lmax=-0.06
12:28:02 [ultranest] [DEBUG] iteration=1426, ncalls=50572, regioncalls=2266760, ndraw=40, logz=-11.59, remainder_fraction=3.7177%, Lmin=-0.47, Lmax=-0.06
12:28:02 [ultranest] [DEBUG] iteration=1430, ncalls=50579, regioncalls=2267080, ndraw=40, logz=-11.59, remainder_fraction=3.6197%, Lmin=-0.47, Lmax=-0.06
12:28:02 [ultranest] [DEBUG] iteration=1432, ncalls=50606, regioncalls=2268160, ndraw=40, logz=-11.59, remainder_fraction=3.5672%, Lmin=-0.46, Lmax=-0.06
12:28:03 [ultranest] [DEBUG] iteration=1434, ncalls=50646, regioncalls=2269760, ndraw=40, logz=-11.59, remainder_fraction=3.5197%, Lmin=-0.46, Lmax=-0.06
12:28:03 [ultranest] [DEBUG] iteration=1435, ncalls=50686, regioncalls=2271360, ndraw=40, logz=-11.59, remainder_fraction=3.4950%, Lmin=-0.46, Lmax=-0.06
12:28:03 [ultranest] [DEBUG] iteration=1440, ncalls=50704, regioncalls=2272080, ndraw=40, logz=-11.59, remainder_fraction=3.3745%, Lmin=-0.45, Lmax=-0.06
12:28:04 [ultranest] [DEBUG] iteration=1449, ncalls=50740, regioncalls=2273520, ndraw=40, logz=-11.59, remainder_fraction=3.1682%, Lmin=-0.44, Lmax=-0.06
12:28:04 [ultranest] [DEBUG] iteration=1455, ncalls=50770, regioncalls=2274720, ndraw=40, logz=-11.59, remainder_fraction=3.0421%, Lmin=-0.43, Lmax=-0.06
12:28:04 [ultranest] [DEBUG] iteration=1458, ncalls=50783, regioncalls=2275240, ndraw=40, logz=-11.59, remainder_fraction=2.9788%, Lmin=-0.43, Lmax=-0.06
12:28:04 [ultranest] [DEBUG] iteration=1466, ncalls=50795, regioncalls=2275720, ndraw=40, logz=-11.58, remainder_fraction=2.8214%, Lmin=-0.42, Lmax=-0.06
12:28:04 [ultranest] [DEBUG] iteration=1478, ncalls=50816, regioncalls=2276560, ndraw=40, logz=-11.58, remainder_fraction=2.5973%, Lmin=-0.41, Lmax=-0.06
12:28:04 [ultranest] [DEBUG] iteration=1480, ncalls=50824, regioncalls=2276880, ndraw=40, logz=-11.58, remainder_fraction=2.5635%, Lmin=-0.41, Lmax=-0.06
12:28:05 [ultranest] [DEBUG] iteration=1482, ncalls=50885, regioncalls=2279320, ndraw=40, logz=-11.58, remainder_fraction=2.5262%, Lmin=-0.41, Lmax=-0.06
12:28:05 [ultranest] [DEBUG] iteration=1492, ncalls=50953, regioncalls=2282040, ndraw=40, logz=-11.58, remainder_fraction=2.3600%, Lmin=-0.40, Lmax=-0.06
12:28:06 [ultranest] [DEBUG] iteration=1500, ncalls=51040, regioncalls=2285520, ndraw=40, logz=-11.58, remainder_fraction=2.2346%, Lmin=-0.39, Lmax=-0.06
12:28:06 [ultranest] [DEBUG] iteration=1503, ncalls=51082, regioncalls=2287200, ndraw=40, logz=-11.58, remainder_fraction=2.1893%, Lmin=-0.39, Lmax=-0.06
12:28:07 [ultranest] [DEBUG] iteration=1510, ncalls=51133, regioncalls=2289280, ndraw=40, logz=-11.58, remainder_fraction=2.0934%, Lmin=-0.38, Lmax=-0.06
12:28:07 [ultranest] [DEBUG] iteration=1512, ncalls=51161, regioncalls=2290400, ndraw=40, logz=-11.58, remainder_fraction=2.0657%, Lmin=-0.38, Lmax=-0.06
12:28:07 [ultranest] [DEBUG] iteration=1513, ncalls=51191, regioncalls=2291600, ndraw=40, logz=-11.58, remainder_fraction=2.0517%, Lmin=-0.38, Lmax=-0.06
12:28:08 [ultranest] [DEBUG] iteration=1518, ncalls=51205, regioncalls=2292200, ndraw=40, logz=-11.58, remainder_fraction=1.9867%, Lmin=-0.38, Lmax=-0.06
12:28:08 [ultranest] [DEBUG] iteration=1519, ncalls=51292, regioncalls=2295680, ndraw=40, logz=-11.58, remainder_fraction=1.9730%, Lmin=-0.38, Lmax=-0.06
12:28:09 [ultranest] [DEBUG] iteration=1524, ncalls=51372, regioncalls=2298880, ndraw=40, logz=-11.58, remainder_fraction=1.9067%, Lmin=-0.38, Lmax=-0.06
12:28:09 [ultranest] [DEBUG] iteration=1526, ncalls=51453, regioncalls=2302120, ndraw=40, logz=-11.58, remainder_fraction=1.8821%, Lmin=-0.38, Lmax=-0.06
12:28:10 [ultranest] [DEBUG] iteration=1541, ncalls=51513, regioncalls=2304520, ndraw=40, logz=-11.57, remainder_fraction=1.7116%, Lmin=-0.36, Lmax=-0.06
12:28:11 [ultranest] [DEBUG] iteration=1545, ncalls=51591, regioncalls=2307640, ndraw=40, logz=-11.57, remainder_fraction=1.6708%, Lmin=-0.36, Lmax=-0.06
12:28:11 [ultranest] [DEBUG] iteration=1546, ncalls=51659, regioncalls=2310360, ndraw=40, logz=-11.57, remainder_fraction=1.6601%, Lmin=-0.36, Lmax=-0.06
12:28:12 [ultranest] [DEBUG] iteration=1552, ncalls=51706, regioncalls=2312240, ndraw=40, logz=-11.57, remainder_fraction=1.5996%, Lmin=-0.36, Lmax=-0.06
12:28:12 [ultranest] [DEBUG] iteration=1559, ncalls=51729, regioncalls=2313160, ndraw=40, logz=-11.57, remainder_fraction=1.5342%, Lmin=-0.35, Lmax=-0.06
12:28:12 [ultranest] [DEBUG] iteration=1564, ncalls=51760, regioncalls=2314400, ndraw=40, logz=-11.57, remainder_fraction=1.4886%, Lmin=-0.35, Lmax=-0.06
12:28:13 [ultranest] [DEBUG] iteration=1565, ncalls=51837, regioncalls=2317480, ndraw=40, logz=-11.57, remainder_fraction=1.4799%, Lmin=-0.35, Lmax=-0.06
12:28:13 [ultranest] [DEBUG] iteration=1567, ncalls=51871, regioncalls=2318840, ndraw=40, logz=-11.57, remainder_fraction=1.4628%, Lmin=-0.35, Lmax=-0.06
12:28:15 [ultranest] [DEBUG] iteration=1568, ncalls=52115, regioncalls=2328600, ndraw=40, logz=-11.57, remainder_fraction=1.4545%, Lmin=-0.35, Lmax=-0.06
12:28:15 [ultranest] [DEBUG] iteration=1569, ncalls=52144, regioncalls=2329760, ndraw=40, logz=-11.57, remainder_fraction=1.4453%, Lmin=-0.35, Lmax=-0.06
12:28:15 [ultranest] [DEBUG] iteration=1570, ncalls=52161, regioncalls=2330440, ndraw=40, logz=-11.57, remainder_fraction=1.4367%, Lmin=-0.34, Lmax=-0.06
12:28:15 [ultranest] [DEBUG] iteration=1572, ncalls=52189, regioncalls=2331560, ndraw=40, logz=-11.57, remainder_fraction=1.4190%, Lmin=-0.34, Lmax=-0.06
12:28:15 [ultranest] [DEBUG] iteration=1584, ncalls=52200, regioncalls=2332040, ndraw=40, logz=-11.57, remainder_fraction=1.3222%, Lmin=-0.34, Lmax=-0.06
12:28:16 [ultranest] [DEBUG] iteration=1606, ncalls=52245, regioncalls=2333840, ndraw=40, logz=-11.57, remainder_fraction=1.1597%, Lmin=-0.32, Lmax=-0.06
12:28:16 [ultranest] [DEBUG] iteration=1615, ncalls=52281, regioncalls=2335280, ndraw=40, logz=-11.57, remainder_fraction=1.1028%, Lmin=-0.32, Lmax=-0.06
12:28:17 [ultranest] [DEBUG] iteration=1619, ncalls=52347, regioncalls=2337920, ndraw=40, logz=-11.57, remainder_fraction=1.0782%, Lmin=-0.32, Lmax=-0.06
12:28:17 [ultranest] [DEBUG] iteration=1639, ncalls=52354, regioncalls=2338200, ndraw=40, logz=-11.57, remainder_fraction=0.9674%, Lmin=-0.31, Lmax=-0.06
12:28:17 [ultranest] [DEBUG] iteration=1648, ncalls=52397, regioncalls=2339920, ndraw=40, logz=-11.57, remainder_fraction=0.9222%, Lmin=-0.30, Lmax=-0.06
12:28:18 [ultranest] [DEBUG] iteration=1657, ncalls=52470, regioncalls=2342840, ndraw=40, logz=-11.57, remainder_fraction=0.8792%, Lmin=-0.29, Lmax=-0.06
12:28:18 [ultranest] [DEBUG] iteration=1660, ncalls=52484, regioncalls=2343400, ndraw=40, logz=-11.57, remainder_fraction=0.8660%, Lmin=-0.29, Lmax=-0.06
12:28:18 [ultranest] [DEBUG] iteration=1663, ncalls=52517, regioncalls=2344720, ndraw=40, logz=-11.57, remainder_fraction=0.8528%, Lmin=-0.29, Lmax=-0.06
12:28:18 [ultranest] [DEBUG] iteration=1665, ncalls=52550, regioncalls=2346040, ndraw=40, logz=-11.56, remainder_fraction=0.8438%, Lmin=-0.29, Lmax=-0.06
12:28:19 [ultranest] [DEBUG] iteration=1672, ncalls=52584, regioncalls=2347440, ndraw=40, logz=-11.56, remainder_fraction=0.8132%, Lmin=-0.29, Lmax=-0.06
12:28:19 [ultranest] [DEBUG] iteration=1675, ncalls=52608, regioncalls=2348400, ndraw=40, logz=-11.56, remainder_fraction=0.8002%, Lmin=-0.29, Lmax=-0.06
12:28:20 [ultranest] [DEBUG] iteration=1676, ncalls=52728, regioncalls=2353200, ndraw=40, logz=-11.56, remainder_fraction=0.7958%, Lmin=-0.28, Lmax=-0.06
12:28:20 [ultranest] [DEBUG] iteration=1689, ncalls=52772, regioncalls=2355080, ndraw=40, logz=-11.56, remainder_fraction=0.7453%, Lmin=-0.28, Lmax=-0.06
12:28:20 [ultranest] [DEBUG] iteration=1692, ncalls=52794, regioncalls=2355960, ndraw=40, logz=-11.56, remainder_fraction=0.7336%, Lmin=-0.28, Lmax=-0.06
12:28:21 [ultranest] [DEBUG] iteration=1699, ncalls=52908, regioncalls=2360520, ndraw=40, logz=-11.56, remainder_fraction=0.7080%, Lmin=-0.28, Lmax=-0.06
12:28:22 [ultranest] [DEBUG] iteration=1703, ncalls=52937, regioncalls=2361680, ndraw=40, logz=-11.56, remainder_fraction=0.6944%, Lmin=-0.28, Lmax=-0.06
12:28:22 [ultranest] [DEBUG] iteration=1707, ncalls=52956, regioncalls=2362440, ndraw=40, logz=-11.56, remainder_fraction=0.6797%, Lmin=-0.27, Lmax=-0.06
12:28:22 [ultranest] [DEBUG] iteration=1711, ncalls=53014, regioncalls=2364760, ndraw=40, logz=-11.56, remainder_fraction=0.6654%, Lmin=-0.27, Lmax=-0.06
12:28:23 [ultranest] [DEBUG] iteration=1742, ncalls=53119, regioncalls=2369160, ndraw=40, logz=-11.56, remainder_fraction=0.5638%, Lmin=-0.26, Lmax=-0.06
12:28:24 [ultranest] [DEBUG] iteration=1743, ncalls=53187, regioncalls=2371920, ndraw=40, logz=-11.56, remainder_fraction=0.5611%, Lmin=-0.26, Lmax=-0.06
12:28:24 [ultranest] [DEBUG] iteration=1745, ncalls=53199, regioncalls=2372400, ndraw=40, logz=-11.56, remainder_fraction=0.5550%, Lmin=-0.26, Lmax=-0.06
12:28:25 [ultranest] [DEBUG] iteration=1748, ncalls=53314, regioncalls=2377000, ndraw=40, logz=-11.56, remainder_fraction=0.5464%, Lmin=-0.26, Lmax=-0.06
12:28:25 [ultranest] [DEBUG] iteration=1763, ncalls=53326, regioncalls=2377480, ndraw=40, logz=-11.56, remainder_fraction=0.5045%, Lmin=-0.25, Lmax=-0.06
12:28:25 [ultranest] [DEBUG] iteration=1765, ncalls=53343, regioncalls=2378160, ndraw=40, logz=-11.56, remainder_fraction=0.4991%, Lmin=-0.25, Lmax=-0.06
12:28:26 [ultranest] [DEBUG] iteration=1771, ncalls=53455, regioncalls=2382640, ndraw=40, logz=-11.56, remainder_fraction=0.4837%, Lmin=-0.25, Lmax=-0.06
12:28:26 [ultranest] [DEBUG] iteration=1774, ncalls=53490, regioncalls=2384040, ndraw=40, logz=-11.56, remainder_fraction=0.4760%, Lmin=-0.25, Lmax=-0.06
12:28:26 [ultranest] [DEBUG] iteration=1776, ncalls=53524, regioncalls=2385400, ndraw=40, logz=-11.56, remainder_fraction=0.4709%, Lmin=-0.25, Lmax=-0.06
12:28:27 [ultranest] [DEBUG] iteration=1782, ncalls=53615, regioncalls=2389040, ndraw=40, logz=-11.56, remainder_fraction=0.4562%, Lmin=-0.25, Lmax=-0.06
12:28:28 [ultranest] [DEBUG] iteration=1788, ncalls=53760, regioncalls=2394840, ndraw=40, logz=-11.56, remainder_fraction=0.4425%, Lmin=-0.24, Lmax=-0.06
12:28:30 [ultranest] [DEBUG] iteration=1791, ncalls=54024, regioncalls=2405400, ndraw=40, logz=-11.56, remainder_fraction=0.4359%, Lmin=-0.24, Lmax=-0.06
12:28:32 [ultranest] [DEBUG] iteration=1803, ncalls=54247, regioncalls=2414320, ndraw=40, logz=-11.56, remainder_fraction=0.4090%, Lmin=-0.24, Lmax=-0.06
12:28:33 [ultranest] [DEBUG] iteration=1804, ncalls=54297, regioncalls=2416320, ndraw=40, logz=-11.56, remainder_fraction=0.4069%, Lmin=-0.24, Lmax=-0.06
12:28:33 [ultranest] [DEBUG] iteration=1818, ncalls=54329, regioncalls=2417600, ndraw=40, logz=-11.56, remainder_fraction=0.3785%, Lmin=-0.23, Lmax=-0.06
12:28:34 [ultranest] [DEBUG] iteration=1819, ncalls=54460, regioncalls=2422840, ndraw=40, logz=-11.56, remainder_fraction=0.3765%, Lmin=-0.23, Lmax=-0.06
12:28:34 [ultranest] [DEBUG] iteration=1827, ncalls=54486, regioncalls=2423880, ndraw=40, logz=-11.56, remainder_fraction=0.3608%, Lmin=-0.23, Lmax=-0.06
12:28:34 [ultranest] [DEBUG] iteration=1840, ncalls=54538, regioncalls=2425960, ndraw=40, logz=-11.56, remainder_fraction=0.3368%, Lmin=-0.23, Lmax=-0.06
12:28:35 [ultranest] [DEBUG] iteration=1850, ncalls=54645, regioncalls=2430240, ndraw=40, logz=-11.56, remainder_fraction=0.3194%, Lmin=-0.22, Lmax=-0.06
12:28:36 [ultranest] [DEBUG] iteration=1851, ncalls=54687, regioncalls=2431920, ndraw=40, logz=-11.56, remainder_fraction=0.3176%, Lmin=-0.22, Lmax=-0.06
12:28:36 [ultranest] [DEBUG] iteration=1858, ncalls=54710, regioncalls=2432840, ndraw=40, logz=-11.56, remainder_fraction=0.3062%, Lmin=-0.22, Lmax=-0.06
12:28:36 [ultranest] [DEBUG] iteration=1863, ncalls=54726, regioncalls=2433480, ndraw=40, logz=-11.56, remainder_fraction=0.2982%, Lmin=-0.22, Lmax=-0.06
12:28:36 [ultranest] [DEBUG] iteration=1869, ncalls=54790, regioncalls=2436040, ndraw=40, logz=-11.56, remainder_fraction=0.2890%, Lmin=-0.22, Lmax=-0.06
12:28:37 [ultranest] [DEBUG] iteration=1872, ncalls=54814, regioncalls=2437000, ndraw=40, logz=-11.56, remainder_fraction=0.2843%, Lmin=-0.22, Lmax=-0.06
12:28:37 [ultranest] [DEBUG] iteration=1873, ncalls=54869, regioncalls=2439200, ndraw=40, logz=-11.56, remainder_fraction=0.2828%, Lmin=-0.22, Lmax=-0.06
12:28:38 [ultranest] [DEBUG] iteration=1879, ncalls=54910, regioncalls=2440840, ndraw=40, logz=-11.56, remainder_fraction=0.2740%, Lmin=-0.22, Lmax=-0.06
12:28:38 [ultranest] [DEBUG] iteration=1884, ncalls=54922, regioncalls=2441520, ndraw=40, logz=-11.56, remainder_fraction=0.2668%, Lmin=-0.22, Lmax=-0.06
12:28:39 [ultranest] [DEBUG] iteration=1887, ncalls=55128, regioncalls=2449840, ndraw=40, logz=-11.56, remainder_fraction=0.2625%, Lmin=-0.21, Lmax=-0.06
12:28:40 [ultranest] [DEBUG] iteration=1890, ncalls=55158, regioncalls=2451040, ndraw=40, logz=-11.56, remainder_fraction=0.2584%, Lmin=-0.21, Lmax=-0.06
12:28:40 [ultranest] [DEBUG] iteration=1891, ncalls=55199, regioncalls=2452680, ndraw=40, logz=-11.56, remainder_fraction=0.2571%, Lmin=-0.21, Lmax=-0.06
12:28:40 [ultranest] [DEBUG] iteration=1894, ncalls=55258, regioncalls=2455360, ndraw=40, logz=-11.56, remainder_fraction=0.2529%, Lmin=-0.21, Lmax=-0.06
12:28:41 [ultranest] [DEBUG] iteration=1903, ncalls=55299, regioncalls=2457080, ndraw=40, logz=-11.56, remainder_fraction=0.2413%, Lmin=-0.21, Lmax=-0.06
12:28:41 [ultranest] [DEBUG] iteration=1905, ncalls=55346, regioncalls=2458960, ndraw=40, logz=-11.56, remainder_fraction=0.2387%, Lmin=-0.21, Lmax=-0.06
12:28:42 [ultranest] [DEBUG] iteration=1910, ncalls=55406, regioncalls=2461360, ndraw=40, logz=-11.56, remainder_fraction=0.2324%, Lmin=-0.21, Lmax=-0.06
12:28:42 [ultranest] [DEBUG] iteration=1920, ncalls=55443, regioncalls=2462840, ndraw=40, logz=-11.56, remainder_fraction=0.2201%, Lmin=-0.20, Lmax=-0.06
12:28:43 [ultranest] [DEBUG] iteration=1921, ncalls=55535, regioncalls=2466520, ndraw=40, logz=-11.56, remainder_fraction=0.2189%, Lmin=-0.20, Lmax=-0.06
12:28:43 [ultranest] [DEBUG] iteration=1922, ncalls=55597, regioncalls=2469160, ndraw=40, logz=-11.56, remainder_fraction=0.2178%, Lmin=-0.20, Lmax=-0.06
12:28:44 [ultranest] [DEBUG] iteration=1923, ncalls=55684, regioncalls=2472720, ndraw=40, logz=-11.56, remainder_fraction=0.2167%, Lmin=-0.20, Lmax=-0.06
12:28:46 [ultranest] [DEBUG] iteration=1931, ncalls=55918, regioncalls=2482600, ndraw=40, logz=-11.56, remainder_fraction=0.2076%, Lmin=-0.20, Lmax=-0.06
12:28:48 [ultranest] [DEBUG] iteration=1937, ncalls=56161, regioncalls=2492480, ndraw=40, logz=-11.56, remainder_fraction=0.2010%, Lmin=-0.20, Lmax=-0.06
12:28:48 [ultranest] [DEBUG] iteration=1948, ncalls=56249, regioncalls=2496000, ndraw=40, logz=-11.56, remainder_fraction=0.1896%, Lmin=-0.19, Lmax=-0.06
12:28:49 [ultranest] [DEBUG] iteration=1962, ncalls=56277, regioncalls=2497120, ndraw=40, logz=-11.56, remainder_fraction=0.1759%, Lmin=-0.19, Lmax=-0.06
12:28:49 [ultranest] [DEBUG] iteration=1966, ncalls=56339, regioncalls=2499600, ndraw=40, logz=-11.56, remainder_fraction=0.1723%, Lmin=-0.19, Lmax=-0.06
12:28:49 [ultranest] [DEBUG] iteration=1968, ncalls=56394, regioncalls=2501800, ndraw=40, logz=-11.56, remainder_fraction=0.1704%, Lmin=-0.19, Lmax=-0.06
12:28:50 [ultranest] [DEBUG] iteration=1970, ncalls=56457, regioncalls=2504320, ndraw=40, logz=-11.56, remainder_fraction=0.1687%, Lmin=-0.19, Lmax=-0.06
12:28:51 [ultranest] [DEBUG] iteration=1980, ncalls=56548, regioncalls=2507960, ndraw=40, logz=-11.56, remainder_fraction=0.1600%, Lmin=-0.18, Lmax=-0.06
12:28:52 [ultranest] [DEBUG] iteration=1981, ncalls=56698, regioncalls=2514040, ndraw=40, logz=-11.56, remainder_fraction=0.1591%, Lmin=-0.18, Lmax=-0.06
12:28:52 [ultranest] [DEBUG] iteration=1982, ncalls=56718, regioncalls=2514840, ndraw=40, logz=-11.56, remainder_fraction=0.1583%, Lmin=-0.18, Lmax=-0.06
12:28:53 [ultranest] [DEBUG] iteration=1983, ncalls=56786, regioncalls=2517560, ndraw=40, logz=-11.56, remainder_fraction=0.1574%, Lmin=-0.18, Lmax=-0.06
12:28:53 [ultranest] [DEBUG] iteration=1984, ncalls=56838, regioncalls=2519640, ndraw=40, logz=-11.56, remainder_fraction=0.1566%, Lmin=-0.18, Lmax=-0.06
12:28:54 [ultranest] [DEBUG] iteration=1986, ncalls=56890, regioncalls=2521720, ndraw=40, logz=-11.56, remainder_fraction=0.1549%, Lmin=-0.18, Lmax=-0.06
12:28:54 [ultranest] [DEBUG] iteration=1987, ncalls=56962, regioncalls=2524600, ndraw=40, logz=-11.56, remainder_fraction=0.1541%, Lmin=-0.18, Lmax=-0.06
12:28:55 [ultranest] [DEBUG] iteration=1988, ncalls=57084, regioncalls=2529520, ndraw=40, logz=-11.56, remainder_fraction=0.1532%, Lmin=-0.18, Lmax=-0.06
12:28:56 [ultranest] [DEBUG] iteration=1989, ncalls=57155, regioncalls=2532360, ndraw=40, logz=-11.56, remainder_fraction=0.1524%, Lmin=-0.18, Lmax=-0.06
12:28:57 [ultranest] [DEBUG] iteration=1990, ncalls=57276, regioncalls=2537280, ndraw=40, logz=-11.56, remainder_fraction=0.1516%, Lmin=-0.18, Lmax=-0.06
12:28:57 [ultranest] [DEBUG] iteration=1991, ncalls=57344, regioncalls=2540120, ndraw=40, logz=-11.56, remainder_fraction=0.1508%, Lmin=-0.18, Lmax=-0.06
12:28:59 [ultranest] [DEBUG] iteration=1992, ncalls=57612, regioncalls=2551080, ndraw=40, logz=-11.56, remainder_fraction=0.1500%, Lmin=-0.18, Lmax=-0.06
12:29:00 [ultranest] [DEBUG] iteration=1993, ncalls=57644, regioncalls=2552360, ndraw=40, logz=-11.56, remainder_fraction=0.1492%, Lmin=-0.18, Lmax=-0.06
12:29:01 [ultranest] [DEBUG] iteration=1994, ncalls=57871, regioncalls=2562040, ndraw=40, logz=-11.56, remainder_fraction=0.1483%, Lmin=-0.18, Lmax=-0.06
12:29:02 [ultranest] [DEBUG] iteration=1995, ncalls=57939, regioncalls=2564760, ndraw=40, logz=-11.56, remainder_fraction=0.1476%, Lmin=-0.18, Lmax=-0.06
12:29:02 [ultranest] [DEBUG] iteration=1997, ncalls=57958, regioncalls=2565520, ndraw=40, logz=-11.56, remainder_fraction=0.1460%, Lmin=-0.18, Lmax=-0.06
12:29:02 [ultranest] [DEBUG] iteration=1998, ncalls=57995, regioncalls=2567000, ndraw=40, logz=-11.56, remainder_fraction=0.1452%, Lmin=-0.18, Lmax=-0.06
12:29:03 [ultranest] [DEBUG] iteration=1999, ncalls=58035, regioncalls=2568600, ndraw=40, logz=-11.56, remainder_fraction=0.1445%, Lmin=-0.18, Lmax=-0.06
12:29:04 [ultranest] [DEBUG] iteration=2000, ncalls=58149, regioncalls=2573160, ndraw=40, logz=-11.56, remainder_fraction=0.1437%, Lmin=-0.18, Lmax=-0.06
12:29:04 [ultranest] [DEBUG] iteration=2001, ncalls=58237, regioncalls=2576680, ndraw=40, logz=-11.56, remainder_fraction=0.1429%, Lmin=-0.18, Lmax=-0.06
12:29:06 [ultranest] [DEBUG] iteration=2002, ncalls=58461, regioncalls=2586160, ndraw=40, logz=-11.56, remainder_fraction=0.1422%, Lmin=-0.18, Lmax=-0.06
12:29:06 [ultranest] [DEBUG] iteration=2003, ncalls=58509, regioncalls=2588200, ndraw=40, logz=-11.56, remainder_fraction=0.1414%, Lmin=-0.18, Lmax=-0.06
12:29:07 [ultranest] [DEBUG] iteration=2004, ncalls=58522, regioncalls=2588880, ndraw=40, logz=-11.56, remainder_fraction=0.1407%, Lmin=-0.18, Lmax=-0.06
12:29:07 [ultranest] [DEBUG] iteration=2005, ncalls=58598, regioncalls=2591920, ndraw=40, logz=-11.56, remainder_fraction=0.1399%, Lmin=-0.18, Lmax=-0.06
12:29:08 [ultranest] [DEBUG] iteration=2006, ncalls=58703, regioncalls=2596240, ndraw=40, logz=-11.56, remainder_fraction=0.1391%, Lmin=-0.18, Lmax=-0.06
12:29:08 [ultranest] [DEBUG] iteration=2007, ncalls=58739, regioncalls=2597720, ndraw=40, logz=-11.56, remainder_fraction=0.1384%, Lmin=-0.18, Lmax=-0.06
12:29:09 [ultranest] [DEBUG] iteration=2008, ncalls=58778, regioncalls=2599400, ndraw=40, logz=-11.56, remainder_fraction=0.1376%, Lmin=-0.18, Lmax=-0.06
12:29:09 [ultranest] [DEBUG] iteration=2009, ncalls=58854, regioncalls=2602440, ndraw=40, logz=-11.56, remainder_fraction=0.1369%, Lmin=-0.18, Lmax=-0.06
12:29:10 [ultranest] [DEBUG] iteration=2010, ncalls=58984, regioncalls=2607760, ndraw=40, logz=-11.56, remainder_fraction=0.1362%, Lmin=-0.18, Lmax=-0.06
12:29:11 [ultranest] [DEBUG] iteration=2011, ncalls=59006, regioncalls=2608640, ndraw=40, logz=-11.56, remainder_fraction=0.1354%, Lmin=-0.18, Lmax=-0.06
12:29:11 [ultranest] [DEBUG] iteration=2012, ncalls=59028, regioncalls=2609520, ndraw=40, logz=-11.56, remainder_fraction=0.1347%, Lmin=-0.18, Lmax=-0.06
12:29:12 [ultranest] [DEBUG] iteration=2013, ncalls=59108, regioncalls=2612720, ndraw=40, logz=-11.56, remainder_fraction=0.1340%, Lmin=-0.18, Lmax=-0.06
12:29:12 [ultranest] [DEBUG] iteration=2014, ncalls=59145, regioncalls=2614240, ndraw=40, logz=-11.56, remainder_fraction=0.1333%, Lmin=-0.18, Lmax=-0.06
12:29:12 [ultranest] [DEBUG] iteration=2015, ncalls=59202, regioncalls=2616520, ndraw=40, logz=-11.56, remainder_fraction=0.1326%, Lmin=-0.18, Lmax=-0.06
12:29:13 [ultranest] [DEBUG] iteration=2017, ncalls=59256, regioncalls=2618720, ndraw=40, logz=-11.56, remainder_fraction=0.1311%, Lmin=-0.18, Lmax=-0.06
12:29:13 [ultranest] [DEBUG] iteration=2018, ncalls=59313, regioncalls=2621240, ndraw=40, logz=-11.56, remainder_fraction=0.1305%, Lmin=-0.18, Lmax=-0.06
12:29:13 [ultranest] [DEBUG] iteration=2019, ncalls=59326, regioncalls=2621760, ndraw=40, logz=-11.56, remainder_fraction=0.1298%, Lmin=-0.18, Lmax=-0.06
12:29:14 [ultranest] [DEBUG] iteration=2020, ncalls=59360, regioncalls=2623160, ndraw=40, logz=-11.56, remainder_fraction=0.1291%, Lmin=-0.18, Lmax=-0.06
12:29:14 [ultranest] [DEBUG] iteration=2021, ncalls=59439, regioncalls=2626360, ndraw=40, logz=-11.56, remainder_fraction=0.1284%, Lmin=-0.18, Lmax=-0.06
12:29:15 [ultranest] [DEBUG] iteration=2022, ncalls=59477, regioncalls=2628040, ndraw=40, logz=-11.56, remainder_fraction=0.1277%, Lmin=-0.18, Lmax=-0.06
12:29:15 [ultranest] [DEBUG] iteration=2023, ncalls=59531, regioncalls=2630240, ndraw=40, logz=-11.56, remainder_fraction=0.1270%, Lmin=-0.18, Lmax=-0.06
12:29:15 [ultranest] [DEBUG] iteration=2024, ncalls=59567, regioncalls=2631680, ndraw=40, logz=-11.56, remainder_fraction=0.1264%, Lmin=-0.18, Lmax=-0.06
12:29:16 [ultranest] [DEBUG] iteration=2025, ncalls=59617, regioncalls=2633840, ndraw=40, logz=-11.56, remainder_fraction=0.1257%, Lmin=-0.18, Lmax=-0.06
12:29:16 [ultranest] [DEBUG] iteration=2026, ncalls=59640, regioncalls=2634760, ndraw=40, logz=-11.56, remainder_fraction=0.1250%, Lmin=-0.18, Lmax=-0.06
12:29:16 [ultranest] [DEBUG] iteration=2027, ncalls=59662, regioncalls=2635640, ndraw=40, logz=-11.56, remainder_fraction=0.1244%, Lmin=-0.17, Lmax=-0.06
12:29:17 [ultranest] [DEBUG] iteration=2029, ncalls=59762, regioncalls=2639640, ndraw=40, logz=-11.56, remainder_fraction=0.1230%, Lmin=-0.17, Lmax=-0.06
12:29:17 [ultranest] [DEBUG] iteration=2030, ncalls=59810, regioncalls=2641560, ndraw=40, logz=-11.56, remainder_fraction=0.1224%, Lmin=-0.17, Lmax=-0.06
12:29:18 [ultranest] [DEBUG] iteration=2032, ncalls=59967, regioncalls=2647840, ndraw=40, logz=-11.56, remainder_fraction=0.1211%, Lmin=-0.17, Lmax=-0.06
12:29:19 [ultranest] [DEBUG] iteration=2033, ncalls=59982, regioncalls=2648440, ndraw=40, logz=-11.56, remainder_fraction=0.1204%, Lmin=-0.17, Lmax=-0.06
12:29:19 [ultranest] [DEBUG] iteration=2034, ncalls=60019, regioncalls=2649920, ndraw=40, logz=-11.56, remainder_fraction=0.1198%, Lmin=-0.17, Lmax=-0.06
12:29:19 [ultranest] [DEBUG] iteration=2037, ncalls=60069, regioncalls=2651920, ndraw=40, logz=-11.56, remainder_fraction=0.1179%, Lmin=-0.17, Lmax=-0.06
12:29:21 [ultranest] [DEBUG] iteration=2038, ncalls=60222, regioncalls=2658040, ndraw=40, logz=-11.56, remainder_fraction=0.1173%, Lmin=-0.17, Lmax=-0.06
12:29:21 [ultranest] [DEBUG] iteration=2040, ncalls=60238, regioncalls=2658680, ndraw=40, logz=-11.56, remainder_fraction=0.1160%, Lmin=-0.17, Lmax=-0.06
12:29:21 [ultranest] [DEBUG] iteration=2041, ncalls=60308, regioncalls=2661480, ndraw=40, logz=-11.56, remainder_fraction=0.1154%, Lmin=-0.17, Lmax=-0.06
12:29:22 [ultranest] [DEBUG] iteration=2042, ncalls=60392, regioncalls=2664840, ndraw=40, logz=-11.56, remainder_fraction=0.1148%, Lmin=-0.17, Lmax=-0.06
12:29:24 [ultranest] [DEBUG] iteration=2043, ncalls=60636, regioncalls=2674600, ndraw=40, logz=-11.56, remainder_fraction=0.1142%, Lmin=-0.17, Lmax=-0.06
12:29:24 [ultranest] [DEBUG] iteration=2044, ncalls=60651, regioncalls=2675200, ndraw=40, logz=-11.56, remainder_fraction=0.1136%, Lmin=-0.17, Lmax=-0.06
12:29:24 [ultranest] [DEBUG] iteration=2045, ncalls=60672, regioncalls=2676040, ndraw=40, logz=-11.56, remainder_fraction=0.1129%, Lmin=-0.17, Lmax=-0.06
12:29:24 [ultranest] [DEBUG] iteration=2046, ncalls=60686, regioncalls=2676600, ndraw=40, logz=-11.56, remainder_fraction=0.1123%, Lmin=-0.17, Lmax=-0.06
12:29:25 [ultranest] [DEBUG] iteration=2047, ncalls=60729, regioncalls=2678320, ndraw=40, logz=-11.56, remainder_fraction=0.1117%, Lmin=-0.17, Lmax=-0.06
12:29:25 [ultranest] [DEBUG] iteration=2048, ncalls=60757, regioncalls=2679440, ndraw=40, logz=-11.56, remainder_fraction=0.1111%, Lmin=-0.17, Lmax=-0.06
12:29:25 [ultranest] [DEBUG] iteration=2049, ncalls=60826, regioncalls=2682200, ndraw=40, logz=-11.56, remainder_fraction=0.1105%, Lmin=-0.17, Lmax=-0.06
12:29:25 [ultranest] [DEBUG] iteration=2050, ncalls=60840, regioncalls=2682760, ndraw=40, logz=-11.56, remainder_fraction=0.1099%, Lmin=-0.17, Lmax=-0.06
12:29:26 [ultranest] [DEBUG] iteration=2052, ncalls=60860, regioncalls=2683560, ndraw=40, logz=-11.56, remainder_fraction=0.1088%, Lmin=-0.17, Lmax=-0.06
12:29:26 [ultranest] [DEBUG] iteration=2053, ncalls=60927, regioncalls=2686240, ndraw=40, logz=-11.56, remainder_fraction=0.1082%, Lmin=-0.17, Lmax=-0.06
12:29:26 [ultranest] [DEBUG] iteration=2054, ncalls=60996, regioncalls=2689000, ndraw=40, logz=-11.56, remainder_fraction=0.1077%, Lmin=-0.17, Lmax=-0.06
12:29:27 [ultranest] [DEBUG] iteration=2055, ncalls=61089, regioncalls=2692720, ndraw=40, logz=-11.56, remainder_fraction=0.1071%, Lmin=-0.17, Lmax=-0.06
12:29:28 [ultranest] [DEBUG] iteration=2056, ncalls=61171, regioncalls=2696000, ndraw=40, logz=-11.56, remainder_fraction=0.1065%, Lmin=-0.17, Lmax=-0.06
12:29:28 [ultranest] [DEBUG] iteration=2057, ncalls=61185, regioncalls=2696560, ndraw=40, logz=-11.56, remainder_fraction=0.1060%, Lmin=-0.17, Lmax=-0.06
12:29:29 [ultranest] [DEBUG] iteration=2058, ncalls=61340, regioncalls=2702760, ndraw=40, logz=-11.56, remainder_fraction=0.1054%, Lmin=-0.17, Lmax=-0.06
12:29:29 [ultranest] [DEBUG] iteration=2059, ncalls=61364, regioncalls=2703720, ndraw=40, logz=-11.56, remainder_fraction=0.1048%, Lmin=-0.16, Lmax=-0.06
12:29:30 [ultranest] [DEBUG] iteration=2060, ncalls=61476, regioncalls=2708200, ndraw=40, logz=-11.56, remainder_fraction=0.1043%, Lmin=-0.16, Lmax=-0.06
12:29:30 [ultranest] [DEBUG] iteration=2062, ncalls=61494, regioncalls=2708920, ndraw=40, logz=-11.56, remainder_fraction=0.1031%, Lmin=-0.16, Lmax=-0.06
12:29:30 [ultranest] [DEBUG] iteration=2063, ncalls=61511, regioncalls=2709600, ndraw=40, logz=-11.56, remainder_fraction=0.1026%, Lmin=-0.16, Lmax=-0.06
12:29:31 [ultranest] [DEBUG] iteration=2065, ncalls=61587, regioncalls=2712640, ndraw=40, logz=-11.56, remainder_fraction=0.1015%, Lmin=-0.16, Lmax=-0.06
12:29:31 [ultranest] [DEBUG] iteration=2066, ncalls=61623, regioncalls=2714080, ndraw=40, logz=-11.56, remainder_fraction=0.1009%, Lmin=-0.16, Lmax=-0.06
12:29:31 [ultranest] [DEBUG] iteration=2067, ncalls=61662, regioncalls=2715640, ndraw=40, logz=-11.56, remainder_fraction=0.1004%, Lmin=-0.16, Lmax=-0.06
12:29:32 [ultranest] [DEBUG] iteration=2068, ncalls=61755, regioncalls=2719360, ndraw=40, logz=-11.56, remainder_fraction=0.0998%, Lmin=-0.16, Lmax=-0.06
12:29:33 [ultranest] [DEBUG] iteration=2069, ncalls=61809, regioncalls=2721520, ndraw=40, logz=-11.56, remainder_fraction=0.0993%, Lmin=-0.16, Lmax=-0.06
12:29:33 [ultranest] [DEBUG] iteration=2071, ncalls=61909, regioncalls=2725520, ndraw=40, logz=-11.56, remainder_fraction=0.0982%, Lmin=-0.16, Lmax=-0.06
12:29:35 [ultranest] [DEBUG] iteration=2072, ncalls=62093, regioncalls=2732880, ndraw=40, logz=-11.56, remainder_fraction=0.0977%, Lmin=-0.16, Lmax=-0.06
12:29:35 [ultranest] [DEBUG] iteration=2073, ncalls=62118, regioncalls=2733880, ndraw=40, logz=-11.56, remainder_fraction=0.0972%, Lmin=-0.16, Lmax=-0.06
12:29:35 [ultranest] [DEBUG] iteration=2074, ncalls=62179, regioncalls=2736320, ndraw=40, logz=-11.56, remainder_fraction=0.0967%, Lmin=-0.16, Lmax=-0.06
12:29:36 [ultranest] [DEBUG] iteration=2076, ncalls=62256, regioncalls=2739400, ndraw=40, logz=-11.56, remainder_fraction=0.0956%, Lmin=-0.16, Lmax=-0.06
12:29:36 [ultranest] [DEBUG] iteration=2077, ncalls=62317, regioncalls=2741840, ndraw=40, logz=-11.56, remainder_fraction=0.0951%, Lmin=-0.16, Lmax=-0.06
12:29:37 [ultranest] [DEBUG] iteration=2078, ncalls=62385, regioncalls=2744560, ndraw=40, logz=-11.56, remainder_fraction=0.0946%, Lmin=-0.16, Lmax=-0.06
12:29:37 [ultranest] [DEBUG] iteration=2079, ncalls=62448, regioncalls=2747080, ndraw=40, logz=-11.56, remainder_fraction=0.0941%, Lmin=-0.16, Lmax=-0.06
12:29:37 [ultranest] [DEBUG] iteration=2080, ncalls=62458, regioncalls=2747480, ndraw=40, logz=-11.56, remainder_fraction=0.0935%, Lmin=-0.16, Lmax=-0.06
12:29:38 [ultranest] [DEBUG] iteration=2082, ncalls=62533, regioncalls=2750480, ndraw=40, logz=-11.56, remainder_fraction=0.0926%, Lmin=-0.16, Lmax=-0.06
12:29:38 [ultranest] [DEBUG] iteration=2083, ncalls=62637, regioncalls=2754640, ndraw=40, logz=-11.56, remainder_fraction=0.0921%, Lmin=-0.16, Lmax=-0.06
12:29:40 [ultranest] [DEBUG] iteration=2084, ncalls=62783, regioncalls=2760480, ndraw=40, logz=-11.56, remainder_fraction=0.0916%, Lmin=-0.16, Lmax=-0.06
12:29:40 [ultranest] [DEBUG] iteration=2086, ncalls=62804, regioncalls=2761320, ndraw=40, logz=-11.56, remainder_fraction=0.0906%, Lmin=-0.16, Lmax=-0.06
12:29:40 [ultranest] [DEBUG] iteration=2087, ncalls=62837, regioncalls=2762640, ndraw=40, logz=-11.56, remainder_fraction=0.0902%, Lmin=-0.16, Lmax=-0.06
12:29:40 [ultranest] [DEBUG] iteration=2088, ncalls=62912, regioncalls=2765640, ndraw=40, logz=-11.56, remainder_fraction=0.0897%, Lmin=-0.16, Lmax=-0.06
12:29:42 [ultranest] [DEBUG] iteration=2089, ncalls=63077, regioncalls=2772240, ndraw=40, logz=-11.56, remainder_fraction=0.0892%, Lmin=-0.16, Lmax=-0.06
12:29:43 [ultranest] [DEBUG] iteration=2091, ncalls=63232, regioncalls=2778440, ndraw=40, logz=-11.56, remainder_fraction=0.0883%, Lmin=-0.16, Lmax=-0.06
12:29:43 [ultranest] [DEBUG] iteration=2094, ncalls=63261, regioncalls=2779600, ndraw=40, logz=-11.56, remainder_fraction=0.0869%, Lmin=-0.15, Lmax=-0.06
12:29:43 [ultranest] [DEBUG] iteration=2095, ncalls=63292, regioncalls=2780840, ndraw=40, logz=-11.56, remainder_fraction=0.0864%, Lmin=-0.15, Lmax=-0.06
12:29:44 [ultranest] [DEBUG] iteration=2096, ncalls=63370, regioncalls=2783960, ndraw=40, logz=-11.56, remainder_fraction=0.0859%, Lmin=-0.15, Lmax=-0.06
12:29:44 [ultranest] [DEBUG] iteration=2097, ncalls=63400, regioncalls=2785160, ndraw=40, logz=-11.56, remainder_fraction=0.0855%, Lmin=-0.15, Lmax=-0.06
12:29:44 [ultranest] [DEBUG] iteration=2098, ncalls=63470, regioncalls=2787960, ndraw=40, logz=-11.56, remainder_fraction=0.0850%, Lmin=-0.15, Lmax=-0.06
12:29:45 [ultranest] [DEBUG] iteration=2099, ncalls=63493, regioncalls=2788880, ndraw=40, logz=-11.56, remainder_fraction=0.0846%, Lmin=-0.15, Lmax=-0.06
12:29:45 [ultranest] [DEBUG] iteration=2101, ncalls=63519, regioncalls=2789920, ndraw=40, logz=-11.56, remainder_fraction=0.0837%, Lmin=-0.15, Lmax=-0.06
12:29:45 [ultranest] [DEBUG] iteration=2102, ncalls=63599, regioncalls=2793120, ndraw=40, logz=-11.56, remainder_fraction=0.0832%, Lmin=-0.15, Lmax=-0.06
12:29:46 [ultranest] [DEBUG] iteration=2103, ncalls=63644, regioncalls=2794960, ndraw=40, logz=-11.56, remainder_fraction=0.0828%, Lmin=-0.15, Lmax=-0.06
12:29:47 [ultranest] [DEBUG] iteration=2104, ncalls=63755, regioncalls=2799640, ndraw=40, logz=-11.56, remainder_fraction=0.0823%, Lmin=-0.15, Lmax=-0.06
12:29:47 [ultranest] [DEBUG] iteration=2105, ncalls=63806, regioncalls=2801680, ndraw=40, logz=-11.56, remainder_fraction=0.0819%, Lmin=-0.15, Lmax=-0.06
12:29:47 [ultranest] [DEBUG] iteration=2106, ncalls=63829, regioncalls=2802600, ndraw=40, logz=-11.56, remainder_fraction=0.0815%, Lmin=-0.15, Lmax=-0.06
12:29:48 [ultranest] [DEBUG] iteration=2107, ncalls=63924, regioncalls=2806520, ndraw=40, logz=-11.56, remainder_fraction=0.0811%, Lmin=-0.15, Lmax=-0.06
12:29:48 [ultranest] [DEBUG] iteration=2108, ncalls=63987, regioncalls=2809040, ndraw=40, logz=-11.56, remainder_fraction=0.0806%, Lmin=-0.15, Lmax=-0.06
12:29:48 [ultranest] [DEBUG] iteration=2109, ncalls=64015, regioncalls=2810160, ndraw=40, logz=-11.56, remainder_fraction=0.0802%, Lmin=-0.15, Lmax=-0.06
12:29:49 [ultranest] [DEBUG] iteration=2110, ncalls=64066, regioncalls=2812200, ndraw=40, logz=-11.56, remainder_fraction=0.0797%, Lmin=-0.15, Lmax=-0.06
12:29:49 [ultranest] [DEBUG] iteration=2111, ncalls=64089, regioncalls=2813120, ndraw=40, logz=-11.56, remainder_fraction=0.0793%, Lmin=-0.15, Lmax=-0.06
12:29:49 [ultranest] [DEBUG] iteration=2112, ncalls=64104, regioncalls=2813720, ndraw=40, logz=-11.56, remainder_fraction=0.0789%, Lmin=-0.15, Lmax=-0.06
12:29:49 [ultranest] [DEBUG] iteration=2113, ncalls=64127, regioncalls=2814640, ndraw=40, logz=-11.56, remainder_fraction=0.0784%, Lmin=-0.15, Lmax=-0.06
12:29:50 [ultranest] [DEBUG] iteration=2114, ncalls=64183, regioncalls=2816880, ndraw=40, logz=-11.56, remainder_fraction=0.0780%, Lmin=-0.15, Lmax=-0.06
12:29:51 [ultranest] [DEBUG] iteration=2116, ncalls=64431, regioncalls=2826800, ndraw=40, logz=-11.56, remainder_fraction=0.0772%, Lmin=-0.15, Lmax=-0.06
12:29:52 [ultranest] [DEBUG] iteration=2117, ncalls=64477, regioncalls=2828640, ndraw=40, logz=-11.56, remainder_fraction=0.0767%, Lmin=-0.15, Lmax=-0.06
12:29:53 [ultranest] [DEBUG] iteration=2118, ncalls=64621, regioncalls=2834400, ndraw=40, logz=-11.56, remainder_fraction=0.0763%, Lmin=-0.15, Lmax=-0.06
12:29:54 [ultranest] [DEBUG] iteration=2119, ncalls=64852, regioncalls=2843720, ndraw=40, logz=-11.56, remainder_fraction=0.0759%, Lmin=-0.15, Lmax=-0.06
12:29:54 [ultranest] [DEBUG] iteration=2120, ncalls=64860, regioncalls=2844040, ndraw=40, logz=-11.56, remainder_fraction=0.0755%, Lmin=-0.15, Lmax=-0.06
12:29:55 [ultranest] [DEBUG] iteration=2121, ncalls=64974, regioncalls=2848680, ndraw=40, logz=-11.56, remainder_fraction=0.0751%, Lmin=-0.15, Lmax=-0.06
12:29:56 [ultranest] [DEBUG] iteration=2122, ncalls=65021, regioncalls=2850560, ndraw=40, logz=-11.56, remainder_fraction=0.0747%, Lmin=-0.15, Lmax=-0.06
12:29:57 [ultranest] [DEBUG] iteration=2123, ncalls=65155, regioncalls=2855920, ndraw=40, logz=-11.56, remainder_fraction=0.0743%, Lmin=-0.15, Lmax=-0.06
12:29:57 [ultranest] [DEBUG] iteration=2125, ncalls=65179, regioncalls=2856880, ndraw=40, logz=-11.56, remainder_fraction=0.0735%, Lmin=-0.15, Lmax=-0.06
12:29:57 [ultranest] [DEBUG] iteration=2127, ncalls=65262, regioncalls=2860200, ndraw=40, logz=-11.56, remainder_fraction=0.0727%, Lmin=-0.15, Lmax=-0.06
12:29:58 [ultranest] [DEBUG] iteration=2128, ncalls=65318, regioncalls=2862440, ndraw=40, logz=-11.56, remainder_fraction=0.0724%, Lmin=-0.15, Lmax=-0.06
12:29:58 [ultranest] [DEBUG] iteration=2129, ncalls=65365, regioncalls=2864320, ndraw=40, logz=-11.56, remainder_fraction=0.0720%, Lmin=-0.14, Lmax=-0.06
12:29:58 [ultranest] [INFO] Explored until L=-0.06  
12:29:58 [ultranest] [INFO] Likelihood function evaluations: 65377
12:29:59 [ultranest] [INFO] Writing samples and results to disk ...
12:29:59 [ultranest] [INFO] Writing samples and results to disk ... done
12:29:59 [ultranest] [DEBUG] did a run_iter pass!
12:29:59 [ultranest] [INFO]   logZ = -11.54 +- 0.2266
12:29:59 [ultranest] [INFO] Effective samples strategy satisfied (ESS = 594.7, need >400)
12:29:59 [ultranest] [INFO] Posterior uncertainty strategy is satisfied (KL: 0.48+-0.28 nat, need <0.50 nat)
12:29:59 [ultranest] [INFO] Evidency uncertainty strategy is satisfied (dlogz=0.23, need <0.5)
12:29:59 [ultranest] [INFO]   logZ error budget: single: 0.23 bs:0.23 tail:0.00 total:0.23 required:<0.50
12:29:59 [ultranest] [INFO] done iterating.
12:30:00 [ultranest] [DEBUG] Making corner plot ...
12:30:07 [ultranest] [DEBUG] Making corner plot ... done
12:30:07 [ultranest] [DEBUG] Making run plot ... 
12:30:09 [ultranest] [DEBUG] Making run plot ... done
12:30:09 [ultranest] [DEBUG] Making trace plot ... 
12:30:14 [ultranest] [DEBUG] Making trace plot ... done
12:30:14 [ultranest] [DEBUG] Making trace plot ... 
12:30:19 [ultranest] [DEBUG] Making trace plot ... done
12:30:19 [ultranest] [DEBUG] Making corner plot ...
12:30:26 [ultranest] [DEBUG] Making corner plot ... done
