1.656155741502350620e-02,7.059003257477153292e-02,2.280831127754710808e-01,4.957970247423688637e-01,4.855347941562028757e-01,6.215614357860856920e-01,6.743086149985892952e-01,1.722663657459324316e-01
9.354137874618181914e-03,3.701215488685005717e-01,6.055569412752392910e-01,5.449476563511440608e-01,3.658980462592754113e-01,7.584937094259064372e-01,4.522243663243460943e-01,1.756450223993233917e-01
3.233656672420121003e-02,4.023187916188722957e-01,4.562235350412210400e-01,5.499747230572487044e-01,3.310339935838431669e-01,7.965084401741691078e-01,8.357098911560535415e-01,1.720281244516860542e-01
1.064479598565461899e-02,1.777377601857774714e-01,3.604430773419471934e-01,4.784956524317084403e-01,4.654734657424489663e-01,5.928563271688326308e-01,5.883669580813264410e-01,1.738726899777311430e-01
2.222425196915518708e-03,5.057603490222998266e-01,8.204005966960505880e-01,5.691299304883443710e-01,3.782354050828606318e-01,6.477827467047357901e-01,4.557759927419863244e-02,1.779179395144536713e-01
3.525263588893518679e-02,3.964216700035743113e-01,2.938896773865580792e-01,5.651788001487606516e-01,3.224088560699853723e-01,6.261733702490258624e-01,7.524702086659625921e-01,1.735340336753919965e-01
1.137049945950821817e-01,4.109534597148795099e-01,1.310524744284360388e-01,3.849071748296614692e-01,3.593512709598092325e-01,8.215249496914045491e-01,5.524789597504531358e-01,1.746376359587961113e-01
7.743880009886132398e-02,2.969189873962249648e-01,1.877054948294600845e-01,3.794459789529742721e-01,4.273968579212755192e-01,7.181855622985954257e-01,2.433677999901803779e-01,1.761291999742535530e-01
5.126312421967663124e-03,1.427460561662692307e-01,2.307986922580723688e-02,5.508192191528806791e-01,4.527099144368479933e-01,2.603066649743251970e-01,8.130882135586827708e-01,1.744433339822920315e-01
1.383800652641917206e-03,1.260072296706476747e-01,4.716050809106375752e-01,5.324337027552998869e-01,4.280660980326997933e-01,8.145130443539728704e-01,3.317295312061441237e-01,1.766904780969356936e-01
5.954308731270653576e-03,8.018268667449451881e-02,1.983884167596630110e-01,5.273308213679936962e-01,4.992586229344265214e-01,4.563264325759053275e-01,5.342062633840349850e-01,1.749100132655819761e-01
3.512757800872778891e-02,2.098171468198335443e-01,7.466904702101628821e-02,5.189069881616960034e-01,4.003693606162921359e-01,4.940240250353282736e-01,5.712137990062570170e-01,1.747486085703411351e-01
8.272999489105260784e-02,1.344894226019972827e-01,3.640697720362776058e-02,4.858640576364647856e-01,3.871518422212845145e-01,8.222767322374883170e-01,4.311450534322788242e-01,1.744066258544350323e-01
9.196435360485137600e-03,1.660433771830044369e-02,1.847618023738425153e-01,5.323371566224839313e-01,4.574798405225246611e-01,6.567843923571816678e-01,4.684045263422107475e-01,1.750383670214093745e-01
1.902294676883663216e-02,9.864415636053336378e-03,1.425983546812443770e-01,5.132097826520983785e-01,4.396876676321118116e-01,6.271581792227288732e-01,4.091873984693829014e-01,1.768413181077923557e-01
9.951122948211271746e-02,3.534969073755224733e-01,1.307851388401105597e-01,3.830872641231169995e-01,3.820170897479799876e-01,7.612052462479355075e-01,4.823384483615432705e-01,1.746096701659778372e-01
5.610085175588469530e-02,3.395084514109644180e-01,4.594933783523869053e-02,5.073395808363760917e-01,3.775092802648364332e-01,5.205555427464825247e-01,4.765598627077137217e-01,1.741040443437737728e-01
3.527722399830816868e-02,1.090707206597226753e-01,2.426559820410501001e-02,5.493123079452013613e-01,3.870611831098298428e-01,5.703362766252845217e-01,7.489455917981522326e-01,1.737143298090478016e-01
2.785345719101158316e-02,1.555039160524493980e-01,2.106792898069256847e-01,4.538141280565379798e-01,4.453957504002885037e-01,5.362982877995041697e-01,6.361129811536277989e-01,1.743963622744114927e-01
8.487881128024586663e-03,4.441377659869103489e-01,6.506310390139331545e-01,5.862695461590695656e-01,3.556766448056533636e-01,7.138856943412997813e-01,1.583028419326585889e-01,1.776674396001151068e-01
6.129624050110479144e-02,1.043351259475782389e-01,2.776479304542774917e-01,4.276065515610256162e-01,4.178620068827405554e-01,9.716898075696587256e-01,5.836326020908910728e-01,1.746208291882732078e-01
2.939744429581613375e-02,1.348933526255639559e-01,6.985633565244137033e-02,5.708537816680430144e-01,4.131654423958041611e-01,5.591177976314998244e-01,4.959880346052192301e-01,1.752597644425570034e-01
5.817673153696598792e-02,5.105047937911433298e-02,1.214941654437600160e-01,4.457101468399244926e-01,4.322022113603994908e-01,7.509105326737403052e-01,5.563430516299917583e-01,1.754843690516880994e-01
5.873539688495341138e-04,1.788129571301876053e-01,3.418444538123069365e-01,5.352851641696403373e-01,4.456487640816073070e-01,6.120731844568211288e-01,3.830369342462033311e-01,1.748324336400513268e-01
1.030708621737991409e-01,2.810299191865741064e-01,4.704520329946348944e-02,3.993764416858469612e-01,3.637651699829161367e-01,7.461110764398460882e-01,6.070961494611329945e-01,1.748087066627911079e-01
8.332736332984796990e-02,3.749723279905019524e-01,1.643688200434068880e-01,4.199463498668762340e-01,3.515175422414721917e-01,7.314407332002542672e-01,6.293247554125811494e-01,1.745552233994529800e-01
6.226029036140487416e-02,1.496620422648049231e-01,1.448390117975706937e-01,5.117506212435263269e-01,4.159599417694175294e-01,7.737459773893531345e-01,5.875714962437490474e-01,1.737409397308787018e-01
6.451413284626449085e-02,2.906096368003362462e-01,1.281919580757826249e-01,5.429917405544067988e-01,3.251302482282768525e-01,7.213683351258787235e-01,7.444175911779331578e-01,1.739322981888567765e-01
6.928360197753907768e-02,9.631095051391475037e-02,8.065697756834439014e-02,4.469852362572444004e-01,4.651627843718429967e-01,7.145456575384293574e-01,2.828849896384194595e-01,1.751374486443787459e-01
1.111560924694156294e-02,1.195711295829135490e-01,3.408499684322893741e-01,5.393087073537304876e-01,4.466597417361180544e-01,6.859791289371819367e-01,6.899638915247431337e-01,1.728393613699854836e-01
7.756055100415139292e-03,5.012531965997135686e-02,9.895318519604345830e-04,5.160401857629191014e-01,4.847513486467916466e-01,3.277861457727101469e-01,6.873989103500819375e-01,1.748118566710460953e-01
9.936079129614686090e-02,1.123242721327447069e-01,1.204072382168473176e-01,3.789490127283268173e-01,4.489602140770723171e-01,9.153726051290356214e-01,5.866024339736893856e-01,1.736332594187410538e-01
8.679027536827953193e-02,1.305921151954855808e-01,1.190983881350263784e-01,4.025015458001971469e-01,4.376092309287528126e-01,8.674238808972316583e-01,5.864338723327389147e-01,1.730458560711564397e-01
5.752240843458569092e-02,3.951848458579243495e-01,4.039571395100947093e-01,4.874395972872501703e-01,3.362567491199617287e-01,8.711338159101154055e-01,8.575192427568111286e-01,1.725653131087798164e-01
7.005119447707305880e-03,4.858984730636004001e-01,5.629184278308496658e-01,5.621802311109856953e-01,3.407905154627978161e-01,5.574956832225314018e-01,4.423226989527386799e-01,1.758599710206685540e-01
1.972768401649756254e-02,2.450335338669392127e-01,2.381468761884373286e-01,4.756438311239382100e-01,4.580468958761747533e-01,4.407870862802450440e-01,5.677623665969031563e-01,1.746016411090823284e-01
7.406110334987886512e-02,2.770320997408430852e-01,2.487767813267517947e-01,4.512758775962759650e-01,4.110637386283927941e-01,8.426890766709446146e-01,4.608964020817642449e-01,1.742355736134655331e-01
3.601449723718223861e-03,4.467655256666837604e-01,7.478641784928967695e-01,5.347516965222157692e-01,3.699253104824427041e-01,7.259780524418626424e-01,4.911699106753664168e-02,1.780129464792629124e-01
8.275143367664987426e-03,2.413167153982330726e-01,4.486973982989496124e-01,5.606082881972482834e-01,3.786561788592059941e-01,7.025701004715729781e-01,7.800554303307241089e-01,1.735205303504864238e-01
9.323852315391725765e-02,1.150024546852707885e-01,8.745438162579491359e-02,4.177965342785446845e-01,4.053761737936668608e-01,8.673788701251854416e-01,6.625971545359238268e-01,1.739485282106273123e-01
2.554095107236202533e-02,1.314638029103343542e-01,1.363960374701245204e-02,5.199357214497059010e-01,4.595924956145217566e-01,3.597620310271018584e-01,6.304959504605258669e-01,1.753843667135524809e-01
7.640692926733856638e-02,2.381632775871402596e-01,2.001581325780729392e-01,4.125465211079697436e-01,4.316745660274791674e-01,7.968029801231548692e-01,4.270683399481015052e-01,1.742532362398519497e-01
1.645002858912544136e-02,1.843077804788014751e-01,4.645609828208864256e-01,5.280526639390727972e-01,3.926831922951612985e-01,8.476425601389520059e-01,6.937418898576472870e-01,1.740304149768937547e-01
5.518704895385008469e-03,8.924074866397199712e-02,3.503686165041924871e-02,4.943623004926849807e-01,5.058998823251987798e-01,2.810857923989983909e-01,7.915892257084805594e-01,1.733754291076818332e-01
6.368299727824736078e-02,2.955203028606678273e-01,2.365937713628989969e-01,4.243233259082517250e-01,3.876104656792735415e-01,7.684916991636724370e-01,5.555932539647751023e-01,1.740863420329569478e-01
5.666767382658693952e-02,1.382167866262564160e-01,2.344423092029686850e-01,4.834864930362753888e-01,4.058814837488148863e-01,8.814695771266126689e-01,8.693402149385359712e-01,1.713670634707735174e-01
5.415503851168618904e-02,7.145918344684856760e-02,1.776760938334798201e-01,4.773753888147390656e-01,4.568504632166911494e-01,7.878757887420804185e-01,4.695111656597533711e-01,1.745502676020389277e-01
7.546768557728519844e-02,7.302909993394332555e-02,1.497948487907842519e-01,4.562616263389612792e-01,4.096057658180061734e-01,9.452032153203367981e-01,5.592702977562449274e-01,1.743051439962785831e-01
3.418868583994923854e-02,2.236052748954440450e-01,1.788154459511825944e-02,5.415197970772953617e-01,3.717987852460219456e-01,4.282110127095639651e-01,7.185860142047706400e-01,1.749117265167545454e-01
9.843884447255213388e-02,2.720043960188299748e-01,1.009274665010044258e-01,4.900801604528384758e-01,3.295603334983990274e-01,9.012958919173994499e-01,9.066879708587261000e-01,1.719143615429282734e-01
2.035441377239363692e-04,4.309443826523118304e-01,7.689970982216874917e-01,5.623549093302183666e-01,3.518683673637229004e-01,7.230007098581359148e-01,4.652214384561458860e-01,1.758143818042026130e-01
5.098426873871769738e-03,6.845281832262559707e-01,7.432705653903128873e-01,5.948180198535705232e-01,3.199259102179166092e-01,3.979249485595217073e-01,3.991541551947083710e-01,1.758888374761272966e-01
7.849899524517900407e-02,1.246307883887874390e-01,2.873151613770974500e-02,4.153373843905287521e-01,4.490203082541162072e-01,6.355835953829778173e-01,4.137876175136485646e-01,1.751160925956441183e-01
1.072531341847813430e-02,3.151625161854223478e-01,1.073435295588266170e-01,5.978294239012411637e-01,4.021031677244231717e-01,3.135811628742322110e-01,5.248880020233158694e-01,1.755745793531035270e-01
4.833928296135660274e-02,2.248791988106862150e-01,1.384305351467885192e-01,4.424690428995797231e-01,4.395951573606978191e-01,5.323280214050617465e-01,3.159508822389201499e-01,1.762866607199801705e-01
8.346905424468205326e-03,3.330524531834168633e-01,5.132328457561738944e-01,5.264100570489855802e-01,3.748606688096693951e-01,6.848437952931097916e-01,3.724208891437497115e-01,1.762424901764192142e-01
2.344331700116396994e-02,1.802590843430823264e-01,2.372284228858045907e-02,4.980537346464815607e-01,4.745609563534670672e-01,3.380356066488367506e-01,3.595784352934540129e-01,1.761070374867277077e-01
1.041862404790377256e-01,3.034936581704243963e-01,4.165129947902468377e-03,4.725793163356388771e-01,3.413552945948026274e-01,7.128341425216280225e-01,7.163897514485485507e-01,1.736751582626590018e-01
9.874596923575248986e-02,2.205028181885074490e-01,9.299316247888139708e-02,3.862993839234004634e-01,4.375636339940055519e-01,7.629369750418232288e-01,1.962027899061941083e-01,1.760712201213804895e-01
8.129997409873600256e-03,3.366552757503013527e-01,4.623272915199797550e-01,5.864854534728671798e-01,3.618129515941458374e-01,6.071526480708030471e-01,7.782673543516378523e-01,1.731449093459949684e-01
4.286056664288109830e-02,3.112923289544639038e-02,1.278334043108368956e-01,5.125544039417849751e-01,4.487177754349570002e-01,7.694354914007817126e-01,5.383793234664536742e-01,1.736240934233013178e-01
6.854714393717487031e-02,1.726517830120536945e-01,1.939269840633582043e-01,4.429056514900945318e-01,4.394384373714877445e-01,8.371895994029010524e-01,2.383197178916333647e-01,1.758019664886781019e-01
5.332612809116864944e-02,2.828644148507239442e-01,7.577215045922292003e-02,5.047723004450604956e-01,4.119585149679791392e-01,5.419554715858294625e-01,3.536124080502662248e-01,1.753579593801317116e-01
3.992050352739609509e-02,3.864036177466111388e-01,7.868668399884454212e-02,5.347933652258767268e-01,3.896328241009595628e-01,3.779194913025057945e-01,4.177978586579814690e-01,1.758640910693896608e-01
7.713692675013944511e-02,2.528511019398338444e-01,9.394452865387326046e-02,4.588344220343575364e-01,4.014650919440817534e-01,7.247561059417657603e-01,5.322411570630153355e-01,1.737706859706984741e-01
5.108445329868915169e-02,1.264262222684854886e-01,1.541459316288357195e-01,4.452174333618447721e-01,4.156066368788407517e-01,7.148209123433010292e-01,3.329052694332190199e-01,1.767498085421805587e-01
1.553372187383562225e-02,3.606199629066233481e-01,6.329845016314372685e-01,5.259005647222969593e-01,3.872897786182218360e-01,8.276020587449349764e-01,4.575194648589003821e-01,1.750067580003684120e-01
7.148470668554077201e-03,2.455101404661158004e-01,4.435688900907165388e-01,5.638394166706348631e-01,3.952649042500203658e-01,6.768301905510861749e-01,7.155862309447154068e-01,1.737285963834229729e-01
4.514021490366322553e-02,3.337573588316807283e-01,2.577250233698814008e-01,4.887360038932287987e-01,3.673276090005951899e-01,5.955067476455012665e-01,8.417520628171494268e-01,1.728409000519817995e-01
1.506274379862818091e-02,9.233051266554770375e-03,1.916944782126047686e-01,5.464686118432614537e-01,4.644539697317041083e-01,6.407458577009064182e-01,7.139951096184580237e-01,1.730217143781797862e-01
5.547035900956986260e-02,1.340068062194851584e-01,1.848674858642258279e-01,4.634567043124029895e-01,4.250888787914471334e-01,7.777218761358245525e-01,6.744646990100906514e-01,1.728154424382168930e-01
1.028342740674213773e-02,1.850627720477333038e-01,5.456078443049421356e-01,5.298040930035142759e-01,4.158097859761963888e-01,9.461086140913315123e-01,4.254984788994432554e-01,1.749142335819905691e-01
4.474235832236909266e-02,3.951012337718510237e-01,1.956693582103748996e-01,5.843752178111744078e-01,3.294436936822636719e-01,5.834844278264408324e-01,7.335129318956719047e-01,1.730560743816123570e-01
1.594764246876251290e-02,3.083024992485638993e-03,2.023690447002227388e-01,4.731927229310754490e-01,4.835758677830523933e-01,6.556727558915331766e-01,3.770659425546272203e-01,1.760039458805153778e-01
1.267544825801338038e-02,2.610876607859068388e-01,2.615135671328620015e-01,5.376529331727301075e-01,4.431100552078336419e-01,5.104162988507816578e-01,2.736640518304337966e-01,1.755776132167535253e-01
2.361775414536293471e-02,8.388082275993302694e-03,2.478682294616837978e-01,4.577271882427056959e-01,4.936402042925445155e-01,6.864184969812988646e-01,6.672264074112548293e-01,1.731583358548481055e-01
4.857270942841923622e-02,1.856984205922641018e-01,1.521482366322422508e-01,4.871085854327548148e-01,4.074865028560192837e-01,6.250257156305877304e-01,3.920643135040233762e-01,1.767438347199085380e-01
1.011059023669048373e-01,3.290010667173308145e-01,7.742684448184314339e-02,4.801635767931556331e-01,3.749819564545724404e-01,7.949634304644187521e-01,4.081043421767042156e-01,1.740575700759862676e-01
5.581334251123296064e-04,9.751850392515329369e-02,3.065459710907923463e-01,5.119159081111096521e-01,4.677626920669305521e-01,5.976913463535787896e-01,2.966369091725398199e-01,1.765032149444142606e-01
7.367109707189234413e-02,5.595532016522053453e-01,1.548721335603711613e-01,5.033848296035706715e-01,2.916224903859657158e-01,5.705858263600601665e-01,5.035904810083761118e-01,1.762164011718305445e-01
5.687635879510793968e-03,1.627021849270320897e-01,7.411199035846238736e-02,5.598160021057132507e-01,4.649528671935242996e-01,3.784981724218915988e-01,4.575750010158859404e-01,1.749114347679373016e-01
7.544753791610422922e-02,4.212851523233721585e-01,3.480042652840023565e-02,5.001892431535797101e-01,3.494511055144944311e-01,5.199284694273671459e-01,3.043671595468775415e-01,1.763158105422902855e-01
3.056875342606286267e-02,2.522772269908416520e-01,5.584667464808731885e-02,5.157416967863858170e-01,4.061773680979045009e-01,3.803559421010815900e-01,5.825221033224173839e-01,1.751030499229730142e-01
7.965522002241225141e-02,5.756446094541725067e-01,2.773180083973184051e-01,5.224411801834220048e-01,2.615786726087508951e-01,7.526751801586217816e-01,8.312807232605030627e-01,1.736489955769153493e-01
6.980507123755350096e-02,5.189334563564909075e-01,1.080245292614212538e-01,4.988260064625494872e-01,3.168186501911066655e-01,5.216833059215815194e-01,5.127001075436529165e-01,1.754636877788802174e-01
9.424508072607792886e-02,4.761693963158655230e-01,6.985406938149410494e-02,4.306093844126979153e-01,3.529502697657016519e-01,5.881066086498475398e-01,3.221022295769367383e-01,1.762181794132477164e-01
9.942714498593144268e-03,1.431525577740850041e-01,2.142236713368061984e-01,5.387048774189563405e-01,4.311543066885158426e-01,5.400330011896081750e-01,2.842445962593130870e-01,1.771717095072874171e-01
4.156314844853231660e-02,2.383151917522599583e-01,1.173758463857960122e-02,4.993335707570798476e-01,4.414430210931944432e-01,3.904907403708298697e-01,6.155146489690730416e-01,1.740282642844278305e-01
4.519394451413388802e-02,2.254115866998850914e-01,1.250406602657845034e-01,5.274920361990839135e-01,4.041154607245536212e-01,5.529146308041785751e-01,6.634673265219998006e-01,1.739214828925681189e-01
1.480677135875806127e-02,1.090450914948545014e-01,1.537330539923106032e-01,5.085804401147041576e-01,4.774382255406169340e-01,5.092171378161084450e-01,4.022214268187147557e-01,1.756500319367169660e-01
7.316485829125238260e-02,2.908809046670700615e-01,1.005468970474894808e-01,5.161821432365502060e-01,3.688204944385733985e-01,7.193100115422392804e-01,5.614195702602453597e-01,1.735933612262142156e-01
6.372371003511706489e-04,9.856987118722443375e-02,1.985155157298233164e-01,5.916824556057518336e-01,4.434565230035785732e-01,4.838738374210321269e-01,7.196040784547409475e-01,1.742010717316906099e-01
7.447594928183774721e-02,2.338540817117595871e-03,1.420957288309309119e-01,4.066621893875988492e-01,4.425820537097475693e-01,9.186722542250190804e-01,4.711282847463227896e-01,1.752715585978707469e-01
9.627997054837367230e-02,4.534665248478906285e-01,1.692258067646343345e-02,5.242427759539661780e-01,2.935141132792389307e-01,6.669892648346809061e-01,3.556125982638746463e-01,1.765877378550552435e-01
2.235017146507680894e-02,1.730210783057188617e-01,2.837101926052453260e-01,4.765453079923120949e-01,4.340035994854054557e-01,6.247698022714688326e-01,4.138802951198393143e-01,1.761265587104132724e-01
8.173274972237884461e-02,4.051819513942436224e-01,1.739223167861198016e-01,4.782800481066711851e-01,3.159583959798268338e-01,7.447046914218086178e-01,8.018284583431561918e-01,1.734873271091694480e-01
5.816847551545933914e-03,1.298990943155031719e-02,2.199376175948333234e-01,4.883474379472296789e-01,4.817599645508753858e-01,5.919366722955146098e-01,4.046307021566026840e-01,1.762177067880162096e-01
1.046917157293256878e-02,1.586168840103505118e-01,1.914099772788404874e-01,5.149961635651151282e-01,4.553099326961627114e-01,4.583407191182826135e-01,5.723581762889308200e-01,1.747828153870552292e-01
1.483603866626510559e-01,2.347955884918777880e-01,3.863335517468258207e-02,3.725435049942419363e-01,4.203064346520934969e-01,9.938347715999271692e-01,4.067494897876027249e-01,1.743573943535009219e-01
9.192028515987368809e-03,4.363635381744428443e-01,8.525153531227402937e-01,5.223010200218257681e-01,3.526955701262904364e-01,9.099963822501261346e-01,5.940442500593263730e-01,1.750275478448516941e-01
6.254744375230034126e-02,2.070867029760395939e-01,1.570524411122184993e-01,4.218446214538603134e-01,4.343189934910779426e-01,6.728557704220101687e-01,2.469052777130750775e-01,1.761276814166929106e-01
4.576474609673127775e-02,4.890403582955831219e-01,2.323334252120731191e-01,5.333947422102773839e-01,3.431757617753752321e-01,5.007522268450581571e-01,5.609084741345528036e-01,1.745518416682047269e-01
1.114340975795185401e-02,1.518373932563822915e-01,5.050562114754273413e-01,5.623602667739467931e-01,4.049301337137345413e-01,9.654237653751529535e-01,7.628028832379842861e-01,1.723609172514580790e-01
4.563425576827997987e-03,4.285531544402128579e-01,7.162828537722727429e-01,5.990897842772160420e-01,3.371226312458797669e-01,7.827498533232789546e-01,4.910214557530845347e-01,1.755489982658790249e-01
1.246319877739349158e-03,2.830473568721014743e-01,2.702130324008197304e-01,5.228063613580908875e-01,4.331074143694181866e-01,3.610568627926647456e-01,4.990182106843724652e-01,1.757348299384151880e-01
1.017606799351064850e-01,2.898316639827901997e-01,4.938609784240452494e-02,4.535420665381530436e-01,3.610013584700154099e-01,7.271398309769058210e-01,6.473121585373926568e-01,1.746968848836145671e-01
1.042954577196053556e-03,2.725096246794074806e-01,6.775440413001962980e-01,5.746820015184160857e-01,3.530506226141614801e-01,9.716570035359241020e-01,8.385560100395470506e-01,1.728000846183709582e-01
2.624969650105610924e-02,5.040105661915983415e-03,2.569103376481861045e-01,5.303578584559334175e-01,4.654825987775927376e-01,8.451909390487410967e-01,5.376025183416583975e-01,1.735965186050730524e-01
8.078956047743460211e-03,5.461521099739924390e-02,3.113882446830126272e-01,4.613622467804289751e-01,5.007459724214837760e-01,6.367075997172788604e-01,2.215359905288011855e-01,1.768811717861653310e-01
6.666483278974817683e-02,2.858597294895888208e-01,6.750576749151182554e-02,4.514173543329939586e-01,3.934384880136208573e-01,5.670906273470228687e-01,4.580234998040062511e-01,1.751203203483888138e-01
8.454224582817340683e-02,2.682402659179298210e-01,2.175863968142197069e-01,3.950415791695661705e-01,3.988091604959143055e-01,8.581129874747978059e-01,6.350996034098546072e-01,1.735560711502510678e-01
4.414173584328018318e-02,1.380540451588582740e-01,1.047509921764402385e-01,4.727943317102645260e-01,4.589676681836304395e-01,5.794695693930433933e-01,2.123661032070749410e-01,1.765300620655992081e-01
6.053751430949241841e-02,4.006680012331720886e-01,2.656451846690725538e-01,4.316282401357122711e-01,3.806235654257175138e-01,6.302505318524816991e-01,5.385993578121494041e-01,1.748256531136059833e-01
8.677034411789219526e-02,3.273867139309098451e-01,1.183429118124892931e-02,4.552800624959568165e-01,3.600532432563876006e-01,6.451580594005262848e-01,6.494846416538910816e-01,1.733212319865355400e-01
2.812995545192557845e-02,6.746503880293169830e-02,2.570523503246215924e-01,5.031499650051478589e-01,4.143046239228051486e-01,7.911184072178243376e-01,8.582720527534937194e-01,1.720743276881133710e-01
7.583165909289459050e-03,2.961334592562450685e-01,6.875907297417993558e-01,5.641852703666768720e-01,3.770544844645291604e-01,9.595203293847605064e-01,8.665865647019503903e-01,1.720206651256392938e-01
2.102119972851376056e-02,1.640304905085021581e-02,2.003419114322035899e-02,4.648281487076951213e-01,5.016320185594720371e-01,4.156526903274091467e-01,6.276857712222937424e-01,1.748093211759727261e-01
3.022244119683422173e-02,8.015238939157670606e-02,1.521615832992211093e-01,5.402992432781781318e-01,4.238171311056858626e-01,6.945341803103435296e-01,5.044043271526937877e-01,1.740309078118825459e-01
3.119625833598576453e-02,6.576735036065600726e-02,1.611549844745630011e-02,5.475642989179563269e-01,4.435519879001377230e-01,4.994713527845888179e-01,4.367843068688684882e-01,1.765732394412657669e-01
3.333319637884087083e-03,8.319400861840176020e-02,2.324958939854947226e-01,5.561370809148069583e-01,4.304597021084085595e-01,5.620312150935429241e-01,6.848704222622405968e-01,1.748939984104387890e-01
5.662947400124096475e-02,1.059664477304480545e-01,1.982755219519222734e-01,4.103610680295589619e-01,4.446183754518741038e-01,7.847969657121466325e-01,3.701440365442905112e-01,1.761093298464129764e-01
3.574306170828829565e-02,7.704132760825435633e-02,3.039323644695945958e-03,5.139512924826015183e-01,4.552932453641060917e-01,4.975552252488664173e-01,2.849216981556030870e-01,1.764315467180069819e-01
1.042348037117742238e-01,3.611801348271737044e-01,2.187844304650667371e-01,4.012488974178556878e-01,3.743971645606351539e-01,9.188133289333104692e-01,4.364191015750510383e-01,1.755597746387388136e-01
1.498263692147047688e-02,5.915429316842523155e-01,7.771066725030397748e-01,5.121785842194173100e-01,3.662527168386847665e-01,5.831764361027910182e-01,4.201087300745697806e-01,1.749135994705653396e-01
5.702960703398157749e-02,3.540877957608764004e-01,2.799664981298084498e-01,5.063865833326497423e-01,3.469311108189179760e-01,7.865938980820595949e-01,6.914674128120040786e-01,1.733285957320818971e-01
3.478265604944894701e-02,3.254295990944787165e-01,4.939267329727007327e-01,5.450020979908536400e-01,3.311215271899392576e-01,9.849342058417945855e-01,8.024016212741138521e-01,1.729218524167379090e-01
6.771708183038724349e-02,1.917559525195743353e-01,2.733794837058156624e-04,4.401850696192566859e-01,4.414859937793257361e-01,5.238193207963264264e-01,5.786119826926573451e-01,1.734585041688606610e-01
7.643907428242527335e-02,3.530069954945945221e-01,2.370749605748018185e-02,5.426260472433193094e-01,3.551474888647758732e-01,6.056630247554388724e-01,4.641423022659739717e-01,1.743202478492166252e-01
1.032405801513982813e-01,5.091400454654807506e-01,1.133644275084644271e-02,5.099167348675686107e-01,2.833180362491765081e-01,6.174740396873786841e-01,4.712848376740734757e-01,1.764716411558264753e-01
8.371160540303025643e-02,4.308697270883465880e-01,2.298756701464738095e-02,4.996974185768398025e-01,3.483121486133119449e-01,5.803182501843296981e-01,3.394877619287716142e-01,1.754539833391914605e-01
1.253233533823838036e-02,1.122435905750992780e-01,4.284851254276134114e-03,5.920372686388416517e-01,4.083723850110399511e-01,3.918441075857974631e-01,8.388113696385717244e-01,1.732332502613013192e-01
2.327864165589918835e-02,5.124827402635201423e-02,3.645101317238342298e-01,4.947944104002117705e-01,4.424000928535144483e-01,9.388207259923708747e-01,5.487857441900406696e-01,1.744037849881196200e-01
7.610887362728828431e-02,3.260974166593065826e-01,8.569465470584466948e-02,4.483271355036321237e-01,3.856066259784953210e-01,5.793086454666134255e-01,5.450761353620606764e-01,1.746987309888662354e-01
7.548955685137057059e-02,3.842463237667644305e-01,1.970484506999892749e-01,4.245630414877861747e-01,3.854250177104566188e-01,6.901492180646722208e-01,4.276724550648354772e-01,1.750621113387451633e-01
1.120752020712933311e-02,7.725858097277901737e-02,4.024384207028744997e-01,5.511339793598233339e-01,4.257859746898782216e-01,8.803850717429541062e-01,4.155870430822578565e-01,1.760397887813140716e-01
3.683176882600991409e-02,4.146201557208897270e-01,3.733052058167715126e-01,5.487191146964667254e-01,3.199511261495366909e-01,6.962198656337024172e-01,5.816162607316736066e-01,1.751675630929959149e-01
3.905366226515811362e-02,1.002135139340352421e-01,8.573895471351297703e-02,4.541932208757775702e-01,4.911227064892382810e-01,5.272690806049278311e-01,2.995437086128226456e-01,1.762696777709416296e-01
1.321791174901861821e-01,2.194631878630358690e-01,2.536774636073235722e-02,4.285232690769331665e-01,3.617403636077923812e-01,9.719633367235238630e-01,5.810851216632522132e-01,1.743193895808852756e-01
3.379053835543781303e-02,3.360901184653412588e-01,7.159070462470695784e-02,4.699658920505094262e-01,4.217810709855034368e-01,2.903055236504528125e-01,6.341295422297512641e-01,1.750915058475113473e-01
4.268125188318915714e-02,5.772882755915886843e-02,2.551351643633703592e-01,4.210995010673245220e-01,4.849230074843117189e-01,8.034024640609558343e-01,2.411508707970618781e-01,1.759329850300067055e-01
2.471941686296462437e-03,4.474562290694439337e-01,7.536455880888650594e-01,5.350656581413111290e-01,3.765877089436217573e-01,6.983783728759715981e-01,6.181428185614626925e-01,1.736482513485263779e-01
8.923407223159302015e-02,1.850760253656193455e-01,1.404108651575227407e-01,4.473488776297097069e-01,3.833053045610531062e-01,8.945196621332369702e-01,8.273567353621710252e-01,1.726492831187331212e-01
2.116176792360002085e-02,1.490310118004398166e-01,4.817247796951478755e-01,4.981314509222837250e-01,4.357990323127359233e-01,9.530182347219771088e-01,4.517600335900337494e-01,1.745737733489353682e-01
1.618486579871938891e-02,2.308226492441345645e-01,1.216117201380889912e-01,5.729961228446054378e-01,3.934354297232995901e-01,4.591565905707749584e-01,6.374013517644457893e-01,1.742836362096397140e-01
7.927910327138315560e-02,9.244894197875574982e-02,1.866176136241167183e-01,4.526071909186770714e-01,4.299547814025217463e-01,9.669069761606745583e-01,7.578739661772013747e-01,1.718453919916619332e-01
5.192004977719744813e-02,4.554327782374667510e-02,1.008942249084675002e-01,5.534056766073155442e-01,3.907242990966196539e-01,7.931645613018103447e-01,7.175627724061961477e-01,1.733923992789239699e-01
9.668559828538897394e-02,3.434634266579690287e-01,1.313444214647326025e-01,4.249405146600746530e-01,3.773540371308716779e-01,7.683380579258504151e-01,3.364297284337880445e-01,1.763089836277829670e-01
2.629719637894251810e-02,1.517160510439316545e-01,3.163835487910734434e-01,5.130574283848114980e-01,4.028048343047943014e-01,7.326672596801184767e-01,8.047886193283426692e-01,1.729041724790462142e-01
4.908032178145162877e-02,1.677843502839823087e-01,2.883736221386587473e-01,4.719587178323253474e-01,4.142322941184608531e-01,8.683733262495904048e-01,4.679165432299777216e-01,1.749702984976830578e-01
4.227494539723342104e-02,8.969713486841612848e-04,2.139402918237575668e-01,4.491846323878391223e-01,4.469937816695834787e-01,8.873071694858080116e-01,7.012730921404627393e-01,1.730292089787731358e-01
1.014389830140884352e-01,4.549381058915470399e-01,5.623981711745373868e-02,4.619400035286855832e-01,3.120102094697496664e-01,6.372420579535228446e-01,7.727615526969262572e-01,1.741694073941779941e-01
9.494054819922562172e-03,7.503287967769792233e-02,2.304480399347340336e-01,4.817588816723350487e-01,4.966813151457663000e-01,5.451854472973316490e-01,3.673174806765748257e-01,1.750904676236355595e-01
1.534064419762988518e-02,3.265813974919695717e-01,3.257893933905925410e-02,4.972521366640343388e-01,4.457961422719639577e-01,2.017391234985472792e-01,6.175585356708497287e-01,1.747324324223172298e-01
9.502247399306261444e-02,1.496721395646857244e-01,6.002888188098901012e-02,4.312509289045043381e-01,4.223466331046045186e-01,8.461996948342983549e-01,5.837851109618702461e-01,1.727784851010379930e-01
1.798007542580006696e-02,3.463721738947529438e-01,5.636005641951293832e-01,5.448832626420498926e-01,3.767542321077070877e-01,8.519539491531665787e-01,3.255307071273416675e-01,1.754963637346166894e-01
1.424665477226193938e-02,5.992023957376271248e-01,6.171334588392543008e-01,5.917028935303185744e-01,3.059639785728965333e-01,5.025967323264376452e-01,5.993536022854616396e-01,1.747001527575569590e-01
1.403749289041775206e-02,1.849566110608267810e-01,2.122429488565111266e-01,5.581179520980882325e-01,4.337109919627761268e-01,4.811118790876063311e-01,6.279052621785637944e-01,1.745980805983689543e-01
2.934111275117735895e-02,2.027355502726768677e-02,6.191946496261874211e-02,4.656960997684710946e-01,4.767878927402082190e-01,5.056842827029349730e-01,4.778771876263483986e-01,1.761540150277096095e-01
3.269463342836363695e-02,3.528872868808728414e-01,5.252940195403895673e-01,5.020224433479664183e-01,3.721632699001113931e-01,8.844241349376910089e-01,5.147737799190406083e-01,1.749412365100626587e-01
7.569927059456089957e-02,2.568718188504869882e-01,1.357031571576036433e-01,5.060291047962367506e-01,3.650515385095818299e-01,8.217586868445825310e-01,5.619311585423150124e-01,1.734813052213346751e-01
3.176128223013918728e-02,2.853383092149545108e-01,4.196864495862462352e-01,4.724284040455332678e-01,4.074768450851217194e-01,7.939716265550234020e-01,1.335058900494637824e-01,1.770928783124376682e-01
3.223135426237649231e-02,1.019843874928253735e-01,3.782960155653380951e-01,4.800590217299899320e-01,4.540662933110472532e-01,9.208609865111885284e-01,4.638111143030152483e-01,1.745488414541719047e-01
3.249811522684352416e-03,8.307449384227777456e-02,1.541813654694851599e-01,5.241420684928042029e-01,4.658308625444931295e-01,4.404533284593260545e-01,7.624897125849178225e-01,1.733776693215267339e-01
7.469804218143163976e-02,2.951215894147238283e-01,1.449724361399743200e-01,4.364798010818812246e-01,3.930984645824643353e-01,7.164855674925061368e-01,4.719670138721795416e-01,1.740292750984988590e-01
1.183967541306117643e-01,5.338605531650916225e-01,1.068144136166929159e-01,4.497652124068367563e-01,3.037655523408523406e-01,7.953850230929845333e-01,6.437247930412808294e-01,1.741414920082375029e-01
7.369701542527852534e-02,2.309292700257640496e-01,4.497653723868155762e-02,5.412141895230482280e-01,3.505029658955750027e-01,6.796985254345112581e-01,6.733163627706525434e-01,1.744736703307906700e-01
6.838630279243629317e-02,5.388280184678325702e-01,8.393127104230491131e-02,4.841513149015767570e-01,3.298033877051234075e-01,4.277991339574661600e-01,6.751421224170055524e-01,1.745212754075675388e-01
2.178874084968392827e-02,2.511888795426847620e-02,1.644627599180441824e-01,4.235827727531434328e-01,5.327111123813551563e-01,5.357898516079796503e-01,3.063082104146843121e-01,1.755190224680668043e-01
8.777135247835007870e-02,2.906959770304302637e-01,2.657979132481419482e-02,4.787088769332439320e-01,3.982994393093142738e-01,6.396841646741794341e-01,5.152661905219738658e-01,1.738664382738202563e-01
9.618320475990560503e-02,3.271938507668855078e-01,2.028479622680715300e-01,4.701710769192889994e-01,3.486320060252657282e-01,9.696478974433919706e-01,6.674470893819617334e-01,1.735948295480614911e-01
2.897890151810261772e-02,2.084079750440808176e-01,3.951285025225899639e-01,4.945741214098016147e-01,4.413524759639061434e-01,8.096627594244408810e-01,3.219145779706665822e-01,1.750320474586354036e-01
1.222413748835970981e-03,2.500584292559037136e-01,5.728758200161304659e-01,5.927527042705140747e-01,3.922583763608763485e-01,8.462671149855630626e-01,6.376476164521437395e-01,1.728919280754368515e-01
6.397509275656824979e-02,2.637223034908861563e-01,1.206480691238173142e-01,5.152679089785665578e-01,4.011360494915018338e-01,6.645094862036309280e-01,2.919246784103435299e-01,1.755188082413131345e-01
3.700920462314199327e-02,8.534864854643503529e-02,9.346519398775945953e-02,5.012894873752651304e-01,4.343855182168445683e-01,6.500946353605712158e-01,4.718160909141536075e-01,1.743443006205167012e-01
6.157900089783184538e-02,1.438170983527277680e-01,1.179086004247800745e-02,4.514145487403382062e-01,4.618992463935815973e-01,5.647929291558346776e-01,2.829797676178764099e-01,1.750378715480164493e-01
8.461163905154382714e-03,2.251967099016818630e-01,1.821664649171339523e-02,5.802111024938693129e-01,4.282865439752009951e-01,2.764320210125610910e-01,7.801286434633486477e-01,1.734465427741451460e-01
5.700484178246262301e-02,1.647410462639580242e-01,8.664270825665454367e-02,4.321728846639556476e-01,4.331078342212274501e-01,6.424891694741678982e-01,4.112250200218403040e-01,1.752387405309689672e-01
1.155420599711789315e-02,6.565389605755417302e-02,2.123836035307920533e-01,4.947374858557447297e-01,5.010502781522424565e-01,5.290034707631847688e-01,5.188111538639210707e-01,1.747021261616262533e-01
1.995335733744200979e-02,5.895970566172482608e-01,6.167587199051447477e-01,5.293013935595253239e-01,3.094632816244913820e-01,5.554001418899123799e-01,6.779478992419902816e-01,1.741177834699466909e-01
1.046721902400598037e-01,4.687476053506082208e-01,7.441904403756594011e-02,5.261076368793728975e-01,2.824412313490485271e-01,8.112623280899007305e-01,6.880233103819206608e-01,1.734619181538162858e-01
6.758918935681074158e-02,1.420445795898817032e-01,1.593519652287916921e-02,5.266262980780107572e-01,4.004436524489661808e-01,6.683665518140278206e-01,5.784312308053710661e-01,1.743604953505039912e-01
6.555332189611064175e-02,2.827085065766875571e-01,2.609953960590982724e-02,5.315420632336134155e-01,3.759615707133371343e-01,5.931281225667911494e-01,5.827488766089293781e-01,1.735517888604522774e-01
3.443244782109519675e-02,1.846915466583012866e-01,1.396942793480815403e-02,5.510987895214669585e-01,3.736286814007646617e-01,4.777387589548928171e-01,7.955121416245922727e-01,1.735688564660732292e-01
5.344900515550950193e-02,3.109979532447537665e-01,2.638599822245540905e-01,4.412843500289793663e-01,3.999318990960261111e-01,6.626548146595604427e-01,3.770759399345066099e-01,1.762066450573682719e-01
1.069530260570303315e-02,9.003955070204375244e-02,4.608280611664899995e-02,5.548599295741946102e-01,4.774837341072030727e-01,3.763749933402054104e-01,6.895374089348155211e-01,1.738287094318164416e-01
1.003581809883656445e-01,1.579836615702728819e-01,7.716792080506226781e-02,4.444716381520610327e-01,4.089884426862618327e-01,9.294538155439900917e-01,4.797358591597342681e-01,1.733479397687322787e-01
7.412886019949418981e-02,1.988426169974484847e-01,8.316636489274009669e-02,5.211977180925607689e-01,3.508171712745919435e-01,7.781806016069585663e-01,7.681500688185182169e-01,1.732561065338558692e-01
2.590704634512115689e-03,1.094705419680989944e-01,3.058823630284717154e-01,5.814009432886374507e-01,4.218176796927167183e-01,6.866562494577946874e-01,7.931781580496258810e-01,1.719612260199630260e-01
4.910877860155601904e-02,3.885195726524274806e-01,3.317848658474792378e-02,4.618024917659228623e-01,3.905477685844636060e-01,3.313681479225331072e-01,6.391658888984554920e-01,1.750378897190424943e-01
5.905916677174401219e-02,4.490164057015110233e-01,2.245197455650762286e-01,4.418873196981903395e-01,3.634966878448173677e-01,5.443865613271112736e-01,5.635027261667908682e-01,1.750564357557816142e-01
3.754410877408453917e-02,2.109950537612995669e-01,2.461448561032015259e-01,4.602295957337474985e-01,4.214547666427197470e-01,6.838657620795518532e-01,4.784047522732483571e-01,1.749434129774884161e-01
5.035843504365738327e-02,4.801544226460814357e-01,1.306373732908829022e-01,5.085653217122695358e-01,3.747158617370208722e-01,4.057258238757858737e-01,3.643015643925343050e-01,1.760276161656676164e-01
3.268409328682634479e-02,3.570398747207997880e-02,1.022577524308915242e-02,5.516720374457733111e-01,4.469776938222708162e-01,5.467778599283183993e-01,5.125656417212506311e-01,1.750562910032676389e-01
1.175546989858430591e-01,3.956340138097313996e-02,7.311545021527304788e-02,3.822831924314853413e-01,4.450659248307586857e-01,9.958379740557126159e-01,5.262100251263926998e-01,1.742841123444166807e-01
4.299289163393084368e-02,1.866079345351520369e-01,1.231356416052507841e-01,5.076978167131891428e-01,3.948494355778437437e-01,6.185223192910537238e-01,3.551670773670376757e-01,1.765944647289475755e-01
4.031449914110608879e-02,1.747930108369113444e-01,1.978315198513106443e-01,4.453482230582453960e-01,4.627048127079255169e-01,5.826371917948525159e-01,6.497352023465734483e-01,1.729148956249942082e-01
2.348479391186619400e-02,2.109592463290134168e-01,3.299140460101042116e-01,5.075854105462037635e-01,4.081695963983925091e-01,7.195192512833697984e-01,6.852756806747259954e-01,1.731604680071747171e-01
3.055521059920532356e-03,3.803441615417695321e-01,4.781330290913445857e-01,5.755409430852702624e-01,3.861008365032708167e-01,5.489558323682138807e-01,5.245267198078541471e-01,1.739399609939310531e-01
7.588953476151766298e-02,1.248947378717125134e-01,1.042018142764547239e-01,3.968202075851120503e-01,4.534857113020901442e-01,7.578921051724609725e-01,3.906487380169085810e-01,1.752196445355677645e-01
1.075192546824407791e-02,8.978810331424230684e-02,1.492709035755708236e-01,4.399431046470868578e-01,5.485553954003914434e-01,3.785186257974979540e-01,2.978368768253574217e-01,1.763123311885069489e-01
2.550079041817951420e-02,2.199891416571761460e-01,9.651751083845963586e-02,5.798397166302600159e-01,3.837178946255216938e-01,4.418512945133566960e-01,8.529723629139486230e-01,1.733644630450946467e-01
1.623089455557204935e-02,1.484957038118373818e-01,9.117976341397690532e-02,4.679810936274759192e-01,5.170986794263003894e-01,3.486218201788368054e-01,4.926648858380127671e-01,1.747586025168672563e-01
2.582998291074101171e-02,2.094968030780878787e-01,2.065091708734030362e-01,4.441915843287964627e-01,4.832636012995165653e-01,4.795759654855302756e-01,1.854190408880618257e-01,1.764066358883363828e-01
8.771662183568018634e-02,3.558979442298053630e-01,6.035033623008215220e-02,4.750313705463256042e-01,3.617448569535268166e-01,6.672521959069340758e-01,4.575415019212686896e-01,1.743061176005435697e-01
9.569519300944495654e-02,3.051841007248357052e-01,1.578459608460562602e-01,4.983490204104076282e-01,3.471841195661254931e-01,9.194110676782817348e-01,8.156128391618042706e-01,1.720608149397287456e-01
2.459450973525213746e-03,3.768941477939179441e-01,8.818710285017796746e-01,5.207785003272504820e-01,4.192494160983689655e-01,9.455520644464632252e-01,1.296450803635381677e-01,1.767543711687948604e-01
1.058596141317980771e-02,6.120266954617985533e-01,7.797856530664853958e-01,5.700463770934679486e-01,3.384890286169588425e-01,5.432375750009083015e-01,5.015029692061953037e-01,1.748484434186147463e-01
2.798510119351074049e-02,6.139977710731769900e-02,1.811408844365514081e-02,5.789968068362196796e-01,4.197454385779978980e-01,5.336068469949464266e-01,4.470007619792204512e-01,1.765412540393452578e-01
1.672326107354989155e-02,4.643433548044706427e-01,7.268793945912608301e-01,5.102895597524604865e-01,3.733200483015333138e-01,8.286402414648318393e-01,2.098066311639534831e-01,1.761257671953178894e-01
5.520452503129474192e-02,1.822664906987122302e-01,2.900751919754049890e-01,4.983222831815941056e-01,3.817009187407001680e-01,9.525485819862946624e-01,5.543848078948203639e-01,1.744324054413506353e-01
4.108903608350202019e-02,1.490898249615428273e-01,1.338436054824307664e-01,4.756242378000643534e-01,4.601083967337586955e-01,5.895892845602463961e-01,2.260808967966130845e-01,1.764607806241720034e-01
3.500404032617519812e-02,4.494761957009029696e-01,3.824767248782668938e-01,4.946640228276342754e-01,3.763417781540413509e-01,5.961232863819095895e-01,1.950630817277404505e-01,1.768394684460564970e-01
8.107484611726831214e-02,1.181702094902546962e-01,1.107562037081977202e-01,4.080881891296210817e-01,4.278840370962534445e-01,7.628467107384174772e-01,6.104853146777147188e-01,1.745855138720995847e-01
5.472329445360075290e-02,9.779365079533330896e-02,8.542288517641188905e-02,4.813531139125216685e-01,4.141102364500081623e-01,6.763080055094791154e-01,6.807321722342530856e-01,1.734985251654612703e-01
5.804961482202779938e-02,2.357387652377668785e-01,8.399389431610509993e-02,4.856204951227119926e-01,3.616800629355039209e-01,6.141868397344909525e-01,7.266636712604197523e-01,1.744856239289356292e-01
2.680573406220229660e-03,3.087267473295305931e-01,6.566002925703875448e-01,5.697570792272962370e-01,3.649401837576775609e-01,8.890088073542162794e-01,6.180045130598689207e-01,1.743644126438306519e-01
2.654999319299737592e-03,5.192591456423016893e-01,7.425616802194616728e-01,5.818666703752106706e-01,3.410160677500914117e-01,5.689547512523780437e-01,7.758361954148849104e-01,1.727949599406372050e-01
7.602658407305414034e-02,3.133513772187538349e-01,2.901355132012117810e-02,5.694539311556341410e-01,3.312115045955161263e-01,6.767312353572960681e-01,6.548721251884360717e-01,1.736461905513080051e-01
2.524304870086131053e-02,1.984137755511265755e-01,3.232224745364077889e-01,4.514979881412217733e-01,4.748552577520802065e-01,6.444424018452968861e-01,3.345812149515106082e-01,1.746491618719259731e-01
6.246237160450224257e-02,1.457837092711145865e-01,2.070654838305446832e-02,4.990811160098032051e-01,4.060063614136980581e-01,6.280240961752651119e-01,2.476889674541758457e-01,1.767349304046825220e-01
7.329118173087847965e-02,4.604196301650806400e-01,2.065137634137723666e-01,5.034554894567242478e-01,3.352304956045851769e-01,6.830689896494006597e-01,5.431965348916799607e-01,1.749303990348254345e-01
6.982145902368536161e-02,3.287403849925244481e-01,2.181978156176511141e-01,4.725913429444864589e-01,3.480216250599351135e-01,7.777724234767109390e-01,8.393699452900326152e-01,1.726154800350299390e-01
3.096367400458485686e-02,1.927847199098448039e-02,2.542218719695441553e-01,4.473392745165941098e-01,5.032000209807604429e-01,7.790386431776095133e-01,2.634060569988159739e-01,1.753719814885709438e-01
2.639258924896602937e-02,2.172245050047222903e-01,2.698275538557362574e-01,5.364501355234748692e-01,4.256052501686994893e-01,6.585914315555880805e-01,2.543936525536923954e-01,1.760306923712190164e-01
2.726263624577905317e-02,2.528673098504995442e-01,3.333382866123707489e-02,5.919959464602513322e-01,4.001860809635517935e-01,3.726692502496789516e-01,5.799603184680582890e-01,1.753683536944379007e-01
2.904306260978357923e-02,1.201627753721807856e-01,1.008807372863871343e-01,5.054344778467045884e-01,4.435051567088869051e-01,5.736451870129710695e-01,2.500318303096520367e-01,1.761857143850192320e-01
2.015196913642312501e-02,6.282717132986601616e-01,7.714830395913576666e-01,5.648313236267907822e-01,3.095164021818660460e-01,6.476842514702423337e-01,3.994338350217298550e-01,1.762939867671121652e-01
6.535235522697856181e-02,9.148653241735361652e-01,7.044097689436633614e-01,5.267173203439314833e-01,2.412729936996624025e-01,7.090895835134174430e-01,6.266300054924158758e-01,1.746323773298882331e-01
3.576503204443833711e-02,1.849914856118153317e-01,3.691851008763989972e-01,4.874411031941680017e-01,4.161420353862451127e-01,8.527825569371502157e-01,4.093915227989908256e-01,1.756903851822158580e-01
1.035137114803179881e-01,3.814037865934529759e-01,1.812805910035378831e-01,3.743764514691450551e-01,3.985331471366009293e-01,8.227459420228391274e-01,3.280058516644136501e-01,1.754637962388845007e-01
3.577424319607921954e-02,4.995628066930417610e-01,5.880277417169667009e-01,5.642440250950130354e-01,3.003843454499817156e-01,8.710961520902789079e-01,7.356210960946352184e-01,1.733124101445248644e-01
6.214248151370546647e-03,1.259877290138057826e-01,2.477939844398420743e-01,4.710243247992728644e-01,4.945554616908421908e-01,4.857143964398459302e-01,3.364776175171655392e-01,1.763795988693131478e-01
1.097268345761487351e-02,1.306916528860090077e-01,3.225324281443522900e-01,5.177238135496537996e-01,4.631352731504772002e-01,7.175108910035956633e-01,1.420458731390193963e-01,1.763781458797508417e-01
9.690185354203600943e-03,4.335761131129334256e-02,2.366806634558655253e-01,4.947082991189012402e-01,4.733783791219658421e-01,5.917923642612461510e-01,7.150295381136070327e-01,1.732267845292934094e-01
1.128045369830766170e-01,2.082027584193646141e-01,7.933908765586084044e-04,3.747685309389847119e-01,4.368727323671353080e-01,7.364243561022874029e-01,2.415044695453472112e-01,1.753985469416884102e-01
2.186802653037062810e-02,1.170511441567468058e-01,4.048764775485194090e-01,5.250982251762581487e-01,4.236676396876035700e-01,9.370535567240610986e-01,5.105725980886295368e-01,1.743729506733067980e-01
5.175326718336141496e-02,1.670550916580357537e-01,6.905380539064587264e-03,5.728896355990380496e-01,3.962001844539562168e-01,5.764759755178835432e-01,4.772325905192240647e-01,1.744860938463355660e-01
1.055322489461398699e-02,2.028019374799017172e-02,2.086911063980709802e-01,5.064156346092028027e-01,4.507508622757434025e-01,6.805311556621198577e-01,5.340219162436401490e-01,1.744236812173971807e-01
4.087166339953852284e-02,3.061007385329359565e-01,4.923433143429245540e-02,5.231983448636540190e-01,4.057956736630731198e-01,4.455467969809917550e-01,4.536258690529539894e-01,1.746592942649202729e-01
1.628617840804856554e-02,2.259557317637785057e-01,4.286696756401502939e-01,5.445867551015665109e-01,3.832208961486988086e-01,8.074494265855846065e-01,7.010410683067807014e-01,1.730535322767904616e-01
9.868627047328139279e-03,9.961890730737632538e-02,1.148089506563665374e-01,5.092714232438388944e-01,4.620106058269274341e-01,3.848770559764617127e-01,7.801822397786636332e-01,1.743039837649595636e-01
6.160128706052751812e-02,2.077772261304717538e-01,1.747865711681554635e-01,5.045679586853998311e-01,3.761250766466778805e-01,7.819103756723777554e-01,5.295891966811682172e-01,1.746064939963664076e-01
8.288774640017286532e-02,2.644711901165285317e-01,2.664792090163345395e-01,4.323503153062233650e-01,3.832915556780617794e-01,9.445249857840416485e-01,5.957728038310228236e-01,1.743047935754826472e-01
4.102322969291714860e-03,2.519780535344249284e-01,2.727110388588409595e-01,4.849614790445185841e-01,4.799315368429445394e-01,3.984274447849199818e-01,2.468611903070863089e-01,1.765820282679000375e-01
6.138726979926852068e-02,8.915932287039993187e-02,1.931114002535935792e-01,5.025091189842925132e-01,4.084317392388925327e-01,8.926103006970353970e-01,7.733463252137878774e-01,1.721345158899381111e-01
3.590849440882629140e-02,1.652848816949727684e-01,3.573060921521148403e-01,4.986040034979214997e-01,4.092445437892625049e-01,8.335392202414872997e-01,6.137946969354730609e-01,1.743549961776304225e-01
2.051486131027929760e-03,4.346174154762838526e-01,5.717858543204445976e-01,5.352188966355414523e-01,3.761271550598740410e-01,4.861815538194315667e-01,6.479426965754014889e-01,1.742016498286926007e-01
6.268939886835858677e-02,4.911227099209057867e-01,1.044414820792860521e-02,5.562827480572235528e-01,2.911013171795155952e-01,4.363706115712281397e-01,7.632630538779571205e-01,1.742705315047340109e-01
2.395687934943152922e-02,5.569039337244419130e-02,1.348958711850450909e-02,4.964015981050877158e-01,4.726773421413109078e-01,4.266224244015509592e-01,5.258288235054812132e-01,1.760645234022233108e-01
7.950886243909843776e-02,4.566345740371249295e-01,2.086347848999134391e-01,5.017128315399791427e-01,3.291654986903566615e-01,7.494436321250121935e-01,5.555958711715603959e-01,1.740581803561214169e-01
7.168818235199377054e-02,2.771071238929904701e-01,8.753394078198084571e-03,5.138930562762894505e-01,3.381788417494341337e-01,6.601337767989063909e-01,5.236706120210337101e-01,1.746856540969009552e-01
6.083328746649530050e-02,1.479596609751659964e-02,6.455115405146549801e-02,3.848789453193854904e-01,5.158890164165884640e-01,6.604865193297448922e-01,3.659454863962517956e-01,1.746201041371074070e-01
6.521970422313128068e-02,2.695817579717929013e-01,1.195800778458468161e-01,4.744397667713783906e-01,3.927748754141056620e-01,6.783252493937271810e-01,3.288590267200665052e-01,1.755669644271634078e-01
6.048726375503141878e-02,2.338898405409389758e-01,1.735191662559864567e-01,4.729867124757696217e-01,4.034183378845970225e-01,7.362504346627750662e-01,2.094801511334576927e-01,1.760812836008326110e-01
7.608169904952657991e-02,2.751235257904680598e-01,1.235953604602156031e-01,4.505880868757197732e-01,3.986222533798117196e-01,7.222018518049486691e-01,6.426058934673376521e-01,1.726860121053731545e-01
2.196761526492550798e-02,2.173442239658299191e-01,1.214425164717698735e-01,5.844272936056874590e-01,3.636097661260815905e-01,4.874435787305221313e-01,8.282937408282408098e-01,1.740868361650350082e-01
2.158840532581537616e-02,4.919759627046937922e-01,7.987466568103041009e-01,5.273812615605357745e-01,3.400208624980736727e-01,8.828980338988879906e-01,7.548258179757045827e-01,1.734630488403804405e-01
1.141719804982404829e-01,3.079327995947367391e-02,2.191616957759212614e-02,3.864282394745968685e-01,4.343113699449358545e-01,9.235785751488291284e-01,5.761440919463491905e-01,1.744484766360823447e-01
8.162198358977530710e-03,5.309694976213221729e-01,8.372196233511636221e-01,5.062596662476316345e-01,3.810195055890327476e-01,6.977710973595213639e-01,7.921347552553181792e-02,1.768026178195074571e-01
6.941973669026976768e-02,3.223531044983031779e-01,1.277444098659652472e-03,5.697705547751494848e-01,3.120234193077655038e-01,5.834593717818266079e-01,8.976917389508605183e-01,1.726635568521397990e-01
4.352509608086041482e-02,3.409375369984196658e-01,5.681261323089881188e-03,5.832591198758868556e-01,3.453854227365815155e-01,4.111006135238175485e-01,8.669012099273207816e-01,1.727209373584971397e-01
6.961362712562008115e-03,2.303711210087132644e-01,4.089365671402875324e-02,5.591899133881254036e-01,4.816165250910492968e-01,2.342440513210924946e-01,5.887959244506250078e-01,1.748832960262956815e-01
5.974811634913139435e-03,3.079196365316770323e-01,5.608317870677488326e-01,5.978855248667648281e-01,3.555759559023093930e-01,8.475442498859475648e-01,3.389665929273785183e-01,1.764112043669317231e-01
1.961594293196151917e-03,3.641893382173654881e-01,6.483974523963106362e-01,5.420719360106948104e-01,4.092897261499808259e-01,7.385973831636143405e-01,9.779907706401869127e-02,1.763497658494210529e-01
5.485108556978452593e-02,2.044554936765116404e-01,1.881829618863612996e-01,4.613439280853527391e-01,4.203830053897931185e-01,7.194499194634281780e-01,2.193877091165609139e-01,1.760210306270223735e-01
1.180151244136567329e-02,3.865868945780098209e-01,3.014764425257597802e-01,5.972134533549935398e-01,3.512738534656211220e-01,4.606503468704543081e-01,5.413028899111206327e-01,1.755137949973638312e-01
6.236940241410216662e-02,2.558106793866259943e-01,2.291709433078063796e-01,4.095350952435425351e-01,4.440155129330238259e-01,7.356490410434405325e-01,1.040935105780875780e-01,1.764908862533698108e-01
1.162562426367186319e-02,2.040616003599484141e-01,5.665364411553207580e-01,5.499461540081007627e-01,3.988041485862159896e-01,9.300318564637863883e-01,6.242466905378067921e-01,1.743003640835050772e-01
7.190687068582818364e-02,9.826445485860857421e-02,9.643272601338251371e-02,4.311229221967017855e-01,4.533485504335135752e-01,7.551837251200453904e-01,5.807174227867631933e-01,1.727037025630507594e-01
1.078569599777819271e-01,4.994534030377686951e-01,4.065338482354935445e-02,4.631984966690881889e-01,3.284251613782175894e-01,6.418970188654201658e-01,4.750264459353541469e-01,1.751759432294605900e-01
3.770660619105123401e-03,4.842064659285890138e-01,6.411265629601559102e-01,6.260889884453140208e-01,3.263437431590191506e-01,6.888377799879267238e-01,5.025979393301925890e-01,1.744972781125045114e-01
4.630056942631430306e-02,1.866591072422258413e-01,6.431172500666459957e-02,5.341462386203326140e-01,4.171502116985161268e-01,5.485528406518560551e-01,5.068565146098449326e-01,1.745093912033655326e-01
6.396695351683209796e-02,2.038653838655664352e-01,1.250652486898639060e-01,4.324851085285471020e-01,3.925388791887681750e-01,6.825053294231508971e-01,7.761802225073319850e-01,1.727682638435765194e-01
9.479702308316553805e-02,3.902131337112800802e-01,9.254945375387305107e-02,4.515958784627019940e-01,3.482554182457983649e-01,7.179506598102451953e-01,2.919095615980650815e-01,1.759581712934027986e-01
1.538436553164179710e-02,5.423884141217572008e-01,8.007486736286004714e-01,5.710897581077671870e-01,3.110145974004525082e-01,8.098998801365333566e-01,7.928463029817713892e-01,1.730317339753422445e-01
5.872897515000453927e-03,1.954996414063825405e-01,4.864874403142672721e-01,5.426714311697560245e-01,4.224279092982605177e-01,7.512385227367898155e-01,4.685780020167271687e-01,1.751466372820236761e-01
3.612426698267771907e-02,2.111489388986657056e-01,1.217542151236135350e-01,4.683507603821733256e-01,4.437603597995655180e-01,4.593590816913274422e-01,7.032049275071257100e-01,1.737115224484402642e-01
5.870777024550800915e-02,3.029200171262352304e-01,2.228417328457777125e-01,4.895314287430643785e-01,3.681919014024758741e-01,7.836324556206644143e-01,3.549145135739519841e-01,1.758254237403631959e-01
1.416071189902991523e-01,5.923524703193143726e-01,6.683238112793124519e-02,4.296933050385542407e-01,3.170123888914088139e-01,8.033293915001362695e-01,5.592904783002687896e-01,1.743996293274166498e-01
2.511892174618148010e-02,3.640536777973779614e-01,1.226620154512139960e-01,5.450821523172808547e-01,3.697547027426804633e-01,3.656468346109276180e-01,8.075344689986323488e-01,1.736016766306430203e-01
3.449711437264986469e-02,9.702771370583052057e-02,5.698805800155667955e-02,5.025196380130403373e-01,4.169340958355574056e-01,5.442941626679526079e-01,8.429692382975708664e-01,1.727507070502071473e-01
1.903412083433823551e-02,1.781018749886144892e-01,3.118378921510847612e-01,4.884818781358307715e-01,4.697047827772651840e-01,5.965208285209905315e-01,3.661492515795896630e-01,1.754384253422804074e-01
4.392595459612699121e-02,1.134783447405645074e-01,2.859515795622423195e-01,4.357079258604352745e-01,4.257313718647463552e-01,8.628112713729553240e-01,7.115083785083420320e-01,1.727984567374528102e-01
1.646203635900045370e-02,5.533427624846692927e-02,3.262966709972230928e-01,4.507525712233708126e-01,4.767569196783401075e-01,7.144698762698415972e-01,3.615260968373091299e-01,1.761956255089472123e-01
1.539544569659734297e-02,8.960754553891275842e-02,3.492413398553121384e-01,5.229908917520802447e-01,4.215957792387783898e-01,7.976353844200152476e-01,7.183075243110070840e-01,1.738851395444558356e-01
6.902107541247470834e-02,4.019620630854663923e-01,1.582572050787592888e-01,5.643992516576474827e-01,2.844684785139285355e-01,7.186537829008649014e-01,9.063204637988113710e-01,1.727640623211698923e-01
1.733273494777378548e-02,5.967903095097228938e-01,7.167621740630654159e-01,5.358340362475851881e-01,3.447396767424411035e-01,5.536860448900613463e-01,4.234712221314324010e-01,1.756894335243322780e-01
8.877943735100887745e-02,9.399541566183766683e-02,4.234571106649887007e-02,4.392858105342803965e-01,4.387380106301691507e-01,8.200331687908671841e-01,3.374031800015652172e-01,1.748519864412664826e-01
2.478431825318046233e-02,1.539426749913465620e-01,2.767553652377793827e-01,5.689538699745356753e-01,3.990235332096984666e-01,7.556646682930889813e-01,6.687920358815305777e-01,1.736172089769894844e-01
3.824278786514866829e-02,2.475415300343422331e-01,9.005616979690442281e-02,4.979522127902042405e-01,4.105470373476022838e-01,4.400536391911911149e-01,5.724542240104082413e-01,1.749766804655252250e-01
9.704494649041858767e-02,2.091169186527551127e-01,1.700028141445050212e-01,4.385528268306594923e-01,4.038097345304952901e-01,9.828278421027465406e-01,4.564637822984650151e-01,1.743074645679316970e-01
3.185661990986870390e-02,1.719266074396408328e-01,4.480853103260268311e-02,5.645902546799664856e-01,3.883763689557399035e-01,5.300213505747187748e-01,5.352279965693668151e-01,1.751907980380098540e-01
1.932395065007833090e-02,1.844217429512684248e-01,2.553017435313350569e-01,4.714047924288747859e-01,4.381980743341127860e-01,5.946584896261589703e-01,4.192829538575590376e-01,1.754720971365656967e-01
1.010873916902746694e-01,4.311482509828863385e-01,6.322983398850443026e-02,5.150181500382916555e-01,3.123557042876454193e-01,7.883678035004265672e-01,3.832815915706394572e-01,1.749231148421585003e-01
2.558157279349219590e-02,2.675735653700460071e-01,4.492828406007423059e-01,4.603033464164036914e-01,4.232775001125474446e-01,7.499833824719304154e-01,2.550608912287690710e-01,1.764746262459092885e-01
5.420929497449379630e-02,8.002941056564516487e-03,1.613790508781732247e-01,4.676888597739946585e-01,4.588042159553618604e-01,8.251800092490483296e-01,8.229782007980467329e-01,1.713726821849920201e-01
1.201177301631252414e-03,5.770907965020057873e-01,7.076338609535700597e-01,5.358157974068453733e-01,3.986537667148387643e-01,3.504403111569672213e-01,2.161593357831979589e-01,1.763954947310887589e-01
3.674241169751107927e-02,1.109322349892505610e-01,1.803486444929748300e-01,4.687384999029495236e-01,4.789311400719497014e-01,6.695934395081186707e-01,3.371989024669020951e-01,1.746869146430033992e-01
1.735073252487284723e-03,4.364271259499185041e-01,6.347295482398306321e-01,5.322786204430268731e-01,4.163120132578490562e-01,5.370187197153258873e-01,2.034191515388985572e-01,1.759289365509615344e-01
3.425910045516230434e-02,1.157909580667123017e-01,1.705550790327831912e-01,5.237490480970691253e-01,4.432775137358937467e-01,6.550550663711312005e-01,7.062804756063520983e-01,1.725462227032353579e-01
6.568180295736009144e-02,3.545705698900281089e-02,9.764666901034627089e-02,3.666994937472367599e-01,5.108894437299091873e-01,6.846133275630674753e-01,3.522479831710156328e-01,1.753396425157505434e-01
3.742827123865342942e-02,1.440494383979571691e-01,9.506355813608316496e-02,4.384798395488467837e-01,4.726250166487911963e-01,5.207162019576179190e-01,2.113460969457581218e-01,1.765675505729974448e-01
5.639152931157173643e-03,1.738420865829401751e-01,2.912929715078294013e-02,5.665103023364117529e-01,4.392610911202035617e-01,2.661298233103930877e-01,8.631191119623243813e-01,1.732982017437859901e-01
9.688048812472684068e-03,3.604062210727678739e-01,6.075429331904592667e-01,5.100091499526148153e-01,3.969405292204448710e-01,7.242392219497443273e-01,6.057479406286454537e-01,1.733238482482757914e-01
7.773173545645163662e-02,5.720491324114235221e-01,1.363211418918436890e-01,4.969009898102886291e-01,2.877689577174207258e-01,5.406860250506874133e-01,7.211637715199242793e-01,1.745236760366896678e-01
4.415903007298321858e-02,2.553636391985319998e-02,8.307201789072610199e-02,4.146572929636622717e-01,5.123836532397052501e-01,5.544331675604099452e-01,2.262714827061843570e-01,1.770310745398634700e-01
2.210735863957094538e-02,5.708794570657024225e-01,5.571958662205555024e-01,5.074985729029520831e-01,3.411339922584451512e-01,4.968568933543371369e-01,6.265545628303854642e-01,1.742119549421703717e-01
8.902532892450756852e-02,4.597598548820400755e-01,1.132792897196592263e-01,4.965512028265512412e-01,3.185793505561654859e-01,6.937258957978726936e-01,6.098307863588395827e-01,1.743787967152370111e-01
9.826311132109262492e-02,6.257836829825269565e-02,1.229696592592083304e-01,3.552071027250314206e-01,4.542363402413631679e-01,9.428700520144148722e-01,6.636091507616973528e-01,1.726974460083749441e-01
5.180405859599427482e-02,4.402945440596613969e-01,2.164717204723346222e-01,4.803996332083009246e-01,3.595977643476208629e-01,5.395072709857224869e-01,4.139931747353793323e-01,1.758540424468241770e-01
1.471249571692370695e-02,3.413138087665671949e-01,8.655912494746342833e-02,6.121480859595079815e-01,3.845289511171736119e-01,2.724038023203215753e-01,8.633106770775712535e-01,1.734373703773885445e-01
1.099365154991839288e-01,3.543287526547474475e-01,1.063305964130991932e-01,4.384156365152822588e-01,3.626426142092990523e-01,8.141575612622162783e-01,3.818870941872253844e-01,1.758821067006122452e-01
9.064381868890135363e-02,5.402220272835362991e-01,1.866449911141198070e-01,4.932220799947731327e-01,2.911235337283813451e-01,7.554029365855898792e-01,5.019641666812271197e-01,1.752400809412526239e-01
4.736888681874433515e-02,1.471189966120097781e-01,3.377210231438448340e-01,4.764647148296043411e-01,4.315401029051966764e-01,9.301364099107021222e-01,4.755893211851928148e-01,1.743821746919936855e-01
9.628653746029910976e-02,2.430367434925125303e-01,1.071454718645300785e-01,3.894124238854938524e-01,4.041465313541589000e-01,7.958429866022477261e-01,6.236158976250599784e-01,1.733803647832656558e-01
1.198607867646122455e-02,7.171841599230247000e-02,2.236967391643996383e-01,5.409455145733517156e-01,4.326961759996242884e-01,6.319044084871464628e-01,7.859175834064330290e-01,1.728076212617324914e-01
5.844412897480565083e-02,6.845005481933220670e-01,5.048020136410618086e-01,5.485622387835620284e-01,2.613195839941677701e-01,7.271076525049409156e-01,6.228752719055873355e-01,1.750526108621003607e-01
3.180881882273126071e-03,1.396822779569917294e-02,9.270680172485790127e-02,5.363751187011700505e-01,4.685404127609875680e-01,4.684597132640294093e-01,4.146587432106129678e-01,1.769895604386144128e-01
1.203791922807246756e-01,2.841174681008845071e-01,3.955005365799810213e-02,3.939648239462588131e-01,4.005239947234138231e-01,8.219039024806968907e-01,4.781553729445299772e-01,1.738099722269913494e-01
5.248678960920052233e-02,4.381567064532936318e-01,4.763386615921078038e-02,4.818282617800321854e-01,3.747279018713030596e-01,3.734228219799763937e-01,6.570999206659887681e-01,1.739926539231507752e-01
3.263915714979086224e-02,5.123391215644890195e-02,9.129588480591688260e-02,4.013547027546211510e-01,5.155984791196495109e-01,4.965887425836426061e-01,4.012687833567784024e-01,1.754452251064484436e-01
1.457131078997996043e-03,7.042767062689081481e-03,9.344323429508560874e-02,5.830916602253167769e-01,4.717424502351031945e-01,4.879690820353900227e-01,7.382009328618035493e-01,1.733172530119493904e-01
9.934862646115413809e-02,4.308703902437637789e-01,1.355829376924534146e-01,4.077206130543303830e-01,3.550883453419331204e-01,7.215089387467802373e-01,4.931979208750082999e-01,1.751470717750468753e-01
5.495193825350109390e-02,2.054157440319503980e-01,7.493977751879077331e-02,4.799851328578377263e-01,4.308476147785709753e-01,5.299093591530894543e-01,6.438294432758373542e-01,1.738589069313411506e-01
5.248434531256812585e-03,3.000193357958800267e-01,6.454381113101053113e-01,5.210435530430097550e-01,3.891533013670895880e-01,8.532058354169781422e-01,5.548994888075338139e-01,1.741339456618224424e-01
1.148785226862723552e-01,4.396884624297183741e-01,7.226874005371547449e-02,4.914496754464992567e-01,3.074949534229566295e-01,8.148349211011125526e-01,5.495369972480541598e-01,1.746139163495534219e-01
1.093017418475043800e-02,3.884394978254168684e-02,2.439340847675074975e-01,4.945724037210261770e-01,5.037216122660860274e-01,5.878527994822279057e-01,4.921046783659802082e-01,1.743794425017146377e-01
2.670183805155518231e-02,1.402319572064618936e-01,1.059311601823026416e-02,5.245082566637866428e-01,4.061579289181523333e-01,4.394857000395211433e-01,7.081319674308511614e-01,1.742023372322211439e-01
5.274431500126119943e-02,4.171495582627975929e-01,1.031510866508946189e-01,5.433536883976864962e-01,3.519729777641188440e-01,5.041386239565266436e-01,6.495516878932912075e-01,1.735297368660411454e-01
1.846453837802065553e-02,3.543795093114140426e-01,3.249570793576996297e-01,5.442185390409433055e-01,4.088223802599284529e-01,5.211799163476639185e-01,2.248754878159818782e-01,1.761982153100898341e-01
7.610618021138843003e-02,4.131354307456608921e-01,1.944564330003639707e-02,5.272399234658757816e-01,3.281548690766796783e-01,4.909443187090461458e-01,8.152489452175409879e-01,1.737112240049195622e-01
2.318891066175642751e-02,2.818541993080179719e-01,1.676165790443873704e-01,4.657932800026399756e-01,4.514719813097312073e-01,3.846514435179042013e-01,4.140091782920756192e-01,1.754300861415273305e-01
3.970461662460221530e-02,3.003320571472227751e-01,2.573065223932240464e-01,4.964410483272879149e-01,4.036751984067216137e-01,6.582994972518341203e-01,4.269003693515786013e-01,1.747279600535854294e-01
2.134854524704962384e-02,3.468883889263282838e-01,4.701108969512263758e-01,5.864237138083592260e-01,3.525656116515399341e-01,7.536745512144219505e-01,5.782274347385162327e-01,1.747035237909798921e-01
7.223534330888356503e-02,2.073003868020164564e-01,8.380841290848331515e-02,4.423901659485440785e-01,3.960460437826167079e-01,6.540388720143108792e-01,4.186146302571189248e-01,1.762707697075076296e-01
1.122823372422051824e-01,3.192686375104734076e-01,2.009859210831203280e-01,3.910625122221986771e-01,4.014432323390105806e-01,9.927903315524875261e-01,5.820018461371063712e-01,1.732943822948435908e-01
3.665632038835803241e-02,9.317218643619454288e-02,3.062292965025326108e-01,4.823686444569193488e-01,4.538516436001386323e-01,8.629030731231795981e-01,3.269101530672251510e-01,1.753786608113279688e-01
6.842948539315681089e-02,4.136240439449387907e-01,1.320852152378108324e-01,5.280981196294279867e-01,3.244016555590203410e-01,6.280250030351267609e-01,3.903880201730284272e-01,1.763249032492210655e-01
4.795268787699478313e-02,1.821753496170303854e-01,4.332776257813236720e-02,5.641847810132508689e-01,4.027239497349625053e-01,5.488332873161109182e-01,6.492602759511035826e-01,1.736631603276161118e-01
4.077019134211123941e-02,1.447956641187750915e-01,2.747041286263214310e-01,4.605824781849984784e-01,4.213034910282239531e-01,7.597533440210803013e-01,8.664509513215195025e-01,1.718220158233439432e-01
7.852797438319476797e-02,4.822780782807183364e-01,1.926426494281858748e-01,4.781840370331843504e-01,3.276809448818903681e-01,6.602893184667761872e-01,4.886640178876611174e-01,1.752189566220968275e-01
9.321392829777200295e-02,5.502049370106376625e-01,1.980435965099812123e-01,4.949855965684571424e-01,2.810422920402366187e-01,7.550314742081347674e-01,8.317088711234685849e-01,1.734079075148954319e-01
9.295321199311967764e-02,1.272297738904160924e-01,9.173986786905685697e-02,4.585712453762095242e-01,3.923673397419251141e-01,9.234703267290854667e-01,5.980512850868080488e-01,1.739956337292473953e-01
6.955344874237855135e-02,1.044762671515461205e-01,4.522490054342023780e-02,4.708494647969672098e-01,4.070454614828376561e-01,6.734216465949344199e-01,6.869868285926516993e-01,1.738484307851964061e-01
4.724895939230613212e-02,3.723354805012477620e-01,4.203726240941774717e-01,5.400089607189233476e-01,3.310570741505653447e-01,8.709656560329283037e-01,6.618786288544031837e-01,1.741291527532276284e-01
4.447882440067024712e-03,2.957642460948160523e-01,5.272435915159822128e-01,5.639390943370267140e-01,3.870969930993556352e-01,7.120019400860904124e-01,5.125635765707305946e-01,1.745080833775547735e-01
8.019109057514738070e-02,8.910334765557870185e-02,1.311505958366207536e-01,4.615953941151227369e-01,4.172818214135788351e-01,9.429060280698207119e-01,5.513653774999408563e-01,1.734275231884211677e-01
3.727101900864637773e-02,1.480361226681323750e-01,1.359614294699174608e-01,5.032339983344141787e-01,4.365257532240288674e-01,5.348545667026822770e-01,7.641922006868224759e-01,1.731300999376646776e-01
8.467992547658600988e-02,3.529395259784576799e-01,2.622364560927376576e-01,4.574340445528376486e-01,3.442493351829676307e-01,9.306729762239857040e-01,8.807225357795849252e-01,1.715619086374947644e-01
3.840374553438590660e-02,6.744421033562053580e-02,2.470565033481636474e-01,5.011876736985068082e-01,4.244057539029104653e-01,8.583707948925555220e-01,4.014959705658948108e-01,1.753128141437400589e-01
4.485773815315321350e-02,1.672761079008542318e-01,1.033412068077526891e-01,4.839531730115113062e-01,4.111277731837319482e-01,6.200998463920751602e-01,7.583909501657062346e-01,1.720269558209960303e-01
2.192642686232382926e-02,4.246219344285852015e-01,6.736375579622186915e-01,5.864823881638938641e-01,3.212839858935118142e-01,9.763690158772534433e-01,6.313852818477271311e-01,1.740645503299098618e-01
4.386758437398757121e-02,1.485643171668254159e-01,2.451425788467203881e-01,4.260282991920733009e-01,4.265125565647167050e-01,7.262402623059042162e-01,4.994032313132906742e-01,1.750916749200673583e-01
2.949260887724710137e-02,5.336556900721793895e-01,5.181343990544656775e-01,5.490231354978604150e-01,3.075227257383423285e-01,6.865212566625735757e-01,5.650948465006104815e-01,1.749612623853905591e-01
1.686441383128975055e-02,7.014371897723928329e-02,3.025300862484195386e-01,5.639529940049290424e-01,4.354841869969838242e-01,8.071655217951146932e-01,5.733114195397293056e-01,1.733429870923989258e-01
6.386566374745591967e-02,3.352681314565543746e-01,2.543831174815754381e-01,5.092747460024883432e-01,3.461749894169937058e-01,8.290437191728559085e-01,6.011790976376365503e-01,1.736728210330059363e-01
5.415071613835170661e-03,4.042643066130728324e-01,5.301771105968803299e-01,5.979729403997502413e-01,3.406438826784434770e-01,5.968192578208143528e-01,6.484456885764174894e-01,1.746385206843017179e-01
6.280550054236178070e-02,9.868930623614385889e-02,2.646769469655678164e-01,4.184820969366880861e-01,4.395268747720011415e-01,9.199249630032970693e-01,3.907531705335245409e-01,1.759832945121328762e-01
3.537219366232737666e-02,6.237430792900495735e-01,7.660686521220639866e-01,4.931019659149515899e-01,3.141333594467162760e-01,8.075821305360076918e-01,4.114108247425900533e-01,1.762444638544920783e-01
8.795540533860309040e-02,3.132746101737396982e-01,2.761753000301764849e-01,4.062364093314334013e-01,3.704903168710285133e-01,9.361464403761698971e-01,7.120929030220797262e-01,1.737900816831165207e-01
1.257684265324168771e-01,9.906199743957766479e-02,6.283293649769094991e-03,3.826008218324262744e-01,4.428903937739131491e-01,9.547452632336734801e-01,4.550644960369780723e-01,1.733508025712149625e-01
7.834558590131718292e-02,1.662428969765435693e-01,9.820727957054745105e-02,4.489145186072423521e-01,4.364638947006188041e-01,7.375537102509189813e-01,2.107233517936805689e-01,1.762225362068505219e-01
1.076660432628123720e-02,3.063427964633126388e-01,4.395304775289447519e-01,5.755160221529114217e-01,3.599839752438343532e-01,6.671212175457180704e-01,7.202781699357856393e-01,1.735106705207267175e-01
6.051203897697039757e-02,6.615421123465031750e-02,1.091951047155646226e-01,4.669233778218361275e-01,4.341440493675806089e-01,7.742302712098625417e-01,4.081356119410472494e-01,1.756064440772416579e-01
7.095936702868370360e-02,6.128214035601095566e-02,2.340947274380307808e-01,3.906787812557573902e-01,4.615454062344109820e-01,9.881126251803658000e-01,4.901927800236283717e-01,1.744361593830759671e-01
3.231514171612241693e-02,3.283505817753626932e-01,4.571103745996507595e-03,6.062285656612435014e-01,3.609147417147962056e-01,3.339737682046021172e-01,8.734583119661409878e-01,1.729132699972596721e-01
1.366179214017810423e-02,4.630657985109137842e-02,4.183848632983678817e-01,5.248505148985092017e-01,4.440052850560803899e-01,9.496413907784105879e-01,6.044995267369407399e-01,1.738103448756878611e-01
3.868704878533241187e-02,2.919487388872967770e-01,2.845475231073379963e-02,5.923394520673009866e-01,3.371823059557310098e-01,4.826845367839063261e-01,6.146118662988196979e-01,1.754117841582060189e-01
4.467554763002330731e-02,3.345611286270021023e-01,1.922209966735711761e-01,5.155661009667237282e-01,3.538367821410766112e-01,5.754915223357716103e-01,4.983406943237784770e-01,1.759954924722770819e-01
1.193174177554929410e-02,3.093686118975362831e-01,4.904699730468347618e-01,6.145571392938894428e-01,3.546254280378715040e-01,7.738125837917849692e-01,6.277220516812802575e-01,1.740742240429166143e-01
3.951347450299319553e-03,1.770795620099097911e-01,2.219417488106252279e-01,5.772381136142117342e-01,4.069585052121559854e-01,4.560598030951694692e-01,7.509392453065755202e-01,1.742438891665755440e-01
3.227398111622535593e-02,7.465505884334810993e-04,1.689060596126803482e-01,5.253323070754083446e-01,4.235658151018562578e-01,7.994511259245521417e-01,5.846916240228715589e-01,1.748507880927712976e-01
5.363276591811981520e-03,6.376238388439032789e-01,8.270986299742882908e-01,5.312624181346222718e-01,3.614519122154745134e-01,3.980110379471941684e-01,3.043319263875174929e-01,1.766140033913086160e-01
3.074453301477264242e-02,4.008224359150489580e-01,5.910229073422303969e-01,5.098885363576702856e-01,3.440834852529112142e-01,8.748340204826028366e-01,6.214830950581007318e-01,1.748474756479286019e-01
1.688852096984936463e-02,3.993691239274577143e-01,3.950051979421503323e-01,5.656599379588533871e-01,3.801519355105127396e-01,5.659498240990635809e-01,2.970697265896391492e-01,1.759804172473452277e-01
5.244757649331618227e-02,2.347274872747441010e-01,2.012770896119673303e-01,5.597310441891267807e-01,3.580248753936732253e-01,7.897334768682475747e-01,6.480291020432229487e-01,1.735996472792987744e-01
3.154122096464761354e-02,4.990245595133693812e-01,6.248238310424674147e-01,5.323562958858067962e-01,3.070336526808313260e-01,8.655274268030486162e-01,6.281613198569814260e-01,1.747083133502878305e-01
6.908279331926912847e-03,3.333734287824032805e-01,2.039078735574789691e-02,5.995968998751132206e-01,4.232454230912464643e-01,1.470425998066847706e-01,8.572356077793366058e-01,1.740233557708919243e-01
4.995664013601110870e-02,1.624871426513657680e-01,5.234585468233898808e-02,5.442996178728667367e-01,3.537539850893000604e-01,6.502173999811899918e-01,8.716910890389217847e-01,1.722875291546242527e-01
1.632781371632891637e-02,7.620805512768502599e-02,2.674769853497853678e-01,4.468737592578585494e-01,5.123403395475312205e-01,6.521692899448826575e-01,1.599754189998409126e-01,1.758967345796281501e-01
1.092909650594358351e-01,6.643437663369724522e-01,5.800940369589710488e-02,4.788099508368316992e-01,2.746624941912419460e-01,5.998992386939475674e-01,5.046028430090645500e-01,1.754900395426642334e-01
3.460692576027886436e-03,3.911668021411480178e-01,8.855342623067501417e-01,5.350222111369334899e-01,3.761689266940447252e-01,9.689376829786351397e-01,7.112104874814513256e-01,1.738458537241485968e-01
5.351575801750481365e-02,2.342752098656619986e-01,2.410471088204849122e-01,4.458927165130730508e-01,3.864831368258341837e-01,7.953124555832423725e-01,5.726164885916470437e-01,1.741960763547301116e-01
1.045887173229799599e-01,4.616944989256854814e-01,1.146815238640355172e-01,4.865546335228723152e-01,3.182630810673369726e-01,8.075031621897971190e-01,6.048398963154077990e-01,1.734269431727902266e-01
3.360409818145004834e-02,3.717171161384610345e-01,4.434853368909976723e-01,5.136948467331725610e-01,3.413829206627568280e-01,7.553062340638445615e-01,6.198672283771308189e-01,1.752047609532499661e-01
2.812011778271089613e-03,5.825057145849421580e-01,9.351811963410344708e-01,5.696075002306568713e-01,3.143305965957095549e-01,7.025977688634258422e-01,5.476708918597685827e-01,1.755903295933507469e-01
3.904222842827248519e-02,2.370269388353651863e-01,1.004497294468753854e-01,4.891136054884631101e-01,4.328112997007729223e-01,4.986480128835983350e-01,4.339134001741393187e-01,1.747695463188552178e-01
5.328847751964272544e-02,5.247882373753237628e-02,2.946284086170875560e-01,4.481248531040557537e-01,4.478762919865790781e-01,9.860860603888590425e-01,6.358219520403681768e-01,1.736463986445515861e-01
3.788567989550061660e-02,2.038126931278501086e-01,1.506067184657642333e-01,5.229641644569363867e-01,4.374691820604467707e-01,5.810157070202559559e-01,3.900399117611225708e-01,1.750150061704361104e-01
7.295213104812106608e-02,1.895017228003479937e-01,6.043543678928547935e-02,4.361687540606412616e-01,3.988796670837639335e-01,6.398459424987243960e-01,5.722288532923318627e-01,1.746911924271998540e-01
6.092857741208156097e-02,1.522289461161247248e-01,5.150258897244230916e-02,4.450044350777708768e-01,4.371534662780517388e-01,5.548419199355030251e-01,4.719623648915975966e-01,1.760662115883006584e-01
1.264422978251018848e-02,7.515176298240722197e-02,3.266040141934517527e-01,4.825137463522723991e-01,4.957287159203438431e-01,7.419830078065146051e-01,1.382982611393036021e-01,1.762892212252516466e-01
5.387254662759147911e-02,8.891671510131698986e-02,1.598524457877703586e-02,4.960545694901457581e-01,4.010301188240802950e-01,6.146159814519127629e-01,8.221625892976530681e-01,1.725629013609087381e-01
7.631992449433425141e-04,8.397399978223205053e-02,2.518443582427958849e-01,4.787789701614073579e-01,4.809057596991474504e-01,5.147527768014472649e-01,3.849868213954475427e-01,1.759715224293288971e-01
6.069056135578911743e-02,2.144764745964466701e-01,1.396026238784327522e-01,4.406282749455166514e-01,3.983854790763030618e-01,6.946849434000568202e-01,7.773097099534952426e-01,1.724893920254827739e-01
2.607303575421981989e-02,8.295866404944618466e-02,3.992514271309621776e-02,5.892982180891934707e-01,3.962866729442156011e-01,5.818181400694469874e-01,5.010954437296547548e-01,1.754432352665956096e-01
6.364759631158338482e-02,2.531932107076967364e-02,1.922273690346891772e-01,3.999174568680984310e-01,4.494702832252843727e-01,8.614557800762570050e-01,6.253148865798585643e-01,1.743191899208271223e-01
4.057577357056704054e-02,3.012702564340272171e-01,1.878834628935306950e-01,4.909334935901730756e-01,4.012645492551431547e-01,5.375521332344812553e-01,5.385730884055813794e-01,1.750178291702549072e-01
2.532107901236953576e-02,1.915630981784835207e-01,1.517283836665047347e-01,5.147981037914710623e-01,4.239781318125672716e-01,4.525995064948626911e-01,8.006582702225657489e-01,1.735995536543308571e-01
8.276552342401419238e-03,3.507136145087629830e-01,5.088687623576721997e-01,5.223717409493918717e-01,3.967007149687313827e-01,6.077630549494348333e-01,6.703023434292864069e-01,1.731277757693107933e-01
8.608708731471485798e-02,4.345727332406142951e-01,2.067303814826581820e-01,4.310495899870112613e-01,3.504331305627211846e-01,7.567403042661806634e-01,5.618530529321955624e-01,1.743156047802160435e-01
4.327025896517341930e-02,3.020578656939043594e-01,3.337433445793565046e-01,5.122410719670057455e-01,3.824604350610431580e-01,7.662911137282282237e-01,7.530663965951357453e-01,1.721237020962368414e-01
9.893844611066378303e-02,5.749302510655303067e-01,1.047891988750865033e-01,5.194406101956390298e-01,2.789540695255458558e-01,6.386677725980112186e-01,7.171367784519688815e-01,1.746318274805328807e-01
8.173542196493449596e-02,2.734862853989973308e-01,2.034474560829525325e-01,3.608074486154420057e-01,4.243059361976993515e-01,7.645358348739644816e-01,5.037655842873319800e-01,1.744959403398859410e-01
4.362276894314167514e-02,4.299682786863283090e-01,3.700646416673368244e-01,5.266628636921621975e-01,3.455303289038502146e-01,7.026980288612406644e-01,6.898819225657761844e-01,1.732105245863244103e-01
4.200194752569171019e-03,1.305529717756736818e-01,4.023816047842204147e-01,5.783141497749301196e-01,4.088961609768205219e-01,8.018014631262881942e-01,6.936084255311438795e-01,1.735315703349146754e-01
2.668118904038510944e-02,2.091016752060138317e-01,2.966613151368635015e-01,5.486070213603978507e-01,3.772983655259495861e-01,7.631851576866590658e-01,7.241066357702162781e-01,1.725869322029238984e-01
9.180092109049681204e-02,1.177005185690155331e-01,1.138946547299072298e-01,4.066777921777340321e-01,4.432167036597147725e-01,8.953309703589853452e-01,3.072057671860068395e-01,1.751799777641764866e-01
8.888118260482477662e-02,2.755361955136953478e-01,1.691888245902880561e-01,4.622210495371693040e-01,3.724709328572440303e-01,8.533988106918574124e-01,4.612238044832752681e-01,1.752176529527751658e-01
1.468724498069094025e-02,1.658239129820967273e-01,1.113638010125039546e-01,5.063228575784710639e-01,4.578823967812357676e-01,3.779318346305342025e-01,5.972523594256705648e-01,1.749533284891721663e-01
3.835734660610940622e-02,5.130683454054398851e-01,4.887740381664054667e-01,5.265345503246743331e-01,3.109080742390594176e-01,7.007900182524471333e-01,7.198742551101950937e-01,1.739265107443005998e-01
3.527175821022203450e-02,7.202160770290305658e-02,3.675442521684468833e-02,4.827372216378340020e-01,4.486017339691081296e-01,4.701912288416845165e-01,6.110388345668935628e-01,1.757541136928682246e-01
1.091473747055607402e-02,2.103353413625802526e-01,1.172759790569527505e-02,6.022784419630974329e-01,4.316724630408774743e-01,3.031054240049916859e-01,4.840029983075673226e-01,1.759827492084290457e-01
4.746843366221312199e-02,9.888916475538964135e-02,1.190776576195983760e-01,4.310701057879470222e-01,4.557932651452661910e-01,6.433046217281949142e-01,6.587197491587644116e-01,1.729303477099433661e-01
2.136239413487653685e-02,6.867929523557075866e-02,5.901457037834334507e-02,5.664161487830841057e-01,4.255077475362639694e-01,5.354246484798078631e-01,6.328017682829789603e-01,1.748945692482305470e-01
1.092478149375305796e-01,7.734056437047984178e-02,4.979617578768433250e-02,3.944339435844128605e-01,4.523764570332617918e-01,8.713602943518863331e-01,4.127054601678595835e-01,1.747733229186547721e-01
2.365441996874632219e-02,1.759460401060121137e-01,1.109418564502560045e-01,5.654325744270665144e-01,4.276368065964132881e-01,4.901315710799712955e-01,6.171573761616125919e-01,1.735609882716426244e-01
4.550179162781795711e-02,3.221959134900584387e-01,3.811763118324607014e-02,4.865214140552439614e-01,4.285119967696870980e-01,3.892085663630062142e-01,3.439265603123221049e-01,1.755949824935288672e-01
7.239021604173519198e-02,4.678253043258884247e-01,1.598861995220665355e-01,4.785509564050968723e-01,3.406361851279481323e-01,5.966595110775947397e-01,7.579793518137071251e-01,1.730915324486124729e-01
7.948345125057852678e-02,1.852961377028587708e-01,6.195518341053937728e-02,4.208730966262677065e-01,4.281352746632526296e-01,6.922978959089580719e-01,3.684758669844645507e-01,1.749389953413622023e-01
8.968346409557047261e-02,4.300301094368672028e-01,1.369874619401520999e-01,4.659364378009198671e-01,3.298226556582344871e-01,7.469486682397327160e-01,6.817768353499199518e-01,1.729181718503571552e-01
8.375606841624730348e-02,7.499645274891669766e-02,9.715722091093223489e-02,4.292095334611402135e-01,4.381662426510519182e-01,8.887809188636285329e-01,4.017128852332081945e-01,1.740206547722870367e-01
2.446706425397333906e-02,2.724902754913171576e-01,1.932863125623333900e-01,5.599470434550185560e-01,4.079528736382256326e-01,5.023819295812572694e-01,5.230274940840240472e-01,1.748759838107653841e-01
1.036113627176679652e-02,5.315867217940423162e-01,7.902719593905620510e-01,5.371411681144259154e-01,3.558683578208678977e-01,6.566804212153685150e-01,3.897279297579049340e-01,1.758428482324695674e-01
1.038591203714053779e-02,5.551396099708703069e-01,7.742716610635549390e-01,5.486696332015773558e-01,3.429523285939847232e-01,6.722614557513938438e-01,2.872022847269938284e-01,1.757902506397119591e-01
7.602222272498782019e-02,4.291056996804766266e-01,2.389241957973203268e-01,4.464165813434963770e-01,3.434418213696861510e-01,7.302992211723917659e-01,6.621347028417254865e-01,1.738022360751672879e-01
3.716768732966217736e-03,2.161263134793154350e-01,6.052091224067248643e-01,5.441608153071523235e-01,3.930046089699764100e-01,9.167962486114606957e-01,7.460922470696413900e-01,1.730993250923421045e-01
5.378531104549344466e-02,2.996812063591037245e-01,1.522172538996703350e-01,5.063379924143684985e-01,3.530854231333611648e-01,6.600869975206411500e-01,5.245336873489649943e-01,1.754131039453877550e-01
8.203530801104366721e-02,5.469362330573296349e-02,4.667161220296123236e-02,4.801293348051847154e-01,4.256409939131263753e-01,8.631231239883838668e-01,4.422986684144237235e-01,1.737547024976881516e-01
2.153903034314745210e-02,1.179889330556158911e-01,2.656699997384108780e-01,4.712841916651409613e-01,4.797008516588681104e-01,6.606520753803052370e-01,4.669613760576950545e-01,1.735442754955869860e-01
1.009615556680852205e-01,3.138517971263035111e-01,1.022563832981548959e-01,4.116779293529946315e-01,3.682846053585737134e-01,8.106911653221606784e-01,4.986359174293733543e-01,1.746780914355570979e-01
1.157483826782446934e-01,6.695540505720949387e-01,1.789168205565935810e-01,4.799058819684403621e-01,2.817937897013461646e-01,7.492827614442038042e-01,5.092552417838903667e-01,1.755918423796619388e-01
5.449044363508375594e-02,1.771254401875931583e-01,1.052970438240046491e-01,5.068648846358662086e-01,3.798161425293993809e-01,6.909586874102631171e-01,8.700697686226395167e-01,1.713099004732863695e-01
3.829084244609613080e-02,2.657716254832510061e-01,2.196457345949515971e-01,5.076417351176107928e-01,3.933934136850283370e-01,5.956007019174678341e-01,7.618715770481416794e-01,1.725369466382983830e-01
5.455822899035266127e-02,1.223136023985166021e-01,6.335164706462090289e-02,5.105927498299809297e-01,4.343633290128987579e-01,6.596332115580914035e-01,5.957649502424864352e-01,1.727187107042273406e-01
3.145470242157319407e-04,3.925064556764629176e-02,7.115455675348733577e-02,5.017176827306402132e-01,4.966826272911030182e-01,3.409164891070536885e-01,7.562567951556659063e-01,1.738595968711517670e-01
4.745135412145651960e-02,9.300903352409084501e-02,1.439247036024090265e-01,4.213680683360507828e-01,4.768609753070434110e-01,6.251556333490559947e-01,5.733810536552220727e-01,1.740348259783296159e-01
4.152094066503533853e-02,1.324562431643724891e-01,2.441382855534105500e-01,4.678065273966411364e-01,4.174406951954988121e-01,7.394869565286236179e-01,8.555626276976411315e-01,1.718384585571384460e-01
5.413694085834555580e-02,3.509998827087820183e-01,2.589472978421621385e-01,4.792209654381707762e-01,3.781500909427829571e-01,6.740777402006601360e-01,3.894891489867295942e-01,1.762019211941809604e-01
8.838005892444514289e-02,4.580346150216388357e-01,2.073472880542721608e-01,4.556809226460683537e-01,3.256368828294142204e-01,7.792750957216816321e-01,8.051227432957790420e-01,1.726554563593114544e-01
3.027092513960074477e-02,5.993392394080280239e-01,5.849616603963374573e-01,5.674858067585025756e-01,3.019820243058349285e-01,6.425635906554051369e-01,4.043553670299806502e-01,1.762849017694414488e-01
1.110367541312715783e-02,2.139587771762674895e-01,4.161759221525340724e-01,5.057415335862882610e-01,4.588384880834074919e-01,6.819524330906312493e-01,2.495183248492848782e-01,1.755269122283146244e-01
5.143464827601032519e-02,2.275881442082725581e-01,1.770343738106623099e-01,5.540865453943466523e-01,3.514843799425194648e-01,7.685082743208978551e-01,6.224433807490359349e-01,1.744385383948189872e-01
1.294455630278626423e-02,8.682458152991556766e-02,1.006364839704560754e-01,5.449374548162442267e-01,4.637284927353990116e-01,4.984223193224032178e-01,6.116540965314284373e-01,1.733417111539738709e-01
4.290530787207660207e-02,2.056049618254042477e-01,8.099598019962003792e-02,5.337520236327008005e-01,3.700481754595018047e-01,5.336581398451990532e-01,8.363176696679466282e-01,1.738479390473526287e-01
6.493334069581606360e-02,4.985004865740813029e-01,1.025645049648195029e-01,5.202670889128551135e-01,3.043620670725510347e-01,5.355841923449840003e-01,5.888794177715198641e-01,1.746896609215393137e-01
2.791977987685748813e-02,2.145747247194003948e-01,3.371334416428880543e-01,5.188325086709064671e-01,4.181700747644507832e-01,7.441215821005402464e-01,4.769267207379945805e-01,1.748322954780599792e-01
6.736374229035987926e-02,3.755465433916754248e-01,1.692223814900312151e-01,4.605638332451243433e-01,3.575132679657808121e-01,6.561286569761066723e-01,4.644261362803823734e-01,1.752313489174341654e-01
6.599815647001064378e-02,4.641094881484203460e-02,7.538978273950511233e-02,4.707679319563037867e-01,4.351940440297388801e-01,7.224841941090641706e-01,5.208577564882639344e-01,1.755336547732644359e-01
2.986413456062081070e-02,4.222555162429718068e-01,5.254456374648407424e-01,4.941901208029095272e-01,3.679864730828566466e-01,7.297553658711728453e-01,5.460711245138137881e-01,1.742023407495068288e-01
5.589443984907054713e-02,3.590196067463438112e-01,3.839763087351574788e-01,4.895678172588815991e-01,3.377502244763633810e-01,8.597584000443860841e-01,8.294965786139658626e-01,1.733034539125030693e-01
5.347671768975402473e-03,9.973071381673404012e-02,2.326079752305349468e-01,5.121212793314526834e-01,5.009066608383699881e-01,5.538668862797482273e-01,2.163269767008498823e-01,1.756024527749561193e-01
5.972362820101915354e-02,1.618528087502557611e-02,1.438112511619642486e-01,4.388048513781200310e-01,4.699989946773128202e-01,8.509691737195361760e-01,5.558699105650121153e-01,1.733460741229410629e-01
7.321617403646576983e-02,3.622508290603843051e-04,3.213943743975544720e-03,4.074008576936218873e-01,4.788996757774245383e-01,6.735138241937530523e-01,5.042370748095948985e-01,1.745591507687579980e-01
8.334360593984985188e-03,1.940159831371071619e-01,6.471642693903684185e-02,5.252408516193642907e-01,4.373412608773813992e-01,3.080483974517105872e-01,5.855177523548218410e-01,1.759035616682109726e-01
1.119078734346106579e-02,2.510386733206866339e-01,9.012915061398116268e-02,6.112345822003715234e-01,4.146042063241647813e-01,3.163198017390514427e-01,7.222451189511710501e-01,1.743001884915032218e-01
8.601702463284019440e-02,4.249574450758363264e-01,2.422117805102680099e-01,4.353643799315117802e-01,3.456271984398354147e-01,7.898226622397852559e-01,6.570500931219042107e-01,1.741204072973560613e-01
5.864732648980231638e-02,3.676150188213163639e-01,2.608972537259471314e-01,4.570626419717330746e-01,3.790824437630225252e-01,7.036847735992505237e-01,4.756723506344214258e-01,1.744032214953653570e-01
6.115815651416976750e-02,3.504187144984564073e-01,7.496479590012797289e-02,5.134762470884032259e-01,3.512880589405716902e-01,6.005837996932408274e-01,4.185701581360611323e-01,1.751654848955588872e-01
3.619934009427915045e-03,1.685308838694206113e-01,3.705240287413025246e-01,5.405827090991651707e-01,4.326756316362753152e-01,6.505654567383605258e-01,7.230284185275345221e-01,1.725556590416241765e-01
5.938353234000241787e-02,3.301787200649143328e-01,1.529494605605001556e-01,5.386103503394388259e-01,3.558967239964047069e-01,6.723502756334970298e-01,3.347815796851761894e-01,1.763507855233290011e-01
6.842824739105973775e-02,3.408707127454991270e-01,2.466406229973193420e-01,4.443832961908650292e-01,3.858104695082867908e-01,7.822966677831112436e-01,5.705775972551683228e-01,1.735857480352610005e-01
1.135372850031052261e-01,1.806267522531621039e-01,7.299215505848735686e-02,3.716846316992106214e-01,4.488367447180212633e-01,8.967538296600635617e-01,2.889873401885000304e-01,1.747259067638940733e-01
2.358088255166980451e-02,5.107649869233854556e-01,7.243061207158771886e-01,4.717424132673637138e-01,3.746368045859591600e-01,7.541165646829212088e-01,3.830437187198945659e-01,1.751336855967499662e-01
3.183987917341373625e-02,1.043420077301104865e-01,2.066565872326237008e-02,5.999854796736800999e-01,4.204636482165442501e-01,5.006436279156111224e-01,7.675428345406546393e-01,1.729926022083926318e-01
1.503460736029015032e-02,2.063972178870010499e-02,2.059531739233021186e-01,5.147257601268943050e-01,4.710897401799257755e-01,6.539242341465815178e-01,6.749115208137994593e-01,1.731719983132287422e-01
4.693381357092466649e-02,1.979028645063277692e-01,2.905527615836887012e-01,5.199406539380627690e-01,3.927885546525686222e-01,8.665234572862483553e-01,4.714382089189133596e-01,1.745299658562417811e-01
1.818676992197077597e-02,6.415736648708098011e-01,6.901806725496335559e-01,5.625753668744853941e-01,3.240776897333252360e-01,5.556188444001103344e-01,5.099484875850556209e-01,1.744347160977174349e-01
1.104644161561534055e-01,4.629309153538965216e-01,6.779212927003466782e-02,4.858795865168941686e-01,3.313379689926970739e-01,7.328099304714040807e-01,6.299396372226635510e-01,1.736076436584288174e-01
9.842035159548287448e-02,3.337918080243830188e-01,7.962650974955992611e-02,4.481066727577441289e-01,3.779795793782726454e-01,7.384806997163244624e-01,4.986750315561904179e-01,1.738041568194628739e-01
6.367799917058818149e-02,1.777807221102129798e-01,1.387270701020111019e-01,4.199779527591300798e-01,4.333733610810768799e-01,7.438086008956196205e-01,1.250186108174929367e-01,1.765311298243431026e-01
1.060493284924859392e-01,3.931334458610076243e-01,4.846500637203471351e-02,5.344243333445100053e-01,2.941246199364816460e-01,7.891632468052438565e-01,6.013332519256786579e-01,1.750709133499073478e-01
4.865884733136568996e-02,5.907660858336727383e-01,4.582223220359302185e-01,5.449511861540735636e-01,2.834461077064163725e-01,7.303655543392258975e-01,7.059840985126474289e-01,1.736907156322844981e-01
6.119483204174920588e-02,2.621413211449434844e-01,1.576448247404123870e-01,5.016360914712550967e-01,3.847351040922968868e-01,6.839819071736139566e-01,6.050079778996263480e-01,1.743861941018304829e-01
5.840507002553348148e-03,1.337524246159686181e-01,2.155090616049505914e-01,6.184747185983271445e-01,3.851256540779996462e-01,6.298364437074394084e-01,6.630053917715015288e-01,1.739464974017689292e-01
7.167259959549672488e-02,1.797080989142417762e-01,1.099377797834971138e-01,5.030763350299000125e-01,3.694852622153807498e-01,7.901091630294616586e-01,8.229480822383568039e-01,1.722869251920992884e-01
2.610642211587619471e-02,5.291030089768986588e-01,5.541637997410212568e-01,5.740310320714077097e-01,2.978078923011738821e-01,6.878362488173022093e-01,7.132190709932993977e-01,1.742580318238146353e-01
1.204908422792514422e-01,2.243033260303227694e-01,4.653148288774405783e-02,4.254758111636793294e-01,4.012380962634722326e-01,9.123070673665997221e-01,6.388488840200680086e-01,1.726717251754892324e-01
6.450520439005937023e-03,3.680869408913570728e-01,3.318611915264459422e-01,5.827036634712661201e-01,3.692546158608508433e-01,4.392053074251576761e-01,8.326385981342835363e-01,1.726779007307831237e-01
4.001947163816133024e-05,5.687132467000877156e-01,8.962355740581373631e-01,5.999382852064298888e-01,3.495135174564551472e-01,6.438138508269407589e-01,3.736540797365927036e-01,1.753520934117937247e-01
8.235585511936691083e-03,1.575663619876702670e-01,5.797253561714718617e-02,5.618388751084726351e-01,4.153225057864728953e-01,3.727072791294495091e-01,8.472467132573591186e-01,1.734333732845896037e-01
3.243727689534840752e-02,1.401650286258805389e-01,3.055692985829944197e-02,5.500382485548611644e-01,4.235021231136933961e-01,4.373792698468124684e-01,5.719470552816217079e-01,1.758276439392478241e-01
4.015139600579838847e-02,3.563942524198039918e-01,2.488122877945019573e-01,5.170173005943972111e-01,3.499948551129282159e-01,6.393897391108767092e-01,6.752981686077400569e-01,1.736296317354875940e-01
1.544132834283075406e-02,1.948757648723781488e-01,3.205992479226818515e-01,5.286929862608856778e-01,4.471358061799752814e-01,6.290586017445308764e-01,2.395197881636340620e-01,1.758234165676567373e-01
3.880612908534243621e-02,2.225892768572062252e-01,1.933817791848442269e-01,5.273017314803921662e-01,3.943914006232676073e-01,6.963889651724796126e-01,5.672271073028464228e-01,1.733224399916524772e-01
2.496859730933045571e-02,1.952097455516776658e-01,3.710582008445966751e-01,4.703676427604639998e-01,4.305007688961280943e-01,7.838020010040489538e-01,2.731232369836005258e-01,1.761377962496543659e-01
8.044592853639351282e-02,2.135625242491728526e-01,3.757638962118819981e-02,4.866367694800956545e-01,3.657666645560392893e-01,7.614849212411585189e-01,4.466174394325202468e-01,1.749347165480346078e-01
2.839559567413524679e-02,2.491980040311798927e-01,5.140009531112426089e-01,5.008212180223868826e-01,3.884864506516789162e-01,9.210171151451099769e-01,7.371768952834207855e-01,1.731974832209582094e-01
5.901423489596098471e-02,3.996469154950893499e-01,1.162897196008616796e-01,5.421363004700368027e-01,3.242280541145721728e-01,5.379950795874317571e-01,6.815975776620269988e-01,1.751931068053628193e-01
9.313514523135002499e-02,2.238612960672806129e-01,1.653355503456063191e-01,4.622176754724926506e-01,3.819754860050343925e-01,9.641525724177454348e-01,5.777159600773659198e-01,1.736383613300082340e-01
9.529238806844081422e-02,1.264421044922720561e-01,1.777659613530047089e-03,3.905720954091012054e-01,4.650762898884925889e-01,7.199789910644296409e-01,1.539610693502216909e-01,1.758335345505283032e-01
1.476654819585937473e-02,1.988820064866207993e-01,3.193743656286359145e-01,5.673435768528813927e-01,4.025059262438271945e-01,7.168099036234735211e-01,5.129404570355550197e-01,1.737993988691878822e-01
9.893577829407453061e-02,3.378744050180854663e-01,2.744042555684272910e-02,4.947468330838247219e-01,3.439154170944149769e-01,7.012432055493200700e-01,4.896069204479725490e-01,1.747991498689890899e-01
1.431641307575749755e-02,3.905202251900770638e-01,5.350443098859152258e-01,5.297635019322192163e-01,3.582889154883863725e-01,6.910233941451953132e-01,6.452629499962991844e-01,1.738279737317871276e-01
4.968665840345662388e-02,4.603679985045151524e-01,1.287523970529705630e-01,5.524568235782028047e-01,3.129162194562249422e-01,4.740853391320938859e-01,6.862008392602025886e-01,1.744194692760355492e-01
1.124660566203453255e-01,1.195116125203811719e-01,6.358428538814919762e-02,3.698244583072278768e-01,4.366914086580027665e-01,9.210034349339901727e-01,4.578521161252565030e-01,1.744157315777997985e-01
4.530978049841725974e-03,1.880276235466682433e-02,1.738030497234414606e-01,5.172530711564831130e-01,5.067560442483288741e-01,4.812807055040302373e-01,6.014171237599539310e-01,1.749523052803352297e-01
1.574837874568248836e-02,4.797614037243189133e-02,1.549409292964451512e-02,5.065512772191477220e-01,4.945891385723958367e-01,3.853540673008440387e-01,3.911845775664780644e-01,1.765919098301166057e-01
3.481840492132436821e-02,1.153142747707642246e-01,5.039108927537899740e-02,5.463629373815430679e-01,4.115724327471788624e-01,5.466527013621577114e-01,4.969750326791048667e-01,1.754742071362055678e-01
5.763916740380461978e-02,2.075081131405097090e-01,5.062942058099434428e-02,4.498846168490494013e-01,4.439668993771854755e-01,4.934297492286803255e-01,6.875444690497662936e-01,1.731427561146541005e-01
1.843005050764046776e-02,2.871093589671072643e-01,3.187143485607076276e-01,5.092526962474813734e-01,4.211210138789707180e-01,5.406199718293744905e-01,6.784378624381494083e-01,1.731648206494782183e-01
5.272847085760082320e-02,1.674550928965482521e-01,2.025718341497122488e-01,4.678389493198383819e-01,4.051453643330285570e-01,7.544944223048876131e-01,6.483198752145484800e-01,1.735092916016990339e-01
3.457352484968340134e-03,3.825769035177017385e-01,7.326179193881008356e-01,4.810084324496420316e-01,4.107969699236670991e-01,7.234896878461463121e-01,1.223016931201224011e-01,1.775517470612480442e-01
5.410376323258609538e-02,2.284199121954357814e-01,1.686832045414378700e-01,4.638726133768775184e-01,3.930477506892501860e-01,6.684496600748757178e-01,5.111478717763064950e-01,1.754423116708999086e-01
4.722222604217731629e-02,2.633337584046734903e-01,3.256766899649113367e-01,5.028297992710066833e-01,3.512269517214385850e-01,8.230834622254769029e-01,8.079342999117551383e-01,1.732468678958225539e-01
7.203638100835080271e-02,1.214107715909611696e-01,1.185705110669561524e-01,3.529548136162049543e-01,4.711516291266517054e-01,7.198216584235235249e-01,1.743211511342613873e-01,1.765390256965781723e-01
4.154524640831662452e-02,1.861732289708236954e-01,2.205078877723434527e-01,5.042683221707227048e-01,4.195371105215436325e-01,7.211610132287538111e-01,7.041298460516616231e-01,1.724800085174869324e-01
1.498399575725493232e-02,3.592933460260677170e-01,4.989875657441318335e-01,5.469125795464552242e-01,3.630661903913645072e-01,6.777539130675481749e-01,4.564489640266160553e-01,1.762865604383734575e-01
4.064824522124207973e-02,3.345740554915922482e-01,1.443849907935773613e-01,5.014735320746246394e-01,3.724422011378669128e-01,4.819233994376190822e-01,7.664659655881447264e-01,1.731006183160605783e-01
4.622182778342305565e-02,2.918828337405600659e-01,4.082184360614329877e-02,5.752117419011891775e-01,3.763308512198149658e-01,4.646922421469604214e-01,7.765770904796007734e-01,1.730181560933948814e-01
7.576977376023638633e-02,3.761662407965146171e-01,1.461181136572042849e-02,5.105600954954271353e-01,3.533497682836954090e-01,5.358797787972076065e-01,2.899902417144391009e-01,1.766088191202289104e-01
3.625664291885228457e-02,1.578857960443780240e-02,2.727839776179719622e-01,4.028542873089209220e-01,5.233576940303922287e-01,7.669500122753900584e-01,2.398922627384124096e-01,1.759651930530271302e-01
8.690728001949248049e-02,9.244959448451933737e-02,1.442223477618420624e-01,3.807012115320189127e-01,4.564383534432047695e-01,8.526549023121354764e-01,5.229591553438397433e-01,1.740055687820811769e-01
1.357222430465571117e-03,3.746217866767140303e-02,2.550894706929380806e-01,4.718178814937749044e-01,5.317517244342211402e-01,5.170452039192456883e-01,3.813695640171391732e-01,1.759896099775720424e-01
2.073546742846127736e-02,4.715998672929977431e-01,7.127573611837210166e-01,5.671205710834321678e-01,3.295534719543052882e-01,8.574758680952463408e-01,7.586983735398855622e-01,1.728843222332357432e-01
6.703806670463004214e-03,1.498131851345305965e-01,1.150493383264762637e-01,5.527421879533147564e-01,4.382200951463077199e-01,3.613196458164127378e-01,7.138658391558806438e-01,1.749091319230501040e-01
3.163200178865953338e-02,1.355926925816043349e-01,1.477495313830101686e-01,5.266757767393470679e-01,4.048528513501184478e-01,6.314109367819160656e-01,4.540146098635658989e-01,1.763253868956247139e-01
9.560905075922788987e-02,4.814752283330864246e-01,1.467314662080086984e-01,4.955746126924591710e-01,2.935632356676842192e-01,7.659062797412441448e-01,6.675967186435398659e-01,1.744717754417292321e-01
1.236188606178887650e-01,3.667981205293827651e-01,4.090809070346995702e-02,4.334093165304669926e-01,3.445266373803173021e-01,8.538438540390362874e-01,3.325436881154498758e-01,1.753302328360968332e-01
2.268963862971744641e-02,2.453509126761687364e-01,1.024514300450817539e-01,5.947281985773658075e-01,4.029347379469951362e-01,4.285340435698508088e-01,6.607726425586187835e-01,1.743940370203693468e-01
6.427411399899801703e-02,2.399362482039459898e-01,2.253645284009333227e-01,4.424850165581979411e-01,4.133863071594929828e-01,7.623929542330203368e-01,3.323153880123360659e-01,1.755374382619473983e-01
1.090761753741020107e-02,2.513011176936205682e-01,2.944842863771394148e-01,5.526377552954940819e-01,4.168836756152948242e-01,5.741614622369632936e-01,3.169321788058505618e-01,1.754395954241165234e-01
4.932599086753589046e-02,2.581329401902817122e-01,1.407770576209089186e-01,4.875961631577584443e-01,3.964043527004786904e-01,6.207553731312303036e-01,3.419066364527431068e-01,1.756882822203557626e-01
8.571774800579365361e-02,4.488829508364146625e-01,3.074072537796378457e-01,4.465464794473635868e-01,3.255425264395647167e-01,8.705671636157799043e-01,8.447915821753655408e-01,1.727525067134706438e-01
6.369015324442976744e-02,2.425287926689451701e-01,9.790713101286990794e-02,4.951834789372474011e-01,3.779162597665658430e-01,6.516725749952184676e-01,6.083597864769070274e-01,1.735801773426608741e-01
5.552604259233116790e-03,1.608520232891851032e-01,2.089750504599606762e-01,6.053715776163250961e-01,4.306985052600729169e-01,4.971240294087021505e-01,5.729834760030143581e-01,1.744827873111849392e-01
1.050028825046121495e-01,4.316044344269773791e-01,5.251208234794602081e-02,4.366599630381815533e-01,3.504793959485844601e-01,6.684113604066591607e-01,6.385213964199396575e-01,1.740168033081663790e-01
1.395715323040855327e-02,1.133463809413603196e-01,1.105536379154929416e-01,5.368739251370849841e-01,4.799905805116712609e-01,4.541194832708352336e-01,6.053864336746609398e-01,1.736007726650882488e-01
7.223068511716232432e-02,3.044123719683418106e-01,1.794674615253686878e-01,4.644015532786708311e-01,3.850163335044927138e-01,8.004423434270672155e-01,2.621758606144524162e-01,1.755376362515319311e-01
5.763117207765378058e-02,4.250110517226843854e-01,4.917309127069896535e-02,5.734282795154390655e-01,3.227682010684652658e-01,4.851704774392581743e-01,5.721690582381669943e-01,1.748861471683680613e-01
5.650613053470192326e-03,3.511981102347753736e-01,7.281012514130500435e-01,5.138298839242115834e-01,3.759914902496517830e-01,8.444044229200722285e-01,8.775489580620181584e-01,1.721966611303314409e-01
7.709848483956348308e-02,4.961842309155920505e-01,1.275046804633893360e-01,5.117517958663899691e-01,3.051277151740565130e-01,6.157087002215722027e-01,7.601696575880372286e-01,1.734944420876055882e-01
4.068181982346485981e-03,2.745604180072281908e-01,3.876617090857155112e-01,5.484597747554604830e-01,4.126296870348696855e-01,5.727332151050374964e-01,3.171088563079583755e-01,1.764574480693633374e-01
2.718104612924971547e-02,2.464240300422456398e-01,3.875731033457869290e-01,4.831193495284221151e-01,3.989259444510585007e-01,7.939417156833883382e-01,4.145383734457720459e-01,1.751370348196312487e-01
1.040055606363089052e-02,1.588287071705968279e-01,3.387275923898119268e-01,5.768833460428787197e-01,4.148599003369804472e-01,7.536029169082308909e-01,2.802571988049863405e-01,1.759032722218486222e-01
6.582177205724226710e-02,3.821548318315040049e-01,1.453195277292949894e-01,5.248078817389427719e-01,3.366935468125052400e-01,6.686877266199026115e-01,5.131467586735918296e-01,1.752648779476885799e-01
3.334003365496839011e-02,3.179585933563697786e-01,1.407841657865536167e-01,4.984348138486794921e-01,3.734359984118889586e-01,4.654554267446116000e-01,7.238656867577474285e-01,1.740009271809441205e-01
8.896206497173042571e-02,1.961470926710876528e-01,3.781977724560586784e-02,4.801147419391331161e-01,3.958059939894600920e-01,7.710735261085533976e-01,3.442467067520015300e-01,1.756413654122595813e-01
5.701500128968992054e-02,1.397090290369616405e-01,6.020413608661184801e-02,4.409229952834062827e-01,4.404882317954279536e-01,5.795499992260060296e-01,4.923262470459777163e-01,1.747937171860529937e-01
2.706393773021682769e-03,2.046962560463727321e-01,5.760432354513733699e-01,5.600876006758876979e-01,3.946693688999149408e-01,9.177113089971757898e-01,3.595693061028235049e-01,1.765386590046284510e-01
9.405730689205264727e-02,2.474000167568935482e-01,3.725984384543162831e-02,4.325417671728902236e-01,3.815021379413991998e-01,7.109069151750867510e-01,3.707019107042896500e-01,1.756164238462565863e-01
6.024700337262797745e-02,3.453361013837049076e-01,3.189229997987985676e-04,5.316625477033423142e-01,3.449617641610761010e-01,5.003839965669309997e-01,4.463880895496686319e-01,1.763610979038481574e-01
1.591873999658998534e-02,2.034943318490669006e-01,1.412947856646921685e-01,4.426976976205081460e-01,4.805692038758598850e-01,3.522829151578701912e-01,5.453438995818237212e-01,1.748207267543221699e-01
8.244770775663021189e-02,4.165260197466530423e-02,2.051492601706589314e-01,3.463941677459725366e-01,4.709334724912154213e-01,9.776931402220886413e-01,4.726362134340309495e-01,1.744237966072551826e-01
5.626818350821220088e-02,4.632543012157079865e-01,9.052836496649341314e-03,5.851135164273519873e-01,3.055106384967574695e-01,4.385210409331987691e-01,5.422184225799703272e-01,1.753542403209037703e-01
4.467533788217567525e-02,1.680656531028354161e-01,2.910760405191399336e-01,4.473518013528567927e-01,4.436225156633741840e-01,7.939322631626457571e-01,1.042121498848047056e-01,1.770113849194652200e-01
4.329347013858713539e-02,1.431004378956995116e-01,2.057381633825053069e-01,5.218539017929587631e-01,3.907471815822757266e-01,7.523017186969970238e-01,6.826400152825458090e-01,1.742492259812376543e-01
9.000165689603047137e-02,2.698573872246243788e-01,3.889919949908943186e-02,4.767387986027481483e-01,3.514661180509494609e-01,7.329361782839071138e-01,8.597690651776930260e-01,1.721330379078334083e-01
4.594898629062638129e-02,1.516046938486098061e-01,2.610261430298763674e-01,4.429593780049734253e-01,4.357669777223150964e-01,7.652027354353648780e-01,2.877204568277271779e-01,1.764741222511341801e-01
3.670670720149582511e-02,2.286736092687623734e-01,3.580363077227034507e-01,4.320400937219551762e-01,4.401358965689398106e-01,7.595052108037009253e-01,3.418457363327566112e-01,1.750643069732911727e-01
8.829968360188786280e-02,5.719564613761339844e-01,1.723758199177527484e-01,5.264350933690367107e-01,2.644688029405056762e-01,6.705893293150219092e-01,8.101183701687639793e-01,1.742045622983815767e-01
2.550696630221907513e-02,1.978724958300574488e-01,2.918307289587853681e-01,5.232819869506584176e-01,3.800154017359118619e-01,7.026592870974366356e-01,7.798459627351908008e-01,1.736891754346657213e-01
2.096673605997410178e-02,2.741922923249290323e-02,9.019860232914159170e-02,5.476900062598509811e-01,4.731031494859543884e-01,5.634384346490484141e-01,3.959953071512702372e-01,1.751716470380954849e-01
4.307864266787315988e-02,2.555871922807652630e-01,2.568410889539637920e-01,4.451709594649966295e-01,4.088934501079438122e-01,6.790126687964123109e-01,3.982064992437616135e-01,1.758500174524223747e-01
1.423909268224270164e-03,5.694288404061180753e-01,7.793646178829655158e-01,4.932151459149919370e-01,3.996630926149004059e-01,3.922142450803144387e-01,3.675216944107135841e-01,1.753678091056203869e-01
7.672560448820500700e-02,8.391709285272919150e-02,1.828209803290907209e-01,3.398185109136027116e-01,5.031448530981180722e-01,8.067430285576371318e-01,3.217733810329664879e-01,1.749865262495246265e-01
5.569359944874018031e-02,9.766554678747424445e-02,1.292358519540837969e-01,4.326855914056708663e-01,4.375679233124423750e-01,6.592486960325747436e-01,6.654629205210396137e-01,1.742289705017833201e-01
5.430841220593963375e-02,7.108247175958126718e-02,1.400302092513228402e-01,4.282582511779217671e-01,4.882734502126779841e-01,6.775357564688618828e-01,3.316184575552542091e-01,1.755600719392221565e-01
1.097676612955318654e-02,1.097709137133198454e-01,3.931581379765334283e-01,5.753982720827923725e-01,4.034626307643083831e-01,8.589805829234713475e-01,6.251063167970795087e-01,1.740669733721086909e-01
2.686751393996793594e-02,4.014216107154289226e-02,3.529862870987524048e-01,5.018902219315182212e-01,4.664406742472055889e-01,9.406916795441306878e-01,4.108699759058028755e-01,1.746160766308688106e-01
8.196835846853561813e-02,4.583622403387482835e-02,1.627130486528056696e-01,3.790786049416365322e-01,4.551174644676292402e-01,9.610984361977018553e-01,5.948620861516613623e-01,1.729442912285227285e-01
4.724256071807503982e-02,3.307354076407224563e-01,6.934741099002994513e-03,5.059418549040890500e-01,4.173811950707562168e-01,3.487580313983275060e-01,6.972621049263234561e-01,1.731160946249696297e-01
9.400851881080779515e-03,6.487805747564812098e-01,6.977511783801202405e-01,5.812102880379275138e-01,3.078776568785779322e-01,4.281872870536408970e-01,7.382131998184038313e-01,1.740210809210431808e-01
3.177036078351430648e-03,5.105253331641121939e-01,8.179256175153488684e-01,4.976633371022382568e-01,3.976009851111955151e-01,6.031206578685006647e-01,9.729440653814191986e-02,1.776980522135314100e-01
7.860914824637860177e-02,3.196163985457554091e-01,1.314860358526934447e-01,4.759218342110719258e-01,3.405780201063470236e-01,7.648903364842778441e-01,6.996799355325521441e-01,1.735906506902138435e-01
1.161605639777144872e-01,5.005534918995550031e-01,1.955602722630472301e-01,4.184271001009425284e-01,3.279832810966819556e-01,8.934475862640171018e-01,6.083484770277913789e-01,1.740940081719777877e-01
5.091992729772660403e-02,4.907254256952131577e-02,1.979124205468488218e-01,4.588209708975793943e-01,4.448259991829235371e-01,8.543594651041584997e-01,7.573933878979843826e-01,1.722596062218525736e-01
4.216252205627403493e-02,3.141408773764553519e-02,2.950563142169030373e-01,4.954670412948431468e-01,4.490610323609531274e-01,9.526061158435917831e-01,6.556719277449696293e-01,1.734006022712218098e-01
1.267111212270083942e-01,2.704692745436312884e-01,1.130811392860217868e-01,3.604949925248773779e-01,3.941829156379383914e-01,9.446760760748416086e-01,6.477842833003808476e-01,1.736487326231563044e-01
3.279843159683575038e-02,1.410899171671881058e-02,7.449872393167278339e-02,4.858354790057732853e-01,4.895678047453940751e-01,5.935637635476302965e-01,5.453774611048233245e-01,1.739813844206235249e-01
8.723327376457819249e-03,2.576897347662940874e-01,5.638917119322237603e-01,5.946352407858082056e-01,3.678256147268923471e-01,8.915889464726542979e-01,6.771531574405635912e-01,1.736293568399148168e-01
3.622312932217360698e-02,1.471717876570254047e-01,1.042428043412954031e-01,5.351609212341722488e-01,4.105922508296241391e-01,5.557116872281425701e-01,6.749707430719044110e-01,1.736632428050941535e-01
4.399673796195221337e-02,3.181241501929678028e-01,8.132751957826084288e-02,5.325746755272086075e-01,3.620758395608385527e-01,5.057450044522804333e-01,4.632831976606566204e-01,1.751722746721571800e-01
1.340439601241202872e-02,4.453276371119737620e-01,7.509178223205235092e-01,5.660687362702380154e-01,3.415144367834950789e-01,9.146974925639870246e-01,3.519953523161862829e-01,1.759830227428048899e-01
4.672584480949257268e-02,5.410618044261599202e-01,4.122343923984894687e-01,5.074832149744578080e-01,3.184435475486968592e-01,6.326882085342516726e-01,5.945321445342190980e-01,1.751211024762247270e-01
6.785197331330636294e-04,6.030955142823979376e-02,1.704130960097165748e-01,5.749988169353081879e-01,4.525713202113274547e-01,5.073614075226905440e-01,5.055569437574554126e-01,1.760892066303995085e-01
5.281428096473300693e-02,3.829080403653649656e-01,4.395112560435569526e-01,5.192500349321059749e-01,3.413419633451478252e-01,9.652511644762120646e-01,6.083266698328059219e-01,1.739801197561931245e-01
7.532111402218423513e-02,5.151952576315247390e-01,1.321723434581900669e-02,5.023035067452134017e-01,3.371579365460056765e-01,4.185538507570576439e-01,5.837127736306566561e-01,1.750555609619962594e-01
7.939226332119564411e-02,1.794329822510715433e-01,4.515404294309138811e-02,4.703091376543706015e-01,3.811341816686222850e-01,6.983881817574985051e-01,7.991876544047117337e-01,1.727366053595869033e-01
8.546229853668997622e-02,1.808515772593711490e-01,7.215446165753477969e-02,3.694599246634455714e-01,4.503748102572556200e-01,6.817068176824871983e-01,5.195363614775229122e-01,1.742724537279494446e-01
3.157885276498034743e-02,7.000336465244277884e-02,4.029165057890132795e-02,4.844646283709266865e-01,4.801488135132244706e-01,4.859332753516072412e-01,3.700125405735990025e-01,1.755042406625497431e-01
6.920685022682396270e-02,2.501507941510415778e-01,3.498333675710743607e-01,4.160854071683633970e-01,4.100714369448121288e-01,9.680033776088746711e-01,7.266366027150746865e-01,1.726344134806420960e-01
4.601399593763682433e-02,1.316648442436387234e-01,2.057710620528168943e-01,4.806054298739760311e-01,4.462269916528497360e-01,7.426156812328478241e-01,3.160924050608615032e-01,1.759059865581964477e-01
1.945028899352282264e-02,2.971133806577848091e-01,5.268668766549906568e-01,5.717257229172104660e-01,3.527486226785188639e-01,9.399265392602541569e-01,7.107570141183077173e-01,1.731025845480911041e-01
1.336225017914808438e-02,2.672510183071331591e-01,2.722137624265831279e-01,5.940330080159148540e-01,3.777562730159600979e-01,5.583490674143328780e-01,5.191303633742234691e-01,1.748083351212137149e-01
7.817344364527664680e-02,5.435440900365543504e-01,1.117056721746428061e-01,5.639633202341147733e-01,2.891588462041619900e-01,5.904497752735520244e-01,4.997886370402843115e-01,1.756724364932873150e-01
1.156540854748495939e-01,3.258968617969597581e-01,8.010234781929870262e-02,4.329389902367495324e-01,3.551430309557560561e-01,8.370271323717366485e-01,5.055423640585446909e-01,1.754233272475771988e-01
1.200584145479424020e-02,3.090375807969893973e-01,8.338935100890360053e-02,6.054133990884240646e-01,3.836206620034111059e-01,3.329133699031042726e-01,6.306095457083679134e-01,1.747801223245096514e-01
8.170005245556784257e-03,2.600048036226543235e-03,3.437730726564400263e-01,4.725199763151003984e-01,4.918440980965803067e-01,7.548294927369790797e-01,4.376538166787699025e-01,1.748516381678387188e-01
5.436990369060924755e-02,1.791323448284402042e-01,2.181086278226015973e-01,4.608109069747542419e-01,4.038680287478784159e-01,7.598030228999422819e-01,7.462621946564476083e-01,1.735889373456921958e-01
2.806353411199258643e-02,3.427286995342703757e-01,1.037304795500788857e-01,4.975381049571808711e-01,4.099063121428624390e-01,3.061606025041032630e-01,6.245913347858360609e-01,1.750054897136580634e-01
6.171616437351315487e-02,4.646824268530916346e-02,7.327760931223042951e-02,5.350142149143719550e-01,4.113408908040685485e-01,7.890441881955864156e-01,6.462806368662239453e-01,1.736580590866869944e-01
3.033597783251825580e-02,3.066730290110163404e-01,3.278667328050676733e-01,4.818070791756804971e-01,4.143725357905018170e-01,6.207723996722035453e-01,6.388136098104305605e-01,1.731299353938815788e-01
4.221817553644634929e-02,4.013685631919884367e-01,1.237612196128750619e-01,5.261474385517705965e-01,3.802628018338816140e-01,4.333514215642065848e-01,4.840599113743676019e-01,1.748750892683299529e-01
2.232703787627875192e-03,2.001751103142417609e-01,6.054615048882059369e-01,5.628395066547753345e-01,4.002867812727707308e-01,9.390445481304869890e-01,8.571938463877468717e-01,1.720052250620121848e-01
6.198120193652352505e-03,3.225166523321028045e-01,4.370444469325734937e-01,5.361330477120750393e-01,3.745865284885456781e-01,5.597370424022926061e-01,7.681102269435465812e-01,1.731498676816817239e-01
7.855931463865709063e-02,3.314202124714031861e-01,4.214223030386582414e-02,4.967890358948355845e-01,3.618557913193269915e-01,6.533843939109877930e-01,4.770924672054877025e-01,1.743171377358995744e-01
2.210087862517990873e-02,3.458994802286708414e-01,4.533313381706642886e-01,5.439678627851801673e-01,3.540892841680698955e-01,7.280043507095668165e-01,7.207569266795971208e-01,1.736685245138942513e-01
3.276616782108496967e-02,1.314630680778328120e-02,1.195983056535560030e-02,5.074892020481753807e-01,4.718294113257262556e-01,4.970262249150997347e-01,8.402281350579829944e-01,1.722300616242463667e-01
7.409455161043755622e-02,4.038553049495393621e-01,2.974581600410699522e-01,4.816881927996120027e-01,3.462416546559614061e-01,8.368782822318855397e-01,7.176864337703303676e-01,1.731456997234173123e-01
1.669226673027465052e-02,2.148337375988440823e-01,3.720265311893554139e-01,5.344414935128792843e-01,4.065486862094452869e-01,6.496487915805513325e-01,7.056912800671727437e-01,1.737411250546028463e-01
3.847043057817658290e-02,3.928508257591412089e-02,2.960756260001001783e-01,4.911070042111496115e-01,4.479033987305309772e-01,8.783573620979402419e-01,6.827893275675117613e-01,1.733360128696364855e-01
1.292802435704720754e-01,2.487421775813115354e-01,5.253104519516865745e-02,3.680576252208049848e-01,3.927809770093732000e-01,9.274633877369971025e-01,5.446186952151254035e-01,1.742810728797268283e-01
5.034787589600298041e-02,1.257831503723975397e-01,2.592530585397285203e-01,4.217111312933271017e-01,4.663069834600281349e-01,8.222915066504079551e-01,2.448878774224184096e-01,1.755284735800497764e-01
7.144896784544499391e-02,4.194156488248246273e-02,1.658455260140896392e-01,4.741252839456882584e-01,4.189117705402125580e-01,9.974690238605604664e-01,7.448012229339451284e-01,1.724843210889792366e-01
3.803956454388940367e-03,6.952420860517271040e-01,7.869757745486850586e-01,5.754237983446287563e-01,3.557828621544269487e-01,3.021817622163064931e-01,3.301014793293976513e-01,1.762082269789876920e-01
2.424524889217099383e-02,3.555586210169848771e-01,5.980448195569779690e-01,4.834440715291019042e-01,3.925445405026176116e-01,8.521307678296925481e-01,3.036179675454857008e-01,1.763037534780191873e-01
9.495411832321047629e-03,4.426695922588365084e-01,6.589524515416812500e-01,5.731682928443830871e-01,3.644477591711910436e-01,6.995673213828735859e-01,2.669785121894469038e-01,1.768377967207162837e-01
7.520555063121678319e-02,6.347424413179209024e-02,1.514718530740003233e-01,3.605278170608590682e-01,4.915875216865557285e-01,8.021640969765833074e-01,3.144072533648726298e-01,1.752454819033262279e-01
4.223094611933915499e-02,2.921794988535862947e-01,1.266359284290593246e-01,5.974531764672048606e-01,3.089520724960630460e-01,6.219596294783050761e-01,7.706113042660632795e-01,1.740118299849704175e-01
1.141958355860108604e-01,3.854338165042909825e-01,5.055372941631669503e-02,4.191254290900845447e-01,3.473843756549608308e-01,7.933586671198532558e-01,4.523157014056762848e-01,1.745494137250012123e-01
2.672705643945921805e-03,4.062776505510403147e-01,4.759215269496674949e-01,5.415692390661963618e-01,3.681794252576853776e-01,4.776242577231155639e-01,5.662817480901984890e-01,1.755288153562317988e-01
3.160426089907408115e-02,3.753106911503846232e-01,3.015033468085388524e-01,4.700722299795161985e-01,3.866728757600839117e-01,5.451842460400795343e-01,3.595230430438602354e-01,1.761909968415855954e-01
9.529252806033350343e-02,1.349037903667985039e-01,7.498945824335256916e-02,4.582555482097960264e-01,3.774643030220886653e-01,9.025171973496854960e-01,4.801447584867279961e-01,1.753037482053547147e-01
4.620967726811382736e-02,1.197526911641795255e-01,4.248779478740777327e-03,5.767891511415119687e-01,3.806709300439327093e-01,5.783066523336002351e-01,6.276561076591661292e-01,1.749155752351937987e-01
6.117764652176423817e-02,3.452338690722437375e-01,3.197838385293361729e-01,4.326889124088280081e-01,3.970721875522349453e-01,7.558557751687675630e-01,5.553012600110533992e-01,1.741799593119439382e-01
9.641144516605887338e-03,1.672506049736868228e-01,2.075837309437889577e-01,4.897534686979890250e-01,4.699493134142579409e-01,4.545335960837653677e-01,3.938566902637303802e-01,1.753099627723919418e-01
3.347077616014668827e-02,3.946477155342698051e-02,1.358525322132063673e-01,4.626843679285187472e-01,4.919324720775236637e-01,6.076626640859862372e-01,5.508862397304582492e-01,1.736948361461563561e-01
8.995782155767786947e-02,4.120335768222777029e-01,7.439332318014998946e-02,5.172808813611268208e-01,2.994498433227587020e-01,7.293050390077231437e-01,5.775096584192119797e-01,1.744139222907784004e-01
3.767522491378294536e-02,2.769852328556378085e-01,1.502946520096433425e-01,5.352970848169775753e-01,3.835513089303030920e-01,5.327928944023641034e-01,7.133259241146552299e-01,1.730123946015360847e-01
3.453440862343693657e-02,3.871129300464293266e-03,8.043533201153099665e-02,5.115165818396225639e-01,4.694315426485459741e-01,6.320681613183120051e-01,5.166853287660684302e-01,1.745225684055562720e-01
9.486519228559051053e-02,3.338864294384735754e-01,1.801156176992070312e-01,5.057494173133806337e-01,3.333070976883673042e-01,9.658814029976062754e-01,7.259815139450971344e-01,1.726070840585970934e-01
5.540339515896441913e-02,3.456617376813547193e-01,2.161874501165250706e-01,4.917459750839250354e-01,3.650326468246283262e-01,6.548341271112736450e-01,5.644514491770409315e-01,1.749514641006191529e-01
4.164523138802944668e-03,7.168086557157674066e-02,3.193663344935226966e-02,5.134558573018740413e-01,5.199945817168278861e-01,2.487585955712434127e-01,8.383406213780352223e-01,1.736474178299858562e-01
4.588630364912546500e-02,2.772947823268032130e-01,2.070735339631674388e-01,4.859769824298234564e-01,4.150154695793923931e-01,6.178779174757424997e-01,3.090230705819615453e-01,1.753330215239740919e-01
1.946463789275596629e-02,2.042460493351336559e-01,1.958938992530119272e-01,4.887167128332280952e-01,4.297141885114205695e-01,4.815762597039380255e-01,4.035758258307863278e-01,1.763929285860820484e-01
4.965248912662330316e-02,3.871615119360113377e-01,3.545419189287722372e-01,4.640560831160328026e-01,3.702983195417603457e-01,6.831668053181845224e-01,6.689801807937626466e-01,1.739844587255509889e-01
7.640672851023919132e-03,1.272946986861337448e-01,4.851608194686316544e-01,5.351493667378166563e-01,4.277472876137100033e-01,9.126306642013750636e-01,6.709466453518150297e-01,1.726673143121338072e-01
9.749581502733223326e-03,1.260317518509574408e-01,1.071618271115966081e-01,5.230035912150481359e-01,4.778769670660035773e-01,4.004332060073808597e-01,6.776966344728253544e-01,1.728264108524926734e-01
6.461162378797119521e-02,3.496068489464626561e-02,1.105586052888553883e-01,5.071529108925361129e-01,4.115903533458256658e-01,8.716960340572517119e-01,5.105246201081542479e-01,1.746562333787841648e-01
8.173848115262882796e-02,6.459645847128939189e-02,7.291258590201363243e-02,4.694289810866045243e-01,3.953536274093633063e-01,8.861368961155065005e-01,7.553186207790429929e-01,1.727248719857673587e-01
1.425792820916928910e-02,3.489958637327600366e-01,4.712521290723342693e-01,5.170016774169400309e-01,3.888170545206819928e-01,6.120576876614498563e-01,5.659551005808582946e-01,1.741067369971156520e-01
8.880178864598273214e-02,2.145109749777604491e-01,1.447862518342284688e-01,3.904372001766150957e-01,4.209537813483990032e-01,7.964117284258331875e-01,6.874522056403319370e-01,1.727016722740450927e-01
1.377076194981682877e-02,1.561060456751425796e-01,2.781436431853063773e-01,5.085379114617527563e-01,4.259916774496325109e-01,6.189233524574065948e-01,3.920492458549162396e-01,1.768094607002833607e-01
6.143200804443341156e-02,4.591298204346886402e-01,1.019028495066399420e-01,5.540594255905354482e-01,3.178120017898863336e-01,5.185107786892222403e-01,7.429412904215952906e-01,1.737962196119659519e-01
5.500149284739474370e-02,3.063670796452760969e-01,2.756899166142245949e-01,4.794297580489698674e-01,3.833581807578024248e-01,7.661358581959436531e-01,2.389881391685199641e-01,1.766705290791188432e-01
5.774816541984917340e-04,4.965208060869410467e-01,7.512748950862577768e-01,5.826140585970962515e-01,3.468858881278471529e-01,7.172371736127883812e-01,5.224736336189246266e-01,1.738654668900640743e-01
4.253392675053388472e-02,2.136401166251860329e-01,3.359957356901510650e-02,5.096888467786558907e-01,4.082468910753417890e-01,5.179315963015828084e-01,3.597048717236975279e-01,1.759967209146477418e-01
4.131984620693952837e-03,2.981232999480171730e-01,4.245786086706639928e-01,6.032074869945026618e-01,3.401360152930387737e-01,6.812195881839028244e-01,7.755491535927553359e-01,1.733595297172660366e-01
3.371444033947140761e-02,1.340971144031475604e-01,4.858967306476044690e-02,4.940865299546814970e-01,4.503228440376904063e-01,5.016020946448426221e-01,5.797946410476728651e-01,1.739063326602106607e-01
3.435104614728932276e-02,4.919565820780064103e-02,2.511531789159365813e-01,4.176952292885768303e-01,4.763397111294170871e-01,7.768093280858556771e-01,5.384507611490668699e-01,1.734568487958407235e-01
4.534648076763284075e-02,2.321079557410633820e-01,3.284278098491921760e-02,4.365843155357061467e-01,4.527823295028495232e-01,3.762007424105324738e-01,5.552307918556234068e-01,1.748831609147290245e-01
8.979980660816169746e-02,2.881238446926458474e-01,1.959489769812765847e-01,4.197598485573993399e-01,3.964218212251672813e-01,9.116772109338381336e-01,4.602120986845218420e-01,1.738071100471533792e-01
8.943965870244210969e-02,1.299479578629595122e-01,8.481106702260432506e-03,4.225758754581520060e-01,4.017108387197598773e-01,7.667176831683396587e-01,6.442591095196944506e-01,1.731571549952834188e-01
3.246363892851816813e-02,1.784302903363157444e-01,2.432381657640669270e-01,5.545560271472211866e-01,3.780484074121048810e-01,7.458033892821631650e-01,6.711045379857266679e-01,1.732191523814908540e-01
6.645743974122828024e-02,2.244192861539264783e-01,1.424132564487030628e-01,5.411941460579514640e-01,3.414794948471490121e-01,8.321491963389092694e-01,7.995760199087564857e-01,1.724376395877096901e-01
9.435572574372746990e-02,3.313819047560354614e-01,1.118924200358349941e-01,4.419011850793510554e-01,3.858088883867294427e-01,7.555029953483111127e-01,5.779617202896080164e-01,1.735520008691064098e-01
7.277751175455840493e-02,5.024543463752431105e-01,1.320507060305471658e-01,4.814730848910758199e-01,3.250340602437116200e-01,5.443661938660231403e-01,6.540090551476073211e-01,1.743187918155413019e-01
3.359133099449879145e-03,5.101095223996112704e-01,5.373533766959478486e-01,6.140968093930430083e-01,3.284017892969151031e-01,4.739738136233579979e-01,6.055421398146296763e-01,1.743110747060451771e-01
8.972228085610686743e-02,2.298408547491294085e-01,8.839808169207907795e-02,4.532133024799950283e-01,3.797202836584855357e-01,8.271370661445363037e-01,6.048835534124009650e-01,1.737934186403482240e-01
3.270006064706940108e-02,1.719789867224564561e-01,3.220519994543792341e-01,4.767699490239503124e-01,4.182508893964664853e-01,7.700781579457551818e-01,8.292434368535728240e-01,1.719894409156042803e-01
6.955681254999027119e-03,3.859816223009511216e-01,5.380380759555929426e-01,5.217937139644950317e-01,4.227642733923596685e-01,5.886417283802701794e-01,1.107410078961541533e-01,1.768383023447871183e-01
7.096241661630400821e-02,7.121964479022718786e-02,1.818117354276076458e-01,3.480776824374148815e-01,4.663091209552104877e-01,8.256278579144614715e-01,3.352714412136046374e-01,1.763403098003046288e-01
7.560783486981507984e-02,3.473048990442816342e-01,3.764119490001793800e-02,5.165402522508700800e-01,3.368345756203534047e-01,5.931483285956204998e-01,5.820716342974319168e-01,1.751770416310051148e-01
2.653022619544520219e-02,7.345118013803103585e-02,1.806225779065334103e-01,4.719908152086808584e-01,4.599692489146199881e-01,6.308951170665489938e-01,4.109000934144849126e-01,1.761562265345293365e-01
9.704283211127134878e-02,6.670518568088484868e-02,8.786843063896010442e-02,3.743632260340575280e-01,4.858595940316388084e-01,8.518482668202120855e-01,4.403525669014485278e-01,1.738383634801295707e-01
1.030210399791375714e-01,1.316807566077150549e-01,8.258504533724883578e-02,4.094465855483783168e-01,4.319203956190725835e-01,8.953400634213803944e-01,3.828370595818235689e-01,1.745063370957758708e-01
5.845768077100275961e-02,1.286303158621192599e-01,1.742341856074668405e-01,4.584846110977981448e-01,4.371256505763024824e-01,7.679340987445799627e-01,4.259738451794726211e-01,1.752085148127709435e-01
6.499730472834287787e-02,6.540980091750542291e-02,9.478531453895927550e-02,4.009140172823832948e-01,4.488324290646925618e-01,7.749522759878680889e-01,4.158899070027345379e-01,1.746485365714990912e-01
8.230632487420336263e-02,1.564155132137074466e-01,1.272111319987611344e-01,4.011833905499471165e-01,4.331388570835877361e-01,8.119713155258571069e-01,2.208443308603105226e-01,1.764370617767264393e-01
4.149360959891927603e-03,5.928211217278633871e-02,1.795447540712935552e-01,5.145508197780090942e-01,4.873603844402102925e-01,5.066985423592931248e-01,6.379780869132527510e-01,1.735980117538436229e-01
8.258467095771244992e-02,3.114757753916547744e-01,2.929652278432660073e-01,4.405284370698654417e-01,3.757160467762906131e-01,9.650764590751305105e-01,7.877359778038064420e-01,1.720121551504628366e-01
8.785338219322827435e-03,5.454497909123834365e-02,3.056483048116021561e-01,5.357559343056916834e-01,4.638322953077009814e-01,7.327528015047283239e-01,4.034089105098875305e-01,1.755865542491802933e-01
4.484982314774221823e-02,2.143855373978291456e-01,1.633990683568943281e-01,5.513942129935752723e-01,3.924228067347838578e-01,6.645035900653276650e-01,4.437199469800596208e-01,1.751054170619037453e-01
1.186286294805691255e-02,2.900338345469607448e-01,2.098866334177785786e-01,5.573297777604780956e-01,3.825176569596903664e-01,4.433587452107659033e-01,6.105252952784695486e-01,1.746189374310970488e-01
4.014363482183259946e-02,1.421404504634525834e-01,1.147855726728292391e-01,5.166670265918992255e-01,4.250356227226122496e-01,6.491003439334930292e-01,2.154045967003493933e-01,1.763117127328600597e-01
7.250248642560634671e-02,2.321350831261883296e-01,1.823714627014945411e-01,4.046830012392007014e-01,3.994823917883906228e-01,7.686059341684227109e-01,6.067711343936570412e-01,1.738191770916951151e-01
6.226115959617532780e-02,3.828900141665853574e-01,2.797927365885005679e-02,4.769420082386420234e-01,4.006061966448249967e-01,4.214887455431908236e-01,5.611934136858129918e-01,1.742018207712311140e-01
1.003147014606399490e-02,2.418579848357647610e-01,2.841471525982833812e-01,5.784458310365134803e-01,3.996384121855437455e-01,5.632695336345289183e-01,5.459939985583511790e-01,1.749510230013119061e-01
5.951845201709232702e-02,2.159015401941680179e-01,2.355685902599957693e-02,5.216621166729734638e-01,3.973383765625705388e-01,5.949562047107034291e-01,1.751964819939934581e-01,1.768500335892873032e-01
1.330751776044257484e-02,2.299464508992704048e-01,1.591449624872837698e-01,5.336482151113056682e-01,4.136790073848510274e-01,4.437896901533223692e-01,5.751304452234811126e-01,1.744464218945191158e-01
4.771172895527141244e-02,1.121306317503124594e-01,1.713461267225161178e-01,4.789860852030095040e-01,4.459538196496385942e-01,7.044885573833348236e-01,6.860334145750554002e-01,1.725192304619534156e-01
5.341443866154829689e-04,3.722656257273481151e-01,6.171058649416232278e-01,5.656844622943271172e-01,3.834726892972056822e-01,6.780510822294868456e-01,4.305712128112267889e-01,1.750138910056605324e-01
3.576374877515534761e-02,6.641572545809931727e-02,2.156656868099758873e-01,3.814696038199669736e-01,5.240925919901752161e-01,6.192586150842240844e-01,1.453598116899492143e-01,1.769828755310396684e-01
9.355672663925992949e-03,5.169888588833443377e-02,4.884167561065960728e-02,4.964188725221316822e-01,5.094910791256944682e-01,3.741876889504632819e-01,3.249043032119013352e-01,1.765589185560772212e-01
2.520813290202369994e-02,2.819844543466543119e-02,2.810431802601666695e-01,5.082516532898992967e-01,4.569471280852414052e-01,8.425020632060642445e-01,2.750970846777304191e-01,1.762185587228532191e-01
8.069863519991579692e-02,9.728673075839405771e-02,4.533049682113760026e-02,3.808104902520196289e-01,4.415542617885201970e-01,7.139958682781699650e-01,3.069501756028799599e-01,1.761966435099865114e-01
2.794351688719775781e-02,3.860376834543693403e-01,1.899959752245731215e-01,5.598932728027730121e-01,3.706495372650498998e-01,4.170101172216992280e-01,7.273491401126792599e-01,1.735987672316691710e-01
1.950554890524246882e-02,1.739267400398184504e-01,3.555863986447473368e-01,5.734748957171956762e-01,3.984981603189453603e-01,8.017181119605037987e-01,5.310174290238640626e-01,1.741964376081187871e-01
1.143863496249966916e-01,2.560486893519113849e-01,2.450209206589670785e-03,4.804467452852764220e-01,3.407716212844131287e-01,8.485652336641511528e-01,7.656498425340164671e-01,1.729274669978714818e-01
6.525251065330529843e-02,1.848763420812935820e-01,3.750120222365710410e-02,5.485697396350751598e-01,3.570304193333365683e-01,7.218585707569424859e-01,6.536895407179508233e-01,1.734113488274740267e-01
5.919072298660386922e-02,5.566528490970387155e-01,1.820386114461110538e-01,5.158112510362329317e-01,2.925204651268161760e-01,4.769009347920969422e-01,8.269176845007712995e-01,1.739725277971112261e-01
4.373031164516997388e-02,3.183550694676234860e-02,1.414212112112966935e-01,4.764551616959450953e-01,4.474926978305999170e-01,7.495271306412671919e-01,4.102796594789450690e-01,1.747320136055257878e-01
8.079399069571409353e-02,2.701427942303487595e-01,1.368024375257981817e-01,4.819355591931140936e-01,3.582263839435525510e-01,7.591357859083668336e-01,7.241181111490647693e-01,1.740888448005781242e-01
2.640031880030662900e-02,3.378255567537418180e-01,2.971974458718945611e-01,5.453530917968332226e-01,3.724200521918900608e-01,5.967311421777173885e-01,4.195606762931564648e-01,1.757171481711084227e-01
5.054969428917566177e-02,1.537540802427924402e-01,2.748025065562093028e-02,5.532378494313098249e-01,3.945334908689278053e-01,5.977792232291937458e-01,6.683760376241972834e-01,1.732513856912943628e-01
3.566510203172457150e-02,1.913946473846892260e-01,1.033196341094261284e-02,5.856292153639048870e-01,3.968976221637820490e-01,4.752875129086950867e-01,5.432118875527053303e-01,1.752184502027549495e-01
6.003865711241609254e-02,1.698730287473144973e-01,2.055362709207011751e-01,4.475139525238352456e-01,3.868202079282281325e-01,8.177500151462591127e-01,6.806063702309154140e-01,1.743235827442012331e-01
5.135524924876901098e-02,3.406462747255814549e-01,3.730763010151831316e-01,5.041108319231275559e-01,3.663719606275488982e-01,8.372024941535771703e-01,6.031745545855077273e-01,1.739368295203023995e-01
6.750507153353109413e-02,2.110288864084937099e-01,4.833435843797184717e-02,5.014498108157647849e-01,4.017487890567122966e-01,6.711269545158539129e-01,3.013245765515260022e-01,1.748052604324624448e-01
5.458261901107319680e-04,2.111824414452970200e-01,3.888341387950147165e-01,5.692328734402785084e-01,4.356228094529911443e-01,6.004874168626940234e-01,4.583369774868643054e-01,1.743955130274152387e-01
1.154072562276857172e-01,2.986811434443253921e-01,1.589275309689380800e-02,4.313712433966079285e-01,3.540273801708298529e-01,7.899946230829382188e-01,6.828950694030959667e-01,1.732390310527240074e-01
8.586375697785297856e-02,1.172761102374803299e-01,9.932581399276740886e-02,4.789235187409068284e-01,3.999830936645015766e-01,9.172790640915190474e-01,3.865339889676100427e-01,1.750587121149297654e-01
9.809875357183701905e-03,1.959972281917329029e-01,4.741529064775839020e-01,5.569287255821970817e-01,3.936432506346634330e-01,7.811553644892227366e-01,8.188717123200651704e-01,1.727160816545673105e-01
2.232937173596231603e-02,8.155171327019891669e-02,1.898679837188086417e-01,5.374394489325320379e-01,4.150980795739647733e-01,6.299497723877580668e-01,6.360084515641978298e-01,1.752746747095705604e-01
7.990695574854080052e-02,5.672523489462366619e-02,8.875245825936933786e-02,4.552533595864198257e-01,4.443287774818358571e-01,8.802510615899306057e-01,5.810531245908632236e-01,1.731886727157682659e-01
1.341742098431875918e-01,4.010173037799898421e-01,3.673499271702518332e-03,4.788944168754011854e-01,3.115660624357040609e-01,8.504475770273388635e-01,7.233627468442315189e-01,1.732993748593931460e-01
1.433309271418461983e-02,1.955669195987529696e-01,1.510691031043341903e-01,5.455200684030238056e-01,4.121582261519569634e-01,4.412046022107510845e-01,9.412081264681952941e-01,1.718658256145896568e-01
8.809877977787232417e-02,4.798915470417922657e-01,7.724668920374877512e-02,4.252029327936824865e-01,3.569645983982727699e-01,5.626838924630105376e-01,5.313231791724168929e-01,1.744466323676520658e-01
5.482535805958652086e-02,3.510241267421393974e-01,4.289315735830608323e-01,4.721355906430449445e-01,3.472711040602983745e-01,9.646667473063659237e-01,7.579865217993524418e-01,1.733094763687819673e-01
3.701169331619294511e-02,1.677367096199669783e-01,1.151079159279925490e-01,4.569726934998941115e-01,4.490729689405472680e-01,4.679901301505593469e-01,6.029355709937961327e-01,1.745781452846889292e-01
6.259006083528569075e-02,2.420666615920428200e-01,4.645135811728687281e-02,4.224061417860403567e-01,4.283343410230014969e-01,4.945568405065287054e-01,5.946642334395555451e-01,1.740654968523269175e-01
5.347672293779158481e-03,3.674894071408108531e-01,5.927408646564551464e-01,5.920353262680889683e-01,3.409707335151860863e-01,7.956994893279839554e-01,4.661605206563792514e-01,1.757552909220172210e-01
9.838077207137765900e-02,3.598328166589624399e-01,6.385432427796108867e-02,5.396521214622208573e-01,2.926377799943214453e-01,8.339607846005150371e-01,6.754680866377162918e-01,1.737309575516166882e-01
9.294075640345109135e-02,2.781703654400137227e-01,7.698502274475951812e-02,4.550094649238091149e-01,3.537815878307976059e-01,7.559766630423823131e-01,7.339700530399906331e-01,1.735761593794075963e-01
3.377187310642976170e-02,5.240334480063597589e-01,5.065698274140471025e-01,5.208915405179803670e-01,3.077709454080582718e-01,6.525438369527747362e-01,7.812915108677866982e-01,1.734356422280375065e-01
3.135311304398611526e-02,3.334957467981494728e-01,3.475625943117888195e-02,5.988532557539815171e-01,3.484403329245403524e-01,3.529023181358196259e-01,8.244914992551186650e-01,1.739269644786824165e-01
3.684249974647806763e-02,2.560212276874649917e-01,8.715233596551721917e-02,5.775850066679635297e-01,3.671125300148227466e-01,5.289763080964376973e-01,3.806358635169915239e-01,1.765582916099488475e-01
2.273916952394507141e-02,2.050624291353451145e-01,1.911783722744403446e-02,6.211057413247050851e-01,3.828440412260608050e-01,4.330299147205718402e-01,6.498937284760639699e-01,1.748593333140378570e-01
7.759607037461674350e-03,4.476060071136168661e-01,8.869471077190689279e-01,5.085166024651210925e-01,3.856669328913429617e-01,8.884729410726817100e-01,1.763955246217694950e-01,1.776182729386359405e-01
4.808270341661070868e-02,4.599279560337743433e-01,5.039046269143886425e-01,5.150703539448948654e-01,3.278853512117766433e-01,8.854240304163603081e-01,7.019259025696804599e-01,1.731899672405863289e-01
5.886125395878403360e-02,3.945635231934583320e-01,2.910827238514457349e-02,5.123435997754762772e-01,3.507752117282251780e-01,4.151390736939942205e-01,9.398509524624645284e-01,1.723146222579510500e-01
4.901896528701564504e-02,4.314200160170748033e-01,1.442642149237706173e-01,5.640635495898963514e-01,3.023969939957852904e-01,5.348847301313028879e-01,7.445467114689097166e-01,1.737529174702572288e-01
2.245009132307854496e-02,1.214574663635137053e-01,2.659542464145319141e-01,4.737649106651827258e-01,4.351146834869321078e-01,6.849508285199621405e-01,4.703016311900939384e-01,1.753297165996035578e-01
6.547336086467284155e-02,3.149124588963561622e-01,2.186881737016437566e-01,4.512645419063489594e-01,4.063277731783619950e-01,7.313287432955437595e-01,1.968267426774429341e-01,1.762175541726218597e-01
1.457742704569304354e-02,3.972758454337199097e-01,6.414064573308715378e-01,5.077667432113975865e-01,3.762004764053853423e-01,7.830638542755736786e-01,2.514448956843405303e-01,1.768931955585107962e-01
3.612141029461165415e-02,2.238937066009655252e-02,1.392581060709524587e-01,4.683902899491789729e-01,4.653353778728516188e-01,6.913607163042995163e-01,1.843359740088926224e-01,1.769738179224267238e-01
5.371429948054105841e-02,9.702879954344134639e-02,3.047491760254172899e-02,4.896833414567745568e-01,4.263845088462723809e-01,6.392854921134417667e-01,5.600969341408408297e-01,1.736208717397319801e-01
4.149612076469648414e-02,1.102627639502530843e-01,2.340207967086688212e-02,4.795110777431587645e-01,4.484373154870332501e-01,4.960602916354394099e-01,3.563402538701315736e-01,1.770493143875836450e-01
2.657491089956447519e-02,2.148505039508956660e-01,2.754039442582114638e-01,5.253598155479235476e-01,4.289924735120264065e-01,6.623443437619854768e-01,4.578474689593652891e-01,1.743205559875569410e-01
2.454205077702623083e-03,5.092923447379602564e-01,8.716281679707564845e-01,5.383714185749270964e-01,3.749675371524716638e-01,6.930207392407384814e-01,4.850871977399882073e-01,1.743356287031573582e-01
1.261381127563895865e-03,4.613913701440530146e-01,6.676982918764793329e-01,5.984525823995326954e-01,3.162338123991861316e-01,6.240405269535875821e-01,8.166644132948366330e-01,1.734699408682055244e-01
1.904581412362096188e-02,2.633737437857140984e-01,1.153967727005626165e-01,6.060246052051891930e-01,3.784768590299091295e-01,4.640275753109885937e-01,4.908802268968212035e-01,1.753996962040842433e-01
6.436597878919317339e-02,3.045291645421763227e-01,4.381916607756189408e-02,5.720322512907065615e-01,3.060985109888771927e-01,6.639978493653284630e-01,8.755377492528466643e-01,1.723013734472064740e-01
9.042719155230077854e-02,8.426106991022874748e-02,4.089235552478578950e-02,4.734609780076364238e-01,4.016725168417076275e-01,8.779671230164195483e-01,7.348609032238668792e-01,1.721199530835824665e-01
7.029266843949978638e-02,2.777273057746968976e-01,5.394955382302796254e-02,5.487589974153607164e-01,3.206640430719994717e-01,6.518699996121386508e-01,7.846559709385261261e-01,1.741540290012040249e-01
1.331353370888758714e-01,4.803857144490863984e-01,1.504204316459241964e-01,4.196565248036016604e-01,3.451501629528556658e-01,9.542193990405551940e-01,5.943277723891429165e-01,1.738355311016631932e-01
3.205218465682258683e-02,1.280748689946082375e-01,2.543530211227388316e-01,4.453112692527106398e-01,4.719505724642308886e-01,6.347780235748405886e-01,6.171598563192592923e-01,1.733253672562689862e-01
2.754347599784278539e-02,1.533965873232629729e-01,2.479961714543819640e-01,4.801397022109074042e-01,4.250108984051000349e-01,7.041549668340874035e-01,4.266106404475064617e-01,1.755967209207658364e-01
3.774392929235952793e-02,4.516347100132488412e-01,1.043636679595717764e-01,5.961266603711494749e-01,3.222860764236215037e-01,4.201303931051239005e-01,5.432799050172161248e-01,1.754938463890978462e-01
9.981152081033248247e-02,3.373359747427217004e-01,1.264310125008744623e-01,3.836322603658819386e-01,3.995678730859034689e-01,7.802876375234755191e-01,3.946169584863927771e-01,1.745948966941558156e-01
2.197361033798944305e-02,5.423195122561146331e-01,7.018559201484392274e-01,4.884480126878455453e-01,3.664642551264204462e-01,6.893588832732626681e-01,3.100458933770944281e-01,1.756963600127979253e-01
3.763712689376408349e-02,2.074951142812411498e-01,1.729928959668386446e-02,5.169209199738628024e-01,4.148260573345790569e-01,4.458884112922693044e-01,4.053731981544100860e-01,1.761141044917250709e-01
5.954828161547927323e-02,1.198319673639717531e-01,2.553505085772007632e-01,4.703617376612675427e-01,4.106473182505034347e-01,9.222883844957243671e-01,5.909474614167532502e-01,1.743304480279595503e-01
2.666822916273960120e-02,2.626022619205998221e-01,3.380110624242254058e-01,4.731260421046623033e-01,4.369379605262250221e-01,6.726092340988687468e-01,1.471258470040793243e-01,1.762805040038626925e-01
5.505251145124048784e-02,1.738178893136083647e-01,8.027052377512522430e-02,5.032195286936175238e-01,4.164186584113953038e-01,6.186606614761890333e-01,7.665638665178061695e-01,1.723323650990863098e-01
1.701217205023570350e-02,2.334017447585112481e-01,5.347341131962424221e-02,4.500203132838886955e-01,5.018096152384953212e-01,2.260065976992861603e-01,5.705520404037556226e-01,1.750840481363625523e-01
9.535132274583281442e-03,2.170064833774098534e-01,5.760132952459466882e-01,5.579911280670888374e-01,4.111031935956605543e-01,9.590962346794413840e-01,3.779567714192446637e-01,1.752788934566357204e-01
8.158196838827268260e-02,8.445534193640730214e-02,2.091712761358973938e-01,4.148519486307364890e-01,4.615926560494159614e-01,9.897917023602733622e-01,5.390326184711331514e-01,1.731308033624165965e-01
1.109733231347004301e-01,2.554839108984053309e-01,1.939081615844390205e-02,3.997461028950316519e-01,4.127895260553468559e-01,7.365863776380503491e-01,2.570713843896068052e-01,1.759529103431877739e-01
2.483630385175038258e-03,8.741742848092168283e-02,1.811970128572616967e-01,5.283351764154471386e-01,4.512526524785400173e-01,4.879399515663381814e-01,4.105348294481172000e-01,1.768275775406088490e-01
1.147666299075065371e-02,9.080167407335848484e-02,1.384008115865238420e-01,5.991043879409314599e-01,3.981749394520913143e-01,5.493732700056368490e-01,6.889139889135957873e-01,1.751596029421751965e-01
5.338074427568959002e-02,4.455928461157063758e-01,4.026869481405185858e-01,5.282864068322954409e-01,3.056422176784539535e-01,8.292276136969797262e-01,7.740178754755802082e-01,1.736034833416873480e-01
7.659951571381708180e-02,2.726438058298646938e-01,3.695245624241647042e-02,4.994530956931436672e-01,3.409270189082996838e-01,6.808321078213798172e-01,5.246309582417858497e-01,1.747157695158867985e-01
3.513748192143666127e-03,4.800719003767611182e-01,8.175341273787366525e-01,5.128478393365900612e-01,3.636194583070608832e-01,7.189078930070653684e-01,3.775941122602238798e-01,1.759607248653977940e-01
1.090750686621163451e-02,4.818703656531597712e-01,6.555818312311006979e-01,5.926263058049913157e-01,3.122388204021496194e-01,7.268119285542639085e-01,4.762895990724909656e-01,1.761913449203547088e-01
4.991786138786444282e-02,4.295665430929353490e-01,2.280525926271526616e-01,5.248127320584916600e-01,3.280090797875989672e-01,6.196497135366976217e-01,5.814153597148942199e-01,1.743201022977850512e-01
3.978509499913480962e-02,2.410171107250598521e-01,3.218575706594044017e-01,4.823691581417234309e-01,3.748552975149963551e-01,8.063187406300917903e-01,6.620453172586614476e-01,1.738777502389082519e-01
6.090831391043156906e-02,1.283839002483627423e-01,1.056915878765738170e-01,4.484242366118391665e-01,4.407404419177700650e-01,6.962708556416652428e-01,1.482626738413868606e-01,1.772244585395719718e-01
1.061817241071763701e-01,6.053535479312111001e-02,5.145058545976061160e-02,3.213696093378987095e-01,4.705332898292489685e-01,8.633147485554573120e-01,4.703398812521862316e-01,1.741938627938710293e-01
5.734304143539592502e-02,5.071415110520225422e-01,7.034878365056645988e-02,5.433098500257330654e-01,3.340853543418217941e-01,4.132430042856198860e-01,4.478312790011502731e-01,1.761050912818988012e-01
5.585093349010958330e-02,3.550178815626389706e-01,3.460466926658566922e-01,4.626326193141995224e-01,3.635962879524249347e-01,8.097135180147625455e-01,7.615265959146542141e-01,1.730280270725382263e-01
5.606975933826258141e-02,7.398949132720966659e-02,1.941954893487157774e-02,4.742719000757034675e-01,4.403473299639667493e-01,5.856311575857695573e-01,5.441290563503277111e-01,1.754359547181578438e-01
9.225894550787003268e-02,2.082160833467164296e-01,1.809232565052912300e-01,4.053544681523589821e-01,3.845255320525958198e-01,9.166398667751185503e-01,7.867999199314765768e-01,1.730458315176745532e-01
5.769366260033569060e-03,1.014214049189045841e-01,3.161296100128769271e-01,5.133845274206207954e-01,4.521240477836332428e-01,6.513645876774499799e-01,2.753553323571844014e-01,1.774336116751868697e-01
9.257611104214971687e-02,5.059773084046319536e-01,1.176621330422647493e-01,5.500179382998895417e-01,2.779766921231828225e-01,7.320154399562383007e-01,4.560575234274830692e-01,1.760061265025004984e-01
3.526266919537071609e-02,1.274313016179873248e-02,4.586009346972352851e-02,5.145592845322808362e-01,4.444312899445391207e-01,5.608478047439464653e-01,7.583765296836364467e-01,1.736046439421860266e-01
6.142814468871388156e-02,3.136346466635381303e-01,1.325355131416478260e-01,4.777664945271266062e-01,4.023812785867554309e-01,5.560071189130207925e-01,5.927433912912688507e-01,1.740076234880733319e-01
2.008299125878458546e-03,4.186147155767510064e-01,4.987911048796045410e-01,6.242492429584427516e-01,3.292996929766172642e-01,5.997470523873610349e-01,4.968243055044339607e-01,1.756727763068981207e-01
5.052242092641888449e-02,1.628743224687835556e-01,2.505571700216148168e-01,4.652794093869635494e-01,3.992360883930550219e-01,8.738485053701532390e-01,5.026278468662589427e-01,1.749218954622499544e-01
5.860758985205262450e-02,5.579957393812712274e-02,2.221390631452162534e-01,4.701521500435298373e-01,4.333075783264361824e-01,9.902980440055439981e-01,7.017575708545469304e-01,1.720843007132143720e-01
5.010827191977607065e-02,1.183979006032937487e-01,2.180713060818152138e-01,4.664627007277991066e-01,4.206475670383367227e-01,8.612940029198815628e-01,3.850377440448976563e-01,1.753375863970491888e-01
4.413617855273480051e-02,3.585583831199105620e-01,5.008286145821667645e-01,4.677596186100083653e-01,3.553817963447673534e-01,9.165749346221787608e-01,7.421574831416414275e-01,1.735289477142780701e-01
6.948332489101413656e-03,6.409456195749329011e-01,6.694775477526029306e-01,5.376858665050182617e-01,3.755687096169778028e-01,3.312672373791981650e-01,1.754506679686519965e-01,1.768750277484497369e-01
3.913731551615259874e-02,1.236162078878569881e-01,5.497744848720864663e-02,5.111206274988320253e-01,4.588002169673863762e-01,4.707790728306135986e-01,5.067907829059037361e-01,1.753415051082452825e-01
1.159104051361963539e-01,2.455230873631691346e-01,6.561752777513879531e-02,3.704890315198566264e-01,4.151953364016610637e-01,8.268130400841861016e-01,4.601573899757959718e-01,1.740842900297621676e-01
2.368255884156955648e-02,1.356741648018281732e-01,3.133356064442603395e-01,4.580635087000525241e-01,4.750625215101447751e-01,7.254497235677968003e-01,5.818255369107278030e-02,1.768448815992749168e-01
5.033540054845297984e-03,2.811660330350526094e-01,3.590546948944972616e-01,5.611138942589537493e-01,3.931566156434389558e-01,5.452789927104864098e-01,4.996205359191855933e-01,1.752945697017867788e-01
4.719275910436529498e-02,4.014544563598382299e-01,1.910686068097809942e-01,5.301521055196862786e-01,3.251361758713620653e-01,5.398721469148416441e-01,7.028064384598129433e-01,1.748092540067893719e-01
1.443664295423009170e-01,4.969259023082089888e-01,5.018300628474159364e-02,4.115244917371091993e-01,3.275840383016545010e-01,8.664601286954766168e-01,4.325145622457086114e-01,1.752060342606049093e-01
7.903502596338035646e-02,5.199502711840198188e-01,1.923078028780076387e-01,5.348388480673105239e-01,3.045549090799357650e-01,7.023365412136396424e-01,5.905873103025208737e-01,1.741470633910131294e-01
4.535774267044968139e-02,2.895587029815621660e-01,4.658574045050694057e-01,4.951198593703206585e-01,3.789220902492216325e-01,9.839911152661410254e-01,6.240166406854645853e-01,1.738097498312687339e-01
4.427107999862364696e-02,2.310334517082061334e-01,8.345462083033886036e-02,5.261763085378288185e-01,3.626529743860215094e-01,5.618167868872282478e-01,7.482260073763986608e-01,1.732473689883629042e-01
5.365450422811196551e-02,8.172915020866513558e-01,8.316298532630023166e-01,4.836466386746742785e-01,3.157777186652430679e-01,7.282114705301538926e-01,1.934179908307827600e-01,1.766836619373954309e-01
1.123489093382572801e-01,5.112807225925375398e-01,9.276737278087709981e-02,4.404498641214411592e-01,3.089460465353442986e-01,7.284913920861855186e-01,5.232412249992638431e-01,1.752018839808507089e-01
3.380062707477260453e-03,3.765427929313667210e-01,6.186554067107827848e-01,5.500152693439425144e-01,4.100362598096214950e-01,7.002268175914582171e-01,1.150429855756728847e-01,1.763491905239986113e-01
1.742544805409461731e-02,6.322178168323084879e-01,7.512355912351106335e-01,5.270635760295727668e-01,3.214679775150821595e-01,5.992186897991702565e-01,4.847673499519123963e-01,1.750086378418538591e-01
7.521427224719881566e-02,2.822703227079498278e-01,1.127795143626414420e-01,4.702124264383222840e-01,3.788817323458101294e-01,7.461238847101191451e-01,4.910829377041233679e-01,1.736577413440330564e-01
1.248775712481729749e-02,5.033688856930634836e-01,7.882582409824192560e-01,5.141241212106739678e-01,3.536982240955891532e-01,7.898210753042577137e-01,4.737448795511454702e-01,1.745200088510890091e-01
5.878584532675715929e-02,2.277871365265452530e-01,3.018540479101223251e-01,4.798281272168141709e-01,3.988214406970164161e-01,9.060470122603344612e-01,5.671627218138725057e-01,1.738951685151878257e-01
5.493015675562166328e-02,3.532333716724617712e-01,2.220685180351247845e-01,5.391014274721471766e-01,3.316657361779806190e-01,7.187208391556741960e-01,6.874656149301024977e-01,1.734163529822303484e-01
3.883794179264325047e-02,2.556973741460599192e-01,1.007326849080963926e-02,5.743560714141059398e-01,3.640853016056213032e-01,4.010309082915060608e-01,9.255844258332330821e-01,1.734227737591194918e-01
5.765640977694223845e-02,1.354877232263096143e-01,5.730846933330138726e-02,5.101671522260490255e-01,3.860294693411028821e-01,6.366333803701370586e-01,7.178959332415371097e-01,1.744160588448104565e-01
8.073750433671736393e-02,3.142730613929909378e-01,1.537272899121056857e-01,4.045200045057885108e-01,3.960090727306722624e-01,7.306926438144503155e-01,2.744205574230111355e-01,1.761045847378660267e-01
4.682039563171259272e-02,4.565490398049358300e-01,6.307547661051349230e-03,5.722816865549912313e-01,3.080501267345836514e-01,3.497126027838226014e-01,9.172631484577957739e-01,1.733266383984996550e-01
5.719188754207172459e-02,2.496469570234229884e-01,1.571680161756627003e-01,4.223194915417398665e-01,4.063865263309308085e-01,6.173249954371837767e-01,6.915184447379538746e-01,1.733981169238520692e-01
4.869316056582199959e-02,3.321988784563622565e-01,3.135452396779849216e-01,5.250331199495329448e-01,3.506425017097396513e-01,7.729849238564173719e-01,5.407966102645338502e-01,1.752174800780117447e-01
2.241982058357946950e-03,3.675517444282481172e-01,8.100103395185047628e-01,5.725339100510832280e-01,3.566533224861874740e-01,9.963245675324738926e-01,4.234457274412191108e-01,1.759535061540272449e-01
4.968682695130621774e-03,5.193281128341447062e-01,7.033930400216970025e-01,5.671489316712221562e-01,3.158471262481211128e-01,6.241250879618769343e-01,4.419532172230207778e-01,1.763824334963637885e-01
4.377187187064625340e-02,1.974852843230743005e-01,2.353508137127259814e-01,5.382558287686070031e-01,3.892726860060227168e-01,7.991856271522341792e-01,5.114218667826191389e-01,1.740382874707576411e-01
3.883882157488104114e-03,2.146868961795362074e-01,2.073326202781750061e-02,5.048995382832037748e-01,5.061768455170969627e-01,1.314821678552295925e-01,8.427031795598691755e-01,1.738983525900478777e-01
4.747119555604786822e-02,8.741241699584789693e-03,2.200199744034650462e-01,4.533063970743536064e-01,4.230087566776246089e-01,9.126600366751591586e-01,6.456019706612483589e-01,1.744693514884063934e-01
5.585377761314964939e-02,2.443055771520202812e-01,1.578052766726068257e-01,4.725490491096278611e-01,4.111768293511289807e-01,6.560618160565163670e-01,1.126557067441533166e-01,1.773249511488099728e-01
7.119858899614397996e-02,3.038507807644392211e-01,1.721209527864004663e-01,4.951945878119637379e-01,3.737446418754253874e-01,7.595473546524528219e-01,1.949716948761299196e-01,1.766767958428658025e-01
7.866352561370776320e-04,4.515925746562788889e-01,7.056603355153840962e-01,5.650359810625857904e-01,3.427484477946327046e-01,6.285356340967062083e-01,5.754567290307507355e-01,1.755942689771241294e-01
5.920225581057377701e-02,2.847016258195753657e-01,1.372722924245591558e-01,4.342223022352076356e-01,3.907526059323140899e-01,5.796126962419480000e-01,8.269168450723680674e-01,1.725673163285456613e-01
3.631084330274372135e-02,8.028518685447973979e-01,7.001113951028357096e-01,5.554408170672014977e-01,2.702572028298088624e-01,4.912276825962471061e-01,6.037650210900626924e-01,1.751176808100910198e-01
5.343541723140184108e-02,3.189083296656863853e-02,2.520418247961416780e-01,4.147534204750850106e-01,4.674209809937531213e-01,8.676611885664089474e-01,6.103604037889149847e-01,1.736609696474516462e-01
7.241360423513025502e-03,1.940128804963944242e-01,5.393877537703573033e-02,5.045960047230831913e-01,5.252184049219983386e-01,2.184752657760407057e-01,5.491978998655058231e-01,1.746249380114719418e-01
2.058215289495350653e-02,8.933654151195824511e-02,3.784104304817612618e-01,4.943500641756051195e-01,4.220721939262395139e-01,8.739119167959608081e-01,5.787825085900756283e-01,1.747136892369312855e-01
2.079123663386015300e-02,2.337075487485808789e-01,1.281687455106802487e-01,4.814708078480710585e-01,4.483526258585207591e-01,3.933906079128056121e-01,5.961983951964824335e-01,1.742678513531597806e-01
9.372692202827780095e-02,4.226414604946349685e-01,1.156537008015767476e-01,4.809081079828556593e-01,3.263961709590798010e-01,7.750583633735611544e-01,4.679532898450842748e-01,1.753298139605676542e-01
1.281950578825438447e-01,6.124413868659319693e-01,2.703164874999641754e-02,5.242110235997143874e-01,2.401840575008924450e-01,7.736027140430085103e-01,6.215560173097359753e-01,1.750947814081980636e-01
3.508845630332128179e-02,1.163385917542756054e-01,7.722720650109643481e-02,5.399096729577035347e-01,4.360607105465191813e-01,5.826852452572570673e-01,2.751204895239316439e-01,1.765528311026173247e-01
2.720743024620761799e-02,2.841781851747224863e-01,3.662429165519097696e-01,5.070759082483913271e-01,4.009027632328751034e-01,6.763554331916468154e-01,2.562895591801792050e-01,1.771040353464754802e-01
8.534374494819679802e-02,4.420076806357914334e-01,9.249119810878830839e-02,5.351700265394205847e-01,2.903735949281597284e-01,7.158249059804651093e-01,3.920095159626729719e-01,1.761626267820189384e-01
7.888101465293710646e-02,2.088161320644849328e-01,1.311150019298801261e-01,3.885701843426123681e-01,4.444144784165856010e-01,7.116147791684698243e-01,3.199127869931481793e-01,1.758287450209213565e-01
9.318480729857700484e-02,2.628253761264125465e-01,2.002689205188563359e-01,4.504279023747177479e-01,3.650772822772747617e-01,9.337631027546302587e-01,7.486996924219067040e-01,1.735468958253590932e-01
5.688430126274642007e-02,3.782417531952231848e-01,1.800777668838183798e-01,4.738474635228002163e-01,3.553718935452982453e-01,5.624701957649193007e-01,7.395687540429859430e-01,1.741673878331163605e-01
6.696333036870165401e-02,1.017818280335767156e-01,2.141719578355590348e-01,4.463161216886776250e-01,4.093739735921205214e-01,9.255512013683917516e-01,7.786136400700172100e-01,1.726140815990568622e-01
1.007475363386083067e-02,1.550487835259014568e-01,2.927061034934357320e-01,4.862293564346103492e-01,4.394428670873842813e-01,5.848641329639296949e-01,4.339699766945287474e-01,1.755862297904943470e-01
7.469546791111988937e-02,4.769570626293928584e-02,1.961502775571367096e-01,3.558217593836604520e-01,4.849371418074945317e-01,9.299998877149253662e-01,4.373294994746351749e-01,1.739837545420753195e-01
3.709916940240776811e-02,2.710802757427498433e-01,3.230613057739805671e-01,5.473596059424846727e-01,3.602873590846382701e-01,7.785602184137692117e-01,7.311477399396643095e-01,1.736128254262191140e-01
4.663941896335051240e-02,4.508885422196721726e-01,3.343350282006426477e-01,5.064009735094197051e-01,3.562134307677555234e-01,6.118458120191606620e-01,5.610443469725059362e-01,1.748083232787161490e-01
6.994111423978613407e-04,3.849661490410621889e-01,5.684243166539336700e-01,6.344271086156595407e-01,3.375003338826719768e-01,7.132252666696268228e-01,4.635466447317722061e-01,1.751500860420215355e-01
6.264930458979986461e-02,1.705957696267497159e-01,1.106192610228216577e-01,5.203191107450600983e-01,3.931532038711930133e-01,7.884846455314119540e-01,4.178138020532625729e-01,1.745591600784642261e-01
1.028016970451674228e-01,4.886392021580170386e-01,4.187484839312985430e-02,4.632031218302922748e-01,3.001495259540278848e-01,6.394333159751171003e-01,7.200145471915662121e-01,1.740357118684964788e-01
7.966947217007451509e-02,2.484214651425217524e-01,5.196058791106650254e-02,5.478151400982252950e-01,3.564550015102746494e-01,7.154684229946087770e-01,5.063990793016183156e-01,1.749107571136348793e-01
2.436512413502386898e-03,1.986306098184820179e-02,5.535170362381647280e-02,5.182046144372030039e-01,5.201716784987809872e-01,3.170097795821930631e-01,7.831193869992361112e-01,1.739720062772047438e-01
7.250280252230885403e-02,5.716625007622406773e-01,3.334096492867811845e-01,4.999138188791878989e-01,3.036054009830086442e-01,7.378547051211994390e-01,6.547644937187573344e-01,1.739846379435457391e-01
6.760844067944651870e-02,7.598232763813486668e-02,2.049815850948288887e-02,5.060708912559995776e-01,4.056284108749175221e-01,6.888037121737754509e-01,5.041804353916077286e-01,1.754095998462738559e-01
1.164072848416341510e-01,6.075352410880573428e-01,7.151444349639912712e-02,5.140858523161608851e-01,2.734276490683634764e-01,7.329096395945779996e-01,6.501521001527794663e-01,1.739529263800485004e-01
2.985736150870024058e-02,7.621817387147322709e-02,2.415141006762972220e-01,4.212072731176040863e-01,4.814210680570055190e-01,6.571427541242707004e-01,5.785093313848292951e-01,1.736644331279255660e-01
2.052957304071884731e-02,5.908499990198140539e-02,2.205019255172874226e-01,4.844080869288033830e-01,4.552460932452463416e-01,7.219592811338844118e-01,3.552631227698841432e-01,1.757068856594602435e-01
6.148914908939742685e-02,4.546391752086608173e-01,4.228470191791847688e-01,4.979465168839750100e-01,3.259077440594515540e-01,8.991733281538750733e-01,6.959314553833918504e-01,1.734641010968070163e-01
5.578746590117412280e-02,1.915343422636621440e-01,1.049929394928225956e-01,4.527977455781021510e-01,4.188067290953067512e-01,5.704260339725073514e-01,6.266088252240791245e-01,1.742564855110257660e-01
6.837171510317610612e-03,4.190480316959921403e-01,5.805665636423122944e-01,4.971615182175883052e-01,4.129892860769011631e-01,5.516831791633914905e-01,3.838385301417017725e-01,1.749488803600940112e-01
3.714679410958726669e-02,2.214649751245858500e-01,1.171273389424347666e-01,5.486760437792732592e-01,3.961488380231623085e-01,5.605275907671828373e-01,7.074287328538377828e-01,1.732370348063085874e-01
5.699753483554750172e-02,4.752961166848573837e-02,1.300315419375913106e-01,4.066790978393091116e-01,4.392992860368088448e-01,7.344411419182842460e-01,5.402889587290985451e-01,1.755185188169110233e-01
7.663017853841949667e-02,2.986588525786250115e-01,1.499461691815189290e-01,5.238277353781181089e-01,3.635123956234451725e-01,7.972353706486920988e-01,5.679493575851671805e-01,1.738954434159823981e-01
1.217761993640529422e-02,2.958319674116673959e-01,5.097175249828733712e-01,5.571881087737527993e-01,3.959501652223363366e-01,7.619362572034216186e-01,1.696477684550787290e-01,1.773513211815100354e-01
1.436668599804789836e-02,2.397758746427951504e-01,2.939016131338147986e-01,4.797928813623076882e-01,4.435225678528056381e-01,5.230267371853660752e-01,4.049404745707274600e-01,1.759031502830234184e-01
8.911208050514976553e-02,1.131446800378924089e-01,9.194565969789508797e-02,4.652712991837913981e-01,4.232702859130859085e-01,8.681856346842184990e-01,5.171251322421113183e-01,1.738060734577420163e-01
7.317059609480841553e-04,5.494481360242642332e-01,7.247975214081419093e-01,4.868952576703992619e-01,4.224155675850721492e-01,3.753591147143660045e-01,1.407256237443397229e-01,1.766738162865760520e-01
5.591339541632119742e-02,2.764848432613475349e-01,2.046865262784445805e-01,5.005966298531231429e-01,3.545359276825072459e-01,7.146614315367195713e-01,9.953191919067467808e-01,1.710732596681666107e-01
1.608893556004145631e-04,3.323673030339628354e-01,6.780103092315414859e-01,5.998576231069341347e-01,3.276434226948279904e-01,8.996261554677100758e-01,7.150100210616646690e-01,1.746433269220923623e-01
9.628230266189274911e-02,6.757406485518280270e-02,1.067422228481155200e-01,4.170971052175099225e-01,4.407422787389027041e-01,9.469028624321322862e-01,4.086249887387182755e-01,1.745644701048963687e-01
8.451954853871496143e-02,4.315339334289814976e-01,1.166940470623814563e-01,5.006397260099232360e-01,3.350924557350254407e-01,6.790322880202692701e-01,5.622600534086136248e-01,1.745919383082668863e-01
8.532652714573921160e-02,3.679568954903866818e-02,1.542172914396522376e-02,4.045679849570685827e-01,4.297439257109922917e-01,7.541993992014658366e-01,5.195543975307127527e-01,1.751082652371469262e-01
1.234547187438211208e-02,1.529178458952991093e-01,6.079027080903415259e-02,5.453141970458041943e-01,4.525011698368443525e-01,3.869448277834155459e-01,7.080556433410493122e-01,1.736989305597697042e-01
5.127279044244865275e-02,4.060035986056060864e-01,1.022373495021746681e-01,5.523494336450842646e-01,3.226403105517486880e-01,5.206635803813102203e-01,4.822603425646654340e-01,1.760195484247446263e-01
8.140990586903096293e-02,4.090448413545513251e-01,3.807527884714903554e-02,5.474180089066580379e-01,2.923895513130539414e-01,6.072261739636753974e-01,6.224747090341392619e-01,1.754695367256787486e-01
2.275499050610407109e-02,5.501115929914086600e-01,5.794379515492419364e-01,5.284650952373675104e-01,3.323805793649388662e-01,6.094293187511687915e-01,5.453967491919016197e-01,1.749005072175310593e-01
4.807228009752000791e-02,6.367046169310147663e-02,2.506346971934453327e-01,4.601558973160561616e-01,4.190265212440905662e-01,8.648416848369735455e-01,8.322270472023541865e-01,1.725458427210096735e-01
7.752081259299020699e-03,2.954299752355411535e-01,5.499657920492240226e-01,5.160652492603304831e-01,4.041904613318864636e-01,7.465020938849383780e-01,4.081216816656360602e-01,1.755783193791959351e-01
1.153957531201507264e-01,2.584678006761368385e-01,9.548736218864103953e-02,4.221865870473243687e-01,3.786063144579518425e-01,9.461542852161419770e-01,4.105746581752460767e-01,1.750163656013362656e-01
1.115266265731105488e-01,2.226646377398474319e-01,3.844248438483860442e-02,4.145192472588402066e-01,3.972732626457115557e-01,8.786769906968955324e-01,2.651120651306904108e-01,1.755721476742612697e-01
8.697353321660125647e-02,1.728131820708919131e-01,3.534951550953599475e-02,4.376312212337969410e-01,4.059657461304359560e-01,7.208571701271656584e-01,4.691793885474617731e-01,1.743825941548701741e-01
5.179426443686609149e-02,2.287479527289089654e-01,1.378880737282396074e-01,4.422924060413948033e-01,4.079813013130578203e-01,5.786751278585924307e-01,6.827240311398438122e-01,1.736737733605971390e-01
9.725887995771682892e-02,3.631744684655760502e-01,2.327071836626429802e-01,4.253459801263138607e-01,3.614003816019587534e-01,9.536468688838397600e-01,6.634338516258786456e-01,1.730265796018084501e-01
4.692473858595704039e-02,5.824377206404329765e-03,1.383666347430115851e-01,4.019852881509627940e-01,4.690642598357488424e-01,7.290917661151481433e-01,4.159342431286783270e-01,1.756629079949920680e-01
9.172140632905903534e-02,4.806639683937994900e-01,1.807448918480233369e-01,4.373549359914704615e-01,3.601041834247880047e-01,7.077464339472445687e-01,3.446984086906119682e-01,1.757837851344687674e-01
6.303473142185564426e-02,8.866489481810227447e-02,6.570129031235463768e-02,4.173441335228967874e-01,4.485141644994114496e-01,6.609198916806963142e-01,1.606562105821464082e-01,1.773545346617871887e-01
7.244318137108712863e-03,5.833171918190951377e-01,9.061458733123093356e-01,5.381643493063633654e-01,3.622140932556540127e-01,6.930599758572717484e-01,3.914482260685007153e-01,1.748917901350420245e-01
4.675654489729857977e-02,5.320050105248008698e-02,1.805534532369518219e-01,4.318323488501834007e-01,4.296960602645992222e-01,7.752018472631760915e-01,6.014048968551058971e-01,1.746622508938934781e-01
6.932283665970670472e-02,3.674921305860844312e-01,3.317883221121739612e-01,4.234156768671554771e-01,3.670318304877020488e-01,8.537061652600820283e-01,6.983193969649355015e-01,1.731848435020179600e-01
4.641812598621479491e-02,9.628362738811235833e-03,5.730727805730656543e-02,3.946996924232234472e-01,5.140456559222120747e-01,5.236973067014044636e-01,4.408560718530568634e-01,1.757724807760158159e-01
5.322450609145632644e-02,1.605695942537813670e-01,1.509120266058170678e-01,5.325571311435924882e-01,3.885009776817173743e-01,7.902486767752038288e-01,5.140793118129529660e-01,1.738866944405238757e-01
7.715608533484556719e-02,4.820146359133211655e-01,3.230029747701018694e-02,5.691089232438866219e-01,2.628802473723818034e-01,5.836543936954118328e-01,5.987809640946757384e-01,1.756038554216566017e-01
5.466375041670775564e-02,5.375149658052863488e-02,1.982756176421502370e-01,4.482032678418632621e-01,4.602479601012745558e-01,8.479373830581218296e-01,6.557887623188737303e-01,1.723061519042877188e-01
9.927899338508996974e-02,1.826806839083903455e-01,2.075851442415771464e-02,5.015873423215780891e-01,3.455849097061336472e-01,8.475177024599493958e-01,7.414776602936054006e-01,1.734295916846563257e-01
6.305172445563408945e-02,2.083308172919442758e-01,2.659478229903056157e-02,5.402727406347580530e-01,3.383480659267221191e-01,6.715883165199478810e-01,5.972509396771075174e-01,1.753329228117484484e-01
3.838612124120482222e-02,4.304015389663669033e-01,4.609150303546418748e-01,5.230323315006900620e-01,3.151119876323050240e-01,7.733976930415045192e-01,7.166495223659437031e-01,1.745322730219068808e-01
4.498750045883855714e-02,4.132055363892122024e-01,3.405112070430699189e-02,6.222705468144352769e-01,3.196774998034370707e-01,4.238754022064410987e-01,6.546628349452331408e-01,1.747064994324137033e-01
9.366054578446962597e-03,1.531846249177607477e-01,9.431873706873156182e-02,5.695137232506546354e-01,4.242261169187977465e-01,4.196818242301502688e-01,7.978425154534146690e-01,1.724479989041163286e-01
2.678682142891635962e-02,4.719634159606878043e-02,5.035110267091807978e-02,4.873460156823715694e-01,5.107723749467814045e-01,4.497937477029356756e-01,5.054482936982426233e-01,1.749246104658744028e-01
1.095985730699334387e-01,3.798182416611706191e-01,6.097904216789462595e-03,4.631293319561081145e-01,3.211521449398690442e-01,7.021508629646693311e-01,6.846851983074939696e-01,1.739199087567087632e-01
7.967777387478044981e-04,5.090577791727222134e-01,8.244694091407267500e-01,5.441522718079153664e-01,3.412109755975009096e-01,6.635262537272089700e-01,5.372002035190244218e-01,1.755031431022668065e-01
4.874942302139592676e-02,1.295641048138080065e-01,2.127975875173368503e-02,5.300921965464036045e-01,4.148221438195781041e-01,5.718644981131513205e-01,5.823540920680757571e-01,1.740509756189942137e-01
1.271322511322821314e-02,4.024607977175490015e-02,2.484762102749155932e-01,4.525518834456476736e-01,5.166006166392047572e-01,5.983475123077778290e-01,2.555239574512261913e-01,1.763660026310799600e-01
1.546958059569228383e-02,1.520396916573686363e-01,1.818514345640535046e-01,4.989336109860827984e-01,4.633617422043055933e-01,4.973661327209960570e-01,1.890226238757629629e-01,1.771542103305972227e-01
3.929200398826185325e-02,1.820649602438301484e-01,2.168180788579837093e-01,5.414802110206329289e-01,4.021538594266130806e-01,7.138500561175420422e-01,6.917787589553521244e-01,1.732743438113287238e-01
3.681612043047161054e-02,1.835765026867721972e-01,1.185235952650156299e-01,4.247023170554679039e-01,4.528664692303946970e-01,5.098636664465117097e-01,4.109398107978926573e-01,1.755540216506982776e-01
1.306600100421603100e-02,1.687128395690347948e-01,6.303930911360389189e-03,5.744092462116212605e-01,4.361489351629262989e-01,3.697454947645508194e-01,5.291200277965570908e-01,1.750147384392648220e-01
8.066725788105606754e-02,2.706094107495037315e-01,6.713437420531687128e-02,5.351204447945809850e-01,3.491887710268543055e-01,7.330663846166491915e-01,6.108830595149443710e-01,1.740852932872478387e-01
5.398494008570726976e-02,2.656409161149600462e-01,1.179557641688055991e-02,5.424874877595994294e-01,3.910244577686470269e-01,4.991846137703828123e-01,5.839673819680315514e-01,1.735760049307089048e-01
3.248361495822500028e-02,1.583383422381492434e-01,3.593729566362781069e-01,5.074841476740651336e-01,3.919250177024267701e-01,9.037018256552268314e-01,6.779504358391020835e-01,1.735220099714746278e-01
8.051481103239617465e-02,1.411172411339240984e-01,1.727642279651365464e-01,3.896255834214944480e-01,4.575107849001806004e-01,8.748650887247240160e-01,2.847169373930190095e-01,1.748961949644509961e-01
8.240217447987402410e-02,1.507454201413788164e-01,6.072550334960291618e-03,4.161662634992163157e-01,4.234001249486589180e-01,6.811390395202084891e-01,5.445969403768603501e-01,1.736280604125391425e-01
6.942043301017228329e-02,7.216166747468544251e-02,1.664364406323755041e-01,4.307769368304343316e-01,4.148057324716079020e-01,9.277348144250134876e-01,7.488218650888197603e-01,1.728044143866604432e-01
8.829182218263936788e-02,2.525612647270047972e-01,4.194344772721236847e-03,4.666995278446774975e-01,3.744757769283522664e-01,6.555419383313692006e-01,6.402903379438301679e-01,1.741238201727235146e-01
1.011858902090200796e-01,3.695717389904403793e-01,1.390061340257980893e-02,4.859852383988316760e-01,3.541202338482813405e-01,6.452766908468293705e-01,5.696243094987547551e-01,1.744595769886655712e-01
4.927007347971875534e-02,2.886537851264897592e-01,2.484205370617603714e-01,4.774396647788959336e-01,3.750691148580007073e-01,6.799912166283027526e-01,7.191118783011907212e-01,1.736762436203688476e-01
1.361638032019724109e-02,5.831515702102352261e-01,8.266110280728216075e-01,5.560128315739871763e-01,3.358151787931872301e-01,6.966260141130754535e-01,5.808811051231228539e-01,1.740653563911314095e-01
4.909101867788449175e-02,3.929434708892746708e-01,1.923525834082312480e-03,4.960995782460085879e-01,3.589505268074607014e-01,3.280003039695081890e-01,7.664530284465731480e-01,1.747299181871388440e-01
1.612708797342169570e-02,1.568006419765409221e-01,4.166165227333525900e-01,5.603639845535656194e-01,3.940672016311741466e-01,8.884763168441247583e-01,5.533442912041418582e-01,1.747957933653914997e-01
3.237983115159784320e-02,3.052081226498967181e-01,2.293366295121793130e-01,5.595160772114897707e-01,3.511650349796210380e-01,6.087038152989686646e-01,9.262603700522036299e-01,1.715625504572325100e-01
1.448143020166350187e-02,8.159833493665280546e-03,1.985442716496399473e-01,4.938245148318126110e-01,4.881814436543420177e-01,6.069550298814335720e-01,5.250982821455675298e-01,1.741390795175657702e-01
6.791828381975464901e-03,6.136517834863011167e-01,8.747930981218444701e-01,5.182228472759740079e-01,3.647976442085809068e-01,5.286645377453388361e-01,4.122655538845729772e-01,1.753816015510999693e-01
5.207762938464852165e-03,5.074992170798239277e-01,7.417327594760170228e-01,5.456542954260870104e-01,3.629400044421886018e-01,5.925365857041982043e-01,1.627515815634463792e-01,1.778361522376592785e-01
6.308226372211897526e-02,4.209962485756239547e-01,4.136402286709746079e-01,4.735709278469566463e-01,3.340144278986065252e-01,8.943142235977566967e-01,8.017155401942341886e-01,1.732046073432204902e-01
3.599378872447892008e-04,3.909038075212439844e-01,5.508498590401417205e-01,5.866313557336694240e-01,3.564277524456580526e-01,5.753970718837586595e-01,7.557906032602498270e-01,1.733539077563804598e-01
7.697151202603690068e-02,2.146425652111212667e-01,1.366961937056430376e-01,4.518209413470783420e-01,4.235049088973252829e-01,7.751309310839640254e-01,4.387082693752413221e-01,1.744229284649086720e-01
4.854490630426300940e-02,1.842597659806515242e-01,6.689387326374479636e-02,5.219079258442429481e-01,3.859591413045184716e-01,6.319656642856603668e-01,6.239449395318084068e-01,1.740742111286008309e-01
7.218049945368766596e-02,4.534910711189639732e-01,2.136419923430424861e-01,4.839634136219280180e-01,3.333193389168401244e-01,6.549240657989729986e-01,6.794660698434605850e-01,1.736795595928443403e-01
1.773587178440333076e-02,5.456883630005934238e-01,8.765769892686043896e-01,4.742524130830874096e-01,3.673934142033611905e-01,7.777582309439066144e-01,4.428312906437427143e-01,1.754425223311825432e-01
6.082827851648349438e-02,4.477173892568118707e-01,2.332913626178978461e-02,4.947983714469816330e-01,3.380604205454331157e-01,4.037031203885350639e-01,5.782323452421723742e-01,1.756346394051406801e-01
9.401814049631580794e-02,1.910982011011336801e-01,3.923187226518659587e-02,3.732221289532349773e-01,4.262162765774311635e-01,7.238139075190038740e-01,4.397843622832732224e-01,1.743979153835144291e-01
4.828644975467962647e-02,2.799836635565879916e-01,1.137451209240470662e-01,4.963145745192530933e-01,3.934086715095171938e-01,5.585782183606607942e-01,3.431333167145410590e-01,1.758846949433837958e-01
1.026462726317826923e-02,2.089716965841901253e-01,2.808762905960179301e-01,4.847493425514180498e-01,4.305743250286405144e-01,4.933921014142920169e-01,6.546484387401909633e-01,1.745291019275298228e-01
5.822245859333061158e-02,1.628248722996978315e-01,2.384476863604129693e-01,4.270841450500051928e-01,4.557131763411327863e-01,8.115202217008076202e-01,4.265933280033287200e-01,1.740333760451485690e-01
6.834290864746779548e-02,3.166178552038086957e-01,1.233405153504371354e-01,4.718511941807310150e-01,3.415546574377498201e-01,6.702666604300546727e-01,6.138395469074591215e-01,1.749596326716537364e-01
7.557844087896357921e-03,3.046361270225558249e-01,3.995873168340606241e-01,5.982752862254547832e-01,3.765479024542721098e-01,5.993278009160933895e-01,6.144732258261033087e-01,1.745761485112952149e-01
8.056198911579007249e-03,5.324654910179787981e-01,7.638069081130385296e-01,5.169707588009120336e-01,3.394310071129820194e-01,6.355858185348864930e-01,4.577721315027762361e-01,1.761188436519466327e-01
1.151825628104077848e-01,2.667427467366715876e-01,1.260454476726305673e-01,4.346316750471019841e-01,3.864524162081190983e-01,9.578410963279651025e-01,6.971527783075474050e-01,1.727474965557302400e-01
5.261512316152515412e-02,4.026072353535546378e-01,6.393097581749559999e-02,5.866536167826708059e-01,3.167007756190958201e-01,4.637681867977110350e-01,8.910912693224912751e-01,1.728354567475262060e-01
5.719001272061168678e-02,1.104163185106534772e-01,2.017736260328983899e-02,4.889123713181323105e-01,4.086341983278547474e-01,6.409337971217272667e-01,5.989307477358688514e-01,1.742182934499213187e-01
8.514419379614851513e-02,1.665310030207133862e-01,5.879756442913941505e-02,4.776763897189753028e-01,4.063611039235270894e-01,7.624852319321411276e-01,5.651246392568778365e-01,1.738578899249813847e-01
4.571299486371885323e-02,2.534832372157685976e-01,9.745748748912319570e-03,5.511150869941154884e-01,3.929254921130119205e-01,4.623099288255064776e-01,6.404982935113061604e-01,1.744455494976697996e-01
8.751466177380515243e-02,5.977850806859825727e-01,2.085653622020335607e-01,4.966093018797564929e-01,2.707200971591445238e-01,6.867158608832958366e-01,8.773306837236447553e-01,1.728968404169345940e-01
4.450083912489728039e-02,5.055731654291467647e-02,1.000094574522343016e-01,4.975691612496561667e-01,4.373804817974425441e-01,7.295039219914847273e-01,4.236362155892161030e-01,1.748486666323694760e-01
1.138551597594827658e-01,2.104863219769909088e-02,8.419476289248106760e-03,3.401552411946906496e-01,4.747745631872986594e-01,8.594487443553185946e-01,4.545492175067495921e-01,1.746115785459703418e-01
6.906265884619164352e-03,5.778082912866346899e-01,7.822450869348949176e-01,5.403424007127108908e-01,3.393030396976961516e-01,5.697927699606889496e-01,6.125320179301405599e-01,1.742588630198369237e-01
2.551307374270293110e-02,1.915376949460291522e-01,4.379984423799028193e-01,4.983370556823339403e-01,4.405220757077450977e-01,8.556181613159661303e-01,4.052662413964153720e-01,1.747527955320375692e-01
1.279814272148596666e-02,3.683318061479723404e-02,1.445690970422048305e-01,4.298178866746797944e-01,5.417714020903083849e-01,4.581224582862029049e-01,1.930914914374666780e-01,1.768778973147229483e-01
7.009316556730711689e-03,1.735588257904229215e-01,3.571503919276589611e-01,4.851976417608171999e-01,4.585809485127732565e-01,6.124673428853405488e-01,1.035532124902938111e-01,1.778965311645517022e-01
2.506944836192537968e-02,1.069743714896619624e-01,1.749382828398415857e-01,4.858782195478257848e-01,4.507234003317624471e-01,5.620112580458587193e-01,4.539937673040659316e-01,1.757252222619736515e-01
1.076483940589826466e-02,9.649870376660549254e-02,2.261914073505826017e-01,5.020079856465377022e-01,4.308249715160456517e-01,5.924812444728688732e-01,4.729809236675683870e-01,1.760622605733634938e-01
2.333776942201749860e-02,5.848513220119396783e-01,7.660139700693522347e-01,5.319675819899961633e-01,3.476477773949945838e-01,7.325931326625720885e-01,3.224444621156549173e-01,1.755232501978108151e-01
1.319458357370901364e-02,1.039166609331459989e-01,2.487190542124749493e-01,5.682346246147124136e-01,4.437181372855737438e-01,6.555676636546609037e-01,5.266576834247066463e-01,1.745334817186862952e-01
9.201785043596658054e-04,2.835979239350490677e-01,6.170604484684657498e-01,6.080661249805842106e-01,3.465883033493740162e-01,9.007171489578310597e-01,7.968112872262846924e-01,1.730002189190227024e-01
7.835535252156590469e-02,5.544954734215840064e-01,1.902666080986991637e-01,5.486888434364085576e-01,2.740584335266158522e-01,6.981776333376054078e-01,6.240273566686576068e-01,1.747327564568751934e-01
8.616940638573841738e-02,3.423269095941007811e-01,5.518310429553641150e-04,5.128070388046256367e-01,3.282869912779489141e-01,6.759402922997092000e-01,6.049021735654210863e-01,1.736229148892304563e-01
5.188742828480044644e-04,4.074285358073000962e-01,6.876883789998923247e-01,5.693921867830649131e-01,3.732816562400497196e-01,7.183414937413887813e-01,1.693233379086533930e-01,1.778050843360603206e-01
5.288748693564285230e-02,1.792746201148848473e-01,4.670794040465955921e-02,4.968305423360975803e-01,4.023098050269633408e-01,5.758206310796837313e-01,6.969168272323543745e-01,1.739976029532165902e-01
8.592196265356488727e-02,1.488686900747164255e-01,8.628735707608403693e-02,4.643736431510092633e-01,4.183531534998851109e-01,8.243563172569940978e-01,5.411921845827997180e-01,1.730081965670582644e-01
4.810123206012589803e-02,3.419371153208226044e-01,9.583022232283841535e-02,4.680387417353046864e-01,3.887903073630324391e-01,4.420123290274456385e-01,7.158044126893219339e-01,1.737283069769994248e-01
8.637932737376095849e-02,1.611316577026250252e-01,6.461199732589742450e-02,4.962576695363640766e-01,3.658070668245365642e-01,8.689284287933054518e-01,8.546975540548822359e-01,1.715282656914904891e-01
1.545589532024516793e-02,5.569645136144735220e-02,1.474122030137829109e-01,4.925335727063613889e-01,4.510090705161420299e-01,5.637910824552089251e-01,5.867444097348502030e-01,1.747597233418543006e-01
5.326348327048389952e-02,2.410872896652040409e-01,2.380221672698673574e-02,5.025504254559353123e-01,4.134954534490981604e-01,4.666579190750191342e-01,7.221011418501349644e-01,1.730514318170097987e-01
1.319491164054682752e-02,1.857183220846958249e-01,1.451300467862349786e-01,5.598273935901121323e-01,4.202933824517042227e-01,4.684124391344324234e-01,8.233783682932933612e-01,1.723833817818516134e-01
2.217297247153950102e-03,3.651486488950565490e-01,8.114381853967942426e-01,5.231809369875762838e-01,3.998618011952586593e-01,8.521711849653318405e-01,3.007638348402930095e-01,1.764529545207113859e-01
8.781217210478295399e-02,1.361020496205716246e-01,6.137936498537222008e-03,5.321751562862784279e-01,3.830953017650219339e-01,7.884857796530073681e-01,6.780592277999799578e-01,1.728256262766764417e-01
6.117024114427013076e-02,3.911654701900368902e-02,1.280641192711533538e-01,4.234581276410810391e-01,4.877674489160157556e-01,7.988381592744605575e-01,1.971526893165748695e-01,1.756350250750939312e-01
4.862995493762949789e-02,7.111059716364070971e-02,3.071065806693879519e-01,4.193124658050086939e-01,4.486708553730277549e-01,9.291382689973062270e-01,7.989825892816393438e-01,1.719463374275686518e-01
1.904375698973414729e-02,6.352832001089647740e-01,8.857737961802305549e-01,5.081833695762809633e-01,3.523954228206845340e-01,6.294252293400991460e-01,3.378058287772232049e-01,1.757837070641008470e-01
2.638701902546302866e-02,9.179799275497019240e-02,1.303629652605313716e-01,4.794698904024911057e-01,4.724563192990872129e-01,5.491134848081384856e-01,2.203902420886473257e-01,1.772153443522282712e-01
1.121065789146241110e-01,3.653364762005634203e-01,2.898862731069373755e-03,4.534971254686075426e-01,3.607168203790534489e-01,7.560191791688408713e-01,4.129341691405554182e-01,1.739851669129077461e-01
1.251674429526734023e-01,3.176206865956390235e-01,6.777383606616499412e-02,4.215357668616087072e-01,3.506796235954177665e-01,9.112960110669433567e-01,4.870243086681839140e-01,1.755670326641374235e-01
2.638319904884063594e-03,8.444862403937866691e-02,3.584088902292539291e-01,5.762813693499286849e-01,3.987699601059216392e-01,7.764465048349644682e-01,8.220947923068389063e-01,1.728557112347404445e-01
1.253951772228278222e-02,6.542278659650933026e-01,7.098318714290179354e-01,6.104995112811313351e-01,2.981151723441983759e-01,5.306446383184297844e-01,6.878106090645550452e-01,1.736164093180294077e-01
5.022786091027716532e-02,3.485774070947920134e-01,7.492407401382814025e-02,5.649205584399342728e-01,3.238506517523430661e-01,5.741010862415316662e-01,6.133758429699083248e-01,1.740706367216958983e-01
5.038542961026989953e-02,3.342128172439917666e-02,6.157262925834672274e-02,4.198408654879682289e-01,4.662169132088895829e-01,5.895257780071823106e-01,6.790808099353047300e-01,1.738171985984530987e-01
9.056352511372448011e-02,1.425643588943606710e-01,5.980612942723273484e-02,4.087716449765192439e-01,4.522522246789378864e-01,7.908947106967603169e-01,2.673866955199752371e-01,1.752316703142021703e-01
2.545489591509695476e-02,3.271176669634823231e-02,2.402996866399552400e-01,5.527144374524397552e-01,4.160799487673503827e-01,8.021764700341977861e-01,6.751400678282987178e-01,1.742327124135891747e-01
2.351374509553494363e-02,3.491547677061727639e-01,1.483810467267734634e-01,5.022176654809864527e-01,4.286106920300986056e-01,3.171637531234554608e-01,5.614566902604586351e-01,1.746965480202277710e-01
2.567766656375971082e-02,1.944425172088920517e-01,1.740717234446923500e-01,5.566956313457823713e-01,4.163512482432416562e-01,5.867070438938548627e-01,6.986897214480002338e-01,1.725248088237328892e-01
1.197046929796342918e-02,3.483170792178065245e-01,7.701036490375050558e-01,5.006347315767152306e-01,3.866395683872873024e-01,9.813105126867240902e-01,5.433209253408533002e-01,1.746918279888718950e-01
4.562306355699036198e-02,9.123957356385758999e-02,7.557836685886942796e-04,5.748455044402607239e-01,3.841345964685796144e-01,6.133135067674019281e-01,7.054113887980433262e-01,1.732568847222602515e-01
4.835026957072147136e-02,1.682038404007402121e-02,2.940519533178251321e-01,3.916207972006983673e-01,4.820684932920925592e-01,9.256570809965551927e-01,5.687918038047018454e-01,1.735948934222652229e-01
7.774093785208319174e-02,5.986615887953239401e-01,9.179078559903386392e-02,5.586726666681243181e-01,2.761943386105435994e-01,5.188088455719046532e-01,7.621677232276358183e-01,1.738852502258446120e-01
1.059987463516598172e-01,3.520831684576297693e-01,5.312840142029831569e-02,4.685649811611279358e-01,3.414216268188395298e-01,7.672314972324887350e-01,3.586744480766062559e-01,1.760480258630253980e-01
4.961381618467607113e-02,5.572523426361204457e-01,3.146296602246153595e-01,5.561743606325307843e-01,2.900343288724752666e-01,5.943351858041682201e-01,6.767184402697570267e-01,1.742686262861828927e-01
5.357807022254181678e-02,1.508374502901860259e-01,1.446690140838171879e-01,4.938565994600452314e-01,4.217919851156825550e-01,7.322959766131934556e-01,3.249586539441555733e-01,1.759098583640417712e-01
3.768464571673708213e-02,1.409751169401221860e-01,2.379043326385562040e-01,4.459723381812744636e-01,4.312096032043137850e-01,6.779608257302377483e-01,5.647672692582734744e-01,1.754118129603123299e-01
1.803339152587783711e-02,8.460117301592268158e-02,2.183927336685432818e-01,4.538523594517329118e-01,5.179844165595726135e-01,5.608333155771408896e-01,2.388536344199734263e-01,1.757234284242836508e-01
9.433522719422479663e-04,5.123112957352201624e-01,6.964653136988545601e-01,6.171317067400616807e-01,3.401510230803354573e-01,6.159542652958047704e-01,3.289132345289121906e-01,1.757162023082704805e-01
2.291006390007023497e-02,1.032200789603884838e-01,2.388230481405693995e-01,4.950992504301872099e-01,4.227045632412839704e-01,6.772118355799704448e-01,3.775350079248019908e-01,1.768409148386214103e-01
1.143237084086540789e-01,4.866643789351997595e-01,2.451080495963298134e-02,4.476819953876934322e-01,3.365300001580185940e-01,6.881120184868381173e-01,4.998561438405415558e-01,1.744420059928124545e-01
7.461875339604281954e-02,5.949820072383624758e-01,1.431087878845505035e-02,5.390881926357868892e-01,2.695614899927156749e-01,4.387873096031243980e-01,6.406069522506567804e-01,1.752596962588700291e-01
4.289581834782428549e-02,2.982931870618668047e-01,4.132865312107116829e-01,4.626856446072797890e-01,3.800172198051567918e-01,8.716415895390230428e-01,4.841607596223848620e-01,1.752326910970881113e-01
9.610210422517001527e-02,2.256257004813562173e-01,6.603146887201258308e-02,3.882866930466725153e-01,4.251261121644579477e-01,7.537983880957472849e-01,3.515002012060313707e-01,1.745705929753754437e-01
5.389475564250091610e-02,1.649845251977139493e-01,1.249043818700921737e-01,4.654131609639060030e-01,4.443986326011165056e-01,6.491555359029692607e-01,3.775152577442195678e-01,1.750186321116713462e-01
5.074611026965436533e-03,1.357966509101675157e-01,4.096695858618738528e-01,5.973763671760073946e-01,4.154858134865800356e-01,8.253252001618550660e-01,6.165514099998505859e-01,1.731308381555454468e-01
9.741213436795778668e-03,4.053588423332273871e-01,5.669351638025474927e-01,5.100902301961812713e-01,3.832960237696866890e-01,6.443381453669483339e-01,4.997185918428841966e-01,1.746638480334282428e-01
1.716589123974760628e-02,1.068055161185114676e-01,9.193096346849216616e-02,4.635290203118798136e-01,5.117830136602976587e-01,3.665974555745937780e-01,5.595674334292572993e-01,1.748854727216042348e-01
1.611218340392017723e-03,4.093080696654700090e-01,8.666213441100710790e-01,5.587054445951047388e-01,3.336817516493157387e-01,9.533550342980612324e-01,7.959577858043689336e-01,1.741167973898246069e-01
6.940602705022268226e-02,5.458622864442983502e-01,2.016784625049022894e-01,5.039690953379952765e-01,2.892386441138258824e-01,5.766227047153755780e-01,7.806749520328056802e-01,1.740329329367621691e-01
2.253835864223300081e-02,5.677884401776200907e-02,1.811412054338879807e-01,4.379473820628974612e-01,4.862894545731941687e-01,5.958982634669325318e-01,4.895095308844096271e-01,1.747747814965527058e-01
3.866184874755165812e-03,3.246931357295244625e-01,4.692383151800544883e-01,5.814093760715888237e-01,3.489537927397592387e-01,6.499184106148296891e-01,6.715294376902825046e-01,1.738660706992557758e-01
1.261940588942737640e-01,3.401292716869502297e-01,9.028922440676112604e-02,3.878705345248479874e-01,3.876595284736382707e-01,9.021072841323776181e-01,5.904908704318985180e-01,1.732035940943838781e-01
7.836359247919401361e-02,3.766040883880158452e-01,2.573088432441261730e-01,4.337502558803020269e-01,3.712899780815939188e-01,8.005661870674036784e-01,7.171103240553049485e-01,1.728126277309077474e-01
9.555804043875440468e-02,1.776119176458363647e-01,5.696769710923260677e-02,3.975791020080970406e-01,4.300178466691967905e-01,7.265052395569400190e-01,4.880274756223468291e-01,1.745492103598678124e-01
1.236454330995682277e-02,3.133199446146963107e-01,5.251822057571178259e-01,6.053344157190309049e-01,3.409541604971704221e-01,8.741632631208769988e-01,5.341354292869812115e-01,1.749252832316589290e-01
4.244498309784051904e-03,2.349501562079076011e-01,4.745005982422370039e-01,5.067168160207601302e-01,4.526406861672392368e-01,6.561857855983904697e-01,3.983654891989339975e-01,1.746843771706393100e-01
1.268772053186342091e-02,9.797616560047614498e-02,2.356290852734838626e-01,5.303418299380109335e-01,4.562928378555683451e-01,5.940556468460119754e-01,5.493567335056148693e-01,1.748294386746463425e-01
5.821678652762236894e-03,3.084645644063575554e-01,4.149938104828517216e-01,5.605482244657212787e-01,3.818520733808136169e-01,5.408043932395152353e-01,7.272177608991415854e-01,1.739274292760739082e-01
3.278623437566677984e-02,2.503883521135814583e-01,3.018911991814188789e-01,4.946631611965958686e-01,3.941087874650422984e-01,7.056925941077548670e-01,4.919152768998099612e-01,1.754227584512145499e-01
3.240667040489764172e-02,3.198124556958786835e-02,2.983003040541206130e-01,4.677988410988735968e-01,4.543097353957337159e-01,9.276667922796169030e-01,3.456770211635707968e-01,1.758131786999468649e-01
2.459350316243349988e-03,3.649676087761823950e-01,6.375978666281497675e-01,5.259952451135950779e-01,4.112870012926568286e-01,6.517271594484994601e-01,7.844823736114253654e-02,1.778473239257904182e-01
6.982873554382038050e-02,1.254495988745107649e-01,1.870771997284037536e-02,4.754862653878788592e-01,4.125909874722901716e-01,6.449296705224145665e-01,5.686935748030750304e-01,1.750864823061030195e-01
5.784031714588195455e-02,1.735062309019571869e-01,1.741343000682583353e-01,4.649979347970004118e-01,4.351964875289687229e-01,7.848053573511907244e-01,3.312425318284444309e-01,1.748150501006891233e-01
3.878409928538006923e-02,1.005375423387788458e-01,1.229768627495037014e-02,5.204804168811461018e-01,4.702391377939916239e-01,4.932869489430238286e-01,5.920462815604319307e-01,1.730515644885698978e-01
7.184156320618156899e-02,3.200720630626964214e-01,1.477786631238716120e-01,4.652608424974461476e-01,3.838490109833060937e-01,6.730887667093906623e-01,7.605106484725815408e-01,1.721496382090401123e-01
1.077403288879463100e-02,1.501000719593145738e-01,3.842365962128035939e-02,4.820428561163530579e-01,4.983393343605665438e-01,2.560979696310229925e-01,6.733517258434978947e-01,1.745082457111539753e-01
3.285150841839480640e-02,3.107230198215000239e-01,2.573210171653558809e-01,5.174903952635936388e-01,3.900091274841741562e-01,6.129278619789187976e-01,6.018653933529674038e-01,1.731804923695359211e-01
3.939239312497082313e-02,1.481822217169353195e-01,8.342686616222141915e-02,5.686220649126823012e-01,3.879075991316286998e-01,5.595460489287555905e-01,7.738038943654362845e-01,1.739896349125518715e-01
1.920420244466789286e-02,1.508814133532641877e-01,3.007401279800667737e-01,5.009441325503516396e-01,3.992693583206501917e-01,7.242593049885153178e-01,6.992846041203840679e-01,1.737008694164048350e-01
5.780578933188118551e-03,1.572151735377723680e-01,3.815087822895157910e-02,5.230741734840532731e-01,4.772507305537664335e-01,2.662217797756005200e-01,6.059578565397916172e-01,1.752808515927862243e-01
6.744763649495925939e-02,2.345955078055210474e-01,1.465641470840872707e-01,4.170104026211640114e-01,4.359692989256671036e-01,6.722569938404806544e-01,4.512880252668941550e-01,1.747471754003510069e-01
1.959312719382590162e-02,2.433873020780761565e-01,4.712628001176766279e-02,5.284581722140176963e-01,4.291845686756833311e-01,3.427601020917687147e-01,4.976613464298001999e-01,1.751633837900764268e-01
5.837775178316445546e-02,5.157057722841107417e-02,2.425703496766729028e-02,4.442971710029419152e-01,4.724657524725512370e-01,6.109265978589291102e-01,3.173025410960849668e-01,1.758301355202392668e-01
7.966321313083235545e-02,2.439946128031585393e-01,7.558474699109371531e-02,5.021803262451807193e-01,3.321399011356944708e-01,7.364828310923221544e-01,7.675535905992862951e-01,1.739746870656134758e-01
7.036195810232731551e-02,7.605512933261759922e-02,1.874474760847217869e-01,3.631453778202998195e-01,4.774704649816563506e-01,7.945107426607381784e-01,4.109443841937668873e-01,1.756017106526102378e-01
2.468741954209944384e-02,2.343149486283599425e-01,3.187151532286104927e-01,4.753207738307823615e-01,4.099553719338819846e-01,6.488045327971597720e-01,3.601929781939455233e-01,1.766409910965269781e-01
2.859412834200890374e-02,2.151499920427524248e-02,1.995951904480132433e-01,4.423800466102202344e-01,4.786712983130919086e-01,6.582541707978821766e-01,7.243417397369338318e-01,1.726606227744293953e-01
7.589223295703735606e-02,4.440245048111594595e-01,9.357063579372509876e-02,5.282574621589206654e-01,3.327276617192769792e-01,6.262553939542904180e-01,4.355710628068251156e-01,1.752651130117432454e-01
1.043621021058148413e-01,2.303522291159267599e-01,5.668464102927323056e-02,4.083087715380083194e-01,3.987451899581974657e-01,7.641892014258010457e-01,6.497510639595369675e-01,1.735814005029981399e-01
2.325924821785426561e-02,4.859391473990726240e-03,2.171801891824324537e-01,4.961872173630912375e-01,4.817881983473269458e-01,7.314164975642347688e-01,5.721193959755023206e-01,1.739327822859726147e-01
8.940252953705232764e-02,3.574924329363985964e-01,9.758108940484724880e-02,4.958312091250957621e-01,3.307882307007692368e-01,7.908787235734155985e-01,3.037140697296471514e-01,1.759814116505079296e-01
1.522223218800068667e-02,3.751495699384804206e-01,4.508624779093695634e-01,5.479045820464207850e-01,3.552852307249328989e-01,6.134549781127647261e-01,6.021295508619158854e-01,1.744864254177748986e-01
1.711913971947187640e-02,2.704905796178008193e-01,1.789939419256500464e-01,5.198410700525942785e-01,4.207958852852516918e-01,3.929781132110279906e-01,6.197337151036848013e-01,1.742087305120066931e-01
3.056300478369645274e-02,1.508085629973876518e-01,1.375975788162975277e-01,5.039213020163609835e-01,4.341441927064719764e-01,5.861923321626392180e-01,2.503947222233192105e-01,1.770477526338238849e-01
3.841119076070612093e-02,3.534449527356591236e-01,3.389972534928182846e-01,4.543281642008010213e-01,4.066768935997000511e-01,6.030212229109981337e-01,2.510265474965440724e-01,1.769178500610493754e-01
1.484935940475225202e-02,2.629587540470604834e-01,4.180028072427812713e-01,5.107583804465247734e-01,3.944645734402099091e-01,7.208895668129777778e-01,6.720279590996940389e-01,1.729869116650681327e-01
4.792369730351236229e-02,3.533638350398993211e-02,2.933308531215456094e-02,4.742439195605951396e-01,4.703190033246348323e-01,6.041980825621370288e-01,5.444409082584493742e-01,1.738030259583926707e-01
8.123788445289389926e-02,3.012751405393450654e-01,7.609048240476237734e-02,5.328658088589675046e-01,3.560697215224677969e-01,7.726266693755514670e-01,3.673138155952763162e-01,1.747906657061819580e-01
2.355751822796951084e-02,4.014827476053033917e-01,2.055908219201790510e-01,5.358392095679083145e-01,3.749372950327575782e-01,3.529210318697653670e-01,8.553203069187818031e-01,1.731884072154682708e-01
1.884342477999956245e-03,1.290186981747066253e-01,1.766695605448781736e-01,5.477337087338441934e-01,4.609833661198145527e-01,3.891469544094393607e-01,8.578772845909659051e-01,1.727531023312934844e-01
3.948419605633796819e-02,7.116475583883593581e-01,7.314512209089909511e-01,5.741629623683552897e-01,2.555780011483426151e-01,7.464547142060440343e-01,7.046596044875362841e-01,1.745322551305513170e-01
4.325132048887099512e-02,1.247643536688546884e-01,1.612046794748374090e-01,4.754929024715271457e-01,4.404870487187507178e-01,6.706545304745786806e-01,4.451386619170266123e-01,1.746180400020067303e-01
2.177478461160692325e-02,5.741727423336482339e-01,7.253381511843401963e-01,5.227542820751351904e-01,3.402334436413405050e-01,7.431702461322537978e-01,2.533010561180105702e-01,1.760936972567231640e-01
6.232718545847207303e-02,1.648258676625298791e-01,1.304229451561525754e-01,4.463855944111747021e-01,4.158166324854349893e-01,7.680086725968973127e-01,5.037613761045142136e-01,1.742204524390623677e-01
3.371990206929077749e-02,5.813889256699628083e-02,2.339173553935309791e-01,5.007579391956231696e-01,4.263292091089048164e-01,8.076928835339066692e-01,4.786053907748392677e-01,1.747891967727606133e-01
5.468272851521804173e-02,9.487945420985782752e-02,2.457343084560112412e-02,5.029114877864137023e-01,4.333127680163873507e-01,5.943362448205327109e-01,5.454078816412317732e-01,1.742589072914879078e-01
2.728329269154904091e-02,1.592098601961148274e-01,2.500095041477440327e-01,5.037758608925958503e-01,4.072877948739415110e-01,6.778746648641185146e-01,7.131279997700485929e-01,1.734926562626081248e-01
2.929933151257102519e-02,2.681288639375131178e-01,3.150944516474116774e-01,4.934464300884952026e-01,3.924205436505315836e-01,6.695400449869453041e-01,6.410494505682545752e-01,1.741010652577295592e-01
8.984841198944118479e-03,4.498702922536371718e-01,5.808965173157918382e-01,6.241403557004429059e-01,3.103217920033947141e-01,7.169276655447914814e-01,6.190042056625585376e-01,1.742159920589929356e-01
2.223134263219547074e-02,5.050820081743255807e-01,7.016072413618211767e-01,5.067156770096580276e-01,3.253738298367663817e-01,7.675374501620676471e-01,7.894457034492599057e-01,1.733519989013548868e-01
2.242222783658224389e-02,2.836777943661978885e-01,1.841154809990147301e-01,5.177281449376668343e-01,4.207217082532202501e-01,4.148698066049123501e-01,6.091286676830806046e-01,1.739956872114645503e-01
6.392126602424580417e-02,1.636822782976104784e-01,1.372879390362051755e-01,3.866751230222169600e-01,4.647915958294654981e-01,6.871631882335013097e-01,3.190300681814779438e-01,1.748735382226104251e-01
7.445962768629953155e-02,2.291215262801994945e-01,4.667411029614459972e-02,5.028084002924789742e-01,3.939219389201338295e-01,6.795960389878986652e-01,5.246908593791003161e-01,1.736237820925940756e-01
1.591356710438951438e-02,9.483525556721825178e-02,3.543007102181200407e-01,4.641984976685277764e-01,4.990300229212489835e-01,7.244384203087917973e-01,2.458281812933115207e-01,1.752409939678586936e-01
8.335343489283664198e-02,7.441357377488563851e-02,1.143546737531206947e-01,4.270515887463124938e-01,4.114135513262733856e-01,9.336325196935767456e-01,6.670439453546231912e-01,1.736986089388850019e-01
1.015072176129390158e-01,3.680007450374137568e-01,5.282181418288384167e-02,4.620063918850245699e-01,3.319787769955914736e-01,7.745677980958846076e-01,3.515335576770283743e-01,1.757639126002456531e-01
1.058990330833551319e-01,5.821195233557409088e-01,1.282490838141141232e-01,4.322276325295676958e-01,3.187717422637594278e-01,6.759245310301261744e-01,3.402101811575534152e-01,1.763850902018288536e-01
4.036104052012353532e-02,2.893746713147804517e-01,3.542891366859969304e-01,4.564628096893765252e-01,4.208528661353777012e-01,7.464280599427475238e-01,1.764980108537511638e-01,1.761965985775876820e-01
7.362341747957593108e-03,1.555275894887039601e-01,1.569492812571188223e-02,4.831449703079597757e-01,4.933765957911966371e-01,2.285553094607884472e-01,6.207930028703361192e-01,1.754577943175358867e-01
9.706910683141554974e-02,3.017886154051402925e-01,1.663666400143463120e-01,3.848746842037036320e-01,4.267392335446642537e-01,8.171648873222573384e-01,1.997418687085538158e-01,1.756709164506053689e-01
6.359235934914615751e-02,8.912979105485924203e-02,7.032123752115443382e-02,4.117104766702704977e-01,4.637579973595647442e-01,6.699724888235356612e-01,1.445988173776215358e-01,1.766155913347264017e-01
3.524801299235359731e-03,1.859962894660368848e-01,1.528477841624020783e-03,6.265739752340084845e-01,4.144442135196184651e-01,2.804071263334954600e-01,8.420749939496501302e-01,1.736391010285186776e-01
4.839622628718660141e-02,2.934948537281388270e-01,2.028891199242521814e-01,5.085225742110480729e-01,3.905003845485676139e-01,6.800146420254765678e-01,3.619245350926658666e-01,1.747381649126004688e-01
2.203231788301805022e-02,3.017281821719398627e-01,2.553090890089997900e-01,5.188075430595340265e-01,3.786533767860322253e-01,5.506846623519285888e-01,5.657757437097727937e-01,1.745358553505122479e-01
8.374964568922234343e-03,1.879165171011871194e-01,3.391557993630495149e-01,4.987072660996754170e-01,4.542971030614827987e-01,5.455361005933856422e-01,4.413180444228886334e-01,1.759958554190614588e-01
5.259323781760095323e-02,2.514705271873715065e-01,1.124545530752441846e-01,5.358223367063099651e-01,3.576665061010147473e-01,6.776419890334008933e-01,7.012456281984689177e-01,1.727852317644758273e-01
2.743006723246027567e-02,4.642748612766867122e-03,1.926230049618215534e-01,4.936246753977915347e-01,4.615971865682841901e-01,6.728779649261235063e-01,5.284938456262453510e-01,1.758574150803192682e-01
1.039548741773982377e-02,6.805239517615568889e-01,6.974851043684224816e-01,5.447923289173064454e-01,3.498379727205129797e-01,3.421349263069544677e-01,3.800762481630075573e-01,1.755364810005282383e-01
7.542133536277471906e-02,3.640609868559843143e-01,7.231454038793391770e-02,5.596840109867190494e-01,3.251292975742643976e-01,6.712253364200951866e-01,5.940178909135555019e-01,1.741965442957877364e-01
1.236587081039262348e-01,1.979841643153046060e-01,2.193701447160595341e-02,4.404175288235512853e-01,3.893208512461327486e-01,9.677080737395168386e-01,5.271230331388075951e-01,1.734633187648628450e-01
9.155280271154220273e-02,9.826002250128009763e-01,7.038670731035322481e-01,4.873778796087461784e-01,2.246003458838645439e-01,9.001534686464892632e-01,6.324675767958904959e-01,1.751883072440598155e-01
5.513580726357988904e-02,2.154428770668103676e-01,1.235087404537543732e-01,4.833399967507899797e-01,3.944569687971913874e-01,6.399244267941294195e-01,8.387672789375577587e-01,1.719888533763869187e-01
1.047334706685278116e-01,2.304432219025206452e-01,9.972982044609834951e-02,4.485243133621659162e-01,4.003387878545070500e-01,8.965829335908978015e-01,5.810579272605628232e-01,1.727922539228180232e-01
5.154168715799254535e-02,2.090223584415083491e-01,4.124390890841372892e-02,4.307579919959359516e-01,4.686707060917941758e-01,4.711075789589597163e-01,2.639927202650048654e-01,1.754723717039928244e-01
7.762804871184712796e-02,1.529620718311169858e-01,2.090877992097039950e-02,4.948840696932216843e-01,4.009358818422041337e-01,7.237311084076997192e-01,5.162373319884507872e-01,1.734466866409014596e-01
2.434781056803903346e-02,4.732734499514507642e-01,7.572453884674001934e-01,5.291552920466155996e-01,3.308856708686192527e-01,9.632091979834378481e-01,5.183273681354962914e-01,1.752741780906591496e-01
6.778161898299560340e-02,9.026317413389442490e-02,1.145870184263436120e-01,4.251720530222286021e-01,4.527786475153529056e-01,7.784017458750384089e-01,3.360211539479215359e-01,1.757575858309938788e-01
1.650506138368146303e-04,4.204673576232277887e-01,8.074133608698640385e-01,5.614555020235991734e-01,3.529624290151112120e-01,8.696592039474766445e-01,5.190735747495901498e-01,1.751529948163415840e-01
5.576656904124796532e-02,1.712804394764274596e-01,4.580906031999279482e-02,4.884024038388540268e-01,4.320484370274225716e-01,5.233106385276349304e-01,5.592308034784800874e-01,1.750773354078258848e-01
1.581645520620994505e-02,5.709885746400573669e-01,7.867766921156882365e-01,6.146217739322674678e-01,2.995965108579924374e-01,8.157120961869477327e-01,5.359781360857797106e-01,1.749334303103441679e-01
5.685016495866404562e-04,4.575224394696734698e-01,4.211905710375598577e-01,6.020542675697957424e-01,3.519462669198106242e-01,4.034178559912878215e-01,5.760680562472606514e-01,1.750863182522302830e-01
2.639792001007786049e-03,2.003998133927911152e-01,4.932648004461027691e-01,5.247293114982117812e-01,4.373042599902726701e-01,7.709152868766111499e-01,2.668480476479455632e-01,1.760876196768060009e-01
5.895620333182270689e-03,5.965683078697934238e-01,8.423131866878996732e-01,5.556920881471898443e-01,3.466689195691469161e-01,5.650072430866576179e-01,5.100565235511418383e-01,1.742937965376682996e-01
1.787440745008863491e-02,6.645436529355506217e-01,6.097258484111847121e-01,5.355207537434689691e-01,3.423140547405531531e-01,3.868275495601683489e-01,3.420050633930963313e-01,1.760271861316980435e-01
9.124812538649315630e-02,6.120110597113022077e-01,1.891822247023245973e-01,4.793893808653937882e-01,2.929899772171478123e-01,6.556912382068951217e-01,4.390960531574987780e-01,1.761131542295398811e-01
1.137448820966474733e-01,6.072915135215679605e-01,4.917565818267422006e-02,4.569342544499425118e-01,3.060598562728796823e-01,6.423090433862994608e-01,4.789930328780320767e-01,1.748467713827711878e-01
9.273434662968803310e-02,2.387735595614741690e-01,8.509139849616725870e-02,5.073381153742048122e-01,3.539480357227362539e-01,8.678641967605105201e-01,4.762038457066868902e-01,1.744666041775064236e-01
1.706552848705603781e-02,2.162557863977021544e-02,8.151465792295833901e-02,4.951681226837324479e-01,4.783297158297304397e-01,5.280886044456551964e-01,3.082978026122665804e-01,1.763679821442893647e-01
4.461068075227413166e-03,4.403013080100379728e-01,9.469050693531333440e-01,4.810501215199714520e-01,3.948390423945162819e-01,8.822256312725197391e-01,6.429356686899603268e-01,1.735127233634625454e-01
3.993915724519007948e-03,4.729735670244463730e-01,8.475796950026197596e-01,5.066881111128663795e-01,3.474745376945169717e-01,7.739647860867782114e-01,6.992154204417518892e-01,1.737681008836933771e-01
5.589591394706561883e-02,4.350019744001550892e-01,2.721062985276039847e-01,5.005793545408879774e-01,3.398545711513533685e-01,6.561718978674698777e-01,4.228301764729940904e-01,1.756998303155854202e-01
3.740763206849892497e-02,1.797060787054416409e-01,1.570337776042972644e-01,5.155522364294503612e-01,3.958922976251182391e-01,6.539526830761958065e-01,5.842166065463327840e-01,1.742126712855376069e-01
2.661810131574462307e-02,3.366708480275524273e-01,3.145912594648113125e-01,5.494883294938106566e-01,3.756093627525178280e-01,5.932422772377933251e-01,3.004466423341143333e-01,1.769140598961533306e-01
1.107678906514144856e-01,3.077267658277760831e-01,1.981342922653765437e-01,3.843899851627137765e-01,3.850569022310454947e-01,9.898483347980879810e-01,8.258217969561330030e-01,1.717504517406260589e-01
4.572816281251347592e-02,1.793516155530126277e-01,1.882605837494757406e-01,4.210610785518402732e-01,4.712363050912015128e-01,6.272682619814938798e-01,8.711958549656595441e-02,1.770701259132193561e-01
3.649389169953233536e-02,2.776085584382133042e-01,3.128052087872387754e-01,4.856839514615287623e-01,3.694439604958237311e-01,7.343726166449211501e-01,6.674554262865441956e-01,1.741067602429252903e-01
2.700353095975525572e-02,1.167798921276758939e-01,2.364804797742702247e-01,5.009628182202028324e-01,4.151559759686807016e-01,7.086311415288647497e-01,5.149124797704371925e-01,1.751534953589544419e-01
7.904648452745102749e-02,6.240363121288138304e-01,2.985551090498669846e-01,5.031644800368103576e-01,2.823527195879758089e-01,6.903512898662129693e-01,5.631349303134133288e-01,1.757276536988129356e-01
2.957721286058253088e-02,7.380677126975019320e-01,7.193243655540986214e-01,5.543346424329999023e-01,2.995261510517381875e-01,5.520308901773065546e-01,4.015340461799444260e-01,1.757990551572285454e-01
8.270648879188120806e-02,4.852622080072424016e-01,2.082512962959083835e-01,4.726270751931345715e-01,3.268672957730402451e-01,6.893222053635293944e-01,8.217639588554929153e-01,1.727911671194205523e-01
6.911801840952226661e-02,1.573754956521914439e-01,1.816646196831689930e-01,3.738680092998807325e-01,4.503243062078220449e-01,7.800907920812190088e-01,4.213606686452309180e-01,1.747184191257169783e-01
2.595349078939461485e-02,2.523043150871991380e-01,2.998764083755504628e-01,5.549851929189468791e-01,4.010171919720829092e-01,6.624314175644215874e-01,6.923722559308924662e-01,1.727284853093851158e-01
3.926274712294423874e-02,1.233157756308172481e-01,1.542179169915525172e-02,4.862889389884233471e-01,4.518420553546261820e-01,4.278135631467843703e-01,7.816214199528926931e-01,1.730649401265311471e-01
8.484058606513780743e-02,3.970072932555157585e-02,7.158146581518162743e-02,3.963292590173976837e-01,4.447945232250368752e-01,8.364275140827347466e-01,6.677525023614518940e-01,1.728589731409019004e-01
7.840166420763955424e-02,3.507239347600034640e-01,2.850882410411608170e-01,4.825728387261132291e-01,3.361102957215089670e-01,9.243196479759558937e-01,7.518372472864676137e-01,1.731790815487577184e-01
3.300410251510469545e-02,1.963159305023781664e-01,4.721926181813312917e-02,5.622363018786880051e-01,4.006793101062014473e-01,4.667542846161638614e-01,5.711887537465238918e-01,1.757119939248656670e-01
2.207592415922002976e-02,2.570294781099052850e-01,1.884960800672393910e-01,5.803575088903898394e-01,3.645968887866520292e-01,5.687411232872623401e-01,7.794042493632482582e-01,1.725247281788080400e-01
2.287630507183162007e-02,1.070102487462120666e-01,1.432659727926275661e-01,4.820155466374083653e-01,4.633612150902577942e-01,5.255808737968450384e-01,3.438176963217370874e-01,1.765234288918135497e-01
1.106357887698262987e-01,4.454657816037859153e-01,3.391054685958350134e-05,4.864882819662204594e-01,3.295455751607016537e-01,6.726393596207410619e-01,2.992771623042152496e-01,1.759810712282807998e-01
1.474979505297604326e-02,3.238807921389691424e-01,5.143504708783109836e-01,4.761325327205316316e-01,4.111925148337369218e-01,6.938076210425202506e-01,4.710203414183515847e-01,1.745962564429391628e-01
1.519816455499084507e-02,5.486459534493864920e-01,7.264015750464225540e-01,5.257203532899195064e-01,3.186997758824278715e-01,7.036162169399144961e-01,6.545642373981612749e-01,1.738591638264686545e-01
1.529654598823600858e-02,2.675615894382348814e-01,1.985276125281089099e-01,5.442320213438618381e-01,4.042628452551861318e-01,4.326869010202061272e-01,4.329152687821061773e-01,1.763866563986956348e-01
9.178404519627232638e-02,3.332701524101989721e-01,8.110717725979327275e-02,5.234419986192517804e-01,3.143528169132768779e-01,8.055922843962390889e-01,4.088687985447365669e-01,1.763765900114270258e-01
4.920862045994021938e-02,3.977855283245934626e-02,1.546898103545341074e-02,4.385124852614398772e-01,4.738507805511463222e-01,5.098180356034170968e-01,5.738580480407695639e-01,1.748685419014583686e-01
2.682877171495670621e-02,2.416432383920517901e-01,2.639396626479718067e-01,5.252728940984887629e-01,3.859432970343077973e-01,6.322947963212306455e-01,5.967358696084512637e-01,1.740125350015090111e-01
9.428272888374139571e-03,1.573838923392286426e-01,1.324317599920299404e-01,5.752172679499107932e-01,4.214271550562595503e-01,4.750009617341756085e-01,3.979063441024611736e-01,1.761380972410640233e-01
8.842724903377194301e-02,5.243017185754608178e-01,7.154353290925460906e-02,5.466813967437499366e-01,2.638617905387456442e-01,6.254794553481239916e-01,7.694538420381420440e-01,1.742679667204961869e-01
3.187583467807397763e-02,1.650317906740203233e-01,2.238016578828785907e-02,5.391051031923580483e-01,4.208685859257861317e-01,4.751900590437859728e-01,4.072071165180869423e-01,1.757399110367764972e-01
4.034048766609894809e-02,6.416670893800732745e-02,8.685334370114730640e-02,4.634688696608542102e-01,4.715777409771811368e-01,5.792241094386052502e-01,3.150922064970347325e-01,1.756915061186140603e-01
1.736211372252492724e-02,4.322108043003383693e-01,7.461046165381163275e-01,5.336554384259514228e-01,3.509091722419688253e-01,9.491595295010573086e-01,7.603698994313836668e-01,1.724713277246995857e-01
6.255496500265066151e-02,3.438934476531463336e-01,4.034257787655362582e-02,4.782782987435117428e-01,3.708804811187560446e-01,5.088507020438819417e-01,4.583632879699558460e-01,1.751674731142262298e-01
7.973008336484077585e-02,2.169972236665159981e-01,5.738303399319033549e-02,4.290815721099814906e-01,4.391319104859054967e-01,6.802310200791547024e-01,2.168631072427043560e-01,1.750312394585004094e-01
8.681151681855736602e-03,1.537018631411336544e-01,3.264514566226699999e-01,5.627787950535750872e-01,4.190620591851851873e-01,6.384893661268725706e-01,3.880954643817535743e-01,1.765056907322632429e-01
5.247583904868585725e-02,3.204070971573923510e-01,6.294003785890645020e-02,4.991362304056958799e-01,3.828959243940707746e-01,5.005700521284298654e-01,3.865253737197035244e-01,1.763556030236784755e-01
8.113631767668966210e-03,4.946276241354138348e-01,4.465800197711580766e-01,5.815901660056308486e-01,3.413270670752704405e-01,4.546060036241333924e-01,6.113582850768002341e-01,1.741367325290878176e-01
6.451842008748849555e-02,3.031085303611785742e-01,1.487727708491906053e-01,4.540038560295796000e-01,4.106584657603359889e-01,6.321383372047285620e-01,1.743560020488403861e-01,1.761589935051357803e-01
5.608785335209205691e-03,4.682541008918755798e-01,7.752722691130102817e-01,5.476744357468372737e-01,3.640612052929620424e-01,7.429386265714964521e-01,5.150689263497787440e-01,1.742590164996365154e-01
6.322706702901997877e-03,1.256069870331323057e-01,3.063498831948751056e-01,5.184536994531689924e-01,4.468082195158471492e-01,6.196949944919681874e-01,2.775972534550640303e-01,1.771938297747599200e-01
1.804244536971718119e-02,5.429750484104184372e-02,2.136140523514910017e-01,5.272096492599400719e-01,4.319192044833832234e-01,6.619864719583434809e-01,5.097809031836166849e-01,1.758881236844395124e-01
9.785482831653331826e-02,7.633263246228319532e-02,2.457808007958822705e-02,4.168874472969642531e-01,4.288918648412346490e-01,8.101681904073039231e-01,4.055364521175857107e-01,1.756166203814328308e-01
4.183566529765832265e-02,1.001442920675149617e-01,1.769929515968510780e-01,4.645569149557783883e-01,4.555503716698679484e-01,6.578808580437013331e-01,7.834205311743210887e-01,1.723087132918372510e-01
3.845980891814784752e-02,3.034495071400843957e-01,1.944105397895656562e-01,4.840466313327657644e-01,3.969982440368989840e-01,4.919961336564202536e-01,6.023930124765416450e-01,1.749139445769618273e-01
2.727090374067329612e-02,4.571777635990520450e-01,6.732189542778208580e-01,5.708361315971439698e-01,3.108680570963823220e-01,9.738196990637890682e-01,8.535018260882460961e-01,1.724672348259438659e-01
6.569391643767655276e-02,4.838449699269529169e-01,9.116251878271663944e-02,5.620527082245814210e-01,2.940235003693399962e-01,5.723780687040656012e-01,5.706406309672265031e-01,1.749375843641836070e-01
5.867108984259704341e-03,5.616999845919787848e-01,6.752317455839138560e-01,5.464305700612538397e-01,3.333889119297399617e-01,5.329103915147241910e-01,5.247779122808048369e-01,1.745296349380436596e-01
1.350206459160254585e-02,5.731045130836656121e-01,7.109381619942236608e-01,5.645953462363162423e-01,3.583317495278904308e-01,6.099670807420283225e-01,1.495361675275019286e-01,1.765156972556035098e-01
1.301869268124233314e-01,3.367084985708904687e-01,1.313657778755641381e-01,4.029663445133358501e-01,3.583489943321254700e-01,9.854047031900805553e-01,7.901789609487082089e-01,1.729613673383710026e-01
7.392021850577433495e-03,6.366588886860552465e-02,4.989843323564094324e-02,4.871281599061061396e-01,5.017239275585133607e-01,3.071914662889984049e-01,6.807192124084344709e-01,1.749225764987358545e-01
1.453505722080709606e-01,3.312829467689829555e-01,4.399784228087993965e-02,4.038895704761710226e-01,3.758893179551774377e-01,9.563795570830513348e-01,4.372411901011585833e-01,1.744032942961548649e-01
4.144389690302381635e-02,2.811168792336478095e-01,2.622306632299489237e-01,5.575731661890198643e-01,3.404417722815586411e-01,7.197853787903178979e-01,6.795440607379198417e-01,1.741893148655425938e-01
6.149932737516752845e-04,1.354048337564671411e-01,1.377050408868905895e-01,5.035960953985247901e-01,4.894410589633348962e-01,3.119220559274682447e-01,7.957312657226032204e-01,1.735116942787351957e-01
8.021143234710312320e-02,1.444741384808601037e-02,1.547934126997702053e-02,4.325527209865908107e-01,4.320506804333824613e-01,7.792420956383652175e-01,6.436858113551944260e-01,1.736183372968843064e-01
4.274842654035571760e-02,2.955618007723288532e-01,2.407533917197197670e-01,5.108211544115774938e-01,3.705761262390794286e-01,6.218251705935703422e-01,5.158328121140638434e-01,1.759546338241110008e-01
2.535073660949813817e-02,2.066294907883004517e-01,4.852291139877508153e-01,4.853069869865117569e-01,4.087518871603250670e-01,9.560555699813000352e-01,5.451198510294108512e-01,1.741459590849096517e-01
1.106531444714348722e-01,2.621463099509313555e-01,1.648885024372732933e-01,4.206996365048930042e-01,3.677812954710764082e-01,9.979094783303881222e-01,8.235789388703764757e-01,1.727364946775219456e-01
1.058827935958637778e-01,4.031749960444286351e-01,1.383848420327793427e-03,4.850491584002492584e-01,3.365094871153610501e-01,6.777822667397360723e-01,6.153843926991554580e-01,1.737858638505581366e-01
1.398706197548794244e-02,1.579937192267913959e-01,2.732703110470997565e-01,5.361806108057587394e-01,4.046800791171914491e-01,6.149852270440058222e-01,9.073093432751782039e-01,1.721673319512118105e-01
1.096085684065752908e-01,4.317630518377998383e-01,1.310425019263447566e-01,4.427562077423793374e-01,3.447270868545204703e-01,8.618281572889306963e-01,4.335125738921913330e-01,1.744704894738172418e-01
1.248424867669757216e-01,2.176710731425573198e-01,3.318084831816159319e-02,4.255869605216322515e-01,3.813870227645669297e-01,9.000093334774070808e-01,6.245977398570449202e-01,1.741218607596987933e-01
4.865942659172185769e-02,3.185020336217730397e-01,1.193872822550544888e-01,4.927810686278813468e-01,3.862904965087863296e-01,4.910816490367451159e-01,3.594316819708262001e-01,1.766271144923399206e-01
7.144409818067373741e-02,2.870714009447221660e-01,7.568454863762563711e-03,4.801034689639245290e-01,3.826538206101075534e-01,5.636034677766638135e-01,7.109014640930826356e-01,1.726143632728498190e-01
1.016479076545041549e-01,6.968487782491150639e-01,1.394541571557259274e-01,4.889332809519577605e-01,2.712178084245144838e-01,6.087289612865919297e-01,5.405671579950158678e-01,1.756857183066788397e-01
3.115167096211519937e-03,1.233473476741762664e-01,1.463516581586073173e-01,5.143002691083485844e-01,4.472641932076937832e-01,3.920914126344693384e-01,7.366519198435128590e-01,1.743521024038482692e-01
9.439728009487606541e-02,3.972223233352356053e-01,1.279246013276247873e-01,3.975201741429815749e-01,3.861300582777337231e-01,7.174099559257730574e-01,2.587375228983819775e-01,1.757002973307774663e-01
2.727337175980679845e-02,1.049805286164209872e-01,1.925951358739879660e-01,4.969621688457524500e-01,4.384092534101102778e-01,6.402532872544612896e-01,2.392426502053653925e-01,1.771352117863438380e-01
7.018507915563962363e-02,1.158136539438142654e-01,1.871971582389200806e-01,3.935526658329182581e-01,4.399365816781490302e-01,8.602499203155411500e-01,3.675165374824532205e-01,1.751316181094591806e-01
8.498834156015064312e-02,2.270005635000612587e-01,5.673447103117462698e-02,5.160663541148862166e-01,3.640622716884567289e-01,7.766102444070925870e-01,7.925426971031901413e-01,1.717129360308917996e-01
1.722268723804015744e-03,6.269770784695127830e-01,8.253055815387657645e-01,5.335841453369517540e-01,3.411335550861019361e-01,4.296191169240979324e-01,3.870431322506777128e-01,1.762687693091695706e-01
1.826361318305060738e-02,8.606194803883540634e-02,2.277083597903594159e-01,4.547831362008195599e-01,4.981620489091987958e-01,5.666071980739154634e-01,1.987674339428631143e-01,1.771969433682111794e-01
8.454734501347156705e-02,1.698703938598247198e-01,7.348445890896970756e-02,5.023208199946124219e-01,3.831657464807980418e-01,8.811512347132046674e-01,3.570666196866828512e-01,1.748048241992681551e-01
5.505375933269528177e-02,1.221106361855986422e-01,2.668285784029842400e-01,3.952731088159194273e-01,4.409124655754079192e-01,8.459280870945234954e-01,5.336546755638186257e-01,1.746674660020448300e-01
3.615824980888494855e-02,4.444316741565623730e-02,1.540929895788103743e-01,4.555307175360838734e-01,4.813607778537188908e-01,6.746907936826688212e-01,5.273460967649382658e-01,1.741999287394638551e-01
1.259176354842977963e-02,6.175825053184355040e-01,6.134741071358267295e-01,5.542230120323640152e-01,3.501907816158906783e-01,4.114152172572816957e-01,4.326978109911357451e-01,1.753344946042962593e-01
1.297640912622767539e-02,6.460215387223324779e-01,8.066502234407886274e-01,5.853982436548794688e-01,3.219914328170725981e-01,5.856614373631402470e-01,3.167072547149158979e-01,1.762848292033963871e-01
4.231033705755629648e-03,1.098271871197381844e-01,1.213203768225004642e-01,5.350474789964241307e-01,4.857041184875322548e-01,3.966701906720208060e-01,3.216076429681278270e-01,1.764702969508817054e-01
5.383990028485435841e-02,3.248019989637027649e-01,2.017144413034047123e-02,5.084419317112401915e-01,3.822344469416197321e-01,4.261010149373803402e-01,5.714849451806285341e-01,1.747549387430653578e-01
3.037577296109584407e-02,1.309662925950365875e-01,2.829133174886174773e-01,4.758126219449244632e-01,4.383851230436506818e-01,7.326857861614950451e-01,6.193895698475913036e-01,1.738454364070338709e-01
9.391100910770303067e-02,3.091391969553695662e-01,1.196545581923589008e-01,5.112238394233280525e-01,3.169795086129405526e-01,8.804338044460003898e-01,8.983090183267777862e-01,1.721766471934273179e-01
1.137898456808910663e-01,2.002602410540841593e-01,2.237806317235313536e-02,4.194680297811060332e-01,4.072952801700738257e-01,8.378533629715474440e-01,1.275544903925807105e-01,1.767411042902471696e-01
7.899400480138822622e-02,1.446044487532449907e-01,1.522868020734087779e-01,3.970877213397951966e-01,4.392913283041962602e-01,8.512451101619000760e-01,1.789740574870331558e-01,1.759774735540343138e-01
8.866845791556528245e-02,1.717965167554679207e-01,1.205335403820075035e-01,4.580783812765383822e-01,3.889873734677790629e-01,8.838031799717587234e-01,6.362778900517426228e-01,1.741397458105424789e-01
9.437529608208204690e-02,3.932289104213506636e-01,4.265612395674633905e-02,4.986072237794735296e-01,3.063743054894551010e-01,6.827069010143208549e-01,5.922820594879696365e-01,1.749323614068264421e-01
3.140184222460691565e-02,5.520079005811218131e-02,2.931540632823003145e-01,3.917192433860358092e-01,5.092247100971907248e-01,7.338129461822616717e-01,1.647057322732141671e-01,1.768001297838819319e-01
2.338719882884003620e-02,1.597949810360134726e-01,1.481672963445785918e-01,4.887227071336058271e-01,4.460792793922059851e-01,4.905356285567139540e-01,6.596251462976585600e-01,1.741041881394206625e-01
5.618649855975363372e-03,1.026982895095181481e-01,1.592576494809776477e-01,5.376066608754562770e-01,4.593560673852091214e-01,4.686718070778843614e-01,7.418867667632340623e-01,1.734942999975629674e-01
2.481608058584405460e-02,5.073162881373466382e-01,4.849354446556147780e-01,5.738784236838858632e-01,3.041818634401645127e-01,6.230656470634139410e-01,6.584041171231708178e-01,1.743803286317916201e-01
4.475010772307132234e-02,2.008758881981019262e-01,3.009041489250711687e-01,4.942250137228813567e-01,4.132975653282398576e-01,8.312684176970255301e-01,6.101158582336463354e-01,1.728477762733918177e-01
8.531222604300991996e-02,3.579997154631943124e-01,1.221449782963218711e-01,4.908718657154746978e-01,3.618969485329846525e-01,7.776178961302655512e-01,2.071244399057059482e-01,1.758171331325647235e-01
1.058696837262098900e-01,5.282327337627251707e-02,5.715618114491552437e-02,3.648467257206446379e-01,4.440551779223260165e-01,9.046355519866027262e-01,3.622637468441815001e-01,1.758706216534903499e-01
1.730245628074973327e-02,6.088356746375617190e-01,8.314327017775293704e-01,5.673667165140083846e-01,2.968502538984912342e-01,7.627105006946123256e-01,4.186224674041196803e-01,1.765121886201689860e-01
1.972452663959395336e-02,7.838692536352737106e-02,2.658654472723392947e-01,5.610353656543659584e-01,4.269201151758031942e-01,8.008106849624907486e-01,5.227460434931234801e-01,1.742659437271318335e-01
7.886074823258541755e-02,2.844503972065277608e-01,4.563491449415757462e-02,4.242678095348093592e-01,4.147651268718122175e-01,5.848666924952949930e-01,4.388222852026530951e-01,1.747144562024867953e-01
2.809591926177375590e-02,2.906054348831382805e-02,1.608897805210814935e-01,4.598454167303752671e-01,4.521362846963624116e-01,6.940488486421177994e-01,4.892717967803177359e-01,1.749254115246973162e-01
1.376446093231894346e-02,1.702942456533966253e-01,2.056019648344902251e-01,5.884326835902808917e-01,3.806935611151376908e-01,5.993467936778971161e-01,7.255884919599046023e-01,1.738968268834501785e-01
2.914069678594061186e-03,9.601411834885481555e-02,2.397554733746743161e-01,4.437303452949836191e-01,5.295921348711711829e-01,4.703903823955593033e-01,2.420108111424197905e-01,1.766141376696273024e-01
6.317629104434251130e-03,1.667667086821975619e-01,3.606570333916003790e-01,5.759016237180818454e-01,4.159688856893727915e-01,7.129072235455995443e-01,4.818659348336191139e-01,1.742662399146965857e-01
2.517763916793007428e-02,2.645158798192858152e-01,2.055102964970388912e-01,5.314404307789148962e-01,4.114499210697327714e-01,4.880753630413450228e-01,7.812523001153957036e-01,1.727448190630356539e-01
5.930199263139725174e-02,3.493012407975778499e-01,1.049128755222143439e-01,5.169468821599559893e-01,3.221291023205802850e-01,6.155198182166303766e-01,6.782094997166246975e-01,1.742005664738161264e-01
4.127947034989243313e-02,7.349150751186881436e-01,6.973351559731824079e-01,4.975317483972325205e-01,3.082336552309373756e-01,5.852324857907245104e-01,4.456137402527183822e-01,1.758516259884161936e-01
1.159833350351938130e-02,3.563499956281626080e-01,6.984585630254362965e-01,6.006248415002223284e-01,3.288503512697737996e-01,9.901364103392215066e-01,8.288337349362877582e-01,1.731236065879980524e-01
1.021918915898797908e-03,2.025212117003280798e-01,1.195072916871806334e-01,6.078151557565666385e-01,4.019669110462847361e-01,3.321187506955788904e-01,8.002198329087863993e-01,1.745811098093140445e-01
3.176471596356841842e-02,2.713709175831695575e-01,5.869040996604396598e-02,5.743978450177217310e-01,3.827769890647102491e-01,4.358830922614330694e-01,7.061832646223227261e-01,1.737543099183531947e-01
3.212287698562646399e-02,2.467077069170206249e-01,3.666715359369727700e-01,4.614654183685209521e-01,3.999442598021186734e-01,7.517043219212697913e-01,3.650843742161116179e-01,1.762956695695005738e-01
1.700166521194527991e-03,2.508414002353113736e-01,5.233397437594934365e-01,5.563004532127883150e-01,3.732115862023915320e-01,7.645891682285026469e-01,6.567683093151142071e-01,1.739944516333375157e-01
5.459173520475615188e-02,1.946267129450107713e-02,1.235244093149900912e-03,4.361384131996275393e-01,4.935038428000862454e-01,5.442683058558843712e-01,4.661362712998496916e-01,1.753773722383868139e-01
3.116560539575236044e-03,4.594186818944054895e-01,8.200754830994553268e-01,5.782147783027810073e-01,3.447763000242060061e-01,7.690666431407741088e-01,6.915987041961457749e-01,1.736878636661070563e-01
4.257386576568023689e-02,4.177110366242325901e-01,4.076863284984573177e-01,4.931711982037523256e-01,3.608490521655619565e-01,7.479891197723461671e-01,4.187791403891475417e-01,1.751491353115155469e-01
2.132423514336420634e-02,5.706764333195307737e-02,3.144996561439029059e-01,4.923108922861608172e-01,4.595834386429298313e-01,7.779113641733705897e-01,5.675633004374270874e-01,1.744299672666086154e-01
5.303773369276948424e-02,1.762043581601311359e-01,2.954063783171608781e-01,4.625920216853973699e-01,4.208834004070950430e-01,8.653739280344003859e-01,5.155854964225785597e-01,1.749292148462734120e-01
4.186392760075310221e-02,4.653891835383589526e-01,2.303060814457844330e-01,5.105650807048224271e-01,3.474060400388197523e-01,4.822517293417664108e-01,6.631850425773049285e-01,1.738242581234720197e-01
1.024835667868741196e-02,1.880656627322191132e-01,9.268905118317655178e-02,5.905215335149877065e-01,4.063239455469843109e-01,4.040423519501975536e-01,8.342675484337995773e-01,1.734630879402517811e-01
4.396191399715788928e-03,4.246577111996246989e-01,8.865567607049789078e-01,4.501067524390869323e-01,4.166501906047519466e-01,8.043474253820031006e-01,1.046925301194910896e-01,1.776190966315834285e-01
1.580849539677320337e-02,4.065665411912331439e-01,4.856242082571362584e-01,5.977731585522670921e-01,3.164232141908434048e-01,7.157217787529988051e-01,5.827468707547737159e-01,1.750558600216816640e-01
1.054646678804598142e-01,2.841435108300583989e-01,3.838345383447128167e-03,4.306709667093762683e-01,3.630614218472884014e-01,7.274948481346568130e-01,5.467095756438871135e-01,1.743063457407340866e-01
3.135816903064882200e-02,1.353596377719196719e-01,2.056682215744519149e-01,4.740046516211749439e-01,4.125762295036949356e-01,6.299029509460444265e-01,7.040843777187948405e-01,1.741096475261324494e-01
9.311656881127101937e-02,2.169972755223042171e-01,1.933021878030566354e-02,4.057137763107976913e-01,4.141620838272114247e-01,6.873328316322920850e-01,4.952413002832919409e-01,1.738545062331569857e-01
4.108442582686901157e-02,2.654855265904541017e-01,1.556821252057000171e-02,5.119513781778420869e-01,3.920957200514292307e-01,3.990829549535180876e-01,6.596850393342569285e-01,1.743193859051234973e-01
1.039986063597200389e-01,1.004911443783867986e-01,1.331921045760786904e-01,3.793416450780224269e-01,4.439453841590320637e-01,9.360217141116313755e-01,6.666611783237821331e-01,1.731661482138527053e-01
7.002025892930820172e-02,4.080577183010467013e-02,9.761497572583691107e-02,4.342504755574469466e-01,4.630580161171173881e-01,7.709851586984337590e-01,6.897892054440636356e-01,1.728676504508336320e-01
2.029332401867225619e-02,2.671310748136767055e-01,5.452429404490337639e-01,5.339754173161838091e-01,3.700593952355661354e-01,9.606372889370751178e-01,6.339257749704289013e-01,1.741333251788820813e-01
2.217737883709666041e-02,4.155535102529263614e-01,6.850451459495248141e-01,5.370799910809921363e-01,3.423748333689223822e-01,9.124323258729633013e-01,8.187297501395183197e-01,1.724142074351684428e-01
5.570621391711987058e-03,2.739231971400084009e-01,4.760425643078561309e-01,6.005841330332859496e-01,3.862511824621502332e-01,7.700293233106800805e-01,3.597837928533015317e-01,1.751634105234156635e-01
3.607887791141444617e-02,2.571150994261481859e-01,3.829535626784464353e-01,4.480492576134480487e-01,4.240449840943990023e-01,7.789068447545860474e-01,3.483390639075676920e-01,1.753482610153258014e-01
3.740086184607319120e-02,1.663829270033970187e-01,1.689740092792944015e-01,5.233818417192234174e-01,4.112885255263080131e-01,6.451077867229985108e-01,7.564863821162632895e-01,1.719092895761539785e-01
2.143902355340489285e-03,1.063482479825449134e-01,3.485463237830029870e-01,5.250487591339548787e-01,4.205536206731814719e-01,6.703228117905577488e-01,5.928806216011333063e-01,1.752732070786582885e-01
1.855274225905218649e-02,5.960847764726455722e-01,9.127962321813580804e-01,5.375177258192930241e-01,3.340721680443150543e-01,8.123865352954158237e-01,4.812285507341164115e-01,1.750261574170473011e-01
4.433254930689620177e-02,3.825625980788103786e-01,1.170212548770753480e-01,4.460627932114086258e-01,4.108189325868236708e-01,3.603157253246060399e-01,5.142466060319862420e-01,1.755742063056154600e-01
1.909222103972293277e-02,9.415021460672245990e-02,1.822082392802720774e-01,4.495780160188692087e-01,5.037490789544887271e-01,5.075675986284822194e-01,4.067037394457734267e-01,1.754966297085102100e-01
5.707047259765471448e-02,2.220697056233558730e-01,1.370640928394630809e-01,4.302680276960977879e-01,4.427761254055347373e-01,6.506684314513737633e-01,1.585391831565433063e-01,1.759704602996653711e-01
5.464848156582334526e-02,1.034295478883839881e-01,7.601349274580904147e-02,4.379347875676777857e-01,4.207822841390902457e-01,6.392864497884606090e-01,5.889247296346430405e-01,1.751149727872717832e-01
4.075149800277513140e-02,4.110012618290513897e-01,3.011263903950099352e-01,4.801289489921223841e-01,3.847902330751467037e-01,5.507161958165129878e-01,5.238865970377076797e-01,1.746075135975433401e-01
5.856849007095894788e-02,5.886004290350732582e-02,1.533435039473959038e-01,3.973037751132769135e-01,4.550345293447803363e-01,7.593846703243524177e-01,4.382473822488435200e-01,1.757014280657052951e-01
9.525309134282050616e-02,3.135912475803829258e-01,1.564011306673442070e-01,4.257014876952719962e-01,3.737731626635824034e-01,8.524340809148746034e-01,2.289914105470611250e-01,1.764310712216494437e-01
4.110369792620328921e-02,7.465243804097687619e-03,3.037332805311835915e-01,3.874767279290795008e-01,4.868308026443347591e-01,8.708506960030004684e-01,5.712607951333754652e-01,1.744749089460364000e-01
2.841735608931884524e-02,1.033208328841964119e-01,1.026082655744359196e-01,5.115186705208872864e-01,4.551858926749949852e-01,4.924795492095866978e-01,6.070322846935475303e-01,1.748408754063600912e-01
7.550806118015264412e-03,8.336513712880597171e-02,5.875680960440846090e-02,5.876280146900665358e-01,4.257454463845390946e-01,4.201142788449339638e-01,7.540105733332129745e-01,1.739855495271319941e-01
1.088454686809102456e-01,4.477503731187898461e-01,7.176386289472028168e-02,4.297550799591359771e-01,3.533500227651509840e-01,7.083047482546561691e-01,2.770635711402221757e-01,1.758260753130209686e-01
2.163948158098118538e-02,4.549240339141541467e-01,7.004851730057606307e-01,5.164027590292972203e-01,3.841491321966819528e-01,8.485010272105755202e-01,1.195759679519988183e-01,1.768719686990953832e-01
7.954158595672020104e-02,3.810380827572877882e-01,1.424033893964491981e-01,5.198609082139025173e-01,3.392040678563984502e-01,7.279042820949528370e-01,3.756951600429321303e-01,1.760479768729625027e-01
8.680180012142837964e-02,2.774213245068299361e-01,2.000522974641805174e-02,4.684528632891867272e-01,3.501253326633604335e-01,6.710286793338494649e-01,5.291363067368582973e-01,1.758323034162611043e-01
9.757204158111980330e-03,4.297504112855349279e-02,1.723282010651305818e-03,5.753552880076187037e-01,4.506135452302967304e-01,3.746036080554400183e-01,9.132749635329074911e-01,1.732086388610987460e-01
3.290124858207010838e-02,1.256758279343050400e-01,1.743363966815049404e-01,4.214466530670592515e-01,5.013916061661178869e-01,5.233391879847467676e-01,4.737454569504825908e-01,1.745257135554507122e-01
5.985340012159563738e-02,2.167315731870523010e-01,5.346855619748158706e-02,5.442385904183217882e-01,3.876625771613677607e-01,6.048172578478799855e-01,6.534621020980867501e-01,1.739560328958106028e-01
9.374096084891613001e-03,4.590769070728906165e-02,3.566243438373157826e-01,5.306132623331923925e-01,4.232552714100384916e-01,8.268198064254629331e-01,7.164695512256336052e-01,1.735503091952318167e-01
1.860548339451193606e-02,6.569820755005959523e-01,8.252531945701474525e-01,5.703397497875613009e-01,2.955486000905247490e-01,6.328782392854263028e-01,5.236543772190080936e-01,1.756513333509352182e-01
2.666955423603609501e-02,3.245102834097777222e-01,1.072365978549025545e-01,5.294305313849040351e-01,3.829311431820260347e-01,3.557422624650155019e-01,9.122137786792012815e-01,1.727183668244016146e-01
4.754177767525215315e-02,7.154348459671655558e-02,3.132977348293033981e-01,4.583947068741694997e-01,4.499207630370615218e-01,9.737767498055504012e-01,7.253497425801312959e-01,1.722099052902631988e-01
5.955979738746208091e-02,2.784701550471083142e-01,1.766656838941732810e-01,4.936713944177275049e-01,3.709244577436296431e-01,6.992999707894714811e-01,5.309945101064001971e-01,1.754442702645149232e-01
5.550121580649946401e-02,2.303197257998384206e-01,1.950628969695860082e-01,5.501539111667297366e-01,3.710118615539808040e-01,7.692815227772270559e-01,5.506819748300764150e-01,1.747116528072147623e-01
3.555183951646412321e-02,7.592940666870873212e-02,2.086034814667700743e-01,5.137603491066706773e-01,4.135237696693623288e-01,7.884690744946913910e-01,3.795329707891979543e-01,1.767098003891593994e-01
1.379999883346881562e-02,1.807199658577083312e-01,2.108901654171255746e-01,5.238388504205510054e-01,4.322096220586249538e-01,5.038011198340454078e-01,5.862754358215597206e-01,1.741574885197026412e-01
9.370820964699412559e-02,4.667509075284614894e-02,3.305370540337448926e-02,3.908939411680620868e-01,4.513222423199930722e-01,8.387805943266271047e-01,2.145364428448955918e-01,1.763886910720957879e-01
6.935027017032388552e-02,1.618201299355423450e-01,2.474441968767356059e-01,3.900996824229604476e-01,4.407335496520132234e-01,8.514544848726768311e-01,5.192091501086897321e-01,1.741483170124148994e-01
5.162075174192140570e-02,2.960055117387638823e-02,3.129657007758029907e-02,4.817972587855252065e-01,4.711062223504003388e-01,6.114324853696725404e-01,6.503393967880590765e-01,1.726218870117490756e-01
5.770872567165501177e-02,1.552565884691969045e-01,1.247974261074640823e-01,5.233104602862590493e-01,3.907289566420568128e-01,7.986317534800209117e-01,3.054837242650872975e-01,1.755680763339237116e-01
5.849601371992627780e-02,1.635739077660195995e-01,5.557051966342052562e-02,4.596074238426796632e-01,4.453649657544228591e-01,5.626383599790224510e-01,4.136140554827522076e-01,1.756644394837629519e-01
3.844226972222662686e-02,1.150360702121603906e-01,1.549063991496795745e-01,5.335427623506341366e-01,4.145899393799924448e-01,6.675653826245078193e-01,6.068381734143752926e-01,1.737728956100476063e-01
2.422259861834400591e-02,1.833737819824978188e-01,1.426952551608151598e-02,4.957885500016629421e-01,4.468977259127875357e-01,3.378965115605004343e-01,5.022603460886753135e-01,1.757552605185337125e-01
1.017659795089419228e-02,4.603643788502247980e-01,7.981008765413193373e-01,5.338801915315883884e-01,3.641240704077153278e-01,8.657061226733002712e-01,3.676575093941790162e-01,1.753264741638491941e-01
9.342393917345634402e-02,2.346848753111141495e-02,1.236248106278642345e-02,4.401262987755335532e-01,4.607173212339613633e-01,8.238254137205860417e-01,3.886878416115396861e-01,1.743367904544549374e-01
4.616069331318478630e-02,3.329492192136571105e-01,2.022206830281243761e-01,4.587665052683218003e-01,4.238406866908882020e-01,5.440746336662110050e-01,1.341142387382588952e-01,1.769863473161820411e-01
5.493838060818614921e-02,4.236028857104968126e-01,3.095645181739841156e-01,4.583762749243898704e-01,3.725959651228674119e-01,6.718355056209768250e-01,3.315267348729167840e-01,1.756721049791838685e-01
1.622482224678190033e-02,1.104077728421782312e-01,1.560053210383144096e-01,4.897282482295934880e-01,4.851955319169403702e-01,4.458407175741229134e-01,4.277265856648528319e-01,1.760148677138944351e-01
5.600923677101248693e-02,4.092313166750167763e-01,3.000070679915436411e-01,5.205512977945343511e-01,3.178043424280220797e-01,7.648752021685928382e-01,6.277154915807771074e-01,1.746628799275773969e-01
9.629702304850984440e-02,2.878416425275871493e-01,2.679725477283068091e-02,4.879778867261497788e-01,3.746643359171145660e-01,7.248207759042537557e-01,3.906324709622725488e-01,1.744959755004096280e-01
1.387144802859361370e-01,5.633550856209438296e-01,7.081390582904828479e-02,4.454240089528629376e-01,2.898586541503749281e-01,8.237365759847639080e-01,6.320855567929885011e-01,1.750728884997811985e-01
1.172186056771623575e-01,3.134696022607843524e-01,2.463281427036462246e-02,4.743529541140691919e-01,3.400934247901057361e-01,8.516626584044528769e-01,5.304384307097746998e-01,1.739295316854960194e-01
2.963284428540162094e-02,1.981680316057002900e-01,3.215198229449222622e-01,4.820696809983472941e-01,4.135211844541708537e-01,7.370391335128658739e-01,4.281402063443930928e-01,1.756913486447438111e-01
6.142731961632334065e-02,9.662290274890050767e-02,8.423845961357256940e-02,4.302364729326315085e-01,4.546231125465804990e-01,6.538863262088765449e-01,3.080641699691389901e-01,1.757967373276271283e-01
3.722517346042508724e-02,2.457000733325309105e-01,1.558650739017645170e-01,4.562991765162208724e-01,4.170411835038996262e-01,5.319103416000562357e-01,3.092054324536016585e-01,1.765201842802440746e-01
1.429560485377355528e-02,3.082717199433611110e-01,2.817410131854050093e-01,5.279740922388033164e-01,4.026965568222694580e-01,4.426973085119862428e-01,5.668011877789412845e-01,1.753235917171081515e-01
8.192630541707454639e-02,4.667981257815291829e-01,1.110613408401560920e-01,4.947357877706292095e-01,3.113959794542612292e-01,6.321045398743425636e-01,6.456460655327461717e-01,1.745265307825555334e-01
2.337605248239371311e-02,1.014855385499968954e-01,1.674688508542074850e-01,5.528015502894095823e-01,4.419309984941134917e-01,6.110100203807019570e-01,4.074531172352731101e-01,1.753881178345741421e-01
6.214769964498308152e-02,4.187348608770171121e-01,3.692469150169797043e-03,5.770516976865154302e-01,3.103328940930700774e-01,4.546774686948759636e-01,9.796826211140307050e-01,1.719167373880013394e-01
8.634843915608203524e-02,7.165564244502425906e-02,1.041094464169073641e-01,3.615244854420042175e-01,4.652368296787304236e-01,8.089864128117301156e-01,4.557229243723251444e-01,1.750909699858254065e-01
4.141790319319882396e-02,2.234284937254751857e-01,2.209108682809922675e-01,4.841667384141698505e-01,4.160959443927285673e-01,6.556219353396491867e-01,1.827916725510383422e-01,1.770943220186699252e-01
4.611742583579242494e-02,2.696003625799754388e-01,2.502103376782200961e-01,5.210676815324101208e-01,3.547979636108239410e-01,7.747812300075636038e-01,6.564670884508189141e-01,1.734655804342930818e-01
9.600320231694450812e-02,4.906412563506340474e-02,1.110444783155995763e-01,3.414919208639185522e-01,4.931373779912077704e-01,8.574535333826258654e-01,2.411755439296190962e-01,1.755889672460905770e-01
4.251070985012505438e-02,7.754669662490226711e-02,1.562741253905131078e-02,4.991181934388269625e-01,4.880923479475307580e-01,5.096885882456567707e-01,3.941131407299813816e-01,1.748341440278541048e-01
8.707616154917481588e-02,8.613398471845279403e-03,1.511758530095418385e-01,3.432833743395882209e-01,4.828467471878119532e-01,9.239534345686062355e-01,3.357604086965750856e-01,1.757888906692361419e-01
7.592411525662719207e-02,5.523740356594968315e-01,1.230042988166257789e-03,5.013313756516700748e-01,2.952700709979191318e-01,4.195921639577605555e-01,8.178799769030523636e-01,1.735878043439594565e-01
4.172927075214615672e-02,1.719724117226734128e-02,6.342405106767814993e-02,4.877796682568480979e-01,4.657856305342423231e-01,6.391633265038659806e-01,3.831484264057749556e-01,1.752755051963600097e-01
1.447961207412164220e-02,3.662045240355721321e-02,2.476661001764574599e-01,4.389234488327593553e-01,5.199774085945120250e-01,5.813740652843969459e-01,3.523716372618886927e-01,1.757190194050489152e-01
8.617338112521481797e-02,3.063820548959685364e-01,7.330554658808355328e-02,4.900270589837972812e-01,3.486521913055917743e-01,7.338726235487876837e-01,7.490925204461640341e-01,1.730986352183876698e-01
4.415356347425624522e-02,1.426903686026719520e-01,3.558116012442225085e-02,4.758949423830995951e-01,4.871468907401346748e-01,4.777629807549808039e-01,4.114306611008106684e-01,1.745232521526132174e-01
7.488951007358655987e-03,4.806723008948131648e-01,5.766693625603953599e-01,5.148994563582538486e-01,3.923732694477478633e-01,4.744147079627976105e-01,2.210449538567206273e-01,1.767823574136576648e-01
5.308761019471799208e-02,4.567359853321211194e-01,4.638501541737986567e-01,5.368609455206468928e-01,3.061465157526141456e-01,9.129881006518394404e-01,7.645999929282091268e-01,1.735895272828503755e-01
6.200503551045084133e-02,3.565298406906882711e-01,1.859714557994145701e-01,4.397363089154519011e-01,4.078441547938996825e-01,5.733621809973773464e-01,5.109967742542878000e-01,1.745315193298878909e-01
2.819935960305581385e-02,1.553077253596977791e-01,8.362950807304217471e-02,5.439471041923434891e-01,4.316048628845384760e-01,5.427497898721911351e-01,3.139224829402265105e-01,1.758049197399371710e-01
7.068030768165867173e-02,3.244673859378894853e-01,1.848561046780539951e-01,5.073333495641364488e-01,3.450263519872919238e-01,8.209231704226728210e-01,5.900714710563464971e-01,1.735402398694065873e-01
7.175152737051135321e-02,2.669107497830096598e-01,1.279794676873806103e-01,4.366135380009996125e-01,4.082112476494380582e-01,6.754177657797726386e-01,6.071139215904876041e-01,1.736683702491155501e-01
1.190191938176697606e-01,2.839933233764637688e-01,5.332398194021423232e-02,4.673145899495979583e-01,3.636518121522774316e-01,9.098338452263096121e-01,3.445465035382881958e-01,1.752015649448321888e-01
4.175631029674351652e-02,1.443025864373531364e-01,1.641972097882269388e-01,4.640905966889903311e-01,4.104247375271476428e-01,6.841994510232707327e-01,6.832650081476320247e-01,1.733298892623650334e-01
3.960568771992251103e-02,1.446039548571279587e-01,1.990049618458787362e-01,4.652659747787931677e-01,4.583232781821979240e-01,6.655550319529974779e-01,6.584122240625922551e-01,1.723185136789270322e-01
6.331832479672358516e-02,2.756150742984102564e-01,4.627008961848438906e-02,5.048410468082722424e-01,3.658772145924054087e-01,5.531418879931611077e-01,4.937404953634865201e-01,1.758094325497794597e-01
6.204039057772704063e-02,1.406485229499565559e-01,8.093360024548482134e-02,3.978057468454950785e-01,4.817942218909354590e-01,5.966214896425310332e-01,1.977022585244854747e-01,1.760723227794364076e-01
6.007914321769554367e-02,3.170979121746963503e-01,1.588183003255308201e-01,5.251820149243165980e-01,3.595801243581678297e-01,7.107115007721175326e-01,3.008063480388535327e-01,1.762009777972088631e-01
2.047906771008019960e-02,1.852350178571938732e-01,3.600977221904489434e-01,5.217598247357598806e-01,4.250085159226562603e-01,7.049905659082481568e-01,7.527077525013592396e-01,1.725694462246927519e-01
5.721061819695655998e-02,1.593470222051381058e-01,3.350047446648679594e-02,5.114467255193883011e-01,3.866967354141770952e-01,5.928184502937183797e-01,5.799750647173063101e-01,1.753780525091873377e-01
6.157780745860206434e-02,4.475495154260019648e-01,1.360937220604186981e-01,5.596701796599699019e-01,3.176181391581354707e-01,5.761879538839677073e-01,4.159954628356394846e-01,1.759629589472222755e-01
1.810704337104845907e-02,2.709749039010954652e-01,7.575955389239719118e-03,6.036308908145556762e-01,3.896773275970833450e-01,3.244418206983418207e-01,7.906097688155735437e-01,1.736486165831581663e-01
2.469200243354699106e-02,3.034090830390666071e-01,3.619065960566616447e-01,5.633698437857969088e-01,3.764021028381983047e-01,6.889072864687129094e-01,3.379120758220041099e-01,1.764110859577098234e-01
4.072364358308649263e-02,5.842056121956351600e-02,1.663700037414376776e-01,4.977226086486279399e-01,4.263525367921217613e-01,7.582393208268274343e-01,5.400974550584339839e-01,1.739554521858926450e-01
4.024283428118598238e-02,1.941144019513336982e-01,2.378685539049259501e-01,4.579686805691345897e-01,4.670284336664877745e-01,6.789183415240789277e-01,1.627812843666449627e-01,1.757758587178966103e-01
4.215481194698780104e-02,1.619816179825399050e-01,2.044018022187487627e-01,5.452950238663706317e-01,3.676179195594060922e-01,7.670059001770785923e-01,9.664289364920375380e-01,1.713788604020036188e-01
2.126547677095108613e-02,3.277148021110903864e-01,3.828620257482664435e-01,5.023648784157317415e-01,3.981832015443790285e-01,5.738099747678671037e-01,5.754121176674094063e-01,1.749387052162520995e-01
6.007532954223830657e-02,3.007477396896461874e-01,1.155527413532181913e-01,4.960147524741996827e-01,3.937953365005261719e-01,6.181614423687227244e-01,6.083351586171437120e-01,1.728682005522489129e-01
6.030230251576028377e-02,3.811017370505788704e-01,2.098153785748231859e-01,5.741131952761565627e-01,3.033548124980307015e-01,7.321539525642114521e-01,7.550181855172319878e-01,1.737354573084226028e-01
2.612764694025613080e-02,1.312579642488956311e-01,3.292172761034377615e-01,5.154406604099792677e-01,3.966951816579079582e-01,7.942573947681813573e-01,8.126692853360933944e-01,1.729004157927415408e-01
2.402430843611351452e-03,2.100577070010534453e-01,9.675972565294257977e-02,5.342615316247228963e-01,4.846968004847579947e-01,2.213848977401968732e-01,8.144392076683870663e-01,1.733206353790394116e-01
2.720911699860457597e-02,5.279967361344370946e-01,8.331728735512494710e-01,5.052962700143048824e-01,3.466013708944658545e-01,9.294924229549271777e-01,4.536494882267129714e-01,1.754613383699253903e-01
8.802294236805230376e-03,4.116240978624585156e-01,6.688806676194504197e-01,5.734362366082642604e-01,3.697603051356563864e-01,7.683222974748309397e-01,4.420936534329003020e-01,1.747490031993814696e-01
3.209691841851138039e-03,2.232662756038855112e-01,5.043158762807562479e-01,5.152043551431373380e-01,4.458831793779107766e-01,6.992966430239713205e-01,5.576994347212401726e-01,1.736128695435054936e-01
2.381265368125402501e-02,1.635783501613186086e-01,2.796907602188472564e-01,5.383731191718283959e-01,3.840361470377562925e-01,7.044062424819854673e-01,6.093694468463877190e-01,1.754567684611267053e-01
4.743828299124616676e-02,6.428076301760717870e-01,5.535994968206463529e-01,5.285045876382267194e-01,2.755436334653200148e-01,7.145224667174308042e-01,7.091463942659711472e-01,1.746092126326264926e-01
7.987327260082593972e-02,2.746858794796039893e-01,8.883680157041107250e-02,4.029347073281583924e-01,3.913225476544926473e-01,6.628598175834006234e-01,4.386822347135007627e-01,1.753263631736427519e-01
7.924321704078134132e-03,2.816720054607770862e-01,5.452193588992750861e-01,5.879247659982953511e-01,3.790126698825376228e-01,8.289355279276944266e-01,3.705286970764158916e-01,1.759851021623672629e-01
1.517561496167267598e-03,4.744874742338449636e-01,7.814893405895042555e-01,5.448354492843486829e-01,3.522829947617812651e-01,6.864255196627419009e-01,6.267406663512490317e-01,1.739812736284995776e-01
8.904268504035088572e-02,5.155287090166937869e-01,3.552498806005524590e-02,5.340920213131412631e-01,2.875057781359873776e-01,5.606903596297814207e-01,6.904961143283701031e-01,1.746296496083857008e-01
7.349755326477905304e-02,2.689269713462001388e-01,2.881508406287011659e-01,4.579586269061957093e-01,3.696632544052562697e-01,9.499247315992314089e-01,8.781181963863557982e-01,1.716885107006156375e-01
2.196163317231675238e-02,2.343618896890033998e-01,5.472133988815186534e-03,5.528973506259144965e-01,4.493001904499781540e-01,3.387454833738377524e-01,3.618597782791846962e-01,1.754289320081456882e-01
5.499511989508249626e-02,2.981472837899246664e-01,3.989830796700096216e-01,4.323752697976577242e-01,3.983298688846531599e-01,9.061342261099680773e-01,6.470542596999740992e-01,1.732613662505561869e-01
5.144820270437754084e-02,3.122685877853396685e-01,1.277048031587218468e-01,4.661193664412613402e-01,3.933246050524384918e-01,4.773825907285819126e-01,6.720638005748457156e-01,1.747295719677559034e-01
8.309342498593899617e-02,4.301013080479858530e-01,4.331472387313350936e-03,5.620229341018785352e-01,2.945904123530181384e-01,6.006762679089923118e-01,3.372041281027975401e-01,1.767229104576315823e-01
5.868783292408104313e-02,4.755287204782751576e-01,1.804901293676971497e-01,5.399494441551786483e-01,3.052072740937457618e-01,6.106730241503262047e-01,5.709261773722329458e-01,1.747637232487592729e-01
1.131943469534908708e-02,5.971977955789794512e-01,8.091160199249129992e-01,5.691188857322636574e-01,3.048340392152781853e-01,6.472521091165561735e-01,5.679125551245467474e-01,1.757934269784612868e-01
1.000907064994394080e-04,5.637557701123872000e-01,7.813841993767216554e-01,6.332339654440319876e-01,2.788284294298191690e-01,6.771210671973025841e-01,6.460298426484746281e-01,1.747540715239497833e-01
5.896183683131786535e-02,3.905536599947176946e-01,1.246224587520817495e-01,4.511605239414295809e-01,3.811148473463147890e-01,5.260199499433020343e-01,2.754885638492500233e-01,1.766276210864656249e-01
1.165999439194514292e-02,1.843781234166363414e-01,3.134946276000686871e-01,5.213845085963759729e-01,4.625130416824706492e-01,5.810524086681805311e-01,5.546858429532564028e-01,1.732929012654108314e-01
2.032250713107923434e-02,4.637641719702071952e-01,5.344490119445517440e-01,5.466537295040698741e-01,3.431109891856162775e-01,6.798520760905527593e-01,2.407931153967409199e-01,1.772651841145666263e-01
3.699559564088656521e-02,6.167917393902475620e-01,7.723100764493644466e-01,5.350070744966827219e-01,2.892370807553344969e-01,9.211211353858766993e-01,6.521673734156876456e-01,1.744043551804187187e-01
3.276126398226954922e-02,2.834405855546424102e-01,1.817448660954115724e-01,5.376572233378913435e-01,3.474732906448229630e-01,5.480744008025942859e-01,6.965298715780816607e-01,1.748809703747698507e-01
6.178867812153066019e-02,4.647960055615718566e-02,7.811906675961369229e-02,4.657474763921418126e-01,4.268271597850927801e-01,8.069892683978245884e-01,6.547279358064220789e-01,1.728217493170444152e-01
9.776976804162576529e-02,1.416947967599858360e-01,1.416549276866407858e-04,3.770541023326481889e-01,4.491961164274579366e-01,6.821862683823332052e-01,4.678057878124231017e-01,1.743035863425739795e-01
8.689628689353545710e-02,8.513261872073615844e-02,1.708385977878763007e-01,3.814120200554664830e-01,4.550788750904108948e-01,9.436391958217271725e-01,6.761441859242338648e-01,1.727004797135011926e-01
4.158445891886286550e-02,1.797962619342262647e-01,1.705602075665098860e-01,4.843195831808559393e-01,4.289406014557041180e-01,6.499393826533169660e-01,5.219675534580782150e-01,1.733838785951384853e-01
3.336851380143487922e-03,1.366173737313621794e-01,1.270080885501229662e-01,5.214599359951677116e-01,5.096604003038305297e-01,3.264687400395384631e-01,5.970624653654036385e-01,1.739416380511812077e-01
7.186889243336906652e-02,4.122600653904884282e-02,1.290022904924281733e-02,4.565436457167689199e-01,4.180617018957947795e-01,7.326566334008679515e-01,4.268131057509241266e-01,1.759415236857702902e-01
6.584368565829966380e-02,4.016070713411840076e-02,1.765590092368374553e-01,4.680238401816482208e-01,4.289696846683728193e-01,9.630506971071014499e-01,4.784572195581340281e-01,1.743895642824177528e-01
6.003210223528255424e-02,3.187946534085656092e-02,1.025071493335102946e-01,4.818018103531976903e-01,4.453174992520652631e-01,8.094921452620511548e-01,3.029530976849642565e-01,1.752549220787257556e-01
1.644512138121451139e-02,5.133423031329820141e-01,6.073098383473647388e-01,4.919083084066377953e-01,3.631604241270264821e-01,5.455343353411460372e-01,5.379745298191689340e-01,1.747460454826679221e-01
7.037975876819693721e-02,2.834728945767497343e-01,7.365705368708710954e-02,5.783914206206024478e-01,3.167515250579233110e-01,7.285794235080629289e-01,8.126006460020380739e-01,1.727476504516469724e-01
1.329748057809627265e-02,1.760561753694579179e-01,1.700602008587145386e-01,6.146618008572970471e-01,3.809250443265068675e-01,5.654861290652273276e-01,7.133304416439522067e-01,1.736926070751932116e-01
1.436059671614586808e-03,2.314620839495215854e-01,2.097971167376061763e-01,5.965731158062170802e-01,4.204297046229568124e-01,3.741914762757267421e-01,6.418231928125737173e-01,1.749621583092027255e-01
8.556983106112944770e-02,2.976358179353059130e-01,4.711025952780351078e-02,5.562289174836354544e-01,3.405519447959068358e-01,7.545309157470698747e-01,3.866301386428933062e-01,1.753530342426796451e-01
9.871084696661402980e-02,3.749827877533948861e-01,1.237268280024370060e-01,3.908895334289442802e-01,3.880302277117119725e-01,7.416182045429862146e-01,3.656217050786698675e-01,1.753781967369556216e-01
7.760056290316355576e-03,4.366599997468646466e-01,8.417242886952920333e-01,5.193699631961176122e-01,3.845197990874189564e-01,8.329618724171390376e-01,2.150017661202276997e-01,1.765782668940074629e-01
7.257446760864504076e-03,1.282016895551013613e-01,4.234558304846550159e-01,4.706843286384600478e-01,4.823653390821932008e-01,7.229801456455010600e-01,5.205132181150262660e-02,1.773516322614113461e-01
4.679759141341803541e-02,2.910233830840407432e-01,2.097299239210600463e-01,5.486425347758231430e-01,3.495150226955390238e-01,6.755826975942922363e-01,5.855814378500934225e-01,1.753256884606783916e-01
7.860650340767527666e-02,4.019676937823040141e-01,1.409843451278427195e-01,4.890034867286074949e-01,3.419006900897053058e-01,6.831713137743066211e-01,4.230272047434819327e-01,1.759016368874585512e-01
6.817140229106344318e-03,4.324041007281681503e-02,2.439386342574400568e-01,5.271449723308776480e-01,4.439775698979453455e-01,6.814995849933301875e-01,4.898200674199519877e-01,1.756551369513634775e-01
5.980941439807777038e-03,1.803742784828223644e-01,2.355265690814365986e-01,4.987711101713807049e-01,4.401565716108659099e-01,4.635755794442564803e-01,6.926756170605222751e-01,1.736034738296858559e-01
5.950603784208789715e-02,3.094250648831396999e-01,2.527659225013683120e-01,4.722794147867712122e-01,3.511417834217746559e-01,7.976686835156326927e-01,8.473500043221586786e-01,1.719775006772055193e-01
2.821396179210775013e-02,1.969183178294836856e-01,6.226437397762812909e-02,5.363948233118236431e-01,4.163432721623441246e-01,4.614499116851110694e-01,8.137278483050175426e-01,1.718263168610726088e-01
9.073716913562868136e-02,4.124186027159077450e-01,6.349850336791176830e-02,5.012503100465143246e-01,3.499549481276472696e-01,6.848837474182516427e-01,2.281463013778857740e-01,1.758813900023411814e-01
2.067267165586410271e-03,5.994797792340549325e-01,7.656225077650131716e-01,5.821421450910957418e-01,3.201339270615523036e-01,5.704224664765908948e-01,5.663843666192076576e-01,1.741171904664033099e-01
1.464901938664704001e-02,4.874924010069694447e-01,5.553758168308829957e-01,5.676957604486653208e-01,3.115621044365132208e-01,6.387008846805222184e-01,6.779732508786080469e-01,1.739422621442872907e-01
2.122418517581887293e-02,4.994510058620883486e-01,5.184397853824279645e-01,5.779332999810737892e-01,3.290699981942564745e-01,6.433912970086673733e-01,4.810019613776833625e-01,1.752487293535580359e-01
6.606697407347519868e-02,1.753281939804682277e-01,1.030061702989676919e-01,4.366100610285213457e-01,4.276984590642831097e-01,6.393106887191528642e-01,7.251384576028533369e-01,1.729027662998462722e-01
3.279215880094772662e-02,2.161691530588072396e-02,1.240477512923858217e-01,4.379459235219448354e-01,4.841873243682364159e-01,6.463184547055286222e-01,1.358179132634797504e-01,1.773447091157585587e-01
6.524596151493772256e-02,3.174030077572892461e-01,3.148900515017921675e-02,4.855917916203352780e-01,3.882180173071105300e-01,5.568482556142401174e-01,5.084596730037522772e-01,1.737504634490409650e-01
6.378964493605714103e-02,5.150482560975215840e-01,3.994596239760493939e-01,5.010970701681372041e-01,2.967071013463329354e-01,8.360425310140803257e-01,7.289654811595580597e-01,1.737411696444890463e-01
6.664453086387983616e-02,5.001539277400784966e-02,2.639321412776290954e-02,3.871156646407320490e-01,5.001926944449420764e-01,5.763512631895880700e-01,3.890118814475445608e-01,1.757058934216409185e-01
1.806410709981660923e-02,3.971709482477547293e-01,5.323779643343860002e-01,5.179806790111517456e-01,3.812710068885825643e-01,7.046897703010700509e-01,4.515129509346466619e-01,1.745433913413894367e-01
8.995413968380147618e-03,4.467471085165038436e-01,5.188400115646910615e-01,5.925758607497615404e-01,3.374714302688417433e-01,6.304873868212791388e-01,4.224306479445874007e-01,1.751896172955300091e-01
2.869569843294338465e-02,1.095673815565045839e-01,7.906448553378914168e-02,4.853705507979111933e-01,4.440248321823316857e-01,4.530220198141294285e-01,7.431392529929348179e-01,1.738539395109207630e-01
4.280092006501416690e-03,2.020167258153180434e-01,1.816649123477782068e-01,5.263596221824190513e-01,4.564083805656073412e-01,3.699676915272225308e-01,6.087920781487901056e-01,1.743711262966389230e-01
8.717508763001102778e-02,2.411720873907853002e-01,1.052251034690312448e-01,4.014237256005754317e-01,4.080484472882932589e-01,7.612285272896071042e-01,2.785620936810460080e-01,1.759703602697143265e-01
5.184659658611235483e-02,4.066172868563496801e-01,1.602973054703280553e-01,5.762133483088758279e-01,3.111976805374178090e-01,5.860401600829654445e-01,7.273360195090072811e-01,1.738001030738321739e-01
9.707628319873232159e-02,2.429589287716831525e-01,1.585011692091745361e-01,4.101167060845357648e-01,4.105858239070553362e-01,8.547368940655867275e-01,4.157032658659097768e-01,1.749104886757868460e-01
5.465127586461961118e-02,9.887076778818409961e-02,1.331800589972613191e-01,5.080479368036820986e-01,4.092334904004460427e-01,7.827355766428771844e-01,6.619267298074805739e-01,1.737510040183710414e-01
3.455758436057393412e-02,1.032999383380422964e-02,2.843473561872730815e-01,4.067862878264872917e-01,5.019836205517249628e-01,8.450047272604719328e-01,3.461634951612542199e-01,1.752243686653890409e-01
2.633942729234037966e-02,2.324629716220476539e-01,2.830906755398269747e-01,4.860222263585188274e-01,4.026411069754692873e-01,6.322251697176810570e-01,4.008496903873352002e-01,1.760782688786588224e-01
8.799112817162027533e-02,2.473172712134496520e-01,4.763899810195881823e-02,4.243416135007759271e-01,3.991863213230926188e-01,6.766693331520150512e-01,6.877485098214967119e-01,1.727330573925144885e-01
5.183440938111209123e-02,2.547861789531437604e-01,6.243000519998645470e-02,4.899207135484624498e-01,3.635534527090653056e-01,5.422948623295276160e-01,5.929739843827083190e-01,1.754282372475352569e-01
2.830318721891278422e-02,1.254668708128415799e-01,1.629262583837695066e-01,4.379572635958710047e-01,4.897532739906900190e-01,5.076881316091723662e-01,6.220098452684017509e-01,1.734234445811399239e-01
1.622013397676379254e-02,1.547082315652835716e-01,1.862478724536733576e-01,5.531349891833033938e-01,4.472573041167237085e-01,5.811272580856058356e-01,3.498345761112078844e-01,1.750952767172442581e-01
4.317568544770287314e-02,1.714755026678019822e-01,1.556649971422680578e-01,4.986281268231602115e-01,4.007589365141201454e-01,6.182055671975802413e-01,4.731847847531012730e-01,1.761681755254427273e-01
4.018037830006412209e-02,3.807633866222261965e-01,3.389698444407219791e-01,5.246041047713885241e-01,3.324101729631082636e-01,7.076270720109534285e-01,5.334497952892738315e-01,1.758398839048438134e-01
4.946421301436500217e-03,3.128952404021945188e-03,1.707315242259976606e-01,5.158668313540557548e-01,4.975480977439278862e-01,5.377206415988422528e-01,6.131227972817183680e-01,1.741102761807635235e-01
1.639040075708369376e-02,5.030786086885861152e-01,6.697146473807280564e-01,6.060044396873165429e-01,3.088348626724533030e-01,7.931013248115378333e-01,6.277672563337972633e-01,1.743246608713350243e-01
1.288487525203151629e-01,6.668576101295320413e-01,1.044710971474088756e-02,5.232615106098262858e-01,2.439352483061995869e-01,6.896433508356002440e-01,6.832557401341088354e-01,1.744396878724537303e-01
8.625440105310835937e-02,4.477654956790535490e-01,1.547185309446138246e-01,4.746441579809576594e-01,3.238460139537350235e-01,7.145421635888156153e-01,6.130768751566585406e-01,1.747904514996247161e-01
4.617318915939241236e-02,2.094592026452318234e-01,1.647483848335232204e-01,4.463165704717287352e-01,4.156805627597029984e-01,6.339112318035609039e-01,4.995286869331821422e-01,1.742841622718093453e-01
8.115146982203121084e-02,4.395917748955432969e-01,1.304213681965638028e-02,5.423331616748704453e-01,2.934425223393289373e-01,5.822324528329771987e-01,7.875414582385193984e-01,1.735470692024582984e-01
8.166111878006440672e-02,6.421471297525463973e-01,1.814749238656201413e-01,5.228251435021878946e-01,2.696058463697247887e-01,5.949344197966051073e-01,7.021382180578974452e-01,1.742892356123476039e-01
3.698405257954548442e-03,6.435594687820903603e-01,8.659036029368092358e-01,5.022097165849123135e-01,3.835608178689381420e-01,3.529153361036257985e-01,4.498219404832041191e-01,1.750245255385041998e-01
1.290686843791098021e-02,3.814954316248078681e-02,2.121156826808199836e-01,5.301505781145147145e-01,4.390144496923890083e-01,6.828065361652903009e-01,3.143956685083545421e-01,1.768897560409778136e-01
4.051090142631491586e-02,3.628179516717031650e-01,7.087090490763534034e-02,5.813884178067609820e-01,3.354768303756854309e-01,4.728924641945251306e-01,4.001334436542607897e-01,1.764443605335155874e-01
1.042775926431734335e-01,3.937560234861216535e-01,1.491677587704951791e-01,4.595396772533208440e-01,3.585715844403701835e-01,8.835021144484400679e-01,3.896008795538369318e-01,1.743736756379275221e-01
5.875874049712177805e-02,5.387490411785252897e-01,2.489187002793510906e-02,5.672690713754089398e-01,3.177532490788004815e-01,3.710940388392507394e-01,4.793395797417249193e-01,1.757952770486292116e-01
4.804234871074809093e-02,7.022037630360522531e-02,7.225309526427192708e-02,5.081491733758987106e-01,4.570089357732772806e-01,6.415460348072465901e-01,5.391276806553852996e-01,1.733723216170587056e-01
9.551212525699999401e-02,1.847488910134728046e-01,1.056798161158895022e-01,3.864998314870832230e-01,4.332900812898817788e-01,8.458328688931384676e-01,2.208480640052566391e-01,1.756143623840231149e-01
8.771201688708082922e-04,1.873596027584767121e-01,2.679066363893121694e-01,5.251316374382257735e-01,4.246521941003612022e-01,4.920537058139631270e-01,6.194014895131251253e-01,1.749194507026383960e-01
3.432798092148776209e-02,1.538051847145486262e-01,2.016546478667764486e-01,5.442988335234333341e-01,3.796611656339360930e-01,7.537516805590934732e-01,7.144628564447894625e-01,1.729005083608692317e-01
1.513384713854155211e-02,6.480067862530151102e-01,7.965505554846770142e-01,5.327096330260758794e-01,3.315120814048339581e-01,4.955309796571855108e-01,5.972715880396214372e-01,1.746366001515010369e-01
2.955758337550731807e-02,1.372126113029583372e-01,1.453804962642474552e-01,4.543989336516868205e-01,4.501083887227371738e-01,5.345214323457281314e-01,5.938898444719796776e-01,1.741794008408184824e-01
2.724862169407469420e-02,2.127384251292706863e-01,1.789281631495605318e-01,4.829804859192254884e-01,4.411514062068455644e-01,4.586770439734600968e-01,5.668892400099156959e-01,1.755114943502616154e-01
1.026701403944982743e-01,5.439923194794150652e-01,1.687836391348286891e-01,4.995387152715733969e-01,2.982727702485690746e-01,8.179711242155774942e-01,4.274577118964693612e-01,1.754055891400840284e-01
4.260320419084238919e-02,1.841365789511151263e-02,8.702603353778370909e-03,4.860145557553722795e-01,4.535017161793801210e-01,5.733913837101907163e-01,7.900709038715083565e-01,1.724573804375462149e-01
1.091163880630914018e-01,6.449688184827812032e-01,8.616291926114880151e-02,5.117576144553980244e-01,2.726787986229962657e-01,6.439029471628795465e-01,6.244358025858752770e-01,1.744801948300733208e-01
6.326557974843183274e-02,1.674686200436807937e-01,3.038995151000561945e-01,4.675378209875226676e-01,3.990004598072496855e-01,9.966504775415725437e-01,5.594294327715366721e-01,1.745790732262420264e-01
4.506152163239989655e-02,2.376643735808335878e-01,3.277901850087158175e-01,4.156810075437140095e-01,4.375271298763417360e-01,7.375792234385007973e-01,3.082338159363641195e-01,1.758801877848740758e-01
8.906663463740333020e-02,2.608462382608789931e-01,1.781072960197038757e-01,4.008163741039631467e-01,4.261937444123057306e-01,8.507829637437926973e-01,3.988647341946716662e-01,1.739800294557512783e-01
2.455063719477143178e-02,3.536327537760786122e-01,2.994572473262150369e-01,5.315302063845127600e-01,3.535005059180911235e-01,5.204799181620660686e-01,7.470901541778393051e-01,1.744625529949983544e-01
2.087571530744271320e-03,6.412974043910593669e-02,3.891268184401969199e-01,5.303343846583820076e-01,4.448936153375796509e-01,8.347281460482010029e-01,5.118859323824199725e-01,1.745032063888261598e-01
9.977256758521078905e-02,2.243769948942140879e-01,1.043448288107830246e-01,4.198792623589667206e-01,3.893944583683555116e-01,8.731779401104192706e-01,3.195493252001881945e-01,1.762814027140532647e-01
5.211275537208510250e-02,2.478435970808927913e-01,8.271881411922898941e-02,4.818226084326111547e-01,4.185461772258596280e-01,5.696733865608288871e-01,1.505502520087059759e-01,1.763593302821451492e-01
1.038218676501566212e-01,5.488513253968929639e-03,3.942380374041060120e-02,4.133675544443511374e-01,4.422097296703950131e-01,9.516826475933785057e-01,4.953263301447017875e-01,1.746278618897157964e-01
1.726577362830605811e-03,1.450095558136733909e-01,5.392337990004436588e-01,5.788861968203533603e-01,4.120167371125972311e-01,9.254252037133882114e-01,7.080563326364242016e-01,1.731767243257513189e-01
5.322354867218315189e-02,1.192100888458750285e-01,1.968948504956421763e-01,5.084267162995164124e-01,4.009892294879270347e-01,8.530107656726041432e-01,5.220974635400803532e-01,1.747305123704787910e-01
1.162866273717005905e-02,4.863149156336068479e-01,7.082502006815620810e-01,4.806067990269651258e-01,3.948797222276623775e-01,5.907113269141806011e-01,2.253078653070771931e-01,1.767917995575915835e-01
6.210270746927503555e-02,3.292425993763190561e-01,5.416616294296866529e-02,5.010284062296533891e-01,3.357570122572149929e-01,5.682173365170181123e-01,5.855075691306919072e-01,1.750574881769096647e-01
7.405738795652186401e-02,2.673554508138747954e-01,2.129618664730176247e-02,4.363200948118994837e-01,4.078918715569009867e-01,5.412207825776881309e-01,5.363994609435516203e-01,1.751059293721348720e-01
5.342909191347097742e-03,5.142242517854536121e-01,8.118973323625300331e-01,5.926057584116281030e-01,3.405516755360734060e-01,7.006649883358647690e-01,3.192814656195886447e-01,1.766658944960243505e-01
9.564446312923248483e-02,3.193342928956022786e-01,1.936048109357270119e-01,4.332642309817549275e-01,3.855812219365989391e-01,9.131130150517037247e-01,7.050112500421840123e-01,1.720950352081404566e-01
3.786586325818632609e-02,4.441044035478260987e-01,4.619294342424107858e-01,5.073391459878562326e-01,3.452621025633788587e-01,7.697125560840707426e-01,3.707133706742542500e-01,1.757789294496193144e-01
7.642694878924929935e-02,6.603479711456666790e-02,8.203069117242056674e-03,4.753612535140935846e-01,4.290880748612762030e-01,7.557041174032034236e-01,4.226669609477728407e-01,1.750254139339957049e-01
7.308279870718004112e-02,3.347324197559858883e-01,1.366523899178188894e-01,4.530110708313087042e-01,3.695818841657123599e-01,6.577818682109959347e-01,6.442745872523526485e-01,1.735718939276544581e-01
8.691308200372530046e-02,4.024419717523962658e-01,3.654572681180282001e-02,5.134945623593204500e-01,3.033107229822705198e-01,6.591548783973717462e-01,8.561961600833822850e-01,1.721952983400512616e-01
1.096386085375471581e-01,2.099017471411775415e-01,2.636507155003836589e-02,4.043762880421634121e-01,4.203014981166857122e-01,7.953331755895718391e-01,2.349071517382482766e-01,1.751769417947862117e-01
3.996339190131082547e-02,4.360711531876201308e-01,3.617924086716691190e-01,4.978463769791058868e-01,3.504507859250978741e-01,6.284748668284800832e-01,5.866633663933635834e-01,1.741461479219783282e-01
3.573363592861165949e-02,1.763522212748941387e-01,3.695274440968018270e-01,4.689467617055879667e-01,4.045381387939532836e-01,8.818366234991628083e-01,4.326248428938878066e-01,1.759012196816271134e-01
4.419435347928704627e-02,2.843806956941075659e-01,2.920623482910873481e-01,4.538241025702619558e-01,4.345724431595231474e-01,6.972590213627553046e-01,2.219655513217715925e-01,1.754891152674308563e-01
4.633277895470758190e-03,1.596549304826016258e-01,3.427209417760956889e-01,4.925503286481246468e-01,4.748310623156254406e-01,5.533181238574472749e-01,3.418673046084493294e-01,1.760043935251007496e-01
2.841053469045461133e-02,1.092428966571443727e-01,4.455424301857713321e-02,5.203704436171432413e-01,4.365272297917363598e-01,4.697397217024252836e-01,3.972354986176117042e-01,1.770179653801953190e-01
3.260846631879824042e-02,9.183736258008259878e-02,1.617783594999211982e-01,5.527491673438080788e-01,3.928070831778101568e-01,7.528062265677755160e-01,5.166846839474631414e-01,1.748196863727019268e-01
2.853978493912785741e-03,5.631674762382791188e-01,7.358339852310153972e-01,6.405220470886827666e-01,2.796338180760779002e-01,6.796697577238116628e-01,6.439308847204630037e-01,1.745084667980945914e-01
5.076847193109162992e-03,3.555473048534321667e-02,2.174804014728636825e-01,5.704646762819387540e-01,4.402322423076190372e-01,6.333618607487527807e-01,4.659696055883238985e-01,1.760733136560503620e-01
1.056691960485030279e-01,2.654150705654401143e-01,2.994900422939716922e-02,4.688268116744097602e-01,3.614618802727482816e-01,7.809867572118519563e-01,3.233408297791018349e-01,1.764193364340079784e-01
4.096964496970197100e-02,2.401937137571369396e-01,1.804304895456307900e-01,5.551598833676347766e-01,3.426588483305737509e-01,6.693936360578397471e-01,8.783640978053423032e-01,1.729686221327461637e-01
8.099281689709643406e-03,2.717905903221677910e-01,5.262596067226681384e-01,5.268130692627094325e-01,3.954784369948622924e-01,7.558855973871645428e-01,6.306541955475775119e-01,1.737671644128771231e-01
1.886210811915687083e-02,4.922640511936065000e-01,6.121443588754422738e-01,5.514768872952310330e-01,3.212337766145241247e-01,7.009621105090493298e-01,7.495562574077213602e-01,1.731487858618071807e-01
1.369509942197880137e-02,5.747082985775636699e-02,3.042536963419726348e-01,5.114734699379530625e-01,4.854923086111058161e-01,7.562332902898862841e-01,2.666131434789514865e-01,1.751003530087515137e-01
2.312496543678762076e-02,2.425920775027159693e-01,4.468421538551318739e-01,5.372221332200901589e-01,3.967295671130824930e-01,8.451266976409241849e-01,6.934834669946657870e-01,1.728077565718112163e-01
9.904724133201535385e-02,7.169588864618485768e-01,5.013876647581433366e-02,5.084368333831992270e-01,2.506040624092511493e-01,4.933528448745216344e-01,8.053171848241702513e-01,1.742113157788901801e-01
2.848781172478206947e-02,2.278858122354453508e-01,2.279096924459899365e-01,5.267690596251057844e-01,3.852895968509454927e-01,6.667912864528189321e-01,3.089083749274526003e-01,1.764791334246985366e-01
2.871611815761102027e-02,1.799798992320070790e-01,3.301301439811341054e-01,4.436139698382051133e-01,4.245797452381790960e-01,7.074561852598159062e-01,6.177209404212522514e-01,1.740938670786761344e-01
3.769917529198640871e-03,1.462505889933368441e-01,2.605098760940021130e-01,4.949726567721848824e-01,4.557107373310132492e-01,4.590267505830684103e-01,6.754425189524151385e-01,1.745632613907245057e-01
2.065896640050117472e-02,1.025186999701229174e-01,1.993485897059641687e-01,4.646029061776187352e-01,4.709547183824133731e-01,5.468022649415786862e-01,7.241591227571779754e-01,1.727720750881877598e-01
8.888162880124234055e-02,2.640907481304914928e-01,9.309666556342399701e-02,4.718010095147369132e-01,3.558876747279258179e-01,8.059937598000098680e-01,4.135511329749089193e-01,1.755396831913880462e-01
8.263551000815916314e-02,3.680956584095128603e-01,7.561768883826391896e-02,5.261706431762919189e-01,3.213278140448674325e-01,6.854391425670351978e-01,3.743811067403633452e-01,1.763209748997855708e-01
4.324936273502340278e-02,2.488375159290255323e-01,1.281846056274120460e-01,6.000138453618035772e-01,3.322917012251606073e-01,6.706356419401395819e-01,8.323820892575779506e-01,1.724572917124476412e-01
1.115396797825860264e-01,1.734322252285552812e-01,1.331600236237079349e-02,4.448553897723608319e-01,4.067777134954028706e-01,8.873895007133476565e-01,5.317527427591509648e-01,1.730166306068861570e-01
1.778493717766607349e-02,8.660134167092881086e-02,3.636732730817345827e-01,4.522623985709783856e-01,4.695960177135987124e-01,7.628689585663743777e-01,4.034891818248798057e-01,1.758092062517780385e-01
4.588816773699445212e-02,1.050994560124149935e-01,2.523935165809830794e-01,4.700003744958225482e-01,4.304726233435732796e-01,8.425128309435376828e-01,6.112606071143048547e-01,1.737346289657719645e-01
5.904601165838976179e-02,9.452373345958037243e-02,1.964564854979866104e-01,5.037647463581809149e-01,4.208108993430508260e-01,8.886983565479826819e-01,6.334504217628187384e-01,1.733884588754175116e-01
9.220542399098717590e-03,4.755642951711189781e-01,6.801680970813637206e-01,5.625993752462780106e-01,3.350165267947596281e-01,7.146446857713398826e-01,7.870423059342435135e-01,1.722684160934006559e-01
5.439249837427330425e-02,5.655401804906678986e-02,1.559466946441934454e-01,4.639267806400045324e-01,4.368599300204231151e-01,7.688893719886473743e-01,3.367436910999349609e-01,1.767880052547997627e-01
1.782038358318814922e-02,1.391551364403744717e-01,9.452380111629463122e-02,5.515802046732595221e-01,4.544802610864480119e-01,4.495390596809212269e-01,6.689469108139856068e-01,1.735175709143055855e-01
1.355592169633031974e-01,2.766853414936265576e-01,3.768709689151211739e-02,3.770328866742805873e-01,4.092529513019911858e-01,9.069606860230916556e-01,4.056480161208509960e-01,1.741690097159877548e-01
2.779238276429091270e-03,3.126654258482863824e-01,5.849164366596133480e-01,6.258227817841932605e-01,3.456187823547152704e-01,8.557376367134559292e-01,5.364039909386569827e-01,1.748777507067715564e-01
7.131157962295388286e-03,2.811450429132408280e-01,3.654393969192394342e-01,5.376438149677772449e-01,4.139815419596762913e-01,5.480307858415112143e-01,4.397648657553110407e-01,1.756376009546165573e-01
8.651438173780048868e-02,3.580202286274857260e-01,2.965073727493632849e-01,4.488650741304072711e-01,3.472264592401328454e-01,9.580584949028838615e-01,9.201114384984789840e-01,1.717822385741585578e-01
3.740694914262335247e-03,4.637863639018023898e-01,6.097250945074041972e-01,5.630219433835660370e-01,3.471616405499545754e-01,5.693042461762303219e-01,2.824804120092077597e-01,1.773640637485288107e-01
5.864157896417238752e-02,2.648056462668813005e-01,2.800422193139302518e-01,5.102435213014665516e-01,3.486285801974908227e-01,9.052148917830442620e-01,8.801747397123970140e-01,1.718066573149298615e-01
3.592328674949325784e-02,1.030861117200262689e-01,3.885470514098038342e-02,5.038096336534172437e-01,4.499298557115308239e-01,5.151447126039915281e-01,3.315116146688685816e-01,1.764968210606082388e-01
4.663064812105120749e-03,2.516861064747922261e-01,1.106118360118754917e-01,5.011517577563142645e-01,4.797523246200545155e-01,2.301686386470458978e-01,6.323946502107470335e-01,1.745040799226366679e-01
6.563011739163251979e-02,8.895346205713558496e-02,2.207211746580469425e-01,4.288692101513367216e-01,4.273263057372752582e-01,9.537501572504309966e-01,7.814968317048436308e-01,1.721074450328749506e-01
7.679704183835003861e-02,2.906011110805990505e-01,1.950029678837777447e-01,4.795968729826699528e-01,3.517999101783635951e-01,8.624709730096189464e-01,7.731940320656023324e-01,1.727696041861784548e-01
7.167007715515108512e-03,2.261053181386395994e-01,2.988442171943053172e-01,5.759262277403220942e-01,4.013924513922439985e-01,6.094117623331886113e-01,4.889345788237048351e-01,1.749693749834913270e-01
3.587761367988137606e-02,2.245381260254303013e-01,2.135635393486115530e-01,5.304423229301787890e-01,3.954692017001437687e-01,6.750232932384767626e-01,2.392190819232533072e-01,1.768591470362747275e-01
1.920740697488516197e-02,1.361648830890326289e-01,3.665980921262629866e-01,4.864526683817221309e-01,4.357401060071384724e-01,7.473779908256528159e-01,6.210452130098575996e-01,1.744683839602139130e-01
7.397570278529490284e-02,2.642932171034484412e-01,2.530792678345032409e-01,4.681407056322369198e-01,3.901484180007777636e-01,9.165121648134153531e-01,6.071323348895090177e-01,1.732886132623015496e-01
1.020791345398822797e-02,2.138716492964320703e-01,4.852714829877244895e-01,5.109081610271177798e-01,4.149495977467406727e-01,7.951104359689772361e-01,7.700780582343798031e-01,1.719608264817320264e-01
5.530812606308568857e-02,2.911530080678999544e-01,3.628491304449541488e-01,4.383307041644729507e-01,3.827959703584374318e-01,8.809403271111166944e-01,7.935012465681872129e-01,1.723438477158742432e-01
5.386015259995407395e-02,2.171005960840901028e-01,1.143219996368562141e-01,4.614562041025510597e-01,4.119086236498180620e-01,6.572774728206083328e-01,2.609885652170862436e-01,1.760558275891626889e-01
9.218127138171437751e-02,5.695034264559012405e-02,9.551297578256029430e-02,4.292722858609406833e-01,4.368614915552930245e-01,9.638950870847753372e-01,7.031220038880445777e-01,1.717594796590939388e-01
4.899345575041497147e-02,3.708378410092906252e-01,2.887387807674773321e-01,4.875620855629961836e-01,3.538612765573043162e-01,7.206390103815558668e-01,4.696644493029216716e-01,1.753705971154869148e-01
6.503439396922977567e-02,1.609143237731100184e-01,1.726291486545724618e-01,4.613258350923091777e-01,4.206913798351483158e-01,7.817401958510591387e-01,2.311945540165480373e-01,1.769936322982072485e-01
4.129352342076654525e-03,4.631841550267504770e-01,7.146957362351136211e-01,6.143017347344325030e-01,3.072509209455224211e-01,7.235034048710892174e-01,6.834491030784136667e-01,1.749705490729413504e-01
7.280543705097212992e-02,3.877941217763533621e-01,1.686574507015350943e-01,5.104616253458141850e-01,3.517874840952995297e-01,6.863872588880615133e-01,3.985075770918992122e-01,1.754466828009119406e-01
5.992030378549027814e-03,3.160572375721282246e-02,1.335737141249221660e-01,5.174146822641128018e-01,4.801064365850936655e-01,4.965029046691459280e-01,7.391012196186672600e-01,1.726427754801261316e-01
9.624762576379918000e-03,5.956831361314236517e-01,6.865480586097754134e-01,5.591516776000879929e-01,3.425037665778631890e-01,4.980427943396580903e-01,2.115780146361326830e-01,1.767367718829837286e-01
4.305720444001234076e-02,1.680530322296838186e-01,1.802884144975789582e-01,5.346521821836818233e-01,3.994196710611483958e-01,6.755291388871784708e-01,5.644795856535734790e-01,1.751867566398452314e-01
5.512367810333921453e-02,6.961147816819740486e-02,3.581008320115627863e-02,4.853822976878512385e-01,4.281599885680034689e-01,6.025201557965327304e-01,4.858849259014646482e-01,1.762111141863795527e-01
1.558462614829379811e-02,1.290658649386764167e-01,2.447639412129940240e-01,5.176828047026460489e-01,4.748151717231571811e-01,6.035225150573388930e-01,2.812696588015013988e-01,1.752132946776498446e-01
1.014110942227005874e-01,2.827883205138945200e-01,3.576910256097404206e-02,3.964073914599111070e-01,3.949160273655633047e-01,7.125397423148427389e-01,2.010213509609571347e-01,1.765173335608977156e-01
9.745450220771952055e-03,4.559712632763340823e-01,7.981294820861459804e-01,5.921695590808676579e-01,3.438448518689403155e-01,8.922019971062370436e-01,6.232909029208147933e-01,1.737294211161368174e-01
2.335453859256929332e-02,3.334613656596638886e-01,3.596921963405425582e-01,5.447384628284367425e-01,3.528063183544805081e-01,6.429801476206722377e-01,8.123287684609434844e-01,1.731865962694018324e-01
5.443321597026089254e-02,1.592367510264078856e-01,1.251820239231113130e-01,3.980018082249853206e-01,4.808140458093911884e-01,5.707346645551309994e-01,3.644952195209208989e-01,1.751118828473484657e-01
8.842911253352275791e-02,9.657213820492305256e-02,1.569403404190417017e-01,3.182014105552753991e-01,4.704677108381847273e-01,8.736167959380696235e-01,4.094986243183723063e-01,1.746501463034664525e-01
1.071181141269645365e-01,1.118462528879921869e-01,1.185173568439575748e-01,3.270222876593021355e-01,4.655592880746036721e-01,9.037844406343205073e-01,4.316762099203894643e-01,1.748205157691751221e-01
6.041927235033654059e-02,4.105475344705538099e-01,8.036495994447284685e-02,5.800099173953030540e-01,3.292247598103227868e-01,5.456683925142579161e-01,5.305381982568831978e-01,1.747436083941104612e-01
9.435051447989548090e-04,4.703612708008166887e-01,5.022703790917835143e-01,5.825668019851972801e-01,3.531260164487176056e-01,4.085400169976062812e-01,6.705763662707000528e-01,1.742953091448478375e-01
3.284685739012924849e-02,1.709835665039902697e-01,8.072985348484754131e-02,4.844797950387870755e-01,4.670549210586647515e-01,4.488726243318005293e-01,2.946037697791427656e-01,1.763324836245294680e-01
1.310671174466996464e-02,1.511984281460627688e-01,2.293198050840959679e-01,4.493294608088684861e-01,5.210736725020860272e-01,4.797559444887952163e-01,1.632896309668113166e-01,1.761634243045406278e-01
8.538320825082840182e-02,2.104969254562752967e-01,2.056185641780311490e-02,5.288916227641946577e-01,3.378288337348004933e-01,7.479635993286380957e-01,9.031481038761841607e-01,1.719465230182403437e-01
4.076642148029303164e-02,9.027806893811779476e-02,2.189505311064820492e-01,4.943877273145196871e-01,4.494862130841921766e-01,8.114494605673332472e-01,5.498785177836182925e-01,1.730616558707324670e-01
2.683353985309181247e-02,4.981955123520637185e-02,1.449484701964233180e-01,4.431222800422467412e-01,4.971743222338778079e-01,5.555526151395500101e-01,2.111784123593114515e-01,1.774172208409098006e-01
7.327940418357853369e-02,1.462772277021332223e-01,1.037073616456645753e-01,4.945224073372594953e-01,4.097670792419738639e-01,7.771269601594651411e-01,4.811681981637523919e-01,1.746837125769867549e-01
2.612648780086773356e-02,5.629129147960582058e-02,2.183792723122665036e-01,5.583924882271767975e-01,4.286362320315912910e-01,8.110933234792238045e-01,4.794363883485446842e-01,1.741537151191772104e-01
5.050538084360866459e-02,2.109332252301217014e-01,6.965547287970669244e-02,5.432355101534032116e-01,3.549036802900875087e-01,6.297017985920898564e-01,5.578340522456690653e-01,1.753969033738053129e-01
1.237587586894192404e-01,3.445522659698413426e-01,1.211449594453960221e-01,3.791584002497189188e-01,3.939705397718802904e-01,9.180480864205793345e-01,3.084049455358208736e-01,1.751132378365917452e-01
2.775572572775381053e-02,3.289199190014079344e-01,8.839947129305253393e-02,5.367675636491074931e-01,3.731199427082396158e-01,3.562368954258930409e-01,6.045861924575903767e-01,1.761011395117816625e-01
7.670188353487671085e-03,3.241559870333141635e-01,6.343149986237989202e-02,5.670208358810753246e-01,4.505274383766836310e-01,1.862456645548802858e-01,6.838561935114146895e-01,1.741651526750004619e-01
1.196031734290641663e-01,4.264145998978913776e-01,8.634063440773465103e-02,4.837824367113744972e-01,3.275043680099369858e-01,8.553704832170324623e-01,6.495800168447628531e-01,1.735702631480690317e-01
4.854101881905879823e-02,4.457384848248818199e-01,3.916878905754184181e-02,5.561945135281332053e-01,3.285035090444660133e-01,4.068507663616930392e-01,7.822084357956273770e-01,1.729963935342296311e-01
3.582221426937658854e-02,4.595429459499120739e-01,4.025199142237900762e-01,5.280551699625620765e-01,3.339278498336807899e-01,6.198882293235437047e-01,7.308441532372204064e-01,1.738245854470303331e-01
1.172095040832373813e-01,1.941101999311727333e-01,1.081982473777942932e-01,4.341301712601302043e-01,4.012122600271030293e-01,9.946513157632639324e-01,6.335532351510654303e-01,1.732224463822684413e-01
4.329746419229901083e-02,1.789928064768427363e-01,1.158974195435727994e-01,4.183627308203399231e-01,4.612777143792802237e-01,4.854177552294529074e-01,5.619575362165789567e-01,1.748735755258090663e-01
4.166212905166905012e-02,1.632399274281823021e-01,2.465271373880500994e-02,5.301455854933456724e-01,4.207836042520641806e-01,5.075902705672192816e-01,4.593241928153715126e-01,1.749589331577138807e-01
5.781886415741489121e-02,2.610721229796502119e-01,1.933417198265393599e-01,4.091543868149369878e-01,4.279384304343551992e-01,6.653535955706550986e-01,4.612699647991697627e-01,1.744171894569764569e-01
1.102430501789105899e-01,4.553860294785402885e-01,2.688068978625068883e-02,4.777776048440788292e-01,3.086882222674355303e-01,6.871737367429109344e-01,7.647823263434027075e-01,1.731081158362327010e-01
7.650289015336129983e-02,4.761985298801533206e-01,1.006170448056353250e-01,4.967989425199146325e-01,3.457912507294154114e-01,5.300681132810811658e-01,6.861082355074625827e-01,1.736703702366277080e-01
4.353286258826036259e-02,5.342862595811498361e-02,1.753883160999346602e-01,4.939251626779588844e-01,4.561668868668080079e-01,7.754537898490068137e-01,4.182499674060091710e-01,1.751350100059709258e-01
2.347198505737634056e-03,4.707902035784541916e-01,6.172431141771705931e-01,5.344311111413179161e-01,3.587619998976575020e-01,5.157505908161518215e-01,5.749548920020474130e-01,1.750358914993833670e-01
1.002800878666422202e-01,2.741031955431504907e-01,6.036969406877573663e-02,4.542042363638352787e-01,3.658175626423455506e-01,7.918147912544842848e-01,6.165952837812573861e-01,1.742451180394901933e-01
8.992260508582666789e-02,4.233537703835164590e-01,1.714716575940781196e-01,4.340331991762438335e-01,3.327938389956134335e-01,7.399263989086486415e-01,7.635781634860990819e-01,1.731566003745362015e-01
7.984628102493730728e-02,2.151500357210041625e-01,8.655345462765451359e-02,4.231921459117949924e-01,4.071174557425589757e-01,7.324270210261031311e-01,2.859948443150285291e-01,1.755002633468741302e-01
2.355030550221179006e-02,1.080977838003344127e-02,2.347923777875027262e-02,5.623974515590544065e-01,4.314027683015118075e-01,5.498434698480135774e-01,5.793185648420179357e-01,1.754818926563152803e-01
2.084049001342791474e-03,2.728411224661265178e-01,5.595087475071242045e-01,6.245142842821613804e-01,3.630709582691282189e-01,8.502504634241178083e-01,6.697217255842753403e-01,1.732485888134696339e-01
3.256134547712559446e-02,1.985702449066777397e-01,3.368523701852291219e-02,6.228024818119107797e-01,3.828186656893341477e-01,4.981950952390472587e-01,7.453914020098628690e-01,1.732538729900804098e-01
4.613658424267794156e-02,3.848062158444367498e-01,1.671349566238006235e-01,4.692017371712797758e-01,3.978512098234715522e-01,4.747734278555815202e-01,3.538598221255433995e-01,1.759768559879768268e-01
6.056713519296305637e-03,3.225464116953770666e-01,4.492777019607464561e-01,5.185946636156152367e-01,4.194179440793960323e-01,5.556866099743400511e-01,2.323379843160948144e-01,1.764008432169154039e-01
2.786017976262075355e-02,1.472319150713098934e-01,9.904246103351582731e-02,4.744313100949180129e-01,4.879383824746531539e-01,4.530677165102282578e-01,2.943224479772224011e-01,1.755083115609808453e-01
1.281597789290061518e-01,1.063537349572993285e-01,4.440381976179808010e-02,3.818562459630661654e-01,4.386748091681506034e-01,9.994572834586403776e-01,4.416706905322599908e-01,1.740170516371653542e-01
8.543497095100872907e-02,2.853664193604608101e-01,8.527906945770818981e-02,4.688674784962874598e-01,3.775536820615510436e-01,6.970970107737431976e-01,6.168447721888712376e-01,1.742919917929399709e-01
1.204238214266559193e-02,5.976217681923398084e-01,7.957357826503719256e-01,6.282117684099091104e-01,2.817835322730555259e-01,7.621623075964563121e-01,5.509134531372978927e-01,1.752022730106365667e-01
3.701141185913348758e-02,1.296678735943527228e-01,2.509542572618983503e-03,5.927888184591421084e-01,3.909802898882170363e-01,5.265728398307431002e-01,5.799626410384958186e-01,1.750554652836384950e-01
2.294884579709482661e-02,4.409763123201016488e-01,5.652975758591617383e-01,5.826658980465462268e-01,3.235710717676234527e-01,7.732184620425662791e-01,7.206661203517796821e-01,1.732563228527005672e-01
1.303988558547290039e-02,1.870327192954181206e-01,3.311852836001870637e-01,4.982670460614692098e-01,4.309343487617118829e-01,6.621570602454095456e-01,4.569224165217780631e-01,1.745956167720408847e-01
2.028317943509443458e-02,2.126468767160549778e-02,1.721095151479501428e-02,4.822525834493537333e-01,4.987366869966479155e-01,4.164919950407154903e-01,5.673687025620364199e-01,1.744678877368102121e-01
1.942665444159292348e-02,1.754308869212165556e-01,4.380869211509890726e-01,5.276017126322912754e-01,4.087803284758851907e-01,9.050510002939715637e-01,6.516843574906390213e-01,1.728510285060393947e-01
8.512626809869686118e-02,3.599083597572327875e-01,4.853483178942924470e-02,5.637237462533237764e-01,3.245635615777727745e-01,6.938106869470221927e-01,5.661835061003659408e-01,1.741226610327220869e-01
2.291973927275512204e-02,7.022500330259772161e-01,8.174253422147805814e-01,4.761670618071062733e-01,3.646951011496805672e-01,4.584752459495143873e-01,1.046406820492926659e-01,1.773982028404192113e-01
2.661398686138439357e-02,3.103533716152970245e-01,6.710826106155118320e-02,5.826465111158239951e-01,3.435746783531611892e-01,4.138003289849347399e-01,9.413945539043488964e-01,1.722564420106829641e-01
7.579234979885929313e-02,3.686683755994861755e-01,5.469108080531687177e-02,4.743337987371489262e-01,3.554181644934715223e-01,5.810397033653206256e-01,6.029786807246853009e-01,1.736520288082580021e-01
3.599240468688864880e-02,1.050223498649422993e-01,3.647979552731628328e-02,5.254734762189116060e-01,4.272769914242499634e-01,4.720647338864421005e-01,7.269643115674916389e-01,1.740530837540203435e-01
6.778787000868871648e-02,5.116447871990412732e-01,1.666362947726250376e-01,5.100527595396794345e-01,3.121011924573395824e-01,5.591960356304973567e-01,6.011223304927744149e-01,1.752721931254592747e-01
9.027767970511151041e-02,2.524939719383189063e-01,6.883429945468227951e-02,5.018722782807670812e-01,3.574771147927163217e-01,8.199391932065335231e-01,7.653857562492913935e-01,1.716693823109605443e-01
3.279896571437446173e-02,1.599739205784897200e-01,2.339842242856199350e-02,4.562850256466181587e-01,5.014501094893882849e-01,3.685174475659363513e-01,2.628770869976482794e-01,1.765562784150042641e-01
6.081077233257860953e-02,3.197655102536204885e-01,7.190343364013768168e-02,4.993074437842390800e-01,3.721943656369210429e-01,5.533447537878722899e-01,2.852027875731032447e-01,1.766633406279893292e-01
4.882647055535740271e-02,2.582256465816001878e-01,8.993622575714257938e-02,5.188054602472664811e-01,3.821499584586692810e-01,5.110948747591053110e-01,6.673986418250280606e-01,1.741785421958221280e-01
2.711144537844161623e-02,3.520289105447406697e-01,1.642452077433437241e-02,5.628380444694733864e-01,4.007448116618005929e-01,2.340375948813188667e-01,7.773216646052041323e-01,1.742075659420608824e-01
4.006372137112351739e-02,2.917401974177477042e-01,3.309881670440507628e-01,5.001205284773005966e-01,3.609237084691603870e-01,7.723059369394927876e-01,7.942372268047537265e-01,1.730087676332460744e-01
1.420353363275337483e-02,8.695186757808454070e-02,2.695328588284404692e-01,5.137693893699366576e-01,4.708800672811629395e-01,6.143611615530655268e-01,4.765091904364800457e-01,1.754561195860725731e-01
1.941196779276803050e-02,1.752168200415475108e-01,2.347463590175072334e-01,5.043899456527041192e-01,4.353122055600254781e-01,5.801174524224284035e-01,6.024933082316996646e-01,1.736263003265920979e-01
1.076337871722898853e-02,2.123982654773335366e-01,6.056418100861560294e-01,5.336316697139990017e-01,3.963809412094433382e-01,9.440310760711310145e-01,7.935155434272831432e-01,1.730141733844786922e-01
9.764231924143662589e-03,1.007853325740674932e-01,3.895936430035443210e-01,5.631318187506912931e-01,4.308616857145869949e-01,8.568714708972435812e-01,4.540467331981803412e-01,1.745340543159903668e-01
5.027191159026270922e-02,2.123134204384331536e-01,2.527402771464850595e-01,4.962932365129054668e-01,3.913788831721679573e-01,8.486653726865907021e-01,7.252360959837890197e-01,1.721882787731344733e-01
3.170569124947300588e-02,2.527556001824001752e-01,2.876627822201735518e-01,4.917719501342162070e-01,3.909341807549213677e-01,6.922866438428847413e-01,3.058237061945053847e-01,1.766999011411137799e-01
8.735793680466089062e-02,5.850357835640970783e-02,4.741009904132525987e-02,3.199082145524875243e-01,4.942187452106708845e-01,6.888189535549262832e-01,3.825120239070667338e-01,1.751069724956761664e-01
1.433277182227791352e-02,3.678619726207070229e-01,5.389930755309096932e-01,6.005484605824821243e-01,3.231057790014855158e-01,7.840112188170648144e-01,5.831641310923630916e-01,1.751847421807660454e-01
9.180264126689813287e-02,6.298359275781790778e-01,1.258981991625560681e-01,4.808097967615468371e-01,3.004462646635328582e-01,5.808865652486679965e-01,4.495107357427607364e-01,1.756343076497700606e-01
7.394602966664620691e-02,3.431170560700432803e-01,2.542902016322347025e-01,4.729269067340904908e-01,3.460313754497912897e-01,8.518502629535136261e-01,7.970459802667112514e-01,1.725346887859891265e-01
1.054084361692678162e-02,4.493748184390706224e-01,5.933228088601940620e-01,5.861683864397001509e-01,3.530170752924675082e-01,6.586641549299305787e-01,6.484864430375301136e-01,1.732591668401676221e-01
6.151189021277922442e-02,4.133903931663128750e-01,9.662698155483198659e-02,4.784642322465850750e-01,3.537753671505903807e-01,4.693493608090594238e-01,5.095514181176127311e-01,1.760068386870057566e-01
1.243465506888425526e-02,1.271119138619724309e-01,2.281814605713015365e-01,5.334358622724747478e-01,4.401092339427561950e-01,6.041016711292462871e-01,4.871728307818877779e-01,1.751347350476588904e-01
8.434226914645193141e-02,4.050889167297651028e-01,1.417643770393361424e-01,4.782685814367593213e-01,3.405389388273090123e-01,7.258760935482760912e-01,3.365901041306479380e-01,1.758876362214273348e-01
1.418977556370269039e-02,2.622306451012771378e-01,4.095484872223658090e-01,4.964220788977742882e-01,4.018318367480415154e-01,6.549881632103093931e-01,4.320398438087583726e-01,1.756177005477206343e-01
3.896018946725417903e-02,4.370215940590349568e-02,1.115904852086937182e-01,4.475892471202119749e-01,4.878955839187814614e-01,5.903244558923944618e-01,2.448364936757390087e-01,1.764800725209288990e-01
5.180043160705900124e-02,1.161997519359758702e-02,1.132406304774602468e-02,4.873262059730389395e-01,4.611127257414448510e-01,6.118975864558008348e-01,7.031566963435323947e-01,1.733447727248667303e-01
8.680510139716104967e-02,4.485188903197373511e-01,1.256230582966566534e-02,4.848490454865804766e-01,3.512600217791943535e-01,5.393788910988884799e-01,3.742231544844948354e-01,1.757497884835868551e-01
4.122119960184134069e-03,2.765261503327178794e-01,2.223134198798498162e-01,5.889777392366056796e-01,4.061420771688969977e-01,3.965514738141220907e-01,7.176707974343241592e-01,1.738196146530275321e-01
1.353054005989640096e-01,5.657223187421009936e-01,2.849964379679614801e-02,5.071445753505319232e-01,2.744981116837078017e-01,8.344845984169947384e-01,5.495447508496276168e-01,1.743343244952280380e-01
1.034670903469509795e-01,2.800664292448944437e-01,3.724331911561887254e-02,4.548961816874201314e-01,3.873767707647832181e-01,7.617016739875137610e-01,6.404494889764399401e-01,1.730174242156526376e-01
8.862274302916609003e-02,3.849064145100911105e-01,2.092919936722154040e-02,5.215427280253508435e-01,3.042141841775638511e-01,6.141195094580296221e-01,7.835542690247964126e-01,1.739807775824232516e-01
3.205077070074033307e-02,2.321663066477029358e-01,2.790869229784493366e-01,4.672386067704836221e-01,4.277389172123653438e-01,6.649984630721635925e-01,2.412786527127258607e-01,1.760611417101478338e-01
8.879083174880485207e-02,4.246609535233433763e-01,3.486690963276678490e-02,4.667699286513269930e-01,3.371944464212016102e-01,5.902499596750726552e-01,6.644313835214545882e-01,1.740570023305860747e-01
2.403708653098684395e-02,2.674398744550463558e-01,2.326771017776001205e-01,5.492263062095000814e-01,4.156775559079923243e-01,5.502363234746536769e-01,3.587329089274310379e-01,1.757503115778097647e-01
5.838037201784121444e-02,9.758332862866209156e-02,5.911807628766366229e-02,5.477804232477057056e-01,3.837531466445041062e-01,7.844823380402740076e-01,5.095246667518963379e-01,1.745710994093246926e-01
1.307026101856571115e-02,7.967752121625371053e-02,1.140391062111718035e-01,5.425588489059166575e-01,4.279612006458916040e-01,5.506826047414555836e-01,5.975281690910746457e-01,1.747284738691533001e-01
8.145321201852212534e-03,1.604944078688100018e-01,3.319851755091862144e-01,4.798455422378618551e-01,4.612831210635931489e-01,5.932424599050669656e-01,3.411092261510199064e-01,1.761869602197797535e-01
3.508655388404174902e-02,1.209059248509123385e-01,1.117746170690213370e-01,4.930810046453423245e-01,4.433371747749654812e-01,5.633499976361434625e-01,7.120914964526916524e-01,1.732645871069439514e-01
5.571168366414441797e-03,1.516677312432509472e-01,4.836029568624053976e-01,5.345083305813628227e-01,4.008740244101926531e-01,8.549570625176008409e-01,6.436877743538955698e-01,1.745460198759993253e-01
1.633758544546805996e-02,7.997736761309970355e-02,1.194357647505956410e-01,5.885224137171954917e-01,4.250752410390023495e-01,5.606648567085150692e-01,5.502018375704168518e-01,1.752321451280215991e-01
4.517957444138228501e-02,9.955707865415144853e-02,7.930614554145873352e-02,5.581126817038990495e-01,3.836871281763702402e-01,6.628787157448348122e-01,9.096912653623308032e-01,1.722097970890471841e-01
1.038770632842831720e-01,4.157287522442624228e-01,8.803822154604734607e-03,4.748401697081927608e-01,3.284793337019197290e-01,6.488494939595403910e-01,6.244512145088914057e-01,1.739129493151838901e-01
2.529877493628921586e-02,8.020545050550528798e-02,3.702765484809129037e-01,5.147821662248519559e-01,4.264488446440352076e-01,9.180207487511246045e-01,4.154995892707458727e-01,1.760372445249073492e-01
2.607576971390098558e-02,1.506999428186310552e-01,2.863138766935053314e-01,4.773890551540317384e-01,4.705112379919076382e-01,6.495389531414230699e-01,4.636575923214462103e-01,1.744988443793485111e-01
1.227817675789840551e-02,2.064139995869647137e-01,2.812126526238818980e-01,5.792514872991535446e-01,3.849452424133223971e-01,5.715830163847662737e-01,7.110777753571642101e-01,1.744660585645446127e-01
1.042142425294204089e-02,4.883978366244480229e-01,7.134068679728767792e-01,5.597248453855985240e-01,3.732055329243092467e-01,6.793169207443465751e-01,3.139333217563436973e-01,1.753685416828083543e-01
1.191874852832194159e-02,6.986402243770661880e-02,4.635632886400454233e-01,4.879207383143751020e-01,4.697021959321377449e-01,9.301113498207749242e-01,4.156904942556346461e-01,1.747815221066203184e-01
4.312608157018522209e-02,4.060722590211865435e-01,1.803446171813410936e-02,5.153790336204397970e-01,3.782249437906436973e-01,3.446246823520713320e-01,4.600878429708358808e-01,1.755023791709653946e-01
2.948398893663985859e-02,5.822265594249127485e-01,7.227592016462620617e-01,5.268192713305022146e-01,3.293171161184223483e-01,7.686950358063370237e-01,3.460014719488796464e-01,1.758810598171586248e-01
4.869338235668346088e-02,5.528418735998555378e-02,1.204587898261585133e-01,4.387729372027057151e-01,4.286282307460730912e-01,7.053367368457024167e-01,5.732383224498410756e-01,1.749516317639509821e-01
8.305670545869378585e-02,3.105951786085701660e-01,1.736430487032666614e-01,4.673559234708313248e-01,3.449117887656036330e-01,8.142962463305138954e-01,5.544096929444020105e-01,1.756494104976509540e-01
6.901937985437753276e-02,2.195518919376047429e-01,1.649151010335703216e-02,4.693965202937333547e-01,4.106234527449290073e-01,5.732115440720210175e-01,2.575598132872786161e-01,1.769383417197472330e-01
3.240666700691204050e-02,5.493812100712651691e-01,6.958077281150534255e-01,5.283863715034275987e-01,3.346898562618875750e-01,8.215787240855283446e-01,4.191719020577850952e-01,1.754551284803622102e-01
5.197583152909433790e-03,3.941157135035577852e-01,6.623038195748921497e-01,5.416796924540332459e-01,3.730355984526603774e-01,7.438019259185700838e-01,2.674434797363376970e-01,1.766482705091612371e-01
8.479252556384030137e-02,7.729141369048786459e-03,3.081345131255344705e-02,3.940074777059561772e-01,4.839734000787907497e-01,7.449933733286165927e-01,3.752685650191821543e-01,1.747014303371734467e-01
2.964672887107864738e-02,3.235571040579775515e-01,3.576239530222574681e-01,5.482246997044908365e-01,3.413311820304626432e-01,7.354525715656868856e-01,4.928206927865434461e-01,1.758875614013064304e-01
3.636671417810193041e-02,3.441972730017228144e-01,2.951758900799787977e-01,4.993767332584186924e-01,3.843455433434898594e-01,6.007565756759936093e-01,3.750429747073221742e-01,1.760156080914728194e-01
4.153189228289250190e-02,3.543115458227386050e-03,1.409349553985175529e-01,4.555341622309855287e-01,4.763280612554321447e-01,7.389165779516654320e-01,3.953791959545296941e-01,1.750604505685193213e-01
7.972109992932967237e-02,6.287675726804669019e-01,1.715921161563025432e-01,5.014317034488823266e-01,2.755119949647381050e-01,5.622436522941088866e-01,6.581190151645051056e-01,1.748237583886337876e-01
9.104299426295156539e-02,2.639436036339097846e-01,1.348136490326629355e-01,4.575031700809917279e-01,3.668539065706692970e-01,8.655879287012486767e-01,4.348031009035830396e-01,1.757729837695101160e-01
2.827502662383876361e-02,2.361669039437555018e-01,1.945071479895905120e-01,4.773442662345304677e-01,4.280516539501077466e-01,5.455844951319567260e-01,1.832776521160293659e-01,1.772630539339699052e-01
1.234875079533270109e-02,4.320364994624749655e-01,6.645807163702608378e-01,5.770881397436368188e-01,3.166726783828862080e-01,8.111890378331582108e-01,8.662136244600331381e-01,1.729775796330547954e-01
3.800017454280547879e-02,1.760476426434256503e-01,2.655083809691392571e-01,4.988261777279023867e-01,3.797801348905108787e-01,7.997024841401336737e-01,8.724229851044689177e-01,1.718224454226534303e-01
4.977593305153968362e-02,5.238613965897006564e-01,9.948258278504659713e-02,5.346441336585788795e-01,3.280241371169426157e-01,3.528644842786833324e-01,8.406865432420711493e-01,1.736236229275211485e-01
1.490081681959557619e-02,5.978419956788747491e-01,8.412960498366581774e-01,5.336644150742895221e-01,3.427618667514137352e-01,6.708547435049493357e-01,5.792273435051351615e-01,1.741943587536542715e-01
4.732970608278742886e-03,5.348401524425165920e-01,9.151325297556170968e-01,5.079064068776663055e-01,3.933141479237308724e-01,6.961992032031202315e-01,3.063450305590725842e-01,1.751835843839270324e-01
2.364422430257248631e-02,3.743055173589360241e-03,2.899946379754270720e-01,4.574975476721405143e-01,4.911267547305847025e-01,8.100152283403995179e-01,6.570978867760469688e-01,1.726650513263104092e-01
6.015698837888490413e-02,1.036589524112928595e-01,2.254956634465130338e-01,4.515623668864604534e-01,4.508608403809153953e-01,8.951075009419027229e-01,5.402238025468980576e-01,1.731874156427162526e-01
6.971561875819770604e-02,5.720090575055492010e-02,6.054948508236873694e-02,4.445105245519608839e-01,4.152915912967661827e-01,7.609171091754675098e-01,4.025033229970538251e-01,1.763480964347466096e-01
2.774647593130386350e-02,4.180231539286871634e-01,1.551717498752491764e-02,5.378755739684850656e-01,3.838238299228824424e-01,1.984457267949701342e-01,8.008456386664521975e-01,1.743378411395439254e-01
1.458204636801309351e-02,4.016054136715010991e-01,4.329379861621840409e-01,6.007796755610396167e-01,3.351737297734015408e-01,5.944695488829895291e-01,8.214817928710741457e-01,1.728078127134111130e-01
9.978243710020237578e-02,2.001199540351850936e-01,1.144298139210445098e-01,4.892619575023414158e-01,3.636931700534424272e-01,9.559653491541701964e-01,8.255459658374952880e-01,1.719738365435969085e-01
2.881456614697321464e-02,3.037575139289454551e-01,1.143587684353428724e-01,4.764195913048822617e-01,4.163766338509889975e-01,3.478396361744287568e-01,7.212765746331601946e-01,1.739106062427973887e-01
5.870005219749964420e-02,1.818788737094818586e-01,2.553439349034277162e-01,4.011495397016641706e-01,4.546326240202791524e-01,8.221503247901026379e-01,3.671703359459148608e-01,1.744948116957961703e-01
7.308473771269638486e-02,1.616774733708305212e-01,2.630523768285963904e-02,5.034096228633478942e-01,3.939580451761886537e-01,6.698900358008155198e-01,5.364171453798697309e-01,1.752323598431488882e-01
6.351671289771924911e-02,1.958664889167976986e-01,5.246576381198417294e-02,5.038269964464801021e-01,3.976678688490902225e-01,6.198986874855665352e-01,8.014145217546295719e-01,1.720530649588372096e-01
5.853080174806706004e-02,2.666835428006665842e-01,1.936074018947158693e-01,4.763416434113807441e-01,3.984160826507293640e-01,7.408569505859073923e-01,4.956801427620200484e-01,1.735139721899121856e-01
2.523748692944811217e-02,6.479395665754078548e-01,7.461870814868627466e-01,5.605668784379813641e-01,3.056566168976933562e-01,6.891388861428169310e-01,5.133935650078581547e-01,1.745481548535300631e-01
4.680094470520066580e-02,4.737237033771828365e-01,4.247746453154385149e-01,5.013999473618173663e-01,3.546928813618364096e-01,7.320335650653106985e-01,3.579536473210847558e-01,1.756148669932334483e-01
2.872882565488142637e-03,1.245561757648997736e-01,3.467102449795356200e-01,4.721687623481978235e-01,4.812003357499686773e-01,6.014548745388825779e-01,5.503797571222208695e-01,1.739229350459784162e-01
9.111602181888917018e-04,4.706565906153942214e-02,3.514227818380102342e-01,5.223156311976165922e-01,4.729182535351924566e-01,6.874763767192989539e-01,7.769057497593138129e-01,1.722722431771761820e-01
1.086505663865301591e-01,1.391796633169373465e-01,1.350010504762655383e-02,4.759113311414676639e-01,3.656771414008380683e-01,9.052231484878505707e-01,5.470981682565274618e-01,1.745601536521527997e-01
4.235410725086383166e-02,2.871150404466277783e-01,3.658159709131648674e-01,5.108683151809176870e-01,3.494239066521560022e-01,8.552528036403408418e-01,5.890667514634304602e-01,1.752389281250594510e-01
4.550316898228308482e-02,3.268353555446706915e-01,3.795845937374351942e-01,4.402756289933446032e-01,4.088482400565540131e-01,7.521726057133552024e-01,5.013088305339651329e-01,1.743059939608985753e-01
1.352778140401520585e-02,4.384523383500141258e-01,5.878891303833062576e-01,5.536520787852742265e-01,3.283525835068767940e-01,6.762450190718386489e-01,8.420079556861874703e-01,1.730295916243887733e-01
1.639542842087755165e-02,1.950631421356359418e-01,4.487409840122907889e-01,5.203227063294812993e-01,4.255559078856810395e-01,8.134259689436894591e-01,5.193932147273061517e-01,1.744051733874669718e-01
4.179950542373057909e-02,1.685141348393503768e-01,1.062407588900267652e-01,5.250895297438090692e-01,4.127668018521644111e-01,5.934932438426656631e-01,2.548483100299010484e-01,1.769766829096249827e-01
7.974570221708668361e-02,4.327986789365615983e-01,1.129014172596301546e-01,4.471299673568789879e-01,3.672628499761343424e-01,5.915461609393798392e-01,5.027587858419189093e-01,1.748273886812375388e-01
7.493264247067074613e-02,1.034864448221750610e-01,2.680809778782528019e-02,4.138253763686091657e-01,4.574891527250351531e-01,5.999390957925830881e-01,5.915845444391053531e-01,1.744550701461719255e-01
1.294568979147470711e-01,6.638226614623239374e-01,1.400534278300167856e-01,4.555102705689953457e-01,2.816367893853412019e-01,8.126944869919152659e-01,6.622154990450206391e-01,1.740230655330890774e-01
4.203988610513485769e-03,4.336245918718126813e-01,7.251299230030606724e-01,5.880262229984321021e-01,3.634144377366066991e-01,7.408130352705041277e-01,3.833711634582396277e-01,1.758908720249383051e-01
3.849406302768816623e-03,1.268841123356841960e-01,6.229791718864291505e-02,5.927533581023324283e-01,4.431283172884070143e-01,3.600012417875009252e-01,6.070036968488866647e-01,1.759029885515812075e-01
1.106670551107649669e-04,1.726702043826299771e-01,3.238440698527696449e-01,5.442778013288415151e-01,4.312572964636287032e-01,6.145770302178518163e-01,4.829032878795912476e-01,1.741506352926435741e-01
9.730362699323520659e-02,5.881878995781703034e-02,1.232781384151892534e-01,3.295648914551505548e-01,4.904789581684425581e-01,9.240317562259725559e-01,4.054847446615852391e-01,1.737774267148465279e-01
2.088702675481309695e-02,5.650647359647901213e-01,8.540528475390795071e-01,4.605966780038009967e-01,3.601978585710593483e-01,7.456036462244575169e-01,4.131969371891816012e-01,1.756525837672065493e-01
1.942155818091565594e-02,1.730197719191376993e-01,1.363253874632114337e-02,4.724557242175765337e-01,5.115402253504389707e-01,2.766126303092492078e-01,3.279678237692089104e-01,1.765028856867073837e-01
8.876325756798525424e-02,1.312081004782475468e-01,7.792511252909373187e-02,4.573473617798065050e-01,3.898388616774682847e-01,8.489032436722063757e-01,5.274033000604847476e-01,1.754550625880680337e-01
1.097651283805576999e-01,2.748262584146052845e-01,1.660983976025799391e-01,4.312258028793632958e-01,3.849560577150192286e-01,9.710154152263408278e-01,4.720978964274231693e-01,1.750160132409270819e-01
9.685975606903581003e-02,9.001378042780430744e-02,8.503667374597426165e-02,3.815909709268578975e-01,4.469831517857414949e-01,8.788809456658800423e-01,1.752644687518386535e-01,1.763685230854769304e-01
6.744871006158002780e-02,3.245968124194859028e-01,3.605352961998614658e-02,5.954801806653922114e-01,3.086496942553958456e-01,6.652161073653802825e-01,6.035384115117909953e-01,1.739438161834813423e-01
3.421075813814452443e-02,7.766619140352792883e-02,2.610084432401724719e-01,4.007726722927793528e-01,5.048671963211742719e-01,6.902974807177696404e-01,1.366436749840886367e-01,1.766054576835651146e-01
6.224861447189268537e-02,4.272651375210311797e-01,1.785886860702955992e-01,5.016547165056070012e-01,3.535089190195236375e-01,5.731753484372634766e-01,5.687616587356468800e-01,1.744771321025255506e-01
1.166062254207154286e-02,4.136396511762536199e-01,6.703146365202794499e-01,5.359217622277917537e-01,3.424916393306124407e-01,8.122350607785947529e-01,6.382467111739538179e-01,1.741362764941544738e-01
2.454818241291377087e-02,1.865346335089022312e-01,2.945476535948625130e-01,4.978675392691730983e-01,4.336298836186885941e-01,7.137090933700585005e-01,1.949648456273755381e-01,1.760841265626588437e-01
7.683549407936385300e-02,5.529123424125005348e-01,4.256559975174872834e-02,5.767615921744786434e-01,2.717675207105750279e-01,4.994534479980006769e-01,7.641681919380067800e-01,1.742248244158811354e-01
7.576318352978078652e-02,9.750451096613765856e-03,5.671224080857797945e-02,4.428502937555178209e-01,4.349826595279231434e-01,7.995114412135044812e-01,7.073544919911824991e-01,1.737240967370143885e-01
7.976633507203942375e-02,2.021255010461337209e-01,3.475819383119416184e-02,4.873547093584991718e-01,3.888707990996521646e-01,6.654887210195156166e-01,6.347441201925756449e-01,1.745536878898427680e-01
7.393973813533707973e-02,4.345487349534525867e-01,1.585443910091701158e-01,4.717903577633626999e-01,3.418979735069010983e-01,6.694918706991663804e-01,5.122606577143862250e-01,1.748311291952753255e-01
6.007313398451924469e-03,5.136312780568921266e-01,7.378559361232124303e-01,6.232787314677773471e-01,3.203015432522281492e-01,7.299684361781141329e-01,3.804326379609762609e-01,1.762015118595683383e-01
4.213292766253402821e-02,2.703612407039338583e-01,3.184793125402951008e-01,4.840135131739299323e-01,4.047614623762311736e-01,7.335494834488915927e-01,2.178930229248839945e-01,1.771323750564973432e-01
6.066760838309982057e-02,9.629869481063579872e-02,1.905125859608509109e-01,4.851283945062002667e-01,4.327658511422173837e-01,8.384949130295569208e-01,5.146447706122089238e-01,1.745693322257427793e-01
6.467764904762383915e-03,4.858206745232191981e-01,8.167428990719638460e-01,4.663402015365730735e-01,4.126517342297813529e-01,6.235352803440902258e-01,1.265238597970431145e-01,1.770620343953933917e-01
3.614527599530442670e-02,1.681947875388535019e-01,8.897260782626678632e-02,5.360958448954624700e-01,4.161968892482869609e-01,5.682103518362543459e-01,3.612932003329741848e-01,1.753564086850720738e-01
3.116740645893870468e-02,1.144260972964043499e-01,7.958649042827550812e-02,5.132876730089307449e-01,4.180793613950755661e-01,5.596776455464020916e-01,7.498747014534319355e-01,1.726955954438567920e-01
