logz logzerr logvol nlive logl logwt insert_order
-inf nan 0.000000000000000000e+00 4.000000000000000000e+02 -5.553247834876676734e+02 -5.613174977743590262e+02 1.935000000000000053e+00
-5.613174977743590262e+02 nan -2.500000000000000052e-03 4.000000000000000000e+02 -4.100908425463111939e+02 -4.160860568330025444e+02 1.350000000000000089e-01
-4.160860568330025444e+02 nan -5.000000000000000104e-03 4.000000000000000000e+02 -3.852003131985798063e+02 -3.911980274852711545e+02 5.799999999999999600e-01
-3.911980274852556363e+02 nan -7.499999999999999722e-03 4.000000000000000000e+02 -3.557196767015010437e+02 -3.617198909881923896e+02 1.739999999999999991e+00
-3.617198909881922191e+02 1.769972518839340836e+01 -1.000000000000000021e-02 4.000000000000000000e+02 -3.422230655237705719e+02 -3.482257798104619155e+02 4.050000000000000266e-01
-3.482257784314066384e+02 1.565486536496499781e+01 -1.250000000000000069e-02 4.000000000000000000e+02 -3.285535201465295359e+02 -3.345587344332208772e+02 1.435000000000000053e+00
-3.345587332731675474e+02 2.064573684660244624e+01 -1.500000000000000118e-02 4.000000000000000000e+02 -2.694840414727343614e+02 -2.754917557594257005e+02 1.925000000000000044e+00
-2.754917557594257005e+02 3.213447089527316081e+01 -1.750000000000000167e-02 4.000000000000000000e+02 -2.637263528427204733e+02 -2.697365671294118101e+02 1.445000000000000062e+00
-2.697334058223190709e+02 2.556879530288825642e+00 -2.000000000000000042e-02 4.000000000000000000e+02 -2.234473875915463168e+02 -2.294601018782376798e+02 9.849999999999999867e-01
-2.294601018782376798e+02 1.962337013935209384e+01 -2.249999999999999917e-02 4.000000000000000000e+02 -1.934066067278418473e+02 -1.994218210145332080e+02 5.799999999999999600e-01
-1.994218210145331227e+02 2.614906167622796573e+01 -2.499999999999999792e-02 4.000000000000000000e+02 -1.888792897187244364e+02 -1.948970040054157948e+02 1.205000000000000071e+00
-1.948862256043670129e+02 2.752717199128553816e+01 -2.749999999999999667e-02 4.000000000000000000e+02 -1.841511743766930636e+02 -1.901713886633844197e+02 2.700000000000000178e-01
-1.901624672506236493e+02 2.599581884446314994e+00 -2.999999999999999542e-02 4.000000000000000000e+02 -1.765368722350538349e+02 -1.825595865217451887e+02 7.000000000000000666e-02
-1.825590876343671312e+02 4.350604509456335478e+00 -3.249999999999999417e-02 4.000000000000000000e+02 -1.623283617993027974e+02 -1.683535760859941490e+02 1.110000000000000098e+00
-1.683535754089381840e+02 7.940061029313428165e+00 -3.499999999999999639e-02 4.000000000000000000e+02 -1.446940017214230068e+02 -1.507217160081143561e+02 1.870000000000000107e+00
-1.507217159861063465e+02 1.347521308837795928e+01 -3.749999999999999861e-02 4.000000000000000000e+02 -1.439329632760217237e+02 -1.499631775627130708e+02 7.000000000000000666e-02
-1.495790379300323423e+02 5.320660266938511462e+00 -4.000000000000000083e-02 4.000000000000000000e+02 -1.288851788068138831e+02 -1.349178930935052279e+02 3.950000000000000178e-01
-1.349178926642203464e+02 1.028034568284546246e+01 -4.250000000000000305e-02 4.000000000000000000e+02 -1.274806745654743452e+02 -1.335158888521657161e+02 1.499999999999999944e-01
-1.332958675101037898e+02 7.230069108684371137e+00 -4.500000000000000527e-02 4.000000000000000000e+02 -1.217360438294700629e+02 -1.277737581161614173e+02 9.150000000000000355e-01
-1.277697686776277379e+02 5.991635971337125888e+00 -4.750000000000000749e-02 4.000000000000000000e+02 -1.139272992161860856e+02 -1.199675135028774378e+02 6.600000000000000311e-01
-1.199671047744221539e+02 4.285700274540937826e+00 -5.000000000000000971e-02 4.000000000000000000e+02 -1.083018808906187900e+02 -1.143445951773101399e+02 1.004999999999999893e+00
-1.143409861415966020e+02 4.962849627566666477e+00 -5.250000000000001193e-02 4.000000000000000000e+02 -1.044996536575642239e+02 -1.105448679442555857e+02 1.530000000000000027e+00
-1.105226586275748275e+02 3.944684798614808585e+00 -5.500000000000001416e-02 4.000000000000000000e+02 -9.937695305573507198e+01 -1.054246673424264316e+02 1.719999999999999973e+00
-1.054185769212519830e+02 2.479148838360523577e+00 -5.750000000000001638e-02 4.000000000000000000e+02 -9.791587690784884046e+01 -1.039660911945401978e+02 1.799999999999999933e-01
-1.037558400466180757e+02 2.854022444712546402e+00 -6.000000000000001860e-02 4.000000000000000000e+02 -9.469286134043201741e+01 -1.007455756271233724e+02 1.294999999999999929e+00
-1.006974727020937195e+02 1.569716081338782043e+00 -6.250000000000001388e-02 4.000000000000000000e+02 -8.691818438738576447e+01 -9.297339867407711722e+01 1.389999999999999902e+00
-9.297295671577317933e+01 4.306054594031817118e+00 -6.500000000000001610e-02 4.000000000000000000e+02 -8.662741977168937524e+01 -9.268513405838072572e+01 1.429999999999999938e+00
-9.212557851871407877e+01 3.884738153786440051e+00 -6.750000000000001832e-02 4.000000000000000000e+02 -8.599172147455949755e+01 -9.205193576125085997e+01 7.850000000000000311e-01
-9.139493220558726705e+01 3.445508815493417476e+00 -7.000000000000002054e-02 4.000000000000000000e+02 -8.537047299062736272e+01 -9.143318727731872286e+01 1.284999999999999920e+00
-9.072072964073242929e+01 3.679410961588680085e+00 -7.250000000000002276e-02 4.000000000000000000e+02 -8.506125270526922577e+01 -9.112646699196058364e+01 6.550000000000000266e-01
-9.021001290532063877e+01 6.126309184962047683e-01 -7.500000000000002498e-02 4.000000000000000000e+02 -8.463393532165441968e+01 -9.070164960834577528e+01 2.250000000000000056e-01
-8.973277021217913330e+01 6.415927154458728188e-01 -7.750000000000002720e-02 4.000000000000000000e+02 -8.032783568726866008e+01 -8.639804997396001340e+01 9.500000000000000111e-02
-8.636304529811781094e+01 8.012021098589918733e-01 -8.000000000000002942e-02 4.000000000000000000e+02 -7.853700725055524856e+01 -8.460972153724659961e+01 9.949999999999999956e-01
-8.444998876413646371e+01 1.394542908202769382e+00 -8.250000000000003164e-02 4.000000000000000000e+02 -7.752270006719540163e+01 -8.359791435388676462e+01 1.495000000000000107e+00
-8.324266998081367319e+01 1.402148383795647213e+00 -8.500000000000003386e-02 4.000000000000000000e+02 -7.707056764984821484e+01 -8.314828193653957555e+01 1.810000000000000053e+00
-8.250121555340500379e+01 7.478634640425378954e-01 -8.750000000000003608e-02 4.000000000000000000e+02 -7.236585712495815415e+01 -7.844607141164951258e+01 1.209999999999999964e+00
-7.842888693263891753e+01 2.203695835631551692e+00 -9.000000000000003830e-02 4.000000000000000000e+02 -7.234260975849473141e+01 -7.842532404518608757e+01 1.570000000000000062e+00
-7.773395672158251557e+01 2.470249463247800925e+00 -9.250000000000004052e-02 4.000000000000000000e+02 -7.214101373971723774e+01 -7.822622802640859163e+01 4.400000000000000022e-01
-7.725695481753675153e+01 2.286975980572118594e+00 -9.500000000000004274e-02 4.000000000000000000e+02 -7.077964000081097140e+01 -7.686735428750232302e+01 7.850000000000000311e-01
-7.635015259866283088e+01 8.760418381000121268e-01 -9.750000000000004496e-02 4.000000000000000000e+02 -6.974979273241882538e+01 -7.584000701911018893e+01 4.849999999999999867e-01
-7.536974831908682404e+01 1.152843847628285179e+00 -1.000000000000000472e-01 4.000000000000000000e+02 -6.932653051321321414e+01 -7.541924479990457542e+01 1.895000000000000018e+00
-7.470104317248949144e+01 8.509823277408367082e-01 -1.025000000000000494e-01 4.000000000000000000e+02 -6.800146568260525726e+01 -7.409667996929661626e+01 9.649999999999999689e-01
-7.366073591552594735e+01 4.576902274603366072e-01 -1.050000000000000516e-01 4.000000000000000000e+02 -6.739645162683291346e+01 -7.349416591352427020e+01 4.499999999999999833e-02
-7.288083954032903478e+01 9.321391016564558596e-01 -1.075000000000000538e-01 4.000000000000000000e+02 -6.669062090502279716e+01 -7.279083519171415162e+01 8.399999999999999689e-01
-7.214167792921577416e+01 9.101044967441842548e-01 -1.100000000000000561e-01 4.000000000000000000e+02 -6.640845425509802169e+01 -7.251116854178937388e+01 1.084999999999999964e+00
-7.161630684247539591e+01 9.580303550699892368e-01 -1.125000000000000583e-01 4.000000000000000000e+02 -6.529845650531558476e+01 -7.140367079200694889e+01 1.010000000000000009e+00
-7.081120049092011470e+01 7.260101889365994099e-01 -1.150000000000000605e-01 4.000000000000000000e+02 -6.401541946496236335e+01 -7.012313375165372520e+01 1.250000000000000000e+00
-6.971597229362156156e+01 7.082210218143084601e-01 -1.175000000000000627e-01 4.000000000000000000e+02 -6.067274023722265497e+01 -6.678295452391401454e+01 4.450000000000000067e-01
-6.673108706036877891e+01 1.597005686411369529e+00 -1.200000000000000649e-01 4.000000000000000000e+02 -6.034117241601941828e+01 -6.645388670271077558e+01 1.534999999999999920e+00
-6.588976529161355700e+01 5.619107076803346867e-01 -1.225000000000000672e-01 4.000000000000000000e+02 -5.972866368518095470e+01 -6.584387797187231683e+01 1.675000000000000044e+00
-6.517341126850804756e+01 6.652049725115799506e-01 -1.250000000000000555e-01 4.000000000000000000e+02 -5.833588216764938039e+01 -6.445359645434074025e+01 1.749999999999999889e-01
-6.405694177504240372e+01 1.261899924604915846e+00 -1.275000000000000577e-01 4.000000000000000000e+02 -5.761045645766510148e+01 -6.373067074435645907e+01 9.899999999999999911e-01
-6.318741108729386013e+01 1.073338993775358130e+00 -1.300000000000000600e-01 4.000000000000000000e+02 -5.684416346987946156e+01 -6.296687775657081687e+01 4.450000000000000067e-01
-6.237793015240492878e+01 1.437019107891379877e+00 -1.325000000000000622e-01 4.000000000000000000e+02 -5.665659053145108004e+01 -6.278180481814244018e+01 1.324999999999999956e+00
-6.186646804811768874e+01 1.436690546485934750e+00 -1.350000000000000644e-01 4.000000000000000000e+02 -5.637670057906456123e+01 -6.250441486575591910e+01 1.824999999999999956e+00
-6.144226220722283927e+01 1.249360686087415351e+00 -1.375000000000000666e-01 4.000000000000000000e+02 -5.492274604911258251e+01 -6.105296033580393811e+01 1.030000000000000027e+00
-6.053563803385574715e+01 9.726203235796269109e-01 -1.400000000000000688e-01 4.000000000000000000e+02 -5.480561299638199557e+01 -6.093832728307334889e+01 1.699999999999999956e+00
-6.002370114171556992e+01 9.378613697385941306e-01 -1.425000000000000711e-01 4.000000000000000000e+02 -5.390477159217572023e+01 -6.003998587886707838e+01 1.945000000000000062e+00
-5.933866318101464543e+01 1.104562813866301951e+00 -1.450000000000000733e-01 4.000000000000000000e+02 -5.378004529970143466e+01 -5.991775958639279054e+01 1.120000000000000107e+00
-5.889371808800747488e+01 1.087635392599838324e+00 -1.475000000000000755e-01 4.000000000000000000e+02 -5.357433118091195468e+01 -5.971454546760331539e+01 1.014999999999999902e+00
-5.852902816922993168e+01 1.008463159566254541e+00 -1.500000000000000777e-01 4.000000000000000000e+02 -5.320873712740419137e+01 -5.935145141409554981e+01 9.449999999999999512e-01
-5.816482565765847568e+01 8.932564882516432769e-01 -1.525000000000000799e-01 4.000000000000000000e+02 -5.307873760873649616e+01 -5.922395189542785232e+01 1.534999999999999920e+00
-5.786712494285793440e+01 7.622990737786763393e-01 -1.550000000000000822e-01 4.000000000000000000e+02 -5.251998271805018703e+01 -5.866769700474154092e+01 8.500000000000000611e-02
-5.749620159569349909e+01 6.318487827448940886e-01 -1.575000000000000844e-01 4.000000000000000000e+02 -5.227347612379400488e+01 -5.842369041048536360e+01 1.084999999999999964e+00
-5.716291603621533568e+01 6.700643011342451993e-01 -1.600000000000000866e-01 4.000000000000000000e+02 -5.193614964490754460e+01 -5.808886393159890105e+01 1.000000000000000000e+00
-5.682919348590466058e+01 6.452049196111820928e-01 -1.625000000000000888e-01 4.000000000000000000e+02 -5.182447487518930984e+01 -5.797968916188067112e+01 1.540000000000000036e+00
-5.655423208494257636e+01 6.660518862595312672e-01 -1.650000000000000910e-01 4.000000000000000000e+02 -5.165547580410459005e+01 -5.781319009079594906e+01 6.300000000000000044e-01
-5.630429101877602704e+01 7.637955361528266929e-01 -1.675000000000000933e-01 4.000000000000000000e+02 -5.100136952210088026e+01 -5.716158380879223699e+01 8.950000000000000178e-01
-5.595060407837238614e+01 5.591892016770891871e-01 -1.700000000000000955e-01 4.000000000000000000e+02 -5.075951863418175947e+01 -5.692223292087311393e+01 9.599999999999999645e-01
-5.562963273789747376e+01 3.650041837980411707e-01 -1.725000000000000977e-01 4.000000000000000000e+02 -5.033332885699213222e+01 -5.649854314368349151e+01 9.849999999999999867e-01
-5.527939265368100052e+01 5.158401445300829780e-01 -1.750000000000000999e-01 4.000000000000000000e+02 -5.020401510432779446e+01 -5.637172939101915148e+01 1.929999999999999938e+00
-5.499013799742303377e+01 5.125952467800409806e-01 -1.775000000000001021e-01 4.000000000000000000e+02 -4.904642383310402920e+01 -5.521663811979538394e+01 9.599999999999999645e-01
-5.440384175111915965e+01 6.778419233980321756e-01 -1.800000000000001044e-01 4.000000000000000000e+02 -4.792575168132277241e+01 -5.409846596801413199e+01 1.764999999999999902e+00
-5.354639489691454912e+01 1.043036176574658080e+00 -1.825000000000001066e-01 4.000000000000000000e+02 -4.778712320298235738e+01 -5.396233748967371469e+01 1.879999999999999893e+00
-5.303974710294128414e+01 1.104853080522787412e+00 -1.850000000000001088e-01 4.000000000000000000e+02 -4.776568335412865451e+01 -5.394339764082000954e+01 5.150000000000000133e-01
-5.269964704940965561e+01 1.136959501342589496e+00 -1.875000000000001110e-01 4.000000000000000000e+02 -4.728484154888824520e+01 -5.346505583557960506e+01 1.900000000000000022e-01
-5.231769369040696915e+01 5.515104035168527652e-01 -1.900000000000001132e-01 4.000000000000000000e+02 -4.717667166731426676e+01 -5.335938595400562434e+01 1.549999999999999989e-01
-5.201547500143034597e+01 5.243228346279974472e-01 -1.925000000000001155e-01 4.000000000000000000e+02 -4.710973060421680714e+01 -5.329494489090816245e+01 5.899999999999999689e-01
-5.177003410973514974e+01 5.306991323984006081e-01 -1.950000000000001177e-01 4.000000000000000000e+02 -4.650757723955162959e+01 -5.269529152624298973e+01 1.364999999999999991e+00
-5.143611558930290784e+01 6.210000569940614668e-01 -1.975000000000001199e-01 4.000000000000000000e+02 -4.646017132581504683e+01 -5.265038561250640470e+01 1.044999999999999929e+00
-5.117611821232623015e+01 6.818208230903329836e-01 -2.000000000000001221e-01 4.000000000000000000e+02 -4.521774349733734510e+01 -5.141045778402870070e+01 1.104999999999999982e+00
-5.059329208756410168e+01 7.857208461069352667e-01 -2.025000000000001243e-01 4.000000000000000000e+02 -4.517802536134538371e+01 -5.137323964803674414e+01 1.685000000000000053e+00
-5.021593153825823919e+01 8.954266863034568980e-01 -2.050000000000001266e-01 4.000000000000000000e+02 -4.455865436790367085e+01 -5.075636865459502900e+01 3.699999999999999956e-01
-4.975692972057145624e+01 5.870104800152803337e-01 -2.075000000000001288e-01 4.000000000000000000e+02 -4.424841299974761455e+01 -5.044862728643897043e+01 1.004999999999999893e+00
-4.935098117404125162e+01 4.956921642616594625e-01 -2.100000000000001310e-01 4.000000000000000000e+02 -4.342877224680960069e+01 -4.963148653350096140e+01 9.350000000000000533e-01
-4.878828334306343351e+01 7.976559167967407493e-01 -2.125000000000001332e-01 4.000000000000000000e+02 -4.299747372314529059e+01 -4.920268800983664903e+01 1.400000000000000133e-01
-4.828102395862171647e+01 8.089050442187447620e-01 -2.150000000000001354e-01 4.000000000000000000e+02 -4.257617413849005317e+01 -4.878388842518140933e+01 1.889999999999999902e+00
-4.780802746316549445e+01 7.683336577644723775e-01 -2.175000000000001377e-01 4.000000000000000000e+02 -4.184416095062475449e+01 -4.805437523731610838e+01 1.080000000000000071e+00
-4.723048737117712648e+01 7.669046480602172977e-01 -2.200000000000001399e-01 4.000000000000000000e+02 -4.170177075549168677e+01 -4.791448504218304549e+01 1.620000000000000107e+00
-4.682196311561384050e+01 8.265473626396507845e-01 -2.225000000000001421e-01 4.000000000000000000e+02 -4.168647032646966721e+01 -4.790168461316102366e+01 3.950000000000000178e-01
-4.652952478436260719e+01 6.071092141606910797e-01 -2.250000000000001443e-01 4.000000000000000000e+02 -4.133264855158205364e+01 -4.755036283827341492e+01 4.650000000000000244e-01
-4.622182476311637345e+01 4.969718403371061188e-01 -2.275000000000001465e-01 4.000000000000000000e+02 -4.065290036450668509e+01 -4.687311465119804410e+01 9.799999999999999822e-01
-4.580221165808728045e+01 4.840602291867152074e-01 -2.300000000000001488e-01 4.000000000000000000e+02 -4.046161612994379908e+01 -4.668433041663515581e+01 1.004999999999999893e+00
-4.545585626599953599e+01 4.910009035230636920e-01 -2.325000000000001510e-01 4.000000000000000000e+02 -4.006734458213917804e+01 -4.629255886883053250e+01 1.475000000000000089e+00
-4.509599094092521909e+01 4.851586838319260631e-01 -2.350000000000001532e-01 4.000000000000000000e+02 -3.989312828052438675e+01 -4.612084256721574604e+01 4.749999999999999778e-01
-4.478935240398523376e+01 4.995716469816013916e-01 -2.375000000000001554e-01 4.000000000000000000e+02 -3.960845999779907345e+01 -4.583867428449043047e+01 5.000000000000000104e-03
-4.448911809461684896e+01 5.045908593749768301e-01 -2.400000000000001577e-01 4.000000000000000000e+02 -3.877640869688404734e+01 -4.500912298357540209e+01 1.364999999999999991e+00
-4.402254682330855218e+01 4.356202005842043090e-01 -2.425000000000001599e-01 4.000000000000000000e+02 -3.756704330929699864e+01 -4.380225759598835822e+01 1.150000000000000050e-01
-4.321320133671555652e+01 6.876560538286093927e-01 -2.450000000000001621e-01 4.000000000000000000e+02 -3.617984379383153026e+01 -4.241755808052288756e+01 1.939999999999999947e+00
-4.204510468156323100e+01 1.375266992775665997e+00 -2.475000000000001643e-01 4.000000000000000000e+02 -3.542853180815628633e+01 -4.166874609484764136e+01 1.340000000000000080e+00
-4.114617600567775213e+01 1.611593646650183231e+00 -2.500000000000001665e-01 4.000000000000000000e+02 -3.538687509710190682e+01 -4.162958938379326668e+01 4.650000000000000244e-01
-4.066580452706530480e+01 1.184094005370758707e+00 -2.525000000000001688e-01 4.000000000000000000e+02 -3.512111179487333601e+01 -4.136632608156469360e+01 1.469999999999999973e+00
-4.026279150618692171e+01 9.855914417299290742e-01 -2.550000000000001710e-01 4.000000000000000000e+02 -3.484168333192037181e+01 -4.108939761861172713e+01 8.500000000000000611e-02
-3.989986395866704072e+01 5.608842055678664451e-01 -2.575000000000001732e-01 4.000000000000000000e+02 -3.476429486666693691e+01 -4.101450915335829706e+01 4.099999999999999756e-01
-3.961616607836064219e+01 4.398558508809770062e-01 -2.600000000000001754e-01 4.000000000000000000e+02 -3.447106668088097337e+01 -4.072378096757233124e+01 2.800000000000000266e-01
-3.933072706931256590e+01 5.207786768886252249e-01 -2.625000000000001776e-01 4.000000000000000000e+02 -3.438918260504271274e+01 -4.064439689173406833e+01 1.050000000000000044e+00
-3.909263052973614805e+01 6.238035198857643238e-01 -2.650000000000001799e-01 4.000000000000000000e+02 -3.436241832038453481e+01 -4.062013260707589524e+01 2.250000000000000056e-01
-3.889617825613476754e+01 3.773352908526429461e-01 -2.675000000000001821e-01 4.000000000000000000e+02 -3.415335059437727949e+01 -4.041356488106863765e+01 9.200000000000000400e-01
-3.869791428214099227e+01 4.877989299962311454e-01 -2.700000000000001843e-01 4.000000000000000000e+02 -3.329664368190586288e+01 -3.955935796859721876e+01 7.299999999999999822e-01
-3.834546211478095046e+01 5.013429236257577193e-01 -2.725000000000001865e-01 4.000000000000000000e+02 -3.298732020404056442e+01 -3.925253449073191803e+01 1.364999999999999991e+00
-3.800634737954306530e+01 7.828529619186157529e-01 -2.750000000000001887e-01 4.000000000000000000e+02 -3.288077010058990624e+01 -3.914848438728126467e+01 1.334999999999999964e+00
-3.772937017843442220e+01 8.378029479956383696e-01 -2.775000000000001910e-01 4.000000000000000000e+02 -3.264872752593137761e+01 -3.891894181262273378e+01 1.799999999999999933e-01
-3.746366411172763833e+01 5.796640104339892963e-01 -2.800000000000001932e-01 4.000000000000000000e+02 -3.262083027995846862e+01 -3.889354456664982251e+01 1.799999999999999933e-01
-3.724908712313219183e+01 4.713449000397864075e-01 -2.825000000000001954e-01 4.000000000000000000e+02 -3.216228244591110297e+01 -3.843749673260246169e+01 1.860000000000000098e+00
-3.698310979393738052e+01 4.801135068446809595e-01 -2.850000000000001976e-01 4.000000000000000000e+02 -3.182317595936788024e+01 -3.810089024605923669e+01 3.599999999999999867e-01
-3.670018542703766684e+01 5.032207561409590690e-01 -2.875000000000001998e-01 4.000000000000000000e+02 -3.127625487604470322e+01 -3.755646916273606450e+01 4.550000000000000155e-01
-3.634619777753979974e+01 6.058289291567996449e-01 -2.900000000000002021e-01 4.000000000000000000e+02 -3.127550902465215898e+01 -3.755822331134351799e+01 1.745000000000000107e+00
-3.608568608797816069e+01 5.964951859305397397e-01 -2.925000000000002043e-01 4.000000000000000000e+02 -3.120794907215186953e+01 -3.749316335884322626e+01 1.604999999999999982e+00
-3.586674337338460106e+01 4.157350106621603980e-01 -2.950000000000002065e-01 4.000000000000000000e+02 -3.076682601896799341e+01 -3.705454030565935142e+01 1.699999999999999956e+00
-3.560062292381557114e+01 4.487151746822611864e-01 -2.975000000000002087e-01 4.000000000000000000e+02 -3.074444779265325778e+01 -3.703466207934461352e+01 6.149999999999999911e-01
-3.538684770598344187e+01 3.505084838773636635e-01 -3.000000000000002109e-01 4.000000000000000000e+02 -3.037677351048709795e+01 -3.666948779717845497e+01 1.969999999999999973e+00
-3.514209592336454335e+01 4.234420611867398820e-01 -3.025000000000002132e-01 4.000000000000000000e+02 -3.020160156992629297e+01 -3.649681585661765126e+01 1.614999999999999991e+00
-3.491255722702835129e+01 4.574709799881200856e-01 -3.050000000000002154e-01 4.000000000000000000e+02 -2.989952808555883124e+01 -3.619724237225018726e+01 1.449999999999999956e+00
-3.466824907271692524e+01 5.381107574837958873e-01 -3.075000000000002176e-01 4.000000000000000000e+02 -2.988307292175663932e+01 -3.618328720844799307e+01 1.639999999999999902e+00
-3.446956232377984719e+01 5.115327994381212440e-01 -3.100000000000002198e-01 4.000000000000000000e+02 -2.983270457675370224e+01 -3.613541886344506082e+01 1.645000000000000018e+00
-3.429642558688339449e+01 3.932824004372747484e-01 -3.125000000000002220e-01 4.000000000000000000e+02 -2.979081772454606281e+01 -3.609603201123741911e+01 5.350000000000000311e-01
-3.414339213780388604e+01 3.118192446826744124e-01 -3.150000000000002243e-01 4.000000000000000000e+02 -2.946406037382027776e+01 -3.577177466051163890e+01 2.000000000000000000e+00
-3.396420319736562021e+01 3.081201173624598111e-01 -3.175000000000002265e-01 4.000000000000000000e+02 -2.917771477356545873e+01 -3.548792906025681759e+01 1.649999999999999911e+00
-3.376707635449670164e+01 3.058251270543715372e-01 -3.200000000000002287e-01 4.000000000000000000e+02 -2.905496327420144098e+01 -3.536767756089280113e+01 1.400000000000000133e-01
-3.358327657997426030e+01 3.896312880181359573e-01 -3.225000000000002309e-01 4.000000000000000000e+02 -2.882807442639536077e+01 -3.514328871308671864e+01 1.245000000000000107e+00
-3.339254587801417529e+01 4.099313346194338181e-01 -3.250000000000002331e-01 4.000000000000000000e+02 -2.874633925350817520e+01 -3.506405354019953080e+01 3.250000000000000111e-01
-3.322030540965436529e+01 4.061653742799503086e-01 -3.275000000000002354e-01 4.000000000000000000e+02 -2.864118147309413587e+01 -3.496139575978549630e+01 3.400000000000000244e-01
-3.305875719385790035e+01 3.877079198092188150e-01 -3.300000000000002376e-01 4.000000000000000000e+02 -2.852933347702258970e+01 -3.485204776371394786e+01 1.469999999999999973e+00
-3.290482509921741894e+01 4.212933078378089946e-01 -3.325000000000002398e-01 4.000000000000000000e+02 -2.783270489824207061e+01 -3.415791918493342649e+01 9.350000000000000533e-01
-3.265358424306673868e+01 5.690282573702656332e-01 -3.350000000000002420e-01 4.000000000000000000e+02 -2.775612126531555290e+01 -3.408383555200691006e+01 1.209999999999999964e+00
-3.243907886208761226e+01 6.008735417411067425e-01 -3.375000000000002442e-01 4.000000000000000000e+02 -2.732535748171859780e+01 -3.365557176840995623e+01 8.699999999999999956e-01
-3.217958997021968059e+01 6.435873544102959087e-01 -3.400000000000002465e-01 4.000000000000000000e+02 -2.664163962642740202e+01 -3.297435391311876174e+01 6.949999999999999512e-01
-3.180686305870414543e+01 7.432026053034966884e-01 -3.425000000000002487e-01 4.000000000000000000e+02 -2.663740784211607604e+01 -3.297262212880742993e+01 2.200000000000000011e-01
-3.153554974080399020e+01 5.039676384709405044e-01 -3.450000000000002509e-01 4.000000000000000000e+02 -2.615866368127928254e+01 -3.249637796797063771e+01 1.979999999999999982e+00
-3.121160139098977737e+01 5.564971345357262456e-01 -3.475000000000002531e-01 4.000000000000000000e+02 -2.597754720625887970e+01 -3.231776149295023970e+01 1.780000000000000027e+00
-3.092580093769363714e+01 6.538267809395389429e-01 -3.500000000000002554e-01 4.000000000000000000e+02 -2.546731134509626315e+01 -3.181002563178762088e+01 1.889999999999999902e+00
-3.058006157590738638e+01 6.001581090495865523e-01 -3.525000000000002576e-01 4.000000000000000000e+02 -2.515098478780154068e+01 -3.149619907449289968e+01 6.500000000000000222e-02
-3.024354555595054705e+01 6.368600952853313846e-01 -3.550000000000002598e-01 4.000000000000000000e+02 -2.504472182469664432e+01 -3.139243611138800105e+01 1.499999999999999944e-02
-2.996819805102556700e+01 5.846209536992102995e-01 -3.575000000000002620e-01 4.000000000000000000e+02 -2.469002096106202515e+01 -3.104023524775338316e+01 1.179999999999999938e+00
-2.967380570325527955e+01 6.986548154426163171e-01 -3.600000000000002642e-01 4.000000000000000000e+02 -2.459290698290571342e+01 -3.094562126959706916e+01 5.849999999999999645e-01
-2.942669392582446974e+01 6.357186120614852776e-01 -3.625000000000002665e-01 4.000000000000000000e+02 -2.449577608607372881e+01 -3.085099037276508582e+01 1.590000000000000080e+00
-2.921103613647484565e+01 6.202371063992492273e-01 -3.650000000000002687e-01 4.000000000000000000e+02 -2.410918699687404398e+01 -3.046690128356540228e+01 1.820000000000000062e+00
-2.896041025003135516e+01 5.398965589122786124e-01 -3.675000000000002709e-01 4.000000000000000000e+02 -2.401509795036983874e+01 -3.037531223706119476e+01 1.885000000000000009e+00
-2.874292312660368509e+01 4.360123595041773825e-01 -3.700000000000002731e-01 4.000000000000000000e+02 -2.375326094313551550e+01 -3.011597522982687281e+01 7.349999999999999867e-01
-2.851711705795665353e+01 3.843946096944546031e-01 -3.725000000000002753e-01 4.000000000000000000e+02 -2.369798525137114709e+01 -3.006319953806250567e+01 1.114999999999999991e+00
-2.832395357920164258e+01 3.756781605269151614e-01 -3.750000000000002776e-01 4.000000000000000000e+02 -2.345537781384108200e+01 -2.982309210053243831e+01 1.950000000000000067e-01
-2.812238309016713345e+01 3.817527060712810894e-01 -3.775000000000002798e-01 4.000000000000000000e+02 -2.344079200667565033e+01 -2.981100629336700791e+01 1.520000000000000018e+00
-2.795283126642749849e+01 4.150178597158571403e-01 -3.800000000000002820e-01 4.000000000000000000e+02 -2.311715882162844693e+01 -2.948987310831980579e+01 1.125000000000000000e+00
-2.775807384524815546e+01 4.323378316359088314e-01 -3.825000000000002842e-01 4.000000000000000000e+02 -2.251495361845066867e+01 -2.889016790514202526e+01 1.149999999999999911e+00
-2.747865770678928499e+01 4.074144863500051006e-01 -3.850000000000002864e-01 4.000000000000000000e+02 -2.250068064972985482e+01 -2.887839493642121269e+01 6.250000000000000000e-01
-2.725818831117967278e+01 4.603871693093945505e-01 -3.875000000000002887e-01 4.000000000000000000e+02 -2.228900882456336063e+01 -2.866922311125471623e+01 6.450000000000000178e-01
-2.703994412269796044e+01 4.866920067398542993e-01 -3.900000000000002909e-01 4.000000000000000000e+02 -2.213765631793517485e+01 -2.852037060462653173e+01 1.290000000000000036e+00
-2.683493144624735294e+01 5.853789017278329121e-01 -3.925000000000002931e-01 4.000000000000000000e+02 -2.201843930565509311e+01 -2.840365359234645126e+01 2.899999999999999800e-01
-2.664570776100812566e+01 5.451682015521671643e-01 -3.950000000000002953e-01 4.000000000000000000e+02 -2.201301039397521109e+01 -2.840072468066657052e+01 1.090000000000000080e+00
-2.648622476603221187e+01 5.044580193107573995e-01 -3.975000000000002975e-01 4.000000000000000000e+02 -2.201006719031061110e+01 -2.840028147700196826e+01 1.700000000000000122e-01
-2.634865576196079928e+01 5.114519639370207482e-01 -4.000000000000002998e-01 4.000000000000000000e+02 -2.175530835724473633e+01 -2.814802264393609477e+01 5.450000000000000400e-01
-2.619558831856812731e+01 3.683968249705480424e-01 -4.025000000000003020e-01 4.000000000000000000e+02 -2.157982938140871809e+01 -2.797504366810007781e+01 1.205000000000000071e+00
-2.603967061131231020e+01 3.684918772809467891e-01 -4.050000000000003042e-01 4.000000000000000000e+02 -2.148437029212758631e+01 -2.788208457881894375e+01 1.909999999999999920e+00
-2.589260107942934042e+01 3.848193531886485719e-01 -4.075000000000003064e-01 4.000000000000000000e+02 -2.131397705190579117e+01 -2.771419133859714989e+01 1.169999999999999929e+00
-2.574265784469998408e+01 3.670363546233951224e-01 -4.100000000000003086e-01 4.000000000000000000e+02 -2.115019360428567907e+01 -2.755290789097703552e+01 1.739999999999999991e+00
-2.559112783513633715e+01 3.229995052748774187e-01 -4.125000000000003109e-01 4.000000000000000000e+02 -2.107543753643896522e+01 -2.748065182313032295e+01 1.965000000000000080e+00
-2.545037183226450495e+01 3.659075035247249530e-01 -4.150000000000003131e-01 4.000000000000000000e+02 -2.099913674138699449e+01 -2.740685102807834994e+01 1.814999999999999947e+00
-2.531815547775293140e+01 3.586253861859036718e-01 -4.175000000000003153e-01 4.000000000000000000e+02 -2.086048595084090707e+01 -2.727070023753226380e+01 7.399999999999999911e-01
-2.518545100822101901e+01 3.579930515432871441e-01 -4.200000000000003175e-01 4.000000000000000000e+02 -2.082593875724661459e+01 -2.723865304393797260e+01 1.120000000000000107e+00
-2.506471823923206443e+01 3.011462560754918361e-01 -4.225000000000003197e-01 4.000000000000000000e+02 -2.079950659828076454e+01 -2.721472088497212383e+01 6.999999999999999556e-01
-2.495453391225392537e+01 3.092567128195098936e-01 -4.250000000000003220e-01 4.000000000000000000e+02 -2.069989328164471587e+01 -2.711760756833607289e+01 1.844999999999999973e+00
-2.484570534132601338e+01 3.359268577649390797e-01 -4.275000000000003242e-01 4.000000000000000000e+02 -2.044392802656995656e+01 -2.686414231326131485e+01 1.385000000000000009e+00
-2.472095730973482475e+01 2.755114158724037421e-01 -4.300000000000003264e-01 4.000000000000000000e+02 -2.025279567693450744e+01 -2.667550996362586346e+01 1.965000000000000080e+00
-2.458850215426426189e+01 2.616606321010694347e-01 -4.325000000000003286e-01 4.000000000000000000e+02 -2.017987696835590583e+01 -2.660509125504726313e+01 6.500000000000000222e-02
-2.446353722620129290e+01 2.984821392616348046e-01 -4.350000000000003308e-01 4.000000000000000000e+02 -2.013694651602034824e+01 -2.656466080271170682e+01 2.099999999999999922e-01
-2.434814022031468284e+01 3.704414410944473768e-01 -4.375000000000003331e-01 4.000000000000000000e+02 -2.010465863101076422e+01 -2.653487291770212053e+01 5.649999999999999467e-01
-2.424172554920226830e+01 3.292403911701018981e-01 -4.400000000000003353e-01 4.000000000000000000e+02 -1.984556862939541944e+01 -2.627828291608677702e+01 1.820000000000000062e+00
-2.411908577245922203e+01 2.663592902126067363e-01 -4.425000000000003375e-01 4.000000000000000000e+02 -1.983669224665495889e+01 -2.627190653334631776e+01 3.699999999999999956e-01
-2.400919509139670183e+01 1.968692512003295536e-01 -4.450000000000003397e-01 4.000000000000000000e+02 -1.965545592349549153e+01 -2.609317021018684812e+01 1.245000000000000107e+00
-2.389191477274378528e+01 2.605159395803801625e-01 -4.475000000000003419e-01 4.000000000000000000e+02 -1.918472113524289213e+01 -2.562493542193425000e+01 2.049999999999999878e-01
-2.372915862303030110e+01 2.893908852154219447e-01 -4.500000000000003442e-01 4.000000000000000000e+02 -1.910834933705799799e+01 -2.555106362374935713e+01 7.299999999999999822e-01
-2.357925920797426400e+01 2.339824000131783543e-01 -4.525000000000003464e-01 4.000000000000000000e+02 -1.909244506306770717e+01 -2.553765934975906404e+01 1.600000000000000033e-01
-2.344728055979600256e+01 2.665599029490166028e-01 -4.550000000000003486e-01 4.000000000000000000e+02 -1.908484963567972059e+01 -2.553256392237107875e+01 3.900000000000000133e-01
-2.333014493262308164e+01 2.880550680789874529e-01 -4.575000000000003508e-01 4.000000000000000000e+02 -1.908098065417000910e+01 -2.553119494086136854e+01 1.639999999999999902e+00
-2.322516630220039247e+01 3.064641404761833110e-01 -4.600000000000003531e-01 4.000000000000000000e+02 -1.896700940723183493e+01 -2.541972369392319209e+01 6.350000000000000089e-01
-2.311953874762889072e+01 2.292463929641890830e-01 -4.625000000000003553e-01 4.000000000000000000e+02 -1.891443793709841614e+01 -2.536965222378977458e+01 1.699999999999999956e+00
-2.301934300804801481e+01 2.207334260847208518e-01 -4.650000000000003575e-01 4.000000000000000000e+02 -1.885049931565416514e+01 -2.530821360234552486e+01 1.649999999999999911e+00
-2.292277825429327365e+01 2.581760430996736799e-01 -4.675000000000003597e-01 4.000000000000000000e+02 -1.878004168048876465e+01 -2.524025596718012210e+01 5.899999999999999689e-01
-2.282881282128227340e+01 2.409349437061341359e-01 -4.700000000000003619e-01 4.000000000000000000e+02 -1.873308301365294426e+01 -2.519579730034430298e+01 1.159999999999999920e+00
-2.273918873597090951e+01 2.646224769072021421e-01 -4.725000000000003642e-01 4.000000000000000000e+02 -1.845894827431716578e+01 -2.492416256100852223e+01 1.149999999999999911e+00
-2.263259636933919694e+01 2.710689412559688094e-01 -4.750000000000003664e-01 4.000000000000000000e+02 -1.842978682267490598e+01 -2.489750110936626371e+01 7.950000000000000400e-01
-2.253380142669070452e+01 3.024585902876634758e-01 -4.775000000000003686e-01 4.000000000000000000e+02 -1.837825232212779980e+01 -2.484846660881915881e+01 1.675000000000000044e+00
-2.243958342653181148e+01 2.484051961778282469e-01 -4.800000000000003708e-01 4.000000000000000000e+02 -1.829797947326051855e+01 -2.477069375995187528e+01 8.900000000000000133e-01
-2.234683308730477691e+01 2.076898761494215817e-01 -4.825000000000003730e-01 4.000000000000000000e+02 -1.829273093425941354e+01 -2.476794522095077156e+01 1.715000000000000080e+00
-2.226173599332122066e+01 2.234161189881030407e-01 -4.850000000000003753e-01 4.000000000000000000e+02 -1.821194083091779703e+01 -2.468965511760915632e+01 1.455000000000000071e+00
-2.217719246001664501e+01 2.884399675350585168e-01 -4.875000000000003775e-01 4.000000000000000000e+02 -1.805281433375706612e+01 -2.453302862044842314e+01 4.550000000000000155e-01
-2.208660779744510805e+01 2.767051664850096460e-01 -4.900000000000003797e-01 4.000000000000000000e+02 -1.803380295463688299e+01 -2.451651724132824128e+01 1.834999999999999964e+00
-2.200222546859360762e+01 2.926335353247012105e-01 -4.925000000000003819e-01 4.000000000000000000e+02 -1.780940328833193576e+01 -2.429461757502329533e+01 1.400000000000000133e-01
-2.190598434843002806e+01 2.638049641213829899e-01 -4.950000000000003841e-01 4.000000000000000000e+02 -1.780688146737163180e+01 -2.429459575406298910e+01 9.599999999999999645e-01
-2.181819601535451980e+01 3.139182299780473029e-01 -4.975000000000003864e-01 4.000000000000000000e+02 -1.767902008192722718e+01 -2.416923436861858576e+01 1.524999999999999911e+00
-2.172719493665128354e+01 3.059116689650940302e-01 -5.000000000000003331e-01 4.000000000000000000e+02 -1.759088011134378249e+01 -2.408359439803513879e+01 3.549999999999999822e-01
-2.163665904508400573e+01 3.512433742205158804e-01 -5.025000000000002798e-01 4.000000000000000000e+02 -1.748780522925144965e+01 -2.398301951594280723e+01 1.834999999999999964e+00
-2.154525019880726333e+01 3.360113122881229208e-01 -5.050000000000002265e-01 4.000000000000000000e+02 -1.710971114554491379e+01 -2.360742543223626910e+01 1.000000000000000056e-01
-2.142553389616212556e+01 3.836388331777088045e-01 -5.075000000000001732e-01 4.000000000000000000e+02 -1.703428003773873556e+01 -2.353449432443009215e+01 1.050000000000000044e+00
-2.131098803447711632e+01 3.782888243343416890e-01 -5.100000000000001199e-01 4.000000000000000000e+02 -1.700799556029977921e+01 -2.351070984699113708e+01 1.584999999999999964e+00
-2.120587696189562266e+01 3.429451832377496401e-01 -5.125000000000000666e-01 4.000000000000000000e+02 -1.681640856357113023e+01 -2.332162285026248583e+01 4.550000000000000155e-01
-2.109206326553387711e+01 3.669687355650568250e-01 -5.150000000000000133e-01 4.000000000000000000e+02 -1.648028634918251001e+01 -2.298800063587386688e+01 1.485000000000000098e+00
-2.095214698975000900e+01 2.876847211429299223e-01 -5.174999999999999600e-01 4.000000000000000000e+02 -1.647239864079620730e+01 -2.298261292748756546e+01 1.330000000000000071e+00
-2.082880225684273157e+01 3.103559421740374469e-01 -5.199999999999999067e-01 4.000000000000000000e+02 -1.636549428400085304e+01 -2.287820857069220892e+01 2.099999999999999922e-01
-2.070763707650552377e+01 3.018742350815953879e-01 -5.224999999999998535e-01 4.000000000000000000e+02 -1.633001121549509804e+01 -2.284522550218645520e+01 1.235000000000000098e+00
-2.059615033759697056e+01 2.925834842822150894e-01 -5.249999999999998002e-01 4.000000000000000000e+02 -1.631428526402399726e+01 -2.283199955071535214e+01 7.499999999999999722e-02
-2.049458583933400746e+01 3.222532326370458056e-01 -5.274999999999997469e-01 4.000000000000000000e+02 -1.626696310920979727e+01 -2.278717739590115343e+01 1.959999999999999964e+00
-2.039836301806161245e+01 3.318528031016317326e-01 -5.299999999999996936e-01 4.000000000000000000e+02 -1.620757639499457881e+01 -2.273029068168593625e+01 1.645000000000000018e+00
-2.030568505015220637e+01 3.127360992895372171e-01 -5.324999999999996403e-01 4.000000000000000000e+02 -1.618075118379947952e+01 -2.270596547049083824e+01 1.125000000000000000e+00
-2.021887221831602943e+01 3.663054829788250366e-01 -5.349999999999995870e-01 4.000000000000000000e+02 -1.616452107672424887e+01 -2.269223536341560532e+01 6.350000000000000089e-01
-2.013793680245219875e+01 4.042185019816753599e-01 -5.374999999999995337e-01 4.000000000000000000e+02 -1.601835384973420062e+01 -2.254856813642555835e+01 9.399999999999999467e-01
-2.005198059035062030e+01 3.662504916731264548e-01 -5.399999999999994804e-01 4.000000000000000000e+02 -1.601153136167560831e+01 -2.254424564836696376e+01 8.699999999999999956e-01
-1.997250199571473317e+01 3.558503165181954309e-01 -5.424999999999994271e-01 4.000000000000000000e+02 -1.600863141312009930e+01 -2.254384569981145603e+01 1.590000000000000080e+00
-1.989884940911228384e+01 3.225680913936046501e-01 -5.449999999999993738e-01 4.000000000000000000e+02 -1.595447328701078682e+01 -2.249218757370214306e+01 6.949999999999999512e-01
-1.982674269751945673e+01 2.939518400100005757e-01 -5.474999999999993205e-01 4.000000000000000000e+02 -1.577828067808972712e+01 -2.231849496478108463e+01 3.300000000000000155e-01
-1.974722491525747259e+01 3.244066507705584135e-01 -5.499999999999992673e-01 4.000000000000000000e+02 -1.570571983814749650e+01 -2.224843412483885174e+01 1.465000000000000080e+00
-1.966842685816815006e+01 3.366544903605230288e-01 -5.524999999999992140e-01 4.000000000000000000e+02 -1.557627119768703849e+01 -2.212148548437839679e+01 5.000000000000000278e-02
-1.958589796677279438e+01 3.409682036412705619e-01 -5.549999999999991607e-01 4.000000000000000000e+02 -1.540604745302428213e+01 -2.195376173971563816e+01 2.449999999999999956e-01
-1.949634922880512278e+01 3.157092596765261883e-01 -5.574999999999991074e-01 4.000000000000000000e+02 -1.540517929420884435e+01 -2.195539358090019988e+01 1.385000000000000009e+00
-1.941429319318428526e+01 3.160940968598633938e-01 -5.599999999999990541e-01 4.000000000000000000e+02 -1.538199682437825366e+01 -2.193471111106961047e+01 1.274999999999999911e+00
-1.933693779623682119e+01 3.292135226884670418e-01 -5.624999999999990008e-01 4.000000000000000000e+02 -1.533193282838300320e+01 -2.188714711507435950e+01 1.409999999999999920e+00
-1.926176972841709656e+01 3.176618905932854231e-01 -5.649999999999989475e-01 4.000000000000000000e+02 -1.529003667499959107e+01 -2.184775096169094866e+01 4.400000000000000022e-01
-1.918914945150001117e+01 3.293433231058680577e-01 -5.674999999999988942e-01 4.000000000000000000e+02 -1.523459919192555390e+01 -2.179481347861690921e+01 2.750000000000000222e-01
-1.911789533075202030e+01 3.523578978726623068e-01 -5.699999999999988409e-01 4.000000000000000000e+02 -1.518406553711448481e+01 -2.174677982380584140e+01 1.010000000000000009e+00
-1.904822104109856085e+01 3.441484301182105021e-01 -5.724999999999987876e-01 4.000000000000000000e+02 -1.514518085577651973e+01 -2.171039514246787405e+01 7.650000000000000133e-01
-1.898075277297681396e+01 3.209629857156580113e-01 -5.749999999999987343e-01 4.000000000000000000e+02 -1.502859076743617628e+01 -2.159630505412753365e+01 1.939999999999999947e+00
-1.891017559255243441e+01 2.879069880364549805e-01 -5.774999999999986811e-01 4.000000000000000000e+02 -1.496965104174384287e+01 -2.153986532843519797e+01 1.439999999999999947e+00
-1.884055547735968617e+01 2.490977816312808235e-01 -5.799999999999986278e-01 4.000000000000000000e+02 -1.485773157583769155e+01 -2.143044586252904793e+01 1.344999999999999973e+00
-1.876820852417682062e+01 2.425882014407048648e-01 -5.824999999999985745e-01 4.000000000000000000e+02 -1.477136491928076190e+01 -2.134657920597211955e+01 4.550000000000000155e-01
-1.869505326713682791e+01 2.447299485875188418e-01 -5.849999999999985212e-01 4.000000000000000000e+02 -1.469627250769160831e+01 -2.127398679438296369e+01 6.400000000000000133e-01
-1.862193770479293775e+01 2.386511250178255938e-01 -5.874999999999984679e-01 4.000000000000000000e+02 -1.464069548419213618e+01 -2.122090977088349106e+01 9.949999999999999956e-01
-1.855022190908647062e+01 2.420944668568477953e-01 -5.899999999999984146e-01 4.000000000000000000e+02 -1.461515242798880720e+01 -2.119786671468016337e+01 1.850000000000000089e+00
-1.848179924740004765e+01 2.637842870452272170e-01 -5.924999999999983613e-01 4.000000000000000000e+02 -1.454226693322885033e+01 -2.112748121992020600e+01 1.330000000000000071e+00
-1.841324665604435040e+01 3.055220441113772889e-01 -5.949999999999983080e-01 4.000000000000000000e+02 -1.453296611882882416e+01 -2.112068040552017933e+01 8.549999999999999822e-01
-1.834866959554494770e+01 2.648519328771614112e-01 -5.974999999999982547e-01 4.000000000000000000e+02 -1.452106565059349741e+01 -2.111127993728485208e+01 1.870000000000000107e+00
-1.828745524585568205e+01 2.220203176499930819e-01 -5.999999999999982014e-01 4.000000000000000000e+02 -1.441650262658247428e+01 -2.100921691327382845e+01 8.299999999999999600e-01
-1.822376820539546216e+01 2.198207482895875586e-01 -6.024999999999981481e-01 4.000000000000000000e+02 -1.430140998010977249e+01 -2.089662426680112617e+01 1.885000000000000009e+00
-1.815699338768325077e+01 2.272091291070517383e-01 -6.049999999999980949e-01 4.000000000000000000e+02 -1.427941575880654668e+01 -2.087713004549789986e+01 1.415000000000000036e+00
-1.809320600538466906e+01 2.397756316018540002e-01 -6.074999999999980416e-01 4.000000000000000000e+02 -1.427148368274715295e+01 -2.087169796943850741e+01 2.849999999999999756e-01
-1.803292767010189834e+01 2.343159645192738061e-01 -6.099999999999979883e-01 4.000000000000000000e+02 -1.427058567333390116e+01 -2.087329996002525689e+01 6.049999999999999822e-01
-1.797616563378996801e+01 2.000817397124420582e-01 -6.124999999999979350e-01 4.000000000000000000e+02 -1.425964225971190835e+01 -2.086485654640326359e+01 3.150000000000000022e-01
-1.792200987650780064e+01 1.946426824553952051e-01 -6.149999999999978817e-01 4.000000000000000000e+02 -1.417423791955735446e+01 -2.078195220624871098e+01 1.895000000000000018e+00
-1.786631781100327743e+01 2.105316598408149276e-01 -6.174999999999978284e-01 4.000000000000000000e+02 -1.411256158494466817e+01 -2.072277587163602419e+01 2.449999999999999956e-01
-1.781043669251873851e+01 2.275531039550491019e-01 -6.199999999999977751e-01 4.000000000000000000e+02 -1.409926538483174774e+01 -2.071197967152310326e+01 5.300000000000000266e-01
-1.775695432933537887e+01 2.235113025098602602e-01 -6.224999999999977218e-01 4.000000000000000000e+02 -1.403945984520812651e+01 -2.065467413189948331e+01 4.899999999999999911e-01
-1.770327250409909681e+01 2.191574507704322217e-01 -6.249999999999976685e-01 4.000000000000000000e+02 -1.398077544548010920e+01 -2.059848973217146550e+01 1.245000000000000107e+00
-1.764945972308144206e+01 2.325360872648170874e-01 -6.274999999999976152e-01 4.000000000000000000e+02 -1.389915748201111612e+01 -2.051937176870247015e+01 1.405000000000000027e+00
-1.759430517490618229e+01 2.277760906871428292e-01 -6.299999999999975620e-01 4.000000000000000000e+02 -1.373513100424526456e+01 -2.035784529093661988e+01 8.349999999999999645e-01
-1.753314600959501846e+01 2.264291134712669573e-01 -6.324999999999975087e-01 4.000000000000000000e+02 -1.368174719285751628e+01 -2.030696147954887110e+01 9.399999999999999467e-01
-1.747259350776544196e+01 2.532258690147461966e-01 -6.349999999999974554e-01 4.000000000000000000e+02 -1.365651239677196926e+01 -2.028422668346332358e+01 6.899999999999999467e-01
-1.741422389970292528e+01 2.284787287796598287e-01 -6.374999999999974021e-01 4.000000000000000000e+02 -1.359899678677833101e+01 -2.022921107346968483e+01 1.155000000000000027e+00
-1.735604415867031491e+01 2.119424315291068561e-01 -6.399999999999973488e-01 4.000000000000000000e+02 -1.355273115308298060e+01 -2.018544543977433392e+01 7.349999999999999867e-01
-1.729867358188819892e+01 2.041363866929596371e-01 -6.424999999999972955e-01 4.000000000000000000e+02 -1.351682245699590190e+01 -2.015203674368725473e+01 1.610000000000000098e+00
-1.724262401408229906e+01 2.293216265877613402e-01 -6.449999999999972422e-01 4.000000000000000000e+02 -1.351210136764661129e+01 -2.014981565433796362e+01 9.799999999999999822e-01
-1.718943503192457456e+01 2.311244400761285067e-01 -6.474999999999971889e-01 4.000000000000000000e+02 -1.341542927929784845e+01 -2.005564356598920384e+01 1.915000000000000036e+00
-1.713408140053333284e+01 2.205767215176338558e-01 -6.499999999999971356e-01 4.000000000000000000e+02 -1.339019739674907150e+01 -2.003291168344042461e+01 1.655000000000000027e+00
-1.708045758557092242e+01 2.413134357873790992e-01 -6.524999999999970823e-01 4.000000000000000000e+02 -1.325536866051392160e+01 -1.990058294720527599e+01 1.370000000000000107e+00
-1.702256755026783708e+01 2.444225616126886047e-01 -6.549999999999970290e-01 4.000000000000000000e+02 -1.322004805730717081e+01 -1.986776234399852470e+01 1.000000000000000021e-02
-1.696607101975301291e+01 1.780604886988119417e-01 -6.574999999999969758e-01 4.000000000000000000e+02 -1.320719529761574051e+01 -1.985740958430709568e+01 1.655000000000000027e+00
-1.691205465974725186e+01 1.753579516711723518e-01 -6.599999999999969225e-01 4.000000000000000000e+02 -1.299499762946653370e+01 -1.964771191615788837e+01 5.500000000000000444e-01
-1.684921942984137999e+01 1.693684530854543957e-01 -6.624999999999968692e-01 4.000000000000000000e+02 -1.296441936106893955e+01 -1.961963364776029550e+01 1.950000000000000067e-01
-1.678846676503044577e+01 1.677089392763827791e-01 -6.649999999999968159e-01 4.000000000000000000e+02 -1.287270671581091719e+01 -1.953042100250227264e+01 1.610000000000000098e+00
-1.672601390081404205e+01 1.324154114426403239e-01 -6.674999999999967626e-01 4.000000000000000000e+02 -1.278551670127046336e+01 -1.944573098796181654e+01 1.600000000000000089e+00
-1.666220058581462382e+01 1.138620317632754314e-01 -6.699999999999967093e-01 4.000000000000000000e+02 -1.278352473222489216e+01 -1.944623901891624485e+01 6.750000000000000444e-01
-1.660224585964443378e+01 1.891366603086130915e-01 -6.724999999999966560e-01 4.000000000000000000e+02 -1.278208378692628777e+01 -1.944729807361764173e+01 1.120000000000000107e+00
-1.654574149666210303e+01 2.208382055083395745e-01 -6.749999999999966027e-01 4.000000000000000000e+02 -1.278030808559129383e+01 -1.944802237228264730e+01 1.449999999999999956e+00
-1.649229754773577383e+01 2.288282087797623154e-01 -6.774999999999965494e-01 4.000000000000000000e+02 -1.276594295487585207e+01 -1.943615724156720503e+01 1.199999999999999956e-01
-1.644097528111026563e+01 2.260138119830825132e-01 -6.799999999999964961e-01 4.000000000000000000e+02 -1.266682755139619587e+01 -1.933954183808754834e+01 5.150000000000000133e-01
-1.638733769492242232e+01 2.253385952969684802e-01 -6.824999999999964428e-01 4.000000000000000000e+02 -1.266629227592293816e+01 -1.934150656261429191e+01 7.700000000000000178e-01
-1.633652865308171087e+01 2.259431741051814435e-01 -6.849999999999963896e-01 4.000000000000000000e+02 -1.259017444159377064e+01 -1.926788872828512211e+01 6.650000000000000355e-01
-1.628457733489309334e+01 2.139279871421105594e-01 -6.874999999999963363e-01 4.000000000000000000e+02 -1.249091956162755146e+01 -1.917113384831890599e+01 4.199999999999999845e-01
-1.623030894797481594e+01 1.982092509298171157e-01 -6.899999999999962830e-01 4.000000000000000000e+02 -1.248165991143898346e+01 -1.916437419813033571e+01 7.550000000000000044e-01
-1.617849440332771849e+01 1.908831455119579246e-01 -6.924999999999962297e-01 4.000000000000000000e+02 -1.247694086740919595e+01 -1.916215515410054948e+01 5.749999999999999556e-01
-1.612912608833494232e+01 1.967117176373885390e-01 -6.949999999999961764e-01 4.000000000000000000e+02 -1.244043249427760500e+01 -1.912814678096895804e+01 3.350000000000000200e-01
-1.608049227058467778e+01 1.897981840743123427e-01 -6.974999999999961231e-01 4.000000000000000000e+02 -1.242335880196248965e+01 -1.911357308865384397e+01 1.875000000000000000e+00
-1.603344933145545426e+01 1.745673737751573806e-01 -6.999999999999960698e-01 4.000000000000000000e+02 -1.231388647965168204e+01 -1.900660076634303408e+01 1.784999999999999920e+00
-1.598357224792744624e+01 1.753061515048298380e-01 -7.024999999999960165e-01 4.000000000000000000e+02 -1.230575203020756092e+01 -1.900096631689891424e+01 7.650000000000000133e-01
-1.593580302682237892e+01 1.911994263687421258e-01 -7.049999999999959632e-01 4.000000000000000000e+02 -1.225640372782683585e+01 -1.895411801451818690e+01 7.600000000000000089e-01
-1.588807674424654870e+01 1.860867853390925641e-01 -7.074999999999959099e-01 4.000000000000000000e+02 -1.222963378543930801e+01 -1.892984807213066034e+01 1.524999999999999911e+00
-1.584143151383250192e+01 1.769394217546573500e-01 -7.099999999999958566e-01 4.000000000000000000e+02 -1.221512856329340124e+01 -1.891784284998475485e+01 2.550000000000000044e-01
-1.579633914449707710e+01 1.804405588864713417e-01 -7.124999999999958034e-01 4.000000000000000000e+02 -1.217814956727513298e+01 -1.888336385396648609e+01 5.350000000000000311e-01
-1.575171236133706643e+01 1.914270695369564290e-01 -7.149999999999957501e-01 4.000000000000000000e+02 -1.213188598112697569e+01 -1.883960026781832653e+01 1.919999999999999929e+00
-1.570712323743133787e+01 1.865861447859613331e-01 -7.174999999999956968e-01 4.000000000000000000e+02 -1.207717161430258379e+01 -1.878738590099393591e+01 1.754999999999999893e+00
-1.566220036406500959e+01 1.966071900164106101e-01 -7.199999999999956435e-01 4.000000000000000000e+02 -1.206329638578297647e+01 -1.877601067247432809e+01 2.999999999999999889e-02
-1.561872780351003698e+01 1.700922895723979700e-01 -7.224999999999955902e-01 4.000000000000000000e+02 -1.203948962433122283e+01 -1.875470391102257395e+01 7.900000000000000355e-01
-1.557618826327157180e+01 1.945602906751101036e-01 -7.249999999999955369e-01 4.000000000000000000e+02 -1.201832093083244324e+01 -1.873603521752379564e+01 1.645000000000000018e+00
-1.553463159342093114e+01 1.893656050306086469e-01 -7.274999999999954836e-01 4.000000000000000000e+02 -1.177569749613514638e+01 -1.849591178282650006e+01 6.400000000000000133e-01
-1.548417365733895856e+01 1.951584184747252870e-01 -7.299999999999954303e-01 4.000000000000000000e+02 -1.172007232869337301e+01 -1.844278661538472619e+01 1.324999999999999956e+00
-1.543358431071249193e+01 2.156322742698413286e-01 -7.324999999999953770e-01 4.000000000000000000e+02 -1.167784636679662214e+01 -1.840306065348797659e+01 1.989999999999999991e+00
-1.538352810762640033e+01 1.735180054492430624e-01 -7.349999999999953237e-01 4.000000000000000000e+02 -1.159659627414747440e+01 -1.832431056083882481e+01 1.560000000000000053e+00
-1.533205166905074179e+01 1.530227646176042233e-01 -7.374999999999952704e-01 4.000000000000000000e+02 -1.158194706088268511e+01 -1.831216134757403680e+01 3.449999999999999734e-01
-1.528251201126242798e+01 1.786055690004187957e-01 -7.399999999999952172e-01 4.000000000000000000e+02 -1.157402343116803145e+01 -1.830673771785938442e+01 5.450000000000000400e-01
-1.523506042465463217e+01 1.492606942286681393e-01 -7.424999999999951639e-01 4.000000000000000000e+02 -1.156949303588635658e+01 -1.830470732257770905e+01 2.500000000000000000e-01
-1.518966883944359125e+01 1.590032642443831301e-01 -7.449999999999951106e-01 4.000000000000000000e+02 -1.151893181231257302e+01 -1.825664609900392321e+01 1.959999999999999964e+00
-1.514415863298549780e+01 1.860409966440523810e-01 -7.474999999999950573e-01 4.000000000000000000e+02 -1.148064935395049879e+01 -1.822086364064185204e+01 4.299999999999999933e-01
-1.509907921004991849e+01 2.095711838185057019e-01 -7.499999999999950040e-01 4.000000000000000000e+02 -1.145319315985341468e+01 -1.819590744654476566e+01 1.205000000000000071e+00
-1.505487830840843699e+01 1.642609342833092345e-01 -7.524999999999949507e-01 4.000000000000000000e+02 -1.142299170336393743e+01 -1.816820599005529147e+01 1.149999999999999911e+00
-1.501138521159986716e+01 1.926660130140598892e-01 -7.549999999999948974e-01 4.000000000000000000e+02 -1.132407470257255788e+01 -1.807178898926390787e+01 1.689999999999999947e+00
-1.496558162965184913e+01 1.727387880990772506e-01 -7.574999999999948441e-01 4.000000000000000000e+02 -1.132128001457846089e+01 -1.807149430126981215e+01 1.270000000000000018e+00
-1.492177182102668453e+01 1.497125191713361558e-01 -7.599999999999947908e-01 4.000000000000000000e+02 -1.131390715201643538e+01 -1.806662143870778792e+01 1.245000000000000107e+00
-1.487960027256791307e+01 1.640508444902621932e-01 -7.624999999999947375e-01 4.000000000000000000e+02 -1.120828646625038871e+01 -1.796350075294174076e+01 2.750000000000000222e-01
-1.483483692647043561e+01 1.541342735030986344e-01 -7.649999999999946843e-01 4.000000000000000000e+02 -1.117189314197646688e+01 -1.792960742866781843e+01 1.754999999999999893e+00
-1.479054696430564952e+01 1.895704125387558114e-01 -7.674999999999946310e-01 4.000000000000000000e+02 -1.115800198811487220e+01 -1.791821627480622325e+01 1.534999999999999920e+00
-1.474766008677620199e+01 1.884520129676419964e-01 -7.699999999999945777e-01 4.000000000000000000e+02 -1.110229976294464826e+01 -1.786501404963599882e+01 6.500000000000000222e-02
-1.470433802197629625e+01 1.985245702596360462e-01 -7.724999999999945244e-01 4.000000000000000000e+02 -1.110133530157035509e+01 -1.786654958826170514e+01 4.600000000000000200e-01
-1.466287749464009238e+01 1.906337008708439140e-01 -7.749999999999944711e-01 4.000000000000000000e+02 -1.109971876925479251e+01 -1.786743305594614384e+01 3.250000000000000111e-01
-1.462310219338629125e+01 1.921710005213538297e-01 -7.774999999999944178e-01 4.000000000000000000e+02 -1.109821305653644075e+01 -1.786842734322779336e+01 1.004999999999999893e+00
-1.458488593087617602e+01 1.820501452588598190e-01 -7.799999999999943645e-01 4.000000000000000000e+02 -1.109004407608867915e+01 -1.786275836278003126e+01 1.479999999999999982e+00
-1.454787111169852842e+01 1.790527073593345952e-01 -7.824999999999943112e-01 4.000000000000000000e+02 -1.100692461570230130e+01 -1.778213890239365469e+01 1.885000000000000009e+00
-1.450923803713052074e+01 1.899738095226989054e-01 -7.849999999999942579e-01 4.000000000000000000e+02 -1.097395409250910703e+01 -1.775166837920045992e+01 3.549999999999999822e-01
-1.447091308177400926e+01 1.713413945359243962e-01 -7.874999999999942046e-01 4.000000000000000000e+02 -1.096856504311055325e+01 -1.774877932980190565e+01 1.110000000000000098e+00
-1.443389803788510939e+01 1.768209676338891589e-01 -7.899999999999941513e-01 4.000000000000000000e+02 -1.096743663660324053e+01 -1.775015092329459065e+01 1.199999999999999956e-01
-1.439825240514289106e+01 1.904898243175293659e-01 -7.924999999999940981e-01 4.000000000000000000e+02 -1.094617886288180486e+01 -1.773139314957315804e+01 8.100000000000000533e-01
-1.436319335468415126e+01 1.897841462612630259e-01 -7.949999999999940448e-01 4.000000000000000000e+02 -1.090355266046249127e+01 -1.769126694715384218e+01 1.570000000000000062e+00
-1.432795930500041592e+01 1.995358161298291244e-01 -7.974999999999939915e-01 4.000000000000000000e+02 -1.089280768247779996e+01 -1.768302196916915037e+01 1.715000000000000080e+00
-1.429364756089707278e+01 2.048854954275027007e-01 -7.999999999999939382e-01 4.000000000000000000e+02 -1.089253498341787108e+01 -1.768524927010922099e+01 5.350000000000000311e-01
-1.426054675873879773e+01 1.871617034934194013e-01 -8.024999999999938849e-01 4.000000000000000000e+02 -1.087921515341512979e+01 -1.767442944010647921e+01 7.299999999999999822e-01
-1.422816363733110201e+01 1.832011237323803721e-01 -8.049999999999938316e-01 4.000000000000000000e+02 -1.085619876197612754e+01 -1.765391304866747646e+01 1.070000000000000062e+00
-1.419615647813509796e+01 1.819181283932094495e-01 -8.074999999999937783e-01 4.000000000000000000e+02 -1.084708293156436376e+01 -1.764729721825571573e+01 1.034999999999999920e+00
-1.416493939770952437e+01 1.436338638312197880e-01 -8.099999999999937250e-01 4.000000000000000000e+02 -1.077016852864094609e+01 -1.757288281533229579e+01 1.645000000000000018e+00
-1.413236648010365393e+01 1.458371900076790018e-01 -8.124999999999936717e-01 4.000000000000000000e+02 -1.073614089447723607e+01 -1.754135518116858705e+01 6.800000000000000488e-01
-1.409982704493951111e+01 1.443143446661337148e-01 -8.149999999999936184e-01 4.000000000000000000e+02 -1.072161635819671943e+01 -1.752933064488806991e+01 7.099999999999999645e-01
-1.406793792926733566e+01 1.484410027504244056e-01 -8.174999999999935651e-01 4.000000000000000000e+02 -1.071468067917631828e+01 -1.752489496586767004e+01 4.799999999999999822e-01
-1.403689910891400316e+01 1.418261147502720976e-01 -8.199999999999935119e-01 4.000000000000000000e+02 -1.071073015707984055e+01 -1.752344444377119004e+01 3.200000000000000067e-01
-1.400675171808931196e+01 1.413810150014148392e-01 -8.224999999999934586e-01 4.000000000000000000e+02 -1.070508515666221250e+01 -1.752029944335356504e+01 2.750000000000000222e-01
-1.397739581378692186e+01 1.504108457903038376e-01 -8.249999999999934053e-01 4.000000000000000000e+02 -1.067041392022975366e+01 -1.748812820692110392e+01 9.799999999999999822e-01
-1.394795835273366968e+01 1.287188636253544516e-01 -8.274999999999933520e-01 4.000000000000000000e+02 -1.064637814354284373e+01 -1.746659243023419350e+01 6.350000000000000089e-01
-1.391874922975150675e+01 1.482541772686433446e-01 -8.299999999999932987e-01 4.000000000000000000e+02 -1.063235240896888634e+01 -1.745506669566023561e+01 1.469999999999999973e+00
-1.389004480538129904e+01 1.435302983317024439e-01 -8.324999999999932454e-01 4.000000000000000000e+02 -1.062439164718990803e+01 -1.744960593388125858e+01 1.659999999999999920e+00
-1.386199071869249444e+01 1.429001510447637791e-01 -8.349999999999931921e-01 4.000000000000000000e+02 -1.057105916445020455e+01 -1.739877345114155460e+01 6.199999999999999956e-01
-1.383329945669902905e+01 1.433619545904240566e-01 -8.374999999999931388e-01 4.000000000000000000e+02 -1.056908262953507283e+01 -1.739929691622642238e+01 1.114999999999999991e+00
-1.380542287008578839e+01 1.461523510952093541e-01 -8.399999999999930855e-01 4.000000000000000000e+02 -1.056726509027551053e+01 -1.739997937696686137e+01 9.300000000000000488e-01
-1.377832061229102223e+01 1.483610868663569060e-01 -8.424999999999930322e-01 4.000000000000000000e+02 -1.054801723519712375e+01 -1.738323152188847587e+01 1.725000000000000089e+00
-1.375149382300707401e+01 1.494293143849532435e-01 -8.449999999999929789e-01 4.000000000000000000e+02 -1.053501501118678796e+01 -1.737272929787813780e+01 1.495000000000000107e+00
-1.372509573132846228e+01 1.544850596306777124e-01 -8.474999999999929257e-01 4.000000000000000000e+02 -1.053215123260972774e+01 -1.737236551930107709e+01 1.129999999999999893e+00
-1.369936737527723203e+01 1.433361535397767728e-01 -8.499999999999928724e-01 4.000000000000000000e+02 -1.053014053903447511e+01 -1.737285482572582396e+01 6.600000000000000311e-01
-1.367429651543472424e+01 1.388202644462710189e-01 -8.524999999999928191e-01 4.000000000000000000e+02 -1.051009103142228263e+01 -1.735530531811363275e+01 8.850000000000000089e-01
-1.364941119686619864e+01 1.324594981530980431e-01 -8.549999999999927658e-01 4.000000000000000000e+02 -1.050551722520927278e+01 -1.735323151190062418e+01 8.750000000000000000e-01
-1.362508035214644231e+01 1.271821597065802556e-01 -8.574999999999927125e-01 4.000000000000000000e+02 -1.045268731350762437e+01 -1.730290160019897527e+01 1.294999999999999929e+00
-1.360011656720417861e+01 1.309535091411860031e-01 -8.599999999999926592e-01 4.000000000000000000e+02 -1.044415701561398180e+01 -1.729687130230533043e+01 1.350000000000000089e-01
-1.357561529858246097e+01 1.264476564141767956e-01 -8.624999999999926059e-01 4.000000000000000000e+02 -1.043522531525948338e+01 -1.729043960195083329e+01 1.794999999999999929e+00
-1.355154754394596495e+01 1.434790372720901319e-01 -8.649999999999925526e-01 4.000000000000000000e+02 -1.041396151936930004e+01 -1.727167580606064945e+01 8.050000000000000488e-01
-1.352760559376866567e+01 1.324817803939705163e-01 -8.674999999999924993e-01 4.000000000000000000e+02 -1.035971191509602463e+01 -1.721992620178737354e+01 1.415000000000000036e+00
-1.350299677102808360e+01 1.155921493312950105e-01 -8.699999999999924460e-01 4.000000000000000000e+02 -1.032532101215103282e+01 -1.718803529884238301e+01 7.550000000000000044e-01
-1.347821030157142630e+01 1.118990364315116531e-01 -8.724999999999923928e-01 4.000000000000000000e+02 -1.030101980809518558e+01 -1.716623409478653528e+01 6.800000000000000488e-01
-1.345349681048971746e+01 1.162949050264010797e-01 -8.749999999999923395e-01 4.000000000000000000e+02 -1.029720279202115485e+01 -1.716491707871250583e+01 8.449999999999999734e-01
-1.342934797176726214e+01 1.030267915964371422e-01 -8.774999999999922862e-01 4.000000000000000000e+02 -1.029480667657761828e+01 -1.716502096326896876e+01 4.299999999999999933e-01
-1.340577099587050824e+01 1.011946022097604952e-01 -8.799999999999922329e-01 4.000000000000000000e+02 -1.027035124694072010e+01 -1.714306553363206831e+01 5.749999999999999556e-01
-1.338223177405945741e+01 1.209863511464755181e-01 -8.824999999999921796e-01 4.000000000000000000e+02 -1.024193660250372595e+01 -1.711715088919507366e+01 8.999999999999999667e-02
-1.335863722546216614e+01 1.249275233364544463e-01 -8.849999999999921263e-01 4.000000000000000000e+02 -1.023145888656682700e+01 -1.710917317325817777e+01 5.100000000000000089e-01
-1.333540407253686766e+01 1.193846145805946973e-01 -8.874999999999920730e-01 4.000000000000000000e+02 -1.020677619234663780e+01 -1.708699047903798629e+01 1.409999999999999920e+00
-1.331219503137863924e+01 1.174247293230692990e-01 -8.899999999999920197e-01 4.000000000000000000e+02 -1.018534452344477614e+01 -1.706805881013612591e+01 9.699999999999999734e-01
-1.328908391598939076e+01 1.128433075556745241e-01 -8.924999999999919664e-01 4.000000000000000000e+02 -1.018090409984961120e+01 -1.706611838654096047e+01 1.939999999999999947e+00
-1.326645149902987164e+01 1.192884825186216469e-01 -8.949999999999919131e-01 4.000000000000000000e+02 -1.017740458452161967e+01 -1.706511887121296667e+01 1.844999999999999973e+00
-1.324429810397229978e+01 1.229833106358249051e-01 -8.974999999999918598e-01 4.000000000000000000e+02 -1.017387369900375660e+01 -1.706408798569510665e+01 5.000000000000000278e-02
-1.322260275057152690e+01 1.337484757529977808e-01 -8.999999999999918066e-01 4.000000000000000000e+02 -1.016593959076367248e+01 -1.705865387745502204e+01 1.000000000000000000e+00
-1.320125362887946707e+01 1.398975128441676263e-01 -9.024999999999917533e-01 4.000000000000000000e+02 -1.015728833372190643e+01 -1.705250262041325726e+01 5.600000000000000533e-01
-1.318022315293452884e+01 1.340418027145691693e-01 -9.049999999999917000e-01 4.000000000000000000e+02 -1.015618675649050573e+01 -1.705390104318185251e+01 1.600000000000000033e-01
-1.315965435301451691e+01 1.350745989935961122e-01 -9.074999999999916467e-01 4.000000000000000000e+02 -1.014926045749111339e+01 -1.704947474418246145e+01 1.084999999999999964e+00
-1.313941160833669564e+01 1.392422829247610960e-01 -9.099999999999915934e-01 4.000000000000000000e+02 -1.014614689489338062e+01 -1.704886118158472996e+01 2.600000000000000089e-01
-1.311955845787959696e+01 1.177086420181378545e-01 -9.124999999999915401e-01 4.000000000000000000e+02 -1.012517966072848097e+01 -1.703039394741983159e+01 1.635000000000000009e+00
-1.309973253239866331e+01 1.227139567785230229e-01 -9.149999999999914868e-01 4.000000000000000000e+02 -1.011943876086616889e+01 -1.702715304755751902e+01 6.149999999999999911e-01
-1.308022954948467920e+01 1.086882705327432141e-01 -9.174999999999914335e-01 4.000000000000000000e+02 -1.010238321540757056e+01 -1.701259750209892019e+01 9.749999999999999778e-01
-1.306082189008310657e+01 1.128345986467258755e-01 -9.199999999999913802e-01 4.000000000000000000e+02 -1.008189906518651746e+01 -1.699461335187786659e+01 1.175000000000000044e+00
-1.304144157221024436e+01 1.146864087122457243e-01 -9.224999999999913269e-01 4.000000000000000000e+02 -1.007607077346393432e+01 -1.699128506015528473e+01 1.199999999999999956e+00
-1.302236693963776126e+01 1.288655530278423056e-01 -9.249999999999912736e-01 4.000000000000000000e+02 -1.006783678164841156e+01 -1.698555106833975969e+01 1.260000000000000009e+00
-1.300354272081029450e+01 1.288151727959387371e-01 -9.274999999999912204e-01 4.000000000000000000e+02 -1.006511180048328846e+01 -1.698532608717463788e+01 1.485000000000000098e+00
-1.298506219682015583e+01 1.263972197353559479e-01 -9.299999999999911671e-01 4.000000000000000000e+02 -1.003991435432489965e+01 -1.696262864101624857e+01 4.849999999999999867e-01
-1.296650429754452816e+01 1.240621864616018033e-01 -9.324999999999911138e-01 4.000000000000000000e+02 -1.002638174463815801e+01 -1.695159603132950821e+01 1.235000000000000098e+00
-1.294808425415983244e+01 1.178589971463620129e-01 -9.349999999999910605e-01 4.000000000000000000e+02 -1.002596203075317760e+01 -1.695367631744452552e+01 8.249999999999999556e-01
-1.293003463059524272e+01 1.187333198208233298e-01 -9.374999999999910072e-01 4.000000000000000000e+02 -1.001955108635395675e+01 -1.694976537304530595e+01 1.695000000000000062e+00
-1.291223616758774817e+01 1.134409707791959043e-01 -9.399999999999909539e-01 4.000000000000000000e+02 -9.962311505922077259e+00 -1.689502579261342419e+01 1.969999999999999973e+00
-1.289377405990727610e+01 1.164893438320756397e-01 -9.424999999999909006e-01 4.000000000000000000e+02 -9.962297160316033739e+00 -1.689751144700738195e+01 1.360000000000000098e+00
-1.287569123020968931e+01 1.165934940712626960e-01 -9.449999999999908473e-01 4.000000000000000000e+02 -9.960589973792798091e+00 -1.689830426048414580e+01 1.074999999999999956e+00
-1.285794354174104370e+01 1.131320563727248735e-01 -9.474999999999907940e-01 4.000000000000000000e+02 -9.956627372243461949e+00 -1.689684165893481094e+01 1.445000000000000062e+00
-1.284048004665649501e+01 1.159385269646411726e-01 -9.499999999999907407e-01 4.000000000000000000e+02 -9.952996747713321213e+00 -1.689571103440466970e+01 1.189999999999999947e+00
-1.282329704723593800e+01 1.197291326780018650e-01 -9.524999999999906874e-01 4.000000000000000000e+02 -9.942757026021260103e+00 -1.688797131271260810e+01 1.090000000000000080e+00
-1.280627418111180837e+01 1.197204234427800412e-01 -9.549999999999906342e-01 4.000000000000000000e+02 -9.936665881978051118e+00 -1.688438016866939861e+01 1.245000000000000107e+00
-1.278947653587465538e+01 1.266875377186476859e-01 -9.574999999999905809e-01 4.000000000000000000e+02 -9.936311947318660742e+00 -1.688652623401000952e+01 1.699999999999999956e+00
-1.277299152146691341e+01 1.298263897161278380e-01 -9.599999999999905276e-01 4.000000000000000000e+02 -9.916784131322785356e+00 -1.686949841801413186e+01 2.949999999999999845e-01
-1.275649762994861902e+01 1.208452782670729475e-01 -9.624999999999904743e-01 4.000000000000000000e+02 -9.913355544585161994e+00 -1.686856983127650977e+01 1.549999999999999989e-01
-1.274025642570590833e+01 1.214807224577222206e-01 -9.649999999999904210e-01 4.000000000000000000e+02 -9.911195220334198197e+00 -1.686890950702554548e+01 1.050000000000000044e+00
-1.272428017264385680e+01 1.214706980807497838e-01 -9.674999999999903677e-01 4.000000000000000000e+02 -9.882313631044249647e+00 -1.684252791773559821e+01 3.150000000000000022e-01
-1.270813815493136723e+01 1.250680455760520560e-01 -9.699999999999903144e-01 4.000000000000000000e+02 -9.881576603182043783e+00 -1.684429088987339185e+01 1.620000000000000107e+00
-1.269228032860556787e+01 8.890351141007041269e-02 -9.724999999999902611e-01 4.000000000000000000e+02 -9.821156399855892616e+00 -1.678637068654724018e+01 3.200000000000000067e-01
-1.267574685885004193e+01 8.968659449381542748e-02 -9.749999999999902078e-01 4.000000000000000000e+02 -9.815304447358512263e+00 -1.678301873404986111e+01 7.449999999999999956e-01
-1.265942813831815705e+01 8.928432840121730552e-02 -9.774999999999901545e-01 4.000000000000000000e+02 -9.784386377231815146e+00 -1.675460066392316349e+01 1.060000000000000053e+00
-1.264291240401170491e+01 1.054042161646190356e-01 -9.799999999999901013e-01 4.000000000000000000e+02 -9.747357913390340300e+00 -1.672007220008168815e+01 6.149999999999999911e-01
-1.262609899039591177e+01 1.034544729164213472e-01 -9.824999999999900480e-01 4.000000000000000000e+02 -9.737987957310009435e+00 -1.671320224400135857e+01 1.485000000000000098e+00
-1.260945055471695397e+01 1.081431089334407014e-01 -9.849999999999899947e-01 4.000000000000000000e+02 -9.724052040565720034e+00 -1.670176632725706867e+01 1.199999999999999956e+00
-1.259288796071225391e+01 1.131140363241200791e-01 -9.874999999999899414e-01 4.000000000000000000e+02 -9.721403263458014976e+00 -1.670161755014936134e+01 4.000000000000000083e-02
-1.257659281825694642e+01 1.167216181881981507e-01 -9.899999999999898881e-01 4.000000000000000000e+02 -9.718612854730720230e+00 -1.670132714142206609e+01 3.049999999999999933e-01
-1.256055433566433521e+01 1.141148108557636792e-01 -9.924999999999898348e-01 4.000000000000000000e+02 -9.717402653991706885e+00 -1.670261694068305403e+01 2.949999999999999845e-01
-1.254478921795696422e+01 1.165187374740978138e-01 -9.949999999999897815e-01 4.000000000000000000e+02 -9.711820477483353642e+00 -1.669953476417470029e+01 1.840000000000000080e+00
-1.252922124716962315e+01 1.230512379725643424e-01 -9.974999999999897282e-01 4.000000000000000000e+02 -9.688988536949196373e+00 -1.667920282364054430e+01 1.385000000000000009e+00
-1.251357951250740719e+01 1.239056719314817201e-01 -9.999999999999896749e-01 4.000000000000000000e+02 -9.685942993726238015e+00 -1.667865728041758544e+01 1.709999999999999964e+00
-1.249817033874732353e+01 1.233957380593242031e-01 -1.002499999999989733e+00 4.000000000000000000e+02 -9.674704386352006580e+00 -1.666991867304335528e+01 1.104999999999999982e+00
-1.248286283074138936e+01 1.231023923220814636e-01 -1.004999999999989679e+00 4.000000000000000000e+02 -9.646584833270233972e+00 -1.664429911996158040e+01 1.524999999999999911e+00
-1.246739787496267304e+01 1.272699366223425110e-01 -1.007499999999989626e+00 4.000000000000000000e+02 -9.630040954294868172e+00 -1.663025524098621588e+01 7.149999999999999689e-01
-1.245195471176019986e+01 1.231333186945240826e-01 -1.009999999999989573e+00 4.000000000000000000e+02 -9.626305885759705916e+00 -1.662902017245105313e+01 2.849999999999999756e-01
-1.243672776480875442e+01 1.185584504219346635e-01 -1.012499999999989519e+00 4.000000000000000000e+02 -9.614217288834916886e+00 -1.661943157552626360e+01 1.350000000000000089e-01
-1.242158578621961773e+01 1.117676343984443932e-01 -1.014999999999989466e+00 4.000000000000000000e+02 -9.612569521741479051e+00 -1.662028380843282349e+01 1.094999999999999973e+00
-1.240668228374434534e+01 1.032301612488200765e-01 -1.017499999999989413e+00 4.000000000000000000e+02 -9.608391359504459217e+00 -1.661860564619580671e+01 1.235000000000000098e+00
-1.239197315451552583e+01 1.017401594223687755e-01 -1.019999999999989360e+00 4.000000000000000000e+02 -9.606637810867907135e+00 -1.661935209755925413e+01 1.465000000000000080e+00
-1.237748798967798791e+01 1.118000310008487180e-01 -1.022499999999989306e+00 4.000000000000000000e+02 -9.560192901831721102e+00 -1.657540718852306583e+01 4.099999999999999756e-01
-1.236257296165135955e+01 1.003215536379108014e-01 -1.024999999999989253e+00 4.000000000000000000e+02 -9.555333326698137952e+00 -1.657304761338948396e+01 6.300000000000000044e-01
-1.234784266399841002e+01 9.366320665612384855e-02 -1.027499999999989200e+00 4.000000000000000000e+02 -9.512437621847521285e+00 -1.653265190853886679e+01 1.235000000000000098e+00
-1.233273229290499096e+01 9.231293276687206617e-02 -1.029999999999989146e+00 4.000000000000000000e+02 -9.509995287240981199e+00 -1.653270957393232976e+01 8.499999999999999778e-01
-1.231784770257849360e+01 8.653761773786679268e-02 -1.032499999999989093e+00 4.000000000000000000e+02 -9.503668163669248159e+00 -1.652888245036059445e+01 1.499999999999999944e-02
-1.230312559257934524e+01 7.880911600073760293e-02 -1.034999999999989040e+00 4.000000000000000000e+02 -9.483125163976175998e+00 -1.651083945066752179e+01 1.754999999999999893e+00
-1.228835487070986154e+01 8.314732539918412435e-02 -1.037499999999988987e+00 4.000000000000000000e+02 -9.478472800758645178e+00 -1.650868708744999225e+01 9.150000000000000355e-01
-1.227376801587812949e+01 8.176153935157400021e-02 -1.039999999999988933e+00 4.000000000000000000e+02 -9.465041383149566556e+00 -1.649775566984091313e+01 1.989999999999999991e+00
-1.225923400013198439e+01 9.666675398491259008e-02 -1.042499999999988880e+00 4.000000000000000000e+02 -9.459861643267030828e+00 -1.649507592995837513e+01 1.574999999999999956e+00
-1.224487003327595147e+01 1.044199911689895205e-01 -1.044999999999988827e+00 4.000000000000000000e+02 -9.458187223310662972e+00 -1.649590151000200677e+01 1.350000000000000089e-01
-1.223072107527464780e+01 1.044663236124016431e-01 -1.047499999999988773e+00 4.000000000000000000e+02 -9.421155141615521700e+00 -1.646136942830686678e+01 1.284999999999999920e+00
-1.221628285136316983e+01 1.026595364714272818e-01 -1.049999999999988720e+00 4.000000000000000000e+02 -9.411689409426028163e+00 -1.645440369611737452e+01 1.695000000000000062e+00
-1.220195134831270600e+01 1.039356577951997956e-01 -1.052499999999988667e+00 4.000000000000000000e+02 -9.410317850122439154e+00 -1.645553213681378679e+01 1.655000000000000027e+00
-1.218783816146400234e+01 1.077673120345467306e-01 -1.054999999999988614e+00 4.000000000000000000e+02 -9.378177956196420695e+00 -1.642589224288776606e+01 2.550000000000000044e-01
-1.217350570838709167e+01 9.986368735345711733e-02 -1.057499999999988560e+00 4.000000000000000000e+02 -9.374388051832660551e+00 -1.642460233852400719e+01 1.669999999999999929e+00
-1.215935766571828403e+01 1.043364324822341482e-01 -1.059999999999988507e+00 4.000000000000000000e+02 -9.369781468258498336e+00 -1.642249575494984271e+01 1.965000000000000080e+00
-1.214537778636416121e+01 1.016929891622465887e-01 -1.062499999999988454e+00 4.000000000000000000e+02 -9.368493900338101810e+00 -1.642370818702944746e+01 1.074999999999999956e+00
-1.213160724390909628e+01 1.060755537403100940e-01 -1.064999999999988400e+00 4.000000000000000000e+02 -9.363524670422313179e+00 -1.642123895711365833e+01 1.985000000000000098e+00
-1.211799040177261411e+01 1.149978526856256511e-01 -1.067499999999988347e+00 4.000000000000000000e+02 -9.358161803370276033e+00 -1.641837609006162069e+01 2.949999999999999845e-01
-1.210451823355178291e+01 1.231328245026930557e-01 -1.069999999999988294e+00 4.000000000000000000e+02 -9.353537896119565431e+00 -1.641625218281091136e+01 5.000000000000000000e-01
-1.209119707874647531e+01 1.165335997314892319e-01 -1.072499999999988241e+00 4.000000000000000000e+02 -9.338111780222813962e+00 -1.640332606691416117e+01 1.379999999999999893e+00
-1.207788115040155574e+01 1.092045787796145084e-01 -1.074999999999988187e+00 4.000000000000000000e+02 -9.292430846009729350e+00 -1.636014513270107429e+01 5.550000000000000488e-01
-1.206416430002107987e+01 1.097979101277785086e-01 -1.077499999999988134e+00 4.000000000000000000e+02 -9.271449013316191312e+00 -1.634166330000753575e+01 2.449999999999999956e-01
-1.205038238253215077e+01 1.154410509332810669e-01 -1.079999999999988081e+00 4.000000000000000000e+02 -9.266564119951942402e+00 -1.633927840664328812e+01 1.389999999999999902e+00
-1.203675558691867131e+01 1.117036643453204608e-01 -1.082499999999988027e+00 4.000000000000000000e+02 -9.255766539244820734e+00 -1.633098082593616596e+01 6.500000000000000222e-01
-1.202320072961433617e+01 1.100864221756364114e-01 -1.084999999999987974e+00 4.000000000000000000e+02 -9.245516078885446021e+00 -1.632323036557679075e+01 1.050000000000000044e+00
-1.200972379592670336e+01 1.126055875734657125e-01 -1.087499999999987921e+00 4.000000000000000000e+02 -9.240031823921528442e+00 -1.632024611061287445e+01 1.900000000000000022e-01
-1.199638659818959141e+01 1.124849339380923491e-01 -1.089999999999987867e+00 4.000000000000000000e+02 -9.226141480057094668e+00 -1.630885576674844017e+01 4.299999999999999933e-01
-1.198307516888127999e+01 1.098796615252304182e-01 -1.092499999999987814e+00 4.000000000000000000e+02 -9.207654201754639445e+00 -1.629286848844598268e+01 1.590000000000000080e+00
-1.196972830946735478e+01 1.092186421540405766e-01 -1.094999999999987761e+00 4.000000000000000000e+02 -9.207489490532129395e+00 -1.629520377722347391e+01 7.000000000000000666e-02
-1.195658776635523957e+01 1.044852431395511955e-01 -1.097499999999987708e+00 4.000000000000000000e+02 -9.198422646216450005e+00 -1.628863693290779580e+01 1.745000000000000107e+00
-1.194353276234859607e+01 1.063006838166034446e-01 -1.099999999999987654e+00 4.000000000000000000e+02 -9.180852359533938412e+00 -1.627356664622528371e+01 1.915000000000000036e+00
-1.193045159379543563e+01 9.573485183641168572e-02 -1.102499999999987601e+00 4.000000000000000000e+02 -9.153425849304390738e+00 -1.624864013599573553e+01 1.435000000000000053e+00
-1.191721558002760517e+01 8.978128674996777026e-02 -1.104999999999987548e+00 4.000000000000000000e+02 -9.144689086914112863e+00 -1.624240337360545539e+01 2.999999999999999889e-02
-1.190407128091584887e+01 8.651893474840982590e-02 -1.107499999999987494e+00 4.000000000000000000e+02 -9.138431907854723590e+00 -1.623864619454606739e+01 1.554999999999999938e+00
-1.189104899544467386e+01 8.902619433721481457e-02 -1.109999999999987441e+00 4.000000000000000000e+02 -9.135632858021654812e+00 -1.623834714471299989e+01 2.000000000000000111e-01
-1.187819029205577692e+01 8.765534779515250785e-02 -1.112499999999987388e+00 4.000000000000000000e+02 -9.101393440746447183e+00 -1.620660772743779177e+01 7.550000000000000044e-01
-1.186508809940042397e+01 9.778138855734549995e-02 -1.114999999999987335e+00 4.000000000000000000e+02 -9.100134615215869971e+00 -1.620784890190721228e+01 9.899999999999999911e-01
-1.185217129510106204e+01 9.931621344231471304e-02 -1.117499999999987281e+00 4.000000000000000000e+02 -9.070404617392572533e+00 -1.618061890408391790e+01 1.385000000000000009e+00
-1.183906949520155294e+01 1.019162455983750881e-01 -1.119999999999987228e+00 4.000000000000000000e+02 -9.068625869484392865e+00 -1.618134015617573596e+01 7.099999999999999645e-01
-1.182614639903096077e+01 9.630422806043074935e-02 -1.122499999999987175e+00 4.000000000000000000e+02 -9.063410701626457566e+00 -1.617862498831780016e+01 4.149999999999999800e-01
-1.181335371396553313e+01 9.608504461735518920e-02 -1.124999999999987121e+00 4.000000000000000000e+02 -9.057889846888022234e+00 -1.617560413357936611e+01 1.350000000000000089e-01
-1.180068464337696099e+01 9.227854823405030882e-02 -1.127499999999987068e+00 4.000000000000000000e+02 -9.053248213729563787e+00 -1.617346250042090716e+01 6.949999999999999512e-01
-1.178814741786182907e+01 9.064141397514420551e-02 -1.129999999999987015e+00 4.000000000000000000e+02 -9.036868202140256656e+00 -1.615958248883160309e+01 1.735000000000000098e+00
-1.177559345152902281e+01 8.415117368901284256e-02 -1.132499999999986962e+00 4.000000000000000000e+02 -9.035514469639382540e+00 -1.616072875633072670e+01 1.574999999999999956e+00
-1.176320925131670769e+01 8.730985678844187248e-02 -1.134999999999986908e+00 4.000000000000000000e+02 -9.027804173646536867e+00 -1.615551846033788053e+01 1.900000000000000022e-01
-1.175091303422505362e+01 8.514169056140720449e-02 -1.137499999999986855e+00 4.000000000000000000e+02 -9.026640010908165479e+00 -1.615685429759950864e+01 1.425000000000000044e+00
-1.173878229678971152e+01 8.082356098459460292e-02 -1.139999999999986802e+00 4.000000000000000000e+02 -9.019374328712357780e+00 -1.615208861540370222e+01 1.399999999999999911e+00
-1.172674004088186095e+01 8.355048430417141847e-02 -1.142499999999986748e+00 4.000000000000000000e+02 -9.007614456899069921e+00 -1.614282874359041386e+01 1.854999999999999982e+00
-1.171473104447973945e+01 7.638886937023899038e-02 -1.144999999999986695e+00 4.000000000000000000e+02 -8.993646091721865687e+00 -1.613136037841320913e+01 5.350000000000000311e-01
-1.170272849996441877e+01 7.604962951061931820e-02 -1.147499999999986642e+00 4.000000000000000000e+02 -8.992965672286796774e+00 -1.613317995897813972e+01 3.549999999999999822e-01
-1.169088974342578169e+01 7.272864835261584615e-02 -1.149999999999986589e+00 4.000000000000000000e+02 -8.979873450620729614e+00 -1.612258773731207384e+01 1.449999999999999956e+00
-1.167906564826664173e+01 7.410116943047802274e-02 -1.152499999999986535e+00 4.000000000000000000e+02 -8.975555023939914889e+00 -1.612076931063126040e+01 1.905000000000000027e+00
-1.166735858480566712e+01 8.593027316385108694e-02 -1.154999999999986482e+00 4.000000000000000000e+02 -8.973445550771581125e+00 -1.612115983746292613e+01 7.049999999999999600e-01
-1.165579148434722612e+01 8.058711672052093489e-02 -1.157499999999986429e+00 4.000000000000000000e+02 -8.971505760147522324e+00 -1.612172004683886684e+01 8.800000000000000044e-01
-1.164436302083758612e+01 7.636273139477643690e-02 -1.159999999999986375e+00 4.000000000000000000e+02 -8.968040593764175838e+00 -1.612075488045552163e+01 8.500000000000000611e-02
-1.163305284315163490e+01 7.143698733820050273e-02 -1.162499999999986322e+00 4.000000000000000000e+02 -8.963579248750425776e+00 -1.611879353544176752e+01 1.264999999999999902e+00
-1.162184732225074946e+01 7.725233813156882900e-02 -1.164999999999986269e+00 4.000000000000000000e+02 -8.955260561812824704e+00 -1.611297484850416595e+01 1.179999999999999938e+00
-1.161070166710326568e+01 7.332717690293188983e-02 -1.167499999999986215e+00 4.000000000000000000e+02 -8.941347687838812064e+00 -1.610156197453015636e+01 6.250000000000000000e-01
-1.159955304977174251e+01 7.151580902455659250e-02 -1.169999999999986162e+00 4.000000000000000000e+02 -8.940536047084449933e+00 -1.610325033377579373e+01 2.999999999999999889e-02
-1.158854585258964676e+01 7.236228940887558247e-02 -1.172499999999986109e+00 4.000000000000000000e+02 -8.937173937620187303e+00 -1.610238822431153238e+01 1.074999999999999956e+00
-1.157764915672153982e+01 7.180782785240820421e-02 -1.174999999999986056e+00 4.000000000000000000e+02 -8.933066913336164205e+00 -1.610078120002750524e+01 5.450000000000000400e-01
-1.156685267689582908e+01 6.452393231432020093e-02 -1.177499999999986002e+00 4.000000000000000000e+02 -8.929939230182492693e+00 -1.610015351687383500e+01 1.209999999999999964e+00
-1.155616484632751906e+01 6.717028356822689339e-02 -1.179999999999985949e+00 4.000000000000000000e+02 -8.927678973482974456e+00 -1.610039326017431804e+01 1.294999999999999929e+00
-1.154559256015973823e+01 6.612630516393501467e-02 -1.182499999999985896e+00 4.000000000000000000e+02 -8.918923505587548206e+00 -1.609413779227889307e+01 1.215000000000000080e+00
-1.153506557540462829e+01 7.079553239758620831e-02 -1.184999999999985842e+00 4.000000000000000000e+02 -8.913798268631225596e+00 -1.609151255532256641e+01 4.849999999999999867e-01
-1.152462101327465760e+01 7.115179324419937390e-02 -1.187499999999985789e+00 4.000000000000000000e+02 -8.909366130712927045e+00 -1.608958041740427092e+01 3.350000000000000200e-01
-1.151426452549513080e+01 7.019708482679343220e-02 -1.189999999999985736e+00 4.000000000000000000e+02 -8.896119285943692390e+00 -1.607883357263503399e+01 1.264999999999999902e+00
-1.150390401507336335e+01 7.150433165889848175e-02 -1.192499999999985683e+00 4.000000000000000000e+02 -8.890094069448700509e+00 -1.607530835614004161e+01 1.004999999999999893e+00
-1.149361371843245472e+01 7.017584783718755492e-02 -1.194999999999985629e+00 4.000000000000000000e+02 -8.883821544731697273e+00 -1.607153583142304143e+01 1.074999999999999956e+00
-1.148338993292598609e+01 7.029834843306258241e-02 -1.197499999999985576e+00 4.000000000000000000e+02 -8.880536871708935465e+00 -1.607075115840027735e+01 1.074999999999999956e+00
-1.147326171209780021e+01 7.146583644665449597e-02 -1.199999999999985523e+00 4.000000000000000000e+02 -8.877608954968316368e+00 -1.607032324165965775e+01 1.449999999999999900e-01
-1.146323077438831461e+01 7.388996545017036122e-02 -1.202499999999985469e+00 4.000000000000000000e+02 -8.861750867674082599e+00 -1.605696515436542526e+01 7.850000000000000311e-01
-1.145316657432727503e+01 7.065460395499047197e-02 -1.204999999999985416e+00 4.000000000000000000e+02 -8.860603391019445496e+00 -1.605831767771078944e+01 1.395000000000000018e+00
-1.144321605453564317e+01 6.409131686754965251e-02 -1.207499999999985363e+00 4.000000000000000000e+02 -8.847453562200572108e+00 -1.604766784889191555e+01 4.799999999999999822e-01
-1.143325860836385921e+01 6.556009755810282558e-02 -1.209999999999985310e+00 4.000000000000000000e+02 -8.847150834062212255e+00 -1.604986512075355520e+01 1.504999999999999893e+00
-1.142342086979155624e+01 6.216985055065637339e-02 -1.212499999999985256e+00 4.000000000000000000e+02 -8.846533735744648297e+00 -1.605174802243599075e+01 1.754999999999999893e+00
-1.141369720721790593e+01 5.831527538478838840e-02 -1.214999999999985203e+00 4.000000000000000000e+02 -8.842354127161360822e+00 -1.605006841385270278e+01 1.830000000000000071e+00
-1.140405107403354457e+01 5.619297515565467582e-02 -1.217499999999985150e+00 4.000000000000000000e+02 -8.839102532603261508e+00 -1.604931681929460296e+01 1.199999999999999956e+00
-1.139448995127639108e+01 6.467127541243310185e-02 -1.219999999999985096e+00 4.000000000000000000e+02 -8.832700393720386955e+00 -1.604541468041173147e+01 5.799999999999999600e-01
-1.138498252628800600e+01 6.570398308916045038e-02 -1.222499999999985043e+00 4.000000000000000000e+02 -8.832582177621388198e+00 -1.604779646431273221e+01 1.760000000000000009e+00
-1.137558694154834704e+01 7.027897158659218713e-02 -1.224999999999984990e+00 4.000000000000000000e+02 -8.820087444079872441e+00 -1.603780173077121418e+01 5.300000000000000266e-01
-1.136618575215511129e+01 7.023147668595138005e-02 -1.227499999999984936e+00 4.000000000000000000e+02 -8.814883158382460948e+00 -1.603509744507380219e+01 7.750000000000000222e-01
-1.135684701919413797e+01 6.960537189560069005e-02 -1.229999999999984883e+00 4.000000000000000000e+02 -8.812561800313646998e+00 -1.603527608700498774e+01 1.695000000000000062e+00
-1.134759633695465730e+01 7.020747695751136663e-02 -1.232499999999984830e+00 4.000000000000000000e+02 -8.811430032838867277e+00 -1.603664431953021108e+01 1.834999999999999964e+00
-1.133844292136999243e+01 6.273990715188888789e-02 -1.234999999999984777e+00 4.000000000000000000e+02 -8.799296816155424139e+00 -1.602701110284676389e+01 2.899999999999999800e-01
-1.132928513296595696e+01 6.291546195423566856e-02 -1.237499999999984723e+00 4.000000000000000000e+02 -8.798505133305001280e+00 -1.602871941999634231e+01 1.549999999999999989e-01
-1.132022586842658995e+01 6.497285309713018986e-02 -1.239999999999984670e+00 4.000000000000000000e+02 -8.794286829128145300e+00 -1.602700111581948761e+01 9.000000000000000222e-01
-1.131123256703028979e+01 7.147696465793751397e-02 -1.242499999999984617e+00 4.000000000000000000e+02 -8.785769812440324955e+00 -1.602098409913166677e+01 1.900000000000000022e-01
-1.130226587299856433e+01 5.975176199762213120e-02 -1.244999999999984563e+00 4.000000000000000000e+02 -8.782108459732590688e+00 -1.601982274642393378e+01 1.205000000000000071e+00
-1.129336858542415811e+01 5.472152785739065051e-02 -1.247499999999984510e+00 4.000000000000000000e+02 -8.779103157880745911e+00 -1.601931744457208850e+01 1.044999999999999929e+00
-1.128454532428350454e+01 5.158746465822392629e-02 -1.249999999999984457e+00 4.000000000000000000e+02 -8.768603866687545434e+00 -1.601131815337888753e+01 1.145000000000000018e+00
-1.127572929831098136e+01 5.486826089623737107e-02 -1.252499999999984404e+00 4.000000000000000000e+02 -8.767193049273187100e+00 -1.601240733596452870e+01 6.450000000000000178e-01
-1.126699978769243593e+01 5.413444039400629182e-02 -1.254999999999984350e+00 4.000000000000000000e+02 -8.761280693601948499e+00 -1.600899498029328782e+01 5.849999999999999645e-01
-1.125831636964332638e+01 5.158631351361249451e-02 -1.257499999999984297e+00 4.000000000000000000e+02 -8.748516770379147545e+00 -1.599873105707048992e+01 1.580000000000000071e+00
-1.124961927611059131e+01 5.348656553604417413e-02 -1.259999999999984244e+00 4.000000000000000000e+02 -8.746452757343858408e+00 -1.599916704403520029e+01 1.010000000000000009e+00
-1.124100091246467237e+01 5.385224797495360982e-02 -1.262499999999984190e+00 4.000000000000000000e+02 -8.739509560012830747e+00 -1.599472384670417213e+01 1.445000000000000062e+00
-1.123241830325531865e+01 5.245546266227330695e-02 -1.264999999999984137e+00 4.000000000000000000e+02 -8.738465353382901313e+00 -1.599617964007424220e+01 1.554999999999999938e+00
-1.122392105556559194e+01 5.010455164571941955e-02 -1.267499999999984084e+00 4.000000000000000000e+02 -8.737482728016701117e+00 -1.599769701470804151e+01 1.304999999999999938e+00
-1.121550812474704806e+01 5.388493077927337949e-02 -1.269999999999984031e+00 4.000000000000000000e+02 -8.736223403286485834e+00 -1.599893768997782750e+01 1.574999999999999956e+00
-1.120717568250330842e+01 5.103507451987494836e-02 -1.272499999999983977e+00 4.000000000000000000e+02 -8.732653398147402157e+00 -1.599786768483874333e+01 6.750000000000000444e-01
-1.119890328618751951e+01 5.078331656997889937e-02 -1.274999999999983924e+00 4.000000000000000000e+02 -8.730299570960411870e+00 -1.599801385765175255e+01 8.050000000000000488e-01
-1.119069995562232656e+01 4.827563812595617870e-02 -1.277499999999983871e+00 4.000000000000000000e+02 -8.728437987020489786e+00 -1.599865227371182996e+01 1.429999999999999938e+00
-1.118256854432135405e+01 4.904771269788528454e-02 -1.279999999999983817e+00 4.000000000000000000e+02 -8.726354079971164523e+00 -1.599906836666250598e+01 7.800000000000000266e-01
-1.117450606185884432e+01 4.915842907281502833e-02 -1.282499999999983764e+00 4.000000000000000000e+02 -8.725404764235197064e+00 -1.600061905092653802e+01 1.350000000000000089e-01
-1.116652040687318426e+01 5.120154738546248835e-02 -1.284999999999983711e+00 4.000000000000000000e+02 -8.724436845035020482e+00 -1.600215113172636094e+01 9.549999999999999600e-01
-1.115861009829132477e+01 5.354629630212569963e-02 -1.287499999999983658e+00 4.000000000000000000e+02 -8.723264746554072246e+00 -1.600347903324541221e+01 1.310000000000000053e+00
-1.115077224597017747e+01 5.775817737422475617e-02 -1.289999999999983604e+00 4.000000000000000000e+02 -8.717018981560723745e+00 -1.599973326825206499e+01 1.764999999999999902e+00
-1.114296627669123829e+01 6.462533394547244348e-02 -1.292499999999983551e+00 4.000000000000000000e+02 -8.712064373122238692e+00 -1.599727865981357944e+01 6.899999999999999467e-01
-1.113520180708088070e+01 6.260224236670018649e-02 -1.294999999999983498e+00 4.000000000000000000e+02 -8.711050087817515220e+00 -1.599876437450885547e+01 7.900000000000000355e-01
-1.112750855478602219e+01 6.926923974844957643e-02 -1.297499999999983444e+00 4.000000000000000000e+02 -8.706677626958196470e+00 -1.599689191364953800e+01 1.754999999999999893e+00
-1.111985978290498167e+01 7.258368241771231966e-02 -1.299999999999983391e+00 4.000000000000000000e+02 -8.701594653519274303e+00 -1.599430894021061533e+01 1.135000000000000009e+00
-1.111224951349158374e+01 7.091331130772736413e-02 -1.302499999999983338e+00 4.000000000000000000e+02 -8.697119223457141501e+00 -1.599233351014848203e+01 1.054999999999999938e+00
-1.110468184473595699e+01 7.117626260002467287e-02 -1.304999999999983284e+00 4.000000000000000000e+02 -8.696980971711052888e+00 -1.599469525840239292e+01 4.499999999999999833e-02
-1.109718866725685160e+01 7.007491251901486196e-02 -1.307499999999983231e+00 4.000000000000000000e+02 -8.696533734997464293e+00 -1.599674802168880561e+01 8.000000000000000167e-02
-1.108976641534582974e+01 6.723886080184333924e-02 -1.309999999999983178e+00 4.000000000000000000e+02 -8.687367556577697769e+00 -1.599008184326903859e+01 9.599999999999999645e-01
-1.108234975233072461e+01 7.542837526485060562e-02 -1.312499999999983125e+00 4.000000000000000000e+02 -8.686894798949746033e+00 -1.599210908564108635e+01 1.449999999999999900e-01
-1.107500254641457182e+01 8.164669983620768956e-02 -1.314999999999983071e+00 4.000000000000000000e+02 -8.684745581539038639e+00 -1.599245986823037846e+01 1.449999999999999900e-01
-1.106771147717354609e+01 8.054012965443606287e-02 -1.317499999999983018e+00 4.000000000000000000e+02 -8.681077795742501380e+00 -1.599129208243384070e+01 1.060000000000000053e+00
-1.106046475592514255e+01 7.798450248427067633e-02 -1.319999999999982965e+00 4.000000000000000000e+02 -8.679909249787284509e+00 -1.599262353647862511e+01 6.300000000000000044e-01
-1.105327971062206238e+01 7.584303694484012537e-02 -1.322499999999982911e+00 4.000000000000000000e+02 -8.677880595663168606e+00 -1.599309488235450871e+01 1.320000000000000062e+00
-1.104614927186415230e+01 7.476826509783980612e-02 -1.324999999999982858e+00 4.000000000000000000e+02 -8.676757051428035439e+00 -1.599447133811937505e+01 1.354999999999999982e+00
-1.103907902070227998e+01 7.345649590518606165e-02 -1.327499999999982805e+00 4.000000000000000000e+02 -8.673604244829800081e+00 -1.599381853152113919e+01 9.749999999999999778e-01
-1.103205383871331335e+01 6.866587986667060939e-02 -1.329999999999982752e+00 4.000000000000000000e+02 -8.672346189583789666e+00 -1.599506047627513006e+01 1.840000000000000080e+00
-1.102508629435743259e+01 6.767027195584005006e-02 -1.332499999999982698e+00 4.000000000000000000e+02 -8.670257660437773239e+00 -1.599547194712911313e+01 1.250000000000000000e-01
-1.101816979765466442e+01 6.762127693786874894e-02 -1.334999999999982645e+00 4.000000000000000000e+02 -8.668130058154623896e+00 -1.599584434484596329e+01 4.799999999999999822e-01
-1.101130335922567660e+01 6.489464309244638573e-02 -1.337499999999982592e+00 4.000000000000000000e+02 -8.666028635832518034e+00 -1.599624292252385871e+01 1.479999999999999982e+00
-1.100448645578556928e+01 6.396338950160064540e-02 -1.339999999999982538e+00 4.000000000000000000e+02 -8.661083584428913795e+00 -1.599379787112025397e+01 1.784999999999999920e+00
-1.099769918909789190e+01 6.691510901608697937e-02 -1.342499999999982485e+00 4.000000000000000000e+02 -8.660713522107924334e+00 -1.599592780879926401e+01 4.650000000000000244e-01
-1.099097197458833008e+01 6.437635762416747676e-02 -1.344999999999982432e+00 4.000000000000000000e+02 -8.660182631057901759e+00 -1.599789691774924094e+01 3.200000000000000067e-01
-1.098430281467062386e+01 6.370890379227898970e-02 -1.347499999999982379e+00 4.000000000000000000e+02 -8.657588004355762479e+00 -1.599780229104710116e+01 1.695000000000000062e+00
-1.097767721308778377e+01 6.528746535830158571e-02 -1.349999999999982325e+00 4.000000000000000000e+02 -8.654747645210076001e+00 -1.599746193190141597e+01 1.810000000000000053e+00
-1.097109298805635191e+01 6.631962717674115548e-02 -1.352499999999982272e+00 4.000000000000000000e+02 -8.654189209958863316e+00 -1.599940349665020278e+01 6.199999999999999956e-01
-1.096456447805709900e+01 6.627923664631273082e-02 -1.354999999999982219e+00 4.000000000000000000e+02 -8.653974410615434820e+00 -1.600168869730677557e+01 1.320000000000000062e+00
-1.095809307066248550e+01 6.912757199260349816e-02 -1.357499999999982165e+00 4.000000000000000000e+02 -8.651832460313903184e+00 -1.600204674700524166e+01 1.864999999999999991e+00
-1.095166556764409016e+01 7.067994151392248403e-02 -1.359999999999982112e+00 4.000000000000000000e+02 -8.650630591758751819e+00 -1.600334487845009335e+01 9.200000000000000400e-01
-1.094528737243013694e+01 6.792878175717777245e-02 -1.362499999999982059e+00 4.000000000000000000e+02 -8.649517441859057243e+00 -1.600473172855039650e+01 2.000000000000000042e-02
-1.093895835660673654e+01 7.049772099578650864e-02 -1.364999999999982006e+00 4.000000000000000000e+02 -8.648755550166546513e+00 -1.600646983685788527e+01 4.499999999999999833e-02
-1.093268003305447422e+01 6.898051593394434466e-02 -1.367499999999981952e+00 4.000000000000000000e+02 -8.646660558894602389e+00 -1.600687484558594065e+01 5.250000000000000222e-01
-1.092644339958270550e+01 6.901537145627839598e-02 -1.369999999999981899e+00 4.000000000000000000e+02 -8.644086794517978234e+00 -1.600680108120931777e+01 2.999999999999999889e-01
-1.092024496496480168e+01 7.090750094628721356e-02 -1.372499999999981846e+00 4.000000000000000000e+02 -8.642893314119397985e+00 -1.600810760081073880e+01 1.750000000000000000e+00
-1.091409273292033788e+01 6.837850660341077136e-02 -1.374999999999981792e+00 4.000000000000000000e+02 -8.642483452269262401e+00 -1.601019773896059917e+01 4.249999999999999889e-01
-1.090799084768168825e+01 7.005969071975876039e-02 -1.377499999999981739e+00 4.000000000000000000e+02 -8.637868277674277451e+00 -1.600808256436561550e+01 1.150000000000000050e-01
-1.090191316683947420e+01 7.059044169382173994e-02 -1.379999999999981686e+00 4.000000000000000000e+02 -8.637560307661663828e+00 -1.601027459435300315e+01 1.260000000000000009e+00
-1.089588538885992364e+01 6.921416142060440868e-02 -1.382499999999981632e+00 4.000000000000000000e+02 -8.637481769112813623e+00 -1.601269605580415245e+01 1.060000000000000053e+00
-1.088990817519785992e+01 6.931112278084478051e-02 -1.384999999999981579e+00 4.000000000000000000e+02 -8.633270078886155829e+00 -1.601098436557749238e+01 1.165000000000000036e+00
-1.088395632761911536e+01 6.894302568005383769e-02 -1.387499999999981526e+00 4.000000000000000000e+02 -8.632499400639648712e+00 -1.601271368733098655e+01 6.049999999999999822e-01
-1.087804988782740345e+01 6.675285711595090044e-02 -1.389999999999981473e+00 4.000000000000000000e+02 -8.623868630680815883e+00 -1.600658291737215677e+01 1.995000000000000107e+00
-1.087214212680104986e+01 6.529336772404367717e-02 -1.392499999999981419e+00 4.000000000000000000e+02 -8.622923821337957762e+00 -1.600813810802929638e+01 6.199999999999999956e-01
-1.086627816246433298e+01 6.653945612219487604e-02 -1.394999999999981366e+00 4.000000000000000000e+02 -8.622226694517101109e+00 -1.600994098120843745e+01 1.800000000000000044e+00
-1.086045885422705126e+01 6.551878323136610394e-02 -1.397499999999981313e+00 4.000000000000000000e+02 -8.621263153123985390e+00 -1.601147743981532301e+01 1.879999999999999893e+00
-1.085468207146850439e+01 6.764676886886338003e-02 -1.399999999999981259e+00 4.000000000000000000e+02 -8.621091209214824858e+00 -1.601380549590616198e+01 9.699999999999999734e-01
-1.084895178603332511e+01 6.830823844472355688e-02 -1.402499999999981206e+00 4.000000000000000000e+02 -8.620274924899403501e+00 -1.601548921159074013e+01 3.699999999999999956e-01
-1.084326370768821590e+01 6.538914890317537587e-02 -1.404999999999981153e+00 4.000000000000000000e+02 -8.620191829627698255e+00 -1.601790611631903616e+01 1.044999999999999929e+00
-1.083762141550852753e+01 6.735032081200302556e-02 -1.407499999999981100e+00 4.000000000000000000e+02 -8.620033398583140993e+00 -1.602024768527448018e+01 5.799999999999999600e-01
-1.083202386591777788e+01 6.922477752519935745e-02 -1.409999999999981046e+00 4.000000000000000000e+02 -8.618808367019715533e+00 -1.602152265371105244e+01 1.919999999999999929e+00
-1.082646454733250785e+01 6.926639265030992698e-02 -1.412499999999980993e+00 4.000000000000000000e+02 -8.618193540570123545e+00 -1.602340782726146173e+01 1.834999999999999964e+00
-1.082094634782708020e+01 7.034638402689046000e-02 -1.414999999999980940e+00 4.000000000000000000e+02 -8.618126221178416202e+00 -1.602584050786975212e+01 1.820000000000000062e+00
-1.081547172950195268e+01 6.963627158090168745e-02 -1.417499999999980886e+00 4.000000000000000000e+02 -8.617660761092174937e+00 -1.602787504778351391e+01 9.300000000000000488e-01
-1.081003795591756678e+01 6.570727735072384723e-02 -1.419999999999980833e+00 4.000000000000000000e+02 -8.617529337215302121e+00 -1.603024362390664237e+01 1.270000000000000018e+00
-1.080464629992622427e+01 6.814189294507529138e-02 -1.422499999999980780e+00 4.000000000000000000e+02 -8.614029387474458233e+00 -1.602924367416579798e+01 1.260000000000000009e+00
-1.079927820728411447e+01 7.018379946807173919e-02 -1.424999999999980727e+00 4.000000000000000000e+02 -8.613838555500544558e+00 -1.603155284219188204e+01 6.049999999999999822e-01
-1.079395105993710224e+01 7.125295005927463621e-02 -1.427499999999980673e+00 4.000000000000000000e+02 -8.611230810243817757e+00 -1.603144509693515474e+01 7.750000000000000222e-01
-1.078865157132570118e+01 7.116369293646163108e-02 -1.429999999999980620e+00 4.000000000000000000e+02 -8.609680148824915946e+00 -1.603239443551625243e+01 1.344999999999999973e+00
-1.078338500827333313e+01 6.982748523462570245e-02 -1.432499999999980567e+00 4.000000000000000000e+02 -8.608774913342443824e+00 -1.603398920003377981e+01 1.405000000000000027e+00
-1.077815436313088782e+01 7.081781022921909696e-02 -1.434999999999980513e+00 4.000000000000000000e+02 -8.608431050311486032e+00 -1.603614533700282152e+01 2.000000000000000111e-01
-1.077296211350606292e+01 7.262501103633889343e-02 -1.437499999999980460e+00 4.000000000000000000e+02 -8.608265805573429574e+00 -1.603848009226476634e+01 1.550000000000000044e+00
-1.076780869910006011e+01 7.298791773523831405e-02 -1.439999999999980407e+00 4.000000000000000000e+02 -8.607239126053285005e+00 -1.603995341274462305e+01 1.024999999999999911e+00
-1.076268923512442477e+01 7.317085390412801649e-02 -1.442499999999980353e+00 4.000000000000000000e+02 -8.606742431619009537e+00 -1.604195671831034531e+01 1.659999999999999920e+00
-1.075760601416049766e+01 7.102067818127548449e-02 -1.444999999999980300e+00 4.000000000000000000e+02 -8.606252187016680821e+00 -1.604396647370801787e+01 1.054999999999999938e+00
-1.075255863027798320e+01 7.127943146498859350e-02 -1.447499999999980247e+00 4.000000000000000000e+02 -8.605732160337216996e+00 -1.604594644702855533e+01 2.800000000000000266e-01
-1.074754650339743733e+01 7.203142159180407622e-02 -1.449999999999980194e+00 4.000000000000000000e+02 -8.604860235224043308e+00 -1.604757452191537936e+01 5.500000000000000028e-02
-1.074256746535359142e+01 7.544052082760988043e-02 -1.452499999999980140e+00 4.000000000000000000e+02 -8.603915616685391399e+00 -1.604912990337673051e+01 1.004999999999999893e+00
-1.073762077628943601e+01 7.427043193121783682e-02 -1.454999999999980087e+00 4.000000000000000000e+02 -8.603848836756327501e+00 -1.605156312344766434e+01 8.149999999999999467e-01
-1.073271036981245885e+01 7.544454236990941198e-02 -1.457499999999980034e+00 4.000000000000000000e+02 -8.602595449296730479e+00 -1.605280973598806682e+01 1.050000000000000044e+00
-1.072783003048998829e+01 7.645521398263460666e-02 -1.459999999999979980e+00 4.000000000000000000e+02 -8.602226279159497224e+00 -1.605494056585083484e+01 1.739999999999999991e+00
-1.072298370589254013e+01 7.657679966417096917e-02 -1.462499999999979927e+00 4.000000000000000000e+02 -8.601873923864770788e+00 -1.605708821055610969e+01 2.550000000000000044e-01
-1.071817107693905768e+01 7.428090664791793529e-02 -1.464999999999979874e+00 4.000000000000000000e+02 -8.600509517549355110e+00 -1.605822380424068996e+01 8.299999999999999600e-01
-1.071338692143926075e+01 7.150884081863928543e-02 -1.467499999999979821e+00 4.000000000000000000e+02 -8.600305225904515183e+00 -1.606051951259585309e+01 6.500000000000000222e-01
-1.070863643744903548e+01 7.301627098453325471e-02 -1.469999999999979767e+00 4.000000000000000000e+02 -8.600267897127800154e+00 -1.606298218381913756e+01 1.950000000000000067e-01
-1.070392001576208862e+01 7.103275632078680235e-02 -1.472499999999979714e+00 4.000000000000000000e+02 -8.600265428047942251e+00 -1.606547971473927916e+01 1.250000000000000000e-01
-1.069923741643868631e+01 7.252818195778455712e-02 -1.474999999999979661e+00 4.000000000000000000e+02 -8.600262371294805419e+00 -1.606797665798614361e+01 1.810000000000000053e+00
-1.069458823789118718e+01 7.256046387940240372e-02 -1.477499999999979607e+00 4.000000000000000000e+02 -8.599774076374533394e+00 -1.606998836306587108e+01 1.549999999999999989e-01
-1.068996985291100899e+01 7.620161430751441756e-02 -1.479999999999979554e+00 4.000000000000000000e+02 -8.599668902173462470e+00 -1.607238318886479789e+01 4.650000000000000244e-01
-1.068538367042597947e+01 7.777544329008692636e-02 -1.482499999999979501e+00 4.000000000000000000e+02 -8.599397237884131684e+00 -1.607461152457546660e+01 1.860000000000000098e+00
-1.068082856349103515e+01 7.617979250619492937e-02 -1.484999999999979448e+00 4.000000000000000000e+02 -8.599389026758602839e+00 -1.607710331344993904e+01 1.850000000000000089e+00
-1.067630537085354270e+01 7.732154407741549662e-02 -1.487499999999979394e+00 4.000000000000000000e+02 -8.599323647388947833e+00 -1.607953793408028531e+01 1.514999999999999902e+00
-1.067181347018032511e+01 7.735768025558739658e-02 -1.489999999999979341e+00 4.000000000000000000e+02 -8.599002618458225555e+00 -1.608171690514956254e+01 4.949999999999999956e-01
-1.066735136814487817e+01 7.482964661233744430e-02 -1.492499999999979288e+00 4.000000000000000000e+02 -8.598825423676810686e+00 -1.608403971036814539e+01 2.399999999999999911e-01
-1.066291937182028882e+01 7.472502315084635083e-02 -1.494999999999979234e+00 4.000000000000000000e+02 -8.598741942241709069e+00 -1.608645622893304505e+01 1.459999999999999964e+00
-1.065851755791319455e+01 7.687327330742559084e-02 -1.497499999999979181e+00 4.000000000000000000e+02 -8.598727258770493265e+00 -1.608894154546182875e+01 1.189999999999999947e+00
-1.065414588977588828e+01 7.641658983297636154e-02 -1.499999999999979128e+00 4.000000000000000000e+02 -8.598420118290276193e+00 -1.609113440498161296e+01 1.324999999999999956e+00
-1.064980276356139832e+01 7.875353623627211197e-02 -1.502499999999979075e+00 4.000000000000000000e+02 -8.598094647389299183e+00 -1.609330893408063545e+01 1.620000000000000107e+00
-1.064548779151339097e+01 7.951697878226664240e-02 -1.504999999999979021e+00 4.000000000000000000e+02 -8.598059283891901217e+00 -1.609577357058323699e+01 1.614999999999999991e+00
-1.064120191195807763e+01 8.027956764353434693e-02 -1.507499999999978968e+00 4.000000000000000000e+02 -8.597756943266370300e+00 -1.609797122995770735e+01 8.050000000000000488e-01
-1.063694367129484775e+01 7.943686759384474549e-02 -1.509999999999978915e+00 4.000000000000000000e+02 -8.596788743899141494e+00 -1.609950303059047627e+01 1.215000000000000080e+00
-1.063270996281312186e+01 8.106916008979873911e-02 -1.512499999999978861e+00 4.000000000000000000e+02 -8.596517207559772444e+00 -1.610173149425110850e+01 6.400000000000000133e-01
-1.062850346779885946e+01 8.317349159104864276e-02 -1.514999999999978808e+00 4.000000000000000000e+02 -8.596383290859170856e+00 -1.610409757755050464e+01 1.499999999999999944e-02
-1.062432447214388631e+01 8.233660917587608263e-02 -1.517499999999978755e+00 4.000000000000000000e+02 -8.596347422535885130e+00 -1.610656170922722197e+01 8.750000000000000000e-01
-1.062017308872721344e+01 7.762289365627954296e-02 -1.519999999999978701e+00 4.000000000000000000e+02 -8.594410976755080256e+00 -1.610712526344641660e+01 7.850000000000000311e-01
-1.061604119246589484e+01 7.734037454384833088e-02 -1.522499999999978648e+00 4.000000000000000000e+02 -8.594072418169634631e+00 -1.610928670486097047e+01 1.655000000000000027e+00
-1.061193516482547139e+01 7.976148940440179469e-02 -1.524999999999978595e+00 4.000000000000000000e+02 -8.594000790812254209e+00 -1.611171507750358955e+01 1.950000000000000067e-01
-1.060785582567100960e+01 8.124825446311494115e-02 -1.527499999999978542e+00 4.000000000000000000e+02 -8.593581852787025355e+00 -1.611379613947836020e+01 3.500000000000000333e-02
-1.060380148891611185e+01 7.850254740014546428e-02 -1.529999999999978488e+00 4.000000000000000000e+02 -8.592965536127543658e+00 -1.611567982281887979e+01 4.099999999999999756e-01
-1.059977110725117200e+01 7.427389805728688843e-02 -1.532499999999978435e+00 4.000000000000000000e+02 -8.592485624615285644e+00 -1.611769991130662305e+01 1.284999999999999920e+00
-1.059576498903290265e+01 7.379847812829440357e-02 -1.534999999999978382e+00 4.000000000000000000e+02 -8.592055909234996847e+00 -1.611977019592633198e+01 1.439999999999999947e+00
-1.059178309153999287e+01 7.471665508297548053e-02 -1.537499999999978328e+00 4.000000000000000000e+02 -8.591386461930833107e+00 -1.612160074862216774e+01 1.360000000000000098e+00
-1.058782422587482763e+01 7.400681518883651944e-02 -1.539999999999978275e+00 4.000000000000000000e+02 -8.591365208729420999e+00 -1.612407949542075869e+01 1.100000000000000006e-01
-1.058389071409762572e+01 7.417512955433326616e-02 -1.542499999999978222e+00 4.000000000000000000e+02 -8.590680889726607816e+00 -1.612589517641794146e+01 1.979999999999999982e+00
-1.057997970791641862e+01 7.357247289618898400e-02 -1.544999999999978169e+00 4.000000000000000000e+02 -8.590462924516964804e+00 -1.612817721120829972e+01 7.850000000000000311e-01
-1.057609280104439264e+01 7.243433610509826537e-02 -1.547499999999978115e+00 4.000000000000000000e+02 -8.590277683310320711e+00 -1.613049197000165691e+01 3.500000000000000333e-02
-1.057222987852255969e+01 7.331744793394318060e-02 -1.549999999999978062e+00 4.000000000000000000e+02 -8.590231073552411445e+00 -1.613294536024374537e+01 1.250000000000000000e-01
-1.056839123190939667e+01 7.526676536978695042e-02 -1.552499999999978009e+00 4.000000000000000000e+02 -8.588709386874665341e+00 -1.613392367356600232e+01 1.889999999999999902e+00
-1.056457099625096419e+01 7.725661117808037270e-02 -1.554999999999977955e+00 4.000000000000000000e+02 -8.588227210738116568e+00 -1.613594149742944950e+01 1.280000000000000027e+00
-1.056077295620333523e+01 7.715617684824835343e-02 -1.557499999999977902e+00 4.000000000000000000e+02 -8.586666280324683598e+00 -1.613688056701601781e+01 2.899999999999999800e-01
-1.055699283145834322e+01 7.538125500161575732e-02 -1.559999999999977849e+00 4.000000000000000000e+02 -8.586228454924800246e+00 -1.613894274161613396e+01 6.099999999999999867e-01
-1.055323468562095535e+01 7.570102228693689761e-02 -1.562499999999977796e+00 4.000000000000000000e+02 -8.586110158488356348e+00 -1.614132444517969134e+01 3.900000000000000133e-01
-1.054949950063292619e+01 7.701920953691232530e-02 -1.564999999999977742e+00 4.000000000000000000e+02 -8.585459350004592594e+00 -1.614317363669592709e+01 9.899999999999999911e-01
-1.054578507760799155e+01 7.733085158144631377e-02 -1.567499999999977689e+00 4.000000000000000000e+02 -8.584784780028936524e+00 -1.614499906672027052e+01 1.284999999999999920e+00
-1.054209113719418411e+01 7.874377425583148349e-02 -1.569999999999977636e+00 4.000000000000000000e+02 -8.584365931780094883e+00 -1.614708021847143016e+01 9.200000000000000400e-01
-1.053841842913170801e+01 7.848781890729630839e-02 -1.572499999999977582e+00 4.000000000000000000e+02 -8.583744033935586160e+00 -1.614895832062692094e+01 1.280000000000000027e+00
-1.053476601401683865e+01 7.895453386255500694e-02 -1.574999999999977529e+00 4.000000000000000000e+02 -8.583541007010747848e+00 -1.615125529370208213e+01 1.784999999999999920e+00
-1.053113522474324526e+01 7.709940997880340707e-02 -1.577499999999977476e+00 4.000000000000000000e+02 -8.582657604955128861e+00 -1.615287189164646264e+01 1.270000000000000018e+00
-1.052752340345218052e+01 7.881273238003734527e-02 -1.579999999999977423e+00 4.000000000000000000e+02 -8.581850395748993776e+00 -1.615456468244033061e+01 1.899999999999999911e+00
-1.052393065646039005e+01 7.935947509974819458e-02 -1.582499999999977369e+00 4.000000000000000000e+02 -8.581825906537435600e+00 -1.615704019322877016e+01 1.715000000000000080e+00
-1.052035960640453283e+01 7.644917968071543446e-02 -1.584999999999977316e+00 4.000000000000000000e+02 -8.581295145144554937e+00 -1.615900943183589078e+01 3.900000000000000133e-01
-1.051680825129909280e+01 7.523706052503763286e-02 -1.587499999999977263e+00 4.000000000000000000e+02 -8.580977604135668457e+00 -1.616119189082700203e+01 9.050000000000000266e-01
-1.051327716493048214e+01 7.515424072312384962e-02 -1.589999999999977209e+00 4.000000000000000000e+02 -8.580345187474078372e+00 -1.616305947416541500e+01 6.500000000000000222e-01
-1.050976505701888719e+01 7.292266979933104132e-02 -1.592499999999977156e+00 4.000000000000000000e+02 -8.580341133244166585e+00 -1.616555541993550094e+01 4.849999999999999867e-01
-1.050627395009959031e+01 7.134906960382163266e-02 -1.594999999999977103e+00 4.000000000000000000e+02 -8.579664361284452312e+00 -1.616737864797578794e+01 1.159999999999999920e+00
-1.050280131478981716e+01 7.184096147814367228e-02 -1.597499999999977049e+00 4.000000000000000000e+02 -8.578779782223380224e+00 -1.616899406891471358e+01 1.955000000000000071e+00
-1.049934627315877123e+01 7.440397772639165130e-02 -1.599999999999976996e+00 4.000000000000000000e+02 -8.578548699009857614e+00 -1.617126298570119047e+01 1.149999999999999911e+00
-1.049591091771643825e+01 7.501631809729171485e-02 -1.602499999999976943e+00 4.000000000000000000e+02 -8.576449622422614993e+00 -1.617166390911394913e+01 1.840000000000000080e+00
-1.049248869352690861e+01 7.334070170614821749e-02 -1.604999999999976890e+00 4.000000000000000000e+02 -8.576241989162447510e+00 -1.617395627585378293e+01 1.959999999999999964e+00
-1.048908593703536951e+01 7.681066415686522986e-02 -1.607499999999976836e+00 4.000000000000000000e+02 -8.576126397970583071e+00 -1.617634068466191621e+01 9.499999999999999556e-01
-1.048570278280921109e+01 7.669709803919519397e-02 -1.609999999999976783e+00 4.000000000000000000e+02 -8.575723377082297816e+00 -1.617843766377363224e+01 1.584999999999999964e+00
-1.048233808694008040e+01 7.720655420282410142e-02 -1.612499999999976730e+00 4.000000000000000000e+02 -8.575535995379336640e+00 -1.618075028207066879e+01 1.235000000000000098e+00
-1.047899240755451444e+01 7.562821957916342208e-02 -1.614999999999976676e+00 4.000000000000000000e+02 -8.575300974877684723e+00 -1.618301526156901815e+01 1.620000000000000107e+00
-1.047566541596870238e+01 7.462613354216887651e-02 -1.617499999999976623e+00 4.000000000000000000e+02 -8.574026158626486094e+00 -1.618424044531781902e+01 9.649999999999999689e-01
-1.047235351001788395e+01 7.486975674280563209e-02 -1.619999999999976570e+00 4.000000000000000000e+02 -8.572880204675930926e+00 -1.618559449136726514e+01 1.429999999999999938e+00
-1.046905699588179672e+01 7.598617433847856817e-02 -1.622499999999976517e+00 4.000000000000000000e+02 -8.572778345917253517e+00 -1.618799263260858723e+01 1.469999999999999973e+00
-1.046577917026200133e+01 7.706062836502618196e-02 -1.624999999999976463e+00 4.000000000000000000e+02 -8.572379204938641806e+00 -1.619009349162997324e+01 5.649999999999999467e-01
-1.046251889907169641e+01 8.043648399517562553e-02 -1.627499999999976410e+00 4.000000000000000000e+02 -8.572076186725819724e+00 -1.619229047341715244e+01 1.820000000000000062e+00
-1.045927634280992002e+01 8.158677325593589880e-02 -1.629999999999976357e+00 4.000000000000000000e+02 -8.571027111896841078e+00 -1.619374139858817330e+01 8.999999999999999667e-02
-1.045604894529206064e+01 8.042212636140556870e-02 -1.632499999999976303e+00 4.000000000000000000e+02 -8.569744948543061014e+00 -1.619495923523439274e+01 1.499999999999999944e-01
-1.045283583949959194e+01 8.031519378965905342e-02 -1.634999999999976250e+00 4.000000000000000000e+02 -8.569008841506454033e+00 -1.619672312819778881e+01 9.150000000000000355e-01
-1.044963866012813547e+01 7.842959867467948210e-02 -1.637499999999976197e+00 4.000000000000000000e+02 -8.568915182483982207e+00 -1.619912946917531471e+01 1.985000000000000098e+00
-1.044645931774526204e+01 7.784438011045030636e-02 -1.639999999999976144e+00 4.000000000000000000e+02 -8.568742283474573895e+00 -1.620145657016590945e+01 2.500000000000000000e-01
-1.044329740654687200e+01 7.608970524601718632e-02 -1.642499999999976090e+00 4.000000000000000000e+02 -8.568280247883027556e+00 -1.620349453457436084e+01 3.500000000000000333e-02
-1.044015186845584964e+01 7.548168927228750269e-02 -1.644999999999976037e+00 4.000000000000000000e+02 -8.568156040967371823e+00 -1.620587032765870461e+01 1.499999999999999944e-01
-1.043702362300262365e+01 7.600212137610036500e-02 -1.647499999999975984e+00 4.000000000000000000e+02 -8.566789531517663647e+00 -1.620700381820899594e+01 2.250000000000000056e-01
-1.043390866023953656e+01 7.558726436919811775e-02 -1.649999999999975930e+00 4.000000000000000000e+02 -8.566124606632552485e+00 -1.620883889332388605e+01 1.750000000000000000e+00
-1.043080905474725917e+01 7.662416151661206876e-02 -1.652499999999975877e+00 4.000000000000000000e+02 -8.565058640544274127e+00 -1.621027292723560720e+01 1.114999999999999991e+00
-1.042772344833331388e+01 7.585129519495953376e-02 -1.654999999999975824e+00 4.000000000000000000e+02 -8.564824762493250532e+00 -1.621253904918458488e+01 1.344999999999999973e+00
-1.042465428589058263e+01 7.572860287651134170e-02 -1.657499999999975770e+00 4.000000000000000000e+02 -8.564811969649252177e+00 -1.621502625634058603e+01 1.060000000000000053e+00
-1.042160210363245199e+01 7.621888101235925472e-02 -1.659999999999975717e+00 4.000000000000000000e+02 -8.564508508906898854e+00 -1.621722279559823221e+01 1.145000000000000018e+00
-1.041856587522810429e+01 7.528241477908419188e-02 -1.662499999999975664e+00 4.000000000000000000e+02 -8.563587923569965454e+00 -1.621880221026129831e+01 1.120000000000000107e+00
-1.041554360757075948e+01 7.522653730565709296e-02 -1.664999999999975611e+00 4.000000000000000000e+02 -8.562859108000072439e+00 -1.622057339469140658e+01 1.264999999999999902e+00
-1.041253577062899360e+01 7.797261385195947136e-02 -1.667499999999975557e+00 4.000000000000000000e+02 -8.562018264783130661e+00 -1.622223255147446253e+01 1.354999999999999982e+00
-1.040954191759438885e+01 7.573634322904063132e-02 -1.669999999999975504e+00 4.000000000000000000e+02 -8.560710440620768580e+00 -1.622342472731209995e+01 5.500000000000000028e-02
-1.040656055209701947e+01 7.388175295936276477e-02 -1.672499999999975451e+00 4.000000000000000000e+02 -8.560493606458688731e+00 -1.622570789315002315e+01 2.149999999999999967e-01
-1.040359481765925231e+01 7.242911494178906617e-02 -1.674999999999975397e+00 4.000000000000000000e+02 -8.560350596432728665e+00 -1.622806488312406259e+01 7.600000000000000089e-01
-1.040064480387190926e+01 7.212208144449130942e-02 -1.677499999999975344e+00 4.000000000000000000e+02 -8.559955602936351937e+00 -1.623016988962768536e+01 4.099999999999999756e-01
-1.039770964302786105e+01 7.044851652653437435e-02 -1.679999999999975291e+00 4.000000000000000000e+02 -8.557526917374095987e+00 -1.623024120406542892e+01 1.195000000000000062e+00
-1.039478328054046941e+01 7.191145226454370709e-02 -1.682499999999975238e+00 4.000000000000000000e+02 -8.552442791251696264e+00 -1.622765707794302870e+01 1.635000000000000009e+00
-1.039185791792617231e+01 7.051209297608954096e-02 -1.684999999999975184e+00 4.000000000000000000e+02 -8.550498470601485934e+00 -1.622821275729281609e+01 1.290000000000000036e+00
-1.038894270611514514e+01 7.046176403002245292e-02 -1.687499999999975131e+00 4.000000000000000000e+02 -8.550251599200912267e+00 -1.623046588589224370e+01 1.925000000000000044e+00
-1.038604250047197297e+01 7.031061177111291860e-02 -1.689999999999975078e+00 4.000000000000000000e+02 -8.550086612047252288e+00 -1.623280089873858500e+01 9.449999999999999512e-01
-1.038315741654042235e+01 7.271676298141793726e-02 -1.692499999999975024e+00 4.000000000000000000e+02 -8.548660040549641792e+00 -1.623387432724097579e+01 3.150000000000000022e-01
-1.038028371431329511e+01 7.168794189732535793e-02 -1.694999999999974971e+00 4.000000000000000000e+02 -8.547483021305296802e+00 -1.623519730799662852e+01 1.000000000000000000e+00
-1.037742202962935423e+01 7.147475847438634899e-02 -1.697499999999974918e+00 4.000000000000000000e+02 -8.545780091401452339e+00 -1.623599437809278356e+01 1.514999999999999902e+00
-1.037457078113219211e+01 7.017979347053103500e-02 -1.699999999999974865e+00 4.000000000000000000e+02 -8.545342130046224227e+00 -1.623805641673755673e+01 2.399999999999999911e-01
-1.037173348747247559e+01 6.824783648946190773e-02 -1.702499999999974811e+00 4.000000000000000000e+02 -8.544474472854231450e+00 -1.623968875954556523e+01 6.099999999999999867e-01
-1.036890882933104585e+01 6.762080527744963876e-02 -1.704999999999974758e+00 4.000000000000000000e+02 -8.544293753301902328e+00 -1.624200803999323384e+01 6.099999999999999867e-01
-1.036609864340696419e+01 6.820436257676464054e-02 -1.707499999999974705e+00 4.000000000000000000e+02 -8.541234669532679291e+00 -1.624144895622401208e+01 1.799999999999999933e-01
-1.036329476753313550e+01 6.662103036307118198e-02 -1.709999999999974651e+00 4.000000000000000000e+02 -8.539819050376843634e+00 -1.624253333706817415e+01 7.449999999999999956e-01
-1.036050175749946156e+01 6.749852159709793242e-02 -1.712499999999974598e+00 4.000000000000000000e+02 -8.539038764949076210e+00 -1.624425305164040623e+01 4.500000000000000111e-01
-1.035772130568742178e+01 6.921877711163017255e-02 -1.714999999999974545e+00 4.000000000000000000e+02 -8.537074949237332788e+00 -1.624478923592866408e+01 5.450000000000000400e-01
-1.035495004760158189e+01 6.906958870273677276e-02 -1.717499999999974492e+00 4.000000000000000000e+02 -8.536500643706235181e+00 -1.624671493039756598e+01 1.850000000000000089e+00
-1.035219175756941645e+01 6.959035983217742860e-02 -1.719999999999974438e+00 4.000000000000000000e+02 -8.536281272603067904e+00 -1.624899555929439998e+01 1.625000000000000000e+00
-1.034944731237154514e+01 6.741783924739641609e-02 -1.722499999999974385e+00 4.000000000000000000e+02 -8.535494837716962380e+00 -1.625070912440829574e+01 6.149999999999999911e-01
-1.034671505804596059e+01 6.792891811310224071e-02 -1.724999999999974332e+00 4.000000000000000000e+02 -8.535275302205560521e+00 -1.625298958889689160e+01 4.799999999999999822e-01
-1.034399644691953135e+01 6.749830751399110707e-02 -1.727499999999974278e+00 4.000000000000000000e+02 -8.534669891347869353e+00 -1.625488417803920171e+01 1.415000000000000036e+00
-1.034129033149190136e+01 6.755055418599587025e-02 -1.729999999999974225e+00 4.000000000000000000e+02 -8.533930045323455005e+00 -1.625664433201478687e+01 5.899999999999999689e-01
-1.033859625912505109e+01 6.657111027619644350e-02 -1.732499999999974172e+00 4.000000000000000000e+02 -8.533874863542431299e+00 -1.625908915023376267e+01 9.050000000000000266e-01
-1.033591597729990319e+01 6.675040090087056011e-02 -1.734999999999974118e+00 4.000000000000000000e+02 -8.529103024892297213e+00 -1.625681731158362808e+01 5.849999999999999645e-01
-1.033323678852913119e+01 6.628820229435936073e-02 -1.737499999999974065e+00 4.000000000000000000e+02 -8.527856969270365184e+00 -1.625807125596169556e+01 2.650000000000000133e-01
-1.033056810264809755e+01 6.586355975305219213e-02 -1.739999999999974012e+00 4.000000000000000000e+02 -8.525561016502377853e+00 -1.625827530319370950e+01 5.250000000000000222e-01
-1.032790706201145525e+01 6.535142499602654420e-02 -1.742499999999973959e+00 4.000000000000000000e+02 -8.524520597732248461e+00 -1.625973488442357962e+01 5.699999999999999512e-01
-1.032525694946973438e+01 6.413924864971101703e-02 -1.744999999999973905e+00 4.000000000000000000e+02 -8.523408037253581426e+00 -1.626112232394491031e+01 9.499999999999999556e-01
-1.032261750124345845e+01 6.525196627516587078e-02 -1.747499999999973852e+00 4.000000000000000000e+02 -8.522895107580538365e+00 -1.626310939427186852e+01 1.570000000000000062e+00
-1.031999022027824786e+01 6.528429620925826904e-02 -1.749999999999973799e+00 4.000000000000000000e+02 -8.519327257933019482e+00 -1.626204154462435270e+01 6.949999999999999512e-01
-1.031736702781955906e+01 6.672167137674191173e-02 -1.752499999999973745e+00 4.000000000000000000e+02 -8.518295274351197932e+00 -1.626350956104252887e+01 4.899999999999999911e-01
-1.031475453148771138e+01 6.805147988579564322e-02 -1.754999999999973692e+00 4.000000000000000000e+02 -8.518026212169337086e+00 -1.626574049886066575e+01 1.735000000000000098e+00
-1.031215464162136364e+01 6.858226288946166205e-02 -1.757499999999973639e+00 4.000000000000000000e+02 -8.517143416883097728e+00 -1.626735770357442945e+01 5.100000000000000089e-01
-1.030956567850032179e+01 6.870210627974009110e-02 -1.759999999999973586e+00 4.000000000000000000e+02 -8.515361005188289312e+00 -1.626807529187961876e+01 2.000000000000000111e-01
-1.030698525076444128e+01 6.956054324885271867e-02 -1.762499999999973532e+00 4.000000000000000000e+02 -8.513194199218190761e+00 -1.626840848590952149e+01 9.500000000000000111e-02
-1.030441232082695535e+01 6.946089928904411459e-02 -1.764999999999973479e+00 4.000000000000000000e+02 -8.511692952900848042e+00 -1.626940723959217650e+01 1.475000000000000089e+00
-1.030184855244032072e+01 6.904886810338048408e-02 -1.767499999999973426e+00 4.000000000000000000e+02 -8.509352468061218033e+00 -1.626956675475254954e+01 1.560000000000000053e+00
-1.029929174751787890e+01 6.860086505710262517e-02 -1.769999999999973372e+00 4.000000000000000000e+02 -8.508685036636817856e+00 -1.627139932332814709e+01 1.709999999999999964e+00
-1.029674612653168886e+01 6.860348667081518637e-02 -1.772499999999973319e+00 4.000000000000000000e+02 -8.508529608956060031e+00 -1.627374389564739232e+01 1.395000000000000018e+00
-1.029421290802009104e+01 6.904926524015726763e-02 -1.774999999999973266e+00 4.000000000000000000e+02 -8.508014197311155158e+00 -1.627572848400248517e+01 4.650000000000000244e-01
-1.029169109390124426e+01 6.829771503564749380e-02 -1.777499999999973213e+00 4.000000000000000000e+02 -8.505814500469236705e+00 -1.627602878716056622e+01 7.199999999999999734e-01
-1.028917637767640691e+01 6.683743180041050447e-02 -1.779999999999973159e+00 4.000000000000000000e+02 -8.504364338220703701e+00 -1.627707862491203628e+01 1.235000000000000098e+00
-1.028667059813486695e+01 6.812209034507071825e-02 -1.782499999999973106e+00 4.000000000000000000e+02 -8.502467148631845717e+00 -1.627768143532317424e+01 1.929999999999999938e+00
-1.028417258623402297e+01 6.797991847722749392e-02 -1.784999999999973053e+00 4.000000000000000000e+02 -8.502257877984702006e+00 -1.627997216467603181e+01 1.885000000000000009e+00
-1.028168649324735462e+01 6.914585369991639585e-02 -1.787499999999972999e+00 4.000000000000000000e+02 -8.500501362512210335e+00 -1.628071564920353964e+01 4.050000000000000266e-01
-1.027920840641539613e+01 6.800155875071167699e-02 -1.789999999999972946e+00 4.000000000000000000e+02 -8.500037804827259791e+00 -1.628275209151858860e+01 8.950000000000000178e-01
-1.027674146800685229e+01 6.663620851987653304e-02 -1.792499999999972893e+00 4.000000000000000000e+02 -8.499564743276049938e+00 -1.628477902996738180e+01 2.999999999999999889e-02
-1.027428557727171210e+01 6.505104483972361240e-02 -1.794999999999972840e+00 4.000000000000000000e+02 -8.499433665556306750e+00 -1.628714795224763634e+01 5.300000000000000266e-01
-1.027184149277737824e+01 6.538194473907001092e-02 -1.797499999999972786e+00 4.000000000000000000e+02 -8.498611479370470789e+00 -1.628882576606180166e+01 4.050000000000000266e-01
-1.026940744959130569e+01 6.515597897800720628e-02 -1.799999999999972733e+00 4.000000000000000000e+02 -8.498046093611629104e+00 -1.629076038030295948e+01 1.225000000000000089e+00
-1.026698400386645282e+01 6.480309398705114132e-02 -1.802499999999972680e+00 4.000000000000000000e+02 -8.497337065938280531e+00 -1.629255135262960863e+01 1.554999999999999938e+00
-1.026457073777541140e+01 6.834038465751200719e-02 -1.804999999999972626e+00 4.000000000000000000e+02 -8.494896916483160254e+00 -1.629261120317448785e+01 1.840000000000000080e+00
-1.026216342542969961e+01 6.778954447563562136e-02 -1.807499999999972573e+00 4.000000000000000000e+02 -8.490816107578314842e+00 -1.629103039426964372e+01 1.520000000000000018e+00
-1.025975809952394968e+01 6.870085025209810015e-02 -1.809999999999972520e+00 4.000000000000000000e+02 -8.489446638852530924e+00 -1.629216092554386108e+01 5.050000000000000044e-01
-1.025736125332242565e+01 6.954834675907438368e-02 -1.812499999999972466e+00 4.000000000000000000e+02 -8.488914063162241064e+00 -1.629412834985357250e+01 7.950000000000000400e-01
-1.025497483236863516e+01 6.916970841135214321e-02 -1.814999999999972413e+00 4.000000000000000000e+02 -8.488109493884605783e+00 -1.629582378057593672e+01 6.899999999999999467e-01
-1.025259812103451118e+01 6.814798880067461651e-02 -1.817499999999972360e+00 4.000000000000000000e+02 -8.487605689028523415e+00 -1.629781997571985386e+01 1.754999999999999893e+00
-1.025023176788538315e+01 6.811511775134226898e-02 -1.819999999999972307e+00 4.000000000000000000e+02 -8.485823289093127997e+00 -1.629853757578445794e+01 1.199999999999999956e+00
-1.024787269262938239e+01 6.938529247505746678e-02 -1.822499999999972253e+00 4.000000000000000000e+02 -8.485665188391399383e+00 -1.630087947508273061e+01 6.400000000000000133e-01
-1.024552466832113673e+01 6.950762663936126129e-02 -1.824999999999972200e+00 4.000000000000000000e+02 -8.484572666998086987e+00 -1.630228695368941771e+01 1.114999999999999991e+00
-1.024318543520138469e+01 6.821252872318181448e-02 -1.827499999999972147e+00 4.000000000000000000e+02 -8.484516990843241402e+00 -1.630473127753457163e+01 7.199999999999999734e-01
-1.024085735223123805e+01 6.801628787848600088e-02 -1.829999999999972093e+00 4.000000000000000000e+02 -8.484099774506489666e+00 -1.630681406119781940e+01 1.415000000000000036e+00
-1.023853950364511256e+01 6.838972495053141643e-02 -1.832499999999972040e+00 4.000000000000000000e+02 -8.483970582297487795e+00 -1.630918486898881525e+01 1.199999999999999956e-01
-1.023623248472020641e+01 6.733887524936128799e-02 -1.834999999999971987e+00 4.000000000000000000e+02 -8.483496585922168265e+00 -1.631121087261349700e+01 1.650000000000000078e-01
-1.023393542908685383e+01 6.702548846027721330e-02 -1.837499999999971934e+00 4.000000000000000000e+02 -8.482501819748875960e+00 -1.631271610644020598e+01 4.500000000000000111e-01
-1.023164708097351472e+01 6.752916313417936522e-02 -1.839999999999971880e+00 4.000000000000000000e+02 -8.482249795260287328e+00 -1.631496408195161507e+01 1.604999999999999982e+00
-1.022936907825039832e+01 6.640398677425247975e-02 -1.842499999999971827e+00 4.000000000000000000e+02 -8.481392102460958426e+00 -1.631660638915228745e+01 2.149999999999999967e-01
-1.022709997841712060e+01 6.568690851354801186e-02 -1.844999999999971774e+00 4.000000000000000000e+02 -8.479580947638318378e+00 -1.631729523432964868e+01 1.159999999999999920e+00
-1.022483757296393136e+01 6.517319870443237517e-02 -1.847499999999971720e+00 4.000000000000000000e+02 -8.476593089881673038e+00 -1.631680737657300284e+01 9.200000000000000400e-01
-1.022257917417103634e+01 6.591556742847314021e-02 -1.849999999999971667e+00 4.000000000000000000e+02 -8.473404728305599320e+00 -1.631611901499692863e+01 5.000000000000000000e-01
-1.022032431437478905e+01 6.673318268542864640e-02 -1.852499999999971614e+00 4.000000000000000000e+02 -8.472688625649141159e+00 -1.631790291234047174e+01 1.479999999999999982e+00
-1.021807853284653334e+01 6.631972128405062838e-02 -1.854999999999971561e+00 4.000000000000000000e+02 -8.472437731461180732e+00 -1.632015201815250904e+01 1.905000000000000027e+00
-1.021584281194973975e+01 6.691871723500336655e-02 -1.857499999999971507e+00 4.000000000000000000e+02 -8.471326316631934361e+00 -1.632154060332326395e+01 4.499999999999999833e-02
-1.021361517032153188e+01 6.769647999187336507e-02 -1.859999999999971454e+00 4.000000000000000000e+02 -8.467010610456201292e+00 -1.631972489714753038e+01 7.349999999999999867e-01
-1.021138844512820398e+01 6.844266706974673486e-02 -1.862499999999971401e+00 4.000000000000000000e+02 -8.463904419498526011e+00 -1.631911870618985461e+01 4.000000000000000083e-02
-1.020916532149219336e+01 6.724642838496282249e-02 -1.864999999999971347e+00 4.000000000000000000e+02 -8.463713034783578948e+00 -1.632142732147490705e+01 1.879999999999999893e+00
-1.020695223856423084e+01 6.791462040411817835e-02 -1.867499999999971294e+00 4.000000000000000000e+02 -8.462070415373968757e+00 -1.632228470206529636e+01 4.400000000000000022e-01
-1.020474593292601284e+01 6.817944432963891910e-02 -1.869999999999971241e+00 4.000000000000000000e+02 -8.460298546183953050e+00 -1.632301283287528193e+01 1.639999999999999902e+00
-1.020254608495606163e+01 6.818365029525313981e-02 -1.872499999999971187e+00 4.000000000000000000e+02 -8.459387789723498585e+00 -1.632460207641482697e+01 1.149999999999999911e+00
-1.020035454752970949e+01 6.733281797409507163e-02 -1.874999999999971134e+00 4.000000000000000000e+02 -8.456413998501394857e+00 -1.632412828519272097e+01 1.364999999999999991e+00
-1.019816676726565241e+01 6.672063426267324515e-02 -1.877499999999971081e+00 4.000000000000000000e+02 -8.454306247650620776e+00 -1.632452053434194994e+01 4.600000000000000200e-01
-1.019598461811755286e+01 6.475068168076954234e-02 -1.879999999999971028e+00 4.000000000000000000e+02 -8.453986517288042180e+00 -1.632670080397937085e+01 1.850000000000000089e+00
-1.019381195737288337e+01 6.358224898404737924e-02 -1.882499999999970974e+00 4.000000000000000000e+02 -8.453249631061359182e+00 -1.632846391775268557e+01 7.900000000000000355e-01
-1.019164782169744043e+01 6.347898516557913540e-02 -1.884999999999970921e+00 4.000000000000000000e+02 -8.453096419723141963e+00 -1.633081070641446786e+01 7.499999999999999722e-02
-1.018949341580426804e+01 6.325390189888158154e-02 -1.887499999999970868e+00 4.000000000000000000e+02 -8.453077414962251623e+00 -1.633329170165357880e+01 5.000000000000000000e-01
-1.018734896266113488e+01 6.298808489084423146e-02 -1.889999999999970814e+00 4.000000000000000000e+02 -8.447480926427632042e+00 -1.633019521311896227e+01 1.245000000000000107e+00
-1.018520246914118310e+01 6.365059382915953801e-02 -1.892499999999970761e+00 4.000000000000000000e+02 -8.447411035183870709e+00 -1.633262532187519867e+01 1.899999999999999911e+00
-1.018306576635949412e+01 6.466730804617723538e-02 -1.894999999999970708e+00 4.000000000000000000e+02 -8.444185644351204445e+00 -1.633189993104253190e+01 1.465000000000000080e+00
-1.018093207379245335e+01 6.460142556747361375e-02 -1.897499999999970655e+00 4.000000000000000000e+02 -8.443550963337898452e+00 -1.633376525002922719e+01 1.185000000000000053e+00
-1.017880688780603293e+01 6.534632024269632078e-02 -1.899999999999970601e+00 4.000000000000000000e+02 -8.441118272452253990e+00 -1.633383255914358045e+01 1.554999999999999938e+00
-1.017668635124390875e+01 6.644508169196401692e-02 -1.902499999999970548e+00 4.000000000000000000e+02 -8.440276000701683046e+00 -1.633549028739301079e+01 2.149999999999999967e-01
-1.017457380307298109e+01 6.609292508605493777e-02 -1.904999999999970495e+00 4.000000000000000000e+02 -8.440263412370248020e+00 -1.633797769906157527e+01 1.824999999999999956e+00
-1.017247094003585239e+01 6.581240396659525371e-02 -1.907499999999970441e+00 4.000000000000000000e+02 -8.440247129541576854e+00 -1.634046141623290538e+01 9.499999999999999556e-01
-1.017037768979932899e+01 6.650228716557958497e-02 -1.909999999999970388e+00 4.000000000000000000e+02 -8.439847120226723121e+00 -1.634256140691805115e+01 1.774999999999999911e+00
-1.016829318956511408e+01 6.806733853534101264e-02 -1.912499999999970335e+00 4.000000000000000000e+02 -8.437735257715386794e+00 -1.634294954440671432e+01 1.129999999999999893e+00
-1.016621383182941329e+01 6.744397766930569638e-02 -1.914999999999970282e+00 4.000000000000000000e+02 -8.436385895374263200e+00 -1.634410018206558846e+01 2.149999999999999967e-01
-1.016414117263017580e+01 6.651203981345449323e-02 -1.917499999999970228e+00 4.000000000000000000e+02 -8.435894880597993861e+00 -1.634610916728932040e+01 1.650000000000000078e-01
-1.016207694733947342e+01 6.791164893643000799e-02 -1.919999999999970175e+00 4.000000000000000000e+02 -8.435152324201848018e+00 -1.634786661089317761e+01 3.500000000000000333e-02
-1.016002058768932237e+01 6.798451304897433489e-02 -1.922499999999970122e+00 4.000000000000000000e+02 -8.434932936463216180e+00 -1.635014722315454350e+01 1.034999999999999920e+00
-1.015797311799772018e+01 6.753243206017106592e-02 -1.924999999999970068e+00 4.000000000000000000e+02 -8.434479510850147577e+00 -1.635219379754147440e+01 1.350000000000000089e+00
-1.015593400507857247e+01 6.778992226818883471e-02 -1.927499999999970015e+00 4.000000000000000000e+02 -8.433953489362766121e+00 -1.635416777605409422e+01 1.270000000000000018e+00
-1.015390305062056875e+01 6.753191589625262559e-02 -1.929999999999969962e+00 4.000000000000000000e+02 -8.433017976161224283e+00 -1.635573226285255188e+01 1.129999999999999893e+00
-1.015187937785809602e+01 6.682607622846675755e-02 -1.932499999999969909e+00 4.000000000000000000e+02 -8.431479983548289425e+00 -1.635669427023961475e+01 1.729999999999999982e+00
-1.014986173204223086e+01 6.645494780023694648e-02 -1.934999999999969855e+00 4.000000000000000000e+02 -8.428093716264880797e+00 -1.635580800295620918e+01 7.700000000000000178e-01
-1.014784636535928897e+01 6.754008186939497449e-02 -1.937499999999969802e+00 4.000000000000000000e+02 -8.427830640173805676e+00 -1.635804492686513356e+01 1.584999999999999964e+00
-1.014583954183086867e+01 6.717933602077209854e-02 -1.939999999999969749e+00 4.000000000000000000e+02 -8.427133364464154397e+00 -1.635984765115548356e+01 8.499999999999999778e-01
-1.014384034122654299e+01 6.729043007427354395e-02 -1.942499999999969695e+00 4.000000000000000000e+02 -8.424157862044495459e+00 -1.635937214873582235e+01 2.300000000000000100e-01
-1.014184418144500732e+01 6.679686615124166837e-02 -1.944999999999969642e+00 4.000000000000000000e+02 -8.423478417626297343e+00 -1.636119270431762374e+01 9.499999999999999556e-01
-1.013985561836056348e+01 6.952711672106491603e-02 -1.947499999999969589e+00 4.000000000000000000e+02 -8.417674454293486264e+00 -1.635788874098481216e+01 2.200000000000000011e-01
-1.013786444040280976e+01 6.942605507332780257e-02 -1.949999999999969535e+00 4.000000000000000000e+02 -8.414004439403631963e+00 -1.635671872609496091e+01 1.935000000000000053e+00
-1.013587489523091811e+01 6.926809559657112758e-02 -1.952499999999969482e+00 4.000000000000000000e+02 -8.412250049627408188e+00 -1.635746433631873487e+01 1.745000000000000107e+00
-1.013389077895149626e+01 6.910955271080243545e-02 -1.954999999999969429e+00 4.000000000000000000e+02 -8.412148318384389256e+00 -1.635986260507571544e+01 4.849999999999999867e-01
-1.013191533024461854e+01 6.917752091770000555e-02 -1.957499999999969376e+00 4.000000000000000000e+02 -8.410133920165019816e+00 -1.636034820685634728e+01 1.879999999999999893e+00
-1.012994473245805693e+01 6.922696123602939400e-02 -1.959999999999969322e+00 4.000000000000000000e+02 -8.409968318956810407e+00 -1.636268260564813914e+01 1.689999999999999947e+00
-1.012798259155436043e+01 6.882206899192538918e-02 -1.962499999999969269e+00 4.000000000000000000e+02 -8.409915221766096849e+00 -1.636512950845742154e+01 1.939999999999999947e+00
-1.012602907434599686e+01 6.883593817188997377e-02 -1.964999999999969216e+00 4.000000000000000000e+02 -8.408981166087711401e+00 -1.636669545277903737e+01 4.000000000000000222e-01
-1.012408241370588691e+01 6.856720994807546932e-02 -1.967499999999969162e+00 4.000000000000000000e+02 -8.408609709009452260e+00 -1.636882399570077951e+01 3.200000000000000067e-01
-1.012214366229223295e+01 6.801677715007188596e-02 -1.969999999999969109e+00 4.000000000000000000e+02 -8.408419944668164447e+00 -1.637113423135949120e+01 5.899999999999999689e-01
-1.012021312320238486e+01 6.795550353232927832e-02 -1.972499999999969056e+00 4.000000000000000000e+02 -8.406764081994085203e+00 -1.637197836868541145e+01 3.549999999999999822e-01
-1.011828792816342570e+01 6.742289892250438732e-02 -1.974999999999969003e+00 4.000000000000000000e+02 -8.405328382517849306e+00 -1.637304266920917684e+01 1.375000000000000000e+00
-1.011636847438044917e+01 6.719551897092193582e-02 -1.977499999999968949e+00 4.000000000000000000e+02 -8.403075026225238275e+00 -1.637328931291656531e+01 1.155000000000000027e+00
-1.011445316984692333e+01 6.703657543627898618e-02 -1.979999999999968896e+00 4.000000000000000000e+02 -8.402699302607784304e+00 -1.637541358929911084e+01 1.020000000000000018e+00
-1.011254557937492038e+01 6.625398662023963825e-02 -1.982499999999968843e+00 4.000000000000000000e+02 -8.402089918272642066e+00 -1.637730420496396988e+01 1.199999999999999956e+00
-1.011064521371529779e+01 6.519037578747727268e-02 -1.984999999999968789e+00 4.000000000000000000e+02 -8.401977209007382541e+00 -1.637969149569870808e+01 5.649999999999999467e-01
-1.010875297103968684e+01 6.443027867639984640e-02 -1.987499999999968736e+00 4.000000000000000000e+02 -8.400281127905193657e+00 -1.638049541459652048e+01 1.330000000000000071e+00
-1.010686581848019472e+01 6.456409074011736082e-02 -1.989999999999968683e+00 4.000000000000000000e+02 -8.398733341431356081e+00 -1.638144762812268240e+01 1.314999999999999947e+00
-1.010498401160641357e+01 6.419056123998083396e-02 -1.992499999999968630e+00 4.000000000000000000e+02 -8.398114936810056719e+00 -1.638332922350138432e+01 1.735000000000000098e+00
-1.010310926679751553e+01 6.339671161689214296e-02 -1.994999999999968576e+00 4.000000000000000000e+02 -8.397549730769704013e+00 -1.638526401746102934e+01 1.185000000000000053e+00
-1.010124164366284560e+01 6.344996023826601772e-02 -1.997499999999968523e+00 4.000000000000000000e+02 -8.396648678784478292e+00 -1.638686296547580312e+01 1.725000000000000089e+00
-1.009938047755722756e+01 6.516502999045685474e-02 -1.999999999999968470e+00 4.000000000000000000e+02 -8.395560904161815330e+00 -1.638827519085314322e+01 1.580000000000000071e+00
-1.009752538817830292e+01 6.563718212396787988e-02 -2.002499999999968416e+00 4.000000000000000000e+02 -8.389184120923058430e+00 -1.638439840761438404e+01 1.260000000000000009e+00
-1.009566654806999786e+01 6.657764375787166011e-02 -2.004999999999968363e+00 4.000000000000000000e+02 -8.388860261585117328e+00 -1.638657454827644244e+01 1.780000000000000027e+00
-1.009381518630947383e+01 6.523737223807550556e-02 -2.007499999999968310e+00 4.000000000000000000e+02 -8.387160637150705256e+00 -1.638737492384203165e+01 5.749999999999999556e-01
-1.009196872284701030e+01 6.612653293189424408e-02 -2.009999999999968257e+00 4.000000000000000000e+02 -8.384988816057283856e+00 -1.638770310274860975e+01 1.300000000000000044e+00
-1.009012626672655522e+01 6.556893674116230641e-02 -2.012499999999968203e+00 4.000000000000000000e+02 -8.381335404862204186e+00 -1.638654969155352958e+01 4.149999999999999800e-01
-1.008828507853625034e+01 6.536520752058998240e-02 -2.014999999999968150e+00 4.000000000000000000e+02 -8.377628220420568539e+00 -1.638534250711189344e+01 1.004999999999999893e+00
-1.008644505622324594e+01 6.508534048377422054e-02 -2.017499999999968097e+00 4.000000000000000000e+02 -8.375748209937498245e+00 -1.638596249662882443e+01 7.650000000000000133e-01
-1.008460955067732812e+01 6.369044668993335823e-02 -2.019999999999968043e+00 4.000000000000000000e+02 -8.373207305802665701e+00 -1.638592159249399316e+01 2.049999999999999878e-01
-1.008277733316519686e+01 6.488908697513884327e-02 -2.022499999999967990e+00 4.000000000000000000e+02 -8.372965408450113500e+00 -1.638817969514143869e+01 1.330000000000000071e+00
-1.008095258788348758e+01 6.505128227182428724e-02 -2.024999999999967937e+00 4.000000000000000000e+02 -8.372402204511297796e+00 -1.639011649120262248e+01 1.534999999999999920e+00
-1.007913468734002471e+01 6.564427097421490775e-02 -2.027499999999967883e+00 4.000000000000000000e+02 -8.367228368740878608e+00 -1.638744265543220280e+01 2.300000000000000100e-01
-1.007731523154062714e+01 6.533728360374888022e-02 -2.029999999999967830e+00 4.000000000000000000e+02 -8.365427288264404737e+00 -1.638814157495573198e+01 1.489999999999999991e+00
-1.007550034789874793e+01 6.486410672486800366e-02 -2.032499999999967777e+00 4.000000000000000000e+02 -8.364471785287651784e+00 -1.638968607197897853e+01 1.274999999999999911e+00
-1.007369154541100720e+01 6.486225663576901390e-02 -2.034999999999967724e+00 4.000000000000000000e+02 -8.364187735253578282e+00 -1.639190202194490098e+01 4.400000000000000022e-01
-1.007189000173460158e+01 6.544237988090639835e-02 -2.037499999999967670e+00 4.000000000000000000e+02 -8.363533558891804276e+00 -1.639374784558312825e+01 6.949999999999999512e-01
-1.007009501109796901e+01 6.684713687442705998e-02 -2.039999999999967617e+00 4.000000000000000000e+02 -8.363451745652492164e+00 -1.639616603234381742e+01 1.054999999999999938e+00
-1.006830756042569242e+01 6.620749371911965886e-02 -2.042499999999967564e+00 4.000000000000000000e+02 -8.361193684881602195e+00 -1.639640797157292695e+01 7.800000000000000266e-01
-1.006652373027934821e+01 6.669427806497618683e-02 -2.044999999999967510e+00 4.000000000000000000e+02 -8.360611943590795292e+00 -1.639832623028211955e+01 1.965000000000000080e+00
-1.006474648596762655e+01 6.787715756926505917e-02 -2.047499999999967457e+00 4.000000000000000000e+02 -8.359220253603442785e+00 -1.639943454029476655e+01 1.989999999999999991e+00
-1.006297435806418150e+01 6.589146466051749862e-02 -2.049999999999967404e+00 4.000000000000000000e+02 -8.354710570079426191e+00 -1.639742485677075123e+01 1.004999999999999893e+00
-1.006120180950471266e+01 6.602571929276943030e-02 -2.052499999999967351e+00 4.000000000000000000e+02 -8.354140203898046124e+00 -1.639935449058937067e+01 1.580000000000000071e+00
-1.005943580533045001e+01 6.787635111472128946e-02 -2.054999999999967297e+00 4.000000000000000000e+02 -8.352187976084213261e+00 -1.639990226277553731e+01 1.199999999999999956e-01
-1.005767387897787302e+01 6.778907996246627543e-02 -2.057499999999967244e+00 4.000000000000000000e+02 -8.351298483118601013e+00 -1.640151276980992634e+01 1.945000000000000062e+00
-1.005591787939112436e+01 6.814679945949295159e-02 -2.059999999999967191e+00 4.000000000000000000e+02 -8.348873616767759742e+00 -1.640158790345908457e+01 1.989999999999999991e+00
-1.005416508951760513e+01 6.752107687201990005e-02 -2.062499999999967137e+00 4.000000000000000000e+02 -8.348185897605432615e+00 -1.640340018429675695e+01 1.745000000000000107e+00
-1.005241853189433776e+01 6.761343512088456575e-02 -2.064999999999967084e+00 4.000000000000000000e+02 -8.345488034620037965e+00 -1.640320232131136180e+01 1.774999999999999911e+00
-1.005067467470678721e+01 6.772159124126900243e-02 -2.067499999999967031e+00 4.000000000000000000e+02 -8.343470193728993678e+00 -1.640368448042031702e+01 2.550000000000000044e-01
-1.004893469168495734e+01 6.656694152004750953e-02 -2.069999999999966978e+00 4.000000000000000000e+02 -8.341725314499038646e+00 -1.640443960119036149e+01 1.700000000000000122e-01
-1.004719904092895888e+01 6.701651144501130641e-02 -2.072499999999966924e+00 4.000000000000000000e+02 -8.340952011345255102e+00 -1.640616629803658100e+01 1.514999999999999902e+00
-1.004546938402268808e+01 6.810160751823708669e-02 -2.074999999999966871e+00 4.000000000000000000e+02 -8.340410045918394744e+00 -1.640812433260971659e+01 1.879999999999999893e+00
-1.004374608832834248e+01 6.788538994194831533e-02 -2.077499999999966818e+00 4.000000000000000000e+02 -8.336564628677624711e+00 -1.640677891536894961e+01 1.979999999999999982e+00
-1.004202344314682627e+01 6.661729539528510324e-02 -2.079999999999966764e+00 4.000000000000000000e+02 -8.334840707524540093e+00 -1.640755499421586450e+01 3.500000000000000333e-02
-1.004030509331540877e+01 6.615861226685713914e-02 -2.082499999999966711e+00 4.000000000000000000e+02 -8.334191015214063469e+00 -1.640940530190538738e+01 8.549999999999999822e-01
-1.003859285951965141e+01 6.622735434715111558e-02 -2.084999999999966658e+00 4.000000000000000000e+02 -8.333926834310767973e+00 -1.641164112100209138e+01 1.700000000000000122e-01
-1.003688736663671222e+01 6.536930165476100008e-02 -2.087499999999966604e+00 4.000000000000000000e+02 -8.333786887543263688e+00 -1.641400117423458482e+01 1.264999999999999902e+00
-1.003518878756457688e+01 6.558965140766896684e-02 -2.089999999999966551e+00 4.000000000000000000e+02 -8.333611993960142073e+00 -1.641632628065146804e+01 4.499999999999999833e-02
-1.003349702354244677e+01 6.522403865863583838e-02 -2.092499999999966498e+00 4.000000000000000000e+02 -8.329401162981659112e+00 -1.641461544967298281e+01 1.770000000000000018e+00
-1.003180522729048896e+01 6.666327106022500171e-02 -2.094999999999966445e+00 4.000000000000000000e+02 -8.329391138389299343e+00 -1.641710542508062076e+01 1.090000000000000080e+00
-1.003012048502860942e+01 6.695425203862764851e-02 -2.097499999999966391e+00 4.000000000000000000e+02 -8.326925957019311042e+00 -1.641714024371063374e+01 1.695000000000000062e+00
-1.002843863486154952e+01 6.791166321153575824e-02 -2.099999999999966338e+00 4.000000000000000000e+02 -8.326773452758059690e+00 -1.641948773944938367e+01 1.655000000000000027e+00
-1.002676354215468635e+01 6.799483396358382836e-02 -2.102499999999966285e+00 4.000000000000000000e+02 -8.326075413181118989e+00 -1.642128969987244247e+01 1.750000000000000000e+00
-1.002509425886990790e+01 6.775245113231533056e-02 -2.104999999999966231e+00 4.000000000000000000e+02 -8.325074794965134473e+00 -1.642278908165645745e+01 1.185000000000000053e+00
-1.002343025222204709e+01 6.727047944269957946e-02 -2.107499999999966178e+00 4.000000000000000000e+02 -8.324419139639806176e+00 -1.642463342633112688e+01 1.395000000000000018e+00
-1.002177206843632007e+01 6.724215118166324001e-02 -2.109999999999966125e+00 4.000000000000000000e+02 -8.323727663529728815e+00 -1.642644195022105436e+01 1.469999999999999973e+00
-1.002011961839781229e+01 6.726556690916768444e-02 -2.112499999999966072e+00 4.000000000000000000e+02 -8.323192581370612686e+00 -1.642840686806193418e+01 8.900000000000000133e-01
-1.001847313017120733e+01 6.820996219570413244e-02 -2.114999999999966018e+00 4.000000000000000000e+02 -8.322905462268620269e+00 -1.643061974895994126e+01 7.249999999999999778e-01
-1.001683297890598645e+01 6.655745037112181794e-02 -2.117499999999965965e+00 4.000000000000000000e+02 -8.321655310652589677e+00 -1.643186959734391195e+01 1.650000000000000078e-01
-1.001519755696631542e+01 6.586676423765744359e-02 -2.119999999999965912e+00 4.000000000000000000e+02 -8.321557844662120118e+00 -1.643427213135344545e+01 1.010000000000000009e+00
-1.001356872010901178e+01 6.604421908552271514e-02 -2.122499999999965858e+00 4.000000000000000000e+02 -8.321197681881534081e+00 -1.643641196857285536e+01 1.054999999999999938e+00
-1.001194600528586065e+01 6.560786642325450169e-02 -2.124999999999965805e+00 4.000000000000000000e+02 -8.320158341593961282e+00 -1.643787262828528384e+01 1.959999999999999964e+00
-1.001032828215578618e+01 6.481417748476235585e-02 -2.127499999999965752e+00 4.000000000000000000e+02 -8.319553906773702323e+00 -1.643976819346502438e+01 4.699999999999999734e-01
-1.000871622801064120e+01 6.471252036504802907e-02 -2.129999999999965699e+00 4.000000000000000000e+02 -8.319505718886661683e+00 -1.644222000557798680e+01 3.549999999999999822e-01
-1.000711070649887269e+01 6.488938718185610632e-02 -2.132499999999965645e+00 4.000000000000000000e+02 -8.319431707024280698e+00 -1.644464599371560354e+01 1.499999999999999944e-02
-1.000551163947081434e+01 6.489422141050402160e-02 -2.134999999999965592e+00 4.000000000000000000e+02 -8.319171849834242849e+00 -1.644688613652556342e+01 1.925000000000000044e+00
-1.000391869494924180e+01 6.475599976926511847e-02 -2.137499999999965539e+00 4.000000000000000000e+02 -8.315425567070731105e+00 -1.644563985376205295e+01 8.050000000000000488e-01
-1.000232630210555307e+01 6.524814932337440199e-02 -2.139999999999965485e+00 4.000000000000000000e+02 -8.314731753017184701e+00 -1.644744603970850960e+01 2.099999999999999922e-01
-1.000073930766373387e+01 6.521577136174219747e-02 -2.142499999999965432e+00 4.000000000000000000e+02 -8.314137532595829327e+00 -1.644935181928715195e+01 1.350000000000000089e+00
-9.999157842192799350e+00 6.455078631555270785e-02 -2.144999999999965379e+00 4.000000000000000000e+02 -8.314026151022730460e+00 -1.645174043771405081e+01 1.949999999999999956e+00
-9.997582637893156488e+00 6.439268748666956976e-02 -2.147499999999965326e+00 4.000000000000000000e+02 -8.312105377783771232e+00 -1.645231966447509109e+01 1.104999999999999982e+00
-9.996010820946647613e+00 6.337288491015713454e-02 -2.149999999999965272e+00 4.000000000000000000e+02 -8.311083886180963276e+00 -1.645379817287228619e+01 1.129999999999999893e+00
-9.994443787499236009e+00 6.354603565831211387e-02 -2.152499999999965219e+00 4.000000000000000000e+02 -8.309948678485284290e+00 -1.645516296517660493e+01 4.650000000000000244e-01
-9.992881338010585424e+00 6.312330685220680915e-02 -2.154999999999965166e+00 4.000000000000000000e+02 -8.306079994726543347e+00 -1.645379428141786349e+01 6.400000000000000133e-01
-9.991319191005448630e+00 6.287902490672120370e-02 -2.157499999999965112e+00 4.000000000000000000e+02 -8.305726047380883159e+00 -1.645594033407220635e+01 1.635000000000000009e+00
-9.989762821529078352e+00 6.175609622952050320e-02 -2.159999999999965059e+00 4.000000000000000000e+02 -8.304137559694936499e+00 -1.645685184638625742e+01 1.574999999999999956e+00
-9.988210285276629463e+00 6.239623914169732666e-02 -2.162499999999965006e+00 4.000000000000000000e+02 -8.302350298470186019e+00 -1.645756458516150644e+01 5.300000000000000266e-01
-9.986661259245979139e+00 6.214856739375752143e-02 -2.164999999999964952e+00 4.000000000000000000e+02 -8.301056983300311387e+00 -1.645877126999163309e+01 1.925000000000000044e+00
-9.985116492716164416e+00 6.261195179097968355e-02 -2.167499999999964899e+00 4.000000000000000000e+02 -8.299760794943177089e+00 -1.645997508163449652e+01 5.250000000000000222e-01
-9.983575963003840315e+00 6.341167153730628558e-02 -2.169999999999964846e+00 4.000000000000000000e+02 -8.299051921806722021e+00 -1.646176620849804451e+01 1.300000000000000044e-01
-9.982040553335375321e+00 6.384815574876387401e-02 -2.172499999999964793e+00 4.000000000000000000e+02 -8.297104729561231906e+00 -1.646231901625255389e+01 1.754999999999999893e+00
-9.980508344138245391e+00 6.365136007084973291e-02 -2.174999999999964739e+00 4.000000000000000000e+02 -8.293013637490911805e+00 -1.646072792418223329e+01 1.895000000000000018e+00
-9.978976044786669775e+00 6.436972608980448540e-02 -2.177499999999964686e+00 4.000000000000000000e+02 -8.289826589564464498e+00 -1.646004087625578904e+01 5.799999999999999600e-01
-9.977445039075545807e+00 6.456301787253267144e-02 -2.179999999999964633e+00 4.000000000000000000e+02 -8.287386012522048873e+00 -1.646010029921337292e+01 5.699999999999999512e-01
-9.975916464525932170e+00 6.560555661581642106e-02 -2.182499999999964579e+00 4.000000000000000000e+02 -8.284845225312929884e+00 -1.646005951200424988e+01 1.969999999999999973e+00
-9.974390160745880252e+00 6.486629969558062314e-02 -2.184999999999964526e+00 4.000000000000000000e+02 -8.280191150534882638e+00 -1.645790543722620214e+01 1.280000000000000027e+00
-9.972862899227308731e+00 6.457818303933775261e-02 -2.187499999999964473e+00 4.000000000000000000e+02 -8.278382479865495469e+00 -1.645859676655681625e+01 5.400000000000000355e-01
-9.971339019743682641e+00 6.554989346396790373e-02 -2.189999999999964420e+00 4.000000000000000000e+02 -8.277449645122691990e+00 -1.646016393181401583e+01 1.800000000000000044e+00
-9.969819839796596028e+00 6.490539456976184007e-02 -2.192499999999964366e+00 4.000000000000000000e+02 -8.276147098625854071e+00 -1.646136138531717563e+01 9.200000000000000400e-01
-9.968304778183245674e+00 6.462218301907017570e-02 -2.194999999999964313e+00 4.000000000000000000e+02 -8.270873113526157283e+00 -1.645858740021747835e+01 1.094999999999999973e+00
-9.966787809469012771e+00 6.443420768839833168e-02 -2.197499999999964260e+00 4.000000000000000000e+02 -8.270751482535539267e+00 -1.646096576922685983e+01 1.379999999999999893e+00
-9.965276733912567408e+00 6.485990362015056632e-02 -2.199999999999964206e+00 4.000000000000000000e+02 -8.270337640700478943e+00 -1.646305192739180256e+01 6.199999999999999956e-01
-9.963771080200324093e+00 6.362802529550409814e-02 -2.202499999999964153e+00 4.000000000000000000e+02 -8.270037129435282353e+00 -1.646525141612660548e+01 1.514999999999999902e+00
-9.962270990653031788e+00 6.355566518780013385e-02 -2.204999999999964100e+00 4.000000000000000000e+02 -8.269465996349634196e+00 -1.646718028304095327e+01 2.000000000000000000e+00
-9.960776032202383945e+00 6.375575161188959394e-02 -2.207499999999964047e+00 4.000000000000000000e+02 -8.265815050702590483e+00 -1.646602933739391261e+01 3.649999999999999911e-01
-9.959281587564104754e+00 6.402829187640315944e-02 -2.209999999999963993e+00 4.000000000000000000e+02 -8.264097587565748526e+00 -1.646681187425706838e+01 3.800000000000000044e-01
-9.957790539344738789e+00 6.302345416520320487e-02 -2.212499999999963940e+00 4.000000000000000000e+02 -8.263141907840530820e+00 -1.646835619453185018e+01 1.425000000000000044e+00
-9.956304006787080496e+00 6.284751482168637882e-02 -2.214999999999963887e+00 4.000000000000000000e+02 -8.260435466587495057e+00 -1.646814975327881569e+01 4.349999999999999978e-01
-9.954819374498452333e+00 6.300687367311344489e-02 -2.217499999999963833e+00 4.000000000000000000e+02 -8.259839760053582225e+00 -1.647005404674490592e+01 6.750000000000000444e-01
-9.953339761288619414e+00 6.264456080335630006e-02 -2.219999999999963780e+00 4.000000000000000000e+02 -8.256846962125296230e+00 -1.646956124881661765e+01 1.049999999999999961e-01
-9.951861606385456582e+00 6.338135798405018784e-02 -2.222499999999963727e+00 4.000000000000000000e+02 -8.254504348618262100e+00 -1.646971863530958302e+01 5.100000000000000089e-01
-9.950385865308346567e+00 6.423208794426694956e-02 -2.224999999999963674e+00 4.000000000000000000e+02 -8.254482433864767543e+00 -1.647219672055608797e+01 9.699999999999999734e-01
-9.948915943257601313e+00 6.387664227705078246e-02 -2.227499999999963620e+00 4.000000000000000000e+02 -8.253172227896758528e+00 -1.647338651458807846e+01 1.340000000000000080e+00
-9.947449922727049199e+00 6.415545759189411612e-02 -2.229999999999963567e+00 4.000000000000000000e+02 -8.251901256869677681e+00 -1.647461554356100066e+01 9.350000000000000533e-01
-9.945987844992075111e+00 6.424736021510571438e-02 -2.232499999999963514e+00 4.000000000000000000e+02 -8.251816248869726422e+00 -1.647703053556104891e+01 1.574999999999999956e+00
-9.944531420741958172e+00 6.397301175496668268e-02 -2.234999999999963460e+00 4.000000000000000000e+02 -8.250984912346911671e+00 -1.647869919903823188e+01 1.955000000000000071e+00
-9.943079537543614066e+00 6.391749853196876385e-02 -2.237499999999963407e+00 4.000000000000000000e+02 -8.249483774635470112e+00 -1.647969806132679338e+01 1.100000000000000089e+00
-9.941631205612583955e+00 6.363972926163322108e-02 -2.239999999999963354e+00 4.000000000000000000e+02 -8.249325911489776786e+00 -1.648204019818109600e+01 7.550000000000000044e-01
-9.940188349195960171e+00 6.290920871008506832e-02 -2.242499999999963300e+00 4.000000000000000000e+02 -8.248167359305298874e+00 -1.648338164599661937e+01 1.770000000000000018e+00
-9.938749501658213248e+00 6.338950971925011446e-02 -2.244999999999963247e+00 4.000000000000000000e+02 -8.247457643831936025e+00 -1.648517193052325780e+01 9.449999999999999512e-01
-9.937315289530738838e+00 6.410156088284661713e-02 -2.247499999999963194e+00 4.000000000000000000e+02 -8.247324815896790895e+00 -1.648753910258810862e+01 1.604999999999999982e+00
-9.935886515159550569e+00 6.578034694935429305e-02 -2.249999999999963141e+00 4.000000000000000000e+02 -8.245205891375935181e+00 -1.648792017806725596e+01 1.550000000000000044e+00
-9.934460322475411331e+00 6.700824399310971458e-02 -2.252499999999963087e+00 4.000000000000000000e+02 -8.244287920152286731e+00 -1.648950220684360701e+01 3.350000000000000200e-01
-9.933038410603897361e+00 6.595773349320638301e-02 -2.254999999999963034e+00 4.000000000000000000e+02 -8.243952462619747124e+00 -1.649166674931106513e+01 5.600000000000000533e-01
-9.931621585616067449e+00 6.634777971875599478e-02 -2.257499999999962981e+00 4.000000000000000000e+02 -8.241669653345656599e+00 -1.649188394003697766e+01 1.040000000000000036e+00
-9.930207072216822084e+00 6.652871039894536764e-02 -2.259999999999962927e+00 4.000000000000000000e+02 -8.238474152553632024e+00 -1.649118843924495081e+01 1.010000000000000009e+00
-9.928793574786791254e+00 6.622703066289184481e-02 -2.262499999999962874e+00 4.000000000000000000e+02 -8.236470424160765802e+00 -1.649168471085208409e+01 3.200000000000000067e-01
-9.927382772332874694e+00 6.503646405347331128e-02 -2.264999999999962821e+00 4.000000000000000000e+02 -8.235488928446223156e+00 -1.649320321513754095e+01 1.749999999999999889e-01
-9.925976093604010231e+00 6.517018259089038534e-02 -2.267499999999962768e+00 4.000000000000000000e+02 -8.234725743228972661e+00 -1.649494002992029351e+01 1.554999999999999938e+00
-9.924573826723779746e+00 6.593808992117963785e-02 -2.269999999999962714e+00 4.000000000000000000e+02 -8.228060565922680425e+00 -1.649077485261400255e+01 9.399999999999999467e-01
-9.923167682875037698e+00 6.561430743413916578e-02 -2.272499999999962661e+00 4.000000000000000000e+02 -8.225090572178201498e+00 -1.649030485886952135e+01 4.050000000000000266e-01
-9.921762853848276720e+00 6.522574781115199338e-02 -2.274999999999962608e+00 4.000000000000000000e+02 -8.223941181970305436e+00 -1.649165546866162657e+01 5.450000000000000400e-01
-9.920361887707285220e+00 6.543834678126785043e-02 -2.277499999999962554e+00 4.000000000000000000e+02 -8.223374083174601168e+00 -1.649358836986592181e+01 1.409999999999999920e+00
-9.918965581170697376e+00 6.598576017851875974e-02 -2.279999999999962501e+00 4.000000000000000000e+02 -8.222626564206620969e+00 -1.649534085089793933e+01 3.400000000000000244e-01
-9.917573661338263236e+00 6.574524950919234667e-02 -2.282499999999962448e+00 4.000000000000000000e+02 -8.219440967975206291e+00 -1.649465525466652593e+01 1.350000000000000089e+00
-9.916182723621339790e+00 6.637138383046442547e-02 -2.284999999999962395e+00 4.000000000000000000e+02 -8.216894015763305248e+00 -1.649460830245462262e+01 1.574999999999999956e+00
-9.914793652751994202e+00 6.641374730759030953e-02 -2.287499999999962341e+00 4.000000000000000000e+02 -8.215827879817936719e+00 -1.649604216650925537e+01 1.024999999999999911e+00
-9.913408494899099921e+00 6.735423749205587951e-02 -2.289999999999962288e+00 4.000000000000000000e+02 -8.214422763532127192e+00 -1.649713705022344712e+01 7.700000000000000178e-01
-9.912026765669738282e+00 6.674251263249580957e-02 -2.292499999999962235e+00 4.000000000000000000e+02 -8.213118302043300289e+00 -1.649833258873461972e+01 7.800000000000000266e-01
-9.910648590491934584e+00 6.670238111460509434e-02 -2.294999999999962181e+00 4.000000000000000000e+02 -8.212866429463714368e+00 -1.650058071615503508e+01 1.610000000000000098e+00
-9.909275400520153099e+00 6.685119958522021955e-02 -2.297499999999962128e+00 4.000000000000000000e+02 -8.212837690056590034e+00 -1.650305197674791202e+01 1.024999999999999911e+00
-9.907907475972420386e+00 6.742704476144542602e-02 -2.299999999999962075e+00 4.000000000000000000e+02 -8.210635042288860319e+00 -1.650334932898017826e+01 1.925000000000000044e+00
-9.906541825948544044e+00 6.751378370066934975e-02 -2.302499999999962021e+00 4.000000000000000000e+02 -8.206716575016654858e+00 -1.650193086170797585e+01 5.799999999999999600e-01
-9.905176103842119772e+00 6.788861041316511524e-02 -2.304999999999961968e+00 4.000000000000000000e+02 -8.206271535684933838e+00 -1.650398582237625078e+01 1.635000000000000009e+00
-9.903815042284312753e+00 6.758100418885691629e-02 -2.307499999999961915e+00 4.000000000000000000e+02 -8.206142814867265045e+00 -1.650635710155858504e+01 1.225000000000000089e+00
-9.902459047767534273e+00 6.688333391944509265e-02 -2.309999999999961862e+00 4.000000000000000000e+02 -8.204543902647913001e+00 -1.650725818933923250e+01 4.099999999999999756e-01
-9.901106108323439514e+00 6.650110673183370902e-02 -2.312499999999961808e+00 4.000000000000000000e+02 -8.203727634921126111e+00 -1.650894192161244689e+01 9.500000000000000111e-02
-9.899757268315257264e+00 6.621055227869204751e-02 -2.314999999999961755e+00 4.000000000000000000e+02 -8.202476555428638960e+00 -1.651019084211995747e+01 2.800000000000000266e-01
-9.898411925370199427e+00 6.588694568372438498e-02 -2.317499999999961702e+00 4.000000000000000000e+02 -8.201164249625897185e+00 -1.651137853631721697e+01 7.850000000000000311e-01
-9.897069983633764778e+00 6.558368626508451205e-02 -2.319999999999961648e+00 4.000000000000000000e+02 -8.198658877537075895e+00 -1.651137316422839518e+01 5.000000000000000000e-01
-9.895729833097316686e+00 6.576335753473518120e-02 -2.322499999999961595e+00 4.000000000000000000e+02 -8.198038948213650201e+00 -1.651325323490496899e+01 1.330000000000000071e+00
-9.894393988324390321e+00 6.641377065576491157e-02 -2.324999999999961542e+00 4.000000000000000000e+02 -8.195163009428517498e+00 -1.651287729611983579e+01 9.500000000000000111e-02
-9.893059424366764887e+00 6.632446704728879594e-02 -2.327499999999961489e+00 4.000000000000000000e+02 -8.192901603583964132e+00 -1.651311589027528015e+01 8.750000000000000000e-01
-9.891726956841692342e+00 6.613559095716535496e-02 -2.329999999999961435e+00 4.000000000000000000e+02 -8.192395179773331648e+00 -1.651510946646465072e+01 1.435000000000000053e+00
-9.890398910863108739e+00 6.644070666353392440e-02 -2.332499999999961382e+00 4.000000000000000000e+02 -8.191799873065933824e+00 -1.651701415975725240e+01 1.844999999999999973e+00
-9.889075148343181354e+00 6.592664876328140078e-02 -2.334999999999961329e+00 4.000000000000000000e+02 -8.190973067655800577e+00 -1.651868735434711866e+01 1.655000000000000027e+00
-9.887755344530898327e+00 6.577503831073779061e-02 -2.337499999999961275e+00 4.000000000000000000e+02 -8.190288010527806861e+00 -1.652050229721912444e+01 6.250000000000000000e-01
-9.886439668775208744e+00 6.527578850969063817e-02 -2.339999999999961222e+00 4.000000000000000000e+02 -8.189980110090523624e+00 -1.652269439678184426e+01 4.799999999999999822e-01
-9.885128597010821139e+00 6.523721990847260177e-02 -2.342499999999961169e+00 4.000000000000000000e+02 -8.189588830020648302e+00 -1.652480311671196489e+01 9.100000000000000311e-01
-9.883821998258170538e+00 6.595515438560463350e-02 -2.344999999999961116e+00 4.000000000000000000e+02 -8.189106262235597455e+00 -1.652682054892691355e+01 1.304999999999999938e+00
-9.882519732647741861e+00 6.618222710833768230e-02 -2.347499999999961062e+00 4.000000000000000000e+02 -8.186266550227253802e+00 -1.652648083691857295e+01 3.049999999999999933e-01
-9.881218719120015592e+00 6.722019666534317928e-02 -2.349999999999961009e+00 4.000000000000000000e+02 -8.182560014928963454e+00 -1.652527430162028210e+01 1.090000000000000080e+00
-9.879917828424025217e+00 6.656585963009048479e-02 -2.352499999999960956e+00 4.000000000000000000e+02 -8.181541123541821392e+00 -1.652675541023313954e+01 8.999999999999999667e-02
-9.878620549432383768e+00 6.703800978675329703e-02 -2.354999999999960902e+00 4.000000000000000000e+02 -8.181305751634921464e+00 -1.652902003832623734e+01 1.919999999999999929e+00
-9.877327880028351714e+00 6.659634198640705660e-02 -2.357499999999960849e+00 4.000000000000000000e+02 -8.179724747035992394e+00 -1.652993903372730955e+01 9.100000000000000311e-01
-9.876038064575622499e+00 6.660808224367448238e-02 -2.359999999999960796e+00 4.000000000000000000e+02 -8.178558022791269977e+00 -1.653127230948258841e+01 6.149999999999999911e-01
-9.874751625820566758e+00 6.641822503408754963e-02 -2.362499999999960743e+00 4.000000000000000000e+02 -8.178534326261074128e+00 -1.653374861295239384e+01 8.999999999999999667e-02
-9.873470015412809886e+00 6.703727816654678207e-02 -2.364999999999960689e+00 4.000000000000000000e+02 -8.177200299902377623e+00 -1.653491458659369329e+01 1.939999999999999947e+00
-9.872191536016631019e+00 6.756412958647919909e-02 -2.367499999999960636e+00 4.000000000000000000e+02 -8.176783126603231366e+00 -1.653699741329455009e+01 5.500000000000000444e-01
-9.870917344034682017e+00 6.768501342636036588e-02 -2.369999999999960583e+00 4.000000000000000000e+02 -8.172191156205226292e+00 -1.653490544289654451e+01 1.659999999999999920e+00
-9.869642110284241099e+00 6.716607623424789009e-02 -2.372499999999960529e+00 4.000000000000000000e+02 -8.170576606805878939e+00 -1.653579089349719666e+01 8.100000000000000533e-01
-9.868369627186352133e+00 6.727639775349615603e-02 -2.374999999999960476e+00 4.000000000000000000e+02 -8.169297692586424020e+00 -1.653701197927774302e+01 1.179999999999999938e+00
-9.867100311149497927e+00 6.773282759698119604e-02 -2.377499999999960423e+00 4.000000000000000000e+02 -8.168979706148697062e+00 -1.653919399284001557e+01 1.669999999999999929e+00
-9.865835365624690212e+00 6.863462315382001799e-02 -2.379999999999960369e+00 4.000000000000000000e+02 -8.168143676730789338e+00 -1.654085796342210557e+01 1.639999999999999902e+00
-9.864574117266787567e+00 6.873960982723434365e-02 -2.382499999999960316e+00 4.000000000000000000e+02 -8.166512504224618496e+00 -1.654172679091593778e+01 5.999999999999999778e-01
-9.863315550916206931e+00 6.955291595475250610e-02 -2.384999999999960263e+00 4.000000000000000000e+02 -8.165726221623689440e+00 -1.654344050831500823e+01 1.600000000000000033e-01
-9.862060717485473305e+00 7.111049638609157064e-02 -2.387499999999960210e+00 4.000000000000000000e+02 -8.160319078246867974e+00 -1.654053336493818449e+01 5.899999999999999689e-01
-9.860803810270660108e+00 7.217777702865769973e-02 -2.389999999999960156e+00 4.000000000000000000e+02 -8.160077476398063467e+00 -1.654279176308938304e+01 1.405000000000000027e+00
-9.859551310950564584e+00 7.268118710294553531e-02 -2.392499999999960103e+00 4.000000000000000000e+02 -8.158201654354217069e+00 -1.654341594104553437e+01 1.100000000000000006e-01
-9.858301158495986982e+00 7.288520790825339657e-02 -2.394999999999960050e+00 4.000000000000000000e+02 -8.155120504137142845e+00 -1.654283479082845787e+01 1.794999999999999929e+00
-9.857051841594454800e+00 7.275583249156496179e-02 -2.397499999999959996e+00 4.000000000000000000e+02 -8.153965105239691979e+00 -1.654417939193101006e+01 1.209999999999999964e+00
-9.855805759103610342e+00 7.226191696202861892e-02 -2.399999999999959943e+00 4.000000000000000000e+02 -8.150207542588852050e+00 -1.654292182928016786e+01 1.199999999999999956e+00
-9.854559662316367152e+00 7.152866322676797173e-02 -2.402499999999959890e+00 4.000000000000000000e+02 -8.147933048599602657e+00 -1.654314733529091797e+01 1.540000000000000036e+00
-9.853315396800491399e+00 7.112739368331413847e-02 -2.404999999999959837e+00 4.000000000000000000e+02 -8.143290162600422377e+00 -1.654100444929174074e+01 1.510000000000000009e+00
-9.852070013355872291e+00 7.133792500899092948e-02 -2.407499999999959783e+00 4.000000000000000000e+02 -8.141556365575970844e+00 -1.654177065226728871e+01 1.050000000000000044e+00
-9.850827131035034157e+00 7.159263105881949474e-02 -2.409999999999959730e+00 4.000000000000000000e+02 -8.140688790904151872e+00 -1.654340307759547102e+01 1.659999999999999920e+00
-9.849587815040104388e+00 7.154758545311984408e-02 -2.412499999999959677e+00 4.000000000000000000e+02 -8.140550167493428191e+00 -1.654576445418474506e+01 1.084999999999999964e+00
-9.848352950667724315e+00 7.068425617761488200e-02 -2.414999999999959623e+00 4.000000000000000000e+02 -8.139105680730128967e+00 -1.654681996742144534e+01 1.989999999999999991e+00
-9.847120909624994312e+00 7.075047072057837061e-02 -2.417499999999959570e+00 4.000000000000000000e+02 -8.139049653491467140e+00 -1.654926394018278302e+01 5.000000000000000104e-03
-9.845893386494516619e+00 7.031855142280178661e-02 -2.419999999999959517e+00 4.000000000000000000e+02 -8.139014129438752576e+00 -1.655172841613006796e+01 1.260000000000000009e+00
-9.844670384257401707e+00 7.116839441878895778e-02 -2.422499999999959464e+00 4.000000000000000000e+02 -8.138797137245235902e+00 -1.655401142393655078e+01 1.840000000000000080e+00
-9.843451659763331918e+00 7.079829967786067935e-02 -2.424999999999959410e+00 4.000000000000000000e+02 -8.134742421327105788e+00 -1.655245670801842195e+01 1.274999999999999911e+00
-9.842232525969031087e+00 7.057717567561798411e-02 -2.427499999999959357e+00 4.000000000000000000e+02 -8.133583375875621968e+00 -1.655379766256693586e+01 5.000000000000000000e-01
-9.841016507378762768e+00 7.104063091902027005e-02 -2.429999999999959304e+00 4.000000000000000000e+02 -8.133439112635556967e+00 -1.655615339932687391e+01 1.614999999999999991e+00
-9.839804821736374052e+00 7.215957045754699262e-02 -2.432499999999959250e+00 4.000000000000000000e+02 -8.131520959754476863e+00 -1.655673524644579331e+01 1.764999999999999902e+00
-9.838595306031644228e+00 7.227274494550198214e-02 -2.434999999999959197e+00 4.000000000000000000e+02 -8.131018457280591250e+00 -1.655873274397190897e+01 1.320000000000000062e+00
-9.837389660712908324e+00 7.194166990659846272e-02 -2.437499999999959144e+00 4.000000000000000000e+02 -8.130333880827617321e+00 -1.656054816751893455e+01 3.850000000000000089e-01
-9.836187650050483455e+00 7.246736294127467670e-02 -2.439999999999959091e+00 4.000000000000000000e+02 -8.130224025306651114e+00 -1.656293831199796784e+01 5.649999999999999467e-01
-9.834989946870940969e+00 7.204310346004529075e-02 -2.442499999999959037e+00 4.000000000000000000e+02 -8.128330113390935807e+00 -1.656354440008225026e+01 1.799999999999999933e-01
-9.833794400860886853e+00 7.207457172353864960e-02 -2.444999999999958984e+00 4.000000000000000000e+02 -8.126821650010986886e+00 -1.656453593670230262e+01 1.400000000000000133e-01
-9.832601465194187540e+00 7.235104112146026334e-02 -2.447499999999958931e+00 4.000000000000000000e+02 -8.126794588199132363e+00 -1.656700887489044760e+01 1.780000000000000027e+00
-9.831412892080114929e+00 7.228111818466731453e-02 -2.449999999999958877e+00 4.000000000000000000e+02 -8.123955426048929951e+00 -1.656666971274024647e+01 1.300000000000000044e+00
-9.830225327525438317e+00 7.205189510061026092e-02 -2.452499999999958824e+00 4.000000000000000000e+02 -8.123868151496051127e+00 -1.656908243818736537e+01 7.349999999999999867e-01
-9.829042028336028025e+00 7.194029952932742833e-02 -2.454999999999958771e+00 4.000000000000000000e+02 -8.123083443212143706e+00 -1.657079772990346100e+01 5.400000000000000355e-01
-9.827862152061042522e+00 7.179745973757831190e-02 -2.457499999999958717e+00 4.000000000000000000e+02 -8.122873298251512608e+00 -1.657308758494282941e+01 5.000000000000000000e-01
-9.826686360143989774e+00 7.151223150674666795e-02 -2.459999999999958664e+00 4.000000000000000000e+02 -8.121952592714402286e+00 -1.657466687940571859e+01 4.400000000000000022e-01
-9.825513801281061887e+00 7.212052419912771961e-02 -2.462499999999958611e+00 4.000000000000000000e+02 -8.120392754454131889e+00 -1.657560704114544592e+01 1.945000000000000062e+00
-9.824343715645108333e+00 7.227313786024869291e-02 -2.464999999999958558e+00 4.000000000000000000e+02 -8.118826909687282267e+00 -1.657654119637859935e+01 1.094999999999999973e+00
-9.823176088127153704e+00 7.294135454678804531e-02 -2.467499999999958504e+00 4.000000000000000000e+02 -8.118556553320207314e+00 -1.657877084001152213e+01 4.899999999999999911e-01
-9.822012418322866978e+00 7.294227590747970336e-02 -2.469999999999958451e+00 4.000000000000000000e+02 -8.116012626021245069e+00 -1.657872691271256116e+01 2.000000000000000042e-02
-9.820850050043304691e+00 7.354496878936149507e-02 -2.472499999999958398e+00 4.000000000000000000e+02 -8.114994271507761425e+00 -1.658020855819907524e+01 7.349999999999999867e-01
-9.819690749243696004e+00 7.309160521787308462e-02 -2.474999999999958344e+00 4.000000000000000000e+02 -8.114496949536816217e+00 -1.658221123622813309e+01 9.200000000000000400e-01
-9.818535106225416698e+00 7.320734424618928482e-02 -2.477499999999958291e+00 4.000000000000000000e+02 -8.114228416895945983e+00 -1.658444270358726413e+01 3.950000000000000178e-01
-9.817383368626568796e+00 7.352434643060574981e-02 -2.479999999999958238e+00 4.000000000000000000e+02 -8.110717288283671778e+00 -1.658343157497498765e+01 6.199999999999999956e-01
-9.816231792867789352e+00 7.377065299209938087e-02 -2.482499999999958185e+00 4.000000000000000000e+02 -8.109161001039000283e+00 -1.658437528773031744e+01 3.800000000000000044e-01
-9.815082626081970574e+00 7.382980226172580762e-02 -2.484999999999958131e+00 4.000000000000000000e+02 -8.108663842980096348e+00 -1.658637812967140945e+01 1.965000000000000080e+00
-9.813937073706663128e+00 7.355662119437593460e-02 -2.487499999999958078e+00 4.000000000000000000e+02 -8.106903857309696093e+00 -1.658711814400101048e+01 1.354999999999999982e+00
-9.812793678078383763e+00 7.329822528130679193e-02 -2.489999999999958025e+00 4.000000000000000000e+02 -8.106735849906774760e+00 -1.658945013659808865e+01 1.885000000000000009e+00
-9.811654247037536081e+00 7.259141243632487306e-02 -2.492499999999957971e+00 4.000000000000000000e+02 -8.106271415264771463e+00 -1.659148570195608841e+01 3.649999999999999911e-01
-9.810518425898647976e+00 7.219836874690396811e-02 -2.494999999999957918e+00 4.000000000000000000e+02 -8.106185328453365813e+00 -1.659389961514467871e+01 1.395000000000000018e+00
-9.809386627198762199e+00 7.256439159208510903e-02 -2.497499999999957865e+00 4.000000000000000000e+02 -8.106091781418731657e+00 -1.659630606811004583e+01 1.895000000000000018e+00
-9.808258823757881828e+00 7.272553253994620825e-02 -2.499999999999957812e+00 4.000000000000000000e+02 -8.105858127005928893e+00 -1.659857241369724434e+01 1.260000000000000009e+00
-9.807134839614194632e+00 7.267070361628277797e-02 -2.502499999999957758e+00 4.000000000000000000e+02 -8.098953872808047905e+00 -1.659416815949936108e+01 1.645000000000000018e+00
-9.806007164526716835e+00 7.260905015985222311e-02 -2.504999999999957705e+00 4.000000000000000000e+02 -8.098515005425019453e+00 -1.659622929211633391e+01 1.610000000000000098e+00
-9.804883077633858690e+00 7.261449718208062842e-02 -2.507499999999957652e+00 4.000000000000000000e+02 -8.098415212740771807e+00 -1.659862949943208577e+01 6.199999999999999956e-01
-9.803762943167139809e+00 7.252119286342127713e-02 -2.509999999999957598e+00 4.000000000000000000e+02 -8.098211023435684552e+00 -1.660092531012699979e+01 1.885000000000000009e+00
-9.802646626359267756e+00 7.283870462105501709e-02 -2.512499999999957545e+00 4.000000000000000000e+02 -8.097405238766823388e+00 -1.660261952545813813e+01 1.320000000000000062e+00
-9.801533440847665091e+00 7.344881851346915513e-02 -2.514999999999957492e+00 4.000000000000000000e+02 -8.097062714580236076e+00 -1.660477700127155032e+01 1.049999999999999961e-01
-9.800423888225539670e+00 7.320585426965812992e-02 -2.517499999999957438e+00 4.000000000000000000e+02 -8.095158423394703817e+00 -1.660537271008601934e+01 1.620000000000000107e+00
-9.799316225021772908e+00 7.316688752316466426e-02 -2.519999999999957385e+00 4.000000000000000000e+02 -8.095056553685541445e+00 -1.660777084037685825e+01 6.600000000000000311e-01
-9.798212436118895141e+00 7.299427301980462857e-02 -2.522499999999957332e+00 4.000000000000000000e+02 -8.094708008662072629e+00 -1.660992229535338538e+01 1.629999999999999893e+00
-9.797112232503582874e+00 7.285802562488798151e-02 -2.524999999999957279e+00 4.000000000000000000e+02 -8.092760247494684478e+00 -1.661047453418599673e+01 5.899999999999999689e-01
-9.796013844412904348e+00 7.257614507803411552e-02 -2.527499999999957225e+00 4.000000000000000000e+02 -8.091271409907458079e+00 -1.661148569659876983e+01 1.235000000000000098e+00
-9.794917769717011780e+00 7.230132809070058397e-02 -2.529999999999957172e+00 4.000000000000000000e+02 -8.084574299291261923e+00 -1.660728858598257673e+01 1.389999999999999902e+00
-9.793818292649262958e+00 7.244564665919087099e-02 -2.532499999999957119e+00 4.000000000000000000e+02 -8.083519382588557178e+00 -1.660873366927987149e+01 1.155000000000000027e+00
-9.792721608179281390e+00 7.219056496649049748e-02 -2.534999999999957065e+00 4.000000000000000000e+02 -8.083404089170619145e+00 -1.661111837586193474e+01 1.250000000000000000e-01
-9.791628732976647598e+00 7.223548642559206312e-02 -2.537499999999957012e+00 4.000000000000000000e+02 -8.083285838839902482e+00 -1.661350012553121758e+01 5.000000000000000104e-03
-9.790539646452385725e+00 7.147081831920548689e-02 -2.539999999999956959e+00 4.000000000000000000e+02 -8.081624735676864901e+00 -1.661433902236817772e+01 6.149999999999999911e-01
-9.789452656506302475e+00 7.109031485841808828e-02 -2.542499999999956906e+00 4.000000000000000000e+02 -8.078603744221510397e+00 -1.661381803091282450e+01 5.000000000000000000e-01
-9.788366281286839055e+00 7.097093632624426607e-02 -2.544999999999956852e+00 4.000000000000000000e+02 -8.076199039573058513e+00 -1.661391332626437389e+01 8.299999999999999600e-01
-9.787281188350998917e+00 7.133739152708371001e-02 -2.547499999999956799e+00 4.000000000000000000e+02 -8.074792317828826782e+00 -1.661500660452013989e+01 7.499999999999999722e-02
-9.786198455299878418e+00 7.125110334194686978e-02 -2.549999999999956746e+00 4.000000000000000000e+02 -8.074747963792038519e+00 -1.661746225048335290e+01 1.669999999999999929e+00
-9.785119544536351910e+00 7.132394286254709059e-02 -2.552499999999956692e+00 4.000000000000000000e+02 -8.073895187999164946e+00 -1.661910947469047883e+01 5.150000000000000133e-01
-9.784043569444060395e+00 7.140430408483723623e-02 -2.554999999999956639e+00 4.000000000000000000e+02 -8.073538024155508808e+00 -1.662125231084682042e+01 9.499999999999999556e-01
-9.782971050290912629e+00 7.134736349394651955e-02 -2.557499999999956586e+00 4.000000000000000000e+02 -8.072823045538955355e+00 -1.662303733223026825e+01 7.449999999999999956e-01
-9.781901589894140159e+00 7.194944605824475647e-02 -2.559999999999956533e+00 4.000000000000000000e+02 -8.071686400196096400e+00 -1.662440068688741235e+01 2.700000000000000178e-01
-9.780834726748736330e+00 7.182467381750053115e-02 -2.562499999999956479e+00 4.000000000000000000e+02 -8.070627433567532094e+00 -1.662584172025884754e+01 3.500000000000000333e-02
-9.779770534412081773e+00 7.181926606721676654e-02 -2.564999999999956426e+00 4.000000000000000000e+02 -8.067409525293582462e+00 -1.662512381198489564e+01 1.185000000000000053e+00
-9.778706710328561869e+00 7.155242576556745948e-02 -2.567499999999956373e+00 4.000000000000000000e+02 -8.064234423857035594e+00 -1.662444871054835005e+01 4.949999999999999956e-01
-9.777643299477434269e+00 7.179035902103186872e-02 -2.569999999999956319e+00 4.000000000000000000e+02 -8.063902487395393948e+00 -1.662661677408670613e+01 3.099999999999999978e-01
-9.776583317647249416e+00 7.121291366797559419e-02 -2.572499999999956266e+00 4.000000000000000000e+02 -8.061599708286724564e+00 -1.662681399497803625e+01 1.645000000000000018e+00
-9.775524666887081437e+00 7.115962017756634339e-02 -2.574999999999956213e+00 4.000000000000000000e+02 -8.058519607361937176e+00 -1.662623389405325014e+01 1.860000000000000098e+00
-9.774466522354980924e+00 7.148099008473574045e-02 -2.577499999999956160e+00 4.000000000000000000e+02 -8.057268083307311812e+00 -1.662748236999862428e+01 1.854999999999999982e+00
-9.773410814461545471e+00 7.165620086620566598e-02 -2.579999999999956106e+00 4.000000000000000000e+02 -8.052554710542455751e+00 -1.662526899723376772e+01 5.699999999999999512e-01
-9.772353884350485131e+00 7.143797400225007643e-02 -2.582499999999956053e+00 4.000000000000000000e+02 -8.052554287893997298e+00 -1.662776857458531055e+01 1.895000000000000018e+00
-9.771300704567519091e+00 7.104301101447034472e-02 -2.584999999999956000e+00 4.000000000000000000e+02 -8.049564016434089808e+00 -1.662727830312540078e+01 7.950000000000000400e-01
-9.770248117149577638e+00 7.079366214919338707e-02 -2.587499999999955946e+00 4.000000000000000000e+02 -8.047693309247502924e+00 -1.662790759593881518e+01 1.229999999999999982e+00
-9.769197297640664246e+00 7.088935015510983151e-02 -2.589999999999955893e+00 4.000000000000000000e+02 -8.044357406341264394e+00 -1.662707169303257615e+01 5.000000000000000278e-02
-9.768146703827465416e+00 7.112627421519991666e-02 -2.592499999999955840e+00 4.000000000000000000e+02 -8.043140700892562833e+00 -1.662835498758387587e+01 1.570000000000000062e+00
-9.767098557840792949e+00 7.146502882415964319e-02 -2.594999999999955786e+00 4.000000000000000000e+02 -8.042179450198281287e+00 -1.662989373688959205e+01 1.049999999999999961e-01
-9.766053118378950515e+00 7.145097764448153643e-02 -2.597499999999955733e+00 4.000000000000000000e+02 -8.038649959869053063e+00 -1.662886424656036866e+01 1.899999999999999911e+00
-9.765007695582115232e+00 7.178592818201184889e-02 -2.599999999999955680e+00 4.000000000000000000e+02 -8.035571583102111504e+00 -1.662828586979342305e+01 1.225000000000000089e+00
-9.763962760676893282e+00 7.150228217960076516e-02 -2.602499999999955627e+00 4.000000000000000000e+02 -8.031752444329084639e+00 -1.662696673102039568e+01 1.659999999999999920e+00
-9.762917539356902097e+00 7.176359010556303264e-02 -2.604999999999955573e+00 4.000000000000000000e+02 -8.029555002857799550e+00 -1.662726928954911187e+01 3.900000000000000133e-01
-9.761873725081766651e+00 7.183583790742392727e-02 -2.607499999999955520e+00 4.000000000000000000e+02 -8.027410393282087497e+00 -1.662762467997340110e+01 9.899999999999999911e-01
-9.760831369534782809e+00 7.274005917229711682e-02 -2.609999999999955467e+00 4.000000000000000000e+02 -8.023021793403902535e+00 -1.662573608009521564e+01 2.999999999999999889e-01
-9.759788131987138016e+00 7.270118571283006037e-02 -2.612499999999955413e+00 4.000000000000000000e+02 -8.022153225310214353e+00 -1.662736751200152696e+01 1.020000000000000018e+00
-9.758747679577680856e+00 7.337519154240752794e-02 -2.614999999999955360e+00 4.000000000000000000e+02 -8.019612795704107455e+00 -1.662732708239541779e+01 1.070000000000000062e+00
-9.757708266583998480e+00 7.370226094268687855e-02 -2.617499999999955307e+00 4.000000000000000000e+02 -8.018832453476870015e+00 -1.662904674016818518e+01 6.199999999999999956e-01
-9.756671715967950576e+00 7.337270725196606835e-02 -2.619999999999955254e+00 4.000000000000000000e+02 -8.017233941290045962e+00 -1.662994822798135885e+01 1.159999999999999920e+00
-9.755637171243678907e+00 7.374173847752651945e-02 -2.622499999999955200e+00 4.000000000000000000e+02 -8.014192746121356237e+00 -1.662940703281266863e+01 1.699999999999999956e+00
-9.754603136521980744e+00 7.312501387890807392e-02 -2.624999999999955147e+00 4.000000000000000000e+02 -8.012141633323457413e+00 -1.662985592001476931e+01 1.225000000000000089e+00
-9.753570633265894685e+00 7.281591455726725559e-02 -2.627499999999955094e+00 4.000000000000000000e+02 -8.005027219220501422e+00 -1.662524150591181282e+01 7.349999999999999867e-01
-9.752534426962622405e+00 7.270391381528162889e-02 -2.629999999999955040e+00 4.000000000000000000e+02 -8.001640031404694042e+00 -1.662435431809600672e+01 3.049999999999999933e-01
-9.751498374981784067e+00 7.316456466792359281e-02 -2.632499999999954987e+00 4.000000000000000000e+02 -7.997745719696889743e+00 -1.662296000638820104e+01 6.400000000000000133e-01
-9.750461951951065132e+00 7.394051637918259978e-02 -2.634999999999954934e+00 4.000000000000000000e+02 -7.997064250803564533e+00 -1.662477853749487622e+01 1.959999999999999964e+00
-9.749428482114481653e+00 7.405846593391288146e-02 -2.637499999999954881e+00 4.000000000000000000e+02 -7.994511089894022149e+00 -1.662472537658533511e+01 9.150000000000000355e-01
-9.748396024378617852e+00 7.404507864449151600e-02 -2.639999999999954827e+00 4.000000000000000000e+02 -7.994318148288433790e+00 -1.662703243497974626e+01 5.849999999999999645e-01
-9.747367007030833364e+00 7.388221712109750705e-02 -2.642499999999954774e+00 4.000000000000000000e+02 -7.992467764773803829e+00 -1.662768205146511491e+01 9.549999999999999600e-01
-9.746339714691210077e+00 7.406668603515280391e-02 -2.644999999999954721e+00 4.000000000000000000e+02 -7.987101910219485568e+00 -1.662481619691079615e+01 1.459999999999999964e+00
-9.745310532845849139e+00 7.414951633832428390e-02 -2.647499999999954667e+00 4.000000000000000000e+02 -7.986459621050634006e+00 -1.662667390774194587e+01 1.614999999999999991e+00
-9.744284316331672358e+00 7.426952253547455807e-02 -2.649999999999954614e+00 4.000000000000000000e+02 -7.986281761475474639e+00 -1.662899604816678689e+01 4.600000000000000200e-01
-9.743261528456702791e+00 7.464958794203208070e-02 -2.652499999999954561e+00 4.000000000000000000e+02 -7.986085424744526762e+00 -1.663129971143583674e+01 8.699999999999999956e-01
-9.742242135452537255e+00 7.568496092186913216e-02 -2.654999999999954508e+00 4.000000000000000000e+02 -7.984202782494691952e+00 -1.663191706918600232e+01 1.905000000000000027e+00
-9.741224408727878981e+00 7.601945275930964419e-02 -2.657499999999954454e+00 4.000000000000000000e+02 -7.978163059481466313e+00 -1.662837734617277974e+01 1.950000000000000067e-01
-9.740204113371472516e+00 7.576379750206731212e-02 -2.659999999999954401e+00 4.000000000000000000e+02 -7.977966252170176631e+00 -1.663068053886149045e+01 1.754999999999999893e+00
-9.739187201605153277e+00 7.569694742119922881e-02 -2.662499999999954348e+00 4.000000000000000000e+02 -7.977178388673745957e+00 -1.663239267536505750e+01 1.080000000000000071e+00
-9.738173059851913393e+00 7.562511849160244437e-02 -2.664999999999954294e+00 4.000000000000000000e+02 -7.974751504131382340e+00 -1.663246579082269250e+01 4.050000000000000266e-01
-9.737160019574389480e+00 7.542838860129782996e-02 -2.667499999999954241e+00 4.000000000000000000e+02 -7.974347841701666439e+00 -1.663456212839297876e+01 9.449999999999999512e-01
-9.736150122742238011e+00 7.529031631280688752e-02 -2.669999999999954188e+00 4.000000000000000000e+02 -7.972222187338821264e+00 -1.663493647403013398e+01 1.735000000000000098e+00
-9.735141622180883303e+00 7.549172694385883342e-02 -2.672499999999954134e+00 4.000000000000000000e+02 -7.969349628164288823e+00 -1.663456391485560104e+01 1.229999999999999982e+00
-9.734133762439904913e+00 7.543115611449847935e-02 -2.674999999999954081e+00 4.000000000000000000e+02 -7.968609116056246222e+00 -1.663632340274755705e+01 1.584999999999999964e+00
-9.733128686542329433e+00 7.535554776277439415e-02 -2.677499999999954028e+00 4.000000000000000000e+02 -7.966880780930593708e+00 -1.663709506762190671e+01 8.199999999999999512e-01
-9.732125393923878320e+00 7.509159799027757820e-02 -2.679999999999953975e+00 4.000000000000000000e+02 -7.966329440527336381e+00 -1.663904372721864888e+01 2.849999999999999756e-01
-9.731125057131579936e+00 7.516864634685993529e-02 -2.682499999999953921e+00 4.000000000000000000e+02 -7.963215782227793582e+00 -1.663843006891910647e+01 1.110000000000000098e+00
-9.730125106879937036e+00 7.544466633488619567e-02 -2.684999999999953868e+00 4.000000000000000000e+02 -7.962083891797442803e+00 -1.663979817848875342e+01 1.669999999999999929e+00
-9.729127520589482714e+00 7.623460795352673958e-02 -2.687499999999953815e+00 4.000000000000000000e+02 -7.961681146246299079e+00 -1.664189543293760920e+01 1.650000000000000078e-01
-9.728133015364862857e+00 7.626322034165994301e-02 -2.689999999999953761e+00 4.000000000000000000e+02 -7.960850594985600992e+00 -1.664356488167691239e+01 1.570000000000000062e+00
-9.727141154618989205e+00 7.645530703752401180e-02 -2.692499999999953708e+00 4.000000000000000000e+02 -7.958509190129162469e+00 -1.664372347682047248e+01 8.249999999999999556e-01
-9.726150433744274793e+00 7.620369679439223387e-02 -2.694999999999953655e+00 4.000000000000000000e+02 -7.958198421322581595e+00 -1.664591270801389200e+01 4.499999999999999833e-02
-9.725162856757957996e+00 7.642833363288405180e-02 -2.697499999999953602e+00 4.000000000000000000e+02 -7.958143184915153157e+00 -1.664835747160646662e+01 2.099999999999999922e-01
-9.724178661996896622e+00 7.589331041898751684e-02 -2.699999999999953548e+00 4.000000000000000000e+02 -7.957411215143157968e+00 -1.665012550183447004e+01 9.599999999999999645e-01
-9.723197170910124143e+00 7.574603378501755524e-02 -2.702499999999953495e+00 4.000000000000000000e+02 -7.956803568667544013e+00 -1.665201785535885648e+01 4.199999999999999845e-01
-9.722218495049222753e+00 7.641642096716393107e-02 -2.704999999999953442e+00 4.000000000000000000e+02 -7.955519334161052392e+00 -1.665323362085236170e+01 1.950000000000000067e-01
-9.721241963433252309e+00 7.646476549384410848e-02 -2.707499999999953388e+00 4.000000000000000000e+02 -7.954801419734413237e+00 -1.665501570642572204e+01 2.999999999999999889e-02
-9.720268120672436396e+00 7.665533433059336377e-02 -2.709999999999953335e+00 4.000000000000000000e+02 -7.953943365285592648e+00 -1.665665765197690362e+01 4.050000000000000266e-01
-9.719296820714237839e+00 7.610031204056737220e-02 -2.712499999999953282e+00 4.000000000000000000e+02 -7.951967446376205118e+00 -1.665718173306751737e+01 7.449999999999999956e-01
-9.718326971430556682e+00 7.822049236034260555e-02 -2.714999999999953229e+00 4.000000000000000000e+02 -7.949018164798413721e+00 -1.665673245148972370e+01 3.900000000000000133e-01
-9.717357626643149615e+00 7.828539312737743672e-02 -2.717499999999953175e+00 4.000000000000000000e+02 -7.948679560331048499e+00 -1.665889384702235887e+01 1.000000000000000000e+00
-9.716391310413465376e+00 7.821847092802323986e-02 -2.719999999999953122e+00 4.000000000000000000e+02 -7.948408510923394843e+00 -1.666112279761470560e+01 5.050000000000000044e-01
-9.715428075410095232e+00 7.791031729975415876e-02 -2.722499999999953069e+00 4.000000000000000000e+02 -7.948014254477898888e+00 -1.666322854116921093e+01 1.950000000000000067e-01
-9.714467790606015285e+00 7.807371543559336879e-02 -2.724999999999953015e+00 4.000000000000000000e+02 -7.947798856356546260e+00 -1.666551314304785691e+01 1.179999999999999938e+00
-9.713510615278819316e+00 7.777360267271700434e-02 -2.727499999999952962e+00 4.000000000000000000e+02 -7.947114472485966807e+00 -1.666732875917727696e+01 5.100000000000000089e-01
-9.712556089058509201e+00 7.763276330567715766e-02 -2.729999999999952909e+00 4.000000000000000000e+02 -7.946697291106774586e+00 -1.666941157779808691e+01 1.449999999999999900e-01
-9.711604456288002396e+00 7.752649964790354897e-02 -2.732499999999952855e+00 4.000000000000000000e+02 -7.944100959941856388e+00 -1.666931524663316821e+01 1.155000000000000027e+00
-9.710653636715889547e+00 7.738072236936942294e-02 -2.734999999999952802e+00 4.000000000000000000e+02 -7.944076488436922823e+00 -1.667179077512823326e+01 1.219999999999999973e+00
-9.709706067867319490e+00 7.705242121650865417e-02 -2.737499999999952749e+00 4.000000000000000000e+02 -7.943159828424979807e+00 -1.667337411511628886e+01 9.899999999999999911e-01
-9.708760893065280229e+00 7.709066261786384766e-02 -2.739999999999952696e+00 4.000000000000000000e+02 -7.942697146757736526e+00 -1.667541143344904597e+01 9.549999999999999600e-01
-9.707818531715133759e+00 7.702496313013522389e-02 -2.742499999999952642e+00 4.000000000000000000e+02 -7.942349329618669351e+00 -1.667756361630997830e+01 1.254999999999999893e+00
-9.706879080669118309e+00 7.738346981960203541e-02 -2.744999999999952589e+00 4.000000000000000000e+02 -7.939746887567247668e+00 -1.667746117425855701e+01 1.239999999999999991e+00
-9.705940415254307396e+00 7.752529129542003183e-02 -2.747499999999952536e+00 4.000000000000000000e+02 -7.939481260000537333e+00 -1.667969554669184618e+01 6.949999999999999512e-01
-9.705004722149256580e+00 7.764589864340133707e-02 -2.749999999999952482e+00 4.000000000000000000e+02 -7.937302419634994166e+00 -1.668001670632630606e+01 1.429999999999999938e+00
-9.704070203784917581e+00 7.716717967769687325e-02 -2.752499999999952429e+00 4.000000000000000000e+02 -7.937030928507880390e+00 -1.668224521519918824e+01 5.550000000000000488e-01
-9.703138635283522717e+00 7.634667255117037754e-02 -2.754999999999952376e+00 4.000000000000000000e+02 -7.934161856970181503e+00 -1.668187614366149063e+01 1.354999999999999982e+00
-9.702207590395442338e+00 7.646614590159865610e-02 -2.757499999999952323e+00 4.000000000000000000e+02 -7.933034317757984510e+00 -1.668324860444929669e+01 9.499999999999999556e-01
-9.701278686711676258e+00 7.657105570646692561e-02 -2.759999999999952269e+00 4.000000000000000000e+02 -7.931632732645589989e+00 -1.668434701933690079e+01 1.080000000000000071e+00
-9.700351663432257965e+00 7.733549504610361114e-02 -2.762499999999952216e+00 4.000000000000000000e+02 -7.930980236510352555e+00 -1.668619452320166374e+01 8.000000000000000167e-02
-9.699427207452416155e+00 7.646196819061665262e-02 -2.764999999999952163e+00 4.000000000000000000e+02 -7.926205848585570202e+00 -1.668392013527687823e+01 1.909999999999999920e+00
-9.698501503255039680e+00 7.593475506075458847e-02 -2.767499999999952109e+00 4.000000000000000000e+02 -7.925810338681970713e+00 -1.668602462537327824e+01 6.250000000000000000e-01
-9.697578598583540099e+00 7.522973227035205379e-02 -2.769999999999952056e+00 4.000000000000000000e+02 -7.925721212163469254e+00 -1.668843549885477984e+01 1.675000000000000044e+00
-9.696658764136284248e+00 7.522861405432863802e-02 -2.772499999999952003e+00 4.000000000000000000e+02 -7.923667490751814313e+00 -1.668888177744312173e+01 4.400000000000000022e-01
-9.695740184852349230e+00 7.443381831607676080e-02 -2.774999999999951950e+00 4.000000000000000000e+02 -7.923059093318749468e+00 -1.669077338001005728e+01 1.500000000000000000e+00
-9.694824182139322843e+00 7.429599953405958968e-02 -2.777499999999951896e+00 4.000000000000000000e+02 -7.922894977188427390e+00 -1.669310926387973737e+01 1.895000000000000018e+00
-9.693911151968000794e+00 7.431372027369557987e-02 -2.779999999999951843e+00 4.000000000000000000e+02 -7.922681209067149233e+00 -1.669539549575845783e+01 4.149999999999999800e-01
-9.693001036825171113e+00 7.429919885803876189e-02 -2.782499999999951790e+00 4.000000000000000000e+02 -7.922489003023668097e+00 -1.669770328971497619e+01 1.799999999999999933e-01
-9.692093844317200890e+00 7.418310256866235408e-02 -2.784999999999951736e+00 4.000000000000000000e+02 -7.922345661441837272e+00 -1.670005994813314487e+01 1.540000000000000036e+00
-9.691189606587444771e+00 7.428013570603832216e-02 -2.787499999999951683e+00 4.000000000000000000e+02 -7.921899955533365123e+00 -1.670211424222467400e+01 9.699999999999999734e-01
-9.690288038916529345e+00 7.362564213084944742e-02 -2.789999999999951630e+00 4.000000000000000000e+02 -7.920982985536945797e+00 -1.670369727222825418e+01 8.999999999999999667e-02
-9.689388707492351926e+00 7.414666640225633931e-02 -2.792499999999951577e+00 4.000000000000000000e+02 -7.915301562727579565e+00 -1.670051584941888834e+01 1.919999999999999929e+00
-9.688487322293823922e+00 7.387080469591843224e-02 -2.794999999999951523e+00 4.000000000000000000e+02 -7.914551073967106554e+00 -1.670226536065841572e+01 1.199999999999999956e-01
-9.687588322337447266e+00 7.384812745039602555e-02 -2.797499999999951470e+00 4.000000000000000000e+02 -7.913317083124471907e+00 -1.670353136981578146e+01 1.169999999999999929e+00
-9.686691265746979695e+00 7.376621624521643994e-02 -2.799999999999951417e+00 4.000000000000000000e+02 -7.912968268657579074e+00 -1.670568255534888635e+01 1.939999999999999947e+00
-9.685796938218285135e+00 7.370843949283212293e-02 -2.802499999999951363e+00 4.000000000000000000e+02 -7.912071430310296805e+00 -1.670728571700160359e+01 5.000000000000000278e-02
-9.684904840481332045e+00 7.403125196344577386e-02 -2.804999999999951310e+00 4.000000000000000000e+02 -7.911392582523032679e+00 -1.670910686921434163e+01 3.549999999999999822e-01
-9.684015158872846030e+00 7.438742943730930479e-02 -2.807499999999951257e+00 4.000000000000000000e+02 -7.908759298062894239e+00 -1.670897358475420091e+01 1.185000000000000053e+00
-9.683126149663618065e+00 7.413404147426617963e-02 -2.809999999999951203e+00 4.000000000000000000e+02 -7.904648636765171155e+00 -1.670736292345647911e+01 9.500000000000000111e-02
-9.682236498952889292e+00 7.405427768021810575e-02 -2.812499999999951150e+00 4.000000000000000000e+02 -7.903676009145997661e+00 -1.670889029583730689e+01 5.050000000000000044e-01
-9.681348994999126489e+00 7.376894304226706833e-02 -2.814999999999951097e+00 4.000000000000000000e+02 -7.901480778325191245e+00 -1.670919506501649821e+01 1.760000000000000009e+00
-9.680462548093355934e+00 7.320283943534562632e-02 -2.817499999999951044e+00 4.000000000000000000e+02 -7.898851207693160070e+00 -1.670906549438446831e+01 1.784999999999999920e+00
-9.679576771567427684e+00 7.384593834364272524e-02 -2.819999999999950990e+00 4.000000000000000000e+02 -7.897450421147496513e+00 -1.671016470783880692e+01 1.925000000000000044e+00
-9.678692750778951748e+00 7.406527089941471187e-02 -2.822499999999950937e+00 4.000000000000000000e+02 -7.897326912879163885e+00 -1.671254119957047379e+01 7.750000000000000222e-01
-9.677811606389994381e+00 7.400676652404332423e-02 -2.824999999999950884e+00 4.000000000000000000e+02 -7.896799273979833167e+00 -1.671451356067113991e+01 1.959999999999999964e+00
-9.676932971664740535e+00 7.449533000132192717e-02 -2.827499999999950830e+00 4.000000000000000000e+02 -7.896579040342807332e+00 -1.671679332703411447e+01 5.899999999999999689e-01
-9.676057106429533761e+00 7.415634434925826024e-02 -2.829999999999950777e+00 4.000000000000000000e+02 -7.893770667162473664e+00 -1.671648495385378297e+01 7.700000000000000178e-01
-9.675181737882457611e+00 7.436403749746070546e-02 -2.832499999999950724e+00 4.000000000000000000e+02 -7.893564896760867811e+00 -1.671877918345217751e+01 1.864999999999999991e+00
-9.674309138301142141e+00 7.434230412866905946e-02 -2.834999999999950671e+00 4.000000000000000000e+02 -7.891577142337560247e+00 -1.671929142902886767e+01 1.870000000000000107e+00
-9.673437745772798024e+00 7.474970756560141150e-02 -2.837499999999950617e+00 4.000000000000000000e+02 -7.888120176817385421e+00 -1.671833446350869323e+01 1.100000000000000089e+00
-9.672566278706081988e+00 7.419449565440522365e-02 -2.839999999999950564e+00 4.000000000000000000e+02 -7.886786113844646451e+00 -1.671950040053595643e+01 4.149999999999999800e-01
-9.671696584591352064e+00 7.402300424482738395e-02 -2.842499999999950511e+00 4.000000000000000000e+02 -7.885690623265933397e+00 -1.672090490995724110e+01 1.799999999999999933e-01
-9.670828865233835003e+00 7.385273782738710491e-02 -2.844999999999950457e+00 4.000000000000000000e+02 -7.884282159839531623e+00 -1.672199644653083794e+01 1.439999999999999947e+00
-9.669962843561030752e+00 7.353021418334612647e-02 -2.847499999999950404e+00 4.000000000000000000e+02 -7.882959803738843085e+00 -1.672317409043014891e+01 1.849999999999999978e-01
-9.669098589175833425e+00 7.410648834225716519e-02 -2.849999999999950351e+00 4.000000000000000000e+02 -7.878873894201801953e+00 -1.672158818089311083e+01 1.189999999999999947e+00
-9.668233711141635212e+00 7.399462995585372183e-02 -2.852499999999950298e+00 4.000000000000000000e+02 -7.878698741443947107e+00 -1.672391302813525371e+01 1.354999999999999982e+00
-9.667371586248707516e+00 7.373745543063779662e-02 -2.854999999999950244e+00 4.000000000000000000e+02 -7.876438184335461834e+00 -1.672415247102676972e+01 8.149999999999999467e-01
-9.666510410113325236e+00 7.357263565737080790e-02 -2.857499999999950191e+00 4.000000000000000000e+02 -7.873012058375387312e+00 -1.672322634506669559e+01 1.409999999999999920e+00
-9.665649178066967551e+00 7.356130468327105876e-02 -2.859999999999950138e+00 4.000000000000000000e+02 -7.870861952093790137e+00 -1.672357623878509969e+01 1.320000000000000062e+00
-9.664788988001332015e+00 7.355512022213550605e-02 -2.862499999999950084e+00 4.000000000000000000e+02 -7.868902634616011582e+00 -1.672411692130732064e+01 6.450000000000000178e-01
-9.663930001591699792e+00 7.335183022500675609e-02 -2.864999999999950031e+00 4.000000000000000000e+02 -7.868307137820615083e+00 -1.672602142451192009e+01 1.050000000000000044e+00
-9.663073384690097356e+00 7.331348208851938553e-02 -2.867499999999949978e+00 4.000000000000000000e+02 -7.867607631616520436e+00 -1.672782191830782494e+01 1.935000000000000053e+00
-9.662219039922414154e+00 7.322720501328067177e-02 -2.869999999999949925e+00 4.000000000000000000e+02 -7.867376623914621447e+00 -1.673009091060593079e+01 1.370000000000000107e+00
-9.661367358264358884e+00 7.330155525443306230e-02 -2.872499999999949871e+00 4.000000000000000000e+02 -7.865992598947343595e+00 -1.673120688563864888e+01 5.250000000000000222e-01
-9.660517350064454334e+00 7.331774646371065629e-02 -2.874999999999949818e+00 4.000000000000000000e+02 -7.865768236804783875e+00 -1.673348252349608956e+01 1.695000000000000062e+00
-9.659669993417939082e+00 7.303481025608733745e-02 -2.877499999999949765e+00 4.000000000000000000e+02 -7.864913324224180435e+00 -1.673512761091548740e+01 1.800000000000000044e+00
-9.658824745239433796e+00 7.250167173962922262e-02 -2.879999999999949711e+00 4.000000000000000000e+02 -7.863270000320423669e+00 -1.673598428701173191e+01 7.750000000000000222e-01
-9.657980933779619193e+00 7.305715308747837144e-02 -2.882499999999949658e+00 4.000000000000000000e+02 -7.862481942955049874e+00 -1.673769622964635673e+01 1.409999999999999920e+00
-9.657139275234770892e+00 7.280622657675382692e-02 -2.884999999999949605e+00 4.000000000000000000e+02 -7.855765071932746757e+00 -1.673347935862405222e+01 1.790000000000000036e+00
-9.656294772315201058e+00 7.320667716834902694e-02 -2.887499999999949551e+00 4.000000000000000000e+02 -7.852400937873015963e+00 -1.673261522456432004e+01 1.915000000000000036e+00
-9.655450252823913004e+00 7.333537992434754904e-02 -2.889999999999949498e+00 4.000000000000000000e+02 -7.851986151860541163e+00 -1.673470043855184741e+01 5.050000000000000044e-01
-9.654608202888899982e+00 7.344150215038354468e-02 -2.892499999999949445e+00 4.000000000000000000e+02 -7.851890563623369346e+00 -1.673710485031467599e+01 5.899999999999999689e-01
-9.653768881059109574e+00 7.308687162884161537e-02 -2.894999999999949392e+00 4.000000000000000000e+02 -7.850688999425073256e+00 -1.673840328611638029e+01 2.999999999999999889e-01
-9.652931350829113910e+00 7.324475552393647226e-02 -2.897499999999949338e+00 4.000000000000000000e+02 -7.849493904964037760e+00 -1.673970819165534607e+01 1.334999999999999964e+00
-9.652095612284274040e+00 7.316801098925404534e-02 -2.899999999999949285e+00 4.000000000000000000e+02 -7.844061748550508639e+00 -1.673677603524181734e+01 6.049999999999999822e-01
-9.651258120578640742e+00 7.350790735385215324e-02 -2.902499999999949232e+00 4.000000000000000000e+02 -7.842773882110956052e+00 -1.673798816880226070e+01 1.110000000000000098e+00
-9.650422342942841070e+00 7.353782334396435916e-02 -2.904999999999949178e+00 4.000000000000000000e+02 -7.841943765411645728e+00 -1.673965805210295343e+01 1.725000000000000089e+00
-9.649588655989351338e+00 7.417335770388970573e-02 -2.907499999999949125e+00 4.000000000000000000e+02 -7.839472413390884853e+00 -1.673968670008218851e+01 1.604999999999999982e+00
-9.648755687344154452e+00 7.441739625165488814e-02 -2.909999999999949072e+00 4.000000000000000000e+02 -7.839360403985518921e+00 -1.674207469067682652e+01 1.659999999999999920e+00
-9.647925396229078743e+00 7.411804047178587040e-02 -2.912499999999949019e+00 4.000000000000000000e+02 -7.839216254635736902e+00 -1.674443054132704134e+01 1.965000000000000080e+00
-9.647097745236624888e+00 7.428809111833081791e-02 -2.914999999999948965e+00 4.000000000000000000e+02 -7.831615205586946793e+00 -1.673932949227825162e+01 1.155000000000000027e+00
-9.646266551266654332e+00 7.368254915027451502e-02 -2.917499999999948912e+00 4.000000000000000000e+02 -7.831447270054385790e+00 -1.674166155674569367e+01 1.350000000000000089e-01
-9.645437981336606015e+00 7.392317321321617563e-02 -2.919999999999948859e+00 4.000000000000000000e+02 -7.831439539446598097e+00 -1.674415382613790371e+01 1.784999999999999920e+00
-9.644612157256542417e+00 7.398762600619866736e-02 -2.922499999999948805e+00 4.000000000000000000e+02 -7.829503350571235032e+00 -1.674471763726253926e+01 1.850000000000000089e+00
-9.643787479500954163e+00 7.401585326089485384e-02 -2.924999999999948752e+00 4.000000000000000000e+02 -7.827223340690000697e+00 -1.674493762738130442e+01 1.854999999999999982e+00
-9.642963662455301233e+00 7.400658705941329241e-02 -2.927499999999948699e+00 4.000000000000000000e+02 -7.826820961499365126e+00 -1.674703524819067013e+01 2.999999999999999889e-02
-9.642142247641066533e+00 7.406534294294209175e-02 -2.929999999999948646e+00 4.000000000000000000e+02 -7.825092777463418692e+00 -1.674780706415472409e+01 1.199999999999999956e+00
-9.641322139952150039e+00 7.400036025928613537e-02 -2.932499999999948592e+00 4.000000000000000000e+02 -7.822788166772012275e+00 -1.674800245346331806e+01 1.745000000000000107e+00
-9.640502864316523812e+00 7.399540128967364849e-02 -2.934999999999948539e+00 4.000000000000000000e+02 -7.816338530358279080e+00 -1.674405281704958526e+01 1.199999999999999956e-01
-9.639681021089508306e+00 7.443660461286046026e-02 -2.937499999999948486e+00 4.000000000000000000e+02 -7.815987559423877684e+00 -1.674620184611518425e+01 3.049999999999999933e-01
-9.638861614831954583e+00 7.449856152616196603e-02 -2.939999999999948432e+00 4.000000000000000000e+02 -7.813858201149990634e+00 -1.674657248784129848e+01 2.999999999999999889e-01
-9.638043182728475600e+00 7.442182821912535218e-02 -2.942499999999948379e+00 4.000000000000000000e+02 -7.810822964574636096e+00 -1.674603725126594256e+01 4.899999999999999911e-01
-9.637224982273711049e+00 7.490428844152967336e-02 -2.944999999999948326e+00 4.000000000000000000e+02 -7.808348629641597149e+00 -1.674606291633290311e+01 2.600000000000000089e-01
-9.636407471696829319e+00 7.523400531161197891e-02 -2.947499999999948272e+00 4.000000000000000000e+02 -7.806557718748813102e+00 -1.674677200544011768e+01 1.235000000000000098e+00
-9.635591207670387348e+00 7.526305361802741734e-02 -2.949999999999948219e+00 4.000000000000000000e+02 -7.797568798622424247e+00 -1.674028308531373099e+01 1.330000000000000071e+00
-9.634770302006112175e+00 7.502101231092569988e-02 -2.952499999999948166e+00 4.000000000000000000e+02 -7.796400150154742192e+00 -1.674161443684604933e+01 4.949999999999999956e-01
-9.633951160519366397e+00 7.523776928013096998e-02 -2.954999999999948113e+00 4.000000000000000000e+02 -7.795726286195946209e+00 -1.674344057288725196e+01 1.439999999999999947e+00
-9.633134182142017110e+00 7.538367973095366770e-02 -2.957499999999948059e+00 4.000000000000000000e+02 -7.794329612341978297e+00 -1.674454389903328533e+01 1.860000000000000098e+00
-9.632318770467731994e+00 7.564995951170988553e-02 -2.959999999999948006e+00 4.000000000000000000e+02 -7.793544444117348924e+00 -1.674625873080865546e+01 5.999999999999999778e-02
-9.631505418537745555e+00 7.576043165000426183e-02 -2.962499999999947953e+00 4.000000000000000000e+02 -7.793391906567634031e+00 -1.674860619325894007e+01 1.969999999999999973e+00
-9.630694632363237417e+00 7.560384372593377533e-02 -2.964999999999947899e+00 4.000000000000000000e+02 -7.792788877921512203e+00 -1.675050316461281597e+01 4.600000000000000200e-01
-9.629886037745295724e+00 7.590169208989146210e-02 -2.967499999999947846e+00 4.000000000000000000e+02 -7.791159915816676218e+00 -1.675137420250798215e+01 2.449999999999999956e-01
-9.629078799581648695e+00 7.638966949318656829e-02 -2.969999999999947793e+00 4.000000000000000000e+02 -7.791114707267703388e+00 -1.675382899395900793e+01 1.250000000000000000e+00
-9.628274189305265907e+00 7.616290515178297804e-02 -2.972499999999947740e+00 4.000000000000000000e+02 -7.790862632184580860e+00 -1.675607691887588402e+01 1.995000000000000107e+00
-9.627472030401886371e+00 7.588061449710900574e-02 -2.974999999999947686e+00 4.000000000000000000e+02 -7.789119803749176008e+00 -1.675683409044048133e+01 9.749999999999999778e-01
-9.626671120854224384e+00 7.624803653008407900e-02 -2.977499999999947633e+00 4.000000000000000000e+02 -7.787574703690086864e+00 -1.675778899038139258e+01 3.699999999999999956e-01
-9.625871615755812627e+00 7.649426304508678831e-02 -2.979999999999947580e+00 4.000000000000000000e+02 -7.787369455561568898e+00 -1.676008374225287412e+01 1.110000000000000098e+00
-9.625074579724069324e+00 7.596506816230885750e-02 -2.982499999999947526e+00 4.000000000000000000e+02 -7.784568689276775366e+00 -1.675978297596807920e+01 9.599999999999999645e-01
-9.624277938981590452e+00 7.554917549617504169e-02 -2.984999999999947473e+00 4.000000000000000000e+02 -7.783552984460829549e+00 -1.676126727115213555e+01 1.750000000000000000e+00
-9.623483112533728345e+00 7.533292990684611889e-02 -2.987499999999947420e+00 4.000000000000000000e+02 -7.782346443977946393e+00 -1.676256073066925012e+01 1.729999999999999982e+00
-9.622689943521493205e+00 7.552541284871176763e-02 -2.989999999999947367e+00 4.000000000000000000e+02 -7.780925001582690292e+00 -1.676363928827399619e+01 2.700000000000000178e-01
-9.621898257129334553e+00 7.506866634806810823e-02 -2.992499999999947313e+00 4.000000000000000000e+02 -7.780452440036039086e+00 -1.676566672672734271e+01 7.149999999999999689e-01
-9.621108798577449051e+00 7.480637450574988134e-02 -2.994999999999947260e+00 4.000000000000000000e+02 -7.780237261175442676e+00 -1.676795154786674757e+01 1.165000000000000036e+00
-9.620321762361756512e+00 7.487199546127994154e-02 -2.997499999999947207e+00 4.000000000000000000e+02 -7.776192833973405882e+00 -1.676640712066470940e+01 4.749999999999999778e-01
-9.619534130060911181e+00 7.491669040563912751e-02 -2.999999999999947153e+00 4.000000000000000000e+02 -7.773655169115814445e+00 -1.676636945580711924e+01 5.899999999999999689e-01
-9.618747088004898416e+00 7.473743274107362555e-02 -3.002499999999947100e+00 4.000000000000000000e+02 -7.773270831636217792e+00 -1.676848511832752209e+01 4.650000000000000244e-01
-9.617962326292101238e+00 7.489213372576859762e-02 -3.004999999999947047e+00 4.000000000000000000e+02 -7.772759038893338968e+00 -1.677047332558464277e+01 4.500000000000000111e-01
-9.617179736834710724e+00 7.490691649068308144e-02 -3.007499999999946994e+00 4.000000000000000000e+02 -7.769893636504271228e+00 -1.677010792319557453e+01 7.449999999999999956e-01
-9.616397473667788631e+00 7.481546004251657389e-02 -3.009999999999946940e+00 4.000000000000000000e+02 -7.769044321822576649e+00 -1.677175860851388123e+01 1.320000000000000062e+00
-9.615617110652028288e+00 7.480471428671935097e-02 -3.012499999999946887e+00 4.000000000000000000e+02 -7.768943118131010017e+00 -1.677415740482231499e+01 5.649999999999999467e-01
-9.614839223632069221e+00 7.526295520332559885e-02 -3.014999999999946834e+00 4.000000000000000000e+02 -7.768848188217711837e+00 -1.677656247490901364e+01 4.450000000000000067e-01
-9.614063807698652653e+00 7.534898557676220077e-02 -3.017499999999946780e+00 4.000000000000000000e+02 -7.768788961499578427e+00 -1.677900324819088240e+01 7.900000000000000355e-01
-9.613290880681493178e+00 7.501094616884922128e-02 -3.019999999999946727e+00 4.000000000000000000e+02 -7.765911413331079594e+00 -1.677862570002238485e+01 1.590000000000000080e+00
-9.612518259084920302e+00 7.511767697780961928e-02 -3.022499999999946674e+00 4.000000000000000000e+02 -7.764941170779217749e+00 -1.678015545747052073e+01 1.050000000000000044e+00
-9.611747413625225889e+00 7.520391210784871383e-02 -3.024999999999946620e+00 4.000000000000000000e+02 -7.763513554834373664e+00 -1.678122784152567704e+01 1.449999999999999956e+00
-9.610977987155992608e+00 7.522366319335684059e-02 -3.027499999999946567e+00 4.000000000000000000e+02 -7.760878032639273449e+00 -1.678109231933057544e+01 1.395000000000000018e+00
-9.610209048087513750e+00 7.502303655191301657e-02 -3.029999999999946514e+00 4.000000000000000000e+02 -7.760029289397616381e+00 -1.678274357608891876e+01 5.500000000000000028e-02
-9.609441967039286325e+00 7.471436312992384143e-02 -3.032499999999946461e+00 4.000000000000000000e+02 -7.756019043670499435e+00 -1.678123333036180398e+01 1.840000000000000080e+00
-9.608674315930469945e+00 7.456688154683495384e-02 -3.034999999999946407e+00 4.000000000000000000e+02 -7.755419190158161058e+00 -1.678313347684946422e+01 3.649999999999999911e-01
-9.607908709247409362e+00 7.433677052506867944e-02 -3.037499999999946354e+00 4.000000000000000000e+02 -7.754690394740159753e+00 -1.678490468143146330e+01 1.950000000000000067e-01
-9.607145041562123566e+00 7.450119929991826095e-02 -3.039999999999946301e+00 4.000000000000000000e+02 -7.753776617106346691e+00 -1.678649090379764885e+01 1.284999999999999920e+00
-9.606383165622473186e+00 7.482408737874214621e-02 -3.042499999999946247e+00 4.000000000000000000e+02 -7.751974451690699652e+00 -1.678718873838200309e+01 1.034999999999999920e+00
-9.605622400567245478e+00 7.503107817680605696e-02 -3.044999999999946194e+00 4.000000000000000000e+02 -7.751809976367330712e+00 -1.678952426305863455e+01 1.225000000000000089e+00
-9.604863986526442687e+00 7.486000731076307424e-02 -3.047499999999946141e+00 4.000000000000000000e+02 -7.751232959105210263e+00 -1.679144724579651182e+01 1.250000000000000000e+00
-9.604107602602715232e+00 7.464026418229287307e-02 -3.049999999999946088e+00 4.000000000000000000e+02 -7.747388641137503917e+00 -1.679010292782880853e+01 1.409999999999999920e+00
-9.603350774012662683e+00 7.469489674024530623e-02 -3.052499999999946034e+00 4.000000000000000000e+02 -7.745748181668962395e+00 -1.679096246836026651e+01 1.750000000000000000e+00
-9.602595167287159228e+00 7.526457680436608733e-02 -3.054999999999945981e+00 4.000000000000000000e+02 -7.744950954584880698e+00 -1.679266524127618254e+01 1.584999999999999964e+00
-9.601841415149376502e+00 7.519231524802282018e-02 -3.057499999999945928e+00 4.000000000000000000e+02 -7.744424246352806129e+00 -1.679463853304411103e+01 1.909999999999999920e+00
-9.601089714955254095e+00 7.493996466565557013e-02 -3.059999999999945874e+00 4.000000000000000000e+02 -7.743400564508021056e+00 -1.679611485119932368e+01 1.540000000000000036e+00
-9.600339687071379302e+00 7.512510923596074641e-02 -3.062499999999945821e+00 4.000000000000000000e+02 -7.743071501641987098e+00 -1.679828578833328834e+01 1.254999999999999893e+00
-9.599591845978407534e+00 7.530242488454488847e-02 -3.064999999999945768e+00 4.000000000000000000e+02 -7.740600424030679605e+00 -1.679831471072198212e+01 1.544999999999999929e+00
-9.598844585338634161e+00 7.541647076541732608e-02 -3.067499999999945715e+00 4.000000000000000000e+02 -7.738848210204863243e+00 -1.679906249689616615e+01 1.614999999999999991e+00
-9.598098440637413020e+00 7.508940709599244701e-02 -3.069999999999945661e+00 4.000000000000000000e+02 -7.737967131411541466e+00 -1.680068141810284388e+01 6.850000000000000533e-01
-9.597354057876577471e+00 7.508312291131885585e-02 -3.072499999999945608e+00 4.000000000000000000e+02 -7.735766592451929213e+00 -1.680098087914323202e+01 9.499999999999999556e-01
-9.596610451440994893e+00 7.500712803746567570e-02 -3.074999999999945555e+00 4.000000000000000000e+02 -7.734532696221637416e+00 -1.680224698291294061e+01 1.199999999999999956e+00
-9.595868337384343860e+00 7.477741785103872441e-02 -3.077499999999945501e+00 4.000000000000000000e+02 -7.734010792637597831e+00 -1.680422507932890142e+01 1.810000000000000053e+00
-9.595128238545134636e+00 7.466499181719497835e-02 -3.079999999999945448e+00 4.000000000000000000e+02 -7.728573093553021245e+00 -1.680128738024432522e+01 3.049999999999999933e-01
-9.594386512079791984e+00 7.448987194134416845e-02 -3.082499999999945395e+00 4.000000000000000000e+02 -7.727528080843874214e+00 -1.680274236753517769e+01 1.415000000000000036e+00
-9.593646412584735828e+00 7.460711432187643044e-02 -3.084999999999945342e+00 4.000000000000000000e+02 -7.726026209620106222e+00 -1.680374049631140920e+01 3.300000000000000155e-01
-9.592907597959412058e+00 7.447936375548711019e-02 -3.087499999999945288e+00 4.000000000000000000e+02 -7.724038590342851229e+00 -1.680425287703415194e+01 1.100000000000000006e-01
-9.592169706816692454e+00 7.417014383968623115e-02 -3.089999999999945235e+00 4.000000000000000000e+02 -7.722834677998443809e+00 -1.680554896468974846e+01 8.499999999999999778e-01
-9.591433314451681014e+00 7.445214555382326238e-02 -3.092499999999945182e+00 4.000000000000000000e+02 -7.722640976770666299e+00 -1.680785526346196690e+01 1.250000000000000000e-01
-9.590699158474869535e+00 7.438003687812315412e-02 -3.094999999999945128e+00 4.000000000000000000e+02 -7.720620150351749089e+00 -1.680833443704305097e+01 3.499999999999999778e-01
-9.589965892404713088e+00 7.436649317864059416e-02 -3.097499999999945075e+00 4.000000000000000000e+02 -7.718282836748644904e+00 -1.680849712343994895e+01 8.699999999999999956e-01
-9.589233282771395750e+00 7.413371987092370885e-02 -3.099999999999945022e+00 4.000000000000000000e+02 -7.716140841318112287e+00 -1.680885512800941584e+01 2.750000000000000222e-01
-9.588501471404885734e+00 7.394270863307920993e-02 -3.102499999999944968e+00 4.000000000000000000e+02 -7.715698075523048871e+00 -1.681091236221435281e+01 5.849999999999999645e-01
-9.587771697506436652e+00 7.403293797430454681e-02 -3.104999999999944915e+00 4.000000000000000000e+02 -7.714086943492981518e+00 -1.681180123018428318e+01 1.985000000000000098e+00
-9.587043103465214600e+00 7.388940039725726272e-02 -3.107499999999944862e+00 4.000000000000000000e+02 -7.713216770915158449e+00 -1.681343105760645784e+01 1.915000000000000036e+00
-9.586316225107511357e+00 7.356928856861595645e-02 -3.109999999999944809e+00 4.000000000000000000e+02 -7.711803009149961419e+00 -1.681451729584126298e+01 1.989999999999999991e+00
-9.585590662993409339e+00 7.349532987596678335e-02 -3.112499999999944755e+00 4.000000000000000000e+02 -7.711237808012647577e+00 -1.681645209470394775e+01 1.090000000000000080e+00
-9.584867027873821499e+00 7.347982261867309906e-02 -3.114999999999944702e+00 4.000000000000000000e+02 -7.704817125972128977e+00 -1.681253141266343221e+01 1.550000000000000044e+00
-9.584141076397566295e+00 7.340594582851706074e-02 -3.117499999999944649e+00 4.000000000000000000e+02 -7.704183670047499710e+00 -1.681439795673880155e+01 1.780000000000000027e+00
-9.583417003829502789e+00 7.324406905408441248e-02 -3.119999999999944595e+00 4.000000000000000000e+02 -7.703587896753528064e+00 -1.681630218344482941e+01 3.599999999999999867e-01
-9.582694831155995630e+00 7.329310317500636884e-02 -3.122499999999944542e+00 4.000000000000000000e+02 -7.703207028685445046e+00 -1.681842131537674589e+01 5.749999999999999556e-01
-9.581974706745144843e+00 7.319506760984477445e-02 -3.124999999999944489e+00 4.000000000000000000e+02 -7.700625672970706326e+00 -1.681833995966200845e+01 1.114999999999999991e+00
-9.581255042014914736e+00 7.262310090121759654e-02 -3.127499999999944436e+00 4.000000000000000000e+02 -7.699028616204118158e+00 -1.681924290289541801e+01 1.514999999999999902e+00
-9.580536543652465653e+00 7.231196501792562514e-02 -3.129999999999944382e+00 4.000000000000000000e+02 -7.697230055560785544e+00 -1.681994434225208579e+01 8.149999999999999467e-01
-9.579819064423311659e+00 7.269719466028357058e-02 -3.132499999999944329e+00 4.000000000000000000e+02 -7.696684789118579673e+00 -1.682189907580988120e+01 1.304999999999999938e+00
-9.579103499207066719e+00 7.302515985185298319e-02 -3.134999999999944276e+00 4.000000000000000000e+02 -7.694258895919251273e+00 -1.682197318261055230e+01 1.000000000000000000e+00
-9.578388498627719017e+00 7.275968363705177799e-02 -3.137499999999944222e+00 4.000000000000000000e+02 -7.692697679887513296e+00 -1.682291196657881471e+01 4.799999999999999822e-01
-9.577674679106474187e+00 7.267372510754931125e-02 -3.139999999999944169e+00 4.000000000000000000e+02 -7.692475541035640241e+00 -1.682518982772694116e+01 7.199999999999999734e-01
-9.576962991155482996e+00 7.299673167429973630e-02 -3.142499999999944116e+00 4.000000000000000000e+02 -7.691950176043028442e+00 -1.682716446273433064e+01 7.550000000000000044e-01
-9.576253211785168418e+00 7.294038939838257130e-02 -3.144999999999944063e+00 4.000000000000000000e+02 -7.691105662551690259e+00 -1.682881994924299107e+01 7.349999999999999867e-01
-9.575545108654374360e+00 7.304063611221038588e-02 -3.147499999999944009e+00 4.000000000000000000e+02 -7.690702468480478338e+00 -1.683091675517177777e+01 4.299999999999999933e-01
-9.574838988205474521e+00 7.290911645868616842e-02 -3.149999999999943956e+00 4.000000000000000000e+02 -7.690099363596989868e+00 -1.683281365028829057e+01 4.600000000000000200e-01
-9.574134702762682636e+00 7.331921889999716557e-02 -3.152499999999943903e+00 4.000000000000000000e+02 -7.690095867222684234e+00 -1.683531015391398711e+01 5.699999999999999512e-01
-9.573432667195325152e+00 7.283418488295631543e-02 -3.154999999999943849e+00 4.000000000000000000e+02 -7.689977812697700976e+00 -1.683769209938900246e+01 1.500000000000000000e+00
-9.572732792600975316e+00 7.263185819406060839e-02 -3.157499999999943796e+00 4.000000000000000000e+02 -7.689685245744210640e+00 -1.683989953243551341e+01 4.349999999999999978e-01
-9.572034949093650269e+00 7.240126024071012745e-02 -3.159999999999943743e+00 4.000000000000000000e+02 -7.688071530524138275e+00 -1.684078581721544055e+01 1.900000000000000022e-01
-9.571338209800101637e+00 7.223265748157060850e-02 -3.162499999999943689e+00 4.000000000000000000e+02 -7.687509161866988627e+00 -1.684272344855828862e+01 1.199999999999999956e+00
-9.570643302923805606e+00 7.215715235357376967e-02 -3.164999999999943636e+00 4.000000000000000000e+02 -7.680110068910215304e+00 -1.683782435560151569e+01 1.979999999999999982e+00
-9.569945469401050175e+00 7.204244528615229293e-02 -3.167499999999943583e+00 4.000000000000000000e+02 -7.679215190707773253e+00 -1.683942947739907225e+01 1.449999999999999956e+00
-9.569249240549947189e+00 7.202185094590327075e-02 -3.169999999999943530e+00 4.000000000000000000e+02 -7.677287488687546180e+00 -1.684000177537884824e+01 1.750000000000000000e+00
-9.568553894017094663e+00 7.165853695075585783e-02 -3.172499999999943476e+00 4.000000000000000000e+02 -7.676897074754398531e+00 -1.684211136144569920e+01 1.965000000000000080e+00
-9.567860494476486011e+00 7.150263264746825609e-02 -3.174999999999943423e+00 4.000000000000000000e+02 -7.674877516877618433e+00 -1.684259180356891861e+01 1.794999999999999929e+00
-9.567167908117982122e+00 7.154341376904811700e-02 -3.177499999999943370e+00 4.000000000000000000e+02 -7.674555935099811599e+00 -1.684477022179111216e+01 1.995000000000000107e+00
-9.566477306640976508e+00 7.171179764265210588e-02 -3.179999999999943316e+00 4.000000000000000000e+02 -7.672458485154404428e+00 -1.684517277184570361e+01 1.645000000000000018e+00
-9.565787459423365391e+00 7.169803152474175933e-02 -3.182499999999943263e+00 4.000000000000000000e+02 -7.668635678355718355e+00 -1.684384996504702059e+01 1.810000000000000053e+00
-9.565097175572846666e+00 7.191949549178880408e-02 -3.184999999999943210e+00 4.000000000000000000e+02 -7.668204029981047221e+00 -1.684591831667234629e+01 1.260000000000000009e+00
-9.564408792685336280e+00 7.220426449442551853e-02 -3.187499999999943157e+00 4.000000000000000000e+02 -7.667915143571597092e+00 -1.684812943026289744e+01 1.145000000000000018e+00
-9.563722402186877858e+00 7.208636944823379467e-02 -3.189999999999943103e+00 4.000000000000000000e+02 -7.666371878934501893e+00 -1.684908616562580264e+01 6.049999999999999822e-01
-9.563037138202300724e+00 7.212069508195147194e-02 -3.192499999999943050e+00 4.000000000000000000e+02 -7.664889783130874434e+00 -1.685010406982217290e+01 1.824999999999999956e+00
-9.562353039945419297e+00 7.193405681696102283e-02 -3.194999999999942997e+00 4.000000000000000000e+02 -7.662140964007573274e+00 -1.684985525069887302e+01 1.574999999999999956e+00
-9.561669239295673250e+00 7.237668703829694405e-02 -3.197499999999942943e+00 4.000000000000000000e+02 -7.661995237684704030e+00 -1.685220952437600417e+01 1.435000000000000053e+00
-9.560987512223727336e+00 7.226584685531613206e-02 -3.199999999999942890e+00 4.000000000000000000e+02 -7.660036788186668666e+00 -1.685275107487796831e+01 1.400000000000000133e-01
-9.560306618299682313e+00 7.235522703466812366e-02 -3.202499999999942837e+00 4.000000000000000000e+02 -7.658511134352032457e+00 -1.685372542104333249e+01 1.879999999999999893e+00
-9.559626850103647655e+00 7.225176843565842000e-02 -3.204999999999942784e+00 4.000000000000000000e+02 -7.657524420051345260e+00 -1.685523870674264657e+01 4.149999999999999800e-01
-9.558948570537520339e+00 7.295545214259106792e-02 -3.207499999999942730e+00 4.000000000000000000e+02 -7.656809204804405411e+00 -1.685702349149570267e+01 1.300000000000000044e+00
-9.558271958997458739e+00 7.283814801296739638e-02 -3.209999999999942677e+00 4.000000000000000000e+02 -7.656562963029482027e+00 -1.685927724972078323e+01 9.500000000000000111e-02
-9.557597326609503341e+00 7.269407534641147972e-02 -3.212499999999942624e+00 4.000000000000000000e+02 -7.654760362616626068e+00 -1.685997464930792589e+01 1.510000000000000009e+00
-9.556923618892543715e+00 7.246590276825515264e-02 -3.214999999999942570e+00 4.000000000000000000e+02 -7.652970006718851081e+00 -1.686068429341015218e+01 5.949999999999999734e-01
-9.556250842192833161e+00 7.256990383152354951e-02 -3.217499999999942517e+00 4.000000000000000000e+02 -7.652088255742591549e+00 -1.686230254243389126e+01 5.100000000000000089e-01
-9.555579604560962892e+00 7.227834510688481429e-02 -3.219999999999942464e+00 4.000000000000000000e+02 -7.649239902459025409e+00 -1.686195418915032462e+01 1.354999999999999982e+00
-9.554908583553544332e+00 7.227991513498105425e-02 -3.222499999999942411e+00 4.000000000000000000e+02 -7.649091709102417980e+00 -1.686430599579371759e+01 1.955000000000000071e+00
-9.554239587187030480e+00 7.203397059802192637e-02 -3.224999999999942357e+00 4.000000000000000000e+02 -7.647874458117536633e+00 -1.686558874480883574e+01 7.499999999999999722e-02
-9.553571894822322719e+00 7.205591965472028793e-02 -3.227499999999942304e+00 4.000000000000000000e+02 -7.647052652934632100e+00 -1.686726693962593160e+01 1.094999999999999973e+00
-9.552905766431830870e+00 7.194683269577110962e-02 -3.229999999999942251e+00 4.000000000000000000e+02 -7.644248969522959847e+00 -1.686696325621425885e+01 2.300000000000000100e-01
-9.552239879352129037e+00 7.197492151872487975e-02 -3.232499999999942197e+00 4.000000000000000000e+02 -7.643260747381726006e+00 -1.686847503407302540e+01 4.600000000000000200e-01
-9.551575440292513264e+00 7.261945069940926867e-02 -3.234999999999942144e+00 4.000000000000000000e+02 -7.642922485341987482e+00 -1.687063677203328638e+01 9.350000000000000533e-01
-9.550912875783193812e+00 7.306651817526182979e-02 -3.237499999999942091e+00 4.000000000000000000e+02 -7.642362339853224995e+00 -1.687257662654452517e+01 1.530000000000000027e+00
-9.550252032733792973e+00 7.268929299415487211e-02 -3.239999999999942037e+00 4.000000000000000000e+02 -7.641350610565471158e+00 -1.687406489725677261e+01 1.399999999999999911e+00
-9.549592607918601317e+00 7.251073489120291038e-02 -3.242499999999941984e+00 4.000000000000000000e+02 -7.640405394325543220e+00 -1.687561968101684329e+01 3.649999999999999911e-01
-9.548934641112483135e+00 7.219447111982897625e-02 -3.244999999999941931e+00 4.000000000000000000e+02 -7.638104909549846333e+00 -1.687581919624114590e+01 1.084999999999999964e+00
-9.548277238073922035e+00 7.266279055904287243e-02 -3.247499999999941878e+00 4.000000000000000000e+02 -7.636113210003374618e+00 -1.687632749669467103e+01 1.120000000000000107e+00
-9.547620600674489921e+00 7.244900847778941444e-02 -3.249999999999941824e+00 4.000000000000000000e+02 -7.629526147929113655e+00 -1.687224043462041223e+01 5.799999999999999600e-01
-9.546961707605110092e+00 7.253276880836877216e-02 -3.252499999999941771e+00 4.000000000000000000e+02 -7.627560633521160760e+00 -1.687277492021246061e+01 4.249999999999999889e-01
-9.546303600117136412e+00 7.241214898172504411e-02 -3.254999999999941718e+00 4.000000000000000000e+02 -7.627420456302809626e+00 -1.687513474299410632e+01 8.750000000000000000e-01
-9.545647475107246649e+00 7.195655027451049179e-02 -3.257499999999941664e+00 4.000000000000000000e+02 -7.627112976327652838e+00 -1.687732726301895170e+01 1.830000000000000071e+00
-9.544993215894557181e+00 7.200775860557595554e-02 -3.259999999999941611e+00 4.000000000000000000e+02 -7.625927800949725999e+00 -1.687864208764102614e+01 1.094999999999999973e+00
-9.544340243285457603e+00 7.196811863826087230e-02 -3.262499999999941558e+00 4.000000000000000000e+02 -7.625820710563260718e+00 -1.688103499725455947e+01 1.820000000000000062e+00
-9.543689255881908196e+00 7.217388211960674982e-02 -3.264999999999941505e+00 4.000000000000000000e+02 -7.624343963743966945e+00 -1.688205825043526431e+01 1.314999999999999947e+00
-9.543039357122220068e+00 7.223265314378514435e-02 -3.267499999999941451e+00 4.000000000000000000e+02 -7.623605252380802888e+00 -1.688381953907209976e+01 9.899999999999999911e-01
-9.542391022995293071e+00 7.161830523821877126e-02 -3.269999999999941398e+00 4.000000000000000000e+02 -7.622422900963114145e+00 -1.688513718765441496e+01 1.179999999999999938e+00
-9.541743961818053066e+00 7.124014826697359914e-02 -3.272499999999941345e+00 4.000000000000000000e+02 -7.620159375227711251e+00 -1.688537366191901157e+01 1.270000000000000018e+00
-9.541097471905132466e+00 7.131459104105400404e-02 -3.274999999999941291e+00 4.000000000000000000e+02 -7.619301262021963339e+00 -1.688701554871326138e+01 1.764999999999999902e+00
-9.540452459236762550e+00 7.114700567431413158e-02 -3.277499999999941238e+00 4.000000000000000000e+02 -7.619102226268384292e+00 -1.688931651295968450e+01 1.290000000000000036e+00
-9.539809343354615834e+00 7.088505707869094397e-02 -3.279999999999941185e+00 4.000000000000000000e+02 -7.615717362691291292e+00 -1.688843164938258923e+01 9.350000000000000533e-01
-9.539166072031894927e+00 7.072650129499542804e-02 -3.282499999999941132e+00 4.000000000000000000e+02 -7.615159927279014696e+00 -1.689037421397031125e+01 6.800000000000000488e-01
-9.538524461421657108e+00 7.073102279561963024e-02 -3.284999999999941078e+00 4.000000000000000000e+02 -7.614939534825790446e+00 -1.689265382151708650e+01 1.715000000000000080e+00
-9.537884721762527107e+00 7.123061013887674320e-02 -3.287499999999941025e+00 4.000000000000000000e+02 -7.614144094890774817e+00 -1.689435838158207304e+01 1.995000000000000107e+00
-9.537246479610416827e+00 7.124556403837151164e-02 -3.289999999999940972e+00 4.000000000000000000e+02 -7.612864893173767911e+00 -1.689557917986506652e+01 1.590000000000000080e+00
-9.536609422496557187e+00 7.164155690378153085e-02 -3.292499999999940918e+00 4.000000000000000000e+02 -7.611428797623283060e+00 -1.689664308431458295e+01 2.949999999999999845e-01
-9.535973447727087660e+00 7.130140578748113411e-02 -3.294999999999940865e+00 4.000000000000000000e+02 -7.611144857245578876e+00 -1.689885914393687472e+01 1.175000000000000044e+00
-9.535339283621258488e+00 7.129138626786490907e-02 -3.297499999999940812e+00 4.000000000000000000e+02 -7.611115688885487174e+00 -1.690132997557678607e+01 1.520000000000000018e+00
-9.534707084917126707e+00 7.173308269087341760e-02 -3.299999999999940758e+00 4.000000000000000000e+02 -7.610597561875026784e+00 -1.690331184856632518e+01 1.469999999999999973e+00
-9.534076536147352954e+00 7.170742100297920751e-02 -3.302499999999940705e+00 4.000000000000000000e+02 -7.610524204638901224e+00 -1.690573849133019735e+01 1.270000000000000018e+00
-9.533447911537402675e+00 7.188457724712372932e-02 -3.304999999999940652e+00 4.000000000000000000e+02 -7.605584700122910213e+00 -1.690329898681420673e+01 1.800000000000000044e+00
-9.532818147891134686e+00 7.199551178460611434e-02 -3.307499999999940599e+00 4.000000000000000000e+02 -7.604845337424517737e+00 -1.690505962411581464e+01 1.004999999999999893e+00
-9.532189887362452652e+00 7.189263445570563682e-02 -3.309999999999940545e+00 4.000000000000000000e+02 -7.604392048707755869e+00 -1.690710633539905317e+01 4.199999999999999845e-01
-9.531563304641530010e+00 7.157601354285988982e-02 -3.312499999999940492e+00 4.000000000000000000e+02 -7.603203952131655008e+00 -1.690841823882295358e+01 1.939999999999999947e+00
-9.530937934986679849e+00 7.164066525404921837e-02 -3.314999999999940439e+00 4.000000000000000000e+02 -7.598949831676834243e+00 -1.690666411836813054e+01 1.110000000000000098e+00
-9.530311859267843744e+00 7.150911084112654414e-02 -3.317499999999940385e+00 4.000000000000000000e+02 -7.598218949011704026e+00 -1.690843323570300072e+01 1.844999999999999973e+00
-9.529687280859128862e+00 7.135652150564208984e-02 -3.319999999999940332e+00 4.000000000000000000e+02 -7.594893820721938305e+00 -1.690760810741323539e+01 1.120000000000000107e+00
-9.529062577217848329e+00 7.132086882548324680e-02 -3.322499999999940279e+00 4.000000000000000000e+02 -7.592999239278782397e+00 -1.690821352597007987e+01 9.949999999999999956e-01
-9.528438641326388847e+00 7.118591659429450436e-02 -3.324999999999940226e+00 4.000000000000000000e+02 -7.591352799388443096e+00 -1.690906708607974096e+01 1.774999999999999911e+00
-9.527815626330129462e+00 7.126549599167414373e-02 -3.327499999999940172e+00 4.000000000000000000e+02 -7.590651728890712491e+00 -1.691086601558200897e+01 3.850000000000000089e-01
-9.527194117947606955e+00 7.121519333348647063e-02 -3.329999999999940119e+00 4.000000000000000000e+02 -7.590600315906794293e+00 -1.691331460259809205e+01 1.455000000000000071e+00
-9.526574514138994587e+00 7.143077199888012152e-02 -3.332499999999940066e+00 4.000000000000000000e+02 -7.589450604486637886e+00 -1.691466489117793515e+01 1.975000000000000089e+00
-9.525956129304882225e+00 7.143653549046523332e-02 -3.334999999999940012e+00 4.000000000000000000e+02 -7.588721367641579008e+00 -1.691643565433287577e+01 1.669999999999999929e+00
-9.525339219665100998e+00 7.160661196685122465e-02 -3.337499999999939959e+00 4.000000000000000000e+02 -7.587273618040966561e+00 -1.691748790473226549e+01 4.099999999999999756e-01
-9.524723338570568743e+00 7.170893840806272235e-02 -3.339999999999939906e+00 4.000000000000000000e+02 -7.586469794873767825e+00 -1.691918408156506359e+01 1.000000000000000000e+00
-9.524108879347053858e+00 7.170946245596043767e-02 -3.342499999999939853e+00 4.000000000000000000e+02 -7.585730417737840625e+00 -1.692094470442913945e+01 1.580000000000000071e+00
-9.523495877336236148e+00 7.152394576374959678e-02 -3.344999999999939799e+00 4.000000000000000000e+02 -7.582857149645517048e+00 -1.692057143633681449e+01 1.419999999999999929e+00
-9.522883022220161919e+00 7.171274135859546928e-02 -3.347499999999939746e+00 4.000000000000000000e+02 -7.579747152915469854e+00 -1.691996143960676591e+01 1.574999999999999956e+00
-9.522270168855325068e+00 7.156187839462051226e-02 -3.349999999999939693e+00 4.000000000000000000e+02 -7.578609493864189695e+00 -1.692132378055548614e+01 1.600000000000000089e+00
-9.521658524430506532e+00 7.164965973724127246e-02 -3.352499999999939639e+00 4.000000000000000000e+02 -7.577800729170709459e+00 -1.692301501586200629e+01 6.500000000000000222e-02
-9.521048286499436131e+00 7.195092419203769074e-02 -3.354999999999939586e+00 4.000000000000000000e+02 -7.577248299234643270e+00 -1.692496258592593961e+01 4.799999999999999822e-01
-9.520439606970990454e+00 7.153658174408548953e-02 -3.357499999999939533e+00 4.000000000000000000e+02 -7.576192273141098887e+00 -1.692640655983239739e+01 1.800000000000000044e+00
-9.519832175190245493e+00 7.162902711125192223e-02 -3.359999999999939480e+00 4.000000000000000000e+02 -7.574915193967159510e+00 -1.692762948065845663e+01 5.500000000000000444e-01
-9.519225853870276310e+00 7.149527190232922436e-02 -3.362499999999939426e+00 4.000000000000000000e+02 -7.570566516642524668e+00 -1.692578080333382218e+01 1.264999999999999902e+00
-9.518618779044007994e+00 7.158202392831089500e-02 -3.364999999999939373e+00 4.000000000000000000e+02 -7.570402006668290440e+00 -1.692811629335958656e+01 7.449999999999999956e-01
-9.518013487409398010e+00 7.165002549576927893e-02 -3.367499999999939320e+00 4.000000000000000000e+02 -7.568267675071906453e+00 -1.692848196176320386e+01 1.854999999999999982e+00
-9.517408783025970820e+00 7.148687175052487186e-02 -3.369999999999939266e+00 4.000000000000000000e+02 -7.567854322559489866e+00 -1.693056860925078766e+01 1.125000000000000000e+00
-9.516805703436741481e+00 7.123157794029941203e-02 -3.372499999999939213e+00 4.000000000000000000e+02 -7.565750116433953565e+00 -1.693096440312525175e+01 1.504999999999999893e+00
-9.516203225765609730e+00 7.132795186380108676e-02 -3.374999999999939160e+00 4.000000000000000000e+02 -7.564565472419370273e+00 -1.693227975911066707e+01 1.774999999999999911e+00
-9.515601902092161168e+00 7.121411776015450223e-02 -3.377499999999939106e+00 4.000000000000000000e+02 -7.561216770824987776e+00 -1.693143105751628497e+01 9.849999999999999867e-01
-9.515000429690843475e+00 7.182672162944193917e-02 -3.379999999999939053e+00 4.000000000000000000e+02 -7.559906528230372125e+00 -1.693262081492166971e+01 1.280000000000000027e+00
-9.514400033377409471e+00 7.165655155203848325e-02 -3.382499999999939000e+00 4.000000000000000000e+02 -7.558205082161246757e+00 -1.693341936885254384e+01 1.260000000000000009e+00
-9.513800476149746999e+00 7.170975758235546837e-02 -3.384999999999938947e+00 4.000000000000000000e+02 -7.554235820559783932e+00 -1.693195010725107963e+01 4.199999999999999845e-01
-9.513200397414216525e+00 7.143730761221643577e-02 -3.387499999999938893e+00 4.000000000000000000e+02 -7.554111661886589779e+00 -1.693432594857788587e+01 1.195000000000000062e+00
-9.512602101277174427e+00 7.178621839431068019e-02 -3.389999999999938840e+00 4.000000000000000000e+02 -7.551372935101911210e+00 -1.693408722179320591e+01 1.665000000000000036e+00
-9.512004020166108020e+00 7.189650270988096059e-02 -3.392499999999938787e+00 4.000000000000000000e+02 -7.550927762035183122e+00 -1.693614204872648088e+01 1.870000000000000107e+00
-9.511407523133971864e+00 7.209652404636714140e-02 -3.394999999999938733e+00 4.000000000000000000e+02 -7.550714309549579006e+00 -1.693842859624087538e+01 1.334999999999999964e+00
-9.510812742842114531e+00 7.197951885457637422e-02 -3.397499999999938680e+00 4.000000000000000000e+02 -7.547986205061214093e+00 -1.693820049175251086e+01 9.100000000000000311e-01
-9.510218180537009403e+00 7.173953594813825552e-02 -3.399999999999938627e+00 4.000000000000000000e+02 -7.547702151465217391e+00 -1.694041643815651454e+01 1.054999999999999938e+00
-9.509625286413850631e+00 7.182178658834617591e-02 -3.402499999999938574e+00 4.000000000000000000e+02 -7.547674457739038445e+00 -1.694288874443033421e+01 5.350000000000000311e-01
-9.509034206311413939e+00 7.178466473425246241e-02 -3.404999999999938520e+00 4.000000000000000000e+02 -7.546954711678535155e+00 -1.694466899836983131e+01 1.834999999999999964e+00
-9.508444525784078394e+00 7.168525474795010843e-02 -3.407499999999938467e+00 4.000000000000000000e+02 -7.545474748064926906e+00 -1.694568903475622079e+01 1.465000000000000080e+00
-9.507855793432746339e+00 7.160348901430509116e-02 -3.409999999999938414e+00 4.000000000000000000e+02 -7.545339877506854087e+00 -1.694805416419815103e+01 3.950000000000000178e-01
-9.507268797039957420e+00 7.190653834655834353e-02 -3.412499999999938360e+00 4.000000000000000000e+02 -7.545175667590956259e+00 -1.695038995428225093e+01 1.080000000000000071e+00
-9.506683513306223077e+00 7.243635198295188260e-02 -3.414999999999938307e+00 4.000000000000000000e+02 -7.544310911154216370e+00 -1.695202519784551143e+01 1.294999999999999929e+00
-9.506099527390130532e+00 7.231539646819305778e-02 -3.417499999999938254e+00 4.000000000000000000e+02 -7.541406006623708969e+00 -1.695162029331500619e+01 1.989999999999999991e+00
-9.505515646015158637e+00 7.201451961305971317e-02 -3.419999999999938201e+00 4.000000000000000000e+02 -7.540368694036491348e+00 -1.695308298072778541e+01 8.549999999999999822e-01
-9.504932958023921685e+00 7.206810501250150713e-02 -3.422499999999938147e+00 4.000000000000000000e+02 -7.539889961563225995e+00 -1.695510424825452134e+01 1.745000000000000107e+00
-9.504351784912280721e+00 7.234842678550476580e-02 -3.424999999999938094e+00 4.000000000000000000e+02 -7.539115268780520296e+00 -1.695682955547181336e+01 1.949999999999999956e+00
-9.503771950332199125e+00 7.220339571085450381e-02 -3.427499999999938041e+00 4.000000000000000000e+02 -7.539017689738238381e+00 -1.695923197642953184e+01 9.649999999999999689e-01
-9.503193841892089821e+00 7.184309731278308575e-02 -3.429999999999937987e+00 4.000000000000000000e+02 -7.534383203992748967e+00 -1.695709749068404548e+01 4.550000000000000155e-01
-9.502614833257217342e+00 7.155742282194685333e-02 -3.432499999999937934e+00 4.000000000000000000e+02 -7.532081398048001475e+00 -1.695729568473929660e+01 1.260000000000000009e+00
-9.502036274324483500e+00 7.171690453582577063e-02 -3.434999999999937881e+00 4.000000000000000000e+02 -7.529795021970689284e+00 -1.695750930866198303e+01 5.450000000000000400e-01
-9.501458173402324903e+00 7.184750292977998276e-02 -3.437499999999937828e+00 4.000000000000000000e+02 -7.525816608728949753e+00 -1.695603089542024478e+01 1.070000000000000062e+00
-9.500879551925036637e+00 7.185768422697497160e-02 -3.439999999999937774e+00 4.000000000000000000e+02 -7.523131829018653072e+00 -1.695584611570994937e+01 4.349999999999999978e-01
-9.500301158222306697e+00 7.188160378973243447e-02 -3.442499999999937721e+00 4.000000000000000000e+02 -7.519908998871088990e+00 -1.695512328556238302e+01 2.250000000000000056e-01
-9.499722680996573132e+00 7.199537505792115433e-02 -3.444999999999937668e+00 4.000000000000000000e+02 -7.517977810993234478e+00 -1.695569209768452978e+01 7.399999999999999911e-01
-9.499144866879433380e+00 7.217337411311187945e-02 -3.447499999999937614e+00 4.000000000000000000e+02 -7.517172995981031391e+00 -1.695738728267232531e+01 1.860000000000000098e+00
-9.498568364263670460e+00 7.241863149835944813e-02 -3.449999999999937561e+00 4.000000000000000000e+02 -7.516839970792397629e+00 -1.695955425748369194e+01 1.034999999999999920e+00
-9.497993440648285102e+00 7.351531108835862582e-02 -3.452499999999937508e+00 4.000000000000000000e+02 -7.516352573382406810e+00 -1.696156686007370240e+01 1.995000000000000107e+00
-9.497420002313941012e+00 7.322374382379344404e-02 -3.454999999999937454e+00 4.000000000000000000e+02 -7.516129626632955585e+00 -1.696384391332425068e+01 1.475000000000000089e+00
-9.496848195766697032e+00 7.345280253978313245e-02 -3.457499999999937401e+00 4.000000000000000000e+02 -7.515352267179608248e+00 -1.696556655387090373e+01 4.199999999999999845e-01
-9.496277699321600707e+00 7.341702877606551270e-02 -3.459999999999937348e+00 4.000000000000000000e+02 -7.515146195811937879e+00 -1.696786048250323375e+01 1.370000000000000107e+00
-9.495708834218568484e+00 7.326072083177592731e-02 -3.462499999999937295e+00 4.000000000000000000e+02 -7.514494053101036464e+00 -1.696970833979233007e+01 2.049999999999999878e-01
-9.495141341855118711e+00 7.335389290559374276e-02 -3.464999999999937241e+00 4.000000000000000000e+02 -7.513989120846908953e+00 -1.697170340753820383e+01 1.219999999999999973e+00
-9.494575301452298888e+00 7.391364808609060533e-02 -3.467499999999937188e+00 4.000000000000000000e+02 -7.513906091845020008e+00 -1.697412037853631261e+01 3.350000000000000200e-01
-9.494010946562882580e+00 7.398063517095956887e-02 -3.469999999999937135e+00 4.000000000000000000e+02 -7.509343896696580423e+00 -1.697205818338787608e+01 6.850000000000000533e-01
-9.493445745965624738e+00 7.387649032035424612e-02 -3.472499999999937081e+00 4.000000000000000000e+02 -7.509204377046928336e+00 -1.697441866373822350e+01 1.399999999999999911e+00
-9.492882196083220592e+00 7.425938146220560643e-02 -3.474999999999937028e+00 4.000000000000000000e+02 -7.509034693314294628e+00 -1.697674898000558841e+01 9.150000000000000355e-01
-9.492320274223853716e+00 7.404639843101615271e-02 -3.477499999999936975e+00 4.000000000000000000e+02 -7.508743197059600583e+00 -1.697895748375089653e+01 1.094999999999999973e+00
-9.491759906537239999e+00 7.428196306578346841e-02 -3.479999999999936922e+00 4.000000000000000000e+02 -7.508270000607440764e+00 -1.698098428729873532e+01 1.705000000000000071e+00
-9.491200986339451973e+00 7.433235001672862385e-02 -3.482499999999936868e+00 4.000000000000000000e+02 -7.507459421634015584e+00 -1.698267370832530787e+01 1.229999999999999982e+00
-9.490643321023428669e+00 7.459802825591145548e-02 -3.484999999999936815e+00 4.000000000000000000e+02 -7.506566640058160544e+00 -1.698428092674945589e+01 8.299999999999999600e-01
-9.490086861346634706e+00 7.450638749870602817e-02 -3.487499999999936762e+00 4.000000000000000000e+02 -7.506094595081855836e+00 -1.698630888177314802e+01 3.499999999999999778e-01
-9.489531837537150238e+00 7.408301149042820222e-02 -3.489999999999936708e+00 4.000000000000000000e+02 -7.504350392649900670e+00 -1.698706467934119502e+01 1.439999999999999947e+00
-9.488977540586647663e+00 7.413213876789125079e-02 -3.492499999999936655e+00 4.000000000000000000e+02 -7.504026957018188781e+00 -1.698924124370948263e+01 1.549999999999999989e-01
-9.488424754861531696e+00 7.408706705845909124e-02 -3.494999999999936602e+00 4.000000000000000000e+02 -7.502964163509497908e+00 -1.699067845020078948e+01 3.099999999999999978e-01
-9.487873067778815894e+00 7.431242716733850451e-02 -3.497499999999936549e+00 4.000000000000000000e+02 -7.500597987484939999e+00 -1.699081227417623552e+01 1.935000000000000053e+00
-9.487321758649905235e+00 7.414554805465414788e-02 -3.499999999999936495e+00 4.000000000000000000e+02 -7.498395929421917572e+00 -1.699111021611321348e+01 2.700000000000000178e-01
-9.486770917393233304e+00 7.451241677584868883e-02 -3.502499999999936442e+00 4.000000000000000000e+02 -7.495602450920044291e+00 -1.699081673761133970e+01 5.000000000000000104e-03
-9.486220217845319880e+00 7.435935017554555493e-02 -3.504999999999936389e+00 4.000000000000000000e+02 -7.493569279303301300e+00 -1.699128356599459266e+01 3.900000000000000133e-01
-9.485670078210558742e+00 7.442101104455864369e-02 -3.507499999999936335e+00 4.000000000000000000e+02 -7.491047513715468398e+00 -1.699126180040676104e+01 1.635000000000000009e+00
-9.485120229098644273e+00 7.423638575695615249e-02 -3.509999999999936282e+00 4.000000000000000000e+02 -7.490307349863264186e+00 -1.699302163655455900e+01 1.780000000000000027e+00
-9.484571648151744583e+00 7.411337202750033215e-02 -3.512499999999936229e+00 4.000000000000000000e+02 -7.487360739032371981e+00 -1.699257502572366718e+01 4.349999999999999978e-01
-9.484023123125517429e+00 7.423995948841999315e-02 -3.514999999999936175e+00 4.000000000000000000e+02 -7.483772911891453994e+00 -1.699148719858274603e+01 1.239999999999999991e+00
-9.483474302279983448e+00 7.425702481961007906e-02 -3.517499999999936122e+00 4.000000000000000000e+02 -7.482780663451430669e+00 -1.699299495014272310e+01 1.320000000000000062e+00
-9.482926608655722234e+00 7.442042556730057989e-02 -3.519999999999936069e+00 4.000000000000000000e+02 -7.482077006589907597e+00 -1.699479129328120308e+01 5.899999999999999689e-01
-9.482380196991700316e+00 7.430855508323018499e-02 -3.522499999999936016e+00 4.000000000000000000e+02 -7.481744051575085486e+00 -1.699695833826637781e+01 1.235000000000000098e+00
-9.481835265578933303e+00 7.462573095878120844e-02 -3.524999999999935962e+00 4.000000000000000000e+02 -7.481681951322932456e+00 -1.699939623801422428e+01 6.899999999999999467e-01
-9.481291956741948468e+00 7.454365033641993654e-02 -3.527499999999935909e+00 4.000000000000000000e+02 -7.479790832955380608e+00 -1.700000511964667282e+01 1.814999999999999947e+00
-9.480749273370003394e+00 7.475195135050757833e-02 -3.529999999999935856e+00 4.000000000000000000e+02 -7.471721433230318787e+00 -1.699443571992161139e+01 1.219999999999999973e+00
-9.480203855960612103e+00 7.413528624902819553e-02 -3.532499999999935802e+00 4.000000000000000000e+02 -7.467385070019889604e+00 -1.699259935671118171e+01 1.840000000000000080e+00
-9.479657734184582907e+00 7.407286332201096224e-02 -3.534999999999935749e+00 4.000000000000000000e+02 -7.462164450528618431e+00 -1.698987873721991093e+01 1.590000000000000080e+00
-9.479110423901181193e+00 7.427255587656891866e-02 -3.537499999999935696e+00 4.000000000000000000e+02 -7.461925539259429030e+00 -1.699213982595072281e+01 8.399999999999999689e-01
-9.478564648108330104e+00 7.423227662227827039e-02 -3.539999999999935643e+00 4.000000000000000000e+02 -7.460105123320122544e+00 -1.699281941001141405e+01 4.600000000000000200e-01
-9.478019540495516537e+00 7.419643910234169359e-02 -3.542499999999935589e+00 4.000000000000000000e+02 -7.459482633957256859e+00 -1.699469692064855053e+01 3.449999999999999734e-01
-9.477475751513445346e+00 7.446646675220769396e-02 -3.544999999999935536e+00 4.000000000000000000e+02 -7.458525956135177104e+00 -1.699624024282647028e+01 3.099999999999999978e-01
-9.476933095988302469e+00 7.463068284584359335e-02 -3.547499999999935483e+00 4.000000000000000000e+02 -7.458192105537461813e+00 -1.699840639222875183e+01 1.014999999999999902e+00
-9.476391908024867305e+00 7.456276664599045811e-02 -3.549999999999935429e+00 4.000000000000000000e+02 -7.456430095174301442e+00 -1.699914438186559451e+01 1.179999999999999938e+00
-9.475851411707436611e+00 7.448898792353698950e-02 -3.552499999999935376e+00 4.000000000000000000e+02 -7.456351911560742174e+00 -1.700156619825203563e+01 1.665000000000000036e+00
-9.475312513709241102e+00 7.458574961848829510e-02 -3.554999999999935323e+00 4.000000000000000000e+02 -7.454646360739488387e+00 -1.700236064743078046e+01 1.120000000000000107e+00
-9.474774333577164143e+00 7.472154091132211795e-02 -3.557499999999935270e+00 4.000000000000000000e+02 -7.452207678886836995e+00 -1.700242196557812946e+01 7.850000000000000311e-01
-9.474236475899735055e+00 7.481043330058459451e-02 -3.559999999999935216e+00 4.000000000000000000e+02 -7.451985252853964070e+00 -1.700469953954525693e+01 1.094999999999999973e+00
-9.473700129988673169e+00 7.463040308354949859e-02 -3.562499999999935163e+00 4.000000000000000000e+02 -7.451877268737001181e+00 -1.700709155542829265e+01 3.400000000000000244e-01
-9.473165351975788795e+00 7.447049340848675703e-02 -3.564999999999935110e+00 4.000000000000000000e+02 -7.451281107181347174e+00 -1.700899539387263815e+01 1.949999999999999956e+00
-9.472631876145165108e+00 7.408061468579044129e-02 -3.567499999999935056e+00 4.000000000000000000e+02 -7.449699889357925819e+00 -1.700991417604921807e+01 1.739999999999999991e+00
-9.472099174290628198e+00 7.399198120834812875e-02 -3.569999999999935003e+00 4.000000000000000000e+02 -7.449028728721530435e+00 -1.701174301541282219e+01 1.495000000000000107e+00
-9.471567728615413628e+00 7.352273323282602913e-02 -3.572499999999934950e+00 4.000000000000000000e+02 -7.448107528201774130e+00 -1.701332181489306805e+01 1.199999999999999956e+00
-9.471037402941384187e+00 7.324386708998760487e-02 -3.574999999999934897e+00 4.000000000000000000e+02 -7.447202027172883376e+00 -1.701491631386417680e+01 4.099999999999999756e-01
-9.470508202622291094e+00 7.332655659367019740e-02 -3.577499999999934843e+00 4.000000000000000000e+02 -7.446027538730941586e+00 -1.701624182542223451e+01 8.599999999999999867e-01
-9.469979982648723649e+00 7.263486910198856117e-02 -3.579999999999934790e+00 4.000000000000000000e+02 -7.443009971368570454e+00 -1.701572425805986200e+01 3.200000000000000067e-01
-9.469451768300562122e+00 7.222768017990084666e-02 -3.582499999999934737e+00 4.000000000000000000e+02 -7.442631387435942436e+00 -1.701784567412723348e+01 1.399999999999999911e+00
-9.468924951304558135e+00 7.247632633838975436e-02 -3.584999999999934683e+00 4.000000000000000000e+02 -7.440648510661356241e+00 -1.701836279735264768e+01 1.395000000000000018e+00
-9.468398683842425001e+00 7.256184794097271518e-02 -3.587499999999934630e+00 4.000000000000000000e+02 -7.440573529779642925e+00 -1.702078781647093564e+01 1.939999999999999947e+00
-9.467873966849911227e+00 7.242328054433495865e-02 -3.589999999999934577e+00 4.000000000000000000e+02 -7.439045257926533594e+00 -1.702175954461782581e+01 1.594999999999999973e+00
-9.467350034274861770e+00 7.283255688384407400e-02 -3.592499999999934523e+00 4.000000000000000000e+02 -7.438749420521862277e+00 -1.702396370721315577e+01 3.800000000000000044e-01
-9.466827528716983409e+00 7.285836980166633670e-02 -3.594999999999934470e+00 4.000000000000000000e+02 -7.438329883509496199e+00 -1.702604417020078742e+01 1.304999999999999938e+00
-9.466306381102192802e+00 7.293800485885128249e-02 -3.597499999999934417e+00 4.000000000000000000e+02 -7.437142324587873610e+00 -1.702735661127916700e+01 3.850000000000000089e-01
-9.465786187933979079e+00 7.255152745403094239e-02 -3.599999999999934364e+00 4.000000000000000000e+02 -7.436764401997571383e+00 -1.702947868868886161e+01 5.999999999999999778e-01
-9.465267367086553918e+00 7.275472220047311811e-02 -3.602499999999934310e+00 4.000000000000000000e+02 -7.428203093489684328e+00 -1.702341738018097672e+01 4.349999999999999978e-01
-9.464745663449415147e+00 7.248101389894977264e-02 -3.604999999999934257e+00 4.000000000000000000e+02 -7.427502963403097347e+00 -1.702521725009438924e+01 2.700000000000000178e-01
-9.464225169266029525e+00 7.260658713565001920e-02 -3.607499999999934204e+00 4.000000000000000000e+02 -7.424093388491298739e+00 -1.702430767518259103e+01 1.064999999999999947e+00
-9.463704472581712324e+00 7.255223748603509271e-02 -3.609999999999934150e+00 4.000000000000000000e+02 -7.423211862914794068e+00 -1.702592614960608586e+01 1.300000000000000044e+00
-9.463184888277165641e+00 7.234259304500632870e-02 -3.612499999999934097e+00 4.000000000000000000e+02 -7.423077381757236637e+00 -1.702829166844852793e+01 1.320000000000000062e+00
-9.462666800478851670e+00 7.212457165293040262e-02 -3.614999999999934044e+00 4.000000000000000000e+02 -7.420612084397136599e+00 -1.702832637108842562e+01 1.850000000000000089e+00
-9.462148998921261267e+00 7.211484262239283016e-02 -3.617499999999933991e+00 4.000000000000000000e+02 -7.419948811333059169e+00 -1.703016309802435302e+01 6.600000000000000311e-01
-9.461632414793543333e+00 7.197267908042184748e-02 -3.619999999999933937e+00 4.000000000000000000e+02 -7.419249708326292492e+00 -1.703196399501758407e+01 1.465000000000000080e+00
-9.461117026145551279e+00 7.203308329770048701e-02 -3.622499999999933884e+00 4.000000000000000000e+02 -7.417950868560726718e+00 -1.703316515525201780e+01 1.995000000000000107e+00
-9.460602521201140647e+00 7.187336288762730119e-02 -3.624999999999933831e+00 4.000000000000000000e+02 -7.417411674429013502e+00 -1.703512596112030408e+01 4.249999999999999889e-01
-9.460089287915097955e+00 7.216387885378423850e-02 -3.627499999999933777e+00 4.000000000000000000e+02 -7.414366888684476464e+00 -1.703458117537576655e+01 1.145000000000000018e+00
-9.459576038439182710e+00 7.216342053218416375e-02 -3.629999999999933724e+00 4.000000000000000000e+02 -7.413650326741035634e+00 -1.703636461343232611e+01 1.979999999999999982e+00
-9.459063966082926100e+00 7.213026003340741732e-02 -3.632499999999933671e+00 4.000000000000000000e+02 -7.413383246111871827e+00 -1.703859753280316269e+01 1.510000000000000009e+00
-9.458553297075233957e+00 7.207381261169720776e-02 -3.634999999999933618e+00 4.000000000000000000e+02 -7.413379307263888940e+00 -1.704109359395517842e+01 9.899999999999999911e-01
-9.458044160815207491e+00 7.210910597609213046e-02 -3.637499999999933564e+00 4.000000000000000000e+02 -7.413340030624206101e+00 -1.704355431731549686e+01 1.919999999999999929e+00
-9.457536533992165317e+00 7.202373506988662966e-02 -3.639999999999933511e+00 4.000000000000000000e+02 -7.412696326797381552e+00 -1.704541061348867359e+01 1.100000000000000089e+00
-9.457030105439173440e+00 7.234619821979730581e-02 -3.642499999999933458e+00 4.000000000000000000e+02 -7.410966503699935259e+00 -1.704618079039122591e+01 1.770000000000000018e+00
-9.456524322819777950e+00 7.207777028074957570e-02 -3.644999999999933404e+00 4.000000000000000000e+02 -7.410321025419470686e+00 -1.704803531211076262e+01 2.000000000000000111e-01
-9.456019732292750390e+00 7.221823008970537638e-02 -3.647499999999933351e+00 4.000000000000000000e+02 -7.410007064928489484e+00 -1.705022135161977914e+01 1.614999999999999991e+00
-9.455516497266202691e+00 7.227424653323806514e-02 -3.649999999999933298e+00 4.000000000000000000e+02 -7.409899085979589017e+00 -1.705261337267087995e+01 1.985000000000000098e+00
-9.455014716761816373e+00 7.238884253383441603e-02 -3.652499999999933245e+00 4.000000000000000000e+02 -7.408872987317705494e+00 -1.705408727400899593e+01 1.790000000000000036e+00
-9.454513926389456202e+00 7.232982418987279893e-02 -3.654999999999933191e+00 4.000000000000000000e+02 -7.407654981306795783e+00 -1.705536926799808484e+01 1.695000000000000062e+00
-9.454014027800058173e+00 7.221470016773026690e-02 -3.657499999999933138e+00 4.000000000000000000e+02 -7.406717724842097894e+00 -1.705693201153339089e+01 4.450000000000000067e-01
-9.453515159002984447e+00 7.240954440897184874e-02 -3.659999999999933085e+00 4.000000000000000000e+02 -7.406621074377744307e+00 -1.705933536106903503e+01 9.150000000000000355e-01
-9.453017735573647329e+00 7.275645437275846117e-02 -3.662499999999933031e+00 4.000000000000000000e+02 -7.405713617643479019e+00 -1.706092790433476836e+01 8.449999999999999734e-01
-9.452521350399395672e+00 7.267694137145075395e-02 -3.664999999999932978e+00 4.000000000000000000e+02 -7.405077230531857069e+00 -1.706279151722314680e+01 7.700000000000000178e-01
-9.452026135022274289e+00 7.236823520705269741e-02 -3.667499999999932925e+00 4.000000000000000000e+02 -7.404788691778830589e+00 -1.706500297847011893e+01 6.199999999999999956e-01
-9.451532257890184141e+00 7.237585017680804589e-02 -3.669999999999932871e+00 4.000000000000000000e+02 -7.404609119548842600e+00 -1.706732340624013489e+01 4.000000000000000083e-02
-9.451039768383207473e+00 7.241675190144075680e-02 -3.672499999999932818e+00 4.000000000000000000e+02 -7.402523093824033396e+00 -1.706773738051532519e+01 1.300000000000000044e-01
-9.450547724988096476e+00 7.256953708417113180e-02 -3.674999999999932765e+00 4.000000000000000000e+02 -7.402263655349979210e+00 -1.706997794204126961e+01 1.314999999999999947e+00
-9.450057023988401639e+00 7.243939330035209512e-02 -3.677499999999932712e+00 4.000000000000000000e+02 -7.402178330975441867e+00 -1.707239261766673266e+01 1.090000000000000080e+00
-9.449567746242657051e+00 7.255966415465492370e-02 -3.679999999999932658e+00 4.000000000000000000e+02 -7.399613612779091021e+00 -1.707232789947038043e+01 5.000000000000000278e-02
-9.449078676129584409e+00 7.241016555804880017e-02 -3.682499999999932605e+00 4.000000000000000000e+02 -7.398227281838994251e+00 -1.707344156853028494e+01 2.449999999999999956e-01
-9.448590389049332572e+00 7.225891478133288082e-02 -3.684999999999932552e+00 4.000000000000000000e+02 -7.393726062312317104e+00 -1.707144034900360552e+01 9.100000000000000311e-01
-9.448101362845337192e+00 7.218094215691835125e-02 -3.687499999999932498e+00 4.000000000000000000e+02 -7.392804678772433746e+00 -1.707301896546372433e+01 1.310000000000000053e+00
-9.447613346481745111e+00 7.196421568818288372e-02 -3.689999999999932445e+00 4.000000000000000000e+02 -7.392498742623021535e+00 -1.707521302931431251e+01 1.260000000000000009e+00
-9.447126636945419875e+00 7.192318729407540245e-02 -3.692499999999932392e+00 4.000000000000000000e+02 -7.387555179549242013e+00 -1.707276946624052982e+01 1.050000000000000044e+00
-9.446638974289756518e+00 7.201559792188809428e-02 -3.694999999999932339e+00 4.000000000000000000e+02 -7.386282125736594040e+00 -1.707399641242788135e+01 6.999999999999999556e-01
-9.446152146865044230e+00 7.190683776124219551e-02 -3.697499999999932285e+00 4.000000000000000000e+02 -7.385046165816119945e+00 -1.707526045250741120e+01 5.300000000000000266e-01
-9.445666170857991872e+00 7.202683025788426951e-02 -3.699999999999932232e+00 4.000000000000000000e+02 -7.384926804691522406e+00 -1.707764109138281228e+01 1.650000000000000078e-01
-9.445181585625149978e+00 7.193938831627101627e-02 -3.702499999999932179e+00 4.000000000000000000e+02 -7.384513408859762151e+00 -1.707972769555104975e+01 3.200000000000000067e-01
-9.444698244451616986e+00 7.198028435395853464e-02 -3.704999999999932125e+00 4.000000000000000000e+02 -7.383839653545949844e+00 -1.708155394023723872e+01 1.465000000000000080e+00
-9.444216018039094607e+00 7.185428623854715757e-02 -3.707499999999932072e+00 4.000000000000000000e+02 -7.380874911248028525e+00 -1.708108919793931690e+01 1.725000000000000089e+00
-9.443733800055767347e+00 7.178244854092828697e-02 -3.709999999999932019e+00 4.000000000000000000e+02 -7.378655254459065560e+00 -1.708136954115035522e+01 7.500000000000000000e-01
-9.443251949564446690e+00 7.180186350863210221e-02 -3.712499999999931966e+00 4.000000000000000000e+02 -7.376905977478976695e+00 -1.708212026417026408e+01 1.034999999999999920e+00
-9.442770692480603856e+00 7.180650280181992418e-02 -3.714999999999931912e+00 4.000000000000000000e+02 -7.376356965061017235e+00 -1.708407125175230590e+01 4.050000000000000266e-01
-9.442290604228782414e+00 7.200550319843669611e-02 -3.717499999999931859e+00 4.000000000000000000e+02 -7.376003606694961690e+00 -1.708621789338625163e+01 3.900000000000000133e-01
-9.441811775082861402e+00 7.186096767985690470e-02 -3.719999999999931806e+00 4.000000000000000000e+02 -7.375318296948815799e+00 -1.708803258364010702e+01 1.989999999999999991e+00
-9.441334042620480815e+00 7.172037510143655648e-02 -3.722499999999931752e+00 4.000000000000000000e+02 -7.374405861484607527e+00 -1.708962014817589647e+01 1.219999999999999973e+00
-9.440857295564436313e+00 7.190007271711286452e-02 -3.724999999999931699e+00 4.000000000000000000e+02 -7.372268902052072193e+00 -1.708998318874336064e+01 1.814999999999999947e+00
-9.440380948611302614e+00 7.165498190456638661e-02 -3.727499999999931646e+00 4.000000000000000000e+02 -7.371452906717935960e+00 -1.709166719340922214e+01 1.229999999999999982e+00
-9.439905629380030305e+00 7.159020538494900721e-02 -3.729999999999931592e+00 4.000000000000000000e+02 -7.371108373772846889e+00 -1.709382266046413434e+01 1.435000000000000053e+00
-9.439431558672696454e+00 7.160422488813202035e-02 -3.732499999999931539e+00 4.000000000000000000e+02 -7.370737733897281707e+00 -1.709595202058856955e+01 1.790000000000000036e+00
-9.438958720279094550e+00 7.166896316941782918e-02 -3.734999999999931486e+00 4.000000000000000000e+02 -7.366703834908897797e+00 -1.709441812160018515e+01 2.000000000000000000e+00
-9.438485380027822558e+00 7.145679301910133618e-02 -3.737499999999931433e+00 4.000000000000000000e+02 -7.366563937596853684e+00 -1.709677822428814409e+01 1.149999999999999911e+00
-9.438013378744832593e+00 7.126678277966640163e-02 -3.739999999999931379e+00 4.000000000000000000e+02 -7.363048381067885728e+00 -1.709576266775917475e+01 3.549999999999999822e-01
-9.437541120893918389e+00 7.104937817527351429e-02 -3.742499999999931326e+00 4.000000000000000000e+02 -7.362190837671564125e+00 -1.709740512436285087e+01 6.049999999999999822e-01
-9.437069860443243030e+00 7.118300504549202046e-02 -3.744999999999931273e+00 4.000000000000000000e+02 -7.361387596501876018e+00 -1.709910188319316404e+01 1.540000000000000036e+00
-9.436599620347651651e+00 7.109299373656606524e-02 -3.747499999999931219e+00 4.000000000000000000e+02 -7.359736852697275289e+00 -1.709995113938856193e+01 8.599999999999999867e-01
-9.436130000177366028e+00 7.104474866482898832e-02 -3.749999999999931166e+00 4.000000000000000000e+02 -7.359478171610313701e+00 -1.710219245830160162e+01 1.469999999999999973e+00
-9.435661651096967972e+00 7.077392509948501886e-02 -3.752499999999931113e+00 4.000000000000000000e+02 -7.359383891760782781e+00 -1.710459817845207198e+01 1.209999999999999964e+00
-9.435194645837947647e+00 7.070017077474589906e-02 -3.754999999999931060e+00 4.000000000000000000e+02 -7.358280175433443482e+00 -1.710599446212473040e+01 1.395000000000000018e+00
-9.434728509731886703e+00 7.070274429644775316e-02 -3.757499999999931006e+00 4.000000000000000000e+02 -7.357608872403123890e+00 -1.710782315909441209e+01 1.659999999999999920e+00
-9.434263441855502919e+00 7.090976981749898267e-02 -3.759999999999930953e+00 4.000000000000000000e+02 -7.355864535051792608e+00 -1.710857882174308031e+01 9.899999999999999911e-01
-9.433798941223543011e+00 7.087044454398953863e-02 -3.762499999999930900e+00 4.000000000000000000e+02 -7.354621939246314355e+00 -1.710983622593760245e+01 3.500000000000000333e-02
-9.433335239543993112e+00 7.047874070144112546e-02 -3.764999999999930846e+00 4.000000000000000000e+02 -7.354060294482972715e+00 -1.711177458117425942e+01 1.004999999999999893e+00
-9.432872650108313550e+00 7.055268872516341772e-02 -3.767499999999930793e+00 4.000000000000000000e+02 -7.351911792221535791e+00 -1.711212607891282289e+01 1.104999999999999982e+00
-9.432410437020530836e+00 7.057513437564100212e-02 -3.769999999999930740e+00 4.000000000000000000e+02 -7.349705222019204065e+00 -1.711241950871049156e+01 4.949999999999999956e-01
-9.431948572988238411e+00 7.056089722111666407e-02 -3.772499999999930687e+00 4.000000000000000000e+02 -7.349244579155630674e+00 -1.711445886584692033e+01 5.050000000000000044e-01
-9.431487862470769201e+00 7.044816027562239569e-02 -3.774999999999930633e+00 4.000000000000000000e+02 -7.347581279487244821e+00 -1.711529556617853132e+01 1.064999999999999947e+00
-9.431027749159138551e+00 7.041937521451076265e-02 -3.777499999999930580e+00 4.000000000000000000e+02 -7.347439674725514180e+00 -1.711765396141680284e+01 8.750000000000000000e-01
-9.430568930557917895e+00 7.041774586076914033e-02 -3.779999999999930527e+00 4.000000000000000000e+02 -7.347376186148768085e+00 -1.712009047284005447e+01 1.379999999999999893e+00
-9.430111438163311988e+00 7.031449860415575626e-02 -3.782499999999930473e+00 4.000000000000000000e+02 -7.345439827680588785e+00 -1.712065411437187734e+01 1.000000000000000000e+00
-9.429654412584595136e+00 7.063699780361118452e-02 -3.784999999999930420e+00 4.000000000000000000e+02 -7.344623863670468822e+00 -1.712233815036175599e+01 7.349999999999999867e-01
-9.429198364256137666e+00 7.056002862529651976e-02 -3.787499999999930367e+00 4.000000000000000000e+02 -7.341067843490697520e+00 -1.712128213018198508e+01 8.449999999999999734e-01
-9.428742042291860415e+00 7.052140173243003074e-02 -3.789999999999930314e+00 4.000000000000000000e+02 -7.334968121850382161e+00 -1.711768240854166834e+01 6.600000000000000311e-01
-9.428284283997227178e+00 7.043482944703101378e-02 -3.792499999999930260e+00 4.000000000000000000e+02 -7.333190315531120440e+00 -1.711840460222240878e+01 1.574999999999999956e+00
-9.427827065393469042e+00 7.021751998094727387e-02 -3.794999999999930207e+00 4.000000000000000000e+02 -7.331985410502281475e+00 -1.711969969719356754e+01 4.749999999999999778e-01
-9.427370647095868250e+00 7.004762555103052901e-02 -3.797499999999930154e+00 4.000000000000000000e+02 -7.330949643294253804e+00 -1.712116392998554204e+01 1.049999999999999961e-01
-9.426915104377817656e+00 6.991599105258269886e-02 -3.799999999999930100e+00 4.000000000000000000e+02 -7.330830741110449189e+00 -1.712354502780173604e+01 7.049999999999999600e-01
-9.426460851746634617e+00 6.970438142079032895e-02 -3.802499999999930047e+00 4.000000000000000000e+02 -7.329943936127732762e+00 -1.712515822281902089e+01 6.850000000000000533e-01
-9.426007537076227294e+00 6.970109183504906436e-02 -3.804999999999929994e+00 4.000000000000000000e+02 -7.329849316993660047e+00 -1.712756360368494768e+01 2.250000000000000056e-01
-9.425555516151511881e+00 6.986578004559611255e-02 -3.807499999999929940e+00 4.000000000000000000e+02 -7.329680060223274118e+00 -1.712989434691456125e+01 1.150000000000000050e-01
-9.425104751062805875e+00 7.013303194212520963e-02 -3.809999999999929887e+00 4.000000000000000000e+02 -7.327568175686446139e+00 -1.713028246237773544e+01 1.534999999999999920e+00
-9.424654363868498308e+00 7.048619020798317647e-02 -3.812499999999929834e+00 4.000000000000000000e+02 -7.326991915315695714e+00 -1.713220620200698363e+01 1.645000000000000018e+00
-9.424205044442311774e+00 7.052322387891005184e-02 -3.814999999999929781e+00 4.000000000000000000e+02 -7.323448181196969387e+00 -1.713116246788825592e+01 3.350000000000000200e-01
-9.423755457914710476e+00 7.063118821425246052e-02 -3.817499999999929727e+00 4.000000000000000000e+02 -7.321697767810215751e+00 -1.713191205450150534e+01 7.449999999999999956e-01
-9.423306410075111827e+00 7.059502036005246839e-02 -3.819999999999929674e+00 4.000000000000000000e+02 -7.321463803809626469e+00 -1.713417809050091378e+01 2.750000000000000222e-01
-9.422858579511837362e+00 7.077515245240838249e-02 -3.822499999999929621e+00 4.000000000000000000e+02 -7.320806294055882013e+00 -1.713602058074716794e+01 7.700000000000000178e-01
-9.422411773221710973e+00 7.060799834088651861e-02 -3.824999999999929567e+00 4.000000000000000000e+02 -7.319596199726782437e+00 -1.713731048641806964e+01 5.350000000000000311e-01
-9.421965742059102311e+00 7.061633765203488566e-02 -3.827499999999929514e+00 4.000000000000000000e+02 -7.319327894519098265e+00 -1.713954218121038409e+01 2.000000000000000042e-02
-9.421520903382820222e+00 7.076131541015941162e-02 -3.829999999999929461e+00 4.000000000000000000e+02 -7.317704488335223800e+00 -1.714041877502651090e+01 1.179999999999999938e+00
-9.421076652012139618e+00 7.081104023377492174e-02 -3.832499999999929408e+00 4.000000000000000000e+02 -7.313949573343579758e+00 -1.713916386003486636e+01 1.020000000000000018e+00
-9.420632040437100230e+00 7.051979098488235509e-02 -3.834999999999929354e+00 4.000000000000000000e+02 -7.308777213019502561e+00 -1.713649149971078955e+01 4.149999999999999800e-01
-9.420186437495981835e+00 7.065656033234071765e-02 -3.837499999999929301e+00 4.000000000000000000e+02 -7.306357324330849501e+00 -1.713657161102213777e+01 1.824999999999999956e+00
-9.419741068700970388e+00 7.051925634275395260e-02 -3.839999999999929248e+00 4.000000000000000000e+02 -7.304652768319021661e+00 -1.713736705501030855e+01 5.350000000000000311e-01
-9.419296252059732311e+00 7.051598288427568528e-02 -3.842499999999929194e+00 4.000000000000000000e+02 -7.304379800089006558e+00 -1.713959408678029206e+01 9.649999999999999689e-01
-9.418852622051590018e+00 7.054153296426711461e-02 -3.844999999999929141e+00 4.000000000000000000e+02 -7.295409396889866116e+00 -1.713312368358115378e+01 1.499999999999999944e-01
-9.418406310911388246e+00 7.064187211200630145e-02 -3.847499999999929088e+00 4.000000000000000000e+02 -7.291796282944410734e+00 -1.713201056963569613e+01 1.400000000000000133e-01
-9.417959702136890598e+00 7.111207759056975553e-02 -3.849999999999929035e+00 4.000000000000000000e+02 -7.290005787638458301e+00 -1.713272007432974675e+01 2.200000000000000011e-01
-9.417513609279376752e+00 7.096964899175987884e-02 -3.852499999999928981e+00 4.000000000000000000e+02 -7.287438742737623265e+00 -1.713265302942890855e+01 3.200000000000000067e-01
-9.417067685442718883e+00 7.101563220394807585e-02 -3.854999999999928928e+00 4.000000000000000000e+02 -7.284662887749032478e+00 -1.713237717444031816e+01 3.150000000000000022e-01
-9.416621837420464658e+00 7.096363291308978305e-02 -3.857499999999928875e+00 4.000000000000000000e+02 -7.282372964721002262e+00 -1.713258725141228922e+01 1.235000000000000098e+00
-9.416176281680062488e+00 7.095877618857944491e-02 -3.859999999999928821e+00 4.000000000000000000e+02 -7.282222664536670997e+00 -1.713493695122795657e+01 1.370000000000000107e+00
-9.415731969366520460e+00 7.124258744147334010e-02 -3.862499999999928768e+00 4.000000000000000000e+02 -7.281312025666822230e+00 -1.713652631235810730e+01 4.699999999999999734e-01
-9.415288559520858414e+00 7.123174293613428187e-02 -3.864999999999928715e+00 4.000000000000000000e+02 -7.278156831954681216e+00 -1.713587111864596579e+01 1.300000000000000044e+00
-9.414845055779023753e+00 7.118644152694869609e-02 -3.867499999999928662e+00 4.000000000000000000e+02 -7.277007968646302949e+00 -1.713722225533758703e+01 1.675000000000000044e+00
-9.414402347077160726e+00 7.114468358989198271e-02 -3.869999999999928608e+00 4.000000000000000000e+02 -7.273556617951463465e+00 -1.713627090464274971e+01 6.049999999999999822e-01
-9.413959413187658498e+00 7.107661771761841774e-02 -3.872499999999928555e+00 4.000000000000000000e+02 -7.272343866486463249e+00 -1.713755815317774989e+01 1.649999999999999911e+00
-9.413517244822743990e+00 7.091590132580202765e-02 -3.874999999999928502e+00 4.000000000000000000e+02 -7.265988591315983847e+00 -1.713370287800726999e+01 1.985000000000000098e+00
-9.413073565046881086e+00 7.075559137235676310e-02 -3.877499999999928448e+00 4.000000000000000000e+02 -7.265765579854448042e+00 -1.713597986654573546e+01 1.620000000000000107e+00
-9.412631090469293582e+00 7.038913458076095919e-02 -3.879999999999928395e+00 4.000000000000000000e+02 -7.265306062179595514e+00 -1.713802034887088155e+01 1.739999999999999991e+00
-9.412189712932073959e+00 7.038102695188951097e-02 -3.882499999999928342e+00 4.000000000000000000e+02 -7.260034015746928304e+00 -1.713524830243821384e+01 1.300000000000000044e+00
-9.411747305718025203e+00 7.090392350058247195e-02 -3.884999999999928288e+00 4.000000000000000000e+02 -7.259693960966172810e+00 -1.713740824765745785e+01 1.739999999999999991e+00
-9.411306048053079465e+00 7.078794750985088757e-02 -3.887499999999928235e+00 4.000000000000000000e+02 -7.258764617477712733e+00 -1.713897890416899727e+01 1.995000000000000107e+00
-9.410865677072973057e+00 7.096026713775206718e-02 -3.889999999999928182e+00 4.000000000000000000e+02 -7.258114126570475833e+00 -1.714082841326176165e+01 1.969999999999999973e+00
-9.410426313114685470e+00 7.094715355372681331e-02 -3.892499999999928129e+00 4.000000000000000000e+02 -7.254806250636339549e+00 -1.714002053732762576e+01 1.020000000000000018e+00
-9.409986787251263252e+00 7.094884799778429507e-02 -3.894999999999928075e+00 4.000000000000000000e+02 -7.254306205918702233e+00 -1.714202049260998706e+01 2.250000000000000056e-01
-9.409548332061397957e+00 7.063883691429016787e-02 -3.897499999999928022e+00 4.000000000000000000e+02 -7.252330768324576127e+00 -1.714254505501586223e+01 1.010000000000000009e+00
-9.409110298815928530e+00 7.090013279107411359e-02 -3.899999999999927969e+00 4.000000000000000000e+02 -7.251635925399237514e+00 -1.714435021209052223e+01 4.099999999999999756e-01
-9.408673246846699811e+00 7.111129858195988640e-02 -3.902499999999927915e+00 4.000000000000000000e+02 -7.248903157135732300e+00 -1.714411744382701741e+01 3.549999999999999822e-01
-9.408236284131445970e+00 7.080876214548474656e-02 -3.904999999999927862e+00 4.000000000000000000e+02 -7.247731931850907472e+00 -1.714544621854219031e+01 1.245000000000000107e+00
-9.407800092128725922e+00 7.067731187039148766e-02 -3.907499999999927809e+00 4.000000000000000000e+02 -7.246898414367031194e+00 -1.714711270105831531e+01 1.754999999999999893e+00
-9.407364816132863794e+00 7.061277973757823512e-02 -3.909999999999927756e+00 4.000000000000000000e+02 -7.244816799752858749e+00 -1.714753108644414326e+01 1.590000000000000080e+00
-9.406929911475998551e+00 7.057338433874990602e-02 -3.912499999999927702e+00 4.000000000000000000e+02 -7.239772591008316382e+00 -1.714498687769960128e+01 2.949999999999999845e-01
-9.406494088704883794e+00 7.057112134243385959e-02 -3.914999999999927649e+00 4.000000000000000000e+02 -7.237374743410864397e+00 -1.714508903010214880e+01 8.950000000000000178e-01
-9.406058500281501367e+00 7.064590355009124634e-02 -3.917499999999927596e+00 4.000000000000000000e+02 -7.236654031789977459e+00 -1.714686831848126403e+01 1.875000000000000000e+00
-9.405623875355777486e+00 7.082750448354384332e-02 -3.919999999999927542e+00 4.000000000000000000e+02 -7.235936427963293838e+00 -1.714865071465457902e+01 1.245000000000000107e+00
-9.405190212726671106e+00 7.081648648439807514e-02 -3.922499999999927489e+00 4.000000000000000000e+02 -7.233816421545176567e+00 -1.714903070823645947e+01 8.850000000000000089e-01
-9.404756902729939583e+00 7.072135203292079231e-02 -3.924999999999927436e+00 4.000000000000000000e+02 -7.233684985294806857e+00 -1.715139927198609016e+01 8.649999999999999911e-01
-9.404324804851954767e+00 7.052592570393442784e-02 -3.927499999999927383e+00 4.000000000000000000e+02 -7.232445009372681533e+00 -1.715265929606396611e+01 1.564999999999999947e+00
-9.403893437360473229e+00 7.090594830371185764e-02 -3.929999999999927329e+00 4.000000000000000000e+02 -7.231989069325762465e+00 -1.715470335601704832e+01 8.199999999999999512e-01
-9.403463136137929723e+00 7.095415140927291420e-02 -3.932499999999927276e+00 4.000000000000000000e+02 -7.230712236763484846e+00 -1.715592652345477021e+01 5.649999999999999467e-01
-9.403033545664406745e+00 7.078937305431244609e-02 -3.934999999999927223e+00 4.000000000000000000e+02 -7.230135042277490598e+00 -1.715784932896877280e+01 1.175000000000000044e+00
-9.402604964353825423e+00 7.091566215004639628e-02 -3.937499999999927169e+00 4.000000000000000000e+02 -7.229551890966239291e+00 -1.715976617765752366e+01 1.385000000000000009e+00
-9.402177386858186381e+00 7.084502479406505626e-02 -3.939999999999927116e+00 4.000000000000000000e+02 -7.228140856892738775e+00 -1.716085514358402264e+01 7.249999999999999778e-01
-9.401750457172646236e+00 7.093765383134691127e-02 -3.942499999999927063e+00 4.000000000000000000e+02 -7.225488826298869682e+00 -1.716070311299015572e+01 1.689999999999999947e+00
-9.401323644808520896e+00 7.088232889292538086e-02 -3.944999999999927009e+00 4.000000000000000000e+02 -7.222875131404132176e+00 -1.716058941809541594e+01 1.889999999999999902e+00
-9.400896966037379343e+00 7.101840974409560914e-02 -3.947499999999926956e+00 4.000000000000000000e+02 -7.221840001899912487e+00 -1.716205428859119664e+01 2.800000000000000266e-01
-9.400471093415644575e+00 7.108743493908628586e-02 -3.949999999999926903e+00 4.000000000000000000e+02 -7.221548085463369127e+00 -1.716426237215465278e+01 1.435000000000000053e+00
-9.400046340809858236e+00 7.110919076126498428e-02 -3.952499999999926850e+00 4.000000000000000000e+02 -7.219293299212956150e+00 -1.716450758590423931e+01 7.000000000000000666e-02
-9.399621872618354246e+00 7.110649811359445738e-02 -3.954999999999926796e+00 4.000000000000000000e+02 -7.215182374346483130e+00 -1.716289666103776668e+01 1.179999999999999938e+00
-9.399196900621914708e+00 7.118646081667609482e-02 -3.957499999999926743e+00 4.000000000000000000e+02 -7.214769012662541670e+00 -1.716498329935382827e+01 1.400000000000000133e-01
-9.398772994424328786e+00 7.112908314648618002e-02 -3.959999999999926690e+00 4.000000000000000000e+02 -7.210860154469555638e+00 -1.716357444116083997e+01 4.550000000000000155e-01
-9.398348670582413078e+00 7.129595036783327455e-02 -3.962499999999926636e+00 4.000000000000000000e+02 -7.210712368596100319e+00 -1.716592665528738593e+01 1.439999999999999947e+00
-9.397925523008792581e+00 7.142743612210306070e-02 -3.964999999999926583e+00 4.000000000000000000e+02 -7.210710577210063477e+00 -1.716842486390134681e+01 1.254999999999999893e+00
-9.397503609535712954e+00 7.177382297583065340e-02 -3.967499999999926530e+00 4.000000000000000000e+02 -7.210322979438726243e+00 -1.717053726613000819e+01 4.600000000000000200e-01
-9.397082763746110956e+00 7.177320978008565333e-02 -3.969999999999926477e+00 4.000000000000000000e+02 -7.210248917094750354e+00 -1.717296320378603269e+01 1.669999999999999929e+00
-9.396663114058659616e+00 7.169400922233899742e-02 -3.972499999999926423e+00 4.000000000000000000e+02 -7.209881094611422903e+00 -1.717509538130270741e+01 7.499999999999999722e-02
-9.396244533655710995e+00 7.185913992243062043e-02 -3.974999999999926370e+00 4.000000000000000000e+02 -7.209384714590208354e+00 -1.717709900128149059e+01 4.149999999999999800e-01
-9.395826965700049271e+00 7.169989292468936792e-02 -3.977499999999926317e+00 4.000000000000000000e+02 -7.208000874035218608e+00 -1.717821516072650212e+01 7.099999999999999645e-01
-9.395410037555540939e+00 7.177513922895435716e-02 -3.979999999999926263e+00 4.000000000000000000e+02 -7.207226712653538314e+00 -1.717994099934482222e+01 1.800000000000000044e+00
-9.394994001648720783e+00 7.191174709234771090e-02 -3.982499999999926210e+00 4.000000000000000000e+02 -7.204525830279357557e+00 -1.717974011697064185e+01 3.049999999999999933e-01
-9.394578055225254687e+00 7.199266791152111877e-02 -3.984999999999926157e+00 4.000000000000000000e+02 -7.203030562030708239e+00 -1.718074484872199292e+01 2.949999999999999845e-01
-9.394162699185617527e+00 7.192767313901383963e-02 -3.987499999999926104e+00 4.000000000000000000e+02 -7.199743907921344999e+00 -1.717995819461262741e+01 7.750000000000000222e-01
-9.393747188928491809e+00 7.185898989014376237e-02 -3.989999999999926050e+00 4.000000000000000000e+02 -7.199209114882589411e+00 -1.718192340157387221e+01 1.084999999999999964e+00
-9.393332666502452355e+00 7.206306232973691550e-02 -3.992499999999925997e+00 4.000000000000000000e+02 -7.196032656514548265e+00 -1.718124694320583146e+01 1.889999999999999902e+00
-9.392918035506379937e+00 7.201124687292304039e-02 -3.994999999999925944e+00 4.000000000000000000e+02 -7.195404388917512328e+00 -1.718311867560879591e+01 1.975000000000000089e+00
-9.392504351228698312e+00 7.216198440024336469e-02 -3.997499999999925890e+00 4.000000000000000000e+02 -7.192493088966654291e+00 -1.718270737565793738e+01 7.099999999999999645e-01
-9.392090667937170068e+00 7.194857077276645141e-02 -3.999999999999925837e+00 4.000000000000000000e+02 -7.188964759702703766e+00 -1.718167904639398813e+01 7.700000000000000178e-01
-9.391676730351347757e+00 7.190193762779982511e-02 -4.002499999999925784e+00 4.000000000000000000e+02 -7.187464202873501407e+00 -1.718267848956478616e+01 1.449999999999999900e-01
-9.391263377282873748e+00 7.190525031902761377e-02 -4.004999999999926175e+00 4.000000000000000000e+02 -7.186285297365587077e+00 -1.718399958405687045e+01 1.659999999999999920e+00
-9.390850740384465212e+00 7.181997224763490839e-02 -4.007499999999926565e+00 4.000000000000000000e+02 -7.175036964254502436e+00 -1.717525125094578442e+01 5.050000000000000044e-01
-9.390434650212998946e+00 7.195560826291987067e-02 -4.009999999999926956e+00 4.000000000000000000e+02 -7.174534411189751104e+00 -1.717724869788103348e+01 1.375000000000000000e+00
-9.390019562871534831e+00 7.204892127023224124e-02 -4.012499999999927347e+00 4.000000000000000000e+02 -7.167881395197720273e+00 -1.717309568188900570e+01 1.800000000000000044e+00
-9.389602921383549017e+00 7.171427422938232710e-02 -4.014999999999927738e+00 4.000000000000000000e+02 -7.166811635041641537e+00 -1.717452592173292913e+01 6.250000000000000000e-01
-9.389187048512974698e+00 7.174861243138584699e-02 -4.017499999999928129e+00 4.000000000000000000e+02 -7.159183648867104566e+00 -1.716939793555838989e+01 7.299999999999999822e-01
-9.388769211788345004e+00 7.161639698890817640e-02 -4.019999999999928519e+00 4.000000000000000000e+02 -7.157516466545042810e+00 -1.717023075323632852e+01 2.349999999999999867e-01
-9.388351897197459550e+00 7.119530576072818917e-02 -4.022499999999928910e+00 4.000000000000000000e+02 -7.150997215782827432e+00 -1.716621150247411265e+01 1.860000000000000098e+00
-9.387933077070989896e+00 7.102312410135638854e-02 -4.024999999999929301e+00 4.000000000000000000e+02 -7.143794982033593755e+00 -1.716150926872488114e+01 6.999999999999999556e-01
-9.387512459495059858e+00 7.095238634612072159e-02 -4.027499999999929692e+00 4.000000000000000000e+02 -7.141399529492931997e+00 -1.716161381618421800e+01 3.350000000000000200e-01
-9.387092062708369156e+00 7.114882704028072102e-02 -4.029999999999930083e+00 4.000000000000000000e+02 -7.140677670928012866e+00 -1.716339195761930014e+01 1.699999999999999956e+00
-9.386672588971206821e+00 7.132219886460153258e-02 -4.032499999999930473e+00 4.000000000000000000e+02 -7.135093214499481640e+00 -1.716030750119076842e+01 1.320000000000000062e+00
-9.386251996088260441e+00 7.109320641657931872e-02 -4.034999999999930864e+00 4.000000000000000000e+02 -7.130145492491829273e+00 -1.715785977918312000e+01 1.689999999999999947e+00
-9.385830549924305544e+00 7.089416733452061359e-02 -4.037499999999931255e+00 4.000000000000000000e+02 -7.128645891389805200e+00 -1.715886017808109187e+01 6.949999999999999512e-01
-9.385409702439707402e+00 7.095310126221644753e-02 -4.039999999999931646e+00 4.000000000000000000e+02 -7.128499306993396623e+00 -1.716121359368468546e+01 3.900000000000000133e-01
-9.384990020634090158e+00 7.088661981264392231e-02 -4.042499999999932037e+00 4.000000000000000000e+02 -7.125328745248378226e+00 -1.716054303193966746e+01 1.415000000000000036e+00
-9.384570233547616880e+00 7.117291957858187801e-02 -4.044999999999932427e+00 4.000000000000000000e+02 -7.122334048625162950e+00 -1.716004833531645346e+01 1.080000000000000071e+00
-9.384150415020510394e+00 7.103450817835098297e-02 -4.047499999999932818e+00 4.000000000000000000e+02 -7.117904769262935361e+00 -1.715811905595422360e+01 4.600000000000000200e-01
-9.383729962448567719e+00 7.095908880767788640e-02 -4.049999999999933209e+00 4.000000000000000000e+02 -7.116397300777704160e+00 -1.715911158746899190e+01 8.699999999999999956e-01
-9.383310103425282378e+00 7.091873550407805371e-02 -4.052499999999933600e+00 4.000000000000000000e+02 -7.114567676771487825e+00 -1.715978196346277684e+01 1.030000000000000027e+00
-9.382890701801647637e+00 7.064698949269122841e-02 -4.054999999999933991e+00 4.000000000000000000e+02 -7.113365536119581556e+00 -1.716107982281087274e+01 5.450000000000000400e-01
-9.382472019631380888e+00 7.074980927337461145e-02 -4.057499999999934381e+00 4.000000000000000000e+02 -7.109859990807459340e+00 -1.716007427749875092e+01 6.800000000000000488e-01
-9.382053091731343386e+00 7.100269668518600918e-02 -4.059999999999934772e+00 4.000000000000000000e+02 -7.106837565280101465e+00 -1.715955185197139343e+01 1.290000000000000036e+00
-9.381634120480100592e+00 7.096429359501763012e-02 -4.062499999999935163e+00 4.000000000000000000e+02 -7.105381914213805494e+00 -1.716059620090509696e+01 8.950000000000000178e-01
-9.381215761741458437e+00 7.111267826210024290e-02 -4.064999999999935554e+00 4.000000000000000000e+02 -7.105343150840114141e+00 -1.716305743753140689e+01 1.794999999999999929e+00
-9.380798605722956651e+00 7.124296773502904190e-02 -4.067499999999935945e+00 4.000000000000000000e+02 -7.103924611392029576e+00 -1.716413889808332272e+01 5.500000000000000028e-02
-9.380382074263090786e+00 7.115354890935904342e-02 -4.069999999999936335e+00 4.000000000000000000e+02 -7.101444468705331303e+00 -1.716415875539662395e+01 4.849999999999999867e-01
-9.379965724495395563e+00 7.104416366616027323e-02 -4.072499999999936726e+00 4.000000000000000000e+02 -7.092947194174803016e+00 -1.715816148086609871e+01 1.080000000000000071e+00
-9.379547045102645697e+00 7.076458526885016920e-02 -4.074999999999937117e+00 4.000000000000000000e+02 -7.091890096813915356e+00 -1.715960438350521144e+01 3.699999999999999956e-01
-9.379129144228233628e+00 7.080985245466120404e-02 -4.077499999999937508e+00 4.000000000000000000e+02 -7.089382933652431440e+00 -1.715959722034372703e+01 2.500000000000000000e-01
-9.378711414930386070e+00 7.086032986495838237e-02 -4.079999999999937899e+00 4.000000000000000000e+02 -7.088502594212661378e+00 -1.716121688090395736e+01 6.350000000000000089e-01
-9.378294535666380938e+00 7.100736527586956615e-02 -4.082499999999938289e+00 4.000000000000000000e+02 -7.087466178210695134e+00 -1.716268046490198884e+01 1.764999999999999902e+00
-9.377878439428986468e+00 7.104970407720861969e-02 -4.084999999999938680e+00 4.000000000000000000e+02 -7.082048993179062002e+00 -1.715976327987035788e+01 2.999999999999999889e-02
-9.377461301412735040e+00 7.107257677740466684e-02 -4.087499999999939071e+00 4.000000000000000000e+02 -7.081298969529981946e+00 -1.716151325622127644e+01 1.179999999999999938e+00
-9.377045066215552893e+00 7.124075001526267159e-02 -4.089999999999939462e+00 4.000000000000000000e+02 -7.081291125698817801e+00 -1.716400541239011446e+01 1.070000000000000062e+00
-9.376630039583705667e+00 7.114974375118783556e-02 -4.092499999999939853e+00 4.000000000000000000e+02 -7.080730541643380782e+00 -1.716594482833467694e+01 1.929999999999999938e+00
-9.376215988756774422e+00 7.125990055329541051e-02 -4.094999999999940243e+00 4.000000000000000000e+02 -7.079663792979361325e+00 -1.716737807967065876e+01 6.949999999999999512e-01
-9.375802701942896888e+00 7.120421975184146324e-02 -4.097499999999940634e+00 4.000000000000000000e+02 -7.079516817301758635e+00 -1.716973110399305824e+01 1.520000000000000018e+00
-9.375390556593817593e+00 7.121072370741957092e-02 -4.099999999999941025e+00 4.000000000000000000e+02 -7.074068103508820649e+00 -1.716678239020011887e+01 7.249999999999999778e-01
-9.374977364699047300e+00 7.130187830784964764e-02 -4.102499999999941416e+00 4.000000000000000000e+02 -7.072176206152782640e+00 -1.716739049284408125e+01 1.169999999999999929e+00
-9.374564594492452940e+00 7.147341183777392026e-02 -4.104999999999941807e+00 4.000000000000000000e+02 -7.058733382870197026e+00 -1.715644766956149780e+01 7.700000000000000178e-01
-9.374147455739949564e+00 7.142479672888242537e-02 -4.107499999999942197e+00 4.000000000000000000e+02 -7.056004036051715111e+00 -1.715621832274301539e+01 9.949999999999999956e-01
-9.373730395299054052e+00 7.142036682801194969e-02 -4.109999999999942588e+00 4.000000000000000000e+02 -7.054551311227908350e+00 -1.715726559791920636e+01 1.219999999999999973e+00
-9.373313945000631975e+00 7.146596154569041792e-02 -4.112499999999942979e+00 4.000000000000000000e+02 -7.053658947979261740e+00 -1.715887323467056191e+01 1.614999999999999991e+00
-9.372898336606393599e+00 7.138272258557100403e-02 -4.114999999999943370e+00 4.000000000000000000e+02 -7.051451486574698890e+00 -1.715916577326600034e+01 1.514999999999999902e+00
-9.372483022358718330e+00 7.136660685444595753e-02 -4.117499999999943761e+00 4.000000000000000000e+02 -7.045109502035155735e+00 -1.715532378872645580e+01 2.999999999999999889e-01
-9.372066282821945649e+00 7.116141549617210904e-02 -4.119999999999944151e+00 4.000000000000000000e+02 -7.044646962005628232e+00 -1.715736124869692958e+01 1.114999999999999991e+00
-9.371650564580834342e+00 7.112568238208558102e-02 -4.122499999999944542e+00 4.000000000000000000e+02 -7.042973203746014654e+00 -1.715818749043731728e+01 7.750000000000000222e-01
-9.371235362217554155e+00 7.104805366408041556e-02 -4.124999999999944933e+00 4.000000000000000000e+02 -7.037340545231162814e+00 -1.715505483192246672e+01 7.449999999999999956e-01
-9.370819030260783222e+00 7.095816446554971402e-02 -4.127499999999945324e+00 4.000000000000000000e+02 -7.037002640705375178e+00 -1.715721692739667859e+01 6.400000000000000133e-01
-9.370403770180422143e+00 7.104220503648746299e-02 -4.129999999999945715e+00 4.000000000000000000e+02 -7.033995893412268607e+00 -1.715671018010356974e+01 1.885000000000000009e+00
-9.369988472115222677e+00 7.108368928606545456e-02 -4.132499999999946105e+00 4.000000000000000000e+02 -7.033314681709012639e+00 -1.715852896840031505e+01 1.175000000000000044e+00
-9.369574100634144642e+00 7.114428038106408725e-02 -4.134999999999946496e+00 4.000000000000000000e+02 -7.032676649852686701e+00 -1.716039093654399039e+01 1.814999999999999947e+00
-9.369160671135787766e+00 7.140869581162558044e-02 -4.137499999999946887e+00 4.000000000000000000e+02 -7.030631023664119184e+00 -1.716084531035542327e+01 1.810000000000000053e+00
-9.368747600183233715e+00 7.131266159681144690e-02 -4.139999999999947278e+00 4.000000000000000000e+02 -7.021579761777807072e+00 -1.715429404846911154e+01 1.800000000000000044e+00
-9.368331986453082294e+00 7.131249193342958925e-02 -4.142499999999947669e+00 4.000000000000000000e+02 -7.020473670250210851e+00 -1.715568795694151660e+01 1.499999999999999944e-01
-9.367917123949338176e+00 7.131246813004882279e-02 -4.144999999999948059e+00 4.000000000000000000e+02 -7.017189047722173889e+00 -1.715490333441347914e+01 1.405000000000000027e+00
-9.367502108049494680e+00 7.093890265693923725e-02 -4.147499999999948450e+00 4.000000000000000000e+02 -7.010692603444801385e+00 -1.715090689013610614e+01 1.074999999999999956e+00
-9.367085603445170605e+00 7.097104522446268104e-02 -4.149999999999948841e+00 4.000000000000000000e+02 -7.010448070774350171e+00 -1.715316235746565354e+01 1.034999999999999920e+00
-9.366670210013175790e+00 7.080822765091535076e-02 -4.152499999999949232e+00 4.000000000000000000e+02 -7.003982184648148035e+00 -1.714919647133945446e+01 6.550000000000000266e-01
-9.366253339416424240e+00 7.093471713139543056e-02 -4.154999999999949623e+00 4.000000000000000000e+02 -7.003801455141934085e+00 -1.715151574183324357e+01 1.074999999999999956e+00
-9.365837607640681739e+00 7.116835952335390236e-02 -4.157499999999950013e+00 4.000000000000000000e+02 -6.996369469738488611e+00 -1.714658375642979493e+01 8.149999999999999467e-01
-9.365419994461539943e+00 7.112256165277758280e-02 -4.159999999999950404e+00 4.000000000000000000e+02 -6.995418766165779623e+00 -1.714813305285708722e+01 1.379999999999999893e+00
-9.365003201711497027e+00 7.127593991305876397e-02 -4.162499999999950795e+00 4.000000000000000000e+02 -6.995119468646585403e+00 -1.715033375533789339e+01 4.450000000000000067e-01
-9.364587498261524701e+00 7.133028034068010503e-02 -4.164999999999951186e+00 4.000000000000000000e+02 -6.988606106860001610e+00 -1.714632039355130999e+01 1.409999999999999920e+00
-9.364170296871579424e+00 7.131144681409311292e-02 -4.167499999999951577e+00 4.000000000000000000e+02 -6.987524049222793465e+00 -1.714773833591410224e+01 1.499999999999999944e-01
-9.363753860244823812e+00 7.154343771156243537e-02 -4.169999999999951967e+00 4.000000000000000000e+02 -6.986687684184447633e+00 -1.714940197087575768e+01 1.270000000000000018e+00
-9.363338288756013483e+00 7.150131937711971808e-02 -4.172499999999952358e+00 4.000000000000000000e+02 -6.979646593487370154e+00 -1.714486088017867971e+01 2.000000000000000042e-02
-9.362920999636081376e+00 7.184360248968783835e-02 -4.174999999999952749e+00 4.000000000000000000e+02 -6.979067163506727844e+00 -1.714678145019803779e+01 8.000000000000000444e-01
-9.362504684737048777e+00 7.173565499468230466e-02 -4.177499999999953140e+00 4.000000000000000000e+02 -6.976959294990431104e+00 -1.714717358168174144e+01 4.400000000000000022e-01
-9.362088706200314192e+00 7.162242009137022303e-02 -4.179999999999953531e+00 4.000000000000000000e+02 -6.976008751384883411e+00 -1.714872303807619147e+01 1.840000000000000080e+00
-9.361673544269880409e+00 7.172846437713283063e-02 -4.182499999999953921e+00 4.000000000000000000e+02 -6.974098632449565294e+00 -1.714931291914087552e+01 1.110000000000000098e+00
-9.361258799298955324e+00 7.173999181255620583e-02 -4.184999999999954312e+00 4.000000000000000000e+02 -6.971905572941483165e+00 -1.714961985963279645e+01 1.000000000000000000e+00
-9.360844353473472879e+00 7.150600749890280439e-02 -4.187499999999954703e+00 4.000000000000000000e+02 -6.970959753623616528e+00 -1.715117404031492754e+01 4.799999999999999822e-01
-9.360430722565915573e+00 7.143732576730443817e-02 -4.189999999999955094e+00 4.000000000000000000e+02 -6.968614874245146140e+00 -1.715132916093645576e+01 1.344999999999999973e+00
-9.360017326796075565e+00 7.176324585374571630e-02 -4.192499999999955484e+00 4.000000000000000000e+02 -6.965760665559464826e+00 -1.715097495225077751e+01 1.935000000000000053e+00
-9.359603955488145388e+00 7.173122878445267747e-02 -4.194999999999955875e+00 4.000000000000000000e+02 -6.962918981038307642e+00 -1.715063326772962071e+01 6.999999999999999556e-01
-9.359190613806291026e+00 7.185360222448494705e-02 -4.197499999999956266e+00 4.000000000000000000e+02 -6.959373424406019915e+00 -1.714958771109733249e+01 6.099999999999999867e-01
-9.358777010775073180e+00 7.178602071352017944e-02 -4.199999999999956657e+00 4.000000000000000000e+02 -6.954485603976234387e+00 -1.714719989066754735e+01 1.435000000000000053e+00
-9.358362590564349048e+00 7.213141400044081886e-02 -4.202499999999957048e+00 4.000000000000000000e+02 -6.949169373002459515e+00 -1.714438365969377287e+01 2.349999999999999867e-01
-9.357947174005376567e+00 7.214418979538468613e-02 -4.204999999999957438e+00 4.000000000000000000e+02 -6.949121911383685735e+00 -1.714683619807500037e+01 9.150000000000000355e-01
-9.357532946889206116e+00 7.209636415320937186e-02 -4.207499999999957829e+00 4.000000000000000000e+02 -6.945664236554410564e+00 -1.714587852324572737e+01 9.549999999999999600e-01
-9.357118494647734153e+00 7.210126011211642760e-02 -4.209999999999958220e+00 4.000000000000000000e+02 -6.944366165408321301e+00 -1.714708045209963672e+01 1.459999999999999964e+00
-9.356704711639435956e+00 7.212456399733678525e-02 -4.212499999999958611e+00 4.000000000000000000e+02 -6.942252343350060251e+00 -1.714746663004137517e+01 1.560000000000000053e+00
-9.356291259440631336e+00 7.211712473735988616e-02 -4.214999999999959002e+00 4.000000000000000000e+02 -6.940275586898319027e+00 -1.714798987358963700e+01 9.150000000000000355e-01
-9.355878194259481972e+00 7.207250478387082493e-02 -4.217499999999959392e+00 4.000000000000000000e+02 -6.938059650712351534e+00 -1.714827393740366901e+01 1.790000000000000036e+00
-9.355465416878294249e+00 7.207255644762869395e-02 -4.219999999999959783e+00 4.000000000000000000e+02 -6.937760002879869603e+00 -1.715047428957118569e+01 9.500000000000000111e-02
-9.355053716508074046e+00 7.205484416969938632e-02 -4.222499999999960174e+00 4.000000000000000000e+02 -6.929488673161815271e+00 -1.714470295985313442e+01 1.600000000000000033e-01
-9.354639804110536971e+00 7.186103558510953393e-02 -4.224999999999960565e+00 4.000000000000000000e+02 -6.924562062939028095e+00 -1.714227634963034674e+01 1.054999999999999938e+00
-9.354225057966393919e+00 7.194798969138146982e-02 -4.227499999999960956e+00 4.000000000000000000e+02 -6.922876055512614535e+00 -1.714309034220393357e+01 1.864999999999999991e+00
-9.353810821018461397e+00 7.175631364844455018e-02 -4.229999999999961346e+00 4.000000000000000000e+02 -6.911514191113061756e+00 -1.713422847780437763e+01 1.499999999999999944e-02
-9.353393070662850306e+00 7.170485030279889760e-02 -4.232499999999961737e+00 4.000000000000000000e+02 -6.910365372927489425e+00 -1.713557965961880925e+01 4.299999999999999933e-01
-9.352976058472149745e+00 7.206057380348415697e-02 -4.234999999999962128e+00 4.000000000000000000e+02 -6.907140033179733685e+00 -1.713485431987105301e+01 6.149999999999999911e-01
-9.352558917712091358e+00 7.209767530514422929e-02 -4.237499999999962519e+00 4.000000000000000000e+02 -6.889229211761564109e+00 -1.711944349845288471e+01 9.699999999999999734e-01
-9.352135476686649795e+00 7.213673927485114712e-02 -4.239999999999962910e+00 4.000000000000000000e+02 -6.888128057235173962e+00 -1.712084234392649407e+01 1.425000000000000044e+00
-9.351712806426531799e+00 7.218476539517212909e-02 -4.242499999999963300e+00 4.000000000000000000e+02 -6.885123031872675270e+00 -1.712033731856399754e+01 5.550000000000000488e-01
-9.351290101363282758e+00 7.220091110959618586e-02 -4.244999999999963691e+00 4.000000000000000000e+02 -6.874468340551954881e+00 -1.711218262724327843e+01 5.350000000000000311e-01
-9.350864115980982660e+00 7.214293294070657503e-02 -4.247499999999964082e+00 4.000000000000000000e+02 -6.870398862308146448e+00 -1.711061314899946950e+01 1.635000000000000009e+00
-9.350437643312742964e+00 7.224636221512442669e-02 -4.249999999999964473e+00 4.000000000000000000e+02 -6.867456940512318475e+00 -1.711017122720364014e+01 1.594999999999999973e+00
-9.350011164057226765e+00 7.215605282006416765e-02 -4.252499999999964864e+00 4.000000000000000000e+02 -6.854554726435818424e+00 -1.709976901312714048e+01 1.245000000000000107e+00
-9.349580409987170881e+00 7.206602610193170444e-02 -4.254999999999965254e+00 4.000000000000000000e+02 -6.848293715815052529e+00 -1.709600800250637676e+01 2.999999999999999889e-02
-9.349148219314701080e+00 7.204093657140385465e-02 -4.257499999999965645e+00 4.000000000000000000e+02 -6.843280068958698337e+00 -1.709349435565002295e+01 1.909999999999999920e+00
-9.348715128314385225e+00 7.175453491988742494e-02 -4.259999999999966036e+00 4.000000000000000000e+02 -6.839847646397068104e+00 -1.709256193308839045e+01 1.014999999999999902e+00
-9.348281821050921536e+00 7.135976050472696286e-02 -4.262499999999966427e+00 4.000000000000000000e+02 -6.834768669442332190e+00 -1.708998295613365670e+01 1.995000000000000107e+00
-9.347847583257079762e+00 7.142011959760809214e-02 -4.264999999999966818e+00 4.000000000000000000e+02 -6.832846995218785580e+00 -1.709056128191011226e+01 1.449999999999999956e+00
-9.347413784838769502e+00 7.167570462558295330e-02 -4.267499999999967208e+00 4.000000000000000000e+02 -6.827021253638663190e+00 -1.708723554032998848e+01 1.024999999999999911e+00
-9.346978730357585974e+00 7.181002060170985080e-02 -4.269999999999967599e+00 4.000000000000000000e+02 -6.823006217141946550e+00 -1.708572050383327223e+01 2.800000000000000266e-01
-9.346543205873937055e+00 7.174529713882217552e-02 -4.272499999999967990e+00 4.000000000000000000e+02 -6.814153648327802237e+00 -1.707936793501912831e+01 3.599999999999999867e-01
-9.346105097299485465e+00 7.186232307924245166e-02 -4.274999999999968381e+00 4.000000000000000000e+02 -6.809027885476091058e+00 -1.707674217216741752e+01 6.750000000000000444e-01
-9.345666029456422663e+00 7.178116903165032703e-02 -4.277499999999968772e+00 4.000000000000000000e+02 -6.805098556741901561e+00 -1.707531284343322753e+01 1.429999999999999938e+00
-9.345226526701875258e+00 7.194129036807472843e-02 -4.279999999999969162e+00 4.000000000000000000e+02 -6.800781281701988590e+00 -1.707349556839331228e+01 1.455000000000000071e+00
-9.344786418128601113e+00 7.185091499360819756e-02 -4.282499999999969553e+00 4.000000000000000000e+02 -6.799787027468195966e+00 -1.707500131415952183e+01 1.959999999999999964e+00
-9.344347164921966709e+00 7.188799579237718784e-02 -4.284999999999969944e+00 4.000000000000000000e+02 -6.794633513157146254e+00 -1.707234779984847250e+01 1.280000000000000027e+00
-9.343906938230720272e+00 7.217894578816769213e-02 -4.287499999999970335e+00 4.000000000000000000e+02 -6.789252893768693120e+00 -1.706946718046001976e+01 8.750000000000000000e-01
-9.343465636138821750e+00 7.259264026845692330e-02 -4.289999999999970726e+00 4.000000000000000000e+02 -6.787062548941707796e+00 -1.706977683563303572e+01 1.415000000000000036e+00
-9.343024665248501393e+00 7.264372515787902163e-02 -4.292499999999971116e+00 4.000000000000000000e+02 -6.784808629071047648e+00 -1.707002291576237596e+01 7.449999999999999956e-01
-9.342583997156905795e+00 7.329568745854464495e-02 -4.294999999999971507e+00 4.000000000000000000e+02 -6.759360110852780323e+00 -1.704707439754410814e+01 1.965000000000000080e+00
-9.342133300369924953e+00 7.317040573238524359e-02 -4.297499999999971898e+00 4.000000000000000000e+02 -6.750964838705119320e+00 -1.704117912539644664e+01 1.554999999999999938e+00
-9.341680143595510799e+00 7.288797168149434291e-02 -4.299999999999972289e+00 4.000000000000000000e+02 -6.750703869847511918e+00 -1.704341815653884140e+01 2.949999999999999845e-01
-9.341228204888283315e+00 7.267478325179499432e-02 -4.302499999999972680e+00 4.000000000000000000e+02 -6.749306470985520612e+00 -1.704452075767684960e+01 3.099999999999999978e-01
-9.340776968033628336e+00 7.254991184806210136e-02 -4.304999999999973070e+00 4.000000000000000000e+02 -6.748478675434365748e+00 -1.704619296212569779e+01 1.764999999999999902e+00
-9.340326688121891152e+00 7.234403059572733219e-02 -4.307499999999973461e+00 4.000000000000000000e+02 -6.747921277080131119e+00 -1.704813556377146000e+01 1.429999999999999938e+00
-9.339877484146878572e+00 7.199972130787211932e-02 -4.309999999999973852e+00 4.000000000000000000e+02 -6.738105709007768951e+00 -1.704081999569909911e+01 1.955000000000000071e+00
-9.339425185860068979e+00 7.177606304588235453e-02 -4.312499999999974243e+00 4.000000000000000000e+02 -6.733094974701715252e+00 -1.703830926139304580e+01 1.054999999999999938e+00
-9.338971955798458069e+00 7.181998429449155952e-02 -4.314999999999974634e+00 4.000000000000000000e+02 -6.732054060247635086e+00 -1.703976834693896691e+01 7.149999999999999689e-01
-9.338519591431754918e+00 7.146086960537584298e-02 -4.317499999999975024e+00 4.000000000000000000e+02 -6.724058274069463437e+00 -1.703427256076079743e+01 1.810000000000000053e+00
-9.338064940357726940e+00 7.156669022438472139e-02 -4.319999999999975415e+00 4.000000000000000000e+02 -6.712665693675581302e+00 -1.702537998036691391e+01 1.915000000000000036e+00
-9.337606437622246958e+00 7.176321435106718105e-02 -4.322499999999975806e+00 4.000000000000000000e+02 -6.706805772428618084e+00 -1.702202005911995286e+01 3.800000000000000044e-01
-9.337146602952943297e+00 7.178760493251330754e-02 -4.324999999999976197e+00 4.000000000000000000e+02 -6.694926784175501133e+00 -1.701264107086683453e+01 1.250000000000000000e-01
-9.336682649558401437e+00 7.136123820967521514e-02 -4.327499999999976588e+00 4.000000000000000000e+02 -6.693970135950764622e+00 -1.701418442264209929e+01 1.844999999999999973e+00
-9.336219626310477082e+00 7.130760712763568876e-02 -4.329999999999976978e+00 4.000000000000000000e+02 -6.691987762226069947e+00 -1.701470204891740323e+01 5.999999999999999778e-01
-9.335757056798565046e+00 7.130374063650010696e-02 -4.332499999999977369e+00 4.000000000000000000e+02 -6.691218930328213688e+00 -1.701643321701954648e+01 1.360000000000000098e+00
-9.335295500696657811e+00 7.129023389453907622e-02 -4.334999999999977760e+00 4.000000000000000000e+02 -6.689089145105020506e+00 -1.701680343179635457e+01 9.849999999999999867e-01
-9.334834328255583458e+00 7.111962055556343698e-02 -4.337499999999978151e+00 4.000000000000000000e+02 -6.680487429542607103e+00 -1.701070171623394245e+01 1.415000000000000036e+00
-9.334370547806207341e+00 7.113162079586569930e-02 -4.339999999999978542e+00 4.000000000000000000e+02 -6.679642258045962677e+00 -1.701235654473729753e+01 1.070000000000000062e+00
-9.333907748659047598e+00 7.075365145266217237e-02 -4.342499999999978932e+00 4.000000000000000000e+02 -6.673194340780483458e+00 -1.700840862747181959e+01 7.299999999999999822e-01
-9.333443334163460392e+00 7.065778056626373371e-02 -4.344999999999979323e+00 4.000000000000000000e+02 -6.672236094087520719e+00 -1.700995038077885724e+01 1.074999999999999956e+00
-9.332979850211676975e+00 7.074608487831612891e-02 -4.347499999999979714e+00 4.000000000000000000e+02 -6.669620112057553563e+00 -1.700983439874888958e+01 7.149999999999999689e-01
-9.332516527256176531e+00 7.049380041492815663e-02 -4.349999999999980105e+00 4.000000000000000000e+02 -6.668935812908374672e+00 -1.701165009959971286e+01 3.850000000000000089e-01
-9.332054258778653022e+00 7.043469261257268021e-02 -4.352499999999980496e+00 4.000000000000000000e+02 -6.664744855408739177e+00 -1.700995914210007598e+01 1.370000000000000107e+00
-9.331591422099347000e+00 7.064746880243408245e-02 -4.354999999999980886e+00 4.000000000000000000e+02 -6.661129332459753805e+00 -1.700884361915109366e+01 7.000000000000000666e-02
-9.331128283304256144e+00 7.036574130463861543e-02 -4.357499999999981277e+00 4.000000000000000000e+02 -6.660859147910776379e+00 -1.701107343460211396e+01 1.060000000000000053e+00
-9.330666389755306156e+00 7.041850026834108045e-02 -4.359999999999981668e+00 4.000000000000000000e+02 -6.659350051222247657e+00 -1.701206433791358563e+01 2.500000000000000139e-02
-9.330205166602036471e+00 7.036837950547980558e-02 -4.362499999999982059e+00 4.000000000000000000e+02 -6.654159599080530008e+00 -1.700937388577186837e+01 5.250000000000000222e-01
-9.329742914367741946e+00 7.023687800880069887e-02 -4.364999999999982450e+00 4.000000000000000000e+02 -6.646293738573761267e+00 -1.700400802526510091e+01 1.024999999999999911e+00
-9.329278390390639331e+00 7.032020590771884128e-02 -4.367499999999982840e+00 4.000000000000000000e+02 -6.645483111414603350e+00 -1.700569739810594427e+01 1.919999999999999929e+00
-9.328814865641898990e+00 7.038856823975481181e-02 -4.369999999999983231e+00 4.000000000000000000e+02 -6.639515423451033627e+00 -1.700222971014237316e+01 7.650000000000000133e-01
-9.328349946619544752e+00 7.062376356916473530e-02 -4.372499999999983622e+00 4.000000000000000000e+02 -6.637912873701308669e+00 -1.700312716039265126e+01 1.260000000000000009e+00
-9.327885660410405677e+00 7.066362993186374453e-02 -4.374999999999984013e+00 4.000000000000000000e+02 -6.636114530353502516e+00 -1.700382881704484461e+01 8.750000000000000000e-01
-9.327421915091573368e+00 7.067409302155437667e-02 -4.377499999999984404e+00 4.000000000000000000e+02 -6.635556288682055381e+00 -1.700577057537339698e+01 1.304999999999999938e+00
-9.326959283715460458e+00 7.082498903376559241e-02 -4.379999999999984794e+00 4.000000000000000000e+02 -6.634029087189866836e+00 -1.700674337388120705e+01 8.950000000000000178e-01
-9.326497315784603614e+00 7.095689741778009318e-02 -4.382499999999985185e+00 4.000000000000000000e+02 -6.632642552265070712e+00 -1.700785683895641398e+01 5.999999999999999778e-01
-9.326036074912586571e+00 7.104812325969567244e-02 -4.384999999999985576e+00 4.000000000000000000e+02 -6.631561336594898215e+00 -1.700927562328624276e+01 1.419999999999999929e+00
-9.325575700171029325e+00 7.121230763494496019e-02 -4.387499999999985967e+00 4.000000000000000000e+02 -6.620635710979368760e+00 -1.700084999767071281e+01 1.324999999999999956e+00
-9.325111644640131203e+00 7.125378824575590020e-02 -4.389999999999986358e+00 4.000000000000000000e+02 -6.618621249281082086e+00 -1.700133553597242297e+01 8.399999999999999689e-01
-9.324648029462258236e+00 7.126881186031414073e-02 -4.392499999999986748e+00 4.000000000000000000e+02 -6.615059627472863468e+00 -1.700027391416420741e+01 1.635000000000000009e+00
-9.324184137020836260e+00 7.128072210333170899e-02 -4.394999999999987139e+00 4.000000000000000000e+02 -6.605408913831470663e+00 -1.699312320052281677e+01 2.650000000000000133e-01
-9.323717132945931851e+00 7.100970199102969727e-02 -4.397499999999987530e+00 4.000000000000000000e+02 -6.602911253662163915e+00 -1.699312554035351042e+01 1.129999999999999893e+00
-9.323250347953978334e+00 7.099653386367825447e-02 -4.399999999999987921e+00 4.000000000000000000e+02 -6.601354889650194124e+00 -1.699406917634154013e+01 2.500000000000000139e-02
-9.322784220707996283e+00 7.080128385262599022e-02 -4.402499999999988312e+00 4.000000000000000000e+02 -6.597496043115807396e+00 -1.699271032980715290e+01 1.810000000000000053e+00
-9.322317677252533130e+00 7.089251695850458390e-02 -4.404999999999988702e+00 4.000000000000000000e+02 -6.597136097220108297e+00 -1.699485038391145508e+01 1.110000000000000098e+00
-9.321852348022019896e+00 7.129051492162521986e-02 -4.407499999999989093e+00 4.000000000000000000e+02 -6.596986463652432242e+00 -1.699720075034377942e+01 1.510000000000000009e+00
-9.321388326870621910e+00 7.142110989732343429e-02 -4.409999999999989484e+00 4.000000000000000000e+02 -6.590789340240947425e+00 -1.699350362693229499e+01 2.000000000000000000e+00
-9.320922803413287383e+00 7.172636777542876207e-02 -4.412499999999989875e+00 4.000000000000000000e+02 -6.589090429786622849e+00 -1.699430471647796992e+01 1.439999999999999947e+00
-9.320457869083789149e+00 7.185838159607915721e-02 -4.414999999999990266e+00 4.000000000000000000e+02 -6.588492986570700261e+00 -1.699620727326204772e+01 4.600000000000000200e-01
-9.319994033925294019e+00 7.172586860110179152e-02 -4.417499999999990656e+00 4.000000000000000000e+02 -6.577480827376236405e+00 -1.698769511406758426e+01 1.699999999999999956e+00
-9.319526451484328788e+00 7.197142864300527798e-02 -4.419999999999991047e+00 4.000000000000000000e+02 -6.577384933861756267e+00 -1.699009922055310540e+01 1.594999999999999973e+00
-9.319060209556017327e+00 7.205232268000993923e-02 -4.422499999999991438e+00 4.000000000000000000e+02 -6.577230058168359150e+00 -1.699244434485970601e+01 6.550000000000000266e-01
-9.318595276259472371e+00 7.189386981743171867e-02 -4.424999999999991829e+00 4.000000000000000000e+02 -6.575978535855264262e+00 -1.699369282254661329e+01 1.959999999999999964e+00
-9.318131138717980377e+00 7.206042950329547003e-02 -4.427499999999992220e+00 4.000000000000000000e+02 -6.570095988498565021e+00 -1.699031027518991266e+01 1.689999999999999947e+00
-9.317665644970128724e+00 7.206853250218918372e-02 -4.429999999999992610e+00 4.000000000000000000e+02 -6.568408900178487997e+00 -1.699112318686983514e+01 1.639999999999999902e+00
-9.317200745793570604e+00 7.178345812001017678e-02 -4.432499999999993001e+00 4.000000000000000000e+02 -6.562566422214477946e+00 -1.698778070890582725e+01 1.749999999999999889e-01
-9.316734507218630057e+00 7.171627192187524091e-02 -4.434999999999993392e+00 4.000000000000000000e+02 -6.561315368837501438e+00 -1.698902965552885291e+01 6.750000000000000444e-01
-9.316269067457865205e+00 7.158794481705750556e-02 -4.437499999999993783e+00 4.000000000000000000e+02 -6.559501439387380728e+00 -1.698971572607873171e+01 1.614999999999999991e+00
-9.315804163222829004e+00 7.172606653694986456e-02 -4.439999999999994174e+00 4.000000000000000000e+02 -6.557904882466510266e+00 -1.699061916915785986e+01 1.225000000000000089e+00
-9.315339894555666689e+00 7.160282054944352992e-02 -4.442499999999994564e+00 4.000000000000000000e+02 -6.552170026294426464e+00 -1.698738431298577822e+01 1.824999999999999956e+00
-9.314874338107779650e+00 7.156561297118789466e-02 -4.444999999999994955e+00 4.000000000000000000e+02 -6.541063276568537255e+00 -1.697877756325988940e+01 8.599999999999999867e-01
-9.314404976897575850e+00 7.142762817049992663e-02 -4.447499999999995346e+00 4.000000000000000000e+02 -6.533226175145023795e+00 -1.697344046183637545e+01 2.449999999999999956e-01
-9.313933325929193430e+00 7.121249262412715497e-02 -4.449999999999995737e+00 4.000000000000000000e+02 -6.532996853561227724e+00 -1.697571114025257799e+01 1.425000000000000044e+00
-9.313462966307524127e+00 7.121053631673850137e-02 -4.452499999999996128e+00 4.000000000000000000e+02 -6.530474934848442992e+00 -1.697568922153979543e+01 1.044999999999999929e+00
-9.312992817517498523e+00 7.167734675107231834e-02 -4.454999999999996518e+00 4.000000000000000000e+02 -6.530261592480778532e+00 -1.697797587917213491e+01 6.899999999999999467e-01
-9.312523962748379347e+00 7.162201048634037059e-02 -4.457499999999996909e+00 4.000000000000000000e+02 -6.524126863575268054e+00 -1.697434115026662127e+01 4.349999999999999978e-01
-9.312053621641551260e+00 7.144052776315602815e-02 -4.459999999999997300e+00 4.000000000000000000e+02 -6.523327464776853546e+00 -1.697604175146820893e+01 1.899999999999999911e+00
-9.311584300271267267e+00 7.130289110450914458e-02 -4.462499999999997691e+00 4.000000000000000000e+02 -6.520665453727113814e+00 -1.697587974041847048e+01 1.350000000000000089e+00
-9.311115123072299937e+00 7.143093173590432665e-02 -4.464999999999998082e+00 4.000000000000000000e+02 -6.520412077794779826e+00 -1.697812636448613688e+01 1.735000000000000098e+00
-9.310647218039054707e+00 7.153988601004077075e-02 -4.467499999999998472e+00 4.000000000000000000e+02 -6.515383496618696313e+00 -1.697559778331005020e+01 6.500000000000000222e-01
-9.310178348037174700e+00 7.196987051427831961e-02 -4.469999999999998863e+00 4.000000000000000000e+02 -6.507477032015429153e+00 -1.697019131870678521e+01 2.550000000000000044e-01
-9.309707157767084240e+00 7.233341556139594175e-02 -4.472499999999999254e+00 4.000000000000000000e+02 -6.506712954624567224e+00 -1.697192724131592456e+01 1.300000000000000044e-01
-9.309237006076122256e+00 7.222320035610164946e-02 -4.474999999999999645e+00 4.000000000000000000e+02 -6.504670410328301067e+00 -1.697238469701965968e+01 1.149999999999999911e+00
-9.308767290196774624e+00 7.268386307842410188e-02 -4.477500000000000036e+00 4.000000000000000000e+02 -6.501421180776125297e+00 -1.697163546746748253e+01 5.050000000000000044e-01
-9.308297443037908181e+00 7.276048303325316491e-02 -4.480000000000000426e+00 4.000000000000000000e+02 -6.501205204971530982e+00 -1.697391949166288683e+01 1.975000000000000089e+00
-9.307828887695025699e+00 7.257300097437145714e-02 -4.482500000000000817e+00 4.000000000000000000e+02 -6.499306958976714732e+00 -1.697452124566807186e+01 1.284999999999999920e+00
-9.307360833465740058e+00 7.237959881455667543e-02 -4.485000000000001208e+00 4.000000000000000000e+02 -6.498929774745553445e+00 -1.697664406143691451e+01 1.114999999999999991e+00
-9.306893990051884558e+00 7.244024468852473808e-02 -4.487500000000001599e+00 4.000000000000000000e+02 -6.498405930844310951e+00 -1.697862021753567063e+01 2.099999999999999922e-01
-9.306428285479075413e+00 7.261052959230322734e-02 -4.490000000000001990e+00 4.000000000000000000e+02 -6.497123188607135447e+00 -1.697983747529849552e+01 2.500000000000000139e-02
-9.305963363828356094e+00 7.252629721058038992e-02 -4.492500000000002380e+00 4.000000000000000000e+02 -6.495366002640991177e+00 -1.698058028933235164e+01 1.139999999999999902e+00
-9.305499003210897513e+00 7.233890580046715979e-02 -4.495000000000002771e+00 4.000000000000000000e+02 -6.494132704678847290e+00 -1.698184699137020814e+01 3.900000000000000133e-01
-9.305035445549295403e+00 7.246082304775300353e-02 -4.497500000000003162e+00 4.000000000000000000e+02 -6.493354617150910002e+00 -1.698356890384226858e+01 1.000000000000000021e-02
-9.304572899638873906e+00 7.253803583667099708e-02 -4.500000000000003553e+00 4.000000000000000000e+02 -6.492220631959383148e+00 -1.698493491865074390e+01 1.165000000000000036e+00
-9.304111198553870921e+00 7.265564662974077770e-02 -4.502500000000003944e+00 4.000000000000000000e+02 -6.488133337018875402e+00 -1.698334762371023743e+01 1.530000000000000027e+00
-9.303648977608530046e+00 7.288121176155941405e-02 -4.505000000000004334e+00 4.000000000000000000e+02 -6.477184553805243716e+00 -1.697489884049660702e+01 9.699999999999999734e-01
-9.303183051189387598e+00 7.292332878223968529e-02 -4.507500000000004725e+00 4.000000000000000000e+02 -6.472433466269539082e+00 -1.697264775296090278e+01 1.070000000000000062e+00
-9.302716292467927417e+00 7.283336260229636427e-02 -4.510000000000005116e+00 4.000000000000000000e+02 -6.462874951420649161e+00 -1.696558923811200970e+01 2.200000000000000011e-01
-9.302246447548936814e+00 7.283391137451802888e-02 -4.512500000000005507e+00 4.000000000000000000e+02 -6.462606778913755790e+00 -1.696782106560511849e+01 5.000000000000000278e-02
-9.301777869986887382e+00 7.274655763309324785e-02 -4.515000000000005898e+00 4.000000000000000000e+02 -6.453705746118303388e+00 -1.696142003280966648e+01 1.895000000000000018e+00
-9.301306505004530933e+00 7.269394109811543048e-02 -4.517500000000006288e+00 4.000000000000000000e+02 -6.451816421752687880e+00 -1.696203070844405048e+01 1.649999999999999911e+00
-9.300835649662396065e+00 7.254808456471111000e-02 -4.520000000000006679e+00 4.000000000000000000e+02 -6.449530642492485200e+00 -1.696224492918384641e+01 1.899999999999999911e+00
-9.300365116705673785e+00 7.227467059248396386e-02 -4.522500000000007070e+00 4.000000000000000000e+02 -6.447738528468824448e+00 -1.696295281516018960e+01 1.014999999999999902e+00
-9.299895137777117071e+00 7.219115160981255663e-02 -4.525000000000007461e+00 4.000000000000000000e+02 -6.444868194984191945e+00 -1.696258248167555749e+01 1.495000000000000107e+00
-9.299425205666484118e+00 7.246412307439893674e-02 -4.527500000000007851e+00 4.000000000000000000e+02 -6.443866381643504226e+00 -1.696408066833486927e+01 1.100000000000000006e-01
-9.298956197311875727e+00 7.249583952681297461e-02 -4.530000000000008242e+00 4.000000000000000000e+02 -6.430694132481685976e+00 -1.695340841917305141e+01 1.385000000000000009e+00
-9.298482380194847963e+00 7.253680671483424269e-02 -4.532500000000008633e+00 4.000000000000000000e+02 -6.429335672652527478e+00 -1.695454995934389331e+01 9.649999999999999689e-01
-9.298009327663042001e+00 7.287067499590130226e-02 -4.535000000000009024e+00 4.000000000000000000e+02 -6.428947930742888950e+00 -1.695666221743425695e+01 1.840000000000000080e+00
-9.297537496251328193e+00 7.294635525695022937e-02 -4.537500000000009415e+00 4.000000000000000000e+02 -6.427224832697012502e+00 -1.695743911938837911e+01 1.100000000000000006e-01
-9.297066253524803869e+00 7.290476647146935940e-02 -4.540000000000009805e+00 4.000000000000000000e+02 -6.418777425944260706e+00 -1.695149171263562593e+01 4.450000000000000067e-01
-9.296592423729959975e+00 7.268691313722107361e-02 -4.542500000000010196e+00 4.000000000000000000e+02 -6.415605822846523587e+00 -1.695082010953789009e+01 9.200000000000000400e-01
-9.296118500237170679e+00 7.329497025553605161e-02 -4.545000000000010587e+00 4.000000000000000000e+02 -6.407182911735728403e+00 -1.694489719842709619e+01 1.955000000000000071e+00
-9.295641987909453618e+00 7.337953405235418669e-02 -4.547500000000010978e+00 4.000000000000000000e+02 -6.406995197154076394e+00 -1.694720948384544457e+01 4.650000000000000244e-01
-9.295166802311705112e+00 7.343859341480385439e-02 -4.550000000000011369e+00 4.000000000000000000e+02 -6.403562427201763718e+00 -1.694627671389313051e+01 6.500000000000000222e-01
-9.294691399278395494e+00 7.347924253695405084e-02 -4.552500000000011759e+00 4.000000000000000000e+02 -6.403311560025589877e+00 -1.694852584671695794e+01 6.199999999999999956e-01
-9.294217289428237549e+00 7.350831508827770921e-02 -4.555000000000012150e+00 4.000000000000000000e+02 -6.394387010148730788e+00 -1.694210129684010013e+01 1.290000000000000036e+00
-9.293740350680257833e+00 7.356788117523520298e-02 -4.557500000000012541e+00 4.000000000000000000e+02 -6.394068162828935087e+00 -1.694428244952030482e+01 4.000000000000000083e-02
-9.293264677694605069e+00 7.373378026586654976e-02 -4.560000000000012932e+00 4.000000000000000000e+02 -6.392891171020997909e+00 -1.694560545771236804e+01 1.580000000000000071e+00
-9.292789859321089807e+00 7.372432123855442165e-02 -4.562500000000013323e+00 4.000000000000000000e+02 -6.391255899836336241e+00 -1.694647018652770498e+01 3.300000000000000155e-01
-9.292315676412702175e+00 7.362064753852182175e-02 -4.565000000000013713e+00 4.000000000000000000e+02 -6.388953759655602305e+00 -1.694666804634697499e+01 8.699999999999999956e-01
-9.291841811992966882e+00 7.348018063559676183e-02 -4.567500000000014104e+00 4.000000000000000000e+02 -6.388189571130427069e+00 -1.694840385782179837e+01 1.540000000000000036e+00
-9.291368993256780229e+00 7.342275764836238283e-02 -4.570000000000014495e+00 4.000000000000000000e+02 -6.384248524006308045e+00 -1.694696281069767707e+01 4.149999999999999800e-01
-9.290895716610741317e+00 7.344563777510461355e-02 -4.572500000000014886e+00 4.000000000000000000e+02 -6.373755353662550860e+00 -1.693896964035392472e+01 6.500000000000000222e-01
-9.290418868411027375e+00 7.342492110943263373e-02 -4.575000000000015277e+00 4.000000000000000000e+02 -6.373177562856014333e+00 -1.694089184954738769e+01 1.114999999999999991e+00
-9.289943162554633815e+00 7.329219680518234137e-02 -4.577500000000015667e+00 4.000000000000000000e+02 -6.368751881178321916e+00 -1.693896616786969389e+01 1.909999999999999920e+00
-9.289466766600332548e+00 7.376704834682765166e-02 -4.580000000000016058e+00 4.000000000000000000e+02 -6.363107523529833998e+00 -1.693582181022120636e+01 8.499999999999999778e-01
-9.288989098246783982e+00 7.409766222694157134e-02 -4.582500000000016449e+00 4.000000000000000000e+02 -6.359052402340567234e+00 -1.693426668903193999e+01 1.340000000000000080e+00
-9.288510915073848295e+00 7.442620525738985471e-02 -4.585000000000016840e+00 4.000000000000000000e+02 -6.358880510905966510e+00 -1.693659479759734054e+01 1.350000000000000089e-01
-9.288034071621805055e+00 7.441445423904312351e-02 -4.587500000000017231e+00 4.000000000000000000e+02 -6.351415938277635398e+00 -1.693163022496900894e+01 1.225000000000000089e+00
-9.287555083930126187e+00 7.478514286692047874e-02 -4.590000000000017621e+00 4.000000000000000000e+02 -6.350167516403447010e+00 -1.693288180309482271e+01 1.510000000000000009e+00
-9.287076924243361731e+00 7.471280661700305248e-02 -4.592500000000018012e+00 4.000000000000000000e+02 -6.344665314020661917e+00 -1.692987960071203801e+01 9.350000000000000533e-01
-9.286597556426315236e+00 7.441090128494967648e-02 -4.595000000000018403e+00 4.000000000000000000e+02 -6.338272080182179025e+00 -1.692598636687355551e+01 1.239999999999999991e+00
-9.286116549709385382e+00 7.461174773507536773e-02 -4.597500000000018794e+00 4.000000000000000000e+02 -6.336856395338077874e+00 -1.692707068202945209e+01 1.820000000000000062e+00
-9.285636295153180342e+00 7.478470898533605415e-02 -4.600000000000019185e+00 4.000000000000000000e+02 -6.335145396453587985e+00 -1.692785968314496259e+01 5.749999999999999556e-01
-9.285156649630039283e+00 7.474784318741478639e-02 -4.602500000000019575e+00 4.000000000000000000e+02 -6.333264867303538992e+00 -1.692847915399491399e+01 1.854999999999999982e+00
-9.284677530877329943e+00 7.437777723716873512e-02 -4.605000000000019966e+00 4.000000000000000000e+02 -6.327367140687909064e+00 -1.692508142737928623e+01 2.000000000000000000e+00
-9.284197012058648113e+00 7.445739738268827845e-02 -4.607500000000020357e+00 4.000000000000000000e+02 -6.327356249766926233e+00 -1.692757053645830467e+01 6.149999999999999911e-01
-9.283717917744116477e+00 7.455853868969118670e-02 -4.610000000000020748e+00 4.000000000000000000e+02 -6.325416644092297425e+00 -1.692813093078367359e+01 1.465000000000000080e+00
-9.283239321064838734e+00 7.453858279480388149e-02 -4.612500000000021139e+00 4.000000000000000000e+02 -6.319003723538338946e+00 -1.692421801022971550e+01 1.824999999999999956e+00
-9.282759078299195110e+00 7.446022089307573200e-02 -4.615000000000021529e+00 4.000000000000000000e+02 -6.308330057394078594e+00 -1.691604434408545643e+01 7.349999999999999867e-01
-9.282275127470956733e+00 7.451798680351419402e-02 -4.617500000000021920e+00 4.000000000000000000e+02 -6.298954482048012338e+00 -1.690916876873939145e+01 1.014999999999999902e+00
-9.281788074259830879e+00 7.461983393797246011e-02 -4.620000000000022311e+00 4.000000000000000000e+02 -6.293739006103938216e+00 -1.690645329279531595e+01 1.564999999999999947e+00
-9.281299934743193703e+00 7.499896349511493698e-02 -4.622500000000022702e+00 4.000000000000000000e+02 -6.286014093463623276e+00 -1.690122838015500406e+01 1.715000000000000080e+00
-9.280809478103829946e+00 7.470408057963325021e-02 -4.625000000000023093e+00 4.000000000000000000e+02 -6.283799434318436461e+00 -1.690151372100981675e+01 1.415000000000000036e+00
-9.280319401718758243e+00 7.463200770882259805e-02 -4.627500000000023483e+00 4.000000000000000000e+02 -6.282492469127237023e+00 -1.690270675581861681e+01 6.300000000000000044e-01
-9.279830149291386832e+00 7.467959981340513420e-02 -4.630000000000023874e+00 4.000000000000000000e+02 -6.281704034630934075e+00 -1.690441832132231426e+01 8.449999999999999734e-01
-9.279341972173035913e+00 7.485963859319749725e-02 -4.632500000000024265e+00 4.000000000000000000e+02 -6.279054381666310469e+00 -1.690426866835769104e+01 3.499999999999999778e-01
-9.278853960246150834e+00 7.482412638556332207e-02 -4.635000000000024656e+00 4.000000000000000000e+02 -6.274373465455751031e+00 -1.690208775214713199e+01 7.499999999999999722e-02
-9.278365121664153392e+00 7.499976297062313502e-02 -4.637500000000025047e+00 4.000000000000000000e+02 -6.265693786891592509e+00 -1.689590807358297297e+01 1.709999999999999964e+00
-9.277873493934960081e+00 7.500436502246465853e-02 -4.640000000000025437e+00 4.000000000000000000e+02 -6.256853031668675236e+00 -1.688956731836005787e+01 1.379999999999999893e+00
-9.277378982899193716e+00 7.529629600806571343e-02 -4.642500000000025828e+00 4.000000000000000000e+02 -6.256681953382349448e+00 -1.689189624007373425e+01 1.594999999999999973e+00
-9.276885865769163075e+00 7.540544763512509185e-02 -4.645000000000026219e+00 4.000000000000000000e+02 -6.254435198133193374e+00 -1.689214948482457856e+01 3.150000000000000022e-01
-9.276393116455020404e+00 7.544207629272359217e-02 -4.647500000000026610e+00 4.000000000000000000e+02 -6.252861249966885637e+00 -1.689307553665826944e+01 5.649999999999999467e-01
-9.275901065586603877e+00 7.534693602793691991e-02 -4.650000000000027001e+00 4.000000000000000000e+02 -6.252160089310533131e+00 -1.689487437600191555e+01 9.499999999999999556e-01
-9.275410140386172841e+00 7.530420884700984863e-02 -4.652500000000027391e+00 4.000000000000000000e+02 -6.248530414623818530e+00 -1.689374470131520312e+01 1.004999999999999893e+00
-9.274918901584385367e+00 7.540052196603068413e-02 -4.655000000000027782e+00 4.000000000000000000e+02 -6.245673863855805585e+00 -1.689338815054719234e+01 2.650000000000000133e-01
-9.274427728925886072e+00 7.563826089751896076e-02 -4.657500000000028173e+00 4.000000000000000000e+02 -6.242473213169062340e+00 -1.689268749986044682e+01 2.000000000000000042e-02
-9.273936453392000345e+00 7.568371232302806284e-02 -4.660000000000028564e+00 4.000000000000000000e+02 -6.242227889532227181e+00 -1.689494217622361205e+01 1.739999999999999991e+00
-9.273446524696668192e+00 7.561473673464282064e-02 -4.662500000000028955e+00 4.000000000000000000e+02 -6.241287105132059310e+00 -1.689650139182344546e+01 1.364999999999999991e+00
-9.272957598662893375e+00 7.569608767142732564e-02 -4.665000000000029345e+00 4.000000000000000000e+02 -6.240551077031224025e+00 -1.689826536372261145e+01 3.950000000000000178e-01
-9.272469772621391826e+00 7.596224788570617170e-02 -4.667500000000029736e+00 4.000000000000000000e+02 -6.236967420227580661e+00 -1.689718170691896759e+01 1.000000000000000056e-01
-9.271981655902466812e+00 7.594132912218212739e-02 -4.670000000000030127e+00 4.000000000000000000e+02 -6.233067695249793871e+00 -1.689578198194118031e+01 1.294999999999999929e+00
-9.271493094118158140e+00 7.579985855263843275e-02 -4.672500000000030518e+00 4.000000000000000000e+02 -6.225153361251160256e+00 -1.689036764794254708e+01 5.999999999999999778e-02
-9.271002120445135830e+00 7.597182386341075344e-02 -4.675000000000030909e+00 4.000000000000000000e+02 -6.210771420100582141e+00 -1.687848570679197024e+01 8.699999999999999956e-01
-9.270505523529106284e+00 7.605976005403587703e-02 -4.677500000000031299e+00 4.000000000000000000e+02 -6.199559790094259171e+00 -1.686977407678564589e+01 2.049999999999999878e-01
-9.270004831275477031e+00 7.581447644412944720e-02 -4.680000000000031690e+00 4.000000000000000000e+02 -6.198018208668820250e+00 -1.687073249536020825e+01 1.340000000000000080e+00
-9.269504868872143533e+00 7.578614410359588160e-02 -4.682500000000032081e+00 4.000000000000000000e+02 -6.196421723293740413e+00 -1.687163600998513147e+01 1.270000000000000018e+00
-9.269005607487377674e+00 7.592273094329564376e-02 -4.685000000000032472e+00 4.000000000000000000e+02 -6.194922143082161270e+00 -1.687263642977355005e+01 8.549999999999999822e-01
-9.268507094087905074e+00 7.579633882960003233e-02 -4.687500000000032863e+00 4.000000000000000000e+02 -6.193903082682510330e+00 -1.687411736937389861e+01 5.150000000000000133e-01
-9.268009566251082632e+00 7.643383362512203016e-02 -4.690000000000033253e+00 4.000000000000000000e+02 -6.192274813965862101e+00 -1.687498910065725255e+01 1.909999999999999920e+00
-9.267512719023507373e+00 7.629564810821018450e-02 -4.692500000000033644e+00 4.000000000000000000e+02 -6.189082736755704417e+00 -1.687429702344709526e+01 1.300000000000000044e-01
-9.267015774811087070e+00 7.620240545867552895e-02 -4.695000000000034035e+00 4.000000000000000000e+02 -6.189060624680360334e+00 -1.687677491137175423e+01 1.284999999999999920e+00
-9.266520306361947235e+00 7.626928549426077730e-02 -4.697500000000034426e+00 4.000000000000000000e+02 -6.186632583417839726e+00 -1.687684687010923312e+01 2.449999999999999956e-01
-9.266025118905748315e+00 7.636496194759960499e-02 -4.700000000000034817e+00 4.000000000000000000e+02 -6.185809167356286942e+00 -1.687852345404767718e+01 1.600000000000000089e+00
-9.265531005451187241e+00 7.648894021747917882e-02 -4.702500000000035207e+00 4.000000000000000000e+02 -6.184832725534010756e+00 -1.688004701222540405e+01 1.260000000000000009e+00
-9.265037887704714592e+00 7.626662046045633303e-02 -4.705000000000035598e+00 4.000000000000000000e+02 -6.184457550417369553e+00 -1.688217183710876412e+01 1.945000000000000062e+00
-9.264546058906866222e+00 7.614120681589249540e-02 -4.707500000000035989e+00 4.000000000000000000e+02 -6.182194160365618529e+00 -1.688240844705700994e+01 1.445000000000000062e+00
-9.264054588157723202e+00 7.593352957183532870e-02 -4.710000000000036380e+00 4.000000000000000000e+02 -6.182094113237363686e+00 -1.688480839992875815e+01 5.050000000000000044e-01
-9.263564536058627397e+00 7.585222368544070060e-02 -4.712500000000036771e+00 4.000000000000000000e+02 -6.173735245881354139e+00 -1.687894953257274722e+01 6.800000000000000488e-01
-9.263071846534783660e+00 7.568749502591384792e-02 -4.715000000000037161e+00 4.000000000000000000e+02 -6.173581105358684873e+00 -1.688129539205008101e+01 1.649999999999999911e+00
-9.262580553208286105e+00 7.558323644076300751e-02 -4.717500000000037552e+00 4.000000000000000000e+02 -6.171592151849511154e+00 -1.688180643854090590e+01 1.350000000000000089e+00
-9.262089751957169881e+00 7.547782145687137456e-02 -4.720000000000037943e+00 4.000000000000000000e+02 -6.167341565909603140e+00 -1.688005585260099650e+01 3.649999999999999911e-01
-9.261598332164519221e+00 7.535268669111416795e-02 -4.722500000000038334e+00 4.000000000000000000e+02 -6.166172148595626012e+00 -1.688138643528701976e+01 1.090000000000000080e+00
-9.261107806705396683e+00 7.560658969975976584e-02 -4.725000000000038725e+00 4.000000000000000000e+02 -6.166019715953865443e+00 -1.688373400264526225e+01 1.784999999999999920e+00
-9.260618671089451581e+00 7.527238958483417619e-02 -4.727500000000039115e+00 4.000000000000000000e+02 -6.159287655437067244e+00 -1.687950194212846355e+01 9.799999999999999822e-01
-9.260127701695282099e+00 7.525585720693513114e-02 -4.730000000000039506e+00 4.000000000000000000e+02 -6.158701938533879705e+00 -1.688141622522527641e+01 1.280000000000000027e+00
-9.259637911498618479e+00 7.549355855003178628e-02 -4.732500000000039897e+00 4.000000000000000000e+02 -6.157267760548807978e+00 -1.688248204724020596e+01 4.600000000000000200e-01
-9.259148882447117757e+00 7.540023714753726902e-02 -4.735000000000040288e+00 4.000000000000000000e+02 -6.151408890503212490e+00 -1.687912317719461086e+01 8.699999999999999956e-01
-9.258658448288835885e+00 7.537803800565215373e-02 -4.737500000000040679e+00 4.000000000000000000e+02 -6.138944050786053097e+00 -1.686915833747745097e+01 1.284999999999999920e+00
-9.258163346632542812e+00 7.533571799341608199e-02 -4.740000000000041069e+00 4.000000000000000000e+02 -6.136707714145567927e+00 -1.686942200083696619e+01 1.909999999999999920e+00
-9.257668620406704463e+00 7.544862610300967498e-02 -4.742500000000041460e+00 4.000000000000000000e+02 -6.132746494084208244e+00 -1.686796078077560779e+01 1.310000000000000053e+00
-9.257173415918309445e+00 7.544770853131972654e-02 -4.745000000000041851e+00 4.000000000000000000e+02 -6.130315588174842567e+00 -1.686802987486624161e+01 9.599999999999999645e-01
-9.256678490725152031e+00 7.547390808585612010e-02 -4.747500000000042242e+00 4.000000000000000000e+02 -6.128907234236818269e+00 -1.686912152092821771e+01 1.409999999999999920e+00
-9.256184349949672097e+00 7.545886575724476686e-02 -4.750000000000042633e+00 4.000000000000000000e+02 -6.128641769343431633e+00 -1.687135605603483057e+01 1.375000000000000000e+00
-9.255691555354552236e+00 7.555134516041669968e-02 -4.752500000000043023e+00 4.000000000000000000e+02 -6.127137297578905795e+00 -1.687235158427030512e+01 1.304999999999999938e+00
-9.255199493471069516e+00 7.567262511335151598e-02 -4.755000000000043414e+00 4.000000000000000000e+02 -6.124876620172313046e+00 -1.687259090686371366e+01 6.250000000000000000e-01
-9.254707791254002558e+00 7.559942574163493190e-02 -4.757500000000043805e+00 4.000000000000000000e+02 -6.124842818399897304e+00 -1.687505710509129742e+01 1.885000000000000009e+00
-9.254217540938341813e+00 7.540792587697121852e-02 -4.760000000000044196e+00 4.000000000000000000e+02 -6.115825955760578303e+00 -1.686854024245197792e+01 1.400000000000000133e-01
-9.253724327883906753e+00 7.543085996338383392e-02 -4.762500000000044587e+00 4.000000000000000000e+02 -6.115740123075190660e+00 -1.687095440976659333e+01 1.250000000000000000e-01
-9.253232546352883503e+00 7.525012088718954772e-02 -4.765000000000044977e+00 4.000000000000000000e+02 -6.109571818570714186e+00 -1.686728610526211725e+01 6.949999999999999512e-01
-9.252739200568679934e+00 7.534892341513409197e-02 -4.767500000000045368e+00 4.000000000000000000e+02 -6.107715399722907890e+00 -1.686792968641431045e+01 4.949999999999999956e-01
-9.252246415225759080e+00 7.552885176066098660e-02 -4.770000000000045759e+00 4.000000000000000000e+02 -6.105250550960341194e+00 -1.686796483765174415e+01 1.705000000000000071e+00
-9.251753889909544171e+00 7.543332044253886481e-02 -4.772500000000046150e+00 4.000000000000000000e+02 -6.100574005433802682e+00 -1.686578829212520603e+01 1.600000000000000033e-01
-9.251260534676706726e+00 7.514291455792056207e-02 -4.775000000000046541e+00 4.000000000000000000e+02 -6.093078457090835620e+00 -1.686079274378224113e+01 1.655000000000000027e+00
-9.250764953807273372e+00 7.505476042861522479e-02 -4.777500000000046931e+00 4.000000000000000000e+02 -6.092329339776644481e+00 -1.686254362646804950e+01 1.849999999999999978e-01
-9.250270484717745489e+00 7.497413730786578467e-02 -4.780000000000047322e+00 4.000000000000000000e+02 -6.092138872909673708e+00 -1.686485315960107556e+01 1.665000000000000036e+00
-9.249777399837300962e+00 7.548759534907770186e-02 -4.782500000000047713e+00 4.000000000000000000e+02 -6.091322628053178256e+00 -1.686653691474458228e+01 1.094999999999999973e+00
-9.249285386892607264e+00 7.547474951594673742e-02 -4.785000000000048104e+00 4.000000000000000000e+02 -6.088680549181368029e+00 -1.686639483587277510e+01 1.504999999999999893e+00
-9.248793546047560099e+00 7.537814951316226808e-02 -4.787500000000048495e+00 4.000000000000000000e+02 -6.087671312238549959e+00 -1.686788559892995565e+01 1.510000000000000009e+00
-9.248302679123034054e+00 7.551177220377268406e-02 -4.790000000000048885e+00 4.000000000000000000e+02 -6.086652519400995054e+00 -1.686936680609240113e+01 1.080000000000000071e+00
-9.247812779033722563e+00 7.557721230054761929e-02 -4.792500000000049276e+00 4.000000000000000000e+02 -6.078702308173698832e+00 -1.686391659486510619e+01 1.799999999999999933e-01
-9.247320443450234961e+00 7.533273959951260201e-02 -4.795000000000049667e+00 4.000000000000000000e+02 -6.071489594179302784e+00 -1.685920388087070876e+01 1.280000000000000027e+00
-9.246826026148125877e+00 7.503357972015914368e-02 -4.797500000000050058e+00 4.000000000000000000e+02 -6.071297598384030714e+00 -1.686151188507543708e+01 6.600000000000000311e-01
-9.246332992131009121e+00 7.511078175247178079e-02 -4.800000000000050449e+00 4.000000000000000000e+02 -6.064492725616378088e+00 -1.685720701230778573e+01 4.899999999999999911e-01
-9.245838075627119679e+00 7.503213559861703075e-02 -4.802500000000050839e+00 4.000000000000000000e+02 -6.062238245332828512e+00 -1.685745253202423655e+01 1.129999999999999893e+00
-9.245343525351135128e+00 7.499246178510825256e-02 -4.805000000000051230e+00 4.000000000000000000e+02 -6.057737227425909587e+00 -1.685545151411731979e+01 8.299999999999999600e-01
-9.244848229674319740e+00 7.488595027130233450e-02 -4.807500000000051621e+00 4.000000000000000000e+02 -6.057092018849532522e+00 -1.685730630554094134e+01 1.985000000000000098e+00
-9.244354096331623083e+00 7.512202728721822931e-02 -4.810000000000052012e+00 4.000000000000000000e+02 -6.051640806698157071e+00 -1.685435509338956450e+01 8.000000000000000167e-02
-9.243858747672566878e+00 7.542942941057391437e-02 -4.812500000000052403e+00 4.000000000000000000e+02 -6.034518089085094239e+00 -1.683973237577650295e+01 5.250000000000000222e-01
-9.243356353145218307e+00 7.544547753822115899e-02 -4.815000000000052793e+00 4.000000000000000000e+02 -6.030303941922587896e+00 -1.683801822861399700e+01 4.299999999999999933e-01
-9.242853349624159165e+00 7.586184416500783845e-02 -4.817500000000053184e+00 4.000000000000000000e+02 -6.029981472538775478e+00 -1.684019575923018408e+01 5.849999999999999645e-01
-9.242351692278029773e+00 7.582433863092802317e-02 -4.820000000000053575e+00 4.000000000000000000e+02 -6.029708111438075946e+00 -1.684242239812948583e+01 2.000000000000000042e-02
-9.241851401394539423e+00 7.574992221012059879e-02 -4.822500000000053966e+00 4.000000000000000000e+02 -6.024828836695800938e+00 -1.684004312338721121e+01 1.709999999999999964e+00
-9.241350169824613658e+00 7.539923349565480493e-02 -4.825000000000054357e+00 4.000000000000000000e+02 -6.022425788972722849e+00 -1.684014007566413440e+01 9.350000000000000533e-01
-9.240849237918595804e+00 7.563359262186762633e-02 -4.827500000000054747e+00 4.000000000000000000e+02 -6.021355350238115633e+00 -1.684156963692952758e+01 5.000000000000000104e-03
-9.240349271883893323e+00 7.565025672751861385e-02 -4.830000000000055138e+00 4.000000000000000000e+02 -6.009085439910951898e+00 -1.683179972660236245e+01 1.340000000000000080e+00
-9.239844650818474392e+00 7.551166268575403018e-02 -4.832500000000055529e+00 4.000000000000000000e+02 -6.006318670675802274e+00 -1.683153295736721589e+01 1.719999999999999973e+00
-9.239340149733559215e+00 7.567199157416255872e-02 -4.835000000000055920e+00 4.000000000000000000e+02 -6.006018303698839489e+00 -1.683373259039025527e+01 1.489999999999999991e+00
-9.238837010701674402e+00 7.550394713140060055e-02 -4.837500000000056311e+00 4.000000000000000000e+02 -6.001125620635248126e+00 -1.683133990732666163e+01 1.995000000000000107e+00
-9.238332920307477991e+00 7.524984040002287433e-02 -4.840000000000056701e+00 4.000000000000000000e+02 -6.000478960636768555e+00 -1.683319324732818245e+01 6.300000000000000044e-01
-9.237830016573250091e+00 7.553092385715391710e-02 -4.842500000000057092e+00 4.000000000000000000e+02 -5.996660426405615141e+00 -1.683187471309702943e+01 7.600000000000000089e-01
-9.237326702591325045e+00 7.534268402349390825e-02 -4.845000000000057483e+00 4.000000000000000000e+02 -5.992406441657843530e+00 -1.683012072834925732e+01 1.425000000000000044e+00
-9.236822758894200902e+00 7.513531428188305328e-02 -4.847500000000057874e+00 4.000000000000000000e+02 -5.989336963633503430e+00 -1.682955125032491850e+01 1.629999999999999893e+00
-9.236318782178704723e+00 7.516560866923087392e-02 -4.850000000000058265e+00 4.000000000000000000e+02 -5.986120364614649247e+00 -1.682883465130606382e+01 2.000000000000000111e-01
-9.235814698322132088e+00 7.530090260103566857e-02 -4.852500000000058655e+00 4.000000000000000000e+02 -5.976556321889660239e+00 -1.682177060858107609e+01 1.254999999999999893e+00
-9.235307297667846527e+00 7.528621886098650628e-02 -4.855000000000059046e+00 4.000000000000000000e+02 -5.963333991203187523e+00 -1.681104827789460643e+01 4.400000000000000022e-01
-9.234794688723725997e+00 7.525702295948148712e-02 -4.857500000000059437e+00 4.000000000000000000e+02 -5.962453568760190059e+00 -1.681266785545160758e+01 1.314999999999999947e+00
-9.234283171313894201e+00 7.534678559965952982e-02 -4.860000000000059828e+00 4.000000000000000000e+02 -5.959541192271763599e+00 -1.681225547896318062e+01 1.199999999999999956e-01
-9.233771704600890473e+00 7.508054371147313000e-02 -4.862500000000060218e+00 4.000000000000000000e+02 -5.955982462550090339e+00 -1.681119674924150686e+01 5.000000000000000000e-01
-9.233259957976096999e+00 7.544641704703360097e-02 -4.865000000000060609e+00 4.000000000000000000e+02 -5.954073603965629680e+00 -1.681178789065704748e+01 5.350000000000000311e-01
-9.232748775295263499e+00 7.546735635564624789e-02 -4.867500000000061000e+00 4.000000000000000000e+02 -5.948586563430295016e+00 -1.680880085012171321e+01 1.625000000000000000e+00
-9.232236325755367901e+00 7.572205693533745618e-02 -4.870000000000061391e+00 4.000000000000000000e+02 -5.942404831498086182e+00 -1.680511911818950210e+01 5.849999999999999645e-01
-9.231722249959879889e+00 7.581083237083460769e-02 -4.872500000000061782e+00 4.000000000000000000e+02 -5.934816141657492494e+00 -1.680003042834891147e+01 7.000000000000000666e-02
-9.231205817687303750e+00 7.554357930558942835e-02 -4.875000000000062172e+00 4.000000000000000000e+02 -5.932909724008287533e+00 -1.680062401069970690e+01 1.610000000000000098e+00
-9.230689958196313327e+00 7.560996727598862099e-02 -4.877500000000062563e+00 4.000000000000000000e+02 -5.930641744669782334e+00 -1.680085603136120298e+01 1.510000000000000009e+00
-9.230174484262786194e+00 7.609478566579098990e-02 -4.880000000000062954e+00 4.000000000000000000e+02 -5.929259567900627026e+00 -1.680197385459204540e+01 1.395000000000000018e+00
-9.229659851347765454e+00 7.612424085424589204e-02 -4.882500000000063345e+00 4.000000000000000000e+02 -5.928913929826869378e+00 -1.680412821651828992e+01 2.700000000000000178e-01
-9.229146589802002865e+00 7.612385690984449504e-02 -4.885000000000063736e+00 4.000000000000000000e+02 -5.924682237819827613e+00 -1.680239652451124854e+01 4.299999999999999933e-01
-9.228632702662352472e+00 7.601873387533528148e-02 -4.887500000000064126e+00 4.000000000000000000e+02 -5.919673469797341880e+00 -1.679988775648876498e+01 6.800000000000000488e-01
-9.228117789620018385e+00 7.594151643849797462e-02 -4.890000000000064517e+00 4.000000000000000000e+02 -5.915181021469261502e+00 -1.679789530816068321e+01 3.900000000000000133e-01
-9.227602115409437644e+00 7.629990345380315009e-02 -4.892500000000064908e+00 4.000000000000000000e+02 -5.913127594514872243e+00 -1.679834188120629435e+01 1.800000000000000044e+00
-9.227086937038556869e+00 7.643712420158139953e-02 -4.895000000000065299e+00 4.000000000000000000e+02 -5.909520571565347602e+00 -1.679723485825677187e+01 1.034999999999999920e+00
-9.226571453750500140e+00 7.635648707648894085e-02 -4.897500000000065690e+00 4.000000000000000000e+02 -5.909308172673800819e+00 -1.679952245936522459e+01 1.770000000000000018e+00
-9.226057413011551134e+00 7.615479708880595888e-02 -4.900000000000066080e+00 4.000000000000000000e+02 -5.907651241422955835e+00 -1.680036552811437645e+01 1.629999999999999893e+00
-9.225544069230108946e+00 7.603835618342068281e-02 -4.902500000000066471e+00 4.000000000000000000e+02 -5.904739191288956413e+00 -1.679995347798038097e+01 8.999999999999999667e-02
-9.225030777431156181e+00 7.603726549215553132e-02 -4.905000000000066862e+00 4.000000000000000000e+02 -5.903753912721642294e+00 -1.680146819941306546e+01 1.754999999999999893e+00
-9.224518525273630587e+00 7.591263923116066403e-02 -4.907500000000067253e+00 4.000000000000000000e+02 -5.903547472211466918e+00 -1.680376175890289048e+01 1.284999999999999920e+00
-9.224007708018168827e+00 7.613358211696058531e-02 -4.910000000000067644e+00 4.000000000000000000e+02 -5.902901214629729054e+00 -1.680561550132115300e+01 1.000000000000000021e-02
-9.223498096886336484e+00 7.627416544447697400e-02 -4.912500000000068034e+00 4.000000000000000000e+02 -5.901660782071957101e+00 -1.680687506876338233e+01 1.544999999999999929e+00
-9.222989386321446048e+00 7.611798150571022492e-02 -4.915000000000068425e+00 4.000000000000000000e+02 -5.900424603496270848e+00 -1.680813889018769913e+01 1.540000000000000036e+00
-9.222481576434921280e+00 7.606878047881381055e-02 -4.917500000000068816e+00 4.000000000000000000e+02 -5.899324912959606593e+00 -1.680953919965103438e+01 7.700000000000000178e-01
-9.221974734341127800e+00 7.590967137948401167e-02 -4.920000000000069207e+00 4.000000000000000000e+02 -5.898856381803948778e+00 -1.681157066849537429e+01 1.020000000000000018e+00
-9.221469176814009572e+00 7.583705569548615522e-02 -4.922500000000069598e+00 4.000000000000000000e+02 -5.898604819355024453e+00 -1.681381910604645213e+01 1.700000000000000122e-01
-9.220965009323958128e+00 7.595149572184016484e-02 -4.925000000000069988e+00 4.000000000000000000e+02 -5.898516309932420043e+00 -1.681623059662384634e+01 5.000000000000000000e-01
-9.220462309304139126e+00 7.585110607028439089e-02 -4.927500000000070379e+00 4.000000000000000000e+02 -5.891599586013176904e+00 -1.681181387270460448e+01 1.379999999999999893e+00
-9.219957638346201634e+00 7.621613273323622761e-02 -4.930000000000070770e+00 4.000000000000000000e+02 -5.879695457994580821e+00 -1.680240974468600967e+01 4.499999999999999833e-02
-9.219448457194623359e+00 7.614440330538524426e-02 -4.932500000000071161e+00 4.000000000000000000e+02 -5.865635240266292350e+00 -1.679084952695772159e+01 5.999999999999999778e-02
-9.218933619312961625e+00 7.601649776955637927e-02 -4.935000000000071552e+00 4.000000000000000000e+02 -5.864645317518572654e+00 -1.679235960421000229e+01 1.145000000000000018e+00
-9.218419822612039738e+00 7.602734620107871877e-02 -4.937500000000071942e+00 4.000000000000000000e+02 -5.859183836626214337e+00 -1.678939812331764259e+01 1.794999999999999929e+00
-9.217904767082890416e+00 7.615727697462697232e-02 -4.940000000000072333e+00 4.000000000000000000e+02 -5.856427326802841726e+00 -1.678914161349426948e+01 1.784999999999999920e+00
-9.217389844667648546e+00 7.610997975818113714e-02 -4.942500000000072724e+00 4.000000000000000000e+02 -5.854907778104761817e+00 -1.679012206479619351e+01 1.334999999999999964e+00
-9.216875691480652222e+00 7.579370622574528593e-02 -4.945000000000073115e+00 4.000000000000000000e+02 -5.853271569890754478e+00 -1.679098585658218568e+01 1.860000000000000098e+00
-9.216362246098835698e+00 7.571767240864976656e-02 -4.947500000000073506e+00 4.000000000000000000e+02 -5.851767996657487814e+00 -1.679198228334891851e+01 1.155000000000000027e+00
-9.215849575170404151e+00 7.552180295838750723e-02 -4.950000000000073896e+00 4.000000000000000000e+02 -5.849548115693677275e+00 -1.679226240238510570e+01 5.300000000000000266e-01
-9.215337310417227812e+00 7.561492474440829892e-02 -4.952500000000074287e+00 4.000000000000000000e+02 -5.847251802550633926e+00 -1.679246608924206541e+01 2.000000000000000111e-01
-9.214825412195745358e+00 7.554347285348454732e-02 -4.955000000000074678e+00 4.000000000000000000e+02 -5.837580485887081672e+00 -1.678529477257851354e+01 1.445000000000000062e+00
-9.214310094534900131e+00 7.563423663655166607e-02 -4.957500000000075069e+00 4.000000000000000000e+02 -5.834710807618268547e+00 -1.678492509430969903e+01 5.450000000000000400e-01
-9.213794851899811178e+00 7.611308214370683667e-02 -4.960000000000075460e+00 4.000000000000000000e+02 -5.832662582158317122e+00 -1.678537686884974889e+01 1.699999999999999956e+00
-9.213280107144218078e+00 7.614133716798830720e-02 -4.962500000000075850e+00 4.000000000000000000e+02 -5.832138185719322188e+00 -1.678735247241075612e+01 1.719999999999999973e+00
-9.212766642358864999e+00 7.609629838046301498e-02 -4.965000000000076241e+00 4.000000000000000000e+02 -5.832102579851141222e+00 -1.678981686654257643e+01 7.650000000000000133e-01
-9.212254703934114275e+00 7.584172292769091051e-02 -4.967500000000076632e+00 4.000000000000000000e+02 -5.830014103632755962e+00 -1.679022839032418801e+01 6.049999999999999822e-01
-9.211743237926109273e+00 7.575788855811672884e-02 -4.970000000000077023e+00 4.000000000000000000e+02 -5.829305315167578883e+00 -1.679201960185901044e+01 5.999999999999999778e-02
-9.211232948004358434e+00 7.579559408066555148e-02 -4.972500000000077414e+00 4.000000000000000000e+02 -5.821774880905433491e+00 -1.678698916759686810e+01 7.500000000000000000e-01
-9.210720346870010289e+00 7.566259334937423808e-02 -4.975000000000077804e+00 4.000000000000000000e+02 -5.819080955131667565e+00 -1.678679524182310345e+01 4.550000000000000155e-01
-9.210207909021148609e+00 7.555122600741598360e-02 -4.977500000000078195e+00 4.000000000000000000e+02 -5.812659767208172568e+00 -1.678287405389960796e+01 2.250000000000000056e-01
-9.209693721868962513e+00 7.571288275943235946e-02 -4.980000000000078586e+00 4.000000000000000000e+02 -5.811143290504164227e+00 -1.678385757719559734e+01 1.229999999999999982e+00
-9.209180304046327592e+00 7.587935212168712973e-02 -4.982500000000078977e+00 4.000000000000000000e+02 -5.809265136467440804e+00 -1.678447942315887786e+01 6.099999999999999867e-01
-9.208667468608281226e+00 7.571972775137753020e-02 -4.985000000000079368e+00 4.000000000000000000e+02 -5.807082867810222204e+00 -1.678479715450166054e+01 1.370000000000000107e+00
-9.208155058828410233e+00 7.537074455353720559e-02 -4.987500000000079758e+00 4.000000000000000000e+02 -5.806922926437688481e+00 -1.678713721312912455e+01 1.425000000000000044e+00
-9.207644108225782276e+00 7.564625082261176858e-02 -4.990000000000080149e+00 4.000000000000000000e+02 -5.802359845561592344e+00 -1.678507413225302969e+01 1.330000000000000071e+00
-9.207132364148515435e+00 7.554014884317118705e-02 -4.992500000000080540e+00 4.000000000000000000e+02 -5.801828867607089713e+00 -1.678704315429852656e+01 9.100000000000000311e-01
-9.206621887691659012e+00 7.577468274657454816e-02 -4.995000000000080931e+00 4.000000000000000000e+02 -5.800910959578483350e+00 -1.678862524626992325e+01 5.400000000000000355e-01
-9.206112478053103843e+00 7.572638832130844377e-02 -4.997500000000081322e+00 4.000000000000000000e+02 -5.797977944386332183e+00 -1.678819223107777248e+01 1.120000000000000107e+00
-9.205603107319220157e+00 7.567215414611801194e-02 -5.000000000000081712e+00 4.000000000000000000e+02 -5.792977975520954281e+00 -1.678569226221239319e+01 1.379999999999999893e+00
-9.205092721882015994e+00 7.556861566404517172e-02 -5.002500000000082103e+00 4.000000000000000000e+02 -5.792773269107772904e+00 -1.678798755579921220e+01 1.205000000000000071e+00
-9.204583766051735338e+00 7.583564179129977101e-02 -5.005000000000082494e+00 4.000000000000000000e+02 -5.792731265565643994e+00 -1.679044555225708280e+01 8.800000000000000044e-01
-9.204076317648711481e+00 7.598203668718590820e-02 -5.007500000000082885e+00 4.000000000000000000e+02 -5.791637915610314380e+00 -1.679185220230175446e+01 2.449999999999999956e-01
-9.203569839377196971e+00 7.648620124970821610e-02 -5.010000000000083276e+00 4.000000000000000000e+02 -5.791539254225760658e+00 -1.679425354091720024e+01 1.425000000000000044e+00
-9.203064831341318808e+00 7.626640138374274347e-02 -5.012500000000083666e+00 4.000000000000000000e+02 -5.789072919665118278e+00 -1.679428720635655736e+01 1.014999999999999902e+00
-9.202560095197995338e+00 7.606214982905799837e-02 -5.015000000000084057e+00 4.000000000000000000e+02 -5.787618230023241495e+00 -1.679533251671468363e+01 1.284999999999999920e+00
-9.202056140616175384e+00 7.574287990343457622e-02 -5.017500000000084448e+00 4.000000000000000000e+02 -5.785631568868625507e+00 -1.679584585556006715e+01 1.554999999999999938e+00
-9.201552698314397816e+00 7.553236063084466101e-02 -5.020000000000084839e+00 4.000000000000000000e+02 -5.782543337895774904e+00 -1.679525762458721516e+01 7.700000000000000178e-01
-9.201049213335350530e+00 7.573082052821826504e-02 -5.022500000000085230e+00 4.000000000000000000e+02 -5.781229829472119164e+00 -1.679644411616356336e+01 5.100000000000000089e-01
-9.200546578301912248e+00 7.523909970340859898e-02 -5.025000000000085620e+00 4.000000000000000000e+02 -5.778607431099888281e+00 -1.679632171779133287e+01 1.185000000000000053e+00
-9.200044134304414811e+00 7.525764558543231175e-02 -5.027500000000086011e+00 4.000000000000000000e+02 -5.777939195459611099e+00 -1.679815348215105431e+01 1.495000000000000107e+00
-9.199542861454611753e+00 7.523471392362608701e-02 -5.030000000000086402e+00 4.000000000000000000e+02 -5.776238474100711784e+00 -1.679895276079215449e+01 1.495000000000000107e+00
-9.199042239949157818e+00 7.538664526708024893e-02 -5.032500000000086793e+00 4.000000000000000000e+02 -5.774894829620087933e+00 -1.680010911631153192e+01 3.500000000000000333e-02
-9.198542447068081884e+00 7.489715956525098972e-02 -5.035000000000087184e+00 4.000000000000000000e+02 -5.773510621085163663e+00 -1.680122490777660715e+01 3.250000000000000111e-01
-9.198043460791396342e+00 7.484825386427181038e-02 -5.037500000000087574e+00 4.000000000000000000e+02 -5.769688423805021671e+00 -1.679990271049646822e+01 1.564999999999999947e+00
-9.197544063677188575e+00 7.506138587176912347e-02 -5.040000000000087965e+00 4.000000000000000000e+02 -5.769448090847238753e+00 -1.680216237753868214e+01 1.905000000000000027e+00
-9.197046042190017090e+00 7.497317978128496818e-02 -5.042500000000088356e+00 4.000000000000000000e+02 -5.768560766583468613e+00 -1.680377505327491505e+01 7.800000000000000266e-01
-9.196549070505959378e+00 7.489101617373862541e-02 -5.045000000000088747e+00 4.000000000000000000e+02 -5.766598209437854727e+00 -1.680431249612930245e+01 1.600000000000000033e-01
-9.196052612503324397e+00 7.504986631597790336e-02 -5.047500000000089138e+00 4.000000000000000000e+02 -5.765648753626714473e+00 -1.680586304031816169e+01 5.400000000000000355e-01
-9.195557169460435887e+00 7.468900504127734541e-02 -5.050000000000089528e+00 4.000000000000000000e+02 -5.764015896557180163e+00 -1.680673018324862511e+01 1.510000000000000009e+00
-9.195062400874704167e+00 7.527285668515440453e-02 -5.052500000000089919e+00 4.000000000000000000e+02 -5.761702015608482164e+00 -1.680691630229992839e+01 5.649999999999999467e-01
-9.194567968972881644e+00 7.538450323977531620e-02 -5.055000000000090310e+00 4.000000000000000000e+02 -5.758704003149361483e+00 -1.680641828984080988e+01 1.239999999999999991e+00
-9.194073535301152234e+00 7.531335535445463081e-02 -5.057500000000090701e+00 4.000000000000000000e+02 -5.758618750182572299e+00 -1.680883303687402019e+01 1.409999999999999920e+00
-9.193580537582079160e+00 7.513617524642277057e-02 -5.060000000000091092e+00 4.000000000000000000e+02 -5.757676229417958425e+00 -1.681039051610940760e+01 1.985000000000000098e+00
-9.193088549459407233e+00 7.525280440606288423e-02 -5.062500000000091482e+00 4.000000000000000000e+02 -5.756884816801001392e+00 -1.681209910349245007e+01 1.209999999999999964e+00
-9.192597642537979397e+00 7.511089569141478350e-02 -5.065000000000091873e+00 4.000000000000000000e+02 -5.756283747630759784e+00 -1.681399803432221063e+01 8.499999999999999778e-01
-9.192107907116811916e+00 7.464549369060897999e-02 -5.067500000000092264e+00 4.000000000000000000e+02 -5.749931900825909992e+00 -1.681014618751736123e+01 3.549999999999999822e-01
-9.191616522784729071e+00 7.469036288929477296e-02 -5.070000000000092655e+00 4.000000000000000000e+02 -5.747653334656551927e+00 -1.681036762134800000e+01 1.915000000000000036e+00
-9.191125488509561237e+00 7.428882554008414685e-02 -5.072500000000093046e+00 4.000000000000000000e+02 -5.746611882188652487e+00 -1.681182616888010273e+01 1.850000000000000089e+00
-9.190635410378998671e+00 7.438423722381365399e-02 -5.075000000000093436e+00 4.000000000000000000e+02 -5.746126239371101008e+00 -1.681384052606255253e+01 1.125000000000000000e+00
-9.190146557782185255e+00 7.423395312668469581e-02 -5.077500000000093827e+00 4.000000000000000000e+02 -5.741793927392368602e+00 -1.681200821408381785e+01 1.139999999999999902e+00
-9.189657048151230967e+00 7.429035448733993519e-02 -5.080000000000094218e+00 4.000000000000000000e+02 -5.740875086868629573e+00 -1.681358937356008099e+01 8.800000000000000044e-01
-9.189168550836765093e+00 7.443595552778953239e-02 -5.082500000000094609e+00 4.000000000000000000e+02 -5.738684301863453463e+00 -1.681389858855490615e+01 2.099999999999999922e-01
-9.188680442952186667e+00 7.416566537925237124e-02 -5.085000000000095000e+00 4.000000000000000000e+02 -5.737564488562130194e+00 -1.681527877525358150e+01 1.344999999999999973e+00
-9.188193245923677921e+00 7.406969615904278326e-02 -5.087500000000095390e+00 4.000000000000000000e+02 -5.733244280990120068e+00 -1.681345856768157176e+01 7.650000000000000133e-01
-9.187705399181838928e+00 7.373691510392740844e-02 -5.090000000000095781e+00 4.000000000000000000e+02 -5.733207812948976745e+00 -1.681592209964042794e+01 1.120000000000000107e+00
-9.187218989788245693e+00 7.377002906999055587e-02 -5.092500000000096172e+00 4.000000000000000000e+02 -5.729349871239050707e+00 -1.681456415793050496e+01 9.449999999999999512e-01
-9.186732156391581583e+00 7.401790878267114349e-02 -5.095000000000096563e+00 4.000000000000000000e+02 -5.726341579709384177e+00 -1.681405586640083882e+01 1.340000000000000080e+00
-9.186245312550811448e+00 7.405458829308489421e-02 -5.097500000000096954e+00 4.000000000000000000e+02 -5.724586951109936095e+00 -1.681480123780139024e+01 1.745000000000000107e+00
-9.185759068091257973e+00 7.405755931808122305e-02 -5.100000000000097344e+00 4.000000000000000000e+02 -5.724345087014858002e+00 -1.681705937370631077e+01 7.900000000000000355e-01
-9.185274155918973449e+00 7.388458850289282565e-02 -5.102500000000097735e+00 4.000000000000000000e+02 -5.724134478837466844e+00 -1.681934876552892177e+01 8.349999999999999645e-01
-9.184790586851296013e+00 7.374932641044229520e-02 -5.105000000000098126e+00 4.000000000000000000e+02 -5.720297322634270820e+00 -1.681801160932572614e+01 4.099999999999999756e-01
-9.184306604938978325e+00 7.388442938232121782e-02 -5.107500000000098517e+00 4.000000000000000000e+02 -5.710302452288275710e+00 -1.681051673897973231e+01 1.375000000000000000e+00
-9.183819218790805650e+00 7.379845502320912798e-02 -5.110000000000098908e+00 4.000000000000000000e+02 -5.701104629844133242e+00 -1.680381891653559023e+01 4.400000000000000022e-01
-9.183328797087808582e+00 7.381347636287345637e-02 -5.112500000000099298e+00 4.000000000000000000e+02 -5.700206811704805254e+00 -1.680542109839626264e+01 4.799999999999999822e-01
-9.182839400319167567e+00 7.392554398333157917e-02 -5.115000000000099689e+00 4.000000000000000000e+02 -5.696181061677749291e+00 -1.680389534836920618e+01 1.504999999999999893e+00
-9.182349496223967122e+00 7.373157991549406098e-02 -5.117500000000100080e+00 4.000000000000000000e+02 -5.694797533834448089e+00 -1.680501182052590536e+01 4.749999999999999778e-01
-9.181860378275048973e+00 7.357821496584648902e-02 -5.120000000000100471e+00 4.000000000000000000e+02 -5.690717163127192890e+00 -1.680343144981864967e+01 6.300000000000000044e-01
-9.181370726414211703e+00 7.352503475262350818e-02 -5.122500000000100862e+00 4.000000000000000000e+02 -5.690612610418611439e+00 -1.680582689711006950e+01 9.549999999999999600e-01
-9.180882484867305848e+00 7.368837709418162019e-02 -5.125000000000101252e+00 4.000000000000000000e+02 -5.687713250964664624e+00 -1.680542753765612218e+01 6.450000000000000178e-01
-9.180394286703810636e+00 7.369656718994979649e-02 -5.127500000000101643e+00 4.000000000000000000e+02 -5.684244782276263841e+00 -1.680445906896772357e+01 1.179999999999999938e+00
-9.179905854074080551e+00 7.396205064802714724e-02 -5.130000000000102034e+00 4.000000000000000000e+02 -5.681460191970026941e+00 -1.680417447866148706e+01 7.600000000000000089e-01
-9.179417520973141009e+00 7.366184409843215541e-02 -5.132500000000102425e+00 4.000000000000000000e+02 -5.680869904749217270e+00 -1.680608419144067511e+01 3.750000000000000000e-01
-9.178930357229537762e+00 7.371160487549280327e-02 -5.135000000000102816e+00 4.000000000000000000e+02 -5.679061527566261702e+00 -1.680677581425772260e+01 1.104999999999999982e+00
-9.178443767270064058e+00 7.383034858670398104e-02 -5.137500000000103206e+00 4.000000000000000000e+02 -5.678290332841108068e+00 -1.680850461953257025e+01 1.195000000000000062e+00
-9.177958253845106995e+00 7.381384371528233734e-02 -5.140000000000103597e+00 4.000000000000000000e+02 -5.678189252588479619e+00 -1.681090353927994130e+01 9.350000000000000533e-01
-9.177474138494950751e+00 7.368107151327039916e-02 -5.142500000000103988e+00 4.000000000000000000e+02 -5.670015229052493666e+00 -1.680522951574395307e+01 8.449999999999999734e-01
-9.176987504712251109e+00 7.365334894410989486e-02 -5.145000000000104379e+00 4.000000000000000000e+02 -5.667961577665511008e+00 -1.680567586435697436e+01 8.249999999999999556e-01
-9.176501324628274503e+00 7.377275575803277086e-02 -5.147500000000104770e+00 4.000000000000000000e+02 -5.667151048008822301e+00 -1.680736533470028604e+01 8.750000000000000000e-01
-9.176016200896132347e+00 7.367132283207541987e-02 -5.150000000000105160e+00 4.000000000000000000e+02 -5.666028403941027136e+00 -1.680874269063248860e+01 1.925000000000000044e+00
-9.175531979637675306e+00 7.355604570491301730e-02 -5.152500000000105551e+00 4.000000000000000000e+02 -5.663916348475398266e+00 -1.680913063516685924e+01 1.879999999999999893e+00
-9.175048180414224319e+00 7.379784843434193664e-02 -5.155000000000105942e+00 4.000000000000000000e+02 -5.663600674838398241e+00 -1.681131496152986315e+01 1.849999999999999978e-01
-9.174565669996377792e+00 7.330210296889082267e-02 -5.157500000000106333e+00 4.000000000000000000e+02 -5.663540749955227938e+00 -1.681375503664668969e+01 1.600000000000000089e+00
-9.174084567359150455e+00 7.370810137162367437e-02 -5.160000000000106724e+00 4.000000000000000000e+02 -5.662295241329897699e+00 -1.681500952802135984e+01 1.965000000000000080e+00
-9.173604298796282919e+00 7.382811063458551148e-02 -5.162500000000107114e+00 4.000000000000000000e+02 -5.661654053235030126e+00 -1.681686833992649355e+01 2.099999999999999922e-01
-9.173125152038632990e+00 7.373702097315161519e-02 -5.165000000000107505e+00 4.000000000000000000e+02 -5.661455894642942965e+00 -1.681917018133440678e+01 1.985000000000000098e+00
-9.172647335613472563e+00 7.354097160946126976e-02 -5.167500000000107896e+00 4.000000000000000000e+02 -5.658765115124571032e+00 -1.681897940181603701e+01 4.149999999999999800e-01
-9.172169656286833117e+00 7.374923536761970877e-02 -5.170000000000108287e+00 4.000000000000000000e+02 -5.654342356118081447e+00 -1.681705664280954693e+01 1.094999999999999973e+00
-9.171691286341705052e+00 7.366861824739137643e-02 -5.172500000000108678e+00 4.000000000000000000e+02 -5.651356084036876837e+00 -1.681657037072834271e+01 5.350000000000000311e-01
-9.171212912617320967e+00 7.396395158817498094e-02 -5.175000000000109068e+00 4.000000000000000000e+02 -5.650988661493345333e+00 -1.681870294818481426e+01 4.050000000000000266e-01
-9.170735785976711796e+00 7.405151591793104893e-02 -5.177500000000109459e+00 4.000000000000000000e+02 -5.647812598289440267e+00 -1.681802688498090603e+01 1.929999999999999938e+00
-9.170258564431373216e+00 7.384895539827115996e-02 -5.180000000000109850e+00 4.000000000000000000e+02 -5.646650736488729727e+00 -1.681936502318019677e+01 1.014999999999999902e+00
-9.169782208222823527e+00 7.400612891583560615e-02 -5.182500000000110241e+00 4.000000000000000000e+02 -5.644804506808101863e+00 -1.682001879349957107e+01 1.850000000000000089e+00
-9.169306389924994249e+00 7.366139587161750490e-02 -5.185000000000110632e+00 4.000000000000000000e+02 -5.644775314755238860e+00 -1.682248960144670846e+01 8.100000000000000533e-01
-9.168831971290165583e+00 7.388984548355062576e-02 -5.187500000000111022e+00 4.000000000000000000e+02 -5.643740945187186497e+00 -1.682395523187865649e+01 6.250000000000000000e-01
-9.168358471940880605e+00 7.371689399071147675e-02 -5.190000000000111413e+00 4.000000000000000000e+02 -5.642445987076842862e+00 -1.682516027376831147e+01 2.099999999999999922e-01
-9.167885766525447622e+00 7.365279057574100618e-02 -5.192500000000111804e+00 4.000000000000000000e+02 -5.636284930697977202e+00 -1.682149921738944442e+01 7.399999999999999911e-01
-9.167411551911898826e+00 7.358965629724188717e-02 -5.195000000000112195e+00 4.000000000000000000e+02 -5.634219835996217896e+00 -1.682193412268768640e+01 1.969999999999999973e+00
-9.166937768118323504e+00 7.348774238254135449e-02 -5.197500000000112585e+00 4.000000000000000000e+02 -5.632689479997481818e+00 -1.682290376668895249e+01 4.000000000000000083e-02
-9.166464667542493672e+00 7.346222152129605609e-02 -5.200000000000112976e+00 4.000000000000000000e+02 -5.629966978079781192e+00 -1.682268126477125136e+01 1.195000000000000062e+00
-9.165991685482149265e+00 7.343183758846351383e-02 -5.202500000000113367e+00 4.000000000000000000e+02 -5.624580173021864304e+00 -1.681979445971333575e+01 1.475000000000000089e+00
-9.165517560618733128e+00 7.347372801444604362e-02 -5.205000000000113758e+00 4.000000000000000000e+02 -5.620623076228393522e+00 -1.681833736291986625e+01 6.949999999999999512e-01
-9.165042969585380561e+00 7.337640769331614521e-02 -5.207500000000114149e+00 4.000000000000000000e+02 -5.614036384039667205e+00 -1.681425067073113766e+01 9.699999999999999734e-01
-9.164566661590351160e+00 7.327667167843283924e-02 -5.210000000000114539e+00 4.000000000000000000e+02 -5.610744096649128210e+00 -1.681345838334059906e+01 1.360000000000000098e+00
-9.164090203103882004e+00 7.317060700221428293e-02 -5.212500000000114930e+00 4.000000000000000000e+02 -5.609522096289583537e+00 -1.681473638298105655e+01 8.500000000000000611e-02
-9.163614579612419320e+00 7.320028970023458037e-02 -5.215000000000115321e+00 4.000000000000000000e+02 -5.606088464726886045e+00 -1.681380275141835767e+01 3.900000000000000133e-01
-9.163138738283496565e+00 7.330469167270096953e-02 -5.217500000000115712e+00 4.000000000000000000e+02 -5.603460978471177079e+00 -1.681367526516265087e+01 2.750000000000000222e-01
-9.162663062648036316e+00 7.320001709072039564e-02 -5.220000000000116103e+00 4.000000000000000000e+02 -5.603369290306164707e+00 -1.681608357699763800e+01 1.165000000000000036e+00
-9.162188756554042968e+00 7.308471212061744271e-02 -5.222500000000116493e+00 4.000000000000000000e+02 -5.603241800593648847e+00 -1.681845608728512076e+01 1.560000000000000053e+00
-9.161715798483452744e+00 7.309632684017795812e-02 -5.225000000000116884e+00 4.000000000000000000e+02 -5.595783460020534505e+00 -1.681349774671200947e+01 5.749999999999999556e-01
-9.161240714755217951e+00 7.331660489590929863e-02 -5.227500000000117275e+00 4.000000000000000000e+02 -5.593162433892186591e+00 -1.681337672058366195e+01 1.899999999999999911e+00
-9.160765799164286349e+00 7.314237834807964245e-02 -5.230000000000117666e+00 4.000000000000000000e+02 -5.590770050647161149e+00 -1.681348433733863601e+01 5.150000000000000133e-01
-9.160291160080857864e+00 7.341117202499559957e-02 -5.232500000000118057e+00 4.000000000000000000e+02 -5.590517183600727691e+00 -1.681573147029220294e+01 7.199999999999999734e-01
-9.159817810795047421e+00 7.318229788543897940e-02 -5.235000000000118447e+00 4.000000000000000000e+02 -5.588700840847229401e+00 -1.681641512753870416e+01 1.534999999999999920e+00
-9.159345008731373028e+00 7.325754114842746023e-02 -5.237500000000118838e+00 4.000000000000000000e+02 -5.585592006589970460e+00 -1.681580629328144738e+01 1.314999999999999947e+00
-9.158872142362227464e+00 7.339626908685741025e-02 -5.240000000000119229e+00 4.000000000000000000e+02 -5.579027052156037669e+00 -1.681174133884751143e+01 1.090000000000000080e+00
-9.158397574764771676e+00 7.304051914193035455e-02 -5.242500000000119620e+00 4.000000000000000000e+02 -5.578224680313509154e+00 -1.681343896700498419e+01 4.450000000000000067e-01
-9.157924036658467770e+00 7.306251815669503880e-02 -5.245000000000120011e+00 4.000000000000000000e+02 -5.562163218404689857e+00 -1.679987750509616973e+01 1.100000000000000006e-01
-9.157444261683203024e+00 7.298537355028660023e-02 -5.247500000000120401e+00 4.000000000000000000e+02 -5.558425237427472076e+00 -1.679863952411895056e+01 1.479999999999999982e+00
-9.156964122889080571e+00 7.322039541703873056e-02 -5.250000000000120792e+00 4.000000000000000000e+02 -5.557124583806740681e+00 -1.679983887049821689e+01 1.149999999999999911e+00
-9.156484789611095465e+00 7.301530565424156627e-02 -5.252500000000121183e+00 4.000000000000000000e+02 -5.555727725274017814e+00 -1.680094201196549619e+01 5.899999999999999689e-01
-9.156006214084719375e+00 7.304083811591810527e-02 -5.255000000000121574e+00 4.000000000000000000e+02 -5.553129432080541328e+00 -1.680084371877202187e+01 4.799999999999999822e-01
-9.155527820474043565e+00 7.280569118809039619e-02 -5.257500000000121965e+00 4.000000000000000000e+02 -5.549525972206897251e+00 -1.679974025889837463e+01 8.449999999999999734e-01
-9.155049127813768450e+00 7.324897395633003794e-02 -5.260000000000122355e+00 4.000000000000000000e+02 -5.549141331592609916e+00 -1.680185561828408680e+01 1.804999999999999938e+00
-9.154571675001964337e+00 7.337455844618985534e-02 -5.262500000000122746e+00 4.000000000000000000e+02 -5.547151135385829157e+00 -1.680236542207730821e+01 1.554999999999999938e+00
-9.154094693213654210e+00 7.326985574905360565e-02 -5.265000000000123137e+00 4.000000000000000000e+02 -5.546498693291605164e+00 -1.680421297998308461e+01 7.750000000000000222e-01
-9.153618818637292875e+00 7.338164307728152480e-02 -5.267500000000123528e+00 4.000000000000000000e+02 -5.545681177735779066e+00 -1.680589546442725890e+01 1.715000000000000080e+00
-9.153143969817920222e+00 7.315591166178045390e-02 -5.270000000000123919e+00 4.000000000000000000e+02 -5.545572142697934304e+00 -1.680828642938941542e+01 1.604999999999999982e+00
-9.152670479557102112e+00 7.331099834505047652e-02 -5.272500000000124309e+00 4.000000000000000000e+02 -5.543684344850257517e+00 -1.680889863154173725e+01 9.749999999999999778e-01
-9.152197502960625286e+00 7.302210045015934681e-02 -5.275000000000124700e+00 4.000000000000000000e+02 -5.541953241919439499e+00 -1.680966752861092317e+01 8.999999999999999667e-02
-9.151725113238127207e+00 7.322845787035849041e-02 -5.277500000000125091e+00 4.000000000000000000e+02 -5.541855864385695440e+00 -1.681207015107717950e+01 1.895000000000000018e+00
-9.151254079372042938e+00 7.302030385361134301e-02 -5.280000000000125482e+00 4.000000000000000000e+02 -5.541709995851543447e+00 -1.681442428254302612e+01 2.300000000000000100e-01
-9.150784374064443227e+00 7.289348254163191543e-02 -5.282500000000125873e+00 4.000000000000000000e+02 -5.536820733152155505e+00 -1.681203501984363768e+01 3.150000000000000022e-01
-9.150313766476958932e+00 7.334589460686810614e-02 -5.285000000000126263e+00 4.000000000000000000e+02 -5.533438085792794503e+00 -1.681115237248427974e+01 2.800000000000000266e-01
-9.149842964986126148e+00 7.336493033263351282e-02 -5.287500000000126654e+00 4.000000000000000000e+02 -5.532427257859069414e+00 -1.681264154455055149e+01 9.949999999999999956e-01
-9.149373085133518657e+00 7.308798236812691362e-02 -5.290000000000127045e+00 4.000000000000000000e+02 -5.529923909111740699e+00 -1.681263819580322405e+01 1.614999999999999991e+00
-9.148903424391892969e+00 7.306392234585068479e-02 -5.292500000000127436e+00 4.000000000000000000e+02 -5.529684174669649011e+00 -1.681489846136113187e+01 5.450000000000000400e-01
-9.148435043741187656e+00 7.314944207589163527e-02 -5.295000000000127827e+00 4.000000000000000000e+02 -5.529041633438525949e+00 -1.681675592013001364e+01 3.099999999999999978e-01
-9.147967750948591714e+00 7.313118152185027476e-02 -5.297500000000128217e+00 4.000000000000000000e+02 -5.525694993215295447e+00 -1.681590927990677997e+01 6.850000000000000533e-01
-9.147500280897483904e+00 7.288123913810792831e-02 -5.300000000000128608e+00 4.000000000000000000e+02 -5.523216390276044940e+00 -1.681593067696752897e+01 1.235000000000000098e+00
-9.147033039267890686e+00 7.279277705809242272e-02 -5.302500000000128999e+00 4.000000000000000000e+02 -5.522555069599365929e+00 -1.681776935629085301e+01 3.099999999999999978e-01
-9.146566873568488631e+00 7.269412266703642600e-02 -5.305000000000129390e+00 4.000000000000000000e+02 -5.520487802744176165e+00 -1.681820208943566541e+01 1.024999999999999911e+00
-9.146101126619093691e+00 7.273101589570397929e-02 -5.307500000000129781e+00 4.000000000000000000e+02 -5.520132090821600279e+00 -1.682034637751308637e+01 7.600000000000000089e-01
-9.145636593418593918e+00 7.283519688529931091e-02 -5.310000000000130171e+00 4.000000000000000000e+02 -5.504880138093171560e+00 -1.680759442478465715e+01 7.550000000000000044e-01
-9.145166318442147002e+00 7.260311793583641704e-02 -5.312500000000130562e+00 4.000000000000000000e+02 -5.503758253876394058e+00 -1.680897254056788270e+01 1.649999999999999911e+00
-9.144696911710960663e+00 7.285627769314209634e-02 -5.315000000000130953e+00 4.000000000000000000e+02 -5.500850599320415313e+00 -1.680856488601190435e+01 1.465000000000000080e+00
-9.144227533958964926e+00 7.286193281967151547e-02 -5.317500000000131344e+00 4.000000000000000000e+02 -5.498961532223537674e+00 -1.680917581891502621e+01 1.104999999999999982e+00
-9.143758662888162192e+00 7.287383421474875889e-02 -5.320000000000131735e+00 4.000000000000000000e+02 -5.498878080872076524e+00 -1.681159236756356279e+01 6.850000000000000533e-01
-9.143291142441494657e+00 7.310735237344556658e-02 -5.322500000000132125e+00 4.000000000000000000e+02 -5.498345963413171056e+00 -1.681356025010466126e+01 6.999999999999999556e-01
-9.142824758945021557e+00 7.306651578719608464e-02 -5.325000000000132516e+00 4.000000000000000000e+02 -5.497802195853981111e+00 -1.681551648254547260e+01 2.849999999999999756e-01
-9.142359503686646960e+00 7.327806008808002147e-02 -5.327500000000132907e+00 4.000000000000000000e+02 -5.496793879479941580e+00 -1.681700816617143346e+01 9.100000000000000311e-01
-9.141895157802936822e+00 7.292128088209728909e-02 -5.330000000000133298e+00 4.000000000000000000e+02 -5.496470015998986547e+00 -1.681918430269047704e+01 7.850000000000000311e-01
-9.141432036115544335e+00 7.278404488040128573e-02 -5.332500000000133689e+00 4.000000000000000000e+02 -5.494611876887838697e+00 -1.681982616357932869e+01 2.999999999999999889e-02
-9.140969425768632917e+00 7.240385005647033412e-02 -5.335000000000134079e+00 4.000000000000000000e+02 -5.489262919191737033e+00 -1.681697720588323008e+01 1.844999999999999973e+00
-9.140505710410721463e+00 7.266425556170767741e-02 -5.337500000000134470e+00 4.000000000000000000e+02 -5.478102647397220082e+00 -1.680831693408871175e+01 7.000000000000000666e-02
-9.140038179456066558e+00 7.269055423785707182e-02 -5.340000000000134861e+00 4.000000000000000000e+02 -5.472644353621978652e+00 -1.680535864031347160e+01 1.425000000000000044e+00
-9.139569482814428270e+00 7.269244056075864491e-02 -5.342500000000135252e+00 4.000000000000000000e+02 -5.470873400179234736e+00 -1.680608768687072541e+01 8.649999999999999911e-01
-9.139101347083643745e+00 7.256892805129175339e-02 -5.345000000000135643e+00 4.000000000000000000e+02 -5.470542958756067442e+00 -1.680825724544756028e+01 1.645000000000000018e+00
-9.138634444236890531e+00 7.260480454813916795e-02 -5.347500000000136033e+00 4.000000000000000000e+02 -5.469704757092035408e+00 -1.680991904378353041e+01 1.549999999999999989e-01
-9.138168533998424437e+00 7.248506167195153949e-02 -5.350000000000136424e+00 4.000000000000000000e+02 -5.468381728537759834e+00 -1.681109601522925345e+01 1.995000000000000107e+00
-9.137703388389095238e+00 7.236495199922582389e-02 -5.352500000000136815e+00 4.000000000000000000e+02 -5.467556027621898629e+00 -1.681277031431339353e+01 6.049999999999999822e-01
-9.137239236638622586e+00 7.250695139719905147e-02 -5.355000000000137206e+00 4.000000000000000000e+02 -5.465470575876728354e+00 -1.681318486256822453e+01 1.499999999999999944e-01
-9.136775492464646931e+00 7.247063110843060540e-02 -5.357500000000137597e+00 4.000000000000000000e+02 -5.463639411758332010e+00 -1.681385369844982591e+01 5.749999999999999556e-01
-9.136312273099195025e+00 7.249184433790746562e-02 -5.360000000000137987e+00 4.000000000000000000e+02 -5.457715234659515247e+00 -1.681042952135101132e+01 1.650000000000000078e-01
-9.135847680447223951e+00 7.251112674222523480e-02 -5.362500000000138378e+00 4.000000000000000000e+02 -5.456914255476391418e+00 -1.681212854216788699e+01 8.649999999999999911e-01
-9.135384091674813689e+00 7.257366189744833551e-02 -5.365000000000138769e+00 4.000000000000000000e+02 -5.450458040740943311e+00 -1.680817232743244105e+01 1.650000000000000078e-01
-9.134918881306617777e+00 7.220359486893214440e-02 -5.367500000000139160e+00 4.000000000000000000e+02 -5.446741323358930131e+00 -1.680695561005042649e+01 1.864999999999999991e+00
-9.134453321279567106e+00 7.222443401740209767e-02 -5.370000000000139551e+00 4.000000000000000000e+02 -5.441790322143812197e+00 -1.680450460883530894e+01 4.450000000000000067e-01
-9.133986836208018545e+00 7.214847234128067555e-02 -5.372500000000139941e+00 4.000000000000000000e+02 -5.439973270138139583e+00 -1.680518755682963672e+01 9.250000000000000444e-01
-9.133520886896967284e+00 7.229976553653263971e-02 -5.375000000000140332e+00 4.000000000000000000e+02 -5.439174319976157079e+00 -1.680688860666765549e+01 5.350000000000000311e-01
-9.133055945970006917e+00 7.241605313364085639e-02 -5.377500000000140723e+00 4.000000000000000000e+02 -5.438129083128791841e+00 -1.680834336982028887e+01 1.274999999999999911e+00
-9.132591896529010711e+00 7.232447676624405297e-02 -5.380000000000141114e+00 4.000000000000000000e+02 -5.437424586023931639e+00 -1.681013887271542728e+01 2.250000000000000056e-01
-9.132128894205857605e+00 7.247838426841213266e-02 -5.382500000000141505e+00 4.000000000000000000e+02 -5.434297795092656536e+00 -1.680951208178415612e+01 4.450000000000000067e-01
-9.131665816059545193e+00 7.255105258169794458e-02 -5.385000000000141895e+00 4.000000000000000000e+02 -5.431445750239275228e+00 -1.680916003693077698e+01 1.049999999999999961e-01
-9.131202789315567614e+00 7.257683650280204180e-02 -5.387500000000142286e+00 4.000000000000000000e+02 -5.428436814645528408e+00 -1.680865110133702700e+01 1.399999999999999911e+00
-9.130739741318997460e+00 7.265926498721642091e-02 -5.390000000000142677e+00 4.000000000000000000e+02 -5.426579985323587429e+00 -1.680929427201508730e+01 1.300000000000000044e+00
-9.130277205153173981e+00 7.256140961676182943e-02 -5.392500000000143068e+00 4.000000000000000000e+02 -5.426387768337135320e+00 -1.681160205502863647e+01 1.729999999999999982e+00
-9.129815948291826189e+00 7.257127456600766247e-02 -5.395000000000143459e+00 4.000000000000000000e+02 -5.423824391478647478e+00 -1.681153867817014813e+01 1.530000000000000027e+00
-9.129354874876559833e+00 7.243234636271991822e-02 -5.397500000000143849e+00 4.000000000000000000e+02 -5.419861394560583356e+00 -1.681007568125208351e+01 9.449999999999999512e-01
-9.128893339376142890e+00 7.208610577812504805e-02 -5.400000000000144240e+00 4.000000000000000000e+02 -5.409972363994397959e+00 -1.680268665068589939e+01 1.540000000000000036e+00
-9.128428596236043191e+00 7.199202272190598217e-02 -5.402500000000144631e+00 4.000000000000000000e+02 -5.408026300772771577e+00 -1.680324058746427340e+01 1.439999999999999947e+00
-9.127964326169568210e+00 7.206628391803071576e-02 -5.405000000000145022e+00 4.000000000000000000e+02 -5.404399881607184319e+00 -1.680211416829868654e+01 7.149999999999999689e-01
-9.127499748656710210e+00 7.238006430996504759e-02 -5.407500000000145413e+00 4.000000000000000000e+02 -5.402349159474606921e+00 -1.680256344616611131e+01 1.840000000000000080e+00
-9.127035595408109714e+00 7.231436846088241943e-02 -5.410000000000145803e+00 4.000000000000000000e+02 -5.399193979300199508e+00 -1.680190826599170251e+01 1.395000000000000018e+00
-9.126571353505850581e+00 7.223215667379859206e-02 -5.412500000000146194e+00 4.000000000000000000e+02 -5.389836835796840475e+00 -1.679505112248834564e+01 6.850000000000000533e-01
-9.126104134939378554e+00 7.220384436674434636e-02 -5.415000000000146585e+00 4.000000000000000000e+02 -5.389232813863910287e+00 -1.679694710055541407e+01 1.024999999999999911e+00
-9.125638018941657492e+00 7.224963591126960794e-02 -5.417500000000146976e+00 4.000000000000000000e+02 -5.383962329838737126e+00 -1.679417661653024041e+01 1.879999999999999893e+00
-9.125170827853775535e+00 7.212322069895157894e-02 -5.420000000000147367e+00 4.000000000000000000e+02 -5.383134641751691873e+00 -1.679584892844319555e+01 1.995000000000000107e+00
-9.124704635021405608e+00 7.217286999189709285e-02 -5.422500000000147757e+00 4.000000000000000000e+02 -5.382052119897634768e+00 -1.679726640658913794e+01 1.020000000000000018e+00
-9.124239319312300367e+00 7.205488408047540372e-02 -5.425000000000148148e+00 4.000000000000000000e+02 -5.380157516941231677e+00 -1.679787180363273791e+01 3.850000000000000089e-01
-9.123774501440319540e+00 7.196599075188461758e-02 -5.427500000000148539e+00 4.000000000000000000e+02 -5.374643070344953699e+00 -1.679485735703645943e+01 4.400000000000000022e-01
-9.123308497219699831e+00 7.180379994658193932e-02 -5.430000000000148930e+00 4.000000000000000000e+02 -5.374082955542507811e+00 -1.679679724223401394e+01 1.310000000000000053e+00
-9.122843612545846526e+00 7.166682738899318728e-02 -5.432500000000149321e+00 4.000000000000000000e+02 -5.374000176597517608e+00 -1.679921446328902590e+01 6.350000000000000089e-01
-9.122380065479791966e+00 7.174491045698740133e-02 -5.435000000000149711e+00 4.000000000000000000e+02 -5.372686678371108471e+00 -1.680040096506261449e+01 6.700000000000000400e-01
-9.121917282481529554e+00 7.173223915175439003e-02 -5.437500000000150102e+00 4.000000000000000000e+02 -5.369450911018923911e+00 -1.679966519771043210e+01 6.149999999999999911e-01
-9.121454373162745100e+00 7.190886711942756637e-02 -5.440000000000150493e+00 4.000000000000000000e+02 -5.365227727280820424e+00 -1.679794201397232811e+01 8.800000000000000044e-01
-9.120990880218679209e+00 7.174484814860056237e-02 -5.442500000000150884e+00 4.000000000000000000e+02 -5.364422432202946567e+00 -1.679963671889445465e+01 7.099999999999999645e-01
-9.120528386274406429e+00 7.174731725855820752e-02 -5.445000000000151275e+00 4.000000000000000000e+02 -5.359663820583744354e+00 -1.679737810727525371e+01 1.215000000000000080e+00
-9.120065061082710756e+00 7.172835769768516612e-02 -5.447500000000151665e+00 4.000000000000000000e+02 -5.357956884984836243e+00 -1.679817117167634422e+01 6.500000000000000222e-01
-9.119602317507853328e+00 7.212087863659213949e-02 -5.450000000000152056e+00 4.000000000000000000e+02 -5.352434937996028985e+00 -1.679514922468753824e+01 1.084999999999999964e+00
-9.119138388436406117e+00 7.175185793500299392e-02 -5.452500000000152447e+00 4.000000000000000000e+02 -5.351165296780463265e+00 -1.679637958347197468e+01 1.405000000000000027e+00
-9.118675244547006287e+00 7.197008307209182276e-02 -5.455000000000152838e+00 4.000000000000000000e+02 -5.348905255529721181e+00 -1.679661954222123299e+01 1.405000000000000027e+00
-9.118212426105527513e+00 7.228026963083404588e-02 -5.457500000000153229e+00 4.000000000000000000e+02 -5.348903595730473803e+00 -1.679911788242198512e+01 7.650000000000000133e-01
-9.117750975800088753e+00 7.232928755646808594e-02 -5.460000000000153619e+00 4.000000000000000000e+02 -5.345632677516244158e+00 -1.679834696420775231e+01 1.965000000000000080e+00
-9.117289382701448730e+00 7.221193257202170035e-02 -5.462500000000154010e+00 4.000000000000000000e+02 -5.343681517597929975e+00 -1.679889580428944029e+01 6.049999999999999822e-01
-9.116828255668766090e+00 7.212967117812074669e-02 -5.465000000000154401e+00 4.000000000000000000e+02 -5.343638773699495026e+00 -1.680135306039100840e+01 8.800000000000000044e-01
-9.116368472110769616e+00 7.255286265492068287e-02 -5.467500000000154792e+00 4.000000000000000000e+02 -5.342114753637306812e+00 -1.680232904032881791e+01 1.350000000000000089e-01
-9.115909348068134577e+00 7.263061643422051572e-02 -5.470000000000155183e+00 4.000000000000000000e+02 -5.341597903257765623e+00 -1.680431218994927889e+01 1.735000000000000098e+00
-9.115451343707473342e+00 7.265177439088250921e-02 -5.472500000000155573e+00 4.000000000000000000e+02 -5.338593499421356192e+00 -1.680380778611286985e+01 8.000000000000000444e-01
-9.114993318100022890e+00 7.247096778044946619e-02 -5.475000000000155964e+00 4.000000000000000000e+02 -5.335090623123905473e+00 -1.680280490981542130e+01 1.834999999999999964e+00
-9.114535042926195985e+00 7.228255039767224333e-02 -5.477500000000156355e+00 4.000000000000000000e+02 -5.334708316648844928e+00 -1.680492260334035848e+01 8.000000000000000444e-01
-9.114077946466295543e+00 7.220299400289266478e-02 -5.480000000000156746e+00 4.000000000000000000e+02 -5.331591666297566867e+00 -1.680430595298907903e+01 1.499999999999999944e-02
-9.113620777085726488e+00 7.213004544612305891e-02 -5.482500000000157137e+00 4.000000000000000000e+02 -5.328523691407984764e+00 -1.680373797809949821e+01 1.659999999999999920e+00
-9.113163557057045949e+00 7.287496163503909274e-02 -5.485000000000157527e+00 4.000000000000000000e+02 -5.326196264165109717e+00 -1.680391055085662444e+01 5.899999999999999689e-01
-9.112706624825825941e+00 7.271960125172989564e-02 -5.487500000000157918e+00 4.000000000000000000e+02 -5.324927048452384959e+00 -1.680514133514390096e+01 1.314999999999999947e+00
-9.112250462940572504e+00 7.228421818862727777e-02 -5.490000000000158309e+00 4.000000000000000000e+02 -5.319975652281952350e+00 -1.680268993897346519e+01 8.699999999999999956e-01
-9.111793390205079390e+00 7.245358086615555360e-02 -5.492500000000158700e+00 4.000000000000000000e+02 -5.319655165716736356e+00 -1.680486945240825136e+01 1.344999999999999973e+00
-9.111337520719660077e+00 7.228233374814660439e-02 -5.495000000000159091e+00 4.000000000000000000e+02 -5.313856605821666079e+00 -1.680157089251318325e+01 6.850000000000000533e-01
-9.110880353791362296e+00 7.205669261441821627e-02 -5.497500000000159481e+00 4.000000000000000000e+02 -5.308391073335748445e+00 -1.679860536002726690e+01 1.379999999999999893e+00
-9.110422038944934187e+00 7.191950297599185304e-02 -5.500000000000159872e+00 4.000000000000000000e+02 -5.302808336447028204e+00 -1.679552262313854527e+01 9.050000000000000266e-01
-9.109962519983874074e+00 7.204262082907711418e-02 -5.502500000000160263e+00 4.000000000000000000e+02 -5.302223851803146815e+00 -1.679743813849466250e+01 1.455000000000000071e+00
-9.109504090851293867e+00 7.242003704857288837e-02 -5.505000000000160654e+00 4.000000000000000000e+02 -5.295359841459059247e+00 -1.679307412815057887e+01 1.754999999999999893e+00
-9.109043868198352101e+00 7.264004281115987727e-02 -5.507500000000161045e+00 4.000000000000000000e+02 -5.293343791199537129e+00 -1.679355807789105626e+01 3.900000000000000133e-01
-9.108584079770029263e+00 7.277019522935583573e-02 -5.510000000000161435e+00 4.000000000000000000e+02 -5.293337062803848525e+00 -1.679605134949536449e+01 7.199999999999999734e-01
-9.108125646810982801e+00 7.258349716227086024e-02 -5.512500000000161826e+00 4.000000000000000000e+02 -5.291156021972961199e+00 -1.679637030866447844e+01 1.849999999999999978e-01
-9.107667570014040592e+00 7.265025810379321936e-02 -5.515000000000162217e+00 4.000000000000000000e+02 -5.288014083604871018e+00 -1.679572837029639132e+01 2.399999999999999911e-01
-9.107209409005928791e+00 7.252772181593854228e-02 -5.517500000000162608e+00 4.000000000000000000e+02 -5.287925724400944993e+00 -1.679814001109246391e+01 1.614999999999999991e+00
-9.106752560644393313e+00 7.259602032247593206e-02 -5.520000000000162999e+00 4.000000000000000000e+02 -5.286412014561197026e+00 -1.679912630125271633e+01 1.689999999999999947e+00
-9.106296370952577490e+00 7.282087520558461202e-02 -5.522500000000163389e+00 4.000000000000000000e+02 -5.286099554598448158e+00 -1.680131384128996785e+01 5.450000000000000400e-01
-9.105841385436228563e+00 7.297485675124504301e-02 -5.525000000000163780e+00 4.000000000000000000e+02 -5.283472375248668307e+00 -1.680118666194018928e+01 1.469999999999999973e+00
-9.105386549008587238e+00 7.324929357894506554e-02 -5.527500000000164171e+00 4.000000000000000000e+02 -5.279218161393312236e+00 -1.679943244808483271e+01 1.830000000000000071e+00
-9.104931121327270560e+00 7.325393944440188043e-02 -5.530000000000164562e+00 4.000000000000000000e+02 -5.277770822996346922e+00 -1.680048510968786957e+01 1.469999999999999973e+00
-9.104476379797899810e+00 7.328964749214729457e-02 -5.532500000000164952e+00 4.000000000000000000e+02 -5.277769151538235448e+00 -1.680298343822975937e+01 4.000000000000000222e-01
-9.104022978867327254e+00 7.320266776480614801e-02 -5.535000000000165343e+00 4.000000000000000000e+02 -5.276418773418866337e+00 -1.680413306011038799e+01 1.709999999999999964e+00
-9.103570304002204239e+00 7.359186968522929417e-02 -5.537500000000165734e+00 4.000000000000000000e+02 -5.272234610346304251e+00 -1.680244889703782718e+01 8.900000000000000133e-01
-9.103117071456315657e+00 7.359977449096363755e-02 -5.540000000000166125e+00 4.000000000000000000e+02 -5.271921701338710520e+00 -1.680463598803023473e+01 1.235000000000000098e+00
-9.102665033742489697e+00 7.360216338223392329e-02 -5.542500000000166516e+00 4.000000000000000000e+02 -5.271886838225912086e+00 -1.680710112491743757e+01 3.750000000000000000e-01
-9.102214312483370762e+00 7.364793656524881715e-02 -5.545000000000166906e+00 4.000000000000000000e+02 -5.271284323875256916e+00 -1.680899861056678191e+01 1.750000000000000000e+00
-9.101764648131698721e+00 7.382186903640244879e-02 -5.547500000000167297e+00 4.000000000000000000e+02 -5.270845227095107610e+00 -1.681105951378663121e+01 1.419999999999999929e+00
-9.101316111024020827e+00 7.392991880910107505e-02 -5.550000000000167688e+00 4.000000000000000000e+02 -5.258341605994802492e+00 -1.680105589268632826e+01 4.149999999999999800e-01
-9.100863268540500428e+00 7.399915735567290376e-02 -5.552500000000168079e+00 4.000000000000000000e+02 -5.258337562032140866e+00 -1.680355184872366436e+01 8.750000000000000000e-01
-9.100411759130363265e+00 7.412823129463962102e-02 -5.555000000000168470e+00 4.000000000000000000e+02 -5.257627006825514648e+00 -1.680534129351704209e+01 9.949999999999999956e-01
-9.099961260171649968e+00 7.404809492996222708e-02 -5.557500000000168860e+00 4.000000000000000000e+02 -5.256569554668419464e+00 -1.680678384135994463e+01 3.599999999999999867e-01
-9.099511613030326629e+00 7.415399663874165659e-02 -5.560000000000169251e+00 4.000000000000000000e+02 -5.253831440385208218e+00 -1.680654572707673466e+01 1.364999999999999991e+00
-9.099062060972714860e+00 7.417607562698710910e-02 -5.562500000000169642e+00 4.000000000000000000e+02 -5.253824284836090541e+00 -1.680903857152761560e+01 1.749999999999999889e-01
-9.098613829435400646e+00 7.421526418385546164e-02 -5.565000000000170033e+00 4.000000000000000000e+02 -5.251929564674004070e+00 -1.680964385136553219e+01 1.090000000000000080e+00
-9.098166069760805996e+00 7.419445753028847124e-02 -5.567500000000170424e+00 4.000000000000000000e+02 -5.251076271719758992e+00 -1.681129055841128661e+01 1.250000000000000000e-01
-9.097719246713250385e+00 7.426991577241470743e-02 -5.570000000000170814e+00 4.000000000000000000e+02 -5.248609502873929245e+00 -1.681132378956545637e+01 1.395000000000000018e+00
-9.097272638065618366e+00 7.436892005922568494e-02 -5.572500000000171205e+00 4.000000000000000000e+02 -5.245593067116389285e+00 -1.681080735380791680e+01 5.000000000000000278e-02
-9.096825998238470490e+00 7.416366713915412134e-02 -5.575000000000171596e+00 4.000000000000000000e+02 -5.243111497505542395e+00 -1.681082578419707119e+01 9.949999999999999956e-01
-9.096379566035560416e+00 7.408792128312405301e-02 -5.577500000000171987e+00 4.000000000000000000e+02 -5.238664509528329738e+00 -1.680887879621985803e+01 1.500000000000000000e+00
-9.095932463583217498e+00 7.410326755265762844e-02 -5.580000000000172378e+00 4.000000000000000000e+02 -5.237633806067890418e+00 -1.681034809275941910e+01 8.900000000000000133e-01
-9.095486216946110147e+00 7.379793764041951698e-02 -5.582500000000172768e+00 4.000000000000000000e+02 -5.236459324665802662e+00 -1.681167361135733174e+01 1.610000000000000098e+00
-9.095040760077358399e+00 7.378095929168772271e-02 -5.585000000000173159e+00 4.000000000000000000e+02 -5.231740969993340151e+00 -1.680945525668487051e+01 1.499999999999999944e-01
-9.094594512934957464e+00 7.378872345053030801e-02 -5.587500000000173550e+00 4.000000000000000000e+02 -5.229602898360378838e+00 -1.680981718505190869e+01 1.864999999999999991e+00
-9.094148626212517073e+00 7.361865967927594401e-02 -5.590000000000173941e+00 4.000000000000000000e+02 -5.228119709417950567e+00 -1.681083399610947993e+01 1.549999999999999989e-01
-9.093703391065780295e+00 7.379469981417835500e-02 -5.592500000000174332e+00 4.000000000000000000e+02 -5.224009056983887511e+00 -1.680922334367541993e+01 9.050000000000000266e-01
-9.093257636847528858e+00 7.375190133322029329e-02 -5.595000000000174722e+00 4.000000000000000000e+02 -5.222327729122229201e+00 -1.681004201581376378e+01 1.945000000000000062e+00
-9.092812445771116359e+00 7.360503691083938871e-02 -5.597500000000175113e+00 4.000000000000000000e+02 -5.211894718471681287e+00 -1.680210900516321360e+01 1.784999999999999920e+00
-9.092363909422971346e+00 7.355313412580645471e-02 -5.600000000000175504e+00 4.000000000000000000e+02 -5.206523822557362458e+00 -1.679923810924889338e+01 1.514999999999999902e+00
-9.091914285486005554e+00 7.350492568415173400e-02 -5.602500000000175895e+00 4.000000000000000000e+02 -5.203581844884947571e+00 -1.679879613157648066e+01 1.955000000000000071e+00
-9.091464664986196098e+00 7.353528642205976740e-02 -5.605000000000176286e+00 4.000000000000000000e+02 -5.200060639389505468e+00 -1.679777492608103984e+01 3.900000000000000133e-01
-9.091014787474410497e+00 7.364115003124661885e-02 -5.607500000000176676e+00 4.000000000000000000e+02 -5.200043808275649937e+00 -1.680025809496718381e+01 3.400000000000000244e-01
-9.090566227245574282e+00 7.346995020825806966e-02 -5.610000000000177067e+00 4.000000000000000000e+02 -5.195132490325491403e+00 -1.679784677701702478e+01 1.625000000000000000e+00
-9.090116785935110855e+00 7.360742427865009374e-02 -5.612500000000177458e+00 4.000000000000000000e+02 -5.192546709887993828e+00 -1.679776099657952670e+01 5.100000000000000089e-01
-9.089667508002447605e+00 7.359284905250286501e-02 -5.615000000000177849e+00 4.000000000000000000e+02 -5.192081791187058926e+00 -1.679979607787859663e+01 2.300000000000000100e-01
-9.089219344602465611e+00 7.357018094500797356e-02 -5.617500000000178240e+00 4.000000000000000000e+02 -5.191013293012705532e+00 -1.680122757970423919e+01 4.000000000000000222e-01
-9.088772022620219104e+00 7.336488139965444133e-02 -5.620000000000178630e+00 4.000000000000000000e+02 -5.189742076659213055e+00 -1.680245636335074977e+01 1.500000000000000000e+00
-9.088325449601631689e+00 7.349252816269229160e-02 -5.622500000000179021e+00 4.000000000000000000e+02 -5.184124671806237039e+00 -1.679933895849777414e+01 1.600000000000000089e+00
-9.087877682534760027e+00 7.345307338009195164e-02 -5.625000000000179412e+00 4.000000000000000000e+02 -5.178707898551341060e+00 -1.679642218524287856e+01 6.800000000000000488e-01
-9.087428808810706471e+00 7.311896129558669022e-02 -5.627500000000179803e+00 4.000000000000000000e+02 -5.178304885901910737e+00 -1.679851917259344773e+01 1.534999999999999920e+00
-9.086981076147896630e+00 7.311816938534584920e-02 -5.630000000000180194e+00 4.000000000000000000e+02 -5.175238244169839241e+00 -1.679795253086137663e+01 5.400000000000000355e-01
-9.086533290254365625e+00 7.326114379255881104e-02 -5.632500000000180584e+00 4.000000000000000000e+02 -5.173724329955461165e+00 -1.679893861664699983e+01 1.400000000000000133e-01
-9.086086145824820548e+00 7.321532067175202940e-02 -5.635000000000180975e+00 4.000000000000000000e+02 -5.170139303018758348e+00 -1.679785358971029652e+01 1.235000000000000098e+00
-9.085638716142495852e+00 7.304887528076127456e-02 -5.637500000000181366e+00 4.000000000000000000e+02 -5.167688690953001540e+00 -1.679790297764454010e+01 6.700000000000000400e-01
-9.085191508646225600e+00 7.290823673875461430e-02 -5.640000000000181757e+00 4.000000000000000000e+02 -5.167394617624347042e+00 -1.680010890431588422e+01 1.364999999999999991e+00
-9.084745485814647026e+00 7.297165927522859807e-02 -5.642500000000182148e+00 4.000000000000000000e+02 -5.162744202921105696e+00 -1.679795848961264682e+01 1.600000000000000089e+00
-9.084298702307116002e+00 7.325684766171938755e-02 -5.645000000000182538e+00 4.000000000000000000e+02 -5.162560071378863746e+00 -1.680027435807040348e+01 1.540000000000000036e+00
-9.083853151128954195e+00 7.310822144169908110e-02 -5.647500000000182929e+00 4.000000000000000000e+02 -5.159271722468151467e+00 -1.679948600915969337e+01 1.239999999999999991e+00
-9.083407447224715270e+00 7.305645787892479925e-02 -5.650000000000183320e+00 4.000000000000000000e+02 -5.159176144415410725e+00 -1.680189043110695124e+01 1.709999999999999964e+00
-9.082963011542297238e+00 7.322104570723531047e-02 -5.652500000000183711e+00 4.000000000000000000e+02 -5.157252675657833407e+00 -1.680246696234937431e+01 1.465000000000000080e+00
-9.082519029281794332e+00 7.307036287765977800e-02 -5.655000000000184102e+00 4.000000000000000000e+02 -5.153527025346750001e+00 -1.680124131203829307e+01 7.850000000000000311e-01
-9.082074699915990479e+00 7.308882046588130454e-02 -5.657500000000184492e+00 4.000000000000000000e+02 -5.152728971963827398e+00 -1.680294325865536820e+01 1.209999999999999964e+00
-9.081631322969807130e+00 7.318606584116950364e-02 -5.660000000000184883e+00 4.000000000000000000e+02 -5.151997224973609235e+00 -1.680471151166515043e+01 1.330000000000000071e+00
-9.081188925309179538e+00 7.308278378029109401e-02 -5.662500000000185274e+00 4.000000000000000000e+02 -5.151582981430060215e+00 -1.680679726812160268e+01 8.850000000000000089e-01
-9.080747644438975641e+00 7.309507334084879016e-02 -5.665000000000185665e+00 4.000000000000000000e+02 -5.148355486203941567e+00 -1.680606977289548354e+01 5.899999999999999689e-01
-9.080306237277650183e+00 7.304883702929099165e-02 -5.667500000000186056e+00 4.000000000000000000e+02 -5.148054565946604377e+00 -1.680826885263814674e+01 1.050000000000000044e+00
-9.079865993852541450e+00 7.341671812906611083e-02 -5.670000000000186446e+00 4.000000000000000000e+02 -5.147505087966392168e+00 -1.681021937465793314e+01 1.514999999999999902e+00
-9.079426801458220453e+00 7.372690920205052234e-02 -5.672500000000186837e+00 4.000000000000000000e+02 -5.147477010023251864e+00 -1.681269129671479590e+01 1.554999999999999938e+00
-9.078988885464545078e+00 7.361914230097850453e-02 -5.675000000000187228e+00 4.000000000000000000e+02 -5.141069837898584183e+00 -1.680878412459012949e+01 9.300000000000000488e-01
-9.078549447924089577e+00 7.364003244609008958e-02 -5.677500000000187619e+00 4.000000000000000000e+02 -5.140159334032813554e+00 -1.681037362072435926e+01 1.889999999999999902e+00
-9.078110900874104772e+00 7.351160267170948892e-02 -5.680000000000188010e+00 4.000000000000000000e+02 -5.139187072403692547e+00 -1.681190135909523775e+01 4.600000000000000200e-01
-9.077673215097076920e+00 7.355067446005306153e-02 -5.682500000000188400e+00 4.000000000000000000e+02 -5.137912402258340450e+00 -1.681312668894988605e+01 1.114999999999999991e+00
-9.077236256434565220e+00 7.317953250749038852e-02 -5.685000000000188791e+00 4.000000000000000000e+02 -5.137692626655046446e+00 -1.681540691334659243e+01 2.000000000000000000e+00
-9.076800483198830705e+00 7.310102428589795864e-02 -5.687500000000189182e+00 4.000000000000000000e+02 -5.127976799505748140e+00 -1.680819108619729363e+01 1.010000000000000009e+00
-9.076361746008577924e+00 7.307236976822209518e-02 -5.690000000000189573e+00 4.000000000000000000e+02 -5.127909033384384863e+00 -1.681062332007592985e+01 1.199999999999999956e-01
-9.075924266338603275e+00 7.294678664471582197e-02 -5.692500000000189964e+00 4.000000000000000000e+02 -5.115324148331575671e+00 -1.680053843502312105e+01 1.145000000000000018e+00
-9.075482546637152481e+00 7.296799654681501712e-02 -5.695000000000190354e+00 4.000000000000000000e+02 -5.113858334532169536e+00 -1.680157262122371975e+01 1.400000000000000133e-01
-9.075041478247907634e+00 7.337081234154224640e-02 -5.697500000000190745e+00 4.000000000000000000e+02 -5.110501580112802422e+00 -1.680071586680434947e+01 4.400000000000000022e-01
-9.074600226515036283e+00 7.339114515995530386e-02 -5.700000000000191136e+00 4.000000000000000000e+02 -5.110445352767844618e+00 -1.680315963945939117e+01 3.250000000000000111e-01
-9.074160245689981252e+00 7.344929353325579946e-02 -5.702500000000191527e+00 4.000000000000000000e+02 -5.105762721200629350e+00 -1.680097700789217896e+01 1.975000000000000089e+00
-9.073719497632643183e+00 7.361634094363066205e-02 -5.705000000000191918e+00 4.000000000000000000e+02 -5.103308711810269571e+00 -1.680102299850182135e+01 1.385000000000000009e+00
-9.073278964004991565e+00 7.385235303502567239e-02 -5.707500000000192308e+00 4.000000000000000000e+02 -5.102754677704733233e+00 -1.680296896439628185e+01 1.080000000000000071e+00
-9.072839480226413400e+00 7.404401175827907133e-02 -5.710000000000192699e+00 4.000000000000000000e+02 -5.099830991937521318e+00 -1.680254527862906855e+01 1.635000000000000009e+00
-9.072400003389224921e+00 7.420816251521195062e-02 -5.712500000000193090e+00 4.000000000000000000e+02 -5.085686860948016808e+00 -1.679090114763956620e+01 9.000000000000000222e-01
-9.071955575776057046e+00 7.397883174327048172e-02 -5.715000000000193481e+00 4.000000000000000000e+02 -5.081628515114311462e+00 -1.678934280180586214e+01 8.599999999999999867e-01
-9.071510652941221053e+00 7.353989665571925016e-02 -5.717500000000193872e+00 4.000000000000000000e+02 -5.076218622683374093e+00 -1.678643290937492338e+01 1.655000000000000027e+00
-9.071064632277165529e+00 7.394768616653890625e-02 -5.720000000000194262e+00 4.000000000000000000e+02 -5.069238184103935119e+00 -1.678195247079548480e+01 1.900000000000000022e-01
-9.070616808948299692e+00 7.440810433972376570e-02 -5.722500000000194653e+00 4.000000000000000000e+02 -5.069109145427917795e+00 -1.678432343211947142e+01 1.334999999999999964e+00
-9.070170245878117044e+00 7.434977744284312906e-02 -5.725000000000195044e+00 4.000000000000000000e+02 -5.068407590014493813e+00 -1.678612187670604783e+01 1.935000000000000053e+00
-9.069724683997872461e+00 7.443049734637316450e-02 -5.727500000000195435e+00 4.000000000000000000e+02 -5.064769164593545980e+00 -1.678498345128510039e+01 1.760000000000000009e+00
-9.069278813365910352e+00 7.452826973428472446e-02 -5.730000000000195826e+00 4.000000000000000000e+02 -5.062375418413582295e+00 -1.678508970510513620e+01 5.999999999999999778e-02
-9.068833188787252197e+00 7.489930375578832122e-02 -5.732500000000196216e+00 4.000000000000000000e+02 -5.057410838851322588e+00 -1.678262512554287511e+01 1.364999999999999991e+00
-9.068386663804837156e+00 7.448257481483390452e-02 -5.735000000000196607e+00 4.000000000000000000e+02 -5.056877940137353811e+00 -1.678459222682890939e+01 8.549999999999999822e-01
-9.067941215027543578e+00 7.434199992002701873e-02 -5.737500000000196998e+00 4.000000000000000000e+02 -5.048907770276304774e+00 -1.677912205696785719e+01 1.150000000000000050e-01
-9.067493522863861344e+00 7.458642396974052291e-02 -5.740000000000197389e+00 4.000000000000000000e+02 -5.047321103080598448e+00 -1.678003538977215214e+01 3.099999999999999978e-01
-9.067046439469834240e+00 7.428688343214896739e-02 -5.742500000000197780e+00 4.000000000000000000e+02 -5.046280269238362592e+00 -1.678149455592991757e+01 4.400000000000000022e-01
-9.066600207326597882e+00 7.464374270959604762e-02 -5.745000000000198170e+00 4.000000000000000000e+02 -5.043480208477051363e+00 -1.678119449516860584e+01 1.080000000000000071e+00
-9.066154040390415503e+00 7.407024548756108162e-02 -5.747500000000198561e+00 4.000000000000000000e+02 -5.038249739633439361e+00 -1.677846402632499689e+01 7.650000000000000133e-01
-9.065706853337415438e+00 7.392922806390463120e-02 -5.750000000000198952e+00 4.000000000000000000e+02 -5.037812435957587986e+00 -1.678052672264914236e+01 6.899999999999999467e-01
-9.065260787014434385e+00 7.374972023527062714e-02 -5.752500000000199343e+00 4.000000000000000000e+02 -5.033588803630594022e+00 -1.677880309032214967e+01 5.500000000000000444e-01
-9.064814150575426055e+00 7.399855019658926891e-02 -5.755000000000199734e+00 4.000000000000000000e+02 -5.032984694365698175e+00 -1.678069898105725599e+01 1.800000000000000044e+00
-9.064368558937131226e+00 7.407471294323041133e-02 -5.757500000000200124e+00 4.000000000000000000e+02 -5.030411593308770080e+00 -1.678062588000032918e+01 1.504999999999999893e+00
-9.063923133209662808e+00 7.398820091460006632e-02 -5.760000000000200515e+00 4.000000000000000000e+02 -5.024577717236938135e+00 -1.677729200392849407e+01 2.500000000000000139e-02
-9.063476419319924204e+00 7.391141761832507873e-02 -5.762500000000200906e+00 4.000000000000000000e+02 -5.021338821510420658e+00 -1.677655310820198054e+01 7.700000000000000178e-01
-9.063029574918591180e+00 7.379505782653655865e-02 -5.765000000000201297e+00 4.000000000000000000e+02 -5.019931625427574318e+00 -1.677764591211913370e+01 6.099999999999999867e-01
-9.062583417817801745e+00 7.373229980102924408e-02 -5.767500000000201688e+00 4.000000000000000000e+02 -5.015924297147311250e+00 -1.677613858383887191e+01 4.799999999999999822e-01
-9.062136787122430093e+00 7.371458554166297750e-02 -5.770000000000202078e+00 4.000000000000000000e+02 -5.015297852409612567e+00 -1.677801213910117184e+01 1.995000000000000107e+00
-9.061691191261514788e+00 7.356877697746457001e-02 -5.772500000000202469e+00 4.000000000000000000e+02 -5.003867075467215209e+00 -1.676908136215877576e+01 1.885000000000000009e+00
-9.061241799205545178e+00 7.337583447888247623e-02 -5.775000000000202860e+00 4.000000000000000000e+02 -5.003729057892917886e+00 -1.677144334458447972e+01 1.799999999999999933e-01
-9.060793668501991860e+00 7.334480213959002071e-02 -5.777500000000203251e+00 4.000000000000000000e+02 -5.002184297227437071e+00 -1.677239858391899929e+01 1.209999999999999964e+00
-9.060346166109967569e+00 7.348288756901161234e-02 -5.780000000000203642e+00 4.000000000000000000e+02 -5.000894430965221460e+00 -1.677360871765678141e+01 1.784999999999999920e+00
-9.059899404734061079e+00 7.350143099298718508e-02 -5.782500000000204032e+00 4.000000000000000000e+02 -5.000017676795801336e+00 -1.677523196348736434e+01 7.600000000000000089e-01
-9.059453566994999818e+00 7.359353202548805928e-02 -5.785000000000204423e+00 4.000000000000000000e+02 -4.998866797928251060e+00 -1.677658108461981357e+01 7.299999999999999822e-01
-9.059008528620669409e+00 7.351452806070093993e-02 -5.787500000000204814e+00 4.000000000000000000e+02 -4.997304407611026456e+00 -1.677751869430258935e+01 1.389999999999999902e+00
-9.058564105015966206e+00 7.368387672266703270e-02 -5.790000000000205205e+00 4.000000000000000000e+02 -4.995123034866193024e+00 -1.677783732155775454e+01 1.600000000000000089e+00
-9.058120020324468058e+00 7.371840913376356830e-02 -5.792500000000205596e+00 4.000000000000000000e+02 -4.993366179635563284e+00 -1.677858046632712785e+01 7.750000000000000222e-01
-9.057676462433709830e+00 7.370757728796710484e-02 -5.795000000000205986e+00 4.000000000000000000e+02 -4.992527647172123828e+00 -1.678024193386368879e+01 1.435000000000000053e+00
-9.057233837055154169e+00 7.438511715638106148e-02 -5.797500000000206377e+00 4.000000000000000000e+02 -4.986160974326756090e+00 -1.677637526101831966e+01 1.215000000000000080e+00
-9.056789693845729516e+00 7.433473594267225870e-02 -5.800000000000206768e+00 4.000000000000000000e+02 -4.981240457449529480e+00 -1.677395474414109344e+01 4.949999999999999956e-01
-9.056344672170848042e+00 7.457706152348489437e-02 -5.802500000000207159e+00 4.000000000000000000e+02 -4.980276178156274547e+00 -1.677549046484783801e+01 1.820000000000000062e+00
-9.055900530901322298e+00 7.466507791990553700e-02 -5.805000000000207550e+00 4.000000000000000000e+02 -4.975582155521023786e+00 -1.677329644221259031e+01 4.450000000000000067e-01
-9.055455611929888349e+00 7.469233365723150497e-02 -5.807500000000207940e+00 4.000000000000000000e+02 -4.972246132754650105e+00 -1.677246041944621524e+01 8.199999999999999512e-01
-9.055010518953650944e+00 7.474171503970261643e-02 -5.810000000000208331e+00 4.000000000000000000e+02 -4.960218375131180579e+00 -1.676293266182274522e+01 3.250000000000000111e-01
-9.054561365844417509e+00 7.468252899615687723e-02 -5.812500000000208722e+00 4.000000000000000000e+02 -4.957672248913203461e+00 -1.676288653560477115e+01 8.499999999999999778e-01
-9.054112393678868997e+00 7.459436230559757242e-02 -5.815000000000209113e+00 4.000000000000000000e+02 -4.952492666929777521e+00 -1.676020695362134560e+01 9.500000000000000111e-02
-9.053662419139349993e+00 7.464319650518368154e-02 -5.817500000000209504e+00 4.000000000000000000e+02 -4.951796444549207088e+00 -1.676201073124077467e+01 9.549999999999999600e-01
-9.053213457361616534e+00 7.454682240497241541e-02 -5.820000000000209894e+00 4.000000000000000000e+02 -4.951584008060454067e+00 -1.676429829475202027e+01 1.750000000000000000e+00
-9.052765722225007750e+00 7.455479752320935682e-02 -5.822500000000210285e+00 4.000000000000000000e+02 -4.946767427815824902e+00 -1.676198171450739238e+01 2.800000000000000266e-01
-9.052317149746235359e+00 7.463858907987898361e-02 -5.825000000000210676e+00 4.000000000000000000e+02 -4.946280172279654330e+00 -1.676399445897122220e+01 5.000000000000000000e-01
-9.051869679742193142e+00 7.472985183279702570e-02 -5.827500000000211067e+00 4.000000000000000000e+02 -4.944293666589630654e+00 -1.676450795328119980e+01 1.104999999999999982e+00
-9.051422639438261086e+00 7.485382485271978303e-02 -5.830000000000211458e+00 4.000000000000000000e+02 -4.942407613084153439e+00 -1.676512189977572120e+01 1.534999999999999920e+00
-9.050976073080830631e+00 7.485710822436481005e-02 -5.832500000000211848e+00 4.000000000000000000e+02 -4.942379399486093838e+00 -1.676759368617766199e+01 9.000000000000000222e-01
-9.050530807772078745e+00 7.483433636788469623e-02 -5.835000000000212239e+00 4.000000000000000000e+02 -4.941546053790976778e+00 -1.676926034048254621e+01 1.449999999999999956e+00
-9.050086481626914647e+00 7.506513091897679124e-02 -5.837500000000212630e+00 4.000000000000000000e+02 -4.940336725300199738e+00 -1.677055101199177045e+01 7.149999999999999689e-01
-9.049642925547400907e+00 7.488238822417868368e-02 -5.840000000000213021e+00 4.000000000000000000e+02 -4.937084721093698114e+00 -1.676979900778526655e+01 5.250000000000000222e-01
-9.049199232663095671e+00 7.496419225637385164e-02 -5.842500000000213412e+00 4.000000000000000000e+02 -4.936117025610340825e+00 -1.677133131230191054e+01 8.999999999999999667e-02
-9.048756415455235569e+00 7.499544215784603729e-02 -5.845000000000213802e+00 4.000000000000000000e+02 -4.931478789895117565e+00 -1.676919307658668856e+01 1.344999999999999973e+00
-9.048312847016722671e+00 7.502480529126667741e-02 -5.847500000000214193e+00 4.000000000000000000e+02 -4.930688356231875069e+00 -1.677090264292344557e+01 1.030000000000000027e+00
-9.047870232402285495e+00 7.513502231874336079e-02 -5.850000000000214584e+00 4.000000000000000000e+02 -4.928469816895646893e+00 -1.677118410358721690e+01 3.499999999999999778e-01
-9.047427938087309940e+00 7.502365685771754389e-02 -5.852500000000214975e+00 4.000000000000000000e+02 -4.922372327169394879e+00 -1.676758661386096705e+01 8.000000000000000444e-01
-9.046984246353481751e+00 7.481474863981721346e-02 -5.855000000000215366e+00 4.000000000000000000e+02 -4.919763570645987016e+00 -1.676747785733756047e+01 1.729999999999999982e+00
-9.046540703169805298e+00 7.496127346317917051e-02 -5.857500000000215756e+00 4.000000000000000000e+02 -4.916020433495033259e+00 -1.676623472018660621e+01 1.514999999999999902e+00
-9.046096805268582841e+00 7.489596259373149101e-02 -5.860000000000216147e+00 4.000000000000000000e+02 -4.899379117827773022e+00 -1.675209340451934636e+01 1.060000000000000053e+00
-9.045646786657005833e+00 7.540745381933253166e-02 -5.862500000000216538e+00 4.000000000000000000e+02 -4.894817881280584260e+00 -1.675003216797215799e+01 6.850000000000000533e-01
-9.045196042546447046e+00 7.591727058291936059e-02 -5.865000000000216929e+00 4.000000000000000000e+02 -4.888642941732071812e+00 -1.674635722842364771e+01 3.400000000000000244e-01
-9.044743843132490468e+00 7.615244669935762600e-02 -5.867500000000217319e+00 4.000000000000000000e+02 -4.883739627889569945e+00 -1.674395391458114446e+01 1.689999999999999947e+00
-9.044290760764486237e+00 7.614782698996371002e-02 -5.870000000000217710e+00 4.000000000000000000e+02 -4.881536908564103605e+00 -1.674425119525567851e+01 1.919999999999999929e+00
-9.043838018168305126e+00 7.623008726980393113e-02 -5.872500000000218101e+00 4.000000000000000000e+02 -4.878257890641353178e+00 -1.674347217733292936e+01 6.899999999999999467e-01
-9.043385127862734407e+00 7.624788683861682959e-02 -5.875000000000218492e+00 4.000000000000000000e+02 -4.877325715845303833e+00 -1.674504000253688218e+01 1.810000000000000053e+00
-9.042933151589034324e+00 7.624110172059131441e-02 -5.877500000000218883e+00 4.000000000000000000e+02 -4.875906418754204275e+00 -1.674612070544577946e+01 2.300000000000000100e-01
-9.042481867363193260e+00 7.619112599857648382e-02 -5.880000000000219273e+00 4.000000000000000000e+02 -4.874910794257949931e+00 -1.674762508094952551e+01 2.550000000000000044e-01
-9.042031464634780136e+00 7.603137833251798205e-02 -5.882500000000219664e+00 4.000000000000000000e+02 -4.874540301922203334e+00 -1.674975458861377930e+01 1.594999999999999973e+00
-9.041582222146775649e+00 7.615062152688899244e-02 -5.885000000000220055e+00 4.000000000000000000e+02 -4.871252749812562399e+00 -1.674896703650414054e+01 1.725000000000000089e+00
-9.041132827684153384e+00 7.613785709069331720e-02 -5.887500000000220446e+00 4.000000000000000000e+02 -4.856767469403269644e+00 -1.673698175609484906e+01 1.064999999999999947e+00
-9.040678220226018524e+00 7.612990887612330893e-02 -5.890000000000220837e+00 4.000000000000000000e+02 -4.850504273359075746e+00 -1.673321856005065200e+01 2.349999999999999867e-01
-9.040222106511388134e+00 7.596227348473748309e-02 -5.892500000000221227e+00 4.000000000000000000e+02 -4.840027519717023274e+00 -1.672524180640860081e+01 1.675000000000000044e+00
-9.039762550389497164e+00 7.592579085358500124e-02 -5.895000000000221618e+00 4.000000000000000000e+02 -4.838683174430604694e+00 -1.672639746112218262e+01 2.000000000000000111e-01
-9.039303735778366544e+00 7.566385634544015026e-02 -5.897500000000222009e+00 4.000000000000000000e+02 -4.828358463636365450e+00 -1.671857275032794377e+01 1.665000000000000036e+00
-9.038841529892799542e+00 7.587972929912718822e-02 -5.900000000000222400e+00 4.000000000000000000e+02 -4.826735900253106060e+00 -1.671945018694468388e+01 9.500000000000000111e-02
-9.038379942640531794e+00 7.597481075322184974e-02 -5.902500000000222791e+00 4.000000000000000000e+02 -4.822248287978452730e+00 -1.671746257467003360e+01 1.520000000000000018e+00
-9.037917650619748500e+00 7.591142554628056704e-02 -5.905000000000223181e+00 4.000000000000000000e+02 -4.805870979865687787e+00 -1.670358526655726905e+01 2.500000000000000000e-01
-9.037449116622186196e+00 7.573819683854392248e-02 -5.907500000000223572e+00 4.000000000000000000e+02 -4.802687469402577847e+00 -1.670290175609415684e+01 1.504999999999999893e+00
-9.036980481913614582e+00 7.560132871509037122e-02 -5.910000000000223963e+00 4.000000000000000000e+02 -4.794264090489924079e+00 -1.669697837718150524e+01 9.499999999999999556e-01
-9.036509284541761389e+00 7.558665349074443485e-02 -5.912500000000224354e+00 4.000000000000000000e+02 -4.790346122671996554e+00 -1.669556040936357988e+01 9.899999999999999911e-01
-9.036037640948148209e+00 7.559899186491554623e-02 -5.915000000000224745e+00 4.000000000000000000e+02 -4.786589063560904300e+00 -1.669430335025248624e+01 1.235000000000000098e+00
-9.035565626860273980e+00 7.559248762452393244e-02 -5.917500000000225135e+00 4.000000000000000000e+02 -4.783193720388048575e+00 -1.669340800707963268e+01 1.375000000000000000e+00
-9.035093412959987802e+00 7.559879722962634108e-02 -5.920000000000225526e+00 4.000000000000000000e+02 -4.778784534567646070e+00 -1.669149882125922701e+01 1.129999999999999893e+00
-9.034620520174351910e+00 7.553597163616683485e-02 -5.922500000000225917e+00 4.000000000000000000e+02 -4.778589552577823696e+00 -1.669380383926940681e+01 4.699999999999999734e-01
-9.034148938910503190e+00 7.577868520761929516e-02 -5.925000000000226308e+00 4.000000000000000000e+02 -4.765716814729850093e+00 -1.668343110142143360e+01 1.449999999999999900e-01
-9.033672666372252635e+00 7.623203891965971146e-02 -5.927500000000226699e+00 4.000000000000000000e+02 -4.762767159698840125e+00 -1.668298144639042491e+01 1.729999999999999982e+00
-9.033196406508002596e+00 7.645276543556267512e-02 -5.930000000000227089e+00 4.000000000000000000e+02 -4.754851461330147799e+00 -1.667756574802173120e+01 1.689999999999999947e+00
-9.032717788932222547e+00 7.656083280929237844e-02 -5.932500000000227480e+00 4.000000000000000000e+02 -4.752256910057289119e+00 -1.667747119674887557e+01 1.074999999999999956e+00
-9.032239355098072409e+00 7.696709073729621209e-02 -5.935000000000227871e+00 4.000000000000000000e+02 -4.748196997889633231e+00 -1.667591128458121830e+01 7.550000000000000044e-01
-9.031760403692164374e+00 7.704193095988336182e-02 -5.937500000000228262e+00 4.000000000000000000e+02 -4.734043978432254107e+00 -1.666425826512384134e+01 3.599999999999999867e-01
-9.031276071741174860e+00 7.702469009166755531e-02 -5.940000000000228653e+00 4.000000000000000000e+02 -4.715849601670536906e+00 -1.664856388836212275e+01 5.500000000000000028e-02
-9.030784318595230786e+00 7.689451728697346833e-02 -5.942500000000229043e+00 4.000000000000000000e+02 -4.702123970603620862e+00 -1.663733825729520532e+01 1.780000000000000027e+00
-9.030287259919161258e+00 7.680599160171847073e-02 -5.945000000000229434e+00 4.000000000000000000e+02 -4.699894982829111889e+00 -1.663760926952069852e+01 2.000000000000000000e+00
-9.029790582778060681e+00 7.676245698357395120e-02 -5.947500000000229825e+00 4.000000000000000000e+02 -4.681434267931811277e+00 -1.662164855462339830e+01 2.650000000000000133e-01
-9.029286167260627494e+00 7.659409890886138828e-02 -5.950000000000230216e+00 4.000000000000000000e+02 -4.679221771250900552e+00 -1.662193605794248796e+01 1.885000000000000009e+00
-9.028782150940608986e+00 7.664724786401190537e-02 -5.952500000000230607e+00 4.000000000000000000e+02 -4.678639026750333052e+00 -1.662385331344191997e+01 4.299999999999999933e-01
-9.028279353198506385e+00 7.642087722031529196e-02 -5.955000000000230997e+00 4.000000000000000000e+02 -4.678227802655532841e+00 -1.662594208934712015e+01 1.399999999999999911e+00
-9.027777856480524221e+00 7.647415957498955585e-02 -5.957500000000231388e+00 4.000000000000000000e+02 -4.674279822582549038e+00 -1.662449410927413851e+01 1.870000000000000107e+00
-9.027275884998715583e+00 7.651032924942788305e-02 -5.960000000000231779e+00 4.000000000000000000e+02 -4.664681942346159182e+00 -1.661739622903774816e+01 1.199999999999999956e+00
-9.026770592454505859e+00 7.665241856970558820e-02 -5.962500000000232170e+00 4.000000000000000000e+02 -4.662675052603571402e+00 -1.661788933929516077e+01 4.299999999999999933e-01
-9.026265804016786021e+00 7.676755215002523114e-02 -5.965000000000232561e+00 4.000000000000000000e+02 -4.645111229711383238e+00 -1.660282551640297299e+01 2.700000000000000178e-01
-9.025753614482914244e+00 7.660210497721416101e-02 -5.967500000000232951e+00 4.000000000000000000e+02 -4.641780131575525381e+00 -1.660199441826711464e+01 4.600000000000000200e-01
-9.025241261623190070e+00 7.658609962292003970e-02 -5.970000000000233342e+00 4.000000000000000000e+02 -4.628012731969617377e+00 -1.659072701866120525e+01 3.850000000000000089e-01
-9.024723370080144136e+00 7.637968416499220370e-02 -5.972500000000233733e+00 4.000000000000000000e+02 -4.623278010046845132e+00 -1.658849229673843695e+01 1.760000000000000009e+00
-9.024204588872272836e+00 7.618804482978489001e-02 -5.975000000000234124e+00 4.000000000000000000e+02 -4.607640236834730452e+00 -1.657535452352632177e+01 5.300000000000000266e-01
-9.023679221419357077e+00 7.594514782515994489e-02 -5.977500000000234515e+00 4.000000000000000000e+02 -4.607311666710018905e+00 -1.657752595340161150e+01 1.929999999999999938e+00
-9.023155268496671155e+00 7.574590553734800169e-02 -5.980000000000234905e+00 4.000000000000000000e+02 -4.588611862659128349e+00 -1.656132614935071956e+01 6.400000000000000133e-01
-9.022623039654725119e+00 7.585039639152654778e-02 -5.982500000000235296e+00 4.000000000000000000e+02 -4.587165292322890942e+00 -1.656237957901448254e+01 6.400000000000000133e-01
-9.022091653853218318e+00 7.593069813274817836e-02 -5.985000000000235687e+00 4.000000000000000000e+02 -4.580477423827289840e+00 -1.655819171051888361e+01 4.949999999999999956e-01
-9.021558322011101083e+00 7.577725775806351538e-02 -5.987500000000236078e+00 4.000000000000000000e+02 -4.571887082590961882e+00 -1.655210136928255338e+01 5.749999999999999556e-01
-9.021022018985712876e+00 7.551862210582371837e-02 -5.990000000000236469e+00 4.000000000000000000e+02 -4.569242933048210276e+00 -1.655195721973980483e+01 1.465000000000000080e+00
-9.020485926175838998e+00 7.561391769182017331e-02 -5.992500000000236859e+00 4.000000000000000000e+02 -4.556524836969552794e+00 -1.654173912366114507e+01 9.050000000000000266e-01
-9.019944619116733620e+00 7.550237287234433381e-02 -5.995000000000237250e+00 4.000000000000000000e+02 -4.553589613013937942e+00 -1.654130389970553239e+01 1.465000000000000080e+00
-9.019403369462578368e+00 7.541344492887705475e-02 -5.997500000000237641e+00 4.000000000000000000e+02 -4.548845638593812524e+00 -1.653905992528540736e+01 1.725000000000000089e+00
-9.018861197674171493e+00 7.557319416508877230e-02 -6.000000000000238032e+00 4.000000000000000000e+02 -4.543101514786553885e+00 -1.653581580147814734e+01 6.700000000000000400e-01
-9.018317559381408444e+00 7.583233612959060232e-02 -6.002500000000238423e+00 4.000000000000000000e+02 -4.540963736648489402e+00 -1.653617802334008502e+01 1.479999999999999982e+00
-9.017774413192277905e+00 7.591183629111188103e-02 -6.005000000000238813e+00 4.000000000000000000e+02 -4.524401926011623054e+00 -1.652211621270322084e+01 1.020000000000000018e+00
-9.017223876571055285e+00 7.594574563593538274e-02 -6.007500000000239204e+00 4.000000000000000000e+02 -4.522473973263751112e+00 -1.652268825995534840e+01 5.999999999999999778e-01
-9.016673957456799116e+00 7.587700583810630395e-02 -6.010000000000239595e+00 4.000000000000000000e+02 -4.515825606057505937e+00 -1.651853989274910361e+01 3.400000000000000244e-01
-9.016122056469425772e+00 7.636704386823350843e-02 -6.012500000000239986e+00 4.000000000000000000e+02 -4.514807416119017702e+00 -1.652002170281061666e+01 7.850000000000000311e-01
-9.015571276439906967e+00 7.636282135925546999e-02 -6.015000000000240377e+00 4.000000000000000000e+02 -4.507399972935450805e+00 -1.651511425962704749e+01 1.709999999999999964e+00
-9.015018092277710338e+00 7.619453428708028442e-02 -6.017500000000240767e+00 4.000000000000000000e+02 -4.505651894059298002e+00 -1.651586618075089774e+01 1.044999999999999929e+00
-9.014465629408912051e+00 7.669097057091084357e-02 -6.020000000000241158e+00 4.000000000000000000e+02 -4.498656460772877175e+00 -1.651137074746447553e+01 4.849999999999999867e-01
-9.013910984500325796e+00 7.669368603337971269e-02 -6.022500000000241549e+00 4.000000000000000000e+02 -4.494736133342306594e+00 -1.650995042003390623e+01 9.649999999999999689e-01
-9.013355859370753009e+00 7.690938844662525975e-02 -6.025000000000241940e+00 4.000000000000000000e+02 -4.489445701723505877e+00 -1.650715998841510412e+01 7.349999999999999867e-01
-9.012799492323985362e+00 7.721352572658130020e-02 -6.027500000000242331e+00 4.000000000000000000e+02 -4.486030350328677585e+00 -1.650624463702027711e+01 7.600000000000000089e-01
-9.012242925569884378e+00 7.726987918853911452e-02 -6.030000000000242721e+00 4.000000000000000000e+02 -4.484891507201363758e+00 -1.650760579389296367e+01 1.074999999999999956e+00
-9.011687424838102700e+00 7.736241765607003440e-02 -6.032500000000243112e+00 4.000000000000000000e+02 -4.482290072749857579e+00 -1.650750435944145877e+01 2.000000000000000111e-01
-9.011132176213218159e+00 7.742337387138750748e-02 -6.035000000000243503e+00 4.000000000000000000e+02 -4.472590920711422946e+00 -1.650030520740302364e+01 4.000000000000000222e-01
-9.010573227322399958e+00 7.734382078851927134e-02 -6.037500000000243894e+00 4.000000000000000000e+02 -4.468511228676677938e+00 -1.649872551536827814e+01 1.729999999999999982e+00
-9.010013707756712620e+00 7.728826285887420433e-02 -6.040000000000244285e+00 4.000000000000000000e+02 -4.462363337709509103e+00 -1.649507762440110881e+01 1.705000000000000071e+00
-9.009452458001272035e+00 7.758326080454085172e-02 -6.042500000000244675e+00 4.000000000000000000e+02 -4.458689779021737465e+00 -1.649390406571333756e+01 4.899999999999999911e-01
-9.008890864578868118e+00 7.790417791344771137e-02 -6.045000000000245066e+00 4.000000000000000000e+02 -4.456049845520547947e+00 -1.649376413221214932e+01 1.395000000000000018e+00
-9.008329507841546402e+00 7.775410828959529452e-02 -6.047500000000245457e+00 4.000000000000000000e+02 -4.442185119965831319e+00 -1.648239940665743575e+01 9.150000000000000355e-01
-9.007762055412985802e+00 7.757698304992940996e-02 -6.050000000000245848e+00 4.000000000000000000e+02 -4.433637506486274305e+00 -1.647635179317787646e+01 1.635000000000000009e+00
-9.007191485606654169e+00 7.811044734123075151e-02 -6.052500000000246239e+00 4.000000000000000000e+02 -4.412408057412725348e+00 -1.645762234410432967e+01 1.350000000000000089e+00
-9.006610463285722901e+00 7.792240445405057558e-02 -6.055000000000246629e+00 4.000000000000000000e+02 -4.390512079619413477e+00 -1.643822636631101730e+01 1.814999999999999947e+00
-9.006018408832110467e+00 7.775421938471191452e-02 -6.057500000000247020e+00 4.000000000000000000e+02 -4.388392846195732666e+00 -1.643860713288733777e+01 1.929999999999999938e+00
-9.005426929891239496e+00 7.787088058595713347e-02 -6.060000000000247411e+00 4.000000000000000000e+02 -4.386510791715974911e+00 -1.643922507840757774e+01 2.449999999999999956e-01
-9.004836165655929037e+00 7.792950437814857856e-02 -6.062500000000247802e+00 4.000000000000000000e+02 -4.375954446996273006e+00 -1.643116873368787623e+01 9.250000000000000444e-01
-9.004240975835701377e+00 7.776346846491262454e-02 -6.065000000000248193e+00 4.000000000000000000e+02 -4.373530876417556001e+00 -1.643124516310916050e+01 1.814999999999999947e+00
-9.003646185503384913e+00 7.756249786520004463e-02 -6.067500000000248583e+00 4.000000000000000000e+02 -4.373148480636139368e+00 -1.643336276732774337e+01 1.165000000000000036e+00
-9.003053005813391962e+00 7.764502499701113336e-02 -6.070000000000248974e+00 4.000000000000000000e+02 -4.369835800355345690e+00 -1.643255008704695186e+01 1.504999999999999893e+00
-9.002459695944438067e+00 7.796332632043233291e-02 -6.072500000000249365e+00 4.000000000000000000e+02 -4.365552001463871790e+00 -1.643076628815547835e+01 1.504999999999999893e+00
-9.001865679535862697e+00 7.807363461459192189e-02 -6.075000000000249756e+00 4.000000000000000000e+02 -4.353640200642515445e+00 -1.642135448733412417e+01 1.449999999999999900e-01
-9.001266403633358948e+00 7.812577329504530321e-02 -6.077500000000250147e+00 4.000000000000000000e+02 -4.349937818220961816e+00 -1.642015210491256738e+01 5.200000000000000178e-01
-9.000666766303014654e+00 7.826860475552246954e-02 -6.080000000000250537e+00 4.000000000000000000e+02 -4.349258830014654187e+00 -1.642197311670626192e+01 9.200000000000000400e-01
-9.000068578295337574e+00 7.824919977159708329e-02 -6.082500000000250928e+00 4.000000000000000000e+02 -4.347840332941147246e+00 -1.642305461963275448e+01 7.249999999999999778e-01
-8.999471393915548845e+00 7.844387241168572500e-02 -6.085000000000251319e+00 4.000000000000000000e+02 -4.347084682907786934e+00 -1.642479896959939722e+01 8.599999999999999867e-01
-8.998875605811674561e+00 7.834030898809971055e-02 -6.087500000000251710e+00 4.000000000000000000e+02 -4.346370190328985750e+00 -1.642658447702059377e+01 4.050000000000000266e-01
-8.998281234346411139e+00 7.804762836309538099e-02 -6.090000000000252101e+00 4.000000000000000000e+02 -4.343734589253993583e+00 -1.642644887594560288e+01 3.200000000000000067e-01
-8.997687135417672621e+00 7.802698073056342498e-02 -6.092500000000252491e+00 4.000000000000000000e+02 -4.342123648471791775e+00 -1.642733793516340057e+01 5.949999999999999734e-01
-8.997093916717375350e+00 7.806792942077053765e-02 -6.095000000000252882e+00 4.000000000000000000e+02 -4.338267812138121293e+00 -1.642598209882973137e+01 5.000000000000000278e-02
-8.996500245579802879e+00 7.813465311681416781e-02 -6.097500000000253273e+00 4.000000000000000000e+02 -4.334894285983579287e+00 -1.642510857267518887e+01 5.899999999999999689e-01
-8.995906408326460379e+00 7.821330252567579300e-02 -6.100000000000253664e+00 4.000000000000000000e+02 -4.314691034402985181e+00 -1.640740532109459338e+01 1.090000000000000080e+00
-8.995302326544660332e+00 7.860557223112592251e-02 -6.102500000000254055e+00 4.000000000000000000e+02 -4.294956996375397296e+00 -1.639017128306700855e+01 1.189999999999999947e+00
-8.994688118023525192e+00 7.867452740623931406e-02 -6.105000000000254445e+00 4.000000000000000000e+02 -4.293700654487963675e+00 -1.639141494117957620e+01 1.975000000000000089e+00
-8.994075049211145867e+00 7.887748320513403300e-02 -6.107500000000254836e+00 4.000000000000000000e+02 -4.292770289827646302e+00 -1.639298457651925744e+01 1.215000000000000080e+00
-8.993463316678514730e+00 7.905406421703713160e-02 -6.110000000000255227e+00 4.000000000000000000e+02 -4.284891363816274890e+00 -1.638760565050788642e+01 8.999999999999999667e-02
-8.992848661834527135e+00 7.907705358664801620e-02 -6.112500000000255618e+00 4.000000000000000000e+02 -4.267626236931778116e+00 -1.637284052362339182e+01 2.349999999999999867e-01
-8.992225250234909595e+00 7.950880171705673738e-02 -6.115000000000256009e+00 4.000000000000000000e+02 -4.267108518180505072e+00 -1.637482280487211739e+01 5.400000000000000355e-01
-8.991603460435644735e+00 7.955480448062850207e-02 -6.117500000000256399e+00 4.000000000000000000e+02 -4.248345477607053056e+00 -1.635855976429866843e+01 1.169999999999999929e+00
-8.990971871702825524e+00 7.933770887129608373e-02 -6.120000000000256790e+00 4.000000000000000000e+02 -4.243160535852970483e+00 -1.635587482254458536e+01 8.249999999999999556e-01
-8.990338985173712771e+00 7.927590118883215409e-02 -6.122500000000257181e+00 4.000000000000000000e+02 -4.240423953067844920e+00 -1.635563823975945752e+01 5.300000000000000266e-01
-8.989706349330903734e+00 7.968333248971422311e-02 -6.125000000000257572e+00 4.000000000000000000e+02 -4.235960279374678450e+00 -1.635367456606629588e+01 8.249999999999999556e-01
-8.989072871132020026e+00 7.992477341953189984e-02 -6.127500000000257963e+00 4.000000000000000000e+02 -4.226808799575318076e+00 -1.634702308626693323e+01 1.834999999999999964e+00
-8.988435570384330831e+00 8.009519281481951303e-02 -6.130000000000258353e+00 4.000000000000000000e+02 -4.219918082002743098e+00 -1.634263236869435687e+01 1.370000000000000107e+00
-8.987795873852849837e+00 8.020130591703281131e-02 -6.132500000000258744e+00 4.000000000000000000e+02 -4.210294760134742909e+00 -1.633550904682635974e+01 5.000000000000000000e-01
-8.987152017633301071e+00 8.086349482038816816e-02 -6.135000000000259135e+00 4.000000000000000000e+02 -4.207442535270133455e+00 -1.633515682196174978e+01 1.344999999999999973e+00
-8.986508349094627590e+00 8.070345862328791309e-02 -6.137500000000259526e+00 4.000000000000000000e+02 -4.207180024914730865e+00 -1.633739431160634581e+01 1.915000000000000036e+00
-8.985866531803681667e+00 8.127661486390555523e-02 -6.140000000000259917e+00 4.000000000000000000e+02 -4.202717383609984481e+00 -1.633543167030160248e+01 1.445000000000000062e+00
-8.985223866497474177e+00 8.130919109874994166e-02 -6.142500000000260307e+00 4.000000000000000000e+02 -4.200991009450288693e+00 -1.633620529614190531e+01 1.024999999999999911e+00
-8.984582110456404536e+00 8.113454765696048732e-02 -6.145000000000260698e+00 4.000000000000000000e+02 -4.191144030485188132e+00 -1.632885831717680603e+01 6.800000000000000488e-01
-8.983936038233471422e+00 8.100444958425227771e-02 -6.147500000000261089e+00 4.000000000000000000e+02 -4.189384677991333739e+00 -1.632959896468295113e+01 1.260000000000000009e+00
-8.983290861021975715e+00 8.107876403295494194e-02 -6.150000000000261480e+00 4.000000000000000000e+02 -4.186066228055517868e+00 -1.632878051474713743e+01 4.249999999999999889e-01
-8.982645572045244720e+00 8.071072565213911754e-02 -6.152500000000261871e+00 4.000000000000000000e+02 -4.177726199000724172e+00 -1.632294048569234235e+01 1.054999999999999938e+00
-8.981996923328006588e+00 8.104969877780950072e-02 -6.155000000000262261e+00 4.000000000000000000e+02 -4.173118575049650225e+00 -1.632083286174126968e+01 7.550000000000000044e-01
-8.981347327865194075e+00 8.103848407076540139e-02 -6.157500000000262652e+00 4.000000000000000000e+02 -4.159887660205149551e+00 -1.631010194689676851e+01 1.895000000000000018e+00
-8.980691152660645216e+00 8.108378783999205253e-02 -6.160000000000263043e+00 4.000000000000000000e+02 -4.159567457030359350e+00 -1.631228174372197870e+01 8.549999999999999822e-01
-8.980036835106579574e+00 8.113600621129740675e-02 -6.162500000000263434e+00 4.000000000000000000e+02 -4.157701316470704178e+00 -1.631291560316232392e+01 6.300000000000000044e-01
-8.979383359611517790e+00 8.118783370862268922e-02 -6.165000000000263825e+00 4.000000000000000000e+02 -4.154362618394215723e+00 -1.631207690508583852e+01 7.650000000000000133e-01
-8.978729763106377604e+00 8.111619800620958887e-02 -6.167500000000264215e+00 4.000000000000000000e+02 -4.146771830089504007e+00 -1.630698611678112542e+01 9.649999999999999689e-01
-8.978073260978312931e+00 8.120789848303322511e-02 -6.170000000000264606e+00 4.000000000000000000e+02 -4.146153830480928448e+00 -1.630886811717255114e+01 1.975000000000000089e+00
-8.977418422724252167e+00 8.134572952752069930e-02 -6.172500000000264997e+00 4.000000000000000000e+02 -4.130171431017894079e+00 -1.629538571770951449e+01 6.600000000000000311e-01
-8.976755133188822455e+00 8.115649902335667076e-02 -6.175000000000265388e+00 4.000000000000000000e+02 -4.128814508163469732e+00 -1.629652879485509231e+01 8.599999999999999867e-01
-8.976093040319820915e+00 8.106121566490795405e-02 -6.177500000000265779e+00 4.000000000000000000e+02 -4.116403967865517544e+00 -1.628661825455714052e+01 1.074999999999999956e+00
-8.975424797771550445e+00 8.066186843754552527e-02 -6.180000000000266169e+00 4.000000000000000000e+02 -4.114113838766343179e+00 -1.628682812545796565e+01 5.550000000000000488e-01
-8.974757141562729856e+00 8.069847650782480120e-02 -6.182500000000266560e+00 4.000000000000000000e+02 -4.104286092882216685e+00 -1.627950037957383955e+01 1.830000000000000071e+00
-8.974085025362199985e+00 8.087806102329743452e-02 -6.185000000000266951e+00 4.000000000000000000e+02 -4.101433061805296987e+00 -1.627914734849692024e+01 1.735000000000000098e+00
-8.973413123517717693e+00 8.081005806363651678e-02 -6.187500000000267342e+00 4.000000000000000000e+02 -4.095508341896048066e+00 -1.627572262858767260e+01 5.550000000000000488e-01
-8.972739370125337288e+00 8.074856162969373807e-02 -6.190000000000267733e+00 4.000000000000000000e+02 -4.090128377422676209e+00 -1.627284266411430025e+01 6.250000000000000000e-01
-8.972064129152141021e+00 8.054070080782646524e-02 -6.192500000000268123e+00 4.000000000000000000e+02 -4.085367172914761369e+00 -1.627058145960638669e+01 1.784999999999999920e+00
-8.971387816784066160e+00 8.084651021189151465e-02 -6.195000000000268514e+00 4.000000000000000000e+02 -4.084279387458901844e+00 -1.627199367415052933e+01 6.450000000000000178e-01
-8.970712914962536644e+00 8.110237995449962045e-02 -6.197500000000268905e+00 4.000000000000000000e+02 -4.083964906031279263e+00 -1.627417919272290447e+01 2.949999999999999845e-01
-8.970039940237031217e+00 8.105655825086091615e-02 -6.200000000000269296e+00 4.000000000000000000e+02 -4.083960999120869850e+00 -1.627667528581249456e+01 2.449999999999999956e-01
-8.969369094124230557e+00 8.080961215118571961e-02 -6.202500000000269686e+00 4.000000000000000000e+02 -4.079586738120219103e+00 -1.627480102481184687e+01 1.764999999999999902e+00
-8.968697440490490891e+00 8.090257239716636128e-02 -6.205000000000270077e+00 4.000000000000000000e+02 -4.075696270470814397e+00 -1.627341055716244256e+01 1.149999999999999911e+00
-8.968025304051417734e+00 8.099206025861326042e-02 -6.207500000000270468e+00 4.000000000000000000e+02 -4.069302057025160124e+00 -1.626951634371678779e+01 3.449999999999999734e-01
-8.967350999175419446e+00 8.100151315216247427e-02 -6.210000000000270859e+00 4.000000000000000000e+02 -4.054185278601992515e+00 -1.625689956529361879e+01 6.850000000000000533e-01
-8.966668595917200335e+00 8.094879377096357576e-02 -6.212500000000271250e+00 4.000000000000000000e+02 -4.036381761982709371e+00 -1.624159604867433870e+01 1.574999999999999956e+00
-8.965976145344784598e+00 8.065138398053980917e-02 -6.215000000000271640e+00 4.000000000000000000e+02 -4.030882386645652460e+00 -1.623859667333728396e+01 6.099999999999999867e-01
-8.965282096051859995e+00 8.075051811267607016e-02 -6.217500000000272031e+00 4.000000000000000000e+02 -4.021864956813746339e+00 -1.623207924350537468e+01 6.999999999999999556e-01
-8.964583994669245826e+00 8.107679139619983211e-02 -6.220000000000272422e+00 4.000000000000000000e+02 -4.012461203969277079e+00 -1.622517549066090581e+01 2.000000000000000000e+00
-8.963881549168869256e+00 8.154007621036830911e-02 -6.222500000000272813e+00 4.000000000000000000e+02 -4.005418213294626106e+00 -1.622063249998625523e+01 1.150000000000000050e-01
-8.963176401660486903e+00 8.140959791277442570e-02 -6.225000000000273204e+00 4.000000000000000000e+02 -4.000346189821873288e+00 -1.621806047651350369e+01 1.510000000000000009e+00
-8.962469936964932771e+00 8.167251703920881678e-02 -6.227500000000273594e+00 4.000000000000000000e+02 -3.991031077761272083e+00 -1.621124536445290332e+01 1.870000000000000107e+00
-8.961759145055788522e+00 8.193443052505597346e-02 -6.230000000000273985e+00 4.000000000000000000e+02 -3.987283445176771135e+00 -1.620999773186840187e+01 1.050000000000000044e+00
-8.961047971597881912e+00 8.196598526412390839e-02 -6.232500000000274376e+00 4.000000000000000000e+02 -3.986745971101579578e+00 -1.621196025779321204e+01 1.625000000000000000e+00
-8.960338696391032087e+00 8.221756175463096339e-02 -6.235000000000274767e+00 4.000000000000000000e+02 -3.985980777805665731e+00 -1.621369506449729769e+01 1.385000000000000009e+00
-8.959631151981790609e+00 8.231669774910925497e-02 -6.237500000000275158e+00 4.000000000000000000e+02 -3.981305434762303808e+00 -1.621151972145393572e+01 1.094999999999999973e+00
-8.958922568645405704e+00 8.236543663974327245e-02 -6.240000000000275548e+00 4.000000000000000000e+02 -3.980443611501727652e+00 -1.621315789819335862e+01 1.909999999999999920e+00
-8.958215645647511494e+00 8.244715498990946856e-02 -6.242500000000275939e+00 4.000000000000000000e+02 -3.978845356956217216e+00 -1.621405964364785035e+01 1.604999999999999982e+00
-8.957509858539244973e+00 8.264033557052602452e-02 -6.245000000000276330e+00 4.000000000000000000e+02 -3.970020097527795055e+00 -1.620773438421942814e+01 6.800000000000000488e-01
-8.956800095526260108e+00 8.272344634069504765e-02 -6.247500000000276721e+00 4.000000000000000000e+02 -3.969759920431531697e+00 -1.620997420712316739e+01 1.310000000000000053e+00
-8.956092422196313407e+00 8.292441762471265687e-02 -6.250000000000277112e+00 4.000000000000000000e+02 -3.963617437332643600e+00 -1.620633172402427746e+01 4.499999999999999833e-02
-8.955382669667093509e+00 8.303286444723864679e-02 -6.252500000000277502e+00 4.000000000000000000e+02 -3.957510607755985621e+00 -1.620272489444761987e+01 7.750000000000000222e-01
-8.954670858681440748e+00 8.300626740898990608e-02 -6.255000000000277893e+00 4.000000000000000000e+02 -3.945827765117970287e+00 -1.619354205180960804e+01 8.699999999999999956e-01
-8.953952994483884709e+00 8.283126900279529081e-02 -6.257500000000278284e+00 4.000000000000000000e+02 -3.931383576281399339e+00 -1.618159786297303526e+01 1.165000000000000036e+00
-8.953227028844745305e+00 8.324829936230303262e-02 -6.260000000000278675e+00 4.000000000000000000e+02 -3.927077117924542726e+00 -1.617979140461617860e+01 9.649999999999999689e-01
-8.952500278666214228e+00 8.375277965482935683e-02 -6.262500000000279066e+00 4.000000000000000000e+02 -3.925824102659754011e+00 -1.618103838935138938e+01 2.000000000000000000e+00
-8.951774960965675376e+00 8.367410706076754134e-02 -6.265000000000279456e+00 4.000000000000000000e+02 -3.924183514947567897e+00 -1.618189780163920588e+01 7.800000000000000266e-01
-8.951050791371796933e+00 8.313273733234974316e-02 -6.267500000000279847e+00 4.000000000000000000e+02 -3.924130016380415586e+00 -1.618434430307205218e+01 3.049999999999999933e-01
-8.950328913417976651e+00 8.303788179462896768e-02 -6.270000000000280238e+00 4.000000000000000000e+02 -3.914884885582599061e+00 -1.617759917227423472e+01 1.010000000000000009e+00
-8.949602675872917246e+00 8.218825774868686318e-02 -6.272500000000280629e+00 4.000000000000000000e+02 -3.914548360637800428e+00 -1.617976264732944003e+01 1.700000000000000122e-01
-8.948878533157790471e+00 8.244666017902495259e-02 -6.275000000000281020e+00 4.000000000000000000e+02 -3.910492587941952980e+00 -1.617820687463359164e+01 1.100000000000000006e-01
-8.948153788191655522e+00 8.225991414127682699e-02 -6.277500000000281410e+00 4.000000000000000000e+02 -3.906760481305890487e+00 -1.617697476799752820e+01 4.650000000000000244e-01
-8.947428675557725697e+00 8.175001565408610005e-02 -6.280000000000281801e+00 4.000000000000000000e+02 -3.906045533283953208e+00 -1.617875981997559265e+01 1.780000000000000027e+00
-8.946705380136068086e+00 8.175179061272191960e-02 -6.282500000000282192e+00 4.000000000000000000e+02 -3.905477652215433970e+00 -1.618069193890707425e+01 1.415000000000000036e+00
-8.945984002123980261e+00 8.260761228082713625e-02 -6.285000000000282583e+00 4.000000000000000000e+02 -3.899643375148855284e+00 -1.617735766184049595e+01 5.600000000000000533e-01
-8.945260737441673271e+00 8.353942294286506587e-02 -6.287500000000282974e+00 4.000000000000000000e+02 -3.898255857068299690e+00 -1.617847014375993808e+01 1.620000000000000107e+00
-8.944538798793390200e+00 8.304299837055517663e-02 -6.290000000000283364e+00 4.000000000000000000e+02 -3.884755973330547452e+00 -1.616747026002218846e+01 1.650000000000000078e-01
-8.943809404556301246e+00 8.356814275145901805e-02 -6.292500000000283755e+00 4.000000000000000000e+02 -3.884110206253826192e+00 -1.616932449294546714e+01 1.205000000000000071e+00
-8.943081891685228157e+00 8.395173877494439829e-02 -6.295000000000284146e+00 4.000000000000000000e+02 -3.880301047800137404e+00 -1.616801533449178052e+01 5.400000000000000355e-01
-8.942353955690443001e+00 8.394972400158347281e-02 -6.297500000000284537e+00 4.000000000000000000e+02 -3.879648769043592349e+00 -1.616986305573523452e+01 3.850000000000000089e-01
-8.941627891517162752e+00 8.383220152998530073e-02 -6.300000000000284928e+00 4.000000000000000000e+02 -3.872677556220687212e+00 -1.616539184291232800e+01 1.000000000000000021e-02
-8.940899104019806032e+00 8.426932175517534707e-02 -6.302500000000285318e+00 4.000000000000000000e+02 -3.862277205717877582e+00 -1.615749149240951965e+01 1.850000000000000089e+00
-8.940165073115510452e+00 8.393434849368781869e-02 -6.305000000000285709e+00 4.000000000000000000e+02 -3.852556041092047412e+00 -1.615027032778369076e+01 1.620000000000000107e+00
-8.939426266740348126e+00 8.405898475248561874e-02 -6.307500000000286100e+00 4.000000000000000000e+02 -3.852524246684540632e+00 -1.615273853337618348e+01 9.500000000000000111e-02
-8.938689825060009753e+00 8.431569101837725622e-02 -6.310000000000286491e+00 4.000000000000000000e+02 -3.835835245940928839e+00 -1.613854953263257030e+01 1.159999999999999920e+00
-8.937943413138649262e+00 8.376063466084709974e-02 -6.312500000000286882e+00 4.000000000000000000e+02 -3.822202181460666370e+00 -1.612741646815231178e+01 4.550000000000000155e-01
-8.937189211031885350e+00 8.435416396117913218e-02 -6.315000000000287272e+00 4.000000000000000000e+02 -3.817668456638183550e+00 -1.612538274332982979e+01 5.200000000000000178e-01
-8.936434043653264325e+00 8.491508288925829484e-02 -6.317500000000287663e+00 4.000000000000000000e+02 -3.804777335178565423e+00 -1.611499162187021028e+01 5.100000000000000089e-01
-8.935671567131207027e+00 8.524448574599886863e-02 -6.320000000000288054e+00 4.000000000000000000e+02 -3.794898262839897729e+00 -1.610761254953154165e+01 1.175000000000000044e+00
-8.934904030824986521e+00 8.517552087287269535e-02 -6.322500000000288445e+00 4.000000000000000000e+02 -3.789636431742485989e+00 -1.610485071843413252e+01 1.159999999999999920e+00
-8.934134962886806974e+00 8.550123663676169328e-02 -6.325000000000288836e+00 4.000000000000000000e+02 -3.785073225500777738e+00 -1.610278751219242466e+01 1.614999999999999991e+00
-8.933364899407420623e+00 8.559693628914459562e-02 -6.327500000000289226e+00 4.000000000000000000e+02 -3.784447015352732091e+00 -1.610466130204437718e+01 1.205000000000000071e+00
-8.932596868393344991e+00 8.540997630946454977e-02 -6.330000000000289617e+00 4.000000000000000000e+02 -3.781239948115265204e+00 -1.610395423480690980e+01 1.514999999999999902e+00
-8.931828884181939543e+00 8.530856648061346803e-02 -6.332500000000290008e+00 4.000000000000000000e+02 -3.779725536853655754e+00 -1.610493982354530118e+01 1.010000000000000009e+00
-8.931062244991142762e+00 8.542693304779211405e-02 -6.335000000000290399e+00 4.000000000000000000e+02 -3.776532414295556084e+00 -1.610424670098720412e+01 1.300000000000000044e-01
-8.930295662137408996e+00 8.595854484252461736e-02 -6.337500000000290790e+00 4.000000000000000000e+02 -3.775532957069422491e+00 -1.610574724376106914e+01 1.179999999999999938e+00
-8.929530814591025489e+00 8.576953067844735046e-02 -6.340000000000291180e+00 4.000000000000000000e+02 -3.772610335755259836e+00 -1.610532462244690777e+01 2.000000000000000111e-01
-8.928766228650729886e+00 8.601877079974297458e-02 -6.342500000000291571e+00 4.000000000000000000e+02 -3.763813420074856531e+00 -1.609902770676650618e+01 5.899999999999999689e-01
-8.927997402676709271e+00 8.688664870595819156e-02 -6.345000000000291962e+00 4.000000000000000000e+02 -3.760923799527382982e+00 -1.609863808621903303e+01 8.500000000000000611e-02
-8.927228868078419310e+00 8.666528305191953385e-02 -6.347500000000292353e+00 4.000000000000000000e+02 -3.750560542039504952e+00 -1.609077482873115628e+01 3.099999999999999978e-01
-8.926454863669272655e+00 8.666598352208708389e-02 -6.350000000000292744e+00 4.000000000000000000e+02 -3.748296372584954295e+00 -1.609101065927660201e+01 1.949999999999999956e+00
-8.925681640180362919e+00 8.657870798934715062e-02 -6.352500000000293134e+00 4.000000000000000000e+02 -3.744814667864803770e+00 -1.609002895455645543e+01 1.364999999999999991e+00
-8.924908255534388601e+00 8.693397691018810158e-02 -6.355000000000293525e+00 4.000000000000000000e+02 -3.718762784484710870e+00 -1.606647707117636159e+01 1.850000000000000089e+00
-8.924117059223132031e+00 8.713053979186796694e-02 -6.357500000000293916e+00 4.000000000000000000e+02 -3.715178970243263823e+00 -1.606539325693491449e+01 8.500000000000000611e-02
-8.923325631451376694e+00 8.732016319160003370e-02 -6.360000000000294307e+00 4.000000000000000000e+02 -3.714004951327511961e+00 -1.606671923801916080e+01 1.590000000000000080e+00
-8.922535877022042428e+00 8.735842678839070286e-02 -6.362500000000294698e+00 4.000000000000000000e+02 -3.711831283202397636e+00 -1.606704556989404864e+01 5.050000000000000044e-01
-8.921747003187730840e+00 8.711164890076820988e-02 -6.365000000000295088e+00 4.000000000000000000e+02 -3.711744627747951775e+00 -1.606945891443960406e+01 5.000000000000000104e-03
-8.920960650468016340e+00 8.759729544089467357e-02 -6.367500000000295479e+00 4.000000000000000000e+02 -3.708035020911697899e+00 -1.606824930760335235e+01 5.899999999999999689e-01
-8.920173964981739090e+00 8.737280108999184725e-02 -6.370000000000295870e+00 4.000000000000000000e+02 -3.698974873823840603e+00 -1.606168916051549189e+01 1.620000000000000107e+00
-8.919382726262092831e+00 8.805136825729158179e-02 -6.372500000000296261e+00 4.000000000000000000e+02 -3.695925935834931231e+00 -1.606114022252658557e+01 7.049999999999999600e-01
-8.918591679161142594e+00 8.831025693960595224e-02 -6.375000000000296652e+00 4.000000000000000000e+02 -3.693851901570392560e+00 -1.606156618826204863e+01 1.830000000000000071e+00
-8.917801593809105754e+00 8.831980661443745995e-02 -6.377500000000297042e+00 4.000000000000000000e+02 -3.691185932610593134e+00 -1.606140021930224648e+01 2.000000000000000042e-02
-8.917012001213878492e+00 8.820498992279227068e-02 -6.380000000000297433e+00 4.000000000000000000e+02 -3.684975113337275676e+00 -1.605768940002893075e+01 1.700000000000000122e-01
-8.916220099581780190e+00 8.820219434914086665e-02 -6.382500000000297824e+00 4.000000000000000000e+02 -3.684723257407931829e+00 -1.605993754409958640e+01 1.550000000000000044e+00
-8.915430600762579871e+00 8.814857119961297394e-02 -6.385000000000298215e+00 4.000000000000000000e+02 -3.682911416833265950e+00 -1.606062570352492358e+01 2.300000000000000100e-01
-8.914642267231938533e+00 8.830013424374266728e-02 -6.387500000000298606e+00 4.000000000000000000e+02 -3.681142008907851704e+00 -1.606135629559950928e+01 1.070000000000000062e+00
-8.913855129741561356e+00 8.809803026844906237e-02 -6.390000000000298996e+00 4.000000000000000000e+02 -3.680956721642935747e+00 -1.606367100833459105e+01 7.550000000000000044e-01
-8.913070429094766212e+00 8.859743302502699758e-02 -6.392500000000299387e+00 4.000000000000000000e+02 -3.674565129562482380e+00 -1.605977941625413763e+01 1.925000000000000044e+00
-8.912283287637816187e+00 8.858185553506586762e-02 -6.395000000000299778e+00 4.000000000000000000e+02 -3.672931056033436725e+00 -1.606064534272509547e+01 6.750000000000000444e-01
-8.911497445793559180e+00 8.890192143499299482e-02 -6.397500000000300169e+00 4.000000000000000000e+02 -3.670435692791406357e+00 -1.606064997948306328e+01 1.090000000000000080e+00
-8.910712224651284430e+00 9.013781802017560574e-02 -6.400000000000300560e+00 4.000000000000000000e+02 -3.651873864425616567e+00 -1.604458815111727432e+01 1.239999999999999991e+00
-8.909914920717767473e+00 9.018147005857844734e-02 -6.402500000000300950e+00 4.000000000000000000e+02 -3.643427993601919823e+00 -1.603864228029357974e+01 9.899999999999999911e-01
-8.909113502874795643e+00 8.994789658674623434e-02 -6.405000000000301341e+00 4.000000000000000000e+02 -3.635727020805244347e+00 -1.603344130749690422e+01 1.034999999999999920e+00
-8.908308552804264480e+00 9.010096668572234457e-02 -6.407500000000301732e+00 4.000000000000000000e+02 -3.633717530886478642e+00 -1.603393181757813579e+01 1.465000000000000080e+00
-8.907504644420559003e+00 8.999225730008615642e-02 -6.410000000000302123e+00 4.000000000000000000e+02 -3.630089434017707894e+00 -1.603280372070936721e+01 1.499999999999999944e-02
-8.906700475481542867e+00 9.019047028707877223e-02 -6.412500000000302514e+00 4.000000000000000000e+02 -3.627246767248060166e+00 -1.603246105393971987e+01 9.050000000000000266e-01
-8.905896677433531750e+00 8.955495581301556318e-02 -6.415000000000302904e+00 4.000000000000000000e+02 -3.625996186736683224e+00 -1.603371047342834288e+01 1.735000000000000098e+00
-8.905094527403573323e+00 8.925982986868712110e-02 -6.417500000000303295e+00 4.000000000000000000e+02 -3.625874645297896048e+00 -1.603608893198955698e+01 1.949999999999999956e+00
-8.904294923627674052e+00 8.978837193926839100e-02 -6.420000000000303686e+00 4.000000000000000000e+02 -3.621558552034657819e+00 -1.603427283872631648e+01 1.100000000000000006e-01
-8.903494506975070166e+00 8.988053262054290782e-02 -6.422500000000304077e+00 4.000000000000000000e+02 -3.618964932293901704e+00 -1.603417921898556386e+01 1.280000000000000027e+00
-8.902694655628492271e+00 9.021473483838428342e-02 -6.425000000000304468e+00 4.000000000000000000e+02 -3.616535980206642797e+00 -1.603425026689830446e+01 1.695000000000000062e+00
-8.901895500290471830e+00 9.043057366893475502e-02 -6.427500000000304858e+00 4.000000000000000000e+02 -3.596027892175531981e+00 -1.601624217886719492e+01 1.929999999999999938e+00
-8.901082478963873612e+00 9.027154208661188062e-02 -6.430000000000305249e+00 4.000000000000000000e+02 -3.595510411548979768e+00 -1.601822469824064044e+01 1.189999999999999947e+00
-8.900271726377724235e+00 8.998454416374744580e-02 -6.432500000000305640e+00 4.000000000000000000e+02 -3.590306725450628011e+00 -1.601552101214229040e+01 1.129999999999999893e+00
-8.899459438261105859e+00 8.983219928891955641e-02 -6.435000000000306031e+00 4.000000000000000000e+02 -3.582425537022971618e+00 -1.601013982371463484e+01 3.950000000000000178e-01
-8.898643431907194312e+00 9.006465774907748689e-02 -6.437500000000306422e+00 4.000000000000000000e+02 -3.580462803875627653e+00 -1.601067709056729171e+01 8.649999999999999911e-01
-8.897828528636445355e+00 9.004477555294490565e-02 -6.440000000000306812e+00 4.000000000000000000e+02 -3.577615046716590363e+00 -1.601032933340825437e+01 5.500000000000000028e-02
-8.897014005800730985e+00 9.008414186308383309e-02 -6.442500000000307203e+00 4.000000000000000000e+02 -3.568860962191691577e+00 -1.600407524888335686e+01 1.975000000000000089e+00
-8.896195042064253045e+00 9.030912734439761058e-02 -6.445000000000307594e+00 4.000000000000000000e+02 -3.560943696446169593e+00 -1.599865798313783571e+01 1.830000000000000071e+00
-8.895372305365944143e+00 9.032797634305519963e-02 -6.447500000000307985e+00 4.000000000000000000e+02 -3.558320631811419776e+00 -1.599853491850308451e+01 3.500000000000000333e-02
-8.894550143875694204e+00 9.097943956169486646e-02 -6.450000000000308376e+00 4.000000000000000000e+02 -3.556873308831367098e+00 -1.599958759552303178e+01 8.549999999999999822e-01
-8.893729521729717646e+00 9.061360891891709346e-02 -6.452500000000308766e+00 4.000000000000000000e+02 -3.546199435118784660e+00 -1.599141372181045107e+01 7.249999999999999778e-01
-8.892902845605222595e+00 9.073897259726196318e-02 -6.455000000000309157e+00 4.000000000000000000e+02 -3.545899915240123601e+00 -1.599361420193179129e+01 1.110000000000000098e+00
-8.892078667145243642e+00 9.050629083202847702e-02 -6.457500000000309548e+00 4.000000000000000000e+02 -3.541924590360282288e+00 -1.599213887705194992e+01 1.100000000000000089e+00
-8.891253952070957922e+00 9.053920265559703418e-02 -6.460000000000309939e+00 4.000000000000000000e+02 -3.539498560812377015e+00 -1.599221284750404237e+01 1.875000000000000000e+00
-8.890429977518110150e+00 9.085233244498425176e-02 -6.462500000000310330e+00 4.000000000000000000e+02 -3.529743184668989286e+00 -1.598495747136065681e+01 1.735000000000000098e+00
-8.889600688780225468e+00 9.100367716193458190e-02 -6.465000000000310720e+00 4.000000000000000000e+02 -3.505856180355676255e+00 -1.596357046704734550e+01 4.600000000000000200e-01
-8.888754182604833076e+00 9.090639854542134635e-02 -6.467500000000311111e+00 4.000000000000000000e+02 -3.500255713670587632e+00 -1.596047000036225683e+01 1.350000000000000089e-01
-8.887905767096134113e+00 9.093433743672030278e-02 -6.470000000000311502e+00 4.000000000000000000e+02 -3.491998063241605443e+00 -1.595471234993327414e+01 7.750000000000000222e-01
-8.887053178055394298e+00 9.109515021713203431e-02 -6.472500000000311893e+00 4.000000000000000000e+02 -3.481539219593428935e+00 -1.594675350628509847e+01 1.350000000000000089e-01
-8.886194511331115820e+00 9.181676709594535635e-02 -6.475000000000312284e+00 4.000000000000000000e+02 -3.478080947910110243e+00 -1.594579523460178017e+01 1.540000000000000036e+00
-8.885335759111828935e+00 9.177764687928402498e-02 -6.477500000000312674e+00 4.000000000000000000e+02 -3.474305178569088159e+00 -1.594451946526075758e+01 1.549999999999999989e-01
-8.884476648857299708e+00 9.145109392538497417e-02 -6.480000000000313065e+00 4.000000000000000000e+02 -3.472759582037140191e+00 -1.594547386872880956e+01 7.800000000000000266e-01
-8.883619094531884031e+00 9.097440270092706227e-02 -6.482500000000313456e+00 4.000000000000000000e+02 -3.468560513511644405e+00 -1.594377480020331461e+01 9.749999999999999778e-01
-8.882760818568330663e+00 9.107722079118067693e-02 -6.485000000000313847e+00 4.000000000000000000e+02 -3.465535799694201113e+00 -1.594325008638587349e+01 1.899999999999999911e+00
-8.881902828722646248e+00 9.093528643778518716e-02 -6.487500000000314238e+00 4.000000000000000000e+02 -3.458572227826140821e+00 -1.593878651451781181e+01 1.750000000000000000e+00
-8.881041741074392704e+00 9.207661457869942279e-02 -6.490000000000314628e+00 4.000000000000000000e+02 -3.456687433470372994e+00 -1.593940172016204393e+01 4.500000000000000111e-01
-8.880181923160227697e+00 9.209720262974675775e-02 -6.492500000000315019e+00 4.000000000000000000e+02 -3.448927382895756732e+00 -1.593414166958742939e+01 1.375000000000000000e+00
-8.879318315147870067e+00 9.198262342714588757e-02 -6.495000000000315410e+00 4.000000000000000000e+02 -3.443122592739572330e+00 -1.593083687943124538e+01 1.070000000000000062e+00
-8.878452597249093969e+00 9.176071107528882553e-02 -6.497500000000315801e+00 4.000000000000000000e+02 -3.426577742947140681e+00 -1.591679202963881323e+01 1.975000000000000089e+00
-8.877575399461322903e+00 9.187497314068604481e-02 -6.500000000000316192e+00 4.000000000000000000e+02 -3.423423540150554611e+00 -1.591613782684222755e+01 1.570000000000000062e+00
-8.876698397176715716e+00 9.149878699016811279e-02 -6.502500000000316582e+00 4.000000000000000000e+02 -3.419722571518701848e+00 -1.591493685821037474e+01 1.280000000000000027e+00
-8.875821110851465079e+00 9.224856363109175394e-02 -6.505000000000316973e+00 4.000000000000000000e+02 -3.409645657961685838e+00 -1.590735994465336134e+01 1.264999999999999902e+00
-8.874937929905710732e+00 9.221184029322601616e-02 -6.507500000000317364e+00 4.000000000000000000e+02 -3.405887388151227491e+00 -1.590610167484290116e+01 1.725000000000000089e+00
-8.874054417772807568e+00 9.247992068832407153e-02 -6.510000000000317755e+00 4.000000000000000000e+02 -3.403331563064211807e+00 -1.590604584975588587e+01 1.150000000000000050e-01
-8.873171636286356190e+00 9.227628499353945912e-02 -6.512500000000318146e+00 4.000000000000000000e+02 -3.401876233202265176e+00 -1.590709051989394140e+01 1.625000000000000000e+00
-8.872290553931122759e+00 9.311813200305614491e-02 -6.515000000000318536e+00 4.000000000000000000e+02 -3.400513966371634833e+00 -1.590822825306331190e+01 1.290000000000000036e+00
-8.871411247743345996e+00 9.282620026792617884e-02 -6.517500000000318927e+00 4.000000000000000000e+02 -3.399419314071364440e+00 -1.590963360076304056e+01 1.310000000000000053e+00
-8.870533947292837951e+00 9.291939083081195150e-02 -6.520000000000319318e+00 4.000000000000000000e+02 -3.390623477715986933e+00 -1.590333776440766300e+01 1.600000000000000089e+00
-8.869651882357645789e+00 9.287513076845126114e-02 -6.522500000000319709e+00 4.000000000000000000e+02 -3.388906990296618904e+00 -1.590412127698829536e+01 2.500000000000000000e-01
-8.868771284701031377e+00 9.268919430061758891e-02 -6.525000000000320100e+00 4.000000000000000000e+02 -3.385553915608899622e+00 -1.590326820230057692e+01 7.099999999999999645e-01
-8.867890711270076665e+00 9.245690464328233660e-02 -6.527500000000320490e+00 4.000000000000000000e+02 -3.382863551201237495e+00 -1.590307783789291562e+01 1.094999999999999973e+00
-8.867010745141909567e+00 9.273324148594350169e-02 -6.530000000000320881e+00 4.000000000000000000e+02 -3.378168847789913887e+00 -1.590088313448159063e+01 3.900000000000000133e-01
-8.866129621838487296e+00 9.215034568810369364e-02 -6.532500000000321272e+00 4.000000000000000000e+02 -3.376514479410039460e+00 -1.590172876610171748e+01 1.270000000000000018e+00
-8.865250018037830415e+00 9.164932993124903782e-02 -6.535000000000321663e+00 4.000000000000000000e+02 -3.371195086920975026e+00 -1.589890937361265522e+01 1.439999999999999947e+00
-8.864368707088097210e+00 9.242284330885496002e-02 -6.537500000000322053e+00 4.000000000000000000e+02 -3.364694280035568141e+00 -1.589490856672724739e+01 1.475000000000000089e+00
-8.863484643816638808e+00 9.278739330194699098e-02 -6.540000000000322444e+00 4.000000000000000000e+02 -3.358426760134306299e+00 -1.589114104682598594e+01 1.645000000000000018e+00
-8.862598028839709485e+00 9.261377946825745389e-02 -6.542500000000322835e+00 4.000000000000000000e+02 -3.353831653924082445e+00 -1.588904594061576248e+01 4.749999999999999778e-01
-8.861710342224371928e+00 9.279628928915038821e-02 -6.545000000000323226e+00 4.000000000000000000e+02 -3.351658794433680200e+00 -1.588937308112536151e+01 6.250000000000000000e-01
-8.860823732862430191e+00 9.283690875281094823e-02 -6.547500000000323617e+00 4.000000000000000000e+02 -3.350130265731425361e+00 -1.589034455242310528e+01 1.929999999999999938e+00
-8.859938768634602724e+00 9.319982757367012427e-02 -6.550000000000324007e+00 4.000000000000000000e+02 -3.336208537866063306e+00 -1.587892282455774406e+01 1.514999999999999902e+00
-8.859044434639498533e+00 9.281892966358848418e-02 -6.552500000000324398e+00 4.000000000000000000e+02 -3.331078946571243815e+00 -1.587629323326292585e+01 1.304999999999999938e+00
-8.858148548093108587e+00 9.264250749899131943e-02 -6.555000000000324789e+00 4.000000000000000000e+02 -3.328133749667078423e+00 -1.587584803635876085e+01 1.050000000000000044e+00
-8.857253065041843954e+00 9.296412111364821262e-02 -6.557500000000325180e+00 4.000000000000000000e+02 -3.327760305516550332e+00 -1.587797459220823271e+01 2.000000000000000042e-02
-8.856360282884379487e+00 9.381912015896137769e-02 -6.560000000000325571e+00 4.000000000000000000e+02 -3.325814706789198549e+00 -1.587852899348088087e+01 1.459999999999999964e+00
-8.855468791236692283e+00 9.354056164632688908e-02 -6.562500000000325961e+00 4.000000000000000000e+02 -3.317468211377824883e+00 -1.587268249806950848e+01 5.500000000000000444e-01
-8.854572873265565747e+00 9.377254050619417136e-02 -6.565000000000326352e+00 4.000000000000000000e+02 -3.314200019417783416e+00 -1.587191430610946696e+01 1.215000000000000080e+00
-8.853677069667925892e+00 9.338468196529384202e-02 -6.567500000000326743e+00 4.000000000000000000e+02 -3.302651291293543068e+00 -1.586286557798522701e+01 1.000000000000000021e-02
-8.852773936108444985e+00 9.382108163296302983e-02 -6.570000000000327134e+00 4.000000000000000000e+02 -3.301131953028597188e+00 -1.586384623972028152e+01 1.199999999999999956e-01
-8.851872501500389845e+00 9.388764549337590137e-02 -6.572500000000327525e+00 4.000000000000000000e+02 -3.292968656576436448e+00 -1.585818294326812072e+01 1.870000000000000107e+00
-8.850966766096851401e+00 9.421162534208843420e-02 -6.575000000000327915e+00 4.000000000000000000e+02 -3.288917060557791761e+00 -1.585663134724947732e+01 1.830000000000000071e+00
-8.850060445790635555e+00 9.465395956788838494e-02 -6.577500000000328306e+00 4.000000000000000000e+02 -3.286888851502031805e+00 -1.585710313819371819e+01 6.350000000000000089e-01
-8.849155373069724106e+00 9.504461495794966353e-02 -6.580000000000328697e+00 4.000000000000000000e+02 -3.282501680190077487e+00 -1.585521596688176160e+01 5.500000000000000028e-02
-8.848249411444264467e+00 9.523318928969691510e-02 -6.582500000000329088e+00 4.000000000000000000e+02 -3.278789124627288665e+00 -1.585400341131897406e+01 2.999999999999999889e-01
-8.847343172139719769e+00 9.546451738678046750e-02 -6.585000000000329479e+00 4.000000000000000000e+02 -3.276417472814223242e+00 -1.585413175950591125e+01 1.260000000000000009e+00
-8.846437869510133112e+00 9.590443996524919412e-02 -6.587500000000329869e+00 4.000000000000000000e+02 -3.276228910949617656e+00 -1.585644319764130472e+01 1.205000000000000071e+00
-8.845535473014225047e+00 9.601429017775382768e-02 -6.590000000000330260e+00 4.000000000000000000e+02 -3.273788729327387070e+00 -1.585650301601907408e+01 1.695000000000000062e+00
-8.844633944008943871e+00 9.604340762011419341e-02 -6.592500000000330651e+00 4.000000000000000000e+02 -3.272597540738060307e+00 -1.585781182742974771e+01 6.750000000000000444e-01
-8.843734404594032483e+00 9.586911657498715933e-02 -6.595000000000331042e+00 4.000000000000000000e+02 -3.272412844733683990e+00 -1.586012713142537223e+01 9.749999999999999778e-01
-8.842837751119953182e+00 9.586721608193168875e-02 -6.597500000000331433e+00 4.000000000000000000e+02 -3.269122632158554254e+00 -1.585933691885024288e+01 6.400000000000000133e-01
-8.841941193038627134e+00 9.574485080121440672e-02 -6.600000000000331823e+00 4.000000000000000000e+02 -3.268775122676186751e+00 -1.586148940936787533e+01 7.199999999999999734e-01
-8.841047363223697886e+00 9.507388386884510489e-02 -6.602500000000332214e+00 4.000000000000000000e+02 -3.267483933481916569e+00 -1.586269822017360553e+01 5.050000000000000044e-01
-8.840155410000134495e+00 9.486413671906825107e-02 -6.605000000000332605e+00 4.000000000000000000e+02 -3.264460079357360378e+00 -1.586217436604905018e+01 1.304999999999999938e+00
-8.839263784897026355e+00 9.505555579404752209e-02 -6.607500000000332996e+00 4.000000000000000000e+02 -3.263595630168611539e+00 -1.586380991686030129e+01 1.159999999999999920e+00
-8.838374409242115703e+00 9.560724184403640580e-02 -6.610000000000333387e+00 4.000000000000000000e+02 -3.253604352349205975e+00 -1.585631863904089656e+01 1.425000000000000044e+00
-8.837479145227867150e+00 9.532968445277069380e-02 -6.612500000000333777e+00 4.000000000000000000e+02 -3.251840485050630392e+00 -1.585705477174232136e+01 1.195000000000000062e+00
-8.836585339901697367e+00 9.525386387840063807e-02 -6.615000000000334168e+00 4.000000000000000000e+02 -3.242979944112948321e+00 -1.585069423080464013e+01 1.225000000000000089e+00
-8.835686637198948645e+00 9.523446952392590481e-02 -6.617500000000334559e+00 4.000000000000000000e+02 -3.240766161767243858e+00 -1.585098044845893561e+01 9.050000000000000266e-01
-8.834788998279153205e+00 9.569022085684711354e-02 -6.620000000000334950e+00 4.000000000000000000e+02 -3.238402848624213348e+00 -1.585111713531590460e+01 4.149999999999999800e-01
-8.833892286914499792e+00 9.598807020736305207e-02 -6.622500000000335341e+00 4.000000000000000000e+02 -3.235379918415885570e+00 -1.585059420510757811e+01 2.500000000000000000e-01
-8.832995910510875959e+00 9.624724541450113691e-02 -6.625000000000335731e+00 4.000000000000000000e+02 -3.231126834829991967e+00 -1.584884112152168534e+01 1.415000000000000036e+00
-8.832098766190625838e+00 9.628677597717315295e-02 -6.627500000000336122e+00 4.000000000000000000e+02 -3.228404423196345796e+00 -1.584861870988804000e+01 1.629999999999999893e+00
-8.831202226727620896e+00 9.602412166453926090e-02 -6.630000000000336513e+00 4.000000000000000000e+02 -3.227082392012531553e+00 -1.584979667870422482e+01 9.150000000000000355e-01
-8.830307544384432106e+00 9.573798633470922970e-02 -6.632500000000336904e+00 4.000000000000000000e+02 -3.221862994128058766e+00 -1.584707728081975375e+01 1.754999999999999893e+00
-8.829411228742184647e+00 9.566648155004500720e-02 -6.635000000000337295e+00 4.000000000000000000e+02 -3.217598756407290761e+00 -1.584531304309898658e+01 1.735000000000000098e+00
-8.828514135179098332e+00 9.566832117290603732e-02 -6.637500000000337685e+00 4.000000000000000000e+02 -3.212070478757925063e+00 -1.584228476544961950e+01 1.010000000000000009e+00
-8.827615128565813762e+00 9.642418878719591357e-02 -6.640000000000338076e+00 4.000000000000000000e+02 -3.206859846839937411e+00 -1.583957413353163091e+01 2.000000000000000111e-01
-8.826714492547106161e+00 9.650122091186510986e-02 -6.642500000000338467e+00 4.000000000000000000e+02 -3.203445230781903685e+00 -1.583865951747359979e+01 6.949999999999999512e-01
-8.825813843943052461e+00 9.617924503307485884e-02 -6.645000000000338858e+00 4.000000000000000000e+02 -3.203121899119491633e+00 -1.584083618581118813e+01 2.650000000000000133e-01
-8.824915961418067667e+00 9.676221617628937011e-02 -6.647500000000339249e+00 4.000000000000000000e+02 -3.203118984106112510e+00 -1.584333327079780851e+01 6.650000000000000355e-01
-8.824021120645381799e+00 9.691838299006991231e-02 -6.650000000000339639e+00 4.000000000000000000e+02 -3.200283182229460177e+00 -1.584299746892115657e+01 1.639999999999999902e+00
-8.823126779760121607e+00 9.742674828165190370e-02 -6.652500000000340030e+00 4.000000000000000000e+02 -3.199522258546324771e+00 -1.584473654523802111e+01 7.000000000000000666e-02
-8.822234789900475604e+00 9.711707806710166702e-02 -6.655000000000340421e+00 4.000000000000000000e+02 -3.197463409327229833e+00 -1.584517769601892923e+01 4.899999999999999911e-01
-8.821343987867326319e+00 9.709504084966218140e-02 -6.657500000000340812e+00 4.000000000000000000e+02 -3.193313392504715242e+00 -1.584352767919641281e+01 1.110000000000000098e+00
-8.820452509568784905e+00 9.722598513536152842e-02 -6.660000000000341203e+00 4.000000000000000000e+02 -3.179232257667235828e+00 -1.583194654435893334e+01 1.135000000000000009e+00
-8.819551454872470941e+00 9.820791558637993746e-02 -6.662500000000341593e+00 4.000000000000000000e+02 -3.179078218572298997e+00 -1.583429250526399734e+01 1.024999999999999911e+00
-8.818653319858659856e+00 9.846163185015070762e-02 -6.665000000000341984e+00 4.000000000000000000e+02 -3.175722925347689074e+00 -1.583343721203938870e+01 1.465000000000000080e+00
-8.817755223304462930e+00 9.838569411432657175e-02 -6.667500000000342375e+00 4.000000000000000000e+02 -3.172631457175472125e+00 -1.583284574386717125e+01 1.639999999999999902e+00
-8.816857401966379015e+00 9.794392482564097391e-02 -6.670000000000342766e+00 4.000000000000000000e+02 -3.162615752445452344e+00 -1.582533003913715142e+01 1.784999999999999920e+00
-8.815953621940346707e+00 9.733505203336240141e-02 -6.672500000000343157e+00 4.000000000000000000e+02 -3.155510361007363151e+00 -1.582072464769906261e+01 1.750000000000000000e+00
-8.815046491792173811e+00 9.766984980188161969e-02 -6.675000000000343547e+00 4.000000000000000000e+02 -3.151813892997058719e+00 -1.581952817968875991e+01 1.995000000000000107e+00
-8.814139099257991106e+00 9.766239451501029789e-02 -6.677500000000343938e+00 4.000000000000000000e+02 -3.140466403968878772e+00 -1.581068069066057902e+01 1.445000000000000062e+00
-8.813224476567272703e+00 9.745750503340640247e-02 -6.680000000000344329e+00 4.000000000000000000e+02 -3.135812678499726225e+00 -1.580852696519142597e+01 1.155000000000000027e+00
-8.812308720381684779e+00 9.706635850072159455e-02 -6.682500000000344720e+00 4.000000000000000000e+02 -3.134658749680701462e+00 -1.580987303637240338e+01 5.600000000000000533e-01
-8.811395032192926635e+00 9.778542933472333942e-02 -6.685000000000345111e+00 4.000000000000000000e+02 -3.132574030114622321e+00 -1.581028831680632507e+01 1.820000000000000062e+00
-8.810482556907144769e+00 9.768099501491089853e-02 -6.687500000000345501e+00 4.000000000000000000e+02 -3.127591082928765864e+00 -1.580780536962046767e+01 1.614999999999999991e+00
-8.809568648133859980e+00 9.754603214890525398e-02 -6.690000000000345892e+00 4.000000000000000000e+02 -3.124058070969549128e+00 -1.580677235766125222e+01 5.450000000000000400e-01
-8.808654630554379139e+00 9.738195961007184431e-02 -6.692500000000346283e+00 4.000000000000000000e+02 -3.117955252578396230e+00 -1.580316953927009926e+01 1.949999999999999956e+00
-8.807738153184054397e+00 9.815354441071492964e-02 -6.695000000000346674e+00 4.000000000000000000e+02 -3.114281578743354206e+00 -1.580199586543505852e+01 7.550000000000000044e-01
-8.806821440176697990e+00 9.860461548197714532e-02 -6.697500000000347065e+00 4.000000000000000000e+02 -3.112265846392883173e+00 -1.580248013308458788e+01 1.814999999999999947e+00
-8.805906009980063232e+00 9.930519847247171183e-02 -6.700000000000347455e+00 4.000000000000000000e+02 -3.107038896201324008e+00 -1.579975318289302777e+01 7.399999999999999911e-01
-8.804988920721246615e+00 9.910797558334061286e-02 -6.702500000000347846e+00 4.000000000000000000e+02 -3.104803951094025294e+00 -1.580001823778573034e+01 1.360000000000000098e+00
-8.804072914457496069e+00 9.873242252847806710e-02 -6.705000000000348237e+00 4.000000000000000000e+02 -3.096567904024728257e+00 -1.579428219071643369e+01 2.899999999999999800e-01
-8.803152484384584753e+00 9.897376332325422132e-02 -6.707500000000348628e+00 4.000000000000000000e+02 -3.089526945977275840e+00 -1.578974123266898211e+01 3.350000000000000200e-01
-8.802228717370473632e+00 9.879547276894473651e-02 -6.710000000000349019e+00 4.000000000000000000e+02 -3.075431067755170833e+00 -1.577814535444687571e+01 1.175000000000000044e+00
-8.801295043644223881e+00 9.900107749833560178e-02 -6.712500000000349409e+00 4.000000000000000000e+02 -3.074074357870887564e+00 -1.577928864456259461e+01 1.104999999999999982e+00
-8.800363306209908032e+00 9.968053809351376526e-02 -6.715000000000349800e+00 4.000000000000000000e+02 -3.073941144831925598e+00 -1.578165543152363348e+01 1.975000000000000089e+00
-8.799434635646768754e+00 9.957811736959126803e-02 -6.717500000000350191e+00 4.000000000000000000e+02 -3.063199334446542466e+00 -1.577341362113824985e+01 5.550000000000000488e-01
-8.798499151879038749e+00 1.010776071754661831e-01 -6.720000000000350582e+00 4.000000000000000000e+02 -3.060267666504876694e+00 -1.577298195319658447e+01 1.435000000000000053e+00
-8.797564139083911883e+00 1.016895395995914414e-01 -6.722500000000350973e+00 4.000000000000000000e+02 -3.059389691295925306e+00 -1.577460397798763303e+01 1.000000000000000000e+00
-8.796631512984367518e+00 1.013674502286218831e-01 -6.725000000000351363e+00 4.000000000000000000e+02 -3.058340298052156125e+00 -1.577605458474386602e+01 5.699999999999999512e-01
-8.795701105871083669e+00 1.010267077493286481e-01 -6.727500000000351754e+00 4.000000000000000000e+02 -3.052443601362521797e+00 -1.577265788805422986e+01 6.300000000000000044e-01
-8.794768402343571267e+00 1.009060425164732266e-01 -6.730000000000352145e+00 4.000000000000000000e+02 -3.042517448633553112e+00 -1.576523173532526201e+01 5.400000000000000355e-01
-8.793829625497979308e+00 1.008465888302961799e-01 -6.732500000000352536e+00 4.000000000000000000e+02 -3.039278466881905505e+00 -1.576449275357361479e+01 1.060000000000000053e+00
-8.792891036108672509e+00 1.008271056935558796e-01 -6.735000000000352927e+00 4.000000000000000000e+02 -3.023731911092459423e+00 -1.575144619778417088e+01 5.350000000000000311e-01
-8.791941018661415086e+00 1.005617034286375583e-01 -6.737500000000353317e+00 4.000000000000000000e+02 -3.020120509426079014e+00 -1.575033479611778908e+01 1.040000000000000036e+00
-8.790990847956784648e+00 1.008410826411324512e-01 -6.740000000000353708e+00 4.000000000000000000e+02 -3.019683531435987778e+00 -1.575239781812769735e+01 1.844999999999999973e+00
-8.790043534636838629e+00 1.021729267794639906e-01 -6.742500000000354099e+00 4.000000000000000000e+02 -3.018748700227268600e+00 -1.575396298691897989e+01 1.084999999999999964e+00
-8.789098597314415784e+00 1.021083432551452702e-01 -6.745000000000354490e+00 4.000000000000000000e+02 -3.017151422248517623e+00 -1.575486570894022975e+01 1.104999999999999982e+00
-8.788155403479970929e+00 1.020679682045256553e-01 -6.747500000000354881e+00 4.000000000000000000e+02 -3.009410258207132483e+00 -1.574962454489884500e+01 1.885000000000000009e+00
-8.787208149025959258e+00 1.025272005517420537e-01 -6.750000000000355271e+00 4.000000000000000000e+02 -3.002026663326816447e+00 -1.574474095001852803e+01 1.770000000000000018e+00
-8.786257160283476253e+00 1.024769363960021246e-01 -6.752500000000355662e+00 4.000000000000000000e+02 -3.000680246865736311e+00 -1.574589453355744872e+01 1.199999999999999956e+00
-8.785308169912578791e+00 1.031989521017036282e-01 -6.755000000000356053e+00 4.000000000000000000e+02 -2.996137762571797758e+00 -1.574385204926351278e+01 8.299999999999999600e-01
-8.784358141751946292e+00 1.026430487832949712e-01 -6.757500000000356444e+00 4.000000000000000000e+02 -2.994032713230069032e+00 -1.574424699992178311e+01 1.074999999999999956e+00
-8.783409389894623942e+00 1.025829362271213213e-01 -6.760000000000356835e+00 4.000000000000000000e+02 -2.992819375709014906e+00 -1.574553366240072805e+01 3.850000000000000089e-01
-8.782462755519677700e+00 1.027335437419748393e-01 -6.762500000000357225e+00 4.000000000000000000e+02 -2.985126271736340708e+00 -1.574034055842805557e+01 2.750000000000000222e-01
-8.781512094657665912e+00 1.030568269057188235e-01 -6.765000000000357616e+00 4.000000000000000000e+02 -2.978425881410023734e+00 -1.573614016810173943e+01 7.149999999999999689e-01
-8.780558340854943467e+00 1.027165832689882208e-01 -6.767500000000358007e+00 4.000000000000000000e+02 -2.978323587412076812e+00 -1.573853787410379113e+01 1.004999999999999893e+00
-8.779607776653119089e+00 1.023118945532017765e-01 -6.770000000000358398e+00 4.000000000000000000e+02 -2.973652013046308884e+00 -1.573636629973802314e+01 1.090000000000000080e+00
-8.778656051646343883e+00 1.022153260459763013e-01 -6.772500000000358789e+00 4.000000000000000000e+02 -2.972855303736308130e+00 -1.573806959042802411e+01 1.205000000000000071e+00
-8.777706848935686423e+00 1.027984592996663560e-01 -6.775000000000359179e+00 4.000000000000000000e+02 -2.968290966669249187e+00 -1.573600525336096645e+01 3.449999999999999734e-01
-8.776756587649119368e+00 1.030044828719682559e-01 -6.777500000000359570e+00 4.000000000000000000e+02 -2.958605071640670658e+00 -1.572881935833238742e+01 1.179999999999999938e+00
-8.775800385209111099e+00 1.029236941263801108e-01 -6.780000000000359961e+00 4.000000000000000000e+02 -2.952108329498240646e+00 -1.572482261618995736e+01 3.649999999999999911e-01
-8.774841272369073408e+00 1.026728600793804652e-01 -6.782500000000360352e+00 4.000000000000000000e+02 -2.943100662226020514e+00 -1.571831494891773850e+01 1.455000000000000071e+00
-8.773876825620600783e+00 1.030412181575777603e-01 -6.785000000000360743e+00 4.000000000000000000e+02 -2.942978250302429988e+00 -1.572069253699414837e+01 5.400000000000000355e-01
-8.772915595160650781e+00 1.030575979187409591e-01 -6.787500000000361133e+00 4.000000000000000000e+02 -2.930898934895996177e+00 -1.571111322158771451e+01 1.889999999999999902e+00
-8.771946048968120024e+00 1.032287849912099376e-01 -6.790000000000361524e+00 4.000000000000000000e+02 -2.917963854397490397e+00 -1.570067814108920778e+01 3.250000000000000111e-01
-8.770967286442623134e+00 1.030351720830662149e-01 -6.792500000000361915e+00 4.000000000000000000e+02 -2.916669681032786787e+00 -1.570188396772450545e+01 3.649999999999999911e-01
-8.769990658734663214e+00 1.032334403385828242e-01 -6.795000000000362306e+00 4.000000000000000000e+02 -2.916347977920772383e+00 -1.570406226461249233e+01 1.709999999999999964e+00
-8.769017105861133032e+00 1.023996248508987073e-01 -6.797500000000362697e+00 4.000000000000000000e+02 -2.914723230894456840e+00 -1.570493751758617762e+01 1.000000000000000056e-01
-8.768045350361584056e+00 1.023572332248424560e-01 -6.800000000000363087e+00 4.000000000000000000e+02 -2.914687723111428319e+00 -1.570740200980314683e+01 1.330000000000000071e+00
-8.767076926710490881e+00 1.017853437043107351e-01 -6.802500000000363478e+00 4.000000000000000000e+02 -2.904818711882027227e+00 -1.570003299857374834e+01 3.649999999999999911e-01
-8.766102287729005127e+00 1.016809524447434415e-01 -6.805000000000363869e+00 4.000000000000000000e+02 -2.894734454707374116e+00 -1.569244874139909562e+01 1.169999999999999929e+00
-8.765121188588990364e+00 1.014399605197404824e-01 -6.807500000000364260e+00 4.000000000000000000e+02 -2.890728679057065431e+00 -1.569094296574878733e+01 9.499999999999999556e-01
-8.764139574806868893e+00 1.013080581178814332e-01 -6.810000000000364651e+00 4.000000000000000000e+02 -2.889836314999874922e+00 -1.569255060169159677e+01 2.999999999999999889e-01
-8.763160498138109489e+00 1.013218234739802354e-01 -6.812500000000365041e+00 4.000000000000000000e+02 -2.886347816254076104e+00 -1.569156210294579878e+01 9.300000000000000488e-01
-8.762181412248885692e+00 1.007056135268921265e-01 -6.815000000000365432e+00 4.000000000000000000e+02 -2.880344577687691476e+00 -1.568805886437941410e+01 1.600000000000000089e+00
-8.761199853089749467e+00 1.003833394634053716e-01 -6.817500000000365823e+00 4.000000000000000000e+02 -2.878408383611573917e+00 -1.568862267030329605e+01 1.479999999999999982e+00
-8.760219808883928039e+00 9.996418543696281023e-02 -6.820000000000366214e+00 4.000000000000000000e+02 -2.870378394384258236e+00 -1.568309268107597987e+01 1.020000000000000018e+00
-8.759235297570333145e+00 9.899758341865348699e-02 -6.822500000000366605e+00 4.000000000000000000e+02 -2.860426066632369313e+00 -1.567564035332409311e+01 7.500000000000000000e-01
-8.758244401145471869e+00 9.942900131590470814e-02 -6.825000000000366995e+00 4.000000000000000000e+02 -2.857982184992854613e+00 -1.567569647168457969e+01 8.349999999999999645e-01
-8.757254541147833748e+00 9.951507391484333553e-02 -6.827500000000367386e+00 4.000000000000000000e+02 -2.851842219456786953e+00 -1.567205650614851109e+01 7.850000000000000311e-01
-8.756262055740794636e+00 9.948416394461381818e-02 -6.830000000000367777e+00 4.000000000000000000e+02 -2.847577830948373023e+00 -1.567029211764009666e+01 8.449999999999999734e-01
-8.755268804315925024e+00 9.900894938006575552e-02 -6.832500000000368168e+00 4.000000000000000000e+02 -2.845586013685557525e+00 -1.567080030037728378e+01 8.850000000000000089e-01
-8.754277042334981829e+00 9.877116297596941208e-02 -6.835000000000368559e+00 4.000000000000000000e+02 -2.842505309323910989e+00 -1.567021959601563807e+01 8.199999999999999512e-01
-8.753285687739616350e+00 9.864363344388310528e-02 -6.837500000000368949e+00 4.000000000000000000e+02 -2.835599611031710321e+00 -1.566581389772343691e+01 8.499999999999999778e-01
-8.752290944219710767e+00 9.851933000838199173e-02 -6.840000000000369340e+00 4.000000000000000000e+02 -2.819212129402494327e+00 -1.565192641609421997e+01 4.799999999999999822e-01
-8.751283299202365029e+00 9.884405944087233664e-02 -6.842500000000369731e+00 4.000000000000000000e+02 -2.814509780908580172e+00 -1.564972406760030665e+01 2.399999999999999911e-01
-8.750274450236016577e+00 1.001364122811907731e-01 -6.845000000000370122e+00 4.000000000000000000e+02 -2.809461944779871434e+00 -1.564717623147159919e+01 9.350000000000000533e-01
-8.749264048253445836e+00 1.007108178800460441e-01 -6.847500000000370513e+00 4.000000000000000000e+02 -2.807351385151472201e+00 -1.564756567184319991e+01 5.250000000000000222e-01
-8.748255058972034703e+00 1.005426228167933811e-01 -6.850000000000370903e+00 4.000000000000000000e+02 -2.800397691366252051e+00 -1.564311197805797882e+01 1.675000000000000044e+00
-8.747242589789438583e+00 1.002936797110345613e-01 -6.852500000000371294e+00 4.000000000000000000e+02 -2.799828665386478566e+00 -1.564504295207820661e+01 1.129999999999999893e+00
-8.746233094869229063e+00 9.971707471592354544e-02 -6.855000000000371685e+00 4.000000000000000000e+02 -2.796609245773927555e+00 -1.564432353246565732e+01 8.850000000000000089e-01
-8.745223892588411374e+00 9.983975142964991722e-02 -6.857500000000372076e+00 4.000000000000000000e+02 -2.788682087213756322e+00 -1.563889637390548515e+01 3.850000000000000089e-01
-8.744210224096557127e+00 1.001752728895927286e-01 -6.860000000000372467e+00 4.000000000000000000e+02 -2.788579648102660347e+00 -1.564129393479438868e+01 1.504999999999999893e+00
-8.743200005826343713e+00 1.004771174544800971e-01 -6.862500000000372857e+00 4.000000000000000000e+02 -2.787611235917928809e+00 -1.564282552260965886e+01 1.875000000000000000e+00
-8.742192350782802990e+00 1.005743207575060111e-01 -6.865000000000373248e+00 4.000000000000000000e+02 -2.787361215379964285e+00 -1.564507550207169473e+01 3.350000000000000200e-01
-8.741187971324952954e+00 1.006879180459028800e-01 -6.867500000000373639e+00 4.000000000000000000e+02 -2.775597373256795564e+00 -1.563581165994852640e+01 6.149999999999999911e-01
-8.740175266095706164e+00 1.010667986148039293e-01 -6.870000000000374030e+00 4.000000000000000000e+02 -2.761893645019657839e+00 -1.562460793171138818e+01 1.705000000000000071e+00
-8.739152192901336491e+00 1.006260913611456975e-01 -6.872500000000374420e+00 4.000000000000000000e+02 -2.759544187613637511e+00 -1.562475847430537002e+01 1.000000000000000021e-02
-8.738130319084609354e+00 1.016952593188195364e-01 -6.875000000000374811e+00 4.000000000000000000e+02 -2.753593977796809256e+00 -1.562130826448854215e+01 8.549999999999999822e-01
-8.737105962071622045e+00 1.024268904912820216e-01 -6.877500000000375202e+00 4.000000000000000000e+02 -2.749056249521274253e+00 -1.561927053621300665e+01 6.049999999999999822e-01
-8.736080567010825249e+00 1.023526225789524319e-01 -6.880000000000375593e+00 4.000000000000000000e+02 -2.747410611478578346e+00 -1.562012489817031025e+01 2.300000000000000100e-01
-8.735057096648011665e+00 1.021853063026296748e-01 -6.882500000000375984e+00 4.000000000000000000e+02 -2.744812143810885896e+00 -1.562002643050261952e+01 3.950000000000000178e-01
-8.734034572076691205e+00 1.025490051906680217e-01 -6.885000000000376374e+00 4.000000000000000000e+02 -2.732301997595072862e+00 -1.561001628428680732e+01 1.659999999999999920e+00
-8.733002820779658393e+00 1.026198881128505408e-01 -6.887500000000376765e+00 4.000000000000000000e+02 -2.731189132955413434e+00 -1.561140341964714651e+01 1.435000000000000053e+00
-8.731973560873745654e+00 1.025948480914328498e-01 -6.890000000000377156e+00 4.000000000000000000e+02 -2.730109776298514035e+00 -1.561282406299024750e+01 8.800000000000000044e-01
-8.730946818176235524e+00 1.025719258834276865e-01 -6.892500000000377547e+00 4.000000000000000000e+02 -2.720278853363012228e+00 -1.560549314005474741e+01 7.500000000000000000e-01
-8.729913585615353355e+00 1.027988329963145930e-01 -6.895000000000377938e+00 4.000000000000000000e+02 -2.719602888589725875e+00 -1.560731717528146234e+01 5.899999999999999689e-01
-8.728883299544829555e+00 1.033475702208314639e-01 -6.897500000000378328e+00 4.000000000000000000e+02 -2.719271470596940521e+00 -1.560948575728867560e+01 1.899999999999999911e+00
-8.727856302268730104e+00 1.036178428446532379e-01 -6.900000000000378719e+00 4.000000000000000000e+02 -2.715658150306116791e+00 -1.560837243699785226e+01 4.199999999999999845e-01
-8.726829216380817655e+00 1.034340354730595157e-01 -6.902500000000379110e+00 4.000000000000000000e+02 -2.712718681342462634e+00 -1.560793296803419850e+01 1.094999999999999973e+00
-8.725802733539106626e+00 1.038195791591554756e-01 -6.905000000000379501e+00 4.000000000000000000e+02 -2.710132232383403394e+00 -1.560784651907514053e+01 8.999999999999999667e-02
-8.724777214678280046e+00 1.037532029732885219e-01 -6.907500000000379892e+00 4.000000000000000000e+02 -2.698280312968115879e+00 -1.559849459965985297e+01 1.950000000000000067e-01
-8.723743125720591962e+00 1.036344422889981798e-01 -6.910000000000380282e+00 4.000000000000000000e+02 -2.691746922488121641e+00 -1.559446120917985823e+01 3.649999999999999911e-01
-8.722705932172742038e+00 1.042191663359737924e-01 -6.912500000000380673e+00 4.000000000000000000e+02 -2.689214011525800085e+00 -1.559442829821753840e+01 1.145000000000000018e+00
-8.721669779198245820e+00 1.035864232627175530e-01 -6.915000000000381064e+00 4.000000000000000000e+02 -2.687895708970315045e+00 -1.559560999566205375e+01 9.250000000000000444e-01
-8.720635920523401197e+00 1.037563002031221954e-01 -6.917500000000381455e+00 4.000000000000000000e+02 -2.683959198609265684e+00 -1.559417348530100433e+01 1.500000000000000000e+00
-8.719601645695043146e+00 1.037139911620075655e-01 -6.920000000000381846e+00 4.000000000000000000e+02 -2.682073910161701491e+00 -1.559478819685343964e+01 5.649999999999999467e-01
-8.718569074086886417e+00 1.034972281870059491e-01 -6.922500000000382236e+00 4.000000000000000000e+02 -2.681468795040244046e+00 -1.559668308173198348e+01 3.750000000000000000e-01
-8.717539519313662666e+00 1.037957631183052398e-01 -6.925000000000382627e+00 4.000000000000000000e+02 -2.680370501754329116e+00 -1.559808478844606938e+01 1.504999999999999893e+00
-8.716512463333486949e+00 1.040450647036172960e-01 -6.927500000000383018e+00 4.000000000000000000e+02 -2.671994031069035991e+00 -1.559220831776077532e+01 8.050000000000000488e-01
-8.715480417212319253e+00 1.042467366194012451e-01 -6.930000000000383409e+00 4.000000000000000000e+02 -2.669270044407704212e+00 -1.559198433109944304e+01 6.800000000000000488e-01
-8.714449204279260286e+00 1.034342424891406681e-01 -6.932500000000383800e+00 4.000000000000000000e+02 -2.666994767348305206e+00 -1.559220905404004576e+01 4.299999999999999933e-01
-8.713419285004256665e+00 1.031706807607589288e-01 -6.935000000000384190e+00 4.000000000000000000e+02 -2.666825798547972415e+00 -1.559454008523971424e+01 1.040000000000000036e+00
-8.712392819653494769e+00 1.031981949725238878e-01 -6.937500000000384581e+00 4.000000000000000000e+02 -2.664823703514814568e+00 -1.559503799020655634e+01 1.875000000000000000e+00
-8.711367917023094876e+00 1.032927221276881413e-01 -6.940000000000384972e+00 4.000000000000000000e+02 -2.664301464121757057e+00 -1.559701575081349745e+01 1.125000000000000000e+00
-8.710346085645094050e+00 1.033508632105174518e-01 -6.942500000000385363e+00 4.000000000000000000e+02 -2.663169872752510603e+00 -1.559838415944425272e+01 4.450000000000000067e-01
-8.709326692529687719e+00 1.037686531770636578e-01 -6.945000000000385754e+00 4.000000000000000000e+02 -2.662905390894681368e+00 -1.560061967758642609e+01 1.799999999999999933e-01
-8.708310610371922778e+00 1.036251815317691116e-01 -6.947500000000386144e+00 4.000000000000000000e+02 -2.661618467133906041e+00 -1.560183275382564894e+01 1.749999999999999889e-01
-8.707296789553085503e+00 1.034308503374714305e-01 -6.950000000000386535e+00 4.000000000000000000e+02 -2.659808928929122906e+00 -1.560252321562086664e+01 1.000000000000000000e+00
-8.706284694226591014e+00 1.035011604661804918e-01 -6.952500000000386926e+00 4.000000000000000000e+02 -2.658764917205246103e+00 -1.560397920389699067e+01 1.629999999999999893e+00
-8.705275092496972178e+00 1.033026995603121417e-01 -6.955000000000387317e+00 4.000000000000000000e+02 -2.654148129832988090e+00 -1.560186241652473349e+01 4.499999999999999833e-02
-8.704264372896791002e+00 1.027156389092886840e-01 -6.957500000000387708e+00 4.000000000000000000e+02 -2.650687271776775322e+00 -1.560090155846851978e+01 3.950000000000000178e-01
-8.703253703665936314e+00 1.022582331443616932e-01 -6.960000000000388098e+00 4.000000000000000000e+02 -2.648764423055706807e+00 -1.560147870974745032e+01 1.400000000000000133e-01
-8.702244637114311843e+00 1.027716470750062033e-01 -6.962500000000388489e+00 4.000000000000000000e+02 -2.644075505782266688e+00 -1.559928979247401237e+01 1.034999999999999920e+00
-8.701234379913708850e+00 1.027972083675872950e-01 -6.965000000000388880e+00 4.000000000000000000e+02 -2.640456641284004924e+00 -1.559817092797575100e+01 1.799999999999999933e-01
-8.700224013041257365e+00 1.020613585512026716e-01 -6.967500000000389271e+00 4.000000000000000000e+02 -2.630195538220260421e+00 -1.559040982491200644e+01 5.799999999999999600e-01
-8.699206805853860303e+00 1.020030821277581046e-01 -6.970000000000389662e+00 4.000000000000000000e+02 -2.626542530374747386e+00 -1.558925681706649335e+01 1.885000000000000009e+00
-8.698189460589926369e+00 1.017869254017996217e-01 -6.972500000000390052e+00 4.000000000000000000e+02 -2.619773289624823143e+00 -1.558498757631657128e+01 9.749999999999999778e-01
-8.697168803331054576e+00 1.014945344722921888e-01 -6.975000000000390443e+00 4.000000000000000000e+02 -2.612534194904460705e+00 -1.558024848159620923e+01 1.629999999999999893e+00
-8.696144345704034606e+00 1.019331554286371927e-01 -6.977500000000390834e+00 4.000000000000000000e+02 -2.611254611258026603e+00 -1.558146889794977419e+01 7.299999999999999822e-01
-8.695122184102205054e+00 1.022725715254636375e-01 -6.980000000000391225e+00 4.000000000000000000e+02 -2.610590378996823446e+00 -1.558330466568857098e+01 7.750000000000000222e-01
-8.694102938109484313e+00 1.025118893254031022e-01 -6.982500000000391616e+00 4.000000000000000000e+02 -2.609861040321973746e+00 -1.558507532701372256e+01 1.645000000000000018e+00
-8.693086530312985616e+00 1.023428540410984272e-01 -6.985000000000392006e+00 4.000000000000000000e+02 -2.607262144895926337e+00 -1.558497643158767687e+01 2.949999999999999845e-01
-8.692071054182401113e+00 1.029411188322959525e-01 -6.987500000000392397e+00 4.000000000000000000e+02 -2.605169588320715768e+00 -1.558538387501246447e+01 8.349999999999999645e-01
-8.691057021233289603e+00 1.026019268585336569e-01 -6.990000000000392788e+00 4.000000000000000000e+02 -2.603773930736328346e+00 -1.558648821742807655e+01 1.699999999999999956e+00
-8.690045133027656021e+00 1.023471222841235567e-01 -6.992500000000393179e+00 4.000000000000000000e+02 -2.599780838490202584e+00 -1.558499512518195296e+01 9.449999999999999512e-01
-8.689032758026607794e+00 1.024366920436152462e-01 -6.995000000000393570e+00 4.000000000000000000e+02 -2.599639210837485948e+00 -1.558735349752923760e+01 8.750000000000000000e-01
-8.688023788023036431e+00 1.021934371582579326e-01 -6.997500000000393960e+00 4.000000000000000000e+02 -2.596286176641682708e+00 -1.558650046333343298e+01 1.499999999999999944e-02
-8.687014975262423278e+00 1.023840886686304547e-01 -7.000000000000394351e+00 4.000000000000000000e+02 -2.589894870355636591e+00 -1.558260915704738636e+01 1.725000000000000089e+00
-8.686003251883153808e+00 1.020019139581031242e-01 -7.002500000000394742e+00 4.000000000000000000e+02 -2.588595455874858065e+00 -1.558380974256660956e+01 9.549999999999999600e-01
-8.684993763146387380e+00 1.025053849669508993e-01 -7.005000000000395133e+00 4.000000000000000000e+02 -2.585639525600104349e+00 -1.558335381229185757e+01 4.500000000000000111e-01
-8.683984832784286567e+00 1.022387656779564502e-01 -7.007500000000395524e+00 4.000000000000000000e+02 -2.576443602146802458e+00 -1.557665788883855562e+01 8.100000000000000533e-01
-8.682970151214174592e+00 1.028107257642839750e-01 -7.010000000000395914e+00 4.000000000000000000e+02 -2.565951183422852111e+00 -1.556866547011460433e+01 9.500000000000000111e-02
-8.681948368332017552e+00 1.027558215532342334e-01 -7.012500000000396305e+00 4.000000000000000000e+02 -2.556073520563806767e+00 -1.556128780725556027e+01 9.399999999999999467e-01
-8.680920073786646540e+00 1.025693527766210061e-01 -7.015000000000396696e+00 4.000000000000000000e+02 -2.554725570460148365e+00 -1.556243985715190270e+01 1.929999999999999938e+00
-8.679894017686560659e+00 1.022315227915530644e-01 -7.017500000000397087e+00 4.000000000000000000e+02 -2.552391511670771163e+00 -1.556260579836252589e+01 1.534999999999999920e+00
-8.678869183287808653e+00 1.023833157968170593e-01 -7.020000000000397478e+00 4.000000000000000000e+02 -2.548295257781744816e+00 -1.556100954447349949e+01 1.049999999999999961e-01
-8.677843763411591027e+00 1.021656471298693497e-01 -7.022500000000397868e+00 4.000000000000000000e+02 -2.544167206074546606e+00 -1.555938149276630256e+01 1.709999999999999964e+00
-8.676817725715487484e+00 1.019156832433352339e-01 -7.025000000000398259e+00 4.000000000000000000e+02 -2.544038127180038522e+00 -1.556175241387179398e+01 7.900000000000000355e-01
-8.675795165735582515e+00 1.015823675799612524e-01 -7.027500000000398650e+00 4.000000000000000000e+02 -2.540496480855622519e+00 -1.556071076754737881e+01 1.010000000000000009e+00
-8.674772586248534978e+00 1.008740016712506432e-01 -7.030000000000399041e+00 4.000000000000000000e+02 -2.536007953120869463e+00 -1.555872223981262437e+01 2.949999999999999845e-01
-8.673749019030998042e+00 1.009612213964538041e-01 -7.032500000000399432e+00 4.000000000000000000e+02 -2.529991092991404233e+00 -1.555520537968316042e+01 5.000000000000000000e-01
-8.672722897886963267e+00 1.011497239187156560e-01 -7.035000000000399822e+00 4.000000000000000000e+02 -2.518075481528909698e+00 -1.554578976822066849e+01 1.945000000000000062e+00
-8.671688136368446820e+00 1.013781146806961297e-01 -7.037500000000400213e+00 4.000000000000000000e+02 -2.518017232622099755e+00 -1.554823151931385716e+01 5.050000000000000044e-01
-8.670656964114611398e+00 1.015371261882415665e-01 -7.040000000000400604e+00 4.000000000000000000e+02 -2.514932471316967177e+00 -1.554764675800872453e+01 1.705000000000000071e+00
-8.669626251847530440e+00 1.015662502710912574e-01 -7.042500000000400995e+00 4.000000000000000000e+02 -2.512255335274618417e+00 -1.554746962196637661e+01 1.274999999999999911e+00
-8.668596418543886628e+00 1.012531720850778222e-01 -7.045000000000401386e+00 4.000000000000000000e+02 -2.509985920224823364e+00 -1.554770020691658239e+01 1.340000000000000080e+00
-8.667567881776374605e+00 1.013865190536626243e-01 -7.047500000000401776e+00 4.000000000000000000e+02 -2.506808247741824314e+00 -1.554702253443358373e+01 1.574999999999999956e+00
-8.666539705636951751e+00 1.014313275211579379e-01 -7.050000000000402167e+00 4.000000000000000000e+02 -2.499109498649873640e+00 -1.554182378534163256e+01 1.735000000000000098e+00
-8.665507234677125581e+00 1.008288734178180573e-01 -7.052500000000402558e+00 4.000000000000000000e+02 -2.497810943268251815e+00 -1.554302522996001201e+01 1.419999999999999929e+00
-8.664477066409684625e+00 1.004762954413802867e-01 -7.055000000000402949e+00 4.000000000000000000e+02 -2.495324191851754136e+00 -1.554303847854351517e+01 1.909999999999999920e+00
-8.663447971923979196e+00 1.005463469871525489e-01 -7.057500000000403340e+00 4.000000000000000000e+02 -2.479436877125078098e+00 -1.552965116381683863e+01 1.195000000000000062e+00
-8.662406087416741229e+00 1.003021108919862070e-01 -7.060000000000403730e+00 4.000000000000000000e+02 -2.472189463030012302e+00 -1.552490374972177278e+01 3.750000000000000000e-01
-8.661360337035482360e+00 1.010577239316722276e-01 -7.062500000000404121e+00 4.000000000000000000e+02 -2.468961457618715105e+00 -1.552417574431047598e+01 7.500000000000000000e-01
-8.660314918709762111e+00 1.012550169206744288e-01 -7.065000000000404512e+00 4.000000000000000000e+02 -2.452241995928956086e+00 -1.550995628262071868e+01 4.949999999999999956e-01
-8.659255644219037151e+00 1.012230704530147768e-01 -7.067500000000404903e+00 4.000000000000000000e+02 -2.451338849466400127e+00 -1.551155313615816311e+01 7.650000000000000133e-01
-8.658199178079959424e+00 1.015938167080645133e-01 -7.070000000000405294e+00 4.000000000000000000e+02 -2.451196556874359889e+00 -1.551391084356612105e+01 1.935000000000000053e+00
-8.657146310854315630e+00 1.007066762489252226e-01 -7.072500000000405684e+00 4.000000000000000000e+02 -2.446381495085944380e+00 -1.551159578177770726e+01 3.950000000000000178e-01
-8.656092114567021767e+00 1.006366973424538541e-01 -7.075000000000406075e+00 4.000000000000000000e+02 -2.432850750073298762e+00 -1.550056503676506381e+01 1.044999999999999929e+00
-8.655027354026525899e+00 1.006264710698946407e-01 -7.077500000000406466e+00 4.000000000000000000e+02 -2.430773563957719929e+00 -1.550098785064948359e+01 5.050000000000000044e-01
-8.653964175378003887e+00 1.014749813104005027e-01 -7.080000000000406857e+00 4.000000000000000000e+02 -2.425071576111862637e+00 -1.549778586280362624e+01 7.600000000000000089e-01
-8.652898721571970597e+00 1.015768438951753089e-01 -7.082500000000407248e+00 4.000000000000000000e+02 -2.424155755494016962e+00 -1.549937004218578096e+01 1.580000000000000071e+00
-8.651836085593537007e+00 1.020347605458510193e-01 -7.085000000000407638e+00 4.000000000000000000e+02 -2.421493024731822707e+00 -1.549920731142358932e+01 8.000000000000000444e-01
-8.650774404949396867e+00 1.019952752285504388e-01 -7.087500000000408029e+00 4.000000000000000000e+02 -2.420809625921340746e+00 -1.550102391261310686e+01 7.550000000000000044e-01
-8.649715774113239775e+00 1.021150067632036335e-01 -7.090000000000408420e+00 4.000000000000000000e+02 -2.416773773335485487e+00 -1.549948806002725021e+01 5.749999999999999556e-01
-8.648656638222364634e+00 1.024459563902402198e-01 -7.092500000000408811e+00 4.000000000000000000e+02 -2.414306982141329883e+00 -1.549952126883309589e+01 9.549999999999999600e-01
-8.647598658029842511e+00 1.022741359181584819e-01 -7.095000000000409202e+00 4.000000000000000000e+02 -2.412038739187478686e+00 -1.549975302587924553e+01 1.745000000000000107e+00
-8.646542040754049196e+00 1.025968496003097641e-01 -7.097500000000409592e+00 4.000000000000000000e+02 -2.408619880958049908e+00 -1.549883416764981625e+01 1.250000000000000000e+00
-8.645485568949961674e+00 1.018271590480455124e-01 -7.100000000000409983e+00 4.000000000000000000e+02 -2.408521016880439625e+00 -1.550123530357220503e+01 1.965000000000000080e+00
-8.644432741784209284e+00 1.017409690101306469e-01 -7.102500000000410374e+00 4.000000000000000000e+02 -2.408490851540194377e+00 -1.550370513823196106e+01 1.500000000000000000e+00
-8.643383614906468893e+00 1.024864392022221543e-01 -7.105000000000410765e+00 4.000000000000000000e+02 -2.401510086941849753e+00 -1.549922437363361816e+01 2.500000000000000139e-02
-8.642330883518582141e+00 1.027667578342142674e-01 -7.107500000000411156e+00 4.000000000000000000e+02 -2.399612253803113493e+00 -1.549982654049488140e+01 1.370000000000000107e+00
-8.641279891938848934e+00 1.026609031439894432e-01 -7.110000000000411546e+00 4.000000000000000000e+02 -2.391216259164758107e+00 -1.549393054585652507e+01 7.850000000000000311e-01
-8.640223798640656483e+00 1.025118532135352173e-01 -7.112500000000411937e+00 4.000000000000000000e+02 -2.390800870357427943e+00 -1.549601515704919663e+01 3.649999999999999911e-01
-8.639171015273586107e+00 1.021104283927382478e-01 -7.115000000000412328e+00 4.000000000000000000e+02 -2.387206772727496595e+00 -1.549492105941926745e+01 3.049999999999999933e-01
-8.638118188433537625e+00 1.024171054288944421e-01 -7.117500000000412719e+00 4.000000000000000000e+02 -2.385561190346158877e+00 -1.549577547703792924e+01 6.750000000000000444e-01
-8.637067366624341602e+00 1.018786194178248894e-01 -7.120000000000413110e+00 4.000000000000000000e+02 -2.383340542741191559e+00 -1.549605482943296053e+01 7.700000000000000178e-01
-8.636017940929290759e+00 1.018236575059627835e-01 -7.122500000000413500e+00 4.000000000000000000e+02 -2.376564220221942580e+00 -1.549177850691371283e+01 1.549999999999999989e-01
-8.634965125161029320e+00 1.008566875513526029e-01 -7.125000000000413891e+00 4.000000000000000000e+02 -2.371744685657825258e+00 -1.548945897234959723e+01 9.649999999999999689e-01
-8.633910975629342843e+00 1.002887395678407068e-01 -7.127500000000414282e+00 4.000000000000000000e+02 -2.365717642971065793e+00 -1.548593192966283638e+01 3.699999999999999956e-01
-8.632854217451265910e+00 1.001963898848722695e-01 -7.130000000000414673e+00 4.000000000000000000e+02 -2.365258358702238439e+00 -1.548797264539400942e+01 1.530000000000000027e+00
-8.631800725768940197e+00 1.001314335193990018e-01 -7.132500000000415064e+00 4.000000000000000000e+02 -2.363945480262450882e+00 -1.548915976695422358e+01 1.530000000000000027e+00
-8.630749590672792237e+00 9.995661420454464430e-02 -7.135000000000415454e+00 4.000000000000000000e+02 -2.358742466198842536e+00 -1.548645675289061607e+01 1.120000000000000107e+00
-8.629696718708290248e+00 1.003989778790097959e-01 -7.137500000000415845e+00 4.000000000000000000e+02 -2.356152827080302270e+00 -1.548636711377207575e+01 8.499999999999999778e-01
-8.628644859883433327e+00 1.011986350439233462e-01 -7.140000000000416236e+00 4.000000000000000000e+02 -2.353519115430346975e+00 -1.548623340212211907e+01 1.554999999999999938e+00
-8.627593965869520432e+00 1.015035711228162996e-01 -7.142500000000416627e+00 4.000000000000000000e+02 -2.351112674754943566e+00 -1.548632696144671783e+01 1.715000000000000080e+00
-8.626544273236165239e+00 1.014426455204692490e-01 -7.145000000000417018e+00 4.000000000000000000e+02 -2.350417322230195172e+00 -1.548813160892196983e+01 1.554999999999999938e+00
-8.625497570945331205e+00 1.016916175814001622e-01 -7.147500000000417408e+00 4.000000000000000000e+02 -2.349980643512979750e+00 -1.549019493020475480e+01 1.449999999999999956e+00
-8.624454117171426404e+00 1.014252597035359832e-01 -7.150000000000417799e+00 4.000000000000000000e+02 -2.349570954863678285e+00 -1.549228524155545195e+01 2.300000000000000100e-01
-8.623413926520875350e+00 1.014389521050727688e-01 -7.152500000000418190e+00 4.000000000000000000e+02 -2.347378504262711996e+00 -1.549259279095448782e+01 1.600000000000000033e-01
-8.622375136105244309e+00 1.011897445816574564e-01 -7.155000000000418581e+00 4.000000000000000000e+02 -2.344312232799828255e+00 -1.549202651949160447e+01 2.200000000000000011e-01
-8.621336836167147410e+00 1.007781192258346420e-01 -7.157500000000418972e+00 4.000000000000000000e+02 -2.341293109098208980e+00 -1.549150739578998426e+01 1.250000000000000000e-01
-8.620299074870256817e+00 1.008794214823159480e-01 -7.160000000000419362e+00 4.000000000000000000e+02 -2.341159458337534360e+00 -1.549387374502931003e+01 1.405000000000000027e+00
-8.619264838398510875e+00 1.015784932796127832e-01 -7.162500000000419753e+00 4.000000000000000000e+02 -2.337052262487488097e+00 -1.549226654917926460e+01 1.939999999999999947e+00
-8.618230009488074828e+00 1.001384269347717210e-01 -7.165000000000420144e+00 4.000000000000000000e+02 -2.336854414270073121e+00 -1.549456870096185135e+01 1.649999999999999911e+00
-8.617198626249290783e+00 1.003254851221241084e-01 -7.167500000000420535e+00 4.000000000000000000e+02 -2.336218903071631381e+00 -1.549643318976340822e+01 4.099999999999999756e-01
-8.616170223910890158e+00 1.000827049087827658e-01 -7.170000000000420926e+00 4.000000000000000000e+02 -2.333031996272697306e+00 -1.549574628296447543e+01 9.899999999999999911e-01
-8.615142172526910613e+00 9.976599920642093000e-02 -7.172500000000421316e+00 4.000000000000000000e+02 -2.330564362606343920e+00 -1.549577864929812243e+01 5.500000000000000444e-01
-8.614115210169732251e+00 9.970843617223464073e-02 -7.175000000000421707e+00 4.000000000000000000e+02 -2.322608195691545863e+00 -1.549032248238332521e+01 1.669999999999999929e+00
-8.613083691448307988e+00 9.974888180483866551e-02 -7.177500000000422098e+00 4.000000000000000000e+02 -2.320482364728106095e+00 -1.549069665141988494e+01 7.000000000000000666e-02
-8.612053620955464339e+00 1.000526138650349034e-01 -7.180000000000422489e+00 4.000000000000000000e+02 -2.318480619216636285e+00 -1.549119490590841508e+01 5.050000000000000044e-01
-8.611025122734014658e+00 9.945825206276971697e-02 -7.182500000000422880e+00 4.000000000000000000e+02 -2.318108902742669564e+00 -1.549332318943444875e+01 6.250000000000000000e-01
-8.609999864476550968e+00 9.939957516977587781e-02 -7.185000000000423270e+00 4.000000000000000000e+02 -2.317405306453105052e+00 -1.549511959314488685e+01 1.625000000000000000e+00
-8.608977493597480546e+00 9.907058115572563162e-02 -7.187500000000423661e+00 4.000000000000000000e+02 -2.316938440693845358e+00 -1.549715272738562533e+01 1.100000000000000006e-01
-8.607958240221206481e+00 9.879102195513476958e-02 -7.190000000000424052e+00 4.000000000000000000e+02 -2.316314136135138924e+00 -1.549902842282691928e+01 2.750000000000000222e-01
-8.606941931767638110e+00 9.892676133585776022e-02 -7.192500000000424443e+00 4.000000000000000000e+02 -2.314760734854235835e+00 -1.549997502154601747e+01 1.400000000000000133e-01
-8.605927615266177000e+00 9.837967507424581759e-02 -7.195000000000424834e+00 4.000000000000000000e+02 -2.306978458511205865e+00 -1.549469274520298967e+01 1.645000000000000018e+00
-8.604908962660200444e+00 9.867396027490332733e-02 -7.197500000000425224e+00 4.000000000000000000e+02 -2.300280465632996041e+00 -1.549049475232477846e+01 1.754999999999999893e+00
-8.603887067913982278e+00 9.851666531444840114e-02 -7.200000000000425615e+00 4.000000000000000000e+02 -2.292689857818156263e+00 -1.548540414450993907e+01 1.534999999999999920e+00
-8.602861009038019091e+00 9.844992808475522272e-02 -7.202500000000426006e+00 4.000000000000000000e+02 -2.290881256778610986e+00 -1.548609554347039463e+01 9.799999999999999822e-01
-8.601836709961082406e+00 9.875105079210731718e-02 -7.205000000000426397e+00 4.000000000000000000e+02 -2.286407973799632121e+00 -1.548412226049141616e+01 7.000000000000000666e-02
-8.600811438877808968e+00 9.864298064102799968e-02 -7.207500000000426787e+00 4.000000000000000000e+02 -2.284561078233815046e+00 -1.548477536492559992e+01 1.800000000000000044e+00
-8.599787886261541558e+00 9.932415114300245651e-02 -7.210000000000427178e+00 4.000000000000000000e+02 -2.281428828025472200e+00 -1.548414311471725568e+01 1.205000000000000071e+00
-8.598764733880740252e+00 9.904761491465211010e-02 -7.212500000000427569e+00 4.000000000000000000e+02 -2.281294959368081798e+00 -1.548650924605986745e+01 1.764999999999999902e+00
-8.597745041619255346e+00 9.919102891130078536e-02 -7.215000000000427960e+00 4.000000000000000000e+02 -2.276826515891996916e+00 -1.548454080258378340e+01 1.854999999999999982e+00
-8.596724381958201988e+00 9.975645085826247149e-02 -7.217500000000428351e+00 4.000000000000000000e+02 -2.275234472508436134e+00 -1.548544875920022079e+01 8.249999999999999556e-01
-8.595705687859679145e+00 9.976567879566056174e-02 -7.220000000000428741e+00 4.000000000000000000e+02 -2.273449684080953492e+00 -1.548616397077273810e+01 1.510000000000000009e+00
-8.594688757653170086e+00 1.001403525621056695e-01 -7.222500000000429132e+00 4.000000000000000000e+02 -2.272696274736911715e+00 -1.548791056142869849e+01 1.044999999999999929e+00
-8.593674632452351858e+00 1.008533283317684243e-01 -7.225000000000429523e+00 4.000000000000000000e+02 -2.272282666417183350e+00 -1.548999695310897096e+01 1.524999999999999911e+00
-8.592663645107942116e+00 1.008858116523690257e-01 -7.227500000000429914e+00 4.000000000000000000e+02 -2.270080611764319301e+00 -1.549029489845610641e+01 8.649999999999999911e-01
-8.591653979544840780e+00 1.011951751620879386e-01 -7.230000000000430305e+00 4.000000000000000000e+02 -2.269736313107916459e+00 -1.549245059979970307e+01 1.135000000000000009e+00
-8.590647503285589792e+00 1.012797781420503584e-01 -7.232500000000430695e+00 4.000000000000000000e+02 -2.269058528527122309e+00 -1.549427281521890976e+01 1.804999999999999938e+00
-8.589643868588309417e+00 1.015193584911466829e-01 -7.235000000000431086e+00 4.000000000000000000e+02 -2.266022493928412818e+00 -1.549373678062020154e+01 2.300000000000000100e-01
-8.588640702845749431e+00 1.014075151680916276e-01 -7.237500000000431477e+00 4.000000000000000000e+02 -2.259660499770772990e+00 -1.548987478646256122e+01 1.125000000000000000e+00
-8.587634666565339359e+00 1.007642249663231737e-01 -7.240000000000431868e+00 4.000000000000000000e+02 -2.259589503199366689e+00 -1.549230378989115486e+01 1.344999999999999973e+00
-8.586632078402120172e+00 1.007374613321112278e-01 -7.242500000000432259e+00 4.000000000000000000e+02 -2.250808162336336959e+00 -1.548602244902812686e+01 1.885000000000000009e+00
-8.585624186503888922e+00 1.005513795759862550e-01 -7.245000000000432649e+00 4.000000000000000000e+02 -2.248987862450555930e+00 -1.548670214914234577e+01 7.650000000000000133e-01
-8.584617993226846266e+00 1.006692541328136209e-01 -7.247500000000433040e+00 4.000000000000000000e+02 -2.248619262751148540e+00 -1.548883354944293878e+01 2.949999999999999845e-01
-8.583614950447506331e+00 1.000770675531720555e-01 -7.250000000000433431e+00 4.000000000000000000e+02 -2.248283873435127589e+00 -1.549099816012691733e+01 2.449999999999999956e-01
-8.582615078347728854e+00 1.004465778858546349e-01 -7.252500000000433822e+00 4.000000000000000000e+02 -2.243295726358762732e+00 -1.548851001305055419e+01 1.955000000000000071e+00
-8.581613717800797403e+00 1.001896709662676715e-01 -7.255000000000434213e+00 4.000000000000000000e+02 -2.242638308862779706e+00 -1.549035259555457245e+01 9.849999999999999867e-01
-8.580615199601259846e+00 1.001640464644983769e-01 -7.257500000000434603e+00 4.000000000000000000e+02 -2.241124760902756474e+00 -1.549133904759454872e+01 8.399999999999999689e-01
-8.579618660478521619e+00 1.002713807679394553e-01 -7.260000000000434994e+00 4.000000000000000000e+02 -2.238158478258249762e+00 -1.549087276495004062e+01 1.185000000000000053e+00
-8.578622649374034737e+00 9.986001850346597208e-02 -7.262500000000435385e+00 4.000000000000000000e+02 -2.232673933265552968e+00 -1.548788821995734466e+01 1.290000000000000036e+00
-8.577624656686127835e+00 1.002636451447315863e-01 -7.265000000000435776e+00 4.000000000000000000e+02 -2.230506312749347853e+00 -1.548822059944114216e+01 9.449999999999999512e-01
-8.576627990156165282e+00 1.002930473151469881e-01 -7.267500000000436167e+00 4.000000000000000000e+02 -2.228143774211339689e+00 -1.548835806090313305e+01 1.600000000000000089e+00
-8.575632452770729941e+00 1.004768000156502500e-01 -7.270000000000436557e+00 4.000000000000000000e+02 -2.224137601311335644e+00 -1.548685188800312851e+01 1.409999999999999920e+00
-8.574636407151889017e+00 1.008924534492717240e-01 -7.272500000000436948e+00 4.000000000000000000e+02 -2.222406328779982676e+00 -1.548762061547177638e+01 8.199999999999999512e-01
-8.573642116904588661e+00 1.011349039558111368e-01 -7.275000000000437339e+00 4.000000000000000000e+02 -2.216799075646202599e+00 -1.548451336233799758e+01 8.000000000000000444e-01
-8.572645724585191473e+00 1.012431073296911066e-01 -7.277500000000437730e+00 4.000000000000000000e+02 -2.216619828882016030e+00 -1.548683411557381007e+01 1.135000000000000009e+00
-8.571652630330412137e+00 1.017413607458964725e-01 -7.280000000000438121e+00 4.000000000000000000e+02 -2.215742652449734340e+00 -1.548845693914152832e+01 4.249999999999999889e-01
-8.570662129249186023e+00 1.019138499436925555e-01 -7.282500000000438511e+00 4.000000000000000000e+02 -2.213308247296209341e+00 -1.548852253398800549e+01 1.915000000000000036e+00
-8.569672673162868293e+00 1.018312970940501716e-01 -7.285000000000438902e+00 4.000000000000000000e+02 -2.206808339965848464e+00 -1.548452262665764501e+01 2.200000000000000011e-01
-8.568680235358941744e+00 1.025309000279338578e-01 -7.287500000000439293e+00 4.000000000000000000e+02 -2.204125706472476853e+00 -1.548433999316427290e+01 1.245000000000000107e+00
-8.567688600511916164e+00 1.023858997053571640e-01 -7.290000000000439684e+00 4.000000000000000000e+02 -2.197124710107065226e+00 -1.547983899679886122e+01 6.500000000000000222e-02
-8.566693481280248434e+00 1.028445226309802341e-01 -7.292500000000440075e+00 4.000000000000000000e+02 -2.186866076929030900e+00 -1.547208036362082773e+01 1.620000000000000107e+00
-8.565691612115296394e+00 1.039294912703700446e-01 -7.295000000000440465e+00 4.000000000000000000e+02 -2.185006483762863105e+00 -1.547272077045466077e+01 9.949999999999999956e-01
-8.564691386123802985e+00 1.044134904796455848e-01 -7.297500000000440856e+00 4.000000000000000000e+02 -2.183413415762708976e+00 -1.547362770245450747e+01 7.499999999999999722e-02
-8.563693064952451195e+00 1.053797169890138413e-01 -7.300000000000441247e+00 4.000000000000000000e+02 -2.174320590923891405e+00 -1.546703487761568852e+01 1.625000000000000000e+00
-8.562689145827926396e+00 1.058896015644194971e-01 -7.302500000000441638e+00 4.000000000000000000e+02 -2.173452077234384827e+00 -1.546866636392618410e+01 7.900000000000000355e-01
-8.561687867631716742e+00 1.061412012739404581e-01 -7.305000000000442029e+00 4.000000000000000000e+02 -2.166169581905478481e+00 -1.546388386859727859e+01 8.149999999999999467e-01
-8.560682798123853132e+00 1.064025581422128330e-01 -7.307500000000442419e+00 4.000000000000000000e+02 -2.159556466246401296e+00 -1.545977075293820135e+01 1.600000000000000089e+00
-8.559674601530703697e+00 1.061269307284377628e-01 -7.310000000000442810e+00 4.000000000000000000e+02 -2.159500040505506036e+00 -1.546221432719730515e+01 5.000000000000000278e-02
-8.558669877257228720e+00 1.055699228869931700e-01 -7.312500000000443201e+00 4.000000000000000000e+02 -2.159442221478890644e+00 -1.546465650817069104e+01 1.245000000000000107e+00
-8.557668608481105110e+00 1.060856337716957060e-01 -7.315000000000443592e+00 4.000000000000000000e+02 -2.154000705507358671e+00 -1.546171499219916079e+01 1.040000000000000036e+00
-8.556665396085254116e+00 1.058367585727895827e-01 -7.317500000000443983e+00 4.000000000000000000e+02 -2.150515760544029487e+00 -1.546073004723583111e+01 1.360000000000000098e+00
-8.555662202006161010e+00 1.063349048388184670e-01 -7.320000000000444373e+00 4.000000000000000000e+02 -2.149720937419770550e+00 -1.546243522411157123e+01 5.100000000000000089e-01
-8.554661719915868545e+00 1.051743036839824369e-01 -7.322500000000444764e+00 4.000000000000000000e+02 -2.145717472886123911e+00 -1.546093175957792631e+01 2.750000000000000222e-01
-8.553660734725911041e+00 1.052618372484478565e-01 -7.325000000000445155e+00 4.000000000000000000e+02 -2.143975422790205698e+00 -1.546168970948200894e+01 1.810000000000000053e+00
-8.552661507777802541e+00 1.059299715043001411e-01 -7.327500000000445546e+00 4.000000000000000000e+02 -2.142341614698561436e+00 -1.546255590139036329e+01 1.084999999999999964e+00
-8.551664142140658953e+00 1.050719991742869730e-01 -7.330000000000445937e+00 4.000000000000000000e+02 -2.140655723641467389e+00 -1.546337001033326963e+01 1.560000000000000053e+00
-8.550668580672374119e+00 1.050513732915204640e-01 -7.332500000000446327e+00 4.000000000000000000e+02 -2.137991963600071710e+00 -1.546320625029187568e+01 4.000000000000000222e-01
-8.549673846557658052e+00 1.068130394415311574e-01 -7.335000000000446718e+00 4.000000000000000000e+02 -2.137654118867801767e+00 -1.546536840555960701e+01 1.560000000000000053e+00
-8.548682246203007651e+00 1.067071196649804765e-01 -7.337500000000447109e+00 4.000000000000000000e+02 -2.136140972574040120e+00 -1.546635525926584442e+01 1.274999999999999911e+00
-8.547692604775207315e+00 1.066873206571197497e-01 -7.340000000000447500e+00 4.000000000000000000e+02 -2.136079288448386571e+00 -1.546879357514018949e+01 7.800000000000000266e-01
-8.546706348318521052e+00 1.070207255065916269e-01 -7.342500000000447891e+00 4.000000000000000000e+02 -2.135166435692901654e+00 -1.547038072238470718e+01 1.010000000000000009e+00
-8.545722625388606275e+00 1.067551987811332648e-01 -7.345000000000448281e+00 4.000000000000000000e+02 -2.134441093419339630e+00 -1.547215538011114688e+01 2.800000000000000266e-01
-8.544741610873309412e+00 1.070789222564695609e-01 -7.347500000000448672e+00 4.000000000000000000e+02 -2.133681948810207452e+00 -1.547389623550201421e+01 3.049999999999999933e-01
-8.543763261617245419e+00 1.069811539940069695e-01 -7.350000000000449063e+00 4.000000000000000000e+02 -2.129973726517317534e+00 -1.547268801320912246e+01 1.945000000000000062e+00
-8.542784687549231037e+00 1.067057785422607652e-01 -7.352500000000449454e+00 4.000000000000000000e+02 -2.129608674831892312e+00 -1.547482296152369941e+01 6.500000000000000222e-02
-8.541809154071900778e+00 1.068718398234295569e-01 -7.355000000000449845e+00 4.000000000000000000e+02 -2.127214204701201705e+00 -1.547492849139301008e+01 1.429999999999999938e+00
-8.540834674124804238e+00 1.056758782751363590e-01 -7.357500000000450235e+00 4.000000000000000000e+02 -2.125099358413041095e+00 -1.547531364510484764e+01 1.100000000000000089e+00
-8.539861517569100613e+00 1.055777504563897573e-01 -7.360000000000450626e+00 4.000000000000000000e+02 -2.124471224288265070e+00 -1.547718551098007111e+01 1.330000000000000071e+00
-8.538891124389923704e+00 1.053891789098541087e-01 -7.362500000000451017e+00 4.000000000000000000e+02 -2.124469201247126460e+00 -1.547968348793893512e+01 1.700000000000000122e-01
-8.537924089439473008e+00 1.051853182323198022e-01 -7.365000000000451408e+00 4.000000000000000000e+02 -2.120001533273002448e+00 -1.547771581996481238e+01 7.850000000000000311e-01
-8.536956086826050338e+00 1.052716816369499986e-01 -7.367500000000451799e+00 4.000000000000000000e+02 -2.119382416321109908e+00 -1.547959670301291979e+01 1.764999999999999902e+00
-8.535990836688267080e+00 1.053907888515964036e-01 -7.370000000000452189e+00 4.000000000000000000e+02 -2.116710704954588795e+00 -1.547942499164639685e+01 1.449999999999999956e+00
-8.535026351840947711e+00 1.046847550633189655e-01 -7.372500000000452580e+00 4.000000000000000000e+02 -2.111067457564671734e+00 -1.547628174425648240e+01 5.000000000000000104e-03
-8.534059764335664156e+00 1.045496121024353520e-01 -7.375000000000452971e+00 4.000000000000000000e+02 -2.104574839595281688e+00 -1.547228912628709274e+01 1.044999999999999929e+00
-8.533090248896790797e+00 1.047767167106652547e-01 -7.377500000000453362e+00 4.000000000000000000e+02 -2.103948757341992604e+00 -1.547416304403380316e+01 1.324999999999999956e+00
-8.532123484964440507e+00 1.045651352462130257e-01 -7.380000000000453753e+00 4.000000000000000000e+02 -2.103610953252247562e+00 -1.547632523994405673e+01 4.899999999999999911e-01
-8.531159739815143084e+00 1.044009636306372363e-01 -7.382500000000454143e+00 4.000000000000000000e+02 -2.103243914309698148e+00 -1.547845820100150860e+01 1.554999999999999938e+00
-8.530198973054242018e+00 1.050834544094176454e-01 -7.385000000000454534e+00 4.000000000000000000e+02 -2.100538608835311738e+00 -1.547825289552712391e+01 1.870000000000000107e+00
-8.529238931493170028e+00 1.048597383080528134e-01 -7.387500000000454925e+00 4.000000000000000000e+02 -2.093730006499857854e+00 -1.547394429319166953e+01 1.530000000000000027e+00
-8.528275671336588815e+00 1.051061868217959133e-01 -7.390000000000455316e+00 4.000000000000000000e+02 -2.092493216536598144e+00 -1.547520750322840932e+01 4.500000000000000111e-01
-8.527314552435118600e+00 1.046231154231038463e-01 -7.392500000000455707e+00 4.000000000000000000e+02 -2.092432374478265800e+00 -1.547764666117007870e+01 4.050000000000000266e-01
-8.526356694492097432e+00 1.043774042895485310e-01 -7.395000000000456097e+00 4.000000000000000000e+02 -2.090267206769522712e+00 -1.547798149346133734e+01 4.849999999999999867e-01
-8.525400073371036669e+00 1.036990292451378387e-01 -7.397500000000456488e+00 4.000000000000000000e+02 -2.090136279939189823e+00 -1.548035056663100306e+01 1.219999999999999973e+00
-8.524446626881346134e+00 1.038601249957638167e-01 -7.400000000000456879e+00 4.000000000000000000e+02 -2.081155531311686069e+00 -1.547386981800350014e+01 2.349999999999999867e-01
-8.523487898345988967e+00 1.040566186809854382e-01 -7.402500000000457270e+00 4.000000000000000000e+02 -2.080043113352935347e+00 -1.547525740004475026e+01 1.715000000000000080e+00
-8.522531415574427172e+00 1.039772223203013907e-01 -7.405000000000457661e+00 4.000000000000000000e+02 -2.071934885912045221e+00 -1.546964917260386052e+01 8.649999999999999911e-01
-8.521570475266688760e+00 1.051510518174688241e-01 -7.407500000000458051e+00 4.000000000000000000e+02 -2.071676366752248200e+00 -1.547189065344406345e+01 9.649999999999999689e-01
-8.520612605901291658e+00 1.049264251059965070e-01 -7.410000000000458442e+00 4.000000000000000000e+02 -2.069603103808887568e+00 -1.547231739050070232e+01 2.500000000000000000e-01
-8.519656061256531743e+00 1.051019369421972161e-01 -7.412500000000458833e+00 4.000000000000000000e+02 -2.069348735590704091e+00 -1.547456302228252056e+01 8.750000000000000000e-01
-8.518702573280062751e+00 1.047508119277468924e-01 -7.415000000000459224e+00 4.000000000000000000e+02 -2.066895793883302801e+00 -1.547461008057512011e+01 1.024999999999999911e+00
-8.517750038381334932e+00 1.047304126815351427e-01 -7.417500000000459615e+00 4.000000000000000000e+02 -2.063442695832271134e+00 -1.547365698252408706e+01 1.435000000000000053e+00
-8.516797502946438669e+00 1.044009165565248087e-01 -7.420000000000460005e+00 4.000000000000000000e+02 -2.057376952047625718e+00 -1.547009123873944247e+01 4.450000000000000067e-01
-8.515842476272581507e+00 1.051629666466546292e-01 -7.422500000000460396e+00 4.000000000000000000e+02 -2.053583797203995420e+00 -1.546879808389581257e+01 3.350000000000000200e-01
-8.514887126776930160e+00 1.051410875964933767e-01 -7.425000000000460787e+00 4.000000000000000000e+02 -2.051290010113371309e+00 -1.546900429680519018e+01 2.149999999999999967e-01
-8.513932885806111628e+00 1.054425383667160904e-01 -7.427500000000461178e+00 4.000000000000000000e+02 -2.049687538934529485e+00 -1.546990182562634786e+01 7.900000000000000355e-01
-8.512980409394351966e+00 1.058869231155660506e-01 -7.430000000000461569e+00 4.000000000000000000e+02 -2.042434838166694355e+00 -1.546514912485851312e+01 8.299999999999999600e-01
-8.512024308205225154e+00 1.054797942437661062e-01 -7.432500000000461959e+00 4.000000000000000000e+02 -2.042146852696663739e+00 -1.546736113938848334e+01 7.600000000000000089e-01
-8.511071229821480344e+00 1.061446058809466103e-01 -7.435000000000462350e+00 4.000000000000000000e+02 -2.039877624588750660e+00 -1.546759191128057154e+01 1.580000000000000071e+00
-8.510119278535681175e+00 1.061551314827473280e-01 -7.437500000000462741e+00 4.000000000000000000e+02 -2.037468782303966108e+00 -1.546768306899578604e+01 1.780000000000000027e+00
-8.509168319249369006e+00 1.059405007516178998e-01 -7.440000000000463132e+00 4.000000000000000000e+02 -2.036163735656467466e+00 -1.546887802234828690e+01 5.000000000000000000e-01
-8.508219397483740565e+00 1.057741837873595325e-01 -7.442500000000463523e+00 4.000000000000000000e+02 -2.034475209484051472e+00 -1.546968949617587263e+01 1.389999999999999902e+00
-8.507272143936081221e+00 1.056357133510905932e-01 -7.445000000000463913e+00 4.000000000000000000e+02 -2.030724749531705342e+00 -1.546843903622352734e+01 6.450000000000000178e-01
-8.506324603267582773e+00 1.057726088113987578e-01 -7.447500000000464304e+00 4.000000000000000000e+02 -2.027799631799323432e+00 -1.546801391849114538e+01 6.550000000000000266e-01
-8.505377557252515430e+00 1.054022734847925857e-01 -7.450000000000464695e+00 4.000000000000000000e+02 -2.026423933657670151e+00 -1.546913822034949071e+01 9.500000000000000111e-02
-8.504432469943237649e+00 1.054688359896878563e-01 -7.452500000000465086e+00 4.000000000000000000e+02 -2.024338053968640860e+00 -1.546955234066046359e+01 1.000000000000000056e-01
-8.503488665725640772e+00 1.056258904243676383e-01 -7.455000000000465477e+00 4.000000000000000000e+02 -2.017735625980727310e+00 -1.546544991267255043e+01 1.415000000000000036e+00
-8.502541877085556976e+00 1.051742537553711221e-01 -7.457500000000465867e+00 4.000000000000000000e+02 -2.017158121874475185e+00 -1.546737240856629825e+01 1.504999999999999893e+00
-8.501597799877739448e+00 1.049677815617864884e-01 -7.460000000000466258e+00 4.000000000000000000e+02 -2.014035185892061541e+00 -1.546674947258388499e+01 1.040000000000000036e+00
-8.500654025660356439e+00 1.051715893241907118e-01 -7.462500000000466649e+00 4.000000000000000000e+02 -2.013147941811817443e+00 -1.546836222850364173e+01 1.854999999999999982e+00
-8.499712660014797194e+00 1.054310304537372095e-01 -7.465000000000467040e+00 4.000000000000000000e+02 -2.011432510340969149e+00 -1.546914679703279383e+01 6.199999999999999956e-01
-8.498772916940570354e+00 1.053694471395768828e-01 -7.467500000000467431e+00 4.000000000000000000e+02 -2.010382790164509714e+00 -1.547059707685633434e+01 1.350000000000000089e-01
-8.497835416140711473e+00 1.055559622573257195e-01 -7.470000000000467821e+00 4.000000000000000000e+02 -2.009832348510099731e+00 -1.547254663520192430e+01 1.179999999999999938e+00
-8.496900616794926364e+00 1.046075076530732922e-01 -7.472500000000468212e+00 4.000000000000000000e+02 -2.009424856335463527e+00 -1.547463914302728938e+01 1.455000000000000071e+00
-8.495968641778391728e+00 1.047709413121807598e-01 -7.475000000000468603e+00 4.000000000000000000e+02 -2.007303241343609379e+00 -1.547501752803543695e+01 1.695000000000000062e+00
-8.495037886617110345e+00 1.051392743767651794e-01 -7.477500000000468994e+00 4.000000000000000000e+02 -2.002484725027299461e+00 -1.547269901171912565e+01 5.450000000000000400e-01
-8.494105839495471599e+00 1.054104469590402271e-01 -7.480000000000469385e+00 4.000000000000000000e+02 -2.000952811209333326e+00 -1.547366709790115991e+01 4.249999999999999889e-01
-8.493175560883363673e+00 1.055735266957958524e-01 -7.482500000000469775e+00 4.000000000000000000e+02 -2.000199902801146568e+00 -1.547541418949297309e+01 5.400000000000000355e-01
-8.492247768486679504e+00 1.063619483567594115e-01 -7.485000000000470166e+00 4.000000000000000000e+02 -1.999961373405074960e+00 -1.547767566009690299e+01 8.750000000000000000e-01
-8.491322928984811114e+00 1.062843919343654242e-01 -7.487500000000470557e+00 4.000000000000000000e+02 -1.993037420368841239e+00 -1.547325170706066899e+01 1.780000000000000027e+00
-8.490394849199995875e+00 1.063087862535468386e-01 -7.490000000000470948e+00 4.000000000000000000e+02 -1.992240803986694786e+00 -1.547495509067852204e+01 5.300000000000000266e-01
-8.489469207284225050e+00 1.066329021620941730e-01 -7.492500000000471339e+00 4.000000000000000000e+02 -1.977306839056401699e+00 -1.546252112574823023e+01 5.799999999999999600e-01
-8.488532856264303206e+00 1.063835549907880818e-01 -7.495000000000471729e+00 4.000000000000000000e+02 -1.976202007999920074e+00 -1.546391629469174944e+01 1.679999999999999938e+00
-8.487598684804259719e+00 1.074165659690273084e-01 -7.497500000000472120e+00 4.000000000000000000e+02 -1.975855225707704887e+00 -1.546606951239953354e+01 7.750000000000000222e-01
-8.486667391706886221e+00 1.070362272518022712e-01 -7.500000000000472511e+00 4.000000000000000000e+02 -1.975562926043773260e+00 -1.546827721273560208e+01 1.600000000000000089e+00
-8.485739015994656853e+00 1.067588706262884851e-01 -7.502500000000472902e+00 4.000000000000000000e+02 -1.973305765444816506e+00 -1.546852005213664683e+01 1.239999999999999991e+00
-8.484811726469910553e+00 1.068455647304605988e-01 -7.505000000000473293e+00 4.000000000000000000e+02 -1.972852564905202222e+00 -1.547056685159703449e+01 1.155000000000000027e+00
-8.483887189417178121e+00 1.071566501463717819e-01 -7.507500000000473683e+00 4.000000000000000000e+02 -1.971103165171556482e+00 -1.547131745186338669e+01 1.010000000000000009e+00
-8.482964199080614165e+00 1.072185187151397379e-01 -7.510000000000474074e+00 4.000000000000000000e+02 -1.969023507724677824e+00 -1.547173779441650865e+01 4.849999999999999867e-01
-8.482042447224037218e+00 1.070509700305805056e-01 -7.512500000000474465e+00 4.000000000000000000e+02 -1.961376367954910549e+00 -1.546659065464674221e+01 5.200000000000000178e-01
-8.481116794174125673e+00 1.068724315088021709e-01 -7.515000000000474856e+00 4.000000000000000000e+02 -1.961008017838226536e+00 -1.546872230453005947e+01 6.949999999999999512e-01
-8.480193965500911091e+00 1.069164446784326289e-01 -7.517500000000475247e+00 4.000000000000000000e+02 -1.959418972304156625e+00 -1.546963325899598907e+01 2.449999999999999956e-01
-8.479272826766226956e+00 1.074565843462977066e-01 -7.520000000000475637e+00 4.000000000000000000e+02 -1.955645802934294464e+00 -1.546836008962612574e+01 1.929999999999999938e+00
-8.478351363854786271e+00 1.076249079141349957e-01 -7.522500000000476028e+00 4.000000000000000000e+02 -1.953079708145754045e+00 -1.546829399483758749e+01 1.455000000000000071e+00
-8.477430688433779338e+00 1.073296218921713507e-01 -7.525000000000476419e+00 4.000000000000000000e+02 -1.948487080142666139e+00 -1.546620136683450042e+01 1.209999999999999964e+00
-8.476508933889746800e+00 1.064173313311612828e-01 -7.527500000000476810e+00 4.000000000000000000e+02 -1.944163333581500286e+00 -1.546437762027333385e+01 1.794999999999999929e+00
-8.475586347938977028e+00 1.068144581790041042e-01 -7.530000000000477201e+00 4.000000000000000000e+02 -1.942975697751767594e+00 -1.546568998444360155e+01 4.149999999999999800e-01
-8.474665820671663852e+00 1.071111047882100792e-01 -7.532500000000477591e+00 4.000000000000000000e+02 -1.942449945574179937e+00 -1.546766423226601539e+01 2.250000000000000056e-01
-8.473747953049803883e+00 1.069834954747262423e-01 -7.535000000000477982e+00 4.000000000000000000e+02 -1.932619189626371581e+00 -1.546033347631820831e+01 8.299999999999999600e-01
-8.472824183057900527e+00 1.066256230073649863e-01 -7.537500000000478373e+00 4.000000000000000000e+02 -1.931243915300485892e+00 -1.546145820199232190e+01 5.899999999999999689e-01
-8.471902302596825862e+00 1.071819303686742109e-01 -7.540000000000478764e+00 4.000000000000000000e+02 -1.929296995386043267e+00 -1.546201128207787789e+01 1.399999999999999911e+00
-8.470981780245592674e+00 1.074520373288194858e-01 -7.542500000000479154e+00 4.000000000000000000e+02 -1.928978263231620360e+00 -1.546419254992345671e+01 9.100000000000000311e-01
-8.470064107430248512e+00 1.062639333247252793e-01 -7.545000000000479545e+00 4.000000000000000000e+02 -1.928114474908004361e+00 -1.546582876159984110e+01 1.600000000000000089e+00
-8.469148774184235506e+00 1.061240067016576555e-01 -7.547500000000479936e+00 4.000000000000000000e+02 -1.927254423278470519e+00 -1.546746870997030854e+01 1.294999999999999929e+00
-8.468235775820632583e+00 1.062883778768916737e-01 -7.550000000000480327e+00 4.000000000000000000e+02 -1.925329412144875629e+00 -1.546804369883671271e+01 1.350000000000000089e-01
-8.467324134358101162e+00 1.064156085008232250e-01 -7.552500000000480718e+00 4.000000000000000000e+02 -1.924782017289846436e+00 -1.546999630398168435e+01 1.280000000000000027e+00
-8.466415099140828460e+00 1.060836302953697269e-01 -7.555000000000481108e+00 4.000000000000000000e+02 -1.921451652878051641e+00 -1.546916593956989061e+01 1.129999999999999893e+00
-8.465506135402785404e+00 1.056261473489553959e-01 -7.557500000000481499e+00 4.000000000000000000e+02 -1.918481979506104551e+00 -1.546869626619794325e+01 1.290000000000000036e+00
-8.464597570694763817e+00 1.057907002249929146e-01 -7.560000000000481890e+00 4.000000000000000000e+02 -1.915447887455374198e+00 -1.546816217414721173e+01 1.439999999999999947e+00
-8.463689346001258329e+00 1.064057158013818200e-01 -7.562500000000482281e+00 4.000000000000000000e+02 -1.905634192716266329e+00 -1.546084847940810647e+01 5.000000000000000278e-02
-8.462775287696127080e+00 1.053627169544294750e-01 -7.565000000000482672e+00 4.000000000000000000e+02 -1.903276392631718439e+00 -1.546099067932355986e+01 1.155000000000000027e+00
-8.461862193922453201e+00 1.052665827581971969e-01 -7.567500000000483062e+00 4.000000000000000000e+02 -1.902606993185794737e+00 -1.546282127987763566e+01 1.799999999999999933e-01
-8.460951600826586372e+00 1.049931722994144334e-01 -7.570000000000483453e+00 4.000000000000000000e+02 -1.891170234414883744e+00 -1.545388452110672262e+01 7.000000000000000666e-02
-8.460033673117981934e+00 1.057002811625675082e-01 -7.572500000000483844e+00 4.000000000000000000e+02 -1.888029419201873615e+00 -1.545324370589371554e+01 1.379999999999999893e+00
-8.459115999626712679e+00 1.058418388343946165e-01 -7.575000000000484235e+00 4.000000000000000000e+02 -1.883802666307339946e+00 -1.545151695299918160e+01 2.149999999999999967e-01
-8.458197583705265643e+00 1.054589519320457830e-01 -7.577500000000484626e+00 4.000000000000000000e+02 -1.868959937922936465e+00 -1.543917422461477784e+01 7.500000000000000000e-01
-8.457268620250889768e+00 1.059385416002499025e-01 -7.580000000000485016e+00 4.000000000000000000e+02 -1.862434335782533035e+00 -1.543514862247437414e+01 4.949999999999999956e-01
-8.456336777015708961e+00 1.065482688404314343e-01 -7.582500000000485407e+00 4.000000000000000000e+02 -1.862381398097540997e+00 -1.543759568478938426e+01 1.949999999999999956e+00
-8.455408075618224828e+00 1.064842585170464317e-01 -7.585000000000485798e+00 4.000000000000000000e+02 -1.860691991098663456e+00 -1.543840627779050756e+01 1.175000000000000044e+00
-8.454480987354092036e+00 1.071271574180321373e-01 -7.587500000000486189e+00 4.000000000000000000e+02 -1.858950674520808422e+00 -1.543916496121265247e+01 4.299999999999999933e-01
-8.453555459910131020e+00 1.078795096475480275e-01 -7.590000000000486580e+00 4.000000000000000000e+02 -1.857043481524818906e+00 -1.543975776821666201e+01 6.750000000000000444e-01
-8.452631336011458885e+00 1.073645486386406722e-01 -7.592500000000486970e+00 4.000000000000000000e+02 -1.854107733731924723e+00 -1.543932202042376822e+01 1.499999999999999944e-02
-8.451707663114307323e+00 1.071015098206737487e-01 -7.595000000000487361e+00 4.000000000000000000e+02 -1.853940190610515737e+00 -1.544165447730236096e+01 1.945000000000000062e+00
-8.450786991542894810e+00 1.071178334378274782e-01 -7.597500000000487752e+00 4.000000000000000000e+02 -1.850644696777515197e+00 -1.544085898346935970e+01 3.449999999999999734e-01
-8.449866435158828182e+00 1.070783394484714629e-01 -7.600000000000488143e+00 4.000000000000000000e+02 -1.848051508340120996e+00 -1.544076579503196456e+01 1.455000000000000071e+00
-8.448946639748591281e+00 1.067105186242169462e-01 -7.602500000000488534e+00 4.000000000000000000e+02 -1.834018105421058920e+00 -1.542923239211290465e+01 1.534999999999999920e+00
-8.448017034560571403e+00 1.066121169428979748e-01 -7.605000000000488924e+00 4.000000000000000000e+02 -1.830994844489911566e+00 -1.542870913118175835e+01 1.760000000000000009e+00
-8.447087806860132275e+00 1.069391127556959670e-01 -7.607500000000489315e+00 4.000000000000000000e+02 -1.823689565339501550e+00 -1.542390385203134784e+01 2.750000000000000222e-01
-8.446154972118684157e+00 1.077717049947797129e-01 -7.610000000000489706e+00 4.000000000000000000e+02 -1.822821409275749982e+00 -1.542553569596759644e+01 6.049999999999999822e-01
-8.445224525622093026e+00 1.077526975019997141e-01 -7.612500000000490097e+00 4.000000000000000000e+02 -1.818918708884765367e+00 -1.542413299557661333e+01 1.620000000000000107e+00
-8.444293639819251851e+00 1.081426192693834970e-01 -7.615000000000490488e+00 4.000000000000000000e+02 -1.818709867183979201e+00 -1.542642415387582844e+01 1.745000000000000107e+00
-8.443365747155811007e+00 1.079214288755437900e-01 -7.617500000000490878e+00 4.000000000000000000e+02 -1.817650956076479751e+00 -1.542786524276832694e+01 1.625000000000000000e+00
-8.442440049035431215e+00 1.082687483497680875e-01 -7.620000000000491269e+00 4.000000000000000000e+02 -1.816569997966921424e+00 -1.542928428465876856e+01 1.020000000000000018e+00
-8.441516517893015603e+00 1.084174696066857180e-01 -7.622500000000491660e+00 4.000000000000000000e+02 -1.816064585696268940e+00 -1.543127887238811802e+01 1.000000000000000021e-02
-8.440595676557318683e+00 1.085426103250111685e-01 -7.625000000000492051e+00 4.000000000000000000e+02 -1.812822533658668966e+00 -1.543053682035051821e+01 5.000000000000000278e-02
-8.439674999767722952e+00 1.087042652324477221e-01 -7.627500000000492442e+00 4.000000000000000000e+02 -1.807454840993194756e+00 -1.542766912768504461e+01 1.379999999999999893e+00
-8.438752529486933440e+00 1.088498305985157733e-01 -7.630000000000492832e+00 4.000000000000000000e+02 -1.806925251743208394e+00 -1.542963953843505820e+01 1.939999999999999947e+00
-8.437832722721525514e+00 1.085825727678404878e-01 -7.632500000000493223e+00 4.000000000000000000e+02 -1.806529569849216976e+00 -1.543174385654106828e+01 1.905000000000000027e+00
-8.436915692091806918e+00 1.089834966618294376e-01 -7.635000000000493614e+00 4.000000000000000000e+02 -1.800719594165152149e+00 -1.542843388085700340e+01 1.135000000000000009e+00
-8.435996465440014802e+00 1.093243832545996441e-01 -7.637500000000494005e+00 4.000000000000000000e+02 -1.795679843334279768e+00 -1.542589413002613163e+01 1.989999999999999991e+00
-8.435075748637673954e+00 1.094748356841122178e-01 -7.640000000000494396e+00 4.000000000000000000e+02 -1.792944852616089157e+00 -1.542565913930793897e+01 2.149999999999999967e-01
-8.434155662688176847e+00 1.088254749527731990e-01 -7.642500000000494786e+00 4.000000000000000000e+02 -1.791416539217868698e+00 -1.542663082590972046e+01 1.199999999999999956e-01
-8.433237314888422986e+00 1.086348015290466290e-01 -7.645000000000495177e+00 4.000000000000000000e+02 -1.791332565229510232e+00 -1.542904685192136327e+01 1.155000000000000027e+00
-8.432322022705470488e+00 1.088472192906254077e-01 -7.647500000000495568e+00 4.000000000000000000e+02 -1.787316551059552783e+00 -1.542753083775140510e+01 1.004999999999999893e+00
-8.431406180772976100e+00 1.092029581688706702e-01 -7.650000000000495959e+00 4.000000000000000000e+02 -1.783512764837933640e+00 -1.542622705152978568e+01 5.600000000000000533e-01
-8.430489983638651097e+00 1.093237608661154492e-01 -7.652500000000496350e+00 4.000000000000000000e+02 -1.783249415109591007e+00 -1.542846370180144433e+01 3.800000000000000044e-01
-8.429576669268527667e+00 1.095795430641766099e-01 -7.655000000000496740e+00 4.000000000000000000e+02 -1.779930732206755906e+00 -1.542764501889861073e+01 1.784999999999999920e+00
-8.428663441283143598e+00 1.101455646153565726e-01 -7.657500000000497131e+00 4.000000000000000000e+02 -1.777216778783386353e+00 -1.542743106547523979e+01 8.349999999999999645e-01
-8.427750851380434227e+00 1.105656259192361740e-01 -7.660000000000497522e+00 4.000000000000000000e+02 -1.775369819606249955e+00 -1.542808410629810467e+01 4.650000000000000244e-01
-8.426839688488412250e+00 1.105510282508104097e-01 -7.662500000000497913e+00 4.000000000000000000e+02 -1.770275999217272300e+00 -1.542549028590912741e+01 8.649999999999999911e-01
-8.425926991830728241e+00 1.106424844725730633e-01 -7.665000000000498304e+00 4.000000000000000000e+02 -1.765232449195229814e+00 -1.542294673588708598e+01 2.049999999999999878e-01
-8.425012806164946966e+00 1.104199774574316506e-01 -7.667500000000498694e+00 4.000000000000000000e+02 -1.760252297837009205e+00 -1.542046658452886554e+01 6.899999999999999467e-01
-8.424097188449991336e+00 1.103412888677755832e-01 -7.670000000000499085e+00 4.000000000000000000e+02 -1.756759250744515555e+00 -1.541947353743637095e+01 1.534999999999999920e+00
-8.423181499869031086e+00 1.107631425329924785e-01 -7.672500000000499476e+00 4.000000000000000000e+02 -1.751306329540765594e+00 -1.541652061623262249e+01 7.800000000000000266e-01
-8.422263944772378608e+00 1.108412580518426394e-01 -7.675000000000499867e+00 4.000000000000000000e+02 -1.748513912706594065e+00 -1.541622819939845179e+01 1.629999999999999893e+00
-8.421346962832446437e+00 1.108702033730198933e-01 -7.677500000000500258e+00 4.000000000000000000e+02 -1.746087605763154471e+00 -1.541630189245501192e+01 3.549999999999999822e-01
-8.420430888458000140e+00 1.109500426505391768e-01 -7.680000000000500648e+00 4.000000000000000000e+02 -1.745065673322435451e+00 -1.541777996001429329e+01 1.895000000000000018e+00
-8.419517003671623812e+00 1.109282545898066241e-01 -7.682500000000501039e+00 4.000000000000000000e+02 -1.744535764156843527e+00 -1.541975005084870176e+01 5.600000000000000533e-01
-8.418605749511042902e+00 1.106204769240115848e-01 -7.685000000000501430e+00 4.000000000000000000e+02 -1.741901151630292022e+00 -1.541961543832215220e+01 9.749999999999999778e-01
-8.417695202471650262e+00 1.108379854087016142e-01 -7.687500000000501821e+00 4.000000000000000000e+02 -1.739749140250726578e+00 -1.541996342694258537e+01 8.800000000000000044e-01
-8.416785800146783458e+00 1.104387065619709257e-01 -7.690000000000502212e+00 4.000000000000000000e+02 -1.734491780484407553e+00 -1.541720606717626652e+01 2.700000000000000178e-01
-8.415874716497416586e+00 1.100823024006292589e-01 -7.692500000000502602e+00 4.000000000000000000e+02 -1.734355294123932412e+00 -1.541956958081579288e+01 1.979999999999999982e+00
-8.414966610048644213e+00 1.103919882723624346e-01 -7.695000000000502993e+00 4.000000000000000000e+02 -1.732020955018044317e+00 -1.541973524170990473e+01 1.499999999999999944e-01
-8.414059477729695757e+00 1.100815970597237431e-01 -7.697500000000503384e+00 4.000000000000000000e+02 -1.727539278730254146e+00 -1.541775356542211384e+01 1.324999999999999956e+00
-8.413151370575983279e+00 1.100160162509227352e-01 -7.700000000000503775e+00 4.000000000000000000e+02 -1.724217238856835754e+00 -1.541693152554869606e+01 1.400000000000000133e-01
-8.412243341541747910e+00 1.110638660126492538e-01 -7.702500000000504166e+00 4.000000000000000000e+02 -1.723667000074676769e+00 -1.541888128676653835e+01 9.150000000000000355e-01
-8.411337902586888404e+00 1.110528176475680112e-01 -7.705000000000504556e+00 4.000000000000000000e+02 -1.723628614504355339e+00 -1.542134290119621731e+01 1.195000000000000062e+00
-8.410435505793754984e+00 1.108306115965537880e-01 -7.707500000000504947e+00 4.000000000000000000e+02 -1.718286691993954785e+00 -1.541850097868581670e+01 3.950000000000000178e-01
-8.409531357872195301e+00 1.111483711881049996e-01 -7.710000000000505338e+00 4.000000000000000000e+02 -1.715387092008001657e+00 -1.541810137869986264e+01 1.629999999999999893e+00
-8.408627665815526342e+00 1.110850012403518938e-01 -7.712500000000505729e+00 4.000000000000000000e+02 -1.710507777440613442e+00 -1.541572206413247592e+01 1.900000000000000022e-01
-8.407722639869847470e+00 1.106688385552743736e-01 -7.715000000000506120e+00 4.000000000000000000e+02 -1.709249852540870140e+00 -1.541696413923273390e+01 1.400000000000000133e-01
-8.406819554145487317e+00 1.106104757907995090e-01 -7.717500000000506510e+00 4.000000000000000000e+02 -1.709065473774205923e+00 -1.541927976046607007e+01 1.949999999999999956e+00
-8.405919369210609560e+00 1.108025472130948763e-01 -7.720000000000506901e+00 4.000000000000000000e+02 -1.708788027065022419e+00 -1.542150231375688563e+01 5.600000000000000533e-01
-8.405021989674189342e+00 1.104770446015565927e-01 -7.722500000000507292e+00 4.000000000000000000e+02 -1.707979966811361328e+00 -1.542319425350322604e+01 1.439999999999999947e+00
-8.404126929695999948e+00 1.106906870738809667e-01 -7.725000000000507683e+00 4.000000000000000000e+02 -1.704002985340869580e+00 -1.542171727203273512e+01 7.149999999999999689e-01
-8.403231348944826706e+00 1.107612655705798310e-01 -7.727500000000508074e+00 4.000000000000000000e+02 -1.701927580343912005e+00 -1.542214186703577639e+01 7.750000000000000222e-01
-8.402336949209324501e+00 1.111078579749815581e-01 -7.730000000000508464e+00 4.000000000000000000e+02 -1.701621023628262286e+00 -1.542433531032012795e+01 1.385000000000000009e+00
-8.401445305751247261e+00 1.111511371396539383e-01 -7.732500000000508855e+00 4.000000000000000000e+02 -1.701359682516335958e+00 -1.542657396920820290e+01 1.830000000000000071e+00
-8.400556447804675031e+00 1.105546374287707245e-01 -7.735000000000509246e+00 4.000000000000000000e+02 -1.701110141392264019e+00 -1.542882442808413046e+01 4.650000000000000244e-01
-8.399670374655451965e+00 1.098457145293493115e-01 -7.737500000000509637e+00 4.000000000000000000e+02 -1.698622787633915499e+00 -1.542883707432578255e+01 8.399999999999999689e-01
-8.398785097127394295e+00 1.099630593134128809e-01 -7.740000000000510028e+00 4.000000000000000000e+02 -1.698208233378806664e+00 -1.543092252007067344e+01 8.149999999999999467e-01
-8.397902444452796544e+00 1.102002756754737883e-01 -7.742500000000510418e+00 4.000000000000000000e+02 -1.698158544709945206e+00 -1.543337283140181349e+01 6.049999999999999822e-01
-8.397022727439230394e+00 1.102918724697840858e-01 -7.745000000000510809e+00 4.000000000000000000e+02 -1.696511877746692099e+00 -1.543422616443856121e+01 1.715000000000000080e+00
-8.396144533030273749e+00 1.104942019796570501e-01 -7.747500000000511200e+00 4.000000000000000000e+02 -1.694403589080749395e+00 -1.543461787577261823e+01 1.754999999999999893e+00
-8.395267452649008533e+00 1.107510850954477183e-01 -7.750000000000511591e+00 4.000000000000000000e+02 -1.694009375905040082e+00 -1.543672366259690776e+01 9.449999999999999512e-01
-8.394392983442154232e+00 1.110312803798339104e-01 -7.752500000000511982e+00 4.000000000000000000e+02 -1.691140574808479347e+00 -1.543635486150034808e+01 2.149999999999999967e-01
-8.393518956121571506e+00 1.107837035982989493e-01 -7.755000000000512372e+00 4.000000000000000000e+02 -1.680334364105388056e+00 -1.542804865079725829e+01 1.479999999999999982e+00
-8.392638411540062293e+00 1.106292732778678678e-01 -7.757500000000512763e+00 4.000000000000000000e+02 -1.679131637679573075e+00 -1.542934592437144303e+01 8.349999999999999645e-01
-8.391759781696585208e+00 1.105893704122495880e-01 -7.760000000000513154e+00 4.000000000000000000e+02 -1.677678994798244672e+00 -1.543039328149011347e+01 9.350000000000000533e-01
-8.390882841713111162e+00 1.104465313627301798e-01 -7.762500000000513545e+00 4.000000000000000000e+02 -1.676617447707531516e+00 -1.543183173439940248e+01 1.895000000000000018e+00
-8.390007928954446470e+00 1.107407805128709927e-01 -7.765000000000513936e+00 4.000000000000000000e+02 -1.676293543711358192e+00 -1.543400783040322999e+01 4.650000000000000244e-01
-8.389135680332218570e+00 1.104548348865358465e-01 -7.767500000000514326e+00 4.000000000000000000e+02 -1.674110065203695319e+00 -1.543432435189556706e+01 4.199999999999999845e-01
-8.388264467545727854e+00 1.109126213775170761e-01 -7.770000000000514717e+00 4.000000000000000000e+02 -1.673169249473751563e+00 -1.543588353616562259e+01 6.099999999999999867e-01
-8.387395368662531325e+00 1.113160523925203343e-01 -7.772500000000515108e+00 4.000000000000000000e+02 -1.663159164860827710e+00 -1.542837345155269979e+01 1.574999999999999956e+00
-8.386520481431206875e+00 1.112273927628044112e-01 -7.775000000000515499e+00 4.000000000000000000e+02 -1.655640024299896762e+00 -1.542335431099177079e+01 4.749999999999999778e-01
-8.385641962517635051e+00 1.110665095893812876e-01 -7.777500000000515890e+00 4.000000000000000000e+02 -1.652877096238676513e+00 -1.542309138293054893e+01 9.500000000000000111e-02
-8.384763984008579030e+00 1.105382478101969573e-01 -7.780000000000516280e+00 4.000000000000000000e+02 -1.643531648739879891e+00 -1.541624593543175337e+01 1.774999999999999911e+00
-8.383880752846142315e+00 1.107763838652601335e-01 -7.782500000000516671e+00 4.000000000000000000e+02 -1.638792950109276614e+00 -1.541400723680115092e+01 1.100000000000000006e-01
-8.382996324210473915e+00 1.106773589279487352e-01 -7.785000000000517062e+00 4.000000000000000000e+02 -1.636957731700068530e+00 -1.541467201839194345e+01 1.235000000000000098e+00
-8.382113264075579551e+00 1.106777031605566952e-01 -7.787500000000517453e+00 4.000000000000000000e+02 -1.632481181038063278e+00 -1.541269546772993770e+01 8.850000000000000089e-01
-8.381229238221575173e+00 1.111142326968924676e-01 -7.790000000000517844e+00 4.000000000000000000e+02 -1.630790572069273248e+00 -1.541350485876114718e+01 4.249999999999999889e-01
-8.380346707465220035e+00 1.116502288809133325e-01 -7.792500000000518234e+00 4.000000000000000000e+02 -1.629247370923033067e+00 -1.541446165761490761e+01 1.659999999999999920e+00
-8.379465797767764457e+00 1.117881519647250244e-01 -7.795000000000518625e+00 4.000000000000000000e+02 -1.628428734944110889e+00 -1.541614302163598715e+01 9.500000000000000111e-02
-8.378587141322785925e+00 1.115299947782726342e-01 -7.797500000000519016e+00 4.000000000000000000e+02 -1.624947333623096402e+00 -1.541516162031497217e+01 1.070000000000000062e+00
-8.377708394635378752e+00 1.118645505224166170e-01 -7.800000000000519407e+00 4.000000000000000000e+02 -1.624773828335760228e+00 -1.541748811502763594e+01 1.150000000000000050e-01
-8.376832458802875081e+00 1.120321804673158061e-01 -7.802500000000519798e+00 4.000000000000000000e+02 -1.621686547631573827e+00 -1.541690083432345126e+01 6.450000000000000178e-01
-8.375956775666596243e+00 1.120346628284438484e-01 -7.805000000000520188e+00 4.000000000000000000e+02 -1.621338030071902914e+00 -1.541905231676378207e+01 1.685000000000000053e+00
-8.375083738204892825e+00 1.117237835667477114e-01 -7.807500000000520579e+00 4.000000000000000000e+02 -1.617353053875431046e+00 -1.541756734056730949e+01 2.550000000000000044e-01
-8.374210166567607416e+00 1.117958813380713901e-01 -7.810000000000520970e+00 4.000000000000000000e+02 -1.617228688520584656e+00 -1.541994297521246260e+01 1.659999999999999920e+00
-8.373339427505072763e+00 1.118995598091757221e-01 -7.812500000000521361e+00 4.000000000000000000e+02 -1.615445493770893970e+00 -1.542065978046277230e+01 1.219999999999999973e+00
-8.372470069082481814e+00 1.115753679713953755e-01 -7.815000000000521752e+00 4.000000000000000000e+02 -1.615411239790354836e+00 -1.542312552648223445e+01 1.544999999999999929e+00
-8.371603603977835206e+00 1.121131335328264256e-01 -7.817500000000522142e+00 4.000000000000000000e+02 -1.615202892584730598e+00 -1.542541717927661082e+01 1.100000000000000089e+00
-8.370739869776198105e+00 1.123234599657037952e-01 -7.820000000000522533e+00 4.000000000000000000e+02 -1.612979298072085843e+00 -1.542569358476396424e+01 1.739999999999999991e+00
-8.369877119366581297e+00 1.124758733036236580e-01 -7.822500000000522924e+00 4.000000000000000000e+02 -1.609997715598477708e+00 -1.542521200229035827e+01 4.050000000000000266e-01
-8.369014697605354769e+00 1.125403364014525981e-01 -7.825000000000523315e+00 4.000000000000000000e+02 -1.608687553345137244e+00 -1.542640184003701798e+01 9.050000000000000266e-01
-8.368154043181826651e+00 1.129462306263140509e-01 -7.827500000000523706e+00 4.000000000000000000e+02 -1.608417922509555398e+00 -1.542863220920143696e+01 1.489999999999999991e+00
-8.367296043814944184e+00 1.128245991542282667e-01 -7.830000000000524096e+00 4.000000000000000000e+02 -1.608314460007491009e+00 -1.543102874669937208e+01 3.499999999999999778e-01
-8.366440831107825105e+00 1.134562702513577659e-01 -7.832500000000524487e+00 4.000000000000000000e+02 -1.606846715388665636e+00 -1.543206100208054821e+01 1.830000000000000071e+00
-8.365587230376904770e+00 1.133955036305294151e-01 -7.835000000000524878e+00 4.000000000000000000e+02 -1.606344436998163872e+00 -1.543405872369004683e+01 1.294999999999999929e+00
-8.364736059036150806e+00 1.132783339652269072e-01 -7.837500000000525269e+00 4.000000000000000000e+02 -1.597040088446502804e+00 -1.542725437513838571e+01 1.300000000000000044e+00
-8.363879807583940007e+00 1.133906932170437171e-01 -7.840000000000525660e+00 4.000000000000000000e+02 -1.594994642483974934e+00 -1.542770892917585712e+01 5.699999999999999512e-01
-8.363024677296104770e+00 1.131852165419899303e-01 -7.842500000000526050e+00 4.000000000000000000e+02 -1.594260595008642367e+00 -1.542947488170052495e+01 1.719999999999999973e+00
-8.362171784486429615e+00 1.133633282968973532e-01 -7.845000000000526441e+00 4.000000000000000000e+02 -1.592051582534838916e+00 -1.542976586922672411e+01 5.999999999999999778e-02
-8.361319866311079707e+00 1.134298912695081429e-01 -7.847500000000526832e+00 4.000000000000000000e+02 -1.590909894721834084e+00 -1.543112418141371833e+01 1.935000000000000053e+00
-8.360469828192645281e+00 1.134883838122005967e-01 -7.850000000000527223e+00 4.000000000000000000e+02 -1.590898632492885545e+00 -1.543361291918476930e+01 1.300000000000000044e+00
-8.359622622228508604e+00 1.134130999980529908e-01 -7.852500000000527614e+00 4.000000000000000000e+02 -1.590610765396398785e+00 -1.543582505208828337e+01 1.610000000000000098e+00
-8.358778003101212661e+00 1.130075907701333787e-01 -7.855000000000528004e+00 4.000000000000000000e+02 -1.588554104107182230e+00 -1.543626839079906787e+01 4.000000000000000083e-02
-8.357934470649112768e+00 1.126722179253941136e-01 -7.857500000000528395e+00 4.000000000000000000e+02 -1.583041609200744659e+00 -1.543325589589263025e+01 1.840000000000000080e+00
-8.357089107395159644e+00 1.127715948001857676e-01 -7.860000000000528786e+00 4.000000000000000000e+02 -1.578744281150413098e+00 -1.543145856784229863e+01 5.500000000000000028e-02
-8.356242939342523712e+00 1.140691831769886089e-01 -7.862500000000529177e+00 4.000000000000000000e+02 -1.578385046566228134e+00 -1.543359933325811539e+01 7.349999999999999867e-01
-8.355399293902415536e+00 1.142664098953034002e-01 -7.865000000000529568e+00 4.000000000000000000e+02 -1.577880847216109661e+00 -1.543559513390799687e+01 7.449999999999999956e-01
-8.354558039544448533e+00 1.138458016975154585e-01 -7.867500000000529958e+00 4.000000000000000000e+02 -1.575680380713618822e+00 -1.543589466740550620e+01 1.514999999999999902e+00
-8.353717743929172102e+00 1.147346582003154203e-01 -7.870000000000530349e+00 4.000000000000000000e+02 -1.573654594207982260e+00 -1.543636888089986847e+01 5.799999999999999600e-01
-8.352878551701424570e+00 1.151373415068737971e-01 -7.872500000000530740e+00 4.000000000000000000e+02 -1.573000500112596844e+00 -1.543821478680448500e+01 1.294999999999999929e+00
-8.352041608823263630e+00 1.148646482643568001e-01 -7.875000000000531131e+00 4.000000000000000000e+02 -1.569661702936861136e+00 -1.543737598962874991e+01 1.074999999999999956e+00
-8.351204664393810262e+00 1.150358624990331646e-01 -7.877500000000531521e+00 4.000000000000000000e+02 -1.564679712437921921e+00 -1.543489399912981064e+01 1.344999999999999973e+00
-8.350366342596551306e+00 1.149316856929788605e-01 -7.880000000000531912e+00 4.000000000000000000e+02 -1.563712996508041186e+00 -1.543642728319992941e+01 1.729999999999999982e+00
-8.349530005782298758e+00 1.152164849912141881e-01 -7.882500000000532303e+00 4.000000000000000000e+02 -1.559693405161737489e+00 -1.543490769185362765e+01 1.760000000000000009e+00
-8.348693097580998312e+00 1.152025168524212079e-01 -7.885000000000532694e+00 4.000000000000000000e+02 -1.559310556048241647e+00 -1.543702484274013287e+01 1.469999999999999973e+00
-8.347858656978269565e+00 1.151334573052799071e-01 -7.887500000000533085e+00 4.000000000000000000e+02 -1.558320784106232315e+00 -1.543853507079812282e+01 1.949999999999999956e+00
-8.347026169757210567e+00 1.149919682085196321e-01 -7.890000000000533475e+00 4.000000000000000000e+02 -1.558266665949533003e+00 -1.544098095264142323e+01 1.149999999999999911e+00
-8.346196406137597279e+00 1.150544149861218585e-01 -7.892500000000533866e+00 4.000000000000000000e+02 -1.554467078240071576e+00 -1.543968136493196219e+01 6.049999999999999822e-01
-8.345366252745261448e+00 1.147502267517571672e-01 -7.895000000000534257e+00 4.000000000000000000e+02 -1.553082143040493301e+00 -1.544079642973238542e+01 9.549999999999999600e-01
-8.344537711944685299e+00 1.148113946305144850e-01 -7.897500000000534648e+00 4.000000000000000000e+02 -1.550393085129956328e+00 -1.544060737182184795e+01 1.729999999999999982e+00
-8.343709700593175072e+00 1.153064318324525522e-01 -7.900000000000535039e+00 4.000000000000000000e+02 -1.548802321475103660e+00 -1.544151660816699589e+01 1.564999999999999947e+00
-8.342883125859902549e+00 1.155843926099794916e-01 -7.902500000000535429e+00 4.000000000000000000e+02 -1.545441068615125868e+00 -1.544065535530701894e+01 7.149999999999999689e-01
-8.342056522473912494e+00 1.154136538144263646e-01 -7.905000000000535820e+00 4.000000000000000000e+02 -1.545079485368248573e+00 -1.544279377206014203e+01 5.300000000000000266e-01
-8.341232365345531363e+00 1.151079157852551577e-01 -7.907500000000536211e+00 4.000000000000000000e+02 -1.543847889262232487e+00 -1.544406217595412656e+01 1.465000000000000080e+00
-8.340409930304828023e+00 1.151487685176339065e-01 -7.910000000000536602e+00 4.000000000000000000e+02 -1.542947462794585833e+00 -1.544566174948647941e+01 3.099999999999999978e-01
-8.339589483982607021e+00 1.147397784076517047e-01 -7.912500000000536993e+00 4.000000000000000000e+02 -1.541474534003149488e+00 -1.544668882069504434e+01 1.774999999999999911e+00
-8.338770551430066291e+00 1.152019752328911628e-01 -7.915000000000537383e+00 4.000000000000000000e+02 -1.541374918551827511e+00 -1.544908920524372320e+01 7.249999999999999778e-01
-8.337954249967911124e+00 1.153513477041018809e-01 -7.917500000000537774e+00 4.000000000000000000e+02 -1.538863211537306208e+00 -1.544907749822920096e+01 7.149999999999999689e-01
-8.337138604765550909e+00 1.152460347182166500e-01 -7.920000000000538165e+00 4.000000000000000000e+02 -1.535924008753478676e+00 -1.544863829544537381e+01 1.544999999999999929e+00
-8.336323266423743661e+00 1.157694305160438808e-01 -7.922500000000538556e+00 4.000000000000000000e+02 -1.535050905617824757e+00 -1.545026519230972006e+01 6.199999999999999956e-01
-8.335509916091785598e+00 1.160607395611254755e-01 -7.925000000000538947e+00 4.000000000000000000e+02 -1.533916577266937420e+00 -1.545163086395883489e+01 1.350000000000000089e-01
-8.334698335420323900e+00 1.160988728940882120e-01 -7.927500000000539337e+00 4.000000000000000000e+02 -1.533457391160591765e+00 -1.545367167785248874e+01 1.010000000000000009e+00
-8.333889065463601753e+00 1.162288152188892393e-01 -7.930000000000539728e+00 4.000000000000000000e+02 -1.533090297428465032e+00 -1.545580458412036151e+01 6.600000000000000311e-01
-8.333082172063512871e+00 1.161786737084295890e-01 -7.932500000000540119e+00 4.000000000000000000e+02 -1.529580420886532899e+00 -1.545479470757842932e+01 1.830000000000000071e+00
-8.332275114927123028e+00 1.158813379245612202e-01 -7.935000000000540510e+00 4.000000000000000000e+02 -1.528458551759247053e+00 -1.545617283845114542e+01 1.225000000000000089e+00
-8.331469818727713417e+00 1.157922018048424539e-01 -7.937500000000540901e+00 4.000000000000000000e+02 -1.522851652564166880e+00 -1.545306593925606542e+01 1.165000000000000036e+00
-8.330662667670218013e+00 1.160797611575912353e-01 -7.940000000000541291e+00 4.000000000000000000e+02 -1.521538035339735861e+00 -1.545425232203163368e+01 9.549999999999999600e-01
-8.329857123445576050e+00 1.159548312868959041e-01 -7.942500000000541682e+00 4.000000000000000000e+02 -1.521240627282752333e+00 -1.545645491397465143e+01 1.459999999999999964e+00
-8.329053997795325515e+00 1.156249766073685903e-01 -7.945000000000542073e+00 4.000000000000000000e+02 -1.519282159354974127e+00 -1.545699644604687428e+01 5.949999999999999734e-01
-8.328251950915769086e+00 1.169874095793923680e-01 -7.947500000000542464e+00 4.000000000000000000e+02 -1.518751246082612916e+00 -1.545896553277451346e+01 4.799999999999999822e-01
-8.327452122651212818e+00 1.173017236435306837e-01 -7.950000000000542855e+00 4.000000000000000000e+02 -1.517912341923921549e+00 -1.546062662861582027e+01 6.199999999999999956e-01
-8.326654259499310484e+00 1.179573210765037794e-01 -7.952500000000543245e+00 4.000000000000000000e+02 -1.516562158867805765e+00 -1.546177644555970687e+01 6.099999999999999867e-01
-8.325857948199280045e+00 1.179905883200390998e-01 -7.955000000000543636e+00 4.000000000000000000e+02 -1.514152209543049299e+00 -1.546186649623495057e+01 1.850000000000000089e+00
-8.325062342126013704e+00 1.178543276770441378e-01 -7.957500000000544027e+00 4.000000000000000000e+02 -1.511086939988346201e+00 -1.546130122668024676e+01 4.899999999999999911e-01
-8.324266919215920879e+00 1.179976973784809535e-01 -7.960000000000544418e+00 4.000000000000000000e+02 -1.509031544821944015e+00 -1.546174583151384496e+01 7.049999999999999600e-01
-8.323472481649559995e+00 1.179026843106704275e-01 -7.962500000000544809e+00 4.000000000000000000e+02 -1.509004588880594300e+00 -1.546421887557249697e+01 1.290000000000000036e+00
-8.322680634631289820e+00 1.183291379021984974e-01 -7.965000000000545199e+00 4.000000000000000000e+02 -1.508411268676565387e+00 -1.546612555536846934e+01 4.650000000000000244e-01
-8.321890920710510287e+00 1.180251638423170102e-01 -7.967500000000545590e+00 4.000000000000000000e+02 -1.505612533417995058e+00 -1.546582682010989807e+01 5.350000000000000311e-01
-8.321101594274301405e+00 1.182560099946846216e-01 -7.970000000000545981e+00 4.000000000000000000e+02 -1.501654869656396496e+00 -1.546436915634829923e+01 1.925000000000000044e+00
-8.320311740333801609e+00 1.182155019093696635e-01 -7.972500000000546372e+00 4.000000000000000000e+02 -1.498669837047444053e+00 -1.546388412373934784e+01 5.500000000000000028e-02
-8.319522127025923197e+00 1.183216942502344354e-01 -7.975000000000546763e+00 4.000000000000000000e+02 -1.498463993161849750e+00 -1.546617827985375371e+01 1.175000000000000044e+00
-8.318734943996147990e+00 1.182210847203476883e-01 -7.977500000000547153e+00 4.000000000000000000e+02 -1.495832934911333734e+00 -1.546604722160323853e+01 1.344999999999999973e+00
-8.317948277084227016e+00 1.184228523594335475e-01 -7.980000000000547544e+00 4.000000000000000000e+02 -1.493896828744378125e+00 -1.546661111543628131e+01 3.699999999999999956e-01
-8.317162671479694680e+00 1.183637860805305808e-01 -7.982500000000547935e+00 4.000000000000000000e+02 -1.491011633791521573e+00 -1.546622592048342604e+01 1.870000000000000107e+00
-8.316377380253589635e+00 1.181163794734942790e-01 -7.985000000000548326e+00 4.000000000000000000e+02 -1.490406290397659150e+00 -1.546812057708956623e+01 3.250000000000000111e-01
-8.315594189926683200e+00 1.179537818890064732e-01 -7.987500000000548717e+00 4.000000000000000000e+02 -1.489324481323537119e+00 -1.546953876801544325e+01 5.699999999999999512e-01
-8.314812721131222162e+00 1.188673144012637739e-01 -7.990000000000549107e+00 4.000000000000000000e+02 -1.489189003071144324e+00 -1.547190328976305018e+01 1.854999999999999982e+00
-8.314033706010206970e+00 1.192127501903535725e-01 -7.992500000000549498e+00 4.000000000000000000e+02 -1.488781927468662447e+00 -1.547399621416056981e+01 8.699999999999999956e-01
-8.313256924096434020e+00 1.191537039737717019e-01 -7.995000000000549889e+00 4.000000000000000000e+02 -1.485076486330329626e+00 -1.547279077302223804e+01 1.794999999999999929e+00
-8.312479809265925113e+00 1.188935893134228927e-01 -7.997500000000550280e+00 4.000000000000000000e+02 -1.483821844387523958e+00 -1.547403613107943166e+01 2.000000000000000111e-01
-8.311704263932123027e+00 1.189400152396400123e-01 -8.000000000000550671e+00 4.000000000000000000e+02 -1.483476219217693792e+00 -1.547619050590960121e+01 1.449999999999999900e-01
-8.310930986681631438e+00 1.189481233212092287e-01 -8.002500000000550173e+00 4.000000000000000000e+02 -1.482697683338455086e+00 -1.547791197003036245e+01 1.850000000000000089e+00
-8.310159635410652612e+00 1.189027583900555962e-01 -8.005000000000549676e+00 4.000000000000000000e+02 -1.481068375473190368e+00 -1.547878266216509680e+01 3.850000000000000089e-01
-8.309389549205443259e+00 1.191625599550886205e-01 -8.007500000000549178e+00 4.000000000000000000e+02 -1.480436504897728156e+00 -1.548065079158963542e+01 1.989999999999999991e+00
-8.308621491197097697e+00 1.194859752462565511e-01 -8.010000000000548681e+00 4.000000000000000000e+02 -1.478977228526618726e+00 -1.548169151521852349e+01 5.000000000000000000e-01
-8.307854820650375061e+00 1.198892270493364109e-01 -8.012500000000548184e+00 4.000000000000000000e+02 -1.477931471714338807e+00 -1.548314575840624485e+01 1.360000000000000098e+00
-8.307089850273040810e+00 1.202213381764389161e-01 -8.015000000000547686e+00 4.000000000000000000e+02 -1.476958075397757586e+00 -1.548467236208966114e+01 1.320000000000000062e+00
-8.306326630206944728e+00 1.200578193584612152e-01 -8.017500000000547189e+00 4.000000000000000000e+02 -1.476765040481956781e+00 -1.548697932717386294e+01 1.499999999999999944e-01
-8.305565748884504274e+00 1.204758405274582167e-01 -8.020000000000546692e+00 4.000000000000000000e+02 -1.474681966398720290e+00 -1.548739625309062262e+01 7.299999999999999822e-01
-8.304805762865790086e+00 1.204996255522307047e-01 -8.022500000000546194e+00 4.000000000000000000e+02 -1.474507647172798253e+00 -1.548972193386470231e+01 1.969999999999999973e+00
-8.304048117409601915e+00 1.207517980619700060e-01 -8.025000000000545697e+00 4.000000000000000000e+02 -1.473268316627000640e+00 -1.549098260331890309e+01 3.350000000000000200e-01
-8.303291999001015000e+00 1.206318484294029852e-01 -8.027500000000545199e+00 4.000000000000000000e+02 -1.471877401795303131e+00 -1.549209168848720708e+01 1.799999999999999933e-01
-8.302537289061184822e+00 1.200064388576907726e-01 -8.030000000000544702e+00 4.000000000000000000e+02 -1.469080119224212222e+00 -1.549179440591611367e+01 1.800000000000000044e+00
-8.301782924137240727e+00 1.201060575523386909e-01 -8.032500000000544205e+00 4.000000000000000000e+02 -1.466635493562606696e+00 -1.549184978025450832e+01 1.530000000000000027e+00
-8.301029169574890787e+00 1.197847726120803008e-01 -8.035000000000543707e+00 4.000000000000000000e+02 -1.466374236745738857e+00 -1.549408852343763954e+01 5.949999999999999734e-01
-8.300277666403710342e+00 1.194554155548757796e-01 -8.037500000000543210e+00 4.000000000000000000e+02 -1.464912451653116232e+00 -1.549512673834501797e+01 1.554999999999999938e+00
-8.299527506504595920e+00 1.194951702990347253e-01 -8.040000000000542713e+00 4.000000000000000000e+02 -1.464662130821446251e+00 -1.549737641751334571e+01 1.510000000000000009e+00
-8.298779592752403289e+00 1.195497456617389820e-01 -8.042500000000542215e+00 4.000000000000000000e+02 -1.459461369081539228e+00 -1.549467565577343997e+01 2.600000000000000089e-01
-8.298030217558940436e+00 1.194212059959071370e-01 -8.045000000000541718e+00 4.000000000000000000e+02 -1.459177833880448860e+00 -1.549689212057234755e+01 8.699999999999999956e-01
-8.297283060770970664e+00 1.196597023745644972e-01 -8.047500000000541220e+00 4.000000000000000000e+02 -1.459148882646245982e+00 -1.549936316933814595e+01 1.060000000000000053e+00
-8.296538303728453911e+00 1.194836188332214777e-01 -8.050000000000540723e+00 4.000000000000000000e+02 -1.459128385851790943e+00 -1.550184267254368820e+01 1.749999999999999889e-01
-8.295795943219772539e+00 1.195800700431887964e-01 -8.052500000000540226e+00 4.000000000000000000e+02 -1.456195014875090399e+00 -1.550140930156698893e+01 6.949999999999999512e-01
-8.295053811972200819e+00 1.202305558793817231e-01 -8.055000000000539728e+00 4.000000000000000000e+02 -1.448985321741845134e+00 -1.549669960843374028e+01 9.549999999999999600e-01
-8.294308731522930245e+00 1.208817695682034288e-01 -8.057500000000539231e+00 4.000000000000000000e+02 -1.447805159460735291e+00 -1.549801944615263238e+01 4.000000000000000222e-01
-8.293565187445189224e+00 1.212185438331384035e-01 -8.060000000000538734e+00 4.000000000000000000e+02 -1.442724977280244403e+00 -1.549543926397213944e+01 7.199999999999999734e-01
-8.292820277000194196e+00 1.216491517674208045e-01 -8.062500000000538236e+00 4.000000000000000000e+02 -1.442582246499354515e+00 -1.549779653319125039e+01 3.950000000000000178e-01
-8.292077672964126123e+00 1.219803476942624143e-01 -8.065000000000537739e+00 4.000000000000000000e+02 -1.442499614694869203e+00 -1.550021390138676303e+01 7.850000000000000311e-01
-8.291337410965518018e+00 1.227655968573659190e-01 -8.067500000000537241e+00 4.000000000000000000e+02 -1.442310685863973818e+00 -1.550252497255586981e+01 2.149999999999999967e-01
-8.290599403478221774e+00 1.229783757394377480e-01 -8.070000000000536744e+00 4.000000000000000000e+02 -1.436823257808363952e+00 -1.549953754450025656e+01 1.084999999999999964e+00
-8.289859734647681222e+00 1.234027991635529009e-01 -8.072500000000536247e+00 4.000000000000000000e+02 -1.436202082776734557e+00 -1.550141636946862889e+01 9.699999999999999734e-01
-8.289121999388505913e+00 1.237984693156774785e-01 -8.075000000000535749e+00 4.000000000000000000e+02 -1.435627714630609786e+00 -1.550334200132250118e+01 1.409999999999999920e+00
-8.288386225653201933e+00 1.238378340227844626e-01 -8.077500000000535252e+00 4.000000000000000000e+02 -1.430891658917095910e+00 -1.550110594560898924e+01 1.260000000000000009e+00
-8.287649347628265772e+00 1.234057704258441496e-01 -8.080000000000534754e+00 4.000000000000000000e+02 -1.429916104212025418e+00 -1.550263039090391715e+01 6.600000000000000311e-01
-8.286914133428457063e+00 1.233173153794780846e-01 -8.082500000000534257e+00 4.000000000000000000e+02 -1.427318868426853182e+00 -1.550253315511874597e+01 1.929999999999999938e+00
-8.286179387957629316e+00 1.227757964649950351e-01 -8.085000000000533760e+00 4.000000000000000000e+02 -1.427124914374860776e+00 -1.550483920106675129e+01 1.675000000000000044e+00
-8.285446872484230951e+00 1.227513630265804900e-01 -8.087500000000533262e+00 4.000000000000000000e+02 -1.426406006781483216e+00 -1.550662029347337523e+01 7.349999999999999867e-01
-8.284716195283664320e+00 1.229270906592205698e-01 -8.090000000000532765e+00 4.000000000000000000e+02 -1.425357909591989269e+00 -1.550807219628387834e+01 1.800000000000000044e+00
-8.283987110524885011e+00 1.230487931576903504e-01 -8.092500000000532268e+00 4.000000000000000000e+02 -1.424983085743851241e+00 -1.551019737243574070e+01 7.199999999999999734e-01
-8.283260103042012545e+00 1.231044692116827766e-01 -8.095000000000531770e+00 4.000000000000000000e+02 -1.423888041720171804e+00 -1.551160232841206010e+01 1.370000000000000107e+00
-8.282534643299999999e+00 1.232089776088036298e-01 -8.097500000000531273e+00 4.000000000000000000e+02 -1.422828823698611744e+00 -1.551304311039050177e+01 7.500000000000000000e-01
-8.281810752810176979e+00 1.236965010026171291e-01 -8.100000000000530775e+00 4.000000000000000000e+02 -1.420044458589998726e+00 -1.551275874528188581e+01 4.600000000000000200e-01
-8.281087180303631001e+00 1.234327918957627279e-01 -8.102500000000530278e+00 4.000000000000000000e+02 -1.418197853844942902e+00 -1.551341214053683082e+01 8.050000000000000488e-01
-8.280364603087821962e+00 1.228771215485222196e-01 -8.105000000000529781e+00 4.000000000000000000e+02 -1.414701175647986586e+00 -1.551241546233987201e+01 1.300000000000000044e+00
-8.279641827857311398e+00 1.228567176003914768e-01 -8.107500000000529283e+00 4.000000000000000000e+02 -1.412663145392594854e+00 -1.551287743208448155e+01 1.104999999999999982e+00
-8.278919908115238258e+00 1.227243702493464733e-01 -8.110000000000528786e+00 4.000000000000000000e+02 -1.410930227279523441e+00 -1.551364451397140876e+01 1.774999999999999911e+00
-8.278199062125889185e+00 1.228706663875600569e-01 -8.112500000000528289e+00 4.000000000000000000e+02 -1.409986515664572782e+00 -1.551520080235645871e+01 5.100000000000000089e-01
-8.277479855142759746e+00 1.235024015760762955e-01 -8.115000000000527791e+00 4.000000000000000000e+02 -1.409984668681090625e+00 -1.551769895537297472e+01 2.449999999999999956e-01
-8.276762957561095035e+00 1.236383974825458198e-01 -8.117500000000527294e+00 4.000000000000000000e+02 -1.409790140824236815e+00 -1.552000442751612219e+01 4.500000000000000111e-01
-8.276048222664979193e+00 1.235884982613575794e-01 -8.120000000000526796e+00 4.000000000000000000e+02 -1.409402994891075123e+00 -1.552211728158295756e+01 1.350000000000000089e-01
-8.275335505171808492e+00 1.234258090894660154e-01 -8.122500000000526299e+00 4.000000000000000000e+02 -1.408983617604532279e+00 -1.552419790429641644e+01 1.379999999999999893e+00
-8.274624775056748760e+00 1.232733408173426054e-01 -8.125000000000525802e+00 4.000000000000000000e+02 -1.408838339831959052e+00 -1.552655262652384138e+01 7.950000000000000400e-01
-8.273916219544526385e+00 1.235831198126744884e-01 -8.127500000000525304e+00 4.000000000000000000e+02 -1.407921409863744477e+00 -1.552813569655562809e+01 7.199999999999999734e-01
-8.273209285343980923e+00 1.230836810816207799e-01 -8.130000000000524807e+00 4.000000000000000000e+02 -1.405309220298105677e+00 -1.552802350698998701e+01 6.899999999999999467e-01
-8.272502771315307868e+00 1.230944990248982879e-01 -8.132500000000524309e+00 4.000000000000000000e+02 -1.404467911732598662e+00 -1.552968219842448150e+01 9.699999999999999734e-01
-8.271797925774761140e+00 1.232905706084632957e-01 -8.135000000000523812e+00 4.000000000000000000e+02 -1.403777137567653099e+00 -1.553149142425953322e+01 1.715000000000000080e+00
-8.271094849418561878e+00 1.233729555337706452e-01 -8.137500000000523315e+00 4.000000000000000000e+02 -1.403741752950319777e+00 -1.553395603964220051e+01 1.989999999999999991e+00
-8.270393995888792205e+00 1.237442818298035152e-01 -8.140000000000522817e+00 4.000000000000000000e+02 -1.403018629895794289e+00 -1.553573291658767275e+01 4.949999999999999956e-01
-8.269694876129499050e+00 1.239079674824417193e-01 -8.142500000000522320e+00 4.000000000000000000e+02 -1.400264644493013355e+00 -1.553547893118489398e+01 1.699999999999999956e+00
-8.268996067394489558e+00 1.233249890940924659e-01 -8.145000000000521823e+00 4.000000000000000000e+02 -1.399865549170429047e+00 -1.553757983586230651e+01 1.120000000000000107e+00
-8.268299211706878538e+00 1.238585351711277288e-01 -8.147500000000521325e+00 4.000000000000000000e+02 -1.399848282246845654e+00 -1.554006256893872440e+01 1.060000000000000053e+00
-8.267604567446815267e+00 1.237255746076824509e-01 -8.150000000000520828e+00 4.000000000000000000e+02 -1.399118109277760480e+00 -1.554183239596963695e+01 1.949999999999999956e+00
-8.266911632417556888e+00 1.232267341580340902e-01 -8.152500000000520330e+00 4.000000000000000000e+02 -1.397460417720652881e+00 -1.554267470441253174e+01 7.399999999999999911e-01
-8.266219760028434393e+00 1.232153036345948194e-01 -8.155000000000519833e+00 4.000000000000000000e+02 -1.394285431322732194e+00 -1.554199971801460833e+01 1.114999999999999991e+00
-8.265527899318124483e+00 1.228994671976290642e-01 -8.157500000000519336e+00 4.000000000000000000e+02 -1.392134111010751907e+00 -1.554234839770262866e+01 1.909999999999999920e+00
-8.264836757893823105e+00 1.230840162756117739e-01 -8.160000000000518838e+00 4.000000000000000000e+02 -1.389622092174540136e+00 -1.554233637886641617e+01 1.770000000000000018e+00
-8.264146085517932505e+00 1.229687784243362614e-01 -8.162500000000518341e+00 4.000000000000000000e+02 -1.388560938890901042e+00 -1.554377522558277747e+01 5.999999999999999778e-01
-8.263456881870931525e+00 1.226728980325141605e-01 -8.165000000000517844e+00 4.000000000000000000e+02 -1.386925771125384843e+00 -1.554464005781725966e+01 8.449999999999999734e-01
-8.262768748071193770e+00 1.229595821247857629e-01 -8.167500000000517346e+00 4.000000000000000000e+02 -1.385268793507217877e+00 -1.554548308019909264e+01 1.550000000000000044e+00
-8.262081666743936736e+00 1.229327150045694261e-01 -8.170000000000516849e+00 4.000000000000000000e+02 -1.384743141073984773e+00 -1.554745742776585793e+01 1.959999999999999964e+00
-8.261396410978006699e+00 1.228139515725997499e-01 -8.172500000000516351e+00 4.000000000000000000e+02 -1.384708974550753702e+00 -1.554992326124262902e+01 1.014999999999999902e+00
-8.260713310379459884e+00 1.227185033124535279e-01 -8.175000000000515854e+00 4.000000000000000000e+02 -1.382271295833830349e+00 -1.554998558252570184e+01 7.399999999999999911e-01
-8.260030718615627876e+00 1.225060277544567922e-01 -8.177500000000515357e+00 4.000000000000000000e+02 -1.380592260448369801e+00 -1.555080654714024391e+01 1.969999999999999973e+00
-8.259349152046413067e+00 1.228153625890643363e-01 -8.180000000000514859e+00 4.000000000000000000e+02 -1.376068878198874801e+00 -1.554878316489074663e+01 3.400000000000000244e-01
-8.258666670638859841e+00 1.230861673890770724e-01 -8.182500000000514362e+00 4.000000000000000000e+02 -1.375585359501783733e+00 -1.555079964619365640e+01 2.300000000000000100e-01
-8.257986028113794674e+00 1.234951825467326403e-01 -8.185000000000513865e+00 4.000000000000000000e+02 -1.373321275834254118e+00 -1.555103556252612407e+01 1.814999999999999947e+00
-8.257306008939885089e+00 1.233877470069008608e-01 -8.187500000000513367e+00 4.000000000000000000e+02 -1.373074223792088766e+00 -1.555328851048395933e+01 2.049999999999999878e-01
-8.256627980642845088e+00 1.232298014277947995e-01 -8.190000000000512870e+00 4.000000000000000000e+02 -1.372782074070868941e+00 -1.555549636076273856e+01 5.949999999999999734e-01
-8.255951905572107563e+00 1.232366941180201708e-01 -8.192500000000512372e+00 4.000000000000000000e+02 -1.372534140163931049e+00 -1.555774842685580239e+01 4.450000000000000067e-01
-8.255277806582991929e+00 1.230602216024991036e-01 -8.195000000000511875e+00 4.000000000000000000e+02 -1.372337142766675733e+00 -1.556005142945854303e+01 1.594999999999999973e+00
-8.254605710797449092e+00 1.230172115268261673e-01 -8.197500000000511378e+00 4.000000000000000000e+02 -1.370387328297237195e+00 -1.556060161498910688e+01 6.850000000000000533e-01
-8.253934435724694652e+00 1.231291668133670941e-01 -8.200000000000510880e+00 4.000000000000000000e+02 -1.369689591269539708e+00 -1.556240387796140645e+01 1.479999999999999982e+00
-8.253264818469387976e+00 1.229960588953818157e-01 -8.202500000000510383e+00 4.000000000000000000e+02 -1.367813873077984743e+00 -1.556302815976985343e+01 2.949999999999999845e-01
-8.252596066781476836e+00 1.233834173984704324e-01 -8.205000000000509885e+00 4.000000000000000000e+02 -1.367737966514922521e+00 -1.556545225320678938e+01 8.900000000000000133e-01
-8.251929379555472011e+00 1.232430873687330869e-01 -8.207500000000509388e+00 4.000000000000000000e+02 -1.366848057954658024e+00 -1.556706234464652638e+01 6.350000000000000089e-01
-8.251264207997923705e+00 1.235062101355822867e-01 -8.210000000000508891e+00 4.000000000000000000e+02 -1.365523050789354320e+00 -1.556823733748121974e+01 4.450000000000000067e-01
-8.250600258933996400e+00 1.233872979175493628e-01 -8.212500000000508393e+00 4.000000000000000000e+02 -1.363411427956350064e+00 -1.556862571464821698e+01 4.149999999999999800e-01
-8.249937007962058644e+00 1.236076870087330498e-01 -8.215000000000507896e+00 4.000000000000000000e+02 -1.363115042432115676e+00 -1.557082932912397943e+01 1.705000000000000071e+00
-8.249275655090688275e+00 1.234519437666806163e-01 -8.217500000000507399e+00 4.000000000000000000e+02 -1.360464235819433210e+00 -1.557067852251129914e+01 4.600000000000000200e-01
-8.248614639672830151e+00 1.233883734477555644e-01 -8.220000000000506901e+00 4.000000000000000000e+02 -1.356846346872165432e+00 -1.556956063356402886e+01 1.854999999999999982e+00
-8.247953322285386690e+00 1.234318756980488235e-01 -8.222500000000506404e+00 4.000000000000000000e+02 -1.348947719092712605e+00 -1.556416200578457776e+01 3.499999999999999778e-01
-8.247288865642866895e+00 1.234078478275384000e-01 -8.225000000000505906e+00 4.000000000000000000e+02 -1.348291078791006070e+00 -1.556600536548286762e+01 1.810000000000000053e+00
-8.246626072696482623e+00 1.233351026515768223e-01 -8.227500000000505409e+00 4.000000000000000000e+02 -1.348074179739575440e+00 -1.556828846643143827e+01 1.459999999999999964e+00
-8.245965228750597120e+00 1.231552912020656976e-01 -8.230000000000504912e+00 4.000000000000000000e+02 -1.346409690170863094e+00 -1.556912397686272342e+01 1.800000000000000044e+00
-8.245305372596035909e+00 1.231628341477195993e-01 -8.232500000000504414e+00 4.000000000000000000e+02 -1.342477452213935107e+00 -1.556769173890579694e+01 1.175000000000000044e+00
-8.244645006752019611e+00 1.226622833329094470e-01 -8.235000000000503917e+00 4.000000000000000000e+02 -1.339379508285434062e+00 -1.556709379497729451e+01 1.540000000000000036e+00
-8.243984682114412266e+00 1.228700378872803617e-01 -8.237500000000503420e+00 4.000000000000000000e+02 -1.337917689244020103e+00 -1.556813197593588072e+01 1.084999999999999964e+00
-8.243325477720668815e+00 1.227843425081388551e-01 -8.240000000000502922e+00 4.000000000000000000e+02 -1.337191511745434491e+00 -1.556990579843729350e+01 5.799999999999999600e-01
-8.242667874712809706e+00 1.229792977880405785e-01 -8.242500000000502425e+00 4.000000000000000000e+02 -1.336065492617654504e+00 -1.557127977930951523e+01 9.699999999999999734e-01
-8.242011605886627734e+00 1.224993141181620199e-01 -8.245000000000501927e+00 4.000000000000000000e+02 -1.332742631217024076e+00 -1.557045691790888142e+01 9.100000000000000311e-01
-8.241355227757701130e+00 1.224755387216275304e-01 -8.247500000000501430e+00 4.000000000000000000e+02 -1.330664568967733885e+00 -1.557087885565959340e+01 6.350000000000000089e-01
-8.240699556798404046e+00 1.227114583351217175e-01 -8.250000000000500933e+00 4.000000000000000000e+02 -1.330537021813574361e+00 -1.557325130850543182e+01 1.270000000000000018e+00
-8.240045867641068611e+00 1.227020633532600741e-01 -8.252500000000500435e+00 4.000000000000000000e+02 -1.330180841884981202e+00 -1.557539512857684016e+01 7.349999999999999867e-01
-8.239394004034593877e+00 1.227563742377908163e-01 -8.255000000000499938e+00 4.000000000000000000e+02 -1.328997587585422524e+00 -1.557671187427727943e+01 1.750000000000000000e+00
-8.238743422013653728e+00 1.223404501493909474e-01 -8.257500000000499440e+00 4.000000000000000000e+02 -1.327324146146564798e+00 -1.557753843283842166e+01 1.179999999999999938e+00
-8.238093799972554976e+00 1.227118522751531882e-01 -8.260000000000498943e+00 4.000000000000000000e+02 -1.322375371295311464e+00 -1.557508965798716716e+01 5.849999999999999645e-01
-8.237443008490679119e+00 1.226741954358134962e-01 -8.262500000000498446e+00 4.000000000000000000e+02 -1.321664171030405344e+00 -1.557687845772226254e+01 1.375000000000000000e+00
-8.236793802224312344e+00 1.227405915604019848e-01 -8.265000000000497948e+00 4.000000000000000000e+02 -1.318990401894609032e+00 -1.557670468858646373e+01 1.340000000000000080e+00
-8.236144904441250247e+00 1.228732696954305259e-01 -8.267500000000497451e+00 4.000000000000000000e+02 -1.318727213135793885e+00 -1.557894149982764986e+01 7.449999999999999956e-01
-8.235497875884398411e+00 1.228676271150565824e-01 -8.270000000000496954e+00 4.000000000000000000e+02 -1.317258456357366381e+00 -1.557997274304922009e+01 1.570000000000000062e+00
-8.234851931956271187e+00 1.233333163186246806e-01 -8.272500000000496456e+00 4.000000000000000000e+02 -1.316663179801700334e+00 -1.558187746649355532e+01 1.274999999999999911e+00
-8.234207632986827008e+00 1.233865918093524361e-01 -8.275000000000495959e+00 4.000000000000000000e+02 -1.316275006880076370e+00 -1.558398929357192841e+01 9.250000000000000444e-01
-8.233565106772099185e+00 1.231917755197698555e-01 -8.277500000000495461e+00 4.000000000000000000e+02 -1.306467792513682946e+00 -1.557668207920553627e+01 5.550000000000000488e-01
-8.232918285408127090e+00 1.232136912111298638e-01 -8.280000000000494964e+00 4.000000000000000000e+02 -1.306172033879898775e+00 -1.557888632057174938e+01 1.580000000000000071e+00
-8.232273304952334669e+00 1.233215630266560336e-01 -8.282500000000494467e+00 4.000000000000000000e+02 -1.305792597875383043e+00 -1.558100688456723582e+01 6.899999999999999467e-01
-8.231630105181723778e+00 1.233804916239717303e-01 -8.285000000000493969e+00 4.000000000000000000e+02 -1.303896067701153738e+00 -1.558161035439300335e+01 9.849999999999999867e-01
-8.230987706511752933e+00 1.233545246346308272e-01 -8.287500000000493472e+00 4.000000000000000000e+02 -1.300457480244766817e+00 -1.558067176693661793e+01 1.445000000000000062e+00
-8.230345117603448557e+00 1.232399905488479191e-01 -8.290000000000492975e+00 4.000000000000000000e+02 -1.300218354188868330e+00 -1.558293264088071695e+01 1.445000000000000062e+00
-8.229704391125526541e+00 1.234175436817414873e-01 -8.292500000000492477e+00 4.000000000000000000e+02 -1.299638670244271710e+00 -1.558485295693612294e+01 9.699999999999999734e-01
-8.229065302952351502e+00 1.232848324028835152e-01 -8.295000000000491980e+00 4.000000000000000000e+02 -1.299218634288347607e+00 -1.558693292098019612e+01 2.049999999999999878e-01
-8.228427949580062517e+00 1.236877254522830011e-01 -8.297500000000491482e+00 4.000000000000000000e+02 -1.296535212126815662e+00 -1.558674949881866567e+01 1.199999999999999956e-01
-8.227790885364591134e+00 1.237088406298043203e-01 -8.300000000000490985e+00 4.000000000000000000e+02 -1.293518472267645159e+00 -1.558623275895949334e+01 9.599999999999999645e-01
-8.227153897774442726e+00 1.243297194761569108e-01 -8.302500000000490488e+00 4.000000000000000000e+02 -1.292581354947864192e+00 -1.558779564163971187e+01 4.899999999999999911e-01
-8.226518309489421199e+00 1.242539424331719072e-01 -8.305000000000489990e+00 4.000000000000000000e+02 -1.291406363559663761e+00 -1.558912065025151072e+01 3.150000000000000022e-01
-8.225883965721267899e+00 1.243338253963038598e-01 -8.307500000000489493e+00 4.000000000000000000e+02 -1.290014789252938776e+00 -1.559022907594478724e+01 7.650000000000000133e-01
-8.225250726155643122e+00 1.243553311666752842e-01 -8.310000000000488996e+00 4.000000000000000000e+02 -1.289673506766724875e+00 -1.559238779345857040e+01 1.879999999999999893e+00
-8.224619251544622145e+00 1.243557976156215578e-01 -8.312500000000488498e+00 4.000000000000000000e+02 -1.288327205246371232e+00 -1.559354149193821826e+01 1.500000000000000000e+00
-8.223988902864574513e+00 1.241660338005330516e-01 -8.315000000000488001e+00 4.000000000000000000e+02 -1.287002970421748049e+00 -1.559471725711359191e+01 9.899999999999999911e-01
-8.223359691280743178e+00 1.241453814080810819e-01 -8.317500000000487503e+00 4.000000000000000000e+02 -1.286259930988250311e+00 -1.559647421768009679e+01 1.540000000000000036e+00
-8.222731978843620837e+00 1.242397241784161249e-01 -8.320000000000487006e+00 4.000000000000000000e+02 -1.281831429360480223e+00 -1.559454571605232331e+01 1.799999999999999933e-01
-8.222103449610370873e+00 1.247020052987829891e-01 -8.322500000000486509e+00 4.000000000000000000e+02 -1.278771367108315182e+00 -1.559398565380016066e+01 1.764999999999999902e+00
-8.221474963395627000e+00 1.246249152473535432e-01 -8.325000000000486011e+00 4.000000000000000000e+02 -1.278068347259292414e+00 -1.559578263395113495e+01 7.449999999999999956e-01
-8.220847999228709568e+00 1.247838801995914543e-01 -8.327500000000485514e+00 4.000000000000000000e+02 -1.277810547944105757e+00 -1.559802483463595024e+01 1.590000000000000080e+00
-8.220222830785818502e+00 1.248863521165679835e-01 -8.330000000000485016e+00 4.000000000000000000e+02 -1.276320589241145775e+00 -1.559903487593298621e+01 5.749999999999999556e-01
-8.219598683470387357e+00 1.248260477965715126e-01 -8.332500000000484519e+00 4.000000000000000000e+02 -1.273579344625686449e+00 -1.559879363131752861e+01 6.999999999999999556e-01
-8.218974775022376278e+00 1.250233330748121430e-01 -8.335000000000484022e+00 4.000000000000000000e+02 -1.273372266851059642e+00 -1.560108655354289908e+01 1.370000000000000107e+00
-8.218352683193057118e+00 1.250558820901420398e-01 -8.337500000000483524e+00 4.000000000000000000e+02 -1.273353708628984782e+00 -1.560356799532082661e+01 2.600000000000000089e-01
-8.217732518456145385e+00 1.250436125326465919e-01 -8.340000000000483027e+00 4.000000000000000000e+02 -1.272086917651217508e+00 -1.560480120434305640e+01 3.250000000000000111e-01
-8.217113501696465150e+00 1.250028203514862157e-01 -8.342500000000482530e+00 4.000000000000000000e+02 -1.271593750701790482e+00 -1.560680803739363043e+01 1.195000000000000062e+00
-8.216496107748595179e+00 1.250069733464011512e-01 -8.345000000000482032e+00 4.000000000000000000e+02 -1.271472132539645861e+00 -1.560918641923148442e+01 1.020000000000000018e+00
-8.215880560038593572e+00 1.251365291105156763e-01 -8.347500000000481535e+00 4.000000000000000000e+02 -1.266867674306217717e+00 -1.560708196099805711e+01 8.449999999999999734e-01
-8.215264095433147062e+00 1.249627488481704074e-01 -8.350000000000481037e+00 4.000000000000000000e+02 -1.266317196502409814e+00 -1.560903148319424716e+01 8.549999999999999822e-01
-8.214649210154384207e+00 1.252879043751694010e-01 -8.352500000000480540e+00 4.000000000000000000e+02 -1.264851706951042543e+00 -1.561006599364288050e+01 1.169999999999999929e+00
-8.214035337917861668e+00 1.259090858154648107e-01 -8.355000000000480043e+00 4.000000000000000000e+02 -1.262685662800833386e+00 -1.561039994949267040e+01 3.300000000000000155e-01
-8.213422047072729271e+00 1.256500705148740349e-01 -8.357500000000479545e+00 4.000000000000000000e+02 -1.259216906235271161e+00 -1.560943119292710790e+01 1.570000000000000062e+00
-8.212808538251845647e+00 1.256446402906578053e-01 -8.360000000000479048e+00 4.000000000000000000e+02 -1.256287684387873638e+00 -1.560900197107970833e+01 1.150000000000000050e-01
-8.212195142447562546e+00 1.256105738745999789e-01 -8.362500000000478551e+00 4.000000000000000000e+02 -1.253489068968860254e+00 -1.560870335566069755e+01 6.700000000000000400e-01
-8.211581939638682215e+00 1.255504642697407303e-01 -8.365000000000478053e+00 4.000000000000000000e+02 -1.253001144626989083e+00 -1.561071543131882322e+01 4.050000000000000266e-01
-8.210970344055120052e+00 1.257360049038868943e-01 -8.367500000000477556e+00 4.000000000000000000e+02 -1.251611754842081980e+00 -1.561182604153391829e+01 1.229999999999999982e+00
-8.210359800537347041e+00 1.255068068326849751e-01 -8.370000000000477058e+00 4.000000000000000000e+02 -1.251153645344898591e+00 -1.561386793203673129e+01 1.725000000000000089e+00
-8.209750873807855953e+00 1.254236963136124983e-01 -8.372500000000476561e+00 4.000000000000000000e+02 -1.249945277105829700e+00 -1.561515956379766479e+01 1.219999999999999973e+00
-8.209143102928885938e+00 1.254324867690062295e-01 -8.375000000000476064e+00 4.000000000000000000e+02 -1.243308709947920310e+00 -1.561102299663975224e+01 8.699999999999999956e-01
-8.208533184216809886e+00 1.253155899005129192e-01 -8.377500000000475566e+00 4.000000000000000000e+02 -1.242456818280005537e+00 -1.561267110497183985e+01 1.804999999999999938e+00
-8.207924640745467570e+00 1.250554670852049022e-01 -8.380000000000475069e+00 4.000000000000000000e+02 -1.242172141051416601e+00 -1.561488642774324731e+01 1.205000000000000071e+00
-8.207317812774885368e+00 1.250430940507413491e-01 -8.382500000000474571e+00 4.000000000000000000e+02 -1.240443999054726243e+00 -1.561565828574655868e+01 1.235000000000000098e+00
-8.206711820599789320e+00 1.252383127248698491e-01 -8.385000000000474074e+00 4.000000000000000000e+02 -1.239782950118072380e+00 -1.561749723680990343e+01 1.625000000000000000e+00
-8.206107307784213489e+00 1.254461711724915718e-01 -8.387500000000473577e+00 4.000000000000000000e+02 -1.239468434616569859e+00 -1.561968272130840063e+01 6.850000000000000533e-01
-8.205504478699614523e+00 1.258359765143620967e-01 -8.390000000000473079e+00 4.000000000000000000e+02 -1.236763785737756693e+00 -1.561947807242958675e+01 1.949999999999999956e+00
-8.204901889529550019e+00 1.259391525674637691e-01 -8.392500000000472582e+00 4.000000000000000000e+02 -1.234611470129456601e+00 -1.561982575682128704e+01 1.969999999999999973e+00
-8.204299872539806415e+00 1.254846862517720874e-01 -8.395000000000472085e+00 4.000000000000000000e+02 -1.234018814497841232e+00 -1.562173310118966896e+01 1.120000000000000107e+00
-8.203699363881471029e+00 1.256882559532045140e-01 -8.397500000000471587e+00 4.000000000000000000e+02 -1.233515243169455822e+00 -1.562372952986128638e+01 4.899999999999999911e-01
-8.203100412216970838e+00 1.255396123781351569e-01 -8.400000000000471090e+00 4.000000000000000000e+02 -1.233401620388724806e+00 -1.562611590708055154e+01 2.800000000000000266e-01
-8.202503245420858846e+00 1.258971685295255383e-01 -8.402500000000470592e+00 4.000000000000000000e+02 -1.233197779105702496e+00 -1.562841206579753184e+01 5.849999999999999645e-01
-8.201907803411984332e+00 1.258918362480104247e-01 -8.405000000000470095e+00 4.000000000000000000e+02 -1.230925967955326605e+00 -1.562864025464715212e+01 4.299999999999999933e-01
-8.201312851479814370e+00 1.259233432841473099e-01 -8.407500000000469598e+00 4.000000000000000000e+02 -1.230202459470326248e+00 -1.563041674616215460e+01 5.450000000000000400e-01
-8.200719308352763193e+00 1.256996329921936384e-01 -8.410000000000469100e+00 4.000000000000000000e+02 -1.229217862599647937e+00 -1.563193214929147246e+01 1.665000000000000036e+00
-8.200127015287019816e+00 1.252884775079726731e-01 -8.412500000000468603e+00 4.000000000000000000e+02 -1.229039967143050305e+00 -1.563425425383487699e+01 1.465000000000000080e+00
-8.199536445376956806e+00 1.255122261553534846e-01 -8.415000000000468106e+00 4.000000000000000000e+02 -1.227705889497775260e+00 -1.563542017618959967e+01 1.439999999999999947e+00
-8.198946911582432051e+00 1.254226502039156588e-01 -8.417500000000467608e+00 4.000000000000000000e+02 -1.226317726900782112e+00 -1.563653201359260692e+01 4.899999999999999911e-01
-8.198358379656113470e+00 1.254915624016877396e-01 -8.420000000000467111e+00 4.000000000000000000e+02 -1.223274617645485396e+00 -1.563598890433730837e+01 1.000000000000000056e-01
-8.197769874454014172e+00 1.262830402053978784e-01 -8.422500000000466613e+00 4.000000000000000000e+02 -1.221443944760317590e+00 -1.563665823145214162e+01 1.844999999999999973e+00
-8.197182108810057599e+00 1.266033399072679644e-01 -8.425000000000466116e+00 4.000000000000000000e+02 -1.220847571783540086e+00 -1.563856185847536295e+01 5.999999999999999778e-02
-8.196595805269829782e+00 1.264525971056392195e-01 -8.427500000000465619e+00 4.000000000000000000e+02 -1.220596853490036660e+00 -1.564081114018186014e+01 4.749999999999999778e-01
-8.196011161403191636e+00 1.264052937872499893e-01 -8.430000000000465121e+00 4.000000000000000000e+02 -1.217468584525700948e+00 -1.564018287121752238e+01 1.090000000000000080e+00
-8.195426492038304644e+00 1.266488335188801495e-01 -8.432500000000464624e+00 4.000000000000000000e+02 -1.216276762339817852e+00 -1.564149104903164123e+01 3.950000000000000178e-01
-8.194842927993896353e+00 1.269992763656392909e-01 -8.435000000000464127e+00 4.000000000000000000e+02 -1.216265796686110123e+00 -1.564398008337793122e+01 1.199999999999999956e+00
-8.194261153734901271e+00 1.265936996231021017e-01 -8.437500000000463629e+00 4.000000000000000000e+02 -1.214810840891120458e+00 -1.564502512758294195e+01 1.034999999999999920e+00
-8.193680324873001908e+00 1.267847106382634093e-01 -8.440000000000463132e+00 4.000000000000000000e+02 -1.213163872351118000e+00 -1.564587815904293677e+01 6.650000000000000355e-01
-8.193100328000468835e+00 1.269970981856395897e-01 -8.442500000000462634e+00 4.000000000000000000e+02 -1.209329131803698054e+00 -1.564454341849551966e+01 6.700000000000000400e-01
-8.192519893340794113e+00 1.269188090640123445e-01 -8.445000000000462137e+00 4.000000000000000000e+02 -1.208600449145323941e+00 -1.564631473583714261e+01 7.900000000000000355e-01
-8.191940821720947952e+00 1.269663587496600854e-01 -8.447500000000461640e+00 4.000000000000000000e+02 -1.207461741291464108e+00 -1.564767602798328383e+01 1.114999999999999991e+00
-8.191362872296972242e+00 1.270761986900924845e-01 -8.450000000000461142e+00 4.000000000000000000e+02 -1.206796779787086216e+00 -1.564951106647890455e+01 2.750000000000000222e-01
-8.190786315375301996e+00 1.269131927232041435e-01 -8.452500000000460645e+00 4.000000000000000000e+02 -1.206764438235986336e+00 -1.565197872492780462e+01 1.189999999999999947e+00
-8.190211510444660448e+00 1.268522534687592795e-01 -8.455000000000460147e+00 4.000000000000000000e+02 -1.202787609527461221e+00 -1.565050189621927856e+01 3.300000000000000155e-01
-8.189636186941577023e+00 1.262982649754787468e-01 -8.457500000000459650e+00 4.000000000000000000e+02 -1.200167049089540194e+00 -1.565038133578135771e+01 6.600000000000000311e-01
-8.189061124939694736e+00 1.265475543343336229e-01 -8.460000000000459153e+00 4.000000000000000000e+02 -1.199736977391042014e+00 -1.565245126408285792e+01 5.550000000000000488e-01
-8.188487581525913939e+00 1.262099904644378434e-01 -8.462500000000458655e+00 4.000000000000000000e+02 -1.199144631642607095e+00 -1.565435891833442383e+01 1.979999999999999982e+00
-8.187915459016203101e+00 1.267861698203161802e-01 -8.465000000000458158e+00 4.000000000000000000e+02 -1.196668654239979590e+00 -1.565438294093179472e+01 7.950000000000000400e-01
-8.187343677375423567e+00 1.268254878479579684e-01 -8.467500000000457661e+00 4.000000000000000000e+02 -1.194144287118202197e+00 -1.565435857381001838e+01 6.949999999999999512e-01
-8.186772208561167830e+00 1.265776050590648460e-01 -8.470000000000457163e+00 4.000000000000000000e+02 -1.192892050296450179e+00 -1.565560633698826365e+01 5.250000000000000222e-01
-8.186201778139972518e+00 1.266609231195387486e-01 -8.472500000000456666e+00 4.000000000000000000e+02 -1.188081010143726024e+00 -1.565329529683554100e+01 4.050000000000000266e-01
-8.185630354241286710e+00 1.263297730154443743e-01 -8.475000000000456168e+00 4.000000000000000000e+02 -1.182873934977846320e+00 -1.565058822166965946e+01 1.939999999999999947e+00
-8.185057709026088091e+00 1.267256862225371039e-01 -8.477500000000455671e+00 4.000000000000000000e+02 -1.182165746130841688e+00 -1.565238003282265566e+01 1.909999999999999920e+00
-8.184486415819812066e+00 1.270443925763817261e-01 -8.480000000000455174e+00 4.000000000000000000e+02 -1.181438373081422633e+00 -1.565415265977323500e+01 1.745000000000000107e+00
-8.183916459730006920e+00 1.273559444303123955e-01 -8.482500000000454676e+00 4.000000000000000000e+02 -1.179685537910043269e+00 -1.565489982460185558e+01 1.150000000000000050e-01
-8.183347253633655782e+00 1.273013411808304740e-01 -8.485000000000454179e+00 4.000000000000000000e+02 -1.179581788597200198e+00 -1.565729607528901113e+01 1.074999999999999956e+00
-8.182779732514900317e+00 1.270431105963317486e-01 -8.487500000000453682e+00 4.000000000000000000e+02 -1.179354111745593015e+00 -1.565956839843740411e+01 7.700000000000000178e-01
-8.182213820326158071e+00 1.269067615686282902e-01 -8.490000000000453184e+00 4.000000000000000000e+02 -1.178656774612458102e+00 -1.566137106130426737e+01 1.435000000000000053e+00
-8.181649246578876600e+00 1.266845880083229403e-01 -8.492500000000452687e+00 4.000000000000000000e+02 -1.178565520482719897e+00 -1.566377980717453156e+01 6.199999999999999956e-01
-8.181086348525004937e+00 1.266809270018457445e-01 -8.495000000000452189e+00 4.000000000000000000e+02 -1.177074550069219461e+00 -1.566478883676102818e+01 4.400000000000000022e-01
-8.180524334362655026e+00 1.264844810666340413e-01 -8.497500000000451692e+00 4.000000000000000000e+02 -1.174293155777389241e+00 -1.566450744246919946e+01 1.764999999999999902e+00
-8.179962477846229874e+00 1.266574505339207179e-01 -8.500000000000451195e+00 4.000000000000000000e+02 -1.172687375660415032e+00 -1.566540166235222209e+01 9.050000000000000266e-01
-8.179401438611209940e+00 1.264374046037337607e-01 -8.502500000000450697e+00 4.000000000000000000e+02 -1.171035239266252193e+00 -1.566624952595806164e+01 1.350000000000000089e-01
-8.178841189048162263e+00 1.263924778695451057e-01 -8.505000000000450200e+00 4.000000000000000000e+02 -1.169832478243074014e+00 -1.566754676493487963e+01 1.524999999999999911e+00
-8.178281978885701520e+00 1.265674265241236995e-01 -8.507500000000449702e+00 4.000000000000000000e+02 -1.169370117800117681e+00 -1.566958440449192480e+01 5.999999999999999778e-01
-8.177724218619689012e+00 1.265067691871531452e-01 -8.510000000000449205e+00 4.000000000000000000e+02 -1.166546330918782903e+00 -1.566926061761058797e+01 1.675000000000000044e+00
-8.177166588803093106e+00 1.265825894777566629e-01 -8.512500000000448708e+00 4.000000000000000000e+02 -1.166136496608380702e+00 -1.567135078330018771e+01 9.499999999999999556e-01
-8.176610433113262744e+00 1.264778155585759289e-01 -8.515000000000448210e+00 4.000000000000000000e+02 -1.165920104443767036e+00 -1.567363439113557178e+01 1.849999999999999978e-01
-8.176055854096469844e+00 1.266174997582761308e-01 -8.517500000000447713e+00 4.000000000000000000e+02 -1.165351302531743682e+00 -1.567556558922354881e+01 1.925000000000000044e+00
-8.175502651546754151e+00 1.265565085623679975e-01 -8.520000000000447216e+00 4.000000000000000000e+02 -1.164010813291639357e+00 -1.567672509998344310e+01 4.099999999999999756e-01
-8.174950395402140302e+00 1.265974533723310258e-01 -8.522500000000446718e+00 4.000000000000000000e+02 -1.155028248968933191e+00 -1.567024253566073710e+01 3.900000000000000133e-01
-8.174394855390389125e+00 1.266321518323542117e-01 -8.525000000000446221e+00 4.000000000000000000e+02 -1.154445822593340054e+00 -1.567216010928514258e+01 2.999999999999999889e-02
-8.173840687214545042e+00 1.269661495260972772e-01 -8.527500000000445723e+00 4.000000000000000000e+02 -1.153573341328654633e+00 -1.567378762802045777e+01 8.500000000000000611e-02
-8.173287726408418052e+00 1.274014857922628752e-01 -8.530000000000445226e+00 4.000000000000000000e+02 -1.152476204315161734e+00 -1.567519049100696371e+01 1.294999999999999929e+00
-8.172735845741193828e+00 1.273089662727691918e-01 -8.532500000000444729e+00 4.000000000000000000e+02 -1.147886088851251651e+00 -1.567310037554305424e+01 3.499999999999999778e-01
-8.172183115733417935e+00 1.273447511134643551e-01 -8.535000000000444231e+00 4.000000000000000000e+02 -1.146369025486448034e+00 -1.567408331217824902e+01 1.695000000000000062e+00
-8.171631233649268466e+00 1.273704069583156684e-01 -8.537500000000443734e+00 4.000000000000000000e+02 -1.143416940233118240e+00 -1.567363122692492006e+01 1.429999999999999938e+00
-8.171079406623261931e+00 1.271661639771855534e-01 -8.540000000000443237e+00 4.000000000000000000e+02 -1.143285636106242009e+00 -1.567599992279804155e+01 1.564999999999999947e+00
-8.170529188426973732e+00 1.272230110618714771e-01 -8.542500000000442739e+00 4.000000000000000000e+02 -1.140639773161825632e+00 -1.567585405985362712e+01 8.500000000000000611e-02
-8.169979192608169072e+00 1.271101642494875394e-01 -8.545000000000442242e+00 4.000000000000000000e+02 -1.139422300564769008e+00 -1.567713658725656778e+01 1.895000000000000018e+00
-8.169430203470202656e+00 1.272694921887392860e-01 -8.547500000000441744e+00 4.000000000000000000e+02 -1.138691811097138240e+00 -1.567890609778893740e+01 6.600000000000000311e-01
-8.168882485340873245e+00 1.272769132425028149e-01 -8.550000000000441247e+00 4.000000000000000000e+02 -1.138206822167794563e+00 -1.568092110885959301e+01 6.999999999999999556e-01
-8.168336168684872334e+00 1.270883430890198118e-01 -8.552500000000440750e+00 4.000000000000000000e+02 -1.137793380264564558e+00 -1.568300766695636383e+01 2.849999999999999756e-01
-8.167791288129034655e+00 1.274897779312740842e-01 -8.555000000000440252e+00 4.000000000000000000e+02 -1.137358508736269425e+00 -1.568507279542806643e+01 1.824999999999999956e+00
-8.167247827476209920e+00 1.273167671043201610e-01 -8.557500000000439755e+00 4.000000000000000000e+02 -1.137295595376380586e+00 -1.568750988206817887e+01 4.500000000000000111e-01
-8.166705983783890233e+00 1.276204045132318110e-01 -8.560000000000439258e+00 4.000000000000000000e+02 -1.137198872042123332e+00 -1.568991315873391912e+01 1.570000000000000062e+00
-8.166165733108508462e+00 1.277946562174163692e-01 -8.562500000000438760e+00 4.000000000000000000e+02 -1.136843901444473559e+00 -1.569205818813627040e+01 7.950000000000000400e-01
-8.165626930821211715e+00 1.276291629108893821e-01 -8.565000000000438263e+00 4.000000000000000000e+02 -1.135717629744234847e+00 -1.569343191643602964e+01 9.549999999999999600e-01
-8.165089157748221638e+00 1.274756812137634032e-01 -8.567500000000437765e+00 4.000000000000000000e+02 -1.131640492074531767e+00 -1.569185477876632717e+01 1.625000000000000000e+00
-8.164550825592865380e+00 1.274325431851664747e-01 -8.570000000000437268e+00 4.000000000000000000e+02 -1.128154539674022239e+00 -1.569086882636581493e+01 1.590000000000000080e+00
-8.164012252480091547e+00 1.275356496582165655e-01 -8.572500000000436771e+00 4.000000000000000000e+02 -1.126717058794694637e+00 -1.569193134548648949e+01 1.489999999999999991e+00
-8.163474540750989661e+00 1.276523499997178346e-01 -8.575000000000436273e+00 4.000000000000000000e+02 -1.125738184843525058e+00 -1.569345247153531808e+01 1.000000000000000021e-02
-8.162937934647592542e+00 1.277512575070702538e-01 -8.577500000000435776e+00 4.000000000000000000e+02 -1.117377674990936098e+00 -1.568759196168272929e+01 8.349999999999999645e-01
-8.162398464859172975e+00 1.278767664029268336e-01 -8.580000000000435278e+00 4.000000000000000000e+02 -1.117355839734635703e+00 -1.569007012642642707e+01 9.549999999999999600e-01
-8.161860620102599384e+00 1.277904502109635243e-01 -8.582500000000434781e+00 4.000000000000000000e+02 -1.117108089364074353e+00 -1.569232237605586633e+01 7.049999999999999600e-01
-8.161324273490349057e+00 1.271609398962397774e-01 -8.585000000000434284e+00 4.000000000000000000e+02 -1.116436887940314815e+00 -1.569415117463210585e+01 1.919999999999999929e+00
-8.160789193577830503e+00 1.271604878834136088e-01 -8.587500000000433786e+00 4.000000000000000000e+02 -1.116056360157422045e+00 -1.569627064684921436e+01 9.150000000000000355e-01
-8.160255531800803652e+00 1.272474546555315000e-01 -8.590000000000433289e+00 4.000000000000000000e+02 -1.115511550465856594e+00 -1.569822583715764708e+01 1.950000000000000067e-01
-8.159723196224497599e+00 1.270449273816252889e-01 -8.592500000000432792e+00 4.000000000000000000e+02 -1.114914026840589045e+00 -1.570012831353237992e+01 1.364999999999999991e+00
-8.159192154864898683e+00 1.268932189516701059e-01 -8.595000000000432294e+00 4.000000000000000000e+02 -1.114770283505227777e+00 -1.570248457019701682e+01 1.899999999999999911e+00
-8.158662644163300115e+00 1.264283551879541723e-01 -8.597500000000431797e+00 4.000000000000000000e+02 -1.112761174309255141e+00 -1.570297546100104569e+01 6.450000000000000178e-01
-8.158133673356838145e+00 1.265202798627153291e-01 -8.600000000000431299e+00 4.000000000000000000e+02 -1.111391051132800234e+00 -1.570410533782458806e+01 1.129999999999999893e+00
-8.157605579073477386e+00 1.264592230325964350e-01 -8.602500000000430802e+00 4.000000000000000000e+02 -1.107995225149156493e+00 -1.570320951184094582e+01 9.799999999999999822e-01
-8.157077290608693687e+00 1.269268127564844584e-01 -8.605000000000430305e+00 4.000000000000000000e+02 -1.106322350870662996e+00 -1.570403663756244939e+01 1.320000000000000062e+00
-8.156549717519814280e+00 1.268083148179767472e-01 -8.607500000000429807e+00 4.000000000000000000e+02 -1.106100762543929417e+00 -1.570631504923571775e+01 1.169999999999999929e+00
-8.156023622329197309e+00 1.267147006646584528e-01 -8.610000000000429310e+00 4.000000000000000000e+02 -1.105523172675787924e+00 -1.570823745936757376e+01 6.450000000000000178e-01
-8.155498813372179967e+00 1.267913302130080355e-01 -8.612500000000428813e+00 4.000000000000000000e+02 -1.102560643644335592e+00 -1.570777493033612160e+01 7.750000000000000222e-01
-8.154974037090633843e+00 1.265476833625586162e-01 -8.615000000000428315e+00 4.000000000000000000e+02 -1.102143765979699319e+00 -1.570985805267148372e+01 6.700000000000000400e-01
-8.154450627231808468e+00 1.265610294363846144e-01 -8.617500000000427818e+00 4.000000000000000000e+02 -1.102049834356334523e+00 -1.571226412104812020e+01 4.749999999999999778e-01
-8.153928748047604813e+00 1.268318135230232235e-01 -8.620000000000427320e+00 4.000000000000000000e+02 -1.100185848143568235e+00 -1.571290013483535120e+01 1.010000000000000009e+00
-8.153407472636549969e+00 1.270164544993899469e-01 -8.622500000000426823e+00 4.000000000000000000e+02 -1.100129818394121495e+00 -1.571534410508590618e+01 9.549999999999999600e-01
-8.152887740244691983e+00 1.275000045286019679e-01 -8.625000000000426326e+00 4.000000000000000000e+02 -1.100106917788868932e+00 -1.571782120448065179e+01 8.050000000000000488e-01
-8.152369562668988934e+00 1.273466615139116631e-01 -8.627500000000425828e+00 4.000000000000000000e+02 -1.099152380453662481e+00 -1.571936666714544728e+01 5.999999999999999778e-01
-8.151852453046634750e+00 1.276535567933219373e-01 -8.630000000000425331e+00 4.000000000000000000e+02 -1.098856635428593354e+00 -1.572157092212037455e+01 4.949999999999999956e-01
-8.151336748392717269e+00 1.275499373897525102e-01 -8.632500000000424834e+00 4.000000000000000000e+02 -1.098041002019723766e+00 -1.572325528871150624e+01 6.850000000000000533e-01
-8.150822176787066553e+00 1.275121911513647510e-01 -8.635000000000424336e+00 4.000000000000000000e+02 -1.096581900321569103e+00 -1.572429618701334952e+01 2.849999999999999756e-01
-8.150308404754470715e+00 1.274535541502266611e-01 -8.637500000000423839e+00 4.000000000000000000e+02 -1.095045705852113693e+00 -1.572525999254389539e+01 7.149999999999999689e-01
-8.149795391104788678e+00 1.270687211242013115e-01 -8.640000000000423341e+00 4.000000000000000000e+02 -1.094950168960965309e+00 -1.572766445565274473e+01 5.050000000000000044e-01
-8.149283871597152284e+00 1.269425069373346371e-01 -8.642500000000422844e+00 4.000000000000000000e+02 -1.094858009029733736e+00 -1.573007229572151466e+01 1.080000000000000071e+00
-8.148773842841059434e+00 1.267520692265573512e-01 -8.645000000000422347e+00 4.000000000000000000e+02 -1.093852546917228441e+00 -1.573156683360900665e+01 3.049999999999999933e-01
-8.148264835187665867e+00 1.267113291995240476e-01 -8.647500000000421849e+00 4.000000000000000000e+02 -1.090707028709714477e+00 -1.573092131540149374e+01 5.100000000000000089e-01
-8.147755758062297460e+00 1.264034054493426429e-01 -8.650000000000421352e+00 4.000000000000000000e+02 -1.090117621154963912e+00 -1.573283190784674090e+01 4.699999999999999734e-01
-8.147247910933934634e+00 1.268388352176391953e-01 -8.652500000000420854e+00 4.000000000000000000e+02 -1.088745086236161397e+00 -1.573395937292793967e+01 8.399999999999999689e-01
-8.146740893405169714e+00 1.267897920248224619e-01 -8.655000000000420357e+00 4.000000000000000000e+02 -1.087712302569091127e+00 -1.573542658926086801e+01 1.929999999999999938e+00
-8.146234875607190062e+00 1.268373375996876273e-01 -8.657500000000419860e+00 4.000000000000000000e+02 -1.086647682879692489e+00 -1.573686196957147132e+01 4.299999999999999933e-01
-8.145729838990439120e+00 1.266366298893319420e-01 -8.660000000000419362e+00 4.000000000000000000e+02 -1.086071992982324597e+00 -1.573878627967410004e+01 1.495000000000000107e+00
-8.145226027485010789e+00 1.263709788530434641e-01 -8.662500000000418865e+00 4.000000000000000000e+02 -1.085586785323942705e+00 -1.574080107201571899e+01 8.950000000000000178e-01
-8.144723482966202965e+00 1.264792898140338906e-01 -8.665000000000418368e+00 4.000000000000000000e+02 -1.085090992990351388e+00 -1.574280527968212695e+01 5.799999999999999600e-01
-8.144222196309037543e+00 1.269553201923065144e-01 -8.667500000000417870e+00 4.000000000000000000e+02 -1.082396036802043993e+00 -1.574261032349381928e+01 9.250000000000000444e-01
-8.143721063149266470e+00 1.269210101462903972e-01 -8.670000000000417373e+00 4.000000000000000000e+02 -1.081692879620205883e+00 -1.574440716631198001e+01 1.939999999999999947e+00
-8.143221079971796783e+00 1.272129709419144994e-01 -8.672500000000416875e+00 4.000000000000000000e+02 -1.081086606670638384e+00 -1.574630089336241312e+01 6.850000000000000533e-01
-8.142722291879827878e+00 1.272464970748798108e-01 -8.675000000000416378e+00 4.000000000000000000e+02 -1.080846503147250282e+00 -1.574856078983902208e+01 1.449999999999999900e-01
-8.142224877548949635e+00 1.272193994497725356e-01 -8.677500000000415881e+00 4.000000000000000000e+02 -1.079532757501730167e+00 -1.574974704419350502e+01 8.850000000000000089e-01
-8.141728299786651135e+00 1.271867426748593266e-01 -8.680000000000415383e+00 4.000000000000000000e+02 -1.078666563369481857e+00 -1.575138085006125266e+01 1.850000000000000089e+00
-8.141232778537636605e+00 1.271491883312968751e-01 -8.682500000000414886e+00 4.000000000000000000e+02 -1.077559589435725718e+00 -1.575277387612749891e+01 1.250000000000000000e+00
-8.140738191989672856e+00 1.269542720489386101e-01 -8.685000000000414389e+00 4.000000000000000000e+02 -1.077528276116139994e+00 -1.575524256280791136e+01 1.849999999999999978e-01
-8.140245068506684945e+00 1.269971992923466797e-01 -8.687500000000413891e+00 4.000000000000000000e+02 -1.077401454717799689e+00 -1.575761574140957144e+01 4.000000000000000083e-02
-8.139753356093875070e+00 1.269314877227422367e-01 -8.690000000000413394e+00 4.000000000000000000e+02 -1.075702813172974670e+00 -1.575841709986474370e+01 1.760000000000000009e+00
-8.139262278933166783e+00 1.269698986883699698e-01 -8.692500000000412896e+00 4.000000000000000000e+02 -1.075099239630331827e+00 -1.576031352632210236e+01 5.500000000000000444e-01
-8.138772372535651556e+00 1.269709175847708593e-01 -8.695000000000412399e+00 4.000000000000000000e+02 -1.073310363587996807e+00 -1.576102465027976507e+01 1.719999999999999973e+00
-8.138283054033548680e+00 1.271977528320048512e-01 -8.697500000000411902e+00 4.000000000000000000e+02 -1.071343282519528817e+00 -1.576155756921129836e+01 9.500000000000000111e-02
-8.137794235353389638e+00 1.272514994948253098e-01 -8.700000000000411404e+00 4.000000000000000000e+02 -1.067229905286517511e+00 -1.575994419197828478e+01 1.600000000000000089e+00
-8.137304866793357405e+00 1.277617733147315138e-01 -8.702500000000410907e+00 4.000000000000000000e+02 -1.065483213771117876e+00 -1.576069750046288753e+01 7.049999999999999600e-01
-8.136816105834206780e+00 1.278545014084742915e-01 -8.705000000000410409e+00 4.000000000000000000e+02 -1.064579068722928623e+00 -1.576229335541469467e+01 1.465000000000000080e+00
-8.136328362444503526e+00 1.279332291268686361e-01 -8.707500000000409912e+00 4.000000000000000000e+02 -1.064113891751957475e+00 -1.576432817844372636e+01 8.000000000000000167e-02
-8.135841847570493002e+00 1.281788575839943045e-01 -8.710000000000409415e+00 4.000000000000000000e+02 -1.061726391076706966e+00 -1.576444067776847291e+01 1.189999999999999947e+00
-8.135355623967713612e+00 1.283951352478625019e-01 -8.712500000000408917e+00 4.000000000000000000e+02 -1.060728684455303217e+00 -1.576594297114706933e+01 1.540000000000000036e+00
-8.134870366033831957e+00 1.283416838624463485e-01 -8.715000000000408420e+00 4.000000000000000000e+02 -1.060528181180037555e+00 -1.576824246787180250e+01 4.000000000000000083e-02
-8.134386457217983590e+00 1.283762883307714431e-01 -8.717500000000407923e+00 4.000000000000000000e+02 -1.055543783223607202e+00 -1.576575806991537299e+01 8.900000000000000133e-01
-8.133901579613757704e+00 1.285356967433756992e-01 -8.720000000000407425e+00 4.000000000000000000e+02 -1.051945573661342115e+00 -1.576465986035310607e+01 1.004999999999999893e+00
-8.133416404599536520e+00 1.286292547266555952e-01 -8.722500000000406928e+00 4.000000000000000000e+02 -1.050650461556837278e+00 -1.576586474824860318e+01 1.849999999999999978e-01
-8.132932048670715730e+00 1.282775880438042637e-01 -8.725000000000406430e+00 4.000000000000000000e+02 -1.050538120400994480e+00 -1.576825240709275633e+01 7.249999999999999778e-01
-8.132449081488205778e+00 1.284519660287860021e-01 -8.727500000000405933e+00 4.000000000000000000e+02 -1.049845094662680944e+00 -1.577005938135444474e+01 1.749999999999999889e-01
-8.131967218740815184e+00 1.284264141380418167e-01 -8.730000000000405436e+00 4.000000000000000000e+02 -1.046179697763076843e+00 -1.576889398445483792e+01 4.799999999999999822e-01
-8.131485026590610232e+00 1.283866847825074486e-01 -8.732500000000404938e+00 4.000000000000000000e+02 -1.040646649501863141e+00 -1.576586093619362572e+01 1.270000000000000018e+00
-8.131001603165135094e+00 1.285346975452120455e-01 -8.735000000000404441e+00 4.000000000000000000e+02 -1.037527488056099623e+00 -1.576524177474786015e+01 1.449999999999999900e-01
-8.130518114132129881e+00 1.284217312322244731e-01 -8.737500000000403944e+00 4.000000000000000000e+02 -1.036202994997614368e+00 -1.576641728168937640e+01 1.449999999999999900e-01
-8.130035426347113514e+00 1.288214167480908057e-01 -8.740000000000403446e+00 4.000000000000000000e+02 -1.035530618650059020e+00 -1.576824490534181855e+01 1.840000000000000080e+00
-8.129553852165853911e+00 1.287611901282735283e-01 -8.742500000000402949e+00 4.000000000000000000e+02 -1.033071369462841727e+00 -1.576828565615460320e+01 1.625000000000000000e+00
-8.129072529396635716e+00 1.287610649313010169e-01 -8.745000000000402451e+00 4.000000000000000000e+02 -1.032155837855072145e+00 -1.576987012454683068e+01 1.290000000000000036e+00
-8.128592199674910646e+00 1.285937174437501718e-01 -8.747500000000401954e+00 4.000000000000000000e+02 -1.031593618234154963e+00 -1.577180790492591456e+01 4.000000000000000083e-02
-8.128113029762268127e+00 1.283144117756183089e-01 -8.750000000000401457e+00 4.000000000000000000e+02 -1.031539974366186163e+00 -1.577425426105794415e+01 9.549999999999999600e-01
-8.127635259290814318e+00 1.281646455145219465e-01 -8.752500000000400959e+00 4.000000000000000000e+02 -1.031217306811782031e+00 -1.577643159350354196e+01 1.084999999999999964e+00
-8.127158755364803255e+00 1.281516334868785800e-01 -8.755000000000400462e+00 4.000000000000000000e+02 -1.026592225230822164e+00 -1.577430651192257827e+01 1.699999999999999956e+00
-8.126681465424780981e+00 1.284554686186860362e-01 -8.757500000000399965e+00 4.000000000000000000e+02 -1.024512885210555169e+00 -1.577472717190231322e+01 1.310000000000000053e+00
-8.126204603772732682e+00 1.284673528756366256e-01 -8.760000000000399467e+00 4.000000000000000000e+02 -1.022919039415812303e+00 -1.577563332610756852e+01 9.250000000000000444e-01
-8.125728401015170022e+00 1.283365437485803895e-01 -8.762500000000398970e+00 4.000000000000000000e+02 -1.021144136306386008e+00 -1.577635842299814328e+01 1.189999999999999947e+00
-8.125252769840399125e+00 1.281798154422803815e-01 -8.765000000000398472e+00 4.000000000000000000e+02 -1.019253358506331253e+00 -1.577696764519808603e+01 4.699999999999999734e-01
-8.124777654253435344e+00 1.279605681338588929e-01 -8.767500000000397975e+00 4.000000000000000000e+02 -1.017311924241177667e+00 -1.577752621093293328e+01 5.949999999999999734e-01
-8.124303029414367217e+00 1.280061514187296190e-01 -8.770000000000397478e+00 4.000000000000000000e+02 -1.016891056363967039e+00 -1.577960534305572082e+01 5.649999999999999467e-01
-8.123829614818932399e+00 1.277656721297673603e-01 -8.772500000000396980e+00 4.000000000000000000e+02 -1.016754239341660426e+00 -1.578196852603341505e+01 9.100000000000000311e-01
-8.123357540890904005e+00 1.278604703565199285e-01 -8.775000000000396483e+00 4.000000000000000000e+02 -1.015939599330704546e+00 -1.578365388602245645e+01 1.844999999999999973e+00
-8.122886484093747583e+00 1.276604484788350646e-01 -8.777500000000395985e+00 4.000000000000000000e+02 -1.014912951600180691e+00 -1.578512723829193476e+01 1.010000000000000009e+00
-8.122416342118741639e+00 1.278074498519893576e-01 -8.780000000000395488e+00 4.000000000000000000e+02 -1.010304534278520405e+00 -1.578301882097027153e+01 7.700000000000000178e-01
-8.121945429471940869e+00 1.280596003972572783e-01 -8.782500000000394991e+00 4.000000000000000000e+02 -1.006782976673159746e+00 -1.578199726336491260e+01 1.260000000000000009e+00
-8.121474257509154526e+00 1.279840100729797703e-01 -8.785000000000394493e+00 4.000000000000000000e+02 -1.005985282321243623e+00 -1.578369956901299531e+01 8.449999999999999734e-01
-8.121004108275540645e+00 1.279086171538768579e-01 -8.787500000000393996e+00 4.000000000000000000e+02 -1.005240995323338327e+00 -1.578545528201509107e+01 9.449999999999999512e-01
-8.120535004120402078e+00 1.278606019758425638e-01 -8.790000000000393499e+00 4.000000000000000000e+02 -1.002301739057670948e+00 -1.578501602574942098e+01 1.900000000000000022e-01
-8.120065913963539828e+00 1.280120355969105173e-01 -8.792500000000393001e+00 4.000000000000000000e+02 -9.973576502079257722e-01 -1.578257193689967686e+01 5.799999999999999600e-01
-8.119595896656662148e+00 1.279418849163806438e-01 -8.795000000000392504e+00 4.000000000000000000e+02 -9.970602714214831241e-01 -1.578477455811323260e+01 2.149999999999999967e-01
-8.119127133564985499e+00 1.280043357610755328e-01 -8.797500000000392006e+00 4.000000000000000000e+02 -9.965541952280674298e-01 -1.578676848191981819e+01 1.320000000000000062e+00
-8.118659523200181027e+00 1.280062698816248068e-01 -8.800000000000391509e+00 4.000000000000000000e+02 -9.960866158050564190e-01 -1.578880090249680457e+01 1.475000000000000089e+00
-8.118193080143392137e+00 1.279938333370827797e-01 -8.802500000000391012e+00 4.000000000000000000e+02 -9.929636995433552826e-01 -1.578817798623510527e+01 9.449999999999999512e-01
-8.117726564112077270e+00 1.279528212850981339e-01 -8.805000000000390514e+00 4.000000000000000000e+02 -9.928003802378854159e-01 -1.579051466692963146e+01 1.004999999999999893e+00
-8.117261353682051706e+00 1.279741966774985140e-01 -8.807500000000390017e+00 4.000000000000000000e+02 -9.913349632662218358e-01 -1.579154924995797060e+01 1.959999999999999964e+00
-8.116796840286724546e+00 1.277913067786131951e-01 -8.810000000000389520e+00 4.000000000000000000e+02 -9.911314779516403606e-01 -1.579384576464338608e+01 1.080000000000000071e+00
-8.116333607360397551e+00 1.277457787620267515e-01 -8.812500000000389022e+00 4.000000000000000000e+02 -9.874687116806304399e-01 -1.579268299837237777e+01 1.614999999999999991e+00
-8.115870050348947373e+00 1.277337547108509386e-01 -8.815000000000388525e+00 4.000000000000000000e+02 -9.871683307083146675e-01 -1.579488261740005939e+01 5.500000000000000444e-01
-8.115407725944036699e+00 1.277356565925070742e-01 -8.817500000000388027e+00 4.000000000000000000e+02 -9.840741604197503767e-01 -1.579428844711149615e+01 1.729999999999999982e+00
-8.114945340593628487e+00 1.278206352322902306e-01 -8.820000000000387530e+00 4.000000000000000000e+02 -9.836668172466950244e-01 -1.579638110393843853e+01 6.899999999999999467e-01
-8.114484134877248067e+00 1.278217303628107482e-01 -8.822500000000387033e+00 4.000000000000000000e+02 -9.826191054948624215e-01 -1.579783339218660743e+01 4.000000000000000083e-02
-8.114023810628522071e+00 1.279940981461517302e-01 -8.825000000000386535e+00 4.000000000000000000e+02 -9.820756548613631676e-01 -1.579978994155310623e+01 1.915000000000000036e+00
-8.113564597326867300e+00 1.281694554511347284e-01 -8.827500000000386038e+00 4.000000000000000000e+02 -9.797705492254208393e-01 -1.579998483591716507e+01 9.350000000000000533e-01
-8.113105684233046233e+00 1.279192905182402473e-01 -8.830000000000385540e+00 4.000000000000000000e+02 -9.792913874085239501e-01 -1.580200567410026657e+01 2.949999999999999845e-01
-8.112647907459644259e+00 1.279182597334546367e-01 -8.832500000000385043e+00 4.000000000000000000e+02 -9.780560275322540686e-01 -1.580327031422399742e+01 1.354999999999999982e+00
-8.112190918310053789e+00 1.273396643057057298e-01 -8.835000000000384546e+00 4.000000000000000000e+02 -9.768661332600205860e-01 -1.580458041995176188e+01 2.650000000000000133e-01
-8.111734735806562568e+00 1.274787444211093745e-01 -8.837500000000384048e+00 4.000000000000000000e+02 -9.742768317086563101e-01 -1.580449111840039933e+01 6.700000000000000400e-01
-8.111278720598896541e+00 1.275375686613665349e-01 -8.840000000000383551e+00 4.000000000000000000e+02 -9.732615362857448549e-01 -1.580597582297748538e+01 2.000000000000000000e+00
-8.110823589329585914e+00 1.276073361048226384e-01 -8.842500000000383054e+00 4.000000000000000000e+02 -9.726110581104489006e-01 -1.580782534480218970e+01 1.935000000000000053e+00
-8.110369505534356094e+00 1.275950844191472422e-01 -8.845000000000382556e+00 4.000000000000000000e+02 -9.721463743816448622e-01 -1.580986066107338317e+01 1.849999999999999978e-01
-8.109916550473865726e+00 1.278863177059154643e-01 -8.847500000000382059e+00 4.000000000000000000e+02 -9.720425531941041530e-01 -1.581225683988584407e+01 1.459999999999999964e+00
-8.109464883815293845e+00 1.278624794430448519e-01 -8.850000000000381561e+00 4.000000000000000000e+02 -9.694075555867053273e-01 -1.581212184227844375e+01 1.010000000000000009e+00
-8.109013360130649772e+00 1.279698923314338266e-01 -8.852500000000381064e+00 4.000000000000000000e+02 -9.682144668475645144e-01 -1.581342875353930388e+01 1.590000000000000080e+00
-8.108562629544612932e+00 1.279568341231427930e-01 -8.855000000000380567e+00 4.000000000000000000e+02 -9.660459944400167087e-01 -1.581376028113175281e+01 1.445000000000000062e+00
-8.108112251329036013e+00 1.279229627494050670e-01 -8.857500000000380069e+00 4.000000000000000000e+02 -9.646541350841674189e-01 -1.581486842177590546e+01 1.810000000000000053e+00
-8.107662574332033856e+00 1.280345883020397590e-01 -8.860000000000379572e+00 4.000000000000000000e+02 -9.633518508480130027e-01 -1.581606613753974955e+01 1.495000000000000107e+00
-8.107213637353682500e+00 1.279491135811512970e-01 -8.862500000000379075e+00 4.000000000000000000e+02 -9.627751807464609568e-01 -1.581798946743819734e+01 1.499999999999999944e-02
-8.106765763873250208e+00 1.277914852470554419e-01 -8.865000000000378577e+00 4.000000000000000000e+02 -9.611577020785005976e-01 -1.581887198877023515e+01 1.544999999999999929e+00
-8.106318485712044719e+00 1.276302504069002919e-01 -8.867500000000378080e+00 4.000000000000000000e+02 -9.600072666950667521e-01 -1.582022155338680314e+01 1.000000000000000000e+00
-8.105872010338528000e+00 1.275397851111001735e-01 -8.870000000000377582e+00 4.000000000000000000e+02 -9.593891305229478306e-01 -1.582210341721468083e+01 9.150000000000000355e-01
-8.105426573070634078e+00 1.274166639800437262e-01 -8.872500000000377085e+00 4.000000000000000000e+02 -9.588242562720622475e-01 -1.582403854296379819e+01 1.360000000000000098e+00
-8.104982194697770481e+00 1.278675298611053612e-01 -8.875000000000376588e+00 4.000000000000000000e+02 -9.574159622466962283e-01 -1.582513024893842868e+01 4.500000000000000111e-01
-8.104538498252274792e+00 1.281950975678699811e-01 -8.877500000000376090e+00 4.000000000000000000e+02 -9.566421665980662237e-01 -1.582685645328979973e+01 5.949999999999999734e-01
-8.104095763327375579e+00 1.283803485248417864e-01 -8.880000000000375593e+00 4.000000000000000000e+02 -9.564771868393363574e-01 -1.582919147353106837e+01 1.294999999999999929e+00
-8.103654256234158026e+00 1.284161078722101113e-01 -8.882500000000375096e+00 4.000000000000000000e+02 -9.562348670291669350e-01 -1.583144915372090011e+01 4.349999999999999978e-01
-8.103213938982420927e+00 1.285867518373773888e-01 -8.885000000000374598e+00 4.000000000000000000e+02 -9.561499885238055052e-01 -1.583386427521553586e+01 3.350000000000000200e-01
-8.102774876960680217e+00 1.285107887959055784e-01 -8.887500000000374101e+00 4.000000000000000000e+02 -9.559612648204831586e-01 -1.583617555151221623e+01 7.149999999999999689e-01
-8.102337020584982952e+00 1.286945946796996254e-01 -8.890000000000373603e+00 4.000000000000000000e+02 -9.508595794985535976e-01 -1.583357386619028340e+01 1.564999999999999947e+00
-8.101898215945256609e+00 1.287780921649575583e-01 -8.892500000000373106e+00 4.000000000000000000e+02 -9.495535116654564289e-01 -1.583476779835718773e+01 1.600000000000000089e+00
-8.101460127016661517e+00 1.287663780629967614e-01 -8.895000000000372609e+00 4.000000000000000000e+02 -9.487023200897282127e-01 -1.583641660678145691e+01 1.534999999999999920e+00
-8.101022951181779064e+00 1.287090408593173918e-01 -8.897500000000372111e+00 4.000000000000000000e+02 -9.484475481531379204e-01 -1.583866183484486889e+01 7.500000000000000000e-01
-8.100586946202394500e+00 1.286198894631345735e-01 -8.900000000000371614e+00 4.000000000000000000e+02 -9.467677828716799526e-01 -1.583948206956340776e+01 7.449999999999999956e-01
-8.100151488486716289e+00 1.286047384610909672e-01 -8.902500000000371116e+00 4.000000000000000000e+02 -9.464594044723926292e-01 -1.584167369116412161e+01 1.149999999999999911e+00
-8.099717173003583071e+00 1.288960690641349494e-01 -8.905000000000370619e+00 4.000000000000000000e+02 -9.439999391487027269e-01 -1.584171422584043043e+01 6.500000000000000222e-02
-8.099283063661520288e+00 1.287653688247854533e-01 -8.907500000000370122e+00 4.000000000000000000e+02 -9.429766722312407090e-01 -1.584319095892296936e+01 3.950000000000000178e-01
-8.098849782862465929e+00 1.291672470973942721e-01 -8.910000000000369624e+00 4.000000000000000000e+02 -9.423425209515469136e-01 -1.584505680764327273e+01 1.320000000000000062e+00
-8.098417496872766463e+00 1.288247874857985642e-01 -8.912500000000369127e+00 4.000000000000000000e+02 -9.418624661292124278e-01 -1.584707675282093930e+01 1.284999999999999920e+00
-8.097986269421292960e+00 1.289591333109748050e-01 -8.915000000000368630e+00 4.000000000000000000e+02 -9.416610660574119551e-01 -1.584937535274913678e+01 1.510000000000000009e+00
-8.097556217288296665e+00 1.291528114274503591e-01 -8.917500000000368132e+00 4.000000000000000000e+02 -9.410882761097031368e-01 -1.585130256280142902e+01 1.500000000000000000e+00
-8.097127177489856109e+00 1.297528297419356935e-01 -8.920000000000367635e+00 4.000000000000000000e+02 -9.403236650814127406e-01 -1.585303795177313724e+01 1.929999999999999938e+00
-8.096699065114716376e+00 1.297603172159185470e-01 -8.922500000000367137e+00 4.000000000000000000e+02 -9.398508677071168993e-01 -1.585506515439884190e+01 1.524999999999999911e+00
-8.096272002376769805e+00 1.299227932754457582e-01 -8.925000000000366640e+00 4.000000000000000000e+02 -9.396159064036820885e-01 -1.585733019309540559e+01 1.254999999999999893e+00
-8.095846087544398273e+00 1.298226785445037168e-01 -8.927500000000366143e+00 4.000000000000000000e+02 -9.396024913566590753e-01 -1.585981677804838341e+01 6.949999999999999512e-01
-8.095421411121213495e+00 1.298239258286180420e-01 -8.930000000000365645e+00 4.000000000000000000e+02 -9.387912800785539469e-01 -1.586150556677027623e+01 3.750000000000000000e-01
-8.094997631099104751e+00 1.297765064742107954e-01 -8.932500000000365148e+00 4.000000000000000000e+02 -9.385814705914558020e-01 -1.586379575728317981e+01 1.165000000000000036e+00
-8.094574999401517701e+00 1.299414579572010786e-01 -8.935000000000364651e+00 4.000000000000000000e+02 -9.364342228790911715e-01 -1.586414850957081235e+01 1.875000000000000000e+00
-8.094152695209608339e+00 1.298831630634528778e-01 -8.937500000000364153e+00 4.000000000000000000e+02 -9.360503886747885138e-01 -1.586626467536651042e+01 5.500000000000000028e-02
-8.093731461439274355e+00 1.299499826581627659e-01 -8.940000000000363656e+00 4.000000000000000000e+02 -9.358383058686641220e-01 -1.586855259256038408e+01 1.370000000000000107e+00
-8.093311367071041929e+00 1.299590532286661604e-01 -8.942500000000363158e+00 4.000000000000000000e+02 -9.358028970710432493e-01 -1.587101718376276516e+01 6.700000000000000400e-01
-8.092892482543353694e+00 1.303257774982418959e-01 -8.945000000000362661e+00 4.000000000000000000e+02 -9.352437755296685307e-01 -1.587295806222138772e+01 4.149999999999999800e-01
-8.092474585112244156e+00 1.299200858434977068e-01 -8.947500000000362164e+00 4.000000000000000000e+02 -9.351692688755629534e-01 -1.587538355556728398e+01 7.800000000000000266e-01
-8.092057873991921113e+00 1.296982261382015611e-01 -8.950000000000361666e+00 4.000000000000000000e+02 -9.348388188015328559e-01 -1.587755310549325038e+01 1.790000000000000036e+00
-8.091642238979249058e+00 1.297267399354650186e-01 -8.952500000000361169e+00 4.000000000000000000e+02 -9.340993593803122996e-01 -1.587931364607203122e+01 4.650000000000000244e-01
-8.091227507290559728e+00 1.293740854889637304e-01 -8.955000000000360671e+00 4.000000000000000000e+02 -9.340254248095941625e-01 -1.588173971150131081e+01 1.729999999999999982e+00
-8.090813951855331254e+00 1.296151186833225666e-01 -8.957500000000360174e+00 4.000000000000000000e+02 -9.334610066034454423e-01 -1.588367529329516437e+01 1.860000000000000098e+00
-8.090401366578221953e+00 1.298324311558259059e-01 -8.960000000000359677e+00 4.000000000000000000e+02 -9.333192668630556632e-01 -1.588603355355477120e+01 5.000000000000000104e-03
-8.089989922693993307e+00 1.298845228377875083e-01 -8.962500000000359179e+00 4.000000000000000000e+02 -9.318997636291361797e-01 -1.588711405032085366e+01 9.300000000000000488e-01
-8.089579092075952715e+00 1.298594238901739639e-01 -8.965000000000358682e+00 4.000000000000000000e+02 -9.314499886159626207e-01 -1.588916427530767805e+01 5.899999999999999689e-01
-8.089169271084871937e+00 1.296099291918715590e-01 -8.967500000000358185e+00 4.000000000000000000e+02 -9.302818204899248045e-01 -1.589049610718164018e+01 1.560000000000000053e+00
-8.088760163092631572e+00 1.295098986428917243e-01 -8.970000000000357687e+00 4.000000000000000000e+02 -9.277202742865272578e-01 -1.589043456097824070e+01 1.900000000000000022e-01
-8.088351197236923085e+00 1.294972234629110652e-01 -8.972500000000357190e+00 4.000000000000000000e+02 -9.271122039636924272e-01 -1.589232649065540848e+01 1.975000000000000089e+00
-8.087943171095471229e+00 1.294909874830572072e-01 -8.975000000000356692e+00 4.000000000000000000e+02 -9.262092041889326000e-01 -1.589392349088064549e+01 4.299999999999999933e-01
-8.087535962071200402e+00 1.293581518559855648e-01 -8.977500000000356195e+00 4.000000000000000000e+02 -9.260313091971833499e-01 -1.589624559588889774e+01 1.350000000000000089e-01
-8.087129862707598704e+00 1.290571008035607536e-01 -8.980000000000355698e+00 4.000000000000000000e+02 -9.250377113679345564e-01 -1.589775199805964689e+01 7.049999999999999600e-01
-8.086724539110210941e+00 1.290830405256239433e-01 -8.982500000000355200e+00 4.000000000000000000e+02 -9.239845914941240412e-01 -1.589919887818583710e+01 1.709999999999999964e+00
-8.086319965408160115e+00 1.291581566674895043e-01 -8.985000000000354703e+00 4.000000000000000000e+02 -9.228051339197090863e-01 -1.590051942061142043e+01 1.389999999999999902e+00
-8.085916088900264143e+00 1.292846364831589656e-01 -8.987500000000354206e+00 4.000000000000000000e+02 -9.223740645715282627e-01 -1.590258835126324044e+01 1.524999999999999911e+00
-8.085513209666393308e+00 1.292090260627068443e-01 -8.990000000000353708e+00 4.000000000000000000e+02 -9.219159355275691192e-01 -1.590463022221927858e+01 9.250000000000000444e-01
-8.085111313970969604e+00 1.296042448354493837e-01 -8.992500000000353211e+00 4.000000000000000000e+02 -9.217477131433645665e-01 -1.590696199983507597e+01 1.939999999999999947e+00
-8.084710515206932513e+00 1.297057526035759190e-01 -8.995000000000352713e+00 4.000000000000000000e+02 -9.209207581882646876e-01 -1.590863504487997382e+01 3.449999999999999734e-01
-8.084310546609613013e+00 1.296611211638775130e-01 -8.997500000000352216e+00 4.000000000000000000e+02 -9.206988580640125264e-01 -1.591091314475572283e+01 1.399999999999999911e+00
-8.083911647509241405e+00 1.295974477240953993e-01 -9.000000000000351719e+00 4.000000000000000000e+02 -9.199896230891763116e-01 -1.591270390978088400e+01 1.915000000000000036e+00
-8.083513620734713356e+00 1.294523830810178355e-01 -9.002500000000351221e+00 4.000000000000000000e+02 -9.195628220437981337e-01 -1.591477710873550677e+01 1.754999999999999893e+00
-8.083116576164824707e+00 1.293442650909715497e-01 -9.005000000000350724e+00 4.000000000000000000e+02 -9.179174572405253141e-01 -1.591563174393223257e+01 8.750000000000000000e-01
-8.082720028158231429e+00 1.293669243663807811e-01 -9.007500000000350227e+00 4.000000000000000000e+02 -9.155257191641238412e-01 -1.591574000585583271e+01 1.225000000000000089e+00
-8.082323680242836872e+00 1.293349565532247170e-01 -9.010000000000349729e+00 4.000000000000000000e+02 -9.142124879211886990e-01 -1.591692677461289485e+01 1.175000000000000044e+00
-8.081927959171986586e+00 1.293994832729546407e-01 -9.012500000000349232e+00 4.000000000000000000e+02 -9.119745852608797110e-01 -1.591718887195258780e+01 1.100000000000000089e+00
-8.081532498276692067e+00 1.292636652473146408e-01 -9.015000000000348734e+00 4.000000000000000000e+02 -9.108520218049865891e-01 -1.591856630849669152e+01 7.349999999999999867e-01
-8.081137737733630644e+00 1.290211376978312174e-01 -9.017500000000348237e+00 4.000000000000000000e+02 -9.101666563562730294e-01 -1.592038094304797902e+01 1.810000000000000053e+00
-8.080743848238228111e+00 1.288805664560980502e-01 -9.020000000000347740e+00 4.000000000000000000e+02 -9.101449848201509374e-01 -1.592285927151185554e+01 7.049999999999999600e-01
-8.080351088234316137e+00 1.287923676129626716e-01 -9.022500000000347242e+00 4.000000000000000000e+02 -9.095840980162457345e-01 -1.592479838470795173e+01 4.749999999999999778e-01
-8.079959242850712542e+00 1.290408061470466605e-01 -9.025000000000346745e+00 4.000000000000000000e+02 -9.094442760262563263e-01 -1.592715856271795971e+01 8.800000000000000044e-01
-8.079568474141906265e+00 1.288587539852463770e-01 -9.027500000000346247e+00 4.000000000000000000e+02 -9.090828138544153614e-01 -1.592929710054611903e+01 9.449999999999999512e-01
-8.079178692365694303e+00 1.287385677538264439e-01 -9.030000000000345750e+00 4.000000000000000000e+02 -9.090708411507115727e-01 -1.593178512784241363e+01 1.500000000000000000e+00
-8.078790030476875828e+00 1.285433079563582937e-01 -9.032500000000345253e+00 4.000000000000000000e+02 -9.087373889900458579e-01 -1.593395167568174919e+01 5.550000000000000488e-01
-8.078402360240740876e+00 1.286764918483630504e-01 -9.035000000000344755e+00 4.000000000000000000e+02 -9.065566124184212260e-01 -1.593427089911012295e+01 8.000000000000000167e-02
-8.078014963896347211e+00 1.287993777719700916e-01 -9.037500000000344258e+00 4.000000000000000000e+02 -9.065259153950078197e-01 -1.593674020208671038e+01 1.659999999999999920e+00
-8.077628672434196133e+00 1.288296258265448357e-01 -9.040000000000343761e+00 4.000000000000000000e+02 -9.060630061949798142e-01 -1.593877729288668021e+01 1.445000000000000062e+00
-8.077243315790404665e+00 1.288255964604026471e-01 -9.042500000000343263e+00 4.000000000000000000e+02 -9.001673617691893226e-01 -1.593538164846088989e+01 1.070000000000000062e+00
-8.076856797588941816e+00 1.290713586289939374e-01 -9.045000000000342766e+00 4.000000000000000000e+02 -8.971330808669509826e-01 -1.593484736755864972e+01 9.899999999999999911e-01
-8.076470222281324496e+00 1.295069011993579544e-01 -9.047500000000342268e+00 4.000000000000000000e+02 -8.967667809997569295e-01 -1.593698106769145717e+01 9.399999999999999467e-01
-8.076084619835686595e+00 1.296110489469839422e-01 -9.050000000000341771e+00 4.000000000000000000e+02 -8.965873239741708467e-01 -1.593930161066586848e+01 1.250000000000000000e+00
-8.075700059275341403e+00 1.300917569087107484e-01 -9.052500000000341274e+00 4.000000000000000000e+02 -8.964591441169698083e-01 -1.594167343080866850e+01 3.549999999999999822e-01
-8.075316557047820254e+00 1.299546519661174404e-01 -9.055000000000340776e+00 4.000000000000000000e+02 -8.951531173575831835e-01 -1.594286740404928082e+01 1.530000000000000027e+00
-8.074933659193032298e+00 1.299076258894694413e-01 -9.057500000000340279e+00 4.000000000000000000e+02 -8.949322958008906204e-01 -1.594514658249258865e+01 1.159999999999999920e+00
-8.074551779091677872e+00 1.299464215321560756e-01 -9.060000000000339782e+00 4.000000000000000000e+02 -8.948723544461031354e-01 -1.594758664113780000e+01 1.100000000000000006e-01
-8.074170974908616571e+00 1.304012096645432994e-01 -9.062500000000339284e+00 4.000000000000000000e+02 -8.936979575216057459e-01 -1.594891224421330378e+01 4.650000000000000244e-01
-8.073790819855082290e+00 1.304783004337566332e-01 -9.065000000000338787e+00 4.000000000000000000e+02 -8.869588710161803169e-01 -1.594467315770787508e+01 3.400000000000000244e-01
-8.073409195255525361e+00 1.306571236638157107e-01 -9.067500000000338289e+00 4.000000000000000000e+02 -8.853622886550290838e-01 -1.594557657534672579e+01 1.810000000000000053e+00
-8.073028060651354920e+00 1.306471337266356114e-01 -9.070000000000337792e+00 4.000000000000000000e+02 -8.846406294716070429e-01 -1.594735491616330059e+01 7.149999999999999689e-01
-8.072647748053634942e+00 1.306456860409731802e-01 -9.072500000000337295e+00 4.000000000000000000e+02 -8.813619224848504574e-01 -1.594657620917654661e+01 7.600000000000000089e-01
-8.072267283940149696e+00 1.305712890438586737e-01 -9.075000000000336797e+00 4.000000000000000000e+02 -8.809582347501875299e-01 -1.594867252144188008e+01 1.979999999999999982e+00
-8.071887760806619738e+00 1.306989611479766056e-01 -9.077500000000336300e+00 4.000000000000000000e+02 -8.808257411359253775e-01 -1.595104002782762009e+01 9.000000000000000222e-01
-8.071509278606677995e+00 1.306265171345853959e-01 -9.080000000000335802e+00 4.000000000000000000e+02 -8.805406648167447559e-01 -1.595325495150843764e+01 8.149999999999999467e-01
-8.071131776508003952e+00 1.305131873633485484e-01 -9.082500000000335305e+00 4.000000000000000000e+02 -8.800895324516840867e-01 -1.595530381914337781e+01 4.199999999999999845e-01
-8.070755189086426640e+00 1.306524280849724884e-01 -9.085000000000334808e+00 4.000000000000000000e+02 -8.790913966032039006e-01 -1.595680568329489546e+01 1.719999999999999973e+00
-8.070379308269282959e+00 1.306317644600913930e-01 -9.087500000000334310e+00 4.000000000000000000e+02 -8.788672093110233563e-01 -1.595908149600271564e+01 7.550000000000000044e-01
-8.070004422665979504e+00 1.305957806855307657e-01 -9.090000000000333813e+00 4.000000000000000000e+02 -8.767091481364222005e-01 -1.595942343482811232e+01 7.700000000000000178e-01
-8.069629805643231180e+00 1.305865389208180904e-01 -9.092500000000333316e+00 4.000000000000000000e+02 -8.742480268756006589e-01 -1.595946231356729150e+01 1.985000000000000098e+00
-8.069255343462019781e+00 1.306074507975371890e-01 -9.095000000000332818e+00 4.000000000000000000e+02 -8.736237973369727072e-01 -1.596133808402866094e+01 1.419999999999999929e+00
-8.068881722803274315e+00 1.313871054325587984e-01 -9.097500000000332321e+00 4.000000000000000000e+02 -8.733184763109169690e-01 -1.596353276300260760e+01 6.700000000000000400e-01
-8.068509060304606351e+00 1.311951554334078729e-01 -9.100000000000331823e+00 4.000000000000000000e+02 -8.720581249262125967e-01 -1.596477241161790062e+01 5.600000000000000533e-01
-8.068136998058038856e+00 1.313149937877664541e-01 -9.102500000000331326e+00 4.000000000000000000e+02 -8.709733570705667782e-01 -1.596618764376225563e+01 1.110000000000000098e+00
-8.067765600078967481e+00 1.310491940872928196e-01 -9.105000000000330829e+00 4.000000000000000000e+02 -8.700650355562087324e-01 -1.596777932224789609e+01 7.249999999999999778e-01
-8.067394930332397962e+00 1.310854590657205554e-01 -9.107500000000330331e+00 4.000000000000000000e+02 -8.697459475864524059e-01 -1.596996023427814038e+01 7.800000000000000266e-01
-8.067025204999792365e+00 1.311035398263828977e-01 -9.110000000000329834e+00 4.000000000000000000e+02 -8.689715525865834289e-01 -1.597168583927826901e+01 1.395000000000000018e+00
-8.066656253410089406e+00 1.311130760805510054e-01 -9.112500000000329337e+00 4.000000000000000000e+02 -8.684132642044946060e-01 -1.597362755089618247e+01 1.135000000000000009e+00
-8.066288153202354039e+00 1.314830485986747122e-01 -9.115000000000328839e+00 4.000000000000000000e+02 -8.676223068711227393e-01 -1.597533659356280822e+01 9.300000000000000488e-01
-8.065920816657534687e+00 1.312600545615374426e-01 -9.117500000000328342e+00 4.000000000000000000e+02 -8.669843440957479830e-01 -1.597719863078743430e+01 5.500000000000000444e-01
-8.065554297981108789e+00 1.311269650562711941e-01 -9.120000000000327844e+00 4.000000000000000000e+02 -8.638395876614973767e-01 -1.597655387435318097e+01 8.699999999999999956e-01
-8.065187677329854310e+00 1.314095597794954773e-01 -9.122500000000327347e+00 4.000000000000000000e+02 -8.638326140103123052e-01 -1.597904690070199862e+01 4.550000000000000155e-01
-8.064822103395298925e+00 1.314626250978921107e-01 -9.125000000000326850e+00 4.000000000000000000e+02 -8.618513251483094217e-01 -1.597956561183999291e+01 1.135000000000000009e+00
-8.064456852530422992e+00 1.313413789276191013e-01 -9.127500000000326352e+00 4.000000000000000000e+02 -8.614441181152948657e-01 -1.598165840480697852e+01 7.800000000000000266e-01
-8.064092498202329651e+00 1.314363559640541190e-01 -9.130000000000325855e+00 4.000000000000000000e+02 -8.609905988818430389e-01 -1.598370488557352509e+01 1.084999999999999964e+00
-8.063729021055022983e+00 1.312735345728857639e-01 -9.132500000000325358e+00 4.000000000000000000e+02 -8.606322102201153790e-01 -1.598584649691179926e+01 1.304999999999999938e+00
-8.063366453145750512e+00 1.309691298643360091e-01 -9.135000000000324860e+00 4.000000000000000000e+02 -8.604411639006349644e-01 -1.598815545059231624e+01 1.475000000000000089e+00
-8.063004852376927545e+00 1.310633338774207513e-01 -9.137500000000324363e+00 4.000000000000000000e+02 -8.603248012584140403e-01 -1.599053908795009704e+01 1.635000000000000009e+00
-8.062644242748277179e+00 1.309662871175251431e-01 -9.140000000000323865e+00 4.000000000000000000e+02 -8.591912458123589502e-01 -1.599190553250403823e+01 1.250000000000000000e+00
-8.062284255262518684e+00 1.308888030619800302e-01 -9.142500000000323368e+00 4.000000000000000000e+02 -8.584821903462253045e-01 -1.599369647703790598e+01 9.649999999999999689e-01
-8.061925041114317736e+00 1.309049587340069820e-01 -9.145000000000322871e+00 4.000000000000000000e+02 -8.581491016910360869e-01 -1.599586338838271615e+01 7.000000000000000666e-02
-8.061566733078628033e+00 1.308913598109427145e-01 -9.147500000000322373e+00 4.000000000000000000e+02 -8.577358040984071064e-01 -1.599795009079008778e+01 4.500000000000000111e-01
-8.061209299883344670e+00 1.309626997591944175e-01 -9.150000000000321876e+00 4.000000000000000000e+02 -8.574887093201818411e-01 -1.600020299601186125e+01 1.270000000000000018e+00
-8.060852798326894941e+00 1.310670799522395680e-01 -9.152500000000321378e+00 4.000000000000000000e+02 -8.568565728908534851e-01 -1.600207085958253117e+01 1.250000000000000000e-01
-8.060497088737916371e+00 1.309990580559040885e-01 -9.155000000000320881e+00 4.000000000000000000e+02 -8.553623669091494630e-01 -1.600307665360082510e+01 1.794999999999999929e+00
-8.060141863033338794e+00 1.308096629108807252e-01 -9.157500000000320384e+00 4.000000000000000000e+02 -8.550820347847869485e-01 -1.600529632147646453e+01 1.979999999999999982e+00
-8.059787550658759514e+00 1.309409086313582105e-01 -9.160000000000319886e+00 4.000000000000000000e+02 -8.547510448825746954e-01 -1.600746533157425233e+01 4.749999999999999778e-01
-8.059434131043754945e+00 1.310754423629790222e-01 -9.162500000000319389e+00 4.000000000000000000e+02 -8.535424635178027186e-01 -1.600875675020947853e+01 6.500000000000000222e-02
-8.059081292166567323e+00 1.309896048813283254e-01 -9.165000000000318892e+00 4.000000000000000000e+02 -8.532448347916901099e-01 -1.601095912148336708e+01 7.700000000000000178e-01
-8.058729353557550823e+00 1.310613134920518563e-01 -9.167500000000318394e+00 4.000000000000000000e+02 -8.507971688164279733e-01 -1.601101145550810401e+01 9.100000000000000311e-01
-8.058377557173908912e+00 1.309999482215936650e-01 -9.170000000000317897e+00 4.000000000000000000e+02 -8.480864407455287468e-01 -1.601080072743720351e+01 9.699999999999999734e-01
-8.058025810405363032e+00 1.313538754192819236e-01 -9.172500000000317399e+00 4.000000000000000000e+02 -8.461547676177253452e-01 -1.601136905430940160e+01 1.104999999999999982e+00
-8.057674387064075461e+00 1.312480623093087717e-01 -9.175000000000316902e+00 4.000000000000000000e+02 -8.457051445840736426e-01 -1.601341943127574652e+01 1.770000000000000018e+00
-8.057323806610911632e+00 1.310340213985906610e-01 -9.177500000000316405e+00 4.000000000000000000e+02 -8.447394675602557523e-01 -1.601495375425193046e+01 3.950000000000000178e-01
-8.056973886230162307e+00 1.310317127686062011e-01 -9.180000000000315907e+00 4.000000000000000000e+02 -8.446440952507042743e-01 -1.601735838194237616e+01 4.699999999999999734e-01
-8.056624928227700266e+00 1.311370285945049896e-01 -9.182500000000315410e+00 4.000000000000000000e+02 -8.443376532517405941e-01 -1.601955193994341542e+01 1.600000000000000033e-01
-8.056276856175403012e+00 1.311746703311820472e-01 -9.185000000000314913e+00 4.000000000000000000e+02 -8.442104726873116416e-01 -1.602192475937898308e+01 1.900000000000000022e-01
-8.055929729737991707e+00 1.310813359800522826e-01 -9.187500000000314415e+00 4.000000000000000000e+02 -8.437157711395105730e-01 -1.602393005783118340e+01 6.049999999999999822e-01
-8.055583418788508254e+00 1.310816893634576819e-01 -9.190000000000313918e+00 4.000000000000000000e+02 -8.400209782145241499e-01 -1.602273526490619560e+01 7.099999999999999645e-01
-8.055236813926670791e+00 1.308577893824514060e-01 -9.192500000000313420e+00 4.000000000000000000e+02 -8.388864776220811281e-01 -1.602410076431375430e+01 4.450000000000000067e-01
-8.054890801878219264e+00 1.309229104730620930e-01 -9.195000000000312923e+00 4.000000000000000000e+02 -8.381300602804064859e-01 -1.602584434697207527e+01 5.150000000000000133e-01
-8.054545511975142347e+00 1.308135982533568109e-01 -9.197500000000312426e+00 4.000000000000000000e+02 -8.379355426457499867e-01 -1.602814982933741916e+01 1.024999999999999911e+00
-8.054201135987556270e+00 1.309694444213952147e-01 -9.200000000000311928e+00 4.000000000000000000e+02 -8.377149542076532951e-01 -1.603042924089931986e+01 8.000000000000000167e-02
-8.053857662230091918e+00 1.307148199593071436e-01 -9.202500000000311431e+00 4.000000000000000000e+02 -8.365095266912230265e-01 -1.603172381338289298e+01 3.049999999999999933e-01
-8.053514750541598488e+00 1.306060263489804418e-01 -9.205000000000310934e+00 4.000000000000000000e+02 -8.342022908919464186e-01 -1.603191657758361544e+01 9.350000000000000533e-01
-8.053172022461971835e+00 1.307704215912794954e-01 -9.207500000000310436e+00 4.000000000000000000e+02 -8.338053797296476333e-01 -1.603401966642131526e+01 1.600000000000000033e-01
-8.052830131465109176e+00 1.307955482120011503e-01 -9.210000000000309939e+00 4.000000000000000000e+02 -8.334946199663508803e-01 -1.603620890665801824e+01 1.330000000000000071e+00
-8.052489104597611913e+00 1.309514944550748128e-01 -9.212500000000309441e+00 4.000000000000000000e+02 -8.326264796661821954e-01 -1.603784076635784928e+01 2.999999999999999889e-02
-8.052148749759821200e+00 1.306247234971759374e-01 -9.215000000000308944e+00 4.000000000000000000e+02 -8.322884785303121813e-01 -1.604000276522197765e+01 1.500000000000000000e+00
-8.051809245401114978e+00 1.307495211697933535e-01 -9.217500000000308447e+00 4.000000000000000000e+02 -8.320554647565114870e-01 -1.604226975144817757e+01 1.455000000000000071e+00
-8.051470624655451047e+00 1.306756772304790148e-01 -9.220000000000307949e+00 4.000000000000000000e+02 -8.304928488439861090e-01 -1.604320713553564914e+01 1.939999999999999947e+00
-8.051132435642934126e+00 1.307482750973975039e-01 -9.222500000000307452e+00 4.000000000000000000e+02 -8.303422217846396780e-01 -1.604555650847630588e+01 1.465000000000000080e+00
-8.050795154161011880e+00 1.309125686730662763e-01 -9.225000000000306954e+00 4.000000000000000000e+02 -8.284100663276811050e-01 -1.604612435301934426e+01 4.000000000000000222e-01
-8.050458177771810497e+00 1.309323233012417431e-01 -9.227500000000306457e+00 4.000000000000000000e+02 -8.279671683501268475e-01 -1.604818145504179228e+01 1.235000000000000098e+00
-8.050122007030143578e+00 1.308498800867984035e-01 -9.230000000000305960e+00 4.000000000000000000e+02 -8.270355248588613373e-01 -1.604974981155052305e+01 1.324999999999999956e+00
-8.049786475818221376e+00 1.307802975880070218e-01 -9.232500000000305462e+00 4.000000000000000000e+02 -8.268284695972646370e-01 -1.605204275628892674e+01 7.950000000000000400e-01
-8.049451825236602076e+00 1.308538760076027041e-01 -9.235000000000304965e+00 4.000000000000000000e+02 -8.267138382449330525e-01 -1.605442812493659588e+01 1.875000000000000000e+00
-8.049118083522493805e+00 1.308409713182703549e-01 -9.237500000000304468e+00 4.000000000000000000e+02 -8.256111162106318790e-01 -1.605582540290229332e+01 6.450000000000000178e-01
-8.048784918925989018e+00 1.308744671456897324e-01 -9.240000000000303970e+00 4.000000000000000000e+02 -8.255335761734146072e-01 -1.605824786286507333e+01 1.580000000000000071e+00
-8.048452670989965085e+00 1.309950098708791422e-01 -9.242500000000303473e+00 4.000000000000000000e+02 -8.254040720585396063e-01 -1.606061835875020094e+01 2.000000000000000111e-01
-8.048121319674025997e+00 1.310135114402686540e-01 -9.245000000000302975e+00 4.000000000000000000e+02 -8.251307171304369525e-01 -1.606284500382209757e+01 1.979999999999999982e+00
-8.047790814730534592e+00 1.310427153274710543e-01 -9.247500000000302478e+00 4.000000000000000000e+02 -8.235968431742103357e-01 -1.606381112986587212e+01 3.850000000000000089e-01
-8.047460737981610990e+00 1.311269662554639948e-01 -9.250000000000301981e+00 4.000000000000000000e+02 -8.230162704160108866e-01 -1.606573055710767051e+01 1.810000000000000053e+00
-8.047131402785023369e+00 1.312563866121286837e-01 -9.252500000000301483e+00 4.000000000000000000e+02 -8.222742345843688794e-01 -1.606748852127602945e+01 5.300000000000000266e-01
-8.046802754179823935e+00 1.314145683093838057e-01 -9.255000000000300986e+00 4.000000000000000000e+02 -8.203155356156698330e-01 -1.606802982230732724e+01 3.950000000000000178e-01
-8.046474391311116747e+00 1.312932370928585335e-01 -9.257500000000300489e+00 4.000000000000000000e+02 -8.193989686511548021e-01 -1.606961325534281215e+01 1.659999999999999920e+00
-8.046146655502742107e+00 1.312573254716619953e-01 -9.260000000000299991e+00 4.000000000000000000e+02 -8.192807686475578333e-01 -1.607199505533921524e+01 1.564999999999999947e+00
-8.045819806359400417e+00 1.314034882487262190e-01 -9.262500000000299494e+00 4.000000000000000000e+02 -8.183186444991622510e-01 -1.607353293119081883e+01 2.049999999999999878e-01
-8.045493566032602573e+00 1.314830055535683440e-01 -9.265000000000298996e+00 4.000000000000000000e+02 -8.163695629880262095e-01 -1.607408384967968118e+01 6.750000000000000444e-01
-8.045167611698301968e+00 1.315377303254056662e-01 -9.267500000000298499e+00 4.000000000000000000e+02 -8.133881380292308227e-01 -1.607360242472088885e+01 5.799999999999999600e-01
-8.044841606691997882e+00 1.313189983442673014e-01 -9.270000000000298002e+00 4.000000000000000000e+02 -8.129398432720137402e-01 -1.607565412996366661e+01 1.510000000000000009e+00
-8.044516375784445117e+00 1.314521361696939505e-01 -9.272500000000297504e+00 4.000000000000000000e+02 -8.124967053058274047e-01 -1.607771099199748477e+01 4.799999999999999822e-01
-8.044191918559613796e+00 1.314758277859581770e-01 -9.275000000000297007e+00 4.000000000000000000e+02 -8.113158296801168401e-01 -1.607903011637176860e+01 1.620000000000000107e+00
-8.043867994082420481e+00 1.314641087487355697e-01 -9.277500000000296509e+00 4.000000000000000000e+02 -8.110997284434469101e-01 -1.608131401513510284e+01 6.500000000000000222e-02
-8.043544913106233096e+00 1.314014512395579870e-01 -9.280000000000296012e+00 4.000000000000000000e+02 -8.108774601339830967e-01 -1.608359174682563619e+01 1.834999999999999964e+00
-8.043222671176195604e+00 1.313584993263020861e-01 -9.282500000000295515e+00 4.000000000000000000e+02 -8.089637328930250337e-01 -1.608417801958468019e+01 2.999999999999999889e-02
-8.042900721827635380e+00 1.314379243947183529e-01 -9.285000000000295017e+00 4.000000000000000000e+02 -8.082460798981286887e-01 -1.608596036658978079e+01 8.349999999999999645e-01
-8.042579449134908742e+00 1.314176935272660940e-01 -9.287500000000294520e+00 4.000000000000000000e+02 -8.080197521361177637e-01 -1.608823403882777114e+01 1.379999999999999893e+00
-8.042259008912992613e+00 1.312537095549482780e-01 -9.290000000000294023e+00 4.000000000000000000e+02 -8.070822482175460388e-01 -1.608979653490919759e+01 3.500000000000000333e-02
-8.041939171395519281e+00 1.314420680699857069e-01 -9.292500000000293525e+00 4.000000000000000000e+02 -8.043070800797803566e-01 -1.608952136677143230e+01 1.915000000000000036e+00
-8.041619348162384995e+00 1.314433287449723320e-01 -9.295000000000293028e+00 4.000000000000000000e+02 -8.023525538872706697e-01 -1.609006684057892045e+01 1.139999999999999902e+00
-8.041299801507458156e+00 1.314700245376110022e-01 -9.297500000000292530e+00 4.000000000000000000e+02 -8.014283651966096489e-01 -1.609164265188826093e+01 5.550000000000000488e-01
-8.040980859837741690e+00 1.313760344350145826e-01 -9.300000000000292033e+00 4.000000000000000000e+02 -8.006733474261951145e-01 -1.609338763411784257e+01 2.750000000000000222e-01
-8.040662575655876054e+00 1.316251655758488015e-01 -9.302500000000291536e+00 4.000000000000000000e+02 -8.003916538229548516e-01 -1.609560594051460569e+01 4.149999999999999800e-01
-8.040345097679583830e+00 1.316238386974191987e-01 -9.305000000000291038e+00 4.000000000000000000e+02 -7.970345664808553554e-01 -1.609474885317250425e+01 2.000000000000000042e-02
-8.040027448370185681e+00 1.316122457402210122e-01 -9.307500000000290541e+00 4.000000000000000000e+02 -7.970336203264517527e-01 -1.609724790701810093e+01 5.749999999999999556e-01
-8.039710692384206325e+00 1.317487967704748519e-01 -9.310000000000290044e+00 4.000000000000000000e+02 -7.968249891796920226e-01 -1.609953927587134004e+01 1.950000000000000067e-01
-8.039394761330662220e+00 1.318266150784577206e-01 -9.312500000000289546e+00 4.000000000000000000e+02 -7.967606219960552405e-01 -1.610197490868770132e+01 1.885000000000000009e+00
-8.039079698249974371e+00 1.319802228043521486e-01 -9.315000000000289049e+00 4.000000000000000000e+02 -7.960823969492155650e-01 -1.610379668364086214e+01 1.159999999999999920e+00
-8.038765307583565445e+00 1.319994100656229075e-01 -9.317500000000288551e+00 4.000000000000000000e+02 -7.947231082565369142e-01 -1.610493739494818399e+01 1.135000000000000009e+00
-8.038451373983216186e+00 1.320131851722359528e-01 -9.320000000000288054e+00 4.000000000000000000e+02 -7.933516058957984507e-01 -1.610606589258744137e+01 4.799999999999999822e-01
-8.038137892813150387e+00 1.319902300512321713e-01 -9.322500000000287557e+00 4.000000000000000000e+02 -7.930369821736485969e-01 -1.610825126886529546e+01 4.500000000000000111e-01
-8.037825193887613295e+00 1.319199831350760244e-01 -9.325000000000287059e+00 4.000000000000000000e+02 -7.917227997175424470e-01 -1.610943708640918715e+01 2.049999999999999878e-01
-8.037512963122560805e+00 1.318563708265197421e-01 -9.327500000000286562e+00 4.000000000000000000e+02 -7.912392081827711587e-01 -1.611145349487441436e+01 1.094999999999999973e+00
-8.037201458471328053e+00 1.319145341388495429e-01 -9.330000000000286065e+00 4.000000000000000000e+02 -7.909155012917641336e-01 -1.611362978798340606e+01 1.110000000000000098e+00
-8.036890727697254988e+00 1.319271573917037699e-01 -9.332500000000285567e+00 4.000000000000000000e+02 -7.893640817787102026e-01 -1.611457836847035452e+01 1.885000000000000009e+00
-8.036580387922985125e+00 1.321108621156931173e-01 -9.335000000000285070e+00 4.000000000000000000e+02 -7.876317069378427904e-01 -1.611534599362948583e+01 1.229999999999999982e+00
-8.036270382452045169e+00 1.321043594094179763e-01 -9.337500000000284572e+00 4.000000000000000000e+02 -7.876262994611751278e-01 -1.611784058615281623e+01 1.149999999999999911e+00
-8.035961245069563219e+00 1.321180917815064082e-01 -9.340000000000284075e+00 4.000000000000000000e+02 -7.847033062162616091e-01 -1.611741759290790199e+01 1.520000000000000018e+00
-8.035652072493416398e+00 1.317732422031966388e-01 -9.342500000000283578e+00 4.000000000000000000e+02 -7.844205360371877545e-01 -1.611963482272883041e+01 1.800000000000000044e+00
-8.035343679905480485e+00 1.318503850366594676e-01 -9.345000000000283080e+00 4.000000000000000000e+02 -7.843978523301871064e-01 -1.612211213902182649e+01 8.249999999999999556e-01
-8.035036145082132819e+00 1.318144263729286447e-01 -9.347500000000282583e+00 4.000000000000000000e+02 -7.843535287112072263e-01 -1.612456781540284823e+01 1.155000000000000027e+00
-8.034729458739354513e+00 1.317712229344371877e-01 -9.350000000000282085e+00 4.000000000000000000e+02 -7.832424204548850133e-01 -1.612595670714652485e+01 1.850000000000000089e+00
-8.034423291887078378e+00 1.317863797199446685e-01 -9.352500000000281588e+00 4.000000000000000000e+02 -7.804722121556639802e-01 -1.612568649884730476e+01 1.050000000000000044e+00
-8.034117136042235430e+00 1.318973632692766462e-01 -9.355000000000281091e+00 4.000000000000000000e+02 -7.804209603278383645e-01 -1.612813524701947543e+01 8.399999999999999689e-01
-8.033811822338076780e+00 1.318521609437163788e-01 -9.357500000000280593e+00 4.000000000000000000e+02 -7.801978715976638501e-01 -1.613041215828930319e+01 6.300000000000000044e-01
-8.033507295885691235e+00 1.319942689471590713e-01 -9.360000000000280096e+00 4.000000000000000000e+02 -7.793049616897269605e-01 -1.613201924838136492e+01 1.284999999999999920e+00
-8.033203350926676478e+00 1.319701532432140945e-01 -9.362500000000279599e+00 4.000000000000000000e+02 -7.787796193384206589e-01 -1.613399390603005656e+01 1.195000000000000062e+00
-8.032900097644109394e+00 1.320213151848826094e-01 -9.365000000000279101e+00 4.000000000000000000e+02 -7.778817680494842790e-01 -1.613559605474112146e+01 1.245000000000000107e+00
-8.032597421543458793e+00 1.321978150715190647e-01 -9.367500000000278604e+00 4.000000000000000000e+02 -7.762023984907654439e-01 -1.613641668518240380e+01 3.400000000000000244e-01
-8.032295085198599693e+00 1.322827003737600537e-01 -9.370000000000278106e+00 4.000000000000000000e+02 -7.755935735256843655e-01 -1.613830786021731711e+01 1.850000000000000089e+00
-8.031993411205228028e+00 1.322990386717196876e-01 -9.372500000000277609e+00 4.000000000000000000e+02 -7.755025793163041747e-01 -1.614071686600793853e+01 1.925000000000000044e+00
-8.031692553723301486e+00 1.323216823959112998e-01 -9.375000000000277112e+00 4.000000000000000000e+02 -7.753962228523295641e-01 -1.614311050954396265e+01 1.195000000000000062e+00
-8.031392505689540329e+00 1.322888672289769529e-01 -9.377500000000276614e+00 4.000000000000000000e+02 -7.753761263752583233e-01 -1.614559041306689124e+01 6.650000000000000355e-01
-8.031093290491842396e+00 1.322422328463786767e-01 -9.380000000000276117e+00 4.000000000000000000e+02 -7.748138548441942941e-01 -1.614752814153582605e+01 9.949999999999999956e-01
-8.030794743773828515e+00 1.322621425846775556e-01 -9.382500000000275620e+00 4.000000000000000000e+02 -7.743376853119230407e-01 -1.614955197200355741e+01 5.050000000000000044e-01
-8.030496889486300915e+00 1.322011227644494524e-01 -9.385000000000275122e+00 4.000000000000000000e+02 -7.735795389218844686e-01 -1.615129382561351434e+01 1.020000000000000018e+00
-8.030199642025145579e+00 1.319673936339214038e-01 -9.387500000000274625e+00 4.000000000000000000e+02 -7.724451767493573096e-01 -1.615265946344099035e+01 1.824999999999999956e+00
-8.029902888368402714e+00 1.319619544350860985e-01 -9.390000000000274127e+00 4.000000000000000000e+02 -7.722055839144831291e-01 -1.615491987060611478e+01 4.099999999999999756e-01
-8.029606892476911284e+00 1.320797183842748468e-01 -9.392500000000273630e+00 4.000000000000000000e+02 -7.716254162671498662e-01 -1.615683970295878069e+01 6.049999999999999822e-01
-8.029311551638622646e+00 1.321574284912983011e-01 -9.395000000000273133e+00 4.000000000000000000e+02 -7.710349113202568105e-01 -1.615874919801188625e+01 1.195000000000000062e+00
-8.029016861165237273e+00 1.321351298740213731e-01 -9.397500000000272635e+00 4.000000000000000000e+02 -7.699258439692824307e-01 -1.616014013066091337e+01 6.149999999999999911e-01
-8.028722666937508023e+00 1.322659179869405954e-01 -9.400000000000272138e+00 4.000000000000000000e+02 -7.696094059411010546e-01 -1.616232369263272872e+01 1.354999999999999982e+00
-8.028429200642209551e+00 1.322769521990473929e-01 -9.402500000000271640e+00 4.000000000000000000e+02 -7.696019341883036935e-01 -1.616481622087993486e+01 3.200000000000000067e-01
-8.028136550685099238e+00 1.323420204047883741e-01 -9.405000000000271143e+00 4.000000000000000000e+02 -7.692393179182859253e-01 -1.616695360460991182e+01 8.299999999999999600e-01
-8.027844610910214840e+00 1.322671154399727989e-01 -9.407500000000270646e+00 4.000000000000000000e+02 -7.685540289725045771e-01 -1.616876831566413486e+01 1.499999999999999944e-02
-8.027553285413659978e+00 1.324175162664459615e-01 -9.410000000000270148e+00 4.000000000000000000e+02 -7.685203664465592999e-01 -1.617123465313818542e+01 1.925000000000000044e+00
-8.027262762071407209e+00 1.324672035203378895e-01 -9.412500000000269651e+00 4.000000000000000000e+02 -7.683819113007543944e-01 -1.617359619799238146e+01 7.199999999999999734e-01
-8.026973008084613781e+00 1.324818251443949380e-01 -9.415000000000269154e+00 4.000000000000000000e+02 -7.680072741134633674e-01 -1.617572156080508705e+01 1.695000000000000062e+00
-8.026683952942176958e+00 1.327336481547236047e-01 -9.417500000000268656e+00 4.000000000000000000e+02 -7.677641258302624339e-01 -1.617797841252188817e+01 1.225000000000000089e+00
-8.026395632665284552e+00 1.327324184934723372e-01 -9.420000000000268159e+00 4.000000000000000000e+02 -7.675576268858999018e-01 -1.618027191357752415e+01 9.949999999999999956e-01
-8.026108055712830591e+00 1.328977909022785175e-01 -9.422500000000267661e+00 4.000000000000000000e+02 -7.663541608547318473e-01 -1.618156844754635770e+01 3.150000000000000022e-01
-8.025820933888192954e+00 1.328374535389206523e-01 -9.425000000000267164e+00 4.000000000000000000e+02 -7.662566271651237715e-01 -1.618397091385674713e+01 1.875000000000000000e+00
-8.025534583155028656e+00 1.327620973691763795e-01 -9.427500000000266667e+00 4.000000000000000000e+02 -7.653892618264581671e-01 -1.618560354851808114e+01 3.500000000000000333e-02
-8.025248781319390901e+00 1.330808515932110081e-01 -9.430000000000266169e+00 4.000000000000000000e+02 -7.637996229580015228e-01 -1.618651390964962289e+01 1.540000000000000036e+00
-8.024963321096182156e+00 1.331711942392104497e-01 -9.432500000000265672e+00 4.000000000000000000e+02 -7.617210018861322318e-01 -1.618693528857775732e+01 1.534999999999999920e+00
-8.024678062547375035e+00 1.330205347171319885e-01 -9.435000000000265175e+00 4.000000000000000000e+02 -7.600549948168964232e-01 -1.618776928150851901e+01 1.649999999999999911e+00
-8.024393123050554522e+00 1.329537439948584865e-01 -9.437500000000264677e+00 4.000000000000000000e+02 -7.579888079116483546e-01 -1.618820309460327067e+01 9.000000000000000222e-01
-8.024108388252010116e+00 1.331495125983774286e-01 -9.440000000000264180e+00 4.000000000000000000e+02 -7.565681245894629869e-01 -1.618928241128108425e+01 1.350000000000000089e+00
-8.023824041526438577e+00 1.333122299341119310e-01 -9.442500000000263682e+00 4.000000000000000000e+02 -7.553766971730487834e-01 -1.619059098386466999e+01 1.304999999999999938e+00
-8.023540147317461901e+00 1.333031547899714564e-01 -9.445000000000263185e+00 4.000000000000000000e+02 -7.543157124395191149e-01 -1.619202999913114027e+01 1.864999999999999991e+00
-8.023256741742146758e+00 1.332524909937124469e-01 -9.447500000000262688e+00 4.000000000000000000e+02 -7.540834013240893530e-01 -1.619429768801570901e+01 1.799999999999999933e-01
-8.022974058137744890e+00 1.332193216235432465e-01 -9.450000000000262190e+00 4.000000000000000000e+02 -7.538373134291592725e-01 -1.619655160012077744e+01 1.064999999999999947e+00
-8.022692090577736579e+00 1.334443254686364655e-01 -9.452500000000261693e+00 4.000000000000000000e+02 -7.517844147737666738e-01 -1.619699870146538601e+01 1.304999999999999938e+00
-8.022410328487639575e+00 1.336705182223179300e-01 -9.455000000000261196e+00 4.000000000000000000e+02 -7.516866678808941105e-01 -1.619940095457251061e+01 8.149999999999999467e-01
-8.022129321531179968e+00 1.337487691144428614e-01 -9.457500000000260698e+00 4.000000000000000000e+02 -7.505356597645828076e-01 -1.620074994645620237e+01 2.250000000000000056e-01
-8.021848772178440612e+00 1.338642441450582088e-01 -9.460000000000260201e+00 4.000000000000000000e+02 -7.501787631266368939e-01 -1.620289304981825396e+01 1.564999999999999947e+00
-8.021568901861554579e+00 1.338597091979626397e-01 -9.462500000000259703e+00 4.000000000000000000e+02 -7.478478476129866159e-01 -1.620306213430460573e+01 8.399999999999999689e-01
-8.021289157148020266e+00 1.338246554196770577e-01 -9.465000000000259206e+00 4.000000000000000000e+02 -7.451084558378011646e-01 -1.620282274252941690e+01 9.749999999999999778e-01
-8.021009423721201514e+00 1.338983860997452202e-01 -9.467500000000258709e+00 4.000000000000000000e+02 -7.437100632443583992e-01 -1.620392434993597419e+01 1.030000000000000027e+00
-8.020730076380901963e+00 1.340395630493583234e-01 -9.470000000000258211e+00 4.000000000000000000e+02 -7.435200803544246284e-01 -1.620623436704604003e+01 1.985000000000000098e+00
-8.020451451336366944e+00 1.340697034124180564e-01 -9.472500000000257714e+00 4.000000000000000000e+02 -7.425630719921257894e-01 -1.620777735868374236e+01 2.000000000000000111e-01
-8.020173333307354824e+00 1.340618999540442169e-01 -9.475000000000257216e+00 4.000000000000000000e+02 -7.424593987115308824e-01 -1.621017368540314507e+01 1.129999999999999893e+00
-8.019895957992879687e+00 1.340166243237858601e-01 -9.477500000000256719e+00 4.000000000000000000e+02 -7.424279985859996156e-01 -1.621264228527761375e+01 7.099999999999999645e-01
-8.019619343194145600e+00 1.340087825979661973e-01 -9.480000000000256222e+00 4.000000000000000000e+02 -7.423518959672039674e-01 -1.621506618265881627e+01 1.850000000000000089e+00
-8.019343474286419138e+00 1.338433163865364595e-01 -9.482500000000255724e+00 4.000000000000000000e+02 -7.420354323127610341e-01 -1.621724971900437495e+01 9.599999999999999645e-01
-8.019068282925266189e+00 1.339114656511177504e-01 -9.485000000000255227e+00 4.000000000000000000e+02 -7.419563132768741687e-01 -1.621967059996848448e+01 1.885000000000000009e+00
-8.018793832399001786e+00 1.338946208433514085e-01 -9.487500000000254730e+00 4.000000000000000000e+02 -7.413066610258556288e-01 -1.622152094771746889e+01 5.500000000000000028e-02
-8.018519964325879101e+00 1.338333043808928313e-01 -9.490000000000254232e+00 4.000000000000000000e+02 -7.407135942364240222e-01 -1.622342788092803545e+01 7.449999999999999956e-01
-8.018246692772320827e+00 1.337377756308278653e-01 -9.492500000000253735e+00 4.000000000000000000e+02 -7.395768950987431367e-01 -1.622479118179035495e+01 4.249999999999999889e-01
-8.017973868020735750e+00 1.336271637971236104e-01 -9.495000000000253237e+00 4.000000000000000000e+02 -7.388921853872126855e-01 -1.622660647207882079e+01 1.705000000000000071e+00
-8.017701612286780133e+00 1.336006162686507182e-01 -9.497500000000252740e+00 4.000000000000000000e+02 -7.386991296975374821e-01 -1.622891341638914753e+01 1.729999999999999982e+00
-8.017430057754832973e+00 1.337002246156054341e-01 -9.500000000000252243e+00 4.000000000000000000e+02 -7.382145648942012306e-01 -1.623092885158580856e+01 5.749999999999999556e-01
-8.017159123471666149e+00 1.337854345944107515e-01 -9.502500000000251745e+00 4.000000000000000000e+02 -7.378232128321483563e-01 -1.623303749952375696e+01 1.004999999999999893e+00
-8.016888833045422658e+00 1.337338864759192447e-01 -9.505000000000251248e+00 4.000000000000000000e+02 -7.373967210920313597e-01 -1.623511100778364025e+01 7.199999999999999734e-01
-8.016619175298391298e+00 1.337448039235187014e-01 -9.507500000000250751e+00 4.000000000000000000e+02 -7.353328238293069807e-01 -1.623554711052091548e+01 7.449999999999999956e-01
-8.016349707772368660e+00 1.337362536661234613e-01 -9.510000000000250253e+00 4.000000000000000000e+02 -7.352819133705922328e-01 -1.623799620006219868e+01 1.659999999999999920e+00
-8.016080971716048609e+00 1.336937623791770169e-01 -9.512500000000249756e+00 4.000000000000000000e+02 -7.342714853280836174e-01 -1.623948577201969101e+01 6.049999999999999822e-01
-8.015812707701995166e+00 1.336807344806167364e-01 -9.515000000000249258e+00 4.000000000000000000e+02 -7.340741079566635019e-01 -1.624178839464826751e+01 1.159999999999999920e+00
-8.015545132386389326e+00 1.337485248643806024e-01 -9.517500000000248761e+00 4.000000000000000000e+02 -7.337867175267286379e-01 -1.624400100421833670e+01 1.639999999999999902e+00
-8.015278219796297066e+00 1.337598539642507467e-01 -9.520000000000248264e+00 4.000000000000000000e+02 -7.335216422934389691e-01 -1.624623592898504398e+01 1.665000000000000036e+00
-8.015011974054685240e+00 1.338074894259516090e-01 -9.522500000000247766e+00 4.000000000000000000e+02 -7.333222077335409539e-01 -1.624853649442514580e+01 2.500000000000000139e-02
-8.014746410748667671e+00 1.337169834346338126e-01 -9.525000000000247269e+00 4.000000000000000000e+02 -7.323834713505530392e-01 -1.625009775804215550e+01 2.250000000000000056e-01
-8.014481332073749797e+00 1.338371313498331328e-01 -9.527500000000246771e+00 4.000000000000000000e+02 -7.304799965974148046e-01 -1.625069428328901822e+01 1.739999999999999991e+00
-8.014216481663064329e+00 1.338495115491731280e-01 -9.530000000000246274e+00 4.000000000000000000e+02 -7.304392623381855687e-01 -1.625315354902978981e+01 1.719999999999999973e+00
-8.013952351658705453e+00 1.340704544320888425e-01 -9.532500000000245777e+00 4.000000000000000000e+02 -7.292144936489651785e-01 -1.625442878034056804e+01 7.950000000000000400e-01
-8.013688627879504978e+00 1.341050865416198445e-01 -9.535000000000245279e+00 4.000000000000000000e+02 -7.288516895830707831e-01 -1.625656597627467193e+01 1.409999999999999920e+00
-8.013425536437241092e+00 1.340576453258648937e-01 -9.537500000000244782e+00 4.000000000000000000e+02 -7.280490363942794252e-01 -1.625826332308588107e+01 1.685000000000000053e+00
-8.013162960196620332e+00 1.339415505262830375e-01 -9.540000000000244285e+00 4.000000000000000000e+02 -7.280167226667240143e-01 -1.626073100935832372e+01 2.750000000000000222e-01
-8.012901099786562398e+00 1.339652518124174740e-01 -9.542500000000243787e+00 4.000000000000000000e+02 -7.279989928111478825e-01 -1.626321327950275020e+01 7.600000000000000089e-01
-8.012639956876931535e+00 1.339275216456985718e-01 -9.545000000000243290e+00 4.000000000000000000e+02 -7.274737486425406630e-01 -1.626518803533414115e+01 1.610000000000000098e+00
-8.012379397128153613e+00 1.340627677627379555e-01 -9.547500000000242792e+00 4.000000000000000000e+02 -7.274087994065325802e-01 -1.626762308609813346e+01 1.764999999999999902e+00
-8.012119538710042121e+00 1.342089385428238690e-01 -9.550000000000242295e+00 4.000000000000000000e+02 -7.266383801834050971e-01 -1.626935266687500459e+01 1.495000000000000107e+00
-8.011860196683587176e+00 1.343296973123199456e-01 -9.552500000000241798e+00 4.000000000000000000e+02 -7.263106489817648947e-01 -1.627152493567336577e+01 9.399999999999999467e-01
-8.011601484428453546e+00 1.344489081077341053e-01 -9.555000000000241300e+00 4.000000000000000000e+02 -7.250505592024388823e-01 -1.627276484589403793e+01 2.049999999999999878e-01
-8.011343159544912496e+00 1.344040970222802334e-01 -9.557500000000240803e+00 4.000000000000000000e+02 -7.248179791534909988e-01 -1.627503226584509122e+01 5.500000000000000028e-02
-8.011085486216879659e+00 1.344148532371655103e-01 -9.560000000000240306e+00 4.000000000000000000e+02 -7.226695128879868646e-01 -1.627538379957958270e+01 1.594999999999999973e+00
-8.010827969797247761e+00 1.345403251867896000e-01 -9.562500000000239808e+00 4.000000000000000000e+02 -7.225632496110808711e-01 -1.627777753630267910e+01 1.284999999999999920e+00
-8.010571135127021236e+00 1.343233757581429322e-01 -9.565000000000239311e+00 4.000000000000000000e+02 -7.210245245939420622e-01 -1.627873881128553890e+01 5.649999999999999467e-01
-8.010314613079019708e+00 1.343028906629406549e-01 -9.567500000000238813e+00 4.000000000000000000e+02 -7.195590496191536234e-01 -1.627977333631075041e+01 1.169999999999999929e+00
-8.010058421956971486e+00 1.344864575559806263e-01 -9.570000000000238316e+00 4.000000000000000000e+02 -7.192848865999502683e-01 -1.628199917329154545e+01 1.729999999999999982e+00
-8.009802865838869579e+00 1.343796382197585126e-01 -9.572500000000237819e+00 4.000000000000000000e+02 -7.190598022246255105e-01 -1.628427408891622008e+01 1.104999999999999982e+00
-8.009547955498481642e+00 1.343929747199933966e-01 -9.575000000000237321e+00 4.000000000000000000e+02 -7.189613006432374887e-01 -1.628667558733483034e+01 1.745000000000000107e+00
-8.009293721319606263e+00 1.342660165654063209e-01 -9.577500000000236824e+00 4.000000000000000000e+02 -7.168704767963188784e-01 -1.628708476348791478e+01 1.959999999999999964e+00
-8.009039655724961904e+00 1.343308414595509037e-01 -9.580000000000236327e+00 4.000000000000000000e+02 -7.159440980233775509e-01 -1.628865838471497085e+01 7.500000000000000000e-01
-8.008786053999749299e+00 1.342996230394206403e-01 -9.582500000000235829e+00 4.000000000000000000e+02 -7.157244289726540920e-01 -1.629093871566424667e+01 6.800000000000000488e-01
-8.008533093989589347e+00 1.341766756259570315e-01 -9.585000000000235332e+00 4.000000000000000000e+02 -7.154834679376433915e-01 -1.629319775462923658e+01 1.985000000000000098e+00
-8.008280768537215266e+00 1.341742459390112552e-01 -9.587500000000234834e+00 4.000000000000000000e+02 -7.137892272370394142e-01 -1.629400351392863300e+01 1.360000000000000098e+00
-8.008028709891732433e+00 1.339666922894782453e-01 -9.590000000000234337e+00 4.000000000000000000e+02 -7.135085360717846603e-01 -1.629622282276337586e+01 1.600000000000000033e-01
-8.007777273328470002e+00 1.340278638132283429e-01 -9.592500000000233840e+00 4.000000000000000000e+02 -7.129499796881616502e-01 -1.629816426637975368e+01 1.629999999999999893e+00
-8.007526387462275963e+00 1.340656643224591160e-01 -9.595000000000233342e+00 4.000000000000000000e+02 -7.124178775251851503e-01 -1.630013216421677313e+01 1.885000000000000009e+00
-8.007276057570862804e+00 1.341105723954260087e-01 -9.597500000000232845e+00 4.000000000000000000e+02 -7.123449331565303577e-01 -1.630255921984812062e+01 1.725000000000000089e+00
-8.007026396929099121e+00 1.339095362284181412e-01 -9.600000000000232347e+00 4.000000000000000000e+02 -7.121848915269172187e-01 -1.630489917821850554e+01 7.199999999999999734e-01
-8.006777381896487356e+00 1.337039837471545867e-01 -9.602500000000231850e+00 4.000000000000000000e+02 -7.117154891620500745e-01 -1.630692977585363934e+01 4.400000000000000022e-01
-8.006528933804739623e+00 1.336461369016057055e-01 -9.605000000000231353e+00 4.000000000000000000e+02 -7.114427760765376085e-01 -1.630915706276812571e+01 9.949999999999999956e-01
-8.006281099967736736e+00 1.335667032175300861e-01 -9.607500000000230855e+00 4.000000000000000000e+02 -7.072541580931847038e-01 -1.630746844478477442e+01 1.639999999999999902e+00
-8.006032908842652063e+00 1.337139454357318402e-01 -9.610000000000230358e+00 4.000000000000000000e+02 -7.069051976329949749e-01 -1.630961948432458186e+01 5.200000000000000178e-01
-8.005785312397941667e+00 1.336474091885765936e-01 -9.612500000000229861e+00 4.000000000000000000e+02 -7.053320313217182891e-01 -1.631054631801330501e+01 8.449999999999999734e-01
-8.005538006531336848e+00 1.337417878511210634e-01 -9.615000000000229363e+00 4.000000000000000000e+02 -7.053155157951737086e-01 -1.631302980248675993e+01 1.849999999999999978e-01
-8.005291375000776810e+00 1.337804946188220212e-01 -9.617500000000228866e+00 4.000000000000000000e+02 -7.036652619173286993e-01 -1.631387954860891654e+01 1.165000000000000036e+00
-8.005045013690050837e+00 1.337322105706537367e-01 -9.620000000000228368e+00 4.000000000000000000e+02 -7.031466075451836550e-01 -1.631586089423676711e+01 5.100000000000000089e-01
-8.004799200521901525e+00 1.338678984120942883e-01 -9.622500000000227871e+00 4.000000000000000000e+02 -7.027664586003640190e-01 -1.631798074529195119e+01 1.405000000000000027e+00
-8.004553968106668194e+00 1.337907748782723449e-01 -9.625000000000227374e+00 4.000000000000000000e+02 -7.022157211086084150e-01 -1.631993000780019187e+01 1.929999999999999938e+00
-8.004309273196895447e+00 1.338393372543627557e-01 -9.627500000000226876e+00 4.000000000000000000e+02 -7.011460409510675840e-01 -1.632136032764265110e+01 1.040000000000000036e+00
-8.004064987761614347e+00 1.338473181274150992e-01 -9.630000000000226379e+00 4.000000000000000000e+02 -7.008062318605617902e-01 -1.632352051855214370e+01 4.249999999999999889e-01
-8.003821288927801092e+00 1.338705036276457427e-01 -9.632500000000225882e+00 4.000000000000000000e+02 -7.003862895895286433e-01 -1.632560057628111139e+01 1.659999999999999920e+00
-8.003578155664536453e+00 1.337732976151162212e-01 -9.635000000000225384e+00 4.000000000000000000e+02 -6.999371513245182808e-01 -1.632765143801610108e+01 2.949999999999999845e-01
-8.003335579440951975e+00 1.337018797364831757e-01 -9.637500000000224887e+00 4.000000000000000000e+02 -6.998692177366573342e-01 -1.633008350442824153e+01 9.649999999999999689e-01
-8.003093651076818915e+00 1.337582699685077314e-01 -9.640000000000224389e+00 4.000000000000000000e+02 -6.998352814928975318e-01 -1.633254956818447923e+01 1.074999999999999956e+00
-8.002852376887611641e+00 1.338305986241743184e-01 -9.642500000000223892e+00 4.000000000000000000e+02 -6.994536851587275228e-01 -1.633466797185030828e+01 1.749999999999999889e-01
-8.002611671288143214e+00 1.337619917855319973e-01 -9.645000000000223395e+00 4.000000000000000000e+02 -6.992117773284903803e-01 -1.633692606402006930e+01 1.885000000000000009e+00
-8.002371566340320541e+00 1.336644592975262946e-01 -9.647500000000222897e+00 4.000000000000000000e+02 -6.961579888362923185e-01 -1.633637227552787152e+01 7.750000000000000222e-01
-8.002131386072758090e+00 1.336354405229105979e-01 -9.650000000000222400e+00 4.000000000000000000e+02 -6.952231981210583722e-01 -1.633793748481263819e+01 1.155000000000000027e+00
-8.001891638981023291e+00 1.336616873244306503e-01 -9.652500000000221902e+00 4.000000000000000000e+02 -6.943593511175129018e-01 -1.633957363780909233e+01 1.709999999999999964e+00
-8.001652341155550019e+00 1.336686891776215635e-01 -9.655000000000221405e+00 4.000000000000000000e+02 -6.942050152666103813e-01 -1.634191930195818898e+01 4.799999999999999822e-01
-8.001413661033328850e+00 1.337341175963276951e-01 -9.657500000000220908e+00 4.000000000000000000e+02 -6.932078754624768635e-01 -1.634342216215405585e+01 1.320000000000000062e+00
-8.001175396170946641e+00 1.337832917559979573e-01 -9.660000000000220410e+00 4.000000000000000000e+02 -6.930107954900276424e-01 -1.634572508218160536e+01 2.700000000000000178e-01
-8.000937735943120188e+00 1.339708089156576298e-01 -9.662500000000219913e+00 4.000000000000000000e+02 -6.927626244725184623e-01 -1.634797691116409624e+01 1.810000000000000053e+00
-8.000700666561982644e+00 1.339539963970741154e-01 -9.665000000000219416e+00 4.000000000000000000e+02 -6.923390457209357418e-01 -1.635005333241251080e+01 8.850000000000000089e-01
-8.000464144939918754e+00 1.340452984214983712e-01 -9.667500000000218918e+00 4.000000000000000000e+02 -6.921762232761315969e-01 -1.635239050996770871e+01 1.870000000000000107e+00
-8.000228231198972750e+00 1.339817959009219350e-01 -9.670000000000218421e+00 4.000000000000000000e+02 -6.913108496225436328e-01 -1.635402513631411736e+01 1.955000000000000071e+00
-7.999992758279768523e+00 1.339325388475004763e-01 -9.672500000000217923e+00 4.000000000000000000e+02 -6.899600136294062880e-01 -1.635517430032098218e+01 3.800000000000000044e-01
-7.999757611141136593e+00 1.339954187006386355e-01 -9.675000000000217426e+00 4.000000000000000000e+02 -6.899029556207857405e-01 -1.635761724231235803e+01 5.999999999999999778e-02
-7.999523092831257287e+00 1.339548352313031376e-01 -9.677500000000216929e+00 4.000000000000000000e+02 -6.898549648699739967e-01 -1.636006925156154779e+01 8.499999999999999778e-01
-7.999289203642153012e+00 1.339917381851585820e-01 -9.680000000000216431e+00 4.000000000000000000e+02 -6.896454535943072894e-01 -1.636235974028587847e+01 4.299999999999999933e-01
-7.999055904064370282e+00 1.340956040583722586e-01 -9.682500000000215934e+00 4.000000000000000000e+02 -6.891501928149922351e-01 -1.636436447950656614e+01 4.699999999999999734e-01
-7.998823125975554227e+00 1.341050121566671194e-01 -9.685000000000215437e+00 4.000000000000000000e+02 -6.879508448887141636e-01 -1.636566513158028613e+01 7.349999999999999867e-01
-7.998590704520696981e+00 1.341076110021521550e-01 -9.687500000000214939e+00 4.000000000000000000e+02 -6.874338004996445317e-01 -1.636764808719121689e+01 1.499999999999999944e-01
-7.998358797337436599e+00 1.340761746180336167e-01 -9.690000000000214442e+00 4.000000000000000000e+02 -6.858620016728852464e-01 -1.636857628836445500e+01 1.120000000000000107e+00
-7.998127159004502218e+00 1.340340918637902279e-01 -9.692500000000213944e+00 4.000000000000000000e+02 -6.857485423157498872e-01 -1.637096282900732191e+01 1.034999999999999920e+00
-7.997896126278988937e+00 1.341539851233942982e-01 -9.695000000000213447e+00 4.000000000000000000e+02 -6.856173924735345926e-01 -1.637333167916510490e+01 1.564999999999999947e+00
-7.997665693362249861e+00 1.341503359978766519e-01 -9.697500000000212950e+00 4.000000000000000000e+02 -6.848746364500403194e-01 -1.637508892314161102e+01 1.975000000000000089e+00
-7.997435717964181734e+00 1.340810616156836999e-01 -9.700000000000212452e+00 4.000000000000000000e+02 -6.847828879119599588e-01 -1.637749717460352983e+01 1.294999999999999929e+00
-7.997206348424261257e+00 1.341363179580717102e-01 -9.702500000000211955e+00 4.000000000000000000e+02 -6.844308491782669090e-01 -1.637964513586983628e+01 1.060000000000000053e+00
-7.996977523461654691e+00 1.339166681768759748e-01 -9.705000000000211458e+00 4.000000000000000000e+02 -6.841739629327657779e-01 -1.638188824962433188e+01 1.820000000000000062e+00
-7.996749263377321171e+00 1.339546372144719555e-01 -9.707500000000210960e+00 4.000000000000000000e+02 -6.828687720359066793e-01 -1.638308305872747539e+01 9.449999999999999512e-01
-7.996521327854870798e+00 1.338825956913702875e-01 -9.710000000000210463e+00 4.000000000000000000e+02 -6.824088186071530782e-01 -1.638512310529872096e+01 3.150000000000000022e-01
-7.996293908641614934e+00 1.338172535520438799e-01 -9.712500000000209965e+00 4.000000000000000000e+02 -6.823404156709462764e-01 -1.638755470236251455e+01 1.379999999999999893e+00
-7.996067093268009351e+00 1.337476835357310490e-01 -9.715000000000209468e+00 4.000000000000000000e+02 -6.822350123159433011e-01 -1.638994929900750819e+01 5.150000000000000133e-01
-7.995840871625155444e+00 1.338825085512071744e-01 -9.717500000000208971e+00 4.000000000000000000e+02 -6.821513074880073413e-01 -1.639236559417957295e+01 1.169999999999999929e+00
-7.995615246920306340e+00 1.338580601030950334e-01 -9.720000000000208473e+00 4.000000000000000000e+02 -6.818634933619398542e-01 -1.639457778005350619e+01 3.400000000000000244e-01
-7.995390171514040745e+00 1.338969417237271808e-01 -9.722500000000207976e+00 4.000000000000000000e+02 -6.808903321696471167e-01 -1.639610461886121229e+01 1.320000000000000062e+00
-7.995165490031123312e+00 1.338751001294780918e-01 -9.725000000000207478e+00 4.000000000000000000e+02 -6.804984455483943373e-01 -1.639821273223995846e+01 1.499999999999999944e-01
-7.994941332014467328e+00 1.339472494314123130e-01 -9.727500000000206981e+00 4.000000000000000000e+02 -6.802263393353334964e-01 -1.640044062602689934e+01 1.260000000000000009e+00
-7.994717722910176683e+00 1.339582810835203142e-01 -9.730000000000206484e+00 4.000000000000000000e+02 -6.792749741342538616e-01 -1.640198926082581821e+01 1.629999999999999893e+00
-7.994494509700618146e+00 1.340264817832002298e-01 -9.732500000000205986e+00 4.000000000000000000e+02 -6.790754730787132987e-01 -1.640428975977027903e+01 1.395000000000000018e+00
-7.994271859044081552e+00 1.340440105373832402e-01 -9.735000000000205489e+00 4.000000000000000000e+02 -6.787943822546488315e-01 -1.640650866894620918e+01 1.485000000000000098e+00
-7.994049751279058036e+00 1.339944255054013045e-01 -9.737500000000204992e+00 4.000000000000000000e+02 -6.782867319049961097e-01 -1.640850101859656007e+01 5.500000000000000444e-01
-7.993828134763598214e+00 1.338923229887118149e-01 -9.740000000000204494e+00 4.000000000000000000e+02 -6.775065547756087270e-01 -1.641022084146716864e+01 8.000000000000000167e-02
-7.993606948038250337e+00 1.338490138550347264e-01 -9.742500000000203997e+00 4.000000000000000000e+02 -6.770195768551984239e-01 -1.641223386354675995e+01 1.364999999999999991e+00
-7.993386254884129016e+00 1.337401247067003529e-01 -9.745000000000203499e+00 4.000000000000000000e+02 -6.769181164093476255e-01 -1.641463240310090654e+01 1.405000000000000027e+00
-7.993166138956845579e+00 1.337508364151158979e-01 -9.747500000000203002e+00 4.000000000000000000e+02 -6.767766264052345049e-01 -1.641699091309679659e+01 9.949999999999999956e-01
-7.992946589832794047e+00 1.336531926631341349e-01 -9.750000000000202505e+00 4.000000000000000000e+02 -6.760304603797510081e-01 -1.641874474707130815e+01 5.500000000000000444e-01
-7.992727473488649537e+00 1.336593824885439485e-01 -9.752500000000202007e+00 4.000000000000000000e+02 -6.751865722814193171e-01 -1.642040085897297885e+01 4.400000000000000022e-01
-7.992508767607756859e+00 1.337051953747815658e-01 -9.755000000000201510e+00 4.000000000000000000e+02 -6.751774195492795672e-01 -1.642289170624083638e+01 1.770000000000000018e+00
-7.992290653455428995e+00 1.339344264939930085e-01 -9.757500000000201013e+00 4.000000000000000000e+02 -6.749918417422939854e-01 -1.642520612843385308e+01 1.235000000000000098e+00
-7.992073090926236745e+00 1.339855851718450286e-01 -9.760000000000200515e+00 4.000000000000000000e+02 -6.749451447995591380e-01 -1.642765943149111507e+01 1.604999999999999982e+00
-7.991856108639059819e+00 1.341571023782525962e-01 -9.762500000000200018e+00 4.000000000000000000e+02 -6.748612104159931180e-01 -1.643007549710755200e+01 6.500000000000000222e-02
-7.991639696863401809e+00 1.341675978516278511e-01 -9.765000000000199520e+00 4.000000000000000000e+02 -6.737212558410533569e-01 -1.643143554253260774e+01 1.524999999999999911e+00
-7.991423625946045384e+00 1.342796470731745240e-01 -9.767500000000199023e+00 4.000000000000000000e+02 -6.736089555924599237e-01 -1.643382324228401714e+01 4.000000000000000083e-02
-7.991208116835462505e+00 1.343119040885153714e-01 -9.770000000000198526e+00 4.000000000000000000e+02 -6.734497636781424657e-01 -1.643616405036969752e+01 9.499999999999999556e-01
-7.990993157871843167e+00 1.343033581974544255e-01 -9.772500000000198028e+00 4.000000000000000000e+02 -6.732443357364876757e-01 -1.643845862242804401e+01 1.879999999999999893e+00
-7.990778737620341410e+00 1.341937760442651895e-01 -9.775000000000197531e+00 4.000000000000000000e+02 -6.723415555987726222e-01 -1.644005584229032735e+01 1.695000000000000062e+00
-7.990564705427982695e+00 1.342601276651248232e-01 -9.777500000000197034e+00 4.000000000000000000e+02 -6.716541900877730509e-01 -1.644186847677932661e+01 4.550000000000000155e-01
-7.990351106522002311e+00 1.341541063847431214e-01 -9.780000000000196536e+00 4.000000000000000000e+02 -6.715610116242577421e-01 -1.644427529831581225e+01 1.629999999999999893e+00
-7.990138066542713524e+00 1.342300762034858708e-01 -9.782500000000196039e+00 4.000000000000000000e+02 -6.709335709216243115e-01 -1.644614785761317677e+01 1.820000000000000062e+00
-7.989925470369263039e+00 1.342573714210209268e-01 -9.785000000000195541e+00 4.000000000000000000e+02 -6.707648698568750012e-01 -1.644847915654842652e+01 8.299999999999999600e-01
-7.989713414273598602e+00 1.344219281368728425e-01 -9.787500000000195044e+00 4.000000000000000000e+02 -6.705129788578151340e-01 -1.645072726554936793e+01 1.245000000000000107e+00
-7.989501879174632393e+00 1.345343635384313730e-01 -9.790000000000194547e+00 4.000000000000000000e+02 -6.691797356212078052e-01 -1.645189402231275722e+01 1.094999999999999973e+00
-7.989290635401167684e+00 1.343371982879254800e-01 -9.792500000000194049e+00 4.000000000000000000e+02 -6.683332061407322167e-01 -1.645354749283228557e+01 1.735000000000000098e+00
-7.989079785128463840e+00 1.343775591193352714e-01 -9.795000000000193552e+00 4.000000000000000000e+02 -6.670261593237729603e-01 -1.645474044601532171e+01 5.500000000000000028e-02
-7.988869230609304317e+00 1.343784623877156414e-01 -9.797500000000193054e+00 4.000000000000000000e+02 -6.664321269239799062e-01 -1.645664641361553038e+01 8.149999999999999467e-01
-7.988659121215403225e+00 1.344310782290316364e-01 -9.800000000000192557e+00 4.000000000000000000e+02 -6.661356817764247928e-01 -1.645884996846797321e+01 1.000000000000000021e-02
-7.988449518290420492e+00 1.343680854590554030e-01 -9.802500000000192060e+00 4.000000000000000000e+02 -6.658824643692421441e-01 -1.646109675106079351e+01 1.790000000000000036e+00
-7.988240429545434118e+00 1.341861966950012863e-01 -9.805000000000191562e+00 4.000000000000000000e+02 -6.644353682204278133e-01 -1.646214965491197546e+01 8.649999999999999911e-01
-7.988031604474934433e+00 1.342916633426242123e-01 -9.807500000000191065e+00 4.000000000000000000e+02 -6.637089373436396711e-01 -1.646392322403518804e+01 5.150000000000000133e-01
-7.987823192924890847e+00 1.343690272438815003e-01 -9.810000000000190568e+00 4.000000000000000000e+02 -6.633733139486039931e-01 -1.646608760064015087e+01 6.999999999999999556e-01
-7.987615275253731717e+00 1.344068566668321640e-01 -9.812500000000190070e+00 4.000000000000000000e+02 -6.623579302820422621e-01 -1.646757221697358986e+01 1.195000000000000062e+00
-7.987407709156172153e+00 1.345062814844876220e-01 -9.815000000000189573e+00 4.000000000000000000e+02 -6.623554868578110932e-01 -1.647006977354935842e+01 1.465000000000000080e+00
-7.987200703733568830e+00 1.345991815141682757e-01 -9.817500000000189075e+00 4.000000000000000000e+02 -6.622380216772236761e-01 -1.647245230836876928e+01 3.049999999999999933e-01
-7.986994233611112826e+00 1.345732006665634195e-01 -9.820000000000188578e+00 4.000000000000000000e+02 -6.610667721632481619e-01 -1.647378105885479371e+01 3.500000000000000333e-02
-7.986788080190007300e+00 1.346254796008267696e-01 -9.822500000000188081e+00 4.000000000000000000e+02 -6.603736073719306265e-01 -1.647558789406347657e+01 7.750000000000000222e-01
-7.986582341293352094e+00 1.345888280107700175e-01 -9.825000000000187583e+00 4.000000000000000000e+02 -6.585857321096134642e-01 -1.647630001880115813e+01 5.799999999999999600e-01
-7.986376791130911812e+00 1.345480068299365894e-01 -9.827500000000187086e+00 4.000000000000000000e+02 -6.575130292228393847e-01 -1.647772731591438600e+01 7.750000000000000222e-01
-7.986171576292217189e+00 1.345410566898695981e-01 -9.830000000000186589e+00 4.000000000000000000e+02 -6.573379613139197497e-01 -1.648005224800546387e+01 1.499999999999999944e-01
-7.985966879967843823e+00 1.345792441685459140e-01 -9.832500000000186091e+00 4.000000000000000000e+02 -6.570664202562448430e-01 -1.648228070694779035e+01 4.749999999999999778e-01
-7.985762681045189382e+00 1.344928631740502367e-01 -9.835000000000185594e+00 4.000000000000000000e+02 -6.569399118171399543e-01 -1.648465419850868230e+01 1.540000000000000036e+00
-7.985559007752807581e+00 1.343898335213178641e-01 -9.837500000000185096e+00 4.000000000000000000e+02 -6.569270864212640726e-01 -1.648714137311280581e+01 2.700000000000000178e-01
-7.985355881721988958e+00 1.343295370099101549e-01 -9.840000000000184599e+00 4.000000000000000000e+02 -6.562440193837727476e-01 -1.648895830607531465e+01 1.544999999999999929e+00
-7.985153165562027588e+00 1.342323782421526723e-01 -9.842500000000184102e+00 4.000000000000000000e+02 -6.561887359111423512e-01 -1.649140302260268598e+01 2.500000000000000139e-02
-7.984950985315494520e+00 1.343385727830046505e-01 -9.845000000000183604e+00 4.000000000000000000e+02 -6.557150028231120142e-01 -1.649342928951465126e+01 8.549999999999999822e-01
-7.984749255069928608e+00 1.343676655601030168e-01 -9.847500000000183107e+00 4.000000000000000000e+02 -6.540886322063659275e-01 -1.649430291889790823e+01 3.750000000000000000e-01
-7.984547741618481353e+00 1.341507325989983734e-01 -9.850000000000182609e+00 4.000000000000000000e+02 -6.540071181859489213e-01 -1.649672140487748706e+01 1.530000000000000027e+00
-7.984346755388147976e+00 1.341268502692089803e-01 -9.852500000000182112e+00 4.000000000000000000e+02 -6.530434121666521818e-01 -1.649825769885819327e+01 1.000000000000000021e-02
-7.984146117989093128e+00 1.341332966362495660e-01 -9.855000000000181615e+00 4.000000000000000000e+02 -6.522882604379004468e-01 -1.650000254712943715e+01 5.400000000000000355e-01
-7.983945870508730280e+00 1.341602804405172544e-01 -9.857500000000181117e+00 4.000000000000000000e+02 -6.518697476643700028e-01 -1.650208403435591009e+01 1.435000000000000053e+00
-7.983746079373525539e+00 1.340091550895711470e-01 -9.860000000000180620e+00 4.000000000000000000e+02 -6.515779471369359532e-01 -1.650429223382847255e+01 3.099999999999999978e-01
-7.983546768706843544e+00 1.341493212585500860e-01 -9.862500000000180123e+00 4.000000000000000000e+02 -6.511785143803212605e-01 -1.650639280107186124e+01 9.000000000000000222e-01
-7.983347915858122867e+00 1.341943521629211933e-01 -9.865000000000179625e+00 4.000000000000000000e+02 -6.500004691578424865e-01 -1.650771475584937775e+01 1.114999999999999991e+00
-7.983149365166490874e+00 1.340847593010280059e-01 -9.867500000000179128e+00 4.000000000000000000e+02 -6.496383290517168119e-01 -1.650985261574325236e+01 1.044999999999999929e+00
-7.982951277783403299e+00 1.341033379066784159e-01 -9.870000000000178630e+00 4.000000000000000000e+02 -6.496076870113663970e-01 -1.651232197370289967e+01 1.330000000000000071e+00
-7.982753718031366574e+00 1.341115235672047379e-01 -9.872500000000178133e+00 4.000000000000000000e+02 -6.490710337218849046e-01 -1.651428532041342123e+01 1.159999999999999920e+00
-7.982556584684521894e+00 1.343362933676702786e-01 -9.875000000000177636e+00 4.000000000000000000e+02 -6.480687458169765991e-01 -1.651578303250851221e+01 1.030000000000000027e+00
-7.982359785132412178e+00 1.344485502661544041e-01 -9.877500000000177138e+00 4.000000000000000000e+02 -6.472702068184394975e-01 -1.651748449350997561e+01 6.550000000000000266e-01
-7.982163358766126926e+00 1.345605068444889474e-01 -9.880000000000176641e+00 4.000000000000000000e+02 -6.470446065397554847e-01 -1.651975889323128754e+01 7.550000000000000044e-01
-7.981967417088648986e+00 1.345113458222011171e-01 -9.882500000000176144e+00 4.000000000000000000e+02 -6.468613596846877201e-01 -1.652207564637622283e+01 7.049999999999999600e-01
-7.981771967086724651e+00 1.344744910408393612e-01 -9.885000000000175646e+00 4.000000000000000000e+02 -6.464592629787897504e-01 -1.652417354967032281e+01 1.485000000000000098e+00
-7.981576964763466897e+00 1.344670680016760156e-01 -9.887500000000175149e+00 4.000000000000000000e+02 -6.462693962033073669e-01 -1.652648368289484182e+01 7.449999999999999956e-01
-7.981382450288634800e+00 1.344430862805214566e-01 -9.890000000000174651e+00 4.000000000000000000e+02 -6.455659921447800542e-01 -1.652828027883631279e+01 5.799999999999999600e-01
-7.981188322690724313e+00 1.343082457371081728e-01 -9.892500000000174154e+00 4.000000000000000000e+02 -6.447167913173132980e-01 -1.652993107800884687e+01 3.750000000000000000e-01
-7.980994552879172588e+00 1.342866366222379981e-01 -9.895000000000173657e+00 4.000000000000000000e+02 -6.436928907206078687e-01 -1.653140717741213805e+01 5.999999999999999778e-01
-7.980801106336585349e+00 1.342581664902664229e-01 -9.897500000000173159e+00 4.000000000000000000e+02 -6.412399936203071471e-01 -1.653145428031183783e+01 1.100000000000000006e-01
-7.980607706317361050e+00 1.342566146725033271e-01 -9.900000000000172662e+00 4.000000000000000000e+02 -6.409172907572293632e-01 -1.653363157744875878e+01 3.900000000000000133e-01
-7.980414764203791478e+00 1.342404782359925552e-01 -9.902500000000172165e+00 4.000000000000000000e+02 -6.394902035126758255e-01 -1.653470449020420574e+01 1.205000000000000071e+00
-7.980222066148901838e+00 1.342311578727450050e-01 -9.905000000000171667e+00 4.000000000000000000e+02 -6.389061333914873853e-01 -1.653662042008301469e+01 1.810000000000000053e+00
-7.980029773955393146e+00 1.342859251749910499e-01 -9.907500000000171170e+00 4.000000000000000000e+02 -6.386463437598295378e-01 -1.653886063045136012e+01 7.099999999999999645e-01
-7.979837948899890065e+00 1.341478790959013401e-01 -9.910000000000170672e+00 4.000000000000000000e+02 -6.385828813233315193e-01 -1.654129716801485728e+01 9.150000000000000355e-01
-7.979646627320016172e+00 1.341323974226802385e-01 -9.912500000000170175e+00 4.000000000000000000e+02 -6.383388264674807466e-01 -1.654355311315901034e+01 1.195000000000000062e+00
-7.979455773337998714e+00 1.339979685032125778e-01 -9.915000000000169678e+00 4.000000000000000000e+02 -6.376634322229074447e-01 -1.654537771891443398e+01 5.300000000000000266e-01
-7.979265303590532987e+00 1.339776063196835842e-01 -9.917500000000169180e+00 4.000000000000000000e+02 -6.344578032405738810e-01 -1.654467208993209937e+01 1.439999999999999947e+00
-7.979074735704890564e+00 1.340191128243317098e-01 -9.920000000000168683e+00 4.000000000000000000e+02 -6.328765645035550058e-01 -1.654559085119507955e+01 1.485000000000000098e+00
-7.978884379084435707e+00 1.339890694926682280e-01 -9.922500000000168185e+00 4.000000000000000000e+02 -6.323129535608629226e-01 -1.654752724025238919e+01 2.600000000000000089e-01
-7.978694426835502895e+00 1.339131365326632905e-01 -9.925000000000167688e+00 4.000000000000000000e+02 -6.312687760248752999e-01 -1.654898306271639896e+01 1.439999999999999947e+00
-7.978504786918453107e+00 1.339283023237698989e-01 -9.927500000000167191e+00 4.000000000000000000e+02 -6.305877167659758031e-01 -1.655080200345750185e+01 1.975000000000000089e+00
-7.978315527490180692e+00 1.339728392822570890e-01 -9.930000000000166693e+00 4.000000000000000000e+02 -6.296716282863320524e-01 -1.655238591497785450e+01 4.149999999999999800e-01
-7.978126603322205135e+00 1.340116341604723205e-01 -9.932500000000166196e+00 4.000000000000000000e+02 -6.293566815974612760e-01 -1.655457096828898500e+01 1.675000000000000044e+00
-7.977938127081790398e+00 1.340140020779096441e-01 -9.935000000000165699e+00 4.000000000000000000e+02 -6.287306477128566939e-01 -1.655644493440437870e+01 8.999999999999999667e-02
-7.977750039125657722e+00 1.339783568901496968e-01 -9.937500000000165201e+00 4.000000000000000000e+02 -6.285558085803840678e-01 -1.655877009527190680e+01 1.274999999999999911e+00
-7.977562423243550249e+00 1.339268847721311051e-01 -9.940000000000164704e+00 4.000000000000000000e+02 -6.250821558743731021e-01 -1.655779644256589478e+01 1.320000000000000062e+00
-7.977374659844325144e+00 1.339300430464066827e-01 -9.942500000000164206e+00 4.000000000000000000e+02 -6.249037197603286575e-01 -1.656011800645185161e+01 1.584999999999999964e+00
-7.977187366970204252e+00 1.340535273222693280e-01 -9.945000000000163709e+00 4.000000000000000000e+02 -6.233830727564823038e-01 -1.656109735944800221e+01 1.739999999999999991e+00
-7.977000292452706809e+00 1.342543413463932189e-01 -9.947500000000163212e+00 4.000000000000000000e+02 -6.223082232603859287e-01 -1.656252250995190778e+01 6.300000000000000044e-01
-7.976813519270288033e+00 1.342284455839924118e-01 -9.950000000000162714e+00 4.000000000000000000e+02 -6.216236372759316176e-01 -1.656433792396745019e+01 1.645000000000000018e+00
-7.976627119633814544e+00 1.343744094767502228e-01 -9.952500000000162217e+00 4.000000000000000000e+02 -6.216151954546637048e-01 -1.656682948214618278e+01 6.400000000000000133e-01
-7.976441218453588888e+00 1.343664233907390093e-01 -9.955000000000161720e+00 4.000000000000000000e+02 -6.208908489827861255e-01 -1.656860513567430360e+01 4.600000000000000200e-01
-7.976255681537493203e+00 1.343282585045619815e-01 -9.957500000000161222e+00 4.000000000000000000e+02 -6.207988450772764510e-01 -1.657101313176879742e+01 1.199999999999999956e+00
-7.976070625149589866e+00 1.342126040789992092e-01 -9.960000000000160725e+00 4.000000000000000000e+02 -6.180302980216501041e-01 -1.657074458471316802e+01 1.729999999999999982e+00
-7.975885553311989895e+00 1.342943851535605138e-01 -9.962500000000160227e+00 4.000000000000000000e+02 -6.178766711395917710e-01 -1.657309095783110919e+01 1.239999999999999991e+00
-7.975700949337883650e+00 1.342818913031012806e-01 -9.965000000000159730e+00 4.000000000000000000e+02 -6.166420934824085043e-01 -1.657435638017392421e+01 9.899999999999999911e-01
-7.975516612825767737e+00 1.342416669113775107e-01 -9.967500000000159233e+00 4.000000000000000000e+02 -6.163763037674538925e-01 -1.657659059045897010e+01 4.899999999999999911e-01
-7.975332721560501881e+00 1.341850798441636683e-01 -9.970000000000158735e+00 4.000000000000000000e+02 -6.155348417732687816e-01 -1.657824912846478327e+01 1.814999999999999947e+00
-7.975149168758899343e+00 1.341553212359390124e-01 -9.972500000000158238e+00 4.000000000000000000e+02 -6.151396314155720413e-01 -1.658035391810708958e+01 2.000000000000000042e-02
-7.974966035470327341e+00 1.341179102797231404e-01 -9.975000000000157740e+00 4.000000000000000000e+02 -6.149203407558324619e-01 -1.658263462744734795e+01 1.649999999999999911e+00
-7.974783352796796621e+00 1.342810770415600319e-01 -9.977500000000157243e+00 4.000000000000000000e+02 -6.143544690277132903e-01 -1.658456875571922851e+01 5.600000000000000533e-01
-7.974601056383738396e+00 1.343327104147495621e-01 -9.980000000000156746e+00 4.000000000000000000e+02 -6.135855016570427312e-01 -1.658629978834855478e+01 6.199999999999999956e-01
-7.974419108398538292e+00 1.343564095932994196e-01 -9.982500000000156248e+00 4.000000000000000000e+02 -6.126547243152326017e-01 -1.658786901100674527e+01 1.449999999999999956e+00
-7.974237478727581596e+00 1.343166781867484727e-01 -9.985000000000155751e+00 4.000000000000000000e+02 -6.118896150666545131e-01 -1.658960390175816713e+01 3.500000000000000333e-02
-7.974056196788724904e+00 1.340852432486763224e-01 -9.987500000000155254e+00 4.000000000000000000e+02 -6.116974974272481047e-01 -1.659191178411876066e+01 1.449999999999999900e-01
-7.973875365488511946e+00 1.341556457515611367e-01 -9.990000000000154756e+00 4.000000000000000000e+02 -6.111431840360623813e-01 -1.659385747072757411e+01 1.854999999999999982e+00
-7.973694918286065025e+00 1.341822691912547827e-01 -9.992500000000154259e+00 4.000000000000000000e+02 -6.104914862781116724e-01 -1.659570577296962313e+01 6.550000000000000266e-01
-7.973514836761759206e+00 1.341671705547601290e-01 -9.995000000000153761e+00 4.000000000000000000e+02 -6.095210299238259521e-01 -1.659723531661533613e+01 6.850000000000000533e-01
-7.973335062818688534e+00 1.340751511448335931e-01 -9.997500000000153264e+00 4.000000000000000000e+02 -6.086014863536435282e-01 -1.659881577304515332e+01 1.270000000000000018e+00
-7.973155605012461677e+00 1.341351883907813680e-01 -1.000000000000015277e+01 4.000000000000000000e+02 -6.083525986657881690e-01 -1.660106688535729802e+01 6.250000000000000000e-01
-7.972976582822362879e+00 1.341565701199569083e-01 -1.000250000000015227e+01 4.000000000000000000e+02 -6.081658999110411967e-01 -1.660338018660254988e+01 1.250000000000000000e+00
-7.972798006218124733e+00 1.342255580253337299e-01 -1.000500000000015177e+01 4.000000000000000000e+02 -6.077868627350970776e-01 -1.660550114942660471e+01 4.550000000000000155e-01
-7.972619839749508053e+00 1.342879277219114764e-01 -1.000750000000015127e+01 4.000000000000000000e+02 -6.077669973458262875e-01 -1.660798128403733642e+01 1.749999999999999889e-01
-7.972442146230030779e+00 1.343378536214140107e-01 -1.001000000000015078e+01 4.000000000000000000e+02 -6.060784482583370103e-01 -1.660879273494984432e+01 8.449999999999999734e-01
-7.972264628372617068e+00 1.342824995617219463e-01 -1.001250000000015028e+01 4.000000000000000000e+02 -6.052568346493009122e-01 -1.661047112134080805e+01 1.004999999999999893e+00
-7.972087439636659667e+00 1.343401226397518133e-01 -1.001500000000014978e+01 4.000000000000000000e+02 -6.046811601994485086e-01 -1.661239544689095382e+01 1.959999999999999964e+00
-7.971910622841487104e+00 1.343106088218563865e-01 -1.001750000000014929e+01 4.000000000000000000e+02 -6.046597248575911188e-01 -1.661487401154909804e+01 1.064999999999999947e+00
-7.971734274898190975e+00 1.343472220072811085e-01 -1.002000000000014879e+01 4.000000000000000000e+02 -6.045318820298403173e-01 -1.661724616872134419e+01 4.450000000000000067e-01
-7.971558375766863769e+00 1.343675966154271317e-01 -1.002250000000014829e+01 4.000000000000000000e+02 -6.044115677659028796e-01 -1.661962585445741070e+01 1.594999999999999973e+00
-7.971382925547401577e+00 1.343628197433307248e-01 -1.002500000000014779e+01 4.000000000000000000e+02 -6.031117152195556441e-01 -1.662082600191105897e+01 1.064999999999999947e+00
-7.971207716489802309e+00 1.343846875284494535e-01 -1.002750000000014730e+01 4.000000000000000000e+02 -6.025602496034223599e-01 -1.662277453629492641e+01 1.254999999999999893e+00
-7.971032879103955970e+00 1.343882132924644202e-01 -1.003000000000014680e+01 4.000000000000000000e+02 -6.023083888697605692e-01 -1.662502267556126512e+01 1.000000000000000000e+00
-7.970858464795312237e+00 1.344225056412462205e-01 -1.003250000000014630e+01 4.000000000000000000e+02 -6.019889194093628326e-01 -1.662720320610086588e+01 6.800000000000000488e-01
-7.970684460703804319e+00 1.346438065801635608e-01 -1.003500000000014580e+01 4.000000000000000000e+02 -6.011512597994772555e-01 -1.662886554649097803e+01 1.700000000000000122e-01
-7.970510775822821969e+00 1.346302717919880820e-01 -1.003750000000014531e+01 4.000000000000000000e+02 -6.010619457269880117e-01 -1.663127623241849307e+01 2.149999999999999967e-01
-7.970337539189629616e+00 1.346954814004838186e-01 -1.004000000000014481e+01 4.000000000000000000e+02 -6.010147591039848303e-01 -1.663372904579548717e+01 4.849999999999999867e-01
-7.970164756848442167e+00 1.347154024861842991e-01 -1.004250000000014431e+01 4.000000000000000000e+02 -6.010137126193503265e-01 -1.663622799931085439e+01 8.000000000000000167e-02
-7.969992435480186543e+00 1.346999068894956519e-01 -1.004500000000014381e+01 4.000000000000000000e+02 -6.009955242444259271e-01 -1.663870981093592505e+01 5.400000000000000355e-01
-7.969820570830095541e+00 1.346545206575418263e-01 -1.004750000000014332e+01 4.000000000000000000e+02 -5.992123659855256301e-01 -1.663942665267702736e+01 1.104999999999999982e+00
-7.969648858836261951e+00 1.345954605240988478e-01 -1.005000000000014282e+01 4.000000000000000000e+02 -5.989575462868728106e-01 -1.664167183297837127e+01 6.350000000000000089e-01
-7.969477561315210679e+00 1.345902339197174169e-01 -1.005250000000014232e+01 4.000000000000000000e+02 -5.984216667673308843e-01 -1.664363595345882985e+01 1.000000000000000021e-02
-7.969306629164460531e+00 1.347099983505707643e-01 -1.005500000000014182e+01 4.000000000000000000e+02 -5.979449936902355711e-01 -1.664565928038173226e+01 8.599999999999999867e-01
-7.969136071639985275e+00 1.347359086923930194e-01 -1.005750000000014133e+01 4.000000000000000000e+02 -5.975927190783805187e-01 -1.664780700576988082e+01 1.564999999999999947e+00
-7.968965909024532834e+00 1.348136623169438886e-01 -1.006000000000014083e+01 4.000000000000000000e+02 -5.975700689534756416e-01 -1.665028435564497400e+01 1.159999999999999920e+00
-7.968796196282718292e+00 1.347790401268050553e-01 -1.006250000000014033e+01 4.000000000000000000e+02 -5.965477504388194685e-01 -1.665176203713031811e+01 6.700000000000000400e-01
-7.968626762870864688e+00 1.348456272462420780e-01 -1.006500000000013983e+01 4.000000000000000000e+02 -5.964750234380646887e-01 -1.665418931012955994e+01 5.999999999999999778e-01
-7.968457768819971143e+00 1.348325118846777637e-01 -1.006750000000013934e+01 4.000000000000000000e+02 -5.956493595077830827e-01 -1.665586364619927906e+01 6.999999999999999556e-01
-7.968289085967721341e+00 1.348374739596360505e-01 -1.007000000000013884e+01 4.000000000000000000e+02 -5.938277777989050543e-01 -1.665654206449039876e+01 1.665000000000000036e+00
-7.968120545934367804e+00 1.349071149420788263e-01 -1.007250000000013834e+01 4.000000000000000000e+02 -5.930181599954695848e-01 -1.665823244668696645e+01 5.000000000000000000e-01
-7.967952318886479368e+00 1.349297255846037547e-01 -1.007500000000013785e+01 4.000000000000000000e+02 -5.924122285281567812e-01 -1.666012651521965182e+01 1.675000000000000044e+00
-7.967784438385903556e+00 1.349619412427401632e-01 -1.007750000000013735e+01 4.000000000000000000e+02 -5.912310769661941467e-01 -1.666144536365769113e+01 8.900000000000000133e-01
-7.967616807271777013e+00 1.349573618259623242e-01 -1.008000000000013685e+01 4.000000000000000000e+02 -5.908796175832787823e-01 -1.666359390427477294e+01 1.169999999999999929e+00
-7.967449563938376222e+00 1.349995530616834860e-01 -1.008250000000013635e+01 4.000000000000000000e+02 -5.906732068730029539e-01 -1.666588749356449739e+01 6.049999999999999822e-01
-7.967282731622567837e+00 1.349809027796040894e-01 -1.008500000000013586e+01 4.000000000000000000e+02 -5.886034384730802760e-01 -1.666631772516457133e+01 9.000000000000000222e-01
-7.967115998878282923e+00 1.349866206446622419e-01 -1.008750000000013536e+01 4.000000000000000000e+02 -5.885395536231815550e-01 -1.666875384031467533e+01 1.435000000000000053e+00
-7.966949699513631522e+00 1.350705391705575298e-01 -1.009000000000013486e+01 4.000000000000000000e+02 -5.867178472653653554e-01 -1.666943213395685675e+01 8.000000000000000444e-01
-7.966783540533300290e+00 1.353495060313983367e-01 -1.009250000000013436e+01 4.000000000000000000e+02 -5.863619513187622312e-01 -1.667157623801025323e+01 1.120000000000000107e+00
-7.966617764949059044e+00 1.354325140257594262e-01 -1.009500000000013387e+01 4.000000000000000000e+02 -5.862714095352614674e-01 -1.667398569622675097e+01 1.060000000000000053e+00
-7.966452415691231970e+00 1.354305900266445373e-01 -1.009750000000013337e+01 4.000000000000000000e+02 -5.837191340171417053e-01 -1.667393342070863227e+01 1.945000000000000062e+00
-7.966287085127461864e+00 1.354165811388357565e-01 -1.010000000000013287e+01 4.000000000000000000e+02 -5.814275320284908455e-01 -1.667414181871998125e+01 1.560000000000000053e+00
-7.966121816335798300e+00 1.353990895334097055e-01 -1.010250000000013237e+01 4.000000000000000000e+02 -5.814066044824448554e-01 -1.667662089117393620e+01 5.699999999999999512e-01
-7.965956983957933168e+00 1.353857368693610896e-01 -1.010500000000013188e+01 4.000000000000000000e+02 -5.812764550388522800e-01 -1.667899074173034180e+01 1.995000000000000107e+00
-7.965792568814537233e+00 1.354020261350832588e-01 -1.010750000000013138e+01 4.000000000000000000e+02 -5.799421146099985602e-01 -1.668015640130148824e+01 5.200000000000000178e-01
-7.965628372192256279e+00 1.353492737910191313e-01 -1.011000000000013088e+01 4.000000000000000000e+02 -5.779905529053629420e-01 -1.668070483959684935e+01 5.699999999999999512e-01
-7.965464292530942458e+00 1.353989343054584904e-01 -1.011250000000013038e+01 4.000000000000000000e+02 -5.778812384049603068e-01 -1.668309552509644789e+01 8.149999999999999467e-01
-7.965300631485370708e+00 1.353919278676377624e-01 -1.011500000000012989e+01 4.000000000000000000e+02 -5.767288098753182712e-01 -1.668444309656680602e+01 9.300000000000000488e-01
-7.965137217562708649e+00 1.353861365422757979e-01 -1.011750000000012939e+01 4.000000000000000000e+02 -5.762523230612476288e-01 -1.668646660975273477e+01 9.949999999999999956e-01
-7.964974160594789687e+00 1.353665480051720049e-01 -1.012000000000012889e+01 4.000000000000000000e+02 -5.757498184858907964e-01 -1.668846410517737766e+01 5.000000000000000278e-02
-7.964811455511065397e+00 1.354981744509348440e-01 -1.012250000000012840e+01 4.000000000000000000e+02 -5.756666216983453710e-01 -1.669088090838983263e+01 6.400000000000000133e-01
-7.964649169551600849e+00 1.355191325253721213e-01 -1.012500000000012790e+01 4.000000000000000000e+02 -5.747888861855090514e-01 -1.669250317287699303e+01 1.915000000000000036e+00
-7.964487172917926294e+00 1.354459176609772164e-01 -1.012750000000012740e+01 4.000000000000000000e+02 -5.746399361783411930e-01 -1.669485422286982512e+01 1.780000000000000027e+00
-7.964325582845387608e+00 1.354621726428879291e-01 -1.013000000000012690e+01 4.000000000000000000e+02 -5.741490786410243796e-01 -1.669686336533250781e+01 1.449999999999999956e+00
-7.964164343132993373e+00 1.353744128801072644e-01 -1.013250000000012641e+01 4.000000000000000000e+02 -5.733419203462224445e-01 -1.669855620703770782e+01 4.500000000000000111e-01
-7.964003402071150539e+00 1.353400634149201365e-01 -1.013500000000012591e+01 4.000000000000000000e+02 -5.728788379818823273e-01 -1.670059312467336454e+01 1.830000000000000071e+00
-7.963842814318216057e+00 1.353116171484729513e-01 -1.013750000000012541e+01 4.000000000000000000e+02 -5.727974084133098387e-01 -1.670301169510479156e+01 6.250000000000000000e-01
-7.963682640179712280e+00 1.352947994583577895e-01 -1.014000000000012491e+01 4.000000000000000000e+02 -5.723572808030702452e-01 -1.670507156749455291e+01 1.790000000000000036e+00
-7.963522821212441372e+00 1.353295849278534912e-01 -1.014250000000012442e+01 4.000000000000000000e+02 -5.723017016874067942e-01 -1.670751598837889063e+01 9.100000000000000311e-01
-7.963363417877484807e+00 1.352750274947679965e-01 -1.014500000000012392e+01 4.000000000000000000e+02 -5.722708404880041400e-01 -1.670998512717948614e+01 1.810000000000000053e+00
-7.963204432957454060e+00 1.353225531134348569e-01 -1.014750000000012342e+01 4.000000000000000000e+02 -5.717884237901526001e-01 -1.671200271048163444e+01 5.400000000000000355e-01
-7.963045793675212813e+00 1.352882646706341785e-01 -1.015000000000012292e+01 4.000000000000000000e+02 -5.708209140600432052e-01 -1.671353520075152232e+01 5.550000000000000488e-01
-7.962887422424604900e+00 1.352093027282531001e-01 -1.015250000000012243e+01 4.000000000000000000e+02 -5.708056118640544296e-01 -1.671601989855553327e+01 1.104999999999999982e+00
-7.962729469174447239e+00 1.352355066478044820e-01 -1.015500000000012193e+01 4.000000000000000000e+02 -5.707271977041317168e-01 -1.671844148439560840e+01 2.800000000000000266e-01
-7.962571922813759251e+00 1.352146954234650922e-01 -1.015750000000012143e+01 4.000000000000000000e+02 -5.707152270841439057e-01 -1.672092951377562287e+01 1.304999999999999938e+00
-7.962414792670347019e+00 1.352047762716118706e-01 -1.016000000000012093e+01 4.000000000000000000e+02 -5.691385091004298458e-01 -1.672185279579190720e+01 1.475000000000000089e+00
-7.962257832187261464e+00 1.352130829534066159e-01 -1.016250000000012044e+01 4.000000000000000000e+02 -5.691004795981449149e-01 -1.672431476628962344e+01 1.469999999999999973e+00
-7.962101282202904251e+00 1.351882555862297386e-01 -1.016500000000011994e+01 4.000000000000000000e+02 -5.685380492588114620e-01 -1.672625233595028860e+01 5.949999999999999734e-01
-7.961945059684342851e+00 1.351847585687645514e-01 -1.016750000000011944e+01 4.000000000000000000e+02 -5.680477041428333429e-01 -1.672826199083431220e+01 1.135000000000000009e+00
-7.961789175132103935e+00 1.351200064321008143e-01 -1.017000000000011894e+01 4.000000000000000000e+02 -5.674186612001873575e-01 -1.673013294789166139e+01 1.514999999999999902e+00
-7.961633606188634360e+00 1.351764804169424961e-01 -1.017250000000011845e+01 4.000000000000000000e+02 -5.674143741484709569e-01 -1.673262866083994638e+01 1.400000000000000133e-01
-7.961478449124046897e+00 1.351005402407189915e-01 -1.017500000000011795e+01 4.000000000000000000e+02 -5.673462671370734789e-01 -1.673506055382854640e+01 3.250000000000000111e-01
-7.961323692908761629e+00 1.350845597852379509e-01 -1.017750000000011745e+01 4.000000000000000000e+02 -5.653116525641135315e-01 -1.673552593925558796e+01 1.939999999999999947e+00
-7.961169032627079645e+00 1.352020733435911615e-01 -1.018000000000011696e+01 4.000000000000000000e+02 -5.650041071911194868e-01 -1.673771839388259153e+01 1.449999999999999956e+00
-7.961014734897204015e+00 1.351198840763696285e-01 -1.018250000000011646e+01 4.000000000000000000e+02 -5.647992659912304259e-01 -1.674001355268270430e+01 1.885000000000000009e+00
-7.960860814621358195e+00 1.351252737453685904e-01 -1.018500000000011596e+01 4.000000000000000000e+02 -5.647771674372753514e-01 -1.674249145412874640e+01 1.520000000000000018e+00
-7.960707298872589988e+00 1.350684668948469169e-01 -1.018750000000011546e+01 4.000000000000000000e+02 -5.643619268823136803e-01 -1.674457621357378656e+01 8.349999999999999645e-01
-7.960554126323768465e+00 1.350000714326246298e-01 -1.019000000000011497e+01 4.000000000000000000e+02 -5.642655057242339511e-01 -1.674697979241570422e+01 1.929999999999999938e+00
-7.960401344868981433e+00 1.350470287883639986e-01 -1.019250000000011447e+01 4.000000000000000000e+02 -5.635058517913537068e-01 -1.674872013848282748e+01 1.455000000000000071e+00
-7.960248852353333682e+00 1.350829139526631417e-01 -1.019500000000011397e+01 4.000000000000000000e+02 -5.628885918976843650e-01 -1.675060287858915586e+01 1.854999999999999982e+00
-7.960096669856227436e+00 1.350604795718883255e-01 -1.019750000000011347e+01 4.000000000000000000e+02 -5.610618616150478966e-01 -1.675127614830651979e+01 1.950000000000000067e-01
-7.959944612917121631e+00 1.349922174395493113e-01 -1.020000000000011298e+01 4.000000000000000000e+02 -5.608339222928859780e-01 -1.675354820898435548e+01 3.800000000000000044e-01
-7.959792924107590650e+00 1.349078032391155535e-01 -1.020250000000011248e+01 4.000000000000000000e+02 -5.607959126191373045e-01 -1.675601019931060875e+01 1.080000000000000071e+00
-7.959641631216319624e+00 1.349192454542368080e-01 -1.020500000000011198e+01 4.000000000000000000e+02 -5.601878620345891457e-01 -1.675790214872605688e+01 6.300000000000000044e-01
-7.959490647114176198e+00 1.349561401760987489e-01 -1.020750000000011148e+01 4.000000000000000000e+02 -5.594496913916831016e-01 -1.675966397808315378e+01 1.844999999999999973e+00
-7.959339951518678014e+00 1.349779864241628102e-01 -1.021000000000011099e+01 4.000000000000000000e+02 -5.593491776122154757e-01 -1.676206346430368299e+01 5.400000000000000355e-01
-7.959189639705900099e+00 1.350261188948460589e-01 -1.021250000000011049e+01 4.000000000000000000e+02 -5.590149832052134782e-01 -1.676422926989668127e+01 7.000000000000000666e-02
-7.959039675604000053e+00 1.349800559842686820e-01 -1.021500000000010999e+01 4.000000000000000000e+02 -5.586065399610763427e-01 -1.676632082665254231e+01 5.500000000000000028e-02
-7.958890047248184274e+00 1.349900332143659509e-01 -1.021750000000010949e+01 4.000000000000000000e+02 -5.583780391091730522e-01 -1.676859232580063974e+01 1.044999999999999929e+00
-7.958740780696495598e+00 1.350228770127985534e-01 -1.022000000000010900e+01 4.000000000000000000e+02 -5.579636596997086251e-01 -1.677067794639117437e+01 7.650000000000000133e-01
-7.958591847341397241e+00 1.349993919608993564e-01 -1.022250000000010850e+01 4.000000000000000000e+02 -5.573993627792612759e-01 -1.677261364947072764e+01 1.479999999999999982e+00
-7.958443224111764636e+00 1.349532887512040480e-01 -1.022500000000010800e+01 4.000000000000000000e+02 -5.570191545464182603e-01 -1.677473344123788124e+01 1.110000000000000098e+00
-7.958294937614231124e+00 1.348300420532230759e-01 -1.022750000000010751e+01 4.000000000000000000e+02 -5.561555868338788899e-01 -1.677636987352534348e+01 1.895000000000000018e+00
-7.958146915510805108e+00 1.348501608102099791e-01 -1.023000000000010701e+01 4.000000000000000000e+02 -5.556671440971987508e-01 -1.677838143078866295e+01 1.849999999999999978e-01
-7.957999212704354619e+00 1.347951187733368583e-01 -1.023250000000010651e+01 4.000000000000000000e+02 -5.551759914951348573e-01 -1.678039027818659790e+01 7.500000000000000000e-01
-7.957851828059760102e+00 1.348882588094389712e-01 -1.023500000000010601e+01 4.000000000000000000e+02 -5.548837404764629389e-01 -1.678259802716792493e+01 1.060000000000000053e+00
-7.957704790091785441e+00 1.348699990005153004e-01 -1.023750000000010552e+01 4.000000000000000000e+02 -5.545531661097928833e-01 -1.678476745280125471e+01 1.314999999999999947e+00
-7.957558092312759790e+00 1.348530193605755600e-01 -1.024000000000010502e+01 4.000000000000000000e+02 -5.530538323056769512e-01 -1.678576811899713661e+01 4.749999999999999778e-01
-7.957411562740634103e+00 1.348470242138179453e-01 -1.024250000000010452e+01 4.000000000000000000e+02 -5.529604649689747742e-01 -1.678817475166043849e+01 2.500000000000000139e-02
-7.957265406777795036e+00 1.348340930444288377e-01 -1.024500000000010402e+01 4.000000000000000000e+02 -5.525454050084878110e-01 -1.679025969169994781e+01 1.749999999999999889e-01
-7.957119576515694348e+00 1.348945316443504183e-01 -1.024750000000010353e+01 4.000000000000000000e+02 -5.522258350970407070e-01 -1.679244012178850198e+01 8.549999999999999822e-01
-7.956974085073828640e+00 1.348991684339235775e-01 -1.025000000000010303e+01 4.000000000000000000e+02 -5.501673155160140549e-01 -1.679288160220747272e+01 8.999999999999999667e-02
-7.956828679000079951e+00 1.349320299780352173e-01 -1.025250000000010253e+01 4.000000000000000000e+02 -5.500733940699515934e-01 -1.679528768076141176e+01 3.150000000000000022e-01
-7.956683643427925112e+00 1.349784398697434495e-01 -1.025500000000010203e+01 4.000000000000000000e+02 -5.485954294610244641e-01 -1.679630971615248214e+01 1.885000000000000009e+00
-7.956538777011587626e+00 1.349779110077360955e-01 -1.025750000000010154e+01 4.000000000000000000e+02 -5.463520561470518455e-01 -1.679656634283850991e+01 1.584999999999999964e+00
-7.956393968742232481e+00 1.350188947197989986e-01 -1.026000000000010104e+01 4.000000000000000000e+02 -5.459832901313358411e-01 -1.679869757682279285e+01 1.719999999999999973e+00
-7.956249489664039665e+00 1.350791319826384063e-01 -1.026250000000010054e+01 4.000000000000000000e+02 -5.458018135225066736e-01 -1.680101610021396397e+01 1.449999999999999900e-01
-7.956105365974689647e+00 1.350133643887913570e-01 -1.026500000000010004e+01 4.000000000000000000e+02 -5.441655660383170057e-01 -1.680187985272977258e+01 1.849999999999999978e-01
-7.955961387460548373e+00 1.350519097964698323e-01 -1.026750000000009955e+01 4.000000000000000000e+02 -5.439423234448985678e-01 -1.680415661013635642e+01 8.449999999999999734e-01
-7.955817757033855742e+00 1.350601196535931026e-01 -1.027000000000009905e+01 4.000000000000000000e+02 -5.428968102681513974e-01 -1.680561109695960553e+01 1.260000000000000009e+00
-7.955674355945665077e+00 1.350870236073656305e-01 -1.027250000000009855e+01 4.000000000000000000e+02 -5.423714619402395520e-01 -1.680758574863169486e+01 4.699999999999999734e-01
-7.955531258245405191e+00 1.350519681503533354e-01 -1.027500000000009805e+01 4.000000000000000000e+02 -5.409525018000128638e-01 -1.680866678849146822e+01 1.524999999999999911e+00
-7.955388335596731864e+00 1.349798029861822846e-01 -1.027750000000009756e+01 4.000000000000000000e+02 -5.404508675993355826e-01 -1.681066515429079189e+01 1.179999999999999938e+00
-7.955245718637451446e+00 1.349724070361779937e-01 -1.028000000000009706e+01 4.000000000000000000e+02 -5.398651988897469334e-01 -1.681257948558119963e+01 6.149999999999999911e-01
-7.955103394711520615e+00 1.349092865743655167e-01 -1.028250000000009656e+01 4.000000000000000000e+02 -5.391694832474602794e-01 -1.681438376993891382e+01 1.935000000000000053e+00
-7.954961347545387973e+00 1.349103983129080198e-01 -1.028500000000009607e+01 4.000000000000000000e+02 -5.391362554628701398e-01 -1.681685054215432373e+01 2.300000000000000100e-01
-7.954819670445477442e+00 1.349632564383085875e-01 -1.028750000000009557e+01 4.000000000000000000e+02 -5.390240127047682961e-01 -1.681923829939622195e+01 4.899999999999999911e-01
-7.954678351230354494e+00 1.349755995685650023e-01 -1.029000000000009507e+01 4.000000000000000000e+02 -5.388522064139421586e-01 -1.682156649310539365e+01 1.300000000000000044e+00
-7.954537380549730585e+00 1.351225780311560987e-01 -1.029250000000009457e+01 4.000000000000000000e+02 -5.380999768950796014e-01 -1.682331426358653204e+01 1.145000000000000018e+00
-7.954396675856233223e+00 1.350855325704978793e-01 -1.029500000000009408e+01 4.000000000000000000e+02 -5.380117255695070488e-01 -1.682572601226095799e+01 1.655000000000000027e+00
-7.954256329821778770e+00 1.351210765308411832e-01 -1.029750000000009358e+01 4.000000000000000000e+02 -5.373895395861382207e-01 -1.682760382627758844e+01 1.814999999999999947e+00
-7.954116266722649264e+00 1.350736768596776383e-01 -1.030000000000009308e+01 4.000000000000000000e+02 -5.362322633243070680e-01 -1.682894655001575757e+01 1.524999999999999911e+00
-7.953976411138828695e+00 1.351513736051802583e-01 -1.030250000000009258e+01 4.000000000000000000e+02 -5.360920740445902499e-01 -1.683130636073603981e+01 5.999999999999999778e-01
-7.953836904686376386e+00 1.352086945366735016e-01 -1.030500000000009209e+01 4.000000000000000000e+02 -5.349090927624809977e-01 -1.683262337945392773e+01 3.350000000000000200e-01
-7.953697601266534356e+00 1.352066888743696516e-01 -1.030750000000009159e+01 4.000000000000000000e+02 -5.341673658933427937e-01 -1.683438165258479202e+01 7.299999999999999822e-01
-7.953558561916593384e+00 1.351911546724959001e-01 -1.031000000000009109e+01 4.000000000000000000e+02 -5.341000732898363301e-01 -1.683681435998128251e+01 6.149999999999999911e-01
-7.953419879656485669e+00 1.352383447043750409e-01 -1.031250000000009059e+01 4.000000000000000000e+02 -5.328138790596068652e-01 -1.683802816575105510e+01 1.929999999999999938e+00
-7.953281384822712852e+00 1.352050348605788599e-01 -1.031500000000009010e+01 4.000000000000000000e+02 -5.327336089809350250e-01 -1.684044789567237999e+01 5.400000000000000355e-01
-7.953143243812608176e+00 1.352110689810228916e-01 -1.031750000000008960e+01 4.000000000000000000e+02 -5.319243443034333829e-01 -1.684213863099488151e+01 1.580000000000000071e+00
-7.953005355197040771e+00 1.352190009163441176e-01 -1.032000000000008910e+01 4.000000000000000000e+02 -5.310747868975183028e-01 -1.684378907358896527e+01 3.649999999999999911e-01
-7.952867712934671651e+00 1.352786413194429216e-01 -1.032250000000008860e+01 4.000000000000000000e+02 -5.307284345892109290e-01 -1.684594272128065739e+01 1.334999999999999964e+00
-7.952730385667970303e+00 1.352853282566874871e-01 -1.032500000000008811e+01 4.000000000000000000e+02 -5.304876770237054728e-01 -1.684820196371514811e+01 1.794999999999999929e+00
-7.952593387099061495e+00 1.352117555951123651e-01 -1.032750000000008761e+01 4.000000000000000000e+02 -5.304798137281434567e-01 -1.685069410041958804e+01 7.049999999999999600e-01
-7.952456748220272154e+00 1.352044268917815539e-01 -1.033000000000008711e+01 4.000000000000000000e+02 -5.304054781486273740e-01 -1.685311976484006991e+01 2.349999999999999867e-01
-7.952320458979744267e+00 1.351681801753432943e-01 -1.033250000000008662e+01 4.000000000000000000e+02 -5.303841276581670039e-01 -1.685559841434961115e+01 6.750000000000000444e-01
-7.952184525637482793e+00 1.351398532612890779e-01 -1.033500000000008612e+01 4.000000000000000000e+02 -5.302379015695621867e-01 -1.685795218826100594e+01 5.050000000000000044e-01
-7.952048930285582351e+00 1.351803944214365338e-01 -1.033750000000008562e+01 4.000000000000000000e+02 -5.298262156184541105e-01 -1.686004050230989648e+01 1.700000000000000122e-01
-7.951913636130020890e+00 1.351831403312658275e-01 -1.034000000000008512e+01 4.000000000000000000e+02 -5.291514438754265637e-01 -1.686186573056686910e+01 6.949999999999999512e-01
-7.951778606943951999e+00 1.351866577580500828e-01 -1.034250000000008463e+01 4.000000000000000000e+02 -5.288838490162472983e-01 -1.686409813570768890e+01 2.800000000000000266e-01
-7.951643897031004826e+00 1.352052093847633529e-01 -1.034500000000008413e+01 4.000000000000000000e+02 -5.281735876170895461e-01 -1.686588787430853031e+01 1.449999999999999900e-01
-7.951509446093649736e+00 1.351930042861560211e-01 -1.034750000000008363e+01 4.000000000000000000e+02 -5.279904695085747557e-01 -1.686820475620001503e+01 1.500000000000000000e+00
-7.951375324314587267e+00 1.351823840191115345e-01 -1.035000000000008313e+01 4.000000000000000000e+02 -5.278029930527441405e-01 -1.687051727974418469e+01 3.250000000000000111e-01
-7.951241530260919177e+00 1.352325267421544130e-01 -1.035250000000008264e+01 4.000000000000000000e+02 -5.277441367859092569e-01 -1.687295842347734975e+01 2.000000000000000000e+00
-7.951108080252491384e+00 1.352647651229302861e-01 -1.035500000000008214e+01 4.000000000000000000e+02 -5.272129520442754291e-01 -1.687492723873571521e+01 6.750000000000000444e-01
-7.950974910478035618e+00 1.353734215216905179e-01 -1.035750000000008164e+01 4.000000000000000000e+02 -5.268096327849205451e-01 -1.687702391947636116e+01 4.199999999999999845e-01
-7.950842037301734777e+00 1.352796752803972768e-01 -1.036000000000008114e+01 4.000000000000000000e+02 -5.263213699259627898e-01 -1.687903565661740046e+01 5.050000000000000044e-01
-7.950709448762402154e+00 1.352349581899882636e-01 -1.036250000000008065e+01 4.000000000000000000e+02 -5.256126469079233088e-01 -1.688082693359936215e+01 1.650000000000000078e-01
-7.950577115043512499e+00 1.352948894495502041e-01 -1.036500000000008015e+01 4.000000000000000000e+02 -5.248703296285720521e-01 -1.688258461632000973e+01 1.915000000000000036e+00
-7.950445031184815825e+00 1.352369556496866854e-01 -1.036750000000007965e+01 4.000000000000000000e+02 -5.245853813980225766e-01 -1.688479966808946031e+01 2.500000000000000000e-01
-7.950313256960904518e+00 1.351987353895224564e-01 -1.037000000000007915e+01 4.000000000000000000e+02 -5.236708726870759056e-01 -1.688638515937851281e+01 6.450000000000000178e-01
-7.950181708819262560e+00 1.351951983950949454e-01 -1.037250000000007866e+01 4.000000000000000000e+02 -5.236423282662795442e-01 -1.688885661495771728e+01 1.695000000000000062e+00
-7.950050502630214844e+00 1.351834474248561624e-01 -1.037500000000007816e+01 4.000000000000000000e+02 -5.236235726510121147e-01 -1.689133785934244614e+01 3.900000000000000133e-01
-7.949919638741108407e+00 1.351966607740829052e-01 -1.037750000000007766e+01 4.000000000000000000e+02 -5.233252279631018800e-01 -1.689353951465453818e+01 5.150000000000000133e-01
-7.949789079718919460e+00 1.352247032121853265e-01 -1.038000000000007716e+01 4.000000000000000000e+02 -5.230376906992918462e-01 -1.689575197739072365e+01 9.899999999999999911e-01
-7.949658826221373431e+00 1.352202767940188233e-01 -1.038250000000007667e+01 4.000000000000000000e+02 -5.227002395466452400e-01 -1.689791452623807899e+01 6.300000000000000044e-01
-7.949528871007863096e+00 1.352065536246530308e-01 -1.038500000000007617e+01 4.000000000000000000e+02 -5.222319272084419151e-01 -1.689994621389987373e+01 1.729999999999999982e+00
-7.949399196389518529e+00 1.352097912129738844e-01 -1.038750000000007567e+01 4.000000000000000000e+02 -5.216080292524790663e-01 -1.690182231594391382e+01 8.999999999999999667e-02
-7.949269781592009032e+00 1.352428447372124587e-01 -1.039000000000007518e+01 4.000000000000000000e+02 -5.212909045981060085e-01 -1.690400519128953860e+01 8.900000000000000133e-01
-7.949140665674061523e+00 1.352700578604327519e-01 -1.039250000000007468e+01 4.000000000000000000e+02 -5.209694536556099820e-01 -1.690618374034704274e+01 2.999999999999999889e-01
-7.949011847349700233e+00 1.351890214089341014e-01 -1.039500000000007418e+01 4.000000000000000000e+02 -5.198544136089999768e-01 -1.690756870030043046e+01 8.149999999999999467e-01
-7.948883223867668768e+00 1.352053668316186841e-01 -1.039750000000007368e+01 4.000000000000000000e+02 -5.198301539050927955e-01 -1.691004444059652556e+01 1.764999999999999902e+00
-7.948754934910686742e+00 1.351928803283596603e-01 -1.040000000000007319e+01 4.000000000000000000e+02 -5.196146832961289208e-01 -1.691232896998755919e+01 1.024999999999999911e+00
-7.948626955098742286e+00 1.351883152106455044e-01 -1.040250000000007269e+01 4.000000000000000000e+02 -5.195195113596292602e-01 -1.691473379805105992e+01 8.649999999999999911e-01
-7.948499299004254226e+00 1.351658093049667442e-01 -1.040500000000007219e+01 4.000000000000000000e+02 -5.192935437228969331e-01 -1.691700783041432388e+01 1.849999999999999978e-01
-7.948371949112564394e+00 1.351655760028756537e-01 -1.040750000000007169e+01 4.000000000000000000e+02 -5.190480272162582009e-01 -1.691926231390768720e+01 1.580000000000000071e+00
-7.948244902166903714e+00 1.351573776590699050e-01 -1.041000000000007120e+01 4.000000000000000000e+02 -5.187346237544919747e-01 -1.692144891044592114e+01 1.020000000000000018e+00
-7.948118148804199201e+00 1.351829866203780040e-01 -1.041250000000007070e+01 4.000000000000000000e+02 -5.184416853798156088e-01 -1.692365597207124495e+01 1.195000000000000062e+00
-7.947991690896785144e+00 1.352788916238000516e-01 -1.041500000000007020e+01 4.000000000000000000e+02 -5.183719204954280180e-01 -1.692608620718685586e+01 4.600000000000000200e-01
-7.947865555870102128e+00 1.352976352598623255e-01 -1.041750000000006970e+01 4.000000000000000000e+02 -5.177024247951786950e-01 -1.692791671148660626e+01 1.650000000000000078e-01
-7.947739667387360818e+00 1.353402563303346406e-01 -1.042000000000006921e+01 4.000000000000000000e+02 -5.172131972256213128e-01 -1.692992748391704794e+01 1.750000000000000000e+00
-7.947614047581588181e+00 1.353230414543903359e-01 -1.042250000000006871e+01 4.000000000000000000e+02 -5.170072650289010419e-01 -1.693222155172032828e+01 9.699999999999999734e-01
-7.947488731350032864e+00 1.353420134822780063e-01 -1.042500000000006821e+01 4.000000000000000000e+02 -5.160496531337868120e-01 -1.693376393982521222e+01 5.949999999999999734e-01
-7.947363623921668285e+00 1.353063883219969010e-01 -1.042750000000006771e+01 4.000000000000000000e+02 -5.158174500706340648e-01 -1.693603173676206097e+01 2.000000000000000042e-02
-7.947238815486859842e+00 1.353763817913752610e-01 -1.043000000000006722e+01 4.000000000000000000e+02 -5.144257813876792484e-01 -1.693714006807910266e+01 2.650000000000000133e-01
-7.947114160853852916e+00 1.354140361706478723e-01 -1.043250000000006672e+01 4.000000000000000000e+02 -5.140584939302693668e-01 -1.693927278062169250e+01 1.550000000000000044e+00
-7.946989787277281003e+00 1.354388347007107751e-01 -1.043500000000006622e+01 4.000000000000000000e+02 -5.138794920119206244e-01 -1.694159377870334282e+01 1.459999999999999964e+00
-7.946865717449920652e+00 1.355141948353451864e-01 -1.043750000000006573e+01 4.000000000000000000e+02 -5.136047262524890966e-01 -1.694381901294391213e+01 4.849999999999999867e-01
-7.946741938740176536e+00 1.354377790863575404e-01 -1.044000000000006523e+01 4.000000000000000000e+02 -5.129097297341562722e-01 -1.694562401642557603e+01 1.370000000000000107e+00
-7.946618398527777849e+00 1.354669318519711452e-01 -1.044250000000006473e+01 4.000000000000000000e+02 -5.120228537389839296e-01 -1.694723714043040630e+01 6.899999999999999467e-01
-7.946495072663836368e+00 1.355561753576155493e-01 -1.044500000000006423e+01 4.000000000000000000e+02 -5.117195205185378626e-01 -1.694943380720995663e+01 1.725000000000000089e+00
-7.946372032565776067e+00 1.355964145274546062e-01 -1.044750000000006374e+01 4.000000000000000000e+02 -5.115689931640863275e-01 -1.695178327985550837e+01 8.699999999999999956e-01
-7.946249296291498787e+00 1.355702892693222417e-01 -1.045000000000006324e+01 4.000000000000000000e+02 -5.110648783190565592e-01 -1.695377916501047721e+01 1.330000000000000071e+00
-7.946126819757755477e+00 1.355834630511705552e-01 -1.045250000000006274e+01 4.000000000000000000e+02 -5.103947246159173945e-01 -1.695560901130733811e+01 1.959999999999999964e+00
-7.946004582089884138e+00 1.355882813394635455e-01 -1.045500000000006224e+01 4.000000000000000000e+02 -5.100634657257303584e-01 -1.695777775241714735e+01 1.875000000000000000e+00
-7.945882624128317140e+00 1.355968803448922011e-01 -1.045750000000006175e+01 4.000000000000000000e+02 -5.099267371044728936e-01 -1.696014102379589161e+01 1.504999999999999893e+00
-7.945760968865524632e+00 1.355952578220652738e-01 -1.046000000000006125e+01 4.000000000000000000e+02 -5.096546807750532704e-01 -1.696236896746647105e+01 1.514999999999999902e+00
-7.945639599090939420e+00 1.356391438025355833e-01 -1.046250000000006075e+01 4.000000000000000000e+02 -5.091490269590694950e-01 -1.696436331365048744e+01 1.125000000000000000e+00
-7.945518485813340526e+00 1.357245281687607941e-01 -1.046500000000006025e+01 4.000000000000000000e+02 -5.089623594431175180e-01 -1.696667664613453397e+01 1.209999999999999964e+00
-7.945397667003058828e+00 1.357255473107238375e-01 -1.046750000000005976e+01 4.000000000000000000e+02 -5.085736960890480107e-01 -1.696878798278046574e+01 8.850000000000000089e-01
-7.945277117562140390e+00 1.357300383080261852e-01 -1.047000000000005926e+01 4.000000000000000000e+02 -5.078011678717493371e-01 -1.697051545456316646e+01 6.800000000000000488e-01
-7.945156790680034220e+00 1.357569715237992303e-01 -1.047250000000005876e+01 4.000000000000000000e+02 -5.074491853879876668e-01 -1.697266347207940385e+01 4.699999999999999734e-01
-7.945036736415042711e+00 1.358095647770646008e-01 -1.047500000000005826e+01 4.000000000000000000e+02 -5.073698200547807069e-01 -1.697508410674619483e+01 7.099999999999999645e-01
-7.944916986765201194e+00 1.358128473801093472e-01 -1.047750000000005777e+01 4.000000000000000000e+02 -5.073238244287693322e-01 -1.697753811112018596e+01 1.379999999999999893e+00
-7.944797544906837317e+00 1.357963065287772220e-01 -1.048000000000005727e+01 4.000000000000000000e+02 -5.070240523706346369e-01 -1.697973833906204888e+01 6.750000000000000444e-01
-7.944678379776554777e+00 1.357699455693332502e-01 -1.048250000000005677e+01 4.000000000000000000e+02 -5.063320639076760443e-01 -1.698154635059908912e+01 1.340000000000000080e+00
-7.944559444063739484e+00 1.357976009355529867e-01 -1.048500000000005627e+01 4.000000000000000000e+02 -5.062528952795503079e-01 -1.698396718197096433e+01 1.854999999999999982e+00
-7.944440810018770449e+00 1.357206631389115681e-01 -1.048750000000005578e+01 4.000000000000000000e+02 -5.059072458568495412e-01 -1.698612153254826396e+01 1.070000000000000062e+00
-7.944322445304994318e+00 1.356869909243079986e-01 -1.049000000000005528e+01 4.000000000000000000e+02 -5.056565264545040961e-01 -1.698837081314591657e+01 8.649999999999999911e-01
-7.944204360488852146e+00 1.356974066171395543e-01 -1.049250000000005478e+01 4.000000000000000000e+02 -5.051371068979827461e-01 -1.699035139358939617e+01 5.949999999999999734e-01
-7.944086523218761187e+00 1.357477342899081063e-01 -1.049500000000005429e+01 4.000000000000000000e+02 -5.049683082808923418e-01 -1.699268259497230460e+01 1.650000000000000078e-01
-7.943968974166666364e+00 1.357674332524926586e-01 -1.049750000000005379e+01 4.000000000000000000e+02 -5.049222650093068143e-01 -1.699513655170071758e+01 9.649999999999999689e-01
-7.943851726986618900e+00 1.358300158945933145e-01 -1.050000000000005329e+01 4.000000000000000000e+02 -5.046730563078987153e-01 -1.699738734299930698e+01 1.604999999999999982e+00
-7.943734757107708155e+00 1.357870170787122965e-01 -1.050250000000005279e+01 4.000000000000000000e+02 -5.045408264816502175e-01 -1.699975511317306243e+01 7.700000000000000178e-01
-7.943618077490823381e+00 1.357569232863023168e-01 -1.050500000000005230e+01 4.000000000000000000e+02 -5.043519091447381530e-01 -1.700206619583614653e+01 5.949999999999999734e-01
-7.943501680784267549e+00 1.357143318357506845e-01 -1.050750000000005180e+01 4.000000000000000000e+02 -5.035512482649211474e-01 -1.700376553495632947e+01 1.840000000000000080e+00
-7.943385495219358106e+00 1.357501459794326071e-01 -1.051000000000005130e+01 4.000000000000000000e+02 -5.032100380281467888e-01 -1.700592432471955462e+01 9.350000000000000533e-01
-7.943269573658008120e+00 1.357384695957970511e-01 -1.051250000000005080e+01 4.000000000000000000e+02 -5.010150415173185712e-01 -1.700622932820872890e+01 1.385000000000000009e+00
-7.943153700877853218e+00 1.357098041782341113e-01 -1.051500000000005031e+01 4.000000000000000000e+02 -5.001633998738580500e-01 -1.700787768656526566e+01 1.415000000000000036e+00
-7.943038032332030873e+00 1.357135176773196783e-01 -1.051750000000004981e+01 4.000000000000000000e+02 -4.989394323238194318e-01 -1.700915371901522732e+01 1.900000000000000022e-01
-7.942922524640986026e+00 1.357268901570901631e-01 -1.052000000000004931e+01 4.000000000000000000e+02 -4.988027851586899764e-01 -1.701151707185009698e+01 1.090000000000000080e+00
-7.942807302906332190e+00 1.357409683965158653e-01 -1.052250000000004881e+01 4.000000000000000000e+02 -4.986942848548810980e-01 -1.701390857154628833e+01 8.649999999999999911e-01
-7.942692369622188941e+00 1.358170439358166448e-01 -1.052500000000004832e+01 4.000000000000000000e+02 -4.986079695077445528e-01 -1.701632225619914962e+01 1.425000000000000044e+00
-7.942577726576645958e+00 1.358844250625558803e-01 -1.052750000000004782e+01 4.000000000000000000e+02 -4.985994633212850746e-01 -1.701881375001268992e+01 7.650000000000000133e-01
-7.942463381900523700e+00 1.358971943154242135e-01 -1.053000000000004732e+01 4.000000000000000000e+02 -4.984763997784342759e-01 -1.702119068646983635e+01 1.245000000000000107e+00
-7.942349321718365829e+00 1.359079627545122515e-01 -1.053250000000004682e+01 4.000000000000000000e+02 -4.984577857231667353e-01 -1.702367207241457336e+01 1.975000000000000089e+00
-7.942235557172606875e+00 1.359096133017371477e-01 -1.053500000000004633e+01 4.000000000000000000e+02 -4.983352427667322448e-01 -1.702604952945813466e+01 2.999999999999999889e-02
-7.942122075670751791e+00 1.358595300926743465e-01 -1.053750000000004583e+01 4.000000000000000000e+02 -4.981557899023365543e-01 -1.702837007659374180e+01 1.530000000000000027e+00
-7.942008870034618973e+00 1.358849975206365135e-01 -1.054000000000004533e+01 4.000000000000000000e+02 -4.980113117671545742e-01 -1.703072559845855594e+01 5.799999999999999600e-01
-7.941895943511904754e+00 1.359079000523290004e-01 -1.054250000000004484e+01 4.000000000000000000e+02 -4.978307517798962745e-01 -1.703304503847130036e+01 7.500000000000000000e-01
-7.941783291318643911e+00 1.358490166035998536e-01 -1.054500000000004434e+01 4.000000000000000000e+02 -4.977226363143282262e-01 -1.703543692300572943e+01 7.499999999999999722e-02
-7.941670920898085129e+00 1.358609800874054085e-01 -1.054750000000004384e+01 4.000000000000000000e+02 -4.968134140852180636e-01 -1.703702770077661910e+01 1.495000000000000107e+00
-7.941558741687394729e+00 1.358998605258709136e-01 -1.055000000000004334e+01 4.000000000000000000e+02 -4.949203562375799059e-01 -1.703763464292897822e+01 9.699999999999999734e-01
-7.941446643113652115e+00 1.358871911715057723e-01 -1.055250000000004285e+01 4.000000000000000000e+02 -4.948308363483189254e-01 -1.704004512303971808e+01 1.274999999999999911e+00
-7.941334826945229075e+00 1.358830762134508596e-01 -1.055500000000004235e+01 4.000000000000000000e+02 -4.947728179815625849e-01 -1.704248710467296135e+01 5.450000000000000400e-01
-7.941223295952472228e+00 1.358846411988213765e-01 -1.055750000000004185e+01 4.000000000000000000e+02 -4.946087002930471543e-01 -1.704482298698444609e+01 4.550000000000000155e-01
-7.941112037573232030e+00 1.359778555825645885e-01 -1.056000000000004135e+01 4.000000000000000000e+02 -4.943739532793218761e-01 -1.704708823997071931e+01 8.649999999999999911e-01
-7.941001043272204463e+00 1.360541903859753543e-01 -1.056250000000004086e+01 4.000000000000000000e+02 -4.940738819247439961e-01 -1.704928816861614393e+01 1.870000000000000107e+00
-7.940890305160121621e+00 1.360592365000713178e-01 -1.056500000000004036e+01 4.000000000000000000e+02 -4.934320968033416022e-01 -1.705114638349473921e+01 4.799999999999999822e-01
-7.940779784859627100e+00 1.360737005480685546e-01 -1.056750000000003986e+01 4.000000000000000000e+02 -4.930968294093662774e-01 -1.705331111610076533e+01 4.050000000000000266e-01
-7.940669515721066496e+00 1.360485035364196460e-01 -1.057000000000003936e+01 4.000000000000000000e+02 -4.930299598909923531e-01 -1.705574424658238897e+01 5.699999999999999512e-01
-7.940559526669230372e+00 1.360293747267234121e-01 -1.057250000000003887e+01 4.000000000000000000e+02 -4.929399877324807666e-01 -1.705815427442387744e+01 4.000000000000000222e-01
-7.940449814427529951e+00 1.359724809393652589e-01 -1.057500000000003837e+01 4.000000000000000000e+02 -4.923363019433976140e-01 -1.706005058863479107e+01 5.000000000000000000e-01
-7.940340322038850651e+00 1.359893893320487102e-01 -1.057750000000003787e+01 4.000000000000000000e+02 -4.922830556963929682e-01 -1.706249734238778970e+01 1.725000000000000089e+00
-7.940231109166974832e+00 1.359793523213431166e-01 -1.058000000000003737e+01 4.000000000000000000e+02 -4.915619999606775092e-01 -1.706427628665207052e+01 9.500000000000000111e-02
-7.940122102300377627e+00 1.360000975314757388e-01 -1.058250000000003688e+01 4.000000000000000000e+02 -4.915258651097576537e-01 -1.706674015180115234e+01 1.330000000000000071e+00
-7.940013375518784500e+00 1.360271031309304435e-01 -1.058500000000003638e+01 4.000000000000000000e+02 -4.913525178796173676e-01 -1.706906680457100833e+01 1.304999999999999938e+00
-7.939904913191658586e+00 1.360645714443607102e-01 -1.058750000000003588e+01 4.000000000000000000e+02 -4.909047803459053450e-01 -1.707111906703729787e+01 1.145000000000000018e+00
-7.939796684956095696e+00 1.359988233727009166e-01 -1.059000000000003539e+01 4.000000000000000000e+02 -4.907505492071290720e-01 -1.707346483589851971e+01 1.524999999999999911e+00
-7.939688721972375518e+00 1.360114335540650032e-01 -1.059250000000003489e+01 4.000000000000000000e+02 -4.904853290681865929e-01 -1.707569961575957862e+01 1.659999999999999920e+00
-7.939581011608514594e+00 1.360328499389746038e-01 -1.059500000000003439e+01 4.000000000000000000e+02 -4.896296024096140620e-01 -1.707734388910100520e+01 1.899999999999999911e+00
-7.939473489776110782e+00 1.360849968796525866e-01 -1.059750000000003389e+01 4.000000000000000000e+02 -4.877567055179877764e-01 -1.707797099220938009e+01 6.350000000000000089e-01
-7.939366046898679308e+00 1.361595780479256390e-01 -1.060000000000003340e+01 4.000000000000000000e+02 -4.876419229319893245e-01 -1.708035620962337831e+01 5.699999999999999512e-01
-7.939258871491994718e+00 1.362229438691738292e-01 -1.060250000000003290e+01 4.000000000000000000e+02 -4.874428691234143907e-01 -1.708265715581480393e+01 1.389999999999999902e+00
-7.939151953852433330e+00 1.362323118867428962e-01 -1.060500000000003240e+01 4.000000000000000000e+02 -4.863531828877871721e-01 -1.708406746957917477e+01 1.600000000000000089e+00
-7.939045198300020978e+00 1.362158823181317258e-01 -1.060750000000003190e+01 4.000000000000000000e+02 -4.862154523055336464e-01 -1.708642973899692308e+01 1.534999999999999920e+00
-7.938938705990588929e+00 1.361388275788685265e-01 -1.061000000000003141e+01 4.000000000000000000e+02 -4.861071094540873605e-01 -1.708882139614547668e+01 1.209999999999999964e+00
-7.938832479368730155e+00 1.361315842298391199e-01 -1.061250000000003091e+01 4.000000000000000000e+02 -4.858544780312739064e-01 -1.709106876472266379e+01 3.300000000000000155e-01
-7.938726502454120926e+00 1.360465542657814386e-01 -1.061500000000003041e+01 4.000000000000000000e+02 -4.858107190043955970e-01 -1.709352500569578126e+01 1.544999999999999929e+00
-7.938620796713555805e+00 1.360997286750677548e-01 -1.061750000000002991e+01 4.000000000000000000e+02 -4.854115982669880980e-01 -1.709562588495837687e+01 1.364999999999999991e+00
-7.938515323952253233e+00 1.361396041695172310e-01 -1.062000000000002942e+01 4.000000000000000000e+02 -4.840843518171893956e-01 -1.709679863850857373e+01 1.004999999999999893e+00
-7.938409985915786393e+00 1.361854679707319438e-01 -1.062250000000002892e+01 4.000000000000000000e+02 -4.828518927405599515e-01 -1.709806617943194595e+01 1.104999999999999982e+00
-7.938304792388866993e+00 1.362537233408262494e-01 -1.062500000000002842e+01 4.000000000000000000e+02 -4.827778698119207790e-01 -1.710049215650330723e+01 2.099999999999999922e-01
-7.938199864774064807e+00 1.362380696188169593e-01 -1.062750000000002792e+01 4.000000000000000000e+02 -4.824659036145655389e-01 -1.710268019030594999e+01 1.629999999999999893e+00
-7.938095177466029995e+00 1.362221667950674342e-01 -1.063000000000002743e+01 4.000000000000000000e+02 -4.824110065392703817e-01 -1.710512529323065323e+01 1.729999999999999982e+00
-7.937990756734732756e+00 1.362324955448571961e-01 -1.063250000000002693e+01 4.000000000000000000e+02 -4.818790503064186437e-01 -1.710709333699780288e+01 2.200000000000000011e-01
-7.937886552176336430e+00 1.362628889409820410e-01 -1.063500000000002643e+01 4.000000000000000000e+02 -4.817383304409122435e-01 -1.710945261713229471e+01 1.225000000000000089e+00
-7.937782603995012565e+00 1.363348670951725905e-01 -1.063750000000002593e+01 4.000000000000000000e+02 -4.809690682363487735e-01 -1.711118335492773213e+01 7.750000000000000222e-01
-7.937678846341233552e+00 1.363228200039670879e-01 -1.064000000000002544e+01 4.000000000000000000e+02 -4.805230265561858394e-01 -1.711323731324756636e+01 5.000000000000000000e-01
-7.937575312314064213e+00 1.362617668369298929e-01 -1.064250000000002494e+01 4.000000000000000000e+02 -4.804358226355564532e-01 -1.711565010932693909e+01 1.145000000000000018e+00
-7.937472038471739211e+00 1.362892789542817229e-01 -1.064500000000002444e+01 4.000000000000000000e+02 -4.802581780240181564e-01 -1.711797246471540035e+01 8.149999999999999467e-01
-7.937369014817007518e+00 1.363017253232915449e-01 -1.064750000000002395e+01 4.000000000000000000e+02 -4.799173475359504448e-01 -1.712013163422733086e+01 9.649999999999999689e-01
-7.937266223946305210e+00 1.363101981913678595e-01 -1.065000000000002345e+01 4.000000000000000000e+02 -4.783601213688506992e-01 -1.712107440806023106e+01 2.399999999999999911e-01
-7.937163540488428204e+00 1.362793314557471935e-01 -1.065250000000002295e+01 4.000000000000000000e+02 -4.780615610025484297e-01 -1.712327584769392885e+01 5.050000000000000044e-01
-7.937061093341409190e+00 1.363721574352347587e-01 -1.065500000000002245e+01 4.000000000000000000e+02 -4.771470227826955512e-01 -1.712486130947407403e+01 9.449999999999999512e-01
-7.936958818961153739e+00 1.363212243648719846e-01 -1.065750000000002196e+01 4.000000000000000000e+02 -4.761590992800071587e-01 -1.712637338597138736e+01 1.889999999999999902e+00
-7.936856709546012745e+00 1.362990781390297224e-01 -1.066000000000002146e+01 4.000000000000000000e+02 -4.757615506079331813e-01 -1.712847583729931245e+01 1.909999999999999920e+00
-7.936754824977877654e+00 1.362862662164169014e-01 -1.066250000000002096e+01 4.000000000000000000e+02 -4.755143052502775469e-01 -1.713072859194165787e+01 1.604999999999999982e+00
-7.936653180016745246e+00 1.363339858277463623e-01 -1.066500000000002046e+01 4.000000000000000000e+02 -4.749689412330371785e-01 -1.713268322792441367e+01 7.800000000000000266e-01
-7.936551743840874806e+00 1.363442926273471800e-01 -1.066750000000001997e+01 4.000000000000000000e+02 -4.739318288379537614e-01 -1.713414611552933309e+01 2.500000000000000139e-02
-7.936450466211949717e+00 1.363787932289380611e-01 -1.067000000000001947e+01 4.000000000000000000e+02 -4.733240385116160853e-01 -1.713603832520299264e+01 8.000000000000000167e-02
-7.936349390267394277e+00 1.364000952499331842e-01 -1.067250000000001897e+01 4.000000000000000000e+02 -4.714596254460632352e-01 -1.713667391213743940e+01 2.000000000000000111e-01
-7.936248388750557936e+00 1.364203018392654010e-01 -1.067500000000001847e+01 4.000000000000000000e+02 -4.708281294830015118e-01 -1.713854241617437779e+01 1.989999999999999991e+00
-7.936147585950992678e+00 1.364543107884571560e-01 -1.067750000000001798e+01 4.000000000000000000e+02 -4.703130503646829053e-01 -1.714052733705606002e+01 1.629999999999999893e+00
-7.936046993168544006e+00 1.364500904194068109e-01 -1.068000000000001748e+01 4.000000000000000000e+02 -4.692854425609486180e-01 -1.714199972925232274e+01 1.650000000000000078e-01
-7.935946558484709534e+00 1.364227393740602701e-01 -1.068250000000001698e+01 4.000000000000000000e+02 -4.691442870719403913e-01 -1.714435857376331640e+01 9.350000000000000533e-01
-7.935846370481978163e+00 1.364325261520931143e-01 -1.068500000000001648e+01 4.000000000000000000e+02 -4.690047708117768277e-01 -1.714671905750314806e+01 1.774999999999999911e+00
-7.935746428693664534e+00 1.364191528446178914e-01 -1.068750000000001599e+01 4.000000000000000000e+02 -4.688507435345196095e-01 -1.714906503022589490e+01 1.540000000000000036e+00
-7.935646731043543234e+00 1.363781443500709789e-01 -1.069000000000001549e+01 4.000000000000000000e+02 -4.685447373702030238e-01 -1.715125902406157365e+01 3.250000000000000111e-01
-7.935547261795658613e+00 1.363460644391982224e-01 -1.069250000000001499e+01 4.000000000000000000e+02 -4.677932860293553818e-01 -1.715300757272072829e+01 8.549999999999999822e-01
-7.935447976189860420e+00 1.363111358692951636e-01 -1.069500000000001450e+01 4.000000000000000000e+02 -4.676449287988247994e-01 -1.715535921549019704e+01 6.500000000000000222e-01
-7.935348933615972378e+00 1.363609199606165834e-01 -1.069750000000001400e+01 4.000000000000000000e+02 -4.676171323479580422e-01 -1.715783141903932929e+01 1.500000000000000000e+00
-7.935250145365236207e+00 1.363468918843903366e-01 -1.070000000000001350e+01 4.000000000000000000e+02 -4.658865449364386069e-01 -1.715860083162780825e+01 5.600000000000000533e-01
-7.935151442841090308e+00 1.364287113863281165e-01 -1.070250000000001300e+01 4.000000000000000000e+02 -4.655547415512998333e-01 -1.716076902824267236e+01 1.735000000000000098e+00
-7.935052963801190629e+00 1.364176181898965889e-01 -1.070500000000001251e+01 4.000000000000000000e+02 -4.651416459047217344e-01 -1.716285593259609144e+01 1.375000000000000000e+00
-7.934954699730194960e+00 1.363313993636563193e-01 -1.070750000000001201e+01 4.000000000000000000e+02 -4.647671225973546982e-01 -1.716498140928872473e+01 1.250000000000000000e-01
-7.934856653919540648e+00 1.364236948464362942e-01 -1.071000000000001151e+01 4.000000000000000000e+02 -4.646559135465999635e-01 -1.716737020023796845e+01 1.104999999999999982e+00
-7.934758851617981001e+00 1.363781801592828524e-01 -1.071250000000001101e+01 4.000000000000000000e+02 -4.643991599964621964e-01 -1.716961344668782985e+01 2.700000000000000178e-01
-7.934661277997426154e+00 1.363690600220958116e-01 -1.071500000000001052e+01 4.000000000000000000e+02 -4.636168216775687356e-01 -1.717133110836893550e+01 2.300000000000000100e-01
-7.934563881326675450e+00 1.363327710691419337e-01 -1.071750000000001002e+01 4.000000000000000000e+02 -4.635470879776468767e-01 -1.717376137466901653e+01 1.324999999999999956e+00
-7.934466730519064370e+00 1.362934083530442375e-01 -1.072000000000000952e+01 4.000000000000000000e+02 -4.635359276387546190e-01 -1.717625021433012122e+01 1.719999999999999973e+00
-7.934369830605798590e+00 1.363489839960059791e-01 -1.072250000000000902e+01 4.000000000000000000e+02 -4.632009775086771697e-01 -1.717841526420004428e+01 1.469999999999999973e+00
-7.934273149616983822e+00 1.363331965459515238e-01 -1.072500000000000853e+01 4.000000000000000000e+02 -4.629896127417352236e-01 -1.718070389943310161e+01 1.965000000000000080e+00
-7.934176698956966867e+00 1.363710005485627152e-01 -1.072750000000000803e+01 4.000000000000000000e+02 -4.629223432306687758e-01 -1.718313662992203561e+01 1.405000000000000027e+00
-7.934080491918195754e+00 1.363775534052377170e-01 -1.073000000000000753e+01 4.000000000000000000e+02 -4.619925425105198546e-01 -1.718470682920188253e+01 1.590000000000000080e+00
-7.933984445058244184e+00 1.363790152248797460e-01 -1.073250000000000703e+01 4.000000000000000000e+02 -4.619544262009422919e-01 -1.718716871289230852e+01 1.300000000000000044e+00
-7.933888643553787645e+00 1.363876322811113373e-01 -1.073500000000000654e+01 4.000000000000000000e+02 -4.606482932290389964e-01 -1.718836257992040117e+01 7.349999999999999867e-01
-7.933792965515973350e+00 1.363610708812154348e-01 -1.073750000000000604e+01 4.000000000000000000e+02 -4.604715690149804863e-01 -1.719068585570634511e+01 1.199999999999999956e+00
-7.933697518628186174e+00 1.363773208075033938e-01 -1.074000000000000554e+01 4.000000000000000000e+02 -4.602663242793196829e-01 -1.719298061097068242e+01 5.250000000000000222e-01
-7.933602299594477714e+00 1.364048318112137392e-01 -1.074250000000000504e+01 4.000000000000000000e+02 -4.600390651255736874e-01 -1.719525335181693748e+01 9.150000000000000355e-01
-7.933507305758177530e+00 1.364099848397024306e-01 -1.074500000000000455e+01 4.000000000000000000e+02 -4.599449223020281030e-01 -1.719765920899338951e+01 5.300000000000000266e-01
-7.933412549179257311e+00 1.364594802895801873e-01 -1.074750000000000405e+01 4.000000000000000000e+02 -4.599084367930332817e-01 -1.720012272348439453e+01 1.739999999999999991e+00
-7.933318034692096177e+00 1.365181916467731182e-01 -1.075000000000000355e+01 4.000000000000000000e+02 -4.598169521495689693e-01 -1.720253123884092972e+01 1.405000000000000027e+00
-7.933223756470551891e+00 1.365166427026786866e-01 -1.075250000000000306e+01 4.000000000000000000e+02 -4.597225753875598953e-01 -1.720493686207892026e+01 1.070000000000000062e+00
-7.933129713629852198e+00 1.364756511544679418e-01 -1.075500000000000256e+01 4.000000000000000000e+02 -4.594851716844370326e-01 -1.720719945837579701e+01 7.950000000000000400e-01
-7.933035892142867418e+00 1.365025659800725710e-01 -1.075750000000000206e+01 4.000000000000000000e+02 -4.589973942255625161e-01 -1.720921168091692266e+01 1.504999999999999893e+00
-7.932942268030902966e+00 1.365077859129323334e-01 -1.076000000000000156e+01 4.000000000000000000e+02 -4.586171180393822655e-01 -1.721133140473073908e+01 4.550000000000000155e-01
-7.932848850902844973e+00 1.365453161297098816e-01 -1.076250000000000107e+01 4.000000000000000000e+02 -4.585915650202371796e-01 -1.721380585171159794e+01 1.800000000000000044e+00
-7.932755673338387048e+00 1.365168908748267684e-01 -1.076500000000000057e+01 4.000000000000000000e+02 -4.583139214888595769e-01 -1.721602820818021584e+01 4.949999999999999956e-01
-7.932662711270132228e+00 1.365541774883437254e-01 -1.076750000000000007e+01 4.000000000000000000e+02 -4.577672407837191648e-01 -1.721798152747507871e+01 1.794999999999999929e+00
-7.932569939225114553e+00 1.365526613235856779e-01 -1.076999999999999957e+01 4.000000000000000000e+02 -4.573234970038970726e-01 -1.722003778369525406e+01 7.550000000000000044e-01
-7.932477366326553536e+00 1.365311270042491032e-01 -1.077249999999999908e+01 4.000000000000000000e+02 -4.569620921578904094e-01 -1.722217637884924812e+01 1.824999999999999956e+00
-7.932384999733910647e+00 1.365186989295805176e-01 -1.077499999999999858e+01 4.000000000000000000e+02 -4.558543712649457125e-01 -1.722356865795629943e+01 9.749999999999999778e-01
-7.932292770164867335e+00 1.364574037702118159e-01 -1.077749999999999808e+01 4.000000000000000000e+02 -4.550208462962820888e-01 -1.722523513298763831e+01 1.010000000000000009e+00
-7.932200702650380464e+00 1.363644999900832933e-01 -1.077999999999999758e+01 4.000000000000000000e+02 -4.544068042497265147e-01 -1.722712109094107902e+01 1.675000000000000044e+00
-7.932108817059431161e+00 1.363652509444314431e-01 -1.078249999999999709e+01 4.000000000000000000e+02 -4.542306268405846836e-01 -1.722944491353193897e+01 1.354999999999999982e+00
-7.932017153159205414e+00 1.363712468007054479e-01 -1.078499999999999659e+01 4.000000000000000000e+02 -4.540165737939999557e-01 -1.723173086048535296e+01 5.999999999999999778e-01
-7.931925706931226117e+00 1.363007102441043117e-01 -1.078749999999999609e+01 4.000000000000000000e+02 -4.537940628700654622e-01 -1.723400834956142091e+01 3.750000000000000000e-01
-7.931834477067186029e+00 1.362773088380235809e-01 -1.078999999999999559e+01 4.000000000000000000e+02 -4.533440094683993116e-01 -1.723605829615975082e+01 1.600000000000000089e+00
-7.931743442324523663e+00 1.362078484933633704e-01 -1.079249999999999510e+01 4.000000000000000000e+02 -4.532240904962378525e-01 -1.723843837718759175e+01 1.159999999999999920e+00
-7.931652632251329216e+00 1.362727207342236124e-01 -1.079499999999999460e+01 4.000000000000000000e+02 -4.528908279752022481e-01 -1.724060511466655399e+01 1.800000000000000044e+00
-7.931562026945682575e+00 1.363270653866809345e-01 -1.079749999999999410e+01 4.000000000000000000e+02 -4.528757501580230049e-01 -1.724309003684937380e+01 1.534999999999999920e+00
-7.931471654685710249e+00 1.363371706924794702e-01 -1.079999999999999361e+01 4.000000000000000000e+02 -4.516635436742826304e-01 -1.724437783036563232e+01 1.060000000000000053e+00
-7.931381406882293206e+00 1.363778321226700729e-01 -1.080249999999999311e+01 4.000000000000000000e+02 -4.516414721784666186e-01 -1.724685575886981681e+01 9.350000000000000533e-01
-7.931291390543367292e+00 1.363348663241064074e-01 -1.080499999999999261e+01 4.000000000000000000e+02 -4.514866335382212714e-01 -1.724920092022956908e+01 1.950000000000000067e-01
-7.931201593133707206e+00 1.363503964954447256e-01 -1.080749999999999211e+01 4.000000000000000000e+02 -4.513285605591452754e-01 -1.725154284725049436e+01 1.679999999999999938e+00
-7.931112013811549843e+00 1.363674946476098049e-01 -1.080999999999999162e+01 4.000000000000000000e+02 -4.511392468735965222e-01 -1.725385353356494278e+01 1.260000000000000009e+00
-7.931022649236126654e+00 1.363572292933597496e-01 -1.081249999999999112e+01 4.000000000000000000e+02 -4.510137747954477416e-01 -1.725622806148679800e+01 2.000000000000000111e-01
-7.930933504564575465e+00 1.363588836246899250e-01 -1.081499999999999062e+01 4.000000000000000000e+02 -4.503409802403440798e-01 -1.725805526693169156e+01 4.000000000000000083e-02
-7.930844530554250760e+00 1.363183007709499739e-01 -1.081749999999999012e+01 4.000000000000000000e+02 -4.503127666199797097e-01 -1.726052705331132842e+01 9.399999999999999467e-01
-7.930755784083475923e+00 1.362998132885054337e-01 -1.081999999999998963e+01 4.000000000000000000e+02 -4.500187788818411638e-01 -1.726273306557318676e+01 3.449999999999999734e-01
-7.930667241021947866e+00 1.362674671064360854e-01 -1.082249999999998913e+01 4.000000000000000000e+02 -4.500156020568069071e-01 -1.726522988874815567e+01 1.530000000000000027e+00
-7.930578926570905018e+00 1.362287460026448960e-01 -1.082499999999998863e+01 4.000000000000000000e+02 -4.496187287019273171e-01 -1.726733301539327314e+01 1.800000000000000044e+00
-7.930490805435355561e+00 1.362439751484595951e-01 -1.082749999999998813e+01 4.000000000000000000e+02 -4.488063556215652339e-01 -1.726902064231290979e+01 1.235000000000000098e+00
-7.930402840635012218e+00 1.362361894998841971e-01 -1.082999999999998764e+01 4.000000000000000000e+02 -4.484337239715500134e-01 -1.727114801066289473e+01 1.175000000000000044e+00
-7.930315070481771755e+00 1.362352235989945926e-01 -1.083249999999998714e+01 4.000000000000000000e+02 -4.479768996181033858e-01 -1.727319118630945027e+01 5.500000000000000444e-01
-7.930227487154651200e+00 1.362478243188441351e-01 -1.083499999999998664e+01 4.000000000000000000e+02 -4.478407425633168515e-01 -1.727555502925466158e+01 1.324999999999999956e+00
-7.930140118259281223e+00 1.362625704441960406e-01 -1.083749999999998614e+01 4.000000000000000000e+02 -4.478357025420331983e-01 -1.727804998923337720e+01 2.000000000000000042e-02
-7.930052974678259758e+00 1.362172061923143662e-01 -1.083999999999998565e+01 4.000000000000000000e+02 -4.474681650934043131e-01 -1.728018245178474643e+01 6.450000000000000178e-01
-7.929966024298760630e+00 1.362314500709934928e-01 -1.084249999999998515e+01 4.000000000000000000e+02 -4.469806891919049785e-01 -1.728219497588324671e+01 1.695000000000000062e+00
-7.929879256269957821e+00 1.362152783363362318e-01 -1.084499999999998465e+01 4.000000000000000000e+02 -4.469738368879156987e-01 -1.728468812357925799e+01 1.040000000000000036e+00
-7.929792711797168714e+00 1.362694911342099691e-01 -1.084749999999998415e+01 4.000000000000000000e+02 -4.466326157539825537e-01 -1.728684690244532618e+01 1.385000000000000009e+00
-7.929706361418331184e+00 1.362561055265579801e-01 -1.084999999999998366e+01 4.000000000000000000e+02 -4.464765350844044356e-01 -1.728919082177574396e+01 1.510000000000000009e+00
-7.929620220630381411e+00 1.362727320721652813e-01 -1.085249999999998316e+01 4.000000000000000000e+02 -4.461489735387149103e-01 -1.729136326023005665e+01 1.614999999999999991e+00
-7.929534274170331187e+00 1.362444083608327638e-01 -1.085499999999998266e+01 4.000000000000000000e+02 -4.458884389720506047e-01 -1.729360272566339063e+01 1.550000000000000044e+00
-7.929448527330443142e+00 1.362885040720549501e-01 -1.085749999999998217e+01 4.000000000000000000e+02 -4.456528465383326476e-01 -1.729586713322967384e+01 7.500000000000000000e-01
-7.929362981763645735e+00 1.362832964450018947e-01 -1.085999999999998167e+01 4.000000000000000000e+02 -4.452948466568516506e-01 -1.729800913334818802e+01 1.225000000000000089e+00
-7.929277626533304257e+00 1.363043569041350045e-01 -1.086249999999998117e+01 4.000000000000000000e+02 -4.451711672065495340e-01 -1.730038545389788851e+01 1.195000000000000062e+00
-7.929192481152523619e+00 1.363472064442821652e-01 -1.086499999999998067e+01 4.000000000000000000e+02 -4.447350796065872580e-01 -1.730244936629792463e+01 6.750000000000000444e-01
-7.929107518549842304e+00 1.362972488750755495e-01 -1.086749999999998018e+01 4.000000000000000000e+02 -4.445686814724212899e-01 -1.730478296816376016e+01 9.899999999999999911e-01
-7.929022761177703771e+00 1.362875851890429646e-01 -1.086999999999997968e+01 4.000000000000000000e+02 -4.442464960071655922e-01 -1.730696078269849991e+01 1.784999999999999920e+00
-7.928938195350331952e+00 1.362991070358968437e-01 -1.087249999999997918e+01 4.000000000000000000e+02 -4.431899925662987627e-01 -1.730840427925763692e+01 1.274999999999999911e+00
-7.928853758640689975e+00 1.363456868272610867e-01 -1.087499999999997868e+01 4.000000000000000000e+02 -4.428634967982444381e-01 -1.731057778348958109e+01 8.000000000000000167e-02
-7.928769512361050431e+00 1.363723744420051176e-01 -1.087749999999997819e+01 4.000000000000000000e+02 -4.423763427267362602e-01 -1.731259062941807159e+01 5.500000000000000028e-02
-7.928685442561088870e+00 1.363898804192787695e-01 -1.087999999999997769e+01 4.000000000000000000e+02 -4.418647806043431991e-01 -1.731457906729567853e+01 1.425000000000000044e+00
-7.928601546808705436e+00 1.364202134673442868e-01 -1.088249999999997719e+01 4.000000000000000000e+02 -4.411344444162152989e-01 -1.731634873110754924e+01 1.320000000000000062e+00
-7.928517806411560898e+00 1.364654061545539920e-01 -1.088499999999997669e+01 4.000000000000000000e+02 -4.405372896776656999e-01 -1.731825157636899704e+01 1.449999999999999956e+00
-7.928434232199811582e+00 1.365207092557110535e-01 -1.088749999999997620e+01 4.000000000000000000e+02 -4.404768546451363065e-01 -1.732069114133647147e+01 1.625000000000000000e+00
-7.928350868582849209e+00 1.365057799294498442e-01 -1.088999999999997570e+01 4.000000000000000000e+02 -4.399178301837341487e-01 -1.732263211687506654e+01 1.425000000000000044e+00
-7.928267673544413086e+00 1.365205194942789024e-01 -1.089249999999997520e+01 4.000000000000000000e+02 -4.398229771486713013e-01 -1.732503726384000586e+01 2.999999999999999889e-01
-7.928184685257754438e+00 1.365738354598692583e-01 -1.089499999999997470e+01 4.000000000000000000e+02 -4.389293931999698195e-01 -1.732664367989130128e+01 4.349999999999999978e-01
-7.928101837047703881e+00 1.366041024607291265e-01 -1.089749999999997421e+01 4.000000000000000000e+02 -4.389168194348985197e-01 -1.732913110612622987e+01 6.949999999999999512e-01
-7.928019201498077706e+00 1.366117302361583019e-01 -1.089999999999997371e+01 4.000000000000000000e+02 -4.386896762294781316e-01 -1.733140396292080965e+01 4.550000000000000155e-01
-7.927936760358776702e+00 1.366248123591245756e-01 -1.090249999999997321e+01 4.000000000000000000e+02 -4.379576322590845172e-01 -1.733317191895041631e+01 6.250000000000000000e-01
-7.927854471621004429e+00 1.366591950566689306e-01 -1.090499999999997272e+01 4.000000000000000000e+02 -4.372061007426393808e-01 -1.733492038743396790e+01 5.500000000000000028e-02
-7.927772333389933479e+00 1.367442065374106785e-01 -1.090749999999997222e+01 4.000000000000000000e+02 -4.372014227308700374e-01 -1.733741570942219923e+01 1.600000000000000089e+00
-7.927690406585624849e+00 1.367053705743889735e-01 -1.090999999999997172e+01 4.000000000000000000e+02 -4.370686010375777197e-01 -1.733978288772890508e+01 4.099999999999999756e-01
-7.927608680174979661e+00 1.366940198657941308e-01 -1.091249999999997122e+01 4.000000000000000000e+02 -4.369981274361174339e-01 -1.734221241412744519e+01 1.969999999999999973e+00
-7.927527158734174684e+00 1.366804746118611413e-01 -1.091499999999997073e+01 4.000000000000000000e+02 -4.369064867763977622e-01 -1.734462077346772446e+01 9.649999999999999689e-01
-7.927445840011309031e+00 1.366886579822795544e-01 -1.091749999999997023e+01 4.000000000000000000e+02 -4.368270222260280389e-01 -1.734704130891735474e+01 1.110000000000000098e+00
-7.927364724473502378e+00 1.367183360108696899e-01 -1.091999999999996973e+01 4.000000000000000000e+02 -4.367798139091403908e-01 -1.734949410060046660e+01 1.274999999999999911e+00
-7.927283814206449897e+00 1.367678110090597421e-01 -1.092249999999996923e+01 4.000000000000000000e+02 -4.367150596799139750e-01 -1.735192934637124296e+01 1.485000000000000098e+00
-7.927203107258140591e+00 1.367880173799388976e-01 -1.092499999999996874e+01 4.000000000000000000e+02 -4.363586676560233246e-01 -1.735407295434734820e+01 1.889999999999999902e+00
-7.927122579620776932e+00 1.368160949988501129e-01 -1.092749999999996824e+01 4.000000000000000000e+02 -4.362077173866308888e-01 -1.735642200407795599e+01 1.799999999999999933e-01
-7.927042247386211216e+00 1.368483717845575265e-01 -1.092999999999996774e+01 4.000000000000000000e+02 -4.360444863233335910e-01 -1.735875877301465664e+01 3.049999999999999933e-01
-7.926962109080536223e+00 1.368085385956364919e-01 -1.093249999999996724e+01 4.000000000000000000e+02 -4.357939624597798600e-01 -1.736100824915110508e+01 2.200000000000000011e-01
-7.926882157241471383e+00 1.369164404128210277e-01 -1.093499999999996675e+01 4.000000000000000000e+02 -4.357303992565528805e-01 -1.736344468594787571e+01 5.000000000000000000e-01
-7.926802406331368900e+00 1.369138458463628749e-01 -1.093749999999996625e+01 4.000000000000000000e+02 -4.355345143445411571e-01 -1.736574880103586693e+01 1.185000000000000053e+00
-7.926722845302770715e+00 1.368693005950922803e-01 -1.093999999999996575e+01 4.000000000000000000e+02 -4.352749338939498336e-01 -1.736798922058527239e+01 1.270000000000000018e+00
-7.926643468632951439e+00 1.368640254037034598e-01 -1.094249999999996525e+01 4.000000000000000000e+02 -4.349421599694154317e-01 -1.737015644666074010e+01 1.840000000000000080e+00
-7.926564270083757080e+00 1.368956422474385815e-01 -1.094499999999996476e+01 4.000000000000000000e+02 -4.338274806963122177e-01 -1.737154176738763312e+01 2.800000000000000266e-01
-7.926485187432890100e+00 1.369033425461735620e-01 -1.094749999999996426e+01 4.000000000000000000e+02 -4.336828590482179613e-01 -1.737389714573954080e+01 1.919999999999999929e+00
-7.926406297063912199e+00 1.368872525766731130e-01 -1.094999999999996376e+01 4.000000000000000000e+02 -4.330457919982517168e-01 -1.737576007868957007e+01 1.885000000000000009e+00
-7.926327559731428885e+00 1.368807196923715608e-01 -1.095249999999996326e+01 4.000000000000000000e+02 -4.329673960500025065e-01 -1.737818168274132447e+01 2.899999999999999800e-01
-7.926249019015518371e+00 1.369316400232565567e-01 -1.095499999999996277e+01 4.000000000000000000e+02 -4.320349007258476037e-01 -1.737974918741716834e+01 1.979999999999999982e+00
-7.926170607469783747e+00 1.369369529042889500e-01 -1.095749999999996227e+01 4.000000000000000000e+02 -4.305290508041820230e-01 -1.738074333749550249e+01 1.830000000000000071e+00
-7.926092279976886701e+00 1.369437034593810332e-01 -1.095999999999996177e+01 4.000000000000000000e+02 -4.305228379029950592e-01 -1.738323712459431292e+01 7.700000000000000178e-01
-7.926014153684540986e+00 1.370498383400789721e-01 -1.096249999999996128e+01 4.000000000000000000e+02 -4.302844094120832352e-01 -1.738549869610340437e+01 7.399999999999999911e-01
-7.925936209963322376e+00 1.370429717507396228e-01 -1.096499999999996078e+01 4.000000000000000000e+02 -4.301121280676628578e-01 -1.738782641475897961e+01 1.030000000000000027e+00
-7.925858453515742141e+00 1.370523397885456685e-01 -1.096749999999996028e+01 4.000000000000000000e+02 -4.300531889365355465e-01 -1.739026747562785502e+01 9.150000000000000355e-01
-7.925780892668409905e+00 1.369883762697650664e-01 -1.096999999999995978e+01 4.000000000000000000e+02 -4.299413706482628772e-01 -1.739265565733957786e+01 9.399999999999999467e-01
-7.925703522823184244e+00 1.370175708555401439e-01 -1.097249999999995929e+01 4.000000000000000000e+02 -4.299091982736462092e-01 -1.739512348496496230e+01 1.004999999999999893e+00
-7.925626349641514246e+00 1.370890712533530398e-01 -1.097499999999995879e+01 4.000000000000000000e+02 -4.292940035763453399e-01 -1.739700829026766016e+01 1.959999999999999964e+00
-7.925549327717704706e+00 1.371037291754433896e-01 -1.097749999999995829e+01 4.000000000000000000e+02 -4.291551219716805976e-01 -1.739936940866299864e+01 7.000000000000000666e-02
-7.925472493348204139e+00 1.371358155699054782e-01 -1.097999999999995779e+01 4.000000000000000000e+02 -4.290281891248491908e-01 -1.740174247581616385e+01 1.745000000000000107e+00
-7.925395846977744796e+00 1.371617063565090944e-01 -1.098249999999995730e+01 4.000000000000000000e+02 -4.288184556078769583e-01 -1.740403274229919361e+01 2.349999999999999867e-01
-7.925319381801109841e+00 1.371223963069404250e-01 -1.098499999999995680e+01 4.000000000000000000e+02 -4.287476868390170393e-01 -1.740646197353033031e+01 2.099999999999999922e-01
-7.925243107975852297e+00 1.370480309555937581e-01 -1.098749999999995630e+01 4.000000000000000000e+02 -4.285223402854712038e-01 -1.740873662697678625e+01 3.850000000000000089e-01
-7.925167013247383707e+00 1.371292307773281649e-01 -1.098999999999995580e+01 4.000000000000000000e+02 -4.283112269100236014e-01 -1.741102551360133432e+01 1.040000000000000036e+00
-7.925091098262069700e+00 1.371649123965419381e-01 -1.099249999999995531e+01 4.000000000000000000e+02 -4.282919637346880304e-01 -1.741350625042599987e+01 7.199999999999999734e-01
-7.925015377109705383e+00 1.371791574563330784e-01 -1.099499999999995481e+01 4.000000000000000000e+02 -4.280850194283544741e-01 -1.741579930611966631e+01 1.409999999999999920e+00
-7.924939835104814811e+00 1.372030554717781903e-01 -1.099749999999995431e+01 4.000000000000000000e+02 -4.273958028449534874e-01 -1.741761008953626444e+01 1.294999999999999929e+00
-7.924864435457048550e+00 1.371912659908867405e-01 -1.099999999999995381e+01 4.000000000000000000e+02 -4.273004811725589214e-01 -1.742001476786386860e+01 1.050000000000000044e+00
-7.924789222567572011e+00 1.371778027153628399e-01 -1.100249999999995332e+01 4.000000000000000000e+02 -4.272289562354135706e-01 -1.742244324292672530e+01 1.189999999999999947e+00
-7.924714197745108102e+00 1.371786513748033676e-01 -1.100499999999995282e+01 4.000000000000000000e+02 -4.271983896276882464e-01 -1.742491267631899632e+01 8.500000000000000611e-02
-7.924639363570377348e+00 1.371732340490147695e-01 -1.100749999999995232e+01 4.000000000000000000e+02 -4.264242941637367279e-01 -1.742663858085504813e+01 1.110000000000000098e+00
-7.924564664026155114e+00 1.371562161629446552e-01 -1.100999999999995183e+01 4.000000000000000000e+02 -4.260351092978426069e-01 -1.742874939598915063e+01 2.800000000000000266e-01
-7.924490127554535412e+00 1.371862815594120100e-01 -1.101249999999995133e+01 4.000000000000000000e+02 -4.256147425516819127e-01 -1.743082902924299304e+01 9.100000000000000311e-01
-7.924415751468345093e+00 1.371748548679611046e-01 -1.101499999999995083e+01 4.000000000000000000e+02 -4.254376019558333555e-01 -1.743315188864714216e+01 3.499999999999999778e-01
-7.924341553459002263e+00 1.371669605521692037e-01 -1.101749999999995033e+01 4.000000000000000000e+02 -4.253489874902635082e-01 -1.743556327418157181e+01 1.950000000000000067e-01
-7.924267539639181734e+00 1.371917671358839907e-01 -1.101999999999994984e+01 4.000000000000000000e+02 -4.248954096184643370e-01 -1.743760969630977087e+01 6.500000000000000222e-02
-7.924193682588860810e+00 1.371424177016703216e-01 -1.102249999999994934e+01 4.000000000000000000e+02 -4.245503961333581544e-01 -1.743976468282466641e+01 4.000000000000000222e-01
-7.924119989964977684e+00 1.371494502628309298e-01 -1.102499999999994884e+01 4.000000000000000000e+02 -4.245250527165126408e-01 -1.744223933940781635e+01 1.620000000000000107e+00
-7.924046484889661457e+00 1.371487495394976830e-01 -1.102749999999994834e+01 4.000000000000000000e+02 -4.237846651860220915e-01 -1.744399895187732952e+01 1.665000000000000036e+00
-7.923973114429425202e+00 1.371483362371626047e-01 -1.102999999999994785e+01 4.000000000000000000e+02 -4.237710009421558066e-01 -1.744648528763346107e+01 1.020000000000000018e+00
-7.923899931528988638e+00 1.371107062962037271e-01 -1.103249999999994735e+01 4.000000000000000000e+02 -4.235070505451621892e-01 -1.744872133723646712e+01 4.099999999999999756e-01
-7.923826917423745897e+00 1.371175465640774582e-01 -1.103499999999994685e+01 4.000000000000000000e+02 -4.225655809737748902e-01 -1.745027986766507766e+01 1.199999999999999956e-01
-7.923754022342802905e+00 1.371103839599297214e-01 -1.103749999999994635e+01 4.000000000000000000e+02 -4.223254632121859475e-01 -1.745253974990349022e+01 1.965000000000000080e+00
-7.923681297105487076e+00 1.370994899556000068e-01 -1.103999999999994586e+01 4.000000000000000000e+02 -4.215766802502628474e-01 -1.745429096694156357e+01 1.419999999999999929e+00
-7.923608704389099699e+00 1.370610009556045283e-01 -1.104249999999994536e+01 4.000000000000000000e+02 -4.203169464620348794e-01 -1.745553123315333721e+01 1.590000000000000080e+00
-7.923536206910723578e+00 1.370245689588613092e-01 -1.104499999999994486e+01 4.000000000000000000e+02 -4.202581590070449957e-01 -1.745797244569834561e+01 1.750000000000000000e+00
-7.923463891434550099e+00 1.370140903313282754e-01 -1.104749999999994436e+01 4.000000000000000000e+02 -4.190801730111267664e-01 -1.745929445970243066e+01 4.499999999999999833e-02
-7.923391676716074805e+00 1.370719163924492834e-01 -1.104999999999994387e+01 4.000000000000000000e+02 -4.187483303677759228e-01 -1.746146261705907676e+01 9.449999999999999512e-01
-7.923319623598518824e+00 1.371070575576581740e-01 -1.105249999999994337e+01 4.000000000000000000e+02 -4.187416448084131382e-01 -1.746395593149971504e+01 3.400000000000000244e-01
-7.923247755080168098e+00 1.371227998498223966e-01 -1.105499999999994287e+01 4.000000000000000000e+02 -4.185668155555035130e-01 -1.746628110224680341e+01 1.665000000000000036e+00
-7.923176058621002937e+00 1.370356618666856707e-01 -1.105749999999994237e+01 4.000000000000000000e+02 -4.185433310654678718e-01 -1.746875761775676850e+01 6.650000000000000355e-01
-7.923104544620510836e+00 1.370085896488406618e-01 -1.105999999999994188e+01 4.000000000000000000e+02 -4.183909252064251239e-01 -1.747110521189772214e+01 1.849999999999999978e-01
-7.923033203404871827e+00 1.369685197710004132e-01 -1.106249999999994138e+01 4.000000000000000000e+02 -4.183208453690093753e-01 -1.747353513206030939e+01 1.750000000000000000e+00
-7.922962040402937944e+00 1.369142785001570273e-01 -1.106499999999994088e+01 4.000000000000000000e+02 -4.181823645240718146e-01 -1.747589665121536839e+01 3.449999999999999734e-01
-7.922891050301433147e+00 1.369197283013036115e-01 -1.106749999999994039e+01 4.000000000000000000e+02 -4.181808983187620399e-01 -1.747839518501006140e+01 1.314999999999999947e+00
-7.922820242370087307e+00 1.369326013407402565e-01 -1.106999999999993989e+01 4.000000000000000000e+02 -4.180318092473311875e-01 -1.748074609593862760e+01 3.350000000000000200e-01
-7.922749605702128939e+00 1.369591196734297744e-01 -1.107249999999993939e+01 4.000000000000000000e+02 -4.178722502937277650e-01 -1.748308653698502368e+01 1.250000000000000000e+00
-7.922679139133522064e+00 1.369657405446582654e-01 -1.107499999999993889e+01 4.000000000000000000e+02 -4.176723637500715514e-01 -1.748538665044136664e+01 1.794999999999999929e+00
-7.922608839407848436e+00 1.369696782118961509e-01 -1.107749999999993840e+01 4.000000000000000000e+02 -4.171307813335500825e-01 -1.748734506802484745e+01 1.229999999999999982e+00
-7.922538682150879197e+00 1.370285459434530118e-01 -1.107999999999993790e+01 4.000000000000000000e+02 -4.170368201332987357e-01 -1.748975110682459189e+01 5.000000000000000000e-01
-7.922468698396052389e+00 1.370599593070712385e-01 -1.108249999999993740e+01 4.000000000000000000e+02 -4.167812116798008670e-01 -1.749199549837109657e+01 2.049999999999999878e-01
-7.922398876416967717e+00 1.370493370241752940e-01 -1.108499999999993690e+01 4.000000000000000000e+02 -4.164067567337790265e-01 -1.749412104342507135e+01 1.429999999999999938e+00
-7.922329207549285712e+00 1.370401060104128321e-01 -1.108749999999993641e+01 4.000000000000000000e+02 -4.163040370102397691e-01 -1.749651832370153315e+01 9.749999999999999778e-01
-7.922259710333370286e+00 1.370433567012962484e-01 -1.108999999999993591e+01 4.000000000000000000e+02 -4.161581813758528092e-01 -1.749887246806714458e+01 6.400000000000000133e-01
-7.922190381344015542e+00 1.370217201025101805e-01 -1.109249999999993541e+01 4.000000000000000000e+02 -4.158268550714606659e-01 -1.750104114176275516e+01 9.599999999999999645e-01
-7.922121207334271276e+00 1.370356864837307675e-01 -1.109499999999993491e+01 4.000000000000000000e+02 -4.148631930270708645e-01 -1.750257747971836153e+01 1.495000000000000107e+00
-7.922052144291289899e+00 1.370555818219702793e-01 -1.109749999999993442e+01 4.000000000000000000e+02 -4.141027751842910609e-01 -1.750431706187558234e+01 9.050000000000000266e-01
-7.921983206041656622e+00 1.370913343468599943e-01 -1.109999999999993392e+01 4.000000000000000000e+02 -4.135729335104778581e-01 -1.750628722020176653e+01 1.650000000000000078e-01
-7.921914408215719128e+00 1.371038257768557589e-01 -1.110249999999993342e+01 4.000000000000000000e+02 -4.128338392462548301e-01 -1.750804812593754534e+01 3.500000000000000333e-02
-7.921845736149999873e+00 1.370975612809572919e-01 -1.110499999999993292e+01 4.000000000000000000e+02 -4.126448882403589979e-01 -1.751035917493164717e+01 1.500000000000000000e+00
-7.921777227304756863e+00 1.370828293105647022e-01 -1.110749999999993243e+01 4.000000000000000000e+02 -4.124854463011342065e-01 -1.751269973299242366e+01 1.774999999999999911e+00
-7.921708883297633008e+00 1.371368787776459375e-01 -1.110999999999993193e+01 4.000000000000000000e+02 -4.124624529145710650e-01 -1.751517673960585952e+01 1.780000000000000027e+00
-7.921640713022842561e+00 1.370953416095029576e-01 -1.111249999999993143e+01 4.000000000000000000e+02 -4.122070238434839551e-01 -1.751742131053477181e+01 1.689999999999999947e+00
-7.921572700220727015e+00 1.370740927551495347e-01 -1.111499999999993094e+01 4.000000000000000000e+02 -4.115236875646927639e-01 -1.751923797425597940e+01 1.125000000000000000e+00
-7.921504815475681305e+00 1.370362735835272128e-01 -1.111749999999993044e+01 4.000000000000000000e+02 -4.113443112555877357e-01 -1.752155859794687487e+01 1.625000000000000000e+00
-7.921437092674952218e+00 1.370339271650506396e-01 -1.111999999999992994e+01 4.000000000000000000e+02 -4.108901969391974829e-01 -1.752360448363048206e+01 5.300000000000000266e-01
-7.921369512857713957e+00 1.370601783967780318e-01 -1.112249999999992944e+01 4.000000000000000000e+02 -4.108682758618771302e-01 -1.752608256255316377e+01 5.550000000000000488e-01
-7.921302104851051240e+00 1.370346735338027755e-01 -1.112499999999992895e+01 4.000000000000000000e+02 -4.106451027971382284e-01 -1.752835938948842198e+01 1.530000000000000027e+00
-7.921234854674212400e+00 1.370681715939824352e-01 -1.112749999999992845e+01 4.000000000000000000e+02 -4.101332585450575552e-01 -1.753034754523634575e+01 1.049999999999999961e-01
-7.921167742577194026e+00 1.370430199255437687e-01 -1.112999999999992795e+01 4.000000000000000000e+02 -4.100404304664259092e-01 -1.753275471715771161e+01 1.104999999999999982e+00
-7.921100796323749194e+00 1.370252147794478459e-01 -1.113249999999992745e+01 4.000000000000000000e+02 -4.094902249681385276e-01 -1.753470451165942379e+01 1.939999999999999947e+00
-7.921033984942985384e+00 1.370297152997005385e-01 -1.113499999999992696e+01 4.000000000000000000e+02 -4.093397885234927869e-01 -1.753705407521477611e+01 2.750000000000000222e-01
-7.920967334803298954e+00 1.370410291275654668e-01 -1.113749999999992646e+01 4.000000000000000000e+02 -4.090547220465732825e-01 -1.753926900873785755e+01 1.665000000000000036e+00
-7.920900836553086855e+00 1.370602811397881038e-01 -1.113999999999992596e+01 4.000000000000000000e+02 -4.088054558362668733e-01 -1.754151974252754798e+01 1.689999999999999947e+00
-7.920834492211249689e+00 1.370405133182303892e-01 -1.114249999999992546e+01 4.000000000000000000e+02 -4.087979672572030765e-01 -1.754401225394848751e+01 1.225000000000000089e+00
-7.920768317412385962e+00 1.370059047875096803e-01 -1.114499999999992497e+01 4.000000000000000000e+02 -4.087157401873441342e-01 -1.754643002687862463e+01 1.729999999999999982e+00
-7.920702306778864887e+00 1.369954741776489016e-01 -1.114749999999992447e+01 4.000000000000000000e+02 -4.082723214996338834e-01 -1.754848660819091677e+01 1.794999999999999929e+00
-7.920636436105776390e+00 1.369823850040682300e-01 -1.114999999999992397e+01 4.000000000000000000e+02 -4.082292595044173522e-01 -1.755094354619569685e+01 1.225000000000000089e+00
-7.920570731396898267e+00 1.370204260891675352e-01 -1.115249999999992347e+01 4.000000000000000000e+02 -4.080834507417505641e-01 -1.755329773743303079e+01 5.400000000000000355e-01
-7.920505185489149724e+00 1.370170907718611109e-01 -1.115499999999992298e+01 4.000000000000000000e+02 -4.076613147902488077e-01 -1.755537560148152920e+01 1.889999999999999902e+00
-7.920439779918105216e+00 1.370141888702799127e-01 -1.115749999999992248e+01 4.000000000000000000e+02 -4.075414346455829562e-01 -1.755775572133686424e+01 4.600000000000000200e-01
-7.920374534097413211e+00 1.370304797267852259e-01 -1.115999999999992198e+01 4.000000000000000000e+02 -4.074807801253617634e-01 -1.756019506681663955e+01 4.099999999999999756e-01
-7.920309451481053031e+00 1.370258189199966281e-01 -1.116249999999992149e+01 4.000000000000000000e+02 -4.071740677684121401e-01 -1.756238835445969215e+01 6.400000000000000133e-01
-7.920244515674728092e+00 1.370349648497879436e-01 -1.116499999999992099e+01 4.000000000000000000e+02 -4.071719528645305619e-01 -1.756488623955580763e+01 1.665000000000000036e+00
-7.920179746068793492e+00 1.370350260144202748e-01 -1.116749999999992049e+01 4.000000000000000000e+02 -4.070191268163028120e-01 -1.756723341350758005e+01 1.885000000000000009e+00
-7.920115132490205490e+00 1.370004550651686692e-01 -1.116999999999991999e+01 4.000000000000000000e+02 -4.068557205029722512e-01 -1.756957000719424755e+01 1.179999999999999938e+00
-7.920050673871092073e+00 1.369935520538758389e-01 -1.117249999999991950e+01 4.000000000000000000e+02 -4.067837915103296731e-01 -1.757199807820160586e+01 1.679999999999999938e+00
-7.919986375711772553e+00 1.370173827942712808e-01 -1.117499999999991900e+01 4.000000000000000000e+02 -4.066027720076039187e-01 -1.757431705869887750e+01 1.729999999999999982e+00
-7.919922230605513036e+00 1.370196223245068456e-01 -1.117749999999991850e+01 4.000000000000000000e+02 -4.064408532835217525e-01 -1.757665513997479678e+01 9.699999999999999734e-01
-7.919858239400463518e+00 1.370220166880638524e-01 -1.117999999999991800e+01 4.000000000000000000e+02 -4.053281963549535960e-01 -1.757804248304622874e+01 2.600000000000000089e-01
-7.919794340997715842e+00 1.370267226716413156e-01 -1.118249999999991751e+01 4.000000000000000000e+02 -4.049928143586962737e-01 -1.758020710104997164e+01 1.945000000000000062e+00
-7.919730584830522169e+00 1.370159027742394731e-01 -1.118499999999991701e+01 4.000000000000000000e+02 -4.044895011259703743e-01 -1.758220378781724236e+01 1.810000000000000053e+00
-7.919666959889854141e+00 1.370348070168330989e-01 -1.118749999999991651e+01 4.000000000000000000e+02 -4.042272682743768830e-01 -1.758444155496565031e+01 5.300000000000000266e-01
-7.919603481202116768e+00 1.370587730957807393e-01 -1.118999999999991601e+01 4.000000000000000000e+02 -4.042151274819947293e-01 -1.758692941417326594e+01 1.554999999999999938e+00
-7.919540164258414450e+00 1.370397793180337109e-01 -1.119249999999991552e+01 4.000000000000000000e+02 -4.038871749081638374e-01 -1.758910146159943721e+01 6.550000000000000266e-01
-7.919476988688611385e+00 1.370534790531702241e-01 -1.119499999999991502e+01 4.000000000000000000e+02 -4.035020681546779286e-01 -1.759121635484594748e+01 1.250000000000000000e+00
-7.919413950565471261e+00 1.370395124469998283e-01 -1.119749999999991452e+01 4.000000000000000000e+02 -4.031390531448314496e-01 -1.759335333983610283e+01 8.000000000000000444e-01
-7.919351050970858452e+00 1.370885251547958594e-01 -1.119999999999991402e+01 4.000000000000000000e+02 -4.023417064226754158e-01 -1.759505599311394519e+01 1.084999999999999964e+00
-7.919288262327345507e+00 1.370792123660604100e-01 -1.120249999999991353e+01 4.000000000000000000e+02 -4.020492026587852430e-01 -1.759726348935005547e+01 6.750000000000000444e-01
-7.919225616065791229e+00 1.370851887962337701e-01 -1.120499999999991303e+01 4.000000000000000000e+02 -4.015559813572490144e-01 -1.759927026804851735e+01 4.799999999999999822e-01
-7.919163099307876763e+00 1.370545266410956586e-01 -1.120749999999991253e+01 4.000000000000000000e+02 -4.014847365569542137e-01 -1.760169902324822644e+01 8.549999999999999822e-01
-7.919100738097515801e+00 1.370861622225322540e-01 -1.120999999999991203e+01 4.000000000000000000e+02 -4.014451830555538225e-01 -1.760415946974682200e+01 1.489999999999999991e+00
-7.919038534009326114e+00 1.370937155250583628e-01 -1.121249999999991154e+01 4.000000000000000000e+02 -4.008423057590239647e-01 -1.760605659245029386e+01 2.399999999999999911e-01
-7.918976451676171813e+00 1.370691882757835434e-01 -1.121499999999991104e+01 4.000000000000000000e+02 -4.007641205096961201e-01 -1.760847840720096258e+01 1.650000000000000078e-01
-7.918914523353016932e+00 1.370714607120592232e-01 -1.121749999999991054e+01 4.000000000000000000e+02 -4.006887522500409693e-01 -1.761090303894130926e+01 5.749999999999999556e-01
-7.918852748822315490e+00 1.370803839842874294e-01 -1.121999999999991005e+01 4.000000000000000000e+02 -3.999907795795362708e-01 -1.761270506627080223e+01 1.604999999999999982e+00
-7.918791089316324694e+00 1.371275490506967953e-01 -1.122249999999990955e+01 4.000000000000000000e+02 -3.995473038501695107e-01 -1.761476159054143764e+01 1.090000000000000080e+00
-7.918729560274258894e+00 1.370911614112820254e-01 -1.122499999999990905e+01 4.000000000000000000e+02 -3.992773712464088298e-01 -1.761699165793767463e+01 1.250000000000000000e+00
-7.918668172066169575e+00 1.370904226689701189e-01 -1.122749999999990855e+01 4.000000000000000000e+02 -3.991304239497672213e-01 -1.761934471064103391e+01 3.750000000000000000e-01
-7.918606931892960610e+00 1.371009668680323312e-01 -1.122999999999990806e+01 4.000000000000000000e+02 -3.988400146932034041e-01 -1.762155430138446732e+01 2.149999999999999967e-01
-7.918545830623808790e+00 1.370996734688367524e-01 -1.123249999999990756e+01 4.000000000000000000e+02 -3.988280029109276259e-01 -1.762404228960219399e+01 1.010000000000000009e+00
-7.918484884904174237e+00 1.371056292209044958e-01 -1.123499999999990706e+01 4.000000000000000000e+02 -3.987715002262604003e-01 -1.762648578691752377e+01 1.064999999999999947e+00
-7.918424091624015837e+00 1.371341994999740188e-01 -1.123749999999990656e+01 4.000000000000000000e+02 -3.986025527896874254e-01 -1.762881683948095102e+01 1.485000000000000098e+00
-7.918363443573849025e+00 1.371274349119606939e-01 -1.123999999999990607e+01 4.000000000000000000e+02 -3.983032437110193835e-01 -1.763101753040228203e+01 8.349999999999999645e-01
-7.918302932510387748e+00 1.371217095894055049e-01 -1.124249999999990557e+01 4.000000000000000000e+02 -3.981269344408673860e-01 -1.763334122113213098e+01 1.614999999999999991e+00
-7.918242565541314448e+00 1.371672960761902982e-01 -1.124499999999990507e+01 4.000000000000000000e+02 -3.976964450925854488e-01 -1.763541073178384622e+01 5.500000000000000444e-01
-7.918182327005802712e+00 1.371927877369867044e-01 -1.124749999999990457e+01 4.000000000000000000e+02 -3.972534606900746113e-01 -1.763746774738133638e+01 4.949999999999999956e-01
-7.918122215871827407e+00 1.372040517333176224e-01 -1.124999999999990408e+01 4.000000000000000000e+02 -3.963109805750964498e-01 -1.763902526726635855e+01 8.599999999999999867e-01
-7.918062201893967256e+00 1.372137990095600446e-01 -1.125249999999990358e+01 4.000000000000000000e+02 -3.959428644975809819e-01 -1.764115715118884253e+01 1.770000000000000018e+00
-7.918002319312623882e+00 1.372444125981214513e-01 -1.125499999999990308e+01 4.000000000000000000e+02 -3.958490522540967227e-01 -1.764356333894535567e+01 7.550000000000000044e-01
-7.917942584219594515e+00 1.372590527204086419e-01 -1.125749999999990258e+01 4.000000000000000000e+02 -3.944563382881021707e-01 -1.764467062497936212e+01 1.534999999999999920e+00
-7.917882918795940306e+00 1.372438034351850522e-01 -1.125999999999990209e+01 4.000000000000000000e+02 -3.944271624516471619e-01 -1.764714144914290728e+01 1.479999999999999982e+00
-7.917823404159663347e+00 1.372488127606890929e-01 -1.126249999999990159e+01 4.000000000000000000e+02 -3.941430747326765682e-01 -1.764935736142393452e+01 1.250000000000000000e+00
-7.917764024786621668e+00 1.372441337324129540e-01 -1.126499999999990109e+01 4.000000000000000000e+02 -3.940996494596714084e-01 -1.765181393615092986e+01 1.479999999999999982e+00
-7.917704794617159259e+00 1.372598169626790543e-01 -1.126749999999990060e+01 4.000000000000000000e+02 -3.933787075107314513e-01 -1.765359299420198980e+01 7.700000000000000178e-01
-7.917645673226587633e+00 1.372716629150158019e-01 -1.126999999999990010e+01 4.000000000000000000e+02 -3.933286785793783658e-01 -1.765604296527063610e+01 8.050000000000000488e-01
-7.917586699986737031e+00 1.372685410511111648e-01 -1.127249999999989960e+01 4.000000000000000000e+02 -3.917736318136157969e-01 -1.765698791850487481e+01 6.149999999999999911e-01
-7.917527785920231764e+00 1.372555130878869711e-01 -1.127499999999989910e+01 4.000000000000000000e+02 -3.916591061002488439e-01 -1.765937339279150464e+01 5.600000000000000533e-01
-7.917469015682494948e+00 1.372995704989176113e-01 -1.127749999999989861e+01 4.000000000000000000e+02 -3.904952314308907657e-01 -1.766070951812214673e+01 7.449999999999999956e-01
-7.917410327363548994e+00 1.373016326145398425e-01 -1.127999999999989811e+01 4.000000000000000000e+02 -3.900898089747658060e-01 -1.766280409566601861e+01 1.060000000000000053e+00
-7.917351765276502640e+00 1.373294945160922487e-01 -1.128249999999989761e+01 4.000000000000000000e+02 -3.898285355257332663e-01 -1.766504282221698929e+01 1.254999999999999893e+00
-7.917293337565133982e+00 1.373251230091165342e-01 -1.128499999999989711e+01 4.000000000000000000e+02 -3.890434684435405410e-01 -1.766675775513479252e+01 3.250000000000000111e-01
-7.917235013372331487e+00 1.373093815257473982e-01 -1.128749999999989662e+01 4.000000000000000000e+02 -3.889679918682620863e-01 -1.766918227855951784e+01 1.659999999999999920e+00
-7.917176833805783076e+00 1.372905469031084624e-01 -1.128999999999989612e+01 4.000000000000000000e+02 -3.887325933378246723e-01 -1.767144688002907671e+01 1.395000000000000018e+00
-7.917118789216884167e+00 1.372872833279089044e-01 -1.129249999999989562e+01 4.000000000000000000e+02 -3.887278512711611067e-01 -1.767394213796241331e+01 8.900000000000000133e-01
-7.917060892640050085e+00 1.372901593512343421e-01 -1.129499999999989512e+01 4.000000000000000000e+02 -3.883406764517144949e-01 -1.767605496314296687e+01 4.699999999999999734e-01
-7.917003121600642679e+00 1.372851207499808102e-01 -1.129749999999989463e+01 4.000000000000000000e+02 -3.883275480660383638e-01 -1.767854183475729002e+01 7.249999999999999778e-01
-7.916945497376774554e+00 1.372743306461030877e-01 -1.129999999999989413e+01 4.000000000000000000e+02 -3.879398241331715735e-01 -1.768065411082442040e+01 3.850000000000000089e-01
-7.916887998052573039e+00 1.373043864070130071e-01 -1.130249999999989363e+01 4.000000000000000000e+02 -3.873109925570383805e-01 -1.768252527924828854e+01 1.790000000000000036e+00
-7.916830609515411510e+00 1.372899968446385510e-01 -1.130499999999989313e+01 4.000000000000000000e+02 -3.868203891147294349e-01 -1.768453467580597760e+01 1.875000000000000000e+00
-7.916773339462144676e+00 1.373036856792149707e-01 -1.130749999999989264e+01 4.000000000000000000e+02 -3.863396538958412396e-01 -1.768655394058709263e+01 6.400000000000000133e-01
-7.916716188205354499e+00 1.373266599695454337e-01 -1.130999999999989214e+01 4.000000000000000000e+02 -3.863332301933984358e-01 -1.768904751688464572e+01 8.599999999999999867e-01
-7.916659182535939365e+00 1.372486360774062830e-01 -1.131249999999989164e+01 4.000000000000000000e+02 -3.858697979756568475e-01 -1.769108408466690818e+01 1.725000000000000089e+00
-7.916602296083847357e+00 1.372007932533562957e-01 -1.131499999999989114e+01 4.000000000000000000e+02 -3.852719815165246420e-01 -1.769298626820777187e+01 9.150000000000000355e-01
-7.916545520964043625e+00 1.371827094735652008e-01 -1.131749999999989065e+01 4.000000000000000000e+02 -3.851821695700923809e-01 -1.769539645626134217e+01 5.000000000000000104e-03
-7.916488885729785707e+00 1.371773562073058117e-01 -1.131999999999989015e+01 4.000000000000000000e+02 -3.851406245418654839e-01 -1.769785491123311161e+01 6.450000000000000178e-01
-7.916432392755254455e+00 1.372033835119541856e-01 -1.132249999999988965e+01 4.000000000000000000e+02 -3.849029575097474565e-01 -1.770011724420099597e+01 1.254999999999999893e+00
-7.916376030622648052e+00 1.371984311386490185e-01 -1.132499999999988916e+01 4.000000000000000000e+02 -3.848211571774399209e-01 -1.770253544386868683e+01 9.849999999999999867e-01
-7.916319807785282769e+00 1.372072899622801267e-01 -1.132749999999988866e+01 4.000000000000000000e+02 -3.829967228549246983e-01 -1.770321100954617322e+01 1.350000000000000089e-01
-7.916263626074938387e+00 1.372014857837727808e-01 -1.132999999999988816e+01 4.000000000000000000e+02 -3.825431176557270163e-01 -1.770525740434697326e+01 1.520000000000000018e+00
-7.916207562363533512e+00 1.371844529888940623e-01 -1.133249999999988766e+01 4.000000000000000000e+02 -3.821635314919941684e-01 -1.770737781818323953e+01 3.800000000000000044e-01
-7.916151620537435818e+00 1.372100938138128279e-01 -1.133499999999988717e+01 4.000000000000000000e+02 -3.820793198648487765e-01 -1.770979360655609369e+01 1.614999999999999991e+00
-7.916095816809839647e+00 1.371921474717867073e-01 -1.133749999999988667e+01 4.000000000000000000e+02 -3.818927231130223032e-01 -1.771210700980426722e+01 9.549999999999999600e-01
-7.916040145132654970e+00 1.371900930530355334e-01 -1.133999999999988617e+01 4.000000000000000000e+02 -3.816777298120437867e-01 -1.771439201650328599e+01 8.000000000000000167e-02
-7.915984603608959169e+00 1.372336042370546072e-01 -1.134249999999988567e+01 4.000000000000000000e+02 -3.814322729548700885e-01 -1.771664655964611512e+01 1.334999999999999964e+00
-7.915929190239250346e+00 1.372659293492016486e-01 -1.134499999999988518e+01 4.000000000000000000e+02 -3.811638179348639244e-01 -1.771887810462610702e+01 2.250000000000000056e-01
-7.915873903449310411e+00 1.372701754518506900e-01 -1.134749999999988468e+01 4.000000000000000000e+02 -3.811453440696911388e-01 -1.772135963076093290e+01 1.010000000000000009e+00
-7.915818756730005568e+00 1.373055642313975866e-01 -1.134999999999988418e+01 4.000000000000000000e+02 -3.806956351702138752e-01 -1.772340992186145314e+01 1.020000000000000018e+00
-7.915763725993354427e+00 1.372853839781551510e-01 -1.135249999999988368e+01 4.000000000000000000e+02 -3.802248732268754816e-01 -1.772543915991811758e+01 1.925000000000000044e+00
-7.915708809832955772e+00 1.373011180904138429e-01 -1.135499999999988319e+01 4.000000000000000000e+02 -3.802024162246467331e-01 -1.772791670291588773e+01 1.975000000000000089e+00
-7.915654032565736742e+00 1.373243821996559810e-01 -1.135749999999988269e+01 4.000000000000000000e+02 -3.799051247138599541e-01 -1.773011941140510217e+01 1.049999999999999961e-01
-7.915599378814568432e+00 1.373566480248266941e-01 -1.135999999999988219e+01 4.000000000000000000e+02 -3.798278481410344853e-01 -1.773254213483227204e+01 7.249999999999999778e-01
-7.915544860290092188e+00 1.373414950334131968e-01 -1.136249999999988169e+01 4.000000000000000000e+02 -3.791099203735067702e-01 -1.773432420706474488e+01 6.600000000000000311e-01
-7.915490441799221344e+00 1.373570359826810916e-01 -1.136499999999988120e+01 4.000000000000000000e+02 -3.789703581024675416e-01 -1.773668464479370499e+01 1.810000000000000053e+00
-7.915436154559075455e+00 1.373327290454299521e-01 -1.136749999999988070e+01 4.000000000000000000e+02 -3.789378430202772763e-01 -1.773915212971151689e+01 6.949999999999999512e-01
-7.915382004042808006e+00 1.373370959953349180e-01 -1.136999999999988020e+01 4.000000000000000000e+02 -3.787949985010888310e-01 -1.774150928519232551e+01 1.379999999999999893e+00
-7.915327983939183021e+00 1.373317059734034951e-01 -1.137249999999987971e+01 4.000000000000000000e+02 -3.784015122487311422e-01 -1.774361579893997032e+01 8.850000000000000089e-01
-7.915274080418688740e+00 1.373456240112714832e-01 -1.137499999999987921e+01 4.000000000000000000e+02 -3.782358963104076044e-01 -1.774595018300164284e+01 6.149999999999999911e-01
-7.915220305478237073e+00 1.373800307541858112e-01 -1.137749999999987871e+01 4.000000000000000000e+02 -3.780663778238202433e-01 -1.774828066451505748e+01 8.549999999999999822e-01
-7.915166658594873894e+00 1.374014074114521533e-01 -1.137999999999987821e+01 4.000000000000000000e+02 -3.775003987955418139e-01 -1.775021468548677461e+01 5.899999999999999689e-01
-7.915113118234940792e+00 1.374175849018250961e-01 -1.138249999999987772e+01 4.000000000000000000e+02 -3.771247590173527064e-01 -1.775233904570858812e+01 1.104999999999999982e+00
-7.915059694350591535e+00 1.373362279342915382e-01 -1.138499999999987722e+01 4.000000000000000000e+02 -3.770693641064261081e-01 -1.775478365079765908e+01 1.600000000000000089e+00
-7.915006403750553865e+00 1.373344148445860002e-01 -1.138749999999987672e+01 4.000000000000000000e+02 -3.765336146602079603e-01 -1.775674790135144221e+01 7.399999999999999911e-01
-7.914953220555252855e+00 1.373566581763860650e-01 -1.138999999999987622e+01 4.000000000000000000e+02 -3.763493359987288844e-01 -1.775906362268996119e+01 7.550000000000000044e-01
-7.914900163193419935e+00 1.373743282938078569e-01 -1.139249999999987573e+01 4.000000000000000000e+02 -3.759530808507757782e-01 -1.776116736754200787e+01 9.849999999999999867e-01
-7.914847220139479056e+00 1.373774556184956808e-01 -1.139499999999987523e+01 4.000000000000000000e+02 -3.758666487780166210e-01 -1.776358093546924977e+01 2.550000000000000044e-01
-7.914794407505805651e+00 1.373808867240768616e-01 -1.139749999999987473e+01 4.000000000000000000e+02 -3.755527569121570042e-01 -1.776576704360338965e+01 8.399999999999999689e-01
-7.914741712980053023e+00 1.373504359974769551e-01 -1.139999999999987423e+01 4.000000000000000000e+02 -3.754566150776131317e-01 -1.776817090176884406e+01 7.099999999999999645e-01
-7.914689147738915409e+00 1.373501275100041386e-01 -1.140249999999987374e+01 4.000000000000000000e+02 -3.746161952246076510e-01 -1.776983048191583947e+01 8.649999999999999911e-01
-7.914636672417751484e+00 1.373508579213167380e-01 -1.140499999999987324e+01 4.000000000000000000e+02 -3.736159448396291771e-01 -1.777133023153085745e+01 1.014999999999999902e+00
-7.914584278484772639e+00 1.373631872918512908e-01 -1.140749999999987274e+01 4.000000000000000000e+02 -3.733968199660611109e-01 -1.777361110665729171e+01 1.679999999999999938e+00
-7.914532006655236707e+00 1.373507564134322789e-01 -1.140999999999987224e+01 4.000000000000000000e+02 -3.725173215960763118e-01 -1.777523160828730653e+01 1.040000000000000036e+00
-7.914479822189258051e+00 1.373453127138510588e-01 -1.141249999999987175e+01 4.000000000000000000e+02 -3.724715402396472363e-01 -1.777768582693087751e+01 9.150000000000000355e-01
-7.914427768351410819e+00 1.373285900502183299e-01 -1.141499999999987125e+01 4.000000000000000000e+02 -3.718594755657356199e-01 -1.777957376225696251e+01 7.299999999999999822e-01
-7.914375815396934577e+00 1.373492216206177174e-01 -1.141749999999987075e+01 4.000000000000000000e+02 -3.713875459697980608e-01 -1.778160183266102834e+01 7.349999999999999867e-01
-7.914323970390709562e+00 1.373463446180632763e-01 -1.141999999999987025e+01 4.000000000000000000e+02 -3.713113671253405190e-01 -1.778402565381656686e+01 1.544999999999999929e+00
-7.914272253573351179e+00 1.373705888887511439e-01 -1.142249999999986976e+01 4.000000000000000000e+02 -3.712289410908186649e-01 -1.778644322778204767e+01 1.060000000000000053e+00
-7.914220664299024044e+00 1.373736585819070044e-01 -1.142499999999986926e+01 4.000000000000000000e+02 -3.709136095413221312e-01 -1.778862789623254770e+01 6.949999999999999512e-01
-7.914169190259745079e+00 1.373422721646932188e-01 -1.142749999999986876e+01 4.000000000000000000e+02 -3.708488796146129363e-01 -1.779106316630583962e+01 1.679999999999999938e+00
-7.914117844060925222e+00 1.373308865573175663e-01 -1.142999999999986827e+01 4.000000000000000000e+02 -3.706929845045381922e-01 -1.779340727119576115e+01 1.350000000000000089e-01
-7.914066620709067301e+00 1.372787978878841908e-01 -1.143249999999986777e+01 4.000000000000000000e+02 -3.701584853302551936e-01 -1.779537277202148005e+01 1.840000000000000080e+00
-7.914015500553846394e+00 1.372674772040356206e-01 -1.143499999999986727e+01 4.000000000000000000e+02 -3.700614456440327604e-01 -1.779777573233525700e+01 1.199999999999999956e-01
-7.913964505694595530e+00 1.372833108746963071e-01 -1.143749999999986677e+01 4.000000000000000000e+02 -3.694348385820027114e-01 -1.779964912527322696e+01 4.299999999999999933e-01
-7.913913608872371164e+00 1.372984976114314526e-01 -1.143999999999986628e+01 4.000000000000000000e+02 -3.685080917749223861e-01 -1.780122237846614652e+01 1.189999999999999947e+00
-7.913862794645029730e+00 1.373118208201326018e-01 -1.144249999999986578e+01 4.000000000000000000e+02 -3.683357115381824531e-01 -1.780354999822940698e+01 1.590000000000000080e+00
-7.913812101129301446e+00 1.373037404559062646e-01 -1.144499999999986528e+01 4.000000000000000000e+02 -3.679419293624814902e-01 -1.780565621605370197e+01 1.764999999999999902e+00
-7.913761516834393994e+00 1.372983112389435933e-01 -1.144749999999986478e+01 4.000000000000000000e+02 -3.676247611928821768e-01 -1.780783904788410510e+01 1.129999999999999893e+00
-7.913711045386351728e+00 1.372834401492388778e-01 -1.144999999999986429e+01 4.000000000000000000e+02 -3.675090914358840055e-01 -1.781022337812710532e+01 1.010000000000000009e+00
-7.913660696673704642e+00 1.372986681747095372e-01 -1.145249999999986379e+01 4.000000000000000000e+02 -3.670655902527325543e-01 -1.781227987694395409e+01 6.300000000000000044e-01
-7.913610453923790367e+00 1.373272439862429917e-01 -1.145499999999986329e+01 4.000000000000000000e+02 -3.665997997391039487e-01 -1.781431408643032199e+01 6.600000000000000311e-01
-7.913560315790791222e+00 1.373346562986640096e-01 -1.145749999999986279e+01 4.000000000000000000e+02 -3.663638922256184371e-01 -1.781657817891683848e+01 1.169999999999999929e+00
-7.913510293551937913e+00 1.373024965921173235e-01 -1.145999999999986230e+01 4.000000000000000000e+02 -3.661954245326056179e-01 -1.781890971122382439e+01 1.849999999999999978e-01
-7.913460390299060343e+00 1.372967481893768438e-01 -1.146249999999986180e+01 4.000000000000000000e+02 -3.661894823363436857e-01 -1.782140376902756529e+01 1.445000000000000062e+00
-7.913410613833615770e+00 1.372787882359972067e-01 -1.146499999999986130e+01 4.000000000000000000e+02 -3.658518336536804583e-01 -1.782356612034489984e+01 6.650000000000000355e-01
-7.913360947355640995e+00 1.373038468772221354e-01 -1.146749999999986080e+01 4.000000000000000000e+02 -3.655652951039188303e-01 -1.782577958179513899e+01 5.799999999999999600e-01
-7.913311393149383477e+00 1.372951429569859993e-01 -1.146999999999986031e+01 4.000000000000000000e+02 -3.651482853342505885e-01 -1.782786257202546665e+01 6.600000000000000311e-01
-7.913261944504463408e+00 1.373295769752627682e-01 -1.147249999999985981e+01 4.000000000000000000e+02 -3.649543481240545839e-01 -1.783016863481527281e+01 1.344999999999999973e+00
-7.913212612196448781e+00 1.372993563038609199e-01 -1.147499999999985931e+01 4.000000000000000000e+02 -3.648846198641095828e-01 -1.783259890655532587e+01 1.030000000000000027e+00
-7.913163402058485119e+00 1.373095128079948046e-01 -1.147749999999985882e+01 4.000000000000000000e+02 -3.646833365470831256e-01 -1.783489762323830163e+01 6.550000000000000266e-01
-7.913114307323955821e+00 1.373248725058730801e-01 -1.147999999999985832e+01 4.000000000000000000e+02 -3.645086497465053754e-01 -1.783722293643771906e+01 5.300000000000000266e-01
-7.913065329019218552e+00 1.373199594764553666e-01 -1.148249999999985782e+01 4.000000000000000000e+02 -3.635974145726090234e-01 -1.783881170126382543e+01 1.000000000000000056e-01
-7.913016430860754902e+00 1.373005523266027095e-01 -1.148499999999985732e+01 4.000000000000000000e+02 -3.630197545128332481e-01 -1.784073404120404760e+01 9.399999999999999467e-01
-7.912967628994913127e+00 1.373143873233852730e-01 -1.148749999999985683e+01 4.000000000000000000e+02 -3.628206162173819860e-01 -1.784303490290859528e+01 7.800000000000000266e-01
-7.912918941659639493e+00 1.373097991136034979e-01 -1.148999999999985633e+01 4.000000000000000000e+02 -3.619374916637364548e-01 -1.784465177835494742e+01 1.479999999999999982e+00
-7.912870335346716466e+00 1.373283392477812614e-01 -1.149249999999985583e+01 4.000000000000000000e+02 -3.617877669496438187e-01 -1.784700205364085690e+01 3.950000000000000178e-01
-7.912821845492015171e+00 1.373266924993790383e-01 -1.149499999999985533e+01 4.000000000000000000e+02 -3.612256712291718186e-01 -1.784893995792038268e+01 1.120000000000000107e+00
-7.912773451859346885e+00 1.373003350346778673e-01 -1.149749999999985484e+01 4.000000000000000000e+02 -3.609709052800023077e-01 -1.785118519197121500e+01 3.750000000000000000e-01
-7.912725169093782540e+00 1.373162041961522584e-01 -1.149999999999985434e+01 4.000000000000000000e+02 -3.602360618467086995e-01 -1.785295034853792018e+01 1.360000000000000098e+00
-7.912676973804633640e+00 1.373428637447704492e-01 -1.150249999999985384e+01 4.000000000000000000e+02 -3.600606874141215052e-01 -1.785527497410533471e+01 4.949999999999999956e-01
-7.912628892735956931e+00 1.373533269596185491e-01 -1.150499999999985334e+01 4.000000000000000000e+02 -3.600582164251340256e-01 -1.785777250311634390e+01 1.610000000000000098e+00
-7.912580933904348690e+00 1.373537717425030447e-01 -1.150749999999985285e+01 4.000000000000000000e+02 -3.595402897955666810e-01 -1.785975457648677889e+01 1.199999999999999956e-01
-7.912533072329631878e+00 1.373462532924672463e-01 -1.150999999999985235e+01 4.000000000000000000e+02 -3.592640927292778952e-01 -1.786197837942048494e+01 6.800000000000000488e-01
-7.912485319354362723e+00 1.373382632682777493e-01 -1.151249999999985185e+01 4.000000000000000000e+02 -3.586459723690227364e-01 -1.786386025906023178e+01 1.824999999999999956e+00
-7.912437658433751686e+00 1.373498306602679575e-01 -1.151499999999985135e+01 4.000000000000000000e+02 -3.578662938178802100e-01 -1.786558058050908926e+01 1.965000000000000080e+00
-7.912390081700360511e+00 1.373621070265508559e-01 -1.151749999999985086e+01 4.000000000000000000e+02 -3.578103674785876875e-01 -1.786802465416979757e+01 5.000000000000000278e-02
-7.912342623361183769e+00 1.373416730043367506e-01 -1.151999999999985036e+01 4.000000000000000000e+02 -3.577870826543617100e-01 -1.787050136934556832e+01 4.749999999999999778e-01
-7.912295284661195360e+00 1.373394700670944324e-01 -1.152249999999984986e+01 4.000000000000000000e+02 -3.571845589024383316e-01 -1.787239884559364711e+01 2.550000000000000044e-01
-7.912248037934578981e+00 1.373535190614094403e-01 -1.152499999999984936e+01 4.000000000000000000e+02 -3.571691560050247460e-01 -1.787488344269623042e+01 1.314999999999999947e+00
-7.912200910675177390e+00 1.373329951453628184e-01 -1.152749999999984887e+01 4.000000000000000000e+02 -3.569641946600792259e-01 -1.787717848135128662e+01 1.054999999999999938e+00
-7.912153893663881554e+00 1.373288711902946324e-01 -1.152999999999984837e+01 4.000000000000000000e+02 -3.569008219121538317e-01 -1.787961510860335679e+01 6.400000000000000133e-01
-7.912106993278489320e+00 1.373227907143665660e-01 -1.153249999999984787e+01 4.000000000000000000e+02 -3.566832069251600346e-01 -1.788189749361636771e+01 9.899999999999999911e-01
-7.912060202007794807e+00 1.373429876472788136e-01 -1.153499999999984738e+01 4.000000000000000000e+02 -3.560536080090092592e-01 -1.788376789470021322e+01 1.655000000000000027e+00
-7.912013500356935403e+00 1.373578391370014196e-01 -1.153749999999984688e+01 4.000000000000000000e+02 -3.560358891789818236e-01 -1.788625017587018817e+01 1.549999999999999989e-01
-7.911966916661780758e+00 1.373862082133397999e-01 -1.153999999999984638e+01 4.000000000000000000e+02 -3.557804645651450604e-01 -1.788849475125634925e+01 4.400000000000000022e-01
-7.911920439572630137e+00 1.374009510585610105e-01 -1.154249999999984588e+01 4.000000000000000000e+02 -3.547961762150265708e-01 -1.789001046290622909e+01 5.949999999999999734e-01
-7.911874035031098984e+00 1.373987900348905833e-01 -1.154499999999984539e+01 4.000000000000000000e+02 -3.546365046865178616e-01 -1.789235079137771933e+01 1.540000000000000036e+00
-7.911827741110191603e+00 1.373934493754862818e-01 -1.154749999999984489e+01 4.000000000000000000e+02 -3.544085290188214721e-01 -1.789462281571002578e+01 9.100000000000000311e-01
-7.911781554386541515e+00 1.373894069953510710e-01 -1.154999999999984439e+01 4.000000000000000000e+02 -3.540928413988802537e-01 -1.789680712809008156e+01 1.054999999999999938e+00
-7.911735470565158579e+00 1.373895307567542245e-01 -1.155249999999984389e+01 4.000000000000000000e+02 -3.538545048787346547e-01 -1.789906879156993824e+01 1.185000000000000053e+00
-7.911689492968528192e+00 1.374038761951649479e-01 -1.155499999999984340e+01 4.000000000000000000e+02 -3.532546535890384032e-01 -1.790096894028023655e+01 4.349999999999999978e-01
-7.911643604761045445e+00 1.374046378737339424e-01 -1.155749999999984290e+01 4.000000000000000000e+02 -3.531698171446594481e-01 -1.790338410383586165e+01 1.895000000000000018e+00
-7.911597829345382138e+00 1.373967766374445953e-01 -1.155999999999984240e+01 4.000000000000000000e+02 -3.530136426416271012e-01 -1.790572792933282642e+01 8.050000000000000488e-01
-7.911552163181609920e+00 1.374088178022619400e-01 -1.156249999999984190e+01 4.000000000000000000e+02 -3.527914525563624060e-01 -1.790800573924756378e+01 1.419999999999999929e+00
-7.911506602996492887e+00 1.374383816372531930e-01 -1.156499999999984141e+01 4.000000000000000000e+02 -3.519793108789409652e-01 -1.790969359757013990e+01 1.814999999999999947e+00
-7.911461121716040878e+00 1.374167565852207895e-01 -1.156749999999984091e+01 4.000000000000000000e+02 -3.515549507091608739e-01 -1.791176923740036031e+01 1.324999999999999956e+00
-7.911415736802465126e+00 1.374220248917897014e-01 -1.156999999999984041e+01 4.000000000000000000e+02 -3.514989079427267571e-01 -1.791421319463392337e+01 3.850000000000000089e-01
-7.911370464724408080e+00 1.374099322423512903e-01 -1.157249999999983991e+01 4.000000000000000000e+02 -3.512212065451060794e-01 -1.791643549323630324e+01 1.695000000000000062e+00
-7.911325295185368311e+00 1.373825178369164624e-01 -1.157499999999983942e+01 4.000000000000000000e+02 -3.511275081834603351e-01 -1.791884179487465545e+01 3.099999999999999978e-01
-7.911280236240043173e+00 1.373553828892396522e-01 -1.157749999999983892e+01 4.000000000000000000e+02 -3.502937435868899163e-01 -1.792050803027808570e+01 5.400000000000000355e-01
-7.911235254336163258e+00 1.373438692343406931e-01 -1.157999999999983842e+01 4.000000000000000000e+02 -3.502849351512677956e-01 -1.792299922184246341e+01 1.379999999999999893e+00
-7.911190386367095151e+00 1.373324476893563184e-01 -1.158249999999983793e+01 4.000000000000000000e+02 -3.501106711041228614e-01 -1.792532495779531843e+01 1.439999999999999947e+00
-7.911145624633858731e+00 1.373369276610079681e-01 -1.158499999999983743e+01 4.000000000000000000e+02 -3.500751043139289087e-01 -1.792778939100512403e+01 1.360000000000000098e+00
-7.911100975073239283e+00 1.373472456837752098e-01 -1.158749999999983693e+01 4.000000000000000000e+02 -3.500465462425182417e-01 -1.793026083293371187e+01 9.000000000000000222e-01
-7.911056437711287082e+00 1.373495996098435534e-01 -1.158999999999983643e+01 4.000000000000000000e+02 -3.499105739713961882e-01 -1.793262486066258887e+01 1.125000000000000000e+00
-7.911012007489008901e+00 1.373426688311786548e-01 -1.159249999999983594e+01 4.000000000000000000e+02 -3.497391549169256431e-01 -1.793495344160811911e+01 1.699999999999999956e+00
-7.910967682572811910e+00 1.373402201854667937e-01 -1.159499999999983544e+01 4.000000000000000000e+02 -3.492667121164074184e-01 -1.793698099880759855e+01 1.245000000000000107e+00
-7.910923449395516727e+00 1.373299875097347411e-01 -1.159749999999983494e+01 4.000000000000000000e+02 -3.492177465979047213e-01 -1.793943203328909775e+01 1.760000000000000009e+00
-7.910879326451814464e+00 1.373166827607815443e-01 -1.159999999999983444e+01 4.000000000000000000e+02 -3.484665257333303123e-01 -1.794118081242451979e+01 8.699999999999999956e-01
-7.910835282543614788e+00 1.373199245720053974e-01 -1.160249999999983395e+01 4.000000000000000000e+02 -3.483854652089287129e-01 -1.794359975190011980e+01 4.499999999999999833e-02
-7.910791346978967020e+00 1.373093066041035093e-01 -1.160499999999983345e+01 4.000000000000000000e+02 -3.481144467759998418e-01 -1.794582873346718799e+01 9.200000000000000400e-01
-7.910747511160628243e+00 1.373093560661330648e-01 -1.160749999999983295e+01 4.000000000000000000e+02 -3.478605118915077954e-01 -1.794807479858269872e+01 9.899999999999999911e-01
-7.910703775604935650e+00 1.372834104447951120e-01 -1.160999999999983245e+01 4.000000000000000000e+02 -3.477769888874375770e-01 -1.795049127557862789e+01 1.499999999999999944e-01
-7.910660147513413065e+00 1.372993917465371583e-01 -1.161249999999983196e+01 4.000000000000000000e+02 -3.475472934537599534e-01 -1.795276158014495138e+01 9.949999999999999956e-01
-7.910616620255453313e+00 1.373027615380842115e-01 -1.161499999999983146e+01 4.000000000000000000e+02 -3.475226486211844823e-01 -1.795523693531237086e+01 1.040000000000000036e+00
-7.910573202497191758e+00 1.372922977977144576e-01 -1.161749999999983096e+01 4.000000000000000000e+02 -3.475149010751449330e-01 -1.795772918776633276e+01 6.550000000000000266e-01
-7.910529894690203179e+00 1.372923976866037843e-01 -1.161999999999983046e+01 4.000000000000000000e+02 -3.468393089278535846e-01 -1.795955359561904174e+01 6.800000000000000488e-01
-7.910486667692648410e+00 1.373041310295587125e-01 -1.162249999999982997e+01 4.000000000000000000e+02 -3.462709497785395607e-01 -1.796148523646972706e+01 1.495000000000000107e+00
-7.910443525976622148e+00 1.372513436386894048e-01 -1.162499999999982947e+01 4.000000000000000000e+02 -3.459707486461943704e-01 -1.796368503533738092e+01 1.014999999999999902e+00
-7.910400480914383969e+00 1.372625415932932358e-01 -1.162749999999982897e+01 4.000000000000000000e+02 -3.454297716881206126e-01 -1.796564405837930778e+01 1.574999999999999956e+00
-7.910357521943232051e+00 1.372837142335500416e-01 -1.162999999999982847e+01 4.000000000000000000e+02 -3.452233491720134717e-01 -1.796793763586319770e+01 9.899999999999999911e-01
-7.910314663227960175e+00 1.372801636096646072e-01 -1.163249999999982798e+01 4.000000000000000000e+02 -3.450112238860811864e-01 -1.797022551057726858e+01 1.449999999999999956e+00
-7.910271904286474864e+00 1.372975782800334998e-01 -1.163499999999982748e+01 4.000000000000000000e+02 -3.449899953643095762e-01 -1.797270428205549209e+01 6.850000000000000533e-01
-7.910229253024845697e+00 1.372963589759032266e-01 -1.163749999999982698e+01 4.000000000000000000e+02 -3.438675448468798135e-01 -1.797408183153806505e+01 8.399999999999999689e-01
-7.910186662292288062e+00 1.372756165518560778e-01 -1.163999999999982649e+01 4.000000000000000000e+02 -3.429983467209847814e-01 -1.797571263341216863e+01 9.549999999999999600e-01
-7.910144142769635067e+00 1.372564639654692831e-01 -1.164249999999982599e+01 4.000000000000000000e+02 -3.422945245798091340e-01 -1.797750881127099376e+01 8.750000000000000000e-01
-7.910101701354028236e+00 1.372559269391561143e-01 -1.164499999999982549e+01 4.000000000000000000e+02 -3.420504279484371524e-01 -1.797976471463961801e+01 1.735000000000000098e+00
-7.910059357369354061e+00 1.372708832946824831e-01 -1.164749999999982499e+01 4.000000000000000000e+02 -3.417186998193784686e-01 -1.798193298651056082e+01 1.215000000000000080e+00
-7.910017106885601557e+00 1.372524150224643524e-01 -1.164999999999982450e+01 4.000000000000000000e+02 -3.415749539049582340e-01 -1.798428924059614076e+01 7.900000000000000355e-01
-7.909974957616261015e+00 1.372624957795392231e-01 -1.165249999999982400e+01 4.000000000000000000e+02 -3.409847795704339934e-01 -1.798619906626161580e+01 4.550000000000000155e-01
-7.909932890539263184e+00 1.372736900753162570e-01 -1.165499999999982350e+01 4.000000000000000000e+02 -3.408935949430236811e-01 -1.798860788163420210e+01 1.950000000000000067e-01
-7.909890926435323877e+00 1.372725438470468740e-01 -1.165749999999982300e+01 4.000000000000000000e+02 -3.395899648974138318e-01 -1.798980425158859475e+01 1.610000000000000098e+00
-7.909849014263713229e+00 1.372723294909743430e-01 -1.165999999999982251e+01 4.000000000000000000e+02 -3.388824057574686965e-01 -1.799159669244864901e+01 7.349999999999999867e-01
-7.909807178901743896e+00 1.372670751487335417e-01 -1.166249999999982201e+01 4.000000000000000000e+02 -3.386987688849084632e-01 -1.799391305557608689e+01 6.400000000000000133e-01
-7.909765442077571151e+00 1.372563024881084948e-01 -1.166499999999982151e+01 4.000000000000000000e+02 -3.383065127222874557e-01 -1.799602079941346489e+01 5.999999999999999778e-01
-7.909723794867680624e+00 1.372643756783843705e-01 -1.166749999999982101e+01 4.000000000000000000e+02 -3.376168154659447418e-01 -1.799783110215712512e+01 1.165000000000000036e+00
-7.909682224713361798e+00 1.372717185814598395e-01 -1.166999999999982052e+01 4.000000000000000000e+02 -3.375588930743008143e-01 -1.800027317976547891e+01 1.219999999999999973e+00
-7.909640757674418765e+00 1.373060090480105466e-01 -1.167249999999982002e+01 4.000000000000000000e+02 -3.373509619240053214e-01 -1.800256524861518415e+01 9.949999999999999956e-01
-7.909599387285485506e+00 1.372949938044745466e-01 -1.167499999999981952e+01 4.000000000000000000e+02 -3.370325578436355607e-01 -1.800474684453481089e+01 1.540000000000000036e+00
-7.909558108757495098e+00 1.372907538161422247e-01 -1.167749999999981902e+01 4.000000000000000000e+02 -3.367685670838174716e-01 -1.800698285377499630e+01 1.905000000000000027e+00
-7.909516924123703774e+00 1.372878844441200175e-01 -1.167999999999981853e+01 4.000000000000000000e+02 -3.366706639399112966e-01 -1.800938495063108746e+01 8.750000000000000000e-01
-7.909475839990673052e+00 1.372774069642514472e-01 -1.168249999999981803e+01 4.000000000000000000e+02 -3.365966618321800108e-01 -1.801181094852335463e+01 6.250000000000000000e-01
-7.909434857088567306e+00 1.372782632167166006e-01 -1.168499999999981753e+01 4.000000000000000000e+02 -3.363114474477679194e-01 -1.801402573413894004e+01 1.554999999999999938e+00
-7.909393966528321940e+00 1.373088093097306617e-01 -1.168749999999981704e+01 4.000000000000000000e+02 -3.360319972297082791e-01 -1.801624628392088212e+01 1.314999999999999947e+00
-7.909353168333273842e+00 1.373011159293606454e-01 -1.168999999999981654e+01 4.000000000000000000e+02 -3.357688014752622241e-01 -1.801848308816643396e+01 1.000000000000000021e-02
-7.909312462952666323e+00 1.373240763498605466e-01 -1.169249999999981604e+01 4.000000000000000000e+02 -3.356366089750287829e-01 -1.802085089566620368e+01 2.999999999999999889e-02
-7.909271855491533998e+00 1.373319327304263204e-01 -1.169499999999981554e+01 4.000000000000000000e+02 -3.354428913625288056e-01 -1.802315717805370099e+01 1.310000000000000053e+00
-7.909231343217968835e+00 1.373269986171572754e-01 -1.169749999999981505e+01 4.000000000000000000e+02 -3.349293487877040287e-01 -1.802514363547887655e+01 1.260000000000000009e+00
-7.909190912976727716e+00 1.373202429258741641e-01 -1.169999999999981455e+01 4.000000000000000000e+02 -3.345146957260720644e-01 -1.802722898241724181e+01 5.550000000000000488e-01
-7.909150568588152908e+00 1.373220449523044340e-01 -1.170249999999981405e+01 4.000000000000000000e+02 -3.342344640587788240e-01 -1.802944875074994968e+01 1.814999999999999947e+00
-7.909110315277646741e+00 1.373021704029937784e-01 -1.170499999999981355e+01 4.000000000000000000e+02 -3.340164437828977428e-01 -1.803173073047406660e+01 1.975000000000000089e+00
-7.909070155334378960e+00 1.373043582354226411e-01 -1.170749999999981306e+01 4.000000000000000000e+02 -3.339318994026658771e-01 -1.803414618609383524e+01 1.205000000000000071e+00
-7.909030093885535351e+00 1.373188854207308129e-01 -1.170999999999981256e+01 4.000000000000000000e+02 -3.337944659905008327e-01 -1.803650875268166942e+01 1.549999999999999989e-01
-7.908990128571994127e+00 1.372994419676450417e-01 -1.171249999999981206e+01 4.000000000000000000e+02 -3.335627691416442886e-01 -1.803877705583281355e+01 5.799999999999999600e-01
-7.908950255400901241e+00 1.373074186840680944e-01 -1.171499999999981156e+01 4.000000000000000000e+02 -3.333194978843609380e-01 -1.804103378457552864e+01 2.949999999999999845e-01
-7.908910473695716981e+00 1.373087977366444501e-01 -1.171749999999981107e+01 4.000000000000000000e+02 -3.329318312239747391e-01 -1.804314611791514267e+01 5.300000000000000266e-01
-7.908870777511581629e+00 1.372939523728730626e-01 -1.171999999999981057e+01 4.000000000000000000e+02 -3.326578700862645732e-01 -1.804537215677743234e+01 1.145000000000000018e+00
-7.908831171164887763e+00 1.373210540281904479e-01 -1.172249999999981007e+01 4.000000000000000000e+02 -3.326106396403769594e-01 -1.804782492633154334e+01 1.479999999999999982e+00
-7.908791663407236605e+00 1.373222017114253957e-01 -1.172499999999980957e+01 4.000000000000000000e+02 -3.322531142394981596e-01 -1.804996740093066521e+01 3.499999999999999778e-01
-7.908752241759137824e+00 1.373685879242291519e-01 -1.172749999999980908e+01 4.000000000000000000e+02 -3.321237090712572670e-01 -1.805233799576242504e+01 3.699999999999999956e-01
-7.908712915001602006e+00 1.373598967348914901e-01 -1.172999999999980858e+01 4.000000000000000000e+02 -3.319963734131824440e-01 -1.805471066010434811e+01 4.499999999999999833e-02
-7.908673682983693887e+00 1.373568905362736181e-01 -1.173249999999980808e+01 4.000000000000000000e+02 -3.319302813492546744e-01 -1.805714456804042101e+01 2.399999999999999911e-01
-7.908634547870279086e+00 1.373562918660072574e-01 -1.173499999999980759e+01 4.000000000000000000e+02 -3.317257900068628640e-01 -1.805944007669802787e+01 1.549999999999999989e-01
-7.908595504015060840e+00 1.373496978932121360e-01 -1.173749999999980709e+01 4.000000000000000000e+02 -3.313434103859708157e-01 -1.806155769707713432e+01 1.715000000000000080e+00
-7.908556544271954536e+00 1.373455897909416912e-01 -1.173999999999980659e+01 4.000000000000000000e+02 -3.307507337592849317e-01 -1.806346502045044744e+01 1.389999999999999902e+00
-7.908517660280323547e+00 1.373338614657890477e-01 -1.174249999999980609e+01 4.000000000000000000e+02 -3.305381833996096086e-01 -1.806575247009077501e+01 1.889999999999999902e+00
-7.908478866638942506e+00 1.373301497415414241e-01 -1.174499999999980560e+01 4.000000000000000000e+02 -3.302629059429170177e-01 -1.806797719263407842e+01 1.969999999999999973e+00
-7.908440160706594391e+00 1.373330941123720172e-01 -1.174749999999980510e+01 4.000000000000000000e+02 -3.299884447340328819e-01 -1.807020273142519784e+01 4.500000000000000111e-01
-7.908401542313114874e+00 1.373421455851598638e-01 -1.174999999999980460e+01 4.000000000000000000e+02 -3.297439280237469128e-01 -1.807245821471490643e+01 5.350000000000000311e-01
-7.908363012410907444e+00 1.373398057318801213e-01 -1.175249999999980410e+01 4.000000000000000000e+02 -3.297255240346213534e-01 -1.807493981072578393e+01 1.935000000000000053e+00
-7.908324579484792061e+00 1.373599882428711005e-01 -1.175499999999980361e+01 4.000000000000000000e+02 -3.296369017073156327e-01 -1.807735118839847388e+01 1.600000000000000089e+00
-7.908286240595028715e+00 1.373691991513524557e-01 -1.175749999999980311e+01 4.000000000000000000e+02 -3.295010262301200643e-01 -1.807971531292128020e+01 9.500000000000000111e-02
-7.908247993700731726e+00 1.373862415239168189e-01 -1.175999999999980261e+01 4.000000000000000000e+02 -3.294484711013401790e-01 -1.808216275779249926e+01 1.165000000000000036e+00
-7.908209841756553615e+00 1.373921246688463160e-01 -1.176249999999980211e+01 4.000000000000000000e+02 -3.292641258946647498e-01 -1.808447841258582400e+01 1.590000000000000080e+00
-7.908171779507366494e+00 1.373864912257044824e-01 -1.176499999999980162e+01 4.000000000000000000e+02 -3.291760658255997729e-01 -1.808689035251675747e+01 9.899999999999999911e-01
-7.908133810394863517e+00 1.373885433148679391e-01 -1.176749999999980112e+01 4.000000000000000000e+02 -3.290209991279592350e-01 -1.808923528581911810e+01 8.649999999999999911e-01
-7.908095931649625321e+00 1.373895844035325498e-01 -1.176999999999980062e+01 4.000000000000000000e+02 -3.289825075208352989e-01 -1.809169679421199106e+01 6.600000000000000311e-01
-7.908058147458035592e+00 1.373915452267746307e-01 -1.177249999999980012e+01 4.000000000000000000e+02 -3.289452439814328222e-01 -1.809415953067259153e+01 6.750000000000000444e-01
-7.908020457626792066e+00 1.373889017007602631e-01 -1.177499999999979963e+01 4.000000000000000000e+02 -3.287986794446916550e-01 -1.809651296613584748e+01 1.340000000000000080e+00
-7.907982857807305699e+00 1.373997846920360644e-01 -1.177749999999979913e+01 4.000000000000000000e+02 -3.287100886968550295e-01 -1.809892437538801246e+01 1.409999999999999920e+00
-7.907945349955730840e+00 1.373819583243235387e-01 -1.177999999999979863e+01 4.000000000000000000e+02 -3.284809473058207252e-01 -1.810119523399697528e+01 9.499999999999999556e-01
-7.907907928584549495e+00 1.373856732385348722e-01 -1.178249999999979813e+01 4.000000000000000000e+02 -3.275035862232344996e-01 -1.810271787291438983e+01 7.349999999999999867e-01
-7.907870565546359032e+00 1.374106514828680736e-01 -1.178499999999979764e+01 4.000000000000000000e+02 -3.273923723205041658e-01 -1.810510665901165694e+01 1.544999999999999929e+00
-7.907833293044910228e+00 1.374188547201101174e-01 -1.178749999999979714e+01 4.000000000000000000e+02 -3.271314178925898153e-01 -1.810734570458374648e+01 1.185000000000000053e+00
-7.907796105289461863e+00 1.374303140944236890e-01 -1.178999999999979664e+01 4.000000000000000000e+02 -3.270756802020109433e-01 -1.810978996689316389e+01 1.889999999999999902e+00
-7.907759009697462815e+00 1.374447889323198169e-01 -1.179249999999979615e+01 4.000000000000000000e+02 -3.270221314473031882e-01 -1.811223641813845830e+01 4.349999999999999978e-01
-7.907722006118093283e+00 1.374542171665834311e-01 -1.179499999999979565e+01 4.000000000000000000e+02 -3.268938660968265242e-01 -1.811460815278798009e+01 1.070000000000000062e+00
-7.907685091561755364e+00 1.374561812175861264e-01 -1.179749999999979515e+01 4.000000000000000000e+02 -3.266334652208458533e-01 -1.811684775191199748e+01 1.499999999999999944e-02
-7.907648260944781349e+00 1.374514416624925683e-01 -1.179999999999979465e+01 4.000000000000000000e+02 -3.262509185959202029e-01 -1.811896520528707200e+01 1.985000000000000098e+00
-7.907611509584556941e+00 1.374654329780438944e-01 -1.180249999999979416e+01 4.000000000000000000e+02 -3.257605900808889232e-01 -1.812097487677204199e+01 1.084999999999999964e+00
-7.907574833354876098e+00 1.374696029369066597e-01 -1.180499999999979366e+01 4.000000000000000000e+02 -3.254528887806165116e-01 -1.812316717547176737e+01 6.850000000000000533e-01
-7.907538238783055284e+00 1.374553665981756989e-01 -1.180749999999979316e+01 4.000000000000000000e+02 -3.254335120448287322e-01 -1.812564779873597942e+01 1.620000000000000107e+00
-7.907501736210222454e+00 1.374627587906103732e-01 -1.180999999999979266e+01 4.000000000000000000e+02 -3.253892722641398283e-01 -1.812810355895528858e+01 1.685000000000000053e+00
-7.907465324496468106e+00 1.374836989948897692e-01 -1.181249999999979217e+01 4.000000000000000000e+02 -3.251775142922203043e-01 -1.813039180098337155e+01 9.300000000000000488e-01
-7.907428997327496489e+00 1.375070715747659655e-01 -1.181499999999979167e+01 4.000000000000000000e+02 -3.251512341838951881e-01 -1.813286552087504333e+01 9.050000000000000266e-01
-7.907392761225437106e+00 1.375032776898300613e-01 -1.181749999999979117e+01 4.000000000000000000e+02 -3.249852009450193702e-01 -1.813519948763616796e+01 4.099999999999999756e-01
-7.907356610907036121e+00 1.375053044157936999e-01 -1.181999999999979067e+01 4.000000000000000000e+02 -3.248454089348864482e-01 -1.813755969562603454e+01 4.450000000000000067e-01
-7.907320547112476561e+00 1.374933528513711256e-01 -1.182249999999979018e+01 4.000000000000000000e+02 -3.246403539926475679e-01 -1.813985464068379727e+01 1.969999999999999973e+00
-7.907284567283528354e+00 1.374814084883670129e-01 -1.182499999999978968e+01 4.000000000000000000e+02 -3.244961192016131424e-01 -1.814221040589275802e+01 1.455000000000000071e+00
-7.907248673404787098e+00 1.375098844705328616e-01 -1.182749999999978918e+01 4.000000000000000000e+02 -3.243614133716764547e-01 -1.814457570006282339e+01 1.120000000000000107e+00
-7.907212865609063002e+00 1.375072718952475570e-01 -1.182999999999978868e+01 4.000000000000000000e+02 -3.241898238177597924e-01 -1.814690411050890617e+01 1.935000000000000053e+00
-7.907177142369277156e+00 1.375048970945569327e-01 -1.183249999999978819e+01 4.000000000000000000e+02 -3.235215950685313979e-01 -1.814873588175967711e+01 1.780000000000000027e+00
-7.907141485779002110e+00 1.375109878257534390e-01 -1.183499999999978769e+01 4.000000000000000000e+02 -3.233090630960521739e-01 -1.815102334978719512e+01 1.919999999999999929e+00
-7.907105911925814468e+00 1.375260107530275611e-01 -1.183749999999978719e+01 4.000000000000000000e+02 -3.229957049485046028e-01 -1.815320999163964899e+01 1.844999999999999973e+00
-7.907070417036229593e+00 1.375161736187432149e-01 -1.183999999999978670e+01 4.000000000000000000e+02 -3.229870853283122734e-01 -1.815570137201945400e+01 1.540000000000000036e+00
-7.907035011722994611e+00 1.375067519947336669e-01 -1.184249999999978620e+01 4.000000000000000000e+02 -3.229330291377862650e-01 -1.815814731582893060e+01 5.000000000000000278e-02
-7.906999694152245794e+00 1.374990130612715744e-01 -1.184499999999978570e+01 4.000000000000000000e+02 -3.227684322917296345e-01 -1.816048271898287325e+01 5.649999999999999467e-01
-7.906964460208951273e+00 1.375031653932315412e-01 -1.184749999999978520e+01 4.000000000000000000e+02 -3.225975937021978157e-01 -1.816281188039334182e+01 1.794999999999999929e+00
-7.906929309472758405e+00 1.374914093302252449e-01 -1.184999999999978471e+01 4.000000000000000000e+02 -3.225117106730415739e-01 -1.816522599736418186e+01 1.239999999999999991e+00
-7.906894244723273957e+00 1.374792488361425702e-01 -1.185249999999978421e+01 4.000000000000000000e+02 -3.223742133244149044e-01 -1.816758850001555814e+01 4.849999999999999867e-01
-7.906859263941719895e+00 1.374924155841536211e-01 -1.185499999999978371e+01 4.000000000000000000e+02 -3.220786948953006101e-01 -1.816979298158643985e+01 7.500000000000000000e-01
-7.906824361409291235e+00 1.374868195624257827e-01 -1.185749999999978321e+01 4.000000000000000000e+02 -3.218907681772018026e-01 -1.817210505486834293e+01 2.999999999999999889e-02
-7.906789540694785678e+00 1.374782297658661001e-01 -1.185999999999978272e+01 4.000000000000000000e+02 -3.212145110344988286e-01 -1.817392879772563674e+01 1.400000000000000133e-01
-7.906754784635565692e+00 1.374960326394559507e-01 -1.186249999999978222e+01 4.000000000000000000e+02 -3.211466829939952361e-01 -1.817636096968513471e+01 5.450000000000000400e-01
-7.906720114209885963e+00 1.374987623460496855e-01 -1.186499999999978172e+01 4.000000000000000000e+02 -3.203696358035865721e-01 -1.817808392249472504e+01 7.099999999999999645e-01
-7.906685504667177788e+00 1.374894137851335185e-01 -1.186749999999978122e+01 4.000000000000000000e+02 -3.195718255555747844e-01 -1.817978611224671326e+01 1.600000000000000033e-01
-7.906650955181092399e+00 1.374933738472894074e-01 -1.186999999999978073e+01 4.000000000000000000e+02 -3.195132730052310799e-01 -1.818222755969636850e+01 1.379999999999999893e+00
-7.906616491132139934e+00 1.375034466788331022e-01 -1.187249999999978023e+01 4.000000000000000000e+02 -3.195117112964816486e-01 -1.818472599798761991e+01 1.830000000000000071e+00
-7.906582114265298777e+00 1.375231817670679313e-01 -1.187499999999977973e+01 4.000000000000000000e+02 -3.193563748036866712e-01 -1.818707066149482188e+01 1.499999999999999944e-02
-7.906547819083804107e+00 1.375144870977558498e-01 -1.187749999999977923e+01 4.000000000000000000e+02 -3.192833930547587795e-01 -1.818949767974589449e+01 1.235000000000000098e+00
-7.906513608208261878e+00 1.375292569813816590e-01 -1.187999999999977874e+01 4.000000000000000000e+02 -3.187686627253710769e-01 -1.819148294941650690e+01 1.895000000000000018e+00
-7.906479466350025298e+00 1.375512442216180464e-01 -1.188249999999977824e+01 4.000000000000000000e+02 -3.186320241711143031e-01 -1.819384631086225212e+01 1.135000000000000009e+00
-7.906445406247568641e+00 1.375761559027567638e-01 -1.188499999999977774e+01 4.000000000000000000e+02 -3.185945541003637471e-01 -1.819630884079149880e+01 2.000000000000000000e+00
-7.906411431071722618e+00 1.375939913656322455e-01 -1.188749999999977724e+01 4.000000000000000000e+02 -3.185709735211039173e-01 -1.819878526021224019e+01 1.764999999999999902e+00
-7.906377541078563276e+00 1.375776070375129556e-01 -1.188999999999977675e+01 4.000000000000000000e+02 -3.178598307895418307e-01 -1.820057411748067366e+01 1.354999999999999982e+00
-7.906343712800987689e+00 1.375594174674699965e-01 -1.189249999999977625e+01 4.000000000000000000e+02 -3.177602052553638035e-01 -1.820297449194649886e+01 5.000000000000000278e-02
-7.906309966766770003e+00 1.375557500787234488e-01 -1.189499999999977575e+01 4.000000000000000000e+02 -3.174785638039188118e-01 -1.820519285049505243e+01 9.150000000000000355e-01
-7.906276296645357249e+00 1.375580194562017189e-01 -1.189749999999977526e+01 4.000000000000000000e+02 -3.172887496456954226e-01 -1.820750303633682776e+01 9.599999999999999645e-01
-7.906242705348121902e+00 1.375518505950581449e-01 -1.189999999999977476e+01 4.000000000000000000e+02 -3.169520552742209341e-01 -1.820966634196535239e+01 1.235000000000000098e+00
-7.906209187765266044e+00 1.375612488565361724e-01 -1.190249999999977426e+01 4.000000000000000000e+02 -3.167785952000912175e-01 -1.821199288189122356e+01 1.004999999999999893e+00
-7.906175749191241664e+00 1.375756282010425213e-01 -1.190499999999977376e+01 4.000000000000000000e+02 -3.167607394416224742e-01 -1.821447502613275304e+01 6.199999999999999956e-01
-7.906142394627604375e+00 1.375868481084715766e-01 -1.190749999999977327e+01 4.000000000000000000e+02 -3.167270343513081676e-01 -1.821694132104244090e+01 1.719999999999999973e+00
-7.906109123333182609e+00 1.375879511122322096e-01 -1.190999999999977277e+01 4.000000000000000000e+02 -3.164262973702550164e-01 -1.821914058406138537e+01 3.300000000000000155e-01
-7.906075926233981477e+00 1.375903424940115582e-01 -1.191249999999977227e+01 4.000000000000000000e+02 -3.160351945412718244e-01 -1.822124948123240173e+01 1.469999999999999973e+00
-7.906042800168810558e+00 1.376123079162303309e-01 -1.191499999999977177e+01 4.000000000000000000e+02 -3.160076261033771816e-01 -1.822372191279450604e+01 1.649999999999999911e+00
-7.906009756997642413e+00 1.376355760433513042e-01 -1.191749999999977128e+01 4.000000000000000000e+02 -3.159583316124953689e-01 -1.822617261830362523e+01 1.225000000000000089e+00
-7.905976795794218859e+00 1.376128430682730941e-01 -1.191999999999977078e+01 4.000000000000000000e+02 -3.156095480791170638e-01 -1.822832383477024365e+01 3.049999999999999933e-01
-7.905943906504171892e+00 1.376086289983624034e-01 -1.192249999999977028e+01 4.000000000000000000e+02 -3.147374630465440970e-01 -1.822995174973767263e+01 2.449999999999999956e-01
-7.905911071790567846e+00 1.376121174771627598e-01 -1.192499999999976978e+01 4.000000000000000000e+02 -3.146661886874801972e-01 -1.823238047537860496e+01 6.550000000000000266e-01
-7.905878317800874910e+00 1.376057326301000638e-01 -1.192749999999976929e+01 4.000000000000000000e+02 -3.146526674256042155e-01 -1.823486695411673253e+01 8.100000000000000533e-01
-7.905845646220909018e+00 1.376187202549433719e-01 -1.192999999999976879e+01 4.000000000000000000e+02 -3.138789982199990947e-01 -1.823659328491112319e+01 6.199999999999999956e-01
-7.905813032058878420e+00 1.376259616681797804e-01 -1.193249999999976829e+01 4.000000000000000000e+02 -3.138711336933179274e-01 -1.823908542038444480e+01 1.849999999999999978e-01
-7.905780500134244271e+00 1.376250406506360768e-01 -1.193499999999976779e+01 4.000000000000000000e+02 -3.135479552269467840e-01 -1.824126224191807211e+01 1.435000000000000053e+00
-7.905748040003625299e+00 1.376298429767273401e-01 -1.193749999999976730e+01 4.000000000000000000e+02 -3.130958653120600177e-01 -1.824331015200318618e+01 1.834999999999999964e+00
-7.905715647330809226e+00 1.376444648772092716e-01 -1.193999999999976680e+01 4.000000000000000000e+02 -3.130798310573958965e-01 -1.824579411774852034e+01 1.159999999999999920e+00
-7.905683336065782107e+00 1.376260177336768309e-01 -1.194249999999976630e+01 4.000000000000000000e+02 -3.130754401636969275e-01 -1.824828972685482142e+01 5.649999999999999467e-01
-7.905651106376591741e+00 1.376332502359196019e-01 -1.194499999999976581e+01 4.000000000000000000e+02 -3.128317099808748947e-01 -1.825054599667199540e+01 3.300000000000000155e-01
-7.905618950359512453e+00 1.376395267968265612e-01 -1.194749999999976531e+01 4.000000000000000000e+02 -3.128202511805866504e-01 -1.825303453787170938e+01 1.400000000000000133e-01
-7.905586875294644322e+00 1.376156703150454019e-01 -1.194999999999976481e+01 4.000000000000000000e+02 -3.126260442888487145e-01 -1.825534033097996911e+01 7.650000000000000133e-01
-7.905554875128264491e+00 1.376197769211074118e-01 -1.195249999999976431e+01 4.000000000000000000e+02 -3.117724291563807038e-01 -1.825698671584750343e+01 1.584999999999999964e+00
-7.905522928624581169e+00 1.376076021532154914e-01 -1.195499999999976382e+01 4.000000000000000000e+02 -3.116957224934639448e-01 -1.825941000918458457e+01 3.950000000000000178e-01
-7.905491060459767461e+00 1.376153200671046406e-01 -1.195749999999976332e+01 4.000000000000000000e+02 -3.111308819430407824e-01 -1.826134516863416124e+01 1.834999999999999964e+00
-7.905459254917905909e+00 1.376193236263479336e-01 -1.195999999999976282e+01 4.000000000000000000e+02 -3.109199324299085632e-01 -1.826363421912102680e+01 4.450000000000000067e-01
-7.905427523105366561e+00 1.376235475295743693e-01 -1.196249999999976232e+01 4.000000000000000000e+02 -3.108066988855786583e-01 -1.826602098557669862e+01 1.925000000000000044e+00
-7.905395867942220711e+00 1.376174430693590245e-01 -1.196499999999976183e+01 4.000000000000000000e+02 -3.105754287286710547e-01 -1.826828971541979030e+01 8.050000000000000488e-01
-7.905364285513297062e+00 1.376194259124894348e-01 -1.196749999999976133e+01 4.000000000000000000e+02 -3.104663871384468754e-01 -1.827068067382956684e+01 2.800000000000000266e-01
-7.905332779500294116e+00 1.376197931626665094e-01 -1.196999999999976083e+01 4.000000000000000000e+02 -3.103588255047304290e-01 -1.827307311219584918e+01 8.050000000000000488e-01
-7.905301349762433816e+00 1.376295213408006424e-01 -1.197249999999976033e+01 4.000000000000000000e+02 -3.101873750676024111e-01 -1.827540166175872116e+01 3.850000000000000089e-01
-7.905269994109486831e+00 1.376278081936130882e-01 -1.197499999999975984e+01 4.000000000000000000e+02 -3.101676340580766245e-01 -1.827788192074919138e+01 1.784999999999999920e+00
-7.905238717109811297e+00 1.376387883451826444e-01 -1.197749999999975934e+01 4.000000000000000000e+02 -3.100790883280419852e-01 -1.828029337501915919e+01 1.629999999999999893e+00
-7.905207516417012137e+00 1.376505258994615288e-01 -1.197999999999975884e+01 4.000000000000000000e+02 -3.095786639054330935e-01 -1.828229295059654902e+01 7.249999999999999778e-01
-7.905176379020560695e+00 1.376431329002612003e-01 -1.198249999999975834e+01 4.000000000000000000e+02 -3.095342554607706242e-01 -1.828474854215188827e+01 1.320000000000000062e+00
-7.905145318956979139e+00 1.376358982992047786e-01 -1.198499999999975785e+01 4.000000000000000000e+02 -3.094372399418369168e-01 -1.828715152663295029e+01 8.549999999999999822e-01
-7.905114334401872611e+00 1.376467084967938348e-01 -1.198749999999975735e+01 4.000000000000000000e+02 -3.093769849649307124e-01 -1.828959127165604670e+01 1.479999999999999982e+00
-7.905083426305545835e+00 1.376590610432821549e-01 -1.198999999999975685e+01 4.000000000000000000e+02 -3.091605816101016257e-01 -1.829187486830121401e+01 6.400000000000000133e-01
-7.905052589662330931e+00 1.376462909837718185e-01 -1.199249999999975635e+01 4.000000000000000000e+02 -3.090460810599286456e-01 -1.829426036775104336e+01 1.524999999999999911e+00
-7.905021827439714599e+00 1.376581987943440721e-01 -1.199499999999975586e+01 4.000000000000000000e+02 -3.090460749694538545e-01 -1.829676036166056718e+01 1.364999999999999991e+00
-7.904991142969160833e+00 1.376565051676201246e-01 -1.199749999999975536e+01 4.000000000000000000e+02 -3.090008804732534697e-01 -1.829921516716436614e+01 1.100000000000000089e+00
-7.904960534668684424e+00 1.376798252728533289e-01 -1.199999999999975486e+01 4.000000000000000000e+02 -3.088572454972797199e-01 -1.830157153218839028e+01 8.599999999999999867e-01
-7.904929999341161917e+00 1.376641306315386226e-01 -1.200249999999975437e+01 4.000000000000000000e+02 -3.086781635981027949e-01 -1.830389245028921508e+01 1.685000000000000053e+00
-7.904899535730594451e+00 1.376453356810557194e-01 -1.200499999999975387e+01 4.000000000000000000e+02 -3.084762152893823495e-01 -1.830619050198049180e+01 7.499999999999999722e-02
-7.904869142971410412e+00 1.376604207459722617e-01 -1.200749999999975337e+01 4.000000000000000000e+02 -3.082606844098502163e-01 -1.830847497110096000e+01 1.665000000000000036e+00
-7.904838820484832773e+00 1.376496800313077307e-01 -1.200999999999975287e+01 4.000000000000000000e+02 -3.081907235522184374e-01 -1.831090501024332795e+01 1.750000000000000000e+00
-7.904808572509709030e+00 1.376529010940596154e-01 -1.201249999999975238e+01 4.000000000000000000e+02 -3.078645778532777544e-01 -1.831307886454438716e+01 1.215000000000000080e+00
-7.904778391129791970e+00 1.376294472506181255e-01 -1.201499999999975188e+01 4.000000000000000000e+02 -3.077115032098628467e-01 -1.831542578990097070e+01 1.950000000000000067e-01
-7.904748281407952604e+00 1.376178264146757924e-01 -1.201749999999975138e+01 4.000000000000000000e+02 -3.076213564598496708e-01 -1.831783564315096058e+01 2.700000000000000178e-01
-7.904718245062062998e+00 1.376433462312069422e-01 -1.201999999999975088e+01 4.000000000000000000e+02 -3.074359394844530802e-01 -1.832015022617555999e+01 6.350000000000000089e-01
-7.904688279056423461e+00 1.376563613096779271e-01 -1.202249999999975039e+01 4.000000000000000000e+02 -3.071720685299711429e-01 -1.832238635522108083e+01 6.049999999999999822e-01
-7.904658380878704982e+00 1.376686802178115898e-01 -1.202499999999974989e+01 4.000000000000000000e+02 -3.069635249006539834e-01 -1.832467781159175857e+01 1.969999999999999973e+00
-7.904628552023729604e+00 1.376882057230446044e-01 -1.202749999999974939e+01 4.000000000000000000e+02 -3.069354981471582033e-01 -1.832714978483826584e+01 1.810000000000000053e+00
-7.904598797700265855e+00 1.376911487707061787e-01 -1.202999999999974889e+01 4.000000000000000000e+02 -3.068315369039827378e-01 -1.832954582359508677e+01 9.150000000000000355e-01
-7.904569115466090423e+00 1.376998797214123160e-01 -1.203249999999974840e+01 4.000000000000000000e+02 -3.067848658265639461e-01 -1.833199915251767109e+01 8.800000000000000044e-01
-7.904539506840719376e+00 1.377201410762328715e-01 -1.203499999999974790e+01 4.000000000000000000e+02 -3.067666588947145501e-01 -1.833448094558582042e+01 1.909999999999999920e+00
-7.904509972480108893e+00 1.377255991839493321e-01 -1.203749999999974740e+01 4.000000000000000000e+02 -3.067006969082733403e-01 -1.833691498359937810e+01 7.800000000000000266e-01
-7.904480510788911118e+00 1.377274335299695229e-01 -1.203999999999974690e+01 4.000000000000000000e+02 -3.064942175436175531e-01 -1.833920850423471904e+01 1.574999999999999956e+00
-7.904451117456266829e+00 1.377113341356838438e-01 -1.204249999999974641e+01 4.000000000000000000e+02 -3.063296065681121449e-01 -1.834154389325921741e+01 1.745000000000000107e+00
-7.904421793549317066e+00 1.377293708439432940e-01 -1.204499999999974591e+01 4.000000000000000000e+02 -3.062407719294134578e-01 -1.834395505862051579e+01 3.850000000000000089e-01
-7.904392541118746784e+00 1.377379539873779535e-01 -1.204749999999974541e+01 4.000000000000000000e+02 -3.062150266069227911e-01 -1.834642931329802451e+01 7.299999999999999822e-01
-7.904363361829183532e+00 1.377297534487145203e-01 -1.204999999999974492e+01 4.000000000000000000e+02 -3.060716529156727872e-01 -1.834878593960677406e+01 1.314999999999999947e+00
-7.904334252071740785e+00 1.377426784427903950e-01 -1.205249999999974442e+01 4.000000000000000000e+02 -3.060325837285165496e-01 -1.835124687041961877e+01 1.639999999999999902e+00
-7.904305214707554761e+00 1.377489000731910440e-01 -1.205499999999974392e+01 4.000000000000000000e+02 -3.059611032135629016e-01 -1.835367538990466230e+01 5.649999999999999467e-01
-7.904276248615694556e+00 1.377471033227411212e-01 -1.205749999999974342e+01 4.000000000000000000e+02 -3.057496787349345824e-01 -1.835596396542603514e+01 1.510000000000000009e+00
-7.904247349575260095e+00 1.377522364008887112e-01 -1.205999999999974293e+01 4.000000000000000000e+02 -3.056728717693554809e-01 -1.835838715846045588e+01 1.915000000000000036e+00
-7.904218521310102830e+00 1.377491139981495138e-01 -1.206249999999974243e+01 4.000000000000000000e+02 -3.056257424900460928e-01 -1.836084002918114777e+01 1.229999999999999982e+00
-7.904189764498294579e+00 1.377523913793883281e-01 -1.206499999999974193e+01 4.000000000000000000e+02 -3.056222706563327951e-01 -1.836333655734743076e+01 1.114999999999999991e+00
-7.904161080212976032e+00 1.377461238481475780e-01 -1.206749999999974143e+01 4.000000000000000000e+02 -3.054690891891857496e-01 -1.836568337588028399e+01 1.784999999999999920e+00
-7.904132463985415136e+00 1.377779650830572022e-01 -1.206999999999974094e+01 4.000000000000000000e+02 -3.053263822651551829e-01 -1.836804066895625098e+01 1.270000000000000018e+00
-7.904103915951218973e+00 1.377889866303080579e-01 -1.207249999999974044e+01 4.000000000000000000e+02 -3.048572076869592862e-01 -1.837007149437805609e+01 6.250000000000000000e-01
-7.904075426646755886e+00 1.377849770415747743e-01 -1.207499999999973994e+01 4.000000000000000000e+02 -3.048123732406382014e-01 -1.837252665993173295e+01 1.864999999999999991e+00
-7.904047008011091613e+00 1.377927942454721111e-01 -1.207749999999973944e+01 4.000000000000000000e+02 -3.046929568489099571e-01 -1.837490724354000804e+01 7.850000000000000311e-01
-7.904018657752621024e+00 1.378001475845283541e-01 -1.207999999999973895e+01 4.000000000000000000e+02 -3.046505346805972736e-01 -1.837736482137169247e+01 7.700000000000000178e-01
-7.903990377882331053e+00 1.377952237203994290e-01 -1.208249999999973845e+01 4.000000000000000000e+02 -3.046365743822087024e-01 -1.837985086107330446e+01 1.685000000000000053e+00
-7.903962169026356399e+00 1.378278946507267011e-01 -1.208499999999973795e+01 4.000000000000000000e+02 -3.045948216701918621e-01 -1.838230910836128729e+01 1.590000000000000080e+00
-7.903934030222351304e+00 1.378282738134118390e-01 -1.208749999999973745e+01 4.000000000000000000e+02 -3.044643950997675819e-01 -1.838467868179086295e+01 1.650000000000000078e-01
-7.903905958805333754e+00 1.378439488146961656e-01 -1.208999999999973696e+01 4.000000000000000000e+02 -3.032767190320865280e-01 -1.838599100572318079e+01 6.999999999999999556e-01
-7.903877924989379800e+00 1.378429090892080711e-01 -1.209249999999973646e+01 4.000000000000000000e+02 -3.026805713370576689e-01 -1.838789485802815094e+01 7.199999999999999734e-01
-7.903849945278529354e+00 1.378623090782207516e-01 -1.209499999999973596e+01 4.000000000000000000e+02 -3.026336913392283501e-01 -1.839034797803032006e+01 5.999999999999999778e-02
-7.903822034901115678e+00 1.378594985849870835e-01 -1.209749999999973546e+01 4.000000000000000000e+02 -3.025421343763718407e-01 -1.839275642106746389e+01 1.979999999999999982e+00
-7.903794192439531408e+00 1.378611653540965098e-01 -1.209999999999973497e+01 4.000000000000000000e+02 -3.017608873701564942e-01 -1.839447517406124888e+01 1.929999999999999938e+00
-7.903766398564345153e+00 1.378632264818052400e-01 -1.210249999999973447e+01 4.000000000000000000e+02 -3.015125159818227152e-01 -1.839672680267291582e+01 1.090000000000000080e+00
-7.903738667970115372e+00 1.378637039149845644e-01 -1.210499999999973397e+01 4.000000000000000000e+02 -3.007928067538081507e-01 -1.839850709344489843e+01 1.614999999999999991e+00
-7.903710987467401416e+00 1.378660143783000114e-01 -1.210749999999973348e+01 4.000000000000000000e+02 -3.006662456522908311e-01 -1.840088053234338261e+01 1.395000000000000018e+00
-7.903683373348233232e+00 1.378714726647199684e-01 -1.210999999999973298e+01 4.000000000000000000e+02 -3.006174239274770343e-01 -1.840333171061856632e+01 1.560000000000000053e+00
-7.903655827593025762e+00 1.378933820924890807e-01 -1.211249999999973248e+01 4.000000000000000000e+02 -3.003910105911656303e-01 -1.840560529728225703e+01 1.905000000000000027e+00
-7.903628345150504053e+00 1.378895103841579761e-01 -1.211499999999973198e+01 4.000000000000000000e+02 -3.001580867256297691e-01 -1.840787237341671911e+01 1.324999999999999956e+00
-7.903600925694900248e+00 1.379131383799516164e-01 -1.211749999999973149e+01 4.000000000000000000e+02 -2.999660812050743419e-01 -1.841018036789616374e+01 3.400000000000000244e-01
-7.903573570199483811e+00 1.379221984679883106e-01 -1.211999999999973099e+01 4.000000000000000000e+02 -2.999291682267855585e-01 -1.841264345491787324e+01 1.235000000000000098e+00
-7.903546282745664620e+00 1.379334965739058283e-01 -1.212249999999973049e+01 4.000000000000000000e+02 -2.997500991228355116e-01 -1.841496438581392425e+01 1.900000000000000022e-01
-7.903519059292699822e+00 1.379349724791474330e-01 -1.212499999999972999e+01 4.000000000000000000e+02 -2.996998268360926976e-01 -1.841741411352717961e+01 1.250000000000000000e+00
-7.903491903186541379e+00 1.379350531351019316e-01 -1.212749999999972950e+01 4.000000000000000000e+02 -2.991392799097169486e-01 -1.841935356660080458e+01 1.294999999999999929e+00
-7.903464800432628223e+00 1.379260080509502051e-01 -1.212999999999972900e+01 4.000000000000000000e+02 -2.990937867406968653e-01 -1.842180807343178373e+01 9.749999999999999778e-01
-7.903437764852874636e+00 1.379110212683365144e-01 -1.213249999999972850e+01 4.000000000000000000e+02 -2.990383648302672448e-01 -1.842425265152135339e+01 1.395000000000000018e+00
-7.903410796011219652e+00 1.379092891868842763e-01 -1.213499999999972800e+01 4.000000000000000000e+02 -2.983558493280962787e-01 -1.842607013601918098e+01 1.820000000000000062e+00
-7.903383876865819779e+00 1.379113902482008991e-01 -1.213749999999972751e+01 4.000000000000000000e+02 -2.982207431853627355e-01 -1.842843502987644655e+01 8.850000000000000089e-01
-7.903357022028180801e+00 1.379236275313338034e-01 -1.213999999999972701e+01 4.000000000000000000e+02 -2.981335720105643405e-01 -1.843084785870164666e+01 9.449999999999999512e-01
-7.903330232627117979e+00 1.379237796856612464e-01 -1.214249999999972651e+01 4.000000000000000000e+02 -2.980221812600740150e-01 -1.843323646795115778e+01 1.044999999999999929e+00
-7.903303507854190890e+00 1.379256639605175860e-01 -1.214499999999972601e+01 4.000000000000000000e+02 -2.980049967018780221e-01 -1.843571928339295951e+01 2.650000000000000133e-01
-7.903276850063180703e+00 1.379171296985756412e-01 -1.214749999999972552e+01 4.000000000000000000e+02 -2.971193864368017468e-01 -1.843733367312788474e+01 1.985000000000000098e+00
-7.903250235982414829e+00 1.379083552557404113e-01 -1.214999999999972502e+01 4.000000000000000000e+02 -2.970457664919197160e-01 -1.843976005318300082e+01 1.584999999999999964e+00
-7.903223687104961925e+00 1.379116683216032868e-01 -1.215249999999972452e+01 4.000000000000000000e+02 -2.969095245707935038e-01 -1.844212381126187594e+01 1.850000000000000089e+00
-7.903197201610852041e+00 1.379162805554772775e-01 -1.215499999999972403e+01 4.000000000000000000e+02 -2.967646364096653833e-01 -1.844447892310074621e+01 5.450000000000000400e-01
-7.903170779118639189e+00 1.379114260463036035e-01 -1.215749999999972353e+01 4.000000000000000000e+02 -2.966965195244086195e-01 -1.844691080621549162e+01 8.050000000000000488e-01
-7.903144421500358341e+00 1.379092146863955259e-01 -1.215999999999972303e+01 4.000000000000000000e+02 -2.966218014203587661e-01 -1.844933608811143699e+01 6.949999999999999512e-01
-7.903118128421460220e+00 1.379134023376233920e-01 -1.216249999999972253e+01 4.000000000000000000e+02 -2.963965236031366191e-01 -1.845161081029421624e+01 4.499999999999999833e-02
-7.903091895772991649e+00 1.379186279731862419e-01 -1.216499999999972204e+01 4.000000000000000000e+02 -2.962775941680078073e-01 -1.845399188085908548e+01 8.999999999999999667e-02
-7.903065726197687546e+00 1.379177915291398271e-01 -1.216749999999972154e+01 4.000000000000000000e+02 -2.962426580674460963e-01 -1.845645694475852494e+01 7.149999999999999689e-01
-7.903039621734915698e+00 1.379313120350805222e-01 -1.216999999999972104e+01 4.000000000000000000e+02 -2.957357739766901528e-01 -1.845845006066776861e+01 1.635000000000000009e+00
-7.903013569928939219e+00 1.379445708559553785e-01 -1.217249999999972054e+01 4.000000000000000000e+02 -2.956839291053490748e-01 -1.846089821579642631e+01 8.000000000000000167e-02
-7.902987582500010433e+00 1.379517350626383310e-01 -1.217499999999972005e+01 4.000000000000000000e+02 -2.956620736310249797e-01 -1.846337636032210128e+01 6.450000000000000178e-01
-7.902961660064779181e+00 1.379503112752119010e-01 -1.217749999999971955e+01 4.000000000000000000e+02 -2.954070076365764574e-01 -1.846562129432765431e+01 1.899999999999999911e+00
-7.902935796428129045e+00 1.379577838120140953e-01 -1.217999999999971905e+01 4.000000000000000000e+02 -2.951531285026644524e-01 -1.846786741519374075e+01 1.625000000000000000e+00
-7.902909991485800312e+00 1.379513396522997204e-01 -1.218249999999971855e+01 4.000000000000000000e+02 -2.950738924851577516e-01 -1.847028817917623300e+01 7.499999999999999722e-02
-7.902884249599062549e+00 1.379532982492246707e-01 -1.218499999999971806e+01 4.000000000000000000e+02 -2.947223532585371841e-01 -1.847243663994960983e+01 4.499999999999999833e-02
-7.902858563618886834e+00 1.379516587227603841e-01 -1.218749999999971756e+01 4.000000000000000000e+02 -2.946569835250852365e-01 -1.847487127021616260e+01 9.849999999999999867e-01
-7.902832940755859958e+00 1.379574022799589239e-01 -1.218999999999971706e+01 4.000000000000000000e+02 -2.934045075127234559e-01 -1.847611879420379566e+01 1.489999999999999991e+00
-7.902807350493326055e+00 1.379788319695741672e-01 -1.219249999999971656e+01 4.000000000000000000e+02 -2.931538489022185168e-01 -1.847836813559329272e+01 1.254999999999999893e+00
-7.902781818379978951e+00 1.379928169533775617e-01 -1.219499999999971607e+01 4.000000000000000000e+02 -2.928290233224167816e-01 -1.848054331001348771e+01 1.429999999999999938e+00
-7.902756342392823541e+00 1.379966670719487976e-01 -1.219749999999971557e+01 4.000000000000000000e+02 -2.926171093991832284e-01 -1.848283139609025838e+01 1.060000000000000053e+00
-7.902730925277069218e+00 1.379919839515456603e-01 -1.219999999999971507e+01 4.000000000000000000e+02 -2.924637518041083850e-01 -1.848517803849517804e+01 5.799999999999999600e-01
-7.902705568380012480e+00 1.379890033460146881e-01 -1.220249999999971457e+01 4.000000000000000000e+02 -2.923416242216242966e-01 -1.848755591091269679e+01 2.650000000000000133e-01
-7.902680272347458512e+00 1.380033260499559378e-01 -1.220499999999971408e+01 4.000000000000000000e+02 -2.917746925830320692e-01 -1.848948897927410329e+01 1.135000000000000009e+00
-7.902655025804653732e+00 1.379998827318854870e-01 -1.220749999999971358e+01 4.000000000000000000e+02 -2.917368657501190898e-01 -1.849195115244119236e+01 1.455000000000000071e+00
-7.902629841981767989e+00 1.379847080514985114e-01 -1.220999999999971308e+01 4.000000000000000000e+02 -2.916412083258744237e-01 -1.849435549501694354e+01 7.850000000000000311e-01
-7.902604719268612854e+00 1.379892337516237244e-01 -1.221249999999971259e+01 4.000000000000000000e+02 -2.915401605290578457e-01 -1.849675444722012685e+01 1.689999999999999947e+00
-7.902579657380281120e+00 1.380066188485703227e-01 -1.221499999999971209e+01 4.000000000000000000e+02 -2.913667389521154005e-01 -1.849908102564318213e+01 1.679999999999999938e+00
-7.902554654358516117e+00 1.380120062427415972e-01 -1.221749999999971159e+01 4.000000000000000000e+02 -2.913202120151699992e-01 -1.850153449870623845e+01 4.500000000000000111e-01
-7.902529713228639174e+00 1.380092577509935137e-01 -1.221999999999971109e+01 4.000000000000000000e+02 -2.911205456709686223e-01 -1.850383483236203475e+01 4.499999999999999833e-02
-7.902504830025646854e+00 1.380009748915555223e-01 -1.222249999999971060e+01 4.000000000000000000e+02 -2.910734820727970962e-01 -1.850628776876386539e+01 5.450000000000000400e-01
-7.902480008401655986e+00 1.380090403567481583e-01 -1.222499999999971010e+01 4.000000000000000000e+02 -2.908151122723858784e-01 -1.850852939896345362e+01 7.349999999999999867e-01
-7.902455242970280125e+00 1.380043595423220970e-01 -1.222749999999970960e+01 4.000000000000000000e+02 -2.906760431449424975e-01 -1.851089032983600902e+01 8.149999999999999467e-01
-7.902430536550552276e+00 1.380050715315315202e-01 -1.222999999999970910e+01 4.000000000000000000e+02 -2.906732658454600493e-01 -1.851338755253652479e+01 1.205000000000000071e+00
-7.902405892359395168e+00 1.380109616881634582e-01 -1.223249999999970861e+01 4.000000000000000000e+02 -2.901480889618399672e-01 -1.851536237565290577e+01 1.064999999999999947e+00
-7.902381297393658244e+00 1.380282449968919523e-01 -1.223499999999970811e+01 4.000000000000000000e+02 -2.898285289238437534e-01 -1.851754281561490956e+01 7.249999999999999778e-01
-7.902356756600266152e+00 1.380227029949631368e-01 -1.223749999999970761e+01 4.000000000000000000e+02 -2.898036538665135220e-01 -1.852001794055757955e+01 1.225000000000000089e+00
-7.902332277073298883e+00 1.380268460373947070e-01 -1.223999999999970711e+01 4.000000000000000000e+02 -2.897556419388501725e-01 -1.852246992862991348e+01 9.599999999999999645e-01
-7.902307858093344350e+00 1.380095760832196483e-01 -1.224249999999970662e+01 4.000000000000000000e+02 -2.894581733498740039e-01 -1.852467246004093937e+01 5.799999999999999600e-01
-7.902283493432079808e+00 1.380376790054773095e-01 -1.224499999999970612e+01 4.000000000000000000e+02 -2.893604065849987861e-01 -1.852707469327605949e+01 7.700000000000000178e-01
-7.902259187821656816e+00 1.380327034961677801e-01 -1.224749999999970562e+01 4.000000000000000000e+02 -2.892501889047225383e-01 -1.852946447559578758e+01 4.650000000000000244e-01
-7.902234940815636932e+00 1.380270514395817161e-01 -1.224999999999970512e+01 4.000000000000000000e+02 -2.890518620612472223e-01 -1.853176614875230754e+01 1.794999999999999929e+00
-7.902210750140000073e+00 1.380260146321316828e-01 -1.225249999999970463e+01 4.000000000000000000e+02 -2.890058238323189865e-01 -1.853422011052338192e+01 1.715000000000000080e+00
-7.902186619337603801e+00 1.380254235121904371e-01 -1.225499999999970413e+01 4.000000000000000000e+02 -2.887667026968364081e-01 -1.853648098938789701e+01 1.435000000000000053e+00
-7.902162543610712575e+00 1.380263512280982541e-01 -1.225749999999970363e+01 4.000000000000000000e+02 -2.882680778432068491e-01 -1.853848236453426779e+01 1.475000000000000089e+00
-7.902138516598085971e+00 1.380405481217924779e-01 -1.225999999999970314e+01 4.000000000000000000e+02 -2.879208839455714153e-01 -1.854063517063663014e+01 4.899999999999999911e-01
-7.902114541830743910e+00 1.380583900740229020e-01 -1.226249999999970264e+01 4.000000000000000000e+02 -2.879185564985229928e-01 -1.854313284318958210e+01 5.200000000000000178e-01
-7.902090627442428072e+00 1.380658527465584151e-01 -1.226499999999970214e+01 4.000000000000000000e+02 -2.876409006173473171e-01 -1.854535518730840593e+01 2.700000000000000178e-01
-7.902066766711082657e+00 1.380637501073634921e-01 -1.226749999999970164e+01 4.000000000000000000e+02 -2.874103783924379929e-01 -1.854637492550012112e+01 nan
-7.902042930867485993e+00 1.380648422960570609e-01 -1.227000313021781963e+01 3.990000000000000000e+02 -2.871968931115996271e-01 -1.854616144021927937e+01 nan
-7.902019090503060283e+00 1.380676323599790145e-01 -1.227251254182324480e+01 3.980000000000000000e+02 -2.868941526699059219e-01 -1.854585869977758605e+01 nan
-7.901995243488706855e+00 1.380665632883902039e-01 -1.227502826642049172e+01 3.970000000000000000e+02 -2.867294481254671346e-01 -1.854569399523314743e+01 nan
-7.901971393115124975e+00 1.380667272362859355e-01 -1.227755033585320099e+01 3.960000000000000000e+02 -2.866899149651772061e-01 -1.854565446207285717e+01 nan
-7.901947542367504518e+00 1.380718319636677627e-01 -1.228007878220656046e+01 3.950000000000000000e+02 -2.866766182480072200e-01 -1.854564116535568630e+01 nan
-7.901923691871600930e+00 1.380794378479749396e-01 -1.228261363780974769e+01 3.940000000000000000e+02 -2.863313096880296116e-01 -1.854529585679571113e+01 nan
-7.901899833707622278e+00 1.380725191479546810e-01 -1.228515493523842039e+01 3.930000000000000000e+02 -2.862414470049496895e-01 -1.854520599411263149e+01 nan
-7.901875973968864209e+00 1.380676033482495790e-01 -1.228770270731721936e+01 3.920000000000000000e+02 -2.862194138404385857e-01 -1.854518396094811905e+01 nan
-7.901852114273687278e+00 1.380618143807171017e-01 -1.229025698712231573e+01 3.910000000000000000e+02 -2.858949990175277955e-01 -1.854485954612520970e+01 nan
-7.901828247406363914e+00 1.380713224124213712e-01 -1.229281780798399026e+01 3.900000000000000000e+02 -2.858768428000459938e-01 -1.854484138990772735e+01 nan
-7.901804380675334194e+00 1.380608805831355923e-01 -1.229538520348923569e+01 3.890000000000000000e+02 -2.856490005370156404e-01 -1.854461354764469760e+01 nan
-7.901780509075637227e+00 1.380608548228585697e-01 -1.229795920748440885e+01 3.880000000000000000e+02 -2.856227357191714056e-01 -1.854458728282685342e+01 nan
-7.901756637418810847e+00 1.380556842646814830e-01 -1.230053985407790051e+01 3.870000000000000000e+02 -2.851479788747283695e-01 -1.854411252598240978e+01 nan
-7.901732754996309005e+00 1.380654851314500053e-01 -1.230312717764285146e+01 3.860000000000000000e+02 -2.850133177808040208e-01 -1.854397786488848610e+01 nan
-7.901708869928029344e+00 1.380628314009009205e-01 -1.230572121281989872e+01 3.850000000000000000e+02 -2.850020013880427139e-01 -1.854396654849572457e+01 nan
-7.901684985159947772e+00 1.380554317800476438e-01 -1.230832199451995557e+01 3.840000000000000000e+02 -2.849548753887422570e-01 -1.854391942249642256e+01 nan
-7.901661099836755575e+00 1.380629018606924496e-01 -1.231092955792703592e+01 3.830000000000000000e+02 -2.849081752519143640e-01 -1.854387272235959472e+01 nan
-7.901637213968624174e+00 1.380658446661740257e-01 -1.231354393850110718e+01 3.820000000000000000e+02 -2.849079690360933892e-01 -1.854387251614377519e+01 nan
-7.901613328666088343e+00 1.380652894987923762e-01 -1.231616517198098215e+01 3.810000000000000000e+02 -2.844408926900858225e-01 -1.854340543979776612e+01 nan
-7.901589432775581123e+00 1.380611909064452525e-01 -1.231879329438725179e+01 3.800000000000000000e+02 -2.844009270353454744e-01 -1.854336547414303027e+01 nan
-7.901565536501073517e+00 1.380581105196375669e-01 -1.232142834202525705e+01 3.790000000000000000e+02 -2.842728764579180445e-01 -1.854323742356560345e+01 nan
-7.901541637737566681e+00 1.380567823279828243e-01 -1.232407035148809626e+01 3.780000000000000000e+02 -2.841680603133081573e-01 -1.854313260742099345e+01 nan
-7.901517737040179234e+00 1.380572057883783232e-01 -1.232671935965967336e+01 3.770000000000000000e+02 -2.833297637419435189e-01 -1.854229431084962698e+01 nan
-7.901493816870466702e+00 1.380570963389922690e-01 -1.232937540371778873e+01 3.760000000000000000e+02 -2.831937702191100192e-01 -1.854215831732679476e+01 nan
-7.901469894019823137e+00 1.380591656890418906e-01 -1.233203852113727272e+01 3.750000000000000000e+02 -2.828986142080374133e-01 -1.854186316131572099e+01 nan
-7.901445964679706613e+00 1.380570188839300994e-01 -1.233470874969315112e+01 3.740000000000000000e+02 -2.826616341068321492e-01 -1.854162618121451445e+01 nan
-7.901422030240943251e+00 1.380534455551649942e-01 -1.233738612746386742e+01 3.730000000000000000e+02 -2.821663409737334427e-01 -1.854113088808141541e+01 nan
-7.901398084517950338e+00 1.380491737976915489e-01 -1.234007069283453717e+01 3.720000000000000000e+02 -2.820478241040259570e-01 -1.854101237121171053e+01 nan
-7.901374136530303183e+00 1.380477855797984377e-01 -1.234276248450024838e+01 3.710000000000000000e+02 -2.819311242906983317e-01 -1.854089567139838124e+01 nan
-7.901350186321359992e+00 1.380535654215127306e-01 -1.234546154146941355e+01 3.700000000000000000e+02 -2.819276711460942386e-01 -1.854089221825377720e+01 nan
-7.901326236603314790e+00 1.380551420609997526e-01 -1.234816790306715717e+01 3.690000000000000000e+02 -2.818449053747342781e-01 -1.854080945248241719e+01 nan
-7.901302285476616838e+00 1.380606709000271604e-01 -1.235088160893875298e+01 3.680000000000000000e+02 -2.814550520915227172e-01 -1.854041959919920757e+01 nan
-7.901278325584651263e+00 1.380557632879247654e-01 -1.235360269905311448e+01 3.670000000000000000e+02 -2.813811117281191931e-01 -1.854034565883580399e+01 nan
-7.901254364495144067e+00 1.380534928481829959e-01 -1.235633121370631926e+01 3.660000000000000000e+02 -2.813590751010218161e-01 -1.854032362220870667e+01 nan
-7.901230403451748430e+00 1.380539183825106597e-01 -1.235906719352519367e+01 3.650000000000000000e+02 -2.810774201369223291e-01 -1.854004196724460485e+01 nan
-7.901206436233016106e+00 1.380525096864706480e-01 -1.236181067947094370e+01 3.640000000000000000e+02 -2.804589516907895486e-01 -1.853942349879847384e+01 nan
-7.901182454761676688e+00 1.380580309527220106e-01 -1.236456171284283378e+01 3.630000000000000000e+02 -2.803874165832773713e-01 -1.853935196369096161e+01 nan
-7.901158472149917955e+00 1.380561284878028261e-01 -1.236732033528191366e+01 3.620000000000000000e+02 -2.800906646342763984e-01 -1.853905521174196025e+01 nan
-7.901134482995624708e+00 1.380538694852186943e-01 -1.237008658877480372e+01 3.610000000000000000e+02 -2.800322992792747545e-01 -1.853899684638695788e+01 nan
-7.901110493016671121e+00 1.380516747992052706e-01 -1.237286051565752842e+01 3.600000000000000000e+02 -2.798182213926477258e-01 -1.853878276850033302e+01 nan
-7.901086498477133624e+00 1.380599584991519524e-01 -1.237564215861940475e+01 3.590000000000000000e+02 -2.792660330534261770e-01 -1.853823058016110892e+01 nan
-7.901062491260633536e+00 1.380607926206789127e-01 -1.237843156070698392e+01 3.580000000000000000e+02 -2.789678401392565177e-01 -1.853793238724693992e+01 nan
-7.901038477460875065e+00 1.380697656030977771e-01 -1.238122876532804462e+01 3.570000000000000000e+02 -2.788178054237244741e-01 -1.853778235253140849e+01 nan
-7.901014460634720571e+00 1.380707618987974949e-01 -1.238403381625565380e+01 3.560000000000000000e+02 -2.787251149044686627e-01 -1.853768966201215207e+01 nan
-7.900990442159205429e+00 1.380706332081097498e-01 -1.238684675763226828e+01 3.550000000000000000e+02 -2.786704923461130745e-01 -1.853763503945379654e+01 nan
-7.900966422948624057e+00 1.380739657829994638e-01 -1.238966763397390913e+01 3.540000000000000000e+02 -2.783462074581928847e-01 -1.853731075456587618e+01 nan
-7.900942396524902378e+00 1.380705983846421958e-01 -1.239249649017438770e+01 3.530000000000000000e+02 -2.779754083353492278e-01 -1.853693995544303519e+01 nan
-7.900918361768128229e+00 1.380793952820182080e-01 -1.239533337150958658e+01 3.520000000000000000e+02 -2.779246187785077149e-01 -1.853688916588619051e+01 nan
-7.900894326368308462e+00 1.380794886540018529e-01 -1.239817832364181704e+01 3.510000000000000000e+02 -2.776884484292355681e-01 -1.853665299553691526e+01 nan
-7.900870285869260101e+00 1.380708318018689651e-01 -1.240103139262422260e+01 3.500000000000000000e+02 -2.776653434572312062e-01 -1.853662989056491028e+01 nan
-7.900846245392702194e+00 1.380775328512224565e-01 -1.240389262490525546e+01 3.490000000000000000e+02 -2.773956815030012013e-01 -1.853636022861068255e+01 nan
-7.900822199010632652e+00 1.380751466625477764e-01 -1.240676206733320797e+01 3.480000000000000000e+02 -2.772446384820871912e-01 -1.853620918558976882e+01 nan
-7.900798149574596252e+00 1.380719953917046439e-01 -1.240963976716082229e+01 3.470000000000000000e+02 -2.772156197512331555e-01 -1.853618016685891234e+01 nan
-7.900774100019052781e+00 1.380689514025025544e-01 -1.241252577204995688e+01 3.460000000000000000e+02 -2.772118237840809352e-01 -1.853617637089176284e+01 nan
-7.900750050950588133e+00 1.380679408575306577e-01 -1.241542013007632050e+01 3.450000000000000000e+02 -2.770574530662037183e-01 -1.853602200017388313e+01 nan
-7.900725998747842205e+00 1.380639279430461441e-01 -1.241832288973428255e+01 3.440000000000000000e+02 -2.770365892440300737e-01 -1.853600113635171098e+01 nan
-7.900701946621783378e+00 1.380701308391302229e-01 -1.242123409994174033e+01 3.430000000000000000e+02 -2.768023942046671237e-01 -1.853576694131234603e+01 nan
-7.900677889440870239e+00 1.380755697754668110e-01 -1.242415381004507502e+01 3.420000000000000000e+02 -2.763866725005543201e-01 -1.853535121960823417e+01 nan
-7.900653822835880469e+00 1.380705699285964261e-01 -1.242708206982416286e+01 3.410000000000000000e+02 -2.757650635607099554e-01 -1.853472961066838920e+01 nan
-7.900629741845951237e+00 1.380729823805475764e-01 -1.243001892949747322e+01 3.400000000000000000e+02 -2.751756145059403580e-01 -1.853414016161362099e+01 nan
-7.900605647237713747e+00 1.380653735635313517e-01 -1.243296443972723075e+01 3.390000000000000000e+02 -2.751681483546644658e-01 -1.853413269546234687e+01 nan
-7.900581553030124660e+00 1.380683205847152706e-01 -1.243591865162466270e+01 3.380000000000000000e+02 -2.745681752779583484e-01 -1.853353272238564031e+01 nan
-7.900557444943361318e+00 1.380726505035161089e-01 -1.243888161675531911e+01 3.370000000000000000e+02 -2.737091458626476626e-01 -1.853267369297032729e+01 nan
-7.900533316720080634e+00 1.380766765232425419e-01 -1.244185338714447653e+01 3.360000000000000000e+02 -2.737007331713504077e-01 -1.853266528027902993e+01 nan
-7.900509188875980193e+00 1.380755672816265378e-01 -1.244483401528261446e+01 3.350000000000000000e+02 -2.735126943603056748e-01 -1.853247724146798703e+01 nan
-7.900485057076784834e+00 1.380696441897678317e-01 -1.244782355413098074e+01 3.340000000000000000e+02 -2.733677493286829630e-01 -1.853233229643636193e+01 nan
-7.900460922362007921e+00 1.380723748208961821e-01 -1.245082205712723677e+01 3.330000000000000000e+02 -2.731760687995095638e-01 -1.853214061590719197e+01 nan
-7.900436783603270285e+00 1.380744620877286666e-01 -1.245382957819119163e+01 3.320000000000000000e+02 -2.730603790055858848e-01 -1.853202492611326591e+01 nan
-7.900412642634529803e+00 1.380827076984139368e-01 -1.245684617173061781e+01 3.310000000000000000e+02 -2.728121064829902020e-01 -1.853177665359067205e+01 nan
-7.900388496254495685e+00 1.380810123959754498e-01 -1.245987189264715411e+01 3.300000000000000000e+02 -2.725721776827215170e-01 -1.853153672479040281e+01 nan
-7.900364344663597826e+00 1.380848047846341409e-01 -1.246290679634230791e+01 3.290000000000000000e+02 -2.722019156975906684e-01 -1.853116646280527036e+01 nan
-7.900340184712237424e+00 1.380891962667786244e-01 -1.246595093872353566e+01 3.280000000000000000e+02 -2.721847612886335588e-01 -1.853114930839631569e+01 nan
-7.900316024930128300e+00 1.380859752933839280e-01 -1.246900437621042634e+01 3.270000000000000000e+02 -2.721759489383261399e-01 -1.853114049604600666e+01 nan
-7.900291865518802581e+00 1.380904117696414024e-01 -1.247206716574097207e+01 3.260000000000000000e+02 -2.720655653551358188e-01 -1.853103011246281540e+01 nan
-7.900267704024287241e+00 1.380821405462504814e-01 -1.247513936477794161e+01 3.250000000000000000e+02 -2.719646686760665011e-01 -1.853092921578374686e+01 nan
-7.900243540675686127e+00 1.380861320913446544e-01 -1.247822103131534988e+01 3.240000000000000000e+02 -2.719166196079245146e-01 -1.853088116671560570e+01 nan
-7.900219376749926248e+00 1.380971679409115083e-01 -1.248131222388502337e+01 3.230000000000000000e+02 -2.716640707854787729e-01 -1.853062861789316074e+01 nan
-7.900195207304927081e+00 1.380942981606348985e-01 -1.248441300156327216e+01 3.220000000000000000e+02 -2.712296411466945112e-01 -1.853019418825437370e+01 nan
-7.900171027942252344e+00 1.380958483586013918e-01 -1.248752342397766490e+01 3.210000000000000000e+02 -2.711489727382361270e-01 -1.853011351984591570e+01 nan
-7.900146847213686208e+00 1.380916984600493169e-01 -1.249064355131390869e+01 3.200000000000000000e+02 -2.710860454419866672e-01 -1.853005059254966724e+01 nan
-7.900122665548193091e+00 1.380923572839397873e-01 -1.249377344432283721e+01 3.190000000000000000e+02 -2.710416770026775612e-01 -1.853000622411035891e+01 nan
-7.900098483394550897e+00 1.380923335231075411e-01 -1.249691316432750554e+01 3.180000000000000000e+02 -2.707642825789620677e-01 -1.852972882968664337e+01 nan
-7.900074295116989553e+00 1.380867796115517743e-01 -1.250006277323040216e+01 3.170000000000000000e+02 -2.706500312273036890e-01 -1.852961457833498571e+01 nan
-7.900050104660885530e+00 1.380771811318134701e-01 -1.250322233352077106e+01 3.160000000000000000e+02 -2.705682958500579827e-01 -1.852953284295774239e+01 nan
-7.900025912812720819e+00 1.380850636326564074e-01 -1.250639190828204939e+01 3.150000000000000000e+02 -2.705266258865008933e-01 -1.852949117299418091e+01 nan
-7.900001720541729888e+00 1.380893056020223997e-01 -1.250957156119942937e+01 3.140000000000000000e+02 -2.703010031253491596e-01 -1.852926555023303123e+01 nan
-7.899977523397245349e+00 1.380859064699850869e-01 -1.251276135656752864e+01 3.130000000000000000e+02 -2.700283532998408176e-01 -1.852899290040751978e+01 nan
-7.899953320240241439e+00 1.380893765397333550e-01 -1.251596135929819908e+01 3.120000000000000000e+02 -2.699800887531618176e-01 -1.852894463586084228e+01 nan
-7.899929116500875814e+00 1.380919195168391900e-01 -1.251917163492844765e+01 3.110000000000000000e+02 -2.697587144903980105e-01 -1.852872326159807770e+01 nan
-7.899904907988833713e+00 1.380856151291912914e-01 -1.252239224962849029e+01 3.100000000000000000e+02 -2.692376000268804637e-01 -1.852820214713456082e+01 nan
-7.899880687444594152e+00 1.380811225230324790e-01 -1.252562327020993749e+01 3.090000000000000000e+02 -2.689139856733633871e-01 -1.852787853278104535e+01 nan
-7.899856459647875973e+00 1.380874755641214036e-01 -1.252886476413410932e+01 3.080000000000000000e+02 -2.684055745467192611e-01 -1.852737012165440333e+01 nan
-7.899832220117764869e+00 1.380900415824113658e-01 -1.253211679952048740e+01 3.070000000000000000e+02 -2.678544956447534431e-01 -1.852681904275243596e+01 nan
-7.899807967814105325e+00 1.380917561949385197e-01 -1.253537944515530356e+01 3.060000000000000000e+02 -2.675242539049564883e-01 -1.852648880101263984e+01 nan
-7.899783708088451206e+00 1.380850021919413084e-01 -1.253865277050027238e+01 3.050000000000000000e+02 -2.670322628876284909e-01 -1.852599680999531273e+01 nan
-7.899759437013248231e+00 1.380774733117740294e-01 -1.254193684570146239e+01 3.040000000000000000e+02 -2.668676226316709088e-01 -1.852583216973935620e+01 nan
-7.899735162530935995e+00 1.380853854985297779e-01 -1.254523174159831456e+01 3.030000000000000000e+02 -2.667663877338427025e-01 -1.852573093484152622e+01 nan
-7.899710886180400848e+00 1.380804948573010060e-01 -1.254853752973281367e+01 3.020000000000000000e+02 -2.665707684070666716e-01 -1.852553531551475174e+01 nan
-7.899686605669977268e+00 1.380808458603107192e-01 -1.255185428235880707e+01 3.010000000000000000e+02 -2.664944031014102599e-01 -1.852545895020909228e+01 nan
-7.899662323894890648e+00 1.380819267963669661e-01 -1.255518207245148155e+01 3.000000000000000000e+02 -2.663340825613529916e-01 -1.852529862966903451e+01 nan
-7.899638038816356733e+00 1.380858995145917978e-01 -1.255852097371699649e+01 2.990000000000000000e+02 -2.661088482514077924e-01 -1.852507339535908670e+01 nan
-7.899613748857324147e+00 1.380816365252739986e-01 -1.256187106060227876e+01 2.980000000000000000e+02 -2.659640124757213786e-01 -1.852492855958340456e+01 nan
-7.899589455970097873e+00 1.380884152281287025e-01 -1.256523240830498445e+01 2.970000000000000000e+02 -2.658582768492412929e-01 -1.852482282395692437e+01 nan
-7.899565161104335154e+00 1.380884114497198112e-01 -1.256860509278362414e+01 2.960000000000000000e+02 -2.656586539211910347e-01 -1.852462320102887361e+01 nan
-7.899540861978679551e+00 1.380860252772212748e-01 -1.257198919076786403e+01 2.950000000000000000e+02 -2.654735015999833969e-01 -1.852443804870766897e+01 nan
-7.899516558944164935e+00 1.380881747138403282e-01 -1.257538477976900282e+01 2.940000000000000000e+02 -2.650524047995265753e-01 -1.852401695190721043e+01 nan
-7.899492246264561146e+00 1.380866056556907806e-01 -1.257879193809061746e+01 2.930000000000000000e+02 -2.649438915020731478e-01 -1.852390843860975878e+01 nan
-7.899467931537754062e+00 1.380854013205280173e-01 -1.258221074483940249e+01 2.920000000000000000e+02 -2.644797669609572632e-01 -1.852344431406864089e+01 nan
-7.899443606114869176e+00 1.380902767802796860e-01 -1.258564127993619230e+01 2.910000000000000000e+02 -2.640839527376838691e-01 -1.852304849984536972e+01 nan
-7.899419271653793651e+00 1.380868204984770919e-01 -1.258908362412716464e+01 2.900000000000000000e+02 -2.633111660664126386e-01 -1.852227571317409627e+01 nan
-7.899394918972941326e+00 1.380942436982664501e-01 -1.259253785899525191e+01 2.890000000000000000e+02 -2.624366948578378822e-01 -1.852140124196552051e+01 nan
-7.899370545580874037e+00 1.380963795852420684e-01 -1.259600406697173902e+01 2.880000000000000000e+02 -2.618524346195369445e-01 -1.852081698172722213e+01 nan
-7.899346158538810059e+00 1.380933154892310943e-01 -1.259948233134806372e+01 2.870000000000000000e+02 -2.618467182458246167e-01 -1.852081126535350819e+01 nan
-7.899321771952059201e+00 1.380919163571829866e-01 -1.260297273628783188e+01 2.860000000000000000e+02 -2.615209428879529674e-01 -1.852048548999563593e+01 nan
-7.899297378014446203e+00 1.380894944148745029e-01 -1.260647536683903347e+01 2.850000000000000000e+02 -2.612652445808599233e-01 -1.852022979168854278e+01 nan
-7.899272978433825365e+00 1.380870978652546377e-01 -1.260999030894647710e+01 2.840000000000000000e+02 -2.612251206950143567e-01 -1.852018966780269693e+01 nan
-7.899248578469539872e+00 1.380986132718896309e-01 -1.261351764946444476e+01 2.830000000000000000e+02 -2.612134851165027749e-01 -1.852017803222418380e+01 nan
-7.899224178816699471e+00 1.380983940780552699e-01 -1.261705747616956863e+01 2.820000000000000000e+02 -2.607806903327680725e-01 -1.851974523744044987e+01 nan
-7.899199769197245757e+00 1.381036795643939552e-01 -1.262060987777393706e+01 2.810000000000000000e+02 -2.596985853334049521e-01 -1.851866313244108397e+01 nan
-7.899175333746507377e+00 1.381082915428922531e-01 -1.262417494393843320e+01 2.800000000000000000e+02 -2.596255752510895354e-01 -1.851859012235876989e+01 nan
-7.899150897108811797e+00 1.381153908373427830e-01 -1.262775276528631707e+01 2.790000000000000000e+02 -2.595724395450719202e-01 -1.851853698665275161e+01 nan
-7.899126459769806097e+00 1.381189864487691321e-01 -1.263134343341704557e+01 2.780000000000000000e+02 -2.594295853646439443e-01 -1.851839413247232358e+01 nan
-7.899102019536871744e+00 1.381157295931394469e-01 -1.263494704092034482e+01 2.770000000000000000e+02 -2.589412379254292240e-01 -1.851790578503311480e+01 nan
-7.899077567963445290e+00 1.381174564384714532e-01 -1.263856368139053288e+01 2.760000000000000000e+02 -2.588861506140429092e-01 -1.851785069772172321e+01 nan
-7.899053115640924716e+00 1.381108763618094093e-01 -1.264219344944111079e+01 2.750000000000000000e+02 -2.588813031260078223e-01 -1.851784585023368734e+01 nan
-7.899028663797777128e+00 1.381194050967180509e-01 -1.264583644071961110e+01 2.740000000000000000e+02 -2.588044235651677516e-01 -1.851776897067284722e+01 nan
-7.899004210672657678e+00 1.381207414350796303e-01 -1.264949275192272182e+01 2.730000000000000000e+02 -2.587695210511988808e-01 -1.851773406815888023e+01 nan
-7.898979757292019954e+00 1.381269922162995101e-01 -1.265316248081168382e+01 2.720000000000000000e+02 -2.587010944305933036e-01 -1.851766564153827233e+01 nan
-7.898955302836077053e+00 1.381259998549088652e-01 -1.265684572622797965e+01 2.710000000000000000e+02 -2.586906787381554329e-01 -1.851765522584583579e+01 nan
-7.898930848723438203e+00 1.381327618433237092e-01 -1.266054258810930655e+01 2.700000000000000000e+02 -2.585424096596720678e-01 -1.851750695676735248e+01 nan
-7.898906391582863229e+00 1.381225235859998290e-01 -1.266425316750584251e+01 2.690000000000000000e+02 -2.584174535131796846e-01 -1.851738200062085937e+01 nan
-7.898881931984276683e+00 1.381123068873584547e-01 -1.266797756659682506e+01 2.680000000000000000e+02 -2.583502162520521228e-01 -1.851731476335973170e+01 nan
-7.898857471339356451e+00 1.381214263268491782e-01 -1.267171588870743193e+01 2.670000000000000000e+02 -2.582395641447172152e-01 -1.851720411125239707e+01 nan
-7.898833008586072069e+00 1.381228791603317796e-01 -1.267546823832598157e+01 2.660000000000000000e+02 -2.581723399089778659e-01 -1.851713688701665816e+01 nan
-7.898808544786714236e+00 1.381258191655949374e-01 -1.267923472112145866e+01 2.650000000000000000e+02 -2.580659179921936386e-01 -1.851703046509987516e+01 nan
-7.898784078982291845e+00 1.381195022542347217e-01 -1.268301544396136471e+01 2.640000000000000000e+02 -2.580151436109439089e-01 -1.851697969071862460e+01 nan
-7.898759612534208330e+00 1.381161278850800977e-01 -1.268681051492991685e+01 2.630000000000000000e+02 -2.577667235629812481e-01 -1.851673127067066105e+01 nan
-7.898735140606229166e+00 1.381150364035192701e-01 -1.269062004334658411e+01 2.620000000000000000e+02 -2.576941243900102152e-01 -1.851665867149769085e+01 nan
-7.898710667500470350e+00 1.381172418976645277e-01 -1.269444413978498787e+01 2.610000000000000000e+02 -2.573037824453553446e-01 -1.851626832955303570e+01 nan
-7.898686185439236063e+00 1.381164863646577590e-01 -1.269828291609215398e+01 2.600000000000000000e+02 -2.572819263141351565e-01 -1.851624647342181618e+01 nan
-7.898661703442289017e+00 1.381157296272045587e-01 -1.270213648540814333e+01 2.590000000000000000e+02 -2.571523398209693556e-01 -1.851611688692864988e+01 nan
-7.898637218872069710e+00 1.381109516347505395e-01 -1.270600496218606423e+01 2.580000000000000000e+02 -2.564792307349141320e-01 -1.851544377784259510e+01 nan
-7.898612718415601641e+00 1.381155735834771192e-01 -1.270988846221246149e+01 2.570000000000000000e+02 -2.563137463881337563e-01 -1.851527829349581467e+01 nan
-7.898588214504762561e+00 1.381058532292282204e-01 -1.271378710262811929e+01 2.560000000000000000e+02 -2.560305216918807858e-01 -1.851499506879956058e+01 nan
-7.898563704253509954e+00 1.381100452827415115e-01 -1.271770100194925490e+01 2.550000000000000000e+02 -2.560183035398380103e-01 -1.851498285064752025e+01 nan
-7.898539194303533684e+00 1.381057074571165333e-01 -1.272163028008914409e+01 2.540000000000000000e+02 -2.546840352375576155e-01 -1.851364858234523680e+01 nan
-7.898514652230808508e+00 1.381054845841614143e-01 -1.272557505838016034e+01 2.530000000000000000e+02 -2.545857974389613698e-01 -1.851355034454664050e+01 nan
-7.898490108349392358e+00 1.381052009865784413e-01 -1.272953545959625643e+01 2.520000000000000000e+02 -2.545032548332104017e-01 -1.851346780194089092e+01 nan
-7.898465563044438476e+00 1.381104429877532680e-01 -1.273351160797589543e+01 2.510000000000000000e+02 -2.543092051682955823e-01 -1.851327375227597472e+01 nan
-7.898441013578647585e+00 1.381095871435664424e-01 -1.273750362924543289e+01 2.500000000000000000e+02 -2.542735600017946851e-01 -1.851323810710947626e+01 nan
-7.898416463840464807e+00 1.381069116048829759e-01 -1.274151165064297153e+01 2.490000000000000000e+02 -2.542240336027309366e-01 -1.851318858071041262e+01 nan
-7.898391913489111182e+00 1.381061177817462238e-01 -1.274553580094269734e+01 2.480000000000000000e+02 -2.534352561045977725e-01 -1.851239980321227918e+01 nan
-7.898367344368772081e+00 1.381119659431798707e-01 -1.274957621047970235e+01 2.470000000000000000e+02 -2.534074276199690390e-01 -1.851237197472764962e+01 nan
-7.898342775168353924e+00 1.381101008902168026e-01 -1.275363301117531734e+01 2.460000000000000000e+02 -2.533518317550886856e-01 -1.851231637886277070e+01 nan
-7.898318205205633546e+00 1.381163963382530113e-01 -1.275770633656295239e+01 2.450000000000000000e+02 -2.533278262172725670e-01 -1.851229237332495359e+01 nan
-7.898293635256780298e+00 1.381150568875503803e-01 -1.276179632181447765e+01 2.440000000000000000e+02 -2.530526173611158947e-01 -1.851201716446879786e+01 nan
-7.898269059149045646e+00 1.381160756954591673e-01 -1.276590310376713155e+01 2.430000000000000000e+02 -2.529354915027334783e-01 -1.851190003861041333e+01 nan
-7.898244480766721587e+00 1.381171610218249468e-01 -1.277002682095099395e+01 2.420000000000000000e+02 -2.528119386455860429e-01 -1.851177648575326629e+01 nan
-7.898219899951674172e+00 1.381099483728706889e-01 -1.277416761361702591e+01 2.410000000000000000e+02 -2.527379893711412251e-01 -1.851170253647882191e+01 nan
-7.898195317923095260e+00 1.381110108514009005e-01 -1.277832562376569037e+01 2.400000000000000000e+02 -2.521251871093795893e-01 -1.851108973421705883e+01 nan
-7.898170721430793684e+00 1.381101163968332379e-01 -1.278250099517617144e+01 2.390000000000000000e+02 -2.520461822064646307e-01 -1.851101072931414393e+01 nan
-7.898146123600215951e+00 1.381053703466103288e-01 -1.278669387343620656e+01 2.380000000000000000e+02 -2.511474353067521537e-01 -1.851011198241443267e+01 nan
-7.898121504258331704e+00 1.381109823597700126e-01 -1.279090440597254918e+01 2.370000000000000000e+02 -2.509986493385056860e-01 -1.850996319644618637e+01 nan
-7.898096881859395069e+00 1.381135822661979373e-01 -1.279513274208207108e+01 2.360000000000000000e+02 -2.499023592408742001e-01 -1.850886690634855469e+01 nan
-7.898072233059609815e+00 1.381139793860425291e-01 -1.279937903296352175e+01 2.350000000000000000e+02 -2.498811528537964177e-01 -1.850884569996147633e+01 nan
-7.898047584344674910e+00 1.381096331612849115e-01 -1.280364343174997899e+01 2.340000000000000000e+02 -2.498319309937543087e-01 -1.850879647810143425e+01 nan
-7.898022935024043178e+00 1.381087391499981609e-01 -1.280792609354197964e+01 2.330000000000000000e+02 -2.493832972611049192e-01 -1.850834784436878522e+01 nan
-7.897998275250396993e+00 1.381069121254861476e-01 -1.281222717544136991e+01 2.320000000000000000e+02 -2.488045507269978085e-01 -1.850776909783467872e+01 nan
-7.897973601809479050e+00 1.380949379907196184e-01 -1.281654683658588567e+01 2.310000000000000000e+02 -2.486250326231143892e-01 -1.850758957973079433e+01 nan
-7.897948924547762317e+00 1.380994134550613539e-01 -1.282088523818448422e+01 2.300000000000000000e+02 -2.484677997715852016e-01 -1.850743234687926630e+01 nan
-7.897924244014760120e+00 1.381060053502711493e-01 -1.282524254355343984e+01 2.290000000000000000e+02 -2.481629179524716677e-01 -1.850712746506015094e+01 nan
-7.897899556565357138e+00 1.381079852660245522e-01 -1.282961891815323874e+01 2.280000000000000000e+02 -2.480894817470306324e-01 -1.850705402885471074e+01 nan
-7.897874867912457297e+00 1.381064768824069311e-01 -1.283401452962627687e+01 2.270000000000000000e+02 -2.477146874841330004e-01 -1.850667923459181452e+01 nan
-7.897850170614514553e+00 1.381071470603681128e-01 -1.283842954783539447e+01 2.260000000000000000e+02 -2.458566762927144878e-01 -1.850482122340039481e+01 nan
-7.897825427997703152e+00 1.381107553528668763e-01 -1.284286414490325967e+01 2.250000000000000000e+02 -2.450299360379938340e-01 -1.850399448314567508e+01 nan
-7.897800665529658204e+00 1.381142963804444790e-01 -1.284731849525264025e+01 2.240000000000000000e+02 -2.450069348076331366e-01 -1.850397148191531471e+01 nan
-7.897775903105225481e+00 1.381088646263422814e-01 -1.285179277564756184e+01 2.230000000000000000e+02 -2.442802665344355750e-01 -1.850324481364211593e+01 nan
-7.897751123294016296e+00 1.381126136085792655e-01 -1.285628716523540049e+01 2.220000000000000000e+02 -2.440431881635108935e-01 -1.850300773527118992e+01 nan
-7.897726338221595199e+00 1.381106330930814696e-01 -1.286080184558992734e+01 2.210000000000000000e+02 -2.433864662303518167e-01 -1.850235101333803200e+01 nan
-7.897701537481817802e+00 1.381186877312328420e-01 -1.286533700075531783e+01 2.200000000000000000e+02 -2.432129529706918702e-01 -1.850217750007837125e+01 nan
-7.897676733053631715e+00 1.381176504666986882e-01 -1.286989281729117884e+01 2.190000000000000000e+02 -2.428822321552536467e-01 -1.850184677926293375e+01 nan
-7.897651921036297651e+00 1.381220157976264240e-01 -1.287446948431859006e+01 2.180000000000000000e+02 -2.427148484150389307e-01 -1.850167939552271790e+01 nan
-7.897627105481263676e+00 1.381141876531997437e-01 -1.287906719356722007e+01 2.170000000000000000e+02 -2.427066864821975090e-01 -1.850167123358987809e+01 nan
-7.897602290339489350e+00 1.381190934495259981e-01 -1.288368613942351537e+01 2.160000000000000000e+02 -2.425878056343373501e-01 -1.850155235274201715e+01 nan
-7.897577472863380521e+00 1.381102415408855810e-01 -1.288832651898001735e+01 2.150000000000000000e+02 -2.423265176401577237e-01 -1.850129106474783924e+01 nan
-7.897552649518049250e+00 1.381025828157142754e-01 -1.289298853208582862e+01 2.140000000000000000e+02 -2.411012497679194677e-01 -1.850006579687559949e+01 nan
-7.897527796356146546e+00 1.380971611880854044e-01 -1.289767238139825523e+01 2.130000000000000000e+02 -2.410602564270293291e-01 -1.850002480353471057e+01 nan
-7.897502942793111380e+00 1.381069977334985210e-01 -1.290237827243566748e+01 2.120000000000000000e+02 -2.406360976211089076e-01 -1.849960064472879040e+01 nan
-7.897478079304059762e+00 1.381043373192366031e-01 -1.290710641363161315e+01 2.110000000000000000e+02 -2.405703673442307067e-01 -1.849953491445191034e+01 nan
-7.897453214798908938e+00 1.381050485009836792e-01 -1.291185701639021133e+01 2.100000000000000000e+02 -2.402153818535316399e-01 -1.849917992896121177e+01 nan
-7.897428342084210406e+00 1.381045260153082876e-01 -1.291663029514286976e+01 2.090000000000000000e+02 -2.398380323017419713e-01 -1.849880257940942130e+01 nan
-7.897403460601019276e+00 1.381031195400708178e-01 -1.292142646740636280e+01 2.080000000000000000e+02 -2.397261056720534911e-01 -1.849869065277973590e+01 nan
-7.897378576951949114e+00 1.381054254394327163e-01 -1.292624575384231100e+01 2.070000000000000000e+02 -2.395560032522363325e-01 -1.849852055035991683e+01 nan
-7.897353689689087908e+00 1.380990062290579079e-01 -1.293108837831809943e+01 2.060000000000000000e+02 -2.395259212074325461e-01 -1.849849046831511146e+01 nan
-7.897328802296944339e+00 1.381000087880008553e-01 -1.293595456796927223e+01 2.050000000000000000e+02 -2.393002790663953661e-01 -1.849826482617407564e+01 nan
-7.897303909908099051e+00 1.381051114867753171e-01 -1.294084455326346372e+01 2.040000000000000000e+02 -2.390918344100523563e-01 -1.849805638151773479e+01 nan
-7.897279012949836918e+00 1.381100105742347484e-01 -1.294575856806589265e+01 2.030000000000000000e+02 -2.389745203838444521e-01 -1.849793906749152583e+01 nan
-7.897254113690593158e+00 1.381156341214095362e-01 -1.295069684970647472e+01 2.020000000000000000e+02 -2.388063365671437011e-01 -1.849777088367482492e+01 nan
-7.897229210863459414e+00 1.381148102289407875e-01 -1.295565963904860318e+01 2.010000000000000000e+02 -2.383760349801161971e-01 -1.849734058208779786e+01 nan
-7.897204297938829498e+00 1.381119413221000569e-01 -1.296064718055964171e+01 2.000000000000000000e+02 -2.376552279156464720e-01 -1.849661977502332277e+01 nan
-7.897179367671623318e+00 1.381167491566898109e-01 -1.296565972238318665e+01 1.990000000000000000e+02 -2.375981103771550307e-01 -1.849656265748483719e+01 nan
-7.897154436601977245e+00 1.381149131767122895e-01 -1.297069751641314461e+01 1.980000000000000000e+02 -2.371252434540816190e-01 -1.849608979056176139e+01 nan
-7.897129494362449265e+00 1.381214437198929612e-01 -1.297576081836969131e+01 1.970000000000000000e+02 -2.361593015719153366e-01 -1.849512384867959724e+01 nan
-7.897104528641529342e+00 1.381327557488264135e-01 -1.298084988787716298e+01 1.960000000000000000e+02 -2.357120789976492048e-01 -1.849467662610533125e+01 nan
-7.897079552376568223e+00 1.381330577569860885e-01 -1.298596498854393388e+01 1.950000000000000000e+02 -2.356524159186760559e-01 -1.849461696302635616e+01 nan
-7.897054575245255670e+00 1.381293378540274785e-01 -1.299110638804435247e+01 1.940000000000000000e+02 -2.354995185722957018e-01 -1.849446406567997769e+01 nan
-7.897029594918699047e+00 1.381259846447889794e-01 -1.299627435820279509e+01 1.930000000000000000e+02 -2.348871386859314458e-01 -1.849385168579361149e+01 nan
-7.897004599914582812e+00 1.381298382181644357e-01 -1.300146917507989919e+01 1.920000000000000000e+02 -2.341681143331691417e-01 -1.849313266144084977e+01 nan
-7.896979587557395597e+00 1.381268071736287406e-01 -1.300669111906105080e+01 1.910000000000000000e+02 -2.341645481948937679e-01 -1.849312909530257443e+01 nan
-7.896954575736616633e+00 1.381324860808257615e-01 -1.301194047494719541e+01 1.900000000000000000e+02 -2.327256477658183054e-01 -1.849169019487349885e+01 nan
-7.896929528527340203e+00 1.381338725324119665e-01 -1.301721753204803989e+01 1.890000000000000000e+02 -2.325672364355088895e-01 -1.849153178354318783e+01 nan
-7.896904477977483516e+00 1.381290414310407666e-01 -1.302252258427773235e+01 1.880000000000000000e+02 -2.323269707577683141e-01 -1.849129151786544867e+01 nan
-7.896879422035857132e+00 1.381296199733187402e-01 -1.302785593025309474e+01 1.870000000000000000e+02 -2.318764223836531635e-01 -1.849084096949133382e+01 nan
-7.896854355430982686e+00 1.381353755202341660e-01 -1.303321787339448079e+01 1.860000000000000000e+02 -2.318394423979622254e-01 -1.849080398950564330e+01 nan
-7.896829288527482227e+00 1.381266106555928130e-01 -1.303860872202935717e+01 1.850000000000000000e+02 -2.313489426847537000e-01 -1.849031348979243461e+01 nan
-7.896804209954453313e+00 1.381320019636268770e-01 -1.304402878949869660e+01 1.840000000000000000e+02 -2.311032360123220220e-01 -1.849006778312000421e+01 nan
-7.896779125847845471e+00 1.381286961184660378e-01 -1.304947839426626111e+01 1.830000000000000000e+02 -2.309933237635147241e-01 -1.848995787087119425e+01 nan
-7.896754039613335330e+00 1.381367351553205169e-01 -1.305495786003088732e+01 1.820000000000000000e+02 -2.302559956774417049e-01 -1.848922054278512306e+01 nan
-7.896728935505219482e+00 1.381358231592987873e-01 -1.306046751584185728e+01 1.810000000000000000e+02 -2.302172978864093777e-01 -1.848918184499408923e+01 nan
-7.896703831055847722e+00 1.381282822942028754e-01 -1.306600769621747204e+01 1.800000000000000000e+02 -2.301375275373133411e-01 -1.848910207464499322e+01 nan
-7.896678725234098195e+00 1.381218587856263835e-01 -1.307157874126692754e+01 1.790000000000000000e+02 -2.296357224978448908e-01 -1.848860026960552716e+01 nan
-7.896653607441720624e+00 1.381236590466146941e-01 -1.307718099681559742e+01 1.780000000000000000e+02 -2.295094778806127389e-01 -1.848847402498829240e+01 nan
-7.896628487109164318e+00 1.381177909620055766e-01 -1.308281481453385275e+01 1.770000000000000000e+02 -2.289877061287995397e-01 -1.848795225323647884e+01 nan
-7.896603354297616839e+00 1.381199640432362041e-01 -1.308848055206953021e+01 1.760000000000000000e+02 -2.289632343612649779e-01 -1.848792778146894733e+01 nan
-7.896578221502683625e+00 1.381166050742506923e-01 -1.309417857318416800e+01 1.750000000000000000e+02 -2.287604609048260740e-01 -1.848772500801250729e+01 nan
-7.896553084242803777e+00 1.381213095231904608e-01 -1.309990924789315336e+01 1.740000000000000000e+02 -2.286668933609320165e-01 -1.848763144046861129e+01 nan
-7.896527945262736381e+00 1.381284963132000110e-01 -1.310567295260990406e+01 1.730000000000000000e+02 -2.286554003763650589e-01 -1.848761994748404547e+01 nan
-7.896502806625709248e+00 1.381302999234775286e-01 -1.311147007029422973e+01 1.720000000000000000e+02 -2.282510856567757929e-01 -1.848721563276445679e+01 nan
-7.896477658455024695e+00 1.381358224402525758e-01 -1.311730099060502219e+01 1.710000000000000000e+02 -2.279698570928374579e-01 -1.848693440420051814e+01 nan
-7.896452503843642390e+00 1.381451082324065827e-01 -1.312316611005742040e+01 1.700000000000000000e+02 -2.279421296091165838e-01 -1.848690667671679577e+01 nan
-7.896427349167541188e+00 1.381451697616007390e-01 -1.312906583218460810e+01 1.690000000000000000e+02 -2.273336375169079659e-01 -1.848629818462458729e+01 nan
-7.896402179813680533e+00 1.381548031385487763e-01 -1.313500056770442193e+01 1.680000000000000000e+02 -2.272258449057514562e-01 -1.848619039201343384e+01 nan
-7.896377008380186524e+00 1.381631354964610037e-01 -1.314097073469092614e+01 1.670000000000000000e+02 -2.269603231147247213e-01 -1.848592487022240505e+01 nan
-7.896351830896078283e+00 1.381664062564999518e-01 -1.314697675875113880e+01 1.660000000000000000e+02 -2.259371716935637264e-01 -1.848490171880124322e+01 nan
-7.896326628273271808e+00 1.381685188925955710e-01 -1.315301907320710129e+01 1.650000000000000000e+02 -2.252771548488410880e-01 -1.848424170195652039e+01 nan
-7.896301409646604874e+00 1.381652308180986721e-01 -1.315909811928348283e+01 1.640000000000000000e+02 -2.252526275331517558e-01 -1.848421717464083258e+01 nan
-7.896276191037371106e+00 1.381758623433561595e-01 -1.316521434630091925e+01 1.630000000000000000e+02 -2.251972316363236581e-01 -1.848416177874400290e+01 nan
-7.896250971667106100e+00 1.381690702199601384e-01 -1.317136821187529705e+01 1.620000000000000000e+02 -2.251004533698289234e-01 -1.848406500047751067e+01 nan
-7.896225750492129158e+00 1.381649202400724030e-01 -1.317756018212321756e+01 1.610000000000000000e+02 -2.249463437775351404e-01 -1.848391089088521611e+01 nan
-7.896200526066266434e+00 1.381686421596312886e-01 -1.318379073187385409e+01 1.600000000000000000e+02 -2.247184906237695567e-01 -1.848368303773144916e+01 nan
-7.896175296528757492e+00 1.381723349324480710e-01 -1.319006034488744916e+01 1.590000000000000000e+02 -2.243632164498722548e-01 -1.848332776355755414e+01 nan
-7.896150058663105042e+00 1.381756606035803026e-01 -1.319636951408071468e+01 1.580000000000000000e+02 -2.238525499618276571e-01 -1.848281709706950693e+01 nan
-7.896124808543451223e+00 1.381729751753088264e-01 -1.320271874175937299e+01 1.570000000000000000e+02 -2.233491611167731372e-01 -1.848231370822445285e+01 nan
-7.896099546348002818e+00 1.381680220573666962e-01 -1.320910853985814448e+01 1.560000000000000000e+02 -2.231765023422077887e-01 -1.848214104944988989e+01 nan
-7.896074280428766023e+00 1.381760722266323349e-01 -1.321553943018843569e+01 1.550000000000000000e+02 -2.230364707669897084e-01 -1.848200101787466920e+01 nan
-7.896049011609739487e+00 1.381880124555441847e-01 -1.322201194469405294e+01 1.540000000000000000e+02 -2.227797754228772464e-01 -1.848174432253055954e+01 nan
-7.896023736942235693e+00 1.381923738159915871e-01 -1.322852662571524718e+01 1.530000000000000000e+02 -2.224100150343127913e-01 -1.848137456214199403e+01 nan
-7.895998453566580366e+00 1.381978170477168033e-01 -1.323508402626140601e+01 1.520000000000000000e+02 -2.221099854232572446e-01 -1.848107453253093624e+01 nan
-7.895973163243545478e+00 1.381994157298615800e-01 -1.324168471029275729e+01 1.510000000000000000e+02 -2.219693612225452362e-01 -1.848093390833022553e+01 nan
-7.895947870003548807e+00 1.382029382006053353e-01 -1.324832925301142517e+01 1.500000000000000000e+02 -2.218766603387209158e-01 -1.848084120744640302e+01 nan
-7.895922575058558657e+00 1.381986556031123137e-01 -1.325501824116222238e+01 1.490000000000000000e+02 -2.218418860472142484e-01 -1.848080643315489624e+01 nan
-7.895897279873790531e+00 1.381947201791170199e-01 -1.326175227334356599e+01 1.480000000000000000e+02 -2.217353044396343786e-01 -1.848069985154731398e+01 nan
-7.895871982632809427e+00 1.381996584123407201e-01 -1.326853196032894466e+01 1.470000000000000000e+02 -2.216065825969829040e-01 -1.848057112970466420e+01 nan
-7.895846682775369274e+00 1.382005202979877667e-01 -1.327535792539934434e+01 1.460000000000000000e+02 -2.213833793713831932e-01 -1.848034792647906244e+01 nan
-7.895821377910570149e+00 1.381913339574012134e-01 -1.328223080468710648e+01 1.450000000000000000e+02 -2.212798374313596772e-01 -1.848024438453904139e+01 nan
-7.895796071065939614e+00 1.382020038268440554e-01 -1.328915124753168087e+01 1.440000000000000000e+02 -2.209140976547154522e-01 -1.847987864476239750e+01 nan
-7.895770755604668345e+00 1.382001671064427561e-01 -1.329611991684777372e+01 1.430000000000000000e+02 -2.209138694594918184e-01 -1.847987841656717123e+01 nan
-7.895745440778476620e+00 1.382062491900604428e-01 -1.330313748950642072e+01 1.420000000000000000e+02 -2.204230579859461636e-01 -1.847938760509362766e+01 nan
-7.895720114165724723e+00 1.382026934444101074e-01 -1.331020465672951403e+01 1.410000000000000000e+02 -2.203669747376556798e-01 -1.847933152184533512e+01 nan
-7.895694786774009266e+00 1.381995074887420738e-01 -1.331732212449837860e+01 1.400000000000000000e+02 -2.202549778733806085e-01 -1.847921952498106180e+01 nan
-7.895669457187114659e+00 1.382009919380501883e-01 -1.332449061397699097e+01 1.390000000000000000e+02 -2.201728654586553591e-01 -1.847913741256633458e+01 nan
-7.895644126161911913e+00 1.381959338640426360e-01 -1.333171086195047828e+01 1.380000000000000000e+02 -2.193126813605371650e-01 -1.847827722846821885e+01 nan
-7.895618773980463523e+00 1.381985902988793757e-01 -1.333898362127955828e+01 1.370000000000000000e+02 -2.192562131769562606e-01 -1.847822076028463911e+01 nan
-7.895593421010153712e+00 1.381991884428919182e-01 -1.334630966137163099e+01 1.360000000000000000e+02 -2.188544316079130414e-01 -1.847781897871559309e+01 nan
-7.895568058494585983e+00 1.382060878378739144e-01 -1.335368976866925372e+01 1.350000000000000000e+02 -2.184974403682245769e-01 -1.847746198747590896e+01 nan
-7.895542687566790896e+00 1.382197755326440292e-01 -1.336112474715677223e+01 1.340000000000000000e+02 -2.178869872339979086e-01 -1.847685153434168370e+01 nan
-7.895517301790762943e+00 1.382180117407530717e-01 -1.336861541888593052e+01 1.330000000000000000e+02 -2.175764281044002268e-01 -1.847654097521208527e+01 nan
-7.895491908774447509e+00 1.382100116460164285e-01 -1.337616262452131366e+01 1.320000000000000000e+02 -2.175727023061920784e-01 -1.847653724941387665e+01 nan
-7.895466516308315086e+00 1.382071000946471784e-01 -1.338376722390653306e+01 1.310000000000000000e+02 -2.161700318484343353e-01 -1.847513457895611921e+01 nan
-7.895441088846048672e+00 1.382100323699057554e-01 -1.339143009665210293e+01 1.300000000000000000e+02 -2.160716365826329255e-01 -1.847503618369031742e+01 nan
-7.895415659528351782e+00 1.382096208617517585e-01 -1.339915214274601318e+01 1.290000000000000000e+02 -2.155434801291552516e-01 -1.847450802723684049e+01 nan
-7.895390217423595480e+00 1.382079103712387791e-01 -1.340693428318806824e+01 1.280000000000000000e+02 -2.149389236970783157e-01 -1.847390347080476403e+01 nan
-7.895364760580872776e+00 1.382127656391969606e-01 -1.341477746064909482e+01 1.270000000000000000e+02 -2.148115438265532084e-01 -1.847377609093424056e+01 nan
-7.895339301143412314e+00 1.382051174472609389e-01 -1.342268264015620893e+01 1.260000000000000000e+02 -2.141151031736777122e-01 -1.847307965028136678e+01 nan
-7.895313824617632648e+00 1.382112464992127920e-01 -1.343065080980538539e+01 1.250000000000000000e+02 -2.140816630022534250e-01 -1.847304621010994197e+01 nan
-7.895288347888968161e+00 1.382101147904174487e-01 -1.343868298150264984e+01 1.240000000000000000e+02 -2.129788502564602115e-01 -1.847194339736414648e+01 nan
-7.895262843698866995e+00 1.382089827956227424e-01 -1.344678019173526984e+01 1.230000000000000000e+02 -2.108482770775969573e-01 -1.846981282418528636e+01 nan
-7.895237285764824087e+00 1.382072479235862961e-01 -1.345494350237443015e+01 1.220000000000000000e+02 -2.104989528102101659e-01 -1.846946349991789660e+01 nan
-7.895211719554748875e+00 1.382087477079408933e-01 -1.346317400151094645e+01 1.210000000000000000e+02 -2.104158162355853623e-01 -1.846938036334327293e+01 nan
-7.895186151872794156e+00 1.382080072938273452e-01 -1.347147280432564109e+01 1.200000000000000000e+02 -2.101355879010780303e-01 -1.846910013500876602e+01 nan
-7.895160577679011027e+00 1.382149514457513273e-01 -1.347984105399615729e+01 1.190000000000000000e+02 -2.100705220058010636e-01 -1.846903506911348813e+01 nan
-7.895135002475252683e+00 1.382160271204327107e-01 -1.348827992264202180e+01 1.180000000000000000e+02 -2.099525155911458052e-01 -1.846891706269883215e+01 nan
-7.895109424907468032e+00 1.382188171464972248e-01 -1.349679061230992971e+01 1.170000000000000000e+02 -2.099042687506409710e-01 -1.846886881585832896e+01 nan
-7.895083846759859192e+00 1.382177574481262550e-01 -1.350537435600132063e+01 1.160000000000000000e+02 -2.093134199109404903e-01 -1.846827796701862567e+01 nan
-7.895058254149771138e+00 1.382192680565009768e-01 -1.351403241874443495e+01 1.150000000000000000e+02 -2.085726060542768545e-01 -1.846753715316195965e+01 nan
-7.895032643228991454e+00 1.382197891140153345e-01 -1.352276609871318946e+01 1.140000000000000000e+02 -2.084865858342604961e-01 -1.846745113294194596e+01 nan
-7.895007030761047595e+00 1.382199162058356523e-01 -1.353157672839534520e+01 1.130000000000000000e+02 -2.081837214181888052e-01 -1.846714826852587521e+01 nan
-7.894981411191102971e+00 1.382283990172207544e-01 -1.354046567581259097e+01 1.120000000000000000e+02 -2.078682112647246838e-01 -1.846683275837240856e+01 nan
-7.894955784193305348e+00 1.382298385325123058e-01 -1.354943434579535122e+01 1.110000000000000000e+02 -2.066410323087188861e-01 -1.846560557941640468e+01 nan
-7.894930126385227176e+00 1.382355606888136801e-01 -1.355848418131526856e+01 1.100000000000000000e+02 -2.063753532959818338e-01 -1.846533990040366646e+01 nan
-7.894904462418070423e+00 1.382243075870020210e-01 -1.356761666487854079e+01 1.090000000000000000e+02 -2.059710929431695647e-01 -1.846493564005085375e+01 nan
-7.894878788732913932e+00 1.382218831975592643e-01 -1.357683331998346432e+01 1.080000000000000000e+02 -2.058686571516425423e-01 -1.846483320425932817e+01 nan
-7.894853113076941042e+00 1.382137421867770388e-01 -1.358613571264577757e+01 1.070000000000000000e+02 -2.055797219344062399e-01 -1.846454426904209001e+01 nan
-7.894827430660803280e+00 1.382164614629477761e-01 -1.359552545299561643e+01 1.060000000000000000e+02 -2.053188875177531236e-01 -1.846428343462543609e+01 nan
-7.894801742204760941e+00 1.382240987284458489e-01 -1.360500419695016028e+01 1.050000000000000000e+02 -2.052431224440906532e-01 -1.846420766955177584e+01 nan
-7.894776052462312066e+00 1.382246367211516225e-01 -1.361457364796631175e+01 1.040000000000000000e+02 -2.049823854236314524e-01 -1.846394693253131436e+01 nan
-7.894750356680927617e+00 1.382331845759143252e-01 -1.362423555887804838e+01 1.030000000000000000e+02 -2.047053774272116766e-01 -1.846366992453489431e+01 nan
-7.894724654441150236e+00 1.382297546922637566e-01 -1.363399173382341267e+01 1.020000000000000000e+02 -2.040167489478835194e-01 -1.846298129605556682e+01 nan
-7.894698935157253850e+00 1.382283005054956160e-01 -1.364384403026642367e+01 1.010000000000000000e+02 -2.037201408920623069e-01 -1.846268468799974727e+01 nan
-7.894673208905438777e+00 1.382291204068303025e-01 -1.365379436111959244e+01 1.000000000000000000e+02 -2.036853750936697405e-01 -1.846264992220135426e+01 nan
-7.894647482421071949e+00 1.382312117830351017e-01 -1.366384469697309356e+01 9.900000000000000000e+01 -2.031485450305760276e-01 -1.846211309213826013e+01 nan
-7.894621742784615037e+00 1.382424560229760790e-01 -1.367399706843711193e+01 9.800000000000000000e+01 -2.029534028037451032e-01 -1.846191794991143098e+01 nan
-7.894595998787483637e+00 1.382413101611068285e-01 -1.368425356860430142e+01 9.700000000000000000e+01 -2.019164353776906062e-01 -1.846088098248537435e+01 nan
-7.894570228744588469e+00 1.382458153163450831e-01 -1.369461635563984814e+01 9.600000000000000000e+01 -2.018278340643745172e-01 -1.846079238117205890e+01 nan
-7.894544457082498745e+00 1.382455203038517877e-01 -1.370508765550714436e+01 9.500000000000000000e+01 -2.015487789410695951e-01 -1.846051332604875483e+01 nan
-7.894518678892130659e+00 1.382543203206856863e-01 -1.371566976483768130e+01 9.400000000000000000e+01 -2.012399262884739803e-01 -1.846020447339615700e+01 nan
-7.894492893403675993e+00 1.382517881402853255e-01 -1.372636505395442974e+01 9.300000000000000000e+01 -2.011285817990652314e-01 -1.846009312890674892e+01 nan
-7.894467105708974586e+00 1.382548700195126434e-01 -1.373717597005864555e+01 9.200000000000000000e+01 -2.004270913665354148e-01 -1.845939163847422293e+01 nan
-7.894441300583793897e+00 1.382554539952270678e-01 -1.374810504059083627e+01 9.100000000000000000e+01 -1.999693027846493609e-01 -1.845893384989233610e+01 nan
-7.894415484308962228e+00 1.382650250627011634e-01 -1.375915487677742099e+01 9.000000000000000000e+01 -1.992482344204438705e-01 -1.845821278152813250e+01 nan
-7.894389650079302712e+00 1.382673905333814957e-01 -1.377032817737554637e+01 8.900000000000000000e+01 -1.986919541139261780e-01 -1.845765650122161361e+01 nan
-7.894363802142518871e+00 1.382774310198389700e-01 -1.378162773262947915e+01 8.800000000000000000e+01 -1.985390582013230321e-01 -1.845750360530900736e+01 nan
-7.894337950921641145e+00 1.382824445547772840e-01 -1.379305642845310231e+01 8.700000000000000000e+01 -1.982275408582264142e-01 -1.845719208796591460e+01 nan
-7.894312092314986096e+00 1.382809794941504966e-01 -1.380461725085417868e+01 8.600000000000000000e+01 -1.979459467163922626e-01 -1.845691049382407911e+01 nan
-7.894286227094606367e+00 1.382798250991282285e-01 -1.381631329061736935e+01 8.500000000000000000e+01 -1.978640408018215446e-01 -1.845682858790950931e+01 nan
-7.894260360424699918e+00 1.382741954779591054e-01 -1.382814774826437265e+01 8.400000000000000000e+01 -1.966716929330603880e-01 -1.845563624004074654e+01 nan
-7.894234463564594684e+00 1.382829706794107272e-01 -1.384012393931108775e+01 8.300000000000000000e+01 -1.963433021764112996e-01 -1.845530784928409673e+01 nan
-7.894208558869763692e+00 1.382793312523547258e-01 -1.385224529984343178e+01 8.200000000000000000e+01 -1.951532766841291844e-01 -1.845411782379181176e+01 nan
-7.894182624001571114e+00 1.382794566348135856e-01 -1.386451539243524600e+01 8.100000000000000000e+01 -1.946557018225339164e-01 -1.845362024893021768e+01 nan
-7.894156676898730574e+00 1.382773265775973925e-01 -1.387693791243380304e+01 8.000000000000000000e+01 -1.946035671138291456e-01 -1.845356811422151466e+01 nan
-7.894130729116398015e+00 1.382766969733321694e-01 -1.388951669464066363e+01 7.900000000000000000e+01 -1.933696859930809087e-01 -1.845233423310076404e+01 nan
-7.894104749972343349e+00 1.382793253712799320e-01 -1.390225572041809343e+01 7.800000000000000000e+01 -1.932961896269518032e-01 -1.845226073673463674e+01 nan
-7.894078769593818379e+00 1.382794522542504789e-01 -1.391515912525400189e+01 7.700000000000000000e+01 -1.929221057311745480e-01 -1.845188665283886209e+01 nan
-7.894052780169976025e+00 1.382702268798866596e-01 -1.392823120682135496e+01 7.600000000000000000e+01 -1.923739282485366908e-01 -1.845133847535622351e+01 nan
-7.894026777171399445e+00 1.382717539962667053e-01 -1.394147643357137589e+01 7.500000000000000000e+01 -1.919342312847168719e-01 -1.845089877839240344e+01 nan
-7.894000763413453470e+00 1.382710223241688241e-01 -1.395489945390351672e+01 7.400000000000000000e+01 -1.907092921651575013e-01 -1.844967383927284388e+01 nan
-7.893974718448656169e+00 1.382669330898006754e-01 -1.396850510595929507e+01 7.300000000000000000e+01 -1.896067520444335852e-01 -1.844857129915212113e+01 nan
-7.893948645431849265e+00 1.382772718278561519e-01 -1.398229842809163159e+01 7.200000000000000000e+01 -1.886938139693548899e-01 -1.844765836107704260e+01 nan
-7.893922549281840340e+00 1.382762386046574865e-01 -1.399628467006637145e+01 7.100000000000000000e+01 -1.884216008869671055e-01 -1.844738614799465637e+01 nan
-7.893896446708420278e+00 1.382830869162185172e-01 -1.401046930505832755e+01 7.000000000000000000e+01 -1.882918206597610222e-01 -1.844725636776744793e+01 nan
-7.893870341428641524e+00 1.382777273309847010e-01 -1.402485804251042723e+01 6.900000000000000000e+01 -1.882486549001139153e-01 -1.844721320200780212e+01 nan
-7.893844235703496359e+00 1.382755132789713626e-01 -1.403945684193157994e+01 6.800000000000000000e+01 -1.882111012026551067e-01 -1.844717564831034196e+01 nan
-7.893818129679496032e+00 1.382737097933215420e-01 -1.405427192771672118e+01 6.700000000000000000e+01 -1.863874342006522633e-01 -1.844535198130834175e+01 nan
-7.893791976686737044e+00 1.382700317391500067e-01 -1.406930980508126083e+01 6.600000000000000000e+01 -1.862034425438442720e-01 -1.844516798965153370e+01 nan
-7.893765819565753183e+00 1.382762527298619648e-01 -1.408457727721205011e+01 6.500000000000000000e+01 -1.848872632986307551e-01 -1.844385181040631849e+01 nan
-7.893739628680171982e+00 1.382747955796373718e-01 -1.410008146374801541e+01 6.400000000000000000e+01 -1.848845703821089259e-01 -1.844384911748979761e+01 nan
-7.893713438410008720e+00 1.382769986897615377e-01 -1.411582982071615433e+01 6.300000000000000000e+01 -1.843603096889719350e-01 -1.844332485679666078e+01 nan
-7.893687235092167853e+00 1.382658237089142150e-01 -1.413183016206259524e+01 6.200000000000000000e+01 -1.839449533467781839e-01 -1.844290950045446564e+01 nan
-7.893661021575375969e+00 1.382647594853842199e-01 -1.414809068293437555e+01 6.100000000000000000e+01 -1.839372793206057177e-01 -1.844290182642829379e+01 nan
-7.893634808544558901e+00 1.382620503016036562e-01 -1.416461998488558649e+01 6.000000000000000000e+01 -1.838047421548230365e-01 -1.844276928926251102e+01 nan
-7.893608592726551798e+00 1.382632045336089910e-01 -1.418142710320196720e+01 5.900000000000000000e+01 -1.837407823024195253e-01 -1.844270532941010643e+01 nan
-7.893582375919048211e+00 1.382594766594658631e-01 -1.419852153656126781e+01 5.800000000000000000e+01 -1.832159568903000413e-01 -1.844218050399798869e+01 nan
-7.893556146036531551e+00 1.382629691623301904e-01 -1.421591327927313664e+01 5.700000000000000000e+01 -1.828726441934977742e-01 -1.844183719130118604e+01 nan
-7.893529907835760362e+00 1.382675092749868495e-01 -1.423361285637253815e+01 5.600000000000000000e+01 -1.825403758346771099e-01 -1.844150492294236443e+01 nan
-7.893503661604184707e+00 1.382704929421051665e-01 -1.425163136187521573e+01 5.500000000000000000e+01 -1.820693749067049394e-01 -1.844103392201439107e+01 nan
-7.893477403697031214e+00 1.382772773758196849e-01 -1.426998050054341149e+01 5.400000000000000000e+01 -1.820214678090470717e-01 -1.844098601491673151e+01 nan
-7.893451145221416887e+00 1.382787886471885663e-01 -1.428867263355556361e+01 5.300000000000000000e+01 -1.813411900097754714e-01 -1.844030573711745902e+01 nan
-7.893424869566860735e+00 1.382794547901184667e-01 -1.430772082852625893e+01 5.200000000000000000e+01 -1.811365294478514687e-01 -1.844010107655553909e+01 nan
-7.893398589224768003e+00 1.382787228313704098e-01 -1.432713891438335985e+01 5.100000000000000000e+01 -1.807503692012858154e-01 -1.843971491630896864e+01 nan
-7.893372299423329963e+00 1.382778427467242499e-01 -1.434694154167953961e+01 5.000000000000000000e+01 -1.806666076421997447e-01 -1.843963115474988257e+01 nan
-7.893346008110947665e+00 1.382766672574841649e-01 -1.436714424899705911e+01 4.900000000000000000e+01 -1.801981170072625427e-01 -1.843916266411494576e+01 nan
-7.893319705170146250e+00 1.382673413185090683e-01 -1.438776353619979531e+01 4.800000000000000000e+01 -1.791656173193844626e-01 -1.843813016442707209e+01 nan
-7.893293375750441321e+00 1.382712926756456961e-01 -1.440881694539762847e+01 4.700000000000000000e+01 -1.766852271884128134e-01 -1.843564977429609897e+01 nan
-7.893266981638246804e+00 1.382823118681554830e-01 -1.443032315061859272e+01 4.600000000000000000e+01 -1.760079947637861186e-01 -1.843497254187147405e+01 nan
-7.893240570342388907e+00 1.382913898243399442e-01 -1.445230205733736817e+01 4.500000000000000000e+01 -1.749803410349195232e-01 -1.843394488814260868e+01 nan
-7.893214132589527310e+00 1.383028628041041153e-01 -1.447477491318942633e+01 4.400000000000000000e+01 -1.747447742349715061e-01 -1.843370932134265772e+01 nan
-7.893187689307258559e+00 1.382978532701840679e-01 -1.449776443141412585e+01 4.300000000000000000e+01 -1.736907867399819505e-01 -1.843265533384766997e+01 nan
-7.893161218839743754e+00 1.382941997635753206e-01 -1.452129492882431983e+01 4.200000000000000000e+01 -1.722170350743868761e-01 -1.843118158218207370e+01 nan
-7.893134710034790835e+00 1.382975416469327257e-01 -1.454539248040338073e+01 4.100000000000000000e+01 -1.704733040259669430e-01 -1.842943785113365607e+01 nan
-7.893108155669825265e+00 1.382975879167025468e-01 -1.457008509299375199e+01 4.000000000000000000e+01 -1.703709593095917574e-01 -1.842933550641727791e+01 nan
-7.893081599292245620e+00 1.383044540086256491e-01 -1.459540290097804238e+01 3.900000000000000000e+01 -1.699481313653397330e-01 -1.842891267847302927e+01 nan
-7.893055032389183268e+00 1.383102059170765175e-01 -1.462137838738130391e+01 3.800000000000000000e+01 -1.692218212887037221e-01 -1.842818636839639268e+01 nan
-7.893028446889853278e+00 1.383079949734879466e-01 -1.464804663446346567e+01 3.700000000000000000e+01 -1.675781408458701660e-01 -1.842654268795356032e+01 nan
-7.893001818365040556e+00 1.383005448480820743e-01 -1.467544560865158054e+01 3.600000000000000000e+01 -1.668363514487524735e-01 -1.842580089855644232e+01 nan
-7.892975170789990891e+00 1.382960793903154351e-01 -1.470361648561827650e+01 3.500000000000000000e+01 -1.663212977720255892e-01 -1.842528584487971699e+01 nan
-7.892948510197097534e+00 1.383078934286031958e-01 -1.473260402249152889e+01 3.400000000000000000e+01 -1.657556114112516688e-01 -1.842472015851894440e+01 nan
-7.892921835229776306e+00 1.383031192161061629e-01 -1.476245698564120978e+01 3.300000000000000000e+01 -1.656313829909864810e-01 -1.842459593009867902e+01 nan
-7.892895157660126948e+00 1.383115001433780356e-01 -1.479322864430796258e+01 3.200000000000000000e+01 -1.647771271606232601e-01 -1.842374167426831022e+01 nan
-7.892868458003857945e+00 1.383177574303960100e-01 -1.482497734262254241e+01 3.100000000000000000e+01 -1.640783382692579395e-01 -1.842304288537694745e+01 nan
-7.892841740397245509e+00 1.383180379803335136e-01 -1.485776716544553366e+01 3.000000000000000000e+01 -1.631551625716566312e-01 -1.842211970967934320e+01 nan
-7.892814998829000395e+00 1.383161993083480701e-01 -1.489166871712121498e+01 2.900000000000000000e+01 -1.619898050204997275e-01 -1.842095435212818799e+01 nan
-7.892788226795445006e+00 1.383203592083923628e-01 -1.492676003693248532e+01 2.800000000000000000e+01 -1.608099704932854090e-01 -1.841977451760097395e+01 nan
-7.892761423874671500e+00 1.383098713543437497e-01 -1.496312768110336044e+01 2.700000000000000000e+01 -1.607935014233908555e-01 -1.841975804853107945e+01 nan
-7.892734621230870218e+00 1.383043063749986035e-01 -1.500086800908620788e+01 2.600000000000000000e+01 -1.598847685551350595e-01 -1.841884931566282191e+01 nan
-7.892707794938897514e+00 1.383094024636087049e-01 -1.504008872223948856e+01 2.500000000000000000e+01 -1.584559949371600052e-01 -1.841742054204484802e+01 nan
-7.892680931012007406e+00 1.383085500810794233e-01 -1.508091071675974426e+01 2.400000000000000000e+01 -1.573639980301703434e-01 -1.841632854513785844e+01 nan
-7.892654038456603516e+00 1.383059926649735094e-01 -1.512347033117853989e+01 2.300000000000000000e+01 -1.572631872191669056e-01 -1.841622773432685634e+01 nan
-7.892627143913301779e+00 1.383054786450316764e-01 -1.516792209374937350e+01 2.200000000000000000e+01 -1.569483437177397467e-01 -1.841591289082542815e+01 nan
-7.892600241624733393e+00 1.383070591263868276e-01 -1.521444210938426700e+01 2.100000000000000000e+01 -1.544356205794744641e-01 -1.841340016768716481e+01 nan
-7.892573272379610927e+00 1.383093254182671539e-01 -1.526323227355369916e+01 2.000000000000000000e+01 -1.534768542139708092e-01 -1.841244140132166152e+01 nan
-7.892546277993250925e+00 1.383027774964656620e-01 -1.531452556794124931e+01 1.900000000000000000e+01 -1.518638329721298530e-01 -1.841082838007981692e+01 nan
-7.892519240759678034e+00 1.383091478261811447e-01 -1.536859278921152594e+01 1.800000000000000000e+01 -1.511938736688696605e-01 -1.841015842077656117e+01 nan
-7.892492186137917365e+00 1.382995785424114554e-01 -1.542575120305147429e+01 1.700000000000000000e+01 -1.505145167345014745e-01 -1.840947906384219124e+01 nan
-7.892465113862846771e+00 1.382978086902854065e-01 -1.548637582486790976e+01 1.600000000000000000e+01 -1.496942393089446266e-01 -1.840865878641663755e+01 nan
-7.892438020105680074e+00 1.383132670929457242e-01 -1.555091434600548084e+01 1.500000000000000000e+01 -1.463066017862795221e-01 -1.840527114889396998e+01 nan
-7.892410835146836057e+00 1.383144662752865128e-01 -1.561990721749243249e+01 1.400000000000000000e+01 -1.450785808376401365e-01 -1.840404312794533226e+01 nan
-7.892383617524151518e+00 1.383166316235224791e-01 -1.569401518964615505e+01 1.300000000000000000e+01 -1.446475491350756870e-01 -1.840361209624276739e+01 nan
-7.892356388908537745e+00 1.383119198088545165e-01 -1.577405789731969143e+01 1.200000000000000000e+01 -1.445374634579841278e-01 -1.840350201056567414e+01 nan
-7.892329158036778480e+00 1.383116669270367249e-01 -1.586106927430932068e+01 1.100000000000000000e+01 -1.409628655802549757e-01 -1.839992741268794774e+01 nan
-7.892301830396908358e+00 1.383209492193927248e-01 -1.595637945411364633e+01 1.000000000000000000e+01 -1.405159412238195238e-01 -1.839948048833151262e+01 nan
-7.892274491288200799e+00 1.383186007479578761e-01 -1.606173996977147311e+01 9.000000000000000000e+00 -1.398387556168176893e-01 -1.839880330272450948e+01 nan
-7.892247134407738507e+00 1.383205324375521295e-01 -1.617952300542785693e+01 8.000000000000000000e+00 -1.360254076848537441e-01 -1.839498995479254617e+01 nan
-7.892219673759485410e+00 1.383189444190760509e-01 -1.631305439805237967e+01 7.000000000000000000e+00 -1.312961818238577716e-01 -1.839026072893154762e+01 nan
-7.892192083695490190e+00 1.383117389518766505e-01 -1.646720507787963683e+01 6.000000000000000000e+00 -1.279867371618236827e-01 -1.838695128426951442e+01 nan
-7.892164402937429379e+00 1.383182295044764476e-01 -1.664952663467359173e+01 5.000000000000000000e+00 -1.266882619323002612e-01 -1.838565280903999266e+01 nan
-7.892136686980941285e+00 1.383221836333554944e-01 -1.687267018598780055e+01 4.000000000000000000e+00 -1.258957836662256413e-01 -1.838486033077391824e+01 nan
-7.892108949820521246e+00 1.383209561562493140e-01 -1.716035225843958045e+01 3.000000000000000000e+00 -1.215128656880064967e-01 -1.838047741279569891e+01 nan
-7.892081091598002196e+00 1.383187996345977278e-01 -1.756581736654774417e+01 2.000000000000000000e+00 -1.170830802283663596e-01 -1.837604762733605313e+01 nan
-7.892053110477033506e+00 1.383323476044141520e-01 -1.756581736654774417e+01 1.000000000000000000e+00 -1.146104102744158609e-01 -1.837357495738210389e+01 nan
