weight logl Om Ob h ns s8 Mnu w scale_factor
0.000000000000000000e+00 -3.437016888681714190e+05 2.358401878115001793e-01 6.601646880280773177e-02 6.737676628148138169e-01 9.207557567987831870e-01 7.045238290381667934e-01 6.389228058344352812e-01 -1.130880201531186291e+00 2.153329680416356950e+01
0.000000000000000000e+00 -3.061612999699117499e+05 1.122828577152229779e-01 6.153567012077344051e-02 6.672370640081897175e-01 8.767413553995231368e-01 9.627026076247180431e-01 9.612705145354344394e-01 -9.472952556529614654e-01 2.130287945863148380e+01
0.000000000000000000e+00 -2.207340464493337204e+05 1.937718839771437329e-01 6.014775885578410586e-02 8.203619821080656571e-01 8.505450964553630255e-01 8.102779992546242926e-01 1.472243628729218434e-01 -9.025923134128559511e-01 2.061689701659827989e+01
0.000000000000000000e+00 -1.864154304751315212e+05 2.815754871324745445e-01 6.521023936283446010e-02 5.779281915496996547e-01 1.043085687568221509e+00 8.905920522851931143e-01 5.514950618742915367e-01 -9.574389917871440892e-01 2.004213937597067030e+01
0.000000000000000000e+00 -1.610446396712192218e+05 2.054268458977022704e-01 6.898993576221144897e-02 8.138830112153708773e-01 1.084229335287625995e+00 7.890149517939422097e-01 6.828737728117628691e-01 -9.097145662804124733e-01 2.153893663873250830e+01
0.000000000000000000e+00 -8.355849970241708797e+04 1.048812698359105067e-01 3.859609880883336369e-02 7.900422771349313589e-01 9.724733621252252824e-01 6.867840337776398574e-01 1.096206096952287989e-01 -9.482114634482421422e-01 2.110732804694327314e+01
0.000000000000000000e+00 -7.891633834690798540e+04 3.217028047653520684e-01 6.978721987917124725e-02 7.297435303557040509e-01 1.182203721613950931e+00 8.729979472948657948e-01 7.984557151397078112e-01 -1.040142220008407836e+00 1.898107507237810765e+01
0.000000000000000000e+00 -6.831300929387299402e+04 3.171228099197284100e-01 4.320090820000017928e-02 8.727294555202802506e-01 8.260436797007241205e-01 7.451408406731930834e-01 2.483693759212201035e-01 -1.241372908000642372e+00 2.231482249254927908e+01
0.000000000000000000e+00 -6.178021144751775864e+04 3.226996640794604909e-01 6.275949727978100134e-02 7.747243814539495066e-01 9.029327991124926900e-01 9.109219375303089228e-01 1.163245831766041016e-01 -7.993617115945441665e-01 1.837104629141003187e+01
0.000000000000000000e+00 -5.295590039446442825e+04 2.914733417274919525e-01 3.475503002017955867e-02 7.840584837615793834e-01 9.598503321300499991e-01 8.209843913624531586e-01 5.436874099452593256e-01 -7.313015515064226202e-01 1.880929886104795301e+01
0.000000000000000000e+00 -4.407656041864457075e+04 2.462126442344621524e-01 5.886348828770544828e-02 8.753183553511418857e-01 1.039882134536127323e+00 6.070054844123117244e-01 7.671985672505640119e-01 -8.845869347524017989e-01 1.998768711789226060e+01
0.000000000000000000e+00 -4.397565873041615123e+04 2.727054991271527506e-01 5.497843579490716698e-02 5.509515384355072598e-01 1.096075481820194542e+00 8.706489976260600727e-01 7.476240629390673575e-03 -7.380700347176123444e-01 1.775257305111751549e+01
0.000000000000000000e+00 -2.614581712859920299e+04 3.406792204890383702e-01 6.414774503590285615e-02 7.737228223699119667e-01 9.176494648053752368e-01 6.688493924142467906e-01 3.602364938004692929e-01 -8.117022908572919526e-01 1.939353486525429204e+01
0.000000000000000000e+00 -2.053859322203247211e+04 2.912815798088173036e-01 5.465830143401245733e-02 6.544783320758119638e-01 1.137156387504892674e+00 8.402817198388353725e-01 1.888068948305507977e-01 -7.843334232613673462e-01 2.115142089869177511e+01
0.000000000000000000e+00 -1.703785259137404137e+04 4.360813446018553252e-01 4.529442191387715588e-02 5.405554875794247316e-01 9.584590399902681579e-01 9.129165829616993078e-01 6.391546645696158935e-01 -1.125716483679867208e+00 1.768781250219677759e+01
0.000000000000000000e+00 -1.682532084475943338e+04 2.810132769350473514e-01 4.892527961851043938e-02 7.894946536430775819e-01 8.053161488783012745e-01 9.150098671803627015e-01 9.433343816456561948e-01 -9.441955056750142017e-01 1.708663292465196903e+01
0.000000000000000000e+00 -1.616632695771795261e+04 3.378788045659431027e-01 4.803230542562925143e-02 6.738590923322558268e-01 9.941287939405654139e-01 6.249174225177326347e-01 4.924739709038349345e-01 -8.078035031795079979e-01 2.371373286777224010e+01
0.000000000000000000e+00 -1.278282874157009064e+04 1.450795506845525829e-01 4.884800239762899371e-02 6.734325317824857438e-01 1.118148379871005016e+00 8.546310453875598512e-01 2.655665393190720369e-02 -8.912235074233787469e-01 2.284255795858750560e+01
0.000000000000000000e+00 -1.027502882677019443e+04 1.979536556858149388e-01 5.674544770861848081e-02 5.125636155332667920e-01 8.460277064258298063e-01 6.116918959202588546e-01 9.724561633455932608e-01 -1.046414419683249886e+00 1.868158076835107906e+01
0.000000000000000000e+00 -9.656703897360745032e+03 1.796561498007173963e-01 5.862644654531362631e-02 5.274673615266350923e-01 1.187123677764716945e+00 8.215716719425790737e-01 7.458825357713680937e-01 -1.278810369394987045e+00 1.665511461506557112e+01
0.000000000000000000e+00 -8.856745098222327215e+03 1.681744025871877712e-01 6.238937287991156572e-02 5.691331651987295848e-01 9.404404464461341151e-01 8.258397858301169681e-01 3.889135870993331023e-01 -1.195449761838371705e+00 2.470973613178829709e+01
0.000000000000000000e+00 -7.308587750654082811e+03 4.517619890373947289e-01 6.793326599226034990e-02 7.045935768684012945e-01 8.420500968154494004e-01 9.009286365473159197e-01 9.965301103664014892e-02 -1.279734911844652379e+00 1.731748356034763603e+01
0.000000000000000000e+00 -5.218519687328652253e+03 1.665456388524428899e-01 3.529691031399634360e-02 8.158992074183566423e-01 9.236346932159820167e-01 9.014563701376293592e-01 6.572543198399980469e-01 -1.262568932792691001e+00 2.323670511149468254e+01
0.000000000000000000e+00 -2.756699428501188322e+03 3.677615779430197795e-01 4.707637772810957522e-02 7.486590616894492900e-01 1.130041638776144497e+00 6.831433589942038642e-01 1.635884293214431295e-01 -7.073125626989429371e-01 2.240324529656317765e+01
0.000000000000000000e+00 -2.516125127483682718e+03 4.240274663725710491e-01 4.152575163288640264e-02 5.398288985081034497e-01 9.669119724419888984e-01 6.705989881227168992e-01 5.826210012079968692e-02 -8.442619850313172192e-01 1.837881148847571211e+01
0.000000000000000000e+00 -1.718479502749598851e+03 3.407525315824965206e-01 4.249530979697535571e-02 7.121225030589914962e-01 1.099154617446957083e+00 7.865497020647501669e-01 1.709311093728433928e-01 -8.610934595663437552e-01 2.229441448033518824e+01
0.000000000000000000e+00 -1.578347194003595177e+03 3.786495023565573659e-01 4.059701251285773027e-02 7.035612050702162446e-01 1.025265607673895074e+00 9.622710754554594237e-01 8.562833222988525117e-01 -8.661594046895915167e-01 2.048346209105364935e+01
0.000000000000000000e+00 -1.264598725399238219e+03 4.106998079122448075e-01 6.748212960811975081e-02 7.189272967227360311e-01 1.158416501557224310e+00 8.498884347146836715e-01 9.644707332401091238e-01 -8.212566091835296067e-01 1.527019156457025773e+01
0.000000000000000000e+00 -1.081064573376609815e+03 2.523461470350366054e-01 4.244303057629393583e-02 8.922703502044988522e-01 9.293509071252540332e-01 8.582422923742736298e-01 8.912153818827561746e-02 -7.260224783239334068e-01 1.575367235153239953e+01
0.000000000000000000e+00 -9.542900964138178779e+02 4.058821774000849203e-01 5.312982622973994734e-02 7.766928914726926036e-01 1.080894774362134436e+00 9.371964713488649679e-01 1.792033696196982939e-01 -1.215664245279270528e+00 2.046042677875288263e+01
0.000000000000000000e+00 -9.383124512858012167e+02 4.991301501747262837e-01 3.486309166755707095e-02 7.263572791682733065e-01 1.028209289137265614e+00 9.174628452581797822e-01 9.649565021636007378e-01 -8.742042193158878760e-01 1.966930123553394338e+01
0.000000000000000000e+00 -8.531926595494985577e+02 4.442324180005027268e-01 4.312131422568397932e-02 5.580301215471368259e-01 1.096716890829237068e+00 8.632954454144894374e-01 3.895612527834383387e-01 -1.096892772291037543e+00 2.133827000013046415e+01
0.000000000000000000e+00 -8.525153621101877661e+02 3.906791099254044441e-01 3.440781745498835975e-02 8.960046336694280633e-01 1.028020769915070298e+00 9.122130561014613059e-01 6.751139190094709308e-01 -9.643258316672139729e-01 1.143959509517531359e+01
0.000000000000000000e+00 -7.836851995526781138e+02 3.929348338086214865e-01 3.586428684325755623e-02 6.992185798190870827e-01 8.594951200493219368e-01 6.352466543207501148e-01 5.636227157003952382e-01 -1.012050676005773475e+00 1.785406552957594783e+01
1.196705713711191451e-287 -6.661410754223485355e+02 4.776095823746127067e-01 5.813263022345303843e-02 8.056496893734792497e-01 1.127024660911464471e+00 7.080332924700610819e-01 8.446781017375544209e-01 -1.022009263842813542e+00 1.414548352130989883e+01
9.886887373186161424e-268 -6.202778218271578226e+02 1.420898265067417621e-01 6.357197670980285764e-02 7.366151545782393395e-01 1.186037385726023352e+00 6.464414245726376462e-01 6.724173895228633402e-01 -1.118258244664669165e+00 2.609284444033307437e+01
2.215814970044593542e-251 -5.826269643495780883e+02 4.989995095228235700e-01 4.043051609628235676e-02 5.453425543688784627e-01 1.060911369331082321e+00 7.138936445466474989e-01 3.638344118525576043e-01 -1.194361758288238873e+00 2.289744541796061483e+01
3.315275251069045949e-245 -5.684060334075530818e+02 4.968309327350299842e-01 5.917537499369840415e-02 6.904394102834398028e-01 9.942736045372519982e-01 6.982423879132824140e-01 9.822686576690112803e-01 -7.395834680809084682e-01 2.302045485486522480e+01
1.146070099296015316e-214 -4.980855973918331188e+02 1.278556593790875218e-01 4.953779110989255108e-02 8.817844231325961957e-01 8.245043207470332813e-01 9.976789606860306803e-01 1.792139764273731339e-01 -9.533026810797001760e-01 2.421705216360588864e+01
2.909273607147047560e-212 -4.925463625604508593e+02 3.892659436348692159e-01 6.985240556750726970e-02 8.824410063295242690e-01 1.189840419697929530e+00 8.800124416214639700e-01 7.176972963809258310e-02 -8.449421820194886745e-01 2.086686222517646172e+01
2.638487374324999018e-209 -4.857338049232742492e+02 2.653040742263324536e-01 4.070468661916208652e-02 5.896534705293432488e-01 8.227191251918832826e-01 7.705959326259612663e-01 5.276966076803291106e-02 -8.955317118301354684e-01 2.626777571630682928e+01
1.653027423024857081e-207 -4.815937321174138219e+02 3.851282211668268785e-01 3.469916174701109801e-02 6.048042532011844719e-01 8.258653106753485185e-01 9.171884812147605981e-01 9.673239369530782783e-01 -9.240933376408108080e-01 1.277667506984623280e+01
2.066295259858879618e-207 -4.813680832517056842e+02 4.183998563371036372e-01 3.770323506253152324e-02 8.809630246014249488e-01 9.712671606718259465e-01 8.997564010189604833e-01 4.826498649883051995e-01 -1.222998700828897611e+00 1.121614713997376356e+01
2.919906715217994949e-193 -4.487835975551234355e+02 3.998405100407739221e-01 6.176966394374711761e-02 8.742613925518269991e-01 1.064471216751741611e+00 6.066663470314294093e-01 4.164481138270118565e-01 -1.274161215176623507e+00 2.485954885203587139e+01
5.201526737837825289e-181 -4.205726759221969360e+02 4.475169115708909073e-01 6.012399383145099196e-02 7.240627380569419902e-01 9.132921642276832230e-01 6.933439831533736442e-01 2.982847319144348308e-01 -9.658434961870050461e-01 2.511144610907247809e+01
7.325027153812954083e-178 -4.133200759672380400e+02 4.307806006281290623e-01 5.016399502847315728e-02 5.383291272912762437e-01 9.766779623815329270e-01 7.944447188182987007e-01 7.236448129731624102e-01 -9.641747023319482413e-01 2.475895567920337470e+01
1.697152240691331893e-176 -4.101747509492606127e+02 4.222129909535713432e-01 5.534390413106189677e-02 7.611838760797996484e-01 8.888330313366228363e-01 8.772680921607342031e-01 2.940460553227172147e-01 -1.258514332726155427e+00 2.493048233350978649e+01
1.755081073464567254e-176 -4.101386875915942483e+02 3.714352878877118513e-01 5.336910474478462341e-02 6.699259832045918461e-01 1.009352801546165468e+00 6.735076663020495014e-01 1.578796881640388561e-01 -9.334994122376132353e-01 2.692728116403201355e+01
1.856474730213406194e-176 -4.100800232601288826e+02 4.116599010688469784e-01 3.584789273136886056e-02 7.053245656411276654e-01 8.217857477484206141e-01 7.502534178590916092e-01 9.682465490451385159e-01 -1.236237732697390346e+00 2.707047563183114747e+01
1.856071712745519128e-176 -4.100777403712011164e+02 1.558883648643816788e-01 5.908411426172781311e-02 8.039545891363690799e-01 9.517000711730172480e-01 7.938892585323562567e-01 3.203501820037438774e-01 -7.284317606202396211e-01 2.774362380173339560e+01
1.859355644522438418e-176 -4.100734726431223294e+02 4.430301545726953449e-01 4.784585569503453650e-02 8.176123729995222744e-01 1.160801528162871188e+00 6.610018353563359428e-01 9.782981846204454879e-01 -9.365397973402980192e-01 2.529885784655683167e+01
1.911789027652490147e-176 -4.100431631757961668e+02 2.184162480035656828e-01 6.333217607482059808e-02 6.523574106786045324e-01 1.147511509309698807e+00 9.365804138034150572e-01 3.005430629681827837e-01 -8.779430836141937089e-01 2.576513314945347943e+01
1.908370120403537262e-176 -4.100424531054976569e+02 3.965522284664190211e-01 5.324900295437387521e-02 5.153041050686818503e-01 9.126523685450665946e-01 8.391090274208500288e-01 9.202612250430534102e-01 -1.058217853731415081e+00 2.699773909970367569e+01
1.906350810650753603e-176 -4.100410117989003425e+02 4.829544514759704921e-01 3.466010316478340680e-02 8.744755666580741327e-01 1.141136433469320588e+00 8.041247480397278879e-01 8.063919374847925425e-01 -8.671637138733003791e-01 2.443526146010050937e+01
1.901956698061257952e-176 -4.100408194458166804e+02 2.032021232029446733e-01 4.751215104700692859e-02 7.617585211325019756e-01 1.021788931517439103e+00 6.893045755591914459e-01 9.991327666228044801e-01 -1.181317164143030451e+00 2.955913264048057698e+01
1.899591236437253253e-176 -4.100408136584252929e+02 1.393190968201486746e-01 3.957021818909484123e-02 6.060927849425717939e-01 8.722353086007440526e-01 9.983869778464808942e-01 7.706476131938734264e-01 -7.444427651015620429e-01 3.373212414826196692e+01
1.899591236437253253e-176 -4.100408136584252929e+02 4.933693786099129230e-01 6.244174277340282936e-02 8.527883257014250429e-01 1.116315218339664961e+00 6.158853504107253407e-01 7.157765166868357287e-02 -1.085866165580901432e+00 2.818042952426215209e+01
1.899591236437253253e-176 -4.100408136584252929e+02 4.643620084578751195e-01 5.487077017942172674e-02 5.175928402875518142e-01 1.125612003971599329e+00 7.990919631076466301e-01 8.296608428466937246e-01 -1.267914237416275069e+00 9.293025179735958829e+01
1.899591236437253253e-176 -4.100408136584252929e+02 2.535265354597755483e-01 3.805691717453890677e-02 8.401936536064189553e-01 8.114248646385420205e-01 8.320706859049220583e-01 8.071283480823115974e-01 -1.115799415734132216e+00 6.437729501073262384e+01
1.899591236437253253e-176 -4.100408136584252929e+02 4.745690029665216025e-01 4.664903364873897174e-02 7.753529630793059013e-01 9.131154950952242721e-01 9.068664779508399665e-01 7.715025006072038227e-01 -1.119565646362094880e+00 9.881657844996800577e+01
1.899591236437253253e-176 -4.100408136584252929e+02 2.125792107878190507e-01 6.142654624781161699e-02 8.207574457984012639e-01 1.054935988257270196e+00 9.341889676977307433e-01 8.185881311407319227e-01 -9.286379989898582155e-01 4.672540149998039283e+01
1.899591236437253253e-176 -4.100408136584252929e+02 2.357048298584992763e-01 5.599560418092936614e-02 8.958354426432513229e-01 8.231795097219750668e-01 8.205714591077135633e-01 1.467452296753072316e-01 -1.108496965446692517e+00 4.993732297875697057e+00
1.899591236437253253e-176 -4.100408136584252929e+02 1.779759483166667988e-01 6.974301761211221251e-02 6.405241653588596984e-01 1.196287260715720890e+00 8.199437255704467020e-01 8.324869637055454241e-01 -7.818388191847213120e-01 5.558949765472268467e+01
1.899591236437253253e-176 -4.100408136584252929e+02 3.430817418192287915e-01 6.425375306845330925e-02 6.490388666605835244e-01 1.197794393715624128e+00 9.094778354531639630e-01 1.187885682498446283e-01 -8.321154265712165099e-01 2.759035819930755196e+01
1.899591236437253253e-176 -4.100408136584252929e+02 4.238109510645681199e-01 4.570698517791255133e-02 8.798091628480037008e-01 8.217936624300682391e-01 9.001650281078147353e-01 1.502873362835875914e-01 -7.322196901133114499e-01 8.566678665141263593e+01
1.899591236437253253e-176 -4.100408136584252929e+02 2.219252385014734985e-01 3.415141991628638934e-02 5.094986439998026029e-01 1.161985374282358485e+00 7.624027112363411796e-01 7.313104016603376722e-01 -7.661493673712423957e-01 8.964458917643317193e+01
1.899591236437253253e-176 -4.100408136584252929e+02 3.285663654660359034e-01 6.292119675288265768e-02 5.682898881629018240e-01 8.538697420459857579e-01 6.660596133137360875e-01 7.327526693254731160e-01 -1.212943568540298278e+00 8.974519686243348815e+01
1.899591236437253253e-176 -4.100408136584252929e+02 3.791305271331582016e-01 5.600165972491633060e-02 6.271457638030225601e-01 9.151120837404289610e-01 6.883421239219177368e-01 7.066476295888530768e-01 -7.625368897305326854e-01 6.491969113437102123e+01
1.899591236437253253e-176 -4.100408136584252929e+02 2.458268337086481903e-01 6.179893618382861775e-02 5.352742186930871116e-01 1.167188729003836967e+00 6.518899048414061870e-01 5.539953376668718121e-01 -1.128562808478968726e+00 5.888880185241363030e-01
1.899591236437253253e-176 -4.100408136584252929e+02 1.892320712950094908e-01 3.232543100083088566e-02 8.681692046249718242e-01 8.208251392522710743e-01 9.445878568320472679e-01 4.074088708865915009e-01 -8.884339110066558076e-01 6.838204751681620230e+00
1.899591236437253253e-176 -4.100408136584252929e+02 3.220961320304756570e-01 5.805201506597423844e-02 6.149848224064543567e-01 8.265273822302794393e-01 6.314885056483828807e-01 3.537401040119382278e-01 -1.161102469887907107e+00 8.939054759769024372e+01
1.899591236437253253e-176 -4.100408136584252929e+02 4.367039449096268289e-01 5.980915470892265995e-02 8.741519970220636981e-01 9.249673777135727359e-01 7.045327845496524022e-01 1.458785098133377200e-01 -1.127454926551764824e+00 7.070211888304194758e+01
1.899591236437253253e-176 -4.100408136584252929e+02 2.121905813165600174e-01 5.601928420827230470e-02 7.064665899360477175e-01 1.037082645965313743e+00 9.341391215591448027e-01 7.345746682369280744e-01 -1.248083599511556452e+00 6.993915803039126899e+01
1.899591236437253253e-176 -4.100408136584252929e+02 3.600033008996881279e-01 4.431263304965663008e-02 8.088599765535360309e-01 1.031578944388649610e+00 9.142654487744914515e-01 8.903986503149834419e-01 -1.059504557932664515e+00 2.574554508178719203e+01
1.899591236437253253e-176 -4.100408136584252929e+02 4.657524432147185367e-01 4.556995823280553942e-02 8.616367081889275692e-01 8.658426462004116253e-01 8.655377417655345518e-01 1.622253875047313665e-01 -9.955055394807383884e-01 5.056951610986777723e+01
1.899591236437253253e-176 -4.100408136584252929e+02 3.933739728023460946e-01 4.274741427449984393e-02 7.686283535279050394e-01 9.605507335679652758e-01 7.239058673097134022e-01 1.110135406251778756e-01 -7.188173904079292464e-01 8.619786432208312021e+01
1.899591236437253253e-176 -4.100408136584252929e+02 2.265172829667820575e-01 5.747600326838077367e-02 5.029779146980233318e-01 1.005720134566068680e+00 6.830776608315944909e-01 3.919259034342176262e-01 -9.369703567281384426e-01 4.213789433471168167e+01
1.899591236437253253e-176 -4.100408136584252929e+02 3.263945138857520245e-01 6.337109112233305086e-02 8.410818239582655842e-01 1.085798213096012876e+00 6.023842500728400218e-01 2.290818847716634687e-01 -8.675053670612549173e-01 3.486043138728535240e+01
1.899591236437253253e-176 -4.100408136584252929e+02 2.876799981131230588e-01 3.950386510612917401e-02 5.241503562339913103e-01 1.068501594667155885e+00 8.820335871918679738e-01 3.137590042319361450e-01 -1.129681627551116563e+00 8.166414556009662817e+01
1.899591236437253253e-176 -4.100408136584252929e+02 1.920506076450851085e-01 5.489505130350665063e-02 7.385939936953159757e-01 8.056973991176342720e-01 8.772610116631600619e-01 8.342722969146781908e-01 -9.174279162316703040e-01 9.989023911789983856e+01
1.899591236437253253e-176 -4.100408136584252929e+02 2.853008427461068419e-01 4.070651442540693110e-02 8.576315531333533748e-01 1.188435207116088410e+00 6.978351034791641094e-01 2.191633191680020243e-02 -7.594119453619101456e-01 6.873723377802744494e+01
1.899591236437253253e-176 -4.100408136584252929e+02 4.164442858942332126e-01 3.494817577642467255e-02 5.930635424877128692e-01 1.190147478594589803e+00 9.098425830288463523e-01 2.745465146639396448e-01 -9.001438922953788335e-01 5.366453029041785783e+01
1.899591236437253253e-176 -4.100408136584252929e+02 3.412100361902307144e-01 5.749380161502370967e-02 6.944680188720600000e-01 1.103082311918921032e+00 8.397956443187655218e-01 6.816799079513565784e-01 -7.549901044956812690e-01 3.516720114224869320e+01
1.899591236437253253e-176 -4.100408136584252929e+02 2.233065844062024630e-01 4.509499704938303016e-02 5.070607984040781391e-01 9.262448827779268257e-01 7.331338131599636210e-01 5.100194422890141910e-01 -9.293719917062155389e-01 3.525430685289494193e+01
1.899591236437253253e-176 -4.100408136584252929e+02 4.015270940874172689e-01 3.253670905160854082e-02 8.536944083181114973e-01 1.030872031438198722e+00 7.908318402718079732e-01 6.217880941081709301e-01 -1.262401359640680454e+00 7.006753060300650304e+01
1.899591236437253253e-176 -4.100408136584252929e+02 4.903311784180213184e-01 5.577826528900108050e-02 5.401186730763858357e-01 8.364784326921104185e-01 6.772763063617042167e-01 7.203119598079745778e-01 -1.072811050143031020e+00 3.298502953005554161e+01
1.899591236437253253e-176 -4.100408136584252929e+02 4.971173513776336872e-01 3.170794911666276195e-02 8.631517000102497672e-01 1.057516420008267177e+00 9.339844575102872470e-01 7.015460240074430365e-01 -1.037758426310799953e+00 3.474844891564659122e+01
1.899591236437253253e-176 -4.100408136584252929e+02 1.016245063745076505e-01 3.710247586526570912e-02 8.558721975998537790e-01 1.124467724295689086e+00 6.346680510014085508e-01 1.434312025672823676e-02 -1.052722731362579545e+00 3.827261614511942867e+01
1.899591236437253253e-176 -4.100408136584252929e+02 4.197032590105738148e-01 3.017554557174710606e-02 8.267396979724328521e-01 1.009075656978192237e+00 9.201368729933274704e-01 8.986249455571270195e-01 -1.189225942486003218e+00 3.398632638433278430e+01
1.899591236437253253e-176 -4.100408136584252929e+02 2.333781391493518209e-01 4.354976682602025584e-02 8.730039332177814693e-01 9.431057242982796573e-01 6.639206057164429575e-01 7.246512335248342929e-01 -1.222121280058526382e+00 5.180407734343027926e+01
1.899591236437253253e-176 -4.100408136584252929e+02 4.545619895190947668e-01 4.735830240512714506e-02 6.291379511554122672e-01 1.188731142796444873e+00 6.239146275327955848e-01 1.055220204919288252e-01 -9.485378661167882530e-01 6.657176972599076237e+01
1.899591236437253253e-176 -4.100408136584252929e+02 1.605752732054008813e-01 5.525474520615444168e-02 8.062646866833597104e-01 1.157450557193145269e+00 6.294217335991008078e-01 9.373853196226390461e-01 -1.093226540550325865e+00 9.535179277069589432e+01
1.899591236437253253e-176 -4.100408136584252929e+02 4.024596744109565361e-01 5.470504542900087031e-02 6.225414196754082141e-01 8.475587518175079493e-01 7.999981999500572760e-01 4.517480887674940604e-01 -1.016319684672136514e+00 3.238757135820905830e+01
1.899591236437253253e-176 -4.100408136584252929e+02 3.135767531236347549e-01 5.247441401979592579e-02 5.525772989409208913e-01 8.495713186438208497e-01 7.201902321285693631e-01 4.254988780001778270e-01 -1.037439199202567552e+00 7.632823343048034559e+00
1.899591236437253253e-176 -4.100408136584252929e+02 1.795352912490529862e-01 3.756851909849885651e-02 7.204743480108039000e-01 1.094735849034369712e+00 8.202509725023002796e-01 6.549400888807457299e-01 -1.098021300224117702e+00 6.759065046138653088e+01
1.899591236437253253e-176 -4.100408136584252929e+02 3.651526615629365757e-01 3.302784572567242505e-02 6.597383143268711336e-01 1.037782659231916593e+00 7.326482643892572311e-01 2.215805728592274981e-01 -1.231066878367325090e+00 5.752337394084767652e+01
1.899591236437253253e-176 -4.100408136584252929e+02 4.094460268445886397e-01 3.477587839302380412e-02 7.192414966907864082e-01 1.144665122975740523e+00 6.268138049424697433e-01 8.053211925401058124e-01 -7.522010442586972712e-01 7.460303962398172928e+01
1.899591236437253253e-176 -4.100408136584252929e+02 4.373772204272727837e-01 3.638519173198306172e-02 6.913315227072469593e-01 9.620025025235592331e-01 7.061708612980683863e-01 1.926330318924869278e-01 -9.261533948071448696e-01 5.613488133229910204e+01
1.899591236437253253e-176 -4.100408136584252929e+02 4.488692728299680246e-01 5.311840568490641679e-02 6.215456695491816674e-01 8.964868361701011645e-01 9.698350295019217970e-01 3.458831349453368453e-01 -1.146035029703595054e+00 7.701250172745129419e+01
1.899591236437253253e-176 -4.100408136584252929e+02 1.749543948268951765e-01 3.966892223489448810e-02 5.008469462271958328e-01 1.131774481097884255e+00 8.608076689273972404e-01 3.635538496013593912e-01 -9.457118026197336436e-01 6.831620989345657335e+01
1.899591236437253253e-176 -4.100408136584252929e+02 1.568673278627474021e-01 5.758590566554479262e-02 5.606884996619376782e-01 1.151013531783898092e+00 9.375937037646856487e-01 4.954130330706086882e-01 -1.125072126642016057e+00 5.744213288169318332e+01
1.899591236437253253e-176 -4.100408136584252929e+02 1.796662668921230610e-01 5.820141760160391087e-02 6.734328232823506566e-01 9.585200860336186013e-01 6.163811326446595462e-01 8.259135216574722271e-01 -1.067822102352852243e+00 8.025075638347037454e+01
1.899591236437253253e-176 -4.100408136584252929e+02 2.555986270169124941e-01 3.792482080628692409e-02 6.420855908918287058e-01 9.478616052792365743e-01 6.587729616487433271e-01 7.979079684392967886e-01 -9.125786907931705549e-01 7.275209287386510937e+01
1.899591236437253253e-176 -4.100408136584252929e+02 1.390646445672566456e-01 6.161526259095530950e-02 6.858891051652109550e-01 1.168956929210094309e+00 7.822680346233412685e-01 8.115070179056754762e-01 -8.325798458823729931e-01 3.951024206759641544e+01
1.899591236437253253e-176 -4.100408136584252929e+02 1.356839581445397624e-01 5.560618529227079332e-02 6.794804355114125727e-01 9.994918885983162804e-01 9.761853946116483272e-01 4.431163061385514634e-01 -1.013875569402142407e+00 3.250747865919528579e+01
1.899591236437253253e-176 -4.100408136584252929e+02 2.001552562512473321e-01 5.753919043586836618e-02 8.757256174399623561e-01 9.096053251374220938e-01 8.190462208528929144e-01 9.168893438898868542e-01 -1.081986158905063000e+00 8.068057217384357216e+01
1.899591236437253253e-176 -4.100408136584252929e+02 1.242860939087479660e-01 3.025079338386052127e-02 5.914590385913052195e-01 9.316954581355583187e-01 9.640950683300335555e-01 7.648281866903070547e-01 -9.006321007662749789e-01 6.913121293800354294e+01
1.899591236437253253e-176 -4.100408136584252929e+02 4.328803063058249689e-01 6.919384507715053978e-02 5.141575339074950790e-01 9.948837123283984507e-01 6.199759478418999104e-01 8.636541664705681409e-01 -8.855856503307264482e-01 3.724754418802419309e+01
1.899591236437253253e-176 -4.100408136584252929e+02 1.713784079341413025e-01 4.949057847238476360e-02 6.786080884425165216e-01 1.190845055242151673e+00 7.711336231401209051e-01 5.426286175936326783e-01 -9.585895619687282432e-01 6.230208559760866649e+01
1.899591236437253253e-176 -4.100408136584252929e+02 1.912563902671778338e-01 3.904540034966641482e-02 6.299468138815932372e-01 8.064796624200174513e-01 7.607329769468950120e-01 8.678630489499328249e-01 -9.491854428211599082e-01 5.815778436444032451e+01
1.899591236437253253e-176 -4.100408136584252929e+02 4.485098808076463106e-01 5.203748305762431747e-02 7.736340918475170803e-01 9.636973965662281039e-01 6.421388275152383196e-01 4.536576731328267886e-02 -9.041884620317059973e-01 9.301457846029718723e+01
1.899591236437253253e-176 -4.100408136584252929e+02 4.701982641856786715e-01 6.167873746798559209e-02 6.638815992825235490e-01 1.154175928502519044e+00 6.356158617751489492e-01 2.953070105710874360e-01 -1.062298816224203080e+00 6.278834609697295832e+01
1.899591236437253253e-176 -4.100408136584252929e+02 4.342316721541643609e-01 5.305276012311274658e-02 5.975684097499390779e-01 9.279688720942687041e-01 7.316380914372726529e-01 7.524867769076096780e-01 -1.024522385507657285e+00 2.797699745280671735e+01
1.899591236437253253e-176 -4.100408136584252929e+02 3.534105579154872556e-01 6.651534821240083495e-02 6.780390397629024735e-01 1.017731956028800067e+00 8.292873966961004095e-01 1.879541392352357398e-03 -7.513947011995198988e-01 5.328260679146653445e+01
1.899591236437253253e-176 -4.100408136584252929e+02 2.834395858316388073e-01 5.338452067817719970e-02 7.008223509412406793e-01 1.024894622695800006e+00 7.295730137444329522e-01 4.242381442531618641e-01 -1.260241321341768250e+00 3.254041412956790680e+01
1.899591236437253253e-176 -4.100408136584252929e+02 1.160739172862179647e-01 5.359809308620815116e-02 8.237420128740984282e-01 8.671420912817748849e-01 7.820020448888830300e-01 2.909983234694691889e-01 -8.180548087586319017e-01 7.165931784184313358e+01
1.899591236437253253e-176 -4.100408136584252929e+02 3.919913610616561073e-01 6.018890244582290883e-02 5.705153333976262786e-01 1.009322180161031479e+00 9.790180887124183551e-01 2.832052155014247452e-01 -9.819672204286551409e-01 4.340840360854640778e+01
1.899591236437253253e-176 -4.100408136584252929e+02 1.709925199765011394e-01 3.837266591003704597e-02 7.895396603577777839e-01 1.022503314935715668e+00 9.633461859443280817e-01 7.678582089611796224e-01 -1.223108666920396548e+00 7.519363713336059618e+01
1.899591236437253253e-176 -4.100408136584252929e+02 1.250573864969881654e-01 4.430702001746869567e-02 8.260287678185036508e-01 1.010772415314007633e+00 6.984939529066349628e-01 6.397819538974862663e-01 -9.087494611263025046e-01 9.914410912456122560e+01
1.899591236437253253e-176 -4.100408136584252929e+02 1.272074451228613623e-01 3.718379789754654857e-02 6.176443390265312638e-01 8.648301909292210876e-01 8.663043152404295011e-01 7.103337593120060411e-01 -1.177831588157885356e+00 6.477738511129962262e+01
1.899591236437253253e-176 -4.100408136584252929e+02 3.721672083301286182e-01 3.274164280151358603e-02 5.190377425966382630e-01 9.024900648984591767e-01 9.444454859039117522e-01 2.068875518500210564e-01 -9.156650240574751853e-01 4.908029314569913026e+01
1.899591236437253253e-176 -4.100408136584252929e+02 2.305910884122409910e-01 6.132117729914361021e-02 6.450740027368226936e-01 9.884086738268555994e-01 8.486481323790923126e-01 4.994973124753026017e-01 -8.843029155329116264e-01 5.175163226389055637e+01
1.899591236437253253e-176 -4.100408136584252929e+02 2.116746157699664066e-01 4.851415412739851218e-02 7.634941072960177433e-01 8.895538579917593447e-01 7.149749301760551790e-01 6.930217643375450320e-01 -7.126826746185240813e-01 4.392725268573934727e+01
1.899591236437253253e-176 -4.100408136584252929e+02 3.125654981850094494e-01 6.207982985184349461e-02 7.406901653290387522e-01 9.199675330229759584e-01 7.907614639961481062e-01 8.383683933499457286e-01 -9.930052445429948804e-01 3.646745274942630033e+01
1.899591236437253253e-176 -4.100408136584252929e+02 1.720562751952762759e-01 5.038923609515459645e-02 8.719066444780269043e-01 1.173125256642568282e+00 7.090825556199872315e-01 2.729245533355844078e-01 -1.253482586477143057e+00 6.293620344872248040e+01
1.899591236437253253e-176 -4.100408136584252929e+02 1.057397720980108036e-01 6.674577073793064308e-02 7.940288320197752547e-01 1.148637567256779679e+00 6.269109280729540101e-01 3.822089444052070295e-01 -1.274462904989800194e+00 6.644463981635972516e+01
1.899591236437253253e-176 -4.100408136584252929e+02 2.555948494672825033e-01 3.554496529558540119e-02 5.269242307364703226e-01 9.422393889355855645e-01 8.093087897152739796e-01 3.149120831307816726e-02 -1.020791896782341279e+00 8.069822277936799537e+01
1.899591236437253253e-176 -4.100408136584252929e+02 4.907631470459959955e-01 3.244911799644111666e-02 6.859110451432131050e-01 8.785942434304764292e-01 8.784727409314454505e-01 4.431824055135606955e-01 -1.186318379827218550e+00 2.608585062568910118e+01
1.899591236437253253e-176 -4.100408136584252929e+02 3.698948105033104117e-01 4.976711028246121743e-02 7.284147545008290425e-01 1.056006919962214186e+00 7.090049032576649646e-01 4.298327867356792620e-01 -8.140224184269296837e-01 9.659926528448097827e+01
1.899591236437253253e-176 -4.100408136584252929e+02 3.334579080744447532e-01 5.876256096796195899e-02 8.835764905259586577e-01 8.670321763225192768e-01 7.659938707798068513e-01 9.516264768895119630e-01 -1.296753029723835215e+00 5.980570334267638799e+01
1.899591236437253253e-176 -4.100408136584252929e+02 4.543100848820267323e-01 5.288907616417991286e-02 7.864979791758435201e-01 1.027716177313980683e+00 7.994827993859836557e-01 6.473909949855262136e-01 -1.056086576508726615e+00 3.211449208897295904e+01
1.899591236437253253e-176 -4.100408136584252929e+02 2.183822772709105298e-01 6.593098983256889811e-02 5.399584622592424887e-01 8.775097176770798590e-01 6.662938955015501596e-01 7.131545416627924627e-01 -9.935382358715201256e-01 5.577078443872066771e+01
1.899591236437253253e-176 -4.100408136584252929e+02 3.264253150438297668e-01 5.362678980899120845e-02 5.175386699197526141e-01 1.148344350744698872e+00 6.866025564951109272e-01 6.011489806522366530e-01 -1.169230572340788976e+00 4.709145481327983163e+01
1.899591236437253253e-176 -4.100408136584252929e+02 3.164671724094866301e-01 4.510165404189385441e-02 5.102214890363295785e-01 8.540890940538398146e-01 8.863112092801059827e-01 6.061664599523239882e-01 -1.236331226481365508e+00 7.983689088583838611e+01
1.899591236437253253e-176 -4.100408136584252929e+02 3.566320862717906603e-01 5.160038044222134412e-02 6.320253712393140155e-01 8.749969288838153059e-01 8.315233908125216900e-01 2.823269579405371932e-01 -1.143390066489289314e+00 5.578195987880294382e+01
1.899591236437253253e-176 -4.100408136584252929e+02 4.503154221945779856e-01 5.579881652442438000e-02 6.330964247138892720e-01 1.054339201502473067e+00 8.162130057241765435e-01 5.078551094414692768e-01 -1.287527454804134441e+00 9.322719526823578917e+01
1.899591236437253253e-176 -4.100408136584252929e+02 2.711323358195447675e-01 5.460208095655075949e-02 5.276095475383482114e-01 1.136419255952606733e+00 9.439392891159662513e-01 7.277310066815055878e-01 -1.094214788477877232e+00 3.138180474290587085e+01
1.899591236437253253e-176 -4.100408136584252929e+02 3.384730876124463217e-01 6.769380074074557441e-02 5.827879228849109916e-01 9.116067481744276613e-01 7.892678694551503726e-01 3.272562620659147381e-02 -7.737982906643138259e-01 6.758245640881345651e+01
1.899591236437253253e-176 -4.100408136584252929e+02 3.364424710318874023e-01 6.054071869351478064e-02 7.760946252888363261e-01 1.149039334501186671e+00 7.009403125044975091e-01 6.012477688468604864e-01 -1.087966346253263383e+00 4.980713169506348947e+01
1.899591236437253253e-176 -4.100408136584252929e+02 3.638049903843377786e-01 6.970248430746210644e-02 8.949941032381986128e-01 8.598463293409974728e-01 7.260491609673340729e-01 6.922601672174408804e-01 -1.293704469791439271e+00 9.419311615646674340e+01
1.899591236437253253e-176 -4.100408136584252929e+02 2.579217020156177598e-01 3.307278263083424791e-02 5.530369832471466740e-01 8.705262058574639861e-01 8.679449816072817292e-01 3.588746852338856597e-01 -7.786503340424020259e-01 5.307159740562448036e+01
1.899591236437253253e-176 -4.100408136584252929e+02 2.265703538026591635e-01 3.139559265901673002e-02 5.054251396028240917e-01 1.056350893251437162e+00 6.647634578179320020e-01 6.779443122515620423e-01 -9.790002543351774555e-01 4.070277150172126568e+01
1.899591236437253253e-176 -4.100408136584252929e+02 2.838947950050279556e-01 6.264729673531772847e-02 7.402248766905014099e-01 9.831822496748264806e-01 8.887489794416916222e-01 1.108378302833046281e-02 -9.637342422226693461e-01 8.164560666892683116e+01
1.899591236437253253e-176 -4.100408136584252929e+02 4.118315187370462649e-01 6.642784753742730919e-02 8.181212151051988624e-01 1.132553660620734037e+00 8.774112565222520477e-01 5.029040830023312481e-03 -1.140148593912424513e+00 2.652804881587524832e+01
1.899591236437253253e-176 -4.100408136584252929e+02 2.468842689576046245e-01 6.284330550930630754e-02 5.622689022311335716e-01 8.807239060062006519e-01 6.691781203133128075e-01 9.291099824986207567e-01 -1.104104714916633423e+00 4.242041385043227031e+00
1.899591236437253253e-176 -4.100408136584252929e+02 2.841793328399994101e-01 4.738012565587691044e-02 8.093274351618768847e-01 1.127923669587531652e+00 7.708931466183647219e-01 9.460094819192892412e-01 -7.463522554795669617e-01 8.766620633830223142e+01
1.899591236437253253e-176 -4.100408136584252929e+02 2.041197349442963604e-01 6.231847138323850371e-02 6.509806660789946298e-01 9.595009754384922207e-01 8.296394829867022036e-01 4.625091483852594720e-02 -8.883801253299250522e-01 9.681608252279609417e+01
1.899591236437253253e-176 -4.100408136584252929e+02 1.095699424051684301e-01 4.571440016570949699e-02 8.014750206467828875e-01 8.831810952564813633e-01 7.959690822763152429e-01 4.903169194764374073e-01 -1.123336896034641041e+00 8.364469909356759558e+01
1.899591236437253253e-176 -4.100408136584252929e+02 1.870700474134953384e-01 3.223378819599056339e-02 7.640294053952217945e-01 9.228206408651912218e-01 8.394569301003076411e-01 3.122590344178511890e-01 -1.034116061819098986e+00 5.906094253203975342e+01
1.899591236437253253e-176 -4.100408136584252929e+02 4.314926215111355434e-01 3.182057344999623949e-02 6.996087120698538664e-01 1.098105459299025144e+00 9.021981780726957556e-01 9.571349125869730301e-01 -1.015655140158019165e+00 9.779171074773709904e+01
1.899591236437253253e-176 -4.100408136584252929e+02 1.115225745896142873e-01 3.634463075579518615e-02 8.807631496559643614e-01 9.979669547998469836e-01 9.742761793755192468e-01 5.320794966336271914e-01 -7.815773153730757317e-01 6.056515558409775224e+01
1.899591236437253253e-176 -4.100408136584252929e+02 2.654746812180950322e-01 5.143035249024357353e-02 5.053721482375873597e-01 8.871352121155295922e-01 8.011009697949790231e-01 9.016056523685745949e-01 -1.032756933002356270e+00 2.519915137626138613e+00
1.899591236437253253e-176 -4.100408136584252929e+02 3.216409497222659231e-01 5.532521567676630669e-02 6.769914093849883630e-01 1.102812918293456956e+00 8.897701538767119889e-01 2.429154058148730311e-02 -1.180875530589174716e+00 5.776870256285128136e+01
1.899591236437253253e-176 -4.100408136584252929e+02 1.535563918383557602e-01 6.672993022421588871e-02 6.768272367032932557e-01 9.767708947595826752e-01 6.871600354673386146e-01 3.283732744356315791e-01 -1.247592809517491741e+00 8.369801302670482812e+01
1.899591236437253253e-176 -4.100408136584252929e+02 1.218269883128862419e-01 4.761707791158507896e-02 5.454145317719775177e-01 8.520345574961164514e-01 9.892534542453457203e-01 5.197043087622390534e-01 -1.095935745269690509e+00 7.285501269333948926e+00
1.899591236437253253e-176 -4.100408136584252929e+02 1.283391286332885572e-01 4.305596872342496578e-02 8.196937975716469538e-01 1.193631391878797299e+00 7.666117716815947780e-01 6.969105839338987085e-01 -1.050056092097876759e+00 4.020871065226666730e+01
1.899591236437253253e-176 -4.100408136584252929e+02 2.459959315565533045e-01 3.502991528814420469e-02 6.793752862540556325e-01 1.040231709188974119e+00 7.936761116858268572e-01 2.645718365527549576e-01 -9.306527536979016801e-01 3.908256940310461403e+01
1.899591236437253253e-176 -4.100408136584252929e+02 1.043516756883586388e-01 6.440032760834266123e-02 8.083869524050057986e-01 1.158345823962901866e+00 8.822883221061474934e-01 5.666518575850043593e-01 -8.992893697260457841e-01 4.572320051319178447e+01
1.899591236437253253e-176 -4.100408136584252929e+02 2.110965543810165712e-01 5.639745168210363868e-02 8.333685062159363888e-01 1.069356911593180026e+00 6.048267049438894594e-01 1.675169108423679720e-01 -7.549553081075275340e-01 7.755920376516650094e+01
1.899591236437253253e-176 -4.100408136584252929e+02 2.124319868482305029e-01 5.765907053804468496e-02 6.231516816014589510e-01 1.136375420890123555e+00 9.099286036755622753e-01 6.466319644851237225e-01 -1.146087072783962491e+00 7.152262359011228909e+01
1.899591236437253253e-176 -4.100408136584252929e+02 2.359800620472770616e-01 5.582730021162710110e-02 6.952962951951582316e-01 1.015461396760106494e+00 8.216987298906911485e-01 5.089208922013673808e-01 -7.500909009587928278e-01 6.494935279472933587e+01
1.899591236437253253e-176 -4.100408136584252929e+02 3.557807084597494063e-01 3.973602426684774702e-02 7.516173314485427026e-01 9.190036881213329290e-01 6.038663811829650951e-01 8.379577093767864859e-01 -7.538754711414406007e-01 4.810993050324532305e+01
1.899591236437253253e-176 -4.100408136584252929e+02 3.801841817389609579e-01 3.107510742783328381e-02 7.510452362515629421e-01 1.103648321019608636e+00 6.758860958406648356e-01 5.892404913857232085e-01 -7.115566302051965497e-01 7.897191385376292772e+01
1.899591236437253253e-176 -4.100408136584252929e+02 1.181794751306041447e-01 4.488106452289660625e-02 7.777028072705964856e-01 9.126796135769990048e-01 6.108365194866333114e-01 5.275804833091316537e-01 -9.828092523078142406e-01 9.564462585696725228e+01
1.899591236437253253e-176 -4.100408136584252929e+02 4.042942490680000445e-01 3.928677097426783171e-02 7.406803710355149839e-01 8.582275472867298971e-01 9.001434783805999373e-01 3.103652744446968592e-01 -1.184431676124288346e+00 2.925710647657893304e+01
1.899591236437253253e-176 -4.100408136584252929e+02 4.484099685079189213e-01 6.543071769709885022e-02 5.639064577769696829e-01 8.350979811167553724e-01 6.201286920423109139e-01 2.051707798509661007e-02 -7.146497946673913138e-01 4.576012037432594326e+01
1.899591236437253253e-176 -4.100408136584252929e+02 2.425510473820454149e-01 6.391953809648662221e-02 8.657921831357278108e-01 8.803756455550120208e-01 8.184430958656441213e-01 5.154297156336994368e-01 -1.048278633104038793e+00 5.089333550223174285e+01
1.899591236437253253e-176 -4.100408136584252929e+02 1.161396157372355936e-01 6.514213826510434346e-02 8.358473569636833966e-01 8.818487184418399849e-01 7.726638428163532524e-01 2.730827816380890782e-01 -1.043365635300584016e+00 6.722649296302508048e+01
1.899591236437253253e-176 -4.100408136584252929e+02 3.589966907261513684e-01 3.900826448607846303e-02 7.310257991541389000e-01 8.095093893700467946e-01 9.564072203450189047e-01 3.254540054774537339e-01 -7.882296111051182441e-01 3.673664021548387382e+01
1.899591236437253253e-176 -4.100408136584252929e+02 1.453253941794611093e-01 3.317011268570206617e-02 6.096985338235551000e-01 8.352109971695178547e-01 8.094951501445535325e-01 8.242451495226333913e-01 -9.918880860580558956e-01 8.167141111940468434e+00
1.899591236437253253e-176 -4.100408136584252929e+02 4.939204254105108438e-01 4.309836951557892426e-02 7.731188110019273640e-01 9.137771935483774977e-01 9.800093212541458598e-01 7.305190573036712820e-02 -8.253816722834450559e-01 7.863904549664265176e+01
1.899591236437253253e-176 -4.100408136584252929e+02 1.935557622938462452e-01 5.927986414548715166e-02 8.547294729539467451e-01 1.146580970946237121e+00 8.593611264430733865e-01 5.274634564984144180e-01 -8.042312954078614240e-01 3.814233818850298974e+01
1.899591236437253253e-176 -4.100408136584252929e+02 3.800030656859524347e-01 3.866250653788835812e-02 8.326740677487363129e-01 9.758314928686580014e-01 9.534146069053490713e-01 5.623313409015634479e-01 -7.389566546071509867e-01 8.000935537790782348e+01
1.899591236437253253e-176 -4.100408136584252929e+02 3.981296755588383807e-01 3.711912283958895831e-02 5.406939356395670249e-01 1.041648161213884372e+00 7.312519653692515220e-01 1.520853491883908948e-01 -9.190463454045023628e-01 6.632453155955438717e+01
1.899591236437253253e-176 -4.100408136584252929e+02 1.093389429610371888e-01 4.271431353628538791e-02 8.327058013090827826e-01 1.069522611679052604e+00 6.252102396988712396e-01 2.357302393287398212e-01 -7.439222741326875221e-01 3.033994175562626339e+01
1.899591236437253253e-176 -4.100408136584252929e+02 2.931572583686151146e-01 5.511781176908357727e-02 6.445083016148102084e-01 1.118977902112334721e+00 8.558998569695714931e-01 8.360587150192935191e-01 -1.005060451916145015e+00 2.328372233007836023e+00
1.899591236437253253e-176 -4.100408136584252929e+02 3.130370667242943217e-01 5.644275067606277507e-02 7.286975620398297160e-01 8.173902363338390042e-01 8.965413804253814511e-01 9.061237631301652939e-01 -1.048144265118940766e+00 4.999707257403092342e+01
1.899591236437253253e-176 -4.100408136584252929e+02 4.965578582067663449e-01 6.673054658515398252e-02 7.122661807572057135e-01 9.994378240239022437e-01 6.025486119864851275e-01 9.328670763295566770e-01 -1.217663781081278707e+00 1.872837491105061591e+00
1.899591236437253253e-176 -4.100408136584252929e+02 4.653085137768092627e-01 3.865913522702710964e-02 7.536139073373333552e-01 1.111475917181169004e+00 9.456198044229040534e-01 8.090634027328427180e-01 -1.108088575455692615e+00 2.894425767128737803e+01
1.899591236437253253e-176 -4.100408136584252929e+02 3.377716780459114609e-01 5.834897197476028585e-02 5.778784431307090186e-01 8.178519654929196081e-01 7.815850862503782581e-01 2.898690969312552879e-01 -7.570959116432152136e-01 8.824550891489786864e+01
1.899591236437253253e-176 -4.100408136584252929e+02 2.031905365836871313e-01 3.579631737060347957e-02 6.111902707458891637e-01 1.091363844259694016e+00 7.663376271135122764e-01 4.363285307376456590e-01 -1.020743982823363538e+00 3.145766643781133798e+00
1.899591236437253253e-176 -4.100408136584252929e+02 1.730973949787551480e-01 5.706574627509999192e-02 8.221818338704645068e-01 9.106193390012092825e-01 9.399275174821305479e-01 8.794486681548198126e-01 -1.153957798794793321e+00 6.963932505456801891e+01
1.899591236437253253e-176 -4.100408136584252929e+02 1.710984853860514632e-01 5.673895350485869127e-02 6.122740961935051462e-01 8.064991496473057353e-01 7.973714277907950621e-01 5.299117468257851238e-01 -1.133957311578039695e+00 6.184650724087348550e+01
1.899591236437253253e-176 -4.100408136584252929e+02 2.512797404314132121e-01 5.847898212722694999e-02 6.915737393345707806e-01 1.070150228459430863e+00 6.503444929848051226e-01 8.933303619680098562e-01 -8.786032033611564929e-01 9.770531088001138187e+01
1.899591236437253253e-176 -4.100408136584252929e+02 3.732115530310481377e-01 3.115206607053361276e-02 6.475645403888744545e-01 1.139842890529012331e+00 8.453181191196845745e-01 3.030090219698878817e-01 -1.025256700490895678e+00 9.737585720829869729e+01
1.899591236437253253e-176 -4.100408136584252929e+02 3.550416838937048292e-01 5.653496024443138701e-02 6.968353855072753067e-01 8.944295399511807965e-01 6.786761479124920893e-01 4.365441383251258411e-01 -1.122683567400855953e+00 7.394768258417938966e+01
1.899591236437253253e-176 -4.100408136584252929e+02 1.164514125141253853e-01 6.323900737310628184e-02 5.067945155862160211e-01 1.084062836325599744e+00 6.283518966581966847e-01 5.651712506290373916e-03 -7.499580874736943015e-01 6.309311710939019235e+01
1.899591236437253253e-176 -4.100408136584252929e+02 3.357955567942201291e-01 3.856842990774995983e-02 7.964879028380049686e-01 1.054036341795368426e+00 7.151613519771760075e-01 8.238803716408611422e-01 -1.105154755381872134e+00 5.001149856566938467e+01
1.899591236437253253e-176 -4.100408136584252929e+02 2.426121723311806810e-01 6.408533931113866156e-02 5.688499955729776625e-01 8.405608830634576645e-01 7.837697268849184162e-01 2.878411727976747381e-01 -1.294839159285718022e+00 4.071326166970715832e+01
1.899591236437253253e-176 -4.100408136584252929e+02 1.935798706399084745e-01 6.233511797566023555e-02 8.340689495747356519e-01 1.014003893434637149e+00 8.825565362958267546e-01 7.183407569437605389e-02 -8.451477486824969798e-01 8.565633610457510372e+01
1.899591236437253253e-176 -4.100408136584252929e+02 3.598187167530553232e-01 6.124963608299779927e-02 5.762921810203027739e-01 8.648519507984450128e-01 8.944666879220166678e-01 1.344539455207618417e-01 -1.281224179497404636e+00 4.526097181094905864e+01
1.899591236437253253e-176 -4.100408136584252929e+02 1.961999326081637907e-01 6.798787347415011229e-02 7.297477185699626778e-01 9.562666735224817360e-01 7.517450808420982344e-01 1.568252741950859619e-01 -1.189446819842480574e+00 5.423011221524132175e+00
1.899591236437253253e-176 -4.100408136584252929e+02 3.320392161493388450e-01 3.104022807057513558e-02 6.573393617043644666e-01 8.378078708409024689e-01 6.031064309870984852e-01 9.767367668138222658e-01 -1.107330721492621350e+00 5.392007247830523653e+01
1.899591236437253253e-176 -4.100408136584252929e+02 3.307394918656704208e-01 5.895553485299848129e-02 6.399028648991160750e-01 9.225983474040198029e-01 7.866573158380252284e-01 3.321141999005842171e-01 -9.936579332863053615e-01 8.701100072996700874e+01
1.899591236437253253e-176 -4.100408136584252929e+02 1.485848225341031004e-01 6.594883525095995846e-02 8.587039177602436846e-01 9.932413099994852335e-01 9.902433294010631881e-01 5.456955955040937445e-01 -1.264026037193460850e+00 9.936498383461109540e+01
1.899591236437253253e-176 -4.100408136584252929e+02 2.293047151380833426e-01 3.646478165815166678e-02 5.065038253751750208e-01 1.007063788533500315e+00 9.637524466774870513e-01 4.204994507458840181e-01 -1.015361462680822946e+00 4.135088467745803342e+01
1.899591236437253253e-176 -4.100408136584252929e+02 4.740596017616470759e-01 6.453317085996651548e-02 5.569970900431440164e-01 1.158654475921512939e+00 7.416368886424160589e-01 6.713075008268435395e-01 -9.344952972487834408e-01 4.919468496562261350e+01
1.899591236437253253e-176 -4.100408136584252929e+02 4.916204999226412298e-01 6.757049746945503754e-02 7.351473447584957466e-01 8.016210660442520952e-01 9.756526758711933089e-01 7.944990630559903844e-01 -1.004659969955709720e+00 7.135587202576247989e+01
1.899591236437253253e-176 -4.100408136584252929e+02 1.890602159057664933e-01 4.215610581409299368e-02 6.448863488585309112e-01 8.609338316896053556e-01 7.524651918748808122e-01 9.244813025402343065e-01 -9.656903959265763504e-01 9.812297123645635111e+01
1.899591236437253253e-176 -4.100408136584252929e+02 3.822655975715919530e-01 6.122684445248763319e-02 7.360482414078851621e-01 1.068712166564345978e+00 8.803393665923807676e-01 7.828836878994319681e-01 -1.158914530662944697e+00 2.995258103982686393e+01
1.899591236437253253e-176 -4.100408136584252929e+02 2.729096192848631253e-01 3.364476512592039920e-02 5.192295730864147085e-01 1.079396128394939591e+00 8.956431698868836389e-01 3.077276412964723429e-01 -9.832149001042129743e-01 5.961382736884445421e+01
1.899591236437253253e-176 -4.100408136584252929e+02 2.500648024739523523e-01 4.094028872365566146e-02 8.207729617510595155e-01 1.055957529174626597e+00 7.963849547231456327e-01 1.597147882924326856e-01 -8.522871257477401263e-01 7.740213706542670025e+01
1.899591236437253253e-176 -4.100408136584252929e+02 4.721430591441100333e-01 4.289973615645692462e-02 7.235702701985046170e-01 8.762779960971209814e-01 6.366590618021069625e-01 4.278352413784763941e-01 -1.187030022842339161e+00 6.904281844390229139e+01
1.899591236437253253e-176 -4.100408136584252929e+02 1.910309293889775606e-01 6.531922972394513249e-02 5.332380945394556981e-01 1.124607446140578393e+00 6.573216207640018016e-01 2.313071119709575463e-02 -1.250675453113077706e+00 6.224671192191549096e+01
1.899591236437253253e-176 -4.100408136584252929e+02 2.891091718365736973e-01 3.291975431853749051e-02 8.302274192467642422e-01 8.157106914169385270e-01 7.578227175925578152e-01 8.241212216235610510e-01 -7.383453250496834208e-01 7.510209353747065997e+00
1.899591236437253253e-176 -4.100408136584252929e+02 4.913719805955062414e-01 3.811463264546223473e-02 6.666719358652671845e-01 1.090575767206388935e+00 9.130339309172291751e-01 2.103684212136369691e-01 -1.024805254334329563e+00 6.923050169948319876e+01
1.899591236437253253e-176 -4.100408136584252929e+02 2.502885409834061936e-01 6.233142067990769114e-02 7.615304612550384267e-01 1.003914923544041660e+00 9.557028468181473224e-01 7.956619560519072598e-01 -1.115936499892397515e+00 3.759854051145015319e+01
1.899591236437253253e-176 -4.100408136584252929e+02 3.667394852849741316e-01 4.063742402012811283e-02 7.388099675269976796e-01 8.963122745351046472e-01 8.723646315168978038e-01 7.959761259731964467e-01 -1.263428740617762891e+00 5.792184695487068069e+01
1.899591236437253253e-176 -4.100408136584252929e+02 1.158634565922335019e-01 6.915057764269490204e-02 5.750452814162536619e-01 1.081104608107619214e+00 7.999643218000329625e-01 6.623047081271666858e-01 -9.498352423426631441e-01 5.253355512789327975e+01
1.899591236437253253e-176 -4.100408136584252929e+02 4.519480964128471667e-01 6.818104181206283143e-02 6.434063064998428727e-01 8.825064294756835848e-01 9.577235737873096566e-01 9.071914826293785428e-01 -1.001952008518999682e+00 8.016895562043241341e+01
1.899591236437253253e-176 -4.100408136584252929e+02 3.671944908561336485e-01 3.046903543622801400e-02 5.153644497182939821e-01 9.036301017913059841e-01 7.849318363259463194e-01 7.972720144785965246e-01 -1.181532606135209384e+00 3.223908312724997671e+01
1.899591236437253253e-176 -4.100408136584252929e+02 3.209624358739902039e-01 3.316546922705009698e-02 8.764996983573276612e-01 8.051160456096552176e-01 6.856817973372418829e-01 3.980286500075552736e-01 -1.240951533619131020e+00 4.074110111147635394e+01
1.899591236437253253e-176 -4.100408136584252929e+02 4.921458837849841395e-01 5.128465818785193225e-02 7.138896518551685055e-01 1.092327264546756105e+00 8.675800033074322348e-01 9.103053830811613789e-02 -7.476292020458658039e-01 8.823079385213837611e+01
1.899591236437253253e-176 -4.100408136584252929e+02 4.149351746135437891e-01 3.234547683726698986e-02 5.952095555148859685e-01 1.028030244557042394e+00 7.086632636864632628e-01 2.576412725558692163e-01 -8.388514606284243058e-01 8.448816676738194076e+01
1.899591236437253253e-176 -4.100408136584252929e+02 1.947917561458610280e-01 6.924606777794811707e-02 7.871808417698133997e-01 8.917134653171574499e-01 7.853880133483013282e-01 2.555447423802018614e-01 -9.896181288240037954e-01 4.249302575937079496e+01
1.899591236437253253e-176 -4.100408136584252929e+02 4.920278381726772565e-01 4.362986242953102722e-02 5.008995956270397842e-01 1.116453406762663247e+00 6.253593572295159664e-01 3.876378601370791266e-01 -1.028438167472426112e+00 5.800741302948879508e+01
1.899591236437253253e-176 -4.100408136584252929e+02 1.314834767264902171e-01 4.757590313050134162e-02 7.527397372458546343e-01 1.196460373237655972e+00 9.321798179056196565e-01 7.528590301809622298e-01 -1.125121389860042953e+00 6.434660341887679635e+01
1.899591236437253253e-176 -4.100408136584252929e+02 3.771130624836407375e-01 5.274478421851361287e-02 6.793446476806066503e-01 1.067396811933347900e+00 7.031115902134841278e-01 2.911959901710886589e-01 -1.247517585073303792e+00 5.187498256777212902e+01
1.899591236437253253e-176 -4.100408136584252929e+02 1.425568800758933719e-01 5.958717038256808318e-02 7.320000178499683763e-01 8.447170131718368946e-01 8.450010679190200769e-01 9.538894242770861176e-01 -1.238044360188419235e+00 5.595995779962089500e+01
1.899591236437253253e-176 -4.100408136584252929e+02 1.447456466046281864e-01 4.429212702323162554e-02 6.523884585382784262e-01 9.696125594802857961e-01 7.821837029188627444e-01 4.292649866733211361e-01 -9.993271514696211444e-01 5.840325303350678610e+01
1.899591236437253253e-176 -4.100408136584252929e+02 3.021312072374066071e-01 5.901963007218068158e-02 5.408516115546263547e-01 8.732811571243732640e-01 9.436342123796878090e-01 2.120181528872345789e-01 -8.169324252817564691e-01 6.256079585042542135e+01
1.899591236437253253e-176 -4.100408136584252929e+02 2.518917024914832936e-01 4.924401480672356557e-02 6.741218548087304363e-01 9.353641881526881807e-01 8.821064488540208970e-01 6.160475652474813879e-01 -8.791972762915529760e-01 9.533598679515141328e+01
1.899591236437253253e-176 -4.100408136584252929e+02 1.180849447438953731e-01 6.133857616350570086e-02 7.687418956042482154e-01 9.052500573772742642e-01 6.543931822624020622e-01 9.596710763991901372e-01 -1.152555251112231005e+00 4.189438641391375029e+01
1.899591236437253253e-176 -4.100408136584252929e+02 1.491039704164462965e-01 5.414899191418776070e-02 6.809730729408344230e-01 1.063941958703635837e+00 6.003447449442184114e-01 8.444964280775512089e-01 -7.841685741612647309e-01 9.293492205998988709e+01
1.899591236437253253e-176 -4.100408136584252929e+02 1.714289141253483306e-01 5.479008821256213524e-02 5.733060922591139974e-01 8.517691578368354888e-01 7.278072257167400583e-01 7.113888744311632761e-01 -9.832977325269045554e-01 6.325550609459915563e+01
1.899591236437253253e-176 -4.100408136584252929e+02 1.305666206550177566e-01 6.043705085597467913e-02 8.500566001993253851e-01 8.845131705104756215e-01 7.992634403689400369e-01 1.130717651446078165e-01 -1.037732950698258660e+00 6.476419885461585579e+01
1.899591236437253253e-176 -4.100408136584252929e+02 1.314507738173518736e-01 3.038151473701965546e-02 6.298640989242757504e-01 1.192166759700803436e+00 9.714956706480762927e-01 2.966722623261073277e-01 -1.195478782591734124e+00 8.941445284192987231e+01
1.899591236437253253e-176 -4.100408136584252929e+02 2.405469935950200200e-01 6.965512258799860801e-02 8.431490335057785224e-01 1.171959781511528575e+00 6.831620212734279551e-01 7.262309327290494831e-01 -8.521536167019916341e-01 7.175552114070269738e+01
1.899591236437253253e-176 -4.100408136584252929e+02 4.244600399702991300e-01 3.120111511632019455e-02 6.262187210831087203e-01 1.092668635976050684e+00 9.592883385067327850e-01 9.417679558376716997e-01 -1.268290385871424286e+00 8.389755029954760346e+01
1.899591236437253253e-176 -4.100408136584252929e+02 3.291258502075490311e-01 4.016203857413689488e-02 8.238714740538675141e-01 8.158016797639682238e-01 7.740208114692805896e-01 2.583975018637917342e-01 -1.029911804991403113e+00 8.365838963070602574e+01
1.899591236437253253e-176 -4.100408136584252929e+02 3.640384701334579143e-01 3.919484783751982226e-02 6.856529635094099628e-01 1.029559818196766230e+00 9.320345118004060847e-01 1.079079140325022168e-01 -1.055241347444079381e+00 9.878909332742406946e+01
1.899591236437253253e-176 -4.100408136584252929e+02 1.977447280137628050e-01 6.881877278749194693e-02 7.271083601770977900e-01 8.231173008288418247e-01 7.115156421861927871e-01 1.231910896856602822e-02 -9.066356019154919732e-01 8.757865981885973383e+01
1.899591236437253253e-176 -4.100408136584252929e+02 4.784380577148965585e-01 4.887119152551366863e-02 5.587180167566426769e-01 1.165739566752579615e+00 7.596806822879555998e-01 5.946603146719209310e-01 -9.669983577076750603e-01 6.175043195062810497e+01
1.899591236437253253e-176 -4.100408136584252929e+02 1.130015557746009702e-01 6.514829302412861178e-02 8.641349908243964872e-01 1.048547769204275726e+00 8.372909580532822416e-01 5.953881947045072121e-01 -1.103911502347812101e+00 6.826310936440511057e+01
1.899591236437253253e-176 -4.100408136584252929e+02 3.180113281712511619e-01 6.307251588000306608e-02 5.231515949358654938e-01 9.183313855602470710e-01 7.364259561888713002e-01 3.319529768980696849e-01 -1.208572291909933982e+00 3.721143773162788193e+01
1.899591236437253253e-176 -4.100408136584252929e+02 2.610940319199473447e-01 3.300849041286444546e-02 6.027644846949906654e-01 1.067740742233627804e+00 7.054729438782804118e-01 9.677640453860826275e-01 -1.095807564085655272e+00 4.570658350144073268e+01
1.899591236437253253e-176 -4.100408136584252929e+02 1.555869249705263690e-01 4.770829770992730812e-02 5.120542691678369174e-01 1.166635693351612213e+00 9.218660615293803318e-01 6.459802581975803148e-01 -7.459083907166609295e-01 5.706112348015484059e+01
1.899591236437253253e-176 -4.100408136584252929e+02 2.711348694297854856e-01 5.422628280879401852e-02 6.000763893790572734e-01 1.068666892397737378e+00 8.111103331122034854e-01 3.008647544559326370e-01 -9.369281815961392201e-01 5.098563048119459751e+01
1.899591236437253253e-176 -4.100408136584252929e+02 3.232207595229299457e-01 5.858801154542916945e-02 8.516452585146787602e-01 9.942233131454344397e-01 8.061500035116372365e-01 2.943641041442945916e-02 -1.293648451611596695e+00 9.831347447846486887e+01
1.899591236437253253e-176 -4.100408136584252929e+02 4.293162674642425625e-01 4.680401347957129088e-02 5.607289492529550223e-01 1.035450428060411765e+00 8.630168684587329331e-01 7.288742028394382677e-01 -8.153995727898489809e-01 7.783487215059543018e+01
1.899591236437253253e-176 -4.100408136584252929e+02 3.829451851327284606e-01 6.453190503884313756e-02 8.368543809481936435e-01 8.652310334826327498e-01 6.851405309733208382e-01 2.873506387011166563e-01 -9.976690245752162234e-01 4.988809820793539274e+01
1.899591236437253253e-176 -4.100408136584252929e+02 3.274859023379945722e-01 5.704506923027616305e-02 5.019087752092860066e-01 1.155765600542077332e+00 9.067763034413532930e-01 1.570717228705863500e-01 -8.494095406848908292e-01 2.005253546095597805e-01
1.899591236437253253e-176 -4.100408136584252929e+02 3.990956234581041207e-01 4.880033496608054966e-02 7.064924236159210169e-01 8.808777566608458898e-01 9.788234007324568831e-01 2.108827064817436758e-01 -1.090957319139320703e+00 6.525785562992383859e+01
1.899591236437253253e-176 -4.100408136584252929e+02 4.068192563122773331e-01 3.956618297111826055e-02 6.629247427911895141e-01 9.148771706571353635e-01 7.035135401878598316e-01 7.565440850606532930e-01 -9.429681246474339584e-01 7.303979898156673300e+01
1.899591236437253253e-176 -4.100408136584252929e+02 3.267510986605519641e-01 3.738948081370380150e-02 8.836704304583660186e-01 1.164191686300342532e+00 8.683776727005447782e-01 6.492586839020751954e-01 -1.123766927877364319e+00 4.282004756153878589e+01
1.899591236437253253e-176 -4.100408136584252929e+02 2.295862581786567991e-01 3.628553929584791421e-02 8.945823231731957481e-01 1.012453667946759506e+00 7.297318936898987696e-01 5.279356110770736521e-01 -9.657966535439604927e-01 6.197609624534583972e+00
1.899591236437253253e-176 -4.100408136584252929e+02 4.104427903853834492e-01 3.424389156010043678e-02 6.092811728006105598e-01 8.508546985392567708e-01 8.013175070924061227e-01 5.231208299294849429e-01 -1.206856735774811229e+00 3.491729628101254690e+01
1.899591236437253253e-176 -4.100408136584252929e+02 3.228235233033287521e-01 5.669152939527491442e-02 6.277563815432929406e-01 1.100908748951329841e+00 9.215588164234237434e-01 5.703160334830895684e-01 -8.767288809676740957e-01 9.691108465887313628e+01
1.899591236437253253e-176 -4.100408136584252929e+02 1.031021999136681466e-01 3.702812375022337954e-02 8.682715766509332411e-01 1.034069285845489183e+00 7.523383571942002801e-01 7.368760879329971925e-01 -9.673337753995489008e-01 4.678360422406102259e+01
1.899591236437253253e-176 -4.100408136584252929e+02 4.666090334712580390e-01 5.134616489892222801e-02 7.258614616840040057e-01 1.102665123325724750e+00 7.953620795095335261e-01 3.569808181132282376e-01 -1.181270544093434127e+00 9.447669287386057135e+01
1.899591236437253253e-176 -4.100408136584252929e+02 4.595234369130746233e-01 5.468779592659156474e-02 6.918596605866191851e-01 1.066204558666131730e+00 9.581219150804554108e-01 7.429977164551127000e-02 -1.257012329921649796e+00 4.482976720147460981e+01
1.899591236437253253e-176 -4.100408136584252929e+02 2.803921252524310681e-01 5.335248002414395840e-02 7.320927214071211164e-01 8.618982164088782039e-01 8.111288034702079930e-01 6.496562577052743537e-01 -8.410170133373865431e-01 5.668983921967279827e+01
1.899591236437253253e-176 -4.100408136584252929e+02 2.265355595380259823e-01 3.876013687653477591e-02 5.679028461343469392e-01 8.076737167576470977e-01 6.185466519765770999e-01 1.719934108361733660e-01 -7.257416107156763330e-01 7.647261615232400800e+01
1.899591236437253253e-176 -4.100408136584252929e+02 4.460709707375550837e-01 6.275466853056056726e-02 6.716903474295199405e-01 1.038997000069695309e+00 6.774311483390402788e-01 4.403307391036838103e-01 -1.266531455117924976e+00 8.795000590687162401e+01
1.899591236437253253e-176 -4.100408136584252929e+02 2.786083832264836802e-01 6.377929654372338497e-02 7.941037668943562444e-01 1.135649910381816063e+00 7.928339513300333152e-01 8.637686906943871090e-01 -1.043904432989921194e+00 2.811878794772773205e+01
1.899591236437253253e-176 -4.100408136584252929e+02 2.456644825990903225e-01 5.647128843436040324e-02 8.121168444801081243e-01 1.013863483150327482e+00 7.899988418183940819e-01 8.375594222320346116e-01 -1.060200635233208288e+00 5.451058292229323854e+01
1.899591236437253253e-176 -4.100408136584252929e+02 3.644609642303781039e-01 6.860214038016321236e-02 8.303309949407744472e-01 9.618037735366424812e-01 8.639343076157643964e-01 5.275919867772398408e-01 -1.231465294090275941e+00 5.080646317940408352e+01
1.899591236437253253e-176 -4.100408136584252929e+02 3.909217269889604385e-01 5.265119591210216943e-02 8.537973352114107684e-01 1.079454434960104070e+00 9.147198836683319012e-01 4.580896690349841593e-01 -7.994295921063414578e-01 7.137035028430209138e+01
1.899591236437253253e-176 -4.100408136584252929e+02 1.523249114594083520e-01 5.083243560309398668e-02 8.812425988135740296e-01 1.062384399541825841e+00 9.889268915970704787e-01 3.630967926993755590e-02 -7.132671289833218964e-01 3.134077890084020623e+01
1.899591236437253253e-176 -4.100408136584252929e+02 1.203505623540673669e-01 6.217087234069641755e-02 8.929856171859120728e-01 8.633712929308198225e-01 8.741733150610397907e-01 9.250925144469033246e-01 -9.791402573629075512e-01 5.332904208243035526e+01
1.899591236437253253e-176 -4.100408136584252929e+02 2.983295420633986783e-01 4.884405160628080278e-02 7.090538401587067607e-01 1.096623120343217073e+00 8.810068803666724069e-01 9.751932955636353206e-01 -1.167636309360402525e+00 7.412645318117593263e+01
1.899591236437253253e-176 -4.100408136584252929e+02 4.994457574585920989e-01 3.578435113257590061e-02 5.529839356683644569e-01 1.070432865807677381e+00 9.436576369960554267e-01 9.268069170730995898e-01 -1.039398242173408038e+00 6.535258698028192725e+01
1.899591236437253253e-176 -4.100408136584252929e+02 1.121129500998904044e-01 3.420685765347203366e-02 7.915313285579987923e-01 8.948031384125889609e-01 6.249510695371326419e-01 1.668089703867298157e-01 -1.251888069115397961e+00 5.471848066071418515e+01
1.899591236437253253e-176 -4.100408136584252929e+02 4.752167880320171678e-01 3.067117168942208941e-02 6.234892661082381826e-01 1.017534249754531883e+00 8.545615215634492223e-01 3.384972934497824104e-01 -1.210133522911826187e+00 5.097747249724559993e+01
1.899591236437253253e-176 -4.100408136584252929e+02 2.768556977712506306e-01 3.072047666397754312e-02 6.929727810322252601e-01 1.155784817318953106e+00 9.629150585569976606e-01 2.654479180763836821e-01 -9.933669525370273368e-01 1.919692526486938000e+00
1.899591236437253253e-176 -4.100408136584252929e+02 1.301769970362832152e-01 4.057230357985278091e-02 8.302422222766876470e-01 1.116536959868205336e+00 9.050302007687426320e-01 6.893115239980790454e-01 -1.169965310037576867e+00 4.786482612751489540e+01
1.899591236437253253e-176 -4.100408136584252929e+02 1.504191652464760554e-01 4.472718768553150120e-02 7.362095898819991380e-01 1.062388744033853083e+00 7.505626733971832998e-01 5.685619760209432716e-01 -1.069054373266683511e+00 3.944165531968746308e-01
1.899591236437253253e-176 -4.100408136584252929e+02 1.996391762132033731e-01 4.667065028464401771e-02 8.632778807327745607e-01 1.104620354187128672e+00 6.864481949869059019e-01 1.367340398308263261e-01 -1.064795679617856372e+00 6.193695138074794926e+01
1.899591236437253253e-176 -4.100408136584252929e+02 3.462782297436483026e-01 3.265977398443582758e-02 6.543836952249586503e-01 8.173526019076461369e-01 9.734074376929978678e-01 3.002675830516609023e-01 -1.197313645680673666e+00 6.120930884706861974e+01
1.899591236437253253e-176 -4.100408136584252929e+02 2.719729502057821602e-01 3.661425455212002217e-02 7.682025854589478175e-01 9.532747044541532988e-01 6.198541746580347178e-01 5.717159030863911973e-01 -1.023789410564039049e+00 6.234158682904350712e+01
1.899591236437253253e-176 -4.100408136584252929e+02 1.218665434666390129e-01 4.928913958173423981e-02 7.782923792429867760e-01 1.042626227649222415e+00 8.477988792572511700e-01 2.387579829178808621e-01 -8.864443219046429512e-01 9.977611082249673302e+01
1.899591236437253253e-176 -4.100408136584252929e+02 3.823026842877280673e-01 3.146192490248036350e-02 6.938382844502891666e-01 8.317766426429222815e-01 9.122498060519786955e-01 5.352593439910990902e-01 -1.280733474402569128e+00 8.735105509923336342e+01
1.899591236437253253e-176 -4.100408136584252929e+02 2.640345214851101963e-01 5.239103520732198843e-02 7.829953381275188695e-01 8.731972220812683760e-01 6.540734650166822872e-01 4.123444088561959431e-01 -9.382006756083161036e-01 8.882190888293114028e+01
1.899591236437253253e-176 -4.100408136584252929e+02 4.679812533566642951e-01 4.639939633905860311e-02 6.269457150223489705e-01 8.122716924480646306e-01 7.952033336537693842e-01 7.621635098658925411e-01 -9.411196008114066647e-01 4.973547466716209442e+01
1.899591236437253253e-176 -4.100408136584252929e+02 2.958956516924634572e-01 6.208736554945748498e-02 8.856509560382798130e-01 9.769532866012565764e-01 9.740377707879595004e-01 1.075012535491283172e-01 -1.048403482126220476e+00 4.108210224610972006e+01
1.899591236437253253e-176 -4.100408136584252929e+02 1.768100111207518421e-01 3.042078257844200648e-02 7.685141549494380886e-01 9.454932085356579918e-01 8.084966486420833709e-01 4.796652380923261960e-01 -9.824412165557978582e-01 9.649828566584122314e+01
1.899591236437253253e-176 -4.100408136584252929e+02 1.540276643019594105e-01 3.789397047763766457e-02 5.093631111732936922e-01 9.667052006669957231e-01 9.916835454518485582e-01 9.174158541088387464e-01 -9.511085101897884808e-01 7.371851373666780205e+01
1.899591236437253253e-176 -4.100408136584252929e+02 2.229301639288479575e-01 5.292166298007626446e-02 8.435954338237757755e-01 8.065317652537040694e-01 9.011916807448214772e-01 4.765911339483747122e-01 -7.262675375494186403e-01 3.885741388707351263e+01
1.899591236437253253e-176 -4.100408136584252929e+02 4.414836553883980663e-01 4.057162576244305319e-02 8.978875573124573961e-01 9.215463234890437505e-01 7.597799584487855418e-01 3.072407276219613070e-02 -1.299867156826106651e+00 7.210826939022739168e+01
1.899591236437253253e-176 -4.100408136584252929e+02 3.679193159258686840e-01 5.871573679305291255e-02 8.932188265418260498e-01 8.697310799267494730e-01 6.045025285044937080e-01 8.820136678322202384e-01 -9.261656458111366952e-01 6.602803298555704359e+00
1.899591236437253253e-176 -4.100408136584252929e+02 3.018595102415637665e-01 5.976127893074391351e-02 5.525396843510778089e-01 1.095923809178748209e+00 7.938713003009829627e-01 7.495425851116861438e-01 -8.952993562324620402e-01 6.641858968596571344e+01
1.899591236437253253e-176 -4.100408136584252929e+02 1.439327538716372867e-01 6.536657258966602213e-02 8.727290536252056974e-01 1.162660924424922637e+00 6.504381810767935201e-01 1.782449347643453308e-01 -1.135830300725177544e+00 6.729582898192482787e+01
1.899591236437253253e-176 -4.100408136584252929e+02 1.489252976311966070e-01 5.143500209568642456e-02 7.180499030820419737e-01 1.049287537844213691e+00 8.712645563751371114e-01 3.705846531258587540e-01 -9.444862379806371333e-01 7.048743890415273938e+01
1.899591236437253253e-176 -4.100408136584252929e+02 3.687282950251495883e-01 5.336831891461795568e-02 8.489593847472346466e-01 1.189439617483077694e+00 6.113562866816580899e-01 7.704086010838897547e-01 -9.096117435681050356e-01 7.894256798676244102e+01
1.899591236437253253e-176 -4.100408136584252929e+02 1.240745997953163759e-01 3.824642552402299223e-02 7.079018492720607902e-01 1.032819129631379784e+00 8.961726773107512312e-01 5.054004795684076123e-01 -8.183950253083591697e-01 3.311921117446955520e+01
1.899591236437253253e-176 -4.100408136584252929e+02 4.956678633650423160e-01 6.767771027966595909e-02 8.313578996626878048e-01 8.352680853972980213e-01 6.848541084050306926e-01 5.579160833944134534e-01 -1.291157583552829502e+00 9.638752643321988955e+01
1.899591236437253253e-176 -4.100408136584252929e+02 2.584110272445336864e-01 6.053890229424495339e-02 6.281683152914512291e-01 1.160562944623635406e+00 7.555892202326005558e-01 3.165089660220252732e-01 -1.021935252365602675e+00 7.437449460266549295e+01
1.899591236437253253e-176 -4.100408136584252929e+02 4.727363253807462806e-01 4.366861376710812204e-02 8.883862427039743714e-01 1.148660781559456057e+00 6.868337872341834238e-01 2.911195456160718953e-01 -8.083564264467615335e-01 1.128964246379415837e+00
1.899591236437253253e-176 -4.100408136584252929e+02 1.510092280067211468e-01 3.536837117716429973e-02 6.180561768928148902e-01 8.508445122334703514e-01 9.660547480627640349e-01 7.109739558294194683e-01 -1.149670200640110940e+00 4.670437704891424602e+01
1.899591236437253253e-176 -4.100408136584252929e+02 4.487270641834671947e-01 4.043627674802947186e-02 5.057318867475144586e-01 9.607122116006366896e-01 7.820558315732504262e-01 8.930797386244575531e-01 -8.522725167820102143e-01 5.485309198947896192e+01
1.899591236437253253e-176 -4.100408136584252929e+02 1.365501180041042706e-01 4.114387992263859872e-02 7.928374979475065754e-01 1.016118251068106604e+00 9.547978165726388466e-01 7.272630558144307367e-01 -1.066288933622939750e+00 4.624679817190550324e+01
1.899591236437253253e-176 -4.100408136584252929e+02 3.162352259351375316e-01 4.613219832353686323e-02 8.699086919189802369e-01 1.008197733261990692e+00 7.083078824378283844e-01 4.721226327973815362e-02 -1.177874901515917117e+00 4.051720407379156796e+01
1.899591236437253253e-176 -4.100408136584252929e+02 2.869780621779460805e-01 4.755697762278100760e-02 8.454270096989695560e-01 1.047377541771395304e+00 6.281538061229846592e-01 2.106600626039573099e-01 -9.933540957776365588e-01 4.614764280698558707e+01
1.899591236437253253e-176 -4.100408136584252929e+02 4.769185486691170928e-01 3.209105629010652883e-02 7.080756905962944936e-01 1.163771808660147400e+00 8.499227513880180940e-01 2.532489104415251990e-01 -1.025945398570951017e+00 9.249357951178610904e+01
1.899591236437253253e-176 -4.100408136584252929e+02 3.940512252663155301e-01 4.819750099826719536e-02 7.431503851987945053e-01 8.035161082221444762e-01 8.655972747935786193e-01 7.242084181677340693e-01 -8.487809781012842780e-01 6.136105727097928053e+01
1.899591236437253253e-176 -4.100408136584252929e+02 1.996317670727914551e-01 4.120438827651478481e-02 5.149555398948882923e-01 1.074713159825480435e+00 9.458566335344298359e-01 9.299665219983700437e-01 -9.036804471524024773e-01 5.729408601900370712e+01
1.899591236437253253e-176 -4.100408136584252929e+02 1.798798858005565826e-01 6.563145194012315331e-02 6.777560446453675391e-01 9.133991631144887657e-01 7.043535357946471009e-01 7.096586542207372617e-01 -1.040837359747525337e+00 3.092067765036629012e+01
1.899591236437253253e-176 -4.100408136584252929e+02 3.150073816211570454e-01 3.360143522538940053e-02 7.278681855475584994e-01 1.057884693585387170e+00 8.473393809034258650e-01 2.891622862889070555e-01 -7.146492936795791895e-01 2.833412646492048381e+01
1.899591236437253253e-176 -4.100408136584252929e+02 3.135185899177952429e-01 3.395440400447691243e-02 6.159218807768080950e-01 9.574804295876094828e-01 6.105252642645059291e-01 2.375531185870576323e-01 -8.789593533320529950e-01 3.329496817866792924e+01
1.899591236437253253e-176 -4.100408136584252929e+02 3.521853897287042789e-01 4.981528033214713963e-02 8.690732733753292472e-01 1.193132007735994593e+00 6.620985954528565420e-01 9.445817057832726071e-01 -1.179391798098578636e+00 8.207426885155555851e+01
1.899591236437253253e-176 -4.100408136584252929e+02 4.003735168777106113e-01 3.895486376655726835e-02 5.458647898146120614e-01 8.011746783294511065e-01 9.289290160795172779e-01 6.490534480741043666e-01 -9.427972963627826442e-01 4.007282578995558708e+01
1.899591236437253253e-176 -4.100408136584252929e+02 2.841295211846108781e-01 5.424979988980414836e-02 6.405951530278671813e-01 1.045196956577638447e+00 9.121717424917680228e-01 1.464892041739228601e-01 -1.262092376243530101e+00 2.717156616909781519e+01
1.899591236437253253e-176 -4.100408136584252929e+02 4.915979228626206066e-01 3.872715704363240141e-02 5.244220913788960603e-01 9.809804594824981239e-01 7.700976860249827416e-01 6.129366372627179649e-01 -9.400709614051553364e-01 6.806200954516613422e+01
1.899591236437253253e-176 -4.100408136584252929e+02 2.331704787275600543e-01 3.613311129281223527e-02 6.163939628854074870e-01 9.130704293304300334e-01 6.329798819797737286e-01 8.422680898323422483e-01 -8.387127426208855763e-01 8.907359715947275447e+01
1.899591236437253253e-176 -4.100408136584252929e+02 2.966686471176089857e-01 5.138148612859083642e-02 6.965350399243712687e-01 1.172834850639429494e+00 8.171323424148283499e-01 1.061730102369038420e-01 -1.271425961814939720e+00 7.722890740617360450e+01
1.899591236437253253e-176 -4.100408136584252929e+02 2.228930744016374976e-01 6.566430852263011042e-02 7.673610601854423674e-01 9.385011429482917888e-01 7.111230611256688094e-01 9.534631813941005785e-01 -7.999803194793194683e-01 7.880022841412747425e+01
1.899591236437253253e-176 -4.100408136584252929e+02 2.836018318605264543e-01 6.255674788589946078e-02 7.293823114903114080e-01 9.189526984464364556e-01 6.158937061512484989e-01 8.571747637617009863e-01 -1.283595252633542350e+00 4.131629294657212625e+00
1.899591236437253253e-176 -4.100408136584252929e+02 2.461506943425478822e-01 3.239528965646422398e-02 8.143265771521663865e-01 1.165818880286674020e+00 9.523276481180679154e-01 2.059993675260315404e-01 -7.777739841585574743e-01 2.742396982802716110e+01
1.899591236437253253e-176 -4.100408136584252929e+02 3.606284388786827888e-01 5.289803802214408657e-02 5.002580084529445470e-01 9.219503872438241654e-01 8.453141942034236855e-01 1.162937060668909339e-01 -9.337026538930786046e-01 7.939982534483566212e+01
1.899591236437253253e-176 -4.100408136584252929e+02 1.411343802512806944e-01 3.405310938054939562e-02 8.510430775357035182e-01 8.421755126091067245e-01 9.000912472083224536e-01 4.690533218551596883e-01 -8.248561476393529990e-01 3.015760399324313212e+01
1.899591236437253253e-176 -4.100408136584252929e+02 1.505856847514461527e-01 6.546559495628241632e-02 6.410560513664614879e-01 1.095386256881583753e+00 7.699279746039402461e-01 7.017168137513267734e-01 -7.988031554439615212e-01 6.523918234902843949e+01
1.899591236437253253e-176 -4.100408136584252929e+02 2.173942279665001254e-01 3.161118802284006157e-02 5.382414878072019349e-01 1.171044988178931989e+00 6.632726897311432834e-01 3.312159223944716180e-01 -9.444143067903338906e-01 5.880911824912358554e+01
1.899591236437253253e-176 -4.100408136584252929e+02 4.367235375269680198e-01 5.738185794040374932e-02 5.708522832168065886e-01 1.067516715524757354e+00 9.122335320707060102e-01 5.749013023013429535e-01 -9.480792607902265301e-01 7.264002064145668669e+01
1.899591236437253253e-176 -4.100408136584252929e+02 2.269374442623036947e-01 6.372678965595970912e-02 5.908711390134204766e-01 9.119664993102579720e-01 6.410853593951616469e-01 5.660706291208115193e-01 -1.036728621092822600e+00 6.696500215664867994e+01
1.899591236437253253e-176 -4.100408136584252929e+02 2.951759237513805756e-01 5.632283433876077161e-02 7.782927876042194937e-01 1.148611439723103311e+00 7.084377423315650901e-01 8.000922833948317381e-01 -1.045494445032328468e+00 6.809849604948215074e+01
1.899591236437253253e-176 -4.100408136584252929e+02 4.449924280766532902e-01 6.117963161861511567e-02 8.726237989506704373e-01 8.838825999725301585e-01 8.804565058496670593e-01 8.749894367773453085e-01 -7.530710254697533523e-01 4.007151368938768599e+01
1.899591236437253253e-176 -4.100408136584252929e+02 2.070509439238975014e-01 5.604478961628370226e-02 7.603752367087525110e-01 1.157661010228720144e+00 9.400556853776015354e-01 2.341508230630484633e-02 -1.074727319318846241e+00 8.414908430850056220e+01
1.899591236437253253e-176 -4.100408136584252929e+02 2.612761652649175925e-01 4.454686798448895951e-02 5.189769522166369775e-01 1.101201780640522099e+00 7.231522945657098411e-01 8.921787834221073243e-01 -8.093263270864289316e-01 7.798839481497715553e+01
1.899591236437253253e-176 -4.100408136584252929e+02 1.572915623696624354e-01 3.718998668566893262e-02 8.609524537043792280e-01 9.614896461025184138e-01 6.903016835737182388e-01 1.535050591244278007e-01 -9.401209382273132409e-01 5.516524496702346347e+00
1.899591236437253253e-176 -4.100408136584252929e+02 1.199410359337860776e-01 6.823563690688547179e-02 7.782871301766765004e-01 9.410491038048985901e-01 6.030668049617254889e-01 4.948009024666669697e-01 -9.897475244460414157e-01 8.044318265903704912e+00
1.899591236437253253e-176 -4.100408136584252929e+02 2.599244742682641496e-01 6.441425632374378485e-02 5.856595466222285218e-01 1.070488365484931537e+00 9.715355260845318641e-01 2.172193260013266514e-01 -1.244630886453665708e+00 7.056022695497051700e+01
1.899591236437253253e-176 -4.100408136584252929e+02 1.439544683762083166e-01 6.931233460906424670e-02 6.093999088576362855e-01 8.199790735332903591e-01 9.651865232805370010e-01 5.230452930672415679e-01 -7.149099188244485426e-01 3.364372395533257531e+01
1.899591236437253253e-176 -4.100408136584252929e+02 2.035010354447016057e-01 3.206649355191516781e-02 5.325383699200926246e-01 1.046464403067733473e+00 9.910591928776057991e-01 3.286405388780442305e-01 -1.222216770445430534e+00 8.152512311834809111e+01
1.899591236437253253e-176 -4.100408136584252929e+02 1.147984091093278425e-01 5.636242511715457149e-02 5.531293537283406003e-01 1.195004893313196925e+00 8.625383913617724607e-01 6.143401205124042752e-01 -1.068114178614324006e+00 8.114896932200011292e+01
1.899591236437253253e-176 -4.100408136584252929e+02 1.538471258760700511e-01 5.903015288528674215e-02 8.333436768610804624e-01 8.682646086101087901e-01 7.763168029955288540e-01 6.477501177257602993e-01 -9.474550846227549616e-01 5.526104574087793253e+01
1.899591236437253253e-176 -4.100408136584252929e+02 4.973865266044962263e-01 6.386835653388414635e-02 6.466747609134384511e-01 1.092469241499738342e+00 9.336877900577333911e-01 5.083778209489026034e-01 -9.973766792775031753e-01 5.320076749751810752e+01
1.899591236437253253e-176 -4.100408136584252929e+02 3.883135815156827375e-01 4.049152765569950796e-02 5.685375400842115345e-01 9.861154706481212173e-01 8.448597521482189565e-01 6.520690685232728434e-01 -1.280815185499933673e+00 6.978781706456408074e+01
1.899591236437253253e-176 -4.100408136584252929e+02 4.011738233232239326e-01 4.904203304912431449e-02 8.028076720372576691e-01 8.419486792769058647e-01 7.969729406494440171e-01 5.014914057427339866e-01 -1.205846453030969156e+00 3.662202465040560639e+01
1.899591236437253253e-176 -4.100408136584252929e+02 2.405613771255009081e-01 6.728281686336978762e-02 7.110633914513837528e-01 9.993705905530674283e-01 7.714530458960642267e-01 3.111725280038715180e-01 -8.445742618346251396e-01 2.884935708720304248e+00
1.899591236437253253e-176 -4.100408136584252929e+02 1.940134368993608749e-01 3.338075306997184688e-02 8.830874688994760913e-01 9.604834927873981965e-01 6.384813828135974534e-01 3.951573858925024885e-01 -9.776544141533569654e-01 7.345494070203861270e+01
1.899591236437253253e-176 -4.100408136584252929e+02 4.049709711887622410e-01 4.674281515736010417e-02 8.825231832413866773e-01 9.932084915066435871e-01 9.562499229717452698e-01 8.607630793924186952e-01 -1.239560295597136985e+00 3.526913881010212748e+01
1.899591236437253253e-176 -4.100408136584252929e+02 2.050502562052828326e-01 5.027561870127208316e-02 6.046419788534165285e-01 9.477539603277759239e-01 9.965254306698355657e-01 6.671884837908657051e-01 -1.266203933344852928e+00 3.792566677289278232e+01
1.899591236437253253e-176 -4.100408136584252929e+02 2.940292605851215768e-01 6.735218865691239287e-02 8.382671921935496151e-01 1.195665728542242956e+00 8.818976356372258962e-01 3.894684202465539258e-01 -1.038053196044559368e+00 3.178133564626689633e+01
1.899591236437253253e-176 -4.100408136584252929e+02 3.377157293370428026e-01 3.307398956983047256e-02 8.730620839930902655e-01 1.130331208420451539e+00 9.382828357386093776e-01 8.906249650246160776e-01 -7.052637059731323710e-01 4.914541884469150546e+01
1.899591236437253253e-176 -4.100408136584252929e+02 2.904801581811787825e-01 3.587113384875192240e-02 5.562714276048881246e-01 8.252018197601543870e-01 8.360520463649375733e-01 3.413446663392760705e-01 -1.046542452599062756e+00 6.693054166984513387e-01
1.899591236437253253e-176 -4.100408136584252929e+02 4.031042142707667031e-01 6.359169443892431772e-02 7.732144128227209645e-01 1.063123100566615520e+00 8.298837520397852607e-01 4.569405176396822421e-01 -1.000908345236982466e+00 3.723673369839188751e+01
1.899591236437253253e-176 -4.100408136584252929e+02 3.206441203402388140e-01 4.853743754001779709e-02 8.742160358141733978e-01 8.158024348902402911e-01 9.061962846204568711e-01 9.972841251811683794e-01 -1.188042133095045028e+00 8.029830877823430058e+01
1.899591236437253253e-176 -4.100408136584252929e+02 2.617844681912822047e-01 3.996981470254962893e-02 5.831887914221667302e-01 1.013937249339778024e+00 6.611700729211252847e-01 4.583744824953271957e-01 -8.761515631767797796e-01 9.498425334431529166e+01
1.899591236437253253e-176 -4.100408136584252929e+02 3.758976245886397338e-01 3.369679338212403646e-02 7.534906825205123226e-01 1.156242858097379589e+00 7.675508376192018423e-01 7.935504972849868333e-01 -8.714929019562209778e-01 5.384248550725828864e+01
1.899591236437253253e-176 -4.100408136584252929e+02 3.319300966443760048e-01 3.760557105957433588e-02 5.713542176096589875e-01 1.031008985448635507e+00 6.119219945412055495e-01 3.524608209285788885e-01 -1.201033000395305805e+00 3.383470294638033238e+01
1.899591236437253253e-176 -4.100408136584252929e+02 4.647722040240530594e-01 5.611576011701967237e-02 6.267940805519804925e-01 8.793417386079039888e-01 7.697331672383466161e-01 1.092419619488184113e-01 -1.031005265426809592e+00 5.056304535815610279e+01
1.899591236437253253e-176 -4.100408136584252929e+02 4.755147128613396168e-01 3.609580050136852736e-02 5.572180102622654729e-01 9.221700700160458952e-01 6.628308748116368276e-01 8.132121906284044410e-01 -9.861505543529288653e-01 9.702363519361982469e+01
1.899591236437253253e-176 -4.100408136584252929e+02 2.815505454165573296e-01 4.736758863099395367e-02 8.469878514817243964e-01 9.344331733416810781e-01 8.678095897543416370e-01 6.745013169621867366e-01 -7.750574112141132010e-01 4.205106020092491548e+01
1.899591236437253253e-176 -4.100408136584252929e+02 3.813458419214622586e-01 6.891096087749859489e-02 7.046462972399338831e-01 8.046423788035788061e-01 9.425942690964123072e-01 5.769318466173384286e-01 -8.600678545389892626e-01 9.329698592939458024e+01
1.899591236437253253e-176 -4.100408136584252929e+02 1.902077372440934555e-01 6.495970869558831406e-02 8.139170160641922003e-01 1.180642550271010283e+00 7.423561433323196956e-01 6.785310869379710397e-01 -7.132569510915560684e-01 8.858310446112031400e+01
1.899591236437253253e-176 -4.100408136584252929e+02 2.921962302054901262e-01 3.787448293121459253e-02 7.289692722774822053e-01 1.163412670417436123e+00 8.305233182353808363e-01 7.886028980064114791e-01 -9.486701533744893444e-01 7.799741254541436319e+01
1.899591236437253253e-176 -4.100408136584252929e+02 3.641655262675335125e-01 6.995491516109880736e-02 6.948609312824450823e-01 1.151557994653225947e+00 7.426106520686548418e-01 5.967834245319508790e-01 -7.958985304255039583e-01 2.841481838298851414e+01
1.899591236437253253e-176 -4.100408136584252929e+02 2.766057463745182354e-01 3.306483484746234464e-02 7.049887418192649635e-01 1.106214010048583329e+00 9.088750375421850158e-01 1.486937876734401032e-01 -7.958627990580959821e-01 6.757540017525506926e+01
1.899591236437253253e-176 -4.100408136584252929e+02 2.129373244682148669e-01 3.337960627765088756e-02 7.650784882239158868e-01 9.043513335040301859e-01 8.463028735803211910e-01 6.238189880199350723e-01 -1.011080817084754946e+00 6.086074960438276094e+01
1.899591236437253253e-176 -4.100408136584252929e+02 3.557229268057425786e-01 5.522953756419139715e-02 6.104843657870534512e-01 1.088066887684702166e+00 7.272424929902158164e-01 1.645485695982773500e-03 -8.684316216555583168e-01 4.356294278634798900e+01
1.899591236437253253e-176 -4.100408136584252929e+02 1.264575690436175737e-01 5.722380947247168725e-02 8.176687243344622491e-01 9.174627829174752947e-01 8.401934090346057094e-01 2.687404181598906927e-01 -8.897154555464682479e-01 7.574379093992284595e+01
1.899591236437253253e-176 -4.100408136584252929e+02 4.420676399758508568e-01 5.461291651020807464e-02 7.784270071882732900e-01 1.162091504985497181e+00 9.796641355699429177e-01 4.618486363769964687e-01 -7.593949305498449709e-01 4.160847119961920271e+01
1.899591236437253253e-176 -4.100408136584252929e+02 2.978307305880989464e-01 3.696541059054364586e-02 7.263541324381308506e-01 9.160607036239686307e-01 6.464059422718617665e-01 8.625873158731363066e-01 -7.289194547236784727e-01 9.294636257796847190e+01
1.899591236437253253e-176 -4.100408136584252929e+02 2.632664076435975997e-01 6.612498965316482291e-02 7.446818213191058744e-01 1.045169813788512814e+00 8.566104198911144163e-01 4.573521546233147994e-01 -9.327482058879401627e-01 5.807600941641233305e+00
1.899591236437253253e-176 -4.100408136584252929e+02 4.241577277770067766e-01 4.347825438316325897e-02 8.153697641337211977e-01 1.155254296169410333e+00 8.737679111215046479e-01 7.646783632935083563e-01 -1.019377502649484679e+00 6.714181605434849587e+01
1.899591236437253253e-176 -4.100408136584252929e+02 4.474014039903305706e-01 3.276566183496875534e-02 6.579127871472343347e-01 1.075449478920822211e+00 7.844068114665362357e-01 3.378671478762496072e-01 -9.373919566935593473e-01 6.962330081320146746e+01
1.899591236437253253e-176 -4.100408136584252929e+02 1.946901137236653756e-01 6.961827905976114561e-02 8.335347060486599791e-01 8.220668881180950294e-01 6.378249334709933382e-01 5.435407503138725005e-01 -8.055483986314939671e-01 4.908648539300269675e+01
1.899591236437253253e-176 -4.100408136584252929e+02 4.843261311615607578e-01 6.317833635757119648e-02 5.613956221782891998e-01 9.356529983527408501e-01 9.751609526003279793e-01 2.344167283159520609e-01 -8.606325507755869797e-01 7.308211596702744828e+01
1.899591236437253253e-176 -4.100408136584252929e+02 1.249328909274485255e-01 6.804166446260691281e-02 7.980763676546585028e-01 1.068264665192161011e+00 8.108784906363829537e-01 6.368079829277150106e-01 -1.065082774181133063e+00 7.290594243972083177e+01
1.899591236437253253e-176 -4.100408136584252929e+02 1.943673633365574638e-01 3.344409833000042132e-02 7.288698030783407056e-01 1.131899471460334983e+00 6.424440501452236552e-01 1.601566759977401944e-02 -1.187136736993664510e+00 7.550581957713964343e+00
1.899591236437253253e-176 -4.100408136584252929e+02 3.382846557448497826e-01 3.262809735963784902e-02 8.756083637975929923e-01 1.165842465022566277e+00 7.454321531704529713e-01 6.479754837954784241e-01 -1.242721102552996948e+00 7.270147314549495832e+01
1.899591236437253253e-176 -4.100408136584252929e+02 4.910001172103227729e-01 4.707462702152785672e-02 7.496954260478411181e-01 8.276524924867557642e-01 8.637842286086612198e-01 6.365933992977056421e-01 -9.249844081669242879e-01 6.114232760744778972e+01
1.899591236437253253e-176 -4.100408136584252929e+02 1.735009515628507248e-01 4.925649536456236377e-02 6.882629062830465383e-01 8.018781359709071799e-01 9.849561770824102336e-01 6.667271615604636326e-01 -1.047395793146328913e+00 5.839682059503154221e+01
1.899591236437253253e-176 -4.100408136584252929e+02 4.723448390363306215e-01 5.685509429558208150e-02 7.226143526960170371e-01 1.078522278762498177e+00 9.465755640888068312e-01 3.070042332191258438e-02 -1.224726154273344525e+00 6.543507526507028160e+01
1.899591236437253253e-176 -4.100408136584252929e+02 1.693420750381262052e-01 4.250526099357215815e-02 6.246354767991844081e-01 8.374072515914866566e-01 9.532827936502665800e-01 6.933365858226252509e-01 -1.193235502762893363e+00 5.790870825597315985e+01
1.899591236437253253e-176 -4.100408136584252929e+02 2.289926808772997091e-01 6.485364139501960390e-02 5.429176125415930976e-01 9.358642349510762903e-01 8.296407766498560266e-01 1.907855549034593867e-01 -1.204389992091686512e+00 9.648684607825607884e+01
1.899591236437253253e-176 -4.100408136584252929e+02 4.121105720421543994e-01 6.756272676121652387e-02 5.162568451700874084e-01 1.173390027049047823e+00 6.918574208400152248e-01 7.208818934974768888e-01 -1.115768314056285959e+00 2.958702837096093319e+01
1.899591236437253253e-176 -4.100408136584252929e+02 3.405199334333735006e-01 3.369829446051113286e-02 5.413190099504309183e-01 8.673164914606262821e-01 8.170583261868851199e-01 2.227233788904808831e-01 -7.118830198722824187e-01 4.010189264699728540e+01
1.899591236437253253e-176 -4.100408136584252929e+02 3.231069779817679621e-01 4.085959696639580169e-02 5.341668621929058780e-01 1.105904892532121320e+00 9.778312544903947634e-01 4.986782578965307522e-01 -8.517274855514702647e-01 6.937409092631145313e+01
1.899591236437253253e-176 -4.100408136584252929e+02 3.762320468222039027e-01 4.853667543661178974e-02 8.259566143361596335e-01 9.950079923381008884e-01 9.405785121558150053e-01 9.710902716463100104e-01 -7.390088031938835123e-01 3.553228672161756752e+00
1.899591236437253253e-176 -4.100408136584252929e+02 2.054365932150582497e-01 5.572317572423015480e-02 6.245192635914363910e-01 9.103691702716010248e-01 9.933201034057043133e-01 8.314991013220807137e-01 -8.610926051282861149e-01 6.927546112819582902e+01
1.899591236437253253e-176 -4.100408136584252929e+02 1.141439282738363481e-01 6.679797616437466168e-02 8.479439855130133097e-01 8.998101230856946353e-01 7.181260846815609167e-01 7.872842239067664449e-01 -8.351374690151183167e-01 5.296183585393039550e+01
1.899591236437253253e-176 -4.100408136584252929e+02 1.133736554039710964e-01 4.903332011202737178e-02 8.631484225204039129e-01 1.082908408232591047e+00 9.104404533801376820e-01 8.152205027695590411e-01 -1.202825542229399636e+00 5.160909179853581463e+01
1.899591236437253253e-176 -4.100408136584252929e+02 3.155076814327283374e-01 4.932280418182403980e-02 8.390101569663283021e-01 1.028111929647750111e+00 7.413962491323986548e-01 7.734213511977816591e-01 -9.361751421204331791e-01 3.486039415311872602e+01
1.899591236437253253e-176 -4.100408136584252929e+02 1.361141566736436825e-01 6.536236113273935500e-02 5.062973306342124502e-01 8.715306069534884958e-01 9.679367973900186994e-01 3.204937625609759477e-01 -1.242293844180820894e+00 7.442817782197805343e+01
1.899591236437253253e-176 -4.100408136584252929e+02 3.491944436957508113e-01 3.734485925595192046e-02 5.214029485170498246e-01 8.654705031966545281e-01 6.508686385010331588e-01 8.904595436197381142e-01 -7.068157846368083863e-01 7.945040337868136682e-01
1.899591236437253253e-176 -4.100408136584252929e+02 1.195382160783128589e-01 5.341790432559967439e-02 6.094099492507011329e-01 1.173003930161421460e+00 6.687213824270931140e-01 8.104236752126443566e-01 -8.469110020298455943e-01 9.673307148510657782e+01
1.899591236437253253e-176 -4.100408136584252929e+02 2.800111114022925118e-01 5.874483685095444052e-02 6.251003379655132308e-01 8.491890598324564055e-01 6.764786458727799490e-01 7.822973716498304864e-02 -1.273350452015332923e+00 6.103005192253675659e+01
1.899591236437253253e-176 -4.100408136584252929e+02 1.460865625145482127e-01 5.430360562574758354e-02 5.636048901242263209e-01 1.075852090798662619e+00 9.414506386519584380e-01 6.456346288634536856e-01 -8.707329971183692674e-01 2.270358629676150208e+00
1.899591236437253253e-176 -4.100408136584252929e+02 1.833293176043690187e-01 6.310613218738687913e-02 7.605486293764512906e-01 9.035283976720055454e-01 7.305758225956519025e-01 1.594112151610616035e-02 -7.609033339268873597e-01 8.913361524723681839e+01
1.899591236437253253e-176 -4.100408136584252929e+02 1.234946552250972829e-01 3.009013116223050593e-02 7.154436325658309892e-01 9.892975231490588328e-01 9.304528547338893896e-01 3.738030036295829639e-01 -1.012807370532043949e+00 6.343988016241546291e+01
1.899591236437253253e-176 -4.100408136584252929e+02 3.611586898465863893e-01 5.647029097929347208e-02 5.207815448680703785e-01 9.496925795038689833e-01 8.544347745884481871e-01 6.320187092340728841e-01 -7.184206433134059377e-01 5.434392082434581539e+01
1.899591236437253253e-176 -4.100408136584252929e+02 4.735644479734103518e-01 5.772809872663671460e-02 7.728754443608184532e-01 9.430685031524330686e-01 7.006960692381083433e-01 8.977110676961519431e-02 -1.135118052105676290e+00 3.727895109982495114e+01
1.899591236437253253e-176 -4.100408136584252929e+02 1.346163827374135813e-01 6.348179304830424419e-02 7.466433454101857325e-01 1.001206198838871630e+00 9.876514751408881354e-01 3.801827669319197689e-01 -7.922470435588564452e-01 8.834110927293546922e+01
1.899591236437253253e-176 -4.100408136584252929e+02 4.681676310441617028e-01 4.090540416157181780e-02 7.776773176814677502e-01 8.459285726123685345e-01 7.256222452052765171e-01 9.542806448037073341e-01 -9.626765021212813078e-01 9.814959711524575425e+01
1.899591236437253253e-176 -4.100408136584252929e+02 1.312783028045253764e-01 4.009120623723930882e-02 7.539362748942383119e-01 1.099959090426114505e+00 8.068940126906058996e-01 5.878941983885166422e-03 -7.555878141810821180e-01 8.363371954614493120e+01
1.899591236437253253e-176 -4.100408136584252929e+02 4.990386688292592909e-01 4.039221449881531811e-02 6.077621449250578678e-01 9.893305766591531381e-01 6.166912486500502055e-01 9.146141409048713644e-02 -7.199736731330652617e-01 8.200315700200599167e+01
1.899591236437253253e-176 -4.100408136584252929e+02 1.747654912094114832e-01 6.510719656598196181e-02 7.848030736022068021e-01 1.185624375732566849e+00 6.825749576544142272e-01 7.440821955935910115e-01 -1.001497471462591049e+00 9.392318357701276454e+01
1.899591236437253253e-176 -4.100408136584252929e+02 3.884343105905855298e-01 6.793606474160104880e-02 8.818560502399053203e-01 9.598951199730605399e-01 8.033510007648360096e-01 9.200510315190760791e-01 -1.062051843468908796e+00 7.058911886872955677e+01
1.899591236437253253e-176 -4.100408136584252929e+02 3.575394097837069074e-01 5.084927584590441529e-02 7.219718772533456619e-01 8.687122064782445419e-01 8.980640349019883839e-01 4.919086775997748573e-01 -1.141169459110043416e+00 7.427381714385545308e+01
1.899591236437253253e-176 -4.100408136584252929e+02 3.588317003072915012e-01 6.235786494103930794e-02 6.561646901515914010e-01 1.186836734719785902e+00 6.829426596873572342e-01 2.549228696884171530e-01 -1.018692184483193763e+00 5.483591077708168626e+01
1.899591236437253253e-176 -4.100408136584252929e+02 2.240510622185020451e-01 6.994814324141662709e-02 6.058824981815403854e-01 1.185511629687362678e+00 8.138587296989914233e-01 9.890107769581636399e-01 -7.989685135742872202e-01 6.426256300330679849e+00
1.899591236437253253e-176 -4.100408136584252929e+02 1.548090928880391515e-01 3.996066971386803834e-02 8.417779101148850085e-01 1.065007719753637838e+00 6.960374636012066629e-01 1.921345170546967518e-01 -9.916567575649262167e-01 9.137591703549192346e+01
1.899591236437253253e-176 -4.100408136584252929e+02 3.568484534211134873e-01 4.648506171198572845e-02 5.670507392359914745e-01 8.773567612984296549e-01 6.248698465904606314e-01 3.997432454492617637e-01 -1.154302215772959217e+00 6.915413320778780815e+01
1.899591236437253253e-176 -4.100408136584252929e+02 4.531607019217331889e-01 4.585387508530243406e-02 7.548209029622768851e-01 1.171995478754508158e+00 9.820103322062627704e-01 4.762782441758206531e-03 -1.297001799981671866e+00 6.477196844811015808e+01
1.899591236437253253e-176 -4.100408136584252929e+02 4.003859330797446825e-01 3.370203325840072373e-02 7.878300876992305746e-01 8.448812440530059087e-01 9.245389964954380257e-01 9.185469653399221945e-01 -1.118040666055185595e+00 8.351074379688265026e+01
1.899591236437253253e-176 -4.100408136584252929e+02 1.217733029029365588e-01 6.811644029766020236e-02 5.261573571314511755e-01 1.186300294822326018e+00 8.920592439923704653e-01 8.005919637145879619e-01 -7.877919677334049853e-01 9.595241193463959917e+01
1.899591236437253253e-176 -4.100408136584252929e+02 3.297408330843724089e-01 5.362496360129212492e-02 7.024515097535305452e-01 1.018538776411857860e+00 7.157196519056467920e-01 5.934066295838227312e-01 -7.993541560510006860e-01 4.862897900101997806e+01
1.899591236437253253e-176 -4.100408136584252929e+02 1.238086487042910078e-01 4.347393387608756293e-02 7.183347641235288128e-01 1.095684770921665496e+00 6.243374488453151683e-01 3.595157855831412341e-01 -7.448558935970399641e-01 3.197769687843843300e+00
1.899591236437253253e-176 -4.100408136584252929e+02 4.606495231864393691e-01 5.842833337050165610e-02 5.014009330181998791e-01 1.133982442122358769e+00 9.012244315928811256e-01 1.550058859053666804e-01 -1.250136797363089913e+00 9.842297099183859643e+01
1.899591236437253253e-176 -4.100408136584252929e+02 2.714022781134343143e-01 3.111224107914840886e-02 7.648939436974213635e-01 1.018972898430941409e+00 8.844194621558469915e-01 6.181333771935459964e-02 -1.087700559510621723e+00 6.206025360896827436e+01
1.899591236437253253e-176 -4.100408136584252929e+02 2.281695756874747849e-01 3.031384685184140490e-02 5.393059024966286863e-01 9.661431486312231920e-01 7.339222845527298977e-01 5.756710919970265961e-01 -8.813568601497676624e-01 4.312095750516522230e+01
1.899591236437253253e-176 -4.100408136584252929e+02 3.061241729516217536e-01 6.129675796787185937e-02 6.678555562265573453e-01 1.141588074248782725e+00 9.663279113287123190e-01 3.121349848372190205e-01 -9.893488158411282152e-01 4.620027663709925037e+01
1.899591236437253253e-176 -4.100408136584252929e+02 4.528070642315028538e-01 6.052884224735863294e-02 5.128220825431450969e-01 8.594839848137231231e-01 9.099649524106044884e-01 7.799472429504652471e-01 -7.287227634717825531e-01 5.195759696000240524e+01
1.899591236437253253e-176 -4.100408136584252929e+02 3.075951791728437357e-01 5.263078235605442301e-02 5.340516039017397798e-01 1.128355451752283578e+00 6.248484328081068684e-01 2.083743916142036801e-01 -1.085587707952758940e+00 6.469104205635662197e+01
1.899591236437253253e-176 -4.100408136584252929e+02 1.934880962903818280e-01 4.738761354546655591e-02 5.313887302493145448e-01 9.629478859686247949e-01 9.124502411276345093e-01 3.957061185184429508e-02 -1.203979369283481926e+00 9.456404458396636414e+01
1.899591236437253253e-176 -4.100408136584252929e+02 3.343945971968884656e-01 4.074032094306408863e-02 7.636083080662532385e-01 8.057863904469393379e-01 7.415416987541438854e-01 1.023119063505593118e-01 -1.074732138337245013e+00 3.046285995497160926e+01
1.899591236437253253e-176 -4.100408136584252929e+02 4.242546044658653814e-01 6.389728133111655106e-02 5.756395146197990087e-01 1.192800623318602815e+00 6.696535075408834858e-01 4.556372115401189360e-01 -8.993340174940511744e-01 4.702339382316325356e+01
1.899591236437253253e-176 -4.100408136584252929e+02 3.096804985278304168e-01 5.860278455263197989e-02 6.804870938966178784e-01 9.889733855909210725e-01 9.863484323696676270e-01 7.874203683015529309e-01 -1.251286844046636926e+00 8.792094311838049236e+01
1.899591236437253253e-176 -4.100408136584252929e+02 2.763483184357609090e-01 3.009833864748584498e-02 8.967546402233381730e-01 1.022046646963473915e+00 7.370159569967953406e-01 2.750876237608224084e-01 -9.205363532138653992e-01 9.784006504980715135e+01
1.899591236437253253e-176 -4.100408136584252929e+02 1.999862670250452945e-01 3.848763512176509721e-02 8.078797474341443685e-01 9.375169694084214411e-01 7.982006636435403646e-01 5.746781716671511830e-01 -1.099224443997243172e+00 5.111249051619142136e+01
1.899591236437253253e-176 -4.100408136584252929e+02 4.816915864509709877e-01 5.204135314529737683e-02 5.330801274824401581e-01 9.978194478762690833e-01 7.786061896683388328e-01 1.026367238326043596e-01 -8.452386994588072522e-01 4.716858658661078607e+01
1.899591236437253253e-176 -4.100408136584252929e+02 3.576094560048252990e-01 6.633239589089073851e-02 7.436244793256010510e-01 1.039794163005330674e+00 7.319187198095197244e-01 6.382789967845180490e-01 -1.145956309151460628e+00 5.259713548096668490e+01
1.899591236437253253e-176 -4.100408136584252929e+02 2.566986000516967570e-01 3.138154908801388948e-02 7.376178168115089528e-01 1.120335807649484261e+00 9.007180673486108180e-01 3.080522250606909651e-01 -8.021971244952034175e-01 2.938200135290922788e+01
1.899591236437253253e-176 -4.100408136584252929e+02 1.124502078726814513e-01 6.391765874947541448e-02 6.556648060504234321e-01 8.449730964468843419e-01 9.453716154157899565e-01 5.876367924128267362e-03 -1.030930089627461133e+00 7.637296146034364597e+01
1.899591236437253253e-176 -4.100408136584252929e+02 1.819418197863617859e-01 6.919985037299608566e-02 7.880731563633989190e-01 1.074800789278938629e+00 9.551254927310026677e-01 5.704813655234038938e-01 -9.413950821250406387e-01 3.471817152500068460e+01
1.899591236437253253e-176 -4.100408136584252929e+02 2.118717803165765801e-01 3.097966468984358207e-02 6.640770733639552725e-01 1.126518603206787539e+00 7.013288616256385666e-01 2.825424011071520081e-02 -7.586328433643164670e-01 3.668494433452755032e+01
1.899591236437253253e-176 -4.100408136584252929e+02 1.499022721251712653e-01 6.991085896187154702e-02 8.823468815656057007e-01 8.208334019526832837e-01 7.742135182156335560e-01 8.020676446918684199e-02 -7.781569682503822749e-01 9.990557174911947413e+01
1.899591236437253253e-176 -4.100408136584252929e+02 1.153449979896824795e-01 3.290988148835775895e-02 7.149076145598070031e-01 9.453286091630399568e-01 8.286076025479605089e-01 4.057596444801429003e-01 -7.023834820216134922e-01 8.414363204236882154e+01
1.899591236437253253e-176 -4.100408136584252929e+02 3.226121597678653918e-01 6.590288544527882209e-02 8.130836184969986169e-01 1.015466573238206660e+00 6.720153204733051444e-01 4.274664146263278397e-01 -1.272749768139864068e+00 8.466695552298152450e+01
1.872710831004285765e-176 -4.100408136584252929e+02 2.160943119774589860e-01 6.913690217248577574e-02 8.357151037645021985e-01 1.127107657498349624e+00 9.600449609126645578e-01 4.791984833337091798e-01 -1.125997737475941118e+00 5.869353136170640539e+01
1.819963955395207707e-176 -4.100408125570870084e+02 4.563117480714246055e-01 3.654302274873529044e-02 5.495229871827465029e-01 9.691299957911541085e-01 7.015484763910918575e-01 1.932782251232806336e-01 -1.253010662747020554e+00 7.567757441837896337e+00
1.768763771626785611e-176 -4.100407769562224303e+02 4.642810001531777475e-01 4.309401464188605813e-02 7.033305196710861740e-01 9.492951907667630529e-01 6.431698744529291689e-01 1.833369558874045069e-01 -9.475997142608159063e-01 7.864548346287170588e+00
1.718943463056992682e-176 -4.100407765596864351e+02 1.675241351947189816e-01 5.099669739694219495e-02 6.415169818950288150e-01 1.074488354716404137e+00 8.249720282157583240e-01 4.878717803938392716e-01 -1.231793654651759828e+00 7.987840831806991559e+00
1.670530605543681939e-176 -4.100407736637030780e+02 2.767669144521704983e-01 5.520517365550170474e-02 6.282083895799861484e-01 1.037774689401677941e+00 8.438688644193426125e-01 6.448520491099807295e-02 -1.147051060862602556e+00 7.106802176319093611e+00
1.623631873755973274e-176 -4.100406780016436983e+02 4.543231607726444521e-01 6.912816392108077357e-02 5.127680780151129269e-01 1.097477038662055815e+00 7.754496064721477788e-01 1.360139175110065546e-01 -1.140063052520582154e+00 6.692018867789650827e+00
1.578059377018657600e-176 -4.100405762606567919e+02 1.336537035212714553e-01 4.108662557666063753e-02 8.265804593587902094e-01 1.144806992808820922e+00 9.093657594608504091e-01 5.142761827790830464e-01 -7.509051383347729036e-01 6.525957538848581763e+00
1.533828404519463470e-176 -4.100404338465955902e+02 1.497953005657415848e-01 6.490978918040975210e-02 5.353286077646388641e-01 1.194132703391269645e+00 7.661960265853017260e-01 3.816866460569943165e-01 -1.169462749675233448e+00 8.717268789136412011e+00
1.492115860676909594e-176 -4.100394340998759048e+02 4.107192802806398646e-01 4.351826354019513315e-02 8.142682252469992665e-01 1.195029954103431935e+00 8.657279417700646240e-01 6.236301770067917971e-01 -9.917388085390117514e-01 5.045956381349425257e+00
1.450424258984691781e-176 -4.100392017186413227e+02 2.293306986415350746e-01 4.928478902948744966e-02 5.740567394304227911e-01 8.117857291079131343e-01 8.575212973943043826e-01 4.512804073526711646e-01 -1.260759986984144820e+00 9.429668544364522731e+00
1.412296309170991581e-176 -4.100372694283656756e+02 2.146624499678203846e-01 6.010605928812440268e-02 7.339513449189707384e-01 1.145501868039450200e+00 9.757380168824236755e-01 9.181045252206864182e-01 -9.402823963515121175e-01 6.151229216124798782e+00
1.374031231643251596e-176 -4.100361660435419822e+02 2.326532698484219397e-01 4.018424891735943028e-02 7.265274389475557815e-01 9.603068381700314848e-01 9.886269736405715047e-01 3.534203437222548372e-01 -1.270811682047981783e+00 7.117217367565931596e+00
1.371206027420898126e-176 -4.100096528743872000e+02 4.218949579571960040e-01 3.784178784794621497e-02 5.289946496032040812e-01 1.056526842724971660e+00 9.457187626131906555e-01 7.752398831601773344e-01 -1.276023063770128418e+00 6.511953219659294412e+00
1.461831502803628716e-176 -4.099170820068691796e+02 2.902723023601964103e-01 6.214782545420160370e-02 8.471776485414312940e-01 1.013800638050420311e+00 8.893272533416127779e-01 6.307812421293664817e-01 -9.884194823771255134e-01 7.676154525204093027e+00
1.659111478590251199e-176 -4.097619184766154490e+02 2.582141565942710493e-01 6.061615030836283585e-02 6.924142288298943404e-01 1.069383560225291019e+00 6.069861305164488963e-01 8.687251932979210833e-01 -1.188151448354481499e+00 1.122975002904016506e+01
1.632307726554039736e-176 -4.097496344565470849e+02 2.409111844743652697e-01 4.750845975749683203e-02 6.848566229131496375e-01 8.523068170693475221e-01 8.081730567152175526e-01 9.193658637081306706e-01 -1.279017727336604127e+00 1.051398501750120396e+01
1.926480811120719876e-176 -4.095553629001333320e+02 2.651089604306217096e-01 3.289025028864154404e-02 7.457552951967134636e-01 8.092681071852478869e-01 8.198841024986296411e-01 8.571529002475914982e-01 -8.803049368380637674e-01 1.013842250735695849e+01
1.982871091516955406e-176 -4.094979405554835239e+02 3.325389869810703170e-01 3.540893886465904666e-02 8.408841078873210417e-01 8.850903955066558026e-01 7.003256282772211128e-01 6.295417504502713868e-01 -1.183073606721373849e+00 1.038445541530812477e+01
2.203999462924641518e-176 -4.093636413199288882e+02 2.515490757224496665e-01 4.466382120990623761e-02 8.743390634951172524e-01 8.350930994181626765e-01 9.719438369661609345e-01 5.153477095797006635e-01 -9.171310761082175356e-01 8.462540147171305094e+00
5.829200623267679112e-176 -4.083624636623669062e+02 1.524315698196932467e-01 3.336747306136610136e-02 7.386661206268514412e-01 1.191721765495354468e+00 9.714850823868718122e-01 9.343462727012986635e-01 -1.214683307970589654e+00 8.095125600031638058e+00
1.282724170058774723e-175 -4.075452009431431293e+02 3.223758328949475338e-01 4.688367897855667821e-02 6.733454998559894600e-01 1.172875778726744533e+00 8.577947639979592864e-01 9.494675518122296376e-01 -8.506153499418576125e-01 7.994700332417381539e+00
1.668527305830721077e-175 -4.072536742042573223e+02 2.098212886919882392e-01 5.312656154545021547e-02 5.778765945143924387e-01 1.190167735279531902e+00 8.326920614596426962e-01 5.575973379765210014e-01 -7.832738053661700839e-01 9.318795929832447200e+00
2.464046820313668396e-175 -4.068352391130162005e+02 4.358522193363661978e-01 6.549063522751430444e-02 7.502502798878647461e-01 8.074273887185539067e-01 8.889676378140869417e-01 4.606046865701955983e-01 -8.155889944925218682e-01 8.767669006161483480e+00
1.238692259372199865e-168 -3.913763208871625352e+02 2.701715931847673002e-01 5.453179407507782739e-02 5.814093327079241647e-01 9.355381035639880327e-01 8.073282028091578466e-01 6.120565582295161011e-01 -7.563431848669530666e-01 1.110070843073673785e+01
2.580203519435916490e-168 -3.906139373728317992e+02 4.090231460789575113e-01 6.736768823053301825e-02 6.380140279329733488e-01 1.140083646632065850e+00 8.437896747020553478e-01 3.272177236647514365e-01 -8.431608748414105570e-01 8.582265703544811331e+00
8.633536298792266711e-166 -3.847724098483232638e+02 1.569620968693016538e-01 3.001519182770906458e-02 5.655943998695305286e-01 1.014767076093933795e+00 8.336729402507584430e-01 4.485822574432030141e-02 -1.097787540968615971e+00 1.168965170537187248e+01
1.974411835312525627e-163 -3.793114667809480238e+02 2.959588636311372145e-01 6.105742247825887703e-02 8.597448527168543020e-01 9.266001830132625239e-01 6.674660355296337944e-01 5.606078757829355830e-01 -1.112083462435800918e+00 1.211288873977399660e+01
6.993025330147979839e-163 -3.780182526305420083e+02 2.792952606472431931e-01 6.727407117776162959e-02 7.047590864728441318e-01 1.019610091683973652e+00 6.676885997336966527e-01 3.063983484482994957e-01 -7.806357934849430524e-01 1.199565774669345508e+01
8.567211504313570126e-156 -3.616685565210062236e+02 1.106912536078439313e-01 3.793369939423926057e-02 5.680074445477880651e-01 1.109272417086077489e+00 6.287250389558413088e-01 6.051983879621364304e-01 -9.126717760560623116e-01 1.432283989070487529e+01
1.545487586209166699e-148 -3.449319071990772727e+02 3.794254589912294806e-01 4.483299783375148395e-02 8.856825829382277693e-01 1.025018467832032876e+00 8.816792952259739913e-01 7.245063842139517485e-01 -7.503953929150944946e-01 1.383583916369988032e+01
3.101821106784161243e-146 -3.396015156420498897e+02 1.113046229634448159e-01 6.341220414555545637e-02 6.769627765625687577e-01 1.075666970970156733e+00 7.666884102381829047e-01 3.880598957528802462e-02 -1.208617709987311439e+00 1.305151853531719652e+01
1.561276676034029287e-133 -3.103258235287223670e+02 1.960194094825220279e-01 4.470225916691945856e-02 8.655202213532144917e-01 8.940012745530162563e-01 9.412444317271777550e-01 6.387774346224559530e-01 -1.119627270895505955e+00 1.087791269511579983e+01
1.109914419050386254e-128 -2.991255475914259137e+02 3.033890185566822106e-01 5.526926687526088899e-02 7.391586610994714812e-01 9.860558220664752405e-01 7.184122620162567419e-01 1.926426644013049527e-01 -1.209123122688990470e+00 1.635698413122667105e+01
1.624834218574146905e-123 -2.872029278190431683e+02 4.137313691999754406e-01 5.496937641697054178e-02 8.041149042690752813e-01 9.244759216122602208e-01 9.996251208508184494e-01 4.290393917475853192e-01 -1.040256001148806231e+00 1.373294719167354927e+01
6.534472048921941129e-110 -2.558490644172041470e+02 2.111834833030108438e-01 6.651131233533889853e-02 5.663576996259800378e-01 9.448870935158418805e-01 8.055887441718796449e-01 9.623778234266199272e-01 -9.825624322569306290e-01 1.386017670422345915e+01
1.350569036766362256e-106 -2.481867181598836112e+02 2.585092546151789294e-01 5.495829761444307598e-02 6.064146039680536893e-01 1.130123291247268291e+00 9.894913080267496719e-01 1.362623459398020209e-01 -1.216343139072639579e+00 1.318552823538605701e+01
5.201247204407291828e-101 -2.352968488348681717e+02 2.988492219542653316e-01 6.727705122684596306e-02 5.013812528046135419e-01 1.101471754126023495e+00 6.647084155079800993e-01 3.483862638245759369e-01 -9.155669141552490453e-01 1.543269001769730409e+01
7.375265835951850489e-98 -2.279564873959149622e+02 4.988155193710251956e-01 4.663608481968044284e-02 8.853351790746282202e-01 9.332546729863712143e-01 6.759151399482438149e-01 6.829211041786213965e-01 -1.074950453301871001e+00 1.548502542625389466e+01
1.121883833046955292e-95 -2.229048277709032959e+02 2.941176096756277225e-01 5.264669362621064719e-02 5.426075683501603297e-01 8.758938159941908053e-01 8.379263909880347860e-01 9.251786359979730090e-01 -8.056974395573041070e-01 1.224584202050128567e+01
7.145851454192386750e-94 -2.187236929448952765e+02 4.672415457175589371e-01 5.793496663592481027e-02 8.834716730304053023e-01 1.047570171450934673e+00 7.911785326963768350e-01 4.331704617313766326e-01 -9.298509037701938595e-01 1.134030180249678921e+01
1.245973816317340465e-87 -2.043251848330754967e+02 1.815072325121470098e-01 6.682811029836477346e-02 7.315634268167019449e-01 8.163601623128954321e-01 9.071198579544290652e-01 7.478225337447658161e-01 -1.226449149597233612e+00 1.427752699653985857e+01
7.514286112395058405e-85 -1.978960990023446129e+02 3.525006370307087744e-01 5.572743341266706008e-02 8.308882975356636225e-01 1.142678903561840320e+00 7.600108741134001811e-01 3.061351368892254454e-01 -8.951103273315066389e-01 1.459230419327450790e+01
3.000959733401205972e-84 -1.964843607573510553e+02 3.620027987553672277e-01 6.179620186652045460e-02 8.034325238615618314e-01 1.131762699019623009e+00 7.640957955122975598e-01 1.732192544585819949e-02 -1.244055146199505524e+00 1.072955395120305155e+01
1.395908233007184415e-83 -1.949201355194598761e+02 3.681345372152867723e-01 4.154611491703946724e-02 5.905467663479305740e-01 1.047530621901574754e+00 6.506732505290656610e-01 7.873853086781033017e-01 -8.468190271704043592e-01 1.255597829525156861e+01
3.611132667787267968e-82 -1.916400471844273454e+02 4.418141254129058781e-01 3.493969605954527768e-02 7.714013550990943546e-01 1.113367212699750919e+00 6.945824855843447665e-01 7.520430234072181808e-01 -1.239774576765080738e+00 1.225438061010751767e+01
1.203947035889174972e-80 -1.881062660971412015e+02 2.719544408342787212e-01 6.998351582545397909e-02 7.960475016681225480e-01 8.524678498525400938e-01 8.926502687584680906e-01 9.157956686936250534e-01 -1.006001622732033418e+00 1.172232518282464397e+01
2.609474240685170180e-79 -1.850031105722216296e+02 1.777850640134717164e-01 6.312135645766805969e-02 6.501844360893445085e-01 9.397616411203473241e-01 9.976205712710447537e-01 5.736185868013251588e-01 -1.204267873942183265e+00 1.447714252532629153e+01
2.489375016772375956e-77 -1.804180304382074098e+02 2.138480506089287803e-01 5.945545532054192367e-02 7.561819958852010748e-01 1.179757235083093381e+00 8.373585083286338993e-01 6.467933188415347923e-01 -1.226237393869627601e+00 1.211852400668608176e+01
1.293491750099860230e-76 -1.787431046552209750e+02 2.816298088546408396e-01 4.899177436277971087e-02 8.943240439956171572e-01 8.953910627447071446e-01 7.794373261139161402e-01 4.124971901265418461e-01 -8.871388836789855237e-01 1.345402124029548929e+01
3.010818240343491577e-76 -1.778712110903861969e+02 2.209877640220955231e-01 5.088534877848150534e-02 5.790391189682101425e-01 1.168388709044459350e+00 6.471037334461978707e-01 6.048154833427330512e-01 -9.668189511502673916e-01 1.369899745543238190e+01
3.379365865548638168e-70 -1.639131973097091191e+02 3.970450596783273722e-01 3.650187933816237407e-02 7.858594667307445825e-01 1.195426910743917270e+00 9.351412130526582933e-01 7.899210726607395205e-01 -1.150154597565135051e+00 8.471262532610701612e+00
1.902142445451471178e-68 -1.598557073210692749e+02 3.041451614083303667e-01 3.201543906246491489e-02 5.404798082465245290e-01 1.000054135859589355e+00 8.171194604196270195e-01 5.337344510097186134e-02 -1.267323109039839801e+00 1.205328684295215957e+01
1.453744923269673196e-66 -1.554923480291463704e+02 3.582979625948247149e-01 6.539419738588249376e-02 6.043802558973432326e-01 1.105505794276382181e+00 9.278129410899363938e-01 2.587623278986682651e-01 -9.561471825264283853e-01 9.883116161379767561e+00
2.659994469402823452e-65 -1.525585547981884815e+02 3.893045181927862197e-01 4.655470952249875921e-02 5.139326522835410138e-01 1.192484603225703044e+00 7.552832647477005779e-01 1.075123340314515508e-01 -9.580785638129882820e-01 1.221645737914223062e+01
1.025071637768217951e-64 -1.511825042211332857e+02 4.039462514855429731e-01 3.598373875539342265e-02 5.584318064427441497e-01 9.715025400130057331e-01 7.922334775323522926e-01 8.330027478239486749e-01 -1.149712423817412787e+00 1.159543919838804626e+01
6.963497848612127789e-64 -1.492395577822011035e+02 1.064676233829101037e-01 3.128915014184524557e-02 7.559039967890966993e-01 1.125199299368589756e+00 8.164440499541748553e-01 8.014076773496101591e-01 -1.277420206909484879e+00 1.297656520386866141e+01
4.036973622880788331e-62 -1.451525471737371618e+02 3.486938762440180417e-01 6.995135090391357835e-02 5.638797405737456803e-01 1.120274812598885061e+00 7.910768591703614128e-01 7.956496473629219857e-01 -1.053938567069432564e+00 1.243242825519056360e+01
2.162802085587820750e-61 -1.434470257188986295e+02 3.196785626147005122e-01 4.522090699431803584e-02 8.777613276438835932e-01 8.016279902275417202e-01 8.703522456561962883e-01 2.239603564498140464e-01 -9.634407701356950682e-01 1.399053637872130729e+01
1.185791804095506474e-59 -1.394158224081503761e+02 3.775984657288317115e-01 4.429625072601806046e-02 5.672817367864458893e-01 9.328098058937734915e-01 9.998302002655435894e-01 7.374874843545110581e-01 -1.075860682737451057e+00 1.008127398052781665e+01
4.564326849257429458e-51 -1.196202543336447803e+02 2.833053887413959915e-01 3.848552023683432521e-02 8.126761852029191768e-01 8.991506891107645671e-01 6.976996337514034252e-01 8.072876480471407046e-01 -7.212374141789927862e-01 1.459357872908408993e+01
1.531850596621903693e-48 -1.137772665269445298e+02 1.084720213002002692e-01 5.488721062442278309e-02 8.712287816471024904e-01 1.135225647870002241e+00 9.116989200466198984e-01 4.691662327452928993e-01 -1.255367657458858810e+00 1.199063151450412334e+01
1.478363236407725218e-46 -1.091806103042573426e+02 3.448182630811281180e-01 3.998624331080929267e-02 8.109606516881118221e-01 1.058423165876952954e+00 6.102204888959164020e-01 4.843401937426732307e-01 -1.292845255374805991e+00 1.478706456856657780e+01
3.102069893681731182e-46 -1.084124492353651590e+02 3.915275186006288433e-01 5.859148795469693721e-02 5.530684286576568187e-01 9.133789626704407194e-01 9.570773235549624447e-01 8.658115900350245031e-01 -1.151792860140009811e+00 1.089670043730152038e+01
8.252664819212659741e-46 -1.074069556480709053e+02 1.720720916128856137e-01 5.839077825032006064e-02 5.422749951489995723e-01 9.768267916542576756e-01 9.749068851421461845e-01 5.858726292018151538e-01 -8.423222637035263638e-01 1.403984706961605156e+01
2.385580138376387797e-45 -1.063184373452664602e+02 3.100955331498125300e-01 4.713044409585737810e-02 6.033802362672175956e-01 8.054503261196589436e-01 9.397315236713982278e-01 3.277175009683916951e-01 -7.872096835771111856e-01 1.375937372284942128e+01
3.976854382403371855e-45 -1.057803615069826435e+02 2.913810192035233282e-01 6.336464684929421498e-02 7.970983443776484823e-01 1.125194537536696737e+00 8.539430472098612501e-01 3.867535886573129078e-01 -8.405021643233014927e-01 1.088993331574565815e+01
1.987127897985114601e-44 -1.041445502087030377e+02 3.230688391456330022e-01 6.468410478074250458e-02 7.684616043204821612e-01 8.589732764964954637e-01 7.596025432843688252e-01 9.969244577356084491e-02 -1.255864175455907228e+00 1.564275860500283777e+01
1.725617124362376342e-43 -1.019560436778022421e+02 3.504619633493489816e-01 4.998220025667334671e-02 8.662189657626149231e-01 8.825867791560061404e-01 6.068536004076483525e-01 6.445329480994652638e-01 -9.765067728148937309e-01 1.636260162792950723e+01
9.164627171563473627e-42 -9.795666509666473587e+01 4.290370439241268929e-01 6.652476265923082388e-02 8.398414354682479654e-01 9.350392066816350933e-01 8.802105342709942715e-01 4.037842259289959879e-01 -1.246661156919568691e+00 1.056219381138421198e+01
2.100170600627075920e-40 -9.479780050470093045e+01 3.235513400693503794e-01 5.703322615688479619e-02 7.709455442379724577e-01 9.719690824433360188e-01 9.423931809516274960e-01 6.499041102671079262e-01 -1.042774664469319434e+00 1.065689279006568668e+01
2.397944758644251976e-40 -9.463818003758606778e+01 2.176146465141680919e-01 5.362166616056866786e-02 8.056062890057167358e-01 1.174006309983476104e+00 9.897148897667160661e-01 5.792782125916328129e-01 -1.164539457331952521e+00 1.005383265930923642e+01
1.423074883228550253e-39 -9.283035999626163459e+01 1.836560396968792697e-01 4.511125470943039284e-02 8.652311568820725274e-01 1.035017138228584654e+00 7.024133398049026145e-01 8.962086795742363332e-01 -9.709239649404111105e-01 1.457229028896827039e+01
4.595575573721705783e-39 -9.163105890161097022e+01 3.279641937859159029e-01 3.114143966557504639e-02 8.879832968753859079e-01 8.449148567439339619e-01 8.729286814296477459e-01 9.516024632525743598e-01 -1.029017218442125570e+00 1.137614929505029693e+01
1.347072780060607738e-38 -9.052860686323430173e+01 2.680749875748594802e-01 4.970064450317347726e-02 8.202344684564859545e-01 9.268287107088495347e-01 6.441370708217322161e-01 1.481054646095703031e-02 -1.196792589191612910e+00 1.478281676802479794e+01
2.380930131387959228e-38 -8.993202254055725575e+01 3.339279064744374304e-01 4.955770531274125701e-02 7.005440665833307934e-01 1.194689195719180086e+00 9.055503917680078896e-01 2.481250121031599587e-01 -1.100395568765875520e+00 1.458673315347596144e+01
1.560731549814190950e-37 -8.802474698984919144e+01 4.299295708562955731e-01 5.744892057150391418e-02 5.839590171846178457e-01 1.126770387271160079e+00 6.633675383561532524e-01 1.245448591502784641e-02 -7.609298084047244615e-01 1.536721934430587133e+01
1.614265793245708784e-37 -8.796399438023358641e+01 2.399365303678339389e-01 3.396223808351275103e-02 7.345583536122338719e-01 1.144892109573885985e+00 7.768867005534871861e-01 3.020579373418569302e-01 -1.057481184945759267e+00 1.428357362112470064e+01
6.123859622560971226e-37 -8.660365503430142553e+01 4.331338507890477585e-01 5.946029349715560575e-02 8.823304035612515861e-01 1.026251678235622800e+00 9.261521637229788162e-01 1.988133652943492313e-01 -1.277800480130686367e+00 9.676764908406077836e+00
7.276789210763026284e-37 -8.640413083985595222e+01 2.585877524118157522e-01 5.916017496040743007e-02 8.497377736779603286e-01 8.961360274894590860e-01 9.025989214285263795e-01 7.429401074722451481e-01 -1.084153654755205753e+00 1.477404797608168252e+01
1.018021974155769135e-35 -8.373876184577392223e+01 3.088360067976026468e-01 4.326055535390166407e-02 8.475530074273889269e-01 1.108032620904430443e+00 8.037201465936354428e-01 7.068087586388779320e-01 -1.274966749787309173e+00 1.114465265510223801e+01
2.277730852747536468e-35 -8.290641661489381420e+01 3.746918733515154365e-01 6.814463270755480306e-02 5.734295771788009421e-01 1.184133425331128642e+00 7.246995283713004721e-01 1.690518234808211506e-01 -1.055435903649455387e+00 1.246376873153958087e+01
5.179639432352303411e-34 -7.970329498170089266e+01 3.555550643043382530e-01 6.941555080959450896e-02 8.016570314392048591e-01 9.459024147826320394e-01 6.015638133637444263e-01 3.039819079480043928e-01 -8.127199142315798541e-01 1.598396309485483613e+01
1.362895531305372832e-33 -7.871019280562782683e+01 1.894384348573945887e-01 3.841907593318709402e-02 8.874676792343634268e-01 8.475647557562931977e-01 9.085169852242098720e-01 9.417932218719148318e-01 -1.000556382514413256e+00 1.286284955880947578e+01
5.482239874367572007e-33 -7.729264952997095861e+01 3.160596455018668260e-01 3.016255638028011651e-02 7.686776386910756376e-01 1.172226138936996565e+00 6.336267725571416154e-01 5.112981329778432116e-02 -7.904200956905628184e-01 1.241949096042762690e+01
6.439985154049039029e-32 -7.480341093014267528e+01 3.828414602892797891e-01 6.309629002990728430e-02 7.635926132281205536e-01 8.872489580361107020e-01 6.271389859595958294e-01 3.687627418102216170e-01 -7.839561798135533666e-01 1.589774973971385208e+01
2.651912875831598491e-31 -7.336242982681588387e+01 3.029660364233993652e-01 3.164159144211627778e-02 8.873667753127504332e-01 9.543919031976363376e-01 7.405455159370868401e-01 7.283534795533580519e-01 -7.519285763082986795e-01 1.232325093710590025e+01
3.519567046866637964e-30 -7.075114694371838198e+01 4.081176824693801830e-01 5.265630982337346500e-02 5.915120653534173822e-01 1.077157585134805862e+00 6.636910284266320792e-01 6.461099439194162297e-01 -1.229144016181423771e+00 1.287230467923866684e+01
3.527896563097583599e-30 -7.067375444610529200e+01 4.283528735533017606e-01 6.145898681261748736e-02 8.937572486947737982e-01 9.575743807856587075e-01 7.414604202266718014e-01 9.304954745964236773e-01 -1.191522589872611393e+00 1.528424531543505260e+01
6.793473400472764139e-30 -6.997029530603579417e+01 4.919779087546009011e-01 6.874560535475396361e-02 5.628507890276621684e-01 9.849802505601173985e-01 8.264988852541957920e-01 3.964601668126843670e-02 -8.428634405775897731e-01 1.471858496126965399e+01
9.437568474680037585e-29 -6.731516467632486922e+01 4.857771526383817262e-01 4.081415686079419014e-02 6.227370642873393258e-01 8.826877677545573730e-01 8.180276875948447879e-01 7.201034751849156867e-01 -1.165505887072400437e+00 1.150053796853612909e+01
3.146519556270060564e-28 -6.608717149045428130e+01 2.547773170213449845e-01 5.424437164817599855e-02 7.425812872968016176e-01 1.161733800433114583e+00 6.824023017891301945e-01 3.083852953085353121e-01 -1.298187608958700112e+00 1.599265453682302507e+01
1.009044519287761678e-27 -6.489806995027559822e+01 4.588882551150003097e-01 6.152852171174772594e-02 6.752460618254449987e-01 8.047805817608755241e-01 6.767872636402987307e-01 5.165963582982795455e-01 -1.076202072944197896e+00 1.591642332358597045e+01
1.020989994712819690e-27 -6.486249154941546635e+01 4.106093162694458565e-01 3.620740601545877763e-02 8.764874093719563497e-01 8.232480227825905716e-01 7.803029786786579436e-01 9.247019533083498111e-01 -1.110945462627521252e+00 1.205277519505760786e+01
1.933244284064225101e-27 -6.420025519738604203e+01 4.292098947344431537e-01 3.950100003856311937e-02 5.110382154536007304e-01 8.560736337803201979e-01 7.478009369502613968e-01 6.120969648734256863e-01 -1.001868726761832251e+00 1.481791882740975907e+01
7.382925848205698722e-27 -6.283647522499246207e+01 4.939306790178368267e-01 5.741911683876610439e-02 5.032664897919139069e-01 9.851058682115806375e-01 7.529876858085163827e-01 5.913322229231072757e-01 -1.210858312627139277e+00 1.233598262989575822e+01
1.244343236607222666e-26 -6.229064275469843182e+01 4.220221965719390678e-01 4.019910526269986073e-02 8.691002350754974959e-01 1.160560982804798247e+00 9.295550365455342856e-01 7.566049049408629656e-01 -8.370925965941006242e-01 1.400742018608040951e+01
1.921856837872728040e-25 -5.952956418607053735e+01 3.383159462799225636e-01 5.940116284065722480e-02 6.026973961893744569e-01 1.088802233069306791e+00 6.694795305259069185e-01 5.016620913489662215e-01 -1.116084733827460651e+00 1.590867402963859156e+01
2.123979712709716879e-25 -5.940575493213740543e+01 3.988020148268691667e-01 3.489702862440879211e-02 5.445644433706011700e-01 8.637951007328349418e-01 7.330188907339294513e-01 6.893852527869225311e-01 -7.229363837472806420e-01 1.550764717228761924e+01
5.683591232698203602e-25 -5.839765366798780377e+01 4.259439692846483938e-01 3.736730574241419606e-02 7.404627723417993579e-01 9.344101766099381923e-01 6.237106255583506620e-01 9.652172130101625003e-01 -1.125286827255222555e+00 1.553702726923912358e+01
9.689606750543731739e-25 -5.784037359433756365e+01 1.609272395534684374e-01 4.069418328769306564e-02 8.463585488242408861e-01 1.114883904448766616e+00 8.343445207297157662e-01 3.860287426553650203e-01 -1.233810215108388508e+00 1.380864905388073893e+01
1.515211600170267990e-24 -5.736947772030617898e+01 4.274889701131315833e-01 4.962220834694670846e-02 8.497192051062492091e-01 1.136111242268736721e+00 7.025793354510960764e-01 3.425200135747767938e-01 -1.171064766932502721e+00 1.149295806331683778e+01
4.443846663200954504e-24 -5.626970292883251545e+01 3.000305094316096932e-01 4.323532015907470549e-02 8.708270436385145974e-01 1.186149071021493917e+00 6.194889410554337283e-01 8.931619735530804682e-03 -1.245213319356492931e+00 1.308722998657402314e+01
6.834051716596823042e-24 -5.581549605076625653e+01 1.262738764966098159e-01 3.348254974340348494e-02 8.263508051401120547e-01 1.176343797135660507e+00 8.492328841429397368e-01 8.891233589242819590e-02 -1.037493374917588973e+00 1.379318882691941184e+01
7.794559833918918217e-24 -5.566017821499611529e+01 2.468250625681211730e-01 3.995366720655195436e-02 8.850715150688690525e-01 9.964330044435498746e-01 8.693662288282202333e-01 8.839832978051977985e-01 -1.233337152571999162e+00 1.489973521000741385e+01
8.972285908592418220e-24 -5.549565424144319792e+01 4.843628492992121393e-01 5.624213527523062861e-02 6.518915922636336902e-01 1.162401289191681508e+00 7.162813515283837917e-01 3.746176897124622318e-01 -9.061460322429224501e-01 1.577888441760867444e+01
1.784713036018909128e-23 -5.478414246937967391e+01 4.920468195108843590e-01 3.576435515970596835e-02 7.935528142958703235e-01 9.204470137182896305e-01 8.166533449958265356e-01 5.932373918869863205e-01 -1.122162362254738532e+00 1.110095631593934762e+01
5.696136767219624181e-23 -5.359980239882237640e+01 4.448429651936564033e-01 6.296931321210889887e-02 7.223490115933689504e-01 1.191311835301577915e+00 6.898510854398183234e-01 5.171388470532159998e-01 -1.276562313267354476e+00 1.608976476991197302e+01
1.343851860178329466e-22 -5.271765595399482862e+01 3.620130010825998168e-01 6.433153309353581428e-02 6.045375119548458409e-01 1.133328205686392254e+00 6.303118945707691934e-01 6.481140658226161033e-01 -1.006415674579612007e+00 1.445190569792132962e+01
2.694105301908614997e-21 -4.969573518534317458e+01 4.931004114536983174e-01 5.340316028179280250e-02 8.612678501691255484e-01 8.820773291898080792e-01 7.354476947030416101e-01 1.551829831154116768e-01 -9.741590687252195124e-01 1.637232800345058692e+01
8.444607128628377876e-21 -4.852946379832923895e+01 1.402843219789634555e-01 4.600971443097337521e-02 8.979083064312819440e-01 1.181723857443180759e+00 8.366105963307410853e-01 4.086541611287616282e-01 -1.107259948947615147e+00 1.441533167600762511e+01
1.176770857613427315e-20 -4.817382308361870002e+01 1.557652654872474229e-01 4.447018944914268856e-02 6.532604547819926832e-01 1.076869515860551019e+00 9.034829038786825750e-01 9.026905702206845516e-01 -7.330702496411809488e-01 1.342667820617932151e+01
8.984259230025976337e-20 -4.611731361405978902e+01 3.428107051002419192e-01 3.919905774244802216e-02 5.690124742184666795e-01 8.485959749711120548e-01 8.957958664864889009e-01 6.554554279927449212e-01 -7.745654647337909537e-01 1.470072488704300362e+01
1.120939750982831653e-19 -4.587222567204177892e+01 4.996453763843166085e-01 3.767829648124060293e-02 8.235247182069977967e-01 8.105577961261671849e-01 7.340664157744281049e-01 6.294882086945702282e-01 -1.280823225970146195e+00 1.584420967201878305e+01
1.183490608561677604e-19 -4.579411533046857841e+01 3.345808821399145483e-01 6.917728775720063950e-02 7.385495890731087476e-01 9.324209986963106767e-01 7.365142959341068885e-01 8.617130869979401364e-01 -1.003644939661948676e+00 1.525867243517760130e+01
3.951259643240444743e-19 -4.456473959619128777e+01 4.997653440081691878e-01 6.014010740658526366e-02 6.159530406681441583e-01 1.164165089464161751e+00 6.348937392547544523e-01 9.369031863761038137e-01 -9.683998906492576886e-01 1.263965624772776053e+01
1.099077615113929205e-18 -4.351790810816146404e+01 3.400357973881968920e-01 3.742183453829840689e-02 5.501496617906542763e-01 9.622978650114925037e-01 6.870837362129981196e-01 8.499755721688099230e-01 -9.068409774879728769e-01 1.543600296137301875e+01
2.145586229619072601e-18 -4.282515706511536990e+01 4.068993023476513704e-01 3.176447035104638938e-02 5.928830617321326768e-01 1.105379568685920910e+00 9.371070448777824025e-01 8.095467197119905478e-01 -8.591789982997717345e-01 1.435025455532904459e+01
3.387867968841495042e-18 -4.234455955107299729e+01 2.400480596670946376e-01 4.263283067335067039e-02 6.728456768740292970e-01 1.093792185968897268e+00 6.867673451895252024e-01 6.522051302088827107e-02 -1.196778799682556294e+00 1.533533485820185405e+01
4.029994118760331442e-18 -4.214718591646538215e+01 3.242394271738612277e-01 5.251005513039504885e-02 5.658324693757936785e-01 9.080959656235868538e-01 7.874391158975713179e-01 4.634352651379607391e-01 -7.074363469354707501e-01 1.484258979293383618e+01
1.980942951214624751e-17 -4.053098324692635401e+01 3.808428623619087849e-01 6.073299792466430730e-02 7.692212234599038467e-01 9.777791254592342884e-01 6.109232100037202962e-01 1.724553916981106938e-01 -1.107476850896875531e+00 1.620166125219078168e+01
5.638845856777705957e-17 -3.946106728319893620e+01 3.644378091188948954e-01 4.916131451328006191e-02 7.772432884984759038e-01 8.327809006172546269e-01 7.787777212349780154e-01 4.157001611496176086e-01 -8.346573553438384474e-01 1.537752093403630482e+01
2.402917696350328440e-16 -3.798766836984818696e+01 4.171274981347528055e-01 4.238251952662214911e-02 5.583730151883140591e-01 9.336635132139683435e-01 6.480630338075772379e-01 7.023469713070273901e-02 -8.341531187432140726e-01 1.549580629800601983e+01
3.590627159830760098e-16 -3.756221566825779945e+01 3.917979805465373611e-01 3.560435250999800100e-02 5.298530092163575844e-01 8.891769463321528288e-01 9.744141945135144089e-01 9.526593262266902506e-01 -1.056084582730256516e+00 1.393110062521132875e+01
4.661750906434146862e-16 -3.727734191945972952e+01 3.099892439957517287e-01 6.307370170253934205e-02 8.557513001713434875e-01 1.053580933539391307e+00 6.564132727572162818e-01 2.625340393657195071e-01 -9.666755310432928461e-01 1.610203173284676836e+01
4.775273890127265430e-16 -3.722947217273632248e+01 3.286819088804103783e-01 6.505227428558160718e-02 8.828447335701206100e-01 1.015317652062647902e+00 6.046914368740186063e-01 9.382924424744114589e-01 -8.588240971290055370e-01 1.614901174378082871e+01
6.945854963901649381e-16 -3.683096890682052305e+01 4.123133918150808652e-01 5.561337425548974062e-02 8.824565652018356854e-01 8.814867578617677779e-01 9.311674452016752701e-01 3.653939704644307840e-01 -1.104097272942898611e+00 1.472289762191124574e+01
1.277163150925790252e-15 -3.619807803360940568e+01 2.481717654863631051e-01 4.403059293268000302e-02 7.562417447061366982e-01 1.109933254829037708e+00 8.017620268392326999e-01 1.943150393806097331e-01 -7.867477916206049304e-01 1.499012530086041295e+01
3.714378548492914851e-15 -3.510669845731153771e+01 3.639699388944119818e-01 4.161160786868959433e-02 5.079328017345261514e-01 8.574445501452169216e-01 9.536430080281916855e-01 3.940912375196414796e-01 -7.315522720560410086e-01 1.455601824023559132e+01
1.264841725505605985e-14 -3.385756822681264566e+01 4.050298308727934282e-01 3.042904184364911280e-02 7.151006014627149243e-01 9.306719939979593015e-01 7.782761648843510294e-01 6.110527873534037369e-01 -9.812782427417291453e-01 1.507969990881140632e+01
1.578987464126330580e-14 -3.361192190305732197e+01 4.315011792609310115e-01 3.053289121189912969e-02 5.447846210019591240e-01 1.082281994121954138e+00 9.254151165253807765e-01 4.163352950314295198e-01 -9.541917558305352820e-01 1.459468566906754994e+01
1.786102104638917211e-14 -3.341887953650129361e+01 2.901508601459664716e-01 5.339188886921000798e-02 6.459620244055593874e-01 1.177660722313212505e+00 7.937101381947730960e-01 1.000340311405140126e-01 -1.199405785780865319e+00 1.524925059890952461e+01
1.942107308701843877e-14 -3.326845476669757318e+01 2.113535312465746607e-01 5.234122733850756631e-02 7.723250238731688144e-01 1.058611465645676653e+00 7.950426327273267813e-01 1.181605955101546757e-01 -1.116377494772556211e+00 1.487506878565491064e+01
2.665547985244156378e-14 -3.290880383506158324e+01 4.247521575247915626e-01 6.648205706731478981e-02 5.648865129060938184e-01 1.051345231953434212e+00 6.851267869109526343e-01 6.904629936841604199e-01 -1.174406820683310926e+00 1.476518818787325671e+01
5.157372802281616632e-14 -3.222750959578856111e+01 2.823890659580171603e-01 5.943033260181696670e-02 5.511566970445483937e-01 1.052591956517073157e+00 8.762041919444312210e-01 4.794010287321588404e-01 -8.706437792515675511e-01 1.447918622592269067e+01
6.222747350638883377e-14 -3.201844879755723383e+01 3.316610124324209097e-01 6.884518354228683079e-02 6.384321244317310295e-01 1.107892168271100486e+00 8.550374669600666611e-01 2.912496316293112786e-01 -1.063433364563868500e+00 1.470411998335307047e+01
6.121847129491346033e-14 -3.201351983775823840e+01 4.842716667661876029e-01 5.343050932504757322e-02 5.852347092636907000e-01 1.075088339470074317e+00 7.118979057281107359e-01 1.240669085613542721e-01 -8.796676944057721936e-01 1.590114012975274349e+01
1.154827534519402368e-13 -3.135757100648815410e+01 4.085900597000946544e-01 5.500251080270548293e-02 5.066946650968539023e-01 1.095318267288780678e+00 8.883691857960058780e-01 9.843813411560035087e-01 -1.122147373582503160e+00 1.425635726879179721e+01
1.816695135542487020e-13 -3.088322643198027961e+01 4.103366643471226816e-01 3.009242272565098089e-02 8.245649646381210118e-01 8.419004717642313285e-01 7.803950995036056382e-01 8.528360450170338058e-01 -1.021282365291834804e+00 1.576593396013059234e+01
2.154006782591605353e-13 -3.069163909949596558e+01 2.507692681777498045e-01 3.316375522683918248e-02 8.418891969742081649e-01 9.089518799903607560e-01 7.337870075833166084e-01 9.869436735330054944e-01 -8.236358651232389416e-01 1.493993583607986508e+01
2.445398766623858107e-13 -3.052265147122803413e+01 2.782103332129414741e-01 5.018831820430673385e-02 8.136101240910775800e-01 1.176401842787014873e+00 6.252101687357465298e-01 6.032351814788211586e-02 -1.051144078323857034e+00 1.643049233432362755e+01
3.218128966214947646e-13 -3.022722621797777620e+01 4.417150267054191781e-01 3.639777624540656981e-02 5.839192770816887812e-01 1.054360268078700757e+00 6.057145739680517282e-01 1.775519869794323080e-01 -9.652334717151025423e-01 1.648635684330674778e+01
3.728686723615103326e-13 -3.005913692208576293e+01 4.936122615313943696e-01 4.657648062790636923e-02 5.265911048723115329e-01 1.131999673277988894e+00 8.332351836563335334e-01 6.770746976066588374e-01 -1.074360192712111806e+00 1.506397041334541775e+01
1.004499062731235831e-12 -2.904728561039353707e+01 3.262568681285726857e-01 4.066750115732795795e-02 6.860121685050697415e-01 1.076793881550968335e+00 9.020174869305231935e-01 8.594585796283032986e-01 -1.167729463583826899e+00 1.451087294701743957e+01
1.575956200874669291e-12 -2.853567230386854447e+01 3.314678305341605680e-01 4.695908396773566806e-02 7.410517903413955665e-01 9.655562726457375122e-01 8.723661140554996862e-01 9.494814907319928388e-01 -9.228213470582523614e-01 1.429822364066516904e+01
2.249597316116364259e-12 -2.815978327401063908e+01 3.243540740182503379e-01 5.344040417916562369e-02 6.789067533027484114e-01 1.129342561507672871e+00 7.827349433683129520e-01 1.192000976539604462e-01 -8.912259022860440361e-01 1.489284993848972682e+01
4.641310338108531426e-12 -2.741553777676978498e+01 2.107965048410880837e-01 4.890963317715492364e-02 5.786069097790380589e-01 1.176431869869959623e+00 9.606461466902277424e-01 1.297411257902928439e-01 -1.204058913454640223e+00 1.418605038764385640e+01
1.126873954304681635e-11 -2.650850202358616059e+01 4.145439987665913151e-01 4.502792852542658597e-02 7.035900311908749316e-01 8.882323510643711506e-01 8.332133497060791871e-01 1.630163688718033743e-01 -9.067223043453763731e-01 1.534328858705126208e+01
1.601667992996686932e-11 -2.609806647359630460e+01 4.358729916177747077e-01 4.310470209138464459e-02 5.968919181453605782e-01 1.035944152657610973e+00 7.675046790385688933e-01 9.977619190782726077e-01 -1.291304752816830881e+00 1.502358217015112629e+01
1.602603987701572381e-11 -2.607825148758422174e+01 3.495766508921120952e-01 6.967064536980535627e-02 6.756959137914817504e-01 9.613260895166768627e-01 7.912505576885056069e-01 9.247544266515743683e-01 -1.031365326632799784e+00 1.500115591263242365e+01
1.730001259439833148e-11 -2.598252838047291036e+01 4.079569738524164713e-01 3.073944533395400747e-02 7.541052330168442897e-01 9.083326388271998342e-01 8.995539896409953107e-01 9.586917501904947958e-01 -1.107579042473261888e+00 1.498486580438630433e+01
1.896229097430219251e-11 -2.587155251924026444e+01 2.909281708678211897e-01 3.386831230787543806e-02 5.727509961417419637e-01 1.148499782205991693e+00 9.347834992733802251e-01 7.883730622884776995e-01 -1.287653237512578874e+00 1.444312953239711739e+01
1.877302438457330577e-11 -2.586235310525611908e+01 4.612611757243317845e-01 5.940315348061651901e-02 6.467738827646341004e-01 1.007071211897757612e+00 8.540703931321078635e-01 6.369222236999622089e-01 -7.610004480389678250e-01 1.493674438808620941e+01
8.000929222744091743e-11 -2.439340052151230154e+01 3.996816901741441219e-01 4.860175460438689865e-02 7.336138780300873741e-01 9.386051185624926241e-01 9.472721722472515760e-01 7.436635134204233610e-01 -1.182686511459547063e+00 1.456684641940450042e+01
2.064453579894645018e-10 -2.342627676588809038e+01 1.974377263981078046e-01 3.053700888382148565e-02 6.903123418821794921e-01 9.529054518956610043e-01 8.782038970056730287e-01 4.831958575284238666e-01 -1.213777455629990731e+00 1.434783497563949517e+01
4.567554740500692871e-10 -2.257554826094223444e+01 3.436683485297067353e-01 3.263876030547208096e-02 6.645832823737738426e-01 1.079452504380632449e+00 6.329800446365756450e-01 8.080913500996078636e-02 -9.698366175807049405e-01 1.634214594621905547e+01
5.267528155675337816e-10 -2.241444652455540520e+01 3.972424276691746137e-01 5.450393571686765887e-02 6.293758180023887316e-01 1.095262978450328717e+00 6.453858138287262847e-01 7.096142422808970895e-02 -7.232278130883894596e-01 1.584456548246494556e+01
7.377704434202181484e-10 -2.205902667993790089e+01 3.315846043333889881e-01 6.599879499500142799e-02 8.498838838760460757e-01 9.340965485741926644e-01 7.735819424896700491e-01 7.435567515035083064e-01 -1.260781909560226843e+00 1.471644827619646989e+01
7.494611667468040705e-10 -2.202478638136898326e+01 2.928488762262027034e-01 4.611451084814905538e-02 5.851518807324784799e-01 1.053629603628108313e+00 7.444102079831411700e-01 2.904038313501400292e-01 -1.201671784654479103e+00 1.524261985278080367e+01
8.063841377415890957e-10 -2.193306214017410838e+01 2.994579222679621955e-01 3.947507615695339256e-02 6.236044358516320552e-01 1.122681784089414991e+00 7.979875656392720895e-01 7.915942646942391026e-01 -8.131351732912190933e-01 1.443268364444997509e+01
8.246924779635075507e-10 -2.189209328545887701e+01 3.941248344696585137e-01 3.981167482843031569e-02 7.333754447820493017e-01 9.654985578278690861e-01 8.437019752929331151e-01 2.962376267702087618e-01 -1.097336567500431626e+00 1.501364401054012276e+01
1.311399676636099910e-09 -2.140973502855103661e+01 4.319974840605570465e-01 5.179853550907415061e-02 8.163710041701783826e-01 9.279334878995798563e-01 7.421644417060870857e-01 8.542572369757589490e-01 -1.099988790976307307e+00 1.573818756506906169e+01
1.557679071437181786e-09 -2.121911459359478158e+01 3.343144900343000270e-01 3.561487969566698442e-02 6.265137350367130376e-01 1.178999463842991702e+00 6.168143874154145001e-01 4.216631046513223957e-01 -9.988928181178811094e-01 1.649350429222970860e+01
1.601440194107065088e-09 -2.115470836471319771e+01 3.920591906428355644e-01 4.073042322653371017e-02 5.901479433082896797e-01 1.014546285337883491e+00 8.633241961026278943e-01 8.221860950706607607e-01 -1.207960720268176358e+00 1.457658520048163986e+01
2.346787986025108739e-09 -2.075438231347201423e+01 2.401960964851538316e-01 6.440557102734155437e-02 7.235737101535224536e-01 1.002803163582653090e+00 9.540422981235213706e-01 5.431359188460701537e-01 -1.024255904582012544e+00 1.422338555003516092e+01
2.878692113489718877e-09 -2.053191201030562851e+01 3.859496472692343083e-01 3.877939402970058402e-02 8.541388543604958583e-01 8.361481162197943462e-01 9.194074221735372143e-01 4.859936881040974876e-01 -1.241078574167922888e+00 1.501988702776035822e+01
3.245692987852484105e-09 -2.039373737292925171e+01 4.142374331789093755e-01 4.337522638757509985e-02 5.552429887342787973e-01 1.076784875344086734e+00 6.280123999707124538e-01 9.761219130667485588e-01 -1.098025973293582203e+00 1.545334019653457069e+01
3.319420730563366499e-09 -2.035309414872308409e+01 3.955402890240701241e-01 6.672273516450497044e-02 7.728101915901808283e-01 9.679473254660933002e-01 6.837852279649352383e-01 9.842691362800609634e-01 -9.046674972415048588e-01 1.525234340034196734e+01
1.383955296905772262e-08 -1.890717196975620595e+01 4.807459178431248148e-01 4.687202432345079217e-02 7.516718622223041990e-01 8.248349221549550192e-01 7.997998876485250541e-01 1.347074869804310016e-01 -1.039304060076033487e+00 1.557832145288806558e+01
1.629432005201886710e-08 -1.869030416432309849e+01 3.620150526116628908e-01 3.963534723143846694e-02 7.068330452430175992e-01 1.098382859127818634e+00 7.691907423661195065e-01 9.069990053915208961e-01 -1.184293577745808346e+00 1.525352787321825332e+01
2.113944083301014760e-08 -1.837824668203064249e+01 3.518274338150207958e-01 3.876720170132241794e-02 6.091317932276372193e-01 1.195937359936748212e+00 7.522570017519248919e-01 9.435186721132092780e-01 -9.585023018004235063e-01 1.518792573525543332e+01
2.302454969097863897e-08 -1.827587703436370603e+01 3.979596793920894271e-01 3.688814401771321749e-02 7.160942690839181557e-01 1.005553633390560808e+00 7.954042212248674248e-01 5.374881022340461945e-01 -1.137867220722860173e+00 1.544697979704778490e+01
2.298463741522032236e-08 -1.822760351474811813e+01 2.575470845179252954e-01 5.027742463737153861e-02 5.458338640427884414e-01 1.156209193386951162e+00 7.384155857151264435e-01 4.919947347318462394e-01 -1.246220555256437157e+00 1.483359083410753776e+01
3.820983581097975719e-08 -1.770294316198279461e+01 3.977453903096770382e-01 6.090034306118721069e-02 5.085793765762387508e-01 1.082249326465114070e+00 7.466012528251635416e-01 1.287905861710225697e-01 -9.598081309217509904e-01 1.495091142931121908e+01
4.490562074973717422e-08 -1.752507971314323143e+01 4.356068004615275546e-01 6.057779059468965110e-02 5.222212303419847546e-01 1.159182283095530064e+00 6.828233429882022421e-01 1.454232571915134442e-01 -1.167852795944955835e+00 1.595731168507104414e+01
5.650955555261677020e-08 -1.726271081850090283e+01 2.223273393115583196e-01 4.278663301569491512e-02 7.810496976883023468e-01 1.004714965671512417e+00 9.810537141964136287e-01 4.132589285369119292e-01 -1.159039617768845565e+00 1.421189213651442529e+01
6.500434750176429770e-08 -1.707504003355872513e+01 3.914036971799668141e-01 4.462123089283334676e-02 5.952307065748870807e-01 9.315793516680885844e-01 9.823054160316035954e-01 1.812732631113245230e-02 -8.848346152613161264e-01 1.448251494653866089e+01
7.935299915825265340e-08 -1.685996294302673704e+01 4.295056877412593010e-01 3.240149496751271868e-02 7.145609692432403071e-01 9.139033151247200060e-01 8.720119131468783147e-01 3.639315926688078129e-01 -9.651311989922020107e-01 1.507201207308499491e+01
7.962056601171595726e-08 -1.684097175939952251e+01 2.747555704240772778e-01 4.419221929189021125e-02 8.745525064456610709e-01 8.015417351635333310e-01 9.357110115857769639e-01 5.692176365361389934e-01 -8.379974055697758661e-01 1.449922868934406850e+01
9.134924499681953185e-08 -1.668792916802032877e+01 2.475988564099757816e-01 5.922861297053154395e-02 7.996234500655876598e-01 8.873713045327699112e-01 9.867435191936273498e-01 6.634337876997996597e-01 -9.897710279234240849e-01 1.420396834840613387e+01
9.137733280450130361e-08 -1.667199673810793215e+01 3.331128290854189489e-01 6.065441545879972363e-02 8.023982387965900021e-01 1.065994078813587986e+00 6.730809314003619592e-01 2.000027972036140800e-01 -1.246121648867065224e+00 1.567023338641950225e+01
9.707656970494690384e-08 -1.659586914035058314e+01 3.621195231974113637e-01 3.410298931685094848e-02 7.478962659514059030e-01 1.000462174812063676e+00 6.759326673969134891e-01 3.399126276536799107e-01 -7.860342805840583313e-01 1.606108020022147187e+01
1.177571770169549596e-07 -1.638711950350942459e+01 4.084924270211992559e-01 3.624301371813292566e-02 5.112774821714628493e-01 8.286872706231350749e-01 8.071192769222939045e-01 9.561591881031733520e-02 -1.200830456153336723e+00 1.507385254526078278e+01
1.233805630557015098e-07 -1.632484559849939743e+01 2.893429084487050273e-01 5.939476831248818867e-02 6.361738094121870413e-01 1.186559294902565398e+00 6.474525814611674646e-01 4.186389176396926315e-02 -1.269789978345963410e+00 1.566186515481041397e+01
1.281172252755860644e-07 -1.627154851858460560e+01 3.001979596346995294e-01 4.901619999122201754e-02 7.659599017289142608e-01 1.137908599271590493e+00 6.368324047488581607e-01 9.383228140109898252e-01 -8.456004547203593846e-01 1.591242560788725413e+01
1.487253684130892481e-07 -1.607623222223065440e+01 1.681173633696075864e-01 3.501509221696007257e-02 7.796987730140871875e-01 1.158574634028238792e+00 8.319575291209961865e-01 1.723034398710339699e-01 -1.043268816175983771e+00 1.428591367950305724e+01
1.489869433966551937e-07 -1.605932347339750521e+01 3.361544054451754970e-01 3.805312514811752533e-02 5.933586090132767499e-01 1.080155408078254720e+00 6.772760858835694675e-01 7.683836855700565405e-02 -1.143627836252434804e+00 1.580500297164135759e+01
1.483636181542959799e-07 -1.604836449215035543e+01 4.569265661424374292e-01 4.499328029428541209e-02 5.721047421544862566e-01 1.036716961802187420e+00 7.071176650828965293e-01 4.379045508263472164e-01 -8.849666396079101105e-01 1.591392546244844119e+01
1.470258174865880097e-07 -1.604227091647178582e+01 4.666965836774153997e-01 4.220429566660052062e-02 5.324173136978842535e-01 8.346858040727898054e-01 7.864679898254725021e-01 8.281691376976592078e-01 -1.262260029353357460e+00 1.528960294328530800e+01
2.006362754580238174e-07 -1.571623390787351404e+01 1.973178047360858445e-01 3.611047062439461802e-02 7.284152714906613202e-01 1.199025264210704433e+00 7.832694619288675941e-01 7.612735299276818246e-02 -1.029151143807494062e+00 1.510939495599676086e+01
1.993085296130381503e-07 -1.570772206252631698e+01 4.390445784464195311e-01 3.323017805835717930e-02 6.387569776459017801e-01 8.506836162720536887e-01 7.109876858012347256e-01 1.587856005432617956e-01 -9.858552280957889602e-01 1.568575999512842323e+01
2.107165016569596372e-07 -1.563691093553401856e+01 4.190507578654960597e-01 5.798437202355705838e-02 7.113233277654336106e-01 8.770480337681090255e-01 9.397876343630378049e-01 8.818040940098896829e-01 -9.052897115565243791e-01 1.455726971406050652e+01
2.870318202333945101e-07 -1.528304927373528521e+01 2.378491360256347331e-01 4.795921610634232279e-02 7.353975740140331618e-01 9.838592453580716768e-01 8.197660342712109749e-01 5.757729917984736323e-01 -1.028799802977250488e+00 1.440396897380985486e+01
3.518240277441700930e-07 -1.506480534347498690e+01 3.946419416466433461e-01 3.783391656469845682e-02 8.500367195828766320e-01 8.945065484922308796e-01 7.931735467319794841e-01 9.816943142525480503e-01 -9.055591942157839025e-01 1.517075402990900379e+01
4.074776675157811263e-07 -1.490324446299966255e+01 4.496735223508547818e-01 5.722650784142417624e-02 6.708904570817548763e-01 8.777384149855284035e-01 9.040579533042445437e-01 4.761204787273141115e-01 -1.028022339000567609e+00 1.470577961363791708e+01
5.095096812905207818e-07 -1.466507585414979609e+01 3.613057447031252645e-01 4.895864277846230517e-02 6.316469262031432219e-01 9.947705599720607639e-01 8.794949529594373594e-01 9.414650921580764997e-01 -1.174037876628857280e+00 1.444691174507923748e+01
5.076117509585182318e-07 -1.465410194022191348e+01 2.823799611711282354e-01 6.812708488774907312e-02 7.392928426195626290e-01 1.083029750422440429e+00 7.672029072799098071e-01 2.380691292804894832e-01 -1.058136238071655910e+00 1.461997178168055100e+01
5.006738366085872313e-07 -1.465315807913484214e+01 3.829372305662933629e-01 5.874454245068738700e-02 6.712837919385113983e-01 8.835495008937180872e-01 9.947698341558626201e-01 2.870781781088599938e-01 -1.145727288182365688e+00 1.443931258185930844e+01
5.259489330928630430e-07 -1.458920293847494953e+01 4.630914372272804114e-01 5.926942568983339932e-02 6.528621538497547672e-01 9.150090658028882107e-01 8.298885031533349554e-01 1.166754798613388600e-01 -7.175871858811558868e-01 1.501817806721963322e+01
5.514397947980390400e-07 -1.449839055192088999e+01 4.217694537821323753e-01 5.735685414178114117e-02 7.171729843664708115e-01 1.053727609389954800e+00 7.167286291895110795e-01 9.955437136980924695e-01 -1.110359536576745354e+00 1.561772919092849499e+01
9.287948432651765145e-07 -1.396274962576411660e+01 3.690985232586996290e-01 6.302384225171089871e-02 6.065813152979627754e-01 8.313710211804242745e-01 8.792519127285225444e-01 4.335085999077469276e-01 -1.084445841066131067e+00 1.440291551786844160e+01
8.931152015107923680e-07 -1.395966328208259100e+01 4.281191263301611372e-01 5.686872821873256711e-02 6.779530800501187837e-01 1.091479200287641893e+00 6.771988665701013099e-01 8.882545633344842706e-01 -1.131429096056783212e+00 1.594713388820255773e+01
1.281242171496472789e-06 -1.358490463798452730e+01 3.815589524896945139e-01 6.126649870484410926e-02 7.220874641536561001e-01 1.092976389547242411e+00 7.017611190590163917e-01 9.049456638269210984e-01 -8.536703826628206926e-01 1.535835099954481819e+01
1.806897143309392256e-06 -1.320002299909528354e+01 3.745386653520274001e-01 5.021591972402258963e-02 8.571518005980880428e-01 8.466349819605077931e-01 7.398352140589428139e-01 5.326394757599484109e-01 -7.846487588250835588e-01 1.546409053969247438e+01
1.805947041976804544e-06 -1.318703544314083587e+01 4.969059916704728908e-01 5.405111613176348528e-02 5.304377576869749866e-01 8.005832842599448496e-01 8.660454136386341872e-01 4.217011977715510174e-01 -1.209295403419115011e+00 1.474748068116914546e+01
1.876305771478833240e-06 -1.310881139942206985e+01 4.310275121958764277e-01 4.082848775917399115e-02 6.614664814171715701e-01 9.249570824211259534e-01 8.355134300445922202e-01 6.525307203757689800e-01 -7.718285608663719710e-01 1.507007635657101297e+01
2.026207026757261479e-06 -1.299298558696350625e+01 2.816628086751683524e-01 6.800953409046510412e-02 8.639165446430170370e-01 8.961157594560609230e-01 8.732138502646411560e-01 4.687341722300083502e-01 -9.983156419718675068e-01 1.428454014497213542e+01
2.244783880284682751e-06 -1.287772141029645390e+01 3.273509361543980312e-01 3.553235531612385784e-02 5.351649159253643040e-01 1.086029479911268414e+00 6.967393353447072224e-01 4.943165949849420149e-01 -9.415375290455580970e-01 1.532596839872183381e+01
2.260369572749088985e-06 -1.285798181922234207e+01 4.026599689848792130e-01 6.437459808493664615e-02 5.253489215030285875e-01 1.048439572024437938e+00 6.960285316207922568e-01 5.394109901356956005e-01 -7.121798756113236761e-01 1.483168380905667760e+01
2.408417615150950741e-06 -1.278171969345342696e+01 2.133603901800255331e-01 4.171527350367158077e-02 7.819811956898035099e-01 9.987852796425191748e-01 8.259947758788862560e-01 4.085034588633233432e-01 -9.089816242867665430e-01 1.444917280040494134e+01
2.445261730832535974e-06 -1.275371695668844119e+01 2.778378737058643244e-01 5.166540848499122374e-02 5.543563379688988269e-01 1.044967440835934847e+00 8.140934729816160509e-01 4.982132081355101216e-01 -7.452747163853465917e-01 1.441965318154975684e+01
2.419821442495055780e-06 -1.272619696536641420e+01 3.902120115096510133e-01 6.523058741630993751e-02 8.140339267443867932e-01 9.158870545598667423e-01 8.076266665201624617e-01 4.605740340226570084e-01 -8.555818445925821303e-01 1.495738886339630724e+01
2.802415284523328311e-06 -1.254236858447666414e+01 4.517549323328616806e-01 4.278220337213273217e-02 5.766837463453399204e-01 9.369796873245198610e-01 8.902516484581537437e-01 2.778129883250045062e-01 -1.221515245728174159e+00 1.488228231181612848e+01
3.499081207589387760e-06 -1.228420202445579612e+01 4.192877177190947879e-01 5.712268917001642188e-02 6.785874978234746058e-01 8.791276996944674682e-01 9.300472514480091490e-01 7.565729383554338217e-01 -9.901370751223064204e-01 1.463242586064413331e+01
3.599145948367595997e-06 -1.224410110371428573e+01 2.011517221135538658e-01 4.744602145968283835e-02 7.047135062069925793e-01 1.061711813358283685e+00 8.754717365893387448e-01 3.149739742558387290e-01 -9.598703849026246626e-01 1.423945008456893646e+01
4.286075598736618102e-06 -1.205752138713685007e+01 3.866580843786155963e-01 4.409822431269117687e-02 6.143221381378617396e-01 1.017803087519387306e+00 8.009993780081463566e-01 9.287439724430163190e-01 -8.755171361678686370e-01 1.470174895259899728e+01
4.346295656023418469e-06 -1.203166425167912656e+01 4.092040578066656886e-01 6.498581015018722873e-02 6.191683024596968954e-01 1.092724127249947941e+00 7.071513015358039667e-01 9.890863500516624551e-01 -9.351313824347422532e-01 1.548330271023104210e+01
4.395531172775843735e-06 -1.200849501649357443e+01 4.624218183191323162e-01 6.072744175428963775e-02 6.165535350581085039e-01 1.050426801587737602e+00 7.773452912239677826e-01 8.875847078774670162e-01 -1.027383312075566657e+00 1.517920009037693951e+01
4.495563245764147565e-06 -1.197408767182103517e+01 3.780770048841138875e-01 3.489001670814268624e-02 6.927089960226023857e-01 9.885351134863229472e-01 8.067356113885276736e-01 8.246996828719824757e-01 -1.164467189230128596e+00 1.501709784993100705e+01
4.606872947059636316e-06 -1.191433222619745536e+01 2.347877889847282684e-01 6.402555963384767845e-02 7.054285589892006492e-01 9.253329489919333017e-01 9.560121051099883527e-01 4.413937459913288563e-01 -8.807666790838080129e-01 1.400426759601486282e+01
5.805547692062260668e-06 -1.167143966752619022e+01 3.309094682384694508e-01 6.612522493092032327e-02 5.431886739187843371e-01 1.066989294852287218e+00 8.260069427453649027e-01 3.029740063037620335e-01 -8.116723227545965536e-01 1.438466442048872729e+01
6.157201245081688983e-06 -1.160100338861058766e+01 2.965236307920918746e-01 4.473544467331623531e-02 8.623125076013240520e-01 8.540041367087590762e-01 8.011268617517610657e-01 6.624706811332867762e-01 -1.044935364994017402e+00 1.471875937754501606e+01
6.431256142542757629e-06 -1.154582793689471565e+01 2.973294421906886864e-01 6.059256100363977909e-02 6.585150875529121040e-01 1.047930722119748248e+00 8.117144114815472156e-01 6.079071755754092976e-01 -1.188891694545681110e+00 1.443944948040188869e+01
6.464955235652838225e-06 -1.152897381753287043e+01 2.517453370562056092e-01 5.279003514317573420e-02 7.670876349548803042e-01 1.061094161574087646e+00 7.624921799145283341e-01 8.137993145524542449e-01 -1.158230734642660131e+00 1.491187144365256323e+01
6.439774230336565641e-06 -1.149839088046530300e+01 3.158216298348934803e-01 3.756994494205966040e-02 8.893272642348268864e-01 8.168732188254216320e-01 9.227520466445786607e-01 1.496497539948743460e-02 -9.471835941408000004e-01 1.459628090083936769e+01
7.128100866540112208e-06 -1.138547588538468602e+01 3.334300062745065851e-01 6.396239485060746521e-02 6.652802433110360791e-01 1.165241301293129528e+00 6.128620319173594400e-01 6.006090386273156279e-01 -7.002210738183506367e-01 1.584180170715849556e+01
6.920286467256050204e-06 -1.138135309436152021e+01 4.365500557676597060e-01 5.085209303595687041e-02 6.511675672701465745e-01 9.770355294574956107e-01 7.262972782835930285e-01 4.366045738230088791e-01 -9.228379496257427261e-01 1.571337958480499530e+01
9.299260011460736740e-06 -1.107476432069215200e+01 4.451843948537606011e-01 5.113454001393966109e-02 6.329072369664031639e-01 9.782302504887741001e-01 7.999674663074127778e-01 4.213339106336876361e-01 -9.428772082819572020e-01 1.526349231625468938e+01
1.094093364828237941e-05 -1.090107690194021473e+01 3.222501034405657050e-01 3.364262871568873131e-02 7.251554731528819797e-01 1.022345417062576978e+00 7.049557300263474824e-01 7.288383022047685289e-01 -8.736226352488792868e-01 1.552770421583509197e+01
1.128705154652770925e-05 -1.083696238395256550e+01 4.552982694074041436e-01 6.670911496096199045e-02 5.278316482265210663e-01 9.205375373127178129e-01 9.404591770433819997e-01 8.117672866667592357e-01 -7.300517907262564776e-01 1.430186106514930167e+01
1.212123048618380015e-05 -1.075479050584128515e+01 4.992630696752294872e-01 4.942973797596293684e-02 5.209541589459735222e-01 1.008830187496571051e+00 6.990592765026650834e-01 7.421843050480030346e-01 -7.841847185392525343e-01 1.559819301508940725e+01
1.207964479716304126e-05 -1.074735765350841277e+01 4.524644808172691990e-01 6.956991897696324090e-02 7.400972250398963892e-01 8.942620168077225484e-01 7.453412316372144408e-01 3.231559473299101537e-01 -8.825964497413127940e-01 1.557457963333519402e+01
1.195142175079071029e-05 -1.074715962989489526e+01 4.239268517817990078e-01 4.585274051170126763e-02 8.788790942659179262e-01 8.091971202863590396e-01 7.595700903659956538e-01 7.015146139671617487e-01 -7.926027131204992360e-01 1.550453889950222930e+01
1.473704204215708685e-05 -1.052677611988247719e+01 2.880894987316270361e-01 3.428198912916393531e-02 7.278292607731904340e-01 1.023423147712574810e+00 7.310313521145440641e-01 2.862121809832359198e-01 -7.822305643446580969e-01 1.495164839810300705e+01
1.974123281029727150e-05 -1.022356126127096054e+01 3.223395071898043085e-01 4.097074516970673069e-02 6.259920766834008443e-01 1.041628129256745749e+00 6.802543502834260680e-01 3.736360495814270433e-01 -7.462579841402924297e-01 1.521322435332475287e+01
1.968239204139211277e-05 -1.021567674944825121e+01 2.787716603505742130e-01 4.190680430924861172e-02 8.304164895822587766e-01 1.097462545158132130e+00 6.655619628048241587e-01 4.872806218425826397e-01 -8.331338630202492768e-01 1.543102070067736342e+01
2.019732524803930979e-05 -1.017898143311113479e+01 3.535679574174548367e-01 3.771055779757521986e-02 5.740300145577085233e-01 1.015450716939921838e+00 8.963306397483432608e-01 9.508577922159688889e-02 -1.242714323373458107e+00 1.475038586733848867e+01
2.077567487242508126e-05 -1.011848844622142707e+01 3.993079323693603522e-01 4.186903417485553225e-02 5.509585741407662107e-01 8.801171248145323034e-01 8.773704058232368874e-01 5.516919733739359399e-01 -9.994003989245019426e-01 1.446726627113623920e+01
2.058000550414034230e-05 -1.011731297554010922e+01 2.190360980034233018e-01 3.587726436822278459e-02 7.201931222518782594e-01 1.175424932701361502e+00 8.034927972428733689e-01 9.267716468513201855e-01 -1.219205428913166411e+00 1.454115443961322462e+01
2.068098631333090663e-05 -1.010177993295344834e+01 2.908644579161383525e-01 4.974842434458303514e-02 7.481388706475150530e-01 9.490776428555146582e-01 9.287791900428467029e-01 1.203076492577915269e-01 -8.537074430036044603e-01 1.443015890721535044e+01
2.170732308921489130e-05 -1.004270670448679148e+01 2.158179478878478053e-01 5.631918472795732072e-02 7.852292224502519513e-01 1.081745626194386301e+00 8.345073446094654068e-01 6.238734610779761436e-02 -1.195965460299714289e+00 1.446414380000665467e+01
2.309929429813276260e-05 -9.948973224553670391e+00 4.455829002500794056e-01 4.148875269190724357e-02 6.403427138008774833e-01 8.242814473596654645e-01 7.588792907330144111e-01 4.348235801070395312e-01 -7.968486043056295376e-01 1.517481347312000572e+01
2.315103333901974249e-05 -9.936319208872937736e+00 3.701059162311289841e-01 5.365566325406841142e-02 7.156535759754543147e-01 8.295510257501611528e-01 9.805825559748923004e-01 9.962258381757468362e-01 -1.283844440900540507e+00 1.458748215896357436e+01
2.302286250539496647e-05 -9.910941036888891276e+00 3.559601097607442144e-01 4.529300710754297077e-02 5.654597594973903574e-01 1.046378162902041220e+00 8.626310249012527631e-01 2.672742372129581767e-01 -1.158056729061417434e+00 1.490584783740529851e+01
2.653722628942553556e-05 -9.738575348271375276e+00 3.320399718125905952e-01 3.187611394006408666e-02 7.003618874315695741e-01 8.009569028063048268e-01 8.904486138098890446e-01 3.222211377917722497e-01 -8.211671642563100892e-01 1.476152861410064610e+01
2.628245279288433649e-05 -9.738222338818347978e+00 3.888986981052847680e-01 5.458617367855893299e-02 5.057071662129486445e-01 1.060134196161941045e+00 7.514262990789047914e-01 1.218004007852839243e-01 -9.587679102489884420e-01 1.498818228429241728e+01
2.789302002801798317e-05 -9.668747381821779285e+00 4.605775696076425119e-01 5.300075005653635818e-02 6.229246583406207183e-01 8.662758770897571736e-01 8.687661575147327397e-01 5.642527177237488534e-01 -1.286456769232174224e+00 1.481288269862256257e+01
2.880012774087358236e-05 -9.626744038563005645e+00 3.437002054109363769e-01 4.861779897574176890e-02 5.028585329614670973e-01 8.828879835416384436e-01 9.979505871766152225e-01 6.886210563521363293e-01 -8.648071031702675437e-01 1.404529710092520034e+01
3.225864489065747860e-05 -9.503337795196543425e+00 3.452499992862058109e-01 5.809136049574246952e-02 8.772061843405499770e-01 8.437607382398619738e-01 9.117123182871567089e-01 4.838164594510883654e-01 -1.141527688140208552e+00 1.462564655046173279e+01
3.454388059730433594e-05 -9.424893443914953650e+00 4.559599087209168511e-01 3.309228085637146849e-02 5.422446070256285999e-01 9.563480654955494042e-01 7.838207353116146692e-01 8.323136315718229206e-01 -1.281533953122270475e+00 1.505922133985290401e+01
3.504377511459304414e-05 -9.400525863588507391e+00 3.096801636791102208e-01 6.850346902994822185e-02 8.087213298012807527e-01 9.888634689474810058e-01 8.011347623320526079e-01 9.348410300909582027e-01 -9.296766128614017966e-01 1.447733263279383564e+01
3.839045858622957451e-05 -9.299314906740184128e+00 4.362453189981246870e-01 5.492587435888524744e-02 6.733248549141592765e-01 9.525386796727158822e-01 7.128986190160003789e-01 6.024326205994069428e-01 -1.257299696002561973e+00 1.572061589864479636e+01
3.929215717208247362e-05 -9.266098925233546169e+00 4.183370755574538080e-01 5.483779003642436783e-02 6.406195446324897125e-01 8.087824210912120115e-01 9.853377367162838851e-01 9.088190710600165811e-01 -1.133545104812223814e+00 1.432875589599539623e+01
4.048316663066835479e-05 -9.206532862303260956e+00 3.242557834326299515e-01 5.910582374255730215e-02 5.737042197110723274e-01 1.017841015072813882e+00 7.770281024105478718e-01 3.494273958686157089e-01 -7.595323748419222643e-01 1.450105082016697722e+01
4.085313506425955753e-05 -9.168307655643546994e+00 3.907275400726819559e-01 5.421247632272582773e-02 6.922580781067914080e-01 8.741470110470430654e-01 7.538075226185780853e-01 5.102988575184596032e-01 -1.045439911093299923e+00 1.519290361825853530e+01
4.242897359719107505e-05 -9.120844366724341512e+00 4.396912799210032086e-01 6.602854756500051159e-02 5.857734221725232615e-01 9.759628521802649059e-01 7.587051095849196569e-01 1.688995558577912615e-01 -1.299527185535630514e+00 1.556864543597228412e+01
4.365342369385060383e-05 -9.082778736183595214e+00 3.158589613660851558e-01 3.430527716815920392e-02 6.310350828009920754e-01 1.140632993310655152e+00 6.837520878164824456e-01 1.585724673287048636e-01 -1.136859385949410051e+00 1.566660769832822808e+01
4.524435455616715679e-05 -9.018409536950859007e+00 3.800680377582915659e-01 4.626360161348161415e-02 5.426535999948453037e-01 1.049457180308104309e+00 8.178676910106533748e-01 5.080759134567200963e-01 -1.189219990030676577e+00 1.506560887438488372e+01
4.567042887747288439e-05 -8.999602457914779308e+00 4.477174186608257056e-01 6.164779549059007380e-02 6.215529713637045761e-01 8.686335268230088724e-01 9.345515178957358726e-01 5.333541767285107094e-01 -1.042823075856313952e+00 1.459717643286719024e+01
4.647846000910948311e-05 -8.972630533934855990e+00 3.152460435354644819e-01 4.354299628846074188e-02 6.521583354961719703e-01 1.029399950476906245e+00 8.641764209905755667e-01 5.250653042446299379e-01 -1.134800219826209045e+00 1.474540973110657305e+01
4.864250942536019179e-05 -8.899082805617032577e+00 4.313055093280983021e-01 6.169427520109613955e-02 5.471358269380189876e-01 1.051240282408175908e+00 7.026261993871755207e-01 5.332068518784802702e-01 -1.180394379496104929e+00 1.561965931082846204e+01
5.322118938300217746e-05 -8.799864760767643901e+00 3.879418103752093616e-01 3.863633260944868142e-02 6.589737724036675015e-01 9.016862229887084856e-01 7.728343989950703374e-01 4.467651205522817359e-01 -8.996647254936189775e-01 1.532821183910851381e+01
5.376849443893955670e-05 -8.780374424820035273e+00 2.496485910034114131e-01 3.295542082374360027e-02 8.127830036761785060e-01 8.717464425087744218e-01 8.901329202751151470e-01 2.981621676528665166e-01 -1.163847916179008957e+00 1.453289330120801104e+01
5.415537596993792751e-05 -8.763945608228260298e+00 4.332327057417566518e-01 6.979876557899999945e-02 6.968837430180458981e-01 8.571066208449760193e-01 8.739771000948890478e-01 1.911080096815710450e-01 -7.773471257234725318e-01 1.473648069780002778e+01
5.377340046054501614e-05 -8.761764667038649534e+00 3.200823578874619768e-01 4.821481731933989490e-02 7.561844864935947097e-01 1.045284766657563980e+00 7.002551758374104818e-01 9.055272795503643835e-01 -1.033817530201335710e+00 1.517225924145039428e+01
5.499673778702844482e-05 -8.730010466941843461e+00 4.095689374939287530e-01 5.647895557718170256e-02 5.546247850140012536e-01 1.032544472523077239e+00 8.372942947712586070e-01 3.141416758740882553e-01 -1.260088728819211523e+00 1.493341964842113079e+01
5.359156094900090211e-05 -8.728368375190431294e+00 2.671852986556956244e-01 4.993974844996048462e-02 6.541419581453493670e-01 1.143301175108521139e+00 7.885197152194616255e-01 9.636693852215738598e-01 -7.151653516113026798e-01 1.437809376625709668e+01
5.684276064236710828e-05 -8.660380206094412614e+00 4.681273147125216694e-01 5.915223317875652892e-02 5.698522120844496941e-01 9.443889165936250052e-01 7.223857574516865387e-01 5.796919996002051212e-01 -7.683867385895751800e-01 1.538678591305399657e+01
6.019564978819257452e-05 -8.593978080659184116e+00 2.815158770593966797e-01 6.468658242828764782e-02 6.382984773241957566e-01 1.003719195021287813e+00 8.978065450543373238e-01 7.406699023359440970e-01 -8.664846147813856092e-01 1.413067995632027518e+01
6.113142802143811129e-05 -8.569461154446544882e+00 3.630101292183622874e-01 6.713383074434189912e-02 5.209587997346090127e-01 1.110324080975650718e+00 7.531485957775176932e-01 7.860347876552392643e-01 -1.088491546759627226e+00 1.486769969984647055e+01
7.230411428357509359e-05 -8.392515316260551472e+00 3.658705843792992018e-01 3.138825475380360025e-02 5.455678585378895828e-01 9.776281029460907046e-01 7.690159052178983101e-01 9.035261518041453055e-01 -8.683552010854952430e-01 1.501670311745481889e+01
7.861772442488833171e-05 -8.299708264833142835e+00 4.334567779921104647e-01 6.834752624887241446e-02 5.314460734594655955e-01 8.685372414669161323e-01 8.626764678610672199e-01 6.094022412988253645e-01 -1.219110088145039850e+00 1.467799692225929498e+01
8.057347168882064118e-05 -8.266045071383430809e+00 3.420660759538430851e-01 3.602409088378562968e-02 7.940377115412428077e-01 8.043580912773580227e-01 8.104146568608334711e-01 3.957163566249299880e-02 -1.040304994859898358e+00 1.499294954016226988e+01
8.386474916251812205e-05 -8.216918250078895980e+00 4.471043959547941204e-01 4.878754791313677508e-02 6.393870805301897775e-01 8.002571106700305803e-01 9.976424766233855657e-01 2.543669214535807521e-01 -1.266686018768973465e+00 1.469292847869237661e+01
8.940280408008996862e-05 -8.143880665926140239e+00 2.495302355169377595e-01 5.163244779359225933e-02 6.788808804025444621e-01 1.174639330411372473e+00 7.291820190069411289e-01 2.545533495399376900e-02 -1.299417685643802001e+00 1.547871710990023608e+01
8.950759387128077397e-05 -8.133618334666659067e+00 2.623300939400387555e-01 4.096239428749483269e-02 6.627563383949373055e-01 9.082661598209501586e-01 9.217224424962159324e-01 5.078717129210414960e-01 -1.214858209745901751e+00 1.442755574287124176e+01
8.956953116696948086e-05 -8.123835686771647246e+00 4.078570193734767368e-01 5.079261355040230741e-02 5.637449954698614540e-01 8.324591135804613184e-01 8.285905747585534664e-01 4.174543411255989822e-01 -1.109961037608181655e+00 1.478899193313670857e+01
9.033191419870851505e-05 -8.106269163779302289e+00 3.422055266608899915e-01 3.534885273786061988e-02 7.825172953090199224e-01 8.655870781739763986e-01 8.679113012512906788e-01 4.445602543342955792e-01 -1.298552387784380757e+00 1.507076610070669176e+01
9.275400024407918446e-05 -8.070718246925464356e+00 2.694207281012604982e-01 5.434700973496096876e-02 7.330636666169100257e-01 8.616077881515157300e-01 9.424237182264409984e-01 1.165780553636099892e-01 -1.197411894742622662e+00 1.441368195126481488e+01
9.897700154255484578e-05 -7.996690652212246064e+00 2.662773452994855461e-01 5.936672379539206096e-02 7.387961440458353790e-01 1.149689586715666456e+00 7.416768787045870948e-01 1.888527262617044622e-01 -8.984210032213669761e-01 1.503407792264223808e+01
1.057196397876076805e-04 -7.921696576117429167e+00 3.860864496741939211e-01 4.848347764882878635e-02 6.762593812944738270e-01 8.784920609010206105e-01 8.087645337863974548e-01 1.806818331951759449e-01 -9.895049372415369859e-01 1.520441398455511539e+01
1.080942909917543458e-04 -7.890392438563104349e+00 1.788285685777807332e-01 3.108561850825889220e-02 6.936185949224097369e-01 1.194374334216328881e+00 8.160141305983196203e-01 5.430946234974054487e-02 -9.073572277904125016e-01 1.456688165458093565e+01
1.103371978648675001e-04 -7.860764328374420629e+00 3.889147634868391767e-01 5.386840599790942985e-02 5.379853754783912034e-01 1.142043481998070709e+00 6.671646044338770398e-01 9.091219388020463921e-01 -1.227513475959080669e+00 1.548427874247919611e+01
1.098326915535289075e-04 -7.856256309302470875e+00 2.852439937769671863e-01 3.596081358957679136e-02 8.964775036049126289e-01 8.661852909173165527e-01 7.977535435841738298e-01 2.622759446925697624e-01 -1.112835810751393817e+00 1.508818277110022166e+01
1.092227953713613078e-04 -7.852733831905937656e+00 3.758079616489127250e-01 3.652896122106062682e-02 6.220051761064804285e-01 8.302407796238483462e-01 8.179071886224417165e-01 3.461812416324605013e-01 -1.240956342710694882e+00 1.502049444089540131e+01
1.219103895070636911e-04 -7.733746450553020679e+00 3.174662694278459485e-01 6.163245626248418235e-02 5.395079397735789151e-01 1.013701004188192645e+00 9.316769212534588007e-01 4.401322912506268614e-01 -1.218649964018130527e+00 1.430450581967890322e+01
1.237797930232271049e-04 -7.709437679896304019e+00 3.609726325036234362e-01 3.888411249567582523e-02 6.918851214738817035e-01 9.726332206070243958e-01 7.123326948257210356e-01 6.018536560146017234e-01 -1.074076152742459378e+00 1.549236117943073232e+01
1.257990409129718015e-04 -7.684165174646962804e+00 2.774048820617976974e-01 4.572267911453499478e-02 7.356302951776735322e-01 9.947849136368163148e-01 7.666506613966831418e-01 3.487185874999390589e-01 -7.803414495638928416e-01 1.467925212916327204e+01
1.294268822754249227e-04 -7.646643879839712277e+00 2.861089154565411019e-01 5.948530183157918483e-02 7.064407586316827636e-01 1.170889747981381790e+00 6.307257850517901110e-01 6.567296577059987817e-01 -7.301496885500762257e-01 1.529713499291156609e+01
1.339745445355624762e-04 -7.603019261046638277e+00 2.748633331317404949e-01 3.569067005759951616e-02 6.837785497583416250e-01 8.564270043172633740e-01 9.643659607287888846e-01 6.017989028070134250e-01 -8.447012703028607961e-01 1.413276085273330551e+01
1.415740398846018300e-04 -7.538755337404702495e+00 2.326477919537153216e-01 4.065638429797595321e-02 7.553591199502208697e-01 1.078062829288952695e+00 7.949595176420776177e-01 4.572427020035099154e-01 -1.113823327507908356e+00 1.483876644145946067e+01
1.473349643983797540e-04 -7.489778594691809843e+00 4.269103859177162397e-01 4.778560433646401179e-02 5.574836714451680830e-01 1.063018039820190275e+00 7.568923716430129289e-01 1.710596446959770645e-01 -1.244092768474474475e+00 1.561020356820255195e+01
1.482276187350354993e-04 -7.474647292792503173e+00 3.706974766587310954e-01 3.606640413053908978e-02 8.320370265606118476e-01 8.216113946459397965e-01 7.733753613009647365e-01 1.716850542225988874e-01 -7.683162263847759244e-01 1.514634440930915638e+01
1.509587680352063158e-04 -7.447298700277604766e+00 4.713549151335175713e-01 6.597626268343703693e-02 5.567238233305259465e-01 8.903772971299370731e-01 8.910887089302025332e-01 2.168472766909185223e-02 -9.688004884388246030e-01 1.495402204821398584e+01
1.616778188106414047e-04 -7.369608949120565633e+00 3.279375375483267741e-01 3.297330161162715517e-02 7.132553686885365618e-01 8.787292778740102284e-01 8.448397368023609078e-01 4.476496507898360400e-01 -1.182474009822328309e+00 1.501932731486698103e+01
1.609329532698806182e-04 -7.365135783321703045e+00 4.592855192929187202e-01 4.604958608616856880e-02 5.409621304200905589e-01 9.202828350945967406e-01 8.860233119592576534e-01 3.751064011267892795e-01 -8.859342699337907634e-01 1.485801248281734033e+01
1.594998481990158917e-04 -7.364989742668671013e+00 3.207818893794368020e-01 5.841756962010012655e-02 7.307511526889294284e-01 8.219954116352193862e-01 8.801174556240916047e-01 1.751006449934366382e-01 -1.206035634172591520e+00 1.464300785463678523e+01
1.620805800361912715e-04 -7.339848184874872672e+00 4.993252639818435146e-01 5.352330032935208315e-02 5.745776705486784763e-01 8.514324079891044672e-01 8.918535002263769940e-01 9.870856969336290199e-01 -8.885706816967308130e-01 1.459375644672765659e+01
1.619273097404618725e-04 -7.331703365752748169e+00 3.311021653978986068e-01 5.648061957334583882e-02 8.237667969608259977e-01 8.053372947357646527e-01 8.306251221911903349e-01 3.295816966395567760e-01 -8.825203234023968335e-01 1.466152768312392674e+01
1.605133066367652817e-04 -7.331383139362461776e+00 4.036338946105766379e-01 3.948212389836498748e-02 7.755031082260659403e-01 8.054444036780793459e-01 8.246202144343679485e-01 9.531307765348308036e-01 -8.314346130352152642e-01 1.479486250761985389e+01
1.632391420607057556e-04 -7.305452821968187571e+00 2.964541666978450785e-01 4.182233235812985589e-02 8.380093577065295118e-01 9.549260806248184297e-01 7.561521696804698323e-01 8.756776616441679373e-01 -1.295792681387186729e+00 1.505575881414900330e+01
1.647577932543026257e-04 -7.287101691928167035e+00 2.606475403846139072e-01 4.031921991026351376e-02 7.609277337908931793e-01 8.354451835679272964e-01 9.498381362465657674e-01 1.459539051513261687e-01 -9.553917850653507182e-01 1.431111623595858262e+01
1.723817207344855904e-04 -7.232775934231389314e+00 3.988011603330006150e-01 6.143019818156896655e-02 5.516626543215470413e-01 8.266342494590175338e-01 9.896302298014483245e-01 7.234756914550087847e-01 -1.118552234320871808e+00 1.437947484138045517e+01
1.742980225599469429e-04 -7.212629742102418362e+00 4.444362226940296035e-01 6.052903214148790123e-02 5.517737686406553044e-01 9.333261054611903251e-01 7.725253096845405842e-01 1.705326867936102220e-01 -7.711062824349615985e-01 1.522538181394031476e+01
1.836761971648908807e-04 -7.151131031107007985e+00 4.923262379218931173e-01 6.958720441616632335e-02 5.015851491060862033e-01 8.689692985181769469e-01 9.671073534154086548e-01 9.049445206813049314e-01 -1.079461446947822978e+00 1.441328326434360463e+01
1.908405293384137955e-04 -7.103776376971711493e+00 3.575782592309394436e-01 3.750472968602241303e-02 5.936112888995429548e-01 8.870044670066390413e-01 9.587796854757901777e-01 6.501671842235198229e-01 -8.155578712972779698e-01 1.423153354364170653e+01
1.894375482903859216e-04 -7.102064212521117526e+00 2.824547987907300994e-01 6.161047921906032121e-02 7.406237272819344852e-01 1.067980662203443565e+00 7.083915985899432721e-01 1.217191904322817431e-02 -7.693150667851973434e-01 1.524322684619534840e+01
1.888167460959910490e-04 -7.096255765842470531e+00 3.174058463258093710e-01 6.423760457473368102e-02 6.120177272602067564e-01 1.195435301091532398e+00 7.109602100018594939e-01 6.825975426472252749e-01 -7.318151043244620624e-01 1.492163956381043555e+01
2.019491623959514639e-04 -7.019925809652399984e+00 2.369486849554816865e-01 3.150729498949359636e-02 6.646662966068791478e-01 1.032363739956273729e+00 8.617498878553506714e-01 8.407511413248334176e-01 -9.807096204780734183e-01 1.429539913256285288e+01
2.079664200095480769e-04 -6.981474270574658192e+00 3.393374170925411715e-01 5.979665873199711823e-02 5.100280893694414397e-01 1.040843362745353495e+00 8.327835716909263164e-01 2.244522545812576708e-01 -8.510157084182329301e-01 1.444335811372537925e+01
2.098011377280947364e-04 -6.963599867025067169e+00 2.601592170213489208e-01 5.233549341166001539e-02 8.373810192720957390e-01 1.181788943534431535e+00 6.401820954758010718e-01 4.941672250372211028e-01 -8.273910438249414412e-01 1.573488486924514618e+01
2.132674998027467186e-04 -6.938121831413313956e+00 4.121124723123400502e-01 3.507942647258645297e-02 6.656272001433792829e-01 8.031757559334813390e-01 8.868034405023321742e-01 6.119840925612621829e-01 -1.026517232878340735e+00 1.495977939905779408e+01
2.120612948458913964e-04 -6.934702808193728529e+00 3.808855137618428754e-01 4.020185030454662134e-02 7.587756657341524491e-01 8.646702580535532423e-01 8.355614242740714293e-01 1.040350079999790567e-01 -1.188939488231169461e+00 1.528817640757554130e+01
2.150647959473992441e-04 -6.911547899394927086e+00 3.733503418371988403e-01 6.501964975781679423e-02 6.076241304511336150e-01 9.249840567114098189e-01 8.268622879072486942e-01 5.291966656512570033e-01 -7.472109395100031692e-01 1.445973484105797269e+01
2.145823825668015069e-04 -6.904702616983070307e+00 4.702101142752352914e-01 4.443293953891871290e-02 5.119437255359229333e-01 8.322693573635314701e-01 9.636885446858918236e-01 6.540131220214950858e-01 -9.005704268472325413e-01 1.457932907255631072e+01
2.127150458605927066e-04 -6.904351983257706493e+00 3.131507269340660926e-01 4.509596081175239191e-02 6.687225705767261275e-01 1.195978550426105347e+00 6.662495302504497507e-01 8.734322707655637341e-01 -9.704332934767645469e-01 1.545401017559149892e+01
2.296035802182401161e-04 -6.818860273735761979e+00 2.191515770272808861e-01 4.362254021246168151e-02 6.300215544990928063e-01 1.097141836469143206e+00 8.027881719211351630e-01 7.033914955374859224e-02 -7.759332962802237832e-01 1.453744743200852696e+01
2.351200727122090687e-04 -6.786027290887353125e+00 4.674958947754427330e-01 3.508355241006534675e-02 6.120937779487289898e-01 8.788074095572336875e-01 8.275312845673380435e-01 4.232611369086968223e-01 -7.886329292840799088e-01 1.511297517526567802e+01
2.368051787326455799e-04 -6.769794940744087164e+00 2.770167522871141430e-01 4.951914269053192541e-02 7.017717431526878658e-01 9.564260593217953632e-01 8.686479302448379958e-01 2.411726175577952047e-01 -1.178018250709628401e+00 1.468597560289134663e+01
2.348236519246207573e-04 -6.769106988973797812e+00 2.516134247626673481e-01 5.040517884639796747e-02 8.337069694641601192e-01 1.100817449120105485e+00 6.846962536213586636e-01 5.669231455512150353e-01 -8.037158966194819509e-01 1.511686479577369902e+01
2.477192334985125490e-04 -6.706554913141189012e+00 2.933994703882913391e-01 3.402307585460309647e-02 8.019269965129167677e-01 8.916582052603234665e-01 8.172524873004156643e-01 5.708762434090394189e-01 -1.061708298824334040e+00 1.495365986587884422e+01
2.510350942250639877e-04 -6.684167238902121611e+00 3.194345846450366011e-01 6.461477903201508222e-02 6.768508858802479988e-01 1.071619705533682243e+00 7.774208885863664875e-01 4.748519846551401136e-01 -8.988804238318495177e-01 1.489782440110763773e+01
2.672859651643592145e-04 -6.612349960964834850e+00 3.499445633128599464e-01 3.518680171107930327e-02 6.972356061885369716e-01 9.578792546640924055e-01 7.707448013448313651e-01 8.895391277509492323e-01 -1.157946125627471012e+00 1.528943649600171462e+01
2.748932522119106568e-04 -6.575195319175487718e+00 2.296950001369359728e-01 3.851538516489748376e-02 6.745613482056957988e-01 1.105412646097035267e+00 7.741153840265337926e-01 8.053517736596775833e-01 -1.024798563042096822e+00 1.456277872312109523e+01
2.767094278236894894e-04 -6.559519300038846090e+00 3.400664604087856313e-01 5.380570165524500847e-02 7.740389470075013101e-01 9.496174639984340526e-01 7.885319905778178651e-01 1.121255165742701121e-01 -1.143123986793900926e+00 1.498515946189291626e+01
2.784642082156754640e-04 -6.544106814699251373e+00 3.695946925940749583e-01 5.365549648760736812e-02 6.277909898755507090e-01 1.147589047728088563e+00 6.829809018699497525e-01 7.890113996414203079e-01 -7.654326407944739286e-01 1.550946041324882962e+01
2.834572684569643748e-04 -6.517244057175265226e+00 2.792433612857859737e-01 3.727626762308979685e-02 8.564042132437300614e-01 8.625337665775892892e-01 9.443525135824425432e-01 5.995780864524233866e-01 -1.290555601406505604e+00 1.452198598932761620e+01
3.012498125122833816e-04 -6.447274668905801143e+00 3.166162944567574300e-01 3.127338357581162936e-02 6.172863381678896921e-01 9.603906667253540030e-01 9.340524040366958713e-01 6.807464374293614728e-02 -9.753866756895734902e-01 1.469947261638711034e+01
3.084325910146795561e-04 -6.414620308409116234e+00 2.978749646571303700e-01 4.377714994644486129e-02 6.899813039564386408e-01 8.736818696530823658e-01 8.490644107378637617e-01 3.050947290430104375e-01 -1.029434856280725841e+00 1.475275597885160295e+01
3.202008852538937127e-04 -6.368084147913511295e+00 3.880444863912472231e-01 3.080446591715404331e-02 6.241177089444847059e-01 8.264397002763087530e-01 8.522816898339455882e-01 9.597511884974901930e-02 -1.178765455717224242e+00 1.514972981502810079e+01
3.760187859121972903e-04 -6.198302699397634008e+00 3.501491600267029325e-01 3.393854956697299474e-02 6.594563244559726867e-01 9.030772772863101538e-01 9.336141625862457438e-01 8.347814004931125575e-01 -7.104308710988046505e-01 1.436197742110863018e+01
3.792120789390805062e-04 -6.180755271365121928e+00 4.544761363565701373e-01 3.680266823092408213e-02 6.400008316458087876e-01 8.422566710502424892e-01 9.043572706983808995e-01 9.163751519637519660e-01 -8.749468109834234175e-01 1.467896283444303585e+01
4.409651296693591570e-04 -6.020794184614033817e+00 3.416680013117741055e-01 4.408538637234722668e-02 5.425443571807910814e-01 8.958014359779109537e-01 9.526527091704294348e-01 8.550650034759508245e-01 -1.053410089712841557e+00 1.417458686706611637e+01
4.380635686484527446e-04 -6.018305043053031156e+00 2.420721242238039750e-01 4.303301822555301998e-02 7.650221270262742568e-01 1.172472619699346463e+00 6.985638158973310752e-01 7.956060568585086035e-01 -1.065906769343147875e+00 1.526492193598073577e+01
4.359947798972911570e-04 -6.013947897143517629e+00 4.358414256150048294e-01 3.928565684518560419e-02 5.074506339077102801e-01 9.249777187103129794e-01 7.897177809636191093e-01 4.052125525665926653e-01 -1.223951842097743992e+00 1.509781807422612943e+01
4.353591856221683152e-04 -6.006315854169022472e+00 4.271076316119154503e-01 6.855910584721255918e-02 6.735125430074906383e-01 9.131334356968563437e-01 7.914428145497320877e-01 7.822808584213565286e-01 -1.192995995963049616e+00 1.498965417132144751e+01
4.469766234522337114e-04 -5.970890052807808601e+00 2.328380403397725118e-01 3.876434356410449200e-02 6.679829812132020983e-01 1.082034675444260241e+00 8.268913966555094808e-01 3.508375549764764512e-01 -1.259397761242054825e+00 1.453936641977953670e+01
4.585698342995668032e-04 -5.936192849978113806e+00 3.826173416179421416e-01 3.192189462586318000e-02 5.808895477228270821e-01 9.173845302327698903e-01 7.970333295247855609e-01 9.919822296314586563e-01 -8.931619285985046286e-01 1.496076817022035677e+01
4.907744760020264514e-04 -5.859229824745994186e+00 3.932881973379963592e-01 5.473023986251143724e-02 6.612103930730363066e-01 8.805375034258183797e-01 7.735801747858277455e-01 3.346759527326096939e-01 -8.198127821806824311e-01 1.494638390326694122e+01
4.921639134249625094e-04 -5.847311803878167069e+00 2.921467151872640944e-01 3.943186189125266750e-02 7.376368072600028025e-01 8.484973891771712129e-01 9.463365834043611091e-01 3.437806316009685559e-01 -1.087714726709990032e+00 1.432260241525167821e+01
5.465158969847366171e-04 -5.733469317250621700e+00 3.736240052787015431e-01 4.694196098772246417e-02 5.516308606033072381e-01 1.040350099822939578e+00 7.680468995872541393e-01 4.565888767833781725e-01 -8.665500233004774788e-01 1.484407221809883559e+01
5.444886585967129546e-04 -5.728094690939268041e+00 2.988083310120392411e-01 3.442331445121745576e-02 6.561786724767108003e-01 1.144138804080035765e+00 6.902980754528925678e-01 4.102791203234151252e-01 -7.873627951875649122e-01 1.530258349230086701e+01
5.497432689951387702e-04 -5.709399509377050208e+00 4.490973248169746190e-01 3.676883002975921133e-02 5.378188853493212074e-01 9.249364827292061442e-01 7.823810975375280474e-01 4.872194434449772515e-01 -8.482650209219296800e-01 1.522267054064880831e+01
5.751461296104292808e-04 -5.655135838927489722e+00 2.428671188295767058e-01 5.309546789617597407e-02 8.269666363271485077e-01 1.058725434077781857e+00 7.893642209600919557e-01 2.707214391313674806e-01 -8.899876489944678060e-01 1.459811349825717031e+01
5.857806658744298600e-04 -5.627723647602907775e+00 2.932374413438969540e-01 5.806573115799225360e-02 6.915799945487579592e-01 9.332377323580556272e-01 9.123322472909621839e-01 7.314585007258692650e-01 -9.071821349896133091e-01 1.430964851695522810e+01
5.894136839471637726e-04 -5.612449880933114699e+00 3.600405657865098918e-01 4.989397044002787107e-02 6.051538856748200912e-01 8.439534486034807603e-01 9.476247785637003096e-01 7.609407470709148580e-01 -1.197840570649897796e+00 1.428338050430064321e+01
5.880010517426649454e-04 -5.605758522042297187e+00 3.989766724334242731e-01 5.302352651757343688e-02 5.139605064194959771e-01 9.276735651540237715e-01 8.815904613434273340e-01 4.362341851554087380e-01 -7.812999897107367753e-01 1.460241781266898364e+01
5.839571193151511493e-04 -5.603568795224215471e+00 3.278763491224775395e-01 4.781805600281664737e-02 7.249036081878074134e-01 8.554997579505038141e-01 9.357745704007770504e-01 3.312402414579390109e-01 -7.354327211357382099e-01 1.428511274754066740e+01
5.864582269667592855e-04 -5.590203999146644342e+00 3.263706844027264298e-01 3.230775069817098943e-02 5.052962293067081445e-01 8.907444841190058638e-01 9.932186988699585051e-01 2.911336144545106919e-01 -9.530781582461436141e-01 1.426868720544618085e+01
5.901525966387913616e-04 -5.574833389515134741e+00 4.425587351290515281e-01 3.784343681638077661e-02 6.607191787240654923e-01 8.184791097941581661e-01 9.180886820226150657e-01 9.993509064540919695e-01 -9.556155793401701626e-01 1.461173936685329267e+01
5.959881157082959043e-04 -5.555902895473894709e+00 2.678649746717097213e-01 3.881917642189709056e-02 6.760495886961015444e-01 9.200466719474209576e-01 9.777612973011887698e-01 2.077361026336704830e-02 -8.610468410143687912e-01 1.431395671144401227e+01
7.045932655753412268e-04 -5.379412005099582395e+00 4.636853584224355229e-01 6.811588453126823928e-02 5.506533821546932828e-01 8.058486818053315348e-01 9.078948255485991270e-01 7.747589056476389402e-02 -9.174230878770573971e-01 1.461103674797279162e+01
7.356117087354941764e-04 -5.327239394209685841e+00 3.377269882912330989e-01 4.541084491425950026e-02 5.789223562482399554e-01 1.134480224880668908e+00 7.421678946150976897e-01 9.129546527629192054e-01 -1.133381158346954631e+00 1.517752310675089333e+01
7.532363609747838194e-04 -5.294471824038184060e+00 3.448366527963283579e-01 3.336913509657413873e-02 5.112987162930824336e-01 1.055960031225021245e+00 7.934680072907467352e-01 1.393670118615880082e-01 -8.522850267254921119e-01 1.509803668267059784e+01
7.482525197222484508e-04 -5.292019471675776465e+00 2.712646335171731149e-01 5.499511935795142747e-02 7.977336036920230633e-01 1.098335538403140133e+00 6.785178261279886103e-01 5.601495507978739852e-01 -7.216298759096556603e-01 1.508536633495845081e+01
7.743280795525112970e-04 -5.248673417628362259e+00 4.959737256931917582e-01 6.329082913224157170e-02 6.082052760818078552e-01 8.123237980135372682e-01 8.996585097559899324e-01 6.883277622029686516e-01 -7.796827635291989633e-01 1.465118681557386537e+01
7.720534816219298130e-04 -5.242524343370627449e+00 3.563374250003901178e-01 5.504274149277061517e-02 6.665651139468899977e-01 1.045994104342050202e+00 7.152634350047698542e-01 9.923471845559096449e-01 -1.236524275387261840e+00 1.536272104686514872e+01
7.947829617137831077e-04 -5.204418185369005023e+00 3.251358807358349923e-01 3.828767898212669801e-02 5.713363806894526942e-01 1.061104668744281554e+00 8.533178174311638609e-01 1.322535412448420100e-01 -9.394617931219622076e-01 1.476777562602246441e+01
8.053206992592949927e-04 -5.182155767268715074e+00 3.293406635039395347e-01 3.051758647714420888e-02 6.837612393601695260e-01 8.689293431376448051e-01 8.171725613856504200e-01 1.826168389223301047e-01 -9.075585048117691400e-01 1.488664441123176907e+01
8.016034758435223702e-04 -5.177691373982161949e+00 4.431949732315784152e-01 4.539464531068937436e-02 5.187667572536850402e-01 9.667893015140194279e-01 7.552705468428294600e-01 8.632781699925826668e-01 -1.096229035099549387e+00 1.507075517007944221e+01
8.013777299622173349e-04 -5.168882122445290328e+00 3.154861516372621244e-01 3.938290831262175606e-02 5.548438172400117496e-01 8.675272001211347117e-01 9.912891170251595385e-01 4.429687186209063654e-02 -1.144770047394700674e+00 1.442794082458062555e+01
7.966594630089291742e-04 -5.165696308285321336e+00 3.362718450652097957e-01 6.681564893561470209e-02 7.210519686863825495e-01 9.599528120435243395e-01 7.917514481335095056e-01 6.122093234936570871e-01 -7.165294593096481757e-01 1.456067468045651481e+01
7.978011664133981447e-04 -5.155173311655184776e+00 2.964071943014670030e-01 5.985783901535753071e-02 8.525978520380803616e-01 1.071470774151961347e+00 7.393518840362242051e-01 9.150189907315486870e-01 -1.157072369774129639e+00 1.508835638072256202e+01
8.167922298632392239e-04 -5.122557050166702375e+00 4.345503715829314162e-01 5.686220854376414224e-02 5.337375758789021374e-01 8.219219646530953050e-01 8.851591378345157191e-01 4.277168799445870695e-01 -1.121644971819860004e+00 1.466687186602715620e+01
8.099532967114364285e-04 -5.121874307357719758e+00 3.327493942008228900e-01 6.342323199663923994e-02 5.356759664974016788e-01 1.047898071952973575e+00 8.541428505329150545e-01 1.941707018815526653e-01 -1.037369031807115594e+00 1.455336183405814587e+01
8.290992401547515791e-04 -5.089420127238251546e+00 2.517408084408045976e-01 5.681700352116512975e-02 7.600469273158400041e-01 1.106814066002483443e+00 7.689495290216090684e-01 5.025350762970099971e-01 -1.056925248546206619e+00 1.466424624906309759e+01
8.538115740620005195e-04 -5.050958546626648449e+00 2.685114869333506959e-01 3.384570551864365950e-02 5.385348602902487736e-01 1.052521274167848908e+00 8.830942826753434005e-01 1.635822175487250396e-01 -7.516369660113105811e-01 1.433274757875299166e+01
8.586724332564852616e-04 -5.036190653425623331e+00 3.504159778831071881e-01 4.306463017754863509e-02 5.836566047678444225e-01 1.123402028254434804e+00 7.424957982000037759e-01 3.737445515990341915e-01 -1.207031287935168340e+00 1.550157657014620050e+01
8.796749558025327093e-04 -5.002934787784585779e+00 4.662627634501820273e-01 4.914461024642381021e-02 5.295797048715145117e-01 8.211945275304023406e-01 8.250847325225767470e-01 9.808075866117764718e-01 -7.519188981790886350e-01 1.473853220188319213e+01
8.842720149868332465e-04 -4.988631624960421007e+00 2.894681664657786091e-01 4.847906146698326146e-02 6.886761154509744021e-01 9.922146419220236879e-01 7.813456002381712340e-01 5.666149868970737913e-03 -1.232987404147402710e+00 1.506655165410307262e+01
8.825007920841859308e-04 -4.981545754082625344e+00 2.796169320344661924e-01 3.161399727999523318e-02 5.485675737930473250e-01 1.151730913325597738e+00 7.894229186754062599e-01 5.370459402173421992e-01 -9.964107026863320282e-01 1.462120050481775024e+01
8.956070133677859150e-04 -4.957712815735293432e+00 2.994155771456372683e-01 6.805187643443946777e-02 7.259691067708690104e-01 1.188465219871106537e+00 6.640676625833065172e-01 5.029232272899886169e-01 -8.270857241978726293e-01 1.540795018003284866e+01
8.928077290586122197e-04 -4.951752373564401566e+00 2.561106965624279086e-01 4.751573726164588785e-02 8.148331903204573123e-01 1.198154639807521793e+00 6.547012280704903597e-01 6.707962909555096331e-01 -8.289928063259515145e-01 1.552256428348024464e+01
9.273173012144858476e-04 -4.904736917906903138e+00 2.879724182980889502e-01 5.397453646532751614e-02 7.177100341130133732e-01 8.422828316797177362e-01 9.500982138479386885e-01 3.626818207278831308e-01 -7.338197777841048985e-01 1.422852936040342264e+01
9.406928132224496924e-04 -4.881325164941938688e+00 3.200911459360054057e-01 5.303539742052107431e-02 7.027382627759785061e-01 8.919535648781931059e-01 9.277583694498641176e-01 8.434560820224625832e-01 -1.102742001069041633e+00 1.444527098132343745e+01
9.443961400913602946e-04 -4.868305176932361533e+00 4.360224435021035072e-01 5.629642463118681578e-02 6.937072571077660399e-01 8.363867746463802266e-01 8.573356063222041801e-01 5.924272129244463336e-01 -1.105412076329971516e+00 1.484468696917865493e+01
9.805531023304911963e-04 -4.821643183300473368e+00 4.024754063072494281e-01 3.852678359927560331e-02 6.536831537370656475e-01 9.733356918831367333e-01 7.809377241305953676e-01 9.365090371016373538e-01 -1.078356041251542052e+00 1.510245637079115610e+01
1.002966232640690016e-03 -4.789951955764142788e+00 2.797976454482812292e-01 4.521938006501019514e-02 7.746191707128022852e-01 9.869854241387904237e-01 8.094838538953639251e-01 6.797571715033650097e-01 -8.927178163201625605e-01 1.475290729636519416e+01
1.002008589767988981e-03 -4.781816313477405878e+00 3.321715444501441294e-01 3.426185214544347213e-02 6.373066874712947083e-01 8.636439209331499001e-01 8.915022167930556352e-01 1.063068830817228139e-01 -8.281341824150396658e-01 1.471595559762578276e+01
9.945852184184613559e-04 -4.780161474282553336e+00 3.873378580794101245e-01 3.814056468737826722e-02 5.710122552361879267e-01 9.378609276390768024e-01 7.725078587667476571e-01 7.917734289812241588e-01 -9.715069976642867200e-01 1.490959795884615424e+01
9.935415536550939054e-04 -4.772120462888206127e+00 2.915867203703482735e-01 5.207005657186125624e-02 6.043017459021815529e-01 1.148761533886929032e+00 7.492451034512415120e-01 8.961324163644437402e-01 -1.117015855720764339e+00 1.488272791695343322e+01
9.864784336578306164e-04 -4.770163976683821083e+00 2.734746690375728928e-01 3.789505175011654431e-02 7.024982067932890040e-01 8.665007482827710161e-01 9.784724728051074072e-01 1.142188818985426235e-01 -7.300199832256780708e-01 1.422701903059663309e+01
1.034476205349033236e-03 -4.713564035536092156e+00 4.947126010228378723e-01 4.386268499901243428e-02 5.235819397972595324e-01 8.009816267202930495e-01 8.545727198255494983e-01 4.494751267305839293e-01 -9.896776423629881636e-01 1.495414100110802558e+01
1.050464112189995443e-03 -4.689136265150933625e+00 3.202557802090134631e-01 6.372130323985636391e-02 7.958530054284116417e-01 9.521582757932811614e-01 8.140486015569236011e-01 3.530043361491569387e-01 -8.656737922643668037e-01 1.482726838510789413e+01
1.042048203963965788e-03 -4.688089230917565686e+00 2.306216173396317126e-01 3.731671678363468470e-02 6.389062683950953447e-01 1.165329729314231955e+00 7.882022520757082651e-01 4.736389026823609738e-01 -1.154057828651613660e+00 1.469969277006813968e+01
1.063773487056776049e-03 -4.658364044938680060e+00 3.602242409933752443e-01 4.569730553731210509e-02 5.431963781414855807e-01 1.015691615453520047e+00 8.019501365498108436e-01 6.585226323923489833e-01 -9.791183358819230964e-01 1.462543752167992928e+01
1.095824006636630715e-03 -4.619589018253271284e+00 2.989551895308357743e-01 6.066905137983213958e-02 6.888183553119284763e-01 1.164258825240738648e+00 6.859575203235241947e-01 2.974008270203076787e-01 -9.106689204837713492e-01 1.546677505947196885e+01
1.124185763867066590e-03 -4.584945698747661780e+00 3.476056239912158063e-01 4.984139542625846964e-02 6.786068641704570137e-01 1.009522588683268829e+00 7.351732706472472456e-01 3.036119271134785080e-02 -1.172434654488740735e+00 1.543789919294919244e+01
1.122801906525388704e-03 -4.577086534303045795e+00 3.022416025719050214e-01 5.122771567794637965e-02 8.574518590146802399e-01 1.003673990236358282e+00 7.435236526340527341e-01 6.444866593897530249e-02 -1.163555603559323526e+00 1.542765734960571145e+01
1.121042211248726673e-03 -4.569564090350575647e+00 4.774713138185815442e-01 6.813545957125347052e-02 6.226703274130124255e-01 9.260478829583878024e-01 7.783278189024616101e-01 7.439822099680528655e-01 -1.054524080016908449e+00 1.523006082535834871e+01
1.145905698016897768e-03 -4.538536652671822935e+00 2.360728053474618893e-01 6.799774180876723417e-02 6.800981021857610553e-01 1.179120242567999854e+00 7.490321413850107302e-01 1.166265406278810812e-01 -1.036089091715573174e+00 1.468056781070031747e+01
1.138151174672279902e-03 -4.536235901244361379e+00 2.558059213148867195e-01 4.351590782775746624e-02 7.298543416006854079e-01 1.005127403564909816e+00 8.233843760927188615e-01 9.135939896424628559e-01 -1.245580697860487751e+00 1.460843629456548243e+01
1.144741849217943697e-03 -4.521371009065188851e+00 4.854017110437606197e-01 6.714010281277429937e-02 5.794050149590890264e-01 8.420983876972882864e-01 8.386148929544753328e-01 1.526725838907945776e-01 -7.963504462515000881e-01 1.504229718221522738e+01
1.167138406329659662e-03 -4.492904305979343427e+00 3.588198139167448897e-01 3.875852263868410225e-02 7.808059525686754654e-01 8.939687572512426961e-01 7.741879141038939816e-01 3.358491135771524139e-02 -7.646931672330354868e-01 1.523041205276692800e+01
1.237432047310552726e-03 -4.425330040582693414e+00 3.701286358768717255e-01 4.416594855500735606e-02 6.635312231995288412e-01 8.395944369923550310e-01 8.256281224516558437e-01 3.165885875329799148e-01 -1.073084130772715916e+00 1.500518432395472601e+01
1.246583064598792787e-03 -4.408871174153185635e+00 4.189056153673589300e-01 3.370420382013618321e-02 5.706080169759614185e-01 8.632334438954452072e-01 9.373881018828665868e-01 7.704635425788216585e-01 -1.187658778854148389e+00 1.451162215020615420e+01
1.263760111289469234e-03 -4.386095032748814404e+00 3.951186951429034311e-01 3.098156903150283553e-02 5.601251754809603023e-01 8.962357968652261420e-01 8.034168187971085784e-01 3.861785233732426548e-01 -1.195417986613794170e+00 1.507591234923163448e+01
1.267869544255575314e-03 -4.373757648355782734e+00 3.823924296996631389e-01 3.750365328480346344e-02 8.130670898831569016e-01 8.107443010428707630e-01 8.836146310917560864e-01 9.926185562919296324e-01 -7.627220572139216115e-01 1.468001523256976881e+01
1.283078611124077988e-03 -4.352742351815403588e+00 2.947104035079178841e-01 5.182468418850331993e-02 5.815295963966408133e-01 1.142734462304642040e+00 7.075701480113794073e-01 3.161450311767582400e-01 -9.363655469659479813e-01 1.515391045600967601e+01
1.289329171705030051e-03 -4.338791736635776886e+00 3.348632906828566957e-01 3.604219170038516079e-02 6.692924934883797139e-01 8.817394871396622147e-01 8.483121290715116558e-01 9.058195490005421791e-02 -1.047164918276356271e+00 1.497223938152479050e+01
1.282344411815586555e-03 -4.335132914345827260e+00 3.458003426709110872e-01 3.965107618707264248e-02 5.392768526312250454e-01 1.108278957136091591e+00 6.937041346078903770e-01 4.682339082058326607e-01 -7.957830948424176043e-01 1.530030684860380141e+01
1.341458815304238418e-03 -4.280974289704255753e+00 4.240736817684239712e-01 3.892704269965831243e-02 6.714016335608753439e-01 8.053090456962513910e-01 8.472455222604082792e-01 1.012907333744818006e-01 -7.306365644869354803e-01 1.488694187944671832e+01
1.359453344992198271e-03 -4.258558403812347848e+00 3.488715584305253636e-01 3.842970998741069427e-02 6.156475600814714788e-01 8.289742996770380623e-01 9.004076066072137507e-01 5.544296101705092905e-01 -1.256317026953735816e+00 1.466037338566436610e+01
1.355796598521238037e-03 -4.252160984276953215e+00 3.575285745011977934e-01 3.448773850394294682e-02 5.264733285115694716e-01 9.011762608785809370e-01 9.868444710056279989e-01 4.482226678137080089e-01 -1.173346603124166831e+00 1.444493940585676839e+01
1.348703238955149646e-03 -4.248315685286004673e+00 2.796646017297318432e-01 4.699158108717091387e-02 7.862829619988269680e-01 9.532086079666693967e-01 8.437599027916338201e-01 1.982738913932441394e-02 -1.026751992120965351e+00 1.462652436064256989e+01
1.343166444365472825e-03 -4.243338498662502900e+00 3.018654893921667304e-01 5.702942141705387435e-02 7.288398954156426468e-01 1.117646813923848903e+00 6.623320468354831903e-01 6.482494102203435471e-01 -8.423922594747441650e-01 1.535452702190359631e+01
1.349949741876153636e-03 -4.229210070663144805e+00 3.922951032017923945e-01 5.260268762444765545e-02 6.463447030990721043e-01 9.008143185485106841e-01 8.521668508946886877e-01 3.294200744061925867e-02 -8.549152030135904745e-01 1.476607188352403455e+01
1.453041243206179122e-03 -4.146527756041228585e+00 3.486273231174574772e-01 5.272586111969519707e-02 6.778447205375739415e-01 8.317030136464240719e-01 8.886569436579212500e-01 5.995039928420966557e-01 -1.133211190852122074e+00 1.461933841086220021e+01
1.449607656569644465e-03 -4.139802677856238233e+00 3.532248038969426629e-01 4.340261107952856495e-02 8.402779561796684948e-01 8.496338111255326009e-01 8.173527463230443324e-01 1.424494819308042004e-02 -1.206872455155521440e+00 1.512511706438461800e+01
1.448358430503631292e-03 -4.131573908697856012e+00 3.450572094279594215e-01 4.271320707651025256e-02 7.478869435721340331e-01 9.925297757700310974e-01 7.675928503398586900e-01 3.862235738107898664e-01 -1.261638318502877443e+00 1.531081940639221273e+01
1.451845856639228305e-03 -4.120078046389038740e+00 3.796317158535553737e-01 3.497995506290706852e-02 5.236111734532242767e-01 8.608974414708878697e-01 9.910873718171780977e-01 5.241487958947034231e-01 -9.245053178280311368e-01 1.434192120440945573e+01
1.485283781445906250e-03 -4.088217036111637448e+00 4.155048389094002648e-01 6.367158288609219008e-02 6.302074537540107713e-01 9.715744007682564076e-01 7.621083806475849043e-01 4.953303377642429006e-01 -1.017534250155259334e+00 1.517888189093992501e+01
1.517221710354185000e-03 -4.057851139417585351e+00 3.591186118565093954e-01 4.794472106845018566e-02 5.453928238140721696e-01 1.173468962670464855e+00 6.960224070204319435e-01 7.696613547392804344e-01 -1.099859605929245587e+00 1.525048571624088822e+01
1.505568195645589019e-03 -4.056470704958234030e+00 3.787757223692264086e-01 4.716113197398488777e-02 5.554182312053561610e-01 9.497586120654420982e-01 9.073566939712682800e-01 2.536814237087323676e-01 -9.891899528740326630e-01 1.462209513015297624e+01
1.495254782373812335e-03 -4.054253546138509634e+00 3.831741712475065231e-01 3.577408302521357247e-02 6.363220179339228455e-01 8.495713981351775690e-01 7.984082831913112965e-01 2.981069524058527764e-01 -7.740526764298774065e-01 1.507051023098211573e+01
1.514687403434091927e-03 -4.032250169057884470e+00 4.010161266845019279e-01 5.076784879273141260e-02 6.171180190346131633e-01 1.066029890953701376e+00 7.026475757399364142e-01 9.508637701707718382e-01 -9.985551026305683475e-01 1.548993039169068986e+01
1.503268889559040890e-03 -4.030726346599485588e+00 3.203953270507384765e-01 5.051800401978316646e-02 6.778398399533233087e-01 9.433798740944291383e-01 7.988424308075527946e-01 8.478134567787930509e-01 -9.591932040375579227e-01 1.463720184153829962e+01
1.505808958036680776e-03 -4.019947166742838363e+00 3.893783279088104399e-01 3.551906815869656370e-02 5.808184185055732529e-01 9.580784807145508175e-01 8.100726818776204929e-01 2.939640234847040734e-02 -7.281249832168977809e-01 1.513923803825344727e+01
1.543274291917482452e-03 -3.986280202168437814e+00 2.630286708133456330e-01 3.470478805788667492e-02 7.863923213272427937e-01 1.010709921244608012e+00 7.778525148780598419e-01 5.398334501579233891e-01 -9.355144747463188803e-01 1.493403534140193223e+01
1.535651441615206282e-03 -3.982140933056673049e+00 2.510836141233860896e-01 3.538696170391350537e-02 6.356405300707124173e-01 1.122509199104237076e+00 7.438127630510315003e-01 8.245979062466923803e-01 -7.815416300832209728e-01 1.469024941831998632e+01
1.528982575277485932e-03 -3.977402176181875415e+00 2.374158293636625394e-01 4.746110558654145772e-02 6.532432437650962376e-01 1.181183628339439240e+00 7.729872983404210141e-01 8.460582858392046157e-02 -1.197943461166097290e+00 1.501649764230022477e+01
1.577616276223328283e-03 -3.936998775925264482e+00 3.360382205582659321e-01 3.762663170020287551e-02 6.586566768493250512e-01 8.870631403578163043e-01 9.571571102736377012e-01 1.000327611798844663e-01 -9.080083317271330223e-01 1.452480111635663995e+01
1.584161866655068402e-03 -3.923767412009845579e+00 3.280200952276831616e-01 6.694769774132319773e-02 7.390920222390535699e-01 9.705319879973286490e-01 7.485138948687044547e-01 1.662185209702412014e-01 -8.524139761166820151e-01 1.505401609646026806e+01
1.577372601237901975e-03 -3.918971427375746774e+00 2.577584522665791189e-01 4.357657343447583070e-02 6.610682949859929547e-01 9.866168528995234999e-01 8.969292113143001455e-01 3.353287140624466867e-01 -1.106858742320930400e+00 1.436864055452985234e+01
1.584958038858205742e-03 -3.905083137471924370e+00 4.747902644133035199e-01 5.185989197452919863e-02 5.763337798147191160e-01 8.823334050914141136e-01 7.901415892716534550e-01 9.828930930410844091e-01 -9.218680211463857743e-01 1.505818380973662585e+01
1.704745099021211501e-03 -3.823134563934728725e+00 3.823274928409045037e-01 4.955626042036195833e-02 6.888775786388019462e-01 8.058096039447962822e-01 9.774892049836316765e-01 8.480211282096622449e-02 -1.052331522676309694e+00 1.461613446500474822e+01
1.731454611073537367e-03 -3.798497381490740565e+00 3.361028233732079595e-01 4.651955549474096063e-02 7.836233119575466421e-01 9.484125992101968272e-01 7.762140645188635446e-01 7.620888745078595594e-01 -1.153090692673812701e+00 1.497410900060653560e+01
1.744563684025852860e-03 -3.781863856689308356e+00 3.618121279777710697e-01 6.416806669166259802e-02 6.784987506178090655e-01 8.788625466607443704e-01 8.581857782951539670e-01 2.022560976217183670e-01 -1.132029165966187856e+00 1.482206450294251354e+01
1.739020782409581110e-03 -3.775955248098041395e+00 3.539589759672400193e-01 4.626274652014260996e-02 5.731093957210816603e-01 1.120033736613038844e+00 7.398139834794859038e-01 2.456139285306378761e-01 -1.066534396917833805e+00 1.535414793325217175e+01
1.741970290062426789e-03 -3.765169701878043895e+00 3.097969047909358009e-01 5.806214127900589939e-02 7.337110429997838468e-01 9.003788355229268570e-01 8.720606028533532950e-01 2.115629107359995875e-01 -7.176866281575394746e-01 1.453778153516619653e+01
1.763024234403599367e-03 -3.744064966560900487e+00 3.365966217675069316e-01 3.210174149984868636e-02 6.238154497604959658e-01 8.427694781860504136e-01 9.456955202186018150e-01 4.023814860138043570e-01 -7.201409087894323768e-01 1.440813134487699898e+01
1.737585916809778093e-03 -3.731570502593623218e+00 2.659270165006069608e-01 5.004893325252754432e-02 7.356871795594154273e-01 9.758845576955292866e-01 8.412484935463033775e-01 7.691812239848871968e-01 -9.321043513489787324e-01 1.440833485323946483e+01
1.764591223811348827e-03 -3.707219614601418467e+00 3.159829502102107779e-01 4.691188785600715339e-02 8.356824737394306091e-01 9.481812059972073436e-01 7.462824736623552280e-01 1.631449702402014146e-01 -8.449263594493693352e-01 1.513137673539664796e+01
1.810147703253075363e-03 -3.672801659538834418e+00 3.916855921025480525e-01 5.217519072681765790e-02 8.285674043113157028e-01 8.208902500277190928e-01 8.491021543651998682e-01 3.407145661474394460e-01 -1.196157102291366181e+00 1.505224702596642850e+01
1.795231059742797078e-03 -3.672147796319095825e+00 3.938274812638987710e-01 6.154511549541853005e-02 6.453201786853505206e-01 8.271129438922329991e-01 8.602164968422660873e-01 6.190202736826768692e-01 -9.464266579342246466e-01 1.460755311124910882e+01
1.901233476252132352e-03 -3.605850089075272713e+00 2.872793441221704880e-01 3.597076882810216342e-02 6.946150568238428358e-01 1.063737524325434780e+00 7.338947306729102227e-01 3.256180631177975071e-01 -9.843896783791892258e-01 1.523551539646388342e+01
1.897252682577875394e-03 -3.599017507978199415e+00 2.812149683061586636e-01 4.738606922834999458e-02 5.669803361921850193e-01 1.174510702499438786e+00 7.021075459016706821e-01 4.957117279494518969e-01 -1.116639876271675158e+00 1.505592094518535795e+01
1.904822907194473431e-03 -3.586106777625300612e+00 3.116796465427409402e-01 5.938205868637251583e-02 8.201215375048974687e-01 9.080740347374322008e-01 8.132733443395721018e-01 8.983049926695563236e-02 -9.156513544673408056e-01 1.492565964864776795e+01
1.951791203826390691e-03 -3.552819731334676323e+00 3.177491918926463876e-01 3.699003656518069089e-02 5.930086384246647802e-01 1.131361125608872253e+00 7.454638029108686670e-01 7.393315672024047824e-02 -1.220297718750308125e+00 1.550293309367519967e+01
1.945919046889995089e-03 -3.546904293772624506e+00 2.691116458422482816e-01 5.892221827599726514e-02 8.883520352034073309e-01 9.678557114713325360e-01 8.308768732257584277e-01 6.147747749768890380e-01 -1.053003634954913226e+00 1.462338204237285311e+01
1.987701848064178916e-03 -3.516730984330331822e+00 4.712496531152849943e-01 5.050082814748282911e-02 5.437321959327663379e-01 8.809089939908443245e-01 8.150117632687072788e-01 4.165998437486735373e-01 -1.025327864210258122e+00 1.505080369927401840e+01
2.007766200163098140e-03 -3.497758773197026105e+00 2.268928792328496757e-01 4.073649079407747065e-02 5.657737950314072339e-01 1.158846806406927499e+00 8.100212092988160473e-01 4.362706440927760498e-02 -1.234502811766703623e+00 1.479741568229075099e+01
2.019333881685507915e-03 -3.483085267149234721e+00 3.148415617332172012e-01 3.516016429181521852e-02 5.390646626972704913e-01 1.083401947918015695e+00 7.394932610943811824e-01 8.011568752946083283e-01 -7.221442335281530456e-01 1.480900203973779838e+01
2.054352050843087727e-03 -3.456963896705121275e+00 4.686020849619307871e-01 4.051555038641217049e-02 5.452781099346477589e-01 8.231787898051058372e-01 8.753525384703582102e-01 6.830704620686984807e-01 -1.044368554230220791e+00 1.486434526583299842e+01
2.043796511481686066e-03 -3.453186706464086875e+00 4.078726020649376949e-01 5.168466366879739815e-02 7.741195659034355581e-01 8.436443061345014760e-01 8.149064095048660361e-01 5.487733110995145491e-01 -9.529599376827543322e-01 1.512010121335294244e+01
2.049318394443197782e-03 -3.441560001003939107e+00 3.957713383689773767e-01 6.719476793299425377e-02 6.673385470129808983e-01 8.430896903671852849e-01 8.873779037762901112e-01 4.512051670341219456e-01 -1.050679365922995379e+00 1.458445054720871248e+01
2.064132959065980918e-03 -3.425428413226265789e+00 2.875360791259797821e-01 3.220948625281210703e-02 6.869248034766519684e-01 9.401208902162591086e-01 8.285240898184642599e-01 2.111558356583648766e-01 -7.943388779861112470e-01 1.465367133838783253e+01
2.131213379818831626e-03 -3.384518626081999049e+00 3.136367928016895457e-01 3.798383126625119732e-02 6.489761726103691064e-01 8.585118012850848634e-01 9.886780118807335649e-01 2.534979545584395977e-01 -9.811803658087530078e-01 1.434075585841184441e+01
2.166305293958837620e-03 -3.359258447146499904e+00 2.936711309175864537e-01 3.295914142812781528e-02 7.959501540843577638e-01 9.230410474292041201e-01 8.261992354654560389e-01 2.737981916683231987e-01 -8.143954803096316031e-01 1.486423313275921032e+01
2.172874788320151764e-03 -3.347301884596914245e+00 3.695957322474021645e-01 4.648662837785724061e-02 5.645926083797525585e-01 9.389886637079681853e-01 8.020546189336369425e-01 7.836948874962932354e-01 -1.051848075514788317e+00 1.473538802733882846e+01
2.169239014750547461e-03 -3.340047969607214284e+00 3.511470409122466885e-01 4.452516331476731593e-02 5.119494931008542471e-01 8.783272250696209094e-01 9.521977580589000567e-01 8.320922529549912294e-02 -9.000515462919668197e-01 1.435825822927480822e+01
2.163714079442791496e-03 -3.333669593475903969e+00 2.584485057215706316e-01 5.017547389247900558e-02 7.266914119538696593e-01 1.157773648921628373e+00 7.159822649220737301e-01 1.236665215130655637e-01 -7.838757695614720911e-01 1.513048603590672059e+01
2.144641994474840233e-03 -3.333594612244014765e+00 3.407763220037858254e-01 5.605451000156331381e-02 6.522451225770721228e-01 8.571656106736889047e-01 9.764460228813408582e-01 1.728851929718503433e-01 -1.203990039018838942e+00 1.435682085848415390e+01
2.136417822359789904e-03 -3.328508165235080085e+00 3.699386990628507066e-01 4.651882425718482234e-02 6.738779260668982252e-01 9.437154054282471671e-01 8.048113435059400800e-01 9.561080406143751542e-01 -1.038473824164922954e+00 1.499624926126698909e+01
2.139031920677501256e-03 -3.318356752327567882e+00 3.126848536603583639e-01 4.817979052240342619e-02 5.850715814604208198e-01 1.073235607676219727e+00 8.080356097307712648e-01 8.972217236507897820e-01 -1.013315250347307295e+00 1.450550147099293419e+01
2.168801508608494445e-03 -3.295606819267775212e+00 2.157554365974813926e-01 3.171517960176855472e-02 8.819634959353154224e-01 1.096901500984985844e+00 7.398838052278666755e-01 4.995568834422596805e-01 -8.595041900710842508e-01 1.486806220238771914e+01
2.166652245397770061e-03 -3.287669730396160617e+00 2.877706524469105798e-01 4.640426103131717328e-02 6.481949642597539807e-01 1.158616902517784375e+00 6.904770098708605808e-01 2.801054753027504285e-01 -1.155621324962273544e+00 1.539702735787805210e+01
2.152740009886970358e-03 -3.285182937253802837e+00 4.435517638537763707e-01 3.301083342505440471e-02 5.845959820707024024e-01 8.714777073327252266e-01 8.429090416840742117e-01 3.255673233795996491e-01 -9.635901175891736781e-01 1.500811289228554735e+01
2.187229132424891535e-03 -3.260360313374618180e+00 3.534723889285692477e-01 5.228773535266458689e-02 6.753096914701097742e-01 9.429126009695943944e-01 7.689078041182464407e-01 7.822741149424983220e-02 -9.818152743545375261e-01 1.509000677115631461e+01
2.178690215784951593e-03 -3.255343370561520011e+00 3.914269079932066742e-01 4.518540563368293739e-02 6.536457670721433910e-01 8.693824816734965211e-01 8.849279130180371933e-01 5.609397452247520954e-01 -1.185021405786833792e+00 1.467358653518864919e+01
2.183643660811563757e-03 -3.244143791321226544e+00 3.608567820823920247e-01 6.933340977280236239e-02 6.322455741621075820e-01 9.139147101987374899e-01 8.760429885665401706e-01 2.137840043556533676e-01 -1.271576088896080758e+00 1.468490821472669161e+01
2.180544521888072660e-03 -3.236635479200775656e+00 4.530681940457457202e-01 3.148486409647768824e-02 5.367361202181325508e-01 8.448481168055134161e-01 8.937030965190932985e-01 1.913084268996834425e-01 -9.201295480585967024e-01 1.481022446873784482e+01
2.200102211572655883e-03 -3.218777714975005644e+00 4.115269701670222213e-01 5.124858508031412963e-02 5.393464973618812275e-01 8.505976592782763523e-01 9.475217407329166175e-01 1.211419263582999561e-01 -8.748767000529937832e-01 1.446725314722655575e+01
2.184245587246128918e-03 -3.217082462703649615e+00 4.512472905289188763e-01 6.490686257277356042e-02 5.908000963618252888e-01 8.497739566187038074e-01 8.724342721208722118e-01 1.087110495295664503e-01 -1.113517191774881621e+00 1.494360838863815566e+01
2.187922547002374516e-03 -3.206471906268915095e+00 3.438004217328733958e-01 4.373628988495252556e-02 5.173339192732271385e-01 1.150722740465278227e+00 7.010745076172396617e-01 7.636881340993642020e-01 -1.084085753895511983e+00 1.516955211831708361e+01
2.185142413107912622e-03 -3.198814815732745842e+00 3.352762650101803743e-01 3.844297979281607880e-02 5.326681416261984658e-01 1.140296089860781903e+00 7.843878437081360788e-01 9.492422582493199590e-01 -1.107490327965884092e+00 1.472528825478800485e+01
2.223057118820982204e-03 -3.172683919223183935e+00 2.798169976556766358e-01 6.729818580352449342e-02 6.207956507802838697e-01 1.156605750430386603e+00 7.420074894054005110e-01 1.777055434409335333e-01 -9.672985171479997479e-01 1.483033593709707532e+01
2.224273789537379187e-03 -3.163208201305257816e+00 3.584318526444523201e-01 6.387495885806476759e-02 7.165479968365805474e-01 8.940506460148113232e-01 8.201895691749415684e-01 5.999276669580206889e-01 -7.644379556989968627e-01 1.458778694942481913e+01
2.219010570174678298e-03 -3.156648698069605352e+00 3.124920638324949484e-01 6.719200543424505567e-02 6.631591573773542025e-01 9.982649789256926587e-01 8.409912913829674652e-01 5.101900176442559776e-01 -1.173303952000577244e+00 1.453719220762875253e+01
2.216844016738714947e-03 -3.148696963715287733e+00 3.379634333062576101e-01 4.825830909228864818e-02 6.820441020080509897e-01 1.040196934003135842e+00 7.418288590223600654e-01 9.689471661765606258e-01 -1.179143243198239377e+00 1.502998671817158716e+01
2.239909536538751793e-03 -3.129417483059574234e+00 3.780660014128172097e-01 3.560885839462273744e-02 6.238726824545182126e-01 1.022287102092866773e+00 7.376314892772839471e-01 9.775765932043389839e-01 -9.023525990415994791e-01 1.529564908540698198e+01
2.291886237874286164e-03 -3.097549228023300572e+00 2.971573358042514101e-01 3.617923404650338209e-02 6.463428516127033285e-01 9.280934512852694329e-01 9.258218116878424997e-01 4.726421189438229087e-01 -1.289940655190393803e+00 1.443687592950459120e+01
2.304746299297060971e-03 -3.083025214770005018e+00 3.777311546297886791e-01 3.124044763103746292e-02 5.422344762643508398e-01 1.055176539011241310e+00 7.163523723507030372e-01 7.684206961052427731e-01 -8.426150494762563170e-01 1.523603494154144578e+01
2.308324010214730156e-03 -3.072545523850529925e+00 3.511475173048455023e-01 5.458111830516561291e-02 8.076760821017763270e-01 8.096078154456682885e-01 8.548334387004778989e-01 9.047190877744109017e-01 -1.016719760007219309e+00 1.474240706171756088e+01
2.322572554564523387e-03 -3.057463245849495248e+00 4.023099914491433671e-01 4.521721113744044812e-02 7.494644949595260508e-01 8.685007891980668360e-01 7.910526650922418135e-01 6.098769842930575891e-01 -1.263344116679409268e+00 1.524064182529362199e+01
2.310336441569112512e-03 -3.053816945865068799e+00 3.972728487979215739e-01 5.091935172759583933e-02 6.634369329287412853e-01 8.907986146670555661e-01 8.668609208458160076e-01 1.707304358804792588e-01 -1.174188933571108873e+00 1.496875067025361616e+01
2.308644580702456494e-03 -3.045620943344728992e+00 2.878087945422261873e-01 3.587353025246603488e-02 6.993021304204389832e-01 9.105805834417015632e-01 8.308291759681311062e-01 3.547379436848580037e-02 -8.136416082336594968e-01 1.474390117836659542e+01
2.348779791220560915e-03 -3.019457007110270208e+00 2.765483316126260416e-01 3.233945261058892434e-02 6.839741068868550045e-01 1.070329510919064031e+00 7.997198672259971941e-01 1.657240928480426256e-01 -1.069910993651689513e+00 1.504086373297383616e+01
2.335824758939192541e-03 -3.016059346634045735e+00 2.892531910188090860e-01 4.557489764384463349e-02 7.069435713774595564e-01 1.042301178015270890e+00 7.758086410980191694e-01 1.862363167910254802e-01 -1.289075962698675415e+00 1.499383003682782878e+01
2.352231752302137019e-03 -3.000131260455819682e+00 3.980554820407631311e-01 3.214241230915296232e-02 6.764787344228913035e-01 8.660831125652990181e-01 8.334024586035301274e-01 6.691331511635968399e-01 -7.039317249221417327e-01 1.478356179366116230e+01
2.385311458590189896e-03 -2.977237541933575926e+00 3.658380151818473314e-01 3.797682390209289327e-02 5.464270745752740632e-01 9.212420744308644771e-01 8.165901211920623126e-01 9.882792060636763631e-02 -1.034644735080521238e+00 1.494652933010513962e+01
2.371279145253022726e-03 -2.974209143638927966e+00 3.346422368637784750e-01 5.131799558973307307e-02 6.636780159670693235e-01 9.213188479859596436e-01 8.899105678923562301e-01 3.712359429974458336e-01 -1.261380760207253537e+00 1.470019422599791703e+01
2.446741616537831312e-03 -2.933952918542932053e+00 3.488078587157648069e-01 4.290874998262127898e-02 7.101819594344914721e-01 8.074109073749806686e-01 8.620864525257003752e-01 3.296217398074482996e-01 -1.142295142334071034e+00 1.476520564025761395e+01
2.425584369290820740e-03 -2.933709061679520502e+00 2.720892499011823285e-01 5.231884419138679160e-02 8.509141330622154165e-01 1.034862818612018120e+00 7.480461059271910074e-01 8.563985667908730059e-01 -7.706850438601174913e-01 1.486696310726321535e+01
2.439335681092583748e-03 -2.919127222249414455e+00 2.853049102756209932e-01 3.340479011440568996e-02 6.115028864083932314e-01 1.089554191541982853e+00 8.009564541168283647e-01 1.733114180944450577e-02 -9.670716202636890912e-01 1.494174451990862629e+01
2.420287642974014875e-03 -2.918037997370386272e+00 3.731815764080614883e-01 5.182939441271820769e-02 5.496972761787967121e-01 1.112062983250778014e+00 7.041921637028187853e-01 9.628014268480201698e-01 -1.029761758985039410e+00 1.513167539891873936e+01
2.406391564534203151e-03 -2.914867470442459751e+00 2.455777901530896146e-01 4.250617962007818135e-02 7.295010351084122435e-01 1.158688095495517878e+00 7.171720414259511456e-01 2.434483530921664196e-01 -8.735579187280551050e-01 1.514516253658577050e+01
2.389908751279921136e-03 -2.912812062517742717e+00 2.903634468585997164e-01 4.352290818135857997e-02 8.176505725551992398e-01 1.023146528346274842e+00 7.658250369309302918e-01 8.210123626160579224e-01 -1.189429932763963027e+00 1.500208322104513137e+01
2.368707564090138593e-03 -2.912794202130810195e+00 2.806427277064252324e-01 6.017866459755723263e-02 8.134924519366980578e-01 9.656135400753339537e-01 8.507087449577395155e-01 5.471532518833305270e-01 -1.089512258206733586e+00 1.456700878351905359e+01
2.394447716968912693e-03 -2.893057499566223711e+00 3.709925047922628671e-01 5.380625029272124993e-02 6.940361565175793279e-01 9.302035266831116811e-01 7.636083136145880301e-01 5.162244679026093408e-01 -8.951707980357928029e-01 1.499713042547105779e+01
2.401512745922760369e-03 -2.881182684473180711e+00 4.099460324230663755e-01 6.363064345684460443e-02 7.626765799491869169e-01 8.089101444133667274e-01 8.641506572568101729e-01 9.007346395797518612e-01 -1.077845486711112688e+00 1.486920660183969645e+01
2.386269454914990117e-03 -2.878621713688616079e+00 2.456066072307106496e-01 3.518306207834361737e-02 5.929118887250091063e-01 1.100962727885154813e+00 8.309405776816858324e-01 4.379594269136699580e-03 -7.115815827420549633e-01 1.457999602777888626e+01
2.426677723950885698e-03 -2.852901261105396991e+00 3.927719157589613097e-01 3.838439034770949054e-02 6.272851433083520556e-01 8.975925204313347505e-01 7.731163988089266859e-01 9.645817721979428327e-01 -7.803208886912961217e-01 1.499590563551497269e+01
2.411387488608594202e-03 -2.850293516527172777e+00 4.865022662681283139e-01 3.902196925578527154e-02 5.269155652679683444e-01 9.240991156569894338e-01 8.048291242412872748e-01 8.977494910899128655e-01 -8.029289103683479034e-01 1.491993932258212396e+01
2.398034466644216166e-03 -2.846917818770174691e+00 3.095802333083614855e-01 3.010203669749367261e-02 6.885820772022180902e-01 9.676390070164533341e-01 8.568765583076669579e-01 2.265575618773762734e-01 -1.113879706295550109e+00 1.491285220435911185e+01
2.400233220568015555e-03 -2.837072769053588406e+00 3.547672083680850630e-01 6.698198956358508704e-02 7.126697439862910155e-01 9.445947704681176837e-01 7.913977347174250276e-01 2.469911946132551661e-01 -1.236990582742154565e+00 1.507955106109916876e+01
2.386260405440235495e-03 -2.833982648863469400e+00 4.528000978820480027e-01 4.583885530281492371e-02 5.364468225964134085e-01 8.742536557812544684e-01 8.702026577492534276e-01 9.579901669038444201e-01 -1.026151858358478330e+00 1.460269803980940040e+01
2.367797852604211668e-03 -2.832821186986861139e+00 4.050417461077325809e-01 6.218106857775898555e-02 6.609578265932218866e-01 9.351103460554964775e-01 7.794054309273139580e-01 5.037467063449415638e-01 -9.800503589837339380e-01 1.507034570771948978e+01
2.351434117130051654e-03 -2.830827558007142475e+00 2.930466444782123814e-01 6.471646830869468014e-02 7.996894261954723415e-01 8.964682219239777927e-01 8.780191244435859854e-01 1.399539913832390514e-01 -7.456640214110562548e-01 1.438270061151688850e+01
2.380775753562994028e-03 -2.809498009759222370e+00 3.095559882825120734e-01 3.879815898751939884e-02 5.203110260369570028e-01 1.136874549103453980e+00 7.489174378481121552e-01 7.245021367619863817e-02 -7.961402010248143091e-01 1.495069355724137949e+01
2.373583937939642476e-03 -2.803594796770247033e+00 2.696074498651222506e-01 3.767834016254057589e-02 7.332517401244025290e-01 9.845674066601258767e-01 8.366893010858200697e-01 3.571676414956692081e-01 -7.082639851309310286e-01 1.452430726265446559e+01
2.354381231457953506e-03 -2.802789302134100158e+00 4.280336623301925769e-01 3.618886559543442460e-02 5.466258618315894546e-01 8.678412448124828149e-01 8.266509452321592066e-01 3.296031775225679583e-01 -1.043953949123756164e+00 1.500196343421991152e+01
2.364363081879595953e-03 -2.789630001236991674e+00 3.046540655105199336e-01 3.374024163005436006e-02 7.617528200730291355e-01 9.399014545703583412e-01 8.416679314992840943e-01 1.837735255247755495e-01 -9.013201803110606480e-01 1.483415224508974006e+01
2.347324044298452518e-03 -2.787934130708785485e+00 2.660409512103986129e-01 4.341002637069489578e-02 7.758388674098717352e-01 1.040314088469134202e+00 7.804669467039203612e-01 3.939561481292561673e-01 -1.274514303633268231e+00 1.494410000936619554e+01
2.328788187401171009e-03 -2.786933493026701569e+00 4.361909380966514371e-01 4.430060602425971161e-02 6.357569780609578780e-01 8.214614931693585698e-01 8.626019381434215649e-01 8.740329729776498136e-01 -1.133527532685214112e+00 1.492641270041368884e+01
2.333116215355052897e-03 -2.776148157141633543e+00 2.821551845281665694e-01 5.452660488984190090e-02 7.098902312306383244e-01 1.135332359714723793e+00 7.255521777587952137e-01 2.960898016467878313e-01 -1.037289713162570237e+00 1.521417848947971585e+01
2.372076294648800023e-03 -2.750658745898729052e+00 2.999542505824716043e-01 4.339072728587237138e-02 6.966486628592860608e-01 9.012820652577751002e-01 8.953380179281635876e-01 2.522324267428893152e-01 -9.088848741104326168e-01 1.454345736810299350e+01
2.365749459869185157e-03 -2.744400951686639445e+00 2.747734587072705459e-01 3.702218411594333791e-02 6.980653933382212628e-01 1.025755845227638741e+00 8.186969646718218474e-01 8.595687568583423310e-01 -9.248246860836313310e-01 1.461240166508946636e+01
2.356272236266272573e-03 -2.739486439039692467e+00 3.103890783309187218e-01 3.276756680513395054e-02 7.369922829530083375e-01 8.489508793929104735e-01 9.414896735403055494e-01 7.528155843297346106e-02 -7.228807365616225500e-01 1.447409555869379716e+01
2.359284904385227418e-03 -2.729280110417647620e+00 3.651477544057173397e-01 4.865617656040370498e-02 7.878160266300362480e-01 9.609498517798694683e-01 7.468535577402735104e-01 9.607071190820811735e-01 -1.167254104255060376e+00 1.532845887972990795e+01
2.363612822635152884e-03 -2.718518799975231826e+00 3.293321969756922152e-01 4.225747877661763241e-02 6.470521516798206640e-01 1.079783143465801842e+00 7.244658652677160582e-01 7.784538672848303476e-01 -1.194344115613648727e+00 1.535308067527322784e+01
2.362149915182929459e-03 -2.710209348709949673e+00 4.885251952590542457e-01 4.780320193275720830e-02 5.195772641464815322e-01 8.084665508286051905e-01 9.303653508232412328e-01 2.981473415938792337e-01 -1.292665024706377119e+00 1.482101236387864418e+01
2.349327604990995248e-03 -2.706723800958644510e+00 3.623127397987269127e-01 6.388393148445892233e-02 7.931504979387860033e-01 9.041510014561137121e-01 8.070390420478642524e-01 4.778923191425431538e-01 -7.078261000720729168e-01 1.482072111138673876e+01
2.383518733455629833e-03 -2.683346535935271060e+00 3.546927312492557105e-01 4.282894535450412765e-02 6.160562491248979811e-01 8.853156860945835538e-01 9.085952362779339264e-01 6.579918472489372228e-01 -9.776503282574074971e-01 1.453746407866117707e+01
2.408825515178731995e-03 -2.663856529165457676e+00 4.697161490307869558e-01 3.014483589175977543e-02 5.501151582395668038e-01 8.746167443253564100e-01 8.659679504211679202e-01 7.765524792324505210e-01 -1.153725361173997710e+00 1.495656041046987461e+01
2.391756244511534808e-03 -2.662039321924182911e+00 3.041792968082950299e-01 6.010199459782099296e-02 8.390244358619809439e-01 8.833257259860122224e-01 9.038183109082942313e-01 8.750007543145311706e-01 -1.246451106779941531e+00 1.443726168953926603e+01
2.376176420977057710e-03 -2.659646026926078211e+00 3.170429206254054000e-01 3.707495349302790399e-02 5.630682746677981854e-01 1.037555915166082698e+00 8.408527782947029516e-01 7.615766390603467828e-01 -1.145896511871915546e+00 1.464983877920683675e+01
2.360470105498038620e-03 -2.657349309049076513e+00 3.388547670073924767e-01 3.326839939812757663e-02 6.757165091553527514e-01 8.885438527685055599e-01 8.952990954166171189e-01 2.860464806851946706e-01 -1.067873611441145121e+00 1.479439329250944368e+01
2.346048597654800966e-03 -2.654549068936215672e+00 3.086837221197291647e-01 4.632352721975585563e-02 7.725873759934136498e-01 8.916670489867971616e-01 8.862313926420447574e-01 6.476352706455271724e-01 -8.122339226297492498e-01 1.442609298787116678e+01
2.342540742391879902e-03 -2.647116834961416920e+00 3.294115016558922804e-01 3.826478224142725038e-02 7.478901340191548286e-01 8.418490506626747916e-01 8.309144325611571569e-01 3.803725791931449329e-01 -7.161766884709602765e-01 1.479871735286507395e+01
2.367543272846909727e-03 -2.627571567431975286e+00 3.586668484106753096e-01 4.173733150116685359e-02 7.464306783031317005e-01 8.320389095182927353e-01 9.031153026806824080e-01 1.797894578102428587e-01 -1.031795321538059529e+00 1.480384534741524760e+01
2.369753067070589150e-03 -2.617710061170789970e+00 2.714747247297749633e-01 6.146496775456396916e-02 8.554292980976201388e-01 1.056279976959688005e+00 7.461783548826588230e-01 4.490287453254042105e-01 -7.313481612352564776e-01 1.482244299520286646e+01
2.402509888915916290e-03 -2.595053270403661294e+00 3.468171816494188264e-01 3.854709525705707351e-02 6.631777140627429512e-01 8.769934642531259650e-01 9.143859205315145733e-01 8.314546714593609167e-01 -1.039617144096045109e+00 1.444729478608407547e+01
2.391356419977789822e-03 -2.590777932229650915e+00 3.109627118641872245e-01 4.930963856384348865e-02 7.771036884794715327e-01 8.366315522885300338e-01 9.334572965396197297e-01 8.959292478716491814e-01 -8.666851825701860079e-01 1.429211624277073867e+01
2.386821122524625770e-03 -2.583747699142342924e+00 4.024399956485193997e-01 3.538438516225062003e-02 5.143872601117693844e-01 9.100797624048759804e-01 8.251610245710636615e-01 4.547053887015403695e-01 -7.859983551998815932e-01 1.481788856911787633e+01
2.371519075058042565e-03 -2.581250824305767910e+00 4.365424385921145012e-01 5.681676217045546207e-02 5.737561133354607268e-01 8.279407832084595409e-01 8.679751308541603372e-01 6.600523483379571177e-01 -7.491309146538016606e-01 1.464205860114663693e+01
2.355399974695522418e-03 -2.579142408955115151e+00 4.028106343166844017e-01 3.773335033831386881e-02 5.588249291052403978e-01 8.498766108935740249e-01 9.062705860603165187e-01 7.108353498130578485e-01 -8.089683346700051736e-01 1.453448608359160232e+01
2.337997812998949491e-03 -2.577629463574573787e+00 3.615560059724236552e-01 4.707365023426025863e-02 5.659175806919721774e-01 1.072132488374634818e+00 7.719394338609567585e-01 4.315846596627698761e-01 -9.367788902562649289e-01 1.509678330637784427e+01
2.318163554407693186e-03 -2.577220518935929849e+00 2.934316609636955508e-01 4.186875423115704598e-02 5.371480213120561897e-01 1.140665607245280100e+00 7.317682035647258276e-01 3.614894128043574240e-01 -1.150754107916774904e+00 1.500999534410902925e+01
2.303181241375079711e-03 -2.574775932661145905e+00 4.159242069715879397e-01 5.252846144569329329e-02 5.945843922363552858e-01 8.323159558944225322e-01 9.015161799389845854e-01 7.152046501419601077e-01 -1.258947682685902292e+00 1.459547936197524720e+01
2.285736206506416152e-03 -2.573450513437926190e+00 3.898045245614020216e-01 5.979448427243076042e-02 5.967557541946140187e-01 8.796891649395184309e-01 8.637663242358141202e-01 3.102335448179340260e-01 -1.099261991146311290e+00 1.467967867737290355e+01
2.269325623741610867e-03 -2.571727400190851220e+00 3.278835565907285421e-01 4.575246245896384678e-02 7.103401704637112291e-01 1.011717757769899695e+00 7.751166220450198541e-01 3.290405901433584024e-01 -1.013892214970889771e+00 1.504520912560739276e+01
2.275335337155222435e-03 -2.560154091578009883e+00 3.250327006405894226e-01 3.820477405351175443e-02 6.640266621422695748e-01 8.996508097838917806e-01 9.152496452667603366e-01 3.952807404280490600e-01 -8.851716516541159319e-01 1.450088314008236523e+01
2.271922786884902727e-03 -2.552726447001567589e+00 2.838151791888476883e-01 3.397370316192709766e-02 5.330542003421794295e-01 1.191637014215448431e+00 7.424091480643064678e-01 7.715766622503912320e-01 -9.221470534483133807e-01 1.479831658224915536e+01
2.256190422694892474e-03 -2.550746653912044692e+00 3.491672335799309579e-01 5.882195121566163171e-02 6.368743468639774807e-01 9.603781834551232688e-01 8.446308459965496951e-01 2.118158587977338470e-01 -7.154679618874226765e-01 1.457397710861819640e+01
2.297790349150048358e-03 -2.523547876390947575e+00 3.312268184515144709e-01 5.006573122151559974e-02 5.536633283618026535e-01 1.075422665219787355e+00 8.070744705901574667e-01 6.240136626559176225e-01 -1.036285907996077782e+00 1.471930606627352134e+01
2.279587008056489957e-03 -2.522572958609771376e+00 2.994332440466533907e-01 3.868242104160880823e-02 6.725317084051575245e-01 1.090627851577327334e+00 7.499787212211767029e-01 7.089315944716958473e-01 -7.325329982778897575e-01 1.487895285460568218e+01
2.351972609846799279e-03 -2.482384292427694206e+00 3.633525998869194806e-01 3.996898047422792893e-02 6.110745122220577752e-01 8.281815061072341777e-01 9.527649730038394438e-01 2.964458811228919410e-01 -1.160092999262912983e+00 1.459109807309282658e+01
2.371571987584171395e-03 -2.465157084323731151e+00 2.944780976519737470e-01 5.190225484617691509e-02 6.768749151136023157e-01 1.045969593822906774e+00 7.754242910024077284e-01 2.874721235306608724e-01 -8.147074303308653453e-01 1.489316488234931590e+01
2.356123682280085192e-03 -2.462763772931090944e+00 4.192721633834500805e-01 3.448100875314463742e-02 5.335477229138465560e-01 8.864519666393922970e-01 8.091005831813735671e-01 4.112180210300531158e-01 -7.476274035543104546e-01 1.492391681581059970e+01
2.337923574299378884e-03 -2.461589788616361574e+00 3.250077490526646629e-01 3.438836906168474261e-02 6.876438376600089164e-01 8.305519512191515963e-01 9.237626604191612190e-01 6.707432649594442520e-01 -8.832294309287710421e-01 1.445128567738391823e+01
2.347544448003426043e-03 -2.448554525100886448e+00 4.244127258314623896e-01 4.723021070379898600e-02 6.149066936596625510e-01 8.956415255098606476e-01 8.656056714911616323e-01 5.860763230033799731e-01 -1.235461333682855267e+00 1.490171732457826792e+01
2.337603290355099069e-03 -2.443869650188476683e+00 3.058262520123249395e-01 4.915476278901011187e-02 7.758249902868119552e-01 1.073515348899745536e+00 7.037909659221484038e-01 8.820542102389758998e-01 -9.338921093337801960e-01 1.528750125451983699e+01
2.332749676362065594e-03 -2.437019557956210392e+00 3.440495214369117538e-01 3.353523864364704732e-02 5.217983898398131926e-01 1.041371646669261963e+00 8.530206309051852065e-01 3.505513327563773984e-01 -8.001853121636979260e-01 1.462799293970376624e+01
2.334075713912902011e-03 -2.427522704033382439e+00 3.265803603782827524e-01 6.144195532587044817e-02 7.220924097554177745e-01 8.987438776655862771e-01 8.441723455185804470e-01 5.862454644518314550e-01 -1.036585146333014462e+00 1.459744802468567215e+01
2.326825645362326327e-03 -2.421705150770251613e+00 3.050976939953821132e-01 5.257262189586363321e-02 6.554703560859858058e-01 1.134431726762032966e+00 6.962197577675702798e-01 8.940276629038708123e-01 -7.230988143712885341e-01 1.509293336059583623e+01
2.313421776392566090e-03 -2.418553817076054990e+00 2.864588279899971113e-01 5.685312613462402409e-02 6.730992025606652440e-01 9.246440289251781630e-01 9.175996106283839104e-01 7.167089824172395707e-02 -1.269669822912404378e+00 1.440442802068461958e+01
2.322790541917086216e-03 -2.405583679975366707e+00 3.367962937427600445e-01 3.138509254767050949e-02 6.746608252168534436e-01 9.935113345182636779e-01 7.974738832063633653e-01 5.963585300303649861e-01 -7.395185333842432263e-01 1.487682720050239382e+01
2.308618201300940455e-03 -2.402775226911771256e+00 2.916418717240372160e-01 6.413055761350297534e-02 8.313993359357287893e-01 9.355964085048659173e-01 8.528180602184011194e-01 6.279861096252590258e-01 -1.228733617171576142e+00 1.465392861584004436e+01
2.310040784283583139e-03 -2.393230639868246801e+00 3.211505740552339505e-01 3.341534291323281641e-02 6.176220976084145775e-01 9.469248502798778278e-01 7.907988061437098981e-01 5.469538253349506274e-01 -8.341997622519419231e-01 1.483271628201811509e+01
2.294498301943422372e-03 -2.391053033554228602e+00 3.894221381689085826e-01 3.256620755081908458e-02 5.699663619572474804e-01 9.810120562607037575e-01 7.691584955072521268e-01 6.732535854153529620e-01 -1.203495795110592237e+00 1.517230230861400209e+01
2.314691604695455832e-03 -2.373362214373099466e+00 3.683261316333001911e-01 6.424760073952569261e-02 6.874324614817233225e-01 9.627631742215070343e-01 7.922287565473865589e-01 2.707361906285852826e-01 -1.219184891013830763e+00 1.503330189553416041e+01
2.303393046582670814e-03 -2.369326832008693984e+00 4.054400881377656640e-01 3.843375750210721586e-02 5.447419629297352017e-01 9.549949522996676876e-01 8.784003537087869962e-01 5.705229958472841645e-01 -1.203966788238352903e+00 1.477733487583840422e+01
2.286560790568268383e-03 -2.367732683568847474e+00 3.400094162448806800e-01 3.141024936304624010e-02 7.745765322196220826e-01 8.401549765408979908e-01 8.165302150702332673e-01 9.803885627483497345e-01 -7.871130612095664780e-01 1.479645277655668778e+01
2.307015738110611194e-03 -2.349898161574409006e+00 3.635825762586150089e-01 3.180528515352804703e-02 5.800299536389308397e-01 8.914808817521396866e-01 8.541950843498278267e-01 4.605076401670321617e-02 -8.312750682848444317e-01 1.473413201077250179e+01
2.317484630710812000e-03 -2.336442004612795387e+00 3.800832410048039511e-01 3.081922811008154864e-02 5.211297307967484027e-01 9.194168179675488162e-01 8.241699561924911155e-01 4.782037326392185039e-01 -8.376317228355935063e-01 1.475433367335813806e+01
2.306057782518672068e-03 -2.332456340780279191e+00 3.268462766932294095e-01 4.526647838791986178e-02 5.948027442520962271e-01 1.124873337319304056e+00 6.868966686259180277e-01 4.372004153296593087e-01 -8.378688349019834947e-01 1.530194961980292589e+01
2.301754796011238734e-03 -2.325395461530992858e+00 2.477251408670987642e-01 4.288370458608442570e-02 6.047587303684125448e-01 1.193844456733697212e+00 7.601677588273793029e-01 1.010161887139099379e-01 -1.162857411974106192e+00 1.500216999532616668e+01
2.306870344553485063e-03 -2.314246900197774792e+00 3.445182480779707124e-01 3.211596922912740570e-02 6.346431582339177035e-01 1.009344824081291891e+00 7.973874536461575957e-01 3.787601428141287307e-01 -9.345916691900976181e-01 1.513110145829136854e+01
2.314968258965802075e-03 -2.301814129080090421e+00 3.501919232440112717e-01 4.664463548157972428e-02 5.739318978064891219e-01 1.020580640479731960e+00 8.317577858205155161e-01 2.827233733568476071e-01 -7.838651786241098707e-01 1.472367227620410013e+01
2.297015991363660341e-03 -2.300670648535622753e+00 3.442141553476139593e-01 3.614364244027182260e-02 8.745651657673427781e-01 8.137408861166727236e-01 8.625330634522110351e-01 9.745714119607110648e-01 -8.803767971510167989e-01 1.471951027308260862e+01
2.282582361964323545e-03 -2.298045545698626846e+00 2.645434300782358861e-01 5.506707977109085578e-02 7.478850634259013308e-01 1.079656315999341976e+00 7.684422247259636851e-01 2.816331160835951475e-01 -1.209085193247176893e+00 1.499084294776100990e+01
2.271968579630958759e-03 -2.293777719833189455e+00 4.322677306797934049e-01 3.952067789072932769e-02 6.090674206202199015e-01 8.205112263643159487e-01 8.612770716848734409e-01 6.410214167814997088e-01 -8.680971681628852910e-01 1.472340277744200776e+01
2.257905006494990031e-03 -2.291058424691813755e+00 4.000365545121595812e-01 3.340434355582228704e-02 5.117283906460077247e-01 9.598281979959586430e-01 8.845762681734001820e-01 5.204652819935282615e-01 -8.934444235368341758e-01 1.457476222761832396e+01
2.245457133260247203e-03 -2.287658125052570490e+00 3.698909542985345800e-01 4.982898115953506707e-02 6.308507107232634858e-01 9.125027962093981149e-01 8.281733291710156042e-01 3.309571948083106507e-01 -8.316227806624274521e-01 1.486833875358262169e+01
2.234501318616122917e-03 -2.283620597414918851e+00 4.092401632919302479e-01 5.239767120963886859e-02 6.454591705607329866e-01 8.395199171679608163e-01 9.045461767799203301e-01 8.468838853979163694e-01 -1.153690423542449661e+00 1.467454444170629735e+01
2.224370769871988462e-03 -2.279236029929209373e+00 3.380544484054496257e-01 5.833532691463598485e-02 7.906959566144426965e-01 9.430577846474935688e-01 7.967853809904315021e-01 9.771727121119344606e-03 -9.878236506670522443e-01 1.505633882635513388e+01
2.222084893852523287e-03 -2.271335637523984374e+00 3.952759738181894633e-01 4.971495696949436438e-02 5.556976232400658855e-01 8.088361024020611634e-01 9.717987677629525978e-01 1.060676103474542109e-01 -1.273605776086571995e+00 1.454157350851060571e+01
2.210452780264183896e-03 -2.267655590144625144e+00 3.124465598557794044e-01 4.532626023435869234e-02 7.307712423170644733e-01 1.000362531620172968e+00 7.955202074602519824e-01 4.948792015368986830e-01 -8.376940354479633921e-01 1.482304438454795381e+01
2.198056654308816211e-03 -2.264350760168713173e+00 3.496142533965918564e-01 3.118748036169618001e-02 5.294785744142558315e-01 1.022082269596631399e+00 7.763811609008816061e-01 3.626018228541830202e-01 -8.364295978446465440e-01 1.487712440448508744e+01
2.182416362600054539e-03 -2.262563133615531630e+00 4.101589619620801264e-01 5.556180264273706537e-02 7.144065838428818038e-01 8.621095026617681123e-01 8.391349160319225842e-01 8.561969287739567003e-01 -7.600746377809559640e-01 1.479450231884129074e+01
2.175172669548249699e-03 -2.256959198663937460e+00 3.959978426981315414e-01 3.481024591427674814e-02 5.105930423101608939e-01 8.476118485845701711e-01 9.321176699528350706e-01 3.248511418996585798e-02 -7.092826513538101896e-01 1.449791216434365104e+01
2.187439046007352665e-03 -2.242407202743924799e+00 3.268186974195296246e-01 3.621043639475854392e-02 6.429861959836516982e-01 8.706803357264074616e-01 9.622620774540924238e-01 9.337939680838197587e-02 -9.646390755002582917e-01 1.447128518057124147e+01
2.198284089100256689e-03 -2.228533008956679939e+00 3.224037085442046369e-01 3.111633997089622433e-02 6.884232461012518289e-01 8.849156644569277086e-01 8.605466694913753711e-01 3.978835985379661211e-01 -7.539845830130033066e-01 1.470741896785095548e+01
2.229046066414508594e-03 -2.205707813023027875e+00 3.530034457999072783e-01 6.157113864340966330e-02 6.986996217488534722e-01 9.556765691818912556e-01 7.823488132623358515e-01 9.400985924975069352e-02 -1.154905549570008905e+00 1.506037993981481904e+01
2.211724661405600843e-03 -2.204580361677081601e+00 3.013228193396367827e-01 4.492365394955334656e-02 7.459884370617032578e-01 9.369685955147759593e-01 8.686837263547670940e-01 2.782489606639938495e-01 -1.220627394782943353e+00 1.466097433492303459e+01
2.210951677189594827e-03 -2.196001345207861721e+00 3.897153742304272361e-01 5.162438700861719798e-02 5.466073635795724028e-01 1.008690295455323849e+00 8.127394894663528824e-01 4.721669611353913609e-01 -8.530203754707268438e-01 1.478019723152965348e+01
2.200193966643577709e-03 -2.191950296646127061e+00 3.757864030909608966e-01 4.114420253718117926e-02 5.755562438016397220e-01 8.735618607236657063e-01 9.305403094788029517e-01 7.590620893790051005e-02 -1.172396876329488968e+00 1.472413895385074412e+01
2.182478895642422922e-03 -2.191105909475420166e+00 2.933133725611568599e-01 6.275337037803199736e-02 8.602312595846908216e-01 9.745071671694908177e-01 7.690395480487046687e-01 5.769343176644706750e-01 -1.147817640441309406e+00 1.487729350750866786e+01
2.178711596491651487e-03 -2.183904985621339723e+00 3.660426795454971849e-01 4.709990767145498525e-02 7.878801325086534080e-01 9.427025398131587686e-01 7.668819550750516356e-01 9.675871186869069440e-01 -1.217932900573195587e+00 1.524791068258759275e+01
2.160492844158440600e-03 -2.183373741232956800e+00 3.399338574463585116e-01 3.292966041973999919e-02 6.844918490638662867e-01 9.665786682504520222e-01 7.683073431590177194e-01 6.157479458316109655e-01 -1.056126405231433640e+00 1.514022056112269432e+01
2.150326187118208662e-03 -2.179161988495109448e+00 3.025399733262207347e-01 3.514804519532048477e-02 5.504131638109477365e-01 1.086791739956974423e+00 7.873429702128089680e-01 4.473578504562354397e-01 -1.200881251571289221e+00 1.480702762390134808e+01
2.168169525840706654e-03 -2.161969687540927776e+00 3.786033540787860918e-01 3.237450916361096082e-02 7.301703707601345794e-01 8.327968344513749788e-01 8.412190032059208011e-01 4.040499108600353884e-01 -8.785450103037650837e-01 1.502376031744805474e+01
2.160038181473422636e-03 -2.156798493060782196e+00 4.141158750414665191e-01 4.099168177521580331e-02 5.627480791157633000e-01 8.935626890753136653e-01 8.807027765597976732e-01 1.776696970500346584e-01 -7.607263956338319311e-01 1.477796851703554992e+01
2.150364921330350648e-03 -2.152358261191875233e+00 3.632406891177948349e-01 3.137863662090281669e-02 7.205329389878891710e-01 8.580251284640366682e-01 8.919150593125302340e-01 8.635315075143044083e-01 -7.891173843854680792e-01 1.460308661278573972e+01
2.170099849888257847e-03 -2.134294068084393370e+00 3.169422053362976888e-01 6.886913685027409859e-02 7.683417222327069140e-01 1.058273995754604568e+00 7.164403532188770019e-01 7.223367049715166965e-01 -9.097338373205885453e-01 1.514245002444520516e+01
2.157024560998789531e-03 -2.131408922933226258e+00 2.814512340205510554e-01 5.060903914046511326e-02 7.858774102909004133e-01 1.008261570194607160e+00 7.556955529788195181e-01 8.307198726141649114e-01 -8.441085947103055265e-01 1.478840421461945454e+01
2.147219171469332347e-03 -2.127036509148630294e+00 3.003588325688164584e-01 4.021493555728780644e-02 5.588921943795828184e-01 1.063901038775563856e+00 8.340047036079343279e-01 2.778827923928928745e-01 -8.801156897176081184e-01 1.465056780822466465e+01
2.128389879327806378e-03 -2.126915765398234015e+00 2.740094313053339503e-01 4.934346638119335715e-02 6.754626857698381448e-01 1.151874222528988856e+00 7.313708234381076645e-01 3.322976996801438876e-01 -1.093820053161878691e+00 1.511791881643360114e+01
2.122082136085028624e-03 -2.120955216274194477e+00 3.362762449322536096e-01 6.894152694330009379e-02 7.271997060813731872e-01 9.941996404875951265e-01 7.470276672182672995e-01 2.572088015907320058e-02 -7.157925152413520120e-01 1.505419158155466341e+01
2.124147687353481698e-03 -2.111053757593984948e+00 2.561534514038646959e-01 3.463773828250985010e-02 8.511796380231433368e-01 1.011319251646056294e+00 7.778356800446213359e-01 3.391757724851827693e-01 -7.657363531566017123e-01 1.482982424224188733e+01
2.109548752761980506e-03 -2.109021756413972160e+00 4.439961105979789435e-01 3.923959285866632229e-02 5.890997987053718798e-01 8.145663328905696776e-01 8.893358495464152025e-01 4.688534797681469524e-01 -1.154666338926534142e+00 1.478918341315931251e+01
2.099876815165848537e-03 -2.104688564787541072e+00 2.926373388759910266e-01 4.098105895364143741e-02 7.010356007520368582e-01 9.529491391700609659e-01 8.254629583315172825e-01 6.802244591618218372e-01 -8.039426381413898870e-01 1.454284338916363950e+01
2.082193267519580251e-03 -2.104216883219236056e+00 3.535834269860173018e-01 6.428432467370810699e-02 6.343510977936676065e-01 1.017530701345858768e+00 7.893842615548181119e-01 8.849241382334804840e-01 -1.106206195865454545e+00 1.475033171323530468e+01
2.100970736345330377e-03 -2.086310612169607115e+00 3.637548230941619609e-01 4.924646989190318430e-02 7.371167356349442867e-01 8.299000183988582968e-01 8.809312881396675898e-01 2.450330016211247075e-01 -1.025939077524938181e+00 1.465380276914096669e+01
2.090135052019807642e-03 -2.082552851985489006e+00 3.678354952498009700e-01 5.839885436198215957e-02 6.154478496575039870e-01 9.303909224521845767e-01 8.644840776745537081e-01 2.191563536577356697e-02 -7.677172510534530092e-01 1.470573688656980060e+01
2.071895090842431914e-03 -2.082389271354668114e+00 3.225106965001526271e-01 3.799072203175746232e-02 5.599539691351180792e-01 1.126952195922042321e+00 7.626842307634413842e-01 6.904679149325874121e-01 -7.065414434671809518e-01 1.481584624836243869e+01
2.108906000577417256e-03 -2.055755061318245147e+00 3.537713109757635310e-01 4.020711514959402627e-02 5.854195884821493667e-01 1.076879235647704824e+00 7.151853584967823307e-01 6.986668885592284273e-01 -1.052901313571340758e+00 1.524774179771095639e+01
2.095506009760994982e-03 -2.053200763464719802e+00 2.910810052082400956e-01 3.488062703898559686e-02 7.501952575806599688e-01 9.946848608108960210e-01 7.617448276124790807e-01 3.835199023522916084e-01 -7.022904867461683409e-01 1.493857787660902403e+01
2.080961551584982212e-03 -2.051237177042990023e+00 3.350734756346408494e-01 6.279279593265985060e-02 8.714414194235251543e-01 8.216525170883388629e-01 8.928948663159514965e-01 9.514392566293135012e-01 -9.806033953274551074e-01 1.444459090048153804e+01
2.066614469395412334e-03 -2.049226930603159857e+00 3.949976240764860869e-01 4.627602299198943503e-02 5.563880361082788051e-01 8.457018461914205254e-01 9.582093290534101637e-01 5.951050725062900781e-02 -9.237315869095927834e-01 1.452472137865120949e+01
2.067573905311865037e-03 -2.039834211996608193e+00 4.317465578220577305e-01 3.387248397363887970e-02 6.516799840567708557e-01 8.262301157437044186e-01 8.206674338258383994e-01 9.271309417094351080e-01 -8.768293769712619534e-01 1.493185659439423318e+01
2.175036243478249698e-03 -1.980236205995869581e+00 3.127439761953159647e-01 4.722438874321505803e-02 5.267885376359191518e-01 1.029972609748488477e+00 8.449371616487453274e-01 2.839259466230331652e-02 -7.645214752011587622e-01 1.456122763340616544e+01
2.158638570911843024e-03 -1.978875230902741755e+00 3.393456471597434687e-01 4.570666133628761840e-02 7.258469377838399073e-01 9.110939426807663777e-01 8.523890204760238287e-01 3.219880059312381637e-01 -9.399260875909322133e-01 1.470448031454561466e+01
2.142199481673300650e-03 -1.977591294820328027e+00 2.962765197766772385e-01 4.797703679024296897e-02 7.273882541938735402e-01 9.457327998933474644e-01 8.663884957825078725e-01 1.475726037127561008e-01 -1.003681390154335995e+00 1.458854877962895635e+01
2.144463298625453023e-03 -1.967606509139024018e+00 3.306002704994504549e-01 5.937307613246996241e-02 7.705678706200810302e-01 9.937684725947820708e-01 7.391381125947027453e-01 1.860453989346683157e-01 -1.006408324534597387e+00 1.525950619009517872e+01
2.129297909007559376e-03 -1.965774943151140208e+00 3.771483817850745934e-01 5.546496866556896443e-02 6.559447167389927946e-01 9.558636771890142159e-01 7.860367902806644214e-01 9.868522598310591754e-01 -8.917619378455028389e-01 1.491367109046644579e+01
2.121789122274359268e-03 -1.960379018542937501e+00 3.098018258676217274e-01 6.017966732969407678e-02 6.882450531086021783e-01 1.108878528719714041e+00 7.226047201954566290e-01 4.289049131826999095e-01 -1.216339866842100603e+00 1.517258675722112038e+01
2.129061740547242253e-03 -1.948028720216216980e+00 2.972276255379360799e-01 5.503175701849561535e-02 7.214618925604465716e-01 1.063446513116725223e+00 7.312278515076662266e-01 5.068992492433975761e-01 -7.527181397990462264e-01 1.502164754062431129e+01
2.126150354478034427e-03 -1.940468534879095763e+00 3.647538193290392750e-01 3.132512020473889741e-02 5.950931342055739703e-01 9.544013744763447660e-01 7.853526997504197693e-01 8.100044210128881650e-01 -9.150420902798235279e-01 1.499506349975394670e+01
2.108447850590747848e-03 -1.939900901681152812e+00 3.691246102740444179e-01 3.572669053730646860e-02 5.787066701989603823e-01 8.663413226489091734e-01 8.399984349389630900e-01 4.227836502577883571e-01 -7.475046702665427700e-01 1.470635755023717905e+01
2.098332360195996789e-03 -1.935781476147407032e+00 2.828176787161170713e-01 4.840298309747028543e-02 6.459772370502839811e-01 1.091816576654087934e+00 7.550434778821342174e-01 3.982903113759411751e-02 -7.817534215014377841e-01 1.485419363903187673e+01
2.089314699499702187e-03 -1.931159702548937984e+00 3.853927876295327737e-01 3.644074970557553000e-02 5.007638831255996070e-01 9.584083397995479814e-01 8.436431189413076126e-01 6.931096621920166401e-01 -1.151153571437092182e+00 1.468555005014663450e+01
2.096503992094991223e-03 -1.918796056553456753e+00 2.724587826967719284e-01 5.419970174683071129e-02 6.888970441349431262e-01 1.023051168319546900e+00 8.045557121897330966e-01 4.620269560060369374e-02 -7.786551916454537148e-01 1.468138720039363143e+01
2.081018074347340367e-03 -1.917281444134817825e+00 3.615242595928769287e-01 6.235965535525656717e-02 6.160070901409561150e-01 1.022283511810662793e+00 7.626585549894648874e-01 2.943281540744264735e-01 -8.345064690007156782e-01 1.499905439790658335e+01
2.088946254957342510e-03 -1.904550350892236787e+00 4.191628186653630905e-01 5.463325960161190264e-02 5.903727217571769215e-01 9.075038707356279932e-01 8.254939230208955259e-01 3.279151894077196872e-01 -9.393167814080070066e-01 1.494879323697983509e+01
2.097598558672362709e-03 -1.891488387170568553e+00 3.996809161989001158e-01 5.513027606275514025e-02 7.170368151621906438e-01 8.718526623303552991e-01 8.049052212036565956e-01 8.555878344159687510e-01 -9.449689411714385923e-01 1.488747999232815644e+01
2.090431024251793515e-03 -1.885982686223964588e+00 3.478086350660292148e-01 4.653039227201995198e-02 6.845807223830504551e-01 8.211500346206896950e-01 9.764450995544278200e-01 2.484262783849111311e-01 -1.298421672454828979e+00 1.447762086615602151e+01
2.085572818293131118e-03 -1.879380840695825894e+00 2.869985168779088935e-01 3.685412356969242076e-02 5.966238081034040963e-01 1.112949984491204969e+00 7.398455372035475097e-01 8.287663260972655266e-02 -1.040562084216245520e+00 1.510798531868086592e+01
2.103525974888722019e-03 -1.861880847393993399e+00 3.214659027445810335e-01 5.198179740140135285e-02 7.669250442352338881e-01 8.503175508570055552e-01 8.866858176453933371e-01 7.979980001287220182e-01 -1.131041591457774498e+00 1.449216857014137361e+01
2.103186701257975678e-03 -1.853113577037113435e+00 3.645162642653272389e-01 4.881965369860122306e-02 8.863695233044679433e-01 8.080025725854012020e-01 8.129927558588133651e-01 5.521786717857616322e-01 -1.189864866077864347e+00 1.511236095345813624e+01
2.098620719518132401e-03 -1.846358348210831446e+00 2.925061807525705104e-01 5.408008807426578635e-02 7.969043507554085526e-01 9.633621262335229085e-01 8.230376648821108310e-01 1.257314943318389999e-01 -9.185026924492442069e-01 1.476586995526995594e+01
2.102713444261984817e-03 -1.835481478513700138e+00 4.245942783015158595e-01 3.635290659665296742e-02 5.795925644722507153e-01 9.523016314315468911e-01 7.978304279569824464e-01 6.904132087017220698e-01 -7.817628114137330497e-01 1.498466669969166709e+01
2.102111521086842336e-03 -1.826839208267323711e+00 3.539124600645043861e-01 3.974790367786543849e-02 5.709544502593023596e-01 1.010706379941118671e+00 8.385157759454909820e-01 2.045845230459113762e-01 -9.344826355333777368e-01 1.487286688632495135e+01
2.087914496416039527e-03 -1.824687243447673302e+00 2.845766119573555075e-01 3.335158538254597710e-02 5.793360896973427376e-01 1.184737614141268658e+00 7.164638724362223376e-01 6.178698187646390894e-01 -1.124065739228754746e+00 1.505264406006393507e+01
2.074296815092530142e-03 -1.822302179253055376e+00 3.569252850444668557e-01 4.773212932009250620e-02 5.918956634651508786e-01 1.065849790350576809e+00 7.379122469438981202e-01 5.402294513647214469e-01 -1.262006011016783003e+00 1.523489300854915030e+01
2.058342062711594062e-03 -1.821094984949706452e+00 3.357760558619721225e-01 3.421321511771606427e-02 5.928665409321828283e-01 1.025209584530545781e+00 7.772959167816364534e-01 9.945266635345244577e-01 -1.256938256998891834e+00 1.497456869310410177e+01
2.089006329524661920e-03 -1.797378735851294262e+00 3.299328436435149392e-01 4.343099755382268112e-02 5.763633472983642481e-01 8.943163693291422689e-01 9.381046828580552610e-01 1.057684449722640641e-01 -9.990987292344963855e-01 1.444019386443661723e+01
2.096488677260865529e-03 -1.784874790090737795e+00 3.633237794416169786e-01 5.831172171175634522e-02 6.189834772645086414e-01 8.762694804109409930e-01 9.157402400521142960e-01 2.190117093334007503e-01 -1.253286303349030018e+00 1.459941527596132715e+01
2.086393245805869337e-03 -1.780773249997414043e+00 3.083554664742605977e-01 5.289270525078840213e-02 8.071792594489013428e-01 8.572857193260546849e-01 9.055429388171226668e-01 1.352497102680358387e-01 -9.780925696267812608e-01 1.455665142445308291e+01
2.111859047349754978e-03 -1.759712909393219782e+00 2.691052237911939482e-01 5.225571783184882607e-02 5.940813962717388375e-01 1.185021716952634252e+00 7.372382524925410463e-01 3.428832622572975941e-01 -1.294752355411178613e+00 1.510295214835671906e+01
2.105097737982833915e-03 -1.753991065235067870e+00 3.121720148493868363e-01 6.279760963537839302e-02 8.193576908605373355e-01 1.035335739516079823e+00 7.218673310914041075e-01 7.790103624822340977e-01 -1.273536291105730855e+00 1.528501253270230542e+01
2.102361237032480956e-03 -1.746363279555072090e+00 3.588533083091633991e-01 4.139345125715551688e-02 5.822148049427765537e-01 1.052901190747132176e+00 7.574883029111003641e-01 9.512201938077103902e-01 -7.957093131826954435e-01 1.481465658732244250e+01
2.092819564478288867e-03 -1.741983589072955807e+00 3.680058611287518877e-01 4.264719447531512692e-02 6.910269433064561984e-01 8.734412691572432941e-01 8.363241508188686835e-01 7.654936286579361315e-01 -1.278197600625342822e+00 1.495218083199746850e+01
2.092330905603269342e-03 -1.733288537982895505e+00 3.336174023585404269e-01 3.759918843483692208e-02 5.154468405398393571e-01 1.015618301814519064e+00 8.428372286472683994e-01 1.130978285685592111e-01 -7.841771012499249016e-01 1.471194695909584205e+01
2.093523120020355979e-03 -1.723790326790476835e+00 3.248410524383188447e-01 5.224151524976206051e-02 7.728969981312884263e-01 8.864770250629162573e-01 8.194692234914596751e-01 2.033370593045877028e-01 -8.915818123188443689e-01 1.473629019049327837e+01
2.085795280617068741e-03 -1.718559893416864659e+00 2.791970816513961173e-01 4.232909208889699265e-02 6.049565268890322312e-01 1.056225989466062831e+00 8.214269767937834033e-01 5.873723358915641235e-01 -1.134449211475844432e+00 1.457858479461543766e+01
2.076620747806423931e-03 -1.714039601989775674e+00 3.003728012401212233e-01 5.640107458151764896e-02 6.127951445535905206e-01 1.138901541275439300e+00 7.085774796172616963e-01 3.620205175252050322e-02 -8.030339240343488116e-01 1.522801308396487485e+01
2.064399276948903229e-03 -1.711013685592479350e+00 4.423832103258571458e-01 4.586095429887505903e-02 5.927993199547951786e-01 8.591040843909909519e-01 8.753689083234337254e-01 9.592874176910770601e-01 -1.184722352016486457e+00 1.473747260589545505e+01
2.049196024450120838e-03 -1.709476858177397363e+00 3.809791758054464905e-01 4.990771249332899562e-02 5.563083298454126746e-01 9.690875622724349769e-01 8.268421958989626841e-01 8.732518293432208756e-01 -1.180095521156904415e+00 1.469291303006230365e+01
2.038599253587056181e-03 -1.705732888167997618e+00 3.125119698128724921e-01 5.131931358202579396e-02 8.330087765625103779e-01 8.534570972178037174e-01 8.413589143257924619e-01 4.333289753219774498e-01 -8.664400458824411677e-01 1.470422037770911494e+01
2.032137940509823066e-03 -1.699978836830184470e+00 2.754650097734286374e-01 3.535379743064483854e-02 6.403879719699321349e-01 1.114883157488177678e+00 7.255573372580699232e-01 1.690106443246575663e-01 -7.160990950375865083e-01 1.505036487554685465e+01
2.019767429013455406e-03 -1.697156306290078742e+00 4.050922575017629201e-01 3.688823124143493504e-02 5.918330057648913956e-01 8.470517699647479581e-01 8.538295347697733018e-01 6.025686661372454678e-01 -7.667888936783375797e-01 1.465425838654261526e+01
2.002195799062051786e-03 -1.696965627654374975e+00 3.088158952128439161e-01 3.068042315847867296e-02 6.615990627317989148e-01 9.702236431551778395e-01 8.403183552437801795e-01 7.697451414854385998e-01 -1.083784192061110430e+00 1.475201861464440256e+01
2.007278229514674554e-03 -1.685501844305937968e+00 3.340297749408638328e-01 6.179461000725879755e-02 7.864104574151593585e-01 8.089152366760007373e-01 9.335555786272248247e-01 4.552543315382429068e-02 -1.080443574649066374e+00 1.456397256956778108e+01
2.018301951079418469e-03 -1.671096423019351906e+00 3.001438089237131734e-01 3.266608072694075077e-02 5.946285974248128881e-01 1.143745960815691687e+00 7.430211882092018216e-01 8.094028523478355996e-01 -1.149048284805887388e+00 1.509081890431673578e+01
2.006216353533111976e-03 -1.668173854277768431e+00 3.437767567287693948e-01 3.221695446041302618e-02 6.630935036339565825e-01 9.443476409722599829e-01 8.622024856470197340e-01 8.311644118424204031e-01 -1.091447771237609166e+00 1.475059501234308712e+01
2.019939386309215195e-03 -1.652428315594853814e+00 2.851013028416438111e-01 6.261485597365629152e-02 8.030789371474311711e-01 1.004317924712425647e+00 7.883270799622400515e-01 1.007864749087779566e-01 -8.415952372282229366e-01 1.481384729949885504e+01
2.006324554426462507e-03 -1.650262780060992363e+00 3.125245068043228103e-01 3.369018403245063048e-02 7.163136491492874125e-01 9.723408269526016001e-01 8.024616325435027786e-01 2.639782208873808766e-01 -8.718653495451671454e-01 1.497518886532620286e+01
1.996129601377269296e-03 -1.646428570591883300e+00 4.311345534766383158e-01 5.021865910485773937e-02 5.851751099380657628e-01 9.215121935159851230e-01 8.177540582814903924e-01 7.505062595386566837e-01 -1.128487641142879916e+00 1.496080099600100866e+01
1.981284233044727436e-03 -1.644964868491863186e+00 3.283747339705747059e-01 3.055225940544368732e-02 5.971934714241659004e-01 9.666725546283900794e-01 7.845900779500823985e-01 2.936820416415764079e-01 -9.105401827498442735e-01 1.498979956888614140e+01
2.017372020014058034e-03 -1.617985849853238012e+00 4.769471550056456621e-01 3.095352960671136217e-02 5.228824435254739722e-01 8.647571496721934148e-01 8.667073008662982136e-01 8.745979650716575460e-01 -8.712656191520432580e-01 1.470909637321683228e+01
2.006110593905379921e-03 -1.614655143059211317e+00 3.865245793607156033e-01 5.497409740120481197e-02 5.674318630439930677e-01 1.042032203167704729e+00 7.527587190646677362e-01 8.779740469593710905e-01 -9.190446877069379239e-01 1.494376085060747172e+01
2.008372108592990091e-03 -1.604599893503249941e+00 2.738210255662621440e-01 6.674991968240459594e-02 7.621591722913023670e-01 1.098471373130068818e+00 7.254568308105969754e-01 5.688137321171293781e-01 -9.995853767458442451e-01 1.490915789835921501e+01
2.062134014821145802e-03 -1.569254443658528508e+00 2.967990522406721565e-01 5.331747561822106074e-02 8.024421627940481194e-01 1.004634112702893489e+00 7.650124936533857500e-01 3.786618366690150395e-01 -9.182794799167255384e-01 1.499632492888169644e+01
2.064153484433095629e-03 -1.559347040884080382e+00 2.704011883580617059e-01 5.592995093303439885e-02 7.393107887966720027e-01 1.106763645477101488e+00 7.219927571499057395e-01 4.350371447952302018e-01 -7.096453135433720139e-01 1.491583943519597888e+01
2.069117388013062310e-03 -1.548016543175011472e+00 3.128714789375132144e-01 6.430156457312692642e-02 7.733010124573818089e-01 8.809511842368542567e-01 8.883826801903664805e-01 2.145674792164730393e-01 -1.020741556390521998e+00 1.449310611237705793e+01
2.053223281097562181e-03 -1.546799214921537491e+00 2.384437651908486444e-01 3.948668162185421660e-02 5.772017766510992853e-01 1.163799588786213590e+00 7.619212622268529689e-01 1.369386483145405009e-01 -8.910195387895358810e-01 1.473922745093660325e+01
2.047590622767763748e-03 -1.540617738096183631e+00 3.515881971676035889e-01 4.334227608564525380e-02 5.206519627001431338e-01 1.141230825204462285e+00 7.270800461459350217e-01 9.098909509552602914e-01 -1.003993911465629996e+00 1.495009734650269095e+01
2.031677978656106203e-03 -1.539490920550364850e+00 3.511940734420894161e-01 3.984157070763288955e-02 6.511899113338910361e-01 9.195325708622121841e-01 8.525261387512359512e-01 2.770069590872555332e-01 -1.111532994591607704e+00 1.491951351893155397e+01
2.017901659284634594e-03 -1.537366202236462254e+00 3.005747641700796668e-01 6.008807930295462923e-02 6.953361393889786468e-01 1.090859933189140651e+00 7.541540996724386270e-01 8.374562211755760543e-01 -9.901699213014194534e-01 1.484269503847499294e+01
2.000974131963480489e-03 -1.536861691816587605e+00 3.448709417622614071e-01 6.216817300948375424e-02 8.558004570794175425e-01 9.327486388485932700e-01 7.494652478565640985e-01 6.927461147776863282e-01 -9.414229107573668376e-01 1.514048347009530104e+01
1.988713448396664009e-03 -1.534079327035189122e+00 3.504130946383804401e-01 5.787925654920571261e-02 5.956744772867023086e-01 9.708861604508292054e-01 8.363196068937680527e-01 5.039455034655724308e-01 -1.102936138254227982e+00 1.465813888269498477e+01
1.989125189229015277e-03 -1.524943738243007108e+00 2.864411569061807716e-01 3.953314031467414225e-02 6.233810373817617601e-01 1.052877986658387721e+00 8.067808797132443033e-01 8.360279718932583926e-01 -1.292682442211046112e+00 1.475380502903433033e+01
1.973280296032830627e-03 -1.524012822638206366e+00 3.704102971350539120e-01 6.519544445028163659e-02 7.397376317957472525e-01 8.735199923140209988e-01 8.421311471293373430e-01 2.947194903201458827e-01 -1.171339797396135030e+00 1.481822883268745272e+01
1.965448710718149545e-03 -1.519060963302356848e+00 3.364294527958827663e-01 3.489795774514277416e-02 5.504177006158906815e-01 9.304219182706401359e-01 8.999541870937881605e-01 1.058064465077425131e-01 -8.129722918370683171e-01 1.448950576682886471e+01
1.948917920742548274e-03 -1.518578656522237669e+00 4.422508753584513119e-01 3.685996744417046472e-02 5.596445634218553122e-01 8.801968142788919591e-01 8.398902493881774678e-01 5.712658871912735803e-01 -1.049334541588049063e+00 1.497077890137059697e+01
1.935351750196235513e-03 -1.516635298200354365e+00 3.124025263821534892e-01 6.079265002068495738e-02 7.386556178211094448e-01 9.539797397109109900e-01 8.095919701672834590e-01 1.528403675905223302e-01 -9.569996008132738430e-01 1.471008442467267052e+01
1.920319805397332569e-03 -1.515504082299804267e+00 3.901380721141326502e-01 3.984876563786941134e-02 7.564447354868382156e-01 8.309510674810111075e-01 8.513318307832757892e-01 5.280664425464449696e-01 -1.251616647866072407e+00 1.505860125405433791e+01
1.910616881566095911e-03 -1.511641083796176455e+00 3.923102882263123092e-01 4.794335840026957979e-02 6.252688928345778718e-01 8.575635958074385723e-01 8.406957809531028225e-01 6.395331077073340698e-01 -9.482694053063152051e-01 1.480600588977980436e+01
1.915889745926570775e-03 -1.499956542909702373e+00 2.951046034188400391e-01 3.865778628885079005e-02 6.101144860778288104e-01 9.911177692749518764e-01 8.254255392886017395e-01 3.945328405632697044e-01 -1.015974562993645858e+00 1.465522855412951486e+01
1.906220882588014094e-03 -1.496087418945432068e+00 3.361396845070763195e-01 6.655198350904073523e-02 8.117640374643284584e-01 8.628498216223293715e-01 8.669204176333997758e-01 4.024183573179072604e-01 -9.344764881871909790e-01 1.463991515517384023e+01
1.908272155994196213e-03 -1.486083331801840046e+00 3.455074997649628665e-01 6.096716647273857370e-02 6.625428858190159920e-01 1.008653672695171366e+00 7.646906204052087430e-01 8.643428250516012046e-01 -1.053116485118281931e+00 1.487530728730467544e+01
1.907760435726424657e-03 -1.477422955289605433e+00 4.064818442724834613e-01 4.338291244623604381e-02 5.932841911455749573e-01 9.164932280216464555e-01 7.880650402270734656e-01 8.991292454392101341e-01 -8.365425486048401194e-01 1.491720362540949729e+01
1.905298887394140522e-03 -1.469785498667094625e+00 4.428192238296615457e-01 3.401344399866177565e-02 5.047251228857053684e-01 8.681393818578893029e-01 8.857840327977644090e-01 4.513996038512419484e-01 -9.242732473672399252e-01 1.468469061713909873e+01
1.911459712515574220e-03 -1.457628622219583114e+00 3.585591912057166653e-01 5.067708067721781590e-02 5.975844757687091002e-01 9.539155648985846447e-01 8.298733516329611648e-01 9.035687480198757449e-01 -8.312764827979445270e-01 1.453830960667804106e+01
1.941964313771577097e-03 -1.432867254670035173e+00 3.244459414767302263e-01 4.571281911874981729e-02 8.346029227560198827e-01 9.234454219624281812e-01 7.769410312898358262e-01 6.894243089050179352e-01 -9.340139929918427342e-01 1.498449686277743886e+01
1.929918344375954704e-03 -1.430160983514736861e+00 3.634810136638204625e-01 5.574088670888625169e-02 6.520075639194052863e-01 9.641752864928344602e-01 8.341847690473684906e-01 9.494651797522891679e-01 -1.085022247152477082e+00 1.468538830929734296e+01
1.937135377575467405e-03 -1.417499833178557322e+00 2.878485532117721069e-01 3.512957617230687973e-02 5.703516830672347160e-01 1.177639004054895633e+00 7.341939698131279002e-01 8.478682493059844782e-01 -8.534115669807156301e-01 1.482599562051482067e+01
1.922064864918088343e-03 -1.416381475430579462e+00 3.352014365004488128e-01 4.600352643629596755e-02 7.490674244866798448e-01 9.467317684769033237e-01 8.124247072878091336e-01 5.686697614698674741e-01 -1.027504799766584487e+00 1.489615438176981854e+01
1.928360489894974253e-03 -1.404182807840178349e+00 3.543273801514116306e-01 6.398784195096560157e-02 7.901382113391388629e-01 8.696390765721991878e-01 8.667095066120318325e-01 6.644534055904172121e-01 -1.147765468554334811e+00 1.468420681699151586e+01
1.914702122379646678e-03 -1.402362330346412334e+00 3.647610750508859523e-01 3.689913607189233141e-02 8.254070971895193232e-01 8.128889712222348018e-01 8.340758563003540793e-01 6.424481581720173917e-01 -7.129442311033563628e-01 1.481701835550553525e+01
1.913049302654907212e-03 -1.394297357226059519e+00 3.511137069403784672e-01 5.593999537056019988e-02 6.739726295343350104e-01 8.586179596256706681e-01 8.827876419544462561e-01 3.077050939290554288e-01 -8.744125975686054542e-01 1.450896509545297164e+01
1.901424384061633274e-03 -1.391463967223824705e+00 3.886834561494667550e-01 3.035105253984344761e-02 6.184609993338590073e-01 9.681971677691404432e-01 8.010865587382611785e-01 6.730015033211119713e-01 -1.172985101600079627e+00 1.518228053025826085e+01
1.889435842472191908e-03 -1.388860388456724326e+00 3.101741296565352357e-01 5.592953398036989293e-02 8.547246453511181397e-01 8.687643431404651340e-01 8.343403515257272751e-01 6.254660861574690145e-02 -1.260995413781563101e+00 1.490515914642247530e+01
1.889248938144650995e-03 -1.380030742627160301e+00 3.621989747176656005e-01 5.106799688924584801e-02 6.713201623578225474e-01 9.781432829641565352e-01 7.964601151538952539e-01 4.957302043722803253e-01 -1.009415684707283045e+00 1.496546371960256394e+01
1.878188315546594532e-03 -1.376973883787990127e+00 4.229899029919175213e-01 5.029507402526861570e-02 6.204325882858315877e-01 8.579416727377874308e-01 8.620973631158767025e-01 9.101211102836008759e-01 -1.039132440420643011e+00 1.476277039825864534e+01
1.863011133437244464e-03 -1.376158894955586742e+00 3.652767679311572646e-01 5.605121382215412507e-02 6.121170809883824671e-01 9.302092297502412288e-01 8.402436018376708837e-01 2.415043900204144611e-01 -1.125990399361606054e+00 1.483044807564504453e+01
1.856127507873984572e-03 -1.370932058841332069e+00 3.318404665803749709e-01 4.761206976292819970e-02 7.277931264371280129e-01 9.946884868764626075e-01 7.529113870051344914e-01 4.443055040939546396e-01 -7.738407127182816980e-01 1.504010244352659775e+01
1.839919122278697991e-03 -1.370774204408629515e+00 3.424049244777356282e-01 4.797109266197446820e-02 5.783595641234329232e-01 1.023152053116005433e+00 8.347517553406836877e-01 3.991147744864884661e-01 -1.211527174506111804e+00 1.479246220971139536e+01
1.825739804111830124e-03 -1.369581971342127780e+00 3.407954577017676678e-01 3.959595724031051561e-02 7.165975625747966760e-01 8.512554750928968961e-01 8.311802765098383894e-01 5.839836044608861521e-01 -7.193876309268699698e-01 1.474284380716621357e+01
1.828224689847736699e-03 -1.359293295772933119e+00 3.172193181304787668e-01 3.692652881550125693e-02 6.746106331130048428e-01 8.794721228961700499e-01 8.844834596630715140e-01 5.863413701738667827e-02 -1.248589415210437092e+00 1.478242000571957604e+01
1.885517609864440381e-03 -1.319507728195977281e+00 3.624843455104457268e-01 5.039387650355361958e-02 6.381964160451845114e-01 9.003752349226442631e-01 8.816832721014380425e-01 3.335659031567499433e-01 -8.536557307113515902e-01 1.457052427922207194e+01
1.884682412897439050e-03 -1.311022208581959392e+00 3.461506321998768509e-01 4.560023406127308027e-02 8.629742629930272635e-01 8.109797645065935923e-01 8.261248223198262020e-01 4.364614079999308838e-01 -1.065631753467321641e+00 1.493139366518825817e+01
1.871078469120082818e-03 -1.309337976556111949e+00 3.905560738549794797e-01 3.371448104281635216e-02 5.938090680625192075e-01 9.704192502364082928e-01 7.864965529499993169e-01 7.649549868122623719e-01 -9.055387904914358188e-01 1.497677427876297251e+01
1.856015008727377683e-03 -1.308492670278608161e+00 3.121230542873356661e-01 6.159388279714424208e-02 6.906244847652562857e-01 9.780753904405263821e-01 8.420285169139729575e-01 3.983406366406133658e-01 -1.083487842525644451e+00 1.461217643219251627e+01
1.846884442724489039e-03 -1.304495685368986191e+00 3.153746756848856414e-01 3.077364536093612005e-02 5.317259760954305969e-01 1.042690920206537752e+00 8.456237232196122111e-01 2.538332359651297443e-01 -1.040371409446913642e+00 1.474145813983041897e+01
1.833672076886860109e-03 -1.302746692637975601e+00 3.806653062760442241e-01 3.370106585074387345e-02 7.179763319641034869e-01 8.120092339426683292e-01 8.358378737656628754e-01 8.293283204106851603e-01 -7.838485122452522047e-01 1.478522777429143176e+01
1.823126956868959718e-03 -1.299585541924002774e+00 3.624306971531066068e-01 5.531791802889815535e-02 6.538303534299977349e-01 9.208207992289628718e-01 8.671307375634820236e-01 8.989250293194132047e-01 -1.159143224560828855e+00 1.461768680690239997e+01
1.814380043636595625e-03 -1.295466269881167420e+00 4.150713883589488562e-01 3.670288246314729746e-02 5.017646763663319298e-01 9.087575743392126704e-01 8.754269586678307125e-01 4.948590070848329359e-01 -7.651712078808688977e-01 1.454431013443194054e+01
1.802119101138948158e-03 -1.293318283202029351e+00 2.877455455978998877e-01 6.614268480510261672e-02 8.959689788468048199e-01 9.363168975098182800e-01 8.048067385929065232e-01 5.449474758319702294e-01 -1.006626623682453259e+00 1.472877022521245927e+01
1.787665860223314586e-03 -1.292442182419773378e+00 3.360809310886551105e-01 4.663173475725231054e-02 7.099268277817971651e-01 9.155972526536652056e-01 8.709486937755877012e-01 5.231814911355404663e-01 -1.184802104876217843e+00 1.467680304569357652e+01
1.774957077682977639e-03 -1.290648150160778718e+00 2.665753349757377100e-01 3.532881605493076033e-02 5.488158968660439285e-01 1.192967382307033697e+00 7.466542078438005436e-01 2.406018559745274066e-01 -7.225960394022551414e-01 1.482578408962455541e+01
1.764733935475683345e-03 -1.287495885531010797e+00 3.204898893751796374e-01 5.884739523725955601e-02 7.429813716139512803e-01 9.136054105286991467e-01 8.399415572078127168e-01 5.871847370488799678e-01 -9.358248906782342669e-01 1.463329760649848588e+01
1.753729125157117187e-03 -1.284822798963159762e+00 3.166655659530309141e-01 6.304736850021114281e-02 7.154249215559651542e-01 9.372029388622535873e-01 8.581041052339504205e-01 8.519337516915953534e-02 -9.011446874026242115e-01 1.461993093673241084e+01
1.740274939440758679e-03 -1.283595565006168782e+00 3.458725766809970237e-01 3.629827265177784645e-02 7.130653812019975835e-01 8.568981700745846863e-01 8.488522158736111489e-01 2.234684504546163852e-02 -8.307735610199357135e-01 1.489036700303371319e+01
1.738039388988682011e-03 -1.275952415508344595e+00 3.277566915629975264e-01 4.853486325164698550e-02 7.478727662041888546e-01 9.873286555453540947e-01 7.531933554781566897e-01 7.295634518848844730e-01 -1.035399850415517964e+00 1.508363743077156549e+01
1.735285243416509427e-03 -1.268609728752754018e+00 2.878346279235287630e-01 5.229629986993165891e-02 7.467645350321039377e-01 1.047454381400428236e+00 7.615059923913797268e-01 2.043447037396270982e-01 -9.922960758871715026e-01 1.501412366478968785e+01
1.727092702462547499e-03 -1.264413486591119629e+00 2.821145719399172358e-01 4.018862212552995472e-02 5.540552829611635755e-01 1.141755599737177329e+00 7.470106024411530266e-01 1.878050752969345205e-01 -1.153165973488161855e+00 1.509772053097437272e+01
1.717455775444607724e-03 -1.261080395803104715e+00 3.519411554529497943e-01 3.435176816197951788e-02 5.096613966885258362e-01 1.024227740335162062e+00 8.210439524979635806e-01 8.544171040833048458e-02 -8.658175933188235751e-01 1.488096017216835243e+01
1.710439728324406657e-03 -1.256245331256348630e+00 3.301398257321726537e-01 6.652749867905644043e-02 7.446881336115653838e-01 9.618657500808009964e-01 8.204654989183404190e-01 6.754879206906074796e-01 -1.151292454379956087e+00 1.474265109651969041e+01
1.705369243631669075e-03 -1.250285595883093182e+00 3.193835363763648516e-01 3.717221910192152617e-02 7.507953040101720266e-01 8.874796735656924618e-01 8.235155876510970030e-01 5.264976077864679249e-01 -9.794423129932219307e-01 1.482900491368707385e+01
1.694831555648626444e-03 -1.247555318227288046e+00 3.661045541838126027e-01 6.654847198262331398e-02 7.937280732245711734e-01 8.420417084361917492e-01 8.539249547862229894e-01 2.579780673122847867e-01 -1.226692287331577536e+00 1.482563865739111897e+01
1.680580388491255102e-03 -1.247070902400028825e+00 3.845068814266183743e-01 5.395773000807541075e-02 6.989520393406409848e-01 8.912975764631165809e-01 8.121607948119085041e-01 5.992853438619559769e-01 -1.044365854794690573e+00 1.489294297616244300e+01
1.666064814395533085e-03 -1.246817086878967640e+00 3.304732615639264237e-01 5.635754805032698600e-02 6.510895428885257186e-01 1.069460409220819308e+00 7.526902469801625140e-01 9.433315212722426235e-01 -1.145671873233921945e+00 1.487821562016126364e+01
1.670711341907422584e-03 -1.235103473662986229e+00 4.008443075583374426e-01 3.569030441276506427e-02 5.357902076159023474e-01 9.626874605697037790e-01 8.387075942781552218e-01 4.944770212504258633e-01 -9.929747841075085013e-01 1.480774988422961869e+01
1.663012774684857233e-03 -1.230793509316759904e+00 4.241393494551476406e-01 5.223360602437096545e-02 5.999825534853675535e-01 8.697445813546708093e-01 8.423182209605082349e-01 5.605045864123562316e-01 -8.548993002165592436e-01 1.479437783878363710e+01
1.659546766896834256e-03 -1.223951286681579820e+00 3.261310644421541172e-01 6.002838350038246923e-02 8.721344691753167844e-01 8.352907067071930758e-01 8.490776333242007201e-01 3.657879764549250012e-01 -1.049090958712777466e+00 1.480316022949791055e+01
1.645326710007323457e-03 -1.223628275947000743e+00 2.634287186004073966e-01 4.223856121011460713e-02 6.171587913321073815e-01 1.165213389981066827e+00 7.360597869712459662e-01 3.548835484771740711e-01 -1.087623698409580175e+00 1.496893618528519454e+01
1.633317617045601695e-03 -1.222025382737816024e+00 3.672976582547731184e-01 4.470919288648632361e-02 7.128480326538645384e-01 8.664500206346921196e-01 8.612060354737594015e-01 7.179954268341242063e-01 -9.447591772038852476e-01 1.466125306042325427e+01
1.620653501998505592e-03 -1.220880641297185987e+00 3.567302902898652484e-01 4.270084947774603623e-02 5.547585976314873824e-01 9.916058542185495206e-01 8.340870727503664206e-01 2.897428653596728632e-01 -8.311888456210836384e-01 1.468744397496912413e+01
1.639965830872772232e-03 -1.200106127280484047e+00 3.730084264016418905e-01 5.028201498618876941e-02 6.106178449001584685e-01 9.581199339395674031e-01 8.296971889908034692e-01 2.421626133211389753e-01 -9.105694229268430639e-01 1.482522925905863964e+01
1.629863812265750812e-03 -1.197356502066394990e+00 3.057073713439198981e-01 3.585100819578617565e-02 6.716208265856997706e-01 8.954516687367195527e-01 9.025266199703505521e-01 3.302768521384369382e-02 -1.272852615012547206e+00 1.466985146308538113e+01
1.616082464603126176e-03 -1.196919402335625326e+00 3.413130381694815529e-01 3.523619476391580407e-02 5.495746607296310149e-01 1.039139753424335400e+00 7.851144828325772318e-01 8.893967478346842537e-01 -1.112592275450455359e+00 1.479779920769946955e+01
1.602895683571281624e-03 -1.196184024021173409e+00 3.055453322682201156e-01 4.607727379177048443e-02 5.728723372983880457e-01 1.012715774177302741e+00 8.559289043037265898e-01 1.396737735331569641e-01 -1.069871232295737551e+00 1.461589282618214547e+01
1.595968394105708264e-03 -1.191586552711964897e+00 3.915812235858155965e-01 5.671237286014103873e-02 6.322872779018318123e-01 8.269988573413449284e-01 9.040610230179741968e-01 1.247362203834484484e-02 -8.762383882739397389e-01 1.461182527751236115e+01
1.590177488460544275e-03 -1.186293038958205370e+00 3.558125791139092886e-01 4.071153533034252425e-02 7.166938120999245543e-01 9.148701731121400282e-01 8.118563618858201103e-01 9.427391244250957758e-01 -1.250149442905266195e+00 1.500602380833105443e+01
1.585010661041622027e-03 -1.180618971978596443e+00 3.179472963208891390e-01 3.982800540696132541e-02 6.380623255647382974e-01 1.041133120991155181e+00 7.622638739455180890e-01 5.387830661162245072e-01 -1.288954200970363839e+00 1.513700075207781914e+01
1.580985467120492489e-03 -1.174233168087936097e+00 3.305531858804469092e-01 6.805397129628470987e-02 7.795699857608104910e-01 8.600342285979843959e-01 8.830278670998419344e-01 5.475795268119809656e-03 -1.048916375505734244e+00 1.465302918302425006e+01
1.572282584783875553e-03 -1.170824523472515200e+00 3.384235880850848810e-01 4.245987815404683730e-02 6.911351959508638121e-01 8.420413318155522964e-01 9.303965420522372076e-01 8.548637722184154741e-02 -9.024844498195827569e-01 1.455665655021421223e+01
1.559628890360728473e-03 -1.169976489042191314e+00 3.148578937978318004e-01 3.129964431992073720e-02 5.953081810090852244e-01 1.028085475366333323e+00 7.905081210919236989e-01 7.595030458340754631e-01 -1.131234386135576697e+00 1.484380737162211084e+01
1.548595761142568727e-03 -1.168147260032476042e+00 3.116550862520089948e-01 5.212792366482259243e-02 6.012263682034507672e-01 1.137240037158583128e+00 7.192212708777895314e-01 7.613101512665163551e-01 -1.135510527816482318e+00 1.497213246412925436e+01
1.548875592316758913e-03 -1.159038004979734859e+00 3.510045926215495937e-01 5.702602464648985625e-02 7.554945582915448821e-01 8.530096703962259941e-01 8.772912154782995797e-01 2.648914833265614832e-01 -1.020550276299426296e+00 1.472819708854062526e+01
1.538523527476563053e-03 -1.156815468782530054e+00 3.351272029437608602e-01 4.041382092977083978e-02 5.143112972996504162e-01 1.071032542722893055e+00 7.981269959177591522e-01 3.077139878412090135e-01 -8.226422715673127328e-01 1.479153411465998147e+01
1.530101106799746204e-03 -1.153376289397827437e+00 3.979973940739925942e-01 5.948939264771031799e-02 7.404434854067092342e-01 8.155717718843246145e-01 8.579212764237896804e-01 9.370791445751489590e-01 -1.055349979573443786e+00 1.478677178329806985e+01
1.519276245980994214e-03 -1.151547466564856848e+00 2.784902439033770660e-01 5.246732556541587600e-02 6.147555459828496494e-01 1.134168085149296346e+00 7.391891349130963462e-01 5.458597232656116072e-01 -1.239114843577193259e+00 1.490296601378608443e+01
1.514244802952163620e-03 -1.145936127857939857e+00 3.911414995006723405e-01 3.800496884396600134e-02 5.454263998711467165e-01 9.856429745973689371e-01 8.066528216074471125e-01 5.878479242121855686e-01 -1.165375642802265688e+00 1.502028747731194436e+01
1.502211306937580645e-03 -1.144986164048376498e+00 3.374683715803006301e-01 5.219018478962993840e-02 8.438505526415327473e-01 8.994515519126746739e-01 7.683359997373966355e-01 6.621912079043337229e-01 -7.849951565391998232e-01 1.497005597977846492e+01
1.493153442184468613e-03 -1.142105532100504028e+00 3.124929211797953799e-01 6.407937554658144075e-02 8.470280461983381581e-01 9.133490514481692468e-01 8.043221929690703709e-01 1.223738017891322083e-01 -7.558976772231305041e-01 1.472374904454539823e+01
1.481981300787096889e-03 -1.140687339109864640e+00 3.995292867829014494e-01 3.786996846132129058e-02 6.269949918118357113e-01 8.252564719977442120e-01 8.699801594907421443e-01 6.413691191231645217e-01 -1.123723328603276173e+00 1.483546025300340787e+01
1.470957641083645972e-03 -1.139225031718571257e+00 3.878603056155326412e-01 3.763639336433736993e-02 6.107041741056834505e-01 8.349851083355358528e-01 8.736567033870974441e-01 9.755966991428333124e-03 -7.431095495272408424e-01 1.478278686345174897e+01
1.466329917973630860e-03 -1.133447480982386679e+00 3.410985654391662791e-01 5.571059482658702322e-02 7.394855404890181561e-01 8.198316927077152760e-01 9.025732235426779937e-01 1.597088482989535985e-01 -1.020759907309176207e+00 1.460946278929664288e+01
1.475119647334781695e-03 -1.118542430726744419e+00 3.044125293617397920e-01 5.735888663933676190e-02 7.816338132406008832e-01 9.286577934477044938e-01 8.449067076558671729e-01 1.978032898785819782e-02 -8.212292337591631242e-01 1.463832935798712320e+01
1.474155433461138290e-03 -1.110267724320310956e+00 3.861034841661985517e-01 4.631967780874448465e-02 6.179904519428480736e-01 8.190451233321826008e-01 9.279436035139372319e-01 1.133411751851380878e-01 -1.198510236289064279e+00 1.469530007968861973e+01
1.463392927061206656e-03 -1.108666728975796545e+00 2.790870782802082894e-01 3.714231112312846306e-02 6.122648053607395724e-01 1.114696931599290730e+00 7.698964450266903015e-01 1.428402595545875120e-01 -8.570454491448065149e-01 1.500653428778663212e+01
1.451474128728709890e-03 -1.107916139274087053e+00 2.965459622701505094e-01 5.981823654571828686e-02 7.723601570362924607e-01 1.030266895576305686e+00 7.471994368121643859e-01 8.504332050594534120e-01 -9.191698800443144357e-01 1.489219882821761232e+01
1.440302942944673157e-03 -1.106713779844915813e+00 3.324648748087087324e-01 4.042472201415667904e-02 6.838362106842640342e-01 8.637963642385534380e-01 8.682604851411812596e-01 4.613219723758981150e-01 -1.177275114218274688e+00 1.470274607426743430e+01
1.434853120788577097e-03 -1.101576187801219353e+00 3.092882411486601590e-01 5.140521050167611017e-02 7.588949931831574514e-01 9.702891304931952066e-01 7.684553104742113394e-01 5.088478155849673890e-01 -8.148611710783357776e-01 1.483390691367455005e+01
1.428210148583957057e-03 -1.097288089530528588e+00 3.693639776231169014e-01 3.461661114616516183e-02 6.286983817232110194e-01 8.471508796864951618e-01 9.176500427345101185e-01 7.005206861363367787e-01 -1.223069219843549993e+00 1.461058595786150427e+01
1.417466651503915525e-03 -1.095910303998750113e+00 2.784342813041705278e-01 4.383381067614682686e-02 5.905864556079570837e-01 1.141177482244251973e+00 7.533947482070089130e-01 6.762716020915642279e-01 -1.086169187287234106e+00 1.483315150623454315e+01
1.406614089186828320e-03 -1.094667501311380464e+00 3.258986948049564791e-01 3.153131767217740716e-02 5.585770834114585082e-01 1.056104309227540616e+00 8.133930310030569322e-01 6.718532436876658576e-01 -1.091379739986982234e+00 1.476804698496603763e+01
1.397392771114123848e-03 -1.092316197182997106e+00 3.364758564907852634e-01 4.729442529440419651e-02 7.697734693810890372e-01 8.708572161805612222e-01 8.377416206086695238e-01 8.858128159798004386e-01 -9.716302102510467886e-01 1.464990710910386085e+01
1.385897468299488247e-03 -1.091647898444759290e+00 3.573180664883274238e-01 4.407144796501376999e-02 7.303552666990801301e-01 9.218048221275444432e-01 7.950968402010932801e-01 4.648355891407791596e-01 -8.092964891982130649e-01 1.496912408565934882e+01
1.384604076765418024e-03 -1.083653014730842301e+00 3.794021406474068492e-01 4.353314511074056481e-02 6.204410417642923781e-01 9.279265949952151260e-01 8.283339527585871220e-01 7.803489595283816804e-01 -1.169429168812704978e+00 1.480224614597348598e+01
1.373795277371698664e-03 -1.082561491770170914e+00 3.090990095911967384e-01 5.057556202338163442e-02 6.328776975892049794e-01 1.102561690628244051e+00 7.353184421564548101e-01 9.857254924904754745e-01 -1.221000338799321794e+00 1.494379531241399306e+01
1.362174522415071122e-03 -1.082127769107331217e+00 3.305104891007991097e-01 4.876890959563132122e-02 7.879740716494745278e-01 8.437824610387250068e-01 8.673551981497755747e-01 9.757136925825224960e-01 -1.033152890750736130e+00 1.457509296236345264e+01
1.353554357985067239e-03 -1.079547543747218619e+00 2.964715278331646608e-01 6.783444470900248935e-02 7.996257338964725125e-01 1.054273932864434826e+00 7.347618949033997149e-01 6.884953005224663247e-01 -1.254475102095129690e+00 1.510285936503495385e+01
1.350056633619353902e-03 -1.073206420237726721e+00 3.284800617948370194e-01 4.037641654843950739e-02 7.215980109747908156e-01 9.350168967070905390e-01 8.023133549912577767e-01 2.306875650336745465e-01 -8.899595032381257820e-01 1.492322294923547865e+01
1.340020006355946945e-03 -1.071739847240992027e+00 4.088945621730326607e-01 3.978070427134483555e-02 5.919013714139517157e-01 8.390975555131030550e-01 8.628519304199648854e-01 5.221079562900899917e-01 -1.070469050572964598e+00 1.482146814254962308e+01
1.334544520953946005e-03 -1.066905768950083155e+00 3.968185488251559923e-01 4.586855290688535147e-02 6.823421500976550869e-01 8.096499673780002126e-01 8.497303009664129991e-01 1.427809278070714116e-01 -8.542050509565350946e-01 1.488693482846299077e+01
1.323238865688448028e-03 -1.066484830998350120e+00 3.865392969674373846e-01 5.186763590940347834e-02 7.183069305017925066e-01 8.931436845321338858e-01 7.991675817142542826e-01 8.530850513129382140e-01 -8.483783833311429046e-01 1.487608338929891083e+01
1.318943461192783337e-03 -1.060807669009692589e+00 3.088816574814089444e-01 3.318190922021210104e-02 5.731001397087666094e-01 1.083459421190084315e+00 7.943844443350217555e-01 5.507419955238517240e-01 -9.588421912731197594e-01 1.481596305796649204e+01
1.314743262959007378e-03 -1.055068696219534363e+00 2.723965495040993057e-01 4.731762493984437157e-02 6.414188967750346082e-01 1.050987487194994907e+00 8.159436604167042972e-01 9.576623704468545384e-02 -9.628487688706774961e-01 1.471287310510086854e+01
1.305179651560208192e-03 -1.053440838735236307e+00 2.887015064990167135e-01 3.686129635014447070e-02 6.013412111085503220e-01 1.111967071073643343e+00 7.655204777672539596e-01 6.989648340481426914e-01 -1.269489041053448064e+00 1.497352373346308418e+01
1.294865776862879660e-03 -1.052445920067682561e+00 2.966116913125839138e-01 5.734049473407776265e-02 6.841689804278958675e-01 1.144804182450192886e+00 7.023219275498758796e-01 7.704502040611616032e-01 -1.025169033118174866e+00 1.508431687957994782e+01
1.293750363951301366e-03 -1.044379131862218868e+00 3.867119855758556213e-01 3.508850241457366070e-02 5.760054834847340155e-01 8.604032196667195098e-01 8.783780501525183526e-01 4.365960640254085146e-02 -7.594909234457862812e-01 1.469312535399179609e+01
1.284389273050102857e-03 -1.042712488302387719e+00 3.757547458475014590e-01 3.625552385615389561e-02 5.797028628657365790e-01 9.682319196478850198e-01 7.989358059961455538e-01 5.436696166309623601e-01 -9.225114218526918597e-01 1.499797420860330455e+01
1.283957607628676391e-03 -1.034120059494381572e+00 3.673373587603905310e-01 5.961401268846792945e-02 7.335844022919034702e-01 8.599563539479128105e-01 8.606087966937385758e-01 5.821267237822357332e-01 -1.087011167392402999e+00 1.466930849218663901e+01
1.276101725483819041e-03 -1.031328773012066380e+00 3.661192462235290934e-01 4.687922336673359947e-02 6.886997811740331876e-01 9.327230106551561706e-01 7.855073813353020684e-01 4.408046201191642699e-01 -7.888279372700184311e-01 1.494802506934177977e+01
1.280954374953979704e-03 -1.018604699955770077e+00 3.658601896423947508e-01 5.597809910376300158e-02 6.514498889146526084e-01 8.746910072864553243e-01 8.634169620293788983e-01 1.514459530923304986e-01 -9.918721829614913776e-01 1.467960408521030402e+01
1.277477508472995432e-03 -1.012394097017126349e+00 3.408133028396134745e-01 3.274639267982867169e-02 6.310517136992499498e-01 9.347863256201478510e-01 8.611187202967520715e-01 6.584404013675843048e-01 -9.293975456645892086e-01 1.467789333148746778e+01
1.276319925870121825e-03 -1.004372083537580451e+00 3.549139606002355007e-01 5.514949872466005931e-02 7.947371736998875003e-01 9.252692695732241956e-01 7.707031285018650646e-01 8.789003717702658092e-01 -9.400034792319161836e-01 1.499073631777966575e+01
1.267939432744803795e-03 -1.002031302308666882e+00 4.276984731143734786e-01 3.256512416868455329e-02 5.620761697193380479e-01 8.534754321512232345e-01 8.963532923967458821e-01 7.304570267935036609e-01 -9.093037067001609186e-01 1.461140490780584678e+01
1.262026548324294249e-03 -9.977770191753660978e-01 3.650627426193623348e-01 4.121607196981522808e-02 5.619871246626793049e-01 9.853909405213875372e-01 8.289916001504237242e-01 6.513409323302838949e-01 -9.279824259048174984e-01 1.467552081298798328e+01
1.262364525225647023e-03 -9.885806786939632662e-01 3.675177078015466892e-01 3.727733276526556949e-02 6.886479555242752681e-01 8.415234757814410438e-01 8.952163242636881346e-01 4.066531467338049821e-01 -9.223807661611065356e-01 1.465513678997008284e+01
1.253593496154465714e-03 -9.866244530114124389e-01 3.738789891628374606e-01 3.568565377632130359e-02 5.419095782410298101e-01 9.373532824329667834e-01 8.642059154095191875e-01 4.202612753870837992e-01 -1.170237459231288746e+00 1.473523088561775118e+01
1.243390460997627475e-03 -9.858682143793017216e-01 3.533189048888633055e-01 6.108721374494575918e-02 8.164863260246573162e-01 8.410456656943520182e-01 8.307470224649642354e-01 9.242289514429484765e-01 -8.375875464178315077e-01 1.468677841452747579e+01
1.234903261331694434e-03 -9.837888979594767713e-01 3.130438577565893277e-01 4.268758918381376777e-02 5.989882665157993946e-01 1.050322145733238566e+00 7.867912316296822306e-01 6.046706241387729275e-01 -1.164499722899384304e+00 1.479919422560245756e+01
1.228389987922102718e-03 -9.801486035890069060e-01 3.340924034633813156e-01 4.872135398714825399e-02 6.794337550925868552e-01 8.875123222625902475e-01 8.820040220429654632e-01 8.812755827752893900e-02 -9.823328396775388160e-01 1.458906006578452796e+01
1.218918117431324905e-03 -9.789607148842628392e-01 2.861756917048370319e-01 5.076565158498272390e-02 6.395951364483880575e-01 1.013079330419873303e+00 8.372811785836208331e-01 2.206504776585857530e-01 -1.151727006599475356e+00 1.461934546088348519e+01
1.214029005526286393e-03 -9.740512349025138850e-01 3.212833922404649822e-01 3.899903197243460851e-02 6.119170744766999626e-01 9.867946367365496574e-01 8.459331703045878115e-01 2.045653403052469788e-01 -8.668656412070736561e-01 1.469609506725720927e+01
1.203872552737085197e-03 -9.735237602762142339e-01 3.756770971837847251e-01 6.176329223594031331e-02 8.369299620007830676e-01 8.351138411476959345e-01 8.302816167147191173e-01 8.917189893183801175e-01 -1.196977136503343697e+00 1.486544669576808708e+01
1.196209537702993186e-03 -9.709808379917732601e-01 3.949696741754630258e-01 3.732013237040918835e-02 6.764726190042181786e-01 8.101038610367844450e-01 9.016109158715455152e-01 8.123665831256099423e-01 -9.705276581168618133e-01 1.461981742326930167e+01
1.187713513405083167e-03 -9.691800639678440632e-01 3.800781902183182348e-01 5.408986707476107908e-02 6.412002519699372405e-01 8.856587571621723498e-01 8.815167541611709234e-01 5.562027423318005592e-01 -1.244461390338842399e+00 1.467645494732283318e+01
1.181444769117255588e-03 -9.655434639231408323e-01 3.273725066163745145e-01 6.957238041654190130e-02 7.457858387241740328e-01 9.588389449150527266e-01 7.961453674021281568e-01 1.470080068403411544e-01 -9.601326426691640936e-01 1.486450894319032656e+01
1.171032494003730736e-03 -9.654671294710065466e-01 2.778938070750139877e-01 6.171504866118952132e-02 6.488857719999189255e-01 1.115010449037152629e+00 7.565831762281544082e-01 2.072941467870951238e-01 -1.217020362352145391e+00 1.490501300375460225e+01
1.160685603851432891e-03 -9.654135228815601266e-01 4.102509282207372765e-01 4.542141676045186732e-02 5.967597565601743259e-01 8.209175117230415042e-01 9.074411521871920128e-01 3.339259313308267085e-01 -1.092563328580482551e+00 1.468180402172737153e+01
1.161138252261778234e-03 -9.560950438250835903e-01 3.315511930049963585e-01 3.632098192490479382e-02 7.743367158691882857e-01 8.791911182601334085e-01 8.414931420583423582e-01 9.144944767727538615e-01 -8.101266196464871339e-01 1.464935546852192161e+01
1.154609151179586445e-03 -9.528053588942256846e-01 3.472329175107304877e-01 6.269990872312589114e-02 7.637723542630844298e-01 8.605948394691422809e-01 8.643350230532002021e-01 3.421728806299542125e-01 -7.641962691152425213e-01 1.457514211306108542e+01
1.145820038231825993e-03 -9.515181056634433032e-01 3.270185601223715155e-01 3.335889258374358235e-02 6.216015231700136034e-01 9.179115473125484259e-01 8.581975530188734602e-01 1.878831357941372904e-01 -7.410626346759278116e-01 1.468642372024031850e+01
1.137830691663270543e-03 -9.495865579560311964e-01 3.686379431768900261e-01 4.868988909932350784e-02 8.218052178440129474e-01 8.035934487821592143e-01 8.684282625293542335e-01 4.382061802870255152e-01 -9.866370258831416162e-01 1.479634242274633138e+01
1.132866703104532663e-03 -9.450302084518280576e-01 3.299125610193871516e-01 6.697404171483181679e-02 8.947346577222324848e-01 8.213518096330771900e-01 8.796911763958479291e-01 6.952433108366361525e-01 -9.652277399268993641e-01 1.456870547644343539e+01
1.130329389260278971e-03 -9.383438774688565021e-01 3.883878743264399525e-01 4.822884632967787411e-02 7.280904098627773990e-01 8.557454841258964606e-01 8.195031882885006613e-01 6.250045287256643656e-01 -1.035857291885975862e+00 1.493953978613716771e+01
1.136501194215553626e-03 -9.239699761152427859e-01 3.323124648292910543e-01 4.472902337106485909e-02 6.556346094966032378e-01 9.259286875928728344e-01 8.608066418307764867e-01 8.401853464212805100e-01 -1.249220638064195033e+00 1.465059151021119455e+01
1.126401967284504195e-03 -9.239673668361733094e-01 3.094819342494560255e-01 5.932430980573955015e-02 8.309454892024576989e-01 9.184866615211624286e-01 8.190022670827244999e-01 7.047713851268869734e-01 -1.230161688773933504e+00 1.474781562517921785e+01
1.116684549712511571e-03 -9.237031766430523483e-01 3.271438006586927516e-01 5.860906113708683196e-02 7.497376008031712002e-01 9.766964636312386316e-01 7.608517576474853605e-01 7.170574156009704714e-01 -7.170589152885997741e-01 1.487138743122501339e+01
1.108756366529907358e-03 -9.218996802190305706e-01 3.764655118711995874e-01 3.762748096765008293e-02 6.201052963088603542e-01 9.701376502670279178e-01 7.685878133465064987e-01 8.445666815038390673e-01 -7.766485421911251130e-01 1.496135093789919779e+01
1.107884214221023251e-03 -9.137580224303717413e-01 4.430603818217838663e-01 3.781934337623230058e-02 5.700531010106424379e-01 8.648380261503495481e-01 8.555148105981114082e-01 8.301759432461661703e-01 -8.674782080185385880e-01 1.476294104109345540e+01
1.104119003842075290e-03 -9.082337986850563816e-01 2.914969676779605168e-01 3.298726570567718508e-02 5.689396896053127151e-01 1.190709224537016553e+00 7.120407153307989345e-01 6.105277407119787947e-01 -9.312642901657990357e-01 1.513467356168505162e+01
1.105429287063970688e-03 -8.981192080317635940e-01 4.008335940007026199e-01 3.853181375586937907e-02 6.977021443603486084e-01 8.369676042408799033e-01 8.684969607388257629e-01 7.988667974659230397e-01 -9.434576320487213508e-01 1.480870972737101887e+01
1.096799516712313426e-03 -8.970279825771626525e-01 3.272302377101730109e-01 3.576092692854476729e-02 6.355797984041239301e-01 9.811271677838061533e-01 8.162534372471471622e-01 1.366742120824661622e-01 -1.183893781670826151e+00 1.501492494446650738e+01
1.098617629760245554e-03 -8.864431305037173692e-01 3.000217681219972676e-01 4.176343945452519468e-02 6.504030263659834610e-01 1.068052625242950082e+00 7.591585614578463259e-01 3.694839977974569978e-01 -8.850770149661657538e-01 1.496279715966966606e+01
1.089455021636064709e-03 -8.858896572927047464e-01 3.179303425406667660e-01 5.687158355472127225e-02 6.768671166712647569e-01 1.039748193027062451e+00 7.430798892221388563e-01 4.053937634718510208e-01 -9.882985967009669803e-01 1.501092457659922630e+01
1.081086601970059720e-03 -8.846720286440574732e-01 3.486709410573394230e-01 6.627015809319881934e-02 8.346348968717731687e-01 8.586971304454150689e-01 8.220144536223386034e-01 6.609454259553748656e-01 -8.592381804820758973e-01 1.471639497275960018e+01
1.071899146362447408e-03 -8.842781271574186031e-01 3.227055930681594909e-01 5.627482165126417024e-02 7.275122149282519102e-01 9.817712846550378236e-01 8.027906672329012672e-01 8.657920482363473669e-02 -1.295804385849529172e+00 1.497815364693052231e+01
1.067332860447908500e-03 -8.796186512127533996e-01 3.581504743627675902e-01 4.136140357699517184e-02 5.635806508066405485e-01 9.377115238377702333e-01 8.740740835152061017e-01 5.869772817441321067e-02 -7.067569812927118056e-01 1.464967964787109977e+01
1.064551904232283186e-03 -8.732989992146037439e-01 3.358184429884014666e-01 4.807519273947079286e-02 6.189427818671102699e-01 1.000267373670423510e+00 8.268689718839561387e-01 7.202027747363447530e-01 -1.114262891239574449e+00 1.472177692436455132e+01
1.060784643804879362e-03 -8.679155269152741825e-01 2.852723411610577076e-01 4.348538292357576052e-02 5.911259642964814542e-01 1.194255344499230986e+00 7.061592665870586316e-01 3.237089718285840467e-01 -1.051453225297023897e+00 1.527768673021412127e+01
1.061585676401474417e-03 -8.582321082981588800e-01 3.824691899183766397e-01 3.640763489547520909e-02 6.323214128850204174e-01 8.217492038188589643e-01 9.319923617441600028e-01 2.563958534631575192e-01 -1.130729458698331635e+00 1.469170078606000729e+01
1.052623784254700171e-03 -8.577813589495051350e-01 3.693146466985297582e-01 4.029361308216022897e-02 6.341110265505522925e-01 9.472922909624552634e-01 7.917738258591003886e-01 7.826349290644527557e-01 -9.345822825866532124e-01 1.489209027245322936e+01
1.044079172261077422e-03 -8.570033548388367173e-01 3.707304956180558220e-01 5.397509598664818053e-02 7.470869127765961126e-01 8.921816383539228346e-01 8.175246815373726772e-01 9.550507271593322578e-01 -8.575748068950241887e-01 1.482509295615551181e+01
1.036741408311426648e-03 -8.551275725207657663e-01 3.429023656117919927e-01 5.368364119662380474e-02 6.991893664679407205e-01 9.708686229673928469e-01 7.948870592764697429e-01 1.534328895089946410e-01 -1.261809011911206646e+00 1.506838910653891794e+01
1.029140890455294138e-03 -8.535571668050121463e-01 3.094913870288483193e-01 3.687264148167149896e-02 6.364639889337442291e-01 9.870834519770282922e-01 8.221143243454420713e-01 3.928663887407512489e-01 -7.573489905648055354e-01 1.470280012203951436e+01
1.023642289356568608e-03 -8.499858238490511919e-01 3.469009157509538310e-01 3.169772908683519269e-02 7.263339390814372853e-01 8.562101479458787967e-01 8.571756204731653117e-01 2.484948131134487315e-01 -9.136912303403601499e-01 1.485323793390046276e+01
1.016429374439233859e-03 -8.481285186909879314e-01 3.225780720027877635e-01 6.379007198533470646e-02 8.940341341178901224e-01 8.696805632616237958e-01 8.046882901375207453e-01 4.369555785545112814e-01 -7.566737484288900140e-01 1.480129671560891325e+01
1.007747600696574973e-03 -8.477780776196990331e-01 3.126251631943875453e-01 4.670614527928492604e-02 7.205715799638974239e-01 9.833580407120479094e-01 8.186778034251140923e-01 8.469493526074803880e-01 -1.100580762021712511e+00 1.473809042904706601e+01
9.831439035892649506e-04 -8.459456538195362363e-01 3.624188019696351626e-01 4.627689241038156209e-02 6.125070974509282395e-01 9.065611923287283380e-01 8.578556585687552305e-01 6.391202210989095356e-01 -7.903686768459499135e-01 1.458551467228138243e+01
9.765514395467597567e-04 -8.439017992889232822e-01 2.784196895839062824e-01 3.805898564742012102e-02 6.040454446320537851e-01 1.070538879395711795e+00 7.696332177366821403e-01 3.166538395393236338e-01 -8.870206641191398234e-01 1.484441730044074959e+01
9.681556888562160498e-04 -8.437643859217399678e-01 2.901195000610082286e-01 3.325638011892410872e-02 5.875729423726899769e-01 1.128272581461965629e+00 7.410284158764826046e-01 5.818759874837851065e-01 -1.106877782247205788e+00 1.505760835524438157e+01
9.623183957318008283e-04 -8.410399974358580000e-01 3.090268351461978313e-01 4.917181966902132301e-02 6.092003378245092193e-01 1.130033429019114521e+00 7.366320017879900428e-01 4.755891539434435877e-01 -1.017383017192588612e+00 1.510937876732986673e+01
9.566721498461776664e-04 -8.381526845961432270e-01 2.953976841068247650e-01 5.227950211977180212e-02 6.249349401412800376e-01 1.193177279745402553e+00 6.966368478795119668e-01 6.252946925945818135e-01 -1.185177593554182618e+00 1.525464684692115824e+01
9.489078187830912682e-04 -8.375298476026171723e-01 3.439332376014841985e-01 5.698229661346990160e-02 8.113619687533080160e-01 8.916666677336362312e-01 8.240818535604145234e-01 4.385557630428177367e-01 -1.038633830385670809e+00 1.484521821503134476e+01
9.425196246848597820e-04 -8.355128355104854965e-01 3.319224639746631844e-01 5.726172471332269254e-02 8.056130610705241057e-01 9.581184393094616114e-01 7.752032069724064112e-01 9.219390310170080260e-01 -8.984395962770208577e-01 1.485001675606894800e+01
9.343882759072433134e-04 -8.354055819311794195e-01 3.476543449347588854e-01 3.489853651546508118e-02 7.109031809894810205e-01 8.975496708265338075e-01 8.344887789248091048e-01 5.042658981768249893e-01 -8.006372685293887681e-01 1.478217216102377662e+01
9.296986872090302022e-04 -8.316651755114358169e-01 3.838539426921746545e-01 3.452504927200058388e-02 5.525612579369321153e-01 9.459089080970706220e-01 8.157883536652164036e-01 5.531194312370404376e-01 -8.046981859332480447e-01 1.484039140733652928e+01
9.245475742503232470e-04 -8.284492781479232404e-01 2.848913070213003884e-01 4.948603340306436532e-02 6.363502138256498242e-01 1.153244916311357837e+00 7.130363727075716973e-01 3.379927107157811861e-01 -1.080043729846502210e+00 1.520086223233007239e+01
9.165181242707591113e-04 -8.284000146529160169e-01 3.786607624054999510e-01 4.365266650309454488e-02 7.316349997691390383e-01 8.016769396355108990e-01 8.688178614315233972e-01 8.881534501168739659e-01 -1.041267969892377465e+00 1.470401814794150219e+01
9.136287188717294927e-04 -8.227856541901023002e-01 3.421885586766115761e-01 5.289044351404550981e-02 6.621435703047564569e-01 9.578092083695726178e-01 8.284129888150487675e-01 6.556836855077999848e-01 -8.757542603754044919e-01 1.466900530064046215e+01
9.058535508115366560e-04 -8.225603483339539723e-01 3.495946784411347874e-01 4.084608823642312675e-02 6.456857379830333032e-01 8.654347979576922922e-01 8.606970508861370162e-01 3.425846210128711822e-01 -1.111083283868935290e+00 1.475873736247742052e+01
8.999398036918415840e-04 -8.203381914901666239e-01 3.261524305136919155e-01 5.981904990154229829e-02 8.621288664563003801e-01 9.097261931633050525e-01 8.009202868029172695e-01 7.253004236024428453e-01 -9.002177020743487024e-01 1.483059955709240896e+01
8.924167611717361438e-04 -8.199608934553956896e-01 3.805427822098810253e-01 4.304526389625333571e-02 6.094169922871094380e-01 9.564618136492297751e-01 8.051212552403024247e-01 8.913369270787785403e-01 -1.200943641364160985e+00 1.495740099150894764e+01
8.855023066843515592e-04 -8.189671459708539603e-01 3.161998786469698564e-01 5.396874331525751411e-02 8.029776777863659731e-01 9.081315353775615273e-01 8.339468751442595806e-01 6.606688124479570545e-01 -7.803023123683288098e-01 1.458269771995572484e+01
8.805626814697229809e-04 -8.157891644197224901e-01 3.424130992524814787e-01 4.822071619699720008e-02 6.583397864805687894e-01 1.020977218161237765e+00 7.905498665900186905e-01 9.181523905206548930e-01 -1.105172302349511027e+00 1.490195188606489829e+01
8.732313874324985469e-04 -8.153777791666931840e-01 3.716380084749273394e-01 6.353535259192769069e-02 8.128508948177612936e-01 8.209307494403708105e-01 8.380137265144410597e-01 7.047790777462212830e-01 -9.268082779341239030e-01 1.477130256020627108e+01
8.746973406030053447e-04 -8.049284886000072081e-01 3.270165287876233284e-01 3.088771303241325331e-02 6.040632260613985061e-01 9.921759047674580945e-01 7.742302595954602129e-01 4.887937664227258172e-01 -8.110156683287932378e-01 1.493782053443647229e+01
8.680674864687079086e-04 -8.037650278174423013e-01 3.848744741244448653e-01 5.571961801768249289e-02 6.500251955172521301e-01 8.467804262492308887e-01 8.785719014807811256e-01 2.880257728821463692e-01 -9.285871493310755564e-01 1.468666704013218727e+01
8.617480510540781371e-04 -8.022996152384633817e-01 3.542877908343202709e-01 5.817554289599125017e-02 8.003190003289730736e-01 8.904236497273256834e-01 8.064111323021823097e-01 5.371991149674064658e-01 -1.140875235032604573e+00 1.492798857184806849e+01
8.554709300435441250e-04 -8.008385165170234243e-01 3.370375957969615754e-01 6.062281277541054642e-02 7.061690911583703434e-01 9.278245352534321144e-01 8.432094960099951741e-01 4.592558986299316026e-01 -1.087990546364577593e+00 1.471246103436223152e+01
8.515481000526037205e-04 -7.966627122509741810e-01 3.621443815651522735e-01 6.391160396182614389e-02 7.617241716151240682e-01 8.384035104286707840e-01 8.691225270043085871e-01 5.229183481907484499e-03 -1.161974524773517370e+00 1.483302079360888293e+01
8.477669873291709089e-04 -7.923409506048778583e-01 3.711244147846796126e-01 5.279254393311466620e-02 8.143831339028169136e-01 8.074014485792654350e-01 8.386261485174167918e-01 2.155008576792418196e-01 -9.453251522003518481e-01 1.488845804185283583e+01
8.302525618474644598e-04 -7.871286616050082730e-01 3.386458617670017324e-01 4.399662799134942959e-02 7.695960484320950590e-01 9.033318947818903544e-01 8.214385386699388780e-01 6.590185573928529772e-01 -1.135160217557267259e+00 1.487135149553842872e+01
8.235705361171487531e-04 -7.865887178276711467e-01 3.586263384105367047e-01 3.982388021286652202e-02 6.024068403543170191e-01 9.302080974476456543e-01 8.531978608551380461e-01 8.661600921753466187e-01 -1.183802924325285666e+00 1.467825571275311347e+01
8.237550401287604658e-04 -7.777440238651022186e-01 3.642270381831949067e-01 5.475962668906182024e-02 6.258701756086042511e-01 9.426587276409506000e-01 8.033708194343417430e-01 2.385610570174307443e-01 -8.398041426560181044e-01 1.486208114884455789e+01
8.171031656855713959e-04 -7.772311778483027567e-01 3.809558995444567442e-01 5.401195670646175007e-02 7.143132049167748576e-01 8.802809153410411369e-01 8.224038485266550458e-01 4.325306785879801108e-01 -9.317581915237794776e-01 1.492400084835885465e+01
8.129346896032578181e-04 -7.737250751405622129e-01 3.621920378357622594e-01 5.389561801045078537e-02 7.038279442095708438e-01 9.368627688501026674e-01 7.890664987824284049e-01 9.502191407006299606e-01 -7.462550201168941522e-01 1.482819713513489823e+01
8.074191017788515980e-04 -7.719122926925452433e-01 3.744238323228338272e-01 3.077166166678421341e-02 6.764519489814677655e-01 8.201299767390710649e-01 9.060156976867475009e-01 6.963028938641158128e-01 -1.034859612754702729e+00 1.469045526608679886e+01
8.026635639189438854e-04 -7.691988173562334108e-01 3.025633511335180104e-01 6.567691441551444520e-02 7.377736152244239731e-01 1.025013653831919225e+00 7.653186536538509888e-01 2.692633700052255441e-01 -1.053418373517819973e+00 1.497369309686612304e+01
7.970650277430092918e-04 -7.675775137991479591e-01 3.927814810360326092e-01 5.181669806460176275e-02 6.824334755733706404e-01 8.038872479878416133e-01 8.906927512768659794e-01 6.696343074706302412e-01 -9.364498499858253666e-01 1.464356366707147927e+01
7.930894336609621434e-04 -7.639570960822350543e-01 3.760870913057011711e-01 4.095843172646155411e-02 6.626910726063689472e-01 8.062728873185011080e-01 8.996386625066712384e-01 2.424551413447413317e-01 -1.025975139641106093e+00 1.467277934228799552e+01
7.907465332760527056e-04 -7.582949225142523453e-01 3.655489576674179064e-01 5.866662165033170034e-02 7.593141420747905324e-01 8.569948480453852824e-01 8.384733417503043018e-01 1.433100402273519425e-01 -9.766302634242818304e-01 1.483220434449337510e+01
7.872132844193866288e-04 -7.541524898107755392e-01 2.961081485647543143e-01 4.242561497407723592e-02 5.559178608561002877e-01 1.176704104830547326e+00 7.268258535223619532e-01 3.298927007460051297e-01 -8.144936409878815731e-01 1.504695922700524946e+01
7.830761901734571229e-04 -7.508010245692766649e-01 3.050737125681267647e-01 3.676208434276274917e-02 5.884159260720949192e-01 1.072239159877848902e+00 7.531151664843960258e-01 4.108349971659905342e-01 -7.981838749591978477e-01 1.496038179768134846e+01
7.777092367025578538e-04 -7.490576090503422435e-01 3.685069608802717944e-01 4.497013763021238258e-02 7.524455180908247165e-01 8.590182955962801792e-01 8.249866209725487121e-01 3.468225697522304696e-01 -1.001550729437943321e+00 1.496487974900300699e+01
7.753922884315690668e-04 -7.434205620641243240e-01 2.948192060476165777e-01 5.776995633550379566e-02 6.848065406165012581e-01 1.045475961598044012e+00 7.779567774375037992e-01 5.774865553379537886e-01 -1.160115472918523905e+00 1.481084849046656515e+01
7.730473613967950991e-04 -7.378286360131605104e-01 2.928930624939248273e-01 6.396649786902026957e-02 8.367640624314450770e-01 9.933631522296682004e-01 7.549641657975361131e-01 3.012175121710179426e-01 -8.998109539986881567e-01 1.494222148394216987e+01
7.680423142282747240e-04 -7.357034343820126887e-01 3.368711017912998096e-01 4.306643228765108522e-02 6.566816115002469534e-01 9.441051928612875788e-01 7.976753592794013636e-01 1.258611992248657718e-01 -7.925588070496952797e-01 1.488290917261092261e+01
7.625878705616093546e-04 -7.342098310854087151e-01 3.980361387487193481e-01 3.254491793082190526e-02 5.485801430591132899e-01 9.389609904235377558e-01 8.083133651957108423e-01 6.356029381005486867e-01 -9.113205499717038638e-01 1.489081391301499657e+01
7.573117183572014013e-04 -7.325319334889235368e-01 3.111379032555012802e-01 5.822642890084735179e-02 8.308028151724259347e-01 9.344490868402122175e-01 7.973289200993780579e-01 6.989324726153545164e-03 -8.356741340886676417e-01 1.490413102029657999e+01
7.550778923106510896e-04 -7.268652811469165087e-01 3.048973062121678179e-01 6.242427135883028833e-02 7.789110900932483261e-01 9.475056606900276179e-01 8.108448294198473683e-01 3.805046602987699478e-01 -1.106338125875043321e+00 1.477714606617125170e+01
7.506736930552420891e-04 -7.240944432970418676e-01 3.208686846896225964e-01 5.028787912572631885e-02 8.015104742421692574e-01 8.597842657980265813e-01 8.630102747718774170e-01 4.847959432004066427e-01 -1.013047552411989738e+00 1.462783134247876404e+01
7.507644150575610307e-04 -7.153529068324780971e-01 3.160022463135073734e-01 3.956045021048947008e-02 5.499261243678011946e-01 1.194267965570225964e+00 6.961026934713343550e-01 6.939012176101370111e-01 -9.506933787617735110e-01 1.521027457686104434e+01
7.443446178702425734e-04 -7.153200010792197805e-01 3.158562138726480062e-01 3.854163568043925125e-02 5.730277415420433895e-01 1.174453541624780772e+00 7.125598968314732495e-01 9.477510990466238017e-01 -1.092607475508686532e+00 1.510323982043786017e+01
7.408592934708804799e-04 -7.113927151656528336e-01 3.460493925865984477e-01 5.179197818460568037e-02 6.140795618717456161e-01 9.475091560378731126e-01 8.082528324206664783e-01 2.020333649214057781e-01 -7.468395545404946656e-01 1.473848196848842385e+01
7.384046195496645143e-04 -7.060908060913502204e-01 3.172179163024232418e-01 5.195890364204067136e-02 7.908104522310852591e-01 9.155503625933236744e-01 8.269129351552735319e-01 7.977773366309601766e-01 -1.280276965739113537e+00 1.476596133733111849e+01
7.341798328894830281e-04 -7.032080532241863358e-01 3.243239077257889513e-01 5.770582284096808373e-02 6.493150620982661714e-01 9.486013313000507541e-01 8.497533017275527012e-01 1.019357491071386512e-01 -1.126010280998856139e+00 1.471519094259870286e+01
7.287590126482128196e-04 -7.019982612530925037e-01 3.876569872514625814e-01 3.435248746114002300e-02 6.394577778189212136e-01 8.844059062025433349e-01 8.431580516392610525e-01 6.939587019199446871e-01 -7.171317373085990265e-01 1.478262573615517539e+01
7.225930622867627684e-04 -7.018744588313743371e-01 3.141527789766876411e-01 3.376119080996164978e-02 5.908170752340670129e-01 1.017487103206301091e+00 8.166166346786882801e-01 5.662734122826108552e-01 -1.257933640190766367e+00 1.486947482315523672e+01
7.169660176104852064e-04 -7.010715425682152446e-01 2.663278945417020260e-01 3.398915715431124335e-02 5.935687034405796592e-01 1.146732670164560375e+00 7.443774274293770699e-01 3.382384558680554543e-01 -9.242609987248568970e-01 1.492446450328495189e+01
7.115199824356416031e-04 -7.000757950693740073e-01 3.001166361170766184e-01 5.121984603034722416e-02 7.524877222032477775e-01 9.747341698888886130e-01 7.957801311681216294e-01 1.562999956307244975e-01 -9.153005473196182962e-01 1.484313267616740362e+01
7.061890078923433248e-04 -6.989756892659542142e-01 3.935380688962256679e-01 4.112609044272216852e-02 5.631005346919127907e-01 9.104939872318458249e-01 8.256190253204571672e-01 4.121896190605358057e-01 -8.033874621506569280e-01 1.481825330917347294e+01
7.011522821227527021e-04 -6.975128188402256457e-01 3.283135746558428214e-01 4.846477480721162606e-02 5.725070937319540754e-01 1.152233010585494544e+00 6.983973484441043933e-01 7.922350776490341140e-01 -7.783604948948540381e-01 1.503138868544445472e+01
6.962606923211269458e-04 -6.958930800427983732e-01 3.410926431726583052e-01 3.470860209657224138e-02 6.263605573517880831e-01 1.017770920555814751e+00 7.905729829734543523e-01 8.865809380836024989e-01 -1.160078806374034377e+00 1.498061717192331344e+01
6.959812699562955207e-04 -6.876737895354068097e-01 3.341845706822185180e-01 3.465983833989593615e-02 6.876728062836365840e-01 8.597059194339689014e-01 8.674592269571481662e-01 4.572966445346478004e-01 -8.733560738437300408e-01 1.465493161323447069e+01
6.904630390335561108e-04 -6.870134052832831406e-01 3.550622878123556037e-01 4.260751006086782589e-02 7.970089354890821376e-01 8.072653348153837616e-01 8.575470827032694032e-01 1.263388736069649410e-01 -7.662627239272861157e-01 1.479568806290878236e+01
6.870140281494772211e-04 -6.834004477696148383e-01 3.637177246826371890e-01 5.569873907390768264e-02 6.959750710952706809e-01 9.357407570508712302e-01 7.858986976927957446e-01 5.217257343249889212e-01 -7.334509288152156747e-01 1.490215334330124719e+01
6.826458941049947477e-04 -6.811582010886754190e-01 3.290236823799110866e-01 5.420788149302487036e-02 8.756555483854426836e-01 8.782804067820140226e-01 8.172123575595598988e-01 9.607977330749515321e-01 -9.827397411041927100e-01 1.476819772209995385e+01
6.768230263980149668e-04 -6.811039497357362915e-01 3.694896166092164203e-01 4.634242657756325323e-02 7.606296778687469118e-01 8.511029136282117769e-01 8.533844624157442826e-01 9.283428491608566313e-01 -8.323644522219546538e-01 1.468043424801843422e+01
6.750893433856761496e-04 -6.750480475645095346e-01 3.455575860225685858e-01 3.337879678805960593e-02 5.786631011566056859e-01 9.557467730868076661e-01 8.521126474765765568e-01 4.975819200786050223e-01 -1.211013855111010784e+00 1.480148924125532517e+01
6.697844952089634452e-04 -6.743163888913014103e-01 3.255055001391912173e-01 4.840229501983599192e-02 6.937065348844980717e-01 1.007675930859880831e+00 7.737289845423710455e-01 7.804736255338380335e-01 -1.083256017528756665e+00 1.497925482373970496e+01
6.660058039256012237e-04 -6.713533258337547327e-01 3.179702084616781166e-01 3.832196518318509854e-02 6.113687296612748678e-01 9.757835556409405475e-01 8.340965846968354525e-01 2.783616245489393681e-01 -1.277046378714872477e+00 1.482484086579153271e+01
6.612316148285800549e-04 -6.699268421599058332e-01 3.835924018189921236e-01 4.887874650797720960e-02 6.588617218048690161e-01 8.915473223898495725e-01 8.618031506293061250e-01 8.157335112951022982e-01 -1.198290737358862712e+00 1.473088993893282250e+01
6.557083876994885792e-04 -6.696941724638166837e-01 3.747842848741138599e-01 3.694883929356020114e-02 6.535397953443593533e-01 8.426265569701755220e-01 8.908165698920960107e-01 8.962570778165304120e-01 -9.482724478909640986e-01 1.459059341450283043e+01
6.515819387740631871e-04 -6.673864839017802364e-01 3.248480382472298533e-01 6.251822899255440880e-02 7.247380520531465642e-01 9.710739003213222365e-01 8.036165995231080439e-01 4.147759189088132126e-01 -9.090369649019369724e-01 1.473556112790432238e+01
6.460257685839981443e-04 -6.673295598825367270e-01 3.460875434914654214e-01 6.050109904240386083e-02 8.846586723395462037e-01 8.106343382788588903e-01 8.573227688336084729e-01 2.777248509671195742e-01 -1.069365727010620271e+00 1.484506291731514338e+01
6.407497017014796101e-04 -6.669093629651179356e-01 3.276919691630851839e-01 5.408184823969104660e-02 7.693842974355911135e-01 9.260502472190945689e-01 8.169323125144583031e-01 7.414180859370655963e-02 -1.153175455762838197e+00 1.492107931731321635e+01
6.356623401332847645e-04 -6.662600623916772324e-01 3.190652879108412110e-01 4.665357975798707646e-02 6.730127414742405056e-01 1.071913573958209298e+00 7.497474369788238446e-01 9.037287734231027603e-01 -1.139944167404530306e+00 1.502724460929274386e+01
6.305819364613372531e-04 -6.656637816549226816e-01 3.178561313001533328e-01 6.362447226059600447e-02 8.588463340102288068e-01 9.003997258526741376e-01 7.944673627538505478e-01 7.155382382612096581e-02 -7.284188648786469322e-01 1.481344574449677332e+01
6.254116404073326117e-04 -6.652761361076914293e-01 3.347956560092596456e-01 4.515777940546972929e-02 6.385177916108804030e-01 8.928683216296229297e-01 8.587335819804005066e-01 2.868091672381506418e-02 -7.849772006565407523e-01 1.468072008143739637e+01
6.214143624628584847e-04 -6.630673942789100384e-01 3.062961161582429259e-01 5.443638740195980152e-02 6.089871760548483115e-01 1.126831504459715250e+00 7.348197642105006588e-01 3.381062509449168640e-01 -1.218246623179479071e+00 1.513452323756563089e+01
6.161041485906298401e-04 -6.630287927576727913e-01 3.302786166874414064e-01 5.396945238456724026e-02 7.346642848862220410e-01 9.457966472630854327e-01 7.868950131281207128e-01 1.887976241867563298e-01 -8.270443022806868161e-01 1.493971158727288895e+01
6.109284926547522282e-04 -6.628442057078954841e-01 3.823626845516047146e-01 4.186582012548061005e-02 6.054875845617953001e-01 9.305494448550674091e-01 8.000504133592150069e-01 4.185531025861772836e-01 -7.196705412209088992e-01 1.486484265513297309e+01
6.066041478101846188e-04 -6.613270020448422937e-01 3.208110232257722627e-01 5.190418793623435834e-02 6.202537726586231370e-01 1.066927381084464832e+00 7.629194472387508252e-01 7.349793590960407297e-01 -1.262471570249981800e+00 1.494667223472629303e+01
6.131208513403972517e-04 -6.420206815424904789e-01 3.827860496349421160e-01 3.811937067701291065e-02 5.507319047076103535e-01 1.020872742812737766e+00 7.781105188613000045e-01 8.083050269288292178e-01 -8.047418527405525435e-01 1.488742482825616875e+01
5.995340346850129825e-04 -6.387878303816633130e-01 3.966419921634473100e-01 3.789187925163425147e-02 6.856246754619317318e-01 8.151770256749060195e-01 8.969614265572386502e-01 6.764753031691735918e-01 -1.077005273280460251e+00 1.474049972720368729e+01
5.991984166956787266e-04 -6.308732089156023903e-01 3.544935292210578126e-01 5.614455235762838559e-02 6.954109836563586722e-01 8.797229378065657412e-01 8.765820804327566496e-01 2.012835713958927575e-01 -9.442016401594177655e-01 1.466019647858485619e+01
5.961142603360671758e-04 -6.275590618160196144e-01 3.015523068764384140e-01 6.010896751255664916e-02 6.969975643343437888e-01 1.016438953394327438e+00 7.973613207484927523e-01 4.505931198593829401e-01 -1.148869284879426855e+00 1.475713322783145998e+01
5.914309361089818825e-04 -6.269719302011064199e-01 2.980246103316022133e-01 3.673310697414439163e-02 5.640890888345337917e-01 1.153267356168337976e+00 7.113770612253812464e-01 4.584549168536202757e-01 -7.100143843801141053e-01 1.496627300052854004e+01
5.881594336238383245e-04 -6.240442131738014320e-01 3.205685725389747498e-01 5.047512918983328156e-02 6.797101052616268957e-01 9.962032666976905482e-01 8.017705691678491675e-01 7.642622839314672234e-01 -1.086382853864783060e+00 1.480803708707591504e+01
5.836963463869339775e-04 -6.231868008787345703e-01 3.058265618378296358e-01 6.038155793865271348e-02 8.903910603289715286e-01 9.371244813657917394e-01 7.678139885601407144e-01 6.690327673626564886e-01 -8.411239543966557708e-01 1.486578090387350670e+01
5.805248100554459122e-04 -6.201605780572384541e-01 3.370938061780451855e-01 4.845425629600534634e-02 7.855736887591823203e-01 8.909355574838948577e-01 8.306864241476074051e-01 7.730530094572432009e-01 -1.214692248205464287e+00 1.480044635499982419e+01
5.757077651552303631e-04 -6.200183613361347490e-01 3.244218410885258974e-01 4.483819470980871663e-02 6.388598837628587379e-01 1.005390946624680648e+00 7.811489849421641152e-01 1.762024220944435893e-02 -7.831537207832415248e-01 1.495448366976236443e+01
5.710842418604226631e-04 -6.196072321730002885e-01 3.590959576736089121e-01 4.312994678439246998e-02 5.818258388326428276e-01 9.062120107088885712e-01 8.701099453366234471e-01 2.294122134755271769e-01 -8.201218817896320790e-01 1.459816043372175720e+01
5.673637153667073678e-04 -6.176688172003577115e-01 3.062084646542135857e-01 5.676485197426704710e-02 7.104838844233647421e-01 9.840583505696007816e-01 8.191268660127895007e-01 5.873866084230477957e-01 -1.128863787203819635e+00 1.467596714670361457e+01
5.633366701835086253e-04 -6.163173696766046650e-01 3.917191743088634936e-01 5.553358704669628110e-02 7.477463818415938102e-01 8.313621731653979552e-01 8.301942038727728734e-01 6.239325030809755868e-01 -7.356393477017104665e-01 1.480574870912765029e+01
5.587389028111585439e-04 -6.160379510496678535e-01 3.652418810747313227e-01 4.756921794186937114e-02 6.594940338593946461e-01 9.613028168809197860e-01 7.929942202412689767e-01 7.034032048469379683e-01 -1.191382481566134910e+00 1.497997705184847206e+01
5.542560957406269476e-04 -6.156188131535851316e-01 3.291641206257543972e-01 3.896361093252588559e-02 5.874995342092859119e-01 1.111562059785970114e+00 7.266706027329111750e-01 7.850294922466660719e-01 -7.909471704588509899e-01 1.500506861401229841e+01
5.503441169904820006e-04 -6.142273336634077596e-01 3.128080145421625602e-01 6.011202321175802138e-02 6.964515927654049143e-01 1.097105995029285186e+00 7.233609691168138012e-01 6.898835841274442160e-01 -1.090480484840121722e+00 1.511381908054849532e+01
5.464526895575074535e-04 -6.128487732424199308e-01 4.036525260006651461e-01 3.894146854160722426e-02 6.069174451910798185e-01 8.773270804725780136e-01 8.702005978133539044e-01 8.794660577652986255e-01 -1.185379014434532863e+00 1.476676700760899941e+01
5.421972395200615668e-04 -6.121920851609394809e-01 2.687185177374128431e-01 3.517321416924064359e-02 5.855031484601683767e-01 1.091554232528796797e+00 7.855186020199563801e-01 9.188720030427299790e-02 -1.050914488914729494e+00 1.490359348119512362e+01
5.385716799131223895e-04 -6.104267566148047219e-01 3.409326924357308775e-01 4.779864222802122226e-02 7.727123477875068591e-01 8.602045176830479534e-01 8.404265327203930269e-01 9.603968212797761028e-01 -7.992390935973811006e-01 1.459475937338676488e+01
5.347477507820341119e-04 -6.090776365699768213e-01 3.665545887981517259e-01 4.168216936517361165e-02 5.919789209281044462e-01 9.522794795932371104e-01 8.059687781552048458e-01 3.550693919050896818e-01 -7.547300593089214527e-01 1.480389044567354517e+01
5.320278080597125878e-04 -6.057024433767449478e-01 3.741726842743590131e-01 4.841411908808293529e-02 6.683211249912200946e-01 8.707135920063817647e-01 8.248233795515662603e-01 1.736404812703679634e-01 -7.351990398342495014e-01 1.482092052056760778e+01
5.282688580893466802e-04 -6.043182708358143529e-01 3.584174730318975266e-01 4.600697277679499653e-02 6.464386465496452239e-01 8.902335619713904746e-01 8.627959486028629055e-01 2.341260627273339390e-01 -1.138851568123754321e+00 1.482570056524791546e+01
5.239386043556836046e-04 -6.040745394026016957e-01 3.426829134279711919e-01 5.823013467715895675e-02 7.153443647580690623e-01 9.981067951959545770e-01 7.586301503077290675e-01 9.981952024137847879e-01 -7.380546278073562005e-01 1.481735071312742491e+01
5.200588026347571606e-04 -6.030325861555915212e-01 3.179976174210266127e-01 5.395371613641244957e-02 7.681962775110708908e-01 9.794633451503677035e-01 7.884905534432711249e-01 7.764014011841139373e-01 -1.072612053171387636e+00 1.489248959616827683e+01
5.156737561497198993e-04 -6.030255870565522924e-01 3.252256397105091068e-01 4.042883440023173347e-02 6.760038669510267662e-01 9.586959324972031959e-01 7.939098024454924740e-01 6.430013777072335346e-01 -8.886689868332380282e-01 1.485927441717646857e+01
5.119234800762726377e-04 -6.018501598910543926e-01 3.522992041040694522e-01 3.404723930946275401e-02 6.435317121668358009e-01 9.206188412211102623e-01 8.484743711442537251e-01 6.348716286629421113e-01 -1.264695246212698576e+00 1.484742248864544578e+01
5.082029174472540425e-04 -6.006699328982761932e-01 3.750557689217529633e-01 4.664573080407849459e-02 6.620062335263312558e-01 9.329078117668818670e-01 8.375733717697612102e-01 9.926237525088211777e-01 -1.181256441922472256e+00 1.480453052603890107e+01
5.040574946305532338e-04 -6.003858300299019790e-01 3.854209316547259068e-01 4.157470012523095670e-02 6.957179390765156901e-01 8.330752536643954986e-01 8.880605063170017299e-01 7.870267940423094633e-01 -1.031246882724395242e+00 1.470609162658598201e+01
5.002613460181498965e-04 -5.994709380691681799e-01 3.150137993722039731e-01 5.232558587692945351e-02 7.398040285059355181e-01 8.997755168333976261e-01 8.578901244740761989e-01 9.409435206286070885e-02 -8.692473511559388744e-01 1.465322360973205207e+01
4.974444710715459099e-04 -5.966430812680425522e-01 3.922725425056776682e-01 3.860322162876764218e-02 5.840458963001198267e-01 9.445573135668778875e-01 8.111184995342335391e-01 6.558630096987918545e-01 -1.082347644320465152e+00 1.496867041277327814e+01
4.936436496417069553e-04 -5.958385395452037159e-01 3.322230233013621081e-01 5.937946959737090691e-02 8.327121637902226148e-01 9.285488083338356846e-01 8.031292185657881166e-01 9.780202364803487480e-01 -1.102118703911644904e+00 1.484494170095071652e+01
4.906070286076242995e-04 -5.935344048819652940e-01 2.882979308856165046e-01 4.678398807991011876e-02 6.493465533122765310e-01 1.065051561574328121e+00 7.798184497924919301e-01 7.063782334095025650e-02 -1.108705197146920840e+00 1.497014978204890312e+01
4.892853532930216843e-04 -5.877574230415562040e-01 3.126185175830782370e-01 5.668718747529698232e-02 7.137383392477475441e-01 9.420006940986433985e-01 8.228146605280804993e-01 2.657825438700833764e-02 -7.539038657942307431e-01 1.465614194447939767e+01
4.855988004933816044e-04 -5.868459410272514054e-01 3.723353734469697640e-01 4.354755032899821493e-02 5.602319544798678441e-01 9.332033538468806899e-01 8.414482372799230170e-01 3.528466442447807383e-01 -8.442931049493483942e-01 1.468666006172398575e+01
4.844167929892030482e-04 -5.808084556588380964e-01 3.570449063696866654e-01 4.790024534684328428e-02 6.831014433597106805e-01 9.564643387134331709e-01 7.922100920014806258e-01 5.137090568484559139e-01 -8.590729893540318685e-01 1.493448627692085751e+01
4.814599779226751836e-04 -5.784564498689743761e-01 3.257453647714269040e-01 4.875800055912965503e-02 6.442900677973806278e-01 1.017458886598576084e+00 7.940851143784655175e-01 8.073740780103706438e-01 -1.118504170265495201e+00 1.483271363320648994e+01
4.786458771371656707e-04 -5.758439539701036836e-01 3.748806456051818614e-01 5.190884569501308388e-02 7.292472293102452152e-01 8.046562433973640793e-01 9.097965203893945141e-01 4.341165510664327654e-01 -1.053713433409289468e+00 1.462022871467683593e+01
4.752721961771794266e-04 -5.744427210402528461e-01 3.293788543720012063e-01 5.263064019419884387e-02 8.076662096230853294e-01 8.662186331066856759e-01 8.440813107486782041e-01 4.027300803199087009e-01 -9.655897994088254999e-01 1.476222263173207416e+01
4.721806442201697727e-04 -5.724941960878179303e-01 3.245271916462755257e-01 4.720613553671193507e-02 6.204772345330475947e-01 1.042740467694907469e+00 7.766839971019066091e-01 6.981343878774277645e-01 -1.119149799697565228e+00 1.492621854225294697e+01
4.691221793650696028e-04 -5.705180080960801092e-01 3.430729237468708170e-01 4.787752800160509359e-02 6.018953429338054217e-01 1.079844501773143506e+00 7.348965601035449824e-01 8.249992406317208093e-01 -1.065909680107844482e+00 1.506545278885529981e+01
4.667421901460652050e-04 -5.671296268490322312e-01 2.941910031258101466e-01 4.820703589425100188e-02 6.078405930553417713e-01 1.087687802886956989e+00 7.859173181014105225e-01 4.138654710903135747e-01 -1.114139181442567850e+00 1.482251130393141736e+01
4.631262968731624029e-04 -5.664323041339635045e-01 3.313621230072357760e-01 3.674590215859804138e-02 5.467652312305165685e-01 1.121856300208661006e+00 7.393760088447540735e-01 8.024913400223383508e-01 -9.785735888893781764e-01 1.498961870173049427e+01
4.525958878843209967e-04 -5.642212807936516361e-01 3.455435938264269091e-01 5.597919785191299291e-02 7.279132670922632276e-01 8.981566235093570993e-01 8.536002461072319525e-01 1.342930068119083664e-01 -1.124435577377673079e+00 1.476629829131841376e+01
4.497209602474557932e-04 -5.622602929867851485e-01 3.153562048084125324e-01 4.791964181315745003e-02 6.556408067960357577e-01 9.622432789603722059e-01 8.096989150553440817e-01 3.845966589995928886e-01 -7.311641875957992642e-01 1.466329035747750176e+01
4.459964742813309958e-04 -5.622432149545351088e-01 3.184749452563824246e-01 6.275822353005865162e-02 8.055180925591016727e-01 9.443475339783830025e-01 7.984159468413971616e-01 3.306797820389840714e-01 -8.757850479873245941e-01 1.479027951184048106e+01
4.422971095602387269e-04 -5.622390785792230616e-01 3.732489703539358938e-01 5.047416457150830094e-02 6.832015280029249960e-01 8.241463553092729377e-01 8.655075893191448433e-01 3.610388796462885019e-01 -7.739361074234135662e-01 1.464450995762358687e+01
4.398989555088700875e-04 -5.593425411091313970e-01 3.700242764644828819e-01 3.741640835367698870e-02 6.648286684296290661e-01 9.276759590929595234e-01 8.184728369109041113e-01 7.382430315351122818e-01 -9.407220183030697847e-01 1.488701482569142165e+01
4.362964455225686782e-04 -5.592323285136975297e-01 3.453972030495979784e-01 4.119830855083784354e-02 7.871823662187764636e-01 8.300756199281836833e-01 8.724712421303508769e-01 8.000932409248540100e-01 -8.992174952833156265e-01 1.463979542256620192e+01
4.355070743868834425e-04 -5.527098879638308038e-01 3.636997897747307196e-01 4.651032832841579812e-02 7.529055939271138698e-01 8.516078673605457228e-01 8.329164444145942259e-01 1.953308601476479445e-01 -8.360373753231185034e-01 1.488662274231370652e+01
4.318930905099556839e-04 -5.527095131323238597e-01 3.503702153862594537e-01 4.579548748886623499e-02 6.545125490043632865e-01 8.283595741095779452e-01 9.298677040169815999e-01 9.243834747995061107e-04 -9.948404352535601403e-01 1.455893712047306465e+01
4.284379686981073967e-04 -5.524082980177285052e-01 3.835745638699090687e-01 4.677002285259289349e-02 6.293399563493295990e-01 8.577547520390451652e-01 8.848647451809557030e-01 2.858612954597764544e-01 -9.153403187038873234e-01 1.465683941476083341e+01
4.252319205894421151e-04 -5.515862128198739667e-01 3.339656652818159266e-01 5.206189763465797482e-02 7.835957345334574331e-01 8.682563927603006437e-01 8.377155149461721351e-01 3.411329934361629346e-01 -1.058528387755273803e+00 1.482740943559212354e+01
4.226246400174605493e-04 -5.494031858278651814e-01 3.649658946810253601e-01 3.266817035501809463e-02 6.875483305199279194e-01 8.787449473311234049e-01 8.301199115968600495e-01 7.232323414527727090e-01 -1.009004478135020255e+00 1.489921747515904826e+01
4.199159741441175109e-04 -5.474996320437429675e-01 3.327490663807672888e-01 3.831216426475957115e-02 6.504438565744840028e-01 9.934902268022528515e-01 7.966661906880968536e-01 9.420589135233180533e-01 -1.057501842505338630e+00 1.483595030288945793e+01
4.191140663692382294e-04 -5.410778107667862935e-01 3.589587495825810048e-01 3.832138788936757801e-02 7.367475653075302722e-01 8.563814233083409944e-01 8.522713200101417197e-01 5.670478789906492345e-01 -1.162762354948154719e+00 1.490078107654020911e+01
4.093176361517713137e-04 -5.399350339056210313e-01 2.917186660975674695e-01 6.152373329544599118e-02 7.689813930957383192e-01 1.030611600890460888e+00 7.571101253748669935e-01 3.769790479403092309e-01 -8.334542732406113874e-01 1.484892146464308382e+01
4.060459679732573274e-04 -5.397634089327298934e-01 3.150817146258296231e-01 5.572882788546743710e-02 8.650590868567442637e-01 8.815485486897716161e-01 8.212736607994173266e-01 1.000684229938338388e-01 -9.250857163149734941e-01 1.484458852684166708e+01
4.032731662166792546e-04 -5.384188982972725190e-01 2.843635447415165940e-01 3.415434521595411138e-02 5.806179150244573650e-01 1.106046076698046221e+00 7.777074644779993218e-01 4.274018914219346321e-02 -7.712470365612184020e-01 1.493428646633712376e+01
4.000058547508926129e-04 -5.383571572333384347e-01 3.633911321360919766e-01 3.136081537994526297e-02 6.052889838727840699e-01 9.047788282249968894e-01 8.548560322124786337e-01 2.111959594397926909e-01 -9.118234642042921667e-01 1.481064542948467810e+01
3.980694563620597141e-04 -5.350131162687131736e-01 3.417161170166979067e-01 6.194980142794016820e-02 8.540152046625744120e-01 8.317632875758779187e-01 8.390847664692913099e-01 4.583692374894585142e-01 -7.061948785630214331e-01 1.463765715392247380e+01
3.953972691282250452e-04 -5.335518943812169734e-01 3.320327612976959886e-01 5.498622947681129636e-02 7.586267669570952998e-01 9.693267876401675531e-01 7.717502741043191783e-01 7.074477693504541698e-01 -1.125891272833809298e+00 1.500162866039626230e+01
3.930128030756190093e-04 -5.314039880378336189e-01 3.996363973301274575e-01 4.670455064067809137e-02 6.888823769765568539e-01 8.514188342630377715e-01 8.331106074258427530e-01 6.786895341305491103e-01 -9.121478262437816564e-01 1.486272053560142226e+01
3.902802263888219790e-04 -5.301844455582470639e-01 3.625796365093763018e-01 4.618478636107967161e-02 7.550437114489929602e-01 8.717962319461487475e-01 8.258847889910135853e-01 7.596885103583075338e-01 -1.022648144377276136e+00 1.483514611174086539e+01
3.817311037867873865e-04 -5.279417827454561118e-01 3.566723569924099557e-01 5.000222913376668049e-02 7.512253709669540758e-01 9.102649136279412634e-01 8.266672161157597731e-01 9.954183959347320254e-01 -1.220614597073592211e+00 1.488757876425674453e+01
3.789199945763496854e-04 -5.272686238748462983e-01 3.831608589329734693e-01 4.541631330823474311e-02 7.263376818261906287e-01 8.131385501570133068e-01 8.991555213814719227e-01 8.439151686470223179e-01 -1.293299127367025569e+00 1.473604844898812338e+01
3.764713357617063827e-04 -5.256872835330936855e-01 3.522193184860474835e-01 3.876950625005651241e-02 7.385166470561419505e-01 8.366275114208672203e-01 8.549186079818110739e-01 3.763593612668464927e-01 -7.055969254000726831e-01 1.467538029322401272e+01
3.741813353098495079e-04 -5.237241446300970882e-01 2.847664982165316605e-01 3.641574152227525230e-02 5.640215259074734533e-01 1.079804417535572769e+00 7.918032596740928186e-01 1.503200932521052691e-01 -8.661159397830684448e-01 1.481350297945532368e+01
3.714146791605948202e-04 -5.230809901867968792e-01 2.619112894904146449e-01 4.136700192476228805e-02 5.511447644637464949e-01 1.199424423530128347e+00 7.445247577351403745e-01 1.343831828591281474e-01 -1.185622720234869032e+00 1.512938096119064468e+01
3.694311022340378389e-04 -5.203713852047398003e-01 3.726675940685307831e-01 5.980714629326269738e-02 7.666637400560244453e-01 8.311066226913523813e-01 8.548460744935876265e-01 4.038726226609117842e-01 -8.569333024483470895e-01 1.473401180819595346e+01
3.666802829285330115e-04 -5.197808252350855085e-01 3.221779529973660683e-01 5.418056501389087454e-02 7.457441335333285792e-01 9.728912801203217775e-01 7.909227250024188915e-01 9.689555339385158561e-01 -7.827447117551379341e-01 1.470796259950438944e+01
3.642351714110359439e-04 -5.184068794695581017e-01 3.720420639478141389e-01 3.831853948883598426e-02 6.576003252835684876e-01 8.986919661339981547e-01 8.083078492202036003e-01 8.245695173691294233e-01 -8.258913197170973941e-01 1.486257078964862899e+01
3.614154851008138155e-04 -5.181138728857068720e-01 3.251626621226111902e-01 5.302042911382560952e-02 8.541938753400966089e-01 8.611784408367421095e-01 8.222859160985015459e-01 2.877815436589001297e-01 -9.694768282128274350e-01 1.486328825880318050e+01
3.590381050473224036e-04 -5.166490564877858072e-01 3.111026994680916591e-01 5.279885110539678933e-02 6.949652325067405823e-01 1.054079159739494953e+00 7.347687650617775734e-01 5.987701177766245886e-01 -8.000185361979225140e-01 1.495347105643350893e+01
3.511197595793173016e-04 -5.149492821584751301e-01 3.560306080217172653e-01 5.233674863898100243e-02 7.250503341123106793e-01 8.308415447027883705e-01 8.715196167007833727e-01 5.158363180104071910e-01 -8.383611684415158694e-01 1.460883568486195472e+01
3.488329689498049233e-04 -5.135469262369209975e-01 3.012639004270124543e-01 5.584428359396603064e-02 6.455063857962703988e-01 1.104752732445997365e+00 7.548447454320040828e-01 4.265165802675903173e-01 -1.145707048851279941e+00 1.498692954454112147e+01
3.462330763525749686e-04 -5.130914475931306340e-01 3.840044264783698535e-01 4.140266888313844096e-02 6.101187170535594673e-01 8.974123921446188756e-01 8.519418713738409199e-01 7.223351272050854144e-01 -1.194657322128206856e+00 1.478184303718209947e+01
3.436101893692484165e-04 -5.127592745914707484e-01 3.612881534009860784e-01 3.820029777927112791e-02 7.008179670958196716e-01 8.098072878191004964e-01 8.701577444156096686e-01 5.348821812820134802e-01 -8.025928095874141910e-01 1.466844803227028393e+01
3.410852261697493561e-04 -5.121982348943164842e-01 3.564270774112376916e-01 4.079091861444159722e-02 6.218637712614536461e-01 8.727057377617892797e-01 8.594803854957262512e-01 3.778579766705486565e-02 -8.444853383491512933e-01 1.474734946805827462e+01
3.388411961259115627e-04 -5.108625535123211270e-01 3.407564169162203838e-01 3.613396925686229721e-02 6.207766844252067262e-01 9.271869228865068369e-01 8.674890738865383977e-01 4.988941081646964260e-01 -1.197723131292484977e+00 1.473410115004283583e+01
3.367634846590952607e-04 -5.090767371742124237e-01 2.776290246759086644e-01 5.739919839640179183e-02 6.214842486726611659e-01 1.142538856518213075e+00 7.533446880467853379e-01 1.183031609464509359e-01 -1.282375897034469414e+00 1.506969533597197142e+01
3.345171861423697972e-04 -5.078328304070955923e-01 3.274266224670375758e-01 3.942936359408084901e-02 6.324756828057215285e-01 9.403923354537722101e-01 8.261810096499342393e-01 1.965754409216466381e-01 -1.062972402506397129e+00 1.484753795371195828e+01
3.321195220464677640e-04 -5.070896690271627927e-01 3.412892656858966811e-01 4.568118635169752390e-02 7.171418474324340320e-01 9.799135882584859569e-01 7.943212556390628620e-01 9.676651512430725077e-01 -1.234454629914135460e+00 1.497587497012902169e+01
3.297460346214809855e-04 -5.063253052681160327e-01 3.685895700992491975e-01 4.905014111958519440e-02 6.144498532151992931e-01 9.462359535120070664e-01 8.329801347662509903e-01 5.810827469012191937e-01 -9.606073461542433689e-01 1.475444717579877896e+01
3.272812755756261877e-04 -5.058915923288980210e-01 3.737931000763254907e-01 3.281427215911155576e-02 6.159128570604670561e-01 9.008015337744582629e-01 8.659789891577494014e-01 5.751455071556077492e-01 -1.255720167819950994e+00 1.485670047058981780e+01
3.251153578534895236e-04 -5.045949889191407856e-01 2.988790410659288854e-01 6.291196374039406680e-02 7.863213501034322928e-01 1.000917558450976408e+00 7.688879054346173803e-01 4.436071183104507987e-01 -8.455472603564364587e-01 1.479844542513631112e+01
3.227214440564982667e-04 -5.040489987370210256e-01 3.787932983027033629e-01 4.982318666694308951e-02 6.338308636163415555e-01 8.688989005255308706e-01 8.492793400751961208e-01 1.463049178447647369e-01 -7.062660967053935313e-01 1.469824009448325342e+01
3.202605114515852391e-04 -5.037672767567968890e-01 3.678052183761516547e-01 5.108065926681409907e-02 6.366540514507740278e-01 8.942363626756852923e-01 8.718426219091390816e-01 2.754159046639810260e-01 -1.006085556503169665e+00 1.468602294210980475e+01
3.184107451896665743e-04 -5.016233308462137996e-01 3.646878725147626454e-01 4.614042248366471977e-02 6.494397013012626063e-01 8.742668770354640184e-01 8.720476958319045568e-01 5.395851452205777665e-01 -9.310466965715258336e-01 1.460986671207682441e+01
3.162987825846126861e-04 -5.003417423875825554e-01 3.434982798374586199e-01 3.488806311668643523e-02 6.898690453441909121e-01 8.338143711491146082e-01 8.910677270860207777e-01 1.416130430450516231e-01 -7.316913986428925654e-01 1.462605332997976326e+01
3.142828885990332603e-04 -4.987990163995587589e-01 3.572284291208015494e-01 4.062753250209531070e-02 6.559540136479687922e-01 9.291744315229220064e-01 8.229746646994759995e-01 9.425718167251802004e-01 -1.183613657744682079e+00 1.484600041400236137e+01
3.123219295293425558e-04 -4.971215266343722572e-01 2.932453047448262407e-01 3.363580311997012295e-02 5.733954504773920435e-01 1.127834941077813902e+00 7.438867032086347031e-01 5.885881064916358429e-01 -1.106374000744772657e+00 1.498699808981249504e+01
3.100043129949457254e-04 -4.966332896866316182e-01 3.482445228992935293e-01 4.452837907635701087e-02 7.445528779328849378e-01 8.701475199739909794e-01 8.257907165318155718e-01 5.932024560160443771e-01 -7.111866070046275468e-01 1.469570714820036272e+01
3.075781945624527663e-04 -4.965536458394125274e-01 3.233003464369067492e-01 4.402248067802841391e-02 6.146201068553047708e-01 1.044153170247242413e+00 7.825881668072173225e-01 7.493555112940073482e-01 -1.143786856725044654e+00 1.490513134625735781e+01
3.051503106783925350e-04 -4.965420069759930444e-01 3.641233872340637889e-01 4.142241880169276330e-02 6.297810761721283068e-01 9.117828077835418155e-01 8.226781001618382883e-01 8.155606297637840729e-01 -7.726191295901365663e-01 1.467260307685424259e+01
3.031459530440464034e-04 -4.951955933993295589e-01 3.874714935524061765e-01 3.584028039830580714e-02 6.141637772968860931e-01 9.364270303638622117e-01 8.265353986731486247e-01 8.022123014100770444e-01 -1.043463215220683749e+00 1.488122288390308690e+01
3.009814297888653827e-04 -4.944249004178771778e-01 3.457738284412117391e-01 5.316343583352163560e-02 6.862770107037303724e-01 9.139974160493369304e-01 8.542179198894570558e-01 5.424058590665099544e-01 -1.006573031526066364e+00 1.466393934720485426e+01
2.990413432063838300e-04 -4.929551248481136017e-01 3.411185251881451164e-01 4.540027968723901741e-02 7.426140570850668920e-01 8.588565746662913947e-01 8.595511189721982692e-01 3.410842514794339420e-01 -7.587696589850352336e-01 1.467114598415165716e+01
2.976958400043779604e-04 -4.895281581972381058e-01 3.256406885407035490e-01 5.184160523487186395e-02 7.088860323058971957e-01 9.235965091484491518e-01 8.468680344270681504e-01 1.727030271832087349e-01 -1.283581015678360693e+00 1.484404385308796748e+01
2.956028166222176082e-04 -4.886472268798162655e-01 3.322558969166958254e-01 3.578526346267207198e-02 6.386228440409538187e-01 9.737023612818890284e-01 7.906103807260179694e-01 3.958235034178455569e-01 -8.036973393610995497e-01 1.492964211360368054e+01
2.888894602000775542e-04 -4.879968778019513898e-01 3.474348002013231129e-01 4.925025260050627796e-02 7.167000319305026901e-01 8.857043239489708064e-01 8.214217769014611203e-01 6.650092766608715067e-01 -7.862897030095646889e-01 1.472738630037593666e+01
2.866423602438608761e-04 -4.879931949514194622e-01 3.143694056508877788e-01 6.219944172077369188e-02 7.738190134416056409e-01 9.560914932236729280e-01 7.860085933537771519e-01 3.880909889719379446e-01 -7.082138180651790238e-01 1.474139105425779839e+01
2.849787457023197934e-04 -4.860014010844041499e-01 3.469069996729147176e-01 4.138960004984816587e-02 6.734457734237997428e-01 9.129372841298348806e-01 8.405291515396625668e-01 6.287416054073072802e-01 -8.176234627071268246e-01 1.466105173388832483e+01
2.829830295342797503e-04 -4.852165725537809227e-01 3.150561642211989200e-01 5.724793604643797773e-02 8.318746527807905355e-01 9.402666116739438751e-01 7.964305532870807891e-01 4.398892588898241085e-01 -1.259338466586695349e+00 1.497928374436056131e+01
2.809094178144533674e-04 -4.847587412554869579e-01 3.897067235115764250e-01 4.787388369837536350e-02 6.477791371758326866e-01 8.141199844525947027e-01 8.955413862950343251e-01 1.491244044530752322e-01 -8.100614132571838377e-01 1.463771197932361723e+01
2.787539633358236202e-04 -4.846489611706451539e-01 3.064886553656107626e-01 3.908540826785180528e-02 6.077923028364510261e-01 1.062745596908464485e+00 7.695789815110913867e-01 1.730986746545326582e-01 -1.045595364661964899e+00 1.507245520234092062e+01
2.768320949896407412e-04 -4.837548349600988007e-01 4.005157976098115968e-01 4.157589051197869978e-02 6.500268823693581277e-01 8.244233393057645021e-01 8.685779184923954066e-01 7.270482230272730106e-01 -1.046179186465829858e+00 1.476743138700225089e+01
2.747134197835062385e-04 -4.836250576746244367e-01 3.107858518757299349e-01 6.167889103016049868e-02 6.733871144852172641e-01 1.005715659155107966e+00 7.927098189423981145e-01 3.420129980610087106e-03 -8.589022774043743036e-01 1.483409095956947610e+01
2.729709723209786522e-04 -4.821755410519021900e-01 3.402417223843685612e-01 4.375247738834790734e-02 5.701822457048548731e-01 1.045343385896860822e+00 7.620750217361478285e-01 3.976962751059403001e-01 -9.166482188013531651e-01 1.499331128846893613e+01
2.708485189838325457e-04 -4.821688080309389779e-01 3.119465559767078955e-01 5.053161694993262010e-02 6.243386792054418377e-01 1.096971677457805550e+00 7.574333661841810006e-01 7.173442361755528740e-01 -1.194263721452411220e+00 1.497769709595165821e+01
2.691917958879741827e-04 -4.804918806818865296e-01 3.339911488610605161e-01 5.623000553783091826e-02 7.841372272685906974e-01 8.377484219229943685e-01 8.818136515689047883e-01 2.193155625367416151e-01 -9.414907083761800966e-01 1.462869793708871669e+01
2.676965187252055233e-04 -4.782495560357276077e-01 3.944549921163924555e-01 4.629655993882424159e-02 6.840403974968660705e-01 8.604740511743008691e-01 8.379702491465942371e-01 7.048373482427728876e-01 -1.140413793005212284e+00 1.490827941915644139e+01
2.659518354686152448e-04 -4.769757793692534498e-01 3.481260504120349264e-01 3.363632686485990703e-02 5.982205586993444291e-01 9.361995901146851207e-01 8.348517799661006045e-01 5.975208849555149193e-01 -7.894869703334058686e-01 1.469220755701739556e+01
2.643892667265061356e-04 -4.750559897671350340e-01 3.344017393582574549e-01 5.457184086453072819e-02 7.559645077143020142e-01 8.956305707177266706e-01 8.203388869497719726e-01 6.104447873594553986e-01 -9.339477769458425227e-01 1.471676603704566766e+01
2.623556407058251234e-04 -4.749650114981671667e-01 3.444976681529607898e-01 4.508933652578596407e-02 6.763091898603901253e-01 9.385793351142120988e-01 8.268549911332692126e-01 9.794767489657956183e-01 -1.190583439795655840e+00 1.474893550336995318e+01
2.609303236546724365e-04 -4.726000895837551563e-01 3.439314463723636139e-01 5.129535098045706620e-02 7.322685926635387199e-01 8.452162818986800330e-01 8.950533371650790659e-01 4.747456123498511316e-02 -1.277370722308500239e+00 1.475622780388037647e+01
2.590412489438887259e-04 -4.720536907387480330e-01 3.401483185934278675e-01 4.461317818630722298e-02 6.283381334039453980e-01 9.655009167729818875e-01 8.316713063497032099e-01 3.483735328518478003e-02 -1.044407031557665899e+00 1.488763311615003637e+01
2.572414640088509404e-04 -4.712133096207964389e-01 3.141165099875784517e-01 5.399093224977814104e-02 7.304455041686481742e-01 1.011648698498808230e+00 7.527108610919891474e-01 4.995933511733534060e-01 -7.745201053729769969e-01 1.492573040008428897e+01
2.559113400560635997e-04 -4.685849455008008757e-01 3.638052494520888080e-01 4.423173763252290225e-02 6.385518379535458644e-01 9.588315171185528563e-01 8.207892603627963135e-01 6.075113847721917981e-01 -1.178644501260818434e+00 1.489829263513949797e+01
2.541870718398831744e-04 -4.675330028493056567e-01 3.464329229676085253e-01 5.262874405537139311e-02 8.159774163144248860e-01 8.405564732190660138e-01 8.572408000692007812e-01 7.608601261033077767e-01 -8.747890629367565118e-01 1.462833439126488777e+01
2.484819106140785487e-04 -4.669767854811877061e-01 3.795370917114814224e-01 4.525883513072052888e-02 7.392316616996481571e-01 8.127978404913557275e-01 8.436667096151516665e-01 3.612817643652239674e-01 -8.755413563137113275e-01 1.484952037574970873e+01
2.468365939278038086e-04 -4.659279717131288301e-01 3.204609441913093271e-01 5.674452369220099601e-02 8.328640912532647711e-01 8.932591619815106743e-01 8.322460376431272122e-01 6.394530167873545556e-01 -1.059840071109455550e+00 1.470701870907817366e+01
2.453188289681857196e-04 -4.644035114146213283e-01 3.594842515921823356e-01 3.332378596575004404e-02 6.232802282711926711e-01 9.311747218547336002e-01 8.361040304707957338e-01 5.159280075843654112e-01 -7.457197254520658847e-01 1.476927864429189086e+01
2.434938171892085082e-04 -4.641783602015793209e-01 3.267045546182633098e-01 3.680027887466903042e-02 5.800877969967035419e-01 9.966922248942721163e-01 8.194313708775895488e-01 4.225975131268663865e-01 -1.135678441005102624e+00 1.480995584590608694e+01
2.420505272306863569e-04 -4.624311087169699630e-01 2.903823327831320800e-01 3.413082547426619928e-02 5.612907569961140819e-01 1.114282127633325903e+00 7.689736793786994262e-01 2.371574471538807349e-01 -7.761027672067050132e-01 1.488502733498943620e+01
2.404858366447787106e-04 -4.612240990753990189e-01 3.150544912139511267e-01 3.826398911108494505e-02 5.731689744338720471e-01 1.139347937558527368e+00 7.187990656065048611e-01 6.694771607008825898e-01 -7.338370098602302605e-01 1.499235908446005006e+01
2.395966138335878964e-04 -4.572362543444384309e-01 3.064285054018140997e-01 4.618182185388202549e-02 6.762444635770009649e-01 9.928749631110893592e-01 7.886762823774365883e-01 4.073827829624678265e-01 -8.157906876648193251e-01 1.478883651281472922e+01
2.378017401990239500e-04 -4.570633780725222861e-01 3.520779298145916281e-01 3.252697676290170620e-02 5.975707995554611074e-01 9.571692093641964716e-01 8.275632436015628590e-01 6.867934315206472018e-01 -1.150765808128609846e+00 1.484697244351619361e+01
2.367300809598395456e-04 -4.538877793269265326e-01 3.205027262317313719e-01 5.888085988238182106e-02 6.810188936970154039e-01 1.004319799865911911e+00 8.103487701247920061e-01 3.335514765923558445e-02 -1.217998296023315996e+00 1.492580256423483576e+01
2.359144564423662081e-04 -4.496467982132588692e-01 3.651816277639566843e-01 4.978398357895716386e-02 7.008560348647646654e-01 9.340812769755564293e-01 8.013128040130867991e-01 8.654177650441272629e-01 -8.050827807742433340e-01 1.483111511160488405e+01
2.342572805593319822e-04 -4.490037562040939956e-01 3.497549521163776376e-01 4.579381361894711844e-02 7.523920188740074178e-01 8.545845212403424540e-01 8.762552283035673906e-01 5.364531286301921220e-01 -1.195633031366917676e+00 1.474485596773056351e+01
2.327693250730377631e-04 -4.476835074179958407e-01 3.492844481609577167e-01 4.744847491412614027e-02 6.774633826943113890e-01 9.580438128689493515e-01 8.173642160707349502e-01 5.127391091441887427e-01 -1.238287915117185500e+00 1.491284666622816246e+01
2.313921937572614522e-04 -4.459250624037524591e-01 3.073573882191961149e-01 6.079357340595907544e-02 7.688736213591912394e-01 9.942949172523473100e-01 7.778652786374280481e-01 3.779090656107512713e-01 -9.224014089555101492e-01 1.487774311116472603e+01
2.296678208576221584e-04 -4.457128262208835401e-01 3.186442703301329282e-01 3.420860469802973480e-02 6.050993027101089217e-01 9.944492758320597758e-01 8.070017857437646880e-01 5.540530390932750793e-01 -1.100738620625441255e+00 1.484649857085274327e+01
2.281899305720902851e-04 -4.444762153629292500e-01 3.766080347625395675e-01 4.622793641460661712e-02 6.104488285500739853e-01 9.299936544159679297e-01 8.215103979173641324e-01 3.914147989642446923e-01 -1.045484065327592527e+00 1.490698376875418596e+01
2.232615490699837774e-04 -4.434089974809610757e-01 3.070444613248970445e-01 3.966427526745856802e-02 6.268320708412670195e-01 9.657251306141935165e-01 8.442432829029578034e-01 7.498932388863521759e-02 -1.014356062819357307e+00 1.478069724656931250e+01
2.216264861622488000e-04 -4.431837197565439701e-01 3.164862474047440699e-01 5.318296062706644872e-02 7.896430137246481795e-01 9.266613217673214109e-01 8.085501541115633906e-01 5.761572406366477495e-01 -1.004485738156258856e+00 1.481430566632937129e+01
2.203587303006003279e-04 -4.413446216488768337e-01 3.421563145564856523e-01 3.801954094470747642e-02 6.513136584715298882e-01 9.594595797190843545e-01 8.284391291657871026e-01 7.471929387259386157e-01 -1.243881583836443872e+00 1.484785637073800224e+01
2.192427840189433265e-04 -4.388459561323508340e-01 3.622817820604263828e-01 4.576673689903081738e-02 5.936398566158707091e-01 1.014626994908657043e+00 7.718897241698641221e-01 7.710532656119934991e-01 -1.016895211536077870e+00 1.494781595713265965e+01
2.178233506045464444e-04 -4.377655011770248406e-01 3.714847031076820016e-01 4.619968219707830392e-02 6.182206108333847538e-01 8.932949339966723690e-01 8.533598125634591636e-01 4.091096860849913197e-01 -9.346727136169659111e-01 1.474707896755807290e+01
2.163030174152852977e-04 -4.371938765755019052e-01 3.152968670593931932e-01 4.956482949018821416e-02 6.149542006409707273e-01 9.872972510475974683e-01 8.490795861663793520e-01 3.841241339692308410e-02 -9.982464768064847060e-01 1.471310243084774427e+01
2.152622849816380600e-04 -4.344411872368097449e-01 3.637465615052599688e-01 5.327362933160546127e-02 6.946776131885541439e-01 9.084027046976503872e-01 8.152032174589360913e-01 9.104149122972912123e-01 -7.848040033648335800e-01 1.468019865425983994e+01
2.138452268309601529e-04 -4.334701301751002211e-01 3.355891255578425936e-01 4.007153392314290186e-02 6.309810878018532465e-01 9.290185734431322118e-01 8.274856775059215019e-01 4.315056987913326036e-01 -1.063027513124922940e+00 1.482833091233990785e+01
2.124590754546054746e-04 -4.323975031285431370e-01 2.907972363452128173e-01 4.171011848220147061e-02 6.135409468442569736e-01 1.087411220769288756e+00 7.553205984733437628e-01 6.373278037488292469e-01 -9.473213446084096656e-01 1.483781003844536173e+01
2.112551401089461558e-04 -4.305045314562616077e-01 3.350853695159163870e-01 5.230887457087354808e-02 8.094853111093432974e-01 8.277568018979689635e-01 8.602340136115835811e-01 4.549629258179179181e-01 -7.661382545537908095e-01 1.461148443178622536e+01
2.098133575722146407e-04 -4.297770096399276540e-01 3.762636774579571908e-01 3.537519916822365329e-02 6.085787624847982524e-01 9.389114564674252428e-01 8.142232789505412516e-01 8.607494765144082516e-01 -9.580888308911306162e-01 1.482874107890100923e+01
2.082386683785597949e-04 -4.297347481045314388e-01 3.298241008585736656e-01 5.832740264112543094e-02 8.223128411466162913e-01 8.474696637646524922e-01 8.668750551093153955e-01 5.272671897946408226e-01 -1.149679773653019321e+00 1.467291545288315291e+01
2.066973906945051664e-04 -4.295880135745588912e-01 2.836237211433251248e-01 6.035098771569750997e-02 6.785946059518549456e-01 1.083071113222777049e+00 7.745685344402006844e-01 2.105342373324009531e-02 -1.265314610594035605e+00 1.498857429791922691e+01
2.051653427942689005e-04 -4.294518947036502499e-01 3.134788337908853695e-01 5.496056911227774344e-02 7.912323158144106694e-01 9.357577973558630635e-01 7.987705142252424784e-01 1.529931357899159128e-01 -7.366774111678844328e-01 1.480179774528860825e+01
2.036378453284783336e-04 -4.293491932045315762e-01 3.382466180941857692e-01 4.216528668952915920e-02 7.012751125654281825e-01 9.146115298026220586e-01 8.315918018838867054e-01 4.293839774067817472e-01 -9.267003307335623941e-01 1.481807212423512610e+01
2.021351592447381796e-04 -4.291800049975362241e-01 3.618955312825873349e-01 4.513194561894423584e-02 6.248030119763572365e-01 9.333826445833450780e-01 8.195987954375039131e-01 6.303814336916129246e-01 -1.021499529889271285e+00 1.478283792206764957e+01
2.008910153668637313e-04 -4.277782773401129779e-01 3.968090191906682440e-01 3.332882398646248162e-02 6.945968403916200629e-01 8.070946503479273781e-01 8.568549534191611805e-01 9.146499123561913080e-01 -8.467256524119977090e-01 1.478344232392627688e+01
1.994725212276744558e-04 -4.272885800321414851e-01 3.585528204041196210e-01 5.485078153069278262e-02 6.698597802118102518e-01 9.130230572608324380e-01 8.376419435671486058e-01 6.002004791324119237e-01 -1.048802530575531522e+00 1.474077618569504011e+01
1.980474859341456472e-04 -4.268824812017367742e-01 3.258951244071726094e-01 3.314141645431189359e-02 6.169417420754578218e-01 9.901999884592863621e-01 8.138865639703479760e-01 3.310138782648774924e-01 -7.266094885731497754e-01 1.477680917594085841e+01
1.969117836736023559e-04 -4.250577236815243909e-01 3.962720844882573479e-01 4.665262752925258827e-02 6.478085689940944469e-01 8.514910460498573697e-01 8.492180836667344579e-01 7.586316753081732145e-01 -8.556543672919767474e-01 1.473464084288948683e+01
1.956759283099125278e-04 -4.237779321195894178e-01 3.873816109992900270e-01 4.959964363260097042e-02 7.157377503118651507e-01 8.351978546029990014e-01 8.384933347603444886e-01 7.199663462790852897e-01 -9.300490026197872906e-01 1.480126314350244421e+01
1.942523873347021366e-04 -4.235037591815304925e-01 3.561223195090338356e-01 5.569252398036406149e-02 7.190989684617714595e-01 8.882778680398386584e-01 8.506793391667708537e-01 4.025968796821181583e-01 -1.027696834941934645e+00 1.472363189756538482e+01
1.929048047836627881e-04 -4.228894530299467935e-01 3.087132053249967978e-01 3.713604452491155172e-02 6.163165568111393933e-01 9.655594300601999525e-01 8.402030036483190134e-01 6.722211779167375223e-03 -1.023202798880679110e+00 1.482403609263566757e+01
1.920086777922374514e-04 -4.199699553725838030e-01 3.655446743813960397e-01 4.967393196566338709e-02 7.927876950091778951e-01 8.089012425152382058e-01 8.593269908093441600e-01 9.841670547067185026e-01 -9.417290387737081714e-01 1.466624201426563801e+01
1.910605476562815747e-04 -4.173443843901460948e-01 3.541332526742723141e-01 3.330557356778671846e-02 6.172042140767788343e-01 9.812678337003651885e-01 7.956690735242599732e-01 5.810172978992146353e-01 -8.143141472430752703e-01 1.492027583613885433e+01
1.869043612331247367e-04 -4.167805465814636845e-01 3.234363349345859562e-01 4.858854122353560567e-02 6.370693449869584413e-01 1.088626717347133344e+00 7.325872866971119279e-01 7.529705525466543481e-01 -9.120947976520850098e-01 1.501765885956279156e+01
1.857148917744783090e-04 -4.157022509942027155e-01 2.950941473131710735e-01 5.060925167820474330e-02 6.471445428925675092e-01 1.109926457339348360e+00 7.410426657724293875e-01 5.075128937459267853e-01 -1.130242527756644133e+00 1.505923253289719099e+01
1.843895037797139893e-04 -4.154018336489332386e-01 3.390642633290306129e-01 3.949413450014330196e-02 6.365766382755999597e-01 9.466727109222319303e-01 8.098239136751823608e-01 3.938451110932963406e-01 -1.078669890274299048e+00 1.493103727734038166e+01
1.830899542459805680e-04 -4.150119503244756314e-01 3.118596425988495735e-01 4.644383976926969027e-02 6.069258418958035639e-01 1.060327246911334953e+00 7.847241684351189406e-01 1.640173648193825606e-01 -1.094400740548113315e+00 1.496089193288151797e+01
1.819222967763607266e-04 -4.139471939603319717e-01 3.643596557880010023e-01 4.203600496750400928e-02 5.745120795949193448e-01 9.479400370151352950e-01 8.296411784754551544e-01 4.780528680807822339e-01 -9.504532879021663216e-01 1.474353762306187221e+01
1.805952792556012564e-04 -4.138056611013349873e-01 2.995948645649495479e-01 3.875088331354774318e-02 5.709784420335404231e-01 1.113996773483113101e+00 7.668695867601657001e-01 4.980416169098043633e-01 -1.011556329683087618e+00 1.488181851296720737e+01
1.793424693187799972e-04 -4.133042615955725974e-01 3.641606385529715384e-01 4.066488743754168717e-02 7.850219831769132961e-01 8.243127522062364543e-01 8.363184185987007080e-01 6.578925221967097947e-01 -8.151614845245763741e-01 1.481421878802381897e+01
1.780936160910783178e-04 -4.128294442475459736e-01 3.561235981156841701e-01 4.411076317386168621e-02 6.563133834760811469e-01 8.759532648930625776e-01 8.684478291623429769e-01 4.173657996549268723e-01 -9.858800432983171325e-01 1.465645108513711214e+01
1.769005062092933315e-04 -4.120886400962215368e-01 3.354062931616246801e-01 4.064954967648143347e-02 6.560304843014486131e-01 9.098007194725639124e-01 8.389769810838308972e-01 4.820257295130747632e-02 -8.272788054622115528e-01 1.476202274317425456e+01
1.756227777766672968e-04 -4.118750294678975021e-01 3.718121688722948459e-01 3.372313940440845037e-02 7.485539373380557526e-01 8.412281443018930771e-01 8.387804601927123516e-01 9.173479796319041757e-01 -8.079176182509357762e-01 1.480328034030689821e+01
1.745917789014421603e-04 -4.103001727124503395e-01 3.278822257444490296e-01 5.201832890582318292e-02 8.118351186271497433e-01 8.892348311842800390e-01 8.250826147752511330e-01 7.575868751978773741e-01 -1.157166969196822270e+00 1.480168121756604549e+01
1.732943769519796923e-04 -4.102962938188757236e-01 3.094134625227694668e-01 5.571922761976378508e-02 7.923616877561894256e-01 9.550633148806911832e-01 7.942865153111353660e-01 3.011079061346194075e-01 -1.030143183765173998e+00 1.489566469313529318e+01
1.720140071934166354e-04 -4.102494458767657060e-01 3.321586486191976384e-01 4.582583204319863601e-02 6.133136444035568458e-01 1.018870506684116162e+00 7.871661610915081653e-01 1.317873340270817040e-01 -7.837117874788880334e-01 1.490485318693127503e+01
1.707746640922985966e-04 -4.100177363229052241e-01 3.042359699592616096e-01 5.031106155484346698e-02 6.636987339448503498e-01 1.004887559595194935e+00 8.224260882034860609e-01 2.210728033248344215e-01 -1.279825585320649051e+00 1.486487789989963382e+01
1.704988030017422413e-04 -4.041717072298044999e-01 3.738471311040308942e-01 4.690766530505630777e-02 6.626208430439342045e-01 8.639730482806381451e-01 8.570895202980195471e-01 7.494312787170334111e-01 -1.011523969178075744e+00 1.471343265450136073e+01
1.692592965074596713e-04 -4.040054588940719671e-01 3.664111241011519526e-01 4.583075153296353732e-02 6.847382570439181082e-01 8.490256247005292245e-01 8.958762358732856868e-01 5.422184326715430158e-01 -1.257426537688576040e+00 1.468111581555899470e+01
1.680873413376031259e-04 -4.034908770546170587e-01 3.937503917449435287e-01 3.916911867550248311e-02 6.938825718727680281e-01 8.288121462930295724e-01 8.587052147825109394e-01 6.642599332458036798e-01 -9.241057374153848203e-01 1.483650145060624048e+01
1.668448800891589160e-04 -4.034474046937974179e-01 3.384770027457736363e-01 5.829300335448214104e-02 7.749508963116327198e-01 8.930374360403077194e-01 8.330594757639138148e-01 6.554527908063778607e-02 -1.034625138297418534e+00 1.483040690095733893e+01
1.656619759758844721e-04 -4.030998141436295534e-01 2.871912824770556094e-01 4.445119084566932777e-02 5.990259771645233267e-01 1.088098595665308199e+00 7.573261617316673355e-01 3.586243230487358158e-01 -9.317029059464609908e-01 1.484890536853188081e+01
1.647028918033806234e-04 -4.014433555410742427e-01 3.581353219701172153e-01 4.895571832588746508e-02 7.320278158695809889e-01 8.513888364588668711e-01 8.405002992638423986e-01 4.584104294599751217e-01 -7.028425707620850060e-01 1.471809404886754713e+01
1.636338185546821220e-04 -4.004927463201131688e-01 2.975035354641160090e-01 5.840738033289508135e-02 6.457817898617422836e-01 1.072822882018049429e+00 7.805906966059996677e-01 2.539211979006871234e-01 -1.260276778360767347e+00 1.493573842958529063e+01
1.624282054601117848e-04 -4.004250858522294676e-01 3.176487103105899434e-01 6.254128873434144920e-02 8.477354024023795454e-01 8.815665680407320792e-01 8.387600128883000439e-01 5.498613028353933618e-01 -1.101818925831040019e+00 1.472313089335455771e+01
1.612827572597227337e-04 -4.000394100324757840e-01 3.193069293319372726e-01 4.783548010329748135e-02 5.760698815885253454e-01 1.020582492051077983e+00 8.080585200231922283e-01 7.416788204540192275e-02 -7.430396731984341141e-01 1.474517065774746172e+01
1.604560027835011957e-04 -3.977160252754214365e-01 3.266558242344040353e-01 4.975108402927964218e-02 7.527226264492488106e-01 9.546456056940612056e-01 8.091080871065066127e-01 8.479648260741401433e-01 -1.279955864823401512e+00 1.489389724998087239e+01
1.593125184103935199e-04 -3.974053200416066689e-01 3.787069300256103999e-01 3.062265605895092557e-02 5.792595913196155744e-01 9.619825764627882858e-01 8.145178698159858399e-01 6.009536978333764878e-01 -9.263600130532239074e-01 1.491026598044145857e+01
1.581609456734827627e-04 -3.971972731074961960e-01 3.224500747325012573e-01 5.616798057246659426e-02 6.975682587819272973e-01 9.591699292604891625e-01 8.340251506322251540e-01 2.214850208854181601e-01 -1.076478665722995220e+00 1.476876969429045339e+01
1.574547869348859211e-04 -3.942093946311629460e-01 3.312721130837049111e-01 5.485171658082001189e-02 7.038183923133843889e-01 9.095029107264042123e-01 8.490007272212237721e-01 3.254453511875916027e-01 -1.091248760971231357e+00 1.467739042642417147e+01
1.563488480091142923e-04 -3.937953421873773285e-01 3.309498349314151655e-01 5.810833366015638601e-02 7.236164775071840527e-01 9.472710268918100862e-01 8.101463985598342799e-01 4.560274255967037282e-01 -9.005819646647430510e-01 1.477481611704885367e+01
1.551877506214368772e-04 -3.937866932447920409e-01 2.799264294837320866e-01 3.559983740659869444e-02 5.663316290940676456e-01 1.099256994396528242e+00 7.887758976175438530e-01 1.165029822351690281e-01 -8.526642176843504117e-01 1.483300557596889746e+01
1.519085916276726573e-04 -3.929204349864021117e-01 3.575114962782180994e-01 4.587663135994457519e-02 6.449373442595733863e-01 9.378025827711842233e-01 8.013780618149467516e-01 6.212075479003738021e-01 -1.019623297770275272e+00 1.489207230863575049e+01
1.508410784515218372e-04 -3.926196408862112630e-01 3.546653428074896253e-01 4.430569101558098910e-02 6.912791100056583371e-01 8.220490048250165271e-01 9.136956432227335556e-01 1.534381372892124618e-01 -9.898646593890940704e-01 1.460233418764286739e+01
1.501265024458203474e-04 -3.900152333976069086e-01 3.880836096306096161e-01 4.780686415598420225e-02 6.960932813481714998e-01 8.051192258384546330e-01 8.883286881912677568e-01 9.729625669208924466e-02 -1.035597433288039548e+00 1.478580897231070246e+01
1.490973512358071751e-04 -3.895411239418669624e-01 3.438315618009718522e-01 4.302387448227057432e-02 7.842263668109310526e-01 8.441561011879846754e-01 8.515684983956839371e-01 6.376764594019496135e-01 -7.712596278107882730e-01 1.467380257461861603e+01
1.481319177187325180e-04 -3.886844266627188516e-01 3.871823445332913671e-01 4.652489001596020468e-02 6.662063112846143831e-01 8.171752629924986522e-01 9.010856612201513238e-01 3.352347862597321315e-01 -1.141857795593886005e+00 1.471816358880757569e+01
1.471624102034531530e-04 -3.878978899659661361e-01 3.148673722956815135e-01 3.931240325314245415e-02 6.316670979369880534e-01 9.825611731322211329e-01 8.166761288402768493e-01 4.641329634502911472e-01 -8.844099734463841678e-01 1.471734519793821150e+01
1.461101289482095544e-04 -3.877211117816965480e-01 3.183803629515352673e-01 5.403054279729432863e-02 7.736470318046627659e-01 8.833412946351870687e-01 8.573251462572752946e-01 1.276897676749660926e-02 -8.532907381666159363e-01 1.466454826447345638e+01
1.430175629811342890e-04 -3.872157930002534387e-01 3.598953250024180539e-01 4.726313470021481500e-02 6.492423922065502229e-01 9.558381374516498052e-01 7.974827531253360080e-01 8.698690486946591971e-01 -1.056970817828402076e+00 1.485406915628076874e+01
1.420650419936141280e-04 -3.866518620164397513e-01 3.528850163816236174e-01 5.204451620653927774e-02 6.692127511522153460e-01 9.687024782150748248e-01 8.087601224684451973e-01 7.063800426753485961e-01 -1.242255032744150611e+00 1.486213236213325395e+01
1.410980481916316849e-04 -3.862354541842952793e-01 3.636189929541002730e-01 4.509571917164040267e-02 6.562760925090920239e-01 8.251296761505666488e-01 9.032896557502523294e-01 1.322323401961161271e-01 -8.455026293530911730e-01 1.458827874000277802e+01
1.405156981962806765e-04 -3.831248898670036596e-01 3.651808265540460452e-01 3.758454258092649297e-02 6.344671235349057525e-01 9.281074699591679300e-01 8.070334498486140262e-01 7.516307236833787986e-01 -7.155427353192659323e-01 1.480741746946101500e+01
1.395636419597081756e-04 -3.826770145301192083e-01 3.606253490554832686e-01 3.768110134253548071e-02 6.581612467400914657e-01 9.000847040912579589e-01 8.556699930544774402e-01 8.142141937974104460e-01 -1.139450957774080786e+00 1.474625960080301290e+01
1.385659650899841373e-04 -3.826048552314018081e-01 3.202551038043380816e-01 4.450285732247298565e-02 6.127413483319609222e-01 9.862593293016048701e-01 8.318373735090967003e-01 5.146865644473660462e-01 -1.273347331089801360e+00 1.474065673172422741e+01
1.378732391805969585e-04 -3.803702665358006385e-01 3.162614629423989854e-01 5.932256835984422993e-02 6.926694329705442854e-01 9.845043785766729449e-01 8.013954400692860913e-01 1.571281375841131478e-01 -8.924192016478351697e-01 1.481352127689859444e+01
1.368928128098292386e-04 -3.802603647340940807e-01 3.169518409258031966e-01 6.186935818747447968e-02 8.466423043014073002e-01 9.413510483651603700e-01 7.863264472932544047e-01 7.226263589957155897e-01 -1.215845730668450031e+00 1.494184768934064778e+01
1.359067953671630913e-04 -3.802428966670619581e-01 3.706269284414707155e-01 4.483889983039211075e-02 6.963061514816182296e-01 8.576710429744409669e-01 8.529478020720666631e-01 5.975987340807489279e-01 -8.852119934825768421e-01 1.476512491790015957e+01
1.349344623531618524e-04 -3.801766459522347152e-01 3.603283506748458098e-01 4.104269893022815391e-02 6.888609868300960004e-01 8.940519477677135729e-01 8.072673026163075249e-01 6.263933069153644340e-01 -7.185420531280466427e-01 1.483270819518959449e+01
1.322076680510243199e-04 -3.790084968224078366e-01 3.563618500818980239e-01 4.645396888204328389e-02 6.052113948291687473e-01 9.842550002084173855e-01 7.836947798176057134e-01 5.904737790979153189e-01 -9.726228727814942854e-01 1.490629827300100096e+01
1.312738804267117349e-04 -3.789537377968597021e-01 3.453427982683074937e-01 4.132260989083513802e-02 7.134706568774972224e-01 8.684214939000658440e-01 8.664568752611335745e-01 7.754082491909650710e-01 -9.629571850236342545e-01 1.463816908175727072e+01
1.286251317466463844e-04 -3.780601006183535451e-01 3.354689946380468024e-01 4.904484731041695855e-02 6.130770727969119260e-01 1.056310664388024234e+00 7.475689001757166441e-01 6.423944381279842464e-01 -9.566442578562377452e-01 1.496719929042884445e+01
1.277311502269748900e-04 -3.779923993626696510e-01 3.484327147558513582e-01 4.761616628806194379e-02 7.485630081547309800e-01 8.365908858448509733e-01 8.648057304525886835e-01 5.110471391124080665e-01 -7.218753370991848328e-01 1.457365344506732008e+01
1.268355423828264512e-04 -3.779865065698072013e-01 3.092441676032554598e-01 5.032099464612903306e-02 6.904744181856957708e-01 1.001358166182419129e+00 8.087400484707638615e-01 8.092765676373812056e-01 -1.236778399017946173e+00 1.475962394019163781e+01
1.259995358424023345e-04 -3.775573353237844931e-01 3.496607581838709899e-01 3.671067798341645649e-02 5.596015146880690683e-01 1.021419811633079489e+00 7.832510171174089653e-01 6.071257248874940560e-01 -1.024524969931993157e+00 1.492891609143820375e+01
1.251407082980505667e-04 -3.773545343575427369e-01 3.448155640684988921e-01 4.552673026586485927e-02 7.296573744751165824e-01 8.742848106035944200e-01 8.697802513846636385e-01 7.904674019069056756e-01 -1.244044361199669879e+00 1.468946251389376734e+01
1.243184710509548320e-04 -3.769044633882410178e-01 3.174043605886899266e-01 5.635088245709136967e-02 7.887624370912338367e-01 8.953695841713120718e-01 8.568587504631137719e-01 2.133101910573071136e-01 -1.253691236895860150e+00 1.476367260929246150e+01
1.234941986941501702e-04 -3.765146170863675756e-01 3.522348112071641557e-01 5.274857541288430901e-02 6.165235659174188587e-01 9.598117616712007472e-01 8.172668263347477868e-01 3.557084379186477019e-01 -9.783267866691747194e-01 1.479151794882005788e+01
1.227314286023923208e-04 -3.756680836465806639e-01 2.989166055183550275e-01 4.188896106978655387e-02 5.984554525528322788e-01 1.051591804351500681e+00 8.118601543946916133e-01 2.465004187000545410e-01 -1.140753848343592614e+00 1.482845127557095921e+01
1.219152767526683091e-04 -3.752979402301921397e-01 3.528764441441297750e-01 3.005022259221594091e-02 6.142704132175411669e-01 9.180362734436748884e-01 8.500033327950076156e-01 2.303457600826387397e-01 -8.764202251511525876e-01 1.481565341739793951e+01
1.210820261960935160e-04 -3.751138189795421019e-01 3.785998984040966908e-01 4.392464500577506620e-02 6.619092407895551533e-01 8.741563894791701816e-01 8.412666285906313934e-01 7.166209712270824594e-01 -1.116563119298563000e+00 1.481962365907704893e+01
1.202743379922373144e-04 -3.747645003775236794e-01 3.382961828393070691e-01 4.740312512675540213e-02 6.866586489694829210e-01 9.593351250577992761e-01 8.112197334928149539e-01 4.359945245183004525e-01 -1.168143031494551121e+00 1.495040376843579644e+01
1.177957277040572569e-04 -3.746081326797001676e-01 3.379324990907347503e-01 5.783061938713065370e-02 8.704105490943542245e-01 8.475054879081953541e-01 8.312657526449692691e-01 6.110993260542081362e-01 -8.591762515891669949e-01 1.474721195282794817e+01
1.155427327500963843e-04 -3.732294372519146530e-01 3.560123227927421974e-01 5.908788636376227643e-02 7.811906616527735103e-01 8.321382129027908858e-01 8.681610163004782610e-01 1.074403491480033779e-01 -9.285764316498126281e-01 1.474626683664066462e+01
1.149003709040242105e-04 -3.719551513307755020e-01 3.447295799063989641e-01 3.507820239197700918e-02 5.880648762153984910e-01 9.756713930269322876e-01 8.128324232835926200e-01 2.175544928177691184e-01 -8.372888342755329116e-01 1.490682337889497866e+01
1.141500636581552951e-04 -3.716573185244339550e-01 3.381189038282442771e-01 4.496866904247422136e-02 6.426617771335205731e-01 9.494368860320172576e-01 8.255353348729094209e-01 5.219300237995776470e-01 -1.088402321542961459e+00 1.482204146212822238e+01
1.133833618796084548e-04 -3.715472742119301230e-01 3.385944562692201343e-01 4.965073444472661857e-02 6.322243959647889655e-01 1.009110350685758162e+00 7.730483280262732126e-01 6.780999102343671092e-01 -8.182646188068887216e-01 1.479440805869314524e+01
1.126346392957665315e-04 -3.713233192363152302e-01 3.394426000838964841e-01 4.788049062888967422e-02 6.040353871892358839e-01 9.918268318256331373e-01 8.192665711147567587e-01 2.002275769865524135e-01 -8.459911733985776561e-01 1.477887877867499178e+01
1.121394293746015661e-04 -3.688803017921100103e-01 3.982511132326397307e-01 3.345163100833801334e-02 6.693286521462422645e-01 8.511239053727304160e-01 8.568967271004306330e-01 8.650820722708405519e-01 -9.184056064461072477e-01 1.479822918220405903e+01
1.115682866306934231e-04 -3.671371493097989047e-01 3.309334800878145355e-01 5.623700151848391726e-02 7.953654339655310546e-01 9.164409023373831786e-01 8.078797077937945881e-01 8.917114056961771285e-01 -1.048925329037967202e+00 1.476388734873642328e+01
1.108991487680586596e-04 -3.663034551730953159e-01 3.392550178090432134e-01 4.124729370772665243e-02 6.531269175328745513e-01 9.321915050136858616e-01 8.562798715380983694e-01 6.745548580436078190e-01 -1.231466368934216904e+00 1.473265635252377947e+01
1.086645974938922415e-04 -3.662498823371494461e-01 3.163432147727290866e-01 4.768733394446315887e-02 6.371919712951208403e-01 1.016784070281648633e+00 7.819588871112572726e-01 6.308170498789039682e-01 -8.405599347857297676e-01 1.473602861661170671e+01
1.081069092976070703e-04 -3.646385382312663515e-01 3.462840208297644495e-01 5.092130615168512925e-02 6.235648366331489889e-01 1.000935136218395805e+00 8.075204990493984880e-01 4.619071272468959211e-01 -1.188512991352623560e+00 1.488449014482564081e+01
1.060377025116123064e-04 -3.638296792551287129e-01 3.952341773441565564e-01 3.971760014252093129e-02 7.028430636650713215e-01 8.230580858244883613e-01 8.563526997438064559e-01 6.248131832010269671e-01 -7.170438544575775675e-01 1.476081121341454505e+01
1.040010753732605937e-04 -3.633550728031366139e-01 3.525487279537490304e-01 3.618264837778708415e-02 5.951613192812125197e-01 9.659735654325503074e-01 8.204273364381585720e-01 6.259980198764497628e-01 -1.203936557994119472e+00 1.489427739819637964e+01
1.020302211348896395e-04 -3.628789019453404485e-01 3.642332432243439166e-01 5.271728030495212436e-02 7.130248687621093540e-01 8.401137380069918503e-01 8.772934132450131983e-01 4.530440550240277808e-01 -1.059006167677931876e+00 1.469795700756973389e+01
1.014101111710714192e-04 -3.624816486115139402e-01 3.522953576739678017e-01 5.341638620540041515e-02 7.597612242121267734e-01 8.264638412922220567e-01 8.700302587886883376e-01 1.706722116543083478e-01 -1.074046656334471272e+00 1.473634766015398334e+01
1.007735069406236672e-04 -3.622854508729114742e-01 3.649896144248905294e-01 4.404394524445286868e-02 5.915486476457213483e-01 9.887726127154019551e-01 8.085874588614181402e-01 6.205599339924219304e-01 -1.157467637144779404e+00 1.490002729486410793e+01
1.002060716923330961e-04 -3.614386549545617888e-01 3.342241754530652642e-01 4.332860033213829093e-02 7.127172878373040366e-01 8.956860460652479317e-01 8.417883877020377881e-01 8.234912814841111039e-02 -7.638899169482143980e-01 1.474788532552519982e+01
9.966839252936381219e-05 -3.603253300870569720e-01 3.503818973340530052e-01 4.573177438471630329e-02 7.471917749690974997e-01 8.707131860583583460e-01 8.589774262238977220e-01 8.100259515268773969e-01 -1.237351860996128927e+00 1.478217558743321369e+01
9.905935636743277073e-05 -3.599611947765941067e-01 3.118133740380240604e-01 6.002485970130941317e-02 7.350530803949724135e-01 1.007102918119044954e+00 7.629372434624390742e-01 3.859155926708559559e-01 -8.840375202272052757e-01 1.492250318638593853e+01
9.859635932636597348e-05 -3.581525807616220969e-01 3.351569647389106565e-01 4.281663146148437238e-02 6.202453919579292707e-01 1.045856311573904796e+00 7.785951746166219767e-01 8.697667549704730661e-01 -1.272200929569675454e+00 1.495402663158856349e+01
9.809393360754051704e-05 -3.567678857310990215e-01 2.952250501726326193e-01 4.422486239235995376e-02 5.791012970745834654e-01 1.170255605350929873e+00 7.107105537213604940e-01 4.646803277777806218e-01 -9.077023765365923591e-01 1.507724465751199538e+01
9.749557315526016506e-05 -3.563929315965825295e-01 3.944733633421257935e-01 4.676676430024386683e-02 6.957511409215134668e-01 8.260876893386431830e-01 8.437897485605768688e-01 4.373556453581248782e-01 -7.151135601567447653e-01 1.479040654188240111e+01
9.563246642509725727e-05 -3.563322046250350095e-01 2.875905410887545921e-01 4.069513648868981759e-02 5.653139436879112134e-01 1.098558347668489255e+00 7.895992500286679316e-01 9.489663924123142857e-02 -1.224229210449446104e+00 1.499793759500812129e+01
9.502896977741048757e-05 -3.562525274361963978e-01 3.462124423337838985e-01 4.650414629092398944e-02 7.188771349027847091e-01 8.616110002038148696e-01 8.842855788650386684e-01 1.997806743322470546e-01 -1.082312565935275916e+00 1.471827929247715439e+01
9.444482013513033278e-05 -3.560083111239573661e-01 3.592128284068757393e-01 3.646087797042221051e-02 6.338587639431443321e-01 9.546345639543640793e-01 7.895420078615231763e-01 7.856029182560674284e-01 -7.896537610469009927e-01 1.488213017695876417e+01
9.386247878282209453e-05 -3.557830853746478117e-01 3.131519932282743612e-01 4.268467966259141544e-02 6.405061199272373829e-01 9.997663173334220277e-01 8.059962466797666591e-01 2.326801684253570202e-01 -1.149794686646029351e+00 1.494577025840797191e+01
9.331890646257202612e-05 -3.551808194069449032e-01 3.408737630950158248e-01 5.439084033137879526e-02 6.958260567756691106e-01 8.935266030694666295e-01 8.714161163945954858e-01 1.378526672329699054e-01 -1.014067808405286764e+00 1.469059032689681565e+01
9.274534525640355212e-05 -3.549357776213955540e-01 2.967017747722515697e-01 3.440409013361551971e-02 5.833153976409154451e-01 1.103183406935525301e+00 7.558776821149417735e-01 5.537978171560787866e-01 -8.756895074583301852e-01 1.487970725118434956e+01
9.240669728253776260e-05 -3.521835780908073033e-01 3.369387958781027703e-01 3.928032013864486000e-02 5.848177888498369281e-01 9.772273619262561439e-01 8.152036941902245371e-01 1.940603771547635970e-01 -8.098191910293859319e-01 1.477365784265882453e+01
9.187112331966246692e-05 -3.515860176316604191e-01 3.498334633939279570e-01 4.217568988846124439e-02 7.753851885208815631e-01 8.487633222085162465e-01 8.425406618714184059e-01 8.144903042431350659e-01 -9.830532723289560071e-01 1.477852790413012229e+01
9.131233717106058501e-05 -3.512766164000553637e-01 3.485514841539736342e-01 5.062971120766589228e-02 8.053765687716560873e-01 8.383964400137742246e-01 8.348461081209503920e-01 5.220674815702492921e-01 -9.767307168735881451e-01 1.479447556205118275e+01
9.079911496092375159e-05 -3.505027278604177510e-01 3.869361187867945695e-01 3.790583609450761532e-02 7.096186093603379375e-01 8.451845686383487877e-01 8.524054080926370958e-01 9.887198012314852846e-01 -7.998606372048139290e-01 1.471949341865222216e+01
9.022637404631039088e-05 -3.504202303621657411e-01 3.321417247093747527e-01 4.923986447651972076e-02 7.204846905503549115e-01 9.029259289422433277e-01 8.437216455940720339e-01 1.238107895654984025e-01 -1.265359614269578659e+00 1.486522911345516107e+01
8.970231417068290716e-05 -3.498351857370237683e-01 3.590071475610782104e-01 4.984007477815891041e-02 8.311568513049338858e-01 8.266927490344300189e-01 8.433629559479070004e-01 8.917471041512943231e-01 -9.773555791965616857e-01 1.478034362283713676e+01
8.914509678919220850e-05 -3.496561538267565772e-01 3.857853634489217809e-01 5.397916139228105953e-02 7.529497545426941940e-01 8.105816489829075211e-01 8.779263464088520319e-01 5.179092861633889378e-01 -1.168827424766481160e+00 1.478602982727253234e+01
8.862125158272878846e-05 -3.491395519532691782e-01 3.427340424429659027e-01 3.659036826562703931e-02 5.826151955955189976e-01 9.993049081338905015e-01 8.010266503142369210e-01 5.808985651199489730e-01 -1.041924290409184328e+00 1.485396726892108887e+01
8.824480649131693003e-05 -3.469861401175492466e-01 3.572640029740129508e-01 5.361053686381641453e-02 7.203102986686344966e-01 8.358521308940627392e-01 8.957730935791554661e-01 4.324321727005137062e-02 -1.029267792260876835e+00 1.465938779020010152e+01
8.775851142494832543e-05 -3.461018738943802409e-01 3.824775691973595348e-01 4.618811331334068959e-02 6.761476372762520448e-01 8.630098039430633694e-01 8.503301142496209053e-01 8.049760547505926400e-01 -1.109345455070791520e+00 1.477210736561398363e+01
8.720303641539389207e-05 -3.460413198358273101e-01 3.587998599455358706e-01 3.226708402164411155e-02 5.628507473490708124e-01 9.727493327982946747e-01 8.129594858123213585e-01 3.827758178527226329e-01 -9.022397655453155974e-01 1.488379467358995001e+01
8.665373799649332839e-05 -3.459500607558203544e-01 3.658255310155541506e-01 4.485456748092866985e-02 7.343187168576819079e-01 8.313850156061713959e-01 8.710872432016129041e-01 7.713622001137909745e-01 -9.009012574926716921e-01 1.463375488079815057e+01
8.612978533655348023e-05 -3.456046681226028761e-01 3.832028054729573752e-01 4.072678660189796296e-02 6.364301774907290543e-01 9.003849393746679031e-01 8.373637921225470793e-01 5.761195046313943857e-01 -7.551438348760478592e-01 1.475848749024522810e+01
8.558394400308426311e-05 -3.455520066943917334e-01 3.504613497198599825e-01 3.442112102827404874e-02 5.517808879260559518e-01 1.002052678349683479e+00 8.048869050649066770e-01 3.128137656892898688e-01 -7.046047931832498668e-01 1.479199643387463503e+01
8.509318111763513790e-05 -3.448925412893974474e-01 3.662140674683240782e-01 4.438327156731643186e-02 6.225930898019160775e-01 9.474909979742905941e-01 7.924994881791047607e-01 6.365247289768638517e-01 -8.042233244786387569e-01 1.486943312426559949e+01
8.455809176052520276e-05 -3.447904147553214615e-01 3.413932030827025454e-01 4.067589065192003112e-02 6.768877446448493540e-01 9.373437004311974130e-01 8.111342434739676754e-01 3.950615729274278287e-01 -8.446996673413137424e-01 1.485148410846625566e+01
8.407665280770830723e-05 -3.440900167975165513e-01 3.284726770981616917e-01 4.304149924875348004e-02 6.088065969325329174e-01 9.584222141102403114e-01 8.319008857476654084e-01 2.919152284534068942e-01 -1.153608920161520501e+00 1.481083784371369205e+01
8.355901636203351770e-05 -3.438555115678350038e-01 3.740725870446696133e-01 4.130134620022379160e-02 6.309671581068083679e-01 9.440216327127013418e-01 8.070651741561934989e-01 6.069318434972544862e-01 -9.332091209274451238e-01 1.492679400410649215e+01
8.306358455677189843e-05 -3.433920266347939010e-01 3.010274072469779627e-01 5.407785602318287976e-02 6.692544581651446167e-01 1.048936765056881049e+00 7.793818382914408094e-01 4.940693658411646760e-01 -1.061123415707596385e+00 1.482552918989667390e+01
8.257928284673832350e-05 -3.428293276550415380e-01 3.620182067035430107e-01 5.630187938873659065e-02 8.026085669913169962e-01 8.491469348379716564e-01 8.172460387290905182e-01 6.547121714865860032e-01 -8.299079414522325671e-01 1.480561313703803172e+01
8.217180751037860193e-05 -3.413656384127010113e-01 3.326831278021732397e-01 4.221165075253982546e-02 6.836147757840288497e-01 9.119862684123163366e-01 8.226236333108811749e-01 3.225332017891176517e-01 -8.708125034538116704e-01 1.480309311105070869e+01
8.065475692194422125e-05 -3.408913681788258709e-01 2.924208440488633154e-01 4.131287083719068637e-02 5.692990313716367323e-01 1.086806722626652677e+00 7.954358465427555647e-01 2.986706458114151697e-01 -1.252509159008432738e+00 1.487138584147946752e+01
8.020573565678437277e-05 -3.401450101470111509e-01 3.295304358356215269e-01 4.533298172983631774e-02 5.976256823289094466e-01 9.823491525395352530e-01 8.358640234362130217e-01 2.633662031500310086e-01 -9.547685931971117146e-01 1.472351362116672746e+01
7.979314337516914529e-05 -3.389733473084539095e-01 3.282321162001977655e-01 5.004962834597116023e-02 7.695751168748300453e-01 9.297354788098420864e-01 8.176269258191949385e-01 6.639182156383095501e-01 -1.285483155708169622e+00 1.488428767562203703e+01
7.929689545109061750e-05 -3.388828330760160212e-01 3.189699501619966959e-01 4.642292069795356246e-02 6.907612594756287194e-01 9.444356982636674669e-01 8.394781371032021822e-01 1.760471353229585700e-01 -1.124223866535104754e+00 1.482357013728161732e+01
7.887443254004073529e-05 -3.378955711931676542e-01 3.495363117997630775e-01 4.891905603811658176e-02 7.783416070742006365e-01 8.397159867093565433e-01 8.443046971234022813e-01 2.763984099789328353e-01 -1.034762189833442037e+00 1.484759599166457811e+01
7.846201294274657398e-05 -3.368089875755709284e-01 3.348347630096367156e-01 3.707654823902821473e-02 6.038926774734941771e-01 1.004587769831965627e+00 8.008463565926770000e-01 6.932130047341107382e-01 -9.784027607697975970e-01 1.484232393754164114e+01
7.797191291829643541e-05 -3.367457987092665750e-01 3.652432552575768376e-01 3.353430489439041678e-02 5.565027832172246836e-01 9.581251104813390818e-01 8.329364625944007949e-01 4.600944003607687627e-01 -7.847152757809189305e-01 1.471825731268436321e+01
7.752733911212907525e-05 -3.361347189451742712e-01 3.249827229923800687e-01 5.436869868548822871e-02 8.385502506805913026e-01 8.761474006577067986e-01 8.269229153036052882e-01 7.988724040036582208e-01 -9.101557850934860472e-01 1.468727637324591662e+01
7.706888131608733035e-05 -3.357366573937720089e-01 3.448038912833444325e-01 5.840774015478208958e-02 7.723998896361761179e-01 8.669177901942860531e-01 8.465325728853613230e-01 3.414330514447523335e-01 -1.166519998701871952e+00 1.481173371081256107e+01
7.666439995088905417e-05 -3.346696740273438220e-01 3.250895058494231993e-01 5.721964057586843844e-02 6.681267572771170116e-01 9.786857828252651936e-01 8.007022269285122285e-01 1.976776927890946389e-01 -7.792797518081722163e-01 1.476460726676450719e+01
7.618973794537560820e-05 -3.345512330727697936e-01 3.335255272695885065e-01 4.989925752785703827e-02 6.251559492106140148e-01 1.053860840851049252e+00 7.689081897704270752e-01 5.150305765661997714e-01 -1.139738617774157525e+00 1.501641574831922199e+01
7.572199483695242982e-05 -3.343802292303315604e-01 2.971294988121668812e-01 5.079166788946483380e-02 6.038807245561406134e-01 1.118127148199512977e+00 7.551209290925759987e-01 2.737516943858585572e-01 -1.065128231327200581e+00 1.499629636463921756e+01
7.524771879792129642e-05 -3.343341980235448041e-01 3.171268071609659178e-01 5.090090665220015076e-02 6.548937343596923366e-01 1.059664418280715115e+00 7.571622992430787624e-01 7.357231579061822568e-01 -9.842030869749844868e-01 1.488448986011698416e+01
7.479062254282679899e-05 -3.340981622443678356e-01 3.415589142887350826e-01 4.897867797411927654e-02 7.875155578050044847e-01 8.825482317630397588e-01 8.213793266457112274e-01 5.721981952099560731e-01 -1.035291599293341358e+00 1.484746843768202140e+01
7.443415653728745825e-05 -3.325466286360342361e-01 2.956476816935631469e-01 4.768662611555091191e-02 5.792230628788879176e-01 1.135685964174858453e+00 7.417249060762767243e-01 3.961036692159764505e-01 -1.031662759265226548e+00 1.496141150246127793e+01
7.399414171215265644e-05 -3.321465204247001091e-01 3.347736060223680532e-01 3.866993737526729091e-02 5.779667823390250980e-01 1.033570607355313697e+00 7.753540485494545553e-01 6.251345192048222144e-01 -7.538350169782414012e-01 1.481662449313799002e+01
7.352938042590467934e-05 -3.321182704866902924e-01 3.186227223793411945e-01 4.064537564318899954e-02 6.587454776690374603e-01 9.665282230995478896e-01 8.029745766032605481e-01 4.785152699833062906e-01 -7.998894955299764575e-01 1.475903975526871825e+01
7.312991578359646818e-05 -3.312366889113563806e-01 3.267995352207333504e-01 4.769304113812825041e-02 6.338594021480384866e-01 9.782223401624031700e-01 8.012494086633378254e-01 4.189625799508732151e-01 -1.064527135393380508e+00 1.484924641543448409e+01
7.267234766459383503e-05 -3.311841527352052394e-01 3.621797202693999296e-01 4.185198373706876945e-02 7.889902745982695365e-01 8.129399986487577667e-01 8.579669971839118947e-01 9.920016654287331370e-01 -7.024999710060157998e-01 1.464450932221691914e+01
7.237899104944748099e-05 -3.288999103402841517e-01 3.480982597859172967e-01 4.684034004944854362e-02 7.489968377637742369e-01 8.363847366040817466e-01 8.723943394133928386e-01 7.364662051079040594e-02 -1.159326443186588396e+00 1.480091385748489508e+01
7.109150270953970042e-05 -3.279797902658020403e-01 3.851740842418308608e-01 4.445079882310759567e-02 6.286040452304386683e-01 8.863916814443423275e-01 8.513648373265125802e-01 7.955601921651144215e-01 -9.664703545127347750e-01 1.470872058461861265e+01
7.067339829424935374e-05 -3.276283677641191328e-01 3.614382832015338165e-01 3.565568268207757602e-02 5.726153847848033385e-01 9.592811495332898009e-01 8.036343209635637974e-01 5.624349076926522528e-01 -7.613189161025031293e-01 1.478235565571071319e+01
7.029816750581044783e-05 -3.267018764088715499e-01 3.343398751997557761e-01 5.163776361828269212e-02 7.350072490097766531e-01 8.885281309878008127e-01 8.670144578248657474e-01 4.118982310112068168e-02 -1.184871091378035812e+00 1.480941260399050385e+01
6.900745286187026238e-05 -3.265991171655697189e-01 3.851381879366172489e-01 3.827595616109652488e-02 6.715818316391028997e-01 8.059911520091023185e-01 8.792333964557954573e-01 6.557041274464219249e-01 -7.848021455560015847e-01 1.464571628770352163e+01
6.862725790219279844e-05 -3.259509875905737819e-01 3.838299120785518825e-01 4.492251200341386419e-02 6.498681670141944755e-01 9.122793656371639415e-01 8.081951634803353768e-01 7.090333257887964091e-01 -8.051705762026585278e-01 1.486549741981551342e+01
6.738354179566984005e-05 -3.258346565026130626e-01 3.426877271497168476e-01 4.458131765667481400e-02 6.664434515263745196e-01 8.747244689206002954e-01 8.601896670155124713e-01 1.823523155400555984e-01 -7.415311438059921656e-01 1.465221827643956054e+01
6.701321788782126033e-05 -3.252480147776719011e-01 3.341718116396157345e-01 5.734979383348498549e-02 7.260779813516470282e-01 9.048393488582590072e-01 8.407135942880760160e-01 3.653007274530047366e-01 -9.453414222953664403e-01 1.469572115362697495e+01
6.662552044363733036e-05 -3.249526416510239990e-01 3.185738853546172811e-01 5.962045834023153856e-02 7.635721539647170042e-01 9.314429465095988014e-01 8.267502410289940817e-01 2.121967794791527750e-01 -1.082294740323390236e+00 1.476331514759408847e+01
6.631705374680120805e-05 -3.234956896344295951e-01 3.131094542200990594e-01 5.839209464198993199e-02 7.908929618056148581e-01 9.444349054007321609e-01 8.132942858306100309e-01 2.808004370003332473e-01 -1.205123284329486788e+00 1.489519335922424048e+01
6.594049593787772851e-05 -3.230924550291827679e-01 3.175370972063870090e-01 4.405131689609683571e-02 5.855107497120289883e-01 1.105090534869416885e+00 7.235458596048637281e-01 6.272848903099781381e-01 -8.201235146468857096e-01 1.496609507682792106e+01
6.558066699439994349e-05 -3.224667106532987937e-01 3.072411815985657269e-01 4.188162100596418136e-02 6.128495532511916144e-01 1.033963480530851520e+00 7.732980809437501879e-01 2.034601807347820035e-01 -8.270230545289811719e-01 1.491694022937508279e+01
6.520276477736347098e-05 -3.221482191465043221e-01 3.761238319395988627e-01 3.772672977279743767e-02 6.604470489260220178e-01 8.462708901766482494e-01 8.821604765284241090e-01 5.556477847048730823e-01 -1.147264641676807972e+00 1.477057347637093265e+01
6.482056364640543438e-05 -3.219296375264653065e-01 3.312534412290070174e-01 4.342937308507222038e-02 7.065220082220350362e-01 9.343303707302517136e-01 8.261446124121178958e-01 6.817576808074403694e-01 -9.999301119852356257e-01 1.476400492978368284e+01
6.365380810172480011e-05 -3.219111524558246340e-01 3.135584421689512347e-01 4.886994219369695386e-02 6.550913775123048399e-01 9.982928945680727972e-01 7.909822497184844092e-01 2.454884491104581956e-01 -7.341350646102431377e-01 1.478190189801944499e+01
6.328349871906930756e-05 -3.217215966388747295e-01 2.925647062486407268e-01 4.127702040215745771e-02 5.899399530888573828e-01 1.148999545442751291e+00 7.161945515266640028e-01 5.958726198720740719e-01 -9.533630475026295681e-01 1.503331873923309203e+01
6.290622424764491863e-05 -3.216769982133207972e-01 2.861274283121285622e-01 5.200665901570063199e-02 6.051379139178556521e-01 1.081288105204765815e+00 7.866726936458035002e-01 1.131323217558498628e-01 -1.074117465964242291e+00 1.485674249637294864e+01
6.253927072539157298e-05 -3.215033242600606189e-01 3.128294814458736361e-01 6.158571425468037375e-02 7.467095226975013489e-01 9.697867837426343840e-01 7.936516776172733989e-01 1.091931166603402059e-01 -1.069534394584122250e+00 1.491523881238463112e+01
6.229559345442739048e-05 -3.193832266822209109e-01 3.439327427433565010e-01 5.255290784491581380e-02 7.276859605392003161e-01 8.599731826340001328e-01 8.950609009851324682e-01 5.568058114252832924e-02 -1.207166457176284124e+00 1.469260302840306665e+01
6.120494770531458007e-05 -3.190814222938120892e-01 3.614871887190516109e-01 4.215593037460281522e-02 6.339850625671555884e-01 8.671380267122289487e-01 8.579260582267667079e-01 1.658564113754036340e-01 -7.968115320736827156e-01 1.470329768894699995e+01
6.086660690211752664e-05 -3.186723748506677389e-01 3.777043629039531503e-01 3.836143436632013376e-02 6.096009273051204991e-01 9.154191577481715081e-01 8.359048228893787291e-01 3.657678990492902460e-01 -8.509711828905150988e-01 1.482848331294854916e+01
6.055470952135046911e-05 -3.178574454752725043e-01 3.287930189684277194e-01 5.102217717765904909e-02 7.576301001208137764e-01 8.955087415364704206e-01 8.260351408460028244e-01 3.695949631690739201e-01 -1.002055036138453481e+00 1.478891935857916984e+01
6.020145001455050755e-05 -3.177558719001236098e-01 3.343829323364067574e-01 5.932271158195898120e-02 7.584541472889468894e-01 9.302067865666872049e-01 8.067695168251892701e-01 5.191291382070282179e-01 -8.055919052615648779e-01 1.474131251778983476e+01
5.986703427269039984e-05 -3.173739219993203520e-01 3.235944639593666960e-01 3.670330579825265005e-02 6.322832245745009239e-01 9.800930232350890670e-01 7.917155649608152990e-01 5.170510665141352380e-01 -8.373432334469084193e-01 1.483238816769102897e+01
5.953412770254123254e-05 -3.169978256874574352e-01 3.352999968623830984e-01 3.700932682004690749e-02 6.539100967544898557e-01 8.987330472109049673e-01 8.409831892034007605e-01 2.672342355845300221e-01 -8.176698810810747453e-01 1.473698761257160683e+01
5.921861170629453273e-05 -3.163592882767204961e-01 3.823189124156327612e-01 3.655955592051670505e-02 6.589448362157356298e-01 8.429130915331747298e-01 8.579686801009340780e-01 7.892443553080947805e-01 -8.086636038184837894e-01 1.468042782211748154e+01
5.899941346356537571e-05 -3.141152841749325630e-01 3.787593485452628306e-01 3.776263484062981901e-02 6.353661174619087415e-01 8.947751329499510353e-01 8.214311067224688845e-01 6.107047829557995522e-01 -8.800922429515929402e-01 1.485584736086535429e+01
5.866189804645071364e-05 -3.138999860161138522e-01 3.810779765103132766e-01 4.696352176965928882e-02 6.933075160494053257e-01 8.314998325158433623e-01 8.776727181795738186e-01 1.974327883923029658e-01 -8.617960054452505902e-01 1.474448743247772597e+01
5.765232905158576635e-05 -3.135079009047496146e-01 3.400136452681036259e-01 4.088655570952558216e-02 6.208310852871876673e-01 9.485762260579574390e-01 8.362718184392938792e-01 2.126198889491553168e-01 -1.159556627724818156e+00 1.489996526641843211e+01
5.738314478688327747e-05 -3.123055783410135788e-01 3.747070199400667212e-01 3.863194248510278678e-02 6.399461296784647590e-01 9.026862372367366882e-01 8.381521195113520450e-01 5.557242776053469280e-01 -9.447050015458888783e-01 1.481586448428382141e+01
5.708507233334415490e-05 -3.116311885314941299e-01 3.657241291502075775e-01 4.139505149929731398e-02 6.086028989701213199e-01 9.599283783088405908e-01 8.055879939300665260e-01 7.352550967014639394e-01 -1.072774694150870678e+00 1.487559562293654736e+01
5.610475761777729433e-05 -3.114089995094909691e-01 3.580209027316115789e-01 4.644085140785067511e-02 7.262231318461561669e-01 8.648646967652529050e-01 8.259088475548475028e-01 4.744204150961418565e-01 -8.826305436290275974e-01 1.482041467960686987e+01
5.580827768515734405e-05 -3.108934569776476975e-01 2.932713646713007716e-01 5.462827024977609525e-02 6.706442951903672789e-01 1.051368613896891624e+00 7.848772384176448957e-01 3.586688156630257751e-02 -1.021344904634331252e+00 1.491178728224060457e+01
5.550183905053903170e-05 -3.105855512374056659e-01 3.463205453323533467e-01 4.122328881448299176e-02 7.269612028241789758e-01 8.772810034893318010e-01 8.492410227414981527e-01 6.027261981609747243e-01 -9.113874962806340907e-01 1.473234295553954531e+01
5.523344249701621296e-05 -3.096191418262604911e-01 3.551827248373018442e-01 4.379124218426813653e-02 6.526728819495577483e-01 9.304036375081201626e-01 8.189846911567693066e-01 8.563216211030313385e-01 -9.298307270239889455e-01 1.476821275461345984e+01
5.428997845076315534e-05 -3.095067084541884839e-01 3.871716820196332565e-01 4.844347135057282261e-02 6.950540769517953299e-01 8.396218892638291909e-01 8.653453465544647116e-01 6.424162479312200968e-01 -8.974421084511908786e-01 1.471700017238580038e+01
5.400223254631228702e-05 -3.090738438465105986e-01 3.377394188218219573e-01 5.597121635115645533e-02 8.132094227862927127e-01 8.492575831438704537e-01 8.637066076840058670e-01 4.477212130022676373e-01 -1.237110239048303528e+00 1.476766830892703730e+01
5.370504817022798060e-05 -3.088451025787941062e-01 2.819387856413321791e-01 4.519423659668697635e-02 5.908445185723751880e-01 1.089994166684103094e+00 7.813964850180009636e-01 1.651948999976725063e-01 -9.273650828624298015e-01 1.481191088147685520e+01
5.339896511713730344e-05 -3.088136141833627279e-01 2.857383408473965769e-01 4.134951772458319436e-02 5.775485583958774871e-01 1.113165515955420348e+00 7.620275964738590924e-01 2.247867991425211986e-01 -1.183930880463403001e+00 1.501255706487290631e+01
5.310167839656574869e-05 -3.086493177261112053e-01 3.715162007027428270e-01 4.957627028604445762e-02 7.280961733847122197e-01 8.096875054249685899e-01 8.680204664260740000e-01 4.878973125964972679e-01 -8.681263969840129491e-01 1.467420217510196068e+01
5.285096899893240767e-05 -3.076346802211818443e-01 3.503826377759243771e-01 3.958642539289636969e-02 6.869526126681499978e-01 9.158752936876373152e-01 8.230306797148728704e-01 7.703195634568938965e-01 -1.043158173119538290e+00 1.486322209194741184e+01
5.256326848525829537e-05 -3.073460427870030043e-01 3.507204204281628712e-01 4.165739347689247085e-02 6.259691809795935313e-01 9.157935454465691016e-01 8.629360396072602857e-01 2.310264793171297182e-01 -1.166465479412785999e+00 1.478304349754644775e+01
5.226345898171256524e-05 -3.073190285441713687e-01 3.724688658375495676e-01 4.064996543526139955e-02 7.326073120553487916e-01 8.086961021055270038e-01 8.826263657491589809e-01 5.864558466898790456e-01 -1.001915733834124911e+00 1.471257422711034479e+01
5.201704029500188670e-05 -3.062979850679446447e-01 3.563222679281886629e-01 4.779192199472187541e-02 6.437064818617144191e-01 9.660934023962921557e-01 7.936396694574441302e-01 3.981861717695498459e-01 -9.320860304922403694e-01 1.494021237886453690e+01
5.177419882506050359e-05 -3.052302885161163881e-01 2.784502706726238452e-01 3.957264812777804008e-02 5.728733372891650077e-01 1.129441968169343280e+00 7.619778811666306773e-01 1.504695310176650258e-01 -8.437056856884389555e-01 1.492598637804201900e+01
5.154313222654526916e-05 -3.039561189669313102e-01 3.454943744549601181e-01 4.095991265881179094e-02 6.178031592865256272e-01 9.382414545545625373e-01 8.396289457580033977e-01 3.181544949947243128e-01 -1.239130237998668393e+00 1.486926384427280645e+01
5.129795922788118063e-05 -3.029769983860596261e-01 2.919697339202224073e-01 5.312129458910916369e-02 6.624351417265583741e-01 1.063520798995150951e+00 7.743282412524722380e-01 3.933349397024102356e-01 -1.126498262164914221e+00 1.488916429748455528e+01
5.100574854178551213e-05 -3.029424993238988839e-01 3.631143232269266052e-01 5.809726628392425374e-02 8.366464529888386625e-01 8.102756489390060546e-01 8.473765680974595371e-01 4.373772270355911207e-01 -1.000825366727481791e+00 1.483344537366634519e+01
5.016504475030930497e-05 -3.024191785291344692e-01 3.086610280580795451e-01 4.895368876396594127e-02 6.828885041333638828e-01 9.560359001467992890e-01 8.259173344388287541e-01 6.927077150762100954e-02 -8.919095282429019278e-01 1.474369155657968555e+01
4.999110063847108396e-05 -3.002108224309143480e-01 3.343530612793393919e-01 4.967961648906762950e-02 6.437963160300239629e-01 9.812626274340621180e-01 8.073780472127308760e-01 6.795534247420433882e-01 -9.891199489202893158e-01 1.475870788998814298e+01
4.915637897951734579e-05 -3.000997174970148063e-01 3.291389333519716409e-01 3.728317051647597052e-02 5.863245722001818594e-01 9.894883387333142100e-01 8.061913199479358028e-01 3.031729245660580441e-01 -1.039886200190367482e+00 1.490361889706234244e+01
4.898100253238875872e-05 -2.980558445785699284e-01 3.033958076790324587e-01 5.691916825478494923e-02 7.014698285443558001e-01 9.890090085943294973e-01 8.104403830454579571e-01 1.197413012833806745e-01 -1.170024998140514860e+00 1.482259324614759777e+01
4.870765716629617292e-05 -2.980341374942891974e-01 3.334196834639986950e-01 5.585082416089529739e-02 8.407293751110352931e-01 8.905447951258000927e-01 8.158392233582000275e-01 7.906076433114115343e-01 -1.155861675627547935e+00 1.484919516972121833e+01
4.843628903154577597e-05 -2.980031028739832943e-01 3.283829656756156457e-01 5.211739749585762860e-02 6.708219155702431769e-01 1.029549168989785546e+00 7.751595855666691959e-01 8.133370482287264336e-01 -1.040718600565397001e+00 1.486485350026718066e+01
4.821557090295801052e-05 -2.969524148408183017e-01 3.769121967006759943e-01 3.914404413791418985e-02 6.886333459112475852e-01 8.324131480049483667e-01 8.565958512722144924e-01 7.734555299030659858e-01 -8.884269725622706559e-01 1.472040688691000376e+01
4.794871444288120754e-05 -2.968844633771920982e-01 3.292830736881380282e-01 5.204330909433556307e-02 8.048762488768753665e-01 9.044577835191884851e-01 8.194902524991382053e-01 8.686046071017776704e-01 -9.498861261874234074e-01 1.474111795440290429e+01
4.720263257315931977e-05 -2.958066918872218065e-01 3.623607752103484847e-01 5.250180457172420878e-02 8.106249307100354962e-01 8.248496564168982248e-01 8.457329253557110960e-01 5.756214315366671164e-01 -8.629411981767149964e-01 1.477030216566354071e+01
4.698987202726568452e-05 -2.947687125154506149e-01 3.670646531526189360e-01 3.853386925026907467e-02 6.509566259806872646e-01 9.033278234359027881e-01 8.527377103994474572e-01 6.950807132329969162e-01 -1.285164049871539982e+00 1.485385826924379060e+01
4.673186928419566856e-05 -2.947188889532978417e-01 3.334890460325669048e-01 4.777944885397467784e-02 7.428676177797319813e-01 9.295441278905737237e-01 8.189433498317473248e-01 9.032757217217941559e-01 -1.194438536213965785e+00 1.480832640932773714e+01
4.647485094244547036e-05 -2.946783647725508826e-01 3.164710783281976525e-01 5.226955753312732822e-02 7.235950769236454416e-01 9.615463425301578049e-01 8.053186602223070256e-01 6.808808381573706603e-01 -9.326948542880573179e-01 1.472290216532035600e+01
4.622897047877601404e-05 -2.944274673524860941e-01 3.271026854268382911e-01 5.049287569568931128e-02 7.503255295796891211e-01 9.073386104763500049e-01 8.365730438497744892e-01 7.626618224507406563e-01 -9.855374634466556039e-01 1.465966177982155294e+01
4.599481320375422715e-05 -2.939499463091748699e-01 3.250754844659776710e-01 4.540894851860412945e-02 6.796002756253699539e-01 9.080519413260806916e-01 8.486650713740450103e-01 1.925753937260047954e-01 -8.383277617741193843e-01 1.466335601409066491e+01
4.578329789083864968e-05 -2.930036747075358550e-01 3.049795238715965473e-01 4.375887820576330328e-02 6.202066499909344444e-01 1.045374556454050419e+00 7.622509139071436124e-01 4.267996064920692167e-01 -8.641542904395580482e-01 1.486591415318449450e+01
4.560353993525444893e-05 -2.913821252231827419e-01 3.370583892288701033e-01 4.832380061602012389e-02 6.520241989780135583e-01 9.963620878786806356e-01 7.782093721971760081e-01 4.805805926459503219e-01 -1.043617255903448449e+00 1.496572782766889809e+01
4.535453184114803915e-05 -2.913018114205009890e-01 3.241836598603651809e-01 4.965093507781954962e-02 6.558055928875451412e-01 9.520783205081290168e-01 8.227522878348434432e-01 1.082969926610772293e-01 -1.015883705389495795e+00 1.483050637831197704e+01
4.511099513426713141e-05 -2.911303464314865530e-01 3.463318805409187906e-01 5.666038645921095407e-02 7.893081587205302840e-01 8.576137915660173583e-01 8.698154451083994765e-01 5.335527548301713940e-01 -1.288469045541974056e+00 1.473165753089887353e+01
4.488259650866618038e-05 -2.906506882107729450e-01 3.603667059371661319e-01 5.431514478079497998e-02 6.746160667352786300e-01 8.761148054568335120e-01 8.658238846992794002e-01 1.853205966579804520e-01 -1.025453870067543072e+00 1.473366526995758896e+01
4.464191523103303190e-05 -2.904720255936210083e-01 3.148416034044638767e-01 4.235594552116563744e-02 6.067419532115372327e-01 1.055095610837747611e+00 7.624268117657188037e-01 5.870256724440443552e-01 -7.710499110599408068e-01 1.483295306299794447e+01
4.439962745633855456e-05 -2.903586123317952183e-01 3.207826758535557987e-01 6.308310242328922512e-02 8.365038333944309068e-01 9.221996040776029302e-01 7.992234701370680705e-01 6.206596599497309352e-01 -1.162329264588399580e+00 1.487559469046506599e+01
4.418217573960530714e-05 -2.897126916151076537e-01 3.238792538031198820e-01 5.229980803411249379e-02 7.292175608208466553e-01 9.215723653123717440e-01 8.333322875244330019e-01 2.224330593343371021e-02 -9.517738986992179129e-01 1.477630780764330964e+01
4.394521197620035978e-05 -2.895349043251743693e-01 3.360010313103467539e-01 4.815033469718822678e-02 7.685143681665669302e-01 9.004552952903848162e-01 8.328632985686595935e-01 6.795622780714337674e-01 -1.160635380629150948e+00 1.481714736280711264e+01
4.370855436849157801e-05 -2.893791893611057375e-01 3.639180784955404757e-01 4.236018075311448472e-02 6.933974236591358142e-01 8.845053721071886033e-01 8.293606277041715158e-01 7.460553693063771696e-01 -7.194808460153130358e-01 1.474177563289614490e+01
4.350174783390978363e-05 -2.885663515122195988e-01 3.400913185682324369e-01 5.502203886018470352e-02 8.388152869241806142e-01 8.443124563471647859e-01 8.400049240352118751e-01 8.176928086000398999e-01 -8.001903662086137237e-01 1.465090454063190073e+01
4.329445253762721980e-05 -2.877874034471340492e-01 3.504880385559266953e-01 4.097759940041490606e-02 7.333240483542377008e-01 8.755177572227799132e-01 8.315820392487248691e-01 6.565715801392960627e-01 -9.347751390602587751e-01 1.480345660851028455e+01
4.306411045171794832e-05 -2.875664116958752126e-01 3.692741982733459549e-01 4.242966321502707194e-02 6.358347006728948259e-01 8.743826843006337057e-01 8.633994924850529884e-01 5.865797051254699745e-01 -8.144174297775730320e-01 1.463127605579534141e+01
4.285081760039930750e-05 -2.869760768383753380e-01 3.472905711694832531e-01 5.329094953648585986e-02 8.034367208387753756e-01 8.634251165722758303e-01 8.467573913800306995e-01 5.878944287484808573e-01 -1.144411292594644580e+00 1.479342711877865923e+01
4.261676540254350339e-05 -2.868975167637555224e-01 3.601581170701413370e-01 4.582483136076190289e-02 6.509026924483688470e-01 9.130440948188626171e-01 8.371665017779111873e-01 2.593781178881839899e-01 -1.049340643659904648e+00 1.484355570518705925e+01
4.245238884057946506e-05 -2.852065057191377484e-01 3.325467477126218818e-01 5.007967708152787079e-02 6.852070584676879239e-01 9.428394667579051980e-01 8.114149744514941309e-01 2.380633714375636478e-01 -7.971419904280480084e-01 1.480571462256465765e+01
4.221880380494769303e-05 -2.851684259640274166e-01 3.544744952374329072e-01 5.687879120801649091e-02 7.689399544723236612e-01 8.499182100140472151e-01 8.644933414109603476e-01 3.610412269400320451e-02 -1.065006519092263071e+00 1.480897908229488458e+01
4.198788690700256819e-05 -2.850974102906975172e-01 3.744745354404509508e-01 4.399118876612619772e-02 7.315395681987759691e-01 8.447897145979379463e-01 8.531921034684499805e-01 9.056525008007951794e-01 -7.134918749261599524e-01 1.464698990506260756e+01
4.176427143149254574e-05 -2.848818008645915278e-01 3.480497597554798039e-01 4.908555859946021199e-02 7.731537733600482021e-01 8.424571571875049125e-01 8.595209334811091395e-01 3.947855475134006698e-01 -8.156820288876620584e-01 1.466624525251384803e+01
4.155554168644431397e-05 -2.843365825599396546e-01 3.257029772276395230e-01 5.876246517703402616e-02 8.455087412139398184e-01 8.606295948575690691e-01 8.389302725437757235e-01 3.806479774771465152e-01 -9.861838571944152587e-01 1.476002065838048161e+01
4.133597144305882406e-05 -2.840788131984977039e-01 3.449796338838634346e-01 4.847486844784412718e-02 6.018559452731002679e-01 9.736956568139237822e-01 8.250348093274066930e-01 3.985854151320458727e-01 -1.084009900015055816e+00 1.479187180083165387e+01
4.111373914078479637e-05 -2.839140064733703950e-01 3.448119699145913430e-01 3.765556271250011106e-02 5.959133565128033050e-01 9.648709655242149186e-01 8.172455564504770287e-01 6.266760473872297066e-01 -1.078900288541316366e+00 1.482332661337272839e+01
4.090930754962132659e-05 -2.833431966134785096e-01 3.240943067089125940e-01 5.658362473630154654e-02 7.938028519194140209e-01 9.427721728155206149e-01 7.996534788975673269e-01 7.406797159847903211e-01 -1.105090157398571415e+00 1.482996953319739575e+01
4.068274678087806993e-05 -2.833411561125950828e-01 2.949659207567009167e-01 4.456717491857992153e-02 5.908586418183293665e-01 1.066420380174567306e+00 7.712938526674396611e-01 3.687189544035168742e-02 -7.630001425635527523e-01 1.485076646302334247e+01
4.049481352829106736e-05 -2.824157862296211019e-01 3.671063305743055283e-01 4.013099952345791643e-02 6.637704487649920271e-01 8.293359812468399372e-01 8.904427673594124126e-01 1.382488882083079962e-01 -9.525983766102392725e-01 1.472807065707071672e+01
4.027300655056638288e-05 -2.823527036692968228e-01 3.203384593953730874e-01 5.829096757948615259e-02 8.052007437241068821e-01 9.483615406829831729e-01 7.798727337715906094e-01 5.729277046677342389e-01 -8.797291508898978929e-01 1.487761453216714713e+01
4.006630698466240044e-05 -2.819428236962270296e-01 3.340469083310803056e-01 5.580004413217554832e-02 7.337834843382207151e-01 8.960599623366340971e-01 8.638808803360096267e-01 3.346740397762110741e-01 -1.206403161960349024e+00 1.469122074629666841e+01
3.984674129107537575e-05 -2.818823969295927712e-01 3.159890190773125274e-01 4.388845429944666920e-02 5.815404542695505885e-01 1.009779195277187291e+00 8.346457647178026074e-01 7.886994783841000389e-02 -1.050447804571970734e+00 1.479352760594982996e+01
3.963010966898934906e-05 -2.817782943685429031e-01 3.493397665887659209e-01 4.266351873233492631e-02 6.042451124727653555e-01 1.020738318716329918e+00 7.717038837686894803e-01 7.482429189779084000e-01 -8.851959346324621558e-01 1.488662110995441701e+01
3.941768488286010645e-05 -2.815973428403782397e-01 3.654694536185948417e-01 3.980164815268446427e-02 6.071757380427821316e-01 9.213890672500791856e-01 8.450960283200390499e-01 3.539651569288347899e-01 -9.422199589045419099e-01 1.477546002457017593e+01
3.920802673230051086e-05 -2.813748683640987513e-01 3.582576105832941948e-01 5.467833794596362040e-02 7.920713770035038293e-01 8.535549988782176190e-01 8.230618583105129282e-01 7.968234017339749231e-01 -8.650342401494484079e-01 1.476417057833731583e+01
3.900000604696684771e-05 -2.811390010427893826e-01 2.980942637495964664e-01 4.352938841397283043e-02 5.931821784624226046e-01 1.142476568528930869e+00 7.361015610288443867e-01 6.803026724350049737e-01 -1.091960746013629135e+00 1.497480939051650495e+01
3.880151604397588541e-05 -2.806859275030645362e-01 3.136958860388910919e-01 5.972784820740892342e-02 7.791645484797697918e-01 9.503232782056041383e-01 8.065578695610489124e-01 2.389895093103355517e-01 -1.092322068029619508e+00 1.488394496718044913e+01
3.860726559906014517e-05 -2.801492043986879565e-01 3.225363748920743179e-01 5.678193794866494282e-02 7.211788457841832312e-01 9.815020916923717920e-01 7.769167044913156683e-01 6.239648632885368418e-01 -8.251921875600716216e-01 1.480093298956690617e+01
3.844577298318433930e-05 -2.787853810657055509e-01 3.545692870453104328e-01 5.517917625866349679e-02 8.132438105702390896e-01 8.277292402093081591e-01 8.475666710155767003e-01 8.668350054203326494e-01 -9.045607900096195308e-01 1.468290780942781382e+01
3.826264401913327039e-05 -2.780045117601397386e-01 3.896815998263511993e-01 4.685759513099924806e-02 7.411925118098591225e-01 8.188055802509401904e-01 8.501948825457179559e-01 8.303958215823867839e-01 -7.167000575944202367e-01 1.472191116249320153e+01
3.805550135933004943e-05 -2.778773682144188295e-01 2.852912706320669955e-01 3.605174591331376105e-02 5.689893417784852581e-01 1.149165030580380442e+00 7.444415620399075229e-01 3.728103327965932579e-01 -1.022900783828397442e+00 1.503684349245028784e+01
3.785485655321374721e-05 -2.776081867163110450e-01 3.468605214388794655e-01 4.751181658370344507e-02 6.267934826600205511e-01 9.991601111803771751e-01 8.060414546795469093e-01 8.253207790516905451e-01 -1.246529361078333897e+00 1.483490065241461231e+01
3.764532076123398993e-05 -2.776032493819228786e-01 3.550315412534422732e-01 4.254691819422515980e-02 6.990685627635097044e-01 8.747065454752782632e-01 8.660700273587483844e-01 6.524158439727552050e-01 -1.170249057128837311e+00 1.476276923223338500e+01
3.744994838963912662e-05 -2.772510259299012514e-01 3.671872984872392998e-01 3.782902261659426557e-02 5.946421802871407758e-01 9.086940374870354775e-01 8.388604878613526994e-01 2.786817462050721339e-01 -7.309078891506971543e-01 1.472606190882365951e+01
3.726345813423975848e-05 -2.766876304532311370e-01 3.155712901562309214e-01 5.077491632203370853e-02 6.141545828516472572e-01 1.005143253704308126e+00 8.044381182409302555e-01 6.738303705481224481e-02 -7.362130293200235265e-01 1.472879306515837428e+01
3.705998370150116159e-05 -2.766074655969740226e-01 3.936502791519751465e-01 4.013718864276306919e-02 6.919955347052875183e-01 8.275664965132445428e-01 8.413727504352878084e-01 6.692150817992531531e-01 -7.420316415236500873e-01 1.479114368648698452e+01
3.685815011914155589e-05 -2.765129268049363875e-01 2.854147724559903399e-01 5.183744276881120661e-02 6.355324878184034354e-01 1.096623279564801434e+00 7.665775169984461179e-01 2.258895192008661401e-01 -1.069475778985745196e+00 1.493250626898738531e+01
3.665883843074250429e-05 -2.763795785690606466e-01 3.826665196349869902e-01 4.580923990721966210e-02 7.204129167811444967e-01 8.341548689606770317e-01 8.606853011945292398e-01 6.681549720464852182e-01 -1.061186724111870872e+00 1.478276205844771063e+01
3.646296994993675222e-05 -2.761813563074105304e-01 3.150458892640354280e-01 5.787813211557561732e-02 7.380409778931807940e-01 1.007404435767899731e+00 7.826714125536790023e-01 5.349078408835036269e-01 -1.212712034719798826e+00 1.493818570231874610e+01
3.626259626024529257e-05 -2.761362204613829752e-01 3.501273208470329079e-01 5.094284607902996309e-02 7.604371907790468121e-01 8.778270769245535288e-01 8.500087334654493620e-01 4.740599822818497566e-01 -1.211794803336177839e+00 1.483505520848175685e+01
3.608319293814085308e-05 -2.755402815424262131e-01 3.583504466953676415e-01 4.481134430196866830e-02 7.241168565415144753e-01 8.640500139485391973e-01 8.558887197624882592e-01 7.195662431238356582e-01 -1.267725669466527538e+00 1.479887509994093620e+01
3.588950681254943529e-05 -2.753669499086014438e-01 3.428236671418061210e-01 3.902323140147903602e-02 6.265933472425391226e-01 9.105972097451524583e-01 8.419122816787876218e-01 3.067785426265442483e-01 -9.429816047359130815e-01 1.475554726771543201e+01
3.569615982917169906e-05 -2.752132425889492473e-01 3.445891295897450801e-01 5.581282148244286895e-02 7.458058623631267370e-01 9.234529202502607115e-01 8.093822726349687580e-01 7.214053850653060485e-01 -1.040572644280127967e+00 1.479927233915758755e+01
3.550862013957862461e-05 -2.749253143844742620e-01 3.813024417380450615e-01 5.383423554969082869e-02 7.599646670696100781e-01 8.332472204911919311e-01 8.572306436265224594e-01 8.264738122091240813e-01 -1.208345106479062014e+00 1.480604089575947668e+01
3.533135451491875481e-05 -2.743744470863767049e-01 3.069174060048632802e-01 3.986323784632093969e-02 5.837557242460360563e-01 1.091420157278114145e+00 7.704045893758373342e-01 2.668364158532573471e-01 -1.021411270886664058e+00 1.501423301611298555e+01
3.515196122838009783e-05 -2.739092784406046976e-01 3.236651465180544474e-01 6.036197219436149897e-02 8.683648690436029938e-01 8.812921156667546940e-01 8.275725055293257082e-01 6.550766954547025955e-01 -1.125310948977637171e+00 1.477711227604655342e+01
3.495987297965864264e-05 -2.738332180803934035e-01 3.714548354447907430e-01 3.282164612192631226e-02 6.372759846133231321e-01 9.069431877359586114e-01 8.398425658334964794e-01 7.951999549462263062e-01 -1.023082451079494026e+00 1.482212254506339555e+01
3.483252814249500990e-05 -2.719269130574849536e-01 3.221274497682151683e-01 4.570817314024073347e-02 5.823906684031286973e-01 1.048475162047779685e+00 7.892997478561463165e-01 2.544197353670200057e-01 -8.644926192582811364e-01 1.484298170977405107e+01
3.464118645658364852e-05 -2.718796902812655736e-01 3.926784176688581374e-01 3.698225629512735813e-02 6.601015637832785554e-01 8.405848790347638655e-01 8.592240055846047664e-01 5.444814944044997773e-01 -8.661855003366141226e-01 1.480525262011088650e+01
3.445052794307003623e-05 -2.718431466395656582e-01 3.175769829944923295e-01 4.555346039201541020e-02 6.729656121461216056e-01 9.577839899137299273e-01 8.277367576893355228e-01 1.275764764325257317e-01 -1.037463011030085980e+00 1.481209044824377052e+01
3.426484809908588260e-05 -2.716919214276568018e-01 3.731180231417443594e-01 4.353391438793331736e-02 6.793216591471201715e-01 8.816415282889578098e-01 8.469047482207789912e-01 4.877656410017975341e-01 -1.205407526696003595e+00 1.489887156325050377e+01
3.408079924139500956e-05 -2.715222041733969527e-01 3.362015454194440256e-01 6.000345268367707902e-02 8.482432257942899012e-01 8.444768507448651151e-01 8.547553782499432984e-01 1.996423368886400818e-01 -1.244719615024903359e+00 1.485768365140138414e+01
3.390670351736309600e-05 -2.710880635101539093e-01 3.467056719833422340e-01 4.247735276863721238e-02 5.988144063130601547e-01 1.009872432868776926e+00 8.015725905254804662e-01 6.255547459759520645e-01 -1.277632788375821615e+00 1.493364209380948004e+01
3.373850471691054639e-05 -2.705054883468532845e-01 3.642790902677405240e-01 4.838230491413722523e-02 6.228503467606967270e-01 9.536057591371143172e-01 8.028911268471228269e-01 6.732763667810046648e-01 -9.625333258105462919e-01 1.482709448709202071e+01
3.355470613974158696e-05 -2.704125651097779581e-01 3.309554689409711092e-01 4.508500885236373101e-02 6.151747779487739543e-01 9.366819910791774895e-01 8.629017766284454716e-01 6.969954997543903463e-02 -9.934050033605992258e-01 1.471602154259810114e+01
3.337795737346663878e-05 -2.701384123204727539e-01 3.701219693780698483e-01 5.470414250033853870e-02 7.869327696865893174e-01 8.177148068540547321e-01 8.466982329275736241e-01 6.956946379366448774e-01 -7.469135836807067053e-01 1.467358272287994403e+01
3.319839453731493749e-05 -2.699770625572071037e-01 3.175531525672146138e-01 6.409503771806805694e-02 8.536682971410778364e-01 9.284772495453130770e-01 8.033162974715287730e-01 6.478733313032126739e-01 -1.259923518833866440e+00 1.489627457013381040e+01
3.302793022792679278e-05 -2.695694504049113704e-01 2.951845573855718663e-01 4.887789780285280855e-02 6.554517186408621576e-01 1.039713316616324157e+00 7.853245160314188400e-01 3.062257248862857439e-01 -1.052395719849648970e+00 1.484814359979706389e+01
3.284773702092670298e-05 -2.694846145836286011e-01 3.558425221727209431e-01 4.375607938290152626e-02 7.844624495581683510e-01 8.123989956865111939e-01 8.604723756512048238e-01 8.446837877898545344e-01 -8.080729502685872756e-01 1.465650972367444638e+01
3.270053320599994421e-05 -2.684205295697882909e-01 3.416632308536030616e-01 4.622172724840008934e-02 6.355457046677178701e-01 9.469351332154506418e-01 8.516751227750158915e-01 2.110431185131642073e-01 -1.239062007660073572e+00 1.483752011875305854e+01
3.253800970859047097e-05 -2.678474223144565736e-01 3.657837154360952248e-01 5.393419580215110670e-02 7.277505177353132959e-01 8.103694201908422379e-01 9.076843911797504161e-01 2.512465260628760078e-02 -1.090465209162473137e+00 1.469674242534447473e+01
3.236609874575245495e-05 -2.675892622228020490e-01 3.351381122252163891e-01 5.314706365793070431e-02 8.010671233117179213e-01 8.873185781628174507e-01 8.341330060290773618e-01 4.139959578577560584e-01 -1.299629883659714658e+00 1.489055631277160785e+01
3.221597775885736120e-05 -2.666827134940255029e-01 3.385550254814102544e-01 4.630023674282853635e-02 6.720280552812616381e-01 9.728492940420316870e-01 8.039357202746614250e-01 7.221264793130639514e-01 -1.135421705704659612e+00 1.489709106935545613e+01
3.205638229468854691e-05 -2.660933920101821726e-01 3.247979992428987606e-01 4.420903883985331101e-02 5.859826553143732131e-01 1.037705683745181684e+00 7.985298655133105106e-01 1.573969013038091780e-01 -1.125166210805262468e+00 1.497868715788092153e+01
3.188317402683357905e-05 -2.659557248951717190e-01 3.310070016641520341e-01 4.938806342673729421e-02 6.842259523941385257e-01 9.144348240958465324e-01 8.518938512533720253e-01 2.241114955753658322e-01 -1.039598282557971709e+00 1.474375933878907752e+01
3.172326718309935619e-05 -2.654281878099360448e-01 3.608278481011127914e-01 4.824718008314519968e-02 7.632952409949795847e-01 8.070316540286034401e-01 8.752433455824095709e-01 3.716622024110124434e-01 -7.034426675699656517e-01 1.460467859256658940e+01
3.159970379790866490e-05 -2.637752773800111084e-01 3.380851896250816613e-01 6.112445880992928987e-02 7.913492327415494465e-01 8.791114399974456761e-01 8.294457951720930478e-01 1.840915602175835775e-01 -8.411035475863120059e-01 1.474610647750948189e+01
3.144302798810599749e-05 -2.631901959117315948e-01 3.441927518819939413e-01 5.409080866122645270e-02 7.574106135235050274e-01 8.777639158261300034e-01 8.628446669639908695e-01 2.068700235443255431e-01 -1.213863305570735962e+00 1.480024954251934943e+01
3.127237849003812697e-05 -2.630766817559239690e-01 3.409703222021913671e-01 6.130586124916303364e-02 7.960726340048364102e-01 8.680233399938359629e-01 8.555848597534856381e-01 2.330452815758065344e-01 -1.220603338529853588e+00 1.478596125821336749e+01
3.110432447814989406e-05 -2.629094975154721570e-01 3.744692127621829236e-01 4.250076166204543038e-02 5.918173701521225460e-01 9.517916538799587878e-01 8.182754642315823723e-01 5.935035771492347401e-01 -8.339105711128220744e-01 1.478491835980606517e+01
3.094966359433175843e-05 -2.623386724782029167e-01 3.102402782449004137e-01 4.716011825040695993e-02 6.370043723148809400e-01 1.025061193892226941e+00 8.065699916472750530e-01 3.297023838907894855e-01 -1.298825454369714638e+00 1.492727925012448331e+01
3.080570375909449189e-05 -2.614453868491343203e-01 3.468692644221981203e-01 5.427706704689617273e-02 7.508982392444968346e-01 8.580628221982617987e-01 8.708324787652950150e-01 5.472773682361932179e-01 -1.135978264919833780e+00 1.466585812731339189e+01
3.065332136791001173e-05 -2.608486702314704031e-01 3.469692760371032580e-01 4.621377652188568552e-02 7.111396160674744449e-01 8.625388924383792233e-01 8.536959211105614731e-01 1.671917762373964500e-03 -8.957254355273405189e-01 1.479485168879429935e+01
3.050479257724838416e-05 -2.601503306067091126e-01 3.072197173501449718e-01 5.534044274508945205e-02 7.216504782131945017e-01 9.975819981313029938e-01 7.996966352452774540e-01 5.660098962201622896e-01 -1.234907322259183760e+00 1.484166700507262782e+01
3.034004396503728996e-05 -2.600101570028992559e-01 3.023086803736814154e-01 4.500810258009201037e-02 6.077518310898588627e-01 1.073604795095707498e+00 7.736288119938196095e-01 1.634562919970470873e-01 -1.049587593982135303e+00 1.497907201561872270e+01
3.018270474996996374e-05 -2.596539545123375814e-01 3.074431236482105811e-01 4.417612984247037272e-02 6.109848964572175412e-01 1.010009889121245230e+00 8.216524808908727273e-01 2.074110849028946435e-01 -1.270251778731163350e+00 1.486820099880285717e+01
3.001898689314928009e-05 -2.595373909834994275e-01 3.806443076860909214e-01 4.847075825897004253e-02 6.494184740263594380e-01 8.606642080531758943e-01 8.600822424547208689e-01 2.067212628730552004e-01 -7.738394949801292722e-01 1.471141312251545763e+01
2.986581559822504441e-05 -2.590973780222972089e-01 3.498095804022013366e-01 4.397456153619969804e-02 6.564010722413082810e-01 9.322934793020574151e-01 8.184259179707210619e-01 7.495109769321200988e-01 -1.092785580666832290e+00 1.480892920987409411e+01
2.971040163952565582e-05 -2.587591497306098720e-01 3.510770714241751023e-01 4.532268121481859702e-02 6.743264247215634555e-01 8.693687312771855025e-01 8.535928675605024551e-01 1.966672479422068576e-01 -7.328842152926541287e-01 1.469580259140390055e+01
2.955270021799012500e-05 -2.585256846100407735e-01 3.387235734522127673e-01 4.876190800864328712e-02 6.293051335528646595e-01 9.427139804508912757e-01 8.527316241386306839e-01 7.310351916279173023e-02 -9.310015905891164678e-01 1.471372789888480703e+01
2.939337453816820152e-05 -2.583759535636772076e-01 3.195409866852685354e-01 5.458177221421146863e-02 6.877250571027059278e-01 9.928735419150602759e-01 7.903060284355919451e-01 4.173905454626563039e-01 -8.838912581235689458e-01 1.478302820744316293e+01
2.925277616242089854e-05 -2.576152104018881173e-01 2.841882739733521124e-01 4.392280699384724235e-02 5.967808062767129273e-01 1.093958624137989499e+00 7.818478169161964253e-01 1.441947169491795688e-01 -9.666560717600662933e-01 1.488388421566796183e+01
2.910653990038365618e-05 -2.570712477838835164e-01 3.627873789009682381e-01 5.368882049625864350e-02 7.038573642288667997e-01 9.131722938613754392e-01 8.295884488137452717e-01 8.165967742081406966e-01 -1.056217813709476205e+00 1.477848161689452411e+01
2.895228919808668172e-05 -2.568293049078914092e-01 3.303294609542369864e-01 6.126624450162270613e-02 8.528239783173061639e-01 8.627273548594908137e-01 8.333783149047886418e-01 3.297743634358175635e-01 -9.622266595716248982e-01 1.479364336340262476e+01
2.881023509194863817e-05 -2.561923153003599629e-01 3.607939431382201079e-01 5.448600669514107320e-02 6.947563828814324882e-01 8.761922203228160733e-01 8.590198331724210323e-01 2.640051684702692247e-01 -1.063262044929884853e+00 1.473990252115716437e+01
2.865239008983131312e-05 -2.561306054794446618e-01 3.711409703724039000e-01 4.595475169833782014e-02 7.122485471120316713e-01 8.197387011195330642e-01 8.883830362516066392e-01 5.147667206615790247e-01 -9.115563143942406743e-01 1.465068971194781433e+01
2.850939685307638593e-05 -2.555781662600413173e-01 3.175357225231987268e-01 4.558756991983532736e-02 6.196637430941773772e-01 1.051635613078379494e+00 7.686174605119613368e-01 3.900698111016682734e-01 -8.605628632640232034e-01 1.492131264838617533e+01
2.835484390415417863e-05 -2.554584813829162693e-01 3.241020415830061507e-01 4.024935710989018672e-02 6.002319910970875805e-01 1.041365544080165018e+00 7.731537200236460183e-01 3.837118604530062038e-01 -8.123357472299967963e-01 1.492934612808268824e+01
2.822352950909963338e-05 -2.545447924247072891e-01 3.205331797674687011e-01 4.723142065477506368e-02 5.994782791073391959e-01 1.029185465984013392e+00 8.068818338354344366e-01 3.259744181568653421e-01 -1.283383610634049710e+00 1.490270734240550432e+01
2.810022632666999958e-05 -2.533676160300856739e-01 3.320167728186688150e-01 3.764396030306124685e-02 6.050628742476503730e-01 9.921152977640996795e-01 8.161103947063259589e-01 5.107158246116620948e-01 -9.514252587929339366e-01 1.478853856809503320e+01
2.795104273576407564e-05 -2.531351850235015744e-01 3.741180905662931933e-01 5.381536350308990801e-02 7.406191147838544486e-01 8.474067246388062857e-01 8.341160918426757664e-01 6.899711370101737629e-01 -7.991931641532179498e-01 1.473848647913882104e+01
2.780006629474070823e-05 -2.529957301594785712e-01 3.363051433904602483e-01 4.804169336231726983e-02 7.261017462224969021e-01 9.083737639857587531e-01 8.402620387300062665e-01 7.472393567201278675e-01 -9.694630519720219830e-01 1.467844861453314032e+01
2.765060659335037655e-05 -2.528309139961861796e-01 3.462463036894805057e-01 5.410543037181858583e-02 7.826641706027355205e-01 8.507172022592615068e-01 8.562089005637780748e-01 5.734573742659305751e-01 -8.559750768109462005e-01 1.464666555318989438e+01
2.750447407470597107e-05 -2.525743393799936287e-01 3.451296938018962868e-01 5.566815119916199150e-02 6.689668533374790726e-01 9.252321275137345147e-01 8.249134610667805401e-01 8.808589146467293851e-02 -7.974050692428690246e-01 1.476687213360761142e+01
2.735715053716689178e-05 -2.523895285921635145e-01 3.536659360998180013e-01 5.207670968819356344e-02 6.658156460566957424e-01 9.080876553672618812e-01 8.536468976682919374e-01 8.403133269562729213e-02 -1.123860619338386879e+00 1.483727635523423594e+01
2.722287878738401603e-05 -2.517541616960217721e-01 3.756827919157421647e-01 3.963198391627301143e-02 6.916291549662414440e-01 8.154256325639294145e-01 8.697665709611577256e-01 4.802299459024202410e-01 -9.556363173329636140e-01 1.476472609731532870e+01
2.707220034084893256e-05 -2.517489740846011181e-01 3.413821264115344256e-01 5.270545424768326159e-02 7.418780147980563733e-01 9.247335363416872012e-01 8.292993803024806265e-01 9.305829386347128640e-01 -1.055252815779240905e+00 1.471950868735220830e+01
2.692422465893189458e-05 -2.516743759206105380e-01 3.474628082394561890e-01 5.477915298756978746e-02 7.485775432850252376e-01 8.805559258705374370e-01 8.628532286595622658e-01 2.765155658721256682e-01 -1.249326198565568147e+00 1.479221492980542862e+01
2.679428917215682598e-05 -2.509564724486153531e-01 3.335144874354162292e-01 4.253311905658786751e-02 6.618751677528855737e-01 9.043272923795073748e-01 8.464894313136464010e-01 3.112589612869956501e-01 -9.181100395866963471e-01 1.472593704349038646e+01
2.664726474361393067e-05 -2.509031820294306825e-01 3.338050174281935734e-01 3.984028333118208587e-02 5.778548090730867282e-01 9.931550820991482675e-01 8.175370567791658827e-01 3.885738286488049642e-02 -8.705312356297509879e-01 1.487475088487785513e+01
2.650125132181490391e-05 -2.508421839876312509e-01 3.730902512847625863e-01 3.676825562075896475e-02 7.049852403625695985e-01 8.267850829393813550e-01 8.743256858642717289e-01 7.889233295259316936e-01 -8.732325518353000193e-01 1.469473489494155238e+01
2.636510460012673980e-05 -2.504372396401994827e-01 3.394370385733223583e-01 6.014572631717522710e-02 8.103293882102657886e-01 8.616043496504163235e-01 8.373597971447709343e-01 2.542699414259342872e-01 -8.103563340720052466e-01 1.471343215143885708e+01
2.622919362291953590e-05 -2.500499735885595154e-01 3.544243147165800911e-01 4.571136358663858285e-02 6.584409127764587755e-01 9.421893169639934396e-01 8.108161438741980920e-01 4.169474537080572474e-01 -8.641599945474842670e-01 1.487138637937167829e+01
2.609151394105795616e-05 -2.497573437870242996e-01 3.285185450374558114e-01 4.186518821458234951e-02 6.212110790309411934e-01 9.792952190592640882e-01 7.928992001530050793e-01 3.809412073916225161e-01 -8.871893747444909994e-01 1.486750698262770065e+01
2.595018230660978085e-05 -2.496332784437952368e-01 3.427169225293873467e-01 5.331931977316017868e-02 6.621280756514100752e-01 9.623390114327555755e-01 8.030337557927518244e-01 4.284704905654152518e-01 -7.844576210399462068e-01 1.475128574577290941e+01
2.581452193987232449e-05 -2.493191583138297529e-01 3.702673589121269204e-01 4.655498098784151967e-02 6.415053907360348528e-01 8.771219260152349761e-01 8.668740071983120909e-01 7.296610827439942160e-02 -9.145786713308496907e-01 1.476005801899038516e+01
2.567212286635677193e-05 -2.492951124202622826e-01 3.240388271134204690e-01 5.357856181916238747e-02 6.713308596024921693e-01 9.690577679726064542e-01 8.077944099813211265e-01 4.049545843153031788e-01 -8.978659442149885539e-01 1.472924673397366035e+01
2.556402533854320875e-05 -2.479591436989903586e-01 3.384151259594746497e-01 4.714232617245560364e-02 6.375844272867461360e-01 9.382287887034677087e-01 8.484440105895709738e-01 1.765773563124203860e-01 -8.873362887134896848e-01 1.471963520634815481e+01
2.543101511398057382e-05 -2.476201945042066088e-01 3.374443780523923575e-01 4.286138524156496432e-02 6.624817866223270402e-01 9.314345379150543724e-01 8.105449395532620116e-01 2.643244771204701360e-01 -7.715295408848363845e-01 1.481268247080167200e+01
2.529028906674076914e-05 -2.476136448588681926e-01 3.115830140931220016e-01 4.272301711555113318e-02 5.865311473515344431e-01 1.042151752833663014e+00 7.849124926652474299e-01 2.274643416416927411e-01 -1.054858002344587709e+00 1.493849939322507225e+01
2.515753760999092485e-05 -2.473210221950696286e-01 3.447186688869080529e-01 4.977998949392728467e-02 6.498894086149267224e-01 9.370745952144703406e-01 8.492712208932534645e-01 1.176202365354980239e-01 -1.214248385017099974e+00 1.482499493250638345e+01
2.502086995867174889e-05 -2.472127494802717484e-01 3.333695851591452763e-01 4.860445024900332534e-02 5.997704235939231854e-01 1.046313447725460977e+00 7.761614459254265741e-01 4.735678473792613863e-01 -1.105540221403580770e+00 1.494192705929592613e+01
2.488399878764977681e-05 -2.471424909567441486e-01 3.264864528132570554e-01 3.382811229910581696e-02 5.967196461782723338e-01 1.024014272895076072e+00 7.918423946539926428e-01 5.227194296323450784e-01 -1.003672588976145530e+00 1.492240533162897087e+01
2.475556154671781621e-05 -2.467617406041717476e-01 3.114184055399678019e-01 5.159342553742954363e-02 6.739709381738305805e-01 9.748802645444805126e-01 8.074859183984083311e-01 1.317179138008960360e-01 -8.622577828034523328e-01 1.477324682683223678e+01
2.462489156287949295e-05 -2.464985742677642810e-01 2.936040106387048931e-01 4.897425450904092925e-02 6.279868822363943170e-01 1.055574417762796591e+00 8.022468085925966719e-01 1.164099734449664525e-01 -1.190433371375693605e+00 1.492076893695977979e+01
2.449553055869668929e-05 -2.462101274894198388e-01 3.131171151044534473e-01 5.217908441593272634e-02 6.582873608183803515e-01 1.023260992229332533e+00 7.810225311328611308e-01 1.437571021391900183e-01 -8.295412439315859032e-01 1.488829234210160557e+01
2.436067562550423994e-05 -2.461750691730146545e-01 3.527954129998730481e-01 4.263135306242946815e-02 5.896962090654940258e-01 9.864548371279288075e-01 8.007819984107101829e-01 5.762739024886731620e-01 -7.710502936484541214e-01 1.475304052567973301e+01
2.424117925499184552e-05 -2.455368819605530384e-01 3.510957535620505832e-01 4.410756001370078061e-02 7.017677330840744743e-01 8.630676379077739657e-01 8.794920740447929042e-01 2.422763134816945663e-01 -1.274105999708754267e+00 1.478778828439194726e+01
2.411527312997663872e-05 -2.451887559547301088e-01 3.283280122484849017e-01 4.068268033659981631e-02 6.073265514728369840e-01 9.841702300242476387e-01 8.163528074368493481e-01 3.378252199648548171e-01 -1.034580218170200405e+00 1.486270096287926634e+01
2.398533628419230744e-05 -2.450359245405863695e-01 3.163698581156215717e-01 4.269069298187408434e-02 5.864430651054703958e-01 1.035840564237495709e+00 7.915261582922544781e-01 3.159772017961092194e-01 -1.166656913273431462e+00 1.492423550564160273e+01
2.385580567923834607e-05 -2.448954120276213287e-01 3.650108266909678489e-01 5.058656098365301584e-02 7.132730310549419972e-01 8.936098167123283087e-01 8.548889495891323076e-01 9.711262863334444440e-01 -1.298041525286993014e+00 1.476169874376443758e+01
2.372483971680400359e-05 -2.448448802938640312e-01 3.639322439749678173e-01 4.322815865018900944e-02 6.202469032336351829e-01 9.429012272529737615e-01 8.156481020070536214e-01 3.186982989981245740e-01 -8.959901335229077945e-01 1.489444467302314479e+01
2.360452370629606864e-05 -2.443735372008831175e-01 3.545205290215888150e-01 4.544676781805603860e-02 6.734528012065418290e-01 8.766756314345907075e-01 8.640546990125059779e-01 3.209369081512316590e-01 -1.231806220513312899e+00 1.478767385996659556e+01
2.347952721024092461e-05 -2.441274988712062721e-01 3.089659105218239277e-01 5.103629909077435356e-02 6.602238578418475612e-01 9.993681658681966562e-01 7.952382040869414581e-01 3.996979690161883703e-02 -8.020017294584451673e-01 1.482903324065155992e+01
2.335320214788182285e-05 -2.439666905560209653e-01 3.724475710440194876e-01 4.370030021570055906e-02 5.896751673064017929e-01 9.218006924043393724e-01 8.406636122464482552e-01 2.857389280210540505e-01 -8.327619001408754773e-01 1.475444285071916539e+01
2.325381132983108664e-05 -2.426761999038231088e-01 3.886209013970676196e-01 3.920220809497466929e-02 6.657603818367805459e-01 8.342962033825140900e-01 8.677933515280134014e-01 7.878135748366499325e-01 -9.564579236496904002e-01 1.472347942833749990e+01
2.312717672605062706e-05 -2.425812834489126657e-01 3.279011516717281194e-01 6.326483104910582411e-02 8.649085717538429474e-01 8.633962515481904409e-01 8.287144123406942064e-01 3.402306142900275443e-01 -1.046571841427132776e+00 1.480647864331340102e+01
2.300539006676360207e-05 -2.423055963539390012e-01 3.674325359457158990e-01 4.817444021963167289e-02 7.001794707050218447e-01 8.191943968338492033e-01 8.825885342498052122e-01 2.147352073324408639e-01 -8.291018012522022307e-01 1.464081107917238000e+01
2.288136299354290483e-05 -2.421558438671460589e-01 3.437602738960124915e-01 5.422360817219877560e-02 8.291182468203683875e-01 8.497555391916050693e-01 8.431277996085855264e-01 3.924024306883180380e-01 -1.200112527103855742e+00 1.485574353355491617e+01
2.276656641826278244e-05 -2.416299498434355819e-01 3.208212959029205225e-01 5.896634657845134520e-02 7.041573743381097650e-01 1.006139939727459520e+00 7.941786696790261724e-01 3.156280444301944321e-01 -1.293542751843815175e+00 1.495783594769217117e+01
2.266863315453421086e-05 -2.403852993269031124e-01 3.316862366973039045e-01 5.943910256453510677e-02 7.638400907548161811e-01 9.302705598719051006e-01 7.972090350554379423e-01 4.962605451402201107e-01 -9.193013957799068825e-01 1.482418269820573187e+01
2.255834857289708506e-05 -2.397066909393596734e-01 2.820239314085889459e-01 3.983008888300377387e-02 5.766566503308692138e-01 1.127504083907020060e+00 7.574858476605117463e-01 3.014775733699573412e-01 -9.764452445731170993e-01 1.490380959019194052e+01
2.243591767851967902e-05 -2.395932153081642146e-01 3.422995748786507031e-01 3.465156315690672006e-02 5.718151868790857240e-01 1.015684101363030223e+00 7.828768106903311041e-01 3.935168126706389824e-01 -7.969337478407664266e-01 1.491316111411827094e+01
2.232554226263758473e-05 -2.389693862753355658e-01 3.416527651202970195e-01 4.323037036424898227e-02 6.113688479063623671e-01 1.005275807670426236e+00 7.776001899666235007e-01 5.177910454396774664e-01 -9.612784801772615850e-01 1.495775727483146866e+01
2.220271645838092282e-05 -2.389306022845803790e-01 3.685619303686762382e-01 4.404048322315737285e-02 7.285876434859605011e-01 8.018657008828971033e-01 8.982651899947262653e-01 2.979956093105953219e-01 -1.069861061560879900e+00 1.470787130864699144e+01
2.208076676788612842e-05 -2.388827434992801257e-01 3.459752614215323430e-01 5.005339776064313129e-02 6.595894583451483717e-01 9.374280868315348902e-01 8.321299902944533367e-01 3.045645124188373076e-02 -1.056338251268353456e+00 1.488334183261469157e+01
2.196296715623093370e-05 -2.386764116382012746e-01 3.657463993644161082e-01 3.526445991668945151e-02 6.210847229947022985e-01 8.842042526822078141e-01 8.566355722474010559e-01 4.440989598623939494e-01 -7.226842105456481313e-01 1.465602484344671907e+01
2.184414606283415657e-05 -2.385456090989368227e-01 3.273598367280990962e-01 6.108746780350777367e-02 8.115784649256398975e-01 9.202851085323706659e-01 8.076309993147232635e-01 7.629232945354720297e-01 -1.047132315962527649e+00 1.479758791725681277e+01
2.172750598417208621e-05 -2.383440096962722299e-01 3.589949672069384645e-01 4.496422444199363322e-02 6.628274660077834168e-01 8.965526475112771676e-01 8.676563008781581487e-01 4.836202162635631630e-01 -1.281663497829087284e+00 1.477913463490360080e+01
2.160949441147281094e-05 -2.382346946890762374e-01 3.021457616265446067e-01 4.693566985615175297e-02 5.976350019759293364e-01 1.121235835456297236e+00 7.459641928632828600e-01 3.483396339355571136e-01 -1.152356263541626014e+00 1.509163481959152975e+01
2.149863255394116892e-05 -2.378225823652205806e-01 3.657399507464385024e-01 4.511279419992394318e-02 7.192879999633960963e-01 8.455233243273924115e-01 8.662736820454419728e-01 6.949848493832053720e-01 -1.069809577372974552e+00 1.471186332831339882e+01
2.137969380691966457e-05 -2.378147737563835462e-01 3.246028989499395445e-01 5.340187204529845549e-02 6.986304165817054379e-01 9.624358523660448972e-01 8.025168493351558796e-01 5.584331462823333148e-03 -8.634617781317968088e-01 1.487772545105247524e+01
2.126157713014417656e-05 -2.377992490808707449e-01 3.526861708681882090e-01 4.830102648350689809e-02 6.852701357933498327e-01 8.730600286174919900e-01 8.488073946653347246e-01 3.969114227109198367e-01 -8.331000762495596179e-01 1.466706659589780415e+01
2.117074454294867904e-05 -2.365249924199832599e-01 3.343153779356735633e-01 3.477490589360773821e-02 6.238816862574791955e-01 9.801538480086058325e-01 7.912881505921782743e-01 5.938817344866199610e-01 -7.517904120546919922e-01 1.481596235498696146e+01
2.106105542341126627e-05 -2.361640705897709303e-01 3.652346116929661157e-01 4.596822110532941541e-02 6.614353589289515556e-01 9.153916428566040153e-01 8.186220941987177868e-01 6.524730918463966800e-01 -7.778015340763081431e-01 1.478155756207750215e+01
2.095754684231922212e-05 -2.355353229186410990e-01 3.354793011217702681e-01 4.937520465971129840e-02 6.910612603965189393e-01 8.893304111719377847e-01 8.556065556605507716e-01 4.437345234846407083e-02 -7.918766540177826219e-01 1.465549540908305026e+01
2.084166429549413747e-05 -2.355245056757352962e-01 3.406880692603068139e-01 4.314227426941739940e-02 6.292423074313602260e-01 9.499139811706400760e-01 8.255989077883469918e-01 4.451881980909564995e-01 -1.117734112786004319e+00 1.485192707058330974e+01
2.072654802800330242e-05 -2.355076324613849525e-01 3.467648765300869185e-01 5.641317690589959383e-02 6.930661795320089968e-01 9.542733961585704305e-01 8.009737157434158039e-01 5.086705199362682173e-01 -9.953277519935701534e-01 1.486068212614303796e+01
2.061404108579483388e-05 -2.353950191752769150e-01 3.818474489032189778e-01 4.511264915136711795e-02 7.322863860497675903e-01 8.103228623118839957e-01 8.582584146917402457e-01 9.206904331552574483e-01 -7.466601472868382716e-01 1.465148342899968625e+01
2.049988217006151951e-05 -2.353927750078909087e-01 3.501583721269382332e-01 5.313016608809417729e-02 8.055304097406714714e-01 8.569791117666467617e-01 8.445234623031913079e-01 8.080362146981798777e-01 -1.209931955301876139e+00 1.480542022802457680e+01
2.038778682732888726e-05 -2.353203211463749112e-01 3.275179219573849942e-01 5.179423259407790053e-02 7.080930636566623582e-01 9.354530359036909992e-01 8.118860493332304973e-01 3.902964474359675862e-01 -7.908285252168146817e-01 1.472937887510461152e+01
2.028096155566645216e-05 -2.350182106362736500e-01 3.295304488542219468e-01 4.600562895266475938e-02 5.874735673782272016e-01 9.904169490951626464e-01 8.308711833036608319e-01 9.810586048508618262e-02 -1.054869464278746838e+00 1.482113447090111436e+01
2.017446548210241440e-05 -2.347275269339013926e-01 3.253095319693264376e-01 4.445094471439191286e-02 5.936565647297590287e-01 1.005298500565154685e+00 8.008866627489559242e-01 1.300192006493720021e-01 -9.288447992260342456e-01 1.489370435826542760e+01
2.007000568454491576e-05 -2.343632450675048606e-01 3.322583845201736441e-01 5.168115109006465868e-02 6.629252609156499609e-01 9.616641502455646195e-01 8.233018719730638146e-01 3.780467468247283858e-03 -1.075226390285393352e+00 1.487664311136154538e+01
1.996676709712534093e-05 -2.339648892093212917e-01 3.396038320491284734e-01 5.843209049574726865e-02 8.249048061577548552e-01 8.702696872655495408e-01 8.328219681054596091e-01 9.040855835356869097e-01 -1.016966411715084284e+00 1.471193372101487284e+01
1.985745777004227367e-05 -2.338989371278996920e-01 3.440647959404038447e-01 4.410442287950703394e-02 6.634183323180959935e-01 8.894076773305328310e-01 8.671206833235837186e-01 3.298579546705609489e-01 -1.017850174035391575e+00 1.470835378984978092e+01
1.975860121793004438e-05 -2.333341231971651775e-01 3.410535967067390706e-01 4.053101680995572359e-02 6.764068396805441585e-01 8.798902220803721530e-01 8.605891497082367447e-01 1.221501752763702320e-01 -7.645259460393765139e-01 1.470268322168486463e+01
1.965207282282566161e-05 -2.331846489708177261e-01 3.254045805929235424e-01 5.926145611707889227e-02 7.573183333876128964e-01 9.381382162014100246e-01 8.073220551693955915e-01 5.583875259573982675e-01 -9.267229536723380345e-01 1.474873649626228556e+01
1.955144979670480544e-05 -2.327624712528513218e-01 3.429676963369058251e-01 5.950124186462235620e-02 8.636704930232191879e-01 8.501082776832565857e-01 8.230111317369811497e-01 5.792078270414486862e-01 -8.982435922084329727e-01 1.479462623298472579e+01
1.944594208790332201e-05 -2.326179424934163575e-01 3.651337628869539831e-01 4.609931505872234131e-02 6.617472080721794603e-01 9.090189247415731977e-01 8.433298487922622488e-01 4.131607111014373168e-01 -1.099972904532640516e+00 1.484164842364804038e+01
1.934719884208300654e-05 -2.321531559091248309e-01 3.753854310931720173e-01 4.428747782197314797e-02 7.146405832831679295e-01 8.456266579222899704e-01 8.717474291714502055e-01 8.026825477944045106e-01 -1.189292302209679075e+00 1.475591896094587163e+01
1.925277730622889898e-05 -2.314899206918621943e-01 3.038031210229482637e-01 3.540077670626930878e-02 5.725196770070111185e-01 1.094971119433219231e+00 7.703495083026288270e-01 3.589257487512871325e-01 -9.997281011763466951e-01 1.496961615546234192e+01
1.915234117129007739e-05 -2.311647285819647402e-01 3.334540526850460762e-01 4.444503793038577510e-02 6.158293319889922568e-01 1.023228931737758529e+00 7.668159122959447016e-01 4.809384185860999250e-01 -8.823625317949530533e-01 1.495471353217237365e+01
1.904954838268599490e-05 -2.309907412099891366e-01 3.551905595676515537e-01 4.340697692336820818e-02 6.533766495236130734e-01 9.334703789884518654e-01 8.306216854225286772e-01 3.996509812587607513e-01 -1.170995970614595816e+00 1.490395638287047930e+01
1.894481002340618270e-05 -2.309485633761529100e-01 3.408267333196891014e-01 5.728609318951267959e-02 7.651988407082448429e-01 9.128417577080196743e-01 8.282847278028280247e-01 8.194257723027380536e-01 -1.110732627981927401e+00 1.476024980677520304e+01
1.884477404836967595e-05 -2.306873878020004043e-01 3.645057112861271875e-01 5.730869194120039034e-02 8.156153386953701734e-01 8.094774150771946175e-01 8.609923612001690874e-01 3.448169371606666367e-01 -1.135287255660203165e+00 1.482034220965167748e+01
1.874191107900947590e-05 -2.306052186761608780e-01 3.355212612174478526e-01 5.065247362642761458e-02 6.479364597537106141e-01 9.727125812938880456e-01 8.130426131993352401e-01 1.907444571295287272e-01 -1.076657189522670643e+00 1.486681531334663831e+01
1.864415647123390847e-05 -2.302791422800459509e-01 3.872813713773366473e-01 4.253688311978939818e-02 7.173251009248171606e-01 8.241237021903889959e-01 8.435464150726362798e-01 8.072643932828611479e-01 -7.885657903805372015e-01 1.477363292944704476e+01
1.855564373060722170e-05 -2.294823707601499063e-01 3.428095243122899483e-01 5.096731330245564406e-02 7.094487103774644865e-01 9.135356119289126386e-01 8.353006242241856061e-01 3.113070508560220606e-01 -1.074131164124405124e+00 1.479538904094663465e+01
1.845722907072185997e-05 -2.292446889261101350e-01 3.623630408260302138e-01 4.757299684702757936e-02 6.819621138201534816e-01 8.673975862890858091e-01 8.700519180799607399e-01 2.827859148301914427e-03 -9.581106994327446280e-01 1.478198994658524512e+01
1.835747945475449736e-05 -2.291081554986509061e-01 3.445789449106625435e-01 4.094609541949149195e-02 6.525808246536870527e-01 9.559595186485783103e-01 7.988607573731539846e-01 6.025948182737279613e-01 -9.479103901232648344e-01 1.490050998409041050e+01
1.825684986410748667e-05 -2.290493464840958615e-01 3.305178677131810905e-01 5.174005086564821554e-02 6.610161782004476683e-01 1.004322128359302013e+00 7.712308477436343734e-01 5.906656651425548077e-01 -7.860202331374334106e-01 1.483534502234748231e+01
1.815801798104719111e-05 -2.289219103521568655e-01 3.316415138418468134e-01 4.865725315064504952e-02 6.890767448540411344e-01 9.320530410315243097e-01 8.406219875636924410e-01 2.430187684225338096e-01 -1.169652426361408759e+00 1.483890936559165397e+01
1.805770696626596834e-05 -2.289060076105999542e-01 3.651536901965325432e-01 5.210682966704269226e-02 7.714059426236409278e-01 8.318275803006066615e-01 8.531743686694375217e-01 7.284561495839179113e-01 -1.096451587954991647e+00 1.477643910750628642e+01
1.797548086598904272e-05 -2.279143692630326290e-01 3.523134796079105957e-01 5.002572815823233543e-02 7.949699964817216191e-01 8.100728203673769334e-01 8.813796407751306461e-01 5.308056191389909362e-01 -1.039952636853602064e+00 1.467518510913217789e+01
1.787906746474213234e-05 -2.277368557199198340e-01 3.902016866030593167e-01 3.118155033768338705e-02 6.642111986568399740e-01 8.492559867034428223e-01 8.582954105510700593e-01 7.960897889883540302e-01 -8.495766871162573342e-01 1.477765832061186124e+01
1.778327770040127133e-05 -2.275533526338879287e-01 3.534574687609896015e-01 5.216598596184596204e-02 7.655799074500033718e-01 8.806414699641019750e-01 8.380429912002513859e-01 8.405716332163356563e-01 -1.070017291029067064e+00 1.474467332857817858e+01
1.768788622506040360e-05 -2.273763465674075168e-01 3.164651350092135829e-01 3.726250776793711000e-02 6.096031680926801144e-01 1.036727457810685760e+00 7.753980717722087634e-01 6.058844034890648045e-01 -9.214051279223045565e-01 1.486835860582509738e+01
1.759289921405729379e-05 -2.272054353347223721e-01 3.303783383438013699e-01 3.923335262716250160e-02 6.055068774485252714e-01 9.958664694962726660e-01 7.866085984193843528e-01 6.116276210680776648e-01 -9.346353953810982995e-01 1.484613828247488243e+01
1.749568327928556960e-05 -2.271910659207942995e-01 3.038836001919399399e-01 5.597619078314476637e-02 7.157295610719112133e-01 1.006995797544460780e+00 7.929479495272853118e-01 2.948231249210953031e-01 -1.213209570237605117e+00 1.491056974189523032e+01
1.741538651705967967e-05 -2.262355930489993172e-01 3.175628369617046198e-01 4.395230020785478170e-02 5.917073905852130444e-01 1.108539375184594444e+00 7.547482965614249473e-01 6.644737450371505094e-01 -1.234069725201188517e+00 1.503189861873283384e+01
1.732421740116366963e-05 -2.259287631503608118e-01 3.658354474827004710e-01 3.838271939685453105e-02 6.278627988722960129e-01 8.900625483749303735e-01 8.598636555447065621e-01 2.820493404240709268e-01 -9.753644237891442303e-01 1.480192891936047417e+01
1.723025379755903838e-05 -2.258117995889309670e-01 3.144843548903900055e-01 3.655559154861320881e-02 5.713703377475650713e-01 1.070112484906101891e+00 7.744692392028761363e-01 2.370930297829440259e-01 -9.253793708464077561e-01 1.499128432091614016e+01
1.715043595038045026e-05 -2.248994313088129027e-01 3.151089240814938242e-01 5.006928461215351400e-02 6.806889539599144667e-01 9.870550539587464867e-01 8.119449277557563294e-01 6.397000219219582950e-01 -1.138753487808125797e+00 1.476495095100469968e+01
1.705552395675336602e-05 -2.248933318985671392e-01 3.457251994220503777e-01 5.529413453836520831e-02 7.401740504901425100e-01 9.265834188981411090e-01 8.159914440743245567e-01 9.534105961361886150e-01 -1.044502327649977191e+00 1.477346848999257745e+01
1.696110390080775632e-05 -2.248891965972115436e-01 3.301665488620479927e-01 3.570068737661632324e-02 5.807713652717900743e-01 9.827625270767046395e-01 8.246445855969695149e-01 2.502000388529279640e-01 -9.039184954791362747e-01 1.480826138749108623e+01
1.686965532121790140e-05 -2.247398928921958139e-01 3.705024955605507042e-01 3.078916315314617069e-02 6.883284668811564533e-01 8.495537666422127154e-01 8.523834526962370539e-01 7.449799629030648962e-01 -7.701474034493216436e-01 1.472813488855440589e+01
1.678251259950181568e-05 -2.243633746398474571e-01 3.713717382477889073e-01 5.111113982423418078e-02 7.251151390057845036e-01 8.841843197525636189e-01 8.235576328377137711e-01 8.989558675894013806e-01 -8.094763111533973543e-01 1.474885991918689854e+01
1.669793918367914697e-05 -2.238599370340252359e-01 3.498509304470103776e-01 5.019333128512176029e-02 7.797743943273287570e-01 8.700530387780619490e-01 8.269754148234402802e-01 8.089506376589222780e-01 -8.753932440370735257e-01 1.476055762280827821e+01
1.661085529404852175e-05 -2.235332760939503505e-01 3.780112779591150440e-01 3.656794733700836214e-02 6.667293635260881368e-01 8.687496720233295333e-01 8.403994240865163556e-01 7.567557825370208047e-01 -9.002476933542379323e-01 1.479094345333562543e+01
1.653232512089782162e-05 -2.227165729435235664e-01 3.080213364479447713e-01 5.115931692736687408e-02 6.293836580322926810e-01 1.069050518052604204e+00 7.732701487574282773e-01 5.670959885281512403e-01 -1.293324444634343928e+00 1.492990926185901657e+01
1.644893246937985374e-05 -2.222180003733402187e-01 3.713129595300745933e-01 4.640671892546643224e-02 7.043688507746864724e-01 8.206737647714201778e-01 8.748740520239786100e-01 2.307344916676006275e-01 -8.726511891796886466e-01 1.474002573863785948e+01
1.636587701249788546e-05 -2.217245271854117183e-01 3.343178145676870550e-01 4.637309740559363014e-02 6.853382833705758959e-01 9.551512653337630443e-01 8.211661130824435828e-01 4.258984632339512522e-01 -1.259170007381318568e+00 1.489598260765381887e+01
1.627735021130679631e-05 -2.215928849956302349e-01 3.656177564752896014e-01 4.810395637731908203e-02 7.141603255396808958e-01 8.711400261089228270e-01 8.416471082099967749e-01 9.128745999406415734e-01 -1.033211913335915444e+00 1.475563732696824282e+01
1.618988543518213113e-05 -2.214252219397165045e-01 3.623947959585019918e-01 4.984857679530908109e-02 6.629692402180609179e-01 9.313697487490114613e-01 8.084942598962456817e-01 8.127024528190485153e-01 -8.242087163957203533e-01 1.473957536917296984e+01
1.610353069884416853e-05 -2.212178117652951748e-01 3.781912022693248998e-01 4.363481473246190456e-02 6.715197682074395269e-01 8.244723242442781874e-01 8.718551181871037059e-01 1.338154633644177416e-01 -7.378787166322334778e-01 1.471604553379695624e+01
1.601730820770763902e-05 -2.210309016851501329e-01 3.221820992117720994e-01 5.584796736026474695e-02 7.778535962285964001e-01 9.090388603565655590e-01 8.273641346836000388e-01 2.950475055594048435e-01 -1.136103375937845605e+00 1.481419059528233717e+01
1.593367439331394702e-05 -2.207104906288284984e-01 3.605616809966492031e-01 4.993967925810438580e-02 7.669835484854969909e-01 8.612719344701196267e-01 8.324499003873907510e-01 5.172796389784788396e-01 -1.020167557297551708e+00 1.486070455992395978e+01
1.585115542049857844e-05 -2.203472962528346402e-01 3.521001279269674322e-01 3.845649421693199399e-02 6.241778455744793064e-01 9.014608644596850962e-01 8.585412968474701589e-01 1.977978412513736739e-01 -1.023175059246689944e+00 1.479673550355736289e+01
1.576615498876961553e-05 -2.201685823964495692e-01 3.822390647266324937e-01 4.709297355197589185e-02 7.339117402696029302e-01 8.021421232072833973e-01 8.858973805186001194e-01 4.804816175009034573e-01 -9.850105101169615018e-01 1.472495715043190501e+01
1.568371124321276842e-05 -2.198559066546476315e-01 3.614757879916851158e-01 5.343952155705361529e-02 7.813221919319260911e-01 8.606451844478328894e-01 8.454444541978971550e-01 9.230727928741204735e-01 -1.056984401413970653e+00 1.475178698320904225e+01
1.560210085882699429e-05 -2.195174488190544393e-01 3.463615496231627344e-01 4.495198748420609069e-02 5.990705959664428537e-01 9.812531336249683545e-01 8.126681628411156488e-01 1.834361568020939637e-01 -7.901843938458500416e-01 1.481177994371043383e+01
1.552989374486918913e-05 -2.186006736794684213e-01 3.537421886477182253e-01 3.670668973227321497e-02 6.034094225456020366e-01 9.516921255552559522e-01 8.043365349654594265e-01 6.480199809096528485e-01 -7.875133290799546382e-01 1.479420123644806040e+01
1.544663942385203300e-05 -2.184204466687314494e-01 3.185490885375114045e-01 5.360394853506986190e-02 6.608336178092282243e-01 1.041905903717061488e+00 7.676411761217192264e-01 6.458777522389151926e-01 -1.106828762807473776e+00 1.489390805488348946e+01
1.536244532670454164e-05 -2.183304417725280000e-01 3.359196761569143708e-01 4.734154466870423017e-02 7.259781120315890179e-01 9.154392647045488385e-01 8.372812328480323529e-01 7.972693701809301370e-01 -1.096345720685663050e+00 1.472131681401116765e+01
1.528174775369699933e-05 -2.180416432389681303e-01 3.606312023105883169e-01 5.083497842240537051e-02 6.899249777103556580e-01 8.317320196128881182e-01 8.996693572092759883e-01 6.803325266478604805e-02 -1.003500222073674841e+00 1.465983390033427014e+01
1.519884150277070178e-05 -2.179260386425476703e-01 3.592956775238297373e-01 5.050763605652025534e-02 7.134930271914853295e-01 9.120731840229355791e-01 8.203239050110004982e-01 9.829888908908479550e-01 -8.398822189842215513e-01 1.471060435977121195e+01
1.513905071451915091e-05 -2.163121455621530020e-01 3.516901296703033308e-01 3.767585961235594277e-02 6.324841017983606761e-01 9.038173844112882271e-01 8.458535421182911129e-01 3.588980221001163429e-01 -1.050354411022533130e+00 1.482253667228992988e+01
1.505604240591456595e-05 -2.162547361711059657e-01 3.536500938705685604e-01 4.279511544589485045e-02 7.134645867194530089e-01 9.091263094126748046e-01 8.194889353077183802e-01 9.271344158304771765e-01 -8.159096522507969240e-01 1.474483061635854497e+01
1.497418780386842523e-05 -2.161506742732738628e-01 3.378639246395558349e-01 4.012199827502981042e-02 5.905162096642411207e-01 1.010619169824024777e+00 7.856359744069626450e-01 6.821377580729647283e-01 -9.868919553102273312e-01 1.484901738199378940e+01
1.489209897397603065e-05 -2.160922223394189934e-01 3.301196368796988634e-01 6.157095530894465818e-02 7.794210333530660062e-01 9.047508441296644444e-01 8.381253053479001958e-01 3.308985053454229774e-01 -1.190548824876047629e+00 1.477647464064426686e+01
1.481224521280000942e-05 -2.159132509655731225e-01 3.568706560657425308e-01 4.178761337767249867e-02 7.473354884552650956e-01 8.490243973995355020e-01 8.435492717560026943e-01 8.984651700020397369e-01 -8.242461795422675319e-01 1.470852802151257066e+01
1.473267645580923519e-05 -2.157439983595140498e-01 3.421447032600689053e-01 4.305578713844553096e-02 6.342038699235421628e-01 9.087452774055581051e-01 8.657100942393924914e-01 1.790913963569871759e-01 -9.404032017504559970e-01 1.470708034877922721e+01
1.465266268144893504e-05 -2.156342858303205157e-01 3.318462568795189638e-01 6.206963248633348001e-02 8.410348501147020261e-01 8.829381267832508984e-01 8.277847095871161409e-01 7.101181421830828899e-01 -1.128046094531906407e+00 1.478335207346695412e+01
1.457330527429388163e-05 -2.155093529529891749e-01 3.435576109504632214e-01 4.875858944024455410e-02 6.485431135432719874e-01 9.994426539822962585e-01 7.749964864010209231e-01 7.592042320622247598e-01 -8.382624507489127019e-01 1.483682746679558839e+01
1.449298111794234447e-05 -2.154807752674332277e-01 3.398362926897269265e-01 4.518752018648298369e-02 6.238019699805295026e-01 1.011194505307616121e+00 7.942837957245957314e-01 7.876092973823440868e-01 -1.142154074462197855e+00 1.487674339931850120e+01
1.441351632356894289e-05 -2.154232911894836955e-01 3.256980188726413816e-01 3.574247186441004837e-02 6.019905634562396912e-01 1.007178999329156666e+00 7.864987674853283206e-01 2.715996881317660483e-01 -7.894063695422780524e-01 1.489447419330737432e+01
1.433398255615032139e-05 -2.154010149411997865e-01 3.244583793659704396e-01 4.760989994847479589e-02 6.938592174150687297e-01 9.359609407908895395e-01 8.287217820853223227e-01 5.220745020497898903e-01 -9.800879960564992111e-01 1.471551538282409588e+01
1.425470892761047778e-05 -2.153912768123487642e-01 3.613193759662794990e-01 4.551225349211697468e-02 6.634784867207291770e-01 8.958295581970446841e-01 8.378820008051264256e-01 7.934302706836969810e-01 -8.068125384207587292e-01 1.465613025165776406e+01
1.417620758525092058e-05 -2.153579872602979506e-01 3.048199216802961464e-01 4.295387650726426032e-02 5.934526379194277057e-01 1.099548723062045763e+00 7.683584591850005641e-01 4.338579217889880768e-01 -1.207980235075497344e+00 1.501966119908983366e+01
1.410245365526215606e-05 -2.150186685409241072e-01 3.757407212277624753e-01 3.900642779711858965e-02 6.073203068515035108e-01 8.841930443679046903e-01 8.429354672561391038e-01 4.000497305360174449e-01 -7.401358502488545321e-01 1.472750462762139101e+01
1.402508522611264624e-05 -2.149643852153252932e-01 3.400723765208493732e-01 5.113158984692116327e-02 6.569035367953923732e-01 9.599408284319966844e-01 8.344505652641703852e-01 2.760302596130737585e-01 -1.220585623394022434e+00 1.483612780051735136e+01
1.395223080081338026e-05 -2.146169482589506683e-01 2.937245266589693093e-01 5.379784481776554717e-02 6.452082296479202395e-01 1.049267792822382805e+00 7.982497082471556871e-01 8.578060811978721611e-02 -1.131560528333986904e+00 1.489144875976680638e+01
1.387802743363579376e-05 -2.143939729757142754e-01 3.224849239281009083e-01 5.471810174214682826e-02 6.603090019824624513e-01 1.003321672598942893e+00 7.946174547721147619e-01 9.392881510359385455e-02 -1.089081397657073680e+00 1.495474229147288092e+01
1.380494083303798091e-05 -2.141186872023443655e-01 3.459651718258296427e-01 4.884971500430707048e-02 7.461973382279581957e-01 8.316321072754960797e-01 8.828491711365066275e-01 2.690625273579574928e-01 -9.704716398906571007e-01 1.465445299355654107e+01
1.373036383459553591e-05 -2.139799724405786197e-01 3.459620677030004199e-01 5.939600960390471057e-02 7.495460956516795115e-01 8.810211839195858374e-01 8.468154739225600691e-01 2.348707019305392718e-01 -9.984428250110858327e-01 1.474484971956148449e+01
1.365949013599359902e-05 -2.135996074398756883e-01 3.206520512418043478e-01 5.085615150311173505e-02 7.076026426332624464e-01 9.459591187924966116e-01 8.232464595594650714e-01 2.981869882803647176e-01 -1.206647749379771151e+00 1.484594219633750001e+01
1.359010295426611492e-05 -2.131367761290809681e-01 3.332196518819712794e-01 4.781455179501217095e-02 6.867302643297372722e-01 8.942425484686628012e-01 8.769823039748310123e-01 1.828089561673106878e-01 -1.164703808496313053e+00 1.469776890017133120e+01
1.351970588609355213e-05 -2.127747080538665292e-01 3.590433644541398683e-01 4.777869976132610719e-02 7.524482424925638124e-01 8.408501310960614372e-01 8.697664152017918759e-01 2.539489077874686473e-01 -1.241568873070849399e+00 1.483818881179978533e+01
1.345706252328749482e-05 -2.118634059872445408e-01 3.544693163523888746e-01 5.159303466917126990e-02 6.659639960636982714e-01 9.435034747923980447e-01 8.286272887151928668e-01 5.933938526700414107e-01 -1.155768464919303629e+00 1.481486769121484492e+01
1.338929658980298478e-05 -2.113562875122308726e-01 3.414749614974067482e-01 5.579376347600212283e-02 7.499091615677546674e-01 8.938719179032396100e-01 8.200478740833022639e-01 1.901873229500579132e-01 -8.600906036472711902e-01 1.482333090440241818e+01
1.332036028228881801e-05 -2.109626448119051034e-01 3.207588037821087479e-01 6.118029319767706586e-02 7.375016782989310959e-01 9.311216714670486061e-01 8.443202140992994709e-01 8.991502740130774551e-03 -1.282020931662764651e+00 1.482925628122104555e+01
1.325330374701828231e-05 -2.104539414727400470e-01 3.513652451876073668e-01 5.278881004111807967e-02 6.828013341597704011e-01 9.057651625998139888e-01 8.412610468098079552e-01 4.044854100437423328e-01 -1.029174866560264689e+00 1.476850270469259563e+01
1.318291652873368750e-05 -2.102234576466204818e-01 3.398742321657417520e-01 4.377716491386731551e-02 6.042439244095565432e-01 1.028848661933881470e+00 7.658718845589369550e-01 5.850110979457809890e-01 -7.554536411300509791e-01 1.487078879596446512e+01
1.311007801292134519e-05 -2.102084427112983211e-01 3.603863418955229880e-01 5.348608358322834433e-02 7.842830335348525139e-01 8.426941109679200181e-01 8.619253157522839270e-01 4.772965393413341473e-01 -1.242510737431633094e+00 1.481439277383527831e+01
1.304042175846226151e-05 -2.099802361401784667e-01 3.548474136065066231e-01 4.885547053916952653e-02 6.418708008508030582e-01 8.931819603266506480e-01 8.667612585621626842e-01 7.473964227069995747e-02 -7.762964610947332700e-01 1.464877492560285788e+01
1.297174959057341964e-05 -2.097046955827859827e-01 3.679621272858208947e-01 3.995637381546301992e-02 6.344938199667113921e-01 8.798840103149967451e-01 8.453236465327748084e-01 6.071000788482068256e-01 -8.367596573641269408e-01 1.470515942822484057e+01
1.290201180477752408e-05 -2.095397713780810245e-01 3.179232541641266452e-01 3.946766125838947065e-02 5.915034919392335722e-01 1.017499075544349818e+00 8.171267488229513321e-01 3.323488009636893503e-01 -1.096661101357238488e+00 1.482838453044728944e+01
1.283249711888423832e-05 -2.093866779541468104e-01 3.202480354599774870e-01 4.716942512016682187e-02 6.046817650199611816e-01 1.034364858599008841e+00 7.919527599589534228e-01 2.086666857725774926e-01 -9.183339201167951549e-01 1.489506992715188893e+01
1.276386546404123607e-05 -2.091937452396087915e-01 3.880409060491695206e-01 4.056110695258296345e-02 6.452105835406060086e-01 8.454027971335741354e-01 8.545591804103629396e-01 4.850734637337968946e-01 -7.303781680567685841e-01 1.472947541611718236e+01
1.269781589287067898e-05 -2.088263560427230381e-01 3.670186760848550556e-01 4.867112838040457690e-02 6.605299125954168238e-01 8.784203415600015941e-01 8.507885107177632911e-01 8.074685343204124344e-02 -7.237924184916474379e-01 1.472007513970048009e+01
1.262867698307143023e-05 -2.087306232813052886e-01 3.068996507775759719e-01 4.655463530214096202e-02 6.604664671405987564e-01 9.938732806359713567e-01 8.237884345183609236e-01 1.978826045967445602e-01 -1.234202612258070486e+00 1.485883506504671026e+01
1.257679852997939844e-05 -2.072915166554669120e-01 3.513178620155956722e-01 5.094993663588465171e-02 6.793877321757313403e-01 9.405764176887055905e-01 8.278634104242250658e-01 5.463509342217626186e-01 -1.248900128899414597e+00 1.483983426293204388e+01
1.252047297182708714e-05 -2.062245488506641855e-01 3.495638128609205308e-01 3.848006640333377637e-02 5.832560398370482124e-01 1.001220551462648878e+00 7.838090978986644863e-01 6.359064960531707333e-01 -7.557052386043286996e-01 1.481570780530953790e+01
1.245133946480969967e-05 -2.062059308974896199e-01 3.224838009601906919e-01 6.021066157624278825e-02 8.115860472279563531e-01 8.943360313824602059e-01 8.288876575111513434e-01 7.923001856922906594e-02 -9.121310129076922735e-01 1.478862010080320211e+01
1.238798413761382802e-05 -2.057515983541557958e-01 3.614571070121100904e-01 5.072878024524583862e-02 7.109507225350173432e-01 8.913694636794621262e-01 8.236563348047093447e-01 4.040029997652457849e-01 -9.312185390282217146e-01 1.483718080297955133e+01
1.232303910406514189e-05 -2.054524162353797145e-01 3.861661806719240975e-01 3.556108482675141708e-02 6.704639626909070227e-01 8.245783775652220093e-01 8.585742115960930398e-01 6.765943211975556926e-01 -7.554026912285104478e-01 1.472215144102015394e+01
1.227228743643126848e-05 -2.040238024044920273e-01 3.422652137173642917e-01 4.772287586331040721e-02 6.966927761623236126e-01 9.117128583235477590e-01 8.218826384531705553e-01 5.442470349046727440e-01 -8.698313872144052272e-01 1.476579010273873571e+01
1.220448557283214673e-05 -2.040083592643049393e-01 3.568173775984787577e-01 4.114053982571996837e-02 6.281348549024157180e-01 9.040283465032221688e-01 8.558341733586563027e-01 3.170713331979054805e-01 -7.665579539221923921e-01 1.467198064040031724e+01
1.213924934071269056e-05 -2.038124076078368097e-01 3.180937092953759482e-01 5.118966198197201500e-02 6.922533473383783997e-01 1.026843384576831442e+00 7.813838318005192907e-01 8.293493598564523062e-01 -1.262348195107024118e+00 1.490330575211012487e+01
1.207476071676147267e-05 -2.035834192976405665e-01 3.723767810571061432e-01 4.213507773432866033e-02 6.215001938529491898e-01 8.908797281317963890e-01 8.474873028595184543e-01 5.079251169619171113e-01 -7.653660503619984512e-01 1.469346160491357978e+01
1.201007689857451222e-05 -2.033992077168988999e-01 3.496809494643848826e-01 5.333954740971148800e-02 7.775022344658306661e-01 8.909355998760559725e-01 8.254329486509435210e-01 7.167269937858148365e-01 -1.099042906031684197e+00 1.482320683887085622e+01
1.194539026370846000e-05 -2.032442391463879783e-01 3.523886083337596231e-01 3.492904646050366824e-02 5.975281559853693469e-01 9.498738631342379390e-01 8.116365297413482560e-01 5.611153598241492846e-01 -7.963718669714151543e-01 1.479743370701714866e+01
1.188095390130779801e-05 -2.030975301220601104e-01 3.616798778921153090e-01 3.989372910414842877e-02 7.374444686113104108e-01 8.367450421886525325e-01 8.572986530048556375e-01 8.952420822991433713e-01 -7.945157972193563900e-01 1.467229573515486862e+01
1.182186817806294622e-05 -2.025275282218381157e-01 3.567207322273144854e-01 4.463551674769825756e-02 7.344625944313942778e-01 8.550404610559344531e-01 8.433980121966426768e-01 3.145807151851761629e-01 -7.831855541834034096e-01 1.476342107584370034e+01
1.175895068791037485e-05 -2.023083131738871721e-01 3.673247097656225924e-01 4.448316560861334534e-02 7.746488890825713458e-01 8.184528130762479536e-01 8.622357794627886207e-01 8.360553928865523954e-01 -9.534151593237498723e-01 1.474117322116742201e+01
1.169918556963154290e-05 -2.018482389416629275e-01 3.336333534175701665e-01 5.901638313186114565e-02 7.767674088309073355e-01 9.223753885002899944e-01 8.015096608414256085e-01 3.467068826592928366e-01 -9.321574360631514899e-01 1.487195460338020503e+01
1.163681161422637390e-05 -2.016384248559726922e-01 3.460507697057511600e-01 4.136073328706588864e-02 6.390846938522813936e-01 8.954663200399393119e-01 8.615108387437171444e-01 4.935388537281676369e-02 -9.545846598044113174e-01 1.476064290584579730e+01
1.157380353513622646e-05 -2.015121294435010535e-01 3.694717862590760626e-01 4.827281001770288016e-02 7.332832580269716960e-01 8.491156090588574124e-01 8.632635826926640110e-01 5.200992073272583394e-01 -1.290301523891945523e+00 1.484507314724350380e+01
1.150994719182799195e-05 -2.014891675247549863e-01 3.002668997836446252e-01 5.654824621724596767e-02 6.673023771104468205e-01 1.052388181241400211e+00 7.887328866195651988e-01 1.487543173273536135e-01 -1.292413639023195060e+00 1.495323588888619071e+01
1.144808040974649279e-05 -2.013231805254461215e-01 3.064220123298244669e-01 3.793309094590774366e-02 6.135930414913003395e-01 9.959509502286667537e-01 8.259420843338765028e-01 2.773693986139802448e-02 -9.230375359411504554e-01 1.482447868143668934e+01
1.138758262842765350e-05 -2.010661724878864409e-01 3.783354328681780565e-01 4.309737326642806843e-02 6.360644071797809662e-01 8.881723867241290149e-01 8.426780948351930700e-01 7.093986895187112118e-01 -9.903912569713417824e-01 1.476978703581113272e+01
1.132966759479516584e-05 -2.006093994464366037e-01 3.320883568211111525e-01 5.474900422722031590e-02 7.866840837422712784e-01 9.242621081861978061e-01 8.181770208024824464e-01 8.343523845359961388e-01 -1.170974399853785375e+00 1.480497497010007457e+01
1.126908008820806857e-05 -2.004158801064853945e-01 3.070751369676438802e-01 4.060364137196921519e-02 6.193799977731658801e-01 1.025502030052795055e+00 7.937729110473208394e-01 2.877697084223197477e-01 -8.986867874124029321e-01 1.485347282241605527e+01
1.121544961091271144e-05 -1.996307671369459968e-01 3.718298961596701036e-01 4.086084668488236538e-02 6.728846708726524684e-01 8.467200452773478991e-01 8.674574907405392388e-01 6.982167997881637556e-01 -8.058490530734836454e-01 1.463811038223981598e+01
1.115423171014960795e-05 -1.995485174108422299e-01 3.166160361196044826e-01 4.516994430368738433e-02 5.999304040811919148e-01 9.959384520390659468e-01 8.175423235825138857e-01 1.066127168633632660e-01 -1.053221113303857592e+00 1.482926241399933609e+01
1.109759326501439605e-05 -1.990836514966449478e-01 3.248055711627707565e-01 3.940351021003042631e-02 5.901319239455576904e-01 9.998797435595725425e-01 7.955132585642020748e-01 2.195572685201226115e-01 -8.570164015919620182e-01 1.487409373283176883e+01
1.104137372780138799e-05 -1.986068928041865023e-01 3.394811956818994947e-01 5.707829230659418329e-02 7.684531239048602025e-01 8.782916405290301931e-01 8.548433053227404432e-01 2.751216634391893123e-01 -1.088333826194273657e+00 1.475429170537255175e+01
1.098516118291301712e-05 -1.981554234929883695e-01 3.644283696152665897e-01 3.782994530746420364e-02 7.228031350507322372e-01 8.188180646415443853e-01 8.712675973209946800e-01 6.960378165579652610e-01 -8.467172025725939744e-01 1.468497701293501123e+01
1.092830643081082300e-05 -1.977889033450025147e-01 3.288665997001328778e-01 4.552896708369794099e-02 6.652596839549070884e-01 9.309221516658147122e-01 8.359063952464000913e-01 3.207781838735940805e-01 -1.027152182882993703e+00 1.474462182023403756e+01
1.086776571161771590e-05 -1.977885574152696280e-01 3.551295641237469658e-01 4.624716592222369999e-02 7.010932307412149900e-01 8.306375191323553953e-01 9.033737882684850229e-01 5.405952435250210852e-02 -1.003978402011028281e+00 1.466993481165729207e+01
1.080762714330448502e-05 -1.977820337070255174e-01 3.505218262525822137e-01 5.142612525904610710e-02 6.531398384182569572e-01 9.300453789666563997e-01 8.451715438097369137e-01 3.184672080856347787e-01 -1.100577082447550481e+00 1.476873111372218261e+01
1.074785341976024908e-05 -1.977725272485964803e-01 3.485832787007148159e-01 5.255921376286008806e-02 6.993569952711878868e-01 9.335621223050940554e-01 8.178825208464203245e-01 8.328898816929810600e-01 -1.135268723502881327e+00 1.479403568746541175e+01
1.068844056935663148e-05 -1.977601875648169194e-01 3.081509245568250233e-01 5.208357242095919271e-02 6.565199722731487331e-01 1.033704250091916688e+00 7.806443114397588756e-01 1.849624819414701360e-01 -9.243880846235850157e-01 1.489872312567529278e+01
1.063198661393589481e-05 -1.975004065145290200e-01 3.376552892281240448e-01 4.411313161069232991e-02 6.466570104307552969e-01 9.968685211358664366e-01 7.993855223805466093e-01 7.867644458835648669e-01 -1.100078359907656456e+00 1.485307788981739030e+01
1.057525839729998599e-05 -1.972947539670710237e-01 3.252444183014838730e-01 5.440423503556043872e-02 7.159602860089672172e-01 9.797259987235436007e-01 8.100423290198703885e-01 5.681799267569682677e-01 -1.272066473315424995e+00 1.485667624004887521e+01
1.052730340946782727e-05 -1.962841508983393102e-01 3.360210185430020369e-01 4.518210093134036182e-02 6.380123428581618850e-01 9.615570718612223011e-01 8.348529130617839966e-01 4.467937788034407887e-01 -1.095166492106561806e+00 1.476981336376118925e+01
1.047438728383655151e-05 -1.957678313150552074e-01 3.586490659267094205e-01 3.528535596086226217e-02 6.172819115583892957e-01 8.935759970241570205e-01 8.587424481786652963e-01 3.468674299487037316e-01 -8.828114868338994281e-01 1.473110348423072224e+01
1.041776342846373140e-05 -1.956328755627705918e-01 3.588202208878555899e-01 3.907348124322153338e-02 6.683749645888785729e-01 8.706020650016536022e-01 8.573721366687623302e-01 3.535725389093249404e-01 -8.635294326235125606e-01 1.476153724218327667e+01
1.036100433862407424e-05 -1.955405150963089866e-01 3.666428171490911936e-01 4.077038244721847143e-02 7.523016184323683131e-01 8.111692744042676706e-01 8.757642239121485872e-01 7.421859783193788251e-01 -9.233606111659329319e-01 1.469819453755268412e+01
1.030363647621619805e-05 -1.955372466866417414e-01 3.218345637345585430e-01 5.020051737528895275e-02 6.609967687235347444e-01 1.024227207354913904e+00 7.827687907132483414e-01 7.796994763480707968e-01 -1.216713502495194499e+00 1.487845858934005960e+01
1.024715140135422421e-05 -1.954788251037095081e-01 3.036396235926411835e-01 4.979700188452060305e-02 6.556501544735757747e-01 1.027397150532616266e+00 7.918904476029864359e-01 6.726674346028710394e-02 -1.087868512183008285e+00 1.495241235341955921e+01
1.019412217096638169e-05 -1.951117280033322354e-01 3.460815486051879164e-01 4.882155867658960480e-02 6.520159495093356128e-01 9.627449901394140586e-01 8.234947454787825416e-01 3.615997054032623059e-01 -1.205043409151330902e+00 1.489057976347075929e+01
1.013993721371324525e-05 -1.948856626869234221e-01 3.428580207204527941e-01 4.669759623676887628e-02 6.590604909430818337e-01 9.288368567716336344e-01 8.473917220575553078e-01 9.869870354008475344e-02 -1.030163519725121768e+00 1.481741620578963570e+01
1.008901672190134753e-05 -1.943645344699434507e-01 3.467717659266993380e-01 5.720088619086788340e-02 7.631407437350963274e-01 8.929470175971285784e-01 8.340148447735649118e-01 3.094875039554414453e-01 -1.201701951328838502e+00 1.486281458123942834e+01
1.003365272730175581e-05 -1.943116419122436767e-01 3.541723510578937972e-01 4.929451163338012532e-02 7.838943958819692970e-01 8.418609959353241523e-01 8.381257773873983519e-01 8.267147815548918643e-01 -7.819109754159923042e-01 1.468014627145473305e+01
9.978588352802067089e-06 -1.942591695189357370e-01 3.109842540038052494e-01 4.572644659245053700e-02 6.366248836727843585e-01 9.586701905266320489e-01 8.438234829670806514e-01 3.052891751159070299e-02 -9.531712726596104357e-01 1.472188104562039968e+01
9.937058889753382825e-06 -1.928741561243075275e-01 3.657773686998015972e-01 4.186556365147633268e-02 6.220756390605534092e-01 9.223679035441708640e-01 8.231169447351384116e-01 7.250783360634441843e-01 -7.816216405361712249e-01 1.470931007352442599e+01
9.883679807751297088e-06 -1.927047985168320599e-01 3.207945201295688831e-01 4.800759257325912244e-02 6.469060233107447599e-01 1.021880113592384953e+00 7.862570827840588139e-01 7.432865175422758153e-01 -1.059062839060476158e+00 1.481353143922366833e+01
9.838683103423591581e-06 -1.917122644008463495e-01 3.407149846935978443e-01 5.537820836630016896e-02 8.218060260488275759e-01 8.350224600866117397e-01 8.518037758177107177e-01 4.169916472305766897e-01 -8.961908145636389156e-01 1.471115713669343172e+01
9.788555023095871189e-06 -1.912647315838175155e-01 3.185376396963022216e-01 4.308487649305121903e-02 6.176511780286921827e-01 1.038025038509040376e+00 7.812316548086134516e-01 5.426638052049057581e-01 -1.110418770606194983e+00 1.490122033690943759e+01
9.735783485320296344e-06 -1.911149075730177727e-01 3.889800936567117118e-01 4.040329048708191095e-02 6.470188369345297730e-01 8.562019300568489699e-01 8.553518890131928121e-01 7.388868779168484835e-01 -8.250839567580590117e-01 1.470916253074923397e+01
9.685957966677605479e-06 -1.906902645132073082e-01 3.563575151527113016e-01 3.575093620462663907e-02 6.072782960210644232e-01 9.507363070141815475e-01 8.241802746787673106e-01 6.661371306013654792e-01 -9.025861695717275479e-01 1.477340666000127101e+01
9.633935973733321465e-06 -1.905200510131271341e-01 3.293600211598375349e-01 5.265695236510457844e-02 6.881704711097472726e-01 9.355792855453416434e-01 8.297131316356157749e-01 2.139733161423096053e-01 -9.364490834999339430e-01 1.472951257324933927e+01
9.581744162653616355e-06 -1.903967194593709777e-01 3.706489354675894798e-01 4.773175511002747395e-02 6.422743310941322337e-01 9.167124781090945085e-01 8.317619977380191765e-01 4.562017699084616185e-01 -9.882770098972384343e-01 1.482660312714837225e+01
9.532588739179045746e-06 -1.899844803971406648e-01 3.453294121214443013e-01 5.827379446492558096e-02 7.778963099137686799e-01 8.862626705790974668e-01 8.442763024810656658e-01 5.101927336940967894e-01 -1.266183195132641437e+00 1.480911907194703581e+01
9.481686415444486206e-06 -1.897830542965010803e-01 3.802974667602883052e-01 4.141605703433313274e-02 7.619095024390588611e-01 8.063219702772771447e-01 8.551908428164828324e-01 8.151192240834794767e-01 -7.462086111363402940e-01 1.472926756888187150e+01
9.432051840971044157e-06 -1.894760316053843430e-01 3.436014637377781122e-01 5.032087588880623102e-02 7.167692822069137160e-01 8.972395706586544506e-01 8.222527733788271842e-01 5.107198322005486180e-01 -8.282879830793272724e-01 1.472946865617079304e+01
9.385127907732996745e-06 -1.889078366563826938e-01 3.489922612757698772e-01 4.627919580678660494e-02 6.120663425603336538e-01 9.349871370823651384e-01 8.287197645320159012e-01 1.370893637910812202e-01 -7.234136796733223740e-01 1.474607512548866595e+01
9.334593991024643016e-06 -1.887512971475693579e-01 3.691465484756303317e-01 3.599994224553078326e-02 5.994897752499921406e-01 9.402327504411073233e-01 8.179698296267499114e-01 5.320062026027351232e-01 -7.158803709439011120e-01 1.478823322785549976e+01
9.285462990167822717e-06 -1.884729665680261734e-01 3.163729286975103250e-01 5.369995687445362070e-02 6.672103467920582620e-01 1.034801356016228358e+00 7.668588531728475211e-01 5.320367106826859871e-01 -1.065658278235112943e+00 1.493646422823123032e+01
9.239253291974895818e-06 -1.879063990580287224e-01 3.130537525435753698e-01 5.608815117984851384e-02 6.603099264479762587e-01 1.049399883217548624e+00 7.707646353822201757e-01 4.977650337199331920e-01 -1.133054660791501300e+00 1.491239371041939066e+01
9.189852107342401957e-06 -1.877120698766425178e-01 3.618674872946959775e-01 4.250053522692312513e-02 6.747877331031587600e-01 9.044560762387696684e-01 8.471874342557702553e-01 7.119097527978606177e-01 -1.225302624619641900e+00 1.481886286882717840e+01
9.141580787038409278e-06 -1.874230346366705657e-01 3.258661227559668250e-01 4.181742003095581528e-02 5.940407543449331973e-01 1.058756892721165244e+00 7.679814283276599207e-01 4.534615607022889350e-01 -1.029767562641365153e+00 1.498910379564738804e+01
9.094657420896440012e-06 -1.870136577132908429e-01 3.595631626971811379e-01 5.244262453837127136e-02 7.182341686971076555e-01 8.678716691707449860e-01 8.338255355233501476e-01 2.187089670696073240e-01 -7.967836435107708004e-01 1.478100403668578799e+01
9.046916444138419246e-06 -1.867212714195631007e-01 3.683379108587457873e-01 3.316068113668366873e-02 6.069350037154568334e-01 9.233893466510815218e-01 8.323245362268805181e-01 4.671487089039164653e-01 -7.400404361439886225e-01 1.476523412084996778e+01
8.997572409729501426e-06 -1.866348824118432559e-01 2.976489292415290255e-01 5.263076443106455560e-02 6.555127186886507973e-01 1.055592004678576723e+00 7.894809385093465304e-01 3.737580647257446875e-01 -1.254220886730547324e+00 1.487662755917412483e+01
8.947948550608582642e-06 -1.866098417648205943e-01 3.394014222523052959e-01 5.316580977072733749e-02 6.844523286773381843e-01 9.225375925697507640e-01 8.273885124334454666e-01 4.090128910443909804e-01 -9.317283351803785640e-01 1.472852481086151855e+01
8.902571810161471715e-06 -1.861383775714662292e-01 3.487726400953555239e-01 3.071383840373018495e-02 6.168523831220014131e-01 9.239359725047738836e-01 8.367328511106831845e-01 3.919698148296981155e-01 -7.825658102742608646e-01 1.476688623862662553e+01
8.854007527984974956e-06 -1.860528398997570165e-01 3.788025503168709340e-01 4.142549743150412273e-02 7.074487010718599755e-01 8.575645094595117923e-01 8.407379967063762782e-01 8.110752103633702692e-01 -7.700196417665757798e-01 1.474252960732091111e+01
8.806227748229875351e-06 -1.859082990432395222e-01 3.471824765614940356e-01 4.579605327455887887e-02 6.933978181335987978e-01 8.836406934711467098e-01 8.618070548454803692e-01 5.593336267742823331e-01 -1.204480682538397573e+00 1.473719768161128663e+01
8.760396852630002808e-06 -1.855707065999137317e-01 3.438403797550416141e-01 5.099556188408846391e-02 7.758341152333243507e-01 8.650143380025594464e-01 8.527033783114418286e-01 7.826314119251469581e-01 -1.124483646029509121e+00 1.471948455221686558e+01
8.714428661911637468e-06 -1.852762389687792333e-01 3.615181701630512112e-01 4.732922960960893322e-02 6.607438997717325346e-01 8.858373660521509096e-01 8.487028987808153957e-01 4.840897194161070116e-02 -8.619631547789510240e-01 1.479220737953085063e+01
8.667452000945913848e-06 -1.851259414808090753e-01 3.625889526078158731e-01 5.116107593989398239e-02 7.340531294103900262e-01 8.866876800277077031e-01 8.442518063583360766e-01 7.615531563009078075e-01 -1.203687100673195287e+00 1.481460877164608725e+01
8.619531164091594105e-06 -1.851145527871211061e-01 3.361105891727633743e-01 5.064249182293951990e-02 6.320282011615948603e-01 9.772164339809681355e-01 8.206844328519952159e-01 4.396736625581540436e-01 -1.198087248441981334e+00 1.480528779146971274e+01
8.572170673781130061e-06 -1.850687030846188408e-01 3.629322639918659554e-01 4.496021400610685642e-02 6.444500684572662674e-01 8.797256972969167421e-01 8.536042130474381651e-01 4.741714705903746219e-01 -8.073634430007893270e-01 1.465861338005386116e+01
8.525553872316279260e-06 -1.849661441371555637e-01 3.555308675811453822e-01 4.611056586588896389e-02 6.243810649135891344e-01 9.199991919160381837e-01 8.325487451442801223e-01 2.834398903332661090e-01 -8.221391287734718389e-01 1.476508726428156137e+01
8.478438413921212186e-06 -1.849522964558744376e-01 3.547654948754266346e-01 5.170876833372366199e-02 7.276035691823736773e-01 8.413304463150934609e-01 8.829393669001746048e-01 1.314660596908462931e-01 -1.059823620719196446e+00 1.469990101440950347e+01
8.434627880472884111e-06 -1.845774255465477964e-01 3.337258236590044946e-01 5.812933776447926082e-02 8.071663118493093148e-01 8.737828672952486775e-01 8.301983685096475662e-01 3.019669396798289607e-01 -8.153788816332570022e-01 1.471838867711612053e+01
8.393537288509279334e-06 -1.839054295728694555e-01 3.458831445896465295e-01 4.916936782939833328e-02 6.812672794275016486e-01 9.507649850930346425e-01 8.095247508257857882e-01 6.843064642780044560e-01 -8.981200652900864778e-01 1.477161098008080486e+01
8.347110458154236777e-06 -1.838964872767326619e-01 3.652236459363388255e-01 4.392316460189829574e-02 7.419117674581957589e-01 8.549817618377559825e-01 8.541529286835207735e-01 9.989914535869933720e-01 -1.085123126137062632e+00 1.475320794263140733e+01
8.302472564993526157e-06 -1.837029879420059575e-01 3.258008208313831755e-01 4.766107799123237010e-02 6.757659077218796106e-01 9.172491889321641167e-01 8.510755115353492162e-01 1.121168414974212379e-01 -1.104025719260205429e+00 1.476074730941550683e+01
8.258503073319521399e-06 -1.834574571034984225e-01 3.208372121617397710e-01 5.455246302904000200e-02 6.973805800146563039e-01 9.986928093174585186e-01 7.934641074867940791e-01 3.913949220677611085e-01 -1.119595129208927453e+00 1.490525443959143637e+01
8.214537847695603409e-06 -1.832397538880433940e-01 3.687208883951196281e-01 4.665820731318850306e-02 6.751954130025843437e-01 8.395393754181068591e-01 8.865353839455024643e-01 2.029676006296166346e-01 -9.101452014668138801e-01 1.466889239952814705e+01
8.170259011403094521e-06 -1.830890799999786989e-01 3.278340048881652202e-01 4.469958706553181504e-02 5.939023949731024876e-01 1.029059899496866937e+00 7.732353575353976272e-01 4.180878248907292094e-01 -7.688588457823466449e-01 1.483691747405054606e+01
8.125062982925199804e-06 -1.830806556255322737e-01 3.519603371311651463e-01 4.412536122518972287e-02 6.631169368616167681e-01 8.854523268696272709e-01 8.376132814548362671e-01 3.994436797766602876e-01 -7.510988125897317680e-01 1.469457135590853980e+01
8.082265117453208458e-06 -1.828064104357854103e-01 3.571925115809263529e-01 5.055589623034026370e-02 7.279660685459694580e-01 9.128266229004030619e-01 8.238542512140509810e-01 9.111923646658666165e-01 -1.161794450693450775e+00 1.484903570427802677e+01
8.042630786813772034e-06 -1.821667824859351803e-01 3.573425404203577349e-01 4.793036231730848917e-02 7.762821701904393246e-01 8.156285020012788989e-01 8.633963176622090341e-01 2.670903795650734214e-01 -8.216817219757471813e-01 1.471621836643398318e+01
7.998227835823517825e-06 -1.821474722707785709e-01 3.057178328520556154e-01 4.809144301126926091e-02 6.362858324795103160e-01 1.028582900369438669e+00 7.885822339090676758e-01 2.036253191607860780e-01 -1.048366210476344040e+00 1.488163423619594994e+01
7.954100902205062326e-06 -1.821242809101537019e-01 3.775456672876406072e-01 4.021185551429794225e-02 6.366007634350050459e-01 8.647942340574789055e-01 8.527076127334627387e-01 4.884640180391507380e-01 -9.023985663423526038e-01 1.476626145923868272e+01
7.911239330858116272e-06 -1.819719092754851497e-01 3.679824456670608424e-01 4.954658312639324130e-02 7.442526534668716387e-01 8.384617414236046340e-01 8.467947533913137148e-01 2.649443146863229570e-01 -8.446049834328830386e-01 1.480157308742640332e+01
7.870554643929226886e-06 -1.815722665549456827e-01 3.827505926300714956e-01 3.931425763746598800e-02 6.995022651971071204e-01 8.238842831764399133e-01 8.707948030742724832e-01 6.657092483666395832e-01 -1.007945884346047372e+00 1.477930680743048697e+01
7.827298793149249501e-06 -1.815277779020521565e-01 3.276632858902511769e-01 5.398515124695563161e-02 6.511775378267468106e-01 1.005679313355139159e+00 7.915654331362850238e-01 4.099394116489045170e-01 -1.001563488369945354e+00 1.485722681495230191e+01
7.785617452253826802e-06 -1.813115759001326932e-01 3.460746116054912447e-01 5.285818079442004824e-02 6.897458352713988772e-01 9.319784193036856346e-01 8.091324592092477008e-01 5.980214581587863787e-01 -7.881525385694158059e-01 1.472509317866808942e+01
7.742513874459265626e-06 -1.813077107053157055e-01 3.359280150215900318e-01 4.599027467669573183e-02 6.945765835958724876e-01 9.107787244113697556e-01 8.449083442169935676e-01 1.495572805058356103e-01 -9.805245953230288247e-01 1.478846908808115757e+01
7.699757381682007044e-06 -1.812897605096051856e-01 3.296900420574387924e-01 4.760026756010451998e-02 6.507492833746217897e-01 1.016996428336385483e+00 7.752071717418560493e-01 7.863739150806359213e-01 -9.717907014891591366e-01 1.485368744046058964e+01
7.663654005865367730e-06 -1.804341301678033527e-01 3.751082867594787151e-01 4.345736087722795737e-02 6.698917187409818563e-01 8.414916106228328418e-01 8.730199921161263532e-01 3.726638653233646514e-01 -7.178390107435798084e-01 1.464173707390791712e+01
7.622124657939030276e-06 -1.803123115543936450e-01 3.333549241310695965e-01 5.065759521229434847e-02 6.423183589321150855e-01 1.006728225751774675e+00 7.974725915890026329e-01 6.339552173130763579e-01 -1.103475378771027859e+00 1.482283715110855304e+01
7.581038308799557145e-06 -1.801617430076121185e-01 3.122796442034374564e-01 5.492804158837177875e-02 6.562268101903367956e-01 1.054730178956442721e+00 7.749049234778302431e-01 5.372189960135060893e-01 -1.232583404882573674e+00 1.491390297987285685e+01
7.540313517904455269e-06 -1.799925959987893065e-01 3.699145886067423117e-01 3.348932452535695325e-02 6.487422565330550617e-01 8.988278334401372804e-01 8.236589447183787494e-01 7.646806868005979752e-01 -7.439512236696437242e-01 1.477582390405507340e+01
7.503803843439579305e-06 -1.792907311269010540e-01 3.138452104544153798e-01 4.327680764965122912e-02 5.797646506565766744e-01 1.019659777134183321e+00 8.093491793958204061e-01 1.832271510808297643e-02 -7.697090582695265137e-01 1.476862764383017890e+01
7.462741481301719647e-06 -1.792224091684414544e-01 3.732689792138822460e-01 4.417258276853373855e-02 6.985369600073242369e-01 8.085031439836469769e-01 8.880213699214122292e-01 3.227842772167662244e-01 -7.956788637304572642e-01 1.463516101370110079e+01
7.424131548608661231e-06 -1.788539764137775379e-01 3.127755505042076334e-01 4.733394410111803341e-02 6.132645812385432160e-01 1.087580646010026353e+00 7.652425258227912863e-01 4.986754214129153207e-01 -1.241762047093567078e+00 1.502672585810761419e+01
7.384488917269662799e-06 -1.786524274826610803e-01 3.389035494173975316e-01 5.665380857299646272e-02 8.184667858157941289e-01 8.537295387715735373e-01 8.488323608792216479e-01 5.077265229783270994e-01 -1.149166761269460046e+00 1.475793160411943461e+01
7.345119574489337128e-06 -1.784424907943873428e-01 3.297913186393318097e-01 4.877286528272206656e-02 6.264478304148657362e-01 1.000508128442196387e+00 7.978160741031885550e-01 2.807507109489343899e-01 -1.035554210541986819e+00 1.491334557967786623e+01
7.304556569803684995e-06 -1.784246833701942370e-01 3.628234994649920386e-01 4.445276189595219474e-02 7.606953149759230204e-01 8.063953792430211820e-01 8.666581800025416893e-01 3.182437373992967888e-01 -7.727957252601680427e-01 1.470289613770051673e+01
7.264552802830625466e-06 -1.783607287745740122e-01 3.624809907072962245e-01 4.170165429914557409e-02 6.407123940426093789e-01 8.951643006704521621e-01 8.432660125030501108e-01 4.623995730414408034e-01 -1.072685391778049446e+00 1.482370259098579091e+01
7.226067575975194913e-06 -1.781169288701784370e-01 3.680887625768209936e-01 4.696444269018548029e-02 7.098625914053886543e-01 8.289348417204773778e-01 8.779222899593547291e-01 5.677204548475200951e-01 -8.893326513980821524e-01 1.463984369412487396e+01
7.187303628799179631e-06 -1.779402732384406938e-01 3.553517026126505884e-01 4.307790350189133477e-02 7.157889244414969987e-01 8.212341618020359002e-01 8.811420737917201595e-01 2.340684299849972727e-01 -8.307683320082304146e-01 1.466717745172385889e+01
7.149373918976497850e-06 -1.776760131300981482e-01 3.315698411583198890e-01 4.341690506647661457e-02 6.113045608198661718e-01 1.016607073849600029e+00 8.063929724678565725e-01 4.499143755211528206e-01 -1.275036719503907401e+00 1.493687000090773154e+01
7.114214655383834582e-06 -1.770503999406649598e-01 3.270728530930924194e-01 4.661095511464092428e-02 6.301502377283965117e-01 9.963894087032267866e-01 7.885682418417072626e-01 3.983723505189194491e-01 -7.440954422009128377e-01 1.477458551476432191e+01
7.077640081900533060e-06 -1.766491607353422033e-01 3.445501373974693693e-01 3.757767307955720698e-02 5.736092970143208403e-01 9.898538626865607259e-01 8.025562354901567552e-01 4.356071668837673272e-01 -7.756353790287252581e-01 1.478496657338569698e+01
7.039146987948983057e-06 -1.765471392117253513e-01 3.338763739210572901e-01 3.858804691050519986e-02 6.455954313767131580e-01 9.295094932362303330e-01 8.362679894256116464e-01 2.593212104018278730e-01 -9.814142702409902608e-01 1.481357341065046818e+01
7.000312541352878361e-06 -1.765237831770628540e-01 3.699887233411082166e-01 4.799154158848278895e-02 6.698785938608278201e-01 8.989334035376957965e-01 8.278085393736388520e-01 7.577028697272769620e-01 -8.940079660217343793e-01 1.474166448403227925e+01
6.965009654762857240e-06 -1.760240310312320977e-01 3.368517025970788614e-01 4.202971026349101163e-02 6.071466050242575463e-01 9.781052067374444992e-01 8.053516136854516061e-01 4.678943188962961242e-01 -7.649284502805175912e-01 1.473320302184854036e+01
6.926636179614709539e-06 -1.759931732990230868e-01 3.511356219727633787e-01 5.015333663839561390e-02 6.852578807821060325e-01 9.071969126380624582e-01 8.196973806085836589e-01 4.058544791404991581e-01 -8.379211310007412816e-01 1.476590628029374486e+01
6.888864263237308859e-06 -1.759056803225527987e-01 3.258764055342528998e-01 4.815603422011083268e-02 6.637200152496599559e-01 9.414941169317934122e-01 8.448932590945662513e-01 3.355648655302642114e-01 -1.152961161868377937e+00 1.472499065698539056e+01
6.851392431338689856e-06 -1.758044515134964403e-01 3.711689235789679131e-01 4.355880626473604411e-02 6.950775985250456923e-01 8.482132488750485644e-01 8.627460387384626728e-01 3.282523448882074257e-01 -1.023395920086953348e+00 1.482000196584884399e+01
6.814311059049492678e-06 -1.756758340331327217e-01 3.413010789104509168e-01 4.694878239180244606e-02 6.116120501654601638e-01 9.543681109584363220e-01 8.407519752775812760e-01 1.658303562434897960e-01 -9.146100826959333574e-01 1.475043552221124799e+01
6.777316988642411493e-06 -1.755639474232878194e-01 3.340132109148503670e-01 5.857311153296582140e-02 7.578081018072855279e-01 8.964199477994617693e-01 8.326145367130768360e-01 7.701262467311048576e-02 -8.383572073149583304e-01 1.474102733362007100e+01
6.740120885143085372e-06 -1.755118308669065819e-01 3.277507913749394541e-01 4.018103814866660212e-02 6.139244996380237573e-01 1.016330421240119630e+00 7.859572890825810010e-01 6.820861458888334283e-01 -9.186613551420562684e-01 1.483072039346361493e+01
6.703352187171088314e-06 -1.754264078370741109e-01 3.327007456587958156e-01 5.735537264513541900e-02 7.844482239786343403e-01 8.831366238918154643e-01 8.409338155053541763e-01 2.201326898499765816e-01 -1.066933331941386509e+00 1.477286070113034455e+01
6.668369761264896288e-06 -1.751031635501445749e-01 3.683537972519446146e-01 4.088051454282844860e-02 6.361015137888615945e-01 8.984457118307568324e-01 8.316590463608449779e-01 4.713542705961465962e-01 -9.652902284769124819e-01 1.484356458669497059e+01
6.635873794284183664e-06 -1.744326706391823023e-01 3.658743840669479441e-01 3.812063825541990580e-02 6.607317204890293949e-01 8.582562704644959295e-01 8.706654529839397139e-01 4.230527846402786785e-01 -9.107705832851767935e-01 1.472514038565288708e+01
6.599849498209399766e-06 -1.743206234184538628e-01 3.209155925593067948e-01 4.285455897470612230e-02 6.006963942575498372e-01 1.003888591046289136e+00 8.057236749940632770e-01 5.882369038360935054e-02 -9.771808621027062713e-01 1.490232601891459474e+01
6.565715823562260465e-06 -1.739503751844399815e-01 3.367125652198292851e-01 4.959740436902610600e-02 6.186723918865039140e-01 1.009259121290020378e+00 8.001812149148450626e-01 4.684888734778487329e-01 -1.084768506173429348e+00 1.486401212021790919e+01
6.531116205783256712e-06 -1.736784940617831507e-01 3.381503775564334013e-01 4.980789264133772543e-02 7.171591258421271542e-01 9.239068454907295447e-01 8.069249490650330925e-01 5.338608282276149364e-01 -8.135207320303907697e-01 1.477148376084806181e+01
6.501630751169476036e-06 -1.726477719919914944e-01 3.565980117925969806e-01 4.791036144058414409e-02 6.373496427932801023e-01 9.522957308952877398e-01 8.077962703511051279e-01 6.258591111723271760e-01 -1.002079114360954204e+00 1.482147163681986157e+01
6.466196156928697992e-06 -1.725572311507409251e-01 3.485057561478691057e-01 3.977542255341219579e-02 6.220958534947538254e-01 9.626399697623242435e-01 8.044533011926222610e-01 4.432445871542334270e-01 -9.782417636683963247e-01 1.492045760584302094e+01
6.430443872961173381e-06 -1.725461236797603548e-01 3.841264336814477209e-01 4.424036978173231938e-02 7.242228991349497491e-01 8.281980878421865144e-01 8.465402466819583749e-01 8.666096039143008634e-01 -7.834912689216839699e-01 1.473934327710888148e+01
6.395183003909566481e-06 -1.724890842168513017e-01 3.467612669186009300e-01 3.666032901100706176e-02 6.318191085830332510e-01 9.280760578304980690e-01 8.307442608539316042e-01 2.192589728079235023e-01 -7.065321260816138649e-01 1.477879209881775502e+01
6.360479309923841614e-06 -1.723748422923910006e-01 3.341657953815045934e-01 4.656694025560609296e-02 6.147777665402469616e-01 9.627341910305327044e-01 8.275670160195256475e-01 7.147672682068145766e-02 -8.391122527385597163e-01 1.479452016588700403e+01
6.328023518045933106e-06 -1.719350774809684512e-01 2.958297517919026287e-01 5.208975107752687739e-02 6.140941557283885466e-01 1.089943555474528925e+00 7.710215179919599482e-01 1.382221000189857163e-01 -1.144237107896799444e+00 1.498127052926019864e+01
6.293839478725007735e-06 -1.717961744290806558e-01 2.879589551796628011e-01 3.917998456334523955e-02 5.839044150909760145e-01 1.103325792711014275e+00 7.584691260093936460e-01 2.952604937694452425e-01 -9.883645353078596152e-01 1.493604591084733180e+01
6.262083228517667023e-06 -1.712989994737522392e-01 3.636443604906637317e-01 4.210393165408942567e-02 6.705544877127908032e-01 8.784604806073443850e-01 8.338008557863075820e-01 5.933705408057574626e-01 -8.962844716978941584e-01 1.477759151354868195e+01
6.231080985814326776e-06 -1.707065270585783057e-01 3.367997075070097157e-01 5.065739499583019056e-02 6.691808178770393134e-01 9.858393378712622113e-01 7.947890037720307665e-01 7.579314258762144263e-01 -1.178989431061417736e+00 1.486607173898186751e+01
6.202528139558613166e-06 -1.697438288398940565e-01 3.423449049545426170e-01 4.209759116267895035e-02 6.393535432428040233e-01 9.470295434005572277e-01 8.158681549088782070e-01 3.681870623620506766e-01 -8.003123508124770913e-01 1.477237770374354398e+01
6.169833256002788570e-06 -1.694734340739062206e-01 3.520947015461370899e-01 4.981018279927659081e-02 6.921729764843219668e-01 8.604365795251928128e-01 8.674829999884274834e-01 2.325097761896065818e-01 -9.500158427575324804e-01 1.468096874371827631e+01
6.136464831226543660e-06 -1.693408751526028488e-01 3.355935618645708995e-01 4.665247051939853951e-02 6.603175505993386096e-01 9.436382921199029106e-01 8.267093914233251128e-01 8.077620394245788038e-02 -9.515911037666102690e-01 1.483842495946639062e+01
6.103456473712351385e-06 -1.691788898188155976e-01 3.318884182770797109e-01 4.991470330415345019e-02 6.793150792185496112e-01 9.116735110991512903e-01 8.503855424383648387e-01 2.725863654896116817e-01 -1.030633588783194110e+00 1.470725126140510497e+01
6.069942663186612761e-06 -1.691294209065443976e-01 3.478042985349409921e-01 4.859872014075214408e-02 7.573108107293391456e-01 8.437023528325487964e-01 8.661285391570701098e-01 4.974966013164617840e-01 -1.089172842228614657e+00 1.471987014412292893e+01
6.036881920861184558e-06 -1.690353840629105209e-01 3.789697888535052961e-01 4.122800099484591474e-02 6.337740954146626748e-01 9.045369066826240978e-01 8.322719666615631118e-01 7.812732959270725086e-01 -8.678660591404757652e-01 1.475417347559078962e+01
6.004405958364108408e-06 -1.688739427528465342e-01 3.442626118339094932e-01 3.968752272170462947e-02 6.013618403607218221e-01 9.467728701022724014e-01 8.357777797329797309e-01 3.307346121603662592e-01 -9.157633948921248823e-01 1.474541434964422315e+01
5.972781803516358875e-06 -1.685991307184514509e-01 3.154583425296568766e-01 4.723456952617346993e-02 6.421782254924555122e-01 9.877582967326647978e-01 8.228721327961457943e-01 6.139579711702108922e-02 -1.058146968195569526e+00 1.486902036046255660e+01
5.941260694598400098e-06 -1.683350087749946600e-01 3.601243466798165205e-01 4.761779712520999852e-02 6.545384071127569037e-01 8.676344328302370013e-01 8.753809721265727317e-01 1.488924089488938562e-01 -9.341745957441016657e-01 1.468314611680064630e+01
5.910116238279139916e-06 -1.680353029304130219e-01 3.695796716812314031e-01 4.794343791309620129e-02 6.749556832955345698e-01 8.374805464154572165e-01 8.812477371072544585e-01 1.307937678026118156e-01 -7.522082491071993005e-01 1.464011692846362500e+01
5.878107225417498249e-06 -1.679104370167195659e-01 3.686965280960646796e-01 5.124029821958009379e-02 7.629551965949266101e-01 8.341122046870080853e-01 8.482561838220057382e-01 4.521743016564550022e-01 -1.059463220767146385e+00 1.483661251114596347e+01
5.850873144729341270e-06 -1.669987854958698559e-01 3.424405495002769140e-01 4.521545611991253932e-02 6.775213261531604081e-01 8.957507289324058153e-01 8.512711769720013866e-01 2.691056632130244264e-01 -1.005671082988731868e+00 1.473910474810848648e+01
5.819219205884642282e-06 -1.668680398768856710e-01 3.425896130283393459e-01 5.239840827029569603e-02 6.846649920177353410e-01 9.318866712979149147e-01 8.217122010583526315e-01 1.133458563886395321e-01 -9.658998745441343958e-01 1.484967002118390766e+01
5.790549894989927213e-06 -1.662513196971164564e-01 3.694090312295004175e-01 4.843754428738820950e-02 7.358647805039489898e-01 8.295823525046257529e-01 8.624625766765410262e-01 5.112184346758610332e-01 -8.069761309714391651e-01 1.469984465152463571e+01
5.759199386148601717e-06 -1.661245548580381481e-01 3.411210118602541197e-01 5.179749658385353339e-02 6.901740639802254051e-01 9.530447304073105252e-01 8.100672076511729047e-01 7.241761440199687705e-01 -1.181598968563577712e+00 1.482801792650920092e+01
5.729588301120919856e-06 -1.657237904609875634e-01 3.343126657976891458e-01 4.871113599446715015e-02 6.176571768679316454e-01 9.928529998876064466e-01 8.037896005485141160e-01 1.869130443510211570e-01 -1.032769108365823030e+00 1.489847750463892062e+01
5.698614779044433115e-06 -1.655887892478601076e-01 3.234958698903112606e-01 4.752515329388221771e-02 6.092090131396562525e-01 1.030560777501050573e+00 7.798162932752004117e-01 4.984636597367981259e-01 -9.538950024304595487e-01 1.484930836969179069e+01
5.669316718673530906e-06 -1.651877554705776519e-01 3.659675215155111516e-01 5.011927441404121636e-02 7.180625291689763934e-01 8.411063464907149179e-01 8.474505080859103812e-01 2.659598153436967816e-01 -7.410781362639015102e-01 1.472521480081820577e+01
5.638817749863138456e-06 -1.650263775042539738e-01 3.660649992639751771e-01 4.482345744982346725e-02 6.891631928427569553e-01 8.474975368147461552e-01 8.646036175975847504e-01 5.027200423008144625e-01 -7.451990627017520685e-01 1.464426334076084935e+01
5.607809645453348189e-06 -1.649850409035491794e-01 3.300736060674978045e-01 4.991790457225279976e-02 6.559780186156813908e-01 9.557116780319783178e-01 8.316173900834973320e-01 2.601693220820356922e-01 -1.276550347835077925e+00 1.483591897889484024e+01
5.577254501841040154e-06 -1.648930605617750234e-01 3.403465582228523134e-01 5.173984486444171971e-02 7.112855176863845941e-01 9.051466077427834378e-01 8.392978920080138572e-01 6.773516150543246184e-02 -8.022813687815935069e-01 1.474965989008405387e+01
5.546698106102130457e-06 -1.648313206795249952e-01 3.155055592252399288e-01 5.818023824290388668e-02 7.267007011471759981e-01 9.486184238215377151e-01 8.235238029470571819e-01 1.489358948800773574e-01 -1.097377583667902057e+00 1.479645993253764757e+01
5.516312110841492623e-06 -1.647690388488463331e-01 3.213449644335178990e-01 3.998955956744415507e-02 5.729449019655717956e-01 1.086364723339867222e+00 7.483289448803537303e-01 5.627720735259347240e-01 -8.847841747067416440e-01 1.495006638144603883e+01
5.486151683603344372e-06 -1.646959830947785641e-01 3.277305039467862113e-01 4.538395300012117162e-02 6.028865357067211272e-01 9.889726539404886108e-01 8.297680424037312541e-01 2.276473863042623447e-01 -1.118186254232396593e+00 1.481927602200456562e+01
5.456246960990563999e-06 -1.646062852612502625e-01 3.506373575640948648e-01 4.330696884534931262e-02 6.500433945237245048e-01 9.215261958459320946e-01 8.435623957753276558e-01 3.921522168171298062e-01 -1.186535070353668564e+00 1.485423171601091852e+01
5.426782576606128069e-06 -1.644654823300080726e-01 3.203063917233320845e-01 5.231274086178312743e-02 6.902068992167130768e-01 9.852227901715345793e-01 8.037502926805659698e-01 2.659153677477626987e-01 -1.164377240056214680e+00 1.489806732137573775e+01
5.398125824416943190e-06 -1.642045340028501221e-01 3.353265475028442411e-01 5.068219569113861789e-02 6.629449386665375865e-01 9.523499860015702811e-01 8.303347293584961708e-01 5.177266410945037256e-01 -1.129825771927509992e+00 1.476509929870310778e+01
5.369533284606564569e-06 -1.639598090976769340e-01 3.662674890985723186e-01 3.579492662144743986e-02 6.351756689986302051e-01 9.032289099875134841e-01 8.204991132181388425e-01 5.026610635225158275e-01 -7.421655494263211805e-01 1.481416894551886543e+01
5.340433069795984958e-06 -1.638384977704988865e-01 3.071828489969389286e-01 4.024392416643290948e-02 6.046924253351603218e-01 1.061353534789366115e+00 7.815373163065930662e-01 4.539165947377471477e-01 -1.146580860413884295e+00 1.494148115074052363e+01
5.314625512368160452e-06 -1.631271404323483276e-01 3.490678679823718822e-01 4.279013481042944628e-02 5.911829985155837575e-01 9.901442106509782404e-01 8.068870734641081510e-01 4.716843612899840887e-01 -9.258898323862906343e-01 1.482233663147195557e+01
5.285363855434827860e-06 -1.630926717851690633e-01 3.091730705588888739e-01 4.676886044893091565e-02 6.044698939626305112e-01 1.051752757160559604e+00 7.883280343859653261e-01 4.251191283855146330e-01 -1.076710538496867153e+00 1.484099899499150510e+01
5.256407842083461171e-06 -1.630307063025956404e-01 3.348381577007085719e-01 5.706622859356996064e-02 7.808560958002203067e-01 9.029428586617429531e-01 8.145620235170317747e-01 2.316071981953163050e-01 -9.065095489716934463e-01 1.484335153005900665e+01
5.229961968356141785e-06 -1.625190182191839916e-01 3.504968993851466097e-01 4.594060397561945674e-02 7.018357583507861541e-01 8.569178935156034349e-01 8.764720807804415870e-01 2.633355868121423082e-01 -9.615377710410757395e-01 1.469248645100287831e+01
5.204367399545088250e-06 -1.618693112795520639e-01 3.446454299131777033e-01 4.883687234183912984e-02 7.357029799202615683e-01 8.774642062348994020e-01 8.355460212024004019e-01 4.871982503168013068e-01 -8.242078605182640016e-01 1.472527529445472361e+01
5.178651812953301035e-06 -1.612671587074054891e-01 3.017646669255742431e-01 4.496761283044840851e-02 6.039587989152029879e-01 1.096766008257618719e+00 7.487596654910518845e-01 3.899993767494358554e-01 -9.789604206083366567e-01 1.497701059262139189e+01
5.150937563956455297e-06 -1.610776084180669254e-01 3.088677655418306522e-01 4.873185896811435547e-02 6.694437908486615685e-01 9.689184085274277214e-01 8.309176309389363357e-01 3.627674364479882563e-02 -1.034942049598073455e+00 1.478850816221737929e+01
5.122707632566498854e-06 -1.610176684691347060e-01 3.572980923512562024e-01 4.168868469359558737e-02 6.715106739873659691e-01 8.742001259476279706e-01 8.515555146472086889e-01 2.945131587801170792e-01 -1.015170728811490175e+00 1.481416321076943809e+01
5.096797352196612211e-06 -1.605328743500523125e-01 3.637958262533990128e-01 4.085204328032245730e-02 6.582984151654623917e-01 9.246322151133615774e-01 8.222356697852878371e-01 7.693890384208459388e-01 -1.000320305970423540e+00 1.485034595052307260e+01
5.071150956039245800e-06 -1.600218862463803349e-01 3.338474481961891671e-01 4.423993420632897633e-02 6.201715940344176836e-01 1.001445375900599011e+00 7.933560135481412257e-01 7.105411053857915160e-01 -1.062602346072704984e+00 1.483610120973636803e+01
5.043831608487512550e-06 -1.598681025291852631e-01 3.677725384832416511e-01 4.759882676212191799e-02 7.460853263400437640e-01 8.114229560239001326e-01 8.839467160324308015e-01 2.908516237341222110e-01 -9.859900117012279086e-01 1.473538647192638251e+01
5.016870831240986750e-06 -1.596721810442880696e-01 3.399667211350070883e-01 5.620782895520110706e-02 7.775941067271874285e-01 8.715009566340305991e-01 8.543984882403425907e-01 1.530104217005136269e-01 -1.253754626351855084e+00 1.484643445797083317e+01
4.989309678076202032e-06 -1.596254653182120065e-01 3.595813416494729742e-01 5.094164223173161532e-02 7.773346354530179525e-01 8.439009866254292280e-01 8.406790950981836152e-01 5.293819387600323667e-01 -9.669929327851671808e-01 1.478945399852602449e+01
4.961901353934960069e-06 -1.595784641204988918e-01 3.483704967390925944e-01 4.697663061147858143e-02 7.386722191395134196e-01 8.620673038977534341e-01 8.572293794272550782e-01 4.821747847090834260e-01 -9.576029619884467436e-01 1.471938087957206598e+01
4.940176864594140755e-06 -1.584107802252671671e-01 3.306987419246323889e-01 5.296910205720457843e-02 6.995747191072358984e-01 9.666527852205830662e-01 8.101977682937093750e-01 5.373769232299504539e-01 -1.206773531969308921e+00 1.487474359781616506e+01
4.914311126667432765e-06 -1.581047713432109647e-01 3.593650796503299327e-01 4.788395298066084466e-02 7.116802441982724714e-01 8.759518064939413318e-01 8.411513724825014915e-01 5.246790934305132215e-01 -7.562356414190097853e-01 1.470255108840775016e+01
4.890112588932701347e-06 -1.574854746791707338e-01 3.244710879956705929e-01 4.943586701005897588e-02 6.834520650100045502e-01 9.950471251183937715e-01 7.982599740221701934e-01 7.068476614530372348e-01 -1.296751779806705640e+00 1.488583605486551420e+01
4.863797376765291443e-06 -1.573257606081948368e-01 3.184986961070017664e-01 4.411729196133056669e-02 6.487540942328063887e-01 9.835395241374780273e-01 8.108997288389927505e-01 5.036259395027339325e-01 -1.145110606262815356e+00 1.483560192862098326e+01
4.839121274754151396e-06 -1.568565416687875691e-01 3.730301303518365197e-01 4.516363635171607299e-02 7.197954240412277604e-01 8.433883610998869074e-01 8.512067506287795959e-01 9.573551899092203055e-01 -7.894225851334274457e-01 1.466210971343437564e+01
4.812413156035108402e-06 -1.568354816039576882e-01 3.165709335918304168e-01 4.290530802438503877e-02 5.887788431983439486e-01 1.047744684230879963e+00 7.871836266960560158e-01 2.420953253545658768e-01 -1.097153861220901083e+00 1.494983299562952439e+01
4.786003971817966701e-06 -1.567827606318805689e-01 3.596333832600329128e-01 4.396756567890336420e-02 6.045168017158815132e-01 9.221096173655121131e-01 8.413262891349666539e-01 1.067247364137665633e-01 -7.667902767264201946e-01 1.475195716543758984e+01
4.761251511555660837e-06 -1.564124681637599490e-01 3.608735332387944528e-01 5.185053231685503305e-02 7.299414334665021986e-01 8.539270150697044759e-01 8.631070448439046583e-01 6.495901443918785656e-01 -1.031538147543374917e+00 1.469121627764569737e+01
4.735172046765910510e-06 -1.563494077969970475e-01 3.571237223566524621e-01 4.672367475416679822e-02 6.592379582807178506e-01 9.073722073901322460e-01 8.405927188179453946e-01 3.493120371267862678e-01 -1.035608197219321402e+00 1.482970941637928064e+01
4.710448411014690301e-06 -1.560288057998164279e-01 3.563070329161838190e-01 4.524094088163108096e-02 7.258745466989563466e-01 8.897152759009644418e-01 8.353843197909271989e-01 7.999073385676889192e-01 -9.727776707536808232e-01 1.477651642989111558e+01
4.685995455188154641e-06 -1.556779875631438825e-01 2.950235638368967073e-01 4.536415412328446972e-02 5.975797622536938025e-01 1.056162823514525284e+00 7.891206837819189079e-01 4.254176734494863332e-02 -9.226409690196994973e-01 1.488766471420204596e+01
4.667415068665865739e-06 -1.540954022765745335e-01 3.591682330862020489e-01 5.129493606042832832e-02 7.291077872497687684e-01 8.633168320969651921e-01 8.593349488089911947e-01 1.642691735172120138e-01 -1.172380633797305283e+00 1.484910519761288050e+01
4.642349505112959374e-06 -1.539246497246193057e-01 3.637833429211163594e-01 5.094563366327923420e-02 7.104340656835771428e-01 8.443222327462454047e-01 8.556245608750133735e-01 2.553768212952840511e-01 -7.673142479898907853e-01 1.468730074667159968e+01
4.616938186836361211e-06 -1.538579358424228827e-01 3.516653312146744703e-01 5.024597911630537816e-02 7.399908792140403868e-01 8.598352200322122441e-01 8.600941484609723187e-01 6.897259023721151738e-01 -9.958694777373535700e-01 1.467002350262023569e+01
4.593937501509911030e-06 -1.532966357545808567e-01 3.387604817975443661e-01 4.443328089504731265e-02 6.923877999516672155e-01 9.245873050821862282e-01 8.207887986326225516e-01 4.981286798701315410e-01 -9.716573603711833318e-01 1.481375062035901813e+01
4.569764780868520897e-06 -1.530168466882726452e-01 3.510704083207075721e-01 4.508273420327962855e-02 7.031361230528586637e-01 9.018997399709623997e-01 8.390402657703204259e-01 5.739907726639726926e-01 -1.176590138911797645e+00 1.485026345201839426e+01
4.548024933167030700e-06 -1.522299663447607976e-01 3.605118562046643049e-01 4.087787091369584486e-02 6.424155095958499206e-01 9.030998709834667793e-01 8.324401810500439147e-01 5.749360909695006017e-01 -8.174473968765947340e-01 1.475469437119974536e+01
4.524586542818496773e-06 -1.518412676647473980e-01 3.739088627880364779e-01 4.488369244995885077e-02 7.018530164815515171e-01 8.782242004848744843e-01 8.280197979824961418e-01 7.869111675914317594e-01 -9.424387086440526584e-01 1.482890312160092527e+01
4.501751200474649145e-06 -1.513454365977277560e-01 3.683246100730777073e-01 4.839994631876766429e-02 7.314463592559851124e-01 8.361774277993071491e-01 8.568242743672993544e-01 2.444627915587700984e-01 -8.870646446445296096e-01 1.477618069288796043e+01
4.479896929930467662e-06 -1.506563183277641327e-01 3.335766499446510824e-01 4.948781544530335419e-02 7.229008594612623684e-01 9.006671644656996101e-01 8.449205578436438380e-01 2.072955768465653548e-01 -1.016187886553319153e+00 1.476403990612729089e+01
4.456139002262362755e-06 -1.504181056804670402e-01 3.613956579528561086e-01 5.064055790925706818e-02 7.369127141373870149e-01 8.284170311269186682e-01 8.707311608011965021e-01 1.377033999307895606e-01 -1.029442266386927374e+00 1.478470182710507075e+01
4.431494080911779685e-06 -1.504084551565488259e-01 3.305192402204368829e-01 4.809815265824643471e-02 6.554391895137151591e-01 9.992522450050846938e-01 7.945534237847481362e-01 6.854039977633126224e-01 -1.224983233831115959e+00 1.488321353887305598e+01
4.407009145319956468e-06 -1.503934300733021645e-01 3.588111017262217706e-01 4.890253046831476158e-02 6.522796055175758001e-01 9.422773412010398975e-01 8.168871819065539608e-01 5.692760838762919162e-01 -9.367157380741463202e-01 1.480302556795825275e+01
4.383216934260575749e-06 -1.502512208742934896e-01 3.840257737656204151e-01 4.051258403915507927e-02 7.129413685605381357e-01 8.367454315825026967e-01 8.483137649560996696e-01 9.025961903794093022e-01 -8.519021617649140676e-01 1.476065615134090869e+01
4.359414509212633370e-06 -1.501408185344542123e-01 3.663174128727278989e-01 4.401834584286608287e-02 6.815124451659315685e-01 8.445912728597158026e-01 8.762962823520424882e-01 1.859422879798894035e-01 -9.113201537828650167e-01 1.472014629879256375e+01
4.335494176086975335e-06 -1.500874239188124126e-01 3.120138411217245888e-01 5.425512210739802388e-02 6.744364160887885706e-01 9.870946019771721369e-01 8.096830865171840141e-01 2.362606661347914916e-01 -1.034141727779826159e+00 1.478712953913078643e+01
4.313416337106829001e-06 -1.496372251363989880e-01 3.305856790894415309e-01 4.159744582559195269e-02 6.100335449630540641e-01 9.637425905514024338e-01 8.129289905418939366e-01 1.590722311127321653e-01 -8.273542523688446337e-01 1.480880468387732485e+01
4.289539103361724828e-06 -1.496326212790561605e-01 3.291880335151289305e-01 4.251662041449093266e-02 6.010703759238410493e-01 9.998022083965766305e-01 8.002680032695521639e-01 1.086591794640501818e-01 -7.991228570074491167e-01 1.485407558642859094e+01
4.266081229166254886e-06 -1.495606968491558497e-01 3.472071426423417595e-01 5.540708493096484916e-02 7.225106304295947357e-01 8.703469053249759391e-01 8.723774043077667795e-01 6.268362790657416861e-02 -1.092420499017891400e+00 1.472845062130758720e+01
4.245666488136272618e-06 -1.488019893330010113e-01 3.298443565106886632e-01 4.839661660369237728e-02 6.361891172495452995e-01 1.009246353343558944e+00 7.953008344399059570e-01 4.189777768656021140e-01 -1.250512424045543858e+00 1.495500646838742931e+01
4.224785430489063761e-06 -1.481767728304906051e-01 3.403209250720951040e-01 4.591198713130215103e-02 6.926741532897233711e-01 9.174214349494027587e-01 8.291418404729530289e-01 5.809330747495909941e-01 -8.991412370175919655e-01 1.474013773585994258e+01
4.201820825352974507e-06 -1.480717299230183415e-01 3.337577332929716478e-01 5.248415612621493836e-02 7.294315387312704235e-01 9.281844976517124035e-01 8.134581231926136802e-01 3.595575956917854699e-01 -1.030463189876990482e+00 1.485708342144206640e+01
4.179899652267771257e-06 -1.477468959418229144e-01 3.624762136772476939e-01 5.436259908637231658e-02 7.699340255427851165e-01 8.244139690627675376e-01 8.551968749572627093e-01 3.946385728131814874e-01 -8.529328639400515222e-01 1.471437254777533177e+01
4.156872587650878480e-06 -1.477155702714412766e-01 3.651511155672020337e-01 5.053199461514258639e-02 6.974887790495400974e-01 9.045439930577963139e-01 8.202895400627332467e-01 6.712761711695535150e-01 -9.519274516375632045e-01 1.482718785802173400e+01
4.134116708668823131e-06 -1.476493321688195914e-01 3.496656362261730822e-01 5.043275937668070807e-02 7.585311070675402334e-01 8.845972137088902176e-01 8.212665193655376283e-01 8.213711784454577058e-01 -8.097497399346125224e-01 1.472866542414684154e+01
4.112159685666692400e-06 -1.474191074273961122e-01 3.611155666979556367e-01 3.777487908434290498e-02 7.176837562933564563e-01 8.341969459309018786e-01 8.554173340982356155e-01 4.988387533809969243e-01 -7.681812399858656271e-01 1.472112338484509131e+01
4.090163929086057857e-06 -1.472268636209446979e-01 3.416907303718202948e-01 5.532181430875422051e-02 7.400982152745883003e-01 9.304631714756728122e-01 8.016911235574600836e-01 6.832629020970488742e-01 -9.561675974141212730e-01 1.481588596194214702e+01
4.067838409769262757e-06 -1.471446026596159862e-01 3.144293153087110437e-01 3.799544958427980568e-02 6.057778746277828752e-01 1.004249898555666043e+00 8.040749568104638145e-01 2.006390204517899678e-01 -8.414048395698823235e-01 1.481489029222697518e+01
4.046723241590897456e-06 -1.467933247331853486e-01 3.318253947398862036e-01 4.594669350411097197e-02 6.257081335037805170e-01 9.900988930242864416e-01 7.889069283043728120e-01 3.260870260944552790e-01 -7.545836768556601903e-01 1.482735514644310193e+01
4.026794002868618927e-06 -1.461747200994078788e-01 3.540727172676252366e-01 5.222314186082894355e-02 7.238869721221674602e-01 9.034827244326721907e-01 8.228361390669964859e-01 5.029599806065737644e-01 -9.443250449080532460e-01 1.481188687926761105e+01
4.004663572299622190e-06 -1.461301160420931389e-01 3.248870107002408414e-01 6.079940753242894791e-02 7.849426534764872843e-01 9.150095182817996609e-01 8.182970478892687138e-01 1.590925101719116719e-01 -9.884348368633482096e-01 1.481965680557608422e+01
3.982974071997818670e-06 -1.460053410441185251e-01 3.193790823679037993e-01 4.270310304969641979e-02 6.180446395117712433e-01 1.020368929948801684e+00 7.794374222996780510e-01 5.281542868161022142e-01 -1.000086653313050356e+00 1.488885044836241711e+01
3.961292902613129420e-06 -1.459081174614366427e-01 3.310886142375515928e-01 4.247665403624296260e-02 6.281209503042025633e-01 9.614944895652668411e-01 8.379199566689605749e-01 2.927301154868794941e-01 -1.111091746517195444e+00 1.481020310630710135e+01
3.940592351562339994e-06 -1.455919693991100383e-01 3.432930369517410707e-01 4.299613068404992827e-02 6.595304125743179924e-01 9.078862248561649917e-01 8.474186183681263751e-01 1.791774183005616083e-01 -8.407230565144776513e-01 1.475350941024760054e+01
3.921028815848399471e-06 -1.450133964989883950e-01 3.307504441778948423e-01 4.550359457497030191e-02 6.534913133552637809e-01 9.521878686502003308e-01 8.153713118625225409e-01 5.090048171730657822e-01 -9.462595989104141125e-01 1.477062202940253499e+01
3.899315668112302766e-06 -1.450108453093905680e-01 3.532034079777137681e-01 5.015707221777040981e-02 6.613245263902951532e-01 9.029425431636634025e-01 8.583421604680705475e-01 1.519447733400578482e-01 -1.127716808690650607e+00 1.479909727612856685e+01
3.878274037351755358e-06 -1.448661388456977395e-01 2.990273145494282137e-01 5.501246952429014736e-02 6.520309211713555264e-01 1.037153608523418757e+00 7.916725826346785455e-01 9.991753096719035998e-02 -1.095124495734267844e+00 1.487246240550118337e+01
3.857731458962570686e-06 -1.446214964439462292e-01 3.560422046403401986e-01 5.118393977467562694e-02 7.011039427360007403e-01 9.232687706335304112e-01 8.177558065545244004e-01 6.333158876078893718e-01 -1.096034931592359651e+00 1.486925512239954195e+01
3.848807867091257798e-06 -1.441582829983612257e-01 3.715927987333308424e-01 3.886134041169889142e-02 6.129711551569606565e-01 9.210777377978058844e-01 8.313173560185073141e-01 6.054566032783935681e-01 -8.353145289270296203e-01 1.476513811955302913e+01
3.849540966722956917e-06 -1.439678266681215513e-01 3.306687272666219979e-01 4.737218211106983962e-02 6.580336405848246084e-01 9.785711591261679887e-01 7.945149243350292378e-01 5.459763190821373957e-01 -1.009441282280191476e+00 1.484488589830238503e+01
3.851837780205603219e-06 -1.433713585222952114e-01 3.422012121644431581e-01 4.798670648696315433e-02 6.349037277618624353e-01 9.713384481376645674e-01 8.116989332365535104e-01 4.191666355095880481e-01 -9.165712405058505929e-01 1.480973130991782583e+01
3.851880240985437941e-06 -1.433603350710953850e-01 3.388812103141488619e-01 5.571834711199494250e-02 7.447581529154881919e-01 9.055444993570612722e-01 8.318534247893477618e-01 6.149897057664530653e-01 -1.030254574707223592e+00 1.472563675957589702e+01
3.852467518153894957e-06 -1.432078816284547418e-01 3.409089093585268015e-01 3.975845002850582344e-02 6.352622430737441261e-01 9.201307353774501596e-01 8.443920808847577009e-01 1.081829991339728347e-01 -9.045657323464444399e-01 1.479664148455773720e+01
3.852902819631541147e-06 -1.430948951115137702e-01 3.500856442141800917e-01 5.070369114153865098e-02 6.691624960116275833e-01 9.378380702009950776e-01 8.217320633821144638e-01 4.864991453528171306e-01 -1.025588781316684628e+00 1.482691775691311520e+01
3.855704024701718067e-06 -1.423681217139216026e-01 3.475269391450684919e-01 4.453201577798415745e-02 6.243887460301128511e-01 9.531021023700982919e-01 8.131811766291503485e-01 2.683328075027501813e-01 -9.253444648084916402e-01 1.487542841502547653e+01
3.856291068106523743e-06 -1.422158800698645753e-01 3.388293409946686041e-01 5.096224072391669635e-02 6.958050613917201588e-01 9.697546060660520162e-01 8.033809634722816062e-01 6.787816823203089989e-01 -1.281192233689813609e+00 1.492135352840201179e+01
3.857173994024403441e-06 -1.419869489955390973e-01 3.593180854263994251e-01 3.951447280374936755e-02 6.107238426304979484e-01 9.307515781799187149e-01 8.184041377226854985e-01 5.452294801691520698e-01 -8.822478209614645905e-01 1.480242335698776834e+01
3.859504387076252436e-06 -1.413829603341993646e-01 3.072258289000801001e-01 4.021011133187530479e-02 5.738969734197624240e-01 1.049520482561308254e+00 7.874613394376470676e-01 1.191235972681450317e-01 -8.375479173275571787e-01 1.486644199890054274e+01
3.860360959235878205e-06 -1.411610465767126066e-01 3.427091216767309545e-01 4.649058273938445202e-02 6.829871026777102339e-01 9.122357699601516545e-01 8.422020972499134617e-01 4.003161215692684904e-01 -1.193867230627697840e+00 1.483068118507921440e+01
3.861036400878572934e-06 -1.409860933621809864e-01 3.393196411547511060e-01 4.028113939307257502e-02 6.561923222836227865e-01 9.189453277724223268e-01 8.310238465535055852e-01 2.294341925908608693e-01 -8.034795733455011302e-01 1.478301447938615532e+01
3.861136213897339231e-06 -1.409602423423309547e-01 3.371082754394005843e-01 4.099029887076409417e-02 5.937751256277651324e-01 9.807913458492414360e-01 8.038390280002066790e-01 1.605904532312292243e-01 -7.533845957989117048e-01 1.482444638270577819e+01
3.862694067161664772e-06 -1.405568535497864757e-01 3.409870530687729717e-01 5.897562787256388495e-02 8.289933509737253958e-01 8.677553263601396338e-01 8.248268847458647413e-01 4.929922284696157120e-01 -1.089113120536736812e+00 1.484854659602943805e+01
3.863245699640146410e-06 -1.404140534513952099e-01 3.461259334939433829e-01 5.145761225534688232e-02 7.474684615449157521e-01 9.058568304396577009e-01 8.169157118383301164e-01 7.893006178664538908e-01 -8.495042194104525102e-01 1.474355582286558075e+01
3.864844525156728498e-06 -1.400002835566626636e-01 3.463219247000636214e-01 4.710500784794335177e-02 7.147446168320673587e-01 8.950189139176100150e-01 8.348879905382879940e-01 5.910974259939891784e-01 -9.376250204184534143e-01 1.475998140602419539e+01
3.864872352668657675e-06 -1.399930834192252005e-01 3.583229856278078440e-01 4.366183670336470229e-02 7.199645216789920532e-01 8.680400583006742110e-01 8.517841199760473048e-01 7.235883633185362651e-01 -9.596072446550779622e-01 1.472784633047936964e+01
3.866080947732029326e-06 -1.396804195015285688e-01 3.195045541038704640e-01 4.455306868348843374e-02 6.038250908663290728e-01 1.002000996874269134e+00 8.200788120328709185e-01 8.233538483325630875e-02 -1.131302528912325078e+00 1.488283407903159627e+01
3.866875101810884523e-06 -1.394750248047111063e-01 3.609615934312221386e-01 4.839539617261126581e-02 6.998335402222253254e-01 8.631616749331599836e-01 8.562689827855372027e-01 3.778453856876852202e-01 -1.123847706257304679e+00 1.479557589966605491e+01
3.869320139506626343e-06 -1.388429213737885637e-01 3.462659002764494343e-01 4.695794333065378412e-02 7.019796901786221621e-01 8.903829961402724980e-01 8.485148996717590819e-01 4.608978215402825818e-01 -1.191502951797221765e+00 1.480078958603062134e+01
3.871310359277085322e-06 -1.383286945767268072e-01 3.564790808192926930e-01 4.541520277160751573e-02 6.848408507435720383e-01 8.938579361057273909e-01 8.252277391092741610e-01 4.502084361997346074e-01 -8.936111730838085521e-01 1.482163291885498424e+01
3.871384405598731988e-06 -1.383095678194639910e-01 3.685080284077814072e-01 4.904973857144041827e-02 7.453014780470205158e-01 8.152765619164872302e-01 8.707267594793488552e-01 1.996816702437420321e-01 -8.457734741016328384e-01 1.472694896435701217e+01
3.871575603751363151e-06 -1.382601814988745903e-01 3.439594036023550516e-01 5.174269401308097260e-02 6.795635016350213276e-01 9.024431249516976505e-01 8.566080992052147458e-01 8.784977246481862068e-03 -9.868150957366970122e-01 1.478134049559128371e+01
3.873046786203277012e-06 -1.378802578833563386e-01 3.580845864977014736e-01 4.785412546113127635e-02 6.323594880723457656e-01 9.086245096721932146e-01 8.524277714219966606e-01 1.236398800113611141e-01 -8.399893574635127758e-01 1.473685194726333236e+01
3.873854009972772249e-06 -1.376718587328683296e-01 3.389470409673616680e-01 5.064802915054632260e-02 6.935880484747797281e-01 9.164083043518607141e-01 8.299031120822498719e-01 2.873281925173400975e-01 -1.036408294668026642e+00 1.481699945671202734e+01
3.873901101986054722e-06 -1.376597024340201758e-01 3.781485089262662802e-01 3.867370917333431274e-02 6.296006196041896708e-01 8.896120047692431809e-01 8.365311219463673620e-01 6.682458275007241433e-01 -8.256690819515691837e-01 1.475523596425647455e+01
3.874563598323727962e-06 -1.374887017610077478e-01 3.504933116232026302e-01 4.433573927290986039e-02 6.273508715108895295e-01 9.316587481665459247e-01 8.283797875667486821e-01 4.741634931914747719e-01 -8.221704521640589292e-01 1.470684267005328039e+01
3.875125104583238908e-06 -1.373437910989111221e-01 3.424734243023208613e-01 5.059977227080286744e-02 6.645529140346418950e-01 9.260821569361801231e-01 8.523019295560143593e-01 3.102350498829165582e-01 -1.165846888789335178e+00 1.475692656362446087e+01
3.875361908035599611e-06 -1.372826843705033384e-01 3.682814926381012821e-01 4.767956382967659945e-02 7.471477254181815297e-01 8.126669299389061019e-01 8.704317300596060569e-01 2.163146059966520318e-01 -8.242779398869979346e-01 1.472845180140814847e+01
3.875407914773052139e-06 -1.372708128432865438e-01 3.748615729172493083e-01 4.103749513955071149e-02 7.164762523960328533e-01 8.145498767683160279e-01 8.662478993444193698e-01 5.699332803283869708e-01 -7.297874081462972784e-01 1.466354837974022374e+01
3.875442916090943832e-06 -1.372617812366560275e-01 3.188576153442974626e-01 5.202640502844502191e-02 6.392757616534379128e-01 1.002846354542761276e+00 7.985980826563451318e-01 2.822419311076558857e-01 -9.846790670454801386e-01 1.481837045522558860e+01
3.875601325676825320e-06 -1.372209068509698537e-01 2.938345156006406111e-01 4.754922418214492519e-02 6.068844454807708066e-01 1.076812573540902651e+00 7.823729206952513282e-01 1.062459573944121161e-01 -1.035865428423542900e+00 1.491360491184030046e+01
3.877502676345864416e-06 -1.367304321438952697e-01 3.388138108990965680e-01 4.226218828463687571e-02 6.044585587684518924e-01 9.457171613407218125e-01 8.391313590794704513e-01 1.020078382055452093e-01 -9.175518699148571544e-01 1.477244506930926526e+01
3.877679075165905549e-06 -1.366849402842011674e-01 3.600985731668405743e-01 4.501036034758682663e-02 6.304262243969263046e-01 8.899437247294710307e-01 8.626246281057308174e-01 4.565415067050782039e-02 -7.333910170729116551e-01 1.469277190187179549e+01
3.877962215516308740e-06 -1.366119249551191184e-01 3.112473248112445079e-01 3.974253163515743120e-02 6.029693175443776587e-01 1.032373643527464413e+00 7.903570798110772788e-01 3.530989843564116271e-01 -8.837214933503224623e-01 1.484173702972302600e+01
3.878399126970687482e-06 -1.364992660844079053e-01 3.241672786639183679e-01 4.145922491812024935e-02 6.331996916988410495e-01 9.566300670316451038e-01 8.282887310217834642e-01 7.232701145103742624e-02 -7.443981283162244278e-01 1.474882125841613068e+01
3.879433642311010520e-06 -1.362325639326001647e-01 3.405518963113678410e-01 4.552337727113171112e-02 6.561914194396186728e-01 9.034939844515603724e-01 8.518824703831010536e-01 2.065617158945579901e-01 -8.777909463661839329e-01 1.468978638864648012e+01
3.879753600507824977e-06 -1.361500918419058237e-01 3.700777130895537281e-01 3.528036232438665903e-02 6.514282414080068140e-01 8.765924188349887292e-01 8.508360551872895527e-01 6.020316192347179296e-01 -7.978660764122221805e-01 1.472346133055398809e+01
3.880267833219776705e-06 -1.360175580036672160e-01 3.713419834159086275e-01 4.628266378445881901e-02 6.981655277502792911e-01 8.768463680696095830e-01 8.248177557053988362e-01 7.453570414022174795e-01 -7.160334567140727025e-01 1.474110462305113778e+01
3.880269119130090110e-06 -1.360172266064159363e-01 3.725516441236422782e-01 4.971878962544246106e-02 7.467531376390377229e-01 8.427771833177150063e-01 8.488111043309030102e-01 6.245379824723056306e-01 -1.030496425548264705e+00 1.480095948051129895e+01
3.880503247904487165e-06 -1.359568901441696176e-01 3.608868432194589637e-01 5.206632693808612572e-02 7.321231919486499429e-01 8.836300516900010837e-01 8.308544215189300752e-01 8.667617250087913394e-01 -8.850202347365290212e-01 1.471565433237168286e+01
3.881178728124365739e-06 -1.357828350299116194e-01 3.661922293290121866e-01 4.843977504789032107e-02 7.426449909519237114e-01 8.710513847914942431e-01 8.380167469063507513e-01 8.984673706366155255e-01 -1.123574590961170738e+00 1.481738281912726940e+01
3.884208988857797895e-06 -1.350023818194134861e-01 3.321504103600353419e-01 4.723106416211106384e-02 6.198794613591096514e-01 9.753359257371275737e-01 8.060482712521929161e-01 1.504064430827516952e-01 -7.954832116994059454e-01 1.479367337654106862e+01
3.884487405186066650e-06 -1.349307053593579719e-01 3.170569522817506258e-01 4.163976032715872161e-02 5.877830422631311613e-01 1.026362202167109938e+00 7.927060894676603020e-01 3.492445628538659586e-01 -8.799410599863666249e-01 1.480033577225451324e+01
3.884650280933750808e-06 -1.348887764467058548e-01 3.636059218555695027e-01 5.204644314777703840e-02 7.277280132543412217e-01 8.625045727839623089e-01 8.361732187401614835e-01 3.163877770714768611e-01 -7.768245615739074461e-01 1.476548588853309774e+01
3.886828474593922086e-06 -1.343282155069631667e-01 3.598662444693738749e-01 4.455410860594963274e-02 7.448466079171310872e-01 8.297891914428664473e-01 8.662447793664544982e-01 6.599563441382890749e-01 -9.362379526245097061e-01 1.470103485667518584e+01
3.887177578046241652e-06 -1.342384024941622178e-01 3.594076794517766515e-01 5.435959531709026737e-02 7.509885931918782731e-01 8.562236432389546126e-01 8.513178264887870661e-01 3.251449488260332865e-01 -1.133277746351997406e+00 1.482491602539854370e+01
3.887305154081793620e-06 -1.342055833240763385e-01 3.484880540453992870e-01 3.934091312164063325e-02 5.998396209095376852e-01 9.504110444831460613e-01 8.181090960143011515e-01 4.862166933692214088e-01 -8.552456314220989730e-01 1.476398160792420633e+01
3.889718271290178347e-06 -1.335850072620412554e-01 3.767696957629678156e-01 4.011830916715521111e-02 6.939073073501871303e-01 8.561229186924991241e-01 8.452798538889787494e-01 8.182943611206847656e-01 -8.609734335379037873e-01 1.474636426694658731e+01
3.891842265440603727e-06 -1.330391028272846499e-01 3.309388118061509232e-01 3.913430628699388070e-02 6.077693467216849221e-01 1.006315458851327893e+00 7.844337174038020777e-01 4.459273556111676973e-01 -9.399258917979067540e-01 1.492142969086415505e+01
3.894098462592709024e-06 -1.324595460867243890e-01 3.393631038075785034e-01 3.759230786246852557e-02 6.200002139353824049e-01 9.402377849471130755e-01 8.372015288267550259e-01 3.382871763188584069e-01 -9.873630212784616500e-01 1.480287173971712456e+01
3.897989375214618550e-06 -1.314608630568911696e-01 3.313312621620817522e-01 5.166071271763970907e-02 6.661386128128830020e-01 9.364417728217621084e-01 8.530051900685020616e-01 8.892839124033702358e-02 -1.077791850151381681e+00 1.475162281727043201e+01
3.898097365345731395e-06 -1.314331593807515353e-01 3.555702875718090850e-01 4.668903187260237120e-02 6.821956473991003245e-01 8.988424663809422288e-01 8.417572020807215782e-01 7.045997268098774802e-01 -9.281140967642662609e-01 1.469431882306627912e+01
3.898730425624398997e-06 -1.312707701893972567e-01 3.257430242573450263e-01 5.960381775467311904e-02 7.437630764028793084e-01 9.333592542571277351e-01 8.238819155124121885e-01 1.476732614880680028e-01 -1.132390394671703993e+00 1.485253053265920009e+01
3.900275702304712382e-06 -1.308744949011884928e-01 3.780415342803739032e-01 4.712508736844886470e-02 7.550641000477382736e-01 8.132028791167870141e-01 8.512050045756563987e-01 6.795475222916562696e-01 -7.359801845270926846e-01 1.471258130883814985e+01
3.901520010739955484e-06 -1.305555148890078510e-01 3.355082836221583431e-01 4.922975844152502334e-02 7.222079814029825906e-01 8.969445856035977993e-01 8.503989360428567679e-01 1.920786225200142860e-01 -1.146635185680945135e+00 1.480005418888536184e+01
3.903446681094871933e-06 -1.300618112077159549e-01 3.541179396969121873e-01 5.543623592183019588e-02 7.824246060670203562e-01 8.488022914736690350e-01 8.422775347240109012e-01 3.951187337843483638e-01 -9.072151262463248322e-01 1.477006435331842660e+01
3.904368999003589020e-06 -1.298255561651309453e-01 3.259867822741076004e-01 5.702873831526550363e-02 7.480214199836177080e-01 9.246217693488036904e-01 8.357797273167661967e-01 1.039410223031529412e-01 -1.194637632412326900e+00 1.485414358039697547e+01
3.909732128758861576e-06 -1.284528760552315074e-01 3.452488786931873221e-01 4.806285358979567324e-02 6.883999411980299410e-01 9.471007826284144615e-01 8.098464424855447152e-01 7.104746844851412835e-01 -1.167597801805940749e+00 1.487091900117980536e+01
3.910447918093496600e-06 -1.282698139435281826e-01 3.050840740825140340e-01 4.723384856814159816e-02 6.203025078257752289e-01 1.068275070509543401e+00 7.823003327742052981e-01 5.284277560821907249e-01 -1.282522161594004340e+00 1.490418690601765839e+01
3.911269338325087523e-06 -1.280597781655333223e-01 3.477149014023104279e-01 5.031448558145659722e-02 7.057104062451802218e-01 8.841731665099668014e-01 8.682280576218389667e-01 8.541924268060807623e-02 -1.236197414388134908e+00 1.480465312136786871e+01
3.911495726028733588e-06 -1.280018989624973347e-01 3.404980279086162742e-01 5.254433491396097444e-02 7.073368371669032095e-01 8.782442564938919283e-01 8.587868388035289069e-01 5.537750294564947051e-02 -9.437209694409858241e-01 1.472071321770596342e+01
3.911817810341016723e-06 -1.279195593474569126e-01 3.352441405143095077e-01 5.193229910487369427e-02 7.323950683624684821e-01 8.931557220517281070e-01 8.416739361262022268e-01 2.920778665332886548e-01 -1.028556730272835562e+00 1.476668663304455720e+01
3.912323086077012130e-06 -1.277904012089774721e-01 3.344388522865913149e-01 5.429237763085906221e-02 6.852450148943388664e-01 9.654956952162109252e-01 8.098926700444170068e-01 4.352260271599072694e-01 -1.200989662619834419e+00 1.487274259271567445e+01
3.913167417455208993e-06 -1.275746111876124578e-01 3.598176964193389171e-01 5.167770036991348181e-02 7.445908011448416630e-01 8.625651237945292094e-01 8.472875882416824878e-01 5.253021331039191555e-01 -9.542270420760963212e-01 1.475187184305320720e+01
3.913309960499713017e-06 -1.275381853378619312e-01 3.436750999160752551e-01 4.979315268049094856e-02 6.722508499360313472e-01 9.236834310383288393e-01 8.436041208893669818e-01 5.132019146388493436e-01 -1.093817258826192074e+00 1.472622568841827828e+01
3.913395181712719646e-06 -1.275164083035974227e-01 3.456377576574634625e-01 4.485920705120786944e-02 6.241428875878164417e-01 9.855579494402579854e-01 7.926240850828223383e-01 6.997010498934665979e-01 -9.682306166880954024e-01 1.484738477181256577e+01
3.913946376919481800e-06 -1.273755698839270367e-01 3.272795139775992457e-01 3.783326336424365499e-02 6.094519046753901215e-01 9.753423098306664984e-01 8.109673445363846378e-01 3.117741688596385452e-01 -9.512575688716771172e-01 1.484663369081043172e+01
3.914488669970126148e-06 -1.272370254498840503e-01 3.660851252151010593e-01 4.672848520879576556e-02 7.569734465925812561e-01 8.254740045711288499e-01 8.588274822969845790e-01 6.829293388721457969e-01 -8.557312369516720807e-01 1.468866537236187852e+01
3.915809614764650727e-06 -1.268996322219312356e-01 3.537764339206460606e-01 4.883088272734083940e-02 7.408386505722689419e-01 8.546627394489779705e-01 8.449424003869150379e-01 3.128737351987244120e-01 -9.177020041018744134e-01 1.477426492479152387e+01
3.915861390007353073e-06 -1.268864102051561193e-01 3.537046770148829511e-01 4.920748786289152327e-02 6.650633703687180986e-01 9.000141858442647358e-01 8.567106663488314178e-01 2.498833924513816362e-01 -1.164822530266190759e+00 1.479779166964170756e+01
3.916269418546010052e-06 -1.267822167106860132e-01 3.483477983705917103e-01 4.974114059582147862e-02 6.860171235039345117e-01 8.821405863009051940e-01 8.570570951996905329e-01 1.420458068295071818e-02 -1.003042453358680586e+00 1.478051725692384544e+01
3.917918311095947909e-06 -1.263612687755109321e-01 3.564599703728155156e-01 4.931818070140551319e-02 6.534584511344363467e-01 9.144542944990289302e-01 8.311214501734301985e-01 3.217289904847263626e-01 -8.151935820632686402e-01 1.475976734995778017e+01
3.918453029677722517e-06 -1.262247978097146561e-01 3.576321867767534579e-01 4.155674867522053673e-02 6.914269003860150642e-01 8.834533478058177458e-01 8.443086833990628426e-01 7.726128671578744722e-01 -8.660795274993244863e-01 1.470363757617674771e+01
3.919042586861673260e-06 -1.260743525108825314e-01 3.508076831821199670e-01 5.258970480889167687e-02 7.516129358610377231e-01 8.748568174923007090e-01 8.471339311429628705e-01 7.774309795473410833e-01 -1.040437138995243149e+00 1.471246284845703300e+01
3.919562238116035201e-06 -1.259417648204194939e-01 3.723180679451130182e-01 3.723686416959844092e-02 7.315712253225804540e-01 8.102808772506038260e-01 8.585489078985298894e-01 6.846108620819331136e-01 -7.213362413427704123e-01 1.469848040561286773e+01
3.920389508502061240e-06 -1.257307251569472484e-01 3.457109384715480460e-01 5.400958120576734856e-02 7.639453870680419367e-01 8.755546624110053244e-01 8.291422356526899629e-01 2.767527737373793317e-01 -8.187878142108087065e-01 1.477548870463578723e+01
3.920438975044582110e-06 -1.257181074743582150e-01 3.405478311305383810e-01 4.762320024331058443e-02 6.258710224286021528e-01 9.557562659524663218e-01 8.208345843420309373e-01 3.769211528254722277e-01 -1.004677900184395289e+00 1.479428217503779308e+01
3.922127735790377903e-06 -1.252874421490494661e-01 3.375680444949369918e-01 5.088759274536851923e-02 6.607847904324957167e-01 9.212209498614667424e-01 8.518248476679619596e-01 1.075824448180490167e-01 -1.061721161429008742e+00 1.474111923156114301e+01
3.922906860833929412e-06 -1.250888133128033597e-01 3.379213719029571239e-01 5.086580067735868571e-02 6.524972753271949255e-01 9.397569353697405869e-01 8.482746214670283669e-01 1.578475609461603146e-01 -1.134699532110537312e+00 1.478955072994379094e+01
3.923341403803105539e-06 -1.249780487907133641e-01 3.642593015762406461e-01 4.649098258737247025e-02 6.750402431418429661e-01 8.698870481640446073e-01 8.535259730417161794e-01 3.888845256667038952e-01 -9.089396092100963109e-01 1.475268102023814798e+01
3.923487172705399140e-06 -1.249408952067140727e-01 3.404128668840821215e-01 4.536299622909008289e-02 6.800702552253995448e-01 9.203210053905348520e-01 8.403646920454398428e-01 4.987959032546184224e-01 -1.079308127876291934e+00 1.477859356128493040e+01
3.923871192032061394e-06 -1.248430229523557061e-01 3.743353138773704014e-01 4.450447584745805679e-02 7.118856193061747772e-01 8.060875419221101845e-01 8.806924122175426861e-01 4.375030565766481749e-01 -7.886718815601032606e-01 1.465304623427802255e+01
3.924901712111310045e-06 -1.245804290162712408e-01 3.563945072461662811e-01 5.472121059521340564e-02 7.814644120232698832e-01 8.476200097315580440e-01 8.421366742902226532e-01 5.166653674150853970e-01 -8.949831090091655561e-01 1.474975048851426607e+01
3.924969950773356490e-06 -1.245630430856505128e-01 3.427484396462479044e-01 5.546855338626690418e-02 7.537041988617136923e-01 8.893089862389356171e-01 8.450868079145018585e-01 3.046721882268731973e-01 -1.141313587670506724e+00 1.480998200874442361e+01
3.925723314583848833e-06 -1.243711202102198848e-01 3.170615276947340577e-01 4.962476076967759636e-02 6.721560581868151196e-01 9.907320101348479069e-01 8.102008464803331922e-01 4.453555892839889396e-01 -1.192715157227275169e+00 1.484873208866796190e+01
3.926164858564583028e-06 -1.242586519805498335e-01 3.215935842578337978e-01 5.417807326874787832e-02 7.132620577026920206e-01 9.458619708212658850e-01 8.267702996449208808e-01 2.274027891135578516e-01 -1.077207806466942142e+00 1.478416201960110676e+01
3.926414896143492507e-06 -1.241949690669592182e-01 3.161008880401985910e-01 4.826619613622890742e-02 6.564322114384006923e-01 9.811160474599764925e-01 8.321411674127694447e-01 5.140417984213208058e-02 -1.268090293971250171e+00 1.488718621563535827e+01
3.927959259901074537e-06 -1.238017197139731906e-01 3.661925908227779969e-01 5.281961413903349389e-02 7.527246603058681540e-01 8.214221628103285378e-01 8.656795383538071764e-01 2.746279943680604019e-01 -9.258404242978839349e-01 1.474837589565385620e+01
3.928309946117537274e-06 -1.237124442048241069e-01 3.211441779247369288e-01 4.266957168265617800e-02 6.034363060782785837e-01 9.982982423123774041e-01 8.140203412116577830e-01 3.162642422745187698e-01 -1.118636083580819340e+00 1.483319168750693784e+01
3.929700472065051133e-06 -1.233585312197219702e-01 3.489068086266265967e-01 4.547226844383937816e-02 6.252835055451512192e-01 9.413913415588459621e-01 8.265144531263701744e-01 2.411782512616036656e-01 -7.299779658606148081e-01 1.472905019208298683e+01
3.930104970458586916e-06 -1.232556028719793834e-01 3.338538507900713492e-01 5.217320678902447051e-02 6.514761604319274646e-01 9.757428516250756800e-01 8.191189690369815590e-01 2.420003806702281934e-01 -1.100627795187896218e+00 1.485199075588441708e+01
3.930481321806037613e-06 -1.231598463129267573e-01 3.190575837174752794e-01 5.539062126720538382e-02 6.896841728683179573e-01 1.004593715756889383e+00 7.997105584972876713e-01 4.423391927540966662e-01 -1.286769909404307466e+00 1.488829161112842669e+01
3.931837219579808245e-06 -1.228149358949438830e-01 3.582061756863765822e-01 5.010400261601773153e-02 7.172018522785130745e-01 8.662884715511042222e-01 8.440499479787113568e-01 4.956765582207718901e-01 -8.861766477522207142e-01 1.474103298346335578e+01
3.933613499352496007e-06 -1.223632695209863064e-01 3.575341968417885541e-01 3.614974443104588403e-02 6.197480238004990927e-01 9.366634017507040610e-01 8.193813576510436958e-01 4.731578568257779893e-01 -7.678901404683043941e-01 1.479762495751133855e+01
3.935561336436090248e-06 -1.218682145338941814e-01 3.102531468940562531e-01 3.867210251503901824e-02 5.789255494090375098e-01 1.066010586475983013e+00 7.761159759674886027e-01 4.962664172639729143e-01 -1.024384816702717194e+00 1.488362785364946639e+01
3.939825781369718219e-06 -1.207852340310657940e-01 3.402265728184997728e-01 5.269957981670145286e-02 6.932202880575022430e-01 9.282521841141281316e-01 8.267170458359304197e-01 8.589241302352634833e-02 -9.050249073709093484e-01 1.482506626440243380e+01
3.940797931486852346e-06 -1.205385149495596803e-01 3.593753863541926385e-01 4.789484605955171559e-02 7.163217877899864527e-01 8.806053285487347448e-01 8.356996272234042955e-01 5.964285795021453396e-01 -8.841578601000723570e-01 1.477046980533553366e+01
3.940961249420148225e-06 -1.204970729492215314e-01 3.001251973961454045e-01 4.480205593390965135e-02 6.156387459400390894e-01 1.014502253080748595e+00 8.098597613895728298e-01 1.714391931629100085e-02 -8.928017219623479717e-01 1.479201895388909094e+01
3.943133992222927267e-06 -1.199459018151307899e-01 3.344942092965846880e-01 5.465514064056017918e-02 7.542177949644475188e-01 9.318117625734497755e-01 8.152817661241655856e-01 6.130142364429549406e-01 -1.177991853612959217e+00 1.484729056356961507e+01
3.944257019695340909e-06 -1.196611365541467714e-01 3.580843416134044110e-01 4.807457283459101033e-02 7.303118717345310484e-01 8.332879031309642359e-01 8.694420785481480340e-01 3.111177736296860674e-01 -7.807692906721812598e-01 1.465910924802688875e+01
3.946693084445655959e-06 -1.190437039774463329e-01 3.484251249400256434e-01 5.157057932086761554e-02 7.471055224605825940e-01 8.835615050406490090e-01 8.265324041676800348e-01 6.937657828302810081e-01 -8.393117675608696704e-01 1.471475533037314776e+01
3.946940867485191033e-06 -1.189809235036831808e-01 3.650252483060035802e-01 4.968907022855373334e-02 7.035244467922675549e-01 8.866388606779318504e-01 8.360191966023899912e-01 5.038451481168787494e-01 -1.005999981293098644e+00 1.481876850173543581e+01
3.947433657134838442e-06 -1.188560777293308085e-01 3.363348958307506575e-01 5.391626368887458831e-02 6.710689215077821901e-01 9.272568957728835048e-01 8.559293768009711423e-01 5.652447481027994547e-02 -1.146428502213983069e+00 1.476875795504145117e+01
3.949608479107776687e-06 -1.183052836496246984e-01 3.657153243451354285e-01 3.941112305446512615e-02 6.689718933439597892e-01 8.653768267752004473e-01 8.497096648081224890e-01 3.387299826038183692e-01 -8.186854571294368554e-01 1.477653275482019524e+01
3.950992358774159707e-06 -1.179549610073517274e-01 3.014921428022058203e-01 4.404187830537924231e-02 5.943238374636607979e-01 1.061673346541401886e+00 7.876813837318342726e-01 3.269381499064934471e-01 -1.162121850850520666e+00 1.488687894392067079e+01
3.951101946577440388e-06 -1.179272246126568807e-01 3.393114210449189594e-01 5.079390261401299511e-02 6.401465432998088012e-01 9.900921738322358001e-01 7.968647715723353731e-01 4.900524565549971845e-01 -9.803259189952608921e-01 1.484233037799128674e+01
3.952928873556750424e-06 -1.174649473130327665e-01 3.225773397595089742e-01 4.643311533607298591e-02 6.158843426089675166e-01 1.037027996827901033e+00 7.711020054881763119e-01 5.389375848092899934e-01 -9.511819696044445660e-01 1.487296230021615528e+01
3.953798997057468448e-06 -1.172448503226007355e-01 3.371495502289261759e-01 5.071522383062751493e-02 6.493130651336842529e-01 9.438355240870157647e-01 8.348899800104321312e-01 1.488797365523412131e-01 -1.099854659957852032e+00 1.480743516485743250e+01
3.956183718714968586e-06 -1.166418852301500247e-01 3.698820750671759638e-01 4.738303523114557186e-02 7.027623664669973014e-01 8.681836249422902885e-01 8.520190245025689446e-01 7.224597697645023242e-01 -1.143318444204186157e+00 1.478985032883408657e+01
3.956823879563859536e-06 -1.164800856002781021e-01 3.359916861567667223e-01 4.374026253072340470e-02 6.192902796003253441e-01 9.612590447153022133e-01 8.271412814050144169e-01 2.950738040689074859e-01 -1.001521071792843998e+00 1.478483146411586091e+01
3.958845241547722213e-06 -1.159693613653754590e-01 3.600740432548263925e-01 4.588738909134702781e-02 6.698818082640535243e-01 8.844881819641084997e-01 8.485891026516783064e-01 2.245808314266514449e-01 -9.750209003655236906e-01 1.480042954495069729e+01
3.960982445988798752e-06 -1.154296515188357741e-01 3.655478001576498714e-01 4.365558221626813368e-02 7.238581401130425030e-01 8.281216991989491794e-01 8.645248408974293142e-01 3.095085354233376163e-01 -8.039801600277773908e-01 1.472470643883292496e+01
3.963274704664209736e-06 -1.148511092792852128e-01 3.481888669985745421e-01 5.255067731952796362e-02 7.084859878660810795e-01 8.607673537374822548e-01 8.832096174286629964e-01 3.909383445038638882e-02 -1.083927445609369267e+00 1.470861407530031428e+01
3.964349548723357720e-06 -1.145799450486454096e-01 3.386747589421574833e-01 4.825747391260316876e-02 6.622518651701365666e-01 9.680731790164531780e-01 8.118347488443408144e-01 5.940907329641740287e-01 -1.090377401497566456e+00 1.481485748720955975e+01
3.964418500285412289e-06 -1.145625522931433549e-01 3.546528422331564068e-01 4.083922299780071152e-02 5.952370378447867649e-01 9.633825042901718039e-01 8.113089391627976710e-01 3.752129071801492133e-01 -7.811334305241439679e-01 1.481008515092295497e+01
3.964565377430499621e-06 -1.145255041297553039e-01 3.120478035560416696e-01 4.130641085243215438e-02 5.956129621070064273e-01 1.033421145693668830e+00 7.906565881430916987e-01 5.774421714534039296e-02 -8.095493294267548379e-01 1.488764222984225150e+01
3.966212148545992197e-06 -1.141102179528911686e-01 3.446114417510687256e-01 5.178651412404929044e-02 7.361241741574634512e-01 9.064365538523752042e-01 8.374589219425173647e-01 8.368988124281231400e-01 -1.119544773445263486e+00 1.473221253196503611e+01
3.969766640375822370e-06 -1.132144262271186225e-01 3.469660241169985060e-01 4.367557756818855191e-02 6.180424273772138211e-01 9.511110087115108858e-01 8.212724170626789499e-01 4.452861039192842485e-01 -1.032222036920057207e+00 1.483029834666286995e+01
3.971578882033353259e-06 -1.127580195177333433e-01 3.362194448630232424e-01 4.454612864482451751e-02 6.261642496126507140e-01 9.367419186139662735e-01 8.358886588671946560e-01 1.449468860642331991e-01 -8.499296036810777277e-01 1.475440671882674870e+01
3.971896831442964433e-06 -1.126779665481667247e-01 3.395960359415487462e-01 5.259821657447346505e-02 7.167329756523939110e-01 9.200161649636688921e-01 8.167887094501652401e-01 5.151136436344957437e-01 -9.644743931838370976e-01 1.478814115057576828e+01
3.974054753029084011e-06 -1.121348165890379556e-01 3.483667370499337057e-01 5.033185278820979935e-02 6.915647876507794445e-01 9.029088737954532595e-01 8.463945603444671395e-01 4.160314302980183121e-01 -1.212709058099143755e+00 1.479229868747654919e+01
3.976767371231700033e-06 -1.114524674519374731e-01 3.557297547704129093e-01 5.268631488049770051e-02 7.938178893582557016e-01 8.198435886739756651e-01 8.642810313699957891e-01 2.998320814304729076e-01 -1.036377984599693658e+00 1.477752696871641191e+01
3.976830867542039290e-06 -1.114365007640469446e-01 3.068317729500623092e-01 4.647782175877022970e-02 6.268674835348437835e-01 1.029764858080049139e+00 8.001652987601083344e-01 2.182987533546927039e-01 -1.234195261927904186e+00 1.492150696513645869e+01
3.978143845476227960e-06 -1.111063984083563161e-01 3.383421173697410689e-01 5.621160744077854932e-02 7.481945807000610627e-01 9.099735788772992384e-01 8.223964104551125809e-01 4.770576293387579492e-01 -9.580109939349630288e-01 1.476739716148892967e+01
3.979926674080942246e-06 -1.106583429079289194e-01 3.558656243261438812e-01 4.924582637051204415e-02 7.534895914072434753e-01 8.371115893060143698e-01 8.559947625409320970e-01 3.996375464648310727e-01 -9.714595180828304866e-01 1.474780818137762850e+01
3.981603543703004272e-06 -1.102370998551560899e-01 3.466582661713482061e-01 5.216853281804199882e-02 7.492427058629936854e-01 9.008362377336155413e-01 8.226511233684443702e-01 6.041538436676239243e-01 -1.036952392719360905e+00 1.482483137256449623e+01
3.982699047432873262e-06 -1.099619963607199047e-01 3.317562264359393831e-01 4.795116639091420718e-02 6.446208163208618780e-01 9.672545629455733263e-01 8.080049259660058159e-01 3.459625036105500318e-01 -8.293770272117824138e-01 1.476349699269209559e+01
3.985155562681761500e-06 -1.093453898971438326e-01 3.556191845540933594e-01 4.393212067880097188e-02 6.704959093974047768e-01 9.105286181759577602e-01 8.297573230858648063e-01 5.326278306140791452e-01 -8.287889434923376708e-01 1.476095429409364534e+01
3.992001124599594625e-06 -1.076290982743052099e-01 2.975623641289447119e-01 4.334779142930079987e-02 5.807279269194798310e-01 1.069783266003122346e+00 7.844447220427855916e-01 4.696522566251987163e-02 -8.752337668109204660e-01 1.489286830336304313e+01
3.993141521744337925e-06 -1.073434685234038316e-01 3.337446929368612647e-01 4.800436341743556656e-02 6.666571479108419629e-01 9.388791477636924121e-01 8.431904583535836384e-01 4.330042481398248544e-01 -1.172245305326938603e+00 1.475403727953617228e+01
3.995125207222151905e-06 -1.068468187279231624e-01 3.727180488070707121e-01 4.663351411025108001e-02 6.797582756859967823e-01 8.882621672656851874e-01 8.382929015637017311e-01 7.590320471334028873e-01 -9.849833549091673301e-01 1.477625340081902472e+01
3.996733289736251356e-06 -1.064443885456536759e-01 3.415741491900247118e-01 4.876091169869135877e-02 6.940199762138858919e-01 9.078265254005277729e-01 8.345782761108259118e-01 4.262410196958470454e-01 -8.720289418970095241e-01 1.471403120975230117e+01
3.999573353893191167e-06 -1.057340445323646239e-01 3.318906972223856222e-01 5.018499037321844103e-02 6.362898535006912271e-01 9.818406124971332805e-01 8.067055969776012470e-01 2.924301906906485171e-01 -9.214824902464786582e-01 1.481733351856776260e+01
4.002255296434976229e-06 -1.050637120972653243e-01 3.456930426887601104e-01 4.689022810476201064e-02 6.844437787570849530e-01 9.351516268767962048e-01 8.353438165457724995e-01 7.178039266437927779e-01 -1.292060799707184682e+00 1.481454208597867606e+01
4.006238672304843306e-06 -1.040689242597755970e-01 3.478535515852599902e-01 4.284803174061733999e-02 6.220858833522546760e-01 9.504236230745057856e-01 8.248987601851842655e-01 4.242587609838290863e-01 -1.107164997504864301e+00 1.485885409206343866e+01
4.007991955717149057e-06 -1.036313817128627773e-01 3.674829117127428324e-01 4.372854386691216177e-02 6.957716957524100465e-01 8.542985301260033193e-01 8.468132642395028720e-01 4.390737402782091126e-01 -8.866996272129361589e-01 1.478877900416237878e+01
4.008572540185341777e-06 -1.034865355086040106e-01 3.296372173095197811e-01 4.486382515513856473e-02 6.195979101871775807e-01 1.029661270507669091e+00 7.777413311090262127e-01 6.109241823781407232e-01 -1.022273297035392936e+00 1.490439152382370125e+01
4.008783187075599121e-06 -1.034339877865160240e-01 3.053021829900497419e-01 4.857696799187854325e-02 6.318402988309090862e-01 1.009837800099194327e+00 8.099532594945995090e-01 1.081406456288309670e-01 -1.017782019889563072e+00 1.482888323184670476e+01
4.010304155842181455e-06 -1.030546506575452659e-01 3.199691578585893148e-01 4.714692700735006320e-02 6.256012516097151366e-01 1.015235090870030721e+00 8.088231282093649721e-01 2.840923354538041901e-01 -1.287759864904066687e+00 1.492429926639377236e+01
4.011930886707035438e-06 -1.026490951288112491e-01 3.711189660900817699e-01 4.809355252412010617e-02 7.529895876124610421e-01 8.140509151241257513e-01 8.630919345014569366e-01 6.275425765535007638e-01 -8.592194350570153683e-01 1.470737300157880156e+01
4.012107942732791388e-06 -1.026049637307599877e-01 3.352294218810570325e-01 4.293385271542547732e-02 6.184622256959623199e-01 9.678011405081713425e-01 8.062932802693533185e-01 3.399574845437488002e-01 -8.049555311203919761e-01 1.477927421674007569e+01
4.012376096905217771e-06 -1.025381297334057029e-01 3.495776082291264797e-01 5.241783695668084109e-02 7.229007694170119791e-01 8.882841276993821422e-01 8.452170674650110183e-01 1.783818604107989259e-01 -1.071164714874532242e+00 1.482244869747956173e+01
4.013214146994340692e-06 -1.023292852579979623e-01 3.590590373627979837e-01 4.603473076245214596e-02 6.529868160736655991e-01 9.259422855515442308e-01 8.165950980738988507e-01 4.872273356149876555e-01 -9.550571581590475700e-01 1.485279041373039632e+01
4.016684426066483676e-06 -1.014649457506927865e-01 3.279041177797257234e-01 4.444758567561475637e-02 6.157720873849121812e-01 9.904020965470675675e-01 8.088534597295957695e-01 1.285793179490843929e-01 -9.800560451465180067e-01 1.489099136762458109e+01
4.018169688026190332e-06 -1.010952409730942608e-01 3.687332367855215010e-01 4.763611982925043675e-02 7.122648413257022249e-01 8.188721867407473542e-01 8.778359317756144753e-01 1.997895630326644578e-01 -7.892009162221086394e-01 1.467474106881774887e+01
4.029201253462047678e-06 -9.835358225594538484e-02 3.508103888978462148e-01 5.200606162247126130e-02 7.269320441456045279e-01 8.655552894353033544e-01 8.668797959915346407e-01 3.352416908365307702e-02 -1.075848643863455356e+00 1.479160553340052786e+01
4.030963863391080957e-06 -9.791621901795441452e-02 3.306496916256585483e-01 4.862574365757058037e-02 6.587937162893758858e-01 9.774686472314720875e-01 8.128243740340401757e-01 3.556056858864526937e-01 -1.086032549972425265e+00 1.485845564438199595e+01
4.031028653289036966e-06 -9.790014609359494469e-02 3.538171482812061397e-01 4.918414670152470441e-02 6.872590461002847650e-01 8.779532798414937389e-01 8.601843262635142651e-01 4.483089842929705027e-02 -1.012303494331241449e+00 1.478899957055345737e+01
4.032641390481469353e-06 -9.750014529862358059e-02 3.330519883216580546e-01 5.083809636834862866e-02 6.479020854366964732e-01 9.759604575934098802e-01 8.118098075724464735e-01 1.896797006073905612e-01 -1.055614363868232930e+00 1.487376704977453379e+01
4.034567755272840653e-06 -9.702256630118288872e-02 3.082174340201286888e-01 5.121391973419518739e-02 6.397111015682113155e-01 1.013583643909296006e+00 8.157817165999532438e-01 1.936636916297767297e-01 -1.169247885059851777e+00 1.481674630104268253e+01
4.044872003812801165e-06 -9.447183148935225927e-02 3.458873415869589962e-01 4.992238896931854714e-02 7.038162127545239954e-01 8.755345166587742423e-01 8.661262843349253338e-01 5.681379818851056696e-02 -9.682978748039456907e-01 1.472618995389145802e+01
4.051676436168552956e-06 -9.279100810932527921e-02 3.283992338240096509e-01 4.785275100170877094e-02 6.233482033050676829e-01 1.011848226456841804e+00 8.018181395864649730e-01 4.633707616004456575e-01 -1.125971766613240721e+00 1.485618212254667903e+01
4.052667635536024243e-06 -9.254639870882579167e-02 3.270927413078588697e-01 5.296631666859611537e-02 6.543125958354418792e-01 9.687063689079287165e-01 8.306966886006799111e-01 1.621433923647598307e-01 -1.194009828470911971e+00 1.482273331999235744e+01
4.054368879635436458e-06 -9.212670302318276550e-02 3.349584273822653335e-01 5.108222010430989168e-02 6.869922916462734008e-01 9.361223593619836247e-01 8.427677847572979664e-01 2.523475879638027997e-01 -1.236001970097214464e+00 1.481519379793418878e+01
4.068774681521998312e-06 -8.857984536139262843e-02 3.549001500073799553e-01 4.508122071338252490e-02 6.616901263131118593e-01 8.967456803771391982e-01 8.407084297449457511e-01 2.425026913285138475e-01 -7.755433028784378680e-01 1.473253211030342591e+01
4.074302176264327173e-06 -8.722225149661072541e-02 3.399610449404376622e-01 4.098710428657858368e-02 6.341140526407367251e-01 9.369986270956306429e-01 8.341733499290933107e-01 2.607226522991195061e-01 -8.824682009401749738e-01 1.478179041144830563e+01
4.077737557821850356e-06 -8.637942396559891711e-02 3.032594441681366604e-01 4.843070289566409059e-02 6.199134708051938780e-01 1.035749932556831343e+00 7.991042567868797963e-01 1.300661313549190123e-01 -9.875012975465580212e-01 1.484523978223031015e+01
4.079334736625369363e-06 -8.598781806429701968e-02 3.511526345410941330e-01 5.079676266136881613e-02 7.267770686741541475e-01 8.732797863973020824e-01 8.396297498887878019e-01 3.361814904598579012e-01 -8.588656162294880936e-01 1.474125304799047598e+01
4.082725078172391974e-06 -8.515706165747416456e-02 3.492893522491482550e-01 5.322472254009971704e-02 7.303891253789593918e-01 8.766575217360998984e-01 8.471822648270099787e-01 3.230459406657724686e-01 -9.740066065437567033e-01 1.474164036170640735e+01
4.093223681257231068e-06 -8.258889271120319064e-02 3.248216242704701218e-01 4.716011534512384168e-02 6.285217725461678118e-01 9.840377745682327149e-01 8.224455870082167941e-01 2.370850011549071878e-01 -1.081192047456667638e+00 1.480843939611305515e+01
4.093742302603818244e-06 -8.246219831713502701e-02 3.483352507586894298e-01 5.078324064566096252e-02 7.172803361405709621e-01 8.872736700755707862e-01 8.378564898184722720e-01 2.250866864246207355e-01 -9.476983656033913794e-01 1.480447034506486048e+01
4.098984025919923544e-06 -8.118259398979783825e-02 3.291337928939023216e-01 5.022937719298092851e-02 6.650511016722967517e-01 9.854371698720245654e-01 8.023607588649763755e-01 5.980387113289454826e-01 -1.165424992053298414e+00 1.484834439613441859e+01
4.106031577228032954e-06 -7.946472936110755836e-02 3.372813411599631106e-01 4.576368181134760071e-02 6.367300196576504145e-01 9.658964281284241338e-01 8.043817135381723382e-01 4.434103030037191973e-01 -8.738984743103779262e-01 1.479407566312778499e+01
4.109077847823923318e-06 -7.872310302896812217e-02 3.310264733974983553e-01 4.458681090600516428e-02 6.498315996117941529e-01 9.675986972323621371e-01 8.165257052779659741e-01 5.359542485702354364e-01 -1.072683483530172843e+00 1.481008060761098477e+01
4.114106071071718094e-06 -7.750016458466989222e-02 3.297123799324784277e-01 5.075636778741978578e-02 6.648139315277097339e-01 9.371477112292161404e-01 8.384459939159030206e-01 4.050984796836609725e-02 -1.033782865511268634e+00 1.479170908777576976e+01
4.115007425119760006e-06 -7.728109990605838697e-02 3.609018937784118641e-01 4.310001617808607161e-02 6.823870116729986446e-01 8.817851786009180959e-01 8.486697410323080781e-01 5.445214231642873104e-01 -9.821513062463984589e-01 1.477129154492399543e+01
4.115520262520736209e-06 -7.715648155323844015e-02 3.019255534518503481e-01 5.099659956881824607e-02 6.390271113734771191e-01 1.036005321947970570e+00 8.024492457561682723e-01 1.177648999821497289e-01 -1.254961109046786039e+00 1.491528478892986875e+01
4.117740358462892971e-06 -7.661718221651712957e-02 3.543540053687486147e-01 5.102594392892978448e-02 7.063282501088787857e-01 8.721511243079562714e-01 8.597577315939064491e-01 1.200474370597828244e-01 -1.047527920824036229e+00 1.478449127681992969e+01
4.122328341112702504e-06 -7.550360336391583049e-02 3.277186218189283018e-01 4.560036623071508921e-02 6.294815082312588128e-01 9.519503567487612727e-01 8.415270885432086789e-01 2.829038577113685005e-02 -8.775035038969098977e-01 1.474821473696683860e+01
4.123599657410806452e-06 -7.519525327683908300e-02 3.448506849345809866e-01 4.566684302623101599e-02 6.390208501699392585e-01 9.231129966235387396e-01 8.491732802191941376e-01 2.556478347436433873e-01 -1.034042368930530031e+00 1.475998264877812716e+01
4.127261989559015840e-06 -7.430750783995918041e-02 3.502903610976081383e-01 4.646509411436666043e-02 6.757956139818673824e-01 8.900872330419842271e-01 8.512108076646638377e-01 3.776525614837431544e-01 -9.921343063821972397e-01 1.474676861766433511e+01
4.138437601667960413e-06 -7.160341273091057335e-02 3.526819416334695534e-01 4.061943986885721558e-02 6.438183860495383382e-01 9.103179057989010392e-01 8.356306117987494231e-01 3.426606014593406302e-01 -7.959221711728849957e-01 1.476009586200192381e+01
4.139095110672991548e-06 -7.144454679120357254e-02 3.380621257425896475e-01 4.822782283743352882e-02 6.391731007775450779e-01 9.737187972213423581e-01 8.104301035060524905e-01 5.065949931347365487e-01 -1.111400255032591877e+00 1.483764921543273907e+01
4.144660724521744909e-06 -7.010080494343512436e-02 3.558198197671785801e-01 4.805058709918998833e-02 6.828999948137672860e-01 8.818916148325282034e-01 8.504621910603856749e-01 3.130535136537390684e-01 -8.532097049464764105e-01 1.472184892216023577e+01
4.160262510820908291e-06 -6.634356259186369176e-02 3.452417965575884651e-01 4.987559500955690561e-02 6.994107097554509433e-01 9.014668154399492206e-01 8.416695051234780456e-01 1.818591598197487613e-01 -1.004276257052968413e+00 1.480487074226935285e+01
4.162497656049863484e-06 -6.580644624155003453e-02 3.248061723258650613e-01 4.421942964767288514e-02 6.271591198414631085e-01 9.840468454711673862e-01 8.044294527083991619e-01 2.780345284053267196e-01 -9.195559882469801494e-01 1.483568862679540601e+01
4.162509635349784659e-06 -6.580356833417795592e-02 3.200757613402808177e-01 4.977452655281773553e-02 6.412738524607736190e-01 9.841103718339141437e-01 8.199828889241488339e-01 1.504333901134002338e-01 -1.017771772557624743e+00 1.481321159554363298e+01
4.165695665059501137e-06 -6.503845034051553009e-02 3.381118441644500039e-01 4.730154343442967424e-02 6.471751216605483581e-01 9.734420756423184384e-01 8.045225757084153440e-01 5.264085915314012931e-01 -1.058077475327421579e+00 1.484637707178600508e+01
4.165934014996720753e-06 -6.498123465848479330e-02 3.030506198644347116e-01 5.167852929381603483e-02 6.344171279132060359e-01 1.025564770610428944e+00 8.056414181881094150e-01 2.979990355530187651e-02 -1.041927383343268509e+00 1.485232752155648583e+01
