10:20:17 [ultranest] [DEBUG] ReactiveNestedSampler: dims=8+0, resume=True, log_dir=/home/ljy/BettiCurveCosmo/Emulator/model-fof-rsdz/mcmc_result/nwLH-Recovery/49/combined, backend=hdf5, vectorized=False, nbootstraps=30, ndraw=128..65536
10:20:17 [ultranest] [INFO] Sampling 1600 live points from prior ...
10:20:31 [ultranest] [DEBUG] run_iter dlogz=0.5, dKL=0.5, frac_remain=0.10, Lepsilon=0.0010, min_ess=400
10:20:31 [ultranest] [DEBUG] max_iters=-1, max_ncalls=-1, max_num_improvement_loops=-1, min_num_live_points=1600, cluster_num_live_points=40
10:20:31 [ultranest] [DEBUG] minimal_widths_sequence: [(-inf, 1600.0), (inf, 1600.0)]
10:20:31 [ultranest] [DEBUG] iteration=0, ncalls=1601, regioncalls=40, ndraw=40, logz=-inf, remainder_fraction=100.0000%, Lmin=-52432.16, Lmax=-99.69
10:20:31 [ultranest] [DEBUG] iteration=9, ncalls=1610, regioncalls=400, ndraw=40, logz=-30254.23, remainder_fraction=100.0000%, Lmin=-30142.06, Lmax=-99.69
10:20:31 [ultranest] [DEBUG] iteration=18, ncalls=1619, regioncalls=760, ndraw=40, logz=-18179.58, remainder_fraction=100.0000%, Lmin=-18106.08, Lmax=-99.69
10:20:32 [ultranest] [DEBUG] iteration=27, ncalls=1628, regioncalls=1120, ndraw=40, logz=-13965.57, remainder_fraction=100.0000%, Lmin=-13957.91, Lmax=-99.69
10:20:32 [ultranest] [DEBUG] iteration=36, ncalls=1637, regioncalls=1480, ndraw=40, logz=-7937.37, remainder_fraction=100.0000%, Lmin=-7897.59, Lmax=-99.69
10:20:32 [ultranest] [DEBUG] iteration=45, ncalls=1646, regioncalls=1840, ndraw=40, logz=-5847.84, remainder_fraction=100.0000%, Lmin=-5829.52, Lmax=-99.69
10:20:32 [ultranest] [DEBUG] iteration=54, ncalls=1655, regioncalls=2200, ndraw=40, logz=-4846.88, remainder_fraction=100.0000%, Lmin=-4831.56, Lmax=-99.69
10:20:32 [ultranest] [DEBUG] iteration=63, ncalls=1664, regioncalls=2560, ndraw=40, logz=-4371.50, remainder_fraction=100.0000%, Lmin=-4354.32, Lmax=-99.69
10:20:32 [ultranest] [DEBUG] iteration=72, ncalls=1673, regioncalls=2920, ndraw=40, logz=-4084.96, remainder_fraction=100.0000%, Lmin=-4067.54, Lmax=-99.69
10:20:32 [ultranest] [DEBUG] iteration=80, ncalls=1682, regioncalls=3280, ndraw=40, logz=-3884.98, remainder_fraction=100.0000%, Lmin=-3863.63, Lmax=-99.69
10:20:32 [ultranest] [DEBUG] iteration=89, ncalls=1691, regioncalls=3640, ndraw=40, logz=-3739.23, remainder_fraction=100.0000%, Lmin=-3655.78, Lmax=-99.69
10:20:32 [ultranest] [DEBUG] iteration=97, ncalls=1700, regioncalls=4000, ndraw=40, logz=-3474.15, remainder_fraction=100.0000%, Lmin=-3413.58, Lmax=-99.69
10:20:32 [ultranest] [DEBUG] iteration=106, ncalls=1709, regioncalls=4360, ndraw=40, logz=-3340.71, remainder_fraction=100.0000%, Lmin=-3293.07, Lmax=-99.69
10:20:33 [ultranest] [DEBUG] iteration=115, ncalls=1718, regioncalls=4720, ndraw=40, logz=-3113.69, remainder_fraction=100.0000%, Lmin=-3096.11, Lmax=-99.69
10:20:33 [ultranest] [DEBUG] iteration=124, ncalls=1727, regioncalls=5080, ndraw=40, logz=-2966.40, remainder_fraction=100.0000%, Lmin=-2931.87, Lmax=-99.69
10:20:33 [ultranest] [DEBUG] iteration=132, ncalls=1736, regioncalls=5440, ndraw=40, logz=-2836.94, remainder_fraction=100.0000%, Lmin=-2817.22, Lmax=-99.69
10:20:33 [ultranest] [DEBUG] iteration=140, ncalls=1746, regioncalls=5840, ndraw=40, logz=-2763.20, remainder_fraction=100.0000%, Lmin=-2755.66, Lmax=-99.69
10:20:33 [ultranest] [DEBUG] iteration=148, ncalls=1755, regioncalls=6200, ndraw=40, logz=-2678.67, remainder_fraction=100.0000%, Lmin=-2644.31, Lmax=-99.69
10:20:33 [ultranest] [DEBUG] iteration=156, ncalls=1765, regioncalls=6600, ndraw=40, logz=-2565.22, remainder_fraction=100.0000%, Lmin=-2556.59, Lmax=-99.69
10:20:33 [ultranest] [DEBUG] iteration=160, ncalls=1769, regioncalls=6760, ndraw=40, logz=-2534.92, remainder_fraction=100.0000%, Lmin=-2514.98, Lmax=-99.69
10:20:33 [ultranest] [DEBUG] iteration=169, ncalls=1778, regioncalls=7120, ndraw=40, logz=-2475.57, remainder_fraction=100.0000%, Lmin=-2455.67, Lmax=-99.69
10:20:33 [ultranest] [DEBUG] iteration=178, ncalls=1788, regioncalls=7520, ndraw=40, logz=-2397.90, remainder_fraction=100.0000%, Lmin=-2389.97, Lmax=-99.69
10:20:33 [ultranest] [DEBUG] iteration=185, ncalls=1798, regioncalls=7920, ndraw=40, logz=-2368.13, remainder_fraction=100.0000%, Lmin=-2359.31, Lmax=-99.69
10:20:34 [ultranest] [DEBUG] iteration=194, ncalls=1808, regioncalls=8320, ndraw=40, logz=-2277.77, remainder_fraction=100.0000%, Lmin=-2265.88, Lmax=-99.69
10:20:34 [ultranest] [DEBUG] iteration=203, ncalls=1817, regioncalls=8680, ndraw=40, logz=-2231.14, remainder_fraction=100.0000%, Lmin=-2223.95, Lmax=-99.69
10:20:34 [ultranest] [DEBUG] iteration=212, ncalls=1827, regioncalls=9080, ndraw=40, logz=-2192.21, remainder_fraction=100.0000%, Lmin=-2184.00, Lmax=-99.69
10:20:34 [ultranest] [DEBUG] iteration=221, ncalls=1838, regioncalls=9520, ndraw=40, logz=-2158.72, remainder_fraction=100.0000%, Lmin=-2147.95, Lmax=-99.69
10:20:34 [ultranest] [DEBUG] iteration=230, ncalls=1847, regioncalls=9880, ndraw=40, logz=-2111.15, remainder_fraction=100.0000%, Lmin=-2102.78, Lmax=-99.69
10:20:34 [ultranest] [DEBUG] iteration=238, ncalls=1856, regioncalls=10240, ndraw=40, logz=-2095.02, remainder_fraction=100.0000%, Lmin=-2075.48, Lmax=-99.69
10:20:34 [ultranest] [DEBUG] iteration=246, ncalls=1865, regioncalls=10600, ndraw=40, logz=-2050.86, remainder_fraction=100.0000%, Lmin=-2029.90, Lmax=-99.69
10:20:34 [ultranest] [DEBUG] iteration=255, ncalls=1875, regioncalls=11000, ndraw=40, logz=-1976.45, remainder_fraction=100.0000%, Lmin=-1968.54, Lmax=-99.69
10:20:34 [ultranest] [DEBUG] iteration=264, ncalls=1885, regioncalls=11400, ndraw=40, logz=-1944.95, remainder_fraction=100.0000%, Lmin=-1936.48, Lmax=-99.69
10:20:35 [ultranest] [DEBUG] iteration=273, ncalls=1895, regioncalls=11800, ndraw=40, logz=-1897.93, remainder_fraction=100.0000%, Lmin=-1888.12, Lmax=-99.69
10:20:35 [ultranest] [DEBUG] iteration=282, ncalls=1907, regioncalls=12280, ndraw=40, logz=-1882.78, remainder_fraction=100.0000%, Lmin=-1875.98, Lmax=-99.69
10:20:35 [ultranest] [DEBUG] iteration=290, ncalls=1917, regioncalls=12680, ndraw=40, logz=-1858.70, remainder_fraction=100.0000%, Lmin=-1850.82, Lmax=-99.69
10:20:35 [ultranest] [DEBUG] iteration=299, ncalls=1927, regioncalls=13080, ndraw=40, logz=-1833.88, remainder_fraction=100.0000%, Lmin=-1825.34, Lmax=-99.69
10:20:35 [ultranest] [DEBUG] iteration=307, ncalls=1938, regioncalls=13520, ndraw=40, logz=-1823.48, remainder_fraction=100.0000%, Lmin=-1813.52, Lmax=-99.69
10:20:35 [ultranest] [DEBUG] iteration=316, ncalls=1948, regioncalls=13920, ndraw=40, logz=-1800.23, remainder_fraction=100.0000%, Lmin=-1792.11, Lmax=-99.69
10:20:35 [ultranest] [DEBUG] iteration=320, ncalls=1952, regioncalls=14080, ndraw=40, logz=-1794.82, remainder_fraction=100.0000%, Lmin=-1779.53, Lmax=-99.69
10:20:35 [ultranest] [DEBUG] iteration=327, ncalls=1963, regioncalls=14520, ndraw=40, logz=-1771.78, remainder_fraction=100.0000%, Lmin=-1764.28, Lmax=-99.69
10:20:35 [ultranest] [DEBUG] iteration=336, ncalls=1973, regioncalls=14920, ndraw=40, logz=-1763.44, remainder_fraction=100.0000%, Lmin=-1753.37, Lmax=-99.69
10:20:35 [ultranest] [DEBUG] iteration=345, ncalls=1982, regioncalls=15280, ndraw=40, logz=-1727.51, remainder_fraction=100.0000%, Lmin=-1719.81, Lmax=-99.69
10:20:36 [ultranest] [DEBUG] iteration=354, ncalls=1992, regioncalls=15680, ndraw=40, logz=-1703.49, remainder_fraction=100.0000%, Lmin=-1693.72, Lmax=-99.69
10:20:36 [ultranest] [DEBUG] iteration=358, ncalls=1996, regioncalls=15840, ndraw=40, logz=-1690.47, remainder_fraction=100.0000%, Lmin=-1680.70, Lmax=-99.69
10:20:36 [ultranest] [DEBUG] iteration=365, ncalls=2006, regioncalls=16240, ndraw=40, logz=-1670.13, remainder_fraction=100.0000%, Lmin=-1662.71, Lmax=-99.69
10:20:36 [ultranest] [DEBUG] iteration=372, ncalls=2016, regioncalls=16640, ndraw=40, logz=-1659.71, remainder_fraction=100.0000%, Lmin=-1649.11, Lmax=-99.69
10:20:36 [ultranest] [DEBUG] iteration=381, ncalls=2026, regioncalls=17040, ndraw=40, logz=-1637.40, remainder_fraction=100.0000%, Lmin=-1626.21, Lmax=-99.69
10:20:36 [ultranest] [DEBUG] iteration=390, ncalls=2036, regioncalls=17440, ndraw=40, logz=-1626.02, remainder_fraction=100.0000%, Lmin=-1613.24, Lmax=-99.69
10:20:36 [ultranest] [DEBUG] iteration=397, ncalls=2048, regioncalls=17920, ndraw=40, logz=-1597.42, remainder_fraction=100.0000%, Lmin=-1588.69, Lmax=-99.69
10:20:36 [ultranest] [DEBUG] iteration=406, ncalls=2058, regioncalls=18320, ndraw=40, logz=-1589.46, remainder_fraction=100.0000%, Lmin=-1579.05, Lmax=-99.69
10:20:37 [ultranest] [DEBUG] iteration=414, ncalls=2068, regioncalls=18720, ndraw=40, logz=-1570.98, remainder_fraction=100.0000%, Lmin=-1560.72, Lmax=-99.69
10:20:37 [ultranest] [DEBUG] iteration=423, ncalls=2078, regioncalls=19120, ndraw=40, logz=-1554.32, remainder_fraction=100.0000%, Lmin=-1545.97, Lmax=-99.69
10:20:37 [ultranest] [DEBUG] iteration=431, ncalls=2087, regioncalls=19480, ndraw=40, logz=-1540.29, remainder_fraction=100.0000%, Lmin=-1532.30, Lmax=-99.69
10:20:37 [ultranest] [DEBUG] iteration=440, ncalls=2096, regioncalls=19840, ndraw=40, logz=-1525.59, remainder_fraction=100.0000%, Lmin=-1517.29, Lmax=-99.69
10:20:37 [ultranest] [DEBUG] iteration=448, ncalls=2107, regioncalls=20280, ndraw=40, logz=-1518.63, remainder_fraction=100.0000%, Lmin=-1511.16, Lmax=-99.69
10:20:37 [ultranest] [DEBUG] iteration=455, ncalls=2118, regioncalls=20720, ndraw=40, logz=-1509.26, remainder_fraction=100.0000%, Lmin=-1500.03, Lmax=-99.69
10:20:37 [ultranest] [DEBUG] iteration=463, ncalls=2128, regioncalls=21120, ndraw=40, logz=-1496.31, remainder_fraction=100.0000%, Lmin=-1484.79, Lmax=-99.69
10:20:37 [ultranest] [DEBUG] iteration=469, ncalls=2138, regioncalls=21520, ndraw=40, logz=-1484.29, remainder_fraction=100.0000%, Lmin=-1475.59, Lmax=-99.69
10:20:37 [ultranest] [DEBUG] iteration=477, ncalls=2149, regioncalls=21960, ndraw=40, logz=-1473.46, remainder_fraction=100.0000%, Lmin=-1466.25, Lmax=-99.69
10:20:37 [ultranest] [DEBUG] iteration=480, ncalls=2153, regioncalls=22120, ndraw=40, logz=-1471.29, remainder_fraction=100.0000%, Lmin=-1464.05, Lmax=-99.69
10:20:38 [ultranest] [DEBUG] iteration=489, ncalls=2162, regioncalls=22480, ndraw=40, logz=-1460.12, remainder_fraction=100.0000%, Lmin=-1451.83, Lmax=-99.69
10:20:38 [ultranest] [DEBUG] iteration=497, ncalls=2173, regioncalls=22920, ndraw=40, logz=-1452.08, remainder_fraction=100.0000%, Lmin=-1444.80, Lmax=-99.69
10:20:38 [ultranest] [DEBUG] iteration=506, ncalls=2183, regioncalls=23320, ndraw=40, logz=-1439.92, remainder_fraction=100.0000%, Lmin=-1432.20, Lmax=-99.69
10:20:38 [ultranest] [DEBUG] iteration=515, ncalls=2193, regioncalls=23720, ndraw=40, logz=-1431.53, remainder_fraction=100.0000%, Lmin=-1424.07, Lmax=-99.69
10:20:38 [ultranest] [DEBUG] iteration=523, ncalls=2203, regioncalls=24120, ndraw=40, logz=-1424.83, remainder_fraction=100.0000%, Lmin=-1416.20, Lmax=-99.69
10:20:38 [ultranest] [DEBUG] iteration=530, ncalls=2213, regioncalls=24520, ndraw=40, logz=-1419.78, remainder_fraction=100.0000%, Lmin=-1412.39, Lmax=-99.69
10:20:38 [ultranest] [DEBUG] iteration=538, ncalls=2223, regioncalls=24920, ndraw=40, logz=-1402.63, remainder_fraction=100.0000%, Lmin=-1394.55, Lmax=-99.69
10:20:38 [ultranest] [DEBUG] iteration=547, ncalls=2234, regioncalls=25360, ndraw=40, logz=-1395.09, remainder_fraction=100.0000%, Lmin=-1387.88, Lmax=-99.69
10:20:38 [ultranest] [DEBUG] iteration=553, ncalls=2244, regioncalls=25760, ndraw=40, logz=-1392.49, remainder_fraction=100.0000%, Lmin=-1382.09, Lmax=-99.69
10:20:39 [ultranest] [DEBUG] iteration=562, ncalls=2255, regioncalls=26200, ndraw=40, logz=-1377.40, remainder_fraction=100.0000%, Lmin=-1368.65, Lmax=-99.69
10:20:39 [ultranest] [DEBUG] iteration=569, ncalls=2265, regioncalls=26600, ndraw=40, logz=-1369.16, remainder_fraction=100.0000%, Lmin=-1361.75, Lmax=-99.69
10:20:39 [ultranest] [DEBUG] iteration=578, ncalls=2274, regioncalls=26960, ndraw=40, logz=-1357.69, remainder_fraction=100.0000%, Lmin=-1349.22, Lmax=-99.69
10:20:39 [ultranest] [DEBUG] iteration=586, ncalls=2285, regioncalls=27400, ndraw=40, logz=-1351.73, remainder_fraction=100.0000%, Lmin=-1344.45, Lmax=-99.69
10:20:39 [ultranest] [DEBUG] iteration=595, ncalls=2295, regioncalls=27800, ndraw=40, logz=-1341.85, remainder_fraction=100.0000%, Lmin=-1333.60, Lmax=-99.69
10:20:39 [ultranest] [DEBUG] iteration=601, ncalls=2306, regioncalls=28240, ndraw=40, logz=-1335.67, remainder_fraction=100.0000%, Lmin=-1327.05, Lmax=-99.69
10:20:39 [ultranest] [DEBUG] iteration=608, ncalls=2316, regioncalls=28640, ndraw=40, logz=-1328.11, remainder_fraction=100.0000%, Lmin=-1318.63, Lmax=-99.69
10:20:39 [ultranest] [DEBUG] iteration=614, ncalls=2326, regioncalls=29040, ndraw=40, logz=-1320.67, remainder_fraction=100.0000%, Lmin=-1311.69, Lmax=-99.69
10:20:39 [ultranest] [DEBUG] iteration=620, ncalls=2338, regioncalls=29520, ndraw=40, logz=-1312.21, remainder_fraction=100.0000%, Lmin=-1303.76, Lmax=-99.69
10:20:40 [ultranest] [DEBUG] iteration=629, ncalls=2348, regioncalls=29920, ndraw=40, logz=-1305.04, remainder_fraction=100.0000%, Lmin=-1298.02, Lmax=-99.69
10:20:40 [ultranest] [DEBUG] iteration=636, ncalls=2362, regioncalls=30480, ndraw=40, logz=-1302.28, remainder_fraction=100.0000%, Lmin=-1295.63, Lmax=-99.69
10:20:40 [ultranest] [DEBUG] iteration=640, ncalls=2369, regioncalls=30760, ndraw=40, logz=-1301.22, remainder_fraction=100.0000%, Lmin=-1294.30, Lmax=-99.69
10:20:40 [ultranest] [DEBUG] iteration=647, ncalls=2379, regioncalls=31160, ndraw=40, logz=-1298.70, remainder_fraction=100.0000%, Lmin=-1291.55, Lmax=-99.69
10:20:40 [ultranest] [DEBUG] iteration=653, ncalls=2390, regioncalls=31600, ndraw=40, logz=-1293.08, remainder_fraction=100.0000%, Lmin=-1285.65, Lmax=-99.69
10:20:40 [ultranest] [DEBUG] iteration=661, ncalls=2400, regioncalls=32000, ndraw=40, logz=-1288.75, remainder_fraction=100.0000%, Lmin=-1281.79, Lmax=-99.69
10:20:40 [ultranest] [DEBUG] iteration=668, ncalls=2412, regioncalls=32480, ndraw=40, logz=-1285.85, remainder_fraction=100.0000%, Lmin=-1278.87, Lmax=-99.69
10:20:40 [ultranest] [DEBUG] iteration=674, ncalls=2422, regioncalls=32880, ndraw=40, logz=-1283.71, remainder_fraction=100.0000%, Lmin=-1276.53, Lmax=-99.69
10:20:40 [ultranest] [DEBUG] iteration=681, ncalls=2432, regioncalls=33280, ndraw=40, logz=-1279.16, remainder_fraction=100.0000%, Lmin=-1271.90, Lmax=-99.69
10:20:41 [ultranest] [DEBUG] iteration=688, ncalls=2443, regioncalls=33720, ndraw=40, logz=-1276.56, remainder_fraction=100.0000%, Lmin=-1270.18, Lmax=-99.69
10:20:41 [ultranest] [DEBUG] iteration=694, ncalls=2454, regioncalls=34160, ndraw=40, logz=-1269.68, remainder_fraction=100.0000%, Lmin=-1260.96, Lmax=-99.69
10:20:41 [ultranest] [DEBUG] iteration=701, ncalls=2466, regioncalls=34640, ndraw=40, logz=-1265.34, remainder_fraction=100.0000%, Lmin=-1258.80, Lmax=-99.69
10:20:41 [ultranest] [DEBUG] iteration=708, ncalls=2476, regioncalls=35040, ndraw=40, logz=-1256.35, remainder_fraction=100.0000%, Lmin=-1248.78, Lmax=-99.69
10:20:41 [ultranest] [DEBUG] iteration=716, ncalls=2487, regioncalls=35480, ndraw=40, logz=-1252.05, remainder_fraction=100.0000%, Lmin=-1245.08, Lmax=-99.69
10:20:41 [ultranest] [DEBUG] iteration=722, ncalls=2497, regioncalls=35880, ndraw=40, logz=-1246.63, remainder_fraction=100.0000%, Lmin=-1239.03, Lmax=-99.69
10:20:41 [ultranest] [DEBUG] iteration=729, ncalls=2507, regioncalls=36280, ndraw=40, logz=-1242.10, remainder_fraction=100.0000%, Lmin=-1234.30, Lmax=-99.69
10:20:42 [ultranest] [DEBUG] iteration=736, ncalls=2518, regioncalls=36720, ndraw=40, logz=-1238.56, remainder_fraction=100.0000%, Lmin=-1230.99, Lmax=-99.69
10:20:42 [ultranest] [DEBUG] iteration=745, ncalls=2529, regioncalls=37160, ndraw=40, logz=-1232.58, remainder_fraction=100.0000%, Lmin=-1224.72, Lmax=-99.69
10:20:42 [ultranest] [DEBUG] iteration=753, ncalls=2538, regioncalls=37520, ndraw=40, logz=-1227.98, remainder_fraction=100.0000%, Lmin=-1220.85, Lmax=-99.69
10:20:42 [ultranest] [DEBUG] iteration=759, ncalls=2548, regioncalls=37920, ndraw=40, logz=-1226.09, remainder_fraction=100.0000%, Lmin=-1219.33, Lmax=-99.69
10:20:42 [ultranest] [DEBUG] iteration=765, ncalls=2561, regioncalls=38440, ndraw=40, logz=-1223.47, remainder_fraction=100.0000%, Lmin=-1216.27, Lmax=-99.69
10:20:42 [ultranest] [DEBUG] iteration=773, ncalls=2571, regioncalls=38840, ndraw=40, logz=-1220.22, remainder_fraction=100.0000%, Lmin=-1212.85, Lmax=-99.69
10:20:42 [ultranest] [DEBUG] iteration=780, ncalls=2583, regioncalls=39320, ndraw=40, logz=-1216.18, remainder_fraction=100.0000%, Lmin=-1206.43, Lmax=-99.69
10:20:42 [ultranest] [DEBUG] iteration=786, ncalls=2593, regioncalls=39720, ndraw=40, logz=-1210.76, remainder_fraction=100.0000%, Lmin=-1202.97, Lmax=-99.69
10:20:42 [ultranest] [DEBUG] iteration=792, ncalls=2605, regioncalls=40200, ndraw=40, logz=-1207.73, remainder_fraction=100.0000%, Lmin=-1201.08, Lmax=-99.69
10:20:42 [ultranest] [DEBUG] iteration=799, ncalls=2615, regioncalls=40600, ndraw=40, logz=-1205.59, remainder_fraction=100.0000%, Lmin=-1198.73, Lmax=-99.69
10:20:43 [ultranest] [DEBUG] iteration=800, ncalls=2616, regioncalls=40640, ndraw=40, logz=-1205.28, remainder_fraction=100.0000%, Lmin=-1198.33, Lmax=-99.69
10:20:43 [ultranest] [DEBUG] iteration=807, ncalls=2626, regioncalls=41040, ndraw=40, logz=-1200.07, remainder_fraction=100.0000%, Lmin=-1192.74, Lmax=-99.69
10:20:43 [ultranest] [DEBUG] iteration=813, ncalls=2640, regioncalls=41600, ndraw=40, logz=-1197.88, remainder_fraction=100.0000%, Lmin=-1189.76, Lmax=-99.69
10:20:43 [ultranest] [DEBUG] iteration=820, ncalls=2650, regioncalls=42000, ndraw=40, logz=-1193.23, remainder_fraction=100.0000%, Lmin=-1186.16, Lmax=-99.69
10:20:43 [ultranest] [DEBUG] iteration=828, ncalls=2660, regioncalls=42400, ndraw=40, logz=-1191.13, remainder_fraction=100.0000%, Lmin=-1184.68, Lmax=-99.69
10:20:43 [ultranest] [DEBUG] iteration=834, ncalls=2670, regioncalls=42800, ndraw=40, logz=-1188.94, remainder_fraction=100.0000%, Lmin=-1181.03, Lmax=-99.69
10:20:43 [ultranest] [DEBUG] iteration=838, ncalls=2681, regioncalls=43240, ndraw=40, logz=-1185.71, remainder_fraction=100.0000%, Lmin=-1178.07, Lmax=-99.69
10:20:43 [ultranest] [DEBUG] iteration=844, ncalls=2692, regioncalls=43680, ndraw=40, logz=-1181.97, remainder_fraction=100.0000%, Lmin=-1174.65, Lmax=-99.69
10:20:43 [ultranest] [DEBUG] iteration=852, ncalls=2702, regioncalls=44080, ndraw=40, logz=-1177.60, remainder_fraction=100.0000%, Lmin=-1170.39, Lmax=-99.69
10:20:43 [ultranest] [DEBUG] iteration=857, ncalls=2713, regioncalls=44520, ndraw=40, logz=-1175.64, remainder_fraction=100.0000%, Lmin=-1167.82, Lmax=-99.69
10:20:44 [ultranest] [DEBUG] iteration=864, ncalls=2724, regioncalls=44960, ndraw=40, logz=-1172.20, remainder_fraction=100.0000%, Lmin=-1165.32, Lmax=-99.69
10:20:44 [ultranest] [DEBUG] iteration=870, ncalls=2736, regioncalls=45440, ndraw=40, logz=-1170.49, remainder_fraction=100.0000%, Lmin=-1163.51, Lmax=-99.69
10:20:44 [ultranest] [DEBUG] iteration=876, ncalls=2747, regioncalls=45880, ndraw=40, logz=-1168.24, remainder_fraction=100.0000%, Lmin=-1161.30, Lmax=-99.69
10:20:44 [ultranest] [DEBUG] iteration=884, ncalls=2757, regioncalls=46280, ndraw=40, logz=-1164.99, remainder_fraction=100.0000%, Lmin=-1157.78, Lmax=-99.69
10:20:44 [ultranest] [DEBUG] iteration=893, ncalls=2767, regioncalls=46680, ndraw=40, logz=-1161.56, remainder_fraction=100.0000%, Lmin=-1154.22, Lmax=-99.69
10:20:44 [ultranest] [DEBUG] iteration=898, ncalls=2779, regioncalls=47160, ndraw=40, logz=-1159.69, remainder_fraction=100.0000%, Lmin=-1152.64, Lmax=-99.69
10:20:44 [ultranest] [DEBUG] iteration=905, ncalls=2789, regioncalls=47560, ndraw=40, logz=-1155.81, remainder_fraction=100.0000%, Lmin=-1148.85, Lmax=-99.69
10:20:44 [ultranest] [DEBUG] iteration=914, ncalls=2801, regioncalls=48040, ndraw=40, logz=-1152.87, remainder_fraction=100.0000%, Lmin=-1145.93, Lmax=-99.69
10:20:45 [ultranest] [DEBUG] iteration=923, ncalls=2812, regioncalls=48480, ndraw=40, logz=-1150.34, remainder_fraction=100.0000%, Lmin=-1142.97, Lmax=-99.69
10:20:45 [ultranest] [DEBUG] iteration=929, ncalls=2822, regioncalls=48880, ndraw=40, logz=-1148.11, remainder_fraction=100.0000%, Lmin=-1140.90, Lmax=-99.69
10:20:45 [ultranest] [DEBUG] iteration=933, ncalls=2835, regioncalls=49400, ndraw=40, logz=-1145.94, remainder_fraction=100.0000%, Lmin=-1138.07, Lmax=-99.69
10:20:45 [ultranest] [DEBUG] iteration=941, ncalls=2845, regioncalls=49800, ndraw=40, logz=-1142.24, remainder_fraction=100.0000%, Lmin=-1135.52, Lmax=-99.69
10:20:45 [ultranest] [DEBUG] iteration=948, ncalls=2855, regioncalls=50200, ndraw=40, logz=-1139.50, remainder_fraction=100.0000%, Lmin=-1132.70, Lmax=-99.69
10:20:45 [ultranest] [DEBUG] iteration=954, ncalls=2865, regioncalls=50600, ndraw=40, logz=-1137.57, remainder_fraction=100.0000%, Lmin=-1130.03, Lmax=-99.69
10:20:45 [ultranest] [DEBUG] iteration=960, ncalls=2876, regioncalls=51040, ndraw=40, logz=-1134.81, remainder_fraction=100.0000%, Lmin=-1127.89, Lmax=-99.69
10:20:45 [ultranest] [DEBUG] iteration=968, ncalls=2887, regioncalls=51480, ndraw=40, logz=-1132.91, remainder_fraction=100.0000%, Lmin=-1126.58, Lmax=-99.69
10:20:45 [ultranest] [DEBUG] iteration=974, ncalls=2902, regioncalls=52080, ndraw=40, logz=-1131.49, remainder_fraction=100.0000%, Lmin=-1123.92, Lmax=-99.69
10:20:46 [ultranest] [DEBUG] iteration=980, ncalls=2913, regioncalls=52520, ndraw=40, logz=-1129.20, remainder_fraction=100.0000%, Lmin=-1122.29, Lmax=-99.69
10:20:46 [ultranest] [DEBUG] iteration=985, ncalls=2924, regioncalls=52960, ndraw=40, logz=-1127.96, remainder_fraction=100.0000%, Lmin=-1121.63, Lmax=-99.69
10:20:46 [ultranest] [DEBUG] iteration=992, ncalls=2935, regioncalls=53400, ndraw=40, logz=-1126.20, remainder_fraction=100.0000%, Lmin=-1119.25, Lmax=-99.69
10:20:46 [ultranest] [DEBUG] iteration=999, ncalls=2945, regioncalls=53800, ndraw=40, logz=-1123.69, remainder_fraction=100.0000%, Lmin=-1117.09, Lmax=-99.69
10:20:46 [ultranest] [DEBUG] iteration=1004, ncalls=2956, regioncalls=54240, ndraw=40, logz=-1122.53, remainder_fraction=100.0000%, Lmin=-1115.86, Lmax=-99.69
10:20:46 [ultranest] [DEBUG] iteration=1009, ncalls=2967, regioncalls=54680, ndraw=40, logz=-1121.58, remainder_fraction=100.0000%, Lmin=-1115.55, Lmax=-99.69
10:20:46 [ultranest] [DEBUG] iteration=1015, ncalls=2977, regioncalls=55080, ndraw=40, logz=-1120.72, remainder_fraction=100.0000%, Lmin=-1114.48, Lmax=-99.69
10:20:46 [ultranest] [DEBUG] iteration=1021, ncalls=2988, regioncalls=55520, ndraw=40, logz=-1119.75, remainder_fraction=100.0000%, Lmin=-1112.76, Lmax=-99.69
10:20:46 [ultranest] [DEBUG] iteration=1028, ncalls=3000, regioncalls=56000, ndraw=40, logz=-1117.11, remainder_fraction=100.0000%, Lmin=-1110.14, Lmax=-99.69
10:20:47 [ultranest] [DEBUG] iteration=1035, ncalls=3013, regioncalls=56520, ndraw=40, logz=-1115.47, remainder_fraction=100.0000%, Lmin=-1109.27, Lmax=-99.69
10:20:47 [ultranest] [DEBUG] iteration=1043, ncalls=3023, regioncalls=56920, ndraw=40, logz=-1112.98, remainder_fraction=100.0000%, Lmin=-1106.09, Lmax=-99.69
10:20:47 [ultranest] [DEBUG] iteration=1049, ncalls=3033, regioncalls=57320, ndraw=40, logz=-1110.77, remainder_fraction=100.0000%, Lmin=-1103.38, Lmax=-99.69
10:20:47 [ultranest] [DEBUG] iteration=1057, ncalls=3045, regioncalls=57800, ndraw=40, logz=-1108.33, remainder_fraction=100.0000%, Lmin=-1101.32, Lmax=-99.69
10:20:47 [ultranest] [DEBUG] iteration=1063, ncalls=3055, regioncalls=58200, ndraw=40, logz=-1105.93, remainder_fraction=100.0000%, Lmin=-1097.86, Lmax=-99.69
10:20:47 [ultranest] [DEBUG] iteration=1071, ncalls=3066, regioncalls=58640, ndraw=40, logz=-1101.86, remainder_fraction=100.0000%, Lmin=-1094.84, Lmax=-99.69
10:20:47 [ultranest] [DEBUG] iteration=1074, ncalls=3069, regioncalls=58760, ndraw=40, logz=-1101.10, remainder_fraction=100.0000%, Lmin=-1094.62, Lmax=-99.69
10:20:47 [ultranest] [DEBUG] iteration=1079, ncalls=3080, regioncalls=59200, ndraw=40, logz=-1100.27, remainder_fraction=100.0000%, Lmin=-1093.57, Lmax=-99.69
10:20:48 [ultranest] [DEBUG] iteration=1084, ncalls=3092, regioncalls=59680, ndraw=40, logz=-1098.09, remainder_fraction=100.0000%, Lmin=-1090.71, Lmax=-99.69
10:20:48 [ultranest] [DEBUG] iteration=1090, ncalls=3104, regioncalls=60160, ndraw=40, logz=-1096.31, remainder_fraction=100.0000%, Lmin=-1089.60, Lmax=-99.69
10:20:48 [ultranest] [DEBUG] iteration=1094, ncalls=3116, regioncalls=60640, ndraw=40, logz=-1095.48, remainder_fraction=100.0000%, Lmin=-1089.20, Lmax=-99.69
10:20:48 [ultranest] [DEBUG] iteration=1097, ncalls=3127, regioncalls=61080, ndraw=40, logz=-1095.02, remainder_fraction=100.0000%, Lmin=-1088.74, Lmax=-99.69
10:20:48 [ultranest] [DEBUG] iteration=1103, ncalls=3137, regioncalls=61480, ndraw=40, logz=-1094.01, remainder_fraction=100.0000%, Lmin=-1087.35, Lmax=-99.69
10:20:48 [ultranest] [DEBUG] iteration=1109, ncalls=3147, regioncalls=61880, ndraw=40, logz=-1092.56, remainder_fraction=100.0000%, Lmin=-1085.44, Lmax=-99.69
10:20:48 [ultranest] [DEBUG] iteration=1114, ncalls=3158, regioncalls=62320, ndraw=40, logz=-1091.19, remainder_fraction=100.0000%, Lmin=-1084.34, Lmax=-99.69
10:20:48 [ultranest] [DEBUG] iteration=1120, ncalls=3165, regioncalls=62600, ndraw=40, logz=-1089.73, remainder_fraction=100.0000%, Lmin=-1083.14, Lmax=-99.69
10:20:48 [ultranest] [DEBUG] iteration=1125, ncalls=3176, regioncalls=63040, ndraw=40, logz=-1088.92, remainder_fraction=100.0000%, Lmin=-1082.76, Lmax=-99.69
10:20:48 [ultranest] [DEBUG] iteration=1131, ncalls=3187, regioncalls=63480, ndraw=40, logz=-1088.08, remainder_fraction=100.0000%, Lmin=-1081.71, Lmax=-99.69
10:20:49 [ultranest] [DEBUG] iteration=1135, ncalls=3199, regioncalls=63960, ndraw=40, logz=-1087.47, remainder_fraction=100.0000%, Lmin=-1081.38, Lmax=-99.69
10:20:49 [ultranest] [DEBUG] iteration=1142, ncalls=3209, regioncalls=64360, ndraw=40, logz=-1086.50, remainder_fraction=100.0000%, Lmin=-1080.09, Lmax=-99.69
10:20:49 [ultranest] [DEBUG] iteration=1147, ncalls=3220, regioncalls=64800, ndraw=40, logz=-1085.12, remainder_fraction=100.0000%, Lmin=-1077.60, Lmax=-99.69
10:20:49 [ultranest] [DEBUG] iteration=1154, ncalls=3230, regioncalls=65200, ndraw=40, logz=-1083.12, remainder_fraction=100.0000%, Lmin=-1076.35, Lmax=-99.69
10:20:49 [ultranest] [DEBUG] iteration=1161, ncalls=3244, regioncalls=65760, ndraw=40, logz=-1081.48, remainder_fraction=100.0000%, Lmin=-1074.84, Lmax=-99.69
10:20:49 [ultranest] [DEBUG] iteration=1166, ncalls=3257, regioncalls=66280, ndraw=40, logz=-1080.54, remainder_fraction=100.0000%, Lmin=-1074.19, Lmax=-99.69
10:20:49 [ultranest] [DEBUG] iteration=1172, ncalls=3267, regioncalls=66680, ndraw=40, logz=-1079.51, remainder_fraction=100.0000%, Lmin=-1073.11, Lmax=-99.69
10:20:49 [ultranest] [DEBUG] iteration=1178, ncalls=3277, regioncalls=67080, ndraw=40, logz=-1077.84, remainder_fraction=100.0000%, Lmin=-1071.09, Lmax=-99.69
10:20:49 [ultranest] [DEBUG] iteration=1184, ncalls=3290, regioncalls=67600, ndraw=40, logz=-1076.63, remainder_fraction=100.0000%, Lmin=-1070.00, Lmax=-99.69
10:20:50 [ultranest] [DEBUG] iteration=1189, ncalls=3302, regioncalls=68080, ndraw=40, logz=-1075.76, remainder_fraction=100.0000%, Lmin=-1069.48, Lmax=-99.69
10:20:50 [ultranest] [DEBUG] iteration=1195, ncalls=3312, regioncalls=68480, ndraw=40, logz=-1074.63, remainder_fraction=100.0000%, Lmin=-1067.97, Lmax=-99.69
10:20:50 [ultranest] [DEBUG] iteration=1201, ncalls=3324, regioncalls=68960, ndraw=40, logz=-1073.44, remainder_fraction=100.0000%, Lmin=-1066.80, Lmax=-99.69
10:20:50 [ultranest] [DEBUG] iteration=1207, ncalls=3335, regioncalls=69400, ndraw=40, logz=-1072.38, remainder_fraction=100.0000%, Lmin=-1066.12, Lmax=-99.69
10:20:50 [ultranest] [DEBUG] iteration=1212, ncalls=3347, regioncalls=69880, ndraw=40, logz=-1071.67, remainder_fraction=100.0000%, Lmin=-1065.52, Lmax=-99.69
10:20:50 [ultranest] [DEBUG] iteration=1217, ncalls=3361, regioncalls=70440, ndraw=40, logz=-1071.00, remainder_fraction=100.0000%, Lmin=-1064.78, Lmax=-99.69
10:20:50 [ultranest] [DEBUG] iteration=1224, ncalls=3372, regioncalls=70880, ndraw=40, logz=-1069.98, remainder_fraction=100.0000%, Lmin=-1063.38, Lmax=-99.69
10:20:50 [ultranest] [DEBUG] iteration=1231, ncalls=3382, regioncalls=71280, ndraw=40, logz=-1068.19, remainder_fraction=100.0000%, Lmin=-1061.70, Lmax=-99.69
10:20:50 [ultranest] [DEBUG] iteration=1238, ncalls=3392, regioncalls=71680, ndraw=40, logz=-1066.95, remainder_fraction=100.0000%, Lmin=-1060.60, Lmax=-99.69
10:20:51 [ultranest] [DEBUG] iteration=1244, ncalls=3402, regioncalls=72080, ndraw=40, logz=-1065.99, remainder_fraction=100.0000%, Lmin=-1059.59, Lmax=-99.69
10:20:51 [ultranest] [DEBUG] iteration=1250, ncalls=3412, regioncalls=72480, ndraw=40, logz=-1065.18, remainder_fraction=100.0000%, Lmin=-1059.25, Lmax=-99.69
10:20:51 [ultranest] [DEBUG] iteration=1252, ncalls=3424, regioncalls=72960, ndraw=40, logz=-1064.99, remainder_fraction=100.0000%, Lmin=-1059.12, Lmax=-99.69
10:20:51 [ultranest] [DEBUG] iteration=1258, ncalls=3435, regioncalls=73400, ndraw=40, logz=-1064.36, remainder_fraction=100.0000%, Lmin=-1058.16, Lmax=-99.69
10:20:51 [ultranest] [DEBUG] iteration=1264, ncalls=3446, regioncalls=73840, ndraw=40, logz=-1063.40, remainder_fraction=100.0000%, Lmin=-1056.01, Lmax=-99.69
10:20:51 [ultranest] [DEBUG] iteration=1270, ncalls=3457, regioncalls=74280, ndraw=40, logz=-1061.97, remainder_fraction=100.0000%, Lmin=-1055.64, Lmax=-99.69
10:20:51 [ultranest] [DEBUG] iteration=1276, ncalls=3468, regioncalls=74720, ndraw=40, logz=-1060.71, remainder_fraction=100.0000%, Lmin=-1053.66, Lmax=-99.69
10:20:51 [ultranest] [DEBUG] iteration=1280, ncalls=3478, regioncalls=75120, ndraw=40, logz=-1059.80, remainder_fraction=100.0000%, Lmin=-1053.24, Lmax=-99.69
10:20:51 [ultranest] [DEBUG] iteration=1285, ncalls=3489, regioncalls=75560, ndraw=40, logz=-1058.92, remainder_fraction=100.0000%, Lmin=-1052.20, Lmax=-99.69
10:20:52 [ultranest] [DEBUG] iteration=1290, ncalls=3500, regioncalls=76000, ndraw=40, logz=-1058.00, remainder_fraction=100.0000%, Lmin=-1051.65, Lmax=-99.69
10:20:52 [ultranest] [DEBUG] iteration=1296, ncalls=3510, regioncalls=76400, ndraw=40, logz=-1057.23, remainder_fraction=100.0000%, Lmin=-1050.79, Lmax=-99.69
10:20:52 [ultranest] [DEBUG] iteration=1302, ncalls=3522, regioncalls=76880, ndraw=40, logz=-1056.42, remainder_fraction=100.0000%, Lmin=-1050.36, Lmax=-99.69
10:20:52 [ultranest] [DEBUG] iteration=1306, ncalls=3539, regioncalls=77560, ndraw=40, logz=-1055.92, remainder_fraction=100.0000%, Lmin=-1049.66, Lmax=-99.69
10:20:52 [ultranest] [DEBUG] iteration=1310, ncalls=3552, regioncalls=78080, ndraw=40, logz=-1055.44, remainder_fraction=100.0000%, Lmin=-1049.53, Lmax=-99.69
10:20:52 [ultranest] [DEBUG] iteration=1314, ncalls=3563, regioncalls=78520, ndraw=40, logz=-1055.07, remainder_fraction=100.0000%, Lmin=-1049.06, Lmax=-99.69
10:20:52 [ultranest] [DEBUG] iteration=1317, ncalls=3577, regioncalls=79080, ndraw=40, logz=-1054.66, remainder_fraction=100.0000%, Lmin=-1048.40, Lmax=-99.69
10:20:52 [ultranest] [DEBUG] iteration=1323, ncalls=3591, regioncalls=79640, ndraw=40, logz=-1053.94, remainder_fraction=100.0000%, Lmin=-1047.94, Lmax=-99.69
10:20:53 [ultranest] [DEBUG] iteration=1329, ncalls=3602, regioncalls=80080, ndraw=40, logz=-1053.03, remainder_fraction=100.0000%, Lmin=-1046.42, Lmax=-99.69
10:20:53 [ultranest] [DEBUG] iteration=1332, ncalls=3613, regioncalls=80520, ndraw=40, logz=-1052.44, remainder_fraction=100.0000%, Lmin=-1045.46, Lmax=-99.69
10:20:53 [ultranest] [DEBUG] iteration=1339, ncalls=3626, regioncalls=81040, ndraw=40, logz=-1050.94, remainder_fraction=100.0000%, Lmin=-1044.50, Lmax=-99.69
10:20:53 [ultranest] [DEBUG] iteration=1347, ncalls=3636, regioncalls=81440, ndraw=40, logz=-1049.76, remainder_fraction=100.0000%, Lmin=-1042.98, Lmax=-99.69
10:20:53 [ultranest] [DEBUG] iteration=1350, ncalls=3648, regioncalls=81920, ndraw=40, logz=-1049.20, remainder_fraction=100.0000%, Lmin=-1042.85, Lmax=-99.69
10:20:53 [ultranest] [DEBUG] iteration=1357, ncalls=3658, regioncalls=82320, ndraw=40, logz=-1048.15, remainder_fraction=100.0000%, Lmin=-1041.83, Lmax=-99.69
10:20:53 [ultranest] [DEBUG] iteration=1365, ncalls=3668, regioncalls=82720, ndraw=40, logz=-1046.87, remainder_fraction=100.0000%, Lmin=-1040.40, Lmax=-99.69
10:20:53 [ultranest] [DEBUG] iteration=1373, ncalls=3678, regioncalls=83120, ndraw=40, logz=-1045.24, remainder_fraction=100.0000%, Lmin=-1038.42, Lmax=-99.69
10:20:53 [ultranest] [DEBUG] iteration=1378, ncalls=3691, regioncalls=83640, ndraw=40, logz=-1044.37, remainder_fraction=100.0000%, Lmin=-1038.02, Lmax=-99.69
10:20:54 [ultranest] [DEBUG] iteration=1380, ncalls=3705, regioncalls=84200, ndraw=40, logz=-1044.10, remainder_fraction=100.0000%, Lmin=-1037.72, Lmax=-99.69
10:20:54 [ultranest] [DEBUG] iteration=1386, ncalls=3715, regioncalls=84600, ndraw=40, logz=-1043.25, remainder_fraction=100.0000%, Lmin=-1036.94, Lmax=-99.69
10:20:54 [ultranest] [DEBUG] iteration=1389, ncalls=3727, regioncalls=85080, ndraw=40, logz=-1042.86, remainder_fraction=100.0000%, Lmin=-1036.61, Lmax=-99.69
10:20:54 [ultranest] [DEBUG] iteration=1395, ncalls=3738, regioncalls=85520, ndraw=40, logz=-1041.92, remainder_fraction=100.0000%, Lmin=-1035.43, Lmax=-99.69
10:20:54 [ultranest] [DEBUG] iteration=1399, ncalls=3751, regioncalls=86040, ndraw=40, logz=-1041.30, remainder_fraction=100.0000%, Lmin=-1034.44, Lmax=-99.69
10:20:54 [ultranest] [DEBUG] iteration=1402, ncalls=3765, regioncalls=86600, ndraw=40, logz=-1040.69, remainder_fraction=100.0000%, Lmin=-1034.18, Lmax=-99.69
10:20:54 [ultranest] [DEBUG] iteration=1406, ncalls=3778, regioncalls=87120, ndraw=40, logz=-1040.08, remainder_fraction=100.0000%, Lmin=-1033.81, Lmax=-99.69
10:20:54 [ultranest] [DEBUG] iteration=1411, ncalls=3792, regioncalls=87680, ndraw=40, logz=-1039.54, remainder_fraction=100.0000%, Lmin=-1033.54, Lmax=-99.69
10:20:54 [ultranest] [DEBUG] iteration=1417, ncalls=3803, regioncalls=88120, ndraw=40, logz=-1038.92, remainder_fraction=100.0000%, Lmin=-1032.99, Lmax=-99.69
10:20:55 [ultranest] [DEBUG] iteration=1423, ncalls=3814, regioncalls=88560, ndraw=40, logz=-1038.32, remainder_fraction=100.0000%, Lmin=-1032.16, Lmax=-99.69
10:20:55 [ultranest] [DEBUG] iteration=1429, ncalls=3825, regioncalls=89000, ndraw=40, logz=-1037.68, remainder_fraction=100.0000%, Lmin=-1031.56, Lmax=-99.69
10:20:55 [ultranest] [DEBUG] iteration=1432, ncalls=3832, regioncalls=89280, ndraw=40, logz=-1037.34, remainder_fraction=100.0000%, Lmin=-1031.23, Lmax=-99.69
10:20:55 [ultranest] [DEBUG] iteration=1435, ncalls=3844, regioncalls=89760, ndraw=40, logz=-1037.02, remainder_fraction=100.0000%, Lmin=-1031.00, Lmax=-99.69
10:20:55 [ultranest] [DEBUG] iteration=1440, ncalls=3850, regioncalls=90000, ndraw=40, logz=-1036.51, remainder_fraction=100.0000%, Lmin=-1030.56, Lmax=-99.69
10:20:55 [ultranest] [DEBUG] iteration=1447, ncalls=3863, regioncalls=90520, ndraw=40, logz=-1035.78, remainder_fraction=100.0000%, Lmin=-1029.79, Lmax=-99.69
10:20:55 [ultranest] [DEBUG] iteration=1452, ncalls=3874, regioncalls=90960, ndraw=40, logz=-1035.32, remainder_fraction=100.0000%, Lmin=-1029.36, Lmax=-99.69
10:20:55 [ultranest] [DEBUG] iteration=1458, ncalls=3887, regioncalls=91480, ndraw=40, logz=-1034.79, remainder_fraction=100.0000%, Lmin=-1028.89, Lmax=-99.69
10:20:56 [ultranest] [DEBUG] iteration=1464, ncalls=3904, regioncalls=92160, ndraw=40, logz=-1034.15, remainder_fraction=100.0000%, Lmin=-1027.75, Lmax=-99.69
10:20:56 [ultranest] [DEBUG] iteration=1472, ncalls=3923, regioncalls=92920, ndraw=40, logz=-1033.24, remainder_fraction=100.0000%, Lmin=-1027.19, Lmax=-99.69
10:20:56 [ultranest] [DEBUG] iteration=1478, ncalls=3933, regioncalls=93320, ndraw=40, logz=-1032.66, remainder_fraction=100.0000%, Lmin=-1026.43, Lmax=-99.69
10:20:56 [ultranest] [DEBUG] iteration=1482, ncalls=3944, regioncalls=93760, ndraw=40, logz=-1032.20, remainder_fraction=100.0000%, Lmin=-1025.88, Lmax=-99.69
10:20:56 [ultranest] [DEBUG] iteration=1486, ncalls=3955, regioncalls=94200, ndraw=40, logz=-1031.73, remainder_fraction=100.0000%, Lmin=-1025.70, Lmax=-99.69
10:20:56 [ultranest] [DEBUG] iteration=1491, ncalls=3966, regioncalls=94640, ndraw=40, logz=-1031.26, remainder_fraction=100.0000%, Lmin=-1025.40, Lmax=-99.69
10:20:56 [ultranest] [DEBUG] iteration=1497, ncalls=3977, regioncalls=95080, ndraw=40, logz=-1030.78, remainder_fraction=100.0000%, Lmin=-1025.12, Lmax=-99.69
10:20:56 [ultranest] [DEBUG] iteration=1505, ncalls=3987, regioncalls=95480, ndraw=40, logz=-1030.07, remainder_fraction=100.0000%, Lmin=-1024.02, Lmax=-99.69
10:20:57 [ultranest] [DEBUG] iteration=1510, ncalls=4000, regioncalls=96000, ndraw=40, logz=-1029.57, remainder_fraction=100.0000%, Lmin=-1023.48, Lmax=-99.69
10:20:57 [ultranest] [DEBUG] iteration=1513, ncalls=4012, regioncalls=96480, ndraw=40, logz=-1029.27, remainder_fraction=100.0000%, Lmin=-1023.18, Lmax=-99.69
10:20:57 [ultranest] [DEBUG] iteration=1519, ncalls=4029, regioncalls=97160, ndraw=40, logz=-1028.64, remainder_fraction=100.0000%, Lmin=-1022.64, Lmax=-99.69
10:20:57 [ultranest] [DEBUG] iteration=1522, ncalls=4041, regioncalls=97640, ndraw=40, logz=-1028.37, remainder_fraction=100.0000%, Lmin=-1022.48, Lmax=-99.69
10:20:57 [ultranest] [DEBUG] iteration=1525, ncalls=4055, regioncalls=98200, ndraw=40, logz=-1028.12, remainder_fraction=100.0000%, Lmin=-1022.31, Lmax=-99.69
10:20:57 [ultranest] [DEBUG] iteration=1533, ncalls=4066, regioncalls=98640, ndraw=40, logz=-1027.33, remainder_fraction=100.0000%, Lmin=-1021.23, Lmax=-99.69
10:20:57 [ultranest] [DEBUG] iteration=1539, ncalls=4079, regioncalls=99160, ndraw=40, logz=-1026.69, remainder_fraction=100.0000%, Lmin=-1020.56, Lmax=-99.69
10:20:57 [ultranest] [DEBUG] iteration=1545, ncalls=4089, regioncalls=99560, ndraw=40, logz=-1026.07, remainder_fraction=100.0000%, Lmin=-1019.99, Lmax=-99.69
10:20:58 [ultranest] [DEBUG] iteration=1551, ncalls=4099, regioncalls=99960, ndraw=40, logz=-1025.54, remainder_fraction=100.0000%, Lmin=-1019.66, Lmax=-99.69
10:20:58 [ultranest] [DEBUG] iteration=1557, ncalls=4113, regioncalls=100520, ndraw=40, logz=-1025.08, remainder_fraction=100.0000%, Lmin=-1019.35, Lmax=-99.69
10:20:58 [ultranest] [DEBUG] iteration=1562, ncalls=4125, regioncalls=101000, ndraw=40, logz=-1024.73, remainder_fraction=100.0000%, Lmin=-1019.06, Lmax=-99.69
10:20:58 [ultranest] [DEBUG] iteration=1567, ncalls=4139, regioncalls=101560, ndraw=40, logz=-1024.41, remainder_fraction=100.0000%, Lmin=-1018.81, Lmax=-99.69
10:20:58 [ultranest] [DEBUG] iteration=1571, ncalls=4150, regioncalls=102000, ndraw=40, logz=-1024.15, remainder_fraction=100.0000%, Lmin=-1018.55, Lmax=-99.69
10:20:58 [ultranest] [DEBUG] iteration=1577, ncalls=4166, regioncalls=102640, ndraw=40, logz=-1023.79, remainder_fraction=100.0000%, Lmin=-1018.27, Lmax=-99.69
10:20:58 [ultranest] [DEBUG] iteration=1583, ncalls=4181, regioncalls=103240, ndraw=40, logz=-1023.44, remainder_fraction=100.0000%, Lmin=-1017.82, Lmax=-99.69
10:20:58 [ultranest] [DEBUG] iteration=1590, ncalls=4195, regioncalls=103800, ndraw=40, logz=-1022.99, remainder_fraction=100.0000%, Lmin=-1017.35, Lmax=-99.69
10:20:59 [ultranest] [DEBUG] iteration=1596, ncalls=4213, regioncalls=104520, ndraw=40, logz=-1022.58, remainder_fraction=100.0000%, Lmin=-1016.77, Lmax=-99.69
10:20:59 [ultranest] [DEBUG] iteration=1598, ncalls=4225, regioncalls=105000, ndraw=40, logz=-1022.44, remainder_fraction=100.0000%, Lmin=-1016.74, Lmax=-99.69
10:20:59 [ultranest] [DEBUG] iteration=1600, ncalls=4232, regioncalls=105280, ndraw=40, logz=-1022.31, remainder_fraction=100.0000%, Lmin=-1016.66, Lmax=-99.69
10:20:59 [ultranest] [DEBUG] iteration=1606, ncalls=4243, regioncalls=105720, ndraw=40, logz=-1021.93, remainder_fraction=100.0000%, Lmin=-1016.22, Lmax=-99.69
10:20:59 [ultranest] [DEBUG] iteration=1612, ncalls=4254, regioncalls=106160, ndraw=40, logz=-1021.51, remainder_fraction=100.0000%, Lmin=-1015.78, Lmax=-99.69
10:20:59 [ultranest] [DEBUG] iteration=1616, ncalls=4267, regioncalls=106680, ndraw=40, logz=-1021.26, remainder_fraction=100.0000%, Lmin=-1015.68, Lmax=-99.69
10:20:59 [ultranest] [DEBUG] iteration=1622, ncalls=4277, regioncalls=107080, ndraw=40, logz=-1020.88, remainder_fraction=100.0000%, Lmin=-1015.15, Lmax=-99.69
10:20:59 [ultranest] [DEBUG] iteration=1627, ncalls=4290, regioncalls=107600, ndraw=40, logz=-1020.54, remainder_fraction=100.0000%, Lmin=-1014.87, Lmax=-99.69
10:20:59 [ultranest] [DEBUG] iteration=1632, ncalls=4301, regioncalls=108040, ndraw=40, logz=-1020.19, remainder_fraction=100.0000%, Lmin=-1014.48, Lmax=-99.69
10:21:00 [ultranest] [DEBUG] iteration=1636, ncalls=4317, regioncalls=108680, ndraw=40, logz=-1019.89, remainder_fraction=100.0000%, Lmin=-1014.05, Lmax=-99.69
10:21:00 [ultranest] [DEBUG] iteration=1640, ncalls=4330, regioncalls=109200, ndraw=40, logz=-1019.61, remainder_fraction=100.0000%, Lmin=-1013.82, Lmax=-99.69
10:21:00 [ultranest] [DEBUG] iteration=1644, ncalls=4348, regioncalls=109920, ndraw=40, logz=-1019.30, remainder_fraction=100.0000%, Lmin=-1013.45, Lmax=-99.69
10:21:00 [ultranest] [DEBUG] iteration=1648, ncalls=4359, regioncalls=110360, ndraw=40, logz=-1019.00, remainder_fraction=100.0000%, Lmin=-1013.17, Lmax=-99.69
10:21:00 [ultranest] [DEBUG] iteration=1653, ncalls=4372, regioncalls=110880, ndraw=40, logz=-1018.64, remainder_fraction=100.0000%, Lmin=-1012.94, Lmax=-99.69
10:21:00 [ultranest] [DEBUG] iteration=1659, ncalls=4383, regioncalls=111320, ndraw=40, logz=-1018.22, remainder_fraction=100.0000%, Lmin=-1012.39, Lmax=-99.69
10:21:00 [ultranest] [DEBUG] iteration=1662, ncalls=4395, regioncalls=111800, ndraw=40, logz=-1018.01, remainder_fraction=100.0000%, Lmin=-1012.31, Lmax=-99.69
10:21:00 [ultranest] [DEBUG] iteration=1666, ncalls=4410, regioncalls=112400, ndraw=40, logz=-1017.73, remainder_fraction=100.0000%, Lmin=-1011.95, Lmax=-99.69
10:21:01 [ultranest] [DEBUG] iteration=1671, ncalls=4427, regioncalls=113080, ndraw=40, logz=-1017.41, remainder_fraction=100.0000%, Lmin=-1011.82, Lmax=-99.69
10:21:01 [ultranest] [DEBUG] iteration=1675, ncalls=4438, regioncalls=113520, ndraw=40, logz=-1017.18, remainder_fraction=100.0000%, Lmin=-1011.61, Lmax=-99.69
10:21:01 [ultranest] [DEBUG] iteration=1680, ncalls=4452, regioncalls=114080, ndraw=40, logz=-1016.91, remainder_fraction=100.0000%, Lmin=-1011.49, Lmax=-99.69
10:21:01 [ultranest] [DEBUG] iteration=1683, ncalls=4464, regioncalls=114560, ndraw=40, logz=-1016.76, remainder_fraction=100.0000%, Lmin=-1011.32, Lmax=-99.69
10:21:01 [ultranest] [DEBUG] iteration=1687, ncalls=4475, regioncalls=115000, ndraw=40, logz=-1016.55, remainder_fraction=100.0000%, Lmin=-1010.91, Lmax=-99.69
10:21:01 [ultranest] [DEBUG] iteration=1690, ncalls=4487, regioncalls=115480, ndraw=40, logz=-1016.37, remainder_fraction=100.0000%, Lmin=-1010.61, Lmax=-99.69
10:21:01 [ultranest] [DEBUG] iteration=1695, ncalls=4499, regioncalls=115960, ndraw=40, logz=-1015.99, remainder_fraction=100.0000%, Lmin=-1010.10, Lmax=-99.69
10:21:01 [ultranest] [DEBUG] iteration=1700, ncalls=4513, regioncalls=116520, ndraw=40, logz=-1015.61, remainder_fraction=100.0000%, Lmin=-1009.72, Lmax=-99.69
10:21:02 [ultranest] [DEBUG] iteration=1706, ncalls=4527, regioncalls=117080, ndraw=40, logz=-1015.16, remainder_fraction=100.0000%, Lmin=-1009.31, Lmax=-99.69
10:21:02 [ultranest] [DEBUG] iteration=1712, ncalls=4540, regioncalls=117600, ndraw=40, logz=-1014.74, remainder_fraction=100.0000%, Lmin=-1008.84, Lmax=-99.69
10:21:02 [ultranest] [DEBUG] iteration=1719, ncalls=4550, regioncalls=118000, ndraw=40, logz=-1014.23, remainder_fraction=100.0000%, Lmin=-1008.49, Lmax=-99.69
10:21:02 [ultranest] [DEBUG] iteration=1722, ncalls=4561, regioncalls=118440, ndraw=40, logz=-1014.04, remainder_fraction=100.0000%, Lmin=-1008.33, Lmax=-99.69
10:21:02 [ultranest] [DEBUG] iteration=1725, ncalls=4572, regioncalls=118880, ndraw=40, logz=-1013.85, remainder_fraction=100.0000%, Lmin=-1008.22, Lmax=-99.69
10:21:02 [ultranest] [DEBUG] iteration=1729, ncalls=4583, regioncalls=119320, ndraw=40, logz=-1013.64, remainder_fraction=100.0000%, Lmin=-1008.12, Lmax=-99.69
10:21:02 [ultranest] [DEBUG] iteration=1732, ncalls=4598, regioncalls=119920, ndraw=40, logz=-1013.48, remainder_fraction=100.0000%, Lmin=-1007.96, Lmax=-99.69
10:21:02 [ultranest] [DEBUG] iteration=1738, ncalls=4609, regioncalls=120360, ndraw=40, logz=-1013.18, remainder_fraction=100.0000%, Lmin=-1007.74, Lmax=-99.69
10:21:02 [ultranest] [DEBUG] iteration=1744, ncalls=4622, regioncalls=120880, ndraw=40, logz=-1012.92, remainder_fraction=100.0000%, Lmin=-1007.65, Lmax=-99.69
10:21:03 [ultranest] [DEBUG] iteration=1748, ncalls=4635, regioncalls=121400, ndraw=40, logz=-1012.76, remainder_fraction=100.0000%, Lmin=-1007.52, Lmax=-99.69
10:21:03 [ultranest] [DEBUG] iteration=1751, ncalls=4648, regioncalls=121920, ndraw=40, logz=-1012.64, remainder_fraction=100.0000%, Lmin=-1007.45, Lmax=-99.69
10:21:03 [ultranest] [DEBUG] iteration=1757, ncalls=4670, regioncalls=122800, ndraw=40, logz=-1012.42, remainder_fraction=100.0000%, Lmin=-1007.10, Lmax=-99.69
10:21:03 [ultranest] [DEBUG] iteration=1760, ncalls=4678, regioncalls=123120, ndraw=40, logz=-1012.29, remainder_fraction=100.0000%, Lmin=-1006.91, Lmax=-99.69
10:21:03 [ultranest] [DEBUG] iteration=1764, ncalls=4689, regioncalls=123560, ndraw=40, logz=-1012.11, remainder_fraction=100.0000%, Lmin=-1006.73, Lmax=-99.69
10:21:03 [ultranest] [DEBUG] iteration=1770, ncalls=4702, regioncalls=124080, ndraw=40, logz=-1011.86, remainder_fraction=100.0000%, Lmin=-1006.55, Lmax=-99.69
10:21:03 [ultranest] [DEBUG] iteration=1776, ncalls=4712, regioncalls=124480, ndraw=40, logz=-1011.60, remainder_fraction=100.0000%, Lmin=-1006.22, Lmax=-99.69
10:21:03 [ultranest] [DEBUG] iteration=1779, ncalls=4723, regioncalls=124920, ndraw=40, logz=-1011.46, remainder_fraction=100.0000%, Lmin=-1005.93, Lmax=-99.69
10:21:04 [ultranest] [DEBUG] iteration=1782, ncalls=4739, regioncalls=125560, ndraw=40, logz=-1011.31, remainder_fraction=100.0000%, Lmin=-1005.84, Lmax=-99.69
10:21:04 [ultranest] [DEBUG] iteration=1785, ncalls=4752, regioncalls=126080, ndraw=40, logz=-1011.17, remainder_fraction=100.0000%, Lmin=-1005.65, Lmax=-99.69
10:21:04 [ultranest] [DEBUG] iteration=1790, ncalls=4763, regioncalls=126520, ndraw=40, logz=-1010.92, remainder_fraction=100.0000%, Lmin=-1005.38, Lmax=-99.69
10:21:04 [ultranest] [DEBUG] iteration=1794, ncalls=4776, regioncalls=127040, ndraw=40, logz=-1010.73, remainder_fraction=100.0000%, Lmin=-1005.27, Lmax=-99.69
10:21:04 [ultranest] [DEBUG] iteration=1798, ncalls=4787, regioncalls=127480, ndraw=40, logz=-1010.54, remainder_fraction=100.0000%, Lmin=-1005.07, Lmax=-99.69
10:21:04 [ultranest] [DEBUG] iteration=1802, ncalls=4799, regioncalls=127960, ndraw=40, logz=-1010.36, remainder_fraction=100.0000%, Lmin=-1004.92, Lmax=-99.69
10:21:04 [ultranest] [DEBUG] iteration=1806, ncalls=4810, regioncalls=128400, ndraw=40, logz=-1010.17, remainder_fraction=100.0000%, Lmin=-1004.72, Lmax=-99.69
10:21:04 [ultranest] [DEBUG] iteration=1811, ncalls=4821, regioncalls=128840, ndraw=40, logz=-1009.95, remainder_fraction=100.0000%, Lmin=-1004.65, Lmax=-99.69
10:21:05 [ultranest] [DEBUG] iteration=1816, ncalls=4833, regioncalls=129320, ndraw=40, logz=-1009.74, remainder_fraction=100.0000%, Lmin=-1004.35, Lmax=-99.69
10:21:05 [ultranest] [DEBUG] iteration=1820, ncalls=4844, regioncalls=129760, ndraw=40, logz=-1009.56, remainder_fraction=100.0000%, Lmin=-1004.13, Lmax=-99.69
10:21:05 [ultranest] [DEBUG] iteration=1823, ncalls=4860, regioncalls=130400, ndraw=40, logz=-1009.42, remainder_fraction=100.0000%, Lmin=-1003.99, Lmax=-99.69
10:21:05 [ultranest] [DEBUG] iteration=1828, ncalls=4872, regioncalls=130880, ndraw=40, logz=-1009.21, remainder_fraction=100.0000%, Lmin=-1003.83, Lmax=-99.69
10:21:05 [ultranest] [DEBUG] iteration=1832, ncalls=4884, regioncalls=131360, ndraw=40, logz=-1009.04, remainder_fraction=100.0000%, Lmin=-1003.66, Lmax=-99.69
10:21:05 [ultranest] [DEBUG] iteration=1838, ncalls=4895, regioncalls=131800, ndraw=40, logz=-1008.79, remainder_fraction=100.0000%, Lmin=-1003.41, Lmax=-99.69
10:21:05 [ultranest] [DEBUG] iteration=1842, ncalls=4906, regioncalls=132240, ndraw=40, logz=-1008.62, remainder_fraction=100.0000%, Lmin=-1003.19, Lmax=-99.69
10:21:05 [ultranest] [DEBUG] iteration=1846, ncalls=4918, regioncalls=132720, ndraw=40, logz=-1008.44, remainder_fraction=100.0000%, Lmin=-1003.05, Lmax=-99.69
10:21:05 [ultranest] [DEBUG] iteration=1850, ncalls=4930, regioncalls=133200, ndraw=40, logz=-1008.27, remainder_fraction=100.0000%, Lmin=-1002.89, Lmax=-99.69
10:21:06 [ultranest] [DEBUG] iteration=1856, ncalls=4944, regioncalls=133760, ndraw=40, logz=-1008.03, remainder_fraction=100.0000%, Lmin=-1002.70, Lmax=-99.69
10:21:06 [ultranest] [DEBUG] iteration=1862, ncalls=4958, regioncalls=134320, ndraw=40, logz=-1007.80, remainder_fraction=100.0000%, Lmin=-1002.50, Lmax=-99.69
10:21:06 [ultranest] [DEBUG] iteration=1866, ncalls=4971, regioncalls=134840, ndraw=40, logz=-1007.65, remainder_fraction=100.0000%, Lmin=-1002.37, Lmax=-99.69
10:21:06 [ultranest] [DEBUG] iteration=1869, ncalls=4988, regioncalls=135520, ndraw=40, logz=-1007.53, remainder_fraction=100.0000%, Lmin=-1002.22, Lmax=-99.69
10:21:06 [ultranest] [DEBUG] iteration=1874, ncalls=5003, regioncalls=136120, ndraw=40, logz=-1007.34, remainder_fraction=100.0000%, Lmin=-1002.09, Lmax=-99.69
10:21:06 [ultranest] [DEBUG] iteration=1876, ncalls=5015, regioncalls=136600, ndraw=40, logz=-1007.27, remainder_fraction=100.0000%, Lmin=-1002.00, Lmax=-99.69
10:21:06 [ultranest] [DEBUG] iteration=1881, ncalls=5034, regioncalls=137360, ndraw=40, logz=-1007.08, remainder_fraction=100.0000%, Lmin=-1001.80, Lmax=-99.69
10:21:07 [ultranest] [DEBUG] iteration=1885, ncalls=5045, regioncalls=137800, ndraw=40, logz=-1006.94, remainder_fraction=100.0000%, Lmin=-1001.64, Lmax=-99.69
10:21:07 [ultranest] [DEBUG] iteration=1889, ncalls=5056, regioncalls=138240, ndraw=40, logz=-1006.78, remainder_fraction=100.0000%, Lmin=-1001.40, Lmax=-99.69
10:21:07 [ultranest] [DEBUG] iteration=1893, ncalls=5072, regioncalls=138880, ndraw=40, logz=-1006.61, remainder_fraction=100.0000%, Lmin=-1001.24, Lmax=-99.69
10:21:07 [ultranest] [DEBUG] iteration=1897, ncalls=5086, regioncalls=139440, ndraw=40, logz=-1006.45, remainder_fraction=100.0000%, Lmin=-1001.05, Lmax=-99.69
10:21:07 [ultranest] [DEBUG] iteration=1899, ncalls=5100, regioncalls=140000, ndraw=40, logz=-1006.37, remainder_fraction=100.0000%, Lmin=-1000.98, Lmax=-99.69
10:21:07 [ultranest] [DEBUG] iteration=1902, ncalls=5111, regioncalls=140440, ndraw=40, logz=-1006.25, remainder_fraction=100.0000%, Lmin=-1000.91, Lmax=-99.69
10:21:07 [ultranest] [DEBUG] iteration=1906, ncalls=5122, regioncalls=140880, ndraw=40, logz=-1006.10, remainder_fraction=100.0000%, Lmin=-1000.70, Lmax=-99.69
10:21:07 [ultranest] [DEBUG] iteration=1912, ncalls=5133, regioncalls=141320, ndraw=40, logz=-1005.85, remainder_fraction=100.0000%, Lmin=-1000.48, Lmax=-99.69
10:21:07 [ultranest] [DEBUG] iteration=1916, ncalls=5145, regioncalls=141800, ndraw=40, logz=-1005.70, remainder_fraction=100.0000%, Lmin=-1000.26, Lmax=-99.69
10:21:08 [ultranest] [DEBUG] iteration=1919, ncalls=5156, regioncalls=142240, ndraw=40, logz=-1005.57, remainder_fraction=100.0000%, Lmin=-1000.18, Lmax=-99.69
10:21:08 [ultranest] [DEBUG] iteration=1920, ncalls=5157, regioncalls=142280, ndraw=40, logz=-1005.53, remainder_fraction=100.0000%, Lmin=-1000.18, Lmax=-99.69
10:21:08 [ultranest] [DEBUG] iteration=1923, ncalls=5170, regioncalls=142800, ndraw=40, logz=-1005.42, remainder_fraction=100.0000%, Lmin=-1000.11, Lmax=-99.69
10:21:08 [ultranest] [DEBUG] iteration=1927, ncalls=5182, regioncalls=143280, ndraw=40, logz=-1005.26, remainder_fraction=100.0000%, Lmin=-999.80, Lmax=-99.69
10:21:08 [ultranest] [DEBUG] iteration=1931, ncalls=5197, regioncalls=143880, ndraw=40, logz=-1005.10, remainder_fraction=100.0000%, Lmin=-999.72, Lmax=-99.69
10:21:08 [ultranest] [DEBUG] iteration=1934, ncalls=5220, regioncalls=144800, ndraw=40, logz=-1004.98, remainder_fraction=100.0000%, Lmin=-999.64, Lmax=-99.69
10:21:08 [ultranest] [DEBUG] iteration=1939, ncalls=5233, regioncalls=145320, ndraw=40, logz=-1004.80, remainder_fraction=100.0000%, Lmin=-999.56, Lmax=-99.69
10:21:08 [ultranest] [DEBUG] iteration=1943, ncalls=5248, regioncalls=145920, ndraw=40, logz=-1004.66, remainder_fraction=100.0000%, Lmin=-999.38, Lmax=-99.69
10:21:09 [ultranest] [DEBUG] iteration=1950, ncalls=5261, regioncalls=146440, ndraw=40, logz=-1004.42, remainder_fraction=100.0000%, Lmin=-999.22, Lmax=-99.69
10:21:09 [ultranest] [DEBUG] iteration=1956, ncalls=5272, regioncalls=146880, ndraw=40, logz=-1004.22, remainder_fraction=100.0000%, Lmin=-999.02, Lmax=-99.69
10:21:09 [ultranest] [DEBUG] iteration=1959, ncalls=5295, regioncalls=147800, ndraw=40, logz=-1004.12, remainder_fraction=100.0000%, Lmin=-998.99, Lmax=-99.69
10:21:09 [ultranest] [DEBUG] iteration=1965, ncalls=5308, regioncalls=148320, ndraw=40, logz=-1003.94, remainder_fraction=100.0000%, Lmin=-998.89, Lmax=-99.69
10:21:09 [ultranest] [DEBUG] iteration=1971, ncalls=5320, regioncalls=148800, ndraw=40, logz=-1003.77, remainder_fraction=100.0000%, Lmin=-998.66, Lmax=-99.69
10:21:09 [ultranest] [DEBUG] iteration=1973, ncalls=5337, regioncalls=149480, ndraw=40, logz=-1003.71, remainder_fraction=100.0000%, Lmin=-998.63, Lmax=-99.69
10:21:09 [ultranest] [DEBUG] iteration=1974, ncalls=5354, regioncalls=150160, ndraw=40, logz=-1003.68, remainder_fraction=100.0000%, Lmin=-998.62, Lmax=-99.69
10:21:09 [ultranest] [DEBUG] iteration=1979, ncalls=5367, regioncalls=150680, ndraw=40, logz=-1003.54, remainder_fraction=100.0000%, Lmin=-998.53, Lmax=-99.69
10:21:10 [ultranest] [DEBUG] iteration=1984, ncalls=5379, regioncalls=151160, ndraw=40, logz=-1003.41, remainder_fraction=100.0000%, Lmin=-998.50, Lmax=-99.69
10:21:10 [ultranest] [DEBUG] iteration=1990, ncalls=5391, regioncalls=151640, ndraw=40, logz=-1003.27, remainder_fraction=100.0000%, Lmin=-998.32, Lmax=-99.69
10:21:10 [ultranest] [DEBUG] iteration=1995, ncalls=5402, regioncalls=152080, ndraw=40, logz=-1003.14, remainder_fraction=100.0000%, Lmin=-998.19, Lmax=-99.69
10:21:10 [ultranest] [DEBUG] iteration=2001, ncalls=5418, regioncalls=152720, ndraw=40, logz=-1002.99, remainder_fraction=100.0000%, Lmin=-998.08, Lmax=-99.69
10:21:10 [ultranest] [DEBUG] iteration=2006, ncalls=5429, regioncalls=153160, ndraw=40, logz=-1002.87, remainder_fraction=100.0000%, Lmin=-998.00, Lmax=-99.69
10:21:10 [ultranest] [DEBUG] iteration=2012, ncalls=5444, regioncalls=153760, ndraw=40, logz=-1002.74, remainder_fraction=100.0000%, Lmin=-997.85, Lmax=-99.69
10:21:10 [ultranest] [DEBUG] iteration=2015, ncalls=5458, regioncalls=154320, ndraw=40, logz=-1002.66, remainder_fraction=100.0000%, Lmin=-997.73, Lmax=-99.69
10:21:10 [ultranest] [DEBUG] iteration=2019, ncalls=5470, regioncalls=154800, ndraw=40, logz=-1002.57, remainder_fraction=100.0000%, Lmin=-997.66, Lmax=-99.69
10:21:11 [ultranest] [DEBUG] iteration=2023, ncalls=5481, regioncalls=155240, ndraw=40, logz=-1002.48, remainder_fraction=100.0000%, Lmin=-997.57, Lmax=-99.69
10:21:11 [ultranest] [DEBUG] iteration=2025, ncalls=5494, regioncalls=155760, ndraw=40, logz=-1002.43, remainder_fraction=100.0000%, Lmin=-997.53, Lmax=-99.69
10:21:11 [ultranest] [DEBUG] iteration=2027, ncalls=5505, regioncalls=156200, ndraw=40, logz=-1002.38, remainder_fraction=100.0000%, Lmin=-997.48, Lmax=-99.69
10:21:11 [ultranest] [DEBUG] iteration=2029, ncalls=5517, regioncalls=156680, ndraw=40, logz=-1002.34, remainder_fraction=100.0000%, Lmin=-997.46, Lmax=-99.69
10:21:11 [ultranest] [DEBUG] iteration=2035, ncalls=5528, regioncalls=157120, ndraw=40, logz=-1002.20, remainder_fraction=100.0000%, Lmin=-997.32, Lmax=-99.69
10:21:11 [ultranest] [DEBUG] iteration=2037, ncalls=5540, regioncalls=157600, ndraw=40, logz=-1002.16, remainder_fraction=100.0000%, Lmin=-997.30, Lmax=-99.69
10:21:11 [ultranest] [DEBUG] iteration=2041, ncalls=5552, regioncalls=158080, ndraw=40, logz=-1002.07, remainder_fraction=100.0000%, Lmin=-997.23, Lmax=-99.69
10:21:11 [ultranest] [DEBUG] iteration=2044, ncalls=5563, regioncalls=158520, ndraw=40, logz=-1002.00, remainder_fraction=100.0000%, Lmin=-997.14, Lmax=-99.69
10:21:11 [ultranest] [DEBUG] iteration=2045, ncalls=5575, regioncalls=159000, ndraw=40, logz=-1001.98, remainder_fraction=100.0000%, Lmin=-997.13, Lmax=-99.69
10:21:12 [ultranest] [DEBUG] iteration=2051, ncalls=5586, regioncalls=159440, ndraw=40, logz=-1001.85, remainder_fraction=100.0000%, Lmin=-996.99, Lmax=-99.69
10:21:12 [ultranest] [DEBUG] iteration=2056, ncalls=5600, regioncalls=160000, ndraw=40, logz=-1001.74, remainder_fraction=100.0000%, Lmin=-996.90, Lmax=-99.69
10:21:12 [ultranest] [DEBUG] iteration=2059, ncalls=5611, regioncalls=160440, ndraw=40, logz=-1001.67, remainder_fraction=100.0000%, Lmin=-996.78, Lmax=-99.69
10:21:12 [ultranest] [DEBUG] iteration=2062, ncalls=5624, regioncalls=160960, ndraw=40, logz=-1001.60, remainder_fraction=100.0000%, Lmin=-996.74, Lmax=-99.69
10:21:12 [ultranest] [DEBUG] iteration=2064, ncalls=5642, regioncalls=161680, ndraw=40, logz=-1001.56, remainder_fraction=100.0000%, Lmin=-996.71, Lmax=-99.69
10:21:12 [ultranest] [DEBUG] iteration=2067, ncalls=5656, regioncalls=162240, ndraw=40, logz=-1001.49, remainder_fraction=100.0000%, Lmin=-996.60, Lmax=-99.69
10:21:12 [ultranest] [DEBUG] iteration=2069, ncalls=5669, regioncalls=162760, ndraw=40, logz=-1001.45, remainder_fraction=100.0000%, Lmin=-996.49, Lmax=-99.69
10:21:12 [ultranest] [DEBUG] iteration=2075, ncalls=5681, regioncalls=163240, ndraw=40, logz=-1001.31, remainder_fraction=100.0000%, Lmin=-996.42, Lmax=-99.69
10:21:13 [ultranest] [DEBUG] iteration=2078, ncalls=5693, regioncalls=163720, ndraw=40, logz=-1001.24, remainder_fraction=100.0000%, Lmin=-996.35, Lmax=-99.69
10:21:13 [ultranest] [DEBUG] iteration=2080, ncalls=5704, regioncalls=164160, ndraw=40, logz=-1001.20, remainder_fraction=100.0000%, Lmin=-996.33, Lmax=-99.69
10:21:13 [ultranest] [DEBUG] iteration=2084, ncalls=5721, regioncalls=164840, ndraw=40, logz=-1001.11, remainder_fraction=100.0000%, Lmin=-996.24, Lmax=-99.69
10:21:13 [ultranest] [DEBUG] iteration=2088, ncalls=5732, regioncalls=165280, ndraw=40, logz=-1001.02, remainder_fraction=100.0000%, Lmin=-996.18, Lmax=-99.69
10:21:13 [ultranest] [DEBUG] iteration=2093, ncalls=5744, regioncalls=165760, ndraw=40, logz=-1000.92, remainder_fraction=100.0000%, Lmin=-996.08, Lmax=-99.69
10:21:13 [ultranest] [DEBUG] iteration=2096, ncalls=5760, regioncalls=166400, ndraw=40, logz=-1000.85, remainder_fraction=100.0000%, Lmin=-996.05, Lmax=-99.69
10:21:13 [ultranest] [DEBUG] iteration=2098, ncalls=5776, regioncalls=167040, ndraw=40, logz=-1000.81, remainder_fraction=100.0000%, Lmin=-996.01, Lmax=-99.69
10:21:13 [ultranest] [DEBUG] iteration=2104, ncalls=5787, regioncalls=167480, ndraw=40, logz=-1000.69, remainder_fraction=100.0000%, Lmin=-995.91, Lmax=-99.69
10:21:13 [ultranest] [DEBUG] iteration=2111, ncalls=5799, regioncalls=167960, ndraw=40, logz=-1000.56, remainder_fraction=100.0000%, Lmin=-995.86, Lmax=-99.69
10:21:14 [ultranest] [DEBUG] iteration=2116, ncalls=5811, regioncalls=168440, ndraw=40, logz=-1000.47, remainder_fraction=100.0000%, Lmin=-995.79, Lmax=-99.69
10:21:14 [ultranest] [DEBUG] iteration=2122, ncalls=5822, regioncalls=168880, ndraw=40, logz=-1000.37, remainder_fraction=100.0000%, Lmin=-995.73, Lmax=-99.69
10:21:14 [ultranest] [DEBUG] iteration=2126, ncalls=5838, regioncalls=169520, ndraw=40, logz=-1000.30, remainder_fraction=100.0000%, Lmin=-995.67, Lmax=-99.69
10:21:14 [ultranest] [DEBUG] iteration=2129, ncalls=5849, regioncalls=169960, ndraw=40, logz=-1000.25, remainder_fraction=100.0000%, Lmin=-995.60, Lmax=-99.69
10:21:14 [ultranest] [DEBUG] iteration=2134, ncalls=5860, regioncalls=170400, ndraw=40, logz=-1000.16, remainder_fraction=100.0000%, Lmin=-995.59, Lmax=-99.69
10:21:14 [ultranest] [DEBUG] iteration=2137, ncalls=5873, regioncalls=170920, ndraw=40, logz=-1000.12, remainder_fraction=100.0000%, Lmin=-995.53, Lmax=-99.69
10:21:14 [ultranest] [DEBUG] iteration=2140, ncalls=5884, regioncalls=171360, ndraw=40, logz=-1000.07, remainder_fraction=100.0000%, Lmin=-995.46, Lmax=-99.69
10:21:14 [ultranest] [DEBUG] iteration=2144, ncalls=5895, regioncalls=171800, ndraw=40, logz=-1000.00, remainder_fraction=100.0000%, Lmin=-995.41, Lmax=-99.69
10:21:15 [ultranest] [DEBUG] iteration=2148, ncalls=5904, regioncalls=172160, ndraw=40, logz=-999.94, remainder_fraction=100.0000%, Lmin=-995.38, Lmax=-99.69
10:21:15 [ultranest] [DEBUG] iteration=2154, ncalls=5914, regioncalls=172560, ndraw=40, logz=-999.85, remainder_fraction=100.0000%, Lmin=-995.30, Lmax=-99.69
10:21:15 [ultranest] [DEBUG] iteration=2158, ncalls=5925, regioncalls=173000, ndraw=40, logz=-999.79, remainder_fraction=100.0000%, Lmin=-995.24, Lmax=-99.69
10:21:15 [ultranest] [DEBUG] iteration=2160, ncalls=5941, regioncalls=173640, ndraw=40, logz=-999.76, remainder_fraction=100.0000%, Lmin=-995.23, Lmax=-99.69
10:21:15 [ultranest] [DEBUG] iteration=2162, ncalls=5954, regioncalls=174160, ndraw=40, logz=-999.73, remainder_fraction=100.0000%, Lmin=-995.23, Lmax=-99.69
10:21:15 [ultranest] [DEBUG] iteration=2165, ncalls=5967, regioncalls=174680, ndraw=40, logz=-999.68, remainder_fraction=100.0000%, Lmin=-995.16, Lmax=-99.69
10:21:15 [ultranest] [DEBUG] iteration=2168, ncalls=5979, regioncalls=175160, ndraw=40, logz=-999.64, remainder_fraction=100.0000%, Lmin=-995.14, Lmax=-99.69
10:21:15 [ultranest] [DEBUG] iteration=2175, ncalls=5994, regioncalls=175760, ndraw=40, logz=-999.54, remainder_fraction=100.0000%, Lmin=-995.01, Lmax=-99.69
10:21:16 [ultranest] [DEBUG] iteration=2180, ncalls=6007, regioncalls=176280, ndraw=40, logz=-999.46, remainder_fraction=100.0000%, Lmin=-994.96, Lmax=-99.69
10:21:16 [ultranest] [DEBUG] iteration=2183, ncalls=6021, regioncalls=176840, ndraw=40, logz=-999.42, remainder_fraction=100.0000%, Lmin=-994.94, Lmax=-99.69
10:21:16 [ultranest] [DEBUG] iteration=2186, ncalls=6032, regioncalls=177280, ndraw=40, logz=-999.38, remainder_fraction=100.0000%, Lmin=-994.90, Lmax=-99.69
10:21:16 [ultranest] [DEBUG] iteration=2187, ncalls=6047, regioncalls=177880, ndraw=40, logz=-999.37, remainder_fraction=100.0000%, Lmin=-994.85, Lmax=-99.69
10:21:16 [ultranest] [DEBUG] iteration=2192, ncalls=6062, regioncalls=178480, ndraw=40, logz=-999.29, remainder_fraction=100.0000%, Lmin=-994.80, Lmax=-99.69
10:21:16 [ultranest] [DEBUG] iteration=2194, ncalls=6080, regioncalls=179200, ndraw=40, logz=-999.27, remainder_fraction=100.0000%, Lmin=-994.77, Lmax=-99.69
10:21:16 [ultranest] [DEBUG] iteration=2198, ncalls=6094, regioncalls=179760, ndraw=40, logz=-999.21, remainder_fraction=100.0000%, Lmin=-994.73, Lmax=-99.69
10:21:17 [ultranest] [DEBUG] iteration=2203, ncalls=6105, regioncalls=180200, ndraw=40, logz=-999.14, remainder_fraction=100.0000%, Lmin=-994.64, Lmax=-99.69
10:21:17 [ultranest] [DEBUG] iteration=2209, ncalls=6116, regioncalls=180640, ndraw=40, logz=-999.06, remainder_fraction=100.0000%, Lmin=-994.56, Lmax=-99.69
10:21:17 [ultranest] [DEBUG] iteration=2211, ncalls=6128, regioncalls=181120, ndraw=40, logz=-999.03, remainder_fraction=100.0000%, Lmin=-994.54, Lmax=-99.69
10:21:17 [ultranest] [DEBUG] iteration=2212, ncalls=6145, regioncalls=181800, ndraw=40, logz=-999.01, remainder_fraction=100.0000%, Lmin=-994.54, Lmax=-99.69
10:21:17 [ultranest] [DEBUG] iteration=2215, ncalls=6157, regioncalls=182280, ndraw=40, logz=-998.97, remainder_fraction=100.0000%, Lmin=-994.47, Lmax=-99.69
10:21:17 [ultranest] [DEBUG] iteration=2219, ncalls=6169, regioncalls=182760, ndraw=40, logz=-998.92, remainder_fraction=100.0000%, Lmin=-994.43, Lmax=-99.69
10:21:17 [ultranest] [DEBUG] iteration=2224, ncalls=6185, regioncalls=183400, ndraw=40, logz=-998.85, remainder_fraction=100.0000%, Lmin=-994.30, Lmax=-99.69
10:21:17 [ultranest] [DEBUG] iteration=2228, ncalls=6198, regioncalls=183920, ndraw=40, logz=-998.79, remainder_fraction=100.0000%, Lmin=-994.27, Lmax=-99.69
10:21:17 [ultranest] [DEBUG] iteration=2231, ncalls=6209, regioncalls=184360, ndraw=40, logz=-998.75, remainder_fraction=100.0000%, Lmin=-994.26, Lmax=-99.69
10:21:18 [ultranest] [DEBUG] iteration=2233, ncalls=6226, regioncalls=185040, ndraw=40, logz=-998.72, remainder_fraction=100.0000%, Lmin=-994.26, Lmax=-99.69
10:21:18 [ultranest] [DEBUG] iteration=2236, ncalls=6243, regioncalls=185720, ndraw=40, logz=-998.68, remainder_fraction=100.0000%, Lmin=-994.24, Lmax=-99.69
10:21:18 [ultranest] [DEBUG] iteration=2240, ncalls=6261, regioncalls=186440, ndraw=40, logz=-998.63, remainder_fraction=100.0000%, Lmin=-994.22, Lmax=-99.69
10:21:18 [ultranest] [DEBUG] iteration=2242, ncalls=6278, regioncalls=187120, ndraw=40, logz=-998.60, remainder_fraction=100.0000%, Lmin=-994.17, Lmax=-99.69
10:21:18 [ultranest] [DEBUG] iteration=2246, ncalls=6296, regioncalls=187840, ndraw=40, logz=-998.55, remainder_fraction=100.0000%, Lmin=-994.14, Lmax=-99.69
10:21:18 [ultranest] [DEBUG] iteration=2251, ncalls=6310, regioncalls=188400, ndraw=40, logz=-998.49, remainder_fraction=100.0000%, Lmin=-994.07, Lmax=-99.69
10:21:19 [ultranest] [DEBUG] iteration=2256, ncalls=6335, regioncalls=189400, ndraw=40, logz=-998.43, remainder_fraction=100.0000%, Lmin=-994.04, Lmax=-99.69
10:21:19 [ultranest] [DEBUG] iteration=2259, ncalls=6346, regioncalls=189840, ndraw=40, logz=-998.39, remainder_fraction=100.0000%, Lmin=-994.03, Lmax=-99.69
10:21:19 [ultranest] [DEBUG] iteration=2264, ncalls=6357, regioncalls=190280, ndraw=40, logz=-998.33, remainder_fraction=100.0000%, Lmin=-993.97, Lmax=-99.69
10:21:19 [ultranest] [DEBUG] iteration=2266, ncalls=6380, regioncalls=191200, ndraw=40, logz=-998.31, remainder_fraction=100.0000%, Lmin=-993.93, Lmax=-99.69
10:21:19 [ultranest] [DEBUG] iteration=2268, ncalls=6402, regioncalls=192080, ndraw=40, logz=-998.28, remainder_fraction=100.0000%, Lmin=-993.91, Lmax=-99.69
10:21:19 [ultranest] [DEBUG] iteration=2271, ncalls=6415, regioncalls=192600, ndraw=40, logz=-998.25, remainder_fraction=100.0000%, Lmin=-993.89, Lmax=-99.69
10:21:19 [ultranest] [DEBUG] iteration=2276, ncalls=6427, regioncalls=193080, ndraw=40, logz=-998.19, remainder_fraction=100.0000%, Lmin=-993.83, Lmax=-99.69
10:21:20 [ultranest] [DEBUG] iteration=2279, ncalls=6442, regioncalls=193680, ndraw=40, logz=-998.16, remainder_fraction=100.0000%, Lmin=-993.81, Lmax=-99.69
10:21:20 [ultranest] [DEBUG] iteration=2284, ncalls=6456, regioncalls=194240, ndraw=40, logz=-998.10, remainder_fraction=100.0000%, Lmin=-993.80, Lmax=-99.69
10:21:20 [ultranest] [DEBUG] iteration=2288, ncalls=6468, regioncalls=194720, ndraw=40, logz=-998.06, remainder_fraction=100.0000%, Lmin=-993.77, Lmax=-99.69
10:21:20 [ultranest] [DEBUG] iteration=2291, ncalls=6494, regioncalls=195760, ndraw=40, logz=-998.02, remainder_fraction=100.0000%, Lmin=-993.74, Lmax=-99.69
10:21:20 [ultranest] [DEBUG] iteration=2294, ncalls=6506, regioncalls=196240, ndraw=40, logz=-997.99, remainder_fraction=100.0000%, Lmin=-993.71, Lmax=-99.69
10:21:20 [ultranest] [DEBUG] iteration=2297, ncalls=6518, regioncalls=196720, ndraw=40, logz=-997.96, remainder_fraction=100.0000%, Lmin=-993.69, Lmax=-99.69
10:21:20 [ultranest] [DEBUG] iteration=2300, ncalls=6532, regioncalls=197280, ndraw=40, logz=-997.93, remainder_fraction=100.0000%, Lmin=-993.63, Lmax=-99.69
10:21:21 [ultranest] [DEBUG] iteration=2303, ncalls=6552, regioncalls=198080, ndraw=40, logz=-997.89, remainder_fraction=100.0000%, Lmin=-993.60, Lmax=-99.69
10:21:21 [ultranest] [DEBUG] iteration=2304, ncalls=6564, regioncalls=198560, ndraw=40, logz=-997.88, remainder_fraction=100.0000%, Lmin=-993.60, Lmax=-99.69
10:21:21 [ultranest] [DEBUG] iteration=2307, ncalls=6580, regioncalls=199200, ndraw=40, logz=-997.85, remainder_fraction=100.0000%, Lmin=-993.55, Lmax=-99.69
10:21:21 [ultranest] [DEBUG] iteration=2310, ncalls=6595, regioncalls=199800, ndraw=40, logz=-997.82, remainder_fraction=100.0000%, Lmin=-993.55, Lmax=-99.69
10:21:21 [ultranest] [DEBUG] iteration=2312, ncalls=6612, regioncalls=200480, ndraw=40, logz=-997.80, remainder_fraction=100.0000%, Lmin=-993.52, Lmax=-99.69
10:21:21 [ultranest] [DEBUG] iteration=2314, ncalls=6624, regioncalls=200960, ndraw=40, logz=-997.78, remainder_fraction=100.0000%, Lmin=-993.51, Lmax=-99.69
10:21:21 [ultranest] [DEBUG] iteration=2318, ncalls=6637, regioncalls=201480, ndraw=40, logz=-997.74, remainder_fraction=100.0000%, Lmin=-993.49, Lmax=-99.69
10:21:21 [ultranest] [DEBUG] iteration=2320, ncalls=6653, regioncalls=202120, ndraw=40, logz=-997.72, remainder_fraction=100.0000%, Lmin=-993.47, Lmax=-99.69
10:21:22 [ultranest] [DEBUG] iteration=2325, ncalls=6665, regioncalls=202600, ndraw=40, logz=-997.66, remainder_fraction=100.0000%, Lmin=-993.45, Lmax=-99.69
10:21:22 [ultranest] [DEBUG] iteration=2327, ncalls=6678, regioncalls=203120, ndraw=40, logz=-997.64, remainder_fraction=100.0000%, Lmin=-993.44, Lmax=-99.69
10:21:22 [ultranest] [DEBUG] iteration=2330, ncalls=6696, regioncalls=203840, ndraw=40, logz=-997.62, remainder_fraction=100.0000%, Lmin=-993.43, Lmax=-99.69
10:21:22 [ultranest] [DEBUG] iteration=2333, ncalls=6709, regioncalls=204360, ndraw=40, logz=-997.59, remainder_fraction=100.0000%, Lmin=-993.39, Lmax=-99.69
10:21:22 [ultranest] [DEBUG] iteration=2338, ncalls=6720, regioncalls=204800, ndraw=40, logz=-997.54, remainder_fraction=100.0000%, Lmin=-993.36, Lmax=-99.69
10:21:22 [ultranest] [DEBUG] iteration=2341, ncalls=6731, regioncalls=205240, ndraw=40, logz=-997.51, remainder_fraction=100.0000%, Lmin=-993.36, Lmax=-99.69
10:21:22 [ultranest] [DEBUG] iteration=2345, ncalls=6742, regioncalls=205680, ndraw=40, logz=-997.48, remainder_fraction=100.0000%, Lmin=-993.34, Lmax=-99.69
10:21:22 [ultranest] [DEBUG] iteration=2348, ncalls=6765, regioncalls=206600, ndraw=40, logz=-997.45, remainder_fraction=100.0000%, Lmin=-993.32, Lmax=-99.69
10:21:23 [ultranest] [DEBUG] iteration=2350, ncalls=6777, regioncalls=207080, ndraw=40, logz=-997.43, remainder_fraction=100.0000%, Lmin=-993.32, Lmax=-99.69
10:21:23 [ultranest] [DEBUG] iteration=2357, ncalls=6792, regioncalls=207680, ndraw=40, logz=-997.37, remainder_fraction=100.0000%, Lmin=-993.29, Lmax=-99.69
10:21:23 [ultranest] [DEBUG] iteration=2361, ncalls=6803, regioncalls=208120, ndraw=40, logz=-997.34, remainder_fraction=100.0000%, Lmin=-993.26, Lmax=-99.69
10:21:23 [ultranest] [DEBUG] iteration=2365, ncalls=6819, regioncalls=208760, ndraw=40, logz=-997.30, remainder_fraction=100.0000%, Lmin=-993.24, Lmax=-99.69
10:21:23 [ultranest] [DEBUG] iteration=2368, ncalls=6834, regioncalls=209360, ndraw=40, logz=-997.28, remainder_fraction=100.0000%, Lmin=-993.21, Lmax=-99.69
10:21:23 [ultranest] [DEBUG] iteration=2371, ncalls=6845, regioncalls=209800, ndraw=40, logz=-997.25, remainder_fraction=100.0000%, Lmin=-993.20, Lmax=-99.69
10:21:23 [ultranest] [DEBUG] iteration=2376, ncalls=6859, regioncalls=210360, ndraw=40, logz=-997.21, remainder_fraction=100.0000%, Lmin=-993.18, Lmax=-99.69
10:21:23 [ultranest] [DEBUG] iteration=2380, ncalls=6869, regioncalls=210760, ndraw=40, logz=-997.18, remainder_fraction=100.0000%, Lmin=-993.16, Lmax=-99.69
10:21:24 [ultranest] [DEBUG] iteration=2382, ncalls=6880, regioncalls=211200, ndraw=40, logz=-997.17, remainder_fraction=100.0000%, Lmin=-993.15, Lmax=-99.69
10:21:24 [ultranest] [DEBUG] iteration=2386, ncalls=6890, regioncalls=211600, ndraw=40, logz=-997.13, remainder_fraction=100.0000%, Lmin=-993.12, Lmax=-99.69
10:21:24 [ultranest] [DEBUG] iteration=2388, ncalls=6900, regioncalls=212000, ndraw=40, logz=-997.12, remainder_fraction=100.0000%, Lmin=-993.11, Lmax=-99.69
10:21:24 [ultranest] [DEBUG] iteration=2391, ncalls=6913, regioncalls=212520, ndraw=40, logz=-997.10, remainder_fraction=100.0000%, Lmin=-993.10, Lmax=-99.69
10:21:24 [ultranest] [DEBUG] iteration=2395, ncalls=6922, regioncalls=212880, ndraw=40, logz=-997.07, remainder_fraction=100.0000%, Lmin=-993.09, Lmax=-99.69
10:21:24 [ultranest] [DEBUG] iteration=2400, ncalls=6936, regioncalls=213440, ndraw=40, logz=-997.03, remainder_fraction=100.0000%, Lmin=-993.06, Lmax=-99.69
10:21:24 [ultranest] [DEBUG] iteration=2402, ncalls=6946, regioncalls=213840, ndraw=40, logz=-997.01, remainder_fraction=100.0000%, Lmin=-993.04, Lmax=-99.69
10:21:24 [ultranest] [DEBUG] iteration=2405, ncalls=6956, regioncalls=214240, ndraw=40, logz=-996.99, remainder_fraction=100.0000%, Lmin=-993.03, Lmax=-99.69
10:21:25 [ultranest] [DEBUG] iteration=2410, ncalls=6966, regioncalls=214640, ndraw=40, logz=-996.96, remainder_fraction=100.0000%, Lmin=-993.02, Lmax=-99.69
10:21:25 [ultranest] [DEBUG] iteration=2412, ncalls=6989, regioncalls=215560, ndraw=40, logz=-996.94, remainder_fraction=100.0000%, Lmin=-993.01, Lmax=-99.69
10:21:25 [ultranest] [DEBUG] iteration=2414, ncalls=6999, regioncalls=215960, ndraw=40, logz=-996.93, remainder_fraction=100.0000%, Lmin=-993.00, Lmax=-99.69
10:21:25 [ultranest] [DEBUG] iteration=2416, ncalls=7008, regioncalls=216320, ndraw=40, logz=-996.91, remainder_fraction=100.0000%, Lmin=-993.00, Lmax=-99.69
10:21:25 [ultranest] [DEBUG] iteration=2418, ncalls=7029, regioncalls=217160, ndraw=40, logz=-996.90, remainder_fraction=100.0000%, Lmin=-992.98, Lmax=-99.69
10:21:25 [ultranest] [DEBUG] iteration=2420, ncalls=7039, regioncalls=217560, ndraw=40, logz=-996.89, remainder_fraction=100.0000%, Lmin=-992.97, Lmax=-99.69
10:21:26 [ultranest] [DEBUG] iteration=2423, ncalls=7053, regioncalls=218120, ndraw=40, logz=-996.87, remainder_fraction=100.0000%, Lmin=-992.96, Lmax=-99.69
10:21:26 [ultranest] [DEBUG] iteration=2426, ncalls=7068, regioncalls=218720, ndraw=40, logz=-996.85, remainder_fraction=100.0000%, Lmin=-992.95, Lmax=-99.69
10:21:26 [ultranest] [DEBUG] iteration=2429, ncalls=7077, regioncalls=219080, ndraw=40, logz=-996.83, remainder_fraction=100.0000%, Lmin=-992.94, Lmax=-99.69
10:21:26 [ultranest] [DEBUG] iteration=2432, ncalls=7086, regioncalls=219440, ndraw=40, logz=-996.81, remainder_fraction=100.0000%, Lmin=-992.93, Lmax=-99.69
10:21:26 [ultranest] [DEBUG] iteration=2434, ncalls=7101, regioncalls=220040, ndraw=40, logz=-996.79, remainder_fraction=100.0000%, Lmin=-992.92, Lmax=-99.69
10:21:26 [ultranest] [DEBUG] iteration=2437, ncalls=7110, regioncalls=220400, ndraw=40, logz=-996.77, remainder_fraction=100.0000%, Lmin=-992.90, Lmax=-99.69
10:21:26 [ultranest] [DEBUG] iteration=2440, ncalls=7128, regioncalls=221120, ndraw=40, logz=-996.75, remainder_fraction=100.0000%, Lmin=-992.90, Lmax=-99.69
10:21:26 [ultranest] [DEBUG] iteration=2444, ncalls=7137, regioncalls=221480, ndraw=40, logz=-996.73, remainder_fraction=100.0000%, Lmin=-992.90, Lmax=-99.69
10:21:27 [ultranest] [DEBUG] iteration=2447, ncalls=7147, regioncalls=221880, ndraw=40, logz=-996.71, remainder_fraction=100.0000%, Lmin=-992.89, Lmax=-99.69
10:21:27 [ultranest] [DEBUG] iteration=2450, ncalls=7160, regioncalls=222400, ndraw=40, logz=-996.69, remainder_fraction=100.0000%, Lmin=-992.89, Lmax=-99.69
10:21:27 [ultranest] [DEBUG] iteration=2454, ncalls=7169, regioncalls=222760, ndraw=40, logz=-996.67, remainder_fraction=100.0000%, Lmin=-992.88, Lmax=-99.69
10:21:27 [ultranest] [DEBUG] iteration=2456, ncalls=7178, regioncalls=223120, ndraw=40, logz=-996.66, remainder_fraction=100.0000%, Lmin=-992.87, Lmax=-99.69
10:21:27 [ultranest] [DEBUG] iteration=2459, ncalls=7187, regioncalls=223480, ndraw=40, logz=-996.64, remainder_fraction=100.0000%, Lmin=-992.87, Lmax=-99.69
10:21:27 [ultranest] [DEBUG] iteration=2463, ncalls=7196, regioncalls=223840, ndraw=40, logz=-996.61, remainder_fraction=100.0000%, Lmin=-992.86, Lmax=-99.69
10:21:27 [ultranest] [DEBUG] iteration=2465, ncalls=7210, regioncalls=224400, ndraw=40, logz=-996.60, remainder_fraction=100.0000%, Lmin=-992.84, Lmax=-99.69
10:21:27 [ultranest] [DEBUG] iteration=2468, ncalls=7221, regioncalls=224840, ndraw=40, logz=-996.59, remainder_fraction=100.0000%, Lmin=-992.84, Lmax=-99.69
10:21:28 [ultranest] [DEBUG] iteration=2471, ncalls=7235, regioncalls=225400, ndraw=40, logz=-996.57, remainder_fraction=100.0000%, Lmin=-992.82, Lmax=-99.69
10:21:28 [ultranest] [DEBUG] iteration=2474, ncalls=7251, regioncalls=226040, ndraw=40, logz=-996.55, remainder_fraction=100.0000%, Lmin=-992.81, Lmax=-99.69
10:21:28 [ultranest] [DEBUG] iteration=2477, ncalls=7260, regioncalls=226400, ndraw=40, logz=-996.54, remainder_fraction=100.0000%, Lmin=-992.81, Lmax=-99.69
10:21:28 [ultranest] [DEBUG] iteration=2479, ncalls=7273, regioncalls=226920, ndraw=40, logz=-996.52, remainder_fraction=100.0000%, Lmin=-992.80, Lmax=-99.69
10:21:28 [ultranest] [DEBUG] iteration=2483, ncalls=7286, regioncalls=227440, ndraw=40, logz=-996.50, remainder_fraction=100.0000%, Lmin=-992.79, Lmax=-99.69
10:21:28 [ultranest] [DEBUG] iteration=2484, ncalls=7301, regioncalls=228040, ndraw=40, logz=-996.50, remainder_fraction=100.0000%, Lmin=-992.79, Lmax=-99.69
10:21:28 [ultranest] [DEBUG] iteration=2485, ncalls=7314, regioncalls=228560, ndraw=40, logz=-996.49, remainder_fraction=100.0000%, Lmin=-992.79, Lmax=-99.69
10:21:29 [ultranest] [DEBUG] iteration=2487, ncalls=7323, regioncalls=228920, ndraw=40, logz=-996.48, remainder_fraction=100.0000%, Lmin=-992.78, Lmax=-99.69
10:21:29 [ultranest] [DEBUG] iteration=2489, ncalls=7344, regioncalls=229760, ndraw=40, logz=-996.47, remainder_fraction=100.0000%, Lmin=-992.78, Lmax=-99.69
10:21:29 [ultranest] [DEBUG] iteration=2491, ncalls=7356, regioncalls=230240, ndraw=40, logz=-996.46, remainder_fraction=100.0000%, Lmin=-992.77, Lmax=-99.69
10:21:29 [ultranest] [DEBUG] iteration=2494, ncalls=7365, regioncalls=230600, ndraw=40, logz=-996.44, remainder_fraction=100.0000%, Lmin=-992.77, Lmax=-99.69
10:21:29 [ultranest] [DEBUG] iteration=2497, ncalls=7381, regioncalls=231240, ndraw=40, logz=-996.43, remainder_fraction=100.0000%, Lmin=-992.76, Lmax=-99.69
10:21:29 [ultranest] [DEBUG] iteration=2499, ncalls=7396, regioncalls=231840, ndraw=40, logz=-996.42, remainder_fraction=100.0000%, Lmin=-992.76, Lmax=-99.69
10:21:30 [ultranest] [DEBUG] iteration=2500, ncalls=7420, regioncalls=232800, ndraw=40, logz=-996.41, remainder_fraction=100.0000%, Lmin=-992.76, Lmax=-99.69
10:21:30 [ultranest] [DEBUG] iteration=2502, ncalls=7438, regioncalls=233520, ndraw=40, logz=-996.40, remainder_fraction=100.0000%, Lmin=-992.75, Lmax=-99.69
10:21:30 [ultranest] [DEBUG] iteration=2504, ncalls=7450, regioncalls=234000, ndraw=40, logz=-996.39, remainder_fraction=100.0000%, Lmin=-992.75, Lmax=-99.69
10:21:30 [ultranest] [DEBUG] iteration=2505, ncalls=7464, regioncalls=234560, ndraw=40, logz=-996.39, remainder_fraction=100.0000%, Lmin=-992.75, Lmax=-99.69
10:21:30 [ultranest] [DEBUG] iteration=2506, ncalls=7467, regioncalls=234680, ndraw=40, logz=-996.38, remainder_fraction=100.0000%, Lmin=-992.75, Lmax=-99.69
10:21:30 [ultranest] [DEBUG] iteration=2508, ncalls=7478, regioncalls=235120, ndraw=40, logz=-996.37, remainder_fraction=100.0000%, Lmin=-992.75, Lmax=-99.69
10:21:31 [ultranest] [DEBUG] iteration=2510, ncalls=7494, regioncalls=235760, ndraw=40, logz=-996.36, remainder_fraction=100.0000%, Lmin=-992.75, Lmax=-99.69
10:21:31 [ultranest] [DEBUG] iteration=2513, ncalls=7503, regioncalls=236120, ndraw=40, logz=-996.35, remainder_fraction=100.0000%, Lmin=-992.73, Lmax=-99.69
10:21:31 [ultranest] [DEBUG] iteration=2516, ncalls=7514, regioncalls=236560, ndraw=40, logz=-996.34, remainder_fraction=100.0000%, Lmin=-992.72, Lmax=-99.69
10:21:31 [ultranest] [DEBUG] iteration=2519, ncalls=7536, regioncalls=237440, ndraw=40, logz=-996.32, remainder_fraction=100.0000%, Lmin=-992.72, Lmax=-99.69
10:21:31 [ultranest] [DEBUG] iteration=2521, ncalls=7547, regioncalls=237880, ndraw=40, logz=-996.31, remainder_fraction=100.0000%, Lmin=-992.71, Lmax=-99.69
10:21:32 [ultranest] [DEBUG] iteration=2524, ncalls=7573, regioncalls=238920, ndraw=40, logz=-996.30, remainder_fraction=100.0000%, Lmin=-992.71, Lmax=-99.69
10:21:32 [ultranest] [DEBUG] iteration=2526, ncalls=7583, regioncalls=239320, ndraw=40, logz=-996.29, remainder_fraction=100.0000%, Lmin=-992.71, Lmax=-99.69
10:21:32 [ultranest] [DEBUG] iteration=2527, ncalls=7598, regioncalls=239920, ndraw=40, logz=-996.28, remainder_fraction=100.0000%, Lmin=-992.71, Lmax=-99.69
10:21:32 [ultranest] [DEBUG] iteration=2529, ncalls=7608, regioncalls=240320, ndraw=40, logz=-996.27, remainder_fraction=100.0000%, Lmin=-992.71, Lmax=-99.69
10:21:32 [ultranest] [DEBUG] iteration=2534, ncalls=7617, regioncalls=240680, ndraw=40, logz=-996.25, remainder_fraction=100.0000%, Lmin=-992.70, Lmax=-99.69
10:21:32 [ultranest] [DEBUG] iteration=2536, ncalls=7634, regioncalls=241360, ndraw=40, logz=-996.24, remainder_fraction=100.0000%, Lmin=-992.70, Lmax=-99.69
10:21:32 [ultranest] [DEBUG] iteration=2540, ncalls=7644, regioncalls=241760, ndraw=40, logz=-996.23, remainder_fraction=100.0000%, Lmin=-992.69, Lmax=-99.69
10:21:32 [ultranest] [DEBUG] iteration=2542, ncalls=7658, regioncalls=242320, ndraw=40, logz=-996.22, remainder_fraction=100.0000%, Lmin=-992.68, Lmax=-99.69
10:21:33 [ultranest] [DEBUG] iteration=2546, ncalls=7667, regioncalls=242680, ndraw=40, logz=-996.20, remainder_fraction=100.0000%, Lmin=-992.68, Lmax=-99.69
10:21:33 [ultranest] [DEBUG] iteration=2551, ncalls=7675, regioncalls=243000, ndraw=40, logz=-996.18, remainder_fraction=100.0000%, Lmin=-992.67, Lmax=-99.69
10:21:33 [ultranest] [DEBUG] iteration=2554, ncalls=7687, regioncalls=243480, ndraw=40, logz=-996.17, remainder_fraction=100.0000%, Lmin=-992.67, Lmax=-99.69
10:21:33 [ultranest] [DEBUG] iteration=2555, ncalls=7701, regioncalls=244040, ndraw=40, logz=-996.16, remainder_fraction=100.0000%, Lmin=-992.67, Lmax=-99.69
10:21:33 [ultranest] [DEBUG] iteration=2560, ncalls=7720, regioncalls=244800, ndraw=40, logz=-996.14, remainder_fraction=100.0000%, Lmin=-992.67, Lmax=-99.69
10:21:33 [ultranest] [DEBUG] iteration=2562, ncalls=7736, regioncalls=245440, ndraw=40, logz=-996.13, remainder_fraction=100.0000%, Lmin=-992.66, Lmax=-99.69
10:21:33 [ultranest] [DEBUG] iteration=2564, ncalls=7745, regioncalls=245800, ndraw=40, logz=-996.12, remainder_fraction=100.0000%, Lmin=-992.66, Lmax=-99.69
10:21:34 [ultranest] [DEBUG] iteration=2566, ncalls=7756, regioncalls=246240, ndraw=40, logz=-996.12, remainder_fraction=100.0000%, Lmin=-992.66, Lmax=-99.69
10:21:34 [ultranest] [DEBUG] iteration=2567, ncalls=7770, regioncalls=246800, ndraw=40, logz=-996.11, remainder_fraction=100.0000%, Lmin=-992.66, Lmax=-99.69
10:21:34 [ultranest] [DEBUG] iteration=2570, ncalls=7780, regioncalls=247200, ndraw=40, logz=-996.10, remainder_fraction=100.0000%, Lmin=-992.65, Lmax=-99.69
10:21:34 [ultranest] [DEBUG] iteration=2572, ncalls=7792, regioncalls=247680, ndraw=40, logz=-996.09, remainder_fraction=100.0000%, Lmin=-992.65, Lmax=-99.69
10:21:34 [ultranest] [DEBUG] iteration=2575, ncalls=7801, regioncalls=248040, ndraw=40, logz=-996.08, remainder_fraction=100.0000%, Lmin=-992.65, Lmax=-99.69
10:21:34 [ultranest] [DEBUG] iteration=2579, ncalls=7813, regioncalls=248520, ndraw=40, logz=-996.07, remainder_fraction=100.0000%, Lmin=-992.65, Lmax=-99.69
10:21:34 [ultranest] [DEBUG] iteration=2583, ncalls=7822, regioncalls=248880, ndraw=40, logz=-996.05, remainder_fraction=100.0000%, Lmin=-992.64, Lmax=-99.69
10:21:35 [ultranest] [DEBUG] iteration=2587, ncalls=7845, regioncalls=249800, ndraw=40, logz=-996.04, remainder_fraction=100.0000%, Lmin=-992.64, Lmax=-99.69
10:21:35 [ultranest] [DEBUG] iteration=2589, ncalls=7859, regioncalls=250360, ndraw=40, logz=-996.03, remainder_fraction=100.0000%, Lmin=-992.64, Lmax=-99.69
10:21:35 [ultranest] [DEBUG] iteration=2591, ncalls=7872, regioncalls=250880, ndraw=40, logz=-996.02, remainder_fraction=100.0000%, Lmin=-992.63, Lmax=-99.69
10:21:35 [ultranest] [DEBUG] iteration=2596, ncalls=7881, regioncalls=251240, ndraw=40, logz=-996.00, remainder_fraction=100.0000%, Lmin=-992.63, Lmax=-99.69
10:21:35 [ultranest] [DEBUG] iteration=2598, ncalls=7890, regioncalls=251600, ndraw=40, logz=-996.00, remainder_fraction=100.0000%, Lmin=-992.62, Lmax=-99.69
10:21:35 [ultranest] [DEBUG] iteration=2599, ncalls=7905, regioncalls=252200, ndraw=40, logz=-995.99, remainder_fraction=100.0000%, Lmin=-992.62, Lmax=-99.69
10:21:35 [ultranest] [DEBUG] iteration=2602, ncalls=7915, regioncalls=252600, ndraw=40, logz=-995.98, remainder_fraction=100.0000%, Lmin=-992.62, Lmax=-99.69
10:21:35 [ultranest] [DEBUG] iteration=2606, ncalls=7925, regioncalls=253000, ndraw=40, logz=-995.97, remainder_fraction=100.0000%, Lmin=-992.62, Lmax=-99.69
10:21:36 [ultranest] [DEBUG] iteration=2609, ncalls=7934, regioncalls=253360, ndraw=40, logz=-995.96, remainder_fraction=100.0000%, Lmin=-992.61, Lmax=-99.69
10:21:36 [ultranest] [DEBUG] iteration=2611, ncalls=7949, regioncalls=253960, ndraw=40, logz=-995.95, remainder_fraction=100.0000%, Lmin=-992.61, Lmax=-99.69
10:21:36 [ultranest] [DEBUG] iteration=2613, ncalls=7973, regioncalls=254920, ndraw=40, logz=-995.94, remainder_fraction=100.0000%, Lmin=-992.61, Lmax=-99.69
10:21:36 [ultranest] [DEBUG] iteration=2616, ncalls=7992, regioncalls=255680, ndraw=40, logz=-995.93, remainder_fraction=100.0000%, Lmin=-992.61, Lmax=-99.69
10:21:36 [ultranest] [DEBUG] iteration=2617, ncalls=8011, regioncalls=256440, ndraw=40, logz=-995.93, remainder_fraction=100.0000%, Lmin=-992.61, Lmax=-99.69
10:21:37 [ultranest] [DEBUG] iteration=2618, ncalls=8025, regioncalls=257000, ndraw=40, logz=-995.93, remainder_fraction=100.0000%, Lmin=-992.61, Lmax=-99.69
10:21:37 [ultranest] [DEBUG] iteration=2620, ncalls=8045, regioncalls=257800, ndraw=40, logz=-995.92, remainder_fraction=100.0000%, Lmin=-992.61, Lmax=-99.69
10:21:37 [ultranest] [DEBUG] iteration=2623, ncalls=8054, regioncalls=258160, ndraw=40, logz=-995.91, remainder_fraction=100.0000%, Lmin=-992.61, Lmax=-99.69
10:21:37 [ultranest] [DEBUG] iteration=2628, ncalls=8062, regioncalls=258480, ndraw=40, logz=-995.89, remainder_fraction=100.0000%, Lmin=-992.60, Lmax=-99.69
10:21:37 [ultranest] [DEBUG] iteration=2631, ncalls=8072, regioncalls=258880, ndraw=40, logz=-995.88, remainder_fraction=100.0000%, Lmin=-992.60, Lmax=-99.69
10:21:37 [ultranest] [DEBUG] iteration=2635, ncalls=8082, regioncalls=259280, ndraw=40, logz=-995.87, remainder_fraction=100.0000%, Lmin=-992.60, Lmax=-99.69
10:21:37 [ultranest] [DEBUG] iteration=2637, ncalls=8094, regioncalls=259760, ndraw=40, logz=-995.86, remainder_fraction=100.0000%, Lmin=-992.60, Lmax=-99.69
10:21:37 [ultranest] [DEBUG] iteration=2639, ncalls=8105, regioncalls=260200, ndraw=40, logz=-995.86, remainder_fraction=100.0000%, Lmin=-992.60, Lmax=-99.69
10:21:38 [ultranest] [DEBUG] iteration=2642, ncalls=8114, regioncalls=260560, ndraw=40, logz=-995.85, remainder_fraction=100.0000%, Lmin=-992.59, Lmax=-99.69
10:21:38 [ultranest] [DEBUG] iteration=2644, ncalls=8126, regioncalls=261040, ndraw=40, logz=-995.84, remainder_fraction=100.0000%, Lmin=-992.59, Lmax=-99.69
10:21:38 [ultranest] [DEBUG] iteration=2645, ncalls=8136, regioncalls=261440, ndraw=40, logz=-995.84, remainder_fraction=100.0000%, Lmin=-992.59, Lmax=-99.69
10:21:38 [ultranest] [DEBUG] iteration=2647, ncalls=8148, regioncalls=261920, ndraw=40, logz=-995.83, remainder_fraction=100.0000%, Lmin=-992.59, Lmax=-99.69
10:21:38 [ultranest] [DEBUG] iteration=2650, ncalls=8164, regioncalls=262560, ndraw=40, logz=-995.82, remainder_fraction=100.0000%, Lmin=-992.59, Lmax=-99.69
10:21:38 [ultranest] [DEBUG] iteration=2652, ncalls=8177, regioncalls=263080, ndraw=40, logz=-995.82, remainder_fraction=100.0000%, Lmin=-992.59, Lmax=-99.69
10:21:38 [ultranest] [DEBUG] iteration=2655, ncalls=8188, regioncalls=263520, ndraw=40, logz=-995.81, remainder_fraction=100.0000%, Lmin=-992.59, Lmax=-99.69
10:21:39 [ultranest] [DEBUG] iteration=2656, ncalls=8201, regioncalls=264040, ndraw=40, logz=-995.81, remainder_fraction=100.0000%, Lmin=-992.59, Lmax=-99.69
10:21:39 [ultranest] [DEBUG] iteration=2658, ncalls=8210, regioncalls=264400, ndraw=40, logz=-995.80, remainder_fraction=100.0000%, Lmin=-992.59, Lmax=-99.69
10:21:39 [ultranest] [DEBUG] iteration=2659, ncalls=8225, regioncalls=265000, ndraw=40, logz=-995.80, remainder_fraction=100.0000%, Lmin=-992.59, Lmax=-99.69
10:21:39 [ultranest] [DEBUG] iteration=2661, ncalls=8241, regioncalls=265640, ndraw=40, logz=-995.79, remainder_fraction=100.0000%, Lmin=-992.58, Lmax=-99.69
10:21:39 [ultranest] [DEBUG] iteration=2665, ncalls=8255, regioncalls=266200, ndraw=40, logz=-995.78, remainder_fraction=100.0000%, Lmin=-992.58, Lmax=-99.69
10:21:39 [ultranest] [DEBUG] iteration=2667, ncalls=8265, regioncalls=266600, ndraw=40, logz=-995.77, remainder_fraction=100.0000%, Lmin=-992.58, Lmax=-99.69
10:21:39 [ultranest] [DEBUG] iteration=2669, ncalls=8279, regioncalls=267160, ndraw=40, logz=-995.77, remainder_fraction=100.0000%, Lmin=-992.58, Lmax=-99.69
10:21:40 [ultranest] [DEBUG] iteration=2671, ncalls=8294, regioncalls=267760, ndraw=40, logz=-995.76, remainder_fraction=100.0000%, Lmin=-992.58, Lmax=-99.69
10:21:40 [ultranest] [DEBUG] iteration=2673, ncalls=8309, regioncalls=268360, ndraw=40, logz=-995.76, remainder_fraction=100.0000%, Lmin=-992.58, Lmax=-99.69
10:21:40 [ultranest] [DEBUG] iteration=2675, ncalls=8318, regioncalls=268720, ndraw=40, logz=-995.75, remainder_fraction=100.0000%, Lmin=-992.58, Lmax=-99.69
10:21:40 [ultranest] [DEBUG] iteration=2676, ncalls=8337, regioncalls=269480, ndraw=40, logz=-995.75, remainder_fraction=100.0000%, Lmin=-992.58, Lmax=-99.69
10:21:40 [ultranest] [DEBUG] iteration=2681, ncalls=8346, regioncalls=269840, ndraw=40, logz=-995.73, remainder_fraction=100.0000%, Lmin=-992.58, Lmax=-99.69
10:21:40 [ultranest] [DEBUG] iteration=2683, ncalls=8357, regioncalls=270280, ndraw=40, logz=-995.73, remainder_fraction=100.0000%, Lmin=-992.58, Lmax=-99.69
10:21:40 [ultranest] [DEBUG] iteration=2686, ncalls=8371, regioncalls=270840, ndraw=40, logz=-995.72, remainder_fraction=100.0000%, Lmin=-992.57, Lmax=-99.69
10:21:41 [ultranest] [DEBUG] iteration=2688, ncalls=8383, regioncalls=271320, ndraw=40, logz=-995.72, remainder_fraction=100.0000%, Lmin=-992.57, Lmax=-99.69
10:21:41 [ultranest] [DEBUG] iteration=2690, ncalls=8404, regioncalls=272160, ndraw=40, logz=-995.71, remainder_fraction=100.0000%, Lmin=-992.57, Lmax=-99.69
10:21:41 [ultranest] [DEBUG] iteration=2693, ncalls=8413, regioncalls=272520, ndraw=40, logz=-995.70, remainder_fraction=100.0000%, Lmin=-992.57, Lmax=-99.69
10:21:41 [ultranest] [DEBUG] iteration=2695, ncalls=8427, regioncalls=273080, ndraw=40, logz=-995.70, remainder_fraction=100.0000%, Lmin=-992.57, Lmax=-99.69
10:21:41 [ultranest] [DEBUG] iteration=2697, ncalls=8445, regioncalls=273800, ndraw=40, logz=-995.69, remainder_fraction=100.0000%, Lmin=-992.57, Lmax=-99.69
10:21:41 [ultranest] [DEBUG] iteration=2699, ncalls=8455, regioncalls=274200, ndraw=40, logz=-995.69, remainder_fraction=100.0000%, Lmin=-992.57, Lmax=-99.69
10:21:41 [ultranest] [DEBUG] iteration=2700, ncalls=8465, regioncalls=274600, ndraw=40, logz=-995.68, remainder_fraction=100.0000%, Lmin=-992.57, Lmax=-99.69
10:21:42 [ultranest] [DEBUG] iteration=2703, ncalls=8475, regioncalls=275000, ndraw=40, logz=-995.68, remainder_fraction=100.0000%, Lmin=-992.57, Lmax=-99.69
10:21:42 [ultranest] [DEBUG] iteration=2706, ncalls=8485, regioncalls=275400, ndraw=40, logz=-995.67, remainder_fraction=100.0000%, Lmin=-992.57, Lmax=-99.69
10:21:42 [ultranest] [DEBUG] iteration=2710, ncalls=8495, regioncalls=275800, ndraw=40, logz=-995.66, remainder_fraction=100.0000%, Lmin=-992.57, Lmax=-99.69
10:21:42 [ultranest] [DEBUG] iteration=2711, ncalls=8505, regioncalls=276200, ndraw=40, logz=-995.66, remainder_fraction=100.0000%, Lmin=-992.57, Lmax=-99.69
10:21:42 [ultranest] [DEBUG] iteration=2714, ncalls=8518, regioncalls=276720, ndraw=40, logz=-995.65, remainder_fraction=100.0000%, Lmin=-992.57, Lmax=-99.69
10:21:42 [ultranest] [DEBUG] iteration=2718, ncalls=8527, regioncalls=277080, ndraw=40, logz=-995.64, remainder_fraction=100.0000%, Lmin=-992.57, Lmax=-99.69
10:21:42 [ultranest] [DEBUG] iteration=2720, ncalls=8537, regioncalls=277480, ndraw=40, logz=-995.63, remainder_fraction=100.0000%, Lmin=-992.57, Lmax=-99.69
10:21:42 [ultranest] [DEBUG] iteration=2722, ncalls=8551, regioncalls=278040, ndraw=40, logz=-995.63, remainder_fraction=100.0000%, Lmin=-992.56, Lmax=-99.69
10:21:43 [ultranest] [DEBUG] iteration=2724, ncalls=8565, regioncalls=278600, ndraw=40, logz=-995.62, remainder_fraction=100.0000%, Lmin=-992.56, Lmax=-99.69
10:21:43 [ultranest] [DEBUG] iteration=2728, ncalls=8578, regioncalls=279120, ndraw=40, logz=-995.61, remainder_fraction=100.0000%, Lmin=-992.56, Lmax=-99.69
10:21:43 [ultranest] [DEBUG] iteration=2729, ncalls=8593, regioncalls=279720, ndraw=40, logz=-995.61, remainder_fraction=100.0000%, Lmin=-992.56, Lmax=-99.69
10:21:43 [ultranest] [DEBUG] iteration=2731, ncalls=8603, regioncalls=280120, ndraw=40, logz=-995.61, remainder_fraction=100.0000%, Lmin=-992.56, Lmax=-99.69
10:21:43 [ultranest] [DEBUG] iteration=2733, ncalls=8612, regioncalls=280480, ndraw=40, logz=-995.60, remainder_fraction=100.0000%, Lmin=-992.56, Lmax=-99.69
10:21:43 [ultranest] [DEBUG] iteration=2734, ncalls=8630, regioncalls=281200, ndraw=40, logz=-995.60, remainder_fraction=100.0000%, Lmin=-992.56, Lmax=-99.69
10:21:43 [ultranest] [DEBUG] iteration=2740, ncalls=8641, regioncalls=281640, ndraw=40, logz=-995.59, remainder_fraction=100.0000%, Lmin=-992.56, Lmax=-99.69
10:21:44 [ultranest] [DEBUG] iteration=2742, ncalls=8656, regioncalls=282240, ndraw=40, logz=-995.58, remainder_fraction=100.0000%, Lmin=-992.56, Lmax=-99.69
10:21:44 [ultranest] [DEBUG] iteration=2744, ncalls=8673, regioncalls=282920, ndraw=40, logz=-995.58, remainder_fraction=100.0000%, Lmin=-992.56, Lmax=-99.69
10:21:44 [ultranest] [DEBUG] iteration=2748, ncalls=8706, regioncalls=284240, ndraw=40, logz=-995.57, remainder_fraction=100.0000%, Lmin=-992.56, Lmax=-99.69
10:21:44 [ultranest] [DEBUG] iteration=2750, ncalls=8715, regioncalls=284600, ndraw=40, logz=-995.56, remainder_fraction=100.0000%, Lmin=-992.56, Lmax=-99.69
10:21:44 [ultranest] [DEBUG] iteration=2754, ncalls=8724, regioncalls=284960, ndraw=40, logz=-995.55, remainder_fraction=100.0000%, Lmin=-992.56, Lmax=-99.69
10:21:44 [ultranest] [DEBUG] iteration=2757, ncalls=8733, regioncalls=285320, ndraw=40, logz=-995.55, remainder_fraction=100.0000%, Lmin=-992.56, Lmax=-99.69
10:21:44 [ultranest] [DEBUG] iteration=2759, ncalls=8742, regioncalls=285680, ndraw=40, logz=-995.54, remainder_fraction=100.0000%, Lmin=-992.55, Lmax=-99.69
10:21:45 [ultranest] [DEBUG] iteration=2761, ncalls=8753, regioncalls=286120, ndraw=40, logz=-995.54, remainder_fraction=100.0000%, Lmin=-992.55, Lmax=-99.69
10:21:45 [ultranest] [DEBUG] iteration=2764, ncalls=8768, regioncalls=286720, ndraw=40, logz=-995.53, remainder_fraction=100.0000%, Lmin=-992.55, Lmax=-99.69
10:21:45 [ultranest] [DEBUG] iteration=2766, ncalls=8782, regioncalls=287280, ndraw=40, logz=-995.53, remainder_fraction=100.0000%, Lmin=-992.55, Lmax=-99.69
10:21:45 [ultranest] [DEBUG] iteration=2769, ncalls=8802, regioncalls=288080, ndraw=40, logz=-995.52, remainder_fraction=100.0000%, Lmin=-992.54, Lmax=-99.69
10:21:45 [ultranest] [DEBUG] iteration=2771, ncalls=8816, regioncalls=288640, ndraw=40, logz=-995.52, remainder_fraction=100.0000%, Lmin=-992.54, Lmax=-99.69
10:21:45 [ultranest] [DEBUG] iteration=2773, ncalls=8826, regioncalls=289040, ndraw=40, logz=-995.51, remainder_fraction=100.0000%, Lmin=-992.54, Lmax=-99.69
10:21:46 [ultranest] [DEBUG] iteration=2776, ncalls=8839, regioncalls=289560, ndraw=40, logz=-995.51, remainder_fraction=100.0000%, Lmin=-992.53, Lmax=-99.69
10:21:46 [ultranest] [DEBUG] iteration=2779, ncalls=8856, regioncalls=290240, ndraw=40, logz=-995.50, remainder_fraction=100.0000%, Lmin=-992.53, Lmax=-99.69
10:21:46 [ultranest] [DEBUG] iteration=2782, ncalls=8865, regioncalls=290600, ndraw=40, logz=-995.49, remainder_fraction=100.0000%, Lmin=-992.53, Lmax=-99.69
10:21:46 [ultranest] [DEBUG] iteration=2784, ncalls=8877, regioncalls=291080, ndraw=40, logz=-995.49, remainder_fraction=100.0000%, Lmin=-992.53, Lmax=-99.69
10:21:46 [ultranest] [DEBUG] iteration=2785, ncalls=8888, regioncalls=291520, ndraw=40, logz=-995.49, remainder_fraction=100.0000%, Lmin=-992.52, Lmax=-99.69
10:21:46 [ultranest] [DEBUG] iteration=2786, ncalls=8901, regioncalls=292040, ndraw=40, logz=-995.48, remainder_fraction=100.0000%, Lmin=-992.52, Lmax=-99.69
10:21:46 [ultranest] [DEBUG] iteration=2787, ncalls=8915, regioncalls=292600, ndraw=40, logz=-995.48, remainder_fraction=100.0000%, Lmin=-992.52, Lmax=-99.69
10:21:47 [ultranest] [DEBUG] iteration=2788, ncalls=8931, regioncalls=293240, ndraw=40, logz=-995.48, remainder_fraction=100.0000%, Lmin=-992.52, Lmax=-99.69
10:21:47 [ultranest] [DEBUG] iteration=2791, ncalls=8948, regioncalls=293920, ndraw=40, logz=-995.47, remainder_fraction=100.0000%, Lmin=-992.52, Lmax=-99.69
10:21:47 [ultranest] [DEBUG] iteration=2792, ncalls=8962, regioncalls=294480, ndraw=40, logz=-995.47, remainder_fraction=100.0000%, Lmin=-992.52, Lmax=-99.69
10:21:47 [ultranest] [DEBUG] iteration=2794, ncalls=8971, regioncalls=294840, ndraw=40, logz=-995.47, remainder_fraction=100.0000%, Lmin=-992.52, Lmax=-99.69
10:21:47 [ultranest] [DEBUG] iteration=2796, ncalls=8992, regioncalls=295680, ndraw=40, logz=-995.46, remainder_fraction=100.0000%, Lmin=-992.51, Lmax=-99.69
10:21:47 [ultranest] [DEBUG] iteration=2799, ncalls=9001, regioncalls=296040, ndraw=40, logz=-995.46, remainder_fraction=100.0000%, Lmin=-992.51, Lmax=-99.69
10:21:47 [ultranest] [DEBUG] iteration=2801, ncalls=9018, regioncalls=296720, ndraw=40, logz=-995.45, remainder_fraction=100.0000%, Lmin=-992.51, Lmax=-99.69
10:21:48 [ultranest] [DEBUG] iteration=2803, ncalls=9029, regioncalls=297160, ndraw=40, logz=-995.45, remainder_fraction=100.0000%, Lmin=-992.51, Lmax=-99.69
10:21:48 [ultranest] [DEBUG] iteration=2805, ncalls=9046, regioncalls=297840, ndraw=40, logz=-995.44, remainder_fraction=100.0000%, Lmin=-992.51, Lmax=-99.69
10:21:48 [ultranest] [DEBUG] iteration=2807, ncalls=9064, regioncalls=298560, ndraw=40, logz=-995.44, remainder_fraction=100.0000%, Lmin=-992.50, Lmax=-99.69
10:21:48 [ultranest] [DEBUG] iteration=2808, ncalls=9077, regioncalls=299080, ndraw=40, logz=-995.44, remainder_fraction=100.0000%, Lmin=-992.50, Lmax=-99.69
10:21:48 [ultranest] [DEBUG] iteration=2809, ncalls=9087, regioncalls=299480, ndraw=40, logz=-995.44, remainder_fraction=100.0000%, Lmin=-992.50, Lmax=-99.69
10:21:48 [ultranest] [DEBUG] iteration=2811, ncalls=9097, regioncalls=299880, ndraw=40, logz=-995.43, remainder_fraction=100.0000%, Lmin=-992.50, Lmax=-99.69
10:21:48 [ultranest] [DEBUG] iteration=2813, ncalls=9106, regioncalls=300240, ndraw=40, logz=-995.43, remainder_fraction=100.0000%, Lmin=-992.49, Lmax=-99.69
10:21:49 [ultranest] [DEBUG] iteration=2815, ncalls=9120, regioncalls=300800, ndraw=40, logz=-995.42, remainder_fraction=100.0000%, Lmin=-992.49, Lmax=-99.69
10:21:49 [ultranest] [DEBUG] iteration=2819, ncalls=9130, regioncalls=301200, ndraw=40, logz=-995.42, remainder_fraction=100.0000%, Lmin=-992.49, Lmax=-99.69
10:21:49 [ultranest] [DEBUG] iteration=2820, ncalls=9145, regioncalls=301800, ndraw=40, logz=-995.41, remainder_fraction=100.0000%, Lmin=-992.47, Lmax=-99.69
10:21:49 [ultranest] [DEBUG] iteration=2823, ncalls=9155, regioncalls=302200, ndraw=40, logz=-995.41, remainder_fraction=100.0000%, Lmin=-992.47, Lmax=-99.69
10:21:49 [ultranest] [DEBUG] iteration=2825, ncalls=9164, regioncalls=302560, ndraw=40, logz=-995.40, remainder_fraction=100.0000%, Lmin=-992.46, Lmax=-99.69
10:21:49 [ultranest] [DEBUG] iteration=2828, ncalls=9176, regioncalls=303040, ndraw=40, logz=-995.40, remainder_fraction=100.0000%, Lmin=-992.46, Lmax=-99.69
10:21:50 [ultranest] [DEBUG] iteration=2830, ncalls=9207, regioncalls=304280, ndraw=40, logz=-995.39, remainder_fraction=100.0000%, Lmin=-992.45, Lmax=-99.69
10:21:50 [ultranest] [DEBUG] iteration=2832, ncalls=9217, regioncalls=304680, ndraw=40, logz=-995.39, remainder_fraction=100.0000%, Lmin=-992.45, Lmax=-99.69
10:21:50 [ultranest] [DEBUG] iteration=2834, ncalls=9231, regioncalls=305240, ndraw=40, logz=-995.39, remainder_fraction=100.0000%, Lmin=-992.45, Lmax=-99.69
10:21:50 [ultranest] [DEBUG] iteration=2835, ncalls=9244, regioncalls=305760, ndraw=40, logz=-995.38, remainder_fraction=100.0000%, Lmin=-992.45, Lmax=-99.69
10:21:50 [ultranest] [DEBUG] iteration=2838, ncalls=9257, regioncalls=306280, ndraw=40, logz=-995.38, remainder_fraction=100.0000%, Lmin=-992.44, Lmax=-99.69
10:21:50 [ultranest] [DEBUG] iteration=2840, ncalls=9273, regioncalls=306920, ndraw=40, logz=-995.37, remainder_fraction=100.0000%, Lmin=-992.44, Lmax=-99.69
10:21:50 [ultranest] [DEBUG] iteration=2842, ncalls=9282, regioncalls=307280, ndraw=40, logz=-995.37, remainder_fraction=100.0000%, Lmin=-992.44, Lmax=-99.69
10:21:50 [ultranest] [DEBUG] iteration=2844, ncalls=9291, regioncalls=307640, ndraw=40, logz=-995.37, remainder_fraction=100.0000%, Lmin=-992.44, Lmax=-99.69
10:21:51 [ultranest] [DEBUG] iteration=2847, ncalls=9302, regioncalls=308080, ndraw=40, logz=-995.36, remainder_fraction=100.0000%, Lmin=-992.42, Lmax=-99.69
10:21:51 [ultranest] [DEBUG] iteration=2851, ncalls=9312, regioncalls=308480, ndraw=40, logz=-995.35, remainder_fraction=100.0000%, Lmin=-992.41, Lmax=-99.69
10:21:51 [ultranest] [DEBUG] iteration=2853, ncalls=9324, regioncalls=308960, ndraw=40, logz=-995.35, remainder_fraction=100.0000%, Lmin=-992.40, Lmax=-99.69
10:21:51 [ultranest] [DEBUG] iteration=2857, ncalls=9334, regioncalls=309360, ndraw=40, logz=-995.34, remainder_fraction=100.0000%, Lmin=-992.40, Lmax=-99.69
10:21:51 [ultranest] [DEBUG] iteration=2862, ncalls=9342, regioncalls=309680, ndraw=40, logz=-995.33, remainder_fraction=100.0000%, Lmin=-992.39, Lmax=-99.69
10:21:51 [ultranest] [DEBUG] iteration=2864, ncalls=9357, regioncalls=310280, ndraw=40, logz=-995.33, remainder_fraction=100.0000%, Lmin=-992.37, Lmax=-99.69
10:21:52 [ultranest] [DEBUG] iteration=2868, ncalls=9385, regioncalls=311400, ndraw=40, logz=-995.32, remainder_fraction=100.0000%, Lmin=-992.37, Lmax=-99.69
10:21:52 [ultranest] [DEBUG] iteration=2872, ncalls=9397, regioncalls=311880, ndraw=40, logz=-995.31, remainder_fraction=100.0000%, Lmin=-992.35, Lmax=-99.69
10:21:52 [ultranest] [DEBUG] iteration=2875, ncalls=9411, regioncalls=312440, ndraw=40, logz=-995.30, remainder_fraction=100.0000%, Lmin=-992.34, Lmax=-99.69
10:21:52 [ultranest] [DEBUG] iteration=2878, ncalls=9429, regioncalls=313160, ndraw=40, logz=-995.30, remainder_fraction=100.0000%, Lmin=-992.34, Lmax=-99.69
10:21:52 [ultranest] [DEBUG] iteration=2880, ncalls=9433, regioncalls=313320, ndraw=40, logz=-995.29, remainder_fraction=100.0000%, Lmin=-992.32, Lmax=-99.69
10:21:52 [ultranest] [DEBUG] iteration=2883, ncalls=9445, regioncalls=313800, ndraw=40, logz=-995.29, remainder_fraction=100.0000%, Lmin=-992.32, Lmax=-99.69
10:21:53 [ultranest] [DEBUG] iteration=2885, ncalls=9454, regioncalls=314160, ndraw=40, logz=-995.28, remainder_fraction=100.0000%, Lmin=-992.31, Lmax=-99.69
10:21:53 [ultranest] [DEBUG] iteration=2888, ncalls=9464, regioncalls=314560, ndraw=40, logz=-995.28, remainder_fraction=100.0000%, Lmin=-992.30, Lmax=-99.69
10:21:53 [ultranest] [DEBUG] iteration=2890, ncalls=9476, regioncalls=315040, ndraw=40, logz=-995.27, remainder_fraction=100.0000%, Lmin=-992.30, Lmax=-99.69
10:21:53 [ultranest] [DEBUG] iteration=2892, ncalls=9485, regioncalls=315400, ndraw=40, logz=-995.27, remainder_fraction=100.0000%, Lmin=-992.30, Lmax=-99.69
10:21:53 [ultranest] [DEBUG] iteration=2894, ncalls=9497, regioncalls=315880, ndraw=40, logz=-995.27, remainder_fraction=100.0000%, Lmin=-992.29, Lmax=-99.69
10:21:53 [ultranest] [DEBUG] iteration=2897, ncalls=9506, regioncalls=316240, ndraw=40, logz=-995.26, remainder_fraction=100.0000%, Lmin=-992.28, Lmax=-99.69
10:21:53 [ultranest] [DEBUG] iteration=2899, ncalls=9515, regioncalls=316600, ndraw=40, logz=-995.26, remainder_fraction=100.0000%, Lmin=-992.28, Lmax=-99.69
10:21:53 [ultranest] [DEBUG] iteration=2902, ncalls=9529, regioncalls=317160, ndraw=40, logz=-995.25, remainder_fraction=100.0000%, Lmin=-992.28, Lmax=-99.69
10:21:53 [ultranest] [DEBUG] iteration=2907, ncalls=9538, regioncalls=317520, ndraw=40, logz=-995.24, remainder_fraction=100.0000%, Lmin=-992.26, Lmax=-99.69
10:21:54 [ultranest] [DEBUG] iteration=2910, ncalls=9553, regioncalls=318120, ndraw=40, logz=-995.23, remainder_fraction=100.0000%, Lmin=-992.24, Lmax=-99.69
10:21:54 [ultranest] [DEBUG] iteration=2911, ncalls=9568, regioncalls=318720, ndraw=40, logz=-995.23, remainder_fraction=100.0000%, Lmin=-992.24, Lmax=-99.69
10:21:54 [ultranest] [DEBUG] iteration=2914, ncalls=9589, regioncalls=319560, ndraw=40, logz=-995.23, remainder_fraction=100.0000%, Lmin=-992.22, Lmax=-99.69
10:21:54 [ultranest] [DEBUG] iteration=2919, ncalls=9603, regioncalls=320120, ndraw=40, logz=-995.22, remainder_fraction=100.0000%, Lmin=-992.19, Lmax=-99.69
10:21:54 [ultranest] [DEBUG] iteration=2923, ncalls=9613, regioncalls=320520, ndraw=40, logz=-995.21, remainder_fraction=100.0000%, Lmin=-992.18, Lmax=-99.69
10:21:54 [ultranest] [DEBUG] iteration=2926, ncalls=9631, regioncalls=321240, ndraw=40, logz=-995.20, remainder_fraction=100.0000%, Lmin=-992.17, Lmax=-99.69
10:21:55 [ultranest] [DEBUG] iteration=2928, ncalls=9647, regioncalls=321880, ndraw=40, logz=-995.20, remainder_fraction=100.0000%, Lmin=-992.17, Lmax=-99.69
10:21:55 [ultranest] [DEBUG] iteration=2932, ncalls=9662, regioncalls=322480, ndraw=40, logz=-995.19, remainder_fraction=100.0000%, Lmin=-992.15, Lmax=-99.69
10:21:55 [ultranest] [DEBUG] iteration=2933, ncalls=9673, regioncalls=322920, ndraw=40, logz=-995.19, remainder_fraction=100.0000%, Lmin=-992.14, Lmax=-99.69
10:21:55 [ultranest] [DEBUG] iteration=2936, ncalls=9682, regioncalls=323280, ndraw=40, logz=-995.18, remainder_fraction=100.0000%, Lmin=-992.12, Lmax=-99.69
10:21:55 [ultranest] [DEBUG] iteration=2939, ncalls=9696, regioncalls=323840, ndraw=40, logz=-995.17, remainder_fraction=100.0000%, Lmin=-992.12, Lmax=-99.69
10:21:55 [ultranest] [DEBUG] iteration=2942, ncalls=9712, regioncalls=324480, ndraw=40, logz=-995.17, remainder_fraction=100.0000%, Lmin=-992.11, Lmax=-99.69
10:21:56 [ultranest] [DEBUG] iteration=2946, ncalls=9729, regioncalls=325160, ndraw=40, logz=-995.16, remainder_fraction=100.0000%, Lmin=-992.10, Lmax=-99.69
10:21:56 [ultranest] [DEBUG] iteration=2950, ncalls=9740, regioncalls=325600, ndraw=40, logz=-995.15, remainder_fraction=100.0000%, Lmin=-992.08, Lmax=-99.69
10:21:56 [ultranest] [DEBUG] iteration=2953, ncalls=9759, regioncalls=326360, ndraw=40, logz=-995.14, remainder_fraction=100.0000%, Lmin=-992.06, Lmax=-99.69
10:21:56 [ultranest] [DEBUG] iteration=2954, ncalls=9774, regioncalls=326960, ndraw=40, logz=-995.14, remainder_fraction=100.0000%, Lmin=-992.06, Lmax=-99.69
10:21:56 [ultranest] [DEBUG] iteration=2955, ncalls=9791, regioncalls=327640, ndraw=40, logz=-995.14, remainder_fraction=100.0000%, Lmin=-992.06, Lmax=-99.69
10:21:56 [ultranest] [DEBUG] iteration=2956, ncalls=9809, regioncalls=328360, ndraw=40, logz=-995.14, remainder_fraction=100.0000%, Lmin=-992.06, Lmax=-99.69
10:21:57 [ultranest] [DEBUG] iteration=2958, ncalls=9826, regioncalls=329040, ndraw=40, logz=-995.13, remainder_fraction=100.0000%, Lmin=-992.05, Lmax=-99.69
10:21:57 [ultranest] [DEBUG] iteration=2960, ncalls=9837, regioncalls=329480, ndraw=40, logz=-995.13, remainder_fraction=100.0000%, Lmin=-992.04, Lmax=-99.69
10:21:57 [ultranest] [DEBUG] iteration=2962, ncalls=9849, regioncalls=329960, ndraw=40, logz=-995.13, remainder_fraction=100.0000%, Lmin=-992.04, Lmax=-99.69
10:21:57 [ultranest] [DEBUG] iteration=2963, ncalls=9859, regioncalls=330360, ndraw=40, logz=-995.12, remainder_fraction=100.0000%, Lmin=-992.04, Lmax=-99.69
10:21:57 [ultranest] [DEBUG] iteration=2967, ncalls=9873, regioncalls=330920, ndraw=40, logz=-995.11, remainder_fraction=100.0000%, Lmin=-992.02, Lmax=-99.69
10:21:57 [ultranest] [DEBUG] iteration=2968, ncalls=9892, regioncalls=331680, ndraw=40, logz=-995.11, remainder_fraction=100.0000%, Lmin=-992.01, Lmax=-99.69
10:21:58 [ultranest] [DEBUG] iteration=2970, ncalls=9921, regioncalls=332840, ndraw=40, logz=-995.11, remainder_fraction=100.0000%, Lmin=-991.99, Lmax=-99.69
10:21:58 [ultranest] [DEBUG] iteration=2974, ncalls=9936, regioncalls=333440, ndraw=40, logz=-995.10, remainder_fraction=100.0000%, Lmin=-991.98, Lmax=-99.69
10:21:58 [ultranest] [DEBUG] iteration=2976, ncalls=9961, regioncalls=334440, ndraw=40, logz=-995.09, remainder_fraction=100.0000%, Lmin=-991.97, Lmax=-99.69
10:21:58 [ultranest] [DEBUG] iteration=2979, ncalls=9978, regioncalls=335120, ndraw=40, logz=-995.09, remainder_fraction=100.0000%, Lmin=-991.96, Lmax=-99.69
10:21:58 [ultranest] [DEBUG] iteration=2983, ncalls=9991, regioncalls=335640, ndraw=40, logz=-995.08, remainder_fraction=100.0000%, Lmin=-991.95, Lmax=-99.69
10:21:58 [ultranest] [DEBUG] iteration=2985, ncalls=10009, regioncalls=336360, ndraw=40, logz=-995.07, remainder_fraction=100.0000%, Lmin=-991.94, Lmax=-99.69
10:21:59 [ultranest] [DEBUG] iteration=2991, ncalls=10028, regioncalls=337120, ndraw=40, logz=-995.06, remainder_fraction=100.0000%, Lmin=-991.90, Lmax=-99.69
10:21:59 [ultranest] [DEBUG] iteration=2994, ncalls=10045, regioncalls=337800, ndraw=40, logz=-995.05, remainder_fraction=100.0000%, Lmin=-991.88, Lmax=-99.69
10:21:59 [ultranest] [DEBUG] iteration=2997, ncalls=10060, regioncalls=338400, ndraw=40, logz=-995.05, remainder_fraction=100.0000%, Lmin=-991.86, Lmax=-99.69
10:21:59 [ultranest] [DEBUG] iteration=2999, ncalls=10080, regioncalls=339200, ndraw=40, logz=-995.04, remainder_fraction=100.0000%, Lmin=-991.85, Lmax=-99.69
10:21:59 [ultranest] [DEBUG] iteration=3002, ncalls=10104, regioncalls=340160, ndraw=40, logz=-995.04, remainder_fraction=100.0000%, Lmin=-991.82, Lmax=-99.69
10:21:59 [ultranest] [DEBUG] iteration=3007, ncalls=10119, regioncalls=340760, ndraw=40, logz=-995.02, remainder_fraction=100.0000%, Lmin=-991.80, Lmax=-99.69
10:21:59 [ultranest] [DEBUG] iteration=3011, ncalls=10132, regioncalls=341280, ndraw=40, logz=-995.01, remainder_fraction=100.0000%, Lmin=-991.79, Lmax=-99.69
10:22:00 [ultranest] [DEBUG] iteration=3016, ncalls=10147, regioncalls=341880, ndraw=40, logz=-995.00, remainder_fraction=100.0000%, Lmin=-991.76, Lmax=-99.69
10:22:00 [ultranest] [DEBUG] iteration=3019, ncalls=10162, regioncalls=342480, ndraw=40, logz=-995.00, remainder_fraction=100.0000%, Lmin=-991.72, Lmax=-99.69
10:22:00 [ultranest] [DEBUG] iteration=3022, ncalls=10171, regioncalls=342840, ndraw=40, logz=-994.99, remainder_fraction=100.0000%, Lmin=-991.70, Lmax=-99.69
10:22:00 [ultranest] [DEBUG] iteration=3023, ncalls=10187, regioncalls=343480, ndraw=40, logz=-994.99, remainder_fraction=100.0000%, Lmin=-991.70, Lmax=-99.69
10:22:00 [ultranest] [DEBUG] iteration=3024, ncalls=10197, regioncalls=343880, ndraw=40, logz=-994.98, remainder_fraction=100.0000%, Lmin=-991.70, Lmax=-99.69
10:22:00 [ultranest] [DEBUG] iteration=3026, ncalls=10211, regioncalls=344440, ndraw=40, logz=-994.98, remainder_fraction=100.0000%, Lmin=-991.69, Lmax=-99.69
10:22:00 [ultranest] [DEBUG] iteration=3027, ncalls=10222, regioncalls=344880, ndraw=40, logz=-994.98, remainder_fraction=100.0000%, Lmin=-991.68, Lmax=-99.69
10:22:00 [ultranest] [DEBUG] iteration=3029, ncalls=10232, regioncalls=345280, ndraw=40, logz=-994.97, remainder_fraction=100.0000%, Lmin=-991.67, Lmax=-99.69
10:22:01 [ultranest] [DEBUG] iteration=3031, ncalls=10246, regioncalls=345840, ndraw=40, logz=-994.96, remainder_fraction=100.0000%, Lmin=-991.65, Lmax=-99.69
10:22:01 [ultranest] [DEBUG] iteration=3033, ncalls=10257, regioncalls=346280, ndraw=40, logz=-994.96, remainder_fraction=100.0000%, Lmin=-991.65, Lmax=-99.69
10:22:01 [ultranest] [DEBUG] iteration=3035, ncalls=10270, regioncalls=346800, ndraw=40, logz=-994.95, remainder_fraction=100.0000%, Lmin=-991.64, Lmax=-99.69
10:22:01 [ultranest] [DEBUG] iteration=3038, ncalls=10282, regioncalls=347280, ndraw=40, logz=-994.95, remainder_fraction=100.0000%, Lmin=-991.62, Lmax=-99.69
10:22:01 [ultranest] [DEBUG] iteration=3040, ncalls=10291, regioncalls=347640, ndraw=40, logz=-994.94, remainder_fraction=100.0000%, Lmin=-991.59, Lmax=-99.69
10:22:01 [ultranest] [DEBUG] iteration=3042, ncalls=10313, regioncalls=348520, ndraw=40, logz=-994.94, remainder_fraction=100.0000%, Lmin=-991.58, Lmax=-99.69
10:22:02 [ultranest] [DEBUG] iteration=3046, ncalls=10331, regioncalls=349240, ndraw=40, logz=-994.93, remainder_fraction=100.0000%, Lmin=-991.56, Lmax=-99.69
10:22:02 [ultranest] [DEBUG] iteration=3048, ncalls=10343, regioncalls=349720, ndraw=40, logz=-994.92, remainder_fraction=100.0000%, Lmin=-991.55, Lmax=-99.69
10:22:02 [ultranest] [DEBUG] iteration=3051, ncalls=10352, regioncalls=350080, ndraw=40, logz=-994.91, remainder_fraction=100.0000%, Lmin=-991.53, Lmax=-99.69
10:22:02 [ultranest] [DEBUG] iteration=3054, ncalls=10363, regioncalls=350520, ndraw=40, logz=-994.90, remainder_fraction=100.0000%, Lmin=-991.51, Lmax=-99.69
10:22:02 [ultranest] [DEBUG] iteration=3055, ncalls=10377, regioncalls=351080, ndraw=40, logz=-994.90, remainder_fraction=100.0000%, Lmin=-991.50, Lmax=-99.69
10:22:02 [ultranest] [DEBUG] iteration=3058, ncalls=10393, regioncalls=351720, ndraw=40, logz=-994.89, remainder_fraction=100.0000%, Lmin=-991.49, Lmax=-99.69
10:22:02 [ultranest] [DEBUG] iteration=3061, ncalls=10406, regioncalls=352240, ndraw=40, logz=-994.88, remainder_fraction=100.0000%, Lmin=-991.47, Lmax=-99.69
10:22:02 [ultranest] [DEBUG] iteration=3062, ncalls=10418, regioncalls=352720, ndraw=40, logz=-994.88, remainder_fraction=100.0000%, Lmin=-991.46, Lmax=-99.69
10:22:03 [ultranest] [DEBUG] iteration=3065, ncalls=10428, regioncalls=353120, ndraw=40, logz=-994.87, remainder_fraction=100.0000%, Lmin=-991.45, Lmax=-99.69
10:22:03 [ultranest] [DEBUG] iteration=3068, ncalls=10437, regioncalls=353480, ndraw=40, logz=-994.86, remainder_fraction=100.0000%, Lmin=-991.44, Lmax=-99.69
10:22:03 [ultranest] [DEBUG] iteration=3071, ncalls=10454, regioncalls=354160, ndraw=40, logz=-994.86, remainder_fraction=100.0000%, Lmin=-991.42, Lmax=-99.69
10:22:03 [ultranest] [DEBUG] iteration=3074, ncalls=10467, regioncalls=354680, ndraw=40, logz=-994.85, remainder_fraction=100.0000%, Lmin=-991.41, Lmax=-99.69
10:22:03 [ultranest] [DEBUG] iteration=3078, ncalls=10485, regioncalls=355400, ndraw=40, logz=-994.84, remainder_fraction=100.0000%, Lmin=-991.38, Lmax=-99.69
10:22:03 [ultranest] [DEBUG] iteration=3080, ncalls=10495, regioncalls=355800, ndraw=40, logz=-994.83, remainder_fraction=100.0000%, Lmin=-991.37, Lmax=-99.69
10:22:03 [ultranest] [DEBUG] iteration=3083, ncalls=10504, regioncalls=356160, ndraw=40, logz=-994.82, remainder_fraction=100.0000%, Lmin=-991.36, Lmax=-99.69
10:22:04 [ultranest] [DEBUG] iteration=3085, ncalls=10514, regioncalls=356560, ndraw=40, logz=-994.82, remainder_fraction=100.0000%, Lmin=-991.35, Lmax=-99.69
10:22:04 [ultranest] [DEBUG] iteration=3088, ncalls=10530, regioncalls=357200, ndraw=40, logz=-994.81, remainder_fraction=100.0000%, Lmin=-991.33, Lmax=-99.69
10:22:04 [ultranest] [DEBUG] iteration=3089, ncalls=10544, regioncalls=357760, ndraw=40, logz=-994.80, remainder_fraction=100.0000%, Lmin=-991.33, Lmax=-99.69
10:22:04 [ultranest] [DEBUG] iteration=3091, ncalls=10559, regioncalls=358360, ndraw=40, logz=-994.80, remainder_fraction=100.0000%, Lmin=-991.32, Lmax=-99.69
10:22:04 [ultranest] [DEBUG] iteration=3094, ncalls=10573, regioncalls=358920, ndraw=40, logz=-994.79, remainder_fraction=100.0000%, Lmin=-991.29, Lmax=-99.69
10:22:04 [ultranest] [DEBUG] iteration=3097, ncalls=10586, regioncalls=359440, ndraw=40, logz=-994.78, remainder_fraction=100.0000%, Lmin=-991.24, Lmax=-99.69
10:22:05 [ultranest] [DEBUG] iteration=3099, ncalls=10606, regioncalls=360240, ndraw=40, logz=-994.77, remainder_fraction=100.0000%, Lmin=-991.24, Lmax=-99.69
10:22:05 [ultranest] [DEBUG] iteration=3101, ncalls=10616, regioncalls=360640, ndraw=40, logz=-994.77, remainder_fraction=100.0000%, Lmin=-991.22, Lmax=-99.69
10:22:05 [ultranest] [DEBUG] iteration=3104, ncalls=10629, regioncalls=361160, ndraw=40, logz=-994.76, remainder_fraction=100.0000%, Lmin=-991.21, Lmax=-99.69
10:22:05 [ultranest] [DEBUG] iteration=3106, ncalls=10639, regioncalls=361560, ndraw=40, logz=-994.75, remainder_fraction=100.0000%, Lmin=-991.20, Lmax=-99.69
10:22:05 [ultranest] [DEBUG] iteration=3109, ncalls=10655, regioncalls=362200, ndraw=40, logz=-994.74, remainder_fraction=100.0000%, Lmin=-991.16, Lmax=-99.69
10:22:05 [ultranest] [DEBUG] iteration=3110, ncalls=10678, regioncalls=363120, ndraw=40, logz=-994.74, remainder_fraction=100.0000%, Lmin=-991.16, Lmax=-99.69
10:22:05 [ultranest] [DEBUG] iteration=3115, ncalls=10687, regioncalls=363480, ndraw=40, logz=-994.72, remainder_fraction=100.0000%, Lmin=-991.11, Lmax=-99.69
10:22:06 [ultranest] [DEBUG] iteration=3117, ncalls=10707, regioncalls=364280, ndraw=40, logz=-994.72, remainder_fraction=100.0000%, Lmin=-991.10, Lmax=-99.69
10:22:06 [ultranest] [DEBUG] iteration=3119, ncalls=10718, regioncalls=364720, ndraw=40, logz=-994.71, remainder_fraction=100.0000%, Lmin=-991.07, Lmax=-99.69
10:22:06 [ultranest] [DEBUG] iteration=3121, ncalls=10732, regioncalls=365280, ndraw=40, logz=-994.70, remainder_fraction=100.0000%, Lmin=-991.05, Lmax=-99.69
10:22:06 [ultranest] [DEBUG] iteration=3124, ncalls=10743, regioncalls=365720, ndraw=40, logz=-994.69, remainder_fraction=100.0000%, Lmin=-991.02, Lmax=-99.69
10:22:06 [ultranest] [DEBUG] iteration=3125, ncalls=10757, regioncalls=366280, ndraw=40, logz=-994.69, remainder_fraction=100.0000%, Lmin=-991.01, Lmax=-99.69
10:22:06 [ultranest] [DEBUG] iteration=3127, ncalls=10763, regioncalls=366520, ndraw=40, logz=-994.68, remainder_fraction=100.0000%, Lmin=-991.00, Lmax=-99.69
10:22:06 [ultranest] [DEBUG] iteration=3132, ncalls=10774, regioncalls=366960, ndraw=40, logz=-994.67, remainder_fraction=100.0000%, Lmin=-990.98, Lmax=-99.69
10:22:07 [ultranest] [DEBUG] iteration=3133, ncalls=10796, regioncalls=367840, ndraw=40, logz=-994.66, remainder_fraction=100.0000%, Lmin=-990.98, Lmax=-99.69
10:22:07 [ultranest] [DEBUG] iteration=3134, ncalls=10808, regioncalls=368320, ndraw=40, logz=-994.66, remainder_fraction=100.0000%, Lmin=-990.97, Lmax=-99.69
10:22:07 [ultranest] [DEBUG] iteration=3138, ncalls=10816, regioncalls=368640, ndraw=40, logz=-994.64, remainder_fraction=100.0000%, Lmin=-990.93, Lmax=-99.69
10:22:07 [ultranest] [DEBUG] iteration=3141, ncalls=10827, regioncalls=369080, ndraw=40, logz=-994.63, remainder_fraction=100.0000%, Lmin=-990.88, Lmax=-99.69
10:22:08 [ultranest] [DEBUG] iteration=3142, ncalls=10849, regioncalls=369960, ndraw=40, logz=-994.63, remainder_fraction=100.0000%, Lmin=-990.88, Lmax=-99.69
10:22:08 [ultranest] [DEBUG] iteration=3146, ncalls=10862, regioncalls=370480, ndraw=40, logz=-994.61, remainder_fraction=100.0000%, Lmin=-990.84, Lmax=-99.69
10:22:08 [ultranest] [DEBUG] iteration=3147, ncalls=10875, regioncalls=371000, ndraw=40, logz=-994.61, remainder_fraction=100.0000%, Lmin=-990.84, Lmax=-99.69
10:22:08 [ultranest] [DEBUG] iteration=3149, ncalls=10887, regioncalls=371480, ndraw=40, logz=-994.60, remainder_fraction=100.0000%, Lmin=-990.83, Lmax=-99.69
10:22:08 [ultranest] [DEBUG] iteration=3154, ncalls=10904, regioncalls=372160, ndraw=40, logz=-994.58, remainder_fraction=100.0000%, Lmin=-990.79, Lmax=-99.69
10:22:08 [ultranest] [DEBUG] iteration=3156, ncalls=10920, regioncalls=372800, ndraw=40, logz=-994.58, remainder_fraction=100.0000%, Lmin=-990.78, Lmax=-99.69
10:22:08 [ultranest] [DEBUG] iteration=3159, ncalls=10934, regioncalls=373360, ndraw=40, logz=-994.56, remainder_fraction=100.0000%, Lmin=-990.76, Lmax=-99.69
10:22:09 [ultranest] [DEBUG] iteration=3163, ncalls=10942, regioncalls=373680, ndraw=40, logz=-994.55, remainder_fraction=100.0000%, Lmin=-990.74, Lmax=-99.69
10:22:09 [ultranest] [DEBUG] iteration=3166, ncalls=10964, regioncalls=374560, ndraw=40, logz=-994.54, remainder_fraction=100.0000%, Lmin=-990.70, Lmax=-99.69
10:22:09 [ultranest] [DEBUG] iteration=3168, ncalls=10977, regioncalls=375080, ndraw=40, logz=-994.53, remainder_fraction=100.0000%, Lmin=-990.70, Lmax=-99.69
10:22:09 [ultranest] [DEBUG] iteration=3170, ncalls=11005, regioncalls=376200, ndraw=40, logz=-994.52, remainder_fraction=100.0000%, Lmin=-990.68, Lmax=-99.69
10:22:09 [ultranest] [DEBUG] iteration=3172, ncalls=11019, regioncalls=376760, ndraw=40, logz=-994.51, remainder_fraction=100.0000%, Lmin=-990.68, Lmax=-99.69
10:22:10 [ultranest] [DEBUG] iteration=3174, ncalls=11030, regioncalls=377200, ndraw=40, logz=-994.50, remainder_fraction=100.0000%, Lmin=-990.65, Lmax=-99.69
10:22:10 [ultranest] [DEBUG] iteration=3177, ncalls=11055, regioncalls=378200, ndraw=40, logz=-994.49, remainder_fraction=100.0000%, Lmin=-990.62, Lmax=-99.69
10:22:10 [ultranest] [DEBUG] iteration=3179, ncalls=11060, regioncalls=378400, ndraw=40, logz=-994.48, remainder_fraction=100.0000%, Lmin=-990.61, Lmax=-99.69
10:22:10 [ultranest] [DEBUG] iteration=3181, ncalls=11084, regioncalls=379360, ndraw=40, logz=-994.48, remainder_fraction=100.0000%, Lmin=-990.60, Lmax=-99.69
10:22:10 [ultranest] [DEBUG] iteration=3185, ncalls=11094, regioncalls=379760, ndraw=40, logz=-994.46, remainder_fraction=100.0000%, Lmin=-990.56, Lmax=-99.69
10:22:10 [ultranest] [DEBUG] iteration=3189, ncalls=11114, regioncalls=380560, ndraw=40, logz=-994.44, remainder_fraction=100.0000%, Lmin=-990.55, Lmax=-99.69
10:22:11 [ultranest] [DEBUG] iteration=3190, ncalls=11124, regioncalls=380960, ndraw=40, logz=-994.44, remainder_fraction=100.0000%, Lmin=-990.54, Lmax=-99.69
10:22:11 [ultranest] [DEBUG] iteration=3196, ncalls=11157, regioncalls=382280, ndraw=40, logz=-994.41, remainder_fraction=100.0000%, Lmin=-990.49, Lmax=-99.69
10:22:11 [ultranest] [DEBUG] iteration=3198, ncalls=11170, regioncalls=382800, ndraw=40, logz=-994.40, remainder_fraction=100.0000%, Lmin=-990.48, Lmax=-99.69
10:22:11 [ultranest] [DEBUG] iteration=3200, ncalls=11191, regioncalls=383640, ndraw=40, logz=-994.40, remainder_fraction=100.0000%, Lmin=-990.46, Lmax=-99.69
10:22:11 [ultranest] [DEBUG] iteration=3203, ncalls=11200, regioncalls=384000, ndraw=40, logz=-994.38, remainder_fraction=100.0000%, Lmin=-990.43, Lmax=-99.69
10:22:12 [ultranest] [DEBUG] iteration=3204, ncalls=11215, regioncalls=384600, ndraw=40, logz=-994.38, remainder_fraction=100.0000%, Lmin=-990.42, Lmax=-99.69
10:22:12 [ultranest] [DEBUG] iteration=3206, ncalls=11230, regioncalls=385200, ndraw=40, logz=-994.37, remainder_fraction=100.0000%, Lmin=-990.40, Lmax=-99.69
10:22:12 [ultranest] [DEBUG] iteration=3208, ncalls=11245, regioncalls=385800, ndraw=40, logz=-994.36, remainder_fraction=100.0000%, Lmin=-990.39, Lmax=-99.69
10:22:12 [ultranest] [DEBUG] iteration=3210, ncalls=11257, regioncalls=386280, ndraw=40, logz=-994.35, remainder_fraction=100.0000%, Lmin=-990.38, Lmax=-99.69
10:22:12 [ultranest] [DEBUG] iteration=3212, ncalls=11271, regioncalls=386840, ndraw=40, logz=-994.34, remainder_fraction=100.0000%, Lmin=-990.38, Lmax=-99.69
10:22:12 [ultranest] [DEBUG] iteration=3214, ncalls=11291, regioncalls=387640, ndraw=40, logz=-994.33, remainder_fraction=100.0000%, Lmin=-990.37, Lmax=-99.69
10:22:13 [ultranest] [DEBUG] iteration=3217, ncalls=11303, regioncalls=388120, ndraw=40, logz=-994.32, remainder_fraction=100.0000%, Lmin=-990.33, Lmax=-99.69
10:22:13 [ultranest] [DEBUG] iteration=3218, ncalls=11319, regioncalls=388760, ndraw=40, logz=-994.32, remainder_fraction=100.0000%, Lmin=-990.32, Lmax=-99.69
10:22:13 [ultranest] [DEBUG] iteration=3221, ncalls=11330, regioncalls=389200, ndraw=40, logz=-994.30, remainder_fraction=100.0000%, Lmin=-990.30, Lmax=-99.69
10:22:13 [ultranest] [DEBUG] iteration=3222, ncalls=11341, regioncalls=389640, ndraw=40, logz=-994.30, remainder_fraction=100.0000%, Lmin=-990.29, Lmax=-99.69
10:22:13 [ultranest] [DEBUG] iteration=3225, ncalls=11359, regioncalls=390360, ndraw=40, logz=-994.28, remainder_fraction=100.0000%, Lmin=-990.28, Lmax=-99.69
10:22:13 [ultranest] [DEBUG] iteration=3229, ncalls=11377, regioncalls=391080, ndraw=40, logz=-994.27, remainder_fraction=100.0000%, Lmin=-990.25, Lmax=-99.69
10:22:14 [ultranest] [DEBUG] iteration=3233, ncalls=11412, regioncalls=392480, ndraw=40, logz=-994.25, remainder_fraction=100.0000%, Lmin=-990.23, Lmax=-99.69
10:22:14 [ultranest] [DEBUG] iteration=3238, ncalls=11431, regioncalls=393240, ndraw=40, logz=-994.22, remainder_fraction=100.0000%, Lmin=-990.17, Lmax=-97.10
10:22:14 [ultranest] [DEBUG] iteration=3240, ncalls=11446, regioncalls=393840, ndraw=40, logz=-994.22, remainder_fraction=100.0000%, Lmin=-990.17, Lmax=-97.10
10:22:14 [ultranest] [DEBUG] iteration=3243, ncalls=11470, regioncalls=394800, ndraw=40, logz=-994.20, remainder_fraction=100.0000%, Lmin=-990.16, Lmax=-97.10
10:22:14 [ultranest] [DEBUG] iteration=3247, ncalls=11484, regioncalls=395360, ndraw=40, logz=-994.18, remainder_fraction=100.0000%, Lmin=-990.13, Lmax=-97.10
10:22:14 [ultranest] [DEBUG] iteration=3249, ncalls=11502, regioncalls=396080, ndraw=40, logz=-994.17, remainder_fraction=100.0000%, Lmin=-990.10, Lmax=-97.10
10:22:15 [ultranest] [DEBUG] iteration=3253, ncalls=11514, regioncalls=396560, ndraw=40, logz=-994.15, remainder_fraction=100.0000%, Lmin=-990.08, Lmax=-97.10
10:22:15 [ultranest] [DEBUG] iteration=3255, ncalls=11536, regioncalls=397440, ndraw=40, logz=-994.14, remainder_fraction=100.0000%, Lmin=-990.07, Lmax=-97.10
10:22:15 [ultranest] [DEBUG] iteration=3257, ncalls=11548, regioncalls=397920, ndraw=40, logz=-994.13, remainder_fraction=100.0000%, Lmin=-990.05, Lmax=-97.10
10:22:15 [ultranest] [DEBUG] iteration=3262, ncalls=11561, regioncalls=398440, ndraw=40, logz=-994.11, remainder_fraction=100.0000%, Lmin=-990.01, Lmax=-97.10
10:22:15 [ultranest] [DEBUG] iteration=3265, ncalls=11581, regioncalls=399240, ndraw=40, logz=-994.09, remainder_fraction=100.0000%, Lmin=-989.97, Lmax=-97.10
10:22:15 [ultranest] [DEBUG] iteration=3269, ncalls=11599, regioncalls=399960, ndraw=40, logz=-994.07, remainder_fraction=100.0000%, Lmin=-989.93, Lmax=-97.10
10:22:16 [ultranest] [DEBUG] iteration=3273, ncalls=11614, regioncalls=400560, ndraw=40, logz=-994.05, remainder_fraction=100.0000%, Lmin=-989.89, Lmax=-97.10
10:22:16 [ultranest] [DEBUG] iteration=3275, ncalls=11631, regioncalls=401240, ndraw=40, logz=-994.04, remainder_fraction=100.0000%, Lmin=-989.88, Lmax=-97.10
10:22:16 [ultranest] [DEBUG] iteration=3278, ncalls=11653, regioncalls=402120, ndraw=40, logz=-994.03, remainder_fraction=100.0000%, Lmin=-989.82, Lmax=-97.10
10:22:16 [ultranest] [DEBUG] iteration=3281, ncalls=11665, regioncalls=402600, ndraw=40, logz=-994.01, remainder_fraction=100.0000%, Lmin=-989.78, Lmax=-97.10
10:22:16 [ultranest] [DEBUG] iteration=3284, ncalls=11679, regioncalls=403160, ndraw=40, logz=-994.00, remainder_fraction=100.0000%, Lmin=-989.74, Lmax=-97.10
10:22:16 [ultranest] [DEBUG] iteration=3287, ncalls=11708, regioncalls=404320, ndraw=40, logz=-993.98, remainder_fraction=100.0000%, Lmin=-989.72, Lmax=-97.10
10:22:16 [ultranest] [DEBUG] iteration=3290, ncalls=11723, regioncalls=404920, ndraw=40, logz=-993.96, remainder_fraction=100.0000%, Lmin=-989.70, Lmax=-97.10
10:22:17 [ultranest] [DEBUG] iteration=3292, ncalls=11736, regioncalls=405440, ndraw=40, logz=-993.95, remainder_fraction=100.0000%, Lmin=-989.68, Lmax=-97.10
10:22:17 [ultranest] [DEBUG] iteration=3294, ncalls=11754, regioncalls=406160, ndraw=40, logz=-993.94, remainder_fraction=100.0000%, Lmin=-989.67, Lmax=-97.10
10:22:17 [ultranest] [DEBUG] iteration=3297, ncalls=11769, regioncalls=406760, ndraw=40, logz=-993.92, remainder_fraction=100.0000%, Lmin=-989.61, Lmax=-97.10
10:22:17 [ultranest] [DEBUG] iteration=3301, ncalls=11784, regioncalls=407360, ndraw=40, logz=-993.90, remainder_fraction=100.0000%, Lmin=-989.59, Lmax=-97.10
10:22:17 [ultranest] [DEBUG] iteration=3306, ncalls=11803, regioncalls=408120, ndraw=40, logz=-993.87, remainder_fraction=100.0000%, Lmin=-989.58, Lmax=-97.10
10:22:17 [ultranest] [DEBUG] iteration=3307, ncalls=11823, regioncalls=408920, ndraw=40, logz=-993.86, remainder_fraction=100.0000%, Lmin=-989.57, Lmax=-97.10
10:22:17 [ultranest] [DEBUG] iteration=3311, ncalls=11831, regioncalls=409240, ndraw=40, logz=-993.84, remainder_fraction=100.0000%, Lmin=-989.53, Lmax=-97.10
10:22:18 [ultranest] [DEBUG] iteration=3312, ncalls=11850, regioncalls=410000, ndraw=40, logz=-993.83, remainder_fraction=100.0000%, Lmin=-989.52, Lmax=-97.10
10:22:18 [ultranest] [DEBUG] iteration=3314, ncalls=11869, regioncalls=410760, ndraw=40, logz=-993.82, remainder_fraction=100.0000%, Lmin=-989.47, Lmax=-97.10
10:22:18 [ultranest] [DEBUG] iteration=3316, ncalls=11883, regioncalls=411320, ndraw=40, logz=-993.81, remainder_fraction=100.0000%, Lmin=-989.46, Lmax=-97.10
10:22:18 [ultranest] [DEBUG] iteration=3319, ncalls=11903, regioncalls=412120, ndraw=40, logz=-993.79, remainder_fraction=100.0000%, Lmin=-989.43, Lmax=-97.10
10:22:19 [ultranest] [DEBUG] iteration=3323, ncalls=11912, regioncalls=412480, ndraw=40, logz=-993.77, remainder_fraction=100.0000%, Lmin=-989.38, Lmax=-97.10
10:22:19 [ultranest] [DEBUG] iteration=3325, ncalls=11922, regioncalls=412880, ndraw=40, logz=-993.75, remainder_fraction=100.0000%, Lmin=-989.37, Lmax=-97.10
10:22:19 [ultranest] [DEBUG] iteration=3329, ncalls=11930, regioncalls=413200, ndraw=40, logz=-993.73, remainder_fraction=100.0000%, Lmin=-989.36, Lmax=-97.10
10:22:19 [ultranest] [DEBUG] iteration=3331, ncalls=11942, regioncalls=413680, ndraw=40, logz=-993.72, remainder_fraction=100.0000%, Lmin=-989.34, Lmax=-97.10
10:22:19 [ultranest] [DEBUG] iteration=3332, ncalls=11961, regioncalls=414440, ndraw=40, logz=-993.71, remainder_fraction=100.0000%, Lmin=-989.34, Lmax=-97.10
10:22:19 [ultranest] [DEBUG] iteration=3334, ncalls=11975, regioncalls=415000, ndraw=40, logz=-993.70, remainder_fraction=100.0000%, Lmin=-989.33, Lmax=-97.10
10:22:20 [ultranest] [DEBUG] iteration=3336, ncalls=11995, regioncalls=415800, ndraw=40, logz=-993.69, remainder_fraction=100.0000%, Lmin=-989.32, Lmax=-97.10
10:22:20 [ultranest] [DEBUG] iteration=3338, ncalls=12006, regioncalls=416240, ndraw=40, logz=-993.67, remainder_fraction=100.0000%, Lmin=-989.30, Lmax=-97.10
10:22:20 [ultranest] [DEBUG] iteration=3339, ncalls=12015, regioncalls=416600, ndraw=40, logz=-993.67, remainder_fraction=100.0000%, Lmin=-989.29, Lmax=-97.10
10:22:20 [ultranest] [DEBUG] iteration=3341, ncalls=12023, regioncalls=416920, ndraw=40, logz=-993.66, remainder_fraction=100.0000%, Lmin=-989.28, Lmax=-97.10
10:22:20 [ultranest] [DEBUG] iteration=3344, ncalls=12041, regioncalls=417640, ndraw=40, logz=-993.64, remainder_fraction=100.0000%, Lmin=-989.26, Lmax=-97.10
10:22:20 [ultranest] [DEBUG] iteration=3345, ncalls=12054, regioncalls=418160, ndraw=40, logz=-993.63, remainder_fraction=100.0000%, Lmin=-989.22, Lmax=-97.10
10:22:21 [ultranest] [DEBUG] iteration=3348, ncalls=12068, regioncalls=418720, ndraw=40, logz=-993.61, remainder_fraction=100.0000%, Lmin=-989.21, Lmax=-97.10
10:22:21 [ultranest] [DEBUG] iteration=3351, ncalls=12080, regioncalls=419200, ndraw=40, logz=-993.59, remainder_fraction=100.0000%, Lmin=-989.19, Lmax=-97.10
10:22:21 [ultranest] [DEBUG] iteration=3354, ncalls=12089, regioncalls=419560, ndraw=40, logz=-993.57, remainder_fraction=100.0000%, Lmin=-989.16, Lmax=-97.10
10:22:21 [ultranest] [DEBUG] iteration=3357, ncalls=12112, regioncalls=420480, ndraw=40, logz=-993.56, remainder_fraction=100.0000%, Lmin=-989.14, Lmax=-97.10
10:22:21 [ultranest] [DEBUG] iteration=3359, ncalls=12123, regioncalls=420920, ndraw=40, logz=-993.54, remainder_fraction=100.0000%, Lmin=-989.12, Lmax=-97.10
10:22:21 [ultranest] [DEBUG] iteration=3360, ncalls=12127, regioncalls=421080, ndraw=40, logz=-993.54, remainder_fraction=100.0000%, Lmin=-989.12, Lmax=-97.10
10:22:22 [ultranest] [DEBUG] iteration=3363, ncalls=12141, regioncalls=421640, ndraw=40, logz=-993.52, remainder_fraction=100.0000%, Lmin=-989.10, Lmax=-97.10
10:22:22 [ultranest] [DEBUG] iteration=3366, ncalls=12148, regioncalls=421920, ndraw=40, logz=-993.50, remainder_fraction=100.0000%, Lmin=-989.08, Lmax=-97.10
10:22:22 [ultranest] [DEBUG] iteration=3370, ncalls=12155, regioncalls=422200, ndraw=40, logz=-993.47, remainder_fraction=100.0000%, Lmin=-989.06, Lmax=-97.10
10:22:22 [ultranest] [DEBUG] iteration=3373, ncalls=12163, regioncalls=422520, ndraw=40, logz=-993.45, remainder_fraction=100.0000%, Lmin=-989.00, Lmax=-97.10
10:22:22 [ultranest] [DEBUG] iteration=3375, ncalls=12171, regioncalls=422840, ndraw=40, logz=-993.44, remainder_fraction=100.0000%, Lmin=-988.96, Lmax=-97.10
10:22:22 [ultranest] [DEBUG] iteration=3376, ncalls=12180, regioncalls=423200, ndraw=40, logz=-993.43, remainder_fraction=100.0000%, Lmin=-988.96, Lmax=-97.10
10:22:22 [ultranest] [DEBUG] iteration=3379, ncalls=12190, regioncalls=423600, ndraw=40, logz=-993.42, remainder_fraction=100.0000%, Lmin=-988.95, Lmax=-97.10
10:22:22 [ultranest] [DEBUG] iteration=3382, ncalls=12200, regioncalls=424000, ndraw=40, logz=-993.40, remainder_fraction=100.0000%, Lmin=-988.94, Lmax=-97.10
10:22:23 [ultranest] [DEBUG] iteration=3384, ncalls=12210, regioncalls=424400, ndraw=40, logz=-993.38, remainder_fraction=100.0000%, Lmin=-988.90, Lmax=-97.10
10:22:23 [ultranest] [DEBUG] iteration=3385, ncalls=12224, regioncalls=424960, ndraw=40, logz=-993.38, remainder_fraction=100.0000%, Lmin=-988.90, Lmax=-97.10
10:22:23 [ultranest] [DEBUG] iteration=3386, ncalls=12236, regioncalls=425440, ndraw=40, logz=-993.37, remainder_fraction=100.0000%, Lmin=-988.89, Lmax=-97.10
10:22:23 [ultranest] [DEBUG] iteration=3389, ncalls=12250, regioncalls=426000, ndraw=40, logz=-993.35, remainder_fraction=100.0000%, Lmin=-988.88, Lmax=-97.10
10:22:23 [ultranest] [DEBUG] iteration=3390, ncalls=12262, regioncalls=426480, ndraw=40, logz=-993.34, remainder_fraction=100.0000%, Lmin=-988.86, Lmax=-97.10
10:22:23 [ultranest] [DEBUG] iteration=3393, ncalls=12274, regioncalls=426960, ndraw=40, logz=-993.32, remainder_fraction=100.0000%, Lmin=-988.80, Lmax=-97.10
10:22:24 [ultranest] [DEBUG] iteration=3395, ncalls=12286, regioncalls=427440, ndraw=40, logz=-993.31, remainder_fraction=100.0000%, Lmin=-988.79, Lmax=-97.10
10:22:24 [ultranest] [DEBUG] iteration=3397, ncalls=12297, regioncalls=427880, ndraw=40, logz=-993.30, remainder_fraction=100.0000%, Lmin=-988.77, Lmax=-97.10
10:22:24 [ultranest] [DEBUG] iteration=3398, ncalls=12317, regioncalls=428680, ndraw=40, logz=-993.29, remainder_fraction=100.0000%, Lmin=-988.76, Lmax=-97.10
10:22:24 [ultranest] [DEBUG] iteration=3400, ncalls=12328, regioncalls=429120, ndraw=40, logz=-993.27, remainder_fraction=100.0000%, Lmin=-988.73, Lmax=-97.10
10:22:24 [ultranest] [DEBUG] iteration=3401, ncalls=12347, regioncalls=429880, ndraw=40, logz=-993.27, remainder_fraction=100.0000%, Lmin=-988.73, Lmax=-97.10
10:22:24 [ultranest] [DEBUG] iteration=3404, ncalls=12356, regioncalls=430240, ndraw=40, logz=-993.25, remainder_fraction=100.0000%, Lmin=-988.72, Lmax=-97.10
10:22:25 [ultranest] [DEBUG] iteration=3407, ncalls=12365, regioncalls=430600, ndraw=40, logz=-993.23, remainder_fraction=100.0000%, Lmin=-988.69, Lmax=-97.10
10:22:25 [ultranest] [DEBUG] iteration=3411, ncalls=12382, regioncalls=431280, ndraw=40, logz=-993.20, remainder_fraction=100.0000%, Lmin=-988.62, Lmax=-97.10
10:22:25 [ultranest] [DEBUG] iteration=3413, ncalls=12392, regioncalls=431680, ndraw=40, logz=-993.18, remainder_fraction=100.0000%, Lmin=-988.61, Lmax=-97.10
10:22:25 [ultranest] [DEBUG] iteration=3417, ncalls=12400, regioncalls=432000, ndraw=40, logz=-993.16, remainder_fraction=100.0000%, Lmin=-988.57, Lmax=-97.10
10:22:25 [ultranest] [DEBUG] iteration=3420, ncalls=12409, regioncalls=432360, ndraw=40, logz=-993.13, remainder_fraction=100.0000%, Lmin=-988.55, Lmax=-97.10
10:22:25 [ultranest] [DEBUG] iteration=3423, ncalls=12431, regioncalls=433240, ndraw=40, logz=-993.11, remainder_fraction=100.0000%, Lmin=-988.52, Lmax=-97.10
10:22:26 [ultranest] [DEBUG] iteration=3425, ncalls=12442, regioncalls=433680, ndraw=40, logz=-993.10, remainder_fraction=100.0000%, Lmin=-988.50, Lmax=-97.10
10:22:26 [ultranest] [DEBUG] iteration=3427, ncalls=12455, regioncalls=434200, ndraw=40, logz=-993.08, remainder_fraction=100.0000%, Lmin=-988.50, Lmax=-97.10
10:22:26 [ultranest] [DEBUG] iteration=3429, ncalls=12463, regioncalls=434520, ndraw=40, logz=-993.07, remainder_fraction=100.0000%, Lmin=-988.47, Lmax=-97.10
10:22:26 [ultranest] [DEBUG] iteration=3431, ncalls=12472, regioncalls=434880, ndraw=40, logz=-993.05, remainder_fraction=100.0000%, Lmin=-988.44, Lmax=-97.10
10:22:26 [ultranest] [DEBUG] iteration=3433, ncalls=12492, regioncalls=435680, ndraw=40, logz=-993.04, remainder_fraction=100.0000%, Lmin=-988.43, Lmax=-97.10
10:22:26 [ultranest] [DEBUG] iteration=3436, ncalls=12504, regioncalls=436160, ndraw=40, logz=-993.02, remainder_fraction=100.0000%, Lmin=-988.42, Lmax=-97.10
10:22:26 [ultranest] [DEBUG] iteration=3441, ncalls=12515, regioncalls=436600, ndraw=40, logz=-992.98, remainder_fraction=100.0000%, Lmin=-988.34, Lmax=-97.10
10:22:27 [ultranest] [DEBUG] iteration=3443, ncalls=12527, regioncalls=437080, ndraw=40, logz=-992.97, remainder_fraction=100.0000%, Lmin=-988.30, Lmax=-97.10
10:22:27 [ultranest] [DEBUG] iteration=3446, ncalls=12541, regioncalls=437640, ndraw=40, logz=-992.94, remainder_fraction=100.0000%, Lmin=-988.27, Lmax=-97.10
10:22:27 [ultranest] [DEBUG] iteration=3449, ncalls=12558, regioncalls=438320, ndraw=40, logz=-992.92, remainder_fraction=100.0000%, Lmin=-988.15, Lmax=-97.10
10:22:27 [ultranest] [DEBUG] iteration=3451, ncalls=12571, regioncalls=438840, ndraw=40, logz=-992.90, remainder_fraction=100.0000%, Lmin=-988.14, Lmax=-97.10
10:22:27 [ultranest] [DEBUG] iteration=3454, ncalls=12590, regioncalls=439600, ndraw=40, logz=-992.88, remainder_fraction=100.0000%, Lmin=-988.10, Lmax=-97.10
10:22:27 [ultranest] [DEBUG] iteration=3457, ncalls=12615, regioncalls=440600, ndraw=40, logz=-992.85, remainder_fraction=100.0000%, Lmin=-988.05, Lmax=-97.10
10:22:27 [ultranest] [DEBUG] iteration=3460, ncalls=12627, regioncalls=441080, ndraw=40, logz=-992.83, remainder_fraction=100.0000%, Lmin=-988.02, Lmax=-97.10
10:22:28 [ultranest] [DEBUG] iteration=3463, ncalls=12646, regioncalls=441840, ndraw=40, logz=-992.80, remainder_fraction=100.0000%, Lmin=-987.98, Lmax=-97.10
10:22:28 [ultranest] [DEBUG] iteration=3467, ncalls=12663, regioncalls=442520, ndraw=40, logz=-992.76, remainder_fraction=100.0000%, Lmin=-987.93, Lmax=-97.10
10:22:28 [ultranest] [DEBUG] iteration=3470, ncalls=12679, regioncalls=443160, ndraw=40, logz=-992.74, remainder_fraction=100.0000%, Lmin=-987.91, Lmax=-97.10
10:22:28 [ultranest] [DEBUG] iteration=3472, ncalls=12706, regioncalls=444240, ndraw=40, logz=-992.72, remainder_fraction=100.0000%, Lmin=-987.86, Lmax=-97.10
10:22:28 [ultranest] [DEBUG] iteration=3475, ncalls=12717, regioncalls=444680, ndraw=40, logz=-992.69, remainder_fraction=100.0000%, Lmin=-987.78, Lmax=-97.10
10:22:28 [ultranest] [DEBUG] iteration=3476, ncalls=12734, regioncalls=445360, ndraw=40, logz=-992.68, remainder_fraction=100.0000%, Lmin=-987.77, Lmax=-97.10
10:22:29 [ultranest] [DEBUG] iteration=3481, ncalls=12750, regioncalls=446000, ndraw=40, logz=-992.63, remainder_fraction=100.0000%, Lmin=-987.69, Lmax=-97.10
10:22:29 [ultranest] [DEBUG] iteration=3483, ncalls=12763, regioncalls=446520, ndraw=40, logz=-992.61, remainder_fraction=100.0000%, Lmin=-987.67, Lmax=-97.10
10:22:29 [ultranest] [DEBUG] iteration=3488, ncalls=12774, regioncalls=446960, ndraw=40, logz=-992.56, remainder_fraction=100.0000%, Lmin=-987.65, Lmax=-97.10
10:22:29 [ultranest] [DEBUG] iteration=3493, ncalls=12792, regioncalls=447680, ndraw=40, logz=-992.51, remainder_fraction=100.0000%, Lmin=-987.50, Lmax=-97.10
10:22:29 [ultranest] [DEBUG] iteration=3495, ncalls=12808, regioncalls=448320, ndraw=40, logz=-992.49, remainder_fraction=100.0000%, Lmin=-987.47, Lmax=-97.10
10:22:29 [ultranest] [DEBUG] iteration=3497, ncalls=12834, regioncalls=449360, ndraw=40, logz=-992.47, remainder_fraction=100.0000%, Lmin=-987.43, Lmax=-97.10
10:22:29 [ultranest] [DEBUG] iteration=3499, ncalls=12848, regioncalls=449920, ndraw=40, logz=-992.45, remainder_fraction=100.0000%, Lmin=-987.41, Lmax=-97.10
10:22:30 [ultranest] [DEBUG] iteration=3503, ncalls=12859, regioncalls=450360, ndraw=40, logz=-992.41, remainder_fraction=100.0000%, Lmin=-987.39, Lmax=-97.10
10:22:30 [ultranest] [DEBUG] iteration=3504, ncalls=12876, regioncalls=451040, ndraw=40, logz=-992.40, remainder_fraction=100.0000%, Lmin=-987.39, Lmax=-97.10
10:22:30 [ultranest] [DEBUG] iteration=3507, ncalls=12890, regioncalls=451600, ndraw=40, logz=-992.37, remainder_fraction=100.0000%, Lmin=-987.35, Lmax=-97.10
10:22:30 [ultranest] [DEBUG] iteration=3508, ncalls=12902, regioncalls=452080, ndraw=40, logz=-992.36, remainder_fraction=100.0000%, Lmin=-987.34, Lmax=-97.10
10:22:30 [ultranest] [DEBUG] iteration=3511, ncalls=12920, regioncalls=452800, ndraw=40, logz=-992.32, remainder_fraction=100.0000%, Lmin=-987.28, Lmax=-97.10
10:22:30 [ultranest] [DEBUG] iteration=3514, ncalls=12936, regioncalls=453440, ndraw=40, logz=-992.29, remainder_fraction=100.0000%, Lmin=-987.24, Lmax=-97.10
10:22:30 [ultranest] [DEBUG] iteration=3515, ncalls=12951, regioncalls=454040, ndraw=40, logz=-992.28, remainder_fraction=100.0000%, Lmin=-987.24, Lmax=-97.10
10:22:30 [ultranest] [DEBUG] iteration=3516, ncalls=12963, regioncalls=454520, ndraw=40, logz=-992.27, remainder_fraction=100.0000%, Lmin=-987.23, Lmax=-97.10
10:22:31 [ultranest] [DEBUG] iteration=3520, ncalls=12975, regioncalls=455000, ndraw=40, logz=-992.23, remainder_fraction=100.0000%, Lmin=-987.18, Lmax=-97.10
10:22:31 [ultranest] [DEBUG] iteration=3523, ncalls=12993, regioncalls=455720, ndraw=40, logz=-992.19, remainder_fraction=100.0000%, Lmin=-987.12, Lmax=-71.90
10:22:31 [ultranest] [DEBUG] iteration=3527, ncalls=13008, regioncalls=456320, ndraw=40, logz=-992.15, remainder_fraction=100.0000%, Lmin=-987.05, Lmax=-71.90
10:22:31 [ultranest] [DEBUG] iteration=3531, ncalls=13023, regioncalls=456920, ndraw=40, logz=-992.11, remainder_fraction=100.0000%, Lmin=-987.03, Lmax=-71.90
10:22:31 [ultranest] [DEBUG] iteration=3536, ncalls=13037, regioncalls=457480, ndraw=40, logz=-992.05, remainder_fraction=100.0000%, Lmin=-987.00, Lmax=-71.90
10:22:31 [ultranest] [DEBUG] iteration=3539, ncalls=13052, regioncalls=458080, ndraw=40, logz=-992.02, remainder_fraction=100.0000%, Lmin=-986.97, Lmax=-71.90
10:22:31 [ultranest] [DEBUG] iteration=3540, ncalls=13070, regioncalls=458800, ndraw=40, logz=-992.01, remainder_fraction=100.0000%, Lmin=-986.96, Lmax=-71.90
10:22:32 [ultranest] [DEBUG] iteration=3542, ncalls=13090, regioncalls=459600, ndraw=40, logz=-991.99, remainder_fraction=100.0000%, Lmin=-986.95, Lmax=-71.90
10:22:32 [ultranest] [DEBUG] iteration=3544, ncalls=13103, regioncalls=460120, ndraw=40, logz=-991.97, remainder_fraction=100.0000%, Lmin=-986.93, Lmax=-71.90
10:22:32 [ultranest] [DEBUG] iteration=3547, ncalls=13121, regioncalls=460840, ndraw=40, logz=-991.94, remainder_fraction=100.0000%, Lmin=-986.92, Lmax=-71.90
10:22:32 [ultranest] [DEBUG] iteration=3548, ncalls=13139, regioncalls=461560, ndraw=40, logz=-991.93, remainder_fraction=100.0000%, Lmin=-986.90, Lmax=-71.90
10:22:32 [ultranest] [DEBUG] iteration=3552, ncalls=13153, regioncalls=462120, ndraw=40, logz=-991.89, remainder_fraction=100.0000%, Lmin=-986.87, Lmax=-71.90
10:22:32 [ultranest] [DEBUG] iteration=3556, ncalls=13172, regioncalls=462880, ndraw=40, logz=-991.84, remainder_fraction=100.0000%, Lmin=-986.84, Lmax=-71.90
10:22:32 [ultranest] [DEBUG] iteration=3561, ncalls=13195, regioncalls=463800, ndraw=40, logz=-991.79, remainder_fraction=100.0000%, Lmin=-986.79, Lmax=-71.90
10:22:33 [ultranest] [DEBUG] iteration=3564, ncalls=13216, regioncalls=464640, ndraw=40, logz=-991.76, remainder_fraction=100.0000%, Lmin=-986.78, Lmax=-71.90
10:22:33 [ultranest] [DEBUG] iteration=3566, ncalls=13230, regioncalls=465200, ndraw=40, logz=-991.75, remainder_fraction=100.0000%, Lmin=-986.77, Lmax=-71.90
10:22:33 [ultranest] [DEBUG] iteration=3568, ncalls=13243, regioncalls=465720, ndraw=40, logz=-991.73, remainder_fraction=100.0000%, Lmin=-986.74, Lmax=-71.90
10:22:33 [ultranest] [DEBUG] iteration=3569, ncalls=13257, regioncalls=466280, ndraw=40, logz=-991.72, remainder_fraction=100.0000%, Lmin=-986.72, Lmax=-71.90
10:22:33 [ultranest] [DEBUG] iteration=3572, ncalls=13269, regioncalls=466760, ndraw=40, logz=-991.69, remainder_fraction=100.0000%, Lmin=-986.70, Lmax=-71.90
10:22:33 [ultranest] [DEBUG] iteration=3574, ncalls=13282, regioncalls=467280, ndraw=40, logz=-991.67, remainder_fraction=100.0000%, Lmin=-986.68, Lmax=-71.90
10:22:33 [ultranest] [DEBUG] iteration=3575, ncalls=13308, regioncalls=468320, ndraw=40, logz=-991.66, remainder_fraction=100.0000%, Lmin=-986.68, Lmax=-71.90
10:22:34 [ultranest] [DEBUG] iteration=3577, ncalls=13328, regioncalls=469120, ndraw=40, logz=-991.64, remainder_fraction=100.0000%, Lmin=-986.63, Lmax=-71.90
10:22:34 [ultranest] [DEBUG] iteration=3580, ncalls=13333, regioncalls=469320, ndraw=40, logz=-991.61, remainder_fraction=100.0000%, Lmin=-986.59, Lmax=-71.90
10:22:34 [ultranest] [DEBUG] iteration=3582, ncalls=13349, regioncalls=469960, ndraw=40, logz=-991.59, remainder_fraction=100.0000%, Lmin=-986.51, Lmax=-71.90
