7.290876500177688735e-01,8.589962298036704080e-01,4.704154309119561450e-01,6.358423072879100246e-01,3.904975684257086521e-01,8.568623289239520879e-01,3.880282353537242712e-02,1.494945953873892952e-01
9.939566725948077996e-01,5.013455769150498842e-01,3.645132476787281139e-01,2.075987567350782159e-01,4.924817858356804745e-01,7.837694941917764391e-01,1.493092035727649203e-01,1.510598531016335844e-01
9.864374692655155652e-01,6.894159814009981346e-01,1.698435003876375138e-01,3.912563380566945748e-01,4.893964116307532031e-01,3.351211676510018056e-01,9.098100444833612244e-03,1.534572002109798050e-01
9.817372789206942896e-01,1.229700294650603043e-01,4.659558215370328549e-01,2.552794483861559049e-02,5.720072385786387770e-01,6.288601803916492594e-01,3.085253884560748006e-01,1.525865617181739464e-01
8.079854631898873984e-01,9.502247823703313667e-01,1.935835988313408529e-01,7.193251522442289936e-01,3.859155382972067061e-01,5.722216094056815638e-01,5.863223179968560239e-02,1.502373196378808951e-01
9.837769883417276651e-01,9.624553248240268477e-01,1.598661470125807837e-01,4.144255973780301416e-01,4.709970213026792862e-01,2.204232600154581445e-01,1.605109552000888451e-02,1.524490997968689643e-01
8.874005090437255827e-01,9.553618500044716022e-01,3.675016926859330790e-01,5.015117447671101347e-01,3.925401216849784825e-01,9.861562734421382981e-01,9.071779223912251888e-03,1.498218074458523841e-01
9.146784473830318341e-01,8.617107166459834211e-01,1.530656324073774444e-01,5.943978990414117147e-01,3.826215833518515352e-01,6.746442156967228376e-01,4.592210307137707670e-02,1.497118241857214316e-01
9.743586203899909925e-01,7.426239614789198473e-01,5.940442867909856428e-02,6.057066024498882761e-01,4.292562909812404071e-01,7.000786736115399700e-01,3.281768992509443428e-01,1.504422790881501104e-01
8.348429169260163096e-01,4.958379611878183102e-01,8.685675287864167426e-01,5.207672315750161429e-02,5.099984628155621591e-01,9.509408228259771390e-01,2.097010430341728071e-02,1.513788663290216441e-01
9.977250600833600380e-01,1.005158949906970189e-01,9.339033236201982335e-02,3.639723884305516299e-01,4.934197655464288568e-01,5.150103518137860714e-01,1.132077684224946368e-01,1.509569868398309700e-01
9.921940363485829417e-01,8.196444838315521952e-01,8.262724360326223483e-02,5.313997426811564173e-01,4.343451394375886787e-01,5.337531632719367813e-01,1.036171251866441767e-01,1.502366531286932760e-01
9.802572872721579955e-01,7.135802437548810495e-01,2.154577739140019210e-01,4.893030559504675248e-01,4.024357413429788810e-01,9.856994225659687636e-01,5.935744192428656085e-02,1.500570501868863649e-01
9.248543428634159458e-01,8.472257412932041598e-01,1.438082429473622192e-01,6.091330461676457420e-01,3.646294191567256981e-01,8.339002979559935191e-01,1.197869849501795453e-01,1.495927919841293641e-01
9.578066806090086427e-01,3.054456543444750150e-02,4.769642234049296103e-01,5.737433124799384832e-02,5.363218746620113109e-01,8.375609972911070011e-01,2.591953544251831554e-01,1.514436525398564215e-01
8.043473863831580584e-01,9.822797001331953215e-01,4.314528878257947175e-01,4.943226532561683650e-01,4.144610128853508657e-01,5.678763199597626210e-01,4.112618746619406407e-02,1.514686043612996635e-01
9.861392995505342540e-01,5.513853867909335182e-01,2.467508684145972575e-01,3.598537010695135319e-01,4.768873681337805759e-01,7.780798512798957622e-01,1.440781488780737418e-01,1.510631950580585414e-01
9.330899501792198070e-01,1.272827191184707218e-01,5.029517038969267828e-01,1.559268993862760744e-01,5.369079610758007437e-01,9.730389726500936476e-01,6.116689976606801138e-02,1.519701529453229838e-01
7.843177628209538899e-01,9.487906040926159523e-01,4.089434563040349468e-01,5.970915361946643740e-01,3.697516909755163006e-01,8.819032028490066955e-01,1.814917378961859451e-01,1.497152981585281872e-01
9.446281706343518936e-01,5.725891669768439218e-01,1.785273459846701272e-01,4.756276141623047016e-01,4.481951652729050384e-01,7.033100872712900742e-01,1.055435827311670266e-01,1.514105026876348681e-01
9.740457301493368192e-01,8.113544913840864403e-01,1.912694799810227275e-02,6.273149544455536297e-01,4.255567769655311805e-01,5.489042029521435939e-01,1.897978028576287057e-01,1.505661037757257681e-01
9.645559168687337648e-01,6.697128410194405079e-01,6.866440868275738851e-02,5.987748326268228505e-01,3.997529523895436698e-01,7.907217788612234122e-01,1.467583759571106095e-02,1.498215806325041977e-01
9.895752765884762159e-01,1.890576056997755883e-01,3.436044509141299441e-01,1.558667246527126182e-01,5.718915272395361793e-01,5.897792981689877756e-01,1.411090213777488334e-01,1.524265208676609251e-01
9.501825506526234699e-01,1.367052045331381138e-01,4.686421514355295082e-01,1.051511469470440274e-01,5.532174758671397630e-01,8.842980327646334793e-01,3.155928963196202863e-01,1.514041670148824070e-01
9.861125771773029403e-01,9.391281769687450653e-01,7.148450136253348131e-02,6.411555168764242474e-01,3.858990372400172841e-01,9.198169814697971791e-01,1.389853770645909370e-01,1.502276148173237735e-01
9.926620036625781740e-01,6.181152696157576898e-02,4.132461960824570513e-01,9.828458547337604045e-02,5.664698424223209017e-01,8.603899789804179132e-01,5.800169095188527635e-01,1.502183601499525734e-01
9.877516851412916354e-01,2.713138076990307401e-01,3.600737841405385331e-01,1.962892009663878279e-01,5.105673318697029339e-01,8.745160817143927678e-01,4.231035054047739830e-01,1.511011185463776718e-01
9.753656636854382000e-01,9.225601220926706869e-01,1.429882545320183829e-01,5.192315956804406385e-01,4.108488186007873688e-01,7.540475362110320434e-01,1.593458427436390823e-01,1.510945993191490921e-01
8.369009282235360114e-01,8.755931653673486581e-01,2.435900882151501023e-01,6.584238695894751858e-01,3.693015518628027793e-01,8.717929240992483564e-01,2.325260390104684771e-01,1.485550627756196951e-01
9.924293881857897404e-01,2.548594616614890396e-01,3.334989145477896266e-01,2.380917919610861799e-01,5.052724646900471628e-01,8.847601859784632872e-01,3.756596810252688101e-01,1.508202260798192362e-01
9.911610280987145360e-01,3.037072859049295692e-01,2.908971209217477982e-01,2.414402051413636896e-01,5.362153560129417906e-01,7.025183569688825402e-01,3.039453194033829297e-01,1.517350092163234077e-01
9.961456971606916788e-01,7.682735197465739851e-02,4.340892194450139963e-01,5.718249613350184779e-02,5.476823997257169729e-01,8.279812218071985752e-01,4.578855617986882232e-01,1.515014402386185566e-01
9.837321124118068028e-01,9.329844133700104791e-02,4.304525982539528783e-01,1.121946205593093993e-01,5.539634446474303031e-01,9.821360116579695987e-01,6.443520638618367435e-01,1.502872939167197996e-01
8.900612266949323725e-01,9.062744234607553739e-01,2.391209749001839691e-01,6.161073178753798674e-01,3.666915920681887431e-01,9.692863232930006845e-01,1.665715259526015513e-01,1.509169810108043630e-01
9.629407579937451223e-01,1.837045457774261203e-01,4.529543740723167011e-01,1.039915718841885606e-01,5.788996384577679288e-01,7.030237300496579023e-01,4.529758977188511060e-02,1.523554335022871964e-01
8.295070836262180558e-01,9.527248382813988670e-01,4.592700216180787276e-01,4.791100246071650082e-01,3.916989482709824499e-01,8.445891438813214469e-01,6.530163754906725959e-04,1.501903442841413805e-01
9.922889891248376504e-01,9.562828660161025729e-01,1.181884464076280727e-01,5.946748674395108125e-01,3.862487620958717227e-01,8.932391937651483760e-01,1.642717874675910239e-01,1.485919196580930135e-01
8.938693909792901904e-01,9.949149389665500332e-01,3.530997672066128468e-01,4.691099085128260793e-01,4.109948850752493943e-01,7.826849071489403453e-01,2.558001631914238461e-01,1.502876832052656708e-01
9.553163125239336750e-01,2.825391703867293214e-01,1.422168243056659565e-01,4.440392531523941755e-01,4.776013326434465633e-01,7.113989599047829682e-01,9.957022951205916905e-02,1.506977591552617068e-01
9.949900595316133467e-01,3.641851354804073182e-01,8.538975083527816645e-02,3.800828553892473538e-01,5.119766256287124895e-01,2.762258394104593617e-01,2.089826542067372839e-01,1.517742075740250163e-01
9.911084843930384469e-01,9.343307537398699569e-01,4.803042298860710213e-02,5.075712996315280279e-01,4.492158598795226165e-01,2.448626867761141135e-01,2.724289404917626389e-01,1.507970624318391573e-01
9.784785838207247233e-01,7.948359649308948116e-01,1.345279013138076241e-01,4.475691916972884266e-01,4.363176722319692113e-01,4.473046103487813840e-01,6.283998478670428656e-02,1.512002461944512988e-01
9.695107744595634625e-01,2.755257690732367815e-01,2.751147223658646501e-01,3.090576069117570990e-01,5.123778715805642481e-01,8.484504101923160402e-01,1.045044667269119515e-01,1.521099767592202501e-01
9.790338339877037166e-01,1.015416053930181528e-01,2.624964976507920267e-01,2.440850745864785731e-01,5.412169755563318585e-01,7.645098731465348463e-01,2.003860831519384267e-01,1.519527725890892633e-01
9.931503602664271124e-01,4.677832825700602992e-01,5.401023823874403496e-01,7.027588939782097865e-02,5.280222188118243176e-01,9.852768310533674967e-01,6.699060715432250679e-02,1.507349368943473877e-01
9.703529719673326115e-01,6.613100959933413403e-01,1.932220553467188240e-01,4.341483217424310648e-01,4.297703069262561737e-01,7.581276089338409019e-01,3.875368865040841604e-02,1.515796785341148312e-01
9.866237582259753669e-01,8.606089304573306675e-01,1.302146468521799549e-01,5.638033244300197921e-01,3.856458766631169488e-01,9.927338489955165324e-01,3.076728484445948597e-01,1.491489667111236539e-01
9.735570984677186512e-01,7.233312965979817877e-01,3.017231235003831058e-02,6.541537647788356891e-01,3.872658355406660702e-01,7.566895644281598221e-01,1.905723094123870642e-01,1.497909558804031427e-01
9.752578013760512254e-01,3.781877961433863233e-01,5.495452030838183788e-01,7.425978774933505999e-02,5.589425957725050464e-01,9.221600461324372944e-01,8.081356985895553346e-02,1.516023581654903640e-01
9.787958589308162205e-01,2.324286070094040424e-01,5.562966088245411278e-01,1.736738928823439165e-02,6.003765566889017746e-01,8.773282878685975117e-01,5.314168703544568384e-01,1.522278878305137473e-01
9.912359452485077771e-01,7.704675271004499670e-01,3.012084736447923072e-02,5.321238412540048035e-01,4.570555278271546396e-01,2.549889109724168268e-01,2.917986534109990870e-01,1.515546456468050696e-01
9.870404043872643696e-01,3.878270944660899833e-02,1.821112427715219362e-01,3.623235886401576789e-01,4.789220957006826151e-01,8.706515339034611722e-01,1.400624396923439152e-01,1.509933334492221668e-01
8.633415761510301323e-01,9.991737744590585280e-01,2.742161222924947017e-01,5.649074962112337062e-01,3.746853557684003411e-01,6.647089214488008935e-01,4.889990271978714165e-02,1.510852706637758058e-01
9.922536240225675597e-01,6.196687957962370152e-01,1.976945002059562750e-01,4.015410007003933912e-01,4.566615454310432032e-01,6.556954022101211255e-01,1.449256108119299502e-01,1.508887643138004664e-01
8.626006029317978552e-01,9.806569082864509124e-01,1.243832341252335549e-01,7.251130025853873562e-01,3.707878081489743849e-01,6.845060013404007382e-01,1.572320921710763930e-01,1.494745820916397183e-01
7.746881985089351108e-01,9.342630074280418029e-01,3.788281235724724749e-01,6.707174853531080450e-01,3.742646462548084307e-01,8.830002815187579790e-01,6.885161764803154893e-02,1.501789638236714353e-01
9.638759446232322281e-01,7.805973435696611507e-02,4.498889032448737946e-01,7.126042653837860730e-02,5.655339047204333003e-01,6.437070174168199044e-01,6.267533809748371265e-03,1.532265430306396781e-01
9.544031432173100127e-01,1.509859975055101722e-01,5.760753560432056997e-01,9.960914305279233716e-04,5.508062515525925518e-01,8.397597600451376376e-01,1.014268898081706199e-01,1.530484970897725561e-01
9.962805695643635051e-01,5.236399541700326177e-01,5.223377792965288036e-01,6.801009526622253665e-02,5.441999635774285027e-01,8.772080928884171680e-01,1.233906489116282090e-01,1.522960247672903722e-01
9.848271342687138219e-01,1.881622444464604582e-01,4.912865295922885789e-01,3.326754252236180376e-02,5.444728681971003903e-01,8.699372350853610270e-01,4.069631951460978003e-01,1.517731549516108391e-01
8.842671035317594130e-01,9.769483807246178708e-01,2.063723901056361276e-01,6.736596597827420041e-01,3.379033746579769848e-01,9.945544907543093505e-01,1.704076621213577447e-01,1.494485177986770719e-01
9.728088247206065908e-01,4.862750882986266454e-02,2.367093364548828738e-01,3.001705252961666681e-01,4.754791892582976853e-01,9.141136994113600034e-01,2.870030854744337612e-01,1.498028139763146194e-01
8.640400246997957945e-01,9.565437696316441141e-01,2.355963900400686040e-01,5.864732039355581295e-01,4.119162235976525643e-01,5.662605949756744916e-01,1.969194808439046207e-01,1.508704436582060382e-01
7.123761494798357408e-01,8.963408441775355673e-01,4.873484298442704032e-01,5.684633848074931439e-01,4.197360170004609259e-01,3.422254834368595455e-01,3.970652588184567233e-02,1.496649009777966388e-01
9.883934137030915279e-01,3.614659265981416958e-01,5.251362183808235828e-01,9.384314109921571001e-02,5.699924011534561741e-01,9.579203904547726189e-01,5.407122709330218491e-02,1.534086554657720924e-01
9.986358047343686373e-01,7.890939152477731700e-01,5.888060261241379045e-02,5.461075241670456659e-01,4.054514588231705186e-01,7.010312708542434379e-01,4.309449585165285590e-02,1.508240750461671831e-01
9.343046305347827429e-01,8.653042119319815928e-01,1.904793332099180558e-02,6.429631220402449721e-01,4.028284253977019169e-01,4.527973005748919810e-01,3.601345379948278635e-02,1.510565973490304303e-01
8.686621837593030415e-01,8.870100384584558295e-01,1.279707842260880413e-01,6.784764404198628807e-01,3.717585665829888919e-01,7.082041904877440786e-01,9.731921797362236282e-03,1.497624418868458707e-01
9.975241035859234717e-01,1.020648254066387484e-01,2.744966373896748357e-01,2.162429518373444326e-01,4.910737886673458008e-01,7.757950735825397404e-01,2.793189848649657581e-02,1.513797121034479998e-01
7.485137199203050207e-01,7.090835476138275251e-01,3.936394832096442031e-01,6.185025822296386089e-01,4.018136073537902364e-01,7.578573462674682570e-01,3.788945815944040618e-02,1.493865718158378098e-01
9.013079682787121794e-01,8.624402284496268667e-01,2.974631517341802533e-01,5.109629096797854153e-01,3.914755104779775730e-01,9.084745647543567282e-01,2.346957782369626933e-02,1.494444811646986060e-01
9.631789816297844364e-01,9.304494601639905493e-01,1.626973991226576544e-01,5.327898203213624617e-01,3.845551688856784778e-01,7.455599970863026060e-01,1.259900749198136771e-01,1.513382791247912529e-01
9.624500949085890156e-01,6.426104513320984868e-02,3.473025656179106746e-01,2.251829361663144902e-01,5.428907562498005435e-01,8.918243556076670409e-01,4.589266908455185145e-01,1.513065822163978114e-01
9.290227659240274383e-01,7.799041940485469393e-01,8.138467988587308466e-02,6.190653390262791378e-01,4.135557471210338232e-01,6.008884661979683184e-01,1.677339560604491353e-01,1.512345069163373579e-01
9.525641372685587083e-01,5.856280686255677104e-01,1.198241552255520648e-01,4.691644981530502800e-01,4.605995269561382055e-01,3.874436992693416903e-01,1.422991960109332155e-02,1.521291230200424449e-01
7.592100104705159502e-01,9.392567371428669487e-01,4.669960432026168951e-01,6.186882807695859299e-01,3.544059318248283796e-01,9.864674101341076584e-01,1.284482387083570876e-01,1.478376929812824925e-01
9.653426644765193965e-01,1.015137415800467791e-01,3.709272508823578951e-01,1.733399886905183929e-01,5.260403799673045722e-01,7.633286735362296849e-01,2.137266318622206007e-01,1.515009530892759970e-01
9.864523729355689774e-01,9.365693478537964189e-01,1.947153622618089108e-01,4.924951661766435729e-01,3.984025813609972655e-01,8.747692610079418341e-01,1.451032976823457554e-01,1.511012483916386873e-01
9.723033120489724679e-01,4.994306959952679592e-01,9.433914451201716456e-02,4.891249976590195114e-01,4.745897807664042900e-01,5.069557850736227111e-01,2.538404917717865805e-01,1.510060819888060235e-01
9.688668301870805299e-01,3.872843258662705956e-02,3.867321568516112751e-01,1.747363845901059864e-01,5.560129443589936216e-01,9.488265899752679200e-01,4.055169167639236516e-01,1.513156181948785706e-01
9.996174595299258669e-01,2.495176552466469855e-01,3.262965411260079773e-01,1.813497653997897530e-01,5.399359579410580867e-01,7.673628829057821399e-01,1.055387125758192046e-02,1.531859314703550579e-01
9.653281101452957369e-01,4.766248904226888516e-02,3.432563702107619408e-01,1.650287532669046375e-01,5.648525381053013383e-01,6.840792227137441062e-01,4.301778119068076500e-01,1.521467731595473327e-01
9.896618644987967839e-01,2.973981448206774458e-01,1.755521953165328497e-01,3.838781337793897297e-01,4.673562958660240629e-01,8.009765536871925606e-01,5.639845657375112953e-02,1.515725892479326820e-01
7.889169930770447703e-01,9.681868357222503940e-01,3.610286691899644018e-01,6.187380340914627741e-01,3.965691642242136217e-01,7.129612555254722928e-01,1.735356013074254855e-01,1.499405740168503476e-01
8.930408470922207576e-01,9.834477254768495547e-01,1.590585667389091684e-01,6.934686631755717645e-01,3.913747209126731130e-01,8.163685136055636171e-01,2.972190122170420556e-02,1.516755530671600738e-01
9.826052505372118162e-01,8.335003160530951583e-02,3.870686461937659084e-01,1.521501094836003043e-01,5.652133151182923143e-01,9.098438878392866025e-01,6.397034475862002356e-01,1.502193498467414012e-01
9.873571535512769559e-01,6.670484563504581743e-01,2.870125177837007380e-02,5.512065000919590396e-01,4.458464544502471760e-01,4.119159861274970802e-01,8.569141043818347125e-02,1.520063069656061860e-01
9.826654184765448719e-01,2.259917246922950596e-01,7.520944714485050531e-02,4.543087341241298094e-01,4.796103885211278062e-01,6.559907918825367279e-01,3.456480182290724290e-01,1.513207917541389003e-01
7.386990584711758956e-01,9.352940189020435557e-01,4.491383428003872802e-01,6.497389411797718228e-01,3.513628252946828789e-01,8.936699431695970253e-01,1.860161343431651626e-02,1.487768444621964947e-01
9.478269756661203971e-01,8.595717423367119636e-01,1.425883783167595509e-01,5.497775746814430597e-01,4.303702819218349074e-01,6.021123312751812673e-01,2.157543951818023942e-01,1.504292663746261416e-01
9.934065574352930472e-01,4.728061581403334435e-01,3.434908226596977698e-02,4.625206851381928885e-01,4.855311910291275623e-01,3.403964147833405951e-01,1.281759031670371141e-01,1.522164077928615800e-01
9.929205231287170363e-01,9.622742144375454609e-01,1.153831396804775866e-01,5.974928402990175025e-01,3.790309296618453727e-01,9.616049153670266358e-01,5.213772160720892002e-01,1.489765561607646893e-01
9.166201433779215257e-01,1.942504607775064063e-02,6.227105286322313082e-01,4.247705209120489211e-03,5.961551500256494496e-01,9.161378494281826601e-01,1.950614375763303487e-01,1.527087421343925333e-01
9.743400824749721689e-01,1.582162905978307665e-01,4.242879640786225148e-01,9.023541167918447403e-02,5.779311483934518323e-01,5.864465087718295777e-01,1.738031317521242514e-01,1.531141528301330212e-01
9.926119840342140233e-01,6.225327898888689537e-01,3.010443658807632206e-02,5.257384271693678057e-01,4.685103425653557307e-01,4.583198063225028540e-01,5.800602311682757917e-02,1.516438584711264914e-01
7.836428591175913505e-01,8.522197723580819950e-01,3.703542007088883037e-01,6.254679624638656010e-01,3.407087297163173822e-01,9.895606143661821452e-01,1.073623484809591022e-02,1.485363645644774688e-01
9.809690461440749853e-01,2.496213619650795579e-01,5.230902079893744450e-01,5.055136064312210076e-02,5.798962643283070983e-01,9.082309836995157148e-01,1.296044020604142366e-01,1.540639252174657581e-01
9.814577681416605248e-01,6.439886065165648654e-01,2.099296878619127948e-01,4.509652569813922818e-01,4.147042849275470178e-01,9.934133851875690535e-01,1.694577930790326925e-01,1.500044858540378612e-01
9.941022684062958970e-01,4.346019111568182325e-01,4.860515191888875597e-01,1.141770792697845982e-01,5.570616717832815867e-01,9.326358645735025599e-01,1.412694677357558271e-01,1.523106399634406583e-01
9.850418489624537255e-01,2.257265049750112329e-01,5.567082799649955005e-01,1.168796291504237139e-03,6.150285479012879142e-01,8.354398065341760438e-01,3.085293928749441306e-01,1.522251974202809000e-01
9.651384845012905833e-01,9.601205714016790571e-01,3.054595618663362155e-01,4.262574265433132226e-01,4.313479897546073638e-01,9.210392281916531809e-01,2.981602479981676490e-02,1.513451996369134245e-01
9.411636654760584531e-01,1.067276315665289799e-01,3.706561154950525627e-01,2.572094620144276256e-01,5.420535880693483355e-01,9.741248549542096402e-01,8.816433422870188774e-02,1.514688421168642329e-01
9.912556339908126235e-01,2.917387788750238076e-01,3.612968882955124861e-01,1.897623841336858741e-01,4.942146315721711591e-01,9.225826611498295637e-01,1.183581250461893802e-01,1.518906823207914203e-01
9.313638150597945975e-01,9.786228049699684517e-01,3.421417053487292859e-01,4.335748437958037993e-01,3.909920482742794690e-01,8.761824036086561795e-01,2.267936069798037746e-02,1.494336317447345353e-01
9.881979886313152495e-01,1.830691515941462733e-01,1.345888325007865705e-02,5.042184383708645523e-01,4.563320476937529624e-01,6.531167464796570066e-01,2.836635372164527658e-01,1.499768279219317046e-01
9.989279470921237358e-01,8.547827115061952252e-01,4.259652051623985525e-03,6.671092277904335788e-01,3.736135765066589398e-01,7.976912460630639634e-01,2.799431453168387263e-01,1.498163888757924611e-01
9.563915822203771233e-01,8.488557988745204508e-02,3.242208487430014996e-01,2.048334414025556882e-01,5.003351750404225751e-01,7.340488147525354723e-01,1.986048346976168610e-02,1.519114693695921836e-01
9.895793617444651469e-01,4.725241848599670558e-02,1.852228974479557810e-01,2.706998163917322398e-01,5.270057102268030924e-01,5.071808773788584190e-01,2.579699948809517918e-01,1.520863432917623215e-01
9.958525789686452079e-01,1.699506396935102637e-01,2.109076023354543306e-01,2.833796582135578168e-01,5.360750089583096178e-01,6.179285828111544809e-01,1.674261918189376419e-02,1.539039789018658844e-01
9.424508261259815223e-01,1.572673181935423936e-01,1.878536603706186803e-01,3.924162451123053841e-01,4.786184781102083563e-01,7.742618737288601283e-01,1.711618422871603040e-01,1.508249217334118597e-01
9.760118823651895426e-01,6.429718861345190550e-01,1.582567760475606655e-01,4.978518861453056776e-01,4.075433382301614782e-01,8.192054340000918256e-01,2.124723145853420481e-01,1.501550866519251182e-01
9.912691449578122649e-01,5.908829540632576371e-02,4.087487180584993829e-01,8.920609702211729219e-02,5.261945967314981543e-01,9.881465923636216786e-01,1.731587454698322870e-01,1.518362387635510680e-01
7.980067937936972111e-01,9.391446536046483828e-01,3.857079178876484660e-01,6.248481425746469364e-01,3.866559859180254133e-01,9.685159536418722626e-01,8.181904510712996459e-02,1.504281966271380777e-01
8.047516654396713598e-01,9.516587779159515481e-01,2.542317665179284480e-01,7.445993198415521430e-01,3.490706227705563380e-01,9.235650434608164705e-01,1.415462138294501515e-02,1.507053885292777839e-01
7.981836530260052465e-01,9.811380323782530333e-01,2.501038014126542586e-01,7.030005318263081726e-01,3.740313312529839895e-01,7.134006047849991150e-01,6.605680044004139106e-02,1.494941445530335589e-01
9.080378324663069822e-01,9.795608674547677808e-01,1.648363376541081282e-01,6.763882126293307984e-01,3.540166741632838621e-01,9.517967686217013723e-01,2.878094709406503471e-02,1.482327298588766162e-01
6.507528015075950689e-01,7.841154228969616780e-01,5.581738693254506556e-01,5.741898312609610144e-01,4.269322300376677815e-01,3.290940729073040805e-01,4.905530192783646992e-02,1.497061330367423782e-01
9.957734431667049080e-01,4.056310297363981965e-01,4.459452444956630290e-01,1.419449739884157680e-01,5.157301131677213268e-01,9.205238578706771424e-01,4.002595748964392630e-01,1.503481895681692271e-01
9.939359356983891169e-01,4.208056685889769444e-01,1.795486057085743103e-01,4.041682805178321569e-01,4.651438126447055010e-01,8.152448158823858426e-01,3.633922725588073499e-02,1.503211634509410699e-01
9.242334539070129473e-01,1.066898576338590754e-01,5.286745997464434854e-01,1.095705161797563276e-01,5.698724371266092881e-01,8.782692468494472937e-01,1.496012547010742710e-01,1.530678189466282701e-01
9.782866364957496508e-01,6.222624117237710584e-01,2.230379765530854097e-01,4.014178869856202536e-01,4.488748056309949108e-01,7.360599778449765651e-01,2.700664403019442661e-01,1.502071007748008169e-01
7.289942442857882954e-01,7.620020064298185236e-01,5.394760894611089208e-01,5.713901861095245227e-01,4.007103146432875462e-01,9.918251772436925684e-01,1.092181466700949122e-01,1.490579167955941864e-01
9.976780738373535184e-01,5.683679653564499556e-01,1.933451969531299608e-01,4.074159558878271414e-01,4.845707246586317685e-01,8.164483157420068249e-01,1.291822784162310056e-01,1.514939017394417720e-01
6.450785230228417433e-01,7.317898689211398411e-01,5.253499407583012148e-01,5.710309923611510685e-01,4.478115901937604892e-01,1.325611724065541841e-01,4.734461059772682168e-03,1.494733783040279873e-01
9.946275954484837811e-01,9.893516793378471785e-01,1.479075374589526315e-01,4.680739589132624223e-01,4.127867304653914382e-01,4.683560846809079470e-01,1.849367758617029567e-01,1.503750113775574881e-01
9.879642023332793066e-01,2.189814350511922747e-01,2.161965626191289513e-01,3.331337201614762433e-01,4.815050113603637771e-01,7.991648385964664758e-01,3.469110211405600497e-01,1.501339116919121475e-01
9.643139009937998773e-01,1.316749706127203212e-01,5.118204033910966899e-01,4.910682110447900373e-02,6.059245700067323881e-01,7.740082617307163515e-01,1.549944515243783516e-01,1.532705322515519331e-01
9.761291779696357196e-01,6.970355626514995739e-01,5.537843438891781878e-01,1.383542011761528245e-01,5.169978232148740860e-01,9.292906831900362707e-01,4.247538949830576005e-02,1.523271939076837334e-01
9.832874578058409254e-01,8.918420199607872689e-01,1.783514814551439009e-01,4.795897338712881153e-01,4.006790970258541362e-01,7.605975858109786936e-01,1.574042433186874368e-01,1.508307548110101037e-01
9.597672907846056534e-01,7.040825857678665312e-01,4.089650386821432337e-01,3.117812379363164577e-01,4.500107264750659586e-01,9.900127421685864793e-01,2.951219674948490912e-02,1.511154621651650543e-01
9.952203141925632934e-01,7.225475563163130666e-02,1.071769055003047866e-01,3.807079448694916657e-01,5.029916202976696393e-01,6.977479101925289084e-01,7.162254546491959584e-01,1.500753365145477969e-01
7.911729011485858498e-01,8.635003468448667618e-01,3.694179709501936859e-01,5.667671745098087355e-01,3.765693588441976769e-01,7.612720820680656253e-01,6.673601082576863242e-04,1.494907554274655104e-01
9.737253707453398244e-01,1.380567128961784906e-02,3.367814739623058995e-01,2.152924675777836416e-01,5.635383217968434888e-01,9.246963097179095037e-01,1.520079674328592423e-01,1.531073344795573776e-01
7.565536599071023272e-01,9.940578653161040723e-01,4.022146320108982986e-01,6.376724110451277294e-01,3.572815484926299412e-01,7.562833286682044687e-01,6.027607713308093251e-02,1.486247506332112889e-01
9.923708428906097279e-01,9.244191450428818069e-01,1.791620239279907711e-01,5.243485575797794951e-01,4.272728666041423207e-01,9.649184282148048908e-01,1.332072689056574832e-01,1.506219537068854697e-01
9.678752720365341178e-01,1.651519811173952634e-01,2.160929152556577137e-01,3.555427339890476213e-01,4.918033457103180850e-01,8.088779590972743350e-01,2.538175024067030883e-01,1.498573163493442661e-01
9.313699812178700688e-01,8.534353068393052411e-01,3.592017978059982575e-01,3.920418123798410370e-01,4.035555195381088645e-01,9.007905532999243015e-01,1.016130530531573067e-01,1.504251106962763707e-01
9.836285913291018534e-01,1.234400289022244968e-01,3.156045103962606957e-01,2.318026200328478781e-01,5.269654510134600400e-01,9.421212986131983769e-01,3.767138614511628125e-02,1.515246530712793804e-01
8.357129468636943503e-01,9.953801228493515119e-01,2.694953030258397386e-01,6.182453048351554958e-01,4.043767224941843264e-01,6.085254454359818599e-01,1.312239833697805003e-01,1.497902779138172158e-01
7.869263228899836538e-01,7.276371811647930343e-01,4.370863711788660066e-01,5.346621952895147523e-01,3.867386919771123588e-01,9.433889849922639792e-01,1.549433761150167954e-02,1.505918770677335816e-01
8.336627443162297757e-01,7.274874570409630703e-01,4.470146838782596554e-01,4.508233150704242242e-01,4.176605438552151162e-01,9.134396066891068422e-01,6.987882103402673351e-02,1.507994187009111808e-01
9.329280335711007677e-01,7.053681585688202915e-01,2.055546863431155780e-01,4.806365574426606502e-01,4.375141790713844570e-01,6.510260585685764267e-01,1.531021960909455526e-01,1.508214365780809474e-01
9.230803010267661923e-01,6.398812571668903715e-01,7.467186578593315582e-02,6.409202596214863545e-01,3.970212547375768786e-01,7.414926497265528216e-01,1.875380385903469282e-01,1.501897996260434243e-01
9.132718352597496425e-01,9.172842332470161342e-01,1.332047996020575276e-01,6.854311482723524085e-01,3.373140931601945058e-01,9.446073952908838889e-01,1.172298733052949404e-01,1.491358186719637380e-01
9.662317765770332967e-01,1.164326340594473708e-01,3.290542299593592346e-01,2.449553507439241329e-01,5.317593033203251718e-01,9.825365039262248246e-01,2.538563891098272185e-03,1.518628257895512090e-01
9.810776981052549139e-01,8.635126175127160186e-01,1.386463544559644601e-01,5.194635523789133957e-01,4.249722421228653846e-01,7.448428881936441925e-01,2.358952767800413519e-01,1.500849998042912692e-01
9.951314708506966422e-01,5.590110734886410970e-02,4.263054268244089173e-01,5.178124249822918523e-02,5.664944575487388390e-01,8.820086491601712986e-01,4.241418202676857652e-01,1.503834904257887739e-01
9.893572971446592534e-01,6.961344170589830460e-01,1.934484367058573739e-01,4.765521446400992622e-01,4.477251331609012341e-01,9.473651320637599405e-01,2.521331145463825973e-01,1.507680586734519157e-01
9.942289328706570561e-01,9.721260831562958948e-01,1.451492342639520428e-01,4.621301541715986394e-01,4.357088241322980005e-01,4.847961082408105971e-01,3.436949235507054667e-01,1.515482922612936267e-01
9.608476139089439094e-01,7.030251505685055635e-01,6.665711876544494485e-02,5.835991402505310566e-01,4.051532507697948038e-01,6.957590746148533123e-01,9.021074540378792861e-02,1.514982816556833811e-01
8.096062356702370399e-01,7.026483559553988734e-01,2.297843576237856844e-01,6.273136984028211405e-01,3.834152665292400730e-01,6.419458055102136296e-01,8.698737598856477737e-02,1.492306732637471989e-01
8.458301413268252134e-01,8.751160277590327441e-01,3.459434746230200530e-01,5.936467379906548159e-01,4.072180598110566319e-01,9.890373465222380700e-01,1.769545188846624595e-02,1.496850242512095808e-01
9.485096255342791993e-01,9.995581942781421869e-01,1.211237105364658118e-01,5.424980903013408851e-01,3.988777477968717955e-01,4.794199032815600336e-01,3.288396292547334232e-01,1.504745533260827273e-01
9.884270717621485014e-01,3.209666989470434939e-01,1.577871124467964681e-01,4.044110306989173731e-01,4.928958199681581220e-01,6.583594251933847508e-01,1.388716456184162784e-01,1.508923678113502365e-01
9.826433258712071739e-01,1.008362440195773591e-01,4.703807055034261442e-01,7.618712043686276525e-02,5.116660571117760403e-01,9.682046283132269560e-01,2.164249108321985582e-01,1.511317401688552220e-01
8.186453951287744335e-01,8.077700407476676725e-01,4.037195767407358304e-01,5.327723359501607137e-01,3.743108694773076839e-01,9.906611250481638375e-01,7.797889811468983190e-02,1.489732703342113163e-01
9.784580746246962502e-01,7.006215373770705579e-01,1.293627222692903811e-01,4.841425182007381145e-01,4.589878084039926698e-01,6.150406189268474710e-01,5.250306300819983230e-02,1.518954053902900614e-01
9.465800489392335315e-01,1.047989948813554673e-02,4.966875116805861134e-01,5.787537128778330597e-02,5.625673420039860595e-01,7.926721825267125654e-01,2.430314565204967359e-01,1.516241134734219176e-01
9.133119183541846819e-01,9.503676699557294105e-01,1.824615403657119383e-01,5.472107351931121411e-01,4.042493960892697968e-01,5.623815094691505534e-01,2.375327130555365263e-01,1.508678189349027809e-01
9.992767214076105908e-01,8.185499944772214320e-01,8.611444182168781492e-02,4.342631138822830583e-01,4.580291671776972606e-01,1.837196016572888446e-01,1.030700548569267599e-01,1.519009883617213619e-01
9.870910008241084999e-01,2.534439774161922898e-02,4.947133015022220914e-01,1.444373125714615291e-02,5.745028644552970798e-01,7.914851636773420074e-01,4.483311810782101281e-01,1.510361279434240533e-01
6.425879969768887312e-01,9.407265410120817517e-01,7.295043707526124299e-01,4.979717507374662455e-01,4.156175331620405866e-01,9.961173797071221081e-02,3.075096536889226906e-03,1.495616472274696185e-01
9.521913355527735767e-01,9.849728414247296282e-01,1.129439309194181507e-01,5.694516707786472232e-01,4.358726689208612393e-01,4.931562595903424828e-01,9.880659387262061277e-02,1.519333889732690790e-01
9.407826881531198282e-01,9.861119139104932430e-01,2.376162311950318629e-01,5.795381373852894757e-01,3.891166384156828362e-01,9.921165878808900773e-01,1.167900213426771305e-01,1.515739682441532843e-01
9.972578646498465593e-01,1.815170512111053958e-01,4.435492798111706492e-02,4.129336274485143066e-01,5.074760248093215242e-01,4.307369665644831258e-01,9.743782618457934308e-02,1.521018139864772911e-01
9.963654441075758816e-01,8.770676162577716317e-01,1.007990057580486765e-01,4.833157235383696571e-01,4.504463049414271780e-01,4.820721754240752666e-01,2.618206545300391652e-02,1.515228408110695368e-01
8.107473971816745451e-01,9.800409711742380514e-01,3.372979320764449840e-01,6.417303086572458959e-01,3.632908110382437883e-01,9.149157852976952388e-01,2.544979343521684978e-01,1.502254371241864561e-01
9.626901651100323587e-01,8.348106804507371415e-03,4.363202007216330780e-01,9.464037906345218465e-02,5.193888928442079722e-01,8.967145475084917772e-01,9.227915779128188778e-02,1.519483830668044433e-01
9.579718686270715100e-01,8.438006417641927825e-01,6.017154377089856121e-02,5.928070174239574719e-01,4.017878479439261907e-01,5.613659961078191207e-01,3.046624585839968757e-01,1.498268866936642296e-01
9.983928058417848028e-01,1.916826374031700975e-01,5.162689494554131286e-01,3.565476625627300722e-02,5.669858015298466780e-01,8.931685951336655327e-01,4.758569701271732066e-01,1.506107259461344494e-01
9.873504332691367402e-01,6.311657868309410446e-01,5.140305770634997495e-01,1.277248216023537108e-01,5.068792665790367025e-01,8.638587480470022451e-01,1.081385458625926110e-01,1.519371022135315441e-01
8.045237629446656547e-01,8.888268657811229101e-01,3.522825818898571715e-01,5.858419292004634071e-01,3.730622936322894878e-01,7.873010807702672809e-01,5.238100686324913269e-02,1.504965736250931663e-01
8.663056925902575811e-01,9.925541529601251689e-01,2.145918783957573850e-01,6.186134226093963351e-01,3.990599228286309530e-01,6.586414325661222868e-01,1.027286384580206602e-01,1.502998108817360789e-01
9.967453116302209537e-01,5.216268760559537032e-01,1.200762005208848016e-01,4.766256260464917238e-01,4.655585606602167248e-01,7.458532963672537264e-01,3.117249062893598932e-01,1.501478313583195223e-01
7.944942235408467557e-01,9.102994241789956753e-01,2.984716105998051483e-01,7.294961890995763643e-01,3.464410619260650526e-01,9.813808573959830195e-01,8.001999587258201707e-02,1.492513276263295607e-01
9.750371759090574741e-01,2.787654255445147777e-01,4.844302770633934219e-01,9.258257456254803675e-02,5.486127716130505538e-01,8.603078844275471315e-01,3.777941096665533571e-01,1.507440927585967649e-01
6.433855064891023101e-01,8.894288103918429611e-01,7.272879862016186081e-01,6.138389355388002011e-01,3.978193051828152749e-01,9.962022668526693270e-01,8.633004587808634778e-03,1.491105137755902865e-01
7.383880630725219163e-01,8.981852543157851088e-01,4.080913677792253891e-01,6.729444463124583109e-01,3.445827975091905193e-01,9.325621922999088875e-01,6.763258372046257461e-02,1.483511095189945506e-01
9.946776188585488843e-01,1.144126520317291229e-01,1.920710565400375880e-01,3.566842679778657321e-01,4.869108445029378118e-01,8.806437286222494887e-01,3.676999881339949594e-01,1.501665928712738740e-01
9.106259802761580424e-01,7.765322292429526208e-01,1.518916007510596189e-01,5.711123264786837073e-01,4.013897643446491248e-01,6.473386690834086465e-01,7.944622312150577403e-02,1.496569185401326885e-01
7.468278310632461281e-01,8.801676829146907188e-01,5.957015456261822717e-01,4.854192489076528672e-01,3.755266331381572620e-01,9.719870101649403793e-01,4.021479906792652104e-02,1.495327986681635191e-01
9.434486331292153416e-01,9.905387893434751678e-01,1.330725137747600373e-01,6.568278675986538584e-01,3.690882067884942441e-01,9.412292709514857858e-01,1.793711436600790854e-01,1.481726300843344557e-01
7.966842849349349276e-01,8.385382980796104446e-01,4.661857933136165366e-01,5.193260100308566551e-01,4.031333137063931593e-01,9.031443697168921592e-01,4.613252492344427358e-03,1.502323802083044835e-01
9.774284812410343193e-01,2.576482297267335131e-02,2.784490303677653600e-01,2.031053225280049224e-01,5.458477665861133366e-01,6.981373834668286316e-01,1.397621113923022129e-01,1.520746838130858369e-01
8.997594789281013750e-01,9.159316124561008854e-01,3.949133430442721693e-01,4.430922887374645347e-01,3.957252445630486393e-01,9.421060499448987713e-01,1.387729995691158735e-02,1.502689301886457884e-01
9.648427246632858001e-01,7.063217292438928041e-02,3.356144534178553962e-01,2.085719993919944448e-01,5.616661143191630234e-01,7.528436103534864587e-01,3.042245364223199466e-01,1.523248526653413759e-01
9.774554852653815074e-01,9.832909132429201726e-02,3.549972906788793625e-01,1.697690082696527991e-01,5.591880467813541422e-01,8.234126113943810443e-01,1.968160491084170183e-01,1.528559526724496132e-01
9.981468911038641201e-01,9.370892276711195734e-02,3.213741769757053612e-01,1.715185392286298072e-01,5.378771930807733082e-01,7.733521487459156241e-01,1.233319347634754815e-01,1.522148601974553372e-01
8.362938497028570284e-01,8.915474915230410247e-01,3.231745494118788420e-01,5.648541396816166849e-01,3.583254624862959870e-01,8.370170376519207034e-01,1.306933255096313085e-01,1.492024241498708936e-01
9.986480746289446708e-01,1.190207579311153285e-02,3.819591027813453721e-01,1.201875657543899911e-01,5.544994382361079222e-01,9.048998436905439924e-01,3.787450252351313718e-01,1.514232596110098861e-01
9.730175608127856757e-01,9.166200001851085855e-01,1.629586695518892014e-02,6.088504912925387647e-01,3.861356256262815645e-01,4.492032457945974167e-01,9.809580639008368130e-02,1.508818139772598599e-01
9.895855444526598932e-01,6.112827233008950589e-01,3.213574933690526714e-01,2.651812184767363134e-01,4.734603245257952842e-01,7.283303763926604057e-01,1.165402944546411190e-01,1.521362209231717777e-01
9.832863110671429263e-01,9.798179737090655372e-01,8.393167249202174163e-02,5.273146991280553975e-01,3.855613845216436797e-01,4.949626021631918782e-01,5.443325286154904186e-03,1.512376707359397721e-01
9.962349748118493054e-01,8.121290285850576440e-01,1.343255339350675759e-01,5.191984735478376578e-01,4.336461146133764322e-01,7.615328918929411550e-01,8.039421347264691375e-02,1.517807520529802501e-01
9.983528563959955804e-01,1.664385012171198941e-01,4.674164024424827257e-01,4.643822079214032783e-02,5.845452068794276812e-01,8.950449725526115063e-01,2.344402235662038647e-01,1.530396452383640249e-01
8.430499567617225631e-01,7.418702489326940430e-01,2.411819116766296678e-01,6.310504050380909558e-01,3.856386684164423984e-01,8.911738797475970975e-01,8.235070284893257486e-02,1.491321942661300026e-01
9.620312406864915955e-01,9.886246990008364932e-01,9.050874769419675614e-02,5.997689742581991945e-01,3.695809342803211273e-01,7.340227292819530014e-01,2.601696643941093789e-01,1.497962781745467153e-01
8.754612111562398713e-01,9.549493656125606078e-01,1.742402257557409406e-01,6.135446628205110109e-01,4.131749867853417579e-01,5.299716903147296820e-01,1.305229399237643473e-01,1.505802170447454458e-01
9.761528073674843320e-01,3.264205022523417599e-01,3.632098250936557915e-01,1.921831351190975701e-01,5.007964646828699795e-01,7.007789186011180727e-01,7.248912858751063726e-02,1.514845947151662320e-01
7.913373680529204313e-01,9.861336579622541620e-01,3.711192845647622307e-01,5.774821327515042846e-01,3.861307221931204459e-01,5.737242688413711766e-01,7.955997641302776924e-02,1.499829777137110798e-01
7.941181849367475731e-01,8.531474059930693743e-01,1.962130039799815373e-01,6.856542967566094937e-01,3.893206809268762170e-01,4.932662656273902879e-01,2.803733687057596846e-02,1.500007556369056805e-01
9.845301954635437003e-01,9.362139353461162994e-01,1.385687081888092309e-01,5.902964813143091183e-01,4.167973523112740719e-01,9.536494020766868029e-01,3.566817255301870104e-01,1.496769967451571370e-01
9.325437914002985273e-01,9.568701047545034033e-01,2.173181225615798406e-01,5.567491584938650817e-01,3.944701895428111560e-01,7.645174857517373912e-01,2.640265812124221734e-01,1.498724128675046063e-01
9.606035585856703696e-01,3.759135871832608444e-01,2.911421470678799417e-01,3.237292878270591201e-01,4.645719567005587858e-01,8.823536479797631227e-01,6.188014770194115444e-02,1.510970857559212621e-01
8.981088149534484089e-01,8.876175445717907619e-01,2.086730245077936530e-01,6.178913546509768873e-01,4.007587949738992128e-01,8.839004474294731573e-01,1.148745916392595323e-01,1.510349336614904281e-01
9.736838744612841268e-01,4.900893182392483949e-01,1.699603788615454136e-01,4.751365552314185114e-01,4.580877581269142129e-01,8.573998926021626499e-01,5.673757559557586483e-02,1.501540258822223750e-01
9.995818606773587689e-01,3.280057639414826753e-01,2.087185751624288654e-01,3.426561239702297645e-01,4.612693574739519797e-01,8.876497620599521632e-01,4.188574366465941390e-03,1.505573455620182466e-01
7.619852441516428154e-01,9.176422339194417743e-01,4.807759521141970471e-01,4.740456132436152159e-01,4.253471364628704787e-01,3.870688666476078121e-01,4.685925532465273768e-03,1.510601199885453216e-01
9.661099158704320455e-01,1.259301592805007197e-01,3.083720775477029052e-01,2.607507149214575159e-01,5.254604097095387782e-01,8.582850257680122441e-01,2.338679476852378314e-01,1.510774959409941220e-01
9.362114765557526530e-01,8.703103434621114465e-01,1.623655770541694854e-01,5.520845170318608996e-01,4.197220529951105061e-01,6.715318058129201573e-01,1.425846353194555327e-01,1.517558853268206609e-01
9.415392168254984595e-01,3.098174130196662546e-02,3.513144484797195988e-01,2.419709360483063842e-01,5.219784256227042452e-01,8.987484770142186719e-01,2.301711642301117466e-01,1.506503413295873506e-01
9.921334051225048078e-01,9.236514801759444504e-01,1.259177123184106739e-01,5.403177497579453314e-01,4.369609924609696439e-01,6.837189571778728991e-01,4.164396001172472606e-02,1.510259786077611521e-01
9.751008286983368079e-01,6.643430494357155380e-01,1.721757352655115259e-01,4.710804682756882800e-01,4.275027374902009569e-01,7.769034999930046759e-01,2.899927286939545379e-01,1.493872800279965329e-01
9.975737835636948603e-01,8.030263356227178573e-01,5.598062037902138410e-01,1.235262137062597687e-01,5.084209502166416872e-01,9.577133437246486691e-01,1.367892770389851909e-01,1.513670750002197030e-01
9.657663301937779998e-01,9.171792609499421767e-01,5.228742619415627235e-02,6.189147515323418780e-01,3.998124881998348923e-01,5.726734702619600270e-01,4.971467394583984900e-01,1.501480684144786415e-01
9.697249836914108023e-01,7.078850550353766868e-01,2.618274904852295193e-01,4.399190662894296167e-01,4.325425435813205488e-01,9.422248287077100715e-01,1.372313647572464546e-01,1.507337870652105116e-01
7.346903213416624556e-01,9.383394371246120969e-01,3.599540693730657326e-01,6.411322228181530747e-01,3.917475477845269172e-01,4.609715151460148652e-01,1.316587723610015970e-02,1.490072810135217862e-01
9.393064965445093728e-01,3.295968921470721069e-01,6.165302352286026188e-01,3.682415506011238460e-02,5.704664070184453095e-01,9.108317088218540469e-01,1.239061729233576770e-01,1.526480871740298617e-01
8.680479535112167744e-01,9.556172813480856565e-01,1.388865049377805139e-01,7.624450634660353554e-01,3.371925857213268207e-01,9.595054623446912512e-01,3.969556352595077220e-03,1.500934960695057552e-01
9.922792605847930991e-01,7.781581208034982211e-02,4.599764435804308271e-01,4.517217401854606296e-02,5.624366731905481309e-01,8.895886361893857730e-01,1.664466746112347462e-02,1.524550417282994896e-01
9.797780729617017181e-01,2.353840649559042486e-01,2.997553221022382641e-01,2.573746969933787820e-01,5.212325197920411046e-01,7.223401460511316152e-01,2.153705478342987090e-01,1.520864611188025017e-01
8.106475588610153604e-01,8.957474542966481490e-01,2.842357018253650613e-01,5.941723315824956053e-01,3.855407918386571930e-01,5.282755848337999938e-01,1.155824336320027124e-02,1.491604082883286331e-01
7.488046408412982746e-01,9.233259958770994036e-01,3.483663348043055108e-01,6.798114758079052411e-01,3.828605856702252952e-01,6.622068119500358341e-01,8.049586692505267260e-02,1.503288021987192469e-01
9.870088240668213331e-01,7.136160021273826315e-01,2.604160923943071859e-02,5.878316844166390220e-01,4.106146573845711467e-01,5.620765470366463346e-01,4.556012731529153481e-02,1.497334062574316726e-01
9.958875955408424963e-01,4.899520414427731563e-01,3.610820980611149089e-01,2.480550142921121859e-01,4.876423724808325311e-01,9.125755150349853517e-01,4.830839549823025270e-02,1.503832246947615914e-01
9.452610520465196675e-01,7.495720973017875322e-01,2.155227175306193010e-01,4.854422911303905575e-01,4.518044349824296146e-01,7.433348234023673395e-01,8.055626733948606510e-02,1.506406020678639213e-01
8.074381165144960404e-01,8.580578279979498291e-01,4.104980520093043372e-01,5.323949121931674799e-01,3.969666841350674713e-01,8.880180598395980285e-01,7.800893631704088060e-02,1.493134142464290492e-01
9.782201234238599996e-01,4.595401020774369516e-01,1.264358010894208184e-01,4.699478337898933544e-01,4.344210402487723166e-01,7.668251628837758904e-01,1.931551082331277869e-01,1.494609644569546703e-01
9.868876906294942186e-01,2.015653313644391043e-01,8.596623625431076832e-02,4.302529619795782412e-01,4.635503059528747749e-01,6.423159153535596966e-01,1.032957552414768554e-01,1.517838423082966681e-01
7.476006980687159853e-01,9.051677631249095413e-01,4.529593074095793481e-01,6.010296846501428369e-01,4.027217653506937611e-01,8.153574246329031716e-01,5.657702277884969766e-02,1.504186234285050106e-01
9.609534775348975710e-01,6.782844396265499398e-01,1.168508874202671133e-01,4.904792826698889385e-01,4.633904131137952520e-01,4.355340250019191783e-01,1.302084981266808106e-01,1.518091286241440019e-01
9.339112291962174961e-01,7.341291026695340172e-01,2.670018525476884341e-01,4.353139254975502137e-01,4.319563196207663047e-01,7.843808499290212399e-01,1.378596273275463358e-01,1.502937866777289966e-01
8.876791458682565805e-01,8.827429216257400846e-01,3.276936884828375307e-01,4.823499785840619780e-01,4.153246839949024105e-01,8.800343181402241477e-01,7.097371151473852446e-03,1.512773812236876680e-01
8.106385821048120999e-01,8.584237433357275737e-01,3.730073488209768584e-01,5.254167960424542816e-01,3.864852608840581571e-01,6.881273733538431081e-01,4.124260668044218980e-02,1.501348802434806506e-01
9.902747631628588953e-01,1.664128823163652515e-01,1.413686952987348311e-01,3.898595918952628137e-01,4.861192017096648832e-01,7.300534189988873157e-01,2.699572212076589151e-01,1.500803009028359725e-01
9.123826867121695994e-01,1.069733870667914366e-01,6.454341457937466942e-01,4.346932874684134029e-02,5.802792464493116142e-01,9.844540552628027186e-01,1.822691862086575076e-01,1.522398363328535675e-01
9.541865493455797820e-01,2.277448072553301950e-01,4.775180275692164633e-01,1.088747740047660284e-01,5.138654471633432586e-01,8.015001334160682944e-01,5.490302698094011447e-02,1.513970135136966655e-01
9.320935068511019272e-01,5.942000106370315393e-02,2.102077398518384377e-01,3.814926447879887217e-01,4.758937285223039937e-01,7.926326527848467363e-01,1.327397832617139006e-01,1.509023691857583060e-01
9.901548870936651703e-01,9.585479467920992036e-01,1.350102828579081149e-01,6.141266545122682219e-01,3.930425165878915772e-01,9.497450613602078651e-01,2.430928561475804162e-01,1.500269396965919488e-01
8.316760155813667232e-01,8.679572076341480757e-01,2.071672307758424258e-01,7.083960420596605578e-01,3.687412404215164585e-01,8.345322824152124896e-01,4.108302335826606588e-02,1.493809313112147985e-01
9.062584755157375715e-01,5.755868056646329389e-02,5.864454165945205411e-01,4.730880164443196367e-02,5.708347275049375780e-01,7.674716008060941119e-01,1.092841048146630384e-01,1.521552932588565166e-01
9.687248345029622065e-01,1.420402329443619660e-01,4.124373579606704920e-01,1.214240159626114313e-01,5.465715765393526215e-01,8.351871716689267533e-01,1.002998644152884589e-01,1.533441170577283519e-01
9.649886455160205934e-01,4.479293746924684072e-02,4.927044740852650762e-01,3.159012336004440868e-02,5.604457694433592208e-01,8.135660815667433710e-01,7.834880159875434735e-04,1.522638391536766944e-01
9.523243934720526660e-01,9.821078995591057126e-01,2.024658281515344105e-01,5.731827490305932971e-01,4.271589534954561840e-01,8.790508600428046382e-01,1.735222431858998715e-02,1.515752557931919764e-01
9.978962625787333174e-01,9.038788358965759162e-01,2.065567352981290128e-02,6.274872905830175540e-01,3.894405827749890525e-01,6.597460472226190920e-01,6.348306178072055106e-01,1.482981709496151157e-01
9.760232287475809621e-01,6.779292011058015710e-01,1.370365623184973403e-01,4.919802720009057162e-01,4.212999187317254535e-01,7.339938278831723562e-01,1.221034975662708133e-01,1.512231838287576013e-01
6.543365711643192029e-01,9.279124947892021247e-01,5.327190299246293836e-01,6.529919858049555437e-01,3.592335906950426816e-01,5.642036192966186636e-01,1.195747556131387945e-04,1.490852507530336934e-01
9.807317885015915948e-01,2.476176428945722763e-01,4.747996598591813777e-01,8.325047445711608596e-02,5.358519127461440767e-01,9.538761231664059093e-01,3.101612943085810814e-01,1.512806724533663771e-01
9.622890780466046845e-01,3.208166679412348676e-01,4.839071976959556931e-01,1.350244860964744387e-01,5.063359978248307414e-01,9.975469591532650782e-01,7.752346214047757533e-02,1.521163560149280392e-01
8.418392123909123059e-01,9.461259265620343140e-01,2.434045557188160291e-01,6.534789442027373330e-01,4.007082079798117702e-01,7.491432577529353321e-01,1.096192182543696408e-01,1.512881618905988212e-01
9.393995811960789144e-01,9.135858842991655404e-01,1.044435553409990558e-01,6.204506226739142649e-01,3.799312615467132503e-01,6.587706366171081074e-01,1.704662939270122912e-01,1.504982292084329765e-01
8.091784085008838501e-01,9.387135481128821013e-01,4.923681373872938472e-01,5.104592092742304965e-01,3.999976938708658114e-01,9.838516874947103030e-01,2.175486287237556604e-01,1.491410323212465083e-01
9.539076051513638577e-01,9.020311486290777392e-02,2.697923867478274618e-01,2.911800125849191012e-01,5.376524689391442013e-01,7.325957017163846619e-01,4.220088630255179607e-02,1.530492994882175772e-01
9.512259569616065003e-01,3.891787217662823206e-02,3.040450463824304617e-01,2.856708164397604444e-01,4.929508746822378051e-01,9.530887117295709920e-01,1.881949654027266772e-01,1.515033086552019514e-01
9.986936472842233847e-01,1.359721409705621498e-01,4.989908094792748772e-01,6.859876498458816751e-03,5.462691773236234560e-01,8.024936313350495842e-01,2.383642410999637362e-01,1.520020493320256849e-01
7.883714339331489018e-01,9.788786943300393784e-01,3.365464797762959814e-01,6.240328298691411035e-01,3.919786476893042382e-01,7.008535344710056236e-01,2.995718073405312376e-02,1.510616725340342137e-01
9.843914662806345639e-01,9.318323767093344978e-01,8.718887198492633606e-02,6.543005473407401684e-01,3.670629028195884214e-01,9.719917702579932151e-01,4.070691605808045566e-01,1.493867517818363577e-01
9.668132418695835062e-01,4.339523874616533217e-01,6.250562621249670103e-01,2.530145345165302206e-02,5.728089690467164097e-01,9.652875846159683082e-01,2.420449707117053872e-01,1.514641662355870610e-01
9.927783401597447543e-01,3.048710466442987044e-01,5.088229488693372105e-01,1.021555895350195753e-02,5.781490729540594842e-01,6.912087498635379745e-01,3.793310917476058752e-02,1.537897209984536995e-01
9.821715549677190182e-01,3.567268601397748373e-01,5.847928154654761235e-01,1.192022709352147380e-03,5.671971279262435495e-01,9.539264253667962823e-01,9.797426105452700096e-03,1.516854529505314020e-01
9.882244290163860745e-01,1.807979350747569991e-01,2.258948556798769658e-01,2.937717502202368269e-01,5.267569798512858892e-01,7.038109158636505214e-01,1.709914402638669784e-01,1.514824677849922197e-01
9.615830853069358142e-01,9.333950457872736139e-01,1.351503839084368108e-01,6.477955186788918462e-01,4.174354097714191303e-01,9.571253393478876825e-01,1.715047122152681958e-01,1.500025113430185075e-01
9.938038779778846088e-01,3.308667279914256354e-01,4.332080770252494384e-02,4.808978834283751391e-01,4.626288423853722742e-01,5.243477306149775252e-01,1.014670438461942603e-02,1.510917543951813269e-01
9.568899662231573622e-01,9.980742199392650393e-01,1.267268014496191753e-01,6.467441663901172255e-01,3.963426697865479187e-01,8.533520715822267011e-01,3.669398004675615832e-01,1.493452462765935129e-01
7.907650863942183861e-01,9.164565927669526824e-01,2.588277337780769960e-01,6.374006898326720627e-01,4.050379658649142511e-01,4.430230711268048349e-01,9.868948563335028235e-02,1.508472432568294386e-01
8.608018958836849421e-01,7.615315476594313182e-01,2.595345418674339655e-01,5.195532141697052353e-01,4.290126790217342889e-01,5.379094018514900544e-01,1.628592439125353675e-02,1.513691623973812961e-01
9.732331872605175516e-01,2.473142316656692374e-01,4.924098963274142760e-01,1.167680631374853339e-01,5.288001043175791782e-01,9.928196693275669338e-01,2.650644661789737233e-01,1.518528296671511069e-01
8.881616212274422439e-01,7.379530352970505858e-01,2.645855876852851174e-01,5.117968969153992020e-01,4.061117764378053274e-01,8.681146289558389073e-01,8.374133470519323774e-03,1.504960165081509482e-01
9.819237763086433590e-01,9.350349735443652666e-01,1.254167167945953176e-01,5.696080330803467984e-01,3.820485105313947138e-01,9.211636781855750966e-01,5.488460970611071243e-02,1.514342456529779724e-01
9.413732261630962661e-01,8.324845077150963002e-01,1.315003329624638562e-01,6.388639445077743950e-01,3.783767512580806791e-01,8.901978906797831659e-01,2.077675643630805258e-01,1.490905008377238494e-01
9.986508585048474718e-01,7.437525883754013689e-01,3.636852742578996489e-01,2.105035690469306553e-01,4.997132272071268533e-01,5.772811995821609532e-01,3.823541973326581578e-02,1.530181238587983161e-01
9.997963795814800436e-01,2.077602310454385037e-02,2.412360272752010204e-01,2.087920005375586419e-01,5.543804039308890541e-01,6.600364655576219652e-01,6.457631847477655063e-01,1.505584324134306429e-01
9.715419306008029610e-01,5.658212708014006553e-01,8.359868897392663811e-02,5.406779622413431241e-01,4.277295445083617587e-01,7.377611021300781724e-01,1.512423290810145649e-01,1.506405353402449077e-01
9.582300220494939236e-01,6.510386443945281876e-02,4.506279890833053692e-01,7.506603344922713195e-02,5.393293668984885381e-01,7.783723387270850003e-01,5.417933017206812141e-02,1.529719283833680110e-01
7.893712484062700430e-01,8.779369878715082010e-01,2.955977859932258922e-01,6.527312200139223641e-01,3.743754718749313648e-01,7.132416222787297810e-01,6.109484217271143880e-02,1.491823761926682201e-01
6.750760005221823068e-01,9.973786648265297039e-01,6.182681886605629895e-01,6.212120593642946886e-01,3.601693439808467123e-01,7.860181361701373826e-01,2.836751041923799010e-02,1.502265862380123274e-01
9.681272193547871829e-01,1.833637875316290744e-01,4.184693284064496255e-01,1.972426973977336739e-01,5.334778135164813806e-01,9.879232291659425513e-01,3.983505691071258514e-01,1.506401946693723681e-01
9.188815373693716149e-01,8.034492351235336116e-01,1.108669166324648125e-01,5.977302917045710373e-01,4.174824139296753334e-01,6.063271769305087489e-01,1.933053268899807831e-01,1.503393223927451672e-01
9.428919567835483129e-01,7.423575645778306420e-01,5.338885600208403970e-02,6.199360182005593245e-01,4.039744615413908835e-01,5.702399454881973417e-01,6.547997713720662971e-02,1.499458852883623072e-01
9.923259682991677488e-01,1.506016886941659583e-01,2.228503483814893715e-01,2.669604276339044846e-01,5.188610839491640814e-01,5.963271536559584529e-01,2.211306503442133642e-01,1.507605658114178349e-01
9.641841720300864393e-01,9.150014957880996391e-01,1.322140064338178655e-01,6.263714124027836005e-01,3.723334605849191181e-01,9.411690813458993832e-01,2.629897990366629745e-01,1.484406350512667838e-01
9.555904089838717086e-01,6.423560114782389530e-02,3.751475995596569302e-01,1.879253479243661040e-01,5.248679486741354427e-01,8.802766017082396255e-01,4.552518496140934845e-01,1.503540914477140278e-01
9.990092784958858330e-01,1.582384491415916306e-01,3.197213069143753916e-01,1.853084539546621112e-01,5.451591980947653182e-01,7.662644062198517014e-01,4.857415118071098936e-01,1.510228250224339430e-01
9.836596765601475223e-01,1.000549636022114441e-01,4.633351666048601825e-01,5.695268028228572810e-02,5.797325558452292027e-01,7.985837036943629341e-01,2.029878667162611228e-01,1.524660423978703161e-01
9.925187957946427497e-01,3.490749673814170784e-01,2.284714878325347920e-01,3.319638097362609397e-01,4.903869078477458565e-01,8.359558618554943088e-01,6.104603139899893172e-02,1.505047831338448272e-01
9.903223743635108933e-01,2.260030405535574660e-01,4.257996880800088424e-01,8.264201900032064341e-02,5.383652062110216852e-01,7.591890421638103348e-01,2.194105395208904019e-01,1.526213385618758744e-01
9.583722378154437838e-01,4.318635821490940385e-01,6.110825132531649828e-01,5.350765812623736739e-02,5.689971610391075796e-01,9.532064826564756732e-01,1.789191776541557144e-01,1.527575617039337308e-01
9.979916782321518465e-01,9.446306309841558946e-01,1.723752182183555803e-01,4.289746757691353385e-01,4.359636769758523656e-01,5.386303514054526786e-01,5.453580136634357534e-02,1.505722401596041315e-01
9.369916511249033464e-01,6.005003026893118712e-02,5.649410809610778683e-01,7.326314786848431293e-02,5.822262023591961988e-01,9.467424259329805247e-01,3.724412322862530322e-02,1.526197531569147281e-01
9.862431089502670112e-01,2.090951400461626419e-01,3.342285897964992203e-01,2.258068450402265503e-01,5.421320390284463109e-01,8.751905708231455527e-01,4.984352664999434912e-02,1.530030249822753041e-01
9.868905783619256189e-01,1.567920904491537648e-02,2.645153694699975411e-01,1.794482424665456155e-01,5.274415861327167443e-01,5.737593725345221385e-01,1.224124967105763295e-01,1.520338591263447336e-01
7.945941973616883480e-01,9.839227062436812776e-01,3.122807033971684576e-01,6.637687260723014182e-01,3.796146803368456446e-01,8.133802675252337355e-01,1.457235851787962999e-01,1.494642172131876445e-01
9.961705416320008055e-01,6.681180872681868887e-02,3.623729215979728524e-01,1.288998951968853279e-01,5.707884034150987329e-01,7.077175654566049134e-01,1.920690615214854513e-01,1.530851790703100512e-01
7.288438190113566417e-01,8.613398151225146737e-01,6.411265194990538596e-01,4.798685060397393509e-01,3.807806782968918835e-01,9.391229931228858296e-01,4.513660086831122742e-02,1.491018683687277691e-01
9.958200091522860786e-01,1.623848731473057638e-01,2.806452435734029249e-01,2.686046775130305209e-01,5.232652784800558843e-01,8.065748642253484091e-01,2.265071560491465075e-01,1.511922043744748922e-01
9.668066239810624296e-01,3.857866244474827955e-02,4.303973956369251952e-01,8.231202404791471139e-02,5.245293048359787047e-01,8.265467560458954477e-01,6.617094403335826991e-02,1.512239586118079016e-01
9.890918919967093270e-01,9.661540349799440097e-01,1.750456556768828498e-01,4.939683644331612222e-01,3.849722200697601182e-01,7.734269514605867091e-01,1.617563267985953346e-01,1.486665063106195062e-01
9.380314997998998594e-01,7.496336177994621375e-01,2.064421506071285606e-01,5.000151783948192374e-01,4.088247677315678397e-01,7.150314070715064751e-01,1.745120552484498988e-01,1.502393182449234255e-01
9.935136464508186327e-01,5.345913760251145286e-01,1.796216123379026641e-01,4.067502796512153518e-01,4.740177429341655979e-01,7.380862244723941368e-01,8.131727904194935297e-02,1.521471021320781603e-01
9.687771247216904191e-01,4.240169552940746822e-01,2.870264506969332219e-01,3.136639228211335340e-01,4.963974570334758751e-01,7.980958675259022250e-01,4.092951087690577250e-02,1.522791755779469014e-01
9.859828138692999788e-01,1.183664736165911391e-01,5.228258869148255661e-01,5.830043878608193175e-03,5.580611967639800275e-01,8.363766242033988663e-01,3.973795363101953471e-01,1.507175139132989339e-01
9.519434142231492091e-01,2.031274678810535139e-02,3.542239717332572591e-01,2.071616054603970525e-01,5.607958638620660352e-01,8.274195879387450381e-01,5.156608983797411616e-02,1.533676115288731268e-01
9.792825363302016806e-01,1.672713929078930017e-01,1.153114501230009525e-01,4.127914558275681545e-01,4.670991867186267132e-01,7.007049519531205473e-01,3.171132814229903341e-01,1.503986477430019619e-01
9.693451369677020812e-01,9.214648757772905263e-01,3.390839917088117605e-02,6.344251624970767001e-01,3.724142687004378671e-01,6.079851672392141415e-01,8.418640322854237246e-02,1.499558002986601524e-01
9.894516310223877564e-01,4.716279789383025500e-01,3.825672124483469050e-01,2.375945197453336599e-01,4.937452652788326124e-01,9.210916739468494319e-01,1.931548486437001388e-02,1.523968474553275831e-01
9.729357632495473363e-01,1.567663713406239334e-01,5.124628403276646482e-01,7.034404366466351366e-02,5.606235913414568950e-01,9.826293340674836507e-01,9.833653510244584617e-02,1.514213649613163626e-01
9.266718075997210091e-01,9.729315928485644527e-01,1.254983285142032001e-01,6.773310440497777307e-01,4.013505424855637882e-01,8.296919494333221401e-01,1.166727719340939773e-01,1.510518052589078786e-01
9.354522979068274902e-01,9.592601493160346493e-01,4.710536751034249958e-02,6.564046712424881358e-01,3.763006849701536205e-01,5.963518830937719617e-01,5.324140664011335622e-02,1.500210434660524117e-01
7.900578540900685676e-01,9.891709995695794344e-01,5.653269911865160813e-01,4.626644335179918022e-01,4.028731805753518191e-01,8.741951036169119948e-01,2.058460114751955727e-01,1.502622177695362438e-01
9.363846805975749588e-01,7.672019711364564953e-01,1.268709024336217572e-01,6.225473666075777013e-01,4.023630794722933834e-01,8.375954082082704977e-01,4.137745779897084031e-02,1.516913827170698059e-01
9.766632042157212812e-01,1.086634961455901216e-02,5.232130373231830278e-01,2.923469792618171859e-02,5.852703623285324674e-01,9.222679373904379974e-01,2.475488642237650971e-01,1.507704160577321983e-01
9.914717597743718525e-01,1.496935413277418747e-01,4.890574143519637040e-01,5.481587456930647750e-02,5.892728221159850843e-01,9.556632299298738475e-01,3.560238792042061395e-02,1.530284607039639477e-01
9.798215926475664084e-01,5.834428487700857868e-01,1.664494790625296039e-01,4.427310347580956096e-01,4.540176624267556194e-01,7.643747025654161753e-01,2.543173731571448659e-01,1.506969254230879351e-01
8.932927176319227502e-01,9.315670691592169428e-01,3.086076067428622505e-01,5.199366378667170663e-01,3.840298046218620365e-01,9.219062703320102248e-01,1.672962487795752462e-01,1.485126499027747682e-01
9.308698638425216831e-01,1.129771476488473092e-01,5.712652917219900317e-01,5.565844411301534844e-02,5.711483306888833766e-01,8.969709188484682461e-01,6.968814526530628384e-02,1.514683410484368442e-01
8.950628672418619036e-01,9.511791863392056179e-01,2.223365350320969935e-01,5.679711338531657772e-01,3.796468130960935494e-01,6.451485389381218516e-01,8.323483012843635453e-03,1.505160225177742672e-01
9.986705626169738448e-01,7.578090344898424924e-03,9.913230732887401420e-02,3.791028891727781791e-01,5.098465061747954330e-01,6.342436331557443907e-01,2.177408323201305007e-01,1.521351277002253310e-01
7.059277342209936412e-01,9.117434737537266631e-01,6.245534078149490576e-01,5.718457899061144545e-01,3.999766315584828980e-01,9.600993027354469689e-01,8.051555064725532396e-02,1.496011377063425629e-01
9.616062654261958720e-01,2.786872583798150060e-01,5.365831387682395981e-01,5.532168516260937974e-02,5.672588421436494110e-01,8.103129547122296383e-01,1.047982294223870348e-04,1.521130695889876261e-01
9.797751888936218068e-01,5.351828964979383763e-01,1.584477181339008500e-01,3.779297396715597945e-01,4.924221991511694152e-01,4.438922726711832523e-01,3.841958842880610625e-02,1.517540127006930251e-01
9.958579313529428712e-01,7.553030872924149097e-01,1.170166554753021559e-01,4.790148943974144036e-01,4.490689938245542856e-01,5.442736190979492461e-01,1.228447493424163345e-01,1.500795708980712240e-01
9.478611836679532443e-01,3.854350467088052401e-02,5.681078899039220254e-01,1.642380379764496467e-02,5.537391317869264640e-01,9.680450718542972233e-01,2.174795315556569131e-01,1.519225405760373515e-01
9.636748303172422148e-01,9.818022327992894649e-01,1.076610440872107777e-01,5.737357015147643846e-01,4.247645091685710028e-01,5.806170035797720841e-01,2.025982896819950030e-02,1.501421227388766988e-01
6.240537037383551144e-01,9.901966479707464686e-01,7.598596637086966199e-01,5.100341463030718669e-01,4.211593723547529255e-01,2.908354387096157012e-02,3.668663671404748250e-02,1.498582269112297138e-01
6.905848866284294285e-01,8.178182097638941883e-01,5.532626958060216094e-01,5.349234075644815345e-01,4.186598095411018239e-01,4.446968521324275447e-01,4.333117544232761853e-02,1.493193306621909688e-01
9.068063843356837239e-01,9.698915084823167554e-01,2.611755164285661790e-01,4.790812983593199514e-01,4.033185673566190843e-01,5.253930100679677917e-01,1.340800951256956863e-02,1.514274136988132402e-01
9.700535205077358558e-01,1.037016726497776431e-01,1.713394879967216622e-01,3.565560537862045853e-01,5.006974842223843591e-01,6.473436767865324848e-01,1.879345768660838634e-01,1.513351575538776361e-01
9.742287893688009737e-01,1.419639087215973650e-01,2.201856838595509791e-01,2.919292305252864650e-01,5.208815717547514712e-01,6.639890351123285406e-01,8.847906390130999554e-02,1.520604654232065589e-01
9.529059537947804914e-01,9.905590757834448201e-01,1.005987932958890829e-01,5.988249766480822078e-01,4.006526766160859454e-01,6.641803498315183019e-01,3.277096678926048612e-01,1.506191025945502748e-01
9.953032615528236704e-01,8.768396660833924772e-01,1.479289224599872332e-02,6.248763758481938879e-01,3.830418526263048573e-01,6.348762497761213375e-01,6.633804357885575431e-03,1.497974278785804414e-01
8.763629844609930331e-01,9.652579826018309328e-01,3.712348526033074081e-01,5.074273882226929544e-01,4.036149821135555649e-01,8.596352775586861839e-01,5.946746070374737958e-02,1.504634555608251323e-01
8.135529870886014647e-01,9.313668958643613882e-01,2.483088288139389255e-01,6.111094504013127038e-01,3.813270605292641835e-01,4.516851239220993630e-01,1.051893000190693706e-01,1.494239831963136977e-01
9.446635595816197384e-01,1.114200899980994364e-01,5.203157302817671415e-01,7.624123947175098781e-02,5.550606932628201484e-01,8.455818279487319344e-01,3.422613256277268756e-01,1.512467166249203132e-01
9.930207260472585507e-01,8.091738987726526666e-02,3.401542678576175982e-01,1.279854099312494609e-01,5.300727759150746232e-01,6.980307838293953182e-01,1.310593737399280145e-01,1.516166171447366762e-01
9.825367020104156524e-01,3.912788435149269217e-01,2.676820582991025765e-01,3.019117279521940089e-01,4.769176923544826696e-01,7.571161432596102969e-01,5.100489478473781146e-02,1.510634907409567351e-01
9.878681785231053780e-01,6.467405541989528217e-01,6.556754683167251296e-02,5.398625308741877848e-01,4.423689846463725317e-01,6.860493602151176429e-01,3.244795709653026661e-01,1.505948441631501655e-01
9.937822334936610158e-01,1.746546212588590552e-01,2.127555171386925625e-01,3.008250651835320810e-01,4.717619457495456636e-01,7.828057051302301783e-01,4.390988011721080886e-02,1.515497902752958592e-01
7.031983078302787016e-01,9.105529428682783699e-01,6.370328154844868696e-01,5.705408688956957741e-01,3.960341844855329585e-01,9.767576443855774393e-01,7.059499305058848651e-02,1.504414732141865774e-01
9.888370705212969902e-01,7.279425028720361013e-01,9.781751450980985529e-02,4.445848301761107790e-01,4.938765239520678252e-01,2.662478386751863102e-01,2.276604617060037083e-01,1.523873611478351042e-01
9.824198990872119452e-01,1.307011214987763847e-01,2.804902553361846018e-01,2.433091760367372125e-01,5.040060210161569909e-01,7.149211409799189898e-01,1.442283613545516097e-01,1.518861733427221417e-01
9.777012519327599183e-01,2.860045656890041199e-01,4.098787851931666726e-01,1.525410948439814285e-01,5.238706886347492819e-01,8.701795032865430324e-01,2.532068682582069852e-02,1.514843655872207262e-01
9.795412062371695594e-01,2.904751621702484909e-01,3.481418859659886067e-01,2.352390312422081853e-01,4.989395787756790157e-01,9.298590381755936773e-01,3.019179102240409085e-01,1.501701638948357009e-01
8.335592145150930721e-01,6.793843028368240500e-01,1.667557487782301562e-01,6.689683189343533787e-01,3.739192302912240362e-01,7.493113151954090556e-01,5.888821747399346218e-02,1.501009803342936710e-01
9.866090108320474394e-01,1.848854157940097998e-01,4.135210211706260020e-01,1.141261368559350342e-01,5.568336388624693933e-01,9.190700398253803804e-01,1.344738216817453758e-01,1.524112384850859481e-01
9.137815735921099858e-01,7.957542717561747470e-01,1.306473882482747373e-01,6.019440175032955143e-01,3.850305214530175824e-01,6.828684018140819267e-01,3.708152707151310401e-02,1.514314042012150918e-01
9.826106743012172906e-01,1.286928533851239287e-01,4.096909468571561797e-01,1.157446002214923553e-01,5.647834593032015071e-01,7.806930799465381376e-01,2.106254191797418684e-01,1.513067435216359224e-01
8.198723926509773330e-01,9.655530601992867723e-01,4.371358319630156974e-01,4.897802455017166157e-01,3.825810487887895128e-01,7.527326627314614438e-01,4.503463026310577932e-03,1.495957928122469416e-01
8.322355193260807527e-01,7.950045361456727910e-01,2.336160739446454526e-01,6.199770487469492553e-01,3.886974782891923219e-01,6.796560902033987883e-01,1.570061896887691710e-01,1.503865541422405028e-01
9.366630848270653953e-01,9.489192013257260472e-01,1.872255958708807233e-01,5.789199138587686200e-01,3.816106661724789628e-01,8.454316055244611716e-01,4.097189800462909537e-02,1.498852097401880412e-01
9.350785001197653434e-01,1.835697971607108125e-01,4.717176641155217953e-01,1.470771351916629888e-01,5.532131670437804294e-01,9.054683222704253964e-01,1.140789828449930571e-01,1.526254409373305476e-01
9.938097673177344049e-01,2.126873071932596782e-01,6.005580494453721663e-02,4.220026642680902995e-01,5.101102775045752713e-01,4.111423004795656810e-01,4.328499010384446732e-01,1.515604213674034417e-01
9.947567918717338253e-01,9.201753162741916903e-01,1.382610672973079990e-01,4.124260621793461867e-01,4.547948422351968945e-01,2.687672692266290242e-01,1.191146790634882990e-01,1.512725947132163573e-01
9.861201604466056647e-01,2.127601400725653291e-01,4.790134287985396977e-01,2.442407240939364899e-02,5.408801757015420097e-01,6.715211978440346341e-01,1.044371396233051003e-01,1.523325989376740908e-01
9.901630535379652986e-01,1.543817878904441554e-01,3.068639087730676840e-01,2.501245613867270623e-01,5.241946522731926184e-01,9.565572554960295459e-01,3.635975397837721279e-01,1.514944541972403913e-01
9.661405639588818151e-01,5.869585113728694736e-01,1.880996018332989905e-01,3.825723083218121601e-01,4.833849311585660113e-01,3.725132722615265291e-01,8.315502376500949477e-02,1.516972864112458852e-01
9.909424975006789760e-01,3.277052272905228159e-01,1.476320350853642938e-01,4.162693863368657210e-01,4.566052691901288374e-01,8.193628949716735832e-01,3.287702636039452342e-02,1.500425619494122065e-01
9.346839420477782712e-01,8.568635037910889984e-01,1.798093854276912318e-01,5.375671997464226415e-01,4.168582418130947209e-01,7.292754853050098518e-01,7.796273922013510771e-02,1.513884882273386079e-01
9.871819555702914251e-01,8.133265314128501622e-02,5.106379000865544082e-01,2.988910673538597296e-02,5.942265754993788507e-01,9.898728220285424317e-01,7.135994489902206528e-01,1.508322664805794022e-01
9.774669207009254457e-01,8.939038719830715296e-01,1.488661682138597842e-02,6.075616171340949556e-01,3.941432330370886472e-01,5.013417943649225439e-01,3.850183943596539038e-01,1.491727796106288861e-01
9.958994946504273749e-01,6.123019740926771703e-02,8.367280123987458351e-02,3.878377240606596388e-01,5.278718922066856223e-01,5.917569468367434027e-01,6.007871537135263118e-01,1.510128074677367094e-01
9.952040344471576594e-01,2.336890219929900758e-01,4.057306287742514228e-01,1.551549813657658317e-01,5.452120693873289126e-01,8.836304211250741725e-01,4.066815456475781909e-01,1.499363244950382701e-01
9.812819296214405629e-01,1.420407779844841123e-01,4.903566199698922157e-01,3.432457855163795202e-02,5.563963566282257300e-01,8.076570408575782789e-01,2.393085010039164295e-01,1.532790183065865508e-01
8.808595597682657985e-01,9.254709920744558227e-01,1.870158405563505932e-01,6.263934761605729484e-01,3.688059017992029176e-01,6.828686437851446689e-01,2.824030353652903780e-02,1.498060672078349309e-01
9.962633222533476829e-01,9.569666843188995298e-01,2.287415812663318171e-01,3.582648320987287249e-01,4.489485185959748992e-01,3.600767107187726190e-01,3.034318842797872895e-02,1.512240827976130686e-01
6.287652495935345254e-01,8.012232755540598106e-01,5.549604171432115374e-01,6.019986899565898941e-01,4.102622799889579785e-01,1.147705991596604802e-01,3.291616123708487884e-02,1.490362954517568672e-01
9.543353378649981344e-01,4.516527692147761508e-01,6.502358657748368298e-01,3.318863601193805524e-02,5.498913776427605260e-01,9.496126914648770345e-01,4.528209910533316507e-02,1.517685099409598892e-01
7.426403604236448963e-01,9.757226860335013185e-01,3.741240401850822184e-01,7.352326842185770150e-01,3.337369976509916847e-01,9.561471110553974029e-01,1.683611034117180327e-01,1.488194993718811032e-01
9.985775125797571317e-01,6.839666822252246092e-01,1.625974437952297236e-01,4.492226477933315421e-01,4.575836230987630482e-01,6.988998235548896654e-01,1.657744829197695113e-01,1.506514535071116490e-01
7.289079953086292640e-01,6.925151640742269743e-01,4.350710150880925386e-01,5.211040086987047681e-01,4.413342632953985434e-01,3.150205827907332501e-01,2.004926944479754058e-02,1.504242264525039174e-01
8.577340499326769896e-01,8.742231235422608382e-01,2.429384174141846486e-01,6.376075138975685341e-01,3.944216120043464446e-01,9.219287424718326518e-01,1.350154924116890587e-01,1.500434080101985534e-01
9.563153819737856276e-01,1.438213707391450269e-01,3.505314531529667987e-01,2.090876582939899531e-01,5.196680980963592766e-01,7.452987573869481741e-01,2.827014178905078445e-01,1.506369652492948741e-01
7.383794032863774115e-01,9.696517661803885080e-01,4.508089660468485582e-01,6.582594400850589889e-01,3.468147304100418493e-01,9.893493892913536314e-01,2.191455245903833893e-02,1.500270987963115976e-01
9.278581156726106727e-01,8.628045774581729610e-01,9.390546929626242267e-02,6.345569838692028952e-01,3.922735919578136388e-01,6.990200818030890551e-01,8.162842979793516474e-02,1.497094437278057577e-01
8.829957665219128060e-01,9.912972438475168291e-01,3.770824596465475187e-01,4.986391705960978582e-01,3.631820707400808534e-01,9.864907213361910898e-01,2.258826717327081235e-01,1.492034884604541978e-01
8.661504477890868969e-01,8.018403561447475791e-01,3.176985974323483508e-01,5.405305419654236054e-01,3.787907814253132499e-01,9.556684267375825659e-01,1.019498369179276248e-01,1.488542913407734647e-01
9.671039903755587197e-01,2.592995657725011838e-01,5.551082657165092860e-01,4.235961507038260576e-02,5.369060812639689928e-01,9.237053283087217626e-01,3.674267899381404856e-01,1.501506231261663937e-01
6.966731028017112415e-01,8.230662738114378207e-01,5.873062821753300966e-01,5.701088984220189504e-01,3.998262434192391690e-01,8.294963884675066179e-01,1.019594476692536889e-02,1.490963276396035930e-01
9.408888706636961974e-01,7.726473811560959915e-01,3.406239917201056011e-01,3.757618600547149579e-01,4.505877690461701501e-01,8.202157101770148895e-01,7.727565973790076481e-02,1.506100029166282106e-01
9.885697804841963032e-01,9.089098223989562353e-01,4.567703850084298134e-02,6.132342602583958913e-01,4.048395008626703984e-01,5.806517332659739683e-01,2.766720094912832328e-01,1.508422568129324792e-01
9.675336397120354315e-01,4.881986930210978071e-01,5.705071325597605991e-01,1.054035323528759727e-01,5.157145360337479501e-01,9.967084637970118344e-01,1.166868538855649895e-01,1.509009293405543239e-01
9.474907645131674938e-01,3.515522660161906066e-01,4.284823052612665717e-01,1.844394155231807442e-01,5.181191272250597057e-01,7.973503682292559791e-01,8.359918673104650699e-02,1.515590417182468286e-01
7.941761770227927508e-01,9.067636611546694425e-01,3.273795432994225929e-01,5.904510965405809220e-01,3.785478689611098124e-01,6.844524595729568617e-01,3.796575468827437239e-02,1.500831435632480615e-01
9.743018862191681340e-01,3.719073947745240583e-01,6.161788204496021493e-01,2.272232677123292577e-02,5.631832638780952527e-01,9.709896044896360046e-01,6.476345830445429108e-03,1.541229759326887272e-01
9.770228086787887678e-01,7.562744442646074372e-02,4.019303177045351894e-01,1.223045455941806914e-01,5.753725407644850742e-01,7.385396486851769637e-01,1.681000035346315591e-01,1.521079728851269519e-01
9.909050464547781711e-01,1.971488279576141256e-01,1.906978286613629781e-01,3.306541673190793729e-01,5.370079133618018696e-01,6.209327796042969361e-01,1.753426493709600853e-01,1.516898666607241764e-01
9.804843950883170844e-01,5.332079087177996612e-01,3.284045332678051099e-01,2.880049810253352827e-01,4.787630595069910511e-01,9.027282396831645128e-01,8.747272772871794722e-02,1.507041997641779540e-01
9.337393115577899971e-01,5.594922079233523027e-01,5.894929065604082030e-01,1.390252124563334246e-01,5.173453168681455550e-01,9.837380597340005250e-01,1.664816856769535391e-02,1.526453196365787635e-01
9.723579968726668854e-01,9.667379494780157234e-01,1.833030330637049066e-01,5.277534445516709471e-01,4.075752315449956975e-01,7.287692111552508401e-01,2.269316566770858412e-01,1.508098383404451737e-01
9.058523275127012830e-01,9.083165590754183061e-01,1.590259445901579805e-01,6.222713866513798209e-01,3.985203610700598365e-01,6.576183644359314684e-01,1.169522019906853727e-01,1.499231556455417336e-01
9.323854602461059127e-01,1.603005449892980216e-01,5.138327722265960684e-01,8.591315611808297836e-02,5.406342427133261630e-01,7.585194521974626403e-01,8.503146940819159005e-02,1.512750614190030984e-01
9.819849874885080432e-01,6.571418082283282391e-01,2.225130646179520333e-01,3.830211838886213305e-01,4.535083178505449064e-01,6.873310482877600380e-01,6.211549655500164802e-02,1.513271807475678465e-01
7.247070746685344567e-01,9.670041515930078990e-01,5.890822678395534195e-01,5.492201743489482091e-01,3.873190624610762245e-01,9.738119928999171560e-01,8.216976405300280284e-03,1.497543983052659622e-01
9.893552616954414125e-01,8.484269062985311249e-01,3.120911322363334461e-02,6.092030170283544432e-01,4.018997789286368194e-01,6.090309125919928235e-01,2.016603600522056117e-01,1.495902492664461791e-01
9.945108772317021728e-01,5.380725729855295736e-02,4.066034170482923926e-01,1.120208941420526849e-01,5.403607953305201717e-01,8.328403945648567008e-01,3.278266633008077025e-02,1.521047034271552911e-01
9.869941267235818882e-01,4.018305544767749038e-01,2.294475087448624995e-01,3.773385636899738715e-01,4.892856143454029638e-01,8.675914166809769457e-01,2.285029299760582555e-02,1.509590969864826882e-01
9.831784665049005945e-01,8.163861606572063723e-01,2.309652733396918844e-01,4.386747453567103050e-01,4.466893876379085526e-01,8.764341677700664412e-01,9.662577092749903562e-02,1.516133315166874884e-01
7.527054447523051639e-01,8.758750818206005873e-01,4.571659979287624465e-01,6.160223319866999780e-01,3.726853415384170920e-01,9.731437670842997267e-01,1.416170208579936585e-02,1.483889930470077001e-01
9.890848264874136930e-01,1.063576589582915788e-01,1.829450373357619786e-01,3.268466704532948519e-01,4.842669119932395683e-01,7.966508010212656199e-01,3.354537214235372433e-01,1.497949974334247536e-01
9.560680827775451807e-01,5.334406271450190529e-01,1.073203256451600029e-01,5.359932015585938681e-01,4.369131876487822863e-01,7.049965180871974324e-01,9.886508618222999978e-02,1.507035402014654524e-01
8.508505425907650910e-01,9.613108226582123272e-01,2.115892217046011214e-01,6.665521673361852750e-01,3.464390770103653594e-01,8.400132511751089437e-01,1.955369862893985289e-01,1.497462977322037703e-01
8.206459530111095413e-01,9.131364294332553477e-01,3.076199445198870563e-01,6.269894472144075248e-01,3.762345866387867277e-01,8.578589305568272705e-01,1.452729338558698402e-01,1.499451609729308965e-01
8.623851793448314984e-01,6.729530464225921271e-01,2.279880607993831909e-01,5.696245430872203253e-01,4.089758483852130588e-01,7.859073075900371297e-01,7.693228856717426734e-02,1.503406488528090668e-01
9.899484209636074672e-01,8.339750658028732833e-01,2.698903650263201337e-02,6.217384760383555253e-01,4.390871233245932093e-01,6.307819425946639136e-01,1.121374588355260882e-01,1.511570145954323485e-01
8.385654743586098414e-01,7.910418009082065272e-01,1.675042707182303470e-01,6.364796065438595996e-01,3.811161124014897927e-01,5.271161298105926374e-01,2.423164636326474719e-02,1.506340624468686107e-01
6.987870495465342557e-01,7.688913546122506659e-01,4.543395722815940507e-01,5.875035172301403819e-01,4.129115968788120150e-01,4.258110267575479502e-01,3.203409038046867163e-02,1.488067653720218653e-01
9.649921411720794318e-01,8.647512934818890606e-02,5.378928988293129043e-01,1.614291858771815802e-02,5.672803599334688140e-01,8.449236094035760258e-01,4.171001532455851368e-01,1.505294488207944981e-01
9.944932749916077785e-01,6.952459137159365810e-01,2.640145242031305406e-02,5.611761109308567308e-01,4.187301912064830267e-01,6.311944617776994448e-01,5.170910582757086427e-02,1.511213018277222930e-01
9.029071537810995363e-01,8.870292409597885230e-01,1.550185874743790770e-01,6.518464166154428474e-01,3.858589324339736226e-01,7.947349556899493406e-01,2.538563272538711946e-01,1.497919260502855732e-01
9.685545468343043085e-01,5.405884973402563798e-02,2.734611880157748476e-01,2.742662456697160245e-01,5.032865228314771233e-01,9.160910405751027108e-01,2.399441404759094509e-01,1.508486439836559667e-01
8.316823559333959004e-01,7.510248004313226922e-01,4.626626019989804606e-01,4.564337305927416155e-01,4.120969515187241083e-01,9.463450487476937623e-01,3.235037604116955401e-02,1.503489621302618318e-01
9.673569544643569884e-01,6.549583855236605912e-01,6.763724750629100946e-01,3.169714729149081256e-02,5.447049044676887108e-01,9.885812610335459327e-01,8.729117019855497928e-02,1.518219663750263182e-01
9.967218566159472548e-01,5.910598298808645845e-01,2.382011187526155427e-01,3.658483462149123011e-01,4.360775893423593508e-01,8.272516955836679564e-01,2.103638055632565951e-01,1.498906900527552377e-01
9.737064171707857652e-01,9.211950255985253966e-01,5.781825378789989811e-02,6.701198699927342073e-01,3.540453373621340605e-01,8.882220258165417492e-01,4.343933459449723922e-02,1.486707195219894029e-01
9.865997042896536007e-01,4.311186308211506502e-01,5.632365834466639409e-01,5.641457036922348234e-02,5.430367221364371666e-01,9.622849016871307670e-01,2.243513853641920242e-01,1.527630662904461700e-01
9.725352238335622790e-01,1.337267140421236067e-01,5.130331747663897657e-01,6.145518414988981881e-02,6.083539223823549724e-01,9.320274040194894694e-01,3.819914764654166461e-01,1.524227346423246421e-01
9.861531257147169161e-01,1.051561658080678585e-01,5.295879937033268758e-01,3.596771394181963455e-03,5.800958446169606209e-01,8.832754516934875344e-01,4.710097794279005656e-01,1.507491562622372550e-01
8.277305685358884446e-01,7.034203802763508984e-01,4.656197121689508167e-01,4.363627846243561259e-01,4.243429079124742542e-01,9.511864646126980682e-01,2.586087220973920520e-03,1.514419965970520421e-01
9.823013687580173237e-01,2.707673531779282161e-01,2.623883679749543507e-01,2.643828487570313301e-01,5.060322323626900154e-01,6.826851359750946147e-01,3.590260210023666909e-01,1.506809687365668060e-01
9.761450359632097840e-01,4.198130640031934036e-01,1.927060024905690727e-01,3.767174324768635674e-01,4.836890910965779833e-01,6.101763330922136408e-01,1.142246215837524059e-01,1.509121705937365165e-01
9.630347598849975377e-01,7.105271604665228669e-01,2.433711737004712328e-01,4.480996907375860427e-01,4.182612026121653725e-01,9.888395355374837159e-01,2.784534726159026974e-02,1.503086239968305926e-01
9.867330968559535620e-01,8.848552569539013257e-01,1.860946227998630798e-01,5.420298231320637150e-01,4.215711953726551386e-01,9.545336723448458738e-01,1.573714760098955112e-01,1.516160233379828803e-01
7.847482436413906193e-01,9.139576503904154325e-01,6.521924194652568563e-01,3.906272878914604507e-01,4.102110720349284589e-01,9.426821688673872046e-01,4.661665363086872627e-02,1.515660802386732953e-01
6.337962848407098226e-01,7.675850858433954649e-01,4.604253296027870368e-01,6.833633439737174520e-01,3.912391858106537557e-01,3.609698881677048665e-01,3.969698707965318984e-03,1.487397422398289704e-01
8.163367364612110766e-01,8.698964159884361447e-01,3.029911417199733781e-01,6.500468160294559095e-01,3.539302761182200330e-01,9.863184062714911438e-01,7.348410174680936047e-03,1.490116946268406073e-01
9.952975678529971670e-01,4.061174816423951395e-02,1.376752595170125659e-01,3.825883168448162008e-01,5.017912511156830124e-01,8.499260245281424764e-01,2.302033636130291772e-01,1.516602987869034025e-01
9.162435469439911273e-01,9.512162125274170599e-01,1.980874642821902620e-01,6.229460573911910215e-01,3.607205596814210269e-01,9.488979142704387915e-01,7.756549769450053755e-02,1.507255627398157161e-01
9.665465878481510620e-01,1.029971439386334620e-02,3.053507365433917320e-01,2.195968056757660603e-01,5.132242788411992551e-01,9.135121200746677550e-01,2.444381863118377241e-01,1.515868862585941224e-01
8.980882344584762977e-01,8.718113050755218474e-01,1.655550981238377850e-01,5.731440686085820246e-01,4.385311639577891274e-01,4.779625262968154042e-01,1.710096261748597635e-02,1.517052756009261150e-01
9.470151992857201995e-01,1.618323682844827194e-01,4.489463530985571271e-01,1.360523826770322353e-01,5.305704863391589310e-01,8.638262551083936147e-01,2.451792497207602450e-01,1.519574191058454538e-01
9.621995773640147354e-01,9.047584327413311645e-01,2.040783975368436476e-01,4.664011264648574295e-01,3.959289142627493430e-01,6.579141693126617785e-01,2.034459044863033694e-01,1.502022134559531930e-01
9.900849897296178925e-01,5.088363104315678509e-01,2.884660076809255624e-01,3.065151732026888953e-01,5.026361903855839364e-01,8.309087390152589681e-01,1.274961566468827412e-01,1.513645273310967876e-01
7.039674688439999661e-01,9.383407137813684074e-01,5.304409203295140651e-01,5.132373047574390057e-01,4.207091435352576791e-01,2.021470085620037382e-01,5.108237037073845577e-02,1.505093231619310801e-01
7.414551892428934421e-01,9.953222625946032132e-01,4.376988361160109031e-01,6.617594064256744346e-01,3.496900460574060565e-01,9.007119519410902164e-01,7.761489643833040242e-02,1.497901284756627815e-01
9.635291554545468706e-01,9.896462763809622531e-01,7.673628279992528167e-02,5.688466792612612011e-01,4.191336480511937412e-01,4.195623522447488041e-01,8.314212309202061169e-02,1.506413258588201742e-01
9.501303988788987187e-01,8.305423909447519071e-01,1.222980034780543346e-01,5.923550309918805823e-01,4.284356660892953417e-01,7.628598994387958410e-01,6.777865026032586782e-03,1.515224248563167564e-01
7.910908826538758376e-01,9.944328622340696811e-01,4.071397571895646328e-01,6.253977556795440318e-01,4.080638258652657946e-01,8.607359155830134334e-01,6.559645020254761816e-02,1.510384394986288292e-01
9.955957250619110743e-01,7.312764805391942513e-01,1.285904015238501785e-01,4.822326577442726525e-01,4.435898200995390672e-01,6.045631099265921238e-01,5.908009536632173597e-02,1.515786705505522691e-01
6.460325554540659043e-01,7.530812628267189446e-01,5.441659853429992033e-01,6.195432522494913608e-01,3.973753964152318963e-01,5.586292055775030629e-01,1.333628469254030668e-02,1.491239656977375594e-01
7.360196960425257062e-01,9.246930732442565359e-01,5.459553587073697756e-01,5.591069025377912727e-01,3.981956355853073504e-01,8.877143402502027936e-01,1.202986699452466418e-01,1.500971774153974370e-01
9.917740811729408579e-01,9.910689995779913275e-01,1.412380475676638381e-01,5.450932783246210667e-01,4.028012298906497035e-01,8.267861867634918038e-01,4.587508215378875431e-01,1.502188755928853814e-01
9.558619251306011977e-01,8.893953226570902038e-01,2.105492126239926487e-01,4.926740331590014899e-01,3.887754195069035856e-01,8.092568686243991616e-01,2.045329672810182742e-01,1.498848279140262973e-01
9.032625016401435447e-01,8.876007500496887470e-01,1.383046665140210130e-01,5.956082858665335822e-01,3.820558663663389809e-01,5.524397971968608712e-01,6.921919720703596790e-02,1.513889023013808566e-01
9.980070251012096438e-01,5.647905814947047354e-01,1.610237341015362811e-01,4.345720277042904867e-01,4.578972097275070818e-01,8.018134731449276797e-01,3.680552191482232560e-01,1.493609507307867568e-01
9.994316446434734491e-01,4.365411299460134065e-01,1.414263986768253545e-01,3.950932115705662606e-01,4.667094368441342400e-01,6.562349225604152680e-01,4.242467883933001005e-01,1.508785435036769096e-01
9.953453186176153267e-01,1.840649138913364458e-01,3.668814206970338332e-01,1.548440232066282118e-01,5.381870227686960106e-01,8.919242930508758382e-01,3.943723248861056851e-01,1.503578893217976387e-01
6.484327172705200981e-01,7.835801774500318340e-01,6.825501826252419191e-01,5.255005710196521962e-01,4.124178768183340837e-01,5.741651926951083507e-01,2.190637567482933701e-02,1.496240148415668159e-01
9.686248421743945958e-01,6.051160661991208389e-01,1.089132939967945579e-01,5.694071856581841562e-01,4.136338725373001624e-01,9.278151634691114147e-01,6.010732078444426529e-02,1.495314621300013747e-01
9.664742736185774064e-01,7.219407958347919818e-01,1.851183473714375083e-01,5.325818856127269019e-01,4.385571530626947157e-01,9.679815443253210194e-01,1.912575449896306012e-02,1.517145026870077296e-01
9.434537519249983628e-01,6.483429019070104937e-01,6.471449919800531525e-02,6.363694903109020640e-01,3.981627129580621594e-01,7.560854958406272308e-01,2.172017746803743821e-01,1.500445330816689293e-01
9.850521484368361946e-01,5.558259881097726840e-01,5.290371315243256323e-01,1.147293661364481854e-01,5.465467955133622713e-01,8.882392975028131632e-01,1.201767007049746733e-01,1.527024624528524333e-01
9.993779569489616987e-01,1.684001513564871155e-01,4.346458390175076403e-01,4.014673077247515875e-02,5.479235840775218414e-01,6.627137103917288830e-01,2.785141892899978266e-01,1.511221045388212447e-01
8.562880411112951951e-01,9.793322626701277400e-01,3.563527397172290834e-01,5.567288018260302396e-01,3.943291311083712558e-01,9.762242975505708298e-01,1.115457725948421075e-01,1.503941997632866345e-01
9.280354429573184349e-01,8.716857466610106187e-01,2.196177791758305298e-01,4.758653774120463753e-01,4.097662610198304911e-01,5.616195758605787569e-01,7.210999523589597948e-02,1.509543658994552673e-01
8.589406314235584761e-01,5.893294335123481220e-01,1.957714820129716482e-01,5.505131313479846300e-01,4.290279430575493769e-01,5.215845587612619738e-01,1.837398170910456430e-02,1.508203793030243600e-01
8.999372621945744832e-01,7.796073016751319251e-01,2.694654956421480563e-01,5.478311251134696525e-01,4.089865481200364306e-01,9.947303907143031365e-01,2.680043052491157263e-02,1.502283528547256608e-01
8.904173459002209245e-01,9.209216905215692472e-01,2.932312822829696297e-01,5.447313944053528978e-01,3.636736814334456946e-01,9.587794552013654270e-01,3.957950168443524763e-03,1.503931630711012324e-01
9.819836960525727410e-01,2.581100790702389736e-01,1.802645597146764478e-01,3.880207921347867961e-01,4.648517497006188770e-01,8.221659117638286940e-01,2.194111587638676863e-01,1.493877051901001118e-01
9.967160145650368896e-01,3.511966274872133087e-01,3.644260844255274856e-01,1.848448656231581610e-01,5.530904520978704442e-01,7.935146021010623940e-01,2.947385610821261492e-01,1.522825495130191165e-01
9.619074066575651338e-01,7.342132286750305825e-01,1.099030060792959285e-01,5.331947006738342321e-01,4.119792501611109214e-01,6.546528136608545934e-01,4.752973960563502964e-02,1.515327301593176190e-01
9.612355607258724621e-01,4.251337800977195158e-03,3.970094571335028300e-01,1.226771594839043966e-01,5.595967308502828308e-01,6.977194865972214943e-01,2.011911837737939690e-01,1.518021356318728921e-01
9.727987824630945912e-01,6.085406150366734490e-02,1.681817240281989201e-01,3.428163308849648261e-01,5.032517424933510286e-01,6.644443601381788689e-01,4.040530098577026497e-01,1.504425735185925816e-01
6.776680326629875850e-01,8.835394352840253429e-01,6.798201426846759432e-01,5.500501835794785466e-01,3.855285857405860162e-01,8.018066709087902089e-01,3.212923128735956091e-02,1.488128843756179598e-01
8.025316977802101626e-01,9.725082957446695708e-01,1.905859551103063210e-01,7.079940610759622999e-01,3.533960009814779424e-01,5.849189211057979065e-01,4.056179609066040692e-02,1.489547638412662689e-01
9.508404979076097163e-01,9.685966862362060947e-01,1.873664628954900546e-01,5.183206878949964125e-01,4.137649739027654539e-01,6.664317902173262365e-01,7.924318322680784510e-03,1.513025720040147293e-01
9.825125075804173047e-01,2.126079355326472298e-01,2.283538651755359916e-01,2.707012809012998567e-01,5.336257988782091566e-01,4.787258857052644201e-01,1.270372098949950346e-01,1.531671667343531551e-01
9.566031632717690858e-01,9.178902031464211131e-01,8.116055128972859967e-02,6.390748130219365830e-01,3.696579625393465185e-01,8.602145513230126106e-01,1.455655585940797692e-01,1.504055228998968374e-01
9.985089687386419222e-01,8.059608569524367994e-03,1.075339225831111190e-01,4.115132497764100172e-01,4.932792852361462810e-01,8.554435770241575199e-01,6.304564756451369600e-01,1.490403729205710126e-01
9.960152616969464301e-01,3.461101618039541528e-02,4.616400828521659561e-01,3.916441828863981289e-02,6.043088043042588176e-01,9.605934094808672441e-01,1.266231163043201879e-01,1.530682696966841616e-01
9.800077868291607874e-01,1.682844831497514737e-01,3.300378447238719315e-01,2.185527484014467281e-01,5.287945793760285840e-01,7.452327700819565415e-01,2.059049694467794955e-01,1.514905287986669791e-01
9.421533853882170240e-01,9.780542372506562110e-01,1.658212615260126754e-01,5.663959678305824363e-01,3.704135808589176793e-01,8.438353022963839267e-01,2.051966162571235153e-01,1.500348176075254059e-01
9.995554513602740165e-01,5.353820415892407425e-01,4.135137645775673887e-01,1.808189216697911605e-01,5.247217167843238883e-01,8.607245351901020580e-01,6.631741594761700331e-02,1.509932711721601040e-01
9.927213804739911662e-01,9.417352593082419787e-01,1.308630530225335376e-02,5.838147225417424924e-01,4.102868464830440320e-01,4.469808653422900346e-01,2.048820989457582065e-01,1.495323012146428932e-01
9.580919411670711927e-01,5.256559970032653739e-01,4.136939802782763076e-02,5.259980748114524429e-01,4.498619211578062105e-01,4.033183533319651959e-01,1.956133052190931754e-01,1.507114652317357029e-01
9.675634081155493060e-01,2.363494540262788268e-01,5.555114120950327417e-01,3.529206760939779253e-02,5.220649362886418121e-01,9.385599611407602350e-01,7.901437505871082567e-02,1.508297106981937308e-01
9.444507888629473102e-01,4.107075280186189836e-02,4.222201871425978470e-01,1.526342182888916765e-01,5.567153374079381045e-01,9.136621543870544482e-01,3.630435972994875971e-01,1.519171559793346671e-01
9.824310733895201819e-01,8.009510067375348319e-01,2.187221740370925427e-01,4.526345528212282754e-01,4.591190915295251807e-01,8.371911993638224692e-01,3.342705757923614129e-03,1.506950777886622295e-01
9.869838337198115763e-01,1.474744566731573392e-01,5.207012510848029185e-01,5.118238871932639933e-02,5.898011903953546131e-01,9.722441097020517731e-01,1.319625748249863562e-01,1.522232317154485481e-01
9.915536149860499915e-01,9.634394000609263209e-01,6.071359904371781413e-02,5.394138291115917472e-01,3.894063860964595003e-01,4.853270536345461461e-01,9.453305875914801149e-02,1.502006466119001071e-01
9.450683471389109691e-01,9.896305454067627627e-01,2.030710596455651551e-01,5.704797991068557561e-01,3.751775746960138713e-01,9.889653496959329715e-01,3.997466369445483725e-01,1.492663932597601828e-01
9.675171872919596794e-01,4.389125527105948166e-01,6.168543835474493697e-01,2.387291238840411056e-02,5.514735111930069156e-01,8.310395486152323263e-01,1.561096055077708655e-01,1.528217353964640701e-01
9.388790420941541814e-01,1.751294876723469285e-01,5.228433210143998977e-01,1.016245331783125483e-01,5.538731207098218645e-01,8.849003449681943634e-01,1.906288458630740201e-01,1.528855208992686288e-01
9.961500211178708764e-01,3.626498499485579230e-01,2.410173385960230896e-01,3.693637992982424789e-01,4.960193532718032428e-01,9.238222257854518116e-01,2.098286915117189566e-02,1.512126050223731311e-01
9.543812969792344614e-01,5.267130159554611613e-02,3.441394278298031684e-01,2.596099978141267473e-01,5.429747854002673346e-01,9.982226202511064184e-01,3.169181187434176872e-01,1.514550656906342441e-01
7.455928968466200013e-01,6.999615266580963002e-01,3.409992780243527588e-01,6.182918306101347072e-01,3.917253202410437840e-01,6.534931028372732431e-01,2.972091360934886461e-02,1.489540168285392041e-01
9.810409369403282343e-01,9.914057317835867078e-01,2.958977297269504980e-02,6.477099334238959338e-01,3.988819370146773347e-01,5.495811334331768272e-01,1.726853746511180232e-01,1.510605419804111338e-01
9.997466374831818214e-01,3.046391219503348791e-01,9.642093336357160371e-02,3.721214787139314750e-01,4.881251732659950271e-01,4.247347730828283097e-01,9.065181534240471239e-02,1.522004000295949233e-01
7.639509616193584929e-01,9.447640305259807914e-01,4.437668830451680924e-01,6.103348781281436874e-01,3.593325719275769492e-01,9.374661927197692757e-01,4.478694199110713758e-02,1.500087537662319614e-01
9.463239053789658239e-01,1.281999402111884678e-01,4.537783703463711404e-01,1.679542188728078422e-01,5.309952145656710032e-01,9.314506709677532470e-01,2.007614053813017996e-01,1.504289878588625784e-01
9.926083881043620272e-01,6.535399958198044867e-01,2.401260049694807774e-01,3.545851608799228116e-01,4.692080555545750098e-01,6.257990201966081578e-01,1.071745033724009477e-01,1.511311497167059092e-01
8.725573192289760582e-01,2.602905419512235863e-02,6.826878004603637029e-01,2.940282272528538243e-02,5.576731493826537767e-01,9.996943797383227581e-01,1.792548738253604557e-01,1.515903585985479418e-01
7.585259188594852819e-01,9.674088555368139941e-01,3.301552822244013252e-01,7.278605785793826888e-01,3.685532759240188749e-01,9.089969477460683178e-01,3.739260610602256063e-02,1.489280422946616389e-01
9.791237418441431917e-01,2.666773365183829347e-01,4.524255900031056710e-01,1.265652926780884147e-01,5.230652705643914491e-01,9.941805661087884660e-01,1.769582506421017720e-01,1.502892943166117268e-01
9.472667684137607846e-01,8.860898667546889262e-01,3.418273461664982915e-01,4.222401967003936440e-01,4.264871160762226943e-01,9.641941577182260303e-01,1.207843961557363704e-01,1.502549126129748835e-01
9.990087705831320886e-01,5.442997087715008009e-01,3.039962177132300436e-01,2.692424321928671427e-01,5.142803263814469394e-01,6.275554385285706527e-01,1.048195593810309356e-01,1.518090297645665609e-01
8.787423983174267317e-01,8.256840996718097792e-01,1.856782055933340614e-01,6.463022754465457265e-01,3.952228042623666671e-01,9.045596361467971303e-01,6.567693480659218819e-02,1.500198200046093389e-01
9.568408469688227669e-01,6.164013432244574986e-02,3.593673328998457372e-01,2.255698844863856800e-01,5.410233314742201038e-01,9.544205171688242562e-01,4.457699883703980515e-03,1.527144685423434955e-01
9.725337782003853349e-01,6.521383164384499942e-01,2.639737563677182486e-01,3.739502576639058828e-01,4.430246743706326984e-01,8.112684470913020807e-01,1.916454281996305409e-01,1.500155035703715500e-01
9.978986961770620612e-01,7.533688073307289734e-01,1.613241881595261218e-01,5.181709936845844133e-01,4.009775486211238915e-01,9.467850150563472678e-01,6.153216625224731950e-02,1.499729179582854066e-01
9.879203200847280764e-01,9.648549770793621860e-01,4.075437275874370102e-01,3.151570694022920449e-01,4.514265041601277506e-01,9.918496620541346065e-01,2.223087983169607651e-01,1.508341246521755774e-01
9.525341066535986112e-01,2.903415494389660623e-03,4.598420794131679035e-01,9.897703584982153746e-02,5.463660610215199664e-01,9.359688505533239056e-01,1.299542833737775405e-01,1.514078377626070226e-01
9.557846069259974264e-01,9.711388043726932873e-01,2.350536044315366113e-01,5.082043693991940003e-01,3.851735815554054865e-01,8.500769122839564318e-01,1.670905336683110864e-01,1.491354409273902837e-01
9.813889796352783801e-01,9.186661307802204135e-01,9.556000723274371556e-02,5.235172112975987613e-01,4.427630604182775653e-01,3.893626316760886441e-01,2.832708887127510788e-01,1.510185272380647759e-01
7.837927112391183115e-01,9.524481818441072889e-01,2.762735933138271704e-01,6.484492564125499126e-01,3.934138330846242981e-01,4.949493312216579066e-01,1.436005105244375635e-01,1.503624748164207048e-01
9.918199302034920173e-01,9.672911118249154505e-01,9.356542520751032210e-02,5.568476910170095939e-01,3.958502860832726067e-01,6.881613056261286498e-01,2.424615075001527731e-01,1.500902106804101466e-01
7.260115148876946645e-01,8.358511863116671048e-01,3.280114419045994101e-01,7.360374113737897517e-01,3.526765498601427407e-01,7.886974150840307951e-01,2.354144070746491679e-02,1.481342937301481366e-01
7.449220073287990962e-01,8.674176887357754051e-01,5.424018672116344142e-01,5.399355735921337329e-01,3.647840544590303380e-01,8.852698551231505952e-01,3.186188516055024622e-02,1.499424983331157923e-01
9.408564052683613399e-01,9.465289762116418926e-01,2.016286894042582378e-01,5.496720366123095669e-01,3.979091058364160327e-01,8.879559558721303869e-01,4.069198211892197103e-02,1.510796769124263805e-01
9.742951899502988455e-01,8.014973991556880728e-01,2.082796423719652790e-01,4.714930668477133602e-01,3.971261104353890348e-01,9.375155307115728975e-01,4.307661263974864319e-02,1.494521755724188272e-01
8.207176924872063850e-01,9.636438252170868024e-01,4.194661297382841214e-01,5.175533617994048097e-01,3.766714728770536036e-01,8.686329196290729637e-01,3.031011172695155520e-02,1.516622192522077972e-01
9.721147280814892433e-01,8.365302629404416379e-01,7.977282079731079500e-02,5.570889119877353579e-01,4.193248536081177757e-01,5.618575025283315538e-01,1.623579871037049149e-01,1.517027729293883576e-01
9.190338761326767303e-01,9.656735450717746083e-01,1.514794670265117993e-01,5.740074510823544029e-01,3.819391028096119078e-01,5.664167364759611356e-01,1.975032154158168907e-01,1.501934143613824213e-01
9.777315107320589949e-01,1.848029521532232877e-01,4.658410278992451969e-01,6.544693739576623592e-02,5.666317092663677446e-01,6.807914383077187104e-01,1.434425720079967881e-01,1.533795198266549586e-01
9.570563958084532530e-01,9.737838907095323071e-01,2.342703953172258768e-01,5.071891777669290668e-01,3.981071808852308935e-01,9.230413590226740350e-01,1.848762436546033672e-01,1.495458057092607373e-01
9.985423681797951367e-01,9.924589100481250314e-01,1.269973485812936342e-02,6.581221869132398705e-01,3.897772098787716799e-01,6.680671991699888013e-01,6.836715393866155122e-04,1.497043745731602427e-01
9.876442181740066051e-01,2.453816259135144229e-02,3.290078812992247581e-01,1.870296048213380968e-01,5.355190914543308534e-01,7.994668115076772885e-01,2.689047640489169999e-02,1.514619271003026790e-01
9.778382878463440786e-01,4.254193035954345614e-02,2.239323586694213775e-01,2.861898336172513102e-01,5.313034947388316498e-01,7.876344371204132555e-01,4.279168799626308917e-01,1.507099553548439663e-01
9.654627200563247191e-01,9.839472888726445987e-01,7.508320164648257800e-02,6.684538730655599226e-01,3.608608199735132693e-01,8.195792172426482614e-01,1.714532038248210988e-01,1.494199638059810487e-01
9.893643772093827504e-01,6.826400023728917965e-02,2.692226371647806760e-01,2.773016690737126755e-01,4.824977162837192912e-01,9.569465431367797370e-01,3.996621626539101912e-01,1.495872755027971290e-01
8.575028775964412819e-01,9.345441881402281048e-01,4.215115306069819878e-01,4.367737823721185020e-01,3.929439592945234705e-01,7.584396971600044779e-01,5.645984733368408781e-02,1.508770797248177031e-01
9.805720833690663163e-01,6.844728287518891952e-01,1.575370072035746360e-01,4.599582590501709589e-01,4.605109601733601288e-01,6.220854070673631497e-01,1.017192332350763395e-01,1.518922758436595799e-01
9.964456303541634474e-01,2.210256437081896674e-01,4.298314463652642692e-01,1.221415651800966118e-01,5.633793651761478394e-01,8.988122144149727211e-01,5.380438693230659153e-01,1.506425535245361214e-01
8.151159195035748706e-01,9.962636152534380951e-01,2.478292041034455551e-01,6.066955847543886726e-01,3.974094613181087254e-01,3.337776073289042134e-01,8.328165018221962701e-02,1.500505721672612536e-01
8.553764865507544890e-01,8.761084234483456079e-01,2.286075605862057936e-01,6.544342370216447158e-01,3.418161070956149405e-01,9.415600980886330573e-01,7.135677054178250767e-02,1.492229504442329768e-01
9.797648112826011779e-01,9.686215659845769377e-01,2.111593322293019159e-01,4.437084323825052912e-01,4.360212469063018959e-01,6.393481367621068889e-01,2.701162341602686978e-01,1.508233077448306314e-01
9.991869168104781096e-01,4.385896850888038045e-02,3.171082915549646164e-01,1.503370532976198715e-01,5.222258663408513302e-01,8.042746884783505967e-01,2.272976672828099232e-01,1.516072308720582962e-01
9.392365000350942905e-01,8.582764752339375747e-01,3.983620510514755964e-01,3.491051537717817510e-01,4.558073402668368357e-01,8.640998904607727349e-01,4.827668507518081964e-02,1.513810788620952030e-01
9.524206674353870028e-01,9.281456619287888898e-01,2.662561615198503762e-01,4.530422903376603028e-01,4.396860971621284753e-01,7.238079809874119475e-01,1.032868936411065336e-01,1.517038760680891607e-01
9.462385029718942686e-01,6.848876761097810739e-02,5.719927002230409396e-01,9.135698082668841646e-03,5.333253294717842374e-01,8.906458532065388845e-01,1.004523012976326346e-01,1.510192545194810054e-01
9.741922484569920382e-01,2.470326748734708588e-01,5.331547526350798316e-01,9.037958210515778523e-02,5.531302707762820736e-01,9.905503208640149548e-01,3.246946580069751676e-01,1.515279710605363928e-01
9.188271545230874970e-01,1.496928990708498164e-01,5.786562608390486417e-01,6.244749767676943675e-02,5.671216188474378361e-01,8.782719902068788498e-01,5.555500990074122014e-02,1.528569125194201572e-01
9.665731296399215910e-01,7.701511412210884089e-01,1.434831070968746458e-01,4.523491663120812745e-01,4.486791680298797269e-01,4.120616542715495045e-01,6.187921048077915653e-03,1.527744905049731317e-01
9.624674442012813858e-01,1.101075525953269518e-01,3.679989451557868496e-01,2.273154841935464965e-01,5.577648737293884329e-01,9.248650978839247916e-01,2.592152817893384475e-01,1.514032660130001096e-01
9.721476848294268169e-01,4.502376767233225441e-01,5.678434811794819126e-02,5.266142008398566610e-01,4.396091843675762334e-01,6.201272356731597490e-01,2.050378024558070500e-01,1.511622417446183142e-01
8.750847121410133544e-01,9.782744209609990360e-01,2.123867326833714653e-01,6.167982925951067674e-01,3.854270479028922280e-01,6.680845130286554578e-01,4.936131747460081876e-02,1.510191188382387917e-01
9.631475745976275649e-01,4.303642254400159572e-01,4.895438770835942588e-01,1.627279427333119255e-01,5.142807484010811780e-01,9.394202193745723184e-01,2.107138647907303430e-01,1.510938247017516167e-01
9.420816377261725938e-01,9.921091504316597032e-01,1.871361104238320472e-01,5.649514979715799523e-01,4.211507603606088890e-01,6.830049701285383357e-01,1.650616435995420073e-01,1.509689676011526926e-01
9.967415831131863913e-01,2.426793667807498056e-01,1.101931650263844320e-01,4.030206526840626191e-01,4.780412798527537976e-01,6.007083012362827157e-01,1.603944410667412779e-02,1.506755878550161409e-01
9.476815319980339547e-01,8.935560933794299832e-01,1.972516692242676506e-01,5.005912344066357766e-01,3.941110111260832105e-01,7.625226158109805752e-01,1.499469067497067321e-01,1.502078796679406913e-01
9.972591686005790601e-01,6.081760454883896605e-01,3.890614053243020010e-01,2.061936955498343826e-01,4.926965394946358767e-01,7.517177143389125460e-01,3.552202563840325955e-02,1.517928811027491054e-01
9.807508291718518567e-01,2.441012577440848652e-02,4.680684314135339918e-01,5.566610818475092870e-02,5.928830020087503261e-01,8.841753143386611447e-01,8.807054700496637356e-02,1.530981276059959761e-01
8.631301251991280177e-01,9.698553779543100939e-01,2.942855375284754160e-01,6.072788731127598538e-01,3.675621004883024567e-01,9.811867973134191789e-01,4.325402635300572285e-02,1.481691931622549363e-01
9.685921978951048672e-01,2.087665916899039686e-02,4.275536796989766186e-01,1.335235027935850471e-01,5.727936069464266700e-01,9.281277874157216612e-01,2.791607787234486882e-01,1.505299257376574718e-01
9.577334575154989871e-01,1.378636002156236606e-01,5.217107338893444135e-01,7.335778562959704985e-02,5.885930842468080071e-01,9.929304232447151435e-01,3.791365001852837757e-01,1.522890925104951887e-01
8.061414295937713304e-01,7.327007208271987260e-01,4.121998611104574772e-01,5.199085039420155985e-01,3.921762447769511217e-01,9.218158557281346255e-01,5.054412112104157695e-02,1.488253408721061655e-01
9.956864841743017225e-01,2.085946852915323557e-01,2.786979801248928301e-01,2.264909408085422071e-01,5.252459802425089030e-01,6.173925459966793650e-01,4.370815588958356646e-01,1.515980569209736950e-01
8.412329099229947094e-01,8.329719431421838127e-01,3.110339495077624750e-01,6.249291746148345483e-01,3.874005889719502882e-01,9.817294955882964747e-01,8.473465107754747649e-02,1.506878246031315705e-01
9.410887258891142970e-01,9.673771467404379543e-01,1.827363655980242807e-01,5.541152346188700228e-01,3.985902166406229963e-01,6.761466559478405136e-01,1.190800291035256919e-01,1.494060790992202403e-01
9.443813578714099766e-01,7.896658383641134149e-01,9.604691889589714315e-02,6.518705255176053814e-01,3.787642752931618118e-01,8.494884880049868858e-01,1.525313463683528326e-01,1.492305193772265337e-01
9.545559829260985563e-01,1.307898888404901427e-02,3.615322594907657838e-01,1.673906897993877041e-01,5.518806837322628445e-01,8.018785748614419839e-01,3.850487068716550443e-01,1.513863115093033729e-01
8.470605287325716493e-01,8.113641723357812863e-01,2.951254923915220818e-01,5.412278805156304218e-01,3.743579720696026958e-01,7.283826589418780362e-01,5.385551591271381389e-03,1.497631594669114885e-01
9.131218877171419779e-01,9.956621443745387046e-01,1.414794534775874468e-01,6.932793584589188596e-01,3.533466797919849745e-01,8.832306400882217190e-01,4.223507000687577728e-02,1.505124890512247182e-01
9.340803214485595696e-01,8.864711902725904702e-01,1.816260322974496688e-01,5.321322735892934919e-01,4.260282871450834508e-01,7.025485664086509319e-01,2.099506152782038004e-02,1.517809556378081903e-01
9.329891288752355516e-01,8.892614879022303631e-01,1.195401962893263281e-01,6.281838178496117475e-01,3.914512304861669234e-01,8.237865717169303714e-01,1.867889943302100397e-01,1.498822022150601563e-01
9.911414574351717910e-01,5.164604731601321053e-01,1.537570553518245176e-01,4.628378091162258512e-01,4.650505441948956098e-01,8.576601695070618092e-01,3.039988342321767179e-02,1.514266550101447950e-01
7.563429761575821697e-01,9.892394016370271714e-01,3.206752241185408803e-01,6.821317670033086866e-01,3.877701733356815894e-01,5.448739681534775503e-01,9.716261551489684123e-02,1.500260354510194738e-01
9.588462788235699863e-01,9.481879215900251845e-01,1.579516220473106414e-01,6.052490717768237438e-01,3.900492079372242515e-01,9.084639154379762216e-01,2.904735683458159468e-02,1.494025435766593579e-01
9.997237247377980252e-01,3.571381966475538627e-01,1.501180343664098027e-01,3.550623995952217893e-01,4.962884449942314147e-01,5.060285904839895155e-01,3.011703487045733207e-01,1.524725687890448322e-01
9.974188246628884480e-01,1.086007211493831837e-01,3.580450171653035696e-01,1.046639786589824150e-01,5.461276390356416544e-01,7.237654281357268626e-01,3.672692523213398896e-01,1.509246098821842574e-01
9.953921862646664120e-01,7.271026674989762295e-01,2.597648108581784854e-02,5.327580115822857509e-01,4.122382809729318587e-01,4.212986802545196086e-01,8.903825106680217372e-02,1.507421692061011731e-01
9.991224440898045511e-01,2.502783880436955655e-01,2.647477132329354443e-01,2.196314215112028512e-01,5.342695317607563110e-01,5.209579229682882451e-01,4.239319846974761163e-01,1.522029734926758915e-01
9.801217039212714033e-01,8.371319983750131755e-01,1.971952423364043139e-01,5.008153898168877793e-01,4.305499048803793083e-01,9.191096479287952370e-01,4.517729255121782916e-03,1.513810518829011853e-01
9.591965837779303783e-01,1.957759805928727115e-02,3.694673441514807477e-01,1.765123885486101218e-01,5.202653887866786064e-01,9.161887026053803229e-01,1.965822778804246496e-01,1.523810432539664805e-01
8.402039266458225519e-01,7.918737775753602604e-01,1.447823607696744064e-01,6.929421764568777231e-01,3.788751821874786763e-01,6.927171984553207595e-01,2.776718486351573145e-02,1.496977565726623494e-01
9.985086857485658829e-01,9.275172185404332303e-01,1.270595610352938665e-01,5.767724197551078458e-01,4.211349539262900232e-01,9.106941627518592153e-01,1.520331820261885958e-01,1.509350422294279404e-01
9.668946127344014707e-01,8.352571890599224114e-01,8.778813125944012752e-02,6.694720583381972290e-01,3.986315014596108486e-01,9.525150427728789060e-01,4.355225156678399490e-02,1.501917922708576048e-01
9.176402624204793579e-01,9.729271283341438536e-01,1.643046800355873471e-01,5.643745903717019008e-01,4.147033055162929749e-01,4.944595603943298112e-01,1.579295200220224293e-01,1.512992872171610992e-01
9.132361427423523192e-01,7.314990783606312164e-02,5.394753407684846902e-01,9.698715627912396497e-02,5.192347172978700742e-01,9.528700579295035222e-01,1.776020926501698793e-01,1.504865867499673993e-01
9.333494802595356798e-01,8.959736387682765146e-01,8.691609605327516030e-02,6.144979982962454068e-01,3.769406247614457972e-01,5.980550909874013943e-01,5.819440583814064483e-02,1.507512186356336215e-01
9.998833166802338912e-01,8.276392619211675461e-01,1.028064673402425411e-01,5.982048767012115853e-01,3.742329956656320622e-01,9.265745256550846909e-01,1.071354831696757492e-01,1.490329803526666552e-01
9.200713241862902292e-01,9.691531004086828549e-01,1.617329296273964656e-01,6.202052169596828923e-01,3.728094268538559852e-01,8.127848528617473978e-01,4.179026292027728240e-01,1.496639272155558809e-01
9.574775696674501235e-01,3.260470241290558957e-01,6.726057199918039631e-02,5.059254879383675574e-01,4.448921257382931760e-01,5.781071974333381602e-01,2.036446260182640522e-01,1.506977480467107666e-01
9.916129400641370273e-01,8.364492763391850882e-01,1.112862164976091695e-02,5.994272337279669127e-01,4.018912768531228696e-01,5.139313513299552660e-01,3.504937238094417706e-01,1.488478216359110096e-01
7.835507910006899168e-01,9.854368600422624969e-01,5.740575184269478548e-01,4.969348313355817504e-01,4.142329014396682330e-01,9.735937727662711261e-01,1.125250568557601138e-01,1.500132654766162810e-01
8.225024824595603690e-01,9.725759566561291702e-01,1.809350856544459374e-01,7.123253580034405452e-01,3.344416915251566813e-01,6.726375940482443028e-01,3.229816158239307011e-02,1.491814054884570973e-01
9.985832987961353879e-01,3.188193542774897526e-02,2.716191722795047170e-01,1.986218303201161828e-01,5.431390304291081605e-01,7.684408521095013045e-01,2.227546402885260401e-01,1.527181282473527579e-01
9.774457515714509714e-01,4.696776159633608838e-02,2.286221567445676506e-01,2.990423355270525052e-01,5.186113574194929354e-01,8.378242409582349337e-01,6.319785143358975787e-01,1.502255309576929487e-01
9.647418388503944398e-01,8.660304333254287279e-01,3.504078765773858128e-01,3.542497109582888881e-01,4.306205670135320740e-01,9.481229968575617395e-01,8.757646279266979861e-02,1.503877139726683687e-01
7.781708772077030600e-01,8.280119882670208264e-01,4.598441249513798290e-01,5.240382792402500378e-01,3.937095547923321059e-01,7.483394583974157799e-01,8.558084424808320989e-03,1.491719714532501184e-01
9.814318509917815403e-01,4.331836375443919862e-01,3.030161819641477017e-01,3.013224532132757760e-01,4.655989641361453213e-01,8.706780056351841601e-01,1.373333232364823409e-01,1.507243582989773456e-01
9.925963958175002544e-01,2.604425206987804886e-01,9.057052532290638114e-02,4.070209150355698080e-01,5.095652477142296188e-01,4.255924184712279734e-01,3.461864246925487332e-01,1.515217678571199045e-01
9.939112656319408767e-01,5.886783372532312653e-01,6.086425025692503432e-01,5.347255963984182126e-02,5.606892474969698004e-01,9.934916259609156697e-01,2.601336456673528641e-01,1.528279083226132540e-01
8.545436155423631330e-01,9.517815965485225682e-01,4.239465808632996158e-01,4.315632592900754405e-01,3.995966917770245597e-01,7.599609914563708601e-01,6.821579235893140969e-02,1.505398693555553280e-01
9.453605075298094906e-01,9.076511965852163133e-02,5.428645937741614080e-01,3.977172579876031566e-02,5.581991989778214425e-01,9.224130186352978988e-01,3.268508125088103733e-01,1.507031613871861464e-01
7.482917026207264177e-01,8.937132636019029519e-01,4.177365341545918875e-01,6.341011349363806504e-01,4.034539397135080141e-01,7.366123238220306790e-01,1.177209959854449983e-02,1.495456534880128530e-01
9.346983698925726003e-01,1.680288954701281146e-01,6.015547957565942072e-01,2.700025774129588552e-02,5.451977050414734682e-01,9.485162781031750701e-01,2.263486347144185173e-01,1.512639272485060138e-01
8.885278941062535463e-01,9.109277141975942182e-01,1.514259361025044881e-01,6.256794308222415335e-01,3.953162402664162078e-01,6.060583998146803486e-01,9.375142069595429617e-02,1.505445631624003355e-01
9.930795613422437329e-01,9.793900347037931553e-02,3.911588125967652707e-01,1.235824565197458091e-01,5.240612438244962590e-01,9.271165405877543897e-01,2.412867577882111536e-01,1.520600570799801043e-01
9.723485991711509069e-01,8.959827622556801874e-01,7.547259343504336693e-02,6.765751777839226211e-01,3.713581747835872915e-01,9.726186994810355202e-01,2.755831924423163271e-02,1.501411611731119644e-01
6.998866141089193915e-01,9.362444147233730529e-01,6.217317024106292500e-01,5.826396078088180719e-01,3.890410503281544474e-01,8.613974978042849839e-01,5.664650259012843359e-02,1.495761444068401946e-01
8.699564154866096244e-01,7.152735580034448315e-01,1.172827903798597526e-01,6.449590946597166807e-01,3.911962242328553829e-01,6.047792134713998458e-01,1.530940359230853476e-02,1.495052199536409387e-01
9.078815987194391868e-01,9.885865587625697337e-01,1.783619220213821521e-01,6.247543045537331530e-01,3.772154700363559710e-01,7.193877099173167089e-01,3.915615119709509040e-02,1.516765238230303181e-01
9.844270439536599859e-01,2.523665427664451566e-01,2.517254445231786875e-01,3.173239261097471342e-01,4.734203276948020789e-01,8.454844827823230213e-01,3.288440643273976560e-02,1.500810896065807309e-01
8.084214466229653340e-01,8.709387889805134675e-01,2.329348907586541451e-01,6.740051741249439843e-01,3.677053158342324934e-01,6.475348767398165784e-01,4.630997795312202792e-02,1.487502145752260529e-01
8.760995283690792279e-01,9.033820380704573605e-01,3.132057334073987676e-01,5.661011818448312694e-01,4.228795540238186601e-01,9.604804208309856151e-01,3.318080533234391005e-02,1.499022691870402491e-01
9.766904341102173870e-01,7.201218929179278305e-01,1.420015965736309838e-02,5.395030076668251295e-01,4.587372294347648038e-01,2.679019422605382061e-01,9.663472336121360640e-02,1.513760516011928015e-01
9.294167240221983262e-01,9.294776602611070082e-01,8.024185772402736561e-02,6.418783710319974078e-01,3.875859046488196458e-01,6.808521092895040150e-01,5.416673171718708324e-02,1.514146729911394484e-01
7.148342002221473868e-01,7.210077409120549952e-01,4.024844629482189351e-01,5.878228691847267040e-01,4.061115934876348144e-01,4.457133044609017936e-01,3.323737828380583792e-02,1.488210276559873979e-01
8.428007687834180306e-01,8.152306909310055305e-01,3.325679763842548375e-01,5.418502591090299525e-01,4.047337660139816440e-01,7.797549928981498679e-01,3.579502518036395409e-02,1.500492728830337130e-01
9.998535800193757428e-01,6.302879560543900306e-01,5.514632891448814078e-01,8.127231870193118990e-02,5.072065014584649090e-01,8.960484946209532620e-01,1.704623188653494326e-01,1.510078850672338657e-01
9.605529565013081195e-01,1.701226646784377294e-01,2.239100923729212267e-01,3.458706417108503572e-01,5.106656785529892773e-01,6.988586488338537350e-01,6.289259206770740629e-02,1.517038124387440068e-01
6.839565776676641562e-01,8.268128836245725033e-01,4.749920288240376820e-01,6.790967842605399873e-01,3.506200709999802712e-01,8.471712010694817385e-01,3.543604096712890672e-02,1.480053804744666524e-01
9.948321322204496386e-01,3.594057726241439710e-03,2.369137306971526025e-01,2.424783869834143679e-01,5.289181787796505274e-01,6.851801801178064588e-01,3.915164790491444391e-01,1.508169167668028110e-01
9.975053889636010807e-01,2.833554461837528571e-02,3.113129170611383389e-01,2.234350511690115226e-01,5.498840847758300621e-01,9.708906952161415749e-01,7.121503039573640059e-01,1.488674696347665471e-01
7.735586508039368203e-01,9.134897835509728781e-01,5.023336112222842598e-01,5.528471276589932426e-01,3.704340529706789953e-01,9.334135815772607314e-01,1.137456848374983620e-01,1.495103515812262751e-01
9.761443571445316270e-01,1.371912075703695666e-01,3.046510155680381415e-01,2.172694199057245701e-01,4.955310294094051882e-01,8.148787456562458509e-01,1.914619180273305354e-02,1.511623086245825198e-01
9.579306874092782254e-01,7.619052031985935614e-01,1.239752607524478856e-01,5.123553848059571036e-01,4.444056653968906923e-01,4.481411757934313234e-01,8.773363419895587045e-02,1.519315863652998533e-01
9.610362895369929381e-01,3.086997318223475562e-01,4.638806294499834837e-01,1.652800480981599374e-01,5.204258559620776881e-01,9.949682528309977680e-01,2.683953300371999529e-02,1.527179261441836133e-01
7.785663870855519253e-01,9.597829918443278041e-01,4.475237119037572819e-01,5.907117510422157380e-01,4.017709147309994622e-01,8.721659347800135853e-01,2.304099775114107351e-02,1.500897569398054188e-01
9.864366891465593534e-01,3.824763532593502546e-01,8.101220562091920874e-02,5.289405404901111885e-01,4.338162024883207568e-01,8.168730738385736601e-01,7.671106886758526089e-02,1.502380324416690005e-01
9.282099891442774364e-01,9.710062471061727818e-01,1.197170895093120913e-01,6.148849293304571306e-01,4.265984415791818640e-01,5.693482415049262446e-01,3.522882636522309263e-02,1.521359444387186399e-01
9.945824189671591542e-01,5.508658196438432908e-01,8.267902912175584262e-02,4.757955467487465784e-01,4.375380465654680195e-01,6.358643413763669372e-01,4.394379025345344081e-01,1.498633624251420327e-01
7.729510938211420212e-01,6.372002115561540281e-01,4.402394996176419717e-01,5.514400949452222811e-01,4.144042787304494380e-01,9.941214741447710335e-01,4.039189261271267095e-02,1.501274702931793548e-01
9.345871632825765163e-01,8.414761312768124224e-01,3.899917313208803860e-01,3.620731546833655390e-01,4.407137083531629251e-01,9.500035075449697608e-01,7.221487283516930811e-03,1.507250295607557578e-01
9.464014879115015821e-01,3.488856524074220866e-01,6.243632712368365478e-01,4.548530022066227252e-02,5.630113909909943981e-01,9.636482654632464451e-01,1.891773095690309214e-01,1.509579423875503923e-01
9.493590209247468881e-01,7.280119806147804518e-01,3.605400477390550140e-01,3.201252025895981457e-01,4.562987647921604717e-01,7.195060591253354954e-01,2.250990469623509460e-02,1.516886129858190380e-01
6.632835210974661333e-01,8.533208815292241400e-01,7.325706602808916834e-01,4.383220622071566375e-01,4.536800869514802104e-01,1.192818781306241860e-01,3.473916971307668133e-02,1.498566454020949790e-01
7.355549669544585445e-01,9.443312794856136838e-01,4.846614456911136903e-01,5.580148983962838205e-01,3.830820489880039093e-01,5.684182160777784265e-01,8.642577131608174257e-02,1.504403468023176593e-01
9.932278507629543896e-01,1.427509676903070956e-01,1.430479344256482266e-01,3.871443966022131145e-01,4.782017927602273955e-01,8.043563412922756228e-01,2.471642994204649169e-01,1.514731309089871192e-01
9.927216813540782336e-01,1.061613564977338386e-01,2.396791766842620297e-01,2.621334916450300812e-01,5.332755254907555198e-01,7.091980833551494445e-01,6.012546138971026632e-01,1.501950466617128221e-01
9.877470837038018203e-01,5.725016340104832624e-01,2.290177334938156284e-01,3.616629169554491652e-01,4.708227283429617938e-01,7.847232664763195142e-01,2.033237102099527682e-02,1.517003066340100736e-01
9.911336708998939038e-01,4.021768736530353383e-01,2.671034008767942947e-01,3.505504180298081862e-01,4.792118406600871516e-01,9.851232476242096636e-01,2.513250270254599461e-02,1.511176088324267530e-01
6.673908686184547578e-01,9.981570734191860250e-01,6.546134037962774155e-01,6.119854109542754994e-01,3.844177866185028991e-01,8.049414822708846895e-01,2.743934976031739414e-02,1.501148847202478098e-01
9.935059939286299269e-01,8.846561610532249764e-02,2.888902421235705065e-01,1.912440912626086065e-01,5.414238340143067152e-01,6.166733251442790831e-01,2.452839538079142900e-01,1.511002667859207005e-01
9.773052706635017017e-01,1.167489597117576383e-01,4.808758213431828521e-01,6.938842807362471943e-02,6.016423707301779000e-01,9.052008979632812924e-01,4.379259097144250767e-01,1.515470773480311062e-01
9.825845097002419148e-01,2.500247016394541166e-02,1.049630779766322353e-01,3.767998111655690430e-01,4.913290833011022540e-01,6.391201027947912561e-01,5.656174310094524982e-01,1.500990758647877954e-01
9.055568988264603991e-01,9.963300335036360256e-01,1.811548838577657639e-01,6.484500472077953104e-01,4.147660015543876977e-01,7.668362129139933980e-01,4.000917989573021805e-02,1.506530986256953697e-01
9.951854290827745197e-01,5.986247864788563078e-02,2.172469794232495532e-02,4.674521746339109218e-01,4.894385333912305569e-01,5.854127413548780856e-01,3.981960736362260000e-01,1.501058738564427786e-01
9.530004458463935402e-01,9.317835517538076706e-01,1.046576635742339501e-01,5.287330050927876446e-01,4.118990322453867092e-01,3.772302012462880882e-01,7.791352823908380409e-02,1.511763329759860108e-01
9.826903590320070769e-01,6.293279308018351337e-02,4.984030043272894561e-01,2.464317679136784900e-02,5.443290212861918720e-01,8.166651835438311080e-01,4.243857263699942206e-01,1.504961398350860846e-01
9.675977582276643618e-01,6.053051853081011791e-01,2.874029179750371976e-01,2.987390430883837822e-01,4.889323666345114505e-01,5.065625769580522908e-01,3.143097097254354821e-03,1.520823384101955555e-01
9.760194830555762868e-01,1.097040190965364870e-01,2.586924842976297545e-01,2.726606552729373689e-01,5.230044095644317270e-01,6.744368016834587642e-01,2.389258299032012145e-01,1.519527236317247676e-01
9.887495340999065130e-01,1.302852010107133918e-01,4.694026309793349894e-01,8.868383234309745733e-02,5.719070273704975893e-01,9.612670840111635640e-01,1.427254684246929695e-01,1.512726832880917638e-01
9.404923477022528733e-01,2.018177985269657415e-01,4.817743094567504825e-01,1.488473226105265224e-01,5.594972920234910774e-01,9.233898323791701612e-01,2.062330234452022515e-01,1.523599162576738109e-01
9.659175660974420596e-01,7.814558042417873995e-02,2.981898103739022976e-01,2.961996062547285202e-01,5.272361325633632134e-01,9.985180881902802064e-01,4.248278380067885274e-01,1.499910123408495222e-01
9.845469117854355190e-01,2.231508363574090659e-01,4.903062325728931303e-01,7.297248601793304701e-02,5.929853616393472304e-01,9.579632934099702180e-01,3.008333882952615168e-01,1.525904211596235405e-01
9.587446230987877183e-01,2.616148195473645965e-01,5.426980294373343616e-01,6.050834128028775849e-02,5.399622339982099728e-01,8.756236839531493787e-01,2.453609198119832135e-01,1.516765782855830635e-01
9.877318079235121173e-01,3.328843405827979218e-01,4.282639323083652916e-01,9.172598246160879043e-02,5.347616404331182460e-01,5.908116455267345968e-01,1.268851312903925832e-01,1.526564363725734508e-01
9.463213394303597870e-01,2.680604139436296718e-01,5.484865435212973317e-01,9.797079478365333660e-02,5.726004656897805134e-01,9.495826194015383193e-01,1.304216877471683911e-02,1.540833249072655342e-01
9.873039325165459124e-01,9.601997061237261821e-01,6.786182381957822640e-02,6.805325844726128892e-01,3.831085615547716872e-01,9.596412934679743323e-01,1.816252588698847314e-01,1.511037133499968377e-01
9.664942268301376371e-01,8.886050194864769658e-03,4.481614408016338924e-01,1.193784420336461150e-01,5.799165867206277358e-01,9.645287658415218068e-01,2.331004147031069951e-01,1.505874838958090600e-01
8.855775085897980015e-01,9.034502958928882776e-01,1.638090318769588882e-01,6.990298580492315672e-01,3.577368675532309750e-01,9.897203934181714180e-01,1.895849695893934150e-01,1.495567936687776656e-01
9.632092928530942011e-01,9.305616995508259048e-01,2.611293548985693658e-01,3.696044546111307283e-01,4.469942526914634229e-01,4.567361982117688068e-01,5.262337955329315919e-02,1.523484461228349351e-01
9.454167356388702981e-01,8.899168718783028176e-01,1.140312211483854310e-01,6.384809281812082737e-01,3.797152413871756060e-01,9.103207765245386884e-01,3.791586788453766843e-01,1.488920703196488504e-01
8.962469449420699119e-01,1.684749830751141042e-01,5.184229327353165884e-01,1.435840494589046834e-01,5.284549473857391710e-01,8.098364248695884005e-01,3.342800535327170031e-02,1.515751553986831590e-01
9.903180501812515191e-01,9.746478957581792280e-01,2.436808320076585543e-01,4.009543616176401981e-01,4.098470052534771146e-01,6.750471199839740422e-01,4.167584263732218575e-02,1.517067434272786342e-01
9.140514626031779333e-01,5.939259148540554367e-02,6.424355734501034920e-01,3.071196449215607416e-02,5.664263897791204094e-01,9.494583495094104375e-01,3.845054234558636930e-02,1.522230591492446106e-01
7.802057723370429132e-01,6.859692723523024283e-01,5.501351909042415667e-01,4.054359420063902153e-01,4.382492033294778100e-01,7.244965415680437726e-01,2.021896966011044183e-02,1.506651722197310805e-01
9.528396074089542367e-01,8.313509728147068234e-01,1.209531090909799489e-01,5.827894415268338735e-01,3.883840925020545232e-01,7.268204056304259364e-01,3.414797680909371635e-01,1.500244145036398746e-01
9.850646963253626431e-01,9.423643067846572130e-01,1.614074240972080687e-01,5.081858002495804882e-01,3.806817540060498106e-01,7.449419175208593646e-01,1.842856602895973639e-01,1.488196545349353972e-01
9.690003569109324477e-01,1.705487229293312090e-03,3.805831462630642759e-01,1.912864583988019285e-01,5.689762174163855990e-01,9.632595999764322903e-01,2.941154295056011003e-01,1.507791924151321572e-01
9.496351235679727498e-01,2.896226322835336875e-01,5.669296817413872480e-01,6.015590055586578222e-02,5.542304909166083648e-01,9.839737844947065160e-01,1.493696203373102993e-01,1.515164390334428623e-01
9.489696089479962016e-01,9.351492645625967270e-01,1.822685711905389083e-01,6.009905074638671740e-01,4.230738098808469183e-01,9.919790352737565264e-01,2.376906746282547722e-02,1.507672290296914464e-01
9.877682166497522287e-01,3.458121090164900657e-02,4.006475280883793899e-01,8.738057111634284224e-02,5.742365336766299677e-01,7.914120074981951802e-01,5.336258564170734964e-01,1.513404669430933047e-01
9.638733972509896386e-01,7.361781061925881664e-01,1.615990613809552556e-01,5.306385153973165458e-01,3.795785246357280540e-01,9.289244338819718783e-01,5.021155700689906853e-02,1.503266801862543078e-01
8.842067898387480085e-01,9.472491292757150294e-01,3.164700250725117625e-01,5.363957278964722741e-01,3.613284612761292203e-01,9.241746086415532080e-01,1.243691719674087232e-01,1.497731349861506633e-01
9.598475355071617310e-01,5.345596458358412573e-01,4.072547484001776685e-01,2.327402108577975304e-01,4.968893233844196011e-01,8.448062672592598910e-01,4.768992549789732860e-02,1.520666478435946656e-01
9.794020211935310360e-01,6.401060809646228478e-01,1.635506539516702884e-01,4.921353454453494258e-01,4.345885859276432117e-01,8.289945848622817248e-01,7.435490971182381892e-02,1.518290854199355888e-01
8.026340876941876479e-01,7.063617335529843722e-01,5.069855745782009260e-01,4.523457051508914528e-01,4.286101916574355242e-01,9.326962047895577257e-01,9.516979710814581217e-02,1.500881488195432156e-01
9.674162639057112267e-01,7.649595352654615654e-01,1.440711567679928140e-01,5.874289419142955104e-01,4.270143996955586552e-01,8.770412980915603951e-01,1.192550189754956746e-02,1.510760868097793530e-01
9.943585392769668241e-01,8.066322616880685636e-01,9.000010208165198922e-02,5.092190643868580446e-01,4.712655118361036566e-01,4.483284127192112001e-01,5.521706092754309625e-02,1.523154100514146070e-01
9.055712274122150740e-01,9.437921107494083861e-01,1.651145645976608012e-01,6.463927168096649245e-01,4.001186372509048517e-01,7.821867820132503146e-01,6.132157771453816686e-03,1.519342877793352364e-01
9.720007796289980018e-01,9.415507019305628944e-01,1.642424775430007811e-01,5.711908306171405991e-01,3.631268719186975802e-01,9.772911989092566420e-01,1.059277333774713004e-01,1.505259634355995413e-01
9.784350666933856466e-01,6.849697906830446437e-01,6.700228874246527688e-02,6.184296188188497245e-01,4.155055644744888310e-01,8.878810894997981595e-01,1.242014262726890417e-01,1.498235524460538870e-01
9.970833755488991423e-01,7.637164094805932724e-01,1.571855032990491507e-01,4.972056390981693941e-01,3.952045309079755819e-01,8.982317148584307853e-01,1.091542754552352196e-01,1.494700853986100642e-01
9.714164159440863422e-01,8.407695858106012388e-02,2.826011001538354384e-01,2.983661978403094883e-01,4.943363345163218625e-01,9.234559146663730012e-01,5.638588229494415072e-02,1.506477827420314719e-01
9.434537451992983659e-01,6.891332460215711109e-01,1.324908360681618935e-01,5.457436225278883279e-01,4.016224122486576897e-01,7.183201642170905510e-01,2.423206980521970255e-01,1.502240817985697197e-01
9.648774290113578678e-01,5.569816501269697628e-02,3.655137848791346622e-01,2.297773757671944250e-01,5.600695828868017534e-01,9.866724853068007395e-01,2.626113118499092680e-01,1.510086749087476699e-01
9.796563922768972699e-01,3.451480852192467808e-01,4.903308255445473218e-01,1.080139522933369900e-01,5.220499786718320046e-01,8.510207079636623595e-01,1.654628518932976522e-01,1.517394242421902795e-01
9.548255684168023283e-01,2.230097262315123841e-01,3.894615867204270776e-01,1.888763729297805172e-01,5.170303580501718343e-01,7.650777824900356627e-01,6.174386362115040494e-02,1.520169919990740359e-01
9.514440149788592205e-01,8.882419590384864616e-01,3.466016904440958890e-01,4.061657325047852152e-01,4.290521791208201652e-01,9.473835150725727905e-01,1.158581107549000871e-01,1.511853865941381325e-01
9.877639754862395094e-01,2.715691741701915518e-01,4.152464335750024604e-01,1.600401326291024939e-01,5.663587541227299571e-01,8.330379146538574586e-01,1.260698322589930420e-01,1.524969446845339527e-01
9.923490555071040609e-01,8.684338297001363838e-01,1.383211787476819055e-01,4.247507452264589478e-01,4.538948134148572677e-01,3.405665105152752004e-01,2.486064661206937587e-01,1.516130227578967593e-01
9.504360784643034465e-01,1.494398995667143293e-01,5.040916047955541490e-01,7.501629798796771720e-02,5.366321197186859626e-01,9.621694440259723757e-01,5.118586761283008824e-02,1.523913500680266486e-01
9.907694493144895143e-01,2.651319576281017110e-01,2.202363451086225554e-02,4.642892272193805958e-01,4.892649729717695184e-01,4.210357721992753488e-01,5.366178221859136954e-01,1.508767872228841123e-01
9.240000975946960349e-01,8.085084664690060929e-01,2.593246754373102481e-01,5.382228961885978658e-01,3.996670011537553635e-01,9.348825033075298663e-01,1.301726349742787781e-02,1.506984665065791429e-01
9.872267559465693898e-01,5.605468354099796269e-01,3.796567583466223805e-01,2.383841563689140797e-01,4.893416284398713345e-01,8.484898579416978448e-01,2.602646621749157840e-02,1.524108980159332161e-01
9.549351896968845121e-01,1.677531394976272683e-02,5.205819959735665803e-01,5.484714395260104070e-02,5.900607361829838249e-01,9.539667553205294359e-01,4.129451800773211723e-01,1.518782521917945161e-01
9.270154349026265006e-01,2.659762561636415112e-01,6.468037426855102190e-01,2.920387457240264384e-02,5.470365393941842846e-01,9.985283217921537835e-01,1.513482178313663162e-02,1.508064429858559652e-01
9.470058522862475625e-01,7.188375544037959308e-01,2.066947077024168522e-01,4.523913619942336872e-01,4.380291024260101751e-01,6.855975352078104157e-01,6.203005096438764243e-02,1.512135881617438227e-01
9.965878159727151742e-01,6.420899595539442117e-02,1.746645377281770273e-01,3.268440441627081250e-01,5.257743129343462885e-01,7.888216631026200298e-01,5.550790823809653718e-01,1.504337982328265988e-01
9.884188840273059329e-01,8.242847948778564415e-02,2.900209162496867332e-01,2.376268181243630651e-01,5.302303457167341083e-01,9.179273765607300906e-01,5.794468071641041274e-01,1.511726925714334258e-01
9.815000734298683360e-01,9.766755879856339195e-01,1.952041882144192053e-01,4.785031414841061093e-01,4.083170404377315377e-01,6.883249638537498605e-01,1.802851643713593299e-01,1.501290112928898024e-01
7.753549957060775766e-01,9.163076894422208518e-01,4.310773215551713666e-01,5.877785101634638298e-01,3.875476909227921207e-01,7.702621322201784748e-01,9.038599588820882269e-02,1.489457910870972956e-01
8.417207869347144156e-01,8.043769863310905599e-01,2.099712833615861585e-01,6.755348980071655962e-01,3.862398215608434660e-01,8.826279497459426082e-01,1.387370223308998507e-01,1.495500569704149851e-01
9.907293310486974258e-01,2.492539956003412271e-01,2.268503282862164849e-01,2.814240748332854092e-01,5.307075180096825218e-01,5.231085246682017909e-01,1.897917774040909777e-01,1.520606292123027892e-01
9.990520502629410826e-01,3.409184677967869725e-01,5.150103458445678406e-01,1.249227626380156053e-02,5.862358727685903492e-01,6.355041764543757354e-01,2.515855137261838737e-01,1.532075168861084524e-01
9.881797192532374430e-01,3.676696868038507038e-01,5.043402738343131242e-01,5.006949341327060488e-02,5.246621550146646218e-01,7.724493445594489138e-01,9.969064213812975361e-02,1.520946660664863337e-01
9.905618965418067079e-01,3.243705697673955335e-01,3.215244514094868222e-01,2.234930899546037908e-01,5.455853118861289097e-01,7.790498150206879302e-01,1.044088763412767545e-01,1.525975683637763591e-01
9.926907569603476977e-01,1.738438567159427683e-01,5.581135722207997141e-01,4.594671192409249816e-03,5.730776328414560750e-01,9.875730013964304499e-01,9.795705209854983775e-02,1.527384582907733157e-01
8.724778380395818989e-01,7.505075138657664180e-01,3.606139741522984554e-01,4.686165019460832859e-01,4.038031840639039749e-01,8.785820773278358864e-01,1.278912224054251090e-01,1.501107655085419101e-01
9.804486218221173388e-01,7.244466937594346012e-01,2.255044642247531761e-01,4.561773716485950647e-01,4.014113904802032451e-01,9.627291988484872887e-01,7.309914332321650055e-02,1.508295877781759275e-01
9.611045090206754571e-01,7.338161619695238169e-02,4.325517339637794390e-01,1.275508508241991468e-01,5.311573963553191113e-01,8.413725038359199937e-01,4.073336039358744776e-01,1.502381438679105397e-01
9.855993231112514241e-01,2.746906161042420580e-01,4.613951400399062819e-01,1.157264490990727035e-01,5.387849952898327022e-01,9.788930742077215363e-01,4.689698402396607069e-01,1.506281325777937830e-01
9.756976293009049783e-01,9.141969744718487778e-01,3.268245543557952715e-01,4.116895042726942955e-01,4.378146132419143965e-01,9.728537761234188341e-01,2.126722233425708541e-01,1.500762819931443226e-01
9.960303015692076878e-01,1.693169685740985031e-01,3.128996640019993669e-01,1.879514889023785051e-01,5.278246283828975649e-01,6.577206392317315187e-01,1.494823912832245749e-01,1.509954589823284121e-01
9.994101713692908895e-01,7.926316040331267132e-01,1.672917479940694285e-01,3.958850412729418844e-01,4.613182025102600115e-01,3.934112632108719976e-01,1.471785828926503725e-01,1.513008819906294100e-01
8.760151040232792008e-01,9.325608298891118197e-01,2.390284925599802657e-01,6.364247175859422123e-01,3.828772925559464912e-01,9.468122428968708260e-01,1.501606936912685819e-01,1.493911270904958455e-01
9.625579232850567379e-01,9.649501142115515240e-01,1.824127626001436075e-01,5.477471964994078402e-01,4.255547308251549921e-01,8.584442219445749256e-01,8.399977623781250402e-02,1.502440667893276405e-01
9.732037750215766225e-01,3.278953782579440146e-01,4.651665453482440871e-01,1.500898227037505417e-01,5.355653940305374894e-01,9.407375870254169881e-01,1.991356404528687452e-01,1.509904792972932841e-01
9.981004548975009882e-01,1.076770310080211179e-01,1.857334487974326709e-01,2.880700299166155665e-01,4.901455812374782006e-01,7.297215745404794784e-01,1.856910438598964042e-01,1.509727861086368195e-01
8.630536526214669379e-01,9.545410134692763338e-01,3.269322045182647130e-01,5.541970836749335882e-01,3.961431276928280010e-01,9.492775291233372936e-01,1.574719027928354886e-01,1.512005962636152334e-01
9.585054749170333066e-01,1.947699812357521210e-01,5.751543687777915803e-01,1.631249285974095686e-02,5.747220407797805075e-01,8.510661360857751934e-01,2.829621123001888616e-01,1.526191400311526503e-01
5.669534944746839056e-01,8.454274685009095514e-01,7.429144258487210273e-01,6.254905937746579880e-01,4.026442021968039131e-01,2.386133286019941346e-01,1.159107117947019705e-02,1.490005419203396519e-01
9.521626030313670164e-01,4.835466187964421181e-02,3.699317039826139353e-01,1.982080057507381032e-01,5.299075439871288040e-01,8.095501413817423053e-01,2.682240825728774425e-01,1.514728177447604296e-01
9.928306712780359256e-01,9.551848130984037510e-01,1.751723516144943760e-01,4.480358006940777238e-01,4.267209896963597426e-01,5.805571273738843185e-01,2.949815649256423145e-01,1.493670049060998040e-01
9.976358545410953793e-01,4.836111048324390760e-01,1.172249450343982036e-01,4.626056013160886327e-01,4.561954969690500405e-01,7.100418655843769855e-01,3.531069779015127974e-03,1.519899613771028557e-01
9.978120547462580037e-01,9.320610210596049772e-01,2.854169982330762023e-02,5.623183447054702633e-01,4.113222661821016035e-01,4.108232205163102613e-01,9.908860292234408784e-02,1.513683418783673684e-01
7.312148543454084493e-01,9.354912249626773368e-01,5.645287397673461882e-01,4.649769795968245467e-01,4.281608098031964849e-01,3.461181645538107809e-01,1.352779993672192926e-02,1.509728526056491882e-01
7.893147949199037505e-01,9.595406445977695542e-01,5.411656902416347448e-01,5.117616009053026493e-01,3.896017081575725571e-01,9.293275016557024371e-01,5.128990042846033603e-02,1.497011293668736864e-01
6.823388561779554218e-01,7.868714483482524003e-01,5.806110248070203150e-01,5.317886792095365411e-01,4.165268886796689718e-01,4.843401138535501915e-01,4.436064778889303728e-02,1.503281147918476557e-01
8.670241192964867061e-01,6.776703050558159358e-01,2.411248232056887042e-01,5.950921539941065319e-01,4.018453337798708058e-01,9.270176879033905637e-01,1.010264177261077784e-01,1.491710707569470773e-01
9.971105620219954391e-01,6.273303543394439519e-01,3.015901242406333616e-01,2.706517164893239569e-01,5.160520515745861125e-01,5.515115640247755247e-01,1.002685750068635639e-01,1.521023145177069213e-01
9.862893270695777259e-01,8.042480783297245583e-02,4.224244489619486953e-01,1.108055007788328328e-01,5.343034566801502239e-01,9.287436593331647172e-01,4.457194995874799170e-01,1.506207279959707601e-01
9.282211871826759886e-01,8.150354875167196145e-01,3.262032498702093775e-01,4.112763075745380359e-01,4.289594618874669196e-01,8.549946122993032915e-01,1.243328342911213524e-01,1.506467742785476127e-01
9.950427030722687194e-01,1.581368724540976878e-02,1.186121415145701408e-01,3.409883766424509632e-01,5.264499401940592183e-01,6.211414355272959487e-01,4.814500945623195749e-01,1.505280397509093093e-01
7.440154184998603037e-01,9.768972032321192600e-01,3.979429636564644768e-01,6.508591411691717621e-01,3.906349588129071071e-01,6.368255125185027232e-01,2.175596430137297088e-02,1.513114372404685271e-01
9.942173088645189782e-01,8.387860505801745248e-01,1.272349605573527553e-01,4.674242392083987063e-01,4.230378953260396369e-01,5.207417931601587835e-01,4.967357723304873796e-01,1.499352826370297931e-01
9.645374695424038247e-01,3.879966171575016665e-01,5.638357820237871465e-01,9.635590129635540624e-02,5.609361174949178963e-01,9.903134809419719131e-01,6.305238436824342485e-02,1.532144343476992410e-01
8.771345769960876559e-01,8.933265727649989385e-01,2.600201607525051140e-01,5.279586676753230678e-01,4.011002011391576749e-01,5.654290325016162466e-01,9.896010946270369923e-02,1.509902312117550327e-01
6.597369840018598719e-01,9.370306813995277206e-01,6.665766781776967242e-01,5.210036316410849855e-01,4.158536318033080326e-01,2.530909847419710035e-01,4.216689211829466322e-02,1.496894338574433492e-01
9.349371718391422670e-01,1.649471074011733540e-01,3.019247294627387945e-01,3.019990293980556184e-01,5.052787737178303651e-01,7.906689615750356337e-01,9.322801702979983951e-02,1.512470190693409045e-01
9.883970693045437406e-01,5.233016928142801838e-01,2.014377107574439607e-01,3.892040445454300057e-01,4.765950803027282356e-01,6.874890526033959892e-01,1.112979434939760370e-01,1.516601812818328676e-01
8.951818732021384895e-01,9.080744393824086158e-01,1.499906063698445702e-01,6.344152077322228189e-01,3.615431894213969599e-01,7.998098107433171400e-01,7.548071903986626474e-02,1.499869775369860325e-01
9.872939382972814037e-01,2.002227622759729653e-01,3.037158945425986190e-01,2.034298018460732604e-01,4.982319667829767651e-01,7.381081162397634676e-01,1.497329122928659495e-01,1.508053015113802742e-01
9.872849749497504268e-01,9.478213447351080401e-01,3.919955582734835353e-02,6.734252227567283366e-01,3.543466945256107392e-01,8.925453312509260551e-01,2.987607949326014367e-01,1.486053370684887187e-01
9.830120759093612381e-01,4.910846851704089300e-01,1.071645940392813856e-01,4.098106255016775168e-01,4.951685883240399266e-01,3.699175585163184676e-01,3.829783051080132283e-02,1.535043509646046578e-01
9.582112739885343400e-01,1.197935098216368344e-01,5.756801926714145701e-01,3.335394216831322201e-03,5.928006925283784145e-01,8.412655212065426324e-01,1.876239082759528221e-01,1.539068406815400358e-01
9.998596810400610657e-01,7.973541029428599103e-03,7.562556806775028173e-02,4.333203435725686559e-01,5.062418260487671073e-01,8.121707116990571906e-01,3.913468790830357813e-01,1.495362027228874235e-01
9.979501740703846657e-01,1.569937193025172095e-01,1.920927345273822917e-01,3.062187510023394177e-01,5.037668616094912455e-01,7.182012480581164704e-01,4.769873077370440084e-01,1.501050298074992906e-01
7.823811474353096207e-01,8.579971430570370039e-01,4.461100338884643191e-01,5.505974399828057475e-01,3.882578972296007458e-01,8.862154144107424747e-01,2.260900459322881528e-02,1.511834045003540850e-01
7.896802746274107498e-01,7.237472768225948760e-01,5.730079471725499918e-01,3.938402360717406236e-01,4.235584036745465575e-01,8.643573659217824723e-01,3.366872130677525665e-02,1.504021329157603226e-01
9.090816563239841885e-01,7.866993729118253453e-01,1.147831878831296615e-01,5.921852486175380736e-01,4.161275447839809516e-01,5.334217190301915323e-01,1.703063494892568808e-01,1.512512991646190463e-01
9.993368850464403597e-01,2.857165349049189396e-01,4.347491488412676963e-01,8.579905378173841024e-02,5.591138785508957820e-01,6.996881908324258381e-01,5.072218176400203893e-01,1.509773796671423918e-01
9.978907958054448191e-01,1.326649111472955056e-02,4.008956119378497274e-01,4.233233667681607360e-02,5.899108093270900577e-01,6.898438055351235887e-01,5.296790166300082703e-01,1.517066735437682390e-01
9.768704349996839564e-01,5.733626384990205826e-01,2.427989685381201079e-01,4.362505248101424260e-01,4.593744166098361337e-01,9.568550090782194095e-01,1.262727702675253416e-01,1.500699623285700335e-01
9.130254693075228190e-01,3.062684540879053730e-01,6.520139324572049588e-01,4.195554662534761725e-02,5.230485511639659801e-01,8.930954784496071275e-01,7.020657777797223442e-02,1.523213158043500159e-01
9.177630919561636791e-01,9.267863854752793618e-01,1.194997674908809815e-01,5.954694791422812106e-01,3.873674776120809016e-01,5.528335366236674098e-01,3.064317090825274814e-03,1.504169465292373720e-01
9.309025590719689491e-01,1.304426577679867472e-01,6.099070708623084425e-01,8.812937778999718752e-03,5.281417200340952078e-01,8.954320989041402168e-01,3.593794479112435991e-02,1.511586492628941569e-01
9.723679898576209624e-01,6.972396658847651585e-01,1.619531722676802177e-01,4.997153261721958839e-01,4.437288297250895353e-01,7.369243142001892233e-01,2.132752491108134418e-01,1.516680155723083845e-01
9.731698617856028299e-01,1.049877037476232289e-01,4.914927242022840703e-01,5.690450895462784153e-02,5.482315669038362316e-01,8.722707467012932314e-01,1.304816213319406337e-01,1.512887162334845270e-01
9.041969355782992768e-01,9.799412559072981921e-01,1.886125991791949841e-01,6.469874984275256757e-01,3.552591547517712778e-01,8.301695983764154629e-01,5.837626442990816178e-02,1.497940749897062329e-01
9.506706781743047285e-01,3.172116380553079984e-01,6.334042907841571646e-01,2.265724219663589611e-02,5.752211965192763898e-01,9.845110812518638177e-01,2.004234108870952547e-01,1.532862238057270121e-01
7.054310985045656457e-01,8.606339785129655251e-01,7.332458732732528572e-01,4.560235913269711783e-01,4.154232192159115211e-01,8.587333579783167359e-01,4.103250026002452922e-03,1.503054368867131896e-01
9.660280014856655884e-01,6.363738967041088213e-02,5.141248495231496296e-01,4.293256282075935681e-02,5.513209779596913718e-01,9.661438092528759070e-01,4.007458194105650851e-02,1.520576449973279065e-01
9.956941183353457125e-01,1.853466481616246608e-01,2.125875324233529873e-01,2.836718622955491931e-01,5.063053444517406909e-01,6.429873854228942420e-01,4.514838777715084461e-01,1.515060572971714259e-01
9.477228431353288407e-01,9.353083999021121198e-01,2.010586645977006648e-01,4.654555614848076006e-01,4.386643236768067999e-01,5.308011503180160018e-01,1.119583845057107729e-01,1.508291028162067060e-01
9.370071368503301024e-01,3.866260967200377263e-01,5.972996002580688302e-01,8.009380815026717615e-02,5.305495121689266513e-01,9.432561679368756113e-01,5.823213423067630234e-03,1.522665073892950360e-01
9.995021650446982431e-01,2.028377628564494994e-01,4.975937794061366382e-01,4.757728840233899081e-02,5.745919181577189283e-01,8.657341831706050206e-01,5.886942968856609948e-01,1.501900152977897751e-01
9.428471122509812785e-01,6.367346349903499902e-01,1.395339737826814808e-01,5.629728393577726475e-01,4.042404611774229606e-01,8.721560846752307583e-01,5.202647236512522588e-02,1.505577458129997437e-01
9.789307622067836556e-01,9.439649896447523947e-01,1.014731930048395903e-01,5.298534345050239791e-01,4.115543616046597464e-01,4.501118288358132435e-01,5.588632686766840940e-02,1.522059635381076970e-01
9.846839690274324930e-01,2.083029703728013771e-01,5.332103945928861055e-01,2.382364137620046618e-02,5.236740315072363483e-01,9.863356429140306414e-01,3.546071193677774458e-01,1.503453663927187267e-01
6.818383635139833032e-01,9.426973893639210011e-01,5.384232741487022800e-01,6.242298852264311915e-01,4.014444139553202673e-01,6.315882551125774347e-01,6.525607742950662038e-03,1.507035822108452328e-01
9.953430177393136624e-01,2.749999479885724130e-01,3.915302390493814455e-01,1.567921627250921102e-01,5.699857029938104613e-01,8.086483650014297808e-01,3.431547177047874486e-01,1.516861534570840553e-01
9.180399564268428847e-01,1.309040423897711580e-02,5.195451382931771667e-01,7.591874039168045041e-02,5.416917759401453925e-01,8.441813527209878210e-01,1.692866664063248927e-01,1.517973505998500561e-01
9.627827849489474232e-01,5.273212052986908649e-02,4.001306036167367464e-01,1.355317905269814438e-01,5.315514717544539414e-01,8.800175928007530901e-01,1.380434956576147565e-01,1.524977862584300792e-01
9.691575451623053450e-01,3.835787423337143620e-01,5.512576907591656417e-01,5.884713091415594288e-02,5.690938874943677339e-01,8.738040027208712202e-01,2.667662509604373788e-02,1.535375348002405993e-01
9.323381441538071135e-01,5.774653497923987189e-02,4.094181685273775018e-01,1.823749834964846217e-01,5.319836247296587661e-01,8.902009978607275942e-01,1.469269468258781186e-01,1.513679202185587713e-01
9.560521299536475226e-01,4.805653001931697865e-02,2.828418148854788261e-01,2.855593438516424998e-01,5.012945316737066337e-01,9.443485188822728915e-01,2.044480807442248527e-01,1.498426658118276744e-01
9.232797404614440095e-01,3.462349092156502550e-01,6.945193129834730250e-01,3.092693824292508387e-02,5.483908387407853136e-01,9.316021080296397194e-01,1.031460359009192529e-02,1.526523250357563477e-01
9.514899131934013710e-01,8.231995211415633618e-01,9.621933836846519039e-02,5.788507582557810283e-01,4.279952446619758044e-01,5.584412969700336404e-01,1.820037562781255391e-01,1.511747712501069763e-01
9.451244664490425773e-01,1.930002451313425071e-01,5.038350151393434784e-01,1.203865504730062264e-01,5.624810936802442374e-01,9.735152818736902969e-01,3.059594881838135216e-01,1.510596140291577960e-01
9.864134036579050857e-01,8.527069258846287081e-01,3.451654135831888626e-02,6.642886910653114096e-01,3.837786090332276911e-01,8.651538360464441357e-01,1.149909020920905356e-01,1.488775991954691680e-01
8.455994903787736883e-01,8.435160250472553134e-01,1.907701415306140291e-01,6.175253300771825771e-01,4.007366460965173238e-01,5.206784390696521658e-01,5.301762524842387747e-02,1.508845228379208647e-01
9.238995695695705335e-01,5.740095455407405733e-01,6.999397895562220473e-01,4.656390557890727200e-02,5.243182373226360493e-01,8.886325682873359444e-01,3.125959846537679221e-02,1.523023717996971338e-01
9.964692402407363536e-01,1.588702702597729610e-01,5.285529817822803844e-01,4.726421333192787344e-02,5.815634407275568352e-01,9.890769477101174489e-01,3.854924866655583537e-01,1.520860938799612205e-01
9.714737796267046699e-01,6.009088332296490531e-01,1.224976835126826424e-01,4.825923974664793614e-01,4.612008037302247065e-01,5.615175983284483863e-01,9.746274977480101631e-02,1.522928557653453474e-01
9.211361818758032616e-01,7.926256969273991482e-01,2.729852648105872692e-01,4.976111583367034963e-01,4.287543478822388177e-01,8.694310048702185156e-01,1.724984507885995999e-02,1.511671217319170979e-01
9.881106198076237135e-01,6.790040547564202278e-02,4.248688152101948723e-01,7.117938502271692336e-02,5.744322581919431014e-01,7.390337183182662528e-01,3.280011982089372502e-01,1.533073500498311204e-01
9.497475261049849182e-01,9.368385045640661435e-01,2.803525321481359911e-01,5.106043264345773158e-01,4.180694423843923646e-01,9.450478845607065415e-01,6.638594804291467200e-02,1.513535110893383107e-01
9.736033794151164322e-01,5.636150691874686203e-02,4.414505850535493936e-01,9.800615642575971620e-02,5.468992532422588537e-01,8.447574452412753843e-01,3.143642437996541084e-01,1.498363140406535066e-01
9.257626303477431984e-01,9.378971784902379039e-01,4.724869371607343105e-02,7.065612856151648469e-01,3.693041002058182753e-01,6.510612165412058561e-01,3.548114393912485398e-02,1.494622939379232351e-01
9.983621304528372820e-01,1.491022951817758124e-01,4.971978332109373011e-01,5.421505109838326009e-02,5.833667474462909119e-01,9.816536937678136399e-01,3.331960450737776469e-01,1.507116129211178435e-01
7.553119980561121549e-01,7.038202817694702018e-01,3.285793685221307103e-01,6.272847366119493895e-01,3.981853518102987932e-01,6.913747778652682419e-01,2.801989407365979012e-02,1.505732928183718122e-01
9.884999662333773252e-01,2.980732145704201308e-02,2.345672940983348220e-01,2.614327636201165816e-01,5.392598858153248020e-01,7.199913073554662368e-01,4.066427646363829362e-01,1.517191721059333032e-01
9.967352526328771001e-01,1.363326011821894279e-01,1.348552148005625340e-01,3.732767110835956137e-01,5.177184350294659065e-01,6.316548859995977372e-01,2.786179571091518814e-01,1.522578672980861303e-01
9.924674657413210532e-01,9.387390401246578087e-01,6.778401930844007994e-02,6.398113479561775563e-01,3.893540478319014175e-01,8.244132228185443445e-01,2.267268847854079505e-01,1.495156938551074344e-01
9.965079191103790590e-01,9.015387216046191199e-01,1.039729803535118791e-01,5.039298449530853485e-01,4.167705996188346140e-01,4.880713127835425991e-01,1.581715829112038674e-01,1.521317746682330219e-01
9.620971764477449506e-01,8.276386147954040151e-02,3.781840925504794670e-01,1.409412524200722716e-01,5.401257555248263342e-01,6.939919778092039637e-01,1.759214961590498116e-01,1.530787994337511615e-01
9.865624205131556801e-01,3.170474746236118246e-02,2.172303012169665704e-01,3.172503326960791625e-01,4.811092982934989659e-01,9.409547381380651832e-01,5.784400612727115532e-02,1.499287037166647241e-01
9.891598896634954396e-01,1.829160212864819335e-01,3.125876844631019225e-01,2.015232348777700744e-01,5.130239814066771542e-01,7.611587888769816290e-01,7.563838936021521908e-02,1.509293980127749124e-01
9.355367448964170274e-01,9.697628615826654475e-01,1.169400172900955104e-01,6.259929328326996334e-01,3.623483812910082147e-01,7.564603946879485674e-01,2.188285468245859400e-01,1.496244101302191820e-01
8.988519509582394429e-01,9.038847245646732809e-01,4.435949413863179980e-01,3.829225598247879558e-01,4.317465541812933183e-01,9.200067660907546019e-01,2.445385146133557952e-02,1.520068404857774780e-01
9.791007167947668455e-01,6.401395104882351417e-01,1.289467276484096703e-01,4.721338867918787319e-01,4.381894834170617647e-01,6.827018603261633123e-01,4.696433679823293350e-02,1.505949322810078150e-01
9.702793855177765936e-01,8.003997463279055591e-02,4.536014706254953843e-01,9.699145618162297033e-02,5.585188866170319733e-01,7.986754422592716729e-01,1.634793133884464289e-01,1.513072693093636678e-01
9.708862380855689533e-01,1.843326990237269536e-01,2.504764326250391582e-01,3.309756669171350918e-01,4.881901995468834743e-01,9.355698001922920781e-01,2.491041434861034631e-01,1.506426518021647676e-01
9.354659668488558566e-01,7.050045287134369953e-01,1.390592210042824739e-01,5.468038344807510942e-01,4.122148495653214506e-01,7.269854665878325850e-01,2.325030765862359794e-01,1.500965022960688566e-01
9.711428910791082281e-01,2.334678582512084155e-02,3.955730726823248333e-01,1.013946615262903417e-01,5.720377056502707891e-01,7.949264422722721601e-01,1.425353883199300398e-01,1.532101181519173738e-01
8.116582266675980151e-01,8.909588965893363577e-01,4.559995683303224578e-01,4.649605151336126396e-01,4.014317454341735925e-01,7.083912466068983393e-01,6.840106430651005098e-02,1.494378733711021756e-01
9.676149310017572169e-01,4.172055706354427240e-02,4.191733395868033063e-01,1.157980368036858332e-01,5.449531739554925869e-01,8.711057243585162979e-01,2.160311899108709188e-01,1.517167229821353158e-01
8.044617968270693087e-01,8.023223749080938827e-01,2.949112225996435854e-01,6.329126860102898267e-01,3.830150762643300122e-01,8.905050098466390507e-01,1.573415450433796048e-02,1.502316106399139706e-01
9.749678050159132914e-01,4.610674927816154067e-01,9.614748361540220722e-02,4.697791047876800907e-01,4.820375429239281972e-01,4.974876691027386721e-01,5.886764349101569760e-02,1.516717806822915626e-01
9.670789981477061481e-01,8.182198749133732241e-01,1.183019770494248557e-01,4.688054184254036305e-01,4.409545477684384540e-01,3.372195371970324040e-01,1.718928784755454076e-01,1.514081676624261241e-01
9.842174662674217922e-01,6.098150916161637625e-02,1.392794245172355727e-01,3.831581990021448170e-01,4.967239525386253352e-01,8.038032916646341564e-01,4.681218790777013083e-01,1.496230530680340010e-01
8.460146961185133208e-01,8.708689301017484841e-01,2.823510737833696549e-01,5.605362076888302791e-01,3.834524478901728539e-01,7.620421958912716454e-01,1.798291683825323228e-02,1.499662442328307532e-01
9.560447130412428329e-01,7.494869439081854878e-01,2.339204221088091451e-01,3.917690858628613548e-01,4.693602235630477959e-01,4.777718667681121190e-01,1.363967742039398912e-01,1.517377871163316794e-01
9.997823953789310991e-01,2.406748508470158976e-01,3.074773103243132466e-01,2.192922463960500223e-01,5.308398387685746567e-01,8.084362384671328616e-01,3.234776835647048543e-01,1.522165850821868838e-01
9.703142202834632579e-01,7.268161793486432876e-01,1.250724985188167993e-01,5.452691915489811247e-01,4.070626956700041377e-01,7.735755863127375953e-01,6.322532905165959005e-02,1.496818999305757625e-01
9.552197533258113271e-01,9.198891057106807212e-01,1.249788135099507425e-01,6.136155031919511282e-01,3.819510148337075250e-01,7.488164918741959664e-01,7.561580903854200897e-02,1.503741395910297707e-01
9.962657159815363483e-01,9.689373007871466825e-01,2.888398957110883680e-01,3.833366620150404636e-01,4.183841502539772939e-01,8.789375618565435921e-01,7.527619865732207427e-02,1.507267159544436463e-01
7.245474084130635317e-01,8.994617894759944221e-01,3.695472244250984639e-01,7.306625780400448633e-01,3.479846040981125488e-01,8.261687726820632349e-01,6.582768475750613857e-02,1.483715848668896997e-01
8.969196534931760389e-01,9.471389814465865920e-01,1.520213029003939509e-01,6.987194911076983761e-01,3.481048376837034275e-01,9.262914773642675348e-01,5.617399366233361002e-02,1.510403284441572680e-01
9.996315123134994485e-01,2.303982084512811723e-01,4.581736758300883339e-01,5.093821605897641547e-02,5.613735837227313841e-01,7.598700534800409967e-01,5.516828780665254950e-01,1.506859216771128662e-01
9.978677075787496520e-01,9.978757860096338916e-01,2.246207328857606211e-01,5.095812588935066945e-01,4.033789478734646772e-01,9.636955813771291846e-01,1.911104509450781141e-02,1.518293668966828880e-01
9.852543165707423611e-01,2.031189603006335331e-01,4.856145394648982427e-01,1.053039643272927761e-01,5.882536831523750287e-01,9.560015766362064404e-01,7.482238825701334473e-02,1.517244100679024099e-01
9.921830668502593653e-01,8.900382000150830475e-02,4.113954562927943370e-01,9.058108803761039107e-02,5.156038301441829841e-01,9.023162165945876056e-01,6.955694235150147731e-02,1.517253773998448740e-01
8.519424280452380094e-01,9.866515495364249766e-01,3.401830916540150573e-01,5.472564834825672797e-01,3.679423720339458637e-01,8.065085300652223843e-01,8.302178341765396874e-02,1.493826936774929615e-01
9.915335571600222275e-01,1.862945564942542487e-01,4.385800710707629668e-01,1.181301261397919578e-01,5.755637688533858931e-01,9.878718250466873574e-01,2.336350065079497718e-01,1.518798856031088329e-01
9.855827925498384934e-01,4.240621352685228773e-01,1.173376726666761904e-01,4.050690350058547273e-01,4.737290496068813916e-01,4.338254178288354357e-01,1.311695745643297883e-01,1.518819182673770973e-01
9.676997619489864366e-01,1.665523589924433612e-01,4.181103634868249541e-01,1.308584196144896850e-01,5.425713722780063364e-01,8.871917047864713579e-01,3.550398214669319708e-01,1.512476839890164459e-01
8.171915162107268316e-01,9.022400331954579800e-01,1.659462027439743692e-01,7.367094190182019720e-01,3.682463196965999330e-01,7.016227878467744539e-01,1.180627819516278931e-01,1.496550385479301359e-01
9.950314706862223302e-01,8.590025831616734386e-01,2.028050672446836122e-01,3.638988335604910751e-01,4.501051230742411646e-01,4.380334930485688671e-01,1.510363004070449933e-01,1.524650391253051518e-01
9.769572828236960937e-01,2.187428199795402040e-01,4.854693122879785161e-01,8.338066350747591615e-02,5.610783024416367004e-01,9.442911188158169544e-01,1.348774680892175504e-01,1.529370064672165297e-01
9.571654388847617989e-01,5.557269651907902341e-01,2.006329688202962980e-01,4.652250754163406166e-01,4.318323323719380213e-01,8.471822093754296512e-01,1.144207630819561033e-01,1.505355402589714786e-01
9.488781966239230314e-01,8.813632860077984521e-01,1.440661005705888842e-01,5.940856262657405740e-01,3.735981579430759369e-01,9.256380445664117440e-01,3.048954144691460311e-01,1.488467432430997106e-01
9.982195721544562250e-01,1.610573165622183334e-01,4.941523145933881533e-01,6.462478112235442440e-02,5.686141939173936510e-01,9.456224817394474069e-01,2.141894234257188667e-01,1.512578963637048746e-01
7.268666722113193979e-01,9.779956864677818995e-01,4.042116613240220868e-01,6.412576944464067896e-01,3.857306829757971567e-01,5.389892696048290688e-01,1.423002848326054837e-03,1.486791964230707586e-01
9.841232901277917611e-01,2.220548654999721649e-01,4.253288003939050266e-01,1.514246800070095933e-01,5.272848299594845578e-01,9.466020080816777149e-01,5.266257031625362073e-01,1.508092284032937214e-01
8.360597890864730486e-01,8.219223549271328366e-01,2.791916204889371422e-01,6.418652264670059449e-01,3.885398875161973353e-01,9.218734543007486293e-01,1.650218849142105482e-01,1.491132755934696241e-01
9.757606060759418387e-01,3.191108108731883775e-01,2.243911839106415562e-01,3.854449489587833955e-01,4.989005499479624017e-01,9.045541787504971509e-01,1.213671998325372703e-01,1.514696916262485149e-01
7.320789961398757040e-01,8.955636681944649791e-01,4.386460341844726774e-01,6.171464469642502504e-01,3.611433615899160565e-01,6.649979930843523679e-01,2.364424251066396532e-02,1.495858520083280241e-01
9.323910862338826711e-01,1.883249630448582401e-01,4.442045364403760521e-01,1.966839159686189220e-01,5.106094001412686545e-01,9.228147385560072635e-01,1.321593871775207929e-01,1.511766936198452038e-01
9.421446176064767197e-01,8.183593634129364691e-01,8.649443955122165795e-02,5.907066777652729694e-01,4.185993680925205740e-01,5.955130596959642419e-01,2.647594951340492275e-01,1.508410224360388352e-01
8.706050079850757850e-01,7.962101730895401186e-01,3.916239407290125207e-01,4.697510909505726584e-01,4.276221599378347005e-01,9.065352666705739360e-01,3.178876551448522880e-02,1.515297687172949548e-01
6.982074003656726369e-01,9.524472266245829211e-01,5.615910535283672456e-01,5.497583065141291581e-01,4.289792783169840140e-01,4.411452073936693030e-01,7.206413034454545175e-03,1.506123245538487088e-01
9.548907424262422783e-01,9.722267349161523020e-01,6.363611363939969401e-02,6.554223216971063470e-01,4.037747902364757224e-01,6.827240452913334590e-01,1.008627806373825209e-01,1.520500355732340159e-01
8.654614651007801474e-01,7.838487273827051682e-01,2.825515072460968446e-01,5.127665752495637053e-01,4.074027479715310873e-01,6.845826589888279745e-01,6.488859825665105330e-03,1.495767488762609621e-01
8.342817618097499999e-01,8.579668693940369906e-01,2.897446071075960861e-01,6.105611241917472398e-01,3.910901764269965053e-01,7.549410129727041063e-01,6.610600552151550680e-02,1.506642629969114633e-01
9.371447641611047041e-01,2.758950527821417698e-01,1.470503201510524882e-01,4.751219704430468260e-01,4.533330926090938795e-01,7.145123760472360530e-01,9.962033708606515825e-03,1.508582397453343826e-01
9.569923552816750334e-01,1.398693349113991902e-01,6.050491403924961320e-01,8.004082399883538645e-03,5.998996840540639086e-01,8.885381960424491021e-01,2.209353802035781134e-01,1.532425275887040472e-01
9.882849863532474632e-01,5.185067933455150824e-01,8.747984236294609195e-02,5.716463208065420964e-01,4.260457374619288640e-01,9.505164729976214311e-01,1.728674339602365995e-01,1.497302500419948057e-01
9.889958727079946055e-01,6.492643235012366398e-01,2.800322091608157815e-01,2.772599585465275185e-01,5.141812271291295033e-01,4.242646653672020873e-01,1.038010956493137099e-01,1.527744246028130415e-01
9.874947861078994249e-01,4.005072091078611951e-01,4.427203283889779573e-01,1.019073994789955195e-01,5.219344023062479909e-01,6.881817973280136558e-01,2.401838737874040508e-01,1.515848468147280859e-01
6.468593707994552133e-01,8.776364288370857025e-01,6.413254362756682925e-01,5.374927891013460135e-01,4.099343735677499767e-01,3.023705749128743347e-01,6.714784976376463044e-02,1.494736526643907215e-01
8.799946716970317162e-01,9.019853658326983936e-01,2.354048571380060739e-01,5.914424943974666560e-01,3.832587161653137064e-01,8.193376395786965416e-01,2.057114127940969650e-01,1.508886215121094110e-01
7.394040655187457123e-01,8.265893645149169355e-01,4.331141457999715394e-01,5.905198808501691543e-01,3.941658081812731140e-01,5.689461658422809709e-01,1.228081579643103272e-04,1.495105218571469163e-01
9.379997326142187619e-01,2.054193482215396771e-01,4.978778980816438438e-01,1.398852283398944185e-01,5.267679926119649414e-01,9.999054874720900710e-01,3.266282368627170252e-01,1.503561443296949629e-01
9.868595635036886415e-01,2.749541891005052863e-01,2.330121066197475832e-01,3.348132040207044136e-01,5.157444039574152761e-01,8.437589723925125185e-01,3.257427500760909367e-02,1.513205026241266071e-01
9.805371887438328882e-01,1.301999629005648473e-01,3.209931746213982029e-01,1.792338656661254803e-01,5.422086756000381591e-01,7.126073075163477100e-01,2.489142316859207504e-01,1.526385178787557362e-01
9.876318847150669100e-01,1.558456282549680605e-02,5.173106760682651961e-01,2.268479433789771793e-02,5.502361529857612288e-01,9.891657466768182250e-01,3.476685416075185886e-01,1.503471167094237448e-01
7.227269929937549797e-01,8.941956856997416159e-01,4.600216377926186206e-01,5.381257678616746531e-01,4.297903522833864676e-01,2.927473611508570328e-01,2.031367164877403986e-02,1.507898559674698546e-01
9.905766988409254736e-01,1.155211521508877626e-01,3.487541564617812617e-01,1.683674390546638366e-01,5.623615415325035061e-01,8.001270756238620940e-01,3.765289195650156628e-01,1.526999165307150463e-01
9.652837796117690328e-01,4.225373033247220578e-01,1.092452092765750782e-01,5.213986087320284790e-01,4.194465544570649129e-01,8.233311898889268399e-01,6.439952423979880547e-02,1.499735719395542677e-01
7.736989477011972927e-01,9.221544754265839083e-01,4.994138631791639193e-01,5.715864058574651185e-01,4.163335476928913814e-01,9.279581855414102964e-01,5.956715423548758492e-02,1.504899586580148163e-01
9.990517579737112630e-01,5.111214925217614224e-01,3.313445096962115977e-01,2.666589799882372880e-01,5.082931754823046822e-01,8.783631360631731777e-01,2.890088944675975879e-01,1.508081864984742448e-01
9.553522024210102659e-01,9.263319316464824205e-01,2.610712715199663969e-01,4.335042478548623568e-01,4.398240684328024175e-01,7.042494650511390564e-01,1.506676878580123780e-02,1.516637718760952547e-01
9.766711513819524848e-01,8.813884502988436065e-01,3.028088537823768189e-01,3.368030809333406594e-01,4.370062554633059593e-01,6.617805518124413311e-01,4.158088250898228644e-02,1.513125172143788277e-01
9.276008838468506879e-01,8.987190179909092524e-01,2.376874664870727294e-01,4.965779215914067901e-01,4.054040559118780584e-01,6.972793784447546273e-01,1.958585486936361142e-01,1.505310940017157151e-01
9.829265031172713662e-01,7.009219717132753047e-02,2.922840899411727755e-01,2.077629719266227137e-01,5.390793695211483216e-01,7.722492759048609212e-01,5.122222445540871583e-01,1.517587333991846643e-01
9.756231096687240090e-01,3.229575274588836753e-01,4.752539438702292340e-01,7.720478142403403021e-02,5.472978942732094065e-01,7.593023899223154682e-01,1.843786626368922599e-01,1.526669235995826157e-01
9.394446391751489767e-01,8.692445519924849595e-01,1.776945766139861604e-01,5.427501293417715811e-01,3.950536447176784538e-01,6.946235095402885085e-01,5.266085774962420141e-02,1.493441075067297452e-01
9.914759749740725825e-01,7.855268593262505483e-01,4.392736783895024866e-01,2.512062821088459907e-01,4.818803589070219107e-01,9.992420972549329594e-01,1.210526119428629310e-01,1.509291806611029463e-01
9.998537395696125429e-01,5.223144464529261288e-02,2.878074445592167518e-01,2.125775524125153859e-01,5.207691249741968065e-01,8.974706130098213386e-01,7.694947548890542777e-01,1.497902722868240388e-01
9.650085362162039715e-01,8.545387724898245718e-01,7.154989780635184760e-02,5.880713954076195460e-01,4.130928090269379571e-01,6.001770385458898849e-01,3.120173057658131577e-01,1.514105680373567242e-01
9.962997290212215473e-01,6.669733389632921394e-01,3.701829909052144485e-01,2.616264214476745620e-01,4.735139065796399316e-01,9.587004338049653906e-01,1.991093809102890966e-01,1.507074698693737780e-01
9.544667701391125192e-01,8.653709921642409597e-01,1.649082851729013754e-01,5.753580784370004864e-01,3.887180389063449315e-01,9.523897820527892355e-01,2.235698461964356065e-01,1.486910383209794906e-01
9.656269567919933960e-01,4.786904902048105814e-02,4.640913922781371159e-01,5.745119526107556052e-02,5.600456733017322719e-01,7.004632543860657146e-01,2.106505918717607451e-01,1.516478987987546490e-01
9.969786922228818238e-01,1.750685038646412339e-01,3.588429144845804997e-01,1.420048545283820185e-01,5.514482133196152436e-01,6.931010412714424529e-01,1.117724387438847611e-01,1.528240306426568440e-01
9.408442664964251634e-01,9.827595295602109537e-02,1.399706614439344410e-01,4.332880817179458610e-01,4.795974981583548402e-01,7.500525368483236255e-01,3.972602770447380971e-02,1.516189515119494291e-01
9.528362744048475275e-01,7.251927687465075101e-01,6.686542244210530450e-02,5.540680428833733018e-01,4.249346781609211754e-01,4.828189881034043451e-01,2.240794780229423133e-01,1.501945443402205871e-01
9.144328331076247984e-01,9.135799190733946418e-01,2.524762453386125705e-01,5.693599991814519701e-01,4.141632311089548102e-01,9.291605764318765504e-01,6.020103686657106434e-02,1.512879419247533386e-01
9.640648391939286022e-01,5.507543694925393085e-01,1.647743398303445905e-01,4.534380118813059468e-01,4.419626607117514983e-01,6.298372108452136020e-01,2.201821851686885934e-01,1.505029412271457478e-01
9.785021943113707543e-01,4.815352019403396078e-02,3.650602098181393584e-01,1.641338416413019585e-01,5.196375114641845760e-01,9.154269492425981536e-01,3.386839641730861605e-01,1.503930286636332991e-01
7.445349994850255504e-01,9.244126449072005425e-01,4.187827890781277707e-01,6.299660263343396238e-01,3.693294996129203867e-01,7.286407115689922387e-01,9.714344333165243761e-02,1.502685377480217910e-01
9.804163113128864238e-01,1.720603416604636338e-01,4.666701946890539632e-01,8.091714200460164985e-02,5.608651203670401708e-01,7.504001599376168841e-01,1.494902716076607074e-02,1.537024944563830653e-01
9.900984456502411879e-01,7.691554666160689280e-01,1.647841667440225477e-01,4.045879643123136971e-01,4.402040625380311267e-01,4.537211453006118056e-01,3.748838373717866546e-03,1.508961780077831827e-01
9.874168047798212999e-01,3.804105675950462118e-01,3.942352655438777775e-01,1.454300145224839413e-01,5.134862352820439568e-01,6.663642692764618625e-01,1.824487288140719810e-01,1.517628171545358784e-01
7.617830750524092753e-01,9.793508086268502000e-01,4.493634353789326963e-01,6.049272145927750977e-01,3.788554885893558044e-01,9.152367654118216400e-01,4.690789235297058990e-02,1.513119577479789257e-01
9.957701183892401220e-01,3.836709512713700754e-01,2.442366022323472219e-02,5.440029305775277990e-01,4.370553005537308744e-01,7.240265608994151947e-01,2.511118464856566534e-01,1.497909184439904229e-01
9.852929904835322494e-01,2.707001913118545211e-02,3.360328300225456366e-01,2.071344035285619112e-01,5.604961363487814818e-01,9.080859212246698009e-01,3.784588501844275976e-01,1.520930220700560942e-01
8.943933421010518137e-01,9.072892258290110590e-01,3.742815356342901190e-01,4.737020932292791420e-01,4.126224389614000509e-01,9.761178194965820509e-01,1.559441763669434100e-01,1.515075354926726514e-01
9.885965302515705710e-01,2.942723966575703232e-01,5.128831011803542950e-01,7.358715431653073402e-02,5.654339357888348294e-01,9.136463755811894405e-01,3.501218463166579919e-01,1.507127850794720281e-01
9.603420807813265458e-01,1.004675256844455022e-01,5.564197146427819485e-01,5.019048918845747664e-02,5.999148699732327339e-01,9.347747516602318285e-01,1.610469660966061534e-01,1.519562237505141244e-01
9.665257172392507368e-01,9.896444192117738181e-01,1.433929559943875054e-01,5.884100641300323842e-01,4.088011843915928534e-01,7.334278574653121385e-01,4.234287504211545761e-01,1.498777881941222856e-01
8.600206110381062308e-01,8.650983460098944366e-01,2.122832478249354060e-01,6.437963411981389994e-01,3.537930093024696521e-01,9.094900643881396185e-01,1.047937744705906005e-01,1.488486333508278470e-01
9.922697698895515117e-01,7.858318051824434436e-01,1.482449910808988636e-01,4.586248496099181726e-01,4.384904650955346317e-01,6.688034110237530694e-01,3.664273629421509471e-01,1.505706584838973905e-01
9.551543553883240500e-01,5.256236841583337149e-01,5.806181678840758309e-01,1.041420170889591490e-01,5.314890956235094333e-01,9.950062784483262313e-01,1.952721838536389254e-01,1.514813737282909578e-01
9.417062435223415573e-01,8.724498070226783808e-01,1.590830520221924171e-01,5.879849242383277108e-01,4.000845220745102848e-01,8.063501534324382103e-01,1.112549225919123863e-01,1.504573422857318488e-01
8.187897596985269644e-01,8.537418297778076592e-01,4.781464355413611034e-01,4.344607089553574331e-01,4.077046731975089155e-01,7.089880059876126905e-01,1.948866237888055575e-02,1.508391784237287092e-01
9.978303842870752671e-01,4.224329364119066010e-01,3.430852240233925876e-01,1.919198292342284562e-01,5.237639334632807619e-01,6.818501909072524070e-01,1.254074428966821531e-01,1.531368885426835635e-01
9.825214677350968540e-01,1.532453987766063674e-01,3.779639684445681436e-01,2.160218002653827019e-01,5.302024319766454052e-01,9.750844210151017322e-01,2.527501074047962537e-01,1.506801638851469061e-01
9.549249295250065162e-01,8.643789743716401297e-02,5.261363154540306120e-01,6.193786119338373641e-02,5.541565729844560861e-01,9.520215656450710107e-01,1.693798718579251072e-01,1.528417053647929680e-01
7.833543306858593569e-01,8.790574810836394581e-01,4.159380956619502800e-01,5.861485942694498741e-01,3.802175960039097524e-01,8.389136346666367094e-01,1.320933187094782690e-01,1.499600493197163209e-01
9.954864797433544688e-01,9.537827195317988282e-02,2.655215359128320629e-01,2.796838096343798874e-01,4.992585202083420493e-01,9.702778021868041503e-01,7.036008102818784582e-02,1.509833882210025180e-01
9.976111373297505969e-01,1.186660363457363032e-01,4.663915449594212004e-01,2.414242355493201320e-02,5.254437516713006406e-01,8.594223281750935639e-01,1.979731464188789203e-01,1.504544886730165287e-01
8.164374945173608067e-01,9.592899657486331222e-01,3.217243038877790617e-01,6.659566455399523743e-01,3.349734972877199679e-01,9.990401873069078009e-01,2.157607646493814590e-01,1.484540335786932175e-01
9.770109359017984385e-01,8.913197986024403718e-01,1.315988322507410657e-01,5.336836656897616660e-01,4.475332349288085876e-01,6.358751181191435453e-01,2.757895526941092634e-02,1.513268040166819428e-01
9.427033158233960597e-01,5.466383303165576191e-01,1.372060303909520274e-01,5.581870981321653824e-01,4.078998319332350908e-01,8.594441166177019253e-01,2.415197695828022462e-02,1.505386468776717668e-01
9.743481747037018303e-01,1.487747300933935368e-01,4.824287144721365328e-01,9.123254302222844059e-02,5.709006533523224292e-01,9.967890908820840057e-01,8.246229070542747397e-02,1.526286935639199760e-01
9.407823972978919258e-01,9.162951612962938475e-01,2.321407911928214940e-01,5.391849992215737020e-01,3.895279303353212930e-01,9.432656363101152852e-01,1.444124734603835225e-01,1.505792015195778766e-01
9.436443657778881278e-01,8.216511552008912700e-01,1.242172219201199967e-01,6.504412818299347698e-01,3.553748335951161241e-01,9.823993950656454421e-01,2.277540245780130812e-01,1.486193474524475644e-01
9.712835147638969602e-01,9.877726017341108555e-01,7.606643775489529968e-02,6.433544664804315971e-01,3.900410804335099346e-01,7.015328231990871632e-01,1.999017703508858546e-01,1.505835063982534638e-01
9.622776568835333943e-01,1.338390968073766008e-01,4.867303956016376665e-01,8.724043616483967423e-02,5.718886518963463006e-01,9.331073694471532232e-01,2.367422007974623877e-01,1.523000064684082722e-01
9.900466958010025742e-01,2.417506108702366374e-01,1.872049435955346619e-01,3.426644682409625275e-01,4.789463027304486364e-01,7.993162664583044474e-01,3.245295837246391368e-01,1.509284385082189650e-01
9.133585275753689503e-01,8.640836997332355107e-01,2.241493611454269674e-01,5.370584243041599537e-01,3.917111762668089581e-01,7.124211979163797004e-01,6.720508244581870072e-02,1.506018306865216094e-01
9.016654637767973490e-01,9.699624361925911487e-01,1.085399769580814300e-01,6.342460266934524249e-01,4.088946368530300690e-01,4.562534053878439799e-01,6.663539051437833427e-02,1.519049503226753972e-01
8.011385116256226624e-01,8.484060659615980660e-01,4.456763570829822552e-01,5.651554831169989246e-01,3.961806509159863099e-01,9.839332682180454981e-01,8.431832324123306188e-02,1.497898760471406965e-01
7.903859900551712947e-01,9.049737534728450328e-01,3.718554087130598873e-01,6.239314989955456747e-01,4.058380222484545552e-01,8.577065353529798042e-01,1.472397938575040199e-01,1.501604438887299275e-01
7.635393695806853565e-01,8.814487653386361421e-01,3.234324765914471933e-01,6.658811601081133791e-01,3.496706065715990963e-01,7.519178608038308287e-01,1.320146916335139531e-01,1.489026229511245247e-01
8.254770709982754973e-01,9.695553499398836816e-01,3.301951593073970681e-01,5.843779311469518012e-01,3.922720881380985514e-01,7.038436608467524280e-01,1.070399527067474044e-01,1.498570036240724490e-01
8.668254360958790317e-01,9.828930764448338131e-01,1.946216142488617351e-01,7.050736248646649607e-01,3.438045929806390899e-01,9.639445209637342860e-01,2.584701257354438120e-02,1.491435275246651426e-01
9.091699562492847608e-01,7.042402031971639609e-01,1.241483450745755335e-01,6.043007877096966407e-01,3.941188927416596210e-01,6.444306967938737696e-01,1.187233120305015432e-01,1.503667073797635423e-01
9.891511755990447519e-01,3.984302554903330629e-01,5.714482612888439617e-01,4.436613528380656257e-02,5.906009582564428761e-01,8.922315631321902085e-01,7.164406179172633227e-02,1.526483447831016582e-01
9.297352615989651348e-01,9.713119160617857961e-01,9.527571055502714881e-02,5.718850750858350818e-01,4.130913393082552565e-01,3.002898588276612379e-01,1.068082290868979795e-01,1.515768578048629911e-01
9.977516799430544703e-01,2.499241377566699396e-01,4.718630937022766925e-01,7.369739276536796391e-02,5.590994481261196691e-01,9.783404787631069244e-01,3.679626012419627834e-01,1.504657418183926176e-01
9.887064794296764880e-01,2.388874317919982282e-01,4.750768489405367001e-01,7.624551785549082972e-02,5.603249223567917658e-01,7.542936462499081340e-01,4.035755433705809359e-01,1.517083955179442667e-01
9.650258686946795450e-01,1.726237721090264632e-01,1.387065204357935955e-01,4.515314111774367256e-01,4.609068194886477010e-01,8.606090817621921962e-01,6.977821540572547165e-02,1.507772477155280011e-01
9.860421160060667267e-01,6.075954847260119918e-01,1.263671562424729944e-01,4.813808625532841612e-01,4.282670260461587386e-01,7.439162908574667998e-01,3.040012383640980365e-02,1.516436244155826840e-01
9.602657148545301613e-01,1.640792500756438899e-01,4.179818195772767586e-01,1.614693069092355548e-01,5.285968925992675649e-01,8.528212452617593975e-01,3.003026107776117781e-01,1.511039242414743411e-01
9.942964099660314137e-01,7.289274795454743217e-01,1.955193416871047751e-01,3.786516926047224785e-01,4.674664488021610942e-01,5.665866081347255001e-01,2.800552300985570398e-02,1.528231062261803108e-01
9.976108985433684850e-01,2.105594374487131937e-01,2.047336772801862104e-01,3.613650078571538637e-01,4.959865465281231844e-01,8.390534591111693530e-01,8.942944678113848300e-02,1.514750986258807108e-01
9.776001558965852212e-01,1.745004752869503961e-01,5.635393925941573068e-01,1.310957011766977764e-04,5.714983654378505973e-01,9.013964103115148507e-01,6.237778445127838411e-01,1.500551269139526189e-01
9.839970479496422673e-01,7.320024508884538372e-01,2.733598256493470768e-01,4.036942396160594360e-01,4.442311497762132522e-01,8.617604659342771312e-01,1.657817840695396394e-01,1.503447647524166209e-01
9.609139518317187934e-01,9.487541620970910694e-01,5.248649397839577624e-02,6.001178754173540630e-01,4.138421544052817147e-01,4.144083784875988719e-01,5.573049659028796177e-02,1.513934286953230735e-01
7.433186129147986154e-01,8.679184705000464461e-01,4.743530705077945164e-01,6.219981072034497238e-01,3.493923673688994480e-01,9.994036778024746326e-01,1.001988387768339289e-01,1.484111934936102606e-01
9.633694977554654315e-01,4.195251250794884701e-02,3.780575022594471202e-01,1.686333237180620559e-01,5.398129008374007443e-01,9.287567659756100769e-01,2.585785993060522037e-01,1.500892414022022281e-01
9.714905979915332557e-01,6.615642707297864078e-01,1.951201456662106648e-01,4.761838228361139347e-01,4.370771502140124443e-01,8.684924295196504440e-01,1.601006686604959373e-01,1.500423012532545175e-01
9.794330447423647001e-01,9.849672510595730568e-01,1.344946070477730793e-01,5.151856010460509339e-01,4.186932931224892074e-01,5.499185259625706257e-01,1.182356094967857985e-01,1.518018431970644122e-01
9.426342049610907381e-01,1.752536445727683190e-01,4.690818693048317001e-01,1.175461290635224088e-01,5.568429326530174306e-01,8.261901388419028436e-01,1.314058502861898681e-01,1.530291115308478611e-01
9.915071518269062967e-01,1.891902074329611105e-01,4.863492225153072113e-01,3.433453876335551547e-02,5.465613998753813263e-01,8.528574670897191012e-01,2.322830050454484374e-01,1.500869945474817835e-01
9.727840987743203716e-01,3.265787342297800655e-01,4.790828871848127335e-01,9.740937766840196410e-02,5.337863002271692192e-01,8.367052012250175697e-01,1.800656919433648029e-01,1.525828471677055376e-01
9.522881098289123214e-01,8.662584679310623148e-01,2.280212520959299383e-01,5.140002507417831268e-01,3.898417376577443805e-01,9.475123312420387078e-01,2.621085719836954153e-01,1.500476965390873663e-01
9.907640273761157967e-01,3.443188358297599727e-03,4.884967045381465867e-01,2.982674513127059335e-03,5.805264603798219181e-01,9.442455677429713035e-01,4.324915322091668624e-01,1.501194459146123483e-01
9.934519522213266507e-01,1.388268315147401233e-01,2.830437912919352428e-01,2.255216576859289113e-01,5.321885653968659868e-01,7.916054398010803350e-01,5.236905536239938597e-01,1.501963723342258639e-01
9.470386996152363457e-01,8.301556367002440595e-01,2.349659217305152814e-01,5.091837523991342707e-01,3.796998762043555242e-01,9.703851282324663652e-01,9.063852227526085492e-02,1.503508561508821173e-01
9.587405560230356505e-01,5.676937307792129239e-02,2.800259703118705978e-01,2.529109779647426004e-01,5.383968500982910799e-01,6.939425526398291799e-01,2.094310103707748838e-01,1.527497461561991288e-01
9.325848405406513830e-01,7.744035375857617476e-01,1.157881878355100369e-01,5.607644239325532132e-01,4.168835935512278379e-01,5.666628639650046484e-01,6.217936844675304997e-02,1.502211895267566155e-01
9.309736721870972564e-01,2.227105379386817297e-01,2.292380393375349767e-01,4.026253139558964023e-01,4.588658809840146513e-01,8.617874527524009842e-01,3.312121589079886075e-02,1.512812469883297595e-01
9.774335902632261819e-01,3.165639529535935193e-02,3.273171009313206037e-01,2.223515833729903801e-01,5.364700752600877198e-01,8.838064031200821846e-01,5.266377958565978679e-01,1.502870549856268334e-01
9.979149807217269075e-01,9.093846029058417768e-01,1.790934464715465135e-01,5.276466793765277608e-01,4.111572902267429108e-01,9.544090275806380586e-01,4.747037878156682433e-01,1.492873865543134226e-01
9.953924128588170772e-01,9.843146211621514041e-01,1.376288725944668778e-01,4.782013111651517989e-01,4.201541406866495798e-01,5.638404257816307386e-01,7.154086638114635910e-02,1.515454093384629719e-01
9.318514681543820233e-01,1.158629955829387215e-01,5.776511077279512518e-01,7.679622815444608896e-02,5.756050745454801554e-01,9.752186429681719559e-01,1.056078957682720643e-01,1.524347212071264779e-01
9.959904017561395095e-01,1.797407057515332252e-02,4.445611790656587292e-01,6.662594339304833690e-02,5.542238492628569491e-01,9.335609719040307564e-01,3.828012177815610928e-02,1.517799163058644041e-01
6.180705031148203688e-01,8.280759248220183055e-01,5.643655352214667076e-01,6.057469943084461406e-01,4.241879124720537853e-01,2.624776076793733370e-02,2.553733916646369617e-02,1.501914756776608351e-01
7.124470616418819846e-01,7.340540631550330763e-01,6.458178000597758484e-01,4.904082682663517545e-01,4.155604249612574463e-01,8.706050623038450453e-01,3.719112917114726635e-02,1.494777863023452613e-01
9.106835797697278023e-01,9.771273595001201961e-01,2.339683020377718581e-01,6.149350042092065483e-01,3.909858141558016920e-01,9.233602807174234872e-01,1.236731010429126254e-02,1.511520175252991927e-01
9.981508538949337428e-01,9.076178054826891106e-01,7.957630904354390244e-02,6.170912477853460754e-01,3.993404198532991001e-01,8.532697181640238604e-01,5.512304073967830842e-01,1.484578730107074251e-01
9.783877674207346331e-01,9.290780279180714807e-01,4.528180519001717697e-02,5.659346826055949853e-01,4.267730625098728470e-01,3.654083665639863421e-01,4.976293761164976015e-01,1.502671897413917768e-01
9.759581041842951832e-01,1.377646774139562602e-02,1.032929622638374678e-01,4.273843228211893774e-01,5.055051923728379748e-01,7.526294382566673935e-01,2.642740290261551550e-01,1.516331825126640831e-01
9.854155776927061572e-01,5.234532433522798289e-02,1.363891229797998261e-01,4.142590449651715745e-01,4.646533770600765334e-01,9.686707394136557792e-01,3.919952876852984547e-01,1.494433848241419061e-01
9.810525990535359231e-01,2.026457625243445748e-01,2.595800225418216645e-01,2.608005487162388669e-01,5.234827333591685061e-01,6.880133897047294722e-01,3.709517913116550103e-02,1.518044155691349317e-01
9.669486759044102486e-01,8.732149593504281437e-01,2.314467808640455482e-01,4.267707739857674598e-01,4.370394191973556719e-01,6.322439832044441932e-01,3.152881630495329990e-01,1.505514800144769072e-01
7.992057571930345494e-01,8.168972897278177214e-01,4.731101240711700906e-01,4.625279199416014730e-01,4.116599722376709236e-01,7.701918757934073101e-01,5.161535586955158517e-02,1.500621909525632625e-01
8.137630657874286300e-01,9.680921569193443599e-01,4.221837667573488106e-01,5.626965883990286965e-01,4.034435495500482416e-01,8.815946832866486949e-01,4.156296388212610271e-02,1.504172228892202146e-01
7.403999230362624528e-01,8.783406513186671205e-01,4.236110809180319570e-01,6.141387740440448217e-01,3.895973226883587825e-01,7.152046228040038756e-01,4.503487763665546539e-02,1.493996397831441614e-01
9.900259478307861238e-01,3.890740373838835753e-01,2.626265643303095088e-01,2.427840036617715247e-01,5.050921062543272111e-01,5.132636655797953029e-01,1.402018866358970828e-01,1.526031411847555141e-01
9.320088808539814806e-01,2.760367629967674930e-03,5.952030530830514365e-01,2.081366210962176666e-02,5.839282299288200972e-01,9.649972803226822826e-01,4.020819727248474418e-02,1.537828501506754708e-01
9.662091952265907668e-01,1.977667063247326995e-01,3.258082799458124068e-01,2.639157524243241348e-01,4.924092165759197393e-01,9.274071109112433930e-01,1.706357190579702032e-02,1.515175238728351248e-01
9.477812512108636511e-01,5.770778218445266061e-01,2.881849113636329451e-01,3.998694300843159688e-01,4.453988639577178277e-01,9.344377085221037271e-01,5.718626563678559649e-02,1.500856200572933674e-01
9.611647070591703423e-01,1.260938479226336173e-01,4.630908569334860059e-01,1.056359454007649856e-01,5.547611922725231848e-01,7.809227464533076146e-01,1.789328603830870890e-01,1.527779739355537292e-01
9.868752279870911526e-01,1.902246272632657220e-01,3.187750395215082633e-01,2.217642667306047310e-01,5.064666001325253131e-01,8.724455047232476668e-01,3.099315112020291085e-01,1.504653069933277743e-01
9.968095871619944148e-01,9.421531114254142469e-01,2.077179897686560750e-01,4.839719162054253454e-01,4.278332591504268034e-01,9.228049790217150994e-01,2.382646596235090952e-01,1.493509025938508095e-01
9.674396658253006098e-01,9.285128293460461757e-01,1.352883583383977795e-01,6.134847327149124396e-01,3.751496123422258799e-01,8.921808333475282904e-01,9.672585635394007064e-02,1.495632597503955830e-01
9.235254743430079127e-01,3.390051427098040304e-01,4.772286160473252492e-01,1.828789163184402211e-01,5.110209266297947028e-01,8.039689544974746305e-01,9.937014722558351609e-02,1.515776572877422235e-01
7.997950771871187303e-01,9.147324363742236342e-01,2.404415818071265754e-01,6.651759095186058346e-01,3.955616409118379861e-01,5.479734602940754540e-01,9.940699650587553338e-03,1.494147408037407865e-01
8.453186510897371386e-01,9.995081618389773936e-01,3.484781582741078854e-01,6.073330620588515139e-01,4.001561508556149005e-01,9.651999998062616992e-01,9.299233637620064885e-02,1.491017369259286796e-01
8.252948588421916698e-01,9.098878216442880529e-01,3.140185644108373086e-01,5.994531935346504303e-01,3.941636450680596759e-01,8.658609440401405788e-01,6.973543204670892837e-02,1.499095816068454767e-01
9.646679795264407886e-01,8.945726637253061941e-01,6.967010907800832986e-02,5.716521568996981717e-01,4.012368024810869516e-01,5.555424333689427119e-01,1.974661408653737849e-01,1.498629114195009771e-01
9.745299757814573915e-01,6.887680044537869417e-02,4.084406947486867168e-01,1.243731445379203659e-01,5.407833880305464858e-01,9.160162987355574549e-01,5.094441520761940900e-01,1.501316205248372226e-01
9.670221519878876570e-01,1.840351878634507443e-01,4.611516089603370228e-01,9.978047864108496867e-02,5.493358601933098218e-01,8.431114153949196277e-01,2.825064322485458801e-01,1.515554659329704512e-01
8.988665773455287722e-01,8.618254543600571971e-01,1.909431127655190630e-01,5.741299787027972501e-01,3.775603638489952729e-01,7.462023383286907618e-01,1.081998032102780422e-01,1.505719988614244997e-01
9.494676808900349707e-01,2.385222928016794142e-01,2.396379058306674914e-01,3.336640408840139127e-01,4.993856921947770200e-01,6.480284257887157784e-01,8.692704399765502354e-02,1.509912333333527923e-01
9.695499078433880147e-01,7.524417332730282126e-02,4.565198646433115126e-01,8.896931521586814995e-02,5.485279407245455818e-01,9.269270713761539326e-01,1.061002320003763821e-01,1.506019809404663401e-01
9.745515535038075106e-01,8.576004393511572621e-01,1.201573202428695974e-01,5.831175872853766595e-01,4.403841825891591233e-01,7.848654060231057272e-01,4.029124118013616140e-02,1.520704004217590111e-01
6.516290195497740356e-01,7.797372033944340863e-01,6.320830228219266322e-01,5.910442906662637386e-01,3.856124789301053069e-01,7.400791337661800640e-01,2.012171546165097968e-02,1.497180631597494760e-01
9.515944770632122074e-01,9.947188385588305870e-01,6.741877572105092753e-02,7.266633554957707686e-01,3.544934778904865746e-01,8.889689630350292582e-01,2.934954513691348521e-02,1.502025936984087706e-01
9.534767957695716722e-01,3.910683070677075657e-01,6.278836269788528046e-01,2.411461541852250035e-02,5.262337361530375901e-01,9.374061218538463081e-01,5.448761532137494368e-02,1.528340549451198960e-01
9.825042703297971469e-01,5.806054114706451497e-01,1.193125162387149718e-01,4.582202515638662543e-01,4.820298129707067947e-01,5.017892018455958336e-01,9.638738779639277610e-04,1.528664593258863280e-01
9.542627187869447969e-01,4.955287217431691982e-02,5.236539883138180418e-01,3.108860753218722905e-02,5.599073559076405138e-01,8.366820181531013922e-01,5.186309170744118902e-02,1.517697950273295404e-01
8.176197514748797524e-01,1.280349284772765439e-01,8.126182874737047923e-01,3.274190312431002337e-02,5.359382696964379855e-01,9.632397560854542018e-01,4.893045768934520257e-02,1.519722422257117622e-01
6.865260278933029703e-01,9.950192900942791407e-01,7.319274704431300016e-01,5.049029745856662421e-01,3.930712254943070638e-01,7.824189785524531260e-01,1.836916458318035850e-02,1.492640856737473820e-01
9.628226026014421457e-01,6.195108729316927132e-01,2.864871066869393856e-01,3.783162654285421866e-01,4.602515429595567253e-01,8.422415461983384644e-01,1.095458692553796243e-01,1.504694193271599312e-01
9.839301372618026731e-01,4.373590837757720395e-01,3.976251624765346770e-01,2.205553577532784471e-01,5.324392962621256054e-01,9.345944737012898962e-01,1.616901369020365964e-01,1.522608505627498221e-01
9.544239503724180063e-01,9.275537749009892252e-01,7.014056593984802079e-02,7.037775496679552489e-01,3.497244287301755072e-01,9.568422534696622295e-01,7.116341929433854518e-02,1.497996606511209916e-01
9.841897266226108387e-01,9.797976193951052348e-01,1.166897723437614331e-01,5.846650546499969625e-01,4.243828418515455114e-01,8.060158360411655565e-01,1.155002581892278224e-01,1.522423925644624254e-01
9.731020073371490220e-01,4.618525937835105122e-02,2.534954562810168288e-01,2.629826017108573000e-01,5.061016930159423222e-01,7.795897543416469011e-01,3.041759899791243171e-01,1.505180564359820949e-01
9.771097037173522848e-01,7.593470242459453567e-01,1.162497924790281134e-01,5.999253595023533725e-01,4.053291601048898407e-01,9.089371460020867488e-01,1.389471033521212651e-01,1.487888711721371826e-01
9.948836808683448885e-01,7.150798850019025599e-01,1.111483951837565487e-01,5.498617077245711027e-01,4.391477696176162016e-01,7.867994850868459400e-01,1.682025890680633740e-01,1.509152927612049389e-01
9.484226211048017996e-01,6.065758701924032215e-01,2.261300148418187161e-01,4.386534399711423671e-01,4.679044161249322764e-01,7.483868697889689559e-01,7.727954228991085195e-02,1.512228490460247599e-01
9.605546165509084577e-01,1.707299412862924304e-01,5.097666872215103062e-01,7.205558548552271070e-02,5.955643723109689258e-01,8.271584485668818099e-01,6.562216217526703477e-02,1.529716592775024475e-01
9.405998962640348404e-01,9.348532811684160393e-01,1.531638633569492591e-01,5.307570491050412897e-01,4.456737126364991308e-01,5.159795211407612880e-01,7.234015770328691697e-02,1.515423891821319202e-01
9.995159285261572268e-01,9.326989928159024057e-02,1.766158863490569775e-01,3.512957421339915620e-01,5.208013630638056446e-01,8.283672173365934643e-01,3.947831652121027712e-01,1.517012985094554622e-01
6.951606019830109950e-01,9.366190113886858626e-01,5.603521943653728687e-01,6.490493802461575479e-01,3.622613352805528764e-01,9.000223819737270814e-01,3.567584696307696257e-02,1.502542516823358043e-01
9.816821660134515959e-01,8.909909846696550950e-02,4.064396905643624103e-01,1.228923610375505238e-01,5.487778239071601227e-01,7.810830244852287052e-01,3.463273917283128389e-01,1.510844580247280577e-01
8.030380503614488186e-01,9.380150776333965323e-01,2.178609509783520637e-01,6.895779783492081982e-01,3.744296236372083309e-01,6.164668196562973490e-01,5.441189177827854273e-02,1.509343136782870798e-01
8.504635604780403924e-01,9.773341826505175245e-01,2.137266837571822620e-01,5.992782488440132616e-01,4.016770670319311787e-01,3.941628295378170055e-01,6.491115851712947471e-02,1.501513399258715964e-01
7.414509330017940991e-01,7.164535019288458262e-01,4.315763879469283193e-01,5.117656254834088703e-01,4.184593393192175270e-01,3.782061381351980445e-01,2.633209882348258590e-02,1.502902299574364609e-01
7.255857076816186746e-01,9.701871445720566811e-01,5.105463505754792575e-01,6.283985180521947100e-01,3.781502125410083348e-01,9.300870615637678585e-01,9.901870537914381210e-02,1.483995778454333392e-01
9.307478460899186734e-01,8.382256450761739197e-01,1.293442367286854466e-01,6.247858818598442943e-01,3.694718870684344791e-01,8.495569336479047440e-01,2.312819440845956809e-01,1.489664622270113203e-01
9.296611406293879831e-01,1.912722991372461934e-03,5.368310870620431885e-01,4.804528781188061037e-02,5.682996283010740557e-01,8.443703608513110082e-01,1.859122516738866415e-01,1.531764369277218707e-01
9.885980940791228022e-01,5.393588134469862183e-02,4.846452608768488934e-01,2.901493003688265793e-02,5.771724294379290132e-01,8.620109488270507603e-01,1.493367042216193763e-01,1.521489141897372499e-01
9.522927755788459514e-01,6.911336503053757685e-01,6.547226458465585375e-02,6.493794835308264179e-01,3.863941270920710491e-01,8.400057301733960813e-01,1.346672450366724894e-01,1.493226998240834436e-01
8.105110445008685272e-01,9.944932167116716792e-01,6.810321244211829939e-01,3.589569360044264634e-01,4.184298279883121863e-01,9.602654699839263674e-01,9.079527873825760098e-02,1.507146271623768796e-01
9.694629261247278418e-01,2.985052810892614428e-01,5.490359742512540553e-01,5.519617896087997133e-02,5.280472972248799746e-01,9.946615576901354228e-01,2.489037732814824433e-01,1.516942464889783904e-01
9.824471312568596737e-01,6.906835640961241918e-01,1.730063303915880812e-01,4.070433122211772892e-01,4.393353923854945164e-01,5.860634806723901136e-01,3.695742340826996264e-02,1.505238427317369676e-01
9.985130566490736381e-01,8.191145572615221582e-02,3.583342205069653397e-01,1.518771420802050853e-01,5.678849942966792685e-01,8.630291019023192955e-01,7.477328086873609170e-01,1.513218026045716480e-01
9.871730655909509711e-01,3.532887305714471626e-02,3.374095065109531388e-01,1.469014610079970584e-01,5.435148631150668042e-01,7.206472598691157083e-01,5.370766148049438415e-02,1.527131552536913905e-01
9.979056217216971669e-01,3.779676843035972289e-01,2.651227236248273056e-01,2.552312879706734594e-01,5.096909063820533881e-01,5.535413901469646847e-01,5.388112901823208234e-02,1.523592003299463205e-01
9.542510171163750554e-01,3.977293200085197933e-01,5.336329424190962012e-01,1.178898731136623912e-01,5.602921854913085475e-01,9.276222120930375237e-01,1.689378050989412405e-02,1.525071489351348120e-01
9.391851776757565995e-01,8.965945282550071838e-01,6.798735487925933185e-02,7.123366453951878174e-01,3.663954067895258127e-01,8.712131630543806793e-01,2.402135041088677703e-01,1.490591352212042864e-01
9.122325491431555466e-01,8.657795761893685160e-01,3.283231677669951054e-01,4.471919329233963736e-01,4.283923616017785152e-01,8.567184557432524494e-01,5.520524847462446316e-02,1.517602343558976108e-01
9.908522303489867289e-01,5.256700041818784808e-02,2.473414086178782889e-01,2.739184243573461464e-01,4.849684541946099881e-01,8.478032313119078234e-01,2.180561860064794688e-02,1.516130633642631120e-01
9.460186583929016679e-01,7.084453094529031825e-01,3.615249479475090011e-01,3.619533823280013385e-01,4.495085019910955437e-01,9.877259087740867249e-01,9.265141885374056363e-03,1.516565610637907180e-01
8.681347303564075357e-01,9.251938417147489435e-01,4.320779947074981364e-01,4.298995773880468496e-01,4.047859487369585563e-01,8.663377535378748995e-01,9.877803184248215573e-02,1.514832233165800401e-01
9.997684300229087162e-01,9.272257105285930390e-02,3.331769764393371913e-01,1.268019419511742796e-01,5.596629659342030605e-01,6.078398651411806020e-01,2.867497749051323708e-01,1.529623140106295964e-01
9.889377331231243851e-01,4.036126060924517533e-01,1.682392543549043606e-01,3.585419778476953701e-01,4.954670290714031089e-01,5.632544073563696685e-01,5.501147073336437598e-02,1.526513230697002788e-01
9.987479989475427367e-01,1.965724314463058731e-01,4.706382079937863061e-01,5.018774065392644923e-02,5.535857813235396385e-01,8.197382467186925536e-01,1.857387516812515627e-01,1.526874771145765863e-01
9.490722575546417517e-01,8.525808357991219166e-01,7.589689549453798589e-02,6.762047576644393265e-01,3.525067885042582061e-01,9.163055937218523850e-01,7.340743877906036330e-02,1.501248146174406495e-01
9.424777409697578934e-01,8.205433781685049777e-01,2.237518881779204383e-01,5.150985966473954347e-01,4.062059451587714531e-01,9.044013884970704131e-01,9.279446128693835671e-02,1.504409942017092827e-01
9.784068140855356477e-01,2.013974512381837001e-01,3.308968818826010239e-01,1.956656095987401311e-01,5.295770565349916525e-01,6.909137330836285784e-01,3.996567420324929620e-01,1.507344721329235138e-01
8.053115386986594570e-01,8.922411219906994928e-01,5.662238287776708567e-01,4.156851786975235274e-01,4.025545757546038494e-01,8.772330813229394231e-01,2.278206596528820072e-02,1.502407485612712035e-01
9.532389182298911523e-01,9.552351179719080765e-01,3.344028587906459626e-01,4.407202796296866287e-01,4.391142036462503673e-01,9.459001005878037160e-01,9.913550293078041142e-02,1.507851360379570682e-01
9.281337856046264490e-01,6.647726663917630230e-01,7.455310095895820166e-02,6.438391977608711736e-01,3.847317801573957308e-01,8.127446494775419916e-01,6.044493316948346129e-02,1.501685281228287705e-01
9.818411165786535832e-01,6.820770333155306009e-01,1.488023689858153920e-01,4.127081674055881333e-01,4.725403978846660080e-01,3.716839315798525778e-01,2.154052047520148561e-01,1.523480421354541925e-01
9.730810003465016900e-01,7.041532847839105935e-01,6.792155855706827339e-02,5.369525900518317130e-01,4.408405279305905866e-01,5.337896582591858952e-01,1.387639262987736266e-01,1.517616868010616960e-01
9.964582250310731748e-01,3.788391210335959047e-01,6.071146966338538675e-01,9.407586092352648865e-03,5.484850553700075793e-01,9.835398242006354597e-01,2.009926539638503817e-01,1.507781258939507874e-01
9.376376759442222042e-01,7.834190492751624824e-02,4.942376443159882671e-01,9.653087319875941485e-02,5.588305002543694222e-01,8.719118734256592340e-01,1.563657430129517800e-01,1.534051819192076838e-01
9.043528530611174565e-01,9.783401212323619145e-01,3.198853634865316264e-01,5.166516507071720055e-01,3.914586318171385804e-01,9.324642184327895933e-01,3.345778521575604181e-01,1.497613838605205971e-01
7.685818411348442902e-01,8.303944744572022696e-01,5.292044302550361623e-01,5.075188278172076961e-01,3.998730668900938312e-01,8.493244721573551814e-01,4.428477483582841934e-02,1.503106295255945690e-01
8.619926849845974681e-01,9.043479289825617773e-01,2.357274771401330071e-01,6.553424136847532111e-01,3.524829179227569331e-01,9.805562016685409610e-01,7.819340902559483719e-02,1.495904487316120079e-01
9.967960340225539007e-01,9.101470684695122104e-01,5.831247255342857372e-01,1.282356411470473856e-01,4.834203486252987014e-01,9.826109569536423116e-01,2.477057340730679513e-01,1.513850520674986933e-01
8.107194924318911200e-01,9.831744690423016575e-01,5.990044587818591504e-01,4.182853349365880935e-01,4.079651047871393210e-01,9.454029828595832408e-01,3.437435785079685779e-02,1.499355509907041029e-01
9.345566466269404904e-01,2.296812512641349113e-01,6.474408264508706434e-01,3.828973857857836949e-02,5.597232890371380831e-01,9.667464979819491155e-01,1.569160326872921229e-01,1.520132884696762665e-01
9.794086591341011339e-01,1.154165652893002214e-02,4.419035855641293420e-01,6.691217613901467853e-02,6.011763063821180531e-01,7.858025420148085916e-01,5.323258396511080237e-01,1.524535013785953685e-01
8.940006641907657370e-01,8.599216826130102742e-01,2.132772786220293593e-01,6.011790228746554110e-01,3.783733416764940571e-01,9.759372705805011705e-01,9.793140628056680452e-02,1.498910370181714413e-01
9.755153896272300562e-01,1.746610926729856295e-01,3.257199384793285635e-01,1.926179060139724952e-01,5.386118371746577704e-01,6.485808707204208101e-01,2.319407397767997980e-01,1.527194317380444755e-01
9.666842961728856487e-01,7.439260786559098726e-01,8.633666521693680873e-02,5.692521491903475006e-01,4.044064699320246703e-01,6.902390211529776387e-01,1.556932226334159786e-01,1.506886112903551289e-01
9.883150544091476863e-01,9.827195363477002621e-01,7.721600950031123900e-02,6.334676452923202472e-01,3.834190251831693375e-01,8.802190521609912777e-01,3.813916854040856896e-01,1.500327506375823128e-01
9.882979426632673148e-01,4.563007174979960556e-01,4.705458519228102876e-01,6.707949172854144049e-02,5.493282259624938657e-01,5.440881522851834795e-01,2.230511650382491218e-02,1.531433531775895085e-01
9.848291738139499651e-01,2.179160712164717739e-01,4.226456048113440556e-01,1.818396549435658816e-01,5.685121577479890220e-01,9.829111244246370171e-01,1.988133254025368502e-01,1.523734265625746043e-01
9.942346415469768273e-01,8.331996654611184550e-02,2.048492835838601756e-01,2.738192674080151545e-01,5.061934710334178300e-01,7.030864673039719515e-01,6.126686987631467518e-02,1.521859515122871154e-01
6.541413076267110771e-01,8.426934189873203085e-01,5.515618413737392034e-01,6.762295631380713656e-01,3.725284921875396393e-01,8.156321301039821670e-01,1.373284476896227679e-02,1.497506006505587572e-01
8.627831017914610046e-01,9.182632438534106267e-01,3.234458424861935688e-01,5.738197735050935000e-01,3.626194920462471605e-01,9.705937393382585432e-01,1.552293462999387863e-02,1.494263540557170811e-01
7.913675638786860089e-01,9.782024752827813696e-01,2.847923112834026549e-01,6.427940227803616846e-01,3.712928216895591271e-01,5.910541667970001800e-01,1.818869288768920622e-02,1.489634556820570166e-01
9.910571417501086167e-01,9.214257209850884589e-01,1.984802586047117456e-01,4.152785214591218077e-01,4.445039612727384459e-01,4.327776062064315754e-01,9.204174841393711337e-02,1.515766257153616514e-01
9.983053730026830719e-01,9.924181463535926007e-01,5.306158621367057515e-02,6.093458116048673379e-01,4.047294602620237214e-01,5.801835182972980842e-01,3.418296445059167965e-01,1.490441276065528620e-01
9.122493877161140796e-01,1.347490305633343155e-01,6.236424012824355323e-01,4.322797265700106806e-02,5.397104182743590606e-01,9.611027394072522156e-01,2.522429782395320119e-01,1.507294722658411024e-01
6.478541694619919245e-01,6.929902556812073122e-01,5.207110561428575091e-01,6.001451992544059033e-01,4.096695721405024804e-01,3.726426945619917275e-01,4.896026983815554567e-03,1.500624667569661619e-01
9.356696151664491978e-01,7.751899284792904687e-01,2.364610084301115855e-01,5.103603600462507384e-01,3.774556634859624893e-01,9.848114850202240866e-01,6.825459257454055684e-02,1.500132677876170328e-01
9.908643277596945742e-01,4.759927652855922009e-02,1.350889390186331418e-01,4.128148883472577690e-01,5.068918438638109203e-01,8.942823183982849811e-01,2.476967391681882402e-01,1.500398961197191572e-01
9.495192250941814072e-01,1.983771853919773509e-01,4.046379104086571532e-01,2.075393038297057569e-01,5.100982285590178744e-01,9.249146476550480500e-01,2.024868615203345157e-01,1.512995150556574464e-01
9.923932513952931078e-01,2.531211118656842007e-01,5.141670845814917401e-01,5.894587174070320401e-02,5.683368588291989321e-01,9.685967491061272527e-01,4.948648325103023327e-01,1.496247870090076093e-01
9.497394095616660259e-01,8.368539006148973947e-01,8.618876464573466123e-02,5.800419697565477595e-01,4.092186004711345637e-01,5.975509221575544538e-01,6.310090520786282298e-02,1.507868831191405135e-01
9.352647658892778715e-01,9.009927295451971574e-01,2.259764630310444611e-01,5.325294670089988358e-01,4.175678159458977579e-01,8.208800388931016823e-01,2.092283523502399545e-01,1.504034565329751272e-01
9.811844635297513051e-01,9.640670798831090238e-01,1.998296855666552574e-01,5.041103557008499436e-01,4.271136905399214867e-01,8.461363355186848345e-01,1.116533488088510551e-01,1.500519719476166025e-01
9.837973925114669171e-01,3.154431371125966943e-01,7.719718523005297817e-02,4.507347131052228950e-01,4.671828371680500358e-01,5.803627484032196637e-01,2.894408822782182922e-01,1.499329931562128349e-01
9.138285267507680887e-01,1.681931220189862852e-01,5.576734083359025096e-01,1.057694530767057106e-01,5.384870947858598766e-01,8.553024244449966007e-01,1.410618277793752595e-01,1.515068414432286514e-01
9.826409435475340626e-01,3.530146296722356247e-01,4.716277812767282196e-01,8.663055839155925364e-02,5.390020847502901002e-01,6.606702579912875350e-01,5.279995927770694819e-02,1.528357663954750534e-01
9.866917605314867723e-01,1.224488708914339696e-02,3.014935319243465806e-01,2.549745038262674068e-01,5.399597033495194820e-01,9.578489405649228683e-01,4.802719383042892143e-01,1.505798044171640371e-01
9.865670447601229132e-01,5.919743441188933808e-01,5.649224651402040553e-02,5.505886468973740788e-01,4.066937766442694779e-01,6.927999162988208726e-01,2.946304820660656243e-01,1.494064967771979169e-01
9.778048783244490672e-01,7.994826908353431794e-01,2.650833615703792612e-01,3.880225660451988579e-01,4.454088090848260517e-01,7.439773700504521692e-01,1.919532286941954546e-01,1.499255214419635274e-01
8.352562300320769406e-01,6.526787896448607018e-01,3.631883741120213727e-01,4.699280781427546683e-01,4.163867993967432790e-01,7.585675559453596284e-01,4.036131314610089116e-02,1.499737574733739087e-01
9.814100001519919791e-01,7.667472117330511594e-01,1.615078320756111740e-01,4.745480366334428601e-01,4.272749349282377040e-01,7.468074318689098545e-01,2.468289438057229834e-01,1.514572523824785077e-01
9.870281944157284215e-01,2.256559358528413273e-01,3.951539792816989860e-01,1.598219580898252445e-01,5.309477532513300346e-01,9.070115460496595006e-01,1.775875116205601900e-01,1.528869338777160414e-01
9.923601290114484330e-01,7.572276323029879519e-01,4.226388996589836022e-03,5.803497017905558941e-01,4.527976907620816505e-01,4.645517278338547329e-01,1.223564331766742869e-01,1.517095666875805104e-01
9.265387966586470236e-01,9.272579479728648710e-01,2.483626024933910659e-01,5.533836178811628592e-01,4.063046615856721333e-01,9.427782733643130797e-01,1.536917957957185943e-01,1.494397550854971723e-01
9.633126893664000212e-01,4.087490946237644085e-01,1.250346385042806208e-01,5.293538879591230817e-01,4.180930354166859653e-01,9.313341560799623942e-01,4.691940669246394413e-02,1.501123348682846248e-01
9.937091815609876422e-01,1.327370301182657641e-01,3.481981755687639790e-01,1.475380387738848831e-01,5.738757327234238481e-01,7.138946458804490414e-01,3.322318186031986142e-01,1.511284032826813450e-01
9.550510876518708558e-01,1.106442326152190514e-02,2.658127069554977462e-01,2.914452501031102871e-01,5.266042587712271850e-01,8.504229766382892519e-01,2.519208650924463777e-01,1.521815906956429654e-01
9.343856189440485904e-01,3.309070779441504739e-01,5.788256215919219683e-01,1.025239929772875369e-01,5.574068644540512985e-01,9.730161638882738329e-01,1.183643133828862215e-01,1.520234773890440649e-01
9.894904876047134756e-01,9.355198058741902578e-01,1.969980609082951639e-01,4.538042710589795248e-01,4.352078433851869210e-01,6.965068966455920663e-01,3.757464882152949937e-01,1.495954175543275366e-01
9.228545483551343631e-01,9.149689575384549745e-01,3.013184985281349149e-01,4.936901879928290438e-01,4.160595642456386689e-01,8.797209511172372487e-01,2.664717008673725962e-01,1.500997900907722615e-01
9.804851765225814919e-01,2.642008050556896026e-01,5.876443075848089004e-01,7.674676958570159080e-03,5.626315158716977960e-01,8.503045833530917808e-01,1.766953365167325540e-01,1.521157413747070142e-01
9.411609676660253054e-01,6.762613297511677057e-02,4.449060223910131784e-01,1.539038235212671357e-01,5.425669823839164296e-01,8.796338692775326207e-01,2.605782033016290633e-01,1.507302043310437545e-01
9.375363550622680675e-01,9.892800532755428033e-01,2.705639384371971157e-01,4.730916414515289881e-01,4.004981337509684880e-01,8.136531509771984805e-01,4.330505488767308342e-02,1.509101946850358034e-01
8.668953597264942301e-01,8.966799972144257058e-01,2.543319342874686972e-01,6.474597879186699823e-01,3.636233948918971559e-01,9.381263194858123766e-01,2.640536632480341983e-02,1.503536839997013930e-01
8.816416101660039528e-01,8.288189793776428171e-01,1.712211652237541903e-01,6.198222491753372365e-01,3.677922871041944819e-01,7.615628646334914320e-01,2.821612338715664969e-02,1.503975709719971576e-01
9.237726227242336607e-01,8.570951665156439914e-01,2.025599977405114493e-01,5.780850885188785204e-01,4.104507119702097695e-01,8.532142682960172086e-01,1.468927094074553019e-01,1.495570157059884775e-01
9.225797881745995133e-01,9.824482400828100648e-01,1.456048071373738373e-01,6.108374648289789377e-01,3.684246924476138330e-01,6.907702035722421696e-01,2.613587785181689660e-01,1.504711445632679612e-01
9.981414041659505409e-01,1.163967488503971359e-01,2.644973167219972776e-01,2.250445042835192144e-01,5.484117161639463500e-01,6.686186563932861038e-01,3.507589161730109151e-01,1.520441840553841129e-01
9.986407074674055195e-01,3.852838950979637356e-01,2.717310727873238352e-01,2.332281211694451073e-01,5.369488541010936089e-01,5.096710379913143019e-01,8.250166973244298096e-02,1.524075203467632200e-01
9.798922222813654104e-01,6.971429859163510434e-01,3.150654244711242891e-02,5.541149826384553778e-01,4.313748476572264456e-01,4.095380681010267199e-01,1.466236654747887225e-01,1.516531133293234912e-01
9.819386146996100795e-01,8.934484242169423718e-01,1.382750014276059869e-01,5.688652021317810448e-01,4.214671543936656106e-01,7.606269827583875820e-01,1.027565403237613306e-01,1.502352014677817149e-01
9.848646100706313078e-01,6.779504666181268568e-01,1.592092277265683142e-02,5.466174509800532100e-01,4.337613951721752681e-01,4.279347982364413716e-01,1.488832405942147330e-01,1.509658961714727132e-01
9.541571041124208286e-01,8.011015250207480509e-01,2.306513773977590664e-01,4.230177998751651902e-01,4.575687821607651862e-01,4.852037604740980781e-01,9.012777719043241209e-04,1.524079137555000851e-01
9.175785260431102985e-01,2.873279241010184837e-01,5.762146697765185843e-01,1.171226485815041740e-01,5.034081286046355741e-01,9.628812607870929074e-01,5.668592466400862451e-02,1.517623345186067674e-01
9.530635320305923530e-01,9.840606282618362677e-01,8.683744869307918890e-02,6.284255535876183130e-01,3.681959897226713130e-01,7.023004731351852881e-01,2.760057506648952996e-01,1.506329999026947974e-01
8.064785780610497223e-01,9.787490900434816510e-01,3.686376847176829341e-01,6.422516842724501629e-01,3.738459246890857846e-01,9.483884013821284320e-01,7.255279211837774300e-02,1.500768348847548728e-01
9.171928462707638063e-01,9.881283262166744574e-01,1.943484098496136014e-01,6.322454647083763923e-01,3.693928001087373181e-01,9.577249283126858526e-01,3.677904366719875195e-01,1.501791017483600221e-01
8.472546846234244589e-01,8.421614228455460704e-01,5.202688317109410709e-01,3.825682883886424857e-01,4.193728237058430008e-01,9.571415716751009439e-01,2.965506160288683413e-02,1.504286362875067451e-01
9.943394602142547889e-01,3.718873166788871920e-01,3.677076655837289709e-01,1.758782101366218875e-01,5.512321886564259810e-01,7.370405736420482246e-01,4.362724485412511344e-02,1.521357161572318151e-01
9.881647496421757104e-01,5.094745207334334669e-01,1.396661707946003361e-01,5.089461595586772802e-01,4.152599722434684448e-01,9.889966580887659120e-01,1.384107011920564512e-01,1.503515758637770927e-01
9.954268472759730813e-01,5.016941816746645078e-01,4.074340786960134464e-02,4.624645569341015450e-01,4.553448857898573787e-01,3.625274402326331136e-01,3.569721376340274921e-02,1.512608104177488033e-01
9.632526613684332384e-01,2.406921253827121743e-01,5.871985250297135916e-01,2.894272980712486731e-03,5.879577176187134047e-01,8.775822677203641842e-01,2.940516862621151417e-01,1.517753489675197909e-01
9.897775593786242165e-01,9.584602168039404457e-01,1.136679946360891202e-01,6.210205053047803680e-01,3.875647833461504099e-01,8.917559868626302455e-01,2.321104492808687136e-01,1.496634498251518397e-01
8.589838263305994426e-01,9.049891762949411333e-01,1.814716124416664855e-01,6.513330730832105342e-01,3.539623374011434676e-01,7.137803338429519195e-01,4.865195061753417594e-02,1.504059510477426531e-01
7.671261205411756823e-01,8.931422174075542841e-01,5.643416302268473572e-01,4.684926644253081252e-01,3.866832124772875412e-01,8.180378681013928954e-01,1.115836972956738005e-02,1.492087055336422385e-01
8.502826557604630242e-01,7.564991092266848405e-01,2.468165100136270884e-01,5.687197651120633468e-01,3.819405660310751238e-01,6.951996870960173158e-01,7.853909478092967189e-02,1.493034919012660167e-01
9.835211914363475305e-01,7.951012118661451300e-01,1.468726483199683797e-01,5.172782436850138499e-01,4.606181039230423657e-01,7.162037426553733432e-01,1.290129518903604944e-01,1.512961489431270679e-01
9.889450849052481285e-01,8.621731043743792178e-01,4.238921601662304361e-02,6.714212547676152720e-01,3.780556426868734166e-01,9.535986533287925671e-01,5.907667017956719224e-02,1.507914879747317694e-01
9.208421479564872225e-01,9.815847276810040212e-01,2.262442416948746704e-01,5.643566780975732833e-01,3.915374088455818025e-01,8.786753247181487980e-01,1.273003846221719693e-01,1.493538407092497022e-01
9.460007045057687858e-01,9.177236229578337179e-01,1.785422438404707379e-01,6.309841223114903697e-01,3.991303622861123168e-01,9.959769365650638084e-01,7.805538298204484082e-02,1.491067431270225174e-01
7.905879406971862977e-01,8.611911824275109151e-01,2.991561188488124357e-01,6.036136900931088345e-01,3.815349273136643959e-01,6.020418357918516650e-01,2.334119643972232261e-03,1.510942965963406326e-01
9.459008136318625137e-01,7.520739067274235801e-01,1.853191675179797770e-01,5.603873551247519069e-01,4.167014444004565332e-01,9.538123916425971238e-01,6.356192000911969897e-02,1.492935322539174769e-01
9.530555461795192640e-01,9.133812711193132206e-01,1.287363542314592380e-01,5.708364595865347280e-01,3.939500907748066383e-01,6.873468737104623250e-01,1.274840219490068483e-01,1.498132038020114076e-01
9.985600317230658440e-01,5.169337085799265985e-01,1.642787859882152701e-01,4.242457357550190045e-01,4.418612741919539233e-01,8.240037402290030233e-01,2.481685870488114509e-01,1.504574699639272539e-01
9.915002225816695880e-01,9.962712577429926331e-01,2.075623978258104019e-01,4.842960516953145333e-01,3.854500031116012693e-01,8.945357107886078296e-01,5.206649849940830910e-02,1.501639768284410981e-01
9.019586280723785876e-01,7.030321801572464446e-01,2.677344247358926510e-01,5.124067372623054561e-01,4.208234722873199218e-01,9.420689847751269053e-01,1.150828858128635918e-01,1.504829979398819295e-01
9.830365715456924613e-01,4.704213357162292386e-01,6.046132876363041753e-01,1.374476107533495473e-02,5.478255164825366341e-01,9.303516072729656194e-01,2.947908981127240757e-01,1.524341398754801291e-01
9.810080221914633247e-01,2.406711511849756735e-01,2.225848603266313286e-01,3.518245269731415381e-01,4.982466837751073907e-01,8.040899914598479414e-01,1.823758422269375346e-01,1.500211883830425419e-01
7.396878384502203474e-01,9.192537590999834141e-01,5.404251926049463695e-01,5.973945574168663120e-01,4.163224025450927845e-01,9.864989185274184447e-01,2.233062328298274224e-02,1.499962218342748843e-01
9.986464917078676784e-01,5.252631587153840931e-01,4.665602112557091230e-01,1.468879697157973174e-01,5.298033013218671483e-01,9.278665505311058936e-01,1.326082340233319112e-01,1.509769128128541082e-01
9.828082049573787504e-01,6.159842715254776335e-01,4.709507947214086609e-02,5.637785525494363181e-01,4.380929549086227670e-01,6.676354388877218105e-01,2.572822751461645296e-01,1.505727232889644829e-01
9.636453432058844637e-01,3.659392748306786736e-01,4.473765656125865964e-01,2.014597119003558867e-01,4.984036306233119995e-01,9.886398263346853899e-01,6.134842837553677874e-02,1.509525772632886453e-01
9.161525386488307277e-01,9.532407523106429803e-01,3.228192348740086537e-01,4.466057423304568563e-01,4.190442625066712612e-01,7.235763450510608319e-01,1.506599725950351909e-01,1.505817759546395351e-01
9.701235538842183370e-01,6.155748608419215895e-01,4.085079879893876997e-01,2.543368758013678788e-01,4.818493477070464603e-01,9.523510787704909664e-01,1.554905624786259710e-01,1.511217051638811260e-01
6.953981232241143173e-01,8.860687622003464714e-01,6.272166297575226812e-01,5.793565655261175840e-01,3.840234121307238291e-01,9.864716346792780088e-01,1.578129636540015479e-02,1.493217405347561921e-01
9.848227409643371955e-01,5.195419857380534356e-02,4.174454872022119734e-01,1.125657100143988565e-01,5.997032135364738226e-01,7.969903238755187136e-01,1.164445147795808988e-01,1.532486307570905537e-01
9.946175251268253303e-01,4.235881415315464471e-01,2.554425032816680652e-01,3.041636882023399657e-01,4.632753886415806321e-01,7.954448840732191162e-01,2.447467121566627157e-01,1.508337528450374443e-01
9.887938078015343635e-01,9.957588901228455747e-01,1.254914926031116262e-01,5.268894756952823277e-01,4.135901232371884118e-01,5.214020972887118965e-01,5.411548783024174025e-02,1.503533697978756134e-01
9.711517066790361641e-01,8.406490311504419832e-01,1.947966433246232087e-01,5.308519086179210866e-01,4.073197460466557729e-01,9.842969810310806533e-01,1.501986921622802396e-01,1.510807645854598258e-01
9.919927467646768582e-01,2.272898269938071758e-01,3.599572888830832595e-01,2.058506534162667378e-01,5.153377463341990428e-01,9.912476274311894375e-01,2.894754215752361193e-02,1.505471828802842360e-01
6.561677576226129238e-01,9.479927198326524307e-01,6.765465651000821534e-01,4.941341754136979736e-01,4.285568066939248189e-01,1.635156873257945787e-01,2.390070832623175656e-02,1.495629479837905229e-01
9.482456422400791229e-01,1.158875668646168755e-01,3.456402350105788890e-01,2.496358589388309457e-01,4.865167956015139517e-01,9.365259238822229992e-01,1.363485586391367244e-01,1.514567408728396125e-01
8.668838597124666201e-01,9.752825144255323764e-01,2.701369236375560923e-01,5.648630483945733527e-01,3.721292932663869957e-01,7.651508921637184546e-01,1.499780079931567478e-01,1.505721281271645284e-01
9.978629557594133059e-01,5.204650638853691724e-02,1.005680749065776813e-01,4.317804971554497495e-01,4.733593168045398536e-01,8.772240293770978692e-01,1.929536692879489368e-01,1.495293675277062362e-01
9.962504571019121791e-01,2.989713670466742079e-01,3.642128029871879447e-01,1.395408325995741716e-01,5.504937404556754510e-01,5.171704464230434395e-01,2.580443569679211069e-02,1.535774806967091233e-01
9.586666100517314826e-01,4.952034580411407427e-01,3.079845682229795933e-01,3.612273266801869775e-01,4.690444560880279168e-01,9.222302024533897136e-01,1.087398936160946517e-02,1.513094158288099400e-01
7.326340685953154352e-01,9.721590026684907571e-01,4.130465965399159889e-01,7.137507254667390111e-01,3.467592385232746155e-01,8.990387273804604229e-01,2.430707702661963343e-02,1.483570521835622380e-01
9.926589302854784691e-01,3.170765008311098865e-01,2.676442663843286995e-01,3.232642682805514922e-01,4.830607508769561020e-01,9.432715570852373554e-01,9.633662039683937861e-03,1.509276736875114489e-01
9.793695662999163387e-01,7.542007064685941620e-01,1.903208684452878385e-01,4.615798463131945972e-01,4.381262707576036863e-01,7.641546178126057409e-01,1.254866039813675449e-01,1.502292312280622266e-01
9.715969411340934503e-01,1.500092095178061080e-01,5.494161010693877634e-01,1.651394996661098569e-02,5.996548863476373059e-01,8.779024930597040255e-01,2.427994609022487982e-01,1.513292375005483303e-01
7.319615832080699214e-01,9.612900684713122645e-01,4.008914846261728560e-01,6.410915992511384554e-01,3.769776395381135292e-01,5.773376207294229623e-01,1.379882717947740478e-01,1.499737332531694001e-01
9.677126724465673346e-01,1.081316138247367942e-01,2.115598493043586714e-01,3.365226880636513762e-01,5.136625542010813117e-01,7.870324801510308887e-01,5.788594654957619767e-02,1.509587877857815896e-01
9.492513180560323560e-01,1.391314086570105135e-01,5.079995836177020330e-01,1.189304069539383057e-01,5.847431446968273105e-01,9.649592867959624343e-01,4.116385819532659973e-02,1.527236738265000671e-01
8.237939793307296199e-01,9.741193441277935516e-01,2.183757630846204500e-01,6.359665570671632073e-01,3.910467782166182071e-01,4.634472851188984333e-01,1.371941552775475803e-01,1.494709505306188180e-01
9.740717066594927198e-01,2.396714129091597201e-01,3.379632400453692065e-01,1.933770207384008788e-01,5.143359659747098744e-01,7.073621035835208071e-01,1.838538369872754763e-01,1.518588226859398094e-01
8.456302926543309839e-01,8.734056596781617499e-01,3.491048247582129171e-01,5.849776667404591457e-01,4.228645250998325222e-01,9.938232630092471709e-01,5.237124690385507042e-02,1.500576788439625386e-01
7.419021842238976427e-01,7.523778106738756577e-01,4.622424291328043333e-01,5.970839521683922735e-01,3.784998630260527630e-01,8.781739104683314867e-01,6.564364731106803186e-03,1.502265175061418268e-01
9.163584928384149730e-01,9.538451837508756803e-01,4.433595097193971935e-01,3.751233780308555477e-01,4.386306129959410272e-01,9.649537154025844554e-01,3.741546885233851261e-02,1.511504828015263757e-01
9.901709950979010744e-01,2.171272363128680105e-01,5.624136406535790167e-02,4.669552120514485205e-01,4.777673607001114431e-01,6.786635595221142125e-01,4.838949751967438484e-01,1.499120744401138683e-01
7.407562109536756090e-01,9.491134284621174366e-01,4.810246436069781639e-01,6.337463924298916140e-01,3.674141184958937822e-01,9.496335173508891891e-01,1.892622546304912334e-01,1.482893672113458072e-01
7.607338150595477355e-01,8.872166611679045412e-01,3.015892899367994540e-01,6.306933530701661628e-01,3.983621479740052096e-01,4.275413010285849524e-01,3.479303733134561649e-02,1.509741947765831371e-01
7.651767912470036626e-01,8.766334102233828141e-01,4.284300454836800776e-01,6.156617836079538719e-01,4.155785029763289229e-01,8.710385971238467917e-01,1.232468662132907289e-02,1.500282114798143773e-01
9.243564915401992765e-01,9.655763476156007385e-01,4.122465013789938237e-01,3.971644569993483254e-01,4.418932636016898452e-01,9.574368661790215729e-01,9.442473852602810414e-02,1.509134685745897875e-01
9.978444086352250553e-01,7.374733761709937330e-01,1.246987886316281990e-01,4.931725929300738720e-01,4.744225714440300501e-01,6.093155971250181491e-01,1.587546996014363443e-01,1.516907077462631981e-01
9.800695539851845828e-01,6.536202153904250300e-01,1.919142788153526680e-01,4.012025727391782537e-01,4.485114781362413705e-01,6.168644292668733486e-01,2.575005507753420075e-01,1.515170208962930420e-01
9.876668588626070777e-01,2.268651652028480514e-01,3.950225602425016524e-01,1.602876257442044650e-01,5.419925885893289719e-01,9.486432970750390270e-01,2.680938088945548081e-01,1.514391331525933304e-01
9.967745123570250776e-01,8.625852682669354898e-01,9.429806531915385648e-04,5.991747057695260281e-01,3.837706661864508373e-01,4.725686540221978316e-01,1.543580134805032089e-01,1.495798835898681511e-01
9.733763496560476902e-01,8.191805131339169321e-02,4.782304217609265606e-01,5.776586042037806790e-02,5.819956774696534163e-01,9.116688030756627814e-01,5.639217918599052082e-01,1.506912849585614056e-01
7.665759624880545964e-01,8.511336844459085338e-01,5.472608267741226884e-01,5.069081136883162308e-01,4.150830682544955352e-01,9.595121904506944688e-01,9.057804852829214048e-02,1.512630081111739633e-01
9.980787192894742255e-01,9.593877707774232100e-01,1.441210350396265050e-01,4.709884560523072694e-01,4.129482323030030932e-01,6.111734527108004800e-01,3.800402939886980969e-01,1.505280367258100827e-01
9.945835325552243589e-01,4.611249998567207298e-01,5.496378449901320185e-01,4.948449284638450907e-02,5.507636721441787619e-01,8.973646216353960980e-01,2.133373914284651396e-01,1.528247067104947787e-01
9.564480140132386454e-01,7.624191803305547799e-01,1.773895697723876508e-01,5.636295908981383551e-01,4.233241468523812889e-01,9.781144602654783249e-01,8.127166014802418570e-02,1.507866813055510624e-01
7.755907771901897618e-01,8.276960000620251501e-01,3.516093718413269009e-01,6.018438932221902293e-01,4.004658424476810752e-01,7.434645787226371594e-01,2.476261056386955262e-02,1.502035733094767567e-01
9.490483966221285872e-01,9.376319571000746311e-01,1.489986038357282161e-01,5.152882167059258389e-01,3.977434615272009699e-01,4.667928027653364120e-01,7.341869436524284254e-02,1.509269179849384857e-01
9.986535357378536482e-01,7.576524654625038657e-02,9.826870437209145326e-02,4.440059156305554144e-01,4.906573612688935881e-01,8.729983273649337683e-01,3.750740409802842956e-01,1.503513019514129689e-01
8.010433645818599846e-01,8.358489934603667848e-01,2.458220295630764718e-01,6.239348498491938955e-01,3.981320367914151226e-01,4.811951218506632655e-01,1.309327862606906590e-01,1.503893372218450541e-01
9.966728827620464637e-01,9.142141418033249423e-01,2.128456450465165961e-02,6.893996070626047246e-01,3.792793860678721485e-01,8.390986092977031907e-01,9.292714657480334595e-02,1.509182277341586109e-01
9.989189133077041038e-01,4.476600399253816143e-02,9.078671780519004253e-02,4.044498260739929352e-01,4.628446155803519479e-01,7.831910794032882484e-01,3.684290974046218192e-01,1.506897921987903344e-01
9.807066866481637391e-01,3.133811842109611168e-01,4.886407421638713222e-01,1.195169941502435274e-01,5.751127644861215860e-01,9.232744694790325779e-01,1.368609057746434932e-01,1.535961032172690199e-01
9.429661694351664236e-01,9.502062647609992307e-01,2.006671316416128725e-01,5.770087835947520505e-01,3.718901589174364863e-01,9.988944395362342465e-01,2.486578903056479162e-01,1.482671669110485757e-01
9.921994458548456519e-01,2.407270384314908473e-01,4.489602350126740138e-01,7.828174173771451638e-02,5.529000493888449608e-01,6.865690748964163870e-01,1.075035720363390623e-01,1.519156768836831262e-01
7.358871799993991214e-01,9.362194781696158152e-01,3.910345366311786530e-01,6.261836202816102315e-01,3.984909226106128632e-01,5.114572253394156220e-01,1.801847689080354753e-02,1.500739624753827384e-01
9.592744097300702766e-01,7.137056591186778931e-01,1.266412712063048340e-01,6.041238326590000485e-01,3.831038538450800002e-01,9.754072010242569313e-01,1.852061460218154543e-02,1.504565710116463062e-01
9.680816997682181180e-01,7.454447495294996839e-01,1.986574851347158721e-01,4.394892663853395831e-01,4.523875659948476957e-01,5.981575036895431241e-01,6.462856219155045656e-02,1.501414924275826790e-01
6.310799460280362982e-01,7.992122609866235683e-01,6.613975881572742299e-01,5.454185552953709770e-01,4.032447267889261999e-01,2.724639275479092682e-01,1.460133444523623036e-02,1.488616576427333471e-01
9.309315151966819357e-01,8.405506385330898667e-01,2.444379473196936492e-01,4.854176441470669512e-01,4.166545762566519762e-01,8.039396816125243816e-01,1.422566475828223043e-01,1.499228196110487799e-01
9.769766768905472354e-01,9.686884653245477761e-01,1.626768137169029849e-01,5.363019674468469944e-01,3.784041947822549545e-01,7.577706862736739435e-01,1.175202277061195011e-01,1.496610002007804918e-01
9.958292789049536520e-01,7.882342600207048466e-02,3.624346940103622128e-01,1.547440801167814795e-01,5.642529887925525900e-01,8.051764795228673055e-01,3.629195959821210904e-01,1.520343847536434201e-01
9.825608279016716518e-01,8.493973859678658478e-01,5.132223903849952862e-02,5.588709804683538174e-01,4.349226285802804681e-01,4.213739379022957143e-01,2.809925948236547955e-01,1.516326351428744501e-01
8.882314961690260802e-01,9.255211921662717112e-01,9.880002106645269233e-02,6.342639171741187853e-01,4.085980691939011256e-01,3.897783075748522674e-01,6.418668315562009452e-03,1.500805110921857866e-01
9.408322101573461937e-01,5.442453359962361459e-01,2.070805145640829126e-01,4.902874540078650534e-01,4.353851665660552483e-01,8.612077541960633242e-01,1.533756459943266814e-01,1.497212561666444175e-01
9.327418899271032737e-01,9.009075860094997168e-01,2.864153596086452813e-01,5.070176735622512476e-01,3.783652452671202315e-01,9.862660510541830794e-01,1.474911533018615495e-01,1.497259805113264619e-01
7.763869704997896637e-01,9.292446573435406698e-01,4.530043245939135987e-01,6.093887262588866260e-01,3.950139334375399880e-01,9.613620246249467982e-01,7.618205702899902287e-02,1.487391907488055665e-01
9.809426705532685586e-01,1.823908331212669154e-01,4.538949626728558950e-01,1.012875752842454236e-01,5.390495208006070849e-01,9.698887753537501766e-01,3.250040365949629084e-01,1.506464803639111505e-01
9.832116809512818634e-01,1.202764557817280200e-01,4.430614583589929656e-01,7.914033106993423328e-02,5.102937768990238876e-01,8.567809679837188330e-01,2.801500991266667739e-01,1.505616424510591855e-01
9.871077226722675402e-01,9.237918576377504021e-01,1.020049715941220847e-01,5.912772954021374705e-01,4.211921919932981040e-01,8.086292741258477301e-01,3.225807753313034154e-02,1.498331685134560998e-01
9.850471430799710992e-01,3.538368224130633011e-01,1.820014002632418804e-01,3.787003324221302480e-01,4.625810350760792833e-01,7.245043118477630939e-01,4.911459403799950385e-02,1.510075970506616905e-01
9.894131006694575348e-01,8.396102969295795582e-01,1.929397845662939037e-01,4.420877607577985424e-01,4.532066198363206011e-01,7.231186237103233161e-01,1.307443275211473965e-01,1.505211304238512626e-01
7.569790791509983796e-01,8.881272398960976533e-01,2.767158724935643299e-01,6.873970843006761422e-01,3.769991773681320435e-01,4.982575711967200394e-01,4.709763828526150609e-02,1.501080735458920623e-01
9.643927059824430881e-01,1.416714684063962726e-01,4.954590362445779883e-01,4.146515716112925132e-02,5.668768406196386112e-01,7.430350029767534004e-01,3.272440018224307412e-01,1.515055121691433471e-01
9.832531640546590124e-01,7.467324114902846866e-01,1.772399435164282722e-01,3.892385913051441548e-01,4.717311364865041101e-01,3.340734365811910411e-01,2.171168259279852575e-01,1.520862609583042424e-01
7.509550324049290015e-01,8.069591815358608811e-01,4.249978799398563822e-01,6.283990001568284800e-01,3.448237593383169930e-01,9.362807095039034078e-01,2.636478793920479791e-02,1.483391507054733216e-01
9.631426474124065162e-01,6.856016385213229425e-01,1.554068039176502714e-01,4.478094169701144489e-01,4.442787169800498370e-01,5.189206175328381354e-01,2.378293560343340274e-01,1.515783903124440501e-01
9.539566869891025203e-01,1.615075325879007373e-01,3.038690138007914543e-01,2.701781262830660890e-01,5.063082696758909318e-01,7.700361039075694913e-01,1.355080607825798200e-02,1.507449638201973363e-01
9.543422721234501305e-01,9.108912253854350993e-01,1.647163140376852186e-01,4.883370080630043408e-01,3.965912528643418811e-01,5.430775077241624116e-01,1.351699568091511705e-01,1.510308713157882121e-01
9.781425808358110707e-01,1.597423494913339237e-01,4.357619475167751055e-01,9.751633819534921699e-02,5.666874078070959220e-01,6.857010054763693629e-01,6.285208429431898836e-02,1.524007108556804102e-01
7.590467039372958968e-01,9.056058213290489878e-01,3.970271878203640581e-01,6.006653870266362993e-01,3.876002718342935749e-01,6.426739298141556089e-01,6.148793744034901365e-02,1.496160028283673726e-01
7.282240071038793561e-01,9.765359699440876451e-01,3.496340387259215254e-01,6.975974239851697734e-01,3.511372681848396460e-01,6.381741779776676227e-01,4.392753442694799504e-02,1.487818518789878197e-01
9.918366691477863428e-01,4.113887862967062214e-01,3.911752013463244415e-01,1.943246107619545915e-01,5.251387426597049490e-01,8.660830895888691483e-01,2.082656417928308301e-01,1.525746322953994705e-01
7.275871779938815065e-01,6.331301241510232103e-01,4.988943616393136660e-01,5.090686328439618658e-01,4.147769983266689775e-01,6.232604353694467525e-01,4.271921836474347478e-02,1.494604771526814591e-01
9.838018781822234216e-01,7.645309358121887833e-02,2.904153545792886315e-01,1.913972743771200913e-01,5.535778140502767286e-01,5.851211420080087988e-01,9.163020977301573888e-02,1.516991584259511083e-01
9.609544794440793014e-01,2.813564276826292510e-01,2.692459648122538241e-01,3.356349866557587491e-01,4.831292420338666460e-01,8.799898671721242405e-01,1.570881969600304573e-02,1.514892733927803992e-01
7.604609882644057794e-01,9.815933382317010292e-01,5.029366461957294199e-01,5.824011811303986264e-01,3.805761806136414571e-01,8.284384737061647463e-01,8.196694643268395697e-02,1.499431494053513059e-01
8.798602623178177762e-01,8.790102698613657672e-01,1.585594058442007792e-01,6.680734464608855117e-01,3.731485310448556802e-01,8.080613607467351800e-01,2.905365026953076746e-01,1.495305653076164087e-01
9.216560836414321445e-01,7.301364738044369140e-01,2.354085653892056818e-01,5.536681400287430943e-01,4.199823778760790050e-01,9.708505973527218336e-01,1.542961030842968373e-01,1.507586452221893469e-01
8.899414266194739520e-01,7.929025621358576359e-02,6.217059875546570025e-01,8.961696369237920345e-02,5.604092664856481498e-01,9.782306333961880984e-01,1.099497061040326656e-01,1.521958688562601025e-01
9.776635542844428484e-01,3.578167182174510907e-01,3.707585467385260958e-01,2.243633426041507506e-01,5.002618864186813008e-01,8.922502844311845926e-01,2.126362230925512575e-01,1.519680472920781622e-01
9.865197791963814522e-01,5.618917747655096662e-01,1.052134941965530146e-01,4.667241594960134798e-01,4.594590761132656964e-01,5.703023160894049592e-01,2.017752266890743829e-01,1.522568570896274120e-01
9.986730530797295335e-01,7.515148270402111086e-01,1.098986268990953807e-01,5.033344807283993694e-01,4.472763723285259063e-01,5.811033509365044480e-01,1.065175995048440599e-01,1.520981821879662799e-01
9.146786427100098704e-01,7.668588402203251331e-01,1.769508759759469141e-01,5.558338104751998632e-01,4.060678293269838202e-01,7.162237966550561996e-01,1.364815069674880088e-01,1.506764078622841729e-01
9.981219308838235049e-01,3.823315961372419913e-03,3.873103865385942868e-01,6.208555666570697573e-02,5.733128295978261457e-01,7.147011955364661606e-01,2.282364749300973550e-01,1.515835061830262676e-01
9.355447224315733834e-01,2.973213771178547238e-01,5.500499912846140704e-01,1.201568138668796526e-01,5.650532521920699214e-01,9.740318693303930964e-01,6.621500695193247021e-02,1.522695933819159242e-01
9.840609748843898164e-01,1.172008089199831349e-01,4.070050027176198570e-01,1.237708057813523554e-01,5.534184113799358595e-01,9.093547901606682249e-01,1.562194785978448797e-01,1.502281021719779341e-01
8.748324486864857974e-01,8.199514019028475431e-01,2.779613669740338411e-01,4.909615417795734627e-01,4.261982938114377006e-01,5.518791981166009109e-01,1.506898827038075095e-01,1.507304037556119747e-01
9.198175805112269732e-01,9.391689190037557644e-01,2.389897455523298520e-01,5.890721099330000765e-01,4.018815415662861379e-01,9.840326484923812567e-01,1.704268269545132775e-01,1.513943561789391767e-01
9.234059187848718819e-01,8.877992439720201467e-01,3.572501530654851321e-01,4.111064774480294726e-01,4.039371418406025316e-01,8.337609945814240531e-01,7.428024655943385457e-02,1.509084898300883937e-01
9.644321275755217693e-01,8.954625783343328482e-01,1.967107900453474167e-01,4.184290946646411768e-01,4.520743778314159633e-01,3.786591895665913921e-01,2.369415551425348709e-01,1.516766310198955914e-01
9.718004914527242910e-01,1.803601145682607876e-01,2.272784643724281850e-01,3.497012108570962119e-01,5.000088125458312938e-01,8.490509839477400345e-01,4.383925765993510471e-01,1.502524055275604176e-01
9.198074400973081932e-01,5.552848208442806577e-02,4.317878140364658224e-01,1.655891436081434187e-01,5.449315710125162138e-01,7.477255325663901830e-01,5.809909858733967869e-02,1.521820947100618604e-01
9.939297220857971071e-01,1.200161452652614424e-01,3.902098327551652424e-01,9.682569699693649445e-02,5.145370247294671628e-01,7.541330949224981373e-01,8.797138675776375316e-02,1.511654517586791813e-01
9.871714549781114290e-01,6.197948180613566116e-02,5.069291589864944880e-01,2.313430806937338824e-02,5.781790249233551560e-01,9.404747178417787179e-01,2.716233449397433275e-01,1.531031765840183689e-01
9.645880065315646235e-01,2.582215331874776476e-01,1.374970697727140034e-01,4.198813434507353559e-01,4.766400639995824751e-01,6.351508971696052663e-01,9.863267966159383615e-02,1.509564767381670614e-01
9.918092319681787172e-01,1.927769333547691977e-01,3.866932206277908235e-01,1.573523006510451627e-01,5.546051405369061271e-01,8.567419651271352965e-01,4.693387704199879218e-02,1.527397355183824634e-01
8.377666788671501719e-01,9.551889246256262123e-01,2.602921646350340179e-01,6.776114670101429649e-01,3.767055974264209572e-01,9.482906824904198118e-01,2.731748294957775380e-02,1.499218190857562472e-01
9.577475172400434777e-01,9.407654141321142305e-01,3.887304706726505410e-01,3.643796694087825805e-01,4.123521573183653866e-01,9.839134981655761614e-01,5.902760531852550840e-02,1.500722798990180851e-01
9.780917097499911561e-01,7.093286827711667852e-01,6.895141904793095078e-02,5.577494184572957536e-01,3.989571028611505477e-01,7.001255242879209639e-01,1.954391746370177096e-01,1.505132384960495284e-01
8.530674976507716112e-01,8.157766782325213129e-01,2.842958776359968409e-01,5.852614465575339819e-01,4.008141426799808338e-01,8.861097788306767642e-01,2.214488976783764718e-01,1.501249240212394198e-01
9.528791568292523939e-01,9.581775522476050355e-01,1.417547754204108446e-01,6.401065614974826845e-01,3.546879665237557822e-01,9.956787752682303427e-01,1.540656783851135914e-01,1.485075820320816420e-01
6.592090702212383135e-01,8.310561027881064877e-01,6.164503281343356456e-01,5.451148099800876556e-01,3.931160378906548569e-01,4.495897029923606736e-01,2.828497003330660009e-02,1.498083492718697840e-01
9.870750814604863921e-01,5.456323061082285486e-01,1.610039087771380495e-01,4.205409801738599351e-01,4.721663560232531309e-01,6.334816168552412918e-01,1.693007606127684417e-01,1.518565429143907686e-01
9.176736198702233338e-01,9.301819116111275099e-01,1.417098602556715603e-01,6.687506896391390843e-01,3.446136195979908057e-01,9.519286904210801925e-01,2.684159394119766118e-01,1.482512457620235036e-01
8.973405396431362036e-01,2.195704862376576805e-01,6.532361736937422059e-01,6.070542256504973810e-02,5.587618939903429283e-01,9.148324515006270863e-01,1.401285153991767840e-01,1.529758838478204319e-01
9.781701136853191425e-01,2.677651931258416829e-01,3.252559874073938651e-01,2.084554629429045958e-01,5.292605223899014000e-01,7.336522417582627131e-01,8.985631733609926453e-02,1.523086268869568438e-01
7.057563707921730156e-01,9.407392867817936377e-01,4.679040383750381338e-01,6.415884735397505700e-01,3.480506163375746698e-01,6.574734193730978893e-01,2.381613309274688284e-02,1.489237514657618111e-01
9.382086067351571579e-01,9.095250374664849424e-01,1.260916391867896724e-01,6.242982855901260120e-01,4.115235770105818980e-01,7.013847901901074655e-01,2.485719645463140837e-01,1.500427047727143082e-01
9.559807887529061521e-01,3.915895537005592564e-01,2.569075200003035353e-01,3.323458497293626523e-01,4.730551185122222613e-01,6.640597091070093994e-01,8.695156425386986465e-02,1.514316560236668718e-01
8.412939853381772304e-01,8.200599030989692562e-01,3.338998459747293257e-01,4.954909298113843730e-01,4.237049197495924013e-01,5.209756916666168358e-01,9.993960297494552947e-03,1.506704474209852040e-01
9.892171477320094164e-01,8.944683123270051883e-01,2.596815667223532631e-01,3.734465553104203694e-01,4.551023621999326640e-01,7.000806394031841018e-01,5.711193358606857229e-02,1.525776727614952255e-01
7.033551118331646812e-01,9.080604307335200520e-01,5.115480031247175985e-01,6.291328510934528495e-01,3.680997517374646755e-01,7.712142629497025226e-01,2.858647601486505319e-02,1.497987668686075469e-01
9.264688237362843637e-01,8.988054950275947697e-01,1.129761343511854477e-01,6.905560688184998464e-01,3.808764100682651699e-01,8.540449505204712466e-01,2.448375021805709872e-02,1.504650306026844853e-01
9.831884141982245584e-01,1.649268897139351542e-01,1.423855448115212141e-01,4.279849845097159489e-01,4.630535044393814248e-01,9.373695724452022482e-01,1.232974811635931811e-01,1.495163574210778279e-01
9.823315857802935591e-01,2.322069936658696654e-01,4.738924767752278888e-01,7.184585218657413286e-02,5.744091058356323165e-01,7.891134220369215857e-01,4.520123109110816273e-01,1.519584383908411107e-01
8.141098681814586957e-01,9.667940676027166891e-01,4.030049994502037936e-01,5.402046836537094388e-01,3.799551426246406960e-01,8.487444488444422230e-01,7.468670885620708189e-02,1.502603633619999102e-01
9.011086457846781972e-01,9.920297863794065307e-01,1.908553444050963832e-01,5.753522069799703598e-01,4.047008836547155153e-01,6.249777022301434837e-01,5.394602966344747008e-02,1.498350277292353760e-01
9.972263570361108442e-01,2.283394878605230494e-01,5.431538166380006638e-01,1.267698130825006819e-02,5.603387904134984332e-01,9.793710723072412971e-01,4.510469153056905212e-01,1.511651985715811997e-01
9.619703448168315241e-01,1.371426717803842510e-01,5.911679217964997957e-01,6.874991050476064736e-03,5.808334618072138467e-01,9.142214124454367541e-01,1.909479393993544494e-01,1.529790931063560733e-01
9.648587715806341558e-01,9.352542157568559666e-01,1.225581724216517898e-02,6.169562709566276393e-01,4.422037519333852362e-01,2.903928787052002525e-01,1.525103463533340753e-01,1.518238217823830727e-01
8.963138442756944935e-01,9.058883980188430218e-01,3.342214923128496440e-01,4.965419914853426153e-01,3.963876816153649729e-01,8.589676186370216460e-01,1.604526606990548665e-01,1.495696461240748620e-01
9.405266834742381787e-01,9.252862696207346804e-01,2.710807175863729768e-01,4.427187411004507300e-01,4.091133532226508551e-01,7.394291983803803481e-01,1.823309745563318762e-01,1.497444211565549244e-01
9.937889927327219208e-01,9.292954893528393434e-02,2.712459312856525528e-01,2.119257224112967575e-01,5.256134202999576122e-01,7.997418664527378152e-01,1.879405407454000920e-01,1.519741640070316757e-01
9.794174987355984685e-01,6.821074089543927021e-01,3.978967455480283411e-01,2.583390451899225670e-01,4.737241407879742572e-01,8.586983059089026149e-01,8.613094187129864687e-02,1.516844818277754969e-01
7.263461708027014740e-01,7.998179227661353918e-01,6.474243014047693645e-01,4.511590574767109230e-01,4.082976610410219975e-01,8.729797677717096027e-01,2.555217429595563194e-02,1.500834188706290095e-01
9.602101382320884504e-01,1.092074270195348973e-01,4.888472352771079943e-01,6.714444265947039359e-02,5.737386506833627164e-01,7.966233866009522213e-01,5.895065133191025597e-02,1.518969697621793402e-01
9.801862431497464501e-01,4.816375583878814703e-01,2.088738515656857753e-01,3.595818149961048094e-01,4.704624909972616731e-01,6.010360817908025899e-01,5.619732015907898115e-02,1.523467753620401099e-01
9.452253850648237865e-01,6.430779638318069313e-01,7.751934881290509227e-02,6.183462866097669819e-01,4.015311972526809381e-01,7.570274045810417851e-01,1.758418400055971886e-01,1.504523957909978671e-01
9.947067629478256734e-01,1.584116330447124521e-01,3.431953494741670774e-01,1.407466630089093673e-01,5.769657513368969814e-01,6.315552471283324421e-01,1.527131017715252781e-01,1.526317793918137988e-01
9.006115195881094770e-01,2.317796029336443020e-01,7.028780266877748817e-01,7.989236531405374819e-03,5.532343802983905601e-01,9.392751934843541761e-01,9.235496879579820073e-02,1.513759407220437725e-01
9.912211187875004104e-01,2.106916972112594655e-01,5.442512670711963096e-02,4.468874199685727300e-01,4.872595889706899941e-01,5.132936328488129085e-01,3.428873214173371320e-01,1.500858914481791317e-01
9.813561852562018295e-01,5.543755448549787523e-01,9.533315056745536586e-02,5.793445379854700317e-01,4.249612561886872419e-01,9.508791720880777065e-01,2.256378263463733602e-01,1.497601911239664074e-01
9.813943696669430450e-01,1.453057971328528541e-01,4.492669456220028668e-01,1.029651450073578722e-01,5.920205763179436920e-01,8.761043228525575710e-01,2.820850729450379291e-01,1.519185772246319510e-01
9.019409747988718085e-01,3.515924010018049994e-01,7.055206080784737210e-01,3.400010387456903205e-02,5.255976025616293512e-01,9.551555207670487935e-01,8.838333050586569262e-02,1.517406893632946563e-01
9.945227980409674373e-01,1.987547248029231106e-02,4.623666487934365854e-01,3.553835228007984348e-02,5.757183527650492350e-01,8.309072754226576318e-01,6.066948154990134956e-01,1.506074943001027011e-01
9.437111716588679755e-01,9.448081756951657306e-01,2.000006936907533783e-01,5.863247135694349410e-01,3.834221512739774962e-01,9.794256778940670927e-01,9.945143320196671299e-02,1.513644782274951861e-01
9.894642539497598976e-01,9.181990916127075186e-01,3.433678174615445444e-02,6.009742762450798192e-01,4.139762887318899076e-01,5.346458442171571068e-01,1.555375127583842609e-01,1.504662313981678656e-01
7.874983570165065005e-01,9.261001429594974965e-01,2.510191424794952497e-01,6.907975788745388535e-01,3.777458731395150759e-01,5.882105948023890196e-01,7.950679163835433494e-02,1.506280576115543168e-01
9.879638836951366576e-01,9.680057734890428200e-01,2.071081459527127910e-01,3.912114525153567723e-01,4.530948190802200903e-01,4.347530576044464912e-01,7.270835325210146804e-02,1.525057553901906227e-01
9.602702181732848397e-01,6.678110649492673412e-01,2.873389489063965518e-01,4.018998409752694845e-01,4.620819145851236542e-01,8.737651333560656486e-01,7.926477730224204543e-02,1.514634621989887631e-01
9.967405452609807703e-01,8.046025420690496865e-01,5.071309469939933035e-02,5.582531661597603945e-01,4.389694158559774850e-01,6.125204091824271169e-01,4.264589331485908463e-01,1.506665480305428850e-01
7.284264212558153595e-01,9.140583193830931208e-01,4.800210761103080870e-01,5.766263214501685663e-01,3.877328763451646787e-01,6.620719683962972280e-01,4.753230738615595030e-02,1.495160771922910414e-01
8.623015318927771400e-01,9.526619981510384694e-01,1.905022524570306186e-01,6.360545820099836600e-01,3.985152613291756962e-01,6.391447939024570424e-01,1.498027721569806237e-01,1.499551561419273094e-01
9.913388443528010630e-01,8.055341234871394862e-01,1.684921978152535138e-01,4.189045967381278546e-01,4.380851981339073387e-01,5.589951816044507193e-01,6.182390673101048617e-02,1.524756539269001010e-01
9.969905474582557714e-01,2.563796376905944641e-01,2.229840531477678411e-01,3.367737230399378001e-01,5.247491440377635152e-01,8.441953679615710193e-01,1.710337453405105790e-02,1.521001668050138422e-01
9.010073903925679417e-01,5.958132386336760788e-01,1.478877571094938392e-01,6.122389294429639861e-01,4.002972706357912358e-01,8.763923862493244732e-01,1.050075699176195032e-01,1.495433972206244577e-01
9.805757570440920556e-01,8.625395214845910097e-01,1.408802830522203897e-01,4.410812692893118503e-01,4.738005135367492349e-01,2.541187214892698942e-01,4.387371246150961746e-02,1.514802464122267656e-01
9.953971704774713380e-01,1.289524142091894587e-01,3.204336571601514305e-01,1.960500366326573818e-01,5.025793051199732853e-01,9.458738305411185099e-01,5.130521326387660341e-02,1.508026642519870453e-01
9.587709668892082648e-01,9.461177544598409206e-01,1.833182107929584581e-01,4.580762535596376028e-01,4.400735906971081635e-01,3.969891561364798371e-01,5.423465167762824002e-02,1.511193776929749544e-01
9.448468933974121242e-01,8.368666703497367187e-01,1.839761194932899580e-01,5.695861883141076776e-01,3.946801606479589664e-01,9.811661447683550641e-01,1.272866470952462026e-01,1.511557795422396877e-01
9.923131412108727734e-01,8.610760023334547153e-01,2.360643666658267248e-01,4.302399123864110719e-01,4.087028634375013958e-01,9.066390435304199080e-01,1.258409433105782960e-01,1.503625516420219743e-01
9.827353223601218435e-01,7.014886566057147999e-01,1.719556913263088627e-01,5.128013255596248765e-01,4.281366881364796484e-01,9.323135920430619672e-01,2.822264646849679259e-01,1.490257336609335514e-01
9.023790109079559141e-01,9.683812093523914699e-01,2.121484166325948717e-01,6.448376778163928957e-01,4.123715361393252010e-01,9.408550956002541543e-01,1.936835429014366061e-01,1.500863282387768505e-01
8.192552974659692566e-01,7.643523485968619635e-01,2.669041479268082773e-01,6.580881850399256106e-01,4.031437578094781982e-01,8.420780999577059944e-01,1.671284638980788384e-02,1.505694141571776168e-01
9.469852038802600847e-01,1.204132243018731785e-01,5.528046962191275338e-01,7.015856200756032113e-02,5.802061476073112622e-01,9.749065598230667318e-01,2.300260564436744370e-01,1.531095057360401801e-01
9.860991802445592258e-01,2.953181744830402078e-02,3.678248154121162017e-01,1.288903764971393584e-01,5.293789422075616535e-01,8.062640514277521486e-01,2.611623241464592349e-01,1.511904672308100051e-01
9.759924808094891935e-01,5.896287360385816800e-01,6.806871679363557526e-02,5.191623845475835664e-01,4.526085790709688528e-01,5.621929627692308085e-01,1.608404125636586357e-01,1.520146786904430225e-01
8.025268902674268512e-01,8.435738334251599024e-01,4.221691416810299247e-01,5.253847055886066153e-01,3.861069216517463709e-01,8.241164416348768507e-01,4.779401977009499480e-02,1.502773737456239711e-01
8.469294306924080029e-01,9.429933222365973755e-01,1.482976992858544008e-01,6.690832126951418157e-01,4.022130278260257485e-01,4.672648894487286819e-01,1.088472638048942204e-01,1.506737586025700959e-01
9.932244690279636856e-01,1.084095080807946365e-01,8.345365825169456797e-02,4.606558159655085305e-01,4.629943958461208431e-01,8.237325544977761593e-01,1.375828433984834509e-01,1.493675745497217433e-01
9.579806136481182621e-01,9.306542261824795048e-01,1.354718965871745395e-01,5.869767385182370623e-01,3.822361366495965473e-01,8.045406223179576433e-01,3.322061715314727492e-01,1.482486494965154500e-01
8.292577357388295489e-01,9.269662495024901805e-01,2.964076533274919711e-01,5.805423023424888251e-01,4.105597781520035627e-01,6.129312022192585641e-01,1.311651339444291908e-01,1.507459449305676991e-01
9.535920123887132727e-01,5.073471027557673318e-01,5.150611153311118739e-01,1.829209276717993216e-01,5.194030460424327034e-01,9.780020385040797404e-01,1.424807632615295028e-01,1.515425548010799206e-01
9.807982354987819784e-01,9.504060416483118834e-01,1.280981821902375251e-01,5.358687168198436046e-01,4.396196947443951064e-01,6.636222001440322815e-01,1.089796061149670148e-01,1.508931333371454353e-01
9.951801676796838692e-01,9.649097673189657165e-01,5.604408179421505043e-02,6.319774968164398876e-01,4.033924034518064361e-01,8.423875811922088008e-01,1.025081583799139634e-01,1.503554837141336253e-01
8.676336038577371346e-01,8.564174931801038504e-01,3.348588859662524064e-01,5.429457859002103648e-01,4.225649850839613975e-01,9.171556305090818872e-01,8.083346205718780486e-02,1.506659513081734236e-01
9.848623523999913143e-01,9.361584973391418041e-01,1.006435651983290658e-01,5.834694348928692875e-01,4.185558088263741650e-01,6.365444428805416832e-01,2.704606657381283252e-01,1.509314493109787658e-01
8.980583773995129970e-01,9.154406054902980427e-01,1.819793480731536905e-01,6.095843147085759917e-01,3.755215614751604702e-01,7.781665425000150460e-01,2.493420379246292229e-01,1.486590731943162602e-01
8.384601539174100227e-01,8.379318382574153512e-01,2.395016376365869393e-01,6.642924606645925767e-01,3.759101124915171233e-01,8.965410355492571259e-01,2.388521933516508378e-01,1.488985401100245964e-01
9.503975689853171316e-01,9.996980969490583124e-01,9.788118129462924921e-02,6.499841472444362056e-01,3.758765002781540021e-01,7.213913603937982533e-01,2.547929916674774309e-01,1.495239497172492771e-01
9.786508739679493640e-01,3.922781713331287001e-01,1.416798906081108145e-01,4.588366799626504289e-01,4.350206524790031781e-01,7.866941584910035479e-01,1.448039570215689797e-01,1.504108383210540911e-01
7.847945051569193975e-01,9.492340859959657040e-01,3.968987029334375416e-01,6.271414913986257389e-01,3.421021674861212114e-01,9.284336257245420221e-01,6.435784823898710316e-02,1.492672180443364582e-01
7.972056478866348384e-01,7.663221642200843675e-01,2.291080284125481537e-01,6.844782724340062741e-01,3.786057286643578212e-01,6.984263326393103100e-01,6.139964660283936393e-03,1.506414308999464990e-01
7.489200737712341516e-01,8.650751899613576823e-01,4.305429312578329393e-01,6.193810559213634992e-01,3.734646506306845692e-01,8.588604013312903795e-01,8.017089594883988757e-02,1.503243428800209169e-01
8.212580076717094224e-01,7.296705958846273488e-01,2.326063721728666711e-01,5.968197896379967560e-01,4.146776484355986780e-01,5.451898508211153738e-01,8.938780962478898307e-02,1.508255514020034327e-01
9.913653470441888826e-01,9.345909032656988247e-01,3.878206442261278308e-03,6.759136530570712953e-01,3.858115898394997023e-01,6.656989834625014479e-01,5.953157648147092140e-02,1.499428201604253996e-01
7.403237914348087534e-01,9.538846188065474019e-01,5.305077081013358509e-01,5.468066518489338446e-01,3.968913896260363727e-01,8.028240266146133841e-01,3.728836706779803389e-02,1.508945256385307299e-01
9.898108981975669574e-01,9.615077183100029234e-02,3.157168143285853379e-01,1.676291864622060646e-01,4.994241496090635613e-01,7.169850966353605859e-01,3.968584945719029478e-02,1.517683994434315398e-01
7.921857470604789508e-01,9.515688549256362538e-01,3.305913462454421192e-01,6.478428641229262430e-01,3.846212642313483476e-01,7.396087864235429965e-01,1.572247343713251144e-02,1.502511576261111870e-01
9.809481925316081430e-01,1.421691006390760070e-01,2.931288345790727390e-01,2.423690997922663681e-01,5.192459706115478690e-01,8.272652793396723103e-01,3.010838452438626134e-01,1.504294442955581290e-01
9.267095087666292752e-01,9.362387528950917304e-01,6.664821840372670003e-02,6.031857263501768651e-01,3.993316791757188788e-01,3.566578121764227838e-01,9.711112752148899629e-02,1.502580053030092566e-01
9.888920159180701885e-01,1.395761648890667672e-01,3.301387771231804047e-01,1.816038254554329379e-01,4.973258820683358894e-01,8.896080081812989260e-01,2.329412397630681308e-02,1.514556578202654047e-01
9.763222668241230418e-01,3.752824854197492344e-01,2.092664358049905748e-01,3.072279445221461902e-01,5.293137568928563130e-01,4.449033519898618616e-01,1.845220717558718193e-02,1.531235217667791804e-01
9.990646901422016724e-01,6.950713139933132334e-01,4.057826817624554661e-02,6.305091472127459795e-01,3.913316047753471194e-01,8.985305346174232710e-01,1.551384221750151116e-01,1.501483125581985489e-01
9.677979530616585002e-01,1.061346256153687384e-01,4.482227701325823821e-01,1.308981846138553284e-01,5.333096752695959397e-01,9.610754005697758062e-01,9.339729990001949256e-02,1.498868654389385602e-01
9.606106339460787069e-01,9.733466526641868510e-01,6.494530292859829190e-02,6.682626186149640546e-01,3.695170847362467814e-01,7.740650830888501366e-01,3.850077288578124812e-01,1.498093727784926554e-01
8.000740387770853834e-01,9.279057943563735478e-01,5.480469017732518822e-01,4.636706804994945030e-01,3.892686838872273514e-01,9.737638955221139536e-01,1.912819480381562354e-01,1.495034410295299765e-01
9.706742823145864119e-01,9.998711328635812023e-02,5.024900118879656041e-01,7.569876184977114564e-02,5.419418629240804197e-01,9.611446314710554439e-01,2.336631661958210315e-01,1.501088487717305853e-01
6.746173902125529587e-01,7.753627375760030471e-01,6.807946487036384831e-01,4.410825387394957664e-01,4.476003491063630380e-01,2.354436136503469390e-01,1.811262146484732272e-02,1.491212624942469811e-01
9.602890726781362352e-01,9.390425970169871128e-01,1.216632487091693915e-01,6.353533218134310712e-01,3.912109821567891776e-01,8.778670595296386159e-01,4.094805164096523842e-02,1.521043177039314576e-01
9.990720963386007236e-01,1.114381480481805853e-01,2.239965275143117052e-01,2.987714380836404837e-01,5.209268761232711542e-01,9.211854066615003944e-01,5.547026865588068345e-01,1.502136737863680460e-01
8.342476484041473350e-01,9.152128088847927279e-01,2.683047140579880585e-01,6.223217830869365308e-01,3.633017641981386436e-01,8.091878617119409034e-01,6.121121113866213881e-02,1.503335381642475488e-01
8.925424884071569975e-01,9.431177333367930515e-01,4.303260094555180215e-01,4.024334440761480058e-01,4.005068115785281879e-01,8.528492819748836329e-01,1.556841804241729244e-02,1.513004823000818344e-01
9.954758237368427354e-01,5.393436126893480509e-01,2.441939467745611048e-01,3.905531148575192568e-01,4.619370232256155839e-01,9.505616298492514105e-01,2.079953679178615511e-01,1.510702939289966518e-01
9.752198551421614736e-01,6.639684078596324035e-01,1.377468775851709015e-03,6.252604556003187319e-01,4.172169665435265795e-01,5.970348881042217837e-01,1.140698957477871145e-01,1.498396073603509571e-01
9.582745176979309276e-01,4.430226542577065940e-01,6.240985195856719736e-01,3.918282319007809766e-02,5.826503405635861110e-01,9.169997069873293549e-01,1.269179950893809250e-01,1.527239573585300325e-01
9.405360473479440486e-01,9.368909004001624297e-01,2.467748227879227874e-01,5.332593539686942830e-01,3.965296719134883130e-01,9.714557952106857019e-01,1.864093194036534618e-01,1.486234266688239436e-01
9.611909715110743546e-01,4.951495131895673474e-01,3.425691702303471642e-01,3.284640434190958524e-01,4.875127976072092806e-01,9.700236876384303875e-01,1.554494228374478371e-02,1.509139469411993617e-01
9.788081171633876698e-01,7.162773878677841655e-01,6.812584847210034766e-05,6.145057088021621539e-01,4.138865175233004123e-01,5.119457843203718550e-01,1.910708347313914146e-01,1.505823131086557465e-01
9.757772854249550099e-01,2.220536224354981436e-01,3.623031014085913437e-01,1.945000647451007036e-01,5.560952008364089538e-01,8.066796837280102439e-01,1.207082404201731407e-02,1.535486783915540610e-01
9.859510527331055707e-01,2.171192423431689278e-02,1.301944466338812723e-01,3.857949994547417161e-01,4.776977967778085477e-01,8.553434154657615363e-01,3.674743521027556414e-01,1.504773320671041470e-01
9.583348652183774075e-01,4.675386924708513359e-02,5.782324586380391818e-01,8.247108305973971376e-03,5.355816617491717668e-01,9.800958419076125638e-01,1.655344389020285967e-01,1.506292136215419963e-01
9.885320193170344938e-01,1.623817134729709233e-01,1.672303857738063615e-01,3.652836007671029228e-01,4.717283036626169768e-01,8.486768969906606230e-01,1.740213514924261462e-01,1.513014833621195987e-01
9.217063251878769847e-01,7.986646709260846189e-01,2.599182393516369927e-01,5.035861055766639449e-01,4.075839086462915706e-01,8.693040249672964181e-01,9.406453833593807212e-02,1.505713044775537912e-01
9.454870383661233557e-01,8.714937151034365392e-01,2.511573590648750742e-01,5.080701236345676053e-01,4.050944889093904266e-01,9.214813583679245523e-01,3.463048830743428175e-01,1.497337850640790835e-01
9.907983893262898301e-01,1.264835350940246017e-01,1.589946280945588319e-01,3.427324766834918823e-01,4.715638657380308296e-01,7.607442823021390854e-01,1.200367204380717312e-02,1.506719882471256045e-01
9.754746576393115154e-01,7.267071581679985792e-01,1.065498298093068841e-01,5.268209812436832618e-01,4.047108654845728015e-01,6.833483169557426073e-01,2.233724090316326349e-01,1.492661595061555990e-01
9.892497914031657125e-01,5.357193105500057673e-02,4.213058756297900498e-01,9.671271172250611725e-02,5.913037478395261060e-01,7.709477073873961528e-01,3.802292559564194874e-01,1.514929909962139110e-01
9.088793291021510790e-01,8.929976412672802066e-01,1.198600867503108458e-01,6.442690440931989615e-01,3.864459662500359660e-01,7.217211423466469711e-01,3.011962326221047648e-01,1.495005394042077385e-01
9.627490839391901201e-01,9.416761430938507260e-01,2.613994023412422041e-01,4.307231663058558313e-01,4.257369728400157149e-01,8.037525467267557788e-01,3.000699247997257180e-02,1.509526515801975499e-01
9.950116475356606260e-01,7.738784938902210087e-01,6.142270488019424546e-02,4.774819154510490105e-01,4.750966872496748539e-01,2.658408019852113169e-01,1.550694402103019731e-01,1.512930016359245733e-01
8.797812082961968816e-01,3.997919442067898732e-01,6.627679008992091170e-01,1.186619669461988491e-01,5.074235084959258790e-01,9.862392807167518205e-01,2.343551614448710629e-02,1.517920181966811999e-01
9.960212388762573754e-01,1.520090168901608862e-01,2.483186932870625752e-01,2.502427021965172305e-01,5.319097851654838172e-01,6.515305003430087449e-01,3.647020114824327530e-01,1.523785924775709621e-01
9.944602386238786673e-01,2.352984755592759103e-01,4.456956605292791695e-01,5.635501416711857781e-02,5.608049394812102406e-01,7.476998098328823117e-01,3.235619935997072760e-01,1.522099216424135371e-01
7.893937422658879877e-01,7.826908404348698056e-01,3.269424555091346440e-01,6.394233765719659068e-01,3.967060761855246143e-01,8.649378126067901462e-01,5.327681319110071090e-02,1.496508267292961936e-01
6.953687161240071912e-01,9.768390811674030338e-01,5.543762156796729901e-01,6.294313629839970448e-01,3.631302274789247608e-01,7.740944436823539165e-01,3.025793837341092529e-02,1.489477753507669477e-01
9.729184761069966658e-01,1.528901808846681587e-01,3.803439309618593112e-01,1.658330248787160954e-01,5.278555207826299833e-01,8.426090335658520392e-01,2.446413927575617486e-01,1.522852925722238404e-01
9.970111560937175987e-01,6.115801372617970522e-01,3.573275355144961418e-02,5.384445132426843861e-01,4.255533260888570424e-01,5.324263471714643092e-01,3.077940162159730209e-01,1.497933526781887736e-01
9.788169728629271260e-01,8.302397358017863382e-01,8.712115102914994025e-02,5.960493737555302429e-01,4.355276091396950711e-01,6.579003337676002650e-01,3.886978228582450845e-02,1.510142957495365368e-01
9.822637660478960031e-01,1.903472342527732786e-01,4.537867782344289225e-01,9.913549780914426846e-02,5.523174668833127354e-01,8.286857454907176068e-01,4.861874928944547314e-01,1.507517289749128464e-01
9.845078121930278536e-01,9.770472401259366890e-02,3.843310742413330594e-01,1.145655942526722648e-01,5.553659201630756215e-01,7.448754895716840352e-01,5.638869496477465493e-01,1.509707402867584147e-01
9.611389315194043270e-01,5.470795691320116116e-01,2.302893812042458577e-01,4.009813968606189549e-01,4.562399508176226970e-01,7.102510515422845172e-01,4.442207463366275311e-02,1.512708721012570312e-01
8.997472028740410854e-01,8.535524188003320578e-01,2.272200597341457462e-01,5.012592013009891101e-01,4.128358357856334315e-01,5.516891630147285897e-01,7.650307383420568152e-03,1.515700759429775835e-01
7.469454083949715884e-01,9.679478232383016412e-01,3.876477664961801572e-01,6.944769864779732904e-01,3.747352561209185140e-01,9.248619521475135441e-01,1.461481263116559681e-02,1.503043245973580966e-01
9.633620437759193855e-01,2.648523290896442894e-02,2.125355007576577027e-01,3.201979749721679536e-01,4.910211272332719590e-01,7.372455451265409465e-01,1.532480941810026587e-01,1.509796695256231946e-01
9.956444143996491247e-01,1.341815480946401684e-01,2.646297635207071064e-01,2.094639306339255158e-01,5.186139271803777984e-01,6.177753525946740876e-01,2.922890969362371694e-01,1.506088105616813222e-01
8.010635371204131161e-01,9.206240200216361247e-01,2.554251767763913161e-01,7.239838069742070559e-01,3.825697655191030999e-01,8.381190058344005767e-01,6.415709605460021003e-02,1.495091526603521959e-01
7.273737010081380294e-01,9.456414405552491242e-01,4.786882927177816827e-01,5.486559987623251811e-01,3.923274029132420848e-01,3.939590913544169792e-01,4.335841830697009791e-02,1.495593577688925924e-01
9.667009159939208285e-01,1.852610098408294381e-01,4.296964910809081273e-01,1.677776923340979220e-01,5.307678327895983816e-01,8.794510889313851276e-01,3.378847939624128605e-02,1.523685940869990152e-01
9.422530615041398994e-01,2.971615420734072255e-01,4.481587317347477395e-01,1.857198731567482330e-01,5.324854772359123301e-01,8.416202158914881659e-01,5.368075694629964589e-02,1.515735141832426636e-01
7.303443191431064907e-01,9.273149126747960436e-01,5.312724267014958812e-01,5.573708785505161467e-01,4.038254527989704190e-01,6.752081307025395995e-01,6.684365109864220944e-02,1.502255733298014651e-01
9.582781211574703528e-01,1.333471518711742965e-01,5.022223711019557779e-01,3.630673389760274983e-02,5.623688596100659964e-01,7.932750383044065989e-01,8.824977030412933798e-02,1.527307918411806298e-01
9.165905989848581736e-01,9.498245725109986104e-01,1.523091584022394918e-01,6.040553282356198039e-01,3.876447398469625716e-01,7.333002746057585286e-01,1.452031695597575944e-01,1.511340764096394673e-01
9.944435878053282662e-01,2.413916272220951176e-01,3.942637018254548931e-01,1.352837188083928499e-01,5.428442381038783848e-01,7.287174654973047616e-01,4.218741786388698900e-01,1.517968594410411542e-01
9.612092538162060329e-01,9.406680517384851115e-01,1.598550753204937835e-01,5.939489146239630424e-01,3.980780751961511266e-01,9.585912014984320217e-01,3.443020960224551508e-01,1.502735457716725953e-01
9.817293002711653394e-01,4.049992288989896494e-01,4.508768853264742971e-01,1.356819945895457180e-01,5.243672166327553175e-01,7.910590965404595831e-01,1.023661592959685396e-01,1.511037242439277062e-01
9.883314254493908990e-01,5.983855202906608328e-01,3.858780283622781360e-01,2.240335678705163980e-01,4.943358289005748141e-01,7.519931017174972254e-01,3.600254541802413999e-02,1.510572244499540084e-01
8.997185728314445186e-01,7.823657086915705161e-01,4.361672655193316039e-01,3.663562508222453773e-01,4.391159230634420485e-01,8.964861606913019365e-01,8.140719400713740395e-02,1.507426358842929304e-01
9.129182084435889522e-01,9.276596138384194390e-01,1.724386362557929209e-01,6.644032935009738239e-01,3.671997622111523585e-01,9.982762377879623727e-01,5.474915661655987975e-02,1.515763978196877637e-01
9.781006322710462664e-01,2.714712203550159741e-01,1.983046322503396186e-01,3.547729908530621312e-01,4.986600876340089861e-01,7.520001823036919220e-01,2.314216167880590591e-01,1.502981292283144532e-01
9.727183111956159145e-01,9.349257922447520297e-01,5.439852071006234802e-02,5.885581082895690042e-01,3.929485736212658953e-01,5.075485054306885235e-01,1.862548999224686308e-01,1.500625106578187262e-01
9.881976863908752406e-01,1.028970567577755513e-01,4.862938343130477348e-01,6.503793654704642657e-02,5.700082930177059470e-01,9.373088478154810721e-01,2.559880517340698547e-01,1.520023586469773369e-01
9.053911762753225068e-01,8.403337818601491760e-01,2.423955777394045108e-01,5.416927851021947626e-01,3.689905663134331326e-01,8.795392935416590507e-01,9.208569288515225382e-02,1.490249061348752346e-01
9.765357156696333751e-01,5.656762475827825654e-02,4.300450793596519161e-01,1.094756247585487174e-01,5.493643374307191074e-01,9.223301226332307756e-01,6.632866325394275453e-01,1.502763040667138283e-01
9.921676579967759757e-01,1.144891186675490724e-01,6.574278669200328551e-02,4.609612150200217973e-01,4.579018995819678639e-01,8.181298810972789104e-01,1.786507754655216329e-01,1.499190880270901971e-01
9.742323920426817496e-01,6.967058031708250887e-02,2.087020915289992951e-01,3.192848861697811791e-01,5.139628371117078709e-01,7.689430139286512755e-01,6.481608167413845101e-02,1.524445305725710131e-01
9.859968684941512462e-01,8.798684928305308128e-01,4.544351336780610984e-02,5.698593745640473385e-01,4.308365866381120846e-01,4.176051819990674874e-01,1.389281323443408156e-01,1.505161922676298281e-01
9.605714465862958962e-01,6.428656313370511022e-01,2.798058539868060191e-01,3.422135871312663169e-01,4.569553864315610836e-01,5.805872529692054362e-01,2.489053107719768620e-03,1.512574239985376712e-01
9.999844472265977391e-01,3.382184940002048723e-01,1.310944931992075180e-01,4.686312681210015318e-01,4.660318947799798606e-01,9.626996489335564178e-01,1.300759028336373468e-02,1.513861298088962359e-01
9.311306073378317061e-01,9.297366583705306553e-01,1.608815980012494595e-01,5.736624406945202148e-01,3.948271917593172975e-01,6.630703066829689574e-01,1.325879973577423487e-01,1.499885396066308330e-01
9.306292372978999250e-01,9.046182171896561819e-01,1.285326858978495246e-01,5.926445906330862767e-01,3.988608749975067758e-01,6.802447173222563315e-01,2.674882933902343329e-01,1.509872539814794967e-01
7.237916421129866329e-01,9.041674566283577352e-01,5.496700335556263806e-01,6.085228005335562296e-01,3.672428346295408819e-01,9.972109535105868616e-01,2.094444209792172551e-01,1.487132679886221387e-01
7.160540948032566577e-01,7.680411343713411387e-01,6.325765706817781941e-01,5.089485638275256241e-01,3.935385488656543140e-01,9.493843138095059420e-01,4.829330708530732430e-02,1.494357328256941952e-01
9.691104046174504605e-01,6.213369103749714073e-01,4.826204527937825728e-01,1.981735688926904437e-01,4.950577026260805091e-01,9.995531116037470465e-01,4.247018595102479421e-02,1.520897291036203414e-01
9.943009468858180488e-01,9.404299060948406730e-02,1.977536126918198467e-01,3.307946375301114017e-01,5.093070468293673381e-01,9.221074534811368739e-01,4.140958344705692462e-01,1.513040715647388790e-01
9.561804325897094170e-01,2.798036845805890738e-01,5.793283198896197472e-01,3.470813078334517021e-02,5.679293357443024881e-01,9.986658417176126346e-01,9.582376746901330455e-02,1.522037229299815775e-01
9.642423008037434018e-01,9.552607851162264740e-01,6.563280785214065105e-02,6.104134138381815955e-01,4.283611396687811435e-01,5.000872028386176282e-01,3.041723566970042092e-02,1.504404892466998100e-01
7.470430194201018725e-01,8.832021282070628976e-01,5.929903280099051432e-01,5.042318497700938318e-01,4.049341609697661992e-01,9.040299112488121569e-01,1.065993132898679641e-01,1.494190675291310888e-01
9.780078148738855504e-01,8.620048782222695660e-01,2.020678275857878958e-02,6.735305261490676099e-01,3.767153798014887811e-01,7.172108804519341518e-01,1.529708282949011622e-01,1.489037055924032626e-01
9.967337496605104263e-01,2.844514227654463268e-01,1.726126531692032118e-01,3.664228998983427577e-01,4.883489288976538001e-01,7.632120608708468090e-01,3.750308388095955903e-01,1.511744092303816123e-01
8.996709991924126681e-01,9.345717800745596548e-01,1.613313853359936156e-01,6.252824675474281113e-01,4.003160181593568567e-01,6.594911248055351782e-01,2.523253050565975042e-01,1.494048026380439542e-01
9.418817299564390400e-01,7.346166917645227112e-01,8.035542825008673562e-02,6.045857036997090983e-01,4.258147763253457563e-01,5.996301280418575574e-01,2.355287759038625639e-01,1.500649202469413468e-01
9.747240301314573641e-01,9.860751970605790007e-01,6.122957630167291665e-02,6.563549182334378340e-01,3.701512019465008074e-01,8.434938813517063316e-01,3.451502563384770683e-01,1.498210833080937388e-01
9.834576965716663732e-01,1.131979842654982638e-01,6.686928760338856081e-02,4.210530018258512586e-01,4.843490574434216045e-01,5.477266119145067780e-01,3.813619766025639901e-01,1.503238086914999994e-01
7.761850377982482119e-01,9.100121618531480383e-01,5.459821089394607529e-01,4.530670223798310414e-01,4.207284264560764431e-01,7.182017153102913110e-01,1.551237557788631705e-03,1.508879170609608578e-01
9.924177980379669251e-01,9.755805032328298543e-01,7.270751054885155051e-02,6.366744554189067706e-01,3.648492031510505718e-01,9.362640977428083877e-01,1.451404787414120323e-01,1.487388483702123954e-01
9.947073070294756292e-01,8.329186288733176902e-01,1.791221039864130948e-01,4.290140494373827496e-01,4.546979219049057108e-01,5.714100818488900835e-01,3.200325241877900462e-01,1.517756003214512373e-01
9.628105335313336122e-01,8.924416749802559501e-01,2.125091054343962726e-01,5.025661255905872205e-01,3.705482053427492373e-01,8.977397286001588261e-01,1.426641675322253000e-01,1.502801243734818437e-01
9.648462864669486994e-01,2.233996203293143190e-01,4.499387537911808121e-01,1.114313721379757149e-01,5.677439196436399049e-01,7.592871259754494506e-01,1.363807936987765923e-01,1.536428611875900185e-01
9.867142155387053082e-01,4.380015153806748329e-01,9.300306390207718765e-02,4.940936253887467378e-01,4.612184830343460384e-01,7.154278204349997505e-01,4.273811434900355311e-01,1.501093194981916179e-01
9.132313186254046311e-01,1.701821995146254873e-01,5.448321386263212940e-01,1.337688467252980962e-01,5.585268026087375492e-01,9.532336105063315967e-01,1.805170564587855464e-01,1.513741396793885086e-01
8.959701411979652530e-01,9.313277209616892538e-01,2.358104792789091630e-01,5.988350608963831645e-01,3.830507385788702868e-01,9.419951575170126823e-01,7.362120300499958025e-03,1.504945357322646227e-01
9.748633836621267701e-01,2.476508128731960690e-01,2.909863331475079917e-01,2.405159987458839743e-01,5.369630395658703259e-01,6.903002130530851987e-01,1.550918482349607774e-01,1.527854596839961776e-01
8.444576312375455807e-01,9.784259477980423725e-01,3.541382620018914684e-01,5.586621578947557065e-01,4.076199307274981365e-01,8.608774829737443346e-01,8.192271167497593154e-02,1.517242961628202380e-01
8.003822502743669354e-01,9.632516519924069209e-01,3.688448789577606357e-01,6.027703608978152161e-01,3.658970247621440297e-01,8.806168904726079383e-01,1.586996533008607213e-01,1.504877662760565338e-01
9.994129392104766918e-01,3.080906436142119009e-01,8.609226289905277940e-02,4.331185523139942095e-01,4.562835100153710965e-01,6.431193478020970078e-01,2.921299006176575341e-01,1.493876315870304450e-01
9.201040395379087578e-01,7.837861973265941584e-01,1.245836028175074106e-01,6.165143664052286088e-01,3.979630341770656887e-01,7.225182172434164718e-01,1.459633061022855283e-02,1.512151976850991120e-01
8.792383700358161747e-01,9.694882052180802123e-01,1.655141125648604272e-01,7.403786893848743889e-01,3.600772386888748677e-01,9.995580604241698364e-01,2.979234606257986917e-02,1.508061724664178094e-01
9.995960053387973332e-01,2.983725769687864959e-01,3.906625296004423431e-02,4.904896142475265730e-01,4.490170767990272482e-01,6.282816015729919545e-01,1.532612163523414395e-01,1.512979927861123619e-01
7.270389657136815398e-01,7.909814445199946364e-01,5.520755825683789642e-01,5.081131146690471834e-01,4.061953873672424220e-01,7.394881335498486585e-01,8.522604244796787298e-02,1.496676719415296619e-01
8.502616103004344561e-01,8.765148202179038339e-01,4.173048553238477565e-01,4.767969279418100559e-01,3.698893684904381862e-01,9.423564568325482060e-01,5.269883291216803656e-03,1.498536977237192591e-01
8.379873367732945111e-01,9.420017193712745263e-01,2.355735428146406851e-01,6.663680890692337266e-01,3.671562285967216455e-01,8.756188864921723436e-01,1.430509044177463718e-01,1.501662294691239463e-01
7.365054220124165330e-01,7.053186819103016703e-01,3.058873560545182224e-01,6.945266837562240614e-01,3.586006237833166965e-01,7.272164261092857185e-01,2.395768409519050124e-03,1.485286154480282284e-01
9.754869996579850211e-01,7.767048360803749940e-01,1.673913011970606102e-01,4.913037639129502754e-01,4.326634465332135360e-01,7.947838518555929710e-01,1.177610676412935709e-01,1.517959374337718437e-01
6.588248358122729131e-01,8.105060858206869501e-01,7.322936797769765693e-01,4.171066554451894337e-01,4.641560676897004134e-01,3.020321557443361726e-03,2.186860938579823777e-02,1.504637282229902284e-01
9.110146561319312219e-01,1.333873003273123858e-01,6.486693970976397106e-01,2.040539391006357395e-02,5.735173673941537098e-01,9.851501168727346824e-01,1.586350342552239889e-01,1.526597135713060605e-01
9.146171032467595996e-01,9.620792659613308651e-01,9.137620726539197324e-02,6.638503500842920513e-01,3.735414734467675801e-01,5.741873502914351945e-01,7.358144863006743641e-02,1.498644699565278848e-01
9.901303626966033722e-01,8.678429133836077503e-01,2.552149994266506017e-01,4.019595609522238489e-01,4.330211025418242987e-01,7.739900501527692267e-01,8.380337629006417988e-03,1.516004531987751314e-01
9.871884298607559449e-01,1.711749367211591877e-01,3.141881964620868439e-01,2.601564539690351396e-01,5.311993368822441886e-01,9.487986101542628115e-01,3.788286887830872862e-01,1.513531243738726884e-01
8.093279730753868417e-01,8.570329822610542880e-01,5.105807299889708606e-01,4.788077794286844102e-01,4.145002387987051229e-01,9.888804428104425170e-01,1.838392904471070344e-01,1.495388914760155952e-01
9.347718023550086741e-01,8.440787628555257438e-01,1.230273691884089249e-01,5.843779484039335337e-01,3.963790992682950098e-01,6.378282163584972908e-01,7.159375030865064438e-02,1.508017256271801942e-01
7.933769125947016665e-01,9.239279345847335456e-01,4.367371241712158514e-01,5.514707926939209637e-01,4.092587048646408321e-01,8.056066680085197662e-01,2.562183720896080152e-02,1.510957878271424748e-01
9.948679023669303456e-01,4.702945176747060363e-01,5.923543706871507997e-01,1.945953108844017398e-02,5.737102334334982512e-01,9.334224849070854590e-01,2.576692827330064883e-01,1.519573152781374392e-01
7.869251212718048061e-01,9.239361801123531226e-01,3.097133790221052729e-01,6.646868979929188015e-01,4.040809904414365827e-01,6.856570394049164019e-01,1.906402799653669766e-02,1.503364431351799091e-01
9.983343376521467416e-01,4.152541775862462758e-01,2.021404847183955189e-02,5.579537123581908009e-01,4.383006968273442383e-01,7.176709414435257228e-01,1.648006231472150251e-01,1.501275881388849653e-01
9.954360993039726990e-01,7.387593798540346146e-01,6.639648156798749756e-02,5.746348186198416697e-01,4.123100366157218533e-01,7.276106037446274932e-01,9.254115547789655560e-02,1.508068459580519383e-01
9.807883053935045892e-01,8.557093575848471190e-01,9.942031362222766844e-02,6.015454190913029908e-01,4.017607331167260543e-01,7.788801830017352268e-01,1.274394027358403680e-01,1.514183879984474235e-01
8.809334326727725761e-01,9.455812052475573992e-01,1.465236019758278663e-01,6.410532271204903987e-01,3.878372314547217092e-01,6.133053577051583716e-01,1.238965103250308231e-01,1.512993469733002749e-01
7.356486270816887663e-01,8.393199868248417683e-01,4.287403158182442886e-01,6.355486942693578944e-01,3.901515852850785393e-01,7.447367462810358107e-01,3.758906526557831418e-03,1.487763742044389270e-01
8.383902450964648700e-01,8.393477546441823200e-01,3.058389766426792833e-01,6.082941239160615243e-01,3.897605832608527221e-01,9.995773948614653515e-01,1.790233411614111647e-02,1.490536794574869317e-01
9.089939172376435561e-01,1.699181425735613593e-01,3.899139083209259837e-01,2.682407540037990978e-01,5.031807414292764902e-01,8.847015451193104285e-01,1.101550036005643080e-01,1.515645988844283032e-01
9.905573934522222679e-01,1.374643421678699018e-01,3.478617471640590986e-01,1.849366482267811862e-01,5.455252496117665162e-01,7.525044399513942661e-01,3.218120897111572676e-01,1.518286265109925481e-01
9.731571574169551875e-01,1.366795017213270347e-01,3.872138066464820838e-01,1.614526648518397889e-01,4.965574953854451357e-01,9.134313570587977438e-01,1.239084076346408936e-01,1.507307722752933288e-01
9.784875717553226382e-01,3.558980010201779343e-01,7.585891038382047702e-02,5.002188079305007751e-01,4.461806109736439763e-01,7.013251200292534016e-01,2.802528018015387756e-01,1.506476233554096267e-01
9.942042401635665660e-01,1.887417561735306726e-01,2.568674447209023937e-01,2.416695518035845702e-01,5.113194456120717657e-01,7.681706952547118217e-01,5.942911680918523676e-02,1.517202926652821693e-01
9.996336007442476745e-01,9.557888282412492220e-01,2.354138198733857212e-02,6.800820672748891793e-01,3.814730071250791998e-01,9.005203473626731681e-01,3.752777901687298634e-02,1.511088504542381639e-01
9.925931906532433624e-01,1.948388028911063330e-02,4.354575145605437680e-01,8.767142482973905304e-02,6.113740544810501998e-01,9.143424604358576513e-01,2.288360836854047842e-01,1.530879349365921460e-01
9.548945756342884783e-01,9.346320258205305098e-01,2.662617322568482381e-01,4.672698666518186328e-01,4.097374324547363722e-01,8.910317645842966705e-01,2.167007441114455202e-01,1.492278795635836319e-01
9.670427762603208688e-01,8.183641888160755329e-01,2.411807977063424868e-01,4.852459613557274509e-01,4.512771919413887112e-01,8.977434010591395230e-01,6.169989086285475322e-02,1.511957211903615650e-01
9.929547077244490483e-01,1.320271873227124582e-01,3.728398059151165067e-01,1.593608547232811534e-01,5.553398746355693305e-01,9.737364097428442555e-01,5.639619376162896547e-02,1.514352249391984206e-01
9.904787413615393499e-01,4.363684341751807860e-01,5.434951436792945234e-02,4.618580960369063071e-01,4.827576900828243200e-01,4.193012569369673481e-01,3.268557981558948833e-01,1.513703840921022947e-01
9.029906378540929479e-01,9.115061677732455570e-01,1.360310537063942338e-01,6.695192408191255051e-01,4.010091738229519254e-01,6.997910039715050656e-01,2.267725340910034526e-02,1.510297000391718492e-01
7.476579216987893073e-01,7.738273822101947585e-01,5.668323073801808665e-01,4.910771782420829124e-01,4.095276393528257119e-01,8.898431894645821849e-01,2.866121117667905227e-02,1.511558041946071129e-01
9.665520029901605303e-01,8.967370739829667592e-01,1.976273630752525545e-01,4.991900146485326317e-01,3.887707705392738355e-01,8.680028150231813289e-01,6.503401672540040646e-02,1.511594203270789638e-01
7.679653704510223111e-01,9.710455513972766628e-01,6.058558706657932724e-01,4.558023322410278966e-01,4.114034024725677363e-01,8.477648822497637626e-01,5.568571419300183400e-02,1.513470764186589657e-01
9.948673481841842081e-01,6.921823847846010347e-01,1.998448538044499956e-01,4.117396402174783865e-01,4.230408552359614105e-01,7.760145287733996033e-01,1.947859942554699964e-02,1.500425331450128130e-01
7.476444221932152523e-01,9.450697513037960018e-01,3.917341682447020856e-01,6.648219630844479644e-01,3.389339030702498978e-01,9.205308815678669987e-01,5.750433552891365263e-02,1.489314619909663240e-01
9.775022549638046065e-01,4.842956867054478143e-01,1.010860625201280838e-01,4.908935217178236332e-01,4.562543974237779909e-01,6.369846225040041165e-01,1.908227151225222462e-01,1.497350991446789459e-01
7.452443556504724231e-01,8.099901678910943481e-01,4.943189107599338383e-01,5.412475180620549553e-01,4.057677513842415373e-01,8.216312932281457648e-01,8.420536430437525199e-02,1.499272444650160685e-01
6.670275743554068271e-01,7.723038397012587097e-01,7.162744051752339969e-01,4.768482928261234544e-01,4.070983105262080959e-01,6.348428340285275917e-01,7.196339597711931546e-03,1.497083455054105672e-01
9.686806842414079632e-01,4.596054248189611058e-01,5.379344450970872105e-01,7.579981924003570404e-02,5.298971189686667582e-01,8.588680105189598901e-01,7.384181159343738976e-02,1.524253545014589983e-01
9.770443238429687982e-01,3.209968647875316439e-02,3.741953541917617532e-01,1.552790875355578026e-01,5.799907861056213809e-01,8.569465890898315674e-01,1.494401608852488628e-01,1.533152855601224163e-01
9.349086576603101717e-01,6.936720642257698799e-02,5.779534857960439975e-01,2.968014280771080760e-02,5.618470556334951294e-01,9.439839182287950159e-01,2.702169654346944228e-01,1.513756340959403202e-01
9.978551103267990774e-01,6.765161204785452576e-02,3.274954334470018269e-01,1.927807896486337658e-01,5.111492365532380733e-01,9.428190133449487753e-01,2.917407382515974090e-01,1.508148412824479589e-01
9.269549033483202027e-01,9.553732529818708130e-01,2.783330467851430901e-01,5.133859131551823385e-01,4.058332475084330260e-01,9.997545820105907532e-01,1.363066370519264991e-01,1.508372500256673909e-01
9.781691326433153977e-01,9.257514434789273494e-01,1.737234033283207302e-01,5.384565186416393479e-01,3.910392073590573947e-01,9.919903000480917443e-01,2.908784723631754887e-01,1.498917904476310681e-01
9.006573368015345915e-01,2.759411011235963773e-01,6.973664423904492038e-01,5.475184051480197489e-02,5.469225731411678781e-01,9.877226133758831850e-01,2.271387597424127103e-01,1.513890632103614131e-01
9.358119537142903788e-01,7.445599230921655654e-01,1.011579747825100961e-01,6.435741799822447540e-01,3.941606038735940842e-01,8.370136686748280708e-01,9.412638356205398071e-02,1.490703795260390208e-01
9.264821175463558989e-01,2.671599802777908095e-01,6.843667668604990206e-01,3.430892222274384284e-03,5.523448265518736688e-01,9.096044113142278675e-01,1.719333614951125133e-01,1.524189817524011503e-01
9.879818903819365117e-01,2.690831679909329033e-01,4.814570877390907944e-01,1.257391099232343379e-01,5.845860182488318291e-01,9.907141123742204680e-01,2.602376021274666607e-01,1.518688686040942093e-01
9.481022888925724201e-01,8.170696496050718904e-01,1.668433705823135216e-01,5.228005914013561517e-01,3.983167193948068951e-01,7.812087937172594865e-01,1.136775361294798115e-01,1.513197291082369056e-01
9.693070972656063766e-01,1.707549386391430946e-01,4.663286060154405166e-01,1.208766685581564304e-01,5.428393209908095596e-01,9.833379375514516019e-01,5.754236807854766766e-01,1.497417765816753676e-01
9.773341515581542849e-01,4.033391948928883863e-01,2.149673027319882468e-01,3.223064893100011652e-01,5.000405766961203424e-01,5.408636487819824534e-01,5.364955135988359880e-02,1.517820022708699368e-01
9.614778774954816365e-01,9.671529711165474108e-01,1.942309292354152117e-01,5.097945330095453587e-01,3.868690719969964387e-01,7.032057345586326669e-01,2.051651668852195187e-01,1.495219076854167051e-01
9.646087954557809319e-01,4.065357972207094273e-01,2.218245079815724385e-01,3.784145729400292812e-01,4.768259849461374267e-01,7.739579171045151140e-01,4.668735894592578040e-02,1.513937210725781191e-01
9.370540461782705943e-01,9.299913801086072684e-01,1.279961368054257642e-01,6.407164705439911678e-01,4.028583757745247684e-01,8.233982632504188715e-01,1.488907767553838413e-01,1.498096617364444716e-01
9.926622468953749667e-01,8.807291905871572624e-01,1.116396397619108805e-01,5.439120382783714236e-01,4.056637524799250327e-01,6.766485615971562506e-01,3.283493355323770513e-01,1.487659362242778061e-01
9.978959382390784061e-01,5.686078444530208165e-01,5.754360253463370878e-01,3.174189428355056464e-02,5.234924702989430800e-01,8.412037466045567680e-01,1.412037851594629689e-01,1.512228620109139776e-01
6.200078247476416005e-01,7.712979890872952993e-01,6.981956053025847320e-01,5.494229761713034232e-01,3.997083002943616070e-01,4.031445430316105139e-01,5.053404335958910920e-03,1.497895334114064669e-01
9.223408466568905339e-01,8.566559611124983098e-01,7.361842197211793115e-02,6.104337374855501874e-01,4.025401250260407515e-01,4.416435111407189806e-01,1.652898846279240441e-01,1.510900656785386653e-01
9.579578642847166314e-01,9.205919831401534470e-01,3.377935162669264413e-01,4.047566180975846750e-01,4.054723405082526488e-01,9.179856203642829948e-01,1.094646660664940485e-01,1.499030513451908853e-01
9.826620933233760624e-01,4.239494612141780916e-01,4.739526285330739053e-01,1.447847509583856107e-01,5.588451162630997393e-01,8.809882943817866074e-01,2.507038534217939652e-02,1.531277522661187995e-01
8.218838267820912646e-01,9.673002050967308696e-01,5.280451010168646375e-01,4.194042988656115356e-01,4.164471073550889413e-01,7.969580992272727871e-01,1.096540156569480728e-01,1.508197492807862583e-01
6.817177745106604014e-01,9.289720558893117541e-01,6.029771997727485511e-01,5.285814814474152357e-01,4.090807288581482237e-01,3.958988823973915716e-01,5.500566807869633479e-02,1.501335809762427420e-01
9.593198658278184743e-01,4.088468960299040944e-02,5.194000071613991132e-01,6.713839858524595083e-02,5.643136128312150612e-01,9.366243350997900396e-01,3.898695614631883521e-02,1.523746373064140125e-01
9.887380108184110616e-01,3.383758174083635883e-01,2.426048515119104132e-01,3.088867400249846740e-01,4.854739912066971530e-01,7.712514296667837277e-01,1.705095563985132012e-01,1.521494537437991790e-01
9.897253185541894371e-01,8.896201677846584666e-01,3.347983536616938594e-02,5.633370904488167463e-01,4.082716064026432057e-01,5.208472836018789298e-01,2.190161314462829578e-01,1.499709635900510485e-01
9.981108412957693243e-01,4.356261028390001622e-01,4.338157436616518758e-01,1.066858582492717922e-01,5.401943309697608830e-01,6.408700605166757214e-01,2.030348154652760195e-01,1.520006140446975296e-01
7.519146156925936575e-01,7.786189235469669345e-01,2.766651978296563730e-01,6.910412200914880509e-01,3.872558275374294312e-01,5.690941140456403646e-01,4.662567098233133533e-02,1.498705678324881718e-01
7.250767493157738164e-01,9.185723075997420661e-01,4.786613390525810141e-01,6.408072685459402784e-01,3.554026471520064234e-01,9.918612293200235186e-01,1.095280297714423534e-01,1.493416909991689412e-01
9.847341902168095240e-01,3.286430896186737782e-01,4.733188512800904357e-01,1.014092110152303716e-01,5.539956717876560743e-01,8.246569839066806296e-01,2.228714083015314040e-01,1.513264917670138487e-01
9.745221451498395915e-01,7.963640568077349213e-01,2.643159071446176678e-01,3.614784329357104697e-01,4.693342364519335619e-01,6.410266392434982308e-01,1.628393989771423356e-02,1.524593221586711678e-01
9.927445588534560272e-01,2.988844268719598185e-01,5.055758735672624127e-01,2.810707955685853854e-02,5.427879867364467925e-01,8.881301701270472027e-01,2.242169905047602940e-02,1.526544231518011940e-01
9.954009281596122305e-01,6.505925946045746366e-01,2.143078338758017676e-01,3.789630474302809193e-01,4.874646491217867750e-01,6.813504421903930908e-01,2.442460462746087746e-01,1.516556105486795147e-01
9.462020774406704193e-01,4.275763494877142801e-01,3.842220459943251343e-01,2.498388658640315896e-01,4.992552397676783826e-01,7.733202511591172890e-01,6.706754851709779974e-02,1.517955226766982413e-01
9.570615548724180632e-01,2.469132471385568905e-01,5.721847706303129222e-01,4.988579841350471167e-02,5.451732070410661990e-01,9.395634636443761512e-01,3.383163086988588697e-01,1.513689894204076902e-01
8.178118855307829893e-01,8.985693767168134727e-01,2.079446092003739976e-01,7.017547509276954587e-01,3.763162344603673271e-01,6.863857972415188247e-01,7.865763322688894277e-02,1.489426577194251922e-01
9.844771476468299198e-01,1.938869306012527272e-01,4.895285103581958341e-01,5.446087964057155784e-02,5.289858889486094284e-01,8.785598235685850854e-01,8.362008256810035678e-02,1.509467633744542292e-01
7.957612076067713813e-01,8.249349067640675548e-01,3.151162049265644471e-01,6.735772200207429394e-01,3.766110203790482003e-01,8.889620593552187700e-01,3.122773260863798139e-04,1.492035237633786149e-01
9.873163795429811262e-01,6.329146685122480909e-01,1.688574702898925639e-01,3.867584023293938467e-01,4.830455635741954801e-01,4.779420100506370228e-01,1.725682006805090429e-03,1.524822583115392760e-01
9.912102270517956226e-01,7.028128875746108006e-01,7.998710672060341254e-02,5.499950570824314600e-01,4.290937288232696822e-01,7.678301320501974558e-01,1.224630674082301252e-01,1.512664909289579696e-01
7.462979935307416657e-01,7.819763418173961700e-01,5.958818077131062818e-01,5.048845035432747430e-01,4.204234017576411464e-01,9.922793758253296570e-01,4.323468360805612920e-02,1.507246577008808930e-01
6.754295021333835969e-01,7.336680608973270568e-01,6.685453757122875595e-01,4.350059153975240345e-01,4.535658348745199575e-01,2.326249322720272961e-01,2.015936639804144503e-02,1.507610001503290331e-01
9.759209594153779310e-01,5.020397919480337201e-01,7.298556769959985147e-02,4.757523092602273795e-01,4.534454170928916006e-01,4.770670927253181093e-01,7.907814641214259976e-02,1.512650306322216587e-01
9.055854407527333949e-01,2.025387006997542705e-01,4.993882608562622560e-01,1.905634250121760742e-01,5.280573531486632000e-01,9.677366385164390961e-01,4.171301292275048089e-02,1.519017775040619467e-01
9.955084687239207364e-01,1.589214873321794230e-01,3.958603967464022766e-01,1.398162593156133671e-01,5.606830210786484248e-01,7.966626997240399133e-01,8.824599041535774457e-02,1.519631245149214993e-01
9.723288882348968265e-01,2.343231938588241636e-02,3.913409302754020658e-01,9.646882501300141355e-02,5.275788560606611277e-01,8.021891915203461787e-01,1.157742403803051212e-01,1.523246361441460417e-01
9.288375072881107641e-01,9.646254771331492783e-01,1.073497988258355629e-01,6.380183456976648015e-01,3.827062027764597252e-01,6.701519081530742383e-01,4.883573573949687163e-02,1.512391899849168941e-01
9.227295003366701165e-01,8.645535342902120890e-01,1.181495738350084868e-01,6.280015999658771220e-01,3.977733397249547664e-01,7.606912784518300441e-01,9.470808339240602280e-02,1.514965833152571717e-01
8.820301171896219872e-01,8.172646809915984356e-01,3.168975900895412146e-01,5.306845097560266566e-01,4.130421478749198294e-01,9.286087456929671413e-01,1.661488551865141772e-01,1.502986632246611776e-01
9.924822639460915141e-01,9.273295960711490649e-01,2.990554470372351337e-01,3.888629656038787852e-01,4.352565360587430376e-01,9.157549760314214193e-01,8.822175955010522208e-02,1.515568386297391490e-01
9.479010381146237840e-01,8.434405448306878661e-01,9.531812408020301497e-02,6.336151336763844455e-01,3.989762270999541172e-01,7.656076377867682137e-01,3.950476957365631203e-02,1.510652783234892604e-01
9.971854969626812171e-01,4.031764558353287953e-01,3.786460163729744588e-01,1.804682065134797786e-01,5.123382051057816522e-01,8.321535828452729655e-01,1.110650661477848855e-01,1.506028520915408675e-01
9.053712562955646970e-01,9.694647481410765266e-01,2.698020559695630816e-01,5.819901437973691305e-01,3.989551398586991260e-01,9.902197040847499077e-01,2.084895413310108858e-02,1.504616105014400518e-01
9.980273390353532337e-01,3.398945937507015791e-01,1.143465453272923815e-01,4.204585390770501085e-01,4.949510016589525607e-01,6.428642907133799156e-01,4.605964683998897136e-01,1.499203458309223691e-01
9.985857475261148419e-01,4.089038470239406697e-01,5.023152364106268086e-01,8.212985348377055406e-02,5.289829027306838238e-01,9.698953033367740950e-01,2.809159774736156856e-01,1.521936032214012413e-01
7.541317835135553649e-01,9.558186824114420777e-01,5.204139005518161332e-01,5.880179590789720301e-01,3.753704074787573841e-01,9.344928380568198190e-01,6.444554023954758570e-02,1.503702762372303714e-01
6.597702207849890366e-01,9.967051537250407600e-01,6.744483651403516689e-01,4.980554636106966360e-01,4.351183273240885052e-01,1.215848756322558399e-01,5.458746600487257572e-03,1.502025751273846910e-01
9.489064995361838895e-01,8.559890933500200472e-01,8.183308690838220212e-03,6.669410883514285127e-01,4.004275889195086924e-01,5.106884807120533054e-01,1.293781609609818140e-01,1.513180480730210442e-01
8.582484553822035123e-01,8.081178493146605746e-01,1.143698637759883452e-01,6.829029416655213458e-01,3.695599878610394962e-01,6.129224172803482418e-01,5.571180356136509748e-02,1.504699977393733346e-01
9.987407335759109772e-01,2.466750727135625376e-01,1.328918200340847844e-01,3.809553167932624995e-01,4.804401463959151464e-01,7.368688757367088948e-01,3.446896579824333395e-01,1.506114600227284883e-01
7.093262727645754939e-01,8.749816065999755921e-01,4.479989259344197561e-01,7.042734620808428492e-01,3.637950093949875452e-01,9.336413230584353906e-01,3.729987180022611981e-02,1.483946400449949188e-01
9.779808886834716608e-01,2.397401529282104926e-01,1.694630276491414234e-01,3.396450202495359671e-01,5.015518831580487724e-01,5.999370014279368224e-01,2.207750161353767004e-01,1.520385956786405035e-01
6.547402850906360872e-01,7.822541067622313937e-01,6.961429618051002688e-01,4.509396649172691118e-01,4.693079442673958601e-01,3.247239328685314064e-02,4.339159050473662127e-02,1.496416964699906482e-01
9.793268864759802073e-01,1.116377708494556420e-01,3.813708570081549287e-01,1.134827275770499688e-01,5.580680171389912347e-01,6.954825330924753191e-01,1.262465513340249035e-01,1.525839026281574085e-01
7.448350695155857570e-01,8.931517380805916728e-01,4.264574273683360284e-01,5.567515473787312263e-01,4.032017454024031111e-01,3.701535018048390246e-01,3.274226674022719108e-02,1.492387301899645580e-01
9.865036917997737076e-01,1.510848883557709965e-01,5.238648894065787154e-01,1.815453405589467772e-02,5.378826637309763736e-01,9.553434317239251072e-01,3.350200389783968280e-01,1.505005353018685488e-01
9.861536260215927330e-01,1.800221843083492090e-01,2.529077062993614344e-01,2.970382825470299637e-01,5.069494451577549743e-01,8.524439995391134284e-01,1.373171621992223812e-01,1.518677599197462702e-01
9.909556556236668312e-01,1.068573960796658229e-01,2.591737156725959501e-01,2.294713941517333988e-01,5.581443020422757195e-01,6.596092830906539195e-01,3.657474957316759201e-01,1.515849492031094981e-01
9.768576291179376092e-01,5.683721174619651428e-01,1.841896903147551279e-01,5.117498078339228762e-01,4.285019241518405186e-01,9.993536094493228328e-01,6.402877468113560289e-02,1.496140919225370791e-01
9.276061579301327908e-01,7.036587027961442864e-01,2.388312576584750990e-01,4.854446959647025772e-01,4.434480487650289682e-01,7.711720172730036627e-01,4.980228265071488802e-02,1.517431478342279871e-01
8.858010933331140757e-01,9.502825608270827340e-01,2.342213654224207797e-01,5.944695082933928454e-01,3.823492649298100288e-01,8.400124249057561165e-01,6.956920890631465570e-02,1.507820765148892017e-01
8.281943244991875064e-01,9.617806846277963118e-01,3.575148307342019272e-01,5.988033050865694262e-01,3.762663331578356418e-01,9.293060152702823373e-01,2.307868796957326940e-02,1.482571794925760522e-01
9.770837935556336840e-01,9.162560943008590808e-01,7.332040065333206291e-02,6.232197443749438737e-01,3.614926364388815205e-01,8.739676688149004002e-01,1.566869185407955833e-01,1.494334813084614022e-01
6.982279256592359706e-01,9.962030025995349813e-01,4.790845801078766897e-01,5.783285846227567140e-01,4.117304536246750302e-01,2.300935066905468451e-01,6.844258866729961699e-02,1.504391597599304131e-01
9.931583327655670868e-01,7.677087319936557464e-01,1.755987606214049757e-01,3.614840443428068983e-01,4.952506424685870767e-01,2.235148410260012763e-01,1.237196960334410872e-01,1.529434477699957162e-01
9.919156050678237246e-01,8.960137234384205618e-01,7.332514002661419394e-02,5.121598694631370741e-01,4.292458265710345500e-01,4.342948764333310341e-01,1.418079272492940301e-01,1.497345203229104582e-01
9.949593248505177456e-01,1.844948021665507865e-01,4.373733961691853578e-01,8.029578956261756995e-02,5.311443946751391865e-01,9.898015050893255173e-01,7.267692917951956710e-03,1.517693921390413092e-01
9.604818905150784847e-01,2.585050090027574132e-02,3.128242326015769903e-01,2.294735780185107044e-01,5.098790019585077715e-01,9.064323338450956946e-01,2.377373723363897517e-01,1.499494413406235738e-01
9.651448646972458079e-01,7.253604981054717626e-02,5.351919207712071413e-01,2.315995897647354917e-02,5.820940624663157870e-01,8.415157003728344076e-01,2.201622722240176855e-01,1.507425520496721016e-01
9.439941875559754170e-01,2.782004336431402880e-01,5.781177825882261034e-01,8.906877166941040702e-02,5.668055483348990453e-01,9.306952038184765907e-01,2.676023693809836956e-02,1.521373256784216144e-01
9.854769094745452485e-01,3.621965609843712519e-01,4.464703814878484556e-02,5.135945483981182447e-01,4.322360844931631974e-01,6.439130615640709099e-01,3.379069928387432586e-01,1.500214790135055709e-01
9.944513667018464176e-01,9.008808217086480274e-01,2.404882864764917860e-02,5.593670213739633246e-01,4.382455887713379017e-01,3.904774843439112741e-01,1.230322985896362825e-01,1.521625150926535219e-01
8.491779061437934040e-01,9.713698156662509131e-01,3.152107085449592505e-01,5.851463544231504388e-01,3.684663946531988032e-01,8.085060268580064324e-01,1.094378022972652964e-02,1.510461508482589810e-01
9.781510369904489188e-01,5.905014846270326689e-01,1.572148708925669713e-01,4.338016636490422129e-01,4.254312161257286506e-01,6.640025662436906950e-01,7.679209518120526379e-02,1.502434606146160756e-01
9.276362529280410829e-01,5.905323393966011025e-02,5.474689012646776209e-01,6.373936816031761099e-02,5.512616194344102105e-01,8.552163210925001202e-01,2.135025679410840205e-02,1.522998898614686958e-01
9.321703705393392658e-01,1.827631129967621781e-02,5.353911415016434638e-01,3.270258226745592633e-02,5.757225096013554033e-01,7.635673090273892294e-01,1.112596257183953441e-01,1.517464943043001224e-01
7.804906799332713696e-01,7.417810570875271736e-01,5.118035340278955792e-01,4.731681366928488508e-01,4.141366264012443232e-01,8.681956635556630220e-01,6.221038843059525925e-02,1.501687492561023796e-01
6.997093398853319046e-01,8.944837939421876882e-01,4.911666303242829823e-01,6.364365904701152488e-01,3.742670352160903935e-01,7.172423835298522565e-01,3.243168515671904228e-02,1.502497230036167752e-01
9.980855221160869206e-01,3.368081818862397325e-01,4.465423236295025800e-01,1.300079737134385294e-01,5.569229911131116095e-01,8.405880933221931972e-01,7.992989529927110870e-02,1.523643442836626061e-01
9.689816017145014282e-01,9.325335870765358859e-01,1.066154915447820317e-01,6.019965527103048331e-01,3.773131635622873348e-01,8.101832731788992659e-01,1.865264838411958559e-01,1.496853039055439094e-01
9.892609356313490920e-01,7.912945529262985778e-01,7.330201410459011302e-02,6.208333337430732568e-01,3.790456431012970695e-01,8.449500051977949511e-01,1.615276214085901163e-01,1.496409934248826845e-01
9.880474502852208962e-01,2.557561782028119901e-01,4.529031071925179175e-01,1.099957020115088779e-01,5.527524084383943492e-01,8.623716869063482449e-01,3.337930484158045941e-01,1.505130702325332415e-01
7.977852966914316113e-01,8.178232485930849727e-01,1.468002222329880535e-01,7.125814934340843898e-01,3.805789380461248594e-01,4.607332618927848511e-01,3.535541347905596377e-02,1.498240262545083301e-01
8.657952156695944979e-01,9.244019238608761624e-01,3.099339933430353411e-01,5.982044187864263840e-01,3.680166186189531285e-01,9.609226916855215794e-01,2.732720563490748100e-02,1.489707935250503823e-01
8.241789756861711558e-01,8.754886566806820980e-01,2.672673125506120906e-01,6.625490324321400282e-01,3.771562987387137578e-01,7.859357027832187814e-01,5.449791290914376973e-02,1.504221435569071397e-01
9.781812766495473488e-01,2.783194534681671106e-01,3.082790295420653193e-01,2.921222947951465088e-01,4.894745392919019333e-01,9.656201623164322179e-01,2.819741643868843295e-01,1.493801222677076934e-01
9.943825621040823792e-01,3.378116051077710846e-01,5.191001637740695340e-01,6.234134539385643992e-02,5.749097720153397706e-01,8.116647305983817340e-01,2.284165903706968648e-01,1.523270250980172935e-01
9.926774405837909265e-01,2.031207053638518500e-01,5.376355219530167817e-01,4.009325892820930770e-02,5.780598896694487676e-01,9.831479993107266058e-01,4.804416325090639095e-01,1.500721609478969654e-01
7.708977779418130227e-01,8.394882804112167030e-01,7.084335588875315670e-01,3.663161605358893347e-01,4.020084737328568636e-01,9.959002862150627688e-01,3.326855169255138467e-02,1.500926918906838048e-01
9.907023191379180638e-01,7.207669521322004336e-01,2.614046382726996631e-01,3.295782603042000658e-01,5.018975589928239556e-01,5.262623185483339405e-01,4.749604645226847277e-02,1.529739160773211371e-01
7.831145847882026167e-01,7.730957878384419057e-01,4.555428681416223147e-01,5.409559351896633395e-01,4.041978773511147316e-01,9.248804988031660290e-01,1.395906493012916139e-02,1.508836110115950313e-01
8.952579540447036521e-01,9.375526205450434025e-01,2.505455588430396396e-01,5.768318972278533296e-01,3.846830115046918630e-01,8.097247281174678735e-01,3.640292822116149296e-02,1.489206307038248023e-01
9.623283076570113836e-01,5.904286489842497376e-01,2.910201604523525165e-01,3.279282323226142548e-01,4.726236634892546640e-01,6.654418852961367925e-01,7.677562352100482379e-02,1.521565662552871179e-01
9.824765950324984010e-01,4.044445485902803394e-02,4.770769102032043074e-01,4.128632118124786476e-02,5.917432369981522333e-01,8.158284821031207557e-01,5.261485526758635789e-01,1.509388803022511938e-01
9.891487706767566612e-01,4.694066220653576593e-01,1.464998513766413435e-01,4.465006797772064773e-01,4.802808684348492951e-01,6.809245352340007607e-01,1.752449918217563740e-01,1.513547756071757788e-01
9.966773377500739439e-01,1.766844523657312149e-01,4.507643583930883713e-01,4.765254003391672377e-02,5.806835965067682626e-01,6.257265611272222472e-01,1.653397014492645756e-01,1.526232056560679062e-01
9.358957149607312065e-01,9.051741816603195989e-01,1.884514539004848444e-01,4.973078915345728879e-01,4.202907568623002743e-01,4.926549475351286178e-01,1.882183860888231308e-03,1.510174788177760796e-01
9.696223185839151215e-01,1.567091026677283061e-01,4.528515844047668049e-01,1.267065050501903212e-01,5.248944088734196489e-01,9.823297560894967972e-01,7.617553102169055679e-02,1.525507234351226316e-01
8.002062843981363471e-01,8.374302752074460621e-01,3.570162453415414161e-01,5.968305703808753915e-01,3.772004061824992815e-01,8.595687549003188099e-01,8.636489871935941476e-02,1.497820138447310823e-01
9.770674864002583115e-01,5.379839033962630079e-02,4.176691133903031039e-01,1.221821064733153994e-01,5.788460693505660393e-01,8.397449248507098396e-01,2.468042346583446678e-01,1.511074783226392104e-01
9.616974566253333467e-01,9.352216455561477293e-01,6.943946887044183391e-02,5.872041238403702401e-01,3.750002533404861449e-01,5.728073135268880733e-01,8.039352408215338919e-02,1.512999927735383665e-01
9.722278918823503702e-01,1.931202283128840569e-01,5.261641799450205159e-01,3.213406851738448422e-02,5.949324780349991570e-01,8.623161054431738304e-01,1.309044361958711655e-01,1.523842387040176272e-01
9.542436393834289321e-01,9.482883250841522838e-01,1.105524777231531863e-01,5.175788189766197256e-01,4.518402845937052326e-01,2.484407515925828869e-01,2.070633824044976201e-02,1.512215300903592963e-01
9.756575064937262898e-01,9.190379618975319520e-01,7.509764457244305635e-02,5.794653866464851699e-01,4.362804807202273483e-01,5.743326339378074241e-01,1.486931495483779786e-01,1.510294383167708476e-01
9.523307955872827302e-01,4.993422468465112951e-01,6.872723564139757713e-01,5.539631809689249398e-03,5.376382952911044066e-01,9.335132531339935813e-01,2.426357208404004706e-01,1.521518417463558481e-01
7.067168801816450241e-01,7.391313860602987118e-01,5.409406339486392268e-01,6.038126050800570743e-01,3.748456387056499084e-01,9.674351307517288223e-01,2.384109871250705837e-03,1.502929752508158079e-01
9.992630018150538973e-01,1.860976615190896855e-01,3.977448425268852450e-01,1.586123549936399035e-01,5.575213719976951365e-01,9.815668674829272078e-01,3.994461988524038443e-01,1.497373090288659780e-01
9.928596093663660804e-01,4.046059727889003144e-01,1.391733697585444685e-01,4.534664247187017438e-01,4.360439427294020565e-01,8.879511057220402792e-01,2.470090184241139908e-01,1.495478276429491604e-01
9.289741916978546676e-01,2.225115974129632801e-01,3.110350520965736720e-01,3.503547993763391211e-01,4.685111455879678588e-01,9.687307724242970597e-01,4.250596925637836754e-02,1.503745584786152778e-01
7.987278433288419466e-01,8.679778604175794054e-01,3.758469825711041046e-01,5.091863713349819021e-01,4.174865810918249043e-01,4.654394139038503520e-01,1.292144144812322204e-01,1.503982020799890518e-01
9.588121245064720188e-01,9.383264064394474246e-01,4.536259486577021161e-02,6.696182102202388187e-01,3.707275738757114247e-01,7.498076121452538212e-01,2.864437950744939121e-01,1.493019848259395099e-01
8.556942642154410361e-01,9.682958641658311327e-01,3.384311745731180543e-01,5.838882451046500943e-01,4.153934608207003887e-01,9.666685042406737427e-01,6.683772939869084273e-02,1.505153023115147481e-01
9.162406391362806213e-01,1.256840573034990749e-01,5.947461173976604787e-01,3.945758665842591384e-02,5.757354910937038106e-01,8.583110807449090274e-01,1.908130274623556499e-01,1.526199544672958985e-01
9.774649764168377164e-01,9.250158154045511338e-01,1.981712428688121308e-01,5.043816497622086725e-01,4.462735647666559724e-01,8.249698539347994908e-01,1.494523682132739562e-02,1.515339293399963483e-01
9.859749008639292489e-01,1.438452772303069893e-01,4.390605278629445274e-01,6.541566700624967812e-02,5.649800390361872093e-01,7.082443562923774749e-01,5.466778529715452528e-01,1.516578097040898188e-01
8.647953374795860348e-01,9.843138361283566562e-01,2.265010528236539034e-01,6.650135846897166081e-01,3.702177755725304387e-01,8.949636747711232632e-01,9.768911793600554283e-02,1.499186454327352536e-01
9.294119726208449617e-01,2.538492877256742219e-01,6.563071007263086010e-01,2.061758743516950432e-02,5.630814438116562570e-01,9.624097784425710289e-01,3.147597243744915119e-01,1.507442526372770319e-01
8.293643650900397457e-01,7.294031320849145850e-01,3.092819591890741959e-01,5.192704719621897835e-01,4.074301527323284655e-01,6.337792208083610213e-01,1.008280822109711011e-01,1.500239643103123965e-01
9.361113048455723673e-01,9.288715421748069412e-01,2.169264710118661843e-01,4.831053401612857012e-01,4.164429198221901163e-01,5.073229407235000377e-01,1.487246758931553559e-01,1.505530354088227829e-01
7.118512858652678021e-01,7.444325750552415188e-01,6.704703613468828705e-01,4.847838956744900951e-01,4.183954096583158422e-01,9.808530693814959678e-01,5.183695042997327196e-02,1.503462753047200284e-01
9.333412451555070932e-01,9.569332681501974136e-01,2.156799199207317941e-01,5.529175784135674787e-01,3.911660673268421706e-01,7.738995310637446501e-01,2.385459397949240556e-01,1.504171473526046687e-01
8.754278448155256021e-01,6.149919853478480469e-01,1.866956492295246683e-01,6.241959949294542120e-01,3.838006857521425452e-01,9.320755484964077242e-01,4.275687796947830188e-02,1.492098031075977660e-01
7.811581467855490679e-01,9.312045101906525346e-01,3.512455794560698230e-01,6.148062056657589425e-01,3.856941226450151250e-01,6.408271878120647136e-01,3.957274512019409718e-03,1.489073270875781452e-01
9.931464398182662245e-01,7.968482211188399056e-01,2.932656533723974612e-01,2.780778683381538441e-01,4.798219608160442240e-01,4.669240778023301397e-01,1.330199277275409542e-01,1.521369807092159687e-01
7.208101106487001530e-01,9.171067835920758693e-01,7.596951167977470387e-01,4.334801206587485245e-01,4.056987294388705867e-01,9.682822585025449014e-01,2.146932980424334780e-02,1.513095154588359470e-01
9.637647182922455258e-01,6.646786815601531950e-01,1.193226133209470963e-01,5.032335545554439404e-01,4.504656250005599771e-01,5.548039110023164078e-01,1.828950588432452506e-01,1.521208988792741856e-01
8.077458497232909984e-01,2.286005289927312001e-01,7.173858721939019301e-01,1.476651863881655036e-01,5.095421864082799734e-01,9.668087339839566141e-01,5.877048663401240880e-02,1.514000645631680686e-01
9.758639679012612866e-01,7.550120482774814734e-01,1.023684432915867304e-01,5.797185206822103032e-01,4.227215855110497689e-01,8.295624789758437867e-01,2.621395379359586775e-02,1.520793332332502634e-01
9.872345761598393388e-01,4.619293370688083433e-01,4.433199743065878717e-01,1.590684887115660362e-01,5.222764397111508972e-01,9.162493645535306763e-01,4.101913925472240596e-02,1.530791103078247561e-01
9.988063007181655628e-01,2.194265864810676647e-01,2.206138188616085793e-02,4.610821392682148412e-01,4.919415217139618268e-01,5.276568153604193068e-01,4.724921943201379482e-01,1.508426439452276169e-01
9.818038055883647752e-01,8.391953199232404792e-02,2.429097223943123551e-01,3.123117357190510202e-01,5.349389823183597903e-01,8.788431655069238735e-01,1.131079614148354784e-01,1.517478159900305934e-01
8.355103643650114709e-01,9.239429098614571068e-01,4.178158660559276871e-01,4.950822415437764468e-01,4.070289778529441738e-01,7.944695783748014772e-01,1.451268513597842036e-02,1.503454931547831830e-01
8.441006174041356669e-01,6.762853253982286095e-01,3.585081205304725405e-01,4.903193186355030431e-01,3.974594217295887577e-01,8.983800149305547489e-01,2.929943175396798605e-02,1.496193892724992647e-01
9.898284306991314008e-01,9.555677007831342440e-02,4.184441926931670719e-01,1.203358141947593607e-01,5.721169389430078578e-01,9.704434179700619501e-01,1.435261818255955391e-01,1.519993043143515743e-01
8.622271214713508325e-01,5.502812792355545879e-01,7.724265933287750574e-01,1.025992629695243741e-01,5.178559603551539103e-01,9.820752747365848467e-01,2.777710568207406028e-02,1.519869384090928310e-01
9.857829808515349290e-01,5.937310257486735354e-01,4.911253329477212048e-01,1.361746877131271294e-01,5.159735210191860322e-01,7.914154403213293776e-01,5.329060783706911220e-02,1.525713781169423522e-01
6.663225210990655345e-01,6.245212540705176174e-01,7.127661136599352520e-01,3.822727915314508285e-01,4.604003490146961197e-01,2.346252660041731053e-01,4.670108795553656877e-03,1.498799909526903618e-01
9.975388281413450908e-01,2.897788693911382274e-01,5.207654992472550148e-01,3.547571227079143741e-02,5.592412612937835981e-01,9.409383872803065429e-01,1.485276640185528296e-01,1.530275968693178557e-01
9.503693744404372312e-01,9.768567257878693066e-01,1.288431308986359991e-01,6.030890641535915364e-01,3.983010049970774347e-01,7.570851752536621460e-01,3.715305255943637808e-01,1.492538702431110420e-01
9.293412148434759823e-01,9.324061275079050803e-01,1.674647074406237501e-01,5.880797772816998004e-01,4.298450330359255833e-01,7.601961777201873272e-01,3.287995821508414573e-02,1.511204700329215056e-01
6.962631847705520460e-01,9.102037549182153686e-01,6.074521059372610665e-01,5.721364651561235970e-01,4.061016448519254585e-01,8.039372532717330433e-01,6.912295454119467275e-02,1.496105560287768754e-01
9.812124764584074788e-01,1.591713005205175335e-02,4.536752015136373828e-01,5.145803896618572626e-02,5.623911481136997237e-01,9.037353166857617914e-01,3.221818810437173664e-01,1.510256556529746552e-01
9.299764411616782134e-01,2.879773682876985430e-01,5.265856988156827345e-01,1.628669160985617426e-01,5.189905115547474024e-01,9.739777805563516466e-01,5.818582765966219539e-02,1.515245137215504578e-01
8.455797461696303863e-01,9.202663642892552343e-01,1.942711195560318238e-01,7.017999054082371124e-01,3.803069477509753993e-01,7.843340198108434969e-01,6.257445310172186914e-02,1.511092746196132375e-01
9.340313816184896423e-01,7.181931366676708173e-02,4.855608318334777018e-01,7.263986270774358545e-02,5.519501803783470884e-01,6.842024096310881376e-01,1.505329999468758007e-01,1.526512793279812541e-01
9.950407496136781660e-01,9.931292108924127948e-02,2.065045172681133356e-01,3.171765551789324511e-01,5.276178476580131171e-01,7.708049282760183196e-01,3.103838814764710019e-01,1.501495198644162976e-01
7.385419437315453584e-01,8.719340086761413477e-01,7.683812803204366215e-01,3.856900800109449023e-01,4.140929114160076252e-01,9.771977407469853993e-01,3.669416425699101314e-02,1.503826288458901539e-01
9.912854654089542361e-01,7.551011628099393302e-01,2.814271250774380562e-02,5.858457377045178660e-01,4.125230315098434852e-01,5.343306134000445073e-01,1.093881588840724950e-01,1.505341755428891981e-01
8.447276161300217856e-01,7.246357321097129933e-01,1.746629696099329943e-01,6.307967298181822446e-01,4.089500846647243781e-01,5.723166179581395951e-01,1.712809711334251084e-03,1.507971169224200936e-01
7.603494766513224645e-01,8.226676309844307422e-01,4.072499140353371128e-01,5.176205589835694010e-01,4.018782282189682920e-01,3.748309616122738053e-01,2.694262593525148519e-03,1.502476612884819374e-01
9.816495558942613942e-01,7.138669880980247351e-01,8.746393596540136262e-02,5.533181353445234540e-01,4.491775330130903243e-01,6.991178665795961811e-01,2.598284079866318153e-01,1.506211458859338659e-01
8.555491326331953195e-01,9.688278696471295248e-01,2.334577459022936785e-01,6.739574247976716226e-01,3.652700066960110625e-01,8.715174718279059540e-01,2.122396301719214895e-02,1.508822077498980507e-01
9.938132427069039654e-01,2.378617480315902699e-01,1.875820233719589503e-01,3.194965750018311512e-01,4.764700770846778122e-01,6.469433348884716661e-01,1.955435397858478475e-01,1.504550291291714692e-01
9.681315948295052820e-01,2.498021722385891374e-01,4.498034830295543074e-01,1.103895921838510819e-01,5.240650531892968589e-01,8.552192743216436854e-01,8.229405275874866754e-02,1.512056136136961382e-01
8.977909748376515786e-01,8.422238293170406509e-01,2.207281042540004123e-01,5.595958010299850738e-01,3.679048746217702393e-01,7.965435013469590597e-01,1.298767055862642406e-01,1.497083522451882753e-01
9.634425365960170851e-01,8.018508369862666907e-01,1.171231482058854856e-01,6.172824585912304318e-01,4.058929014217204645e-01,8.647643212017073200e-01,2.240626700680373729e-01,1.498212218712412225e-01
7.871719597296036319e-01,9.762548882955683904e-01,3.831470841885751266e-01,6.111085777086961990e-01,3.430647950773910715e-01,8.054073424218887167e-01,9.617714429500191786e-02,1.493042263389414148e-01
7.804057014619749655e-01,7.725226256796358104e-01,4.064967391259521334e-01,4.985072415112233868e-01,4.035130468979271634e-01,5.075211210042134269e-01,3.764720803888943479e-02,1.502316241796878560e-01
8.992185970814513540e-01,9.238160245142946758e-01,2.456282028751644586e-01,5.911306077647332513e-01,3.943889126209758622e-01,9.093238778714171078e-01,1.477570967394737089e-01,1.501262014183536997e-01
8.849880305115161994e-01,8.519793227564943505e-01,2.253547205948989440e-01,5.565235270831647707e-01,4.146066091510897667e-01,6.219143270931701828e-01,2.176227500883254340e-01,1.506876408791501532e-01
7.537986033211990788e-01,7.639967379826591021e-01,5.344841019796037207e-01,4.651765512563472149e-01,3.995391291813863988e-01,7.505176245234170818e-01,6.698281093904634442e-03,1.502927642384572493e-01
