1.772621666499742121e-01,8.373905076499484901e-01,1.028516715725514286e-01,7.577374749604162130e-01,1.396407841751134415e-01,7.293758741373338461e-01,3.237848812006940413e-01,1.699928542815392352e-01
1.108530609921377086e-01,7.034807338919305542e-01,6.788005757556381248e-01,6.952681504816750069e-01,2.372847204455342252e-01,9.632737085628779727e-01,6.143685424136596795e-02,1.698183142947874147e-01
1.110776162217828045e-01,6.813734346696449506e-01,5.863554171855664965e-01,7.340134285559648530e-01,2.142279838614445930e-01,9.289009039116374877e-01,3.788968250378161873e-01,1.683168792095658672e-01
1.063272915370421651e-01,4.239402882798654071e-01,4.500874728381415446e-02,8.617274991021437458e-01,1.843349047177732791e-01,6.495550875037973126e-01,4.292479587176604716e-01,1.679319893028862476e-01
1.141351202715799734e-01,4.686587048304273750e-01,3.729412482165511689e-02,8.420222154968126649e-01,1.836340551794181097e-01,6.224938435173699158e-01,4.247920860447570446e-01,1.683334502501390995e-01
1.221552758266452321e-01,8.629583862044865050e-01,6.015471603716470161e-01,7.873615367245007102e-01,1.266862681595064544e-01,9.954624668295799506e-01,4.935039735127496607e-01,1.683349451658423535e-01
1.338944396302645390e-01,9.435466231164585382e-01,5.414719371134465442e-01,7.183159366485666331e-01,1.667564748404620767e-01,8.239305511264546356e-01,7.256783930686439010e-02,1.703464420990596084e-01
1.087373072236833133e-01,8.209711197587200582e-01,5.610793845024130144e-01,7.801583757309404898e-01,1.702109238457776563e-01,7.641392029078221126e-01,4.593916192202044391e-01,1.684012328264953284e-01
7.896121307371084530e-02,5.933659789231324755e-01,7.342086944629908629e-01,7.785287747672703373e-01,2.139050163419693451e-01,9.927568774946905483e-01,6.213419771014779824e-01,1.669169764387160859e-01
1.067248953100827791e-01,7.730143548076862103e-01,6.577314543219374698e-01,8.011828114014937219e-01,1.875474351859960642e-01,9.965276507066122003e-01,3.568007358114811955e-01,1.673138170487915577e-01
9.972161449284083767e-02,6.964199730435574054e-01,6.797226825550330975e-01,7.165033627399669536e-01,2.376703091638236454e-01,9.958873743296257075e-01,3.812207490439090130e-03,1.689572428397636550e-01
8.506739438862591374e-02,7.784363225649020279e-01,8.434573281270441036e-01,7.395214787903859888e-01,2.199309482941359251e-01,7.851754802828976310e-01,3.316997395917994917e-01,1.685844439315686838e-01
1.097964105776287336e-01,4.649331263263272174e-01,6.371166608776801521e-02,8.338846143076419359e-01,2.225626887805563225e-01,6.198619743555537909e-01,1.088820451461940952e-01,1.687044464521850196e-01
9.105696893310603890e-02,9.522196125472952577e-01,6.543248434466528707e-01,8.535641114208241120e-01,1.218247078509020198e-01,5.907368350339762264e-01,4.411889231137222644e-01,1.694500426088216549e-01
1.048931899846574090e-01,9.171357535408888317e-01,8.807015533529124474e-01,7.266547798906657363e-01,1.859554391028054587e-01,8.173905848362328364e-01,2.088654264460833576e-01,1.702729298458530438e-01
1.429013569849841014e-01,8.227236967986633065e-01,1.681553211147969740e-01,8.047756811810424793e-01,1.427459011929105293e-01,6.528089965269963102e-01,2.376933184148938283e-01,1.695178882860231273e-01
9.689551738014580418e-02,9.862726493757825175e-01,9.389041996573478377e-01,7.581085510217701051e-01,1.476913300311586963e-01,7.979823642055199340e-01,7.816955236294200748e-01,1.667200466100917933e-01
1.009936902356444594e-01,9.775201707430430931e-01,8.467500882068348389e-01,7.251131983049735608e-01,1.864870922293319633e-01,7.723804933579860865e-01,4.752950633430804150e-01,1.669900089874250260e-01
1.324579455574984022e-01,9.728652068068990300e-01,7.058495794263024425e-01,6.831281981050939534e-01,2.250643666008473043e-01,8.843993939409038330e-01,5.398312180566627871e-02,1.681637835458469343e-01
1.183829579745408478e-01,9.953744778263622361e-01,8.800105489232628031e-01,7.157906143745625949e-01,2.068347760611486674e-01,9.358647364276433400e-01,1.876510810805430696e-01,1.684547092680380165e-01
9.232200826208251943e-02,6.839678978101789708e-01,6.080712740732916455e-01,7.902553878616299654e-01,1.954733422736970316e-01,8.575258081187261405e-01,4.374835173315299586e-01,1.674742211441567208e-01
1.010159752347982720e-01,9.808603158950670586e-01,7.474635610666923169e-01,8.118603567484727890e-01,1.591157786782941841e-01,7.158964079761839239e-01,4.334111810770863715e-01,1.674355902843821520e-01
1.719529191693738579e-01,8.679622283149442952e-01,2.727734724133776822e-01,7.671146434567470695e-01,1.338222911807516180e-01,9.256847869971989162e-01,4.977156041831320432e-01,1.687444915376665744e-01
1.007103909143463316e-01,9.657033088912960750e-01,6.074281932177065801e-01,8.047978761705224526e-01,1.486048352901242764e-01,5.735571798076062322e-01,1.971881507826375723e-01,1.705678980217052443e-01
1.156883469865478825e-01,9.511350452977446190e-01,7.071827286697334181e-01,8.230815347806769156e-01,1.195854640310484718e-01,9.706524905984381668e-01,4.962785638785209841e-01,1.683089479206676953e-01
1.389718539006116749e-01,8.759728856648153483e-01,5.743884681580421203e-01,7.160930158429448245e-01,1.777505266152397678e-01,9.474811171277903732e-01,1.967838265868399050e-02,1.710559121545847383e-01
1.410071743432149416e-01,8.784027922676667099e-01,3.977912652827722551e-01,7.244893239288461295e-01,1.884975261733531082e-01,7.530849731789963641e-01,1.087847841653938330e-02,1.702625064524694587e-01
8.876717026659644572e-02,7.316374600015922436e-01,7.437034836195224319e-01,7.852434301282081863e-01,1.762150194244269108e-01,8.759709614392586774e-01,4.203329591009421495e-01,1.690212498331740143e-01
9.779695272125156491e-02,9.014134873518659941e-01,9.099502357025767152e-01,7.131343820223894348e-01,1.939029491372677716e-01,8.365719913276297159e-01,5.251117182674949202e-01,1.675168021645625227e-01
8.275835008293558337e-02,8.859567408413822065e-01,7.510422404194132540e-01,8.288657122487418372e-01,1.201825115383791109e-01,7.364829238821122281e-01,4.900675025621162306e-01,1.692543524063974958e-01
7.566875533856723401e-02,8.593540254831462111e-01,9.775858126757005495e-01,7.214841990009464023e-01,2.361896918727414696e-01,6.524294428384558309e-01,2.601697723343859292e-01,1.685407416077197018e-01
1.215648382422304941e-01,7.682252879351276764e-01,5.936314139624234709e-01,7.076100111652111613e-01,1.961891502950543487e-01,9.472292734653261492e-01,1.634646290037270189e-01,1.704113279962833349e-01
1.081498346292312229e-01,8.413724295789314356e-01,6.291077759659172708e-01,7.562198215699393877e-01,1.566727876740182102e-01,9.020087421607001499e-01,3.601674656313823553e-01,1.683100574737649291e-01
8.345266174024357220e-02,9.023549901010441410e-01,7.224181954780046766e-01,7.932901587287924938e-01,1.833597375784348227e-01,5.435299219219570377e-01,1.403872861252235260e-01,1.703401850549562113e-01
1.008975641564217457e-01,9.990116438778700036e-01,9.151758582651563501e-01,7.477438277435110026e-01,1.909501605043477934e-01,7.431226433906469309e-01,3.590665906048419176e-01,1.685450717576443269e-01
8.672635698033789864e-02,6.839355374462472437e-01,7.011339086002273957e-01,7.861030620526160417e-01,1.909870566321423824e-01,9.724523492770292821e-01,3.294547159043093032e-01,1.680815348525037667e-01
1.131208658929400007e-01,9.728962634029704182e-01,6.927097868693065097e-01,8.171477244056968292e-01,1.249990980725125961e-01,9.392483033502166956e-01,5.787247140862266104e-01,1.664129800564987105e-01
6.341613406986992829e-02,6.035109218746813609e-01,8.132845658970975222e-01,7.258676239854539025e-01,2.598335242091183717e-01,8.109498387105559258e-01,2.171144639404467280e-01,1.686435557995142054e-01
9.253377274699235711e-02,4.280154429433239982e-01,4.385896775136698400e-01,7.731628128282765910e-01,2.528400668570554011e-01,9.373883335352551915e-01,2.194662973681431595e-01,1.683452246471454361e-01
8.108070304204301193e-02,6.435829710121184766e-01,7.145512294633986627e-01,7.322844063181018770e-01,2.296816919431828863e-01,8.518721940496747358e-01,3.591015246610404499e-01,1.680157063259438699e-01
1.044360442309941045e-01,9.499900477803053800e-01,8.338226078940351726e-01,7.913985765841389242e-01,1.742551314229933146e-01,9.045990474428253769e-01,1.945767613896272341e-01,1.682447429677601525e-01
1.095404220200984768e-01,9.275011146616438662e-01,8.209251287817114218e-01,6.640629547485580320e-01,2.164425176739232515e-01,8.028184939147375854e-01,2.615949355871068360e-01,1.685646193531207260e-01
1.236874704522299001e-01,9.729982695232912704e-01,4.976610753703963885e-01,7.921322484194548430e-01,1.370356338556306119e-01,7.328547466944956845e-01,3.619859346954724111e-01,1.687251912440092261e-01
1.007321699835568851e-01,9.833884069983078735e-01,7.867438852742281163e-01,7.639160617686422405e-01,1.604433731433188015e-01,7.283089882362724365e-01,2.872471091680092736e-01,1.692972389215692264e-01
7.515513817196001201e-02,9.599061029771673859e-01,9.366555199580425262e-01,7.458924813713756485e-01,2.143858733343895762e-01,4.333365037503941197e-01,3.003491348313438447e-01,1.689084324288912808e-01
7.628764495208599505e-02,9.697602418096017418e-01,8.641633570799697184e-01,8.024112107815853934e-01,1.739104291536018310e-01,4.991977113340531624e-01,5.209555013915303512e-01,1.678958146680715191e-01
1.066282378679031806e-01,9.454303006342306137e-01,6.803767766969177622e-01,7.927274067460695628e-01,1.679575945792396996e-01,7.085856565292634190e-01,1.770947831405456085e-01,1.693550418363040655e-01
1.388968713804788202e-01,8.855987341403341873e-01,5.020458825474379827e-01,7.512573988536904723e-01,1.659955959355063349e-01,9.475150459128288682e-01,2.958576183180036123e-01,1.689039929970238274e-01
1.139339198323957164e-01,8.387568746708906620e-01,6.532832848292443595e-01,7.486089821842057956e-01,2.041472931598340423e-01,9.112119834481477998e-01,2.634695551254856438e-02,1.694747312829364971e-01
1.099230557113154566e-01,8.648632380946529308e-01,8.046689577773856739e-01,7.274262996381865021e-01,1.862660526300206898e-01,9.964363774585185407e-01,1.256795734016679100e-01,1.701333179885074209e-01
1.140062282204747229e-01,8.610409783470625023e-01,7.870568014826292425e-01,7.388784420409776343e-01,2.123504798622141976e-01,9.709956342199985713e-01,7.575944546980747929e-02,1.690009561092051527e-01
1.148555147904463114e-01,9.887872164259967622e-01,5.725966584544904814e-01,7.881113652740520115e-01,1.408912961976151457e-01,6.911671584284148073e-01,2.941388233749155923e-01,1.697821730544585295e-01
9.555623449327846353e-02,7.668357757238311034e-01,4.211375221880565012e-01,8.267381766499042328e-01,1.627574028175330090e-01,6.337996889776926768e-01,2.265837101640305606e-01,1.698088633679663839e-01
1.023706580133503935e-01,9.071272469185479581e-01,8.476696239651848597e-01,7.476598729638553875e-01,1.744047626576387122e-01,9.194669907801645836e-01,3.097905008030215068e-01,1.685710102346688055e-01
6.849840618816283033e-02,8.920928104829259908e-01,6.959706421175858582e-01,8.562349798400294976e-01,1.747774032798656285e-01,4.277535167293298191e-01,2.327442753060373903e-01,1.695207214639860016e-01
1.087053791448800294e-01,9.746434752536250468e-01,7.544143287022635480e-01,7.804790219054429379e-01,1.575490409424677718e-01,8.033301786223181473e-01,1.008411193864660049e-01,1.702611724489854483e-01
1.279565808147803962e-01,4.435014776625527677e-01,2.168118832807963692e-02,8.329407156295266512e-01,1.778227497717022321e-01,7.348799647691124370e-01,4.390665689508626013e-01,1.676230998177498377e-01
1.073475475899935555e-01,9.161579336946225061e-01,6.756983791395316796e-01,8.298742166100629980e-01,1.199519827840121317e-01,8.491613344803425889e-01,4.119249930319145436e-01,1.688710966618635068e-01
7.046635004158324778e-02,5.674225699160677650e-01,6.360445516311535874e-01,7.885748800640851597e-01,2.085747015579579589e-01,8.101869735011600904e-01,5.190146313965242619e-01,1.676455948773508120e-01
1.526376521087966509e-01,4.482257222549787534e-01,7.458827152419855722e-03,7.977741593990602675e-01,1.857179931270297457e-01,8.291707444461141607e-01,2.104497921178071218e-01,1.682339843232486254e-01
1.811147941954566187e-01,8.817419172537984684e-01,3.622245611558844169e-01,6.700010761751701294e-01,1.940732646209954726e-01,9.615274240192916988e-01,3.620300405708893332e-01,1.686272113032228070e-01
9.342121373225734104e-02,1.795681255308391178e-01,1.150309590378112423e-02,8.329321084216387838e-01,2.783268596428329911e-01,6.533938249468198567e-01,1.222296723567163068e-01,1.683588980739758323e-01
1.004635517006438328e-01,8.879573277375796270e-01,7.706672264484697443e-01,7.568696264089449510e-01,1.711868616953412525e-01,8.506285868752955226e-01,5.685985525493756354e-01,1.672173810479148648e-01
1.117375429147609983e-01,7.743201276058931937e-01,5.604192879998117771e-01,7.907554739286872802e-01,1.392892746503906209e-01,9.156780439006355632e-01,5.560095312364577991e-01,1.679421460590705684e-01
1.634611141945335189e-01,8.645105006369351308e-01,3.813769172416240916e-01,6.863856782023706193e-01,1.883366290964963163e-01,9.512373395202331494e-01,3.285329327138935551e-01,1.681285664936337798e-01
9.876448823654784825e-02,9.460270842154947513e-01,8.424670315798148401e-01,7.850386436956992009e-01,1.900826998720107630e-01,7.953586212094820862e-01,1.826275292957914853e-01,1.686785483768250271e-01
6.855717917573685150e-02,6.947389403146518871e-01,7.680421563630814852e-01,7.651657946399554877e-01,2.077115255045971498e-01,7.579268402814199890e-01,4.715706566460888260e-01,1.675168038669161696e-01
1.050144178557930602e-01,8.965922690114301874e-01,8.691634459219925724e-01,6.903071232252818712e-01,2.117387511289344770e-01,8.566386826698282331e-01,3.995482329247513342e-01,1.676792160686875477e-01
6.023750837835090827e-02,6.610091295492467323e-01,7.532469794357241621e-01,8.198741368230105797e-01,1.920429329041692113e-01,7.573064994572062947e-01,3.453380697769688479e-01,1.686713658000849603e-01
1.131886601462479824e-01,9.890527885040893974e-01,5.707863447214475139e-01,7.763227624702873086e-01,1.373008732647190144e-01,6.359377856112616856e-01,5.570024531327748551e-01,1.681088428602592333e-01
7.844800818722252878e-02,6.029104539109411132e-01,5.538045160724871518e-01,7.653010249624783157e-01,2.385940102307710919e-01,7.435074093077478352e-01,1.094689538555793096e-03,1.696271077429957197e-01
1.135491107345723838e-01,9.561442394931942701e-01,7.201058840438709918e-01,7.029572069330907169e-01,1.901431550957398686e-01,7.557554435802371628e-01,3.389457135837188329e-01,1.681312812796136313e-01
8.745454388347286001e-02,8.447497256153606582e-01,7.851829522627948865e-01,8.215757359946485039e-01,1.388353362204984842e-01,8.404988652523953663e-01,5.948252478984890068e-01,1.679551190284681861e-01
1.009364524002887287e-01,8.756443209324548116e-01,8.914824350336326697e-01,6.772392700217018113e-01,2.132693378235243631e-01,8.653803707071459073e-01,3.166979551836361928e-01,1.688650512515786906e-01
9.854282021206912934e-02,5.080740639275290738e-01,4.907392328439758034e-02,8.576765975859598212e-01,2.044854546984789523e-01,5.181036875412892151e-01,2.628949683527763703e-01,1.689937882278306491e-01
6.194355049591662721e-02,6.794412121340640542e-01,8.780555991867617927e-01,7.662660171130287745e-01,2.284679939312271035e-01,7.599627121580855293e-01,1.562180409979309625e-01,1.697688806642567161e-01
1.211025261988944168e-01,7.233722301075893313e-01,5.385080065968528285e-01,7.188656106175681515e-01,2.148150827692934806e-01,9.361650099157652338e-01,1.489815564693614813e-01,1.691966164657021654e-01
9.759468906237342423e-02,9.149699354182936339e-01,8.217309135112740304e-01,7.113805774049783981e-01,2.185302348045971566e-01,6.517264519052469174e-01,1.764673226922058857e-01,1.695334656540009310e-01
1.185863760141272344e-01,9.868322564732066038e-01,5.417171814129193574e-01,8.562357530228431601e-01,9.387824833268899882e-02,8.231469973742588930e-01,4.430875564841038061e-01,1.683019948556370715e-01
9.159714458294974937e-02,8.687870332433123011e-01,9.122673767222477803e-01,7.658811676122904144e-01,1.695843113013475734e-01,8.949131750299489374e-01,5.546608841310479709e-01,1.675086638669301131e-01
9.117926321880946705e-02,7.175227260389006601e-01,7.897089467282978337e-01,6.790749114077204718e-01,2.252965748306560434e-01,9.120475558980346564e-01,2.116718655775352009e-01,1.693021263475566474e-01
1.666754153938021510e-01,5.164463528603987497e-01,1.038412220024316213e-01,7.787610504831630198e-01,1.743667863944224905e-01,9.583877162228767732e-01,5.232598668283026111e-01,1.676457377228822154e-01
1.018686669442529502e-01,9.479971989823220424e-01,8.151628195213457273e-01,7.249093236513454164e-01,1.732714416118546208e-01,7.659146015465009283e-01,4.282033011536793277e-01,1.686187885778678563e-01
1.184848544280544674e-01,9.674805008833223807e-01,8.830917427288857979e-01,6.654775617179926606e-01,2.049643799482751827e-01,8.808216834483163504e-01,3.777508981102727925e-01,1.678487865186463202e-01
8.695180557930146104e-02,7.760287434977205523e-01,8.586218396299606370e-01,7.820024178795662584e-01,1.875636813721897611e-01,9.431401733209133775e-01,4.969775225229794424e-01,1.681801020691483517e-01
8.714152480889916785e-02,7.791013445337127141e-01,8.831861376742340397e-01,7.345265745800479973e-01,2.103422950184966056e-01,9.522765784487963181e-01,5.563975207609684892e-01,1.667808143621465344e-01
6.152705978814545368e-02,5.564143879254089819e-01,8.450431251669814348e-01,7.546302613228741407e-01,2.448891381958757107e-01,9.378772787895776064e-01,5.746689157878570597e-01,1.667127127556221888e-01
9.586982869105407923e-02,9.764762886323918867e-01,9.277804380156320363e-01,7.374357157371841387e-01,1.870731203573838819e-01,8.046844494266923720e-01,4.701823417954318352e-01,1.673222316345888971e-01
9.327212149333409530e-02,9.935897114288934073e-01,8.468219760997932610e-01,8.271825358029236686e-01,1.029040786476476815e-01,8.242981653971210854e-01,6.497985803306943753e-01,1.677696793149938415e-01
1.298630756807385711e-01,5.861313502805295395e-01,3.439303316013873069e-01,7.632811722375287822e-01,1.767324934354325416e-01,9.745054812137209366e-01,5.031591080733746058e-01,1.683453581846929004e-01
1.048294330879403491e-01,9.365572431579852752e-01,6.351317293246340201e-01,7.608240255243030603e-01,1.684031951484533385e-01,6.769054028953549462e-01,1.262946181955076352e-01,1.695914571850320185e-01
1.275919102283397943e-01,9.979453591191091988e-01,6.872123124204407851e-01,6.761788793644859519e-01,1.958919311509402239e-01,7.021884816661922990e-01,1.221491422868747900e-01,1.702455329600434109e-01
9.514789130215528523e-02,7.920101018445064867e-01,7.346998630302015165e-01,7.519549199961957919e-01,1.858917599476040405e-01,8.978757066781308804e-01,5.109660634970859538e-01,1.673541145204694991e-01
1.600337061736949729e-01,8.071730239198725565e-01,3.651329656451499650e-01,7.477624353621529218e-01,1.467823125404345563e-01,9.710918111137116782e-01,5.633293458136616749e-01,1.681665314204971728e-01
1.343072427042227290e-01,9.763631651744810735e-01,6.716670996617888356e-01,7.362696835147154450e-01,1.908552637547142883e-01,9.646427030440483108e-01,1.313267079408412807e-01,1.682418598013744326e-01
1.797014154180486822e-01,4.659480823704869046e-01,5.545223765397788718e-02,7.628272215657094790e-01,2.081965610448236470e-01,9.924528184046272905e-01,2.534779106091181733e-01,1.680533133675841950e-01
1.299589381064952531e-01,9.601232010647720028e-01,6.781849480318029588e-01,7.174579704344321573e-01,1.630281734713006636e-01,9.279398382008924306e-01,4.129640057446019585e-01,1.685635377584432937e-01
9.600777044568896412e-02,8.610703064559985798e-01,7.638474116800743063e-01,7.307566109454032288e-01,1.874406904115244188e-01,8.127379129773564248e-01,1.706607174597129795e-01,1.690420898258589988e-01
1.176523103148339328e-01,8.934566789215732108e-01,6.786577624361953553e-01,7.818424574122433413e-01,1.661241298634892893e-01,9.406295325290620069e-01,1.215912065306223033e-01,1.696954830000761139e-01
1.535410836587583205e-01,9.321911810605352233e-01,3.911068303149674019e-01,7.746459830082815801e-01,1.319055067019547778e-01,9.258293882584389678e-01,3.231286057343941698e-01,1.686666867775325762e-01
1.328118482402452227e-01,9.158727641096544581e-01,6.384675185683822418e-01,7.337830198540844506e-01,1.565565206559565159e-01,9.982895723108010655e-01,3.954431488483655666e-01,1.683291314846096232e-01
1.061142589057316593e-01,9.373662836606538873e-01,5.151283974248412889e-01,8.065793597435468865e-01,1.598596805420054723e-01,5.861665127315319745e-01,3.470070824891072769e-01,1.688624342428040048e-01
1.032111020376359628e-01,8.596009092673753127e-01,6.645273968536579146e-01,8.226347948492410689e-01,1.359789606664157657e-01,9.374207819986722923e-01,4.616273471109968995e-01,1.678812613101361984e-01
9.227525904040674576e-02,8.620623681474910427e-01,6.027272679061076444e-01,7.763433272078087422e-01,1.732766335266142099e-01,6.481701485207999047e-01,3.199723672811162212e-01,1.683813150517415869e-01
1.142425185679259020e-01,8.702124628024822117e-01,6.970219836639880429e-01,7.300673642779845762e-01,1.945472420769281952e-01,8.952037189631992797e-01,2.618588416954810150e-01,1.690481431035803506e-01
1.043622432162856217e-01,8.046119494483671142e-01,5.108918146740798472e-01,7.711864888303284760e-01,1.934833096005799113e-01,6.993775862799380683e-01,1.829388278234223564e-01,1.689492250387439332e-01
1.205811033451202885e-01,9.746935733935229162e-01,8.741879488897976724e-01,6.833360233106763326e-01,1.991914498833284586e-01,9.496832432037852767e-01,5.413004122997921996e-01,1.666633674029575352e-01
1.027714650074798564e-01,2.801925357927839144e-01,1.069715514009309532e-01,8.293145831956755254e-01,2.342801052601470035e-01,7.635891577769431393e-01,3.801531834896719197e-01,1.678242334501423849e-01
1.116270255466194072e-01,4.051632050615695535e-01,3.292862517032756897e-01,7.555448640789295123e-01,2.331791631105078755e-01,9.385030116678144685e-01,3.432001214842441694e-01,1.683928714215317812e-01
1.176742111013212300e-01,8.294147338046906626e-01,4.643602055980598498e-01,7.905939288903234274e-01,1.533769874396632982e-01,7.417928566733469342e-01,3.691571983362768039e-01,1.692581715912887252e-01
1.173066830868051136e-01,4.933359652910788151e-01,3.768386895343454057e-01,7.120691691815992375e-01,2.464652416885052821e-01,9.178274964853114781e-01,9.206710317313518410e-02,1.695040224699174980e-01
1.743400517780106518e-01,6.353431064292632824e-01,2.039000908055135231e-01,6.972769766606623509e-01,2.101849547668980800e-01,9.809427586773105112e-01,9.246249092310093731e-02,1.691333542158596492e-01
1.042384172691819405e-01,8.535395065501925060e-01,6.560598524813523458e-01,7.833329613106262412e-01,1.262819040635471124e-01,8.772535745432568088e-01,6.052223800575378121e-01,1.683157647381783306e-01
2.144555900778974122e-01,8.894321368536071137e-01,1.547073818766581121e-01,7.030831285144986120e-01,1.693220624475522684e-01,9.651349622146566665e-01,3.651503853757734896e-01,1.683439232484534587e-01
9.723577168647376534e-02,7.141127665999617014e-01,6.809066590787647977e-01,7.010049297388424305e-01,2.396969609531840462e-01,8.310188918262453317e-01,4.194291041494241368e-02,1.700340293681756598e-01
1.305145194484372551e-01,9.944739821479138264e-01,7.333139122389190634e-01,7.200327122639085253e-01,2.161016599139959360e-01,8.987663079966816682e-01,5.802671325068731178e-03,1.684081244434396663e-01
1.737833338664500071e-01,5.476222648498050294e-01,1.078211327472783365e-01,7.274936813499344179e-01,2.024461102942186064e-01,9.430610315265403054e-01,3.529867837732121871e-01,1.677149931557659901e-01
9.280352943097677776e-02,8.645735463968512446e-01,8.432023921576790038e-01,7.888928169500841747e-01,1.614607152449081817e-01,9.890500154115718923e-01,4.037646527508957917e-01,1.676699452177963789e-01
9.337547882026514534e-02,6.304615346185704627e-01,5.465439406887200313e-01,7.513680064508995171e-01,2.125606716262876672e-01,8.142089713004020401e-01,1.569983154480762977e-01,1.699995909610268752e-01
1.569555731305498358e-01,8.745561779911834588e-01,3.723294986841635956e-01,7.428847175840770367e-01,1.603920517062338291e-01,8.890188345667051628e-01,2.741767322335741386e-01,1.697715174058762877e-01
1.455557305025778625e-01,8.425999222874653860e-01,5.152462885073826326e-01,7.140200536042415891e-01,1.566909569835112648e-01,9.791342614441651548e-01,5.281330117189728668e-01,1.688907436099881254e-01
8.962194573824440458e-02,6.949772000993155174e-01,8.244961392263248090e-01,6.825246791671274460e-01,2.341539544910044290e-01,9.399117230525926292e-01,1.746909421901532422e-02,1.707464361557254895e-01
1.106296974706934416e-01,9.997187613214704172e-01,8.472271840460472436e-01,8.100156256384969389e-01,1.011195238804741825e-01,9.666208763354118272e-01,7.535530139378283643e-01,1.677893128044657678e-01
1.097958335470648472e-01,9.751016973371386953e-01,8.507173514219091848e-01,7.420842088410595228e-01,1.430605337525920895e-01,8.456505433700440832e-01,6.198843653643280049e-01,1.683058865687521166e-01
7.149877340336435738e-02,8.777370709391395520e-01,8.214160557803216189e-01,7.896023099989666338e-01,1.777053187546708546e-01,5.323123131633251681e-01,3.889497270122184713e-01,1.689682314329293555e-01
1.056686969296787293e-01,9.984320181931073401e-01,9.953066183001376688e-01,7.086236871890315703e-01,1.934948574502471097e-01,9.262117933146271076e-01,4.405120743510341219e-01,1.674427902880413765e-01
1.275562197716232360e-01,9.367402511813557320e-01,5.865160516661367396e-01,7.580669515591703655e-01,1.539412619962630124e-01,8.261910642494847412e-01,1.968717906239094706e-01,1.694090237666013854e-01
1.145005360034641595e-01,9.576113328918429701e-01,9.854674525139430763e-01,6.499340065575953673e-01,2.393579193569070618e-01,9.192550211893014689e-01,2.316043973727825167e-01,1.681315346254107501e-01
1.173625023322580896e-01,8.446114524058343509e-01,5.796791988428133813e-01,7.797043437315298586e-01,1.379452870396660480e-01,9.572976109703298375e-01,2.857183451794279572e-01,1.697734883673684136e-01
1.462218890471791155e-01,9.465669890980101808e-01,6.254003666958302121e-01,6.981963908211286096e-01,1.658830807245509631e-01,9.987031215656245742e-01,6.036291634893518054e-01,1.674297773815447421e-01
7.059377964952277817e-02,8.587630737581259943e-01,7.061309959892410060e-01,7.977941763730739266e-01,1.989397419973825965e-01,4.208597791807762722e-01,1.557371086904979496e-01,1.703663240205882112e-01
9.919937431727016142e-02,7.304033256475711555e-01,6.688602263422068761e-01,7.837335094371284949e-01,1.710924843575369336e-01,9.470990640553005324e-01,6.732052186304621211e-01,1.668564432059350122e-01
1.040514421916415855e-01,7.238505984566879770e-01,6.779345461299390863e-01,7.061204498576163502e-01,2.047754685100478533e-01,9.555650323659148349e-01,1.826120642942953565e-01,1.701027556844942890e-01
1.184554468496907959e-01,9.266778048647650312e-01,7.225279551382671750e-01,7.577960857715894116e-01,1.676212409424236993e-01,9.790380208699510645e-01,4.174232610200293014e-01,1.671789515653847313e-01
1.115502866319324632e-01,9.274659276353335313e-01,6.753398527973086818e-01,7.551322373638346130e-01,1.298353143897608697e-01,8.635032838556970791e-01,5.421421601158671333e-01,1.686141205176391877e-01
9.489931735993931139e-02,6.856831087276460401e-01,5.435833803437086775e-01,7.607117899668375260e-01,2.013295939858044115e-01,8.219965864127920518e-01,3.452882905165556293e-01,1.682566254947201190e-01
8.253321323096143858e-02,7.639356382935783563e-01,7.359585944365094612e-01,7.836917841391617401e-01,1.970662338572158334e-01,8.294584609708751666e-01,1.860211044158947002e-01,1.688379509439758563e-01
1.128795385521939726e-01,9.640993545242200202e-01,5.805669599048387530e-01,7.850292859944680846e-01,1.561180425144478578e-01,7.109627366098022483e-01,2.187013397784281221e-01,1.689512081639576724e-01
8.468054775823791180e-02,8.263352438806266242e-01,7.636771552185812606e-01,8.013563027704083686e-01,1.710075176701092714e-01,8.066310667757403685e-01,2.284531901313720526e-01,1.691591622185440180e-01
8.912990210191047702e-02,9.883527165243340962e-01,8.486754874424400352e-01,7.746267888628537435e-01,2.016094806362465075e-01,5.728338161235231318e-01,2.619022836135442844e-02,1.697758644100023362e-01
9.576837843934597749e-02,8.252272900923194321e-01,7.555310369996172115e-01,7.453027069188392639e-01,2.091232055953733959e-01,8.144261747197093504e-01,2.229464690751464806e-01,1.681928794112491354e-01
8.880561491682129049e-02,6.836109844637314747e-01,7.576285229557162548e-01,7.092452544329733710e-01,2.251726407846466882e-01,9.106173568587637712e-01,1.909210610998257895e-01,1.690689368321842134e-01
1.229661578456952842e-01,9.124589332693269217e-01,8.734157332619150171e-01,6.611447498361450181e-01,2.204329530817790150e-01,9.859788185686669815e-01,2.194809650487840047e-01,1.692671258955293079e-01
1.283854299442789559e-01,9.770163206670388067e-01,5.146497128834862655e-01,7.404621318311853662e-01,1.344932350758981654e-01,7.517867474697627062e-01,3.075334548162978465e-01,1.697595942320272722e-01
8.531938533690043569e-02,7.902915409027767568e-01,8.223861812489731138e-01,7.710770251991321267e-01,2.041721477571762089e-01,8.803032385927676007e-01,1.680775062983362322e-01,1.686737157911399332e-01
8.862384409684470610e-02,8.051241655859768809e-01,9.318553541313401301e-01,7.260542902716927705e-01,2.100680902533808014e-01,9.745739301611046068e-01,4.100260043362975448e-01,1.682210822173343112e-01
1.297846463992058386e-01,8.431514405572850812e-01,6.653119965633618182e-01,6.457092934816068830e-01,2.224429800440542171e-01,9.517590943239792045e-01,7.832091151519371408e-02,1.695604835608384986e-01
9.585868051690114855e-02,9.004473240774775178e-01,8.874562731354294076e-01,8.093821222524805181e-01,1.354706355237747517e-01,9.724180753574493963e-01,6.113815869979652984e-01,1.679346372280373090e-01
1.055799732626757775e-01,6.186489931118426266e-01,4.687048392720086776e-01,7.620767183242533882e-01,2.097564937757085690e-01,8.307465496960687590e-01,2.404519240670510705e-01,1.693584216766126915e-01
7.080541397522263636e-02,8.192323840364412746e-01,7.999162094041352145e-01,7.822769310147719146e-01,2.145740238114702270e-01,6.218035028455702884e-01,2.134336340831449741e-02,1.696381690471719939e-01
1.035982169388116603e-01,8.864193488968894474e-01,8.372148999204507280e-01,7.113084511344427430e-01,2.023198063647442257e-01,8.956187352361655307e-01,2.499014972749438734e-01,1.686594518937209464e-01
1.205374834875896223e-01,9.975237936201934996e-01,6.629113542794183855e-01,7.080464702045579095e-01,1.945645161864129613e-01,6.713243718020281969e-01,1.359320710273536625e-01,1.693603612024100202e-01
5.022852609083756914e-02,5.347971196704132124e-01,8.897779477503042767e-01,7.689007706652016827e-01,2.505772374118555579e-01,8.944655423298135677e-01,1.665113874342636358e-01,1.698720724799595849e-01
1.073460553962888309e-01,6.941481464782462973e-01,5.893793036720245127e-01,6.848340362474277798e-01,2.384276239541640585e-01,8.562118574818657901e-01,4.731758111244377396e-03,1.697258980102524517e-01
1.221071517089674652e-01,9.037297198570879431e-01,5.745493987704176631e-01,8.073010000957834276e-01,1.413537919216822092e-01,9.215964643758640662e-01,2.370760245015684498e-01,1.689885393682538650e-01
1.222075017525742768e-01,9.487448054846034928e-01,7.958155128933884770e-01,6.724208308874594087e-01,2.178016180320316020e-01,9.797204651067989989e-01,1.590240316351708982e-01,1.680885639070832382e-01
1.067486323577577639e-01,8.564291402144006415e-01,7.184085642474475897e-01,8.020303114890207086e-01,1.818133184824565207e-01,9.873228599493188984e-01,2.661311404619337573e-01,1.677968373901146115e-01
1.321800473817062727e-01,8.396281253736987971e-01,4.154212068353149712e-01,7.435260473915572543e-01,1.663852818897386121e-01,8.170441658907393601e-01,1.863972522477158056e-01,1.694228852392305196e-01
1.093612265263410738e-01,8.754045888458152902e-01,5.284872693854204551e-01,8.016744404243989486e-01,1.224184294237884163e-01,7.897859314126225438e-01,5.582588266041488279e-01,1.679451491176462419e-01
9.790449959305609628e-02,8.283592383615117072e-01,4.777690836867458102e-01,8.390111749819161302e-01,1.387317645292783230e-01,6.713168808534448750e-01,4.449854737968211293e-01,1.683407796820611257e-01
9.521681841018564407e-02,6.766317492575911752e-01,7.007408073122018966e-01,7.637289878987353342e-01,2.046429342334958046e-01,9.560578673025152963e-01,5.402017324623856753e-01,1.672659245927418659e-01
1.353251109666289420e-01,8.311787476646238515e-01,3.811989662908230048e-01,7.773095031329219085e-01,1.631707751624537628e-01,8.017022705437427677e-01,9.317613679411040906e-02,1.701214962737679359e-01
1.249475075108810729e-01,9.287647941463674783e-01,5.936371970648623986e-01,6.914689829611945227e-01,1.830143080818060763e-01,7.334405162811910017e-01,8.339266059213329418e-02,1.709489983855580209e-01
8.310787777354519679e-02,2.192828986935257407e-01,7.744602567019331918e-02,8.292477066951620124e-01,2.893868195115516517e-01,6.269650660992845959e-01,8.712097524055878450e-02,1.690039599076482435e-01
9.663174958730047504e-02,8.262796673504494427e-01,8.909503834166387914e-01,6.742383003640949335e-01,2.516319621364920267e-01,8.505714969512329082e-01,1.226768639076786238e-02,1.693602375013432415e-01
7.431275889062533002e-02,7.731185987597631870e-01,7.808703254546484063e-01,7.522433565597308469e-01,2.101755284661424861e-01,6.968878159139495487e-01,2.896550169992476720e-01,1.687396414988093507e-01
7.210902123524981500e-02,7.687317052617714808e-01,8.905472326563576013e-01,7.124897768404107046e-01,2.296387649315653201e-01,6.662418588096372662e-01,8.300615977921324551e-02,1.704134168604173605e-01
1.459932706816299830e-01,9.664143977956093368e-01,4.654012511304090882e-01,7.715861680417254176e-01,1.029439889757037263e-01,9.203510478534689954e-01,5.697955141534586376e-01,1.686217616794040142e-01
1.024561017173219041e-01,9.412900208636321153e-01,7.008368975580763216e-01,7.555444407470495172e-01,1.764079127341896536e-01,6.902631756878532254e-01,1.174129870370352047e-01,1.703772162376103183e-01
1.561638629149204593e-01,8.402112373194834394e-01,5.285793584918629939e-02,7.968767474075580948e-01,1.328406600521581105e-01,6.034646341689698934e-01,4.425705497231526286e-01,1.688390863820025400e-01
1.048452238242232881e-01,8.864613527385412084e-01,7.794195425221348561e-01,7.130524924288400568e-01,2.276542994905155493e-01,8.367247866732724360e-01,5.180447432191298551e-02,1.682281608874537093e-01
1.381246029254535046e-01,8.308356365161145840e-01,4.300359006852289556e-01,7.543223149069610001e-01,1.420579233320356516e-01,9.240110744665506193e-01,5.285006500867186485e-01,1.682385277805647783e-01
8.139569743768301779e-02,7.516630849044284579e-01,8.002367389862177216e-01,7.928152751981427659e-01,1.873389316395474569e-01,8.430383679205381009e-01,6.182672245516743770e-01,1.667752195251940295e-01
1.163505068364233258e-01,9.990617544938167338e-01,8.417260207645893555e-01,7.578994467497057741e-01,1.796992830689040921e-01,9.620596069651977666e-01,1.993126630677246047e-01,1.685014301065311249e-01
1.320939908701750654e-01,3.396079068991126881e-01,4.960820858354469953e-02,8.225612198154176324e-01,2.074945075242444481e-01,8.471259928675896056e-01,3.955269794832363961e-01,1.674685300820208111e-01
9.244425380571667794e-02,8.300191677661338252e-01,5.574496610921895190e-01,8.082751428926684412e-01,1.646843377418558407e-01,6.452177947394553970e-01,4.002404841847838068e-01,1.684634681501747666e-01
1.406219087850608951e-01,9.240047863450174814e-01,5.462925624512888767e-01,7.222530502551394171e-01,1.760854839061577470e-01,9.027994947613807719e-01,3.932735874114826058e-01,1.680290349868765465e-01
1.234959486968346676e-01,8.478347830356131043e-01,5.757764354353841485e-01,7.567522547531829735e-01,1.623852763345290384e-01,9.627924280526569678e-01,2.716664180824978070e-01,1.682905102025998856e-01
7.848880757928500262e-02,9.305625296251279766e-01,7.626603614855449464e-01,7.806214391470351899e-01,1.800617239976321227e-01,4.875238499619975463e-01,4.154216789483123895e-01,1.686442183632041181e-01
9.950323084183607114e-02,6.881140289418311573e-01,5.638280971432698685e-01,7.542357081535956409e-01,1.841966751822197990e-01,8.713838254394249416e-01,5.169806037817646915e-01,1.679343506855120183e-01
1.169236422717213481e-01,8.775653337670814569e-01,6.305173753300593598e-01,7.651102937706049101e-01,1.579403033815752200e-01,9.515083719198511591e-01,2.177066453868122253e-01,1.692502029650521100e-01
8.641500346550819167e-02,6.245888665160863606e-01,6.763546680337471084e-01,7.707674694265873594e-01,1.986049129853536266e-01,9.126271478372187662e-01,3.765049273830297083e-01,1.694862869621065748e-01
1.048623272315299809e-01,8.923939514757408542e-01,7.109436500586254759e-01,7.737052000863804402e-01,1.819115901433813187e-01,8.196546737296409590e-01,3.623612387003622426e-01,1.679668220958033531e-01
9.673389350907300732e-02,6.470281349961179984e-01,5.587809092444885328e-01,7.818536073708839407e-01,2.066417442594828124e-01,8.706740199763099985e-01,5.506243694922619003e-02,1.700849458553959082e-01
9.683577692569435291e-02,8.719588079169973138e-01,8.645860925140523845e-01,7.495022327006363172e-01,1.727360014357517126e-01,9.309763118421024997e-01,6.161669267716745058e-01,1.674983930489597483e-01
9.110536274081640351e-02,6.379959581908706268e-01,6.466203662944913777e-01,8.033052310651191963e-01,1.826062319275036372e-01,9.578206823077769494e-01,5.421652401878337413e-01,1.676946725114787096e-01
9.892669323907835044e-02,6.931737711850710637e-01,7.360066613178417594e-01,6.714420957494104947e-01,2.346386017544709879e-01,9.246280044629089367e-01,2.537276199859689885e-01,1.692872161692590693e-01
1.091761968530538807e-01,9.077108235267671299e-01,6.870269200993592840e-01,7.980345424810613153e-01,1.123898385631344754e-01,9.260085871254776224e-01,5.767340911529650338e-01,1.679441008621614384e-01
8.644981067982758505e-02,6.456476775272693702e-01,6.305845303526497192e-01,7.773367118478433646e-01,1.893415887902818173e-01,8.892174379100132864e-01,5.484016802269198188e-01,1.679279322698028487e-01
1.195244189789626960e-01,8.979097552466004384e-01,6.743375655233183608e-01,7.611516366600300509e-01,1.870951086980705558e-01,9.398455456953658249e-01,7.739421945188007523e-03,1.697718979051821842e-01
1.339596968591835191e-01,8.644647546668037252e-01,5.886230209274738723e-01,7.035273969919528803e-01,1.898008875040142207e-01,9.617801418964118110e-01,2.984074446939971037e-01,1.683482150190323823e-01
1.071832658759660217e-01,7.602078767661440972e-01,5.783843727631707843e-01,8.163846341419087604e-01,1.435307991626425528e-01,9.633778897023864696e-01,6.520144697316805349e-01,1.669610762128093950e-01
8.246340752689398923e-02,7.520432093594316969e-01,7.598058859003574694e-01,7.672368552002086783e-01,1.888450761378472065e-01,8.719829348718105555e-01,3.926976319852664710e-01,1.681979517494813781e-01
7.840351248779300897e-02,8.566510321523803650e-01,7.487124339553508090e-01,8.153195475737249343e-01,1.650184946924759810e-01,6.870631054291440609e-01,1.339741712334080459e-01,1.697670166717579754e-01
9.027467013496354165e-02,9.188315811859489868e-01,7.355665665607631354e-01,8.150777376287103859e-01,1.729188632468878495e-01,6.826033652105771843e-01,1.100251080039674201e-01,1.696331754177619056e-01
1.172478841768695296e-01,9.722248886104584154e-01,6.931206863042462807e-01,7.390294861886891331e-01,1.571706535427753182e-01,8.258971212219419211e-01,2.117853440887715877e-01,1.690346645671594317e-01
1.179030749326061417e-01,9.832350371441088699e-01,6.838332873786975297e-01,7.402271977965571015e-01,1.688885077461955153e-01,7.344988927693505421e-01,2.002099723929670061e-01,1.702673216263344280e-01
8.133262251363422568e-02,6.889752338114447650e-01,8.160417551408221115e-01,7.772150575273509832e-01,2.043247712518392600e-01,9.562508301746228678e-01,5.233395620339208465e-01,1.671269828620123854e-01
1.279786845264231088e-01,9.709025514271751867e-01,6.448458755504733464e-01,7.236157398296539922e-01,1.547727732341199203e-01,9.387324005294794826e-01,2.663088879761272287e-01,1.689614358955673357e-01
1.024965926859637277e-01,9.374847036663560562e-01,8.029498921895981134e-01,7.661455948676456629e-01,1.662365133952346252e-01,9.236197165431719869e-01,4.297876366200635845e-01,1.670799474834206155e-01
1.619342238978178083e-01,7.199018314435499111e-01,4.968378744728391139e-02,8.043804494141427730e-01,1.324691270077540395e-01,7.380664730623441860e-01,2.621897484601423134e-01,1.697069256025699191e-01
1.265141801809037680e-01,8.298208812063434525e-01,5.365105717732553403e-01,7.758678481566031460e-01,1.788877707837452924e-01,9.100250749536755723e-01,6.589081959100956398e-02,1.695160768087305148e-01
1.438097769547548310e-01,8.987775978786550768e-01,5.613973989292050382e-01,7.181841366334346111e-01,1.671557640945519618e-01,9.352782829233223794e-01,2.970129038005198119e-01,1.699845397391784307e-01
1.444656337231852994e-01,9.527289349767168458e-01,5.458855571344007895e-01,7.216261563517237798e-01,1.559256371135109842e-01,9.384032511231257256e-01,5.370205752888760342e-01,1.678762257923677448e-01
1.615576260031574840e-01,5.666702415934792292e-01,4.725168590619099884e-02,7.867869606790532933e-01,1.641889746243561654e-01,7.858042046450459672e-01,4.733598885877405293e-01,1.684740240605197281e-01
6.400115481881218926e-02,5.357545949569355592e-01,7.169573110680178551e-01,7.992081569955182818e-01,2.019359307483881705e-01,8.943594932896188343e-01,5.135478586098193299e-01,1.684449750808185708e-01
9.991358206939866815e-02,8.000564083626761080e-01,9.027301100469118378e-01,6.839339558016974685e-01,2.242561172756264432e-01,9.674928214280761329e-01,2.970996927703248303e-01,1.692760690945093460e-01
1.077380192616999022e-01,9.047360181568167015e-01,6.184786828840300732e-01,8.466373036896027715e-01,1.120741357592816012e-01,8.853593090024585166e-01,5.303268133573372234e-01,1.674207670494284594e-01
4.427456572991420036e-02,4.790215000568506243e-01,7.131895726474711816e-01,8.181380174680223938e-01,2.433097860765482123e-01,7.979875363374515640e-01,3.876253345835584119e-01,1.679607230984579702e-01
9.760722022395204589e-02,7.473481891509232700e-01,8.204930637333569532e-01,6.727958848495342314e-01,2.243963718536966523e-01,9.376896747806696686e-01,3.420006557450355755e-01,1.689552052598597698e-01
1.180154742576420973e-01,8.548530186299051481e-01,5.048740858051175007e-01,8.407680804283025333e-01,1.177799692455855501e-01,8.954403315988128664e-01,5.259663391394373555e-01,1.680823142372013801e-01
1.172002059598625801e-01,9.475678211706388687e-01,5.917473411561846586e-01,7.956314816819615165e-01,1.408872737259040941e-01,8.243689883494362824e-01,4.471897108222069872e-01,1.675688703178238315e-01
1.246703804261740933e-01,7.273850596960287351e-01,5.029486583439030101e-01,6.834331214092286277e-01,2.051208729138686848e-01,9.013903748683294026e-01,1.436131546811172388e-01,1.701293691043924416e-01
1.203439044787731615e-01,7.965459155315659512e-01,5.429307432084122809e-01,7.776826471994087164e-01,1.404970875765430838e-01,9.954479436890614208e-01,4.178097813792761572e-01,1.689222027193474918e-01
1.433336774133739111e-01,8.052747123358023895e-01,2.423555128333646225e-01,7.704592509433854097e-01,1.586504281499363511e-01,7.238276319874088482e-01,2.665525278450358582e-01,1.694799255705713714e-01
9.020692287915457741e-02,7.660112554237721305e-01,8.955603268328715671e-01,6.715418530447662127e-01,2.392592119522298222e-01,8.134522480570935965e-01,1.358728679356529245e-01,1.702807995712780631e-01
1.362663172481061447e-01,9.433620340810617844e-01,5.950665556321843574e-01,7.281590399483250931e-01,1.693634822173145926e-01,8.687457410669435776e-01,4.063731233401495779e-01,1.681920715210210859e-01
1.286846143647537577e-01,9.059581470069919540e-01,6.944193484681873141e-01,6.959376474385992051e-01,1.932015085523238196e-01,9.629894875863280745e-01,2.967489800420324286e-01,1.683652096946540444e-01
7.702377465621643160e-02,8.880653592134768459e-01,8.805963237652827402e-01,8.118353686806967229e-01,1.695958655731022169e-01,7.107011670265919179e-01,3.286927863682191364e-01,1.689455956775245959e-01
6.665831463521956768e-02,5.767048549447659767e-01,7.340543293044408113e-01,7.418251311241742529e-01,2.570609217072279407e-01,8.375231490399889234e-01,7.038954124838575632e-02,1.696642672066864810e-01
7.925144703754960496e-02,7.264835016812790647e-01,8.686003646367170816e-01,7.316657787985425543e-01,1.924156660488460791e-01,9.086766937614770834e-01,5.536862082484949044e-01,1.679533643854450864e-01
6.726087673974018299e-02,6.518605176138891899e-01,6.994309159192934056e-01,8.417312351864695286e-01,1.836996074751381103e-01,8.004441653902303333e-01,3.829917000415690165e-01,1.688363904857789477e-01
1.212341228466625453e-01,9.978962247346254699e-01,7.860255176172648017e-01,7.714697019065496209e-01,1.319982236369453554e-01,9.745931189467826883e-01,3.371482474330909085e-01,1.689530593010085957e-01
8.268056105935617239e-02,6.840587681249684637e-01,7.284065177589378326e-01,7.504441161631992818e-01,2.309771294502533934e-01,8.225476173992081197e-01,1.558741677715385632e-01,1.696497483650074301e-01
9.117633313497910952e-02,8.353662176418895635e-01,8.604839078844153111e-01,7.926606023954820834e-01,1.496308087630994488e-01,9.787218464275153629e-01,7.021578878237332288e-01,1.674823084206709667e-01
1.278487638128317228e-01,9.864897938665468935e-01,6.094410132131460323e-01,8.221940543860293271e-01,1.019140858376201830e-01,9.193614067180881921e-01,3.138261130214925476e-01,1.699096441955169068e-01
1.197124759559673735e-01,9.735194243711332573e-01,8.685484092181480209e-01,6.504748260506273416e-01,2.332321858906004630e-01,8.094475726243428593e-01,8.444414620783063929e-02,1.694695498229765451e-01
2.055015710445176613e-01,6.835303619219341709e-01,5.139639372826121377e-02,7.493339039929385326e-01,1.690291419113104654e-01,9.830597091366883866e-01,2.276073791969783766e-01,1.684997796725864749e-01
1.420440417369445429e-01,9.534064311752518117e-01,6.431825386695452229e-01,6.881475947161195261e-01,2.045995072512345192e-01,9.954498186244405966e-01,1.724305182286534066e-01,1.686085353959605182e-01
1.270762912189944693e-01,9.983100512222301548e-01,6.698961238147660424e-01,7.208610512370905443e-01,1.418121609222447177e-01,8.634132058158434653e-01,5.787476197676896250e-01,1.677115108396570742e-01
1.063577165548505593e-01,3.142752278198744920e-01,3.676778113138134962e-02,8.642757236836340340e-01,2.048864846406072138e-01,7.363173779709522027e-01,2.105552512395343634e-01,1.683806915206932653e-01
1.302731099579884644e-01,6.557250707310492421e-01,4.273653169327370493e-01,7.171149829574060552e-01,2.088016391456888887e-01,9.567656737739581585e-01,3.035142263158036036e-01,1.689529274432447770e-01
1.062612736114974810e-01,8.965396213517341506e-01,7.395247776665918593e-01,7.187209918799988273e-01,1.786356795183871027e-01,8.385893940887009235e-01,3.210269317256724819e-01,1.683723409740330579e-01
1.298260757603323656e-01,9.990987010108816069e-01,6.209874509933357434e-01,7.008784424047102002e-01,1.738346468308908932e-01,8.170878176201212817e-01,3.088651951974840104e-01,1.684744322488176405e-01
1.118963170482337732e-01,8.793329639616001003e-01,4.987416119804540804e-01,7.785433279807257856e-01,1.513373919211631335e-01,6.857219599598843862e-01,2.898249919566566746e-01,1.699101924771910521e-01
1.062901902049156605e-01,8.753675657724887538e-01,7.501183278545865418e-01,8.031250013353727901e-01,1.422855884740706067e-01,9.567091827166963602e-01,5.497482743676844752e-01,1.680081368816098430e-01
1.521125240166734671e-01,9.897401260878220253e-01,5.537826625838049299e-01,7.061687819770290364e-01,1.785087245884573182e-01,8.789831930801841331e-01,1.665387095104520765e-01,1.693096257288110029e-01
1.001081313150513213e-01,8.641529126186966447e-01,7.521317563537763817e-01,7.251234020818463355e-01,2.181056779388627909e-01,6.842591821098732430e-01,9.007024036286448432e-03,1.705911578206813772e-01
1.522779965137250335e-01,9.945696699273400831e-01,5.399394927389589149e-01,7.158586976758333220e-01,1.830315443392142583e-01,9.120588055595233445e-01,1.419042661772195735e-01,1.686944045089249500e-01
9.357521288204964649e-02,9.901424739516128115e-01,7.747081877528008143e-01,7.631341682402112969e-01,1.618248655244057532e-01,5.752423783999881524e-01,5.573056127521150982e-01,1.674604905660701804e-01
1.333697961921395669e-01,9.772614343440154672e-01,5.262363369154844372e-01,7.679267036963719484e-01,1.428530513106444910e-01,8.272133841237615526e-01,2.757998771451154463e-01,1.691796019452110333e-01
1.053701831607826434e-01,8.404352880181720220e-01,6.132161725050467860e-01,7.088410484232234854e-01,2.011870341930360462e-01,7.183678020381070173e-01,1.246105719174803172e-01,1.700732229495043601e-01
7.969694782780978315e-02,8.405795674164511233e-01,7.563540782410465013e-01,8.434749785056292470e-01,1.593098987921938159e-01,7.295698540611786909e-01,2.405903717426332578e-01,1.696018787661592864e-01
1.211365346538881421e-01,8.225346579477471609e-01,3.656600818572519618e-01,7.985392877321415561e-01,1.525833786477032161e-01,7.250629022631556175e-01,1.058403267653145463e-01,1.700388949354409984e-01
9.859236349385587517e-02,6.300992400305489571e-01,5.722985784422454092e-01,7.628932910313245275e-01,2.095854458019916489e-01,9.308505204697034019e-01,9.401825211906308932e-02,1.697833935758837343e-01
1.071484488668986573e-01,8.803750070612244016e-01,6.278561850161339386e-01,7.710095497750305560e-01,1.462039149726341580e-01,7.533073127054344953e-01,5.368195563322550878e-01,1.687507299991419241e-01
8.818561979639005788e-02,8.527718325663836696e-01,9.357542350493359695e-01,6.987569687929864326e-01,2.123294204467276458e-01,7.295117262707061512e-01,2.896153735767231230e-01,1.700705669830209765e-01
1.135590214812276927e-01,8.419417735290796179e-01,5.429967794587926555e-01,8.028969000386980692e-01,1.275283092120506612e-01,8.852185681712483323e-01,3.168337644910509399e-01,1.697041365295225424e-01
1.124911165496087634e-01,9.958789112541236443e-01,8.858090685871721215e-01,7.525800436858072207e-01,1.842847880521174542e-01,8.571146195858683203e-01,2.767975181433646736e-01,1.686099672065605182e-01
1.163981768504991354e-01,4.382828797849306346e-01,3.859953920311000042e-01,6.981193392516427121e-01,2.624273728110111947e-01,9.818520015374981869e-01,1.743597144989077197e-01,1.687854145492331814e-01
7.143874656356682951e-02,4.487044541328906733e-01,6.324919308062606493e-01,7.751537395107573891e-01,2.534008420217215840e-01,9.898107257456365549e-01,1.001048685819387607e-01,1.692057530587089964e-01
1.132284019105997824e-01,7.362692316885255384e-01,5.862905672035221283e-01,7.222323096026548317e-01,1.711767112805920865e-01,9.282318379980035727e-01,6.240108159334968319e-01,1.679977225598785762e-01
1.092097926132046398e-01,9.266752011649181942e-01,8.045989897747540809e-01,7.370091362559187953e-01,1.782978226044119874e-01,8.932230016093697378e-01,4.684190243064903503e-01,1.678368520708462541e-01
1.967416525628274404e-01,7.836928092045667427e-01,1.914116296116172289e-01,7.007221309597693182e-01,1.923690764813663356e-01,9.844324242034181438e-01,1.323676975653688415e-01,1.691802779055483763e-01
8.535317338674903997e-02,9.785087058051917808e-01,9.113840436027429437e-01,7.789430436719433359e-01,1.692748485469372788e-01,6.667307329397311744e-01,3.655501568572185334e-01,1.691143243323264544e-01
7.779404816519305821e-02,7.465219294257098293e-01,8.220740274416381554e-01,7.956384813743838658e-01,1.695816288535253458e-01,9.221840651351923546e-01,5.320047164228021153e-01,1.675380496510013584e-01
1.150814935270508960e-01,9.989322019909667727e-01,6.689061102666106207e-01,7.695010161468990306e-01,1.612808769752203664e-01,7.896982272388676227e-01,3.173102469827757122e-01,1.678190229216831586e-01
9.100445722113507940e-02,8.658314011975296598e-01,7.468301941784587505e-01,7.731340323981785723e-01,1.719020811223680723e-01,7.414700808350058736e-01,1.872731071015722726e-01,1.694059460789585358e-01
1.492105748763875583e-01,9.942110054670034724e-01,5.252255125524054602e-01,7.323187007408848981e-01,1.272786522278119559e-01,9.103010417752126493e-01,5.747186785949141008e-01,1.682338936785766070e-01
7.702107064587399021e-02,7.510964819920792346e-01,7.987904709212472198e-01,7.909196426681294190e-01,1.884411426496555297e-01,8.528330290622548882e-01,1.964745693867589182e-01,1.697625990664000384e-01
7.981717996056089670e-02,9.434581676278964713e-01,9.276570638695571525e-01,7.972810138430209692e-01,1.793390084130342677e-01,6.196304130018995826e-01,2.063050892439810824e-01,1.699754280590982658e-01
1.003287984592040327e-01,8.837745699173470415e-01,6.581437089256704231e-01,7.935246543101601713e-01,1.373490027207822373e-01,7.634305939902846783e-01,7.176889068947014394e-01,1.670578266763256547e-01
9.545395897561279042e-02,7.971822162730037853e-01,6.544866411287566521e-01,7.713211158018018487e-01,1.604517927276871148e-01,8.217763083611407948e-01,3.223589616117953915e-01,1.693959107951376886e-01
6.805866780376884639e-02,6.209997347802590495e-01,7.848404546320957298e-01,7.568538156931891026e-01,2.375053403974872746e-01,8.930853310078649132e-01,2.878103310432835737e-01,1.677968676528342751e-01
9.955613351661474208e-02,7.587726734747258783e-01,8.162778052607744250e-01,7.040615528471121376e-01,2.088541494890784056e-01,9.832287008860091104e-01,2.912174125084805998e-01,1.698147731014160167e-01
7.986242361106477006e-02,9.239288510444676472e-01,9.380491504880255071e-01,7.894469602952844944e-01,1.623464861450213681e-01,6.874418674873555846e-01,5.570776062876144907e-01,1.682975717750196110e-01
8.868455794993868047e-02,8.812830654411889508e-01,9.288212759786510508e-01,6.900513668255373601e-01,2.345127624689695711e-01,6.755928926064008744e-01,2.999653875751020493e-01,1.683839058585863413e-01
8.761266733907907556e-02,7.929110943752946117e-01,6.366638186111722719e-01,8.034283279507945519e-01,1.522260294765343802e-01,7.823012401670412785e-01,3.504435605444737312e-01,1.690108060955301250e-01
1.565068524505308922e-01,8.978133434682876723e-01,3.975714263231530099e-01,7.182022296929203575e-01,1.678114750272154954e-01,9.231023438752808952e-01,2.669763273622127175e-01,1.686069841406962477e-01
1.339224947624577944e-01,9.883230139354182153e-01,7.051474738350240745e-01,6.961221693809385158e-01,1.796992601654853750e-01,9.576399858784125918e-01,3.606266811612724998e-01,1.675215326285914297e-01
1.294900363008803790e-01,8.834222761736700846e-01,5.471135073136479399e-01,7.840189920603078955e-01,1.289574239130642508e-01,9.300051062352221454e-01,4.642289809115867083e-01,1.689355494252330891e-01
1.174646185854330699e-01,8.254700526563872875e-01,5.561818984871891303e-01,7.346902812902516011e-01,1.769882424033601409e-01,7.891539060425279972e-01,1.278863213400820431e-01,1.707562534573164592e-01
9.838144041626303848e-02,8.179874673233507032e-01,6.330277525878231781e-01,7.856598844044258012e-01,1.595490919979598854e-01,7.743251921441561825e-01,3.587106843254327937e-01,1.692655001605971044e-01
1.175760671620342812e-01,9.615859030232831728e-01,7.273244520789228229e-01,7.373944741398947844e-01,1.476710129873239907e-01,9.364779552345314784e-01,6.397582293252357388e-01,1.665542269352846827e-01
1.099910202393824948e-01,9.633451682393601168e-01,7.979115056744512380e-01,7.837666235993572261e-01,1.114620578235901022e-01,9.798970671142580580e-01,6.645428444262451162e-01,1.675245285900039960e-01
8.148430243402376982e-02,8.522263705904139508e-01,6.825632435756758820e-01,7.750105347328728467e-01,1.936373590832043690e-01,5.730573977788265827e-01,2.081666242118841992e-01,1.689694475047102684e-01
9.266253271687394100e-02,9.717734854814690237e-01,8.728184323448949788e-01,7.451805468803947008e-01,2.087278902981448137e-01,6.325032566148972579e-01,2.042480743507854857e-01,1.685693003382499333e-01
1.237024367720326035e-01,9.202196970740075255e-01,7.344672617777474599e-01,7.759955624676092567e-01,1.437075411991644847e-01,9.932191407744863643e-01,4.821909027054410712e-01,1.687672269016186055e-01
1.257461880414143807e-01,8.182486388259383459e-01,5.647360789668339764e-01,7.799884775718336494e-01,1.590997353400305236e-01,9.848357371502983737e-01,2.001327261191701845e-01,1.695091641885110301e-01
1.041812584103141981e-01,8.230133651576956311e-01,8.854662721210957432e-01,6.476695680227613217e-01,2.612306122656862239e-01,8.884938880965109753e-01,1.423781497181678124e-01,1.687829639401007276e-01
8.753438786538922378e-02,7.030980304379895740e-01,8.433206347357019572e-01,7.203693981188106221e-01,2.345168467139979729e-01,9.944735336274597159e-01,4.232737337914577180e-02,1.696558979758787944e-01
8.327152387783552656e-02,9.040529886856922825e-01,6.548744778137967071e-01,8.556756070678521731e-01,1.380251506119428984e-01,5.632091845607122282e-01,3.066292149607923179e-01,1.698680770378217797e-01
1.074324104357521903e-01,7.839134156352963734e-01,6.042322648435221044e-01,7.901291610340225313e-01,1.730028007834442938e-01,8.812496262192759389e-01,3.979099609297944706e-01,1.681899620475135471e-01
1.211231260662171405e-01,9.741659875437603811e-01,8.461534119318616654e-01,6.931211816122000435e-01,1.560262076714551971e-01,9.683582350544239770e-01,4.338537003293079786e-01,1.692082627695692676e-01
1.180120723092903667e-01,5.615239361059688461e-01,3.750212491577019081e-01,7.270560107170830344e-01,2.113905652925017475e-01,9.168076292944933314e-01,2.658492977344198427e-01,1.689152783579625228e-01
6.424825991269184078e-02,6.966651183427275962e-01,8.431775266267744762e-01,7.875591744596313060e-01,2.039191314109485287e-01,8.042832839793162547e-01,1.925970693627419295e-01,1.701186009986492553e-01
9.645880208682947043e-02,8.999468470757584493e-01,7.482947200584376679e-01,7.810128270840920317e-01,1.606949627077894904e-01,8.371292721672813908e-01,3.602819505859238824e-01,1.681643751028359668e-01
1.045509266918667191e-01,8.375364113834116164e-01,9.435522334245161069e-01,6.482743576515446193e-01,2.410939188292546276e-01,9.789864364218003878e-01,5.345785568914868113e-02,1.695004448628947835e-01
1.261197378104834677e-01,8.040336822440637965e-01,3.058203650438627852e-01,8.004454575269331906e-01,1.500495886492398956e-01,6.749465640402521061e-01,2.743404021506937185e-01,1.701999061345250419e-01
1.305779459752159366e-01,9.232356180331560136e-01,7.067056264068853899e-01,7.284911615763205450e-01,1.724498287214783765e-01,9.600266679354483301e-01,3.508268253313526208e-01,1.692353620172675488e-01
9.986866881441908150e-02,9.008814802578961611e-01,6.321316795321407778e-01,7.754928974029634547e-01,1.605043250212035422e-01,6.638771492872543867e-01,2.993506186432571270e-01,1.698793821656749969e-01
9.679028470990663768e-02,7.279513253431219022e-01,7.063399262217356922e-01,7.575900072104093663e-01,2.030726844458827784e-01,9.395951199598474579e-01,3.737853604361102700e-01,1.674697017615060513e-01
1.358086495124745385e-01,9.478112835060620300e-01,4.794899856137344596e-01,7.393184967212216296e-01,1.595251222848440009e-01,7.977330407352981601e-01,1.105126845254146839e-01,1.699761065722250608e-01
8.957694634709625903e-02,7.641248625084262613e-01,7.482675910038496525e-01,7.445419670185547956e-01,1.838908854846313667e-01,8.864106293833852179e-01,2.548812774885532706e-01,1.695729963311988220e-01
1.097057501247917649e-01,9.811227923455929645e-01,7.078366392866325407e-01,7.985503792221628760e-01,1.159657343702630711e-01,7.998370728498687132e-01,6.821309768043877231e-01,1.674050674615716883e-01
6.313531483011511347e-02,5.663137796603020524e-01,7.782572164020299388e-01,8.061722000344793138e-01,2.164797484155017160e-01,9.824510611454869702e-01,4.415099392355198993e-01,1.674548949652430729e-01
1.098004906072678616e-01,9.363968020863610020e-01,8.467651575543810871e-01,6.825330862967651235e-01,2.197228873629207269e-01,7.430877870545768982e-01,1.481759499872895014e-01,1.700663099676492929e-01
1.729624164534520891e-01,7.357522501444822005e-01,2.333458616857465029e-01,7.185065954920836218e-01,1.812635798209200899e-01,9.082284591773535087e-01,4.092509782905440763e-01,1.687999725388407979e-01
9.925263919588364625e-02,7.876492974491370314e-01,7.223813439237047884e-01,7.807965666601944799e-01,1.665732109434183150e-01,9.206188460627779957e-01,5.683004115671186351e-01,1.673362058309214584e-01
1.346209560684872297e-01,8.699382476137856868e-01,4.951594855824548724e-01,7.996800223213373915e-01,1.029095568609620925e-01,9.867448483923333402e-01,7.599894128569111285e-01,1.671923634492224475e-01
1.259151658575328459e-01,9.684162284081397898e-01,7.624156356229427889e-01,7.438695804632118325e-01,1.687998505170742458e-01,9.208038562220750567e-01,2.106219754495806396e-01,1.693436757056943076e-01
9.461447232209990732e-02,6.902963077118959845e-01,5.077197993832575085e-01,7.562620718800092678e-01,2.214756777849241631e-01,7.084486166556711595e-01,1.091956107094027573e-01,1.694701816409928397e-01
9.868785633790834455e-02,8.727016906912972161e-01,7.430987719078903098e-01,8.220740736420504291e-01,1.355861979471080780e-01,8.515480786495360777e-01,4.837991034323140260e-01,1.689947015022506549e-01
1.082824641816150790e-01,9.671692687865531823e-01,6.294713694956683980e-01,8.563482315350570140e-01,1.107504416807668229e-01,7.923506775246254019e-01,5.057066447757012639e-01,1.678675752582196035e-01
8.667077422748978299e-02,7.093444051127923977e-01,6.649584513307925659e-01,8.104882981269622144e-01,1.397292193428826268e-01,9.142714517688083076e-01,5.821829400885224493e-01,1.687319418608553001e-01
2.082075310762611098e-01,8.545047741796538698e-01,1.023229093001250534e-01,7.600930494370072843e-01,1.272059488033046026e-01,9.389994827833031410e-01,5.609978301868935313e-01,1.682289923218325822e-01
7.812374744066290233e-02,7.084229511543345126e-01,7.755676631699137680e-01,7.611988062352428308e-01,2.325448309542478831e-01,8.208697045363266831e-01,2.630159693507344576e-01,1.677889834803681646e-01
1.136999809850192944e-01,8.227229790884220684e-01,6.158488204194098037e-01,7.857779067817353136e-01,1.266286894334146540e-01,9.263296160094499632e-01,5.189328524556052757e-01,1.691861352220190573e-01
1.382053683552406098e-01,9.852434275622861115e-01,7.715752895910146236e-01,6.675543009909260528e-01,2.068547876489194026e-01,9.203858066196182186e-01,5.001023061881670895e-02,1.703790247919737821e-01
6.247371524400843062e-02,6.677143919119185034e-01,7.672252498823945999e-01,7.915645588861336401e-01,1.949469852850528595e-01,7.448530939844771881e-01,4.990581628472244846e-01,1.680640748055698686e-01
1.245708672852138127e-01,8.568857471143088711e-01,5.252676939178267945e-01,8.011790360351805917e-01,1.194430120132279199e-01,9.648410882828093449e-01,5.461836113646675317e-01,1.675512666035695875e-01
1.246146364369095372e-01,9.964906343151791468e-01,6.155513738497293552e-01,7.251637501417335097e-01,1.825444137412275680e-01,7.716282046136775374e-01,1.623368818182858997e-01,1.688950053920866834e-01
1.165548333255612828e-01,9.989410100478748333e-01,8.561244124260254384e-01,7.144211016546413440e-01,1.826365536519776733e-01,8.072995625309087320e-01,3.182674776513568782e-01,1.687560725729911615e-01
9.240086834529981363e-02,8.998205792600992847e-01,9.381315037199988716e-01,7.421124002759098559e-01,1.777339450449576808e-01,8.922247188876564206e-01,4.481718219343933107e-01,1.687396094316859219e-01
4.974973896745083640e-02,4.782257476201504098e-01,8.502052054048424568e-01,7.820447472716944848e-01,2.546975165817351727e-01,9.347588645271657226e-01,4.311920475882846104e-01,1.680573114976256222e-01
1.493973557769478488e-01,8.736416061510940967e-01,1.291650800374198882e-01,8.090102868892988797e-01,1.197451050021936109e-01,6.337442355597177057e-01,2.592648746978243879e-01,1.698563922712639229e-01
1.022218673451764093e-01,8.987023699332880033e-01,8.147502571630349522e-01,7.993401688412142825e-01,1.589601288177664440e-01,9.761112277595674902e-01,6.865289485506586020e-01,1.657848561385152075e-01
1.592282399434408746e-01,8.614681939501537267e-01,1.955236072583541040e-01,7.740867056005997782e-01,1.289415252644189602e-01,7.472018371319649743e-01,3.617965919063610425e-01,1.699832446978777056e-01
1.102663748663622184e-01,5.041565758776722639e-01,1.551280401208227078e-02,8.756618199537871128e-01,1.732698693944705326e-01,5.597367882643489168e-01,3.745666080314339896e-01,1.690298359489119939e-01
1.778535998003948626e-01,6.452020172759915795e-01,1.328318503579040133e-02,7.873560388450108194e-01,1.551638141315846708e-01,7.944348310671596192e-01,3.331755416494015520e-01,1.692170890344117107e-01
9.439274489897767073e-02,7.754768234206115274e-01,7.566635737795656125e-01,7.523871267441589739e-01,1.898239921476944647e-01,9.028378400051668695e-01,5.893468301937385689e-01,1.665793563366848307e-01
8.967922682682841207e-02,2.525895414384004556e-01,1.023257138837725955e-01,8.310226978295155442e-01,2.499374039277541537e-01,6.724558450343522953e-01,3.708371774697223344e-01,1.683749549080284513e-01
8.302590891734346057e-02,7.106359478392380025e-01,6.000747836341554509e-01,7.952707154391317479e-01,2.077608638186033974e-01,7.238994654849792987e-01,5.722294700216545849e-02,1.700769180755301868e-01
9.771103697316327330e-02,9.028585503220620812e-01,7.892606362672316411e-01,6.895744742073343092e-01,2.080550493034981074e-01,6.924229740327711990e-01,3.247103256453170994e-02,1.699453187087507644e-01
1.151116850177900386e-01,8.674612065424411878e-01,8.425395608836163674e-01,6.548745889348230875e-01,2.421564805214385940e-01,9.771171467134354138e-01,1.094037947671411271e-01,1.685244444252804730e-01
9.310874107231018049e-02,7.875830755771828784e-01,5.983919805510303780e-01,7.676735174974103071e-01,1.652441769141516359e-01,7.516157142575348171e-01,3.977621382572389397e-01,1.687095384832041634e-01
1.147861037123761446e-01,9.779180400045195398e-01,7.024831823156120203e-01,8.311861116531688021e-01,9.824228862950226682e-02,9.741737733540332123e-01,7.962251502640500522e-01,1.659630693173013150e-01
9.352427689964985802e-02,8.005846602140679336e-01,6.535948814677260410e-01,7.501240134325816156e-01,2.030091795725270931e-01,6.988376810089260704e-01,3.745044630923405338e-02,1.698369110682006744e-01
1.145921671544893744e-01,8.990452009685971912e-01,8.037850283831754483e-01,7.060875957073804443e-01,2.062076850015580887e-01,8.867801614644693631e-01,3.513308396575598458e-02,1.696529864224801953e-01
1.053459537932892182e-01,8.055842236803841816e-01,7.056988369059881139e-01,7.577417409869020570e-01,2.091072416076209806e-01,9.345572777070940695e-01,2.286819788834620615e-01,1.681029230297726440e-01
1.079864491583149705e-01,6.544489163658454567e-01,6.379900574688803783e-01,7.189336231339810146e-01,2.209669767124690098e-01,9.750921765644706696e-01,1.998648693022412604e-01,1.697396151493976435e-01
1.247121021895711279e-01,8.913174716194860459e-01,6.624115448206827628e-01,7.337381942619461972e-01,1.677058684807834210e-01,9.158651445092659271e-01,5.119491292086553180e-01,1.682193311331744712e-01
1.128277120413106183e-01,5.995132325726787448e-01,4.181998328935847553e-01,7.860958512785420904e-01,1.709149927380067546e-01,9.584882872206990090e-01,4.589493406844781798e-01,1.682241963237328941e-01
6.115478373000634432e-02,5.385555272268017779e-01,8.233029438784009724e-01,7.783916468622846807e-01,2.400927152348973082e-01,9.864685940461649372e-01,4.921750961705086969e-01,1.673016146691010675e-01
1.904948366684474925e-01,8.956668652145125531e-01,2.408991508105840229e-01,7.151642113934785217e-01,1.485676600919172696e-01,9.642971422649342372e-01,5.495859478262696829e-01,1.679715014272125106e-01
1.150525122976189668e-01,7.928487105993022865e-01,7.247201097057924812e-01,6.672555807786406668e-01,2.219017287734774690e-01,9.860118103201384043e-01,5.966621835920926653e-02,1.700924317045983403e-01
6.966562271283398278e-02,8.969062107755199076e-02,1.302521885689944536e-02,8.677257903160724428e-01,2.988425251047797659e-01,5.788187004159939253e-01,2.153363176370500232e-01,1.689500257059215471e-01
5.572310478704129572e-02,5.337105282940612927e-01,7.854632692164436047e-01,7.876536501326570905e-01,2.384168530861940360e-01,9.172369231369456033e-01,8.475799684582269178e-02,1.697543209213892845e-01
1.148740661563053128e-01,9.121071706583704364e-01,5.505645585370146922e-01,7.854927280430312742e-01,1.774058018803666148e-01,7.690532059462882319e-01,1.506307832846015549e-02,1.690957992855460224e-01
1.057535745142636069e-01,8.425510352872179753e-01,5.997053498941680161e-01,7.778813333022916998e-01,1.518851075220098712e-01,7.984221565827753775e-01,4.152303159044700154e-01,1.689921515187942369e-01
7.784855319570976873e-02,8.932025369351110911e-01,8.419342014067784374e-01,8.249431801463367186e-01,1.499742696368211448e-01,7.421547879624856847e-01,5.806264035358429387e-01,1.671016345622763077e-01
8.987262653043241734e-02,6.685757197880168867e-01,7.083679174634356368e-01,7.292545758346983265e-01,2.341143437556594264e-01,9.760852089565467127e-01,2.420229274515263984e-01,1.679595954400788238e-01
1.206778551780161024e-01,9.540273336956770489e-01,5.344004818815764057e-01,7.810337379881575615e-01,1.361770252623999422e-01,7.895651920925290668e-01,4.835975691968367185e-01,1.675873696109711486e-01
1.388333933522148123e-01,9.381774857578641935e-01,3.097930645093071034e-01,8.041350313100900093e-01,1.304019162675864318e-01,6.809662588129494765e-01,1.101697128737497422e-01,1.704182134530618509e-01
1.745915781525332333e-01,9.770687991850717236e-01,3.961340885507697029e-01,7.214119298522211343e-01,1.512291713986184116e-01,9.866019408749457931e-01,4.967545217671724411e-01,1.673473483262395145e-01
1.238986101643255872e-01,6.270682578897842641e-01,4.169535408464510873e-01,7.209553777465489421e-01,2.135601586474216440e-01,9.586621168184312758e-01,3.310813105611561946e-01,1.681018929757996938e-01
1.493732008250747423e-01,8.526061761509703407e-01,4.279835232964433467e-01,7.252670849217091043e-01,1.603730559550106960e-01,9.756834612045819366e-01,1.580961633115222087e-01,1.699305374198194774e-01
1.651358230666526983e-01,8.898043948225349276e-01,2.760736557066101882e-01,7.570832964811111676e-01,1.417451281682134134e-01,8.202638320984836362e-01,2.639597948398064164e-01,1.699159737337670728e-01
1.211041729339782796e-01,9.394992351665527597e-01,6.088826627877932385e-01,7.862968302228140471e-01,1.096101145403033661e-01,8.276444142592315201e-01,6.275063167511115703e-01,1.685643145032433565e-01
1.524707164586336927e-01,8.350930499283640840e-01,3.920528871499453505e-01,7.371165633935320427e-01,1.661002438095365297e-01,9.060133870630537878e-01,4.114477979241876193e-01,1.689007867712874200e-01
7.797053506382205235e-02,9.070345973017701624e-01,6.625260986883094727e-01,8.472348963891106477e-01,1.348206815931197733e-01,5.478882494653964930e-01,4.148999732622270509e-01,1.690956347056654652e-01
8.851782915217444592e-02,7.681435527567624932e-01,6.827187676633252877e-01,8.311325919631444847e-01,1.353504942105538400e-01,9.365175142092844185e-01,7.506731595175331062e-01,1.664363451213476119e-01
1.350335512856114528e-01,9.680901870181899405e-01,6.651438189689390379e-01,7.221528792138969255e-01,1.601421126354862223e-01,9.788370119670457559e-01,2.676409615078093607e-01,1.696124006913059534e-01
1.055424436453675924e-01,8.668640601436552462e-01,6.404628451712754966e-01,7.530396552888330985e-01,1.959168924940084544e-01,6.924134103752159763e-01,1.691907719741938265e-01,1.693142063292501498e-01
9.808709548885789775e-02,8.116000693113365472e-01,8.615556643999640052e-01,7.099850061998826956e-01,2.324411053622754131e-01,9.374535624319932925e-01,3.796536269685307774e-01,1.671197676295099466e-01
1.689519413300607509e-01,9.991533969301670259e-01,4.153604540131168865e-01,7.571857803273231990e-01,1.067630143427979322e-01,9.919988577551361875e-01,3.475962935170479606e-01,1.698705757861300736e-01
1.298005661651728815e-01,7.538547178471293186e-01,3.072174845437938284e-01,7.582122308056028492e-01,1.870969854836464219e-01,7.390304009443622313e-01,1.831651702551783667e-01,1.691374237625838384e-01
1.010891357574079108e-01,8.970962471258480120e-01,7.512987404279614090e-01,7.893613020551718540e-01,1.333526863034470711e-01,8.302759493854929840e-01,5.515783939186017504e-01,1.685180438945300951e-01
1.371381229572950777e-01,9.228454096080727087e-01,5.956785133378078578e-01,7.007863091927927224e-01,1.909986407222758198e-01,9.092166260934618771e-01,3.417723051875838358e-01,1.684451919770874884e-01
1.078186790648443250e-01,8.660194749207942300e-01,7.602820182645384506e-01,7.013250857567776553e-01,2.376501403726325179e-01,7.944276274983957942e-01,4.850552618178433084e-02,1.688186086228544158e-01
1.786064013099355752e-01,8.541800596319635286e-01,2.598687300467582562e-01,6.865084813344731751e-01,1.932631977863955020e-01,8.602918440905287234e-01,1.350069949163745786e-01,1.696200395671315364e-01
1.431999897715191816e-01,9.471806652934822157e-01,5.639098445236641055e-01,7.453094201437071575e-01,1.550125294006732823e-01,9.470890297362046795e-01,2.335206165270636292e-01,1.693202491914742591e-01
1.263855294662193929e-01,9.755125548406439195e-01,6.474051561317999415e-01,6.727628571701628202e-01,1.971294284660310980e-01,7.280310870090901387e-01,2.075432510246010831e-01,1.694537441418934864e-01
1.112597584850151949e-01,9.452419110922171130e-01,6.377453647908776224e-01,7.842773058796804753e-01,1.581356677884523942e-01,7.296926765412317106e-01,2.020980885889521184e-01,1.700584753517902503e-01
8.918614375543734707e-02,7.143767769290835234e-01,8.083687263877157303e-01,7.111050271487571184e-01,2.455802527960037895e-01,8.728514914023819404e-01,8.373254597141227551e-02,1.697808389741046475e-01
1.138987619473716267e-01,7.798568208308931382e-01,5.168268163740895593e-01,8.284274789130703365e-01,1.220064195342679680e-01,9.368553946659163856e-01,5.210894486514459079e-01,1.684972293605284666e-01
1.017968403824184992e-01,9.721704957582650852e-01,9.372253117936037992e-01,7.692272878546541071e-01,1.829688741802492358e-01,9.353639470221631891e-01,2.075301817637176804e-01,1.684698017343137511e-01
1.293084075355597773e-01,5.683832576571569151e-01,1.143592653465659859e-01,8.301242582744026155e-01,1.664540544838042924e-01,7.493565189563912154e-01,1.675775279505372084e-01,1.691534912597951190e-01
1.482812183871523581e-01,9.950520220989447218e-01,4.785529108857379810e-01,7.957007678056731148e-01,1.174979098225135549e-01,9.135890887344867428e-01,4.726288188700902282e-01,1.685504561222988806e-01
9.986385725921172185e-02,8.996836009462293449e-01,8.495742285938074900e-01,7.353124524530700867e-01,1.936539913321733974e-01,8.008979006347867191e-01,3.697788131002979761e-01,1.681305348990052850e-01
1.150016272657871097e-01,9.789162879591537525e-01,7.684247510370481038e-01,7.235649479285759522e-01,1.546796060774305037e-01,8.174330147399065938e-01,5.175912334495569311e-01,1.688005999677423263e-01
8.878058883482309316e-02,6.989478177321546415e-01,7.281237681056271782e-01,7.501963483455325044e-01,1.864504137163180975e-01,9.487269591449393191e-01,5.644866406202657672e-01,1.677649712074169575e-01
1.021130660424221237e-01,9.892156964059957147e-01,8.480889198323072753e-01,7.171863294158370428e-01,1.711654460715633375e-01,7.133007222486325016e-01,2.488371551901161494e-01,1.701033347767150206e-01
1.119249958980084447e-01,9.397265838946109451e-01,9.456888284870773598e-01,6.900983267692128997e-01,1.976595517498773436e-01,9.807862729026283199e-01,3.261502762460548599e-01,1.682517824019623687e-01
1.058198150767202805e-01,9.266930294326451989e-01,8.355776252185499464e-01,7.605180043669212964e-01,1.762467969065976414e-01,8.297710327801145480e-01,3.800388618437352539e-01,1.689311517951900266e-01
1.687692986615828006e-01,7.833864296371344516e-01,5.024120895604555770e-03,8.167027955950485474e-01,1.078138772959403996e-01,6.733576825152810530e-01,6.242033181316288815e-01,1.685682701236652647e-01
1.359363262997517197e-01,9.034110486481048419e-01,4.766641327473254974e-01,8.140162607889729340e-01,1.046418623258606323e-01,9.147646598782986915e-01,6.443117371036977126e-01,1.681906448731480541e-01
9.846345283089649736e-02,9.411099169291876620e-01,8.824052785770395424e-01,7.179029770644574926e-01,2.141283769511333479e-01,7.919475309295445076e-01,2.007443584539181369e-01,1.686054518435957383e-01
8.787103794112245680e-02,6.832882057768836503e-01,7.355472186768989840e-01,7.704608012379384752e-01,2.064371521326412440e-01,9.366694642705802876e-01,1.777643133597292535e-01,1.694186890829370018e-01
1.060778493470288797e-01,9.073586589598408025e-01,6.382357131277676121e-01,7.903933194343583102e-01,1.352021592705245079e-01,7.852930587153396091e-01,5.178918811701058722e-01,1.682051271406781456e-01
9.806176182933905305e-02,9.869178941667349214e-01,8.544539072696439863e-01,7.868841888071513857e-01,1.375596203516069316e-01,7.769701471086422062e-01,7.177782478685441614e-01,1.670595841567134032e-01
1.467850779077218837e-01,9.241770626723891935e-01,4.232784616982857573e-01,7.619921867507973845e-01,1.237862371663178696e-01,8.455066570127246495e-01,3.199760761076997917e-01,1.704725498523313176e-01
8.127242716119412180e-02,7.470566714806221587e-01,6.905976215964673148e-01,8.130692975643145637e-01,1.825582968914824800e-01,7.927784644986894946e-01,3.130242044679348856e-01,1.686678526247686882e-01
9.528794736242718333e-02,9.606553723231361364e-01,8.106152309167078407e-01,8.170917070332831544e-01,1.686034550100069807e-01,7.754810755559730095e-01,2.918456815421326955e-01,1.676280732933472795e-01
1.634712640353416235e-01,7.295905235317542425e-01,2.907570016560856452e-02,7.710270853982422734e-01,1.613777173244722307e-01,6.498409925701904566e-01,3.365775127829003233e-01,1.690603105381029980e-01
3.222892862244185197e-02,3.927541817890008446e-01,7.903669407445472750e-01,8.243932145026117153e-01,2.553843092285374983e-01,8.788054686225446055e-01,4.841736662136048031e-01,1.675060212064214404e-01
1.349583043708232899e-01,9.736690567978778521e-01,6.082206362190786253e-01,8.033157940794027896e-01,1.298807622352650404e-01,9.994527584773320594e-01,3.518235534652959240e-01,1.683480311676493202e-01
1.207093601683792428e-01,8.781245876732696187e-01,4.920349810131950385e-01,8.007569413381797618e-01,1.436560533501272663e-01,7.842944165351953822e-01,4.123731900686196106e-01,1.688928078712930714e-01
7.654809941394201400e-02,8.424416194088132359e-01,9.116358512348290422e-01,7.275823651198934927e-01,2.070871631165540072e-01,6.463756456082824231e-01,2.441336281941487163e-01,1.696756667211496428e-01
8.974066959911676522e-02,6.687520924355887519e-01,7.631454496423133449e-01,6.983021210082355212e-01,2.575258766471240079e-01,9.476757581064432223e-01,1.388840383892326058e-01,1.687599225657680779e-01
1.270573973519870115e-01,9.357922234389688398e-01,4.806422650090870219e-01,7.645414250073782059e-01,1.613782826069561915e-01,7.383431910540003695e-01,1.944660395607986092e-01,1.694969130253289324e-01
8.864582018516042883e-02,7.307930248003278173e-01,7.060496857821829675e-01,7.668255410747746303e-01,2.068624060556734368e-01,7.867198954611270834e-01,1.746856574839230347e-01,1.697450858395164464e-01
1.294739208373427430e-01,9.933155875646519917e-01,7.413799234346554190e-01,7.399533930201506182e-01,1.897824541387216346e-01,9.625262574303325991e-01,1.450894613640558162e-01,1.688379202104822174e-01
7.537800913675969661e-02,8.877608540409318572e-01,8.917182824595779600e-01,7.958280884147239664e-01,1.792022365231360215e-01,6.351312473985752938e-01,5.454931807344273187e-01,1.678772744819208018e-01
1.069628117100700770e-01,9.460938111786453275e-01,8.285258169751171797e-01,7.391440940248238389e-01,2.035842615666008937e-01,7.920482797703390920e-01,2.189072501215920119e-01,1.686832680204551904e-01
1.851305761049720777e-01,7.889962297133755742e-01,1.962314656661166001e-01,7.451135386372726988e-01,1.479990727651290527e-01,9.593504432598731757e-01,3.102495267861096750e-01,1.695881797221253096e-01
9.786516841065302785e-02,9.270997891315120309e-01,7.422389876362618377e-01,7.440582377455972063e-01,1.894512699903819763e-01,7.260808825171192193e-01,1.225007503166314626e-01,1.692432889343037927e-01
1.533486564983580491e-01,5.998542944433502555e-01,2.613719608085836588e-01,7.441579377853175803e-01,1.892082606149354251e-01,9.526035288585249505e-01,4.705592498034093518e-01,1.682267772395381611e-01
1.034473084770235057e-01,9.113159298245164797e-01,9.835300046587183154e-01,7.009160737827777599e-01,2.257250250583405504e-01,9.394839882546910381e-01,2.779150621430195867e-01,1.687065128973680161e-01
1.430632419687606072e-01,8.383611282127043651e-01,5.260447054603595296e-01,7.169359536786268361e-01,1.814922623341878039e-01,9.906754269152227010e-01,7.721944034390837430e-02,1.697293194170342023e-01
1.669088576905655152e-01,9.611653149049150802e-01,4.501811445074110352e-01,6.943847896599808500e-01,1.733452239879619550e-01,9.317487877520747031e-01,1.848962519735946330e-01,1.702346582713976098e-01
1.027307650680059081e-01,9.693230100566876395e-01,7.913050008359288068e-01,8.223188122069510220e-01,1.416255948137380705e-01,8.680918611504743199e-01,2.781614934887541857e-01,1.685750239354795177e-01
9.662951171801596739e-02,8.469831185839552523e-01,7.950022197968944493e-01,7.403327285592428142e-01,1.862120531378120558e-01,8.059131414799538540e-01,4.478922716721966402e-01,1.684318885395915955e-01
1.055503657242710391e-01,9.397782652583944740e-01,7.498580899450959514e-01,7.597122275256696922e-01,1.894576689533518377e-01,7.448147319548332757e-01,1.238448653614130646e-01,1.693455194328471747e-01
9.151578531810863892e-02,8.280491374786074221e-01,6.786279740701619545e-01,7.762246653176884115e-01,1.510580044827670443e-01,7.297916815901400733e-01,5.337075797888245487e-01,1.683798953316374691e-01
1.060260145014201433e-01,9.626279720040584742e-01,8.842173165935938162e-01,7.514822681726887055e-01,1.999939335389689377e-01,8.657745441929374230e-01,1.667029529390268161e-01,1.689229822505305956e-01
7.657952348160060319e-02,8.690211160696981185e-01,9.040058847422179911e-01,8.098341881542057141e-01,1.737498545696984087e-01,7.758004492952421671e-01,2.912405311202871938e-01,1.687791940845761729e-01
9.601849697151795815e-02,9.757672107630654956e-01,8.953967225439872779e-01,7.334699553860968280e-01,1.928212660269211787e-01,6.611515233536185976e-01,3.892615502714606990e-01,1.678763089733539271e-01
1.689629945527278687e-01,7.940674500444131478e-01,2.696608987960652515e-01,7.571940763139768382e-01,1.712660921376014667e-01,9.448551408480916347e-01,3.140340458652906008e-01,1.682678393255148674e-01
7.856983726353547470e-02,8.331055159887167383e-01,9.101077944541891007e-01,7.305998949352572325e-01,2.219370150284525056e-01,6.274015789711253621e-01,2.305188149334771730e-01,1.696092731845340040e-01
1.131193493541284706e-01,8.742351639547132347e-01,4.640697381223945484e-01,8.175378383058971021e-01,1.309230028267779622e-01,6.922031119490642537e-01,3.329793538616437343e-01,1.702289544881397387e-01
8.445789281195842380e-02,8.769316815671873711e-01,6.296647583233264678e-01,8.255028074117477521e-01,1.691797131870970416e-01,5.695343356661932699e-01,1.282716474358370495e-01,1.697470054030331688e-01
1.177190034601897639e-01,7.914164956290287156e-01,6.512825624855312912e-01,7.083752685217238332e-01,2.130383465648682806e-01,9.695498825744450766e-01,2.824778861433141497e-02,1.698984684116240373e-01
1.486849887020950389e-01,9.753120406477062687e-01,5.156878762415563200e-01,7.643456529376895237e-01,1.281349369488023471e-01,9.746827902274394217e-01,3.081666673269489731e-01,1.691933543545549312e-01
9.079648562789231769e-02,8.845206256110803578e-01,7.211688068859113399e-01,8.328839217839949516e-01,1.718904378741258065e-01,7.398798531264396683e-01,1.937476270561798997e-01,1.690121745759722294e-01
1.291673579254949411e-01,9.585301584837466748e-01,9.427220425171556339e-01,6.050647212824342702e-01,2.387759800894505846e-01,9.988541341674960217e-01,1.973909203463241613e-01,1.691981837337422079e-01
1.078723851085165442e-01,9.553233188890533079e-01,8.057228403971865571e-01,7.213280635386385420e-01,1.762842332464754636e-01,8.626772819309114215e-01,1.669147033429258797e-01,1.691078980939893228e-01
9.729119773507134694e-02,5.813850571352550123e-01,4.436647084971327426e-01,8.179870447307339143e-01,1.838108401495375244e-01,8.924437463194466735e-01,3.760467529970688005e-01,1.683315985600350728e-01
1.467654367610331523e-01,5.835867191423014244e-01,2.153155578073204790e-01,7.440872539623234472e-01,2.046752029633840952e-01,8.434617615159416548e-01,3.207968280655345006e-01,1.687982013758583255e-01
7.703043899935865801e-02,9.934650205663111411e-01,7.652082953919137065e-01,8.594837254640975699e-01,1.393073583102990565e-01,4.874933858419262522e-01,3.248159467603526918e-01,1.697793558490563182e-01
7.801315385553263260e-02,6.416643858135594458e-01,6.063496694764870520e-01,7.929722853647633851e-01,1.848002587957278953e-01,7.644277958096326042e-01,5.202130034086911436e-01,1.680872003254541558e-01
8.406966069057619784e-02,5.589608584614031983e-01,6.385290552070895798e-01,7.466680210555900477e-01,2.498567050976228388e-01,9.476182754692937804e-01,1.713869336347784156e-01,1.683080315030375251e-01
8.379925436949284268e-02,5.742105092197878902e-01,6.476046198992274627e-01,7.712852223642732152e-01,2.163493971622514889e-01,9.995492742912975848e-01,4.494572536738964397e-01,1.677626462544215546e-01
7.504059610188057450e-02,7.585248725304777340e-01,7.961900243387124432e-01,7.979651862585820377e-01,1.829683724871698502e-01,8.449399987073071827e-01,5.304726915520230346e-01,1.675116956088451847e-01
9.909429560817310800e-02,8.986022175219434693e-01,7.044412353640562285e-01,8.410780079094546391e-01,1.204067275360676537e-01,8.479591191316534493e-01,3.356505536633138664e-01,1.693185091558949140e-01
9.528836402742613121e-02,8.537529282826985533e-01,7.576753733265244595e-01,8.241091868760302974e-01,1.388935539808382469e-01,9.214485408827115531e-01,6.253895388682291223e-01,1.666470040084626625e-01
9.550338797305546468e-02,8.977681622756519264e-01,9.240629066920857948e-01,7.376165298180543672e-01,1.679959967327973591e-01,9.219977538541611617e-01,5.189073809686296501e-01,1.679149399364147088e-01
1.252822005083232271e-01,9.263986983892431581e-01,6.346583657109431398e-01,7.832442154130150325e-01,1.254402375922878399e-01,9.343060588986529247e-01,4.663380344247174403e-01,1.694013036872676070e-01
9.279259740074916052e-02,9.359655766907878371e-01,7.358491918751361993e-01,7.997322191184236262e-01,1.757837158775037434e-01,6.417248696342563452e-01,2.572955000840717599e-01,1.692083291037955461e-01
8.370774876553643828e-02,7.649512127588068422e-01,6.487238879954517756e-01,7.876135441355381905e-01,1.972404043458665379e-01,7.337742755510446857e-01,2.813743738625357205e-01,1.684789757221311912e-01
1.000690534385891423e-01,8.321026042598747008e-01,8.117318315397870077e-01,7.212160157598971333e-01,1.799447093957853294e-01,8.792592489647031995e-01,5.070787704656860573e-01,1.684189681164484365e-01
1.173317399030484320e-01,7.403888894886659910e-01,4.466176927273079467e-01,7.780480559478443192e-01,1.628094200778374134e-01,8.267069383286225204e-01,2.301637827974453709e-01,1.701379741770021881e-01
1.514744697546837604e-01,8.590058518158558698e-01,4.693376669610967444e-01,7.257944520240942055e-01,1.675489387349068104e-01,9.601552806208724089e-01,3.653125310761698996e-01,1.691105924747677569e-01
1.115402430133362183e-01,7.716145140413691594e-01,7.960865854518153206e-01,6.753037496708111931e-01,2.528394834109040090e-01,9.975694864471105205e-01,1.645356750411509639e-01,1.683169144710165988e-01
1.288888981396139333e-01,7.247734620608574652e-01,5.283027540967841773e-01,6.761957422375549642e-01,2.133347120021311938e-01,9.321706393326956164e-01,1.331841278819939356e-01,1.698444167056222531e-01
1.211194703859404670e-01,8.447241472198402379e-01,7.875762897143543384e-01,6.618875009252938035e-01,2.262753600771162943e-01,9.605399534005746309e-01,1.751147291839775244e-01,1.698263684282481090e-01
9.398520374459182203e-02,8.206185139523871630e-01,7.032953109135333669e-01,7.899159416613609208e-01,1.812557584049813431e-01,7.987832270411037161e-01,1.583781721896411754e-01,1.693754901661758128e-01
1.040560680477609912e-01,9.730471768431753210e-01,9.210915318199514035e-01,7.554684774463492625e-01,1.709420233711305970e-01,8.339542390909135960e-01,6.021781602650231324e-01,1.673074795697341299e-01
1.021193081534687713e-01,9.344316898467337484e-01,8.305179939786369037e-01,7.354321982838962768e-01,1.874046706175367671e-01,7.766285268092861793e-01,2.181893020311812259e-01,1.696896534482003616e-01
1.314126030684244217e-01,8.925283223908466734e-01,5.362624051171402950e-01,7.740054557724135309e-01,1.462189313005232971e-01,8.710342393933441230e-01,1.397449962256310796e-01,1.706812485568694748e-01
1.006364993597309854e-01,9.162416107007906874e-01,9.639731170771249635e-01,6.420019483126433446e-01,2.497864153849581881e-01,6.884391855113147773e-01,9.471485790438824437e-02,1.697534349123457631e-01
8.370679151748952607e-02,8.097965042641328548e-01,7.795007810731530151e-01,8.217807431404482443e-01,1.401505662449180900e-01,8.802528649841514508e-01,6.304636188821119980e-01,1.673734452424922303e-01
8.089522325795264757e-02,6.468034365720285450e-01,6.528702901707191808e-01,8.064317180182546396e-01,1.893257029992592988e-01,8.483259514881145158e-01,3.362730699060741402e-01,1.695812546827773770e-01
8.539027492298134625e-02,9.152751774091221204e-01,7.165933394251191579e-01,8.087200939483937256e-01,1.836451627408137721e-01,5.774339320907571071e-01,2.830331670714393288e-01,1.686768046366230178e-01
1.009083889445464843e-01,9.896110045704862301e-01,8.314203306473412214e-01,7.762594812371860220e-01,1.467857125656567563e-01,7.118912973594970772e-01,5.867782503985639053e-01,1.680169372794542426e-01
8.994451938692550608e-02,9.162355460102233895e-01,7.863226601830544116e-01,8.468590861111908730e-01,1.225410826250190321e-01,8.252448981297239028e-01,4.775158738147578519e-01,1.685635838297900868e-01
1.257772930555373092e-01,9.959509761990226195e-01,6.583233110863531135e-01,7.623645387127082618e-01,1.451831278004712678e-01,9.008263252051400549e-01,1.926782293395035150e-01,1.693110996743322494e-01
1.758918504746244116e-01,5.919480599686868239e-01,1.061708335260077574e-01,7.830976565881933027e-01,1.792380746288026461e-01,9.634016813283545755e-01,3.426442312111711574e-01,1.680494019700154440e-01
9.134653113388137291e-02,9.493226045316286443e-01,6.272385040247669963e-01,7.898438804628412635e-01,1.691551284630853913e-01,4.985887168174821804e-01,1.195532948550998564e-01,1.702181642579090048e-01
1.141563272022926845e-01,7.761916793471782539e-01,6.938707543836447611e-01,6.971443590945524127e-01,2.005585920855038340e-01,9.948590118162531359e-01,4.217217595979833034e-02,1.702040847723365613e-01
9.381006736396800549e-02,7.663152343242922715e-01,8.968467522579131046e-01,6.596464356300726362e-01,2.295349693178999062e-01,9.167739097223587263e-01,3.257385202152498493e-01,1.692134272131048112e-01
1.754279738008699130e-01,7.635281716391228990e-01,2.926393582844175056e-01,6.775103411929677133e-01,1.860090581992684677e-01,9.535053365675839609e-01,4.864233834052830718e-01,1.685299283688189709e-01
6.395726186856333373e-02,8.039281307931424037e-01,7.742105751858171514e-01,8.172129910471793712e-01,1.908989312991913045e-01,5.322866677223816456e-01,3.642620444797824986e-01,1.687795142022604500e-01
1.375787286518500296e-01,8.175512732340701749e-01,3.810191365650022477e-01,7.361642047001076827e-01,1.708121001258557925e-01,8.044729493722594382e-01,1.834546132183341449e-01,1.700090090146945121e-01
1.215623928773924833e-01,6.696931556472294211e-01,5.068521399340157885e-01,7.268590663358137638e-01,2.189601682989390230e-01,9.767408166016032789e-01,6.133867741041643118e-02,1.694574291834432256e-01
1.253143870581781838e-01,8.272909393721610272e-01,6.554655137612687144e-01,7.139703674925785837e-01,1.847127353192258570e-01,9.880279607312068002e-01,2.689026376080759784e-01,1.692639329809609294e-01
1.667516365050712435e-01,9.316303633587341704e-01,3.578492316199899936e-01,7.053859965569003743e-01,1.746135616247960487e-01,8.525772244317179061e-01,2.078707512297998106e-01,1.692315633733782465e-01
9.700211813486779577e-02,9.031856117583396681e-01,8.364149683146144820e-01,6.962280895065265929e-01,2.395374937044258967e-01,6.467694689611940273e-01,8.545328449174294239e-02,1.696462967684816692e-01
1.037642472883654604e-01,8.320809723507716082e-01,6.852802835531173198e-01,7.226176451978395532e-01,1.857876082830340614e-01,8.123922964886058917e-01,3.383094550331339212e-02,1.709322094639618428e-01
1.591902033117396642e-01,6.474904072459476412e-01,2.596462374494082903e-01,6.994012967138769632e-01,1.966793819266693388e-01,9.433246961910188855e-01,2.154784125683003038e-01,1.695174353626613950e-01
1.068739544848697209e-01,9.892010074634413064e-01,5.871361753039449072e-01,8.083412913537152411e-01,1.685413187330069840e-01,6.201804821928676992e-01,1.369509856752270938e-01,1.690361275935232666e-01
1.379956290125618767e-01,8.844846240700878770e-01,5.496374143348341512e-01,7.426997657196283686e-01,1.415875643731756006e-01,9.707708015143422520e-01,6.721629268190325579e-01,1.669242098028851651e-01
1.881640996817195155e-01,9.728422112807708633e-01,2.947734982315431407e-01,7.444926191413102634e-01,1.328371270321839770e-01,9.285239534267011319e-01,3.524254089638145238e-01,1.699429996393464759e-01
8.344024171001590551e-02,6.814664157031167235e-01,6.668329767672974695e-01,7.871777000343521680e-01,1.855879605692203893e-01,8.594872127071095935e-01,4.582871752812543442e-01,1.686460645084534304e-01
1.037794730520589515e-01,8.269954072889561525e-01,6.961150961651219049e-01,7.682030479517415467e-01,1.969928459284953637e-01,9.172259170268364237e-01,2.747683094882800159e-01,1.680796887392587147e-01
9.279239672079664381e-02,8.762156494452046918e-01,5.449215716697440870e-01,8.528274189112664549e-01,1.122481452190275536e-01,6.503857313587884104e-01,5.616986261604167696e-01,1.685952089424715417e-01
1.065352612877544791e-01,9.233421594084755268e-01,5.972188179934032615e-01,7.951023924383759933e-01,1.337068947484435499e-01,7.526017326721854417e-01,4.638584729974469800e-01,1.682648708514285774e-01
1.495574228219430368e-01,9.242792928703984501e-01,3.800533976038635298e-01,7.129586557078134712e-01,1.676563469217540181e-01,7.463981886405943733e-01,1.054905732847863653e-01,1.703806303175773307e-01
1.038570198925583554e-01,9.454413713030342947e-01,7.302067093245225848e-01,7.530233424493637528e-01,1.713280322788545695e-01,7.523270087359573699e-01,2.898395193080210985e-01,1.681004862226585239e-01
9.690756048473742057e-02,6.583783786683026218e-01,6.318773881476201781e-01,7.488493633098834978e-01,2.155425916505852024e-01,9.480726565899109115e-01,6.907163948258931985e-02,1.699305562531225888e-01
1.006699392989313657e-01,8.903311355961213147e-01,7.660957002708983499e-01,7.956144470746089326e-01,1.538834378758956456e-01,9.738734428917015240e-01,3.908960623295678616e-01,1.680291916217184212e-01
8.891141760848321474e-02,8.862236730715822297e-01,8.218792990961509837e-01,7.308478634488504433e-01,2.216331950795357164e-01,5.846203894146576596e-01,1.573925971377489741e-01,1.698032207630689461e-01
6.530284734061556073e-02,8.916900529567659550e-01,8.460001047227323490e-01,8.145494750122912464e-01,1.791492038201167591e-01,4.861352447397217502e-01,2.612774787892084283e-01,1.699093402864541857e-01
8.449774458432131319e-02,9.592959381636847471e-01,7.383011606790141901e-01,8.865959933046195784e-01,1.137333365384453204e-01,6.704900959050056342e-01,4.897602784451172697e-01,1.682898356782658311e-01
1.190418310350496306e-01,4.234936348385893723e-01,1.764555296487629321e-01,7.956399594121150720e-01,2.134389995191973977e-01,8.222180413374532426e-01,2.475737013252015672e-01,1.690741838030253852e-01
1.082471187875802959e-01,9.155647251044793933e-01,8.383716669626846141e-01,7.081447867822303621e-01,2.102106284923619950e-01,8.694976626627696215e-01,1.202532249180166823e-01,1.694584047421685002e-01
1.010699587985220277e-01,9.699464303846502267e-01,5.751381346605416445e-01,7.674300317776119318e-01,1.747577594490002939e-01,5.252446520517732864e-01,2.054922509714616485e-01,1.695665434879928823e-01
9.324944970132843791e-02,9.223117288579787409e-01,7.767622746275220091e-01,7.494447853231956946e-01,1.929209800417152620e-01,6.606072525526960337e-01,3.183864657778263108e-01,1.687344052791031890e-01
5.468402655497731774e-02,3.549057885802883172e-01,6.120402601758715422e-01,7.789525710472744446e-01,2.615834737874093152e-01,8.872289277500866600e-01,3.414939907528442009e-01,1.688085437880238737e-01
1.161590064029230374e-01,9.736364871930949239e-01,5.909198325481117564e-01,8.120043525108729954e-01,1.574149369719563540e-01,7.616032101886476280e-01,4.630902811297799015e-02,1.692981068140024525e-01
1.151523885518548895e-01,9.383208494610715267e-01,7.734654603402530970e-01,7.562161226333757869e-01,1.786532780448275293e-01,9.158562917055976804e-01,3.650430979995969438e-01,1.680349624578823531e-01
1.065676873062490204e-01,8.050480397919653752e-01,6.727995225496778975e-01,7.621483843641436717e-01,1.878478545827216573e-01,9.875042681956944790e-01,3.762416399362417119e-01,1.673237299983005577e-01
1.234815394757867585e-01,9.747183816383178101e-01,8.809015821131668256e-01,6.862356532830444777e-01,2.049680165779481644e-01,9.550269268714252080e-01,3.950117822938529200e-01,1.682885387354050577e-01
9.160721752606983126e-02,9.058485446011408371e-01,8.265159062125586598e-01,7.385078127639794765e-01,1.803119715765716946e-01,6.949201451382037709e-01,1.648342105652612077e-01,1.708634930562627496e-01
1.168892763637762039e-01,9.350367328140627432e-01,6.620503044181507146e-01,7.493648641157515389e-01,1.583805531640830877e-01,7.901136186323899357e-01,7.077058478918984985e-03,1.713237320030737143e-01
7.585139990508224517e-02,9.948045275613690563e-01,7.859637476469518713e-01,8.568784300419485245e-01,1.447288975155497370e-01,5.384207427529155154e-01,3.426522742858483239e-01,1.681910264079514716e-01
1.408730404041128037e-01,8.990673511786451133e-01,5.736434083175134813e-01,7.301158899213979758e-01,1.667432073716698937e-01,9.907558891881185215e-01,1.869788704080551645e-01,1.700563961102307120e-01
9.751919993070039261e-02,8.507940038049920384e-01,8.294344347406440443e-01,7.691790736239048076e-01,1.751729452581976265e-01,9.377927327600995566e-01,4.007176569618787210e-01,1.687415023046413831e-01
9.260566647468192192e-02,8.991883763452238609e-01,6.960948247922542631e-01,7.484395562382267775e-01,1.667241303798019658e-01,6.319591327951361581e-01,3.350172035056392938e-01,1.697243843678918895e-01
3.565740714414482315e-02,2.646449326317800166e-01,6.788037865983098662e-01,8.333865357822198838e-01,2.703599141756186652e-01,9.727832055980205617e-01,3.856678073019413899e-01,1.683480232814992261e-01
1.148502164540798065e-01,8.634040595206742275e-01,6.601883060297766281e-01,7.450291909516644218e-01,1.511209258911259123e-01,9.815246886422726025e-01,4.475982292600541590e-01,1.686369649432493123e-01
1.134475258501223410e-01,9.126042835637246942e-01,8.199879264412659463e-01,6.903421349640566085e-01,2.131037550275620418e-01,8.499126140428424625e-01,2.462387490182386673e-01,1.682978894072263698e-01
9.366510235838272636e-02,9.509706496693881572e-01,7.580057758774987331e-01,7.617692891509121322e-01,1.801835601406270304e-01,6.026694873118161322e-01,3.704712422483222301e-01,1.679920286316248790e-01
8.422000426923520466e-02,9.465009359769491759e-01,8.668754227140601509e-01,7.434776574917774106e-01,1.949654429901489794e-01,5.726625651970040920e-01,1.909011457186601257e-01,1.692965410108205060e-01
7.554519021498469489e-02,6.879110596148082513e-01,8.251617616025441748e-01,7.424531180127973418e-01,2.303920144891035138e-01,8.673551608049041572e-01,1.332622136157268211e-01,1.696927555844656155e-01
8.506993598156506464e-02,6.975052692252466935e-01,5.693845741801397686e-01,8.534377597378868252e-01,1.559372066112559851e-01,8.307266641402137886e-01,5.003084750596222818e-01,1.678843152260222349e-01
1.148278367015196644e-01,9.200854217951331959e-01,5.627951549452576696e-01,7.587508329257686146e-01,1.416968503110118127e-01,7.017302142715358126e-01,4.441310115902123989e-01,1.693830500498025582e-01
1.021570212840305220e-01,9.452863671970901382e-01,5.398341528795022048e-01,8.203887794221357277e-01,1.462051685873584916e-01,6.133111359483920388e-01,3.456933547857502509e-01,1.685217583015879983e-01
1.081251818260925840e-01,8.700598377610309075e-01,7.756643053163063684e-01,7.837275768633312767e-01,1.549004170913503842e-01,9.842710536990133541e-01,6.666973163047738016e-01,1.670656806734958921e-01
5.819842341598803481e-02,2.724263931302242092e-01,4.980669221113020462e-01,7.913804960106260999e-01,2.696918934307160343e-01,9.017217388225169383e-01,3.368378121278506887e-01,1.687377746215801555e-01
8.923636916113034112e-02,7.431787888100963579e-01,7.715868809898923653e-01,8.095658404577527056e-01,1.749610650650157695e-01,9.752582197526952212e-01,5.176295720711339143e-01,1.678428186365912567e-01
1.030922281455066980e-01,9.589921331911387403e-01,8.300492240526016197e-01,7.614912345643084501e-01,1.701285981837205585e-01,7.627585227657732725e-01,3.568019732605163807e-01,1.685069160277951894e-01
8.736247100894260764e-02,8.270830950159393513e-01,8.521499639371894474e-01,7.834301783131266683e-01,1.732172770127991257e-01,8.809413112942170443e-01,2.789751591256519059e-01,1.694865721995898467e-01
1.215763754903555344e-01,9.981191103540596465e-01,9.345820722337114805e-01,6.589631820535838402e-01,2.065871568954417703e-01,8.946659932455540698e-01,4.993195707260555949e-02,1.705818737472598878e-01
1.207865526635791137e-01,7.901093893983520688e-01,4.396889108025716641e-01,7.612615445673641679e-01,1.617469047924712799e-01,7.821091982331647152e-01,2.347067546632477519e-01,1.700649540266610804e-01
1.011441996725418735e-01,9.733444269748019462e-01,5.665164224521048730e-01,8.223344679723528783e-01,1.629760407946022616e-01,5.398897322294462509e-01,2.015123238407944828e-01,1.695261450810079396e-01
1.013852001142232229e-01,9.025647905963558593e-01,9.385194102631642110e-01,6.507912164342959382e-01,2.387577206394819185e-01,8.047853000652308575e-01,8.364209089024804422e-02,1.691026687582618260e-01
2.033382332285021410e-01,8.006391084529217439e-01,1.070861056731414740e-02,7.593650661485176201e-01,1.443293937777900271e-01,8.240943150649873150e-01,3.808395609489204081e-01,1.684478006806240380e-01
1.068928797654160601e-01,8.180373188659771921e-01,6.123531517109546130e-01,7.434270025648685998e-01,1.781030033234613230e-01,7.469156002980357201e-01,1.845742741251756025e-01,1.705574639000623227e-01
1.062583124887517827e-01,9.299478628370606570e-01,7.287312726451981026e-01,7.805371374647167571e-01,1.540564182742151789e-01,9.075975024947129377e-01,2.441026657469215211e-01,1.686940592462813082e-01
9.504950245544831200e-02,9.367709695416066573e-01,8.245448800554335822e-01,7.076207048244911313e-01,1.958282405461404529e-01,6.766794389741657145e-01,9.719777325446662952e-02,1.697917954857800782e-01
1.218032706881140570e-01,9.717546810163788518e-01,9.063400111526465075e-01,6.378183268913720783e-01,2.394152019988833036e-01,9.285029583586266178e-01,1.945386117567755313e-01,1.679969587434395062e-01
1.346079785993083422e-01,7.961305701234629995e-01,4.769292145682810791e-01,7.284189322975229697e-01,1.839304394855991731e-01,9.791936981352724612e-01,2.229971985594856598e-01,1.689540586125723720e-01
1.077876334174985851e-01,8.810553695684828490e-01,9.320176180494958995e-01,6.430800641463232381e-01,2.161612629100277128e-01,9.067100527190510295e-01,2.254969955649115676e-01,1.697565376963781347e-01
1.037667012556036245e-01,7.120186147841798263e-01,6.322931270384947178e-01,7.961849359039916418e-01,1.596128614266415779e-01,9.738366761359948942e-01,7.159921755562315138e-01,1.668285875572624311e-01
9.888073533805481763e-02,7.653759259680061877e-01,7.299824155262883973e-01,7.526566090779767126e-01,1.934715067573694047e-01,9.709213326202702499e-01,1.316034469435749255e-01,1.695333050955511178e-01
9.760774347385305083e-02,7.748833572631061983e-01,6.482344617639849149e-01,8.001742217774581167e-01,1.453870936344324460e-01,8.615908080786469636e-01,5.345503668791209417e-01,1.690333013243585925e-01
1.024918239178949225e-01,9.303857457696297351e-01,7.590930465640119973e-01,7.467835398965693150e-01,2.035182808892591344e-01,7.321891282424179970e-01,1.668534993797721466e-01,1.682331413536190812e-01
1.235367642936827104e-01,9.139221097848846398e-01,4.312690741293356833e-01,7.565622989948744825e-01,1.656114648075095452e-01,6.707005526170313203e-01,2.315395349087714105e-01,1.690248716527381900e-01
1.045639040688197408e-01,7.961531607932371690e-01,4.546195269132249916e-01,7.966907733588413087e-01,1.633980618983612021e-01,7.135279682862698536e-01,3.249248757653506181e-01,1.687621913306086019e-01
1.431512235533331789e-01,4.931993605958860938e-01,8.080443505233725343e-02,7.799088185895212133e-01,1.881749985442295603e-01,8.232676669242398049e-01,1.523834710090645195e-01,1.689466122394017722e-01
1.091248728132973439e-01,9.301117854891165493e-01,8.610127300876537770e-01,7.072050577005656313e-01,1.893196471353397470e-01,8.868025627639342101e-01,3.953339907783054441e-01,1.681217344555158699e-01
9.578491206527979529e-02,9.929257010077248147e-01,8.184722474470560449e-01,8.154713965545173915e-01,1.450531419414687329e-01,7.768964600147612032e-01,2.644806056897997526e-01,1.692874575236198442e-01
9.402431002160478724e-02,7.886335598342599784e-01,7.571199951064457867e-01,7.844218414152028807e-01,1.871279660210781737e-01,8.994118075505008747e-01,1.273888925168518149e-01,1.699947324176462882e-01
1.154736123519144314e-01,6.679013480261501989e-01,4.778737089020816398e-01,7.972686467025115187e-01,1.697746691399150964e-01,9.444201632999948970e-01,5.076799568830842047e-01,1.683069053607741117e-01
8.417742952920591326e-02,7.316731557446174428e-01,8.932022305454379030e-01,6.998368168459179195e-01,2.520528818706635477e-01,9.249938290556908305e-01,3.654769470036178802e-04,1.692562084244982334e-01
1.164996938136241139e-01,9.378700432567773637e-01,5.077732512346800897e-01,7.563260215650927654e-01,1.632100389095348658e-01,6.550387177041659958e-01,8.393557701573550744e-02,1.707008396411045792e-01
1.124707460547929166e-01,8.425635807585906134e-01,8.316084745315210913e-01,6.847841850497018434e-01,2.103586009542356972e-01,9.495947074138424426e-01,1.952216905195346131e-01,1.697271910101177950e-01
1.096939450362469926e-01,9.179980960430422776e-01,7.768417175269481945e-01,7.481951213837499948e-01,1.551433282798117541e-01,9.761301982298977720e-01,5.806463502243073282e-01,1.668057509988210285e-01
1.136142231176339862e-01,8.901997152468723584e-01,7.662680052559105448e-01,7.444440017286158007e-01,1.803683027262728555e-01,9.444207194565749086e-01,2.932244224834268387e-01,1.685820147268942970e-01
1.085734486081555705e-01,9.636088531603883567e-01,7.961588536354980983e-01,7.373214158062177948e-01,2.129866539863485841e-01,7.789564977497359655e-01,2.414630729352928995e-02,1.690232027354929834e-01
1.041822650339718354e-01,8.804436320495387935e-01,5.576991502327276473e-01,7.563372913304092782e-01,1.988790476086251258e-01,5.868464298722895212e-01,1.188503590489772277e-01,1.699496150770371528e-01
1.122371247886327222e-01,8.992668609587163298e-01,8.235071735734997844e-01,6.754427811615399957e-01,1.882246224386076305e-01,8.949103157257141117e-01,5.017599434517353574e-01,1.679338072764328393e-01
8.447853747613476294e-02,8.563766871658258228e-01,8.813890912822777146e-01,7.774459605173430488e-01,1.513224287762249820e-01,8.354184979491383611e-01,7.873428371695166961e-01,1.666747001546498297e-01
1.177221445796919064e-01,9.415427179176321104e-01,8.323314640221419758e-01,7.218393491849206534e-01,2.242639064768570945e-01,9.397199568807599324e-01,4.251415249708256905e-02,1.684122709786675387e-01
1.425771212835458546e-01,9.748154607205377076e-01,5.462053137705168426e-01,7.502142741243373880e-01,1.159744720748196456e-01,9.476214291921079003e-01,7.042877910115408202e-01,1.670003682592338112e-01
8.822987043283615771e-02,2.742195505167480674e-01,1.741397178256754996e-01,8.160482253631892169e-01,2.512918091693395195e-01,7.411876804324750712e-01,3.105004956563216512e-01,1.683281573273655018e-01
8.499714264167959610e-02,8.901722395278832689e-01,8.468516649788186967e-01,7.206326974853497491e-01,2.319239941562763474e-01,5.621493222837095072e-01,6.412708856624282916e-02,1.700582124745725621e-01
9.568795933799630060e-02,8.323396807046673507e-01,9.581621166383942345e-01,6.879097510095986134e-01,2.162161803465683929e-01,9.731829221060794843e-01,4.503962525218996316e-01,1.680267465190055931e-01
1.086148326427218286e-01,9.695027126014058583e-01,6.362864549544406945e-01,7.932255478420892070e-01,1.317450652259641586e-01,7.095453455423824662e-01,6.230369190455944395e-01,1.673681095140377162e-01
1.614044551907309888e-01,9.907223003524012750e-01,5.026915259712750883e-01,7.095288469149116928e-01,1.295284462140352810e-01,9.663795040347905596e-01,6.445747551168662381e-01,1.678281532926045316e-01
8.099079511901663420e-02,8.882613028673610467e-01,7.712376827307590998e-01,7.764326506934556837e-01,1.855361841819734570e-01,5.811729415391518883e-01,3.929361730427398114e-01,1.686169364688085981e-01
1.117524690977472895e-01,9.945723451716688146e-01,7.507047390998684566e-01,7.444899279877807974e-01,2.028003736013609948e-01,6.876501363408233924e-01,1.218182530025524735e-01,1.688830056145254610e-01
1.162550407464762875e-01,8.332556249942382198e-01,5.720158261180990911e-01,7.442547305833813187e-01,1.733832782909895953e-01,8.235060023791609396e-01,1.533453840652844180e-01,1.707016612250884524e-01
1.271940231433179025e-01,9.426845944363778651e-01,8.196112510105041382e-01,6.391777346604374799e-01,2.433146563490984349e-01,9.610693911145395951e-01,3.541427912823241764e-02,1.692005387679378636e-01
8.310465800641783640e-02,6.099128883390179112e-01,6.585487631428864619e-01,7.581211848109569162e-01,2.253489147125212755e-01,9.560916281654595617e-01,3.142129070818943104e-01,1.679810816747458746e-01
1.218444680341337905e-01,9.968583855999133547e-01,5.729707763552525090e-01,8.035254212216975667e-01,1.135780441865737317e-01,7.739877996592268161e-01,6.126117290302477425e-01,1.680917329470398847e-01
6.673050441796685162e-02,8.781418131298556196e-01,6.989826346541933022e-01,8.479813107201987776e-01,1.652015885030314324e-01,4.291831633361585796e-01,4.242576833604226327e-01,1.691152697763037838e-01
1.231704539633901030e-01,8.942706752565673378e-01,8.189717219675614057e-01,6.364219744553785141e-01,2.186399719235948003e-01,9.357783291070793652e-01,1.376154403724529351e-01,1.698245088042375506e-01
8.484172983633733733e-02,7.322133654084134191e-01,8.349992989340683236e-01,7.037191829821375366e-01,2.364789198153146033e-01,8.170478243648869876e-01,1.483541632098128726e-02,1.702507102898684344e-01
4.607783910151044132e-02,4.443364127072781944e-01,6.531845496367213455e-01,8.091856304932609767e-01,2.530468167283497216e-01,7.779142817660967824e-01,2.638909865563137114e-01,1.687572086416774253e-01
1.601536305436849772e-01,9.642664877914377541e-01,4.343955957421557490e-01,7.383135550326882512e-01,1.145493051258740236e-01,9.359237559923559990e-01,5.652911584452301463e-01,1.690432686425576425e-01
8.490240907511804880e-02,8.245868429189942006e-01,7.439242384194675317e-01,7.962192566318248010e-01,1.501779989339834531e-01,7.600314498915022865e-01,4.866632993566691878e-01,1.685019036669291315e-01
1.550036445867730150e-01,7.636335392587808579e-01,3.149827301593107753e-01,7.526408191257983882e-01,1.616424681031760624e-01,9.309740313756952323e-01,1.964986640077786284e-01,1.702046499177610472e-01
1.035945862580251314e-01,7.831829458981405256e-01,9.035881898852544669e-01,6.552662051911909424e-01,2.592066002686492232e-01,9.704965240386447256e-01,3.839256851718986230e-03,1.699978925771595539e-01
9.130423602250208048e-02,8.884154918049785854e-01,8.654223028254761640e-01,7.289690652870118859e-01,2.048190313038924515e-01,7.341304510408217521e-01,7.558217210320683499e-03,1.706468829020981737e-01
1.159449624943773433e-01,9.395823875458015895e-01,7.152860405164712665e-01,7.659641049726727546e-01,1.440834511766624637e-01,9.223572364258614265e-01,3.178546592127722281e-01,1.684984645704898087e-01
1.222357081241616517e-01,9.736416166918552273e-01,5.799497131457218568e-01,7.870542160851800029e-01,1.485178382322128732e-01,7.703387529025765845e-01,3.203360780205850578e-01,1.684356462861424375e-01
1.137162098148555428e-01,9.978160359677078484e-01,6.772580957738831842e-01,8.130737071557206930e-01,1.060284467822593946e-01,8.200626226563806354e-01,7.350645334317317259e-01,1.671112351984981870e-01
1.364507659431732356e-01,9.324665914421097490e-01,8.682413045241983429e-01,5.834012989004856431e-01,2.566660204883965957e-01,9.829184130622311555e-01,1.624326315934160325e-02,1.699230075001661455e-01
1.232722280756070043e-01,9.924965952841280359e-01,6.846818224971196187e-01,8.157537837537292003e-01,1.157901553764201646e-01,9.749270741599399548e-01,4.109843890290997281e-01,1.685376592693339504e-01
1.003225755832948263e-01,8.117197694626780979e-01,8.281876106170673602e-01,6.855256069698256738e-01,2.280640932563876011e-01,8.936165008369504337e-01,2.866325627180720814e-01,1.687170406233076958e-01
8.285569255972551062e-02,6.238320342060595936e-01,5.987673475120591782e-01,8.192276239314779662e-01,1.818451709652474657e-01,9.072194997294740215e-01,2.817266527636773654e-01,1.695919548079578565e-01
6.543545880624949962e-02,6.071564280900116906e-01,6.844772065101580871e-01,7.877253405159211352e-01,2.047317269677947360e-01,8.021020179855563592e-01,3.154063511269838971e-01,1.690696624537589565e-01
7.556865709746606041e-02,6.720143221892015406e-01,7.223123196120716516e-01,7.566784431500388486e-01,2.198903379477460951e-01,7.488793778972669957e-01,1.083409438534670977e-01,1.701296583139626784e-01
1.100777592109205838e-01,7.022561010955195027e-01,5.464735654510458618e-01,7.914752886063439741e-01,1.461677952103035416e-01,9.607913794356871540e-01,6.449110617890936314e-01,1.681197804812912533e-01
1.706467630184369810e-01,8.730167970611274475e-01,3.967994170630249062e-01,6.684463448545717723e-01,1.944071727288818052e-01,9.634398382150179962e-01,2.739897974118655766e-01,1.693664584220592462e-01
1.258858217812417468e-01,8.496799139984198002e-01,6.207247297214413262e-01,6.905911866167295798e-01,2.046448651549505060e-01,9.148256824685234712e-01,1.685205453710056089e-01,1.694225692284928586e-01
8.172793681690911083e-02,6.976603745768522602e-01,8.480823533896340027e-01,7.248016777282376699e-01,2.093713036850944342e-01,9.357270509158218674e-01,3.260834070057027634e-01,1.692538419820602269e-01
1.967590969863325379e-01,9.046009468318080282e-01,2.477495535380609959e-01,6.763154088626526228e-01,1.717895339232202723e-01,9.508495988813772115e-01,2.067195075216850531e-01,1.697174415198646757e-01
1.301774585849339860e-01,8.259223160399467023e-01,5.484806526051521081e-01,6.689421304196530027e-01,2.136019778750114784e-01,8.490169708280648209e-01,1.037650740669757432e-01,1.697556377483799839e-01
8.369141165222367118e-02,7.460135819670578039e-01,7.854140701350544873e-01,7.427614589870361606e-01,1.903949846315961258e-01,8.121208418324971090e-01,4.332213331855415683e-01,1.686957467284735113e-01
9.343819053291946286e-02,8.876125311014066988e-01,9.329415664480196213e-01,7.195736789313889048e-01,1.823932235759453124e-01,9.012462017807147951e-01,5.695884301700617769e-01,1.670783716138357355e-01
8.266376783996073896e-02,9.499773454914552939e-01,9.346629203305886202e-01,7.545371990507068194e-01,2.116496977244269884e-01,5.660970380324639173e-01,2.424750371076961342e-02,1.704396042826784863e-01
1.469944383745706851e-01,9.151101499373277548e-01,5.621882023600022205e-01,6.932141686831082561e-01,1.677933716054087476e-01,9.828224283795692351e-01,5.086277546230635327e-01,1.682741103446042663e-01
8.689262507009982983e-02,9.471883755081099698e-01,8.863482029326177347e-01,7.675835085292669335e-01,1.734220765622389027e-01,7.103028397622955792e-01,4.118597581346705727e-01,1.681537356030640418e-01
8.105649008019188972e-02,8.247032240743412679e-01,7.941038915891804884e-01,7.827873964021079267e-01,2.120784250961091910e-01,7.302509244136428102e-01,1.048699943760584841e-01,1.687676436523954937e-01
1.093067872764238307e-01,8.547850382414067250e-01,7.998208371707636877e-01,7.062222202631004420e-01,2.301551242925775342e-01,8.590964683173311078e-01,1.460247053289059904e-02,1.698780999257351043e-01
9.984567214919948253e-02,8.448558807449058072e-01,8.134334896560073691e-01,7.607945883924275288e-01,1.625982605758782007e-01,9.626636487729213210e-01,4.801425368255007875e-01,1.679321985822028185e-01
9.687023736318058076e-02,9.164256138065507429e-01,9.171988361384137978e-01,6.959035963523645396e-01,1.997509360005836343e-01,7.159367620067833560e-01,4.014838302114721036e-01,1.690956931021742049e-01
1.203064469925194946e-01,7.292262257181066909e-01,4.518907659275137600e-01,7.397470794974230213e-01,1.977870574549249194e-01,8.734876568426319654e-01,5.606429996663381266e-02,1.693776920817861298e-01
6.379350245134626785e-02,6.814197624650047969e-01,7.343346336804703611e-01,7.754997055736961853e-01,2.146154128356254631e-01,6.370514905220900914e-01,2.474806293387653566e-01,1.699832956400773309e-01
8.336313711758842893e-02,8.048210351255722372e-01,9.572495252873264304e-01,7.070823377167180235e-01,2.068103928063962371e-01,8.732122694079498260e-01,5.679767890618880877e-01,1.674925415631103587e-01
9.512178607475850478e-02,7.904808330713253284e-01,8.301602232665890035e-01,7.303989742980125932e-01,2.106136631369655843e-01,9.841765690985495585e-01,1.857713975592056865e-02,1.696699050198380021e-01
1.427475927742902773e-01,9.659737919382329618e-01,5.470937998625907683e-01,7.599863935780715174e-01,1.698053902906624946e-01,9.892089896535254390e-01,2.491766952349437070e-01,1.675895282822381094e-01
1.197380005481895882e-01,8.425415767691941671e-01,5.117030804511136788e-01,7.542346930521329762e-01,1.901716918863599615e-01,7.986233340946703452e-01,3.515595154188472238e-02,1.693268786276448112e-01
1.184913969076030471e-01,8.431895184597033577e-01,7.040419481611736030e-01,6.844534969210183117e-01,2.111628769243297787e-01,8.838274347764717431e-01,8.933502520372865741e-02,1.702187041371684972e-01
9.712772853696696740e-02,9.779198457621368634e-01,7.821337392312160963e-01,7.986972359944638500e-01,1.540719226997101787e-01,6.773917700333852432e-01,3.928275310031378309e-01,1.685185314941136103e-01
1.518093327508411861e-01,9.938047216278476093e-01,5.300272554865159691e-01,7.321729610695942858e-01,1.336626858017585240e-01,9.916621594222192471e-01,2.631400292912411953e-01,1.695464540961403588e-01
7.364226790547442891e-02,7.374089846029934225e-01,7.055991957329026398e-01,8.379029452394766153e-01,1.864824131674369390e-01,7.758434246972442105e-01,2.547599120302270759e-01,1.684455779263729358e-01
1.687832927967627961e-01,7.590273054203685588e-01,3.278246358839830288e-01,7.056605046341655196e-01,1.875913609840232643e-01,9.974339558699238939e-01,7.945563466884883463e-02,1.702518757830616403e-01
9.176711483097607647e-02,9.873739085884303268e-01,7.165781700080670058e-01,8.269781251035226433e-01,1.688862000056081947e-01,5.683769001942577948e-01,3.240718705531757671e-01,1.679781277478101242e-01
1.115920554752193039e-01,9.520567877174150873e-01,8.479432740178385330e-01,7.485481056950146206e-01,1.715287897135866213e-01,9.805803306873563940e-01,2.509450969445376489e-01,1.687554572131546859e-01
8.617913228503577827e-02,9.631107608990161495e-01,8.037920524791596355e-01,8.286568909983761388e-01,1.563716046191073183e-01,6.331698808623299479e-01,2.671366584057545124e-01,1.697412612353222938e-01
1.025708226045530108e-01,8.960984014612820570e-01,7.238500071762681287e-01,7.696159217586211465e-01,1.773624860803281744e-01,7.353598606944118377e-01,3.602860815609004730e-02,1.709976083790610280e-01
7.575473913767240275e-02,7.510209315163256516e-01,8.263421987891641507e-01,8.269363814208490204e-01,1.722445779527514154e-01,9.159755767951468508e-01,3.458299215125299475e-01,1.685787727189732021e-01
1.110978938109994513e-01,8.912328659482497972e-01,6.507058970832902967e-01,8.097068713891844016e-01,1.475704549136159505e-01,8.894837887379957175e-01,1.184136357231008463e-01,1.697459010243791144e-01
8.340120030411626861e-02,7.022504949937998786e-01,8.480419564730484749e-01,6.980460698371879769e-01,2.235071545322639963e-01,9.304409544425755740e-01,2.139565100221757221e-01,1.693471791619165223e-01
1.277625816199863540e-01,3.780998489526832262e-01,7.959182710593770693e-02,7.999503709261043261e-01,2.170289392845433651e-01,8.238287326360189677e-01,2.868537599014316375e-01,1.677669823078867806e-01
1.218507017615540200e-01,9.167988651751874940e-01,7.305335818110991752e-01,7.086428224309622159e-01,1.885795190683190736e-01,8.986099091852144394e-01,2.919301580542739138e-01,1.682710063873704420e-01
8.984832251000696157e-02,9.623439938541322736e-01,8.775362799684951476e-01,8.202250753627403634e-01,1.490310467335038414e-01,7.963243675236635344e-01,5.551183943826597522e-01,1.671583788458731457e-01
7.455459135455314024e-02,7.347538645864896134e-01,7.781868018323176983e-01,7.923797454884026203e-01,1.670505261199019265e-01,8.107186513468341849e-01,4.028629705149389117e-01,1.692823678549635058e-01
1.004275959804360741e-01,8.567350782442862966e-01,7.131381731750587871e-01,7.162368174331606996e-01,1.875868763646449111e-01,7.428745198399990812e-01,1.910034855805558263e-01,1.704514856663047750e-01
8.168632072384819642e-02,8.789944139186022243e-01,8.125484436094168039e-01,7.682429284573737416e-01,1.886487407892937229e-01,6.210414571697195907e-01,3.285816128773907940e-01,1.683795997088152196e-01
1.053815302889370698e-01,9.997994687438865880e-01,6.767377908221609006e-01,7.061517632424340052e-01,1.986426829153722096e-01,5.061475428478481309e-01,9.762576278711718181e-02,1.701437669516347173e-01
1.113261810228827059e-01,9.642402836301715574e-01,8.909883910200329105e-01,6.985768719564297013e-01,1.904839596135036728e-01,9.037087274812060089e-01,4.431936303408570699e-01,1.683086776662054140e-01
1.589435181326059876e-01,9.547811719081256143e-01,5.009142940629919272e-01,6.865264457421176303e-01,2.009004461003745245e-01,9.922948773606884432e-01,1.470274014492317649e-01,1.682767359069998470e-01
1.020217511884194822e-01,9.671199355969238853e-01,8.023591545660891944e-01,8.164691853315058090e-01,1.333432692959302668e-01,8.652036377347060991e-01,4.153196269518396599e-01,1.689752301699933013e-01
9.267288407846992204e-02,8.646361261818504840e-01,8.519947757541568301e-01,7.157013839827173207e-01,2.075965506343161460e-01,7.176164316246129715e-01,1.159774323959047448e-01,1.706918635907070936e-01
8.169095255897548813e-02,8.264785284771105633e-01,8.598987569756835203e-01,7.341065418249135277e-01,2.130118873829404125e-01,6.897742412666820755e-01,3.434059772875684424e-01,1.684621652285864801e-01
8.859708797728980956e-02,7.738746277239714200e-01,8.836349249303629971e-01,6.900944866235761976e-01,2.331645015199714510e-01,8.016913783577687136e-01,5.921226123429162991e-02,1.706816077738474435e-01
7.693778337229879860e-02,6.239082182351425310e-01,7.167685095754873226e-01,7.629846769762755887e-01,2.291383633489109117e-01,9.185109106100313170e-01,2.318575878937476631e-01,1.687451372728315246e-01
9.028217550992354012e-02,7.196863409172079562e-01,6.995769083738846428e-01,7.188924330028079179e-01,2.299190495141895663e-01,8.315588652261960423e-01,2.393185985744706867e-01,1.685094627508430531e-01
1.072810259707051989e-01,8.745314794090027766e-01,8.019637335325145999e-01,7.126122520378389558e-01,2.014292106778640123e-01,8.705504754313839744e-01,1.058250688578615817e-02,1.707161378304506705e-01
1.179939304036168451e-01,9.661662263721999544e-01,7.058229335819031780e-01,7.789221632809005813e-01,1.309043535134563063e-01,9.037182572017427029e-01,4.802067654339049474e-01,1.690605270486492950e-01
8.609611460261019922e-02,6.960801312716294875e-01,6.882309842796051624e-01,7.631334604643515984e-01,1.866929649478198672e-01,8.199860114881315498e-01,3.051815713687121012e-01,1.698303936647418688e-01
9.907366831088643133e-02,8.755188738452963637e-01,7.812391171583654703e-01,7.323334067925257873e-01,1.855739109697731037e-01,7.748101126492552559e-01,3.748383405805005841e-01,1.683125977093176406e-01
6.287414046401482159e-02,6.132724223736210067e-01,7.855424676434921150e-01,7.650599837843651274e-01,2.213729064781108369e-01,7.780183747734977784e-01,3.228766415613782970e-01,1.691837667387648125e-01
9.162161317935664517e-02,9.513855306511046495e-01,6.584767579585700803e-01,8.582600940709805837e-01,1.150168459045166347e-01,6.794942457061382557e-01,3.175301874845221084e-01,1.691266020570257045e-01
1.264939045288965280e-01,3.679958940588769489e-01,1.894221294601576289e-01,7.577075387914598004e-01,2.306763911576729387e-01,8.883552535764237534e-01,3.094603903622766827e-01,1.686913116538671931e-01
1.243419692536463367e-01,7.365033254967344734e-01,4.417243628331202765e-01,7.453843368512503842e-01,1.945469303040722187e-01,8.907468526775360607e-01,5.356771407486748959e-02,1.693268676956046215e-01
1.120025134822301149e-01,9.005040273596320866e-01,5.563299415538218717e-01,8.444600119023897289e-01,1.019017607925829932e-01,8.301758809612151957e-01,5.014902455715206653e-01,1.688364760345103799e-01
7.650418509035375458e-02,6.434925015863637299e-01,8.384891923794772772e-01,7.352839647952068569e-01,2.250985496279653553e-01,9.606826851291929703e-01,7.024325291512911740e-02,1.705859672562559382e-01
8.360207717017748008e-02,9.697232409467668734e-01,8.093918482729923758e-01,7.451391106015886612e-01,2.025608003148074154e-01,5.080759976447090098e-01,1.794562243126092971e-01,1.688183542856128150e-01
9.615784840772537145e-02,9.791643792496922405e-01,7.741585218296970217e-01,8.275697981069535247e-01,1.273149163676512985e-01,6.959526297627396385e-01,4.004836152561713769e-01,1.690247243201277727e-01
1.075684601729801626e-01,8.804306246662334523e-01,9.083705288547451184e-01,7.007839816685802470e-01,2.188922445642469405e-01,9.669324026491875612e-01,1.253137889305299402e-01,1.689459425289267236e-01
1.112080621045402479e-01,9.598995022951515299e-01,7.028467494182638609e-01,7.624194895353610946e-01,1.638120063613431321e-01,7.664646197154455498e-01,1.828848415092367563e-01,1.701103815272031750e-01
7.185333360812454218e-02,4.795240610684203819e-01,5.272785491420397541e-01,7.797458104925683031e-01,2.416975144339360559e-01,7.943648863550529793e-01,1.318955460093496901e-01,1.698451528070646643e-01
9.360029407280226477e-02,8.866863377892810760e-01,7.315691243816890843e-01,8.205530734396340176e-01,1.143327628693557863e-01,8.166192707313888466e-01,5.969675712790107891e-01,1.689079597073713801e-01
7.146771228951134813e-02,7.132256410742314756e-01,8.028880432011249457e-01,8.048904440958103423e-01,1.870879796482599056e-01,8.884861501085549174e-01,4.569903484604642130e-01,1.676945803554255043e-01
1.023780677107439946e-01,7.587909239683896523e-01,7.035259800519368945e-01,7.544946048247669346e-01,1.949337476115973744e-01,9.866727752363479986e-01,1.141054481409313759e-01,1.692344359475020654e-01
6.726285312678190187e-02,8.015087586578957257e-01,7.272901406283374115e-01,8.403137981921109390e-01,1.833376456411791311e-01,5.775898972468731518e-01,1.681746738392180529e-01,1.699408797738235499e-01
1.362744313114495065e-01,9.219217392490632879e-01,5.461695392550574013e-01,7.105467694753017094e-01,1.744923125835116662e-01,8.260799460720383847e-01,4.459688059593730491e-01,1.681567531776429758e-01
1.509230438259160367e-01,9.827949977873171594e-01,6.045329328561944715e-01,6.576393237241802137e-01,1.879779030488801239e-01,9.841973204700412703e-01,9.679950420078214934e-02,1.692259456847781673e-01
1.028409010099082949e-01,9.734021517244615396e-01,8.944122205074689358e-01,7.615588381770357351e-01,1.658258626298226290e-01,9.184853573585306519e-01,5.170066964426573985e-01,1.674192119922950917e-01
1.290595130630772247e-01,9.973945490105571299e-01,7.239101505459261121e-01,7.297027765452065440e-01,1.809104394011727679e-01,9.408948915012019798e-01,5.036749113813526746e-02,1.685919274915632926e-01
9.447573505418518924e-02,8.885146681575943894e-01,7.249967771582551679e-01,7.621396515677655303e-01,1.795077492272190434e-01,6.552733625677480411e-01,3.212299051929414229e-01,1.696464557342680646e-01
1.149425865376253741e-01,8.789119514313474824e-01,8.474315978973238073e-01,6.830559933751171320e-01,2.352438280918131563e-01,9.841548375564704854e-01,1.235311814546814768e-01,1.688211334869693381e-01
9.513707919741776209e-02,8.591025628806980841e-01,9.567842470189877879e-01,6.484635521659589674e-01,2.296628152232750852e-01,8.430057673698954090e-01,2.391761170155145555e-01,1.691120169880540591e-01
8.828596965998487811e-02,8.975706965829413075e-01,6.065517916462483949e-01,8.106655172206013171e-01,1.667479073529051503e-01,5.841886795371908914e-01,1.808083856667645484e-01,1.691421669677465878e-01
8.057123986764402890e-02,7.010760192903092713e-01,7.388827858209204846e-01,7.576920438808877334e-01,2.258809031140123214e-01,7.821079713965121138e-01,1.441627415930901712e-01,1.693573677811994194e-01
1.112814879652112704e-01,8.516829887271207822e-01,6.194709863166197872e-01,7.563057827528562038e-01,1.683834878961698589e-01,8.115493265315659732e-01,3.077449120838399166e-02,1.708499064273511503e-01
1.895012949659995449e-01,9.656942484449380082e-01,2.976318880352657459e-01,7.190748684502588084e-01,1.279118209461685418e-01,9.827198174357085758e-01,6.517620665648875544e-01,1.679735020552475533e-01
8.025588198560155984e-02,6.667850504739988304e-01,6.133470572907656626e-01,7.879345716414123402e-01,1.834315097251328630e-01,7.794373445944291490e-01,3.470817587090892498e-01,1.693347807556474793e-01
9.387258210867228947e-02,8.066946271787430733e-01,7.605725133695410145e-01,7.415684328910833178e-01,1.832502138913038869e-01,8.131667761658762927e-01,1.981957819424920719e-01,1.703076765178351548e-01
1.237082212359036093e-01,9.154991378769300470e-01,8.045513330860252221e-01,6.466420799675970388e-01,2.103273752151375298e-01,9.313675086776185275e-01,6.081744355423462922e-02,1.706249954334200236e-01
1.725840385796384990e-01,9.787462937502281468e-01,4.420268095884946624e-01,6.573400594400861108e-01,1.829951651078322583e-01,9.342216897298671885e-01,7.561800960614234457e-02,1.698022737401281290e-01
1.431762659750013267e-01,9.280045362306960088e-01,4.603321411308896050e-01,7.579020892452759117e-01,1.553196528060652448e-01,8.421270825016937689e-01,2.817464321782408576e-01,1.688173089754083089e-01
9.769895522753466177e-02,9.560268716282083190e-01,7.213685121343919038e-01,7.349034577821053071e-01,2.115917793408926273e-01,5.657175118554109705e-01,8.049581238891623247e-02,1.694921630021513359e-01
7.712225269949719852e-02,6.165009622367957354e-01,6.952066163107173402e-01,7.872677833333667774e-01,2.130584275611263068e-01,8.863233156250232003e-01,4.246544921137624939e-01,1.679443075620399295e-01
9.729780949975236348e-02,9.805896808017152688e-01,7.261694313023221437e-01,8.702687692922133067e-01,1.024362394593962000e-01,8.227691905212896062e-01,5.870105596630461608e-01,1.670094620220873571e-01
9.795311992395863698e-02,8.296718735206827233e-01,5.511269420990729806e-01,7.830291092549208631e-01,1.730433966900845055e-01,6.686683974911287187e-01,3.943946742116590243e-01,1.682939167010680248e-01
1.109240642706729868e-01,8.296414702088127369e-01,5.985632897668512475e-01,8.336775712813300210e-01,1.250169186846100122e-01,9.339724875068186050e-01,6.577159081506995797e-01,1.675543573124831376e-01
1.272287303969565631e-01,9.717245198476658352e-01,5.570616044455384275e-01,7.676319443610906124e-01,1.092298140706566695e-01,7.996760150258505062e-01,4.977430282032524467e-01,1.693207590979547983e-01
1.630328169512266501e-01,5.940380279869018620e-01,1.878466489477013113e-01,7.317349109194059009e-01,1.939428159475477531e-01,9.815533043973861949e-01,2.663127033010979638e-01,1.684494365499518698e-01
9.018753133687223977e-02,6.586053139786447463e-01,6.404767792234276058e-01,7.270143450460320178e-01,2.197902835977715574e-01,8.587048341297897069e-01,1.254875045499164454e-01,1.701387254952745620e-01
8.732856512940674609e-02,9.008210010237545085e-01,7.879241014014664035e-01,7.847028501018972202e-01,2.048294447432409682e-01,5.945211210481083919e-01,9.969360960873879796e-02,1.697570195865764631e-01
7.294580303678260824e-02,7.305692592224543036e-01,8.771782867763762148e-01,7.677837041285933140e-01,1.879622400529367132e-01,8.650635673272487614e-01,4.340677742957673169e-01,1.691133916795548586e-01
1.139979148325320074e-01,7.412016579006800443e-01,5.730312342281409510e-01,7.500149130055038249e-01,1.535655168981820418e-01,9.981902583579311816e-01,4.356003218390293585e-01,1.691031418585764168e-01
6.481490398997170888e-02,4.118475298876529966e-01,6.415688611837329081e-01,7.591056170091343702e-01,2.497598894140910797e-01,9.612406493875602642e-01,3.518382482471260619e-01,1.688098669667477403e-01
1.047108154251029516e-01,9.122013893783778027e-01,8.763661197224119626e-01,6.758023380984894413e-01,2.305554499382361511e-01,8.395413761629432203e-01,1.796095043226679511e-01,1.684387224160608376e-01
7.213175002009178383e-02,6.613037708659197378e-01,7.623676951496816123e-01,8.030713160080266144e-01,1.867236277173005832e-01,9.082178525002867486e-01,3.193903339072706737e-01,1.691683024024415172e-01
1.300075118310918543e-01,6.588089347096530712e-01,3.416802625444089747e-01,7.401444350933876759e-01,1.952013917247253649e-01,8.252219694681908191e-01,4.104717930368065870e-01,1.686770591801572128e-01
1.078041430439191234e-01,9.811814452974080281e-01,9.148762855985987930e-01,7.207635000127899927e-01,1.843935818057206577e-01,7.794949091030518584e-01,2.259249342849382614e-01,1.697114163628927475e-01
1.097155988759126455e-01,8.300068079026834411e-01,7.325813701054505467e-01,7.555447099258925103e-01,1.931366147813514123e-01,9.767036880553141565e-01,2.993741571190041140e-01,1.687808422955117960e-01
1.011487589702767809e-01,9.654409177354583704e-01,9.152219957004599227e-01,7.501852739779776291e-01,2.148178770660192083e-01,8.061715008288782292e-01,6.536842788710856000e-02,1.686701424751887446e-01
9.296938311960867285e-02,8.477979869482274999e-01,9.659645610887426237e-01,6.942437392866519508e-01,2.385568937672707113e-01,8.556977789288431335e-01,2.034385589304383568e-01,1.693886315420199129e-01
7.305474785023657880e-02,6.615665582532619382e-01,5.916830335779795780e-01,7.977051367800637172e-01,2.127531831342959756e-01,6.700588272177069316e-01,6.550487777584818039e-02,1.700382802367006452e-01
1.425989483375775801e-01,9.682959052417322576e-01,5.778247131371418988e-01,7.477513549509303692e-01,1.108517974330307382e-01,9.742136816199696847e-01,6.705441082537821895e-01,1.681365526233236096e-01
1.010032988210899513e-01,8.501700709113484411e-01,8.945993870395818615e-01,7.115391729366887796e-01,2.186061431878457417e-01,9.530944368117955090e-01,3.920232868620017186e-01,1.680840194480028027e-01
1.264225754386053835e-01,9.465921697177991367e-01,6.613418531154052760e-01,7.245145402608645924e-01,1.760623325397498440e-01,9.064183967499481742e-01,1.104149012292551524e-01,1.693238945067371826e-01
1.738332455872398097e-01,9.737540829664400599e-01,3.681864731284709147e-01,7.365478381523146156e-01,1.087621579008959533e-01,9.399373942305677687e-01,6.920919396854916528e-01,1.684281817029988915e-01
6.549021715481116723e-02,7.712854274459906012e-01,7.930859307727535779e-01,8.145649235465058924e-01,1.852767767391226839e-01,6.577013731299289345e-01,6.072162938874781091e-01,1.669966647735702525e-01
9.704946103399414437e-02,8.859808485592162164e-01,7.975674059105137825e-01,8.355262930411505584e-01,1.437479049579430956e-01,9.823440464369368463e-01,3.706543050524472305e-01,1.681257906033924165e-01
1.007385851320155706e-01,9.113612950293563664e-01,9.360729586065865693e-01,6.659758309290877420e-01,2.324676892461242095e-01,7.916433632521466812e-01,3.283209888216526151e-01,1.679707510139753224e-01
8.259273692598864680e-02,7.299214038494851176e-01,6.724699240765732444e-01,8.007722632140462649e-01,1.667642271736146931e-01,8.134680810472080248e-01,1.985218753700692396e-01,1.704259848025487800e-01
1.941379229699047304e-01,9.713297832311444946e-01,3.065504660403874926e-01,7.026294497499714353e-01,1.384391953695540689e-01,9.504079898568755791e-01,4.651614371533371317e-01,1.697865798380195079e-01
8.099632184357108411e-02,9.412663638518671272e-01,9.177205206879948118e-01,7.465953737060251338e-01,1.918774328453771438e-01,6.028322724154842049e-01,2.676104262512603582e-01,1.695275097465000491e-01
1.145088676800210814e-01,8.701246660135022459e-01,8.529292505769329180e-01,6.686022817211403346e-01,2.337238622006241051e-01,9.423496476049266768e-01,9.596731112759659954e-02,1.694895299723473969e-01
1.343428090725073687e-01,9.900027815440797241e-01,6.057536086722282720e-01,7.807251433310892219e-01,1.253551711234387467e-01,9.266543914526101933e-01,4.864630560562520634e-01,1.686356312216778508e-01
1.031654195744585445e-01,7.895997874642539660e-01,4.258193370245123566e-01,8.076455112922568125e-01,1.605434843439628168e-01,6.363013128242519523e-01,3.672058220884341639e-01,1.691002946616074476e-01
6.719232881664491397e-02,4.925650940978939518e-01,6.294252985627550867e-01,8.243053456360314168e-01,2.132712419415560001e-01,9.533006780291565230e-01,3.286578179919305009e-01,1.689670752668613329e-01
8.282694592088699070e-02,7.420160360575838165e-01,7.637475184355138058e-01,8.105220374942075923e-01,1.673541922345542221e-01,8.788290360158415027e-01,5.809384788072298189e-01,1.674358067671312122e-01
1.067561160747280274e-01,7.133705835462835765e-01,5.578459982546198903e-01,7.737765360297379491e-01,1.681837866503153589e-01,9.196519877210828087e-01,4.624253352028196984e-01,1.684774227342272779e-01
8.612535435169943465e-02,8.086099381897271510e-01,9.051632847660151526e-01,7.775770161209153430e-01,1.592122053626302547e-01,9.331878779984763561e-01,7.148712521751781068e-01,1.676866793615599815e-01
9.223629904649095768e-02,8.807283397912684109e-01,6.774149506533482246e-01,7.876982244567652947e-01,1.403402699379338592e-01,7.256814542252751910e-01,5.481573215169285307e-01,1.677389858979955461e-01
1.196841901391124952e-01,9.927088269443882229e-01,7.263856032672124652e-01,7.187671589982428388e-01,1.765644209579360913e-01,7.795331159654126374e-01,1.777659570197660521e-01,1.691581144335663478e-01
1.299735262217236453e-01,4.702934097866050545e-01,1.086683926571652137e-02,8.741194594415345742e-01,1.709177616646301856e-01,7.307606369079383546e-01,4.153723649747567137e-01,1.674459150667600982e-01
1.028716981429947108e-01,9.470276224409295285e-01,5.369063172886822111e-01,7.831878972438511832e-01,1.848047094938635448e-01,5.194927011707060061e-01,1.601449689154602896e-01,1.693946635489211594e-01
1.027486549229348900e-01,7.763677163433192474e-01,5.575760237458728952e-01,7.263035208148441724e-01,2.230235355157040855e-01,6.894750473135768942e-01,4.840883728324252289e-04,1.696474419210772244e-01
9.011944316487208173e-02,8.538904292656035455e-01,7.420400225083059187e-01,8.410127555481030637e-01,1.510753158301221810e-01,8.708974585561400916e-01,2.049706626837215495e-01,1.693210554972927606e-01
1.617596705036257188e-01,6.218610499833877592e-01,1.402101349923152718e-01,7.705090146642142868e-01,1.555501326013498664e-01,8.997344944526102228e-01,3.772397618302776312e-01,1.690353793982153074e-01
1.428104690575096314e-01,6.014186069854527972e-01,2.230774160388010463e-02,8.249799107362082440e-01,1.414255884828027332e-01,6.944776194528072821e-01,2.881504485767054646e-01,1.693167446580892133e-01
9.598991685619583103e-02,9.175440807251007413e-01,6.677379702018606533e-01,7.945169241609809641e-01,1.537848028798199929e-01,6.279497750083652408e-01,3.693361414495250905e-01,1.696276550170048025e-01
9.285824946073821529e-02,2.899995464445078719e-01,2.341456688683218879e-02,8.580842840885130052e-01,2.377797590434394537e-01,6.260823138132391996e-01,1.991036516848206372e-01,1.687714471587329068e-01
4.979323408104198434e-02,3.775177755386182055e-01,6.875137600156470130e-01,7.886845926405587903e-01,2.662221522159501919e-01,9.376817868384045296e-01,2.732256281192062541e-01,1.682407143219166734e-01
1.106225781372785349e-01,9.005227211459576608e-01,6.579257802759849172e-01,7.949560551193298741e-01,1.535780972937346167e-01,8.029936364472597399e-01,3.945555524098508515e-01,1.691718457771710094e-01
9.778036999835139353e-02,9.345135699672491025e-01,5.983381103865202943e-01,8.428784344159310216e-01,1.236630693665863867e-01,6.656041058877019134e-01,1.771625155124690876e-01,1.704763307611370515e-01
1.006005815539500886e-01,8.589661087531007544e-01,7.108663541154669474e-01,7.851201507972251914e-01,1.485852786667851144e-01,8.289802836598945124e-01,6.275987839582208849e-01,1.671811692662626969e-01
1.120592571350151473e-01,8.220012410320218788e-01,7.770367110999911731e-01,6.622223427320207412e-01,2.183005971413512492e-01,9.155239767085450175e-01,3.564249968082081610e-01,1.688610883358241943e-01
1.300573381583672028e-01,9.471957715767423958e-01,6.586703983252520933e-01,7.445663529188040197e-01,1.329146786824885740e-01,9.704380318923331306e-01,3.965136339472893900e-01,1.690339225330475259e-01
1.737320427739347528e-01,8.933689615437085951e-01,2.693891047541950856e-01,7.526784841589871933e-01,1.298321953444135646e-01,9.177660724563685424e-01,5.727792354148726339e-01,1.683205099733228738e-01
1.188402041756763255e-01,8.899438069308909238e-01,6.410015627011128592e-01,8.033591220299922675e-01,1.543089461061273038e-01,9.374993375574103283e-01,3.879834171418419797e-01,1.676722822391346901e-01
9.230559548861780317e-02,7.464445153640015818e-01,6.705354559626055533e-01,7.646823829486848467e-01,1.984817884540851785e-01,7.742380401483747177e-01,6.334280764615751735e-02,1.707305775979448548e-01
9.042173610449308341e-02,9.058544233408866164e-01,9.409088783758037255e-01,7.662331065212395487e-01,1.889644812110013172e-01,7.887021615632932026e-01,3.284965282390277519e-01,1.689583129299027375e-01
7.985189320495057752e-02,7.883226305168075099e-01,7.629487466178366262e-01,7.731899423760912882e-01,2.120566542131351595e-01,7.732221683404532087e-01,2.385065852890529692e-01,1.680593187037500158e-01
9.610480392287656937e-02,8.668769358766663657e-01,7.228837401556904574e-01,7.619897189813684690e-01,1.615657250727378647e-01,7.983322626281939005e-01,2.673162541508453116e-01,1.692439057128755919e-01
7.510978022284178768e-02,7.999796198795154911e-01,6.947124891066451813e-01,8.236883901316988110e-01,1.519275494950628747e-01,6.959432919309802568e-01,4.197678841188324239e-01,1.691807190921153781e-01
7.860985376331941499e-02,8.827556643283919202e-01,9.046804574262633514e-01,8.132066445327812421e-01,1.607156562989926207e-01,7.672422995090081299e-01,4.764018951834012583e-01,1.678734903506975407e-01
1.455723061893901271e-01,6.067805877736527354e-01,2.617485247241244650e-01,7.343696778828252558e-01,2.038927443867160627e-01,9.060998556067689780e-01,1.963815086725110848e-01,1.696181877474915445e-01
1.366530155928381007e-01,6.903216791432400523e-01,3.918056498003836818e-01,7.225252222952294190e-01,2.136912055129452925e-01,9.351496795650905414e-01,2.436646139254078081e-01,1.686458061918208184e-01
8.113709091004661644e-02,6.710583429055698712e-01,6.741698668270024175e-01,7.779836820501552230e-01,2.080667103693542297e-01,7.709424512285353304e-01,2.361364059003537297e-01,1.697059699967064517e-01
1.029179840552746916e-01,9.130364076554968733e-01,7.766161477993990259e-01,7.417310665738673370e-01,1.608680122732762952e-01,8.835750452664086207e-01,3.806343531669177382e-01,1.685297496812531992e-01
8.549194155144121399e-02,7.554637990208374898e-01,7.890014078373771556e-01,7.830314248063733329e-01,1.955095349220080936e-01,9.004855684975083818e-01,1.052651964293108422e-01,1.701409570870283106e-01
7.671526188706702387e-02,7.010495813217865191e-01,7.126086966649901600e-01,7.855727475613060173e-01,1.981121950337189908e-01,8.459331179224648389e-01,3.859503852195063645e-01,1.677329589937818499e-01
8.746678547053685082e-02,7.482845303936778159e-01,7.655480343270126831e-01,7.942199812778668599e-01,1.983610013626933288e-01,9.220010094534818457e-01,4.653092531885424377e-01,1.669161100653353824e-01
1.136458210372324473e-01,7.716459206488834877e-01,5.512852942635623199e-01,7.210077075798901891e-01,2.067312929315922310e-01,8.218135986215087119e-01,3.680352598157175525e-01,1.680073880778684692e-01
8.683848223482944217e-02,6.836299809369007496e-01,7.772618688887384941e-01,7.628772438166080416e-01,2.020397308786590629e-01,9.566324738292981689e-01,3.232293260382157474e-01,1.691020852514176220e-01
1.132431487746169974e-01,9.453100431845660179e-01,8.484649942332205264e-01,7.174668895539560998e-01,1.958458845812589000e-01,9.528523064251602781e-01,2.654310032947262976e-01,1.679758681309532209e-01
8.386805243123106324e-02,9.998048163290107482e-01,7.986303663903716599e-01,7.536445055441469698e-01,2.102213610845594660e-01,3.713776266815873583e-01,1.840435902119259837e-01,1.697456016261862655e-01
1.837613437401844907e-01,7.982335183481247265e-01,1.661651716251330568e-01,7.515382880325179871e-01,1.517697142862736714e-01,9.305039971456696701e-01,1.535520190638458293e-01,1.697450797676641199e-01
9.217680652886595105e-02,8.745446399477222466e-01,5.116534185423950998e-01,8.240665497774237735e-01,1.631093474947364341e-01,5.626099530764686607e-01,3.330373486599040866e-01,1.685253369983735761e-01
8.173594455436250517e-02,7.409366452845501660e-01,7.976021622050383231e-01,7.593927269274187708e-01,1.950080264698713373e-01,9.297821557428085359e-01,5.204702452811253988e-01,1.672432996363824587e-01
1.205583738248088010e-01,7.377455471675831156e-01,5.771925501998533825e-01,6.783612719613398845e-01,2.304074415147360222e-01,8.831632890001755998e-01,4.028155892523860304e-02,1.702249031696390080e-01
1.171980751201517623e-01,8.121972823869141322e-01,5.876091996294416919e-01,7.268136721745529494e-01,1.966169188878811591e-01,8.482293747471173484e-01,1.434354598273124282e-03,1.698338115879158006e-01
1.779502232840475817e-01,6.749604144899455926e-01,1.548597311037032132e-01,7.269122284427935732e-01,1.827360362236531699e-01,8.911206631852199855e-01,4.227202654703078322e-01,1.685716003140539654e-01
1.189388737994805240e-01,9.822863403075186017e-01,7.055717280612081588e-01,7.180805045264664344e-01,1.652069465870256715e-01,7.950075726281357058e-01,1.076211603220573465e-01,1.697695163557676190e-01
1.113275775146588265e-01,8.924629805423472950e-01,7.162614514124665543e-01,7.786686558324033003e-01,1.393898890901901222e-01,9.632787703835152815e-01,2.216075617766346539e-01,1.703483369435725425e-01
1.024947522683623408e-01,5.915918139464604319e-01,2.663099146488667746e-02,8.530280019489826504e-01,2.026305449098530220e-01,4.292121884623696926e-01,3.177312579433234085e-01,1.691826298783958016e-01
1.060798253954602643e-01,7.019063838288314150e-01,5.678525915708287908e-01,7.661012783341436538e-01,1.960338894305787560e-01,9.677559931588615161e-01,5.260533199216954614e-02,1.693523349910957820e-01
1.749069706677579550e-01,9.938465863563294977e-01,3.823290195757358401e-01,7.454441845338419803e-01,1.473122156045319209e-01,9.453657480248245371e-01,3.459957683226982939e-01,1.688997403988850288e-01
1.197840747049032928e-01,7.627139569136914821e-01,4.395251254646115879e-01,7.696223811578608576e-01,1.571017096665334178e-01,7.871120969526281819e-01,3.444362307158693182e-01,1.698273359712947350e-01
8.615848536970542593e-02,8.059627093777874673e-01,7.901112088565201974e-01,8.233818017928837829e-01,1.562814924085854096e-01,8.933743267744973515e-01,2.885352403078484951e-01,1.695636310713272699e-01
8.135119775337293357e-02,7.529442013177194415e-01,5.981469761454618617e-01,8.197513441122917799e-01,1.813949886460494432e-01,7.162433105786516485e-01,1.996957182998575220e-01,1.687726384051930206e-01
6.279249142431991837e-02,6.913460712110013340e-01,8.839293985614797844e-01,7.812072579902823444e-01,2.193461510569031936e-01,8.202041497759935407e-01,2.655859214493508369e-01,1.685237227922486425e-01
1.515036776510292615e-01,8.686541090313383284e-01,3.626306935798691566e-01,7.871728364935309807e-01,1.186428372584262120e-01,9.401806148803982799e-01,3.151017231330702217e-01,1.699573568335826235e-01
1.126621479682445859e-01,9.033904827727490261e-01,9.102942485400302708e-01,6.372460285802230562e-01,2.412080976650937125e-01,9.433106811438625172e-01,3.361428978191047245e-01,1.676916643125833661e-01
1.015091908667190707e-01,9.429455047231050102e-01,8.132400513569020273e-01,7.618480886210555747e-01,1.572683091268232691e-01,8.409323024223680498e-01,2.563337174829540821e-01,1.693825362084583341e-01
8.364406612140953823e-02,6.738756397296536971e-01,8.277216158359507192e-01,6.954795569899588914e-01,2.483638993270243234e-01,8.848882239356337109e-01,1.687511205957377969e-01,1.694516066407475430e-01
1.335896557757756398e-01,9.760405385069262918e-01,6.554825860830961748e-01,7.560837782967749776e-01,1.822983813100805539e-01,9.650104598665767419e-01,4.042153913289964207e-02,1.688865417655033840e-01
8.194122364825777438e-02,8.472359258336989996e-01,6.750672028199120600e-01,7.931451749024059916e-01,1.673849176819510454e-01,6.452828900716103266e-01,3.526869814230283451e-01,1.688518941270390206e-01
1.215181827464791725e-01,9.960664456288552682e-01,6.497281817297129169e-01,6.822911253544828858e-01,1.936343482776319569e-01,6.398839786083879710e-01,3.476575362194878061e-02,1.704628353532441909e-01
1.234162797439603831e-01,9.216645872074494816e-01,7.532295260144215021e-01,7.289388224578046138e-01,2.031873256988920295e-01,9.339830040292718127e-01,1.706507668844288172e-01,1.683693811996108403e-01
8.686734647619899496e-02,9.111276629894864421e-01,6.173054493195925252e-01,8.238816907249814081e-01,1.769319665737365266e-01,5.256164757342445260e-01,1.019240180091615100e-01,1.698989322389100609e-01
5.214161811435171628e-02,5.749351213072499966e-01,7.961190479284270261e-01,8.231545158632203041e-01,2.061106761017337252e-01,8.408650391789910250e-01,4.698644410285668371e-01,1.678878778370526403e-01
1.115799640359066147e-01,9.925993934205599167e-01,8.901062932020437080e-01,7.343123848545199950e-01,1.563682291327264107e-01,9.417206533709291394e-01,3.858020902120404827e-01,1.683631343585739737e-01
9.403952412556522422e-02,8.610329215853447238e-01,7.961644450534367534e-01,8.150875623108240209e-01,1.345770077808636778e-01,9.972711273008258992e-01,6.635005211961726435e-01,1.672229978805114814e-01
1.407104569674492989e-01,9.988506421956417913e-01,7.267743073439181245e-01,6.894216948663672850e-01,1.901380630632893143e-01,9.684899721345836543e-01,8.583049212984078524e-02,1.692309985524762805e-01
1.245253899049124924e-01,9.514055472724493034e-01,5.684596412427107559e-01,7.650883574247741015e-01,1.210959889966498199e-01,8.475141796167877661e-01,3.865166338152410397e-01,1.696765718663097722e-01
1.110300974008747166e-01,9.261114936289432942e-01,5.677154350561399720e-01,8.400462178320126094e-01,1.239510985006439525e-01,7.848687825853164490e-01,3.340248381482444628e-01,1.689399090706195095e-01
1.086673157860429673e-01,8.190781061079428493e-01,6.678819114881493491e-01,7.251561959730207230e-01,1.817399204573059424e-01,8.992365167327377451e-01,4.018916860592558482e-01,1.679174746566624854e-01
1.615401687035379341e-01,9.192063176869956775e-01,3.546943320714945891e-02,8.325790247885426210e-01,1.110231928729058654e-01,5.670550580606605884e-01,5.178722307505940758e-01,1.691590319744869786e-01
1.116811535446366882e-01,9.014447241695733304e-01,8.087341671656534947e-01,6.972946256541945331e-01,1.885412323228242149e-01,9.405257731407168365e-01,2.800811720529726712e-01,1.688959623131552623e-01
1.180849272697280794e-01,9.844679215497604829e-01,8.758872717182989431e-01,6.427478268894808444e-01,2.389956175647651171e-01,8.381744909860849857e-01,8.694940112784155239e-03,1.696553316205295647e-01
1.096938627485735535e-01,8.965032277661104665e-01,7.179913513973236183e-01,8.043177171535796921e-01,1.734580359912509251e-01,9.623996909642760222e-01,1.954919305686786124e-01,1.684915956920508551e-01
7.417070541677120432e-02,8.764849537443424321e-01,7.730714345988016767e-01,8.264351638776628040e-01,1.381085168981293909e-01,6.355162643496431452e-01,5.023113880560035049e-01,1.687349022150055056e-01
8.751716036989434788e-02,9.762649995240727518e-01,7.740391196046929601e-01,8.153660876363353349e-01,1.461803136230145350e-01,6.032963351825760823e-01,3.423634137339730543e-01,1.690772351147050434e-01
1.259661679057562655e-01,9.924484596224464328e-01,4.754038511987566662e-01,7.680818006985191682e-01,1.406461310470532577e-01,6.978850042624701322e-01,3.008026067106281398e-01,1.688499841956744019e-01
1.002638954442587882e-01,9.944447441544145283e-01,8.529660986708498260e-01,7.406210527350420847e-01,1.468910393383377477e-01,7.230514080890362294e-01,4.372586599949381259e-01,1.694470402795961173e-01
6.161375371803842066e-02,7.452021312286483123e-01,8.454061436604350943e-01,7.839680825077609549e-01,2.010438341442657151e-01,6.240949826567488978e-01,3.436674195591075676e-01,1.693953786514164894e-01
1.338307218147004041e-01,8.921155341279686235e-01,6.449622845994746889e-01,7.122673426834114085e-01,1.989898882665377677e-01,9.863335827710935089e-01,1.070887808634919947e-01,1.696673720840769228e-01
8.550739019452256728e-02,8.221317136164636441e-01,6.798476975532867783e-01,7.745259730869600290e-01,1.939325745880430829e-01,6.030424816554643686e-01,2.962323732138930077e-01,1.693100219501361414e-01
8.329058805685808642e-02,7.866140733690325515e-01,7.825818018832271239e-01,7.762024356689892768e-01,1.881512101973231710e-01,7.956648816779011701e-01,6.171134617943060396e-01,1.669424722051536525e-01
1.347523473670622363e-01,9.302272942185456639e-01,4.609608898986411463e-01,7.532735835382715628e-01,1.634372206452933685e-01,7.503305901060817185e-01,3.172261586795964705e-01,1.690154501940210052e-01
1.138149401865939103e-01,8.279721950372569417e-01,5.260088539479164105e-01,7.650634411688655989e-01,1.501189336096143689e-01,8.528274110341913516e-01,4.351520438207148733e-01,1.684362289131308421e-01
9.820080826287685971e-02,9.551550065884018004e-01,7.884057617723934097e-01,7.045675093861443194e-01,2.121226346598338308e-01,6.184681355621461929e-01,8.352802066965880901e-02,1.697717780135609977e-01
1.498877759823833422e-01,7.852956301431101016e-01,2.479497253320309125e-01,7.278444630493854373e-01,1.835710081868013877e-01,7.521714238066981029e-01,2.463906301387893127e-01,1.690689217904076946e-01
9.096410938474974728e-02,6.723979639922004203e-01,5.806996674855412488e-01,7.837435043900672360e-01,1.741855295630214684e-01,8.597121795534340416e-01,5.058248228621693432e-01,1.681487080629652797e-01
1.310587347166662364e-01,9.608707694455644877e-01,6.655803856152192610e-01,7.072429134848808863e-01,1.746449277659925525e-01,9.883662418238499114e-01,3.779782221684626631e-01,1.674983099209205184e-01
1.035728863610327344e-01,9.903340570872755100e-01,9.159468008485520674e-01,7.547537463396714053e-01,1.750763399124239394e-01,7.852256299812734319e-01,3.468261157466505651e-01,1.691966695792730957e-01
1.379129014870752179e-01,7.886365339277779940e-01,2.934502311251185880e-01,7.901833601445379385e-01,1.577275063341119776e-01,7.744807191823351866e-01,2.840403628020536364e-01,1.691890318831116291e-01
1.465744438394459004e-01,6.165895386511406340e-01,2.607520555574476262e-01,7.470807706963353834e-01,1.848656044431239709e-01,9.065859715286631593e-01,3.515544930792199319e-01,1.694287773989889279e-01
1.429236203824185703e-01,6.720017305480171510e-01,3.370875859614491654e-02,8.266383933047654065e-01,1.467853924092362983e-01,6.243539672663704909e-01,4.755539703327347212e-01,1.689030434144589421e-01
1.317515408288795209e-01,8.478699655478567632e-01,5.340943553084878115e-01,7.642563342168871010e-01,1.185507437028887612e-01,9.866812419741749496e-01,5.463558833876369647e-01,1.689258083015492407e-01
1.804140159934398413e-01,7.927992941466192045e-01,2.822772128517327395e-01,6.939632369760881936e-01,1.963842298553135635e-01,9.581887080333286733e-01,1.873684068349653065e-01,1.695253438737825691e-01
9.831059347563671225e-02,8.936267344569670534e-01,6.699642667587307754e-01,8.210384938244368325e-01,1.288964638635139437e-01,8.300289998166563432e-01,5.938503189881159106e-01,1.670742461144152091e-01
9.048729311313090384e-02,8.043554746627853413e-01,9.121058609159691244e-01,6.944521130726597491e-01,2.183492367165345838e-01,9.328106649233554037e-01,2.114056101679200050e-01,1.692171480375987414e-01
1.054729033889605649e-01,8.636440217263972041e-01,8.146112992182461543e-01,6.883398040864111556e-01,2.132274767282092143e-01,8.175057872402086145e-01,1.642175399802191516e-01,1.697529360773439300e-01
8.588275711417955871e-02,8.719380901734340439e-01,7.135609149079200630e-01,7.578395539268603098e-01,1.886796241469670954e-01,5.924318301287128108e-01,1.390242789165650750e-01,1.700804331304002770e-01
8.331886215244543870e-02,7.788598606783964096e-01,8.540518338984580682e-01,7.030528795254188390e-01,2.477820339124599536e-01,7.974163001653441496e-01,3.416833908163036115e-02,1.695576378262600992e-01
1.033097850764813364e-01,9.518879042541098512e-01,9.281640925939516062e-01,7.284993104038631762e-01,1.931929177124329100e-01,8.760068584154931948e-01,5.252550226708372350e-01,1.674543485009899746e-01
1.145371386826316840e-01,9.898713961254342886e-01,7.802877278143585116e-01,7.863333724764416388e-01,1.354201501369426408e-01,9.945593627752525867e-01,2.872892185108833485e-01,1.685774034337386151e-01
8.599134387820925318e-02,9.470639489201588823e-01,9.381378224184833137e-01,8.056425574563946812e-01,1.747207020162860891e-01,7.284411645274683211e-01,2.591008051395105594e-01,1.692892034411493940e-01
1.319778215393235810e-01,9.773180224967430441e-01,6.616834646923781538e-01,7.599016200654067354e-01,1.154916838433692056e-01,9.344231277633199273e-01,6.568681137242535772e-01,1.683675485910343383e-01
1.223501554122543300e-01,6.865253395538372105e-01,4.892763990713659972e-01,7.303163195215983672e-01,2.042243296874219627e-01,9.846231464699629621e-01,3.009337745972089917e-01,1.681995694879807601e-01
1.169853645463645037e-01,9.807743014314014296e-01,8.896647323538564578e-01,6.985944109634307786e-01,2.236798164612482098e-01,8.387144331861298152e-01,3.542109000646720407e-03,1.692877258564123855e-01
1.133792960126499966e-01,9.369201792148861285e-01,6.521817944024175251e-01,8.000332151416933435e-01,1.432068185298976393e-01,8.184790795364095262e-01,1.770115326770422826e-01,1.703789528660784036e-01
1.074271391234055684e-01,9.146692971469561062e-01,7.097407769660222243e-01,7.758380210715323244e-01,1.363933257859988868e-01,8.040050102116185204e-01,5.652989777908168367e-01,1.687246281285109117e-01
1.298254760343439951e-01,9.953986979501250332e-01,6.187385392716414634e-01,8.068901317399232997e-01,8.303357214231293915e-02,9.492502280825577676e-01,6.932877263056127504e-01,1.684273000208507121e-01
1.445347840441243981e-01,4.543715661552790164e-01,2.289345974318326149e-01,7.296979710050484069e-01,2.225318989151025550e-01,9.930912631044906957e-01,3.582361237215595517e-01,1.679808319290422847e-01
1.048503545456807989e-01,9.741807605748802334e-01,6.620467433331961304e-01,8.310195429202307249e-01,9.995331839473124702e-02,7.971975598948771724e-01,6.007177379217123470e-01,1.684021143828395572e-01
9.610964963730372901e-02,7.658141635323187923e-01,7.797931299108129544e-01,7.617809620452178354e-01,1.566361704837990754e-01,9.801488721875901700e-01,7.017383884890648904e-01,1.678025241047719496e-01
1.198687126370133749e-01,7.921476240545359815e-01,6.062265949709529922e-01,6.892430129798439165e-01,2.006726540792319047e-01,9.138430924296465641e-01,1.865985459398208646e-01,1.699096158807643364e-01
1.487448029708673125e-01,8.961151861464147217e-01,3.909785425134879033e-01,7.670161836932767319e-01,1.595204514768754356e-01,8.856331702798663219e-01,2.351932180734833677e-01,1.686380359617335734e-01
1.000260428479024521e-01,8.932569181866263364e-01,6.267696947845013966e-01,8.358196712785257443e-01,1.172089507769392136e-01,7.995342581152941053e-01,3.111804470028534109e-01,1.695988584982874581e-01
1.076877518408072693e-01,7.988355213754257944e-01,6.674182954628082864e-01,7.462128055176028285e-01,1.858461701973068703e-01,9.049745350683819911e-01,3.753664166639945066e-01,1.680856671489448506e-01
9.358796458978008159e-02,8.505034644845765879e-01,6.623700726359071922e-01,7.840896522827484061e-01,1.817496833140086754e-01,6.916570931755351426e-01,2.833695296099635885e-01,1.688955959608532398e-01
1.927421912317613950e-01,9.668146908635546488e-01,2.800571884120730548e-01,6.985207759527903848e-01,1.592421943232891490e-01,9.063811724593259234e-01,2.530653191609104624e-01,1.700687435493276334e-01
1.203213093448047694e-01,7.006916628808048664e-01,5.474636825171949051e-01,7.185269940970770985e-01,2.200310348419590445e-01,9.593003813429734628e-01,1.453567004285303832e-01,1.695060348199299571e-01
1.028265067103740493e-01,8.655768650462588587e-01,7.594126268008888347e-01,7.951675473352596279e-01,1.355523950941328049e-01,9.785667361042803547e-01,4.535758886211580521e-01,1.688642661439765380e-01
1.212584454045620014e-01,8.386432670825824109e-01,7.291398190327511575e-01,6.931454522054378842e-01,2.433266867002796818e-01,9.697316275163492261e-01,5.791144345755711020e-02,1.683263703911486442e-01
9.347030678128068204e-02,8.079421117330385371e-01,7.134929742738398417e-01,8.224863646973062936e-01,1.456900155881603875e-01,9.511888300444375499e-01,7.170557930521637147e-01,1.659387961316357851e-01
7.517108936801775165e-02,5.832102482327660153e-01,5.654929633071306139e-01,8.156110801637675989e-01,1.900923294497461336e-01,8.498554798891529982e-01,2.627783623693487058e-01,1.692781022535177482e-01
1.548952866745489931e-01,9.589423822215547011e-01,2.318913345551686100e-01,8.042253375079225775e-01,1.292974472977983513e-01,7.043630607675003263e-01,1.587733768521194244e-01,1.696661792579670924e-01
1.592140641152168246e-01,7.710119480110483314e-01,3.473165249268069799e-01,7.256653809716610004e-01,1.693293471915173765e-01,9.584621933099491953e-01,2.851232011852533055e-01,1.701403728373100666e-01
1.157937933073730497e-01,8.325152047761065210e-01,5.025471849959417536e-01,8.044394343252785351e-01,1.389114176570935832e-01,8.624664606843737147e-01,3.340856676240348544e-01,1.689815685599815320e-01
9.234438192472263496e-02,9.320303498264546072e-01,8.954788643566384820e-01,7.619212425783427056e-01,1.628757327795115617e-01,8.597666635950094172e-01,3.892679898134503991e-01,1.681753230585213144e-01
8.476369090340654666e-02,6.585810476264402080e-01,7.160147541343373501e-01,7.250587380729383025e-01,2.444140967233477402e-01,8.805724747893767246e-01,2.677348079551447602e-01,1.680578386818809000e-01
9.330204093655648789e-02,9.928832657234689663e-01,8.295861993492780195e-01,8.119003062890758349e-01,1.235709707246714362e-01,7.223633739544768062e-01,4.136871088589721412e-01,1.695251651029037188e-01
7.493504381285992499e-02,6.719872294317732475e-01,7.796661200517416290e-01,7.830940030779113270e-01,1.991684869751887133e-01,8.337382255832913591e-01,3.167401880658722857e-01,1.697854243645092465e-01
9.341632377276201660e-02,7.959337476736769723e-01,5.970867615503195891e-01,8.100626053324185838e-01,1.485910336523129094e-01,7.352477834806040446e-01,4.596806019017288802e-01,1.688634003730855038e-01
9.665666663646210743e-02,8.735083765185296389e-01,7.694572599816871250e-01,7.589671393228500929e-01,1.958953130415358734e-01,8.219922115663569340e-01,2.359570770842763232e-01,1.689197290240498361e-01
1.082716083869034590e-01,9.943009299542548973e-01,7.796969336591847988e-01,7.982206605787174336e-01,1.591227284685166887e-01,7.997802302525149898e-01,2.243875696073054926e-01,1.688379820000001363e-01
1.140374642910772091e-01,9.771083820972703560e-01,9.379679547332526734e-01,6.503365733440037433e-01,2.151762439615122202e-01,9.276617881570839996e-01,4.011309434340368241e-01,1.676503199935036603e-01
1.061480476130693823e-01,8.280312509188059167e-01,8.034324360850843005e-01,7.172578250296665070e-01,1.855147462669723135e-01,9.714911952698790376e-01,3.989021799238427479e-01,1.684299530263295708e-01
1.180414497466005797e-01,9.428419796209789316e-01,9.393765849300412807e-01,6.395284249316377512e-01,2.182411014233260338e-01,9.451073116252739492e-01,3.976410376798606983e-01,1.679574894097593529e-01
7.329832299465778578e-02,5.916884722560749044e-01,6.756735327684085801e-01,7.755385172432455176e-01,2.029074543893923110e-01,9.153727381390679430e-01,4.977547817569712985e-01,1.675407956767651918e-01
9.493610142006431163e-02,8.149772781662649734e-01,6.945021483170236154e-01,8.085953262004274000e-01,1.390941762404187543e-01,8.902854451151855919e-01,5.768843198250930282e-01,1.680241957322948232e-01
1.639980775952407377e-01,9.759734552460404000e-01,4.468090718790465043e-01,6.917748075541645392e-01,1.580524913322765845e-01,9.061400513826606273e-01,4.753028795582396326e-01,1.682432986687941723e-01
7.630456720853184827e-02,7.815609151480946704e-01,8.802642404376466168e-01,8.029755412473574827e-01,1.639878049220414025e-01,9.345577736282737469e-01,4.541550153037443582e-01,1.685055617425922914e-01
1.102628875352238136e-01,9.072018523600949846e-01,7.593859630504709024e-01,7.868386639176823127e-01,1.639144482507801648e-01,9.705334907062760363e-01,1.922424033857055015e-01,1.694361158018739821e-01
8.907226493332663642e-02,8.893879883722273227e-01,8.188806158625434595e-01,7.859380871552378300e-01,1.688291826532208328e-01,7.954012574698504645e-01,2.384470649283542965e-01,1.694508050378089603e-01
8.346514560060212806e-02,9.588721060961929998e-01,8.218654699865094448e-01,7.812185580885316893e-01,2.059529014239736278e-01,5.356083810722185312e-01,1.942402063016643587e-01,1.685802191885333035e-01
1.063763230945017901e-01,9.227185147372357621e-01,9.720554324176142735e-01,6.368893690818846487e-01,2.566775231393508827e-01,8.096786568814341445e-01,1.263594638823617722e-01,1.691876423722390721e-01
1.339024580827221644e-01,8.042173353676351777e-01,5.748147081840180306e-01,6.909840548597853127e-01,1.917117384089700727e-01,9.935196509885013683e-01,4.338970514527311084e-01,1.682851024003096385e-01
9.014439466248874711e-02,9.800881778218769602e-01,8.516932363057552191e-01,8.348537114236271872e-01,1.435355217603184741e-01,7.068547560963981402e-01,4.631260359394446802e-01,1.683371485163294712e-01
1.061101004616715887e-01,8.229363118063437454e-01,6.872224894323022415e-01,7.221826491456265762e-01,2.145330037287838665e-01,8.624543633846633028e-01,2.307826270448487538e-02,1.692598537322272945e-01
1.324326918404174214e-01,7.179667791822468281e-01,3.533881221956792773e-01,7.579584768819551677e-01,1.585871992804114561e-01,8.802047330530941016e-01,3.435434971865106712e-01,1.695016436674965932e-01
9.784614645452016646e-02,6.898021862833683127e-01,6.537240406740204568e-01,7.618998424783568479e-01,1.774691554480821165e-01,9.721493503757252519e-01,6.458933962553484731e-01,1.666572436612888675e-01
6.260144553455793126e-02,3.698084500054079626e-01,6.269948558780074066e-01,8.044347460683940465e-01,2.527628644052287710e-01,9.979558387777540673e-01,3.924250334047396094e-01,1.682834146449218027e-01
9.506814859918741312e-02,8.774513732868896021e-01,7.071761595173365889e-01,7.800939446807928501e-01,1.790360361621847751e-01,7.251873952768725928e-01,4.792551981510367320e-01,1.675245482271047470e-01
1.964519388565307556e-01,7.447583243802640141e-01,1.476000753728303749e-01,7.325994428844390116e-01,1.693108477976645876e-01,9.526042071576046322e-01,4.525069777983478092e-01,1.685591137558954400e-01
9.492479392147387673e-02,9.694181205630195697e-01,6.692073496495718476e-01,8.220311515159306470e-01,1.263766473366210730e-01,6.566148077836303498e-01,3.689160535386466488e-01,1.690649195194144361e-01
1.411363361762664470e-01,8.369796440842752761e-01,2.936202784384165931e-01,7.584710104245878659e-01,1.635478140542957204e-01,7.449226915163431606e-01,1.181109675752267663e-02,1.702759002171232439e-01
9.250155899687871608e-02,5.833218657892424996e-01,5.247472815811510261e-01,7.932606049647163982e-01,1.983415418235964511e-01,9.153921104304933998e-01,4.535644457759838710e-01,1.675871583618550598e-01
1.097209965075528620e-01,7.945487596066508340e-01,6.231229016773326412e-01,8.082482321561487160e-01,1.746113891566411225e-01,9.684403904793307261e-01,2.586642089273578637e-01,1.680118246409931237e-01
8.671381217157789201e-02,9.454358945928267310e-01,7.819998812203438066e-01,7.701663318686530202e-01,1.902047391578475521e-01,5.646256069631321317e-01,1.936733140507708173e-01,1.694344136744788953e-01
1.163279931681073520e-01,8.874558276872992479e-01,6.661090543657506302e-01,7.604761758063004473e-01,1.733325298725732488e-01,9.240902126522658744e-01,2.449571409787926479e-01,1.691198419560966393e-01
1.268176100493501324e-01,8.926863248703662546e-01,5.672727221082696225e-01,7.772464991755358987e-01,1.143345914733740615e-01,9.207570726753138146e-01,4.428538654405372865e-01,1.699877722276835479e-01
1.118923498269516204e-01,9.088994026581751484e-01,9.964342252639332154e-01,6.238250746830800164e-01,2.536819100675792305e-01,9.702642021589364951e-01,3.863193877766524231e-02,1.696089651046447100e-01
1.024295143149611398e-01,9.949427127333183574e-01,8.803447302102971328e-01,7.063603604620234400e-01,2.066240976732696688e-01,6.434606106360640787e-01,1.727746112203192019e-01,1.696736524802117119e-01
1.617859052248007690e-01,8.783038564422641636e-01,3.010703203580519238e-01,7.596689539968440874e-01,1.202814762274596050e-01,8.883226826255151698e-01,5.461992024591142414e-01,1.686716332891687042e-01
1.115325502661321383e-01,9.226248895904181069e-01,7.502628072477919297e-01,7.427360337987165551e-01,1.877379648962296255e-01,7.774473042766431030e-01,4.442626616789807636e-02,1.702952251043658161e-01
9.927041532347691266e-02,9.761298536291275196e-01,8.327008813858101099e-01,8.052679420380003394e-01,1.136474608938229380e-01,7.994944049387686658e-01,7.077116587105114487e-01,1.680695903756502796e-01
1.058212836359145731e-01,8.487828356508088090e-01,8.244054840405448115e-01,7.100831583395402768e-01,1.864170325749641421e-01,9.568358714943143717e-01,1.552367784086635671e-01,1.701146730052723877e-01
1.406839311787293767e-01,8.536254229127266946e-01,4.611340717713335868e-01,7.188434077872304373e-01,1.475009828431965708e-01,8.962931586424254249e-01,3.771445510536836077e-01,1.695948404059001990e-01
1.089785917791037534e-01,8.996058293232146452e-01,6.871755079429667790e-01,8.131442676739544240e-01,1.469055117073925221e-01,9.185322194111892324e-01,4.705370521623700730e-01,1.672783155910860242e-01
9.775231157257212311e-02,9.717214916681347070e-01,8.472426685871823349e-01,8.020913239705049769e-01,1.608779359293370514e-01,8.202037438487558285e-01,4.451974535697083568e-01,1.673131111810260696e-01
1.053178343910722986e-01,9.850349998739988955e-01,8.207211476935408756e-01,7.053913933569541106e-01,1.785718201246575543e-01,6.762300075084757278e-01,4.387133321382160611e-01,1.683777563924034049e-01
8.636988490171720878e-02,7.617375855273891272e-01,7.027004348120526878e-01,8.079397953873550531e-01,1.889715616816584620e-01,8.369855203258670384e-01,3.500469511414415202e-01,1.675096529948190693e-01
1.058417766292757967e-01,9.377370486282433637e-01,7.853442895919942046e-01,7.728192269119433799e-01,1.747166649234715430e-01,8.253924771423042372e-01,2.220199895637975374e-01,1.686505309521283691e-01
6.625380142877485001e-02,8.445007789579094259e-01,7.702878048038943604e-01,8.755539983686105865e-01,1.492701064782865905e-01,6.349483505806828854e-01,3.697191358317031828e-01,1.686446948130135015e-01
7.244670484198037497e-02,7.935218155567456133e-01,8.357099147628737068e-01,8.355447646466829248e-01,1.635222891553154978e-01,8.425070810349837291e-01,3.949691127428129889e-01,1.686637107355616338e-01
1.267062554360349758e-01,9.025467737034433835e-01,5.791191809067277596e-01,8.137673399785919637e-01,1.018877967138763913e-01,9.920846339505037248e-01,5.120172144442380890e-01,1.689381425204560805e-01
9.645931907648025438e-02,9.063615297180025454e-01,6.219881993743039406e-01,7.987296519774973458e-01,1.851806104218531313e-01,6.101304495553989682e-01,1.232095976858175457e-01,1.689367030179118601e-01
1.816666774077330682e-01,8.887166267466397596e-01,2.951668683622941658e-01,7.251518594153287811e-01,1.681639950322399990e-01,9.710756625685215138e-01,2.273247804146835416e-01,1.686705501720041078e-01
8.116105568504237977e-02,9.635180947798497320e-01,8.807454588737224643e-01,8.314742667019888733e-01,1.544551129857854033e-01,6.420904105929881034e-01,5.146067054749848824e-01,1.675164643462377645e-01
7.128908624796727322e-02,5.841846601986475651e-01,6.444311188090229292e-01,8.047590556120096661e-01,2.124294899387804691e-01,9.050498267843511968e-01,2.538273966789732494e-01,1.681756346686774095e-01
1.219282330979236523e-01,8.040561002422770276e-01,4.736633851506333315e-01,7.784704664420067921e-01,1.370339461298593076e-01,8.887481492541133843e-01,3.289262913026373969e-01,1.697668266154417349e-01
1.183241415815066699e-01,8.740447184795916424e-01,5.916636991199042406e-01,7.427731191566019353e-01,1.643761634396659344e-01,8.847051056995225427e-01,3.445621151855683961e-01,1.681932196788849809e-01
7.607759128803523452e-02,6.805520068847040749e-01,7.211413357538734026e-01,8.291354836621420699e-01,1.874321206613967783e-01,9.159094915172540929e-01,3.014932214358592155e-01,1.684479385770466520e-01
1.076106717653146361e-01,8.126798417900836791e-01,7.115404984717090819e-01,7.501288900997389320e-01,1.780618235727617071e-01,8.920657634349268283e-01,2.344234268489335526e-01,1.700119637986861887e-01
1.186490654507652703e-01,9.295052357838935464e-01,7.053026653521278222e-01,7.383463529308023077e-01,1.588672974220660672e-01,9.065573764402919954e-01,3.861124913019952087e-01,1.688798192568767287e-01
1.335632308575066540e-01,9.131582080240137067e-01,5.950310102938988210e-01,6.617035184926993718e-01,2.049448000580255114e-01,7.883553629208372993e-01,6.058243753154696210e-02,1.705595383102667395e-01
9.229747214274526546e-02,7.283798511349095506e-01,7.555731544301363956e-01,7.494466728921822529e-01,2.164114357353285056e-01,9.861461944279903413e-01,1.573061706498567747e-01,1.686952194240134706e-01
7.971729192962570543e-02,7.275007419686618793e-01,9.491425399763655513e-01,6.852111581009516783e-01,2.593217724695949800e-01,9.029673551217747285e-01,1.826886875004573307e-01,1.685869766902538813e-01
1.599539468778170270e-01,8.738107060811913795e-01,4.740573674769252843e-01,6.594050393347073991e-01,2.202566550498926135e-01,9.677707659906282789e-01,3.856322078166957157e-02,1.694916119076480265e-01
1.022479731361169986e-01,9.684028482700430818e-01,6.748416255553640886e-01,7.832042183463382434e-01,1.622788854191850039e-01,6.272922901207277357e-01,4.486433619093488367e-02,1.711572300693979254e-01
1.182839724495498152e-01,8.848001413583194141e-01,7.397405397389714699e-01,7.023424534313096324e-01,1.761379101525901714e-01,9.581407248800390963e-01,4.007248888333431736e-01,1.691507937228166614e-01
1.010953897808050672e-01,7.458052105613552918e-01,5.310071489917363996e-01,8.256285670424182710e-01,1.379848507185641171e-01,8.896936748794078698e-01,4.170430988586509846e-01,1.690624302445163374e-01
1.476095866199080842e-01,4.940026183653999370e-01,1.802248357703785664e-01,7.658831172888820316e-01,1.963781804560216782e-01,9.579041221598354472e-01,4.639328251284479121e-01,1.674629955183472574e-01
1.107742822079041539e-01,9.890344302128173393e-01,8.796037549619080131e-01,6.844348525397851990e-01,2.117889050548908136e-01,7.379379522345148601e-01,2.299110777064099498e-01,1.693729743219330730e-01
8.438649424855361458e-02,7.476326194015290305e-01,7.565414497786024928e-01,7.719861921852071429e-01,1.948702954370198914e-01,7.955812327399003347e-01,2.799780340645114385e-01,1.698605288729754248e-01
1.944538707481515138e-01,7.860428374055028478e-01,8.399906808571844241e-02,7.295753904113004840e-01,1.604787443509728129e-01,8.415242712316123308e-01,4.909460058781335290e-01,1.682008412104452899e-01
9.340583662478907367e-02,9.263211657870542570e-01,7.576105222423124008e-01,8.188116979437398690e-01,1.450330741906454279e-01,6.963413946505525587e-01,3.899886596778778802e-01,1.691329980119060938e-01
1.181416983289615419e-01,3.391521869819923984e-01,2.471625269783453149e-01,7.563949585647550267e-01,2.377266421151750242e-01,9.474264790899966648e-01,3.944226006153865871e-01,1.680921130014378650e-01
1.026986670204487473e-01,9.860559131836430513e-01,6.512513894936834413e-01,8.178092997191513946e-01,1.447918024160099737e-01,7.116702707992930144e-01,1.921265935272613579e-01,1.684582708298218434e-01
1.276396457097920822e-01,8.131890209495129529e-01,1.357651761295542436e-01,8.476493637268924797e-01,1.341976035308259374e-01,5.567989469160015137e-01,2.919608657917382999e-01,1.696235701077375702e-01
9.672050960654697549e-02,7.529393669762773911e-01,5.636616789371531322e-01,8.285834192563575895e-01,1.667981547566027567e-01,8.090502264804994015e-01,2.272052001807638166e-01,1.696295071607246407e-01
1.645970225723663583e-01,9.363190768814362297e-01,3.643481018674545879e-01,7.317011263812207567e-01,1.271705783948744728e-01,8.971138883728114743e-01,6.651151494346565496e-01,1.678976943220001905e-01
7.832240947282204102e-02,7.674954194366543359e-01,7.407710018186366430e-01,7.580385318985015664e-01,1.934526157977252969e-01,6.588004248150320930e-01,3.089546235507099614e-01,1.695268268322225325e-01
1.120157592866378587e-01,5.317936797319307018e-01,4.139485137288518302e-01,7.661869323641640195e-01,2.290757782199228931e-01,9.512723906275646346e-01,1.967410234860342000e-01,1.686858984430572861e-01
1.051798770411728617e-01,9.986413996140062199e-01,9.489440239207507233e-01,7.050665717220050421e-01,2.192269449848345819e-01,7.229932410786710228e-01,1.987622524853311923e-01,1.685081981336946089e-01
6.752377651464822050e-02,8.556210105924055842e-01,8.051248018163108533e-01,8.203379687981858792e-01,1.631790738847483102e-01,6.019744620309478433e-01,4.572962360648459845e-01,1.680138402886713900e-01
1.133449114811032610e-01,9.222890123262572626e-01,9.458677482193301733e-01,6.390338563857960175e-01,2.177029347789102287e-01,9.326936616674863512e-01,5.246689562521693606e-01,1.676211530850401088e-01
1.000094079313640638e-01,7.383573904586783199e-01,6.192231299284947088e-01,7.809212896463193498e-01,1.732411666542734707e-01,9.726419718853486218e-01,4.737115303322430027e-01,1.671849981886133207e-01
9.981301941407280665e-02,9.031068195038941537e-01,8.870751854509475454e-01,6.886028720505015244e-01,2.276459540963457207e-01,7.838938735563365512e-01,1.192043076949127478e-01,1.692066110904141829e-01
1.023894691841470694e-01,9.574190524816639236e-01,7.804034508704733586e-01,7.397027206727855297e-01,1.762129813299687375e-01,6.865118912577666821e-01,2.441383442546075089e-01,1.694307916277454917e-01
9.730888157505818148e-02,8.534958475539717870e-01,8.708317822384505913e-01,6.470704034982142083e-01,2.530206111718061313e-01,7.722182070706641310e-01,1.063523402877250279e-01,1.688409079279269975e-01
1.032159287812334375e-01,9.643846992413557251e-01,9.825874104547831500e-01,7.053565906162334587e-01,2.163770724960480396e-01,9.235778513481925911e-01,3.536266207709513054e-01,1.672909260355306682e-01
7.936958280659674181e-02,7.114862038168651148e-01,6.719446721603521411e-01,7.638894584053518289e-01,2.125958913933714556e-01,7.465960444975330290e-01,3.288159030124737647e-01,1.679927853083918454e-01
1.155617276752762407e-01,8.062295379032258236e-01,5.604954425533951179e-01,7.556182737745411604e-01,1.506003294987299790e-01,8.447324222348350231e-01,5.493288287573891981e-01,1.688122017034011102e-01
9.583041907606786036e-02,9.462543849826173803e-01,5.319927195449380974e-01,7.928081604426795437e-01,1.640741722962627547e-01,5.028900066553760873e-01,2.312435641287348687e-01,1.696923766612383755e-01
1.021133827809635880e-01,9.055997733736683708e-01,9.162143870140033730e-01,6.993863085205582752e-01,1.947940059199322616e-01,8.382263547256763037e-01,5.614965405719190006e-01,1.680234466755997358e-01
1.213911441716100381e-01,6.149498406148928842e-01,1.304105082436092800e-01,8.187207432697757303e-01,1.731512823246861010e-01,6.606187711021416220e-01,1.860065572864724459e-01,1.696786234020532247e-01
1.024868490938662113e-01,9.762555161237433943e-01,7.259000167439556561e-01,8.433778726260441339e-01,1.388325878609024677e-01,8.380943148464827797e-01,2.705329613431461944e-01,1.680594810055215382e-01
1.456424112159244999e-01,8.728005218420655797e-01,4.102002156110047260e-01,8.067671233630390182e-01,1.079430219228459664e-01,9.626326348878125883e-01,5.885070420428162308e-01,1.681247284745515935e-01
8.050565186836382281e-02,8.993162006743277148e-01,8.366080705989591415e-01,7.635119839718308432e-01,1.786418795720570718e-01,6.266847500590396747e-01,5.090848972230275216e-01,1.679888649719875615e-01
1.073603439775867169e-01,8.762197787058804144e-01,7.330928661522931877e-01,7.683918935094784519e-01,1.442456478631775618e-01,9.166400386785623633e-01,2.783849906497104509e-01,1.699792871093556423e-01
9.040314887847440695e-02,9.476328476506932219e-01,8.984987893022196026e-01,7.303429286791288666e-01,2.053371671065157555e-01,7.016053818461494007e-01,3.465602528562970464e-01,1.676857215334872364e-01
1.112056929541699463e-01,9.393120483234657092e-01,6.395253867157505434e-01,8.394961849841167112e-01,9.800929874398199571e-02,8.495420534887903052e-01,5.922625418243139261e-01,1.681688200869107530e-01
1.239294711491200907e-01,9.830156277414447974e-01,9.697486973585204284e-01,6.221046460595772709e-01,2.553571792680164876e-01,8.669699835831731205e-01,4.336384103732071615e-02,1.698134899790877950e-01
1.136183975479403280e-01,9.398716869210399505e-01,7.622858393403815214e-01,6.838215186711903426e-01,2.082296589629183126e-01,7.204988361778557060e-01,1.472116410844931389e-01,1.695822509799433386e-01
9.629965606678286827e-02,7.210843291782489395e-01,5.265194972590488964e-01,7.619139918294732805e-01,2.024564608187721104e-01,6.968783771318457498e-01,1.244873340667402295e-01,1.703788702731529048e-01
1.073703932796814253e-01,9.370733485012545660e-01,8.914221074217525409e-01,7.208078428516628833e-01,1.848356759954623285e-01,9.059941588887625574e-01,4.949615988254769672e-01,1.678217298229515431e-01
1.495763676081245663e-01,9.039997407011508557e-01,4.776083038156246352e-01,7.020999531730440779e-01,1.849237730895184617e-01,9.474097258688510825e-01,9.510567738736228072e-02,1.688562180302142224e-01
9.084154937549647479e-02,6.158393060779953077e-01,6.657276920671925113e-01,6.993672623273370359e-01,2.454008706732299094e-01,9.389477563106796154e-01,2.097428841150368040e-01,1.684169320068337750e-01
1.299992833589674324e-01,9.041497282540570390e-01,5.991654361837133180e-01,6.928804638261496507e-01,1.974416821989629367e-01,8.220411482508521717e-01,2.814963415498136778e-01,1.685157882401482343e-01
1.380716840737405415e-01,9.130028873149230728e-01,6.726559049491100950e-01,6.863616679802121423e-01,2.331743863239271186e-01,9.779215335886051186e-01,2.276595398718272989e-03,1.684490073615088346e-01
1.130309889416477587e-01,8.191064772670635374e-01,6.496549561453677235e-01,7.444724868841381404e-01,1.526586084411566402e-01,9.054618776030760596e-01,6.551751607849807257e-01,1.679348146926512297e-01
9.106605566074184310e-02,8.890761580408530484e-01,9.762793200329789034e-01,7.128714343394677577e-01,2.005704461607933919e-01,8.140043287634275426e-01,5.480264957864852127e-01,1.681523609703526323e-01
7.295415623845724618e-02,5.982767148615164565e-01,7.731796909259402995e-01,7.672859564790458498e-01,1.981472495423588775e-01,9.625613519530045181e-01,7.589640903993903898e-01,1.664039419878581283e-01
1.086135653469378487e-01,8.345453099840403066e-01,7.613539054175216814e-01,7.114799180784981969e-01,2.022388997931253984e-01,9.843740776378879787e-01,1.661174340590760579e-01,1.684726508519290011e-01
1.654101494656977089e-01,8.207310252541669682e-01,1.417999465515280555e-01,7.721278103390980529e-01,1.423850061288559343e-01,7.586703719964011938e-01,3.065947242058603694e-01,1.695967092538052112e-01
1.195692874066788258e-01,8.974195970808752643e-01,6.561312660643703332e-01,7.304627398325480581e-01,1.853671793775319432e-01,8.741151258414965319e-01,4.333434691711406384e-01,1.670834606044634962e-01
7.810041855703850344e-02,8.965414754241523010e-01,6.328755201954172627e-01,8.310198833991045975e-01,1.597774656212875011e-01,5.229063145910514132e-01,2.506430363940707617e-01,1.696141943978682065e-01
1.004338531351620933e-01,8.258090749742557080e-01,6.929427364165882119e-01,8.036377357049643289e-01,1.440117466423459502e-01,9.184011693414898536e-01,6.571510692115188901e-01,1.665236358208792289e-01
1.041599315046699975e-01,8.463344059806859887e-01,8.543269528187371620e-01,6.697136620700749887e-01,2.102982489353054096e-01,8.906937833051304931e-01,2.730280150518858973e-01,1.690104968659635609e-01
1.027609674050458111e-01,8.808292150641396923e-01,7.293538948895874618e-01,7.822635118512074603e-01,1.941934106552783978e-01,8.270141163132846973e-01,2.506059662956727774e-01,1.679000066107860234e-01
8.536119618939165543e-02,8.382281744897946973e-01,7.391591353917139617e-01,8.087804216674320257e-01,1.536240194111717638e-01,7.950949365485920906e-01,5.825651783149221608e-01,1.670945595176257792e-01
1.946297150320678848e-01,5.632591485826181632e-01,5.067616989282802686e-02,7.302897644983598058e-01,1.977558409742482537e-01,9.647126949209998692e-01,3.493805283424235020e-01,1.675303130432997112e-01
1.296814687368118557e-01,8.776999515418563158e-01,5.430785833054776468e-01,7.383589417033525892e-01,1.603743425539550516e-01,8.730124349869692324e-01,3.138235687796974704e-01,1.689407649872597117e-01
1.465160424311537368e-01,9.814875515217769131e-01,4.674720201399503727e-01,7.832505199825521292e-01,1.322102696993306403e-01,8.607366314370381577e-01,5.528925144988556806e-01,1.676572288799916544e-01
9.246121653107995664e-02,9.700390789640371825e-01,6.607956171774811427e-01,8.405147088473844397e-01,1.098999655633142863e-01,5.979529701104966399e-01,5.280916064063274629e-01,1.693776528925781677e-01
1.103114136452271882e-01,8.287829221122793300e-01,8.450128653365431841e-01,6.462733756608937119e-01,2.485242649455813579e-01,9.270062822734028707e-01,1.084823618375273246e-01,1.692231442618821191e-01
8.628659627271437205e-02,7.517454068920449428e-01,7.551854191216207379e-01,7.850162488696176277e-01,1.994415499429116057e-01,9.037084222723579252e-01,1.536688368390024262e-01,1.687571882825846525e-01
1.567653920437114823e-01,9.866802202616676842e-01,2.505339963052352070e-01,7.512977552676115556e-01,1.454553253294010862e-01,6.605578884219409641e-01,2.695478212878672508e-01,1.695653310918547041e-01
7.024022552106820583e-02,8.265597590075317580e-01,7.135107613066946630e-01,8.252210710421531425e-01,1.912108586379375474e-01,5.938305067657605463e-01,1.316835798236362653e-01,1.692567047356935139e-01
9.562971249995463885e-02,9.127355644604639995e-01,8.632219606341540175e-01,7.845434421752826015e-01,1.654515482388088654e-01,8.888089830495168320e-01,5.289414162911805217e-01,1.678350850655092874e-01
1.306487213882142895e-01,8.947622451830247181e-01,4.996370447922413582e-01,7.200387002992217900e-01,2.035614460595416286e-01,7.605450100102605360e-01,1.452992741415392308e-01,1.687642756019041568e-01
1.335926650889273648e-01,9.899019777682671606e-01,5.984377435243781740e-01,7.260177135409320304e-01,1.645513720202631813e-01,8.836939646412156346e-01,3.231781846956024995e-01,1.679771313663287746e-01
7.892571855951141524e-02,8.419769350983860035e-01,8.386701180773052933e-01,7.997815751276906582e-01,1.643534414421227441e-01,7.157726190223415719e-01,5.693395762206618915e-01,1.681551966995007419e-01
7.674458919746532382e-02,8.781118480055922770e-01,7.913191799697359974e-01,8.118518249053685576e-01,1.534033563830989044e-01,6.969423052024975584e-01,6.222417661626684637e-01,1.667228456516846036e-01
1.062914431410677263e-01,9.463071642007311324e-01,7.811521795350329089e-01,7.718483388822403590e-01,1.312384392735797822e-01,8.881713815159862913e-01,6.892986966691656558e-01,1.670340153675253791e-01
1.070882597984035012e-01,9.895672218247073548e-01,9.603118497043245938e-01,6.952408923614805669e-01,2.047617155067817107e-01,7.253890768045433424e-01,2.619691088751526786e-01,1.698106111487834025e-01
9.229020194035315872e-02,9.460559893822241273e-01,7.590213187223652236e-01,8.113288072411373175e-01,1.674017411336364836e-01,6.097337628877591564e-01,1.273031847496716717e-01,1.705694084116354814e-01
1.433572242613424530e-01,9.290959860327570041e-01,3.492594899384937057e-01,7.494996448883292084e-01,1.637049161787197116e-01,7.343600730799396681e-01,1.325201969962957749e-01,1.692136857727529475e-01
1.091210427500497321e-01,9.510896686704929381e-01,6.571645146120284053e-01,7.888493691803897256e-01,1.276663426777467913e-01,7.617478448998450391e-01,2.779217989919500753e-01,1.698154901983303378e-01
1.116747716988443356e-01,6.850977628945029707e-01,4.784517170956513743e-01,7.477780757325649397e-01,2.145145753750295203e-01,8.379390173276274334e-01,1.321977702598531312e-02,1.699532281340268292e-01
1.008930387661909067e-01,7.525753787890888669e-01,6.830482133973337922e-01,7.173156239992430905e-01,2.123554281133288035e-01,9.157752127058766956e-01,8.879537169041476496e-02,1.690570467506427033e-01
1.208906996181604993e-01,8.659333529091708392e-01,4.733682032542969598e-01,8.217461096389605535e-01,1.096355919515129840e-01,8.475378030412379360e-01,6.820069382603324293e-01,1.672279488784227386e-01
1.095274501823427504e-01,8.037473130175427638e-01,6.933174473557900397e-01,7.556596134784911989e-01,1.777073851982742536e-01,9.450482983124967040e-01,5.839985581669615566e-02,1.704806170030699619e-01
1.076690935186039866e-01,8.798076641055820879e-01,9.263576837047426960e-01,6.704765710889527552e-01,2.474169060133998288e-01,9.905465720188706413e-01,1.140873374684056585e-01,1.684057485129652199e-01
1.584581601646776194e-01,9.756627349161152152e-01,5.685528379435828006e-01,6.660404455482029640e-01,1.930565433263965180e-01,9.464419597831967845e-01,1.475268043221127645e-01,1.693812658833216689e-01
1.425585807841835140e-01,9.389648137543058493e-01,5.401108200970071715e-01,7.090173529474896874e-01,1.608879737092473172e-01,9.284935430795983047e-01,1.380760560654254732e-01,1.703991173922042579e-01
7.766185417210258457e-02,9.156112110582438346e-01,9.098064114143609160e-01,7.748856840889952746e-01,2.040852775063556890e-01,6.050467978526328228e-01,1.096207732916960331e-01,1.696272760260643941e-01
1.350692679959442921e-01,7.875862150754747715e-01,4.326966299807690208e-01,7.481127090035383231e-01,1.631132108677010306e-01,8.938452913979249015e-01,1.350705555645285716e-01,1.704062239555616531e-01
8.762819172877017726e-02,6.318515577574768116e-01,6.195225912510927690e-01,7.870061449475346249e-01,1.997931380368699328e-01,9.488256102083425514e-01,9.067560108893671367e-02,1.694753925178258680e-01
1.277790917243130930e-01,8.323129172419826416e-01,5.577900156270985121e-01,6.926112551938694573e-01,2.123697757433243016e-01,9.031355284377579062e-01,1.245521576272698994e-01,1.689288976757398475e-01
6.193305643607033978e-02,6.120650541625566321e-01,7.713143002349873711e-01,7.751480103565762114e-01,2.356052030316372337e-01,7.803648069364779172e-01,2.716718915764640974e-01,1.683356347835442690e-01
9.483873027608911987e-02,8.233226160430733298e-01,6.703526738743023072e-01,8.104862793596425696e-01,1.230322520672863656e-01,8.196336207794788775e-01,6.191069723759194954e-01,1.686694879082491216e-01
9.278847792370284453e-02,9.949146188243094269e-01,9.837339869042903695e-01,7.554400206463823819e-01,1.931632853782292714e-01,7.216976327679223147e-01,4.957224319398929602e-01,1.672021814336142886e-01
1.327207307372521572e-01,8.881133023030074458e-01,4.788773793022465530e-01,8.074106293422858016e-01,1.460489564799566375e-01,9.028901518041194674e-01,3.429354560510547434e-01,1.682264276778298873e-01
1.642742251011946319e-01,8.625310873023375180e-01,3.555147201053814876e-01,7.384956647364798732e-01,1.697876541829828889e-01,9.812705927623304181e-01,1.279380470544528303e-01,1.694345806873227001e-01
9.405233450148425822e-02,7.279941728861123451e-01,4.735997863186339751e-01,7.979165379487859200e-01,1.671398122603206249e-01,7.187348583985759820e-01,3.078144578077281479e-01,1.691138259859074622e-01
9.436266013786920315e-02,7.841698573138856654e-01,6.582164870041727900e-01,7.868005214557037830e-01,1.969402270003102473e-01,8.425928601971796050e-01,8.810455914939779865e-02,1.691248060165168599e-01
1.371617916019494954e-01,8.650996464196549773e-01,4.554955933804710200e-01,7.690139419159639500e-01,1.656136118444075378e-01,8.687182220066884675e-01,1.571013749995701370e-01,1.690690154951112745e-01
1.570676737402560696e-01,8.642709904175751578e-01,3.996872053173147199e-01,7.195867877232131615e-01,1.692139590910261004e-01,9.182264880230344151e-01,3.139059176935695139e-01,1.691895104304176334e-01
8.992175775926633530e-02,9.521957403547330889e-01,8.920397745154010627e-01,7.237682117115884495e-01,2.167804248719798210e-01,6.581709641982044223e-01,9.023374896879085560e-02,1.688964581916514718e-01
1.168245165265385382e-01,9.905479579283137381e-01,5.112041565145120092e-01,8.556719592468503555e-01,9.998819766564390199e-02,7.475498412129503167e-01,3.530926312187667171e-01,1.691636651418211568e-01
9.861761275540784077e-02,8.841656937381124903e-01,9.169283921998110376e-01,7.425068291465927173e-01,1.831120716346254229e-01,9.267227484388984582e-01,4.148152159206917600e-01,1.685686973452164561e-01
9.063616889853953751e-02,7.914120522305629901e-01,9.280177686152256689e-01,7.162860066758949262e-01,2.405734374333578229e-01,8.975232698335341430e-01,1.192232057013329349e-01,1.693241045242782905e-01
1.080184873973211168e-01,9.185310888292845810e-01,8.805491605097706120e-01,7.666349850088544082e-01,1.777905127494133486e-01,9.968891676158240234e-01,2.354365190703198163e-01,1.687007665838399506e-01
1.138939256268767519e-01,8.699363871909525647e-01,8.969959461691436875e-01,6.838872383062728488e-01,2.204648876012598180e-01,9.952716222447154371e-01,3.583120095765653379e-01,1.682900689565940133e-01
1.019892047725606266e-01,6.627155883508265566e-01,5.590395582544755992e-01,7.563206947700715777e-01,1.970852657832372901e-01,9.838266738407678291e-01,2.563402688869333423e-01,1.685359497540741824e-01
1.248341620942928221e-01,9.943549085918805819e-01,5.202673480798184480e-01,7.760377032666914143e-01,1.224850355405490698e-01,7.024587367014687445e-01,3.578078452030895029e-01,1.701917874909705530e-01
1.426273247167493818e-01,7.954221064103162986e-01,4.623060167686648958e-01,6.991132390197744018e-01,1.725617162710521013e-01,9.633912622664353442e-01,2.495041178069692389e-01,1.703072590578296464e-01
1.174693381127373398e-01,9.858237881172172701e-01,6.140773261442120656e-01,8.224736204649807370e-01,1.018984517733794865e-01,7.946106167304838319e-01,4.193670924850193549e-01,1.698150535924935756e-01
1.879173808784474486e-01,9.404053925744252362e-01,3.278316026690675233e-01,7.219582858915362111e-01,1.322630374193232705e-01,9.974843901161546400e-01,4.371221405330212306e-01,1.698206831299675090e-01
8.461087074952294840e-02,9.364910248768649748e-01,8.197214586896601762e-01,7.516858819944658432e-01,2.037945913295463873e-01,4.833148516577269738e-01,2.278629582380795326e-01,1.697401980835930302e-01
6.736993822481859850e-02,4.692854523674684364e-01,6.356141506197672264e-01,7.538260068672034686e-01,2.517175201001367046e-01,8.933792253593689781e-01,5.232497089569021487e-03,1.703911582958781978e-01
1.262433977566424781e-01,9.089570602910447272e-01,7.049962769804211105e-01,7.035307709113673980e-01,1.902500869321534505e-01,9.754178729076736776e-01,2.464248484672777739e-01,1.689609571145283262e-01
1.161717659485842630e-01,9.062595786082383587e-01,8.293434944509125994e-01,6.594358692934289001e-01,2.296105409965783772e-01,9.512485069467528920e-01,3.069374025523602945e-01,1.676722974530815147e-01
8.634601696430782569e-02,8.902580634134342752e-01,7.470650617944576410e-01,7.474265474927227482e-01,1.934877295147751364e-01,5.815168614729702146e-01,4.227576380888693475e-01,1.681256182056688475e-01
1.270462869882916235e-01,9.024116772471948433e-01,6.426554318652819564e-01,6.875748314213321333e-01,1.960258495210097374e-01,9.099928867893408713e-01,7.098526341198413414e-02,1.700364872888800449e-01
8.559236183469198789e-02,8.860890005443622375e-01,8.214456595714698661e-01,7.697902445741342525e-01,1.584201020696471840e-01,7.270847931091052319e-01,6.505997102792719922e-01,1.670362377319870584e-01
7.511312451492077602e-02,9.200699438270465436e-01,6.689978965528486921e-01,8.045361162082361739e-01,1.793176671892811047e-01,3.995219142081410379e-01,2.181968876394030088e-01,1.701842110342123293e-01
1.236911768512197474e-01,5.399820081742806588e-01,3.361047764982144637e-01,7.468661472268777191e-01,2.135455567075038030e-01,9.495750446006092638e-01,1.000440178239071221e-01,1.693904894161866737e-01
7.261039150887960147e-02,5.631448781928629632e-01,6.775789303165709043e-01,7.701385119473164176e-01,2.278753356518530004e-01,9.021765902870626519e-01,1.168197963746724077e-01,1.702486101881773850e-01
1.322492448981026081e-01,5.106089609379093064e-01,3.220296907401390407e-01,7.208607240286235562e-01,2.440443273389379941e-01,9.616849612879002640e-01,2.578028005321891247e-01,1.678492945266078784e-01
1.401612654266727043e-01,7.455017989209089535e-01,3.231432744846873817e-01,7.959333314084693356e-01,1.509078689225580305e-01,8.883282982059179655e-01,4.051242731127471797e-01,1.684611800186049113e-01
1.452891901601274238e-01,3.380160879315087241e-01,1.186552048014266614e-02,7.831663209764865297e-01,2.300725427069389428e-01,8.161179894005752278e-01,2.582277161753135375e-01,1.678103144627893784e-01
1.125151480886557587e-01,3.419207397007940075e-01,5.965801434215067811e-02,8.391863842441559251e-01,2.048188043915103451e-01,7.303176824053847493e-01,4.143144411635326652e-01,1.677631027554326582e-01
1.341429017922423639e-01,8.559818968199831568e-01,4.203271550812238688e-01,7.858657144689658036e-01,1.223109793729627165e-01,8.490349692298920781e-01,5.067037786225786489e-01,1.687755529259462040e-01
1.404756362946984471e-01,8.210573181370123264e-01,4.278806867648138335e-01,7.134463161544865040e-01,1.642600887204070381e-01,8.732947252911500424e-01,5.015681834459092547e-01,1.686130444538601336e-01
1.349435040411652575e-01,9.073080825802336546e-01,7.794549967636881238e-01,6.170252348698411771e-01,2.423907906355446673e-01,9.398997115263791891e-01,1.119045789241046585e-03,1.701017100764925793e-01
1.207255235288337974e-01,9.988537196737417023e-01,7.407769927573294444e-01,7.739635279567069759e-01,1.311518422621092139e-01,9.912199357199338312e-01,4.014662428323881871e-01,1.676543876624404517e-01
1.342634939338503419e-01,6.206339029466100277e-01,4.156139380486048029e-01,6.995482120977072338e-01,2.447309849035367579e-01,9.668015637049514055e-01,1.185013637941786935e-01,1.687787595354297843e-01
1.466460258860332322e-01,9.891035763429556482e-01,4.078848291632911627e-01,7.724422427301267380e-01,1.436014933288193851e-01,7.463356767076777531e-01,3.346415691222978661e-01,1.695305360195984157e-01
8.686752866347056956e-02,6.368654230147939854e-01,6.406890237746194483e-01,7.831286488283110137e-01,2.086273405086046251e-01,8.963120212354098726e-01,3.999581458942238488e-01,1.678612371433128303e-01
1.002518472275135131e-01,9.157577828271260545e-01,7.550926851950108265e-01,8.104680575587291935e-01,1.679430886023580427e-01,8.769706514108627227e-01,2.538243197976158827e-01,1.681582758807421141e-01
1.619813204307792576e-01,6.678005189776043959e-01,4.809390078169761829e-02,7.986904880093460557e-01,1.630509961954800802e-01,7.351552809190006199e-01,2.854189582689137250e-01,1.691695770068548932e-01
8.983738314483269427e-02,6.272172935643778313e-01,7.574616639803546381e-01,6.948659594687456309e-01,2.517898812320764068e-01,9.920026268274915182e-01,1.005677369395580611e-01,1.693607933457173531e-01
1.428474130721248680e-01,9.924397677214157332e-01,4.047240018606484968e-01,8.089012696875756969e-01,9.016808661151184956e-02,7.761814073726940322e-01,5.539343793150184325e-01,1.691847197293086802e-01
1.073672933995070411e-01,8.676068097574575200e-01,8.017711662049133992e-01,7.206317627556111383e-01,1.709440959908522240e-01,9.427207632640220991e-01,3.703812168467285337e-01,1.696532717903553311e-01
1.051181583525445939e-01,9.573700767585391347e-01,7.810506067332494418e-01,7.109015319320385329e-01,1.814487781151569723e-01,7.691544633614946225e-01,1.901395776735328724e-01,1.697914325739366403e-01
1.586146782552880774e-01,8.049611297681675826e-01,3.448758983726393224e-01,7.256428622038024745e-01,1.795201369055912655e-01,9.114910098128691240e-01,1.846745152696270265e-01,1.692206582243286628e-01
1.533072735610487847e-01,9.693189433023734480e-01,6.160274108319384601e-01,6.498730668206955663e-01,2.179431870342837807e-01,9.808136196716141786e-01,9.016171928939975544e-02,1.686220000603989855e-01
8.575092361502560656e-02,9.507209067465768326e-01,8.845654818621107029e-01,7.046942564464011571e-01,2.298709090860697191e-01,4.862245602232443953e-01,6.315140069951907797e-02,1.699127197492662777e-01
9.315092305720226729e-02,9.503840878824634242e-01,8.076750797207867816e-01,7.293599086439347401e-01,2.154982946818628786e-01,5.601600832183086798e-01,1.479959845641971028e-01,1.690510771252884403e-01
7.014184288914335208e-02,5.874953466404040370e-01,8.019170989744224265e-01,7.655000470426798209e-01,2.093296892085883543e-01,9.824961461217996961e-01,7.437251405484039957e-01,1.663344427648201229e-01
1.163039068797567105e-01,9.811687286371634231e-01,6.529194314002089161e-01,7.603509351993341658e-01,1.622764409846459976e-01,7.979391725555695647e-01,4.064464379422821905e-01,1.677380024465106867e-01
5.366721810417018207e-02,5.344773427914966124e-01,8.593448303177830816e-01,7.819230991122581020e-01,2.322849449927552323e-01,9.266592265751736335e-01,5.677292497591259757e-01,1.674738245510768164e-01
9.236646071554756310e-02,9.537032229661130955e-01,7.710932297714594430e-01,7.885849252247457697e-01,1.539614997644756789e-01,6.603124281742568380e-01,2.441619701517789287e-01,1.699146647930656895e-01
9.151291654039858670e-02,8.345589080387096903e-01,7.618712625556460782e-01,7.234565064754896468e-01,2.159176047417734057e-01,7.675905332946137971e-01,2.676360684697616232e-01,1.682824610486680361e-01
8.878115926186543050e-02,9.568583529675731558e-01,7.958686993201440352e-01,8.083862017426549640e-01,1.709594610625000954e-01,5.936725247681999829e-01,1.858466994135784256e-01,1.701594268789617115e-01
9.149155986678320085e-02,8.178578422180936558e-01,7.315727438384069803e-01,7.967373257511537465e-01,1.516840929392691550e-01,8.068911518563639529e-01,5.888683028432906141e-01,1.685589560165450806e-01
1.209412489362202692e-01,9.599700790022737129e-01,5.720888200882408015e-01,7.913799351603669763e-01,1.137779774186519766e-01,8.353311917387071794e-01,6.200746870659270549e-01,1.673946760074937201e-01
1.102647839610258612e-01,7.465073807168131070e-01,5.714054205185163937e-01,7.448116976871739237e-01,1.823446012445001096e-01,9.502297363069578395e-01,2.683621991843663235e-01,1.685666116694420069e-01
9.189660911218437700e-02,7.753867408219798918e-01,6.851584932542762463e-01,8.474634710582151786e-01,1.372458450433305666e-01,9.526465289751425702e-01,6.327557225851496714e-01,1.668300366769735477e-01
1.585079803857006309e-01,8.340982965015748540e-01,4.615688087754420965e-01,6.789697036823469922e-01,1.929814904463095782e-01,9.758017910060319267e-01,2.813798107193588582e-01,1.693738471872460738e-01
1.119617245683379447e-01,9.677823183461107259e-01,7.665091541347344162e-01,7.221570106455376115e-01,2.025112864509835409e-01,8.316291878005243055e-01,2.111068710189153153e-01,1.681059898724019952e-01
1.156293990897881846e-01,6.996342084592556132e-01,4.222869961592050081e-01,7.985781955735066218e-01,1.650133945526207069e-01,8.637606081273641045e-01,2.309330178605707440e-01,1.696162485017980448e-01
7.526118871095677232e-02,5.423562320982926455e-01,6.216503248797946579e-01,7.802093593944730010e-01,2.236527753746162528e-01,8.710700556682741125e-01,4.290977048220515622e-01,1.680597975905575581e-01
1.080214905896655919e-01,8.379152851319398021e-01,5.199705442683918433e-01,7.581968369276086417e-01,2.025954165736117696e-01,6.853580068461506691e-01,4.416768382259517178e-02,1.692099936414410977e-01
1.167947647950720313e-01,4.051325038226016306e-01,3.170818781423615507e-01,7.618039404306572449e-01,2.381651350264762657e-01,9.896239834936899626e-01,2.563593650273818803e-01,1.684611260239015085e-01
1.384303984583789005e-01,9.995095480893509965e-01,4.649593848191408418e-01,8.266099204650996235e-01,1.034556671308241166e-01,8.594635721045429388e-01,3.042883791071611110e-01,1.692872611873877664e-01
1.047693403410048379e-01,9.918097536406539350e-01,6.872863528844106451e-01,7.737515612007143107e-01,1.451876790990767330e-01,6.723221490682207424e-01,3.158189764767852514e-01,1.696428185958868129e-01
1.178368412689815292e-01,8.716671261194939291e-01,7.456143613453170005e-01,6.578173697183939961e-01,2.283797897327377036e-01,8.733361429190457104e-01,7.862660943432020488e-02,1.693489689582832192e-01
7.406155685315748971e-02,5.664789892242255709e-01,6.976850544600201598e-01,7.243838924340978425e-01,2.525316995959264732e-01,8.725365237145035202e-01,1.468799549347999667e-01,1.692762752571968510e-01
1.059470660832382422e-01,9.469286759144526222e-01,7.820372239920900803e-01,7.370604074140740813e-01,1.870217536242073653e-01,8.536119805482672573e-01,9.312679595506787034e-02,1.689869280392234940e-01
1.335131423247300220e-01,6.773297834309611742e-01,4.146010009409146768e-01,7.308060494395143269e-01,2.031964931616969394e-01,9.448423366949555424e-01,2.069687439950841923e-01,1.695046643791788543e-01
3.394684978165390943e-02,3.522857831300270082e-01,7.275789666489567153e-01,8.319722331204418841e-01,2.636312349194164795e-01,8.776670102284886976e-01,3.892179478233024903e-01,1.684334122069057471e-01
1.285764446123621174e-01,9.717831689191168687e-01,5.927349836400043204e-01,7.756509296960403255e-01,1.443473846921799753e-01,8.860561021634867362e-01,3.629243736994263725e-01,1.688820307036754675e-01
7.545209924082754704e-02,5.508491754303127541e-01,6.401623329457022393e-01,7.804154886277551162e-01,2.280288035806822267e-01,8.682860830273466668e-01,1.047497455517513720e-01,1.701923282413682903e-01
1.304065145341743726e-01,9.889097118771237316e-01,6.373891561798690208e-01,7.550279445773200315e-01,1.205818161557185020e-01,9.125812823315697653e-01,7.180867028357804660e-01,1.667555061868037369e-01
7.780939344452784956e-02,9.355089983928264186e-01,7.300981140179934048e-01,8.310499492722909221e-01,1.712575235083469982e-01,4.814585667807520508e-01,2.588426633649623110e-01,1.689314262510080433e-01
1.359484420966519669e-01,9.666944441676208477e-01,5.706026821737949506e-01,7.069380060975049007e-01,1.746063666296071293e-01,7.928078416320614163e-01,2.569374895306982265e-01,1.696563292534170042e-01
1.489970416012960652e-01,7.191733752260150991e-01,2.361550648936406316e-01,7.350694274667828321e-01,1.862896881572541075e-01,8.137027484039028868e-01,6.846825926205801771e-02,1.698043056948279617e-01
1.427042631380264215e-01,3.132262650373904278e-01,1.199099812771446394e-01,7.600578636425219248e-01,2.536629681349065191e-01,9.372036625275939059e-01,1.171874064460092513e-01,1.685577191057927859e-01
1.262123465771381459e-01,9.721318992523182434e-01,9.028103993546559014e-01,6.746186922548871312e-01,2.282270364249762706e-01,9.957400712549816513e-01,2.237605771930256948e-01,1.686536258725382653e-01
1.117779053322598831e-01,7.859248635821401985e-01,6.020749671839494832e-01,7.823302779635666893e-01,1.605802299746808548e-01,9.222255888744264052e-01,6.369840238613688754e-01,1.673099006201423933e-01
1.030922856061718407e-01,9.788225004045620903e-01,8.131699265939051902e-01,7.844502607985287534e-01,1.261540053147744422e-01,8.117523651141136387e-01,3.887666633321417153e-01,1.699176355530567784e-01
1.130620719713673894e-01,9.714143589177918203e-01,8.539478254470322938e-01,7.060563202557568196e-01,1.999217192828172396e-01,9.704397231991228612e-01,1.783387119382458808e-01,1.683314949888339851e-01
9.109283305566882871e-02,6.622060373756749607e-01,5.502751394321341305e-01,8.036680410594055912e-01,2.018576131107803207e-01,8.360081847002768241e-01,2.694122645287370665e-01,1.686000319553560833e-01
9.522569449660824026e-02,8.269210003889780891e-01,7.800144488040423596e-01,7.705858099325829658e-01,1.580598340989925743e-01,9.508215091522607132e-01,6.133454061037486582e-01,1.667507143476850140e-01
1.088568025022761121e-01,9.528123277320276197e-01,7.631628323763822719e-01,7.930140448999742908e-01,1.198625440292661326e-01,9.283936890863654368e-01,7.027082447459995773e-01,1.667840743637841461e-01
1.231728737707796228e-01,3.110985588875452845e-01,7.042131293956260807e-02,8.167768089883028493e-01,2.219920291086755204e-01,8.502896254590525116e-01,2.298794826049145867e-01,1.677596464319034975e-01
1.242973414671609406e-01,9.789127215653700143e-01,7.567384523076046143e-01,7.273939588725298888e-01,1.176443502750993686e-01,9.725246018212675425e-01,6.853350379721707686e-01,1.681598662874480288e-01
1.101781784108111784e-01,9.007676694260763339e-01,8.795412126958175314e-01,7.238277968276017882e-01,1.760441436292312090e-01,9.595616033145653034e-01,3.214838812344336660e-01,1.700160608542598262e-01
1.007531587345836810e-01,7.519529467216687912e-01,6.649054521149124763e-01,7.753631015467288279e-01,2.012975244355243720e-01,9.106411637850910790e-01,1.616376916957858179e-01,1.689445407451372616e-01
1.138883657960483714e-01,9.270491514610204042e-01,7.151797476268635378e-01,6.673349906273579046e-01,2.144846437204297185e-01,6.798248036821559204e-01,3.842670334796810527e-02,1.704478957582594711e-01
9.414870290210823611e-02,9.854030327697209657e-01,8.896251115979171287e-01,7.472130803689074341e-01,1.541482437498805091e-01,7.406201856952873142e-01,5.268085691819663907e-01,1.682637188868496003e-01
1.311443102171714892e-01,9.472764174361480993e-01,5.404331970021162279e-01,7.771206578144188581e-01,1.261266014829517945e-01,8.893675529586946293e-01,2.730609388703240104e-01,1.691998606812854800e-01
1.402495585640979592e-01,9.628670283266274055e-01,4.458019843838642027e-01,7.788096382094140679e-01,1.237564459911622700e-01,8.229483519485061294e-01,2.721441741866448272e-01,1.695134234635459758e-01
1.261297732663544668e-01,9.186109165053463199e-01,6.453602128127334803e-01,7.170964129578200064e-01,1.602053026750800135e-01,8.574481393387132222e-01,5.207645807957279604e-01,1.682902811031672385e-01
1.217464873036685769e-01,9.762614593570674293e-01,6.021011546651851010e-01,7.792276687040486927e-01,1.278301798192983396e-01,7.819699648497417943e-01,4.649646852493486415e-01,1.692888471308641729e-01
7.284376856939522860e-02,6.030685451330279889e-01,5.987144886700070945e-01,8.065455471184576064e-01,2.152504099248021552e-01,7.410592973082408275e-01,2.426174676554812559e-01,1.692631214451791044e-01
8.585283224495778021e-02,6.906057517429921022e-01,5.120447143652695488e-01,8.095339999099508965e-01,1.799359762722522738e-01,7.040797685244161164e-01,4.192540231436416853e-01,1.686951559855022764e-01
1.651595278602448480e-01,8.829129526018966168e-01,2.590268270710432419e-01,7.340898553992257769e-01,1.709020590448348531e-01,7.718180112556637384e-01,2.046020256822537742e-01,1.693895719561812896e-01
6.796250811760612409e-02,3.182563123466396471e-01,7.867337116191863711e-03,8.763274972873456026e-01,2.686732522749741836e-01,4.220293059664576574e-01,3.014108480959560299e-01,1.682244021346165075e-01
8.383455069914508284e-02,6.211328245097582634e-01,8.480131074546933823e-01,6.902787164612353976e-01,2.687660743230994576e-01,9.735890807879596931e-01,1.542210243150722859e-01,1.690481226115962687e-01
1.482998475367951485e-01,9.167699921271313945e-01,5.932384354597375342e-01,7.068815747514761716e-01,1.593755835028041745e-01,9.944763126731113179e-01,3.422470719399779426e-01,1.698915540008049674e-01
1.628015110531519649e-01,5.199752061388462909e-01,1.542973955192835644e-01,7.427137031046491256e-01,2.064776078234284162e-01,9.771464460111378703e-01,1.364995682638161512e-01,1.686978537526682698e-01
1.045234643650209128e-01,8.446018399105508223e-01,6.883245523366892105e-01,7.557266317337421047e-01,1.655176717502646888e-01,8.993481742689221070e-01,1.643032014140295427e-01,1.697535888030759776e-01
1.073306356848137966e-01,9.882165721733442432e-01,7.759386098909455409e-01,7.545594408595139857e-01,1.960011836032148624e-01,7.325319224061340728e-01,2.026587161826882699e-01,1.687310321431599036e-01
1.288890270470202937e-01,9.144562237444628927e-01,4.140619929346374128e-01,7.917178320350309884e-01,1.269252830630307471e-01,7.569386802552835469e-01,2.365168905904797558e-01,1.701423801116065393e-01
1.504378289443045746e-01,9.893077252481570216e-01,6.033447069572799304e-01,6.829216020643291696e-01,1.763345481708161466e-01,9.347231146800273338e-01,1.420077972595127080e-01,1.699221676772772194e-01
8.032008780108437773e-02,8.542643588735159277e-01,9.134059537658736350e-01,7.628989773643181094e-01,2.168510978610361239e-01,7.667258281500699546e-01,1.615008980774602365e-01,1.685025579818142105e-01
1.609397517831142044e-01,5.134313499954746840e-01,6.529046531843912815e-02,7.667068584976104439e-01,1.936532702148988927e-01,8.617287967289736228e-01,3.717404262206850940e-01,1.681197792163100779e-01
1.335425829416114762e-01,5.785261132726166045e-01,1.678940349313118308e-02,8.379844148479822508e-01,1.434969809455020062e-01,6.686371997368566467e-01,3.615521744297363615e-01,1.691640392746075749e-01
9.571299894143452114e-02,7.317905699354585458e-01,6.106674802275121605e-01,7.683127950299688536e-01,1.920786121988845296e-01,8.733743717354931491e-01,9.257255673456799006e-02,1.698465799757960248e-01
1.104275405158033907e-01,9.264311109741741879e-01,6.889687986058119495e-01,7.547092388661184037e-01,1.290874823170006791e-01,8.179068804523139669e-01,6.213199540674441135e-01,1.683022836094106300e-01
1.133875533527101687e-01,9.113427897202766026e-01,7.119156372103783159e-01,7.794395268202567451e-01,1.477634995167377285e-01,9.140476479916027630e-01,4.658595537932778141e-01,1.675808006721279109e-01
7.892453895508796946e-02,7.542282747801626330e-01,7.901555327802179951e-01,7.526363779015262656e-01,2.258315670226966054e-01,8.031362424142562961e-01,1.980331193777943588e-01,1.679347583216919959e-01
1.171106581880074493e-01,9.896262561467538132e-01,7.020619832387323678e-01,7.406718895323892715e-01,1.579261448813633895e-01,8.131889146733524143e-01,4.036911281181653210e-01,1.678711139539271480e-01
1.045628626266441319e-01,9.613187874208304340e-01,8.003643854779464162e-01,7.422980289074374571e-01,1.697836979096964682e-01,7.791483668527153794e-01,2.541369242731366662e-01,1.687384729706901398e-01
1.257776623392459492e-01,9.013668930532947599e-01,6.228271675273137076e-01,7.081992940409542747e-01,2.050704136352795304e-01,8.279054851428507833e-01,4.028700606463986311e-02,1.699924169394782247e-01
1.578194738367749705e-01,5.457687624420601846e-01,1.993505820286842201e-01,7.552611955216391726e-01,2.130837375456968164e-01,9.761244376919152588e-01,2.699194211822880662e-01,1.680105937550657735e-01
9.171912491343187090e-02,9.718495203247929926e-01,8.834607723772872623e-01,7.929240758254012533e-01,1.575885416712873022e-01,7.090429330153105170e-01,3.065987158444868355e-01,1.698417488690419364e-01
1.350157148686379482e-01,6.957225639042828869e-01,3.627787639961762567e-01,7.685578226562842508e-01,1.621069615453054058e-01,9.237397435243948074e-01,5.678754261863276920e-01,1.676738530996887966e-01
1.288206779562323101e-01,9.351527290382595226e-01,5.743716517037005254e-01,7.664807117448643181e-01,1.195189923436978524e-01,9.312204587324319771e-01,5.454222399843771107e-01,1.680065516585665664e-01
1.133213145748810102e-01,9.130707224530278943e-01,8.917763969790123424e-01,6.549204784992030959e-01,2.147903933037376145e-01,8.615751769264593518e-01,7.525153885427987577e-02,1.710030553336813197e-01
9.495465559377794240e-02,9.021282529803256178e-01,8.800110000287362233e-01,7.349210091777846898e-01,1.949394221411987482e-01,8.079662061687098440e-01,4.225734010837527976e-01,1.677034974505802745e-01
1.086879868007650102e-01,7.222776693194858932e-01,5.497753474261972695e-01,7.487667933637008888e-01,1.793226379937150894e-01,8.911958618955085898e-01,3.977792857302123730e-01,1.692463564926759145e-01
1.103592455620472645e-01,8.122642150149937956e-01,6.738305544862196461e-01,7.027450406469024635e-01,1.904637232649170897e-01,8.792952093618215947e-01,4.253188013502681164e-01,1.684181176047591655e-01
1.384272272753846456e-01,9.042821081353017432e-01,4.760047583476095245e-01,7.432388192026081475e-01,1.338836055418286541e-01,8.578540726816327178e-01,5.742897413535907880e-01,1.680545168929579725e-01
9.041369347013628044e-02,8.917201495307541803e-01,7.308247912419740810e-01,7.871010630063884905e-01,1.454613969600419277e-01,7.239451555064778665e-01,4.704531384421464790e-01,1.686694348082805606e-01
8.713831024622026300e-02,9.906351663289215681e-01,7.690249115599792074e-01,8.406128699857279285e-01,1.183285584268235907e-01,6.582544095791453831e-01,3.456436170316731782e-01,1.696626287093422336e-01
8.651995669933429389e-02,7.880932088692236270e-01,8.356182077574125788e-01,7.946302513706851034e-01,2.029081105167158117e-01,9.661872775078848008e-01,2.882887823225261936e-01,1.676956549934509877e-01
1.171240493950702205e-01,9.431543283509412623e-01,8.094640806600685856e-01,7.128688887443848099e-01,1.831218646655871640e-01,9.616405633023865640e-01,6.003124198665550360e-01,1.666320570779525889e-01
1.026486730713230683e-01,9.464821026229266465e-01,6.571123903448599091e-01,8.376087490526297197e-01,1.158030164413812180e-01,8.311740276096589719e-01,6.162357861563785288e-01,1.669380042018019095e-01
1.386395438235431266e-01,9.886083987502853887e-01,6.324189789287811836e-01,7.163600460682162385e-01,1.539968214066469998e-01,9.150949365319973605e-01,6.227166982757870173e-02,1.706632456103391871e-01
9.014911896724661644e-02,9.392481322318850800e-01,7.065207035353328058e-01,8.184409054598090760e-01,1.411446537440161353e-01,6.772931049929733494e-01,5.635115395725047716e-01,1.673285613370848190e-01
1.088255465915429904e-01,9.550385618573113966e-01,5.769428919158727798e-01,7.870414334257583855e-01,1.513387682293163006e-01,6.686945900234748663e-01,2.211100127504100343e-01,1.692147593041522513e-01
1.233738905281307197e-01,9.525303650296671476e-01,6.814250770568491822e-01,7.534714735020274778e-01,1.542303931020263807e-01,9.235931549461368073e-01,2.583659693645335986e-01,1.685369437234916501e-01
1.019799316010149837e-01,9.381044379240170983e-01,7.966194661185826975e-01,7.116474656390493481e-01,2.071749192674273432e-01,7.449592630968300266e-01,1.300976138934978876e-01,1.684080749181471048e-01
8.040710830022172739e-02,6.465689942791918998e-01,8.335362452803154465e-01,7.506063868005959927e-01,2.478836347033063214e-01,9.693991077514045873e-01,1.464327695412296071e-01,1.690604760472031454e-01
1.229109348686127506e-01,9.969053354402948042e-01,7.613339651302906130e-01,7.146677254812577873e-01,1.878931257610947092e-01,8.158328133486620892e-01,3.986641243800864709e-01,1.678168864032749397e-01
8.797842509671535693e-02,9.459557361452098911e-01,8.549306834916257092e-01,7.686557961710658304e-01,1.578990739683906741e-01,7.551281958550151163e-01,3.864999493837904532e-01,1.686934390996683852e-01
9.301077854478417839e-02,7.777938582814769575e-01,7.590113540389571423e-01,7.958617210291202282e-01,1.820722877974479681e-01,9.450588367882848395e-01,4.268624715689691707e-01,1.680081644160110188e-01
1.034508019867447781e-01,4.465008449620412878e-01,1.000175200421254962e-01,8.045530092190440463e-01,2.365673157904553403e-01,5.864077528328041078e-01,2.359137560869090100e-01,1.689202489506156091e-01
6.713408340433488219e-02,6.302891635917075019e-01,7.169256081098944744e-01,7.977565991445030313e-01,2.292328245186347202e-01,7.823654782429023680e-01,1.944179333471274251e-02,1.701204992974465202e-01
9.077372469412493816e-02,8.437077765553682163e-01,7.584094199443475182e-01,8.150205586550339776e-01,1.378192509110319208e-01,9.073825440641709594e-01,4.286512407266253599e-01,1.682187555153909220e-01
8.195600639967765000e-02,7.105823621154823133e-01,8.369358331336782530e-01,6.848670793576381310e-01,2.555167299314646812e-01,8.588117744705693335e-01,2.849006523443126104e-02,1.694134691703347573e-01
1.482257870668240440e-01,5.691683657962193221e-01,7.978445573655917888e-02,8.075496267178285947e-01,1.704698714872816268e-01,8.078255739581414741e-01,2.520642523465956297e-01,1.686445345797821793e-01
1.097511323813055301e-01,8.127282343414892196e-01,7.341613928750009288e-01,7.288650321610441463e-01,2.017478794424867050e-01,9.488079074875618302e-01,4.195834938383002366e-01,1.674277568396177474e-01
9.744997223153568922e-02,8.632391789034936647e-01,9.767878102890312775e-01,6.533968983926098373e-01,2.301435901056108901e-01,8.805647828966616242e-01,2.625547240558170348e-01,1.689493824335587813e-01
1.649369348123965739e-01,8.865994297723234219e-01,3.681752495959541571e-01,7.272608258155601746e-01,1.606778948682935637e-01,9.004688858701390686e-01,4.209679071895077174e-01,1.691270712244122010e-01
9.977853887639785702e-02,7.159448396084565625e-01,6.297978063068074839e-01,7.977039555551314054e-01,1.948168049897702203e-01,9.675570244311437751e-01,2.342450372268387038e-01,1.682238646033650531e-01
1.075473428086526906e-01,7.218353431646113982e-01,5.284835168509389725e-01,8.001958852703301428e-01,1.504784880801918467e-01,8.808345669345354345e-01,5.846332010887567154e-01,1.682966532575744800e-01
1.396149758324614631e-01,9.671557141527433732e-01,5.733207788702201491e-01,7.374109333984449899e-01,1.117597028243335899e-01,9.337872580990780325e-01,6.050870915483084200e-01,1.687688553971432581e-01
1.205973329202917055e-01,8.852729846375635425e-01,9.200752638947559126e-01,5.998579344242314093e-01,2.574267564972624878e-01,9.894158347633397188e-01,1.138727723510746248e-01,1.691885798757760684e-01
1.272238585968603342e-01,8.907302622489545740e-01,6.089165762745304411e-01,6.909882592989196048e-01,2.096494976713652036e-01,8.959770638647421848e-01,1.042889899856261071e-01,1.683296300605304774e-01
8.372388065657423994e-02,6.487723007592951507e-01,7.359319713042311584e-01,7.764129702434151570e-01,1.938344493691326886e-01,9.992114536437940453e-01,3.202148111837949118e-01,1.694614619259252886e-01
7.905589830687109743e-02,9.465925312488753240e-01,7.414836806199495145e-01,8.288641458996710565e-01,1.337702050686455368e-01,5.471103612522600912e-01,3.705324238203743237e-01,1.697138090108681607e-01
7.245318174326424721e-02,5.006173959472164370e-01,7.269823489370574876e-01,7.211215524390970355e-01,2.666445295732207676e-01,9.768883256943936555e-01,1.542273954182316609e-01,1.691326871486493466e-01
9.342886588789613145e-02,6.057518278118551036e-01,5.010950920066531422e-01,7.604256937905705671e-01,2.167354208544785832e-01,7.798502592183081950e-01,2.670057475254771773e-01,1.694782994373066620e-01
1.696946846697242051e-01,5.780802043962309789e-01,1.718380955955063905e-01,7.193996597593268483e-01,2.143706352967972573e-01,9.310331391569934834e-01,2.185957772169111468e-01,1.692346567846172989e-01
1.073479779103273662e-01,7.997753087947935269e-01,6.528208272373360321e-01,7.878773495298104779e-01,1.893028299945173076e-01,8.975895963992315263e-01,2.262141972620672903e-01,1.685429358960697788e-01
9.425769580542711634e-02,9.734675954483096305e-01,8.153387147565172022e-01,7.079453532396281501e-01,2.212358567208825288e-01,5.022549370160473980e-01,1.531643180113362313e-02,1.698804559392340374e-01
6.374135685200947588e-02,7.627138829263030440e-01,7.891012561603968356e-01,7.885484534897124753e-01,1.929349380805619185e-01,5.805276727938364356e-01,4.635572823576257218e-01,1.687013821754484721e-01
1.017578224547603105e-01,8.258234960118324697e-01,7.881390691363843182e-01,7.502651870613904483e-01,1.554963282426835292e-01,9.829785395680405991e-01,6.888656795212839690e-01,1.677408574232140681e-01
9.256672165436249933e-02,8.632639697551972580e-01,7.131303264785131546e-01,7.972772835677787162e-01,1.369136949701001693e-01,8.153107669987988970e-01,5.536157005797663899e-01,1.681310218202548834e-01
8.261548252081546417e-02,9.419707127354849385e-01,9.174523077191161224e-01,7.499476959517610286e-01,1.776418558753933563e-01,6.039198476006538696e-01,4.662296179087937475e-01,1.686687911802717543e-01
1.466626127320530548e-01,8.129550692183871163e-01,4.316335339482749722e-01,7.274382354198376532e-01,1.491814104817382192e-01,9.577407574978276106e-01,4.806747554926647514e-01,1.689121232793555361e-01
7.499927887934526582e-02,7.971106110829716540e-01,8.332948406229661042e-01,7.470605184609721006e-01,2.198375190124187695e-01,6.344866911444848601e-01,3.280216885253189329e-01,1.688029981055967632e-01
1.159035050276351203e-01,2.370292998168752607e-01,9.625343290308507882e-03,8.452864278392174802e-01,2.475328657826179057e-01,7.604422109218327286e-01,2.562456943506051799e-01,1.674296196890590893e-01
1.170999318557919833e-01,9.584291007270906437e-01,6.428882251599701281e-01,7.650812837745273320e-01,1.336456435750525140e-01,8.196427736992191182e-01,6.523766827903894061e-01,1.674482579820694983e-01
1.391781106381713429e-01,9.999602926643779144e-01,5.515712463103018548e-01,7.663344534281282261e-01,1.133072024623401203e-01,9.496836273055960786e-01,4.839798333981939482e-01,1.678198473060978357e-01
8.212396505839311689e-02,7.747542351089785617e-01,7.301825060264995892e-01,7.959908849491457161e-01,1.916183094671431997e-01,7.655993408809901313e-01,1.176436999687374418e-01,1.699499066770457645e-01
1.002800033099522925e-01,9.837316613881773586e-01,7.763903330190344843e-01,7.147095277375445921e-01,1.962078201034127833e-01,5.810759713919849689e-01,8.224895109221985745e-02,1.702854038442954410e-01
1.453550371794721519e-01,9.200185093341564091e-01,4.750729976553776379e-01,7.518741544887820316e-01,1.214016456769466262e-01,9.521178933938474476e-01,4.757946522778981890e-01,1.695745201955794756e-01
1.128012624185989743e-01,3.523865422921137469e-01,1.510463779145261309e-01,7.995776029149370689e-01,2.363778384348084460e-01,7.931385038544981336e-01,3.318318493074848829e-01,1.679062431272031197e-01
1.175062954969060963e-01,8.664484711938023054e-01,7.363996179785332608e-01,7.121573982429384442e-01,2.237137412410456494e-01,9.863879356408464805e-01,2.146254108288125906e-02,1.684157588929643956e-01
9.224102371230395725e-02,6.890716974585415766e-01,6.116100349201615272e-01,7.562701112744933951e-01,2.135935457129036208e-01,8.275502512521815124e-01,3.809115867693541602e-01,1.677174311415955410e-01
8.991136955931282315e-02,9.914166844947993606e-01,8.465731747082603231e-01,7.996925297091450613e-01,1.619089163692609967e-01,6.265299977525708996e-01,3.254518827577778661e-01,1.686992574182267779e-01
9.403844243597801744e-02,7.947585395160545740e-01,8.568992116951961169e-01,7.557024839759044488e-01,1.763807955551028317e-01,9.953113830965967246e-01,5.244874794696793296e-01,1.678760647095090541e-01
1.292164896166729804e-01,8.624871947331360644e-01,3.933313861353593399e-02,8.605712945297532279e-01,1.426489970367750548e-01,4.113942466867147596e-01,5.171731746286097886e-01,1.686252348403331214e-01
5.491314300176275420e-02,6.791710356779266933e-01,8.711814727551856485e-01,7.706724174409059769e-01,2.385481354002681464e-01,6.636663022988164018e-01,2.964657007550423606e-01,1.685852491491861005e-01
8.999847858693277303e-02,9.624453485687358700e-01,8.389341638262273193e-01,8.346264078524658903e-01,1.549187379301356637e-01,7.892332249908116104e-01,3.093366953659671958e-01,1.684155366457616987e-01
9.027504596838742401e-02,6.688767902063816884e-01,8.045594462075069675e-01,6.998029707146679046e-01,2.408885704638445147e-01,9.906777495688156021e-01,3.170509134893346181e-01,1.683604307567340697e-01
1.635163436900555489e-01,6.960058412802436756e-01,2.233309708726190501e-01,7.660092783810354966e-01,1.623846996828907929e-01,9.550360086618601141e-01,2.186823372498415963e-01,1.694876423117535613e-01
1.084386167832548237e-01,8.361864381096340004e-01,5.793834391599804734e-01,7.842199779673165727e-01,1.658107867399413182e-01,8.033844067252913224e-01,3.337243731546605807e-01,1.689659081363887871e-01
9.323574503429854499e-02,7.074902810535392828e-01,7.461321464631128775e-01,7.567662211755838975e-01,2.155512154742455222e-01,9.449814018337203692e-01,2.614970308058469084e-01,1.690670685389608630e-01
1.371459979401529472e-01,9.384450384431530789e-01,6.613277961078082301e-01,6.756682362306460909e-01,1.985027596974849595e-01,9.448439434439396267e-01,1.332311095419873304e-01,1.692381009385005020e-01
8.201849080387460522e-02,8.373034558234180302e-01,6.971816894844020673e-01,8.239015934951569031e-01,1.811158056681914097e-01,6.866614701999186332e-01,2.928712096153436861e-01,1.681926689069869474e-01
9.905484141836112810e-02,7.467870666515427081e-01,7.035870187915445051e-01,7.504431683214219939e-01,1.836108174017719030e-01,9.969016572975404333e-01,3.682773837368789049e-01,1.689533718012811714e-01
1.015074725592667038e-01,9.759353261366501275e-01,5.900675400094146372e-01,8.579916341806623770e-01,9.057863581555886112e-02,6.642082440000809385e-01,5.148179198073812302e-01,1.690520662721558265e-01
7.787845709028759500e-02,8.029285866898103752e-01,9.191340101694189801e-01,7.142962183917540564e-01,2.195902074253572034e-01,7.745104339511656999e-01,3.242391830152046017e-01,1.689039856639603376e-01
1.155623712830807781e-01,9.878660076760403808e-01,6.924498364799456240e-01,7.729273078266988284e-01,1.674978153441996076e-01,7.644902264257679159e-01,3.149932406837743226e-01,1.687764442674116738e-01
9.173966107388445423e-02,8.941064732868048148e-01,8.202119675737008508e-01,7.660026221916409472e-01,1.712101689352868439e-01,8.137936679167074860e-01,2.169110373326465502e-01,1.696555892413875999e-01
1.442687472960935691e-01,7.565642174132261033e-01,3.398091942708772462e-01,7.493705097359377731e-01,1.810245901723730733e-01,8.486390664188099286e-01,3.872678265191449309e-01,1.683591832139211819e-01
1.050362201226663350e-01,9.224095902024923577e-01,8.030919613828739756e-01,7.130824657331840122e-01,1.551742348439706376e-01,8.278106876905327871e-01,4.944366403843587499e-01,1.688156557272647851e-01
1.810028663227753465e-01,9.763850021077352670e-01,2.040050614708914245e-01,7.649690725672873004e-01,1.348772856818604149e-01,8.128483609391901066e-01,2.742557925955308451e-01,1.694654031714540598e-01
1.159255409125751618e-01,9.532616767422299464e-01,7.980072078914304257e-01,7.298613762252347259e-01,1.988737676430755441e-01,8.718369120933602279e-01,1.973114314608409581e-01,1.684980655585179288e-01
1.438864189705528207e-01,4.577432364893636585e-01,1.212605693416396457e-02,8.403184397191845179e-01,1.811339863779364290e-01,7.869146667099709003e-01,2.950872823678490353e-01,1.683112324944966987e-01
9.559001708884508342e-02,5.616171854804166141e-01,5.203289239982317183e-01,7.541997201165379083e-01,1.935391720617857247e-01,9.230255902007025171e-01,4.436090079938900810e-01,1.689258869448819200e-01
8.735829276229845064e-02,6.410494006678524315e-01,7.125590852033949485e-01,7.341202243946440831e-01,2.425465293607905470e-01,8.715767229541457883e-01,2.127855616398138805e-02,1.698663353411966337e-01
7.329466748897338346e-02,9.108166719755090845e-01,8.052694090607733779e-01,8.203199416301627522e-01,1.659594867078807157e-01,5.372488309971716891e-01,5.595424381511411305e-01,1.677649444399798573e-01
1.070738901944136429e-01,9.789929528449543561e-01,9.417858706239796707e-01,7.079948725589139125e-01,1.832910150745166722e-01,9.522565092393646680e-01,3.239011869795982435e-01,1.684714096206824940e-01
1.800127236482059190e-01,9.328224173136604458e-01,2.796388124744637604e-01,7.681305168852372578e-01,1.042775693524036484e-01,9.721392976067131375e-01,6.830198956975592761e-01,1.677373778821941441e-01
1.051530538933335424e-01,8.334306228074443990e-01,8.807953679853148810e-01,6.613239556195376068e-01,2.442654755654470322e-01,9.605482761049914942e-01,2.127707442048040742e-01,1.682141414179602057e-01
8.970825316511130132e-02,8.847166074800508762e-01,6.789303709024030464e-01,8.319869259800647399e-01,1.474246914020946320e-01,6.589094726101685229e-01,2.105347235387088345e-01,1.702831496777387488e-01
9.491727483166499668e-02,8.651908888948943721e-01,6.394253532985745281e-01,7.847855688598678325e-01,1.566741067037013546e-01,7.286309325721336272e-01,3.922414728225659952e-01,1.682725496147204625e-01
1.272111509556808351e-01,3.276719912612252039e-01,2.849712343924137858e-02,8.417847383731065225e-01,2.104242089796422022e-01,7.891505808121270782e-01,2.068390927738613660e-01,1.683275224186703001e-01
1.135160527414940945e-01,8.219651505737786135e-01,5.090533652580879753e-01,7.451272157032661214e-01,1.770200751274449147e-01,7.311249231571490537e-01,2.304113579861322147e-01,1.694741094279028082e-01
1.157241381961209431e-01,9.782225168565710227e-01,6.961951886774335740e-01,8.344942772446666268e-01,1.121926461358419003e-01,9.436435321870441095e-01,3.291082865768935606e-01,1.688630981687609667e-01
1.366885148299842589e-01,7.618105596709813243e-01,3.203785314321159206e-01,7.325330734632194973e-01,1.972988527855678020e-01,7.512754605714800915e-01,1.183869056290579591e-01,1.698140937012403151e-01
8.394944647315119579e-02,8.565357776727110517e-01,9.051642063205163069e-01,7.524722063840865172e-01,1.748864502485882877e-01,7.574157561124423843e-01,4.356543031634706464e-01,1.694595183283091611e-01
9.413482983735113607e-02,8.007496663752569077e-01,5.787386879914586668e-01,7.565450164184636117e-01,1.875827408956829978e-01,6.854012833376307290e-01,2.381565423926013114e-02,1.704087956418759986e-01
1.021432950095180620e-01,9.132490250341595006e-01,7.395258406458889988e-01,8.441994604759212040e-01,1.179821569266783221e-01,9.438493091977838700e-01,5.358411143865471349e-01,1.681776394325104063e-01
8.510162132857708450e-02,8.079786726024246191e-01,8.307052479101134645e-01,7.761182573800973206e-01,1.646746902318611261e-01,8.697346942779851098e-01,5.294710014819674626e-01,1.684447477917792035e-01
6.314810992622793551e-02,6.391701830528131456e-01,7.544637854196041271e-01,7.836875274069535768e-01,2.204715723322494270e-01,7.867987095626249872e-01,2.875455574555381144e-01,1.686702516554989539e-01
1.279440313296461851e-01,6.197360125278350562e-01,4.734451214620869486e-01,6.928091094372167413e-01,2.264958105549682854e-01,9.816843442317140234e-01,2.713457773364874592e-01,1.694113362943078238e-01
1.012092905475736049e-01,9.265132452882731684e-01,7.764381412881695699e-01,7.371085794756390142e-01,1.741382174624674373e-01,8.137926047926065110e-01,3.386825704478710897e-01,1.681876315309530079e-01
9.463235874511079226e-02,2.071799104430915861e-01,2.159778006239115866e-02,8.094207527017469594e-01,2.873461879527213214e-01,6.113853011811278826e-01,2.382417186903205142e-01,1.680396685521505507e-01
9.918407419431596317e-02,8.080577886909461327e-01,6.745283631801813895e-01,7.189901723639224862e-01,1.969258188053171765e-01,7.449793485495954659e-01,4.008072175423271766e-02,1.708333454844777610e-01
1.974527055290866417e-01,6.832218540958244768e-01,4.692950726571853970e-02,7.510074211587524085e-01,1.743225049190175457e-01,9.413656946028003958e-01,2.451762947121927383e-01,1.681369853058657104e-01
1.829008128544921674e-01,7.444096553079226908e-01,8.346963746128976958e-02,7.496199024345447937e-01,1.457964968067754219e-01,8.530657100007449367e-01,3.882740546252912983e-01,1.689804716712115240e-01
1.503887525684002024e-01,8.350981061391409277e-01,3.547491834755343021e-01,7.769304403392872649e-01,1.511170442740592257e-01,8.793006303962520587e-01,3.462725248804300882e-01,1.691969577161486493e-01
1.102387988871630226e-01,8.196572227991129056e-01,6.557697402738476011e-01,7.806152761325764189e-01,1.272470109158491680e-01,9.698062126325271981e-01,4.930080954726333564e-01,1.697025329945986705e-01
1.020406327263688323e-01,8.071670592938422484e-01,7.630016121269669327e-01,6.984951933225582721e-01,2.067316536382782510e-01,9.130006165227305681e-01,4.275827290506167833e-01,1.673396854172302661e-01
1.335333553146218488e-01,9.774555101008273184e-01,5.672959898667002676e-01,7.340053037176108575e-01,1.616946411764222102e-01,7.715101375157956687e-01,1.932518136695681732e-01,1.696342023238319174e-01
1.070228013616015550e-01,8.576632884064901985e-01,6.394810146738696410e-01,8.365160042733539303e-01,1.290419956463665918e-01,9.695690012716520201e-01,3.540406320877241275e-01,1.685647865589063876e-01
1.333366407699876077e-01,8.898290638535228947e-01,4.075765129125898945e-01,7.649733471532943474e-01,1.465545730799164281e-01,7.597549908746727976e-01,2.433562539526012147e-01,1.695104384912642370e-01
9.989600415524033106e-02,9.845382888676088573e-01,9.199964704387688652e-01,6.796097309296362798e-01,2.254985328866095096e-01,6.357085160487628839e-01,1.279508035313562386e-01,1.698065468762237351e-01
9.565747487277129202e-02,9.417768172685476724e-01,9.019037667648968082e-01,6.638059370536931736e-01,2.298662329083795419e-01,5.909644281028585411e-01,1.209430527974086067e-01,1.703343770241341759e-01
1.018992293006721339e-01,8.400747694281059941e-01,7.301748774809804221e-01,8.148637403313649941e-01,1.466392229258930979e-01,9.920510894337388752e-01,6.329789249433888099e-01,1.665578051843351060e-01
1.060557817135543424e-01,4.021305472691387162e-01,8.929565015748930357e-03,8.556664698264360158e-01,2.055544514652437593e-01,6.211953401026978350e-01,3.806927001389439069e-01,1.673485336352905639e-01
1.178531963970601837e-01,8.060969647324714993e-01,6.887318141911850100e-01,7.304450249315529442e-01,2.087868099830393342e-01,9.604310070592245729e-01,3.426415226010675052e-01,1.679724207415280723e-01
1.309037178817529790e-01,9.409177480960626561e-01,5.733126615847992102e-01,7.126507171819965736e-01,1.668465327221593242e-01,8.663712727611887487e-01,3.350312097453872484e-02,1.701666494231532933e-01
7.553308538725245214e-02,8.824048576001288779e-01,8.252447406642751115e-01,7.882784220413919796e-01,1.812516100778978900e-01,6.519038243894120788e-01,4.058738838966811091e-01,1.680588292991894717e-01
8.880910659782961791e-02,8.251563465208433534e-01,6.818675643990702584e-01,7.771598906476234747e-01,1.978651551257699925e-01,6.830986830664798060e-01,3.363922720682344103e-02,1.704090767448252497e-01
1.616617057193533158e-01,9.537257460423248512e-01,5.140039505202117498e-01,6.839032785195362507e-01,1.773311631534893462e-01,9.967697416558340962e-01,3.281089209474597479e-01,1.687549881075745273e-01
1.064056122909034230e-01,9.100697411830954708e-01,7.749283506774697905e-01,7.232306507903523141e-01,2.141819883742840935e-01,7.731953785458328676e-01,6.204561704010153056e-02,1.695422429194056169e-01
8.489005308099921432e-02,5.243868741814934342e-01,5.893588271893387409e-01,7.581103832208925253e-01,2.206597801107650358e-01,9.283883243780514105e-01,3.193477937117722987e-01,1.694214015420032748e-01
1.188641883510254127e-01,9.545661960146246683e-01,7.699382613318186408e-01,6.759484613320618784e-01,1.817588419651349763e-01,8.874728494166470583e-01,2.142306911032036132e-01,1.691964204785717518e-01
8.618515001782928175e-02,6.219755229784670325e-01,6.622425848802059312e-01,7.901952631920157177e-01,2.166662556322520861e-01,9.529114082134333419e-01,3.159623021987199576e-01,1.684943926461182906e-01
1.099319228020597117e-01,9.466347983852406722e-01,7.721001477466098439e-01,7.109650870996424565e-01,1.924362920747114958e-01,8.170468703655686671e-01,1.474158587378767982e-01,1.692943040941823907e-01
1.331406414864106658e-01,7.574607462458295970e-01,4.369255975098141342e-01,7.499261705744283413e-01,1.724946188404726521e-01,9.605632160546269116e-01,1.787430756523157582e-01,1.694707880815254641e-01
7.688764785901981702e-02,7.878733234650349138e-01,7.516088549785797657e-01,8.220424713137202133e-01,1.405970743401667444e-01,7.910186311181762742e-01,4.389291694736261462e-01,1.694978654455200073e-01
1.985614833271988622e-01,7.848588174441936127e-01,5.170927581867790224e-02,7.762563420690871130e-01,1.345737764511904799e-01,8.733424424942651809e-01,4.229186466876921902e-01,1.684317933924305288e-01
1.166083684578970159e-01,9.109703515515020777e-01,8.109877318092147958e-01,6.888799653737870399e-01,1.704886988519246638e-01,9.961089778303798825e-01,5.367382582637576505e-01,1.684447892446696848e-01
1.028737534440716112e-01,6.624450584770925632e-01,5.259633587628942397e-01,7.838720991779503100e-01,1.999825688582217154e-01,8.993485752712021553e-01,3.423035144080353587e-01,1.678272674212684390e-01
1.437096426631340740e-01,9.909368790320010056e-01,7.131407021280116165e-01,6.466007157632569502e-01,1.960828160328876857e-01,9.603784587556137842e-01,3.964546640781476117e-01,1.682005525359449583e-01
1.729222104133855964e-01,7.372784788973502090e-01,2.499480609160491806e-01,7.255301837995216108e-01,1.824562984944541055e-01,9.581801682060829828e-01,4.431535814795847794e-01,1.680182856811024694e-01
1.208744341137205497e-01,9.441647433002261502e-01,7.130090565687652315e-01,7.665725300858006186e-01,1.798840970718380283e-01,9.254728670835947746e-01,2.105100084105792635e-01,1.687262376022155841e-01
9.073141342887725003e-02,9.181541288602373951e-01,8.837005035102540873e-01,8.283314403739749920e-01,1.360803880260998966e-01,8.706953756905545516e-01,6.426892976096586496e-01,1.674318324151108650e-01
1.503295855123562841e-01,9.695342030994813509e-01,5.939942474776259695e-01,7.161283340278019605e-01,1.920083501601061171e-01,9.902644032922964801e-01,2.131232907187081693e-01,1.678572333761836899e-01
1.371528506915171419e-01,8.205429303522737694e-01,3.940089951563074955e-01,7.463540086408626539e-01,1.604572748565577522e-01,7.915981617742773313e-01,3.007861271985218798e-01,1.700248031334668786e-01
1.156828161072052663e-01,9.564182843960384872e-01,8.135780659726885577e-01,6.838352419113099545e-01,1.893831745121531962e-01,9.058613486192063080e-01,1.726197308045558099e-01,1.692973126408126028e-01
1.073904413355847576e-01,9.206500653097375864e-01,6.088676672572601589e-01,8.039265647380713364e-01,1.224431929905759053e-01,7.592066320121469980e-01,5.980433251553978202e-01,1.683287150359842055e-01
1.310720572214795487e-01,5.231414265270022401e-01,1.180568108070780275e-01,8.293422890916040124e-01,1.771989642697633927e-01,7.972499066257231481e-01,3.434355285483430831e-01,1.681305431237289927e-01
1.516860517392524255e-01,8.871370546409098612e-01,3.804884403778175939e-01,7.744621067203241171e-01,1.513945523446126873e-01,9.414263118515622253e-01,2.572155994530769263e-01,1.685895968789800636e-01
1.199974820092789551e-01,8.911973226008177429e-01,6.666130650523702794e-01,7.857756454125973677e-01,1.377461286762907688e-01,9.675086068654198401e-01,2.534646808206548196e-01,1.700649601324484006e-01
1.051014764425824422e-01,5.501095802139831514e-01,4.766217139075283327e-01,7.303969818367028743e-01,2.191123077103876993e-01,8.958414930025895284e-01,2.738382454350282713e-01,1.695738649581238489e-01
1.182085079068969508e-01,8.558130939593093789e-01,6.427734139977844263e-01,7.254377858885439068e-01,1.863298720372082995e-01,9.115125837118773777e-01,2.444449982972771440e-01,1.685581407354770078e-01
1.082364079853662120e-01,7.010540150513034918e-01,5.627124024747720554e-01,8.002506860783219489e-01,1.499705708358942680e-01,9.930650919335464177e-01,4.212972901938510928e-01,1.695577355045901069e-01
1.213732794912779633e-01,9.308095607680737515e-01,5.324781050137482596e-01,7.667075532453021536e-01,1.667917599263378792e-01,7.300453011641752088e-01,1.450225481242619352e-01,1.692299124436595914e-01
1.092152310214063865e-01,8.571474978686925983e-01,6.894065755199880741e-01,7.703130262622689406e-01,1.530299980427983486e-01,8.794760139049917491e-01,3.084599824621273023e-01,1.698874645936536976e-01
7.934983188401135978e-02,8.119970889028986782e-01,7.437373336808872359e-01,7.816516483345624655e-01,2.041359960026559173e-01,6.782625484825623996e-01,7.567486531066763833e-02,1.694134150517845050e-01
9.916813436536971171e-02,8.728801638486525238e-01,8.727805703659636816e-01,7.276834152346991491e-01,2.051427864322709627e-01,8.323187131408031902e-01,1.361456785543845027e-01,1.702466127144807717e-01
1.080560911868621021e-01,9.360909571133880780e-01,7.063736923684382774e-01,8.033999716828045257e-01,1.400712082130621261e-01,9.055714753094723513e-01,3.097155442732181241e-01,1.681719364457962274e-01
1.036444524298674452e-01,7.700450341793639852e-01,6.921635606741347591e-01,7.483584238115832399e-01,2.125325500321003092e-01,8.950162378585406753e-01,1.463038339583024039e-01,1.687507334404854675e-01
9.901084484370771543e-02,9.078970893220907890e-01,8.886469470197686515e-01,7.118273364682932147e-01,2.260699696949398374e-01,8.037429466017926849e-01,8.405429639503975148e-02,1.687169109743546225e-01
1.112681742767228227e-01,9.089085121872066964e-01,8.159400974015580399e-01,7.509658649192610946e-01,1.577739629303814839e-01,9.980263606326790216e-01,4.210581166648222351e-01,1.689074010560679684e-01
9.942214643009830710e-02,5.899097199453565699e-01,1.517494768135085881e-02,8.868536078883135776e-01,1.583666005444723524e-01,4.677794166771422901e-01,3.709225255754411421e-01,1.690960337944286962e-01
9.141489003674925506e-02,8.556050667417083311e-01,9.225024644595116730e-01,6.628252708209343425e-01,2.597816675813786613e-01,7.196223508365816590e-01,8.411857344229689559e-02,1.692115979931058667e-01
9.422294177387885439e-02,8.260298607819017702e-01,7.995826988997171147e-01,8.012356550216558349e-01,1.868960259507481403e-01,9.261345624818227984e-01,1.259839206619325358e-01,1.695919442668656629e-01
3.960280092597927293e-02,3.947925412292985214e-01,6.814736173111882733e-01,8.173706264406517263e-01,2.531355177402102585e-01,8.106942571965329858e-01,2.885697723486065347e-01,1.689918291161129071e-01
1.864613886726222414e-01,8.584200616334667355e-01,1.927860770603894158e-01,7.382200650478767390e-01,1.496724128200326298e-01,9.180159775350141826e-01,2.151827355793424768e-01,1.691315476725683276e-01
1.075253623237201750e-01,8.479038397419473849e-01,7.560050152628776665e-01,7.214349847198511245e-01,1.731842736654479187e-01,9.860532762380778138e-01,3.965677411908111183e-01,1.683498017228718113e-01
1.111799603656142554e-01,8.781715132996340545e-01,5.415613214489775062e-01,7.974614983380725608e-01,1.365843307467999035e-01,8.269357160961786635e-01,3.656055902366549537e-01,1.689159671648217398e-01
9.571522390247777512e-02,8.402791223321544045e-01,7.823629612798304045e-01,7.605673756622279846e-01,1.508529283333649995e-01,9.172278977241368203e-01,6.751988616924831099e-01,1.676706317689549142e-01
9.129089784906911642e-02,6.932469356612162015e-01,5.675699035484258470e-01,8.447556288762441135e-01,1.600953267565037308e-01,9.202236194249671097e-01,4.257524657474576757e-01,1.678987134987957874e-01
8.583185624342468123e-02,7.921331934332215274e-01,7.037801340554334928e-01,8.002684695788446767e-01,1.989947314022386393e-01,7.589145764010132300e-01,2.387748097315399165e-01,1.682857744669000455e-01
1.152502309345550119e-01,8.735319226641794499e-01,8.810390352955859150e-01,6.792249285079886567e-01,2.191411194109471050e-01,9.499042120812104528e-01,1.812889605350143929e-01,1.696083019022020244e-01
1.190178771493396598e-01,8.186994408207449725e-01,6.147127110386618742e-01,7.550378478231096757e-01,1.730706487727594334e-01,9.272312431135487643e-01,1.215488217989809938e-01,1.706665251047798093e-01
1.024625221279584358e-01,8.965016696983919564e-01,8.302902718794921144e-01,7.355196337475133905e-01,1.636913204760581664e-01,9.081571882026749920e-01,7.383226972243522868e-01,1.662983670889651433e-01
1.318947977176652964e-01,8.763095863618367565e-01,5.818256132986934226e-01,7.501585310346695623e-01,1.534559220889883668e-01,9.872137870155572870e-01,1.671871782276958263e-01,1.699741337477206904e-01
1.415297673934804712e-01,9.029641829801731134e-01,4.407435523784627440e-01,7.244354120051464951e-01,1.450259414848149853e-01,8.382755715023804122e-01,3.947550034156795951e-01,1.691931673375858258e-01
1.392192694973878875e-01,9.119809961070655113e-01,2.223583221934392062e-01,7.825443562372329520e-01,1.457669952042041639e-01,5.755697126423597876e-01,3.150553071317365728e-01,1.697353947250456740e-01
9.163115754004393099e-02,9.655274959958489722e-01,6.209942945330960695e-01,8.411320710317825577e-01,1.536709545245012742e-01,5.221471330565187197e-01,1.453985657749876648e-01,1.699631327360923705e-01
1.651618373295070941e-01,8.987979810089361532e-01,4.040588216677278854e-01,7.408722953923639887e-01,1.697618578528137800e-01,9.557011308000836758e-01,3.246530783408422827e-01,1.689278476077702151e-01
1.154848772059656470e-01,6.875638560065059357e-01,4.941023052027973539e-01,7.349273967941760688e-01,1.938769808621545743e-01,9.175809526940483796e-01,2.652122296755590747e-01,1.696001055176293570e-01
9.318236689213338364e-02,8.948455895851624708e-01,8.989809202608807226e-01,7.930499519385382223e-01,1.475397091194373955e-01,9.321278633259324486e-01,6.199542863429921002e-01,1.681258727635941697e-01
9.466916115518091146e-02,8.353499938129804736e-01,8.378745578112565262e-01,6.995088976361305555e-01,2.124739385180792750e-01,7.918648917679255161e-01,8.304743899875066671e-03,1.707137751432852568e-01
1.451879846476253066e-01,9.537563277113524363e-01,7.025405056747846544e-01,6.720640033825068249e-01,2.211320018613442684e-01,9.962225270083269191e-01,1.434958267981150393e-01,1.685012344818728192e-01
1.083390916524012287e-01,8.750218068192611165e-01,6.528477801240679668e-01,7.746816365557289696e-01,1.708740561183798856e-01,8.463749655857742971e-01,1.707394714311717410e-01,1.693304484676870225e-01
9.210953926149859083e-02,6.495603975294717003e-01,6.174928414782203667e-01,8.076492348721941994e-01,1.781995740037973508e-01,9.456463979599324388e-01,6.552980606751702686e-01,1.669313909307970634e-01
8.464238684199915097e-02,6.138018538598943863e-01,6.759956970675315979e-01,7.376651081656461217e-01,2.491904077624461089e-01,8.786315829952624501e-01,1.319393214143736726e-01,1.691952060968444638e-01
9.796864125601732753e-02,7.821070171989359388e-01,8.114862561388862527e-01,6.980405967241373189e-01,2.317727514964769142e-01,9.053140971627264832e-01,2.470255731944609734e-01,1.684612407229474917e-01
1.149110884740754401e-01,7.698090282584580946e-01,6.727760995563647484e-01,7.064594555736956050e-01,1.846468974001487795e-01,9.786666973532279767e-01,2.127409809838341770e-01,1.704060115542696818e-01
8.921494241786552537e-02,8.171407980211031763e-01,8.904904437408043272e-01,6.848588027604265438e-01,2.382084798502168144e-01,7.593199526800684662e-01,1.080539361096418127e-01,1.702107454745333537e-01
1.412121106110946211e-01,9.814759692487998732e-01,6.127627341658500315e-01,7.210082857556203706e-01,1.633011711598804372e-01,9.326034957505213718e-01,5.104999252771849072e-01,1.672191596007384373e-01
9.395517215883610052e-02,7.439989190962629229e-01,6.291427724128920707e-01,7.231232269412369851e-01,2.324247629210780819e-01,7.380876942095075943e-01,3.038381255930383551e-02,1.692795824832761253e-01
6.930636679620244545e-02,7.495785940092672961e-01,9.094930622598448311e-01,7.391032965522189579e-01,2.194206263247573396e-01,7.531019493497677075e-01,2.435848174313584025e-01,1.697591881702205929e-01
1.081628303117991713e-01,8.697695151338811215e-01,7.125842221058190651e-01,7.388300317385565474e-01,1.417796890735392445e-01,9.106269092806398291e-01,4.617581654124766066e-01,1.692915590578950025e-01
1.102004646041635227e-01,7.728063799384030652e-01,6.426327405263898562e-01,7.530533646890849031e-01,2.089678416794793214e-01,9.312501737628178233e-01,1.906231216369879411e-01,1.680543328504132683e-01
1.110936911680013850e-01,9.687502761848040267e-01,8.478398794837889163e-01,7.477040683569506907e-01,1.801359733744568592e-01,9.843470856679000791e-01,4.673393894839910634e-01,1.662370583306160277e-01
1.702017774734557176e-01,9.684663505884283374e-01,3.901893239372205002e-01,6.930094393973751377e-01,1.517921135621313478e-01,8.826427095652489285e-01,2.859950862465396315e-01,1.700564093453472425e-01
1.315867210664600495e-01,9.562438593539248632e-01,8.216333297982392203e-01,6.030161232441858532e-01,2.451758841197184957e-01,9.528222741568780352e-01,4.723786696598064605e-02,1.687306637761359918e-01
6.829619390129568202e-02,6.974806518059845084e-01,9.137358560078117087e-01,7.357206990048114070e-01,2.393336583476423363e-01,8.150947600634054213e-01,1.647908713949445825e-01,1.696267425627957237e-01
1.000050507376546438e-01,9.905878711290446725e-01,9.222793044608945667e-01,7.808812219684678757e-01,1.590179789885841632e-01,8.887584211615666696e-01,4.148053468159665358e-01,1.683202751437078148e-01
1.159196605081252440e-01,9.106886485672768261e-01,7.854106375554972264e-01,7.195124110466881717e-01,1.705746575296441525e-01,9.268661533398553365e-01,9.665462387589870974e-02,1.709353161884893391e-01
8.047539932255859396e-02,7.363351211970381449e-01,7.814489789033376432e-01,7.946096809423945917e-01,1.815129987605358930e-01,8.348469365177068058e-01,4.591151381592173397e-01,1.683092764645265638e-01
1.070995348328334790e-01,8.463781654968041135e-01,6.592561716110416636e-01,7.650609212195982334e-01,1.590523981282012389e-01,8.881352868406147127e-01,3.471491287886893096e-01,1.693652986567408258e-01
1.144218854595586976e-01,8.844113611476758230e-01,6.051429425252022876e-01,7.781383751925722292e-01,1.719865099421962751e-01,7.897000948506437412e-01,3.181057954498972551e-02,1.700538620663669398e-01
1.061970689880617630e-01,7.532870744170405697e-01,7.780689031449048443e-01,6.925663926264072900e-01,2.309288211145421044e-01,9.439620983050071024e-01,1.593663362022468277e-02,1.707087619162942771e-01
1.168197497751032876e-01,3.851040765074153494e-01,2.919343796219696641e-01,7.495666853111294659e-01,2.459826342161172408e-01,9.547945828977199012e-01,3.244559341841427580e-01,1.682340419654337060e-01
5.751156437541950217e-02,5.724983948268522749e-01,7.491813697898699331e-01,7.738840646987883432e-01,2.543194414690502780e-01,7.591943129904746845e-01,8.109325294074748447e-02,1.693890995658443033e-01
1.023524955686348215e-01,7.200620101361462355e-01,5.289319282376061526e-01,7.776506503220119715e-01,1.566416244713330630e-01,8.090842916172313881e-01,4.897861553411470004e-01,1.690281888953687472e-01
8.361465675156858068e-02,7.995059314521313354e-01,7.433605377573385686e-01,7.929759116972592281e-01,1.695255165758492999e-01,7.902772578126318059e-01,2.920427777623114118e-01,1.690615524648098333e-01
1.568414234789411166e-01,8.835959442600693770e-01,3.819172051972971049e-01,7.467063591112886867e-01,1.722098870818784266e-01,9.075176290493419673e-01,2.011715881403667860e-01,1.690165589865445239e-01
8.548987000064370290e-02,6.428143149958845948e-01,6.837156923086351590e-01,7.733596657486041526e-01,1.770531393384278118e-01,9.610064252324017620e-01,4.394303678456751849e-01,1.693925296797689217e-01
8.706035287092200869e-02,9.160452546199864265e-01,8.234976411456579326e-01,7.384000468072764445e-01,2.216011088218168834e-01,5.681941637126803890e-01,1.312716013347348110e-02,1.694392959702683832e-01
1.637010630784750120e-01,9.682106860065360365e-01,4.154670828895424273e-01,7.683245647936116640e-01,1.211509213807843433e-01,9.352715108652256415e-01,5.525627220805671147e-01,1.687927188912916876e-01
1.163588514789161282e-01,9.889872802300964105e-01,6.284624924257712353e-01,7.748832367205581440e-01,1.398970085604264169e-01,6.879975832774581912e-01,1.853255636689335462e-01,1.707351684493798594e-01
9.264608684435235442e-02,9.004597414555620682e-01,7.277218957444240299e-01,7.616803670750501576e-01,1.907754972442971264e-01,6.750908944990061666e-01,7.899175548648340595e-02,1.690887040154017695e-01
7.961453438656977688e-02,5.921689621860896091e-01,6.798039551191039642e-01,7.309876163865778320e-01,2.519462332201372612e-01,8.786439757398295525e-01,1.193732211263807685e-01,1.687972957059183654e-01
9.236837634964394084e-02,9.840534400108620350e-01,9.217874013325653149e-01,7.149133348792238163e-01,1.935677543931726419e-01,6.798512237303875327e-01,3.036553070365803353e-01,1.686417608212248120e-01
9.528233562109843235e-02,8.451614251182067994e-01,6.772825476539003908e-01,7.303728093617299910e-01,1.936140044611784072e-01,6.566153339794968957e-01,2.852358770615137651e-01,1.691019184042011070e-01
9.418215131401411200e-02,9.010957099910310575e-01,8.989493850671076425e-01,6.771599604890075064e-01,2.274899629144048752e-01,6.781149466457871977e-01,3.434351691763215531e-02,1.704089113382847021e-01
8.348926399263736919e-02,9.346729767219735807e-01,7.306846286563264403e-01,8.409080034456436481e-01,1.259720536689864778e-01,6.226183488329462001e-01,6.643881662119184295e-01,1.673553294883416698e-01
1.097232169771078930e-01,9.319089135267764057e-01,5.792719365315002200e-01,7.682382969264585082e-01,1.798078216827233566e-01,6.192663277122735233e-01,1.266524037000665015e-01,1.698074617081272164e-01
9.213705602739943878e-02,7.665849247183325055e-01,9.054255503246402270e-01,7.088894881029269568e-01,2.319580162700135839e-01,9.519046181604766677e-01,4.968160521335729385e-02,1.701895082594435393e-01
9.980217848137416803e-02,8.660433404959613224e-01,8.540926684573711958e-01,7.236268469359723454e-01,1.612899033161378504e-01,9.484220185607399323e-01,6.043268510915955627e-01,1.676938465011744428e-01
5.316807670237096856e-02,5.840496033739477344e-01,8.096436896253289550e-01,7.824015323314280623e-01,2.347800238470035827e-01,8.178235952186627689e-01,1.544374346639441342e-01,1.693998982932784225e-01
1.357163528501341698e-01,7.341615452002573372e-01,4.309870799162476285e-01,7.574315444327605062e-01,1.992136508771840675e-01,9.742787303596928128e-01,1.886929783049828002e-01,1.682258512984349808e-01
1.125120641757091783e-01,8.150604409764550251e-01,7.820692660142727348e-01,6.480994608590093797e-01,2.340895814136128017e-01,9.131393018282866203e-01,1.243304060677284939e-01,1.693705416957665411e-01
9.514802317613670068e-02,9.625238122407737684e-01,8.151009774682795861e-01,8.093934039221329924e-01,1.354140387661260936e-01,8.407056879268878236e-01,3.896324448027062015e-01,1.683961428228342438e-01
1.351425964637039401e-01,9.577889392418188486e-01,4.361397625707553738e-01,7.818053710438004344e-01,1.440313311434863741e-01,7.327167080380725395e-01,2.521048462738882390e-01,1.699581022294183730e-01
9.621186233528833398e-02,8.155386618604045790e-01,6.965193031908450960e-01,8.385897670662183501e-01,1.603963364068297093e-01,9.214002418092419600e-01,4.226683864562773008e-01,1.677788344128358644e-01
1.255808851574647389e-01,6.509433116949177034e-01,4.258272923373486174e-01,7.620999797449746760e-01,1.919870373294093047e-01,9.535749695300326234e-01,1.645405014544271960e-01,1.698481882766213480e-01
5.631340309758692264e-02,4.988051359095251325e-01,6.968806867269976557e-01,8.332869277931557184e-01,2.224843237910920091e-01,9.098012089750228126e-01,4.813711575043017055e-01,1.670618357581142854e-01
1.138146045730337869e-01,8.752972286599831619e-01,7.746052192088763722e-01,6.957689912257984943e-01,2.294535111079156198e-01,8.591605847686618613e-01,1.473605401474626653e-01,1.689618245597167556e-01
6.932528566335768860e-02,9.248325806688748596e-01,6.745362555675021854e-01,8.445927654435088083e-01,1.868249569471780169e-01,3.738266813395573207e-01,2.605004157543290289e-01,1.689362203127582618e-01
1.113898838428243609e-01,9.354586970986542571e-01,7.605517704248598854e-01,7.528190267852113982e-01,1.306233203457610736e-01,9.548424170035056946e-01,6.339531864923615423e-01,1.676841906595468168e-01
1.709445200401343290e-01,4.678268256954780657e-01,6.776033067198361515e-02,7.561095661037753324e-01,1.952619826982067985e-01,9.617690359033747027e-01,2.836121101396457123e-01,1.683309755695110987e-01
4.656790518864384332e-02,3.625817581242879450e-01,6.633834305905712547e-01,8.196726539412155788e-01,2.517142868870368422e-01,9.675742501020856423e-01,3.091712720522075686e-01,1.686771605586257494e-01
1.222746702242019506e-01,6.860740251470962558e-01,4.898706674706910791e-01,7.333069316283631345e-01,2.065489000192373137e-01,9.260544375566054365e-01,1.981961149491704710e-01,1.692235299673673643e-01
7.282641920538351910e-02,8.501503174421135567e-01,8.491792865208882546e-01,7.459787833572388838e-01,2.188123210511240813e-01,5.608138568943320523e-01,2.283367264287995135e-01,1.691166745126319870e-01
6.555234411460815480e-02,7.123547672750339954e-01,6.892938016313049365e-01,7.873284073461210841e-01,2.269611610130229662e-01,5.772552196382455536e-01,1.426303043173224316e-01,1.692786683147428362e-01
1.002997766260260160e-01,9.718700491820568832e-01,9.337394147070761097e-01,6.610036135974581839e-01,2.278855193899636811e-01,6.332549223583070486e-01,1.822623579248704995e-01,1.694516541421811906e-01
8.345850471264945614e-02,8.272777485482702975e-01,8.774735584102790753e-01,7.690467855997173974e-01,1.780986258856860904e-01,7.685044493708879099e-01,4.181323146107187583e-01,1.694746689612859902e-01
1.260834094882555823e-01,3.898733954119880107e-01,6.034218205678582025e-02,8.008674568059379606e-01,2.204927422605829912e-01,7.804750219898664021e-01,1.798067671327756578e-01,1.678958828676500314e-01
1.415032980698417153e-01,9.994291831901556122e-01,6.269328546510983813e-01,6.883009921065627035e-01,1.620326475665122556e-01,9.007764948206931077e-01,2.137851407696580719e-01,1.703855406294212116e-01
7.856774778773377432e-02,6.391815840865876508e-01,6.911690063764667213e-01,7.729142081084197091e-01,1.966315639328278242e-01,8.742885442117398487e-01,3.772317666908539535e-01,1.689969355663082373e-01
1.071132041319943634e-01,7.475339796246639468e-01,5.145881279883517401e-01,8.064370554429601823e-01,1.673899022582221174e-01,8.917291264804336759e-01,2.675232381447907870e-01,1.686726780459969766e-01
7.767114427682300648e-02,6.914281578982497400e-01,8.250882479636660882e-01,7.562664716463921577e-01,1.932985534874644140e-01,9.650171875558349877e-01,5.205004483913275859e-01,1.680292405541442824e-01
8.589942709973297230e-02,8.282846789051956371e-01,8.629136649816624427e-01,7.263160219969382325e-01,2.007120164796864503e-01,8.161605513723418914e-01,3.750619844831000749e-01,1.688902619527213878e-01
1.876017245163620895e-01,8.557597356957016288e-01,2.537464269054436339e-01,7.053283550077595887e-01,1.706543117624988448e-01,9.548745186881733016e-01,3.142034223602758747e-01,1.690306916775103918e-01
1.254057295427078444e-01,8.306134325673759644e-01,4.591655514790063952e-01,7.723564703904772788e-01,1.549786911139943157e-01,7.902088598213401482e-01,4.343111451897319619e-01,1.689610998268312736e-01
1.048114328332003242e-01,9.746480679928146706e-01,7.665732376094441802e-01,7.773091295819515301e-01,1.350954398310716675e-01,8.310968022606766148e-01,2.485718894859523798e-01,1.696669965095802812e-01
1.212902279574093328e-01,9.880415233300698929e-01,8.086592638472457351e-01,7.324992374767030912e-01,1.767852774983572073e-01,9.947167350390777596e-01,5.277956114157035250e-01,1.663745950586488498e-01
1.534622499128466822e-01,9.994973924541556975e-01,3.781500254023856256e-01,7.687231244701284716e-01,1.195657769375644830e-01,8.028606650012823920e-01,3.257845663165057082e-01,1.694123728509796256e-01
1.287870836870589342e-01,9.268763062507717754e-01,5.936924123897042715e-01,7.340772082689566158e-01,1.579936879581198272e-01,9.145639482567183842e-01,2.283495788811897020e-01,1.697857304517814137e-01
1.418884242780026617e-01,7.326329380492578869e-01,3.106521689566243416e-01,7.871373423563603478e-01,1.414061179773838106e-01,8.925317092544677866e-01,5.546219365275765201e-01,1.684230558955306933e-01
1.119266419268703239e-01,8.486566693391088823e-01,4.956626868417932097e-01,7.763635457916252536e-01,1.698426649789602783e-01,7.076097763342827918e-01,1.169439702120230185e-01,1.699327801967850105e-01
9.759820933820598232e-02,8.787245574645876633e-01,8.948209809358448341e-01,7.173649478730851348e-01,2.174476309837837518e-01,8.317086065715524335e-01,3.262602054002988750e-02,1.697731378334730312e-01
1.520614476681974303e-01,9.099644289772954586e-01,5.188365727661390370e-01,6.746768065258335056e-01,2.106053413511539130e-01,9.859398140209256756e-01,8.162863058190555909e-02,1.686477197375418069e-01
1.311403652336787795e-01,9.763825668381624912e-01,4.591914331791771553e-01,7.589873283222796641e-01,1.721877643381006240e-01,6.834085978292578911e-01,6.107775582556357330e-02,1.700207083536691144e-01
1.576638519343756262e-01,8.826919288843941835e-01,4.219699077159774769e-01,7.251293743012511284e-01,1.638742328440608576e-01,9.833687089332874276e-01,5.393833645827228462e-01,1.671030878209541770e-01
1.228583495955067328e-01,9.776982507051514837e-01,4.849999475297862017e-01,8.294173140724813154e-01,1.234898945034522549e-01,7.181685315878119091e-01,4.638194745145751141e-01,1.682671078152811472e-01
1.049809180523080948e-01,9.124374005967774703e-01,8.506826636877579118e-01,7.493938688181531749e-01,1.875249372650261148e-01,9.870275260474303813e-01,4.682503296166001805e-01,1.672359667359693269e-01
8.797249988785968422e-02,7.187034968457842732e-01,8.874647281151044620e-01,7.035664308175111348e-01,2.163196320600508649e-01,9.671940622949718458e-01,6.280928746700138454e-01,1.672682172730771966e-01
9.804636995696960899e-02,9.500682414339644000e-01,7.703391322137618236e-01,8.136371116400465953e-01,1.226492925737789758e-01,8.465593254864688388e-01,3.001858178462209481e-01,1.694714845220344213e-01
1.407994261770703914e-01,7.748979580315091820e-01,4.228568167937602484e-01,7.484948964574200669e-01,1.493021712786996857e-01,9.867238943635389115e-01,5.183177129671281413e-01,1.682883015711794383e-01
9.959139273136198567e-02,9.466055000331347058e-01,8.472336003889822109e-01,7.422271230968939815e-01,1.752865724368600775e-01,8.490595141029898540e-01,3.578945473883148876e-01,1.685858156744313718e-01
1.747416687647819766e-01,6.630383047581878131e-01,8.740461027767720825e-02,7.601648912851116657e-01,1.690219260484338015e-01,8.198953375470281468e-01,2.862651446659871812e-01,1.691637317751880087e-01
8.457899626610701493e-02,6.573607811101493947e-01,5.975839249379124585e-01,7.825402856022883880e-01,2.173160884291814310e-01,7.805571499916316158e-01,2.914050583618839063e-01,1.683699621850642814e-01
1.059519901622962418e-01,9.838591905749921596e-01,8.460595557368513209e-01,8.209612875454315173e-01,1.159925559318948918e-01,9.335483708930580882e-01,7.235142696624734526e-01,1.669587268436455441e-01
1.106513263811760850e-01,7.931360428520970451e-01,4.745223287376385546e-01,7.634952607734765140e-01,1.734479822588292919e-01,7.250912410964341914e-01,1.284156471631858476e-01,1.699682472147165113e-01
1.457919059092699920e-01,5.782825584694333276e-01,2.804918122589047380e-01,6.983301086462813112e-01,2.372445927307733904e-01,8.940342087389159254e-01,1.611846498399080729e-01,1.689693219761523035e-01
9.023940374988555224e-02,9.136177012331102576e-01,8.180682738348454830e-01,8.288850550203723522e-01,1.329933182675676062e-01,8.530377604920292844e-01,4.105315982135723796e-01,1.683014712256487022e-01
1.081038890879698067e-01,8.609653748454793032e-01,6.636024507708904174e-01,7.671320172314545216e-01,1.675294377725544681e-01,9.255823410017507413e-01,1.988536532818456215e-01,1.688172667263430349e-01
1.750415374991693418e-01,9.249077492174156978e-01,3.297709232830529080e-01,7.228800382110364131e-01,1.297240720282011317e-01,9.093378637546458698e-01,5.457986265472081211e-01,1.690463357892654506e-01
1.083736937986031906e-01,8.948587911071342882e-01,6.195781610476106538e-01,8.058840141024127268e-01,1.346827667319931143e-01,7.648000696903679563e-01,5.952887134554926130e-01,1.679155842177154634e-01
1.135493362000956352e-01,6.330983067086293214e-01,6.737338485295463197e-02,8.580766437886526710e-01,1.663745234587923061e-01,5.198599905961127643e-01,3.007670201404544774e-01,1.695553523587832456e-01
1.016846837274961307e-01,8.908554494119250711e-01,7.099676314850011938e-01,7.935960651013153067e-01,1.630704902542902957e-01,8.676586727423387657e-01,3.405851096040828918e-01,1.683442403408835775e-01
1.175717368133962076e-01,8.307714655625637601e-01,6.043731902743783024e-01,7.496642443738551487e-01,1.884627027385245845e-01,8.634541676784299735e-01,7.612331060797677962e-02,1.694550058188259156e-01
1.222518259964953391e-01,9.569167441185644218e-01,5.039261461775660367e-01,8.290174843099231694e-01,1.261678967483735592e-01,7.791332872549584510e-01,2.357358530007163111e-01,1.691007526731494737e-01
9.993530921932998468e-02,9.316706158771251856e-01,9.584866795338666812e-01,7.073117409028402136e-01,2.048673576807092944e-01,8.965640335716538178e-01,4.789378250175301277e-01,1.673116774169600418e-01
1.345771552727436371e-01,9.046774268566697419e-01,4.652819308239508622e-01,7.649693030099057323e-01,1.654668387747089686e-01,8.405477157576094482e-01,9.432550137102233001e-02,1.695602369417964772e-01
1.468164790396573882e-01,5.434539139417469134e-01,2.162216739596362625e-01,7.614222187315342616e-01,1.929204416662634036e-01,9.393661968325544009e-01,4.066123251123828219e-01,1.684899978924893349e-01
1.197160874475028808e-01,8.502449157059780438e-01,6.102908948605858530e-01,7.361703501200989042e-01,1.770107379584177354e-01,8.715522070694323720e-01,1.281438647746712955e-01,1.698241213092298307e-01
9.854174688018509098e-02,7.230173461531260726e-01,6.356040112418257504e-01,8.189243054670205524e-01,1.588305426200355142e-01,9.975988788974348154e-01,4.046956210900140016e-01,1.684767832608052018e-01
7.185063727029240843e-02,5.782318070076514216e-01,5.810758832375141347e-01,7.788739004785103504e-01,2.184890270468074491e-01,7.810394515836837082e-01,2.403471878109398885e-01,1.689163100617818714e-01
1.605675603441039656e-01,9.160639827873424679e-01,3.510132654391516782e-01,7.552838890601060173e-01,1.183054875295781877e-01,9.063063447105765835e-01,3.555676265143503101e-01,1.701814977324632439e-01
1.877560529263377354e-01,5.943357973197610500e-01,5.713830768295319329e-02,7.700448851981377407e-01,1.596960696316367667e-01,9.450073014180868647e-01,5.013173207237842099e-01,1.681634890190078224e-01
1.296438034267456407e-01,7.772191406903474764e-01,4.896212201564477673e-01,7.436302844057799399e-01,1.632476306206343541e-01,9.965967306366020351e-01,3.568470879862471468e-01,1.683700163457422794e-01
1.086884173622810340e-01,9.619740114811023979e-01,5.122133354317364162e-01,8.405112404635629586e-01,1.187829177499300642e-01,6.351963741186330559e-01,4.963288941664651954e-01,1.682648436167309969e-01
1.576798932739803816e-01,9.743067519754737837e-01,4.841211899923149597e-01,6.848409769272160164e-01,1.927381201494622054e-01,9.103815138488823289e-01,1.189832603635264663e-01,1.688768837319271354e-01
1.136288464418574867e-01,8.314790773564741944e-01,7.166866827524738248e-01,6.772272003439070431e-01,2.150740305580538525e-01,8.894254555938057027e-01,4.937350138020885071e-02,1.705947529598946244e-01
9.792594671882266788e-02,9.819161610323623446e-01,7.793950539674305844e-01,8.134372203948607716e-01,1.077823519406243685e-01,7.706682688934911596e-01,7.676734077677132007e-01,1.670943260470600378e-01
1.512045712730344937e-01,8.741494694330033122e-01,4.866872337863593079e-01,6.922085051411900336e-01,1.673552469064025217e-01,9.476679889458190509e-01,5.686214669153626389e-01,1.677161661318632979e-01
9.850177082967917497e-02,7.984698626031764279e-01,6.292170483055178343e-01,7.563234884105932698e-01,1.758397355907770077e-01,7.705476650345650658e-01,3.800584041010763858e-01,1.694622659792391628e-01
9.289593568732036621e-02,3.376549203510696984e-01,1.754098270526875947e-01,8.249866160481971189e-01,2.350424629391022202e-01,7.344175163486625912e-01,1.666359304166893651e-01,1.692586850550382993e-01
1.306802109106367238e-01,8.223520115773431671e-01,8.282550569289492959e-02,8.195015754108685435e-01,1.436348858470469225e-01,4.704357689305179724e-01,4.330394123536256967e-01,1.696081210695720709e-01
8.608802084666912491e-02,9.490188845559694997e-01,7.561734197369425203e-01,7.745258749990017177e-01,1.907263604060381590e-01,4.795314506181819758e-01,1.758779058064127987e-01,1.701003727191760240e-01
9.581113746484908045e-02,8.709382668925231830e-01,6.962610505724828869e-01,7.483361294380197482e-01,1.958787316662585209e-01,6.598513454739514117e-01,1.090333195142702827e-01,1.703675309002107285e-01
7.208612274037759504e-02,6.167319894802537616e-01,7.706337418096071978e-01,7.310299127287445131e-01,2.654290274699867558e-01,8.471397686261608051e-01,3.926098303741792916e-02,1.689691084602834847e-01
1.257978308146325552e-01,9.970944803038548354e-01,5.833524778954743972e-01,7.612299586170686583e-01,1.436376915433076884e-01,7.501950983498473224e-01,3.391946699485107186e-01,1.697312879217129089e-01
1.068462972711453352e-01,8.761920590245110274e-01,8.203482595556190748e-01,7.333178174229340041e-01,1.643158048141712402e-01,9.925185897351969100e-01,8.137515198530786975e-01,1.658699728194278633e-01
9.176819764127026879e-02,5.964982684686506165e-01,5.163441113648693515e-01,7.590085132428149306e-01,2.157409327004301824e-01,8.046061550388672323e-01,1.725343448527891510e-01,1.699436003885067270e-01
1.026479515261835285e-01,9.281628387476189568e-01,8.737848828582170935e-01,7.720659351969489936e-01,1.672885219494123776e-01,9.524014928405639679e-01,3.778224074426495549e-01,1.679762290213926146e-01
8.370961538752105802e-02,7.334390694570480651e-01,8.080814917256526897e-01,7.453676545004586096e-01,2.037713136767991540e-01,9.473033281762229807e-01,4.267462803396726567e-01,1.679168213829046186e-01
1.123653657085464386e-01,9.234767863623637441e-01,6.657197668552543579e-01,8.155514314662657416e-01,1.000507956194603976e-01,9.142709649257200200e-01,8.216503482337462749e-01,1.669707528974472555e-01
8.231486922185132782e-02,8.859866263547250265e-01,8.143926563953651776e-01,8.112852673817430027e-01,1.739073744490615969e-01,7.181597675621856913e-01,3.565847490742776738e-01,1.684307120896103849e-01
1.096046074939759085e-01,8.995862831035861262e-01,6.442396728844074216e-01,8.340514624351257345e-01,1.126778733710783187e-01,9.222358105078145574e-01,4.598941355786627661e-01,1.685799098879462443e-01
7.028623743240380861e-02,7.735032023871377671e-01,7.181940405149294104e-01,7.785756366379530391e-01,2.019197399639635904e-01,5.448672323501264625e-01,2.892075109960076662e-01,1.694640355112416175e-01
8.515878673629058426e-02,7.100159554832355946e-01,6.618189898820433514e-01,8.440742350313255038e-01,1.569309889189035578e-01,9.128289718882700576e-01,5.037315560356508959e-01,1.681932842136861228e-01
1.014388411022721093e-01,8.284148389253420675e-01,6.417770861825486950e-01,7.686298210717227297e-01,1.737790826324592253e-01,8.522032605129700178e-01,2.216801072426741737e-01,1.684683684740095055e-01
1.063272122711848428e-01,9.924648745371593694e-01,9.960836887252294547e-01,6.599869296908277283e-01,2.005118989943219798e-01,8.430558414388104049e-01,4.856303563963256797e-01,1.682092900233763677e-01
1.285998049657030295e-01,9.884990403535141024e-01,5.616455193851883632e-01,7.735563882150627846e-01,1.034394911592226018e-01,8.384294765074787881e-01,3.674080858131465455e-01,1.702392746768059406e-01
9.529081969641170491e-02,8.812818100573791558e-01,6.780528343135433511e-01,7.998929362681114208e-01,1.440316344145796124e-01,7.828186275589157361e-01,3.235085865959517193e-01,1.686070592436208215e-01
8.407575057259186746e-02,7.370659744504303168e-01,8.722410816021124447e-01,7.543937483068053895e-01,2.356639286757642726e-01,9.524996679711437153e-01,1.922214448024612554e-01,1.683159927382832100e-01
1.319494129642118374e-01,8.979612206091094340e-01,4.797287886184860017e-01,7.288256144669336134e-01,1.495776286395642529e-01,7.745098074149582290e-01,5.199184733704830252e-01,1.685404287050027428e-01
1.074857511877629623e-01,8.012755862594101997e-01,5.772675613583510001e-01,7.763140498739554696e-01,1.541233537977768908e-01,8.882453489325192741e-01,2.159774114583008775e-01,1.698375083822768472e-01
9.232158343451783711e-02,8.020435367107194846e-01,8.084617401433993322e-01,7.152516427211041972e-01,2.392467318238171714e-01,8.008308614682303483e-01,1.407244838678364807e-01,1.689064045204044795e-01
9.913176950602689552e-02,7.786106188629163816e-01,9.486383779315261666e-01,6.459846152421635512e-01,2.595219947119340453e-01,9.689609728696972901e-01,1.984072887700502053e-01,1.687136856742374735e-01
8.360526032076645575e-02,8.686640909804932420e-01,6.423409554982033587e-01,8.236933408937706647e-01,1.656840679901639968e-01,5.801931035959237981e-01,3.630168238261117231e-01,1.686059054842948823e-01
1.389631538745484396e-01,3.856639475717176246e-01,6.844751052578235129e-02,8.027065616752727673e-01,2.171189961600428486e-01,8.532931466260754716e-01,2.183865730729203647e-01,1.682418850000571287e-01
9.644669400544209070e-02,9.969886634624365307e-01,9.884685289752088710e-01,7.837671278032855016e-01,1.573765048472385852e-01,8.467268334495676729e-01,4.941521705210740190e-01,1.685829228148986725e-01
9.634978046533941576e-02,9.461408761272849244e-01,7.268817826402595994e-01,8.323824478138678318e-01,1.070751343316832943e-01,7.663072454303231362e-01,6.328242892866007274e-01,1.683241942327322604e-01
7.655197410985142836e-02,8.181890591204984409e-01,8.552586090169489452e-01,7.846407582354055776e-01,1.596091552298121719e-01,7.825704507068185212e-01,6.528364159782786835e-01,1.675577058237610883e-01
6.644938122376070622e-02,7.360385440458863116e-01,7.172681934828055716e-01,8.403985015637939204e-01,1.737939166645736666e-01,7.056624894718274144e-01,5.952195996788218757e-01,1.670134362794595539e-01
1.254882249863294441e-01,8.932977181011283463e-01,6.205085507268456313e-01,7.423622898176267526e-01,1.724800648770147549e-01,9.840613797538424468e-01,3.289879248473785434e-01,1.683076381361276463e-01
8.520545993696369835e-02,7.897160229526148933e-01,9.040258278646250423e-01,7.187987195957924458e-01,2.285059667437504272e-01,9.141656385399385965e-01,9.241234535704936914e-02,1.692877299328187923e-01
1.062934310350019534e-01,8.418393734573339504e-01,7.424892540632407334e-01,7.090597844273575090e-01,1.682980056693927362e-01,9.203229032519513186e-01,6.100474375625282164e-01,1.674967837486962818e-01
1.001192469178018574e-01,8.701413261977430924e-01,6.880851297434578129e-01,8.080836801843281902e-01,1.488075186246005377e-01,8.744042524358479618e-01,1.560027325513909102e-01,1.700749258275694731e-01
1.146386427178634204e-01,9.606820034233054528e-01,6.710507679902207867e-01,7.458385609338022970e-01,1.392786431605625708e-01,7.544806189340690361e-01,5.247240029913251558e-01,1.687361369243489395e-01
8.021592531166391038e-02,6.849048775729063010e-01,7.732670833570742808e-01,7.281745843699197751e-01,2.262210630605916706e-01,9.208552635855652424e-01,2.703201224928901136e-01,1.683459032593016547e-01
8.021142104613497581e-02,8.555604786711799026e-01,7.860565195544459982e-01,7.952017882450613806e-01,1.625560704221593322e-01,7.322271053062965329e-01,5.164867786458871013e-01,1.674124944823127681e-01
7.429652134575218114e-02,4.705231024971376907e-01,6.114307076936111862e-01,7.973730843906983168e-01,2.397139841105484503e-01,9.757568174207266187e-01,2.365325739962161611e-01,1.687313647886532764e-01
1.697105340780149241e-01,8.380408871671133353e-01,5.108668397386728621e-02,7.915070905031795778e-01,1.339115635301170726e-01,6.652648061319360595e-01,5.827757989219533030e-01,1.678844453838914397e-01
1.073253414758678637e-01,9.028973249438234649e-01,8.424781590281101851e-01,7.134837176625041799e-01,1.824880797436096158e-01,9.867618908579385284e-01,2.366284983793950358e-01,1.688359884993788917e-01
1.075520193287200221e-01,9.948924812704049714e-01,8.922835665273997074e-01,7.176233720499500812e-01,1.774980671529836906e-01,7.846031306717435871e-01,3.827951013064238572e-01,1.686106475139163841e-01
1.002333306349683650e-01,9.765675988791354678e-01,8.770418719611505765e-01,7.156464858273701157e-01,2.108550581267069068e-01,6.324826617985964683e-01,1.646829553167141746e-01,1.692330805465670218e-01
8.883656440381811070e-02,8.878344766504270291e-01,9.789324002310729744e-01,7.009729736293895952e-01,1.977502355508733989e-01,8.031972711265645826e-01,4.553100263732853259e-01,1.686780194886332018e-01
7.957145968496749655e-02,7.228634632330922516e-01,8.542136558001282021e-01,7.763651132642280794e-01,2.179760245907321203e-01,9.742751355389629442e-01,1.998425077882641510e-01,1.685777057079667629e-01
1.115968958683117990e-01,9.673074178564292636e-01,7.414351513241317360e-01,7.890212606635786941e-01,1.544805675883329232e-01,9.134825355762008492e-01,3.131753742850039157e-01,1.680590387824806298e-01
9.326304050020871317e-02,9.454811102662025180e-01,9.055730766855152325e-01,7.084681680318484220e-01,2.145576454100108499e-01,7.020955759759014425e-01,2.241187030983482764e-01,1.680848418888779838e-01
7.159078824342177128e-02,9.406824669762221536e-01,7.697294688949929409e-01,8.435173776453773753e-01,1.746607225312819811e-01,4.589961242553973197e-01,2.384320938253115529e-01,1.688116217431774035e-01
1.907334639931700382e-01,6.976828283980945900e-01,6.888183261944280655e-02,7.754978248912226535e-01,1.657400365310684465e-01,9.335276938739670571e-01,3.179444300602543572e-01,1.678344560322391488e-01
1.536835276967393193e-01,7.225556745381122026e-01,3.656662001608222412e-01,6.951602457992628326e-01,2.121795953310567917e-01,9.682285405250703469e-01,2.638577602295233415e-01,1.688126477464181596e-01
1.097563444400154326e-01,8.188872674046968614e-01,6.677088983585199866e-01,7.199168916279156116e-01,1.898834749909274477e-01,8.577090850057232929e-01,2.832465200870054600e-02,1.710602022481546025e-01
1.308707266236894540e-01,8.085871382083165138e-01,4.929892081825550942e-01,7.367082852279456251e-01,1.539184778099362272e-01,8.829932031105289791e-01,6.230250618084500758e-01,1.678606211112523561e-01
1.213545052477943142e-01,4.200288126431505620e-01,9.611205726766586244e-02,8.054719178080196329e-01,2.034315497030884101e-01,7.273994759062736293e-01,4.593355510674056452e-01,1.681506729586841054e-01
6.065115569238486992e-02,8.036557712033260970e-01,8.470140327750750320e-01,8.059394501439726133e-01,1.841429061469220252e-01,6.145927102404441511e-01,3.623341777468917502e-01,1.688138991035813552e-01
1.619461589658875433e-01,5.522817877321196667e-01,1.320876734636580729e-01,7.660150805802197205e-01,1.948087114319818902e-01,9.321254081194804142e-01,1.379778445752107841e-01,1.689892893660813189e-01
1.067038690997009903e-01,8.627350846115779959e-01,6.840971752188538257e-01,8.335710731084764458e-01,1.475386621407686893e-01,9.889765431411727814e-01,5.273652542212743377e-01,1.666192993078241813e-01
1.201224721428475473e-01,9.768620182411775765e-01,6.976536838043158051e-01,7.872676375643214985e-01,1.424211452089246266e-01,8.601338446738042709e-01,3.919056626086780404e-01,1.684050826693581082e-01
8.741918790531216787e-02,9.011209323124370618e-01,9.477397520546021470e-01,7.729634319150934241e-01,1.871475451214232033e-01,8.188982819433814342e-01,2.350654127327460874e-01,1.693568203823087870e-01
1.203204768171739214e-01,6.747516754592775001e-01,4.318778923542033743e-01,7.470100112611185450e-01,1.919632560949299238e-01,9.108584226952090024e-01,2.241675668147440625e-01,1.690556877872443076e-01
1.270636951849464236e-01,9.146770099013747934e-01,6.560971293798432136e-01,7.359599556890694672e-01,1.815270835336830757e-01,9.836540118728392956e-01,2.635269906575921084e-02,1.693686658239021148e-01
9.848658347354782849e-02,8.809396811883790646e-01,7.982830759045526081e-01,8.305915989822676426e-01,1.313685786939929323e-01,9.619786341346363567e-01,5.737103637447316107e-01,1.680943536339079003e-01
1.113167296586497351e-01,7.441658662534117452e-01,5.260436177310858774e-01,7.903489203417247699e-01,1.697189774012976549e-01,9.366726482334722936e-01,2.415750123194605192e-01,1.688815298348152472e-01
1.411774721054764314e-01,9.546846280302104804e-01,5.771853165036111566e-01,7.647164958737833196e-01,1.393316996128745600e-01,9.455780423352805331e-01,4.013846482740862642e-01,1.686164552544610062e-01
1.212994192929108955e-01,9.361984398051026446e-01,7.570082741991627229e-01,7.507745527385458750e-01,1.641058627038207984e-01,9.232015683697670783e-01,3.362771221909112151e-01,1.695133953378295533e-01
8.263346504905161316e-02,8.406903717503811935e-01,7.758664232768498481e-01,7.632067504985525774e-01,1.825060663576117681e-01,6.867238990963026035e-01,1.966940178936673611e-01,1.694772068215788519e-01
8.733338528380325816e-02,9.133792621727201411e-01,8.258893677258576371e-01,7.870252236254086098e-01,1.798869679899338103e-01,7.892637396134785099e-01,2.375199284319376436e-01,1.684905820872523441e-01
1.293981188387478276e-01,2.000642040235117713e-01,3.767175508271730644e-02,7.714250226206325056e-01,2.750149327774776276e-01,8.283325939637696811e-01,2.091934133109223937e-01,1.677225247967135680e-01
1.002448244995758908e-01,6.932668776785499976e-01,7.288584605692696172e-01,7.137358913007628702e-01,2.520106918501451299e-01,9.819087608245369303e-01,2.572400442662786668e-02,1.687538383795368080e-01
1.256432017218246378e-01,8.945612491420141810e-01,7.829439786597868212e-01,6.743774677621882097e-01,1.901987550693557683e-01,9.700121705919289017e-01,2.779621022597054680e-01,1.697039103027915274e-01
9.665775401394932631e-02,9.318221885689762507e-01,7.277337750529356830e-01,7.598999437794753398e-01,1.742273788212549412e-01,7.132398447740354586e-01,6.701189415950775663e-02,1.702002755559532954e-01
1.312018737617359210e-01,8.896034897496070126e-01,5.976810982598069755e-01,7.576972711370889568e-01,1.872283081603291210e-01,9.992618642249950778e-01,1.836380437987326641e-01,1.684203611247913068e-01
1.051981117726295545e-01,9.771891477978457141e-01,8.058052313519422638e-01,7.311322567891322954e-01,1.919497837168925858e-01,7.020313892883944806e-01,3.442087780900870975e-02,1.703737797928352171e-01
1.384481416070182380e-01,9.824925854245334378e-01,4.981879587669161280e-01,8.053881473654918022e-01,1.084927256932987361e-01,8.678884373718709355e-01,3.358651992305650147e-01,1.699972557864697642e-01
9.509652138244530095e-02,4.219374946441042384e-01,7.285803488096154190e-02,8.357456248755791295e-01,2.180340195275046189e-01,5.428671314685080684e-01,4.836073583206700888e-01,1.681466882925960749e-01
1.007285049204187932e-01,9.759777652604861853e-01,7.037753832808162358e-01,7.572505286662509771e-01,1.503862582623646527e-01,6.347621262306863965e-01,4.275776191168016438e-01,1.690468034014805387e-01
8.890858134524284861e-02,6.897981152325360910e-01,7.879930879992134152e-01,7.616216694297516243e-01,1.958678648300216929e-01,9.795293288909013851e-01,5.468406524941823443e-01,1.675706435651113102e-01
7.742914396010713851e-02,9.374927270812255520e-01,8.319166534463342533e-01,8.658322230096378025e-01,1.167611109133044472e-01,6.770158343142358426e-01,5.943729582161749736e-01,1.682398899098976053e-01
9.321701149808364617e-02,6.461194176605110639e-01,7.056431117439291301e-01,7.358040386822971568e-01,2.162387096513126994e-01,9.920589406972106783e-01,2.058640789417696959e-01,1.689388632923974343e-01
8.080737796954062802e-02,8.269063605636731706e-01,9.208612496275483394e-01,7.353323129497554289e-01,1.850023285712212584e-01,8.271552995088743421e-01,4.184641821500921788e-01,1.691638609888613531e-01
1.082918387828227108e-01,8.969795043222424935e-01,6.606482861569000775e-01,6.932520276766500622e-01,2.198529472485674374e-01,6.355097882963355316e-01,1.063353779890697515e-01,1.696653423584596754e-01
1.485190374943137215e-01,6.533955173101486658e-01,3.380640575187020547e-01,7.255159106201667374e-01,2.201216152992595265e-01,9.782489534555540711e-01,1.150650907472512696e-01,1.689232192788394649e-01
1.034651018733649674e-01,9.923016102984196785e-01,9.720136336552269718e-01,6.985917425757085519e-01,2.005894942503810563e-01,8.078099390674563507e-01,4.224940316521131889e-01,1.680326971648275491e-01
1.208509975039260415e-01,9.485505005725225480e-01,8.548776651516133418e-01,6.096701465916143370e-01,2.454063967672686641e-01,8.862753779087233497e-01,9.893693643328982379e-02,1.686590320566736800e-01
1.440625440290806414e-01,3.897190968771835351e-01,7.000813845649195288e-02,8.135319231690842923e-01,1.925326031772327529e-01,8.887975718735623420e-01,4.134788293867732722e-01,1.676806370849046324e-01
1.544744972312664111e-01,8.358709648938921211e-01,3.962770489288369724e-01,6.990765804797038907e-01,1.814609338282948403e-01,8.798062543980975647e-01,3.363827070451521073e-01,1.694253723370333919e-01
1.820760520029316432e-01,9.054686971491154868e-01,3.006941431840585155e-01,6.761417490006970121e-01,1.651867370098283883e-01,9.047024623766424245e-01,2.904321414145749070e-01,1.698080092327231561e-01
9.737879905723531571e-02,8.586123966847820643e-01,9.227361804821354596e-01,7.240694659232811414e-01,2.246320954532797232e-01,8.988415444240352992e-01,9.641525994662733523e-02,1.698752055744973677e-01
1.172411797849822745e-01,9.981201297172412890e-01,6.497856336161944579e-01,8.592981249552138490e-01,8.478308407409140823e-02,8.849904145768360264e-01,6.660302061277321162e-01,1.676205105719380806e-01
1.094567553895312295e-01,8.371061496486251752e-01,6.981004181290071386e-01,7.386589986693059551e-01,1.892660055776334282e-01,9.804628601656231179e-01,3.054403227575458457e-01,1.680824600909184841e-01
1.209104855934023254e-01,5.271921380351340947e-01,1.254180404515577441e-01,7.994512063603701479e-01,2.060153083357600667e-01,6.959651218198494860e-01,1.327950022911440764e-01,1.687375359701303590e-01
1.170368392898644139e-01,8.398019025144796146e-01,6.885952557207102309e-01,7.436754401288063754e-01,2.182180596319435451e-01,9.677619975468818581e-01,3.423618904488401338e-02,1.684229833837444790e-01
1.143598823670797376e-01,4.863973451014166893e-01,1.808778687086987080e-02,8.587689041471593399e-01,1.676388146324612749e-01,6.017506861685397723e-01,4.153935805333330289e-01,1.689016184401575804e-01
1.211010573322794798e-01,9.606144373706532180e-01,6.998175450537242881e-01,7.231286066912969712e-01,1.484119142053335894e-01,8.533511858329513311e-01,3.678063615594237556e-01,1.689887373666504045e-01
1.089948194174401724e-01,9.296262748147179344e-01,8.858790011049439972e-01,7.210963326587551681e-01,1.681731844221303895e-01,9.579332996747735862e-01,5.090825655334655364e-01,1.685631338873968821e-01
1.002667968843942992e-01,8.472722938526278114e-01,7.135225266724660731e-01,8.030503644524732421e-01,1.367522712580381550e-01,9.855338074187608433e-01,4.852186980490564849e-01,1.676593996502686590e-01
1.146109665873155242e-01,9.484451311694559461e-01,6.641392853397357632e-01,7.008377897312877414e-01,1.815828733472964196e-01,7.015636344216262810e-01,1.034774015239000311e-01,1.705315791680356297e-01
1.407525450181943416e-01,9.908096313008163403e-01,5.286706621051080468e-01,7.494597495403443332e-01,1.526636183341458231e-01,8.721371134140231129e-01,1.142864996905723074e-01,1.690087462671932550e-01
1.520918018576174480e-01,9.233172979002999270e-01,4.914600901952294043e-01,6.840384264450325436e-01,2.014407045977464061e-01,9.116196824593260084e-01,3.448574058279263443e-02,1.690417625759748632e-01
1.008751299825086101e-01,9.429026674822201803e-01,9.352245954718976240e-01,6.901889883792523550e-01,2.218347591174011368e-01,8.421404734124783298e-01,9.118527939996842746e-02,1.687326125201280003e-01
9.867736151685271850e-02,8.161009010179557377e-01,9.683220972053694364e-01,6.729153339595288497e-01,2.349604937757951151e-01,9.595903524642889204e-01,3.632762623563581261e-01,1.681373404627687362e-01
8.389052355097727232e-02,8.935414684398109708e-01,7.402905644315607159e-01,7.998031124683557813e-01,1.683627164000779663e-01,6.010501226995055291e-01,3.101810586026897409e-01,1.691192379242429655e-01
1.130574256800068317e-01,9.736307526148524349e-01,7.583562968356469813e-01,7.860519912143554278e-01,1.380647662068438253e-01,9.109208512072315411e-01,3.487474823324443474e-01,1.682011162977223584e-01
8.326648626121202490e-02,6.178373658762769116e-01,6.308263075395473818e-01,8.025107451063567821e-01,1.747430473688009744e-01,9.734116242245203221e-01,5.778851800961698482e-01,1.678335641350920671e-01
1.214395548491677412e-01,3.060697916877121449e-01,1.548559101444696440e-02,8.090220536586204547e-01,2.411984016820319099e-01,7.378361985628060227e-01,2.590345840297350044e-01,1.677279304932156323e-01
1.722463182683818261e-01,8.158351187002175209e-01,2.664938890927006643e-01,7.372316904861762055e-01,1.477660941037594877e-01,9.255931859717363430e-01,2.632295540801056211e-01,1.703660160907340404e-01
9.828601645429745071e-02,6.925065726056141013e-01,4.309846384559742338e-01,8.023089708632987760e-01,1.659794333266300659e-01,7.136014551528363503e-01,3.996993359205217033e-01,1.694394601271788647e-01
1.002085159063085956e-01,8.278463834067126825e-01,7.336750538259233512e-01,7.373990788630994109e-01,1.897754762522530225e-01,8.355535799841694589e-01,2.131244183196820130e-01,1.701869454029276141e-01
1.024622092618689279e-01,9.537685064225056575e-01,7.921194232764865450e-01,7.453537681660591385e-01,1.345440335850319191e-01,8.263628021963137504e-01,5.871970426737733728e-01,1.683202983934624086e-01
1.514942757646174643e-01,9.247480006713229006e-01,2.966759805053379440e-01,7.690821160993092098e-01,1.401312153390149862e-01,7.474223705947913299e-01,2.260472243140880799e-01,1.694252966268088578e-01
1.279943641205562033e-01,9.085909826786717769e-01,5.417355734049335014e-01,7.715041714430790343e-01,1.572790719110362667e-01,8.415647498087197587e-01,4.913763487037569044e-01,1.674572570687824502e-01
1.062111381050879211e-01,9.123643708324546964e-01,7.177745442101209905e-01,8.463569210226251638e-01,9.366081565478751036e-02,9.882051467280696944e-01,6.400353864990275810e-01,1.681576187506773901e-01
1.377738121665972038e-01,9.241992834387267042e-01,7.369797195146978730e-01,6.232016098284984817e-01,2.068990701428074230e-01,9.892378840595127398e-01,2.362812376866909592e-01,1.694173806571356300e-01
8.882661418538273512e-02,8.817381853639587597e-01,7.856339290307503553e-01,8.203975480191070258e-01,1.670649161548447004e-01,8.560524429488514109e-01,2.109029873796048338e-01,1.685171794883171259e-01
1.168352747316670215e-01,8.199479786451321361e-01,5.049990593794579929e-01,7.412614594004619528e-01,1.701065376035470478e-01,7.937639163408699572e-01,3.315605917517473467e-01,1.687991827674719669e-01
1.072145813471876291e-01,9.275713657822094449e-01,6.779638602085091836e-01,7.690237028019190069e-01,1.721412723463462968e-01,8.013278685623843600e-01,7.515292572217580069e-02,1.697762912922208545e-01
1.113396406313460901e-01,9.954834279394606522e-01,8.792377600515544067e-01,7.243950889778413282e-01,1.882477271869037461e-01,7.705069884936398550e-01,3.093684459230722217e-02,1.710530090663638647e-01
1.134506005466303508e-01,9.205626672089399776e-01,9.140460172307484088e-01,6.688753402994935815e-01,2.461203526960002164e-01,8.909641132313702583e-01,8.875387717879151817e-02,1.691448829696201028e-01
1.041623272884331652e-01,9.054337477515660426e-01,6.654000012933722896e-01,7.496755457356630847e-01,1.822471613720704764e-01,6.988743630916898208e-01,2.816625036901710954e-01,1.683663277933331315e-01
1.232784414888043467e-01,9.994290276118118488e-01,6.656893798905632043e-01,8.113325371013692111e-01,1.292030870630362371e-01,9.096470461658214823e-01,3.848123306785286024e-01,1.678224832108137499e-01
1.664472141526620319e-01,4.770472378228954313e-01,7.619523742721528992e-02,7.596643533527824843e-01,1.972042094603189688e-01,9.059515001254870858e-01,4.507263494668264370e-01,1.680328239748834496e-01
9.150101735390724078e-02,9.002906045988539052e-01,6.451917885083670035e-01,7.839360074783352506e-01,1.540914136934619927e-01,5.886176415451771504e-01,3.698594596946040425e-01,1.699869067500578979e-01
1.523762812973660785e-01,7.243263231080522280e-01,1.802737910806543331e-01,7.707457396197991972e-01,1.614148813033133567e-01,7.764910688387010040e-01,1.884495519075933823e-01,1.696338326305825150e-01
1.074630042265574542e-01,9.894289846223301987e-01,8.932748503112181160e-01,7.011379384791577296e-01,1.708019114007429118e-01,8.123166864894587613e-01,5.581572929669309513e-01,1.682096075851245986e-01
1.292372591852295471e-01,8.963662174628757029e-01,5.876037591072621469e-01,7.189452584933132551e-01,1.715032155215436283e-01,8.409234322118919192e-01,4.209413396730588564e-01,1.689426071719214717e-01
1.084140678586983514e-01,8.721542058202027548e-01,7.191489641671050537e-01,8.007723797202369598e-01,1.235675734670309139e-01,9.753608264426623098e-01,3.954223965807299734e-01,1.698404369491398058e-01
8.049323325873317114e-02,8.098897159518527733e-01,9.619957478553772257e-01,7.155605670565919896e-01,2.155052214632135477e-01,8.138447871044496296e-01,2.160154644770994059e-01,1.700585006311247926e-01
7.345149928208556667e-02,8.152220549618058865e-01,6.368445619424649706e-01,7.934602626802050862e-01,1.933039888750077984e-01,4.998915718645214890e-01,3.037261201246821973e-01,1.693617483133978974e-01
1.105872669221197035e-01,9.051126925044523652e-01,5.661839348382502468e-01,8.302575244107230912e-01,1.169547415912060712e-01,8.372749135557535638e-01,4.858546665194335978e-01,1.679126969564715688e-01
1.009302813438198027e-01,7.862380526001817582e-01,6.162580189439160749e-01,7.744540891024037643e-01,1.852498100968436867e-01,8.109840240780753495e-01,1.185524766126214158e-01,1.699116648770168381e-01
1.102622931701057879e-01,7.075032195055862561e-01,5.276658056216504411e-01,7.421783443129745805e-01,1.950424154813016620e-01,8.739288626969581308e-01,2.092066823177775592e-01,1.692494234557168631e-01
1.925749749533864352e-01,8.319609559519348663e-01,1.972588161033293486e-01,7.235331647678427958e-01,1.549853080527760496e-01,9.842189467597250996e-01,3.579922033098592027e-01,1.691526442487229775e-01
1.717395499308285445e-01,7.584861552143794539e-01,6.199725810639261647e-02,7.660314529814051809e-01,1.552482361404544098e-01,7.446300318025368403e-01,4.067141594563389306e-01,1.684786936058466911e-01
7.846635846053598429e-02,9.254580329332418032e-01,8.700920123524945593e-01,8.296175420023723657e-01,1.525336041795035125e-01,6.900791989525990600e-01,5.509956263761368600e-01,1.675221495242906478e-01
8.341248224068245620e-02,9.330269856801503003e-01,7.624834658678757426e-01,8.647133243082558707e-01,1.321662556698352808e-01,7.281214838298811776e-01,4.184379508961504346e-01,1.679383266298786759e-01
1.290085663044054087e-01,9.615589477007056018e-01,5.724599827640364236e-01,7.317553180314436689e-01,1.715173196056040128e-01,8.432007046275769024e-01,2.622980860905524958e-01,1.680397256432649700e-01
9.701231542079864767e-02,7.360191620222024111e-01,7.267056540394755126e-01,7.818688539921464509e-01,1.879939704094738817e-01,9.833990952104829653e-01,3.686352866315993349e-01,1.684144288558498403e-01
9.542279545356756321e-02,9.876348070352236608e-01,8.840000836147421381e-01,7.714896799668065075e-01,1.692213097797830579e-01,7.040594622996092511e-01,2.319517954445587393e-01,1.698774909443213910e-01
1.252335110222278503e-01,9.287173502083495569e-01,6.469035079699838597e-01,7.242072454925259084e-01,1.657766394023531820e-01,8.926469761656388169e-01,3.821548860095435041e-01,1.680911962533774284e-01
1.239607342899136377e-01,7.969422936213290676e-01,5.767031969358258348e-01,7.060694774691246289e-01,1.779465748709991024e-01,9.099583326897631164e-01,2.177448195420942922e-01,1.701910345231977817e-01
1.026876812757965690e-01,9.708920359164661118e-01,9.099563181385887933e-01,7.753261103941951893e-01,1.615490586327260891e-01,8.486270196924162734e-01,3.667260452867555642e-01,1.690661859801805000e-01
1.074111142098432559e-01,7.133936376635475751e-01,4.789522343749695321e-01,7.731050872668823182e-01,1.925647947261371062e-01,8.402357916539507920e-01,2.388615814810033655e-01,1.689079584863387440e-01
8.926647151323921503e-02,9.582960059490617244e-01,6.403362653357147494e-01,8.072188335475907195e-01,1.549465933723974953e-01,5.689938251261517088e-01,3.245391075444848950e-01,1.686802871474416821e-01
9.915081439608554315e-02,5.675559133962678748e-01,5.057203371011634863e-01,7.637264685340189319e-01,2.095616772152145424e-01,9.181140651229693361e-01,3.493614312284681889e-01,1.684717236735094326e-01
1.055300768797184652e-01,9.660008677387035281e-01,8.844596662123807018e-01,7.732495112640563883e-01,1.528371251333953684e-01,9.519170852696956509e-01,5.562755576417803827e-01,1.669944040363595950e-01
8.449877067286459820e-02,9.284725218893530307e-01,6.426235146571918078e-01,8.122346129901698575e-01,1.664418630140026556e-01,4.998331235197366884e-01,4.443647623191942508e-01,1.681634287031850139e-01
1.052353610542620804e-01,7.107699633248083515e-01,7.432125292222149238e-01,6.802158872328806227e-01,2.240681430864202295e-01,9.906615315435493008e-01,2.452435770554215189e-01,1.697262851167687381e-01
1.184899042368655897e-01,9.051611455868057154e-01,6.136954604129686297e-01,7.231574941945895230e-01,2.028295890158649251e-01,8.071867294673800153e-01,1.908787838542730930e-01,1.681524802351836989e-01
9.323469186830629640e-02,8.410792823065049717e-01,8.317274614691416712e-01,7.059156866043700962e-01,2.380292636327441813e-01,6.742876853896626610e-01,8.558077490847582069e-03,1.703681390182960886e-01
1.459386071889866299e-01,9.497974638649910872e-01,5.605840349403475864e-01,7.321158156446294640e-01,1.438521775543088188e-01,9.692510361948473152e-01,2.542356247009731618e-01,1.699406677099316310e-01
5.726224787721900800e-02,4.874647215575625969e-01,7.034430054082281281e-01,8.135797582921888704e-01,2.353724335397486822e-01,8.922110542169785496e-01,3.022718587997801354e-01,1.689242947583435295e-01
1.127127625939552125e-01,8.459011580379284245e-01,7.824450798382942551e-01,7.262666569673271733e-01,2.011469310795920562e-01,9.830128083092283253e-01,4.308338640470993353e-01,1.675373941402054923e-01
9.088077628127641527e-02,7.327842750618832612e-01,8.100250633646224330e-01,6.854354017402508603e-01,2.412515547720179843e-01,8.459831531514094838e-01,2.860374417297684158e-02,1.699820099781570726e-01
1.124373192612054401e-01,8.536827619984141968e-01,6.886186799564896210e-01,7.831532850904801002e-01,1.417810612792748948e-01,9.690658163010427151e-01,4.625902497188873475e-01,1.688215646280321891e-01
1.457088600166797365e-01,8.729486541747086825e-01,5.486167092635387821e-01,6.376832598135244723e-01,2.204135188261427680e-01,9.160985397696883581e-01,9.706135866924842093e-02,1.692896131184536412e-01
7.720723056554593122e-02,6.871621895704119742e-01,8.178540254863456704e-01,7.238125406756842350e-01,2.210817929184115682e-01,8.951554259700277294e-01,1.270364060570749465e-01,1.701644093330385854e-01
1.352610218382908902e-01,7.590531606842582102e-01,2.788171762995965697e-01,7.862584121329784237e-01,1.381974261337926280e-01,7.782685313974039287e-01,3.798300643914562791e-01,1.696290752720260864e-01
6.417431997913977670e-02,5.476895500557241725e-01,7.061230199352069858e-01,8.135397511535424897e-01,1.918003587814900712e-01,9.335520361514753063e-01,4.583138400220742592e-01,1.690352111954557812e-01
9.109175347478692952e-02,7.033070268871588482e-01,5.975340362381785786e-01,7.173544129826180393e-01,2.362132314237543329e-01,6.942851999781914918e-01,4.946998005296088241e-02,1.699174450826691496e-01
7.108131954960093812e-02,8.382713736424645123e-01,8.163659806952080489e-01,8.374224727685875003e-01,1.541973217026967602e-01,7.200297009868090736e-01,4.936623352509024176e-01,1.679004484864486391e-01
1.134622145634288926e-01,7.909287910213739226e-01,6.849183957169707737e-01,7.001020740189691782e-01,2.032629005295488456e-01,9.966266246872708123e-01,1.249737245985954592e-02,1.702056040943701332e-01
1.058640916921930186e-01,9.306885125890979049e-01,8.079334388535783784e-01,7.505646002677496265e-01,1.440489701517413956e-01,8.957255679651521252e-01,5.991695973279798082e-01,1.674210836200025754e-01
1.004695041090047647e-01,8.414045305970343502e-01,7.228975001363052710e-01,7.757649686073203599e-01,1.864891793786471463e-01,9.030520183285438707e-01,3.654061767319783938e-01,1.675606985803588245e-01
1.509775220314929500e-01,6.234570308099250946e-01,1.195143911080653876e-02,8.376816141920815362e-01,1.473196825616453765e-01,7.268032328928103469e-01,5.045251039982325825e-01,1.674430430648091439e-01
1.093925699794989215e-01,9.369310332861580104e-01,6.904974069473897025e-01,8.195756857687831465e-01,1.259641201729725934e-01,9.132971273345422691e-01,3.560737407106255303e-01,1.681864164463656164e-01
1.059223501295420422e-01,9.517701574196945069e-01,9.724564809894049588e-01,6.669352375539623345e-01,2.223045917027679508e-01,8.405660898535886050e-01,1.629950715435481978e-01,1.691891573028187212e-01
8.809204215914474834e-02,9.572777600335191650e-01,7.638058049104130554e-01,8.070910461459565033e-01,1.768561486368786240e-01,5.534171955842914770e-01,3.832720540360637917e-01,1.682593165462041296e-01
1.176737580707715308e-01,2.823720320754051771e-01,5.630653667146284791e-02,7.920673822819568333e-01,2.573202603232327412e-01,7.541867972914989560e-01,5.857219659621704100e-02,1.686905757470219258e-01
1.912111373749502130e-01,7.053969919500430175e-01,1.341487804848418008e-01,7.682436643282036792e-01,1.526518536068584564e-01,9.951702368336358129e-01,5.495473448600343147e-01,1.677417048434902691e-01
1.095501804101017135e-01,9.520010193019454725e-01,5.994436554493551839e-01,8.110431306878345126e-01,1.048327576240410536e-01,7.650591841436765739e-01,5.813803726229782587e-01,1.682461105531004586e-01
1.688825417212371227e-01,7.238395621567688121e-01,2.451129428223368656e-01,7.640398825893344181e-01,1.449071354409834367e-01,9.993537853858114328e-01,4.218911295448021237e-01,1.691143251246392532e-01
1.519852718456364271e-01,7.106859321408643959e-01,2.474550475843849129e-01,7.798043451932530346e-01,1.621071775870527587e-01,9.097251524890903607e-01,3.979110746333136550e-01,1.682384698797961264e-01
1.294032683018798147e-01,3.561958668320581722e-01,3.652676612933603018e-02,8.140912580431326484e-01,2.371585960106576685e-01,7.781842423779085083e-01,1.766281004186788239e-01,1.675400756269437852e-01
7.743829647883465617e-02,8.736959748060670883e-01,8.849922125635105719e-01,7.776271180807143857e-01,1.859928029046116482e-01,6.970049437316760965e-01,1.793143872136511996e-01,1.699927507572803198e-01
9.604660063954979787e-02,9.723048816017689777e-01,8.808001399100882089e-01,7.252385811668780047e-01,1.663273629663771791e-01,7.450387406649459088e-01,3.170756225256759486e-01,1.697001852317082116e-01
1.203726583654722293e-01,9.593041930832693076e-01,9.035651181781625407e-01,6.574063452817888731e-01,2.040038774081568695e-01,9.585167272990297027e-01,4.521013435298919525e-01,1.684163198814523088e-01
1.322441079686051124e-01,9.273421998248881915e-01,5.600594094255153532e-01,7.420210087462637549e-01,1.378452660480899150e-01,8.751972205990833364e-01,4.240800553689414443e-01,1.692376459156839374e-01
8.396050225164818082e-02,8.006171480429358223e-01,7.181663962616045005e-01,7.654817406882935549e-01,1.713549671058984258e-01,7.022937683145895615e-01,4.680730727690227133e-01,1.687001899850580910e-01
7.924431246149717112e-02,5.024838350904492490e-01,6.344040127437715615e-01,7.193578319279972932e-01,2.678715801694464549e-01,9.247694403214525849e-01,9.343576680604651075e-02,1.688135513813722455e-01
9.679096081563869081e-02,8.423254248450273707e-01,9.191784755628751302e-01,7.031654372724079893e-01,2.204929867955682798e-01,9.527801123246638637e-01,5.046836668827365813e-01,1.670672929236594328e-01
1.092542498552082630e-01,8.534129189058848874e-01,6.720705010999429296e-01,7.626804673014142555e-01,1.833778301206607786e-01,8.568082353061511336e-01,5.260718677682652000e-02,1.703335978882338508e-01
1.353079749949232247e-01,9.733796914339349904e-01,6.477069191222092348e-01,7.109969159407817374e-01,1.648705275236245493e-01,8.997408068344842080e-01,5.033396645965336758e-01,1.675094586177651168e-01
1.149872647731381009e-01,7.249182185751908980e-01,5.138551523044025959e-01,7.849902055978691395e-01,1.850422900213205546e-01,9.287579573458686344e-01,2.567115440497238499e-01,1.684387810703413535e-01
1.644916705459915085e-01,5.305428188039422732e-01,9.567847678557700464e-02,7.473634560539111904e-01,1.953633779078665089e-01,8.973748242998572655e-01,2.023629728029323616e-01,1.689597539475170829e-01
1.097138809990219621e-01,7.829211841480876455e-01,6.076047754341576956e-01,7.585883047561214898e-01,1.996703315356088693e-01,9.308586520128911967e-01,4.661954333477447143e-02,1.695036824168602851e-01
1.748238181184288420e-01,5.585907375520382523e-01,1.193982331107599215e-01,7.624062702936930114e-01,2.010284051823222340e-01,9.652581034447642594e-01,3.186168710047582731e-01,1.678337641891197718e-01
1.624708164660160492e-01,6.997616468472407369e-01,2.612613957444343549e-01,7.121795770903391887e-01,2.010693762644601423e-01,9.278538087263299428e-01,2.144706617289958428e-01,1.692876462661939141e-01
8.621673316780016638e-02,9.695096054415310860e-01,9.624721303721770482e-01,7.827943486049137034e-01,1.701722216302337942e-01,7.492034542783082562e-01,5.725862750150916280e-01,1.674351557851452843e-01
1.952380675542191857e-01,8.732421136867374312e-01,2.188032476461344578e-01,7.064969651752184276e-01,1.525804447010785381e-01,9.470626391250536180e-01,2.472536424891254025e-01,1.703211685573854661e-01
1.003119204343007470e-01,7.798924427565212536e-01,6.717890197009479536e-01,7.688321404098154010e-01,1.655617281908213223e-01,8.494265761793078351e-01,4.137825010778901635e-01,1.694235391465265250e-01
1.118673196724305763e-01,8.629738650336906680e-01,7.819830950402716363e-01,7.412076643078856497e-01,1.738410985576354373e-01,9.617758239321995140e-01,1.720362091779598090e-01,1.700131472522397325e-01
9.955939282595675788e-02,9.351390170561320048e-01,6.665038086943990692e-01,8.135829213716226915e-01,1.354902680368665346e-01,7.135919771555988556e-01,1.235846036148548210e-01,1.705466779954671885e-01
1.247466223613354491e-01,5.647804802796779766e-01,4.425126174595134243e-01,7.051204586430709353e-01,2.423823751638747304e-01,9.967903270637443747e-01,2.603728569601380660e-01,1.684951124760698804e-01
8.829819149070694539e-02,6.473233126685610239e-01,6.927585537642704239e-01,7.572115678284431217e-01,1.887199804137715820e-01,9.728822833313877094e-01,3.201350442482807646e-01,1.694716012830670693e-01
9.568188735340130147e-02,8.627942483070376589e-01,8.722820573454538318e-01,6.975514374776823345e-01,2.238992008649547671e-01,8.819766515979203803e-01,1.780050763270227543e-01,1.685708064478315671e-01
1.022985880078244592e-01,8.123200372436980565e-01,6.574324857632261043e-01,8.258961512446620912e-01,1.519135207010854915e-01,9.909992366280123699e-01,5.219776669157172311e-01,1.665053039728332240e-01
9.018399676230737239e-02,8.671503489049680047e-01,8.846850864775523959e-01,7.193120577231802981e-01,2.164539500766336222e-01,7.678281515659278744e-01,9.102376714516199896e-02,1.694448627308178801e-01
1.125718403582365024e-01,9.641907880029105815e-01,8.629937041311550594e-01,7.321605997658635623e-01,1.809881019549401115e-01,9.946892367787154576e-01,2.853328132619373236e-01,1.683534382161198384e-01
1.080052328470860051e-01,9.304722706287367195e-01,8.454668153786610851e-01,6.882071383414825050e-01,1.903940094437833463e-01,8.011388956245859561e-01,2.081539211789908139e-01,1.697506593300921740e-01
1.264581193935257752e-01,8.599237222894926536e-01,6.458278610807846043e-01,6.924551930291110713e-01,1.948469398322879576e-01,9.790680357724335092e-01,1.478073057681442981e-01,1.687817752141278216e-01
9.370417960176642691e-02,9.294724241279510579e-01,9.988857406554504381e-01,7.121629174856755062e-01,2.131405996532932945e-01,8.069155858255270264e-01,2.347383526438776291e-01,1.689667183802626427e-01
5.621717661159984780e-02,5.548155003647131656e-01,6.871468997947807189e-01,8.331440964589074127e-01,2.133590739486254939e-01,8.097806988063002143e-01,2.042603109163394492e-01,1.693438975783396749e-01
1.581358721515274679e-01,7.485104265130461121e-01,2.510407951482995781e-03,8.068276103162399515e-01,1.381328099814458088e-01,6.406649304877670703e-01,5.028598630365371802e-01,1.678970381514380550e-01
1.312227409361725605e-01,9.148486473472490221e-01,5.731763521528399075e-01,7.669505534622527154e-01,1.155820954493301106e-01,9.852373774490594815e-01,5.018920798080117596e-01,1.688899218217808917e-01
1.664440975422973867e-01,8.277385475866760878e-01,3.419141627589402654e-01,7.390883978681616062e-01,1.461660060303489606e-01,9.775236965007924050e-01,5.657637423897599049e-01,1.682008434245593209e-01
9.754383141864880757e-02,8.488750220549545755e-01,6.629130263110137866e-01,7.948822631906657943e-01,1.689040064053169143e-01,7.924620258714824006e-01,3.348046177157382175e-01,1.684115642590230666e-01
1.097895198404310046e-01,1.628944706994253644e-01,7.060017619084257845e-03,8.453513323020593884e-01,2.511967643882637713e-01,7.990290484876354515e-01,1.983043863421834474e-01,1.677398240731166890e-01
1.053184195824005548e-01,8.259755889924107475e-01,6.653109231725892192e-01,7.087986286383054502e-01,2.227751437110217503e-01,7.624071444396369746e-01,7.033650750357445247e-02,1.695635604501775362e-01
6.895684494376209950e-02,6.682295076473552253e-01,8.303963379812036028e-01,7.813097033649775147e-01,2.115005379788599260e-01,8.665642668063278098e-01,3.473581141145186124e-01,1.689599207034705730e-01
8.177996330203332609e-02,5.111664981498160731e-01,6.165052789437250880e-01,7.395797235757192167e-01,2.450827965094005134e-01,9.606156954286585448e-01,5.252448433436684994e-02,1.695374098223879356e-01
1.077402601992800829e-01,8.502751004509588872e-01,5.216009397031308170e-01,7.959445695716321767e-01,1.506571691061319995e-01,7.700448889598575652e-01,1.596606055432426563e-01,1.699870390973935164e-01
1.167607649107623990e-01,9.580708063262708407e-01,7.017376551675718055e-01,7.246970413138905664e-01,1.741364355816474030e-01,8.221399605091663787e-01,2.123751211102672953e-01,1.689760115227850745e-01
8.955579010692518716e-02,6.310908612432701847e-01,6.399959307821597720e-01,7.977189183128312600e-01,2.087638958023657620e-01,9.641733183916122440e-01,1.532141901973464448e-01,1.691709789343555925e-01
1.566789351989980872e-01,9.698942896630307064e-01,5.761748447889170066e-01,6.581039415378024948e-01,1.983688022855534527e-01,9.304694595005463809e-01,1.302520855164820690e-01,1.698507667412988420e-01
9.455214882007031973e-02,9.744908157419475137e-01,8.912540092582323936e-01,7.272998440553086752e-01,1.675992224028824140e-01,6.914753322438766947e-01,3.333455588493091648e-01,1.697574763752821014e-01
6.649379594931728588e-02,7.110593520057836292e-01,8.896170848726081548e-01,7.612910251070239553e-01,2.314226452234851572e-01,7.586978139176508984e-01,3.976188287540740607e-01,1.679567129992781682e-01
1.186868524907144784e-01,9.174835573840267600e-01,7.477913643483128370e-01,7.547621054799796836e-01,1.579331065139137902e-01,9.748743274440849760e-01,1.313540292766874618e-01,1.704213689534098686e-01
8.496812903458306199e-02,8.259962914143592627e-01,7.756282825556760629e-01,7.878551637932856844e-01,1.435598840549933419e-01,8.152095468672190259e-01,4.859072862333273513e-01,1.688945782417956842e-01
8.994136659712678727e-02,9.297587633174007049e-01,6.632671374900025452e-01,7.766428147098972667e-01,1.825468384225217844e-01,5.046314856045979180e-01,7.679825477462692840e-02,1.708414109159360761e-01
1.168970794157130205e-01,9.952453434189659776e-01,6.419027749558725571e-01,7.432907527363485922e-01,1.734537205074501431e-01,7.123636997945733684e-01,3.287572883819993019e-01,1.683337877947119199e-01
6.934559687826008512e-02,6.641530885609148172e-01,7.705734132037973527e-01,7.386432218254184168e-01,2.350030451487232219e-01,7.366715125700483702e-01,9.863715809963416459e-02,1.704905158600467929e-01
9.458088549787663224e-02,8.374007774595788600e-01,6.622297845675682026e-01,7.537740460704931422e-01,1.970135155006448591e-01,6.905587032531252945e-01,5.756134815365798740e-03,1.707364872783585785e-01
1.210935440238451594e-01,9.281372605843464241e-01,6.845198656338491450e-01,7.069087796998620998e-01,1.785534690793012524e-01,7.932368155360940420e-01,2.108256768467786091e-01,1.705546281180232437e-01
1.236296790822971475e-01,9.661118099134543558e-01,5.536294369704862772e-01,8.363506297968175129e-01,1.201019097246630030e-01,8.612618291794866821e-01,2.127670948713155374e-01,1.695148295539199990e-01
1.275528482645986172e-01,9.793968800083678872e-01,7.269315289660462920e-01,7.018176598150001055e-01,1.704320925733820991e-01,9.357192026571079513e-01,1.660101331450829776e-01,1.697239668240980159e-01
1.474333662457874006e-01,9.739866691320120395e-01,5.900290258596754267e-01,6.834999034704801746e-01,1.953411797651863069e-01,9.107736311941818652e-01,1.948715032396397540e-01,1.689057346651578473e-01
5.327560083602569246e-02,5.159206420160030726e-01,8.411814776727732923e-01,7.952684416068078743e-01,2.428246454409792310e-01,9.836943624843264011e-01,3.046047079859317552e-01,1.684778631986380282e-01
1.051104468101671657e-01,8.950519527409021014e-01,8.948857844176228982e-01,6.610384654557829309e-01,2.230196511751912913e-01,8.998282335681427879e-01,6.641249964650286497e-02,1.699388718838187595e-01
6.746122876156251946e-02,6.802180950675250637e-01,8.462955710437224388e-01,7.345045246685766305e-01,2.326370839862492712e-01,7.645701774331877809e-01,3.386771539165772671e-02,1.704338283510327401e-01
1.050653258116142075e-01,9.502423612745716230e-01,7.388028586100492401e-01,7.508339883570402939e-01,1.919934170145992103e-01,6.373299121965454450e-01,1.361752368702466021e-01,1.698850482587551947e-01
1.213283266479781991e-01,8.915973537606269872e-01,8.101740815189939493e-01,6.418584191888915269e-01,2.200982603935670856e-01,9.255093132543255052e-01,3.119115978062607653e-01,1.687619107491981352e-01
9.410948082007972171e-02,8.163303845624240163e-01,7.822084017467954009e-01,7.439848969312352622e-01,2.003468141331872787e-01,8.211547771194260825e-01,1.082395641333929737e-01,1.699017942149937677e-01
9.479281979021270121e-02,7.293704719620325294e-01,5.849983033177454939e-01,7.872495953913386524e-01,1.942495328779190455e-01,7.767910868562890592e-01,3.745134125800776426e-01,1.681169304734920489e-01
7.014921287548002427e-02,3.730261301725334988e-01,5.523501159366062119e-01,7.523424920063791488e-01,2.809250109014590491e-01,9.378076714220321408e-01,3.682906555447412744e-02,1.692968514834603533e-01
1.340493475928987988e-01,8.849943106723076047e-01,6.637484305282026487e-01,6.798208970277530572e-01,2.122817002243255480e-01,9.795558495208476213e-01,1.232369820065032373e-02,1.693204564896775843e-01
1.347504713916087560e-01,9.082727663402473395e-01,5.394542398231677582e-01,7.466689007266532618e-01,1.181986898074262465e-01,8.982490874325559371e-01,5.156155196486664760e-01,1.698206427380930250e-01
1.439638280812560733e-01,8.283302500097405874e-01,3.607366346205023722e-01,7.585392412820234354e-01,1.520449182833222557e-01,8.684808392826045553e-01,2.734160391352079555e-01,1.691028065354173993e-01
1.147069698420950939e-01,8.942294127533872983e-01,8.550403904229371133e-01,6.568517336566009890e-01,2.386429360507579256e-01,8.983785463246425351e-01,1.751868686894175464e-01,1.689317403256509753e-01
1.091450264378984736e-01,7.026139439581992052e-01,6.546751420406027311e-01,7.079903185245653985e-01,2.039589749366138849e-01,9.976346320734525985e-01,2.151305873047449913e-01,1.699757030591542706e-01
1.322785567241189508e-01,8.029443255710531080e-01,3.830799260116125038e-01,7.704974262765470483e-01,1.539583286346569435e-01,7.779723352811201975e-01,3.230573781899345187e-01,1.698381769642137440e-01
9.615564056251575675e-02,6.687117383501983703e-01,5.470164444926506331e-01,7.632419650599893135e-01,1.749959236382014616e-01,8.695894049167038897e-01,4.925196635410922230e-01,1.685564487716809112e-01
1.116824972184525255e-01,9.896231233771115576e-01,9.926772542427787505e-01,6.808219343358618003e-01,1.810621840037213159e-01,8.769111325560779990e-01,6.338796472283731998e-01,1.680201678715481928e-01
1.350786691199142853e-01,9.687967058613674576e-01,4.215546734976604593e-01,7.244741803982615025e-01,1.733085655007886583e-01,6.254821159368393335e-01,1.655328163723771839e-01,1.699374015553603012e-01
1.075285293687121418e-01,8.321501008562623980e-01,7.693914729548638753e-01,7.187653745532107674e-01,2.187120806830546715e-01,8.936927766838403953e-01,4.659973345623014129e-02,1.694014012775351408e-01
9.684991772729149850e-02,9.344929647688793306e-01,9.109084067243399252e-01,7.808397106296872670e-01,1.543196829720127339e-01,8.725348476701738631e-01,6.239955294791039719e-01,1.680234451700751697e-01
8.764290702307861447e-02,8.300050052643395126e-01,7.144414061886715794e-01,7.913342502498252884e-01,1.782766730062078642e-01,7.234125510624909161e-01,2.806105905246077947e-01,1.687145051654088124e-01
8.826717912971007718e-02,7.747610188665028375e-01,8.009429570312184277e-01,7.359671942565407798e-01,1.839028606875356131e-01,8.384028859837103775e-01,2.768922328132461530e-01,1.700970072368291897e-01
1.062484111166864947e-01,9.440802915461492528e-01,5.991559825622292390e-01,7.844533975014651439e-01,1.721449023995839378e-01,6.472488253929186142e-01,7.737948811617978429e-02,1.692506914472502733e-01
9.569720990698862839e-02,8.142125791900426401e-01,8.101176750229609480e-01,7.451567779177401540e-01,1.998972182843503920e-01,9.549097270415376482e-01,3.551599595655336450e-01,1.683010820672870833e-01
1.020634958701099604e-01,9.441392486431838815e-01,8.056540259019560057e-01,8.021588860165795865e-01,1.668112191864330462e-01,9.147859332111049069e-01,2.704580228797232588e-01,1.681762870530592313e-01
8.058135755441443726e-02,8.792487350917388422e-01,8.659187228581202156e-01,8.037677468430555194e-01,1.768007133956696619e-01,7.692300620464632699e-01,4.458994232242732281e-01,1.677602805923455453e-01
9.909392686933568561e-02,7.853961517290973804e-01,5.598566396682647106e-01,7.463524630609275068e-01,1.878616493752452710e-01,7.047191404201402776e-01,2.994241475442064870e-01,1.689853197141112928e-01
2.110778185296676990e-01,8.496586451685044228e-01,1.070651943469265732e-01,7.509710503162818629e-01,1.506570353819513819e-01,9.837034259303011341e-01,2.763990627548680856e-01,1.684270722920986341e-01
1.188297439580449644e-01,7.258518207198632055e-01,5.341292526130851925e-01,7.072681505882957298e-01,2.208755873834484240e-01,9.179853160575277560e-01,2.406281996978049398e-01,1.680910895335864519e-01
