1.316673990565524754e-01,4.198939113692612968e-01,2.158227937019918663e-01,3.159272709595125628e-01,6.094513715774254603e-01,7.293428448007184262e-01,4.173067333356448860e-01,1.650498400066270632e-01
1.337000015069444714e-01,3.954537874159379518e-01,2.067021517161863886e-01,3.386002139341566797e-01,5.803571781141283470e-01,8.054383567690960311e-01,5.120906229055414149e-01,1.646724006901097159e-01
1.076420572313918217e-01,8.258758589433702335e-01,6.163462286694485481e-01,3.894689093664854829e-01,4.724448366969217217e-01,7.420023950016366721e-01,7.602324167306038216e-01,1.637137123256977023e-01
1.105441674744296193e-01,9.370935692398805195e-01,9.843660503958955310e-01,2.693400651041911176e-01,5.041766850479125761e-01,9.010220794928226473e-01,4.998247129730765681e-01,1.664543342864112652e-01
8.192398073210402365e-02,8.793792318339689329e-01,9.618162727555084057e-01,3.568532501460483508e-01,5.018139164972454935e-01,6.850966390707932119e-01,6.412519243196965757e-01,1.649707657189916354e-01
9.523795733265405516e-02,7.242949667353227872e-01,6.255100524890127023e-01,4.899531829826943019e-01,4.287470964397907536e-01,9.673571870479609203e-01,7.739811913497707252e-01,1.638821284917368337e-01
1.172897456934428734e-01,9.617002726535006651e-01,7.515857303192722272e-01,3.629014898848358928e-01,4.924928214335172472e-01,8.418427580789404896e-01,2.436538648533939644e-01,1.668216296159736045e-01
9.196638502557766270e-02,9.870256524599849701e-01,6.675402586513914382e-01,3.864261970868632656e-01,4.767335036105259660e-01,3.861407949557815189e-01,2.931878338484759094e-01,1.669164360807793290e-01
1.983364789943171391e-01,8.210091056028071543e-01,3.274949462462558025e-01,2.310760154115172882e-01,5.798028483430128777e-01,9.293015151303278820e-01,4.952609573491740247e-01,1.652883401168218913e-01
1.317039518096108086e-01,8.526235619214022066e-01,2.399934687453622595e-01,4.422458311399242725e-01,4.489566612662064804e-01,5.590367416991358640e-01,6.576901193716908622e-01,1.648734165304205357e-01
9.523464914723747676e-02,2.521275970634488939e-01,9.967124444814401407e-02,3.857781146027778330e-01,6.337473955201169407e-01,5.594744566878298020e-01,5.207653457065959390e-01,1.643201083677771068e-01
9.921899347506543676e-02,7.516327620220478734e-01,4.462069774900916386e-01,3.982899498127367433e-01,5.086940451085230075e-01,5.536339695844562092e-01,3.178003933577945306e-01,1.664923398165225887e-01
1.004487938883181775e-01,2.972999566854082065e-01,3.590871933773509550e-01,3.697099176580181945e-01,5.849151180289601237e-01,9.160472503130571154e-01,7.530369268345834532e-01,1.628875889626466011e-01
1.004923449144831810e-01,9.345246132362536873e-01,7.182926472598515355e-01,4.193968200672468227e-01,4.806574318597209849e-01,6.714248823662000154e-01,3.212876164107447141e-01,1.662005545325716815e-01
7.912466513362788334e-02,7.157733734275170123e-01,5.163897085882798166e-01,4.645978158752704923e-01,4.591506275623061795e-01,5.883882735677797848e-01,5.965703315224374359e-01,1.650482297488742867e-01
1.092796370057179944e-01,8.358614518043443464e-01,2.553572898839344685e-01,4.475646156751297844e-01,4.663711955608865756e-01,3.920407929936856051e-01,5.404256719873905546e-01,1.659848913993527686e-01
1.065513255550259164e-01,9.636187428613640638e-01,9.376609535474335066e-01,3.838432250234765641e-01,4.606737423390060426e-01,9.624344347039407443e-01,6.597215193900857200e-01,1.646063529171542805e-01
1.212571517983609404e-01,8.439063211652220176e-01,6.521780117173868740e-01,3.051357779441840612e-01,5.323074575544715081e-01,8.283289454914499750e-01,2.906045320682878463e-01,1.664124340352348963e-01
1.087221058469771823e-01,9.582488328435855296e-01,9.734749515128255926e-01,3.096661003848760196e-01,4.957921257150311178e-01,7.975515599819965606e-01,6.569362895400210345e-01,1.649367946737540502e-01
7.948678151971755312e-02,8.450584037530465276e-01,7.922589535446912246e-01,4.520430205446120953e-01,4.977531102838689270e-01,6.698479610243613935e-01,1.381350788642354832e-01,1.669085087482417296e-01
8.889828526048372537e-02,7.910090390906717728e-01,4.775751616405702338e-01,4.366702774498079087e-01,4.916138113109019270e-01,4.785695020895260887e-01,4.193438199523241150e-01,1.662955902747768333e-01
1.179308415383870517e-01,9.909299121118381182e-01,8.858898753597141962e-01,3.491363341361318207e-01,4.822872473371274671e-01,8.676021682740150398e-01,6.026302688820007747e-01,1.651357412135912583e-01
1.298597464362246656e-01,3.605222326433432101e-01,2.106431152578859267e-01,4.033257966885491208e-01,5.565850256597832946e-01,8.894566753890930100e-01,8.393221717912623392e-01,1.619882480993777851e-01
9.848186469350421468e-02,9.689128024477893231e-01,9.325723853169447519e-01,3.062293929014069938e-01,5.242548175861240223e-01,6.655100704665002365e-01,2.077269235445815543e-01,1.665963446958983740e-01
1.176197715840110736e-01,6.052693340947504774e-01,3.098988000093766959e-01,4.197140517860071252e-01,5.148102293133022256e-01,7.619654924825114417e-01,4.734328405847536558e-01,1.647690332574717476e-01
1.130311440244103904e-01,9.206253425298907000e-01,7.883329346061618281e-01,3.623416604898623827e-01,4.811765055559802939e-01,8.873916357940374589e-01,2.900910510483737381e-01,1.666979595558928384e-01
1.558547016784561368e-01,9.521831953179065167e-01,3.830430389224415144e-01,4.017272392520284674e-01,4.359760452521741492e-01,8.603839276688644011e-01,6.764591568036665281e-01,1.645720111626507720e-01
1.022901648413484382e-01,8.263735013020792053e-01,3.752012773895649911e-01,4.235751570642632413e-01,4.842658848816448480e-01,4.596425819357001785e-01,4.276188932357147254e-01,1.661503690731757077e-01
1.172638136593757568e-01,8.711814101407433508e-01,7.613728607049597974e-01,3.737453045480175762e-01,4.851623151723039040e-01,9.877544972724139338e-01,5.004631329435389464e-01,1.656146157433754373e-01
1.291037270455577535e-01,6.011845572734808574e-01,3.810186440500013538e-01,4.327195677818413411e-01,4.979406633587809550e-01,9.661486288178391391e-01,7.239037090233757521e-01,1.633721519339666750e-01
1.268972214922872710e-01,8.063525840757640450e-01,5.995602518554199456e-01,3.363910196783209683e-01,5.072181710794966270e-01,9.372550981403335868e-01,4.350894966320760782e-01,1.658651136631748291e-01
7.463915637166562700e-02,3.213083143801159780e-01,1.096752872252180766e-01,4.501991847471438213e-01,5.881917644244910592e-01,4.322344365781215503e-01,7.079028654289325484e-01,1.637390505966942189e-01
1.038494897843015852e-01,9.434338131358712687e-01,7.454488135915766645e-01,3.890432310275058758e-01,5.011290081822085130e-01,6.255838973966522110e-01,1.882866066476168165e-01,1.670242065304852752e-01
1.367360929841331951e-01,8.079111614244792738e-01,4.392521586281708523e-01,3.621254885574936022e-01,4.785196146881637302e-01,8.125103336063942416e-01,6.904335531240529678e-01,1.646464313270454560e-01
1.982386265923669899e-01,2.694501265678221347e-01,7.761380415760277263e-02,2.747560517906406652e-01,6.413590591075282177e-01,9.890194878172757775e-01,4.905177550858995095e-01,1.644016697142680061e-01
8.481140937543858727e-02,1.142627376406454287e-01,1.557722300685597805e-01,3.801851680925772414e-01,6.626986802263213905e-01,6.763220775105582838e-01,4.930316150225630412e-01,1.643416564019856141e-01
8.238490166442480334e-02,9.696948270764287336e-01,7.814111724048462548e-01,4.862848721282173048e-01,4.175614907276364862e-01,5.606893540480644145e-01,4.759857299054564006e-01,1.659215421469672769e-01
1.885868401654328674e-01,8.695378292910040940e-01,2.051725790276848205e-01,3.442674243475585261e-01,4.882434714513285701e-01,8.444975340018269216e-01,5.908508593534150810e-01,1.648181197115632102e-01
8.887412036186369269e-02,8.523273050677282470e-01,8.999623421115022781e-01,3.045881999761992920e-01,5.069876580600500837e-01,6.896680306197670030e-01,4.308464032068063942e-01,1.662927137019932222e-01
1.093748467486802961e-01,9.534264655247288722e-01,4.884064680903666411e-01,4.572863659556404836e-01,4.109253347684675983e-01,5.705088230562280760e-01,7.809264518874372563e-01,1.644889845896467251e-01
1.704728335824671759e-01,8.829420542518813253e-01,3.279877904604982519e-01,4.101052702933661864e-01,4.678664546565430848e-01,9.594490000239627170e-01,3.939390960701507627e-01,1.656003103106788998e-01
9.445993959609472190e-02,8.064105051027510296e-01,6.868190953286745781e-01,4.468866560755923034e-01,4.543888454446616265e-01,8.246342251657408084e-01,6.792756535532513684e-01,1.645587064884951600e-01
1.821220694340154322e-01,8.510653348906794813e-01,3.090145313149238460e-01,3.311285474727918565e-01,5.109916326977534951e-01,8.962550928549921636e-01,4.053723462512994202e-01,1.663179988552890565e-01
1.179289625557422283e-01,6.626722004084611983e-01,4.083381278573858797e-01,3.635587735425625522e-01,5.176454235505401069e-01,7.600503262179765240e-01,4.816958938050398542e-01,1.652110057626649531e-01
9.667642899560167924e-02,8.478838047302279524e-01,7.408577322712055491e-01,3.975557454135468238e-01,5.012443846410883364e-01,7.482071932588074681e-01,1.266683605309369409e-01,1.674471477281233300e-01
1.962278289465498593e-01,8.838350941000739924e-01,3.635825564147669997e-01,2.741836575810716603e-01,5.817075519622116886e-01,9.920834189543983328e-01,2.138601032371156285e-01,1.660928771493991318e-01
7.516184359786620695e-02,6.592193438843163555e-01,7.179940000786171339e-01,4.765260612553188224e-01,4.560027301471636374e-01,9.276179216279850648e-01,8.780567748420124996e-01,1.626859133112546485e-01
9.689046730333417123e-02,7.815722813674426117e-01,7.956398309983556683e-01,3.103964223476067819e-01,5.223041886009972545e-01,7.753435626731925989e-01,4.131356452691451464e-01,1.664163324885368500e-01
8.870332976953108906e-02,8.070726600608947310e-01,9.951822567851555945e-01,2.647319565430169552e-01,5.382431092127873962e-01,7.995243328169407970e-01,4.435735491337910452e-01,1.661244790585303666e-01
7.519257844425014659e-02,8.147765583391541888e-01,9.779362550918848651e-01,3.680235343025051731e-01,5.483589136856938939e-01,6.961910104028823376e-01,2.589434940219176862e-01,1.661013028886245135e-01
9.435965154292839940e-02,5.570738182488463863e-01,3.987187513262894778e-01,4.706925247577378180e-01,4.874686645222616743e-01,7.578692115891793035e-01,6.969279699471432332e-01,1.642329450301400762e-01
1.255133252869622684e-01,9.069847486153199689e-01,6.729226626632656139e-01,3.556245428003993458e-01,4.770034495225439208e-01,9.132909745689012926e-01,4.985121472796299469e-01,1.651540855424346865e-01
9.585304925439351587e-02,9.775153483464882331e-01,5.287206374914896756e-01,4.716130328959324824e-01,4.292097191888237795e-01,4.093240373758758599e-01,4.540132771280446788e-01,1.668778733854527907e-01
8.782006132264119636e-02,8.813219936175419322e-01,7.452088173573062635e-01,3.793878909612377059e-01,5.180239119374487888e-01,5.475961873419352699e-01,1.542343406195021416e-01,1.666378626019741627e-01
1.159254037784621383e-01,9.297179730124116581e-02,1.932259673091199503e-01,3.408997995647062851e-01,6.434642126414621410e-01,8.702989885229700517e-01,7.332922959773767735e-01,1.633392941517647634e-01
1.065466655364209203e-01,8.383055118129636440e-01,8.543325281219364964e-01,3.547912666469105192e-01,5.032592186230472331e-01,9.695065298200218340e-01,6.194342927340042992e-01,1.645057427999690458e-01
1.242697316363025190e-01,2.796607411978056512e-01,1.954634373382398982e-01,3.647188220741950926e-01,5.754490038193659229e-01,8.543873859212858246e-01,7.379545744816624619e-01,1.632009757226136337e-01
1.115680868582202417e-01,9.891959451488209210e-01,8.467488219219421186e-01,3.724591957966448819e-01,4.848542428441285912e-01,7.954951593636800933e-01,4.431719047361221131e-01,1.654866404808646163e-01
1.215481956260846264e-01,7.521035299587585099e-01,3.857071091523173734e-01,4.771355454931844320e-01,4.315139020739146014e-01,8.217428730797479153e-01,6.314764786972726363e-01,1.647042326052929051e-01
1.096321425428469637e-01,8.441307436027720712e-01,9.101170988360898217e-01,2.481426501766857973e-01,5.615916325457014358e-01,8.869668391361699156e-01,1.823204492380447461e-01,1.671154840559623267e-01
7.801475174695324255e-02,7.753860202942101099e-01,8.233507240297048835e-01,4.675336025224278713e-01,4.329538996369012294e-01,8.215652679263398817e-01,9.980608562766901670e-01,1.629421375051237630e-01
9.065362461654578874e-02,9.005921267507259742e-01,6.117721906737897397e-01,4.997164171938593413e-01,4.102439306338633296e-01,6.305166407579060328e-01,4.383463064878648785e-01,1.663114700572618232e-01
2.118440947400816454e-01,5.859380672200813489e-01,1.531388732440718270e-01,2.950550936706121674e-01,5.921797229403082952e-01,9.678786251711848365e-01,4.465892876071971829e-01,1.651738199633361048e-01
1.303385471497777726e-01,3.519431884883998940e-01,2.115996569709986397e-01,3.760999175472670153e-01,5.575598335873237499e-01,8.882254258080382048e-01,8.542587971392245905e-01,1.623784991740470640e-01
1.693525576453940307e-01,5.095173030247123203e-01,1.837723822802594942e-01,3.308698739286775603e-01,5.587747612429047050e-01,8.914841216167493920e-01,7.579914879526411520e-01,1.630748216861899746e-01
7.887448980507427709e-02,6.660392228920805069e-01,6.058551856506450006e-01,4.120990339643433309e-01,4.948918217649562190e-01,7.045177504002666513e-01,4.594195312054110691e-01,1.656735780500918354e-01
1.636933273819448365e-01,7.651869248921306932e-01,3.206930822787447122e-01,4.332913250061312671e-01,4.703628675750761712e-01,9.985574811853227262e-01,5.659925669933125736e-01,1.646684856587066759e-01
1.006454355873170614e-01,8.758810270384866925e-01,8.603234972928397450e-01,3.504066174509781750e-01,5.151992554485887998e-01,8.101557611789184099e-01,3.043678486677645623e-01,1.666180958426907444e-01
1.043661328067543304e-01,9.450895917238172350e-01,8.746423993730478852e-01,3.629575601766508730e-01,4.656365528594638703e-01,7.964040913904502084e-01,3.433607238648789250e-01,1.672712131032964289e-01
1.108012704500675183e-01,9.154828129774069678e-01,9.160543668521892169e-01,3.056446519628932545e-01,5.248436252601635932e-01,8.657828023733294964e-01,6.685687351800935208e-01,1.645027860826359101e-01
8.116240734083861319e-02,6.078386259493822052e-01,7.090546352220699067e-01,4.275908684316130914e-01,4.846277655783417515e-01,9.357239931330746385e-01,8.440255959243182504e-01,1.634992975087199707e-01
8.088521991443853310e-02,7.234695057878230973e-01,9.084194436898129776e-01,3.608750271419359223e-01,5.069892772743948006e-01,8.552139359983796929e-01,8.596621359754877956e-01,1.634566242297878502e-01
8.008648308911320290e-02,8.324123555104028238e-01,9.458828038944306904e-01,3.015749266552911756e-01,5.597444554910578907e-01,5.538045305825587405e-01,4.636977201098846368e-01,1.654448233503634513e-01
3.440971983329148276e-02,5.430561695512546860e-01,8.751162115476670555e-01,4.848869164231905393e-01,5.059166764217783996e-01,7.458569075275012228e-01,7.263427706518597038e-01,1.638167075512185766e-01
8.936901499606619836e-02,9.193617850676931713e-01,6.070510462137886920e-01,4.552678166306836083e-01,4.814552461979826337e-01,4.827715412947826690e-01,2.751025499377844907e-01,1.661424822744643759e-01
8.686735323288533039e-02,8.145906531459186084e-01,8.349588377301542241e-01,4.464460170237037895e-01,4.635561623189528024e-01,9.010409935084817690e-01,6.027459498946385885e-01,1.643005551285721122e-01
1.725926627065872132e-01,9.287803481140041173e-01,1.823079715977058979e-01,4.138963761584962264e-01,4.286002914347553094e-01,6.942828478995349828e-01,5.947945321671957997e-01,1.659600186335166705e-01
1.147488473236970979e-01,9.167307528078850742e-01,9.446122310371738440e-01,2.308542754943088415e-01,5.801186089434521298e-01,8.432793861007197300e-01,2.686061177873262373e-01,1.661430114284784543e-01
7.487286121483333057e-02,6.785557403683976085e-01,3.919307340318933797e-02,5.157731952443317391e-01,5.156225406700412073e-01,1.388901347517108587e-01,7.701033572493838353e-01,1.648659038320998138e-01
1.303832962508888471e-01,9.541549079325415406e-01,5.022562484900806590e-01,4.879624132246777601e-01,4.054714301173001356e-01,8.554234549344990057e-01,5.608121443048039723e-01,1.655073169637347463e-01
8.540102997188672718e-02,7.479076303590178609e-01,9.090931415048644215e-01,3.460356584512387368e-01,5.195912489095648734e-01,9.215679172904182037e-01,6.974136938782726780e-01,1.641652460236616151e-01
9.261717047584017148e-02,8.646956232349274352e-01,5.781351475563675235e-01,4.188073661821837823e-01,4.444712873323108382e-01,5.202640876828459326e-01,7.126253101819362001e-01,1.649987668201929603e-01
1.395610463293584236e-01,3.623393403621971154e-01,1.758702083162709262e-01,3.761295883075427282e-01,5.665665712310066215e-01,8.864473170037879823e-01,4.833916051446036088e-01,1.646100000573182121e-01
9.979089647401966079e-02,8.971711839092850749e-01,9.511988470734396017e-01,3.892744998643316579e-01,4.904362342017097864e-01,9.283404724541666209e-01,4.805237060097072854e-01,1.658054099837351636e-01
1.246689147736630976e-01,9.641511136591660591e-01,6.784641385414940107e-01,3.578955398045123859e-01,5.033063446441656819e-01,8.270783643364632010e-01,1.984296962424655364e-01,1.663137827895444232e-01
1.582969106223908462e-01,9.798441014662178095e-01,4.852400261006473703e-01,2.936960096687749600e-01,5.036085115789245004e-01,7.724934670496568234e-01,5.074765287450454521e-01,1.657055827131862502e-01
1.037127819500509585e-01,8.666879607986627265e-01,9.796915684044074091e-01,2.819031743281305014e-01,5.192027309379516620e-01,8.585341210534191969e-01,4.960068856363189504e-01,1.666920633728804224e-01
1.438737651888702951e-01,9.808677516281665287e-01,6.949479216536084136e-01,3.142026725348525118e-01,4.948799762768363308e-01,9.217757621200762808e-01,5.857720479058530216e-01,1.651971601924739907e-01
1.929599271083159429e-01,1.698476045182253369e-01,7.952981523484403681e-02,2.075908971005103465e-01,6.980167354002377866e-01,9.417902318349041790e-01,5.311228338758079426e-01,1.643782247405703723e-01
7.342100396076331470e-02,7.908901404988086803e-01,7.750723087339486117e-01,4.598905326870661447e-01,4.551923213866936324e-01,7.150489242556402614e-01,7.656139011459605070e-01,1.639586278182261214e-01
6.742282920063957796e-02,5.764530610761905427e-01,6.257545106182956784e-01,4.290314105171555425e-01,5.300289142841263512e-01,7.588483359053401767e-01,3.813989455367874370e-01,1.654417417941321522e-01
1.522062347592516851e-01,2.494534550222318181e-01,1.271257760487000676e-01,3.129111014167779148e-01,6.248559812999628926e-01,8.882577406445117951e-01,6.545306568014706006e-01,1.635966529885064802e-01
8.781884742710169278e-02,9.048141334871244723e-01,7.973354568124112474e-01,3.633132496787386256e-01,5.222586728687697022e-01,5.964435479901999404e-01,1.826739694396456448e-01,1.664743516814773117e-01
1.228534437079495667e-01,5.097605755187648580e-01,3.347685388608832024e-01,3.852278456789836603e-01,5.373852300872337118e-01,8.863739565870573101e-01,6.183096754896739711e-01,1.637715207134197992e-01
8.671808389688497043e-02,8.343636553736731853e-01,7.427597102488675551e-01,3.784540963799487012e-01,5.007227200041090009e-01,6.649567276214842781e-01,2.591695596796955714e-01,1.668083231122807208e-01
1.438795405640612701e-01,9.828267949673035186e-01,4.331227776769728255e-01,4.710443236316027571e-01,4.330928696717331050e-01,8.388021972028762985e-01,4.559003017381507150e-01,1.651414422122804704e-01
1.283433787235641332e-01,5.822135723849815037e-01,3.207942816731226277e-01,3.896600154265635330e-01,5.298279942581751722e-01,8.101603185237546967e-01,4.188739203437858438e-01,1.656045731418125389e-01
1.652250617813956213e-01,9.330708635616340452e-01,5.153184488957508469e-01,3.485369276970927688e-01,5.003790117109081503e-01,9.902655633975593341e-01,4.615443652994152268e-01,1.658879759911441321e-01
7.175780944319135046e-02,5.819982620593333600e-01,6.897287887834524511e-01,4.392980483744593490e-01,4.948074214257647818e-01,8.625056807596086506e-01,7.903288707839020155e-01,1.635189603237514056e-01
9.846319113769194664e-02,8.803650092534583971e-01,7.165515370134227791e-01,4.651652290795595945e-01,4.213284392724804261e-01,8.753214983130949145e-01,5.623935866578204656e-01,1.653303562716414155e-01
1.779203097266888189e-01,6.194911302460569535e-01,2.091531429683847754e-01,2.786778533185690909e-01,5.789635217943012169e-01,8.406335780940853430e-01,5.764837523709548384e-01,1.646909248445300733e-01
8.654364558243984873e-02,8.585289705326956122e-01,8.497721810916983864e-01,3.553141598359566000e-01,5.267659732561726926e-01,5.950029908865421824e-01,5.386692349485064923e-01,1.648992015993301641e-01
1.107552825932868190e-01,9.975213546774428508e-01,8.308364583290901439e-01,3.627152733302729803e-01,4.445343842489096198e-01,7.222492196660325048e-01,6.683805490471020905e-01,1.651792257164022004e-01
1.204869992108704713e-01,8.004049530734395068e-01,5.607047782832781380e-01,3.859316266603572965e-01,4.898087378638996681e-01,8.633330716624528778e-01,3.567475275328511053e-01,1.665578076107948613e-01
1.378455579217040539e-01,7.595330163101068344e-01,4.566785130285054839e-01,4.309341379721631227e-01,4.619518733925545018e-01,9.727066503814953968e-01,8.524436802163941618e-01,1.631115756512193649e-01
1.258915566875311864e-01,9.883200844496746740e-01,6.169460840079231678e-01,4.280931638078190327e-01,4.514733799118972879e-01,8.738811121393972314e-01,3.578596296840942381e-01,1.654802838665385134e-01
7.786762433215507762e-02,6.991130748989082822e-01,8.416770772590781435e-01,3.281991941469066254e-01,5.638385681639269675e-01,7.728037464331316553e-01,2.228984417131138485e-01,1.666505158764154948e-01
7.057688242633790299e-02,5.777557621352342743e-01,4.837959114062890809e-01,4.601617241358080257e-01,5.043970677095150901e-01,6.323368303833155624e-01,6.779698408244729801e-01,1.638458306610232340e-01
1.203011998148969947e-01,8.881164272023933659e-01,3.750257290774927643e-01,4.724746962785781879e-01,4.265177259126425868e-01,6.719812120159834867e-01,4.637866277953254235e-01,1.658342770689505419e-01
1.502995375054619887e-01,9.026032272946147295e-01,3.380626878534307433e-01,3.900834447136375394e-01,4.562513154811161931e-01,7.459273729079489712e-01,6.048187464491278087e-01,1.647150316674691750e-01
8.926739880967704543e-02,9.164675842506657677e-01,8.220049234824645668e-01,3.960708056857301096e-01,4.781963380359882110e-01,6.186663528058304884e-01,7.039455097428494179e-01,1.640766265879608499e-01
8.027817881716552140e-02,7.107771081955511772e-01,9.802671327728396111e-01,3.066521720533615936e-01,5.496077852773474381e-01,9.365005622481419323e-01,5.340368769590335685e-01,1.652262078826269021e-01
2.261110115883188942e-01,8.897742985246379632e-01,1.811364300003421857e-01,2.991111733877642176e-01,5.057975295709336017e-01,9.611449121844110044e-01,6.725848540365663153e-01,1.650102092552854782e-01
1.548521648715912580e-01,9.726554102812139391e-01,3.350612444189184913e-01,4.240792394373392171e-01,4.036760117322617525e-01,7.542615633012543785e-01,6.151508326237659086e-01,1.659407059540031482e-01
7.438819156471038196e-02,7.622920908145541796e-01,8.028604833419961118e-01,3.871610478626963392e-01,5.065740994136347375e-01,6.997801586687206754e-01,4.743338062551916146e-01,1.652919326609990636e-01
9.213879115239523299e-02,8.647528757015312539e-01,9.301496173154970570e-01,3.633979075154520344e-01,4.861490968307004001e-01,8.832836492238731463e-01,5.722465859824816814e-01,1.654376251355053340e-01
9.786230807558700395e-02,8.358958800983694593e-01,8.491902733040894713e-01,3.641665472470347886e-01,5.387250385797638375e-01,8.296340934193628947e-01,2.986364713646933455e-01,1.657355826751720496e-01
5.853651612104762703e-02,7.580177565609316215e-01,8.522273936271933525e-01,4.459242193120536712e-01,4.854083794636304128e-01,6.424514342220372098e-01,5.929551621674251649e-01,1.644311630231687360e-01
7.417512353049861284e-02,2.633057306707843881e-01,3.695780598212718981e-01,3.990907426364012078e-01,6.203960846663278961e-01,7.543508901292776958e-01,7.273386486208314183e-01,1.629085932214183741e-01
1.462593911645936051e-01,7.096183055015859997e-01,4.082801096532844287e-01,3.509624643607750505e-01,4.897057579476233879e-01,9.799214359696979404e-01,7.132545996147682255e-01,1.641576158479612080e-01
1.536903627099538983e-01,5.905597820280382715e-01,3.338356130235197727e-01,3.245013538976751488e-01,5.565124277327505586e-01,9.641446404067471887e-01,5.695172386111799767e-01,1.642199313777196745e-01
1.284081882431310773e-01,5.476133974097872059e-01,3.133664725065164469e-01,3.746143716911821131e-01,5.219102211132919944e-01,8.754939830370129794e-01,6.136203203653172178e-01,1.644293861945399504e-01
1.751815376980237204e-01,5.300111764582824403e-01,1.819487823983771402e-01,3.454197391426209740e-01,5.778343918089279274e-01,9.529775770103041665e-01,4.206549937500034808e-01,1.647739576354513291e-01
2.065327534496834150e-01,8.954187075549558950e-01,3.130838346543091122e-01,2.528998652196691177e-01,5.285827507884084397e-01,9.745754036635652096e-01,6.390660454090535403e-01,1.652863929719060598e-01
5.306927310138732923e-02,6.412752182627863284e-01,7.892740891184677476e-01,3.973428152894283860e-01,5.501917165245447938e-01,5.684560413746718721e-01,2.969908575494467629e-01,1.663368118333620471e-01
2.248281491878746929e-01,7.007543278959688093e-01,1.044376721447337619e-01,2.675713702726965071e-01,5.849815527911770285e-01,9.106640791384735811e-01,2.546908124773364923e-01,1.659478862789334763e-01
1.799735978189158092e-01,7.710939598397078543e-01,2.578725770851704180e-01,3.849558805276767082e-01,4.930208294195325136e-01,9.459363949103767322e-01,7.994872441187599321e-01,1.634345396984722976e-01
1.772128593234174043e-01,9.280273954408455594e-01,3.652256630830588713e-01,3.728614763975515167e-01,5.113148375315734739e-01,9.487506860303296374e-01,3.087999226021185262e-01,1.654677599097840457e-01
2.032601565890961581e-01,9.317081161680440538e-01,1.568806534635921457e-01,3.967353528049840650e-01,4.796287357899310377e-01,8.293039706355463947e-01,5.291433769099905815e-01,1.655318151259211334e-01
8.377957816151940240e-02,8.110121669337641004e-01,8.349655104879665224e-01,3.989351211081181847e-01,5.120627491132851983e-01,7.681020229177013547e-01,1.361980893416266936e-01,1.672387100560998596e-01
7.375126907717341473e-02,1.340006180459073493e-01,2.806127581755052391e-01,3.281128002798625598e-01,7.077302039609869588e-01,6.682067403328429966e-01,3.877197476856436564e-01,1.650286033165515309e-01
1.038115028018452568e-01,9.193732620771711828e-01,3.953983633513734053e-01,4.821171738716188981e-01,4.120148350184831276e-01,4.515545239592843596e-01,7.427603262647330951e-01,1.648451275668549043e-01
1.188747380382394886e-01,9.910923851457484890e-01,6.760119782188318549e-01,3.979265530352133484e-01,4.529892261221782346e-01,6.998033787953377161e-01,4.527751852192821724e-01,1.663856423585675093e-01
1.859571120422945922e-01,7.303790415564209715e-01,1.615819302848612860e-01,3.490961679839696963e-01,4.928038631311174589e-01,8.253201050108458503e-01,5.857399275583988763e-01,1.653743045273969869e-01
1.297773136596933607e-01,7.622615548584429357e-01,3.712896942108062093e-01,4.524222383968755645e-01,4.292530070817190957e-01,8.374671409932018529e-01,6.591324865211025674e-01,1.649008381839486836e-01
1.600004885807044530e-01,9.012680893868572074e-01,3.415708774547360216e-01,3.854173790083578743e-01,4.502367946966605583e-01,8.198006614592523444e-01,4.334219270967612503e-01,1.667707173276972710e-01
1.427079063873498699e-01,9.923902862893690946e-01,4.980060758768664053e-01,3.633166203253870852e-01,4.831277004883012816e-01,7.125013404094254765e-01,3.033054803958810108e-01,1.668963674730714608e-01
1.132625454708270640e-01,9.471764057793281566e-01,8.964542080448014705e-01,2.820609972867895721e-01,5.091446766640074229e-01,7.221117664153481330e-01,5.474875373793539612e-01,1.659916988783503022e-01
2.060836397682310472e-01,9.713006990195014456e-01,1.496540562412334574e-01,4.131041196596220155e-01,4.336892464405018854e-01,8.608828932062767558e-01,6.210734001725722875e-01,1.652001355584224174e-01
1.343996694805604797e-01,3.408137296998733912e-01,1.606065452391150505e-01,3.567846521469261178e-01,6.027963515103063052e-01,7.966578831911106384e-01,5.304972448511120486e-01,1.638704729935520910e-01
8.233579204256047390e-02,7.688774442500847517e-01,8.558763197554903890e-01,3.810290513841105842e-01,5.002274087448850270e-01,8.517300956676281398e-01,6.117819743185586301e-01,1.641236485014467839e-01
8.614384326847734918e-02,9.866322132247875576e-01,5.259084432022680389e-01,4.791187730010095791e-01,4.552485078735496460e-01,2.816494567630520862e-01,4.199203980571575290e-01,1.666408759115792504e-01
5.516899452748426358e-02,6.756734443880839658e-01,8.397922736333840454e-01,4.261721401569026901e-01,5.208637069205915848e-01,6.220979886953212912e-01,3.033690245513199768e-01,1.663178690480039690e-01
8.309831729306225989e-02,8.443525967682115052e-01,9.395994259787323610e-01,2.913046670099984636e-01,5.463886379436315721e-01,5.873503600478116038e-01,3.786542296178813105e-01,1.660036280871295400e-01
1.127303712288552084e-01,9.423389111902440440e-01,8.481022371358106771e-01,3.082386177450303077e-01,5.329727747506302071e-01,7.728402313331513840e-01,3.407522263121208761e-01,1.656067916197375700e-01
1.907206795356957141e-01,9.566327880627004676e-01,4.372914676274435308e-01,2.716844351599447815e-01,5.468109336850829338e-01,9.969261201554640017e-01,2.165540513747371554e-01,1.666160447417594503e-01
6.077859840589496659e-02,5.914589403212795471e-01,5.977575256388363290e-01,4.679105489030586096e-01,5.152290911074727253e-01,6.747725692567704270e-01,4.305878148380581916e-01,1.651964312001114599e-01
1.012963258086921198e-01,1.528245002563244359e-01,8.043600075286960749e-02,4.017923342976991163e-01,6.534725273595018979e-01,6.441134181540224546e-01,5.608177800945700620e-01,1.636821632937160986e-01
8.798369219592226675e-02,8.835157215673248299e-01,9.109612370043131957e-01,3.748776312245423181e-01,5.029615337926003349e-01,7.203226313689171656e-01,5.119030543888806184e-01,1.650360665079710354e-01
1.186777386777455451e-01,9.835450262734697358e-01,8.617079509234913948e-01,2.577252857209092474e-01,5.377278647684018420e-01,7.580420889439843934e-01,1.044868279788843668e-01,1.674888197639061160e-01
1.090802303957276037e-01,5.516873833452390352e-01,4.458950336621084198e-01,4.093925054280878051e-01,5.406708385158333074e-01,8.946491260457023476e-01,6.747339766948625694e-01,1.633670090320510360e-01
1.410742874066672203e-01,9.794115298875083475e-01,4.021811132120247656e-01,4.156744251633477383e-01,4.656555059627579540e-01,7.190304968480780712e-01,2.647356904366013342e-01,1.664785227427902914e-01
1.229272240612888090e-01,4.826489079983116159e-01,3.334530246342248261e-01,3.990419126032301866e-01,5.565282881565967177e-01,9.168530621587366314e-01,5.187850101666361402e-01,1.641049914430350309e-01
4.212407307472788853e-02,4.893362595239347801e-01,7.280826947387550874e-01,4.974222188083919360e-01,5.211984274199505940e-01,7.658899645462198258e-01,6.215677282031013551e-01,1.641002924830171350e-01
4.582590332456132343e-02,6.532562037517429809e-01,7.616425374078579225e-01,4.867334557865361511e-01,5.124318388045224770e-01,5.887688799483423718e-01,4.254347605060504467e-01,1.650998623243057351e-01
1.429082301029247493e-01,6.886676159652574958e-01,3.759922502998110372e-01,3.818788297391152442e-01,4.928540946797847488e-01,8.882762277344224966e-01,6.903348810927163459e-01,1.647509946938364445e-01
1.199167639183575246e-01,9.870859005512442330e-01,5.978766015582840376e-01,4.534085651824439345e-01,4.343313054737676371e-01,7.920811702178311986e-01,5.003834972239422640e-01,1.652974757875954881e-01
1.206829272141534126e-01,8.836493204070237084e-01,4.956752897636467758e-01,4.392666376367027059e-01,4.233871584688032597e-01,7.268207848100715074e-01,7.309825336477546731e-01,1.649925045397475643e-01
8.890494296227932636e-02,5.537690242723344314e-01,3.074370579587284436e-01,4.039759210176381288e-01,5.475778643222406483e-01,5.206689978499585703e-01,5.593312067228243256e-01,1.649153370015521702e-01
7.743921138208631483e-02,9.086833640127369716e-01,7.638186488242993955e-01,5.321315856242614384e-01,4.107895497683899944e-01,6.278316366407618032e-01,5.972978533766908349e-01,1.651218936535789605e-01
1.699123642510899646e-01,5.553850012258353397e-01,2.637268526816011205e-01,3.045066004472639087e-01,5.906174071796184144e-01,9.753859320178551728e-01,5.003722436613216029e-01,1.644069018476641275e-01
1.827713916379419823e-01,8.503845576425129726e-01,2.244090593540609135e-01,3.487896054615468588e-01,4.735258608239426015e-01,8.149608432768985500e-01,7.392846483438004768e-01,1.642111177168705249e-01
7.202622799944408127e-02,7.846747606946269382e-01,8.076472679689847833e-01,4.307124977842381464e-01,4.969622490899121003e-01,6.292627370895912398e-01,2.831583927178606963e-01,1.667065411582155376e-01
1.505458664059521334e-01,1.011252498658903320e-01,1.869858052187790554e-01,2.301566730110924386e-01,6.879275248067897586e-01,9.520045171176049204e-01,6.079549656989137185e-01,1.642130357608888591e-01
1.147351954588309297e-01,3.712571232574534696e-01,2.993863389160263955e-01,3.773582674723556241e-01,5.989657650320199256e-01,8.340727567918745367e-01,5.919135302091154127e-01,1.638366368760298397e-01
1.015046233856123775e-01,7.573812298867239612e-01,3.421835509941703046e-01,4.312538524812327134e-01,4.834619437492883587e-01,5.231637673520596055e-01,4.601038460394629714e-01,1.659536139505179975e-01
1.320316509466460397e-01,2.665437238489555272e-01,2.015970177808416586e-01,3.747911541793064183e-01,5.955804940916781254e-01,9.078704875885816872e-01,8.400931706389945797e-01,1.619062589531874152e-01
6.453051923466236739e-02,6.761291338278236918e-01,9.675095130749641337e-01,3.306742171268433617e-01,5.435857460858494195e-01,7.963324132231475172e-01,7.192808845859718359e-01,1.638043386183109518e-01
1.509086069862317914e-01,5.664604410072779928e-01,1.550419825922971784e-01,4.067561007356097491e-01,5.299035045928288667e-01,8.003811370379844137e-01,5.941413149140351013e-01,1.636454971626797039e-01
7.750213416352812190e-02,8.737187379326377679e-01,8.914500501842473890e-01,3.729011759987763686e-01,5.366415093194267794e-01,4.931642151305163924e-01,2.688882136656486344e-01,1.664206618058572673e-01
6.867805221846923214e-02,7.267535343386575253e-01,9.836234377256787287e-01,4.325568179066426877e-01,4.813303256349943382e-01,9.500115172266110353e-01,7.085903223241754034e-01,1.645239784064060351e-01
5.273267578598586636e-02,6.979827235477722436e-01,8.675553415773720189e-01,4.335467471478514634e-01,5.158113919783101631e-01,5.806513853824976090e-01,6.128173658830133874e-01,1.645269187609626760e-01
1.030548852426025758e-01,6.503194817222901492e-01,1.379109642079299758e-01,4.782631206290683945e-01,4.803872582180157558e-01,4.552530204841388484e-01,6.420586499985346807e-01,1.646966661632913442e-01
1.397660446115006616e-01,9.105188737483477235e-01,4.339269080999735295e-01,3.919051011010817320e-01,4.466307427604943592e-01,7.420896334892057578e-01,7.352925472735117873e-01,1.647113379743220529e-01
1.524093831799761267e-01,6.280334584656456220e-01,3.649176190304385670e-01,3.103346861480494878e-01,5.520093433317501130e-01,9.785282078493089397e-01,5.793779067949240691e-01,1.642670340804636975e-01
8.526180680961704950e-02,7.758151432785842516e-01,7.582300582506724673e-01,3.960482445100325655e-01,5.207019623483076787e-01,7.426600679339319111e-01,1.801416373777245949e-01,1.667231220881495446e-01
1.502711524553950184e-01,2.752855775615153933e-01,8.436102583082066841e-02,3.113279239756360228e-01,6.383414214490019667e-01,7.639383869933057403e-01,3.558364067047413148e-01,1.655553408402153093e-01
1.193553626989414806e-01,8.998040685566638386e-01,3.470045752437427300e-01,4.920609397852344080e-01,4.091879294665081157e-01,6.247072710231729165e-01,6.882044098778429264e-01,1.644898268552592857e-01
2.034128766683427902e-01,8.850451219176842521e-01,1.813760418143682274e-01,3.451697873799496885e-01,4.919310413924971592e-01,8.457790125917066248e-01,5.867109580459370921e-01,1.651728213303449710e-01
9.958789927131823927e-02,6.031428244220893298e-01,4.620313925633663943e-01,3.755952511386442816e-01,5.369912241133270037e-01,7.444234765481705374e-01,6.283966025443769032e-01,1.638380558538410081e-01
9.539020325241218123e-02,9.018275157901032291e-01,8.813831018506284032e-01,3.442254903256926069e-01,5.030038795303550803e-01,7.289845402471442082e-01,5.360875042107153821e-01,1.650613144750422423e-01
9.355596763734660981e-02,9.294095847543133448e-01,8.075902661200936583e-01,3.895084945273253885e-01,4.729538382029641608e-01,6.103256829559303709e-01,3.824016183870928010e-01,1.664590590201260878e-01
1.747579153981853040e-01,5.260865926884877863e-01,9.250536988136759398e-02,3.864071372709170782e-01,5.441003526273932023e-01,8.673888886441074586e-01,4.904999120042705107e-01,1.643698818319841159e-01
5.708328806047049259e-02,6.683099551398442584e-01,7.948023478349991455e-01,4.004763521279273708e-01,5.162024076718083609e-01,5.831181829275845496e-01,5.662657641651624996e-01,1.649484701864415148e-01
1.500965595323436319e-01,8.369153455106018713e-01,4.957195589077649789e-01,3.813703323404925571e-01,4.830516568338036887e-01,9.970135997244889969e-01,4.710899443712887047e-01,1.657505539169671083e-01
1.606253602946350334e-01,7.789435700123826800e-01,2.330947823072430647e-01,3.670147784303478544e-01,4.687169485017691484e-01,7.620772840920101432e-01,7.681113773039209836e-01,1.640304455381255966e-01
5.290592115777290050e-02,2.916818083319443478e-01,2.523373342031418609e-01,4.587503696147586241e-01,6.186727672423071311e-01,4.727855217217432626e-01,6.137259029682357037e-01,1.641079958086758828e-01
2.088588827147827010e-01,8.235375777480071768e-01,1.446723216344742990e-01,3.014792687729649923e-01,5.351902896407566557e-01,8.407004948613910900e-01,5.832538111528144942e-01,1.646043583397351073e-01
9.085985211151392793e-02,8.694540510236261621e-01,8.953182029396681285e-01,3.886145549367617802e-01,4.895689851399518400e-01,7.352750701579714443e-01,6.334461655439926897e-01,1.648918856892212792e-01
7.513329344594038561e-02,6.204617755964680903e-01,7.779277262001258464e-01,3.766726022638184901e-01,5.509450527254490249e-01,8.973814419436786372e-01,5.327692447640529627e-01,1.640980764235774325e-01
1.041524950817547257e-01,8.973500236170938171e-01,8.899696143207777022e-01,3.892642988314673480e-01,4.451810993379547998e-01,9.913111277122885756e-01,8.135653513473430909e-01,1.640649950319948702e-01
6.268428308542975391e-02,7.438700479434133817e-01,8.030805300037733296e-01,4.156151415439824359e-01,5.002054151717258978e-01,5.732310686855814907e-01,4.990245856945377256e-01,1.651094233498809905e-01
1.067863594560709839e-01,8.278030493528651945e-01,5.190028507367923094e-01,3.823885611869347056e-01,5.135405337085907629e-01,5.870671175204604797e-01,1.626408870791037353e-01,1.671590077323485413e-01
6.737995072295072108e-02,7.228469195382227763e-01,8.544507438117179277e-01,4.061815538376375989e-01,5.166443759206573727e-01,7.436621288516376271e-01,5.257835067000021789e-01,1.650300273296410325e-01
1.985659252640457340e-01,9.569881839982057325e-01,6.637166190095966645e-02,4.327012729992864570e-01,4.350998232025796719e-01,7.111729639852624185e-01,6.317397833482060188e-01,1.652442655388381976e-01
1.260440434155687683e-01,5.219847455131215730e-01,2.246525880269927555e-01,4.188471446664069342e-01,5.095854275317174276e-01,7.491398724736689774e-01,6.861213172680191708e-01,1.641816055976043631e-01
1.535113045118998709e-01,7.577007308483543202e-01,3.145880885313678821e-01,4.423058956337160286e-01,4.419587140828012961e-01,9.414535928510303631e-01,6.698846201758710261e-01,1.645453619849432114e-01
7.480967945244157424e-02,7.820146653928481406e-01,8.944692182307079076e-01,4.480381871848294062e-01,4.814243624219038398e-01,8.338862548881994519e-01,4.541651389214739210e-01,1.657121744759178783e-01
1.448006213127758235e-01,9.654055206888768614e-01,4.060725622889563291e-01,4.127322001842616550e-01,4.390638929029959669e-01,7.659173568404955557e-01,4.366987776450744208e-01,1.663390695513093653e-01
8.130801608826274118e-02,8.570970980773480186e-01,8.209414166583035577e-01,3.560356782710255574e-01,4.928632085302404597e-01,5.852480683770741043e-01,3.376543639972472421e-01,1.668569253171861277e-01
9.971430251187234084e-02,8.606080835931826378e-01,8.305244454197442394e-01,3.611460394384407580e-01,5.142246910575439811e-01,8.944897827070262819e-01,1.689254393835791235e-01,1.666704955362275364e-01
1.000413323339211930e-01,5.967799953163563931e-01,5.785930998704428285e-01,3.976676628223625443e-01,5.273057506613270107e-01,9.730925570926552970e-01,5.249052169792609579e-01,1.643800033730423993e-01
1.114321114118428241e-01,1.500035673381838186e-01,1.903874847598294728e-01,3.298063162753129829e-01,6.627705330547378759e-01,8.117004592333241231e-01,5.590698846767582220e-01,1.640026231099203924e-01
1.459960745924684944e-01,9.576763192514103906e-01,6.068887615180518225e-01,3.326247609567374863e-01,5.016377361655547373e-01,9.488359737606849587e-01,4.681102587058241782e-01,1.653587732538611133e-01
1.939652161981159362e-01,3.933625621178419296e-01,1.773877447410291408e-01,2.084059222244233622e-01,6.562720385632846432e-01,9.880419016906283325e-01,4.527382110092001422e-01,1.650805798742009667e-01
4.098547958640026689e-02,5.746368210480087280e-01,8.901378351978754822e-01,4.181556208146328668e-01,5.661994453112032533e-01,6.899527771945865862e-01,3.545271277136895494e-01,1.654689033384255381e-01
4.429655783418469384e-02,2.126124489129953554e-01,1.951487335060402006e-01,4.615301438284210023e-01,6.391941043066842187e-01,4.023810633254743530e-01,7.836970301039800635e-01,1.631671183008693848e-01
1.342923921313804170e-01,6.339907226616244840e-01,4.597061647446843979e-01,3.470499994856312553e-01,5.243523952912182429e-01,9.726074675348852505e-01,8.361497869817906547e-01,1.631674767392380376e-01
1.088876631401923256e-01,6.688543293288577996e-01,5.429833160418666704e-01,4.075390093553546977e-01,4.781290057887949696e-01,8.842364055843314752e-01,8.908262814848273425e-01,1.632538583151489919e-01
8.044853027038839643e-02,7.763903067625970156e-01,7.174887785423683662e-01,4.175734026255895071e-01,4.939313001612422593e-01,6.303876726748269821e-01,3.869904049984727035e-01,1.660486083482792807e-01
1.233945510127986006e-01,7.319157285107379396e-01,5.575237716732384108e-01,3.542912236239249557e-01,5.399269187719801799e-01,9.231308367527415459e-01,3.344790853257449958e-01,1.655298129258176709e-01
1.078789486344826076e-01,8.993999504564055281e-01,8.697206683585367859e-01,2.559998071550587673e-01,5.424280208431043748e-01,7.681926585458204171e-01,1.857048586133642765e-01,1.672891835353227385e-01
2.341464061696894583e-01,8.829329392121091358e-01,1.461338388453294890e-01,2.674526827633723070e-01,5.504684784224047611e-01,9.125525265905525263e-01,4.333795310500097031e-01,1.660100087880831687e-01
6.773188125146445415e-02,7.309726632074827757e-01,9.163592538989506764e-01,4.273243035134769996e-01,5.039405554694966760e-01,8.386899021774383289e-01,5.824099325844975805e-01,1.641365539784510053e-01
9.846712741531385427e-02,9.782700735830245353e-01,7.209955721746100776e-01,3.574706013869179966e-01,4.811109052417880116e-01,5.091379134461700984e-01,2.104785544538587128e-01,1.675915393448476898e-01
9.001153303754413915e-02,7.149050328796331399e-01,7.237167233660415366e-01,4.070438490062414649e-01,4.771156453580518431e-01,9.545734155041352142e-01,7.835511161879966657e-01,1.631618962620697555e-01
1.013710780189721050e-01,7.390798775393214726e-01,3.501191398571661950e-01,4.420915480670519759e-01,4.870129912823168983e-01,5.411889626979532464e-01,4.268607794849192949e-01,1.661980326906788707e-01
1.852641783537744002e-01,9.463157125583385731e-01,2.222997680536877296e-01,4.238327216392075436e-01,4.386210905907554358e-01,8.611702345826505178e-01,6.106153353313001908e-01,1.652420367499228826e-01
1.445916555375960366e-01,9.595763137203440207e-01,6.730458935741963078e-01,3.348278695340121680e-01,4.950729163922722442e-01,9.656551815372945713e-01,4.026462146485195737e-01,1.661790234001311872e-01
1.185866995973634819e-01,8.679832099279598534e-01,7.400755650759072157e-01,3.039231937201501976e-01,5.332210773751157040e-01,8.525027309340114101e-01,3.373449858513027921e-01,1.661231473796196678e-01
1.678154591487618363e-01,6.920595180196674745e-01,3.020104729671275745e-01,3.159405320734963718e-01,5.533185530641705485e-01,8.829781218698111722e-01,4.114502552577213312e-01,1.656082082089792851e-01
2.153000055897376086e-01,6.023166001353658094e-01,1.453536489320528813e-01,2.702432539744787920e-01,6.143586842570134543e-01,9.839688476836552233e-01,4.463052076857071948e-01,1.647822289499232540e-01
6.425971646167484563e-02,6.913479779851314788e-01,9.994635826395226186e-01,3.420356716514236228e-01,5.442022879365584487e-01,7.235376133147261024e-01,5.092633002264669306e-01,1.654716847300378713e-01
7.280217223652735159e-02,7.037186122927046039e-01,7.105300565400723967e-01,4.141281789955621462e-01,5.005108032639127291e-01,6.724184489422522226e-01,4.162300236643118323e-01,1.656985031424313137e-01
8.959060793890591401e-02,7.884685547178182929e-01,8.747506124818262840e-01,4.026711648654668907e-01,4.749864316248753049e-01,9.872951377718666155e-01,8.467560526214612526e-01,1.635963730516425962e-01
9.615155288669979816e-02,8.386469042312778566e-01,8.027805783887782543e-01,4.041470741638753528e-01,4.974176815921162453e-01,8.252345243063855529e-01,1.749347815057787359e-01,1.669671809202920298e-01
8.518192026371299019e-02,8.400104396874363832e-01,6.625198973892731935e-01,4.951200214531522592e-01,4.169325524628307855e-01,6.752127165248640317e-01,8.462277459234701649e-01,1.637440596571778650e-01
1.991001914870334510e-01,9.453194089101578657e-01,2.264587634102467051e-01,3.941735198461683853e-01,4.883719064127441389e-01,8.625750990794456285e-01,4.890279171715853357e-01,1.654219335702218352e-01
2.047846292879259011e-01,7.511247753847980491e-01,1.927692794040100355e-01,3.098606181227046008e-01,5.353585131079963144e-01,9.280084763300041617e-01,3.874260041786454778e-01,1.658892199388313504e-01
1.649874795387069049e-01,5.809428469067945411e-01,2.029064493545769676e-01,3.831760882676574220e-01,5.160167361017073961e-01,9.104509426481528500e-01,7.009750555891804957e-01,1.638618622700284966e-01
5.650423680466507004e-02,7.013328103090855636e-01,9.747701558719155113e-01,4.091653724454387686e-01,5.281180981888897730e-01,6.848225475769885717e-01,3.521450713427829449e-01,1.662113049725759406e-01
1.091809370273875424e-01,9.931415898961375444e-01,5.884103579408447304e-01,4.995200161691700780e-01,3.679085085342242989e-01,7.021811787200770150e-01,7.575681831370381092e-01,1.648338981926017743e-01
8.236186318374578985e-02,8.847752184979379431e-01,9.467718159087064045e-01,3.400162579489039438e-01,4.968429482677698683e-01,6.152090290084123447e-01,4.119740316320623652e-01,1.666462100281971281e-01
5.835441939303414455e-02,7.066744033058022234e-01,8.374427584402328595e-01,4.616439446231898058e-01,5.013786273940282756e-01,6.549641013235670828e-01,4.885512829826491044e-01,1.654336343999291692e-01
8.694876116655120279e-02,7.645502488544061448e-01,8.407120668466357971e-01,3.727829060148359908e-01,4.738340214524022209e-01,8.879685554094535194e-01,6.944773938449960715e-01,1.646704034711950482e-01
1.244957683236218443e-01,8.746044355986482000e-01,7.911590984708731789e-01,2.804896593538124261e-01,5.439481709545525012e-01,9.745975451868496009e-01,4.663221994108854296e-01,1.649036401261853302e-01
1.495828138188780854e-01,6.554150580179982644e-01,2.943225355438292556e-01,4.120276151885829963e-01,4.867802813942514462e-01,9.514995391879855768e-01,7.943595506704836939e-01,1.632040250752670729e-01
1.607871267545727956e-01,7.266154531949883255e-01,1.694133420470448903e-01,4.376002667264046742e-01,4.572439125297525497e-01,7.708149080301694989e-01,6.056119225528340255e-01,1.653069853123728394e-01
1.839668110236891696e-01,5.160620732618276252e-01,1.887337856343527798e-01,2.786802300363621643e-01,6.281024686421528003e-01,9.278390197762105274e-01,2.737416194536392289e-01,1.655659072143336741e-01
1.540745561866369018e-01,6.225557564082055961e-01,1.485323303243483717e-01,4.067109944446080649e-01,4.860813717972310988e-01,7.499266188075214279e-01,7.086901873181089551e-01,1.642798648122427152e-01
8.461241601184815719e-02,8.813563237409135498e-01,7.096706648490594960e-01,4.263730197076464612e-01,4.973851430797586737e-01,5.371418729991819241e-01,5.762012875621302932e-02,1.675580360139703739e-01
1.459131598747487879e-01,7.235553011215243302e-01,3.867489174720047385e-01,4.460256264260203385e-01,4.573259164064683580e-01,9.920467571248334782e-01,7.821908786686702086e-01,1.636108734981123192e-01
1.855503236070053519e-01,9.391688114512599661e-01,3.517418647528277043e-01,3.316730549339045875e-01,5.261173726527840211e-01,9.268406328321590060e-01,4.109283796759914398e-01,1.652645275129662472e-01
1.366178173223006331e-01,8.263452852202221033e-01,3.178849264316531142e-01,3.956048506533070275e-01,4.600202702211970140e-01,6.707116975124604030e-01,4.404752090997109959e-01,1.665592673981389771e-01
1.081152706539686842e-01,2.021216967642845974e-01,3.025556918892158276e-01,3.568055474222109336e-01,6.318164597095135004e-01,9.305200031456705156e-01,7.512753821899843532e-01,1.628644098947219787e-01
9.859326035317254877e-02,8.420063430461047771e-01,7.440734820842745956e-01,3.557980589265494764e-01,4.911883559850319103e-01,7.444542920573129496e-01,3.397719974559640366e-01,1.663261586557236160e-01
6.134990011122179454e-02,7.260142362063445320e-01,8.159508149670555710e-01,4.024994364394215984e-01,5.409948071462848951e-01,5.937805556590679545e-01,2.001390600702664946e-01,1.660734144567914961e-01
1.909994583748982344e-01,4.842046639442667555e-01,1.065704327037034216e-01,3.600762725572746459e-01,5.504290063807831812e-01,9.526225329107417261e-01,7.137625405430648717e-01,1.632969929256319341e-01
1.164405652603583002e-01,9.176919209032664559e-01,5.197200973483976361e-01,4.028181152767192352e-01,4.668340374547121363e-01,6.855086265659162681e-01,4.395273888721002442e-01,1.655924041017076409e-01
1.207269776268837386e-01,8.113095677955591833e-01,3.941196506933135613e-01,4.148536010991266121e-01,4.726011082425282672e-01,6.855808093411352999e-01,6.086312862046148187e-01,1.648329611933422867e-01
8.536049905043628649e-02,7.402762060562509960e-01,8.103665453979502775e-01,4.001719555748809443e-01,4.759234600521240477e-01,9.287686673248730651e-01,6.813585436013183116e-01,1.646341872145358209e-01
9.734862750740329307e-02,9.197795285673668886e-01,8.966112589633117302e-01,3.467538837720104961e-01,4.740684533735128325e-01,7.358999485388757478e-01,7.841221739857218154e-01,1.645532479215275068e-01
1.061038568968830087e-01,1.719850934983431223e-01,1.144324639456837378e-01,3.639576960190328836e-01,6.466599382381477135e-01,6.313315911710656314e-01,6.120648955994328899e-01,1.641202431422291996e-01
9.486269896347360175e-02,9.673560533572858056e-01,9.706355410560034702e-01,3.861350712445111300e-01,4.624564328319565321e-01,6.872584401204918647e-01,7.384607486456915559e-01,1.651248686012335709e-01
7.241904165887039224e-02,5.774254772851685757e-01,5.330297934412371319e-01,4.306419659010558565e-01,5.259084127202231507e-01,6.937620423291633864e-01,4.538472932172064045e-01,1.652714890293604522e-01
1.048737375249684800e-01,9.660653116090309744e-01,8.675201075513283566e-01,3.896455914462215175e-01,5.069586931253385886e-01,7.984979760511692337e-01,4.606858343569553149e-02,1.673022296932923925e-01
1.059036205813059378e-01,8.404158493153179865e-01,6.916936511437005164e-01,3.611923483258674961e-01,4.937906990060330625e-01,7.735745784746637099e-01,5.930489779543866025e-01,1.651114044079280418e-01
1.019870815953099336e-01,9.725322561631241092e-01,6.654592549756139785e-01,4.438605916745473889e-01,4.324992787400718797e-01,6.596155956980072066e-01,4.839037041088781188e-01,1.654231910043765796e-01
1.424364647696192698e-01,4.332723548353204501e-01,1.933332645833540364e-01,3.591399131762110231e-01,5.797903646280467838e-01,8.221696362260471069e-01,5.969605190793352278e-01,1.640978747572619800e-01
1.119817967695589528e-01,5.772729226423158888e-01,3.469183296807216710e-01,3.666375612681281870e-01,5.308471927784468303e-01,7.308253565379320138e-01,6.885242343414355037e-01,1.637588870805329888e-01
1.562623477605483147e-01,1.803514776143344545e-01,6.448200694218236828e-02,3.271161926359557048e-01,6.598245402603920562e-01,8.200767847393076737e-01,4.476299520592047498e-01,1.644861714450497892e-01
9.914939854446407075e-02,8.778080799240903787e-01,9.464894777283574534e-01,2.421299854271745933e-01,5.440056190076756337e-01,7.374944411156261204e-01,5.147782547587597124e-01,1.656662658386537368e-01
1.414902368194987103e-01,8.779243901100945990e-01,3.305477664924255654e-01,3.879517814565912048e-01,4.485600353833817389e-01,6.832756854683221803e-01,6.943565773922871776e-01,1.645189171942520179e-01
7.260360594411295609e-02,7.366191635489343081e-01,6.372926041224696858e-01,4.267200555778302706e-01,4.887969249206331468e-01,5.996568249452889354e-01,6.465503605399514075e-01,1.639496829841536052e-01
6.319130348395168850e-02,7.745892741976201368e-01,8.873308522907770168e-01,4.811594090786674993e-01,4.737216155383721650e-01,7.104450919806585274e-01,6.925102647390460886e-01,1.638035627327713573e-01
1.163646229223184447e-01,3.061812025427390060e-01,5.851525628674153490e-02,4.213285262547524224e-01,5.777695591966937050e-01,6.386071201167501377e-01,5.722885924909877353e-01,1.642163887649630283e-01
1.209831105588409922e-01,3.186698607877065936e-01,2.828077758163247690e-01,3.530087972629756266e-01,6.268282848707670274e-01,8.698222617294613102e-01,4.994522481284257576e-01,1.642290304872340290e-01
1.082263721101316689e-01,5.233534452793358049e-01,3.109990543729933554e-01,3.856031521561683606e-01,5.304096295417869422e-01,7.200527580080022805e-01,7.913025613987505480e-01,1.630424803677789913e-01
1.336156234419232924e-01,9.897066815118467087e-01,1.294800287507930081e-01,4.958903234820478678e-01,4.197632325781611717e-01,3.919010358461216259e-01,4.526964630424777369e-01,1.666410869015264862e-01
9.535592515158036742e-02,9.084192130235830831e-01,8.534175830115982020e-01,3.884772174196881589e-01,4.535745347859775345e-01,8.112399524215146984e-01,6.984074690887545067e-01,1.649820368130037740e-01
9.179145863718175813e-02,8.063843749816870243e-01,7.156201612073229690e-01,4.618613222920752159e-01,4.599786782878618752e-01,8.274825664809274395e-01,3.817014124461388658e-01,1.661608769540251496e-01
1.933032449654721874e-01,8.392391814491790836e-01,2.656592091537520739e-01,3.319647777163070024e-01,5.304568373768500100e-01,9.403911746497863877e-01,3.706208004701773695e-01,1.656944158569965686e-01
1.167108857998133686e-01,6.650936911538027907e-01,4.781472195007570036e-01,4.310947757174271033e-01,4.820674177965648122e-01,9.115661869354007019e-01,7.371510516918415856e-01,1.636438976445140914e-01
9.122470834227640324e-02,8.070593646921867537e-01,7.887706459777161783e-01,4.106629576199950504e-01,4.738201891589803871e-01,8.173667891210946168e-01,3.918130681854576913e-01,1.664705239614575061e-01
8.373190447144766846e-02,8.204249846630725651e-01,8.665204917648059446e-01,3.849299415615690112e-01,4.660962899500208367e-01,8.168439435285004269e-01,6.864657775398010919e-01,1.645441708540802128e-01
1.355727133408494434e-01,9.405211064672894805e-01,3.923230368937816737e-01,4.434322076933178702e-01,4.104351164095582094e-01,7.015766079900780383e-01,8.499105898124263980e-01,1.639527462185870477e-01
8.279643724617823108e-02,8.065133782665470097e-01,7.038045192646315007e-01,4.787258894966966438e-01,4.169945586310438990e-01,7.593607477900837788e-01,8.537954772792283320e-01,1.633851088904989257e-01
9.303583697536139951e-02,9.619501173679515516e-01,9.293375053786412376e-01,4.028987150078469637e-01,5.023915346667897630e-01,6.938958341713906686e-01,2.931831187167542874e-01,1.661465993081623627e-01
7.686827874284549167e-02,9.551846078755720226e-01,8.124297182250981297e-01,4.850556647359699491e-01,4.269515761982028978e-01,5.684458140891703870e-01,6.334841771440520297e-01,1.645792255023890427e-01
9.991402167864779638e-02,9.811085723518047086e-01,5.877460077740835898e-01,4.960707343169755701e-01,3.979924259259414177e-01,6.363002740718231021e-01,7.182156733701735574e-01,1.641353758820417730e-01
1.285561603714385215e-01,9.953315762042284076e-01,4.031657091742701371e-01,4.561636586848003549e-01,4.336852449539106424e-01,5.892635081415851239e-01,5.001831496693327495e-01,1.655467029598111650e-01
1.324515055649713169e-01,3.736295171201308718e-01,3.024472587178458904e-01,3.795811673454819180e-01,5.831432105989090564e-01,9.853186796997832619e-01,8.030125227931625975e-01,1.622774499442738994e-01
1.192149472000910565e-01,9.836465345029041796e-01,5.520150889754998902e-01,4.174660831852711196e-01,4.170744373291966900e-01,6.783112284825389970e-01,5.234072058923537885e-01,1.659853104315676675e-01
1.654053207450486562e-01,9.538568284325725788e-01,3.292246385783752505e-01,3.741246469193824642e-01,4.639325762341646731e-01,7.888755128967850361e-01,5.907539827352047412e-01,1.649882761015233901e-01
1.521733809988577435e-01,5.880226241421926403e-01,2.762278925108445637e-01,4.212568038436729223e-01,5.057438213969629448e-01,9.539928751236119719e-01,7.019837731445136564e-01,1.636603410049874141e-01
8.962660528289725925e-02,4.022576765767728046e-01,2.869478439414908100e-01,4.382325385726532074e-01,5.707244695313280491e-01,6.790975392268225885e-01,5.223361412793526837e-01,1.646230510229925170e-01
9.726172720770276392e-02,7.245710433090379876e-01,7.233306018128791148e-01,3.787362810114374700e-01,4.667724883660815949e-01,9.244425677035983391e-01,8.578091710862614239e-01,1.637803327082582860e-01
1.094545499667313321e-01,9.928610653989209389e-01,6.964534591676770914e-01,4.636552871551489208e-01,4.128646734454301526e-01,7.128407841762899322e-01,7.077631416591186886e-01,1.646126926951871627e-01
7.378469558771852399e-02,8.147652626857067037e-01,8.741170816570974500e-01,3.704240453673349198e-01,5.272986107998297589e-01,5.403201031736364346e-01,4.479877543434778731e-01,1.658993865257540890e-01
1.286366322061491263e-01,1.976959847476080223e-01,1.434608569463796668e-01,3.491622196413934898e-01,6.443194982717079800e-01,8.232301164975234231e-01,5.650567574396418991e-01,1.635760804531011248e-01
7.543994730633958590e-02,7.959911301685274054e-01,9.165042825891493994e-01,3.382971841769081833e-01,5.162943487665977438e-01,6.103422745021583884e-01,5.159303866338752487e-01,1.656548167671085259e-01
1.728090919839982420e-01,9.915722198038963153e-01,4.678672240924844905e-01,3.067786038491814304e-01,4.801209295495164620e-01,9.207154874732415006e-01,5.971207944273270174e-01,1.655013887026255959e-01
2.044089904701715255e-01,9.070404779194257694e-01,3.194742315159333490e-01,2.595010390595915428e-01,5.284313586480104963e-01,9.535938595789956729e-01,4.432784049365486867e-01,1.663416757028482740e-01
1.034405022345150776e-01,4.020891888900432476e-01,1.427466306417441988e-01,4.485502743071184129e-01,5.454167894047170506e-01,6.411633170556102490e-01,5.612329497374400900e-01,1.643933878246200131e-01
9.567923108741459293e-02,8.628833610775183960e-01,9.096794114268595965e-01,3.896773917410122356e-01,4.684902063617312207e-01,9.412637642190896381e-01,7.698319576101929629e-01,1.638438979810265261e-01
8.548233442341163224e-02,9.315854444713619342e-01,8.515495814660195562e-01,4.046508330505724227e-01,4.743625964266471318e-01,4.979955848757585124e-01,5.622004300312868352e-01,1.659294960428113752e-01
7.582733479244847807e-02,7.946796766566528447e-01,9.348125297721714411e-01,3.726479820106569640e-01,5.122995913715800986e-01,8.004456438910192428e-01,3.895994660098545115e-01,1.659727282407702786e-01
7.607957724777890396e-02,8.359777551309657273e-01,8.717850344502144910e-01,3.606316998901668014e-01,5.443391837378336318e-01,5.651027640105341643e-01,1.792541003508118513e-01,1.662192809225077617e-01
7.003241430283890789e-02,8.793590008660705504e-01,8.426639370613877578e-01,3.958345076313351529e-01,4.880663149504483322e-01,4.236949445442971252e-01,7.266372158932266068e-01,1.642854715305675783e-01
1.451810076448579456e-01,8.214155736454706869e-01,3.250191660400176263e-01,4.277249336383133205e-01,4.653324606363842264e-01,7.569489026959527189e-01,5.234804620685691301e-01,1.652743873304699518e-01
1.013444553764044492e-01,1.843450671952367448e-01,1.564607510940982382e-01,3.789880613689985411e-01,6.283026567394207618e-01,7.032096408868754311e-01,5.918354311321758487e-01,1.637620671198756483e-01
1.180226453986538832e-01,8.441214273502187782e-01,6.693442998827275892e-01,3.729843332539660161e-01,4.841484485333126808e-01,9.413268515427317684e-01,6.724297698592303085e-01,1.638582751142901306e-01
8.568585992814173324e-02,8.270694171601075118e-01,9.385690706466039979e-01,2.895965167469674029e-01,5.341127396476322842e-01,6.554378527411687250e-01,4.090310151172860675e-01,1.660430884346063563e-01
8.152107045203976776e-02,7.466970653507352118e-01,9.405571300559987247e-01,2.867814940637412047e-01,5.557327288738839188e-01,6.970522834970866999e-01,4.831811194247169761e-01,1.657079730765611547e-01
1.629420611331153790e-01,7.991856370073547877e-01,2.680714210849425849e-01,3.449179375118084367e-01,4.982507537132234710e-01,7.320536844370425511e-01,5.851981391474765370e-01,1.656176365257644167e-01
1.022979496750834744e-01,6.137077355583858695e-01,5.596952892832461890e-01,4.179021183285013263e-01,5.031163323807045229e-01,9.295482498758890211e-01,6.792432956070382222e-01,1.641085152443695072e-01
8.795937104437309695e-02,9.303410181647793209e-01,8.329210854199899927e-01,3.852696004734177948e-01,4.731028177873650153e-01,5.935079722112631684e-01,6.054494674103017005e-01,1.646756680091993053e-01
1.175900775134898213e-01,9.368960864008356593e-01,6.181017539216997481e-01,4.444407086341142232e-01,4.343263734131327936e-01,8.381158114041784568e-01,6.510612857372687357e-01,1.646623761202849201e-01
2.127429856287829102e-01,8.377624328195639736e-01,1.493312693132888280e-01,3.074573002107954256e-01,5.368431052299180717e-01,8.344989444428827507e-01,4.140947070645964456e-01,1.661822469707516514e-01
8.726531070529376655e-02,7.078197928957115082e-01,8.234567722096663989e-01,3.490183381111978123e-01,5.380407656114745141e-01,8.922243118468109468e-01,3.454341742050158204e-01,1.659341957034378978e-01
1.271135165214015428e-01,9.155454066002252089e-01,4.221477604052665811e-01,4.500149538517625447e-01,4.455822415615475207e-01,6.973454431758840943e-01,4.134983939130880137e-01,1.657354235373863227e-01
1.043230729230484044e-01,6.955360243390572572e-01,5.814601396112737408e-01,3.716249703914927260e-01,5.211925608844386604e-01,8.599096412046534077e-01,5.685253663815750258e-01,1.642897031669848240e-01
1.088297058495419772e-01,9.448722940837857021e-01,8.430968478272115041e-01,3.819704791151601886e-01,4.400001397318971108e-01,9.057745747518595181e-01,6.032989050506039064e-01,1.657790828716107501e-01
1.261387512972299008e-01,4.244375139204686898e-01,3.016309156088649024e-01,3.411287591524798657e-01,5.972023275730697911e-01,8.411428019743922846e-01,5.114852589008472838e-01,1.645706358366664790e-01
1.660629525759790004e-01,8.281562446293642132e-01,1.164707641239713376e-01,4.342778132601106678e-01,4.580191230667448044e-01,6.566711803323793673e-01,4.781862167499968397e-01,1.658725084700843622e-01
1.645670786640127947e-01,5.779755740067160641e-02,1.281153180441432227e-01,2.278704098556522673e-01,7.095660035758555306e-01,9.734632670930083442e-01,4.986605335507597880e-01,1.644616792572409225e-01
1.132518398515525299e-01,6.543772376972127880e-01,4.443109781804505665e-01,4.553159814159969399e-01,4.506260457391260132e-01,9.386306415652606594e-01,8.574961896935680006e-01,1.629184380282783506e-01
1.386246957520938239e-01,7.025095674798207401e-01,2.781846994125086736e-01,3.872784292506901149e-01,5.156301495699100457e-01,7.418671484359354862e-01,5.468307224723580884e-01,1.646199461255601071e-01
1.236772136409714784e-01,9.463418333163561291e-01,4.536655963451872164e-01,4.675209433012018634e-01,4.136324608785254542e-01,7.135393083914419732e-01,7.027489377740778753e-01,1.641394243793220520e-01
1.119422605153886779e-01,9.358873423300604344e-01,7.345160546680812308e-01,4.177359324855470235e-01,4.221221776932671532e-01,9.341335365175302829e-01,8.463877782553195228e-01,1.633577957673274517e-01
9.606467247270793208e-02,9.346516399733488800e-01,6.965350528537566088e-01,3.889678197011404714e-01,4.657167530870577332e-01,6.031415517331055742e-01,3.200372255034748536e-01,1.667493125054043124e-01
2.054056614262074754e-01,6.123797765996306097e-01,1.060172154586502824e-01,2.912120462273117827e-01,5.577199519118735127e-01,8.959570986660334579e-01,5.389392754649168227e-01,1.650265064309708596e-01
7.457769123357337049e-02,8.667652702856690761e-01,7.612843559095452406e-01,4.798132037481579459e-01,4.486727947561823249e-01,6.569468890486739321e-01,3.713229375953339684e-01,1.657283707716191434e-01
5.538176628468748086e-02,4.683384284434598532e-01,6.489360556953085446e-01,4.241660433208698233e-01,5.560591349802942451e-01,7.415927524947789617e-01,7.096751571300639050e-01,1.634433385474690636e-01
6.961881838248529242e-02,7.048007866947466615e-01,8.105581313574663493e-01,4.216470199878976088e-01,5.053819686795844035e-01,8.373743747840914908e-01,4.843135842108348688e-01,1.649079407697640887e-01
9.789488971885253188e-02,9.124012135993271322e-01,8.241736293917939493e-01,4.026120387567755921e-01,4.559015237314453795e-01,7.951970952674314308e-01,6.272151752913571743e-01,1.648853202771866089e-01
9.482554273251724009e-02,9.342983159822517703e-01,7.115223780761885664e-01,4.108826579581212890e-01,4.386601537915906235e-01,6.024550091590833434e-01,7.871777716196672880e-01,1.637919853529163916e-01
1.710093798742993165e-01,7.833145521881268447e-01,2.104395520895243621e-01,3.575315139504148254e-01,4.854366373782071920e-01,7.611422759887628287e-01,5.468268928439913301e-01,1.658400309152510688e-01
1.288800388190649571e-01,9.470964557477024037e-01,6.667453081580163587e-01,3.850102277102103732e-01,4.579281858489893664e-01,8.589111504249059559e-01,5.885873230297592462e-01,1.651394995598504944e-01
1.906537169421314015e-01,4.112536958277484000e-01,1.235162038176694232e-01,2.474971570250356911e-01,6.520868287643678540e-01,9.051724426167253590e-01,4.761605608878399787e-01,1.642327156017152345e-01
8.309197651975289145e-02,2.475133322220367527e-01,2.343402914219167577e-01,4.012566529294011586e-01,6.398306083112971221e-01,6.858815193478744465e-01,3.674554269400583939e-01,1.648482335376708907e-01
9.737394791467597621e-02,7.696194788248742480e-01,7.277160157923376893e-01,4.777793365857738173e-01,4.295648927199179901e-01,9.928609553957352674e-01,8.867586171322103805e-01,1.631549981128601889e-01
7.953455725607640192e-02,7.905164032478323444e-01,9.008870700766300477e-01,3.799807111472590093e-01,4.893656585209643639e-01,7.202116962492868257e-01,5.053936608677139786e-01,1.661780147385931994e-01
9.648540143258436952e-02,9.356058066906959292e-01,7.125631420546427730e-01,3.482079583326126992e-01,4.759088768838544703e-01,5.528585344262570977e-01,5.909678878479269759e-01,1.652230040574391712e-01
1.088183443255388572e-01,9.407374965355654872e-01,7.844621818335054675e-01,4.296463681116863276e-01,4.642477201577442369e-01,8.414142507746332766e-01,2.947551546238569298e-01,1.664334382108068611e-01
1.102097134592136402e-01,8.794622767193915891e-01,6.447895337192817156e-01,4.512601695691997872e-01,4.265177678160329555e-01,8.455526023249322343e-01,7.693196326388220818e-01,1.639252560300926143e-01
1.786009668304006648e-01,9.526789424671289197e-01,3.075916592077514444e-01,2.969062491803838855e-01,5.303120959430309700e-01,7.335714553373089419e-01,2.256186967869228122e-01,1.668041372660600818e-01
1.059979053147136335e-01,9.156711532692878297e-01,9.630854650083551238e-01,2.945593021265088263e-01,5.241638727071697978e-01,7.978184612300005529e-01,3.246186062132134786e-01,1.672214664165860287e-01
7.081196343313406194e-02,1.683877663291336590e-01,1.811509381771542748e-01,4.392209104673996944e-01,6.343027666810403531e-01,5.838589222499226405e-01,6.580573497629917945e-01,1.636294767253037852e-01
1.139655757204266207e-01,9.976498696730904392e-01,9.005723762305843927e-01,2.364262593944070900e-01,5.253481103028716515e-01,5.934782600066784708e-01,4.007635034892872428e-01,1.668994046637850837e-01
8.471156751722014322e-02,8.072048319212941081e-01,6.958599739453790178e-01,3.828047444185647130e-01,4.755535399208283831e-01,6.557378526469408442e-01,6.469796304803800968e-01,1.643837351222011411e-01
7.398588957273505295e-02,7.917298316180297890e-01,9.131452617121771365e-01,4.137312246365681401e-01,4.639489692946640598e-01,8.381793030872363159e-01,6.882213415374519583e-01,1.644626371756916505e-01
1.987925551707374061e-01,7.059471924578257784e-01,1.901994024070842171e-01,2.837920259260877653e-01,5.524927939976982394e-01,9.161165262406677501e-01,6.870904637161695527e-01,1.637286213330288454e-01
6.364192098168253153e-02,7.508079674140122339e-01,8.403504170025117848e-01,3.641118266401950354e-01,5.437899903642560151e-01,4.738569754876616469e-01,3.726357833672618858e-01,1.663982298884938982e-01
1.058979956740113554e-01,8.208823806896194952e-01,6.415187149181287296e-01,3.396218483188915838e-01,5.197554565406963256e-01,6.710461580505735490e-01,3.720126027268528812e-01,1.660700241590651882e-01
7.414050802344610003e-02,6.556545709240584330e-01,7.730794272865439964e-01,4.138107990764845479e-01,5.490222063547729459e-01,8.379546185159386651e-01,2.520961822102341099e-01,1.657514410574162378e-01
2.164637365646966960e-01,7.359392341035901897e-01,1.136778443602492472e-01,3.169176866272168103e-01,5.535943281794352133e-01,8.846169910437464701e-01,4.731861147623276920e-01,1.648935109137056043e-01
9.361526452321139447e-02,6.588390319389125782e-01,7.442740506500398201e-01,3.760451661149973313e-01,5.179920546185156072e-01,9.503138854372179534e-01,6.593681130299611226e-01,1.642983690117115203e-01
1.364140028735555121e-01,9.903019671436008586e-01,5.244717777627001531e-01,3.482636434882671606e-01,4.906470961670496567e-01,6.809319966877189767e-01,2.017721331711514465e-01,1.669656704181201601e-01
1.129791917111081373e-01,9.522274546684630359e-01,3.078138398718578417e-01,4.755612412087923402e-01,4.552161949390350348e-01,4.057583533942694110e-01,3.158519600816690476e-01,1.669977305448215321e-01
1.204089980294804491e-01,4.983015575493692229e-01,2.413201194232225122e-01,3.814332427960674954e-01,5.554251328007172583e-01,7.274694881902175059e-01,3.586801930266315108e-01,1.657590182717615657e-01
1.676919564135934404e-01,9.758903167488517383e-01,2.803680150449721076e-01,3.816908012057058097e-01,4.437373077951964895e-01,7.280111423990182073e-01,5.443604090681122276e-01,1.659702395983338741e-01
7.852752483557344509e-02,7.641646638852483964e-01,7.597714308452288012e-01,4.812920184041087901e-01,4.264286574303993715e-01,8.828937606832347740e-01,8.059077231384936812e-01,1.638946213931805618e-01
1.211536817670652993e-01,8.600303723531027567e-01,5.770554138010087764e-01,4.338106917402125839e-01,4.767438654335054982e-01,8.829353441114758949e-01,3.548869530598662836e-01,1.655697141338307865e-01
1.514872471685451139e-01,9.205659331318869487e-01,4.641037965441016100e-01,3.802847463625638191e-01,4.925330015809727957e-01,9.018950924562696425e-01,4.987711343264800146e-01,1.645389386598860859e-01
5.610865242608738257e-02,7.000139649627866723e-01,8.293458666078288299e-01,4.147101389177088038e-01,5.246340063229443240e-01,5.516520831588855867e-01,4.222092000016487434e-01,1.655317805217157712e-01
7.196128803396123486e-02,7.244370969704239105e-01,8.952688729298884374e-01,3.623207365760654497e-01,5.080419947131445957e-01,7.496522154238497437e-01,6.614879472025012586e-01,1.648090296956365997e-01
8.702271712963141614e-02,8.670620062806778661e-01,9.206561542043210089e-01,4.000192833281899785e-01,4.755506875519051047e-01,7.656203988497973789e-01,6.482023681438728868e-01,1.650052850426738382e-01
7.410500270349892893e-02,6.132207997510193964e-01,6.510498357112325385e-01,4.488512581833685733e-01,5.239713438294468784e-01,7.856075170677074837e-01,3.777095090273902001e-01,1.655390421099824927e-01
1.229433483863973525e-01,9.116349267288766933e-01,5.723064888608732081e-01,3.840743311385428904e-01,4.572157728683634570e-01,7.384054808711654205e-01,6.735821787067852728e-01,1.648502016603211329e-01
8.946282686232903680e-02,8.590649826321357097e-01,9.326659122650222677e-01,3.633306112011937539e-01,4.741715068649917653e-01,8.510837515285735178e-01,7.458648672304850624e-01,1.648085259441482986e-01
1.669374256941502932e-01,8.686422046758457416e-01,3.479908956902451056e-01,3.459546656310012458e-01,4.981049437676025593e-01,8.871788342961237639e-01,4.730203126152393578e-01,1.651158950028958905e-01
9.261308075805604889e-02,7.597690418674197810e-01,6.490942910488426421e-01,4.954855414538545944e-01,4.114752950476240345e-01,8.761907924553349325e-01,9.911148367240706358e-01,1.627165707226574665e-01
3.133360011456742811e-02,2.056322775787624568e-01,4.194004338340601157e-02,4.946566583528446692e-01,6.860578519623388161e-01,1.420702715681628758e-01,8.227255973339461237e-01,1.641894531200789598e-01
1.282096346552730470e-01,4.078287529043849724e-01,3.235569896384017374e-01,3.474044879704924482e-01,5.903509668232425067e-01,9.601568254728025664e-01,6.131270446536238872e-01,1.633979139282440707e-01
1.146487293217032244e-01,9.157782588918980116e-01,5.358397875014572209e-01,4.217079139896134365e-01,4.217986613266215823e-01,6.968645524289612814e-01,6.335614121690137379e-01,1.650488394946926507e-01
8.920629111252706411e-02,5.880837257873463564e-01,5.415469215965789118e-01,4.540753780045131971e-01,4.620060058208366738e-01,8.923555762529447044e-01,9.196941992138703004e-01,1.626725904416941038e-01
2.240235327329958559e-01,9.937871443042356479e-01,1.383532198317478090e-01,3.629016183616234348e-01,4.890829842127503158e-01,8.775784270181918867e-01,6.123748106317359330e-01,1.648507877973551528e-01
9.002021259627057681e-02,9.177935178534281091e-01,9.524156807003467673e-01,3.903502427040232425e-01,4.987630765749686557e-01,7.355751338711886689e-01,3.641943621970912259e-01,1.658764278403525860e-01
8.299825376770757213e-02,8.759677868502466769e-01,8.230701784382945529e-01,4.384826728658371975e-01,4.640540711627294534e-01,7.392732474344861915e-01,6.132362208309760643e-01,1.645272877121714550e-01
2.343580929626213893e-01,9.972820561957300711e-01,1.709697037099113803e-01,3.222542116851275784e-01,5.380196447697598305e-01,9.606241899628107372e-01,3.161566337216169531e-01,1.656356063249452004e-01
9.383133307939160728e-02,9.210956855400238563e-01,6.681312650607891257e-01,3.760153322863076242e-01,4.951484505002141656e-01,5.150703350665584157e-01,3.103988483776978224e-01,1.661898708850972073e-01
1.642917366214096953e-01,4.145245349120439959e-01,1.406088158860772652e-01,3.331457864121735724e-01,5.759526488667275901e-01,8.487203859732315170e-01,7.022149817004562644e-01,1.636584176811421154e-01
1.914207195626939639e-01,9.171320767086109660e-01,3.486216727724649744e-01,3.674505642043979781e-01,5.112885070861332704e-01,9.940101383834429871e-01,4.079304918775050748e-01,1.659345301261677952e-01
4.429486511083137457e-02,6.552014070849342398e-01,7.589556350703311471e-01,4.939458614122928526e-01,4.981156843765739417e-01,5.599396066791920701e-01,4.327892844300612052e-01,1.655154188573972340e-01
1.963077399041555648e-01,4.834423219674722771e-01,1.368025464358121890e-01,2.481685968414583665e-01,6.218275288895176445e-01,9.129029612883005074e-01,5.347867018013788831e-01,1.641441371415998385e-01
1.038423334062092140e-01,7.731680439171700892e-01,4.036958386855891701e-01,4.421659455893896529e-01,4.611433683082163948e-01,5.808668161093625271e-01,5.502941248240644789e-01,1.658570864239736486e-01
1.239250406129821791e-01,3.475539380287268054e-01,1.964175214232300737e-01,3.251158616737762075e-01,6.301146121902007069e-01,7.103428009242016561e-01,5.391575764366927093e-01,1.641916333758630941e-01
6.229301002325181302e-02,6.863977786558180805e-01,7.589326799060404083e-01,4.943209948250448238e-01,4.565953721789292596e-01,7.470410982845112624e-01,8.236423989184532557e-01,1.632610075765849045e-01
1.884401270153361341e-01,5.609180309861760971e-01,2.455622031579981768e-01,2.675246413769076792e-01,6.033303169312870251e-01,9.809626056446090203e-01,3.871735560871288895e-01,1.658742644317009740e-01
1.855810387607994549e-01,6.940901915618109541e-01,1.976516093902923599e-01,3.166651700912485046e-01,5.320058957203497307e-01,8.895606765749153322e-01,7.161622543752205194e-01,1.637263945331695059e-01
1.892287501437565633e-01,5.574276961806698960e-01,2.119024682037749518e-01,2.639265148481775292e-01,6.269857938586058665e-01,9.713314274326216857e-01,2.571386001727558046e-01,1.654941196055474684e-01
1.435233501574753046e-01,9.345174226700443398e-01,3.017280648344629057e-01,3.690536644038190373e-01,5.034152124392924366e-01,5.366264518638950154e-01,2.550027206235619959e-01,1.668754520239977002e-01
1.262361924828399873e-01,8.819336813641187600e-01,6.436272267410756420e-01,3.769612101392338377e-01,4.500226792106017948e-01,9.563495604034762954e-01,7.489218845412638492e-01,1.644300941900202484e-01
9.171306236259124667e-02,8.829686392239876058e-01,9.268274554348550076e-01,4.362575034352533243e-01,4.232838410464931367e-01,9.147253496869918177e-01,9.243194869654670631e-01,1.640929705469927891e-01
1.014196790246459784e-01,8.789034238992879944e-01,7.887203311425100560e-01,3.844403132456933325e-01,5.107023722553488687e-01,8.218521033002792464e-01,5.931785814214718400e-03,1.675093198143099427e-01
3.977700245288823266e-02,6.117928254653892672e-01,8.810542921159023599e-01,4.923034914174768684e-01,4.915274859792008733e-01,7.291390765904115501e-01,5.926387770120021825e-01,1.646475274723120108e-01
1.847840083997016047e-01,3.405502102524427532e-01,9.705336303515005314e-02,2.537287517144182214e-01,6.582143785166026939e-01,8.431589331732817216e-01,4.941889230459213800e-01,1.644704432983971343e-01
8.419036017981787468e-02,8.306906779555023324e-01,9.573801062606346335e-01,3.592872424194791803e-01,4.934861993992704088e-01,7.145513277957107334e-01,5.678840368273767591e-01,1.660852577642945305e-01
2.072995492920242655e-01,9.553418104413398115e-01,3.473067508451357366e-01,2.585608769137092144e-01,5.416776995405808703e-01,9.673786801115886735e-01,4.648600265600051906e-01,1.660987206951366202e-01
1.647438686750453130e-01,4.927350750263597701e-01,2.254954823563465882e-01,3.590799055980643528e-01,5.372309178598352331e-01,9.925424755364706808e-01,8.963958912585545669e-01,1.625454123743327040e-01
2.034669841042108795e-01,4.988071324878931012e-01,1.050088921662725716e-01,2.921930049160590959e-01,5.639273655495222748e-01,9.504483333356427144e-01,7.025058327220600196e-01,1.639989626094088271e-01
4.968931331733274226e-02,6.233512443403368408e-01,8.542741445018804392e-01,4.681038910557400179e-01,4.992382550764496441e-01,7.900831564268667728e-01,4.085262783417761279e-01,1.659692277142092443e-01
1.251829816354579628e-01,8.022869884155157116e-01,4.395050725593111496e-01,3.547606300293095205e-01,4.910178358125439346e-01,7.202019738317041453e-01,5.024017950031447466e-01,1.655384471125225243e-01
1.052978612027575395e-01,9.113041589223596084e-01,9.427944202400891927e-01,3.236185169182272392e-01,4.940634544262034189e-01,8.800870703852979871e-01,3.374252567038952266e-01,1.668724916194426200e-01
4.827758707877974342e-02,1.814316752553392087e-01,5.110321355125252429e-02,4.590479017034614362e-01,6.824793632403385324e-01,2.751027508187026127e-01,7.003072953994503580e-01,1.644578453633639414e-01
1.407499512386990448e-01,2.632458321758696651e-01,1.624112597553608039e-01,3.764518299820944214e-01,6.022601202268110798e-01,9.341315473379090406e-01,6.873610174975269826e-01,1.625401906054544932e-01
7.463344135617687447e-02,8.995706143409150091e-01,9.290797192394264492e-01,3.814235139340586556e-01,5.116531004542373973e-01,4.480926202612979248e-01,4.058401795669473455e-01,1.665603599197208462e-01
1.766805183790361999e-01,7.626889807632953877e-01,2.537901603927547045e-01,3.623192083208891523e-01,5.089927122425972339e-01,8.872944623570532263e-01,4.882490551398624978e-01,1.658426785673949577e-01
9.331348580461126807e-02,8.732305120680803334e-01,6.025416614114713632e-01,4.748554147210196641e-01,4.063487456728214209e-01,6.898634247170629674e-01,7.305682254249351582e-01,1.646109511371856293e-01
8.944068729133386464e-02,8.592557199927012279e-01,8.623061180070282772e-01,4.525531694598938781e-01,4.303572778203735849e-01,8.464647373007286868e-01,9.518721956695517239e-01,1.631254927183184711e-01
9.135393518889223241e-02,9.478758694104143512e-01,7.975743268451307433e-01,3.851869956192874866e-01,4.817272584562311555e-01,5.855759235919358874e-01,5.462036272325780928e-01,1.652775567131599677e-01
9.567401592788696285e-02,1.263974596765518044e-01,1.442009249281357985e-01,3.015590477855576435e-01,7.079961011268274262e-01,5.934347375588568951e-01,4.665186242631671476e-01,1.648302969761156478e-01
7.519817029588607427e-02,7.744654480688257792e-01,9.485426403310066590e-01,3.464377466530976779e-01,5.099499146656147897e-01,6.923598123782916947e-01,4.693347946745022869e-01,1.663438333430847516e-01
1.586081043232526744e-01,2.334886550024632967e-01,3.497052758541119299e-02,3.210416006415000578e-01,6.445818799952963696e-01,8.076655544000981291e-01,3.303984846841740430e-01,1.648027724651742465e-01
1.197247375950915294e-01,8.862234726299899057e-01,9.506422347389126282e-01,2.435110675310760975e-01,5.553916635143082425e-01,9.634943714483859001e-01,3.546502686942256677e-01,1.668281332723271226e-01
1.030856906193184375e-01,9.289655889706389669e-01,7.050740743221618478e-01,3.871786846494523204e-01,5.063211739151105562e-01,6.705899292428314507e-01,4.540793052072861213e-02,1.670683825568240188e-01
1.430352311231760654e-01,7.334058536569585396e-01,3.609742658633022794e-01,3.690437763374046498e-01,4.775704222231366702e-01,8.518782577095388442e-01,8.070464205701775029e-01,1.633981946009425701e-01
9.716741000470530132e-02,1.864528400489323667e-01,1.984511094829763955e-01,3.716429827758938043e-01,6.514856835664286638e-01,7.064850023937399026e-01,6.763072908144820428e-01,1.632177665321308813e-01
2.070892928013889356e-01,8.491698594023695534e-01,1.441343705009470177e-01,3.448909158330081270e-01,5.241923006351265624e-01,8.359648645744350848e-01,3.325287276422785876e-01,1.658570659280318438e-01
1.066474226836841149e-01,7.661017635169866669e-01,5.740126826191740417e-01,4.104732778197630050e-01,4.692939722189855556e-01,8.497927060511050179e-01,8.392646199958082587e-01,1.629272318435456002e-01
1.123831229498251372e-01,5.574191646782659104e-01,4.450051029046279694e-01,3.765604616134930471e-01,5.151273917255044799e-01,9.270685133619247509e-01,6.820677780109779542e-01,1.640881730600476651e-01
9.292053831944382947e-02,7.743451294860382861e-01,7.577635091015144653e-01,4.366851658875319231e-01,4.874776190765676143e-01,9.628155950899818238e-01,4.456338733128137330e-01,1.648630742194131527e-01
1.487654465857748687e-01,4.676913731234659255e-01,2.018597421999823172e-01,3.222736405302507046e-01,5.691977694525105491e-01,8.579782624876470809e-01,5.558561595627293794e-01,1.643140138022285701e-01
8.581052797878255256e-02,9.582409296082814443e-01,9.528769497202012051e-01,4.602253139522740621e-01,4.311116597731289857e-01,7.652701907438754780e-01,7.653842030514391714e-01,1.641855293168271168e-01
1.028300456392765155e-01,8.692194877630695649e-01,7.011021280947903334e-01,3.250835931756255182e-01,5.067649617808073215e-01,6.562095355070425295e-01,2.505592082447635205e-01,1.669095391441057785e-01
1.057017935311982682e-01,7.180094373381611383e-01,2.868111361021000172e-01,4.073579220722625127e-01,4.962174896305310279e-01,4.971134296794060825e-01,4.646358599171145354e-01,1.660609215416981033e-01
1.226868384193228051e-01,4.390706056424110160e-01,1.218835602587331479e-01,4.146464181484930678e-01,5.457957680157058400e-01,6.417892007396218679e-01,5.314719824236192602e-01,1.647954294710493872e-01
1.660989784305788031e-01,9.257426760392272191e-01,2.725069430589081021e-01,4.222632842014354404e-01,4.452478618733838323e-01,7.989966685923651779e-01,6.036561586310607019e-01,1.647081012985087134e-01
1.041667011710838420e-01,5.331194049493508391e-01,2.031494737917867721e-01,4.214023054111914468e-01,5.294454142443417721e-01,5.506373157861890189e-01,6.215583823332976321e-01,1.648307541380377994e-01
8.772113156281276247e-02,8.842169246969912022e-01,5.336059572622920966e-01,5.024788172042844447e-01,4.289896634816448562e-01,5.237163614901836350e-01,6.293146642874765107e-01,1.646338942829386198e-01
8.427664321824704374e-02,8.850566678031448475e-01,7.970090663872340109e-01,3.999191306103377364e-01,5.023130048667615588e-01,6.656330594636291620e-01,2.952690549547082322e-01,1.656071859379654176e-01
9.850679559542774300e-02,7.560204818520044334e-01,6.433865668012088701e-01,4.048823658552154203e-01,4.706551474482698616e-01,8.539607636793966616e-01,8.743328012467513899e-01,1.628212407953744112e-01
1.453089233335419783e-01,9.336335257454572156e-01,3.741027836149239949e-01,4.111051901366716277e-01,4.495867687958501335e-01,7.393134576607154340e-01,5.502345974987834509e-01,1.652744639319290998e-01
1.725184081701175709e-01,7.334523663415245531e-01,2.469700444695365205e-01,4.141822786649493882e-01,4.822981184763304729e-01,9.668479878681860429e-01,5.721591935041128174e-01,1.644551070389015657e-01
4.035321203664408996e-02,5.544433651306646116e-01,8.707895608902873619e-01,4.403120488252061371e-01,5.367995717756850471e-01,7.201385205751847929e-01,4.516865200047475160e-01,1.655980444727065404e-01
2.322400307885343351e-01,6.833951809709638558e-01,8.786118836785106190e-02,3.245347074312984192e-01,5.409906054192930025e-01,9.924606026892692778e-01,6.467431323790111541e-01,1.644116296747807904e-01
1.438503711286847342e-01,7.416769190243650556e-01,2.549147511253662124e-01,4.424592070637639596e-01,4.834122130586443467e-01,7.722560638622512075e-01,5.198149746181215392e-01,1.647240547052517545e-01
7.185858238392159314e-02,8.052300315598178715e-01,8.135480399201636681e-01,3.512050234231022805e-01,5.202054264766902136e-01,5.112435604677874057e-01,5.072563262373747106e-01,1.652043503690623638e-01
1.020628820548036969e-01,8.868485241505459360e-01,8.061366130078688741e-01,3.674616107973310286e-01,4.860291349601736366e-01,7.941434293399795008e-01,1.653439101779871634e-01,1.676115325047519977e-01
1.271702656359322559e-01,7.581324015464941946e-01,4.582731660376718752e-01,4.357946220838310181e-01,4.793189317088663026e-01,9.096918585867184159e-01,3.567740537675620494e-01,1.658413931290629306e-01
1.470154569334265193e-01,4.460707477928248510e-01,9.953156382403383073e-02,4.230176561611467823e-01,5.380803469286045138e-01,7.819095290030589895e-01,4.818830361459379708e-01,1.649381146482835070e-01
1.085097209057819673e-01,9.875602882949219286e-01,9.608533357339521519e-01,2.664829118890871817e-01,5.280203824501487064e-01,6.240520032173013654e-01,4.537447970680198450e-01,1.664154450620664860e-01
9.167200541676452652e-02,9.011088666510224110e-01,9.670047169211890559e-01,3.043711031802648348e-01,5.336365227796932009e-01,7.115188679263518834e-01,2.677836743177217649e-01,1.669165519086844018e-01
1.057931235825827904e-01,8.996305426804356298e-01,7.843230045366280656e-01,3.850006940909375674e-01,4.832773666701313253e-01,7.987620050351302847e-01,2.077127654774946208e-01,1.670508853007509620e-01
7.497845681844447774e-02,7.924482002548458581e-01,8.987159296131091990e-01,4.322151546595938143e-01,4.948118371447634001e-01,8.035133765929335370e-01,3.218111847634883005e-01,1.658202434487063004e-01
1.002579933514281263e-01,9.963750605511237923e-01,7.430489479602651048e-01,4.004533045868082231e-01,4.474235658475327337e-01,6.079303158752142888e-01,4.158388290979819213e-01,1.667093638297328650e-01
7.544761207525949032e-02,6.972343884760088262e-01,8.830329618699939154e-01,3.761252767773632932e-01,5.193438451088541186e-01,7.761706446415681526e-01,6.717435187962808030e-01,1.647509702167384849e-01
8.869141540272074131e-02,8.989622024185827120e-01,5.967848796426133973e-01,3.901698551209635824e-01,5.189884128690936960e-01,4.223728414472840420e-01,1.692104509261841416e-01,1.669378439147522764e-01
1.299653032414287146e-01,9.531609131556580961e-01,1.901370758639841507e-01,4.674450529521071984e-01,4.255981084595990005e-01,4.208462768778744034e-01,5.446283753089312674e-01,1.663933657646695374e-01
8.278220392541738026e-02,7.561947136584529217e-01,9.824633732679370901e-01,3.781474280110222463e-01,5.092522231356648721e-01,9.798569731856469067e-01,5.820451974989352406e-01,1.649876336520220421e-01
1.574423462603980195e-01,7.478033037206647249e-01,3.734765564592705811e-01,4.083328832003307873e-01,4.629312016399296792e-01,9.871025861107799448e-01,8.700526395973131599e-01,1.635463062963427028e-01
1.440169894907601111e-01,9.606795186997044711e-01,5.039966967870145309e-01,4.003798461037125778e-01,4.359762078437668942e-01,8.085682222043052425e-01,6.790586386655399487e-01,1.650758806542375889e-01
5.310261424398346475e-02,5.899100957643671483e-01,9.178233805733841955e-01,4.270865675209483681e-01,5.177879867643182532e-01,8.085682095549606707e-01,8.032525432428394563e-01,1.638245339986523219e-01
9.565285264389868092e-02,8.491741931002629862e-01,6.553790415222799925e-01,4.042685841502825506e-01,4.524186919435623233e-01,6.836412424895907947e-01,5.740692045063285898e-01,1.653223347864158366e-01
8.020319625729388502e-02,8.114549608251244717e-01,8.895870432393444549e-01,3.470376837048910756e-01,5.028080700780684920e-01,6.559794066874989893e-01,6.944735855947190561e-01,1.646119814909882406e-01
1.790783696688678928e-01,6.646441523397089712e-01,2.690626880580469504e-01,3.394636334216697970e-01,5.475167948063942580e-01,9.720835916446620706e-01,5.247570990165073557e-01,1.647571464364874783e-01
8.029429022356690537e-02,7.884244570209313352e-01,9.339924481714436677e-01,2.776116820016253373e-01,5.680734099405839732e-01,6.377617591976356692e-01,1.442659748442209344e-01,1.673075436366987523e-01
1.245198207240773708e-01,8.619820259668607987e-01,4.435221914916393504e-01,4.022662701107878047e-01,4.776655481659892732e-01,7.334669369059003685e-01,4.661910214302328326e-01,1.650353435734344121e-01
1.038840956185009129e-01,9.699877112998909201e-01,9.197884095314265984e-01,2.955920023647602424e-01,4.830657438826596595e-01,7.234585629577147126e-01,5.332473370174133365e-01,1.659705295864331298e-01
1.610670317500353388e-01,8.060561240099713975e-01,4.133230391442006546e-01,2.982551945178835151e-01,5.423659031219221216e-01,8.973744289811991237e-01,1.866536672034002087e-01,1.669168343167259372e-01
1.837303026303531983e-01,9.668173985154053796e-01,3.374104763562383313e-01,3.448370158432806920e-01,4.724108748586893780e-01,8.982929109787775035e-01,5.051626534462154705e-01,1.659908610361104653e-01
1.025104335196660166e-01,9.795945238855229276e-01,8.808967442070833043e-01,3.250111804749897249e-01,5.038861722335479243e-01,6.016154888231466380e-01,2.495282651720175937e-01,1.671862110264100976e-01
1.123282494771401380e-01,9.449560431900227986e-01,8.709404420412081294e-01,3.495805889432892499e-01,5.001676834505932590e-01,8.928936683533142959e-01,3.666093753054738280e-01,1.659361814656418466e-01
9.114235772007224512e-02,7.137403722824305907e-01,6.401858089272944863e-01,4.238983106906484277e-01,4.997724300997972158e-01,7.850777054061177651e-01,4.635337578785321266e-01,1.650936395119340927e-01
9.321561169706552019e-02,1.912738527670115873e-01,2.232274267481536567e-01,3.875367314629160620e-01,6.525656385188113306e-01,7.599960873449996823e-01,4.727622288356751468e-01,1.640085903662371891e-01
1.956168450602757958e-01,9.524202505005575636e-01,3.144523994697976388e-01,3.124775196296929458e-01,5.250719426069365703e-01,9.318464137477215914e-01,3.461062509261967346e-01,1.656707801543535752e-01
1.478272694658326891e-01,7.141319030848214400e-01,1.995538059046634283e-01,4.063519049441721154e-01,4.879795232692604734e-01,7.307646206532285582e-01,4.932703550051431574e-01,1.650798751517421337e-01
9.012986363947382562e-02,8.644229568974103328e-01,7.082582510780550678e-01,4.900418092974387352e-01,4.366185114312985949e-01,7.793453184199440331e-01,4.008322082642101769e-01,1.658671488335066446e-01
8.802672353564593155e-02,7.864430290713168015e-01,9.682431798751505170e-01,3.902489137227133642e-01,5.177845567662201498e-01,9.741347269656548402e-01,4.939130711026891718e-01,1.651518195650507892e-01
1.408899938353203041e-01,9.949099745998868372e-01,3.876553856713681467e-01,4.206613370450908995e-01,4.364126301114473749e-01,6.370547363515600692e-01,5.171381327865214317e-01,1.660565385488452506e-01
9.489299850019929095e-02,8.856417192583814213e-01,8.359084247586272554e-01,3.756731774932027812e-01,4.854476938065035996e-01,7.609239766015285511e-01,6.660677122824389951e-01,1.637990630163528860e-01
7.086865901813038660e-02,2.547580570333772831e-01,6.339314001619494876e-02,4.316663002445787489e-01,6.786314649467151128e-01,3.482628041696734233e-01,4.999297331025475688e-01,1.650329550568382930e-01
8.434190970517344010e-02,9.007110481368056920e-01,9.591498822996986640e-01,3.363606003852328552e-01,5.142451653086567154e-01,5.564684522431088132e-01,2.918139483070639195e-01,1.675537682906857728e-01
7.767987428638567504e-02,7.386862795613634569e-01,8.349960571340008242e-01,4.392302724850712936e-01,5.028816543632641523e-01,8.598679075151609563e-01,5.848700235947735804e-01,1.643979141273167188e-01
1.364176266221631406e-01,8.276981073057054772e-01,3.621842189841454340e-01,4.172379240961394675e-01,4.538840924211301475e-01,8.007381545433178704e-01,5.845250554401124621e-01,1.650127287465417425e-01
1.069196171358913483e-01,2.462143568469242760e-01,2.195144894543224756e-01,4.016983529503179717e-01,6.220600661557734723e-01,8.017160421577778084e-01,6.473178631342344502e-01,1.631273181887773205e-01
7.347537582950081081e-02,8.057091594861159889e-01,9.417929927958149650e-01,3.353234052137818444e-01,5.440259507492032354e-01,6.231244141654208590e-01,4.706115231803877363e-01,1.655274015088383510e-01
4.943883352394509711e-02,1.441142017419415611e-01,1.158803690241875239e-01,4.310047008304155880e-01,6.970592311470675817e-01,3.883519046535544028e-01,4.644430944988715004e-01,1.653217546438875973e-01
7.202396704318653198e-02,6.616342489243930425e-01,8.002889861998101484e-01,3.435876562762775199e-01,5.337556217822524429e-01,7.506225800937205150e-01,6.523852603333127886e-01,1.641302070875288455e-01
1.923334762743321713e-01,7.880462357510937821e-01,2.414362501412900541e-01,3.523387989888779881e-01,4.993296311481795757e-01,9.370508187916294363e-01,7.335175140933933857e-01,1.641239832184326897e-01
6.607557690860035859e-02,7.713323715848635631e-01,7.515389450202940580e-01,4.406771319401354137e-01,4.867564712039950670e-01,6.295435165311619174e-01,3.646856968093713514e-01,1.658755825576348764e-01
9.427780350681293220e-02,8.309740094177736625e-01,7.204463347123034600e-01,3.485839381936363668e-01,5.005349466745387943e-01,6.701682514386285705e-01,4.215825067540878157e-01,1.661468946070267516e-01
6.364590624470281566e-02,7.155889421953841589e-01,9.524050576631792886e-01,3.543277013929105879e-01,5.244978557531975172e-01,6.130500153203026770e-01,7.655425740039187854e-01,1.644012932007946626e-01
2.155627226797278972e-01,5.110646283121682565e-01,6.526023828885751943e-02,3.233446262745741651e-01,6.008794769038947603e-01,9.511010380373701167e-01,5.247978819700866993e-01,1.640354854104869309e-01
1.875926855601969256e-01,7.446006305872836517e-01,2.540232619290399008e-01,3.200871244614522659e-01,5.530315030822795519e-01,9.343938516558144558e-01,3.465718102226372777e-01,1.658698572544031746e-01
9.341907524357916104e-02,8.427748721135008836e-01,9.135174715926975830e-01,4.021421032356177760e-01,4.717371284682392307e-01,9.670788338997273748e-01,5.646554486696392372e-01,1.650180831434521489e-01
1.473429899961657963e-01,8.917467328452890474e-01,3.026409843607388295e-01,4.327151090567518121e-01,4.281200800455389199e-01,7.356724298436878584e-01,6.122726520016932295e-01,1.649491467556699065e-01
7.677464421006664763e-02,9.270280879312337019e-01,7.463498456321078223e-01,4.248977518517096930e-01,4.702178234098411402e-01,4.203909426406024497e-01,2.453692750008186207e-01,1.673477622305864776e-01
1.574590500543917582e-01,7.253541952282613892e-01,2.703836103912576894e-01,4.279477603517135020e-01,4.541842007929651759e-01,9.145300850665244452e-01,7.886942764498410252e-01,1.639911647203563527e-01
1.466924927794787392e-01,9.167908823788718520e-01,4.860522051231858098e-01,3.599744027131679402e-01,4.498129258716179191e-01,8.742059123763190609e-01,7.361294610054225362e-01,1.645179007559645912e-01
1.068434766035671613e-01,8.452223519720600819e-01,5.696451082811386790e-01,4.585620613412159097e-01,4.491776940314607391e-01,8.075542944904815501e-01,6.273539733785659100e-01,1.642818619663222734e-01
8.117807882223990190e-02,8.376443473140264828e-01,7.984409205557750910e-01,4.772156193849561578e-01,4.382852785398381190e-01,7.970381638575121386e-01,5.960430532253079283e-01,1.648213013418787232e-01
7.438363465848954470e-02,8.500661611642690296e-01,8.109497054054775056e-01,3.935872608155914221e-01,4.736500537283366286e-01,5.591362966938010493e-01,6.315158779766892883e-01,1.652291335122384186e-01
1.653180522433795041e-01,3.895654100703576650e-01,1.630368252225787851e-01,2.750775115051384834e-01,6.372506072353486539e-01,8.387570613120245433e-01,4.358438364497773110e-01,1.648631022616287023e-01
1.378380512065998653e-01,6.425797781985341794e-01,3.174642880260719613e-01,4.121576712377005847e-01,4.820214840349538732e-01,8.606270749647396689e-01,8.451427220894768277e-01,1.631620468482562758e-01
1.025649086516566416e-01,9.640295199644848267e-01,4.142869683947809079e-01,5.140892353172085150e-01,3.907794340426026802e-01,5.047514026707222712e-01,5.125010034530999015e-01,1.661398994638564885e-01
1.291800340488746535e-01,6.670461652728432167e-01,2.195720623520228121e-01,4.572414507081036805e-01,4.629071733643912445e-01,7.298460095345320475e-01,7.222563342166948841e-01,1.637211977986601785e-01
2.143479433982081461e-01,8.768264546518174107e-01,1.882793411211326484e-01,3.552178612667532542e-01,5.130126304185440578e-01,9.710773754099877308e-01,2.545471967700330129e-01,1.661958218035551604e-01
1.799115860659731281e-01,9.227323304814453175e-01,4.300659987719912536e-01,3.323784935812570951e-01,5.172487451849127060e-01,9.913723420202980030e-01,2.358910139960019303e-01,1.669691642880023474e-01
1.504010981321397544e-01,8.717171510286116920e-01,4.107641033794571239e-01,3.830644728004555799e-01,4.924068872112764006e-01,8.341459717434546173e-01,1.972305222616787534e-01,1.669624490655240434e-01
1.950834028588817326e-01,9.388257008944218551e-01,1.036213656240613790e-01,4.021466523934530413e-01,4.603087542395866150e-01,7.142440533157199400e-01,3.964839030391272279e-01,1.664422745105832158e-01
1.374351705161059589e-01,9.258180658081525127e-01,4.108550911400748462e-01,3.526678618895372486e-01,4.866002364921823697e-01,6.641833295319589103e-01,3.399161265113500585e-01,1.661950299922338725e-01
7.721594978388976460e-02,8.615955591601288655e-01,8.737767100230022788e-01,4.395955477130448763e-01,4.802919191648100106e-01,7.225091794222027186e-01,5.198567102727089662e-01,1.647680023799134030e-01
5.967866213483460219e-02,5.864660862545503228e-01,9.383172594981346037e-01,4.299184750350053541e-01,5.159818194401665226e-01,9.784437214029848562e-01,6.306183310096369343e-01,1.648302553382350044e-01
9.574848023794840790e-02,7.368213935457819108e-01,6.118899181924341013e-01,4.178872821480604793e-01,4.835935695912569887e-01,7.913466738873360384e-01,7.280370252150282218e-01,1.635657463044565829e-01
2.261028927426256829e-01,8.797406177615463285e-01,1.376254150156775991e-01,2.963584118260933487e-01,5.243091419422893917e-01,8.641948042346457859e-01,5.773330130584916065e-01,1.650826716344036549e-01
1.278284056812815650e-01,8.313089657575483127e-01,3.146143953015039241e-01,4.130796779526366147e-01,4.913642264272449212e-01,6.193341660514980473e-01,2.574036578752533222e-01,1.664034982549708608e-01
8.504518380384681886e-02,7.872156949750280797e-01,8.498024224311986341e-01,3.901353759250060782e-01,5.240208259333376528e-01,7.737645170706018982e-01,4.192979833101935228e-01,1.651287656299122164e-01
1.286730887410804935e-01,9.726607549304044920e-01,9.009749444093240189e-01,2.402938116402173196e-01,5.160878460958115976e-01,9.632699938061423106e-01,6.218676882164686504e-01,1.649583960047763254e-01
1.348572864876677602e-01,6.213786470131411610e-01,4.247096623839421992e-01,3.497462157898230117e-01,5.029981357444911483e-01,9.582128180627400571e-01,7.842976697425272370e-01,1.639309282777167143e-01
8.287890812134489360e-02,8.754105167080797889e-01,8.481164617967248409e-01,3.762955335936222223e-01,5.140821906118858697e-01,6.082659802766766655e-01,1.485343334898118761e-01,1.667930089884823164e-01
1.273459117078942771e-01,9.737948007252534843e-01,6.821220821747363550e-01,3.607676430090109854e-01,5.144656693186822061e-01,8.392873659176238732e-01,1.871016833619926212e-01,1.661278705536019529e-01
9.968743021716246211e-02,7.458285301847625837e-01,6.455702680937318583e-01,3.223293727925433116e-01,5.450552370674817126e-01,7.147480816954889793e-01,3.315261784559058733e-01,1.660875291455266578e-01
7.583683692332486570e-02,9.079611739043429441e-01,8.866269191004925165e-01,3.897123350395552688e-01,5.126428494365582456e-01,3.732989079570906421e-01,4.094498586491718828e-01,1.665108868066644821e-01
1.240555088019303087e-01,1.558315393365767854e-01,1.728599719735818274e-01,3.564898288328784415e-01,6.227207714050451148e-01,8.652263455239106449e-01,6.666045892240877180e-01,1.637857330523060928e-01
2.068189091947204017e-01,8.035927562805724733e-01,1.153373046417925929e-01,3.320982811421696046e-01,5.173278414029166550e-01,8.262823052039238725e-01,5.923564676011103813e-01,1.649699869334534941e-01
1.171914645065695038e-01,9.504123590526819543e-01,6.970442881998709650e-01,3.893228109284418981e-01,4.370978193540087653e-01,7.926830148971747425e-01,7.919473462089190452e-01,1.643790659889395878e-01
9.752277341720461123e-02,9.470569197295363173e-01,9.475017819222766313e-01,2.748288036854348304e-01,5.275955616269794035e-01,6.335120839984121899e-01,4.772515345541306075e-01,1.660432555591773440e-01
7.607365732799215019e-02,7.188140684769025457e-01,1.918646851219979466e-02,4.997351317856119635e-01,5.087134531451873443e-01,9.021571645355574987e-02,8.239355653226499987e-01,1.648022257595778139e-01
1.023632316288711069e-01,9.955267004837753397e-01,7.794791432902496986e-01,3.348612979200817907e-01,4.987277249016065506e-01,6.052939367872369747e-01,2.853755475690941124e-01,1.661517548609005579e-01
1.624220379039936768e-01,3.035391084141577656e-01,8.228297636927506264e-02,3.554077614697112031e-01,5.920134997805907018e-01,8.696648015319429215e-01,4.611597828750515493e-01,1.647674866616835321e-01
2.473645065799264797e-01,7.078803207427011301e-01,7.396426053496235609e-02,2.808583166095161010e-01,5.642748658957287278e-01,9.815621045864042493e-01,6.800357262299866479e-01,1.641721612481870651e-01
8.187830762843259502e-02,9.617932149166557032e-01,8.320571611927967126e-01,4.264905852032723210e-01,4.630773856849190739e-01,4.805298832075315940e-01,2.931181695924987007e-01,1.672955002529296908e-01
1.167926377075157590e-01,8.396543437787096220e-01,7.521704873225825150e-01,2.959093286458914784e-01,5.398869798103517192e-01,8.713387904924698724e-01,2.128823243784990216e-01,1.667781854454735146e-01
1.210825823940586410e-01,9.318515558133699805e-01,2.963210996987775125e-01,4.761177174410007318e-01,4.129064135975819561e-01,5.182966697840036829e-01,6.647084189703663659e-01,1.649793862738757888e-01
1.509137599111586014e-01,2.218871734001892082e-01,1.281971942317578494e-01,2.916259168208009678e-01,6.420966652866781921e-01,8.447923796873062496e-01,5.458581839830298765e-01,1.646601617570754295e-01
1.221062834700516742e-01,6.177098432950318685e-01,3.140809531855514036e-01,3.905016674729930304e-01,5.123059578273295722e-01,7.720244080640742412e-01,5.283258606086993492e-01,1.649182813949665316e-01
1.243491085517311329e-01,2.804463051428678355e-01,6.664031613864285220e-02,3.769300966057309576e-01,6.041820588914202927e-01,6.881498212788050850e-01,4.466770542268744815e-01,1.645623573888299884e-01
1.236624984490523882e-01,9.760100332745470508e-01,8.307829683584242453e-01,2.385298517989075662e-01,5.560753672694486172e-01,7.743473386859378582e-01,2.073978262113031490e-01,1.665435526517516918e-01
1.165436318628807061e-01,2.163927857238646113e-01,1.069576150646421864e-01,4.167721532109611715e-01,6.041586538911899451e-01,7.337703233223057397e-01,6.602804464329358192e-01,1.631910975635778860e-01
6.984644895219668803e-02,7.875154827133226121e-01,7.523736316223420539e-01,4.070263154715890730e-01,4.786337472854598207e-01,5.344403873345027201e-01,5.686624861793532215e-01,1.657443650405315549e-01
9.145394892799649234e-02,9.133793921312873820e-01,7.128969833740403939e-01,4.474865856465617409e-01,4.115329044508909129e-01,7.136067939574114449e-01,7.825976702882909697e-01,1.638747108464339575e-01
1.910423114969634073e-01,9.014384394704446635e-01,2.925857656601855150e-01,3.077391956517649407e-01,5.432891100805049556e-01,8.910057725519546779e-01,2.346492374131599612e-01,1.660437698032766196e-01
1.759751044343990656e-01,8.218152092421792121e-01,3.230205288969435484e-01,3.690536607406023073e-01,4.965534862535270766e-01,9.464894683304766465e-01,4.849780958236310502e-01,1.653537712944853910e-01
1.194748151644110939e-01,8.309706268987080424e-01,4.223990294169345794e-01,4.626388471006493419e-01,4.498195669273333253e-01,7.349260540347922754e-01,3.521057178037813040e-01,1.661726827583380195e-01
2.116787398226193939e-01,9.834351720182581413e-01,2.230639607402288838e-01,3.525233840497927762e-01,4.863899743462223313e-01,9.246694391633624166e-01,3.575648401568214396e-01,1.666199730807227386e-01
1.918130013672306733e-01,4.842613813928857147e-01,7.380063199308045663e-02,3.410431004514766773e-01,5.863343816284274368e-01,8.854769413585603655e-01,4.253975597390056151e-01,1.645020572116076274e-01
8.432359052622384610e-02,8.195325732774904059e-01,9.550892794836546296e-01,3.317084337032175645e-01,5.418273315541533020e-01,7.847767449612194079e-01,2.701710436849530383e-01,1.664165943852597973e-01
1.866011579084478345e-01,9.842729005784119911e-01,2.687622700832134059e-01,3.988203246487510567e-01,4.499040037921627766e-01,8.278674970350853313e-01,6.976341839764984565e-01,1.646538279563278806e-01
1.169532987045183436e-01,8.597517192842113465e-01,9.586973772466341748e-01,2.395261196028525830e-01,5.568698121081321339e-01,9.901381900471787345e-01,5.103687533733897164e-01,1.655555916287016205e-01
1.176273429814058552e-01,9.631188068733630425e-01,7.130897988146891464e-01,3.248563768831275178e-01,5.160251992070165050e-01,7.223851463342776391e-01,3.228177472551780891e-01,1.655949223791364222e-01
1.290900098041192490e-01,9.988261040310839611e-01,6.438279097325052547e-01,3.326425643886261607e-01,4.993726198393343974e-01,7.489834686496280591e-01,1.051734978923712927e-01,1.671636871291200532e-01
8.470863847138881964e-02,8.634052862447137988e-01,9.312397671928646092e-01,3.942616687159631317e-01,4.981300864229299963e-01,7.990088987430131739e-01,2.530748265519581208e-01,1.664857074076716847e-01
1.063616061820261277e-01,9.333528078928613470e-01,8.503200777669890353e-01,3.302566267200399142e-01,4.758579268119845773e-01,7.814018778016535993e-01,7.217123207724847056e-01,1.641821268198087047e-01
1.487623648694625655e-01,2.840719473535425754e-01,2.379350237095460285e-01,3.178963155407438235e-01,6.149896582529589262e-01,9.776944191696106401e-01,7.334933069547007189e-01,1.632275478820375547e-01
6.227846464416351979e-02,7.583802490384528028e-01,8.090981472647695849e-01,4.275356611322991829e-01,5.031790615283030510e-01,5.602592670172690248e-01,3.274139875293491375e-01,1.661812562037577601e-01
9.044937041850298343e-02,8.218516973288547689e-01,8.470308194736304586e-01,4.286259726945910176e-01,4.592682469285371827e-01,9.177957694240166386e-01,6.275196309849889742e-01,1.650954540847917873e-01
1.112608048254076498e-01,9.569141119354063196e-01,4.437531317215070437e-01,4.668664444194851604e-01,4.543378251501057896e-01,4.963566477476216710e-01,3.502341278592352447e-01,1.666377624706395499e-01
1.167055575504697268e-01,3.379392352172587155e-01,1.051587374720454604e-01,3.814047980644706959e-01,6.161046321190236652e-01,5.861064243761016090e-01,5.448752652526892559e-01,1.643489624446108632e-01
1.517162382855224145e-01,8.989376736705435578e-01,1.922193609130867231e-01,3.854695495939785554e-01,4.850403513890583773e-01,5.222007939289921019e-01,5.112425540486460473e-01,1.657761569549669189e-01
9.346701456690748033e-02,7.277288743779588565e-01,6.378856560302521572e-01,4.137831089884827507e-01,4.888015181467905146e-01,8.580405535720968535e-01,5.173999265705242490e-01,1.645195388532701419e-01
1.296822370809348757e-01,4.383301692400473071e-01,3.015044762286998581e-01,3.373768021970828812e-01,5.834768577319030536e-01,8.554087169602632157e-01,5.428421018386946351e-01,1.645606631346012427e-01
1.013844219442477934e-01,4.812694482362395720e-01,1.704969379150124698e-01,3.966642986202160159e-01,5.806370598324603893e-01,4.927336895306018150e-01,4.478016096614984565e-01,1.655818097616950368e-01
1.372207011541401456e-01,9.347566582189821283e-01,5.019902817799545280e-01,3.748403969675283554e-01,4.660625022734384837e-01,8.009265422614255669e-01,3.670609472442815102e-01,1.665796399752211276e-01
1.849842475203379299e-01,7.932639938828186521e-01,3.745794019277771669e-01,2.758639092015642835e-01,5.303071400304634198e-01,9.968436529950117642e-01,6.345754245432280172e-01,1.649607009067420027e-01
9.914356940704242838e-02,8.063965717805805511e-01,6.572924582738766119e-01,4.354885806080291966e-01,4.568435538195955159e-01,8.620613276111739331e-01,4.116013553877753139e-01,1.657089018481388287e-01
2.262361881072609271e-01,8.549212188385402200e-01,2.631888991404185418e-01,2.130852166390611868e-01,5.918993231193149240e-01,9.746149503946072157e-01,4.219818109168644860e-01,1.657030122194709798e-01
7.896227246922474241e-02,9.535646115633702458e-01,7.174984757177904626e-01,4.179898606756425328e-01,5.152010600351611957e-01,3.161751606218344279e-01,1.845056717658351553e-01,1.669120253931020981e-01
8.416777138846114059e-02,7.813388080920720125e-01,8.521889388782217800e-01,3.604641488205284627e-01,5.482669018557005947e-01,6.827248801585460436e-01,1.229091151045043628e-01,1.670756582279561975e-01
1.627765853712991873e-01,3.448916795798812052e-01,1.651426562023332600e-01,3.395137249021166204e-01,5.629589224510735956e-01,9.658841961649979879e-01,8.079011700854423772e-01,1.630471658177900240e-01
5.403726255791845012e-02,7.749297521749636264e-01,8.251224183428718106e-01,4.045311020602330720e-01,5.187401258963920681e-01,4.203187124735697222e-01,4.530607954363651269e-01,1.656698407286995300e-01
1.012100967664052026e-01,8.457487973301724971e-01,6.146001027418446228e-01,4.057116455509021669e-01,4.936637160210074482e-01,6.877534103924538567e-01,1.183391971039598478e-01,1.672217845740276709e-01
1.058033338630469250e-01,9.107261633344548857e-01,7.495598074506206743e-01,3.095424576349909973e-01,5.201668355362096818e-01,6.120072736767985244e-01,2.272620674438429744e-01,1.672953211673645912e-01
8.895100376714643042e-02,8.661919224997974842e-01,7.969367966780978030e-01,4.021571305265582152e-01,5.110435827476476067e-01,6.690682020857288137e-01,3.569173632100735016e-01,1.655569369979345562e-01
9.670463517748809079e-02,7.798278570790027064e-01,6.556573634376086090e-01,3.950321856840264823e-01,5.080008849524383363e-01,7.825894782986515530e-01,8.326086542923943901e-02,1.672313976975084993e-01
7.566148419226650934e-02,4.579217217107895976e-01,6.941977702594370747e-02,4.817610925599397076e-01,5.557055850423837651e-01,3.048390455398494736e-01,6.785077991261627695e-01,1.647600101442367460e-01
7.796056410899404598e-02,8.239694732891228446e-01,8.403459152102549234e-01,3.619245949798902684e-01,4.905480310416885370e-01,5.533707513696686231e-01,6.027669646153014371e-01,1.654813216274986509e-01
7.003738585894311863e-02,6.870877879773584773e-01,9.129257214815540422e-01,3.134479929685018984e-01,5.700679297468147499e-01,7.582547572185305285e-01,4.333737555233034278e-01,1.653619090772768807e-01
1.034338978666058811e-01,8.919028136477864521e-01,9.592266608361725844e-01,2.613012643046855876e-01,5.442148652846342527e-01,7.506931634583294821e-01,5.774881022953878285e-01,1.652166142064873111e-01
1.650077778894482872e-01,4.497134085334525411e-01,1.932988377353715981e-01,3.707562504203453235e-01,5.687509619388908533e-01,9.460249980192134700e-01,6.416489514423355800e-01,1.636681713027640372e-01
8.552362300734735190e-02,3.193951600176701544e-01,1.731590221427933285e-01,3.930590758680563845e-01,6.113201505177968675e-01,5.171965259134891912e-01,6.615930032567494123e-01,1.638988686774013881e-01
2.099682830036304626e-01,7.792746621557737896e-01,1.166119122429941091e-01,4.053404804621534296e-01,4.874046997469479447e-01,9.452295433074917597e-01,7.152080288545127340e-01,1.638505404401181809e-01
7.919642072928381737e-02,7.285521492552725631e-01,9.472633030677881649e-01,3.405149025328928492e-01,5.532821307445580095e-01,8.310109710352904244e-01,4.821473454574233819e-01,1.651661874207956682e-01
5.686362415073863141e-02,6.281636241149537447e-01,8.448575521373503650e-01,3.983726432573641563e-01,5.442467622889046730e-01,7.775812904387131574e-01,3.430111581376839025e-01,1.653663505438907333e-01
5.657726706545536388e-02,7.727776616974190160e-01,9.358631211921532023e-01,4.384542180673529632e-01,5.030746464205265722e-01,5.410333743575101995e-01,5.281703561729403917e-01,1.655893167822961864e-01
8.567451809276548091e-02,9.781135118228792003e-01,7.880371038838380748e-01,4.489366361779993375e-01,4.653672365548222611e-01,4.718006935926236101e-01,3.882205828180031459e-01,1.662125099028024522e-01
1.092801376699207849e-01,8.897616864118875757e-01,6.036520519859022160e-01,3.674295533856139495e-01,4.789446220140304300e-01,6.952594058003501720e-01,4.478875206930788555e-01,1.655944751487007371e-01
6.975626505776894026e-02,7.006093317499089146e-01,5.690718403696811700e-01,4.798087371421758673e-01,4.859579723059471168e-01,5.702209541471476850e-01,5.893441855795684692e-01,1.645003010079353900e-01
7.315461968904868328e-02,9.338460865625115570e-01,5.845321566508107081e-01,4.698774434668657185e-01,4.583117601868959556e-01,2.591687268198247796e-01,6.350683354685634496e-01,1.652536975735955094e-01
2.424737050414835227e-01,9.992034627298094218e-01,2.324528802041365694e-01,2.291894841262558102e-01,5.524951804869636662e-01,9.829844027305258969e-01,3.882691803401484010e-01,1.664926584156682654e-01
7.031675327030888212e-02,8.188957926365552087e-01,8.732544499187422371e-01,3.549152462325694812e-01,5.452076583296626699e-01,4.811785669747935534e-01,1.831513322312970926e-01,1.669096368126203878e-01
7.392074776279891624e-02,7.834781864927843342e-01,9.194032579090035684e-01,3.486037887327483320e-01,4.998499945450897153e-01,6.268212522555925981e-01,7.197596767065109757e-01,1.649702935614004440e-01
1.312323316609385615e-01,9.108481559112454606e-01,4.372370819917721363e-01,4.802178535086410460e-01,4.148071905001249338e-01,8.064400598174644719e-01,5.036230885589010331e-01,1.654827964914650507e-01
1.609938212124804591e-01,8.495759005554548438e-01,4.152685154313997540e-01,3.356201795511917774e-01,4.853822734732022859e-01,8.981033358243527553e-01,6.085521890618384999e-01,1.656430854762262761e-01
9.782986630131590422e-02,9.265007469505724957e-01,5.143025860683406725e-01,4.353754242341150715e-01,4.563837500080897835e-01,4.401853994138268944e-01,5.374747231849880125e-01,1.659040277582790601e-01
1.310746221132657319e-01,8.581867910814974243e-01,4.984614286145542805e-01,3.999650726415105995e-01,4.782662035389473876e-01,8.017813413818234425e-01,2.776164619714420190e-01,1.669885770729769847e-01
1.106034513534269320e-01,9.686900890165854872e-01,5.110073362672681307e-01,4.010816319876974734e-01,4.601911883644726475e-01,5.026524264940428477e-01,2.782939296062511003e-01,1.671816107705789978e-01
1.404986973677873063e-01,9.082919994550436860e-01,1.939836538781519737e-01,4.837468014900161983e-01,4.150628010801842294e-01,5.737239581528856824e-01,7.378084677779186418e-01,1.645329966336215033e-01
9.739611022459063183e-02,9.811278120068758213e-01,9.939107652756244971e-01,3.700330998856266596e-01,4.596655544904141300e-01,7.479504674680591547e-01,6.327800812113675288e-01,1.653846657957967758e-01
6.450147835022437826e-02,6.898455879346112596e-01,6.844946427625977492e-01,4.999669596037827901e-01,4.777534378898722345e-01,7.279347911622634504e-01,5.094802646823686221e-01,1.647682765130506766e-01
1.584729524229824549e-01,9.071722889837809944e-01,5.644471076801371723e-01,2.684488708524685463e-01,5.328127163832117041e-01,9.623513129545397948e-01,3.550773151303530106e-01,1.660226579987508777e-01
6.646670418102429423e-02,7.394704678178667390e-01,8.073626006680281186e-01,4.660038513539565552e-01,4.782358757694561979e-01,7.720684183108172949e-01,5.975186730382335831e-01,1.639749880452220088e-01
2.283589589980208334e-01,5.139127576169015832e-01,6.785035648903042782e-02,2.579452613947360584e-01,6.296158142150468651e-01,9.921947619475687263e-01,3.570133723193921194e-01,1.650512192665692934e-01
6.782766825589203741e-02,7.838750292094380789e-01,8.336840438406740716e-01,4.402251958145666499e-01,4.878578267946652725e-01,6.365031395984007689e-01,1.778695097590984320e-01,1.676030812164557848e-01
7.561982608508741044e-02,2.119761509759995333e-01,2.836191515739360791e-01,4.251329772942898932e-01,5.992831623807970409e-01,7.323845513567791565e-01,8.351394563177385599e-01,1.622320433218255031e-01
1.806445108123730936e-01,2.030947002989298422e-01,1.629293727336921238e-01,1.893956217086153748e-01,7.017847266674615003e-01,9.751791959914606345e-01,4.443703944155838470e-01,1.648634912501643901e-01
8.668608702772892527e-02,8.518559863828399914e-01,5.532917549394079648e-01,4.802412442697427952e-01,4.415322717789296192e-01,5.627725140940849080e-01,4.896898165018753191e-01,1.655732468545986213e-01
1.031143470888109259e-01,8.980167250943058566e-01,6.067024861975515160e-01,4.593646488516842097e-01,4.677694472396608516e-01,6.958135091891741730e-01,2.129140964753218901e-01,1.667887899228850668e-01
1.768280628591506476e-01,3.007249173936922815e-01,5.420279332222327495e-02,3.678527056401217354e-01,5.830148149906375643e-01,9.316850939389771380e-01,6.396254406513166568e-01,1.632445970313467776e-01
1.878857370428526630e-01,9.515746658504538047e-01,4.475348674219109535e-01,2.643548980104319934e-01,5.315517770556352772e-01,9.512062808649073276e-01,5.848486794233622721e-01,1.652157724494834334e-01
9.493081418849484698e-02,8.574683519118545538e-01,7.336891913922269914e-01,4.649032686521575863e-01,4.483094086792931421e-01,8.670103541417495396e-01,5.958079214402753898e-01,1.642259106156214454e-01
1.724800648935806979e-01,8.350503364100845261e-01,2.591685863996514572e-01,3.500767740049448018e-01,4.790020849778109380e-01,8.075466889299586226e-01,6.373565708644981509e-01,1.649579273879157315e-01
7.139467661026255296e-02,6.982240867925126881e-01,9.147085446727321045e-01,3.623595087731750763e-01,5.375554257545550607e-01,8.057291009737951315e-01,5.738841132585340565e-01,1.647429670700875648e-01
9.901364559604992899e-02,8.811593344232514502e-01,9.025795381603739509e-01,3.128204464509106719e-01,5.176668760525583446e-01,7.450820751059353819e-01,3.678507360847634855e-01,1.662936607768802921e-01
9.305956109550359012e-02,5.960504953931614613e-01,3.482364208728777610e-01,4.308674058993928191e-01,5.252523412550036408e-01,6.194543993276747651e-01,3.716094745445650549e-01,1.657489238944515053e-01
1.450951720199649686e-01,2.372797375229069305e-01,6.992652942331550880e-02,3.443836566001933219e-01,6.468303997129496441e-01,7.787577839175393590e-01,4.419896212393235047e-01,1.640295024105918320e-01
7.751378616078896666e-02,7.998351607862549395e-01,8.775878709958612189e-01,3.427580814463618286e-01,4.964855943902805047e-01,6.297663487085876088e-01,6.587125667028611575e-01,1.648644920397072389e-01
1.690170233502724662e-01,7.269355390344028889e-01,1.313734321944560746e-01,3.962397957266684534e-01,4.722468599862949534e-01,7.287540574247979297e-01,6.381987541642575312e-01,1.649705316569130831e-01
1.262014598540506516e-01,9.855079579419960822e-01,5.902095443918365936e-01,4.454811825867161512e-01,4.183434559977686762e-01,8.495077810487290382e-01,5.791212662322315907e-01,1.653631280054488895e-01
8.708841454231985857e-02,4.838569930641452577e-01,4.698014217756910638e-01,4.097455679651401117e-01,5.325532978851462707e-01,8.084962195442453314e-01,6.232383802844521092e-01,1.642400535718555876e-01
1.700543780282838258e-01,9.168040237759447209e-01,2.757219349766142358e-01,4.113724957745302779e-01,4.604050847376552902e-01,7.844846876735790397e-01,4.147014141185308977e-01,1.663257639870935889e-01
1.012334411713230048e-01,8.305660277021741367e-01,3.580965968753295758e-01,4.682090401811178637e-01,4.470023857251275157e-01,5.111154794591499240e-01,4.239793188151991798e-01,1.662799977956866126e-01
7.041260291534637283e-02,6.454373867329881165e-01,9.067260664229679357e-01,3.884584758290797746e-01,5.419742379519134623e-01,9.343759454769139383e-01,4.087587176349406493e-01,1.658339931164186654e-01
5.820413572329016794e-02,7.636169469833844481e-01,8.258714128351125616e-01,4.890669815906232842e-01,4.905585885394367907e-01,6.068311661096610354e-01,4.828131265449695508e-01,1.648657536976207705e-01
1.720772426823668488e-01,9.865424716722602794e-01,4.154456554205493979e-01,3.338758037849086091e-01,4.868180022022151610e-01,8.347944311805486350e-01,5.718845453234775444e-01,1.655100043176161995e-01
1.563074584066333483e-01,5.741811002440559975e-01,1.643759698439932748e-01,3.641578303092998237e-01,5.270427915267988928e-01,7.710980943327361281e-01,7.767829074543435297e-01,1.631226458258818457e-01
1.601813903803637751e-01,8.790258970493689539e-01,2.770630853332341492e-01,4.217018593206943722e-01,4.613748089800778218e-01,7.433591245622136467e-01,4.508756157697608735e-01,1.659874660421781500e-01
1.768103503624858797e-01,9.989049311410667098e-01,4.903101397129732142e-01,3.110094185198267747e-01,5.030698583303708782e-01,9.510031130928034981e-01,5.632927251972157379e-01,1.650381235898217558e-01
1.826223110891363188e-01,8.829657450317901501e-01,1.223099887144810105e-01,3.884206654275908499e-01,4.934259101662650249e-01,6.807226264334669263e-01,5.278600314205424970e-01,1.649117771987316516e-01
9.152634466256695522e-02,8.369238066075206373e-01,9.366479453446454606e-01,3.935183843080243826e-01,4.500489287959535400e-01,9.093804811655084031e-01,8.452919912513390255e-01,1.646075447452168272e-01
9.089399090912973767e-02,9.387403352397298839e-01,7.347447751744340394e-01,3.825736690793797301e-01,4.837369113231879680e-01,5.238051069383122815e-01,2.061767455565995943e-01,1.675465209038968784e-01
1.520827351582161036e-01,8.150322961998887061e-01,2.325350385231519657e-01,4.091895302128429890e-01,4.748226933921669279e-01,6.947284798638782011e-01,5.630828221370280939e-01,1.654581439108812613e-01
5.987183607246642641e-02,8.580364026122213605e-01,7.597255678180778737e-01,5.048148322688719158e-01,4.617929745363243965e-01,4.273034995527738023e-01,4.145710068104677681e-01,1.658564455224101342e-01
1.276881330512810719e-01,9.384351848919921801e-01,3.599848530037935701e-01,4.896965123994460045e-01,4.073578400347113715e-01,6.659930238478516396e-01,5.146451116076724563e-01,1.660911047684870689e-01
1.479786492290387223e-01,9.458713916425711687e-01,5.854440504178066718e-01,3.078159142447211005e-01,5.163187697916384877e-01,8.516412257200621783e-01,2.340166955921657577e-01,1.668637753564552462e-01
1.002436045827508060e-01,8.186874284818139724e-01,5.339355547641794209e-01,4.721921271330699055e-01,4.198338647610198038e-01,6.881382725721901794e-01,7.615109680799875269e-01,1.644137005943706598e-01
1.005597511072443551e-01,8.333568182645866296e-01,6.970582982931817773e-01,4.230766617360908755e-01,4.866958055245024783e-01,8.692037924802623605e-01,3.931136633674939818e-01,1.654462500455475271e-01
1.257476684219675234e-01,8.517915258227056752e-01,5.146530570638390145e-01,4.556662552518209730e-01,4.213476479074890202e-01,8.979640648042535034e-01,6.834225474285458013e-01,1.646631665610917006e-01
1.641908550179854431e-01,9.212157498699871105e-01,2.745580548156524303e-01,4.618474924007974769e-01,4.181002676545488295e-01,8.282525890512624223e-01,7.478429044029126782e-01,1.642207091844604394e-01
8.106515246643219985e-02,6.333174095403015791e-01,7.509549312221389661e-01,4.123599720876954255e-01,4.875725999050302129e-01,9.308166159171521459e-01,8.650045259622424210e-01,1.635278659856402583e-01
2.119065065830250949e-01,8.312803176826054630e-01,2.055298139659658685e-01,3.206309470921491767e-01,5.132600704660595925e-01,9.343578850722145113e-01,7.066781030128276297e-01,1.643154964993469858e-01
1.629228055677990616e-01,1.174854167304454355e-01,1.292315922294631769e-01,2.688500174667023401e-01,6.904295896091904305e-01,9.498801398155974907e-01,5.090750407945842104e-01,1.641390452827043711e-01
1.767975564575785807e-01,9.304754355043887148e-01,3.502647144930309819e-01,3.878651090332702056e-01,4.361419830960129307e-01,9.177754211101784021e-01,7.506974738495597599e-01,1.650443644971326951e-01
9.648125882176550316e-02,8.896571810372209121e-01,8.415830865683640027e-01,3.719955163333109049e-01,5.073488234625017634e-01,6.964511983326530098e-01,4.075543245078909194e-01,1.655675521683107332e-01
8.850525839248692128e-02,8.633204922182848851e-01,6.511569280723381592e-01,4.690287883791064982e-01,4.536710096216434174e-01,6.832987670322072660e-01,5.377245900581255622e-01,1.646449349883460922e-01
2.383206082349432209e-01,6.517713152577671032e-01,9.375318250182840263e-02,2.311468924607009978e-01,6.074297485504558392e-01,9.639600126461281837e-01,4.508491867547252951e-01,1.651348906438951103e-01
1.525962913697967438e-01,6.802668657059565138e-01,3.505127054494657779e-01,3.259882093288626881e-01,5.324712608223765020e-01,8.854582880244754595e-01,5.140955985655895066e-01,1.656011519462505244e-01
1.671940563631992283e-01,9.033581328471540495e-01,3.637858853255662162e-01,4.232946144667332766e-01,4.585998952275641138e-01,9.215383333538850197e-01,6.743247097947064894e-01,1.645163156243555913e-01
9.846239523005148597e-02,7.310164258158272643e-01,6.005754176617553730e-01,4.285304271037802537e-01,4.809596679344674830e-01,8.165756638305110560e-01,5.630478237589860990e-01,1.645840235142603802e-01
1.128436640846547517e-01,9.894863882526012677e-01,7.433102019452375586e-01,4.235272090060821504e-01,4.775317698076859130e-01,7.774889582622923623e-01,1.878988314465990239e-01,1.662733406949672144e-01
1.595938041908700200e-01,7.186778297338878296e-01,3.691044156635014395e-01,3.162639750422204798e-01,5.137784718655252769e-01,8.953092420907673432e-01,6.333765042228574060e-01,1.652088513051612473e-01
9.097095714926427268e-02,5.893688430915005050e-01,5.927294815486392476e-01,3.585279917281281037e-01,5.564219675302191082e-01,8.326451394162118769e-01,3.397004787665223180e-01,1.656891569328592662e-01
8.540808072279981733e-02,9.113148209048644866e-01,9.070647895957684170e-01,3.516983713807526057e-01,5.197632745665030640e-01,6.411421672672660277e-01,3.848073932813493858e-01,1.656891460425962692e-01
1.127013356119640070e-01,4.397649755003637528e-01,2.736701454478859263e-01,4.204192602923845778e-01,5.517745725562814840e-01,7.809500419824680906e-01,5.677571768537904573e-01,1.643891136896193372e-01
6.531519108333470880e-02,5.935121084973069561e-01,8.482144447975323853e-01,3.989292495647606684e-01,5.349808892493443935e-01,9.324690009625750120e-01,5.056428957560382687e-01,1.648260547883042548e-01
1.576095256482318019e-01,9.280051011221519541e-01,3.676885578976485935e-01,3.951299850955219406e-01,4.620434454190914808e-01,7.756598653469358728e-01,5.880716432491633894e-01,1.652304753766376533e-01
1.375583188782139310e-01,8.772138500839079533e-01,7.380355162925102963e-01,2.592100289549887915e-01,5.574410374969853699e-01,9.710593441787603863e-01,3.520161266158438051e-01,1.660373324966439579e-01
1.104051214606252967e-01,8.181963362352906444e-01,4.376503069990856365e-01,4.363275468985190475e-01,4.697733566803997118e-01,6.503562725997217298e-01,2.516646023382089203e-01,1.671274450297148551e-01
2.211311883446139270e-01,7.614579481218878287e-01,1.235459042733066393e-01,2.880985659689075384e-01,5.720204182543956462e-01,9.128304697922901001e-01,3.249155919894789468e-01,1.657306511629370316e-01
1.455216081328406519e-01,6.866982482043803016e-01,2.412566242659495708e-01,4.010121930862295958e-01,5.017118168570019465e-01,7.950622697409336359e-01,4.288982966966884969e-01,1.653492436627133355e-01
1.815816130166508779e-01,8.293675682789041215e-01,2.887346057171067404e-01,3.362730506134271047e-01,5.124151968931083267e-01,8.948293129351279074e-01,4.469269526388059965e-01,1.653007280991020400e-01
1.513004905426054425e-01,6.027952736364166064e-01,2.818763950196980228e-01,3.564622663054445861e-01,5.267420021919914097e-01,8.803192935847592437e-01,7.019749513488673376e-01,1.635326169938588758e-01
1.251962006022232787e-01,5.894163494257215197e-01,3.789710090594384240e-01,3.960332262510349310e-01,5.051320183649837814e-01,9.440548417015701688e-01,6.372599430665399911e-01,1.640230373052908863e-01
1.362527902442283723e-01,8.024054670568492309e-01,3.949059629998006860e-01,4.234933895137436566e-01,4.745243698231783047e-01,8.038871612604396866e-01,4.616511134851304932e-01,1.658935371828504646e-01
1.031388931914901524e-01,9.877951730525725837e-01,8.424036458023529406e-01,3.916119653449084415e-01,4.469635846974400750e-01,7.179618477348059802e-01,4.630033541911470207e-01,1.663558901438037529e-01
9.268601830544793974e-02,8.449339554653614304e-01,7.556059769155467620e-01,3.582177578773615423e-01,5.211825064106585526e-01,7.269068870499545421e-01,1.090522344260465570e-01,1.668746631340012887e-01
8.366121130642570347e-02,3.993731494974239737e-02,1.769856519292822838e-02,3.937540824804813266e-01,6.908712659128546374e-01,4.897798671981876684e-01,6.426735735202833144e-01,1.641217178193439818e-01
8.820125615207380365e-02,8.245474454791776875e-01,6.769685810877746901e-01,3.854756795616826603e-01,5.046370516191349687e-01,5.488728943870276877e-01,3.926746613428780952e-01,1.662044326919843440e-01
9.390472019915314938e-02,9.236442166149516630e-01,9.905484495027980785e-01,3.391614000487823133e-01,5.033092129305533069e-01,7.376645147142446568e-01,2.066397637013059341e-01,1.675693858483933707e-01
1.543130543327608517e-01,5.475626569753030415e-01,2.511766064926519992e-01,3.954108838354026823e-01,5.429580604405169764e-01,9.715488548883360886e-01,6.963098508947314080e-01,1.630907753230045887e-01
1.058546040972948715e-01,9.486446783453821308e-01,7.773171486648686734e-01,3.332834996759015955e-01,5.271323030632590889e-01,5.870917289131519778e-01,2.620734547108130585e-01,1.666013861102748073e-01
1.468117894280682456e-01,7.691538910977492316e-01,2.474014644260273121e-01,4.103316613406475799e-01,4.742502400182296851e-01,7.531308976872225225e-01,4.096930581055613363e-01,1.657007897915911687e-01
5.572979671606691915e-02,5.979941705029081511e-01,6.581556773686854100e-01,4.771696143910867383e-01,4.829384109347241716e-01,6.838343449274365549e-01,8.400574614999440914e-01,1.631069847583175580e-01
9.112046693994285684e-02,8.877123919960389076e-01,7.581274727429299087e-01,3.557534864699113952e-01,5.183005790413078850e-01,5.751776721364539879e-01,2.311915275119199586e-01,1.664121262928152656e-01
8.579425323600747832e-02,8.682419946556957369e-01,8.329600121156108816e-01,3.436481524427662526e-01,5.028117587369684838e-01,6.311807461780408746e-01,2.383670103053907030e-01,1.669419529677135805e-01
1.003370651272959269e-01,8.722413451007897667e-01,6.298298998148899042e-01,3.962386316791303154e-01,4.550556998221517158e-01,6.755517977627395476e-01,5.492856268854239277e-01,1.654233130317954992e-01
9.688463285273625492e-02,9.051919638715366645e-01,8.295208356506852398e-01,4.154459073668871905e-01,4.546026580559070496e-01,7.913608261356207541e-01,5.661393928933806663e-01,1.652078342005137424e-01
1.852798869015704342e-01,9.008706660818591727e-01,2.779718704259608875e-01,4.006965230428810587e-01,4.529165082569749923e-01,9.072787566705817763e-01,7.914626110224964872e-01,1.642422938283532863e-01
1.719910842024260367e-01,8.489714890104342881e-01,4.244363978184595432e-01,3.064708256853607149e-01,5.557822937922184403e-01,9.964232503841941035e-01,3.017943397823396046e-01,1.657928821983639667e-01
1.490177035175767606e-01,1.727227791812875335e-01,7.283914409349484531e-02,3.524421248584615474e-01,6.154949657575230493e-01,8.817878020006895134e-01,7.438385316724788199e-01,1.626924658607679930e-01
9.343158060979389612e-02,9.995209550671716459e-01,5.279642914715583224e-01,4.761089913573865462e-01,4.469285266045281979e-01,3.948570531868660360e-01,3.124465410089402040e-01,1.667567030315561805e-01
1.161266594704034594e-01,9.966027696693322557e-01,5.731088743036831801e-01,4.570952929678108179e-01,4.287897376544311800e-01,6.923978296232732310e-01,5.217377499053070800e-01,1.651779668265323797e-01
7.720628346301872114e-02,8.271533899812133495e-01,9.106921665369289709e-01,3.559926484150717219e-01,4.835605964482878605e-01,7.106702923973293728e-01,6.992825828274904509e-01,1.645291539088701849e-01
9.182266275918797571e-02,7.881726350374440582e-01,9.947710230774816642e-01,3.033485630634983887e-01,5.408590128864837476e-01,8.687402891300075591e-01,4.610506778121919447e-01,1.663633478925628795e-01
1.411916565540114188e-01,4.816093817071406269e-01,1.744602569737372932e-01,3.636458877278466728e-01,5.432969226145361041e-01,7.932042919720425633e-01,5.051573000760207766e-01,1.647853013718320603e-01
1.023682722442373211e-01,6.392539717609241334e-01,4.248291710414164868e-01,4.121929183318931433e-01,5.153864724698149491e-01,7.135070800827111315e-01,4.337685918190490320e-01,1.653786803186630405e-01
1.975780952050474049e-01,8.246096513539956652e-01,1.336697668649545756e-01,3.555620636373778010e-01,5.261560171320470713e-01,7.875353686631352268e-01,5.607472986131810666e-01,1.644541492915104486e-01
8.536423741052645564e-02,8.764019119673649438e-01,7.547923557681315287e-01,4.174368907486017966e-01,4.387000782769692186e-01,6.555569266195957479e-01,6.932205547899232823e-01,1.645850737517657314e-01
1.613189814356536522e-01,8.840412693327324156e-01,3.955611805979702966e-01,3.963768657287260466e-01,4.683129465919900758e-01,9.334971587163913842e-01,6.584615482590744362e-01,1.645049362325246012e-01
2.230280920416700952e-01,6.367675276931064055e-01,1.106900015521042890e-01,2.936802169120736883e-01,5.770943527975649356e-01,9.619591468352240993e-01,2.870838187789838125e-01,1.662465090166319603e-01
9.430288463885427852e-02,9.132333082889110276e-01,9.685011976471928907e-01,3.026057621482147186e-01,4.922984824348514699e-01,6.740361445124465334e-01,7.986113375110669432e-01,1.647818710517736929e-01
8.413176844170555668e-02,9.505919297246014921e-01,7.631636850795748828e-01,4.905143908085265458e-01,4.081487077966382548e-01,6.286453851353198674e-01,5.126009295527147458e-01,1.659301084074762678e-01
1.394798010724160597e-01,9.057376713874932816e-01,2.607844945555459759e-01,4.342303247672507638e-01,4.437176424808030317e-01,5.998551778765875975e-01,5.589098957247213839e-01,1.654321327477518422e-01
8.742245664365805302e-02,9.211257292471879410e-01,9.887386827603847905e-01,3.427442080992323947e-01,4.836312444512739228e-01,6.297774536183561311e-01,6.501761908800954837e-01,1.653223364008874763e-01
8.396863603014140254e-02,9.418671390842598967e-01,9.381741886474257441e-01,4.278899711230593206e-01,4.553745799383420167e-01,6.412865755568903925e-01,6.800612027958986561e-01,1.647059871252529173e-01
5.445495498766413089e-02,7.791338417606621380e-01,8.207610141539105619e-01,5.185077140005673879e-01,4.467269811900821397e-01,5.815060736561626920e-01,7.395360994889830231e-01,1.637766961250791409e-01
7.450358210062893449e-02,6.384624048159260878e-01,9.172169449455205292e-01,3.559433047942378026e-01,5.261994917246479719e-01,9.662293720729109303e-01,7.736731505950261711e-01,1.635713210318875677e-01
8.718857900703047559e-02,8.432232989218118036e-01,8.436464034263005951e-01,3.953558199501556181e-01,4.957697201854036617e-01,7.211329430057309420e-01,1.355564213711600852e-01,1.675001304129094537e-01
1.342948856290586135e-01,6.714478086667571288e-01,4.711574172547322026e-01,3.821264230333389911e-01,5.100404028781125865e-01,9.990078567004633259e-01,7.937144182493196531e-01,1.633625739343223526e-01
1.073426155995753362e-01,9.976370316924332293e-01,6.609674918563621659e-01,4.403321295436124494e-01,4.605954266828743426e-01,5.808019379474302912e-01,3.182630654024583006e-01,1.664563536912375408e-01
9.957666288565748813e-02,7.899467925560322845e-01,7.687389995712283763e-01,3.709406552940547330e-01,4.719708369408330828e-01,9.144729759192431473e-01,7.652090949269708675e-01,1.639902076686055588e-01
1.480969136252939244e-01,7.484259777597385144e-01,3.890086433496588447e-01,3.736420451326983860e-01,5.199052537470797430e-01,8.784310798062401338e-01,5.198723637999661529e-01,1.646675997821266113e-01
1.085206359032052370e-01,9.395977467131692018e-01,8.228055189412752934e-01,3.279729685376921999e-01,4.939708017228944259e-01,6.996596543558916137e-01,4.308971912280926686e-01,1.664410163183472346e-01
1.714881661884309350e-01,3.469822211752564556e-01,1.288680109125160400e-01,2.387655323547314412e-01,6.572656948235815477e-01,8.378872964652813726e-01,3.454672080942793322e-01,1.653047555862252049e-01
1.163380837698774761e-01,8.512663542235985314e-01,3.036323190897255442e-01,4.538947962269311298e-01,4.435599488787517752e-01,5.189719348257193499e-01,4.927630821217329204e-01,1.664077867878526462e-01
1.714600884435200090e-01,5.794306816927401460e-01,3.168613828961723833e-01,2.791621845342899810e-01,5.934880244899262136e-01,9.897431426877758565e-01,6.814636301610657032e-01,1.635404379611840875e-01
1.000652942459430844e-01,8.602388696180723882e-01,8.133959468398468395e-01,4.284959112782860124e-01,4.249961437765990557e-01,9.933186630550552287e-01,9.520511864517966494e-01,1.628995228359280956e-01
9.639497266695887245e-02,8.090177103341026354e-01,7.207790017898441093e-01,3.732841643892008676e-01,4.895893540841896874e-01,7.403402168424858543e-01,6.206088382132374237e-01,1.645580205200459778e-01
1.246575050314139704e-01,2.491971037020327961e-01,2.053637025113708159e-01,2.800109734544287132e-01,6.790281696316142757e-01,7.730673906015468333e-01,4.315625879470309512e-01,1.644037894758698937e-01
8.556983271954637926e-02,5.847529236745495629e-01,6.402120730403724203e-01,4.533339261909693496e-01,4.828986498500488778e-01,9.531694557613328289e-01,7.416295276474293985e-01,1.640355899152259045e-01
7.437483881841155942e-02,8.257952795981492455e-01,7.853311349243460304e-01,3.906906339926625171e-01,5.028976991524999329e-01,5.995099860064968533e-01,4.619658348411392335e-01,1.648594432156275380e-01
1.109420557661636580e-01,8.509836046473505666e-01,8.845748300181027757e-01,2.647483389642106832e-01,5.366097821421018654e-01,9.085518658793141356e-01,6.288362797192227349e-01,1.647567440225586044e-01
1.581436583648728744e-01,8.907706228047636010e-01,1.727495677615075720e-01,4.139801728062639796e-01,4.473696797579885254e-01,6.076201829800704779e-01,5.819391184301040409e-01,1.656471792511663710e-01
1.144218432014759840e-01,9.263034043059430456e-01,9.382509448289504395e-01,2.900309168640209934e-01,5.255461967641537058e-01,9.938582024287121452e-01,5.993482230836457703e-01,1.643375072212278631e-01
1.939840792160441307e-01,6.570390564435465430e-01,1.792230414591903243e-01,3.117695810930413147e-01,5.666071510512512566e-01,9.033272781208070423e-01,6.847765937702837702e-01,1.635570509164753494e-01
1.578165003330053162e-01,6.235345449739435608e-01,1.987512652049223116e-01,4.170129780112951656e-01,5.143279621463956452e-01,8.336494908246503410e-01,5.596813086323095821e-01,1.647050365370319180e-01
1.213112721746898715e-01,4.109735959476157885e-01,3.189960238297182560e-01,3.707585076694707160e-01,5.570513819048077409e-01,9.222974798582582734e-01,7.076800965740601690e-01,1.633091429306353648e-01
1.017343826110893024e-01,4.112516105502259656e-01,3.885129021853770404e-01,4.051574476395810587e-01,5.527286920047952412e-01,9.193092964274223178e-01,7.766224422686542894e-01,1.627149439325514535e-01
1.430363255493888874e-01,4.260912961642414620e-01,2.450082328572582291e-01,3.720256283692540134e-01,5.500773225035878733e-01,9.678053547553480129e-01,7.471706827113870908e-01,1.630595715055113970e-01
1.311261315396599625e-01,8.924983830915185212e-01,5.648627608686426216e-01,4.680309961313589007e-01,4.342750733496975046e-01,9.681340436537527738e-01,6.859427047820242374e-01,1.640841836704222956e-01
1.514808806572880973e-01,9.567561747725279453e-01,2.568331308625683707e-01,4.085803293812521053e-01,4.640750749550326959e-01,5.819223635719009691e-01,5.131132236980626704e-01,1.654005651520201459e-01
9.898302900098841783e-02,8.936508960629889753e-01,7.369595259190335756e-01,4.563066753289120037e-01,4.204359359195346535e-01,7.872728206460941625e-01,5.750939048495347095e-01,1.659071602858300798e-01
1.526402573497765980e-01,2.326351268823370066e-01,1.698832284337765675e-01,3.253712357155481572e-01,6.329449913811341366e-01,9.512175748868342273e-01,5.471342489501045403e-01,1.642188729112319112e-01
1.279088210181188734e-01,3.209221018316759100e-01,2.010846432386629301e-01,3.901205696946834500e-01,5.681277037831670151e-01,9.110656926766821373e-01,7.712634143431289502e-01,1.623567766329582218e-01
1.298949600489185119e-01,9.780172916494564994e-01,7.580365945939079309e-01,3.164496894513098013e-01,5.400278928487088903e-01,8.339904081407528702e-01,2.283544944176230107e-02,1.674540410678709568e-01
1.074662092117100870e-01,8.506305508922082925e-01,9.260610130553450503e-01,2.946596089334790891e-01,5.495745512445310288e-01,9.629043799844819729e-01,2.580331823998316954e-01,1.662023897231485747e-01
2.037873483974842470e-01,9.802064472812479501e-01,2.346626946572923922e-01,3.295949137049694611e-01,4.785203013142839690e-01,8.330251951024447710e-01,6.752478381280335729e-01,1.648698185497866897e-01
1.313563992521481483e-01,1.210077461768385154e-01,1.207690210932059194e-01,3.024660261093692903e-01,6.849727768306833608e-01,8.164333888219457158e-01,4.979468024386410341e-01,1.641547733001197662e-01
1.181100415635378403e-01,9.631413854812785891e-01,6.925308768490405775e-01,3.737598721429842286e-01,4.458626905850261446e-01,8.184591853632831038e-01,6.160834086731745707e-01,1.651198578310169862e-01
1.322037108145960316e-01,9.754628144028079095e-01,1.471974114187002414e-01,5.203441827977687284e-01,4.001878129430427866e-01,4.252960652536844632e-01,6.628171561199374118e-01,1.653777279074567785e-01
3.637610760806776755e-02,3.062106718783477177e-01,1.287468947280546727e-01,4.724823589222418296e-01,6.702917895541083970e-01,2.031283236050900332e-01,6.801489853314390821e-01,1.641197456672061905e-01
5.557942767913439525e-02,5.577343255796385346e-01,8.970633312458629050e-01,3.586741688387985461e-01,5.719927586247506301e-01,8.147020170265056871e-01,6.071586368359869201e-01,1.642200227999327522e-01
1.131359039256011612e-01,9.131318549590771161e-01,8.825201784179068643e-01,2.906021576851886556e-01,5.268048107808496194e-01,9.487762937168813249e-01,4.189663680026359249e-01,1.654043604267412537e-01
9.389328768622415278e-02,7.452684006236949266e-01,2.603325040706720439e-01,4.523036724848160661e-01,4.865315847690968587e-01,3.728489909518479251e-01,6.596897195538862224e-01,1.648099266813408126e-01
9.391921163967335839e-02,1.204208088053883019e-01,1.053620865957503594e-01,3.380359888268412716e-01,6.864300946362731359e-01,5.612641210552645754e-01,5.543748126184011582e-01,1.647388119815260399e-01
1.103990199035337905e-01,9.339466372065401423e-01,9.039250372037337389e-01,3.263963807006134421e-01,5.090145116667345038e-01,9.475069786356546953e-01,2.477647912784897155e-01,1.667396099982704216e-01
1.456072232494510788e-01,9.584863043254819859e-01,5.281610591616912043e-01,3.829196376165919236e-01,4.417397360332662171e-01,8.694240692113275326e-01,5.523056073907062213e-01,1.657014200652806302e-01
1.162484378711258204e-01,8.874020789876378990e-01,5.628892297238667908e-01,4.313126002332171582e-01,4.135606151145155840e-01,8.093918994470881145e-01,7.837076103489377665e-01,1.643811406755908422e-01
1.283087607609731118e-01,8.531667327968288639e-01,2.192469910393472221e-01,4.089686963415087306e-01,4.967926545228022461e-01,4.461723981046246679e-01,3.962245166837111698e-01,1.664214060004939877e-01
2.412678353934872566e-01,7.656606344514330642e-01,1.507274172339984619e-01,2.280914352740558149e-01,5.787634045389031812e-01,9.893615725515809700e-01,4.723739975910494771e-01,1.656256528029897424e-01
1.290501567868252708e-01,9.596134026106106774e-01,9.506561622319373850e-01,2.267604329092847981e-01,5.543361770361295848e-01,9.713186970733043157e-01,2.867000677845972234e-01,1.667256786434972438e-01
1.338310214335426129e-01,2.289486894696231567e-01,2.496122809935452935e-01,3.253501839759485037e-01,6.246268512070504153e-01,9.841638650575156300e-01,7.225527669104953032e-01,1.628444222028763710e-01
1.781518228666700010e-01,4.453473539897809808e-01,5.488337986084740328e-02,3.477803893393588974e-01,5.749996549193657769e-01,8.124051733747601478e-01,4.155965413159820043e-01,1.648150867940680053e-01
1.553611149562210136e-01,8.010003948729960133e-01,2.729783428171702608e-01,3.657716041526974382e-01,5.003856004065043717e-01,7.110998605449551091e-01,3.887022390071766531e-01,1.665689059050810550e-01
7.958528291761982065e-02,9.036994333346307640e-01,7.591244144713339415e-01,4.119546957853778002e-01,4.646690179429840972e-01,4.937456263188430561e-01,4.993316673268485828e-01,1.657575003916066103e-01
1.309945783876255709e-01,8.457943968023332593e-01,6.453918883992275646e-01,3.416536423504591968e-01,5.186844635126176550e-01,9.936291481747681065e-01,3.219002213955655112e-01,1.659882880288741647e-01
7.973483640479339662e-02,7.826931069631273274e-01,7.961425115849440903e-01,4.323435093646849636e-01,4.758609407001846425e-01,7.739118991478256548e-01,6.726391792312986784e-01,1.637737597420610980e-01
1.378897296025836106e-01,5.913320513917690313e-01,3.574659327021539323e-01,3.212664696308041856e-01,5.554489133555939873e-01,8.298105702931362071e-01,5.378328485468125697e-01,1.649807843015472231e-01
1.349350651219863306e-01,9.943444785724997459e-01,7.311814859271861256e-01,2.911195492822437059e-01,5.090915662283204135e-01,8.676077362792748993e-01,3.454246685205239475e-01,1.659265263230635667e-01
1.145342898317332769e-01,8.873033422291157768e-01,5.426080911150891195e-01,3.886634417863454316e-01,4.703260643425472010e-01,6.353056124943776695e-01,3.093866977545272068e-01,1.672302824431271540e-01
2.111265621110522961e-01,8.763358937661215320e-01,1.691992310826830881e-01,3.040980730607849569e-01,5.098331228096250056e-01,8.353210682969341994e-01,6.021500764378737713e-01,1.652541624691943600e-01
2.089168562684263208e-01,4.934084259771983616e-01,1.083128610301384298e-01,2.396350000497004806e-01,6.176421812220098673e-01,8.934882038928838588e-01,5.168665857001949471e-01,1.649347468259707294e-01
1.035431709685973173e-01,8.038474783661311296e-01,7.316269342827740330e-01,3.392049562202912871e-01,5.350774112642252556e-01,8.587388086626941419e-01,2.736129754671038361e-01,1.656094445047557595e-01
1.077880455227441941e-01,7.668211547010375106e-01,6.128796138565206775e-01,3.472286792925629029e-01,5.319858794964311688e-01,7.961999899294810445e-01,2.445853240675557871e-01,1.663152766713059394e-01
1.537726878684234633e-01,3.060987244678498032e-01,9.459883656850476275e-02,3.978367892491797564e-01,5.776105340378161479e-01,9.187338281805061957e-01,6.809252526718514442e-01,1.627571938101781690e-01
1.037427269529847956e-01,8.029260737282994942e-01,6.604039101585850169e-01,3.953019046846151241e-01,4.660176032517464595e-01,8.617655597236083542e-01,8.316171754421486373e-01,1.630725139515092903e-01
1.108802523713525584e-01,9.836238230868654675e-01,9.208107199200121773e-01,2.769451817285009110e-01,5.047091641702872167e-01,7.993048801491138278e-01,4.649884263707735332e-01,1.658209756979938665e-01
8.352211066772166626e-02,7.579671484754522126e-01,6.403531290109401031e-01,3.820069907222800598e-01,5.226144872744483694e-01,6.417858442195388813e-01,2.751711000874951241e-01,1.661625119235577430e-01
9.913760205164591499e-02,6.506105396982483358e-01,5.350439139219448359e-01,4.101844979367397781e-01,4.893809342086829495e-01,8.179350888993545121e-01,8.976367203895649904e-01,1.626117818756296629e-01
1.009191496423245127e-01,9.427630301129819035e-01,7.952319518144700394e-01,4.313863663946024829e-01,4.403581896556169051e-01,7.412155579310960585e-01,7.697144405876157336e-01,1.640225932022900956e-01
1.678112977066037181e-01,8.821011152980721137e-01,4.766582394188741412e-01,2.957584374972724861e-01,5.388000191272731554e-01,9.560650294690655748e-01,2.892420685432218752e-01,1.665290104347265931e-01
8.881738162446847773e-02,9.271368021549890592e-01,8.698751414832166517e-01,4.227568706530537845e-01,4.758534536268170800e-01,7.371519772270029858e-01,2.500778835618321372e-01,1.664906534898119295e-01
1.052948192791332838e-01,9.000323778505744388e-01,8.243432475788244895e-01,3.512200826377959162e-01,4.945573345302229917e-01,7.814318497832040133e-01,5.836044839379777027e-01,1.645906171576660415e-01
9.370854634357048130e-02,9.673242269009019179e-01,8.447696262068744577e-01,4.887626951749525217e-01,4.001581049402618273e-01,8.466554995208650514e-01,8.807815136998464745e-01,1.634773174645630656e-01
1.888365008300706138e-01,2.851381055710149881e-01,3.361939050428952580e-02,3.001456829493779899e-01,6.342339960715828173e-01,9.297350532783115185e-01,4.985003949825140834e-01,1.637395731577817315e-01
7.641018976551533504e-02,7.851381039655319638e-01,7.609591804860545983e-01,4.962436958913741258e-01,4.470904727322576599e-01,7.810784615988127788e-01,7.391242266414539408e-01,1.635283481821915297e-01
1.416109767658169094e-01,9.604334467050974489e-01,5.867166029276758010e-01,3.267190174791346768e-01,4.760956170826081135e-01,8.709880453715327375e-01,6.227708183226046135e-01,1.649381411880148085e-01
1.149889991731946060e-01,7.678010364427504397e-01,5.992304052233748957e-01,4.204519243006463181e-01,4.668333840018261682e-01,9.916595657332849534e-01,8.790616382535896278e-01,1.625060688771905737e-01
1.174481682579408548e-01,9.753597269645830625e-01,7.845569003331204216e-01,3.695199352607723142e-01,4.593398712321180022e-01,9.013643036867761138e-01,5.155105993888614568e-01,1.657391573911777272e-01
1.773909781562558741e-01,8.004468305987659793e-01,3.386972356011354601e-01,2.955747291650442921e-01,5.177807951295928524e-01,9.357224363397182998e-01,5.996088502460291680e-01,1.652424035474197583e-01
1.133917413472942948e-01,6.664488225450670988e-01,4.856776532794596091e-01,3.454264997364439038e-01,5.251164766776412751e-01,7.714767726463798159e-01,7.058659194453110741e-01,1.640256122947806594e-01
9.053373062896376278e-02,8.538123306237828114e-01,9.164787129745255445e-01,3.524387576485045748e-01,5.440934312849048382e-01,7.780900771734453603e-01,7.050168163756093120e-02,1.667734221166219666e-01
8.056491690437619924e-02,8.179287989342575171e-01,9.412566132057205159e-01,3.417071563242360943e-01,5.209416357760279226e-01,8.106732380752901257e-01,4.115964212196558947e-01,1.654294492736901601e-01
9.408828464066698594e-02,8.348862400410399509e-01,8.974867739442566883e-01,2.676018577795177267e-01,5.869916518612471323e-01,6.752905301602285526e-01,1.085553483682063503e-01,1.669856682882096821e-01
4.909172906554459814e-02,7.326092298581432516e-01,9.818235742748137040e-01,4.176471739241460202e-01,5.260440155444130461e-01,5.723087506169146632e-01,4.004845661947410429e-01,1.658242719786516550e-01
9.366104223995422307e-02,8.683445179934390357e-01,7.324828720852676334e-01,4.628305557271246151e-01,4.494160798225483311e-01,8.493131864201164394e-01,5.880597264344882280e-01,1.641024612928754234e-01
6.289505995575206398e-02,7.396244765381867481e-01,9.974405776632417897e-01,4.035480371026697877e-01,5.194834216637767010e-01,7.456344422041072395e-01,3.348710502204501060e-01,1.664249794191343668e-01
2.703781664090802450e-01,9.169233881601310809e-01,7.849077413865013231e-02,2.670650368824221133e-01,5.623797044357038422e-01,9.719842948255500437e-01,5.781023410537495799e-01,1.649289938678414613e-01
1.522675337727980860e-01,5.672293898762620357e-01,1.832754171046506730e-01,4.144239519161958540e-01,5.104555984285330528e-01,8.254835029856509854e-01,8.030936258797398697e-01,1.627906982881479336e-01
7.748681636695295416e-02,7.461412023611679878e-01,8.803839446955328274e-01,3.127534377259770793e-01,5.914365456939520982e-01,6.626555760213541646e-01,2.685025741762914198e-02,1.670474969773758644e-01
7.505741267365659275e-02,7.485051540883735921e-01,7.039523673526650871e-01,3.686538216413253743e-01,5.277069950727896197e-01,5.696937325819944054e-01,4.686388253833443374e-01,1.650144119239072837e-01
1.779037209134020081e-01,6.528178394665019590e-01,2.715563341406959652e-01,3.299068867985675002e-01,5.589711517265958385e-01,9.380948966259464727e-01,6.833929269542815543e-01,1.638604697176801739e-01
7.982858431979014679e-02,8.578030264998163235e-01,7.750124177286752403e-01,4.856592681874576933e-01,4.339057662353024147e-01,6.583865801216585156e-01,6.441201782413518151e-01,1.648981295932149815e-01
9.916712909283731392e-02,9.324682435524849211e-01,9.313566954598916370e-01,4.199853832795790165e-01,4.715924771766029644e-01,9.130064762375045273e-01,6.354067366283413509e-01,1.647486435391084802e-01
1.631590468329355281e-01,7.059468114963575180e-01,2.744854952151244976e-01,3.600565969377040321e-01,5.099869695612306852e-01,8.907326735559644160e-01,7.003104072574218852e-01,1.635135154397874269e-01
1.496677603653306654e-01,5.364607316134883952e-01,2.874922710904617706e-01,2.977747026490330517e-01,5.882075148227137174e-01,8.795943610886604036e-01,4.852226770615307161e-01,1.644610086106373936e-01
9.113540512938143878e-02,7.924922687249179587e-01,5.969575413698049449e-01,4.219897291387234572e-01,4.942548820930470765e-01,6.546031618283185693e-01,3.006202824830125353e-01,1.661915667146905418e-01
2.005239882636049020e-01,7.385313870533164460e-01,2.264514156889034235e-01,2.936255093735208876e-01,5.374463002135759782e-01,9.134825199312907040e-01,5.944441851846851144e-01,1.652563618996247541e-01
1.279454439644460984e-01,8.018468731071289879e-01,2.821366676519164729e-01,4.312489568803955509e-01,4.509418754214502001e-01,6.191032995766105884e-01,8.212646667718359605e-01,1.635315354219297190e-01
2.120914626141091885e-01,8.021249348235204302e-01,2.603143185678560290e-01,2.480254133641427439e-01,5.693935104753014009e-01,9.516182265041476240e-01,4.324621505641041974e-01,1.661919873226848643e-01
1.352246103401722743e-01,4.711816287500577571e-01,4.049805403751515209e-01,3.065086051336333717e-01,5.800533467972535107e-01,9.928157691794756712e-01,7.246777197735385645e-01,1.636235582932822896e-01
8.905454657445935340e-02,8.421400675017942650e-01,9.689466778829918248e-01,3.113143100613774972e-01,4.974577016573387134e-01,7.579105985847174320e-01,5.966780996524938541e-01,1.661383531033093219e-01
6.356332220952144729e-02,8.296544953924636090e-01,8.860092792489818736e-01,3.760015395089653101e-01,5.168147215828849950e-01,4.824081778218101135e-01,3.821940993645314699e-01,1.657632703289540210e-01
8.386368911508693125e-02,8.841905892616095386e-01,9.612329948266342683e-01,3.829592439533514581e-01,4.624356833880043371e-01,8.012428601006434947e-01,6.083874941185232199e-01,1.653366828946689626e-01
1.006119705428412808e-01,8.996151191573772410e-01,9.170238958834605603e-01,2.538436200054401959e-01,5.601409831864299083e-01,6.303651277453500290e-01,9.290883615808004370e-02,1.679029700960940341e-01
1.382316378991530481e-01,9.987001103773529564e-01,4.315855560868959162e-01,4.250157788714513107e-01,4.233251421907863188e-01,6.955573514553852199e-01,4.207095239418821020e-01,1.668399914874014733e-01
1.681942136772273111e-01,7.190399485943612667e-01,1.640465795648253788e-01,4.398502097158941693e-01,4.897044462549032806e-01,8.117488530491637766e-01,5.638424374501870284e-01,1.645877497212449581e-01
8.007911382221820362e-02,7.076357653457935326e-01,8.630795037372815948e-01,3.631034623962411945e-01,5.357688773334955412e-01,8.772109574281896638e-01,5.461830309957981244e-01,1.645741498147185455e-01
1.970509729242952424e-01,6.390504934633726153e-01,1.696032951821786483e-01,2.715674480052949757e-01,5.839265904920265537e-01,9.081279621813065361e-01,3.843563406791677961e-01,1.654627498853111223e-01
1.033316723481704641e-01,8.705638260674213313e-01,4.277179896520086344e-01,4.566391924069855279e-01,4.436025085701008619e-01,5.130525984233530457e-01,5.365392490454206076e-01,1.656372885596121558e-01
1.213128274025810915e-01,9.393687798965340008e-01,8.831895648242331642e-01,2.746105709087333091e-01,5.589019911784681716e-01,8.966942242871704938e-01,1.211646995883815525e-01,1.671808892313513539e-01
8.569704909183453734e-02,9.774036809911611501e-01,7.823324794386994352e-01,4.182084016552058414e-01,4.600322957960797932e-01,4.109611008469885030e-01,3.481865193499987798e-01,1.672181994902729174e-01
1.122270269029866374e-01,8.527668434399910957e-01,2.669809900320007090e-01,4.587421749714707397e-01,4.379422719872209102e-01,4.627849514422680555e-01,5.111131810805946696e-01,1.664035597921881549e-01
8.768339001259670140e-02,9.424598844297369382e-01,7.361599258119571054e-01,4.056303199905463286e-01,4.492349329617233433e-01,4.790970435300063723e-01,6.279429543628006760e-01,1.652603921353656968e-01
1.181597053400981756e-01,9.404438197923726817e-01,8.890370961315769982e-01,3.339919437102870647e-01,4.602998503335692382e-01,9.768999552965780264e-01,8.585185257348686427e-01,1.639435792655214441e-01
1.058485364669378009e-01,9.221155577682066395e-01,7.663126053564672802e-01,3.681575441560825945e-01,4.540487521726416786e-01,7.589406670550554734e-01,7.503790556692268021e-01,1.646527941923971727e-01
1.542409496849744821e-01,5.157454845017417355e-01,2.033371717577018845e-01,3.780700522180888701e-01,5.499187238442994063e-01,9.032967332325508858e-01,4.752273289055850003e-01,1.645928188049586294e-01
7.680978563350193689e-02,7.844477477402335142e-01,9.342332378623545708e-01,3.611775250983238483e-01,5.076863670424401898e-01,7.358343110360301420e-01,7.895978052814001114e-01,1.640850432663754632e-01
1.416131904930235941e-01,9.379918432292138064e-01,3.002367497229255777e-01,4.303847136378611271e-01,4.598661665772518781e-01,6.169144481443651351e-01,3.709906219200764799e-01,1.660459157361003080e-01
8.388925048771427029e-02,7.685021166432847162e-01,8.399519156043065982e-01,3.563252609401173499e-01,5.167434170915619074e-01,7.217159537233041045e-01,5.995917766795784143e-01,1.648569605371353608e-01
1.338382960909857700e-01,8.775989509825518065e-01,2.762526586812091289e-01,4.509571265133203721e-01,4.365486854535973738e-01,6.056974467923949002e-01,7.323807183665439480e-01,1.640778606420700836e-01
9.899384396172310197e-02,6.432038077885718907e-01,5.310911798570414621e-01,3.776517096258125705e-01,5.253395601898638301e-01,7.470845114848507773e-01,4.630730198371737494e-01,1.655557768389650797e-01
1.905729650576444834e-01,7.977360846529715221e-01,1.754971198081060058e-01,3.063302755537417044e-01,5.386929989196759250e-01,7.614107873936906135e-01,3.487124406292672618e-01,1.660915268119997623e-01
1.337741462915812418e-01,6.661384463392314714e-01,3.734100004395951578e-01,3.936244119809500508e-01,4.901696587369065994e-01,8.921879918879501714e-01,5.495793446681752625e-01,1.654654418801369264e-01
6.670526237818708015e-02,7.015409863532401369e-01,6.348492329681126867e-01,4.567253369927434803e-01,4.866392497863739064e-01,6.151614112339589546e-01,3.515403562988959063e-01,1.662449940529951986e-01
7.747963654945370926e-02,8.141594722508846971e-01,7.635021711569094371e-01,4.553029493188638366e-01,4.799598123441110586e-01,6.560815668012935920e-01,5.058698689690871442e-01,1.647520585067064613e-01
1.545889297439836940e-01,3.690440577748939077e-01,1.619623917747086139e-01,2.749810040656737176e-01,6.248311096527863207e-01,7.968485407058771841e-01,6.008204576367026650e-01,1.641336528236324588e-01
8.317927954993360740e-02,7.996243101207288762e-01,5.869168647728191246e-01,4.218025103943336407e-01,4.829101496577877795e-01,5.353365227350016520e-01,6.799457638867898446e-01,1.642768743538041420e-01
1.798961561354822658e-01,6.014906250310306790e-01,1.363728895137521491e-01,3.606606864178287797e-01,5.290325285834728275e-01,8.910969860421872335e-01,5.434670549578206611e-01,1.643943618006604157e-01
1.133998627397104914e-01,9.389632964389016401e-01,5.828133546957995348e-01,3.963688517201369166e-01,4.463518293803312997e-01,6.475171845580689478e-01,4.973955088458394402e-01,1.663374722309102771e-01
8.209155157849637452e-02,7.037390493275497150e-01,5.323077923534689226e-01,4.375399874955318569e-01,5.131416059150083475e-01,6.292849350303828526e-01,3.613068093052281826e-01,1.653927404850611127e-01
7.983201328988839829e-02,6.491355574057595668e-01,8.885111948509930579e-01,3.855437899288959858e-01,5.195349415545337246e-01,9.867349419701257895e-01,6.301204191616263106e-01,1.648818475663308414e-01
1.247410876887287690e-01,6.141228235859451656e-01,3.487032915678903722e-01,4.152356509859953526e-01,5.201760865229946296e-01,8.359214371219680917e-01,4.045820949449136505e-01,1.656126273262427950e-01
1.218862508743256412e-01,6.048016905910305052e-01,3.696799369982717853e-01,4.143524858736895022e-01,4.819364961998605645e-01,8.636050739687617384e-01,6.577600614031083870e-01,1.647502364425504628e-01
5.224713963348845414e-02,5.774162786456098484e-01,7.029464102391634883e-01,4.624730983722716293e-01,4.985023958115331610e-01,6.808739082148854704e-01,7.654049285140236414e-01,1.635041117109905240e-01
1.680937908533546021e-01,6.917699735552325091e-01,2.301257466931400375e-01,3.208260007342994546e-01,5.371543614684003431e-01,7.721145327756615551e-01,6.610510844754788895e-01,1.643271920666609653e-01
1.353793110978938896e-01,9.676541679991284006e-01,7.555263411680379626e-01,2.533914591228875191e-01,5.267542367275178661e-01,8.683683211748565167e-01,2.096246521254702122e-01,1.671621721886767664e-01
1.291911669545341979e-01,2.028736789873594182e-01,2.030784115387005984e-01,3.293762517595718586e-01,6.404984991121748239e-01,9.019123331025625800e-01,5.640464397523535789e-01,1.637536796163341357e-01
1.764419590519500647e-01,8.992575219549749921e-01,1.922136261978168170e-01,4.159581504029656873e-01,4.764967827065318406e-01,7.471862197019156770e-01,2.805598230743327481e-01,1.665861569122561725e-01
1.082029549207210034e-01,2.522934549163590723e-01,2.468738990159815572e-01,3.542047381607862366e-01,6.098333333989199856e-01,8.145502514108412528e-01,8.067997816346881290e-01,1.625664567637956082e-01
4.462104173236987326e-02,6.633986191862536463e-01,8.398776289197558143e-01,4.207438531650696811e-01,5.309004662410469200e-01,5.630650926972421422e-01,4.472145910915659162e-01,1.649895113380067668e-01
8.323422304008976091e-02,7.852315567187578838e-01,8.170604941914326735e-01,4.044934348893485243e-01,4.681848519651063967e-01,8.627034475464600005e-01,7.829343762547162910e-01,1.633459773839484874e-01
1.610259527143300951e-01,3.959401901115001121e-01,3.354944487054334346e-02,3.667163922228430795e-01,5.656320561774854649e-01,7.583048695896634772e-01,5.194319420398868514e-01,1.644144356809132679e-01
1.994237881392524336e-01,1.685967993290461431e-01,6.025649169661961846e-02,2.156482577250974364e-01,6.991010052700995514e-01,9.700548639839320364e-01,4.328672070935489780e-01,1.646409613522399340e-01
1.003096760181217267e-01,9.254326797986923703e-01,9.818634663888858860e-01,4.055187769638028406e-01,4.581316601238551445e-01,9.928620992148771141e-01,7.530825065550326158e-01,1.646609547032633347e-01
1.340080092052510219e-01,1.027249636163063418e-01,1.927303445399375925e-01,3.232758426652687644e-01,6.435167359685531885e-01,9.878834574840386074e-01,7.613457040416493626e-01,1.629954906039603191e-01
1.559948097451756277e-01,2.640524487870903880e-01,5.969620303537459538e-02,3.902331313403391566e-01,5.936888275812741700e-01,8.711356440318949179e-01,5.612642776003667899e-01,1.637604767724048782e-01
3.848304132906130159e-02,5.753981102122119884e-01,9.047724940950838679e-01,3.854632719350472581e-01,5.855750861378042904e-01,6.054210030200489756e-01,1.649976248392914235e-01,1.665904328791357469e-01
8.829654751211624131e-02,8.620319571863173103e-01,5.958488202532409295e-01,4.609618409324812149e-01,4.454383209566072921e-01,5.361888422101795948e-01,6.605645781886693158e-01,1.650892590538878268e-01
9.388573221860198326e-02,9.465057248836383774e-01,8.918813699387743155e-01,2.680210583223063825e-01,5.588918497872790159e-01,4.462640682644799517e-01,2.045603349240098789e-01,1.669183628429830035e-01
1.186387611428833810e-01,3.664091012431668348e-01,3.465847199043528559e-01,3.328001900142774083e-01,6.233902934155597375e-01,9.111108020659867135e-01,6.218959637101019178e-01,1.633377165165389999e-01
1.441944190127073810e-01,4.950861192497076901e-01,1.772651800700790758e-01,4.287601504791581641e-01,5.040922268813775586e-01,8.519921382763798734e-01,8.384687910730477256e-01,1.627539516120494190e-01
1.206049419383955490e-01,8.813026184644638938e-01,4.098773344584206724e-01,5.100060356793707506e-01,3.972174272022809260e-01,7.291826624489550213e-01,6.482809500558810445e-01,1.650992056385882922e-01
1.214509247384096963e-01,8.703178860184864751e-01,4.643705424194077835e-01,3.784899490511131614e-01,5.104107504346891977e-01,6.382305427212705551e-01,1.699245083877433116e-01,1.669589111143605920e-01
1.658772379943825037e-01,4.155987327215437954e-01,1.867573035796175618e-01,3.415445313389932069e-01,5.900708102051909210e-01,9.813140018035962919e-01,4.880297046566439700e-01,1.643265926815992983e-01
1.733039429863996450e-01,9.476171533184842843e-01,2.062956981760739605e-01,4.217732532766709785e-01,4.261077915066063815e-01,7.558736681963467152e-01,6.000193181175745849e-01,1.653102784762199018e-01
7.950738033845142216e-02,7.061357354991339985e-01,7.918606466379720654e-01,4.138258069129441274e-01,5.279538934353450452e-01,8.614728012496714049e-01,3.809701504004751049e-01,1.650377700024358296e-01
1.518771590525085091e-01,2.693638565753546099e-01,1.540887724486920685e-01,2.819045776822401983e-01,6.635365301913221936e-01,8.324062118749276928e-01,3.844556863784692746e-01,1.648789334780052240e-01
8.759819672657323530e-02,7.618042840298413498e-01,8.148711902810448215e-01,3.283619552928616625e-01,5.414477228885888893e-01,8.088241025003921614e-01,2.336550653893306739e-01,1.661928422521631588e-01
1.292301401519758697e-01,8.413197767272764249e-01,4.043627970576517683e-01,4.222417660064516909e-01,4.255629455890889701e-01,7.619018130574768399e-01,7.402785655946773069e-01,1.647393350901689979e-01
1.621963049148806013e-01,8.787914717240550289e-01,3.845180758134282284e-01,3.475001572055415044e-01,4.768666151968909417e-01,8.945788609945020120e-01,6.737834945087973759e-01,1.643494805931909608e-01
1.949846552811870803e-01,7.979090413388831848e-01,2.112126231745237726e-01,3.245966127959648562e-01,4.960654251821376426e-01,9.105630713308734414e-01,6.771982683004054149e-01,1.646585961856143754e-01
1.600268833878480679e-01,3.118969551078480396e-01,1.813123010308789196e-01,3.205823725206844999e-01,6.302976176831747157e-01,9.682719885468433763e-01,5.849750473883199575e-01,1.637301250073079917e-01
1.552166880213422528e-01,8.303883686120017149e-01,3.858814643931208765e-01,2.965817379782788588e-01,5.144671542526294550e-01,7.854510520098831883e-01,5.483664826424130556e-01,1.654924564278112409e-01
1.314526802585092580e-01,2.484577844593687246e-01,1.391134786871369156e-01,3.742863680288014416e-01,6.069048183432458332e-01,8.383702042932764664e-01,4.761893171991964380e-01,1.641952342330668946e-01
1.116665780703934158e-01,9.769426014217024168e-01,7.484989429031231323e-01,4.587160039292697000e-01,4.046228786759494822e-01,9.033380058307993732e-01,7.330931194967159614e-01,1.641966219992305465e-01
1.312289703235541005e-01,9.675738931073951665e-02,6.760315726060744934e-02,3.287657981372476002e-01,6.679184201328182136e-01,7.545338979770742638e-01,6.263985790239711138e-01,1.633751123660965587e-01
1.987403143141988349e-01,6.368834627185798736e-01,1.435197512658249464e-01,3.690071138763164615e-01,5.346950794954730135e-01,9.779931721599690597e-01,5.697288563527442840e-01,1.645028676361469377e-01
1.810931749700976368e-01,2.692012239977132348e-01,1.169078158717866689e-01,2.938397046767897702e-01,6.459903853349104885e-01,9.965620429028525518e-01,6.473979064531839578e-01,1.631370074249668956e-01
1.566751030428870095e-01,5.865804485057788398e-01,2.677462127710971140e-01,3.478144762833486614e-01,5.446635146426582752e-01,9.367239723013879305e-01,4.785621772474921154e-01,1.647611406101660014e-01
7.888430893004155786e-02,7.152743300088956202e-01,8.412731250191494148e-01,3.462379851321192858e-01,5.369132003344675441e-01,7.705645109428775896e-01,5.533812951029191129e-01,1.645869634570367723e-01
1.636328483664823141e-01,6.646982318792290512e-01,2.966025119233815510e-01,2.867959002362257537e-01,5.582632037670700598e-01,8.531363258500207492e-01,5.050796274385657147e-01,1.652388984712634401e-01
1.025394656566124968e-01,2.858449081028849870e-01,1.915875931122544285e-01,3.734051346167346908e-01,5.943123146744162533e-01,6.801455507757109276e-01,7.211393993080026377e-01,1.636275614151490310e-01
1.065986345733990759e-01,8.311901729766274505e-01,6.119371933746023950e-01,4.410441335376306116e-01,4.347124985487855198e-01,8.157782720028070589e-01,6.417237556029579126e-01,1.649088409635743879e-01
1.071236563532533131e-01,7.470724082528884535e-01,5.602457063570281948e-01,4.196728065544370057e-01,4.685533910058671259e-01,8.593236438368484498e-01,5.065455112139028993e-01,1.653681143916753138e-01
8.513679924643954844e-02,8.083596877511554091e-01,4.136358444864323691e-01,4.653344989057265346e-01,4.784583714676017285e-01,4.122476818650864794e-01,5.319923171799030293e-01,1.653472167780403179e-01
7.168689448893492133e-02,8.253626954057254883e-01,9.725266771501195340e-01,3.277277198532597691e-01,5.401350648499135820e-01,5.737278944176705808e-01,3.685738724694810342e-01,1.658480019358084534e-01
1.568767174164005795e-01,8.409089282490281869e-01,3.874303726958555627e-01,3.920393161292905493e-01,4.946069124073240730e-01,8.697603162179587954e-01,4.030911164274554315e-01,1.661701137647750293e-01
7.341320794050465448e-02,8.744626927429722807e-01,8.408256573673148493e-01,4.261836943662213883e-01,4.724597764315305315e-01,5.476684853922570984e-01,3.657949825403743471e-01,1.661757211082827423e-01
1.773196529729905713e-01,9.108039119042015130e-01,3.041393863512659168e-01,3.139630237352325492e-01,5.249323163755897914e-01,8.159410277731550254e-01,2.204960946685771139e-01,1.665744539724668682e-01
9.839946159401223580e-02,9.041069296363786201e-01,8.916448755621015909e-01,3.590775251270957313e-01,4.881647576817086942e-01,8.696352711757573406e-01,4.842007932047300289e-01,1.653730319812896365e-01
1.944873362985133913e-01,7.372343543972319502e-01,2.153759841046143375e-01,3.101527064962195102e-01,5.608578687293093168e-01,9.028897629220481447e-01,5.250630575097734454e-01,1.643912383154496337e-01
2.382520868353854571e-01,5.077006549235787425e-01,4.448299003643985117e-02,2.617448833199319536e-01,6.341269033227842078e-01,9.768437607979314485e-01,3.742839734338042623e-01,1.651154733573382549e-01
1.227822435385907546e-01,9.539404168863947486e-01,4.830299037134270779e-01,4.210905057040039701e-01,4.483879975829563325e-01,6.711928029798293061e-01,2.955748758464846193e-01,1.668127873163337827e-01
9.100851910563773073e-02,6.601348567443706683e-01,6.416566173725234412e-01,3.987955000435062236e-01,5.135083805372265831e-01,8.596468217394929168e-01,5.235382597103447333e-01,1.651769962212585319e-01
8.925784156065844077e-02,9.339952431215328144e-01,7.687742217144974965e-01,4.143708237426250163e-01,4.831808637772144199e-01,6.160120024668664929e-01,2.433682072228656734e-01,1.665616193615029050e-01
1.216563624134522625e-01,9.288023121755601963e-01,4.179505687676068337e-01,4.867106673298334796e-01,3.987534477350012652e-01,6.471420639534319896e-01,7.272048408529250274e-01,1.650521885497899244e-01
1.864652133727437988e-01,6.047777734483494871e-01,1.977670631923683087e-01,3.212354861996866706e-01,5.829834144902390491e-01,8.982801847561223685e-01,4.497389573603665647e-01,1.651081647702997701e-01
1.105389572198804127e-01,4.456260545669059048e-01,2.982419066571752597e-01,3.715372436505924303e-01,5.526127469527180036e-01,7.913592669817738345e-01,6.456450265130069255e-01,1.640779588197246730e-01
9.146251819693816676e-02,8.165678675586471869e-01,8.634447263675260054e-01,3.922030761460441051e-01,4.940555691949821138e-01,8.680606162824412442e-01,3.743519916333838959e-01,1.658891193759042537e-01
1.887500244635451629e-01,6.040160425705954905e-01,1.965446874033228153e-01,3.033694097351312680e-01,5.536120195077447459e-01,9.183227194530222404e-01,5.596307134880988965e-01,1.652081934003183650e-01
1.604197692582441104e-01,7.840898475152553448e-01,3.217856605871071141e-01,3.299817915731133589e-01,5.310615248198752303e-01,8.143733078602293229e-01,3.410464041377996303e-01,1.657858561096336170e-01
9.980803660128056976e-02,9.532971842466604340e-01,8.716404163902817803e-01,3.648910248120854627e-01,4.706791698901854892e-01,7.266746154951582159e-01,4.505625936278281340e-01,1.663037719205954501e-01
1.412313957870606207e-01,9.284657066810171333e-01,6.657226119692614130e-01,3.131053542016943303e-01,5.092548501279213768e-01,9.709724422189676130e-01,4.372412137357539752e-01,1.659451232195961190e-01
6.891966120229015003e-02,6.404062475592587900e-01,8.590522547142145360e-01,4.146895381201521902e-01,4.949560284688900302e-01,9.213925635592667973e-01,6.456539951429833835e-01,1.645719162553474779e-01
2.066057327367343821e-01,5.309891028349473796e-01,8.755309659771626229e-02,3.272979994854606778e-01,5.888599177580382538e-01,9.483511458731991306e-01,4.187012592944195921e-01,1.649531341965994602e-01
9.072722170506794526e-02,9.825394649853949058e-01,8.240250121031360564e-01,3.724366458597934693e-01,5.000220763231136845e-01,5.087897474690377120e-01,4.100539412498973024e-01,1.654254674300763006e-01
1.532371416013638687e-01,9.629076681091234269e-01,3.196912400145043298e-01,4.758916578955076360e-01,3.864087008307995896e-01,7.718448216730215972e-01,7.254204530143633090e-01,1.650039891996125385e-01
1.169649767508012944e-01,9.984939640662771065e-01,6.930509411131923203e-01,4.203017962097711502e-01,4.255640153449448126e-01,7.713042097464647417e-01,4.756247847853175559e-01,1.662535938170442151e-01
1.776332065100568736e-01,3.969906272938729663e-01,1.561680871933402437e-01,2.588090965699271218e-01,6.203918802398165067e-01,8.990554700279598244e-01,3.600275987307400283e-01,1.655733746802567075e-01
9.006368123312517848e-02,8.826983389704392557e-01,6.666425807985452145e-01,3.869196070307819313e-01,5.004337952506605625e-01,5.392405780059005282e-01,3.737782710927154972e-01,1.655412187454077533e-01
8.147209200266042339e-02,2.069684658343624584e-01,3.585106416454957312e-01,4.129616627915645433e-01,6.132857863828249378e-01,9.041110785635118052e-01,6.946237545080617970e-01,1.628371965503964403e-01
7.445085343118330867e-02,7.282163283917412189e-01,7.529203709945833101e-01,4.060480995794213954e-01,5.184652397473443752e-01,6.575771808205868041e-01,3.641742898375223136e-01,1.658839794754792540e-01
6.202067059361245777e-02,1.047381743374939944e-01,1.878363056099768835e-02,4.004913611811782848e-01,7.368135742496974006e-01,3.233313504020323137e-01,5.174490230757099463e-01,1.648139748487685852e-01
1.210118237476610625e-01,8.277042405126833202e-01,1.732044604960789047e-01,4.700363728752499637e-01,4.529683576652519528e-01,4.195682007222231724e-01,6.586529334510398126e-01,1.652078207176227442e-01
1.003674163178414624e-01,8.934373821128914761e-01,9.850436762959606796e-01,3.118122474197746463e-01,5.161222272768241082e-01,7.985451222945717520e-01,5.434957999833111009e-01,1.657205505828898140e-01
1.390006210781135065e-01,6.033554758814421159e-01,4.007914475833643242e-01,3.362378339191001708e-01,5.349278670497765731e-01,9.569535447695898256e-01,7.530157821474146029e-01,1.635414983245204179e-01
1.549756716791180766e-01,5.901263571424354426e-01,2.817504041641626378e-01,3.674471039326085431e-01,5.001875609115533639e-01,9.676783203897791896e-01,8.091860550910110472e-01,1.636111392718636037e-01
7.653682311770208802e-02,8.213700679214570588e-01,9.274061253687675421e-01,4.398275989898216554e-01,4.751605121068340765e-01,7.748659876198097374e-01,8.077664661759537124e-01,1.636843042086272293e-01
1.874276779698466622e-01,6.781631865557155026e-01,2.431941144880265526e-01,2.856578249463529451e-01,5.669177754599021846e-01,8.964128689802602912e-01,5.574548972275720216e-01,1.648348307202446295e-01
1.797027722439812347e-01,7.516383762755287634e-01,3.410333647590866879e-01,3.156173998804092662e-01,5.556070179982558477e-01,9.996867530715625172e-01,6.600847751154012011e-01,1.638401742074956924e-01
1.437816417483152587e-01,7.441140643983955583e-01,3.414318779756573830e-01,4.348293246663221256e-01,4.346888841030021045e-01,8.856728769864942175e-01,7.717967005206316511e-01,1.643842591580009782e-01
1.060349216526878663e-01,8.453991818816837256e-01,5.828867289165011734e-01,4.292269819721862278e-01,4.582058483270562421e-01,7.084240675452443403e-01,6.896101735769050167e-01,1.644916924317680884e-01
9.277988807991116582e-02,5.611975351582867422e-01,4.929282411125965879e-01,4.015605991363366822e-01,5.211338757461093651e-01,8.204444194871134410e-01,6.864283136721441858e-01,1.635790284313995147e-01
7.244242514704808678e-02,5.360208690418748478e-01,8.549769056232625619e-02,4.831137940496430527e-01,5.485444022451232415e-01,2.611086925571263206e-01,5.602357880239834387e-01,1.656436166019660261e-01
9.746213995045446832e-02,9.828422532066103390e-01,9.363986460925379784e-01,3.357142353409831581e-01,5.310912410952252083e-01,6.462083481540087382e-01,1.543245079007969367e-01,1.668609976050007548e-01
1.500402221492929677e-01,9.189860737180887140e-01,1.482886708899585626e-01,4.602813632390012621e-01,4.350405256865752524e-01,5.387735819755800071e-01,5.759884667179742124e-01,1.653588350263054396e-01
8.361036448522388143e-02,9.247566388177324015e-01,5.913832313282116893e-01,4.922659412290145142e-01,4.143330022584411076e-01,4.887204332087566327e-01,6.697427264778312850e-01,1.649446994506247322e-01
1.148816302907086778e-01,7.226717938632796212e-01,4.511498392684474834e-01,3.622096688039916912e-01,5.278491538850372811e-01,7.159223621401730187e-01,2.391389385854166272e-01,1.666645656355496830e-01
1.280149083261366283e-01,9.711904654166860773e-01,6.169115460031350251e-01,3.792422970274649252e-01,4.779251868364537414e-01,8.017263469400405240e-01,1.551557035471918256e-01,1.668316611914342495e-01
5.091371631007349241e-02,7.395025272196913413e-01,8.345675240464023315e-01,4.649582245223043975e-01,5.078869739337418254e-01,4.856277544363243326e-01,2.854623967550788954e-01,1.668027572569505124e-01
9.247283108803690255e-02,7.304006627961517895e-01,5.678880919023854279e-01,4.018008593014942842e-01,4.746702553006948433e-01,7.022860821538453591e-01,6.636650877517251690e-01,1.648223014211330495e-01
2.592049739322725421e-01,9.496767779068873150e-01,8.211091970071621171e-02,3.199498054685704918e-01,5.364660816317500247e-01,9.685703011271433738e-01,4.503861930280367853e-01,1.656043838802820634e-01
1.559306651339033845e-01,5.741325936158871990e-01,2.198306424472333265e-01,2.974638081013802893e-01,5.928217350615510028e-01,7.668820410557453116e-01,2.194601235523704341e-01,1.662393080566758330e-01
1.152604465414565210e-01,9.813388776217575327e-01,3.679927984134499508e-01,4.215843790765956833e-01,4.803355887138130997e-01,3.904149828437383229e-01,2.528301205197741042e-01,1.671030399101751107e-01
1.097544382581507050e-01,9.485113272567207154e-01,7.686630810187193852e-01,3.680671215676625807e-01,4.790502775487711085e-01,7.247459441100999600e-01,3.870989592777298594e-01,1.662441614531582623e-01
1.779364324891707372e-01,1.870312159704224930e-01,1.504342400940122948e-02,2.690634463503281393e-01,6.704815265856831630e-01,8.288255694602054691e-01,2.676385252378440938e-01,1.654378027100521231e-01
6.937733990197542111e-02,8.751157893141107147e-01,9.426169548809917309e-01,3.551936710942716346e-01,5.164773459582288062e-01,4.573868096361712876e-01,4.761440503934947777e-01,1.656029509297529123e-01
1.144545126766352422e-01,6.145884935537102578e-01,5.354459935448395713e-01,3.771474462892699386e-01,5.288580317967700450e-01,9.649750846107332247e-01,5.274315786728079880e-01,1.649512481007316123e-01
1.286931204899979531e-01,5.355756355698698679e-01,3.286525973431460024e-01,3.721154630442921052e-01,5.417299821892508360e-01,8.777224946060266930e-01,7.446013079400072288e-01,1.632734903929252135e-01
1.097243037107453745e-01,9.348843348418015564e-01,8.515357854607144006e-01,3.579059586583965280e-01,4.709799832266633457e-01,7.934338086409700175e-01,5.674588406258976869e-01,1.656725365199567257e-01
1.259927566144514455e-01,9.023496495695244590e-01,5.395804734485735166e-01,4.141009460787827834e-01,4.824754579718574798e-01,7.723603631879156772e-01,3.508473366866222132e-01,1.658688322221940348e-01
1.269404737643506365e-01,4.219602948735449721e-01,2.175726765870541479e-01,3.630031861457558295e-01,5.619530832904096052e-01,7.756741949900138877e-01,7.332937612844503406e-01,1.634510152318791598e-01
8.646097079325121282e-02,8.274469508539078477e-01,8.960206471423257657e-01,3.496714432817993323e-01,5.262729887404733464e-01,8.225373579518812095e-01,4.455648682477150180e-01,1.651233213131679811e-01
7.550730610310449342e-02,7.475250034353452255e-01,8.323243028222843121e-01,3.788915420395541078e-01,5.344841898673936553e-01,7.593069677957154928e-01,3.028971700804884981e-01,1.657502525354990208e-01
1.781699193215768307e-01,4.804398959336649289e-01,2.015098882253412715e-01,2.686909114158357870e-01,6.086051320664748188e-01,9.438304639084923453e-01,4.815232546592494445e-01,1.645897517272539856e-01
2.002750670587435944e-01,9.662553621718157348e-01,2.439166073228584697e-01,3.983998683929627083e-01,4.562421684153143975e-01,9.650983039595764090e-01,6.733765487852911846e-01,1.644474406470509686e-01
1.165524775970206012e-01,9.918577343187400253e-01,9.561189402419223438e-01,2.462632147242339309e-01,5.598201653573173786e-01,7.147593938945120406e-01,1.162314610763512390e-01,1.672648850344837790e-01
6.163566148310085230e-02,7.335488147745670151e-01,7.764946235648764183e-01,4.981481313671061173e-01,4.548614509974479025e-01,7.035460170257016310e-01,7.714081337397682425e-01,1.632445676353764807e-01
8.557838627361377681e-02,6.852841064236697699e-01,8.204415000040031769e-01,3.372626968322475771e-01,5.674625450212915645e-01,8.592145144297559378e-01,3.807379731873907214e-01,1.653942802911851917e-01
3.348547774352604589e-02,5.015158263053766108e-01,9.819193035499604871e-01,3.940528290576331694e-01,5.769203851301377695e-01,7.578398924524283320e-01,5.217012616064259367e-01,1.651748068186355833e-01
8.818961890400162096e-02,7.990728952273925545e-01,4.949161208758571240e-01,4.455843448438772114e-01,4.670958590710405089e-01,5.220004505922908322e-01,6.336647364267797844e-01,1.645395585866373522e-01
1.019191075442729272e-01,9.094044551544813171e-01,7.144282337557448237e-01,3.741991371738465633e-01,4.859163509823096194e-01,6.711615153317742610e-01,5.740161890447291748e-01,1.643982549046505703e-01
9.781731856428547978e-02,7.794954974936226799e-01,8.111232238653310889e-01,3.241518217950266068e-01,5.520703950120063874e-01,8.004585691591366015e-01,1.074564759300197792e-01,1.671568975698421722e-01
1.116495734997627470e-01,7.099208506871172997e-01,6.265779896790919512e-01,3.651975477213822985e-01,5.068507777857735874e-01,9.652806508469939928e-01,4.982528435504355868e-01,1.655967307113105913e-01
5.941680316829970471e-02,7.394146309116320648e-01,7.304777317790568381e-01,5.068913780840317296e-01,4.551067885346120612e-01,6.333691906792455750e-01,4.990457731155625853e-01,1.652104258749536314e-01
8.348302121015296895e-02,8.540779597816661184e-01,9.918440140880204758e-01,2.928906337796923220e-01,5.367331425433224945e-01,5.957663797779567671e-01,2.637245023298989133e-01,1.676627677994786958e-01
6.657934251295755113e-02,7.073622327785266117e-01,9.714347583329839830e-01,3.328749782418333747e-01,5.841302660047396067e-01,7.086319482575035300e-01,1.241364129366344660e-01,1.670108962415577658e-01
1.107409559951452876e-01,7.518178720702258788e-01,4.881343685604638272e-01,3.838153629349289608e-01,4.748077204876468005e-01,7.341155836858173078e-01,7.869176459917649469e-01,1.636383127746679766e-01
1.461325270538772758e-01,9.186315502600611582e-01,5.236577014729068003e-01,3.757497682742304557e-01,4.875867124305623967e-01,9.422710096563398086e-01,4.858850250644699553e-01,1.649778701640129686e-01
9.903203952151168332e-02,8.566659776544449656e-01,6.022560119437028181e-01,3.920884150783264244e-01,5.204015303132590864e-01,6.100786284111809898e-01,3.207558297221840826e-02,1.672485808095920956e-01
1.334104605694181600e-01,5.720906100517915149e-01,2.296618258468726137e-01,4.131522012030814928e-01,5.373706700268708891e-01,7.708067237058109367e-01,4.315275612858398557e-01,1.649814558963046962e-01
1.829885616470675047e-01,6.545003789044633313e-01,1.180193470130380118e-01,3.890472456023206793e-01,5.084283730062645335e-01,8.507551528749632830e-01,7.146633436221838664e-01,1.637695320101724694e-01
2.097816792343529801e-01,9.890091379064476218e-01,2.569030421368544426e-01,3.610960307687767212e-01,4.690639638755151886e-01,9.360896683096678883e-01,7.743900592586594467e-01,1.640632435869324168e-01
6.195273124227740347e-02,2.332125255741269720e-01,2.322444321170747394e-01,4.405492008726378250e-01,6.140111762103482862e-01,5.707421899424377498e-01,5.639299458326322290e-01,1.643574465020171682e-01
8.635589367735524435e-02,8.288179792993850548e-01,9.351841221041212737e-01,4.664603966426078552e-01,4.454059191855739286e-01,9.717383628256264227e-01,8.155831542131407597e-01,1.641359513921509528e-01
8.061792370609799363e-02,2.538402472123982290e-01,2.963911161493382185e-02,4.043835161803184253e-01,6.957824589200356513e-01,3.488335992958626064e-01,3.709561558972718220e-01,1.654524627999694741e-01
6.444437243338724253e-02,8.177086092566298037e-01,8.661202903926845664e-01,3.417936190323829226e-01,5.591954316210004938e-01,3.528985419942991530e-01,3.280950243296029134e-01,1.661220354657166332e-01
6.639302381141905240e-02,6.368891524013223782e-01,6.658819031297447122e-01,4.807562684624519522e-01,4.795086658200570229e-01,7.413643299585034319e-01,6.902846713582891924e-01,1.641885811416578800e-01
8.513498699797597546e-02,8.881223137742444429e-01,9.712172396896413540e-01,3.438685270264851268e-01,4.971617642108193125e-01,6.863286812404698622e-01,6.514677158449617700e-01,1.648694443350434136e-01
1.099127540891825655e-01,8.917890436208866234e-01,7.024120343374001818e-01,3.430376871270353067e-01,5.332957414386952921e-01,6.970227880116018904e-01,1.361758528657905920e-01,1.667684269598108393e-01
9.275878367051505757e-02,7.892813237806438620e-01,6.746295420523907849e-01,4.761515407151201140e-01,4.405831693384788528e-01,8.564310633834495423e-01,5.236696716298194776e-01,1.656547552338022977e-01
1.622677012258808005e-01,9.825135901427997087e-01,3.280696920809306749e-01,4.228194033792719853e-01,4.125757694229329475e-01,7.899884872992297691e-01,7.197593650688423050e-01,1.645465728605699507e-01
1.551174932728118239e-01,2.111181089415254952e-01,1.223037570974147559e-01,2.852431970438493170e-01,6.616465900297661129e-01,9.066224643739937417e-01,5.870057296992515772e-01,1.633337107404486122e-01
1.488546170577376704e-01,7.658750982946559427e-01,4.191507615699574529e-01,3.654126479253752002e-01,4.762828262035105342e-01,9.589695555227331081e-01,7.130261714903173287e-01,1.646393955651794250e-01
9.852474037242837934e-02,8.146695746841547958e-01,8.096161855610828351e-01,4.173659836499917231e-01,4.635051028859425992e-01,9.146906278692699122e-01,8.316511590987476499e-01,1.640278750718857093e-01
1.325064579772189111e-01,5.242553916596373043e-01,2.861443931695235587e-01,4.040963982063894844e-01,5.473826553816563134e-01,8.575669691306869735e-01,5.295586181505800294e-01,1.643285476441226078e-01
8.084927459412519224e-02,9.614986380194956439e-01,8.105832656610026943e-01,3.665521690205542082e-01,4.834353015941866838e-01,3.782609129072311283e-01,5.650268751990605853e-01,1.652297903306824689e-01
2.057898176771585375e-01,4.164574096285111882e-01,6.472240416020630382e-02,2.877860328474983742e-01,6.009712765118799815e-01,9.452984235737043051e-01,4.311525398932609110e-01,1.650803056646261147e-01
1.178324804476233723e-01,9.351300069196477605e-01,5.235305364042516230e-01,4.119412243535228724e-01,4.390559710468828758e-01,7.179053355795106395e-01,6.413116545333858998e-01,1.644714134501921443e-01
8.566704861995366738e-02,9.101159954361084381e-01,8.987811644126915134e-01,4.772051221281324862e-01,4.196665143438244594e-01,8.102267276219151659e-01,6.352457989120512405e-01,1.654495987807653168e-01
1.886315212722987078e-01,3.354475553390173781e-01,1.090307467866142854e-01,2.702153715414813417e-01,6.389764752738804621e-01,9.441825721447265618e-01,2.531769154548668133e-01,1.659551731132676844e-01
1.308679113739806832e-01,9.964191643649905616e-01,5.440992862774838290e-01,3.940805806506022524e-01,4.847583868415496489e-01,7.057196500684453921e-01,1.511413356945228159e-01,1.667200350095955907e-01
7.360984740510970181e-02,7.122758797508292883e-01,8.994758040386722220e-01,3.821893371218133550e-01,5.032747915472757239e-01,8.048625088777425773e-01,5.516392800706619859e-01,1.658152655192790259e-01
1.324335347445873834e-01,9.976764024043482948e-01,4.932564657742233294e-01,4.410335032673252109e-01,4.085656976354032910e-01,7.863473874989411749e-01,5.655443937058112214e-01,1.652834080564125618e-01
1.120182518828689022e-01,9.118697217452680359e-01,2.773450013050310359e-01,4.347406400010663807e-01,4.754757472820134723e-01,3.834992471642061362e-01,4.208568943252795624e-01,1.663056279299682250e-01
1.451479259317823012e-01,9.612665396967559062e-01,2.912975735464833349e-01,4.673789380400030780e-01,4.057996724099809382e-01,6.861073946389152356e-01,6.531083417176001271e-01,1.649726062385887815e-01
1.828148134766550692e-01,9.788174016738198091e-01,2.221859370534789713e-01,3.976170449572575816e-01,4.866042604509299707e-01,7.566180573936104325e-01,3.530751718038662168e-01,1.655718697521230132e-01
8.292019649445703244e-02,7.924771631796363458e-01,7.959259861146553705e-01,3.822607246236626177e-01,5.314397705267790428e-01,6.410671104762384331e-01,1.306230747295891725e-01,1.669725495732840848e-01
9.021758423700378116e-02,7.255284076199236543e-01,6.956542638827160063e-01,4.370113860285884666e-01,4.833494187950342913e-01,9.242996911859236997e-01,4.297611822296558137e-01,1.654846842073203483e-01
9.865735529969056616e-02,8.752752536354067026e-01,7.571694538205816505e-01,3.910338395106768838e-01,4.788488251076976066e-01,7.526587367311361465e-01,3.279314207887630284e-01,1.661207899530203480e-01
1.267184264996861764e-01,9.367207166296835918e-01,3.277903238857291512e-01,4.842900742630669719e-01,3.945922064578196720e-01,6.413416334228305704e-01,7.322012490037275168e-01,1.643515242165385359e-01
4.299776206792478572e-02,2.729706138125982950e-01,1.411508347225676197e-02,5.238464036473445828e-01,6.442661469046450096e-01,1.964854149897576896e-01,7.435804623536637070e-01,1.642877326024941020e-01
1.094358821891832229e-01,8.898616632744154042e-01,8.399791936165084127e-01,3.517548566382318054e-01,4.807260977344560704e-01,9.744547025434497911e-01,7.434557274057373988e-01,1.635080887560991514e-01
1.166304202203938961e-01,8.561322057373580430e-01,2.697796663411365925e-01,4.797228472978840585e-01,4.428071111235842849e-01,5.395073255031158643e-01,4.931429544931343334e-01,1.656357771251611155e-01
1.214085714363344337e-01,9.387656797167424072e-01,9.546132833580682764e-01,2.395495102086868944e-01,5.315699826381276027e-01,8.896951400079173844e-01,6.866106799407878380e-01,1.651297507976516588e-01
1.877800481539830257e-01,4.261016719906992045e-01,9.088698920037685536e-02,3.272500093430972812e-01,5.887179805465068139e-01,9.550072745088937776e-01,5.676341090415248924e-01,1.633708953552631682e-01
1.679187975142344136e-01,5.293025614479056618e-01,1.326927262955830966e-01,3.512393147684405026e-01,5.420950210160360161e-01,8.602417216426985203e-01,5.532674973109168448e-01,1.644036244746897302e-01
1.996268621964971679e-01,6.699439305235549424e-01,2.495715340625771772e-01,2.517315279521787907e-01,5.711371259589850258e-01,9.639931554288704296e-01,6.323875040279143267e-01,1.648941275471754175e-01
1.614546345849310338e-01,8.871219960891992828e-01,1.077703358617016494e-01,4.321684909136334074e-01,4.357381185708932847e-01,5.697065647721939463e-01,7.061497525255560070e-01,1.648524472918857231e-01
1.469077806110523077e-01,4.017692129572854598e-01,7.954610785153876096e-02,3.975947179421452371e-01,5.556615754588545286e-01,7.595266551528156995e-01,4.389301302927516857e-01,1.651172598989230356e-01
1.948307032548518836e-01,3.548415653532001057e-01,6.520020117859792741e-02,3.339923208613461147e-01,6.043812400736339185e-01,9.937687494462151827e-01,6.053193426889417195e-01,1.633783649506914681e-01
4.727744891133017768e-02,5.872227635852526051e-01,9.050610064762580897e-01,3.917451435428693785e-01,5.675471537985429249e-01,6.691927412588897228e-01,5.116489682815138496e-01,1.648695909641200719e-01
1.000118551681506845e-01,9.712928484470916279e-01,8.034392513923026558e-01,3.176909953517685348e-01,5.103148598489785082e-01,5.235371219134380416e-01,2.404960635764853416e-01,1.670526413659015608e-01
1.098819591006049701e-01,9.082213266265177776e-01,6.813253852188776438e-01,4.829269612743294360e-01,4.127056526160453598e-01,9.442798383876366275e-01,7.490992632426076714e-01,1.639439785893428703e-01
1.094341055650168981e-01,5.743191947377803697e-01,1.974034346986059396e-01,4.136064153484420025e-01,5.486891997898970530e-01,5.289429093850294139e-01,5.412839561236946206e-01,1.647533088825044179e-01
1.413507810908033457e-01,9.901266799882455505e-01,6.395294365918007262e-01,3.511560231889948036e-01,4.614261046170767822e-01,9.431493884042722042e-01,7.347846955616643694e-01,1.638984568601294378e-01
8.265369854111861980e-02,8.719024298468275314e-01,7.510782637296757880e-01,4.588937213898663936e-01,4.550421622069383276e-01,6.672876700462172517e-01,4.112419289445208292e-01,1.662401997691407840e-01
9.945850771984267313e-02,8.262548240785846376e-01,8.575918619815452448e-01,3.218567732968627970e-01,5.019878903343585330e-01,8.600128611773925069e-01,5.754464171422775109e-01,1.655080566902818462e-01
1.814112032683627418e-01,5.392689970982424974e-01,2.086504585274640000e-01,3.366964606224543410e-01,5.756684288252871262e-01,9.865086542969141448e-01,6.065055934136129867e-01,1.642175046209709555e-01
6.842217126191449394e-02,8.108773590410579546e-01,5.886883323702064574e-01,5.009902240487329461e-01,4.395250132086892525e-01,4.683362248214638646e-01,6.724382972897418043e-01,1.645158185278792762e-01
1.688005006959180654e-01,7.020627736910007854e-01,2.555678689220663991e-01,3.894597816588526995e-01,5.006808709645548250e-01,9.159337012628097074e-01,5.294886123237710907e-01,1.653513124499769171e-01
1.602731276499171909e-01,3.049720660175938569e-01,1.004804826451007327e-01,3.262040133737289516e-01,6.199918244006221713e-01,8.597884183867793295e-01,2.679565273744344833e-01,1.654038319604123619e-01
8.483948773109299679e-02,8.107416349579260606e-01,9.010408363379565078e-01,4.186908855274460439e-01,4.824185214933762178e-01,9.138424094221430094e-01,6.087496468178386078e-01,1.644062374049813369e-01
7.934867529300462796e-02,8.984509105454826505e-01,8.679633990388087028e-01,3.936840454337758866e-01,4.702504822027306908e-01,5.895677129633467572e-01,7.801379300247542892e-01,1.637689001543370659e-01
2.364545722686106632e-01,7.627678867069879187e-01,9.378577756455014347e-02,3.354411296333116299e-01,5.446098181133522953e-01,9.569146664731281726e-01,4.755330543727351866e-01,1.654143356672545806e-01
1.374139656504355933e-01,7.985584743758964432e-01,5.607778066077745427e-01,3.214037996305030287e-01,5.423880411546753155e-01,9.531203542181259092e-01,4.735314799054474721e-01,1.647612160407176118e-01
1.227401398943427369e-01,5.395536243921330577e-01,3.873445074509401231e-01,3.606545366817483500e-01,5.420901587886650663e-01,9.131961422595598066e-01,6.342225944212921407e-01,1.637955046216193755e-01
1.264657178141485039e-01,8.745184283982138096e-01,5.487683893226987797e-01,4.563442326461101817e-01,4.174005830015051766e-01,8.986734956345867609e-01,7.149315530732487378e-01,1.647868706744996803e-01
1.056956707453771682e-01,9.413190689503890818e-01,9.005398773282460301e-01,3.672153408247714190e-01,4.694970251808212591e-01,9.179043133527322595e-01,4.535338901424902924e-01,1.663774300872915002e-01
7.066403939205456730e-02,6.655211047652080936e-01,8.950202540690159747e-01,3.713305715262798512e-01,5.273015198358257383e-01,9.025432827879577014e-01,6.193415226954872566e-01,1.645004264791563031e-01
1.134341595990266266e-01,8.447846458477223930e-01,1.691175039944735614e-01,4.613506491866448678e-01,4.690447462754899766e-01,3.644946610221543870e-01,4.740233541322739219e-01,1.663936678643845035e-01
8.994883909648866693e-02,9.305565028596285426e-01,7.888053308408100595e-01,4.275038403988666302e-01,4.415539367702793205e-01,6.196380678140548381e-01,6.491469548504436027e-01,1.653258132561973293e-01
1.030704398914629172e-01,1.332663403171835403e-01,1.479932808801646127e-01,3.761028503156084168e-01,6.577837268102434409e-01,7.441056201975981832e-01,4.013181068625427672e-01,1.647029532735706792e-01
1.100420108256382479e-01,8.519466211910007303e-01,8.849552864906591321e-01,2.969749689077803567e-01,5.123858129086014124e-01,9.756631761505031308e-01,7.552332059781095008e-01,1.639830358207137739e-01
1.149832749883255706e-01,5.148994031397948756e-01,2.928023397097370140e-01,4.077005986611940691e-01,5.065094983543763085e-01,7.871525468801893188e-01,8.206074578307092082e-01,1.631898458927020790e-01
1.514891280484135239e-01,9.815017336533743419e-01,3.887193726675131633e-01,3.849196650896514194e-01,4.385084347458267917e-01,7.415767899031825428e-01,5.476198207008357022e-01,1.660865543444559334e-01
1.204324124333880919e-01,6.412153100515802784e-01,3.953255255170287641e-01,4.173159285651663053e-01,4.909560516210571546e-01,8.758321283117170841e-01,7.990362272103757046e-01,1.629487574207280354e-01
1.195820306238644243e-01,8.473515942144302926e-01,5.389450235749583262e-01,4.371795122449561033e-01,4.435908180542159074e-01,8.713577071326354950e-01,4.199664850169033126e-01,1.660420472693473204e-01
7.235062588818508278e-02,6.983567990084998955e-01,6.754956803404044141e-01,4.530229525096393650e-01,4.992584257546758830e-01,7.192250482060339456e-01,2.156225631054539682e-01,1.664916872368585876e-01
9.808862062000443804e-02,9.160106523782808319e-01,6.886170244728133660e-01,4.342880547424863291e-01,4.713443176954022484e-01,6.677273599593683828e-01,8.374331812548685416e-02,1.675529040355522858e-01
7.192741032139120250e-02,7.979725040893316246e-01,9.609971240269394865e-01,4.288261840288590809e-01,4.967621622233708845e-01,8.020193082887489000e-01,6.723224614204630356e-01,1.640760039810902626e-01
1.524902604505711523e-01,6.814221711971031326e-01,2.684205527994499851e-01,3.292839741129899855e-01,5.379606316154920131e-01,7.486425071374529505e-01,4.719841227180903154e-01,1.654474599922241274e-01
1.022527569843802997e-01,8.382457416561531760e-01,8.017492154005241289e-01,3.936909954074437334e-01,4.592021965363862201e-01,8.885177500801040296e-01,9.209149637174636194e-01,1.629421498934583434e-01
9.989363252407755522e-02,8.249206821554208036e-01,7.879241146163600273e-01,3.630995721846430047e-01,4.995140132373926400e-01,7.974735151298448788e-01,4.446232658388479253e-01,1.660893608696397961e-01
1.451437680515478279e-01,7.402670753184645847e-01,4.287336854783367346e-01,3.873479810065704743e-01,4.589979362243753469e-01,9.764930857622701188e-01,8.310623588186560884e-01,1.641275215667930276e-01
1.239353891990823131e-01,4.678458168565653441e-01,3.195971908377537307e-01,3.258761570133508201e-01,5.841614742758171053e-01,8.281039196973610794e-01,6.087904561719121865e-01,1.639261557028443839e-01
1.520416297231353964e-01,9.667537031321333796e-01,3.970225405145063613e-01,4.198738694863506371e-01,4.576255451856242606e-01,8.323399995703989473e-01,4.039850936728086039e-01,1.658182578165977861e-01
1.265573862378617798e-01,4.635657055542881655e-01,2.361889346081286756e-01,4.169536968708209002e-01,5.361496524488120752e-01,8.531048300095681602e-01,7.529569405114742153e-01,1.625000900346854904e-01
8.575250584742555304e-02,6.964034750664398477e-01,7.134458867636489510e-01,4.147561254330363045e-01,4.912935683472115511e-01,8.820366572997324628e-01,7.962444271725384048e-01,1.632326514022764408e-01
1.498275043442419130e-01,9.944504860270774182e-01,3.944806007533080416e-01,4.415115043621760105e-01,4.019145587778689688e-01,8.237629275425978337e-01,5.347693140789482324e-01,1.660076291977108931e-01
2.170947779310340997e-01,7.419544999111539196e-01,1.877763972413856730e-01,2.673350478815872955e-01,6.054416850311499232e-01,9.608811750544155039e-01,3.053184795670900176e-01,1.652836411031278763e-01
8.708178310229951202e-02,8.370951120604364082e-01,7.955720634635223831e-01,3.911252298784802517e-01,4.963663894023370160e-01,7.269749019359603714e-01,3.650594526577185528e-01,1.662961776355403321e-01
9.516150250831456603e-02,8.489289463343993036e-01,8.653867859115010885e-01,3.549171040992156190e-01,5.023621685044151741e-01,7.296132406446655949e-01,5.838876274367499342e-01,1.654965181888166381e-01
2.225238215689999965e-01,5.710150323797744676e-01,1.469550655908890002e-01,2.248215100506610054e-01,6.064812013695218829e-01,9.655787885909846713e-01,4.914033016579761326e-01,1.654378466881855081e-01
1.972676933342870087e-01,9.039322294907337074e-01,2.483853139989087577e-01,3.603280712234939731e-01,4.871485711146829045e-01,8.972505451026284717e-01,6.436318757105375932e-01,1.651905606124997317e-01
1.727668337588317837e-01,8.763591465354637622e-01,1.884181900994567616e-01,3.766104108412230977e-01,4.878229394488912130e-01,7.136411883068755069e-01,5.644973872442931029e-01,1.646067721165921371e-01
1.133259425743030624e-01,9.418016189410929329e-01,6.881733995876113674e-01,3.721241886743151261e-01,4.605068126840512477e-01,7.732007183136990758e-01,6.410077541004776114e-01,1.642541812058922468e-01
6.335969851629545679e-02,6.057501802397251556e-01,9.293223175700711103e-01,3.581978710999919602e-01,5.650722896855686628e-01,8.196183786683385319e-01,3.235968815649388208e-01,1.663772356205657776e-01
8.684493301368004237e-02,7.636839829114804301e-01,7.329304602031959659e-01,4.733678981225272198e-01,4.417380324437707451e-01,9.076975253300866298e-01,6.265890560273317256e-01,1.648927806274649299e-01
1.184143575144032956e-01,4.887523491648800844e-01,3.616863095501786640e-01,3.668456799344290142e-01,5.396982078420069495e-01,8.791623222554934003e-01,7.719798970057876186e-01,1.630306998563902932e-01
6.232910182184400044e-02,2.786779587829692484e-01,2.966302397338566599e-01,4.015332063257963657e-01,6.275734813188198480e-01,5.703471792503976845e-01,5.513067305489373071e-01,1.644554213279434685e-01
1.210836659877809196e-01,6.670970935661998391e-01,3.744771079048241913e-01,4.110190992887476358e-01,4.912524470346854022e-01,7.471374170854476748e-01,6.055929831773374517e-01,1.651724285106598022e-01
8.397764083571969407e-02,9.124089330911476781e-01,8.891588533018042195e-01,4.383426083258570860e-01,4.558957177280507089e-01,6.931773421764563237e-01,5.044805821063912399e-01,1.654592660201827659e-01
1.119024113045096747e-01,8.801716819635254652e-01,5.764239703322416863e-01,4.467737197588421694e-01,4.243325642273505505e-01,7.818756238701490835e-01,6.133900444951070341e-01,1.653899399559982386e-01
1.801081348373244351e-01,1.771322882572994306e-01,4.164576170649048059e-02,2.519894601185447280e-01,6.983287889740048549e-01,8.491388715638391593e-01,2.858134551989285344e-01,1.652632496733540124e-01
1.796819740642528473e-01,8.250875254932682479e-01,1.969850459832220846e-01,3.897771998280361583e-01,4.606564591500763584e-01,8.494164269489729024e-01,6.074076455473462754e-01,1.650911679454407366e-01
1.365557653691399920e-01,6.487729706936107288e-01,3.512866987044953593e-01,4.162904127658624831e-01,4.677235988762463714e-01,8.975988509836898555e-01,8.832004581255250564e-01,1.630074819329106750e-01
7.421767257432204667e-02,7.042797304174559514e-01,8.885905198424368656e-01,3.162628042387143346e-01,5.537418806352700784e-01,7.415277610119048735e-01,5.887884978135567993e-01,1.644388981295704932e-01
1.716017152507393895e-01,8.724067154774686195e-01,4.261064843501576882e-01,2.961043926437045837e-01,5.077230759466362375e-01,9.807790788029070450e-01,5.415502936734986061e-01,1.656420898607891545e-01
7.279970035232868897e-02,8.440438427580679859e-01,6.041044946220446299e-01,4.680206356474217455e-01,4.851192819642991538e-01,4.102291665946360966e-01,3.879385329451823239e-01,1.658868209027984375e-01
1.283948593438419827e-01,9.134265904713839701e-01,6.194900997764170025e-01,4.232862621209473319e-01,4.827658743134266572e-01,9.468184271329617152e-01,3.259411944354060897e-01,1.656663314753084038e-01
1.055072878360149291e-01,8.321747126239402714e-01,4.856545494167199828e-01,3.986039074802356641e-01,4.897109010038168675e-01,5.461217214289220134e-01,3.791817719466198944e-01,1.666862722943164843e-01
6.809859788807438863e-02,6.328111277504062659e-01,9.613710657500547097e-01,3.731941064262834784e-01,5.511572572741457732e-01,9.597350676234686073e-01,4.251862783025655013e-01,1.656885182023030978e-01
6.012442615707731808e-02,5.611291781684564217e-01,7.510390282869954248e-01,4.521960301774123336e-01,5.326734174858430704e-01,8.277084431884550453e-01,4.637847815166022958e-01,1.651999230686514997e-01
1.173358057137294519e-01,9.898335976701140293e-01,6.598403317695402670e-01,4.073374656475250433e-01,4.526035563673033169e-01,7.632928778012963988e-01,2.029047715011150776e-01,1.672382711228282692e-01
1.295075043575793783e-01,7.757044793425491580e-01,3.446053393895321393e-01,4.114298672476376928e-01,4.694088672517755523e-01,6.928632403527956729e-01,6.761317731746478987e-01,1.649006215039387491e-01
1.384341370404031102e-01,3.417221748799482151e-01,1.398677124727168430e-01,3.536436583512324039e-01,6.286447325488808691e-01,7.647406894074451067e-01,3.956627635484120109e-01,1.646709156842910970e-01
8.535469678200194310e-02,3.012027507168689167e-01,4.606065253395613679e-02,4.127132854557507557e-01,6.302378571826625642e-01,3.812427846753113081e-01,5.085887995256951344e-01,1.653050129361187670e-01
1.237763614997858391e-01,8.171721096769969384e-01,3.617388669353751030e-01,3.770512833277896991e-01,5.000530801498520583e-01,5.718888902092815751e-01,3.912318020233913618e-01,1.664245429711463942e-01
9.313968347332790554e-02,7.769036014654755462e-01,4.786698775919049909e-01,4.657540293243621621e-01,4.639681775349215331e-01,6.229688493247264036e-01,4.142008199638606003e-01,1.657455223994442617e-01
9.429402858470167792e-02,7.530653528951096742e-01,8.380254257473738200e-01,3.259586351510002644e-01,5.433763894195978716e-01,8.773995708591925125e-01,3.116464902833557815e-01,1.660511644938598430e-01
8.100786360196103597e-02,7.164172337554162162e-01,8.594212206957203559e-01,4.261883545064835133e-01,5.021739329774036475e-01,9.837029738983327221e-01,6.231639262947199498e-01,1.641038243300072252e-01
1.230371424056045659e-01,9.187858994951745295e-01,7.642427558550446420e-01,3.649168984526761084e-01,4.640125807385509504e-01,9.578697925726412654e-01,7.369442492569542313e-01,1.644793092139751889e-01
7.997306391070019282e-02,8.168482066550369902e-01,9.678785015552153759e-01,3.657780094334134313e-01,5.282545881651173891e-01,8.246196226340026803e-01,4.514029758758688615e-01,1.651409768062087891e-01
9.281078472565315596e-02,9.086330652059899649e-01,9.210007267410041942e-01,3.966323088549950082e-01,5.009344711606900091e-01,8.007009719486553045e-01,3.753747643856620853e-01,1.655321560796523817e-01
1.628954465625637449e-01,7.534138425978599285e-01,2.069351047361256413e-01,3.629578432503633434e-01,5.122730596529527780e-01,7.152181882340004071e-01,5.945729597550251100e-01,1.646561062763887695e-01
1.064177848793728537e-01,8.349782648273557095e-01,4.214972432614473297e-01,4.049990517341969243e-01,4.835955259261484063e-01,4.898833711032569704e-01,4.755225540984786559e-01,1.660900747760809815e-01
1.129473600685027002e-01,9.344353288784861267e-01,9.752382671659378666e-01,2.593530379283250920e-01,5.497138214610296503e-01,9.284908306393463429e-01,3.490127382743782314e-01,1.660542645991575361e-01
5.130275997641349506e-02,1.700495896056062328e-01,2.296081216630558031e-01,3.768283282114755495e-01,7.237373348445519383e-01,4.374170010590163193e-01,4.531397738989891844e-01,1.649368853383246236e-01
9.660082826279541013e-02,8.760161253387142022e-01,7.127027587884153803e-01,3.777987114562475490e-01,4.765219413299844886e-01,6.360344890642573024e-01,4.282444807405063614e-01,1.666342129558420204e-01
5.982383081679737424e-02,2.164821572512328207e-01,2.375237976908953497e-01,4.617601420163005566e-01,6.314229579631094325e-01,5.747632655063137364e-01,6.605225262046526824e-01,1.633329390361623890e-01
1.300944852983531574e-01,8.060529988356706088e-01,5.081684037183685776e-01,3.840165459982540774e-01,4.824424111175385499e-01,8.730377148079148109e-01,5.779470762441912823e-01,1.645231479073133718e-01
1.108022985054276377e-01,9.088735518137192049e-01,8.608543129373555924e-01,2.444056400544360741e-01,5.591691047974398643e-01,7.445695379133362435e-01,2.053981445358435964e-01,1.664212615862945277e-01
8.336509702284497503e-02,2.882286506633027767e-01,1.491944233798267461e-01,4.110230438214275139e-01,6.091343123445329688e-01,5.328127080364023493e-01,4.635561140074889175e-01,1.652148377590949013e-01
2.287161181307914570e-01,4.684679448984936379e-01,4.236213074141370605e-02,2.731526784155429710e-01,6.155218604715265718e-01,9.851037304103067438e-01,5.989787996426488847e-01,1.638803198090844349e-01
1.573884131033764511e-01,8.981265746977602493e-01,4.367731822392987850e-01,3.909421226878543876e-01,4.558045013565329984e-01,9.516861492085476604e-01,5.845588902300253853e-01,1.653220176900205285e-01
9.985435687031708751e-02,9.159417066870099156e-01,7.583022906043491718e-01,3.902481840716920947e-01,4.598934303582482563e-01,7.478020218893228765e-01,4.861013664531435574e-01,1.659861436252872968e-01
1.359722739903652666e-01,5.262378362615731664e-01,1.192092548549215092e-01,4.056462255533534456e-01,5.240121539673852080e-01,6.580417234156555883e-01,7.130033611020709650e-01,1.635625499959003082e-01
1.055927486824553702e-01,9.016632509557827024e-01,8.119020300707244786e-01,4.299956758808367585e-01,4.262626784977477379e-01,9.697973067462428709e-01,9.048448316186163964e-01,1.630862329868929261e-01
1.343853191568389061e-01,7.097629649364117776e-01,4.092902082229565863e-01,3.249058914296806821e-01,5.595812855622033233e-01,8.042398509400682238e-01,3.350681406319162559e-01,1.654821133017774226e-01
9.181779693597497127e-02,8.350953166765968660e-01,6.326944214549607981e-01,3.709588182712058035e-01,4.913666516372304782e-01,5.525785589797918007e-01,5.595283238920754076e-01,1.654215982587490530e-01
1.375949315224749281e-01,4.897589842218265099e-01,1.798692967495126860e-01,3.590188022525200862e-01,5.604930095756401887e-01,7.069837196920658595e-01,6.461910473348800865e-01,1.642135325292013726e-01
1.221365220180963829e-01,2.170839803319713490e-01,3.087501947530024715e-01,2.739898636954397615e-01,6.627192500949286025e-01,9.356380632805773034e-01,5.610067433172336582e-01,1.641601957984618054e-01
1.407263619080201533e-01,9.410709583016185764e-02,1.999754603210647241e-01,2.531827473045107912e-01,7.032354732351500104e-01,9.637944815561523271e-01,4.758445412584150214e-01,1.643062465975123621e-01
2.067524680085602862e-01,5.192621816006062208e-01,1.114933107349418973e-01,2.755696572593234750e-01,6.080076983555193770e-01,9.252029333345120898e-01,5.955391802935776635e-01,1.640832991333970037e-01
1.523083494375369606e-01,7.316824004428790218e-01,3.395332455262639604e-01,3.365997915923010786e-01,5.285506165343130114e-01,8.137346183063256522e-01,6.899048152131461720e-01,1.640245151382104805e-01
1.728497731098657675e-01,9.996230387407158968e-01,3.832562509423864672e-01,4.123760782186738361e-01,4.149499817382044653e-01,9.707901271972014801e-01,7.273306143093148934e-01,1.646337905153276993e-01
1.165083538770676913e-01,7.196767578868364934e-01,3.271429319996917995e-01,3.912764998634226665e-01,5.101258915272527394e-01,5.798921262074977490e-01,4.123041453679088808e-01,1.663603715690198936e-01
1.013587243346981415e-01,9.087212955226023903e-01,4.340525370601415189e-01,4.747761853361904816e-01,4.087258421617735449e-01,5.465392657348824290e-01,7.009092492031038235e-01,1.646638135060115582e-01
8.652626990957229536e-02,9.092933706636763258e-01,8.143334085969131664e-01,3.415059649064248193e-01,5.357238737811576001e-01,5.125244384975482514e-01,2.411854253699545203e-01,1.663008999543117428e-01
9.231357645744353579e-02,8.650390795061584370e-01,5.989006332391393350e-01,4.337872498043017777e-01,4.898776899465328016e-01,5.943419798901871109e-01,1.508489367542533710e-01,1.667862212971772395e-01
1.749021719530685082e-01,5.870907345137688083e-01,1.617487969181441165e-01,3.310161157907973162e-01,5.835227048885847090e-01,8.299229213145985495e-01,3.030120217513218583e-01,1.652230585668262031e-01
8.988586463059537734e-02,8.458932743601319526e-01,8.643589747898394737e-01,3.501456114350950943e-01,5.139271123515709583e-01,6.804741346904502608e-01,9.092398383960331731e-02,1.679513348150277197e-01
9.648809962689916531e-02,8.504314610966177135e-01,9.552787278307914853e-01,3.064465015451566243e-01,5.229437549772328886e-01,7.822417309844477140e-01,3.440906789084594575e-01,1.671892861968989896e-01
2.198579089353369098e-01,7.886345265759048262e-01,1.820535528285229243e-01,2.636716589232595553e-01,5.888670117004588533e-01,9.211663022939702294e-01,4.117026805273800161e-01,1.652130555895132136e-01
1.271915659430403189e-01,3.285079663805913763e-01,1.183605387453549596e-01,3.405491434414192331e-01,6.281074151297266761e-01,6.698737719651199907e-01,3.937468249030964262e-01,1.649628809017447129e-01
7.696250159114878531e-02,8.460287887250245165e-01,6.761921989667949440e-01,4.568883866774883229e-01,4.640599160193787376e-01,5.791680636550529115e-01,4.654010932106943943e-01,1.653771516911233253e-01
1.222951220674523554e-01,7.637539544913410916e-01,2.871237061653078015e-01,4.942663665337882484e-01,4.284591194433827743e-01,6.889582167657348766e-01,7.500689405193072812e-01,1.639239785295393270e-01
1.208765871303091322e-01,1.578388412522966355e-01,1.623105299603994078e-01,3.056259151892278814e-01,6.676475654016111871e-01,7.789742493932106937e-01,6.358204593842837760e-01,1.634016589995289648e-01
1.620749818611582627e-01,8.242882718117711116e-01,2.847689666843522538e-01,4.001935687070279357e-01,4.703450926491616335e-01,7.969712762647682691e-01,5.582681867560683742e-01,1.657025401887106952e-01
5.264535109453755135e-02,6.746825280550180493e-01,9.109732648149502232e-01,3.533371598334589248e-01,5.544912975746143502e-01,5.512775015064355077e-01,5.198123110509156319e-01,1.652618516293027640e-01
5.774455852251585836e-02,7.889000057889171691e-01,8.104614659466089499e-01,4.199076264073245968e-01,4.924970762476815755e-01,4.257767058462129661e-01,5.833297581641007090e-01,1.654833122331169082e-01
1.237279195157987982e-01,9.644693884417777641e-01,9.583223822757587218e-01,2.317589840485594910e-01,5.414900488022129643e-01,9.350016247781602896e-01,4.462088164891901965e-01,1.657647006240990373e-01
1.333480682636609127e-01,2.660802279732310538e-01,2.270255676884793961e-01,3.492301352120518176e-01,6.280764472068391946e-01,9.395296565080579754e-01,4.981926658644783568e-01,1.643705689610402976e-01
6.395084026843531055e-02,8.620670538368986335e-01,9.445782087432119667e-01,4.019178157030752763e-01,5.024222737028916086e-01,4.374605705331496841e-01,5.336859083561346084e-01,1.656418440710528406e-01
9.162606388102721711e-02,9.164132044708019897e-01,9.507290520812288204e-01,3.284283081549921324e-01,5.089085940682471776e-01,6.261352068550299910e-01,1.635787237666641025e-01,1.682011023264985694e-01
1.442510766897788788e-01,9.416961345025834929e-01,2.971079643305246654e-01,4.287194359282827660e-01,4.679070228814164456e-01,5.975500215635498602e-01,3.835813566056230361e-01,1.663190446288345115e-01
7.125811595125337849e-02,8.519078484660077555e-01,9.249877086242132007e-01,3.957532178594965755e-01,5.183908619179239397e-01,5.767637127379598994e-01,1.388298069772423426e-01,1.670471860794885410e-01
1.456866522195989222e-01,9.871558318483490968e-01,6.243664092771569196e-01,3.247292243786696897e-01,5.138473144811348536e-01,8.627568010487278727e-01,3.212813812641289735e-01,1.660517758787820874e-01
1.186536161802144995e-01,5.449799099820785697e-01,3.604074720541623478e-01,3.498061872502877812e-01,5.502066213593986843e-01,7.994746676007361552e-01,5.514540662002325178e-01,1.650232144581140203e-01
1.111095449900450227e-01,5.828235355235547033e-01,4.549966855442706404e-01,4.380819642973771133e-01,4.937603894854692421e-01,9.099638363031115063e-01,8.163767355899778089e-01,1.630038838802506662e-01
1.668794849244202572e-01,8.820928777783110242e-01,3.568250178784373450e-01,3.652317453856183671e-01,4.892468445700918767e-01,8.928189016557434021e-01,5.118561236575087658e-01,1.650018939792882722e-01
1.147619449966214844e-01,8.852846259342461721e-01,5.842397598409910797e-01,3.978788154645754305e-01,4.307241528220303040e-01,7.432589770944499907e-01,8.003852348061432087e-01,1.641265025867742755e-01
7.983667204627031833e-02,7.440261376859188536e-01,8.039132508347890393e-01,4.395170850211892466e-01,4.757553996889133940e-01,7.876561975730491660e-01,6.522575242499364379e-01,1.650355154503370392e-01
1.222696434883527444e-01,9.433765878792650383e-01,5.923333872397937849e-01,4.116650458484438779e-01,4.753670985742624588e-01,7.247706640637117115e-01,2.366931476867992767e-01,1.670847188997206800e-01
1.153824912683431431e-01,9.582747656420825821e-01,8.423460154648119147e-01,2.880432701839225618e-01,4.922829207315054800e-01,8.088169684592233510e-01,7.808172944214195610e-01,1.638651286908725246e-01
2.138984620886263677e-01,4.336476744587265397e-01,6.813113446733209955e-02,2.670260092198605828e-01,6.339097434230169803e-01,9.739807041394037412e-01,3.679821648952488200e-01,1.650416770033438230e-01
8.078759159193836525e-02,7.513802233282167453e-01,7.975050840336148639e-01,3.962688150047320446e-01,5.125799310899481487e-01,8.420760693228985794e-01,2.397173423227250133e-01,1.661720824535167507e-01
1.582411012929642591e-01,6.438405827286959315e-01,2.794549952350203759e-01,3.279836211628219256e-01,5.378694418997647109e-01,8.454263910543633465e-01,6.886725188243392193e-01,1.638858629555825785e-01
5.307126303817037705e-02,6.898300065662823499e-01,8.438697162148051101e-01,4.519884370963766496e-01,4.955775481951374406e-01,6.258520243850265175e-01,8.143000024430365746e-01,1.632822573667846444e-01
1.102433942676702000e-01,8.520785230950309597e-01,7.144961582247919551e-01,3.231359571912176820e-01,5.288360902512536654e-01,7.252806058812164558e-01,2.544746515943184240e-01,1.666669155324511098e-01
1.643378745745673331e-01,9.397448930068517114e-01,3.552587693147333803e-01,4.147346193916580659e-01,4.693256466603342170e-01,8.099808115952846777e-01,3.735153917695986925e-01,1.664013479966746367e-01
1.009740410285360351e-01,7.689487550316409514e-01,8.353619974056367692e-01,3.768590665646824878e-01,5.170839949310077621e-01,9.971624207646482274e-01,4.326871946415112302e-01,1.659159215710179214e-01
4.406419865680492876e-02,6.005615718889267818e-01,9.299049929567770878e-01,4.022762319405192577e-01,5.422795985835866528e-01,6.852771597556189809e-01,2.848345316661538562e-01,1.668583628546933262e-01
9.474649494564872654e-02,4.879074892789335705e-01,3.001687753029356198e-01,4.452320387873509588e-01,5.044056143779310775e-01,6.808625568811074169e-01,7.631913315160896438e-01,1.638289697389812560e-01
1.250975173846691213e-01,9.461361782031554313e-01,6.906533005824704308e-01,3.256838322708768274e-01,4.656717771317823162e-01,7.939539358336827890e-01,6.672211709419560988e-01,1.650192499150742176e-01
8.006238044556579503e-02,7.205919833336019709e-01,7.768269951250432737e-01,3.972161052046023766e-01,4.889146467420540376e-01,8.310500246574612504e-01,4.173021141834474812e-01,1.662426089862917011e-01
5.503491374580006534e-02,6.728013312238000365e-01,7.360791247285138894e-01,4.459115867819110068e-01,5.260508747003310726e-01,5.658389826929998145e-01,4.773988485508387503e-01,1.650701989269520720e-01
8.876676690477648679e-02,9.687317454295434338e-01,7.556041827566494229e-01,4.363709506615961464e-01,4.151893649235229300e-01,5.462177072234688513e-01,7.879793775857719673e-01,1.644304702022890696e-01
1.052915778336055430e-01,4.757102269158129948e-01,6.917579031237192089e-02,4.361761652638722619e-01,5.710280036491898192e-01,4.543200310210561699e-01,4.775892892676613100e-01,1.649287009287139227e-01
1.110058171772883018e-01,7.005734599497123183e-01,3.608132474205738571e-01,4.624257161630602742e-01,4.549254515151460176e-01,7.231350483747698288e-01,6.669467970941165280e-01,1.647007050583828847e-01
1.010069910702881824e-01,9.275802986134675798e-01,7.519055863580114130e-01,3.997926456079257673e-01,4.468952220400867481e-01,7.890392729087831736e-01,7.310974781845596127e-01,1.638212895920289069e-01
9.475810406434045929e-02,9.841311685069862314e-01,7.249674597593985803e-01,3.907941857918496575e-01,4.522974356653031158e-01,4.963077912332915509e-01,6.370385607603764599e-01,1.652658279122214968e-01
9.357078680430040707e-02,8.486967017002873259e-01,8.958159351876602283e-01,3.496910938718635342e-01,5.093589330561086870e-01,7.587369279322104809e-01,4.675543090899728083e-01,1.656269276757713349e-01
1.691203629999396274e-01,8.187971951297216000e-01,3.321155078834616692e-01,3.441033640185313658e-01,5.352761034175582688e-01,8.799631320899932163e-01,5.016331250980324841e-01,1.646413870593521345e-01
6.365380959281644047e-02,3.345690403247970623e-01,1.126000468529487208e-01,4.232390851842477986e-01,6.669507853664891073e-01,3.009671294873647596e-01,5.519242246691699050e-01,1.647055642269508180e-01
1.278559531507630909e-01,2.142009441732369845e-01,6.889182691681944304e-02,3.812056028929516338e-01,6.049472014538983533e-01,7.131032853637743196e-01,6.285804688470302271e-01,1.639574730543062742e-01
1.085203135518241213e-01,3.495064953294186316e-01,3.339880002440134277e-01,3.144955386300022360e-01,6.380852042248776890e-01,8.008637974181798125e-01,5.260128811195410314e-01,1.641342068047790537e-01
1.251336100982299304e-01,8.427030696055143322e-01,4.273961520344730647e-01,4.143502961376291371e-01,4.738045905434076777e-01,7.007692775922360617e-01,4.034711802549071913e-01,1.664083416470558130e-01
1.065640422096371526e-01,6.905004408738246724e-01,5.775007914506149476e-01,3.932562377479211779e-01,4.897576196567491880e-01,9.185109452286432941e-01,6.232988149032266945e-01,1.647372385036208753e-01
1.313422362538876342e-01,6.553368121095697330e-01,3.556435069213383371e-01,4.099618071369869332e-01,5.148160298493470455e-01,8.599392595585403365e-01,3.791321587593751152e-01,1.656415919709762208e-01
7.081319986112463716e-02,6.888934927262905239e-01,9.403512970245879732e-01,3.946953658412652444e-01,5.080646774082570039e-01,9.253376564802129334e-01,5.623573450972033649e-01,1.650860308841487767e-01
5.487540968884935255e-02,5.953623724718974941e-01,8.254561581964585670e-01,4.207436522494888975e-01,5.449185265008062995e-01,7.371119821802629701e-01,4.053056808669043276e-01,1.657927780839028586e-01
9.969128495652873623e-02,7.703574589444833753e-01,6.797270017374443807e-01,4.228048240774850974e-01,4.683331838190106233e-01,9.118096772619581625e-01,5.345894463995887191e-01,1.652461292530387760e-01
1.091378673293098289e-01,8.162086322600354826e-01,2.098024372058459597e-01,4.578268883765332919e-01,4.477354110895608863e-01,4.013975497761109734e-01,6.694583770616320262e-01,1.652720560373315550e-01
5.978591366787723571e-02,7.680936247217284851e-01,7.935534345253956179e-01,4.661235037578375096e-01,4.605724681136691423e-01,5.847374426666143155e-01,6.474436510158330105e-01,1.644053563144404762e-01
4.844001250112056622e-02,5.895348054049132092e-01,8.794651051278934428e-01,4.282741977290318580e-01,5.230757402811474499e-01,7.222944472951243755e-01,4.851134121526197163e-01,1.656105284272822442e-01
1.125038858066267217e-01,8.221071165575496442e-01,6.320958399768241698e-01,4.426063132746110851e-01,4.671343427493273026e-01,8.867950825381758495e-01,5.062974548716326906e-01,1.651289598721295826e-01
1.437244726395200678e-01,4.558779847264227136e-01,1.574908418088326600e-01,3.970767746629703665e-01,5.478267600202536558e-01,8.052299863348613140e-01,6.644849687099485536e-01,1.638248828721409756e-01
7.921593250874806036e-02,7.648657297320491377e-01,6.443755893510398902e-01,5.137443656830171790e-01,4.091168198443203563e-01,7.739282274530142614e-01,8.786812944631235966e-01,1.631096309326889315e-01
1.595009762886996085e-01,5.395895900603775441e-01,2.292558735685500948e-01,3.604567386297622411e-01,5.292701921882186911e-01,9.122372138411687370e-01,6.656487737109813008e-01,1.640611663384539398e-01
1.745771456783228870e-01,8.314694954417768402e-01,2.705417928805117223e-01,3.730789118049976372e-01,4.752349456416032902e-01,8.719134472906192590e-01,8.011959689742644830e-01,1.636630241127683960e-01
1.289026966018314291e-01,6.674226707487621590e-01,1.765007091203849021e-01,4.416324122294468801e-01,4.853139464108308654e-01,6.160739912288313302e-01,7.203224647318327012e-01,1.636282451831298501e-01
1.577942946131375423e-01,7.131640111695629614e-01,3.280823391781732545e-01,3.023064682337357478e-01,5.290177836883059870e-01,8.563789258584484365e-01,5.469585096775324562e-01,1.651773906364264188e-01
1.174458812612915182e-01,9.839941588875578127e-01,8.080658959978490596e-01,3.542001149851506936e-01,4.764150480782102237e-01,8.231274398516279511e-01,4.719309482567158875e-01,1.660356414346136067e-01
1.199573050709444588e-01,9.760766673636065427e-01,4.636813661902595141e-01,4.090141209499956743e-01,4.620216714767335642e-01,5.278016249972802276e-01,5.536348615113432237e-01,1.653591843433032671e-01
1.368882577173527737e-01,8.819282135273136536e-01,4.016395615862332069e-01,4.068380551072995344e-01,4.516735462582588401e-01,7.629103592073246398e-01,4.876173077826446156e-01,1.659131300620320659e-01
1.370399192078344264e-01,7.180468209361730025e-01,3.758634908815209341e-01,4.312969941150364694e-01,4.632498515297602815e-01,9.011606428002963964e-01,7.646124056366626620e-01,1.635714520021319673e-01
7.646649306132358159e-02,8.501235785705885117e-01,9.615744009208704313e-01,3.819738024587070457e-01,5.219710967918375077e-01,5.928332061927923391e-01,2.931670615163474714e-01,1.665341859385783274e-01
1.360111158663540043e-01,8.363448667911488332e-02,1.533231382844489343e-01,2.812665661469716527e-01,6.818476362933668655e-01,8.921122683369303585e-01,6.531841125750683652e-01,1.631485418781132846e-01
1.169197171933159252e-01,9.855297683531222264e-01,8.615164465992075638e-01,3.094765843953353190e-01,5.265495580054019298e-01,8.210971849443241544e-01,2.132267074636294280e-01,1.663406143681170624e-01
7.217574650636160438e-02,8.283680857682104159e-01,9.592341558518205913e-01,4.068412316924071570e-01,4.845839235767283593e-01,7.170728816908418235e-01,5.839105847871448596e-01,1.653059297047233256e-01
1.383129757735789278e-01,9.409117714950649969e-01,5.646156102868657989e-01,4.162443882995499611e-01,4.370733677828231301e-01,9.738116608402891394e-01,5.972263369932001575e-01,1.648042409240065287e-01
2.243066522658109796e-01,8.987377256030919526e-01,2.342225334404093584e-01,2.659592176305906053e-01,5.716632607708729275e-01,9.531711158984250698e-01,3.343297244707573723e-01,1.663614182151693655e-01
7.048493970522962115e-02,8.706769386116063325e-01,7.323784035527400871e-01,4.936433579962462570e-01,4.104091663178391358e-01,5.589950597138850785e-01,8.593525400588948315e-01,1.634987377597059144e-01
1.168312756897747356e-01,8.740759771227226693e-01,5.428979193674636772e-01,4.728739600009596589e-01,4.125500458872840004e-01,8.619125366537730981e-01,8.234449986216139106e-01,1.631253294720684810e-01
1.068107960938166068e-01,7.983089220035536338e-01,5.075822927676130192e-01,5.014605323660568104e-01,4.121660497699661252e-01,8.228740935366269937e-01,6.282452592874607777e-01,1.650625840405626488e-01
9.491884191279037486e-02,6.868729299586585624e-01,7.987609293268197463e-01,3.284644824688001119e-01,5.670480019519764658e-01,9.660750617162214837e-01,3.108938308110162918e-01,1.658109950955707623e-01
1.510605106994492297e-01,7.412855862724149203e-01,4.456749964266160102e-01,3.537598948013234157e-01,5.100493690775025346e-01,9.871548809754577825e-01,5.760359229132183678e-01,1.652436427174715228e-01
1.020574253126736719e-01,8.538400227759194161e-01,9.411897552808206058e-01,3.069780960518072033e-01,5.282696411355122246e-01,8.568426514325891974e-01,6.239744296500107090e-01,1.647235937571186193e-01
1.042980990602504626e-01,9.787218618569606399e-01,5.977164730094692846e-01,4.350542300929587936e-01,4.617346633264363120e-01,5.179799643037902301e-01,2.226179951106765920e-01,1.670940527391452934e-01
4.771796303250515348e-02,7.276824931391580042e-01,7.840146863964995161e-01,4.260798615010816248e-01,5.384885148777228681e-01,3.813414438183240218e-01,2.719765700359118576e-01,1.666189987890680513e-01
6.984600812560537442e-02,3.778727805513258375e-01,5.619391286664193741e-02,4.604742411813257386e-01,5.959479831372316294e-01,3.137157330164435098e-01,6.384158115240758935e-01,1.644399648951018755e-01
8.644045598157368282e-02,9.956924125363855183e-01,9.078018002342778114e-01,3.931990468196192579e-01,4.750129495466879348e-01,4.959024267826869226e-01,6.908074588670458649e-01,1.646456730803485535e-01
9.810814977177423346e-02,9.659632208873836223e-01,9.027035898362578692e-01,3.811511118642302298e-01,4.659327320900156222e-01,7.893131741324690420e-01,5.983712715507347735e-01,1.645543815557747036e-01
1.074257407386677854e-01,9.929205107019201115e-01,8.375821538866516924e-01,2.932611779226853566e-01,5.246939293402739235e-01,5.494479236231495367e-01,2.966486964640173696e-01,1.670441880653264766e-01
6.761145215800115627e-02,8.301070438144535490e-01,7.811627390450537334e-01,4.550393902103685440e-01,4.613520558182437337e-01,6.054422975224444947e-01,5.590711334554371303e-01,1.650129512199021986e-01
1.058281499175006551e-01,9.456522837115490798e-01,8.787570165625735452e-01,3.388046799681054266e-01,5.158019819233525816e-01,7.072892827628048940e-01,3.763204063782624731e-01,1.658806168183917518e-01
1.588844282444585587e-01,6.025045547918097544e-01,2.974670334701040031e-01,3.419744306593301975e-01,5.533534394611043794e-01,9.268698993618567084e-01,4.877038741036585634e-01,1.648209431607717546e-01
9.020822293385440116e-02,9.522266476750569364e-01,4.658359951196895388e-01,4.389001981051371404e-01,4.908950103179184898e-01,3.097882453192181695e-01,2.264143529153461176e-01,1.669521275162039464e-01
9.156456222884469531e-02,9.455987077169851762e-01,6.289197684612827244e-01,5.186250480439287269e-01,4.019502734025808266e-01,6.349570015550155544e-01,6.901035326316156127e-01,1.641561675445513679e-01
1.505491265409862056e-01,5.938864005162319826e-01,2.812780224751836311e-01,3.054479195673567293e-01,5.618808743245320425e-01,8.288603595632509924e-01,6.110917105820956596e-01,1.642672928680681821e-01
8.476782567649902844e-02,9.880279617999443431e-01,9.503686600476810575e-01,4.003331585327137843e-01,4.785694244241593953e-01,5.360816172243231259e-01,3.151801669868360412e-01,1.666086510863245274e-01
8.582990994625183667e-02,9.056696211077333025e-01,9.886336656017364888e-01,2.878601561631301542e-01,5.478796465083923817e-01,4.633690013175096323e-01,3.917113164733777575e-01,1.664534805256888683e-01
1.563745977162643297e-01,8.947978154168556575e-01,4.086640527277021206e-01,3.570884690434744657e-01,5.036823645571354424e-01,8.830442616395461908e-01,2.378218909560531613e-01,1.664779359630244870e-01
7.795470995815292903e-02,9.243504514842694197e-01,8.357126435335369141e-01,4.274745784070104748e-01,4.776468625666197010e-01,4.552684202361275689e-01,3.531632315186153948e-01,1.670294724305214362e-01
1.138310552559547717e-01,9.093578576450762618e-01,6.330591326084759052e-01,3.238200305468515450e-01,5.329267790532284943e-01,6.529835018914948996e-01,1.600435913191958215e-01,1.664981151576569729e-01
1.057079589346194004e-01,5.279487304276095916e-01,3.216103124745554598e-01,4.042343576972853847e-01,5.118439352673501697e-01,6.991659094485747072e-01,7.343470558514110236e-01,1.640397744474395014e-01
8.610224578204692114e-02,8.217361216607121932e-01,7.018457978209539094e-01,5.242336968920922047e-01,4.172299074049524714e-01,8.509024093395589627e-01,6.044649846729415188e-01,1.646131282214219338e-01
1.350100521375791063e-01,9.701760598650436274e-01,7.640907608785700855e-01,3.034094824134805912e-01,5.268488315038005743e-01,9.343104644755600985e-01,2.562052715859108321e-01,1.661444932021104715e-01
1.093903027750045553e-01,4.916727085359374194e-01,2.299864958021647365e-01,4.563104358688873652e-01,5.105769393716572679e-01,7.105063752521370013e-01,7.671672038138467320e-01,1.630814814648000044e-01
1.302115672228051912e-01,5.567297875175967192e-01,3.317731103212456234e-01,4.566561132095563469e-01,4.788759737755216017e-01,9.671563062401066224e-01,7.760473182997851271e-01,1.635393112515787506e-01
1.960307854597816979e-01,4.365562965901494397e-01,1.322928071316969434e-01,2.281715162679710251e-01,6.393224612184046363e-01,8.904311634513727425e-01,4.185756852622466995e-01,1.651957311249791782e-01
7.256748840415699897e-02,6.372082893236459267e-01,4.707897652961371970e-01,4.556008064476719799e-01,5.143107792993613092e-01,5.481877641645276356e-01,5.345059406522468803e-01,1.646893320906568647e-01
6.515024787288059560e-02,6.418244624493179007e-01,7.787669459882133882e-01,4.198039246486905962e-01,5.305120577389336178e-01,7.515450417895849222e-01,4.551585269219197150e-01,1.651257528294680088e-01
1.225216537149425439e-01,8.634212381846955164e-01,6.771771367635867067e-01,4.176367679360559748e-01,4.683086924812786545e-01,9.844538228061723295e-01,4.599598000878390436e-01,1.655526958809341309e-01
8.039151667486370278e-02,5.910551611753439571e-01,6.365532255072204881e-01,4.403605600854238467e-01,5.269706605689697954e-01,8.615616540036535875e-01,5.276594017686633276e-01,1.645348868774134943e-01
1.145833866575013404e-01,8.344415300778795785e-01,5.010770533294425233e-01,3.552249270998011910e-01,4.856018316328795104e-01,6.632713365215892054e-01,5.213811549161870840e-01,1.653725541917389907e-01
1.614413109410579306e-01,6.742441490602346654e-01,2.266003444287527924e-01,3.822344861524779036e-01,5.089419075210994681e-01,8.647244262059963216e-01,4.992992913402091171e-01,1.647774156724568506e-01
1.731612577007725084e-01,9.104710649469974770e-01,4.411831761705269916e-01,3.425720610097902075e-01,5.079257152482147264e-01,9.551067940944089063e-01,4.516773388589520599e-01,1.656791845907828464e-01
8.820957838980747479e-02,9.369592252339531413e-01,7.339720704000104456e-01,4.059456954494860548e-01,4.947960762920468047e-01,5.465353852158746362e-01,2.583120534220219033e-01,1.661275737147563103e-01
7.753987180629920428e-02,6.380981059732812044e-01,6.607137320147536963e-01,4.347578328899071587e-01,5.115334629255180454e-01,7.928020614141407796e-01,3.241288582328656354e-01,1.662745585610834742e-01
1.253273520415415510e-01,9.170973046385118010e-01,4.129574761868296529e-01,4.688270851319376598e-01,4.501627188596645235e-01,6.655231872443311270e-01,2.632570084556866141e-01,1.668223517500320996e-01
1.391972920484975673e-01,3.011064163388747494e-01,2.047755300111302468e-01,3.182160454571903996e-01,6.185080995753649002e-01,8.946191242507628427e-01,5.424949751217921223e-01,1.638057597690575629e-01
1.156857857016199559e-01,7.332369414962711662e-01,4.390313094475634115e-01,4.221443022939330159e-01,4.904810860856306243e-01,7.939245818633595686e-01,5.739695170964913551e-01,1.644134088447833653e-01
1.453908180755020263e-01,3.036784082713430144e-01,1.567639160444009860e-01,3.368361285231296076e-01,6.119951596977973862e-01,8.585563247690124467e-01,3.395827024167437092e-01,1.654726497549510733e-01
1.016905241886136013e-01,9.214320361771830559e-01,8.364309092332287143e-01,3.993409494535489213e-01,4.873914600029872757e-01,7.687448407915326021e-01,5.601876062733357475e-01,1.646516131215084444e-01
1.135972180051755404e-01,9.744421729119424613e-01,7.489302515277973527e-01,3.888535704276698812e-01,4.759315454059874217e-01,7.464246632851022634e-01,2.868929483685134230e-01,1.669269387679326033e-01
1.408043112894356852e-01,9.099347361595975237e-01,4.827595342638687503e-01,4.299571292377544762e-01,4.393869732256602267e-01,8.438359678221533100e-01,5.876019626839329435e-01,1.652733457672319883e-01
1.999730906558373766e-01,9.673568992649133058e-01,3.046963579665539212e-01,3.360065624757934688e-01,5.254276474744765668e-01,9.331440955397988235e-01,2.008209488132155496e-01,1.662418864577089039e-01
2.520304821916052873e-01,6.623699018832321928e-01,7.544164903099853658e-02,2.141336931570564650e-01,6.116486222870722855e-01,9.745668697336400399e-01,3.264476899882750027e-01,1.658636299661110924e-01
1.203349515571803391e-01,2.602286049061136586e-01,1.627780533322064627e-01,3.007652313931295507e-01,6.674318160027004065e-01,6.810017465556418292e-01,3.242229231546766011e-01,1.656692787109906861e-01
1.117876702161775121e-01,6.989933832815118375e-01,5.145186822934830762e-01,3.183428537378129031e-01,5.479403805519676984e-01,7.405842492641891983e-01,3.774137653448942364e-01,1.658397725896459951e-01
6.897042391749724777e-02,2.377816185232999868e-01,1.549101714801253138e-01,4.243307558987173267e-01,6.405450989386327620e-01,4.727724942434429756e-01,6.241962030677766782e-01,1.640857203781768414e-01
7.986372759603072025e-02,2.930392115501415651e-01,1.699278212624430462e-01,3.924697817973945013e-01,6.425150226218068195e-01,5.021207933950613267e-01,5.955982848485552594e-01,1.638197940296808874e-01
7.181848604193172281e-02,7.627347135619438889e-01,8.845515152364554767e-01,4.295944513390195230e-01,4.642281088173210168e-01,7.678993129885474112e-01,8.912418755459899922e-01,1.631879629050105307e-01
1.820222218200341635e-01,8.198597300276605493e-01,1.659595022406534226e-01,3.525205180007200956e-01,4.885231169187617684e-01,7.785525268152073686e-01,6.513360732231465722e-01,1.644076767247129589e-01
1.404515683459024167e-01,8.881390219308041845e-01,5.434360724366863460e-01,4.330063760002183515e-01,4.451606734909612784e-01,9.849958046049982485e-01,7.272513792632162577e-01,1.639856611015481636e-01
1.589354710354826949e-01,9.380431992588537105e-01,1.548069409840812649e-01,4.166050853986730806e-01,4.336790058636123546e-01,5.503625183384942554e-01,7.000779015534629446e-01,1.653594570355540749e-01
1.374479663601246293e-01,5.585315580261025481e-01,3.756471107378915320e-01,3.542818263204317031e-01,5.512327066657894958e-01,9.989241832458711778e-01,6.849825587302645902e-01,1.632008673687006250e-01
1.318404078860234696e-01,9.501039485905972137e-01,8.127196845830801930e-01,2.947274490811153114e-01,5.125259854982189278e-01,9.593147400480914744e-01,4.460964407023694234e-01,1.657506718577285987e-01
8.531261363835135336e-02,8.420681156913141230e-01,9.604881909053488709e-01,3.359779257578203726e-01,4.831247525079753746e-01,7.968078384081357379e-01,7.746410617160739420e-01,1.642382689327624712e-01
8.538863606403264417e-02,9.148145178029472024e-01,7.216130086213328187e-01,3.904664174502798790e-01,5.184007070715733745e-01,4.340931744778221968e-01,4.292911723026132664e-02,1.676369586838920289e-01
1.324384319454302572e-01,7.854905591766099260e-01,3.974561208731235418e-01,3.784278693915337777e-01,4.871370351055829273e-01,7.408434091853769443e-01,3.692291780258080136e-01,1.667311727449332093e-01
1.235159134860105978e-01,8.567396451248382450e-01,7.198027841327037102e-01,3.257122414955100353e-01,5.394854748389344978e-01,9.382846680318227550e-01,4.356057464080928532e-01,1.649342904425161738e-01
4.559790678644637385e-02,6.656142553819822671e-01,8.460845320777733436e-01,4.302323976615065604e-01,5.126595834930063322e-01,5.747061635155158443e-01,4.045076407492530501e-01,1.660882655183514023e-01
8.469563305216654125e-02,9.289762000823964527e-01,7.810510275763993260e-01,4.614115331023514455e-01,4.259934639178543092e-01,6.018014020113582330e-01,4.847951334783480726e-01,1.663145878972391301e-01
1.287149749487705719e-01,4.579242313750137572e-01,2.256605832767610287e-01,3.416979030792420824e-01,6.047593644599166263e-01,7.393225898975926969e-01,4.181758402679093267e-01,1.648461118809872727e-01
1.154737987369254121e-01,8.849384124180939004e-01,5.549898702946354234e-01,4.272458276226279716e-01,4.216226097900149794e-01,7.745362232455130780e-01,5.516170380621799874e-01,1.659757135088772706e-01
1.051833468936767824e-01,8.743319579884335502e-01,7.857472450988345347e-01,4.086905898291405270e-01,4.936802922440314267e-01,9.550487704293371127e-01,4.310877860629978575e-01,1.647854684494066690e-01
1.269684597238825152e-01,9.941183082764750711e-01,6.735756369572852842e-01,3.715224602991839542e-01,4.962696856673566859e-01,7.446794852271345633e-01,2.596771137751192060e-01,1.664113510584980526e-01
8.512502260759473305e-02,8.891078690771454518e-01,8.554196020313615811e-01,3.507727075348852086e-01,5.243636825351039032e-01,5.409418528856706487e-01,2.201121979018261787e-01,1.673816810243325681e-01
1.449660412233116091e-01,1.399828127589740623e-01,1.228058510927299007e-01,2.885522512075068824e-01,6.781203023457157419e-01,8.316343322170157704e-01,5.866086376228977217e-01,1.636552429565419076e-01
1.713147955586337978e-01,9.699967447952844157e-01,1.719429071558600253e-01,4.478533986656512145e-01,4.170292978578895027e-01,6.601192354344213031e-01,5.641400410275358990e-01,1.662606944598012948e-01
7.079770260498993717e-02,8.645808556338663298e-01,6.941383948448376362e-01,4.224267226603703462e-01,4.803184651448456077e-01,4.322080564965782301e-01,5.150460865863832893e-01,1.652870018104369010e-01
1.104854275238393441e-01,9.807025093928485315e-01,9.896299678874354022e-01,3.162500064820315537e-01,4.986493778483285233e-01,8.240006195301531333e-01,3.520516126478042129e-01,1.672942531313870995e-01
9.717871100435421239e-02,8.158758854852410369e-01,8.350777732340191051e-01,3.670001086139360602e-01,5.282025398346206213e-01,8.371947803277656197e-01,4.853899001025393511e-01,1.648583732606114238e-01
8.463794698614228451e-02,2.138450073446200861e-01,1.904052346809468887e-01,3.544696965714907444e-01,6.819624979372946871e-01,5.870723142273207573e-01,4.329743510407796370e-01,1.647260592398001877e-01
1.483913653229716745e-01,4.297476570167139687e-01,1.948276769679015419e-01,3.315301724152295293e-01,5.775966589332763856e-01,8.446778432970474260e-01,6.464315829201463526e-01,1.637411500377923268e-01
1.340643484236379857e-01,9.588405000427454583e-01,3.578555442720754431e-01,4.430175214264436279e-01,3.975461694573032001e-01,6.371297309539560860e-01,7.654230150722926007e-01,1.647597709432285507e-01
1.356006773653296305e-01,6.415258802214819367e-01,3.773158228024135474e-01,3.625549365684969105e-01,5.154353694139991449e-01,9.062616233943077138e-01,4.634793849401440680e-01,1.653736992632834912e-01
8.067521129255632306e-02,8.826943676247992476e-01,8.779736151394906818e-01,3.898952912698697704e-01,4.634073744189074473e-01,6.100751629432998868e-01,7.360165871500869983e-01,1.647228469564853137e-01
1.034684879291222215e-01,9.377897701094789484e-01,7.134132701364381823e-01,4.666493809185978670e-01,4.152262122636128927e-01,7.627534148860298790e-01,5.123509715389719110e-01,1.659923341107938377e-01
1.964453983447561614e-01,8.955742840119491621e-01,3.045339347762599513e-01,2.638027645295301093e-01,5.598231266757364155e-01,8.782818491157893259e-01,2.408451930205418035e-01,1.662262088146346517e-01
8.235518965224436494e-02,5.728877360694457632e-01,5.295976585940408432e-01,4.094425498745202230e-01,5.097196024282319993e-01,7.553808123391134721e-01,7.533503412391340248e-01,1.634728447395977224e-01
8.750446562985295107e-02,7.854816367044723524e-01,8.900283906311783344e-01,3.625698000900646756e-01,5.008809409035283045e-01,8.756570962786613954e-01,6.058120503100864473e-01,1.648265429510075986e-01
9.396853830366470872e-02,1.256341304355647059e-01,2.088834630652709468e-01,4.050578953367144353e-01,6.170905963118465953e-01,8.314947818930915613e-01,6.505404690514100530e-01,1.632695754921889841e-01
1.070312448479207729e-01,9.761726955233647196e-01,8.567920498608310176e-01,3.714557952817042485e-01,5.075909891994911938e-01,7.430824452315668571e-01,4.757981350424411726e-02,1.677668475114220403e-01
8.994417150991385057e-02,7.902629458159664555e-01,7.031427846368286660e-01,3.432102924645443198e-01,5.077322119193073968e-01,6.413948223217531552e-01,5.142230976834366585e-01,1.654678862037093079e-01
1.616815855204393471e-01,9.091528828301932430e-01,4.827068374044859445e-01,3.164902537760411194e-01,4.907378144239871731e-01,9.478578770082839444e-01,4.956365890980574673e-01,1.657569695093655260e-01
3.698789572372718215e-02,2.710587921243699516e-01,1.114836164109581640e-01,4.999507823870457113e-01,6.454896574828615785e-01,2.717987410354226752e-01,6.680345116276349415e-01,1.641312486559997064e-01
7.559805643078224002e-02,7.076617028061363834e-01,8.977083622933659246e-01,4.003730980061404043e-01,5.224205610273987554e-01,8.893725781419880017e-01,4.274705522487365350e-01,1.656720646447533418e-01
1.058768772640590466e-01,9.087061090832837529e-01,8.313466361522192649e-01,2.858851995855984374e-01,5.165281926460338902e-01,7.786853328595778612e-01,4.285232888238057480e-01,1.656576423924832620e-01
1.230473457335334309e-01,4.262777160100763574e-01,2.726108716513157559e-01,3.193562589191275558e-01,6.137870928892666944e-01,7.299930008791571945e-01,4.897350373479512076e-01,1.648963687614640738e-01
1.682431574984477873e-01,8.335216425834671705e-01,3.002475622740973238e-01,3.216451053691897766e-01,5.240741508919312119e-01,8.032404283881567908e-01,2.709125366284391712e-01,1.662089420325357780e-01
8.893695626035756641e-02,7.066507002899474754e-01,6.608091402234015366e-01,3.847245385362068060e-01,5.344562574681003264e-01,7.459004518881611201e-01,2.910405766095657265e-01,1.662305784714888657e-01
1.180780815471070833e-01,9.655842977466271293e-01,9.981817760622611058e-01,2.882765281384409572e-01,5.275451430070098313e-01,9.694647109834537702e-01,5.298688354975881198e-01,1.655453154526329296e-01
5.605209740341288854e-02,2.490642382180305314e-01,1.471074293531880461e-01,4.457753407148005165e-01,6.603422595723162924e-01,3.812861956783403228e-01,5.159214102745236508e-01,1.649054083701386175e-01
8.866935254883231976e-02,8.273815781836668659e-01,7.891469846492107365e-01,4.161200326957592566e-01,4.814814771340638622e-01,7.318381865704880473e-01,5.762550297164219515e-01,1.652685069437596910e-01
8.457227472117972988e-02,8.233338065450356291e-01,8.576871759926083527e-01,3.976245315596523833e-01,4.415606645072224223e-01,8.096929693747134671e-01,7.912752742396685912e-01,1.646584877751006148e-01
1.101779763207412915e-01,8.990716381974611648e-01,6.905404015510003823e-01,3.952515302586324664e-01,4.612910169131345106e-01,7.982133001965815433e-01,3.799818963313377207e-01,1.665700439411983702e-01
7.082042625328957564e-02,7.420245793135157308e-01,8.703376158123623529e-01,4.193356829050619017e-01,4.948643995968462495e-01,7.054597665320366806e-01,5.509613577922133354e-01,1.655499273672141614e-01
9.919794354496906663e-02,9.294990161597925793e-01,9.596124234599250347e-01,2.937061533268000013e-01,5.178903248616532062e-01,6.226418720893879266e-01,2.460540680621587373e-01,1.678491434303426566e-01
9.658300613617776254e-02,9.822578028123343241e-01,9.912547654192156443e-01,3.704673507088178663e-01,4.719118303413907256e-01,6.797147423920948395e-01,7.047813661082398262e-01,1.650965538056265169e-01
8.562524444920657785e-02,7.375274950584155276e-01,7.435459655173186633e-01,3.611723490303305750e-01,5.548451146724517891e-01,7.086262242687294544e-01,2.219880844555621735e-02,1.672645699867661151e-01
1.556840805105785264e-01,9.772904291666624221e-01,6.090141793525243319e-01,3.390029770193853098e-01,4.803048859644100110e-01,9.905089383523679736e-01,5.068530998515158315e-01,1.656355055250871289e-01
2.278754941208325224e-01,9.524761039070146484e-01,2.554964021332639112e-01,2.425340644234547094e-01,5.646365893650182599e-01,9.599472161108724144e-01,4.063456948287403336e-01,1.659438645739192419e-01
1.448174612748235335e-01,2.469437937634627045e-01,1.272400467135098578e-01,3.393508823159959165e-01,6.094774064422699977e-01,8.951112016941747962e-01,6.597642242026338089e-01,1.629748522789102871e-01
1.113973316779866551e-01,9.732296300683362933e-01,6.030591715677985354e-01,4.294882173630829025e-01,4.729565868403119433e-01,6.270355211055093081e-01,2.127252613040242490e-01,1.666313893309388783e-01
6.958776198568411564e-02,6.997887655829794218e-01,4.697553780375201549e-01,4.781660531502778255e-01,4.808079013463507634e-01,4.778290101647943433e-01,6.421307830157242380e-01,1.645154643208539269e-01
2.020899344549823562e-01,9.093085983681670204e-01,2.786265001821454090e-01,3.733149898832351377e-01,5.107101594150016410e-01,9.769689157885141917e-01,4.643540289371282936e-01,1.652356372756008662e-01
1.069306624692471785e-01,8.307881387346245372e-01,7.113299756713969968e-01,3.864906484815215926e-01,5.144655188649069899e-01,8.982635289291982517e-01,3.559719032310816322e-01,1.653014856557777912e-01
1.154724381756890572e-01,8.754240059341735769e-01,7.513563072571700641e-01,3.241520783460231647e-01,5.454697543467016407e-01,8.611595795775450757e-01,1.134552927539933531e-02,1.669554720073320453e-01
9.421619640748485347e-02,8.564772688796775668e-01,9.638162693321348229e-01,3.447069275097069951e-01,5.173681790773762001e-01,8.897012343219227182e-01,7.188982688664271592e-01,1.639982122926488262e-01
7.539499685648735905e-02,3.461786383047470994e-01,4.232947680038535720e-01,4.185749365537411171e-01,5.572783094006209526e-01,8.141974133829623650e-01,7.850797925082422246e-01,1.628734681749356150e-01
1.979069346526188544e-01,8.484123317451196522e-01,1.946559343089406813e-01,3.477386065573661589e-01,5.164279893517957909e-01,8.617656361766257156e-01,4.670102432049463292e-01,1.657123175900301060e-01
1.129539319169590300e-01,9.796645535988333098e-01,4.071122068453737475e-01,4.258349572758027279e-01,4.763389884352738912e-01,4.303876120204763178e-01,2.573380654731536876e-01,1.666989132687366759e-01
9.192393057958483937e-02,8.219546594406219597e-01,5.237128656080498601e-01,5.205479818711129525e-01,4.132216948379158206e-01,6.786097442926548595e-01,5.839790185861716276e-01,1.650858533863915623e-01
1.082232412738644983e-01,5.163306651464462105e-01,3.896311586152517159e-01,3.995207394002993628e-01,5.160032752095444764e-01,8.450861988676561243e-01,6.902052436588486106e-01,1.642726605089098735e-01
2.904566837439141735e-02,5.754954815600268336e-01,8.655526849321121263e-01,4.429088481786960241e-01,5.621386489978559275e-01,4.843481384952149083e-01,5.792752179021058989e-01,1.642841381763736341e-01
9.215985223787018232e-02,9.656477073239621012e-01,7.496488748315226491e-01,4.586070233641636462e-01,3.935307891720369322e-01,6.504339858450884915e-01,7.226073840285744954e-01,1.651436920203536718e-01
1.330913586301575302e-01,2.980175125229107547e-01,2.105655068056198620e-01,3.215453364132134784e-01,6.301015547517536675e-01,8.396062810359683493e-01,7.025935779835942308e-01,1.629525466601647321e-01
2.022017265026557487e-01,7.558168007977001945e-01,2.438742797662575845e-01,2.710317831056240911e-01,5.401586228419756885e-01,9.359731236391786169e-01,5.685762238011737857e-01,1.656103166100089397e-01
1.441176446679517109e-01,7.522116397529362564e-01,2.102448743422927480e-01,3.953459464256404154e-01,4.723966199946087463e-01,6.719789493136091307e-01,6.695323753932780342e-01,1.647710287266005436e-01
8.842845533191021068e-02,7.537813303761929928e-01,5.634037457370872914e-01,4.524635122323182324e-01,4.549430612951554376e-01,7.108920447045451452e-01,7.396861317864970031e-01,1.639245800110306905e-01
8.803610567658685937e-02,8.941592217434519707e-01,8.349541794681512030e-01,3.216310586676182637e-01,5.443341037644937597e-01,5.160406583918167867e-01,2.213453525263266997e-01,1.669439690546379584e-01
7.593538990135334510e-02,6.982369796903524772e-01,8.603432201419635161e-01,3.031977431612292717e-01,5.887490735069127457e-01,6.708879415904828170e-01,8.548454825628748477e-02,1.670839711359080604e-01
5.156029368082852560e-02,5.353054018317329188e-01,6.190978439680261403e-01,4.988525553597578099e-01,4.988756114030196698e-01,6.999466892732053580e-01,6.541106336549249445e-01,1.641256293538212174e-01
1.053223649166374065e-01,8.780853415422535946e-01,8.931548397739209610e-01,2.920650109920486237e-01,5.462523464497623937e-01,8.358640887214142667e-01,1.813843202130668297e-01,1.670237702695835380e-01
8.558532436767687934e-02,9.330233696863290405e-01,8.923649345370885388e-01,4.016925477717036563e-01,4.933252468430723292e-01,6.496500862424551270e-01,1.941522281401729111e-01,1.670390808329450527e-01
2.092871704608602057e-01,7.292857761846865960e-01,1.982480370410421022e-01,2.949702099930880950e-01,5.708522284499490951e-01,9.543996521253940157e-01,5.188804039297871817e-01,1.647754361935459821e-01
1.121506922763189640e-01,5.323066674531750087e-01,5.087677437176724160e-01,3.703794603361279525e-01,5.280481864006341119e-01,9.960324508282089040e-01,7.147430500542043541e-01,1.641401289989383450e-01
1.914146674456913000e-01,9.865441653167690284e-01,2.616320755545682442e-01,3.839035056957135206e-01,4.800889332221510153e-01,8.383461479204854516e-01,3.997976752644633591e-01,1.664256095785416056e-01
8.755049490615035568e-02,9.742538258846825672e-01,9.520285342905900894e-01,4.451930363010108138e-01,4.399573858688476391e-01,7.690671037505881769e-01,5.346996495031719476e-01,1.655737584178741673e-01
1.635288221171983247e-01,9.469377944773236244e-01,3.306224287442264265e-01,4.029609472501869960e-01,4.584475697549156847e-01,7.498153742853741477e-01,6.408893361466911909e-01,1.650131261513161640e-01
1.489701738731410152e-01,5.609376077756640377e-01,1.649449076597464536e-01,3.884495336481084138e-01,5.362160245924469937e-01,7.330707597619272597e-01,4.711614108298791126e-01,1.651858205162770044e-01
6.816167711471020352e-02,2.615636196042467332e-01,2.783300457888504553e-02,4.594191612961125437e-01,6.491111646326294116e-01,3.338335716120092722e-01,4.286253341226164970e-01,1.655090238673554426e-01
9.579395763432400901e-02,9.966587549931164025e-01,8.356011656195176940e-01,3.242546572104160751e-01,4.929904100535932310e-01,4.995630934784714983e-01,3.141740182959458227e-01,1.665948628513091445e-01
1.203253646958673401e-01,9.456651132854781983e-01,9.517976620260431009e-01,2.852649525197943348e-01,5.203392703154748888e-01,9.736105561838030997e-01,5.112502238197470517e-01,1.658921069482382493e-01
9.373516774018099407e-02,9.541804792590649065e-01,7.437474193189232974e-01,3.865585466820348204e-01,4.696953506621487362e-01,4.964386458124438462e-01,5.469659696785210690e-01,1.659184943728509443e-01
7.736110865374783152e-02,7.431232248669337181e-01,8.373147882832563393e-01,3.809949803293217196e-01,5.516600057689210468e-01,7.760306889700471222e-01,2.718360660574403731e-02,1.667958273274415815e-01
1.043761986499234795e-01,8.304056664077343886e-01,6.529026175245541408e-01,4.561683326208382794e-01,4.413161043225161118e-01,8.378661076206822544e-01,7.308270330255045577e-01,1.644090130696398699e-01
1.704571239887360812e-01,9.448139601096842144e-01,1.108666695285808745e-01,4.685148710743508582e-01,4.204310247855795324e-01,6.525359187910227954e-01,5.994060668717233753e-01,1.649781606201122242e-01
1.005780047283257733e-01,7.789062716463643898e-01,7.565341942537706643e-01,3.680292012932495083e-01,5.063979206468114391e-01,9.109311540669950968e-01,6.716391390474849565e-01,1.639716638132047988e-01
1.070444326904019527e-01,9.816671396183145326e-01,4.858578923009236883e-01,4.626561318597726680e-01,4.439441838584783362e-01,4.618600284578671111e-01,2.940300170812240044e-01,1.673483150370809469e-01
1.767462829707501515e-01,5.647676134203652998e-01,2.272021531619922707e-01,3.552199595583802050e-01,5.460697624441006592e-01,9.791754321007497541e-01,7.336975673612138316e-01,1.634536335780923944e-01
1.062689112728583268e-01,7.085746380041549886e-01,6.443846766061241960e-01,4.040377670653279574e-01,5.236875677035036647e-01,9.510423998283559222e-01,3.729508370097168179e-01,1.654706252814931167e-01
1.239386991607254046e-01,3.146676386452657570e-01,7.302540585160599562e-02,4.178941387428239951e-01,5.588408325401895693e-01,7.003316822296018485e-01,5.713314318775611911e-01,1.643047526439404271e-01
1.454804694850685975e-01,2.419270614740589576e-01,2.613881124523307897e-01,2.601524607578420967e-01,6.606064663415067706e-01,9.916246606550191967e-01,6.616084339138114112e-01,1.634869820695318832e-01
1.174030149188548394e-01,8.284863831471790396e-01,4.952099890795891857e-01,4.692434922455832602e-01,4.399192628975315822e-01,8.346954263214104719e-01,6.286019373691178469e-01,1.642855058392936884e-01
8.859092291349095205e-02,8.982883096519600485e-01,8.819293163002626113e-01,2.679692179671618879e-01,5.616091799520387395e-01,4.707755933308525043e-01,2.883798690994664460e-01,1.665402136108549147e-01
1.666793512966853186e-01,9.066395188367234459e-01,5.160829429148166003e-01,2.728153021646753107e-01,5.607937867303303126e-01,9.547790351135674314e-01,2.132014947274546435e-01,1.664401921628338998e-01
9.518867281923562573e-02,8.967326971438700500e-01,9.804232458721988674e-01,3.839164125211905199e-01,5.030227420507622504e-01,8.860223449209363444e-01,2.633652078648813233e-01,1.666842326520452389e-01
1.918573230945823660e-01,5.971965909173069242e-01,1.740045211839081341e-01,3.348312727433517821e-01,5.598562911780967655e-01,9.353366150677721036e-01,4.546745087863223178e-01,1.654125098425515694e-01
9.844194959459816319e-02,8.813614874876445349e-01,8.475045766142519366e-01,3.368260173136947699e-01,5.022522252158874156e-01,7.854456381283375643e-01,1.718164868815338364e-01,1.673166871340890927e-01
9.807040893523522040e-02,8.721427106231263160e-01,8.717011624708067563e-01,2.660781460958747124e-01,5.499305115493619001e-01,6.758510053187186672e-01,3.320483614543414119e-01,1.658473407056333115e-01
7.886790574660890174e-02,9.976784103254234815e-01,7.944024717885003195e-01,4.852289985844899234e-01,4.308433651938661790e-01,4.270507336689580713e-01,4.229139743395516904e-01,1.667402426319533337e-01
7.166208361436748886e-02,7.687199875452921383e-01,8.162983622075201673e-01,3.390990694761234492e-01,5.700219070928560505e-01,5.239116863905994848e-01,2.309052134450135796e-01,1.661528210754696644e-01
5.433153837291154059e-02,3.594708692151237783e-01,1.036516849452613909e-01,4.554653145317236196e-01,6.317234533064158830e-01,2.562232506361774020e-01,5.491946305874373380e-01,1.651602035878041996e-01
1.056982704949452900e-01,9.303232137524187761e-01,6.838549720518125596e-01,3.572289021884175186e-01,5.136006265568946461e-01,5.591173147601810056e-01,1.139287262723888139e-01,1.676524228892586899e-01
9.228846147204529393e-02,9.645368405349469265e-01,9.099284557388915839e-01,4.624326097910589350e-01,4.202803439169119359e-01,7.524087329415841685e-01,8.442184931253857716e-01,1.642241481765345512e-01
1.891705120864684564e-01,9.974316034245145346e-01,1.515480476868323878e-01,4.484416353153551915e-01,4.327192444586180353e-01,7.551272591884808927e-01,5.952248697928314014e-01,1.650790930271524570e-01
2.164457132696757657e-01,8.843347632130370561e-01,1.796258821549052143e-01,3.573777203463819885e-01,4.968212170048223464e-01,9.538418290065384664e-01,6.712767287862834165e-01,1.647552173531190434e-01
7.057514790961701145e-02,7.225712149017680108e-01,8.017247762171924030e-01,3.853209944663668063e-01,5.243091361052525379e-01,6.977151510484762564e-01,1.232929283417204536e-01,1.670568334675725797e-01
1.286810450523671601e-01,7.006490121505850599e-01,4.759830306740368000e-01,3.943497994242526894e-01,4.861355540448089041e-01,9.107146452189815999e-01,6.581882514557516606e-01,1.646148239482571884e-01
1.174124719673962092e-01,3.773142547496443067e-01,1.789678717530890917e-01,4.418526279925539257e-01,5.566339779647168085e-01,7.719031383270480440e-01,5.437687641216775170e-01,1.639661973109467485e-01
1.529906119256012609e-01,7.507099539046883097e-01,3.186417728510404501e-01,3.163134408074284032e-01,5.395200535997960456e-01,7.456569006214297524e-01,4.610672363595302858e-01,1.653207199358298629e-01
1.484242150719846109e-01,3.756918653175414513e-01,2.321855243571594452e-01,3.318790172369662228e-01,5.872012425222595811e-01,9.273899041361804985e-01,6.883709934013526599e-01,1.639667443252166845e-01
1.152362100694136193e-01,9.529994286451202168e-01,8.086495312937930224e-01,3.643839037765718158e-01,4.634928291998056116e-01,9.484781746126466073e-01,5.601838264277481105e-01,1.650524587794008069e-01
1.113448150438763884e-01,4.046455492937648946e-01,2.629306591229840229e-01,3.807934768640305889e-01,5.839917854486056381e-01,7.345238134749165759e-01,5.399645157062503698e-01,1.645250084328843398e-01
1.770494132804605880e-01,9.094634895404178909e-01,3.155905372574621115e-01,4.166388491486051615e-01,4.726209227207319175e-01,9.045580900554044401e-01,3.970094321043860508e-01,1.658961595339616679e-01
2.119582467565171713e-01,8.836550658069394215e-01,1.498195703994394945e-01,3.364754642405536900e-01,4.973667704664456179e-01,8.450247000421449162e-01,4.975579611805790448e-01,1.660946892529551744e-01
8.244264433078643539e-02,6.629137384629665286e-01,5.427415000761982578e-01,5.056306730073408806e-01,4.432046057545843687e-01,7.950040105344318153e-01,6.679399119714934940e-01,1.644760660954816822e-01
9.631798004283641246e-02,2.381400184366542772e-01,5.006235329598507366e-02,4.221566053809087116e-01,6.273515033354306603e-01,5.035079291402088097e-01,5.076889745863342185e-01,1.649955964750899895e-01
8.423874879865185517e-02,9.535089229474305039e-01,8.741211758504456864e-01,4.541360478487328489e-01,4.528285979032116160e-01,7.083553277667647974e-01,3.838026909139817255e-01,1.658996065869457470e-01
2.242341016422347844e-01,9.663872973759233265e-01,1.717970508987020639e-01,3.444332589785130683e-01,5.013433736959126419e-01,8.716161293733301063e-01,6.513259573988146034e-01,1.649504525038187341e-01
1.672493921009270412e-01,8.157308084547685301e-01,2.500744244571532215e-01,3.528846025016887378e-01,4.766798737347228143e-01,7.912395192174550562e-01,7.774855647683138749e-01,1.639938268108902808e-01
1.933449843614487573e-01,9.628917846587725649e-01,3.008902493715923110e-01,3.852467655731917628e-01,4.818278299153306854e-01,9.881002729500190096e-01,3.501252906283161548e-01,1.659491485364491814e-01
1.370049801497625896e-01,9.083422354445904734e-01,5.389417768270805542e-01,3.522953318333766348e-01,4.789815786129841269e-01,8.721729081739655332e-01,5.587930331509000093e-01,1.647549502685636824e-01
1.029486859129887938e-01,1.843285856282574908e-01,1.035003528514479298e-01,3.821633885630467131e-01,6.675495912323242687e-01,6.444969292449149734e-01,4.562819607415252721e-01,1.641468943033636552e-01
7.589039968908796452e-02,8.476662556890454114e-01,7.932413027500822000e-01,4.019313205308179260e-01,4.683651769794728859e-01,5.089468705780078039e-01,6.538658209176415603e-01,1.653018039588481369e-01
7.323586683613714232e-02,7.494321820229830067e-01,8.432447202783474038e-01,4.587495333903048866e-01,4.661950598157929559e-01,7.640665125805816693e-01,6.506465485177109764e-01,1.649755028489736652e-01
1.183527109852495901e-01,9.522867300510164945e-01,7.127740793573233979e-01,3.234375000977522951e-01,4.884152182213599147e-01,7.081716004232201378e-01,2.592177645053936885e-01,1.671760963011132417e-01
1.777372806610946210e-01,8.255944446478750143e-01,1.309443065316280297e-01,4.498012446193550007e-01,4.500741128125667623e-01,7.672073842909689079e-01,6.641232849407102679e-01,1.644301362622582197e-01
8.544490638486383627e-02,1.969319179927127017e-01,3.092936076063442785e-01,3.792759511657606275e-01,6.306415320900107258e-01,7.976785253780005469e-01,5.614174334381397680e-01,1.641240969585516518e-01
8.471933017761308637e-02,9.818294577018977787e-01,9.507595893285138988e-01,3.699699691505563548e-01,4.721603781821063772e-01,5.408829939205972437e-01,5.698561464612688088e-01,1.658969794566684253e-01
1.306170370134937808e-01,7.765643055400653916e-01,4.190201694679178690e-01,3.436614829131893756e-01,5.247284692646265736e-01,7.203301463676244909e-01,3.555869140703484255e-01,1.661906032077447581e-01
1.351141517691111793e-01,8.638613455997160573e-01,5.424512613667258343e-01,3.838287432387228471e-01,4.883115196529122515e-01,9.487473655869680389e-01,3.493056539001324623e-01,1.659433259200262245e-01
1.215454815864220467e-01,9.750700029124864665e-01,5.005585081505111722e-01,4.317950870061489921e-01,4.059231902707284290e-01,7.101089204575573577e-01,7.044305630632156090e-01,1.645350737720447376e-01
8.275183632492967567e-02,8.818849560328784198e-01,5.038336667141181113e-01,4.550256256735937255e-01,4.514450701944872080e-01,4.071313337867324411e-01,4.174590819627352345e-01,1.664416988120085428e-01
1.209129007056320981e-01,9.858324326959871930e-01,8.797081494676002311e-01,2.731724345023565648e-01,5.340244809907417345e-01,8.617150065703511608e-01,2.499815283677395139e-01,1.665592308118971632e-01
1.268693731120490997e-01,9.768073328544442102e-01,3.395319568347575090e-01,4.341936129125548716e-01,4.623231566053922492e-01,4.965325803673929506e-01,3.980741189208834574e-01,1.663823815415657048e-01
8.306094565669008833e-02,8.956268974334947730e-01,6.917875899564445152e-01,4.290709151027505275e-01,4.776538122106884776e-01,4.547707683807856727e-01,3.205891238694931200e-01,1.668532645200606623e-01
1.037257850321967878e-01,4.651979580593689212e-01,3.529479580971910946e-01,4.209762936173352399e-01,5.473047429288933063e-01,8.497470587854167867e-01,5.913014794429373167e-01,1.638669064614811099e-01
8.344794567370185379e-02,7.554510668681131413e-01,9.106335518516885941e-01,3.340651237493312276e-01,5.282177558316992760e-01,7.559885465099626112e-01,7.776282332537465258e-01,1.639211751396518202e-01
1.433185892462000011e-01,8.723673834859166920e-01,3.354439837883665398e-01,3.848713625262801252e-01,4.626811482907835504e-01,7.307960078333730625e-01,5.407298198450847249e-01,1.651240763948819412e-01
9.778153142084745897e-02,9.735375675731395839e-01,8.092492442170498013e-01,3.782917088273416995e-01,4.426330965249881122e-01,5.951481947481074286e-01,7.864140330389635114e-01,1.646412626976135052e-01
1.358263739737999298e-01,4.799760495065813481e-01,3.076190319471224233e-01,3.021843389473520824e-01,5.903796413236032103e-01,8.289194337803840185e-01,6.503515778458954788e-01,1.640919123370174204e-01
1.078201064001178822e-01,7.055181941770138909e-01,5.643309341901087128e-01,3.730723828387411123e-01,5.309947238823078397e-01,7.925838277830137280e-01,4.380521552544365260e-01,1.653741319677459465e-01
1.782521817586346369e-01,6.779449014833494047e-02,9.178112458709053456e-02,2.218723551785247161e-01,7.155494708596370490e-01,9.839099855330128985e-01,4.214147775066293122e-01,1.647992298884671802e-01
1.919242035628571930e-01,3.764575709373999546e-01,5.460087867232238379e-02,2.882688386794359237e-01,6.241229644581904878e-01,8.817296625882651284e-01,3.964095849200462984e-01,1.649086956939472826e-01
5.293359168088676570e-02,6.634206423038768730e-01,8.116024655107100250e-01,4.201536025150343634e-01,5.057725605993714790e-01,5.565893802906290988e-01,7.157681417176643413e-01,1.645545840982332864e-01
8.353233007037250135e-02,6.787075858739033407e-01,8.263594513328014202e-01,3.533060045534641702e-01,5.399147810344863130e-01,8.747005468613515689e-01,6.994897141110602012e-01,1.638495686322395950e-01
1.676939700936969646e-01,4.876548920997361147e-01,1.811285142066051956e-01,3.216904285693090171e-01,5.932112094061591234e-01,8.526652356134689636e-01,5.735763829650754042e-01,1.643620769143251392e-01
8.727320292884760411e-02,8.093531747589850500e-01,9.325984618480862576e-01,3.423823633965201729e-01,5.351547294267973154e-01,8.769148590207151983e-01,3.935047280286553262e-01,1.653754495320431395e-01
1.338186875422196498e-01,7.910978670477518682e-01,3.596361308437812654e-01,4.021660466125794309e-01,4.962968317377898786e-01,7.362340273987006967e-01,2.069473941826127095e-01,1.668035818854899932e-01
1.060137665622215564e-01,2.025216954066112462e-01,1.802105290659414827e-01,3.600804671571098403e-01,6.428898727720181450e-01,7.500602988119242642e-01,4.355963044782400484e-01,1.649366878296581462e-01
9.023956992575800362e-02,8.914383668346190781e-01,8.001551945548013300e-01,4.185137824278069574e-01,4.522865222862507695e-01,6.858058068138498387e-01,8.513265679267305597e-01,1.633410612932863770e-01
1.444975631098870394e-01,9.396709981665908318e-01,2.770620381870043669e-01,3.796747444901182322e-01,4.618023660696653487e-01,5.293310097580823381e-01,5.991808862418712689e-01,1.657779060589504860e-01
6.077144147828413695e-02,6.652131261744821389e-01,9.049039314117121036e-01,3.997215898159113268e-01,5.256395631807657676e-01,7.561261252710566039e-01,3.571718879781918821e-01,1.662107955213890376e-01
1.205193685595079556e-01,9.707000105532240797e-01,9.856807550392205908e-01,2.968475838557596003e-01,5.160702816789980441e-01,9.866795891796350526e-01,3.975729644015317810e-01,1.667546750314924664e-01
1.609048031217451269e-01,1.907799423600923250e-01,6.538779724021243078e-02,2.927203499629679184e-01,6.502807631235852925e-01,8.698620480977895530e-01,5.602804792671542966e-01,1.635172848659545708e-01
1.732841962324606355e-01,5.876622601395322665e-01,1.949385679932673088e-01,3.514736347386226423e-01,5.313017832612622060e-01,9.151475246824218868e-01,6.140617879800406298e-01,1.644052689293993286e-01
2.052590676573828044e-01,9.128108306474107536e-01,3.427615017465014402e-01,2.433815397708318506e-01,5.711918189934966916e-01,9.943103009774234557e-01,4.491198350602138012e-01,1.653820513225701394e-01
1.454074559172215675e-01,8.737819744942942890e-01,2.496771093529691621e-01,3.638381837999934421e-01,4.897342740285294260e-01,5.614876775671920894e-01,3.735229002902338280e-01,1.666465081366188539e-01
2.189217888052197303e-01,7.732779743676966300e-01,2.504302131888820893e-01,2.314788953127304982e-01,5.778039386838978997e-01,9.875782548732590094e-01,4.965263921081184417e-01,1.658325523983144589e-01
3.388532927993274935e-02,5.312124355628637939e-01,7.886309027530410409e-01,5.061408117753185554e-01,5.231540512338433979e-01,6.909313226539743891e-01,6.488129014156461816e-01,1.637705391099220642e-01
7.705332800830286266e-02,8.696267358398264147e-01,9.254304603013194797e-01,4.054427525057111570e-01,4.799155524724937893e-01,6.576919794751955317e-01,5.460359203316217380e-01,1.658140453900693312e-01
1.355363235759103890e-01,9.495106476862987810e-01,7.116928896798201398e-01,2.661945917958716268e-01,5.200720426258429452e-01,8.451031765674736906e-01,4.207121714898838238e-01,1.661394218245572096e-01
1.521841750177467534e-01,7.724810640990535937e-01,3.373018241547338647e-01,3.875100187621502990e-01,5.066621970372300332e-01,8.571932313297602191e-01,3.719493371897617529e-01,1.659403806945242976e-01
8.640358403028962353e-02,9.627993294256572687e-01,8.987864725625902551e-01,3.515492537397746364e-01,4.991712831398787964e-01,5.175587487779208518e-01,4.890035975421518355e-01,1.658790128000739439e-01
1.783365285202263562e-01,8.329698248080044110e-01,2.860953099869569805e-01,3.936529411808186163e-01,4.434108053135789040e-01,9.562226966126446959e-01,8.005031551750000363e-01,1.642859848794383237e-01
9.436668344013332543e-02,8.288179760353983072e-01,9.336849191108376189e-01,3.393044941443605911e-01,5.185679298445572405e-01,8.107853410927743365e-01,5.351577845880187700e-01,1.658222186205843274e-01
2.045252544494586822e-01,9.585326086030601100e-01,1.637714926103184254e-01,4.151768213275305319e-01,4.340691532946317488e-01,8.950682557815576867e-01,7.324289656202690457e-01,1.645291569325648962e-01
1.794423100184838471e-01,4.406458004360129799e-01,2.280284214345693339e-01,2.519571810993807004e-01,6.365605850395046339e-01,9.921899066931940681e-01,4.260335209419809366e-01,1.648660537331807230e-01
1.565265982079112606e-01,2.522149616972224617e-01,7.919609466059668312e-02,3.412923313132260050e-01,6.295081104423517759e-01,8.165165275795969180e-01,5.500466661586864703e-01,1.641812623137698934e-01
1.135172224458815549e-01,9.282781498360324068e-01,6.820139019746973563e-01,4.523873348820444673e-01,4.320949354482608307e-01,9.227251278050041527e-01,5.256589764921543173e-01,1.651859930036975177e-01
1.806637088800683855e-01,8.139811028842419693e-01,3.642091629551189591e-01,2.463848068677347847e-01,5.707446402580920175e-01,8.974090879363432194e-01,3.092166538095977302e-01,1.662559248560213088e-01
1.449767612692135776e-01,4.145894570982062155e-01,1.322337875623071923e-01,3.425697766039134673e-01,5.803842744327125658e-01,7.408371332720816715e-01,3.833234775286096241e-01,1.657759579319240395e-01
1.701648079293122950e-01,9.671987338920597921e-01,3.956833127096016645e-01,3.774547692203110150e-01,4.488842516376087000e-01,8.895570629330463719e-01,6.982420246211276105e-01,1.645525985564956217e-01
9.890176888592856763e-02,7.884859538269249901e-01,6.818137159694162008e-01,3.693073696277048290e-01,5.046304856736276712e-01,7.689985999990992527e-01,4.908692056051829344e-01,1.648551841068483514e-01
3.000978014479382949e-02,4.911166549899131373e-01,8.268924173925724652e-01,4.712492106871116748e-01,5.299514400000516767e-01,6.995303829491722469e-01,8.403114527709374393e-01,1.628112383637701777e-01
1.696822605130960393e-01,2.784185449375304877e-01,1.118350739141308336e-01,3.141737316620376586e-01,6.207934107504785581e-01,9.662965369557329209e-01,6.002007555443600317e-01,1.634414621748330188e-01
9.879960244174793016e-02,8.849325142013557688e-01,8.623737743901345176e-01,3.057730366374640241e-01,5.252717900166086196e-01,7.224427715369217129e-01,3.895285183134371554e-01,1.659424834489134359e-01
4.799123615869706205e-02,5.440101369645320428e-01,6.687801917314012412e-01,4.312927226456239604e-01,5.409494921239866860e-01,6.157655044421288526e-01,6.154549156938035059e-01,1.641689244218677846e-01
7.275474034698289905e-02,7.921605720448773313e-01,8.218036682335798648e-01,4.251527441038478461e-01,4.758404680814540821e-01,7.339216596124592540e-01,7.647320508006062445e-01,1.635037384969924845e-01
2.146274005620752157e-01,8.950072213710071889e-01,2.231161237491611493e-01,3.408836017314402778e-01,5.366936563038436914e-01,9.786415301695694513e-01,2.972561440844150860e-01,1.656833643225083530e-01
1.126839540237232484e-01,2.280721961286408250e-01,2.767827619802446515e-01,3.927581422295733926e-01,6.072917279691270043e-01,9.584983784257132822e-01,7.682967506812952152e-01,1.623469593389068322e-01
1.059117389728703035e-01,9.086432729665823160e-01,2.068343952062321467e-01,4.905026277327337869e-01,4.338790453465592445e-01,3.016105149768874005e-01,6.701299145234964616e-01,1.655654741737518088e-01
5.650096706281250436e-02,6.704063319315576308e-01,7.979163617106460604e-01,4.661893923738209544e-01,4.952258585051972362e-01,6.906874226607652156e-01,8.248415687991581535e-01,1.626637086310671332e-01
1.060476157633373773e-01,6.700400457712586411e-01,4.142466659421829012e-01,4.204751446995217412e-01,5.024138204518630024e-01,7.393627788882640717e-01,6.035926680491809915e-01,1.644404920765617228e-01
7.657410089500241157e-02,7.547381386183791285e-01,9.333303562686504629e-01,3.522581575818224398e-01,5.380461805290283062e-01,7.447917273094225576e-01,1.793703057933765388e-01,1.676585924244469727e-01
8.502924050165730496e-02,7.628151793970947558e-01,7.022877031383779611e-01,3.863946829126215787e-01,5.086590877143233325e-01,7.192055810619016887e-01,3.710225942965035273e-01,1.654682874719956009e-01
2.847293409425263877e-02,5.295188473164005316e-01,8.572855581689529103e-01,4.819997816646711675e-01,5.556491541338602902e-01,6.577183192941945533e-01,2.522008468962230743e-01,1.661178215761174026e-01
1.576828141570077169e-01,7.438632837464332903e-01,1.735493857888162350e-01,3.801871110949913701e-01,5.028414501331316400e-01,6.853860235579379845e-01,5.530824043486021191e-01,1.650020181025370625e-01
1.136317396562791932e-01,8.505512391653851090e-01,9.566996646732880416e-01,2.587436638901449149e-01,5.542430624628555957e-01,9.805437981691782490e-01,3.324189349674231408e-01,1.669289883717283429e-01
9.433161666542519419e-02,8.792600547435186487e-01,9.212278100555475469e-01,3.141619415414230732e-01,5.014782657101765073e-01,6.902906019865178155e-01,3.919809932752804094e-01,1.667450548881767025e-01
8.767335081493868310e-02,9.387683144141516500e-01,6.458643719052972187e-01,4.630759946355223478e-01,4.545504079238635309e-01,5.060530608829936217e-01,2.394533890686882383e-01,1.671427808863289732e-01
9.810094596780531695e-02,8.611444329616841920e-01,7.785838691818006696e-01,3.169723149635659265e-01,5.140469390962455476e-01,6.925677633871762939e-01,3.445631812143066242e-01,1.666656454081667793e-01
6.263796008331284915e-02,7.308267477380882005e-01,8.738564657803052915e-01,4.044428968579359962e-01,5.193686242877817438e-01,6.750546060296730433e-01,3.243751045349387852e-01,1.660620521835841079e-01
9.785162434523560215e-02,8.057707392306679983e-01,6.365184668829052539e-01,4.202451459835518377e-01,4.731162083298368626e-01,7.553302849070799851e-01,6.473220290443429947e-01,1.641964224383935800e-01
1.559121699728273913e-01,6.390951600663028476e-01,4.108715870689378935e-01,2.746800255204343566e-01,5.645050355975749223e-01,9.668418731759771401e-01,6.456443932232165395e-01,1.644297232160739364e-01
1.233499738806285578e-01,8.526194258352262079e-01,4.396859257247762720e-01,4.279857039715831979e-01,4.419132712903216520e-01,7.141212934985301519e-01,7.754517233593947179e-01,1.640779382382509810e-01
9.852509352546029442e-02,6.435839988311536919e-01,4.489762549776180056e-01,4.394347606998867950e-01,5.097339795633664128e-01,7.340504610443774336e-01,5.628319453929010452e-01,1.646549951538623657e-01
8.636410382376646933e-02,9.067973233398394228e-01,9.236972212229526136e-01,3.356337998918689225e-01,5.210098737288570980e-01,5.675992149051065638e-01,5.746341150592552127e-01,1.646029652419596645e-01
9.540041402950516503e-02,8.688075562970484222e-01,9.431955519258622411e-01,2.649606974940075799e-01,5.155014814075702390e-01,6.751409306661808607e-01,6.681768992302447030e-01,1.653828658655951689e-01
6.927448309030179163e-02,6.122176861893395827e-01,5.566539095053959496e-01,4.047095293766464486e-01,5.307810319998230719e-01,5.834875836378454750e-01,4.770471668751612992e-01,1.652965551897820629e-01
1.054675761207509721e-01,4.998897831818897020e-01,4.303585114172481796e-01,3.617374218054706381e-01,5.660275923230179140e-01,8.726787334605298208e-01,5.661103960935774948e-01,1.639303854629265977e-01
1.073316687758015114e-01,8.880586685558606863e-01,8.180289560606329724e-01,3.750855985073763832e-01,4.914829709970440219e-01,9.129556643974280350e-01,3.039692073400649397e-01,1.665114879543545812e-01
2.054881382677349322e-01,8.863724971460122948e-01,2.442085767511095740e-01,3.337888210406547707e-01,5.038033840004049191e-01,9.704414269144433502e-01,5.399464739367372257e-01,1.655520254408242575e-01
7.105201342785261165e-02,7.850866777912017813e-01,8.492408753827062062e-01,4.598437495649552176e-01,4.864452813174749979e-01,7.447382656383727539e-01,5.548782085177198509e-01,1.642213482206382469e-01
7.380938880178565531e-02,7.675655320359903167e-01,7.684913304350690089e-01,3.923248725373499890e-01,5.147262025715131362e-01,5.855612450711786821e-01,4.184793042358006532e-01,1.657918126358661759e-01
3.433141600949983496e-02,5.176186080189928429e-01,8.245050959510116240e-01,4.776864968562017366e-01,5.492595998161835524e-01,6.628716745046218106e-01,4.952977282474130272e-01,1.649761837584058088e-01
1.127874589585990406e-01,5.635250460370315739e-01,3.291904724968314766e-01,3.880539913683383468e-01,5.325149431250038035e-01,7.456858892945941175e-01,6.958468493196869886e-01,1.634077295014906006e-01
1.652986432476798995e-01,5.587716282278574198e-01,2.333309866406416133e-01,3.122085110337543545e-01,5.806176204445800959e-01,8.886388518355716748e-01,3.609781508338113509e-01,1.656802058484395657e-01
4.310311313023076907e-02,5.675911134366437016e-01,6.886800322132334840e-01,5.138178492684311038e-01,4.914220254002514277e-01,6.307328661432227701e-01,7.916010596627067741e-01,1.631834667716303700e-01
1.244558243268994169e-01,9.072715845215202357e-01,5.782019428335151146e-01,3.638202165770443863e-01,5.051227699273793670e-01,7.395029205643640635e-01,3.711724853673818991e-01,1.655783862880921276e-01
1.084725416684418353e-01,9.304850727226937623e-01,9.475308443219530030e-01,2.671737616993076214e-01,5.298232449818415235e-01,8.188230171352538500e-01,2.629266723120659011e-01,1.669548032121265235e-01
1.072860498378135630e-01,9.375191846624335579e-01,9.781352237967979590e-01,3.489850439012373573e-01,4.978486164728833652e-01,9.401178629324616898e-01,4.591210085340272640e-01,1.658068630457775472e-01
1.322450671677666001e-01,7.513503278039701527e-01,4.995717525109781287e-01,3.281704278268346431e-01,5.277279558830572093e-01,9.167399689446683597e-01,4.276645142345198991e-01,1.654657896545458085e-01
1.196057925860235654e-01,2.597692682320525970e-01,1.518706638171416490e-01,3.668424208831724820e-01,6.023606941733643527e-01,7.610668118462895482e-01,6.055013062713465732e-01,1.640310696350932018e-01
1.035696667881382815e-01,1.718259152284814517e-01,1.171966279982606385e-01,3.196099118318523891e-01,7.040335935076831309e-01,5.823740035373500268e-01,3.192740202246753811e-01,1.656413965807941036e-01
9.257535037182149096e-02,8.230895370049403637e-01,7.447871883011856209e-01,4.459981315617683184e-01,4.542085391440456865e-01,7.984888715696180084e-01,6.299694111011225894e-01,1.651983467295599917e-01
8.396651127688165017e-02,9.739924739772765072e-01,7.732460318245366615e-01,4.687387863806454780e-01,4.122978577754650709e-01,5.860117984020380977e-01,5.851679502150370915e-01,1.650970411741451982e-01
1.585033273034467671e-01,2.052412348209676773e-01,7.326079248692030088e-02,3.307256283498357652e-01,6.416145532107004890e-01,8.692827092673443001e-01,4.611385611523601269e-01,1.644954082483154889e-01
3.392111141155475240e-02,4.716630923219115035e-01,9.086112569582092124e-01,4.347775810553734521e-01,5.679810717730500169e-01,8.289577718355632951e-01,4.348459658951191464e-01,1.654645936521280669e-01
1.037634025028397466e-01,4.013246667656827915e-01,1.377174932192459789e-01,3.923558846144291623e-01,5.767860754998959116e-01,5.622966417078434365e-01,4.624858710202597867e-01,1.652657745195620365e-01
2.380018703666109126e-01,7.588561620736820057e-01,4.485171067126364486e-02,3.346296017745736262e-01,5.518849343434722998e-01,9.287756305957903802e-01,5.321073039655952464e-01,1.642833009429122970e-01
1.049594353907309235e-01,9.963398162847967310e-01,7.490108023002183257e-01,4.090955667387537464e-01,4.323389044051326735e-01,7.426393809222698872e-01,3.976093884183007354e-01,1.664390268062325984e-01
2.237326328053921010e-01,8.688172366533901680e-01,2.738846950470631425e-01,1.961568443457546718e-01,5.776436648822801390e-01,9.462976496747563804e-01,5.102106554341686584e-01,1.657567164986986918e-01
1.673873926065296280e-01,8.776303855631184536e-01,2.809110297415723934e-01,4.368917848565364026e-01,4.595525756202472056e-01,8.273041304055714917e-01,4.623286573883171324e-01,1.659417264896100030e-01
1.581112562607371319e-01,6.648514492632264794e-01,3.644403867101910777e-01,2.722490615564862604e-01,5.857613069821024920e-01,8.809375586279672987e-01,2.974262882701554367e-01,1.660624399742987589e-01
1.100697581559874488e-01,9.839830509345586229e-01,9.070395190197118040e-01,3.158375715819459750e-01,5.229720887872645330e-01,7.768367998027498889e-01,4.199737017405078543e-01,1.654320674960993720e-01
1.571562778121594062e-01,9.752007383808845020e-01,4.131731215869419716e-01,4.455496332758719924e-01,4.326601533253286447e-01,9.113283801239037141e-01,5.710399610848694296e-01,1.652483395240885722e-01
9.438814393244500389e-02,9.119273846824874630e-01,5.090168578707253699e-01,4.479904692326430737e-01,4.369705878399962606e-01,4.689062885442168427e-01,7.387732066634478123e-01,1.643016116913107449e-01
7.097471552485595803e-02,7.676746469235024017e-01,7.796417504579362667e-01,4.109155690548809137e-01,4.936089448956119119e-01,6.735901861892136244e-01,3.603165784031837626e-01,1.658169265712286511e-01
1.610748793414770730e-01,8.935394567200842797e-01,5.078852503058771672e-01,3.013322246352034273e-01,5.149615827654993039e-01,9.461566742860925139e-01,5.247400983122340046e-01,1.656655300474830506e-01
1.179826955495456575e-01,9.137815890659120033e-01,8.279717076374742968e-01,3.153130216385294782e-01,5.299890518493584057e-01,8.714572490047329811e-01,4.397013815967481531e-01,1.656012581642427317e-01
9.778426120598320004e-02,9.674976011664164766e-01,9.320062092074126170e-01,3.594633529601067856e-01,4.831970042268451393e-01,6.104817182275226184e-01,5.274386824281087627e-01,1.660776033292711285e-01
7.863277425711437396e-02,7.801411976716626784e-01,8.709848966867801412e-01,3.863522245424713675e-01,4.935344554853094978e-01,8.003800428592080518e-01,5.692715228698769225e-01,1.646495373979621202e-01
2.097665885699607768e-01,8.400594328269255229e-01,1.814835822962200806e-01,3.378615866735623086e-01,5.499315926841090718e-01,9.116502190939145267e-01,4.543398353169750825e-01,1.649581664524357727e-01
2.054807977831040189e-01,7.040681917347801910e-01,1.320848704213348213e-01,3.404065388817764659e-01,5.383008100305261001e-01,9.398473384474999026e-01,4.147613610509134352e-01,1.651891771370424811e-01
1.826935434375205891e-01,7.854025164125463254e-01,3.782454576602004570e-01,2.735990774257630043e-01,5.750202913865553045e-01,9.566919757812077929e-01,4.322291724915077737e-01,1.654847646520229698e-01
1.528956855687965966e-01,9.122551941172194478e-01,5.002657508655572460e-01,3.475580865671332731e-01,5.041861200553499067e-01,9.158072536637430483e-01,4.490143185224897970e-01,1.649979547477724018e-01
5.996993027251002611e-02,7.828584568368061047e-01,8.423591796149147992e-01,4.104646210931681138e-01,4.980902087633362618e-01,4.680804440227396279e-01,6.305813947215892501e-01,1.652241870776383625e-01
6.815062937756533046e-02,8.038741330721580480e-01,7.977052678894025473e-01,4.520735837626358444e-01,4.536280110506719643e-01,6.215204925652700885e-01,8.117722217485728864e-01,1.637664007994871496e-01
1.382059796487107861e-01,3.471257403564630417e-01,2.624351056977256569e-01,3.175397588646699520e-01,6.391565157396957852e-01,9.011927502058236783e-01,4.612396528203758783e-01,1.644797817040573595e-01
1.657956825376766252e-01,6.624339811997669303e-01,2.599078767020858161e-01,3.632471001587261883e-01,5.595175495179599556e-01,9.160757786323636687e-01,3.086243145476322280e-01,1.652434122550198725e-01
1.213247175601653433e-01,8.723815896767217470e-01,6.917575289082782408e-01,3.104449623801256442e-01,5.328755424723952139e-01,7.889475839815761615e-01,1.198956303966292047e-01,1.674578510886995386e-01
1.149957662850866341e-01,9.454766687818433324e-01,5.075306298989678000e-01,4.568792076155059889e-01,4.143566563095179012e-01,6.639818750836394834e-01,7.422379647961232507e-01,1.641411733885693724e-01
6.445248906909191444e-02,7.514948670916681284e-01,9.364831496343584138e-01,3.216527624896516890e-01,5.443066576738135876e-01,5.109442750422065194e-01,5.032220199508475877e-01,1.656730740556775772e-01
1.170574482447055281e-01,6.909192516154737396e-01,5.874160031151629546e-01,3.651577589240505017e-01,5.081668549866141804e-01,9.561698743171785919e-01,7.044271457922973712e-01,1.640915568947140801e-01
1.022964710062050087e-01,7.936301407615320436e-01,5.717440874086116009e-01,4.380347112969315559e-01,4.766046313661491673e-01,7.241059415071509076e-01,3.976902928985715513e-01,1.659841341998481712e-01
1.691649138627304150e-01,3.928295317477049631e-01,1.441102562715146918e-01,3.520415357589850025e-01,5.736564394246286280e-01,9.862332850077005775e-01,7.057502640452792964e-01,1.631110484679249018e-01
1.039637701320013097e-01,7.841679954989883017e-01,7.248354014101727749e-01,3.612607963234311659e-01,5.388838972138964012e-01,9.085204223172061999e-01,1.337004294951536498e-01,1.663023147983532513e-01
9.203126629580660190e-02,6.234083445352336383e-01,4.195677726834365906e-01,4.268098317460858326e-01,5.101185958318219527e-01,6.431690349601516532e-01,6.093321088332465107e-01,1.644887812531891369e-01
1.081995171029060954e-01,7.643458917256862328e-01,5.809502906043031434e-01,3.933956365352588302e-01,4.779691524968720517e-01,7.986530340284490048e-01,7.669882486259878007e-01,1.635830092998994956e-01
7.051590591527527596e-02,7.938255423285476287e-01,8.732500766055951713e-01,3.228435257298079009e-01,5.326948179834434249e-01,4.783865633623958780e-01,6.342639964219193294e-01,1.648101385661634444e-01
7.752056783837563136e-02,6.387320004971973608e-01,5.251143678189291730e-01,4.400602234774128041e-01,5.064878167658728447e-01,6.689540560059653584e-01,5.621853321171611517e-01,1.647025081908448096e-01
7.245800502720251002e-02,7.028688459886184292e-01,8.736203102418811373e-01,3.463774246395077694e-01,5.726253086008851190e-01,7.369014743862386529e-01,1.275294143401816682e-01,1.664164816835669303e-01
1.665863612632835222e-01,9.485891520192712978e-01,3.321095780740037640e-01,4.425217865860661126e-01,4.141065112775025314e-01,8.874528924635238791e-01,5.955660330204159969e-01,1.654899068545683805e-01
8.381196144037793283e-02,9.750373229119020380e-01,7.086982761290568922e-01,5.033649293173859673e-01,3.863993249972555999e-01,5.533161656219232061e-01,6.386473740325615545e-01,1.654264051145048209e-01
8.758875778198817186e-02,9.826245674675619934e-01,8.692617884930242678e-01,3.496018036757603253e-01,5.108820715902132603e-01,4.487630658849984244e-01,1.000165615671678165e-01,1.678902730459408688e-01
1.247143834347076569e-01,8.239044763485222633e-01,5.167675803647878707e-01,4.411601465954532175e-01,4.560324166429295945e-01,9.322800245729256918e-01,5.744282493674955914e-01,1.642720949475867387e-01
1.316833275499491307e-01,6.492422314083017287e-01,3.612869391480463266e-01,4.548516117255727575e-01,4.622422054256308810e-01,9.453102473266030703e-01,7.807750543803122500e-01,1.636468397654960161e-01
4.346469808046281302e-02,4.772614091381830459e-01,7.351879409875048399e-01,4.568729155372009965e-01,5.473643319646629424e-01,7.707477596750336168e-01,6.572641232130772559e-01,1.634601978276667422e-01
1.749825196334450217e-01,9.325662133311862778e-01,2.452263099686338432e-01,3.955629787009257714e-01,4.605989482108098221e-01,7.801621626867032422e-01,3.812518318142312235e-01,1.663987332485423742e-01
1.750285058044415143e-01,9.537492141064221052e-01,3.727563120749333714e-01,3.809607661689239921e-01,4.845030044636323696e-01,8.857317260194916830e-01,3.193187786955657970e-01,1.664280986075146740e-01
1.850965767006762519e-01,9.421131825316990671e-01,2.631561248754196169e-01,3.648596034560359080e-01,4.804450004059876989e-01,8.067514142081937401e-01,5.831087699994094153e-01,1.650949662987844790e-01
9.519686128684270998e-02,9.639670215503486350e-01,9.834951285758919415e-01,3.233701890048351624e-01,5.241214841587457096e-01,6.156993875449729980e-01,1.547855763061662393e-01,1.678850108088034976e-01
1.091136506824671448e-01,9.015090592298282690e-01,8.902485659354412162e-01,3.287757920262499578e-01,5.413343307178629660e-01,8.797721441874163384e-01,3.092654572667861701e-01,1.661036277991521648e-01
1.095227509763655738e-01,9.055023379250876081e-01,7.022853466101545150e-01,3.978996072637808190e-01,4.791271921775652753e-01,8.300319613616518044e-01,5.242233353705481047e-01,1.646296463551194245e-01
9.019899332844413808e-02,7.006607668457436322e-01,3.912830759749654774e-01,4.459707645352304350e-01,4.910418400949760898e-01,5.602268829688243912e-01,4.881786490086208463e-01,1.653851381384310038e-01
1.148508608457458058e-01,7.191261966328499344e-01,6.098484272811833806e-01,4.157483454760526609e-01,4.642542753357442598e-01,9.789343530035083951e-01,7.954269712756147914e-01,1.641763715234271781e-01
6.533755751785663701e-02,7.561209081132622689e-01,8.415232446417060252e-01,4.774429058594443220e-01,4.583833179916430023e-01,7.576047936562371188e-01,7.345432290487280413e-01,1.636158241712426242e-01
1.231043972421088373e-01,8.935631961717307448e-01,3.895771581145530127e-01,4.225959621918649045e-01,4.306334044321961652e-01,6.019090621200341440e-01,5.684798211176492755e-01,1.659962332708177779e-01
1.182185453940412384e-01,7.661177887393466612e-01,4.322729326844059750e-01,4.044926433915826403e-01,5.141698085705396215e-01,7.035242972531243755e-01,4.054567692056038064e-01,1.655068462947851538e-01
8.053072352207629736e-02,9.116852885639024073e-01,8.845572981693388126e-01,4.934106744629118690e-01,4.154744980173870061e-01,7.970479060775685909e-01,7.262343212202195808e-01,1.642672716193398219e-01
7.196739556920753178e-02,8.801141760178170514e-01,8.112219419359817385e-01,4.917248861142177185e-01,4.167937910708310878e-01,6.025076135777720499e-01,8.907115518153040368e-01,1.636436309094029540e-01
2.028839669404318702e-01,4.659817831716092096e-01,1.554589784047421541e-01,2.179122858418869602e-01,6.332835248152404173e-01,9.752156459636438512e-01,4.202090142170057385e-01,1.649935403539622980e-01
9.017314729602529666e-02,9.392941707687108011e-01,9.334863306612195544e-01,3.649899587855452987e-01,5.168162489460121911e-01,6.967587596294566588e-01,3.230817065718423198e-01,1.655252208485986087e-01
1.495987519572757607e-01,9.409216760930312340e-01,5.522269973104106944e-01,3.260685732089175781e-01,4.927873880275368546e-01,9.117144646617021397e-01,5.048414133768392986e-01,1.653141451385535254e-01
1.566766559080386978e-01,8.087949401630742940e-01,2.991514581859083255e-01,4.297033877553516068e-01,4.483440622070739567e-01,8.390297033113903735e-01,7.254295548761159340e-01,1.641343110379894499e-01
1.831740614756076635e-01,6.859409701743618415e-01,2.536818134597867980e-01,2.883731720217025951e-01,5.497121987115688446e-01,9.378856547435140412e-01,7.192128524768883757e-01,1.639239441517975626e-01
3.984830007642788108e-02,6.048443090649937570e-01,8.392930070569788459e-01,4.569156873688515752e-01,5.205878932311853724e-01,6.490888040471251008e-01,5.583872999731687159e-01,1.644933148349004282e-01
7.243378990721575927e-02,7.441983534110573340e-01,8.193750545738409663e-01,4.214700885530994201e-01,4.582147344888461427e-01,7.849776506200871751e-01,9.219335422262153745e-01,1.629455131109495969e-01
2.276319798714084297e-01,9.506910461444526561e-01,2.544773094759960053e-01,2.575894245231237778e-01,5.370388989353054310e-01,9.440319776410726060e-01,5.262126173317306366e-01,1.659182393313468618e-01
9.347428749478887966e-02,8.184491410139209666e-01,9.557484579317527817e-01,2.997098907572895987e-01,5.239116757416342196e-01,8.746022077614372670e-01,7.503803253139488261e-01,1.639181749739786476e-01
9.579902020726088763e-02,9.065700729544889924e-01,9.474134805848055674e-01,3.181728515285204284e-01,5.315861608143959138e-01,6.563415516621388113e-01,4.434822224434476490e-01,1.656098334549744033e-01
1.136872449842115523e-01,8.334932617346124673e-01,7.084528629021249468e-01,3.849735628151170763e-01,4.693250213309161922e-01,9.324020285542387043e-01,9.062525411260358155e-01,1.628853275992358518e-01
9.970143324157541842e-02,9.605620180606737613e-01,6.544313616107139131e-01,4.018141573126572386e-01,4.789668636039934868e-01,5.284873083556809181e-01,2.524453047296667529e-01,1.671679949832061141e-01
1.016349193891741276e-01,7.431211787355044285e-01,3.850441506034008587e-01,4.859373468812068775e-01,4.272483947709880825e-01,6.538358222297623312e-01,7.531553793861820445e-01,1.641327904135329585e-01
1.335071664264156632e-01,8.289510792825751651e-01,5.702440112087721058e-01,3.525276688482051335e-01,5.217126982272856095e-01,9.466382322223881873e-01,3.176132200448044118e-01,1.656285402043945476e-01
8.740605599523473823e-02,6.893625095733781905e-01,5.708545510332819761e-01,4.802573423396988006e-01,4.777048129493680628e-01,7.821055939180447947e-01,4.466843708030885374e-01,1.655347608393794301e-01
1.138719607363741781e-01,6.150273030027388899e-01,4.244382489052825336e-01,4.408831990832432490e-01,4.844036619953209222e-01,8.849093266992507090e-01,7.013353199657257342e-01,1.638705780386233435e-01
1.389755220227451016e-01,2.889385554337743911e-01,2.055268599681951969e-01,3.488403595174223715e-01,6.001125243288643052e-01,9.243015130321335926e-01,7.464573048783126330e-01,1.629012391446199859e-01
1.875490178595190516e-01,8.739365044430527085e-01,3.351715836791410164e-01,2.900758607528461375e-01,5.204971808333564987e-01,9.064726131190241620e-01,6.663462616174343767e-01,1.649059488084083369e-01
5.596892445333240956e-02,7.462560262677556677e-01,9.123403197105985907e-01,3.536657588557219900e-01,5.638828632717397538e-01,4.562128420942805906e-01,2.286803778239783203e-01,1.664612014363421877e-01
9.316494468689541508e-02,8.466040240174873555e-01,8.585321099679428247e-01,2.714191220675264971e-01,5.610848110277616430e-01,5.956001381365585434e-01,2.919836633669996573e-01,1.665758630018860653e-01
1.492228277804027448e-01,9.591272889016437819e-01,4.406079822897222553e-01,3.418672566769896393e-01,5.015607357074762795e-01,6.982714850532506512e-01,3.581367061241925720e-01,1.664816514313545992e-01
9.105697055201369960e-02,9.824494403554846489e-01,7.444125267424496206e-01,3.864185448468435147e-01,4.549243217945838635e-01,4.586589179782870618e-01,4.859579240378782972e-01,1.660244997572047077e-01
8.094321884055766247e-02,7.367728278583228763e-01,9.729825478103868441e-01,2.879170893059321279e-01,5.601414966682398688e-01,8.178172509966430415e-01,4.897303662886421383e-01,1.655244406542353552e-01
1.178689287389699247e-01,4.977968476008566290e-01,3.322851779058618171e-01,3.704300704368522212e-01,5.846139464495925253e-01,7.912879566922151886e-01,3.751663388150181522e-01,1.652815313252660734e-01
9.491273985304521377e-02,8.197890123288485986e-01,8.241509291793214231e-01,4.533157177307220453e-01,4.278265246437304992e-01,9.380114958522129953e-01,8.809640655767410067e-01,1.639440656115344896e-01
1.647984537653341686e-01,5.294971025024597377e-01,1.092856298748892119e-01,3.797258752601666010e-01,5.585846398785522249e-01,7.900493363533239721e-01,3.591858470449891261e-01,1.652443743677959875e-01
5.960175604687595330e-02,7.277845650151133494e-01,9.933047327945777605e-01,3.534622159340834457e-01,5.570543639020746340e-01,5.805366111142382657e-01,4.948446292762224696e-01,1.653142719542734507e-01
6.903271043431169485e-02,8.275027327798192278e-01,9.722196022100426660e-01,3.634821201023526460e-01,5.082771038175369904e-01,5.831145514872366764e-01,3.770901901739239781e-01,1.669145030204889080e-01
1.088577293490074621e-01,5.782312633939119539e-01,4.369152101799735899e-01,3.753871764556055979e-01,5.528005568804299497e-01,8.029968818193287117e-01,3.991648151709435988e-01,1.655131230225324046e-01
1.337257265597925904e-01,7.788126769029871665e-01,2.800163804102908660e-01,3.931997941298073784e-01,4.949071545215584234e-01,6.418046660303702300e-01,6.188234886134267310e-01,1.645018863013925081e-01
8.250855491652833718e-02,9.830659176391854936e-01,8.905836095310437628e-01,3.800392132633735320e-01,4.797392834007270790e-01,4.356977922427226479e-01,3.471178058172968983e-01,1.666149727729413221e-01
8.355256177546122043e-02,9.865731362027820861e-01,7.526434496941853958e-01,3.904463325341676061e-01,4.964333891778114349e-01,2.964040067216230923e-01,2.601577779673855395e-01,1.671435873943633577e-01
1.129677096188689001e-01,7.846413015221817000e-01,3.550995497687282620e-01,4.477834896840059420e-01,4.532297928951808386e-01,6.539555291084744315e-01,6.199333919207130617e-01,1.644820158221278750e-01
8.354739228210583679e-02,6.303740949837507435e-01,6.625292253026351386e-01,3.951714737860668181e-01,5.374924945675511045e-01,8.341130274280056378e-01,4.845931039973140342e-01,1.646749308016021984e-01
6.918675354830061686e-02,9.828419154038661176e-01,7.333814335261739092e-01,4.832803611377073927e-01,4.487402833351499254e-01,3.220404585807174480e-01,4.901623580993706986e-01,1.656020009726484887e-01
9.746124711771930738e-02,8.348590283340575624e-01,8.918654484465056154e-01,3.936020495528049223e-01,4.543397229568851281e-01,9.597368095163394397e-01,8.403066968563499550e-01,1.646529645675634812e-01
7.603708297059635912e-02,6.134215660837649686e-01,7.098781092605283005e-01,4.139912755272863176e-01,5.335836287813056078e-01,8.778602498878405047e-01,5.915540158712931929e-01,1.639228410429810212e-01
8.496328284110150897e-02,8.104248038706158841e-01,6.501292133300903275e-01,4.601444653359509362e-01,4.841528260161979680e-01,6.722299780872067476e-01,3.241561398694875473e-01,1.656044982218283501e-01
1.229462128583549141e-01,9.242655147232919921e-01,3.810885565976770972e-01,4.493592270598772975e-01,4.309568852709810827e-01,6.323998775466493916e-01,4.392835716252088130e-01,1.658774935540078821e-01
5.866817224921847679e-02,6.289194014394672294e-01,9.620975835947600530e-01,3.955427498433264910e-01,5.324486198895156397e-01,8.712325037048751497e-01,7.250366677520181380e-01,1.639012914742188909e-01
1.005947270104875502e-01,9.142212542531988895e-01,7.020263929356156396e-01,4.263301709226606784e-01,4.801386742127871643e-01,7.206889263783520239e-01,3.993934557251752060e-01,1.652938076770430198e-01
1.914642415765477890e-01,6.813522064707061565e-01,2.821081592353696932e-01,2.510903081999602549e-01,5.825822839765183447e-01,9.909713378830086183e-01,6.728281807340950049e-01,1.636552095595538991e-01
2.182331981437197754e-01,8.696875831931232259e-01,2.241526781474189323e-01,2.937774069237463204e-01,5.477881731213934957e-01,9.394821682627630954e-01,3.624608027927574971e-01,1.662633576999631158e-01
8.331520914661733057e-02,7.212818281306387913e-01,8.004925961972151338e-01,3.722396903800350154e-01,5.499973754031340922e-01,8.644058472368186807e-01,1.810058657474526989e-01,1.660151239644855892e-01
1.252614374947726428e-01,9.469883687465900923e-01,7.406815507408454069e-01,2.920472395376580432e-01,5.012699361752152027e-01,7.914306052922356338e-01,5.553628649952514484e-01,1.655973379640419407e-01
2.112342508150083509e-01,8.207552418013479567e-01,2.342866728271102983e-01,2.655475338632385385e-01,5.577086410276116402e-01,9.415803758405607571e-01,3.779471880535175132e-01,1.658651912306301490e-01
2.017043131478717943e-01,6.408570453961779378e-01,1.805185745704316891e-01,2.772921459833734281e-01,5.678911550473770831e-01,8.975060977846649468e-01,6.468037475191413810e-01,1.647275166591724571e-01
1.270196926767885870e-01,8.723312511736456276e-01,6.009277657499552117e-01,4.432615282096468157e-01,4.216897924168113709e-01,9.942514688524710653e-01,6.828252238064883572e-01,1.647378738272730903e-01
1.355214217636934726e-01,4.328027444362007037e-01,2.076470653385397158e-01,3.059479378525467586e-01,6.108963506284702527e-01,7.330446523682185855e-01,3.598867669688458060e-01,1.654372314551004752e-01
1.702566532236343966e-01,5.641768703660733353e-01,2.854158704398500612e-01,2.816226379338070407e-01,5.758955773253847665e-01,9.608387767901428456e-01,5.785009487721481936e-01,1.649466501242392025e-01
1.264422992600868212e-01,2.512938173123759333e-01,1.133633882315859820e-01,4.093259875044880647e-01,5.959459161253551907e-01,8.103843334776920093e-01,5.792513302753206084e-01,1.634184452715330138e-01
5.464896600283308120e-02,6.791988843361436157e-01,8.997446552474679393e-01,4.050701259965384660e-01,5.432583194325735221e-01,6.543591558481551829e-01,7.069408325562742679e-02,1.674136127031243537e-01
6.704846159374669434e-02,7.857067261830880112e-01,8.020833695593196921e-01,4.253859337425188736e-01,4.803300438621589952e-01,5.660874357045451166e-01,4.867439429576279064e-01,1.658153868998024361e-01
3.743185957343589387e-02,6.092402200977422577e-01,8.034227016510344654e-01,4.840306151864123274e-01,5.053628577652516940e-01,5.619414304796548354e-01,7.030703066746175622e-01,1.640486664527469884e-01
1.843457261668444147e-01,6.476454527211275014e-01,2.481695251647943745e-01,3.065480616098793520e-01,5.428912482415721996e-01,9.383445113555600736e-01,6.662871256526945452e-01,1.643361835915783942e-01
1.684153799711015087e-01,5.471243722459488978e-01,2.302306696975044142e-01,3.297430305636457337e-01,5.358438508347802554e-01,9.256788141084404398e-01,7.101458160676877851e-01,1.640261189939924702e-01
1.678193908595972950e-01,9.218819985834971753e-01,3.625444540071807720e-01,3.179678611238226371e-01,4.907126846191172675e-01,8.262976554993800571e-01,4.719807023754509778e-01,1.658887688027151086e-01
4.040774438137630098e-02,1.878518018667225675e-01,1.597461998954782803e-01,4.801259007707150417e-01,6.549631220697436085e-01,4.057516042348490726e-01,6.387805740320422476e-01,1.636613897198931911e-01
1.369835475370943523e-01,7.669669763064502765e-01,3.374996480123026998e-01,4.699297440015141603e-01,4.341982039071696220e-01,8.356562414812009898e-01,6.142076913744545230e-01,1.651169922740154394e-01
1.405988408688961799e-01,7.356543814767794176e-01,2.583062311061590233e-01,4.005881685160008199e-01,4.863676122469106078e-01,6.944291485043579959e-01,4.944415556413666590e-01,1.654592598465472186e-01
1.804814543581385045e-01,3.920721949457091071e-01,1.659750468729730977e-01,2.799626454037218437e-01,6.267342883463044023e-01,9.434099867366749770e-01,4.677850758702142842e-01,1.650059362058902690e-01
8.582774451257668691e-02,8.464133082270646202e-01,5.722899352467024636e-01,4.968732373228922361e-01,4.195249570673219019e-01,6.027393894355050907e-01,5.412960643614820322e-01,1.657815537148536744e-01
1.018553858773283693e-01,7.638481367617837581e-01,7.862680929660873508e-01,3.130013007176573048e-01,5.676684271768713819e-01,9.103926917654473483e-01,1.576419787803068906e-01,1.662539199884760233e-01
1.232207776854038761e-01,9.453325591850203491e-01,9.121997163011317244e-01,2.530633722544233244e-01,5.265427421187564017e-01,8.458707656205327607e-01,5.330025624579290966e-01,1.659560551134881823e-01
1.306848904842017600e-01,7.930119641843178524e-01,3.922612512209439073e-01,4.025593284206358535e-01,4.858396903477275042e-01,7.615356918548649157e-01,4.253252024407332965e-01,1.655853972651813721e-01
9.663725204553796910e-02,9.524992272493962853e-01,8.761183878774045919e-01,4.715955807491628016e-01,4.100198556426349339e-01,8.471280144721210492e-01,8.217519353643911728e-01,1.640035633460263653e-01
1.294069886427057225e-01,1.277008181645299389e-01,1.068318037252980468e-01,3.154653062920599882e-01,6.716586130491147832e-01,7.739043746725152717e-01,6.151071918554779083e-01,1.633267398543480908e-01
1.021366945636174306e-01,1.290665082321698076e-01,4.880726609948576877e-02,3.323461174451472488e-01,7.040327006153235256e-01,5.310892921991241522e-01,3.385301161686765647e-01,1.657595559104012295e-01
1.412805976865445790e-01,7.620963005269494328e-01,1.893694244824876693e-01,4.149218128623737289e-01,4.748723698853146158e-01,6.236732278712506794e-01,5.695533481909947904e-01,1.653253237880435988e-01
9.956269944215101475e-02,9.473121117728053875e-01,7.408949833484510528e-01,4.744228457528069653e-01,3.979336468912686442e-01,8.059953835667423849e-01,9.036129886164946390e-01,1.629384657957164695e-01
1.882984912277850253e-01,4.764446268234082682e-01,1.997891533939912256e-01,2.206877500155029481e-01,6.288149578565858100e-01,9.181959899805328673e-01,4.804039219914965630e-01,1.650431917695562301e-01
1.115453735498880550e-01,9.159332768538860359e-01,5.459979726807645539e-01,4.392271212341999354e-01,4.537351647905394914e-01,6.539189473470821135e-01,4.757482015482704663e-01,1.653566110085542828e-01
1.264947725855663785e-01,3.310450290715220012e-01,1.941839316017643646e-01,4.450375867623668769e-01,5.401663951798407748e-01,9.261061241790411458e-01,7.624563983918842824e-01,1.625639631771818028e-01
1.084918994302662421e-01,9.097567621953912553e-01,8.488443722105801781e-01,4.153929277759144112e-01,4.832967451320808738e-01,9.941727568712648289e-01,3.468265590463549541e-01,1.659602408178734723e-01
7.896979099323432616e-02,8.475385985476474593e-01,9.346075385591416929e-01,4.002415848111599006e-01,5.194606537840726901e-01,6.636935584634024998e-01,3.625320602745869536e-01,1.656713708052986733e-01
1.020349947462717982e-01,9.238128413879188594e-01,9.308540197967394292e-01,3.588112184867621179e-01,4.911267494469601091e-01,8.897850121939239187e-01,5.605550462952700874e-01,1.650955543496238354e-01
1.462807661781957425e-01,8.930871616786744127e-01,4.925789586159105005e-01,4.012249507821677441e-01,4.473292567450977697e-01,9.694729143883624722e-01,6.463182025231870576e-01,1.647340245511256518e-01
9.884617275083359966e-02,9.271918126310536579e-01,8.471597440969111936e-01,3.733982592464310524e-01,4.982352737372405804e-01,7.338248550274573123e-01,6.259343710880072020e-02,1.680622971460880299e-01
8.545415323745644831e-02,7.830488979086397405e-01,7.541526396659368192e-01,4.233172306097707782e-01,5.030745358325900973e-01,7.918443114570189456e-01,1.548843680963479241e-01,1.667198126325017127e-01
5.939542004419498533e-02,7.830120544371317326e-01,9.501017856953331009e-01,3.661483791926306575e-01,5.183982166063851871e-01,4.813433612438373643e-01,6.964403076977701001e-01,1.644857713330205307e-01
4.882866004052523190e-02,2.256885445195224715e-01,5.945463757079749723e-02,4.888562828281177719e-01,6.446947541423241335e-01,3.233208377858117766e-01,5.633367629902468199e-01,1.647886304977854433e-01
7.368937858180960032e-02,5.042070186541380838e-01,4.127552086483926019e-01,4.293799907371718128e-01,5.423781943023902041e-01,6.283720132139879455e-01,5.422364119395451931e-01,1.648473737071321221e-01
1.309456376664109578e-01,9.758728680263926147e-01,5.381325465978890055e-01,3.299318043767766606e-01,5.000324718992056328e-01,6.186223922025037014e-01,3.897794246849356492e-01,1.660726992971706395e-01
8.705990210517847161e-02,6.984247584014772192e-01,6.464775827885289594e-01,4.815940565428711295e-01,4.619885714795073928e-01,8.497250229977583169e-01,6.426318087307443250e-01,1.647056129085803511e-01
1.617060517081267135e-01,7.931237673339529559e-01,2.147875433638353482e-01,3.878828055337645297e-01,4.928045023143821646e-01,7.085479185246161826e-01,3.269419783215844477e-01,1.666639698433193262e-01
1.066361194432297321e-01,8.189091531173467997e-01,9.646476407847917045e-01,2.638005478698099426e-01,5.518303588051954867e-01,9.676094857485449952e-01,4.803073786928346856e-01,1.657524632564877920e-01
1.786824887120370131e-01,7.632592548358793083e-01,2.184144555797908338e-01,3.805729555217388094e-01,4.865497707725620624e-01,8.893136676581274713e-01,6.036281938695609028e-01,1.645160027591193730e-01
2.035408330137112587e-01,7.026730937063738747e-01,8.089057578290903550e-02,3.187944087715873787e-01,5.508320174271730263e-01,8.084033614754032593e-01,4.784986585654101288e-01,1.650359248582547178e-01
7.760769140706766378e-02,7.000670567619542428e-01,8.453392761904305885e-01,3.547127650832935242e-01,5.467257556635850557e-01,7.673977227502133402e-01,4.046876284610239072e-01,1.654797593091460461e-01
2.469985799755793909e-01,9.988531869969952126e-01,1.214288760339538586e-01,3.244928518693123709e-01,5.245235214354826425e-01,9.483466655636936249e-01,5.215511902160445690e-01,1.650981472017730156e-01
9.262563891518732495e-02,9.782550585980657187e-01,9.156374935156894601e-01,4.421095926203677529e-01,4.678626019123715563e-01,6.992480127008187107e-01,3.332002373384436167e-01,1.663034957239566680e-01
1.756094324594955625e-01,9.814203885960204321e-01,4.436130059527581548e-01,3.443900953817193855e-01,4.654871474023362099e-01,9.291051094081765882e-01,5.694309956205726442e-01,1.658254306157655178e-01
1.277045571579637495e-01,8.476013206404386935e-01,4.951098813566801038e-01,3.834876504603879632e-01,4.576307031948212978e-01,8.052227325039164052e-01,7.545733993258481043e-01,1.637788983188188108e-01
7.689197245701497041e-02,8.490031099090874500e-01,7.933964242231221764e-01,4.399191375050068853e-01,4.557760475566240421e-01,6.893630013000888734e-01,6.370500916607101383e-01,1.642609922455205151e-01
1.666012156889501439e-01,4.309564455336719613e-01,1.336720076350591535e-01,3.279683242571480584e-01,5.786820734630251373e-01,8.662180011058728812e-01,7.788796450508438385e-01,1.626382171607821669e-01
1.506364733590312699e-01,2.899434873150400493e-01,1.253634800544138894e-01,3.795132949354804164e-01,5.942855504932752497e-01,9.308113247317546524e-01,5.296886028565979121e-01,1.638774434151875348e-01
9.241951610867571443e-02,9.761044494739270494e-01,8.509887617010257754e-01,3.875592833680321925e-01,4.881306181983907089e-01,6.108424379051067277e-01,3.995213542904344495e-01,1.651744763216427270e-01
2.177290818860271315e-01,9.824517927509762716e-01,1.589171593461448651e-01,3.555502371843548004e-01,5.084401278589492090e-01,8.793959494700478441e-01,3.848415476309212657e-01,1.655442592276132607e-01
1.309954637940174693e-01,8.667068577482437419e-01,4.732254576353458475e-01,4.582040453014175063e-01,4.215146225123150292e-01,8.987765721424993970e-01,8.258731697732470955e-01,1.631792845361806910e-01
6.868566202643444640e-02,7.574188775144417018e-01,9.125600041309120947e-01,3.993024011441982934e-01,5.154786530116117760e-01,7.630552157507025646e-01,2.823669947782949663e-01,1.664221776838683553e-01
1.013494568963385634e-01,7.926485735676898070e-01,6.833266296243554194e-01,3.634102003194893959e-01,5.241126702288847472e-01,7.350038063108776942e-01,1.881487052757476186e-01,1.671894440954423133e-01
2.042723535676401747e-01,8.708545638940667910e-01,1.996548453066451234e-01,3.516598913462719578e-01,5.248631532039137459e-01,8.796111666292145692e-01,5.339121112016684823e-01,1.651025567593943921e-01
7.307077787045254680e-02,7.439429765527560967e-01,8.767326539136754970e-01,3.477586799575859144e-01,5.190894296544907860e-01,6.423868292763640353e-01,8.334619633172806186e-01,1.635525031263946050e-01
6.664948167047779481e-02,3.657156113066560854e-01,1.209387835783488074e-01,4.320761913110905406e-01,6.240755717969312943e-01,3.292031972345577095e-01,5.858459849107937600e-01,1.646198716093928704e-01
7.799051947572036014e-02,7.195149924654664630e-01,8.665921988155850242e-01,4.231162857331982052e-01,4.740695637736399570e-01,9.218345798617477715e-01,7.055582670301301373e-01,1.643141602961204484e-01
1.595487543771167416e-01,8.883192272940088063e-01,3.074458403035432719e-01,3.213995426854027726e-01,5.040705960413195408e-01,6.825906203539557904e-01,3.486349520512161959e-01,1.667250512290244513e-01
1.047248660792791802e-01,7.694175444850956946e-01,6.132030601596553110e-01,4.049975649772941666e-01,4.870213044124183099e-01,8.863772833682717067e-01,4.456025134386203401e-01,1.652501140779401023e-01
7.689418871495558305e-02,6.072386940156160318e-01,6.905274126981661986e-01,4.388361300064035908e-01,5.073552281589728263e-01,8.606766340015975514e-01,7.005851628061248171e-01,1.639504270910391581e-01
4.226254662868328404e-02,6.484293231805590141e-01,8.827008305180026326e-01,4.265822341922425043e-01,5.206812806394095494e-01,5.081852274891951460e-01,7.127450134083492816e-01,1.642736744264872983e-01
1.097558218216216075e-01,8.881468001894297082e-01,9.179280097034046015e-01,2.841751193565922873e-01,5.588605841323719403e-01,8.456500527648456167e-01,4.680850134827030384e-02,1.678132391812406643e-01
6.332909018376439714e-02,6.684501404496838717e-01,9.507016926326261608e-01,3.145824652653234077e-01,5.638153666714859069e-01,7.387477932142972881e-01,3.258111411983597439e-01,1.664139116160115728e-01
1.194080262054272035e-01,5.540428067734826101e-01,2.736503107781808053e-01,4.518709707998210257e-01,4.984167395312231741e-01,7.996620815581386710e-01,7.138455368374888588e-01,1.632696020985784646e-01
1.204766976632362513e-01,9.093434520744738681e-01,6.740456355067871996e-01,3.788821131152100286e-01,4.342213400122647005e-01,9.032105922870552472e-01,8.309638993937566998e-01,1.639532468524652897e-01
8.461432334817538259e-02,9.088702800317426389e-01,9.449069901630051671e-01,2.982362161466416417e-01,5.419751546428500655e-01,4.085138333808828182e-01,3.217653443367965993e-01,1.672978196215140212e-01
5.420108467182264272e-02,6.657282299486211308e-01,7.888788060616245268e-01,4.742515936708963653e-01,4.739212402873601571e-01,6.832904945652111817e-01,6.255694658911582495e-01,1.649966709755440186e-01
9.018615931253866347e-02,6.513651394025494756e-01,5.553887973019212554e-01,4.955910048207865515e-01,4.457844592160128960e-01,8.863131933494126091e-01,8.583467383618724744e-01,1.632148432092788148e-01
1.091430481331722158e-01,8.108356673128603864e-01,8.295024818142107126e-01,3.300941841413310707e-01,5.053313788983473387e-01,9.545942629434887028e-01,7.036127153338848084e-01,1.643942414633505489e-01
4.656909214864846103e-02,6.194706132479793625e-01,7.958113719584271051e-01,4.898862495745862633e-01,5.130422828982112993e-01,7.052103429469382956e-01,3.152555697839390936e-01,1.657807273164246531e-01
1.066962625309966356e-01,8.783449226683882616e-01,8.109212849800846445e-01,3.314418339015431370e-01,5.538919047553211294e-01,7.528381745696852700e-01,3.177867600820521998e-02,1.671862508504355638e-01
7.869987263001525235e-02,5.702468709026895510e-01,5.906557765288241724e-01,4.351906215252250298e-01,5.066554079213737571e-01,8.162472034041893254e-01,7.633021785748801413e-01,1.634296843242400710e-01
8.467579101519831508e-02,1.048229746591148315e-01,5.187450688014433320e-02,3.852945698253267270e-01,7.031486088934633116e-01,4.810991979441253119e-01,5.465621393790713878e-01,1.641824710028321754e-01
1.080775222970443566e-01,9.880062484843051829e-01,7.642393150013677694e-01,3.552351780765412581e-01,5.077757721778520805e-01,6.129970524360617290e-01,2.243021466713077117e-01,1.668246026121985304e-01
1.026212868171112735e-01,8.437641322583221415e-01,9.667596015825059563e-01,2.618107740797447347e-01,5.700845906158643617e-01,8.323519098021099349e-01,2.326027275352157142e-01,1.665237827177968866e-01
9.629085692136486740e-02,3.685402095411826617e-01,4.418358702421982809e-01,4.211643503834083813e-01,5.552749067185221987e-01,9.952588840370536483e-01,8.465924017835800841e-01,1.622090019397704197e-01
8.182696239980191688e-02,7.020091222191308100e-01,9.244542175385754845e-01,3.780403646745219559e-01,5.224136298321236938e-01,9.646776751522024851e-01,4.699872842054647615e-01,1.654861616337856001e-01
1.878302046751214593e-01,8.980380487126290445e-01,2.894119439392138227e-01,3.351979188060135173e-01,4.824261265733887916e-01,8.597721660764663376e-01,5.681579987152164390e-01,1.658974867495150163e-01
1.356527652273877560e-01,9.017111520035598904e-01,6.393572409733770945e-01,3.302167189452638318e-01,5.386525872267986514e-01,9.050783925778069783e-01,5.209840857373082557e-03,1.671663389810316980e-01
7.436972229718791239e-02,6.407845569694632371e-01,6.560593440206216043e-01,4.343849040644622850e-01,5.085665962201282309e-01,7.442839044267384185e-01,7.571668407236121778e-01,1.632653783463022257e-01
1.704559382003869306e-01,2.704339247471885255e-01,7.499752266064002582e-02,2.803675075511757320e-01,6.368048737022272698e-01,8.268914196910933656e-01,3.892128372977119999e-01,1.653632892903647289e-01
1.152393713784498341e-01,9.776292995087696447e-01,6.291248166815219811e-01,4.267457253095073844e-01,4.342004333587165532e-01,7.221432057153449602e-01,5.669955664445979204e-01,1.650853170625159183e-01
1.084240783414619630e-01,4.899432950476954041e-01,4.654426181316309030e-01,3.908238779507923200e-01,5.198973932457402469e-01,9.662218849307230295e-01,8.726222699710397546e-01,1.629881435772143616e-01
1.455540231492246095e-01,3.788328164680442867e-01,1.605208088640450170e-01,3.844964102168687003e-01,5.716700914815768808e-01,8.782076019600517647e-01,5.236391416954339073e-01,1.644479285169684335e-01
8.341415072366822892e-02,8.727349766384111529e-01,9.313309756031626918e-01,3.728145035081854020e-01,4.908535541953807368e-01,6.393153728323929252e-01,4.757180676361061344e-01,1.660090756900799713e-01
1.233308126141760414e-01,9.041104911118713616e-01,6.584287701363050749e-01,4.040043334666387209e-01,4.740089957961100553e-01,8.849894963264229863e-01,5.774328728701413338e-01,1.645625777497851383e-01
1.084714872108561295e-01,9.186131090936928700e-01,7.790732554052999248e-01,4.278572967625589030e-01,4.803636869841758639e-01,8.977821092405360304e-01,3.230225955242927438e-01,1.655823080914028966e-01
8.435610885755763511e-02,8.914418370683434567e-01,6.625770792810680154e-01,4.725919810072817806e-01,4.047993536277028070e-01,5.918916862287112446e-01,9.252763410052528004e-01,1.633115860448708656e-01
1.841317857447150319e-01,9.826688380363014508e-01,4.180007736013335307e-01,2.758316289392609977e-01,5.221582700152864742e-01,9.421381801021323499e-01,3.666110381617526670e-01,1.659927568591220148e-01
1.121514229076603225e-01,9.248140013710306473e-01,7.983784910728957129e-01,4.311991170233966941e-01,4.653380813538818828e-01,9.710699272385384662e-01,3.772667312047721655e-01,1.657776936986607996e-01
1.073309940851390337e-01,7.938564281187887595e-01,4.506831115092850837e-01,5.168675157718147783e-01,4.118182227142905827e-01,7.723936267414676093e-01,6.882856709832645414e-01,1.644141285250640960e-01
