6.684723809649619104e-03,7.461562920270305987e-01,5.216859314138149184e-01,3.544549855105289526e-01,7.672430486490463553e-01,3.641637519353219665e-01,2.320053601834948798e-01,1.691215186997215292e-01
3.724342810330631866e-03,8.400213500504506436e-01,8.535641041256922801e-01,2.923916064380194246e-01,8.301150205754119771e-01,3.229165473688174193e-01,5.085090654231683160e-03,1.704562938112869075e-01
7.917108263381733915e-03,7.121677868399746147e-01,5.806938597463947582e-01,3.450669365527578858e-01,7.222545548855739961e-01,4.033964930119515180e-01,9.326995611372465023e-01,1.654384499758699001e-01
9.492105841205199929e-04,8.919073759158930859e-01,8.283593685335965962e-01,3.317284920222310918e-01,7.718118487714568099e-01,1.897291928175009745e-01,2.043510362314960305e-01,1.702034443254129559e-01
1.036887336657160708e-02,9.330639874261839051e-01,6.612272713417988168e-01,3.704460932130794193e-01,7.335183760717207679e-01,2.133200103951145010e-01,8.870230540508583505e-02,1.707099756289720272e-01
4.927178938568706201e-05,7.468455539830796130e-01,4.754568738230788849e-01,3.712430000783241701e-01,7.412681803995275764e-01,2.176999055535487337e-01,6.810323307616850119e-01,1.675803638830943298e-01
4.090714629793046342e-03,7.550452617399154853e-01,6.437084145851635908e-01,2.580563509291691204e-01,8.798401847708251511e-01,3.337539246874177135e-01,2.079594081974872610e-02,1.697099638592805271e-01
1.447541136534290923e-02,8.804604538045526230e-01,5.240315144689458027e-01,3.292155923404082030e-01,7.969283084620469859e-01,2.382669318820057058e-01,5.825495176209272152e-02,1.699989855371230041e-01
4.574254986272155779e-03,8.165611332815775336e-01,8.063206227756327671e-01,2.459321441803083708e-01,8.396214345182358985e-01,3.009496628195256762e-01,5.833059403711882140e-02,1.707477327439542170e-01
4.510529289663053193e-04,7.019051647529804816e-01,7.986588019175944186e-01,3.065741318429366924e-01,7.491260982631642307e-01,4.789175088581998363e-01,9.802674298563235356e-01,1.653807005901768712e-01
5.197177841949462279e-03,8.407839512165627971e-01,7.707922429823408361e-01,3.727942401510269677e-01,6.847390697872124399e-01,3.734747176090463805e-01,8.124840353392197567e-01,1.664067496665204149e-01
1.078074222230458040e-03,8.283997452666386208e-01,6.551030888487303638e-01,3.246179757193440873e-01,8.017656768917218457e-01,2.020614973168667339e-01,1.722132714227883332e-01,1.699615343132786227e-01
6.018701562473777189e-03,8.359560311567254542e-01,5.273620762840695031e-01,2.326191575773612907e-01,8.841569922817344995e-01,1.163714145009026868e-01,1.413634514945719123e-01,1.700991519882708580e-01
9.843104888423154578e-03,8.532301221671710900e-01,4.226693665103580244e-01,3.557165376794081402e-01,7.981279462363735089e-01,1.466198302679222187e-01,3.364472264022009829e-01,1.691151003797137231e-01
1.859724576406943108e-02,9.542618706846306420e-01,5.847839501180039923e-01,3.121455027623853962e-01,7.748129227049935785e-01,2.021448594348916328e-01,8.495149027306342360e-02,1.700924177295612960e-01
2.440324172989401241e-05,7.175649275389917037e-01,4.568060852879377576e-01,3.445912533848050074e-01,8.028847114205892588e-01,2.031205252129490157e-01,5.020918411119310587e-01,1.686748907459610092e-01
8.116222053224122351e-03,9.435750831645622894e-01,6.804677911033158999e-01,3.692889084078658790e-01,6.978506489575149185e-01,1.781745141965565271e-01,5.359324453006070188e-01,1.685023379928999310e-01
1.785522652007462234e-03,6.892303268652250070e-01,8.725942595374410748e-01,3.551676153296954297e-01,6.992229570903729652e-01,6.188417117030251546e-01,9.994569627888221230e-01,1.657896607354326923e-01
8.915320400206235354e-03,8.064870736539344609e-01,5.207114474697390749e-01,3.580636446757669566e-01,7.544515905583564219e-01,3.221025977590176170e-01,3.289656133052724640e-01,1.686708344723719111e-01
3.147653554231332959e-03,9.424324962606146494e-01,6.081073926275817332e-01,3.924212461301158639e-01,7.590009179761226799e-01,9.470470147169948727e-02,2.411043988605361399e-01,1.696634167360838441e-01
9.595604070183675477e-03,8.355010619015675877e-01,6.111007014817307903e-01,3.209408880890294857e-01,7.853141450463673179e-01,2.770888340054959431e-01,6.519361489175545810e-02,1.703318540064847342e-01
6.349459984420319572e-03,7.454214742284903661e-01,4.493163975086086892e-01,3.549972957203733626e-01,7.598219107920296533e-01,2.969835112024833967e-01,4.446229066342284875e-01,1.684352961451230091e-01
1.226571111940868292e-02,8.416395856151650534e-01,8.518533400379771914e-01,2.530197141358997426e-01,8.169472059786588858e-01,3.586336822630184495e-01,4.031619872606140298e-03,1.711297325574488992e-01
1.455050899071005065e-02,9.471549438724436998e-01,4.091213948765235475e-01,3.701053764730261042e-01,7.497114611573520992e-01,1.270398717095246599e-01,2.510463151098733525e-01,1.697770279336379695e-01
5.242285270200195725e-03,7.918402056433708758e-01,6.279395740566439121e-01,2.748250597423165242e-01,8.248129304588543986e-01,2.693164142867301991e-01,1.684256528304332590e-01,1.698232462201512138e-01
1.407577342934156900e-03,6.586653098562006425e-01,8.045817659484353346e-01,2.783609896270155537e-01,7.441814550597645184e-01,5.617243609464261933e-01,9.793648574352842306e-01,1.654990421842450210e-01
5.799002561233803504e-03,8.846644199036848288e-01,5.653199363982742698e-01,3.132882090099482486e-01,8.113559151417847337e-01,1.129631610230677763e-01,9.421364178511004717e-02,1.712162105105965171e-01
1.442731099167877777e-02,8.529067488633077510e-01,5.958518429763050017e-01,2.688832017976329758e-01,8.221342864367255920e-01,2.453590420361726754e-01,1.986010504094909146e-01,1.698519550829434566e-01
1.489343057095525794e-02,7.682774619594103793e-01,5.025755199456537481e-01,2.970874819116131049e-01,8.050523797753222910e-01,3.418729321002929034e-01,1.197646576963786458e-01,1.701531462951517137e-01
6.507656921382470872e-04,5.936981861224226442e-01,5.304626859454107946e-01,3.599670771184191320e-01,7.209326787331770126e-01,4.927399798794812047e-01,9.990743890975215535e-01,1.651054475074574257e-01
1.905646061642304531e-03,9.003298761796798555e-01,6.574527981495130735e-01,3.326665506806284478e-01,7.879137245279993484e-01,1.205898028430298918e-01,2.878783080486254642e-01,1.693845659993364894e-01
3.938957518349380654e-04,8.463371788469430390e-01,6.964570957202372847e-01,3.877631582381594888e-01,7.349681696613593607e-01,3.254627791824620808e-01,1.384943262348153903e-01,1.698262793131080362e-01
1.574601399831176973e-03,7.775474532653267046e-01,7.177675615838629009e-01,2.439790953312803712e-01,8.528873853086383905e-01,2.680940688519663495e-01,1.447510504967077782e-01,1.702975670737812419e-01
9.416470436366515540e-03,8.407027006407146175e-01,5.030999231726995813e-01,4.149539754666704550e-01,7.112181209188793707e-01,2.654284393547883814e-01,4.514019724809447687e-01,1.685034809406267542e-01
8.910897947427609544e-03,9.196653632156421843e-01,5.689872473659343122e-01,3.275275275158062716e-01,8.466779046293519961e-01,1.109397305953669088e-01,3.685006868875029262e-02,1.707090819287978012e-01
5.603145472649239539e-03,9.381640951160648001e-01,7.300861200778719917e-01,3.026495320883354490e-01,8.071793010253663914e-01,1.155771813253875790e-01,1.288125421761290856e-01,1.705354644812275278e-01
1.672807075073980826e-02,8.388484257223250973e-01,4.485283286585218798e-01,3.374084121774337808e-01,7.547513044601816823e-01,2.770837064153982565e-01,3.282610731161104134e-01,1.692202485580387994e-01
1.218939578810132249e-03,7.518670112132411765e-01,5.006631498537774672e-01,2.812193234892854665e-01,8.215582231237986699e-01,2.123939992146660904e-01,2.666864019298461064e-01,1.700377219394691442e-01
3.930630115081519896e-03,7.199606194989940366e-01,6.812935701247252451e-01,2.737454460050084970e-01,8.273269675834330483e-01,3.962284665745747780e-01,1.158314366999389500e-01,1.703776072467437508e-01
8.854145316085026973e-03,8.083633682331314851e-01,4.455126613449054140e-01,3.841589325726608717e-01,7.397834511591927509e-01,2.554054343704638685e-01,5.354403572737669315e-01,1.678421059692290773e-01
5.027586210852201705e-03,7.552243904463210589e-01,3.830951778873472602e-01,3.029302245914063940e-01,8.452968326028451607e-01,1.505438051068095084e-01,3.895262802958480708e-01,1.692916085816528748e-01
1.209030292014741208e-02,8.644004458588264717e-01,4.828377829895246220e-01,3.032741893629487540e-01,8.039159942653338886e-01,1.737546073886526710e-01,2.156318835936113509e-01,1.698622475646431873e-01
2.033042777735244791e-03,9.191104525512402423e-01,6.068588777625235631e-01,3.290695859575212268e-01,8.620045491394133785e-01,6.077152860084886199e-02,8.147172425124704631e-02,1.702412724631473806e-01
4.201028215855434102e-03,7.271397635101439771e-01,5.571354353247836011e-01,2.728330870640753858e-01,8.882073931710700032e-01,2.546603739052002990e-01,7.069032376241810023e-02,1.704081111127954129e-01
1.235775795368434030e-03,8.111291152571169505e-01,6.863822821161806864e-01,3.608636151816159154e-01,7.814958513217676872e-01,3.093102494929167445e-01,1.782408591257916286e-01,1.697504655023242548e-01
2.397309065201318548e-03,8.136128510913170908e-01,5.267442153889211331e-01,3.661512275136072359e-01,7.196093928083865388e-01,1.905204046292131859e-01,8.299171308534400993e-01,1.666274873866024075e-01
1.854790835876043986e-02,8.774842806599997269e-01,7.017300918245256147e-01,3.070803796426748722e-01,7.787538339925073050e-01,3.307976072684833402e-01,7.898262653568194347e-02,1.706632892287382741e-01
1.059150932573829640e-02,8.558071367011983455e-01,7.590280787723457934e-01,3.053072508610285563e-01,7.028938431552470556e-01,2.740195407261308280e-01,9.160743344605284388e-01,1.667582974410346530e-01
7.809712924364337581e-03,9.042221757461814668e-01,5.379778119688101157e-01,4.199822793645998642e-01,7.118008938912592232e-01,1.828314547956512992e-01,4.824110117779127349e-01,1.683665160639331859e-01
6.993793276375017375e-03,8.735641234832296487e-01,6.418767382225838425e-01,3.702401726365881496e-01,7.795757439634466435e-01,1.951509486932405113e-01,1.176382732890194904e-01,1.706292297891136012e-01
4.388824419988847890e-03,7.879507058157195765e-01,6.628879778290884817e-01,3.362002738702510873e-01,7.119214772350860310e-01,3.220648297402561311e-01,7.736309104686509563e-01,1.668860496575781394e-01
3.547717071185825174e-03,6.210739820937642985e-01,3.667260073669735831e-01,3.698746605297100198e-01,7.680669120144716366e-01,3.360338210320666930e-01,7.512605137974265324e-01,1.666453071634267924e-01
1.947473933751086433e-02,8.356490430546947845e-01,5.922208197708378474e-01,2.282049352061900904e-01,8.428974798486411624e-01,2.973351602449478825e-01,5.812314999958173578e-02,1.705716148688741773e-01
1.265761080385258489e-02,9.197939553144840463e-01,6.861913111682600430e-01,3.301968683117991188e-01,8.175286414911270283e-01,1.728131218270030911e-01,1.213238486300482477e-01,1.702354061860769929e-01
8.415859728496842204e-03,8.526887236571476514e-01,5.510203085674965084e-01,3.866880619364108651e-01,7.790804875590640055e-01,2.568309085603593944e-01,6.766825263088721565e-02,1.701415381651046332e-01
1.855968378139102870e-03,7.635349810929056291e-01,6.439617394676420137e-01,2.768642257076380231e-01,8.590078285702308358e-01,2.550532995107011036e-01,1.809719383978056761e-01,1.694153474195661535e-01
9.394112539752199134e-03,7.990256216556729241e-01,5.573574714435634014e-01,3.647876436418154844e-01,6.754051078108767037e-01,3.110614613509275483e-01,9.641572771383827289e-01,1.659841449720906581e-01
6.195331279617034489e-03,8.037403160942246938e-01,7.081532771133568493e-01,3.484244185366854318e-01,7.136020069350629269e-01,3.230620503507408703e-01,8.862664322325279898e-01,1.662999602121862652e-01
1.127272780233438097e-02,8.740854826388251286e-01,5.929345100717833272e-01,3.385976135778679397e-01,7.998556062754331730e-01,1.914218136243074908e-01,4.119171981105834712e-02,1.710456386607694668e-01
9.356901779985486722e-03,8.622138926170762607e-01,4.416426858711851033e-01,2.772789219240825997e-01,8.539961277896397362e-01,1.357638058314070695e-01,1.569292856326554852e-01,1.698695228074688368e-01
1.558392780011994688e-03,8.217977219119645405e-01,5.434916968936078785e-01,3.668844047842877432e-01,7.911033841909010933e-01,1.953023359722824703e-01,1.304712339268569998e-01,1.705819064782874150e-01
6.539822314095234020e-03,8.534451357726297038e-01,4.875173291199628722e-01,2.651841851457414911e-01,8.527388991605527879e-01,1.269010630489391944e-01,1.434438587065937076e-01,1.701597222707431911e-01
2.286289851490192100e-03,8.938841366190697357e-01,5.797667029232127511e-01,2.667306115770607944e-01,8.720389865049767986e-01,1.537971378439012549e-02,1.640930898857609899e-01,1.707743594531433984e-01
8.626626000391999019e-04,8.159994025236217974e-01,6.650444952670254706e-01,3.469631260344225865e-01,7.666452682325165524e-01,2.024946150963633229e-01,5.783223078113195470e-01,1.680469629505205453e-01
1.324813587855455492e-03,8.627676977925411439e-01,7.472839561777788742e-01,4.184637069396826559e-01,7.417268256910475310e-01,3.276029859860142834e-01,9.369302698314652122e-02,1.698233106286628213e-01
7.843754022708255072e-03,9.510077826617694408e-01,4.865419380927229476e-01,3.989691576666268280e-01,6.799522527124659543e-01,1.047729208456001926e-01,5.105369956893126560e-01,1.689218260512868330e-01
6.526368153876928833e-03,7.689649328961494223e-01,6.736800990035323178e-01,3.308403031711627529e-01,7.729079083264251970e-01,3.882946034974439908e-01,2.446353061315069133e-01,1.691839610408261141e-01
6.261734138935445317e-03,7.895068384550508744e-01,6.154076642524356489e-01,3.602632622828705888e-01,8.255184887022161133e-01,2.835817739568411988e-01,9.036126295954388654e-02,1.701439074484903946e-01
9.155605203141972681e-04,7.605374980130749085e-01,6.371555274695290816e-01,3.623797944012605021e-01,7.798677302063946604e-01,3.617312212396296967e-01,1.025883888253313336e-01,1.698330127033133019e-01
2.199502366908735046e-03,7.638039337165012377e-01,6.001138766966128690e-01,2.528172811268875608e-01,8.489578161294170089e-01,2.516122543433244041e-01,6.773419616022413603e-02,1.704950584901707977e-01
1.180145294110855961e-03,8.225126447820947373e-01,5.012763611503108230e-01,3.871020890175399520e-01,7.033685500633205523e-01,1.937874353289563423e-01,6.951892739927325593e-01,1.674955874956922386e-01
5.115422662901238787e-03,8.101430103393290061e-01,6.062465368489754480e-01,3.076713316423191902e-01,8.282825921710404993e-01,2.318116465451966757e-01,2.774477612864572063e-01,1.692663137459710643e-01
1.444140831600128697e-02,8.724358891426918783e-01,7.773346466515560493e-01,2.767552683047634354e-01,7.117347468011325784e-01,3.292333304166730756e-01,8.209062702188696381e-01,1.669173062536866148e-01
1.462214962573534990e-02,9.261784118745803873e-01,4.930640970229500653e-01,3.991783332675770124e-01,6.991446255237839802e-01,2.341196862233573261e-01,2.691116528677631736e-01,1.697329673708530273e-01
7.110231924826893729e-04,8.314802570317689767e-01,7.655918355330323388e-01,2.965834579291861672e-01,7.255581635414566355e-01,2.066241042657323279e-01,9.105030698334832806e-01,1.666767425011210502e-01
6.341370081717817228e-03,8.586113756372829586e-01,6.770744227632716772e-01,2.728843060020675892e-01,8.482293137787765280e-01,1.407131761159832184e-01,1.298709147501994066e-01,1.707543275617870449e-01
1.326829890528683463e-02,8.193201083352793512e-01,6.045115587259271006e-01,3.666048028864545838e-01,7.786855433915136349e-01,3.486248207783492203e-01,2.319873283828588484e-02,1.704290231916438247e-01
9.736994913328314571e-03,9.013680336178074848e-01,5.131665211295114437e-01,2.816024169241044817e-01,7.787293916286436302e-01,1.223423461365244214e-01,2.341563796923107899e-01,1.704210935488955081e-01
1.875954406529480381e-02,8.984389868763529297e-01,5.304771224770492566e-01,3.478839939063450570e-01,7.410935676292428331e-01,2.610609681790723169e-01,3.330907313395187197e-01,1.691316400034642564e-01
2.081446383692833399e-03,7.608257745427152718e-01,4.346960124543262638e-01,3.390654564398260518e-01,7.786383518445894047e-01,1.447973101755997416e-01,7.052206010687164239e-01,1.676984487850266825e-01
2.873819323630535244e-03,8.662517448511292129e-01,5.631290563709988595e-01,3.590544041954211174e-01,7.284002152834567756e-01,1.175363492425136325e-01,6.335259435539969397e-01,1.681415741323786794e-01
1.123192835075953119e-03,7.861691448970685725e-01,3.462754265996192959e-01,2.916463295545919654e-01,8.428412185350612207e-01,6.920172985779060593e-02,3.786144780281056055e-01,1.696967733834142400e-01
1.238057989140698908e-03,8.624744214330315462e-01,4.597071306454081352e-01,4.050822592978981507e-01,7.377028398364455786e-01,1.380858695750216414e-01,3.398028345035684072e-01,1.694337636396920088e-01
8.320234879891003077e-03,8.486100433662396858e-01,5.581589604930587978e-01,3.556301490522014719e-01,8.016178366563180280e-01,2.447233757807674437e-01,2.127359230461381423e-01,1.691067745166830449e-01
4.321318024292387754e-03,8.004427649054334237e-01,7.082999024047326175e-01,3.529511109608442498e-01,7.821291394509003458e-01,3.697124319815405791e-01,1.793880611987477280e-01,1.692839183333069986e-01
9.454114222557817235e-04,8.149084832371501497e-01,5.827569156610953316e-01,2.846254601610974655e-01,8.571911498628883574e-01,1.686300713919615391e-01,7.395892144251897671e-02,1.710077058553081120e-01
2.340626648036499280e-02,9.634488904016451638e-01,5.438416995434167678e-01,3.357536527973373763e-01,7.141646410403746925e-01,2.255686198630054984e-01,2.965362378647671271e-01,1.695236552887146031e-01
8.353780631321767319e-03,9.574094689670835656e-01,5.561693343832588843e-01,4.023001759418637358e-01,6.582588781298623903e-01,1.499256190355546803e-01,5.678029258438620497e-01,1.684324862161769576e-01
1.363063005839933520e-02,9.250329870058626724e-01,4.874562214702726770e-01,4.300643055654175262e-01,6.521052240011543377e-01,2.438562506927779427e-01,5.102770416543868093e-01,1.685100893756349694e-01
2.602521581457465510e-03,8.100797744468779538e-01,5.085353792736904133e-01,2.837044939518762465e-01,7.833928943543947421e-01,1.357238248587987750e-01,5.931246230944899889e-01,1.683733466911631060e-01
5.775824164851521905e-03,7.221501246562458398e-01,4.070991325739083955e-01,3.333365675471703371e-01,8.132237069337950874e-01,2.760443719737166179e-01,2.254213429866533669e-01,1.697888541489096514e-01
8.370545324242743834e-03,8.844182161662866859e-01,6.408351244754306730e-01,3.472991413681906225e-01,7.159435572475620901e-01,2.796912184664133161e-01,2.406051014146603773e-01,1.697723401659769205e-01
1.335717711858364076e-04,6.452428143978456987e-01,4.620394656960579716e-01,3.489575074262610821e-01,7.637725247415898533e-01,3.605096577431883276e-01,5.638431666284945409e-01,1.677704980900929232e-01
4.916854990653135929e-03,9.171257349408585835e-01,4.349587077229080112e-01,3.588984496179603578e-01,7.293717274134858819e-01,8.486349527072539756e-02,3.950698328635831591e-01,1.697192478453946052e-01
1.701903490143643130e-02,9.314856861189881876e-01,6.008034553578818215e-01,3.247600628108006648e-01,7.307638364103899997e-01,2.045845716573980733e-01,4.405812615268315247e-01,1.687207073098293264e-01
1.422394292906007870e-02,9.491932045317472699e-01,4.364670100622200510e-01,3.854992403310902871e-01,7.145676521847379448e-01,1.565788815406531365e-01,3.991232976870493498e-01,1.688135415289336583e-01
4.467561326426445004e-03,7.964578901074749195e-01,7.929482696571341638e-01,3.143574347552848258e-01,8.537180243024002912e-01,3.457545827743085387e-01,5.541138566644288055e-04,1.702586556681363328e-01
4.189111249834830478e-03,8.606657351420532454e-01,4.323393172684434349e-01,3.918908820336907128e-01,7.350008068865823141e-01,1.174078590690641744e-01,6.308231879316672508e-01,1.677935695019049656e-01
9.635517565657249900e-03,7.504766844572132722e-01,5.138894363893180550e-01,2.279949038442670439e-01,8.788510551304443696e-01,2.708237025315393121e-01,6.697726960162592169e-02,1.702537139303454405e-01
3.156520860173646185e-03,8.928384449937568634e-01,5.080603884012129257e-01,4.311970670427166530e-01,6.608040171729192558e-01,1.992357702013247689e-01,5.855934295736018314e-01,1.680965215653211220e-01
6.622825353333311113e-03,8.512810604975047379e-01,5.026940984925853950e-01,3.087676238352189961e-01,8.280458815665097116e-01,1.832471992398993499e-01,1.947432935565856782e-01,1.695894657811443385e-01
2.110694145396613784e-03,7.049961569522237292e-01,6.683149362578748587e-01,3.692530254513361476e-01,7.832093377898701192e-01,4.599024806134349164e-01,1.165605244785130057e-01,1.699886488664860418e-01
1.053911124583230274e-03,8.806981739486553495e-01,5.815749781760407577e-01,3.376660588637362403e-01,8.469332536696668745e-01,1.314516471345125448e-01,2.363781239669249246e-02,1.704522820034835295e-01
5.300292191328520586e-03,7.554614425092996965e-01,5.449235693432414873e-01,3.042963264892308284e-01,8.093689860883306331e-01,3.292794192436536149e-01,8.551074393127278128e-02,1.704948256240300108e-01
7.883465306731448491e-03,8.430144875942728877e-01,7.345245534375918206e-01,3.140627910233927400e-01,7.728043244187382532e-01,3.317245652102017717e-01,1.753094431359009664e-01,1.697411353288898195e-01
5.118027816243401681e-03,8.703141341297961908e-01,8.291738884689047184e-01,3.366490751953724048e-01,7.659238467944483597e-01,2.822059364512713442e-01,1.698820869236496167e-01,1.702042550138215815e-01
1.007113361129097044e-02,8.892917048403337077e-01,5.159409609452298984e-01,3.588242053315225388e-01,7.439680512928338318e-01,1.601692450180607630e-01,2.660779509094997053e-01,1.703208944209019804e-01
6.276821407066511711e-03,8.959027453594428092e-01,6.394226915998924010e-01,3.282316185100314088e-01,7.497206353158593073e-01,1.887588021293820639e-01,4.418511550274215605e-01,1.685506350362423744e-01
1.090626594526727944e-02,9.530175702663340465e-01,7.378042782800546817e-01,3.283948137935571165e-01,8.050321820204205947e-01,1.784508291264842450e-01,3.436815223223566029e-02,1.704428793231651251e-01
6.204195294206293898e-04,8.105702976722686248e-01,4.579423252349273943e-01,3.212530526740666748e-01,7.972563018686352754e-01,1.153443306612648989e-01,3.226379279600632977e-01,1.701831063478746742e-01
7.827316311314551356e-03,7.520373886432536459e-01,4.105722848920509982e-01,3.382834667102555537e-01,7.964756700870545547e-01,2.746137476509497577e-01,1.980130864778823496e-01,1.699214068791473631e-01
2.327787607973523520e-03,8.751256022439745097e-01,4.576281439705195409e-01,4.175485296696648252e-01,7.304153248405449439e-01,1.660855122375623494e-01,4.307638512726197355e-01,1.683391977094016445e-01
2.547464043170589651e-03,8.051529756092671297e-01,8.503995440266088890e-01,2.638791815002196062e-01,8.081356406397298686e-01,3.392913095066478757e-01,6.036009085309351763e-02,1.707649778889768766e-01
2.224623301375220144e-03,7.841918989673595242e-01,6.568850136955950436e-01,2.629226669519806325e-01,8.240965405343656514e-01,2.748967357614398033e-01,2.341343076085245778e-01,1.693229675982387272e-01
1.604582142573894761e-03,8.810788420919349884e-01,5.683619950620876216e-01,3.692024485211928830e-01,8.037602629082710726e-01,1.669623090809603250e-01,2.152819713236914234e-02,1.704957103987523592e-01
7.878945550667012035e-03,8.934885280157596199e-01,5.688885052791108343e-01,3.132239862973235645e-01,7.824513133307600121e-01,1.271955479655605681e-01,3.498894239900268155e-01,1.697507140504166678e-01
5.194764822754178307e-03,8.578768997267366414e-01,5.307500161248720483e-01,4.004961430692907109e-01,7.219932253561683888e-01,2.350026408222681829e-01,3.760186439053503360e-01,1.687162701395243658e-01
1.843049522767580689e-02,8.724341047137731397e-01,6.375611438258693697e-01,3.031791987327651094e-01,7.735174309533363601e-01,3.637789002732373378e-01,1.069502262186175501e-01,1.699079280279524040e-01
5.193042776447560904e-04,7.952902074800338728e-01,7.060357461420815328e-01,4.076636193289681631e-01,7.640758602608760386e-01,3.536449926922358156e-01,2.138967132917048153e-01,1.691688126166724093e-01
5.256163910968020964e-04,8.466173228644928717e-01,7.690480785984753487e-01,2.978457199684996781e-01,7.584299567483790971e-01,1.471792419527168660e-01,8.963851520612318158e-01,1.666820038699894091e-01
8.112411175234365140e-03,8.531747330466216139e-01,3.576709916421132451e-01,3.721127916364747601e-01,7.558172512884230310e-01,1.101037807196459106e-01,4.390247609971680287e-01,1.693332730261386809e-01
2.851104812104165304e-03,8.548025600143450697e-01,5.035888040057336923e-01,3.229674484139407609e-01,8.249280357063055735e-01,1.066558688559022805e-01,2.421769557384450544e-01,1.702522083397808583e-01
7.622094838247403178e-03,9.116966964068304868e-01,5.247847123829109117e-01,3.118892675356815802e-01,8.303653883077304343e-01,7.795491983857510965e-02,2.516384593321779883e-01,1.698444967250867799e-01
1.090161080244235990e-02,9.401187823565837487e-01,6.899289756972780685e-01,3.151071493007389090e-01,6.925697759310949220e-01,1.202029990126326220e-01,9.304709759721859763e-01,1.669571913195805890e-01
5.209807742913794178e-03,7.955874670151188432e-01,7.362508832850046536e-01,2.812085517933133882e-01,8.561664007857530123e-01,2.546811908575430383e-01,5.881539461234458477e-02,1.706899646827652883e-01
5.067253899067919801e-03,7.578989790705145113e-01,4.345701298518998001e-01,2.841694218951382744e-01,8.645735790778156238e-01,1.733793525766466614e-01,2.556789781036625797e-01,1.697323774492408011e-01
1.329115677577740948e-02,8.845320904474343049e-01,7.020349987247509471e-01,2.952469072077014145e-01,8.011750564127431140e-01,2.416189788414752626e-01,6.403169095396449295e-02,1.707352026721553617e-01
1.644155889416963265e-03,8.568835529980556309e-01,7.045464165420938230e-01,2.932351644047012096e-01,7.630600196799675050e-01,1.465923966080496799e-01,6.558265108239157426e-01,1.677992464388314564e-01
3.985174170098765983e-03,8.349987700677372615e-01,6.275518657091183616e-01,2.647856521651423822e-01,8.037752063690534188e-01,1.592436477851796317e-01,2.782724950466328173e-01,1.700133300962833605e-01
8.004004606425750221e-03,7.968471459771457877e-01,7.601757931190719075e-01,3.064014224089015026e-01,8.175870644531650910e-01,3.286601781169268266e-01,2.688298316211978900e-02,1.710337985812187545e-01
7.730257429361727523e-04,8.539342818622595033e-01,3.839030721743422747e-01,3.131495054142960366e-01,8.493868452304159655e-01,1.198167112748430019e-02,4.107981633424223622e-01,1.694306782576578685e-01
7.192216402073643017e-03,8.674579053947957252e-01,4.020249263975113063e-01,3.731785091877694027e-01,7.199947866527778295e-01,1.464134288448107057e-01,4.017655875594236536e-01,1.696180703012491464e-01
7.685014081376212620e-03,8.616700618530032108e-01,7.361405057472838465e-01,2.525525908478210568e-01,8.398290848796080565e-01,1.794452095307662587e-01,8.933619853685925705e-02,1.706901760105512811e-01
1.690559319044576680e-07,7.579925376838272388e-01,7.371524713753309088e-01,3.216276421861486434e-01,7.038475523280753876e-01,3.938221647738556208e-01,9.275988696219368279e-01,1.660122018677669120e-01
1.400851021294106935e-02,9.436573861108105143e-01,6.566608625614274164e-01,3.333886518835566526e-01,7.236580841379938178e-01,1.771539365316982251e-01,3.729577225284877451e-01,1.694117512033476991e-01
5.843208344497043648e-03,7.395344052022718717e-01,6.090177916219018384e-01,3.021068952831448828e-01,8.473945061695822289e-01,3.019442318449914175e-01,1.056930205936639777e-01,1.704161719300231193e-01
3.194397460506788813e-03,8.713884904564014322e-01,7.203888308061333623e-01,3.412937214746082915e-01,6.921673616462932221e-01,1.725467785477629024e-01,9.840357665072309024e-01,1.662149057019490783e-01
2.889582579242577082e-02,9.057331192252562335e-01,5.782508898776703710e-01,3.207610443228905983e-01,7.527372110981717102e-01,3.740915188630654087e-01,9.831662712580274688e-02,1.700415532920244166e-01
5.114891389653744916e-03,8.205025909483240065e-01,5.224854904263099842e-01,3.130268894214578435e-01,8.502133047718311021e-01,2.213037815708627232e-01,5.106472756087387932e-03,1.703932138698689147e-01
1.507581124944226865e-02,7.200844705001303581e-01,7.711188874872418886e-01,2.502361798404098003e-01,7.370808617166162424e-01,5.594771353451090112e-01,9.986572188024877006e-01,1.654754439682127043e-01
6.457434139550705804e-03,7.967096124409613900e-01,3.964159381954168726e-01,3.011994799214545715e-01,8.286867980077414764e-01,1.445936170287772660e-01,2.789416133699751388e-01,1.700922332032410722e-01
9.999089894842475360e-03,9.365846461352692609e-01,7.762436605703970649e-01,2.849219824911658483e-01,7.766277759162831806e-01,1.489516821410630798e-01,2.804497170590649624e-01,1.698863150523447496e-01
2.050019372837825864e-03,8.665854704111897178e-01,5.304204490497107516e-01,3.949600526720609128e-01,7.214036268326129431e-01,2.032448521029356914e-01,3.844203168846293539e-01,1.691402209137266577e-01
1.328931286048468108e-03,6.931217744108305601e-01,5.415835903248799044e-01,3.388376242088098622e-01,8.291429074154720302e-01,3.523192908784659183e-01,1.026438263202369416e-01,1.701892602476631766e-01
1.463260734261153696e-03,8.505371227148422753e-01,5.203995062241856262e-01,3.203828880552565539e-01,8.159724302278128505e-01,1.330446391654067362e-01,3.051223702696378437e-01,1.695564705576687869e-01
9.581186274028385269e-03,9.945326140901276091e-01,5.916172046047626365e-01,4.300538559996046617e-01,6.667952787211157695e-01,1.403754755464309834e-01,4.130834176988542605e-01,1.691507516880659256e-01
1.354702665648857031e-02,8.722923596857974360e-01,6.853388136899001282e-01,3.874283066254217145e-01,7.361192449400516535e-01,3.630496257747580779e-01,1.311385726801497786e-01,1.697930001796322808e-01
3.589622334102251719e-03,8.034841012759618151e-01,3.881721771811108557e-01,3.361793214570515387e-01,7.842526100487553498e-01,1.730052668753542799e-01,3.352196947326356868e-01,1.690226587030425887e-01
9.017428446368718972e-03,9.074966042814318623e-01,6.698244050350393719e-01,2.802657627830121845e-01,8.542795195112392603e-01,1.078284902483524210e-01,1.399459241603308313e-01,1.703631357486878606e-01
1.508448513582241746e-04,8.175868361018856501e-01,6.099006577217035430e-01,3.198014098635273417e-01,7.756905248108122430e-01,2.357457738545010728e-01,2.269014219181988701e-01,1.694692531238900790e-01
9.475398233472527229e-03,7.984400668597663175e-01,5.109595438321840044e-01,3.197298871840253409e-01,8.042637486457271390e-01,2.686569076068720530e-01,2.221656416258076527e-01,1.693125598268558907e-01
2.179154269410782732e-03,9.049962801856892280e-01,6.399658795254784538e-01,3.841853419592582419e-01,6.847886629946731141e-01,1.296762911627290515e-01,6.250736249427670810e-01,1.685711005891147862e-01
3.138815576033375174e-03,8.866777045232716592e-01,6.182958314836032310e-01,3.240583045923786654e-01,8.477358432036143920e-01,1.057112068554402207e-01,2.301357581289176224e-01,1.695806101737145077e-01
9.578351704643316492e-04,8.668025109956907226e-01,7.945477549908448456e-01,2.976050308720372684e-01,7.483087766017773035e-01,1.510223163125425372e-01,6.411709917535159953e-01,1.685196195025793486e-01
1.511595469586930404e-02,7.567999860192879957e-01,7.806698002178457108e-01,2.938698658091393190e-01,7.052743986463547721e-01,5.806240181961926927e-01,9.970318397477484496e-01,1.651845260992281517e-01
1.365095611502876310e-02,7.988450317808912793e-01,8.277180188273451922e-01,2.319865045180359853e-01,7.423852716602693524e-01,3.873214415058914284e-01,9.689962143943804396e-01,1.663197459212308882e-01
2.818546415376763266e-03,7.869357820146153371e-01,5.370632132044157458e-01,3.138944594498288554e-01,8.112794191207476358e-01,2.466218127415048256e-01,5.600418552736197153e-02,1.706334391003480611e-01
1.532057124010839655e-02,9.264685516161793588e-01,5.922827406158750474e-01,2.877876281413715986e-01,7.813513724055183296e-01,1.633450072637757933e-01,1.518848538876739207e-01,1.703310877501693910e-01
5.517210016251720278e-04,8.297860441399056430e-01,4.658623589700515710e-01,3.058054742581988172e-01,8.250569712262340039e-01,8.013748197245040839e-02,2.851736680214462250e-01,1.702470025467790748e-01
2.571050887987129212e-03,7.070966434078616025e-01,4.931328552211697858e-01,3.302872728548576498e-01,8.417021887793423307e-01,3.154312426529603530e-01,1.217788139563500405e-01,1.695201104016794968e-01
9.125945383726078580e-03,8.733652993268031794e-01,5.300695710364164981e-01,3.005006154351789194e-01,7.836770335348428596e-01,1.667365526882647053e-01,1.118159102377108693e-01,1.709497758648610699e-01
1.889819495874400790e-02,9.684118093496481006e-01,6.168662474728655587e-01,3.171311178823150168e-01,7.214758521896118548e-01,1.994342861085183216e-01,3.774815874561676665e-01,1.692623909927115367e-01
8.504401151381152379e-03,8.955992205002202278e-01,5.535516023368425298e-01,3.241758643143106688e-01,7.710329159623895423e-01,1.450347975251445320e-01,3.533412509050752326e-01,1.694149782622540734e-01
9.563503169857899555e-03,8.886128266061925629e-01,4.421905768156231264e-01,4.336034132721532375e-01,6.990333246856434979e-01,1.853256290807593354e-01,4.323582636134556401e-01,1.689313435708338085e-01
8.090014242699249125e-04,7.990854184095280699e-01,6.355155874555498130e-01,3.475802332648281201e-01,7.225508701041989390e-01,2.534342070774878719e-01,8.294004583282430509e-01,1.666844505279790056e-01
7.688352953270818912e-03,9.734882276397430756e-01,6.728146225712112738e-01,3.516686492938241870e-01,7.549237180209757980e-01,6.150266125902761893e-02,3.896405127223409037e-01,1.694134338266586881e-01
4.075872195932309788e-03,6.309783994345414815e-01,5.100525407781297815e-01,2.950107429708841433e-01,8.549918029308664069e-01,4.287227068665530050e-01,9.197924100924398383e-02,1.697927362375288851e-01
6.298359264246950612e-03,9.937826953609369962e-01,6.196324622472346721e-01,3.875352859565727170e-01,7.150688253633000757e-01,4.084250288020938036e-02,5.383797752874277531e-01,1.687393953306239036e-01
9.149623221494027070e-04,6.646946288108652734e-01,5.509103745877083069e-01,3.666027192647338118e-01,7.885750861271352274e-01,4.395282160917608483e-01,3.550738945700724902e-01,1.682610127393703026e-01
2.633246466868000533e-03,7.424385946208535980e-01,7.299079021564800485e-01,3.240430647863523639e-01,8.230344533671842822e-01,4.641585386393894397e-01,7.960216418013060791e-02,1.696118944588768940e-01
1.065342344819386611e-02,8.024553594236301102e-01,5.384486449955889764e-01,3.307514425671442826e-01,7.482720095443035069e-01,2.845548204805495862e-01,5.494271077047113705e-01,1.680220220506954132e-01
1.392459807013452129e-03,7.635944628309578874e-01,7.399350530506282331e-01,3.407465727144594059e-01,8.310364006320174468e-01,3.655442299115413407e-01,6.057941010815443006e-02,1.700938681400695762e-01
5.270772463056893134e-03,8.357278128372495063e-01,5.600881526910522767e-01,3.624586249886045386e-01,8.165504188912394712e-01,2.121918279452735812e-01,2.945021581792761634e-02,1.706859795700870486e-01
1.813370959764282718e-03,7.368457736385995993e-01,5.488647643632925677e-01,3.719238438478653652e-01,7.673604922480726787e-01,3.250567242102574417e-01,2.327586252790424248e-01,1.699140014798203036e-01
1.195780579660183154e-03,9.333244293328581964e-01,5.464489511335426375e-01,3.536046594524112074e-01,7.978062118142608128e-01,4.020825925039955839e-02,2.009168012294030581e-01,1.703339565004375056e-01
2.089970583766117065e-03,7.161163410487498826e-01,6.060400316059778580e-01,3.747380932223239869e-01,7.582035432798044372e-01,4.378397059341428976e-01,3.297711936954941248e-01,1.686451381107238745e-01
1.764965417030480571e-02,9.157675121642845362e-01,5.545754166620048276e-01,3.590386830654020422e-01,7.584973112566723019e-01,2.280987062274489885e-01,2.182741297565034544e-01,1.696667738725530505e-01
2.581854263027647152e-03,9.214492791938789784e-01,5.320209316450681403e-01,3.678880424169930219e-01,7.754080329432976315e-01,5.385960910769718724e-02,4.063991530192683777e-01,1.689026845969386625e-01
1.023930155868768566e-03,8.404816143497156888e-01,7.178061153203415534e-01,3.108265126858792970e-01,7.381113536372254647e-01,2.346014658804626007e-01,6.235736991396141349e-01,1.677708278389508922e-01
7.887442824860039364e-03,7.244744123645909806e-01,7.780503072266357067e-01,3.238608406110007332e-01,7.077038139722955368e-01,5.526664297794042779e-01,9.955943767492525520e-01,1.654604044425007081e-01
1.059758477730195041e-02,7.877786934585884193e-01,4.633169613568253187e-01,3.495496553101847814e-01,7.372606696999592923e-01,3.106276962106441220e-01,4.049009465169796651e-01,1.687587076369516381e-01
1.561981428406867406e-02,9.753281957686600334e-01,5.335801742606718356e-01,3.407813790123155884e-01,7.498252353984713459e-01,1.330565634708690270e-01,2.069580806489088043e-01,1.701470725708930931e-01
1.925361621743164331e-03,8.830734071471981750e-01,6.350253855829158800e-01,3.669532627752301601e-01,7.370614744287941056e-01,1.790606054126366864e-01,4.833152783302643307e-01,1.680940299986563302e-01
9.092995048000346303e-03,8.414886722236043504e-01,6.158780085140245220e-01,2.956644618060148555e-01,8.015582727822325726e-01,2.806019651003187065e-01,2.422638948681815618e-02,1.702921668079174500e-01
1.309720563432402451e-02,7.951484092631150302e-01,5.267082170452838108e-01,3.178353317767650399e-01,7.964475233406540511e-01,3.047170114057875523e-01,2.676067314438088096e-01,1.690977282050234731e-01
1.080212140479634361e-02,9.126131632424768769e-01,6.939687611909046705e-01,3.225147666902348220e-01,8.269446536208941989e-01,1.585836113969992522e-01,1.322489188429665785e-01,1.701353346506964404e-01
2.984455399071961682e-03,8.647648281683005811e-01,6.979981841195821435e-01,3.765366608564094109e-01,7.814115349706881597e-01,2.196453395242009554e-01,1.822650029548876782e-01,1.699673273148004649e-01
2.956069116208780850e-03,6.925791569787974611e-01,4.590418088230230342e-01,3.599417853556434732e-01,7.764128383709818504e-01,3.176148361738500570e-01,5.913395107872151391e-01,1.675749054680205352e-01
8.542641352165562460e-03,9.436702616221150919e-01,6.806843152021354593e-01,3.635505283969496237e-01,7.971914913051140195e-01,1.515353473099190218e-01,1.104898583911675669e-01,1.703176166233252020e-01
9.157450253132089213e-04,8.265297818016043019e-01,4.888840112999339182e-01,3.398775085105493754e-01,8.249199821503231389e-01,1.771708906707171738e-01,1.399732092547974482e-01,1.698716321387692685e-01
1.458754115995027426e-03,8.783066340999546862e-01,5.652138737183982631e-01,4.140930047396624847e-01,7.232788084391779115e-01,1.925096554951810091e-01,2.415323196965475094e-01,1.699898252008478217e-01
2.403670603319342514e-03,8.325025489457010819e-01,6.655953534383827197e-01,3.047289216686235869e-01,8.009514622275899498e-01,2.255180604868769478e-01,6.792775440732579106e-02,1.703154185504883456e-01
1.210329661301531683e-02,8.145469168760455236e-01,3.823945470295660454e-01,3.779132365147900297e-01,7.061677067514934292e-01,2.551150444251028548e-01,5.795956849272225764e-01,1.679716102551953583e-01
3.945679735365820000e-03,8.932619255230794808e-01,4.325532999735138828e-01,2.792554985266958445e-01,8.004110541440101478e-01,2.477592975576992096e-02,4.401835607858235466e-01,1.692658449929082820e-01
2.574177164899615206e-03,6.793764105794657393e-01,7.853200365762044166e-01,3.193985772627502273e-01,7.444444241685125307e-01,5.453999288132016510e-01,9.966159658983100300e-01,1.651247200743641841e-01
1.766450590795527742e-02,9.555166850673459944e-01,5.037669559509284634e-01,2.978903815515888120e-01,7.807137695102054353e-01,1.364255390989901340e-01,1.951417482792989488e-01,1.698501690376706952e-01
1.438216814175154873e-02,8.244397979257581666e-01,6.039022616181943803e-01,2.793244210972709030e-01,8.119700791335172640e-01,2.836197488424325730e-01,1.873500900296338201e-01,1.699923272838346489e-01
2.404606355323499027e-03,6.500235490582900733e-01,2.995224347638761886e-01,3.258510067551155798e-01,8.072910590252494467e-01,2.430751435104765990e-01,6.108646916767326296e-01,1.675593091897139841e-01
5.625115719566873076e-03,8.065299546060155089e-01,5.432495695177106398e-01,3.700034518363721214e-01,7.661790808395151364e-01,2.988828881339887222e-01,1.531782772433333828e-01,1.698539998946119456e-01
7.618314753256753141e-03,8.604475283741274128e-01,8.329635118522229487e-01,3.206844621518219474e-01,7.297638177054940334e-01,2.865557244232057599e-01,7.445568576200489730e-01,1.673604171789354611e-01
5.826727842206071671e-03,8.349236293021626842e-01,6.424397364517588915e-01,3.519172605665432663e-01,6.969597872951984741e-01,2.712291208844977985e-01,9.582713172661411205e-01,1.656495825102152208e-01
5.665041649053514927e-03,8.167118576082810222e-01,5.865193577527127999e-01,2.623509721643605408e-01,8.174075418877907451e-01,1.873082414112400007e-01,3.645634330945180523e-01,1.690571156857753610e-01
3.705861696301156021e-03,7.405660834911844681e-01,6.375705570026106717e-01,2.928649612278740322e-01,8.631720265986148055e-01,3.652071444751239238e-01,1.239546076346280112e-01,1.694924113619809825e-01
8.498329430254150663e-03,7.018001544677477943e-01,7.161630464533037532e-01,3.236433678071845566e-01,7.222257153130281493e-01,5.354239176638837527e-01,9.736155653645637287e-01,1.654738083576332286e-01
5.248465510485732580e-03,8.895953425040199480e-01,7.637521602079140326e-01,3.198521861098548857e-01,7.952478304100347728e-01,1.743697053052059576e-01,3.042117086519313673e-01,1.692628882176362703e-01
6.448577680206313625e-03,7.474614928257871105e-01,5.106280179760191995e-01,2.557497091918082832e-01,8.832547129119217022e-01,2.524561340540448784e-01,1.028607324557543334e-01,1.698984232019218610e-01
2.663640124922570657e-04,9.274996923495100187e-01,7.818075322440329877e-01,3.447877462525795744e-01,7.649609767217755429e-01,1.477234422536995440e-01,1.795621503281793763e-01,1.701106264454161632e-01
7.372503968074884881e-03,7.845639295058172147e-01,5.626012856443487475e-01,2.518620431681429239e-01,8.991085606916185968e-01,2.243504315963130713e-01,1.260554129194850215e-01,1.699288467528885516e-01
2.550409068715771277e-02,9.963943012220138895e-01,4.879333137913162699e-01,3.393852461805612064e-01,7.405163293715205652e-01,1.592147554674347987e-01,2.943427759575575342e-01,1.695687869130685921e-01
8.324569170026224416e-03,8.753610216203498995e-01,8.278164982013501705e-01,3.165712381342272175e-01,7.804204750334354790e-01,2.966603798218158672e-01,8.005834631351321784e-02,1.709199531405681538e-01
1.493300734355988008e-02,8.370847944660796403e-01,4.378458984066244675e-01,3.421251204261439582e-01,7.359728071102553670e-01,2.480348055217048708e-01,5.537401757176824146e-01,1.678946280825148463e-01
3.463302138039206501e-03,8.841242822979650251e-01,6.002685413197512698e-01,3.144829363863249072e-01,8.390379499398680219e-01,1.535295829746096130e-01,2.925938681281697873e-02,1.702046304053573544e-01
1.218931892476069964e-03,6.839383872379188878e-01,4.792620739459794721e-01,3.576914397427017334e-01,7.756347064632014288e-01,3.627015438811702075e-01,2.777482015691195572e-01,1.692345710771228084e-01
3.845158028099177061e-05,8.149402687630513675e-01,4.236607149424760355e-01,3.553164429633234866e-01,7.285243082828378736e-01,1.129296682740591196e-01,5.804689111427150383e-01,1.687256883019243314e-01
1.490400688374391748e-02,9.310534813493515083e-01,6.290188731392682975e-01,4.045914488074459081e-01,6.670739864591187507e-01,2.967435549537897344e-01,4.566050269489831392e-01,1.685705291815385032e-01
4.582178332798408742e-03,7.849373958648661054e-01,5.815485383711643808e-01,3.676147707820873189e-01,7.614264606540440683e-01,3.329819705072319946e-01,1.135754553467479000e-01,1.699782744349102037e-01
1.581663464953251066e-02,8.479897334628238026e-01,6.621476153206200532e-01,2.613814012411594945e-01,7.957424249829725404e-01,3.055562068003108145e-01,1.570611768428584187e-01,1.701415316787510956e-01
2.876778463610951686e-03,8.864144357739245361e-01,6.142540972757222217e-01,3.139285698278228010e-01,8.041868359838922897e-01,9.312623484394164097e-02,3.902463775026065451e-01,1.692059725689834815e-01
3.436441321083760422e-03,7.521398766620959186e-01,7.568746318106357451e-01,3.020001748621917170e-01,8.476382601905998460e-01,3.733950637029358477e-01,1.109168527343809552e-01,1.698827204444355587e-01
1.077613576704810477e-02,9.405496284320719047e-01,5.772176973780425158e-01,4.057802019241510960e-01,7.174930923012922124e-01,1.573618667522289627e-01,2.802033639759177741e-01,1.699345871659319884e-01
6.516242259568264666e-03,8.552360635248015264e-01,8.060594824071386499e-01,3.589639469723072684e-01,7.466266745196845633e-01,3.518078202637365259e-01,8.335557811733207423e-02,1.707639404420031315e-01
5.342590089657533493e-03,9.298674064879490775e-01,5.374999288759700899e-01,3.085001482536314232e-01,7.549695729236235442e-01,5.573150315190561477e-02,4.224681681740610206e-01,1.697198443960430403e-01
2.124785729406691859e-04,8.221949739916081246e-01,7.442663517945725671e-01,4.112405645214792238e-01,7.421940600908709662e-01,3.687348335933963162e-01,6.215970747283505737e-02,1.700638703815049169e-01
1.206361315735545933e-02,9.409276130639425695e-01,5.088107872613216731e-01,3.470626180847856124e-01,7.584268152897793991e-01,1.178486218049081824e-01,2.117965593450252537e-01,1.699920784652471373e-01
1.038052875296804380e-02,9.825026336846726105e-01,6.115347435957531053e-01,3.486929020887336583e-01,7.400677784503503220e-01,6.400106537592475942e-02,2.729014086811603068e-01,1.704062458038686778e-01
1.082963497639324868e-03,7.578011327344610359e-01,5.666943567486772970e-01,3.097404536122116969e-01,8.120539422095621740e-01,2.744644210420755237e-01,1.458528122754073619e-01,1.701354012611388800e-01
1.557097830507113076e-03,6.507058488345793812e-01,5.539188437097303241e-01,3.538295976358300510e-01,8.103622526891455236e-01,4.563230727933422770e-01,2.322633538598298797e-01,1.690657924011684798e-01
3.726119701148069251e-03,7.102113420581953607e-01,4.083998427351130944e-01,3.420943797562365218e-01,7.896662166614938361e-01,2.594414706541443572e-01,5.098628559896818402e-01,1.681993602901626639e-01
5.461393324390487712e-03,9.260029798786757471e-01,5.979116012566766392e-01,3.074982269812845947e-01,8.228833341989951755e-01,8.002861526514726265e-02,1.429935875898671882e-01,1.701022353005953447e-01
9.809865322851683833e-03,8.198400850296563291e-01,7.187169469524050669e-01,3.601381830772712456e-01,7.568230286152485276e-01,3.872800756602449157e-01,7.980504757745326971e-02,1.704919798263855313e-01
1.591135952307770607e-02,8.994070465372259182e-01,7.529426372283328783e-01,2.517963537769294380e-01,7.067920682931186915e-01,2.205952141312046144e-01,9.552491636371079897e-01,1.668227257150347864e-01
8.542499058213194954e-04,8.001889551589141947e-01,6.770079189627004057e-01,2.825737631845853248e-01,8.999350792497446960e-01,2.085718153725232282e-01,6.043325553735989786e-03,1.705375884123824792e-01
5.857527525141192210e-03,8.363568068625907292e-01,7.796809384690205347e-01,3.370212870912639436e-01,8.103067470199334377e-01,2.946469866441981944e-01,1.048918274693302344e-01,1.702787340038804387e-01
1.005318155340558829e-03,8.463517476643017678e-01,8.886334705721634641e-01,3.286317545496906245e-01,7.234570449172066375e-01,2.967647591752280434e-01,6.781086228405399652e-01,1.677164557433256653e-01
1.622656894606485517e-02,9.304203942988085174e-01,5.530722623192434462e-01,2.829246907011345180e-01,7.901573314467464915e-01,1.595706206268953653e-01,2.442813429016404692e-01,1.696798927638632770e-01
1.498694102539238453e-02,8.836111919369933343e-01,6.883267933021037788e-01,3.777382439571628225e-01,7.683320500288308708e-01,3.560958715863112856e-01,9.046491964096958771e-03,1.702200611487891257e-01
4.280519199149034060e-04,7.924244263996444992e-01,6.751238922641507045e-01,2.765397755549895975e-01,7.630835638248830710e-01,1.523826214976271576e-01,9.973095962331197661e-01,1.662050850232958121e-01
1.042101888803026802e-02,8.089834116283216581e-01,5.574972243323154109e-01,3.448333983645366363e-01,7.406635190026940041e-01,2.839244431978894534e-01,3.886877886621530331e-01,1.693174959964058590e-01
1.025564339568874050e-02,8.828128871580197545e-01,6.950694605318208374e-01,3.060311053532658310e-01,8.122062587324201388e-01,2.414788681152355565e-01,1.305143242146409310e-01,1.696564550773564384e-01
7.329760952403466256e-04,8.513669320846709576e-01,6.206836576003191830e-01,4.174550619807173568e-01,7.689789086355146575e-01,2.502515309555097822e-01,8.661227878904709243e-02,1.699078829664487644e-01
8.588457982998443790e-03,9.677665343806838294e-01,5.891857435738191429e-01,3.368538009813804024e-01,7.539885170134218439e-01,1.160553103936964314e-01,1.741528946868278749e-01,1.702560640772745881e-01
1.164425744177345276e-02,9.127943638677907812e-01,6.388750078273841559e-01,3.558323538494532201e-01,7.734868714485244601e-01,1.795161273602203789e-01,2.844934270241281649e-01,1.696236254193283222e-01
1.279640121910203578e-03,8.580442734519813097e-01,5.114338747974708221e-01,4.210231119943527722e-01,7.270861183974557385e-01,1.847846803501823620e-01,5.028159023004578065e-01,1.680946761345768203e-01
4.790387701801587447e-03,8.339511590208260605e-01,7.020271558773357734e-01,3.235521459457976756e-01,7.359029429207804007e-01,2.569040082684001525e-01,5.639778196098709229e-01,1.682263849839664982e-01
1.420762432278202016e-02,8.406156051217483771e-01,6.790745866862798463e-01,3.120015295819943413e-01,7.928609096893780572e-01,3.238971621925402777e-01,1.258251363962643588e-01,1.702646772836639844e-01
1.931259983319754542e-02,9.606617412818044821e-01,5.721331291078552983e-01,3.472506537403582949e-01,7.630029129859458026e-01,2.304966122437511478e-01,1.206597655840577765e-01,1.698368815353142325e-01
8.455271084686286076e-04,7.945038871801921587e-01,6.256702721542528600e-01,3.079558194929170600e-01,7.511400418019095193e-01,2.187242274203065606e-01,8.312662254152375363e-01,1.665512602997957226e-01
6.566839449165620159e-03,7.790458291262960522e-01,4.397301515734808874e-01,3.635467209972004787e-01,7.838492073252084635e-01,2.318658619521452857e-01,3.648981474403297787e-01,1.687145099420021832e-01
8.477629873282935963e-03,8.476000912247305674e-01,4.826851346061142856e-01,2.599588143706301202e-01,8.342426311516092374e-01,1.669897921263576723e-01,1.836169991399895784e-01,1.700192188389786085e-01
7.042582857045495692e-04,7.837280799684087640e-01,7.281904490216520864e-01,3.189219819587741367e-01,7.538014532606436280e-01,3.263952663025310175e-01,4.102357946049031701e-01,1.688579540846757154e-01
7.308864542493735683e-03,8.792942784380226584e-01,4.348174541722883424e-01,3.152251802388213453e-01,8.049370685760337540e-01,5.285541297848381226e-02,4.080944337138724953e-01,1.694841381000540548e-01
8.583483633951609348e-03,9.181408608496580692e-01,6.814775067822197441e-01,2.841148124815123799e-01,8.173091189286945113e-01,1.686133392900558969e-01,4.066700158666819442e-02,1.707713528489307742e-01
8.601365566255680939e-03,9.176309479937880820e-01,6.611367466145970928e-01,3.393637126998624853e-01,7.389402854045092894e-01,1.956787134104225612e-01,3.887935358953460985e-01,1.691862518174104824e-01
7.493055944300918043e-03,9.051314268698028576e-01,6.589548832379418242e-01,3.083464451866935740e-01,7.669489980094696957e-01,2.052794567870493692e-01,1.431352332149907203e-01,1.702896036434472793e-01
1.286596251101532022e-03,7.638139748714027899e-01,6.461968937300565097e-01,3.249947350364351117e-01,8.086965701816520857e-01,2.670272589281316722e-01,3.780232420464932908e-01,1.687600697847777831e-01
3.389549471977271883e-04,7.369452371666429524e-01,6.704915000572823081e-01,3.722752491301728472e-01,7.648759852667360581e-01,3.871457299153517884e-01,2.703515679635808411e-01,1.691244743522777039e-01
1.832264554552917590e-02,8.569987744092807391e-01,5.656369703667768478e-01,3.648211951259376917e-01,7.576570210311083242e-01,3.328059156369630456e-01,1.374189502521352968e-01,1.700145814475155781e-01
4.155872820666116352e-04,8.330427128396742376e-01,7.751836499885659260e-01,3.680590537901300974e-01,7.298688215542047386e-01,3.441972338076182414e-01,2.034580816802816217e-01,1.699495617528125058e-01
3.558731113387026204e-03,7.379255139041533962e-01,4.152494802132796758e-01,3.399618359799373990e-01,7.610683758263567800e-01,2.085092746987026180e-01,7.669350756017203619e-01,1.667730276568378245e-01
1.410367457216450682e-02,9.192518669799060183e-01,7.141405055802726443e-01,3.851434733577531189e-01,7.333425455694361217e-01,2.983666584184688775e-01,2.013010996839917632e-01,1.696933338211145947e-01
1.955066180734506276e-02,8.619122887126335897e-01,6.011296150067738653e-01,2.590968769964358542e-01,8.055173849702329525e-01,3.443837023112510387e-01,1.447272165512825115e-02,1.702694220837711880e-01
2.173449335080625613e-02,9.274830094298273098e-01,5.165072602145617253e-01,3.337077067466754365e-01,7.239937047269768833e-01,2.706688534417738823e-01,3.114343217055300927e-01,1.690652222117718095e-01
2.542967007286037369e-03,8.200234616949849675e-01,6.883188659670437248e-01,3.136142336735994185e-01,8.385933156511301556e-01,2.529474224260437887e-01,1.596667837936949219e-02,1.707319455618901416e-01
5.058395437344768292e-04,8.357746989973139362e-01,5.686816714816156360e-01,2.826137138743868849e-01,8.703391752782202451e-01,1.065991289001402553e-01,1.093462424251039344e-01,1.707307790165359662e-01
2.251714832479508044e-02,9.258142908641764368e-01,5.913702882283942142e-01,2.749386169013159353e-01,7.694343751626968597e-01,2.281657870008613198e-01,2.743677781521841608e-01,1.696178391697671095e-01
2.205812790231385240e-03,9.174973961599361960e-01,7.778355576737194799e-01,3.424077080728765154e-01,8.275201922672987820e-01,1.523050049465192179e-01,1.783246869196747353e-02,1.705226618822120177e-01
7.847224798600451259e-03,9.053213041295092856e-01,7.980694273488944113e-01,3.398674695440935811e-01,7.154250578550673811e-01,2.163541563821947955e-01,7.313518556219368305e-01,1.675685438039379582e-01
6.696044543790096240e-03,8.903692396037515833e-01,8.593613731914582221e-01,3.411361900777457601e-01,7.360654993993644979e-01,2.902041759270891363e-01,2.565297546626001957e-01,1.698957278571202323e-01
7.788389859969887564e-03,9.024330794068120554e-01,4.765055814535297252e-01,3.068738920763421363e-01,7.959028942675629992e-01,6.688965744183072992e-02,2.317006808485929104e-01,1.703770963684314299e-01
1.597963595566524037e-03,7.393790704353225829e-01,5.203849925992883874e-01,3.436347258357239642e-01,7.134602529195157583e-01,2.966777293592828824e-01,9.408488951632574260e-01,1.657948085852777309e-01
1.365936295118683891e-02,8.103250002263151508e-01,7.499072641832259523e-01,2.525969632432659706e-01,7.225955572057377596e-01,3.689191138705058548e-01,9.885375765518156221e-01,1.661148556676327048e-01
1.339085874657270497e-02,8.275091977344534167e-01,6.014188643400179002e-01,2.907471520229700235e-01,7.655528608156088044e-01,3.162504725663046745e-01,3.353480598035447069e-01,1.690520263412338409e-01
4.428498766568466152e-03,9.261867331009727700e-01,5.459957916502372610e-01,3.830843274601653525e-01,7.871969946353959413e-01,8.276806564259919785e-02,2.095161956372112166e-01,1.703592070101759004e-01
9.515051696087560920e-03,7.651639474541302999e-01,5.860077633427128729e-01,3.514311634479813651e-01,7.764563671231220487e-01,4.204500311538133528e-01,5.988562580018713666e-02,1.700872557241455696e-01
3.274959718506423659e-03,9.085513967562975912e-01,8.371126582429995189e-01,3.074805063815388984e-01,7.417401290165612782e-01,1.301345281566439471e-01,7.095582045027527540e-01,1.678335772821016314e-01
8.827296457314757344e-04,7.544847954977128568e-01,7.610436346059101798e-01,3.072257285422615447e-01,8.044443084870205318e-01,3.646371844348675895e-01,2.229003087009382711e-01,1.695975766078061109e-01
7.528806512622360225e-05,7.304167958091805080e-01,6.776682726341730634e-01,2.997503457871779076e-01,8.360622861559710017e-01,3.775619497042575490e-01,6.893994187824553643e-02,1.702981520941892479e-01
1.201577674583341471e-02,9.272219134299759524e-01,3.961441796405253957e-01,3.275490299166184394e-01,7.319488524330984847e-01,8.148454805733762463e-02,4.543075128858066747e-01,1.694958636223471149e-01
5.034299933131989105e-03,7.467572180918140567e-01,6.839431174219855469e-01,3.078441991150369650e-01,8.078617715222762286e-01,4.210166882379767772e-01,8.904973558353995733e-02,1.698445779974242786e-01
2.662015257360811696e-03,8.777099811748073632e-01,8.005527580323028580e-01,3.175217746839741340e-01,7.120481345843900911e-01,1.879203882487614774e-01,7.675619214547089175e-01,1.677838644050003991e-01
5.921410591388163482e-03,9.000551192987807925e-01,4.921119307156454625e-01,3.882295870550034889e-01,7.297090426705958865e-01,1.008274063550923527e-01,4.015712412573396728e-01,1.695512407531257204e-01
6.530625540329662061e-03,9.099500262295845410e-01,5.236899359212866534e-01,3.920210815565106088e-01,6.734085347584544134e-01,1.498853264744545166e-01,7.365646299484041037e-01,1.674873243443642801e-01
2.006757309458132368e-02,8.218427267705978867e-01,5.392011425407288172e-01,3.309913886710250663e-01,7.796095627293050390e-01,3.507585394408813118e-01,8.924705433718710390e-02,1.702266831327572116e-01
3.876710614640294615e-03,8.704806919733729664e-01,5.392299296836176037e-01,3.689650467093272268e-01,7.465564127813631989e-01,1.266287561913878035e-01,3.427210207775861495e-01,1.696985651047432098e-01
9.163551248097699317e-03,8.381145619780286937e-01,7.052753359930237220e-01,2.940366805886545087e-01,7.941379034465400055e-01,2.993536012998282980e-01,1.573837986929983168e-01,1.698447144507992945e-01
3.151732373623172302e-03,7.313080614643074906e-01,5.751364041285603745e-01,3.517664649726734982e-01,7.941035435439863788e-01,3.788199825504756646e-01,1.927057269454379440e-01,1.694734931400252720e-01
1.732119465097885225e-02,9.483685189000743421e-01,6.090886708557434748e-01,2.605805516112201792e-01,8.424915961510451856e-01,1.356685492117204184e-01,2.301081774057350815e-02,1.708932586520756636e-01
1.258607122845820450e-02,9.076335619304525260e-01,7.954090576152151870e-01,3.471757077985372919e-01,7.450831237755081160e-01,2.885138372089416370e-01,2.516232564451080234e-01,1.696592314770760113e-01
7.511498635037076876e-03,7.218711658111764962e-01,4.807096711847117509e-01,3.401798965775422179e-01,7.994174598466874393e-01,3.129264872018149291e-01,3.268373628212454252e-01,1.691397602937805555e-01
1.155095598434232283e-02,9.289204413053608889e-01,6.707915448972596728e-01,3.190410181851784932e-01,7.713056180601610690e-01,1.855263295356324171e-01,1.033159378414715279e-01,1.704262906084442475e-01
1.281021432236341406e-02,8.181606563945013066e-01,5.278245288676985947e-01,2.585932818380350939e-01,8.399600758549892188e-01,2.416463189308990789e-01,1.503315184271379612e-01,1.699077255743358938e-01
7.781558893082218473e-03,8.434801370832963885e-01,5.789378731763176189e-01,3.216440703786579980e-01,7.720581395763805865e-01,1.921164769348693291e-01,4.251938911571075397e-01,1.692052574866070858e-01
1.282487449167455523e-04,6.557762928494854648e-01,5.038330887545299230e-01,3.380437868022389547e-01,8.117162414187985009e-01,3.744615253030055824e-01,2.134838975735223188e-01,1.694943667360976625e-01
3.143644277533084314e-03,8.824122858708272066e-01,4.900093078326832607e-01,3.198397872713979462e-01,7.624414940009304198e-01,9.394311591179699272e-02,3.469386699087699255e-01,1.695489892674270083e-01
9.069191535949785304e-03,8.765871779278044951e-01,4.970329329590152945e-01,3.702461283950638782e-01,7.096127133599777759e-01,2.192978689927363445e-01,4.183121605193880765e-01,1.688403776767929410e-01
1.038765713316069927e-03,8.412921201457443932e-01,7.358537856788125442e-01,4.297104742010212641e-01,7.300920717866195009e-01,3.465203940430240381e-01,1.703937252353291965e-01,1.695940722618788921e-01
1.673282220213763785e-03,6.994955535645632771e-01,6.592137133327472531e-01,3.183105631084271470e-01,8.181645126718991579e-01,4.103379946810380430e-01,3.223352819543129355e-02,1.707418008067843329e-01
1.061546699098368969e-02,9.090939177692868300e-01,4.214244153313726482e-01,3.658178493946550036e-01,7.077430582580082064e-01,1.356814843270208737e-01,6.291928940082852639e-01,1.679401806857949986e-01
2.944897514489709656e-04,9.257939918843218763e-01,6.591828366323951860e-01,4.414942777878774760e-01,7.287519395670154498e-01,1.585950071025165053e-01,2.260159507975273707e-01,1.696893765074124483e-01
1.151622844201021650e-02,7.564551485112379625e-01,6.203540993748063448e-01,2.288091892583427045e-01,8.827273728535505182e-01,3.028094609403390591e-01,2.978887314091943628e-02,1.708192341018780480e-01
1.239844227479826137e-03,8.063184939792472639e-01,5.055625934632914653e-01,2.756400502034412336e-01,8.809042517577725384e-01,1.673175895822598958e-01,1.353023447224242504e-01,1.695021740175897962e-01
1.408759460347413020e-02,8.841309817419507056e-01,6.110431733458977499e-01,2.535776656654956662e-01,8.243435474177921440e-01,1.714673168128784120e-01,1.137964196791684257e-01,1.708647784557744409e-01
6.625024652751132850e-03,8.654935448861106329e-01,6.168255034992008445e-01,3.577840710266444457e-01,7.974042031418607790e-01,2.719783773452805198e-01,6.040433608384893072e-02,1.697139474267783943e-01
5.282502245850472476e-03,6.841980001656745580e-01,5.453907795258544633e-01,2.636252752343262173e-01,8.514506715682577109e-01,3.627050299112036802e-01,2.665580118916055508e-02,1.707382244437000429e-01
4.229514259866043804e-03,8.345321790385626937e-01,7.689342446078434312e-01,3.486501015602891940e-01,6.969695643689837183e-01,2.979984854115148019e-01,9.425013575833798285e-01,1.663642752536622915e-01
1.319505744832269109e-03,8.256671302108256061e-01,4.685885953290769290e-01,3.113795596868660365e-01,8.335604058575546427e-01,5.981171623655784364e-02,4.430054146816810867e-01,1.692498971191351564e-01
4.699249458540266482e-03,7.264421129363873852e-01,6.935425600205985530e-01,3.230688856932564801e-01,7.733837453001899398e-01,4.597602282276383456e-01,2.982796792623688686e-01,1.689895937426877937e-01
9.277032051913710470e-03,8.605044472461018668e-01,6.535130418237644623e-01,3.392748706379977164e-01,8.321244043339564023e-01,2.299188000937958942e-01,5.071808523268311886e-02,1.703902903303518568e-01
1.955040233156779550e-02,8.839689241118781071e-01,5.521994692716498676e-01,2.777939061094255591e-01,7.801249293825831543e-01,2.740538679670712630e-01,4.090889727492735828e-02,1.707888686461830063e-01
9.002047470688098740e-03,9.413363650758012069e-01,6.344563634860681534e-01,4.176116836513648622e-01,7.106380353315626675e-01,2.294867495427429516e-01,1.659583173820521618e-01,1.699382041344744687e-01
5.355073641140663254e-03,8.689745498168883753e-01,5.026338075704419595e-01,3.358920645153051221e-01,7.704671394673453522e-01,1.052223496552235071e-01,3.528600359001037856e-01,1.696664680135915315e-01
4.332722683780172029e-03,6.914740506521229735e-01,3.806399416585570794e-01,3.182948672439726567e-01,8.233414720193171776e-01,2.598243657973551279e-01,4.663312033180766480e-01,1.682485177832696577e-01
2.131852380980097349e-03,8.368093657146254971e-01,6.972616516231152639e-01,3.435490361736037723e-01,8.211636718811123892e-01,2.669616222249034942e-01,1.510602533603231934e-01,1.695226151821969951e-01
1.249513400569319740e-03,8.267294251148172846e-01,5.914979331289603737e-01,4.003034938953811128e-01,7.663729985753322538e-01,2.406217649558772265e-01,3.288952300898877468e-01,1.687632737189231069e-01
1.371756245792626200e-02,9.228441893423490194e-01,6.143259425918926597e-01,3.329593141337733875e-01,7.414111881341676202e-01,2.406455793238157503e-01,1.543902517995447143e-01,1.698887460797339488e-01
5.042041123462786580e-03,8.592853293173794427e-01,4.157506042285982195e-01,3.351707199458243691e-01,7.555065433581986678e-01,8.171823203806893865e-02,5.532680183206710733e-01,1.690240693785276249e-01
9.495174422847847337e-03,8.500182686449410108e-01,4.616610883668642584e-01,3.240317124466988163e-01,7.949903880610650342e-01,1.844823584562872432e-01,3.052537881574750589e-01,1.693142702144971035e-01
5.329892984902856456e-03,7.616486130834995150e-01,6.476092340546816262e-01,2.725462728969282322e-01,8.451963762401744074e-01,3.118730925009619015e-01,9.639057881769991232e-02,1.700382984518405138e-01
3.372707703641757669e-03,7.372124740407203225e-01,5.316886177794510893e-01,3.687942580712860186e-01,8.208702036545074687e-01,3.160731575095714896e-01,1.255486759856663803e-01,1.695950587381268859e-01
1.271077918903750631e-02,8.790497841510422905e-01,8.092330779360452642e-01,2.652738167935703162e-01,7.303217149785611317e-01,2.521819111651724676e-01,8.747813356879875490e-01,1.668815702662778122e-01
1.330312217912628381e-02,9.750702366838546187e-01,5.498733503268853351e-01,3.607478371031536124e-01,7.603500669266768375e-01,1.032971475525641947e-01,2.533555684783156403e-01,1.695787191289594709e-01
4.306390181766840512e-03,9.271088081699220274e-01,6.107308979140265714e-01,3.473013053886572221e-01,8.085789818004650575e-01,1.072120671360411726e-01,1.568670736147703415e-01,1.697640464191788878e-01
2.017420387936124000e-03,9.042071851539030813e-01,5.854653728815052416e-01,3.803662283264435118e-01,6.725593387666223277e-01,1.156326156177889253e-01,8.779151217300612542e-01,1.669627771805254068e-01
1.535446564957451514e-02,8.706402760877020031e-01,7.564362924013043887e-01,2.849498529009927283e-01,7.742672680182988154e-01,3.867426484505121498e-01,1.068516012200356746e-01,1.700066918123357695e-01
1.735918290970158914e-03,9.005972088409415210e-01,4.521622755821496087e-01,3.562156809869950203e-01,7.129197764954512406e-01,4.365136773984701346e-02,5.847034216105849724e-01,1.691076405291801477e-01
6.855956921762284412e-04,7.736538227403976231e-01,6.555846394385032028e-01,2.389753086444493801e-01,8.827739865428717581e-01,1.958819107407869797e-01,2.807112902960812173e-02,1.714151644349324044e-01
8.857480675028677961e-03,7.754075661843374823e-01,6.798828014318243351e-01,2.856530151275455953e-01,8.137771473122799026e-01,4.094052990597427666e-01,1.141382653652252555e-01,1.694681018415955254e-01
3.831422105308431372e-03,7.548455486124896474e-01,4.500238965099104260e-01,3.527238491824249422e-01,7.453781556549403664e-01,2.592560277031045191e-01,5.685435914451686390e-01,1.676837472862639788e-01
1.393739933044995521e-02,7.860642288388085541e-01,4.477531106488231716e-01,3.456610155527374828e-01,7.915301120977736860e-01,3.093815623633525136e-01,1.012445110116190761e-01,1.701302475884231558e-01
1.102130382446710188e-02,8.262461198761013037e-01,5.333672073802815383e-01,3.432791495940160087e-01,7.888939928007615565e-01,2.746852058409481878e-01,2.155776950487717225e-01,1.694147868129536882e-01
9.196675356508586183e-03,8.928996960841342201e-01,6.873077147501784889e-01,3.256670585413418140e-01,8.053021130123189097e-01,1.620888399960343507e-01,1.762971389634450659e-01,1.701842386374332605e-01
4.037015522125710423e-03,8.731629703777059603e-01,6.865457637452890838e-01,2.945255724900263661e-01,8.456094644604708055e-01,1.838123498661027588e-01,1.171686088283801497e-01,1.698925444006483265e-01
5.125115866969058576e-03,8.179466058512331328e-01,5.036883517367449770e-01,3.406557415227545738e-01,8.032595804146873686e-01,2.038627042736447237e-01,2.973991516742974239e-01,1.693543790056352416e-01
1.171981261263355285e-02,8.329472288221111409e-01,6.038797317533987075e-01,3.615647691305839406e-01,7.727992958562335257e-01,3.300614676458158425e-01,2.838326876404964061e-01,1.687277670618629877e-01
3.726525641697560169e-03,8.721658249047367084e-01,5.859182366335768943e-01,2.631033511123719304e-01,8.012759202918551260e-01,9.210175941452808379e-02,3.301308470397261163e-01,1.699840060824645005e-01
8.755661217670230451e-03,8.088661486079329332e-01,4.047031694329655815e-01,2.967359060842230112e-01,7.962079638195137532e-01,1.919827925545748160e-01,2.232594991507374504e-01,1.699889090630525568e-01
2.789986642968774952e-03,8.398825576794805015e-01,7.842867081577323818e-01,3.796370485325705202e-01,7.401325023423794836e-01,3.105343499287293585e-01,3.206031656235229788e-01,1.691911161504996430e-01
4.058669475910162833e-03,8.017211883024968344e-01,4.976996746014170636e-01,4.013198662793010518e-01,7.246045978379368480e-01,2.919387397393693462e-01,3.645154209939932000e-01,1.685787289116428556e-01
8.742910924390492541e-03,8.923293251308964669e-01,8.226109205077775099e-01,3.052511976191166210e-01,8.176271880556171823e-01,2.484898741564391111e-01,1.767189377908978676e-02,1.707680085392839497e-01
1.093887610847207523e-02,8.883361085579006833e-01,6.794150019681485242e-01,2.835198626330674432e-01,8.285615180812394565e-01,1.849211705284352358e-01,5.228243535969190336e-02,1.706344950253450288e-01
3.254253122801344100e-03,8.734991467528896436e-01,7.457094058441442463e-01,3.470847801015891632e-01,8.075524936699460810e-01,2.045386900163626842e-01,1.070576135787845162e-01,1.702069687880280457e-01
3.891885727596820777e-03,8.797840694286892527e-01,6.580945113568715810e-01,3.010842856683016988e-01,7.514039630283726456e-01,1.623190864168201908e-01,3.263546473629646005e-01,1.697864277265700439e-01
1.605681582230178428e-02,9.260989560413773747e-01,4.747600995220373488e-01,3.517489572803284559e-01,7.482808019318873960e-01,1.808417705676658438e-01,2.118842877340399444e-01,1.700839428610392834e-01
4.294767149750754881e-04,7.109577474305196487e-01,4.314346348706298295e-01,3.634420562363709917e-01,7.629575845470351059e-01,2.258612972229042393e-01,6.308494644027473619e-01,1.681022987349566344e-01
5.374952466390912550e-03,6.833421476992675991e-01,5.946915713035939577e-01,2.230970926175461777e-01,9.192692872471081023e-01,3.484906699048115897e-01,9.845998173054759661e-03,1.705445153347793785e-01
2.097115584596597609e-02,9.118747388265799891e-01,5.636532688685732539e-01,2.886247412578866745e-01,7.975533126832364816e-01,2.285556502660286149e-01,2.023407499322671943e-01,1.697715306113373179e-01
7.953215649820054994e-04,8.266311031267669085e-01,6.977526826988890152e-01,3.482911676695185643e-01,8.377157496341380849e-01,2.182930147289511291e-01,1.973153795276616496e-02,1.702443868150368689e-01
1.769959235061143929e-03,8.569682156925428895e-01,5.997171605629328939e-01,3.665397135405366602e-01,7.988449536057850020e-01,1.511334289448629242e-01,1.361512658365773287e-01,1.705292854361656618e-01
1.238186452717097291e-02,8.983905057525739535e-01,6.964627978698855193e-01,3.750248198240955233e-01,7.047105321763060815e-01,3.100157937953429421e-01,3.855567120587293783e-01,1.689389347765963834e-01
8.298604042205831935e-03,8.562074147541564040e-01,5.061446978418856490e-01,4.175500347128643375e-01,6.987326042478286814e-01,2.519695577875157855e-01,3.946393597398755171e-01,1.689444329979704618e-01
5.238857991252487620e-03,8.303236052094757902e-01,7.081988937512099236e-01,3.164652593691859028e-01,8.167713073571654103e-01,2.372844652986975111e-01,1.045293694103573423e-01,1.704894539213064331e-01
1.072334061372951994e-02,8.946128368759570515e-01,4.766710792285230314e-01,3.779186875246985378e-01,7.410193482509572771e-01,1.345064223484080945e-01,3.931718897850735583e-01,1.692947531634263481e-01
3.931449565081794779e-03,8.972873349615332339e-01,5.236065000567472483e-01,4.447793681177567571e-01,6.731922935164432742e-01,1.725890863235017003e-01,6.009926650721308938e-01,1.679292401336278384e-01
2.142580724610242127e-02,8.961757936857837059e-01,6.089571450877204750e-01,2.796963892051524403e-01,7.814027005948450677e-01,2.781753843096598788e-01,1.653142864904156295e-01,1.702404443087321140e-01
2.688177849146509112e-03,7.560736580961820996e-01,6.335086466498992541e-01,3.149407746277493869e-01,8.062143251542442934e-01,3.294791192875451413e-01,1.634551848091000403e-01,1.699659680925239280e-01
5.600939951629781144e-03,9.244502831522309894e-01,7.583836538743764510e-01,3.459935416251206930e-01,7.492467990059378247e-01,1.875240354688239297e-01,1.212861330301291674e-01,1.707634354183428238e-01
3.012063681947252727e-03,7.447488343217126827e-01,7.053909095235940674e-01,2.421040880489478686e-01,8.737250616493754674e-01,3.772071621841160405e-01,4.311098947168040540e-02,1.698659113142752253e-01
5.617461103647785475e-03,9.122064244190339899e-01,5.922550602244444073e-01,3.840021896722163319e-01,7.448141231330153156e-01,1.144485173096364827e-01,3.360324093129118950e-01,1.699580452531164187e-01
1.112118909265802542e-02,7.600896614136273266e-01,6.169479595584336229e-01,3.139153046582324191e-01,8.175779270123268994e-01,4.116203484817787528e-01,6.416240207981033228e-02,1.701225328927919722e-01
6.532147659014615748e-03,8.785897191529148387e-01,4.825464005217013352e-01,3.831986868932211188e-01,7.342291507580195331e-01,1.272085507896594248e-01,5.465933817656253302e-01,1.683468953194464379e-01
1.301268476730388715e-02,7.612041181287776404e-01,6.880816190306575653e-01,3.257304803574351260e-01,7.787880854843151068e-01,4.899353166862479569e-01,1.582406126331255825e-01,1.697283746071391874e-01
1.743874987607352961e-02,8.956726225360526206e-01,5.299013017704927719e-01,3.008603647848921425e-01,7.743454481291995872e-01,2.325912485314204081e-01,8.512820644151170013e-02,1.703829324900088538e-01
7.447909049641243326e-03,8.325461048075181170e-01,4.695039677141438217e-01,3.520754522868534409e-01,7.795170167577240017e-01,2.132671153690978150e-01,1.756570802449928803e-01,1.702578073204165099e-01
9.748597557411619804e-03,9.440529694599190114e-01,5.332371295921576326e-01,3.694115813673383708e-01,6.923439329699591083e-01,1.475218286617296370e-01,4.910164404152813633e-01,1.686791448610603927e-01
2.415888624005915059e-02,9.810974320177786590e-01,5.341409424781604631e-01,3.279651441115361554e-01,7.378467739414548143e-01,2.146498448960475203e-01,2.194686056916531347e-01,1.699088208524269228e-01
3.149276785828311609e-03,7.563263784497025188e-01,7.649579884205210956e-01,2.636715761982010853e-01,8.468028275513386216e-01,3.593818293708940792e-01,2.594581096319020785e-02,1.709332368507167355e-01
1.447952842492395906e-03,7.549673932295873913e-01,5.899945082317402667e-01,2.538081534648410909e-01,8.850638827692031141e-01,2.245176712868759694e-01,2.283640505021908018e-01,1.695568862671523458e-01
2.356725418662852095e-02,9.904056847070102920e-01,5.799096376030945521e-01,3.288468309685246282e-01,7.474895872247032669e-01,2.180488405265353369e-01,3.258376846158067552e-02,1.708153107972727458e-01
9.355471415137494445e-03,8.043846095379297845e-01,4.337210841083145585e-01,3.740429446225238541e-01,7.355206089158389249e-01,2.808664987605652974e-01,4.119888112916011980e-01,1.683053420724519023e-01
1.148641679412291776e-03,8.054466551814485342e-01,5.106111244891067269e-01,3.521699823133727092e-01,7.907031796508330324e-01,1.558008040065863853e-01,2.738329007061732212e-01,1.700500836756596856e-01
3.488684294908612864e-03,8.581642347416882366e-01,7.134598055791391280e-01,3.276704559470157152e-01,7.736095846764268202e-01,2.023280904441043249e-01,4.682712436574875126e-01,1.685641540282534767e-01
1.509368216723283064e-03,7.385735777645007216e-01,6.116867536314443132e-01,3.615611873620922512e-01,7.736167637804115538e-01,3.457865597128567670e-01,2.977444448250406439e-01,1.689083912203949711e-01
9.855103203320749600e-03,7.941154591513559513e-01,5.708977621362071320e-01,3.647016135092054911e-01,7.793499385437311355e-01,4.028306103086620737e-01,9.782967795195329774e-03,1.699438925550535440e-01
2.189103534181771268e-03,8.433958401394610060e-01,4.430275028755261690e-01,3.170465198595842637e-01,8.126400490991576575e-01,6.024401375911425660e-02,4.961860793774928169e-01,1.690307281719666266e-01
4.916445764652412759e-04,7.884496469026552878e-01,5.861014584788073467e-01,2.847078867230211641e-01,8.020522422808329388e-01,2.631505437184597507e-01,1.756310509348367466e-01,1.697259696731416578e-01
1.300980521171665912e-03,7.610322668716542616e-01,4.844393352681603537e-01,2.397323175981611598e-01,9.060532687013981290e-01,1.280179066124939313e-01,2.077088826948454148e-01,1.702570920461397574e-01
1.642791781665368933e-02,8.575461176638560223e-01,4.232695143898713153e-01,3.662917228218258714e-01,7.010676099850161602e-01,2.468950431422727299e-01,4.890594381885890463e-01,1.685368265002953059e-01
6.638801031959309061e-03,7.458286844722300524e-01,4.818428099602489190e-01,3.601798104229226305e-01,7.296723309129434787e-01,3.308814767313235095e-01,6.430108552541601297e-01,1.672970941651090448e-01
1.392638329469225375e-02,8.040463296225254242e-01,6.644774981514627310e-01,3.262298583100448068e-01,7.815388753585446047e-01,3.941943704634944812e-01,8.423750150254483149e-03,1.708079082716057739e-01
2.425073350160908761e-03,8.996783914565376072e-01,5.395747965598627349e-01,3.435451128428914092e-01,7.857391588919520053e-01,1.124448868855233985e-01,1.011893943308159183e-01,1.705476147044428792e-01
1.685571791138139666e-02,9.491767931576027273e-01,4.375923844283855502e-01,3.469816671838303335e-01,7.381029170725064148e-01,1.356369982712039568e-01,2.761248122117585524e-01,1.699193783314233708e-01
1.113089527926329481e-02,8.211561196775829519e-01,4.414515787770762478e-01,3.649446355325887126e-01,7.963393756410346302e-01,2.133206590343379450e-01,2.545215844303693742e-01,1.694450797483313398e-01
1.904120898971157529e-03,7.840141887758812489e-01,5.460716491689721064e-01,2.729571018578249575e-01,8.325472319785230946e-01,1.776417435678927514e-01,3.720722276052021993e-01,1.690149415597862192e-01
8.329492296912514512e-03,8.490032050682134734e-01,7.383913825297940825e-01,2.536316728434912515e-01,8.335642860284139255e-01,2.383947464305275488e-01,1.521688495031786603e-02,1.708334034243838007e-01
8.002465209924288295e-03,9.793567143319042989e-01,5.319614151764415766e-01,4.197068546613992313e-01,6.926339641861141150e-01,9.639957518961503324e-02,4.498024158060773825e-01,1.690966349657901935e-01
1.067721285728090441e-02,8.862974958872444908e-01,6.661390011428779401e-01,3.503746440493553105e-01,6.841413612847422332e-01,2.699890582330571331e-01,8.463848930716842967e-01,1.665460393158374186e-01
1.366425748016274894e-03,6.432087990633714725e-01,5.688460844032088293e-01,2.733247315995052107e-01,8.749779793722992638e-01,4.428838829628731766e-01,3.407901609186603231e-02,1.701454286115472725e-01
6.060960457915640087e-03,9.019962799288800959e-01,7.403347817946932530e-01,3.077266449313409424e-01,8.202155629842698970e-01,1.554493265412832392e-01,8.188197160360105586e-02,1.703768646838837997e-01
1.525642966643987047e-02,8.959045689722646699e-01,7.226365327341398581e-01,2.786532758378506558e-01,7.091361056560792075e-01,2.350345386715192442e-01,8.200892802556658534e-01,1.674067374058114122e-01
3.349820373184907336e-03,7.895927137819610531e-01,5.820604604832018136e-01,2.832959705959302577e-01,7.955517660351271170e-01,2.253954611568159960e-01,2.692831070611483302e-01,1.696259447407515164e-01
7.225228943484231919e-03,9.330967793244335784e-01,5.530938770447577646e-01,3.415654249022613276e-01,7.111018519926077808e-01,1.190706337429305040e-01,6.172840161944599391e-01,1.680264295283878662e-01
3.767762697444668012e-03,7.266035927646633530e-01,4.581799882250244260e-01,3.314694632925110351e-01,8.218701732161199924e-01,2.669093705762145552e-01,9.850410012391885850e-02,1.706082248616532793e-01
6.581840107287764002e-04,8.062401267713298347e-01,4.912895551254096160e-01,3.379660070005917616e-01,7.052491629046995225e-01,1.586380113239214684e-01,8.824221289262013102e-01,1.667798381330361512e-01
4.539798555259252043e-03,7.948191332335432513e-01,6.923091303426134324e-01,2.901677929433695291e-01,8.541684393099653327e-01,2.894588332842415457e-01,9.540287564317245783e-02,1.703062452979652586e-01
1.260325061925516438e-03,8.464389407389638631e-01,4.721960517358013143e-01,4.074248747813947746e-01,7.324375155537478088e-01,1.730691345611277687e-01,3.416921237711867954e-01,1.694655875103828202e-01
1.420081680157558868e-02,8.420074314462613341e-01,6.056287157457074244e-01,2.469771679995217128e-01,8.718453957829437329e-01,2.442776688780403938e-01,4.294883520635894847e-03,1.703545754823524994e-01
2.897560223079169266e-03,8.177491101024104703e-01,5.665882438982310365e-01,3.420282538657803406e-01,8.216060456570956072e-01,1.879482596879478717e-01,1.565023886517690754e-01,1.705495960379040110e-01
5.693307361200970057e-03,8.940407958765583807e-01,7.973540225363155987e-01,3.312411772544251454e-01,7.244664140269349017e-01,2.130398395375357745e-01,5.408883592230034898e-01,1.685128341562736609e-01
6.584343656801020135e-03,8.332036949498822231e-01,6.056119328052956829e-01,3.694761279140265642e-01,7.248170478706476016e-01,2.906702843259468261e-01,4.048946904695524540e-01,1.688276870225748072e-01
1.341293721165343414e-02,9.175008253372178846e-01,6.285658587190183777e-01,3.194219874735620968e-01,7.776637684275411466e-01,2.488584282103204481e-01,1.505246284008288082e-02,1.704127454390052809e-01
2.466016415577032550e-02,9.001433190166425735e-01,5.010225655512762222e-01,3.222946343871353481e-01,7.782720589790556032e-01,2.724983399628112535e-01,1.682190270187628456e-01,1.697871223706956811e-01
1.369255134533430701e-02,9.225564113463281535e-01,7.445447068502344390e-01,3.049263759354595704e-01,7.675657783113888355e-01,2.414897371074018750e-01,2.044913854756877647e-01,1.698938499404743507e-01
2.507548039490757608e-02,9.163648906853961718e-01,6.189795403923490369e-01,2.651892125047027315e-01,7.835823136829620505e-01,3.219780894959763384e-01,9.016912761786455288e-03,1.705913698325633998e-01
5.655373194396886606e-03,8.533691037203154917e-01,8.041152406253739837e-01,3.040397400619799795e-01,8.022600702948397000e-01,2.837494627374461675e-01,2.338888295871748291e-01,1.692657630468147323e-01
3.837043120306811439e-04,7.883030947580292880e-01,6.460460295419567789e-01,3.239371296664519950e-01,8.484327710442093329e-01,2.351649811604435703e-01,1.099493611385248815e-01,1.699978748274313667e-01
4.230072844506761048e-04,7.516208115589391170e-01,5.822323914639232489e-01,3.793430769077907327e-01,7.087847896165392347e-01,3.104196707433682367e-01,8.583687356777913724e-01,1.662452112576322805e-01
3.270941978577183995e-03,8.332929113827550749e-01,9.246290868759748927e-01,3.310559293224350497e-01,7.899312263034290460e-01,3.724968452132584873e-01,7.909834071857169135e-02,1.706731259235134412e-01
3.904752090894473421e-03,8.830948702180637655e-01,6.727554526508212618e-01,2.934773046418764353e-01,8.444607286581270467e-01,8.249781283039825386e-02,8.051738680206882437e-02,1.710771502922719123e-01
1.440227320417022429e-03,7.845064079068945206e-01,6.183485368666373772e-01,4.038284898984109139e-01,7.504184936629921809e-01,3.544367578953701026e-01,3.316334920398012476e-01,1.685243440637451129e-01
5.819110901663258548e-03,8.711605805066755526e-01,7.351121011769441438e-01,3.380590174213352062e-01,7.853283142016009855e-01,2.747028002838438621e-01,6.664325269018600562e-02,1.705724998508108547e-01
5.326075525970279043e-03,7.672022171314840655e-01,6.567347331313372338e-01,3.021087069876840503e-01,7.949925057891017444e-01,3.723354964504789200e-01,9.331185841918326895e-02,1.699346898621435509e-01
5.755962336209011904e-03,8.174673164091583732e-01,6.037367929998568306e-01,3.421112457259539164e-01,8.032911073957395010e-01,3.199996657026376590e-01,3.471760771285359315e-02,1.699621286355815775e-01
3.502820933598119191e-03,7.595415353375218892e-01,6.044118539661230693e-01,2.627273362565626935e-01,8.257761521657192016e-01,3.295032947231469889e-01,2.893814338948197395e-03,1.707728208323761598e-01
1.591084414461277352e-02,8.805683089699241073e-01,6.159991029205765800e-01,2.521765454605202073e-01,8.676987715126511791e-01,2.305373634765853497e-01,5.732089178693944298e-03,1.704668438150026832e-01
1.201665282988976895e-02,7.112654205274825392e-01,7.008605702861052666e-01,3.180933772138206939e-01,7.152810772021787056e-01,5.600630751727460055e-01,9.800220382227353699e-01,1.651980727609530519e-01
1.431014063477910846e-03,8.007725187202572315e-01,6.458557865864890113e-01,3.118552784859003335e-01,8.289466908203545481e-01,3.236850563158488736e-01,3.001172699883164485e-02,1.697553804706184721e-01
6.480159152098350500e-04,8.165035805510461042e-01,4.349740160311535986e-01,3.465626729912098525e-01,8.025328683182328948e-01,1.559778589396891291e-01,3.005244111338503110e-01,1.694489861907298445e-01
2.471080825971388138e-03,8.719827031087108438e-01,5.322566772097637733e-01,3.358910410979923933e-01,8.033115139672675209e-01,1.602339781329802648e-01,1.163183057281589328e-01,1.700429537485537435e-01
1.549359983819800085e-03,7.563653309654623236e-01,7.158865282215143289e-01,2.696631373022284617e-01,8.567740730581239195e-01,3.352854904384816592e-01,9.877505933914254577e-02,1.698273183089521465e-01
8.361712932126497827e-03,9.661762634507590208e-01,6.671747909187345504e-01,3.864111517048302580e-01,7.554497477799527738e-01,1.204875805434679759e-01,2.276979397858186205e-01,1.700598394355910814e-01
7.924078909043730246e-04,8.407862197197326637e-01,6.439828265879630198e-01,4.000153132713560322e-01,7.720528137493307685e-01,2.151080472848751202e-01,1.741924115141548213e-01,1.699493460576907422e-01
1.842426671523112597e-03,8.218322931570516410e-01,5.076461694345920650e-01,3.893445151654223446e-01,6.948793220297202478e-01,1.721107490609523061e-01,8.567360707436508793e-01,1.666002905901009523e-01
2.374836054175817439e-03,9.055330599239694855e-01,5.814931644642726827e-01,3.602543263248828564e-01,7.794467668365198110e-01,1.419304991604861121e-01,3.105535784348362749e-01,1.688479121538958849e-01
9.625179458160295493e-03,9.350351783106004566e-01,5.575832136588547705e-01,3.306285746684828331e-01,7.171582633481701219e-01,1.250736223416762938e-01,5.115352495689013956e-01,1.687077460796333195e-01
7.563169923140350415e-03,9.464747591141726701e-01,6.911096136494050413e-01,3.857354210063040356e-01,7.115437491412595072e-01,1.976166348738289669e-01,1.812343172519568224e-01,1.703718438438055205e-01
1.846954857103226544e-02,9.099956927426817721e-01,4.893936092087718959e-01,3.285891887410078427e-01,7.418108298273379253e-01,1.949473044577773317e-01,3.030220271044166136e-01,1.699588351170640832e-01
4.638231009172154827e-03,7.684124395149708464e-01,5.502924946089514657e-01,2.788494980521865063e-01,8.400189258862774677e-01,2.710446417073694159e-01,1.975572984287504996e-01,1.693556394516060604e-01
2.005862163074745297e-03,7.006550615311953889e-01,4.518738380948308930e-01,3.801743843006935020e-01,7.006557051295448924e-01,3.126202286437488320e-01,9.920503964085493065e-01,1.654109949597642737e-01
2.054518825167635579e-02,8.719658730047334938e-01,5.431330308285852171e-01,3.245932896611891105e-01,7.343648704490574053e-01,2.991347907846786391e-01,2.876080434194702162e-01,1.694717344871771170e-01
9.870958798228269063e-03,9.175972945826913474e-01,6.208573055756135828e-01,3.465602789283596663e-01,7.827077340852731657e-01,1.805358132344904720e-01,2.462998464837997947e-01,1.695024843653847590e-01
4.284920713281670929e-03,8.338087257988149315e-01,5.084527816197638161e-01,3.780925430192828007e-01,7.300751218780898721e-01,2.097957004262856473e-01,5.355560857683077103e-01,1.678089027379514042e-01
1.327518420157158818e-03,8.031699387829218661e-01,6.896387448129851494e-01,2.393246086100686565e-01,8.547324553905891742e-01,1.701582598270809932e-01,1.729371378713344953e-01,1.703723949082049938e-01
2.129126048167851934e-03,8.413238371517319791e-01,4.305059100525882032e-01,4.358539880918626541e-01,7.190728475327805569e-01,1.916310987810038724e-01,4.590147991362478752e-01,1.685175397646481443e-01
1.182687120304727266e-02,9.384804182227124425e-01,6.162841523566715551e-01,3.019924111205761763e-01,8.121531465751555823e-01,1.223748188831018935e-01,1.060333779968147816e-01,1.704383023728272550e-01
4.483806449521285549e-03,8.832997573187740814e-01,6.664503833333917937e-01,3.519393273907258091e-01,7.339888631944913033e-01,2.206198352399357798e-01,3.189552358744411342e-01,1.693794278975475354e-01
6.577553859327903846e-04,7.715109836085431994e-01,5.861802793379835563e-01,2.870509803689564321e-01,8.169532912176420414e-01,2.385399908803298163e-01,2.025825797093461500e-01,1.700937402972090839e-01
1.294305364252246876e-02,9.003399325241360218e-01,6.436771014603300811e-01,3.533967199937733672e-01,7.814952616672106167e-01,2.319542997615178515e-01,1.814473051410765980e-01,1.695996801307558810e-01
9.568305546279904164e-03,9.155048025780284648e-01,8.589251996587423665e-01,2.768926531863846741e-01,7.432832560638965580e-01,1.605613578340854553e-01,8.002926493527967589e-01,1.677129979296473894e-01
6.902434394398999397e-03,8.930751651148535197e-01,6.420017398213476723e-01,3.252719898005647647e-01,8.111787362674515167e-01,1.379968920348479677e-01,5.832160285985277248e-02,1.712769576611249955e-01
9.126310456600448748e-03,7.574156430268541573e-01,4.886023796314967749e-01,3.368578111308158651e-01,7.819143925143204887e-01,3.245020016469321034e-01,3.411591237300340418e-01,1.686287159189464591e-01
3.505148751213974304e-03,7.604057626056263119e-01,4.742542601000867553e-01,3.622690934651456862e-01,7.373833295550198397e-01,2.524165408275158007e-01,5.681150962601313470e-01,1.679204563935347838e-01
8.123253580418557385e-03,9.168328075155210977e-01,7.052060936064978858e-01,2.838633313576624517e-01,8.360437312462141168e-01,1.148832375714653464e-01,6.165954908441961813e-02,1.705953934576698583e-01
6.791143548305990374e-03,9.083199126018852709e-01,8.905714045656560884e-01,3.207367435836105951e-01,7.422453835233032704e-01,2.168754190649207492e-01,4.666141853381588489e-01,1.692004695897045552e-01
4.161461899444652418e-03,8.282130512729005689e-01,5.321522610353737193e-01,2.756365360546543797e-01,8.636379243623206747e-01,1.281533916684257368e-01,6.631124316557118759e-02,1.710979791436731401e-01
8.923878470144310307e-03,8.500811127611475060e-01,5.111015642569914919e-01,2.980213607625729622e-01,7.812884113743012726e-01,1.598282392064395152e-01,4.368295789027131781e-01,1.691078235572206490e-01
4.700415337499084557e-03,8.686105602059798203e-01,5.208440097339074315e-01,3.276200274593994988e-01,7.374335835900264202e-01,1.272955678179223393e-01,5.958237749533630279e-01,1.685216545021986090e-01
6.513921038906276412e-03,7.548097026908882068e-01,6.133530674599571020e-01,3.498877960284669797e-01,7.862788499646320428e-01,3.362458800303838036e-01,2.375306441606872543e-01,1.696429929350332377e-01
4.277906004878873070e-03,8.938208312592476057e-01,6.608058613356228017e-01,3.468346192239149528e-01,7.632136661955437607e-01,1.792232223040918782e-01,2.464559197429307957e-01,1.698537708122403733e-01
7.018607887971084307e-03,7.745485801336394749e-01,6.751376123439342125e-01,2.315845001849674567e-01,8.887707708905137061e-01,2.739399005580894220e-01,1.960115913998183856e-02,1.708428992433737026e-01
3.350885354476793900e-03,8.313706723285577693e-01,5.923982307256011604e-01,3.604597036404757482e-01,8.274385336872693841e-01,2.034993576474793953e-01,2.090963142296339561e-01,1.692831847180210902e-01
2.168366647112808521e-02,8.715202890731720275e-01,5.930941150190288669e-01,2.414617286341472768e-01,8.143107429864122615e-01,2.705409809259811116e-01,6.129486918457771605e-02,1.706767467144517658e-01
1.189162857866574857e-02,7.648852372303096558e-01,5.900821381144283340e-01,2.789546805607830415e-01,8.198251906321493143e-01,3.625420141524255402e-01,3.659643741857787624e-02,1.706080203665583661e-01
7.129941271242154488e-04,9.393927265479086186e-01,5.635015570994346135e-01,3.462476102566585667e-01,8.350650455187078602e-01,1.557590450696882955e-02,1.948249317733800057e-01,1.702541282668142142e-01
9.089378636026093292e-03,8.152203564479277853e-01,5.375159882584938931e-01,3.423591781436921555e-01,7.581257870943483024e-01,2.791704246390846467e-01,2.756815573496460559e-01,1.693140751788892173e-01
3.190806830687175320e-03,8.481485507564117121e-01,6.897042174762200162e-01,2.952663963748205500e-01,7.870630084065677323e-01,2.323881275065264040e-01,3.152818311074810920e-01,1.691637705034942651e-01
1.719550333348383170e-02,9.058934694216290717e-01,6.301339704311079704e-01,4.026684547291601302e-01,7.252452436912532052e-01,3.453194779215320032e-01,9.291071707151654646e-02,1.700262502212420146e-01
6.036743251449455672e-03,8.292284016778551647e-01,5.508237346825346492e-01,2.747532270016074252e-01,8.164048370290027945e-01,1.931840999926174862e-01,1.286548584462429146e-01,1.705398922607978540e-01
1.098073928497947382e-02,7.900401734734034953e-01,4.159443299094170987e-01,3.210145565280667634e-01,8.225516988694019371e-01,2.148728127332206195e-01,2.629261705091966439e-01,1.693293726899069429e-01
9.963038307968716950e-03,8.297744723859294957e-01,5.779368456443035873e-01,3.465786845520535953e-01,7.645187199932517164e-01,2.737474460622301708e-01,2.578422681587246856e-01,1.697443141562306190e-01
8.428230216492664170e-03,8.607462833002101910e-01,6.651633093208781933e-01,2.652909921992966935e-01,8.260411142395388540e-01,1.767992529388075496e-01,1.526493821768161174e-01,1.702388837065407223e-01
5.730189385270782407e-03,7.781176102328428712e-01,5.356257636523895638e-01,2.940537976371077056e-01,8.143687833499470008e-01,2.409953745840817396e-01,1.822045079209677898e-01,1.700204113526670169e-01
1.074650677688820770e-03,7.464789785998708904e-01,7.466564541298970070e-01,3.742990876762072872e-01,6.794503073293838291e-01,4.653977394585121496e-01,8.557163224761707987e-01,1.663747180341891285e-01
3.120186377195706580e-03,8.903236877336569988e-01,4.782831891820177317e-01,3.698643934473354045e-01,7.857525605318717021e-01,1.399637587169513808e-01,1.624718419024036575e-01,1.699708455422457298e-01
4.858705087719553464e-03,7.992769684922457207e-01,6.649880919025050741e-01,3.732090083913058298e-01,7.702871115937106605e-01,3.906963298547613261e-01,1.388337283090623209e-01,1.694937602302751534e-01
9.710242259085871686e-03,9.379460613130625735e-01,5.377399947346820364e-01,3.260850867706795442e-01,7.304668246049222935e-01,8.393464641978384821e-02,5.262882164435331855e-01,1.690070174258033187e-01
1.721171009657797291e-02,9.440999947114792068e-01,5.180211747469603001e-01,3.232179403987571753e-01,8.001747430615796519e-01,1.360512528641519836e-01,1.463103189151933603e-01,1.701666541538076338e-01
1.173488258322191724e-02,7.891842861517840424e-01,5.761688014505730315e-01,3.531517717568736781e-01,7.358264455079236432e-01,3.662560136713694514e-01,2.536179942557142963e-01,1.697115169512251609e-01
1.827892773113688404e-02,8.221092822119857590e-01,6.056254864104901880e-01,3.336266874441761177e-01,7.553627367512610880e-01,4.110939811746664452e-01,2.414134866303252747e-01,1.693423933827506167e-01
3.314460361529112178e-03,8.427187045939311671e-01,8.470814742487482452e-01,3.181389686229555980e-01,6.981813019583177349e-01,2.776042434984735685e-01,8.825584045368767283e-01,1.672784186344918878e-01
9.533336271460291639e-03,8.022525993124076660e-01,4.689653014149269827e-01,3.810540408249009636e-01,7.395146939759230653e-01,3.222303792298613634e-01,3.737462102219044069e-01,1.684522173578893445e-01
5.079818482567177891e-03,8.351437518419083661e-01,4.749023250514075034e-01,4.007838882377433576e-01,7.143816697200778831e-01,1.946724291440012911e-01,6.564235829814972778e-01,1.674657788568799099e-01
1.639625462620994054e-03,7.714173802399983959e-01,7.256115645771156197e-01,3.648067118019278632e-01,7.291380789094095149e-01,3.879602216101299961e-01,4.333425524703407583e-01,1.686503008224203570e-01
7.497430565057638940e-03,8.040261307669894775e-01,5.668077841393460714e-01,3.411882774263712559e-01,7.495771872922405432e-01,3.089306857414868546e-01,2.157172282349550385e-01,1.696415875997195344e-01
2.463193103182873510e-03,8.305447893378842261e-01,7.231182247406763297e-01,3.072891560224860763e-01,8.376376864600953986e-01,2.242190614648885971e-01,1.730020415092499153e-01,1.694709137144818356e-01
1.636835330670861552e-02,8.355693213948393039e-01,4.932091355161423163e-01,2.821740152926360823e-01,8.121485430423663887e-01,2.373957677707025926e-01,8.486926904998820520e-02,1.705866260612712848e-01
1.345452380735775826e-03,8.872365179634886800e-01,5.908817602645186629e-01,3.300262469099977669e-01,8.334807454071809785e-01,1.169038815682396371e-01,8.784617796584082150e-02,1.700374049202582338e-01
4.614940256850188355e-03,8.088904572425417161e-01,5.790544842473609455e-01,3.261621441305028735e-01,7.937157810702473171e-01,2.646632489303718527e-01,1.142992939180297873e-01,1.703873947377486653e-01
1.408826233828517488e-03,6.502360941567260078e-01,4.724721793127945602e-01,3.590181414216493949e-01,7.634745085941446741e-01,3.894415505003668287e-01,6.152621344256463676e-01,1.673293373263705364e-01
3.805730469293577313e-03,9.013301355620687572e-01,6.457680542917600963e-01,3.755104024355411241e-01,6.806739037448926721e-01,1.199332947495721780e-01,9.238792158338582361e-01,1.668388570435109797e-01
3.612963026874936590e-04,7.012655349033096730e-01,5.491148745159849520e-01,3.416940961646887098e-01,8.138428979537075669e-01,3.314354032539250650e-01,1.794987775067564684e-01,1.699392290034643649e-01
1.815883407509093217e-03,8.550451880823780604e-01,5.290198075835289560e-01,3.164705230313448747e-01,8.553285332090130311e-01,5.466840497717739833e-02,1.814175893693671382e-01,1.706231251011559313e-01
1.380532319665908614e-03,9.213221434187973680e-01,6.093869171602620538e-01,3.780256249697011572e-01,7.553014923333669639e-01,6.452260486129179906e-02,2.739422701296197471e-01,1.702770140969215862e-01
4.254555731858129797e-04,8.099077004633307153e-01,5.264374359732881814e-01,3.541812792393534415e-01,8.118329870632106093e-01,2.383040229569839963e-01,8.508984275168846034e-02,1.697581305547886665e-01
8.735915269344819364e-03,7.969885163813468232e-01,6.102226943540848270e-01,3.337264945467737220e-01,7.908660865198902101e-01,3.728762832054270948e-01,3.738771777299504384e-02,1.703438328013168468e-01
7.699549690807989781e-03,8.662943534835776394e-01,7.702151098459044665e-01,3.011880348167721433e-01,7.782423442599796237e-01,2.887034019930875828e-01,9.670680932639907912e-02,1.707717679451228043e-01
1.733353822338421640e-02,9.282387606364671528e-01,4.802757314521228227e-01,3.995249899076540046e-01,6.999834146519922085e-01,2.109376008641121181e-01,3.947528146506464886e-01,1.689552268647421807e-01
3.251347103774610350e-03,8.697723435308597484e-01,7.695743109504212809e-01,3.441965800927633268e-01,7.325616586463424840e-01,2.416080577113181027e-01,3.816492140928788857e-01,1.691046974791327040e-01
3.713638198599934249e-03,8.163772953167582891e-01,4.991019258118868929e-01,3.745693296645192238e-01,7.352952610164604774e-01,2.605194943731686252e-01,4.730689931429623574e-01,1.680220713633527041e-01
1.068366161917870885e-02,8.676582654380795567e-01,7.589238445365981134e-01,3.204837191021715492e-01,6.810244264523617197e-01,3.370187241939072154e-01,9.683248498635359525e-01,1.659327232282362119e-01
1.557195804690569320e-03,7.377284219057426151e-01,6.782128312406794368e-01,3.202753946595641721e-01,7.513126364370872334e-01,3.242958802141140406e-01,9.448666360978155154e-01,1.656497892586353826e-01
9.850393748918811337e-03,6.995423698668539192e-01,5.829888095291971828e-01,2.696760759924032858e-01,8.375479545626374200e-01,4.255578427871237190e-01,6.900633095881708590e-02,1.700498197078506302e-01
2.707038780704849879e-04,8.376841571624941141e-01,5.953614437603249598e-01,2.356956118040534620e-01,8.587539776415088477e-01,1.013815612833078306e-01,1.878032756584963880e-01,1.702527930640609921e-01
1.309296822771518695e-02,7.925012487308554787e-01,5.577132186686621917e-01,3.016074301727749152e-01,8.375930991477693599e-01,3.249421419868775418e-01,1.126489380388556727e-01,1.698195212351915340e-01
1.334396752275028054e-02,8.179436364550026761e-01,4.985689881869272422e-01,3.107075070031055097e-01,7.616714113968130473e-01,2.488572231668846890e-01,3.880462322943128428e-01,1.690594732618587448e-01
3.022308353162490163e-04,8.117193093209047472e-01,4.261134725364207343e-01,3.419569305968817030e-01,8.187784209239828970e-01,1.634918588470992140e-01,1.766824489247640073e-01,1.695244663748145808e-01
4.850584637696496101e-03,7.974426261558733575e-01,5.350248897952210037e-01,3.394688696409436934e-01,7.206229581352541214e-01,2.590217820605353882e-01,5.387752466017390329e-01,1.683554107278622813e-01
8.088564283279163492e-03,9.033037787319095901e-01,5.961037085367988375e-01,3.872912061926869765e-01,7.125715454491770018e-01,1.751388323816383263e-01,3.416573743731796675e-01,1.698111162001997576e-01
6.701248284571212875e-03,9.081095701306414192e-01,5.779889089824477022e-01,2.906936668666846857e-01,8.002073792808259700e-01,1.199968627884173134e-01,2.767497629196267739e-01,1.694611165287603083e-01
1.199465284208364735e-02,9.052268616566974124e-01,6.248753240023293687e-01,3.726547313498914105e-01,7.315382357977424643e-01,2.555721639833736236e-01,2.464165583065347775e-01,1.696867409702600971e-01
5.918035089006160390e-03,8.924521774077002201e-01,4.969305855870572719e-01,3.536660831189890608e-01,8.200234207908606576e-01,9.693580782070185253e-02,1.314332508184956616e-01,1.703245710123064416e-01
3.153267003200109844e-03,9.358617284011381265e-01,5.370408700449434969e-01,3.325628879784875980e-01,7.203276442224555431e-01,1.665758714284654163e-02,6.436330293638988786e-01,1.686290583453574632e-01
8.479501452504860370e-03,6.916166477208305352e-01,5.860347085987140936e-01,3.041948447264865574e-01,8.137992354372451942e-01,4.270173761126264678e-01,7.699564852835513729e-02,1.704159240433676670e-01
8.095382305853406762e-03,8.447291607943741010e-01,6.698424365380482026e-01,3.527253519579601204e-01,7.381490427572260371e-01,2.948685670261184111e-01,3.573664574779067959e-01,1.689636101390051826e-01
1.463727973683642478e-02,8.089120796540190117e-01,6.575556387216907606e-01,3.378380965874172581e-01,7.978799255371796795e-01,3.820696919377696843e-01,4.122510029962933586e-02,1.702665160080999163e-01
1.479787957317065666e-03,8.804283264298523592e-01,7.759291354391376627e-01,3.376859192266263299e-01,7.433161862259415331e-01,2.002074524556721746e-01,4.144195501245067637e-01,1.688690324831660095e-01
1.107192723007292823e-04,7.893310342387904743e-01,4.278476737601081825e-01,3.190218833799229325e-01,8.447595261467979455e-01,1.268771785911077254e-01,2.626965665741376466e-01,1.698054418939110854e-01
6.089116303854014318e-03,7.622338167127465924e-01,5.520596039313900860e-01,2.545290195208631534e-01,9.150409193805351116e-01,2.680097221592150913e-01,3.005243330651430345e-02,1.698373448586236456e-01
9.116280775077202983e-03,7.794030728958664112e-01,4.093734083687344816e-01,2.835279419648271682e-01,8.201278561948326384e-01,1.784580677529838955e-01,2.608004683445843686e-01,1.700088724004558127e-01
1.174359449846658354e-02,8.027903992372542596e-01,6.666861934696847181e-01,3.457774710640880156e-01,7.471453295412924245e-01,4.446264482356167003e-01,6.920302784854392986e-02,1.704304260428019246e-01
6.161812941390501161e-03,8.464214632680530093e-01,5.757373303147133026e-01,2.753109751550419926e-01,8.139715047559467065e-01,2.161197440249170709e-01,5.497190647402461217e-02,1.703634889552944343e-01
9.565403122846606251e-03,8.605516018084736762e-01,5.153609163397027126e-01,4.031171936026949343e-01,7.327751576111974918e-01,2.844219340805760332e-01,1.765549647187735216e-01,1.697997640181523049e-01
3.131089185580789545e-03,7.231738247300414368e-01,5.241674845271443450e-01,3.508092858757676513e-01,7.293722863994013261e-01,3.498701197866389001e-01,6.035190267294967548e-01,1.676234286945463281e-01
2.227943091845029089e-02,9.073952031037226806e-01,6.643616184617613385e-01,2.890562157806749188e-01,7.813754298245358942e-01,3.481753231442489271e-01,7.154099848186168398e-02,1.700584681224426298e-01
1.927014164277499053e-04,9.725558352237950732e-01,6.726619739489976268e-01,3.680627044400602843e-01,7.442352309407129773e-01,3.714561312161418494e-02,3.318064557688107930e-01,1.697805200064045339e-01
4.054831199305206947e-03,8.841488334025431328e-01,7.985390729638420781e-01,3.687200603909412955e-01,7.388980102132085559e-01,2.840590373394940582e-01,1.852141442910444913e-01,1.702115745313468320e-01
1.905815060992864345e-03,7.030462424820452805e-01,5.599320581426910914e-01,2.489105157349066344e-01,8.441515320311004933e-01,2.942434039699189929e-01,1.403266634026815174e-01,1.704572208953841483e-01
1.949860526281980977e-03,8.969166613754714357e-01,5.915745863492295475e-01,3.499124873655171664e-01,7.311567446075848409e-01,8.446135912131499945e-02,4.411419765818497263e-01,1.695886707557444084e-01
1.585000379640786813e-02,8.312400933777012169e-01,3.942966673313034187e-01,3.768768641909754913e-01,7.297068870741569846e-01,2.718655284951928541e-01,3.743210569084752248e-01,1.687316516311286874e-01
9.584407075627217679e-03,9.393134479690357086e-01,5.366874936607478608e-01,3.335719426384565200e-01,8.088174082776855567e-01,9.280693909020665266e-02,1.211794448634092025e-01,1.704104722262394789e-01
3.029572571517473445e-04,8.602404424467758881e-01,9.386996295722216388e-01,3.157999085840270670e-01,7.895067225670601152e-01,2.616455460397690280e-01,2.109092851714945982e-01,1.702428005461654459e-01
1.566401782477797391e-02,8.553435632852667281e-01,5.685099800272681581e-01,2.731078844780566728e-01,8.295988901123213521e-01,2.072068637271769209e-01,1.284340049900893344e-01,1.703352751910257867e-01
6.461779144871889619e-03,8.319265296250788477e-01,6.522211576754659568e-01,3.425967184047973846e-01,6.941836482111334306e-01,3.067376970377132528e-01,8.201792273584033177e-01,1.663669414573232808e-01
1.904305446345277986e-02,8.869493858188054469e-01,7.544657295192885860e-01,2.861167275986273850e-01,7.828507631697156910e-01,3.379884791395781352e-01,1.201985967578050318e-01,1.702908223795368547e-01
8.865320677478565753e-04,7.310905618854547372e-01,6.317424577218808679e-01,3.185561604149786397e-01,8.817779652299254645e-01,3.172101882787712879e-01,1.871585673992409715e-02,1.700099031305598862e-01
4.191267548295692091e-04,9.078226036531970022e-01,5.473025558913133803e-01,4.397386845912777398e-01,7.292751841757401099e-01,1.426371634359375751e-01,3.402818590061479909e-01,1.689718675703709427e-01
1.204947863302347974e-02,8.757689024075268058e-01,6.060504069216456902e-01,4.126524037307559012e-01,7.267117280422339398e-01,3.360862091374480221e-01,1.139597702234254606e-01,1.698900871957617631e-01
3.817704208387512864e-03,9.027899333088577061e-01,6.137225798436345414e-01,3.958776709961255857e-01,7.876809409626985836e-01,1.730178631559331215e-01,1.735214187172132994e-01,1.695133071284375681e-01
1.193958486266162924e-03,8.912339983316172054e-01,7.949664008050632003e-01,2.988773597422961226e-01,8.405156939880096267e-01,1.205349659358450898e-01,4.679986512065559268e-02,1.707609061728058708e-01
7.467494295851651205e-03,7.853768196745138930e-01,5.795573872103457758e-01,3.327097284136040778e-01,7.729085873536308826e-01,2.870127219079176006e-01,3.036548508056143292e-01,1.691962861057416945e-01
1.006374201351891741e-03,8.321264641586815225e-01,5.793548893021202018e-01,2.794963208518244091e-01,9.008067763568384789e-01,1.030924626004440514e-01,4.239878643334343833e-02,1.707194658195455572e-01
5.232829802073164435e-03,7.746334324541485072e-01,8.326827625724420034e-01,3.511213280551553351e-01,6.769908077826120030e-01,4.778394832668090286e-01,9.166104903471089527e-01,1.663857499755832803e-01
1.269227654235667233e-02,7.698394915271202787e-01,6.157231776391310918e-01,2.717393310227174674e-01,8.243388071748497525e-01,3.975650761152450530e-01,7.382856072382804058e-02,1.697723944446848932e-01
7.348943099027768766e-04,7.095507516656132108e-01,6.717442405691365082e-01,2.761079174383457291e-01,8.456220384480540586e-01,3.434744532306444054e-01,2.383739111186966575e-01,1.696534383216946884e-01
8.395844290878095445e-04,8.745423305306770922e-01,7.878199103110401502e-01,3.588918568013823029e-01,7.474954139112971463e-01,2.557188476304308455e-01,1.542175001926595623e-01,1.704287398738557890e-01
4.021642848257902907e-03,8.447835865781613274e-01,5.835824507266589301e-01,3.554469876044774601e-01,7.700840664693278104e-01,2.441223394741404429e-01,1.617057326361626135e-01,1.702234459577920966e-01
1.329562935194379333e-02,8.890985061254406130e-01,6.875257317985515870e-01,3.446186881450563622e-01,7.171107806577576849e-01,2.910922743309525274e-01,3.065456108079026021e-01,1.697112374196126927e-01
1.906380526658979849e-02,9.290148018740574942e-01,5.009737504883913228e-01,3.137788702621372439e-01,7.547763903777728878e-01,1.519184649565475942e-01,3.201621257650982821e-01,1.699818547003664471e-01
1.217522555461462638e-02,7.015145680522154592e-01,7.776362653148328752e-01,2.967230296304014803e-01,7.043674844632110688e-01,6.679157341357195854e-01,9.958423008221275463e-01,1.652899835837580711e-01
2.002720951662353456e-03,7.271645538961245547e-01,5.977569620884333190e-01,3.906601318006574508e-01,7.311705085920178204e-01,4.410659502236048968e-01,3.930012913634719496e-01,1.682165937908048359e-01
2.131174661050700553e-02,8.296568982970883299e-01,8.032435776440447484e-01,2.624301550989797671e-01,7.057507365397808208e-01,4.769661523919059842e-01,9.296968844208962635e-01,1.664062826729597877e-01
1.096540782279739959e-02,8.634326545530395247e-01,4.597113418706492149e-01,2.611352079674270632e-01,8.099081810048542884e-01,9.281783075993482734e-02,4.021823230686841777e-01,1.695263754405313128e-01
1.275809001217197494e-02,8.518075489466939709e-01,6.580068278103795576e-01,3.410408425049258341e-01,6.750085231022124876e-01,3.034241711850386714e-01,9.207020575272010232e-01,1.664425159451301817e-01
1.350389792057538063e-02,8.141500675873994952e-01,6.619466881681554948e-01,2.575899350599170079e-01,8.097968244648899860e-01,3.588620522887060460e-01,1.416104377467232167e-01,1.698503704413450444e-01
8.514131479016551554e-03,8.321312246687423420e-01,6.989464105859691800e-01,3.668493534866709149e-01,7.159161076825070191e-01,3.636865201153145488e-01,4.766053453453846789e-01,1.683308686215333472e-01
8.187897168419021321e-03,8.500144101522804085e-01,7.628116353362702773e-01,3.381158020765602235e-01,7.586296499647081637e-01,3.317824967554479643e-01,2.514878962185215228e-01,1.695980844435723833e-01
3.582726123089977933e-03,8.959424529437487461e-01,5.421110131222585116e-01,3.866464904764902455e-01,7.942790651283564429e-01,1.381995335999970931e-01,1.258896919823361271e-01,1.698440972380128311e-01
4.032973140671945039e-04,8.163900075665381229e-01,4.701871266050650089e-01,3.421460139758306096e-01,7.625370975498011461e-01,1.287198830361711566e-01,5.241293991021904741e-01,1.687287070525489707e-01
6.067584314008367917e-03,8.376163468140728208e-01,7.883353590675034051e-01,3.667872946814706991e-01,7.663508030291509288e-01,3.433852855841224017e-01,9.629827609105917618e-02,1.702307687467011221e-01
7.957670905382229279e-04,8.181709363875379060e-01,5.712832533638328991e-01,3.057536848379272532e-01,8.308447813068637888e-01,1.554006854466518095e-01,1.358389246931642202e-01,1.705714619909490526e-01
1.626187867003959370e-02,7.853572508048480838e-01,4.627204602334076822e-01,3.367659925184213754e-01,7.702305374749542910e-01,3.578833039574389474e-01,2.409734839106409399e-01,1.691144351599880302e-01
2.341193464908588283e-03,9.064985164596355283e-01,5.398720609885500066e-01,3.724336146093060185e-01,8.027855847245936038e-01,1.264666667952898671e-01,1.120629927584421148e-01,1.700142302787391591e-01
9.386122327148938363e-03,8.429128288692947502e-01,8.032821419947523411e-01,3.114788247163520207e-01,7.176817764870642158e-01,3.530093172674840796e-01,7.809347161835847873e-01,1.668912593552113188e-01
7.300310188222719487e-03,9.342419516721514050e-01,4.916397381352182183e-01,3.914243916828177849e-01,7.113491046246896987e-01,1.197222914642047387e-01,4.173320508376272553e-01,1.689704088102052248e-01
2.713663152331581216e-03,8.293401503821539178e-01,7.387214699005063556e-01,2.768864574598762229e-01,8.520378114297059158e-01,1.923456360321116332e-01,8.658244308080664808e-02,1.705744618216323560e-01
6.577488336715082290e-04,8.817162308185257924e-01,6.032661186815513332e-01,3.527387975876810078e-01,7.396323010805845311e-01,1.599555049486898750e-01,3.687464277921166378e-01,1.692225094828797849e-01
8.808053338939024132e-03,9.166021199722655943e-01,4.881621943397944086e-01,3.766117753928457934e-01,6.925131731488537445e-01,1.278967360258672914e-01,6.214612801963258493e-01,1.681408590461867247e-01
2.874908772562359376e-03,8.785688825516377864e-01,5.403483843449029544e-01,3.459510442924065288e-01,8.301049403671852955e-01,7.388907607291084201e-02,2.901725472571034525e-01,1.696042787308266742e-01
5.020386464121843334e-03,8.771395077327577283e-01,6.509531695312398281e-01,2.771542561465276666e-01,8.289052892575068388e-01,1.229385819723038120e-01,4.571018481973276870e-02,1.713313681318817949e-01
4.810684276406238143e-03,8.838085977435603535e-01,8.432121305744006978e-01,3.610935197328195567e-01,7.707722109965211565e-01,2.864437796701443939e-01,7.195637884423933262e-02,1.704103903715471491e-01
1.075354653117451507e-02,9.080155682613328949e-01,5.425713199615047611e-01,3.894627570685633700e-01,7.237299475512553038e-01,2.181703256252263967e-01,1.659907643175820846e-01,1.702732171306740594e-01
3.165337964108694627e-03,8.179459992689698256e-01,6.314237556996290524e-01,3.831749548560189900e-01,7.829240941743684790e-01,2.495477437778531871e-01,1.493367973561455508e-01,1.703653779579423488e-01
7.354580337412541802e-05,8.820045161974858772e-01,7.026629245377435939e-01,3.339175018910296999e-01,7.016736819142426196e-01,1.685227748613730703e-01,7.738718717883137366e-01,1.671927946288054856e-01
9.267954053287140448e-03,7.833736571604755783e-01,6.974666707348073924e-01,3.098655363469723367e-01,7.023068927851349175e-01,3.981836303613037753e-01,9.411077158337319837e-01,1.660748800655060253e-01
1.311514710384449611e-02,7.744311607305163214e-01,6.362178828170147460e-01,3.073292034883585711e-01,7.095743903207947234e-01,3.930704444234800476e-01,8.794741727779606943e-01,1.662986147063179321e-01
1.378881800171302685e-03,7.138688210957305769e-01,6.441621682382079328e-01,3.492262213475474941e-01,7.953844001123234753e-01,4.244924793069299040e-01,2.621818378645075498e-01,1.689642938482244783e-01
1.229394068856594184e-02,8.389010439462478708e-01,6.667209892096372936e-01,2.353722038857188892e-01,8.331896377179476287e-01,2.507655013424557322e-01,1.374462024020814410e-01,1.703847540874605937e-01
9.816029529420464486e-03,9.456973952313144638e-01,6.572428927010970368e-01,3.467857070571034872e-01,7.604731043559255221e-01,1.146207885232380097e-01,2.403157735421884156e-01,1.705236984187709914e-01
4.226294835657306605e-03,7.753488854608798775e-01,7.137739276027583735e-01,3.536851494556431108e-01,6.727208134950991569e-01,4.509412967004113315e-01,9.719404669749911463e-01,1.653913652486774244e-01
7.437378536680250285e-03,8.855578224161746448e-01,5.329670160809589774e-01,4.001346382401256840e-01,6.811228656664644054e-01,2.071561170314180078e-01,4.598986969054409957e-01,1.689956089095555614e-01
7.774934513715141444e-03,8.591864579645629441e-01,6.293050497846686131e-01,2.529762866631850571e-01,8.551606752570393155e-01,1.662763000927308943e-01,3.614529397929427956e-02,1.709702947230738179e-01
1.029385082788664488e-02,7.438056936428087962e-01,4.573346059232688554e-01,3.016296885704112807e-01,8.177237641470983531e-01,3.201427923806570153e-01,2.165731959095435755e-01,1.691268404774730894e-01
6.080049903154811919e-03,7.898384995211487070e-01,6.775171390325022136e-01,2.902788893433007611e-01,8.495101459678295885e-01,2.924447438720519932e-01,1.136222975312600747e-02,1.701560140366451257e-01
1.509440076533330455e-02,9.147329941235964323e-01,5.876334663465473396e-01,3.761961947103574233e-01,6.939997141347584719e-01,2.630452824773670817e-01,4.101583618319945557e-01,1.689189520924617161e-01
4.060655231578430731e-03,5.754352133314154516e-01,5.153500836363091864e-01,3.632493970797597838e-01,7.328473068855141381e-01,5.552047677686318128e-01,9.738530336554721556e-01,1.648059552096962921e-01
2.254539296829237253e-03,9.673398859884170253e-01,7.391054775644869679e-01,3.657377438052271668e-01,7.589632861557115140e-01,4.214593744031869260e-02,2.944315448334393626e-01,1.702254428314173285e-01
1.661313978894761109e-02,8.869101062795141655e-01,7.565929897895493639e-01,2.865905234639592458e-01,7.065229378413360184e-01,3.160350963088018328e-01,8.481096416109187297e-01,1.667481974754508045e-01
6.956118149600981626e-04,6.301140454910978406e-01,5.655658954449572784e-01,2.339143482919857076e-01,9.209464153452923130e-01,3.790535043710759888e-01,4.435545639562332720e-03,1.705224937988777389e-01
1.154408258593936712e-02,8.375300338803021161e-01,8.232175155056835614e-01,2.578046000496920787e-01,7.298088618801070737e-01,3.097607838398765967e-01,8.662239528987371040e-01,1.671340097792121115e-01
2.709521233277194761e-03,7.958978098036880722e-01,5.698387577015576744e-01,3.363106270565496270e-01,7.979181867563653885e-01,2.976092242670838051e-01,6.074371909547782167e-02,1.701104397538067137e-01
8.312028414596814296e-03,7.746063183331133306e-01,5.910025734311686874e-01,3.904382577044501756e-01,7.209653127463017119e-01,4.035248522864167131e-01,4.688713006382502768e-01,1.680103662219084582e-01
8.744371631951644575e-04,8.648515715011558802e-01,6.841786560938085682e-01,3.409118230853614429e-01,7.997669540074207051e-01,1.993256320140699978e-01,2.082916225361775009e-02,1.704964591024596132e-01
1.137011748548345108e-04,6.370296942361450832e-01,6.352632277769575397e-01,2.783436076393418501e-01,8.721104251974240995e-01,4.772981255165432146e-01,5.206966489497394379e-02,1.698685041090345904e-01
1.633892768362635306e-03,6.953859782490041663e-01,5.898098598062979647e-01,3.027713716210073125e-01,8.043269517525233336e-01,3.809728014907056148e-01,2.879787210117016882e-01,1.693532485864655546e-01
1.782852220667264544e-03,9.335408147736674600e-01,7.066801659194964502e-01,3.309630165229947019e-01,7.425702859473284345e-01,1.149455877768130740e-01,3.271776197097792105e-01,1.696020967618075692e-01
2.058937323147806697e-02,9.580922989178024540e-01,4.794177490082389692e-01,3.782239236222365575e-01,6.949148054366230953e-01,2.239000432840223542e-01,3.636433772774896878e-01,1.691453781637728970e-01
8.879921191806987649e-03,9.426662470197774146e-01,5.601339950396792000e-01,2.866337532010078126e-01,8.204831928374994865e-01,5.109858441695350195e-02,2.751399233171183401e-01,1.696631451715004124e-01
4.291057482759678618e-03,7.106502510224812497e-01,6.503450253553041405e-01,3.445562036244709248e-01,8.089580310630593019e-01,4.285655357837667712e-01,1.718193294961547490e-01,1.697216472357355177e-01
4.857209960705080945e-03,8.665865280296221052e-01,8.165548239250727258e-01,3.458024536259042270e-01,7.471459272276630426e-01,2.754421922428696989e-01,2.798098214789678795e-01,1.696191055002058690e-01
7.798652103453273393e-04,6.879229816397395281e-01,4.787449858711507189e-01,3.743842597881172907e-01,7.916249231762979566e-01,3.407807224989086725e-01,1.602864233046230880e-01,1.699227951792872393e-01
1.873551750380854017e-02,8.935132738910175343e-01,5.236353903228434525e-01,2.985589675404152765e-01,7.784274409649729609e-01,1.974994656470131504e-01,3.305438196160105369e-01,1.695279553890771396e-01
1.036112195987503107e-02,8.139901875631264661e-01,7.424390979596056095e-01,3.128649552035093206e-01,7.694014742882848701e-01,3.853157342930531026e-01,8.383133972554346336e-02,1.705967369864191951e-01
6.328105270284680589e-03,6.989298991296473140e-01,5.690236887996323878e-01,3.492033162232048293e-01,7.814822978320132840e-01,4.297989564015766151e-01,1.706047101985200820e-01,1.698138064630902722e-01
4.372875474071581496e-03,8.637627680098388661e-01,4.784574826749743437e-01,4.225265953751419223e-01,6.951067914738636722e-01,1.733893074783692256e-01,5.385718135923966976e-01,1.685086593935624377e-01
1.619793980396071892e-02,9.363588193049657837e-01,4.687613608642208218e-01,3.596062515884931865e-01,7.030102317934435741e-01,1.689769105410494077e-01,5.396954648720246883e-01,1.685126384870147542e-01
4.547325179619504665e-04,7.395134844026527432e-01,5.848249032175489859e-01,2.975639988811033532e-01,8.643434903807530878e-01,2.974410133716344773e-01,4.768585512550727046e-02,1.699047892830030382e-01
1.392234962561109124e-02,9.847660011671064417e-01,6.021028353160823299e-01,3.232540640789336450e-01,7.847446115461949034e-01,9.526706938195772523e-02,2.386070070722868808e-01,1.696074604512091411e-01
5.149292878649810654e-03,8.753022932838459003e-01,4.361189943459967688e-01,2.975638537164813080e-01,8.128193301529288428e-01,6.305894677574908069e-02,4.489986634779559727e-01,1.689506298838626130e-01
6.050213234566520319e-03,8.610171943421635055e-01,6.016087933747824579e-01,3.211440225932353232e-01,7.264360196014620907e-01,1.609673826454982304e-01,6.063379077009771745e-01,1.684639565850184761e-01
3.087048624243419331e-03,7.111615470846470721e-01,3.482602697460503993e-01,3.319095658637939983e-01,8.111864411297455835e-01,2.039459502132867641e-01,4.484290959353524064e-01,1.687112552398664367e-01
4.146122191297095701e-03,7.311074005109871043e-01,8.152300876551425990e-01,2.395378568395267194e-01,8.506573134416733906e-01,4.130686716028104666e-01,1.143168668072608307e-02,1.710611625223259491e-01
2.002072540622221175e-02,9.102993704143307330e-01,5.244371139920989133e-01,3.680839581436835539e-01,7.110524727807201462e-01,2.602975439378141242e-01,3.383800364506400205e-01,1.694506847184184817e-01
1.428290160144795456e-02,9.072642919605075074e-01,5.587446751323794647e-01,3.481636124561908185e-01,7.704856108798538994e-01,2.391025305861845529e-01,1.737943318543166971e-02,1.708058028282908314e-01
2.658877974151945336e-02,9.839561579462015040e-01,5.191855317334740372e-01,3.604854664173689494e-01,6.957487327220213125e-01,2.538612490933901400e-01,2.767544420167180608e-01,1.694576536811990830e-01
3.790232902766471970e-03,9.075799782725296749e-01,6.220448176047964628e-01,3.309990726655873128e-01,7.932044878624003870e-01,9.303243236661193349e-02,3.462440617073076488e-01,1.696396557763995006e-01
1.265636151617235972e-02,8.914740506162078804e-01,5.503907061106777521e-01,2.741744364607112683e-01,8.299522293481829127e-01,1.218126523302678621e-01,2.593457869804399185e-01,1.698661845625216438e-01
2.521166811961081736e-03,8.994659528737172227e-01,6.036402789452415263e-01,4.016098851058013119e-01,7.315475517158016583e-01,1.367175794351389584e-01,2.456810433836677798e-01,1.701194053337888035e-01
5.943250822898179034e-04,6.986269566876599502e-01,5.539204406511201162e-01,3.740676123443284484e-01,7.101728894125317604e-01,3.861129747185377825e-01,8.205305119303722972e-01,1.661067882540516738e-01
6.736412667069169649e-03,7.843448738560218070e-01,6.793783254433107821e-01,2.595884095493667942e-01,8.885341788845200206e-01,3.173515179485728588e-01,1.114265016454857316e-02,1.698676109799870382e-01
3.200844460944855634e-03,8.825353529689875520e-01,6.578450445524517409e-01,3.935051661941711409e-01,7.750218959030522603e-01,2.051788038289661109e-01,2.048259778738074632e-01,1.696312227507018322e-01
8.790896476634484785e-04,8.502631388004578961e-01,6.365821299760361374e-01,3.116919868451972775e-01,8.190840034345585607e-01,1.824381036333437289e-01,1.093705126960199947e-01,1.700574209110812807e-01
1.569584811794234175e-02,9.149564705492116978e-01,6.936825393731310685e-01,2.892291006242900253e-01,7.687043674521337744e-01,2.160952652221863057e-01,1.718510216058449502e-01,1.703390139281743543e-01
1.490066138947790733e-03,8.345781320242400270e-01,7.394294762923268038e-01,3.374097588076044874e-01,7.673333236981250138e-01,3.038675177975239672e-01,1.457945083511751894e-01,1.701803985782769646e-01
6.203136775859019111e-03,9.289504375535083680e-01,5.392254376184314468e-01,3.841583828364674158e-01,7.137328758314358534e-01,1.226687859514678236e-01,4.918068389529120510e-01,1.690244174601540361e-01
6.930925330894966048e-03,8.735768980758704672e-01,7.737543106550418548e-01,3.095300213765230235e-01,7.939996792995016595e-01,2.131590537253404416e-01,2.678852652377309296e-01,1.696368287856303836e-01
3.885925712594727292e-03,9.313585133517343628e-01,6.918011374546778613e-01,3.983617412796987556e-01,6.863852267872855295e-01,1.490538095028913768e-01,5.158086599976953179e-01,1.689480227946653090e-01
3.259553263084058114e-03,8.015586614329921478e-01,3.925137671086520452e-01,4.164481726501410019e-01,7.081295518928163446e-01,2.310729988801500656e-01,4.372972984065429669e-01,1.688243977208557234e-01
1.265893103508352636e-03,6.875963369664149782e-01,6.136066224602209074e-01,3.071318501766710507e-01,8.226303323208264962e-01,3.568536581065215318e-01,1.504951932963302652e-01,1.703946982423449885e-01
4.943933625747329134e-03,7.861846281351394516e-01,6.719173800468435376e-01,2.814316715319545859e-01,8.380635466965954405e-01,3.154010638250410170e-01,3.355547080824777817e-02,1.701358341196256840e-01
2.148418777097044728e-03,8.628745268024311521e-01,7.824589938618061735e-01,3.500995835713461291e-01,7.442012240929173350e-01,2.652994234914026195e-01,2.355537943671676404e-01,1.699359654732465752e-01
1.079874149957365734e-03,7.935532850519979586e-01,5.679201104666597999e-01,3.287291734750619199e-01,8.264506296197452473e-01,1.733728118611762292e-01,9.183334862913727914e-02,1.711243824658969515e-01
9.512816300846570206e-03,9.642309762650038696e-01,7.062898712536749279e-01,3.099007210492700226e-01,7.741522680279097068e-01,9.843691293630649208e-02,2.587468354821916838e-01,1.701420443780541081e-01
1.223301768330223652e-03,8.718399815319954893e-01,5.497976108266754425e-01,3.236466826833212518e-01,8.730433871153461256e-01,1.146805051225269212e-01,3.576390194984324644e-02,1.701852090970592812e-01
3.068953742166709298e-03,7.985129149638283685e-01,4.111009486622669851e-01,3.464486455665249931e-01,7.780816755644621718e-01,1.848460578848001301e-01,4.149877481278341218e-01,1.689495560883792491e-01
7.468567381496983050e-03,8.333688525589117990e-01,5.957215934218332842e-01,3.377443922602413884e-01,7.591413005093282651e-01,2.312661482271121116e-01,3.317897152682471873e-01,1.695695890146428353e-01
3.205914861698741687e-03,7.875202662017142252e-01,5.803482294670534447e-01,2.394983536956874492e-01,8.833530045810448206e-01,2.280220365753805600e-01,3.583432982514495047e-02,1.703022786557572832e-01
4.700251180939856756e-03,8.736392662029208722e-01,6.599443814509932116e-01,3.679061253976776968e-01,7.385512003040659579e-01,2.710015559515490113e-01,8.332153642498663082e-02,1.704798116818481701e-01
5.005378914152106007e-03,8.913904203712234020e-01,3.793388675655772202e-01,3.604316402450878365e-01,7.813916212194330635e-01,5.187161625089287131e-02,4.800645819194785946e-01,1.689872381088755593e-01
7.988723077864667496e-03,7.729593632748648080e-01,4.814212764514256282e-01,2.749111035538798209e-01,8.385007828476739311e-01,2.585622245944894093e-01,9.270270536157088070e-02,1.700180364995082793e-01
1.587620923953971669e-02,9.802092321132329644e-01,6.400044235687510907e-01,3.603704458748580586e-01,6.948829454770169001e-01,1.804822828012856983e-01,3.580256780474236900e-01,1.695116661945546555e-01
3.262649901351588264e-03,8.116741682904290434e-01,3.955463589719616091e-01,3.348417885113278425e-01,7.934516543669765110e-01,1.030231815517260729e-01,3.954654749849217943e-01,1.694293110713273043e-01
1.813935186395233476e-03,8.554190425586281066e-01,4.716122697907753070e-01,3.306603371207031961e-01,7.407618070327841586e-01,4.340946278654361778e-02,7.842993951078371939e-01,1.677709376891985960e-01
6.699912116707817597e-03,8.476298006395561746e-01,8.282487137941576538e-01,3.222960996567629799e-01,7.961856672772265053e-01,2.966242583571093161e-01,1.595065099374249618e-01,1.700090206573240115e-01
5.635529250888430923e-03,8.677160571424843427e-01,5.741500747781670411e-01,2.973089492706525450e-01,7.747892660485152794e-01,1.402165570526756055e-01,2.887866076316262243e-01,1.701579163191767607e-01
1.075069344408765941e-03,6.761575178505302430e-01,6.415852382369598983e-01,2.963555097634132940e-01,8.350673414542093553e-01,4.138952298893555093e-01,1.411450184528826313e-01,1.702131980560292746e-01
1.495569748860021281e-04,7.430657058588863162e-01,8.332267513763825795e-01,2.635080249282509834e-01,8.503321443601203899e-01,4.321242931438085133e-01,4.647601021462305360e-02,1.703661800319689612e-01
5.895480573607624758e-04,7.304089032635556755e-01,6.620245933866661936e-01,2.884080840456448303e-01,8.594190536234331823e-01,3.577739920641170857e-01,9.715774898177098606e-02,1.693747281341265731e-01
2.910846363300224893e-03,8.810845549100295715e-01,4.876442796428417936e-01,3.868816396082913056e-01,7.221535901165883065e-01,1.337808136916010804e-01,5.274327364131353724e-01,1.682018278934951649e-01
5.879622112977823424e-03,7.474700199006809598e-01,5.204244966052786747e-01,3.078210284175122990e-01,8.201762666654031086e-01,3.009914530349806494e-01,6.176643176558371806e-02,1.702025488637346762e-01
3.356668142407234594e-03,7.626946537378331836e-01,7.487089741249554065e-01,3.440182068113605274e-01,8.099098363242316356e-01,4.397028980536479281e-01,5.262519562280187913e-04,1.698532147978509821e-01
1.550705244876093673e-03,6.830213141432632806e-01,6.989499229361453292e-01,2.969934133762807682e-01,8.351993362099220386e-01,4.794001204055332033e-01,1.542406831923762434e-01,1.693381294935645820e-01
1.026939754148465354e-02,8.476848336020248453e-01,5.857284166254866919e-01,3.156374605676713907e-01,8.462091417346420119e-01,2.030970323605805206e-01,6.868301606275278859e-02,1.700893599094428776e-01
7.632399192948524126e-03,8.410006318943117343e-01,5.115946400862655397e-01,2.682203468563157944e-01,8.181151493524866369e-01,1.898451409272167156e-01,1.320239640123647695e-01,1.704826838397146271e-01
2.922421749061173898e-03,7.660770225287512059e-01,5.663335625071449497e-01,3.094909625649832075e-01,7.762806023506819697e-01,2.748396698535676141e-01,2.482800021432980675e-01,1.701441250812453509e-01
1.267801468957323666e-02,8.054701644779279635e-01,5.579129197747734192e-01,2.906814878335765573e-01,7.956837206379538951e-01,2.881882292789632038e-01,1.560021361513979632e-01,1.704966075507962919e-01
1.085007873450845317e-03,7.671447983019302752e-01,5.973490391344247197e-01,2.779314817239170177e-01,8.340493048058951198e-01,2.398117041796046789e-01,2.032294464126671585e-03,1.711919167910025130e-01
8.343128660573479599e-03,6.798040035231099898e-01,6.771846380752433170e-01,3.198093684355842181e-01,7.330409588601702886e-01,5.191931076108428078e-01,9.894202980726771735e-01,1.651552091559500002e-01
2.602677286367854198e-03,9.209319748755226964e-01,5.745882493497215249e-01,4.026932044112545572e-01,7.083282501421924726e-01,1.304288472876293792e-01,5.451832030065042467e-01,1.682152174993564731e-01
6.960064198309721256e-03,7.978018421274327698e-01,5.532289207589846658e-01,3.392728733850531309e-01,7.887930623455979839e-01,2.545084950130272472e-01,1.758328548330786445e-01,1.702466752446205878e-01
1.632765970663205626e-03,8.985247020196798218e-01,7.816674626922499591e-01,3.633989444379119305e-01,7.916033860622397889e-01,1.298303892805293680e-01,2.166107096142821653e-01,1.702284814060502083e-01
4.036421347731908478e-03,6.757132903535303381e-01,6.403502964642544537e-01,3.525777158686019264e-01,7.060785707479491080e-01,5.255158595053481818e-01,9.190445256624616421e-01,1.653373171912637940e-01
1.443754726172861297e-02,8.328761899984310491e-01,5.952647946396680823e-01,3.484163586193020912e-01,7.906267882268390723e-01,3.808161855331845258e-01,1.157225816848400646e-02,1.697698816918235543e-01
1.366849809748795636e-02,9.195351359587231599e-01,6.227694596869631782e-01,2.623781288657673905e-01,8.537539727358082198e-01,1.394518527815422904e-01,1.136790274325949479e-02,1.709865957621564680e-01
1.433222526394530016e-02,8.447436900393244796e-01,5.643678961516925829e-01,3.481828439329545111e-01,7.655493558293119394e-01,3.004546062882484936e-01,4.772820307068970092e-02,1.705794685405951916e-01
6.884594114728690914e-03,8.932815199771886316e-01,5.401693981667837763e-01,3.616567011510184448e-01,7.125424853898203459e-01,1.090981065886245105e-01,6.861097486677507629e-01,1.679833217681208357e-01
1.970745042315496035e-03,9.440349711825564150e-01,5.318681186908301717e-01,3.792010980003334697e-01,7.454719089735762916e-01,7.626073110825482004e-02,3.580567387656630185e-01,1.692004027328364857e-01
1.312677354524002110e-03,7.254052205278279652e-01,5.666753265335074952e-01,2.843977457256951502e-01,8.286701605923273428e-01,3.129075888763730995e-01,2.132594244872791645e-01,1.694509472420294149e-01
1.130435061722053977e-02,8.958856159987484968e-01,5.208159750737113569e-01,3.831097764305307352e-01,7.033894620805327680e-01,2.257249572021692852e-01,3.163610969573455445e-01,1.695875720961803335e-01
6.774671296494883671e-03,8.746637802710978127e-01,5.464008111471910789e-01,2.872525104999503198e-01,8.252341733577802652e-01,7.807525498419365384e-02,3.180871919212854282e-01,1.698279674635888303e-01
3.709059954129018642e-03,7.158538921234445240e-01,4.255519066613588364e-01,3.284134747682469491e-01,8.557045181770511766e-01,2.399471796495942777e-01,2.732626305175268611e-01,1.691253084678292495e-01
1.620819376918990543e-02,8.706821055033526768e-01,6.878202762110234847e-01,2.959356553878323415e-01,7.471562207500707098e-01,3.513765950974181429e-01,1.994802294650251384e-01,1.698131469974227536e-01
1.248650572648038817e-02,9.194716004919766261e-01,6.560012736852987025e-01,3.605822083392714039e-01,6.737956009867112073e-01,2.292040108050139580e-01,7.797288408372804458e-01,1.672395615487917986e-01
3.312604458408748703e-03,7.770967951399236906e-01,5.763298779934606930e-01,2.713030897995779012e-01,7.989300204953949658e-01,2.269979892443233227e-01,3.387648707101760248e-01,1.694552579916450974e-01
9.080115393469118112e-03,9.386608647329001132e-01,5.847488144271034693e-01,3.894528088115537523e-01,7.349533016289341303e-01,1.946688585249549686e-01,2.247378974452870770e-01,1.697238998977410596e-01
1.231454761018583449e-02,7.333010316925131500e-01,5.619448515802838440e-01,2.852703820918532363e-01,8.066233671011888706e-01,4.064136186655157301e-01,4.185040770208353633e-02,1.706603813027146310e-01
1.619405795107786879e-03,8.841190239403677875e-01,6.495277538015222785e-01,3.253038687850725030e-01,7.820348284369371683e-01,1.175798883994945421e-01,2.336443882347740697e-01,1.705459604283430797e-01
2.320051087123922370e-02,9.581120331523829137e-01,6.627606276467447044e-01,2.964690437795066136e-01,7.507679315702934231e-01,2.489335092974042374e-01,2.405727635656202401e-01,1.698417157198701399e-01
4.029207753225569517e-03,8.374992485698153910e-01,5.685492767892981192e-01,3.041732929684648479e-01,7.436283820535297684e-01,1.197248991479867852e-01,8.337017060454405826e-01,1.671417921877476065e-01
6.109715120958434179e-03,8.145288851893356386e-01,8.470050826442320213e-01,3.429188689509174437e-01,7.610217868928040863e-01,4.274426585218651375e-01,2.390914384959155481e-01,1.694116288148103111e-01
1.268914358633587564e-03,7.798786692880754767e-01,6.977752571875024401e-01,3.109011744667246058e-01,7.842824751542930573e-01,2.863172595676241605e-01,3.505376652407752314e-01,1.692100738541589544e-01
2.293766027400242699e-03,7.980948981904666395e-01,6.712911813020934204e-01,2.692487888925468864e-01,8.743475402564360177e-01,2.482130856641919514e-01,2.213463791779524126e-02,1.708201567646353836e-01
1.374418084267329566e-02,7.966786420720581852e-01,6.972690864123187726e-01,2.874336899580920979e-01,8.076113525039445573e-01,4.046782533788001457e-01,1.058482428924528707e-01,1.697640476910939611e-01
4.026054116760960540e-03,8.030865365485595486e-01,4.929344063922710961e-01,2.711651403345265443e-01,8.434246013246046170e-01,1.457145188004058678e-01,1.810034171855237350e-01,1.706809367843865610e-01
1.465846596101280999e-03,9.315919425381913310e-01,6.633407891971438985e-01,4.314073941479897867e-01,6.737337188902243756e-01,1.576414857758825228e-01,5.616158585518624680e-01,1.681758133682154654e-01
7.008562803009115230e-03,7.701341828849325166e-01,7.397450989168972146e-01,2.548277619993312704e-01,8.544962574794989774e-01,3.267900075790560743e-01,1.015664925677528252e-01,1.703254562280220319e-01
6.921718213515383640e-03,8.721958197289219061e-01,4.115897275564969204e-01,2.949944546019410696e-01,8.233730137419418282e-01,5.123937308429116211e-02,3.564117550211787222e-01,1.697647301408553300e-01
1.187331338057033905e-02,8.829577152838002929e-01,6.697071766312061580e-01,3.780751855216799573e-01,7.257136984978288519e-01,3.111355629093794373e-01,2.575875495112320834e-01,1.692732613142760023e-01
1.061965700252312690e-02,8.741887235033287684e-01,5.771554673479392106e-01,3.896568141793168571e-01,7.117583360125050440e-01,2.446458360311982161e-01,4.527707825763788718e-01,1.685162200959008372e-01
7.219532468626206276e-03,8.161576565336920996e-01,5.386583045637082234e-01,4.130349905612134553e-01,7.358602739025678074e-01,3.378526757445617368e-01,2.970996015172129301e-01,1.688088174858141666e-01
1.353253757688595467e-03,8.219743921317724800e-01,7.003032687040132709e-01,3.156734509469145689e-01,8.302008321148707237e-01,2.541335915197881490e-01,1.583530673081793294e-01,1.697962033093146916e-01
4.478812763768803829e-04,7.673683378823251688e-01,6.959907045765834077e-01,3.219460701717252182e-01,8.065909716428217857e-01,3.667019751883209833e-01,2.020205300431478779e-01,1.690771186425342187e-01
2.663687253030152038e-03,7.513519420856880071e-01,6.565098787330220231e-01,3.901313721934498990e-01,7.611073044182515845e-01,4.026004901330613173e-01,1.505765146199337656e-01,1.700400794970632623e-01
9.721047814861868974e-03,7.922305241290731326e-01,6.771755746741877635e-01,3.397577865552721677e-01,7.011614898264966200e-01,3.394297882249958653e-01,9.719545839451801950e-01,1.660215181077659141e-01
1.206815452776129755e-02,8.318074221646748478e-01,5.949196861728903718e-01,3.529026903525771530e-01,7.920059560047086888e-01,3.140499800846365819e-01,1.148297282735575298e-01,1.697911665341218235e-01
3.694411514399183714e-03,7.916911480126025413e-01,5.459177096310880994e-01,3.655877853252016418e-01,7.716861475377106983e-01,2.547932063444678930e-01,3.879451576328173390e-01,1.683887242351352620e-01
4.201342649200390765e-03,7.583943465573119713e-01,5.166807517865824595e-01,2.861930134441442175e-01,8.668283324971847170e-01,2.207352683117654590e-01,1.310910487652002798e-01,1.704522564692913800e-01
7.699672954818886569e-03,8.652828297591746987e-01,6.099092001870375368e-01,3.581094216527849761e-01,7.207789984167198849e-01,2.954664730077355417e-01,2.506047601451418805e-01,1.696014921918772289e-01
1.525086586717970885e-02,8.173537612334987879e-01,6.269945448491083262e-01,3.160469902071985637e-01,7.599487810233163110e-01,3.637712064438240467e-01,2.663919135646058423e-01,1.695138379845083365e-01
6.194081699075412728e-04,7.775615081619495772e-01,7.054914200572066640e-01,3.096523689194877194e-01,8.193986472596023196e-01,3.024639179737440009e-01,3.668650342119289531e-02,1.702965213797964228e-01
2.660956048855175025e-03,9.260233705069502719e-01,3.995680242024056694e-01,3.839261464477557451e-01,7.520062305000798641e-01,3.749597365431620033e-02,3.678435327825115286e-01,1.697941018954574610e-01
2.374211515454352495e-02,9.252244844180615990e-01,6.087554057609547709e-01,3.384830331650893753e-01,7.279098439830573586e-01,3.413029008941286246e-01,1.070868971073853371e-01,1.701357222231012489e-01
1.370950502705744686e-02,8.070575454821437011e-01,5.258499676554457825e-01,3.005724876994925743e-01,7.922755836790412731e-01,2.769651331971239028e-01,1.466363861613309560e-01,1.703481613710165210e-01
3.422303482255177002e-03,8.334722474269865566e-01,7.983797246146724369e-01,3.071964198672143542e-01,7.675443266673152021e-01,3.300197045342486146e-01,2.519586388176284775e-01,1.696572850078329475e-01
6.157717971696015369e-03,9.622281435008293027e-01,7.580413770959507636e-01,3.766511714936814914e-01,7.822851871413688540e-01,1.131434100419946298e-01,1.281086942173403354e-01,1.703486343901140232e-01
3.150169505133829269e-03,8.561727539459247360e-01,6.404751542734974379e-01,2.894991003274172137e-01,7.771369499154677785e-01,1.736354767017486145e-01,2.849238523202451967e-01,1.700044630443785509e-01
4.238342086623077612e-03,8.152579984982604167e-01,7.664781464184771131e-01,3.042544714212909729e-01,8.114245914264129889e-01,2.701962726624123068e-01,1.111150765801628970e-01,1.702581410436424525e-01
5.078484105111500529e-03,8.145041065520634005e-01,3.958003693552511471e-01,3.923150073233185320e-01,7.331321774701773375e-01,1.991950280467683909e-01,5.281967143547897647e-01,1.679002045431495782e-01
2.004397161770924557e-03,8.274173305891671104e-01,4.992181660716533131e-01,3.201449014481791977e-01,8.186151169903949087e-01,1.151609315149445256e-01,3.434225813274198735e-01,1.697566007471748017e-01
4.003234932862773619e-03,7.694746284211516629e-01,6.800890258808676148e-01,3.206034851538288044e-01,7.088124613587616363e-01,3.124787624132793207e-01,9.097289149398442021e-01,1.665431515245659744e-01
1.813419523929817208e-03,8.066253183841860519e-01,8.265293353745345462e-01,3.218206486334425631e-01,8.137720939979259382e-01,2.966114045388665299e-01,5.178236888509341052e-02,1.709768253002102167e-01
8.937804442968277224e-03,7.672487910820526835e-01,5.541640636270046549e-01,2.862964303875694672e-01,8.278760431779497164e-01,2.927508886107036967e-01,1.810207203474594739e-01,1.701576562606351983e-01
4.995210329849539103e-03,7.977350638871859578e-01,6.378374190726755488e-01,2.681246657684203116e-01,8.243265340950712838e-01,2.301494873207464986e-01,5.368013002760446684e-02,1.712715191896157230e-01
3.103065826847927269e-03,9.063536899451188900e-01,5.922163628453365192e-01,3.508921417783194552e-01,7.777319902570890564e-01,7.538324473199736753e-02,2.762580298365428511e-01,1.699530899656296612e-01
5.684522848082709107e-03,8.563793923415974341e-01,6.602403950394046817e-01,3.444857388817464394e-01,8.320299113669468172e-01,2.024341823079967295e-01,7.587697167529328102e-02,1.700885345579184749e-01
1.527735334848315946e-02,8.004307881652218404e-01,4.945547239160895669e-01,3.421471604177928616e-01,7.967945366392448214e-01,3.399431300730976768e-01,5.014542547722378174e-02,1.702545978820547978e-01
1.129872309562898573e-02,9.063597174617893382e-01,6.992696244590651533e-01,4.090157615529740331e-01,7.271850794992856803e-01,3.089756823283297815e-01,1.141376511140501648e-01,1.699867934528689339e-01
1.048608005393267088e-02,9.357506921806604261e-01,7.706139044487892997e-01,3.027142548003413647e-01,8.081802467445714511e-01,1.733778853536548370e-01,9.941799519646360439e-02,1.705798447204870394e-01
3.342316837639423659e-03,7.623837382849636413e-01,6.068917894627157139e-01,3.502782047206387528e-01,7.596233146031723393e-01,3.312467263045217880e-01,2.889297087285833121e-01,1.693522941443424412e-01
3.018277569429642093e-03,7.975851806926524956e-01,5.687619049418289885e-01,2.275158195645518577e-01,9.329045810159317664e-01,1.182663492698571295e-01,6.828355471939656640e-02,1.706473290533558895e-01
5.633903008872625726e-03,8.655855258285806153e-01,4.392540805254968594e-01,4.063609475092828105e-01,6.989297136237917485e-01,1.559922137924690255e-01,4.837231239347317691e-01,1.690245151957497083e-01
4.735890332472185611e-03,7.424162377219960529e-01,7.350775233681864362e-01,3.503046222370989060e-01,7.689923498317422501e-01,4.807787830161120990e-01,3.081217437291272621e-02,1.705793883337592964e-01
2.352370923673087130e-03,8.116404729301949228e-01,7.980910848020051906e-01,2.668670048006374085e-01,8.339244728171782972e-01,3.279349819180448211e-01,1.856506465460444621e-02,1.703445074506187151e-01
2.566334384319177153e-03,6.780852704670472519e-01,5.962757127448437000e-01,2.364156556614943061e-01,8.984117698904305893e-01,3.640920467298807695e-01,1.285722725904964170e-02,1.702044187227125804e-01
4.481935275079423041e-03,9.006317740155234119e-01,4.990687247912065638e-01,3.027374090588469402e-01,8.285363262962579523e-01,1.668512879889225142e-02,3.999337949644541368e-01,1.695290444956372988e-01
3.705394151206928798e-03,9.148773412924829929e-01,7.179479472351106839e-01,3.329003706923667205e-01,7.633517036837799141e-01,1.258364771520613101e-01,3.684519451181409444e-01,1.692420234530059853e-01
1.186917369502717839e-02,9.176283026963685252e-01,5.583983088743109668e-01,4.113744621447688044e-01,7.070057489538459361e-01,2.486686252059192026e-01,2.859439876696995286e-01,1.690110539131834677e-01
9.147545697902005266e-04,8.704940869114140556e-01,6.845380228792348198e-01,3.994256501372621670e-01,6.856336035439981602e-01,2.601945799986922214e-01,4.948622190862256853e-01,1.685661988060518923e-01
1.290387357121923484e-02,7.791211531287984826e-01,5.898130731548566486e-01,2.496496616967401050e-01,8.432187755904918536e-01,3.001327351881549754e-01,1.837927005307760098e-02,1.709749865668292457e-01
8.274890348026078465e-03,8.578703372658748050e-01,3.543547275540629982e-01,3.382577621777395072e-01,7.416799363037824833e-01,8.226605111322402020e-02,6.317743986260819788e-01,1.685702068830780831e-01
2.344861704956357346e-04,8.685997773943449074e-01,6.068844013727883180e-01,2.907659481364463505e-01,8.233225446126936076e-01,7.950601025251710641e-02,2.314218822288962585e-01,1.699033710611304870e-01
2.169416109281559896e-03,8.616926925445899110e-01,6.448061003045680861e-01,2.992867315253870952e-01,7.614900852520907204e-01,1.442791688981369669e-01,5.286473979504149323e-01,1.685533455983772855e-01
1.010715772514643104e-03,7.400603343733226369e-01,5.063838127790116772e-01,3.933869353612935438e-01,7.385556453737434079e-01,2.925578628245912860e-01,5.836540475370839420e-01,1.675659136817196360e-01
1.430733724228161821e-03,8.196451753393257933e-01,5.417589340002563203e-01,4.169622606529768127e-01,7.463214907232346151e-01,2.323503519624462166e-01,2.963184781728058770e-01,1.695011360574856241e-01
6.426990651648454428e-03,9.207971326635800979e-01,5.944535824738521601e-01,3.334846217859300244e-01,7.942133989653055171e-01,1.435386591199168116e-01,1.930124530656022741e-01,1.698806659008577635e-01
1.499263748691277189e-03,7.891873654879393296e-01,4.969483502945198916e-01,3.660011516712977087e-01,6.828846436918272200e-01,2.246835884154410878e-01,9.541488428850782855e-01,1.660786907510818644e-01
6.842376342921046434e-03,8.187434355915216289e-01,4.719055350157955742e-01,2.828260954637549784e-01,8.360315980645016687e-01,1.958352172743786090e-01,1.052516609524469793e-01,1.703076805519488923e-01
5.561343188568872165e-03,9.074999405820284304e-01,6.651920471852347250e-01,3.963087045385438323e-01,6.774250280163669480e-01,2.143954451731913680e-01,5.821770527476243240e-01,1.681131677780525191e-01
3.189075746597175992e-04,5.891429967493273523e-01,6.006964939288689243e-01,3.484315926729579238e-01,7.376775116387642717e-01,5.307201526393532376e-01,9.865618224172586492e-01,1.651809106825625206e-01
3.700073922468865087e-03,8.833177568116810097e-01,6.015257170837906564e-01,4.202489597590348680e-01,6.677591357909764547e-01,2.224330806420378170e-01,5.967159524002206838e-01,1.681929950711264499e-01
1.119625652234376711e-04,7.607565019572044562e-01,7.736404320437675342e-01,3.568410173900870008e-01,7.247927186043182646e-01,4.185286856147013568e-01,7.625196390508424127e-01,1.664669543466689716e-01
8.071381286735068716e-03,7.265040171832666260e-01,3.877953099128989556e-01,3.600469881309306674e-01,7.849315826747634839e-01,2.855788174393404932e-01,3.001234916986063594e-01,1.691965654546520315e-01
6.206109279322673082e-03,8.546024658145726649e-01,7.506565956421347163e-01,2.803687375024179751e-01,8.801780183479304132e-01,1.972537308025981151e-01,4.229589884422296775e-02,1.704725934027400136e-01
2.028370223359996991e-03,9.273523034070718651e-01,6.026545154725710951e-01,4.415854625398716871e-01,7.080431041712902385e-01,1.458604182697584850e-01,2.713224294999553310e-01,1.699973783153687912e-01
2.294351482986953412e-03,6.913570237116766215e-01,6.421752604920596408e-01,3.142611144017714020e-01,8.289286562985247464e-01,4.563940169995553409e-01,1.357669855781948876e-01,1.694273888804388728e-01
2.270944124388956167e-03,8.840755390553057813e-01,8.795764257268375852e-01,3.031542517047965957e-01,7.769364479146030344e-01,1.690881861634690453e-01,3.924247508691303676e-01,1.694937117534920934e-01
6.542793572245485245e-03,8.111278386289244580e-01,5.690382845870398665e-01,3.414032716446789295e-01,7.529824150287192097e-01,2.719196477908779053e-01,5.047088690711873937e-01,1.681919549297588024e-01
2.796916976321658921e-05,9.292880393505501546e-01,7.244322463636165832e-01,3.412491683448050650e-01,8.195019501008520280e-01,5.063515407721208561e-02,8.637964473203196825e-02,1.709203948480975954e-01
3.708247715743294079e-03,8.105934863619376207e-01,5.810642575751969741e-01,3.315907304430087965e-01,7.491373203266890046e-01,2.357789940508047688e-01,3.495532257101122697e-01,1.697881426798813764e-01
3.817340301956764076e-03,7.973137599673043585e-01,5.324261709725790492e-01,3.121026326796988437e-01,7.775237330114630474e-01,2.166143863144309178e-01,4.062863692800611215e-01,1.687045299493143136e-01
5.377695987317086639e-03,7.909662213849462109e-01,6.545004112094086057e-01,3.002380210427094132e-01,8.023767083905892772e-01,3.608330493486364698e-01,8.279134106458441167e-02,1.698505718533255826e-01
5.211213994623897262e-03,8.607687082027795089e-01,7.243413631366393268e-01,3.163928223576266685e-01,7.837576726589832177e-01,2.145313073941611248e-01,8.654769229504477579e-02,1.709578720099124149e-01
6.373809379201350253e-03,8.851789149927531408e-01,6.670700214613242141e-01,3.476464527583125186e-01,7.384223668147650299e-01,2.237942628130641376e-01,2.934746878548569748e-01,1.692770248803798228e-01
2.178614197182843562e-03,9.541233762285442621e-01,6.963958365481159873e-01,3.565398402211981121e-01,7.961719885517768436e-01,2.367236669208216959e-02,2.323721066206341779e-01,1.704392660404239201e-01
9.912204472699463753e-03,8.460651165577280919e-01,9.018832088747856801e-01,3.123755238767961240e-01,6.946696828667323631e-01,4.049610411001232091e-01,8.674313999904729178e-01,1.669655638951298426e-01
8.914596829700473582e-03,9.300494010464246397e-01,4.958947592497719437e-01,3.477437562456780484e-01,7.250936081245845655e-01,9.531402477295006226e-02,5.437161481995607115e-01,1.687934382284998758e-01
5.143164741261835315e-04,8.777475307504990498e-01,7.699497330915476834e-01,3.326385843976173984e-01,7.165664393545150279e-01,1.396208803373243101e-01,6.801644965283109023e-01,1.683980951980732221e-01
5.989542290180305609e-03,8.913462611048986739e-01,6.937317680702137501e-01,3.379161476108422657e-01,6.898816206786400063e-01,2.177136351830045446e-01,8.420959908668190774e-01,1.666573865124511833e-01
1.532664924844331748e-03,8.838797379942088250e-01,5.004499319554339687e-01,3.907422582511822506e-01,7.232225729981238693e-01,6.852285501708044180e-02,5.762069435626124836e-01,1.687002572518097598e-01
1.299846120977296224e-02,9.789719129427703059e-01,5.932661906828654574e-01,3.134927299356991548e-01,7.885214113792016200e-01,6.611858636563028302e-02,1.427691848621211457e-01,1.709508502490717508e-01
5.252854029259611604e-03,8.675854482226517117e-01,5.241679538518244641e-01,3.111189424117107860e-01,7.994058316700674016e-01,9.092661923218925413e-02,4.100615334403829304e-01,1.690325094875870238e-01
1.328959903048319673e-02,8.406467731018336664e-01,5.064674042682831834e-01,3.756058705176950618e-01,7.243963623970064436e-01,3.077953636811104898e-01,3.640594306550086756e-01,1.685258391657717680e-01
1.178583385916930591e-02,8.683154993226057661e-01,4.958614084995173199e-01,2.946383621674485420e-01,7.868291017788807684e-01,2.030031516115527179e-01,1.559710128185222144e-01,1.699713197634125095e-01
1.074955020812470678e-02,8.811729074710575871e-01,9.026178933221505885e-01,3.023231730649134641e-01,7.856914875139268117e-01,3.422014018595063156e-01,1.512979575827582135e-01,1.701535450701786856e-01
6.125436356058003989e-03,8.349525338973941002e-01,3.676598452849892951e-01,3.230351066473604038e-01,8.101174639919979104e-01,1.145353088115284856e-01,3.582556775083238221e-01,1.690933240140145843e-01
5.419014315264256317e-03,7.908087033043894598e-01,7.554732422283929605e-01,2.981726807326126605e-01,8.101200777367052464e-01,3.349759660575505893e-01,2.542095717658161558e-01,1.695775442210606665e-01
5.010457572545824398e-03,8.225261314794723999e-01,5.917492494572869077e-01,3.183833559165225591e-01,7.714179873137507748e-01,2.370197862428460589e-01,1.921966805453520222e-01,1.700344553913386014e-01
1.043605732765975382e-02,9.193881234833375382e-01,6.620521285480893692e-01,3.804251633900794238e-01,7.474487382804204660e-01,2.673802019782202111e-01,3.104704595407981049e-02,1.702854373330242865e-01
2.896663304699769598e-04,8.076895842149816040e-01,6.301467964060079030e-01,3.650590970681271141e-01,7.477473226925457350e-01,3.229479344794661810e-01,1.295734409276518284e-01,1.698574230339213453e-01
1.763855390686030339e-03,8.643266411844100494e-01,5.834193778599333635e-01,3.151663423195603109e-01,8.650588758176869231e-01,7.413694228522416108e-02,1.919628055650859089e-01,1.702751546729465160e-01
1.402009183590012878e-02,9.320694925113549578e-01,5.244055366602992097e-01,3.611539779145995777e-01,7.493388417483742847e-01,1.798907211294309694e-01,1.861197125242946282e-01,1.697167551174466327e-01
1.266775658460149272e-02,9.263753110606475216e-01,4.113520891988514672e-01,3.829687216079870060e-01,7.369579322821278033e-01,1.189887840606323743e-01,4.662307797600285797e-01,1.687290820804272784e-01
1.360683436353865398e-02,8.319550798961767857e-01,5.909674691943921365e-01,2.822118988871460399e-01,8.409533693279376276e-01,2.241360522809374145e-01,1.551949561942212452e-01,1.700298333490788127e-01
6.427551069435358602e-03,7.994167540978347475e-01,4.749767886419529184e-01,3.014319861388399246e-01,8.235056849717001803e-01,1.452021513831175392e-01,3.616503290028752482e-01,1.693853484745099225e-01
1.327917587647476846e-02,8.680337313721881998e-01,5.261483975256447954e-01,2.752533626736354266e-01,8.464808314287786128e-01,1.562500896686603857e-01,2.296041448723665501e-01,1.696679466101562173e-01
9.845205552057666176e-03,8.382338325015427083e-01,6.851127233139533423e-01,3.371975894408499874e-01,6.861716633204369975e-01,3.125874282607126742e-01,8.435467471115529747e-01,1.665815003640366554e-01
2.800200147654965596e-03,7.965035399735114208e-01,6.611577753014546976e-01,2.074549039135390183e-01,8.812550612617251478e-01,1.989069544499071918e-01,3.163721614355252676e-02,1.708856924936154598e-01
1.445157114593170755e-02,8.353710559355522758e-01,5.291047520893329414e-01,3.447095018189612614e-01,8.029560901812119456e-01,3.099477576399957135e-01,9.392285967469549135e-02,1.697861257207189112e-01
1.647406518978353912e-03,7.874319281850026275e-01,6.565371720477751749e-01,3.542536274128589846e-01,8.435682028956892342e-01,2.490088396850619612e-01,3.791839601162244611e-02,1.706683227582167506e-01
1.593274091668843949e-03,9.156618157009042136e-01,5.842568083030217352e-01,3.368684379200764800e-01,7.362314162442170629e-01,4.680926203758831172e-02,6.437938906267858252e-01,1.681001148579082671e-01
1.803734563682032888e-03,6.758038446497235396e-01,7.361715397800596694e-01,2.796565909112297410e-01,7.391268252629691338e-01,5.013896192647970818e-01,9.891446571066819793e-01,1.653265670974364832e-01
5.247596317936406574e-03,7.833341611377102609e-01,6.251600089125443072e-01,3.107758794303074334e-01,8.057120339031245138e-01,3.176059655114755187e-01,2.573676476282068526e-01,1.691096859525178242e-01
2.023918644893824524e-03,7.672455537424900385e-01,8.522523406201552021e-01,2.685372799176229397e-01,8.556521081858433631e-01,3.337064230500055850e-01,6.233556621128566455e-04,1.711172421880485239e-01
2.090847856600299218e-03,8.410551944416215786e-01,5.977140631068406096e-01,2.518001677953035644e-01,8.650439879011069255e-01,1.345528600970425370e-01,1.308448109617565969e-02,1.709879389193176003e-01
1.137222010734649860e-02,8.809374757160546299e-01,4.537024515592796292e-01,3.160908031116949068e-01,7.801325358256662179e-01,1.010956742524770080e-01,4.502906767065695814e-01,1.693358764636926361e-01
4.320675128488998470e-03,8.857094933024272088e-01,7.063778286377865312e-01,3.453647077692292844e-01,6.903189341501643206e-01,1.914666571058371569e-01,7.267704911561901904e-01,1.676951147660634134e-01
6.276902913533360939e-03,7.866736067814181776e-01,7.640371647088692875e-01,3.005402561565741482e-01,8.455388940927563990e-01,3.952882983539882655e-01,5.397547603688679363e-02,1.698278886684005395e-01
3.338743400427187855e-03,8.475277712124256180e-01,5.171272811306604211e-01,3.834225954272581505e-01,7.233348858205663756e-01,1.867967477872853332e-01,4.887182555571783493e-01,1.686747190960304066e-01
7.613249439194559945e-03,8.100704587011298141e-01,8.464886602095624824e-01,2.966387603920251359e-01,7.219742154464539041e-01,4.099672968349057367e-01,8.807246061934621562e-01,1.663341220197706305e-01
5.229193400189512640e-03,8.457654809586244715e-01,4.950887414679558396e-01,4.160776455561165932e-01,7.215411399639766188e-01,2.034320028472643704e-01,3.923102873487482878e-01,1.693957521860147697e-01
1.016447107921729202e-02,8.257175369824257816e-01,5.434376094560667836e-01,3.495694233733823153e-01,7.359164226451951896e-01,2.833784951607931091e-01,3.326246653599798653e-01,1.691254797083117378e-01
1.782277405756965867e-03,7.175144042859213922e-01,5.730105093023061258e-01,3.070417862940812981e-01,7.808024341313454242e-01,3.281391002498657561e-01,4.673604626191750766e-01,1.683530733149217196e-01
8.556866651447043656e-03,8.448389470320789574e-01,5.442528789760595620e-01,2.794235626147711371e-01,8.702710129016426599e-01,1.914317840619715883e-01,9.624581983714158850e-02,1.700278872846530398e-01
4.063110508775995278e-03,8.343474231993536216e-01,5.909374991979685632e-01,3.925452878645775967e-01,7.060594159952601201e-01,2.365131313881593256e-01,5.185345308462877556e-01,1.687660361857154234e-01
2.747625874456947025e-03,7.144222069776896555e-01,6.540765484357703441e-01,2.599094453775213642e-01,8.357859874032403935e-01,3.703179765578265004e-01,1.953233803805094759e-01,1.697043757811623199e-01
1.485917512545038496e-02,8.792929357949157421e-01,5.767178988226493441e-01,3.581709739126807124e-01,6.910317064202180504e-01,2.837953356785366532e-01,6.301121855153200002e-01,1.677164782639249396e-01
2.852471518741237638e-02,9.105366033192474617e-01,5.645094026878819671e-01,3.225021484415049877e-01,7.375906814117372257e-01,3.844413640872102467e-01,3.455504463480729704e-02,1.703488407499141877e-01
1.720950350021095004e-02,8.591884919467840387e-01,4.242098815559312008e-01,2.758810711307353447e-01,8.183129103915889324e-01,1.901550867086774510e-01,1.494336854013880167e-01,1.700525292275708589e-01
6.887827662101270523e-03,8.720616398662099922e-01,6.796559699737028115e-01,3.152221812824412828e-01,7.666733487281615078e-01,2.498939475602176552e-01,1.647097951575411390e-01,1.699352529465337769e-01
2.187899771161759890e-02,9.606747605677293800e-01,5.794295587039057782e-01,2.672362676725908992e-01,7.846535659801522344e-01,1.714933973358020447e-01,2.115634785402443763e-01,1.700511599491415227e-01
2.194116813386523535e-02,9.099344853475331840e-01,6.494703877093025435e-01,3.267443229917087466e-01,7.512399833844946029e-01,3.750303534395758032e-01,8.047814371630218622e-02,1.698008096217948071e-01
4.179945788639378643e-03,9.090352985508669548e-01,7.845931176514114869e-01,3.165688483235110651e-01,7.728345990583177505e-01,2.016507476624451178e-01,1.525608296148659448e-01,1.701892128208400412e-01
1.401210556325069301e-03,7.810850413447987250e-01,4.057390336095147987e-01,3.761279226140663012e-01,8.089184178820048032e-01,2.018022850318823558e-01,2.616850882301377523e-01,1.690275688789724950e-01
1.087709208353342463e-03,8.155818956791354157e-01,8.938628652218205684e-01,3.433710503541317349e-01,7.588902427440636922e-01,4.192194624329381725e-01,1.674237771765439142e-01,1.699817765048813878e-01
1.199669205441527067e-03,9.191199167334713760e-01,5.823336428910316220e-01,3.118224395574632490e-01,7.575276127180377017e-01,4.360968264069037259e-02,4.569035327061745644e-01,1.695255960645366544e-01
1.183160352440550470e-02,7.461484768153588965e-01,4.920295574829184337e-01,2.741825342997180059e-01,8.215296480014603331e-01,3.057676291048475603e-01,2.075134222037841591e-01,1.698205216730819811e-01
1.724907662869139616e-02,8.497270147594436773e-01,5.179277881204102929e-01,3.529806304835364505e-01,7.357823819030947510e-01,3.288904939746060130e-01,1.672402024242798657e-01,1.699682731140187697e-01
1.061542371488485501e-02,8.963849530361568396e-01,6.302833667727820721e-01,3.355479619363803123e-01,7.406712285862899758e-01,2.267617076086260730e-01,3.613774690035229664e-01,1.689062004583089527e-01
1.181509550760669047e-02,8.891472180255507451e-01,7.500893607973053712e-01,2.765623018247816423e-01,8.192042153963022821e-01,2.486646799122777529e-01,7.813369506752321225e-03,1.707485351352387160e-01
1.336251784951459839e-03,8.686646252667170609e-01,6.936475129539680928e-01,2.839836259972299271e-01,8.170438613911790160e-01,1.288487372216006455e-01,3.436122428561158015e-01,1.692793167240202734e-01
7.568197948692737681e-03,8.483647765435268218e-01,4.984387703891478560e-01,3.108822829530384357e-01,8.169356800251315054e-01,1.885028291240983256e-01,1.860800377836600017e-01,1.693373405406568832e-01
8.075866282290270273e-03,8.343258865312638273e-01,7.165377971534072632e-01,3.671804905474458369e-01,7.531316228058176909e-01,3.584921958762394278e-01,3.192627282212138762e-01,1.688507837387637489e-01
8.116399529199711665e-03,8.044783457556904382e-01,4.139288341326369247e-01,3.487038512599184292e-01,8.047248327354586950e-01,2.147098119977180475e-01,3.005249404465624163e-01,1.688826246778100948e-01
6.936026779448695341e-03,7.916253029158020205e-01,5.491402252631341074e-01,2.574572228267970608e-01,8.561665689306930949e-01,2.391750091852692939e-01,7.956592021104341717e-02,1.704894394445850558e-01
1.015976969961714105e-02,8.477876136732074297e-01,7.742577852155392293e-01,3.208263225169671329e-01,7.624090556765512616e-01,3.348758111416669792e-01,2.278145714167913449e-01,1.696777992141011715e-01
7.966767246961777016e-04,6.932022995843902802e-01,4.413150828194271069e-01,3.862794515637462123e-01,7.597682826542341283e-01,3.395507889443518668e-01,4.980858460244071972e-01,1.679535791137955758e-01
8.564713183311275721e-03,8.061104775784480037e-01,7.940313815376089934e-01,3.577124215659278628e-01,7.692056991579158121e-01,4.862089977581042222e-01,7.229503437445855552e-02,1.699848590932416248e-01
6.391361856193701792e-03,7.201652491572065884e-01,4.313944765880627918e-01,3.893621507677526017e-01,7.587022963014203869e-01,3.306846131130319333e-01,3.517393398198149224e-01,1.688656676101029375e-01
2.297051015473974139e-04,8.656797423876606556e-01,6.060916192799824520e-01,3.394028377947483910e-01,8.105670555815445155e-01,1.593905003137378040e-01,2.397924983203693905e-01,1.691968338386558302e-01
4.723525904299103600e-03,7.376781855327743109e-01,6.575431946784103809e-01,2.823726407879834643e-01,8.173818169647492082e-01,3.966969265344892914e-01,1.321423701909575643e-01,1.699978959082491525e-01
7.644423476389460015e-04,7.652123270009987266e-01,6.310631797535859455e-01,2.666935972209806271e-01,8.355704739868438091e-01,2.566107296452488362e-01,5.343810769779017145e-02,1.711386173327813787e-01
4.569620622723188919e-03,8.178233031513886253e-01,8.541623317171409546e-01,2.956426574116940431e-01,7.354464176246603424e-01,2.794079755385083796e-01,9.106620573342429914e-01,1.668117007524911044e-01
1.766517986590996486e-02,7.337549283234849895e-01,6.984594182345572611e-01,3.586484386901139243e-01,6.732047606343012358e-01,6.367304101354396284e-01,9.758926721064886678e-01,1.653592629623236998e-01
2.523757242363177875e-03,6.612874259588998882e-01,4.023463445531769711e-01,3.443139675031947067e-01,8.074831617716113907e-01,2.818384881833117528e-01,5.754141607496270350e-01,1.677275160380102548e-01
1.030424691820049608e-02,8.571326521933141374e-01,6.211570520243904214e-01,3.073061470854920318e-01,6.907544008151897952e-01,2.139776219907678356e-01,9.971064681042445255e-01,1.662957090532835025e-01
3.958031434763368411e-03,9.201797444487469502e-01,4.927090808590036675e-01,3.612615757439228137e-01,7.688246292105560542e-01,6.507687425995245523e-02,2.485852529939805433e-01,1.704693489987803290e-01
1.129819980523796494e-03,7.979382795884893964e-01,7.488662223497262183e-01,3.320668427825931301e-01,7.672594434941588659e-01,2.940646567701110103e-01,2.901524061694698564e-01,1.695709492606987667e-01
9.191447797930608898e-03,7.446027575552611744e-01,5.751533608913168560e-01,3.196217685178655010e-01,7.193876330435193811e-01,3.826234574984196946e-01,9.504196526742441087e-01,1.653451812939177035e-01
8.111249620186684189e-03,8.112145617563482070e-01,6.005952782212202745e-01,3.269816422791069765e-01,6.986430468455909759e-01,2.790500263584680951e-01,8.672810565255955062e-01,1.666261295445833901e-01
8.494480412074940576e-03,8.252005251491897342e-01,7.478971939593010987e-01,3.145630393355304255e-01,8.137993409474896245e-01,3.236421208143123729e-01,1.380561446064959563e-01,1.698321153327174704e-01
9.137765821645011527e-03,7.980281274988241247e-01,5.924156437131581354e-01,3.613616428292036886e-01,6.965905439525950094e-01,3.027852239945690305e-01,8.969511022312095516e-01,1.662403871291243118e-01
3.040766895620449634e-03,7.198622891982309202e-01,5.919371075698680595e-01,3.443434730250777287e-01,7.921646048460957434e-01,3.817533456763180233e-01,3.256784204984912723e-01,1.687981396344433727e-01
1.126348534396335276e-02,9.284101169603569126e-01,5.116995435902463862e-01,3.697922836314901374e-01,7.056627272504637505e-01,1.833793293058932627e-01,4.243958924461303517e-01,1.690414920791138975e-01
3.074833239264112769e-03,7.057444803858781146e-01,6.708858554682654018e-01,3.952126668891793315e-01,6.783677128481695462e-01,5.294412731608428846e-01,9.125691555588677506e-01,1.655441608024608713e-01
8.685716873040904770e-03,8.030205306567579360e-01,6.663919424289104221e-01,3.399048465208029390e-01,6.807402258976296139e-01,3.931833626750356192e-01,9.693109256979938193e-01,1.655423582937443627e-01
1.482390540427010531e-02,7.999240641541081054e-01,6.424003403321302264e-01,2.339997603762209444e-01,8.454171153025072938e-01,3.527417951624515768e-01,1.172659527211618036e-01,1.697807371260875442e-01
2.393856664135315081e-03,7.832544700468138110e-01,6.036601147404243584e-01,3.500373206698689788e-01,7.696995982709115003e-01,2.948840547631329523e-01,3.543484409252107281e-01,1.688757585423354413e-01
1.108965579416607873e-02,7.220037885006096445e-01,5.804036430972683291e-01,3.246900110613087365e-01,8.094395054387670818e-01,4.617692654891507043e-01,1.838494040371288774e-01,1.691139513679776052e-01
8.104685527081757074e-03,8.981480511721419147e-01,5.551511600771847910e-01,3.844860326220689850e-01,7.028380887234280117e-01,2.045377772358310808e-01,4.529111093146417355e-01,1.689900135740059206e-01
2.179950354072992397e-02,9.496496605535764690e-01,8.192511629745753421e-01,2.852559234307028846e-01,6.799880537911818790e-01,3.160240297489808059e-01,8.683255445787404492e-01,1.671679133015142038e-01
9.214110736787049089e-03,9.400559450632944847e-01,4.648457742923944869e-01,2.894034574360412893e-01,7.944984864016241266e-01,2.475346176658022035e-02,2.832141272804163390e-01,1.704258799468078289e-01
5.900877274121619186e-03,8.041807011585039300e-01,6.432783834861410810e-01,2.735389499854693485e-01,8.271025578295972958e-01,2.878401935247912879e-01,1.540831613988338233e-01,1.693883670969063282e-01
2.142182939134094563e-02,9.588161869267610715e-01,5.176697035880629683e-01,3.405723166554835424e-01,7.367289741567190076e-01,1.836154563755109104e-01,2.147638164327686783e-01,1.703310712068519250e-01
2.206802749530904252e-03,8.942272601105344387e-01,5.089727728114089578e-01,3.331714774527826384e-01,8.474212461709971222e-01,5.032066847038635382e-02,2.513403800867954341e-01,1.697916349640511968e-01
1.449947935414755071e-02,9.590296411034952007e-01,7.048014129346227286e-01,3.253731878754554385e-01,6.943227574578468841e-01,1.814167019123221203e-01,6.859394199804840220e-01,1.679129999579193067e-01
4.386781927417033981e-03,8.538004878308909085e-01,3.674706583789194569e-01,2.962844280037510991e-01,7.857785182474769092e-01,6.009811591849123502e-02,5.169666713315895779e-01,1.690038970212039138e-01
1.679782423705884764e-02,8.140016172540596173e-01,7.253065258126755177e-01,2.647257399124841037e-01,8.203624161489249111e-01,4.443134058128500596e-01,3.944043265597557690e-02,1.698442634329296319e-01
2.426898565857926737e-04,8.214941494211799311e-01,6.300498228269278966e-01,4.160583903413762052e-01,7.080698113528159920e-01,2.731418904751446441e-01,5.533425885342569961e-01,1.680821416875316332e-01
1.680462723269391528e-02,9.515327405988790455e-01,4.774124006025884381e-01,3.754730368862763679e-01,7.091671470797482613e-01,1.449931093690890460e-01,3.484608295635642783e-01,1.697425955287615584e-01
5.614535660648642054e-03,7.492741152891602141e-01,5.430908863050311064e-01,3.796997102557725379e-01,7.344933245673637146e-01,3.467493419703053803e-01,5.607815477627338119e-01,1.678240770258860315e-01
4.726458003112982316e-03,9.115941542169067047e-01,5.323318360477522493e-01,3.177331163111660195e-01,7.430814174515507631e-01,4.334331061646262695e-02,5.389026924172020117e-01,1.693680631277286186e-01
1.637105925162245235e-03,8.070170831524597910e-01,5.541960860551450319e-01,2.802073645789394662e-01,8.116092874556870562e-01,2.164920638679049547e-01,1.933304752533687165e-01,1.699359868902964865e-01
5.472909852140446507e-04,6.597883864084796990e-01,5.240093230289970538e-01,3.232700734852256286e-01,8.302018967092787971e-01,3.486588213437453732e-01,3.054721495781877461e-01,1.691436222335398476e-01
1.465401240633193783e-03,7.533345238969660906e-01,3.680591504049240403e-01,3.614791104357969465e-01,8.114055529564232483e-01,1.734690637181244000e-01,3.827017852461051528e-01,1.688783815894607243e-01
3.100189989096132845e-03,8.962231460729419563e-01,5.049959428908143977e-01,3.279548819679497518e-01,7.496498856199586003e-01,3.602040111605692152e-02,4.900829970571474181e-01,1.695689952550594737e-01
5.826248587820972470e-03,8.467093607175876224e-01,7.553251832498472096e-01,3.021893169356668074e-01,8.499018920085189555e-01,2.045871472956215797e-01,4.978455221114952423e-02,1.705593436486639580e-01
9.943863618356975700e-03,8.373459488600966116e-01,5.597117566042836279e-01,3.685882888108724664e-01,7.599560546017911644e-01,2.972690552884288961e-01,2.013829687172452032e-01,1.693432537316812980e-01
6.873761549954365835e-04,7.739218016313609283e-01,7.637654477061422975e-01,3.538137885555889817e-01,6.897319096072496158e-01,3.982417986444894420e-01,8.522651782603980486e-01,1.665804600229915111e-01
8.288861587029888039e-03,7.429467976175966326e-01,5.550206310696853551e-01,3.221540535787925652e-01,8.099317648458730368e-01,3.405106496614908607e-01,1.650452707190924739e-02,1.709941031054889038e-01
2.130916065081175752e-03,8.172283392073633745e-01,5.758628361026790765e-01,4.223035201715164000e-01,7.014899175903678286e-01,2.848019931298581553e-01,3.580002445999224681e-01,1.691319102445195954e-01
1.901495918961859655e-02,8.861810800322743598e-01,6.018870438425101277e-01,3.404730000343127450e-01,7.835205827277984536e-01,3.385900286813754989e-01,1.923568795308522317e-02,1.700488123485058289e-01
1.507230407674260697e-05,7.571100695562416050e-01,5.470630402899692157e-01,4.233281424608490440e-01,7.760207252641927456e-01,3.115670515309657551e-01,1.911146491097044930e-01,1.693556230029889531e-01
1.218829761954728225e-02,7.676181747532407895e-01,7.038064349643367024e-01,2.740452210611000194e-01,8.432092426761617077e-01,4.224947279085105034e-01,7.684610387005236243e-02,1.697903176672601877e-01
1.229463365198570773e-02,9.450742456803058467e-01,5.436449666175496853e-01,3.271227930515873683e-01,7.700898849657799028e-01,1.172345605240943389e-01,3.407537348300911928e-01,1.691216481718157971e-01
1.046879711141715866e-02,9.061798875711736256e-01,6.624721642737801952e-01,2.956123643792918920e-01,7.890584039123579307e-01,2.140180656823368888e-01,8.660815809311761537e-02,1.700643777355172193e-01
1.206687778101405567e-02,7.116602162667523546e-01,6.165963146824444685e-01,2.900629864682685022e-01,8.184241766293218756e-01,5.047542534323127272e-01,2.897950639484714319e-02,1.702255404421033902e-01
2.243492360673307769e-03,8.544468403965831405e-01,4.984503788732514984e-01,3.158964899402059712e-01,7.777191479946959918e-01,1.358001201700239080e-01,2.753194354607922945e-01,1.701856847386902238e-01
8.572679604710859227e-03,9.179677998179374132e-01,5.836265844718014906e-01,3.319438378100769693e-01,7.352728370134095082e-01,1.192711180501093426e-01,4.875351108581869042e-01,1.687150330680094457e-01
7.315834278397694013e-03,7.377980327540202277e-01,5.831996126198200070e-01,3.737199692992606570e-01,7.517902078728576631e-01,4.640381751714612868e-01,1.099658279893367396e-01,1.697985806979674106e-01
2.812491829239788244e-05,7.729350920933838465e-01,6.778412252471998078e-01,2.992585483754354736e-01,8.031338183158779342e-01,3.118054740380383771e-01,9.714096763801266521e-02,1.704441011150665541e-01
8.935336698870834787e-04,8.495831411621662665e-01,6.783237373483148591e-01,4.179697797394042458e-01,6.991097653357671859e-01,2.590781311526779707e-01,5.608642234607714716e-01,1.680584679795324166e-01
1.046896991075794286e-02,7.931991145255907760e-01,6.656580436351743346e-01,2.798488505177890162e-01,8.641837759344598302e-01,3.101779182198104445e-01,1.080781649424866486e-01,1.697404332525258297e-01
6.503428367005501844e-03,8.043392627643524140e-01,6.004888684735454341e-01,3.653075013738815713e-01,8.182174934851155212e-01,2.757091614463026974e-01,9.201060894061063866e-02,1.698234856313810826e-01
7.657564741601935628e-03,8.581367289937887888e-01,4.482891797273363954e-01,3.728864331061828574e-01,7.997529863354343460e-01,1.632704783057492282e-01,2.475471227691216081e-01,1.694559309567320593e-01
2.814912058858904872e-03,7.488760576060221608e-01,6.474978535428437265e-01,2.870691993249392393e-01,8.451206889126140487e-01,3.460704878511731142e-01,2.045260543172700285e-01,1.693372358761850438e-01
1.248305685895401314e-02,8.858960561750965912e-01,6.259446927730663024e-01,2.900559728269885840e-01,7.763187434167818646e-01,1.840380343482136971e-01,2.783933640025170186e-01,1.700893969076374690e-01
9.882733731408709088e-03,8.741039587539812805e-01,5.980799561697660582e-01,2.846629659480107155e-01,8.523452595269196408e-01,1.487252763878963990e-01,3.954050677094017585e-02,1.707258495630947226e-01
1.106166369668944854e-02,7.397985205607143788e-01,7.289407543628031450e-01,3.295585457801296081e-01,6.841839899170869543e-01,5.482733997821482852e-01,9.786054222380685674e-01,1.654361843920401642e-01
1.437064006319063378e-03,8.280014391344667768e-01,7.075438342208600906e-01,3.616734119036542627e-01,7.104275963755314338e-01,2.836058736544198600e-01,8.157347125317589986e-01,1.662153721842070386e-01
3.547149370244272182e-03,7.444671717473577699e-01,4.403921665412050546e-01,2.658325145559710112e-01,8.807723969325944591e-01,2.169055334157365955e-01,1.822349298982895438e-01,1.695534436860174077e-01
1.030623490584463807e-02,8.403462374891970121e-01,6.159854934989010822e-01,3.528680518011360623e-01,7.719677259954202952e-01,3.159858091944898195e-01,9.264943301812295084e-02,1.701486383095636989e-01
3.045505206730618301e-03,8.459861295184331054e-01,4.117334581832269302e-01,3.120779131335025824e-01,8.248913487365661101e-01,6.336968910489693130e-02,2.938738566093355153e-01,1.703282393077850954e-01
2.544849740963047065e-03,8.586500790154084628e-01,4.168427053872388321e-01,3.090937832900681470e-01,7.446549805855131599e-01,5.932456944078351446e-02,6.077749365655265024e-01,1.688037363740627350e-01
1.537695870910024687e-02,9.664946615110514561e-01,5.733604506276612778e-01,3.543639036517702290e-01,7.340711334195035853e-01,1.700976119337794246e-01,1.297707234265316201e-01,1.708057558815801735e-01
4.638039956029186422e-03,8.188201218446471419e-01,7.408519725912217080e-01,2.728550547706040108e-01,8.512766288793855995e-01,2.298492630328462516e-01,9.553978448439126581e-02,1.706969351373383570e-01
1.725671252070221789e-02,8.635026157299864336e-01,7.031305208302367493e-01,2.594181528608501264e-01,8.196641237606917541e-01,3.386203017520080238e-01,2.526136674700668605e-02,1.702840088450411904e-01
1.086552960853242461e-02,8.020634676675002517e-01,5.815522144208861155e-01,2.584939596355420033e-01,8.653646514973540871e-01,3.026546540559602039e-01,4.055522044688947281e-02,1.698074802751763923e-01
2.050654177473912668e-02,9.995695674094813299e-01,6.633927437693911688e-01,3.487771824461423087e-01,7.389390134170006341e-01,2.078900529538794950e-01,1.114337679957118632e-01,1.702837061136576458e-01
3.751682566507924012e-03,8.979705414255579887e-01,6.051580388923701870e-01,3.415430839369632543e-01,7.419484386832937428e-01,1.839407256076887875e-01,2.268151013009860328e-01,1.698703483832770811e-01
4.351219993330390085e-03,9.118562446567635149e-01,7.764789801390691304e-01,3.399116896782207187e-01,7.225202752547716933e-01,1.934588648827995916e-01,5.189615719408979810e-01,1.684141207642553539e-01
2.399325572136947610e-02,9.671694852901545625e-01,6.422829988566857162e-01,3.593650998488851500e-01,6.899569059208988664e-01,3.283936926800363754e-01,2.799456161823270506e-01,1.694097531665824385e-01
2.100423428880125558e-03,8.855602531925397258e-01,5.189853798048050804e-01,3.098938787595119093e-01,7.754707627305591489e-01,3.680801731197849702e-02,4.393588905991623883e-01,1.695201082512377000e-01
4.416394798708497479e-03,8.260851339346990674e-01,6.361344415109997374e-01,3.495692148096297136e-01,7.482834219583944790e-01,2.857510617853658563e-01,3.364544571832921438e-01,1.693022110899736477e-01
5.442348587117628450e-03,8.640815948653669532e-01,6.987414159679535830e-01,3.682792817273987662e-01,7.194174801434867206e-01,2.876602039342009975e-01,3.366200314895046453e-01,1.692953512446295217e-01
1.802073179047726514e-02,8.349101811411858698e-01,5.308927193922056142e-01,2.740758668115361174e-01,7.879646905132651202e-01,2.971646330423149962e-01,1.670010976105037181e-01,1.700321323206347157e-01
7.113167442839292247e-03,7.835892406139827182e-01,6.496991150970578000e-01,3.597579449582600786e-01,7.591408322786165064e-01,3.722464565565162253e-01,2.714983384207130812e-01,1.690548287475018008e-01
4.637186129367345568e-03,9.073958929218201019e-01,6.677249088031776969e-01,3.074479103795967894e-01,7.687220194351919167e-01,1.453496266991674002e-01,3.359790130012705323e-01,1.691263754143519094e-01
1.885520165626963437e-03,7.419919692681306023e-01,3.389596794303907923e-01,3.664025873690806567e-01,7.612130182544966095e-01,1.884341694525253907e-01,6.683119869376354938e-01,1.675745746134722491e-01
6.267645946232726362e-04,9.320383046657699788e-01,4.918381606752175728e-01,3.536298954970675257e-01,7.738196303447476554e-01,2.839233888741587997e-02,2.846173347996190928e-01,1.698948393674453439e-01
7.921476670380060703e-03,8.044555881854296153e-01,6.964827444954128088e-01,2.641465099351083534e-01,8.169717866484743629e-01,2.808511358732524443e-01,1.610448999341246024e-01,1.701071743115898649e-01
1.485684734084012637e-02,9.252411729190582745e-01,5.380006812720271592e-01,3.514534216645991416e-01,7.281980423320609797e-01,2.358098146276470242e-01,1.346931381256314952e-01,1.703727583259556644e-01
1.302408285086599157e-02,7.608398841590058304e-01,5.720176459618321330e-01,3.177376893053410201e-01,8.095281808524756872e-01,4.091782269044063058e-01,1.661969042874308911e-01,1.692385958315297811e-01
5.812918072995919457e-03,9.092169504885301290e-01,5.172257231728712989e-01,3.193915934350166630e-01,8.280682185977057408e-01,5.844206417114694574e-02,1.095265988339411689e-01,1.709120045005896316e-01
1.612713313167457238e-02,9.028174822039392033e-01,4.417815151643135207e-01,3.435434185451770595e-01,7.449358738319495910e-01,1.841465214853435228e-01,3.100208505898763844e-01,1.692847818144773697e-01
2.172449372010632276e-03,7.961200381528115155e-01,6.778124880207148095e-01,2.316483194495441988e-01,8.786805992561605994e-01,2.000646337357938065e-01,9.794550689909381491e-02,1.706119060608652371e-01
1.339759198770141928e-02,9.039065705084833313e-01,6.860813280379279844e-01,3.358202117612694715e-01,7.557030429430241503e-01,3.308734864288261357e-01,7.209950753507926580e-02,1.700889820116257278e-01
6.609710090048327713e-03,9.064534940825775822e-01,5.449988478531385683e-01,3.636466867600181563e-01,7.378725790162888876e-01,1.434590687039548618e-01,3.460748606862197874e-01,1.694446569590565277e-01
6.288917488852935334e-03,7.295643968741521990e-01,7.298276019657612412e-01,2.714538921809932503e-01,8.038376854719389009e-01,4.802588871873387788e-01,3.148449178788648162e-03,1.707973180254000467e-01
3.737346720076778483e-03,8.804033133954446422e-01,7.857765612097173946e-01,3.967132123687039380e-01,7.396162510978189220e-01,2.745738849518182256e-01,1.879045355925181293e-01,1.700586173227208731e-01
1.673890951104686255e-03,7.936868752818134753e-01,6.965285899745756737e-01,2.972193174860011666e-01,8.195520919830313611e-01,3.145558209814730000e-01,1.089033323683018528e-01,1.700342414069417329e-01
6.526677278369873852e-03,9.212737654953072619e-01,6.739903515608890450e-01,3.605611334985264760e-01,8.116085154868604157e-01,1.232149612151550444e-01,3.689810533330151188e-02,1.710265852785181062e-01
6.361636464313411010e-04,9.147615182495346664e-01,6.092218321262632408e-01,4.009580172633311346e-01,7.048395219094288899e-01,1.330026882768370611e-01,5.152423865225606026e-01,1.685698507089982146e-01
2.407886329479250014e-03,6.551253386513931076e-01,3.084284383704095078e-01,3.482961872062942943e-01,7.959525324700487126e-01,2.318152781112235716e-01,6.062699265620383748e-01,1.680066025429239052e-01
1.519164589850554789e-02,8.061886915977616308e-01,5.511006267244242807e-01,3.729446304805052459e-01,7.400042136724562791e-01,3.774814698989540918e-01,1.458027404861813037e-01,1.701075735300719705e-01
1.624424155530104080e-02,8.543907906253456197e-01,4.653575450484493947e-01,3.169684414792129923e-01,7.704369020446004690e-01,2.133086115391608362e-01,2.515965151862556981e-01,1.698490075995278958e-01
1.876729095817928836e-03,8.271177589416350839e-01,3.804648262875400810e-01,3.477229202389664486e-01,7.543901760527870204e-01,1.096581743658250896e-01,6.595095991316101136e-01,1.678462398300993030e-01
1.749143862974404315e-02,8.801438521643774049e-01,5.355012466828266149e-01,3.010581785247739561e-01,8.196302511956365944e-01,2.260650267038134265e-01,1.334337041001336654e-01,1.699432694426802892e-01
2.536186736431586021e-03,8.235466860600677563e-01,6.008505648806667931e-01,3.298976226136687839e-01,7.429361297219497784e-01,2.400768062753217136e-01,3.129876385051194587e-01,1.697216478126619410e-01
8.627094455403086851e-03,8.208673361368773458e-01,4.923694553404483476e-01,3.062848415848781758e-01,7.958390095407296139e-01,1.988304737437843195e-01,2.362807716869715358e-01,1.700458377987300873e-01
5.992814668994463079e-04,8.292123960821154993e-01,4.571559443480346374e-01,3.133306318250949074e-01,7.984980174718243617e-01,1.096697689909201245e-01,4.526855196306114881e-01,1.689889941808351836e-01
9.199150288107554863e-03,8.275867836583437054e-01,6.240217547035286083e-01,2.954917606715628531e-01,8.167994862766940756e-01,3.167647069354324607e-01,7.062755366576550786e-02,1.696918370618077376e-01
2.666683537636084511e-03,6.753184540960324167e-01,4.902578795879373175e-01,3.416257939038013225e-01,8.241284144370457643e-01,3.438503131495873610e-01,2.051645395627818558e-01,1.696021412833892406e-01
3.587971989348747587e-03,7.155590792642064768e-01,6.060250405048114297e-01,3.535986573417911893e-01,7.201758194829642745e-01,4.094671253792691035e-01,8.629456345271018236e-01,1.659217878580986905e-01
7.315557388704197611e-04,7.715414277601768678e-01,7.312317566817182479e-01,2.488240258749047085e-01,8.451964696502327623e-01,3.121062333301266589e-01,5.083113034699621169e-02,1.706244266404838561e-01
7.266126677640764170e-03,9.232148835609251813e-01,6.770303219401538897e-01,3.028120020344341468e-01,8.215137515009669489e-01,9.789904851643427275e-02,1.331211332635648392e-01,1.704869004354755413e-01
9.480912760634618852e-04,8.164969171010562077e-01,6.043688708445522639e-01,3.532549941704909435e-01,8.120461800321466805e-01,2.253300034890578507e-01,7.651263993838658406e-02,1.702915901701602397e-01
1.389789425316097227e-04,7.363062305150714915e-01,4.239005384578835578e-01,3.376669771197698955e-01,7.350912305608632291e-01,1.576471042359928187e-01,9.831016132970877841e-01,1.662614347486981448e-01
1.179533347392913885e-03,8.816342043826269625e-01,6.615816805212063612e-01,3.390220480224139243e-01,7.559090531935637181e-01,8.443359787881773992e-02,6.202997266150884759e-01,1.681756715060166996e-01
5.461964576822644912e-03,9.023010249558360840e-01,7.537155052019430812e-01,2.824117075006846167e-01,8.347140740931641156e-01,1.638153668510899386e-01,5.452252941069257730e-02,1.707445076177509791e-01
1.489790135169044225e-02,8.088885992953041004e-01,7.037679142013104627e-01,3.575713650362895568e-01,6.583019426414522535e-01,4.562103602845541395e-01,9.570780527482113387e-01,1.659497560201806388e-01
4.963457293150434595e-03,8.946138622117008055e-01,4.996866520399495526e-01,3.153026587369403000e-01,8.536659032257595259e-01,5.802561245887993824e-02,8.527004066162091611e-02,1.708280748021848983e-01
1.332440126605459289e-02,7.934368167313614606e-01,8.636917207458394419e-01,2.439189990163945776e-01,7.422593514772023449e-01,4.413477564499364014e-01,9.241544450749240580e-01,1.663877473569051746e-01
1.535035689598940323e-02,8.762993623975022794e-01,6.337932135233432795e-01,3.202587191819189494e-01,7.923614717415067288e-01,3.084724144419717096e-01,7.346143906707058857e-02,1.703089550042123923e-01
9.457805123947657377e-04,6.628767582340437947e-01,7.746386502820312714e-01,3.228988742877617613e-01,7.463802113381081682e-01,5.748806790748370865e-01,9.648745832127080257e-01,1.651662079918359005e-01
6.480310791257458403e-03,7.244436901312131249e-01,6.691872870802607620e-01,3.163900240598805924e-01,8.477761874842693057e-01,4.400129457862869131e-01,1.038483533767857736e-01,1.694201635078884383e-01
4.189116709712380551e-03,7.210153693895464677e-01,5.912302063085289605e-01,3.525589688760389362e-01,7.877402370674158050e-01,4.582216767361531051e-01,9.419984057323582682e-02,1.695974417010016611e-01
1.607626119905746290e-02,8.932718049599204235e-01,7.547548190228688947e-01,3.601314462279294193e-01,7.558445384121799115e-01,3.777846780173412800e-01,8.487384625079363865e-02,1.699273055866719895e-01
4.493515244387696721e-03,8.623016316215689203e-01,6.128522403474281344e-01,3.658429183515367056e-01,6.864243782557631901e-01,1.820834657655534816e-01,9.117041251879034469e-01,1.664471155267106817e-01
3.001808368073347749e-03,7.694615975995646728e-01,4.787619531157329966e-01,3.135958479451474434e-01,8.202536285441959230e-01,2.418975689747448476e-01,2.109248192603380145e-01,1.697550279967399989e-01
6.167177317245695241e-03,8.947137862820969678e-01,5.517806190580806236e-01,4.121348497096392616e-01,7.481028829160389915e-01,2.134082852136872654e-01,2.434012734087665497e-01,1.691967394475769881e-01
2.333593496972997602e-03,7.599742626214442964e-01,6.801290721335133682e-01,3.801352701022980840e-01,7.582384983928756039e-01,4.355413933478821109e-01,2.632051784047123588e-01,1.690119637071634540e-01
7.885560458868210582e-03,9.657121061966880138e-01,4.944225417227021135e-01,3.803653024952600159e-01,7.384018869423581988e-01,7.284856448505194759e-02,4.357454165435462601e-01,1.688678800937142566e-01
1.420483429331885657e-02,8.953193301748338939e-01,5.935445390137504829e-01,2.909287363866050469e-01,8.218017812818232404e-01,1.828275510895318312e-01,1.568874577391053404e-01,1.702301538049541263e-01
1.946550562600284084e-03,7.168258807954008827e-01,4.241865934867511401e-01,3.606655870262169827e-01,7.438444972530150467e-01,2.468590893398381336e-01,5.961132666825005311e-01,1.680681684778527196e-01
6.796438167275974454e-03,8.703202735256014844e-01,7.296701945066347283e-01,3.730214956586982433e-01,7.213688364169560385e-01,2.831307054952051927e-01,3.882425356949326112e-01,1.692005312898561542e-01
3.306434818235191864e-03,9.168822526490392200e-01,5.357987835012419930e-01,2.933763716729069770e-01,8.723261312411256796e-01,2.846947923142345571e-02,7.629774430005487051e-02,1.706644674501290038e-01
8.793733710820940061e-03,9.824456932666972842e-01,6.347896660742381458e-01,4.090543964737717308e-01,6.939890930656660295e-01,1.140989098192366491e-01,4.460008838505504225e-01,1.690078308633744808e-01
5.474453044958288613e-03,7.553042878778957192e-01,5.575457367500418204e-01,2.286331869926490346e-01,8.992272801172797037e-01,2.751632533029899630e-01,4.023981168447821055e-04,1.706654979652656723e-01
1.641364757255449509e-03,8.031728526733108442e-01,7.497958130693043177e-01,4.003805624374672800e-01,7.297390299894451759e-01,3.978693890092473984e-01,3.241051291368541309e-01,1.688256759845375710e-01
6.534061642047566884e-03,8.865495521659763067e-01,5.427080129814730869e-01,3.090694115765669769e-01,8.549181993253597289e-01,1.249867606275778531e-01,3.289325452195862587e-02,1.708323094673366016e-01
5.564977315891991849e-03,8.068772857705398538e-01,6.838800909499009872e-01,3.754756323694208309e-01,6.959813508181373898e-01,3.548219535945326131e-01,8.075340084720643574e-01,1.662483696233041097e-01
8.969276143453660394e-03,8.350150388215622499e-01,5.931853983121418983e-01,3.261571544260591371e-01,7.874809382382738088e-01,2.563777171263804111e-01,7.302500265747796648e-02,1.704750151070166253e-01
8.740710991138791325e-04,8.250316574351680421e-01,8.926825889029144090e-01,2.861958779489278681e-01,8.060014531613507449e-01,2.763004640341207296e-01,1.208982944299480389e-01,1.708781541722780017e-01
4.405935239224078627e-03,9.441935441220351555e-01,6.584976278795235949e-01,4.100972461735988284e-01,6.920045486788570788e-01,1.619439740069489875e-01,3.418567396418962234e-01,1.696522590744177217e-01
9.685072133403159478e-03,9.468349299561733545e-01,5.008185159384648255e-01,3.892924513349333981e-01,6.918128159108858366e-01,1.237093326232583113e-01,4.352382420285246245e-01,1.692467520437463124e-01
3.306880455446137290e-03,7.995757819011828360e-01,4.195609682602725599e-01,3.411430429030635758e-01,7.706832687829345829e-01,1.610144604556112413e-01,6.013979238557762841e-01,1.676304737271260004e-01
9.533753995808833676e-04,8.698613052665375989e-01,7.889319927436894142e-01,3.705098657075642787e-01,7.460672405343077296e-01,2.727273505405362619e-01,1.212411633716407589e-01,1.702304172877475985e-01
2.510424601378694748e-02,9.402903503028808840e-01,5.756027403549592858e-01,3.266466152223843067e-01,7.801349289834027534e-01,2.896475211726399768e-01,2.186560047293789610e-02,1.704420170421953318e-01
2.569107094803648600e-03,8.770225025501031668e-01,6.391806655684324490e-01,3.302415891936090198e-01,7.851660453733866341e-01,1.107011424072388006e-01,3.010330828194580643e-01,1.697844465314901630e-01
1.599516629531002807e-02,8.449251967926181273e-01,7.810342647310858366e-01,3.219452710841778642e-01,6.800679818728287973e-01,4.034707636189810431e-01,9.173824266333844291e-01,1.665104285033849330e-01
6.307990804252074091e-03,8.377885132792421974e-01,3.969535465921839590e-01,4.103907759469039296e-01,6.911512012277345463e-01,1.823947303234906836e-01,5.417533876183304731e-01,1.686687869841728971e-01
1.005609617790377205e-02,8.982147648515541594e-01,4.480823759556710195e-01,4.232345052213244418e-01,7.028629217204167556e-01,1.854942718943053404e-01,3.956022533786859863e-01,1.690643712182496872e-01
7.602709424949157489e-03,8.224732746481805412e-01,3.836443257229955606e-01,3.571597233454408826e-01,7.782341300997070999e-01,1.717643911168883208e-01,3.992408766080346449e-01,1.688484449070402627e-01
1.393533517731647062e-02,9.529375049173637313e-01,5.593361042119796567e-01,3.477724652003774120e-01,7.202874837619458459e-01,1.676254258228333516e-01,3.608412937035806456e-01,1.693211027086956311e-01
1.491435981929066165e-02,9.080736946293784806e-01,6.741256377097839536e-01,3.362900417047021140e-01,7.756444609217557629e-01,2.527439833382716938e-01,1.571422530135591078e-02,1.709338846084233199e-01
3.775147982934027972e-03,9.465078123036131386e-01,7.251147597991758342e-01,3.464110763257211012e-01,7.944879953739334422e-01,7.422804269506200203e-02,2.775300593053039999e-01,1.695495350662991618e-01
2.860788926890411171e-03,8.389149249342782166e-01,4.759212244959297178e-01,3.006500304101913934e-01,8.406732658632515287e-01,1.090755139336213597e-01,1.233013742672981472e-01,1.705282466082500281e-01
2.277161095915287634e-03,8.699654243774033180e-01,5.087021944900737003e-01,4.461360713628417241e-01,6.843112711433383399e-01,1.923264781102930476e-01,4.531454492485313956e-01,1.691057522909532318e-01
1.743868462631369826e-03,7.058654778261349572e-01,4.930406597374380473e-01,3.782223379757953530e-01,8.015641597745787328e-01,3.281969436005649499e-01,2.960140992106010671e-01,1.688396896389944279e-01
1.167162782572242138e-02,8.837090953892464684e-01,5.331390590473271685e-01,3.249658564005113437e-01,7.590809542880665450e-01,1.622028563002590462e-01,3.495842701893621118e-01,1.693553377334794940e-01
4.910307425791109875e-03,8.007931749920067510e-01,5.974562302192824026e-01,3.422600798046498971e-01,7.534669896819258250e-01,3.207028914295112498e-01,1.460151836377751033e-01,1.702284929424826565e-01
6.638835437085334121e-03,8.280624203543606177e-01,5.725659457812823927e-01,3.479288121240397547e-01,8.135740630918344429e-01,2.573898984488998676e-01,1.440434429501327718e-01,1.699203035142071994e-01
4.151145120336974942e-03,9.715811246083753128e-01,5.106093955195879497e-01,3.460090091500901410e-01,7.935499418786675641e-01,1.996006706420172527e-02,2.366527028397534815e-01,1.699190284074630908e-01
5.269347965451228258e-03,6.793600546858700184e-01,5.600167827362719786e-01,3.069926386898625958e-01,8.193448581235545092e-01,4.110176609910843881e-01,2.295037132712836603e-01,1.693320652823967765e-01
2.543370635587894474e-03,9.282010918859463500e-01,6.669154726356752994e-01,3.023548368368882411e-01,7.627997651091253939e-01,3.285146332354799137e-02,5.094078497214822310e-01,1.692068266236000929e-01
1.957420740712590736e-03,7.988953932423018545e-01,6.546288448947521488e-01,3.239342144353183350e-01,7.701106104929544838e-01,2.823204894662160735e-01,4.897239486369684425e-01,1.679652891464196440e-01
2.137994608532352986e-02,9.259371302443657470e-01,5.266618115784220677e-01,2.680282146449491365e-01,8.101203861667117812e-01,1.969831718370070872e-01,1.408027137823167907e-01,1.701495308794238326e-01
4.567415664958560453e-03,8.540536915703875742e-01,4.581934324447964335e-01,4.184238760784718680e-01,6.796125386754013897e-01,1.855637547527805575e-01,6.436796948867272716e-01,1.681848083695638429e-01
3.196977935334596385e-03,8.408197927513856307e-01,7.255302095663880291e-01,3.211124783704996100e-01,7.855235788157677312e-01,2.495229765258671906e-01,2.557214099884623226e-01,1.694364168449218333e-01
5.652995761672562763e-03,8.421213000800347181e-01,7.041977627278150909e-01,3.833913992930643166e-01,7.498258503431920463e-01,3.790742698943995181e-01,9.980074650969850136e-02,1.698882740513855405e-01
2.254028166914483905e-04,7.074434797492193949e-01,5.757646723506579800e-01,3.330714863448178131e-01,7.709386420501789239e-01,3.317931144799339260e-01,7.467381700236350728e-01,1.665398852915421501e-01
1.947414319618511261e-02,8.810693926916145502e-01,4.733327074138954926e-01,3.662570870573518267e-01,7.219316873178941441e-01,3.155340418558127968e-01,2.047306363078375546e-01,1.695734408100441903e-01
6.351450825882933894e-03,7.948783952538728270e-01,4.723743159211344356e-01,2.775620451895476903e-01,8.368276366392475296e-01,1.599057965825363969e-01,3.612592355487089790e-01,1.694185673030061956e-01
5.514092570607787534e-03,8.561502856362092073e-01,7.368960763775117551e-01,2.837303843001801051e-01,7.998707699673122118e-01,2.507415859610110931e-01,1.202559209753817915e-01,1.700083951146097727e-01
2.234319493962638736e-02,9.040813824228357554e-01,4.881643376301034731e-01,3.747487991139691332e-01,6.880666451924758453e-01,3.208957605925524259e-01,4.129626066701454490e-01,1.686509154332641591e-01
7.615736917259540578e-04,8.636969383760976227e-01,6.532761176340666776e-01,3.560009029416427162e-01,8.139860158928892142e-01,1.989520081475422142e-01,9.216641690903271122e-02,1.703080160282751387e-01
2.204331874454574201e-03,8.914388652568225879e-01,6.426175769643289737e-01,2.969698419899538533e-01,8.432287522291048720e-01,1.531552932533955524e-01,3.365128329275146601e-02,1.702419414774590245e-01
6.781826065390857139e-04,8.801638647421519135e-01,5.956909763651871970e-01,3.444488763364009221e-01,8.196951026788845684e-01,6.788960220240686239e-02,3.071003860958420595e-01,1.695513715580379555e-01
2.993600961499520534e-03,8.660361488038392785e-01,4.746927144541865928e-01,2.780128685586207848e-01,8.333055293916694639e-01,4.501018606791834520e-02,2.612400853558281000e-01,1.703121221020317544e-01
2.698824827564276496e-04,8.195132425044052704e-01,8.277859311893027705e-01,3.745090082369492701e-01,7.817895701575132694e-01,3.325288339195064946e-01,1.829153946320044577e-02,1.706775426426253850e-01
5.872484468072650815e-03,7.907184769338629904e-01,6.064237416754779675e-01,3.226174535587697512e-01,7.115822465754344517e-01,2.988056655785218951e-01,8.414759896138713779e-01,1.664594214199429933e-01
1.750531736765746985e-03,7.392004760179903267e-01,6.857420193014501786e-01,2.638946284095361472e-01,9.013801852265204140e-01,3.581915627409408276e-01,2.186457356719007095e-02,1.698191311453130514e-01
1.310381424701808663e-03,7.628014445471560379e-01,5.216251334483825719e-01,2.520102146055436809e-01,8.971734267018599551e-01,1.618658381865993312e-01,1.270064577793722504e-01,1.707312453371332139e-01
8.273315681254332296e-03,9.036168496877784451e-01,4.589377450014553439e-01,3.680797957579548529e-01,7.631762290529938708e-01,9.186938254141260862e-02,3.815941433141998296e-01,1.693018884176166750e-01
1.180157436304027710e-02,7.983294191972321041e-01,8.139647188700451785e-01,2.486737322894923552e-01,8.444345734627352051e-01,4.253996498917344549e-01,7.221628282351288952e-03,1.702406506185835666e-01
6.985437606742383489e-03,8.950975276799651992e-01,3.837049615416190940e-01,2.999326003099668791e-01,7.815943862360161809e-01,3.083215479359366351e-02,4.273751543054560842e-01,1.699058707541443725e-01
7.413133508642960785e-03,8.521894029670327164e-01,4.765192015073147491e-01,2.815741044609333388e-01,7.941524513457888235e-01,1.213843972232468704e-01,2.933846382889839233e-01,1.700243814755945104e-01
8.503386683526499221e-03,8.088046081447916036e-01,6.166248105618332698e-01,3.415939950577722706e-01,7.011030832727201956e-01,3.063325537633100892e-01,7.456185895154737731e-01,1.670854138572715752e-01
7.054199446883165601e-03,8.198889264240276642e-01,5.916194967855464837e-01,3.122573529004477599e-01,7.230839259658121687e-01,2.188082870630048138e-01,8.978718233890581324e-01,1.663286586233992947e-01
6.770492044588061024e-03,7.959750447984869082e-01,7.493087555853461534e-01,3.005406734089766108e-01,8.236580350847357845e-01,4.025038189453833404e-01,6.729791295631798453e-02,1.698343639022106000e-01
1.686267606207872936e-03,9.315260241850354950e-01,6.710159429743137727e-01,3.739822606745620281e-01,7.263664882501866815e-01,7.224671593194495478e-02,5.279718383908222901e-01,1.690375079332263053e-01
1.934204349459209271e-02,8.467641059716444207e-01,6.143557713720054769e-01,3.287535058778064956e-01,7.661330152778049740e-01,4.233148827549642057e-01,9.040069104135239897e-02,1.695740163424950819e-01
3.018073393398011672e-03,8.674734084602951922e-01,5.579958060319640811e-01,2.534801728288711975e-01,8.702224123972462921e-01,4.515804306323928374e-02,1.002725675849172049e-01,1.711175162549809781e-01
3.766157167334635743e-03,8.401814634167830143e-01,6.911523446546412597e-01,3.522210920327237260e-01,7.047169391492579260e-01,2.324456695523713368e-01,9.293364628049991527e-01,1.660615324261302816e-01
6.397498806900860958e-03,8.876675682135504175e-01,7.085664582485186047e-01,3.531480896743779962e-01,6.982135136983315116e-01,2.559252387182445188e-01,6.460498597971575663e-01,1.676716228678344356e-01
2.348057712583335836e-03,7.964285123632167673e-01,5.083951115885783079e-01,3.896215474453305627e-01,7.893821866115279251e-01,2.451799946637333860e-01,1.397598433833203146e-01,1.697794444618205001e-01
1.167061735477800503e-02,7.707158359335151143e-01,7.434841130062495029e-01,2.127860356968656885e-01,8.630980831320164137e-01,3.797511173963334929e-01,4.676605159140923007e-03,1.708165903597488045e-01
1.331881720841878239e-02,9.213278039421041177e-01,4.932473927691418680e-01,3.084487006826834299e-01,7.692947572355374186e-01,1.208979657731583390e-01,2.411424105989147249e-01,1.700033002858701292e-01
6.488187165838902801e-03,7.990129978096948138e-01,5.502046005274374707e-01,3.855423150408273658e-01,7.697226530971601477e-01,2.613922408644626105e-01,2.743530760416533210e-01,1.693684580199782963e-01
5.580393880617560975e-03,8.524741527731254376e-01,8.423410396468371530e-01,2.955552712572588892e-01,8.290939116965849731e-01,2.826597075291967243e-01,2.078364795805126564e-02,1.708917506271790121e-01
1.507720853704920191e-02,9.675580923135927991e-01,5.866791065214814749e-01,3.378149431422620141e-01,7.499248082043639130e-01,1.673006167892572282e-01,2.661613343744475557e-01,1.697368701315682127e-01
5.250725702459353196e-03,7.590319322405569835e-01,6.446916587347490957e-01,3.373602459371966011e-01,8.148910424050113122e-01,3.495425361490395177e-01,1.357247344272169975e-01,1.701362466805721729e-01
3.395062291636974025e-03,9.001300288841591613e-01,4.888123409665970920e-01,3.976974151938888480e-01,7.405619148236779470e-01,1.223610033122077556e-01,4.000096875162207355e-01,1.688691555901662977e-01
5.154324170209844541e-03,8.488329741909405035e-01,5.001377625902916346e-01,3.708493042586940569e-01,7.375111991748878326e-01,2.013189500958334766e-01,4.329560698268746788e-01,1.683262231486692406e-01
1.141680723459720381e-02,7.732413499561376913e-01,6.125133274319806143e-01,3.006387787823150970e-01,7.959387261919154133e-01,3.759222629997014398e-01,1.113652620393753012e-01,1.700160885157923352e-01
4.539204965587014667e-03,8.688325109794229339e-01,8.162763510762275354e-01,3.232666636836816765e-01,8.075883555052164597e-01,2.048541996040663116e-01,1.544174963634746267e-01,1.704908369933538781e-01
1.466207515783764410e-02,8.338156888451297988e-01,5.453545977866182115e-01,2.588335242028318439e-01,8.105648885839267237e-01,2.220367806045774328e-01,1.360720064276884078e-01,1.705057091311430462e-01
4.338498237311458339e-04,7.457152637578917664e-01,5.502894282675870885e-01,4.107253768618100986e-01,7.221120178396208678e-01,3.673879861947212944e-01,4.455419837397288640e-01,1.679018534336225721e-01
1.562365569466553361e-03,7.680024346533537161e-01,7.889700198672551235e-01,3.446143320183644443e-01,8.053898620286187304e-01,4.516455394056342332e-01,1.184498609515349243e-01,1.693279816001246330e-01
7.492380312992255251e-03,8.828472276362854254e-01,7.506378184506736773e-01,2.992111242498493029e-01,7.055557449481075771e-01,2.273785853009585578e-01,9.473789520273144804e-01,1.662955589590722205e-01
1.790076716446698663e-02,9.087241641492276312e-01,6.057960598045548650e-01,3.681426561434298916e-01,7.606296284693633281e-01,2.728838606620562213e-01,6.911599697153802957e-02,1.704079096792650017e-01
2.269672205682566821e-03,9.107620146810969652e-01,4.062545033903773861e-01,4.035565556923548791e-01,7.175221324752620866e-01,7.075785356342814691e-02,4.999946423630062808e-01,1.688497554825257596e-01
1.490456553475328488e-02,7.709432771078338353e-01,5.388734362709760584e-01,2.827744390675441810e-01,8.165987389326833101e-01,3.190362036590539407e-01,2.163895273552755849e-01,1.697410290084110374e-01
9.492889430962917277e-03,7.824508245199939260e-01,5.366306572139825093e-01,3.046487883307384403e-01,8.210022434625882104e-01,2.759349478775837694e-01,2.166210774338307166e-01,1.695454733077717546e-01
2.496013226486248904e-02,9.678492358519332761e-01,5.745094258271074006e-01,3.326746425098407456e-01,7.846348576941155617e-01,2.300360440093777714e-01,7.137428764574046958e-02,1.701546818458842536e-01
6.169572832463148665e-04,7.392337708284916209e-01,5.795029378262266384e-01,3.945732853495385051e-01,7.990847298285475020e-01,3.763663017014229339e-01,3.158078760448013167e-02,1.700885618823888557e-01
1.538806479595073058e-03,8.327758116254821985e-01,4.775232695077186174e-01,2.778449870981956060e-01,8.614465862669815621e-01,6.545573293583048513e-02,3.143833174171707379e-01,1.694852269191641780e-01
1.286385912559461289e-03,8.192650309600363334e-01,6.506706021916265348e-01,3.029372205637293480e-01,8.758295885157245664e-01,1.729408275197978351e-01,6.393491714860310982e-02,1.704828042752337125e-01
3.116838121465938249e-03,7.311907563472158644e-01,4.426855063463109308e-01,3.115189668983607829e-01,7.830971641267074901e-01,2.742049248864947275e-01,3.509219400953876855e-01,1.691164357123000894e-01
1.075394978393166313e-02,8.372362161062436581e-01,4.151828568975916567e-01,3.735104206841338703e-01,6.929105288485004621e-01,2.082051428749406852e-01,6.212042957848236124e-01,1.681191268401291405e-01
1.629058840265355801e-02,9.045647590444527708e-01,6.719930956031878733e-01,3.544956613407184709e-01,7.638811339774439491e-01,3.101356130974803893e-01,2.694029664144487191e-02,1.701884265066362645e-01
1.023297020179379270e-02,8.395016228310592243e-01,6.466962132606510760e-01,3.645170220134451577e-01,7.629424409589080636e-01,3.920868918253908042e-01,1.178335999120022626e-01,1.692624320982690223e-01
6.661999686629898818e-03,8.893038824062819980e-01,6.987839042394743405e-01,3.075680386059236326e-01,8.027745593547367386e-01,1.496761669534217576e-01,4.559749670292984058e-02,1.712257157013138131e-01
9.097012522227563083e-04,8.405296649810601872e-01,6.147219114804501894e-01,4.318336378100756656e-01,7.364033253064374840e-01,2.365400929485156067e-01,1.883292830753083291e-01,1.701615643125232447e-01
5.382844885531527790e-04,8.245362745450083297e-01,8.857447266843092581e-01,3.166774138553195561e-01,7.906191150354250352e-01,3.160900141811172626e-01,2.053672973698282000e-01,1.698579091438892630e-01
1.353520881568147025e-03,8.146791681080978176e-01,7.608596579451112341e-01,2.802015708092708834e-01,7.468331992034198397e-01,2.184837532731926935e-01,7.981707982901017351e-01,1.670722937357759230e-01
4.682107589376321641e-03,8.259757643602587684e-01,6.688804420581395682e-01,3.830187846406070684e-01,7.423170857045188198e-01,3.145465219962095826e-01,3.309247971052163839e-01,1.691348392212617679e-01
1.467983813362320165e-03,7.624958097242683364e-01,5.913099244036488233e-01,2.935052014713866453e-01,8.636744109295975136e-01,2.085649198406915317e-01,3.052520251036011656e-01,1.691408310889585820e-01
3.639290200291008491e-03,7.217404430182133845e-01,5.818070644122801394e-01,3.840671498792381233e-01,7.037654017819489072e-01,3.888956641123070823e-01,8.322430200753199170e-01,1.662128353961467575e-01
9.211710837850285369e-03,7.229577514409950556e-01,5.580783153553159348e-01,3.215366735111098717e-01,7.859942867255829135e-01,4.111890698968369007e-01,2.049687213880051484e-01,1.697917417564426823e-01
5.832408360029546837e-03,8.087484522664828424e-01,7.481206876612271905e-01,3.071968963460089408e-01,7.263057562229179309e-01,2.966204401458018003e-01,8.799676818199525519e-01,1.666379037720407963e-01
2.681908890082261576e-04,8.495256866392173478e-01,4.770313887832960398e-01,2.845517717129664170e-01,8.548761257949604175e-01,7.281482157954985435e-02,1.591394750665383606e-01,1.704918283463708051e-01
5.517469402742843088e-04,7.618993844311231500e-01,3.093072807488438380e-01,3.530649155155117791e-01,7.826895682712108337e-01,1.254024389461111111e-01,5.305518563097640916e-01,1.688231823148320376e-01
2.231260434095534359e-03,7.576074282125246917e-01,6.009249294524483531e-01,3.704228011758928796e-01,7.180384717448471399e-01,3.427263525233923414e-01,8.538337543288277987e-01,1.657470252252364606e-01
1.080309435893732004e-02,7.900749739161727625e-01,7.628669519784460062e-01,2.617711896161186158e-01,8.256971356587389232e-01,4.025907993323070144e-01,1.023084991612791539e-01,1.700916833035773790e-01
1.432626866096468193e-03,7.794244945564785532e-01,5.228281293028625987e-01,2.926810075946785217e-01,8.657742065439093526e-01,1.979536886318813971e-01,1.157627053916909787e-02,1.708880773340867021e-01
1.892253661931915867e-02,9.076675711335243646e-01,4.702710544909191048e-01,3.108302315871462329e-01,7.510876236390368055e-01,1.948036272208753528e-01,3.864461868150989576e-01,1.689210577439397287e-01
1.567814652317753993e-02,8.704069331348445182e-01,5.927451584211270719e-01,2.664409836201137027e-01,7.977911423206777153e-01,2.644587294706725600e-01,8.157157103064405224e-02,1.704610229575543590e-01
9.550698861541181972e-03,9.292102257124027487e-01,5.656512078412579969e-01,3.378557017844746047e-01,7.767121286610880748e-01,9.975654129447844576e-02,3.333444268509831443e-01,1.697022397005615302e-01
7.886547501255525630e-03,6.362109827610894497e-01,7.311503505330613217e-01,3.485206769313130559e-01,7.172888455974925082e-01,6.963803757557103236e-01,9.829267407239550280e-01,1.651071658742333803e-01
5.351472931690068324e-03,8.766800952735883667e-01,8.390901199556846102e-01,3.465421355300802864e-01,7.676883818122685055e-01,3.235836842318732254e-01,1.642724640769282485e-01,1.695495399180519114e-01
2.969983882108173656e-04,7.379876728523021567e-01,4.843572129577333740e-01,3.510203951716968085e-01,7.857152665779744138e-01,2.556558918018501103e-01,5.259106311744966566e-01,1.680460019775443237e-01
1.059681837735413842e-03,9.184665089409641547e-01,4.559789193047737443e-01,3.232802232960692024e-01,7.771659684836150772e-01,1.912478978952436570e-02,3.880361869008775999e-01,1.695552452627653306e-01
1.616241545032783000e-02,9.646308438458603973e-01,5.888874865526765312e-01,2.817633341431544092e-01,8.094976111798588558e-01,8.131361106131465566e-02,2.106864158562564704e-01,1.702676449857062346e-01
8.312949798369051457e-03,9.574413326663703261e-01,5.147704349362105525e-01,3.854516792943070702e-01,7.449447905834003514e-01,1.105976838059363476e-01,3.657530524164273600e-01,1.688718751130878770e-01
3.783988530272921341e-03,9.163740355419127681e-01,7.500035687622400582e-01,2.944282035374919393e-01,7.736705505756438228e-01,1.231503814309006239e-01,3.482017215811951671e-01,1.694897289337416180e-01
1.688595893298279124e-02,9.086457436727253256e-01,5.332025580083403771e-01,3.439695895438038553e-01,7.074409363162710296e-01,2.467848571638159572e-01,4.165695325054351583e-01,1.687321822811744809e-01
5.864263537703525569e-03,9.067846101324179564e-01,7.911469574934584248e-01,3.675520893462445593e-01,7.029311786757665992e-01,2.518840901932224430e-01,5.639193832684921137e-01,1.680889319770748069e-01
3.918836634902247290e-03,8.311337650149446254e-01,6.228480814869812310e-01,3.412068488774932518e-01,7.716814549985049343e-01,2.609003710639642426e-01,1.016992002790568783e-01,1.706642744490608210e-01
5.309560100307466821e-03,8.204888178358111794e-01,4.587378721488345468e-01,3.154474321047754937e-01,8.160581363377961139e-01,1.739302796058947442e-01,1.991207794229970518e-01,1.698959749300531230e-01
5.025952547517576613e-04,8.052749026040686431e-01,7.739021385957908228e-01,3.254857164582298790e-01,8.114343006906078459e-01,2.887859553079485386e-01,4.650067310140726384e-02,1.703867962429555516e-01
1.896173411885811178e-03,9.006946472339574239e-01,5.546430554972037186e-01,3.391999741561337323e-01,8.100055277497069106e-01,1.103544879042323568e-01,2.461110254073808068e-01,1.691772553433047721e-01
1.774951719911892212e-02,8.402962579148037792e-01,5.366646222605343519e-01,2.869332980779064624e-01,8.153860997094816154e-01,2.486759687687625231e-01,7.795470484125249788e-02,1.707937500614895854e-01
5.576028739480206470e-03,8.757072769066548412e-01,5.591669503382659112e-01,3.784891226127816699e-01,6.802003845771634749e-01,2.051719945960551739e-01,7.939438747360236803e-01,1.667433447577092165e-01
5.325143932708262251e-03,8.529875955114063490e-01,7.466550070187570887e-01,3.015997867619623629e-01,8.229680918836808079e-01,2.968394254133227550e-01,1.059202917704581415e-01,1.695871713047247542e-01
7.506595771157101304e-04,8.336729849863001585e-01,7.808872178743654358e-01,3.113217419232335859e-01,8.367687493388858977e-01,2.046113995553940634e-01,4.797971507088771848e-03,1.713268995144025530e-01
8.196712138215864196e-03,8.293246592155102404e-01,4.452520196364238014e-01,3.029149535638205326e-01,7.558064587647328469e-01,1.777440817463025180e-01,4.933357156112199160e-01,1.686402139657739718e-01
1.952810451525885393e-04,7.764833956954194649e-01,6.623334431364543695e-01,3.913303828728323386e-01,7.458073974615703206e-01,3.452077128969943121e-01,2.526681850768934812e-01,1.695291119656193446e-01
4.584216249702837732e-03,8.854208087852745157e-01,5.603459796289922412e-01,3.239943998251175183e-01,7.882023292150565075e-01,9.516322281763070490e-02,2.371038148126289324e-01,1.702750735993031339e-01
9.558805916544836634e-03,9.115686245052031511e-01,6.286502543191980763e-01,3.570432769254604510e-01,7.739730198371949088e-01,1.510387512025817003e-01,1.921805607395231930e-01,1.700853969385883457e-01
4.728253537092863210e-03,7.820422932010573369e-01,5.029070589256199320e-01,3.061486837159505536e-01,7.622223097205340636e-01,2.226375909594190960e-01,4.117654350698969901e-01,1.691919566383809637e-01
6.713805315928317134e-03,8.613663280340322359e-01,5.914360181417829265e-01,3.052973023114192719e-01,8.541355485538858483e-01,1.592439314907114212e-01,1.947704909462349698e-01,1.697182506937699176e-01
5.163570573461707947e-03,8.608232647910084578e-01,6.460713888535984939e-01,2.819020114388065545e-01,8.268901883027376387e-01,1.103433405401295642e-01,2.148684204086157845e-01,1.704833582599328823e-01
6.543118065343325046e-03,8.505878326227170882e-01,5.432234797759024625e-01,3.548674111992882740e-01,7.667421852275919658e-01,1.898457312723524082e-01,2.490897023734482130e-01,1.700461551019772644e-01
1.692272913831680339e-03,9.000646933199225597e-01,6.261659844401473718e-01,3.284522143545194894e-01,8.031137237165933973e-01,9.325101191720946980e-02,1.369679264306960520e-01,1.702887576365768318e-01
1.779622452561081813e-02,8.638930649343740109e-01,7.101443764944264103e-01,3.258062680824172497e-01,6.791240618242753158e-01,3.710522680054051392e-01,9.712037753787612360e-01,1.658773218565313956e-01
1.012988319655398761e-02,7.733835706984659719e-01,7.087570800296095763e-01,2.793079175141710557e-01,8.340243151163759805e-01,4.171576789649344419e-01,8.596962018240644765e-02,1.695271772176050185e-01
1.257275888825011047e-02,8.540025289830203148e-01,4.635422430341978872e-01,3.485171266101308452e-01,7.997824887029788554e-01,1.893124761449350990e-01,2.316540609882666024e-01,1.695165511060413299e-01
2.311618765122042118e-02,8.437247029119609998e-01,5.619052111632411028e-01,2.694667237443194585e-01,8.076517775763804030e-01,3.221952511236962913e-01,1.344053947919083281e-01,1.698365660314901382e-01
1.214589853681608510e-02,9.417752513511916668e-01,6.219659715238503583e-01,3.695550234072370599e-01,7.128702194289000538e-01,1.786154166661983178e-01,2.844439779332987861e-01,1.702319265784396074e-01
2.770218408497941709e-03,7.569181138560936439e-01,5.455990162991107839e-01,3.335901072784782095e-01,8.019605502708996303e-01,2.454394788841119945e-01,3.233971966307360724e-01,1.690355423555124914e-01
8.535193551712356302e-03,8.972454254183754863e-01,6.714695862399889803e-01,3.186493907526957714e-01,7.346415618888206822e-01,2.290245450270380345e-01,2.501426987020929360e-01,1.697988553816517920e-01
1.742792743923677820e-02,9.305318629721793799e-01,5.723311121710702443e-01,3.162247790434489780e-01,7.898886153867334947e-01,1.892726556328528098e-01,9.743844336510232296e-02,1.706724286740826657e-01
3.298545413589618232e-03,7.126133052959948699e-01,7.968230175443710150e-01,3.123307550727317805e-01,7.095750804390602573e-01,5.551113178541149384e-01,9.930442161623168618e-01,1.653625575105594492e-01
5.888661301318915894e-03,8.892175619186626356e-01,5.150885287771772569e-01,3.380384204526067360e-01,7.569199484999210581e-01,6.481955701569297457e-02,5.995362247765730901e-01,1.686524925818544129e-01
1.585407139671793711e-02,9.040109930868389654e-01,7.639186010824918771e-01,3.328658995962848199e-01,7.496761672805217769e-01,3.304586423196365086e-01,2.494191009550633664e-01,1.693801640242511009e-01
1.027001903980646544e-02,8.363813431255160413e-01,6.490842150002620325e-01,3.568246400095019255e-01,7.895592892481981817e-01,3.060259112031055717e-01,6.778430255799133830e-02,1.704429141284674598e-01
1.140879269985573853e-02,9.056168656451377696e-01,4.881291660004269395e-01,3.019284257385356773e-01,7.989594199625810189e-01,1.225279334093645756e-01,3.559301518065625669e-01,1.690661838474550316e-01
4.158632263265862883e-03,8.241691733461453673e-01,6.377638520645959597e-01,3.564874625943333930e-01,7.535952161379201319e-01,3.134516359082959447e-01,1.946717173180680382e-01,1.692503295299181421e-01
4.683504384777985308e-04,8.478852042204798600e-01,5.304568174623169874e-01,3.531087563849140132e-01,7.609097977996639450e-01,1.675460668445632739e-01,1.773683620409158557e-01,1.705213710660856141e-01
3.929612659104413271e-03,7.655985179897391024e-01,3.553450598690437445e-01,3.438392978921196996e-01,7.684729437763179183e-01,1.741895732531751895e-01,6.017395471177215960e-01,1.678329756954069218e-01
8.911680881484595335e-03,8.469384851555336047e-01,5.881240070189768243e-01,3.079468034450762448e-01,7.558406221384773582e-01,2.610798442838657141e-01,2.721805800774849127e-01,1.697433488490781017e-01
8.541068350042575405e-03,9.798994945263445056e-01,6.506515440999287581e-01,4.300850103192453977e-01,6.881412694923160212e-01,1.610189912561648118e-01,3.090057023367144273e-01,1.695453277082398791e-01
5.002861780407309028e-03,9.288824151494569081e-01,7.453673234010939064e-01,3.932055742737077253e-01,7.198200642639689395e-01,1.744356567626946797e-01,3.879068368697100033e-01,1.693470334000302946e-01
3.311149184561502576e-03,8.858003490737749175e-01,5.117460259492684349e-01,3.381838855505347463e-01,8.499555395390200330e-01,5.475281376634139052e-02,2.316928831530487565e-01,1.701037913808453317e-01
5.688097205539411477e-04,6.908520032664743349e-01,6.808474074125754338e-01,2.289520992854108816e-01,8.880707582068531059e-01,3.869355368937503203e-01,1.121327846812097961e-02,1.707595002534451067e-01
1.836733561779044233e-02,8.831410418614793478e-01,5.288250718132275763e-01,3.313607059429397594e-01,7.998810172458911127e-01,2.423208292792751184e-01,1.217478340818270444e-01,1.702065959633004555e-01
1.278507821863280464e-03,7.440998579225729381e-01,4.657892975282180159e-01,3.170577614321565263e-01,8.263861048785950958e-01,2.076382528209025358e-01,3.806226154341130763e-01,1.685636516876206914e-01
1.634445332739701065e-02,9.274762372931748544e-01,4.729253597078382221e-01,3.383971512786195790e-01,7.420996557835393137e-01,1.734900052339195808e-01,4.108557024845725936e-01,1.689762577364765650e-01
3.989927905091527650e-03,9.024754831304179215e-01,5.578450362376048410e-01,3.179262165573464860e-01,8.723767584824049237e-01,4.430239198690988367e-02,1.034696490590202300e-01,1.706081995530417672e-01
5.099475418233117424e-03,7.613931473384409898e-01,4.538945657260775035e-01,2.553679086568794165e-01,8.908698508694893325e-01,2.330551260613079045e-01,1.268189111603845731e-02,1.702722063807777242e-01
1.783333433201966453e-02,9.033659811358792924e-01,7.188835909370538957e-01,2.701085158898036132e-01,7.053856878839466216e-01,2.471110415544748584e-01,8.980933913403755797e-01,1.667808029009000548e-01
2.837440515828827670e-03,8.159390848341553371e-01,6.024230615916499332e-01,3.537675771533508873e-01,7.550658196149168111e-01,2.805133846913037132e-01,4.374228258696798433e-01,1.681961441427749504e-01
4.186525162884788959e-03,8.375975459558943070e-01,5.906328687725221904e-01,3.602213873752493911e-01,6.884931490526137177e-01,2.684358042217634410e-01,6.875834510365039787e-01,1.673846739790589566e-01
4.635032802107415077e-03,8.070628630602357800e-01,7.353146640974788095e-01,2.674762462330654289e-01,8.176841089899572479e-01,2.958233190543377855e-01,1.549445485349742468e-01,1.703354712282390271e-01
3.665230080825278118e-03,6.673247789678855568e-01,4.838017717607505652e-01,3.144653412181356855e-01,8.078996123315950184e-01,3.702076010941965922e-01,2.483166307701722697e-01,1.692808104619509812e-01
3.665888465822215829e-03,7.611262757337902141e-01,6.086838552098177146e-01,3.045576196468773866e-01,7.946134576449060960e-01,3.342490132487866972e-01,1.054974972356644836e-01,1.701268237125602434e-01
7.077174516655699438e-03,8.959962600908352170e-01,4.792685152197955212e-01,4.213383246431847695e-01,6.752929745564294484e-01,1.516027735661324982e-01,6.631766948502995085e-01,1.680680801681286585e-01
1.574825544428660670e-02,7.972963965186747881e-01,8.020089224450090981e-01,3.199837331856379974e-01,6.889864089263905145e-01,5.494132461911030996e-01,8.881273482729543645e-01,1.660776176678528948e-01
1.664134319786449850e-02,9.357529387389317277e-01,6.280014617004973099e-01,3.147562083600730087e-01,7.430470437800540395e-01,2.194283275643454934e-01,3.270592808584749656e-01,1.690891507613609679e-01
5.557951896477363041e-03,8.059910940133707680e-01,4.210249237628149177e-01,3.269153885704964568e-01,8.069026644128594050e-01,1.518946858572319536e-01,4.153965928883283087e-01,1.691618065217403433e-01
8.199333469735971963e-03,7.626020726578834896e-01,4.403240220209263533e-01,2.883674228170712839e-01,8.283909076719454534e-01,2.370345229613849691e-01,2.805519500023358481e-01,1.694542128744130349e-01
5.617939990593109889e-03,9.377135213946473646e-01,5.220518069216880663e-01,3.696301549479680815e-01,7.089671748644298388e-01,9.015646513430866649e-02,3.895446108660574613e-01,1.698278474746121314e-01
4.779846010977044715e-03,8.381369769917206280e-01,7.618297188617705329e-01,3.224369709548740581e-01,8.019345730952682771e-01,2.962453547102559259e-01,2.261382888622592569e-01,1.691404044329456458e-01
6.693548152082250124e-03,8.989542418081046815e-01,4.979838208439958391e-01,3.497893396242522934e-01,7.149883195258058821e-01,1.217353179871257240e-01,5.854233639378122467e-01,1.682330089097123782e-01
7.790253443114401530e-03,8.089121350401797805e-01,6.190092474211892348e-01,4.034211770128365293e-01,7.384264003814331456e-01,3.707078774021107526e-01,2.956782993349792998e-01,1.687870227479468521e-01
2.267537346629572292e-03,6.901532465578121833e-01,3.499817195677724091e-01,3.148934943874246439e-01,8.405860625272281172e-01,2.439664265836235801e-01,2.828783312196843092e-01,1.690850872551305228e-01
1.617949386272048845e-02,9.089349583478885108e-01,5.917261771598123499e-01,3.947723061546414280e-01,7.139137479106085760e-01,2.747042111972619605e-01,2.488925153423356407e-01,1.697875371191673310e-01
1.262535421727712520e-02,8.271760369427982873e-01,6.695538643659362243e-01,3.595833698583323912e-01,7.691309418299056011e-01,3.743073735969255078e-01,4.905352815452806992e-02,1.702203491789309464e-01
1.491320319026166220e-02,8.242334178929622279e-01,7.922372789159193296e-01,2.776892383398718023e-01,7.160569222126937916e-01,3.821686616949726556e-01,9.661797472626755257e-01,1.663065102488705538e-01
3.413037553520232963e-03,9.382862358095485078e-01,5.090659535785442280e-01,3.505670347914409124e-01,7.424770715257270615e-01,4.446796152420678938e-02,5.191976614096527332e-01,1.690152541950333265e-01
1.420074841798402154e-03,6.868296975295149487e-01,4.446939501399801431e-01,3.236563534836217060e-01,8.227736617688604648e-01,3.107925100671901641e-01,2.804767149331524601e-01,1.692470390437524896e-01
1.204875723539861575e-02,9.154427654622928623e-01,6.398979689842654306e-01,3.418199261445673542e-01,7.391868398486061142e-01,2.552586398374347421e-01,1.900159887856892882e-01,1.700786690082810027e-01
1.061339652535114864e-02,8.619745351294354485e-01,4.585794601584596841e-01,3.237932441605108069e-01,8.062965339360406158e-01,1.913994485121815470e-01,2.497216976724878912e-01,1.691268370012096456e-01
9.538372259910462767e-03,9.542117599208788103e-01,5.812654261708593006e-01,3.741729893728815148e-01,7.047201040859333299e-01,1.595265114042904442e-01,4.378607647983280837e-01,1.690631529886703066e-01
6.511357357267634483e-03,8.852878219914315228e-01,6.680241154689844363e-01,3.582835967816663802e-01,7.508321789975864746e-01,2.545023112230593854e-01,1.727826072407627200e-01,1.697633679808386031e-01
1.071277763233593680e-02,8.245057614372248711e-01,7.719430458655216487e-01,2.574122373614195491e-01,8.163100964539478088e-01,3.588711381335324413e-01,1.130776670980837562e-02,1.705305451132450856e-01
3.898430775918769811e-03,8.652735788002929862e-01,8.079185868312995789e-01,3.213144392677203531e-01,8.157845109354687763e-01,2.049872889330960901e-01,6.698812291427047594e-02,1.706806495661932210e-01
1.833700423191704509e-03,7.054597499461578991e-01,4.968746092503517064e-01,2.621150425172590337e-01,8.957796673747638883e-01,2.440475290618868143e-01,8.966573957496354330e-02,1.703925216861708336e-01
1.515748941760479418e-03,7.692323104218282692e-01,4.888682185477423725e-01,3.762651646935137872e-01,7.130519996374042879e-01,2.957215644663046539e-01,5.183628054697441145e-01,1.682029993319292815e-01
1.658870592350952106e-02,7.910274258022013116e-01,5.137188825542753357e-01,2.496353442760056440e-01,8.374863144246312840e-01,3.155439381302545532e-01,7.311645170998454235e-02,1.700007707010177116e-01
1.857673013271565060e-03,8.470398128714132779e-01,6.307547704206325490e-01,3.377057035000804452e-01,7.456254766621610575e-01,2.020361552264605121e-01,5.940433366778181679e-01,1.677234191072012326e-01
8.511237591859205365e-03,8.124357080443298518e-01,3.844229688245274223e-01,3.769932846230347745e-01,7.101927504507611344e-01,2.204617528421438655e-01,5.394086563969936465e-01,1.681906975845933461e-01
5.329887346410388388e-04,8.513966834751295343e-01,5.622755506093809474e-01,3.164086147287148432e-01,8.643846141752737910e-01,9.027810758754414855e-02,1.980198302999524040e-01,1.697109528759490615e-01
7.124132125411308109e-04,8.054456749365744850e-01,6.382446496861987617e-01,3.360029590098014829e-01,7.776651565694037149e-01,2.315950013776996719e-01,2.232111126577046023e-01,1.697615560484541375e-01
2.548748320245181921e-03,8.229836484230346194e-01,7.283737271977440697e-01,3.139191637562829817e-01,7.967530026218413441e-01,2.840076448007842203e-01,7.016789028392467209e-02,1.709049025036949443e-01
1.063563015121361116e-02,8.255511434833633366e-01,4.823810594460232748e-01,3.125752191856041584e-01,7.823057206604980829e-01,2.476634470602018523e-01,2.880340159507555620e-01,1.690031087352892314e-01
4.739269747262245952e-03,9.105433164166212290e-01,6.212564783508298660e-01,2.976020424324992697e-01,8.151333365329874736e-01,1.379099035141429785e-01,3.823876305920981267e-02,1.708085117551118859e-01
1.229289576832374650e-02,8.796238136766698634e-01,7.193134671282727099e-01,3.192474062708582916e-01,7.929280439738646269e-01,2.967064364734204873e-01,1.004871826265162360e-01,1.699870429729686827e-01
1.252895939105236334e-02,8.439720115809545842e-01,7.235972736596752997e-01,3.537217680479695647e-01,7.712813218755611988e-01,3.890203787488812348e-01,7.588439664555485242e-02,1.698288409563292745e-01
8.912363665570115917e-03,8.410222389132873122e-01,3.961496102989523482e-01,3.087917281726575980e-01,7.898214476141255380e-01,1.151269327357991590e-01,4.494268981648335548e-01,1.688133758630616099e-01
6.026394453315215248e-03,8.979955454394868974e-01,5.929438547210050814e-01,3.957916918829392228e-01,6.948763712738904585e-01,1.803731335034737815e-01,6.983169964587538914e-01,1.672880272031004589e-01
5.663606809539256659e-03,8.374001608271252062e-01,6.648821024337402408e-01,3.352774163698530874e-01,8.502697829650798234e-01,2.574001961192586840e-01,7.752474388780872250e-02,1.697427115003085907e-01
1.006017017932316071e-02,9.640091428145154406e-01,4.901937623846454040e-01,3.438565462282876517e-01,7.979474261421751757e-01,3.081302970580396261e-02,2.353509980279491487e-01,1.704653695986607098e-01
3.578567647582305000e-03,8.576044104167570570e-01,4.863654059609123781e-01,3.134750662069569760e-01,8.231252381214718694e-01,7.937452536793832003e-02,4.423532701900845243e-01,1.688266211323423693e-01
5.234966773700683133e-03,7.737131754936067418e-01,5.523920584150455726e-01,3.818123658934057807e-01,7.652398238278051990e-01,3.330101582214440303e-01,1.972430086502278135e-01,1.697345028983033577e-01
7.261159947037649359e-04,8.457663548620730776e-01,6.091638256721056965e-01,4.061270366987951852e-01,7.464940129324078022e-01,2.406158074364520560e-01,1.781658755796273197e-01,1.698301615400187592e-01
5.909659809768166849e-03,8.030640240873976321e-01,6.235070222537640872e-01,2.871308982892944450e-01,8.725625663933003207e-01,2.806020623775989375e-01,1.637610440469339235e-03,1.704123215360029697e-01
1.361255852597864982e-02,8.581140428006843734e-01,5.369435202423012976e-01,2.992374822091447006e-01,8.204742484667928437e-01,1.785050432734577863e-01,1.885542805269001254e-01,1.704016339044447104e-01
1.022022220881089148e-02,7.595461666810617851e-01,6.030344849614993619e-01,3.196425046394726355e-01,7.831026701166897697e-01,4.060198164524960185e-01,3.236802196336983073e-01,1.687203351998093348e-01
1.845653325879808432e-04,8.062567042626912484e-01,4.896604279246831171e-01,2.933378687212054303e-01,8.097343124318411300e-01,1.236171009551321476e-01,2.547652609764370357e-01,1.703416168477728532e-01
2.360455525226481249e-04,7.634635457511094181e-01,5.097013211530977417e-01,3.310535676809169270e-01,7.301343131381115015e-01,2.217722666485043015e-01,7.746551733727211619e-01,1.671919096757457368e-01
1.764976497895152235e-02,9.716497828188234154e-01,4.559103277044439517e-01,3.495816970265928081e-01,7.472389718935176228e-01,1.162160986702472087e-01,2.451929375326228622e-01,1.702699539867008061e-01
1.710288547513433288e-02,8.700787961471355692e-01,6.249704183388242740e-01,3.368499785162986093e-01,7.682193176362085429e-01,3.297567693253682375e-01,3.091529858008135179e-02,1.704284281235660947e-01
9.837753976794641128e-03,9.670901935356638335e-01,6.218482239541360812e-01,2.917496581059466632e-01,8.079355505965307715e-01,4.997490412620411715e-02,2.217955834258135417e-01,1.703145589068010557e-01
1.014286612241607072e-02,9.084026087644638814e-01,6.415944902468516675e-01,2.955571683301462249e-01,7.899705425582576046e-01,1.868193811389244896e-01,1.942441277546546330e-01,1.697860168629856947e-01
8.387591237159893950e-03,8.883329166278504108e-01,5.994409328108395441e-01,2.722961918488905342e-01,8.092393952917187328e-01,1.284567391078584586e-01,2.415062813743595327e-01,1.702925701672265424e-01
6.604481310608333045e-03,8.538263002967138027e-01,4.621988818210305827e-01,3.066992990487011905e-01,8.033252706757424422e-01,1.128400940032049382e-01,4.353402243624416301e-01,1.686206846268144821e-01
3.072691984544287033e-03,6.683486562369714834e-01,5.630356776331890689e-01,3.773337181229876602e-01,7.149788889243182677e-01,4.460670251428259236e-01,9.378360138565962068e-01,1.651784196371553493e-01
6.908061296572592935e-04,9.261616295287492528e-01,5.554975356993778757e-01,3.838113769068448589e-01,7.706445700318342862e-01,9.771348555912900968e-02,1.548876595807428536e-01,1.701077376028897747e-01
1.897693364505713409e-02,9.259384381307550482e-01,6.873302678714924285e-01,2.696250591878903702e-01,8.121050843640849060e-01,2.188721915394598871e-01,1.746936109011409943e-02,1.708739185459900722e-01
1.048163662711785668e-02,7.879641797560977823e-01,4.244058313202493937e-01,3.320821983644844377e-01,7.777507384738727714e-01,2.426258343407816376e-01,3.490039539047728456e-01,1.692316897244246499e-01
2.931029072421460248e-03,8.340313720315050139e-01,4.124222981554627743e-01,3.225988932820557653e-01,7.671984821059073534e-01,8.266775095007031227e-02,6.766893465605074987e-01,1.678898994631494723e-01
4.023526769071764098e-03,6.354798803817007791e-01,7.064047002754708648e-01,3.824528487898432028e-01,6.959397825340186694e-01,6.792799574044404709e-01,9.610816188221855683e-01,1.650582592123960302e-01
4.062431433978670736e-03,7.614856602487756199e-01,3.987461252245458887e-01,3.017201297016389727e-01,8.503138458755836737e-01,1.515165507815126322e-01,3.120338377960312215e-01,1.695915604589841585e-01
5.369372067515039426e-03,7.024014168577125128e-01,5.644509893979748893e-01,3.345036663157774370e-01,8.163718133352039219e-01,3.887785660483105699e-01,1.011649230382803966e-01,1.699537126082447391e-01
6.974346079718626856e-03,8.219032009423890006e-01,5.714989322134631511e-01,2.986718145121572410e-01,7.851833525709931427e-01,2.445924756139837841e-01,4.206313137748302622e-01,1.685611783697122112e-01
5.779443197842185770e-03,9.674991851364653783e-01,5.769814476964503225e-01,3.504285570780628634e-01,7.375076629349074375e-01,3.186513756374043105e-02,5.613544894070785496e-01,1.686060255964136334e-01
1.429203417603836998e-02,8.951093424474083626e-01,7.382774930194186958e-01,2.765658001396757992e-01,8.007466800153604236e-01,2.404923261675895318e-01,1.291088589689307065e-01,1.704431911420416779e-01
3.694601482491655185e-03,7.436439532746512704e-01,5.996713406179223771e-01,3.862095462283344771e-01,7.580683705932114158e-01,4.093239482794627238e-01,1.050519678935626922e-01,1.702141965115012701e-01
3.165002697065513911e-03,7.917065867645320942e-01,7.377874869997333995e-01,2.497851000319700754e-01,8.321338423955276786e-01,2.822643352863171140e-01,4.006409692566026415e-02,1.708327572474538647e-01
1.564269462913675350e-03,8.757793638679549630e-01,5.802240189411465021e-01,3.835521683397751236e-01,6.992385187027816418e-01,1.277906340012956166e-01,8.249349161167457423e-01,1.668799523927760875e-01
1.655857463171749033e-02,9.042494347227160167e-01,5.471994545967229229e-01,3.446976611022794512e-01,7.409781188746271674e-01,2.205651465067380301e-01,3.823053598077234549e-01,1.687915244338025478e-01
2.026538456256419402e-03,7.234863065366677892e-01,5.541625967993071278e-01,3.658304755573321687e-01,7.930635714020043414e-01,3.448438156926680875e-01,3.511453655882038616e-01,1.685326967804881004e-01
2.216208525101463940e-03,7.499818714279838927e-01,4.512978336470524487e-01,3.515022042547057968e-01,7.808383630333347591e-01,2.006852877238292920e-01,5.175964069059947326e-01,1.687370984501546656e-01
1.691633142905887323e-03,7.617129387493322135e-01,5.626071161907703067e-01,3.545370451266149914e-01,7.753785187613116969e-01,3.069686729337127717e-01,2.458859772259888998e-01,1.692237000871902597e-01
2.496029338912048035e-03,6.650954882297417381e-01,3.317775727164298250e-01,3.076707365757759827e-01,8.156875945357460189e-01,2.392283601486810130e-01,4.641505819154278512e-01,1.685483555118083288e-01
9.153794474184372143e-03,8.618796421591253809e-01,5.410872496170707757e-01,2.404772824676802423e-01,8.632243627405236097e-01,1.147835162035175938e-01,1.159639822501134510e-01,1.705262477884690042e-01
1.072976394516514734e-03,7.558622605785133564e-01,7.298905875816852351e-01,2.957468560921077683e-01,8.017619820941467301e-01,3.719310331322775998e-01,1.747081756838698152e-01,1.697135915296817399e-01
1.077519592871639675e-03,7.919268202285363323e-01,6.614622243588539341e-01,3.345978268751535478e-01,8.055573250413027298e-01,2.567723501607602210e-01,8.103084582964803495e-02,1.708386488773444567e-01
9.913898800032645148e-03,7.996562104479802979e-01,5.970683548463444623e-01,2.516395887420526667e-01,8.226745931134193945e-01,2.949877188291248342e-01,7.659929734166615045e-02,1.704453073828736676e-01
5.857739529032471304e-04,8.886825955012712663e-01,6.931292192204610014e-01,3.272624979093146091e-01,7.972919250201038199e-01,1.246444177249294016e-01,1.065512417680129498e-01,1.706685097939517337e-01
6.504638365020708191e-03,7.130777989513703563e-01,4.330751467449623915e-01,3.805647257205119205e-01,7.609620591073280593e-01,3.206745217825797134e-01,4.855633768303592723e-01,1.679854853581693730e-01
2.421316749684393303e-03,7.945016788946620556e-01,5.319571957589905864e-01,3.046385170203960713e-01,8.752969426309887835e-01,1.762112487588878007e-01,1.406324652423993071e-01,1.695971932383956438e-01
6.203546723683944254e-03,7.289947897425912426e-01,5.841881376547375382e-01,2.849399993700759137e-01,8.439450941985828791e-01,3.341205879087221775e-01,1.346674684659858179e-01,1.700262341680016942e-01
1.251445001148329510e-02,9.798907296397993960e-01,5.823047692385271423e-01,3.514493937557341408e-01,7.938882907577285986e-01,5.922582861880226757e-02,1.749448539811290781e-01,1.704348146825019061e-01
9.484192670236556155e-04,9.476082015494067257e-01,6.652987095194888845e-01,4.231968130697277841e-01,6.809517576594350530e-01,1.498712713010983688e-01,3.937820950085276772e-01,1.691714146150065101e-01
1.422946655568652595e-02,7.789105698258488308e-01,5.321926425262873961e-01,3.131284920105161240e-01,8.239329872317344705e-01,3.318063082189734447e-01,1.487518865684206992e-01,1.698356490802597762e-01
4.200962086381614460e-03,7.770146891244448240e-01,7.536683832820885165e-01,3.519447650687130835e-01,8.101049743056036867e-01,3.635277492950614864e-01,5.940672854123180135e-02,1.705331157848435919e-01
4.930010151509873519e-03,7.006301429224308652e-01,4.360185974521568752e-01,3.445397006366022197e-01,8.141442868941481947e-01,3.273537511953642509e-01,2.096086746434321635e-01,1.694038532159078125e-01
1.322614704076681240e-02,8.579665284559990779e-01,5.745703367114032289e-01,3.133275544105668664e-01,7.961404387560189200e-01,3.071256516941732739e-01,8.223061353837496368e-02,1.696321072020760823e-01
1.119710928872811456e-02,8.517963726519748313e-01,3.604850778795866129e-01,2.889708535823790059e-01,8.102873225744152696e-01,8.598781531154875424e-02,3.903054527390030226e-01,1.695018563053498628e-01
7.294409960300776360e-03,8.715421880854868908e-01,8.268713886389884582e-01,3.030147842775961498e-01,7.188726273595675842e-01,1.999094052702708735e-01,9.157858195254557909e-01,1.670600963736009748e-01
4.889584098427345038e-03,8.984239963617108859e-01,5.087954250228521325e-01,4.260706642979698033e-01,7.052083123348432681e-01,2.021275894675494400e-01,3.322799070707859181e-01,1.691058148919133697e-01
2.722748426690547313e-02,9.350386069373897158e-01,6.747600948644886243e-01,3.057739543067855004e-01,7.761582954865550166e-01,3.705498575026524577e-01,4.398656889653451696e-02,1.700789436223145989e-01
7.720453072415030954e-03,7.054531713238212376e-01,7.420975643481638739e-01,3.057429664382735335e-01,7.347532324342709309e-01,5.427827166132354053e-01,9.717676917557560579e-01,1.651183114111654804e-01
8.704181475054487138e-03,8.691828481560179842e-01,5.042727440254204385e-01,2.881479484116857837e-01,8.020795347666479502e-01,1.791140031246886977e-01,1.164923614775448257e-01,1.703588391639817012e-01
4.259677154859229514e-03,7.781781652934419702e-01,3.439316003371736818e-01,3.796600739351824738e-01,7.415455863483563226e-01,1.607581911230630545e-01,6.018556788745419439e-01,1.680790074549112223e-01
1.979761252022584420e-02,8.984416438950385553e-01,7.422732288788504995e-01,3.015402835384836111e-01,7.812044189805192884e-01,3.611020422796860085e-01,3.377893589097669125e-02,1.703094483267421633e-01
1.124694385691804577e-02,9.856867568377591926e-01,5.373289842731551191e-01,3.617294691703712428e-01,7.342906436672032022e-01,1.028780625490224310e-01,2.836717838176637252e-01,1.694977346528416251e-01
3.830227011349853633e-04,8.613016846860411802e-01,5.544718522163560870e-01,3.160378486035072543e-01,7.390203618955412113e-01,4.120421385153102967e-02,8.260006079387727240e-01,1.676677287674026295e-01
1.467915894168774632e-02,8.146730513892377346e-01,5.747335334246874705e-01,3.366324000688847851e-01,7.614873489270757023e-01,3.261196576941088887e-01,2.729105096445856304e-01,1.694972004086565676e-01
4.159853545789640727e-04,8.512629552748049999e-01,6.376624215453248201e-01,3.126537982373260305e-01,8.579920071659469238e-01,1.044617142824252332e-01,1.026859459047397283e-01,1.707325997853702260e-01
4.903466074745527897e-03,9.251537005871500741e-01,7.712241363970741004e-01,3.166434531385892148e-01,7.652618881976414045e-01,1.094033724215046632e-01,3.952471646868548905e-01,1.695118143244416786e-01
3.392631280315356115e-03,7.824443923222706987e-01,6.573104619866269038e-01,2.679552047422626426e-01,8.868403653068728243e-01,2.620400244539357604e-01,6.946862350036053790e-03,1.706947471391585813e-01
2.993113828654448381e-03,7.714275139580401008e-01,5.932396699250283012e-01,3.716476875578849648e-01,7.450793072230991188e-01,3.180695254393848814e-01,2.461687229242175146e-01,1.696744347197964020e-01
4.641830354333358229e-03,8.573986708891938591e-01,7.945565874775946114e-01,3.215472702271587879e-01,7.224285480360429501e-01,2.619484431572030592e-01,8.603246813698937068e-01,1.666179267324121582e-01
2.279822335930321159e-02,9.107666094550033176e-01,6.928987284785707024e-01,3.148794000698915685e-01,7.778785187824910352e-01,3.726247041850743180e-01,7.813658254534311398e-02,1.698243837459766370e-01
1.571833476063105167e-02,9.087074010004917435e-01,4.273192901909177444e-01,3.370114355361700786e-01,7.620307095174273515e-01,1.172305121767933944e-01,3.462461676347161066e-01,1.696521227296028944e-01
1.795012144845517001e-03,8.240812325944255612e-01,8.122009115166543003e-01,2.932364730897947802e-01,7.567276320994671401e-01,2.479842104394507363e-01,7.497005160396836843e-01,1.672193773133418826e-01
1.310665323232969651e-02,8.454147577282260517e-01,6.863994322998339115e-01,2.798957051678885311e-01,7.998320658527000582e-01,3.010711293838450042e-01,2.081809930410063736e-01,1.699122958052584065e-01
4.094737792663344887e-03,9.012728991748193419e-01,6.239521720910139457e-01,3.407405844120634519e-01,7.844357108378383625e-01,9.924072710939541020e-02,2.235533433664777248e-01,1.701976774996701303e-01
1.724383786094091375e-02,9.132176031923344706e-01,6.645264925159448666e-01,3.283171868573673269e-01,7.775459729224795113e-01,2.692191436461623399e-01,1.778215118713424303e-01,1.698774332440801949e-01
6.126182548075852913e-03,9.025497131446942323e-01,8.376613073118275299e-01,3.167905995871314051e-01,7.856384374114029345e-01,2.188627777857297951e-01,2.474878435175549285e-01,1.698200652010101175e-01
6.830174240722369609e-03,8.891952461420369325e-01,6.234690680585163181e-01,3.553848325798616425e-01,7.260175895681891811e-01,2.244613933755769675e-01,4.263141414102207816e-01,1.685295205275870178e-01
3.635502366264257296e-04,7.719167586140435189e-01,5.920557091953825291e-01,3.546682694009817283e-01,7.701878728331368329e-01,2.423716740742651310e-01,5.808135519870943897e-01,1.676400691956663469e-01
1.808492441398458495e-02,7.670693228501485050e-01,6.056748472993092047e-01,2.897548813181079486e-01,8.334720400569829435e-01,4.600393569220645462e-01,3.603992651566789718e-02,1.697302121333850167e-01
8.173054312414331293e-03,9.615148317476389650e-01,5.927193147816439689e-01,3.454995024469690867e-01,7.102723441083681477e-01,6.455373609912778976e-02,5.947598260610293952e-01,1.685702233062606747e-01
8.375065145255562032e-03,8.547633398700670293e-01,7.406238657942751935e-01,3.317464972604481366e-01,7.651468035109282306e-01,3.246185294524373544e-01,1.823784850073289221e-01,1.700368477503102216e-01
1.112376997378358538e-02,8.705018630511266453e-01,6.408955043483823832e-01,3.898787739264379382e-01,7.404503911358178980e-01,3.457742888334268683e-01,8.800755691624440047e-02,1.699425971477006581e-01
2.461850519425982931e-03,9.181641304113993263e-01,6.887666231314202303e-01,3.833091326482699346e-01,7.618552710360482205e-01,1.261921225538916724e-01,3.576950595859764159e-01,1.693566562259128938e-01
1.213366668801019871e-02,8.794855360979458858e-01,4.637211358110404080e-01,3.044691678988835082e-01,8.156932949164968916e-01,1.270804182722351516e-01,2.512977391705814023e-01,1.698938175036020792e-01
3.936939349882161848e-03,8.843604386864648559e-01,3.804933936748400303e-01,3.351483077715369241e-01,8.332392942496600341e-01,3.212375131104849846e-02,2.957378243238711346e-01,1.698774875732300682e-01
3.750906082330162684e-03,7.497035800616125290e-01,4.428955854152415439e-01,2.719830185558396729e-01,8.326654818492711385e-01,2.283500107450632532e-01,2.823121221687807103e-01,1.693977403048053665e-01
1.021697306357318216e-03,6.474220030451622865e-01,5.878476288476869316e-01,2.399150809636332315e-01,8.957317188342973635e-01,3.963637794733244069e-01,9.743189847830474593e-02,1.700052688093492137e-01
4.547770035132111220e-03,9.316549245738462437e-01,6.960056977635896702e-01,3.072446198366064474e-01,7.671872171830010911e-01,1.320467748702117416e-01,2.600155737027803893e-01,1.697328887119272933e-01
1.907581576224231731e-03,7.636912899010163125e-01,7.103814016973180046e-01,3.321298042330781963e-01,7.195895568385727303e-01,3.194934012987427074e-01,9.130284649212094816e-01,1.664855650538609733e-01
6.337718337011237490e-04,8.435726896153443732e-01,7.859939995148680358e-01,3.587267358120437288e-01,7.708346951793840773e-01,2.977512174951064683e-01,7.344213564935370142e-02,1.706876634410108007e-01
3.249514589579313543e-03,7.355391782612346052e-01,6.742608053409754332e-01,3.801769172951906528e-01,7.705987465049410901e-01,4.695887302223781257e-01,3.190757174095149029e-02,1.701693668929613878e-01
1.337265786762806795e-02,8.709386791489536206e-01,5.794571226241475026e-01,3.380034645738062560e-01,7.520599295618339841e-01,2.791137226300305918e-01,2.057986105574435565e-01,1.693835583287126578e-01
1.805171658621939484e-03,8.197779371084249478e-01,8.492748973818137204e-01,2.828131168620143798e-01,7.295960162958049500e-01,3.064283455863084371e-01,7.687672145665555012e-01,1.675026251687434520e-01
4.805699095798542791e-03,8.941194759863881902e-01,6.545416695462960011e-01,2.918539757086222042e-01,7.409335660064070295e-01,1.014969844293084344e-01,7.591130184392584912e-01,1.675739505540291274e-01
6.254743578487416064e-03,8.508789624945605201e-01,7.549045313361957277e-01,3.260869970554021724e-01,6.997548362282566270e-01,3.188630609878455591e-01,8.394591813379803646e-01,1.665570019139558378e-01
3.320178726248441611e-03,8.673217246944570080e-01,8.243252575015230788e-01,2.983866695582008122e-01,7.669435223460160378e-01,2.233617063912466394e-01,4.550314907761426331e-01,1.688229525480216819e-01
8.532145080729532094e-04,8.906418563223197360e-01,5.385741304094173731e-01,4.194056917576399757e-01,7.251352372131241175e-01,1.331716052380115811e-01,3.793814571785461554e-01,1.692846066545105055e-01
1.338362333627363468e-02,7.907303975705708421e-01,6.781633170301946123e-01,2.401017939863123729e-01,8.496915423050640515e-01,3.762194826050160867e-01,1.584771375838489593e-02,1.702259450235900917e-01
3.242711976472053073e-03,8.039035415705814147e-01,5.083185493512200059e-01,3.511732878492415111e-01,7.148198136139539693e-01,1.644052826872194895e-01,8.308137100957553312e-01,1.670677932431513524e-01
1.191452448333702591e-03,7.427062227630548685e-01,5.522739503544553674e-01,2.559852417851932183e-01,8.640826329966386776e-01,2.807558587278140005e-01,2.335616265048434670e-02,1.706500556032539417e-01
5.793044639452918365e-03,7.792468242055906602e-01,4.785225351574059482e-01,3.061962575026889732e-01,8.041426175179486879e-01,2.805893902706407261e-01,1.302482392229996622e-01,1.697682476140868479e-01
7.311014809009350190e-04,8.090465148438389376e-01,5.017337713024281332e-01,3.593070623036800360e-01,7.837381731243842076e-01,2.084006691545527978e-01,3.228033492066044174e-01,1.687515702534056194e-01
7.607890413307111591e-03,7.899440565267478176e-01,5.752596755572715326e-01,2.965286267733768799e-01,7.964476756479244024e-01,2.715868361995670277e-01,8.499049225531052354e-02,1.706490768473449826e-01
2.366006753479013916e-03,9.413875530900712718e-01,7.126885141721710504e-01,3.799891284061539531e-01,7.409043713850018698e-01,1.261577101306443072e-01,1.946497374777444445e-01,1.703455889943427670e-01
1.295660932976417518e-02,8.539883290155166895e-01,5.636772974625252619e-01,2.869319631115586078e-01,7.931312753005740346e-01,2.407917784958048535e-01,7.665326378168701993e-02,1.703661127467347713e-01
1.700026636860177756e-02,9.399416600793362164e-01,6.205042195819859829e-01,3.506461909483913342e-01,7.981324854246102385e-01,2.105820443937288788e-01,5.473247253576463134e-02,1.703021088425151486e-01
6.628092433400455639e-03,7.999048150112963995e-01,5.170968314541092292e-01,3.528475709100480362e-01,7.401888796533369064e-01,2.473530099161978801e-01,3.643106702094881522e-01,1.694218653747736614e-01
9.963221085905025684e-03,8.612236366945860144e-01,6.076027348110398796e-01,3.421205853286687359e-01,7.756171812606775795e-01,3.074350524437362009e-01,1.930730756859986852e-01,1.691546312125815910e-01
4.261946883014773244e-03,7.035502027481477239e-01,4.787908102693679280e-01,3.632607674494460204e-01,8.061428834207794436e-01,3.701492921799085511e-01,2.683515557967907084e-01,1.687682707969541118e-01
6.138274877507940430e-03,8.349010026850348654e-01,4.948547603522430172e-01,3.460102904133505186e-01,8.377443174935779169e-01,1.969036811909505857e-01,1.720120376832240949e-01,1.694862130997645266e-01
4.221709589407686425e-03,8.121913510038425432e-01,6.277521097910691017e-01,3.770473593529020118e-01,7.389382761871778893e-01,2.674309889331553114e-01,4.309129067886644515e-01,1.690159868943371668e-01
3.645780218402908113e-04,7.457043303278054758e-01,7.704957033033550395e-01,3.381351455804725847e-01,7.788647871095614184e-01,4.271185090484905800e-01,1.756248772153199411e-01,1.696623288819743280e-01
8.709131547130835593e-04,7.080264111915363090e-01,4.214171740215589823e-01,3.040691739472120014e-01,8.443086319709901533e-01,2.155773197922342399e-01,3.898328935129981576e-01,1.688604905981681559e-01
8.584631086696482144e-04,8.163277846130729820e-01,4.783934237398732581e-01,3.086656420847958548e-01,8.507157500340329914e-01,1.444298055704205663e-01,2.580393271562911872e-01,1.693355491937820756e-01
1.224227277285947629e-02,8.429486240354276960e-01,5.760888246799416024e-01,3.096716294936314728e-01,8.208498798051041545e-01,2.260447013000905780e-01,4.178119591936912958e-02,1.706228142140998050e-01
4.298159342088894719e-03,8.138704111699638366e-01,5.079825406695587242e-01,3.693118080017753213e-01,7.896358916541262873e-01,2.531271948104945047e-01,8.605806506334851003e-02,1.698298950676449537e-01
1.418872063438961217e-02,8.613957925634435631e-01,5.982157390867827162e-01,3.238967791954643904e-01,8.262722965415010279e-01,2.710439889198877350e-01,7.179702067380100416e-02,1.700671237697559124e-01
2.287865901547208453e-03,8.259908592369825664e-01,5.740066497771928455e-01,3.864175633577514590e-01,7.553454295218363646e-01,2.426653535469524003e-01,4.388299255691539003e-01,1.680761720831444317e-01
9.462398329603194033e-03,6.603088559319375550e-01,7.761863343702086748e-01,3.493276160665026997e-01,6.911794466702989581e-01,7.266636349869824985e-01,9.823250511287382469e-01,1.653986597440393058e-01
1.063513362360131095e-02,8.635806517693453976e-01,6.297114631226845560e-01,3.708678825604700968e-01,7.414423771354887727e-01,2.557007992396014284e-01,2.459785295343596134e-01,1.699512701284213445e-01
5.418513669088013962e-04,8.065994184807137035e-01,6.430883944561943677e-01,3.650925637051435912e-01,7.672195641829822055e-01,2.608413815520601586e-01,3.484453280134517938e-01,1.689754230862197670e-01
2.306177964138783967e-02,9.964565326773850984e-01,4.725411952707584406e-01,3.265448426129502479e-01,7.692877791628888184e-01,1.275595034825645069e-01,1.391721668734778872e-01,1.704135179466954308e-01
7.477503556563898195e-03,8.426358716098565349e-01,4.812169616322602428e-01,2.721654327804517437e-01,8.376102834968250921e-01,1.330424220377333655e-01,2.573524120587661335e-01,1.696388063233611743e-01
4.830980128014226299e-04,6.874920855608002146e-01,4.546775215801909797e-01,3.005558979608157211e-01,8.053354138627648595e-01,2.990115568219338105e-01,4.024612642783400585e-01,1.685816501437719661e-01
4.469031634447478973e-03,8.736235733775059575e-01,7.017919170579763888e-01,4.088109193762459181e-01,7.254861642886779594e-01,2.855145541401137299e-01,2.844282247159046761e-01,1.693703872822795997e-01
8.212524344878589788e-03,8.556669449742471123e-01,5.166827417440345016e-01,3.612317792917446591e-01,7.615152693491696878e-01,1.768863945842608087e-01,2.990396231592565290e-01,1.699792338893181820e-01
7.627207243019427929e-03,9.094559735372956810e-01,7.629041841987789230e-01,3.071361094441190653e-01,7.419158866169864863e-01,1.657314238196904432e-01,5.881612082885309123e-01,1.684470443464223255e-01
1.194442728949037837e-02,9.374684494555730607e-01,5.848172137289853190e-01,3.251149364756327764e-01,7.823260936222912187e-01,1.923173836814002224e-01,7.431544231478198759e-02,1.701339644458131628e-01
4.089030765359534005e-03,7.446602187072201007e-01,5.251919333217160979e-01,3.663164768612431343e-01,7.757998045725972291e-01,3.081697088759692837e-01,4.702155948304794220e-01,1.682032307084327105e-01
3.068964809463824508e-03,8.098022280538865747e-01,6.698366095942127618e-01,2.748707939225048524e-01,8.668460238420648833e-01,2.507116395642376983e-01,9.349361408771506010e-02,1.701370143306810412e-01
2.141413712186474722e-03,8.042506549037264918e-01,4.727852236919956042e-01,3.398075995978745434e-01,8.064438884445324085e-01,1.763072674944552998e-01,1.957513809039105601e-01,1.697857003810880616e-01
6.315505235164851905e-04,6.809779520583942869e-01,5.761114261753730315e-01,3.745206973139164064e-01,7.247842746519266299e-01,4.091092250064879421e-01,7.449971567391868721e-01,1.666100678463114104e-01
8.029554596565506575e-03,8.072368885524889848e-01,4.939601570515515516e-01,3.320414674971839397e-01,7.910376941221399782e-01,2.335377202335599534e-01,1.769238515384355392e-01,1.698609325769682710e-01
1.303990333259290486e-03,7.721978199786636576e-01,6.838578440051332752e-01,3.184276004202121202e-01,7.849863504255290003e-01,3.382880786536217044e-01,2.825400525463319101e-01,1.692337744695217860e-01
5.519950206229768536e-04,8.514301047700347791e-01,5.587295393203058902e-01,3.329368671027485016e-01,8.629593597755106371e-01,1.474972859534505187e-01,6.884526034944654649e-02,1.701653283300278707e-01
6.311519907435027971e-03,8.666948860350468520e-01,6.126756829301169827e-01,3.505130088359274532e-01,8.156090900257193521e-01,1.966382240822365235e-01,9.164577061709744399e-02,1.703946078239292339e-01
1.621625216166718009e-03,8.314107290798978811e-01,7.567434005401519892e-01,3.724099898378370188e-01,7.487862643183458289e-01,3.184271622027255999e-01,2.451080029372577351e-01,1.698322652068622041e-01
6.459273173491323489e-04,8.505344025426767596e-01,5.328612413502122891e-01,4.087606919667112204e-01,6.919493070151137015e-01,2.246102395441201827e-01,5.537656439380006512e-01,1.682043440276020096e-01
7.924464616771901768e-03,8.876657670918970400e-01,7.631648331779750105e-01,3.713668793332660645e-01,7.486771132355695135e-01,3.399791382439418808e-01,3.926067206203381899e-02,1.701691887420761218e-01
2.596890844803414859e-03,8.233720942800887288e-01,7.179085044173699748e-01,3.335780029795976653e-01,7.409165367292854798e-01,3.152684725507844954e-01,3.437633399105208820e-01,1.691576058772247260e-01
4.772610594747275781e-03,9.125935580664173985e-01,4.990487706775080801e-01,2.960124169421835538e-01,8.545948905609304092e-01,4.950383775032979328e-02,2.070388664404685386e-01,1.698412006771995719e-01
1.199880319341832535e-02,9.991622873756880185e-01,6.427985215831417687e-01,3.595741431091014628e-01,7.301626924858486412e-01,8.742759227873295180e-02,2.372422730059445539e-01,1.705450193612650656e-01
7.307933284306376148e-03,8.509139482529947118e-01,5.194356168860442269e-01,3.317287830636651558e-01,7.663330666229632993e-01,1.655902976871438947e-01,2.412573502914120427e-01,1.701265508032298590e-01
2.867766653682960083e-03,7.280893222218940419e-01,4.592630901382124819e-01,2.833998704062556384e-01,8.466669241678002056e-01,2.690459917953461066e-01,2.487022508970407331e-01,1.690792821129187551e-01
1.945569466924272108e-03,8.331410406383485956e-01,3.732317520003383127e-01,3.775270791883864052e-01,7.295435294089308575e-01,1.145736463959854401e-01,5.172041822453378179e-01,1.690886864096249609e-01
6.386463947689457500e-03,8.272383659667118527e-01,7.517624957740204339e-01,3.172900731916007966e-01,8.137182655419354926e-01,3.501027501100899553e-01,9.343175885133692127e-02,1.698319056227177437e-01
8.104323838629048232e-04,7.927197011427177253e-01,8.358163508169860201e-01,2.917517379750856343e-01,7.223440393133269133e-01,3.036389635416044119e-01,8.710236999919621637e-01,1.669847466332623209e-01
5.000579226734070543e-03,8.682028712042794139e-01,5.101181360653531671e-01,3.472919783388253578e-01,7.227265102804487640e-01,9.569965194612317649e-02,8.472500464660223107e-01,1.671653732091236688e-01
3.070321468660566940e-03,9.161619807473481147e-01,7.302652251047736520e-01,3.361607982623371904e-01,8.346858097286203870e-01,1.352049773635964347e-01,6.735758761139648554e-02,1.701944022326904449e-01
1.082156842088773108e-02,8.805146595230022299e-01,7.067412456619115435e-01,3.366733992235398376e-01,8.062085903689192312e-01,2.324730234510038462e-01,1.093754750311620727e-02,1.707229705575557532e-01
1.175659094071650722e-02,8.622177084166111616e-01,5.295463147970174145e-01,3.294285909478424368e-01,8.254347588982380302e-01,1.843216781367990054e-01,2.037170174963260083e-01,1.696854912876381849e-01
1.138776309484633605e-02,8.739560205782080926e-01,7.384553629590158152e-01,3.510142598998998720e-01,7.441852836893797507e-01,3.923132367475851145e-01,6.068026636553902620e-02,1.702862197275216427e-01
1.179320800884369608e-02,8.025906467895919105e-01,8.034842733920746216e-01,2.656336936823430750e-01,8.298391883347866482e-01,3.695052198673251520e-01,2.864811110860515653e-02,1.707856354145879108e-01
9.326725150302127634e-04,8.468470758825049627e-01,5.533330895338050004e-01,3.682645822063428387e-01,7.396822813091621374e-01,2.025831949863711179e-01,4.371328653272142373e-01,1.685755534907908137e-01
1.353666002356827477e-02,9.073246135525745437e-01,6.176126045673071552e-01,3.414046597719233023e-01,7.405798402025356442e-01,2.606971496319988035e-01,2.281172596679144626e-01,1.699556371500083318e-01
8.165422246890416402e-04,7.367312967411241420e-01,6.682034778142043052e-01,2.948284387955241725e-01,8.269902963749051761e-01,2.896019877644085416e-01,2.575746595204787548e-01,1.696426185818852850e-01
3.663864462683093411e-03,8.920801423941726593e-01,7.713846056473132595e-01,3.486428605176996043e-01,8.047134790725184450e-01,2.308887910741451721e-01,7.070026990672217959e-02,1.698798201362105020e-01
2.124943770727139025e-04,6.803208369373957565e-01,6.525568076155914277e-01,3.103588124284213379e-01,8.274521324461761029e-01,4.511826969210429583e-01,2.192728430774690818e-01,1.688222101869143454e-01
5.323703553779802339e-03,8.890888645503045584e-01,6.010305306810905801e-01,3.689728027916558961e-01,7.440213714046239879e-01,1.677753925843732119e-01,4.772533010727818548e-01,1.681788485233106645e-01
3.773171059234863185e-03,8.484050788292640810e-01,6.258085250862707172e-01,3.348087971277517449e-01,7.869590874464668095e-01,2.361518203992649112e-01,2.575251046429813950e-01,1.692189876314732222e-01
4.179444061431258559e-03,8.375493519507803963e-01,7.018861203180737363e-01,3.180341224488268947e-01,7.840424020214844525e-01,2.759607716384634424e-01,9.516971750881392245e-02,1.700157080108604113e-01
7.441038789725988242e-03,8.314807883468048333e-01,4.045153467999803576e-01,3.396346368494913004e-01,8.217296015244041074e-01,1.669349299397797359e-01,2.029729848814808835e-01,1.697415745194952863e-01
2.882100207419312915e-03,7.817015442753597609e-01,4.620795589696231054e-01,3.004514887254165489e-01,7.935486899528773064e-01,1.725567073863772671e-01,4.439546984986667555e-01,1.690006313673023397e-01
1.606407112796462422e-02,9.543810998809253432e-01,6.296134104596889935e-01,3.323211723224107073e-01,7.188215897200664894e-01,1.932437538667038934e-01,2.411133386803027689e-01,1.703271905206105996e-01
9.618738027859091710e-05,7.824184143164422123e-01,6.145615362654889280e-01,3.436038253491783823e-01,8.265235022236736562e-01,2.834832879713072851e-01,9.904857629109231620e-02,1.694968921483315794e-01
8.852126209277565855e-03,9.152585390362288909e-01,8.461998978613749500e-01,3.372401499344092612e-01,7.897878936805901029e-01,2.407745120896596369e-01,5.105635284569576271e-02,1.706347611656762187e-01
3.130027909420674687e-03,7.472404048322683900e-01,5.881769398002240079e-01,3.405439858608889647e-01,8.297718519224130951e-01,3.347280292827023440e-01,4.290431933447125257e-02,1.698446554510854578e-01
3.206102002689217509e-03,9.160805400705367418e-01,6.937680550154621262e-01,3.247794107677549058e-01,7.335288716878473059e-01,7.694490052675745373e-02,7.837955669866362163e-01,1.674076291608173894e-01
7.633998903923321956e-03,8.258734292451936909e-01,5.712938779491413266e-01,3.630711607487522308e-01,7.622936392757686530e-01,2.325297302817794232e-01,2.482327817547888560e-01,1.701019513295492780e-01
9.261074841357269660e-03,7.555349089108247540e-01,6.613638540978146185e-01,3.008487185003372866e-01,8.242452021240217475e-01,3.873145334409537344e-01,1.341595265034024043e-01,1.699181002192463597e-01
1.753626937003619976e-03,8.740508050374731219e-01,7.769764056463459578e-01,3.525285722127932120e-01,7.482100335974635197e-01,2.124356861218274495e-01,3.836585177375716471e-01,1.690737236563997492e-01
3.540738780949994648e-03,8.202561352865915811e-01,8.917630876500853843e-01,3.218168029651980455e-01,8.036317132719666967e-01,3.640743056451569148e-01,1.189922845561320885e-01,1.700502151599801171e-01
3.513696086389616127e-03,7.246020601077148848e-01,7.938422274391354616e-01,2.881526556860777855e-01,8.406215462145925077e-01,4.777906126939250875e-01,1.665530306659546156e-02,1.705672793144195620e-01
9.961893957435071639e-03,9.444215126545838501e-01,7.816279583182412782e-01,3.777884635872313379e-01,7.471028503797244591e-01,2.661302202407225259e-01,1.052308883402863215e-01,1.700664211078773691e-01
9.958846797427416131e-03,9.920283111457691705e-01,5.685234647188844859e-01,4.055513692200734543e-01,7.525586663303233115e-01,9.864696459596206113e-02,1.884306679552809616e-01,1.699472770419509227e-01
1.111587278104264262e-02,8.525167347074075197e-01,6.413972772528441224e-01,3.593743489131543400e-01,7.287351112216439164e-01,3.320476122510259698e-01,2.110602216989094781e-01,1.695824618856862365e-01
1.364145494908984221e-03,8.857619032867598552e-01,6.715786382024119261e-01,3.122094759581485746e-01,7.540068357407875288e-01,1.376211044274476269e-01,3.615363617452148626e-01,1.696466247782505710e-01
1.275583475025799350e-03,6.255126133558827073e-01,5.505737690456491418e-01,3.081921760293118706e-01,8.361956296321830795e-01,4.560164513232234373e-01,1.684784976588509786e-01,1.695547501582750360e-01
2.161525892943935018e-04,8.869077708952493033e-01,6.239305270969188744e-01,3.390486868309321999e-01,7.424526882685192897e-01,8.886110648718378857e-02,5.421246694935447641e-01,1.688998397819093389e-01
1.776060610087809577e-03,8.023164505216717757e-01,5.863752864668422271e-01,3.158689414986455279e-01,7.874554783092218013e-01,2.292538425910932154e-01,1.817640424549721301e-01,1.700689556075064557e-01
1.335106998855608434e-04,8.615756170051358520e-01,7.682176971581486935e-01,2.841185349594019804e-01,8.420018777336554239e-01,1.776403193971683170e-01,9.869746282343155874e-02,1.704128323144756263e-01
3.925269063793577519e-03,7.915560015216867029e-01,7.709892049687103732e-01,3.121325835377798397e-01,8.250793561842317825e-01,3.152570533751162252e-01,2.126276981844172631e-01,1.694575247670702667e-01
7.307944950303707499e-04,8.972476655877582585e-01,5.271834930465744140e-01,4.345796969807592669e-01,6.650937239690504210e-01,1.598535242951005519e-01,6.881897166157456835e-01,1.673733375965987535e-01
5.178336584057453840e-05,6.849002424298871183e-01,6.590817786826446145e-01,3.560208195315220370e-01,7.019917604197141170e-01,4.836187842508524737e-01,9.604688891510658744e-01,1.650437658828399490e-01
9.136095712348898945e-03,8.451526878481393501e-01,5.280862838935780346e-01,2.649217433111455966e-01,7.909384426173426963e-01,1.534688821281466331e-01,3.528097746836035276e-01,1.696589272778538382e-01
8.653702283175244633e-04,8.607494467429731566e-01,7.326753885159096313e-01,3.944941093303957480e-01,7.969329507024097703e-01,2.378547725328302165e-01,1.700544588501861076e-01,1.695661686417339886e-01
6.262405629172112381e-03,9.124796691174321683e-01,6.155147973903543068e-01,4.051524419528109711e-01,7.051839569301896482e-01,2.201424470665626076e-01,1.945798486911331504e-01,1.702881748632673053e-01
9.245279189244308068e-03,9.005083093646699677e-01,7.306517681837283451e-01,3.071333383730778244e-01,7.846262213163484045e-01,2.491115918473363333e-01,1.728327193016597207e-01,1.694892191915273738e-01
7.579347970978391608e-04,7.348968190508184950e-01,4.980531373580528998e-01,3.836262152212007726e-01,7.758377700325964632e-01,2.898401325056832456e-01,2.083133934655314601e-01,1.696701492824676805e-01
2.088886014378529485e-03,8.542254570680074544e-01,3.667621510678340524e-01,3.808696843876642757e-01,7.064405360270822332e-01,1.176567095897305126e-01,5.858297888896998318e-01,1.684816018495351453e-01
1.766483396305528614e-02,8.972363474694540209e-01,7.994930455637897504e-01,2.335717952768774364e-01,7.200350679225777650e-01,2.412954390625950407e-01,9.118307875163513820e-01,1.671784822857965425e-01
9.696369862003681797e-03,8.015242474506322212e-01,5.301764552128428454e-01,3.330838837384981765e-01,8.199326442080439037e-01,2.434185890222333448e-01,4.847796460215630932e-02,1.706456129188884674e-01
1.450242146383004527e-02,7.996696048473214136e-01,5.980606682307423316e-01,2.837999817387162893e-01,8.266166572880407903e-01,3.280090957787953343e-01,9.823418270772749095e-02,1.699091892971801021e-01
6.237060944106163907e-03,7.994879997640198521e-01,7.689880608165912124e-01,3.702409011954851947e-01,6.940710006870427495e-01,3.858240083866161241e-01,9.288049449413035008e-01,1.659736521738213177e-01
5.698516872396559331e-03,8.988581836757155719e-01,4.344100652957001429e-01,3.673697177165654582e-01,7.429384632134994337e-01,9.228191815079478388e-02,4.279690811874439227e-01,1.694463808348700418e-01
1.694861396544702914e-02,7.956504097820483734e-01,5.351994415877190381e-01,3.387804874628881358e-01,7.789039020010866121e-01,3.626675257475908687e-01,2.409620053330577549e-01,1.691334158330292936e-01
5.139200941776916887e-03,8.073066485862451236e-01,5.594176124102014924e-01,2.288828294935864593e-01,9.123246833150590041e-01,1.313292192941812597e-01,5.780778643363709834e-02,1.706661041218061337e-01
5.993462367426535126e-03,7.589874256261903707e-01,6.503078465512388551e-01,3.021540705488976464e-01,7.968151360600311817e-01,3.293620275540395381e-01,1.095903604528677966e-01,1.707601175298650853e-01
1.569276066625210214e-03,8.370326011322373194e-01,4.947354426445035314e-01,4.344548609013618723e-01,7.098878116012904416e-01,2.098687506195745789e-01,4.717754140140858476e-01,1.686686473257604235e-01
7.277056182794738176e-03,6.997216809216806332e-01,7.560979110464290942e-01,2.966674467187664366e-01,7.391215108875311968e-01,5.229854155843139951e-01,9.781137120529521667e-01,1.653292230631367710e-01
7.654193624378547237e-03,7.620724644056331432e-01,5.275138397276749602e-01,3.462822925725564382e-01,7.703373015346812736e-01,3.411058220983376743e-01,2.012178145423245967e-01,1.698637768406753012e-01
1.030887666877315818e-02,8.073376526847333423e-01,5.019587146866587579e-01,2.528523105185393471e-01,8.588587429337478651e-01,2.217596244367935621e-01,9.535542966949417387e-02,1.700771350367695500e-01
4.477525542040013129e-04,6.903011432426106042e-01,6.180949197147281859e-01,3.742067867798573033e-01,7.971815267563521212e-01,4.787845357935293089e-01,6.236272040426232843e-02,1.696616040263257963e-01
1.743950599185030426e-02,9.043702087613808560e-01,7.071117276245063588e-01,3.134410753976538677e-01,7.956954500661443941e-01,2.746868928750331729e-01,2.614498019618649582e-02,1.704646694221528258e-01
3.539510268679608995e-04,6.590590323693936714e-01,5.254880009487848946e-01,3.291698870092695239e-01,8.249460635652671181e-01,3.848473694485951557e-01,1.326517783182358801e-01,1.702060142861331893e-01
1.378400616884939249e-02,8.210342424805826544e-01,6.514744553467224364e-01,2.150471336127732780e-01,8.638705620749029812e-01,2.725553206612341128e-01,1.452091339490024779e-02,1.709576578965641691e-01
2.247938860621155610e-03,8.112091360492721392e-01,4.589211978842238082e-01,3.100010642795011373e-01,8.193504404867524293e-01,1.292844008858938798e-01,3.888930665831398237e-01,1.688534322348117511e-01
6.604701512319090945e-03,7.527189378244849571e-01,6.607113879044155258e-01,2.477528541123144024e-01,8.287460246901751093e-01,3.839561573798556671e-01,9.674863278749279427e-03,1.707503801131681487e-01
3.456236315355104560e-03,9.289577499176681075e-01,5.265980183916666446e-01,4.157726144307907212e-01,6.732590724762163026e-01,1.315197223276211580e-01,5.109987076285473773e-01,1.690889129199538432e-01
4.837534582787593462e-03,8.392985306879293672e-01,5.711693423665115121e-01,3.062242481688127738e-01,8.310292376082843990e-01,1.510813746904988986e-01,1.633650662281482813e-01,1.701354061125718575e-01
1.979599357427308179e-02,9.018050172426329558e-01,5.137976543011273378e-01,3.245035647800914580e-01,7.384496409717387078e-01,2.418232042518984881e-01,2.426174120760622999e-01,1.700802030130443843e-01
1.289762239461486951e-03,8.315192567839533311e-01,7.285851170797275067e-01,3.188627148218296514e-01,8.230716735138677853e-01,2.037042923444950804e-01,7.591281611704081556e-04,1.714724183219902554e-01
5.581656741389927692e-03,7.052731018580140621e-01,7.191101791550208455e-01,2.905130853715306993e-01,7.423283462165121138e-01,4.686025611248727518e-01,9.911610642281327710e-01,1.652836179520406346e-01
3.697237905863891630e-03,8.558936114492443625e-01,6.092399074849162988e-01,2.946179577355503842e-01,7.966958990319622513e-01,1.058589406481825479e-01,2.952301440730571436e-01,1.701940212407662967e-01
8.313975373181441836e-04,8.427215316446557969e-01,5.293668094910367605e-01,4.338652790300389639e-01,6.777008363553548298e-01,2.295120654133817328e-01,6.166338944070260952e-01,1.677720870852436597e-01
7.405397350293099409e-03,8.352331179422326501e-01,7.896262896612192828e-01,2.928891001210167655e-01,7.225333639002352593e-01,2.757489255509776860e-01,9.511599750035309997e-01,1.662440163078921507e-01
1.412079423410952245e-02,8.085135906976541609e-01,5.422928743937236451e-01,2.969855616289026612e-01,8.314526491241641670e-01,2.980636639064045967e-01,1.818611284993994492e-01,1.694666659718184476e-01
5.920355132261450465e-04,8.346995077196532886e-01,4.664601561813421227e-01,3.272086180070726824e-01,7.885163151736013232e-01,5.653630310718688046e-02,6.153968917675431971e-01,1.682648465536936422e-01
8.076243768286734889e-03,6.166426583636407388e-01,7.939756540128239948e-01,2.912690430227242722e-01,7.536172663900849722e-01,7.235641307725451110e-01,9.981012353071745391e-01,1.652403855036500002e-01
1.106084458718875965e-02,9.356366282006431945e-01,6.267779618610685999e-01,3.807769426546356861e-01,7.207734275660973022e-01,2.149231693602516868e-01,2.985654528374863670e-01,1.690476586661087133e-01
1.022962110892399953e-03,8.120232994327454268e-01,5.352405836537672545e-01,3.612484243524729521e-01,7.388463083015606170e-01,2.339744660724047687e-01,3.734132883012575288e-01,1.692261903674547319e-01
5.227818419743826897e-03,8.055950678596346393e-01,5.179629211629269703e-01,3.231626661198485073e-01,7.850451052200622115e-01,2.414124309962436821e-01,3.253327885907423278e-01,1.690812835467623565e-01
2.352125621405774976e-03,8.693797034514254563e-01,7.187023021121055066e-01,3.845463624166782779e-01,7.403252472544550322e-01,3.118461130900468392e-01,1.522271202420893421e-01,1.695033271578570977e-01
1.956526713354922106e-03,7.324224949767148551e-01,4.649096061924995471e-01,3.447989550391732938e-01,7.505016627850229494e-01,2.350934361553849161e-01,8.442226263723460189e-01,1.665480439726183259e-01
1.776703710922604429e-02,9.383104614899344664e-01,6.854282065789178979e-01,3.115462567760434731e-01,7.979217717060400616e-01,2.532358210892172723e-01,5.609571681992009395e-02,1.699780490042245851e-01
9.674543882427780878e-03,7.287977310275371989e-01,6.554285264894823548e-01,2.618284534857706625e-01,8.290665077310237496e-01,4.296460110772452046e-01,1.322136206014163373e-01,1.697597288534464233e-01
2.531459133847486706e-03,8.048789220513345999e-01,4.473912923295094712e-01,3.024128046640097156e-01,7.640309915232865734e-01,1.542265180608466402e-01,4.581322334332014190e-01,1.690513770550240713e-01
1.777470154618209473e-03,6.933821138106970317e-01,6.302526507036941839e-01,2.403506697626514588e-01,8.715778643322185104e-01,3.462532051362269825e-01,4.087963205514227871e-02,1.709631595602412735e-01
1.608911631791782280e-03,8.614858563871671260e-01,6.502311533967136681e-01,3.110989727647683889e-01,8.279888492418794321e-01,1.481104281354838625e-01,1.700074256419607244e-01,1.696666074101504940e-01
2.285670446714802365e-02,9.700755746449454264e-01,6.232247492009508338e-01,3.635561059463742195e-01,7.359062499410345959e-01,2.929576610344638010e-01,6.981849945719414974e-02,1.701582107829668344e-01
1.527472322262244178e-02,8.199066115636889363e-01,6.586942185060961075e-01,3.377236552872449060e-01,6.566277448810468043e-01,4.174513301141070665e-01,9.751476357162600639e-01,1.659516939367749744e-01
2.401205766526698024e-03,8.774505004326123014e-01,6.046250358766191990e-01,2.521511504770355128e-01,8.359206356168161767e-01,6.705297566147647159e-02,1.554448690872433092e-01,1.708089425158674235e-01
1.934140526977444312e-03,7.649055247605051067e-01,5.669303575806119433e-01,2.823084712856263612e-01,8.809121969493459714e-01,2.435959725187911151e-01,5.488092309342090802e-02,1.703649979498519929e-01
4.635977781060843933e-03,6.984194854450445078e-01,5.789937976005237186e-01,3.335994362820726700e-01,7.171728316187170327e-01,3.555713900676982231e-01,9.924539652634298825e-01,1.658429976097329228e-01
7.737607307238814763e-03,9.245895440840883328e-01,4.489069424000785569e-01,3.192833900022968296e-01,7.960672160125540353e-01,4.232704628276606762e-02,2.860313406183571106e-01,1.699095760595305260e-01
3.555069537193693285e-03,7.715290498777714889e-01,6.277068895453847830e-01,2.762739599956475778e-01,8.832701287282748170e-01,2.257563366464110932e-01,1.112022396661913048e-01,1.699517168952293933e-01
5.397554896379486850e-03,9.118029985135841509e-01,6.829264322435588674e-01,3.792714559996163137e-01,6.965415625167512559e-01,1.521765101741724691e-01,7.009217126848843460e-01,1.677632371007978240e-01
1.123822624666346269e-02,8.444395170254024308e-01,6.605172178625215995e-01,3.319670479519840067e-01,6.809704393868449834e-01,3.133330320929525459e-01,9.570405542848582359e-01,1.657974201994629471e-01
1.479959954433900451e-02,8.787081779757632827e-01,5.763336907859990532e-01,3.448444248991661687e-01,7.770124308824736259e-01,2.836951930224191343e-01,1.259999370760659931e-01,1.696555826301647807e-01
1.416337011711381148e-03,8.208002394991316120e-01,8.074743280448967164e-01,3.887094034559422928e-01,7.379687160661467793e-01,4.022380201662310029e-01,1.455374731749594086e-01,1.699106957662384620e-01
1.815160384674715383e-03,6.848931896138505948e-01,5.585580380892085639e-01,2.609051403784067302e-01,8.787411038366539362e-01,3.477330139791569574e-01,1.461993523226812197e-02,1.703939099856842665e-01
2.372432381752055675e-02,9.868227156932899424e-01,6.256235001123018336e-01,3.419568018512851859e-01,7.344095813414833751e-01,2.217130544534820780e-01,1.659833328909617323e-01,1.704904040139069987e-01
1.892422428245027488e-04,8.369829036579816695e-01,7.704218345650046817e-01,3.593563441668303771e-01,7.464748501106573952e-01,3.141435228928122214e-01,2.886764707730450352e-01,1.691971746479250249e-01
1.053452885906519532e-02,8.539634334467991472e-01,7.706274331297325864e-01,2.654690993670491550e-01,7.895359453030322827e-01,2.912211396646642858e-01,1.881872957943698244e-01,1.701046047809465778e-01
4.091993045977039382e-03,9.007647669813679814e-01,7.193335992705188753e-01,3.778185612232377033e-01,7.419574757552062083e-01,1.720355416965825279e-01,3.063792431525276805e-01,1.697532350884951857e-01
4.599727880511786382e-03,8.950147557233201212e-01,5.147290997259117429e-01,3.450365447490338910e-01,7.232068892144192240e-01,1.234461156909547885e-01,4.631578576995447616e-01,1.691307085109035047e-01
7.286463575742599397e-03,8.243529434532435030e-01,5.509668351073858661e-01,2.487794242944726397e-01,9.147223864648235114e-01,1.809279180264794507e-01,2.106007642303220351e-02,1.701831313895521003e-01
2.792732005171551582e-03,7.759052579953025219e-01,5.183073254252450468e-01,3.518967750041193110e-01,7.600575744721611571e-01,3.049808716543895848e-01,3.363743979997501077e-01,1.689186941512526297e-01
3.356004842433891848e-03,8.776539362676643030e-01,7.349908688543143054e-01,3.685163541850202118e-01,7.815992132551743410e-01,2.205275203070656276e-01,1.514967185821589901e-01,1.699323280866714692e-01
8.532194385177088031e-04,7.806615976310375959e-01,7.666716973049587658e-01,3.151409473454723775e-01,7.621455396717536912e-01,3.609342779944554325e-01,3.046904696015233505e-01,1.692251363335341430e-01
7.715121132942588493e-03,8.325271580006178285e-01,4.210766070565709063e-01,3.176190869668129024e-01,7.761796751967015018e-01,1.651512486340604990e-01,5.101375404008987591e-01,1.682293902222910253e-01
2.180183047102465105e-02,7.988530771546519249e-01,5.179524678351801192e-01,2.490834637533563267e-01,8.202269414428464689e-01,3.354451282013259372e-01,5.599065793140806102e-02,1.705007653898949205e-01
5.853903227262877498e-03,8.009503717689911984e-01,6.659365126330090146e-01,2.755077065580792128e-01,8.288129417698132384e-01,3.109265171258236427e-01,1.653346410208200723e-02,1.702456804900954468e-01
5.734642327723978028e-03,7.274459750516706347e-01,5.289579110685953545e-01,3.256763560628125331e-01,8.214584520603771534e-01,3.281175810848564467e-01,2.329919718594334055e-01,1.691683003848684919e-01
1.808778813526096263e-02,8.689451189460678515e-01,6.468651700074157240e-01,2.754341079124346114e-01,7.799198348783181745e-01,3.362266584087094112e-01,8.972349967124149117e-03,1.707067677775695735e-01
4.953589036112223884e-03,8.932364053146464311e-01,5.567426516710286544e-01,3.899982621121940163e-01,7.593154106268596992e-01,1.111886381059750406e-01,3.488446884460196795e-01,1.694176729999612996e-01
4.232810515446815483e-03,7.465948811172543609e-01,6.913857768173935492e-01,3.287151007495113242e-01,7.920865436428544681e-01,3.701705803794125837e-01,1.558645107339669544e-01,1.701121666850186065e-01
7.617832498136700020e-04,7.763003374347549057e-01,6.062991541271754992e-01,3.184107353753588554e-01,7.565024876948025501e-01,2.823456735081573687e-01,4.395014886340065097e-01,1.689057787130039678e-01
2.428511183228721643e-02,8.946787797293797029e-01,5.147490321623898746e-01,2.788257442985938028e-01,7.659365836958950124e-01,2.790285182386046392e-01,2.377316447104979302e-01,1.696192462164307635e-01
1.161764025082059199e-02,8.281682554538256635e-01,7.625008275195824803e-01,3.133358910402364028e-01,8.242739907292238044e-01,3.351125217156296077e-01,1.111541556863654412e-02,1.705042389456935537e-01
6.449257734245378813e-03,8.033295828966500185e-01,8.222582998365808304e-01,3.040513988856377026e-01,7.916240979877383621e-01,4.090903898602316624e-01,1.225538962505647866e-01,1.703764358682036961e-01
3.589174677428898230e-03,8.455294949575343777e-01,6.528550802488064519e-01,3.104250673011588191e-01,7.710971413458934665e-01,2.318650401606962008e-01,3.353561519963241255e-01,1.691255161586088240e-01
1.379101675486096856e-02,8.105985722111691549e-01,6.383890404130327934e-01,2.814609882609526714e-01,8.231903695052424919e-01,3.315635284213482303e-01,9.464406681200415727e-02,1.701585378955489392e-01
1.434530917127917540e-02,9.284051620780027214e-01,4.514902102074191959e-01,3.192971786988094141e-01,7.795290362724426325e-01,9.668382179042778191e-02,3.424215700127831719e-01,1.694377486175907555e-01
4.733232305669372170e-03,9.104683203349949183e-01,4.634289438931197269e-01,4.069770578529010585e-01,6.713145784492158263e-01,1.214250160153734492e-01,6.402224329787911117e-01,1.684470837846449298e-01
2.993185315863567710e-03,7.844435610389181024e-01,7.494743986761897014e-01,2.806151728858249372e-01,7.531003893797583171e-01,3.052434735187328219e-01,9.011243875021537342e-01,1.662389127269131850e-01
6.094329556052246674e-03,7.683466316508068550e-01,4.211707357761688142e-01,3.687071520750125342e-01,7.604160032792592894e-01,2.157408961426142968e-01,4.258260444672816170e-01,1.690772569896070165e-01
1.851671004502457307e-02,8.733703432173505199e-01,4.551924687114476953e-01,3.291458751343448452e-01,7.865978147795295028e-01,2.388672088697454954e-01,1.589490723298165042e-01,1.697713686736275207e-01
1.725988541083699201e-02,9.947060855830907045e-01,5.426970238826110959e-01,3.101655096921913657e-01,7.726201740595408651e-01,1.058077176298566902e-01,1.402135292523176147e-01,1.706051615241973296e-01
4.849972267623561470e-03,7.924555108920109392e-01,6.699861371913574670e-01,3.331062806747172589e-01,7.938107295525810292e-01,3.317492778763981853e-01,2.784715146648541473e-01,1.692359625866685646e-01
1.123868776816175884e-02,8.465018831885523509e-01,7.011114627831347423e-01,3.789315802730998106e-01,7.626573583423320590e-01,3.931613702453183867e-01,7.233211480550788552e-02,1.700280792214954040e-01
6.949014411583702769e-03,8.466717288204086422e-01,4.645162248240114478e-01,2.989227122814900328e-01,8.178097475749487311e-01,1.050095605465818649e-01,3.625406076531746402e-01,1.693718405498470525e-01
4.151650259265979998e-04,6.842454413638290323e-01,5.885336147238581228e-01,2.605670458378542276e-01,8.974013394965643098e-01,2.945322948348108594e-01,1.508165572172569802e-01,1.699530837459777288e-01
6.071008016099634780e-04,9.025586873144555433e-01,7.565579573196765661e-01,3.314213056499233923e-01,7.341815450915039065e-01,1.435911542403967012e-01,4.354098121681165279e-01,1.693786131866186762e-01
1.529649776954456614e-04,7.686985917722424233e-01,5.663720863857991672e-01,2.887909494408438804e-01,8.446790501699374953e-01,2.444112882243335005e-01,8.030381770281991294e-02,1.700740809109727303e-01
9.827597087789118405e-03,8.096786942398478404e-01,3.219364055003537395e-01,3.519841912400669681e-01,7.391501259903643373e-01,1.649635479421831530e-01,5.138680151476316960e-01,1.686898021546549831e-01
2.173773679926824416e-03,8.386281741705002846e-01,5.276792852159016833e-01,3.280970339832213201e-01,8.368692941760964565e-01,8.828218861577621923e-02,3.705893120560304621e-01,1.692516479591700540e-01
2.432393317738593824e-04,8.428743550395799700e-01,6.939742204494979694e-01,3.286429321054292196e-01,7.341110258404359712e-01,2.116285281092309956e-01,6.385920528799351459e-01,1.675680816188340472e-01
1.524231258215348432e-03,7.896350952803297130e-01,5.011067645146776162e-01,3.731088109593308499e-01,8.307607870094272373e-01,2.230146538372362319e-01,1.489943685644747329e-01,1.696599538925692985e-01
1.092864112240219364e-02,8.642749801682889643e-01,7.860895852434715003e-01,3.410707523841842170e-01,7.283545057584541738e-01,3.747518565478614172e-01,2.963366571873049526e-01,1.694446375704684316e-01
7.246664274982999795e-03,9.442993175384277738e-01,6.565280582541150878e-01,3.501755009564047616e-01,7.628777948686380483e-01,7.864872556475560605e-02,2.858879596042245286e-01,1.702221701912843832e-01
1.184433249809246566e-03,7.899050800512155135e-01,7.300730314005181576e-01,3.659014273405331030e-01,7.111157719957135193e-01,3.499748094406264776e-01,7.685206485619995309e-01,1.667239516119663478e-01
1.097755790311835677e-04,8.734220073287108921e-01,5.813703137094923257e-01,3.625943595575606970e-01,7.446581868508370672e-01,1.538271365067049312e-01,1.852531621552258589e-01,1.704009186822346145e-01
5.877131190725358098e-03,7.674553574918019372e-01,7.182857287351158693e-01,3.702927705456844354e-01,7.637586789704068346e-01,4.729702596009703330e-01,3.211936082020394601e-02,1.705402003574290615e-01
1.075376321283976790e-02,8.367882810928148896e-01,6.612375889861545897e-01,3.511239350507825985e-01,6.701178486953441871e-01,3.612082170495181099e-01,8.711357863481985486e-01,1.662687228707391829e-01
3.409103425591870039e-03,8.366827590550620641e-01,5.929949549119764018e-01,2.748242919139771701e-01,8.501934842696189376e-01,2.131804574957799070e-01,8.097736846254743881e-02,1.701100188630622068e-01
1.206818857361680736e-02,8.018590917658978690e-01,4.602674428109622129e-01,2.497133333987663906e-01,8.681920594939074309e-01,1.696475083933975947e-01,1.900814020889441402e-01,1.702026223735448041e-01
9.180258815749709270e-03,8.775491095393255225e-01,6.617425113935709868e-01,2.879386098473031841e-01,8.111363846882100326e-01,2.307805264530793932e-01,1.878518754592847506e-01,1.696370841211114200e-01
7.392089435981877461e-03,8.270868784295261067e-01,7.186876496531933167e-01,2.856101467100460867e-01,8.124075598740042592e-01,2.723039011109584240e-01,2.869089868554365874e-01,1.691722679885923897e-01
3.866486952981263055e-03,8.483002776572809989e-01,6.796434533792069521e-01,3.225466066227589690e-01,7.649449274319474190e-01,2.061899220310767500e-01,2.639277376007299614e-01,1.701880083870442595e-01
2.374985466908242221e-02,9.021806966932608418e-01,7.072418827275204212e-01,3.248087018335695797e-01,7.388768842790347513e-01,4.238662225167174613e-01,4.085344507064486708e-02,1.705955622725398857e-01
1.542433394618348760e-02,9.182556086558076869e-01,6.027533884043998480e-01,3.356729348775297495e-01,7.884530803200299198e-01,2.431914212814777487e-01,9.115316105171633598e-02,1.699759809984433545e-01
2.000173650166814365e-02,9.539700006750656547e-01,6.042867937130935729e-01,3.249929606168805996e-01,7.876419200589491743e-01,1.836174802094912017e-01,1.276571763479423804e-01,1.700953831891285351e-01
5.509439090958486926e-03,7.948537051280031296e-01,3.623753036963812679e-01,3.724345963641528812e-01,7.411942588968203349e-01,1.980724312456548508e-01,4.527112312565819141e-01,1.687684991774229259e-01
1.015877515107582556e-02,8.134651251776137126e-01,3.332716845872994993e-01,3.603503027524909141e-01,7.829058103235418953e-01,1.801696148657058461e-01,3.339736200990467974e-01,1.691678275374668139e-01
1.642162953198705866e-02,8.848912331826386257e-01,5.849312233586244636e-01,3.087665356637021019e-01,7.708071004412541116e-01,2.726468349792100510e-01,7.387640807836787227e-02,1.704274173018654748e-01
7.921430953186736276e-03,6.927892576615751752e-01,6.823169895851307620e-01,3.629095213327511726e-01,6.960219222380774617e-01,5.491077158054531449e-01,9.607422245816278350e-01,1.654647982148000906e-01
1.827554935809374420e-02,8.823933105360453055e-01,7.120502767201659644e-01,2.674587982505968187e-01,7.868197850385226788e-01,3.049134023915621716e-01,2.168656466563555207e-01,1.698125677541518774e-01
1.400191155737067622e-03,6.956092099204419510e-01,4.537989878255094811e-01,2.311894281137716889e-01,9.154179897979584091e-01,2.166223368165162977e-01,9.258278290550181477e-02,1.705098552778790966e-01
7.806435842520244132e-03,8.087869880069874506e-01,7.643463365626269601e-01,2.873999767755992529e-01,8.102446934384258670e-01,3.143596648141749328e-01,1.401018268271504441e-01,1.700666780282478752e-01
1.081462074844173789e-02,8.699505756745244955e-01,5.753911337307604512e-01,3.223552385643444484e-01,7.733595241184781921e-01,2.736659873682932842e-01,1.723585872105599659e-01,1.694078117563748709e-01
1.337404678883557380e-03,6.797899977991993525e-01,5.749535738791280437e-01,3.701608050093511126e-01,7.118685159937935270e-01,4.553393949930998330e-01,8.042840804298869717e-01,1.660648644868665258e-01
1.435629129048668698e-02,8.987127882305009363e-01,8.327319297543007703e-01,2.878179781230163492e-01,7.641550157260277309e-01,3.444191354099294111e-01,1.249002616544806488e-01,1.702745649156983954e-01
6.598157089618830046e-03,6.669000160795466314e-01,4.185849543132405537e-01,3.505280807525127940e-01,7.683267909314500654e-01,3.555141554764900125e-01,4.914759634186997017e-01,1.682093087100314244e-01
9.692881123317698480e-03,9.304294002459050361e-01,7.268974444001584656e-01,3.507047267095597665e-01,7.486815786153545593e-01,2.005185461118498824e-01,1.509966736620588224e-01,1.705607647578143149e-01
2.692304371808773404e-03,7.483804452011260100e-01,5.778947430965986065e-01,3.272279103346372731e-01,7.492557368390395656e-01,3.421870621499748522e-01,4.153915466734056094e-01,1.687300860413542825e-01
5.567884291526145613e-03,8.255856292126159124e-01,5.929425323118977520e-01,3.940136076345944760e-01,7.709538865025858945e-01,2.852457902974659398e-01,1.459370480194328579e-01,1.697221982518717920e-01
2.676893411101920368e-03,8.437602639856658371e-01,7.478847907595269628e-01,3.789619321144080955e-01,7.501106483805424219e-01,3.163312391091577247e-01,3.514951222856688151e-02,1.706600891344829951e-01
3.862063623330363668e-03,8.646383261903078932e-01,7.672569834094373764e-01,3.324185606101503487e-01,8.107463829189354154e-01,2.978340184144951386e-01,1.866608135375991129e-02,1.701154903197452106e-01
1.566075313231178948e-03,8.118256387542919228e-01,4.319285904519640784e-01,3.762679710231238150e-01,8.028968555349497160e-01,1.450980342267051137e-01,3.888734498322782285e-01,1.688037587879927803e-01
5.874243779263904619e-03,8.856797942767264953e-01,5.206198879258963075e-01,2.832672996069272031e-01,8.413908879862104229e-01,9.192539221694351337e-02,1.715572580392256408e-01,1.699641095342027397e-01
3.173282906477316312e-03,9.113266932193917480e-01,7.044560102124866052e-01,3.623080197976160655e-01,7.910232653472842879e-01,1.456511759521302296e-01,1.321592386634021232e-01,1.700567185584227481e-01
7.466022841076855841e-03,9.922594376225815083e-01,4.649969634616955005e-01,4.245449529223945806e-01,6.891579142384729462e-01,4.984666059725448295e-02,5.078722279058580646e-01,1.691504066808354467e-01
9.308743556998020155e-03,8.023708704487836352e-01,5.878548774318709258e-01,2.922914128254433530e-01,7.922636349503990871e-01,3.112378224041613684e-01,2.406111321137556214e-01,1.692383681940436146e-01
4.191878627452474970e-03,8.238777502481962056e-01,6.038796081691105710e-01,3.699484688775064312e-01,6.887682546345967882e-01,2.610000683530522281e-01,9.349744611722274890e-01,1.657187013605795345e-01
1.225144468130033928e-02,8.524971117069486404e-01,6.086427003929276713e-01,2.554114730678864742e-01,8.097284367024932816e-01,2.531124705711744749e-01,6.561990386199784142e-02,1.705545413041036074e-01
4.662938784142876651e-03,9.251980865904474438e-01,6.131357265483841079e-01,3.384007214597288260e-01,7.557525473927786397e-01,7.871990826904970429e-02,4.862775570028288197e-01,1.687349034310127172e-01
1.367787105214630060e-02,9.380829778775279237e-01,7.029523496348767386e-01,3.262772916948641355e-01,7.776328186366224804e-01,2.002760518325595318e-01,2.202451984783597438e-01,1.698438377103476116e-01
9.482700092691002600e-03,9.974479098384707587e-01,5.226103256194193358e-01,3.534173875501324114e-01,7.666812056478455872e-01,9.892338785936483081e-03,3.907910098237266650e-01,1.695960660748666027e-01
1.110667859221193404e-03,9.198241581912564024e-01,4.853678097526935575e-01,3.926200125285596032e-01,7.282784631056021807e-01,4.082616312404338532e-02,5.578410418890203948e-01,1.688048408757233110e-01
8.274530833947328287e-03,8.679503685866217788e-01,5.048517628072360930e-01,3.115534235930565443e-01,7.626452477311674860e-01,1.492002162740667937e-01,4.144958908648305185e-01,1.689870344615092002e-01
3.859946394215562487e-03,6.973617107686826966e-01,5.032540560523539597e-01,3.236923216130078163e-01,8.177343918102044640e-01,3.613772097447088827e-01,7.141069792220428036e-02,1.700783563195129855e-01
1.081814233172162867e-02,9.318631210651037167e-01,5.101374723412837042e-01,3.430454798420063955e-01,7.376161642618953573e-01,1.309968828269609253e-01,2.839009756552714481e-01,1.701631324836928860e-01
2.036884027041163669e-03,8.931763111488610907e-01,5.942438072277657080e-01,3.619134443604288265e-01,7.623002923556710941e-01,1.354341777922998258e-01,4.322892098896126689e-01,1.686703190748522208e-01
6.153307174693728454e-03,8.146156896834386707e-01,5.716208404086174921e-01,2.288396273462963704e-01,9.301591991447714092e-01,1.725277743890752669e-01,1.725227914244109595e-02,1.702990118630274274e-01
1.059927705648000540e-02,9.652449881542255472e-01,4.984212440021730250e-01,3.652874577270319723e-01,7.515340739357700972e-01,1.231210615987967105e-01,2.495829277860049378e-01,1.694674995444604704e-01
5.820069603129900820e-04,6.838195019102787375e-01,6.272585515824687930e-01,2.851567471821508937e-01,8.487125413788172423e-01,3.499410959463713500e-01,4.048963493743773512e-02,1.709749085944266556e-01
8.283475543503901820e-03,7.387329887313194288e-01,4.901327722100403128e-01,2.552983125556601562e-01,8.496769667366917966e-01,2.942255653572183327e-01,7.318482623718136626e-02,1.705644732168887512e-01
6.383982644152986011e-03,8.406827102489370374e-01,5.632173946166303402e-01,3.087936061129133436e-01,8.744297838945291890e-01,1.556168811721250766e-01,3.378219127368037311e-02,1.705748069071422734e-01
3.024173320815165891e-03,7.763700302941636266e-01,6.318509260553550888e-01,3.319504046446033474e-01,8.354039573164455668e-01,2.509663145612482382e-01,2.299935536659239443e-01,1.697233206252077020e-01
2.365794869372914860e-04,7.579032096540496699e-01,4.084249760149197828e-01,4.153242896198213741e-01,7.092164100845569363e-01,2.613277779293185499e-01,4.521509050540114538e-01,1.687389354480287873e-01
1.614605328869492956e-02,8.012988282823331199e-01,5.275772357659214151e-01,2.647764241572578836e-01,8.106050610726754924e-01,2.975943792514180175e-01,2.025855266517380959e-01,1.698167413712806384e-01
3.729100677341910808e-03,9.049634054255959459e-01,6.624156837901301609e-01,3.172761778320763448e-01,7.363597647634436694e-01,1.334905879892274716e-01,4.306146822974390442e-01,1.692632757246660957e-01
8.948238708290022839e-03,7.950161747833337511e-01,7.656364314123202952e-01,2.859578872422312568e-01,8.140439943297835823e-01,3.896935860835609722e-01,6.640649279253280080e-02,1.704956814373443652e-01
4.513216943242363138e-03,8.014312641361671652e-01,6.618275401087170273e-01,3.158056880906272568e-01,7.832276990585250731e-01,2.952121225703680518e-01,1.348079862476952995e-01,1.704626787346326389e-01
5.897433209821719563e-03,9.049540402456880406e-01,5.323654282416788730e-01,3.841053870400138459e-01,7.606491845951716124e-01,1.712983522650421697e-01,1.064765165880395270e-01,1.702709084972831854e-01
6.478059373574845091e-03,8.602183615427285712e-01,5.880138662960181506e-01,4.212911434245962261e-01,6.975020190783055574e-01,2.698543700509892229e-01,3.417844823248804009e-01,1.692527357660349452e-01
2.690425532110933202e-03,8.794888584433822043e-01,4.734055813208604135e-01,3.568808561749832742e-01,8.068748212025060873e-01,1.072536188406746083e-01,2.652313170572965229e-01,1.692737910598338114e-01
9.742089816547401526e-03,8.080926541213209191e-01,6.072595574895363058e-01,3.474817976577548873e-01,7.590206558702502493e-01,3.704118713829192555e-01,1.910247403402038358e-01,1.695893971528033839e-01
1.941677377019571105e-02,8.681463430413166593e-01,5.658160614867995264e-01,3.319703561767864408e-01,7.405830316365291655e-01,3.034904580497800319e-01,1.627012739955287224e-01,1.703669469287633909e-01
2.631764426258773049e-04,7.411774272721556311e-01,4.885078601432999990e-01,3.071498402866307265e-01,7.627219333374305466e-01,1.699365198503159646e-01,9.852322604991063937e-01,1.659017937906118456e-01
1.705791932836758437e-02,8.961621454802387587e-01,4.367104281540511446e-01,2.940338280595855558e-01,7.818067148617646733e-01,1.773226740390489165e-01,2.589997736625260227e-01,1.696653934347823744e-01
1.089729167441133746e-02,8.066586766411176779e-01,7.999176960314317020e-01,2.548127391176975842e-01,7.296455501692420409e-01,3.629964948100773414e-01,8.810780482302168481e-01,1.666262541142943809e-01
5.722173752899892274e-03,7.771539839100723990e-01,5.844641157693991618e-01,3.366345779512216474e-01,7.035834246204689668e-01,3.219488924332384316e-01,9.426795508146866842e-01,1.656239131809654763e-01
2.999772643493892228e-03,8.827006826493047908e-01,6.878478026576974047e-01,3.814416738956067365e-01,7.771539080646618913e-01,1.942935133856717456e-01,2.537475087591614664e-01,1.695353283205460748e-01
1.461208253745052352e-02,7.432913421358990913e-01,5.463986971377302604e-01,3.100193778377567932e-01,8.214532102566289851e-01,4.102442361907401303e-01,1.268400622212917939e-01,1.694016558119849358e-01
1.197428489602472314e-02,8.307652258673646761e-01,7.339158895193108600e-01,3.110614583986759385e-01,7.656823573079303280e-01,3.837147724990656594e-01,8.117507417131902825e-02,1.703930644545201267e-01
7.379446010119887142e-03,8.122812431089090346e-01,6.133647248748596015e-01,3.365951067952833720e-01,7.096769611368669572e-01,2.797685277846005958e-01,8.109284479783442912e-01,1.667389045384135571e-01
1.280116428387590398e-02,7.593685054582062222e-01,5.721524994371177675e-01,3.111018930405638483e-01,8.085977827759982528e-01,3.915471043281264496e-01,9.729719724771190847e-02,1.696789129788768002e-01
1.578640729407408683e-04,8.796135345707806197e-01,6.040862004714827593e-01,2.857287009792650601e-01,8.396586160906696072e-01,1.511941879907843789e-02,3.374155013544108406e-01,1.700221601042015418e-01
1.177841519321704347e-03,8.811419854803771434e-01,5.572663609109155258e-01,3.105010578571728574e-01,8.206033598404807172e-01,6.888031400774793922e-02,2.520427741249064435e-01,1.703595952801002789e-01
1.812672224215034628e-02,8.846829063308677688e-01,5.793289048936329788e-01,3.454651181765827639e-01,7.430340295479793689e-01,2.843666736714406951e-01,2.526387022553393535e-01,1.694629178483277598e-01
1.399404217863043851e-02,8.872116215768545144e-01,6.510976609783400981e-01,3.342871076733116564e-01,8.031476631534693045e-01,2.630701219151012071e-01,9.587644154896568516e-02,1.699618352314216374e-01
1.240405983327334469e-02,8.422568853334476691e-01,6.005927609559376101e-01,2.973145661168075105e-01,7.645440396167269004e-01,2.715863897349515832e-01,1.319740505597409574e-01,1.707018745011060767e-01
1.319483775195480491e-02,9.389929351820387460e-01,5.271806063489807848e-01,3.317117817727554541e-01,7.439918790264024029e-01,1.177759582558860763e-01,4.792129440819303254e-01,1.688562331884538303e-01
9.877102163199560220e-04,6.582492852618184731e-01,4.984602723156705828e-01,3.163078429170947392e-01,8.202919911562736033e-01,3.299100748807103911e-01,4.046640547127202669e-01,1.687090627621474215e-01
2.326257498188464418e-03,7.805736044576299104e-01,4.798237191311937599e-01,3.537264314743544524e-01,7.992419279576152835e-01,2.234236901798819508e-01,2.413307231571512612e-01,1.694774270217839773e-01
8.001097006291915323e-03,9.129520426982743464e-01,5.480923979829248616e-01,4.149318395519147051e-01,7.173372218173462711e-01,2.078483164821620655e-01,2.530909597983949100e-01,1.695855869503362645e-01
1.533467253999238472e-02,9.206165909081452936e-01,8.104744018033634978e-01,2.884284277120323092e-01,6.924040155804297436e-01,2.583670667699236589e-01,8.013701586735660909e-01,1.676731387576337884e-01
6.965189108318048210e-03,7.573835624133102851e-01,4.734041539062637804e-01,4.038567432006449076e-01,7.533222473787261064e-01,3.310320749662761242e-01,2.484573461663674987e-01,1.693066877648025381e-01
2.541416186698425284e-03,7.845672457573283909e-01,5.153900821902316354e-01,3.339080619893870505e-01,7.637615521277015818e-01,2.721461151000821310e-01,3.405332813914503376e-01,1.688361489702606688e-01
2.192561032266851506e-04,9.178746534985526839e-01,7.528260317619136499e-01,3.439871145007178943e-01,7.980799179629449736e-01,1.238205372375748292e-01,1.687660404012273629e-01,1.700069753508834380e-01
1.608113227471887237e-03,8.321955737483811566e-01,6.495490891847112147e-01,3.198415752292886327e-01,7.068959264297667300e-01,1.904654611057735314e-01,9.354560821144897176e-01,1.663833157663587858e-01
1.156812067761516308e-02,9.921139697288997583e-01,5.799558363269367023e-01,4.190261183787394872e-01,6.772976791915013006e-01,1.295058359271547277e-01,5.276041663206895160e-01,1.685042086386064897e-01
2.643011036826590186e-03,9.138180285181971563e-01,4.745706007779815216e-01,4.057949816604430326e-01,6.937747920075169050e-01,1.362212594455528558e-01,4.028009381514111031e-01,1.692805579065940758e-01
1.041512804481182532e-02,7.897090600244677239e-01,6.474265767177187492e-01,2.383365977388982870e-01,8.700918609741825627e-01,3.337094110616563025e-01,2.971421236898769136e-02,1.698780241738476193e-01
1.283499274848441500e-02,7.594270855183903324e-01,6.721175469707907357e-01,2.833647701389102602e-01,8.399768315990812084e-01,4.481522631067054174e-01,3.328929014572229450e-02,1.701547051913268049e-01
2.224765797499896058e-03,9.184195638594965239e-01,8.112048222461275548e-01,3.502739770314672318e-01,7.990298361112851966e-01,1.708578538098588506e-01,1.005353680113296733e-01,1.704585936915430644e-01
4.565925088751811647e-04,8.037558709602341533e-01,5.118703449492617574e-01,4.320112108559072128e-01,6.936404258743771312e-01,2.936057283383886052e-01,4.574622371819829780e-01,1.684657107486965122e-01
1.222425695697991477e-05,9.143746923503108803e-01,4.755320747026319239e-01,3.677446812365219864e-01,7.278630444666218668e-01,2.548070537637392441e-02,4.812720673466205912e-01,1.695460660565082378e-01
1.816907626530179370e-02,8.523834753827983501e-01,6.015669058829719029e-01,3.214807510298241522e-01,7.737167732779903773e-01,3.663374149230466115e-01,6.481873508150809426e-02,1.703850753604887747e-01
4.336186114468134310e-03,9.130814833666053287e-01,5.718906824268772393e-01,3.918861296172269637e-01,6.679945499049834146e-01,1.319086650708343744e-01,8.125782369067110489e-01,1.674137686477106257e-01
3.565339875822142075e-03,8.100489158965995529e-01,4.844677083551922614e-01,3.424713285780164873e-01,7.680287085184558382e-01,2.350220799834937813e-01,3.686771409016625367e-01,1.686565840185223764e-01
4.681322350778976960e-03,9.007777060429023042e-01,4.929850729829937661e-01,3.215723938037032270e-01,7.900274412923360412e-01,5.994050019496444115e-02,2.424440314290056131e-01,1.705375644060675988e-01
4.148785135973786370e-04,9.122541502219162490e-01,6.162090472025810728e-01,4.246905603331211920e-01,7.101372608935627717e-01,1.671083940898314968e-01,2.961097764297767609e-01,1.698219237334361587e-01
3.341578664248032876e-04,8.918277364989422029e-01,6.162447048493829849e-01,2.888603485371968871e-01,8.154420015931062027e-01,2.890789205429361575e-02,3.558406001644345285e-01,1.699793292960390390e-01
1.952555181284312130e-02,9.326408392565990191e-01,7.261388143173519438e-01,2.612697199383906543e-01,8.142288747521484460e-01,2.338958839210101281e-01,1.662979620211801901e-02,1.708442708380817354e-01
1.770447242658004447e-03,7.699799970852061470e-01,6.294392339983410078e-01,3.293705937928768090e-01,8.458819502526923051e-01,2.671103315203059436e-01,1.102842340254038267e-01,1.703653640094661970e-01
7.508074448413358526e-03,9.270336633152689298e-01,5.576902524459720345e-01,3.220138345347239861e-01,7.570817143324031218e-01,1.365902267868873143e-01,3.060778426310765687e-01,1.694850909431492580e-01
1.144415168702421839e-02,9.488936943212538111e-01,7.481946163603880873e-01,3.507913336783787250e-01,7.720781050621271513e-01,1.919195077465914723e-01,1.548500917053448056e-01,1.698298834887015940e-01
2.527542007221135478e-02,9.265190627782312616e-01,6.788456058793280734e-01,2.873543790060932301e-01,7.622902662035365706e-01,3.229603183043916470e-01,1.145823630231466717e-01,1.704834298330138165e-01
4.393439880026133414e-03,8.603467975536308598e-01,4.091674056503471490e-01,3.162608012253693146e-01,7.969515259368743498e-01,7.195734148061749824e-02,3.592671456308255129e-01,1.700400054196514188e-01
5.911860982113322643e-03,8.999580721792360682e-01,6.987565099423008741e-01,3.143573717358296715e-01,7.501694961304703479e-01,1.492080318979129849e-01,4.659591881427254112e-01,1.688605442498292419e-01
4.923140656561561523e-03,9.653291121285687559e-01,7.401172490478750143e-01,4.087769729083910453e-01,7.215193092471534619e-01,1.439459140766120027e-01,2.635799560849297896e-01,1.697583866519926654e-01
2.710716801167826692e-03,7.393866466459023679e-01,5.922325208658208995e-01,2.625283035828268607e-01,8.857856280219490452e-01,3.020959245682804939e-01,8.788074652943622667e-02,1.695934461737040877e-01
9.041778490958503334e-03,7.940140175995102911e-01,4.236733875401108573e-01,3.763702547032090617e-01,7.577147952230911532e-01,2.135170882871388898e-01,5.091460240135166071e-01,1.683938215000118643e-01
4.175758559019852878e-03,8.728618981287719070e-01,5.247451224925565594e-01,3.472890853563178615e-01,7.494935034516675421e-01,1.069901366691314859e-01,5.048834458409102721e-01,1.687475807551498952e-01
4.683437631384537898e-03,8.859415192477180234e-01,7.776868871496644964e-01,3.396420503600336427e-01,6.936166091457490745e-01,2.544193337978888914e-01,7.883131259229378962e-01,1.668787756507262021e-01
1.653128235473560678e-02,8.650114990063688669e-01,5.389068637740191958e-01,3.183190931815896296e-01,8.138027495909744280e-01,2.254326123036315410e-01,2.774529674293285675e-02,1.708746567148829443e-01
1.272244412958599066e-02,8.302762576371270908e-01,5.985034376829412306e-01,2.975287545129677302e-01,7.770131311586404577e-01,2.850065338222618205e-01,2.546846045646764534e-01,1.696631459638154038e-01
1.652574395283101100e-02,8.654048997023542356e-01,6.034705487778401212e-01,3.803015135148651860e-01,7.221480724875002366e-01,3.537050729201615673e-01,1.713639641074143349e-01,1.698009420969552319e-01
9.985935810028720785e-03,8.236180525805508745e-01,5.602589522224782348e-01,3.239214031567868024e-01,8.057195912489227840e-01,2.292699852546317141e-01,6.333505930001459561e-02,1.708411335751090221e-01
2.507087849846235776e-03,6.193515100443881538e-01,7.238962076769882570e-01,2.993289862132152424e-01,7.548241368888248815e-01,5.850218100620205863e-01,9.805718990478302644e-01,1.651127767845435579e-01
1.469757802957208023e-03,8.018412743159856193e-01,5.789952243319289593e-01,3.863908104733391746e-01,8.235212089707051319e-01,2.429642426457986615e-01,8.490000526624791322e-02,1.701400470504736140e-01
2.670972114208725566e-03,9.025011378161427178e-01,6.901340337713234296e-01,4.333412026700654840e-01,7.161644359739003374e-01,2.487550044158808871e-01,2.697612487131023640e-01,1.690610997004148575e-01
7.272495856194632902e-03,7.665612632385028213e-01,4.201753131464168733e-01,3.627002559773516155e-01,7.490953846651750014e-01,2.445156261197757863e-01,5.599130260497635625e-01,1.679828801801815652e-01
2.135641697870803435e-03,8.230650542259608793e-01,5.317699304283383110e-01,2.996887394456417275e-01,8.866574000293627744e-01,1.274413228810249155e-01,8.619865508733937087e-02,1.702024866957888016e-01
1.066493328071781155e-02,8.208718151698629617e-01,6.715440567266036664e-01,2.959250567447550551e-01,7.932207495562902944e-01,3.443825480383989057e-01,1.926014382158203198e-01,1.694750595938774584e-01
2.962365388798175736e-04,6.624184227900160593e-01,5.333754597000341935e-01,4.073842648453203097e-01,7.116841444515663584e-01,4.341824991505131570e-01,8.866635536107946303e-01,1.655186852541923048e-01
1.944140440929199506e-02,9.610828040320612553e-01,6.648052251246715505e-01,3.601995249889513029e-01,7.420089513511695101e-01,2.379899921411468000e-01,2.013066437913733631e-01,1.697000119895536452e-01
9.464813442486648756e-03,7.858900726765214451e-01,5.252096512390538319e-01,3.320655767111189705e-01,7.356931818110740151e-01,3.352980496378972219e-01,3.722952502473306780e-01,1.689254964228299738e-01
7.895167490760175363e-03,8.936784295487979479e-01,7.074086763016667057e-01,3.105461226545629949e-01,7.531670673050396836e-01,1.831487856521417101e-01,2.842117207273341939e-01,1.700281904470186400e-01
2.844775839619409497e-03,8.436700248093924603e-01,5.846332102003469755e-01,4.104162938412731498e-01,7.610822040409861433e-01,2.696934413645043493e-01,6.275309663595141085e-02,1.700570183616313680e-01
3.287402698596160119e-03,6.890805127596120183e-01,4.602818654994839109e-01,2.904103300852732272e-01,8.878021022519877459e-01,2.674720840279997680e-01,1.934110344693157346e-01,1.696656395142229767e-01
8.262739536614181757e-03,8.284458921412296561e-01,5.942116300144753005e-01,2.395324790171294294e-01,8.810115577893173899e-01,1.614672915035553213e-01,8.988488424630863838e-02,1.709130323195939272e-01
1.045848092950338662e-03,7.459371413118794925e-01,6.512023224409084765e-01,3.657557721547672336e-01,6.976546017513959308e-01,3.535606737271554945e-01,9.675793890813357834e-01,1.659288750242069732e-01
1.661987412247795809e-02,8.186745000317283694e-01,6.328966574574457216e-01,3.024308479873329403e-01,7.676228365226769323e-01,4.053932645214293196e-01,1.165116144221284289e-02,1.706136872733820808e-01
1.467832454555055219e-02,9.018237531269237550e-01,5.340794129423391823e-01,3.043747585772349495e-01,8.113018303555483701e-01,2.040023731994145550e-01,1.314871841522682883e-01,1.697613009253057526e-01
5.331368845732143563e-03,6.659811580008047072e-01,6.189373032827760746e-01,3.027295043514275918e-01,7.294800005327960468e-01,4.821474200346276828e-01,9.859423848905668475e-01,1.652442312847557104e-01
5.674671017959738786e-03,8.030508978528070330e-01,7.209292525897484927e-01,2.709208656719656050e-01,8.225152604225913766e-01,3.402572628698969925e-01,1.185089167665641097e-01,1.697675541782092679e-01
8.747592984893337240e-03,8.671800253987901330e-01,7.721362423130498920e-01,3.213476913845347838e-01,7.849046621532536072e-01,3.452946513603631917e-01,5.566975518997441252e-02,1.698723821944745083e-01
1.009450401146035070e-03,8.416525305792854628e-01,7.250016947500261821e-01,3.504071983619625463e-01,7.625487143977658366e-01,2.412584016864590120e-01,2.127766096363312709e-01,1.699378317694146823e-01
1.372458758022313333e-03,9.257924915032902380e-01,7.634634756102556263e-01,3.437683508596108273e-01,7.568279567125266727e-01,1.199562339123580457e-01,3.459444846986350353e-01,1.695689282025673039e-01
2.961307869660072950e-03,9.503071430245841889e-01,5.910356163795630335e-01,4.063374184016264046e-01,6.820784617532532623e-01,7.016864551626597613e-02,6.375725898698160199e-01,1.684618494724569315e-01
7.747213996623623228e-03,9.177843176611698572e-01,4.707985720038728727e-01,3.600057879696399454e-01,8.078426326318678408e-01,1.003593796610581235e-01,2.122695035243033768e-01,1.695805671647976909e-01
6.474129371879067812e-03,7.156934318394297945e-01,6.415966517236603162e-01,2.900172609523385958e-01,8.173583019882217915e-01,4.439051734877135225e-01,8.366249406625125840e-02,1.701494214244458902e-01
4.438312629269612793e-03,8.531990880828204116e-01,5.156178092220522480e-01,3.767576706306341450e-01,7.170187304587608557e-01,1.890221612636975579e-01,5.194935358376271406e-01,1.685413186971896349e-01
8.929042946846032017e-03,7.904445430003840256e-01,7.434920517470527956e-01,2.712077293356694452e-01,8.319311227904553352e-01,3.639319529050305535e-01,1.825458490756121099e-02,1.709582919357510722e-01
4.884681014607553107e-03,8.037903702217348290e-01,4.707759348192234183e-01,2.641357397610711866e-01,8.529256243041331009e-01,1.814271969534461681e-01,1.469788381398617894e-01,1.698691748151086034e-01
1.802927480937226851e-03,7.280150372383936697e-01,4.751789300142553740e-01,3.768777184819427362e-01,7.441665084782592698e-01,2.573266085398925873e-01,8.331574794571412479e-01,1.663103173015372527e-01
1.198542971496838541e-02,9.220169994784209733e-01,5.530900974481197663e-01,3.533199949431484188e-01,7.551045016118077546e-01,1.571792345221910137e-01,3.586030749626436531e-01,1.690631682143334535e-01
1.072155972562008515e-02,9.838556925448375123e-01,6.330330456664640115e-01,3.514245595314607895e-01,7.474833788896189102e-01,1.154222892103437537e-01,1.798321424685490888e-01,1.704942836657283300e-01
9.156447814760857590e-03,8.073984355112601152e-01,5.308875194979613132e-01,2.272175437252497154e-01,8.518982580069976995e-01,1.996088415984705045e-01,1.619055768911615567e-01,1.703987447649786546e-01
1.541872599357292650e-04,7.944662231447716660e-01,4.632275600572143825e-01,2.691956057963152404e-01,9.024936847061342249e-01,1.246853485661463812e-01,1.245069590877984633e-01,1.701990853066020770e-01
1.166928525994613552e-03,7.831117404064075194e-01,5.585765179798779512e-01,3.719532092266339962e-01,6.881345165003835973e-01,2.564879836623403242e-01,8.099636440951716310e-01,1.669540158816153197e-01
1.816824301391462698e-02,8.703796501709727407e-01,5.311547272127504771e-01,2.779589465444813889e-01,7.972302577937563361e-01,2.325439740573274350e-01,2.735327620688304817e-01,1.695433501837015078e-01
1.338625262326925691e-02,8.853426562901420827e-01,7.091058602172091163e-01,2.978163273807544753e-01,8.374084126769549830e-01,2.377169612789774289e-01,5.180674814619329327e-02,1.700917631655174955e-01
4.369226866986966953e-03,7.471185525905170710e-01,5.597467667222112420e-01,2.734077489525507110e-01,8.653848976297771056e-01,3.083823010448512036e-01,5.096740385911846527e-02,1.699140732578303115e-01
2.946143346465883786e-03,9.530955701593715190e-01,6.517689268349263765e-01,3.747919004321176306e-01,7.622853745793000124e-01,8.675312545965455091e-02,2.574315188207449978e-01,1.696612574567869514e-01
1.601077804465377355e-03,8.004903960931413209e-01,8.090763226801438446e-01,3.877152274131518972e-01,7.542227812507318330e-01,4.082683535415229659e-01,1.104619934149784211e-01,1.700327330668839898e-01
3.302164667879531855e-03,8.042808398896670319e-01,4.558082592876239736e-01,3.566511222593948260e-01,7.500929277220347302e-01,1.949391044012427354e-01,3.792139388882184714e-01,1.690322051035753337e-01
2.460455230304281135e-03,8.750177265840722862e-01,7.718208738237726241e-01,3.808435892896120389e-01,7.593288733301136739e-01,2.558120635147130284e-01,3.055276722435007475e-02,1.709153581772984709e-01
8.703426942790947959e-04,8.006633337995876509e-01,7.809019772179544017e-01,2.752094214872299882e-01,8.351235544144172129e-01,2.775869744961066976e-01,2.001297127369397189e-01,1.698480395624055450e-01
3.551097915065546361e-03,8.100434615363234503e-01,5.739731584555608501e-01,3.975931467153818732e-01,6.993299889517006207e-01,2.954199351829825959e-01,4.858676115257534733e-01,1.685742830739346831e-01
2.765198807462912467e-03,8.033880957546768453e-01,5.910844229075289391e-01,3.255474429829728344e-01,7.052660371239682924e-01,2.082497444792711927e-01,9.323432964229148023e-01,1.663042546067753924e-01
2.789471142341461499e-03,7.573566267051449197e-01,5.137105314395995492e-01,3.250437266799406921e-01,8.691622849380294946e-01,2.058450947823634580e-01,1.596608783865790526e-01,1.700539218484494186e-01
2.260769778199714017e-03,8.213605930740954797e-01,5.751931913854150258e-01,4.091825391901119380e-01,7.603855169869003783e-01,2.488235886322586465e-01,1.711091245802683347e-01,1.700976670780826316e-01
9.744139022755567148e-04,8.020571984540123545e-01,8.101193637306707274e-01,3.453922714661208926e-01,8.013768870194479810e-01,3.572032898487628172e-01,7.123976081084232304e-02,1.700967265693931474e-01
5.481987748246568669e-03,8.372955749959662963e-01,7.792086168128837809e-01,3.172950421697131596e-01,7.916252802925672905e-01,2.945457429875321109e-01,3.059230317754252915e-01,1.689260050328995622e-01
8.366503936337154473e-04,8.228488383767883496e-01,7.301014362472120212e-01,3.866258667805012039e-01,7.441154759810478803e-01,3.408352347334299703e-01,1.451914369995416232e-01,1.696303278966476702e-01
8.824045660559677248e-03,8.899855445402610199e-01,7.468241036644460706e-01,2.799553463652852958e-01,7.955066027139418017e-01,2.397542345829140331e-01,1.511499911657561146e-01,1.702373425850112476e-01
1.397048202680224380e-02,8.224144451452573001e-01,6.608847717120527321e-01,3.026538908335802969e-01,7.671490076993516816e-01,3.606280970879228165e-01,2.509563347746347484e-01,1.694510644298523050e-01
1.324893954691753334e-02,8.046619132190175883e-01,5.465753053297606190e-01,3.440939858003294605e-01,8.171498831793957418e-01,3.456434887436390935e-01,2.521977367983790908e-02,1.698306039507256615e-01
6.200613867141093957e-03,8.499878894866249590e-01,4.768728073161326853e-01,3.522681843223937626e-01,8.189870614966666684e-01,1.372106161386711376e-01,1.648410979270562016e-01,1.702911120663051225e-01
9.846901954385759576e-03,8.235156168292772083e-01,3.620656340812896112e-01,3.349876309431132904e-01,7.692584555533980017e-01,1.720492633702078167e-01,3.263326292623482394e-01,1.695483616465656151e-01
1.673249458782714860e-04,6.477990681002435691e-01,4.113607669046513982e-01,3.517106240195871925e-01,7.849083982769640144e-01,2.949086316369660121e-01,7.786917876371234337e-01,1.665125143515980566e-01
5.715606230289891135e-03,9.383167400905654265e-01,4.083449708896581543e-01,3.401950441872740871e-01,7.586210037642228121e-01,1.671676361920171328e-02,4.909442415381735092e-01,1.692266219372751956e-01
8.618401770123081118e-03,8.458304876800408767e-01,5.224459879573755128e-01,3.828500615866467505e-01,7.087223914274646264e-01,2.777765008321951279e-01,3.554187178282520732e-01,1.689883317307900590e-01
1.881762020207656226e-03,6.503547126358518726e-01,7.010896305237284132e-01,4.037621957080353985e-01,6.982226331941747688e-01,6.085209722061222237e-01,9.704388466367591670e-01,1.650506802920660432e-01
3.661609400040516035e-03,7.551651553415028584e-01,6.758183316254102735e-01,3.025221977122660721e-01,8.275195746523362761e-01,3.718891542670209605e-01,8.802169197219672503e-02,1.701683516494465753e-01
5.652935471967582629e-03,7.516947841924402907e-01,5.858949752096052066e-01,3.202011749876932933e-01,8.273546576818529008e-01,2.794966894889734377e-01,2.263320509170435868e-01,1.696024912309719024e-01
6.943532660827480933e-03,9.886716031497291279e-01,5.656737389205098721e-01,4.098913337413335189e-01,6.754708145729354518e-01,7.181803297228095406e-02,5.676186876203168641e-01,1.687756829205823150e-01
5.464516018290413446e-04,7.567994786531465623e-01,5.690331016162172295e-01,2.934789934264468991e-01,7.658489106756509734e-01,1.709799877273182611e-01,9.401181424173462586e-01,1.662604895306467323e-01
1.083705805610774703e-02,8.392090144404730223e-01,5.244599413419517298e-01,4.055963030507298006e-01,7.231113635970441988e-01,3.293038150504852823e-01,1.770459196166123683e-01,1.696746128056113578e-01
1.591593118112574062e-03,8.855305485912002839e-01,7.036043826599545081e-01,2.934271949743481045e-01,8.335137253984669092e-01,8.773524689713604885e-02,7.286507323363916599e-02,1.710869273655739042e-01
1.491998786525851849e-03,7.434489333594369587e-01,7.122412061608212053e-01,3.075459254365811579e-01,7.152690980570173274e-01,3.868682319009500992e-01,9.237506422639778503e-01,1.659217891083287766e-01
2.278636299356319103e-02,9.644792398075903161e-01,5.428527200981408951e-01,2.733116474567282572e-01,7.685581518947339763e-01,1.460222800457158521e-01,2.900501774655140919e-01,1.698949659027497172e-01
2.172250627180660407e-03,8.770872165661702802e-01,6.088640622917743661e-01,3.360397644075849288e-01,7.947490722375848415e-01,1.746578106791287222e-01,1.124193140977051142e-01,1.705626611832304074e-01
9.841201492794925468e-03,8.773645111072877478e-01,4.669745443486372771e-01,3.360217034592518637e-01,7.760724381043316855e-01,1.907625893949339291e-01,9.911125582000746004e-02,1.703157428476210489e-01
2.859918975222923605e-03,8.606737870474803209e-01,4.410681201675735741e-01,3.220920470987228557e-01,7.645304019017310493e-01,1.083977799917646700e-01,3.515555851253048258e-01,1.696786911426002575e-01
4.550078652970067708e-03,8.197451510433073629e-01,5.079473324941801149e-01,3.801531003001800135e-01,7.354833444186182900e-01,2.807830858973241472e-01,4.085682126812084092e-01,1.682551909678567659e-01
1.825206671494679703e-02,8.849704122616341984e-01,5.828431984690169987e-01,3.026876920141554628e-01,8.116875641735549207e-01,2.299931236529717538e-01,8.060159811615308367e-02,1.706482482864833117e-01
2.800592467713488784e-03,8.220848312177231332e-01,5.736411935823271246e-01,3.376316611665470258e-01,7.026991315252328896e-01,2.084858023881970834e-01,8.545277397840794764e-01,1.668412622133321754e-01
7.495606555518872366e-03,8.749899381259547138e-01,6.438849100366215161e-01,2.799326436390947581e-01,8.517211150926994323e-01,2.119519066205100555e-01,3.688951431720893792e-02,1.702029683773371993e-01
7.709123745414774194e-03,7.438093390304150176e-01,6.887882441779260567e-01,3.417002111709328549e-01,7.053485109956483257e-01,4.510180353000998732e-01,8.754420512212834904e-01,1.661520130972035381e-01
9.891068639842284446e-03,8.229778630489362756e-01,6.259419518006986705e-01,3.996938418005743787e-01,7.643956805907848873e-01,3.570122835948055240e-01,1.253670684802880575e-01,1.696182373146388478e-01
5.339537387395547167e-03,6.921516195415323702e-01,7.388386246892284515e-01,2.960383804967468557e-01,8.350421987514546895e-01,5.224649055523582497e-01,5.331691299344104573e-02,1.702233760316325395e-01
2.214560462052301421e-02,8.099816928211790446e-01,5.618103577224041745e-01,3.097906801475600047e-01,7.940307353150483083e-01,3.935588053621656979e-01,7.915889836101774879e-02,1.699843600147529776e-01
1.075986901198498942e-02,9.048620306168198013e-01,4.214017962025820574e-01,3.903707388526931332e-01,7.584821641418215687e-01,1.511647808748382005e-01,2.877837022654569088e-01,1.693421955895707265e-01
1.014395527694566396e-02,8.162216285466011856e-01,5.544652260081499584e-01,3.495514550706706469e-01,7.396812872824527485e-01,3.159718616667069879e-01,3.150581485124672732e-01,1.690590914249079924e-01
2.472280506518364021e-03,8.161917836209343635e-01,3.543002989559383420e-01,4.022946053285894052e-01,7.452883910185422733e-01,1.501937356372226584e-01,5.129981538304643207e-01,1.682555941163540458e-01
2.024460971601242665e-03,8.185127966765421981e-01,6.351188692580584938e-01,4.069676705686972040e-01,7.408032356017644204e-01,2.730855120784692613e-01,2.570437901268400882e-01,1.696997169278595952e-01
9.779616655562475488e-04,7.969196965637959096e-01,4.822103018762743387e-01,3.783795048609889244e-01,7.150379513012918853e-01,2.193836091035915870e-01,6.942497770508438970e-01,1.673534288736425180e-01
1.177979018633471160e-02,8.074084607423928084e-01,4.199933513070092106e-01,3.288319967293419910e-01,7.468659898001471786e-01,2.356042148911024481e-01,5.281163018645722573e-01,1.683826194868023318e-01
