11:11:46 [ultranest] [DEBUG] ReactiveNestedSampler: dims=8+0, resume=True, log_dir=/home/ljy/BettiCurveCosmo/Emulator/model-fof/mcmc_result/1/dim0, backend=hdf5, vectorized=False, nbootstraps=30, ndraw=128..65536
11:11:46 [ultranest] [INFO] Sampling 1200 live points from prior ...
11:11:49 [ultranest] [DEBUG] run_iter dlogz=0.5, dKL=0.5, frac_remain=0.50, Lepsilon=0.0010, min_ess=400
11:11:49 [ultranest] [DEBUG] max_iters=-1, max_ncalls=-1, max_num_improvement_loops=-1, min_num_live_points=1200, cluster_num_live_points=100
11:11:49 [ultranest] [DEBUG] minimal_widths_sequence: [(-inf, 1200.0), (inf, 1200.0)]
11:11:49 [ultranest] [DEBUG] iteration=0, ncalls=1201, regioncalls=40, ndraw=40, logz=-inf, remainder_fraction=100.0000%, Lmin=-55877.04, Lmax=-9.68
11:11:49 [ultranest] [DEBUG] iteration=9, ncalls=1210, regioncalls=400, ndraw=40, logz=-33593.97, remainder_fraction=100.0000%, Lmin=-33277.91, Lmax=-9.68
11:11:49 [ultranest] [DEBUG] iteration=24, ncalls=1225, regioncalls=1000, ndraw=40, logz=-25334.31, remainder_fraction=100.0000%, Lmin=-25131.67, Lmax=-9.68
11:11:49 [ultranest] [DEBUG] iteration=41, ncalls=1242, regioncalls=1680, ndraw=40, logz=-19446.49, remainder_fraction=100.0000%, Lmin=-19073.30, Lmax=-9.68
11:11:49 [ultranest] [DEBUG] iteration=54, ncalls=1255, regioncalls=2200, ndraw=40, logz=-16778.68, remainder_fraction=100.0000%, Lmin=-16587.54, Lmax=-9.68
11:11:49 [ultranest] [DEBUG] iteration=72, ncalls=1273, regioncalls=2920, ndraw=40, logz=-13961.43, remainder_fraction=100.0000%, Lmin=-13650.99, Lmax=-9.68
11:11:50 [ultranest] [DEBUG] iteration=89, ncalls=1290, regioncalls=3600, ndraw=40, logz=-12280.62, remainder_fraction=100.0000%, Lmin=-12267.44, Lmax=-9.68
11:11:50 [ultranest] [DEBUG] iteration=101, ncalls=1302, regioncalls=4080, ndraw=40, logz=-11449.19, remainder_fraction=100.0000%, Lmin=-11314.16, Lmax=-9.68
11:11:50 [ultranest] [DEBUG] iteration=117, ncalls=1318, regioncalls=4720, ndraw=40, logz=-10070.84, remainder_fraction=100.0000%, Lmin=-10034.46, Lmax=-9.68
11:11:50 [ultranest] [DEBUG] iteration=120, ncalls=1322, regioncalls=4880, ndraw=40, logz=-9970.61, remainder_fraction=100.0000%, Lmin=-9756.48, Lmax=-9.68
11:11:50 [ultranest] [DEBUG] iteration=137, ncalls=1340, regioncalls=5600, ndraw=40, logz=-8348.21, remainder_fraction=100.0000%, Lmin=-8321.88, Lmax=-9.68
11:11:50 [ultranest] [DEBUG] iteration=153, ncalls=1356, regioncalls=6240, ndraw=40, logz=-7288.46, remainder_fraction=100.0000%, Lmin=-7265.97, Lmax=-9.68
11:11:50 [ultranest] [DEBUG] iteration=171, ncalls=1375, regioncalls=7000, ndraw=40, logz=-6623.82, remainder_fraction=100.0000%, Lmin=-6589.24, Lmax=-9.68
11:11:50 [ultranest] [DEBUG] iteration=188, ncalls=1396, regioncalls=7840, ndraw=40, logz=-5759.68, remainder_fraction=100.0000%, Lmin=-5734.54, Lmax=-9.68
11:11:50 [ultranest] [DEBUG] iteration=201, ncalls=1412, regioncalls=8480, ndraw=40, logz=-4815.93, remainder_fraction=100.0000%, Lmin=-4799.02, Lmax=-9.68
11:11:50 [ultranest] [DEBUG] iteration=215, ncalls=1428, regioncalls=9120, ndraw=40, logz=-3918.65, remainder_fraction=100.0000%, Lmin=-3871.51, Lmax=-9.68
11:11:50 [ultranest] [DEBUG] iteration=228, ncalls=1443, regioncalls=9720, ndraw=40, logz=-3254.06, remainder_fraction=100.0000%, Lmin=-3216.78, Lmax=-9.68
11:11:51 [ultranest] [DEBUG] iteration=240, ncalls=1458, regioncalls=10320, ndraw=40, logz=-2904.21, remainder_fraction=100.0000%, Lmin=-2881.24, Lmax=-9.68
11:11:51 [ultranest] [DEBUG] iteration=256, ncalls=1477, regioncalls=11080, ndraw=40, logz=-2555.41, remainder_fraction=100.0000%, Lmin=-2539.73, Lmax=-9.68
11:11:51 [ultranest] [DEBUG] iteration=268, ncalls=1490, regioncalls=11600, ndraw=40, logz=-2272.67, remainder_fraction=100.0000%, Lmin=-2176.48, Lmax=-9.68
11:11:51 [ultranest] [DEBUG] iteration=281, ncalls=1508, regioncalls=12320, ndraw=40, logz=-1992.76, remainder_fraction=100.0000%, Lmin=-1963.74, Lmax=-9.68
11:11:51 [ultranest] [DEBUG] iteration=296, ncalls=1523, regioncalls=12920, ndraw=40, logz=-1666.05, remainder_fraction=100.0000%, Lmin=-1657.55, Lmax=-9.68
11:11:51 [ultranest] [DEBUG] iteration=311, ncalls=1547, regioncalls=13880, ndraw=40, logz=-1428.97, remainder_fraction=100.0000%, Lmin=-1411.97, Lmax=-9.68
11:11:51 [ultranest] [DEBUG] iteration=320, ncalls=1558, regioncalls=14320, ndraw=40, logz=-1389.19, remainder_fraction=100.0000%, Lmin=-1373.40, Lmax=-9.68
11:11:51 [ultranest] [DEBUG] iteration=337, ncalls=1576, regioncalls=15040, ndraw=40, logz=-1294.05, remainder_fraction=100.0000%, Lmin=-1263.41, Lmax=-9.68
11:11:52 [ultranest] [DEBUG] iteration=352, ncalls=1599, regioncalls=15960, ndraw=40, logz=-1141.23, remainder_fraction=100.0000%, Lmin=-1114.11, Lmax=-9.68
11:11:52 [ultranest] [DEBUG] iteration=360, ncalls=1612, regioncalls=16480, ndraw=40, logz=-1058.84, remainder_fraction=100.0000%, Lmin=-1046.07, Lmax=-9.68
11:11:52 [ultranest] [DEBUG] iteration=376, ncalls=1634, regioncalls=17360, ndraw=40, logz=-960.02, remainder_fraction=100.0000%, Lmin=-949.41, Lmax=-9.68
11:11:52 [ultranest] [DEBUG] iteration=390, ncalls=1651, regioncalls=18040, ndraw=40, logz=-894.76, remainder_fraction=100.0000%, Lmin=-882.04, Lmax=-9.68
11:11:52 [ultranest] [DEBUG] iteration=404, ncalls=1673, regioncalls=18920, ndraw=40, logz=-837.32, remainder_fraction=100.0000%, Lmin=-812.22, Lmax=-9.68
11:11:52 [ultranest] [DEBUG] iteration=421, ncalls=1693, regioncalls=19720, ndraw=40, logz=-751.87, remainder_fraction=100.0000%, Lmin=-743.62, Lmax=-9.68
11:11:52 [ultranest] [DEBUG] iteration=434, ncalls=1712, regioncalls=20480, ndraw=40, logz=-726.34, remainder_fraction=100.0000%, Lmin=-716.97, Lmax=-9.68
11:11:52 [ultranest] [DEBUG] iteration=449, ncalls=1734, regioncalls=21360, ndraw=40, logz=-682.68, remainder_fraction=100.0000%, Lmin=-674.19, Lmax=-9.68
11:11:52 [ultranest] [DEBUG] iteration=461, ncalls=1751, regioncalls=22040, ndraw=40, logz=-631.42, remainder_fraction=100.0000%, Lmin=-621.72, Lmax=-9.68
11:11:53 [ultranest] [DEBUG] iteration=474, ncalls=1769, regioncalls=22760, ndraw=40, logz=-601.49, remainder_fraction=100.0000%, Lmin=-592.80, Lmax=-9.68
11:11:53 [ultranest] [DEBUG] iteration=480, ncalls=1778, regioncalls=23120, ndraw=40, logz=-579.36, remainder_fraction=100.0000%, Lmin=-571.28, Lmax=-9.68
11:11:53 [ultranest] [DEBUG] iteration=494, ncalls=1802, regioncalls=24080, ndraw=40, logz=-546.47, remainder_fraction=100.0000%, Lmin=-537.80, Lmax=-9.68
11:11:53 [ultranest] [DEBUG] iteration=508, ncalls=1825, regioncalls=25000, ndraw=40, logz=-502.28, remainder_fraction=100.0000%, Lmin=-491.82, Lmax=-9.68
11:11:53 [ultranest] [DEBUG] iteration=522, ncalls=1845, regioncalls=25800, ndraw=40, logz=-477.71, remainder_fraction=100.0000%, Lmin=-470.55, Lmax=-9.68
11:11:53 [ultranest] [DEBUG] iteration=536, ncalls=1865, regioncalls=26600, ndraw=40, logz=-420.41, remainder_fraction=100.0000%, Lmin=-412.73, Lmax=-9.68
11:11:53 [ultranest] [DEBUG] iteration=552, ncalls=1888, regioncalls=27520, ndraw=40, logz=-387.70, remainder_fraction=100.0000%, Lmin=-379.13, Lmax=-9.68
11:11:53 [ultranest] [DEBUG] iteration=564, ncalls=1907, regioncalls=28280, ndraw=40, logz=-355.90, remainder_fraction=100.0000%, Lmin=-343.72, Lmax=-9.68
11:11:53 [ultranest] [DEBUG] iteration=578, ncalls=1931, regioncalls=29240, ndraw=40, logz=-327.16, remainder_fraction=100.0000%, Lmin=-320.48, Lmax=-9.68
11:11:54 [ultranest] [DEBUG] iteration=593, ncalls=1951, regioncalls=30040, ndraw=40, logz=-300.16, remainder_fraction=100.0000%, Lmin=-289.20, Lmax=-9.68
11:11:54 [ultranest] [DEBUG] iteration=600, ncalls=1960, regioncalls=30400, ndraw=40, logz=-288.09, remainder_fraction=100.0000%, Lmin=-281.25, Lmax=-9.68
11:11:54 [ultranest] [DEBUG] iteration=612, ncalls=1984, regioncalls=31360, ndraw=40, logz=-270.50, remainder_fraction=100.0000%, Lmin=-262.13, Lmax=-9.68
11:11:54 [ultranest] [DEBUG] iteration=627, ncalls=2006, regioncalls=32240, ndraw=40, logz=-246.57, remainder_fraction=100.0000%, Lmin=-239.58, Lmax=-9.68
11:11:54 [ultranest] [DEBUG] iteration=640, ncalls=2023, regioncalls=32920, ndraw=40, logz=-234.04, remainder_fraction=100.0000%, Lmin=-225.93, Lmax=-9.68
11:11:54 [ultranest] [DEBUG] iteration=655, ncalls=2043, regioncalls=33720, ndraw=40, logz=-210.56, remainder_fraction=100.0000%, Lmin=-203.87, Lmax=-9.68
11:11:54 [ultranest] [DEBUG] iteration=668, ncalls=2065, regioncalls=34600, ndraw=40, logz=-202.02, remainder_fraction=100.0000%, Lmin=-194.58, Lmax=-9.68
11:11:54 [ultranest] [DEBUG] iteration=674, ncalls=2073, regioncalls=34920, ndraw=40, logz=-195.43, remainder_fraction=100.0000%, Lmin=-186.66, Lmax=-9.68
11:11:54 [ultranest] [DEBUG] iteration=681, ncalls=2084, regioncalls=35360, ndraw=40, logz=-188.09, remainder_fraction=100.0000%, Lmin=-178.85, Lmax=-9.68
11:11:54 [ultranest] [DEBUG] iteration=690, ncalls=2101, regioncalls=36040, ndraw=40, logz=-178.83, remainder_fraction=100.0000%, Lmin=-171.44, Lmax=-9.68
11:11:55 [ultranest] [DEBUG] iteration=702, ncalls=2119, regioncalls=36760, ndraw=40, logz=-163.99, remainder_fraction=100.0000%, Lmin=-154.95, Lmax=-9.68
11:11:55 [ultranest] [DEBUG] iteration=708, ncalls=2134, regioncalls=37360, ndraw=40, logz=-156.66, remainder_fraction=100.0000%, Lmin=-148.62, Lmax=-9.68
11:11:55 [ultranest] [DEBUG] iteration=717, ncalls=2152, regioncalls=38080, ndraw=40, logz=-149.06, remainder_fraction=100.0000%, Lmin=-141.91, Lmax=-9.68
11:11:55 [ultranest] [DEBUG] iteration=720, ncalls=2157, regioncalls=38280, ndraw=40, logz=-146.91, remainder_fraction=100.0000%, Lmin=-139.94, Lmax=-9.68
11:11:55 [ultranest] [DEBUG] iteration=730, ncalls=2178, regioncalls=39120, ndraw=40, logz=-142.02, remainder_fraction=100.0000%, Lmin=-134.69, Lmax=-9.68
11:11:55 [ultranest] [DEBUG] iteration=742, ncalls=2198, regioncalls=39920, ndraw=40, logz=-136.95, remainder_fraction=100.0000%, Lmin=-130.95, Lmax=-9.68
11:11:55 [ultranest] [DEBUG] iteration=751, ncalls=2214, regioncalls=40560, ndraw=40, logz=-133.05, remainder_fraction=100.0000%, Lmin=-125.76, Lmax=-9.68
11:11:55 [ultranest] [DEBUG] iteration=759, ncalls=2232, regioncalls=41280, ndraw=40, logz=-130.07, remainder_fraction=100.0000%, Lmin=-123.60, Lmax=-9.68
11:11:55 [ultranest] [DEBUG] iteration=768, ncalls=2251, regioncalls=42040, ndraw=40, logz=-127.22, remainder_fraction=100.0000%, Lmin=-120.77, Lmax=-9.68
11:11:56 [ultranest] [DEBUG] iteration=775, ncalls=2264, regioncalls=42560, ndraw=40, logz=-125.92, remainder_fraction=100.0000%, Lmin=-120.21, Lmax=-9.68
11:11:56 [ultranest] [DEBUG] iteration=781, ncalls=2276, regioncalls=43040, ndraw=40, logz=-124.51, remainder_fraction=100.0000%, Lmin=-118.24, Lmax=-9.68
11:11:56 [ultranest] [DEBUG] iteration=793, ncalls=2295, regioncalls=43800, ndraw=40, logz=-122.77, remainder_fraction=100.0000%, Lmin=-117.38, Lmax=-9.68
11:11:56 [ultranest] [DEBUG] iteration=802, ncalls=2316, regioncalls=44640, ndraw=40, logz=-122.00, remainder_fraction=100.0000%, Lmin=-116.85, Lmax=-9.68
11:11:56 [ultranest] [DEBUG] iteration=804, ncalls=2320, regioncalls=44800, ndraw=40, logz=-121.86, remainder_fraction=100.0000%, Lmin=-116.69, Lmax=-9.68
11:11:56 [ultranest] [DEBUG] iteration=818, ncalls=2340, regioncalls=45600, ndraw=40, logz=-120.76, remainder_fraction=100.0000%, Lmin=-115.70, Lmax=-9.68
11:11:57 [ultranest] [DEBUG] iteration=828, ncalls=2367, regioncalls=46680, ndraw=40, logz=-120.16, remainder_fraction=100.0000%, Lmin=-115.15, Lmax=-9.68
11:11:57 [ultranest] [DEBUG] iteration=837, ncalls=2392, regioncalls=47680, ndraw=40, logz=-119.66, remainder_fraction=100.0000%, Lmin=-114.90, Lmax=-9.68
11:11:57 [ultranest] [DEBUG] iteration=840, ncalls=2396, regioncalls=47840, ndraw=40, logz=-119.52, remainder_fraction=100.0000%, Lmin=-114.82, Lmax=-9.68
11:11:57 [ultranest] [DEBUG] iteration=851, ncalls=2411, regioncalls=48440, ndraw=40, logz=-119.05, remainder_fraction=100.0000%, Lmin=-114.40, Lmax=-9.68
11:11:57 [ultranest] [DEBUG] iteration=864, ncalls=2437, regioncalls=49480, ndraw=40, logz=-118.56, remainder_fraction=100.0000%, Lmin=-114.14, Lmax=-9.68
11:11:57 [ultranest] [DEBUG] iteration=878, ncalls=2461, regioncalls=50440, ndraw=40, logz=-118.13, remainder_fraction=100.0000%, Lmin=-113.89, Lmax=-9.68
11:11:57 [ultranest] [DEBUG] iteration=888, ncalls=2480, regioncalls=51200, ndraw=40, logz=-117.88, remainder_fraction=100.0000%, Lmin=-113.84, Lmax=-9.68
11:11:57 [ultranest] [DEBUG] iteration=897, ncalls=2498, regioncalls=51920, ndraw=40, logz=-117.69, remainder_fraction=100.0000%, Lmin=-113.77, Lmax=-9.68
11:11:57 [ultranest] [DEBUG] iteration=907, ncalls=2523, regioncalls=52920, ndraw=40, logz=-117.51, remainder_fraction=100.0000%, Lmin=-113.71, Lmax=-9.68
11:11:57 [ultranest] [DEBUG] iteration=919, ncalls=2546, regioncalls=53840, ndraw=40, logz=-117.31, remainder_fraction=100.0000%, Lmin=-113.65, Lmax=-9.68
11:11:58 [ultranest] [DEBUG] iteration=928, ncalls=2566, regioncalls=54640, ndraw=40, logz=-117.18, remainder_fraction=100.0000%, Lmin=-113.61, Lmax=-9.68
11:11:58 [ultranest] [DEBUG] iteration=939, ncalls=2604, regioncalls=56160, ndraw=40, logz=-117.04, remainder_fraction=100.0000%, Lmin=-113.59, Lmax=-9.68
11:11:58 [ultranest] [DEBUG] iteration=952, ncalls=2630, regioncalls=57200, ndraw=40, logz=-116.90, remainder_fraction=100.0000%, Lmin=-113.57, Lmax=-9.68
11:11:58 [ultranest] [DEBUG] iteration=960, ncalls=2652, regioncalls=58080, ndraw=40, logz=-116.82, remainder_fraction=100.0000%, Lmin=-113.57, Lmax=-9.68
11:11:58 [ultranest] [DEBUG] iteration=975, ncalls=2679, regioncalls=59160, ndraw=40, logz=-116.68, remainder_fraction=100.0000%, Lmin=-113.55, Lmax=-9.68
11:11:58 [ultranest] [DEBUG] iteration=986, ncalls=2705, regioncalls=60200, ndraw=40, logz=-116.59, remainder_fraction=100.0000%, Lmin=-113.55, Lmax=-9.68
11:11:58 [ultranest] [DEBUG] Plateau detected at L=-1.135440e+02, not replacing live point.
11:11:58 [ultranest] [DEBUG] iteration=991, ncalls=2716, regioncalls=60640, ndraw=40, logz=-116.56, remainder_fraction=100.0000%, Lmin=-113.54, Lmax=-9.68
11:11:59 [ultranest] [DEBUG] Plateau detected at L=-1.135423e+02, not replacing live point.
11:11:59 [ultranest] [DEBUG] iteration=999, ncalls=2730, regioncalls=61200, ndraw=40, logz=-116.50, remainder_fraction=100.0000%, Lmin=-113.54, Lmax=-9.68
11:11:59 [ultranest] [DEBUG] Plateau detected at L=-1.135418e+02, not replacing live point.
11:11:59 [ultranest] [DEBUG] iteration=1002, ncalls=2733, regioncalls=61320, ndraw=40, logz=-116.48, remainder_fraction=100.0000%, Lmin=-113.54, Lmax=-9.68
11:11:59 [ultranest] [DEBUG] Plateau detected at L=-1.135418e+02, not replacing live point.
11:11:59 [ultranest] [DEBUG] Plateau detected at L=-1.135418e+02, not replacing live point.
11:12:00 [ultranest] [DEBUG] iteration=1005, ncalls=2734, regioncalls=61360, ndraw=40, logz=-116.46, remainder_fraction=100.0000%, Lmin=-113.54, Lmax=-9.68
11:12:00 [ultranest] [DEBUG] Plateau detected at L=-1.135416e+02, not replacing live point.
11:12:01 [ultranest] [DEBUG] iteration=1008, ncalls=2737, regioncalls=61480, ndraw=40, logz=-116.44, remainder_fraction=100.0000%, Lmin=-113.54, Lmax=-9.68
11:12:01 [ultranest] [DEBUG] Plateau detected at L=-1.135413e+02, not replacing live point.
11:12:01 [ultranest] [DEBUG] iteration=1010, ncalls=2739, regioncalls=61560, ndraw=40, logz=-116.42, remainder_fraction=100.0000%, Lmin=-113.54, Lmax=-9.68
11:12:01 [ultranest] [DEBUG] Plateau detected at L=-1.135408e+02, not replacing live point.
11:12:01 [ultranest] [DEBUG] iteration=1013, ncalls=2744, regioncalls=61760, ndraw=40, logz=-116.40, remainder_fraction=100.0000%, Lmin=-113.54, Lmax=-9.68
11:12:01 [ultranest] [DEBUG] Plateau detected at L=-1.135402e+02, not replacing live point.
11:12:01 [ultranest] [DEBUG] Plateau detected at L=-1.135402e+02, not replacing live point.
11:12:02 [ultranest] [DEBUG] iteration=1020, ncalls=2758, regioncalls=62320, ndraw=40, logz=-116.36, remainder_fraction=100.0000%, Lmin=-113.54, Lmax=-9.68
11:12:02 [ultranest] [DEBUG] Plateau detected at L=-1.135402e+02, not replacing live point.
11:12:02 [ultranest] [DEBUG] Plateau detected at L=-1.135402e+02, not replacing live point.
11:12:02 [ultranest] [DEBUG] Plateau detected at L=-1.135402e+02, not replacing live point.
11:12:02 [ultranest] [DEBUG] iteration=1024, ncalls=2761, regioncalls=62440, ndraw=40, logz=-116.34, remainder_fraction=100.0000%, Lmin=-113.54, Lmax=-9.68
11:12:02 [ultranest] [DEBUG] Plateau detected at L=-1.135401e+02, not replacing live point.
11:12:03 [ultranest] [DEBUG] iteration=1026, ncalls=2762, regioncalls=62480, ndraw=40, logz=-116.33, remainder_fraction=100.0000%, Lmin=-113.54, Lmax=-9.68
11:12:03 [ultranest] [DEBUG] Plateau detected at L=-1.135397e+02, not replacing live point.
11:12:03 [ultranest] [DEBUG] iteration=1030, ncalls=2769, regioncalls=62760, ndraw=40, logz=-116.30, remainder_fraction=100.0000%, Lmin=-113.54, Lmax=-9.68
11:12:03 [ultranest] [DEBUG] Plateau detected at L=-1.135395e+02, not replacing live point.
11:12:03 [ultranest] [DEBUG] Plateau detected at L=-1.135395e+02, not replacing live point.
11:12:03 [ultranest] [DEBUG] Plateau detected at L=-1.135395e+02, not replacing live point.
11:12:04 [ultranest] [DEBUG] iteration=1035, ncalls=2777, regioncalls=63080, ndraw=40, logz=-116.28, remainder_fraction=100.0000%, Lmin=-113.54, Lmax=-9.68
11:12:04 [ultranest] [DEBUG] Plateau detected at L=-1.135391e+02, not replacing live point.
11:12:04 [ultranest] [DEBUG] Plateau detected at L=-1.135391e+02, not replacing live point.
11:12:04 [ultranest] [DEBUG] Plateau detected at L=-1.135391e+02, not replacing live point.
11:12:04 [ultranest] [DEBUG] iteration=1041, ncalls=2787, regioncalls=63480, ndraw=40, logz=-116.24, remainder_fraction=100.0000%, Lmin=-113.54, Lmax=-9.68
11:12:04 [ultranest] [DEBUG] Plateau detected at L=-1.135386e+02, not replacing live point.
11:12:04 [ultranest] [DEBUG] Plateau detected at L=-1.135386e+02, not replacing live point.
11:12:05 [ultranest] [DEBUG] iteration=1046, ncalls=2792, regioncalls=63680, ndraw=40, logz=-116.22, remainder_fraction=100.0000%, Lmin=-113.54, Lmax=-9.68
11:12:05 [ultranest] [DEBUG] Plateau detected at L=-1.135386e+02, not replacing live point.
11:12:05 [ultranest] [DEBUG] Plateau detected at L=-1.135386e+02, not replacing live point.
11:12:05 [ultranest] [DEBUG] Plateau detected at L=-1.135386e+02, not replacing live point.
11:12:05 [ultranest] [DEBUG] Plateau detected at L=-1.135386e+02, not replacing live point.
11:12:05 [ultranest] [DEBUG] Plateau detected at L=-1.135386e+02, not replacing live point.
11:12:05 [ultranest] [DEBUG] iteration=1052, ncalls=2793, regioncalls=63720, ndraw=40, logz=-116.19, remainder_fraction=100.0000%, Lmin=-113.54, Lmax=-9.68
11:12:05 [ultranest] [DEBUG] Plateau detected at L=-1.135384e+02, not replacing live point.
11:12:05 [ultranest] [DEBUG] Plateau detected at L=-1.135384e+02, not replacing live point.
11:12:05 [ultranest] [DEBUG] Plateau detected at L=-1.135384e+02, not replacing live point.
11:12:05 [ultranest] [DEBUG] Plateau detected at L=-1.135384e+02, not replacing live point.
11:12:05 [ultranest] [DEBUG] Plateau detected at L=-1.135384e+02, not replacing live point.
11:12:05 [ultranest] [DEBUG] Plateau detected at L=-1.135384e+02, not replacing live point.
11:12:06 [ultranest] [DEBUG] iteration=1060, ncalls=2797, regioncalls=63880, ndraw=40, logz=-116.15, remainder_fraction=100.0000%, Lmin=-113.54, Lmax=-9.68
11:12:06 [ultranest] [DEBUG] Plateau detected at L=-1.135381e+02, not replacing live point.
11:12:06 [ultranest] [DEBUG] Plateau detected at L=-1.135381e+02, not replacing live point.
11:12:06 [ultranest] [DEBUG] Plateau detected at L=-1.135381e+02, not replacing live point.
11:12:06 [ultranest] [DEBUG] Plateau detected at L=-1.135381e+02, not replacing live point.
11:12:06 [ultranest] [DEBUG] Plateau detected at L=-1.135381e+02, not replacing live point.
11:12:06 [ultranest] [DEBUG] Plateau detected at L=-1.135381e+02, not replacing live point.
11:12:06 [ultranest] [DEBUG] iteration=1067, ncalls=2799, regioncalls=63960, ndraw=40, logz=-116.11, remainder_fraction=100.0000%, Lmin=-113.54, Lmax=-9.68
11:12:06 [ultranest] [DEBUG] Plateau detected at L=-1.135379e+02, not replacing live point.
11:12:06 [ultranest] [DEBUG] Plateau detected at L=-1.135379e+02, not replacing live point.
11:12:06 [ultranest] [DEBUG] Plateau detected at L=-1.135379e+02, not replacing live point.
11:12:06 [ultranest] [DEBUG] Plateau detected at L=-1.135379e+02, not replacing live point.
11:12:06 [ultranest] [DEBUG] Plateau detected at L=-1.135379e+02, not replacing live point.
11:12:06 [ultranest] [DEBUG] Plateau detected at L=-1.135379e+02, not replacing live point.
11:12:06 [ultranest] [DEBUG] Plateau detected at L=-1.135379e+02, not replacing live point.
11:12:06 [ultranest] [DEBUG] Plateau detected at L=-1.135379e+02, not replacing live point.
11:12:06 [ultranest] [DEBUG] iteration=1076, ncalls=2800, regioncalls=64000, ndraw=40, logz=-116.07, remainder_fraction=100.0000%, Lmin=-113.54, Lmax=-9.68
11:12:06 [ultranest] [DEBUG] Plateau detected at L=-1.135379e+02, not replacing live point.
11:12:06 [ultranest] [DEBUG] Plateau detected at L=-1.135379e+02, not replacing live point.
11:12:06 [ultranest] [DEBUG] Plateau detected at L=-1.135379e+02, not replacing live point.
11:12:07 [ultranest] [DEBUG] iteration=1080, ncalls=2801, regioncalls=64040, ndraw=40, logz=-116.06, remainder_fraction=100.0000%, Lmin=-113.54, Lmax=-9.68
11:12:07 [ultranest] [DEBUG] Plateau detected at L=-1.135379e+02, not replacing live point.
11:12:07 [ultranest] [DEBUG] Plateau detected at L=-1.135379e+02, not replacing live point.
11:12:07 [ultranest] [DEBUG] Plateau detected at L=-1.135379e+02, not replacing live point.
11:12:07 [ultranest] [DEBUG] Plateau detected at L=-1.135379e+02, not replacing live point.
11:12:07 [ultranest] [DEBUG] Plateau detected at L=-1.135379e+02, not replacing live point.
11:12:07 [ultranest] [DEBUG] iteration=1086, ncalls=2802, regioncalls=64080, ndraw=40, logz=-116.03, remainder_fraction=100.0000%, Lmin=-113.54, Lmax=-9.68
11:12:07 [ultranest] [DEBUG] Plateau detected at L=-1.135376e+02, not replacing live point.
11:12:07 [ultranest] [DEBUG] Plateau detected at L=-1.135376e+02, not replacing live point.
11:12:08 [ultranest] [DEBUG] iteration=1089, ncalls=2803, regioncalls=64120, ndraw=40, logz=-116.02, remainder_fraction=100.0000%, Lmin=-113.54, Lmax=-9.68
11:12:08 [ultranest] [DEBUG] Plateau detected at L=-1.135375e+02, not replacing live point.
11:12:08 [ultranest] [DEBUG] Plateau detected at L=-1.135375e+02, not replacing live point.
11:12:08 [ultranest] [DEBUG] Plateau detected at L=-1.135375e+02, not replacing live point.
11:12:08 [ultranest] [DEBUG] Plateau detected at L=-1.135375e+02, not replacing live point.
11:12:08 [ultranest] [DEBUG] Plateau detected at L=-1.135375e+02, not replacing live point.
11:12:08 [ultranest] [DEBUG] Plateau detected at L=-1.135375e+02, not replacing live point.
11:12:08 [ultranest] [DEBUG] Plateau detected at L=-1.135375e+02, not replacing live point.
11:12:08 [ultranest] [DEBUG] Plateau detected at L=-1.135375e+02, not replacing live point.
11:12:08 [ultranest] [DEBUG] Plateau detected at L=-1.135375e+02, not replacing live point.
11:12:08 [ultranest] [DEBUG] Plateau detected at L=-1.135375e+02, not replacing live point.
11:12:08 [ultranest] [DEBUG] Plateau detected at L=-1.135375e+02, not replacing live point.
11:12:08 [ultranest] [DEBUG] Plateau detected at L=-1.135375e+02, not replacing live point.
11:12:08 [ultranest] [DEBUG] Plateau detected at L=-1.135375e+02, not replacing live point.
11:12:08 [ultranest] [DEBUG] Plateau detected at L=-1.135375e+02, not replacing live point.
11:12:08 [ultranest] [DEBUG] Plateau detected at L=-1.135375e+02, not replacing live point.
11:12:08 [ultranest] [DEBUG] Plateau detected at L=-1.135375e+02, not replacing live point.
11:12:08 [ultranest] [DEBUG] Plateau detected at L=-1.135375e+02, not replacing live point.
11:12:08 [ultranest] [DEBUG] Plateau detected at L=-1.135375e+02, not replacing live point.
11:12:08 [ultranest] [DEBUG] Plateau detected at L=-1.135375e+02, not replacing live point.
11:12:08 [ultranest] [DEBUG] Plateau detected at L=-1.135375e+02, not replacing live point.
11:12:08 [ultranest] [DEBUG] Plateau detected at L=-1.135375e+02, not replacing live point.
11:12:08 [ultranest] [DEBUG] Plateau detected at L=-1.135375e+02, not replacing live point.
11:12:08 [ultranest] [DEBUG] Plateau detected at L=-1.135375e+02, not replacing live point.
11:12:08 [ultranest] [DEBUG] Plateau detected at L=-1.135375e+02, not replacing live point.
11:12:08 [ultranest] [DEBUG] Plateau detected at L=-1.135375e+02, not replacing live point.
11:12:08 [ultranest] [DEBUG] Plateau detected at L=-1.135375e+02, not replacing live point.
11:12:08 [ultranest] [DEBUG] Plateau detected at L=-1.135375e+02, not replacing live point.
11:12:08 [ultranest] [DEBUG] Plateau detected at L=-1.135375e+02, not replacing live point.
11:12:08 [ultranest] [DEBUG] Plateau detected at L=-1.135375e+02, not replacing live point.
11:12:08 [ultranest] [DEBUG] Plateau detected at L=-1.135375e+02, not replacing live point.
11:12:08 [ultranest] [DEBUG] Plateau detected at L=-1.135375e+02, not replacing live point.
11:12:08 [ultranest] [DEBUG] Plateau detected at L=-1.135375e+02, not replacing live point.
11:12:08 [ultranest] [DEBUG] Plateau detected at L=-1.135375e+02, not replacing live point.
11:12:08 [ultranest] [DEBUG] Plateau detected at L=-1.135375e+02, not replacing live point.
11:12:08 [ultranest] [DEBUG] Plateau detected at L=-1.135375e+02, not replacing live point.
11:12:08 [ultranest] [DEBUG] Plateau detected at L=-1.135375e+02, not replacing live point.
11:12:08 [ultranest] [DEBUG] Plateau detected at L=-1.135375e+02, not replacing live point.
11:12:08 [ultranest] [DEBUG] Plateau detected at L=-1.135375e+02, not replacing live point.
11:12:08 [ultranest] [DEBUG] Plateau detected at L=-1.135375e+02, not replacing live point.
11:12:08 [ultranest] [DEBUG] Plateau detected at L=-1.135375e+02, not replacing live point.
11:12:08 [ultranest] [DEBUG] Plateau detected at L=-1.135375e+02, not replacing live point.
11:12:08 [ultranest] [DEBUG] Plateau detected at L=-1.135375e+02, not replacing live point.
11:12:08 [ultranest] [DEBUG] Plateau detected at L=-1.135375e+02, not replacing live point.
11:12:08 [ultranest] [DEBUG] Plateau detected at L=-1.135375e+02, not replacing live point.
11:12:08 [ultranest] [DEBUG] Plateau detected at L=-1.135375e+02, not replacing live point.
11:12:08 [ultranest] [DEBUG] Plateau detected at L=-1.135375e+02, not replacing live point.
11:12:08 [ultranest] [DEBUG] Plateau detected at L=-1.135375e+02, not replacing live point.
11:12:08 [ultranest] [DEBUG] Plateau detected at L=-1.135375e+02, not replacing live point.
11:12:08 [ultranest] [DEBUG] Plateau detected at L=-1.135375e+02, not replacing live point.
11:12:08 [ultranest] [DEBUG] Plateau detected at L=-1.135375e+02, not replacing live point.
11:12:08 [ultranest] [DEBUG] Plateau detected at L=-1.135375e+02, not replacing live point.
11:12:08 [ultranest] [DEBUG] Plateau detected at L=-1.135375e+02, not replacing live point.
11:12:08 [ultranest] [DEBUG] Plateau detected at L=-1.135375e+02, not replacing live point.
11:12:08 [ultranest] [DEBUG] Plateau detected at L=-1.135375e+02, not replacing live point.
11:12:08 [ultranest] [DEBUG] Plateau detected at L=-1.135375e+02, not replacing live point.
11:12:08 [ultranest] [DEBUG] Plateau detected at L=-1.135375e+02, not replacing live point.
11:12:08 [ultranest] [DEBUG] Plateau detected at L=-1.135375e+02, not replacing live point.
11:12:08 [ultranest] [DEBUG] Plateau detected at L=-1.135375e+02, not replacing live point.
11:12:08 [ultranest] [DEBUG] Plateau detected at L=-1.135375e+02, not replacing live point.
11:12:08 [ultranest] [DEBUG] Plateau detected at L=-1.135375e+02, not replacing live point.
11:12:08 [ultranest] [DEBUG] Plateau detected at L=-1.135375e+02, not replacing live point.
11:12:08 [ultranest] [DEBUG] Plateau detected at L=-1.135375e+02, not replacing live point.
11:12:08 [ultranest] [DEBUG] Plateau detected at L=-1.135375e+02, not replacing live point.
11:12:08 [ultranest] [DEBUG] Plateau detected at L=-1.135375e+02, not replacing live point.
11:12:08 [ultranest] [DEBUG] Plateau detected at L=-1.135375e+02, not replacing live point.
11:12:08 [ultranest] [DEBUG] Plateau detected at L=-1.135375e+02, not replacing live point.
11:12:08 [ultranest] [DEBUG] Plateau detected at L=-1.135375e+02, not replacing live point.
11:12:08 [ultranest] [DEBUG] Plateau detected at L=-1.135375e+02, not replacing live point.
11:12:08 [ultranest] [DEBUG] Plateau detected at L=-1.135375e+02, not replacing live point.
11:12:08 [ultranest] [DEBUG] Plateau detected at L=-1.135375e+02, not replacing live point.
11:12:08 [ultranest] [DEBUG] Plateau detected at L=-1.135375e+02, not replacing live point.
11:12:08 [ultranest] [DEBUG] Plateau detected at L=-1.135375e+02, not replacing live point.
11:12:08 [ultranest] [DEBUG] Plateau detected at L=-1.135375e+02, not replacing live point.
11:12:08 [ultranest] [DEBUG] Plateau detected at L=-1.135375e+02, not replacing live point.
11:12:08 [ultranest] [DEBUG] Plateau detected at L=-1.135375e+02, not replacing live point.
11:12:08 [ultranest] [DEBUG] Plateau detected at L=-1.135375e+02, not replacing live point.
11:12:08 [ultranest] [DEBUG] Plateau detected at L=-1.135375e+02, not replacing live point.
11:12:08 [ultranest] [DEBUG] Plateau detected at L=-1.135375e+02, not replacing live point.
11:12:08 [ultranest] [DEBUG] Plateau detected at L=-1.135375e+02, not replacing live point.
11:12:08 [ultranest] [DEBUG] Plateau detected at L=-1.135375e+02, not replacing live point.
11:12:08 [ultranest] [DEBUG] Plateau detected at L=-1.135375e+02, not replacing live point.
11:12:08 [ultranest] [DEBUG] Plateau detected at L=-1.135375e+02, not replacing live point.
11:12:08 [ultranest] [DEBUG] Plateau detected at L=-1.135375e+02, not replacing live point.
11:12:08 [ultranest] [DEBUG] Plateau detected at L=-1.135375e+02, not replacing live point.
11:12:08 [ultranest] [DEBUG] Plateau detected at L=-1.135375e+02, not replacing live point.
11:12:08 [ultranest] [DEBUG] Plateau detected at L=-1.135375e+02, not replacing live point.
11:12:08 [ultranest] [DEBUG] Plateau detected at L=-1.135375e+02, not replacing live point.
11:12:08 [ultranest] [DEBUG] Plateau detected at L=-1.135375e+02, not replacing live point.
11:12:08 [ultranest] [DEBUG] Plateau detected at L=-1.135375e+02, not replacing live point.
11:12:08 [ultranest] [DEBUG] Plateau detected at L=-1.135375e+02, not replacing live point.
11:12:08 [ultranest] [DEBUG] Plateau detected at L=-1.135375e+02, not replacing live point.
11:12:08 [ultranest] [DEBUG] Plateau detected at L=-1.135375e+02, not replacing live point.
11:12:08 [ultranest] [DEBUG] Plateau detected at L=-1.135375e+02, not replacing live point.
11:12:08 [ultranest] [DEBUG] Plateau detected at L=-1.135375e+02, not replacing live point.
11:12:08 [ultranest] [DEBUG] Plateau detected at L=-1.135375e+02, not replacing live point.
11:12:08 [ultranest] [DEBUG] Plateau detected at L=-1.135375e+02, not replacing live point.
11:12:08 [ultranest] [DEBUG] Plateau detected at L=-1.135375e+02, not replacing live point.
11:12:08 [ultranest] [DEBUG] Plateau detected at L=-1.135375e+02, not replacing live point.
11:12:08 [ultranest] [DEBUG] Plateau detected at L=-1.135375e+02, not replacing live point.
11:12:08 [ultranest] [DEBUG] Plateau detected at L=-1.135375e+02, not replacing live point.
11:12:08 [ultranest] [DEBUG] Plateau detected at L=-1.135375e+02, not replacing live point.
11:12:08 [ultranest] [DEBUG] Plateau detected at L=-1.135375e+02, not replacing live point.
11:12:08 [ultranest] [DEBUG] Plateau detected at L=-1.135375e+02, not replacing live point.
11:12:08 [ultranest] [DEBUG] Plateau detected at L=-1.135375e+02, not replacing live point.
11:12:08 [ultranest] [DEBUG] Plateau detected at L=-1.135375e+02, not replacing live point.
11:12:08 [ultranest] [DEBUG] Plateau detected at L=-1.135375e+02, not replacing live point.
11:12:08 [ultranest] [DEBUG] Plateau detected at L=-1.135375e+02, not replacing live point.
11:12:08 [ultranest] [DEBUG] Plateau detected at L=-1.135375e+02, not replacing live point.
11:12:08 [ultranest] [DEBUG] Plateau detected at L=-1.135375e+02, not replacing live point.
11:12:08 [ultranest] [DEBUG] Plateau detected at L=-1.135375e+02, not replacing live point.
11:12:08 [ultranest] [DEBUG] Plateau detected at L=-1.135375e+02, not replacing live point.
11:12:08 [ultranest] [DEBUG] Plateau detected at L=-1.135375e+02, not replacing live point.
11:12:08 [ultranest] [DEBUG] Plateau detected at L=-1.135375e+02, not replacing live point.
11:12:08 [ultranest] [DEBUG] Plateau detected at L=-1.135375e+02, not replacing live point.
11:12:08 [ultranest] [DEBUG] Plateau detected at L=-1.135375e+02, not replacing live point.
11:12:08 [ultranest] [DEBUG] Plateau detected at L=-1.135375e+02, not replacing live point.
11:12:08 [ultranest] [DEBUG] Plateau detected at L=-1.135375e+02, not replacing live point.
11:12:08 [ultranest] [DEBUG] Plateau detected at L=-1.135375e+02, not replacing live point.
11:12:08 [ultranest] [DEBUG] Plateau detected at L=-1.135375e+02, not replacing live point.
11:12:08 [ultranest] [DEBUG] Plateau detected at L=-1.135375e+02, not replacing live point.
11:12:08 [ultranest] [DEBUG] Plateau detected at L=-1.135375e+02, not replacing live point.
11:12:08 [ultranest] [DEBUG] Plateau detected at L=-1.135375e+02, not replacing live point.
11:12:08 [ultranest] [DEBUG] Plateau detected at L=-1.135375e+02, not replacing live point.
11:12:08 [ultranest] [DEBUG] Plateau detected at L=-1.135375e+02, not replacing live point.
11:12:08 [ultranest] [DEBUG] Plateau detected at L=-1.135375e+02, not replacing live point.
11:12:08 [ultranest] [DEBUG] Plateau detected at L=-1.135375e+02, not replacing live point.
11:12:08 [ultranest] [DEBUG] Plateau detected at L=-1.135375e+02, not replacing live point.
11:12:08 [ultranest] [DEBUG] Plateau detected at L=-1.135375e+02, not replacing live point.
11:12:08 [ultranest] [DEBUG] Plateau detected at L=-1.135375e+02, not replacing live point.
11:12:08 [ultranest] [DEBUG] Plateau detected at L=-1.135375e+02, not replacing live point.
11:12:08 [ultranest] [DEBUG] Plateau detected at L=-1.135375e+02, not replacing live point.
11:12:08 [ultranest] [DEBUG] Plateau detected at L=-1.135375e+02, not replacing live point.
11:12:08 [ultranest] [DEBUG] Plateau detected at L=-1.135375e+02, not replacing live point.
11:12:08 [ultranest] [DEBUG] Plateau detected at L=-1.135375e+02, not replacing live point.
11:12:08 [ultranest] [DEBUG] Plateau detected at L=-1.135375e+02, not replacing live point.
11:12:08 [ultranest] [DEBUG] Plateau detected at L=-1.135375e+02, not replacing live point.
11:12:08 [ultranest] [DEBUG] Plateau detected at L=-1.135375e+02, not replacing live point.
11:12:08 [ultranest] [DEBUG] Plateau detected at L=-1.135375e+02, not replacing live point.
11:12:08 [ultranest] [DEBUG] Plateau detected at L=-1.135375e+02, not replacing live point.
11:12:08 [ultranest] [DEBUG] Plateau detected at L=-1.135375e+02, not replacing live point.
11:12:08 [ultranest] [DEBUG] Plateau detected at L=-1.135375e+02, not replacing live point.
11:12:08 [ultranest] [DEBUG] Plateau detected at L=-1.135375e+02, not replacing live point.
11:12:08 [ultranest] [DEBUG] Plateau detected at L=-1.135375e+02, not replacing live point.
11:12:08 [ultranest] [DEBUG] Plateau detected at L=-1.135375e+02, not replacing live point.
11:12:08 [ultranest] [DEBUG] Plateau detected at L=-1.135375e+02, not replacing live point.
11:12:08 [ultranest] [DEBUG] Plateau detected at L=-1.135375e+02, not replacing live point.
11:12:08 [ultranest] [DEBUG] Plateau detected at L=-1.135375e+02, not replacing live point.
11:12:08 [ultranest] [DEBUG] Plateau detected at L=-1.135375e+02, not replacing live point.
11:12:08 [ultranest] [DEBUG] Plateau detected at L=-1.135375e+02, not replacing live point.
11:12:08 [ultranest] [DEBUG] Plateau detected at L=-1.135375e+02, not replacing live point.
11:12:08 [ultranest] [DEBUG] Plateau detected at L=-1.135375e+02, not replacing live point.
11:12:08 [ultranest] [DEBUG] Plateau detected at L=-1.135375e+02, not replacing live point.
11:12:08 [ultranest] [DEBUG] Plateau detected at L=-1.135375e+02, not replacing live point.
11:12:08 [ultranest] [DEBUG] Plateau detected at L=-1.135375e+02, not replacing live point.
11:12:08 [ultranest] [DEBUG] Plateau detected at L=-1.135375e+02, not replacing live point.
11:12:08 [ultranest] [DEBUG] Plateau detected at L=-1.135375e+02, not replacing live point.
11:12:08 [ultranest] [DEBUG] Plateau detected at L=-1.135375e+02, not replacing live point.
11:12:08 [ultranest] [DEBUG] Plateau detected at L=-1.135375e+02, not replacing live point.
11:12:08 [ultranest] [DEBUG] Plateau detected at L=-1.135375e+02, not replacing live point.
11:12:08 [ultranest] [DEBUG] Plateau detected at L=-1.135375e+02, not replacing live point.
11:12:08 [ultranest] [DEBUG] Plateau detected at L=-1.135375e+02, not replacing live point.
11:12:08 [ultranest] [DEBUG] Plateau detected at L=-1.135375e+02, not replacing live point.
11:12:08 [ultranest] [DEBUG] Plateau detected at L=-1.135375e+02, not replacing live point.
11:12:08 [ultranest] [DEBUG] Plateau detected at L=-1.135375e+02, not replacing live point.
11:12:08 [ultranest] [DEBUG] Plateau detected at L=-1.135375e+02, not replacing live point.
11:12:08 [ultranest] [DEBUG] Plateau detected at L=-1.135375e+02, not replacing live point.
11:12:08 [ultranest] [DEBUG] Plateau detected at L=-1.135375e+02, not replacing live point.
11:12:08 [ultranest] [DEBUG] Plateau detected at L=-1.135375e+02, not replacing live point.
11:12:08 [ultranest] [DEBUG] Plateau detected at L=-1.135375e+02, not replacing live point.
11:12:08 [ultranest] [DEBUG] Plateau detected at L=-1.135375e+02, not replacing live point.
11:12:08 [ultranest] [DEBUG] Plateau detected at L=-1.135375e+02, not replacing live point.
11:12:08 [ultranest] [DEBUG] Plateau detected at L=-1.135375e+02, not replacing live point.
11:12:08 [ultranest] [DEBUG] Plateau detected at L=-1.135375e+02, not replacing live point.
11:12:08 [ultranest] [DEBUG] Plateau detected at L=-1.135375e+02, not replacing live point.
11:12:08 [ultranest] [DEBUG] Plateau detected at L=-1.135375e+02, not replacing live point.
11:12:08 [ultranest] [DEBUG] Plateau detected at L=-1.135375e+02, not replacing live point.
11:12:08 [ultranest] [DEBUG] Plateau detected at L=-1.135375e+02, not replacing live point.
11:12:08 [ultranest] [DEBUG] Plateau detected at L=-1.135375e+02, not replacing live point.
11:12:08 [ultranest] [DEBUG] Plateau detected at L=-1.135375e+02, not replacing live point.
11:12:08 [ultranest] [DEBUG] Plateau detected at L=-1.135375e+02, not replacing live point.
11:12:08 [ultranest] [DEBUG] Plateau detected at L=-1.135375e+02, not replacing live point.
11:12:08 [ultranest] [DEBUG] Plateau detected at L=-1.135375e+02, not replacing live point.
11:12:08 [ultranest] [DEBUG] Plateau detected at L=-1.135375e+02, not replacing live point.
11:12:08 [ultranest] [DEBUG] Plateau detected at L=-1.135375e+02, not replacing live point.
11:12:08 [ultranest] [DEBUG] Plateau detected at L=-1.135375e+02, not replacing live point.
11:12:08 [ultranest] [DEBUG] Plateau detected at L=-1.135375e+02, not replacing live point.
11:12:08 [ultranest] [DEBUG] Plateau detected at L=-1.135375e+02, not replacing live point.
11:12:08 [ultranest] [DEBUG] Plateau detected at L=-1.135375e+02, not replacing live point.
11:12:08 [ultranest] [DEBUG] Plateau detected at L=-1.135375e+02, not replacing live point.
11:12:08 [ultranest] [DEBUG] Plateau detected at L=-1.135375e+02, not replacing live point.
11:12:08 [ultranest] [DEBUG] Plateau detected at L=-1.135375e+02, not replacing live point.
11:12:08 [ultranest] [DEBUG] Plateau detected at L=-1.135375e+02, not replacing live point.
11:12:08 [ultranest] [DEBUG] Plateau detected at L=-1.135375e+02, not replacing live point.
11:12:08 [ultranest] [DEBUG] Plateau detected at L=-1.135375e+02, not replacing live point.
11:12:08 [ultranest] [DEBUG] Plateau detected at L=-1.135375e+02, not replacing live point.
11:12:08 [ultranest] [DEBUG] Plateau detected at L=-1.135375e+02, not replacing live point.
11:12:08 [ultranest] [DEBUG] Plateau detected at L=-1.135375e+02, not replacing live point.
11:12:08 [ultranest] [DEBUG] Plateau detected at L=-1.135375e+02, not replacing live point.
11:12:08 [ultranest] [DEBUG] Plateau detected at L=-1.135375e+02, not replacing live point.
11:12:08 [ultranest] [DEBUG] Plateau detected at L=-1.135375e+02, not replacing live point.
11:12:08 [ultranest] [DEBUG] Plateau detected at L=-1.135375e+02, not replacing live point.
11:12:08 [ultranest] [DEBUG] Plateau detected at L=-1.135375e+02, not replacing live point.
11:12:08 [ultranest] [DEBUG] Plateau detected at L=-1.135375e+02, not replacing live point.
11:12:08 [ultranest] [DEBUG] Plateau detected at L=-1.135375e+02, not replacing live point.
11:12:08 [ultranest] [DEBUG] Plateau detected at L=-1.135375e+02, not replacing live point.
11:12:08 [ultranest] [DEBUG] Plateau detected at L=-1.135375e+02, not replacing live point.
11:12:08 [ultranest] [DEBUG] Plateau detected at L=-1.135375e+02, not replacing live point.
11:12:08 [ultranest] [DEBUG] Plateau detected at L=-1.135375e+02, not replacing live point.
11:12:08 [ultranest] [DEBUG] Plateau detected at L=-1.135375e+02, not replacing live point.
11:12:08 [ultranest] [DEBUG] Plateau detected at L=-1.135375e+02, not replacing live point.
11:12:08 [ultranest] [DEBUG] Plateau detected at L=-1.135375e+02, not replacing live point.
11:12:08 [ultranest] [DEBUG] Plateau detected at L=-1.135375e+02, not replacing live point.
11:12:08 [ultranest] [DEBUG] Plateau detected at L=-1.135375e+02, not replacing live point.
11:12:08 [ultranest] [DEBUG] Plateau detected at L=-1.135375e+02, not replacing live point.
11:12:08 [ultranest] [DEBUG] Plateau detected at L=-1.135375e+02, not replacing live point.
11:12:08 [ultranest] [DEBUG] Plateau detected at L=-1.135375e+02, not replacing live point.
11:12:08 [ultranest] [DEBUG] Plateau detected at L=-1.135375e+02, not replacing live point.
11:12:08 [ultranest] [DEBUG] Plateau detected at L=-1.135375e+02, not replacing live point.
11:12:08 [ultranest] [DEBUG] Plateau detected at L=-1.135375e+02, not replacing live point.
11:12:08 [ultranest] [DEBUG] Plateau detected at L=-1.135375e+02, not replacing live point.
11:12:08 [ultranest] [DEBUG] Plateau detected at L=-1.135375e+02, not replacing live point.
11:12:08 [ultranest] [DEBUG] Plateau detected at L=-1.135375e+02, not replacing live point.
11:12:08 [ultranest] [DEBUG] Plateau detected at L=-1.135375e+02, not replacing live point.
11:12:08 [ultranest] [DEBUG] Plateau detected at L=-1.135375e+02, not replacing live point.
11:12:08 [ultranest] [DEBUG] Plateau detected at L=-1.135375e+02, not replacing live point.
11:12:08 [ultranest] [DEBUG] Plateau detected at L=-1.135375e+02, not replacing live point.
11:12:08 [ultranest] [DEBUG] Plateau detected at L=-1.135375e+02, not replacing live point.
11:12:08 [ultranest] [DEBUG] Plateau detected at L=-1.135375e+02, not replacing live point.
11:12:08 [ultranest] [DEBUG] Plateau detected at L=-1.135375e+02, not replacing live point.
11:12:08 [ultranest] [DEBUG] Plateau detected at L=-1.135375e+02, not replacing live point.
11:12:08 [ultranest] [DEBUG] Plateau detected at L=-1.135375e+02, not replacing live point.
11:12:08 [ultranest] [DEBUG] Plateau detected at L=-1.135375e+02, not replacing live point.
11:12:08 [ultranest] [DEBUG] Plateau detected at L=-1.135375e+02, not replacing live point.
11:12:08 [ultranest] [DEBUG] Plateau detected at L=-1.135375e+02, not replacing live point.
11:12:08 [ultranest] [DEBUG] Plateau detected at L=-1.135375e+02, not replacing live point.
11:12:08 [ultranest] [DEBUG] Plateau detected at L=-1.135375e+02, not replacing live point.
11:12:08 [ultranest] [DEBUG] Plateau detected at L=-1.135375e+02, not replacing live point.
11:12:08 [ultranest] [DEBUG] Plateau detected at L=-1.135375e+02, not replacing live point.
11:12:08 [ultranest] [DEBUG] Plateau detected at L=-1.135375e+02, not replacing live point.
11:12:08 [ultranest] [DEBUG] Plateau detected at L=-1.135375e+02, not replacing live point.
11:12:08 [ultranest] [DEBUG] Plateau detected at L=-1.135375e+02, not replacing live point.
11:12:08 [ultranest] [DEBUG] Plateau detected at L=-1.135375e+02, not replacing live point.
11:12:08 [ultranest] [DEBUG] Plateau detected at L=-1.135375e+02, not replacing live point.
11:12:08 [ultranest] [DEBUG] Plateau detected at L=-1.135375e+02, not replacing live point.
11:12:08 [ultranest] [DEBUG] Plateau detected at L=-1.135375e+02, not replacing live point.
11:12:08 [ultranest] [DEBUG] Plateau detected at L=-1.135375e+02, not replacing live point.
11:12:08 [ultranest] [DEBUG] Plateau detected at L=-1.135375e+02, not replacing live point.
11:12:08 [ultranest] [DEBUG] Plateau detected at L=-1.135375e+02, not replacing live point.
11:12:08 [ultranest] [DEBUG] Plateau detected at L=-1.135375e+02, not replacing live point.
11:12:08 [ultranest] [DEBUG] Plateau detected at L=-1.135375e+02, not replacing live point.
11:12:08 [ultranest] [DEBUG] Plateau detected at L=-1.135375e+02, not replacing live point.
11:12:08 [ultranest] [DEBUG] Plateau detected at L=-1.135375e+02, not replacing live point.
11:12:08 [ultranest] [DEBUG] Plateau detected at L=-1.135375e+02, not replacing live point.
11:12:08 [ultranest] [DEBUG] Plateau detected at L=-1.135375e+02, not replacing live point.
11:12:08 [ultranest] [DEBUG] Plateau detected at L=-1.135375e+02, not replacing live point.
11:12:08 [ultranest] [DEBUG] Plateau detected at L=-1.135375e+02, not replacing live point.
11:12:08 [ultranest] [DEBUG] Plateau detected at L=-1.135375e+02, not replacing live point.
11:12:08 [ultranest] [DEBUG] Plateau detected at L=-1.135375e+02, not replacing live point.
11:12:08 [ultranest] [DEBUG] Plateau detected at L=-1.135375e+02, not replacing live point.
11:12:08 [ultranest] [DEBUG] Plateau detected at L=-1.135375e+02, not replacing live point.
11:12:08 [ultranest] [DEBUG] Plateau detected at L=-1.135375e+02, not replacing live point.
11:12:08 [ultranest] [DEBUG] Plateau detected at L=-1.135375e+02, not replacing live point.
11:12:08 [ultranest] [DEBUG] Plateau detected at L=-1.135375e+02, not replacing live point.
11:12:08 [ultranest] [DEBUG] Plateau detected at L=-1.135375e+02, not replacing live point.
11:12:08 [ultranest] [DEBUG] Plateau detected at L=-1.135375e+02, not replacing live point.
11:12:08 [ultranest] [DEBUG] Plateau detected at L=-1.135375e+02, not replacing live point.
11:12:08 [ultranest] [DEBUG] Plateau detected at L=-1.135375e+02, not replacing live point.
11:12:08 [ultranest] [DEBUG] Plateau detected at L=-1.135375e+02, not replacing live point.
11:12:08 [ultranest] [DEBUG] Plateau detected at L=-1.135375e+02, not replacing live point.
11:12:08 [ultranest] [DEBUG] Plateau detected at L=-1.135375e+02, not replacing live point.
11:12:08 [ultranest] [DEBUG] Plateau detected at L=-1.135375e+02, not replacing live point.
11:12:08 [ultranest] [DEBUG] Plateau detected at L=-1.135375e+02, not replacing live point.
11:12:08 [ultranest] [DEBUG] Plateau detected at L=-1.135375e+02, not replacing live point.
11:12:08 [ultranest] [DEBUG] Plateau detected at L=-1.135375e+02, not replacing live point.
11:12:08 [ultranest] [DEBUG] Plateau detected at L=-1.135375e+02, not replacing live point.
11:12:08 [ultranest] [DEBUG] Plateau detected at L=-1.135375e+02, not replacing live point.
11:12:08 [ultranest] [DEBUG] Plateau detected at L=-1.135375e+02, not replacing live point.
11:12:08 [ultranest] [DEBUG] Plateau detected at L=-1.135375e+02, not replacing live point.
11:12:08 [ultranest] [DEBUG] Plateau detected at L=-1.135375e+02, not replacing live point.
11:12:08 [ultranest] [DEBUG] Plateau detected at L=-1.135375e+02, not replacing live point.
11:12:08 [ultranest] [DEBUG] Plateau detected at L=-1.135375e+02, not replacing live point.
11:12:08 [ultranest] [DEBUG] Plateau detected at L=-1.135375e+02, not replacing live point.
11:12:08 [ultranest] [DEBUG] Plateau detected at L=-1.135375e+02, not replacing live point.
11:12:08 [ultranest] [DEBUG] Plateau detected at L=-1.135375e+02, not replacing live point.
11:12:08 [ultranest] [DEBUG] Plateau detected at L=-1.135375e+02, not replacing live point.
11:12:08 [ultranest] [DEBUG] Plateau detected at L=-1.135375e+02, not replacing live point.
11:12:08 [ultranest] [DEBUG] Plateau detected at L=-1.135375e+02, not replacing live point.
11:12:08 [ultranest] [DEBUG] Plateau detected at L=-1.135375e+02, not replacing live point.
11:12:08 [ultranest] [DEBUG] Plateau detected at L=-1.135375e+02, not replacing live point.
11:12:08 [ultranest] [DEBUG] Plateau detected at L=-1.135375e+02, not replacing live point.
11:12:08 [ultranest] [DEBUG] Plateau detected at L=-1.135375e+02, not replacing live point.
11:12:08 [ultranest] [DEBUG] Plateau detected at L=-1.135375e+02, not replacing live point.
11:12:08 [ultranest] [DEBUG] Plateau detected at L=-1.135375e+02, not replacing live point.
11:12:08 [ultranest] [DEBUG] Plateau detected at L=-1.135375e+02, not replacing live point.
11:12:08 [ultranest] [DEBUG] Plateau detected at L=-1.135375e+02, not replacing live point.
11:12:08 [ultranest] [DEBUG] Plateau detected at L=-1.135375e+02, not replacing live point.
11:12:08 [ultranest] [DEBUG] Plateau detected at L=-1.135375e+02, not replacing live point.
11:12:08 [ultranest] [DEBUG] Plateau detected at L=-1.135375e+02, not replacing live point.
11:12:08 [ultranest] [DEBUG] Plateau detected at L=-1.135375e+02, not replacing live point.
11:12:08 [ultranest] [DEBUG] Plateau detected at L=-1.135375e+02, not replacing live point.
11:12:08 [ultranest] [DEBUG] Plateau detected at L=-1.135375e+02, not replacing live point.
11:12:08 [ultranest] [DEBUG] Plateau detected at L=-1.135375e+02, not replacing live point.
11:12:08 [ultranest] [DEBUG] Plateau detected at L=-1.135375e+02, not replacing live point.
11:12:08 [ultranest] [DEBUG] Plateau detected at L=-1.135375e+02, not replacing live point.
11:12:08 [ultranest] [DEBUG] Plateau detected at L=-1.135375e+02, not replacing live point.
11:12:08 [ultranest] [DEBUG] Plateau detected at L=-1.135375e+02, not replacing live point.
11:12:08 [ultranest] [DEBUG] Plateau detected at L=-1.135375e+02, not replacing live point.
11:12:08 [ultranest] [DEBUG] Plateau detected at L=-1.135375e+02, not replacing live point.
11:12:08 [ultranest] [DEBUG] Plateau detected at L=-1.135375e+02, not replacing live point.
11:12:08 [ultranest] [DEBUG] Plateau detected at L=-1.135375e+02, not replacing live point.
11:12:08 [ultranest] [DEBUG] Plateau detected at L=-1.135375e+02, not replacing live point.
11:12:08 [ultranest] [DEBUG] Plateau detected at L=-1.135375e+02, not replacing live point.
11:12:08 [ultranest] [DEBUG] Plateau detected at L=-1.135375e+02, not replacing live point.
11:12:08 [ultranest] [DEBUG] Plateau detected at L=-1.135375e+02, not replacing live point.
11:12:08 [ultranest] [DEBUG] Plateau detected at L=-1.135375e+02, not replacing live point.
11:12:08 [ultranest] [DEBUG] Plateau detected at L=-1.135375e+02, not replacing live point.
11:12:08 [ultranest] [DEBUG] Plateau detected at L=-1.135375e+02, not replacing live point.
11:12:08 [ultranest] [DEBUG] Plateau detected at L=-1.135375e+02, not replacing live point.
11:12:08 [ultranest] [DEBUG] Plateau detected at L=-1.135375e+02, not replacing live point.
11:12:08 [ultranest] [DEBUG] Plateau detected at L=-1.135375e+02, not replacing live point.
11:12:08 [ultranest] [DEBUG] Plateau detected at L=-1.135375e+02, not replacing live point.
11:12:08 [ultranest] [DEBUG] Plateau detected at L=-1.135375e+02, not replacing live point.
11:12:08 [ultranest] [DEBUG] Plateau detected at L=-1.135375e+02, not replacing live point.
11:12:08 [ultranest] [DEBUG] Plateau detected at L=-1.135375e+02, not replacing live point.
11:12:08 [ultranest] [DEBUG] Plateau detected at L=-1.135375e+02, not replacing live point.
11:12:08 [ultranest] [DEBUG] Plateau detected at L=-1.135375e+02, not replacing live point.
11:12:08 [ultranest] [DEBUG] Plateau detected at L=-1.135375e+02, not replacing live point.
11:12:08 [ultranest] [DEBUG] Plateau detected at L=-1.135375e+02, not replacing live point.
11:12:08 [ultranest] [DEBUG] Plateau detected at L=-1.135375e+02, not replacing live point.
11:12:08 [ultranest] [DEBUG] Plateau detected at L=-1.135375e+02, not replacing live point.
11:12:08 [ultranest] [DEBUG] Plateau detected at L=-1.135375e+02, not replacing live point.
11:12:08 [ultranest] [DEBUG] Plateau detected at L=-1.135375e+02, not replacing live point.
11:12:08 [ultranest] [DEBUG] Plateau detected at L=-1.135375e+02, not replacing live point.
11:12:08 [ultranest] [DEBUG] Plateau detected at L=-1.135375e+02, not replacing live point.
11:12:08 [ultranest] [DEBUG] Plateau detected at L=-1.135375e+02, not replacing live point.
11:12:08 [ultranest] [DEBUG] Plateau detected at L=-1.135375e+02, not replacing live point.
11:12:08 [ultranest] [DEBUG] Plateau detected at L=-1.135375e+02, not replacing live point.
11:12:08 [ultranest] [DEBUG] Plateau detected at L=-1.135375e+02, not replacing live point.
11:12:08 [ultranest] [DEBUG] Plateau detected at L=-1.135375e+02, not replacing live point.
11:12:08 [ultranest] [DEBUG] Plateau detected at L=-1.135375e+02, not replacing live point.
11:12:08 [ultranest] [DEBUG] Plateau detected at L=-1.135375e+02, not replacing live point.
11:12:08 [ultranest] [DEBUG] Plateau detected at L=-1.135375e+02, not replacing live point.
11:12:08 [ultranest] [DEBUG] Plateau detected at L=-1.135375e+02, not replacing live point.
11:12:08 [ultranest] [DEBUG] Plateau detected at L=-1.135375e+02, not replacing live point.
11:12:08 [ultranest] [DEBUG] Plateau detected at L=-1.135375e+02, not replacing live point.
11:12:08 [ultranest] [DEBUG] Plateau detected at L=-1.135375e+02, not replacing live point.
11:12:08 [ultranest] [DEBUG] Plateau detected at L=-1.135375e+02, not replacing live point.
11:12:08 [ultranest] [DEBUG] Plateau detected at L=-1.135375e+02, not replacing live point.
11:12:08 [ultranest] [DEBUG] Plateau detected at L=-1.135375e+02, not replacing live point.
11:12:08 [ultranest] [DEBUG] Plateau detected at L=-1.135375e+02, not replacing live point.
11:12:08 [ultranest] [DEBUG] Plateau detected at L=-1.135375e+02, not replacing live point.
11:12:08 [ultranest] [DEBUG] Plateau detected at L=-1.135375e+02, not replacing live point.
11:12:08 [ultranest] [DEBUG] Plateau detected at L=-1.135375e+02, not replacing live point.
11:12:08 [ultranest] [DEBUG] Plateau detected at L=-1.135375e+02, not replacing live point.
11:12:08 [ultranest] [DEBUG] Plateau detected at L=-1.135375e+02, not replacing live point.
11:12:08 [ultranest] [DEBUG] Plateau detected at L=-1.135375e+02, not replacing live point.
11:12:08 [ultranest] [DEBUG] Plateau detected at L=-1.135375e+02, not replacing live point.
11:12:08 [ultranest] [DEBUG] Plateau detected at L=-1.135375e+02, not replacing live point.
11:12:08 [ultranest] [DEBUG] Plateau detected at L=-1.135375e+02, not replacing live point.
11:12:08 [ultranest] [DEBUG] Plateau detected at L=-1.135375e+02, not replacing live point.
11:12:08 [ultranest] [DEBUG] Plateau detected at L=-1.135375e+02, not replacing live point.
11:12:08 [ultranest] [DEBUG] Plateau detected at L=-1.135375e+02, not replacing live point.
11:12:08 [ultranest] [DEBUG] Plateau detected at L=-1.135375e+02, not replacing live point.
11:12:08 [ultranest] [DEBUG] Plateau detected at L=-1.135375e+02, not replacing live point.
11:12:08 [ultranest] [DEBUG] Plateau detected at L=-1.135375e+02, not replacing live point.
11:12:08 [ultranest] [DEBUG] Plateau detected at L=-1.135375e+02, not replacing live point.
11:12:08 [ultranest] [DEBUG] Plateau detected at L=-1.135375e+02, not replacing live point.
11:12:08 [ultranest] [DEBUG] Plateau detected at L=-1.135375e+02, not replacing live point.
11:12:08 [ultranest] [DEBUG] Plateau detected at L=-1.135375e+02, not replacing live point.
11:12:08 [ultranest] [DEBUG] Plateau detected at L=-1.135375e+02, not replacing live point.
11:12:08 [ultranest] [DEBUG] Plateau detected at L=-1.135375e+02, not replacing live point.
11:12:08 [ultranest] [DEBUG] Plateau detected at L=-1.135375e+02, not replacing live point.
11:12:08 [ultranest] [DEBUG] Plateau detected at L=-1.135375e+02, not replacing live point.
11:12:08 [ultranest] [DEBUG] Plateau detected at L=-1.135375e+02, not replacing live point.
11:12:08 [ultranest] [DEBUG] Plateau detected at L=-1.135375e+02, not replacing live point.
11:12:08 [ultranest] [DEBUG] Plateau detected at L=-1.135375e+02, not replacing live point.
11:12:08 [ultranest] [DEBUG] Plateau detected at L=-1.135375e+02, not replacing live point.
11:12:08 [ultranest] [DEBUG] Plateau detected at L=-1.135375e+02, not replacing live point.
11:12:08 [ultranest] [DEBUG] Plateau detected at L=-1.135375e+02, not replacing live point.
11:12:08 [ultranest] [DEBUG] Plateau detected at L=-1.135375e+02, not replacing live point.
11:12:08 [ultranest] [DEBUG] Plateau detected at L=-1.135375e+02, not replacing live point.
11:12:08 [ultranest] [DEBUG] Plateau detected at L=-1.135375e+02, not replacing live point.
11:12:08 [ultranest] [DEBUG] Plateau detected at L=-1.135375e+02, not replacing live point.
11:12:08 [ultranest] [DEBUG] Plateau detected at L=-1.135375e+02, not replacing live point.
11:12:08 [ultranest] [DEBUG] Plateau detected at L=-1.135375e+02, not replacing live point.
11:12:08 [ultranest] [DEBUG] Plateau detected at L=-1.135375e+02, not replacing live point.
11:12:08 [ultranest] [DEBUG] Plateau detected at L=-1.135375e+02, not replacing live point.
11:12:08 [ultranest] [DEBUG] Plateau detected at L=-1.135375e+02, not replacing live point.
11:12:08 [ultranest] [DEBUG] Plateau detected at L=-1.135375e+02, not replacing live point.
11:12:08 [ultranest] [DEBUG] Plateau detected at L=-1.135375e+02, not replacing live point.
11:12:08 [ultranest] [DEBUG] Plateau detected at L=-1.135375e+02, not replacing live point.
11:12:08 [ultranest] [DEBUG] Plateau detected at L=-1.135375e+02, not replacing live point.
11:12:08 [ultranest] [DEBUG] Plateau detected at L=-1.135375e+02, not replacing live point.
11:12:08 [ultranest] [DEBUG] Plateau detected at L=-1.135375e+02, not replacing live point.
11:12:08 [ultranest] [DEBUG] Plateau detected at L=-1.135375e+02, not replacing live point.
11:12:08 [ultranest] [DEBUG] Plateau detected at L=-1.135375e+02, not replacing live point.
11:12:08 [ultranest] [DEBUG] Plateau detected at L=-1.135375e+02, not replacing live point.
11:12:08 [ultranest] [DEBUG] Plateau detected at L=-1.135375e+02, not replacing live point.
11:12:08 [ultranest] [DEBUG] Plateau detected at L=-1.135375e+02, not replacing live point.
11:12:08 [ultranest] [DEBUG] Plateau detected at L=-1.135375e+02, not replacing live point.
11:12:08 [ultranest] [DEBUG] Plateau detected at L=-1.135375e+02, not replacing live point.
11:12:08 [ultranest] [DEBUG] Plateau detected at L=-1.135375e+02, not replacing live point.
11:12:08 [ultranest] [DEBUG] Plateau detected at L=-1.135375e+02, not replacing live point.
11:12:08 [ultranest] [DEBUG] Plateau detected at L=-1.135375e+02, not replacing live point.
11:12:08 [ultranest] [DEBUG] Plateau detected at L=-1.135375e+02, not replacing live point.
11:12:08 [ultranest] [DEBUG] Plateau detected at L=-1.135375e+02, not replacing live point.
11:12:08 [ultranest] [DEBUG] Plateau detected at L=-1.135375e+02, not replacing live point.
11:12:08 [ultranest] [DEBUG] Plateau detected at L=-1.135375e+02, not replacing live point.
11:12:08 [ultranest] [DEBUG] Plateau detected at L=-1.135375e+02, not replacing live point.
11:12:08 [ultranest] [DEBUG] Plateau detected at L=-1.135375e+02, not replacing live point.
11:12:08 [ultranest] [DEBUG] Plateau detected at L=-1.135375e+02, not replacing live point.
11:12:08 [ultranest] [DEBUG] Plateau detected at L=-1.135375e+02, not replacing live point.
11:12:08 [ultranest] [DEBUG] Plateau detected at L=-1.135375e+02, not replacing live point.
11:12:08 [ultranest] [DEBUG] Plateau detected at L=-1.135375e+02, not replacing live point.
11:12:08 [ultranest] [DEBUG] Plateau detected at L=-1.135375e+02, not replacing live point.
11:12:08 [ultranest] [DEBUG] Plateau detected at L=-1.135375e+02, not replacing live point.
11:12:08 [ultranest] [DEBUG] Plateau detected at L=-1.135375e+02, not replacing live point.
11:12:08 [ultranest] [DEBUG] Plateau detected at L=-1.135375e+02, not replacing live point.
11:12:08 [ultranest] [DEBUG] Plateau detected at L=-1.135375e+02, not replacing live point.
11:12:08 [ultranest] [DEBUG] Plateau detected at L=-1.135375e+02, not replacing live point.
11:12:08 [ultranest] [DEBUG] Plateau detected at L=-1.135375e+02, not replacing live point.
11:12:08 [ultranest] [DEBUG] Plateau detected at L=-1.135375e+02, not replacing live point.
11:12:08 [ultranest] [DEBUG] Plateau detected at L=-1.135375e+02, not replacing live point.
11:12:08 [ultranest] [DEBUG] Plateau detected at L=-1.135375e+02, not replacing live point.
11:12:08 [ultranest] [DEBUG] Plateau detected at L=-1.135375e+02, not replacing live point.
11:12:08 [ultranest] [DEBUG] Plateau detected at L=-1.135375e+02, not replacing live point.
11:12:08 [ultranest] [DEBUG] Plateau detected at L=-1.135375e+02, not replacing live point.
11:12:08 [ultranest] [DEBUG] Plateau detected at L=-1.135375e+02, not replacing live point.
11:12:08 [ultranest] [DEBUG] Plateau detected at L=-1.135375e+02, not replacing live point.
11:12:08 [ultranest] [DEBUG] Plateau detected at L=-1.135375e+02, not replacing live point.
11:12:08 [ultranest] [DEBUG] Plateau detected at L=-1.135375e+02, not replacing live point.
11:12:08 [ultranest] [DEBUG] Plateau detected at L=-1.135375e+02, not replacing live point.
11:12:08 [ultranest] [DEBUG] Plateau detected at L=-1.135375e+02, not replacing live point.
11:12:08 [ultranest] [DEBUG] Plateau detected at L=-1.135375e+02, not replacing live point.
11:12:08 [ultranest] [DEBUG] Plateau detected at L=-1.135375e+02, not replacing live point.
11:12:08 [ultranest] [DEBUG] Plateau detected at L=-1.135375e+02, not replacing live point.
11:12:08 [ultranest] [DEBUG] Plateau detected at L=-1.135375e+02, not replacing live point.
11:12:08 [ultranest] [DEBUG] Plateau detected at L=-1.135375e+02, not replacing live point.
11:12:08 [ultranest] [DEBUG] Plateau detected at L=-1.135375e+02, not replacing live point.
11:12:08 [ultranest] [DEBUG] Plateau detected at L=-1.135375e+02, not replacing live point.
11:12:08 [ultranest] [DEBUG] Plateau detected at L=-1.135375e+02, not replacing live point.
11:12:08 [ultranest] [DEBUG] Plateau detected at L=-1.135375e+02, not replacing live point.
11:12:08 [ultranest] [DEBUG] Plateau detected at L=-1.135375e+02, not replacing live point.
11:12:08 [ultranest] [DEBUG] Plateau detected at L=-1.135375e+02, not replacing live point.
11:12:08 [ultranest] [DEBUG] Plateau detected at L=-1.135375e+02, not replacing live point.
11:12:08 [ultranest] [DEBUG] Plateau detected at L=-1.135375e+02, not replacing live point.
11:12:08 [ultranest] [DEBUG] Plateau detected at L=-1.135375e+02, not replacing live point.
11:12:08 [ultranest] [DEBUG] Plateau detected at L=-1.135375e+02, not replacing live point.
11:12:08 [ultranest] [DEBUG] Plateau detected at L=-1.135375e+02, not replacing live point.
11:12:08 [ultranest] [DEBUG] Plateau detected at L=-1.135375e+02, not replacing live point.
11:12:08 [ultranest] [DEBUG] Plateau detected at L=-1.135375e+02, not replacing live point.
11:12:08 [ultranest] [DEBUG] Plateau detected at L=-1.135375e+02, not replacing live point.
11:12:08 [ultranest] [DEBUG] Plateau detected at L=-1.135375e+02, not replacing live point.
11:12:08 [ultranest] [DEBUG] Plateau detected at L=-1.135375e+02, not replacing live point.
11:12:08 [ultranest] [DEBUG] Plateau detected at L=-1.135375e+02, not replacing live point.
11:12:08 [ultranest] [DEBUG] Plateau detected at L=-1.135375e+02, not replacing live point.
11:12:08 [ultranest] [DEBUG] Plateau detected at L=-1.135375e+02, not replacing live point.
11:12:08 [ultranest] [DEBUG] Plateau detected at L=-1.135375e+02, not replacing live point.
11:12:08 [ultranest] [DEBUG] Plateau detected at L=-1.135375e+02, not replacing live point.
11:12:08 [ultranest] [DEBUG] Plateau detected at L=-1.135375e+02, not replacing live point.
11:12:08 [ultranest] [DEBUG] Plateau detected at L=-1.135375e+02, not replacing live point.
11:12:08 [ultranest] [DEBUG] Plateau detected at L=-1.135375e+02, not replacing live point.
11:12:08 [ultranest] [DEBUG] Plateau detected at L=-1.135375e+02, not replacing live point.
11:12:08 [ultranest] [DEBUG] Plateau detected at L=-1.135375e+02, not replacing live point.
11:12:08 [ultranest] [DEBUG] Plateau detected at L=-1.135375e+02, not replacing live point.
11:12:08 [ultranest] [DEBUG] Plateau detected at L=-1.135375e+02, not replacing live point.
11:12:08 [ultranest] [DEBUG] Plateau detected at L=-1.135375e+02, not replacing live point.
11:12:08 [ultranest] [DEBUG] Plateau detected at L=-1.135375e+02, not replacing live point.
11:12:08 [ultranest] [DEBUG] Plateau detected at L=-1.135375e+02, not replacing live point.
11:12:08 [ultranest] [DEBUG] Plateau detected at L=-1.135375e+02, not replacing live point.
11:12:08 [ultranest] [DEBUG] Plateau detected at L=-1.135375e+02, not replacing live point.
11:12:08 [ultranest] [DEBUG] Plateau detected at L=-1.135375e+02, not replacing live point.
11:12:08 [ultranest] [DEBUG] Plateau detected at L=-1.135375e+02, not replacing live point.
11:12:08 [ultranest] [DEBUG] Plateau detected at L=-1.135375e+02, not replacing live point.
11:12:08 [ultranest] [DEBUG] Plateau detected at L=-1.135375e+02, not replacing live point.
11:12:08 [ultranest] [DEBUG] Plateau detected at L=-1.135375e+02, not replacing live point.
11:12:08 [ultranest] [DEBUG] Plateau detected at L=-1.135375e+02, not replacing live point.
11:12:08 [ultranest] [DEBUG] Plateau detected at L=-1.135375e+02, not replacing live point.
11:12:08 [ultranest] [DEBUG] Plateau detected at L=-1.135375e+02, not replacing live point.
11:12:08 [ultranest] [DEBUG] Plateau detected at L=-1.135375e+02, not replacing live point.
11:12:08 [ultranest] [DEBUG] Plateau detected at L=-1.135375e+02, not replacing live point.
11:12:08 [ultranest] [DEBUG] Plateau detected at L=-1.135375e+02, not replacing live point.
11:12:08 [ultranest] [DEBUG] Plateau detected at L=-1.135375e+02, not replacing live point.
11:12:08 [ultranest] [DEBUG] Plateau detected at L=-1.135375e+02, not replacing live point.
11:12:08 [ultranest] [DEBUG] Plateau detected at L=-1.135375e+02, not replacing live point.
11:12:08 [ultranest] [DEBUG] Plateau detected at L=-1.135375e+02, not replacing live point.
11:12:08 [ultranest] [DEBUG] Plateau detected at L=-1.135375e+02, not replacing live point.
11:12:08 [ultranest] [DEBUG] Plateau detected at L=-1.135375e+02, not replacing live point.
11:12:08 [ultranest] [DEBUG] Plateau detected at L=-1.135375e+02, not replacing live point.
11:12:08 [ultranest] [DEBUG] Plateau detected at L=-1.135375e+02, not replacing live point.
11:12:08 [ultranest] [DEBUG] Plateau detected at L=-1.135375e+02, not replacing live point.
11:12:08 [ultranest] [DEBUG] Plateau detected at L=-1.135375e+02, not replacing live point.
11:12:08 [ultranest] [DEBUG] Plateau detected at L=-1.135375e+02, not replacing live point.
11:12:08 [ultranest] [DEBUG] Plateau detected at L=-1.135375e+02, not replacing live point.
11:12:08 [ultranest] [DEBUG] Plateau detected at L=-1.135375e+02, not replacing live point.
11:12:08 [ultranest] [DEBUG] Plateau detected at L=-1.135375e+02, not replacing live point.
11:12:08 [ultranest] [DEBUG] Plateau detected at L=-1.135375e+02, not replacing live point.
11:12:08 [ultranest] [DEBUG] Plateau detected at L=-1.135375e+02, not replacing live point.
11:12:08 [ultranest] [DEBUG] Plateau detected at L=-1.135375e+02, not replacing live point.
11:12:08 [ultranest] [DEBUG] Plateau detected at L=-1.135375e+02, not replacing live point.
11:12:08 [ultranest] [DEBUG] Plateau detected at L=-1.135375e+02, not replacing live point.
11:12:08 [ultranest] [DEBUG] Plateau detected at L=-1.135375e+02, not replacing live point.
11:12:08 [ultranest] [DEBUG] Plateau detected at L=-1.135375e+02, not replacing live point.
11:12:08 [ultranest] [DEBUG] Plateau detected at L=-1.135375e+02, not replacing live point.
11:12:08 [ultranest] [DEBUG] Plateau detected at L=-1.135375e+02, not replacing live point.
11:12:08 [ultranest] [DEBUG] Plateau detected at L=-1.135375e+02, not replacing live point.
11:12:08 [ultranest] [DEBUG] Plateau detected at L=-1.135375e+02, not replacing live point.
11:12:08 [ultranest] [DEBUG] Plateau detected at L=-1.135375e+02, not replacing live point.
11:12:08 [ultranest] [DEBUG] Plateau detected at L=-1.135375e+02, not replacing live point.
11:12:08 [ultranest] [DEBUG] Plateau detected at L=-1.135375e+02, not replacing live point.
11:12:08 [ultranest] [DEBUG] Plateau detected at L=-1.135375e+02, not replacing live point.
11:12:08 [ultranest] [DEBUG] Plateau detected at L=-1.135375e+02, not replacing live point.
11:12:08 [ultranest] [DEBUG] Plateau detected at L=-1.135375e+02, not replacing live point.
11:12:08 [ultranest] [DEBUG] Plateau detected at L=-1.135375e+02, not replacing live point.
11:12:08 [ultranest] [DEBUG] Plateau detected at L=-1.135375e+02, not replacing live point.
11:12:08 [ultranest] [DEBUG] Plateau detected at L=-1.135375e+02, not replacing live point.
11:12:08 [ultranest] [DEBUG] Plateau detected at L=-1.135375e+02, not replacing live point.
11:12:08 [ultranest] [DEBUG] Plateau detected at L=-1.135375e+02, not replacing live point.
11:12:08 [ultranest] [DEBUG] Plateau detected at L=-1.135375e+02, not replacing live point.
11:12:08 [ultranest] [DEBUG] Plateau detected at L=-1.135375e+02, not replacing live point.
11:12:08 [ultranest] [DEBUG] Plateau detected at L=-1.135375e+02, not replacing live point.
11:12:08 [ultranest] [DEBUG] Plateau detected at L=-1.135375e+02, not replacing live point.
11:12:08 [ultranest] [DEBUG] Plateau detected at L=-1.135375e+02, not replacing live point.
11:12:08 [ultranest] [DEBUG] Plateau detected at L=-1.135375e+02, not replacing live point.
11:12:08 [ultranest] [DEBUG] Plateau detected at L=-1.135375e+02, not replacing live point.
11:12:08 [ultranest] [DEBUG] Plateau detected at L=-1.135375e+02, not replacing live point.
11:12:08 [ultranest] [DEBUG] Plateau detected at L=-1.135375e+02, not replacing live point.
11:12:08 [ultranest] [DEBUG] Plateau detected at L=-1.135375e+02, not replacing live point.
11:12:08 [ultranest] [DEBUG] Plateau detected at L=-1.135375e+02, not replacing live point.
11:12:08 [ultranest] [DEBUG] Plateau detected at L=-1.135375e+02, not replacing live point.
11:12:08 [ultranest] [DEBUG] Plateau detected at L=-1.135375e+02, not replacing live point.
11:12:08 [ultranest] [DEBUG] Plateau detected at L=-1.135375e+02, not replacing live point.
11:12:08 [ultranest] [DEBUG] Plateau detected at L=-1.135375e+02, not replacing live point.
11:12:08 [ultranest] [DEBUG] Plateau detected at L=-1.135375e+02, not replacing live point.
11:12:08 [ultranest] [DEBUG] Plateau detected at L=-1.135375e+02, not replacing live point.
11:12:08 [ultranest] [DEBUG] Plateau detected at L=-1.135375e+02, not replacing live point.
11:12:08 [ultranest] [DEBUG] Plateau detected at L=-1.135375e+02, not replacing live point.
11:12:08 [ultranest] [DEBUG] Plateau detected at L=-1.135375e+02, not replacing live point.
11:12:08 [ultranest] [DEBUG] Plateau detected at L=-1.135375e+02, not replacing live point.
11:12:08 [ultranest] [DEBUG] Plateau detected at L=-1.135375e+02, not replacing live point.
11:12:08 [ultranest] [DEBUG] Plateau detected at L=-1.135375e+02, not replacing live point.
11:12:08 [ultranest] [DEBUG] Plateau detected at L=-1.135375e+02, not replacing live point.
11:12:08 [ultranest] [DEBUG] Plateau detected at L=-1.135375e+02, not replacing live point.
11:12:08 [ultranest] [DEBUG] Plateau detected at L=-1.135375e+02, not replacing live point.
11:12:08 [ultranest] [DEBUG] Plateau detected at L=-1.135375e+02, not replacing live point.
11:12:08 [ultranest] [DEBUG] Plateau detected at L=-1.135375e+02, not replacing live point.
11:12:08 [ultranest] [DEBUG] Plateau detected at L=-1.135375e+02, not replacing live point.
11:12:08 [ultranest] [DEBUG] Plateau detected at L=-1.135375e+02, not replacing live point.
11:12:08 [ultranest] [DEBUG] Plateau detected at L=-1.135375e+02, not replacing live point.
11:12:08 [ultranest] [DEBUG] Plateau detected at L=-1.135375e+02, not replacing live point.
11:12:08 [ultranest] [DEBUG] Plateau detected at L=-1.135375e+02, not replacing live point.
11:12:08 [ultranest] [DEBUG] Plateau detected at L=-1.135375e+02, not replacing live point.
11:12:08 [ultranest] [DEBUG] Plateau detected at L=-1.135375e+02, not replacing live point.
11:12:08 [ultranest] [DEBUG] Plateau detected at L=-1.135375e+02, not replacing live point.
11:12:08 [ultranest] [DEBUG] Plateau detected at L=-1.135375e+02, not replacing live point.
11:12:08 [ultranest] [DEBUG] Plateau detected at L=-1.135375e+02, not replacing live point.
11:12:08 [ultranest] [DEBUG] Plateau detected at L=-1.135375e+02, not replacing live point.
11:12:08 [ultranest] [DEBUG] Plateau detected at L=-1.135375e+02, not replacing live point.
11:12:08 [ultranest] [DEBUG] Plateau detected at L=-1.135375e+02, not replacing live point.
11:12:08 [ultranest] [DEBUG] Plateau detected at L=-1.135375e+02, not replacing live point.
11:12:08 [ultranest] [DEBUG] Plateau detected at L=-1.135375e+02, not replacing live point.
11:12:08 [ultranest] [DEBUG] Plateau detected at L=-1.135375e+02, not replacing live point.
11:12:08 [ultranest] [DEBUG] Plateau detected at L=-1.135375e+02, not replacing live point.
11:12:08 [ultranest] [DEBUG] Plateau detected at L=-1.135375e+02, not replacing live point.
11:12:08 [ultranest] [DEBUG] Plateau detected at L=-1.135375e+02, not replacing live point.
11:12:08 [ultranest] [DEBUG] Plateau detected at L=-1.135375e+02, not replacing live point.
11:12:08 [ultranest] [DEBUG] Plateau detected at L=-1.135375e+02, not replacing live point.
11:12:08 [ultranest] [DEBUG] Plateau detected at L=-1.135375e+02, not replacing live point.
11:12:08 [ultranest] [DEBUG] Plateau detected at L=-1.135375e+02, not replacing live point.
11:12:08 [ultranest] [DEBUG] Plateau detected at L=-1.135375e+02, not replacing live point.
11:12:08 [ultranest] [DEBUG] Plateau detected at L=-1.135375e+02, not replacing live point.
11:12:08 [ultranest] [DEBUG] Plateau detected at L=-1.135375e+02, not replacing live point.
11:12:08 [ultranest] [DEBUG] Plateau detected at L=-1.135375e+02, not replacing live point.
11:12:08 [ultranest] [DEBUG] Plateau detected at L=-1.135375e+02, not replacing live point.
11:12:08 [ultranest] [DEBUG] Plateau detected at L=-1.135375e+02, not replacing live point.
11:12:08 [ultranest] [DEBUG] Plateau detected at L=-1.135375e+02, not replacing live point.
11:12:08 [ultranest] [DEBUG] Plateau detected at L=-1.135375e+02, not replacing live point.
11:12:08 [ultranest] [DEBUG] Plateau detected at L=-1.135375e+02, not replacing live point.
11:12:08 [ultranest] [DEBUG] Plateau detected at L=-1.135375e+02, not replacing live point.
11:12:08 [ultranest] [DEBUG] Plateau detected at L=-1.135375e+02, not replacing live point.
11:12:08 [ultranest] [DEBUG] Plateau detected at L=-1.135375e+02, not replacing live point.
11:12:08 [ultranest] [DEBUG] Plateau detected at L=-1.135375e+02, not replacing live point.
11:12:08 [ultranest] [DEBUG] Plateau detected at L=-1.135375e+02, not replacing live point.
11:12:08 [ultranest] [DEBUG] Plateau detected at L=-1.135375e+02, not replacing live point.
11:12:08 [ultranest] [DEBUG] Plateau detected at L=-1.135375e+02, not replacing live point.
11:12:08 [ultranest] [DEBUG] Plateau detected at L=-1.135375e+02, not replacing live point.
11:12:08 [ultranest] [DEBUG] Plateau detected at L=-1.135375e+02, not replacing live point.
11:12:08 [ultranest] [DEBUG] Plateau detected at L=-1.135375e+02, not replacing live point.
11:12:08 [ultranest] [DEBUG] Plateau detected at L=-1.135375e+02, not replacing live point.
11:12:08 [ultranest] [DEBUG] Plateau detected at L=-1.135375e+02, not replacing live point.
11:12:08 [ultranest] [DEBUG] Plateau detected at L=-1.135375e+02, not replacing live point.
11:12:08 [ultranest] [DEBUG] Plateau detected at L=-1.135375e+02, not replacing live point.
11:12:08 [ultranest] [DEBUG] Plateau detected at L=-1.135375e+02, not replacing live point.
11:12:08 [ultranest] [DEBUG] Plateau detected at L=-1.135375e+02, not replacing live point.
11:12:08 [ultranest] [DEBUG] Plateau detected at L=-1.135375e+02, not replacing live point.
11:12:08 [ultranest] [DEBUG] Plateau detected at L=-1.135375e+02, not replacing live point.
11:12:08 [ultranest] [DEBUG] Plateau detected at L=-1.135375e+02, not replacing live point.
11:12:08 [ultranest] [DEBUG] Plateau detected at L=-1.135375e+02, not replacing live point.
11:12:08 [ultranest] [DEBUG] Plateau detected at L=-1.135375e+02, not replacing live point.
11:12:08 [ultranest] [DEBUG] Plateau detected at L=-1.135375e+02, not replacing live point.
11:12:08 [ultranest] [DEBUG] Plateau detected at L=-1.135375e+02, not replacing live point.
11:12:08 [ultranest] [DEBUG] Plateau detected at L=-1.135375e+02, not replacing live point.
11:12:08 [ultranest] [DEBUG] Plateau detected at L=-1.135375e+02, not replacing live point.
11:12:08 [ultranest] [DEBUG] Plateau detected at L=-1.135375e+02, not replacing live point.
11:12:08 [ultranest] [DEBUG] Plateau detected at L=-1.135375e+02, not replacing live point.
11:12:08 [ultranest] [DEBUG] Plateau detected at L=-1.135375e+02, not replacing live point.
11:12:08 [ultranest] [DEBUG] Plateau detected at L=-1.135375e+02, not replacing live point.
11:12:08 [ultranest] [DEBUG] Plateau detected at L=-1.135375e+02, not replacing live point.
11:12:08 [ultranest] [DEBUG] Plateau detected at L=-1.135375e+02, not replacing live point.
11:12:08 [ultranest] [DEBUG] Plateau detected at L=-1.135375e+02, not replacing live point.
11:12:08 [ultranest] [DEBUG] Plateau detected at L=-1.135375e+02, not replacing live point.
11:12:08 [ultranest] [DEBUG] Plateau detected at L=-1.135375e+02, not replacing live point.
11:12:08 [ultranest] [DEBUG] Plateau detected at L=-1.135375e+02, not replacing live point.
11:12:08 [ultranest] [DEBUG] Plateau detected at L=-1.135375e+02, not replacing live point.
11:12:08 [ultranest] [DEBUG] Plateau detected at L=-1.135375e+02, not replacing live point.
11:12:08 [ultranest] [DEBUG] Plateau detected at L=-1.135375e+02, not replacing live point.
11:12:08 [ultranest] [DEBUG] Plateau detected at L=-1.135375e+02, not replacing live point.
11:12:08 [ultranest] [DEBUG] Plateau detected at L=-1.135375e+02, not replacing live point.
11:12:08 [ultranest] [DEBUG] Plateau detected at L=-1.135375e+02, not replacing live point.
11:12:08 [ultranest] [DEBUG] Plateau detected at L=-1.135375e+02, not replacing live point.
11:12:08 [ultranest] [DEBUG] Plateau detected at L=-1.135375e+02, not replacing live point.
11:12:08 [ultranest] [DEBUG] Plateau detected at L=-1.135375e+02, not replacing live point.
11:12:08 [ultranest] [DEBUG] Plateau detected at L=-1.135375e+02, not replacing live point.
11:12:08 [ultranest] [DEBUG] Plateau detected at L=-1.135375e+02, not replacing live point.
11:12:08 [ultranest] [DEBUG] Plateau detected at L=-1.135375e+02, not replacing live point.
11:12:08 [ultranest] [DEBUG] Plateau detected at L=-1.135375e+02, not replacing live point.
11:12:08 [ultranest] [DEBUG] Plateau detected at L=-1.135375e+02, not replacing live point.
11:12:08 [ultranest] [DEBUG] Plateau detected at L=-1.135375e+02, not replacing live point.
11:12:08 [ultranest] [DEBUG] Plateau detected at L=-1.135375e+02, not replacing live point.
11:12:08 [ultranest] [DEBUG] Plateau detected at L=-1.135375e+02, not replacing live point.
11:12:08 [ultranest] [DEBUG] Plateau detected at L=-1.135375e+02, not replacing live point.
11:12:08 [ultranest] [DEBUG] Plateau detected at L=-1.135375e+02, not replacing live point.
11:12:08 [ultranest] [DEBUG] Plateau detected at L=-1.135375e+02, not replacing live point.
11:12:08 [ultranest] [DEBUG] Plateau detected at L=-1.135375e+02, not replacing live point.
11:12:08 [ultranest] [DEBUG] Plateau detected at L=-1.135375e+02, not replacing live point.
11:12:08 [ultranest] [DEBUG] Plateau detected at L=-1.135375e+02, not replacing live point.
11:12:08 [ultranest] [DEBUG] Plateau detected at L=-1.135375e+02, not replacing live point.
11:12:08 [ultranest] [DEBUG] Plateau detected at L=-1.135375e+02, not replacing live point.
11:12:08 [ultranest] [DEBUG] Plateau detected at L=-1.135375e+02, not replacing live point.
11:12:08 [ultranest] [DEBUG] Plateau detected at L=-1.135375e+02, not replacing live point.
11:12:08 [ultranest] [DEBUG] Plateau detected at L=-1.135375e+02, not replacing live point.
11:12:08 [ultranest] [DEBUG] Plateau detected at L=-1.135375e+02, not replacing live point.
11:12:08 [ultranest] [DEBUG] Plateau detected at L=-1.135375e+02, not replacing live point.
11:12:08 [ultranest] [DEBUG] Plateau detected at L=-1.135375e+02, not replacing live point.
11:12:08 [ultranest] [DEBUG] Plateau detected at L=-1.135375e+02, not replacing live point.
11:12:08 [ultranest] [DEBUG] Plateau detected at L=-1.135375e+02, not replacing live point.
11:12:08 [ultranest] [DEBUG] Plateau detected at L=-1.135375e+02, not replacing live point.
11:12:08 [ultranest] [DEBUG] Plateau detected at L=-1.135375e+02, not replacing live point.
11:12:08 [ultranest] [DEBUG] Plateau detected at L=-1.135375e+02, not replacing live point.
11:12:08 [ultranest] [DEBUG] Plateau detected at L=-1.135375e+02, not replacing live point.
11:12:08 [ultranest] [DEBUG] Plateau detected at L=-1.135375e+02, not replacing live point.
11:12:08 [ultranest] [DEBUG] Plateau detected at L=-1.135375e+02, not replacing live point.
11:12:08 [ultranest] [DEBUG] Plateau detected at L=-1.135375e+02, not replacing live point.
11:12:08 [ultranest] [DEBUG] Plateau detected at L=-1.135375e+02, not replacing live point.
11:12:08 [ultranest] [DEBUG] Plateau detected at L=-1.135375e+02, not replacing live point.
11:12:08 [ultranest] [DEBUG] Plateau detected at L=-1.135375e+02, not replacing live point.
11:12:08 [ultranest] [DEBUG] Plateau detected at L=-1.135375e+02, not replacing live point.
11:12:08 [ultranest] [DEBUG] Plateau detected at L=-1.135375e+02, not replacing live point.
11:12:08 [ultranest] [DEBUG] Plateau detected at L=-1.135375e+02, not replacing live point.
11:12:08 [ultranest] [DEBUG] Plateau detected at L=-1.135375e+02, not replacing live point.
11:12:08 [ultranest] [DEBUG] Plateau detected at L=-1.135375e+02, not replacing live point.
11:12:08 [ultranest] [DEBUG] Plateau detected at L=-1.135375e+02, not replacing live point.
11:12:08 [ultranest] [DEBUG] Plateau detected at L=-1.135375e+02, not replacing live point.
11:12:08 [ultranest] [DEBUG] Plateau detected at L=-1.135375e+02, not replacing live point.
11:12:08 [ultranest] [DEBUG] Plateau detected at L=-1.135375e+02, not replacing live point.
11:12:08 [ultranest] [DEBUG] Plateau detected at L=-1.135375e+02, not replacing live point.
11:12:08 [ultranest] [DEBUG] Plateau detected at L=-1.135375e+02, not replacing live point.
11:12:08 [ultranest] [DEBUG] Plateau detected at L=-1.135375e+02, not replacing live point.
11:12:08 [ultranest] [DEBUG] Plateau detected at L=-1.135375e+02, not replacing live point.
11:12:08 [ultranest] [DEBUG] Plateau detected at L=-1.135375e+02, not replacing live point.
11:12:08 [ultranest] [DEBUG] Plateau detected at L=-1.135375e+02, not replacing live point.
11:12:08 [ultranest] [DEBUG] Plateau detected at L=-1.135375e+02, not replacing live point.
11:12:08 [ultranest] [DEBUG] Plateau detected at L=-1.135375e+02, not replacing live point.
11:12:08 [ultranest] [DEBUG] Plateau detected at L=-1.135375e+02, not replacing live point.
11:12:08 [ultranest] [DEBUG] Plateau detected at L=-1.135375e+02, not replacing live point.
11:12:08 [ultranest] [DEBUG] Plateau detected at L=-1.135375e+02, not replacing live point.
11:12:08 [ultranest] [DEBUG] Plateau detected at L=-1.135375e+02, not replacing live point.
11:12:08 [ultranest] [DEBUG] Plateau detected at L=-1.135375e+02, not replacing live point.
11:12:08 [ultranest] [DEBUG] Plateau detected at L=-1.135375e+02, not replacing live point.
11:12:08 [ultranest] [DEBUG] Plateau detected at L=-1.135375e+02, not replacing live point.
11:12:08 [ultranest] [DEBUG] Plateau detected at L=-1.135375e+02, not replacing live point.
11:12:08 [ultranest] [DEBUG] Plateau detected at L=-1.135375e+02, not replacing live point.
11:12:08 [ultranest] [DEBUG] Plateau detected at L=-1.135375e+02, not replacing live point.
11:12:08 [ultranest] [DEBUG] Plateau detected at L=-1.135375e+02, not replacing live point.
11:12:08 [ultranest] [DEBUG] Plateau detected at L=-1.135375e+02, not replacing live point.
11:12:08 [ultranest] [DEBUG] Plateau detected at L=-1.135375e+02, not replacing live point.
11:12:08 [ultranest] [DEBUG] Plateau detected at L=-1.135375e+02, not replacing live point.
11:12:08 [ultranest] [DEBUG] Plateau detected at L=-1.135375e+02, not replacing live point.
11:12:08 [ultranest] [DEBUG] Plateau detected at L=-1.135375e+02, not replacing live point.
11:12:08 [ultranest] [DEBUG] Plateau detected at L=-1.135375e+02, not replacing live point.
11:12:08 [ultranest] [DEBUG] Plateau detected at L=-1.135375e+02, not replacing live point.
11:12:08 [ultranest] [DEBUG] Plateau detected at L=-1.135375e+02, not replacing live point.
11:12:08 [ultranest] [DEBUG] Plateau detected at L=-1.135375e+02, not replacing live point.
11:12:08 [ultranest] [DEBUG] Plateau detected at L=-1.135375e+02, not replacing live point.
11:12:08 [ultranest] [DEBUG] Plateau detected at L=-1.135375e+02, not replacing live point.
11:12:08 [ultranest] [DEBUG] Plateau detected at L=-1.135375e+02, not replacing live point.
11:12:08 [ultranest] [DEBUG] Plateau detected at L=-1.135375e+02, not replacing live point.
11:12:08 [ultranest] [DEBUG] Plateau detected at L=-1.135375e+02, not replacing live point.
11:12:08 [ultranest] [DEBUG] Plateau detected at L=-1.135375e+02, not replacing live point.
11:12:08 [ultranest] [DEBUG] Plateau detected at L=-1.135375e+02, not replacing live point.
11:12:08 [ultranest] [DEBUG] Plateau detected at L=-1.135375e+02, not replacing live point.
11:12:08 [ultranest] [DEBUG] Plateau detected at L=-1.135375e+02, not replacing live point.
11:12:08 [ultranest] [DEBUG] Plateau detected at L=-1.135375e+02, not replacing live point.
11:12:08 [ultranest] [DEBUG] Plateau detected at L=-1.135375e+02, not replacing live point.
11:12:08 [ultranest] [DEBUG] Plateau detected at L=-1.135375e+02, not replacing live point.
11:12:08 [ultranest] [DEBUG] Plateau detected at L=-1.135375e+02, not replacing live point.
11:12:08 [ultranest] [DEBUG] Plateau detected at L=-1.135375e+02, not replacing live point.
11:12:08 [ultranest] [DEBUG] Plateau detected at L=-1.135375e+02, not replacing live point.
11:12:08 [ultranest] [DEBUG] Plateau detected at L=-1.135375e+02, not replacing live point.
11:12:08 [ultranest] [DEBUG] Plateau detected at L=-1.135375e+02, not replacing live point.
11:12:08 [ultranest] [DEBUG] Plateau detected at L=-1.135375e+02, not replacing live point.
11:12:08 [ultranest] [DEBUG] Plateau detected at L=-1.135375e+02, not replacing live point.
11:12:08 [ultranest] [DEBUG] Plateau detected at L=-1.135375e+02, not replacing live point.
11:12:08 [ultranest] [DEBUG] Plateau detected at L=-1.135375e+02, not replacing live point.
11:12:08 [ultranest] [DEBUG] Plateau detected at L=-1.135375e+02, not replacing live point.
11:12:08 [ultranest] [DEBUG] Plateau detected at L=-1.135375e+02, not replacing live point.
11:12:08 [ultranest] [DEBUG] Plateau detected at L=-1.135375e+02, not replacing live point.
11:12:08 [ultranest] [DEBUG] Plateau detected at L=-1.135375e+02, not replacing live point.
11:12:08 [ultranest] [DEBUG] Plateau detected at L=-1.135375e+02, not replacing live point.
11:12:08 [ultranest] [DEBUG] Plateau detected at L=-1.135375e+02, not replacing live point.
11:12:08 [ultranest] [DEBUG] Plateau detected at L=-1.135375e+02, not replacing live point.
11:12:08 [ultranest] [DEBUG] Plateau detected at L=-1.135375e+02, not replacing live point.
11:12:08 [ultranest] [DEBUG] Plateau detected at L=-1.135375e+02, not replacing live point.
11:12:08 [ultranest] [DEBUG] Plateau detected at L=-1.135375e+02, not replacing live point.
11:12:08 [ultranest] [DEBUG] Plateau detected at L=-1.135375e+02, not replacing live point.
11:12:08 [ultranest] [DEBUG] Plateau detected at L=-1.135375e+02, not replacing live point.
11:12:08 [ultranest] [DEBUG] Plateau detected at L=-1.135375e+02, not replacing live point.
11:12:08 [ultranest] [DEBUG] Plateau detected at L=-1.135375e+02, not replacing live point.
11:12:08 [ultranest] [DEBUG] Plateau detected at L=-1.135375e+02, not replacing live point.
11:12:08 [ultranest] [DEBUG] Plateau detected at L=-1.135375e+02, not replacing live point.
11:12:08 [ultranest] [DEBUG] Plateau detected at L=-1.135375e+02, not replacing live point.
11:12:08 [ultranest] [DEBUG] Plateau detected at L=-1.135375e+02, not replacing live point.
11:12:08 [ultranest] [DEBUG] Plateau detected at L=-1.135375e+02, not replacing live point.
11:12:08 [ultranest] [DEBUG] Plateau detected at L=-1.135375e+02, not replacing live point.
11:12:08 [ultranest] [DEBUG] Plateau detected at L=-1.135375e+02, not replacing live point.
11:12:08 [ultranest] [DEBUG] Plateau detected at L=-1.135375e+02, not replacing live point.
11:12:08 [ultranest] [DEBUG] Plateau detected at L=-1.135375e+02, not replacing live point.
11:12:08 [ultranest] [DEBUG] Plateau detected at L=-1.135375e+02, not replacing live point.
11:12:08 [ultranest] [DEBUG] Plateau detected at L=-1.135375e+02, not replacing live point.
11:12:08 [ultranest] [DEBUG] Plateau detected at L=-1.135375e+02, not replacing live point.
11:12:08 [ultranest] [DEBUG] Plateau detected at L=-1.135375e+02, not replacing live point.
11:12:08 [ultranest] [DEBUG] Plateau detected at L=-1.135375e+02, not replacing live point.
11:12:08 [ultranest] [DEBUG] Plateau detected at L=-1.135375e+02, not replacing live point.
11:12:08 [ultranest] [DEBUG] Plateau detected at L=-1.135375e+02, not replacing live point.
11:12:08 [ultranest] [DEBUG] Plateau detected at L=-1.135375e+02, not replacing live point.
11:12:08 [ultranest] [DEBUG] Plateau detected at L=-1.135375e+02, not replacing live point.
11:12:08 [ultranest] [DEBUG] Plateau detected at L=-1.135375e+02, not replacing live point.
11:12:08 [ultranest] [DEBUG] Plateau detected at L=-1.135375e+02, not replacing live point.
11:12:08 [ultranest] [DEBUG] Plateau detected at L=-1.135375e+02, not replacing live point.
11:12:08 [ultranest] [DEBUG] Plateau detected at L=-1.135375e+02, not replacing live point.
11:12:08 [ultranest] [DEBUG] Plateau detected at L=-1.135375e+02, not replacing live point.
11:12:08 [ultranest] [DEBUG] Plateau detected at L=-1.135375e+02, not replacing live point.
11:12:08 [ultranest] [DEBUG] Plateau detected at L=-1.135375e+02, not replacing live point.
11:12:08 [ultranest] [DEBUG] Plateau detected at L=-1.135375e+02, not replacing live point.
11:12:08 [ultranest] [DEBUG] Plateau detected at L=-1.135375e+02, not replacing live point.
11:12:08 [ultranest] [DEBUG] Plateau detected at L=-1.135375e+02, not replacing live point.
11:12:08 [ultranest] [DEBUG] Plateau detected at L=-1.135375e+02, not replacing live point.
11:12:08 [ultranest] [DEBUG] Plateau detected at L=-1.135375e+02, not replacing live point.
11:12:08 [ultranest] [DEBUG] Plateau detected at L=-1.135375e+02, not replacing live point.
11:12:08 [ultranest] [DEBUG] Plateau detected at L=-1.135375e+02, not replacing live point.
11:12:08 [ultranest] [DEBUG] Plateau detected at L=-1.135375e+02, not replacing live point.
11:12:08 [ultranest] [DEBUG] Plateau detected at L=-1.135375e+02, not replacing live point.
11:12:08 [ultranest] [DEBUG] Plateau detected at L=-1.135375e+02, not replacing live point.
11:12:08 [ultranest] [DEBUG] Plateau detected at L=-1.135375e+02, not replacing live point.
11:12:08 [ultranest] [DEBUG] Plateau detected at L=-1.135375e+02, not replacing live point.
11:12:08 [ultranest] [DEBUG] Plateau detected at L=-1.135375e+02, not replacing live point.
11:12:08 [ultranest] [DEBUG] Plateau detected at L=-1.135375e+02, not replacing live point.
11:12:08 [ultranest] [DEBUG] Plateau detected at L=-1.135375e+02, not replacing live point.
11:12:08 [ultranest] [DEBUG] Plateau detected at L=-1.135375e+02, not replacing live point.
11:12:08 [ultranest] [DEBUG] Plateau detected at L=-1.135375e+02, not replacing live point.
11:12:08 [ultranest] [DEBUG] Plateau detected at L=-1.135375e+02, not replacing live point.
11:12:08 [ultranest] [DEBUG] Plateau detected at L=-1.135375e+02, not replacing live point.
11:12:08 [ultranest] [DEBUG] Plateau detected at L=-1.135375e+02, not replacing live point.
11:12:08 [ultranest] [DEBUG] Plateau detected at L=-1.135375e+02, not replacing live point.
11:12:08 [ultranest] [DEBUG] Plateau detected at L=-1.135375e+02, not replacing live point.
11:12:08 [ultranest] [DEBUG] Plateau detected at L=-1.135375e+02, not replacing live point.
11:12:08 [ultranest] [DEBUG] Plateau detected at L=-1.135375e+02, not replacing live point.
11:12:08 [ultranest] [DEBUG] Plateau detected at L=-1.135375e+02, not replacing live point.
11:12:08 [ultranest] [DEBUG] Plateau detected at L=-1.135375e+02, not replacing live point.
11:12:08 [ultranest] [DEBUG] Plateau detected at L=-1.135375e+02, not replacing live point.
11:12:08 [ultranest] [DEBUG] Plateau detected at L=-1.135375e+02, not replacing live point.
11:12:08 [ultranest] [DEBUG] Plateau detected at L=-1.135375e+02, not replacing live point.
11:12:08 [ultranest] [DEBUG] Plateau detected at L=-1.135375e+02, not replacing live point.
11:12:08 [ultranest] [DEBUG] Plateau detected at L=-1.135375e+02, not replacing live point.
11:12:08 [ultranest] [DEBUG] Plateau detected at L=-1.135375e+02, not replacing live point.
11:12:08 [ultranest] [DEBUG] Plateau detected at L=-1.135375e+02, not replacing live point.
11:12:08 [ultranest] [DEBUG] Plateau detected at L=-1.135375e+02, not replacing live point.
11:12:08 [ultranest] [DEBUG] Plateau detected at L=-1.135375e+02, not replacing live point.
11:12:08 [ultranest] [DEBUG] Plateau detected at L=-1.135375e+02, not replacing live point.
11:12:08 [ultranest] [DEBUG] Plateau detected at L=-1.135375e+02, not replacing live point.
11:12:08 [ultranest] [DEBUG] Plateau detected at L=-1.135375e+02, not replacing live point.
11:12:08 [ultranest] [DEBUG] Plateau detected at L=-1.135375e+02, not replacing live point.
11:12:08 [ultranest] [DEBUG] Plateau detected at L=-1.135375e+02, not replacing live point.
11:12:08 [ultranest] [DEBUG] Plateau detected at L=-1.135375e+02, not replacing live point.
11:12:08 [ultranest] [DEBUG] Plateau detected at L=-1.135375e+02, not replacing live point.
11:12:08 [ultranest] [DEBUG] Plateau detected at L=-1.135375e+02, not replacing live point.
11:12:08 [ultranest] [DEBUG] Plateau detected at L=-1.135375e+02, not replacing live point.
11:12:08 [ultranest] [DEBUG] Plateau detected at L=-1.135375e+02, not replacing live point.
11:12:08 [ultranest] [DEBUG] Plateau detected at L=-1.135375e+02, not replacing live point.
11:12:08 [ultranest] [DEBUG] Plateau detected at L=-1.135375e+02, not replacing live point.
11:12:08 [ultranest] [DEBUG] Plateau detected at L=-1.135375e+02, not replacing live point.
11:12:08 [ultranest] [DEBUG] Plateau detected at L=-1.135375e+02, not replacing live point.
11:12:08 [ultranest] [DEBUG] Plateau detected at L=-1.135375e+02, not replacing live point.
11:12:08 [ultranest] [DEBUG] Plateau detected at L=-1.135375e+02, not replacing live point.
11:12:08 [ultranest] [DEBUG] Plateau detected at L=-1.135375e+02, not replacing live point.
11:12:08 [ultranest] [DEBUG] Plateau detected at L=-1.135375e+02, not replacing live point.
11:12:08 [ultranest] [DEBUG] Plateau detected at L=-1.135375e+02, not replacing live point.
11:12:08 [ultranest] [DEBUG] Plateau detected at L=-1.135375e+02, not replacing live point.
11:12:08 [ultranest] [DEBUG] Plateau detected at L=-1.135375e+02, not replacing live point.
11:12:08 [ultranest] [DEBUG] Plateau detected at L=-1.135375e+02, not replacing live point.
11:12:08 [ultranest] [DEBUG] Plateau detected at L=-1.135375e+02, not replacing live point.
11:12:08 [ultranest] [DEBUG] Plateau detected at L=-1.135375e+02, not replacing live point.
11:12:08 [ultranest] [DEBUG] Plateau detected at L=-1.135375e+02, not replacing live point.
11:12:08 [ultranest] [DEBUG] Plateau detected at L=-1.135375e+02, not replacing live point.
11:12:08 [ultranest] [DEBUG] Plateau detected at L=-1.135375e+02, not replacing live point.
11:12:08 [ultranest] [DEBUG] Plateau detected at L=-1.135375e+02, not replacing live point.
11:12:08 [ultranest] [DEBUG] Plateau detected at L=-1.135375e+02, not replacing live point.
11:12:08 [ultranest] [DEBUG] Plateau detected at L=-1.135375e+02, not replacing live point.
11:12:08 [ultranest] [DEBUG] Plateau detected at L=-1.135375e+02, not replacing live point.
11:12:08 [ultranest] [DEBUG] Plateau detected at L=-1.135375e+02, not replacing live point.
11:12:08 [ultranest] [DEBUG] Plateau detected at L=-1.135375e+02, not replacing live point.
11:12:08 [ultranest] [DEBUG] Plateau detected at L=-1.135375e+02, not replacing live point.
11:12:08 [ultranest] [DEBUG] Plateau detected at L=-1.135375e+02, not replacing live point.
11:12:08 [ultranest] [DEBUG] Plateau detected at L=-1.135375e+02, not replacing live point.
11:12:08 [ultranest] [DEBUG] Plateau detected at L=-1.135375e+02, not replacing live point.
11:12:08 [ultranest] [DEBUG] Plateau detected at L=-1.135375e+02, not replacing live point.
11:12:08 [ultranest] [DEBUG] Plateau detected at L=-1.135375e+02, not replacing live point.
11:12:08 [ultranest] [DEBUG] Plateau detected at L=-1.135375e+02, not replacing live point.
11:12:08 [ultranest] [DEBUG] Plateau detected at L=-1.135375e+02, not replacing live point.
11:12:08 [ultranest] [DEBUG] Plateau detected at L=-1.135375e+02, not replacing live point.
11:12:08 [ultranest] [DEBUG] Plateau detected at L=-1.135375e+02, not replacing live point.
11:12:08 [ultranest] [DEBUG] Plateau detected at L=-1.135375e+02, not replacing live point.
11:12:08 [ultranest] [DEBUG] Plateau detected at L=-1.135375e+02, not replacing live point.
11:12:08 [ultranest] [DEBUG] Plateau detected at L=-1.135375e+02, not replacing live point.
11:12:08 [ultranest] [DEBUG] Plateau detected at L=-1.135375e+02, not replacing live point.
11:12:08 [ultranest] [DEBUG] Plateau detected at L=-1.135375e+02, not replacing live point.
11:12:08 [ultranest] [DEBUG] Plateau detected at L=-1.135375e+02, not replacing live point.
11:12:08 [ultranest] [DEBUG] Plateau detected at L=-1.135375e+02, not replacing live point.
11:12:08 [ultranest] [DEBUG] Plateau detected at L=-1.135375e+02, not replacing live point.
11:12:08 [ultranest] [DEBUG] Plateau detected at L=-1.135375e+02, not replacing live point.
11:12:08 [ultranest] [DEBUG] Plateau detected at L=-1.135375e+02, not replacing live point.
11:12:08 [ultranest] [DEBUG] Plateau detected at L=-1.135375e+02, not replacing live point.
11:12:08 [ultranest] [DEBUG] Plateau detected at L=-1.135375e+02, not replacing live point.
11:12:08 [ultranest] [DEBUG] Plateau detected at L=-1.135375e+02, not replacing live point.
11:12:08 [ultranest] [DEBUG] Plateau detected at L=-1.135375e+02, not replacing live point.
11:12:08 [ultranest] [DEBUG] Plateau detected at L=-1.135375e+02, not replacing live point.
11:12:08 [ultranest] [DEBUG] Plateau detected at L=-1.135375e+02, not replacing live point.
11:12:08 [ultranest] [DEBUG] Plateau detected at L=-1.135375e+02, not replacing live point.
11:12:08 [ultranest] [DEBUG] Plateau detected at L=-1.135375e+02, not replacing live point.
11:12:08 [ultranest] [DEBUG] Plateau detected at L=-1.135375e+02, not replacing live point.
11:12:08 [ultranest] [DEBUG] Plateau detected at L=-1.135375e+02, not replacing live point.
11:12:08 [ultranest] [DEBUG] Plateau detected at L=-1.135375e+02, not replacing live point.
11:12:08 [ultranest] [DEBUG] Plateau detected at L=-1.135375e+02, not replacing live point.
11:12:08 [ultranest] [DEBUG] Plateau detected at L=-1.135375e+02, not replacing live point.
11:12:08 [ultranest] [DEBUG] Plateau detected at L=-1.135375e+02, not replacing live point.
11:12:08 [ultranest] [DEBUG] Plateau detected at L=-1.135375e+02, not replacing live point.
11:12:08 [ultranest] [DEBUG] Plateau detected at L=-1.135375e+02, not replacing live point.
11:12:08 [ultranest] [DEBUG] Plateau detected at L=-1.135375e+02, not replacing live point.
11:12:08 [ultranest] [DEBUG] Plateau detected at L=-1.135375e+02, not replacing live point.
11:12:08 [ultranest] [DEBUG] Plateau detected at L=-1.135375e+02, not replacing live point.
11:12:08 [ultranest] [DEBUG] Plateau detected at L=-1.135375e+02, not replacing live point.
11:12:08 [ultranest] [DEBUG] Plateau detected at L=-1.135375e+02, not replacing live point.
11:12:08 [ultranest] [DEBUG] Plateau detected at L=-1.135375e+02, not replacing live point.
11:12:08 [ultranest] [DEBUG] Plateau detected at L=-1.135375e+02, not replacing live point.
11:12:08 [ultranest] [DEBUG] Plateau detected at L=-1.135375e+02, not replacing live point.
11:12:08 [ultranest] [DEBUG] Plateau detected at L=-1.135375e+02, not replacing live point.
11:12:08 [ultranest] [DEBUG] Plateau detected at L=-1.135375e+02, not replacing live point.
11:12:08 [ultranest] [DEBUG] Plateau detected at L=-1.135375e+02, not replacing live point.
11:12:08 [ultranest] [DEBUG] Plateau detected at L=-1.135375e+02, not replacing live point.
11:12:08 [ultranest] [DEBUG] Plateau detected at L=-1.135375e+02, not replacing live point.
11:12:08 [ultranest] [DEBUG] Plateau detected at L=-1.135375e+02, not replacing live point.
11:12:08 [ultranest] [DEBUG] Plateau detected at L=-1.135375e+02, not replacing live point.
11:12:08 [ultranest] [DEBUG] Plateau detected at L=-1.135375e+02, not replacing live point.
11:12:08 [ultranest] [DEBUG] Plateau detected at L=-1.135375e+02, not replacing live point.
11:12:08 [ultranest] [DEBUG] Plateau detected at L=-1.135375e+02, not replacing live point.
11:12:08 [ultranest] [DEBUG] Plateau detected at L=-1.135375e+02, not replacing live point.
11:12:08 [ultranest] [DEBUG] Plateau detected at L=-1.135375e+02, not replacing live point.
11:12:08 [ultranest] [DEBUG] Plateau detected at L=-1.135375e+02, not replacing live point.
11:12:08 [ultranest] [DEBUG] Plateau detected at L=-1.135375e+02, not replacing live point.
11:12:08 [ultranest] [DEBUG] Plateau detected at L=-1.135375e+02, not replacing live point.
11:12:08 [ultranest] [DEBUG] Plateau detected at L=-1.135375e+02, not replacing live point.
11:12:08 [ultranest] [DEBUG] Plateau detected at L=-1.135375e+02, not replacing live point.
11:12:08 [ultranest] [DEBUG] Plateau detected at L=-1.135375e+02, not replacing live point.
11:12:08 [ultranest] [DEBUG] Plateau detected at L=-1.135375e+02, not replacing live point.
11:12:08 [ultranest] [DEBUG] Plateau detected at L=-1.135375e+02, not replacing live point.
11:12:08 [ultranest] [DEBUG] Plateau detected at L=-1.135375e+02, not replacing live point.
11:12:08 [ultranest] [DEBUG] Plateau detected at L=-1.135375e+02, not replacing live point.
11:12:08 [ultranest] [DEBUG] Plateau detected at L=-1.135375e+02, not replacing live point.
11:12:08 [ultranest] [DEBUG] Plateau detected at L=-1.135375e+02, not replacing live point.
11:12:08 [ultranest] [DEBUG] Plateau detected at L=-1.135375e+02, not replacing live point.
11:12:08 [ultranest] [DEBUG] Plateau detected at L=-1.135375e+02, not replacing live point.
11:12:08 [ultranest] [DEBUG] Plateau detected at L=-1.135375e+02, not replacing live point.
11:12:08 [ultranest] [DEBUG] Plateau detected at L=-1.135375e+02, not replacing live point.
11:12:08 [ultranest] [DEBUG] Plateau detected at L=-1.135375e+02, not replacing live point.
11:12:08 [ultranest] [DEBUG] Plateau detected at L=-1.135375e+02, not replacing live point.
11:12:08 [ultranest] [DEBUG] Plateau detected at L=-1.135375e+02, not replacing live point.
11:12:08 [ultranest] [DEBUG] Plateau detected at L=-1.135375e+02, not replacing live point.
11:12:08 [ultranest] [DEBUG] Plateau detected at L=-1.135375e+02, not replacing live point.
11:12:08 [ultranest] [DEBUG] Plateau detected at L=-1.135375e+02, not replacing live point.
11:12:08 [ultranest] [DEBUG] Plateau detected at L=-1.135375e+02, not replacing live point.
11:12:08 [ultranest] [DEBUG] Plateau detected at L=-1.135375e+02, not replacing live point.
11:12:08 [ultranest] [DEBUG] Plateau detected at L=-1.135375e+02, not replacing live point.
11:12:08 [ultranest] [DEBUG] Plateau detected at L=-1.135375e+02, not replacing live point.
11:12:08 [ultranest] [DEBUG] Plateau detected at L=-1.135375e+02, not replacing live point.
11:12:08 [ultranest] [DEBUG] Plateau detected at L=-1.135375e+02, not replacing live point.
11:12:08 [ultranest] [DEBUG] Plateau detected at L=-1.135375e+02, not replacing live point.
11:12:08 [ultranest] [DEBUG] Plateau detected at L=-1.135375e+02, not replacing live point.
11:12:08 [ultranest] [DEBUG] Plateau detected at L=-1.135375e+02, not replacing live point.
11:12:08 [ultranest] [DEBUG] Plateau detected at L=-1.135375e+02, not replacing live point.
11:12:08 [ultranest] [DEBUG] Plateau detected at L=-1.135375e+02, not replacing live point.
11:12:08 [ultranest] [DEBUG] Plateau detected at L=-1.135375e+02, not replacing live point.
11:12:08 [ultranest] [DEBUG] Plateau detected at L=-1.135375e+02, not replacing live point.
11:12:08 [ultranest] [DEBUG] Plateau detected at L=-1.135375e+02, not replacing live point.
11:12:08 [ultranest] [DEBUG] Plateau detected at L=-1.135375e+02, not replacing live point.
11:12:08 [ultranest] [DEBUG] Plateau detected at L=-1.135375e+02, not replacing live point.
11:12:08 [ultranest] [DEBUG] Plateau detected at L=-1.135375e+02, not replacing live point.
11:12:08 [ultranest] [DEBUG] Plateau detected at L=-1.135375e+02, not replacing live point.
11:12:08 [ultranest] [DEBUG] Plateau detected at L=-1.135375e+02, not replacing live point.
11:12:08 [ultranest] [DEBUG] Plateau detected at L=-1.135375e+02, not replacing live point.
11:12:08 [ultranest] [DEBUG] Plateau detected at L=-1.135375e+02, not replacing live point.
11:12:08 [ultranest] [DEBUG] Plateau detected at L=-1.135375e+02, not replacing live point.
11:12:08 [ultranest] [DEBUG] Plateau detected at L=-1.135375e+02, not replacing live point.
11:12:08 [ultranest] [DEBUG] Plateau detected at L=-1.135375e+02, not replacing live point.
11:12:08 [ultranest] [DEBUG] Plateau detected at L=-1.135375e+02, not replacing live point.
11:12:08 [ultranest] [DEBUG] Plateau detected at L=-1.135375e+02, not replacing live point.
11:12:08 [ultranest] [DEBUG] Plateau detected at L=-1.135375e+02, not replacing live point.
11:12:08 [ultranest] [DEBUG] Plateau detected at L=-1.135375e+02, not replacing live point.
11:12:08 [ultranest] [DEBUG] Plateau detected at L=-1.135375e+02, not replacing live point.
11:12:08 [ultranest] [DEBUG] Plateau detected at L=-1.135375e+02, not replacing live point.
11:12:08 [ultranest] [DEBUG] Plateau detected at L=-1.135375e+02, not replacing live point.
11:12:08 [ultranest] [DEBUG] Plateau detected at L=-1.135375e+02, not replacing live point.
11:12:08 [ultranest] [DEBUG] Plateau detected at L=-1.135375e+02, not replacing live point.
11:12:08 [ultranest] [DEBUG] Plateau detected at L=-1.135375e+02, not replacing live point.
11:12:08 [ultranest] [DEBUG] Plateau detected at L=-1.135375e+02, not replacing live point.
11:12:08 [ultranest] [DEBUG] Plateau detected at L=-1.135375e+02, not replacing live point.
11:12:08 [ultranest] [DEBUG] Plateau detected at L=-1.135375e+02, not replacing live point.
11:12:08 [ultranest] [DEBUG] Plateau detected at L=-1.135375e+02, not replacing live point.
11:12:08 [ultranest] [DEBUG] Plateau detected at L=-1.135375e+02, not replacing live point.
11:12:08 [ultranest] [DEBUG] Plateau detected at L=-1.135375e+02, not replacing live point.
11:12:08 [ultranest] [DEBUG] Plateau detected at L=-1.135375e+02, not replacing live point.
11:12:08 [ultranest] [DEBUG] Plateau detected at L=-1.135375e+02, not replacing live point.
11:12:08 [ultranest] [DEBUG] Plateau detected at L=-1.135375e+02, not replacing live point.
11:12:08 [ultranest] [DEBUG] Plateau detected at L=-1.135375e+02, not replacing live point.
11:12:08 [ultranest] [DEBUG] Plateau detected at L=-1.135375e+02, not replacing live point.
11:12:08 [ultranest] [DEBUG] Plateau detected at L=-1.135375e+02, not replacing live point.
11:12:08 [ultranest] [DEBUG] Plateau detected at L=-1.135375e+02, not replacing live point.
11:12:08 [ultranest] [DEBUG] Plateau detected at L=-1.135375e+02, not replacing live point.
11:12:08 [ultranest] [DEBUG] Plateau detected at L=-1.135375e+02, not replacing live point.
11:12:08 [ultranest] [DEBUG] Plateau detected at L=-1.135375e+02, not replacing live point.
11:12:08 [ultranest] [DEBUG] Plateau detected at L=-1.135375e+02, not replacing live point.
11:12:08 [ultranest] [DEBUG] Plateau detected at L=-1.135375e+02, not replacing live point.
11:12:08 [ultranest] [DEBUG] Plateau detected at L=-1.135375e+02, not replacing live point.
11:12:08 [ultranest] [DEBUG] Plateau detected at L=-1.135375e+02, not replacing live point.
11:12:08 [ultranest] [DEBUG] Plateau detected at L=-1.135375e+02, not replacing live point.
11:12:08 [ultranest] [DEBUG] Plateau detected at L=-1.135375e+02, not replacing live point.
11:12:08 [ultranest] [DEBUG] Plateau detected at L=-1.135375e+02, not replacing live point.
11:12:08 [ultranest] [DEBUG] Plateau detected at L=-1.135375e+02, not replacing live point.
11:12:08 [ultranest] [DEBUG] Plateau detected at L=-1.135375e+02, not replacing live point.
11:12:08 [ultranest] [DEBUG] Plateau detected at L=-1.135375e+02, not replacing live point.
11:12:08 [ultranest] [DEBUG] Plateau detected at L=-1.135375e+02, not replacing live point.
11:12:08 [ultranest] [DEBUG] Plateau detected at L=-1.135375e+02, not replacing live point.
11:12:08 [ultranest] [DEBUG] Plateau detected at L=-1.135375e+02, not replacing live point.
11:12:08 [ultranest] [DEBUG] Plateau detected at L=-1.135375e+02, not replacing live point.
11:12:08 [ultranest] [DEBUG] Plateau detected at L=-1.135375e+02, not replacing live point.
11:12:08 [ultranest] [DEBUG] Plateau detected at L=-1.135375e+02, not replacing live point.
11:12:08 [ultranest] [DEBUG] Plateau detected at L=-1.135375e+02, not replacing live point.
11:12:08 [ultranest] [DEBUG] Plateau detected at L=-1.135375e+02, not replacing live point.
11:12:08 [ultranest] [DEBUG] Plateau detected at L=-1.135375e+02, not replacing live point.
11:12:08 [ultranest] [DEBUG] Plateau detected at L=-1.135375e+02, not replacing live point.
11:12:08 [ultranest] [DEBUG] Plateau detected at L=-1.135375e+02, not replacing live point.
11:12:08 [ultranest] [DEBUG] Plateau detected at L=-1.135375e+02, not replacing live point.
11:12:08 [ultranest] [DEBUG] Plateau detected at L=-1.135375e+02, not replacing live point.
11:12:08 [ultranest] [DEBUG] Plateau detected at L=-1.135375e+02, not replacing live point.
11:12:08 [ultranest] [DEBUG] Plateau detected at L=-1.135375e+02, not replacing live point.
11:12:08 [ultranest] [DEBUG] Plateau detected at L=-1.135375e+02, not replacing live point.
11:12:08 [ultranest] [DEBUG] Plateau detected at L=-1.135375e+02, not replacing live point.
11:12:08 [ultranest] [DEBUG] Plateau detected at L=-1.135375e+02, not replacing live point.
11:12:08 [ultranest] [DEBUG] Plateau detected at L=-1.135375e+02, not replacing live point.
11:12:08 [ultranest] [DEBUG] Plateau detected at L=-1.135375e+02, not replacing live point.
11:12:08 [ultranest] [DEBUG] Plateau detected at L=-1.135375e+02, not replacing live point.
11:12:08 [ultranest] [DEBUG] Plateau detected at L=-1.135375e+02, not replacing live point.
11:12:08 [ultranest] [DEBUG] Plateau detected at L=-1.135375e+02, not replacing live point.
11:12:08 [ultranest] [DEBUG] Plateau detected at L=-1.135375e+02, not replacing live point.
11:12:08 [ultranest] [DEBUG] Plateau detected at L=-1.135375e+02, not replacing live point.
11:12:08 [ultranest] [DEBUG] Plateau detected at L=-1.135375e+02, not replacing live point.
11:12:08 [ultranest] [DEBUG] Plateau detected at L=-1.135375e+02, not replacing live point.
11:12:08 [ultranest] [DEBUG] Plateau detected at L=-1.135375e+02, not replacing live point.
11:12:08 [ultranest] [DEBUG] Plateau detected at L=-1.135375e+02, not replacing live point.
11:12:08 [ultranest] [DEBUG] Plateau detected at L=-1.135375e+02, not replacing live point.
11:12:08 [ultranest] [DEBUG] Plateau detected at L=-1.135375e+02, not replacing live point.
11:12:08 [ultranest] [DEBUG] Plateau detected at L=-1.135375e+02, not replacing live point.
11:12:09 [ultranest] [DEBUG] Plateau detected at L=-1.135375e+02, not replacing live point.
11:12:09 [ultranest] [DEBUG] Plateau detected at L=-1.135375e+02, not replacing live point.
11:12:09 [ultranest] [DEBUG] Plateau detected at L=-1.135375e+02, not replacing live point.
11:12:09 [ultranest] [DEBUG] Plateau detected at L=-1.135375e+02, not replacing live point.
11:12:09 [ultranest] [DEBUG] Plateau detected at L=-1.135375e+02, not replacing live point.
11:12:09 [ultranest] [DEBUG] Plateau detected at L=-1.135375e+02, not replacing live point.
11:12:09 [ultranest] [DEBUG] Plateau detected at L=-1.135375e+02, not replacing live point.
11:12:09 [ultranest] [DEBUG] Plateau detected at L=-1.135375e+02, not replacing live point.
11:12:09 [ultranest] [DEBUG] Plateau detected at L=-1.135375e+02, not replacing live point.
11:12:09 [ultranest] [DEBUG] Plateau detected at L=-1.135375e+02, not replacing live point.
11:12:09 [ultranest] [DEBUG] Plateau detected at L=-1.135375e+02, not replacing live point.
11:12:09 [ultranest] [DEBUG] Plateau detected at L=-1.135375e+02, not replacing live point.
11:12:09 [ultranest] [DEBUG] Plateau detected at L=-1.135375e+02, not replacing live point.
11:12:09 [ultranest] [DEBUG] Plateau detected at L=-1.135375e+02, not replacing live point.
11:12:09 [ultranest] [DEBUG] Plateau detected at L=-1.135375e+02, not replacing live point.
11:12:09 [ultranest] [DEBUG] Plateau detected at L=-1.135375e+02, not replacing live point.
11:12:09 [ultranest] [DEBUG] Plateau detected at L=-1.135375e+02, not replacing live point.
11:12:09 [ultranest] [DEBUG] Plateau detected at L=-1.135375e+02, not replacing live point.
11:12:09 [ultranest] [DEBUG] Plateau detected at L=-1.135375e+02, not replacing live point.
11:12:09 [ultranest] [DEBUG] Plateau detected at L=-1.135375e+02, not replacing live point.
11:12:09 [ultranest] [DEBUG] Plateau detected at L=-1.135375e+02, not replacing live point.
11:12:09 [ultranest] [DEBUG] Plateau detected at L=-1.135375e+02, not replacing live point.
11:12:09 [ultranest] [DEBUG] Plateau detected at L=-1.135375e+02, not replacing live point.
11:12:09 [ultranest] [DEBUG] Plateau detected at L=-1.135375e+02, not replacing live point.
11:12:09 [ultranest] [DEBUG] Plateau detected at L=-1.135375e+02, not replacing live point.
11:12:09 [ultranest] [DEBUG] Plateau detected at L=-1.135375e+02, not replacing live point.
11:12:09 [ultranest] [DEBUG] Plateau detected at L=-1.135375e+02, not replacing live point.
11:12:09 [ultranest] [DEBUG] Plateau detected at L=-1.135375e+02, not replacing live point.
11:12:09 [ultranest] [DEBUG] Plateau detected at L=-1.135375e+02, not replacing live point.
11:12:09 [ultranest] [DEBUG] Plateau detected at L=-1.135375e+02, not replacing live point.
11:12:09 [ultranest] [DEBUG] Plateau detected at L=-1.135375e+02, not replacing live point.
11:12:09 [ultranest] [DEBUG] Plateau detected at L=-1.135375e+02, not replacing live point.
11:12:09 [ultranest] [DEBUG] Plateau detected at L=-1.135375e+02, not replacing live point.
11:12:09 [ultranest] [DEBUG] Plateau detected at L=-1.135375e+02, not replacing live point.
11:12:09 [ultranest] [DEBUG] Plateau detected at L=-1.135375e+02, not replacing live point.
11:12:09 [ultranest] [DEBUG] Plateau detected at L=-1.135375e+02, not replacing live point.
11:12:09 [ultranest] [DEBUG] Plateau detected at L=-1.135375e+02, not replacing live point.
11:12:09 [ultranest] [DEBUG] Plateau detected at L=-1.135375e+02, not replacing live point.
11:12:09 [ultranest] [DEBUG] Plateau detected at L=-1.135375e+02, not replacing live point.
11:12:09 [ultranest] [DEBUG] Plateau detected at L=-1.135375e+02, not replacing live point.
11:12:09 [ultranest] [DEBUG] Plateau detected at L=-1.135375e+02, not replacing live point.
11:12:09 [ultranest] [DEBUG] Plateau detected at L=-1.135375e+02, not replacing live point.
11:12:09 [ultranest] [DEBUG] Plateau detected at L=-1.135375e+02, not replacing live point.
11:12:09 [ultranest] [DEBUG] Plateau detected at L=-1.135375e+02, not replacing live point.
11:12:09 [ultranest] [DEBUG] Plateau detected at L=-1.135375e+02, not replacing live point.
11:12:09 [ultranest] [DEBUG] Plateau detected at L=-1.135375e+02, not replacing live point.
11:12:09 [ultranest] [DEBUG] Plateau detected at L=-1.135375e+02, not replacing live point.
11:12:09 [ultranest] [DEBUG] Plateau detected at L=-1.135375e+02, not replacing live point.
11:12:09 [ultranest] [DEBUG] Plateau detected at L=-1.135375e+02, not replacing live point.
11:12:09 [ultranest] [DEBUG] Plateau detected at L=-1.135375e+02, not replacing live point.
11:12:09 [ultranest] [DEBUG] Plateau detected at L=-1.135375e+02, not replacing live point.
11:12:09 [ultranest] [DEBUG] Plateau detected at L=-1.135375e+02, not replacing live point.
11:12:09 [ultranest] [DEBUG] Plateau detected at L=-1.135375e+02, not replacing live point.
11:12:09 [ultranest] [DEBUG] Plateau detected at L=-1.135375e+02, not replacing live point.
11:12:09 [ultranest] [DEBUG] Plateau detected at L=-1.135375e+02, not replacing live point.
11:12:09 [ultranest] [DEBUG] Plateau detected at L=-1.135375e+02, not replacing live point.
11:12:09 [ultranest] [DEBUG] Plateau detected at L=-1.135375e+02, not replacing live point.
11:12:09 [ultranest] [DEBUG] Plateau detected at L=-1.135375e+02, not replacing live point.
11:12:09 [ultranest] [DEBUG] Plateau detected at L=-1.135375e+02, not replacing live point.
11:12:09 [ultranest] [DEBUG] Plateau detected at L=-1.135375e+02, not replacing live point.
11:12:09 [ultranest] [DEBUG] Plateau detected at L=-1.135375e+02, not replacing live point.
11:12:09 [ultranest] [DEBUG] Plateau detected at L=-1.135375e+02, not replacing live point.
11:12:09 [ultranest] [DEBUG] Plateau detected at L=-1.135375e+02, not replacing live point.
11:12:09 [ultranest] [DEBUG] Plateau detected at L=-1.135375e+02, not replacing live point.
11:12:09 [ultranest] [DEBUG] Plateau detected at L=-1.135375e+02, not replacing live point.
11:12:09 [ultranest] [DEBUG] Plateau detected at L=-1.135375e+02, not replacing live point.
11:12:09 [ultranest] [DEBUG] Plateau detected at L=-1.135375e+02, not replacing live point.
11:12:09 [ultranest] [DEBUG] Plateau detected at L=-1.135375e+02, not replacing live point.
11:12:09 [ultranest] [DEBUG] Plateau detected at L=-1.135375e+02, not replacing live point.
11:12:09 [ultranest] [DEBUG] Plateau detected at L=-1.135375e+02, not replacing live point.
11:12:09 [ultranest] [DEBUG] Plateau detected at L=-1.135375e+02, not replacing live point.
11:12:09 [ultranest] [DEBUG] Plateau detected at L=-1.135375e+02, not replacing live point.
11:12:09 [ultranest] [DEBUG] Plateau detected at L=-1.135375e+02, not replacing live point.
11:12:09 [ultranest] [DEBUG] Plateau detected at L=-1.135375e+02, not replacing live point.
11:12:09 [ultranest] [DEBUG] Plateau detected at L=-1.135375e+02, not replacing live point.
11:12:09 [ultranest] [DEBUG] Plateau detected at L=-1.135375e+02, not replacing live point.
11:12:09 [ultranest] [DEBUG] Plateau detected at L=-1.135375e+02, not replacing live point.
11:12:09 [ultranest] [DEBUG] Plateau detected at L=-1.135375e+02, not replacing live point.
11:12:09 [ultranest] [DEBUG] Plateau detected at L=-1.135375e+02, not replacing live point.
11:12:09 [ultranest] [DEBUG] Plateau detected at L=-1.135375e+02, not replacing live point.
11:12:09 [ultranest] [DEBUG] Plateau detected at L=-1.135375e+02, not replacing live point.
11:12:09 [ultranest] [DEBUG] Plateau detected at L=-1.135375e+02, not replacing live point.
11:12:09 [ultranest] [DEBUG] Plateau detected at L=-1.135375e+02, not replacing live point.
11:12:09 [ultranest] [DEBUG] Plateau detected at L=-1.135375e+02, not replacing live point.
11:12:09 [ultranest] [DEBUG] Plateau detected at L=-1.135375e+02, not replacing live point.
11:12:09 [ultranest] [DEBUG] Plateau detected at L=-1.135375e+02, not replacing live point.
11:12:09 [ultranest] [DEBUG] Plateau detected at L=-1.135375e+02, not replacing live point.
11:12:09 [ultranest] [DEBUG] Plateau detected at L=-1.135375e+02, not replacing live point.
11:12:09 [ultranest] [DEBUG] Plateau detected at L=-1.135375e+02, not replacing live point.
11:12:09 [ultranest] [DEBUG] Plateau detected at L=-1.135375e+02, not replacing live point.
11:12:09 [ultranest] [DEBUG] Plateau detected at L=-1.135375e+02, not replacing live point.
11:12:09 [ultranest] [DEBUG] Plateau detected at L=-1.135375e+02, not replacing live point.
11:12:09 [ultranest] [DEBUG] Plateau detected at L=-1.135375e+02, not replacing live point.
11:12:09 [ultranest] [DEBUG] Plateau detected at L=-1.135375e+02, not replacing live point.
11:12:09 [ultranest] [DEBUG] Plateau detected at L=-1.135375e+02, not replacing live point.
11:12:09 [ultranest] [DEBUG] Plateau detected at L=-1.135375e+02, not replacing live point.
11:12:09 [ultranest] [DEBUG] Plateau detected at L=-1.135375e+02, not replacing live point.
11:12:09 [ultranest] [DEBUG] Plateau detected at L=-1.135375e+02, not replacing live point.
11:12:09 [ultranest] [DEBUG] Plateau detected at L=-1.135375e+02, not replacing live point.
11:12:09 [ultranest] [DEBUG] Plateau detected at L=-1.135375e+02, not replacing live point.
11:12:09 [ultranest] [DEBUG] Plateau detected at L=-1.135375e+02, not replacing live point.
11:12:09 [ultranest] [DEBUG] Plateau detected at L=-1.135375e+02, not replacing live point.
11:12:09 [ultranest] [DEBUG] iteration=2183, ncalls=2851, regioncalls=66040, ndraw=40, logz=-114.29, remainder_fraction=100.0000%, Lmin=-113.54, Lmax=-9.68
11:12:09 [ultranest] [DEBUG] iteration=2184, ncalls=2887, regioncalls=67480, ndraw=40, logz=-114.29, remainder_fraction=100.0000%, Lmin=-111.87, Lmax=-9.68
11:12:09 [ultranest] [DEBUG] iteration=2185, ncalls=2957, regioncalls=70280, ndraw=40, logz=-114.29, remainder_fraction=100.0000%, Lmin=-111.75, Lmax=-9.68
11:12:09 [ultranest] [DEBUG] iteration=2188, ncalls=3002, regioncalls=72080, ndraw=40, logz=-114.23, remainder_fraction=100.0000%, Lmin=-109.07, Lmax=-9.68
11:12:09 [ultranest] [DEBUG] iteration=2189, ncalls=3094, regioncalls=75760, ndraw=40, logz=-114.18, remainder_fraction=100.0000%, Lmin=-108.15, Lmax=-9.68
11:12:10 [ultranest] [DEBUG] iteration=2191, ncalls=3147, regioncalls=77880, ndraw=40, logz=-113.59, remainder_fraction=100.0000%, Lmin=-103.53, Lmax=-9.68
11:12:10 [ultranest] [DEBUG] iteration=2193, ncalls=3192, regioncalls=79680, ndraw=40, logz=-109.11, remainder_fraction=100.0000%, Lmin=-99.75, Lmax=-9.68
11:12:10 [ultranest] [DEBUG] iteration=2194, ncalls=3206, regioncalls=80240, ndraw=40, logz=-107.65, remainder_fraction=100.0000%, Lmin=-99.16, Lmax=-9.68
11:12:10 [ultranest] [DEBUG] iteration=2196, ncalls=3259, regioncalls=82360, ndraw=40, logz=-106.28, remainder_fraction=100.0000%, Lmin=-98.04, Lmax=-9.68
11:12:10 [ultranest] [DEBUG] iteration=2200, ncalls=3309, regioncalls=84360, ndraw=40, logz=-101.95, remainder_fraction=100.0000%, Lmin=-92.78, Lmax=-9.68
11:12:10 [ultranest] [DEBUG] iteration=2202, ncalls=3392, regioncalls=87680, ndraw=40, logz=-96.05, remainder_fraction=100.0000%, Lmin=-84.06, Lmax=-9.68
11:12:10 [ultranest] [DEBUG] iteration=2205, ncalls=3438, regioncalls=89520, ndraw=40, logz=-90.55, remainder_fraction=100.0000%, Lmin=-82.34, Lmax=-9.68
11:12:10 [ultranest] [DEBUG] iteration=2207, ncalls=3501, regioncalls=92040, ndraw=40, logz=-89.55, remainder_fraction=100.0000%, Lmin=-78.63, Lmax=-8.19
11:12:11 [ultranest] [DEBUG] iteration=2210, ncalls=3570, regioncalls=94800, ndraw=40, logz=-85.34, remainder_fraction=100.0000%, Lmin=-71.66, Lmax=-8.19
11:12:11 [ultranest] [DEBUG] iteration=2214, ncalls=3635, regioncalls=97400, ndraw=40, logz=-78.19, remainder_fraction=100.0000%, Lmin=-70.36, Lmax=-2.87
11:12:11 [ultranest] [DEBUG] iteration=2216, ncalls=3706, regioncalls=100240, ndraw=40, logz=-77.48, remainder_fraction=100.0000%, Lmin=-68.97, Lmax=-2.87
11:12:11 [ultranest] [DEBUG] iteration=2222, ncalls=3789, regioncalls=103560, ndraw=40, logz=-69.67, remainder_fraction=100.0000%, Lmin=-59.82, Lmax=-2.11
11:12:11 [ultranest] [DEBUG] iteration=2224, ncalls=3848, regioncalls=105920, ndraw=40, logz=-67.69, remainder_fraction=100.0000%, Lmin=-59.01, Lmax=-2.11
11:12:11 [ultranest] [DEBUG] iteration=2227, ncalls=3908, regioncalls=108320, ndraw=40, logz=-64.62, remainder_fraction=100.0000%, Lmin=-55.44, Lmax=-2.11
11:12:11 [ultranest] [DEBUG] iteration=2228, ncalls=4036, regioncalls=113440, ndraw=40, logz=-63.75, remainder_fraction=100.0000%, Lmin=-53.40, Lmax=-2.11
11:12:12 [ultranest] [DEBUG] iteration=2230, ncalls=4143, regioncalls=117720, ndraw=40, logz=-61.28, remainder_fraction=100.0000%, Lmin=-52.58, Lmax=-2.11
11:12:12 [ultranest] [DEBUG] iteration=2231, ncalls=4210, regioncalls=120400, ndraw=40, logz=-60.69, remainder_fraction=100.0000%, Lmin=-51.48, Lmax=-2.11
11:12:12 [ultranest] [DEBUG] iteration=2234, ncalls=4299, regioncalls=123960, ndraw=40, logz=-58.23, remainder_fraction=100.0000%, Lmin=-49.59, Lmax=-2.11
11:12:12 [ultranest] [DEBUG] iteration=2237, ncalls=4370, regioncalls=126800, ndraw=40, logz=-56.14, remainder_fraction=100.0000%, Lmin=-46.83, Lmax=-2.11
11:12:12 [ultranest] [DEBUG] iteration=2239, ncalls=4465, regioncalls=130600, ndraw=40, logz=-54.76, remainder_fraction=100.0000%, Lmin=-46.23, Lmax=-2.11
11:12:12 [ultranest] [DEBUG] iteration=2242, ncalls=4579, regioncalls=135160, ndraw=40, logz=-51.50, remainder_fraction=100.0000%, Lmin=-41.81, Lmax=-2.11
11:12:12 [ultranest] [DEBUG] iteration=2245, ncalls=4666, regioncalls=138640, ndraw=40, logz=-48.21, remainder_fraction=100.0000%, Lmin=-38.60, Lmax=-2.11
11:12:13 [ultranest] [DEBUG] iteration=2248, ncalls=4814, regioncalls=144560, ndraw=40, logz=-46.30, remainder_fraction=100.0000%, Lmin=-36.50, Lmax=-2.11
11:12:13 [ultranest] [DEBUG] iteration=2249, ncalls=4870, regioncalls=146800, ndraw=40, logz=-45.32, remainder_fraction=100.0000%, Lmin=-35.93, Lmax=-2.11
11:12:13 [ultranest] [DEBUG] iteration=2250, ncalls=4970, regioncalls=150800, ndraw=40, logz=-44.59, remainder_fraction=100.0000%, Lmin=-35.03, Lmax=-2.11
11:12:13 [ultranest] [DEBUG] iteration=2252, ncalls=5018, regioncalls=152720, ndraw=40, logz=-43.32, remainder_fraction=100.0000%, Lmin=-34.54, Lmax=-2.11
11:12:13 [ultranest] [DEBUG] iteration=2253, ncalls=5101, regioncalls=156040, ndraw=40, logz=-42.88, remainder_fraction=100.0000%, Lmin=-34.51, Lmax=-2.11
11:12:14 [ultranest] [DEBUG] iteration=2254, ncalls=5211, regioncalls=160440, ndraw=40, logz=-42.57, remainder_fraction=100.0000%, Lmin=-34.46, Lmax=-2.11
11:12:14 [ultranest] [DEBUG] iteration=2256, ncalls=5281, regioncalls=163240, ndraw=40, logz=-41.91, remainder_fraction=100.0000%, Lmin=-32.20, Lmax=-2.11
11:12:14 [ultranest] [DEBUG] iteration=2259, ncalls=5416, regioncalls=168640, ndraw=40, logz=-40.19, remainder_fraction=100.0000%, Lmin=-31.62, Lmax=-2.11
11:12:14 [ultranest] [DEBUG] iteration=2260, ncalls=5452, regioncalls=170080, ndraw=40, logz=-39.86, remainder_fraction=100.0000%, Lmin=-31.26, Lmax=-2.11
11:12:14 [ultranest] [DEBUG] iteration=2261, ncalls=5531, regioncalls=173240, ndraw=40, logz=-39.53, remainder_fraction=100.0000%, Lmin=-31.10, Lmax=-2.11
11:12:14 [ultranest] [DEBUG] iteration=2263, ncalls=5659, regioncalls=178360, ndraw=40, logz=-38.99, remainder_fraction=100.0000%, Lmin=-30.22, Lmax=-2.11
11:12:15 [ultranest] [DEBUG] iteration=2264, ncalls=5798, regioncalls=183920, ndraw=40, logz=-38.63, remainder_fraction=100.0000%, Lmin=-29.96, Lmax=-2.11
11:12:15 [ultranest] [DEBUG] iteration=2267, ncalls=5865, regioncalls=186600, ndraw=40, logz=-37.70, remainder_fraction=100.0000%, Lmin=-28.27, Lmax=-2.11
11:12:15 [ultranest] [DEBUG] iteration=2268, ncalls=5982, regioncalls=191280, ndraw=40, logz=-37.12, remainder_fraction=100.0000%, Lmin=-28.18, Lmax=-2.11
11:12:15 [ultranest] [DEBUG] iteration=2269, ncalls=6094, regioncalls=195760, ndraw=40, logz=-36.74, remainder_fraction=100.0000%, Lmin=-27.78, Lmax=-2.11
11:12:15 [ultranest] [DEBUG] iteration=2270, ncalls=6179, regioncalls=199160, ndraw=40, logz=-36.35, remainder_fraction=100.0000%, Lmin=-27.70, Lmax=-2.11
11:12:15 [ultranest] [DEBUG] iteration=2272, ncalls=6255, regioncalls=202200, ndraw=40, logz=-35.80, remainder_fraction=100.0000%, Lmin=-27.48, Lmax=-2.11
11:12:16 [ultranest] [DEBUG] iteration=2273, ncalls=6304, regioncalls=204160, ndraw=40, logz=-35.59, remainder_fraction=100.0000%, Lmin=-27.25, Lmax=-2.11
11:12:16 [ultranest] [DEBUG] iteration=2275, ncalls=6412, regioncalls=208480, ndraw=40, logz=-35.21, remainder_fraction=100.0000%, Lmin=-27.06, Lmax=-2.11
11:12:16 [ultranest] [DEBUG] iteration=2276, ncalls=6489, regioncalls=211560, ndraw=40, logz=-35.04, remainder_fraction=100.0000%, Lmin=-26.77, Lmax=-2.11
11:12:17 [ultranest] [DEBUG] iteration=2279, ncalls=6869, regioncalls=226760, ndraw=40, logz=-34.56, remainder_fraction=100.0000%, Lmin=-26.34, Lmax=-2.11
11:12:17 [ultranest] [DEBUG] iteration=2280, ncalls=6941, regioncalls=229640, ndraw=40, logz=-34.39, remainder_fraction=100.0000%, Lmin=-26.19, Lmax=-2.11
11:12:17 [ultranest] [DEBUG] iteration=2281, ncalls=7083, regioncalls=235320, ndraw=40, logz=-34.23, remainder_fraction=100.0000%, Lmin=-25.43, Lmax=-2.11
11:12:17 [ultranest] [DEBUG] iteration=2283, ncalls=7189, regioncalls=239560, ndraw=40, logz=-33.74, remainder_fraction=100.0000%, Lmin=-25.37, Lmax=-2.11
11:12:17 [ultranest] [DEBUG] iteration=2285, ncalls=7299, regioncalls=243960, ndraw=40, logz=-33.40, remainder_fraction=100.0000%, Lmin=-24.69, Lmax=-2.11
11:12:18 [ultranest] [DEBUG] iteration=2287, ncalls=7566, regioncalls=254640, ndraw=40, logz=-32.98, remainder_fraction=100.0000%, Lmin=-23.74, Lmax=-2.11
11:12:18 [ultranest] [DEBUG] iteration=2288, ncalls=7762, regioncalls=262480, ndraw=40, logz=-32.62, remainder_fraction=100.0000%, Lmin=-23.36, Lmax=-2.11
11:12:18 [ultranest] [DEBUG] iteration=2289, ncalls=7833, regioncalls=265320, ndraw=40, logz=-32.26, remainder_fraction=100.0000%, Lmin=-23.13, Lmax=-2.11
11:12:19 [ultranest] [DEBUG] iteration=2290, ncalls=8178, regioncalls=279120, ndraw=40, logz=-31.95, remainder_fraction=100.0000%, Lmin=-22.24, Lmax=-2.11
11:12:19 [ultranest] [DEBUG] iteration=2291, ncalls=8290, regioncalls=283600, ndraw=40, logz=-31.45, remainder_fraction=100.0000%, Lmin=-22.07, Lmax=-2.11
11:12:20 [ultranest] [DEBUG] iteration=2292, ncalls=8567, regioncalls=294680, ndraw=40, logz=-31.07, remainder_fraction=100.0000%, Lmin=-21.96, Lmax=-2.11
11:12:20 [ultranest] [DEBUG] iteration=2293, ncalls=8689, regioncalls=299560, ndraw=40, logz=-30.78, remainder_fraction=100.0000%, Lmin=-21.65, Lmax=-2.11
11:12:20 [ultranest] [DEBUG] iteration=2294, ncalls=8802, regioncalls=304080, ndraw=40, logz=-30.49, remainder_fraction=100.0000%, Lmin=-21.40, Lmax=-2.11
11:12:20 [ultranest] [DEBUG] iteration=2295, ncalls=8889, regioncalls=307560, ndraw=40, logz=-30.21, remainder_fraction=100.0000%, Lmin=-20.79, Lmax=-2.11
11:12:20 [ultranest] [DEBUG] iteration=2296, ncalls=8945, regioncalls=309800, ndraw=40, logz=-29.84, remainder_fraction=100.0000%, Lmin=-20.25, Lmax=-2.11
11:12:21 [ultranest] [DEBUG] iteration=2297, ncalls=9056, regioncalls=314240, ndraw=40, logz=-29.43, remainder_fraction=100.0000%, Lmin=-19.64, Lmax=-2.11
11:12:21 [ultranest] [DEBUG] iteration=2300, ncalls=9322, regioncalls=324880, ndraw=40, logz=-28.13, remainder_fraction=100.0000%, Lmin=-18.90, Lmax=-2.11
11:12:21 [ultranest] [DEBUG] iteration=2301, ncalls=9566, regioncalls=334640, ndraw=40, logz=-27.84, remainder_fraction=100.0000%, Lmin=-18.55, Lmax=-2.11
11:12:22 [ultranest] [DEBUG] iteration=2303, ncalls=10051, regioncalls=354040, ndraw=40, logz=-27.27, remainder_fraction=100.0000%, Lmin=-18.26, Lmax=-2.06
11:12:23 [ultranest] [DEBUG] iteration=2304, ncalls=10268, regioncalls=362720, ndraw=40, logz=-27.05, remainder_fraction=100.0000%, Lmin=-18.15, Lmax=-2.06
11:12:23 [ultranest] [DEBUG] iteration=2306, ncalls=10627, regioncalls=377080, ndraw=40, logz=-26.65, remainder_fraction=100.0000%, Lmin=-17.86, Lmax=-2.06
11:12:23 [ultranest] [DEBUG] iteration=2307, ncalls=10712, regioncalls=380480, ndraw=40, logz=-26.48, remainder_fraction=100.0000%, Lmin=-17.69, Lmax=-2.06
11:12:24 [ultranest] [DEBUG] iteration=2308, ncalls=10968, regioncalls=390720, ndraw=40, logz=-26.32, remainder_fraction=100.0000%, Lmin=-17.60, Lmax=-2.06
11:12:24 [ultranest] [DEBUG] iteration=2309, ncalls=11405, regioncalls=408200, ndraw=40, logz=-26.16, remainder_fraction=100.0000%, Lmin=-17.50, Lmax=-2.06
11:12:25 [ultranest] [DEBUG] iteration=2311, ncalls=11476, regioncalls=411040, ndraw=40, logz=-25.89, remainder_fraction=99.9999%, Lmin=-16.98, Lmax=-2.06
11:12:25 [ultranest] [DEBUG] iteration=2312, ncalls=11566, regioncalls=414640, ndraw=40, logz=-25.71, remainder_fraction=99.9999%, Lmin=-16.60, Lmax=-2.06
11:12:25 [ultranest] [DEBUG] iteration=2314, ncalls=11786, regioncalls=423440, ndraw=40, logz=-25.31, remainder_fraction=99.9999%, Lmin=-15.28, Lmax=-2.06
11:12:25 [ultranest] [DEBUG] iteration=2315, ncalls=11853, regioncalls=426120, ndraw=40, logz=-24.87, remainder_fraction=99.9998%, Lmin=-15.13, Lmax=-2.06
11:12:26 [ultranest] [DEBUG] iteration=2316, ncalls=11950, regioncalls=430000, ndraw=40, logz=-24.54, remainder_fraction=99.9998%, Lmin=-15.00, Lmax=-2.06
11:12:26 [ultranest] [DEBUG] iteration=2317, ncalls=12382, regioncalls=447280, ndraw=40, logz=-24.26, remainder_fraction=99.9997%, Lmin=-14.98, Lmax=-2.06
11:12:26 [ultranest] [DEBUG] iteration=2318, ncalls=12485, regioncalls=451400, ndraw=40, logz=-24.04, remainder_fraction=99.9996%, Lmin=-14.87, Lmax=-2.06
11:12:27 [ultranest] [DEBUG] iteration=2319, ncalls=12553, regioncalls=454120, ndraw=40, logz=-23.85, remainder_fraction=99.9995%, Lmin=-14.64, Lmax=-0.49
11:12:27 [ultranest] [DEBUG] iteration=2320, ncalls=12682, regioncalls=459280, ndraw=40, logz=-23.65, remainder_fraction=99.9994%, Lmin=-14.60, Lmax=-0.49
11:12:27 [ultranest] [DEBUG] iteration=2323, ncalls=12868, regioncalls=466720, ndraw=40, logz=-23.20, remainder_fraction=99.9997%, Lmin=-14.40, Lmax=-0.49
11:12:27 [ultranest] [DEBUG] iteration=2325, ncalls=12996, regioncalls=471840, ndraw=40, logz=-22.95, remainder_fraction=99.9996%, Lmin=-14.16, Lmax=-0.49
11:12:28 [ultranest] [DEBUG] iteration=2326, ncalls=13372, regioncalls=486880, ndraw=40, logz=-22.83, remainder_fraction=99.9996%, Lmin=-13.89, Lmax=-0.49
11:12:29 [ultranest] [DEBUG] iteration=2327, ncalls=13799, regioncalls=503960, ndraw=40, logz=-22.69, remainder_fraction=99.9995%, Lmin=-13.84, Lmax=-0.49
11:12:30 [ultranest] [DEBUG] iteration=2328, ncalls=14473, regioncalls=530920, ndraw=40, logz=-22.57, remainder_fraction=99.9995%, Lmin=-13.80, Lmax=-0.49
11:12:30 [ultranest] [DEBUG] iteration=2329, ncalls=14593, regioncalls=535720, ndraw=40, logz=-22.46, remainder_fraction=99.9994%, Lmin=-13.78, Lmax=-0.49
11:12:31 [ultranest] [DEBUG] iteration=2330, ncalls=14757, regioncalls=542280, ndraw=40, logz=-22.36, remainder_fraction=99.9993%, Lmin=-13.52, Lmax=-0.49
11:12:31 [ultranest] [DEBUG] iteration=2332, ncalls=14814, regioncalls=544560, ndraw=40, logz=-22.13, remainder_fraction=99.9991%, Lmin=-13.17, Lmax=-0.49
11:12:31 [ultranest] [DEBUG] iteration=2333, ncalls=14899, regioncalls=547960, ndraw=40, logz=-22.00, remainder_fraction=99.9990%, Lmin=-12.87, Lmax=-0.49
11:12:32 [ultranest] [DEBUG] iteration=2334, ncalls=15216, regioncalls=560640, ndraw=40, logz=-21.86, remainder_fraction=99.9988%, Lmin=-12.86, Lmax=-0.49
11:12:32 [ultranest] [DEBUG] iteration=2335, ncalls=15597, regioncalls=575880, ndraw=40, logz=-21.74, remainder_fraction=99.9986%, Lmin=-12.86, Lmax=-0.49
11:12:33 [ultranest] [DEBUG] iteration=2336, ncalls=15754, regioncalls=582160, ndraw=40, logz=-21.63, remainder_fraction=99.9984%, Lmin=-12.65, Lmax=-0.49
11:12:33 [ultranest] [DEBUG] iteration=2337, ncalls=15786, regioncalls=583440, ndraw=40, logz=-21.52, remainder_fraction=99.9982%, Lmin=-12.61, Lmax=-0.49
11:12:33 [ultranest] [DEBUG] iteration=2338, ncalls=15985, regioncalls=591400, ndraw=40, logz=-21.41, remainder_fraction=99.9980%, Lmin=-12.58, Lmax=-0.49
11:12:33 [ultranest] [DEBUG] iteration=2339, ncalls=16121, regioncalls=597280, ndraw=40, logz=-21.32, remainder_fraction=99.9977%, Lmin=-12.46, Lmax=-0.49
11:12:34 [ultranest] [DEBUG] iteration=2340, ncalls=16272, regioncalls=603320, ndraw=40, logz=-21.22, remainder_fraction=99.9974%, Lmin=-12.46, Lmax=-0.49
11:12:34 [ultranest] [DEBUG] iteration=2342, ncalls=16461, regioncalls=610880, ndraw=40, logz=-21.05, remainder_fraction=99.9968%, Lmin=-12.30, Lmax=-0.49
11:12:35 [ultranest] [DEBUG] iteration=2343, ncalls=16890, regioncalls=628280, ndraw=40, logz=-20.97, remainder_fraction=99.9965%, Lmin=-12.19, Lmax=-0.49
11:12:35 [ultranest] [DEBUG] iteration=2344, ncalls=17114, regioncalls=637240, ndraw=40, logz=-20.88, remainder_fraction=99.9961%, Lmin=-11.96, Lmax=-0.49
11:12:36 [ultranest] [DEBUG] iteration=2346, ncalls=17362, regioncalls=647160, ndraw=40, logz=-20.71, remainder_fraction=99.9952%, Lmin=-11.64, Lmax=-0.49
11:12:36 [ultranest] [DEBUG] iteration=2347, ncalls=17517, regioncalls=653360, ndraw=40, logz=-20.60, remainder_fraction=99.9946%, Lmin=-11.56, Lmax=-0.49
11:12:36 [ultranest] [DEBUG] iteration=2348, ncalls=17597, regioncalls=656560, ndraw=40, logz=-20.50, remainder_fraction=99.9950%, Lmin=-11.52, Lmax=-0.49
11:12:39 [ultranest] [DEBUG] iteration=2349, ncalls=19100, regioncalls=716680, ndraw=40, logz=-20.41, remainder_fraction=99.9944%, Lmin=-11.14, Lmax=-0.49
11:12:39 [ultranest] [DEBUG] iteration=2350, ncalls=19165, regioncalls=719280, ndraw=40, logz=-20.29, remainder_fraction=99.9935%, Lmin=-10.95, Lmax=-0.49
11:12:40 [ultranest] [DEBUG] iteration=2352, ncalls=19294, regioncalls=724440, ndraw=40, logz=-20.04, remainder_fraction=99.9914%, Lmin=-10.40, Lmax=-0.49
11:12:40 [ultranest] [DEBUG] iteration=2353, ncalls=19469, regioncalls=731440, ndraw=40, logz=-19.88, remainder_fraction=99.9898%, Lmin=-10.36, Lmax=-0.49
11:12:40 [ultranest] [DEBUG] iteration=2354, ncalls=19517, regioncalls=733360, ndraw=40, logz=-19.74, remainder_fraction=99.9880%, Lmin=-10.34, Lmax=-0.49
11:12:41 [ultranest] [DEBUG] iteration=2355, ncalls=19710, regioncalls=741080, ndraw=40, logz=-19.62, remainder_fraction=99.9862%, Lmin=-10.34, Lmax=-0.49
11:12:41 [ultranest] [DEBUG] iteration=2356, ncalls=20208, regioncalls=761000, ndraw=40, logz=-19.51, remainder_fraction=99.9844%, Lmin=-10.33, Lmax=-0.49
11:12:42 [ultranest] [DEBUG] iteration=2357, ncalls=20435, regioncalls=770080, ndraw=40, logz=-19.42, remainder_fraction=99.9825%, Lmin=-10.26, Lmax=-0.49
11:12:43 [ultranest] [DEBUG] iteration=2358, ncalls=20897, regioncalls=788560, ndraw=40, logz=-19.33, remainder_fraction=99.9804%, Lmin=-10.13, Lmax=-0.49
11:12:45 [ultranest] [DEBUG] iteration=2359, ncalls=21781, regioncalls=823920, ndraw=40, logz=-19.24, remainder_fraction=99.9783%, Lmin=-10.12, Lmax=-0.49
11:12:46 [ultranest] [DEBUG] iteration=2360, ncalls=22635, regioncalls=858520, ndraw=40, logz=-19.15, remainder_fraction=99.9761%, Lmin=-10.01, Lmax=-0.49
11:12:47 [ultranest] [DEBUG] iteration=2361, ncalls=23150, regioncalls=879120, ndraw=40, logz=-19.07, remainder_fraction=99.9737%, Lmin=-9.88, Lmax=-0.49
11:12:48 [ultranest] [DEBUG] iteration=2362, ncalls=23677, regioncalls=900280, ndraw=40, logz=-18.98, remainder_fraction=99.9707%, Lmin=-9.72, Lmax=-0.49
11:12:48 [ultranest] [DEBUG] iteration=2363, ncalls=24008, regioncalls=913520, ndraw=40, logz=-18.89, remainder_fraction=99.9673%, Lmin=-9.68, Lmax=-0.49
11:12:49 [ultranest] [DEBUG] iteration=2364, ncalls=24337, regioncalls=926680, ndraw=40, logz=-18.81, remainder_fraction=99.9651%, Lmin=-9.52, Lmax=-0.49
11:12:49 [ultranest] [DEBUG] iteration=2365, ncalls=24392, regioncalls=928880, ndraw=40, logz=-18.72, remainder_fraction=99.9611%, Lmin=-9.49, Lmax=-0.49
11:12:49 [ultranest] [DEBUG] iteration=2366, ncalls=24659, regioncalls=939560, ndraw=40, logz=-18.63, remainder_fraction=99.9569%, Lmin=-9.43, Lmax=-0.49
11:12:51 [ultranest] [DEBUG] iteration=2367, ncalls=25529, regioncalls=974360, ndraw=40, logz=-18.55, remainder_fraction=99.9524%, Lmin=-9.12, Lmax=-0.49
11:12:52 [ultranest] [DEBUG] iteration=2368, ncalls=25870, regioncalls=988000, ndraw=40, logz=-18.46, remainder_fraction=99.9464%, Lmin=-9.11, Lmax=-0.49
11:12:52 [ultranest] [DEBUG] iteration=2369, ncalls=26032, regioncalls=994480, ndraw=40, logz=-18.37, remainder_fraction=99.9403%, Lmin=-8.97, Lmax=-0.49
11:12:52 [ultranest] [DEBUG] clustering found some stray points [need_accept=False] (array([1, 2]), array([48,  1]))
11:12:52 [ultranest] [DEBUG] iteration=2370, ncalls=26127, regioncalls=998280, ndraw=40, logz=-18.28, remainder_fraction=99.9335%, Lmin=-8.89, Lmax=-0.49
11:12:52 [ultranest] [DEBUG] iteration=2371, ncalls=26175, regioncalls=1000200, ndraw=40, logz=-18.19, remainder_fraction=99.9259%, Lmin=-8.88, Lmax=-0.49
11:12:53 [ultranest] [DEBUG] iteration=2372, ncalls=26641, regioncalls=1018960, ndraw=40, logz=-18.11, remainder_fraction=99.9181%, Lmin=-8.87, Lmax=-0.49
11:12:54 [ultranest] [DEBUG] iteration=2373, ncalls=26839, regioncalls=1026880, ndraw=40, logz=-18.04, remainder_fraction=99.9101%, Lmin=-8.74, Lmax=-0.49
11:12:54 [ultranest] [DEBUG] iteration=2374, ncalls=27055, regioncalls=1035520, ndraw=40, logz=-17.96, remainder_fraction=99.9011%, Lmin=-8.71, Lmax=-0.49
11:12:54 [ultranest] [DEBUG] iteration=2375, ncalls=27133, regioncalls=1038640, ndraw=40, logz=-17.89, remainder_fraction=99.8931%, Lmin=-8.69, Lmax=-0.49
11:12:55 [ultranest] [DEBUG] iteration=2376, ncalls=27291, regioncalls=1044960, ndraw=40, logz=-17.82, remainder_fraction=99.8835%, Lmin=-8.58, Lmax=-0.49
11:12:55 [ultranest] [DEBUG] iteration=2377, ncalls=27351, regioncalls=1047360, ndraw=40, logz=-17.76, remainder_fraction=99.8727%, Lmin=-8.55, Lmax=-0.49
11:12:55 [ultranest] [DEBUG] iteration=2378, ncalls=27433, regioncalls=1050640, ndraw=40, logz=-17.69, remainder_fraction=99.8617%, Lmin=-8.52, Lmax=-0.49
11:12:56 [ultranest] [DEBUG] iteration=2379, ncalls=27957, regioncalls=1071600, ndraw=40, logz=-17.63, remainder_fraction=99.8504%, Lmin=-8.46, Lmax=-0.49
11:12:56 [ultranest] [DEBUG] clustering found some stray points [need_accept=False] (array([1, 2]), array([48,  1]))
11:12:57 [ultranest] [DEBUG] iteration=2381, ncalls=28191, regioncalls=1080960, ndraw=40, logz=-17.51, remainder_fraction=99.8256%, Lmin=-8.19, Lmax=-0.49
11:13:00 [ultranest] [DEBUG] iteration=2382, ncalls=29744, regioncalls=1143240, ndraw=40, logz=-17.44, remainder_fraction=99.8311%, Lmin=-7.86, Lmax=-0.49
11:13:00 [ultranest] [DEBUG] iteration=2383, ncalls=29868, regioncalls=1149120, ndraw=40, logz=-17.36, remainder_fraction=99.8131%, Lmin=-7.73, Lmax=-0.49
11:13:00 [ultranest] [DEBUG] iteration=2384, ncalls=29998, regioncalls=1154680, ndraw=40, logz=-17.28, remainder_fraction=99.7937%, Lmin=-7.65, Lmax=-0.49
11:13:00 [ultranest] [DEBUG] iteration=2385, ncalls=30266, regioncalls=1165400, ndraw=40, logz=-17.19, remainder_fraction=99.7737%, Lmin=-7.64, Lmax=-0.49
11:13:02 [ultranest] [DEBUG] iteration=2386, ncalls=30856, regioncalls=1189120, ndraw=40, logz=-17.11, remainder_fraction=99.7509%, Lmin=-7.63, Lmax=-0.49
11:13:03 [ultranest] [DEBUG] iteration=2387, ncalls=31438, regioncalls=1212400, ndraw=40, logz=-17.04, remainder_fraction=99.7294%, Lmin=-7.58, Lmax=-0.49
11:13:03 [ultranest] [DEBUG] iteration=2388, ncalls=31670, regioncalls=1221760, ndraw=40, logz=-16.98, remainder_fraction=99.7049%, Lmin=-7.33, Lmax=-0.49
11:13:04 [ultranest] [DEBUG] iteration=2389, ncalls=32033, regioncalls=1236280, ndraw=40, logz=-16.90, remainder_fraction=99.6844%, Lmin=-7.20, Lmax=-0.49
11:13:04 [ultranest] [DEBUG] iteration=2390, ncalls=32228, regioncalls=1244080, ndraw=40, logz=-16.82, remainder_fraction=99.6691%, Lmin=-6.91, Lmax=-0.49
11:13:09 [ultranest] [DEBUG] iteration=2391, ncalls=34610, regioncalls=1339720, ndraw=40, logz=-16.72, remainder_fraction=99.6282%, Lmin=-6.67, Lmax=-0.49
11:13:11 [ultranest] [DEBUG] iteration=2392, ncalls=35784, regioncalls=1386800, ndraw=40, logz=-16.61, remainder_fraction=99.5811%, Lmin=-6.60, Lmax=-0.49
11:13:13 [ultranest] [DEBUG] iteration=2393, ncalls=36374, regioncalls=1410520, ndraw=40, logz=-16.51, remainder_fraction=99.5264%, Lmin=-6.45, Lmax=-0.49
11:13:14 [ultranest] [DEBUG] iteration=2394, ncalls=37337, regioncalls=1449120, ndraw=40, logz=-16.40, remainder_fraction=99.4895%, Lmin=-6.42, Lmax=-0.49
11:13:15 [ultranest] [DEBUG] iteration=2395, ncalls=37572, regioncalls=1458520, ndraw=40, logz=-16.30, remainder_fraction=99.4265%, Lmin=-6.36, Lmax=-0.49
11:13:18 [ultranest] [DEBUG] iteration=2396, ncalls=39071, regioncalls=1518560, ndraw=40, logz=-16.21, remainder_fraction=99.3592%, Lmin=-6.25, Lmax=-0.49
11:13:18 [ultranest] [DEBUG] iteration=2397, ncalls=39193, regioncalls=1523640, ndraw=40, logz=-16.12, remainder_fraction=99.2876%, Lmin=-6.16, Lmax=-0.49
11:13:20 [ultranest] [DEBUG] iteration=2398, ncalls=40349, regioncalls=1569880, ndraw=40, logz=-16.03, remainder_fraction=99.2123%, Lmin=-6.09, Lmax=-0.49
11:13:21 [ultranest] [DEBUG] iteration=2399, ncalls=40778, regioncalls=1587200, ndraw=40, logz=-15.94, remainder_fraction=99.1337%, Lmin=-5.94, Lmax=-0.49
11:13:22 [ultranest] [DEBUG] iteration=2400, ncalls=41352, regioncalls=1610160, ndraw=40, logz=-15.85, remainder_fraction=99.0635%, Lmin=-5.93, Lmax=-0.49
11:13:22 [ultranest] [DEBUG] iteration=2402, ncalls=41589, regioncalls=1619640, ndraw=40, logz=-15.70, remainder_fraction=98.8771%, Lmin=-5.91, Lmax=-0.49
11:13:25 [ultranest] [DEBUG] iteration=2403, ncalls=43217, regioncalls=1685440, ndraw=40, logz=-15.63, remainder_fraction=98.7785%, Lmin=-5.89, Lmax=-0.49
11:13:26 [ultranest] [DEBUG] iteration=2404, ncalls=43466, regioncalls=1695560, ndraw=40, logz=-15.56, remainder_fraction=98.6910%, Lmin=-5.88, Lmax=-0.49
11:13:32 [ultranest] [DEBUG] iteration=2405, ncalls=46593, regioncalls=1820800, ndraw=40, logz=-15.51, remainder_fraction=98.5845%, Lmin=-5.80, Lmax=-0.49
11:13:33 [ultranest] [DEBUG] iteration=2406, ncalls=46764, regioncalls=1827640, ndraw=40, logz=-15.45, remainder_fraction=98.5447%, Lmin=-5.77, Lmax=-0.49
11:13:34 [ultranest] [DEBUG] iteration=2408, ncalls=47271, regioncalls=1847920, ndraw=40, logz=-15.33, remainder_fraction=98.3467%, Lmin=-5.63, Lmax=-0.49
11:13:37 [ultranest] [DEBUG] iteration=2410, ncalls=49002, regioncalls=1917160, ndraw=40, logz=-15.22, remainder_fraction=98.1716%, Lmin=-5.54, Lmax=-0.49
11:13:43 [ultranest] [DEBUG] iteration=2411, ncalls=52047, regioncalls=2039760, ndraw=40, logz=-15.17, remainder_fraction=98.2423%, Lmin=-5.43, Lmax=-0.49
11:13:44 [ultranest] [DEBUG] iteration=2412, ncalls=52868, regioncalls=2072640, ndraw=40, logz=-15.11, remainder_fraction=98.1122%, Lmin=-5.37, Lmax=-0.49
11:13:46 [ultranest] [DEBUG] iteration=2413, ncalls=53868, regioncalls=2112960, ndraw=40, logz=-15.06, remainder_fraction=97.9855%, Lmin=-5.35, Lmax=-0.49
11:13:49 [ultranest] [DEBUG] iteration=2414, ncalls=55435, regioncalls=2175760, ndraw=40, logz=-15.01, remainder_fraction=97.8424%, Lmin=-5.27, Lmax=-0.49
11:13:51 [ultranest] [DEBUG] iteration=2415, ncalls=56352, regioncalls=2212480, ndraw=40, logz=-14.96, remainder_fraction=97.6932%, Lmin=-5.20, Lmax=-0.49
11:13:53 [ultranest] [DEBUG] iteration=2416, ncalls=57539, regioncalls=2260200, ndraw=40, logz=-14.90, remainder_fraction=97.5251%, Lmin=-5.13, Lmax=-0.49
11:13:54 [ultranest] [DEBUG] iteration=2417, ncalls=57953, regioncalls=2276760, ndraw=40, logz=-14.85, remainder_fraction=97.3758%, Lmin=-5.07, Lmax=-0.49
11:13:55 [ultranest] [DEBUG] iteration=2418, ncalls=58695, regioncalls=2306440, ndraw=40, logz=-14.80, remainder_fraction=97.2381%, Lmin=-4.90, Lmax=-0.49
11:13:56 [ultranest] [DEBUG] iteration=2419, ncalls=59138, regioncalls=2324160, ndraw=40, logz=-14.75, remainder_fraction=97.0312%, Lmin=-4.90, Lmax=-0.49
11:14:08 [ultranest] [DEBUG] iteration=2420, ncalls=66180, regioncalls=2607760, ndraw=40, logz=-14.69, remainder_fraction=96.9857%, Lmin=-4.79, Lmax=-0.49
11:14:10 [ultranest] [DEBUG] iteration=2421, ncalls=66924, regioncalls=2637520, ndraw=40, logz=-14.64, remainder_fraction=96.7615%, Lmin=-4.73, Lmax=-0.49
11:14:16 [ultranest] [DEBUG] iteration=2422, ncalls=70482, regioncalls=2781040, ndraw=40, logz=-14.59, remainder_fraction=96.6074%, Lmin=-4.66, Lmax=-0.49
11:14:17 [ultranest] [DEBUG] iteration=2423, ncalls=71298, regioncalls=2813680, ndraw=40, logz=-14.53, remainder_fraction=96.4504%, Lmin=-4.62, Lmax=-0.49
11:14:18 [ultranest] [DEBUG] iteration=2424, ncalls=71893, regioncalls=2837640, ndraw=40, logz=-14.48, remainder_fraction=96.3107%, Lmin=-4.62, Lmax=-0.49
11:14:25 [ultranest] [DEBUG] iteration=2425, ncalls=75437, regioncalls=2979920, ndraw=40, logz=-14.43, remainder_fraction=96.1412%, Lmin=-4.51, Lmax=-0.49
11:14:30 [ultranest] [DEBUG] iteration=2426, ncalls=78877, regioncalls=3117680, ndraw=40, logz=-14.38, remainder_fraction=95.9935%, Lmin=-4.44, Lmax=-0.49
11:14:33 [ultranest] [DEBUG] iteration=2427, ncalls=80442, regioncalls=3180320, ndraw=40, logz=-14.33, remainder_fraction=95.7182%, Lmin=-4.26, Lmax=-0.49
11:14:34 [ultranest] [DEBUG] iteration=2428, ncalls=81387, regioncalls=3218720, ndraw=40, logz=-14.28, remainder_fraction=95.4922%, Lmin=-4.16, Lmax=-0.49
11:14:36 [ultranest] [DEBUG] iteration=2429, ncalls=82056, regioncalls=3245560, ndraw=40, logz=-14.22, remainder_fraction=95.1493%, Lmin=-4.16, Lmax=-0.49
11:14:41 [ultranest] [DEBUG] iteration=2430, ncalls=84812, regioncalls=3356080, ndraw=40, logz=-14.17, remainder_fraction=94.8094%, Lmin=-4.13, Lmax=-0.49
11:14:50 [ultranest] [DEBUG] iteration=2431, ncalls=90137, regioncalls=3570000, ndraw=40, logz=-14.12, remainder_fraction=94.4555%, Lmin=-4.09, Lmax=-0.49
11:14:55 [ultranest] [DEBUG] iteration=2432, ncalls=92295, regioncalls=3656320, ndraw=40, logz=-14.07, remainder_fraction=94.1146%, Lmin=-4.06, Lmax=-0.49
11:14:58 [ultranest] [DEBUG] iteration=2433, ncalls=93588, regioncalls=3708040, ndraw=40, logz=-14.02, remainder_fraction=93.7871%, Lmin=-4.01, Lmax=-0.49
11:14:58 [ultranest] [DEBUG] iteration=2434, ncalls=93633, regioncalls=3709840, ndraw=40, logz=-13.98, remainder_fraction=93.3969%, Lmin=-4.01, Lmax=-0.49
11:14:59 [ultranest] [DEBUG] iteration=2435, ncalls=94463, regioncalls=3743080, ndraw=40, logz=-13.93, remainder_fraction=92.9959%, Lmin=-3.91, Lmax=-0.49
11:15:00 [ultranest] [DEBUG] iteration=2436, ncalls=94536, regioncalls=3748800, ndraw=40, logz=-13.89, remainder_fraction=92.6624%, Lmin=-3.91, Lmax=-0.49
11:15:00 [ultranest] [DEBUG] iteration=2437, ncalls=94886, regioncalls=3779960, ndraw=40, logz=-13.85, remainder_fraction=92.2275%, Lmin=-3.89, Lmax=-0.49
11:15:01 [ultranest] [DEBUG] iteration=2438, ncalls=95000, regioncalls=3790920, ndraw=40, logz=-13.81, remainder_fraction=91.8602%, Lmin=-3.87, Lmax=-0.49
11:15:05 [ultranest] [DEBUG] iteration=2439, ncalls=96814, regioncalls=3945640, ndraw=40, logz=-13.77, remainder_fraction=91.4115%, Lmin=-3.85, Lmax=-0.49
11:15:06 [ultranest] [DEBUG] iteration=2440, ncalls=97146, regioncalls=3972640, ndraw=40, logz=-13.73, remainder_fraction=91.1815%, Lmin=-3.80, Lmax=-0.48
11:15:09 [ultranest] [DEBUG] iteration=2441, ncalls=98652, regioncalls=4094920, ndraw=40, logz=-13.69, remainder_fraction=90.7413%, Lmin=-3.77, Lmax=-0.48
11:15:12 [ultranest] [DEBUG] iteration=2442, ncalls=100007, regioncalls=4204480, ndraw=40, logz=-13.66, remainder_fraction=91.0492%, Lmin=-3.75, Lmax=-0.48
11:15:12 [ultranest] [DEBUG] iteration=2443, ncalls=100132, regioncalls=4213760, ndraw=40, logz=-13.62, remainder_fraction=90.6625%, Lmin=-3.72, Lmax=-0.48
11:15:13 [ultranest] [DEBUG] iteration=2444, ncalls=100384, regioncalls=4232160, ndraw=40, logz=-13.59, remainder_fraction=90.4551%, Lmin=-3.64, Lmax=-0.48
11:15:17 [ultranest] [DEBUG] iteration=2445, ncalls=102232, regioncalls=4385000, ndraw=40, logz=-13.55, remainder_fraction=90.0325%, Lmin=-3.63, Lmax=-0.48
11:15:20 [ultranest] [DEBUG] iteration=2446, ncalls=103928, regioncalls=4526760, ndraw=40, logz=-13.52, remainder_fraction=89.6300%, Lmin=-3.54, Lmax=-0.48
11:15:21 [ultranest] [DEBUG] iteration=2447, ncalls=104569, regioncalls=4583880, ndraw=40, logz=-13.49, remainder_fraction=89.6286%, Lmin=-3.50, Lmax=-0.48
11:15:23 [ultranest] [DEBUG] iteration=2448, ncalls=105447, regioncalls=4659720, ndraw=40, logz=-13.45, remainder_fraction=89.1709%, Lmin=-3.46, Lmax=-0.48
11:15:25 [ultranest] [DEBUG] iteration=2449, ncalls=106253, regioncalls=4727600, ndraw=40, logz=-13.42, remainder_fraction=88.6514%, Lmin=-3.45, Lmax=-0.48
11:15:25 [ultranest] [DEBUG] iteration=2450, ncalls=106502, regioncalls=4749160, ndraw=40, logz=-13.39, remainder_fraction=88.1515%, Lmin=-3.37, Lmax=-0.48
11:15:25 [ultranest] [DEBUG] iteration=2451, ncalls=106564, regioncalls=4754360, ndraw=40, logz=-13.35, remainder_fraction=87.5929%, Lmin=-3.32, Lmax=-0.48
11:15:29 [ultranest] [DEBUG] iteration=2452, ncalls=108075, regioncalls=4881240, ndraw=40, logz=-13.32, remainder_fraction=87.0346%, Lmin=-3.30, Lmax=-0.48
11:15:29 [ultranest] [DEBUG] iteration=2453, ncalls=108389, regioncalls=4906280, ndraw=40, logz=-13.29, remainder_fraction=86.8739%, Lmin=-3.26, Lmax=-0.48
11:15:32 [ultranest] [DEBUG] iteration=2454, ncalls=109636, regioncalls=5009480, ndraw=40, logz=-13.26, remainder_fraction=86.3129%, Lmin=-3.24, Lmax=-0.48
11:15:32 [ultranest] [DEBUG] iteration=2455, ncalls=109920, regioncalls=5032480, ndraw=40, logz=-13.23, remainder_fraction=85.7282%, Lmin=-3.21, Lmax=-0.48
11:15:33 [ultranest] [DEBUG] iteration=2456, ncalls=110335, regioncalls=5068880, ndraw=40, logz=-13.20, remainder_fraction=85.1350%, Lmin=-3.19, Lmax=-0.48
11:15:34 [ultranest] [DEBUG] iteration=2457, ncalls=110717, regioncalls=5100200, ndraw=40, logz=-13.17, remainder_fraction=84.5000%, Lmin=-3.16, Lmax=-0.48
11:15:34 [ultranest] [DEBUG] iteration=2458, ncalls=110802, regioncalls=5105240, ndraw=40, logz=-13.14, remainder_fraction=84.2590%, Lmin=-3.08, Lmax=-0.26
11:15:35 [ultranest] [DEBUG] iteration=2459, ncalls=110995, regioncalls=5116400, ndraw=40, logz=-13.11, remainder_fraction=83.6085%, Lmin=-2.99, Lmax=-0.26
11:15:36 [ultranest] [DEBUG] iteration=2460, ncalls=111600, regioncalls=5150560, ndraw=40, logz=-13.08, remainder_fraction=84.0672%, Lmin=-2.98, Lmax=-0.26
11:15:37 [ultranest] [DEBUG] iteration=2461, ncalls=111911, regioncalls=5170560, ndraw=40, logz=-13.05, remainder_fraction=83.5065%, Lmin=-2.96, Lmax=-0.26
11:15:37 [ultranest] [DEBUG] iteration=2462, ncalls=112063, regioncalls=5179240, ndraw=40, logz=-13.02, remainder_fraction=82.9863%, Lmin=-2.91, Lmax=-0.26
11:15:38 [ultranest] [DEBUG] iteration=2463, ncalls=112431, regioncalls=5200640, ndraw=40, logz=-12.99, remainder_fraction=82.6157%, Lmin=-2.89, Lmax=-0.26
11:15:38 [ultranest] [DEBUG] iteration=2464, ncalls=112604, regioncalls=5214000, ndraw=40, logz=-12.97, remainder_fraction=81.9301%, Lmin=-2.87, Lmax=-0.26
11:15:39 [ultranest] [DEBUG] iteration=2465, ncalls=112917, regioncalls=5233840, ndraw=40, logz=-12.94, remainder_fraction=81.2300%, Lmin=-2.86, Lmax=-0.26
11:15:39 [ultranest] [DEBUG] iteration=2466, ncalls=113178, regioncalls=5250720, ndraw=40, logz=-12.91, remainder_fraction=80.6104%, Lmin=-2.86, Lmax=-0.26
11:15:40 [ultranest] [DEBUG] iteration=2467, ncalls=113357, regioncalls=5261480, ndraw=40, logz=-12.89, remainder_fraction=80.4797%, Lmin=-2.83, Lmax=-0.26
11:15:40 [ultranest] [DEBUG] iteration=2468, ncalls=113452, regioncalls=5267000, ndraw=40, logz=-12.86, remainder_fraction=80.5661%, Lmin=-2.82, Lmax=-0.26
11:15:40 [ultranest] [DEBUG] iteration=2469, ncalls=113454, regioncalls=5267360, ndraw=40, logz=-12.84, remainder_fraction=79.9618%, Lmin=-2.79, Lmax=-0.26
11:15:40 [ultranest] [DEBUG] iteration=2471, ncalls=113475, regioncalls=5268520, ndraw=40, logz=-12.79, remainder_fraction=78.5557%, Lmin=-2.75, Lmax=-0.26
11:15:40 [ultranest] [DEBUG] iteration=2473, ncalls=113524, regioncalls=5271560, ndraw=40, logz=-12.75, remainder_fraction=77.2690%, Lmin=-2.72, Lmax=-0.26
11:15:40 [ultranest] [DEBUG] iteration=2475, ncalls=113579, regioncalls=5274600, ndraw=40, logz=-12.71, remainder_fraction=75.9311%, Lmin=-2.62, Lmax=-0.26
11:15:40 [ultranest] [DEBUG] iteration=2480, ncalls=113655, regioncalls=5281120, ndraw=40, logz=-12.61, remainder_fraction=73.5280%, Lmin=-2.59, Lmax=-0.26
11:15:41 [ultranest] [DEBUG] iteration=2482, ncalls=113695, regioncalls=5285400, ndraw=40, logz=-12.57, remainder_fraction=72.3267%, Lmin=-2.48, Lmax=-0.26
11:15:41 [ultranest] [DEBUG] iteration=2484, ncalls=113751, regioncalls=5290240, ndraw=40, logz=-12.53, remainder_fraction=71.0715%, Lmin=-2.42, Lmax=-0.26
11:15:41 [ultranest] [DEBUG] iteration=2486, ncalls=113796, regioncalls=5295360, ndraw=40, logz=-12.50, remainder_fraction=69.8677%, Lmin=-2.37, Lmax=-0.26
11:15:41 [ultranest] [DEBUG] iteration=2490, ncalls=113891, regioncalls=5304320, ndraw=40, logz=-12.42, remainder_fraction=69.1804%, Lmin=-2.17, Lmax=-0.26
11:15:41 [ultranest] [DEBUG] iteration=2491, ncalls=113927, regioncalls=5308480, ndraw=40, logz=-12.40, remainder_fraction=68.6626%, Lmin=-2.13, Lmax=-0.26
11:15:41 [ultranest] [DEBUG] iteration=2492, ncalls=113965, regioncalls=5312720, ndraw=40, logz=-12.39, remainder_fraction=67.9591%, Lmin=-2.11, Lmax=-0.26
11:15:42 [ultranest] [DEBUG] iteration=2495, ncalls=114048, regioncalls=5321600, ndraw=40, logz=-12.33, remainder_fraction=67.2774%, Lmin=-2.06, Lmax=-0.02
11:15:42 [ultranest] [DEBUG] iteration=2496, ncalls=114107, regioncalls=5326400, ndraw=40, logz=-12.31, remainder_fraction=67.1053%, Lmin=-2.05, Lmax=-0.02
11:15:42 [ultranest] [DEBUG] iteration=2498, ncalls=114169, regioncalls=5332880, ndraw=40, logz=-12.28, remainder_fraction=65.8886%, Lmin=-2.02, Lmax=-0.02
11:15:42 [ultranest] [DEBUG] iteration=2500, ncalls=114273, regioncalls=5343280, ndraw=40, logz=-12.25, remainder_fraction=64.6811%, Lmin=-1.97, Lmax=-0.02
11:15:43 [ultranest] [DEBUG] iteration=2502, ncalls=114362, regioncalls=5350760, ndraw=40, logz=-12.22, remainder_fraction=64.3580%, Lmin=-1.96, Lmax=-0.02
11:15:43 [ultranest] [DEBUG] iteration=2503, ncalls=114409, regioncalls=5353840, ndraw=40, logz=-12.20, remainder_fraction=64.3223%, Lmin=-1.90, Lmax=-0.02
11:15:43 [ultranest] [DEBUG] iteration=2506, ncalls=114484, regioncalls=5363800, ndraw=40, logz=-12.16, remainder_fraction=63.1765%, Lmin=-1.86, Lmax=-0.02
11:15:43 [ultranest] [DEBUG] iteration=2508, ncalls=114568, regioncalls=5371360, ndraw=40, logz=-12.13, remainder_fraction=61.8334%, Lmin=-1.80, Lmax=-0.02
11:15:43 [ultranest] [DEBUG] iteration=2510, ncalls=114683, regioncalls=5382360, ndraw=40, logz=-12.10, remainder_fraction=60.3564%, Lmin=-1.75, Lmax=-0.02
11:15:44 [ultranest] [DEBUG] iteration=2512, ncalls=114774, regioncalls=5390040, ndraw=40, logz=-12.08, remainder_fraction=59.7398%, Lmin=-1.72, Lmax=-0.02
11:15:44 [ultranest] [DEBUG] clustering found some stray points [need_accept=False] (array([1, 2]), array([48,  1]))
11:15:44 [ultranest] [DEBUG] iteration=2513, ncalls=114904, regioncalls=5401160, ndraw=40, logz=-12.06, remainder_fraction=59.1614%, Lmin=-1.69, Lmax=-0.02
11:15:44 [ultranest] [DEBUG] iteration=2515, ncalls=114985, regioncalls=5410840, ndraw=40, logz=-12.04, remainder_fraction=57.7363%, Lmin=-1.67, Lmax=-0.02
11:15:45 [ultranest] [DEBUG] iteration=2517, ncalls=115065, regioncalls=5418760, ndraw=40, logz=-12.01, remainder_fraction=56.6303%, Lmin=-1.59, Lmax=-0.02
11:15:45 [ultranest] [DEBUG] iteration=2519, ncalls=115166, regioncalls=5429680, ndraw=40, logz=-11.99, remainder_fraction=55.9172%, Lmin=-1.51, Lmax=-0.02
11:15:45 [ultranest] [DEBUG] iteration=2520, ncalls=115249, regioncalls=5440120, ndraw=40, logz=-11.97, remainder_fraction=55.9385%, Lmin=-1.49, Lmax=-0.02
11:15:45 [ultranest] [DEBUG] iteration=2522, ncalls=115414, regioncalls=5459920, ndraw=40, logz=-11.95, remainder_fraction=54.5942%, Lmin=-1.47, Lmax=-0.02
11:15:46 [ultranest] [DEBUG] iteration=2523, ncalls=115578, regioncalls=5479920, ndraw=40, logz=-11.94, remainder_fraction=54.0797%, Lmin=-1.47, Lmax=-0.02
11:15:46 [ultranest] [DEBUG] iteration=2524, ncalls=115687, regioncalls=5494280, ndraw=40, logz=-11.92, remainder_fraction=53.3343%, Lmin=-1.44, Lmax=-0.02
11:15:46 [ultranest] [DEBUG] iteration=2525, ncalls=115736, regioncalls=5499800, ndraw=40, logz=-11.91, remainder_fraction=52.9455%, Lmin=-1.41, Lmax=-0.02
11:15:47 [ultranest] [DEBUG] iteration=2528, ncalls=115814, regioncalls=5508280, ndraw=40, logz=-11.88, remainder_fraction=50.8668%, Lmin=-1.30, Lmax=-0.02
11:15:47 [ultranest] [DEBUG] iteration=2529, ncalls=115863, regioncalls=5513640, ndraw=40, logz=-11.86, remainder_fraction=50.1264%, Lmin=-1.30, Lmax=-0.02
11:15:47 [ultranest] [INFO] Explored until L=-0.02  
11:15:47 [ultranest] [INFO] Likelihood function evaluations: 115863
11:15:48 [ultranest] [INFO] Writing samples and results to disk ...
11:15:48 [ultranest] [INFO] Writing samples and results to disk ... done
11:15:48 [ultranest] [DEBUG] did a run_iter pass!
11:15:48 [ultranest] [INFO] Will add 151 live points (x4) at L=-1e+01 ...
11:15:48 [ultranest] [DEBUG] minimal_widths_sequence: [(-inf, 1200.0), (-14.640209269636399, 1200.0), (-0.020265490250305197, 1200.0), (inf, 1200.0)]
11:15:49 [ultranest] [DEBUG] Plateau detected at L=-1.135440e+02, not replacing live point.
11:15:49 [ultranest] [DEBUG] Plateau detected at L=-1.135423e+02, not replacing live point.
11:15:49 [ultranest] [DEBUG] Plateau detected at L=-1.135418e+02, not replacing live point.
11:15:49 [ultranest] [DEBUG] Plateau detected at L=-1.135418e+02, not replacing live point.
11:15:49 [ultranest] [DEBUG] Plateau detected at L=-1.135418e+02, not replacing live point.
11:15:49 [ultranest] [DEBUG] Plateau detected at L=-1.135416e+02, not replacing live point.
11:15:49 [ultranest] [DEBUG] Plateau detected at L=-1.135413e+02, not replacing live point.
11:15:49 [ultranest] [DEBUG] Plateau detected at L=-1.135408e+02, not replacing live point.
11:15:49 [ultranest] [DEBUG] Plateau detected at L=-1.135402e+02, not replacing live point.
11:15:49 [ultranest] [DEBUG] Plateau detected at L=-1.135402e+02, not replacing live point.
11:15:49 [ultranest] [DEBUG] Plateau detected at L=-1.135402e+02, not replacing live point.
11:15:49 [ultranest] [DEBUG] Plateau detected at L=-1.135402e+02, not replacing live point.
11:15:49 [ultranest] [DEBUG] Plateau detected at L=-1.135402e+02, not replacing live point.
11:15:49 [ultranest] [DEBUG] Plateau detected at L=-1.135401e+02, not replacing live point.
11:15:49 [ultranest] [DEBUG] Plateau detected at L=-1.135397e+02, not replacing live point.
11:15:49 [ultranest] [DEBUG] Plateau detected at L=-1.135395e+02, not replacing live point.
11:15:49 [ultranest] [DEBUG] Plateau detected at L=-1.135395e+02, not replacing live point.
11:15:49 [ultranest] [DEBUG] Plateau detected at L=-1.135395e+02, not replacing live point.
11:15:49 [ultranest] [DEBUG] Plateau detected at L=-1.135391e+02, not replacing live point.
11:15:49 [ultranest] [DEBUG] Plateau detected at L=-1.135391e+02, not replacing live point.
11:15:49 [ultranest] [DEBUG] Plateau detected at L=-1.135391e+02, not replacing live point.
11:15:49 [ultranest] [DEBUG] Plateau detected at L=-1.135386e+02, not replacing live point.
11:15:49 [ultranest] [DEBUG] Plateau detected at L=-1.135386e+02, not replacing live point.
11:15:49 [ultranest] [DEBUG] Plateau detected at L=-1.135386e+02, not replacing live point.
11:15:49 [ultranest] [DEBUG] Plateau detected at L=-1.135386e+02, not replacing live point.
11:15:49 [ultranest] [DEBUG] Plateau detected at L=-1.135386e+02, not replacing live point.
11:15:49 [ultranest] [DEBUG] Plateau detected at L=-1.135386e+02, not replacing live point.
11:15:49 [ultranest] [DEBUG] Plateau detected at L=-1.135386e+02, not replacing live point.
11:15:49 [ultranest] [DEBUG] Plateau detected at L=-1.135384e+02, not replacing live point.
11:15:49 [ultranest] [DEBUG] Plateau detected at L=-1.135384e+02, not replacing live point.
11:15:49 [ultranest] [DEBUG] Plateau detected at L=-1.135384e+02, not replacing live point.
11:15:49 [ultranest] [DEBUG] Plateau detected at L=-1.135384e+02, not replacing live point.
11:15:49 [ultranest] [DEBUG] Plateau detected at L=-1.135384e+02, not replacing live point.
11:15:49 [ultranest] [DEBUG] Plateau detected at L=-1.135384e+02, not replacing live point.
11:15:49 [ultranest] [DEBUG] Plateau detected at L=-1.135381e+02, not replacing live point.
11:15:49 [ultranest] [DEBUG] Plateau detected at L=-1.135381e+02, not replacing live point.
11:15:49 [ultranest] [DEBUG] Plateau detected at L=-1.135381e+02, not replacing live point.
11:15:49 [ultranest] [DEBUG] Plateau detected at L=-1.135381e+02, not replacing live point.
11:15:49 [ultranest] [DEBUG] Plateau detected at L=-1.135381e+02, not replacing live point.
11:15:49 [ultranest] [DEBUG] Plateau detected at L=-1.135381e+02, not replacing live point.
11:15:49 [ultranest] [DEBUG] Plateau detected at L=-1.135379e+02, not replacing live point.
11:15:49 [ultranest] [DEBUG] Plateau detected at L=-1.135379e+02, not replacing live point.
11:15:49 [ultranest] [DEBUG] Plateau detected at L=-1.135379e+02, not replacing live point.
11:15:49 [ultranest] [DEBUG] Plateau detected at L=-1.135379e+02, not replacing live point.
11:15:49 [ultranest] [DEBUG] Plateau detected at L=-1.135379e+02, not replacing live point.
11:15:49 [ultranest] [DEBUG] Plateau detected at L=-1.135379e+02, not replacing live point.
11:15:49 [ultranest] [DEBUG] Plateau detected at L=-1.135379e+02, not replacing live point.
11:15:49 [ultranest] [DEBUG] Plateau detected at L=-1.135379e+02, not replacing live point.
11:15:49 [ultranest] [DEBUG] Plateau detected at L=-1.135379e+02, not replacing live point.
11:15:49 [ultranest] [DEBUG] Plateau detected at L=-1.135379e+02, not replacing live point.
11:15:49 [ultranest] [DEBUG] Plateau detected at L=-1.135379e+02, not replacing live point.
11:15:49 [ultranest] [DEBUG] Plateau detected at L=-1.135379e+02, not replacing live point.
11:15:49 [ultranest] [DEBUG] Plateau detected at L=-1.135379e+02, not replacing live point.
11:15:49 [ultranest] [DEBUG] Plateau detected at L=-1.135379e+02, not replacing live point.
11:15:49 [ultranest] [DEBUG] Plateau detected at L=-1.135379e+02, not replacing live point.
11:15:49 [ultranest] [DEBUG] Plateau detected at L=-1.135379e+02, not replacing live point.
11:15:49 [ultranest] [DEBUG] Plateau detected at L=-1.135376e+02, not replacing live point.
11:15:49 [ultranest] [DEBUG] Plateau detected at L=-1.135376e+02, not replacing live point.
11:15:49 [ultranest] [DEBUG] Plateau detected at L=-1.135375e+02, not replacing live point.
11:15:49 [ultranest] [DEBUG] Plateau detected at L=-1.135375e+02, not replacing live point.
11:15:49 [ultranest] [DEBUG] Plateau detected at L=-1.135375e+02, not replacing live point.
11:15:49 [ultranest] [DEBUG] Plateau detected at L=-1.135375e+02, not replacing live point.
11:15:49 [ultranest] [DEBUG] Plateau detected at L=-1.135375e+02, not replacing live point.
11:15:49 [ultranest] [DEBUG] Plateau detected at L=-1.135375e+02, not replacing live point.
11:15:49 [ultranest] [DEBUG] Plateau detected at L=-1.135375e+02, not replacing live point.
11:15:49 [ultranest] [DEBUG] Plateau detected at L=-1.135375e+02, not replacing live point.
11:15:49 [ultranest] [DEBUG] Plateau detected at L=-1.135375e+02, not replacing live point.
11:15:49 [ultranest] [DEBUG] Plateau detected at L=-1.135375e+02, not replacing live point.
11:15:49 [ultranest] [DEBUG] Plateau detected at L=-1.135375e+02, not replacing live point.
11:15:49 [ultranest] [DEBUG] Plateau detected at L=-1.135375e+02, not replacing live point.
11:15:49 [ultranest] [DEBUG] Plateau detected at L=-1.135375e+02, not replacing live point.
11:15:49 [ultranest] [DEBUG] Plateau detected at L=-1.135375e+02, not replacing live point.
11:15:49 [ultranest] [DEBUG] Plateau detected at L=-1.135375e+02, not replacing live point.
11:15:49 [ultranest] [DEBUG] Plateau detected at L=-1.135375e+02, not replacing live point.
11:15:49 [ultranest] [DEBUG] Plateau detected at L=-1.135375e+02, not replacing live point.
11:15:49 [ultranest] [DEBUG] Plateau detected at L=-1.135375e+02, not replacing live point.
11:15:49 [ultranest] [DEBUG] Plateau detected at L=-1.135375e+02, not replacing live point.
11:15:49 [ultranest] [DEBUG] Plateau detected at L=-1.135375e+02, not replacing live point.
11:15:49 [ultranest] [DEBUG] Plateau detected at L=-1.135375e+02, not replacing live point.
11:15:49 [ultranest] [DEBUG] Plateau detected at L=-1.135375e+02, not replacing live point.
11:15:49 [ultranest] [DEBUG] Plateau detected at L=-1.135375e+02, not replacing live point.
11:15:49 [ultranest] [DEBUG] Plateau detected at L=-1.135375e+02, not replacing live point.
11:15:49 [ultranest] [DEBUG] Plateau detected at L=-1.135375e+02, not replacing live point.
11:15:49 [ultranest] [DEBUG] Plateau detected at L=-1.135375e+02, not replacing live point.
11:15:49 [ultranest] [DEBUG] Plateau detected at L=-1.135375e+02, not replacing live point.
11:15:49 [ultranest] [DEBUG] Plateau detected at L=-1.135375e+02, not replacing live point.
11:15:49 [ultranest] [DEBUG] Plateau detected at L=-1.135375e+02, not replacing live point.
11:15:49 [ultranest] [DEBUG] Plateau detected at L=-1.135375e+02, not replacing live point.
11:15:49 [ultranest] [DEBUG] Plateau detected at L=-1.135375e+02, not replacing live point.
11:15:49 [ultranest] [DEBUG] Plateau detected at L=-1.135375e+02, not replacing live point.
11:15:49 [ultranest] [DEBUG] Plateau detected at L=-1.135375e+02, not replacing live point.
11:15:49 [ultranest] [DEBUG] Plateau detected at L=-1.135375e+02, not replacing live point.
11:15:49 [ultranest] [DEBUG] Plateau detected at L=-1.135375e+02, not replacing live point.
11:15:49 [ultranest] [DEBUG] Plateau detected at L=-1.135375e+02, not replacing live point.
11:15:49 [ultranest] [DEBUG] Plateau detected at L=-1.135375e+02, not replacing live point.
11:15:49 [ultranest] [DEBUG] Plateau detected at L=-1.135375e+02, not replacing live point.
11:15:49 [ultranest] [DEBUG] Plateau detected at L=-1.135375e+02, not replacing live point.
11:15:49 [ultranest] [DEBUG] Plateau detected at L=-1.135375e+02, not replacing live point.
11:15:49 [ultranest] [DEBUG] Plateau detected at L=-1.135375e+02, not replacing live point.
11:15:49 [ultranest] [DEBUG] Plateau detected at L=-1.135375e+02, not replacing live point.
11:15:49 [ultranest] [DEBUG] Plateau detected at L=-1.135375e+02, not replacing live point.
11:15:49 [ultranest] [DEBUG] Plateau detected at L=-1.135375e+02, not replacing live point.
11:15:49 [ultranest] [DEBUG] Plateau detected at L=-1.135375e+02, not replacing live point.
11:15:49 [ultranest] [DEBUG] Plateau detected at L=-1.135375e+02, not replacing live point.
11:15:49 [ultranest] [DEBUG] Plateau detected at L=-1.135375e+02, not replacing live point.
11:15:49 [ultranest] [DEBUG] Plateau detected at L=-1.135375e+02, not replacing live point.
11:15:49 [ultranest] [DEBUG] Plateau detected at L=-1.135375e+02, not replacing live point.
11:15:49 [ultranest] [DEBUG] Plateau detected at L=-1.135375e+02, not replacing live point.
11:15:49 [ultranest] [DEBUG] Plateau detected at L=-1.135375e+02, not replacing live point.
11:15:49 [ultranest] [DEBUG] Plateau detected at L=-1.135375e+02, not replacing live point.
11:15:49 [ultranest] [DEBUG] Plateau detected at L=-1.135375e+02, not replacing live point.
11:15:49 [ultranest] [DEBUG] Plateau detected at L=-1.135375e+02, not replacing live point.
11:15:49 [ultranest] [DEBUG] Plateau detected at L=-1.135375e+02, not replacing live point.
11:15:49 [ultranest] [DEBUG] Plateau detected at L=-1.135375e+02, not replacing live point.
11:15:49 [ultranest] [DEBUG] Plateau detected at L=-1.135375e+02, not replacing live point.
11:15:49 [ultranest] [DEBUG] Plateau detected at L=-1.135375e+02, not replacing live point.
11:15:49 [ultranest] [DEBUG] Plateau detected at L=-1.135375e+02, not replacing live point.
11:15:49 [ultranest] [DEBUG] Plateau detected at L=-1.135375e+02, not replacing live point.
11:15:49 [ultranest] [DEBUG] Plateau detected at L=-1.135375e+02, not replacing live point.
11:15:49 [ultranest] [DEBUG] Plateau detected at L=-1.135375e+02, not replacing live point.
11:15:49 [ultranest] [DEBUG] Plateau detected at L=-1.135375e+02, not replacing live point.
11:15:49 [ultranest] [DEBUG] Plateau detected at L=-1.135375e+02, not replacing live point.
11:15:49 [ultranest] [DEBUG] Plateau detected at L=-1.135375e+02, not replacing live point.
11:15:49 [ultranest] [DEBUG] Plateau detected at L=-1.135375e+02, not replacing live point.
11:15:49 [ultranest] [DEBUG] Plateau detected at L=-1.135375e+02, not replacing live point.
11:15:49 [ultranest] [DEBUG] Plateau detected at L=-1.135375e+02, not replacing live point.
11:15:49 [ultranest] [DEBUG] Plateau detected at L=-1.135375e+02, not replacing live point.
11:15:49 [ultranest] [DEBUG] Plateau detected at L=-1.135375e+02, not replacing live point.
11:15:49 [ultranest] [DEBUG] Plateau detected at L=-1.135375e+02, not replacing live point.
11:15:49 [ultranest] [DEBUG] Plateau detected at L=-1.135375e+02, not replacing live point.
11:15:49 [ultranest] [DEBUG] Plateau detected at L=-1.135375e+02, not replacing live point.
11:15:49 [ultranest] [DEBUG] Plateau detected at L=-1.135375e+02, not replacing live point.
11:15:49 [ultranest] [DEBUG] Plateau detected at L=-1.135375e+02, not replacing live point.
11:15:49 [ultranest] [DEBUG] Plateau detected at L=-1.135375e+02, not replacing live point.
11:15:49 [ultranest] [DEBUG] Plateau detected at L=-1.135375e+02, not replacing live point.
11:15:49 [ultranest] [DEBUG] Plateau detected at L=-1.135375e+02, not replacing live point.
11:15:49 [ultranest] [DEBUG] Plateau detected at L=-1.135375e+02, not replacing live point.
11:15:49 [ultranest] [DEBUG] Plateau detected at L=-1.135375e+02, not replacing live point.
11:15:49 [ultranest] [DEBUG] Plateau detected at L=-1.135375e+02, not replacing live point.
11:15:49 [ultranest] [DEBUG] Plateau detected at L=-1.135375e+02, not replacing live point.
11:15:49 [ultranest] [DEBUG] Plateau detected at L=-1.135375e+02, not replacing live point.
11:15:49 [ultranest] [DEBUG] Plateau detected at L=-1.135375e+02, not replacing live point.
11:15:49 [ultranest] [DEBUG] Plateau detected at L=-1.135375e+02, not replacing live point.
11:15:49 [ultranest] [DEBUG] Plateau detected at L=-1.135375e+02, not replacing live point.
11:15:49 [ultranest] [DEBUG] Plateau detected at L=-1.135375e+02, not replacing live point.
11:15:49 [ultranest] [DEBUG] Plateau detected at L=-1.135375e+02, not replacing live point.
11:15:49 [ultranest] [DEBUG] Plateau detected at L=-1.135375e+02, not replacing live point.
11:15:49 [ultranest] [DEBUG] Plateau detected at L=-1.135375e+02, not replacing live point.
11:15:49 [ultranest] [DEBUG] Plateau detected at L=-1.135375e+02, not replacing live point.
11:15:49 [ultranest] [DEBUG] Plateau detected at L=-1.135375e+02, not replacing live point.
11:15:49 [ultranest] [DEBUG] Plateau detected at L=-1.135375e+02, not replacing live point.
11:15:49 [ultranest] [DEBUG] Plateau detected at L=-1.135375e+02, not replacing live point.
11:15:49 [ultranest] [DEBUG] Plateau detected at L=-1.135375e+02, not replacing live point.
11:15:49 [ultranest] [DEBUG] Plateau detected at L=-1.135375e+02, not replacing live point.
11:15:49 [ultranest] [DEBUG] Plateau detected at L=-1.135375e+02, not replacing live point.
11:15:49 [ultranest] [DEBUG] Plateau detected at L=-1.135375e+02, not replacing live point.
11:15:49 [ultranest] [DEBUG] Plateau detected at L=-1.135375e+02, not replacing live point.
11:15:49 [ultranest] [DEBUG] Plateau detected at L=-1.135375e+02, not replacing live point.
11:15:49 [ultranest] [DEBUG] Plateau detected at L=-1.135375e+02, not replacing live point.
11:15:49 [ultranest] [DEBUG] Plateau detected at L=-1.135375e+02, not replacing live point.
11:15:49 [ultranest] [DEBUG] Plateau detected at L=-1.135375e+02, not replacing live point.
11:15:49 [ultranest] [DEBUG] Plateau detected at L=-1.135375e+02, not replacing live point.
11:15:49 [ultranest] [DEBUG] Plateau detected at L=-1.135375e+02, not replacing live point.
11:15:49 [ultranest] [DEBUG] Plateau detected at L=-1.135375e+02, not replacing live point.
11:15:49 [ultranest] [DEBUG] Plateau detected at L=-1.135375e+02, not replacing live point.
11:15:49 [ultranest] [DEBUG] Plateau detected at L=-1.135375e+02, not replacing live point.
11:15:49 [ultranest] [DEBUG] Plateau detected at L=-1.135375e+02, not replacing live point.
11:15:49 [ultranest] [DEBUG] Plateau detected at L=-1.135375e+02, not replacing live point.
11:15:49 [ultranest] [DEBUG] Plateau detected at L=-1.135375e+02, not replacing live point.
11:15:49 [ultranest] [DEBUG] Plateau detected at L=-1.135375e+02, not replacing live point.
11:15:49 [ultranest] [DEBUG] Plateau detected at L=-1.135375e+02, not replacing live point.
11:15:49 [ultranest] [DEBUG] Plateau detected at L=-1.135375e+02, not replacing live point.
11:15:49 [ultranest] [DEBUG] Plateau detected at L=-1.135375e+02, not replacing live point.
11:15:49 [ultranest] [DEBUG] Plateau detected at L=-1.135375e+02, not replacing live point.
11:15:49 [ultranest] [DEBUG] Plateau detected at L=-1.135375e+02, not replacing live point.
11:15:49 [ultranest] [DEBUG] Plateau detected at L=-1.135375e+02, not replacing live point.
11:15:49 [ultranest] [DEBUG] Plateau detected at L=-1.135375e+02, not replacing live point.
11:15:49 [ultranest] [DEBUG] Plateau detected at L=-1.135375e+02, not replacing live point.
11:15:49 [ultranest] [DEBUG] Plateau detected at L=-1.135375e+02, not replacing live point.
11:15:49 [ultranest] [DEBUG] Plateau detected at L=-1.135375e+02, not replacing live point.
11:15:49 [ultranest] [DEBUG] Plateau detected at L=-1.135375e+02, not replacing live point.
11:15:49 [ultranest] [DEBUG] Plateau detected at L=-1.135375e+02, not replacing live point.
11:15:49 [ultranest] [DEBUG] Plateau detected at L=-1.135375e+02, not replacing live point.
11:15:49 [ultranest] [DEBUG] Plateau detected at L=-1.135375e+02, not replacing live point.
11:15:49 [ultranest] [DEBUG] Plateau detected at L=-1.135375e+02, not replacing live point.
11:15:49 [ultranest] [DEBUG] Plateau detected at L=-1.135375e+02, not replacing live point.
11:15:49 [ultranest] [DEBUG] Plateau detected at L=-1.135375e+02, not replacing live point.
11:15:49 [ultranest] [DEBUG] Plateau detected at L=-1.135375e+02, not replacing live point.
11:15:49 [ultranest] [DEBUG] Plateau detected at L=-1.135375e+02, not replacing live point.
11:15:49 [ultranest] [DEBUG] Plateau detected at L=-1.135375e+02, not replacing live point.
11:15:49 [ultranest] [DEBUG] Plateau detected at L=-1.135375e+02, not replacing live point.
11:15:49 [ultranest] [DEBUG] Plateau detected at L=-1.135375e+02, not replacing live point.
11:15:49 [ultranest] [DEBUG] Plateau detected at L=-1.135375e+02, not replacing live point.
11:15:49 [ultranest] [DEBUG] Plateau detected at L=-1.135375e+02, not replacing live point.
11:15:49 [ultranest] [DEBUG] Plateau detected at L=-1.135375e+02, not replacing live point.
11:15:49 [ultranest] [DEBUG] Plateau detected at L=-1.135375e+02, not replacing live point.
11:15:49 [ultranest] [DEBUG] Plateau detected at L=-1.135375e+02, not replacing live point.
11:15:49 [ultranest] [DEBUG] Plateau detected at L=-1.135375e+02, not replacing live point.
11:15:49 [ultranest] [DEBUG] Plateau detected at L=-1.135375e+02, not replacing live point.
11:15:49 [ultranest] [DEBUG] Plateau detected at L=-1.135375e+02, not replacing live point.
11:15:49 [ultranest] [DEBUG] Plateau detected at L=-1.135375e+02, not replacing live point.
11:15:49 [ultranest] [DEBUG] Plateau detected at L=-1.135375e+02, not replacing live point.
11:15:49 [ultranest] [DEBUG] Plateau detected at L=-1.135375e+02, not replacing live point.
11:15:49 [ultranest] [DEBUG] Plateau detected at L=-1.135375e+02, not replacing live point.
11:15:49 [ultranest] [DEBUG] Plateau detected at L=-1.135375e+02, not replacing live point.
11:15:49 [ultranest] [DEBUG] Plateau detected at L=-1.135375e+02, not replacing live point.
11:15:49 [ultranest] [DEBUG] Plateau detected at L=-1.135375e+02, not replacing live point.
11:15:49 [ultranest] [DEBUG] Plateau detected at L=-1.135375e+02, not replacing live point.
11:15:49 [ultranest] [DEBUG] Plateau detected at L=-1.135375e+02, not replacing live point.
11:15:49 [ultranest] [DEBUG] Plateau detected at L=-1.135375e+02, not replacing live point.
11:15:49 [ultranest] [DEBUG] Plateau detected at L=-1.135375e+02, not replacing live point.
11:15:49 [ultranest] [DEBUG] Plateau detected at L=-1.135375e+02, not replacing live point.
11:15:49 [ultranest] [DEBUG] Plateau detected at L=-1.135375e+02, not replacing live point.
11:15:49 [ultranest] [DEBUG] Plateau detected at L=-1.135375e+02, not replacing live point.
11:15:49 [ultranest] [DEBUG] Plateau detected at L=-1.135375e+02, not replacing live point.
11:15:49 [ultranest] [DEBUG] Plateau detected at L=-1.135375e+02, not replacing live point.
11:15:49 [ultranest] [DEBUG] Plateau detected at L=-1.135375e+02, not replacing live point.
11:15:49 [ultranest] [DEBUG] Plateau detected at L=-1.135375e+02, not replacing live point.
11:15:49 [ultranest] [DEBUG] Plateau detected at L=-1.135375e+02, not replacing live point.
11:15:49 [ultranest] [DEBUG] Plateau detected at L=-1.135375e+02, not replacing live point.
11:15:49 [ultranest] [DEBUG] Plateau detected at L=-1.135375e+02, not replacing live point.
11:15:49 [ultranest] [DEBUG] Plateau detected at L=-1.135375e+02, not replacing live point.
11:15:49 [ultranest] [DEBUG] Plateau detected at L=-1.135375e+02, not replacing live point.
11:15:49 [ultranest] [DEBUG] Plateau detected at L=-1.135375e+02, not replacing live point.
11:15:49 [ultranest] [DEBUG] Plateau detected at L=-1.135375e+02, not replacing live point.
11:15:49 [ultranest] [DEBUG] Plateau detected at L=-1.135375e+02, not replacing live point.
11:15:49 [ultranest] [DEBUG] Plateau detected at L=-1.135375e+02, not replacing live point.
11:15:49 [ultranest] [DEBUG] Plateau detected at L=-1.135375e+02, not replacing live point.
11:15:49 [ultranest] [DEBUG] Plateau detected at L=-1.135375e+02, not replacing live point.
11:15:49 [ultranest] [DEBUG] Plateau detected at L=-1.135375e+02, not replacing live point.
11:15:49 [ultranest] [DEBUG] Plateau detected at L=-1.135375e+02, not replacing live point.
11:15:49 [ultranest] [DEBUG] Plateau detected at L=-1.135375e+02, not replacing live point.
11:15:49 [ultranest] [DEBUG] Plateau detected at L=-1.135375e+02, not replacing live point.
11:15:49 [ultranest] [DEBUG] Plateau detected at L=-1.135375e+02, not replacing live point.
11:15:49 [ultranest] [DEBUG] Plateau detected at L=-1.135375e+02, not replacing live point.
11:15:49 [ultranest] [DEBUG] Plateau detected at L=-1.135375e+02, not replacing live point.
11:15:49 [ultranest] [DEBUG] Plateau detected at L=-1.135375e+02, not replacing live point.
11:15:49 [ultranest] [DEBUG] Plateau detected at L=-1.135375e+02, not replacing live point.
11:15:49 [ultranest] [DEBUG] Plateau detected at L=-1.135375e+02, not replacing live point.
11:15:49 [ultranest] [DEBUG] Plateau detected at L=-1.135375e+02, not replacing live point.
11:15:49 [ultranest] [DEBUG] Plateau detected at L=-1.135375e+02, not replacing live point.
11:15:49 [ultranest] [DEBUG] Plateau detected at L=-1.135375e+02, not replacing live point.
11:15:49 [ultranest] [DEBUG] Plateau detected at L=-1.135375e+02, not replacing live point.
11:15:49 [ultranest] [DEBUG] Plateau detected at L=-1.135375e+02, not replacing live point.
11:15:49 [ultranest] [DEBUG] Plateau detected at L=-1.135375e+02, not replacing live point.
11:15:49 [ultranest] [DEBUG] Plateau detected at L=-1.135375e+02, not replacing live point.
11:15:49 [ultranest] [DEBUG] Plateau detected at L=-1.135375e+02, not replacing live point.
11:15:49 [ultranest] [DEBUG] Plateau detected at L=-1.135375e+02, not replacing live point.
11:15:49 [ultranest] [DEBUG] Plateau detected at L=-1.135375e+02, not replacing live point.
11:15:49 [ultranest] [DEBUG] Plateau detected at L=-1.135375e+02, not replacing live point.
11:15:49 [ultranest] [DEBUG] Plateau detected at L=-1.135375e+02, not replacing live point.
11:15:49 [ultranest] [DEBUG] Plateau detected at L=-1.135375e+02, not replacing live point.
11:15:49 [ultranest] [DEBUG] Plateau detected at L=-1.135375e+02, not replacing live point.
11:15:49 [ultranest] [DEBUG] Plateau detected at L=-1.135375e+02, not replacing live point.
11:15:49 [ultranest] [DEBUG] Plateau detected at L=-1.135375e+02, not replacing live point.
11:15:49 [ultranest] [DEBUG] Plateau detected at L=-1.135375e+02, not replacing live point.
11:15:49 [ultranest] [DEBUG] Plateau detected at L=-1.135375e+02, not replacing live point.
11:15:49 [ultranest] [DEBUG] Plateau detected at L=-1.135375e+02, not replacing live point.
11:15:49 [ultranest] [DEBUG] Plateau detected at L=-1.135375e+02, not replacing live point.
11:15:49 [ultranest] [DEBUG] Plateau detected at L=-1.135375e+02, not replacing live point.
11:15:49 [ultranest] [DEBUG] Plateau detected at L=-1.135375e+02, not replacing live point.
11:15:49 [ultranest] [DEBUG] Plateau detected at L=-1.135375e+02, not replacing live point.
11:15:49 [ultranest] [DEBUG] Plateau detected at L=-1.135375e+02, not replacing live point.
11:15:49 [ultranest] [DEBUG] Plateau detected at L=-1.135375e+02, not replacing live point.
11:15:49 [ultranest] [DEBUG] Plateau detected at L=-1.135375e+02, not replacing live point.
11:15:49 [ultranest] [DEBUG] Plateau detected at L=-1.135375e+02, not replacing live point.
11:15:49 [ultranest] [DEBUG] Plateau detected at L=-1.135375e+02, not replacing live point.
11:15:49 [ultranest] [DEBUG] Plateau detected at L=-1.135375e+02, not replacing live point.
11:15:49 [ultranest] [DEBUG] Plateau detected at L=-1.135375e+02, not replacing live point.
11:15:49 [ultranest] [DEBUG] Plateau detected at L=-1.135375e+02, not replacing live point.
11:15:49 [ultranest] [DEBUG] Plateau detected at L=-1.135375e+02, not replacing live point.
11:15:49 [ultranest] [DEBUG] Plateau detected at L=-1.135375e+02, not replacing live point.
11:15:49 [ultranest] [DEBUG] Plateau detected at L=-1.135375e+02, not replacing live point.
11:15:49 [ultranest] [DEBUG] Plateau detected at L=-1.135375e+02, not replacing live point.
11:15:49 [ultranest] [DEBUG] Plateau detected at L=-1.135375e+02, not replacing live point.
11:15:49 [ultranest] [DEBUG] Plateau detected at L=-1.135375e+02, not replacing live point.
11:15:49 [ultranest] [DEBUG] Plateau detected at L=-1.135375e+02, not replacing live point.
11:15:49 [ultranest] [DEBUG] Plateau detected at L=-1.135375e+02, not replacing live point.
11:15:49 [ultranest] [DEBUG] Plateau detected at L=-1.135375e+02, not replacing live point.
11:15:49 [ultranest] [DEBUG] Plateau detected at L=-1.135375e+02, not replacing live point.
11:15:49 [ultranest] [DEBUG] Plateau detected at L=-1.135375e+02, not replacing live point.
11:15:49 [ultranest] [DEBUG] Plateau detected at L=-1.135375e+02, not replacing live point.
11:15:49 [ultranest] [DEBUG] Plateau detected at L=-1.135375e+02, not replacing live point.
11:15:49 [ultranest] [DEBUG] Plateau detected at L=-1.135375e+02, not replacing live point.
11:15:49 [ultranest] [DEBUG] Plateau detected at L=-1.135375e+02, not replacing live point.
11:15:49 [ultranest] [DEBUG] Plateau detected at L=-1.135375e+02, not replacing live point.
11:15:49 [ultranest] [DEBUG] Plateau detected at L=-1.135375e+02, not replacing live point.
11:15:49 [ultranest] [DEBUG] Plateau detected at L=-1.135375e+02, not replacing live point.
11:15:49 [ultranest] [DEBUG] Plateau detected at L=-1.135375e+02, not replacing live point.
11:15:49 [ultranest] [DEBUG] Plateau detected at L=-1.135375e+02, not replacing live point.
11:15:49 [ultranest] [DEBUG] Plateau detected at L=-1.135375e+02, not replacing live point.
11:15:49 [ultranest] [DEBUG] Plateau detected at L=-1.135375e+02, not replacing live point.
11:15:49 [ultranest] [DEBUG] Plateau detected at L=-1.135375e+02, not replacing live point.
11:15:49 [ultranest] [DEBUG] Plateau detected at L=-1.135375e+02, not replacing live point.
11:15:49 [ultranest] [DEBUG] Plateau detected at L=-1.135375e+02, not replacing live point.
11:15:49 [ultranest] [DEBUG] Plateau detected at L=-1.135375e+02, not replacing live point.
11:15:49 [ultranest] [DEBUG] Plateau detected at L=-1.135375e+02, not replacing live point.
11:15:49 [ultranest] [DEBUG] Plateau detected at L=-1.135375e+02, not replacing live point.
11:15:49 [ultranest] [DEBUG] Plateau detected at L=-1.135375e+02, not replacing live point.
11:15:49 [ultranest] [DEBUG] Plateau detected at L=-1.135375e+02, not replacing live point.
11:15:49 [ultranest] [DEBUG] Plateau detected at L=-1.135375e+02, not replacing live point.
11:15:49 [ultranest] [DEBUG] Plateau detected at L=-1.135375e+02, not replacing live point.
11:15:49 [ultranest] [DEBUG] Plateau detected at L=-1.135375e+02, not replacing live point.
11:15:49 [ultranest] [DEBUG] Plateau detected at L=-1.135375e+02, not replacing live point.
11:15:49 [ultranest] [DEBUG] Plateau detected at L=-1.135375e+02, not replacing live point.
11:15:49 [ultranest] [DEBUG] Plateau detected at L=-1.135375e+02, not replacing live point.
11:15:49 [ultranest] [DEBUG] Plateau detected at L=-1.135375e+02, not replacing live point.
11:15:49 [ultranest] [DEBUG] Plateau detected at L=-1.135375e+02, not replacing live point.
11:15:49 [ultranest] [DEBUG] Plateau detected at L=-1.135375e+02, not replacing live point.
11:15:49 [ultranest] [DEBUG] Plateau detected at L=-1.135375e+02, not replacing live point.
11:15:49 [ultranest] [DEBUG] Plateau detected at L=-1.135375e+02, not replacing live point.
11:15:49 [ultranest] [DEBUG] Plateau detected at L=-1.135375e+02, not replacing live point.
11:15:49 [ultranest] [DEBUG] Plateau detected at L=-1.135375e+02, not replacing live point.
11:15:49 [ultranest] [DEBUG] Plateau detected at L=-1.135375e+02, not replacing live point.
11:15:49 [ultranest] [DEBUG] Plateau detected at L=-1.135375e+02, not replacing live point.
11:15:49 [ultranest] [DEBUG] Plateau detected at L=-1.135375e+02, not replacing live point.
11:15:49 [ultranest] [DEBUG] Plateau detected at L=-1.135375e+02, not replacing live point.
11:15:49 [ultranest] [DEBUG] Plateau detected at L=-1.135375e+02, not replacing live point.
11:15:49 [ultranest] [DEBUG] Plateau detected at L=-1.135375e+02, not replacing live point.
11:15:49 [ultranest] [DEBUG] Plateau detected at L=-1.135375e+02, not replacing live point.
11:15:49 [ultranest] [DEBUG] Plateau detected at L=-1.135375e+02, not replacing live point.
11:15:49 [ultranest] [DEBUG] Plateau detected at L=-1.135375e+02, not replacing live point.
11:15:49 [ultranest] [DEBUG] Plateau detected at L=-1.135375e+02, not replacing live point.
11:15:49 [ultranest] [DEBUG] Plateau detected at L=-1.135375e+02, not replacing live point.
11:15:49 [ultranest] [DEBUG] Plateau detected at L=-1.135375e+02, not replacing live point.
11:15:49 [ultranest] [DEBUG] Plateau detected at L=-1.135375e+02, not replacing live point.
11:15:49 [ultranest] [DEBUG] Plateau detected at L=-1.135375e+02, not replacing live point.
11:15:49 [ultranest] [DEBUG] Plateau detected at L=-1.135375e+02, not replacing live point.
11:15:49 [ultranest] [DEBUG] Plateau detected at L=-1.135375e+02, not replacing live point.
11:15:49 [ultranest] [DEBUG] Plateau detected at L=-1.135375e+02, not replacing live point.
11:15:49 [ultranest] [DEBUG] Plateau detected at L=-1.135375e+02, not replacing live point.
11:15:49 [ultranest] [DEBUG] Plateau detected at L=-1.135375e+02, not replacing live point.
11:15:49 [ultranest] [DEBUG] Plateau detected at L=-1.135375e+02, not replacing live point.
11:15:49 [ultranest] [DEBUG] Plateau detected at L=-1.135375e+02, not replacing live point.
11:15:49 [ultranest] [DEBUG] Plateau detected at L=-1.135375e+02, not replacing live point.
11:15:49 [ultranest] [DEBUG] Plateau detected at L=-1.135375e+02, not replacing live point.
11:15:49 [ultranest] [DEBUG] Plateau detected at L=-1.135375e+02, not replacing live point.
11:15:49 [ultranest] [DEBUG] Plateau detected at L=-1.135375e+02, not replacing live point.
11:15:49 [ultranest] [DEBUG] Plateau detected at L=-1.135375e+02, not replacing live point.
11:15:49 [ultranest] [DEBUG] Plateau detected at L=-1.135375e+02, not replacing live point.
11:15:49 [ultranest] [DEBUG] Plateau detected at L=-1.135375e+02, not replacing live point.
11:15:49 [ultranest] [DEBUG] Plateau detected at L=-1.135375e+02, not replacing live point.
11:15:49 [ultranest] [DEBUG] Plateau detected at L=-1.135375e+02, not replacing live point.
11:15:49 [ultranest] [DEBUG] Plateau detected at L=-1.135375e+02, not replacing live point.
11:15:49 [ultranest] [DEBUG] Plateau detected at L=-1.135375e+02, not replacing live point.
11:15:49 [ultranest] [DEBUG] Plateau detected at L=-1.135375e+02, not replacing live point.
11:15:49 [ultranest] [DEBUG] Plateau detected at L=-1.135375e+02, not replacing live point.
11:15:49 [ultranest] [DEBUG] Plateau detected at L=-1.135375e+02, not replacing live point.
11:15:49 [ultranest] [DEBUG] Plateau detected at L=-1.135375e+02, not replacing live point.
11:15:49 [ultranest] [DEBUG] Plateau detected at L=-1.135375e+02, not replacing live point.
11:15:49 [ultranest] [DEBUG] Plateau detected at L=-1.135375e+02, not replacing live point.
11:15:49 [ultranest] [DEBUG] Plateau detected at L=-1.135375e+02, not replacing live point.
11:15:49 [ultranest] [DEBUG] Plateau detected at L=-1.135375e+02, not replacing live point.
11:15:49 [ultranest] [DEBUG] Plateau detected at L=-1.135375e+02, not replacing live point.
11:15:49 [ultranest] [DEBUG] Plateau detected at L=-1.135375e+02, not replacing live point.
11:15:49 [ultranest] [DEBUG] Plateau detected at L=-1.135375e+02, not replacing live point.
11:15:49 [ultranest] [DEBUG] Plateau detected at L=-1.135375e+02, not replacing live point.
11:15:49 [ultranest] [DEBUG] Plateau detected at L=-1.135375e+02, not replacing live point.
11:15:49 [ultranest] [DEBUG] Plateau detected at L=-1.135375e+02, not replacing live point.
11:15:49 [ultranest] [DEBUG] Plateau detected at L=-1.135375e+02, not replacing live point.
11:15:49 [ultranest] [DEBUG] Plateau detected at L=-1.135375e+02, not replacing live point.
11:15:49 [ultranest] [DEBUG] Plateau detected at L=-1.135375e+02, not replacing live point.
11:15:49 [ultranest] [DEBUG] Plateau detected at L=-1.135375e+02, not replacing live point.
11:15:49 [ultranest] [DEBUG] Plateau detected at L=-1.135375e+02, not replacing live point.
11:15:49 [ultranest] [DEBUG] Plateau detected at L=-1.135375e+02, not replacing live point.
11:15:49 [ultranest] [DEBUG] Plateau detected at L=-1.135375e+02, not replacing live point.
11:15:49 [ultranest] [DEBUG] Plateau detected at L=-1.135375e+02, not replacing live point.
11:15:49 [ultranest] [DEBUG] Plateau detected at L=-1.135375e+02, not replacing live point.
11:15:49 [ultranest] [DEBUG] Plateau detected at L=-1.135375e+02, not replacing live point.
11:15:49 [ultranest] [DEBUG] Plateau detected at L=-1.135375e+02, not replacing live point.
11:15:49 [ultranest] [DEBUG] Plateau detected at L=-1.135375e+02, not replacing live point.
11:15:49 [ultranest] [DEBUG] Plateau detected at L=-1.135375e+02, not replacing live point.
11:15:49 [ultranest] [DEBUG] Plateau detected at L=-1.135375e+02, not replacing live point.
11:15:49 [ultranest] [DEBUG] Plateau detected at L=-1.135375e+02, not replacing live point.
11:15:49 [ultranest] [DEBUG] Plateau detected at L=-1.135375e+02, not replacing live point.
11:15:49 [ultranest] [DEBUG] Plateau detected at L=-1.135375e+02, not replacing live point.
11:15:49 [ultranest] [DEBUG] Plateau detected at L=-1.135375e+02, not replacing live point.
11:15:49 [ultranest] [DEBUG] Plateau detected at L=-1.135375e+02, not replacing live point.
11:15:49 [ultranest] [DEBUG] Plateau detected at L=-1.135375e+02, not replacing live point.
11:15:49 [ultranest] [DEBUG] Plateau detected at L=-1.135375e+02, not replacing live point.
11:15:49 [ultranest] [DEBUG] Plateau detected at L=-1.135375e+02, not replacing live point.
11:15:49 [ultranest] [DEBUG] Plateau detected at L=-1.135375e+02, not replacing live point.
11:15:49 [ultranest] [DEBUG] Plateau detected at L=-1.135375e+02, not replacing live point.
11:15:49 [ultranest] [DEBUG] Plateau detected at L=-1.135375e+02, not replacing live point.
11:15:49 [ultranest] [DEBUG] Plateau detected at L=-1.135375e+02, not replacing live point.
11:15:49 [ultranest] [DEBUG] Plateau detected at L=-1.135375e+02, not replacing live point.
11:15:49 [ultranest] [DEBUG] Plateau detected at L=-1.135375e+02, not replacing live point.
11:15:49 [ultranest] [DEBUG] Plateau detected at L=-1.135375e+02, not replacing live point.
11:15:49 [ultranest] [DEBUG] Plateau detected at L=-1.135375e+02, not replacing live point.
11:15:49 [ultranest] [DEBUG] Plateau detected at L=-1.135375e+02, not replacing live point.
11:15:49 [ultranest] [DEBUG] Plateau detected at L=-1.135375e+02, not replacing live point.
11:15:49 [ultranest] [DEBUG] Plateau detected at L=-1.135375e+02, not replacing live point.
11:15:49 [ultranest] [DEBUG] Plateau detected at L=-1.135375e+02, not replacing live point.
11:15:49 [ultranest] [DEBUG] Plateau detected at L=-1.135375e+02, not replacing live point.
11:15:49 [ultranest] [DEBUG] Plateau detected at L=-1.135375e+02, not replacing live point.
11:15:49 [ultranest] [DEBUG] Plateau detected at L=-1.135375e+02, not replacing live point.
11:15:49 [ultranest] [DEBUG] Plateau detected at L=-1.135375e+02, not replacing live point.
11:15:49 [ultranest] [DEBUG] Plateau detected at L=-1.135375e+02, not replacing live point.
11:15:49 [ultranest] [DEBUG] Plateau detected at L=-1.135375e+02, not replacing live point.
11:15:49 [ultranest] [DEBUG] Plateau detected at L=-1.135375e+02, not replacing live point.
11:15:49 [ultranest] [DEBUG] Plateau detected at L=-1.135375e+02, not replacing live point.
11:15:49 [ultranest] [DEBUG] Plateau detected at L=-1.135375e+02, not replacing live point.
11:15:49 [ultranest] [DEBUG] Plateau detected at L=-1.135375e+02, not replacing live point.
11:15:49 [ultranest] [DEBUG] Plateau detected at L=-1.135375e+02, not replacing live point.
11:15:49 [ultranest] [DEBUG] Plateau detected at L=-1.135375e+02, not replacing live point.
11:15:49 [ultranest] [DEBUG] Plateau detected at L=-1.135375e+02, not replacing live point.
11:15:49 [ultranest] [DEBUG] Plateau detected at L=-1.135375e+02, not replacing live point.
11:15:49 [ultranest] [DEBUG] Plateau detected at L=-1.135375e+02, not replacing live point.
11:15:49 [ultranest] [DEBUG] Plateau detected at L=-1.135375e+02, not replacing live point.
11:15:49 [ultranest] [DEBUG] Plateau detected at L=-1.135375e+02, not replacing live point.
11:15:49 [ultranest] [DEBUG] Plateau detected at L=-1.135375e+02, not replacing live point.
11:15:49 [ultranest] [DEBUG] Plateau detected at L=-1.135375e+02, not replacing live point.
11:15:49 [ultranest] [DEBUG] Plateau detected at L=-1.135375e+02, not replacing live point.
11:15:49 [ultranest] [DEBUG] Plateau detected at L=-1.135375e+02, not replacing live point.
11:15:49 [ultranest] [DEBUG] Plateau detected at L=-1.135375e+02, not replacing live point.
11:15:49 [ultranest] [DEBUG] Plateau detected at L=-1.135375e+02, not replacing live point.
11:15:49 [ultranest] [DEBUG] Plateau detected at L=-1.135375e+02, not replacing live point.
11:15:49 [ultranest] [DEBUG] Plateau detected at L=-1.135375e+02, not replacing live point.
11:15:49 [ultranest] [DEBUG] Plateau detected at L=-1.135375e+02, not replacing live point.
11:15:49 [ultranest] [DEBUG] Plateau detected at L=-1.135375e+02, not replacing live point.
11:15:49 [ultranest] [DEBUG] Plateau detected at L=-1.135375e+02, not replacing live point.
11:15:49 [ultranest] [DEBUG] Plateau detected at L=-1.135375e+02, not replacing live point.
11:15:49 [ultranest] [DEBUG] Plateau detected at L=-1.135375e+02, not replacing live point.
11:15:49 [ultranest] [DEBUG] Plateau detected at L=-1.135375e+02, not replacing live point.
11:15:49 [ultranest] [DEBUG] Plateau detected at L=-1.135375e+02, not replacing live point.
11:15:49 [ultranest] [DEBUG] Plateau detected at L=-1.135375e+02, not replacing live point.
11:15:49 [ultranest] [DEBUG] Plateau detected at L=-1.135375e+02, not replacing live point.
11:15:49 [ultranest] [DEBUG] Plateau detected at L=-1.135375e+02, not replacing live point.
11:15:49 [ultranest] [DEBUG] Plateau detected at L=-1.135375e+02, not replacing live point.
11:15:49 [ultranest] [DEBUG] Plateau detected at L=-1.135375e+02, not replacing live point.
11:15:49 [ultranest] [DEBUG] Plateau detected at L=-1.135375e+02, not replacing live point.
11:15:49 [ultranest] [DEBUG] Plateau detected at L=-1.135375e+02, not replacing live point.
11:15:49 [ultranest] [DEBUG] Plateau detected at L=-1.135375e+02, not replacing live point.
11:15:49 [ultranest] [DEBUG] Plateau detected at L=-1.135375e+02, not replacing live point.
11:15:49 [ultranest] [DEBUG] Plateau detected at L=-1.135375e+02, not replacing live point.
11:15:49 [ultranest] [DEBUG] Plateau detected at L=-1.135375e+02, not replacing live point.
11:15:49 [ultranest] [DEBUG] Plateau detected at L=-1.135375e+02, not replacing live point.
11:15:49 [ultranest] [DEBUG] Plateau detected at L=-1.135375e+02, not replacing live point.
11:15:49 [ultranest] [DEBUG] Plateau detected at L=-1.135375e+02, not replacing live point.
11:15:49 [ultranest] [DEBUG] Plateau detected at L=-1.135375e+02, not replacing live point.
11:15:49 [ultranest] [DEBUG] Plateau detected at L=-1.135375e+02, not replacing live point.
11:15:49 [ultranest] [DEBUG] Plateau detected at L=-1.135375e+02, not replacing live point.
11:15:49 [ultranest] [DEBUG] Plateau detected at L=-1.135375e+02, not replacing live point.
11:15:49 [ultranest] [DEBUG] Plateau detected at L=-1.135375e+02, not replacing live point.
11:15:49 [ultranest] [DEBUG] Plateau detected at L=-1.135375e+02, not replacing live point.
11:15:49 [ultranest] [DEBUG] Plateau detected at L=-1.135375e+02, not replacing live point.
11:15:49 [ultranest] [DEBUG] Plateau detected at L=-1.135375e+02, not replacing live point.
11:15:49 [ultranest] [DEBUG] Plateau detected at L=-1.135375e+02, not replacing live point.
11:15:49 [ultranest] [DEBUG] Plateau detected at L=-1.135375e+02, not replacing live point.
11:15:49 [ultranest] [DEBUG] Plateau detected at L=-1.135375e+02, not replacing live point.
11:15:49 [ultranest] [DEBUG] Plateau detected at L=-1.135375e+02, not replacing live point.
11:15:49 [ultranest] [DEBUG] Plateau detected at L=-1.135375e+02, not replacing live point.
11:15:49 [ultranest] [DEBUG] Plateau detected at L=-1.135375e+02, not replacing live point.
11:15:49 [ultranest] [DEBUG] Plateau detected at L=-1.135375e+02, not replacing live point.
11:15:49 [ultranest] [DEBUG] Plateau detected at L=-1.135375e+02, not replacing live point.
11:15:49 [ultranest] [DEBUG] Plateau detected at L=-1.135375e+02, not replacing live point.
11:15:49 [ultranest] [DEBUG] Plateau detected at L=-1.135375e+02, not replacing live point.
11:15:49 [ultranest] [DEBUG] Plateau detected at L=-1.135375e+02, not replacing live point.
11:15:49 [ultranest] [DEBUG] Plateau detected at L=-1.135375e+02, not replacing live point.
11:15:49 [ultranest] [DEBUG] Plateau detected at L=-1.135375e+02, not replacing live point.
11:15:49 [ultranest] [DEBUG] Plateau detected at L=-1.135375e+02, not replacing live point.
11:15:49 [ultranest] [DEBUG] Plateau detected at L=-1.135375e+02, not replacing live point.
11:15:49 [ultranest] [DEBUG] Plateau detected at L=-1.135375e+02, not replacing live point.
11:15:49 [ultranest] [DEBUG] Plateau detected at L=-1.135375e+02, not replacing live point.
11:15:49 [ultranest] [DEBUG] Plateau detected at L=-1.135375e+02, not replacing live point.
11:15:49 [ultranest] [DEBUG] Plateau detected at L=-1.135375e+02, not replacing live point.
11:15:49 [ultranest] [DEBUG] Plateau detected at L=-1.135375e+02, not replacing live point.
11:15:49 [ultranest] [DEBUG] Plateau detected at L=-1.135375e+02, not replacing live point.
11:15:49 [ultranest] [DEBUG] Plateau detected at L=-1.135375e+02, not replacing live point.
11:15:49 [ultranest] [DEBUG] Plateau detected at L=-1.135375e+02, not replacing live point.
11:15:49 [ultranest] [DEBUG] Plateau detected at L=-1.135375e+02, not replacing live point.
11:15:49 [ultranest] [DEBUG] Plateau detected at L=-1.135375e+02, not replacing live point.
11:15:49 [ultranest] [DEBUG] Plateau detected at L=-1.135375e+02, not replacing live point.
11:15:49 [ultranest] [DEBUG] Plateau detected at L=-1.135375e+02, not replacing live point.
11:15:49 [ultranest] [DEBUG] Plateau detected at L=-1.135375e+02, not replacing live point.
11:15:49 [ultranest] [DEBUG] Plateau detected at L=-1.135375e+02, not replacing live point.
11:15:49 [ultranest] [DEBUG] Plateau detected at L=-1.135375e+02, not replacing live point.
11:15:49 [ultranest] [DEBUG] Plateau detected at L=-1.135375e+02, not replacing live point.
11:15:49 [ultranest] [DEBUG] Plateau detected at L=-1.135375e+02, not replacing live point.
11:15:49 [ultranest] [DEBUG] Plateau detected at L=-1.135375e+02, not replacing live point.
11:15:49 [ultranest] [DEBUG] Plateau detected at L=-1.135375e+02, not replacing live point.
11:15:49 [ultranest] [DEBUG] Plateau detected at L=-1.135375e+02, not replacing live point.
11:15:49 [ultranest] [DEBUG] Plateau detected at L=-1.135375e+02, not replacing live point.
11:15:49 [ultranest] [DEBUG] Plateau detected at L=-1.135375e+02, not replacing live point.
11:15:49 [ultranest] [DEBUG] Plateau detected at L=-1.135375e+02, not replacing live point.
11:15:49 [ultranest] [DEBUG] Plateau detected at L=-1.135375e+02, not replacing live point.
11:15:49 [ultranest] [DEBUG] Plateau detected at L=-1.135375e+02, not replacing live point.
11:15:49 [ultranest] [DEBUG] Plateau detected at L=-1.135375e+02, not replacing live point.
11:15:49 [ultranest] [DEBUG] Plateau detected at L=-1.135375e+02, not replacing live point.
11:15:49 [ultranest] [DEBUG] Plateau detected at L=-1.135375e+02, not replacing live point.
11:15:49 [ultranest] [DEBUG] Plateau detected at L=-1.135375e+02, not replacing live point.
11:15:49 [ultranest] [DEBUG] Plateau detected at L=-1.135375e+02, not replacing live point.
11:15:49 [ultranest] [DEBUG] Plateau detected at L=-1.135375e+02, not replacing live point.
11:15:49 [ultranest] [DEBUG] Plateau detected at L=-1.135375e+02, not replacing live point.
11:15:49 [ultranest] [DEBUG] Plateau detected at L=-1.135375e+02, not replacing live point.
11:15:49 [ultranest] [DEBUG] Plateau detected at L=-1.135375e+02, not replacing live point.
11:15:49 [ultranest] [DEBUG] Plateau detected at L=-1.135375e+02, not replacing live point.
11:15:49 [ultranest] [DEBUG] Plateau detected at L=-1.135375e+02, not replacing live point.
11:15:49 [ultranest] [DEBUG] Plateau detected at L=-1.135375e+02, not replacing live point.
11:15:49 [ultranest] [DEBUG] Plateau detected at L=-1.135375e+02, not replacing live point.
11:15:49 [ultranest] [DEBUG] Plateau detected at L=-1.135375e+02, not replacing live point.
11:15:49 [ultranest] [DEBUG] Plateau detected at L=-1.135375e+02, not replacing live point.
11:15:49 [ultranest] [DEBUG] Plateau detected at L=-1.135375e+02, not replacing live point.
11:15:49 [ultranest] [DEBUG] Plateau detected at L=-1.135375e+02, not replacing live point.
11:15:49 [ultranest] [DEBUG] Plateau detected at L=-1.135375e+02, not replacing live point.
11:15:49 [ultranest] [DEBUG] Plateau detected at L=-1.135375e+02, not replacing live point.
11:15:49 [ultranest] [DEBUG] Plateau detected at L=-1.135375e+02, not replacing live point.
11:15:49 [ultranest] [DEBUG] Plateau detected at L=-1.135375e+02, not replacing live point.
11:15:49 [ultranest] [DEBUG] Plateau detected at L=-1.135375e+02, not replacing live point.
11:15:49 [ultranest] [DEBUG] Plateau detected at L=-1.135375e+02, not replacing live point.
11:15:49 [ultranest] [DEBUG] Plateau detected at L=-1.135375e+02, not replacing live point.
11:15:49 [ultranest] [DEBUG] Plateau detected at L=-1.135375e+02, not replacing live point.
11:15:49 [ultranest] [DEBUG] Plateau detected at L=-1.135375e+02, not replacing live point.
11:15:49 [ultranest] [DEBUG] Plateau detected at L=-1.135375e+02, not replacing live point.
11:15:49 [ultranest] [DEBUG] Plateau detected at L=-1.135375e+02, not replacing live point.
11:15:49 [ultranest] [DEBUG] Plateau detected at L=-1.135375e+02, not replacing live point.
11:15:49 [ultranest] [DEBUG] Plateau detected at L=-1.135375e+02, not replacing live point.
11:15:49 [ultranest] [DEBUG] Plateau detected at L=-1.135375e+02, not replacing live point.
11:15:49 [ultranest] [DEBUG] Plateau detected at L=-1.135375e+02, not replacing live point.
11:15:49 [ultranest] [DEBUG] Plateau detected at L=-1.135375e+02, not replacing live point.
11:15:49 [ultranest] [DEBUG] Plateau detected at L=-1.135375e+02, not replacing live point.
11:15:49 [ultranest] [DEBUG] Plateau detected at L=-1.135375e+02, not replacing live point.
11:15:49 [ultranest] [DEBUG] Plateau detected at L=-1.135375e+02, not replacing live point.
11:15:49 [ultranest] [DEBUG] Plateau detected at L=-1.135375e+02, not replacing live point.
11:15:49 [ultranest] [DEBUG] Plateau detected at L=-1.135375e+02, not replacing live point.
11:15:49 [ultranest] [DEBUG] Plateau detected at L=-1.135375e+02, not replacing live point.
11:15:49 [ultranest] [DEBUG] Plateau detected at L=-1.135375e+02, not replacing live point.
11:15:49 [ultranest] [DEBUG] Plateau detected at L=-1.135375e+02, not replacing live point.
11:15:49 [ultranest] [DEBUG] Plateau detected at L=-1.135375e+02, not replacing live point.
11:15:49 [ultranest] [DEBUG] Plateau detected at L=-1.135375e+02, not replacing live point.
11:15:49 [ultranest] [DEBUG] Plateau detected at L=-1.135375e+02, not replacing live point.
11:15:49 [ultranest] [DEBUG] Plateau detected at L=-1.135375e+02, not replacing live point.
11:15:49 [ultranest] [DEBUG] Plateau detected at L=-1.135375e+02, not replacing live point.
11:15:49 [ultranest] [DEBUG] Plateau detected at L=-1.135375e+02, not replacing live point.
11:15:49 [ultranest] [DEBUG] Plateau detected at L=-1.135375e+02, not replacing live point.
11:15:49 [ultranest] [DEBUG] Plateau detected at L=-1.135375e+02, not replacing live point.
11:15:49 [ultranest] [DEBUG] Plateau detected at L=-1.135375e+02, not replacing live point.
11:15:49 [ultranest] [DEBUG] Plateau detected at L=-1.135375e+02, not replacing live point.
11:15:49 [ultranest] [DEBUG] Plateau detected at L=-1.135375e+02, not replacing live point.
11:15:49 [ultranest] [DEBUG] Plateau detected at L=-1.135375e+02, not replacing live point.
11:15:49 [ultranest] [DEBUG] Plateau detected at L=-1.135375e+02, not replacing live point.
11:15:49 [ultranest] [DEBUG] Plateau detected at L=-1.135375e+02, not replacing live point.
11:15:49 [ultranest] [DEBUG] Plateau detected at L=-1.135375e+02, not replacing live point.
11:15:49 [ultranest] [DEBUG] Plateau detected at L=-1.135375e+02, not replacing live point.
11:15:49 [ultranest] [DEBUG] Plateau detected at L=-1.135375e+02, not replacing live point.
11:15:49 [ultranest] [DEBUG] Plateau detected at L=-1.135375e+02, not replacing live point.
11:15:49 [ultranest] [DEBUG] Plateau detected at L=-1.135375e+02, not replacing live point.
11:15:49 [ultranest] [DEBUG] Plateau detected at L=-1.135375e+02, not replacing live point.
11:15:49 [ultranest] [DEBUG] Plateau detected at L=-1.135375e+02, not replacing live point.
11:15:49 [ultranest] [DEBUG] Plateau detected at L=-1.135375e+02, not replacing live point.
11:15:49 [ultranest] [DEBUG] Plateau detected at L=-1.135375e+02, not replacing live point.
11:15:49 [ultranest] [DEBUG] Plateau detected at L=-1.135375e+02, not replacing live point.
11:15:49 [ultranest] [DEBUG] Plateau detected at L=-1.135375e+02, not replacing live point.
11:15:49 [ultranest] [DEBUG] Plateau detected at L=-1.135375e+02, not replacing live point.
11:15:49 [ultranest] [DEBUG] Plateau detected at L=-1.135375e+02, not replacing live point.
11:15:49 [ultranest] [DEBUG] Plateau detected at L=-1.135375e+02, not replacing live point.
11:15:49 [ultranest] [DEBUG] Plateau detected at L=-1.135375e+02, not replacing live point.
11:15:49 [ultranest] [DEBUG] Plateau detected at L=-1.135375e+02, not replacing live point.
11:15:49 [ultranest] [DEBUG] Plateau detected at L=-1.135375e+02, not replacing live point.
11:15:49 [ultranest] [DEBUG] Plateau detected at L=-1.135375e+02, not replacing live point.
11:15:49 [ultranest] [DEBUG] Plateau detected at L=-1.135375e+02, not replacing live point.
11:15:49 [ultranest] [DEBUG] Plateau detected at L=-1.135375e+02, not replacing live point.
11:15:49 [ultranest] [DEBUG] Plateau detected at L=-1.135375e+02, not replacing live point.
11:15:49 [ultranest] [DEBUG] Plateau detected at L=-1.135375e+02, not replacing live point.
11:15:49 [ultranest] [DEBUG] Plateau detected at L=-1.135375e+02, not replacing live point.
11:15:49 [ultranest] [DEBUG] Plateau detected at L=-1.135375e+02, not replacing live point.
11:15:49 [ultranest] [DEBUG] Plateau detected at L=-1.135375e+02, not replacing live point.
11:15:49 [ultranest] [DEBUG] Plateau detected at L=-1.135375e+02, not replacing live point.
11:15:49 [ultranest] [DEBUG] Plateau detected at L=-1.135375e+02, not replacing live point.
11:15:49 [ultranest] [DEBUG] Plateau detected at L=-1.135375e+02, not replacing live point.
11:15:49 [ultranest] [DEBUG] Plateau detected at L=-1.135375e+02, not replacing live point.
11:15:49 [ultranest] [DEBUG] Plateau detected at L=-1.135375e+02, not replacing live point.
11:15:49 [ultranest] [DEBUG] Plateau detected at L=-1.135375e+02, not replacing live point.
11:15:49 [ultranest] [DEBUG] Plateau detected at L=-1.135375e+02, not replacing live point.
11:15:49 [ultranest] [DEBUG] Plateau detected at L=-1.135375e+02, not replacing live point.
11:15:49 [ultranest] [DEBUG] Plateau detected at L=-1.135375e+02, not replacing live point.
11:15:49 [ultranest] [DEBUG] Plateau detected at L=-1.135375e+02, not replacing live point.
11:15:49 [ultranest] [DEBUG] Plateau detected at L=-1.135375e+02, not replacing live point.
11:15:49 [ultranest] [DEBUG] Plateau detected at L=-1.135375e+02, not replacing live point.
11:15:49 [ultranest] [DEBUG] Plateau detected at L=-1.135375e+02, not replacing live point.
11:15:49 [ultranest] [DEBUG] Plateau detected at L=-1.135375e+02, not replacing live point.
11:15:49 [ultranest] [DEBUG] Plateau detected at L=-1.135375e+02, not replacing live point.
11:15:49 [ultranest] [DEBUG] Plateau detected at L=-1.135375e+02, not replacing live point.
11:15:49 [ultranest] [DEBUG] Plateau detected at L=-1.135375e+02, not replacing live point.
11:15:49 [ultranest] [DEBUG] Plateau detected at L=-1.135375e+02, not replacing live point.
11:15:49 [ultranest] [DEBUG] Plateau detected at L=-1.135375e+02, not replacing live point.
11:15:49 [ultranest] [DEBUG] Plateau detected at L=-1.135375e+02, not replacing live point.
11:15:49 [ultranest] [DEBUG] Plateau detected at L=-1.135375e+02, not replacing live point.
11:15:49 [ultranest] [DEBUG] Plateau detected at L=-1.135375e+02, not replacing live point.
11:15:49 [ultranest] [DEBUG] Plateau detected at L=-1.135375e+02, not replacing live point.
11:15:49 [ultranest] [DEBUG] Plateau detected at L=-1.135375e+02, not replacing live point.
11:15:49 [ultranest] [DEBUG] Plateau detected at L=-1.135375e+02, not replacing live point.
11:15:49 [ultranest] [DEBUG] Plateau detected at L=-1.135375e+02, not replacing live point.
11:15:49 [ultranest] [DEBUG] Plateau detected at L=-1.135375e+02, not replacing live point.
11:15:49 [ultranest] [DEBUG] Plateau detected at L=-1.135375e+02, not replacing live point.
11:15:49 [ultranest] [DEBUG] Plateau detected at L=-1.135375e+02, not replacing live point.
11:15:49 [ultranest] [DEBUG] Plateau detected at L=-1.135375e+02, not replacing live point.
11:15:49 [ultranest] [DEBUG] Plateau detected at L=-1.135375e+02, not replacing live point.
11:15:49 [ultranest] [DEBUG] Plateau detected at L=-1.135375e+02, not replacing live point.
11:15:49 [ultranest] [DEBUG] Plateau detected at L=-1.135375e+02, not replacing live point.
11:15:49 [ultranest] [DEBUG] Plateau detected at L=-1.135375e+02, not replacing live point.
11:15:49 [ultranest] [DEBUG] Plateau detected at L=-1.135375e+02, not replacing live point.
11:15:49 [ultranest] [DEBUG] Plateau detected at L=-1.135375e+02, not replacing live point.
11:15:49 [ultranest] [DEBUG] Plateau detected at L=-1.135375e+02, not replacing live point.
11:15:49 [ultranest] [DEBUG] Plateau detected at L=-1.135375e+02, not replacing live point.
11:15:49 [ultranest] [DEBUG] Plateau detected at L=-1.135375e+02, not replacing live point.
11:15:49 [ultranest] [DEBUG] Plateau detected at L=-1.135375e+02, not replacing live point.
11:15:49 [ultranest] [DEBUG] Plateau detected at L=-1.135375e+02, not replacing live point.
11:15:49 [ultranest] [DEBUG] Plateau detected at L=-1.135375e+02, not replacing live point.
11:15:49 [ultranest] [DEBUG] Plateau detected at L=-1.135375e+02, not replacing live point.
11:15:49 [ultranest] [DEBUG] Plateau detected at L=-1.135375e+02, not replacing live point.
11:15:49 [ultranest] [DEBUG] Plateau detected at L=-1.135375e+02, not replacing live point.
11:15:49 [ultranest] [DEBUG] Plateau detected at L=-1.135375e+02, not replacing live point.
11:15:49 [ultranest] [DEBUG] Plateau detected at L=-1.135375e+02, not replacing live point.
11:15:49 [ultranest] [DEBUG] Plateau detected at L=-1.135375e+02, not replacing live point.
11:15:49 [ultranest] [DEBUG] Plateau detected at L=-1.135375e+02, not replacing live point.
11:15:49 [ultranest] [DEBUG] Plateau detected at L=-1.135375e+02, not replacing live point.
11:15:49 [ultranest] [DEBUG] Plateau detected at L=-1.135375e+02, not replacing live point.
11:15:49 [ultranest] [DEBUG] Plateau detected at L=-1.135375e+02, not replacing live point.
11:15:49 [ultranest] [DEBUG] Plateau detected at L=-1.135375e+02, not replacing live point.
11:15:49 [ultranest] [DEBUG] Plateau detected at L=-1.135375e+02, not replacing live point.
11:15:49 [ultranest] [DEBUG] Plateau detected at L=-1.135375e+02, not replacing live point.
11:15:49 [ultranest] [DEBUG] Plateau detected at L=-1.135375e+02, not replacing live point.
11:15:49 [ultranest] [DEBUG] Plateau detected at L=-1.135375e+02, not replacing live point.
11:15:49 [ultranest] [DEBUG] Plateau detected at L=-1.135375e+02, not replacing live point.
11:15:49 [ultranest] [DEBUG] Plateau detected at L=-1.135375e+02, not replacing live point.
11:15:49 [ultranest] [DEBUG] Plateau detected at L=-1.135375e+02, not replacing live point.
11:15:49 [ultranest] [DEBUG] Plateau detected at L=-1.135375e+02, not replacing live point.
11:15:49 [ultranest] [DEBUG] Plateau detected at L=-1.135375e+02, not replacing live point.
11:15:49 [ultranest] [DEBUG] Plateau detected at L=-1.135375e+02, not replacing live point.
11:15:49 [ultranest] [DEBUG] Plateau detected at L=-1.135375e+02, not replacing live point.
11:15:49 [ultranest] [DEBUG] Plateau detected at L=-1.135375e+02, not replacing live point.
11:15:49 [ultranest] [DEBUG] Plateau detected at L=-1.135375e+02, not replacing live point.
11:15:49 [ultranest] [DEBUG] Plateau detected at L=-1.135375e+02, not replacing live point.
11:15:49 [ultranest] [DEBUG] Plateau detected at L=-1.135375e+02, not replacing live point.
11:15:49 [ultranest] [DEBUG] Plateau detected at L=-1.135375e+02, not replacing live point.
11:15:49 [ultranest] [DEBUG] Plateau detected at L=-1.135375e+02, not replacing live point.
11:15:49 [ultranest] [DEBUG] Plateau detected at L=-1.135375e+02, not replacing live point.
11:15:49 [ultranest] [DEBUG] Plateau detected at L=-1.135375e+02, not replacing live point.
11:15:49 [ultranest] [DEBUG] Plateau detected at L=-1.135375e+02, not replacing live point.
11:15:49 [ultranest] [DEBUG] Plateau detected at L=-1.135375e+02, not replacing live point.
11:15:49 [ultranest] [DEBUG] Plateau detected at L=-1.135375e+02, not replacing live point.
11:15:49 [ultranest] [DEBUG] Plateau detected at L=-1.135375e+02, not replacing live point.
11:15:49 [ultranest] [DEBUG] Plateau detected at L=-1.135375e+02, not replacing live point.
11:15:49 [ultranest] [DEBUG] Plateau detected at L=-1.135375e+02, not replacing live point.
11:15:49 [ultranest] [DEBUG] Plateau detected at L=-1.135375e+02, not replacing live point.
11:15:49 [ultranest] [DEBUG] Plateau detected at L=-1.135375e+02, not replacing live point.
11:15:49 [ultranest] [DEBUG] Plateau detected at L=-1.135375e+02, not replacing live point.
11:15:49 [ultranest] [DEBUG] Plateau detected at L=-1.135375e+02, not replacing live point.
11:15:49 [ultranest] [DEBUG] Plateau detected at L=-1.135375e+02, not replacing live point.
11:15:49 [ultranest] [DEBUG] Plateau detected at L=-1.135375e+02, not replacing live point.
11:15:49 [ultranest] [DEBUG] Plateau detected at L=-1.135375e+02, not replacing live point.
11:15:49 [ultranest] [DEBUG] Plateau detected at L=-1.135375e+02, not replacing live point.
11:15:49 [ultranest] [DEBUG] Plateau detected at L=-1.135375e+02, not replacing live point.
11:15:49 [ultranest] [DEBUG] Plateau detected at L=-1.135375e+02, not replacing live point.
11:15:49 [ultranest] [DEBUG] Plateau detected at L=-1.135375e+02, not replacing live point.
11:15:49 [ultranest] [DEBUG] Plateau detected at L=-1.135375e+02, not replacing live point.
11:15:49 [ultranest] [DEBUG] Plateau detected at L=-1.135375e+02, not replacing live point.
11:15:49 [ultranest] [DEBUG] Plateau detected at L=-1.135375e+02, not replacing live point.
11:15:49 [ultranest] [DEBUG] Plateau detected at L=-1.135375e+02, not replacing live point.
11:15:49 [ultranest] [DEBUG] Plateau detected at L=-1.135375e+02, not replacing live point.
11:15:49 [ultranest] [DEBUG] Plateau detected at L=-1.135375e+02, not replacing live point.
11:15:49 [ultranest] [DEBUG] Plateau detected at L=-1.135375e+02, not replacing live point.
11:15:49 [ultranest] [DEBUG] Plateau detected at L=-1.135375e+02, not replacing live point.
11:15:49 [ultranest] [DEBUG] Plateau detected at L=-1.135375e+02, not replacing live point.
11:15:49 [ultranest] [DEBUG] Plateau detected at L=-1.135375e+02, not replacing live point.
11:15:49 [ultranest] [DEBUG] Plateau detected at L=-1.135375e+02, not replacing live point.
11:15:49 [ultranest] [DEBUG] Plateau detected at L=-1.135375e+02, not replacing live point.
11:15:49 [ultranest] [DEBUG] Plateau detected at L=-1.135375e+02, not replacing live point.
11:15:49 [ultranest] [DEBUG] Plateau detected at L=-1.135375e+02, not replacing live point.
11:15:49 [ultranest] [DEBUG] Plateau detected at L=-1.135375e+02, not replacing live point.
11:15:49 [ultranest] [DEBUG] Plateau detected at L=-1.135375e+02, not replacing live point.
11:15:49 [ultranest] [DEBUG] Plateau detected at L=-1.135375e+02, not replacing live point.
11:15:49 [ultranest] [DEBUG] Plateau detected at L=-1.135375e+02, not replacing live point.
11:15:49 [ultranest] [DEBUG] Plateau detected at L=-1.135375e+02, not replacing live point.
11:15:49 [ultranest] [DEBUG] Plateau detected at L=-1.135375e+02, not replacing live point.
11:15:49 [ultranest] [DEBUG] Plateau detected at L=-1.135375e+02, not replacing live point.
11:15:49 [ultranest] [DEBUG] Plateau detected at L=-1.135375e+02, not replacing live point.
11:15:49 [ultranest] [DEBUG] Plateau detected at L=-1.135375e+02, not replacing live point.
11:15:49 [ultranest] [DEBUG] Plateau detected at L=-1.135375e+02, not replacing live point.
11:15:49 [ultranest] [DEBUG] Plateau detected at L=-1.135375e+02, not replacing live point.
11:15:49 [ultranest] [DEBUG] Plateau detected at L=-1.135375e+02, not replacing live point.
11:15:49 [ultranest] [DEBUG] Plateau detected at L=-1.135375e+02, not replacing live point.
11:15:49 [ultranest] [DEBUG] Plateau detected at L=-1.135375e+02, not replacing live point.
11:15:49 [ultranest] [DEBUG] Plateau detected at L=-1.135375e+02, not replacing live point.
11:15:49 [ultranest] [DEBUG] Plateau detected at L=-1.135375e+02, not replacing live point.
11:15:49 [ultranest] [DEBUG] Plateau detected at L=-1.135375e+02, not replacing live point.
11:15:49 [ultranest] [DEBUG] Plateau detected at L=-1.135375e+02, not replacing live point.
11:15:49 [ultranest] [DEBUG] Plateau detected at L=-1.135375e+02, not replacing live point.
11:15:49 [ultranest] [DEBUG] Plateau detected at L=-1.135375e+02, not replacing live point.
11:15:49 [ultranest] [DEBUG] Plateau detected at L=-1.135375e+02, not replacing live point.
11:15:49 [ultranest] [DEBUG] Plateau detected at L=-1.135375e+02, not replacing live point.
11:15:49 [ultranest] [DEBUG] Plateau detected at L=-1.135375e+02, not replacing live point.
11:15:49 [ultranest] [DEBUG] Plateau detected at L=-1.135375e+02, not replacing live point.
11:15:49 [ultranest] [DEBUG] Plateau detected at L=-1.135375e+02, not replacing live point.
11:15:49 [ultranest] [DEBUG] Plateau detected at L=-1.135375e+02, not replacing live point.
11:15:49 [ultranest] [DEBUG] Plateau detected at L=-1.135375e+02, not replacing live point.
11:15:49 [ultranest] [DEBUG] Plateau detected at L=-1.135375e+02, not replacing live point.
11:15:49 [ultranest] [DEBUG] Plateau detected at L=-1.135375e+02, not replacing live point.
11:15:49 [ultranest] [DEBUG] Plateau detected at L=-1.135375e+02, not replacing live point.
11:15:49 [ultranest] [DEBUG] Plateau detected at L=-1.135375e+02, not replacing live point.
11:15:49 [ultranest] [DEBUG] Plateau detected at L=-1.135375e+02, not replacing live point.
11:15:49 [ultranest] [DEBUG] Plateau detected at L=-1.135375e+02, not replacing live point.
11:15:49 [ultranest] [DEBUG] Plateau detected at L=-1.135375e+02, not replacing live point.
11:15:49 [ultranest] [DEBUG] Plateau detected at L=-1.135375e+02, not replacing live point.
11:15:49 [ultranest] [DEBUG] Plateau detected at L=-1.135375e+02, not replacing live point.
11:15:49 [ultranest] [DEBUG] Plateau detected at L=-1.135375e+02, not replacing live point.
11:15:49 [ultranest] [DEBUG] Plateau detected at L=-1.135375e+02, not replacing live point.
11:15:49 [ultranest] [DEBUG] Plateau detected at L=-1.135375e+02, not replacing live point.
11:15:49 [ultranest] [DEBUG] Plateau detected at L=-1.135375e+02, not replacing live point.
11:15:49 [ultranest] [DEBUG] Plateau detected at L=-1.135375e+02, not replacing live point.
11:15:49 [ultranest] [DEBUG] Plateau detected at L=-1.135375e+02, not replacing live point.
11:15:49 [ultranest] [DEBUG] Plateau detected at L=-1.135375e+02, not replacing live point.
11:15:49 [ultranest] [DEBUG] Plateau detected at L=-1.135375e+02, not replacing live point.
11:15:49 [ultranest] [DEBUG] Plateau detected at L=-1.135375e+02, not replacing live point.
11:15:49 [ultranest] [DEBUG] Plateau detected at L=-1.135375e+02, not replacing live point.
11:15:49 [ultranest] [DEBUG] Plateau detected at L=-1.135375e+02, not replacing live point.
11:15:49 [ultranest] [DEBUG] Plateau detected at L=-1.135375e+02, not replacing live point.
11:15:49 [ultranest] [DEBUG] Plateau detected at L=-1.135375e+02, not replacing live point.
11:15:49 [ultranest] [DEBUG] Plateau detected at L=-1.135375e+02, not replacing live point.
11:15:49 [ultranest] [DEBUG] Plateau detected at L=-1.135375e+02, not replacing live point.
11:15:49 [ultranest] [DEBUG] Plateau detected at L=-1.135375e+02, not replacing live point.
11:15:49 [ultranest] [DEBUG] Plateau detected at L=-1.135375e+02, not replacing live point.
11:15:49 [ultranest] [DEBUG] Plateau detected at L=-1.135375e+02, not replacing live point.
11:15:49 [ultranest] [DEBUG] Plateau detected at L=-1.135375e+02, not replacing live point.
11:15:49 [ultranest] [DEBUG] Plateau detected at L=-1.135375e+02, not replacing live point.
11:15:49 [ultranest] [DEBUG] Plateau detected at L=-1.135375e+02, not replacing live point.
11:15:49 [ultranest] [DEBUG] Plateau detected at L=-1.135375e+02, not replacing live point.
11:15:49 [ultranest] [DEBUG] Plateau detected at L=-1.135375e+02, not replacing live point.
11:15:49 [ultranest] [DEBUG] Plateau detected at L=-1.135375e+02, not replacing live point.
11:15:49 [ultranest] [DEBUG] Plateau detected at L=-1.135375e+02, not replacing live point.
11:15:49 [ultranest] [DEBUG] Plateau detected at L=-1.135375e+02, not replacing live point.
11:15:49 [ultranest] [DEBUG] Plateau detected at L=-1.135375e+02, not replacing live point.
11:15:49 [ultranest] [DEBUG] Plateau detected at L=-1.135375e+02, not replacing live point.
11:15:49 [ultranest] [DEBUG] Plateau detected at L=-1.135375e+02, not replacing live point.
11:15:49 [ultranest] [DEBUG] Plateau detected at L=-1.135375e+02, not replacing live point.
11:15:49 [ultranest] [DEBUG] Plateau detected at L=-1.135375e+02, not replacing live point.
11:15:49 [ultranest] [DEBUG] Plateau detected at L=-1.135375e+02, not replacing live point.
11:15:49 [ultranest] [DEBUG] Plateau detected at L=-1.135375e+02, not replacing live point.
11:15:49 [ultranest] [DEBUG] Plateau detected at L=-1.135375e+02, not replacing live point.
11:15:49 [ultranest] [DEBUG] Plateau detected at L=-1.135375e+02, not replacing live point.
11:15:49 [ultranest] [DEBUG] Plateau detected at L=-1.135375e+02, not replacing live point.
11:15:49 [ultranest] [DEBUG] Plateau detected at L=-1.135375e+02, not replacing live point.
11:15:49 [ultranest] [DEBUG] Plateau detected at L=-1.135375e+02, not replacing live point.
11:15:49 [ultranest] [DEBUG] Plateau detected at L=-1.135375e+02, not replacing live point.
11:15:49 [ultranest] [DEBUG] Plateau detected at L=-1.135375e+02, not replacing live point.
11:15:49 [ultranest] [DEBUG] Plateau detected at L=-1.135375e+02, not replacing live point.
11:15:49 [ultranest] [DEBUG] Plateau detected at L=-1.135375e+02, not replacing live point.
11:15:49 [ultranest] [DEBUG] Plateau detected at L=-1.135375e+02, not replacing live point.
11:15:49 [ultranest] [DEBUG] Plateau detected at L=-1.135375e+02, not replacing live point.
11:15:49 [ultranest] [DEBUG] Plateau detected at L=-1.135375e+02, not replacing live point.
11:15:49 [ultranest] [DEBUG] Plateau detected at L=-1.135375e+02, not replacing live point.
11:15:49 [ultranest] [DEBUG] Plateau detected at L=-1.135375e+02, not replacing live point.
11:15:49 [ultranest] [DEBUG] Plateau detected at L=-1.135375e+02, not replacing live point.
11:15:49 [ultranest] [DEBUG] Plateau detected at L=-1.135375e+02, not replacing live point.
11:15:49 [ultranest] [DEBUG] Plateau detected at L=-1.135375e+02, not replacing live point.
11:15:49 [ultranest] [DEBUG] Plateau detected at L=-1.135375e+02, not replacing live point.
11:15:49 [ultranest] [DEBUG] Plateau detected at L=-1.135375e+02, not replacing live point.
11:15:49 [ultranest] [DEBUG] Plateau detected at L=-1.135375e+02, not replacing live point.
11:15:49 [ultranest] [DEBUG] Plateau detected at L=-1.135375e+02, not replacing live point.
11:15:49 [ultranest] [DEBUG] Plateau detected at L=-1.135375e+02, not replacing live point.
11:15:49 [ultranest] [DEBUG] Plateau detected at L=-1.135375e+02, not replacing live point.
11:15:49 [ultranest] [DEBUG] Plateau detected at L=-1.135375e+02, not replacing live point.
11:15:49 [ultranest] [DEBUG] Plateau detected at L=-1.135375e+02, not replacing live point.
11:15:49 [ultranest] [DEBUG] Plateau detected at L=-1.135375e+02, not replacing live point.
11:15:49 [ultranest] [DEBUG] Plateau detected at L=-1.135375e+02, not replacing live point.
11:15:49 [ultranest] [DEBUG] Plateau detected at L=-1.135375e+02, not replacing live point.
11:15:49 [ultranest] [DEBUG] Plateau detected at L=-1.135375e+02, not replacing live point.
11:15:49 [ultranest] [DEBUG] Plateau detected at L=-1.135375e+02, not replacing live point.
11:15:49 [ultranest] [DEBUG] Plateau detected at L=-1.135375e+02, not replacing live point.
11:15:49 [ultranest] [DEBUG] Plateau detected at L=-1.135375e+02, not replacing live point.
11:15:49 [ultranest] [DEBUG] Plateau detected at L=-1.135375e+02, not replacing live point.
11:15:49 [ultranest] [DEBUG] Plateau detected at L=-1.135375e+02, not replacing live point.
11:15:49 [ultranest] [DEBUG] Plateau detected at L=-1.135375e+02, not replacing live point.
11:15:49 [ultranest] [DEBUG] Plateau detected at L=-1.135375e+02, not replacing live point.
11:15:49 [ultranest] [DEBUG] Plateau detected at L=-1.135375e+02, not replacing live point.
11:15:49 [ultranest] [DEBUG] Plateau detected at L=-1.135375e+02, not replacing live point.
11:15:49 [ultranest] [DEBUG] Plateau detected at L=-1.135375e+02, not replacing live point.
11:15:49 [ultranest] [DEBUG] Plateau detected at L=-1.135375e+02, not replacing live point.
11:15:49 [ultranest] [DEBUG] Plateau detected at L=-1.135375e+02, not replacing live point.
11:15:49 [ultranest] [DEBUG] Plateau detected at L=-1.135375e+02, not replacing live point.
11:15:49 [ultranest] [DEBUG] Plateau detected at L=-1.135375e+02, not replacing live point.
11:15:49 [ultranest] [DEBUG] Plateau detected at L=-1.135375e+02, not replacing live point.
11:15:49 [ultranest] [DEBUG] Plateau detected at L=-1.135375e+02, not replacing live point.
11:15:49 [ultranest] [DEBUG] Plateau detected at L=-1.135375e+02, not replacing live point.
11:15:49 [ultranest] [DEBUG] Plateau detected at L=-1.135375e+02, not replacing live point.
11:15:49 [ultranest] [DEBUG] Plateau detected at L=-1.135375e+02, not replacing live point.
11:15:49 [ultranest] [DEBUG] Plateau detected at L=-1.135375e+02, not replacing live point.
11:15:49 [ultranest] [DEBUG] Plateau detected at L=-1.135375e+02, not replacing live point.
11:15:49 [ultranest] [DEBUG] Plateau detected at L=-1.135375e+02, not replacing live point.
11:15:49 [ultranest] [DEBUG] Plateau detected at L=-1.135375e+02, not replacing live point.
11:15:49 [ultranest] [DEBUG] Plateau detected at L=-1.135375e+02, not replacing live point.
11:15:49 [ultranest] [DEBUG] Plateau detected at L=-1.135375e+02, not replacing live point.
11:15:49 [ultranest] [DEBUG] Plateau detected at L=-1.135375e+02, not replacing live point.
11:15:49 [ultranest] [DEBUG] Plateau detected at L=-1.135375e+02, not replacing live point.
11:15:49 [ultranest] [DEBUG] Plateau detected at L=-1.135375e+02, not replacing live point.
11:15:49 [ultranest] [DEBUG] Plateau detected at L=-1.135375e+02, not replacing live point.
11:15:49 [ultranest] [DEBUG] Plateau detected at L=-1.135375e+02, not replacing live point.
11:15:49 [ultranest] [DEBUG] Plateau detected at L=-1.135375e+02, not replacing live point.
11:15:49 [ultranest] [DEBUG] Plateau detected at L=-1.135375e+02, not replacing live point.
11:15:49 [ultranest] [DEBUG] Plateau detected at L=-1.135375e+02, not replacing live point.
11:15:49 [ultranest] [DEBUG] Plateau detected at L=-1.135375e+02, not replacing live point.
11:15:49 [ultranest] [DEBUG] Plateau detected at L=-1.135375e+02, not replacing live point.
11:15:49 [ultranest] [DEBUG] Plateau detected at L=-1.135375e+02, not replacing live point.
11:15:49 [ultranest] [DEBUG] Plateau detected at L=-1.135375e+02, not replacing live point.
11:15:49 [ultranest] [DEBUG] Plateau detected at L=-1.135375e+02, not replacing live point.
11:15:49 [ultranest] [DEBUG] Plateau detected at L=-1.135375e+02, not replacing live point.
11:15:49 [ultranest] [DEBUG] Plateau detected at L=-1.135375e+02, not replacing live point.
11:15:49 [ultranest] [DEBUG] Plateau detected at L=-1.135375e+02, not replacing live point.
11:15:49 [ultranest] [DEBUG] Plateau detected at L=-1.135375e+02, not replacing live point.
11:15:49 [ultranest] [DEBUG] Plateau detected at L=-1.135375e+02, not replacing live point.
11:15:49 [ultranest] [DEBUG] Plateau detected at L=-1.135375e+02, not replacing live point.
11:15:49 [ultranest] [DEBUG] Plateau detected at L=-1.135375e+02, not replacing live point.
11:15:49 [ultranest] [DEBUG] Plateau detected at L=-1.135375e+02, not replacing live point.
11:15:49 [ultranest] [DEBUG] Plateau detected at L=-1.135375e+02, not replacing live point.
11:15:49 [ultranest] [DEBUG] Plateau detected at L=-1.135375e+02, not replacing live point.
11:15:49 [ultranest] [DEBUG] Plateau detected at L=-1.135375e+02, not replacing live point.
11:15:49 [ultranest] [DEBUG] Plateau detected at L=-1.135375e+02, not replacing live point.
11:15:49 [ultranest] [DEBUG] Plateau detected at L=-1.135375e+02, not replacing live point.
11:15:49 [ultranest] [DEBUG] Plateau detected at L=-1.135375e+02, not replacing live point.
11:15:49 [ultranest] [DEBUG] Plateau detected at L=-1.135375e+02, not replacing live point.
11:15:49 [ultranest] [DEBUG] Plateau detected at L=-1.135375e+02, not replacing live point.
11:15:49 [ultranest] [DEBUG] Plateau detected at L=-1.135375e+02, not replacing live point.
11:15:49 [ultranest] [DEBUG] Plateau detected at L=-1.135375e+02, not replacing live point.
11:15:49 [ultranest] [DEBUG] Plateau detected at L=-1.135375e+02, not replacing live point.
11:15:49 [ultranest] [DEBUG] Plateau detected at L=-1.135375e+02, not replacing live point.
11:15:49 [ultranest] [DEBUG] Plateau detected at L=-1.135375e+02, not replacing live point.
11:15:49 [ultranest] [DEBUG] Plateau detected at L=-1.135375e+02, not replacing live point.
11:15:49 [ultranest] [DEBUG] Plateau detected at L=-1.135375e+02, not replacing live point.
11:15:49 [ultranest] [DEBUG] Plateau detected at L=-1.135375e+02, not replacing live point.
11:15:49 [ultranest] [DEBUG] Plateau detected at L=-1.135375e+02, not replacing live point.
11:15:49 [ultranest] [DEBUG] Plateau detected at L=-1.135375e+02, not replacing live point.
11:15:49 [ultranest] [DEBUG] Plateau detected at L=-1.135375e+02, not replacing live point.
11:15:49 [ultranest] [DEBUG] Plateau detected at L=-1.135375e+02, not replacing live point.
11:15:49 [ultranest] [DEBUG] Plateau detected at L=-1.135375e+02, not replacing live point.
11:15:49 [ultranest] [DEBUG] Plateau detected at L=-1.135375e+02, not replacing live point.
11:15:50 [ultranest] [DEBUG] Plateau detected at L=-1.135375e+02, not replacing live point.
11:15:50 [ultranest] [DEBUG] Plateau detected at L=-1.135375e+02, not replacing live point.
11:15:50 [ultranest] [DEBUG] Plateau detected at L=-1.135375e+02, not replacing live point.
11:15:50 [ultranest] [DEBUG] Plateau detected at L=-1.135375e+02, not replacing live point.
11:15:50 [ultranest] [DEBUG] Plateau detected at L=-1.135375e+02, not replacing live point.
11:15:50 [ultranest] [DEBUG] Plateau detected at L=-1.135375e+02, not replacing live point.
11:15:50 [ultranest] [DEBUG] Plateau detected at L=-1.135375e+02, not replacing live point.
11:15:50 [ultranest] [DEBUG] Plateau detected at L=-1.135375e+02, not replacing live point.
11:15:50 [ultranest] [DEBUG] Plateau detected at L=-1.135375e+02, not replacing live point.
11:15:50 [ultranest] [DEBUG] Plateau detected at L=-1.135375e+02, not replacing live point.
11:15:50 [ultranest] [DEBUG] Plateau detected at L=-1.135375e+02, not replacing live point.
11:15:50 [ultranest] [DEBUG] Plateau detected at L=-1.135375e+02, not replacing live point.
11:15:50 [ultranest] [DEBUG] Plateau detected at L=-1.135375e+02, not replacing live point.
11:15:50 [ultranest] [DEBUG] Plateau detected at L=-1.135375e+02, not replacing live point.
11:15:50 [ultranest] [DEBUG] Plateau detected at L=-1.135375e+02, not replacing live point.
11:15:50 [ultranest] [DEBUG] Plateau detected at L=-1.135375e+02, not replacing live point.
11:15:50 [ultranest] [DEBUG] Plateau detected at L=-1.135375e+02, not replacing live point.
11:15:50 [ultranest] [DEBUG] Plateau detected at L=-1.135375e+02, not replacing live point.
11:15:50 [ultranest] [DEBUG] Plateau detected at L=-1.135375e+02, not replacing live point.
11:15:50 [ultranest] [DEBUG] Plateau detected at L=-1.135375e+02, not replacing live point.
11:15:50 [ultranest] [DEBUG] Plateau detected at L=-1.135375e+02, not replacing live point.
11:15:50 [ultranest] [DEBUG] Plateau detected at L=-1.135375e+02, not replacing live point.
11:15:50 [ultranest] [DEBUG] Plateau detected at L=-1.135375e+02, not replacing live point.
11:15:50 [ultranest] [DEBUG] Plateau detected at L=-1.135375e+02, not replacing live point.
11:15:50 [ultranest] [DEBUG] Plateau detected at L=-1.135375e+02, not replacing live point.
11:15:50 [ultranest] [DEBUG] Plateau detected at L=-1.135375e+02, not replacing live point.
11:15:50 [ultranest] [DEBUG] Plateau detected at L=-1.135375e+02, not replacing live point.
11:15:50 [ultranest] [DEBUG] Plateau detected at L=-1.135375e+02, not replacing live point.
11:15:50 [ultranest] [DEBUG] Plateau detected at L=-1.135375e+02, not replacing live point.
11:15:50 [ultranest] [DEBUG] Plateau detected at L=-1.135375e+02, not replacing live point.
11:15:50 [ultranest] [DEBUG] Plateau detected at L=-1.135375e+02, not replacing live point.
11:15:50 [ultranest] [DEBUG] Plateau detected at L=-1.135375e+02, not replacing live point.
11:15:50 [ultranest] [DEBUG] Plateau detected at L=-1.135375e+02, not replacing live point.
11:15:50 [ultranest] [DEBUG] Plateau detected at L=-1.135375e+02, not replacing live point.
11:15:50 [ultranest] [DEBUG] Plateau detected at L=-1.135375e+02, not replacing live point.
11:15:50 [ultranest] [DEBUG] Plateau detected at L=-1.135375e+02, not replacing live point.
11:15:50 [ultranest] [DEBUG] Plateau detected at L=-1.135375e+02, not replacing live point.
11:15:50 [ultranest] [DEBUG] Plateau detected at L=-1.135375e+02, not replacing live point.
11:15:50 [ultranest] [DEBUG] Plateau detected at L=-1.135375e+02, not replacing live point.
11:15:50 [ultranest] [DEBUG] Plateau detected at L=-1.135375e+02, not replacing live point.
11:15:50 [ultranest] [DEBUG] Plateau detected at L=-1.135375e+02, not replacing live point.
11:15:50 [ultranest] [DEBUG] Plateau detected at L=-1.135375e+02, not replacing live point.
11:15:50 [ultranest] [DEBUG] Plateau detected at L=-1.135375e+02, not replacing live point.
11:15:50 [ultranest] [DEBUG] Plateau detected at L=-1.135375e+02, not replacing live point.
11:15:50 [ultranest] [DEBUG] Plateau detected at L=-1.135375e+02, not replacing live point.
11:15:50 [ultranest] [DEBUG] Plateau detected at L=-1.135375e+02, not replacing live point.
11:15:50 [ultranest] [DEBUG] Plateau detected at L=-1.135375e+02, not replacing live point.
11:15:50 [ultranest] [DEBUG] Plateau detected at L=-1.135375e+02, not replacing live point.
11:15:50 [ultranest] [DEBUG] Plateau detected at L=-1.135375e+02, not replacing live point.
11:15:50 [ultranest] [DEBUG] Plateau detected at L=-1.135375e+02, not replacing live point.
11:15:50 [ultranest] [DEBUG] Plateau detected at L=-1.135375e+02, not replacing live point.
11:15:50 [ultranest] [DEBUG] Plateau detected at L=-1.135375e+02, not replacing live point.
11:15:50 [ultranest] [DEBUG] Plateau detected at L=-1.135375e+02, not replacing live point.
11:15:50 [ultranest] [DEBUG] Plateau detected at L=-1.135375e+02, not replacing live point.
11:15:50 [ultranest] [DEBUG] Plateau detected at L=-1.135375e+02, not replacing live point.
11:15:50 [ultranest] [DEBUG] Plateau detected at L=-1.135375e+02, not replacing live point.
11:15:50 [ultranest] [DEBUG] Plateau detected at L=-1.135375e+02, not replacing live point.
11:15:50 [ultranest] [DEBUG] Plateau detected at L=-1.135375e+02, not replacing live point.
11:15:50 [ultranest] [DEBUG] Plateau detected at L=-1.135375e+02, not replacing live point.
11:15:50 [ultranest] [DEBUG] Plateau detected at L=-1.135375e+02, not replacing live point.
11:15:50 [ultranest] [DEBUG] Plateau detected at L=-1.135375e+02, not replacing live point.
11:15:50 [ultranest] [DEBUG] Plateau detected at L=-1.135375e+02, not replacing live point.
11:15:50 [ultranest] [DEBUG] Plateau detected at L=-1.135375e+02, not replacing live point.
11:15:50 [ultranest] [DEBUG] Plateau detected at L=-1.135375e+02, not replacing live point.
11:15:50 [ultranest] [DEBUG] Plateau detected at L=-1.135375e+02, not replacing live point.
11:15:50 [ultranest] [DEBUG] Plateau detected at L=-1.135375e+02, not replacing live point.
11:15:50 [ultranest] [DEBUG] Plateau detected at L=-1.135375e+02, not replacing live point.
11:15:50 [ultranest] [DEBUG] Plateau detected at L=-1.135375e+02, not replacing live point.
11:15:50 [ultranest] [DEBUG] Plateau detected at L=-1.135375e+02, not replacing live point.
11:15:50 [ultranest] [DEBUG] Plateau detected at L=-1.135375e+02, not replacing live point.
11:15:50 [ultranest] [DEBUG] Plateau detected at L=-1.135375e+02, not replacing live point.
11:15:50 [ultranest] [DEBUG] Plateau detected at L=-1.135375e+02, not replacing live point.
11:15:50 [ultranest] [DEBUG] Plateau detected at L=-1.135375e+02, not replacing live point.
11:15:50 [ultranest] [DEBUG] Plateau detected at L=-1.135375e+02, not replacing live point.
11:15:50 [ultranest] [DEBUG] Plateau detected at L=-1.135375e+02, not replacing live point.
11:15:50 [ultranest] [DEBUG] Plateau detected at L=-1.135375e+02, not replacing live point.
11:15:50 [ultranest] [DEBUG] Plateau detected at L=-1.135375e+02, not replacing live point.
11:15:50 [ultranest] [DEBUG] Plateau detected at L=-1.135375e+02, not replacing live point.
11:15:50 [ultranest] [DEBUG] Plateau detected at L=-1.135375e+02, not replacing live point.
11:15:50 [ultranest] [DEBUG] Plateau detected at L=-1.135375e+02, not replacing live point.
11:15:50 [ultranest] [DEBUG] Plateau detected at L=-1.135375e+02, not replacing live point.
11:15:50 [ultranest] [DEBUG] Plateau detected at L=-1.135375e+02, not replacing live point.
11:15:50 [ultranest] [DEBUG] Plateau detected at L=-1.135375e+02, not replacing live point.
11:15:50 [ultranest] [DEBUG] Plateau detected at L=-1.135375e+02, not replacing live point.
11:15:50 [ultranest] [DEBUG] Plateau detected at L=-1.135375e+02, not replacing live point.
11:15:50 [ultranest] [DEBUG] Plateau detected at L=-1.135375e+02, not replacing live point.
11:15:50 [ultranest] [DEBUG] Plateau detected at L=-1.135375e+02, not replacing live point.
11:15:50 [ultranest] [DEBUG] Plateau detected at L=-1.135375e+02, not replacing live point.
11:15:50 [ultranest] [DEBUG] Plateau detected at L=-1.135375e+02, not replacing live point.
11:15:50 [ultranest] [DEBUG] Plateau detected at L=-1.135375e+02, not replacing live point.
11:15:50 [ultranest] [DEBUG] Plateau detected at L=-1.135375e+02, not replacing live point.
11:15:50 [ultranest] [DEBUG] Plateau detected at L=-1.135375e+02, not replacing live point.
11:15:50 [ultranest] [DEBUG] Plateau detected at L=-1.135375e+02, not replacing live point.
11:15:50 [ultranest] [DEBUG] Plateau detected at L=-1.135375e+02, not replacing live point.
11:15:50 [ultranest] [DEBUG] Plateau detected at L=-1.135375e+02, not replacing live point.
11:15:50 [ultranest] [DEBUG] Plateau detected at L=-1.135375e+02, not replacing live point.
11:15:50 [ultranest] [DEBUG] Plateau detected at L=-1.135375e+02, not replacing live point.
11:15:50 [ultranest] [DEBUG] Plateau detected at L=-1.135375e+02, not replacing live point.
11:15:50 [ultranest] [DEBUG] Plateau detected at L=-1.135375e+02, not replacing live point.
11:15:50 [ultranest] [DEBUG] Plateau detected at L=-1.135375e+02, not replacing live point.
11:15:50 [ultranest] [DEBUG] Plateau detected at L=-1.135375e+02, not replacing live point.
11:15:50 [ultranest] [DEBUG] Plateau detected at L=-1.135375e+02, not replacing live point.
11:15:50 [ultranest] [DEBUG] Plateau detected at L=-1.135375e+02, not replacing live point.
11:15:50 [ultranest] [DEBUG] Plateau detected at L=-1.135375e+02, not replacing live point.
11:15:50 [ultranest] [DEBUG] Plateau detected at L=-1.135375e+02, not replacing live point.
11:15:50 [ultranest] [DEBUG] Plateau detected at L=-1.135375e+02, not replacing live point.
11:15:50 [ultranest] [DEBUG] Plateau detected at L=-1.135375e+02, not replacing live point.
11:15:50 [ultranest] [DEBUG] Plateau detected at L=-1.135375e+02, not replacing live point.
11:15:50 [ultranest] [DEBUG] Plateau detected at L=-1.135375e+02, not replacing live point.
11:15:50 [ultranest] [DEBUG] Plateau detected at L=-1.135375e+02, not replacing live point.
11:15:50 [ultranest] [DEBUG] Plateau detected at L=-1.135375e+02, not replacing live point.
11:15:50 [ultranest] [DEBUG] Plateau detected at L=-1.135375e+02, not replacing live point.
11:15:50 [ultranest] [DEBUG] Plateau detected at L=-1.135375e+02, not replacing live point.
11:15:50 [ultranest] [DEBUG] Plateau detected at L=-1.135375e+02, not replacing live point.
11:15:50 [ultranest] [DEBUG] Plateau detected at L=-1.135375e+02, not replacing live point.
11:15:50 [ultranest] [DEBUG] Plateau detected at L=-1.135375e+02, not replacing live point.
11:15:50 [ultranest] [DEBUG] Plateau detected at L=-1.135375e+02, not replacing live point.
11:15:50 [ultranest] [DEBUG] Plateau detected at L=-1.135375e+02, not replacing live point.
11:15:50 [ultranest] [DEBUG] Plateau detected at L=-1.135375e+02, not replacing live point.
11:15:50 [ultranest] [DEBUG] Plateau detected at L=-1.135375e+02, not replacing live point.
11:15:50 [ultranest] [DEBUG] Plateau detected at L=-1.135375e+02, not replacing live point.
11:15:50 [ultranest] [DEBUG] Plateau detected at L=-1.135375e+02, not replacing live point.
11:15:50 [ultranest] [DEBUG] Plateau detected at L=-1.135375e+02, not replacing live point.
11:15:50 [ultranest] [DEBUG] Plateau detected at L=-1.135375e+02, not replacing live point.
11:15:50 [ultranest] [DEBUG] Plateau detected at L=-1.135375e+02, not replacing live point.
11:15:50 [ultranest] [DEBUG] Plateau detected at L=-1.135375e+02, not replacing live point.
11:15:50 [ultranest] [DEBUG] Plateau detected at L=-1.135375e+02, not replacing live point.
11:15:50 [ultranest] [DEBUG] Plateau detected at L=-1.135375e+02, not replacing live point.
11:15:50 [ultranest] [DEBUG] Plateau detected at L=-1.135375e+02, not replacing live point.
11:15:50 [ultranest] [DEBUG] Plateau detected at L=-1.135375e+02, not replacing live point.
11:15:50 [ultranest] [DEBUG] Plateau detected at L=-1.135375e+02, not replacing live point.
11:15:50 [ultranest] [DEBUG] Plateau detected at L=-1.135375e+02, not replacing live point.
11:15:50 [ultranest] [DEBUG] Plateau detected at L=-1.135375e+02, not replacing live point.
11:15:50 [ultranest] [DEBUG] Plateau detected at L=-1.135375e+02, not replacing live point.
11:15:50 [ultranest] [DEBUG] Plateau detected at L=-1.135375e+02, not replacing live point.
11:15:50 [ultranest] [DEBUG] Plateau detected at L=-1.135375e+02, not replacing live point.
11:15:50 [ultranest] [DEBUG] Plateau detected at L=-1.135375e+02, not replacing live point.
11:15:50 [ultranest] [DEBUG] Plateau detected at L=-1.135375e+02, not replacing live point.
11:15:50 [ultranest] [DEBUG] Plateau detected at L=-1.135375e+02, not replacing live point.
11:15:50 [ultranest] [DEBUG] Plateau detected at L=-1.135375e+02, not replacing live point.
11:15:50 [ultranest] [DEBUG] Plateau detected at L=-1.135375e+02, not replacing live point.
11:15:50 [ultranest] [DEBUG] Plateau detected at L=-1.135375e+02, not replacing live point.
11:15:50 [ultranest] [DEBUG] Plateau detected at L=-1.135375e+02, not replacing live point.
11:15:50 [ultranest] [DEBUG] Plateau detected at L=-1.135375e+02, not replacing live point.
11:15:50 [ultranest] [DEBUG] Plateau detected at L=-1.135375e+02, not replacing live point.
11:15:50 [ultranest] [DEBUG] Plateau detected at L=-1.135375e+02, not replacing live point.
11:15:50 [ultranest] [DEBUG] Plateau detected at L=-1.135375e+02, not replacing live point.
11:15:50 [ultranest] [DEBUG] Plateau detected at L=-1.135375e+02, not replacing live point.
11:15:50 [ultranest] [DEBUG] Plateau detected at L=-1.135375e+02, not replacing live point.
11:15:50 [ultranest] [DEBUG] Plateau detected at L=-1.135375e+02, not replacing live point.
11:15:50 [ultranest] [DEBUG] Plateau detected at L=-1.135375e+02, not replacing live point.
11:15:50 [ultranest] [DEBUG] Plateau detected at L=-1.135375e+02, not replacing live point.
11:15:50 [ultranest] [DEBUG] Plateau detected at L=-1.135375e+02, not replacing live point.
11:15:50 [ultranest] [DEBUG] Plateau detected at L=-1.135375e+02, not replacing live point.
11:15:50 [ultranest] [DEBUG] Plateau detected at L=-1.135375e+02, not replacing live point.
11:15:50 [ultranest] [DEBUG] Plateau detected at L=-1.135375e+02, not replacing live point.
11:15:50 [ultranest] [DEBUG] Plateau detected at L=-1.135375e+02, not replacing live point.
11:15:50 [ultranest] [DEBUG] Plateau detected at L=-1.135375e+02, not replacing live point.
11:15:50 [ultranest] [DEBUG] Plateau detected at L=-1.135375e+02, not replacing live point.
11:15:50 [ultranest] [DEBUG] Plateau detected at L=-1.135375e+02, not replacing live point.
11:15:50 [ultranest] [DEBUG] Plateau detected at L=-1.135375e+02, not replacing live point.
11:15:50 [ultranest] [DEBUG] Plateau detected at L=-1.135375e+02, not replacing live point.
11:15:50 [ultranest] [DEBUG] Plateau detected at L=-1.135375e+02, not replacing live point.
11:15:50 [ultranest] [DEBUG] Plateau detected at L=-1.135375e+02, not replacing live point.
11:15:50 [ultranest] [DEBUG] Plateau detected at L=-1.135375e+02, not replacing live point.
11:15:50 [ultranest] [DEBUG] Plateau detected at L=-1.135375e+02, not replacing live point.
11:15:50 [ultranest] [DEBUG] Plateau detected at L=-1.135375e+02, not replacing live point.
11:15:50 [ultranest] [DEBUG] Plateau detected at L=-1.135375e+02, not replacing live point.
11:15:50 [ultranest] [DEBUG] Plateau detected at L=-1.135375e+02, not replacing live point.
11:15:50 [ultranest] [DEBUG] Plateau detected at L=-1.135375e+02, not replacing live point.
11:15:50 [ultranest] [DEBUG] Plateau detected at L=-1.135375e+02, not replacing live point.
11:15:50 [ultranest] [DEBUG] Plateau detected at L=-1.135375e+02, not replacing live point.
11:15:50 [ultranest] [DEBUG] Plateau detected at L=-1.135375e+02, not replacing live point.
11:15:50 [ultranest] [DEBUG] Plateau detected at L=-1.135375e+02, not replacing live point.
11:15:50 [ultranest] [DEBUG] Plateau detected at L=-1.135375e+02, not replacing live point.
11:15:50 [ultranest] [DEBUG] Plateau detected at L=-1.135375e+02, not replacing live point.
11:15:50 [ultranest] [DEBUG] Plateau detected at L=-1.135375e+02, not replacing live point.
11:15:50 [ultranest] [DEBUG] Plateau detected at L=-1.135375e+02, not replacing live point.
11:15:50 [ultranest] [DEBUG] Plateau detected at L=-1.135375e+02, not replacing live point.
11:15:50 [ultranest] [DEBUG] Plateau detected at L=-1.135375e+02, not replacing live point.
11:15:50 [ultranest] [DEBUG] Plateau detected at L=-1.135375e+02, not replacing live point.
11:15:50 [ultranest] [DEBUG] Plateau detected at L=-1.135375e+02, not replacing live point.
11:15:50 [ultranest] [DEBUG] Plateau detected at L=-1.135375e+02, not replacing live point.
11:15:50 [ultranest] [DEBUG] Plateau detected at L=-1.135375e+02, not replacing live point.
11:15:50 [ultranest] [DEBUG] Plateau detected at L=-1.135375e+02, not replacing live point.
11:15:50 [ultranest] [DEBUG] Plateau detected at L=-1.135375e+02, not replacing live point.
11:15:50 [ultranest] [DEBUG] Plateau detected at L=-1.135375e+02, not replacing live point.
11:15:50 [ultranest] [DEBUG] Plateau detected at L=-1.135375e+02, not replacing live point.
11:15:50 [ultranest] [DEBUG] Plateau detected at L=-1.135375e+02, not replacing live point.
11:15:50 [ultranest] [DEBUG] Plateau detected at L=-1.135375e+02, not replacing live point.
11:15:50 [ultranest] [DEBUG] Plateau detected at L=-1.135375e+02, not replacing live point.
11:15:50 [ultranest] [DEBUG] Plateau detected at L=-1.135375e+02, not replacing live point.
11:15:50 [ultranest] [DEBUG] Plateau detected at L=-1.135375e+02, not replacing live point.
11:15:50 [ultranest] [DEBUG] Plateau detected at L=-1.135375e+02, not replacing live point.
11:15:50 [ultranest] [DEBUG] Plateau detected at L=-1.135375e+02, not replacing live point.
11:15:50 [ultranest] [DEBUG] Plateau detected at L=-1.135375e+02, not replacing live point.
11:15:50 [ultranest] [DEBUG] Plateau detected at L=-1.135375e+02, not replacing live point.
11:15:50 [ultranest] [DEBUG] Plateau detected at L=-1.135375e+02, not replacing live point.
11:15:50 [ultranest] [DEBUG] Plateau detected at L=-1.135375e+02, not replacing live point.
11:15:50 [ultranest] [DEBUG] Plateau detected at L=-1.135375e+02, not replacing live point.
11:15:50 [ultranest] [DEBUG] Plateau detected at L=-1.135375e+02, not replacing live point.
11:15:50 [ultranest] [DEBUG] Plateau detected at L=-1.135375e+02, not replacing live point.
11:15:50 [ultranest] [DEBUG] Plateau detected at L=-1.135375e+02, not replacing live point.
11:15:50 [ultranest] [DEBUG] Plateau detected at L=-1.135375e+02, not replacing live point.
11:15:50 [ultranest] [DEBUG] Plateau detected at L=-1.135375e+02, not replacing live point.
11:15:50 [ultranest] [DEBUG] Plateau detected at L=-1.135375e+02, not replacing live point.
11:15:50 [ultranest] [DEBUG] Plateau detected at L=-1.135375e+02, not replacing live point.
11:15:50 [ultranest] [DEBUG] Plateau detected at L=-1.135375e+02, not replacing live point.
11:15:50 [ultranest] [DEBUG] Plateau detected at L=-1.135375e+02, not replacing live point.
11:15:50 [ultranest] [DEBUG] Plateau detected at L=-1.135375e+02, not replacing live point.
11:15:50 [ultranest] [DEBUG] Plateau detected at L=-1.135375e+02, not replacing live point.
11:15:50 [ultranest] [DEBUG] Plateau detected at L=-1.135375e+02, not replacing live point.
11:15:50 [ultranest] [DEBUG] Plateau detected at L=-1.135375e+02, not replacing live point.
11:15:50 [ultranest] [DEBUG] Plateau detected at L=-1.135375e+02, not replacing live point.
11:15:50 [ultranest] [DEBUG] Plateau detected at L=-1.135375e+02, not replacing live point.
11:15:50 [ultranest] [DEBUG] Plateau detected at L=-1.135375e+02, not replacing live point.
11:15:50 [ultranest] [DEBUG] Plateau detected at L=-1.135375e+02, not replacing live point.
11:15:50 [ultranest] [DEBUG] Plateau detected at L=-1.135375e+02, not replacing live point.
11:15:50 [ultranest] [DEBUG] Plateau detected at L=-1.135375e+02, not replacing live point.
11:15:50 [ultranest] [DEBUG] Plateau detected at L=-1.135375e+02, not replacing live point.
11:15:50 [ultranest] [DEBUG] Plateau detected at L=-1.135375e+02, not replacing live point.
11:15:50 [ultranest] [DEBUG] Plateau detected at L=-1.135375e+02, not replacing live point.
11:15:50 [ultranest] [DEBUG] Plateau detected at L=-1.135375e+02, not replacing live point.
11:15:50 [ultranest] [DEBUG] Plateau detected at L=-1.135375e+02, not replacing live point.
11:15:50 [ultranest] [DEBUG] Plateau detected at L=-1.135375e+02, not replacing live point.
11:15:50 [ultranest] [DEBUG] Plateau detected at L=-1.135375e+02, not replacing live point.
11:15:50 [ultranest] [DEBUG] Plateau detected at L=-1.135375e+02, not replacing live point.
11:15:50 [ultranest] [DEBUG] Plateau detected at L=-1.135375e+02, not replacing live point.
11:15:50 [ultranest] [DEBUG] Plateau detected at L=-1.135375e+02, not replacing live point.
11:15:50 [ultranest] [DEBUG] Plateau detected at L=-1.135375e+02, not replacing live point.
11:15:50 [ultranest] [DEBUG] Plateau detected at L=-1.135375e+02, not replacing live point.
11:15:50 [ultranest] [DEBUG] Plateau detected at L=-1.135375e+02, not replacing live point.
11:15:50 [ultranest] [DEBUG] Plateau detected at L=-1.135375e+02, not replacing live point.
11:15:50 [ultranest] [DEBUG] Plateau detected at L=-1.135375e+02, not replacing live point.
11:15:50 [ultranest] [DEBUG] Plateau detected at L=-1.135375e+02, not replacing live point.
11:15:50 [ultranest] [DEBUG] Plateau detected at L=-1.135375e+02, not replacing live point.
11:15:50 [ultranest] [DEBUG] Plateau detected at L=-1.135375e+02, not replacing live point.
11:15:50 [ultranest] [DEBUG] Plateau detected at L=-1.135375e+02, not replacing live point.
11:15:50 [ultranest] [DEBUG] Plateau detected at L=-1.135375e+02, not replacing live point.
11:15:50 [ultranest] [DEBUG] Plateau detected at L=-1.135375e+02, not replacing live point.
11:15:50 [ultranest] [DEBUG] Plateau detected at L=-1.135375e+02, not replacing live point.
11:15:50 [ultranest] [DEBUG] Plateau detected at L=-1.135375e+02, not replacing live point.
11:15:50 [ultranest] [DEBUG] Plateau detected at L=-1.135375e+02, not replacing live point.
11:15:50 [ultranest] [DEBUG] Plateau detected at L=-1.135375e+02, not replacing live point.
11:15:50 [ultranest] [DEBUG] Plateau detected at L=-1.135375e+02, not replacing live point.
11:15:50 [ultranest] [DEBUG] Plateau detected at L=-1.135375e+02, not replacing live point.
11:15:50 [ultranest] [DEBUG] Plateau detected at L=-1.135375e+02, not replacing live point.
11:15:50 [ultranest] [DEBUG] Plateau detected at L=-1.135375e+02, not replacing live point.
11:15:50 [ultranest] [DEBUG] Plateau detected at L=-1.135375e+02, not replacing live point.
11:15:50 [ultranest] [DEBUG] Plateau detected at L=-1.135375e+02, not replacing live point.
11:15:50 [ultranest] [DEBUG] Plateau detected at L=-1.135375e+02, not replacing live point.
11:15:50 [ultranest] [DEBUG] Plateau detected at L=-1.135375e+02, not replacing live point.
11:15:50 [ultranest] [DEBUG] Plateau detected at L=-1.135375e+02, not replacing live point.
11:15:50 [ultranest] [DEBUG] Plateau detected at L=-1.135375e+02, not replacing live point.
11:15:50 [ultranest] [DEBUG] Plateau detected at L=-1.135375e+02, not replacing live point.
11:15:50 [ultranest] [DEBUG] Plateau detected at L=-1.135375e+02, not replacing live point.
11:15:50 [ultranest] [DEBUG] Plateau detected at L=-1.135375e+02, not replacing live point.
11:15:50 [ultranest] [DEBUG] Plateau detected at L=-1.135375e+02, not replacing live point.
11:15:50 [ultranest] [DEBUG] Plateau detected at L=-1.135375e+02, not replacing live point.
11:15:50 [ultranest] [DEBUG] Plateau detected at L=-1.135375e+02, not replacing live point.
11:15:50 [ultranest] [DEBUG] Plateau detected at L=-1.135375e+02, not replacing live point.
11:15:50 [ultranest] [DEBUG] Plateau detected at L=-1.135375e+02, not replacing live point.
11:15:50 [ultranest] [DEBUG] Plateau detected at L=-1.135375e+02, not replacing live point.
11:15:50 [ultranest] [DEBUG] Plateau detected at L=-1.135375e+02, not replacing live point.
11:15:50 [ultranest] [DEBUG] Plateau detected at L=-1.135375e+02, not replacing live point.
11:15:50 [ultranest] [DEBUG] Plateau detected at L=-1.135375e+02, not replacing live point.
11:15:50 [ultranest] [DEBUG] Plateau detected at L=-1.135375e+02, not replacing live point.
11:15:50 [ultranest] [DEBUG] Plateau detected at L=-1.135375e+02, not replacing live point.
11:15:50 [ultranest] [DEBUG] Plateau detected at L=-1.135375e+02, not replacing live point.
11:15:50 [ultranest] [DEBUG] Plateau detected at L=-1.135375e+02, not replacing live point.
11:15:50 [ultranest] [DEBUG] Plateau detected at L=-1.135375e+02, not replacing live point.
11:15:50 [ultranest] [DEBUG] Plateau detected at L=-1.135375e+02, not replacing live point.
11:15:50 [ultranest] [DEBUG] Plateau detected at L=-1.135375e+02, not replacing live point.
11:15:50 [ultranest] [DEBUG] Plateau detected at L=-1.135375e+02, not replacing live point.
11:15:50 [ultranest] [DEBUG] Plateau detected at L=-1.135375e+02, not replacing live point.
11:15:50 [ultranest] [DEBUG] Plateau detected at L=-1.135375e+02, not replacing live point.
11:15:50 [ultranest] [DEBUG] Plateau detected at L=-1.135375e+02, not replacing live point.
11:15:50 [ultranest] [DEBUG] Plateau detected at L=-1.135375e+02, not replacing live point.
11:15:50 [ultranest] [DEBUG] Plateau detected at L=-1.135375e+02, not replacing live point.
11:15:50 [ultranest] [DEBUG] Plateau detected at L=-1.135375e+02, not replacing live point.
11:15:50 [ultranest] [DEBUG] Plateau detected at L=-1.135375e+02, not replacing live point.
11:15:50 [ultranest] [DEBUG] Plateau detected at L=-1.135375e+02, not replacing live point.
11:15:50 [ultranest] [DEBUG] Plateau detected at L=-1.135375e+02, not replacing live point.
11:15:50 [ultranest] [DEBUG] Plateau detected at L=-1.135375e+02, not replacing live point.
11:15:50 [ultranest] [DEBUG] Plateau detected at L=-1.135375e+02, not replacing live point.
11:15:50 [ultranest] [DEBUG] Plateau detected at L=-1.135375e+02, not replacing live point.
11:15:50 [ultranest] [DEBUG] Plateau detected at L=-1.135375e+02, not replacing live point.
11:15:50 [ultranest] [DEBUG] Plateau detected at L=-1.135375e+02, not replacing live point.
11:15:50 [ultranest] [DEBUG] Plateau detected at L=-1.135375e+02, not replacing live point.
11:15:50 [ultranest] [DEBUG] Plateau detected at L=-1.135375e+02, not replacing live point.
11:15:50 [ultranest] [DEBUG] Plateau detected at L=-1.135375e+02, not replacing live point.
11:15:50 [ultranest] [DEBUG] Plateau detected at L=-1.135375e+02, not replacing live point.
11:15:50 [ultranest] [DEBUG] Plateau detected at L=-1.135375e+02, not replacing live point.
11:15:50 [ultranest] [DEBUG] Plateau detected at L=-1.135375e+02, not replacing live point.
11:15:50 [ultranest] [DEBUG] Plateau detected at L=-1.135375e+02, not replacing live point.
11:15:50 [ultranest] [DEBUG] Plateau detected at L=-1.135375e+02, not replacing live point.
11:15:50 [ultranest] [DEBUG] Plateau detected at L=-1.135375e+02, not replacing live point.
11:15:50 [ultranest] [DEBUG] Plateau detected at L=-1.135375e+02, not replacing live point.
11:15:50 [ultranest] [DEBUG] Plateau detected at L=-1.135375e+02, not replacing live point.
11:15:50 [ultranest] [DEBUG] Plateau detected at L=-1.135375e+02, not replacing live point.
11:15:50 [ultranest] [DEBUG] Plateau detected at L=-1.135375e+02, not replacing live point.
11:15:50 [ultranest] [DEBUG] Plateau detected at L=-1.135375e+02, not replacing live point.
11:15:50 [ultranest] [DEBUG] Plateau detected at L=-1.135375e+02, not replacing live point.
11:15:50 [ultranest] [DEBUG] Plateau detected at L=-1.135375e+02, not replacing live point.
11:15:50 [ultranest] [DEBUG] Plateau detected at L=-1.135375e+02, not replacing live point.
11:15:50 [ultranest] [DEBUG] Plateau detected at L=-1.135375e+02, not replacing live point.
11:15:50 [ultranest] [DEBUG] Plateau detected at L=-1.135375e+02, not replacing live point.
11:15:50 [ultranest] [DEBUG] Plateau detected at L=-1.135375e+02, not replacing live point.
11:15:50 [ultranest] [DEBUG] Plateau detected at L=-1.135375e+02, not replacing live point.
11:15:50 [ultranest] [DEBUG] Plateau detected at L=-1.135375e+02, not replacing live point.
11:15:50 [ultranest] [DEBUG] Plateau detected at L=-1.135375e+02, not replacing live point.
11:15:50 [ultranest] [DEBUG] Plateau detected at L=-1.135375e+02, not replacing live point.
11:15:50 [ultranest] [DEBUG] Plateau detected at L=-1.135375e+02, not replacing live point.
11:15:50 [ultranest] [DEBUG] Plateau detected at L=-1.135375e+02, not replacing live point.
11:15:50 [ultranest] [DEBUG] Plateau detected at L=-1.135375e+02, not replacing live point.
11:15:50 [ultranest] [DEBUG] iteration=2319, ncalls=116157, regioncalls=5525400, ndraw=40, logz=-23.85, remainder_fraction=99.9995%, Lmin=-14.64, Lmax=-0.02
11:15:50 [ultranest] [DEBUG] iteration=2320, ncalls=116243, regioncalls=5528840, ndraw=40, logz=-23.65, remainder_fraction=99.9994%, Lmin=-14.60, Lmax=-0.02
11:15:52 [ultranest] [DEBUG] iteration=2346, ncalls=117037, regioncalls=5560640, ndraw=40, logz=-20.73, remainder_fraction=99.9952%, Lmin=-11.64, Lmax=-0.02
11:15:52 [ultranest] [DEBUG] iteration=2351, ncalls=117213, regioncalls=5567680, ndraw=40, logz=-20.20, remainder_fraction=99.9926%, Lmin=-10.75, Lmax=-0.02
11:15:54 [ultranest] [DEBUG] iteration=2382, ncalls=117945, regioncalls=5597880, ndraw=40, logz=-17.60, remainder_fraction=99.8368%, Lmin=-8.37, Lmax=-0.02
11:15:54 [ultranest] [DEBUG] iteration=2384, ncalls=117990, regioncalls=5599680, ndraw=40, logz=-17.47, remainder_fraction=99.8276%, Lmin=-8.00, Lmax=-0.02
11:15:55 [ultranest] [DEBUG] iteration=2398, ncalls=118794, regioncalls=5632240, ndraw=40, logz=-16.33, remainder_fraction=99.4533%, Lmin=-6.41, Lmax=-0.02
11:15:55 [ultranest] [DEBUG] iteration=2401, ncalls=118858, regioncalls=5635080, ndraw=40, logz=-16.08, remainder_fraction=99.2698%, Lmin=-6.24, Lmax=-0.02
11:15:56 [ultranest] [DEBUG] iteration=2414, ncalls=119151, regioncalls=5647120, ndraw=40, logz=-15.27, remainder_fraction=98.3314%, Lmin=-5.57, Lmax=-0.02
11:15:58 [ultranest] [DEBUG] iteration=2423, ncalls=120405, regioncalls=5698760, ndraw=40, logz=-14.83, remainder_fraction=97.3356%, Lmin=-4.90, Lmax=-0.02
11:15:58 [ultranest] [DEBUG] iteration=2425, ncalls=120474, regioncalls=5701880, ndraw=40, logz=-14.72, remainder_fraction=97.0683%, Lmin=-4.89, Lmax=-0.02
11:15:59 [ultranest] [DEBUG] iteration=2431, ncalls=120888, regioncalls=5723280, ndraw=40, logz=-14.44, remainder_fraction=96.2210%, Lmin=-4.55, Lmax=-0.02
11:16:00 [ultranest] [DEBUG] iteration=2448, ncalls=121336, regioncalls=5759320, ndraw=40, logz=-13.74, remainder_fraction=91.3694%, Lmin=-3.80, Lmax=-0.02
11:16:00 [ultranest] [DEBUG] iteration=2453, ncalls=121439, regioncalls=5766240, ndraw=40, logz=-13.58, remainder_fraction=90.2911%, Lmin=-3.64, Lmax=-0.02
11:16:02 [ultranest] [DEBUG] iteration=2454, ncalls=122207, regioncalls=5826800, ndraw=40, logz=-13.55, remainder_fraction=89.9350%, Lmin=-3.63, Lmax=-0.02
11:16:02 [ultranest] [DEBUG] iteration=2455, ncalls=122346, regioncalls=5835360, ndraw=40, logz=-13.52, remainder_fraction=89.4989%, Lmin=-3.62, Lmax=-0.02
11:16:03 [ultranest] [DEBUG] iteration=2456, ncalls=122505, regioncalls=5846800, ndraw=40, logz=-13.49, remainder_fraction=89.4346%, Lmin=-3.56, Lmax=-0.02
11:16:03 [ultranest] [DEBUG] iteration=2462, ncalls=122658, regioncalls=5859240, ndraw=40, logz=-13.33, remainder_fraction=86.8506%, Lmin=-3.32, Lmax=-0.02
11:16:04 [ultranest] [DEBUG] iteration=2467, ncalls=123178, regioncalls=5903320, ndraw=40, logz=-13.19, remainder_fraction=84.6249%, Lmin=-3.19, Lmax=-0.02
11:16:04 [ultranest] [DEBUG] iteration=2469, ncalls=123222, regioncalls=5907040, ndraw=40, logz=-13.14, remainder_fraction=84.2000%, Lmin=-3.08, Lmax=-0.02
11:16:05 [ultranest] [DEBUG] iteration=2470, ncalls=123460, regioncalls=5926120, ndraw=40, logz=-13.12, remainder_fraction=83.6505%, Lmin=-3.07, Lmax=-0.02
11:16:10 [ultranest] [DEBUG] iteration=2473, ncalls=125650, regioncalls=6099120, ndraw=40, logz=-13.05, remainder_fraction=82.9200%, Lmin=-2.96, Lmax=-0.02
11:16:10 [ultranest] [DEBUG] iteration=2476, ncalls=125686, regioncalls=6101840, ndraw=40, logz=-12.98, remainder_fraction=82.3523%, Lmin=-2.87, Lmax=-0.02
11:16:10 [ultranest] [DEBUG] iteration=2478, ncalls=125775, regioncalls=6108880, ndraw=40, logz=-12.93, remainder_fraction=81.3527%, Lmin=-2.86, Lmax=-0.02
11:16:10 [ultranest] [DEBUG] iteration=2479, ncalls=125843, regioncalls=6114560, ndraw=40, logz=-12.91, remainder_fraction=80.8549%, Lmin=-2.86, Lmax=-0.02
11:16:11 [ultranest] [DEBUG] iteration=2493, ncalls=125911, regioncalls=6120160, ndraw=40, logz=-12.66, remainder_fraction=75.5284%, Lmin=-2.61, Lmax=-0.02
11:16:11 [ultranest] [DEBUG] iteration=2496, ncalls=125960, regioncalls=6124200, ndraw=40, logz=-12.62, remainder_fraction=74.2318%, Lmin=-2.55, Lmax=-0.02
11:16:11 [ultranest] [DEBUG] iteration=2498, ncalls=125997, regioncalls=6127280, ndraw=40, logz=-12.59, remainder_fraction=73.3646%, Lmin=-2.51, Lmax=-0.02
11:16:11 [ultranest] [DEBUG] iteration=2502, ncalls=126096, regioncalls=6135760, ndraw=40, logz=-12.53, remainder_fraction=71.6419%, Lmin=-2.45, Lmax=-0.02
11:16:11 [ultranest] [DEBUG] iteration=2507, ncalls=126133, regioncalls=6140280, ndraw=40, logz=-12.46, remainder_fraction=69.2297%, Lmin=-2.38, Lmax=-0.02
11:16:11 [ultranest] [DEBUG] iteration=2508, ncalls=126174, regioncalls=6143080, ndraw=40, logz=-12.45, remainder_fraction=68.6333%, Lmin=-2.37, Lmax=-0.02
11:16:12 [ultranest] [DEBUG] iteration=2510, ncalls=126372, regioncalls=6156560, ndraw=40, logz=-12.43, remainder_fraction=67.9805%, Lmin=-2.28, Lmax=-0.02
11:16:12 [ultranest] [DEBUG] iteration=2513, ncalls=126420, regioncalls=6160160, ndraw=40, logz=-12.39, remainder_fraction=67.8963%, Lmin=-2.24, Lmax=-0.02
11:16:12 [ultranest] [DEBUG] iteration=2514, ncalls=126482, regioncalls=6165800, ndraw=40, logz=-12.38, remainder_fraction=67.6380%, Lmin=-2.22, Lmax=-0.02
11:16:12 [ultranest] [DEBUG] iteration=2518, ncalls=126576, regioncalls=6172240, ndraw=40, logz=-12.33, remainder_fraction=66.1544%, Lmin=-2.11, Lmax=-0.02
11:16:13 [ultranest] [DEBUG] iteration=2520, ncalls=126603, regioncalls=6174680, ndraw=40, logz=-12.31, remainder_fraction=65.2054%, Lmin=-2.09, Lmax=-0.02
11:16:13 [ultranest] [DEBUG] iteration=2522, ncalls=126681, regioncalls=6181240, ndraw=40, logz=-12.29, remainder_fraction=65.0427%, Lmin=-2.07, Lmax=-0.02
11:16:13 [ultranest] [DEBUG] iteration=2524, ncalls=126688, regioncalls=6181720, ndraw=40, logz=-12.27, remainder_fraction=64.4885%, Lmin=-2.06, Lmax=-0.02
11:16:13 [ultranest] [DEBUG] iteration=2527, ncalls=126774, regioncalls=6188800, ndraw=40, logz=-12.24, remainder_fraction=63.1484%, Lmin=-2.04, Lmax=-0.02
11:16:13 [ultranest] [DEBUG] iteration=2528, ncalls=126844, regioncalls=6196160, ndraw=40, logz=-12.23, remainder_fraction=62.6282%, Lmin=-2.02, Lmax=-0.02
11:16:13 [ultranest] [DEBUG] iteration=2532, ncalls=126888, regioncalls=6200680, ndraw=40, logz=-12.19, remainder_fraction=60.7878%, Lmin=-1.99, Lmax=-0.02
11:16:13 [ultranest] [DEBUG] iteration=2534, ncalls=126968, regioncalls=6209560, ndraw=40, logz=-12.17, remainder_fraction=59.8729%, Lmin=-1.97, Lmax=-0.02
11:16:14 [ultranest] [DEBUG] iteration=2537, ncalls=127071, regioncalls=6220760, ndraw=40, logz=-12.15, remainder_fraction=59.8533%, Lmin=-1.95, Lmax=-0.02
11:16:14 [ultranest] [DEBUG] iteration=2538, ncalls=127157, regioncalls=6227320, ndraw=40, logz=-12.14, remainder_fraction=59.7985%, Lmin=-1.90, Lmax=-0.02
11:16:14 [ultranest] [DEBUG] iteration=2540, ncalls=127200, regioncalls=6231040, ndraw=40, logz=-12.13, remainder_fraction=59.4406%, Lmin=-1.87, Lmax=-0.02
11:16:14 [ultranest] [DEBUG] iteration=2541, ncalls=127243, regioncalls=6235120, ndraw=40, logz=-12.12, remainder_fraction=58.9644%, Lmin=-1.86, Lmax=-0.02
11:16:14 [ultranest] [DEBUG] iteration=2542, ncalls=127268, regioncalls=6237120, ndraw=40, logz=-12.11, remainder_fraction=58.4439%, Lmin=-1.85, Lmax=-0.02
11:16:15 [ultranest] [DEBUG] iteration=2543, ncalls=127417, regioncalls=6251680, ndraw=40, logz=-12.10, remainder_fraction=58.0429%, Lmin=-1.83, Lmax=-0.02
11:16:15 [ultranest] [DEBUG] iteration=2546, ncalls=127481, regioncalls=6258040, ndraw=40, logz=-12.08, remainder_fraction=57.0549%, Lmin=-1.76, Lmax=-0.02
11:16:15 [ultranest] [DEBUG] iteration=2548, ncalls=127608, regioncalls=6270400, ndraw=40, logz=-12.07, remainder_fraction=56.1576%, Lmin=-1.74, Lmax=-0.02
11:16:15 [ultranest] [DEBUG] iteration=2549, ncalls=127683, regioncalls=6277720, ndraw=40, logz=-12.06, remainder_fraction=56.1548%, Lmin=-1.73, Lmax=-0.02
11:16:16 [ultranest] [DEBUG] iteration=2550, ncalls=127796, regioncalls=6288560, ndraw=40, logz=-12.05, remainder_fraction=55.9781%, Lmin=-1.72, Lmax=-0.02
11:16:16 [ultranest] [DEBUG] iteration=2553, ncalls=127900, regioncalls=6298240, ndraw=40, logz=-12.03, remainder_fraction=54.9726%, Lmin=-1.69, Lmax=-0.02
11:16:16 [ultranest] [DEBUG] iteration=2554, ncalls=128036, regioncalls=6310000, ndraw=40, logz=-12.03, remainder_fraction=54.7954%, Lmin=-1.69, Lmax=-0.02
11:16:16 [ultranest] [DEBUG] iteration=2555, ncalls=128117, regioncalls=6318240, ndraw=40, logz=-12.02, remainder_fraction=54.6370%, Lmin=-1.69, Lmax=-0.02
11:16:17 [ultranest] [DEBUG] iteration=2558, ncalls=128238, regioncalls=6330800, ndraw=40, logz=-12.00, remainder_fraction=53.7336%, Lmin=-1.61, Lmax=-0.02
11:16:17 [ultranest] [DEBUG] iteration=2560, ncalls=128312, regioncalls=6337240, ndraw=40, logz=-11.99, remainder_fraction=53.0542%, Lmin=-1.60, Lmax=-0.02
11:16:17 [ultranest] [DEBUG] iteration=2561, ncalls=128417, regioncalls=6347160, ndraw=40, logz=-11.98, remainder_fraction=52.7734%, Lmin=-1.60, Lmax=-0.02
11:16:17 [ultranest] [DEBUG] iteration=2563, ncalls=128520, regioncalls=6359320, ndraw=40, logz=-11.97, remainder_fraction=52.1622%, Lmin=-1.58, Lmax=-0.02
11:16:18 [ultranest] [DEBUG] iteration=2565, ncalls=128581, regioncalls=6365040, ndraw=40, logz=-11.96, remainder_fraction=51.7219%, Lmin=-1.53, Lmax=-0.02
11:16:18 [ultranest] [DEBUG] iteration=2566, ncalls=128632, regioncalls=6369160, ndraw=40, logz=-11.95, remainder_fraction=51.7048%, Lmin=-1.52, Lmax=-0.02
11:16:18 [ultranest] [DEBUG] iteration=2567, ncalls=128684, regioncalls=6374320, ndraw=40, logz=-11.94, remainder_fraction=51.4964%, Lmin=-1.51, Lmax=-0.02
11:16:18 [ultranest] [DEBUG] iteration=2568, ncalls=128872, regioncalls=6394520, ndraw=40, logz=-11.94, remainder_fraction=51.1153%, Lmin=-1.49, Lmax=-0.02
11:16:19 [ultranest] [DEBUG] iteration=2569, ncalls=129031, regioncalls=6411840, ndraw=40, logz=-11.93, remainder_fraction=50.6795%, Lmin=-1.48, Lmax=-0.02
11:16:19 [ultranest] [DEBUG] iteration=2570, ncalls=129078, regioncalls=6417560, ndraw=40, logz=-11.93, remainder_fraction=50.2589%, Lmin=-1.48, Lmax=-0.02
11:16:19 [ultranest] [INFO] Explored until L=-0.02  
11:16:19 [ultranest] [INFO] Likelihood function evaluations: 129085
11:16:20 [ultranest] [INFO] Writing samples and results to disk ...
11:16:21 [ultranest] [INFO] Writing samples and results to disk ... done
11:16:21 [ultranest] [DEBUG] did a run_iter pass!
11:16:21 [ultranest] [INFO] Will add 151 live points (x4) at L=-1e+01 ...
11:16:21 [ultranest] [DEBUG] minimal_widths_sequence: [(-inf, 1200.0), (-14.640209269636399, 1200.0), (-0.020265490250305197, 1200.0), (inf, 1200.0)]
11:16:21 [ultranest] [DEBUG] Plateau detected at L=-1.135440e+02, not replacing live point.
11:16:21 [ultranest] [DEBUG] Plateau detected at L=-1.135423e+02, not replacing live point.
11:16:21 [ultranest] [DEBUG] Plateau detected at L=-1.135418e+02, not replacing live point.
11:16:21 [ultranest] [DEBUG] Plateau detected at L=-1.135418e+02, not replacing live point.
11:16:21 [ultranest] [DEBUG] Plateau detected at L=-1.135418e+02, not replacing live point.
11:16:21 [ultranest] [DEBUG] Plateau detected at L=-1.135416e+02, not replacing live point.
11:16:21 [ultranest] [DEBUG] Plateau detected at L=-1.135413e+02, not replacing live point.
11:16:21 [ultranest] [DEBUG] Plateau detected at L=-1.135408e+02, not replacing live point.
11:16:21 [ultranest] [DEBUG] Plateau detected at L=-1.135402e+02, not replacing live point.
11:16:21 [ultranest] [DEBUG] Plateau detected at L=-1.135402e+02, not replacing live point.
11:16:21 [ultranest] [DEBUG] Plateau detected at L=-1.135402e+02, not replacing live point.
11:16:21 [ultranest] [DEBUG] Plateau detected at L=-1.135402e+02, not replacing live point.
11:16:21 [ultranest] [DEBUG] Plateau detected at L=-1.135402e+02, not replacing live point.
11:16:21 [ultranest] [DEBUG] Plateau detected at L=-1.135401e+02, not replacing live point.
11:16:21 [ultranest] [DEBUG] Plateau detected at L=-1.135397e+02, not replacing live point.
11:16:21 [ultranest] [DEBUG] Plateau detected at L=-1.135395e+02, not replacing live point.
11:16:21 [ultranest] [DEBUG] Plateau detected at L=-1.135395e+02, not replacing live point.
11:16:21 [ultranest] [DEBUG] Plateau detected at L=-1.135395e+02, not replacing live point.
11:16:21 [ultranest] [DEBUG] Plateau detected at L=-1.135391e+02, not replacing live point.
11:16:21 [ultranest] [DEBUG] Plateau detected at L=-1.135391e+02, not replacing live point.
11:16:21 [ultranest] [DEBUG] Plateau detected at L=-1.135391e+02, not replacing live point.
11:16:21 [ultranest] [DEBUG] Plateau detected at L=-1.135386e+02, not replacing live point.
11:16:21 [ultranest] [DEBUG] Plateau detected at L=-1.135386e+02, not replacing live point.
11:16:21 [ultranest] [DEBUG] Plateau detected at L=-1.135386e+02, not replacing live point.
11:16:21 [ultranest] [DEBUG] Plateau detected at L=-1.135386e+02, not replacing live point.
11:16:21 [ultranest] [DEBUG] Plateau detected at L=-1.135386e+02, not replacing live point.
11:16:21 [ultranest] [DEBUG] Plateau detected at L=-1.135386e+02, not replacing live point.
11:16:21 [ultranest] [DEBUG] Plateau detected at L=-1.135386e+02, not replacing live point.
11:16:21 [ultranest] [DEBUG] Plateau detected at L=-1.135384e+02, not replacing live point.
11:16:21 [ultranest] [DEBUG] Plateau detected at L=-1.135384e+02, not replacing live point.
11:16:21 [ultranest] [DEBUG] Plateau detected at L=-1.135384e+02, not replacing live point.
11:16:21 [ultranest] [DEBUG] Plateau detected at L=-1.135384e+02, not replacing live point.
11:16:21 [ultranest] [DEBUG] Plateau detected at L=-1.135384e+02, not replacing live point.
11:16:21 [ultranest] [DEBUG] Plateau detected at L=-1.135384e+02, not replacing live point.
11:16:21 [ultranest] [DEBUG] Plateau detected at L=-1.135381e+02, not replacing live point.
11:16:21 [ultranest] [DEBUG] Plateau detected at L=-1.135381e+02, not replacing live point.
11:16:21 [ultranest] [DEBUG] Plateau detected at L=-1.135381e+02, not replacing live point.
11:16:21 [ultranest] [DEBUG] Plateau detected at L=-1.135381e+02, not replacing live point.
11:16:21 [ultranest] [DEBUG] Plateau detected at L=-1.135381e+02, not replacing live point.
11:16:21 [ultranest] [DEBUG] Plateau detected at L=-1.135381e+02, not replacing live point.
11:16:21 [ultranest] [DEBUG] Plateau detected at L=-1.135379e+02, not replacing live point.
11:16:21 [ultranest] [DEBUG] Plateau detected at L=-1.135379e+02, not replacing live point.
11:16:21 [ultranest] [DEBUG] Plateau detected at L=-1.135379e+02, not replacing live point.
11:16:21 [ultranest] [DEBUG] Plateau detected at L=-1.135379e+02, not replacing live point.
11:16:21 [ultranest] [DEBUG] Plateau detected at L=-1.135379e+02, not replacing live point.
11:16:21 [ultranest] [DEBUG] Plateau detected at L=-1.135379e+02, not replacing live point.
11:16:21 [ultranest] [DEBUG] Plateau detected at L=-1.135379e+02, not replacing live point.
11:16:21 [ultranest] [DEBUG] Plateau detected at L=-1.135379e+02, not replacing live point.
11:16:21 [ultranest] [DEBUG] Plateau detected at L=-1.135379e+02, not replacing live point.
11:16:21 [ultranest] [DEBUG] Plateau detected at L=-1.135379e+02, not replacing live point.
11:16:21 [ultranest] [DEBUG] Plateau detected at L=-1.135379e+02, not replacing live point.
11:16:21 [ultranest] [DEBUG] Plateau detected at L=-1.135379e+02, not replacing live point.
11:16:21 [ultranest] [DEBUG] Plateau detected at L=-1.135379e+02, not replacing live point.
11:16:21 [ultranest] [DEBUG] Plateau detected at L=-1.135379e+02, not replacing live point.
11:16:21 [ultranest] [DEBUG] Plateau detected at L=-1.135379e+02, not replacing live point.
11:16:21 [ultranest] [DEBUG] Plateau detected at L=-1.135379e+02, not replacing live point.
11:16:21 [ultranest] [DEBUG] Plateau detected at L=-1.135376e+02, not replacing live point.
11:16:21 [ultranest] [DEBUG] Plateau detected at L=-1.135376e+02, not replacing live point.
11:16:21 [ultranest] [DEBUG] Plateau detected at L=-1.135375e+02, not replacing live point.
11:16:21 [ultranest] [DEBUG] Plateau detected at L=-1.135375e+02, not replacing live point.
11:16:21 [ultranest] [DEBUG] Plateau detected at L=-1.135375e+02, not replacing live point.
11:16:21 [ultranest] [DEBUG] Plateau detected at L=-1.135375e+02, not replacing live point.
11:16:21 [ultranest] [DEBUG] Plateau detected at L=-1.135375e+02, not replacing live point.
11:16:21 [ultranest] [DEBUG] Plateau detected at L=-1.135375e+02, not replacing live point.
11:16:21 [ultranest] [DEBUG] Plateau detected at L=-1.135375e+02, not replacing live point.
11:16:21 [ultranest] [DEBUG] Plateau detected at L=-1.135375e+02, not replacing live point.
11:16:21 [ultranest] [DEBUG] Plateau detected at L=-1.135375e+02, not replacing live point.
11:16:21 [ultranest] [DEBUG] Plateau detected at L=-1.135375e+02, not replacing live point.
11:16:21 [ultranest] [DEBUG] Plateau detected at L=-1.135375e+02, not replacing live point.
11:16:21 [ultranest] [DEBUG] Plateau detected at L=-1.135375e+02, not replacing live point.
11:16:21 [ultranest] [DEBUG] Plateau detected at L=-1.135375e+02, not replacing live point.
11:16:21 [ultranest] [DEBUG] Plateau detected at L=-1.135375e+02, not replacing live point.
11:16:21 [ultranest] [DEBUG] Plateau detected at L=-1.135375e+02, not replacing live point.
11:16:21 [ultranest] [DEBUG] Plateau detected at L=-1.135375e+02, not replacing live point.
11:16:21 [ultranest] [DEBUG] Plateau detected at L=-1.135375e+02, not replacing live point.
11:16:21 [ultranest] [DEBUG] Plateau detected at L=-1.135375e+02, not replacing live point.
11:16:21 [ultranest] [DEBUG] Plateau detected at L=-1.135375e+02, not replacing live point.
11:16:21 [ultranest] [DEBUG] Plateau detected at L=-1.135375e+02, not replacing live point.
11:16:21 [ultranest] [DEBUG] Plateau detected at L=-1.135375e+02, not replacing live point.
11:16:21 [ultranest] [DEBUG] Plateau detected at L=-1.135375e+02, not replacing live point.
11:16:21 [ultranest] [DEBUG] Plateau detected at L=-1.135375e+02, not replacing live point.
11:16:21 [ultranest] [DEBUG] Plateau detected at L=-1.135375e+02, not replacing live point.
11:16:21 [ultranest] [DEBUG] Plateau detected at L=-1.135375e+02, not replacing live point.
11:16:21 [ultranest] [DEBUG] Plateau detected at L=-1.135375e+02, not replacing live point.
11:16:21 [ultranest] [DEBUG] Plateau detected at L=-1.135375e+02, not replacing live point.
11:16:21 [ultranest] [DEBUG] Plateau detected at L=-1.135375e+02, not replacing live point.
11:16:21 [ultranest] [DEBUG] Plateau detected at L=-1.135375e+02, not replacing live point.
11:16:21 [ultranest] [DEBUG] Plateau detected at L=-1.135375e+02, not replacing live point.
11:16:21 [ultranest] [DEBUG] Plateau detected at L=-1.135375e+02, not replacing live point.
11:16:21 [ultranest] [DEBUG] Plateau detected at L=-1.135375e+02, not replacing live point.
11:16:21 [ultranest] [DEBUG] Plateau detected at L=-1.135375e+02, not replacing live point.
11:16:21 [ultranest] [DEBUG] Plateau detected at L=-1.135375e+02, not replacing live point.
11:16:21 [ultranest] [DEBUG] Plateau detected at L=-1.135375e+02, not replacing live point.
11:16:21 [ultranest] [DEBUG] Plateau detected at L=-1.135375e+02, not replacing live point.
11:16:21 [ultranest] [DEBUG] Plateau detected at L=-1.135375e+02, not replacing live point.
11:16:21 [ultranest] [DEBUG] Plateau detected at L=-1.135375e+02, not replacing live point.
11:16:21 [ultranest] [DEBUG] Plateau detected at L=-1.135375e+02, not replacing live point.
11:16:21 [ultranest] [DEBUG] Plateau detected at L=-1.135375e+02, not replacing live point.
11:16:21 [ultranest] [DEBUG] Plateau detected at L=-1.135375e+02, not replacing live point.
11:16:21 [ultranest] [DEBUG] Plateau detected at L=-1.135375e+02, not replacing live point.
11:16:21 [ultranest] [DEBUG] Plateau detected at L=-1.135375e+02, not replacing live point.
11:16:21 [ultranest] [DEBUG] Plateau detected at L=-1.135375e+02, not replacing live point.
11:16:21 [ultranest] [DEBUG] Plateau detected at L=-1.135375e+02, not replacing live point.
11:16:21 [ultranest] [DEBUG] Plateau detected at L=-1.135375e+02, not replacing live point.
11:16:21 [ultranest] [DEBUG] Plateau detected at L=-1.135375e+02, not replacing live point.
11:16:21 [ultranest] [DEBUG] Plateau detected at L=-1.135375e+02, not replacing live point.
11:16:21 [ultranest] [DEBUG] Plateau detected at L=-1.135375e+02, not replacing live point.
11:16:21 [ultranest] [DEBUG] Plateau detected at L=-1.135375e+02, not replacing live point.
11:16:21 [ultranest] [DEBUG] Plateau detected at L=-1.135375e+02, not replacing live point.
11:16:21 [ultranest] [DEBUG] Plateau detected at L=-1.135375e+02, not replacing live point.
11:16:21 [ultranest] [DEBUG] Plateau detected at L=-1.135375e+02, not replacing live point.
11:16:21 [ultranest] [DEBUG] Plateau detected at L=-1.135375e+02, not replacing live point.
11:16:21 [ultranest] [DEBUG] Plateau detected at L=-1.135375e+02, not replacing live point.
11:16:21 [ultranest] [DEBUG] Plateau detected at L=-1.135375e+02, not replacing live point.
11:16:21 [ultranest] [DEBUG] Plateau detected at L=-1.135375e+02, not replacing live point.
11:16:21 [ultranest] [DEBUG] Plateau detected at L=-1.135375e+02, not replacing live point.
11:16:21 [ultranest] [DEBUG] Plateau detected at L=-1.135375e+02, not replacing live point.
11:16:21 [ultranest] [DEBUG] Plateau detected at L=-1.135375e+02, not replacing live point.
11:16:21 [ultranest] [DEBUG] Plateau detected at L=-1.135375e+02, not replacing live point.
11:16:21 [ultranest] [DEBUG] Plateau detected at L=-1.135375e+02, not replacing live point.
11:16:21 [ultranest] [DEBUG] Plateau detected at L=-1.135375e+02, not replacing live point.
11:16:21 [ultranest] [DEBUG] Plateau detected at L=-1.135375e+02, not replacing live point.
11:16:21 [ultranest] [DEBUG] Plateau detected at L=-1.135375e+02, not replacing live point.
11:16:21 [ultranest] [DEBUG] Plateau detected at L=-1.135375e+02, not replacing live point.
11:16:21 [ultranest] [DEBUG] Plateau detected at L=-1.135375e+02, not replacing live point.
11:16:21 [ultranest] [DEBUG] Plateau detected at L=-1.135375e+02, not replacing live point.
11:16:21 [ultranest] [DEBUG] Plateau detected at L=-1.135375e+02, not replacing live point.
11:16:21 [ultranest] [DEBUG] Plateau detected at L=-1.135375e+02, not replacing live point.
11:16:21 [ultranest] [DEBUG] Plateau detected at L=-1.135375e+02, not replacing live point.
11:16:21 [ultranest] [DEBUG] Plateau detected at L=-1.135375e+02, not replacing live point.
11:16:21 [ultranest] [DEBUG] Plateau detected at L=-1.135375e+02, not replacing live point.
11:16:21 [ultranest] [DEBUG] Plateau detected at L=-1.135375e+02, not replacing live point.
11:16:21 [ultranest] [DEBUG] Plateau detected at L=-1.135375e+02, not replacing live point.
11:16:21 [ultranest] [DEBUG] Plateau detected at L=-1.135375e+02, not replacing live point.
11:16:21 [ultranest] [DEBUG] Plateau detected at L=-1.135375e+02, not replacing live point.
11:16:21 [ultranest] [DEBUG] Plateau detected at L=-1.135375e+02, not replacing live point.
11:16:21 [ultranest] [DEBUG] Plateau detected at L=-1.135375e+02, not replacing live point.
11:16:21 [ultranest] [DEBUG] Plateau detected at L=-1.135375e+02, not replacing live point.
11:16:21 [ultranest] [DEBUG] Plateau detected at L=-1.135375e+02, not replacing live point.
11:16:21 [ultranest] [DEBUG] Plateau detected at L=-1.135375e+02, not replacing live point.
11:16:21 [ultranest] [DEBUG] Plateau detected at L=-1.135375e+02, not replacing live point.
11:16:21 [ultranest] [DEBUG] Plateau detected at L=-1.135375e+02, not replacing live point.
11:16:21 [ultranest] [DEBUG] Plateau detected at L=-1.135375e+02, not replacing live point.
11:16:21 [ultranest] [DEBUG] Plateau detected at L=-1.135375e+02, not replacing live point.
11:16:21 [ultranest] [DEBUG] Plateau detected at L=-1.135375e+02, not replacing live point.
11:16:21 [ultranest] [DEBUG] Plateau detected at L=-1.135375e+02, not replacing live point.
11:16:21 [ultranest] [DEBUG] Plateau detected at L=-1.135375e+02, not replacing live point.
11:16:21 [ultranest] [DEBUG] Plateau detected at L=-1.135375e+02, not replacing live point.
11:16:21 [ultranest] [DEBUG] Plateau detected at L=-1.135375e+02, not replacing live point.
11:16:21 [ultranest] [DEBUG] Plateau detected at L=-1.135375e+02, not replacing live point.
11:16:21 [ultranest] [DEBUG] Plateau detected at L=-1.135375e+02, not replacing live point.
11:16:21 [ultranest] [DEBUG] Plateau detected at L=-1.135375e+02, not replacing live point.
11:16:21 [ultranest] [DEBUG] Plateau detected at L=-1.135375e+02, not replacing live point.
11:16:21 [ultranest] [DEBUG] Plateau detected at L=-1.135375e+02, not replacing live point.
11:16:21 [ultranest] [DEBUG] Plateau detected at L=-1.135375e+02, not replacing live point.
11:16:21 [ultranest] [DEBUG] Plateau detected at L=-1.135375e+02, not replacing live point.
11:16:21 [ultranest] [DEBUG] Plateau detected at L=-1.135375e+02, not replacing live point.
11:16:21 [ultranest] [DEBUG] Plateau detected at L=-1.135375e+02, not replacing live point.
11:16:21 [ultranest] [DEBUG] Plateau detected at L=-1.135375e+02, not replacing live point.
11:16:21 [ultranest] [DEBUG] Plateau detected at L=-1.135375e+02, not replacing live point.
11:16:21 [ultranest] [DEBUG] Plateau detected at L=-1.135375e+02, not replacing live point.
11:16:21 [ultranest] [DEBUG] Plateau detected at L=-1.135375e+02, not replacing live point.
11:16:21 [ultranest] [DEBUG] Plateau detected at L=-1.135375e+02, not replacing live point.
11:16:21 [ultranest] [DEBUG] Plateau detected at L=-1.135375e+02, not replacing live point.
11:16:21 [ultranest] [DEBUG] Plateau detected at L=-1.135375e+02, not replacing live point.
11:16:21 [ultranest] [DEBUG] Plateau detected at L=-1.135375e+02, not replacing live point.
11:16:21 [ultranest] [DEBUG] Plateau detected at L=-1.135375e+02, not replacing live point.
11:16:21 [ultranest] [DEBUG] Plateau detected at L=-1.135375e+02, not replacing live point.
11:16:21 [ultranest] [DEBUG] Plateau detected at L=-1.135375e+02, not replacing live point.
11:16:21 [ultranest] [DEBUG] Plateau detected at L=-1.135375e+02, not replacing live point.
11:16:21 [ultranest] [DEBUG] Plateau detected at L=-1.135375e+02, not replacing live point.
11:16:21 [ultranest] [DEBUG] Plateau detected at L=-1.135375e+02, not replacing live point.
11:16:21 [ultranest] [DEBUG] Plateau detected at L=-1.135375e+02, not replacing live point.
11:16:21 [ultranest] [DEBUG] Plateau detected at L=-1.135375e+02, not replacing live point.
11:16:21 [ultranest] [DEBUG] Plateau detected at L=-1.135375e+02, not replacing live point.
11:16:21 [ultranest] [DEBUG] Plateau detected at L=-1.135375e+02, not replacing live point.
11:16:21 [ultranest] [DEBUG] Plateau detected at L=-1.135375e+02, not replacing live point.
11:16:21 [ultranest] [DEBUG] Plateau detected at L=-1.135375e+02, not replacing live point.
11:16:21 [ultranest] [DEBUG] Plateau detected at L=-1.135375e+02, not replacing live point.
11:16:21 [ultranest] [DEBUG] Plateau detected at L=-1.135375e+02, not replacing live point.
11:16:21 [ultranest] [DEBUG] Plateau detected at L=-1.135375e+02, not replacing live point.
11:16:21 [ultranest] [DEBUG] Plateau detected at L=-1.135375e+02, not replacing live point.
11:16:21 [ultranest] [DEBUG] Plateau detected at L=-1.135375e+02, not replacing live point.
11:16:21 [ultranest] [DEBUG] Plateau detected at L=-1.135375e+02, not replacing live point.
11:16:21 [ultranest] [DEBUG] Plateau detected at L=-1.135375e+02, not replacing live point.
11:16:21 [ultranest] [DEBUG] Plateau detected at L=-1.135375e+02, not replacing live point.
11:16:21 [ultranest] [DEBUG] Plateau detected at L=-1.135375e+02, not replacing live point.
11:16:21 [ultranest] [DEBUG] Plateau detected at L=-1.135375e+02, not replacing live point.
11:16:21 [ultranest] [DEBUG] Plateau detected at L=-1.135375e+02, not replacing live point.
11:16:21 [ultranest] [DEBUG] Plateau detected at L=-1.135375e+02, not replacing live point.
11:16:21 [ultranest] [DEBUG] Plateau detected at L=-1.135375e+02, not replacing live point.
11:16:21 [ultranest] [DEBUG] Plateau detected at L=-1.135375e+02, not replacing live point.
11:16:21 [ultranest] [DEBUG] Plateau detected at L=-1.135375e+02, not replacing live point.
11:16:21 [ultranest] [DEBUG] Plateau detected at L=-1.135375e+02, not replacing live point.
11:16:21 [ultranest] [DEBUG] Plateau detected at L=-1.135375e+02, not replacing live point.
11:16:21 [ultranest] [DEBUG] Plateau detected at L=-1.135375e+02, not replacing live point.
11:16:21 [ultranest] [DEBUG] Plateau detected at L=-1.135375e+02, not replacing live point.
11:16:21 [ultranest] [DEBUG] Plateau detected at L=-1.135375e+02, not replacing live point.
11:16:21 [ultranest] [DEBUG] Plateau detected at L=-1.135375e+02, not replacing live point.
11:16:21 [ultranest] [DEBUG] Plateau detected at L=-1.135375e+02, not replacing live point.
11:16:21 [ultranest] [DEBUG] Plateau detected at L=-1.135375e+02, not replacing live point.
11:16:21 [ultranest] [DEBUG] Plateau detected at L=-1.135375e+02, not replacing live point.
11:16:21 [ultranest] [DEBUG] Plateau detected at L=-1.135375e+02, not replacing live point.
11:16:21 [ultranest] [DEBUG] Plateau detected at L=-1.135375e+02, not replacing live point.
11:16:21 [ultranest] [DEBUG] Plateau detected at L=-1.135375e+02, not replacing live point.
11:16:21 [ultranest] [DEBUG] Plateau detected at L=-1.135375e+02, not replacing live point.
11:16:21 [ultranest] [DEBUG] Plateau detected at L=-1.135375e+02, not replacing live point.
11:16:21 [ultranest] [DEBUG] Plateau detected at L=-1.135375e+02, not replacing live point.
11:16:21 [ultranest] [DEBUG] Plateau detected at L=-1.135375e+02, not replacing live point.
11:16:21 [ultranest] [DEBUG] Plateau detected at L=-1.135375e+02, not replacing live point.
11:16:21 [ultranest] [DEBUG] Plateau detected at L=-1.135375e+02, not replacing live point.
11:16:21 [ultranest] [DEBUG] Plateau detected at L=-1.135375e+02, not replacing live point.
11:16:21 [ultranest] [DEBUG] Plateau detected at L=-1.135375e+02, not replacing live point.
11:16:21 [ultranest] [DEBUG] Plateau detected at L=-1.135375e+02, not replacing live point.
11:16:21 [ultranest] [DEBUG] Plateau detected at L=-1.135375e+02, not replacing live point.
11:16:21 [ultranest] [DEBUG] Plateau detected at L=-1.135375e+02, not replacing live point.
11:16:21 [ultranest] [DEBUG] Plateau detected at L=-1.135375e+02, not replacing live point.
11:16:21 [ultranest] [DEBUG] Plateau detected at L=-1.135375e+02, not replacing live point.
11:16:21 [ultranest] [DEBUG] Plateau detected at L=-1.135375e+02, not replacing live point.
11:16:21 [ultranest] [DEBUG] Plateau detected at L=-1.135375e+02, not replacing live point.
11:16:21 [ultranest] [DEBUG] Plateau detected at L=-1.135375e+02, not replacing live point.
11:16:21 [ultranest] [DEBUG] Plateau detected at L=-1.135375e+02, not replacing live point.
11:16:21 [ultranest] [DEBUG] Plateau detected at L=-1.135375e+02, not replacing live point.
11:16:21 [ultranest] [DEBUG] Plateau detected at L=-1.135375e+02, not replacing live point.
11:16:21 [ultranest] [DEBUG] Plateau detected at L=-1.135375e+02, not replacing live point.
11:16:21 [ultranest] [DEBUG] Plateau detected at L=-1.135375e+02, not replacing live point.
11:16:21 [ultranest] [DEBUG] Plateau detected at L=-1.135375e+02, not replacing live point.
11:16:22 [ultranest] [DEBUG] Plateau detected at L=-1.135375e+02, not replacing live point.
11:16:22 [ultranest] [DEBUG] Plateau detected at L=-1.135375e+02, not replacing live point.
11:16:22 [ultranest] [DEBUG] Plateau detected at L=-1.135375e+02, not replacing live point.
11:16:22 [ultranest] [DEBUG] Plateau detected at L=-1.135375e+02, not replacing live point.
11:16:22 [ultranest] [DEBUG] Plateau detected at L=-1.135375e+02, not replacing live point.
11:16:22 [ultranest] [DEBUG] Plateau detected at L=-1.135375e+02, not replacing live point.
11:16:22 [ultranest] [DEBUG] Plateau detected at L=-1.135375e+02, not replacing live point.
11:16:22 [ultranest] [DEBUG] Plateau detected at L=-1.135375e+02, not replacing live point.
11:16:22 [ultranest] [DEBUG] Plateau detected at L=-1.135375e+02, not replacing live point.
11:16:22 [ultranest] [DEBUG] Plateau detected at L=-1.135375e+02, not replacing live point.
11:16:22 [ultranest] [DEBUG] Plateau detected at L=-1.135375e+02, not replacing live point.
11:16:22 [ultranest] [DEBUG] Plateau detected at L=-1.135375e+02, not replacing live point.
11:16:22 [ultranest] [DEBUG] Plateau detected at L=-1.135375e+02, not replacing live point.
11:16:22 [ultranest] [DEBUG] Plateau detected at L=-1.135375e+02, not replacing live point.
11:16:22 [ultranest] [DEBUG] Plateau detected at L=-1.135375e+02, not replacing live point.
11:16:22 [ultranest] [DEBUG] Plateau detected at L=-1.135375e+02, not replacing live point.
11:16:22 [ultranest] [DEBUG] Plateau detected at L=-1.135375e+02, not replacing live point.
11:16:22 [ultranest] [DEBUG] Plateau detected at L=-1.135375e+02, not replacing live point.
11:16:22 [ultranest] [DEBUG] Plateau detected at L=-1.135375e+02, not replacing live point.
11:16:22 [ultranest] [DEBUG] Plateau detected at L=-1.135375e+02, not replacing live point.
11:16:22 [ultranest] [DEBUG] Plateau detected at L=-1.135375e+02, not replacing live point.
11:16:22 [ultranest] [DEBUG] Plateau detected at L=-1.135375e+02, not replacing live point.
11:16:22 [ultranest] [DEBUG] Plateau detected at L=-1.135375e+02, not replacing live point.
11:16:22 [ultranest] [DEBUG] Plateau detected at L=-1.135375e+02, not replacing live point.
11:16:22 [ultranest] [DEBUG] Plateau detected at L=-1.135375e+02, not replacing live point.
11:16:22 [ultranest] [DEBUG] Plateau detected at L=-1.135375e+02, not replacing live point.
11:16:22 [ultranest] [DEBUG] Plateau detected at L=-1.135375e+02, not replacing live point.
11:16:22 [ultranest] [DEBUG] Plateau detected at L=-1.135375e+02, not replacing live point.
11:16:22 [ultranest] [DEBUG] Plateau detected at L=-1.135375e+02, not replacing live point.
11:16:22 [ultranest] [DEBUG] Plateau detected at L=-1.135375e+02, not replacing live point.
11:16:22 [ultranest] [DEBUG] Plateau detected at L=-1.135375e+02, not replacing live point.
11:16:22 [ultranest] [DEBUG] Plateau detected at L=-1.135375e+02, not replacing live point.
11:16:22 [ultranest] [DEBUG] Plateau detected at L=-1.135375e+02, not replacing live point.
11:16:22 [ultranest] [DEBUG] Plateau detected at L=-1.135375e+02, not replacing live point.
11:16:22 [ultranest] [DEBUG] Plateau detected at L=-1.135375e+02, not replacing live point.
11:16:22 [ultranest] [DEBUG] Plateau detected at L=-1.135375e+02, not replacing live point.
11:16:22 [ultranest] [DEBUG] Plateau detected at L=-1.135375e+02, not replacing live point.
11:16:22 [ultranest] [DEBUG] Plateau detected at L=-1.135375e+02, not replacing live point.
11:16:22 [ultranest] [DEBUG] Plateau detected at L=-1.135375e+02, not replacing live point.
11:16:22 [ultranest] [DEBUG] Plateau detected at L=-1.135375e+02, not replacing live point.
11:16:22 [ultranest] [DEBUG] Plateau detected at L=-1.135375e+02, not replacing live point.
11:16:22 [ultranest] [DEBUG] Plateau detected at L=-1.135375e+02, not replacing live point.
11:16:22 [ultranest] [DEBUG] Plateau detected at L=-1.135375e+02, not replacing live point.
11:16:22 [ultranest] [DEBUG] Plateau detected at L=-1.135375e+02, not replacing live point.
11:16:22 [ultranest] [DEBUG] Plateau detected at L=-1.135375e+02, not replacing live point.
11:16:22 [ultranest] [DEBUG] Plateau detected at L=-1.135375e+02, not replacing live point.
11:16:22 [ultranest] [DEBUG] Plateau detected at L=-1.135375e+02, not replacing live point.
11:16:22 [ultranest] [DEBUG] Plateau detected at L=-1.135375e+02, not replacing live point.
11:16:22 [ultranest] [DEBUG] Plateau detected at L=-1.135375e+02, not replacing live point.
11:16:22 [ultranest] [DEBUG] Plateau detected at L=-1.135375e+02, not replacing live point.
11:16:22 [ultranest] [DEBUG] Plateau detected at L=-1.135375e+02, not replacing live point.
11:16:22 [ultranest] [DEBUG] Plateau detected at L=-1.135375e+02, not replacing live point.
11:16:22 [ultranest] [DEBUG] Plateau detected at L=-1.135375e+02, not replacing live point.
11:16:22 [ultranest] [DEBUG] Plateau detected at L=-1.135375e+02, not replacing live point.
11:16:22 [ultranest] [DEBUG] Plateau detected at L=-1.135375e+02, not replacing live point.
11:16:22 [ultranest] [DEBUG] Plateau detected at L=-1.135375e+02, not replacing live point.
11:16:22 [ultranest] [DEBUG] Plateau detected at L=-1.135375e+02, not replacing live point.
11:16:22 [ultranest] [DEBUG] Plateau detected at L=-1.135375e+02, not replacing live point.
11:16:22 [ultranest] [DEBUG] Plateau detected at L=-1.135375e+02, not replacing live point.
11:16:22 [ultranest] [DEBUG] Plateau detected at L=-1.135375e+02, not replacing live point.
11:16:22 [ultranest] [DEBUG] Plateau detected at L=-1.135375e+02, not replacing live point.
11:16:22 [ultranest] [DEBUG] Plateau detected at L=-1.135375e+02, not replacing live point.
11:16:22 [ultranest] [DEBUG] Plateau detected at L=-1.135375e+02, not replacing live point.
11:16:22 [ultranest] [DEBUG] Plateau detected at L=-1.135375e+02, not replacing live point.
11:16:22 [ultranest] [DEBUG] Plateau detected at L=-1.135375e+02, not replacing live point.
11:16:22 [ultranest] [DEBUG] Plateau detected at L=-1.135375e+02, not replacing live point.
11:16:22 [ultranest] [DEBUG] Plateau detected at L=-1.135375e+02, not replacing live point.
11:16:22 [ultranest] [DEBUG] Plateau detected at L=-1.135375e+02, not replacing live point.
11:16:22 [ultranest] [DEBUG] Plateau detected at L=-1.135375e+02, not replacing live point.
11:16:22 [ultranest] [DEBUG] Plateau detected at L=-1.135375e+02, not replacing live point.
11:16:22 [ultranest] [DEBUG] Plateau detected at L=-1.135375e+02, not replacing live point.
11:16:22 [ultranest] [DEBUG] Plateau detected at L=-1.135375e+02, not replacing live point.
11:16:22 [ultranest] [DEBUG] Plateau detected at L=-1.135375e+02, not replacing live point.
11:16:22 [ultranest] [DEBUG] Plateau detected at L=-1.135375e+02, not replacing live point.
11:16:22 [ultranest] [DEBUG] Plateau detected at L=-1.135375e+02, not replacing live point.
11:16:22 [ultranest] [DEBUG] Plateau detected at L=-1.135375e+02, not replacing live point.
11:16:22 [ultranest] [DEBUG] Plateau detected at L=-1.135375e+02, not replacing live point.
11:16:22 [ultranest] [DEBUG] Plateau detected at L=-1.135375e+02, not replacing live point.
11:16:22 [ultranest] [DEBUG] Plateau detected at L=-1.135375e+02, not replacing live point.
11:16:22 [ultranest] [DEBUG] Plateau detected at L=-1.135375e+02, not replacing live point.
11:16:22 [ultranest] [DEBUG] Plateau detected at L=-1.135375e+02, not replacing live point.
11:16:22 [ultranest] [DEBUG] Plateau detected at L=-1.135375e+02, not replacing live point.
11:16:22 [ultranest] [DEBUG] Plateau detected at L=-1.135375e+02, not replacing live point.
11:16:22 [ultranest] [DEBUG] Plateau detected at L=-1.135375e+02, not replacing live point.
11:16:22 [ultranest] [DEBUG] Plateau detected at L=-1.135375e+02, not replacing live point.
11:16:22 [ultranest] [DEBUG] Plateau detected at L=-1.135375e+02, not replacing live point.
11:16:22 [ultranest] [DEBUG] Plateau detected at L=-1.135375e+02, not replacing live point.
11:16:22 [ultranest] [DEBUG] Plateau detected at L=-1.135375e+02, not replacing live point.
11:16:22 [ultranest] [DEBUG] Plateau detected at L=-1.135375e+02, not replacing live point.
11:16:22 [ultranest] [DEBUG] Plateau detected at L=-1.135375e+02, not replacing live point.
11:16:22 [ultranest] [DEBUG] Plateau detected at L=-1.135375e+02, not replacing live point.
11:16:22 [ultranest] [DEBUG] Plateau detected at L=-1.135375e+02, not replacing live point.
11:16:22 [ultranest] [DEBUG] Plateau detected at L=-1.135375e+02, not replacing live point.
11:16:22 [ultranest] [DEBUG] Plateau detected at L=-1.135375e+02, not replacing live point.
11:16:22 [ultranest] [DEBUG] Plateau detected at L=-1.135375e+02, not replacing live point.
11:16:22 [ultranest] [DEBUG] Plateau detected at L=-1.135375e+02, not replacing live point.
11:16:22 [ultranest] [DEBUG] Plateau detected at L=-1.135375e+02, not replacing live point.
11:16:22 [ultranest] [DEBUG] Plateau detected at L=-1.135375e+02, not replacing live point.
11:16:22 [ultranest] [DEBUG] Plateau detected at L=-1.135375e+02, not replacing live point.
11:16:22 [ultranest] [DEBUG] Plateau detected at L=-1.135375e+02, not replacing live point.
11:16:22 [ultranest] [DEBUG] Plateau detected at L=-1.135375e+02, not replacing live point.
11:16:22 [ultranest] [DEBUG] Plateau detected at L=-1.135375e+02, not replacing live point.
11:16:22 [ultranest] [DEBUG] Plateau detected at L=-1.135375e+02, not replacing live point.
11:16:22 [ultranest] [DEBUG] Plateau detected at L=-1.135375e+02, not replacing live point.
11:16:22 [ultranest] [DEBUG] Plateau detected at L=-1.135375e+02, not replacing live point.
11:16:22 [ultranest] [DEBUG] Plateau detected at L=-1.135375e+02, not replacing live point.
11:16:22 [ultranest] [DEBUG] Plateau detected at L=-1.135375e+02, not replacing live point.
11:16:22 [ultranest] [DEBUG] Plateau detected at L=-1.135375e+02, not replacing live point.
11:16:22 [ultranest] [DEBUG] Plateau detected at L=-1.135375e+02, not replacing live point.
11:16:22 [ultranest] [DEBUG] Plateau detected at L=-1.135375e+02, not replacing live point.
11:16:22 [ultranest] [DEBUG] Plateau detected at L=-1.135375e+02, not replacing live point.
11:16:22 [ultranest] [DEBUG] Plateau detected at L=-1.135375e+02, not replacing live point.
11:16:22 [ultranest] [DEBUG] Plateau detected at L=-1.135375e+02, not replacing live point.
11:16:22 [ultranest] [DEBUG] Plateau detected at L=-1.135375e+02, not replacing live point.
11:16:22 [ultranest] [DEBUG] Plateau detected at L=-1.135375e+02, not replacing live point.
11:16:22 [ultranest] [DEBUG] Plateau detected at L=-1.135375e+02, not replacing live point.
11:16:22 [ultranest] [DEBUG] Plateau detected at L=-1.135375e+02, not replacing live point.
11:16:22 [ultranest] [DEBUG] Plateau detected at L=-1.135375e+02, not replacing live point.
11:16:22 [ultranest] [DEBUG] Plateau detected at L=-1.135375e+02, not replacing live point.
11:16:22 [ultranest] [DEBUG] Plateau detected at L=-1.135375e+02, not replacing live point.
11:16:22 [ultranest] [DEBUG] Plateau detected at L=-1.135375e+02, not replacing live point.
11:16:22 [ultranest] [DEBUG] Plateau detected at L=-1.135375e+02, not replacing live point.
11:16:22 [ultranest] [DEBUG] Plateau detected at L=-1.135375e+02, not replacing live point.
11:16:22 [ultranest] [DEBUG] Plateau detected at L=-1.135375e+02, not replacing live point.
11:16:22 [ultranest] [DEBUG] Plateau detected at L=-1.135375e+02, not replacing live point.
11:16:22 [ultranest] [DEBUG] Plateau detected at L=-1.135375e+02, not replacing live point.
11:16:22 [ultranest] [DEBUG] Plateau detected at L=-1.135375e+02, not replacing live point.
11:16:22 [ultranest] [DEBUG] Plateau detected at L=-1.135375e+02, not replacing live point.
11:16:22 [ultranest] [DEBUG] Plateau detected at L=-1.135375e+02, not replacing live point.
11:16:22 [ultranest] [DEBUG] Plateau detected at L=-1.135375e+02, not replacing live point.
11:16:22 [ultranest] [DEBUG] Plateau detected at L=-1.135375e+02, not replacing live point.
11:16:22 [ultranest] [DEBUG] Plateau detected at L=-1.135375e+02, not replacing live point.
11:16:22 [ultranest] [DEBUG] Plateau detected at L=-1.135375e+02, not replacing live point.
11:16:22 [ultranest] [DEBUG] Plateau detected at L=-1.135375e+02, not replacing live point.
11:16:22 [ultranest] [DEBUG] Plateau detected at L=-1.135375e+02, not replacing live point.
11:16:22 [ultranest] [DEBUG] Plateau detected at L=-1.135375e+02, not replacing live point.
11:16:22 [ultranest] [DEBUG] Plateau detected at L=-1.135375e+02, not replacing live point.
11:16:22 [ultranest] [DEBUG] Plateau detected at L=-1.135375e+02, not replacing live point.
11:16:22 [ultranest] [DEBUG] Plateau detected at L=-1.135375e+02, not replacing live point.
11:16:22 [ultranest] [DEBUG] Plateau detected at L=-1.135375e+02, not replacing live point.
11:16:22 [ultranest] [DEBUG] Plateau detected at L=-1.135375e+02, not replacing live point.
11:16:22 [ultranest] [DEBUG] Plateau detected at L=-1.135375e+02, not replacing live point.
11:16:22 [ultranest] [DEBUG] Plateau detected at L=-1.135375e+02, not replacing live point.
11:16:22 [ultranest] [DEBUG] Plateau detected at L=-1.135375e+02, not replacing live point.
11:16:22 [ultranest] [DEBUG] Plateau detected at L=-1.135375e+02, not replacing live point.
11:16:22 [ultranest] [DEBUG] Plateau detected at L=-1.135375e+02, not replacing live point.
11:16:22 [ultranest] [DEBUG] Plateau detected at L=-1.135375e+02, not replacing live point.
11:16:22 [ultranest] [DEBUG] Plateau detected at L=-1.135375e+02, not replacing live point.
11:16:22 [ultranest] [DEBUG] Plateau detected at L=-1.135375e+02, not replacing live point.
11:16:22 [ultranest] [DEBUG] Plateau detected at L=-1.135375e+02, not replacing live point.
11:16:22 [ultranest] [DEBUG] Plateau detected at L=-1.135375e+02, not replacing live point.
11:16:22 [ultranest] [DEBUG] Plateau detected at L=-1.135375e+02, not replacing live point.
11:16:22 [ultranest] [DEBUG] Plateau detected at L=-1.135375e+02, not replacing live point.
11:16:22 [ultranest] [DEBUG] Plateau detected at L=-1.135375e+02, not replacing live point.
11:16:22 [ultranest] [DEBUG] Plateau detected at L=-1.135375e+02, not replacing live point.
11:16:22 [ultranest] [DEBUG] Plateau detected at L=-1.135375e+02, not replacing live point.
11:16:22 [ultranest] [DEBUG] Plateau detected at L=-1.135375e+02, not replacing live point.
11:16:22 [ultranest] [DEBUG] Plateau detected at L=-1.135375e+02, not replacing live point.
11:16:22 [ultranest] [DEBUG] Plateau detected at L=-1.135375e+02, not replacing live point.
11:16:22 [ultranest] [DEBUG] Plateau detected at L=-1.135375e+02, not replacing live point.
11:16:22 [ultranest] [DEBUG] Plateau detected at L=-1.135375e+02, not replacing live point.
11:16:22 [ultranest] [DEBUG] Plateau detected at L=-1.135375e+02, not replacing live point.
11:16:22 [ultranest] [DEBUG] Plateau detected at L=-1.135375e+02, not replacing live point.
11:16:22 [ultranest] [DEBUG] Plateau detected at L=-1.135375e+02, not replacing live point.
11:16:22 [ultranest] [DEBUG] Plateau detected at L=-1.135375e+02, not replacing live point.
11:16:22 [ultranest] [DEBUG] Plateau detected at L=-1.135375e+02, not replacing live point.
11:16:22 [ultranest] [DEBUG] Plateau detected at L=-1.135375e+02, not replacing live point.
11:16:22 [ultranest] [DEBUG] Plateau detected at L=-1.135375e+02, not replacing live point.
11:16:22 [ultranest] [DEBUG] Plateau detected at L=-1.135375e+02, not replacing live point.
11:16:22 [ultranest] [DEBUG] Plateau detected at L=-1.135375e+02, not replacing live point.
11:16:22 [ultranest] [DEBUG] Plateau detected at L=-1.135375e+02, not replacing live point.
11:16:22 [ultranest] [DEBUG] Plateau detected at L=-1.135375e+02, not replacing live point.
11:16:22 [ultranest] [DEBUG] Plateau detected at L=-1.135375e+02, not replacing live point.
11:16:22 [ultranest] [DEBUG] Plateau detected at L=-1.135375e+02, not replacing live point.
11:16:22 [ultranest] [DEBUG] Plateau detected at L=-1.135375e+02, not replacing live point.
11:16:22 [ultranest] [DEBUG] Plateau detected at L=-1.135375e+02, not replacing live point.
11:16:22 [ultranest] [DEBUG] Plateau detected at L=-1.135375e+02, not replacing live point.
11:16:22 [ultranest] [DEBUG] Plateau detected at L=-1.135375e+02, not replacing live point.
11:16:22 [ultranest] [DEBUG] Plateau detected at L=-1.135375e+02, not replacing live point.
11:16:22 [ultranest] [DEBUG] Plateau detected at L=-1.135375e+02, not replacing live point.
11:16:22 [ultranest] [DEBUG] Plateau detected at L=-1.135375e+02, not replacing live point.
11:16:22 [ultranest] [DEBUG] Plateau detected at L=-1.135375e+02, not replacing live point.
11:16:22 [ultranest] [DEBUG] Plateau detected at L=-1.135375e+02, not replacing live point.
11:16:22 [ultranest] [DEBUG] Plateau detected at L=-1.135375e+02, not replacing live point.
11:16:22 [ultranest] [DEBUG] Plateau detected at L=-1.135375e+02, not replacing live point.
11:16:22 [ultranest] [DEBUG] Plateau detected at L=-1.135375e+02, not replacing live point.
11:16:22 [ultranest] [DEBUG] Plateau detected at L=-1.135375e+02, not replacing live point.
11:16:22 [ultranest] [DEBUG] Plateau detected at L=-1.135375e+02, not replacing live point.
11:16:22 [ultranest] [DEBUG] Plateau detected at L=-1.135375e+02, not replacing live point.
11:16:22 [ultranest] [DEBUG] Plateau detected at L=-1.135375e+02, not replacing live point.
11:16:22 [ultranest] [DEBUG] Plateau detected at L=-1.135375e+02, not replacing live point.
11:16:22 [ultranest] [DEBUG] Plateau detected at L=-1.135375e+02, not replacing live point.
11:16:22 [ultranest] [DEBUG] Plateau detected at L=-1.135375e+02, not replacing live point.
11:16:22 [ultranest] [DEBUG] Plateau detected at L=-1.135375e+02, not replacing live point.
11:16:22 [ultranest] [DEBUG] Plateau detected at L=-1.135375e+02, not replacing live point.
11:16:22 [ultranest] [DEBUG] Plateau detected at L=-1.135375e+02, not replacing live point.
11:16:22 [ultranest] [DEBUG] Plateau detected at L=-1.135375e+02, not replacing live point.
11:16:22 [ultranest] [DEBUG] Plateau detected at L=-1.135375e+02, not replacing live point.
11:16:22 [ultranest] [DEBUG] Plateau detected at L=-1.135375e+02, not replacing live point.
11:16:22 [ultranest] [DEBUG] Plateau detected at L=-1.135375e+02, not replacing live point.
11:16:22 [ultranest] [DEBUG] Plateau detected at L=-1.135375e+02, not replacing live point.
11:16:22 [ultranest] [DEBUG] Plateau detected at L=-1.135375e+02, not replacing live point.
11:16:22 [ultranest] [DEBUG] Plateau detected at L=-1.135375e+02, not replacing live point.
11:16:22 [ultranest] [DEBUG] Plateau detected at L=-1.135375e+02, not replacing live point.
11:16:22 [ultranest] [DEBUG] Plateau detected at L=-1.135375e+02, not replacing live point.
11:16:22 [ultranest] [DEBUG] Plateau detected at L=-1.135375e+02, not replacing live point.
11:16:22 [ultranest] [DEBUG] Plateau detected at L=-1.135375e+02, not replacing live point.
11:16:22 [ultranest] [DEBUG] Plateau detected at L=-1.135375e+02, not replacing live point.
11:16:22 [ultranest] [DEBUG] Plateau detected at L=-1.135375e+02, not replacing live point.
11:16:22 [ultranest] [DEBUG] Plateau detected at L=-1.135375e+02, not replacing live point.
11:16:22 [ultranest] [DEBUG] Plateau detected at L=-1.135375e+02, not replacing live point.
11:16:22 [ultranest] [DEBUG] Plateau detected at L=-1.135375e+02, not replacing live point.
11:16:22 [ultranest] [DEBUG] Plateau detected at L=-1.135375e+02, not replacing live point.
11:16:22 [ultranest] [DEBUG] Plateau detected at L=-1.135375e+02, not replacing live point.
11:16:22 [ultranest] [DEBUG] Plateau detected at L=-1.135375e+02, not replacing live point.
11:16:22 [ultranest] [DEBUG] Plateau detected at L=-1.135375e+02, not replacing live point.
11:16:22 [ultranest] [DEBUG] Plateau detected at L=-1.135375e+02, not replacing live point.
11:16:22 [ultranest] [DEBUG] Plateau detected at L=-1.135375e+02, not replacing live point.
11:16:22 [ultranest] [DEBUG] Plateau detected at L=-1.135375e+02, not replacing live point.
11:16:22 [ultranest] [DEBUG] Plateau detected at L=-1.135375e+02, not replacing live point.
11:16:22 [ultranest] [DEBUG] Plateau detected at L=-1.135375e+02, not replacing live point.
11:16:22 [ultranest] [DEBUG] Plateau detected at L=-1.135375e+02, not replacing live point.
11:16:22 [ultranest] [DEBUG] Plateau detected at L=-1.135375e+02, not replacing live point.
11:16:22 [ultranest] [DEBUG] Plateau detected at L=-1.135375e+02, not replacing live point.
11:16:22 [ultranest] [DEBUG] Plateau detected at L=-1.135375e+02, not replacing live point.
11:16:22 [ultranest] [DEBUG] Plateau detected at L=-1.135375e+02, not replacing live point.
11:16:22 [ultranest] [DEBUG] Plateau detected at L=-1.135375e+02, not replacing live point.
11:16:22 [ultranest] [DEBUG] Plateau detected at L=-1.135375e+02, not replacing live point.
11:16:22 [ultranest] [DEBUG] Plateau detected at L=-1.135375e+02, not replacing live point.
11:16:22 [ultranest] [DEBUG] Plateau detected at L=-1.135375e+02, not replacing live point.
11:16:22 [ultranest] [DEBUG] Plateau detected at L=-1.135375e+02, not replacing live point.
11:16:22 [ultranest] [DEBUG] Plateau detected at L=-1.135375e+02, not replacing live point.
11:16:22 [ultranest] [DEBUG] Plateau detected at L=-1.135375e+02, not replacing live point.
11:16:22 [ultranest] [DEBUG] Plateau detected at L=-1.135375e+02, not replacing live point.
11:16:22 [ultranest] [DEBUG] Plateau detected at L=-1.135375e+02, not replacing live point.
11:16:22 [ultranest] [DEBUG] Plateau detected at L=-1.135375e+02, not replacing live point.
11:16:22 [ultranest] [DEBUG] Plateau detected at L=-1.135375e+02, not replacing live point.
11:16:22 [ultranest] [DEBUG] Plateau detected at L=-1.135375e+02, not replacing live point.
11:16:22 [ultranest] [DEBUG] Plateau detected at L=-1.135375e+02, not replacing live point.
11:16:22 [ultranest] [DEBUG] Plateau detected at L=-1.135375e+02, not replacing live point.
11:16:22 [ultranest] [DEBUG] Plateau detected at L=-1.135375e+02, not replacing live point.
11:16:22 [ultranest] [DEBUG] Plateau detected at L=-1.135375e+02, not replacing live point.
11:16:22 [ultranest] [DEBUG] Plateau detected at L=-1.135375e+02, not replacing live point.
11:16:22 [ultranest] [DEBUG] Plateau detected at L=-1.135375e+02, not replacing live point.
11:16:22 [ultranest] [DEBUG] Plateau detected at L=-1.135375e+02, not replacing live point.
11:16:22 [ultranest] [DEBUG] Plateau detected at L=-1.135375e+02, not replacing live point.
11:16:22 [ultranest] [DEBUG] Plateau detected at L=-1.135375e+02, not replacing live point.
11:16:22 [ultranest] [DEBUG] Plateau detected at L=-1.135375e+02, not replacing live point.
11:16:22 [ultranest] [DEBUG] Plateau detected at L=-1.135375e+02, not replacing live point.
11:16:22 [ultranest] [DEBUG] Plateau detected at L=-1.135375e+02, not replacing live point.
11:16:22 [ultranest] [DEBUG] Plateau detected at L=-1.135375e+02, not replacing live point.
11:16:22 [ultranest] [DEBUG] Plateau detected at L=-1.135375e+02, not replacing live point.
11:16:22 [ultranest] [DEBUG] Plateau detected at L=-1.135375e+02, not replacing live point.
11:16:22 [ultranest] [DEBUG] Plateau detected at L=-1.135375e+02, not replacing live point.
11:16:22 [ultranest] [DEBUG] Plateau detected at L=-1.135375e+02, not replacing live point.
11:16:22 [ultranest] [DEBUG] Plateau detected at L=-1.135375e+02, not replacing live point.
11:16:22 [ultranest] [DEBUG] Plateau detected at L=-1.135375e+02, not replacing live point.
11:16:22 [ultranest] [DEBUG] Plateau detected at L=-1.135375e+02, not replacing live point.
11:16:22 [ultranest] [DEBUG] Plateau detected at L=-1.135375e+02, not replacing live point.
11:16:22 [ultranest] [DEBUG] Plateau detected at L=-1.135375e+02, not replacing live point.
11:16:22 [ultranest] [DEBUG] Plateau detected at L=-1.135375e+02, not replacing live point.
11:16:22 [ultranest] [DEBUG] Plateau detected at L=-1.135375e+02, not replacing live point.
11:16:22 [ultranest] [DEBUG] Plateau detected at L=-1.135375e+02, not replacing live point.
11:16:22 [ultranest] [DEBUG] Plateau detected at L=-1.135375e+02, not replacing live point.
11:16:22 [ultranest] [DEBUG] Plateau detected at L=-1.135375e+02, not replacing live point.
11:16:22 [ultranest] [DEBUG] Plateau detected at L=-1.135375e+02, not replacing live point.
11:16:22 [ultranest] [DEBUG] Plateau detected at L=-1.135375e+02, not replacing live point.
11:16:22 [ultranest] [DEBUG] Plateau detected at L=-1.135375e+02, not replacing live point.
11:16:22 [ultranest] [DEBUG] Plateau detected at L=-1.135375e+02, not replacing live point.
11:16:22 [ultranest] [DEBUG] Plateau detected at L=-1.135375e+02, not replacing live point.
11:16:22 [ultranest] [DEBUG] Plateau detected at L=-1.135375e+02, not replacing live point.
11:16:22 [ultranest] [DEBUG] Plateau detected at L=-1.135375e+02, not replacing live point.
11:16:22 [ultranest] [DEBUG] Plateau detected at L=-1.135375e+02, not replacing live point.
11:16:22 [ultranest] [DEBUG] Plateau detected at L=-1.135375e+02, not replacing live point.
11:16:22 [ultranest] [DEBUG] Plateau detected at L=-1.135375e+02, not replacing live point.
11:16:22 [ultranest] [DEBUG] Plateau detected at L=-1.135375e+02, not replacing live point.
11:16:22 [ultranest] [DEBUG] Plateau detected at L=-1.135375e+02, not replacing live point.
11:16:22 [ultranest] [DEBUG] Plateau detected at L=-1.135375e+02, not replacing live point.
11:16:22 [ultranest] [DEBUG] Plateau detected at L=-1.135375e+02, not replacing live point.
11:16:22 [ultranest] [DEBUG] Plateau detected at L=-1.135375e+02, not replacing live point.
11:16:22 [ultranest] [DEBUG] Plateau detected at L=-1.135375e+02, not replacing live point.
11:16:22 [ultranest] [DEBUG] Plateau detected at L=-1.135375e+02, not replacing live point.
11:16:22 [ultranest] [DEBUG] Plateau detected at L=-1.135375e+02, not replacing live point.
11:16:22 [ultranest] [DEBUG] Plateau detected at L=-1.135375e+02, not replacing live point.
11:16:22 [ultranest] [DEBUG] Plateau detected at L=-1.135375e+02, not replacing live point.
11:16:22 [ultranest] [DEBUG] Plateau detected at L=-1.135375e+02, not replacing live point.
11:16:22 [ultranest] [DEBUG] Plateau detected at L=-1.135375e+02, not replacing live point.
11:16:22 [ultranest] [DEBUG] Plateau detected at L=-1.135375e+02, not replacing live point.
11:16:22 [ultranest] [DEBUG] Plateau detected at L=-1.135375e+02, not replacing live point.
11:16:22 [ultranest] [DEBUG] Plateau detected at L=-1.135375e+02, not replacing live point.
11:16:22 [ultranest] [DEBUG] Plateau detected at L=-1.135375e+02, not replacing live point.
11:16:22 [ultranest] [DEBUG] Plateau detected at L=-1.135375e+02, not replacing live point.
11:16:22 [ultranest] [DEBUG] Plateau detected at L=-1.135375e+02, not replacing live point.
11:16:22 [ultranest] [DEBUG] Plateau detected at L=-1.135375e+02, not replacing live point.
11:16:22 [ultranest] [DEBUG] Plateau detected at L=-1.135375e+02, not replacing live point.
11:16:22 [ultranest] [DEBUG] Plateau detected at L=-1.135375e+02, not replacing live point.
11:16:22 [ultranest] [DEBUG] Plateau detected at L=-1.135375e+02, not replacing live point.
11:16:22 [ultranest] [DEBUG] Plateau detected at L=-1.135375e+02, not replacing live point.
11:16:22 [ultranest] [DEBUG] Plateau detected at L=-1.135375e+02, not replacing live point.
11:16:22 [ultranest] [DEBUG] Plateau detected at L=-1.135375e+02, not replacing live point.
11:16:22 [ultranest] [DEBUG] Plateau detected at L=-1.135375e+02, not replacing live point.
11:16:22 [ultranest] [DEBUG] Plateau detected at L=-1.135375e+02, not replacing live point.
11:16:22 [ultranest] [DEBUG] Plateau detected at L=-1.135375e+02, not replacing live point.
11:16:22 [ultranest] [DEBUG] Plateau detected at L=-1.135375e+02, not replacing live point.
11:16:22 [ultranest] [DEBUG] Plateau detected at L=-1.135375e+02, not replacing live point.
11:16:22 [ultranest] [DEBUG] Plateau detected at L=-1.135375e+02, not replacing live point.
11:16:22 [ultranest] [DEBUG] Plateau detected at L=-1.135375e+02, not replacing live point.
11:16:22 [ultranest] [DEBUG] Plateau detected at L=-1.135375e+02, not replacing live point.
11:16:22 [ultranest] [DEBUG] Plateau detected at L=-1.135375e+02, not replacing live point.
11:16:22 [ultranest] [DEBUG] Plateau detected at L=-1.135375e+02, not replacing live point.
11:16:22 [ultranest] [DEBUG] Plateau detected at L=-1.135375e+02, not replacing live point.
11:16:22 [ultranest] [DEBUG] Plateau detected at L=-1.135375e+02, not replacing live point.
11:16:22 [ultranest] [DEBUG] Plateau detected at L=-1.135375e+02, not replacing live point.
11:16:22 [ultranest] [DEBUG] Plateau detected at L=-1.135375e+02, not replacing live point.
11:16:22 [ultranest] [DEBUG] Plateau detected at L=-1.135375e+02, not replacing live point.
11:16:22 [ultranest] [DEBUG] Plateau detected at L=-1.135375e+02, not replacing live point.
11:16:22 [ultranest] [DEBUG] Plateau detected at L=-1.135375e+02, not replacing live point.
11:16:22 [ultranest] [DEBUG] Plateau detected at L=-1.135375e+02, not replacing live point.
11:16:22 [ultranest] [DEBUG] Plateau detected at L=-1.135375e+02, not replacing live point.
11:16:22 [ultranest] [DEBUG] Plateau detected at L=-1.135375e+02, not replacing live point.
11:16:22 [ultranest] [DEBUG] Plateau detected at L=-1.135375e+02, not replacing live point.
11:16:22 [ultranest] [DEBUG] Plateau detected at L=-1.135375e+02, not replacing live point.
11:16:22 [ultranest] [DEBUG] Plateau detected at L=-1.135375e+02, not replacing live point.
11:16:22 [ultranest] [DEBUG] Plateau detected at L=-1.135375e+02, not replacing live point.
11:16:22 [ultranest] [DEBUG] Plateau detected at L=-1.135375e+02, not replacing live point.
11:16:22 [ultranest] [DEBUG] Plateau detected at L=-1.135375e+02, not replacing live point.
11:16:22 [ultranest] [DEBUG] Plateau detected at L=-1.135375e+02, not replacing live point.
11:16:22 [ultranest] [DEBUG] Plateau detected at L=-1.135375e+02, not replacing live point.
11:16:22 [ultranest] [DEBUG] Plateau detected at L=-1.135375e+02, not replacing live point.
11:16:22 [ultranest] [DEBUG] Plateau detected at L=-1.135375e+02, not replacing live point.
11:16:22 [ultranest] [DEBUG] Plateau detected at L=-1.135375e+02, not replacing live point.
11:16:22 [ultranest] [DEBUG] Plateau detected at L=-1.135375e+02, not replacing live point.
11:16:22 [ultranest] [DEBUG] Plateau detected at L=-1.135375e+02, not replacing live point.
11:16:22 [ultranest] [DEBUG] Plateau detected at L=-1.135375e+02, not replacing live point.
11:16:22 [ultranest] [DEBUG] Plateau detected at L=-1.135375e+02, not replacing live point.
11:16:22 [ultranest] [DEBUG] Plateau detected at L=-1.135375e+02, not replacing live point.
11:16:22 [ultranest] [DEBUG] Plateau detected at L=-1.135375e+02, not replacing live point.
11:16:22 [ultranest] [DEBUG] Plateau detected at L=-1.135375e+02, not replacing live point.
11:16:22 [ultranest] [DEBUG] Plateau detected at L=-1.135375e+02, not replacing live point.
11:16:22 [ultranest] [DEBUG] Plateau detected at L=-1.135375e+02, not replacing live point.
11:16:22 [ultranest] [DEBUG] Plateau detected at L=-1.135375e+02, not replacing live point.
11:16:22 [ultranest] [DEBUG] Plateau detected at L=-1.135375e+02, not replacing live point.
11:16:22 [ultranest] [DEBUG] Plateau detected at L=-1.135375e+02, not replacing live point.
11:16:22 [ultranest] [DEBUG] Plateau detected at L=-1.135375e+02, not replacing live point.
11:16:22 [ultranest] [DEBUG] Plateau detected at L=-1.135375e+02, not replacing live point.
11:16:22 [ultranest] [DEBUG] Plateau detected at L=-1.135375e+02, not replacing live point.
11:16:22 [ultranest] [DEBUG] Plateau detected at L=-1.135375e+02, not replacing live point.
11:16:22 [ultranest] [DEBUG] Plateau detected at L=-1.135375e+02, not replacing live point.
11:16:22 [ultranest] [DEBUG] Plateau detected at L=-1.135375e+02, not replacing live point.
11:16:22 [ultranest] [DEBUG] Plateau detected at L=-1.135375e+02, not replacing live point.
11:16:22 [ultranest] [DEBUG] Plateau detected at L=-1.135375e+02, not replacing live point.
11:16:22 [ultranest] [DEBUG] Plateau detected at L=-1.135375e+02, not replacing live point.
11:16:22 [ultranest] [DEBUG] Plateau detected at L=-1.135375e+02, not replacing live point.
11:16:22 [ultranest] [DEBUG] Plateau detected at L=-1.135375e+02, not replacing live point.
11:16:22 [ultranest] [DEBUG] Plateau detected at L=-1.135375e+02, not replacing live point.
11:16:22 [ultranest] [DEBUG] Plateau detected at L=-1.135375e+02, not replacing live point.
11:16:22 [ultranest] [DEBUG] Plateau detected at L=-1.135375e+02, not replacing live point.
11:16:22 [ultranest] [DEBUG] Plateau detected at L=-1.135375e+02, not replacing live point.
11:16:22 [ultranest] [DEBUG] Plateau detected at L=-1.135375e+02, not replacing live point.
11:16:22 [ultranest] [DEBUG] Plateau detected at L=-1.135375e+02, not replacing live point.
11:16:22 [ultranest] [DEBUG] Plateau detected at L=-1.135375e+02, not replacing live point.
11:16:22 [ultranest] [DEBUG] Plateau detected at L=-1.135375e+02, not replacing live point.
11:16:22 [ultranest] [DEBUG] Plateau detected at L=-1.135375e+02, not replacing live point.
11:16:22 [ultranest] [DEBUG] Plateau detected at L=-1.135375e+02, not replacing live point.
11:16:22 [ultranest] [DEBUG] Plateau detected at L=-1.135375e+02, not replacing live point.
11:16:22 [ultranest] [DEBUG] Plateau detected at L=-1.135375e+02, not replacing live point.
11:16:22 [ultranest] [DEBUG] Plateau detected at L=-1.135375e+02, not replacing live point.
11:16:22 [ultranest] [DEBUG] Plateau detected at L=-1.135375e+02, not replacing live point.
11:16:22 [ultranest] [DEBUG] Plateau detected at L=-1.135375e+02, not replacing live point.
11:16:22 [ultranest] [DEBUG] Plateau detected at L=-1.135375e+02, not replacing live point.
11:16:22 [ultranest] [DEBUG] Plateau detected at L=-1.135375e+02, not replacing live point.
11:16:22 [ultranest] [DEBUG] Plateau detected at L=-1.135375e+02, not replacing live point.
11:16:22 [ultranest] [DEBUG] Plateau detected at L=-1.135375e+02, not replacing live point.
11:16:22 [ultranest] [DEBUG] Plateau detected at L=-1.135375e+02, not replacing live point.
11:16:22 [ultranest] [DEBUG] Plateau detected at L=-1.135375e+02, not replacing live point.
11:16:22 [ultranest] [DEBUG] Plateau detected at L=-1.135375e+02, not replacing live point.
11:16:22 [ultranest] [DEBUG] Plateau detected at L=-1.135375e+02, not replacing live point.
11:16:22 [ultranest] [DEBUG] Plateau detected at L=-1.135375e+02, not replacing live point.
11:16:22 [ultranest] [DEBUG] Plateau detected at L=-1.135375e+02, not replacing live point.
11:16:22 [ultranest] [DEBUG] Plateau detected at L=-1.135375e+02, not replacing live point.
11:16:22 [ultranest] [DEBUG] Plateau detected at L=-1.135375e+02, not replacing live point.
11:16:22 [ultranest] [DEBUG] Plateau detected at L=-1.135375e+02, not replacing live point.
11:16:22 [ultranest] [DEBUG] Plateau detected at L=-1.135375e+02, not replacing live point.
11:16:22 [ultranest] [DEBUG] Plateau detected at L=-1.135375e+02, not replacing live point.
11:16:22 [ultranest] [DEBUG] Plateau detected at L=-1.135375e+02, not replacing live point.
11:16:22 [ultranest] [DEBUG] Plateau detected at L=-1.135375e+02, not replacing live point.
11:16:22 [ultranest] [DEBUG] Plateau detected at L=-1.135375e+02, not replacing live point.
11:16:22 [ultranest] [DEBUG] Plateau detected at L=-1.135375e+02, not replacing live point.
11:16:22 [ultranest] [DEBUG] Plateau detected at L=-1.135375e+02, not replacing live point.
11:16:22 [ultranest] [DEBUG] Plateau detected at L=-1.135375e+02, not replacing live point.
11:16:22 [ultranest] [DEBUG] Plateau detected at L=-1.135375e+02, not replacing live point.
11:16:22 [ultranest] [DEBUG] Plateau detected at L=-1.135375e+02, not replacing live point.
11:16:22 [ultranest] [DEBUG] Plateau detected at L=-1.135375e+02, not replacing live point.
11:16:22 [ultranest] [DEBUG] Plateau detected at L=-1.135375e+02, not replacing live point.
11:16:22 [ultranest] [DEBUG] Plateau detected at L=-1.135375e+02, not replacing live point.
11:16:22 [ultranest] [DEBUG] Plateau detected at L=-1.135375e+02, not replacing live point.
11:16:22 [ultranest] [DEBUG] Plateau detected at L=-1.135375e+02, not replacing live point.
11:16:22 [ultranest] [DEBUG] Plateau detected at L=-1.135375e+02, not replacing live point.
11:16:22 [ultranest] [DEBUG] Plateau detected at L=-1.135375e+02, not replacing live point.
11:16:22 [ultranest] [DEBUG] Plateau detected at L=-1.135375e+02, not replacing live point.
11:16:22 [ultranest] [DEBUG] Plateau detected at L=-1.135375e+02, not replacing live point.
11:16:22 [ultranest] [DEBUG] Plateau detected at L=-1.135375e+02, not replacing live point.
11:16:22 [ultranest] [DEBUG] Plateau detected at L=-1.135375e+02, not replacing live point.
11:16:22 [ultranest] [DEBUG] Plateau detected at L=-1.135375e+02, not replacing live point.
11:16:22 [ultranest] [DEBUG] Plateau detected at L=-1.135375e+02, not replacing live point.
11:16:22 [ultranest] [DEBUG] Plateau detected at L=-1.135375e+02, not replacing live point.
11:16:22 [ultranest] [DEBUG] Plateau detected at L=-1.135375e+02, not replacing live point.
11:16:22 [ultranest] [DEBUG] Plateau detected at L=-1.135375e+02, not replacing live point.
11:16:22 [ultranest] [DEBUG] Plateau detected at L=-1.135375e+02, not replacing live point.
11:16:22 [ultranest] [DEBUG] Plateau detected at L=-1.135375e+02, not replacing live point.
11:16:22 [ultranest] [DEBUG] Plateau detected at L=-1.135375e+02, not replacing live point.
11:16:22 [ultranest] [DEBUG] Plateau detected at L=-1.135375e+02, not replacing live point.
11:16:22 [ultranest] [DEBUG] Plateau detected at L=-1.135375e+02, not replacing live point.
11:16:22 [ultranest] [DEBUG] Plateau detected at L=-1.135375e+02, not replacing live point.
11:16:22 [ultranest] [DEBUG] Plateau detected at L=-1.135375e+02, not replacing live point.
11:16:22 [ultranest] [DEBUG] Plateau detected at L=-1.135375e+02, not replacing live point.
11:16:22 [ultranest] [DEBUG] Plateau detected at L=-1.135375e+02, not replacing live point.
11:16:22 [ultranest] [DEBUG] Plateau detected at L=-1.135375e+02, not replacing live point.
11:16:22 [ultranest] [DEBUG] Plateau detected at L=-1.135375e+02, not replacing live point.
11:16:22 [ultranest] [DEBUG] Plateau detected at L=-1.135375e+02, not replacing live point.
11:16:22 [ultranest] [DEBUG] Plateau detected at L=-1.135375e+02, not replacing live point.
11:16:22 [ultranest] [DEBUG] Plateau detected at L=-1.135375e+02, not replacing live point.
11:16:22 [ultranest] [DEBUG] Plateau detected at L=-1.135375e+02, not replacing live point.
11:16:22 [ultranest] [DEBUG] Plateau detected at L=-1.135375e+02, not replacing live point.
11:16:22 [ultranest] [DEBUG] Plateau detected at L=-1.135375e+02, not replacing live point.
11:16:22 [ultranest] [DEBUG] Plateau detected at L=-1.135375e+02, not replacing live point.
11:16:22 [ultranest] [DEBUG] Plateau detected at L=-1.135375e+02, not replacing live point.
11:16:22 [ultranest] [DEBUG] Plateau detected at L=-1.135375e+02, not replacing live point.
11:16:22 [ultranest] [DEBUG] Plateau detected at L=-1.135375e+02, not replacing live point.
11:16:22 [ultranest] [DEBUG] Plateau detected at L=-1.135375e+02, not replacing live point.
11:16:22 [ultranest] [DEBUG] Plateau detected at L=-1.135375e+02, not replacing live point.
11:16:22 [ultranest] [DEBUG] Plateau detected at L=-1.135375e+02, not replacing live point.
11:16:22 [ultranest] [DEBUG] Plateau detected at L=-1.135375e+02, not replacing live point.
11:16:22 [ultranest] [DEBUG] Plateau detected at L=-1.135375e+02, not replacing live point.
11:16:22 [ultranest] [DEBUG] Plateau detected at L=-1.135375e+02, not replacing live point.
11:16:22 [ultranest] [DEBUG] Plateau detected at L=-1.135375e+02, not replacing live point.
11:16:22 [ultranest] [DEBUG] Plateau detected at L=-1.135375e+02, not replacing live point.
11:16:22 [ultranest] [DEBUG] Plateau detected at L=-1.135375e+02, not replacing live point.
11:16:22 [ultranest] [DEBUG] Plateau detected at L=-1.135375e+02, not replacing live point.
11:16:22 [ultranest] [DEBUG] Plateau detected at L=-1.135375e+02, not replacing live point.
11:16:22 [ultranest] [DEBUG] Plateau detected at L=-1.135375e+02, not replacing live point.
11:16:22 [ultranest] [DEBUG] Plateau detected at L=-1.135375e+02, not replacing live point.
11:16:22 [ultranest] [DEBUG] Plateau detected at L=-1.135375e+02, not replacing live point.
11:16:22 [ultranest] [DEBUG] Plateau detected at L=-1.135375e+02, not replacing live point.
11:16:22 [ultranest] [DEBUG] Plateau detected at L=-1.135375e+02, not replacing live point.
11:16:22 [ultranest] [DEBUG] Plateau detected at L=-1.135375e+02, not replacing live point.
11:16:22 [ultranest] [DEBUG] Plateau detected at L=-1.135375e+02, not replacing live point.
11:16:22 [ultranest] [DEBUG] Plateau detected at L=-1.135375e+02, not replacing live point.
11:16:22 [ultranest] [DEBUG] Plateau detected at L=-1.135375e+02, not replacing live point.
11:16:22 [ultranest] [DEBUG] Plateau detected at L=-1.135375e+02, not replacing live point.
11:16:22 [ultranest] [DEBUG] Plateau detected at L=-1.135375e+02, not replacing live point.
11:16:22 [ultranest] [DEBUG] Plateau detected at L=-1.135375e+02, not replacing live point.
11:16:22 [ultranest] [DEBUG] Plateau detected at L=-1.135375e+02, not replacing live point.
11:16:22 [ultranest] [DEBUG] Plateau detected at L=-1.135375e+02, not replacing live point.
11:16:22 [ultranest] [DEBUG] Plateau detected at L=-1.135375e+02, not replacing live point.
11:16:22 [ultranest] [DEBUG] Plateau detected at L=-1.135375e+02, not replacing live point.
11:16:22 [ultranest] [DEBUG] Plateau detected at L=-1.135375e+02, not replacing live point.
11:16:22 [ultranest] [DEBUG] Plateau detected at L=-1.135375e+02, not replacing live point.
11:16:22 [ultranest] [DEBUG] Plateau detected at L=-1.135375e+02, not replacing live point.
11:16:22 [ultranest] [DEBUG] Plateau detected at L=-1.135375e+02, not replacing live point.
11:16:22 [ultranest] [DEBUG] Plateau detected at L=-1.135375e+02, not replacing live point.
11:16:22 [ultranest] [DEBUG] Plateau detected at L=-1.135375e+02, not replacing live point.
11:16:22 [ultranest] [DEBUG] Plateau detected at L=-1.135375e+02, not replacing live point.
11:16:22 [ultranest] [DEBUG] Plateau detected at L=-1.135375e+02, not replacing live point.
11:16:22 [ultranest] [DEBUG] Plateau detected at L=-1.135375e+02, not replacing live point.
11:16:22 [ultranest] [DEBUG] Plateau detected at L=-1.135375e+02, not replacing live point.
11:16:22 [ultranest] [DEBUG] Plateau detected at L=-1.135375e+02, not replacing live point.
11:16:22 [ultranest] [DEBUG] Plateau detected at L=-1.135375e+02, not replacing live point.
11:16:22 [ultranest] [DEBUG] Plateau detected at L=-1.135375e+02, not replacing live point.
11:16:22 [ultranest] [DEBUG] Plateau detected at L=-1.135375e+02, not replacing live point.
11:16:22 [ultranest] [DEBUG] Plateau detected at L=-1.135375e+02, not replacing live point.
11:16:22 [ultranest] [DEBUG] Plateau detected at L=-1.135375e+02, not replacing live point.
11:16:22 [ultranest] [DEBUG] Plateau detected at L=-1.135375e+02, not replacing live point.
11:16:22 [ultranest] [DEBUG] Plateau detected at L=-1.135375e+02, not replacing live point.
11:16:22 [ultranest] [DEBUG] Plateau detected at L=-1.135375e+02, not replacing live point.
11:16:22 [ultranest] [DEBUG] Plateau detected at L=-1.135375e+02, not replacing live point.
11:16:22 [ultranest] [DEBUG] Plateau detected at L=-1.135375e+02, not replacing live point.
11:16:22 [ultranest] [DEBUG] Plateau detected at L=-1.135375e+02, not replacing live point.
11:16:22 [ultranest] [DEBUG] Plateau detected at L=-1.135375e+02, not replacing live point.
11:16:22 [ultranest] [DEBUG] Plateau detected at L=-1.135375e+02, not replacing live point.
11:16:22 [ultranest] [DEBUG] Plateau detected at L=-1.135375e+02, not replacing live point.
11:16:22 [ultranest] [DEBUG] Plateau detected at L=-1.135375e+02, not replacing live point.
11:16:22 [ultranest] [DEBUG] Plateau detected at L=-1.135375e+02, not replacing live point.
11:16:22 [ultranest] [DEBUG] Plateau detected at L=-1.135375e+02, not replacing live point.
11:16:22 [ultranest] [DEBUG] Plateau detected at L=-1.135375e+02, not replacing live point.
11:16:22 [ultranest] [DEBUG] Plateau detected at L=-1.135375e+02, not replacing live point.
11:16:22 [ultranest] [DEBUG] Plateau detected at L=-1.135375e+02, not replacing live point.
11:16:22 [ultranest] [DEBUG] Plateau detected at L=-1.135375e+02, not replacing live point.
11:16:22 [ultranest] [DEBUG] Plateau detected at L=-1.135375e+02, not replacing live point.
11:16:22 [ultranest] [DEBUG] Plateau detected at L=-1.135375e+02, not replacing live point.
11:16:22 [ultranest] [DEBUG] Plateau detected at L=-1.135375e+02, not replacing live point.
11:16:22 [ultranest] [DEBUG] Plateau detected at L=-1.135375e+02, not replacing live point.
11:16:22 [ultranest] [DEBUG] Plateau detected at L=-1.135375e+02, not replacing live point.
11:16:22 [ultranest] [DEBUG] Plateau detected at L=-1.135375e+02, not replacing live point.
11:16:22 [ultranest] [DEBUG] Plateau detected at L=-1.135375e+02, not replacing live point.
11:16:22 [ultranest] [DEBUG] Plateau detected at L=-1.135375e+02, not replacing live point.
11:16:22 [ultranest] [DEBUG] Plateau detected at L=-1.135375e+02, not replacing live point.
11:16:22 [ultranest] [DEBUG] Plateau detected at L=-1.135375e+02, not replacing live point.
11:16:22 [ultranest] [DEBUG] Plateau detected at L=-1.135375e+02, not replacing live point.
11:16:22 [ultranest] [DEBUG] Plateau detected at L=-1.135375e+02, not replacing live point.
11:16:22 [ultranest] [DEBUG] Plateau detected at L=-1.135375e+02, not replacing live point.
11:16:22 [ultranest] [DEBUG] Plateau detected at L=-1.135375e+02, not replacing live point.
11:16:22 [ultranest] [DEBUG] Plateau detected at L=-1.135375e+02, not replacing live point.
11:16:22 [ultranest] [DEBUG] Plateau detected at L=-1.135375e+02, not replacing live point.
11:16:22 [ultranest] [DEBUG] Plateau detected at L=-1.135375e+02, not replacing live point.
11:16:22 [ultranest] [DEBUG] Plateau detected at L=-1.135375e+02, not replacing live point.
11:16:22 [ultranest] [DEBUG] Plateau detected at L=-1.135375e+02, not replacing live point.
11:16:22 [ultranest] [DEBUG] Plateau detected at L=-1.135375e+02, not replacing live point.
11:16:22 [ultranest] [DEBUG] Plateau detected at L=-1.135375e+02, not replacing live point.
11:16:22 [ultranest] [DEBUG] Plateau detected at L=-1.135375e+02, not replacing live point.
11:16:22 [ultranest] [DEBUG] Plateau detected at L=-1.135375e+02, not replacing live point.
11:16:22 [ultranest] [DEBUG] Plateau detected at L=-1.135375e+02, not replacing live point.
11:16:22 [ultranest] [DEBUG] Plateau detected at L=-1.135375e+02, not replacing live point.
11:16:22 [ultranest] [DEBUG] Plateau detected at L=-1.135375e+02, not replacing live point.
11:16:22 [ultranest] [DEBUG] Plateau detected at L=-1.135375e+02, not replacing live point.
11:16:22 [ultranest] [DEBUG] Plateau detected at L=-1.135375e+02, not replacing live point.
11:16:22 [ultranest] [DEBUG] Plateau detected at L=-1.135375e+02, not replacing live point.
11:16:22 [ultranest] [DEBUG] Plateau detected at L=-1.135375e+02, not replacing live point.
11:16:22 [ultranest] [DEBUG] Plateau detected at L=-1.135375e+02, not replacing live point.
11:16:22 [ultranest] [DEBUG] Plateau detected at L=-1.135375e+02, not replacing live point.
11:16:22 [ultranest] [DEBUG] Plateau detected at L=-1.135375e+02, not replacing live point.
11:16:22 [ultranest] [DEBUG] Plateau detected at L=-1.135375e+02, not replacing live point.
11:16:22 [ultranest] [DEBUG] Plateau detected at L=-1.135375e+02, not replacing live point.
11:16:22 [ultranest] [DEBUG] Plateau detected at L=-1.135375e+02, not replacing live point.
11:16:22 [ultranest] [DEBUG] Plateau detected at L=-1.135375e+02, not replacing live point.
11:16:22 [ultranest] [DEBUG] Plateau detected at L=-1.135375e+02, not replacing live point.
11:16:22 [ultranest] [DEBUG] Plateau detected at L=-1.135375e+02, not replacing live point.
11:16:22 [ultranest] [DEBUG] Plateau detected at L=-1.135375e+02, not replacing live point.
11:16:22 [ultranest] [DEBUG] Plateau detected at L=-1.135375e+02, not replacing live point.
11:16:22 [ultranest] [DEBUG] Plateau detected at L=-1.135375e+02, not replacing live point.
11:16:22 [ultranest] [DEBUG] Plateau detected at L=-1.135375e+02, not replacing live point.
11:16:22 [ultranest] [DEBUG] Plateau detected at L=-1.135375e+02, not replacing live point.
11:16:22 [ultranest] [DEBUG] Plateau detected at L=-1.135375e+02, not replacing live point.
11:16:22 [ultranest] [DEBUG] Plateau detected at L=-1.135375e+02, not replacing live point.
11:16:22 [ultranest] [DEBUG] Plateau detected at L=-1.135375e+02, not replacing live point.
11:16:22 [ultranest] [DEBUG] Plateau detected at L=-1.135375e+02, not replacing live point.
11:16:22 [ultranest] [DEBUG] Plateau detected at L=-1.135375e+02, not replacing live point.
11:16:22 [ultranest] [DEBUG] Plateau detected at L=-1.135375e+02, not replacing live point.
11:16:22 [ultranest] [DEBUG] Plateau detected at L=-1.135375e+02, not replacing live point.
11:16:22 [ultranest] [DEBUG] Plateau detected at L=-1.135375e+02, not replacing live point.
11:16:22 [ultranest] [DEBUG] Plateau detected at L=-1.135375e+02, not replacing live point.
11:16:22 [ultranest] [DEBUG] Plateau detected at L=-1.135375e+02, not replacing live point.
11:16:22 [ultranest] [DEBUG] Plateau detected at L=-1.135375e+02, not replacing live point.
11:16:22 [ultranest] [DEBUG] Plateau detected at L=-1.135375e+02, not replacing live point.
11:16:22 [ultranest] [DEBUG] Plateau detected at L=-1.135375e+02, not replacing live point.
11:16:22 [ultranest] [DEBUG] Plateau detected at L=-1.135375e+02, not replacing live point.
11:16:22 [ultranest] [DEBUG] Plateau detected at L=-1.135375e+02, not replacing live point.
11:16:22 [ultranest] [DEBUG] Plateau detected at L=-1.135375e+02, not replacing live point.
11:16:22 [ultranest] [DEBUG] Plateau detected at L=-1.135375e+02, not replacing live point.
11:16:22 [ultranest] [DEBUG] Plateau detected at L=-1.135375e+02, not replacing live point.
11:16:22 [ultranest] [DEBUG] Plateau detected at L=-1.135375e+02, not replacing live point.
11:16:22 [ultranest] [DEBUG] Plateau detected at L=-1.135375e+02, not replacing live point.
11:16:22 [ultranest] [DEBUG] Plateau detected at L=-1.135375e+02, not replacing live point.
11:16:22 [ultranest] [DEBUG] Plateau detected at L=-1.135375e+02, not replacing live point.
11:16:22 [ultranest] [DEBUG] Plateau detected at L=-1.135375e+02, not replacing live point.
11:16:22 [ultranest] [DEBUG] Plateau detected at L=-1.135375e+02, not replacing live point.
11:16:22 [ultranest] [DEBUG] Plateau detected at L=-1.135375e+02, not replacing live point.
11:16:22 [ultranest] [DEBUG] Plateau detected at L=-1.135375e+02, not replacing live point.
11:16:22 [ultranest] [DEBUG] Plateau detected at L=-1.135375e+02, not replacing live point.
11:16:22 [ultranest] [DEBUG] Plateau detected at L=-1.135375e+02, not replacing live point.
11:16:22 [ultranest] [DEBUG] Plateau detected at L=-1.135375e+02, not replacing live point.
11:16:22 [ultranest] [DEBUG] Plateau detected at L=-1.135375e+02, not replacing live point.
11:16:22 [ultranest] [DEBUG] Plateau detected at L=-1.135375e+02, not replacing live point.
11:16:22 [ultranest] [DEBUG] Plateau detected at L=-1.135375e+02, not replacing live point.
11:16:22 [ultranest] [DEBUG] Plateau detected at L=-1.135375e+02, not replacing live point.
11:16:22 [ultranest] [DEBUG] Plateau detected at L=-1.135375e+02, not replacing live point.
11:16:22 [ultranest] [DEBUG] Plateau detected at L=-1.135375e+02, not replacing live point.
11:16:22 [ultranest] [DEBUG] Plateau detected at L=-1.135375e+02, not replacing live point.
11:16:22 [ultranest] [DEBUG] Plateau detected at L=-1.135375e+02, not replacing live point.
11:16:22 [ultranest] [DEBUG] Plateau detected at L=-1.135375e+02, not replacing live point.
11:16:22 [ultranest] [DEBUG] Plateau detected at L=-1.135375e+02, not replacing live point.
11:16:22 [ultranest] [DEBUG] Plateau detected at L=-1.135375e+02, not replacing live point.
11:16:22 [ultranest] [DEBUG] Plateau detected at L=-1.135375e+02, not replacing live point.
11:16:22 [ultranest] [DEBUG] Plateau detected at L=-1.135375e+02, not replacing live point.
11:16:22 [ultranest] [DEBUG] Plateau detected at L=-1.135375e+02, not replacing live point.
11:16:22 [ultranest] [DEBUG] Plateau detected at L=-1.135375e+02, not replacing live point.
11:16:22 [ultranest] [DEBUG] Plateau detected at L=-1.135375e+02, not replacing live point.
11:16:22 [ultranest] [DEBUG] Plateau detected at L=-1.135375e+02, not replacing live point.
11:16:22 [ultranest] [DEBUG] Plateau detected at L=-1.135375e+02, not replacing live point.
11:16:22 [ultranest] [DEBUG] Plateau detected at L=-1.135375e+02, not replacing live point.
11:16:22 [ultranest] [DEBUG] Plateau detected at L=-1.135375e+02, not replacing live point.
11:16:22 [ultranest] [DEBUG] Plateau detected at L=-1.135375e+02, not replacing live point.
11:16:22 [ultranest] [DEBUG] Plateau detected at L=-1.135375e+02, not replacing live point.
11:16:22 [ultranest] [DEBUG] Plateau detected at L=-1.135375e+02, not replacing live point.
11:16:22 [ultranest] [DEBUG] Plateau detected at L=-1.135375e+02, not replacing live point.
11:16:22 [ultranest] [DEBUG] Plateau detected at L=-1.135375e+02, not replacing live point.
11:16:22 [ultranest] [DEBUG] Plateau detected at L=-1.135375e+02, not replacing live point.
11:16:22 [ultranest] [DEBUG] Plateau detected at L=-1.135375e+02, not replacing live point.
11:16:22 [ultranest] [DEBUG] Plateau detected at L=-1.135375e+02, not replacing live point.
11:16:22 [ultranest] [DEBUG] Plateau detected at L=-1.135375e+02, not replacing live point.
11:16:22 [ultranest] [DEBUG] Plateau detected at L=-1.135375e+02, not replacing live point.
11:16:22 [ultranest] [DEBUG] Plateau detected at L=-1.135375e+02, not replacing live point.
11:16:22 [ultranest] [DEBUG] Plateau detected at L=-1.135375e+02, not replacing live point.
11:16:22 [ultranest] [DEBUG] Plateau detected at L=-1.135375e+02, not replacing live point.
11:16:22 [ultranest] [DEBUG] Plateau detected at L=-1.135375e+02, not replacing live point.
11:16:22 [ultranest] [DEBUG] Plateau detected at L=-1.135375e+02, not replacing live point.
11:16:22 [ultranest] [DEBUG] Plateau detected at L=-1.135375e+02, not replacing live point.
11:16:22 [ultranest] [DEBUG] Plateau detected at L=-1.135375e+02, not replacing live point.
11:16:22 [ultranest] [DEBUG] Plateau detected at L=-1.135375e+02, not replacing live point.
11:16:22 [ultranest] [DEBUG] Plateau detected at L=-1.135375e+02, not replacing live point.
11:16:22 [ultranest] [DEBUG] Plateau detected at L=-1.135375e+02, not replacing live point.
11:16:22 [ultranest] [DEBUG] Plateau detected at L=-1.135375e+02, not replacing live point.
11:16:22 [ultranest] [DEBUG] Plateau detected at L=-1.135375e+02, not replacing live point.
11:16:22 [ultranest] [DEBUG] Plateau detected at L=-1.135375e+02, not replacing live point.
11:16:22 [ultranest] [DEBUG] Plateau detected at L=-1.135375e+02, not replacing live point.
11:16:22 [ultranest] [DEBUG] Plateau detected at L=-1.135375e+02, not replacing live point.
11:16:22 [ultranest] [DEBUG] Plateau detected at L=-1.135375e+02, not replacing live point.
11:16:22 [ultranest] [DEBUG] Plateau detected at L=-1.135375e+02, not replacing live point.
11:16:22 [ultranest] [DEBUG] Plateau detected at L=-1.135375e+02, not replacing live point.
11:16:22 [ultranest] [DEBUG] Plateau detected at L=-1.135375e+02, not replacing live point.
11:16:22 [ultranest] [DEBUG] Plateau detected at L=-1.135375e+02, not replacing live point.
11:16:22 [ultranest] [DEBUG] Plateau detected at L=-1.135375e+02, not replacing live point.
11:16:22 [ultranest] [DEBUG] Plateau detected at L=-1.135375e+02, not replacing live point.
11:16:22 [ultranest] [DEBUG] Plateau detected at L=-1.135375e+02, not replacing live point.
11:16:22 [ultranest] [DEBUG] Plateau detected at L=-1.135375e+02, not replacing live point.
11:16:22 [ultranest] [DEBUG] Plateau detected at L=-1.135375e+02, not replacing live point.
11:16:22 [ultranest] [DEBUG] Plateau detected at L=-1.135375e+02, not replacing live point.
11:16:22 [ultranest] [DEBUG] Plateau detected at L=-1.135375e+02, not replacing live point.
11:16:22 [ultranest] [DEBUG] Plateau detected at L=-1.135375e+02, not replacing live point.
11:16:22 [ultranest] [DEBUG] Plateau detected at L=-1.135375e+02, not replacing live point.
11:16:22 [ultranest] [DEBUG] Plateau detected at L=-1.135375e+02, not replacing live point.
11:16:22 [ultranest] [DEBUG] Plateau detected at L=-1.135375e+02, not replacing live point.
11:16:22 [ultranest] [DEBUG] Plateau detected at L=-1.135375e+02, not replacing live point.
11:16:22 [ultranest] [DEBUG] Plateau detected at L=-1.135375e+02, not replacing live point.
11:16:22 [ultranest] [DEBUG] Plateau detected at L=-1.135375e+02, not replacing live point.
11:16:22 [ultranest] [DEBUG] Plateau detected at L=-1.135375e+02, not replacing live point.
11:16:22 [ultranest] [DEBUG] Plateau detected at L=-1.135375e+02, not replacing live point.
11:16:22 [ultranest] [DEBUG] Plateau detected at L=-1.135375e+02, not replacing live point.
11:16:22 [ultranest] [DEBUG] Plateau detected at L=-1.135375e+02, not replacing live point.
11:16:22 [ultranest] [DEBUG] Plateau detected at L=-1.135375e+02, not replacing live point.
11:16:22 [ultranest] [DEBUG] Plateau detected at L=-1.135375e+02, not replacing live point.
11:16:22 [ultranest] [DEBUG] Plateau detected at L=-1.135375e+02, not replacing live point.
11:16:22 [ultranest] [DEBUG] Plateau detected at L=-1.135375e+02, not replacing live point.
11:16:22 [ultranest] [DEBUG] Plateau detected at L=-1.135375e+02, not replacing live point.
11:16:22 [ultranest] [DEBUG] Plateau detected at L=-1.135375e+02, not replacing live point.
11:16:22 [ultranest] [DEBUG] Plateau detected at L=-1.135375e+02, not replacing live point.
11:16:22 [ultranest] [DEBUG] Plateau detected at L=-1.135375e+02, not replacing live point.
11:16:22 [ultranest] [DEBUG] Plateau detected at L=-1.135375e+02, not replacing live point.
11:16:22 [ultranest] [DEBUG] Plateau detected at L=-1.135375e+02, not replacing live point.
11:16:22 [ultranest] [DEBUG] Plateau detected at L=-1.135375e+02, not replacing live point.
11:16:22 [ultranest] [DEBUG] Plateau detected at L=-1.135375e+02, not replacing live point.
11:16:22 [ultranest] [DEBUG] Plateau detected at L=-1.135375e+02, not replacing live point.
11:16:22 [ultranest] [DEBUG] Plateau detected at L=-1.135375e+02, not replacing live point.
11:16:22 [ultranest] [DEBUG] Plateau detected at L=-1.135375e+02, not replacing live point.
11:16:22 [ultranest] [DEBUG] Plateau detected at L=-1.135375e+02, not replacing live point.
11:16:22 [ultranest] [DEBUG] Plateau detected at L=-1.135375e+02, not replacing live point.
11:16:22 [ultranest] [DEBUG] Plateau detected at L=-1.135375e+02, not replacing live point.
11:16:22 [ultranest] [DEBUG] Plateau detected at L=-1.135375e+02, not replacing live point.
11:16:22 [ultranest] [DEBUG] Plateau detected at L=-1.135375e+02, not replacing live point.
11:16:22 [ultranest] [DEBUG] Plateau detected at L=-1.135375e+02, not replacing live point.
11:16:22 [ultranest] [DEBUG] Plateau detected at L=-1.135375e+02, not replacing live point.
11:16:22 [ultranest] [DEBUG] Plateau detected at L=-1.135375e+02, not replacing live point.
11:16:22 [ultranest] [DEBUG] Plateau detected at L=-1.135375e+02, not replacing live point.
11:16:22 [ultranest] [DEBUG] Plateau detected at L=-1.135375e+02, not replacing live point.
11:16:22 [ultranest] [DEBUG] Plateau detected at L=-1.135375e+02, not replacing live point.
11:16:22 [ultranest] [DEBUG] Plateau detected at L=-1.135375e+02, not replacing live point.
11:16:22 [ultranest] [DEBUG] Plateau detected at L=-1.135375e+02, not replacing live point.
11:16:22 [ultranest] [DEBUG] Plateau detected at L=-1.135375e+02, not replacing live point.
11:16:22 [ultranest] [DEBUG] Plateau detected at L=-1.135375e+02, not replacing live point.
11:16:22 [ultranest] [DEBUG] Plateau detected at L=-1.135375e+02, not replacing live point.
11:16:22 [ultranest] [DEBUG] Plateau detected at L=-1.135375e+02, not replacing live point.
11:16:22 [ultranest] [DEBUG] Plateau detected at L=-1.135375e+02, not replacing live point.
11:16:22 [ultranest] [DEBUG] Plateau detected at L=-1.135375e+02, not replacing live point.
11:16:22 [ultranest] [DEBUG] Plateau detected at L=-1.135375e+02, not replacing live point.
11:16:22 [ultranest] [DEBUG] Plateau detected at L=-1.135375e+02, not replacing live point.
11:16:22 [ultranest] [DEBUG] Plateau detected at L=-1.135375e+02, not replacing live point.
11:16:22 [ultranest] [DEBUG] Plateau detected at L=-1.135375e+02, not replacing live point.
11:16:22 [ultranest] [DEBUG] Plateau detected at L=-1.135375e+02, not replacing live point.
11:16:22 [ultranest] [DEBUG] Plateau detected at L=-1.135375e+02, not replacing live point.
11:16:22 [ultranest] [DEBUG] Plateau detected at L=-1.135375e+02, not replacing live point.
11:16:22 [ultranest] [DEBUG] Plateau detected at L=-1.135375e+02, not replacing live point.
11:16:22 [ultranest] [DEBUG] Plateau detected at L=-1.135375e+02, not replacing live point.
11:16:22 [ultranest] [DEBUG] Plateau detected at L=-1.135375e+02, not replacing live point.
11:16:22 [ultranest] [DEBUG] Plateau detected at L=-1.135375e+02, not replacing live point.
11:16:22 [ultranest] [DEBUG] Plateau detected at L=-1.135375e+02, not replacing live point.
11:16:22 [ultranest] [DEBUG] Plateau detected at L=-1.135375e+02, not replacing live point.
11:16:22 [ultranest] [DEBUG] Plateau detected at L=-1.135375e+02, not replacing live point.
11:16:22 [ultranest] [DEBUG] Plateau detected at L=-1.135375e+02, not replacing live point.
11:16:22 [ultranest] [DEBUG] Plateau detected at L=-1.135375e+02, not replacing live point.
11:16:22 [ultranest] [DEBUG] Plateau detected at L=-1.135375e+02, not replacing live point.
11:16:22 [ultranest] [DEBUG] Plateau detected at L=-1.135375e+02, not replacing live point.
11:16:22 [ultranest] [DEBUG] Plateau detected at L=-1.135375e+02, not replacing live point.
11:16:22 [ultranest] [DEBUG] Plateau detected at L=-1.135375e+02, not replacing live point.
11:16:22 [ultranest] [DEBUG] Plateau detected at L=-1.135375e+02, not replacing live point.
11:16:22 [ultranest] [DEBUG] Plateau detected at L=-1.135375e+02, not replacing live point.
11:16:22 [ultranest] [DEBUG] Plateau detected at L=-1.135375e+02, not replacing live point.
11:16:22 [ultranest] [DEBUG] Plateau detected at L=-1.135375e+02, not replacing live point.
11:16:22 [ultranest] [DEBUG] Plateau detected at L=-1.135375e+02, not replacing live point.
11:16:22 [ultranest] [DEBUG] Plateau detected at L=-1.135375e+02, not replacing live point.
11:16:22 [ultranest] [DEBUG] Plateau detected at L=-1.135375e+02, not replacing live point.
11:16:22 [ultranest] [DEBUG] Plateau detected at L=-1.135375e+02, not replacing live point.
11:16:22 [ultranest] [DEBUG] Plateau detected at L=-1.135375e+02, not replacing live point.
11:16:22 [ultranest] [DEBUG] Plateau detected at L=-1.135375e+02, not replacing live point.
11:16:22 [ultranest] [DEBUG] Plateau detected at L=-1.135375e+02, not replacing live point.
11:16:22 [ultranest] [DEBUG] Plateau detected at L=-1.135375e+02, not replacing live point.
11:16:22 [ultranest] [DEBUG] Plateau detected at L=-1.135375e+02, not replacing live point.
11:16:22 [ultranest] [DEBUG] Plateau detected at L=-1.135375e+02, not replacing live point.
11:16:22 [ultranest] [DEBUG] Plateau detected at L=-1.135375e+02, not replacing live point.
11:16:22 [ultranest] [DEBUG] Plateau detected at L=-1.135375e+02, not replacing live point.
11:16:22 [ultranest] [DEBUG] Plateau detected at L=-1.135375e+02, not replacing live point.
11:16:22 [ultranest] [DEBUG] Plateau detected at L=-1.135375e+02, not replacing live point.
11:16:22 [ultranest] [DEBUG] Plateau detected at L=-1.135375e+02, not replacing live point.
11:16:22 [ultranest] [DEBUG] Plateau detected at L=-1.135375e+02, not replacing live point.
11:16:22 [ultranest] [DEBUG] Plateau detected at L=-1.135375e+02, not replacing live point.
11:16:22 [ultranest] [DEBUG] Plateau detected at L=-1.135375e+02, not replacing live point.
11:16:22 [ultranest] [DEBUG] Plateau detected at L=-1.135375e+02, not replacing live point.
11:16:22 [ultranest] [DEBUG] Plateau detected at L=-1.135375e+02, not replacing live point.
11:16:22 [ultranest] [DEBUG] Plateau detected at L=-1.135375e+02, not replacing live point.
11:16:22 [ultranest] [DEBUG] Plateau detected at L=-1.135375e+02, not replacing live point.
11:16:22 [ultranest] [DEBUG] Plateau detected at L=-1.135375e+02, not replacing live point.
11:16:22 [ultranest] [DEBUG] Plateau detected at L=-1.135375e+02, not replacing live point.
11:16:22 [ultranest] [DEBUG] Plateau detected at L=-1.135375e+02, not replacing live point.
11:16:22 [ultranest] [DEBUG] Plateau detected at L=-1.135375e+02, not replacing live point.
11:16:22 [ultranest] [DEBUG] Plateau detected at L=-1.135375e+02, not replacing live point.
11:16:22 [ultranest] [DEBUG] Plateau detected at L=-1.135375e+02, not replacing live point.
11:16:22 [ultranest] [DEBUG] Plateau detected at L=-1.135375e+02, not replacing live point.
11:16:22 [ultranest] [DEBUG] Plateau detected at L=-1.135375e+02, not replacing live point.
11:16:22 [ultranest] [DEBUG] Plateau detected at L=-1.135375e+02, not replacing live point.
11:16:22 [ultranest] [DEBUG] Plateau detected at L=-1.135375e+02, not replacing live point.
11:16:22 [ultranest] [DEBUG] Plateau detected at L=-1.135375e+02, not replacing live point.
11:16:22 [ultranest] [DEBUG] Plateau detected at L=-1.135375e+02, not replacing live point.
11:16:22 [ultranest] [DEBUG] Plateau detected at L=-1.135375e+02, not replacing live point.
11:16:22 [ultranest] [DEBUG] Plateau detected at L=-1.135375e+02, not replacing live point.
11:16:22 [ultranest] [DEBUG] Plateau detected at L=-1.135375e+02, not replacing live point.
11:16:22 [ultranest] [DEBUG] Plateau detected at L=-1.135375e+02, not replacing live point.
11:16:22 [ultranest] [DEBUG] Plateau detected at L=-1.135375e+02, not replacing live point.
11:16:22 [ultranest] [DEBUG] Plateau detected at L=-1.135375e+02, not replacing live point.
11:16:22 [ultranest] [DEBUG] Plateau detected at L=-1.135375e+02, not replacing live point.
11:16:22 [ultranest] [DEBUG] Plateau detected at L=-1.135375e+02, not replacing live point.
11:16:22 [ultranest] [DEBUG] Plateau detected at L=-1.135375e+02, not replacing live point.
11:16:22 [ultranest] [DEBUG] Plateau detected at L=-1.135375e+02, not replacing live point.
11:16:22 [ultranest] [DEBUG] Plateau detected at L=-1.135375e+02, not replacing live point.
11:16:22 [ultranest] [DEBUG] Plateau detected at L=-1.135375e+02, not replacing live point.
11:16:22 [ultranest] [DEBUG] Plateau detected at L=-1.135375e+02, not replacing live point.
11:16:22 [ultranest] [DEBUG] Plateau detected at L=-1.135375e+02, not replacing live point.
11:16:22 [ultranest] [DEBUG] Plateau detected at L=-1.135375e+02, not replacing live point.
11:16:22 [ultranest] [DEBUG] Plateau detected at L=-1.135375e+02, not replacing live point.
11:16:22 [ultranest] [DEBUG] Plateau detected at L=-1.135375e+02, not replacing live point.
11:16:22 [ultranest] [DEBUG] Plateau detected at L=-1.135375e+02, not replacing live point.
11:16:22 [ultranest] [DEBUG] Plateau detected at L=-1.135375e+02, not replacing live point.
11:16:22 [ultranest] [DEBUG] Plateau detected at L=-1.135375e+02, not replacing live point.
11:16:22 [ultranest] [DEBUG] Plateau detected at L=-1.135375e+02, not replacing live point.
11:16:22 [ultranest] [DEBUG] Plateau detected at L=-1.135375e+02, not replacing live point.
11:16:22 [ultranest] [DEBUG] Plateau detected at L=-1.135375e+02, not replacing live point.
11:16:22 [ultranest] [DEBUG] Plateau detected at L=-1.135375e+02, not replacing live point.
11:16:22 [ultranest] [DEBUG] Plateau detected at L=-1.135375e+02, not replacing live point.
11:16:22 [ultranest] [DEBUG] Plateau detected at L=-1.135375e+02, not replacing live point.
11:16:22 [ultranest] [DEBUG] Plateau detected at L=-1.135375e+02, not replacing live point.
11:16:22 [ultranest] [DEBUG] Plateau detected at L=-1.135375e+02, not replacing live point.
11:16:22 [ultranest] [DEBUG] Plateau detected at L=-1.135375e+02, not replacing live point.
11:16:22 [ultranest] [DEBUG] Plateau detected at L=-1.135375e+02, not replacing live point.
11:16:22 [ultranest] [DEBUG] Plateau detected at L=-1.135375e+02, not replacing live point.
11:16:22 [ultranest] [DEBUG] Plateau detected at L=-1.135375e+02, not replacing live point.
11:16:22 [ultranest] [DEBUG] Plateau detected at L=-1.135375e+02, not replacing live point.
11:16:22 [ultranest] [DEBUG] Plateau detected at L=-1.135375e+02, not replacing live point.
11:16:22 [ultranest] [DEBUG] Plateau detected at L=-1.135375e+02, not replacing live point.
11:16:22 [ultranest] [DEBUG] Plateau detected at L=-1.135375e+02, not replacing live point.
11:16:22 [ultranest] [DEBUG] Plateau detected at L=-1.135375e+02, not replacing live point.
11:16:22 [ultranest] [DEBUG] Plateau detected at L=-1.135375e+02, not replacing live point.
11:16:22 [ultranest] [DEBUG] Plateau detected at L=-1.135375e+02, not replacing live point.
11:16:22 [ultranest] [DEBUG] Plateau detected at L=-1.135375e+02, not replacing live point.
11:16:22 [ultranest] [DEBUG] Plateau detected at L=-1.135375e+02, not replacing live point.
11:16:22 [ultranest] [DEBUG] Plateau detected at L=-1.135375e+02, not replacing live point.
11:16:22 [ultranest] [DEBUG] Plateau detected at L=-1.135375e+02, not replacing live point.
11:16:22 [ultranest] [DEBUG] Plateau detected at L=-1.135375e+02, not replacing live point.
11:16:22 [ultranest] [DEBUG] Plateau detected at L=-1.135375e+02, not replacing live point.
11:16:22 [ultranest] [DEBUG] Plateau detected at L=-1.135375e+02, not replacing live point.
11:16:22 [ultranest] [DEBUG] Plateau detected at L=-1.135375e+02, not replacing live point.
11:16:22 [ultranest] [DEBUG] Plateau detected at L=-1.135375e+02, not replacing live point.
11:16:22 [ultranest] [DEBUG] Plateau detected at L=-1.135375e+02, not replacing live point.
11:16:22 [ultranest] [DEBUG] Plateau detected at L=-1.135375e+02, not replacing live point.
11:16:22 [ultranest] [DEBUG] Plateau detected at L=-1.135375e+02, not replacing live point.
11:16:22 [ultranest] [DEBUG] Plateau detected at L=-1.135375e+02, not replacing live point.
11:16:22 [ultranest] [DEBUG] Plateau detected at L=-1.135375e+02, not replacing live point.
11:16:22 [ultranest] [DEBUG] Plateau detected at L=-1.135375e+02, not replacing live point.
11:16:22 [ultranest] [DEBUG] Plateau detected at L=-1.135375e+02, not replacing live point.
11:16:22 [ultranest] [DEBUG] Plateau detected at L=-1.135375e+02, not replacing live point.
11:16:22 [ultranest] [DEBUG] Plateau detected at L=-1.135375e+02, not replacing live point.
11:16:22 [ultranest] [DEBUG] Plateau detected at L=-1.135375e+02, not replacing live point.
11:16:22 [ultranest] [DEBUG] Plateau detected at L=-1.135375e+02, not replacing live point.
11:16:22 [ultranest] [DEBUG] Plateau detected at L=-1.135375e+02, not replacing live point.
11:16:22 [ultranest] [DEBUG] Plateau detected at L=-1.135375e+02, not replacing live point.
11:16:22 [ultranest] [DEBUG] Plateau detected at L=-1.135375e+02, not replacing live point.
11:16:22 [ultranest] [DEBUG] Plateau detected at L=-1.135375e+02, not replacing live point.
11:16:22 [ultranest] [DEBUG] Plateau detected at L=-1.135375e+02, not replacing live point.
11:16:22 [ultranest] [DEBUG] Plateau detected at L=-1.135375e+02, not replacing live point.
11:16:22 [ultranest] [DEBUG] Plateau detected at L=-1.135375e+02, not replacing live point.
11:16:22 [ultranest] [DEBUG] Plateau detected at L=-1.135375e+02, not replacing live point.
11:16:22 [ultranest] [DEBUG] Plateau detected at L=-1.135375e+02, not replacing live point.
11:16:22 [ultranest] [DEBUG] Plateau detected at L=-1.135375e+02, not replacing live point.
11:16:22 [ultranest] [DEBUG] Plateau detected at L=-1.135375e+02, not replacing live point.
11:16:22 [ultranest] [DEBUG] Plateau detected at L=-1.135375e+02, not replacing live point.
11:16:22 [ultranest] [DEBUG] Plateau detected at L=-1.135375e+02, not replacing live point.
11:16:22 [ultranest] [DEBUG] Plateau detected at L=-1.135375e+02, not replacing live point.
11:16:22 [ultranest] [DEBUG] Plateau detected at L=-1.135375e+02, not replacing live point.
11:16:22 [ultranest] [DEBUG] Plateau detected at L=-1.135375e+02, not replacing live point.
11:16:22 [ultranest] [DEBUG] Plateau detected at L=-1.135375e+02, not replacing live point.
11:16:22 [ultranest] [DEBUG] Plateau detected at L=-1.135375e+02, not replacing live point.
11:16:22 [ultranest] [DEBUG] Plateau detected at L=-1.135375e+02, not replacing live point.
11:16:22 [ultranest] [DEBUG] Plateau detected at L=-1.135375e+02, not replacing live point.
11:16:22 [ultranest] [DEBUG] Plateau detected at L=-1.135375e+02, not replacing live point.
11:16:22 [ultranest] [DEBUG] Plateau detected at L=-1.135375e+02, not replacing live point.
11:16:22 [ultranest] [DEBUG] Plateau detected at L=-1.135375e+02, not replacing live point.
11:16:22 [ultranest] [DEBUG] Plateau detected at L=-1.135375e+02, not replacing live point.
11:16:22 [ultranest] [DEBUG] Plateau detected at L=-1.135375e+02, not replacing live point.
11:16:22 [ultranest] [DEBUG] Plateau detected at L=-1.135375e+02, not replacing live point.
11:16:23 [ultranest] [DEBUG] Plateau detected at L=-1.135375e+02, not replacing live point.
11:16:23 [ultranest] [DEBUG] Plateau detected at L=-1.135375e+02, not replacing live point.
11:16:23 [ultranest] [DEBUG] Plateau detected at L=-1.135375e+02, not replacing live point.
11:16:23 [ultranest] [DEBUG] Plateau detected at L=-1.135375e+02, not replacing live point.
11:16:23 [ultranest] [DEBUG] Plateau detected at L=-1.135375e+02, not replacing live point.
11:16:23 [ultranest] [DEBUG] Plateau detected at L=-1.135375e+02, not replacing live point.
11:16:23 [ultranest] [DEBUG] Plateau detected at L=-1.135375e+02, not replacing live point.
11:16:23 [ultranest] [DEBUG] Plateau detected at L=-1.135375e+02, not replacing live point.
11:16:23 [ultranest] [DEBUG] Plateau detected at L=-1.135375e+02, not replacing live point.
11:16:23 [ultranest] [DEBUG] Plateau detected at L=-1.135375e+02, not replacing live point.
11:16:23 [ultranest] [DEBUG] Plateau detected at L=-1.135375e+02, not replacing live point.
11:16:23 [ultranest] [DEBUG] Plateau detected at L=-1.135375e+02, not replacing live point.
11:16:23 [ultranest] [DEBUG] Plateau detected at L=-1.135375e+02, not replacing live point.
11:16:23 [ultranest] [DEBUG] Plateau detected at L=-1.135375e+02, not replacing live point.
11:16:23 [ultranest] [DEBUG] Plateau detected at L=-1.135375e+02, not replacing live point.
11:16:23 [ultranest] [DEBUG] Plateau detected at L=-1.135375e+02, not replacing live point.
11:16:23 [ultranest] [DEBUG] Plateau detected at L=-1.135375e+02, not replacing live point.
11:16:23 [ultranest] [DEBUG] Plateau detected at L=-1.135375e+02, not replacing live point.
11:16:23 [ultranest] [DEBUG] Plateau detected at L=-1.135375e+02, not replacing live point.
11:16:23 [ultranest] [DEBUG] Plateau detected at L=-1.135375e+02, not replacing live point.
11:16:23 [ultranest] [DEBUG] Plateau detected at L=-1.135375e+02, not replacing live point.
11:16:23 [ultranest] [DEBUG] Plateau detected at L=-1.135375e+02, not replacing live point.
11:16:23 [ultranest] [DEBUG] Plateau detected at L=-1.135375e+02, not replacing live point.
11:16:23 [ultranest] [DEBUG] Plateau detected at L=-1.135375e+02, not replacing live point.
11:16:23 [ultranest] [DEBUG] Plateau detected at L=-1.135375e+02, not replacing live point.
11:16:23 [ultranest] [DEBUG] Plateau detected at L=-1.135375e+02, not replacing live point.
11:16:23 [ultranest] [DEBUG] Plateau detected at L=-1.135375e+02, not replacing live point.
11:16:23 [ultranest] [DEBUG] Plateau detected at L=-1.135375e+02, not replacing live point.
11:16:23 [ultranest] [DEBUG] Plateau detected at L=-1.135375e+02, not replacing live point.
11:16:23 [ultranest] [DEBUG] Plateau detected at L=-1.135375e+02, not replacing live point.
11:16:23 [ultranest] [DEBUG] Plateau detected at L=-1.135375e+02, not replacing live point.
11:16:23 [ultranest] [DEBUG] Plateau detected at L=-1.135375e+02, not replacing live point.
11:16:23 [ultranest] [DEBUG] Plateau detected at L=-1.135375e+02, not replacing live point.
11:16:23 [ultranest] [DEBUG] Plateau detected at L=-1.135375e+02, not replacing live point.
11:16:23 [ultranest] [DEBUG] Plateau detected at L=-1.135375e+02, not replacing live point.
11:16:23 [ultranest] [DEBUG] Plateau detected at L=-1.135375e+02, not replacing live point.
11:16:23 [ultranest] [DEBUG] Plateau detected at L=-1.135375e+02, not replacing live point.
11:16:23 [ultranest] [DEBUG] Plateau detected at L=-1.135375e+02, not replacing live point.
11:16:23 [ultranest] [DEBUG] Plateau detected at L=-1.135375e+02, not replacing live point.
11:16:23 [ultranest] [DEBUG] Plateau detected at L=-1.135375e+02, not replacing live point.
11:16:23 [ultranest] [DEBUG] Plateau detected at L=-1.135375e+02, not replacing live point.
11:16:23 [ultranest] [DEBUG] Plateau detected at L=-1.135375e+02, not replacing live point.
11:16:23 [ultranest] [DEBUG] Plateau detected at L=-1.135375e+02, not replacing live point.
11:16:23 [ultranest] [DEBUG] Plateau detected at L=-1.135375e+02, not replacing live point.
11:16:23 [ultranest] [DEBUG] Plateau detected at L=-1.135375e+02, not replacing live point.
11:16:23 [ultranest] [DEBUG] Plateau detected at L=-1.135375e+02, not replacing live point.
11:16:23 [ultranest] [DEBUG] Plateau detected at L=-1.135375e+02, not replacing live point.
11:16:23 [ultranest] [DEBUG] Plateau detected at L=-1.135375e+02, not replacing live point.
11:16:23 [ultranest] [DEBUG] Plateau detected at L=-1.135375e+02, not replacing live point.
11:16:23 [ultranest] [DEBUG] Plateau detected at L=-1.135375e+02, not replacing live point.
11:16:23 [ultranest] [DEBUG] Plateau detected at L=-1.135375e+02, not replacing live point.
11:16:23 [ultranest] [DEBUG] Plateau detected at L=-1.135375e+02, not replacing live point.
11:16:23 [ultranest] [DEBUG] Plateau detected at L=-1.135375e+02, not replacing live point.
11:16:23 [ultranest] [DEBUG] Plateau detected at L=-1.135375e+02, not replacing live point.
11:16:23 [ultranest] [DEBUG] Plateau detected at L=-1.135375e+02, not replacing live point.
11:16:23 [ultranest] [DEBUG] Plateau detected at L=-1.135375e+02, not replacing live point.
11:16:23 [ultranest] [DEBUG] Plateau detected at L=-1.135375e+02, not replacing live point.
11:16:23 [ultranest] [DEBUG] Plateau detected at L=-1.135375e+02, not replacing live point.
11:16:23 [ultranest] [DEBUG] Plateau detected at L=-1.135375e+02, not replacing live point.
11:16:23 [ultranest] [DEBUG] Plateau detected at L=-1.135375e+02, not replacing live point.
11:16:23 [ultranest] [DEBUG] Plateau detected at L=-1.135375e+02, not replacing live point.
11:16:23 [ultranest] [DEBUG] Plateau detected at L=-1.135375e+02, not replacing live point.
11:16:23 [ultranest] [DEBUG] Plateau detected at L=-1.135375e+02, not replacing live point.
11:16:23 [ultranest] [DEBUG] Plateau detected at L=-1.135375e+02, not replacing live point.
11:16:23 [ultranest] [DEBUG] Plateau detected at L=-1.135375e+02, not replacing live point.
11:16:23 [ultranest] [DEBUG] Plateau detected at L=-1.135375e+02, not replacing live point.
11:16:23 [ultranest] [DEBUG] Plateau detected at L=-1.135375e+02, not replacing live point.
11:16:23 [ultranest] [DEBUG] Plateau detected at L=-1.135375e+02, not replacing live point.
11:16:23 [ultranest] [DEBUG] Plateau detected at L=-1.135375e+02, not replacing live point.
11:16:23 [ultranest] [DEBUG] Plateau detected at L=-1.135375e+02, not replacing live point.
11:16:23 [ultranest] [DEBUG] Plateau detected at L=-1.135375e+02, not replacing live point.
11:16:23 [ultranest] [DEBUG] Plateau detected at L=-1.135375e+02, not replacing live point.
11:16:23 [ultranest] [DEBUG] Plateau detected at L=-1.135375e+02, not replacing live point.
11:16:23 [ultranest] [DEBUG] Plateau detected at L=-1.135375e+02, not replacing live point.
11:16:23 [ultranest] [DEBUG] Plateau detected at L=-1.135375e+02, not replacing live point.
11:16:23 [ultranest] [DEBUG] Plateau detected at L=-1.135375e+02, not replacing live point.
11:16:23 [ultranest] [DEBUG] Plateau detected at L=-1.135375e+02, not replacing live point.
11:16:23 [ultranest] [DEBUG] Plateau detected at L=-1.135375e+02, not replacing live point.
11:16:23 [ultranest] [DEBUG] Plateau detected at L=-1.135375e+02, not replacing live point.
11:16:23 [ultranest] [DEBUG] Plateau detected at L=-1.135375e+02, not replacing live point.
11:16:23 [ultranest] [DEBUG] Plateau detected at L=-1.135375e+02, not replacing live point.
11:16:23 [ultranest] [DEBUG] Plateau detected at L=-1.135375e+02, not replacing live point.
11:16:23 [ultranest] [DEBUG] Plateau detected at L=-1.135375e+02, not replacing live point.
11:16:23 [ultranest] [DEBUG] Plateau detected at L=-1.135375e+02, not replacing live point.
11:16:23 [ultranest] [DEBUG] Plateau detected at L=-1.135375e+02, not replacing live point.
11:16:23 [ultranest] [DEBUG] Plateau detected at L=-1.135375e+02, not replacing live point.
11:16:23 [ultranest] [DEBUG] Plateau detected at L=-1.135375e+02, not replacing live point.
11:16:23 [ultranest] [DEBUG] Plateau detected at L=-1.135375e+02, not replacing live point.
11:16:23 [ultranest] [DEBUG] Plateau detected at L=-1.135375e+02, not replacing live point.
11:16:23 [ultranest] [DEBUG] Plateau detected at L=-1.135375e+02, not replacing live point.
11:16:23 [ultranest] [DEBUG] Plateau detected at L=-1.135375e+02, not replacing live point.
11:16:23 [ultranest] [DEBUG] Plateau detected at L=-1.135375e+02, not replacing live point.
11:16:23 [ultranest] [DEBUG] Plateau detected at L=-1.135375e+02, not replacing live point.
11:16:23 [ultranest] [DEBUG] Plateau detected at L=-1.135375e+02, not replacing live point.
11:16:23 [ultranest] [DEBUG] Plateau detected at L=-1.135375e+02, not replacing live point.
11:16:23 [ultranest] [DEBUG] Plateau detected at L=-1.135375e+02, not replacing live point.
11:16:23 [ultranest] [DEBUG] Plateau detected at L=-1.135375e+02, not replacing live point.
11:16:23 [ultranest] [DEBUG] Plateau detected at L=-1.135375e+02, not replacing live point.
11:16:23 [ultranest] [DEBUG] Plateau detected at L=-1.135375e+02, not replacing live point.
11:16:23 [ultranest] [DEBUG] Plateau detected at L=-1.135375e+02, not replacing live point.
11:16:23 [ultranest] [DEBUG] Plateau detected at L=-1.135375e+02, not replacing live point.
11:16:23 [ultranest] [DEBUG] Plateau detected at L=-1.135375e+02, not replacing live point.
11:16:23 [ultranest] [DEBUG] Plateau detected at L=-1.135375e+02, not replacing live point.
11:16:23 [ultranest] [DEBUG] Plateau detected at L=-1.135375e+02, not replacing live point.
11:16:23 [ultranest] [DEBUG] Plateau detected at L=-1.135375e+02, not replacing live point.
11:16:23 [ultranest] [DEBUG] Plateau detected at L=-1.135375e+02, not replacing live point.
11:16:23 [ultranest] [DEBUG] Plateau detected at L=-1.135375e+02, not replacing live point.
11:16:23 [ultranest] [DEBUG] Plateau detected at L=-1.135375e+02, not replacing live point.
11:16:23 [ultranest] [DEBUG] Plateau detected at L=-1.135375e+02, not replacing live point.
11:16:23 [ultranest] [DEBUG] Plateau detected at L=-1.135375e+02, not replacing live point.
11:16:23 [ultranest] [DEBUG] Plateau detected at L=-1.135375e+02, not replacing live point.
11:16:23 [ultranest] [DEBUG] Plateau detected at L=-1.135375e+02, not replacing live point.
11:16:23 [ultranest] [DEBUG] Plateau detected at L=-1.135375e+02, not replacing live point.
11:16:23 [ultranest] [DEBUG] Plateau detected at L=-1.135375e+02, not replacing live point.
11:16:23 [ultranest] [DEBUG] Plateau detected at L=-1.135375e+02, not replacing live point.
11:16:23 [ultranest] [DEBUG] Plateau detected at L=-1.135375e+02, not replacing live point.
11:16:23 [ultranest] [DEBUG] Plateau detected at L=-1.135375e+02, not replacing live point.
11:16:23 [ultranest] [DEBUG] Plateau detected at L=-1.135375e+02, not replacing live point.
11:16:23 [ultranest] [DEBUG] iteration=2319, ncalls=129304, regioncalls=6427400, ndraw=40, logz=-23.85, remainder_fraction=99.9995%, Lmin=-14.64, Lmax=-0.02
11:16:23 [ultranest] [DEBUG] iteration=2320, ncalls=129346, regioncalls=6429080, ndraw=40, logz=-23.65, remainder_fraction=99.9994%, Lmin=-14.60, Lmax=-0.02
11:16:24 [ultranest] [DEBUG] iteration=2327, ncalls=129701, regioncalls=6443280, ndraw=40, logz=-22.74, remainder_fraction=99.9995%, Lmin=-13.85, Lmax=-0.02
11:16:24 [ultranest] [DEBUG] iteration=2347, ncalls=129864, regioncalls=6449800, ndraw=40, logz=-20.75, remainder_fraction=99.9953%, Lmin=-11.64, Lmax=-0.02
11:16:25 [ultranest] [DEBUG] iteration=2361, ncalls=130379, regioncalls=6470400, ndraw=40, logz=-19.30, remainder_fraction=99.9784%, Lmin=-10.25, Lmax=-0.02
11:16:26 [ultranest] [DEBUG] iteration=2384, ncalls=130473, regioncalls=6474160, ndraw=40, logz=-17.63, remainder_fraction=99.8403%, Lmin=-8.40, Lmax=-0.02
11:16:26 [ultranest] [DEBUG] iteration=2385, ncalls=130532, regioncalls=6476520, ndraw=40, logz=-17.57, remainder_fraction=99.8289%, Lmin=-8.37, Lmax=-0.02
11:16:26 [ultranest] [DEBUG] iteration=2388, ncalls=130589, regioncalls=6478800, ndraw=40, logz=-17.39, remainder_fraction=99.8027%, Lmin=-7.93, Lmax=-0.02
11:16:27 [ultranest] [DEBUG] iteration=2397, ncalls=131117, regioncalls=6501160, ndraw=40, logz=-16.81, remainder_fraction=99.6581%, Lmin=-6.92, Lmax=-0.02
11:16:29 [ultranest] [DEBUG] iteration=2410, ncalls=132314, regioncalls=6549800, ndraw=40, logz=-15.80, remainder_fraction=98.9897%, Lmin=-5.93, Lmax=-0.02
11:16:29 [ultranest] [DEBUG] iteration=2420, ncalls=132472, regioncalls=6556200, ndraw=40, logz=-15.27, remainder_fraction=98.3370%, Lmin=-5.58, Lmax=-0.02
11:16:29 [ultranest] [DEBUG] iteration=2430, ncalls=132590, regioncalls=6561440, ndraw=40, logz=-14.83, remainder_fraction=97.3312%, Lmin=-4.90, Lmax=-0.02
11:16:30 [ultranest] [DEBUG] iteration=2450, ncalls=132776, regioncalls=6572920, ndraw=40, logz=-13.98, remainder_fraction=93.4353%, Lmin=-3.92, Lmax=-0.02
11:16:30 [ultranest] [DEBUG] iteration=2456, ncalls=132905, regioncalls=6582080, ndraw=40, logz=-13.77, remainder_fraction=91.6655%, Lmin=-3.80, Lmax=-0.02
11:16:30 [ultranest] [DEBUG] iteration=2458, ncalls=133154, regioncalls=6600360, ndraw=40, logz=-13.71, remainder_fraction=91.4127%, Lmin=-3.75, Lmax=-0.02
11:16:31 [ultranest] [DEBUG] iteration=2462, ncalls=133277, regioncalls=6609480, ndraw=40, logz=-13.59, remainder_fraction=90.2031%, Lmin=-3.63, Lmax=-0.02
11:16:31 [ultranest] [DEBUG] iteration=2468, ncalls=133446, regioncalls=6622200, ndraw=40, logz=-13.43, remainder_fraction=88.2478%, Lmin=-3.46, Lmax=-0.02
11:16:32 [ultranest] [DEBUG] iteration=2471, ncalls=133697, regioncalls=6639520, ndraw=40, logz=-13.36, remainder_fraction=87.0236%, Lmin=-3.32, Lmax=-0.02
11:16:32 [ultranest] [DEBUG] iteration=2473, ncalls=133938, regioncalls=6655800, ndraw=40, logz=-13.31, remainder_fraction=86.2932%, Lmin=-3.29, Lmax=-0.02
11:16:33 [ultranest] [DEBUG] iteration=2477, ncalls=134548, regioncalls=6696200, ndraw=40, logz=-13.22, remainder_fraction=84.5439%, Lmin=-3.19, Lmax=-0.02
11:16:34 [ultranest] [DEBUG] iteration=2479, ncalls=135015, regioncalls=6729080, ndraw=40, logz=-13.17, remainder_fraction=84.1446%, Lmin=-3.08, Lmax=-0.02
11:16:35 [ultranest] [DEBUG] iteration=2481, ncalls=135272, regioncalls=6746600, ndraw=40, logz=-13.13, remainder_fraction=83.8185%, Lmin=-3.06, Lmax=-0.02
11:16:35 [ultranest] [DEBUG] iteration=2482, ncalls=135567, regioncalls=6766440, ndraw=40, logz=-13.11, remainder_fraction=83.3703%, Lmin=-3.04, Lmax=-0.02
11:16:37 [ultranest] [DEBUG] iteration=2485, ncalls=136502, regioncalls=6829720, ndraw=40, logz=-13.05, remainder_fraction=82.1826%, Lmin=-2.96, Lmax=-0.02
11:16:40 [ultranest] [DEBUG] iteration=2488, ncalls=138024, regioncalls=6939080, ndraw=40, logz=-12.99, remainder_fraction=81.8351%, Lmin=-2.89, Lmax=-0.02
11:16:41 [ultranest] [DEBUG] iteration=2491, ncalls=138509, regioncalls=6971840, ndraw=40, logz=-12.93, remainder_fraction=80.5514%, Lmin=-2.86, Lmax=-0.02
11:16:41 [ultranest] [DEBUG] iteration=2492, ncalls=138559, regioncalls=6974280, ndraw=40, logz=-12.91, remainder_fraction=80.1276%, Lmin=-2.86, Lmax=-0.02
11:16:41 [ultranest] [DEBUG] iteration=2493, ncalls=138673, regioncalls=6983160, ndraw=40, logz=-12.90, remainder_fraction=80.5685%, Lmin=-2.86, Lmax=-0.02
11:16:43 [ultranest] [DEBUG] iteration=2494, ncalls=139401, regioncalls=7034640, ndraw=40, logz=-12.88, remainder_fraction=80.1033%, Lmin=-2.86, Lmax=-0.02
11:16:45 [ultranest] [DEBUG] iteration=2500, ncalls=140775, regioncalls=7130440, ndraw=40, logz=-12.79, remainder_fraction=78.2360%, Lmin=-2.77, Lmax=-0.02
11:16:48 [ultranest] [DEBUG] iteration=2501, ncalls=142053, regioncalls=7218080, ndraw=40, logz=-12.78, remainder_fraction=77.8735%, Lmin=-2.77, Lmax=-0.02
11:16:48 [ultranest] [DEBUG] iteration=2502, ncalls=142150, regioncalls=7223760, ndraw=40, logz=-12.76, remainder_fraction=77.4289%, Lmin=-2.76, Lmax=-0.02
11:16:48 [ultranest] [DEBUG] iteration=2512, ncalls=142217, regioncalls=7228600, ndraw=40, logz=-12.63, remainder_fraction=74.1861%, Lmin=-2.61, Lmax=-0.02
11:16:48 [ultranest] [DEBUG] iteration=2514, ncalls=142289, regioncalls=7231960, ndraw=40, logz=-12.61, remainder_fraction=73.5831%, Lmin=-2.59, Lmax=-0.02
11:16:49 [ultranest] [DEBUG] iteration=2518, ncalls=142378, regioncalls=7237480, ndraw=40, logz=-12.56, remainder_fraction=72.0361%, Lmin=-2.53, Lmax=-0.02
11:16:49 [ultranest] [DEBUG] iteration=2522, ncalls=142399, regioncalls=7238440, ndraw=40, logz=-12.52, remainder_fraction=70.6446%, Lmin=-2.50, Lmax=-0.02
11:16:49 [ultranest] [DEBUG] iteration=2528, ncalls=142439, regioncalls=7241120, ndraw=40, logz=-12.46, remainder_fraction=68.4139%, Lmin=-2.43, Lmax=-0.02
11:16:49 [ultranest] [DEBUG] iteration=2535, ncalls=142503, regioncalls=7244520, ndraw=40, logz=-12.40, remainder_fraction=66.4528%, Lmin=-2.35, Lmax=-0.02
11:16:49 [ultranest] [DEBUG] iteration=2540, ncalls=142558, regioncalls=7247560, ndraw=40, logz=-12.36, remainder_fraction=64.7957%, Lmin=-2.26, Lmax=-0.02
11:16:49 [ultranest] [DEBUG] iteration=2541, ncalls=142620, regioncalls=7251680, ndraw=40, logz=-12.35, remainder_fraction=64.3709%, Lmin=-2.25, Lmax=-0.02
11:16:49 [ultranest] [DEBUG] iteration=2546, ncalls=142656, regioncalls=7253320, ndraw=40, logz=-12.31, remainder_fraction=64.4886%, Lmin=-2.20, Lmax=-0.02
11:16:49 [ultranest] [DEBUG] iteration=2549, ncalls=142734, regioncalls=7258080, ndraw=40, logz=-12.29, remainder_fraction=63.8153%, Lmin=-2.11, Lmax=-0.02
11:16:50 [ultranest] [DEBUG] iteration=2554, ncalls=142790, regioncalls=7260880, ndraw=40, logz=-12.25, remainder_fraction=62.5481%, Lmin=-2.07, Lmax=-0.02
11:16:50 [ultranest] [DEBUG] iteration=2557, ncalls=142878, regioncalls=7266200, ndraw=40, logz=-12.23, remainder_fraction=62.1385%, Lmin=-2.06, Lmax=-0.02
11:16:50 [ultranest] [DEBUG] iteration=2559, ncalls=142964, regioncalls=7271120, ndraw=40, logz=-12.22, remainder_fraction=61.4467%, Lmin=-2.05, Lmax=-0.02
11:16:50 [ultranest] [DEBUG] iteration=2567, ncalls=143011, regioncalls=7274720, ndraw=40, logz=-12.17, remainder_fraction=58.7290%, Lmin=-1.99, Lmax=-0.02
11:16:50 [ultranest] [DEBUG] iteration=2571, ncalls=143073, regioncalls=7278880, ndraw=40, logz=-12.15, remainder_fraction=58.1230%, Lmin=-1.97, Lmax=-0.02
11:16:50 [ultranest] [DEBUG] iteration=2577, ncalls=143122, regioncalls=7282480, ndraw=40, logz=-12.12, remainder_fraction=57.7596%, Lmin=-1.88, Lmax=-0.02
11:16:50 [ultranest] [DEBUG] iteration=2581, ncalls=143207, regioncalls=7288560, ndraw=40, logz=-12.10, remainder_fraction=56.6081%, Lmin=-1.85, Lmax=-0.02
11:16:51 [ultranest] [DEBUG] iteration=2584, ncalls=143257, regioncalls=7291920, ndraw=40, logz=-12.08, remainder_fraction=55.8013%, Lmin=-1.82, Lmax=-0.02
11:16:51 [ultranest] [DEBUG] iteration=2587, ncalls=143365, regioncalls=7298880, ndraw=40, logz=-12.07, remainder_fraction=55.2541%, Lmin=-1.76, Lmax=-0.02
11:16:51 [ultranest] [DEBUG] iteration=2590, ncalls=143451, regioncalls=7303800, ndraw=40, logz=-12.05, remainder_fraction=54.7449%, Lmin=-1.73, Lmax=-0.02
11:16:51 [ultranest] [DEBUG] iteration=2596, ncalls=143459, regioncalls=7304320, ndraw=40, logz=-12.03, remainder_fraction=53.4925%, Lmin=-1.69, Lmax=-0.02
11:16:51 [ultranest] [DEBUG] iteration=2597, ncalls=143537, regioncalls=7308880, ndraw=40, logz=-12.02, remainder_fraction=53.3964%, Lmin=-1.69, Lmax=-0.02
11:16:51 [ultranest] [DEBUG] iteration=2602, ncalls=143601, regioncalls=7313120, ndraw=40, logz=-12.00, remainder_fraction=52.4552%, Lmin=-1.67, Lmax=-0.02
11:16:52 [ultranest] [DEBUG] iteration=2603, ncalls=143683, regioncalls=7318720, ndraw=40, logz=-12.00, remainder_fraction=52.2147%, Lmin=-1.65, Lmax=-0.02
11:16:52 [ultranest] [DEBUG] iteration=2606, ncalls=143805, regioncalls=7326080, ndraw=40, logz=-11.99, remainder_fraction=51.5322%, Lmin=-1.63, Lmax=-0.02
11:16:52 [ultranest] [DEBUG] iteration=2609, ncalls=143858, regioncalls=7329680, ndraw=40, logz=-11.98, remainder_fraction=51.0417%, Lmin=-1.60, Lmax=-0.02
11:16:52 [ultranest] [INFO] Explored until L=-0.02  
11:16:52 [ultranest] [INFO] Likelihood function evaluations: 143895
11:16:54 [ultranest] [INFO] Writing samples and results to disk ...
11:16:54 [ultranest] [INFO] Writing samples and results to disk ... done
11:16:54 [ultranest] [DEBUG] did a run_iter pass!
11:16:54 [ultranest] [INFO]   logZ = -11.24 +- 0.2538
11:16:54 [ultranest] [INFO] Effective samples strategy wants to improve: -9.52..-0.02 (ESS = 324.3, need >400)
11:16:54 [ultranest] [INFO] Posterior uncertainty strategy is satisfied (KL: 0.48+-0.22 nat, need <0.50 nat)
11:16:54 [ultranest] [DEBUG]   conservative estimate says at least 106 live points are needed to reach dlogz goal
11:16:54 [ultranest] [DEBUG]   number of live points vary between 1 and 2399, most (1251/2764 iterations) have 1
11:16:54 [ultranest] [DEBUG]   at least 82 live points are needed to reach dlogz goal
11:16:54 [ultranest] [INFO] Evidency uncertainty strategy wants 82 minimum live points (dlogz from 0.21 to 0.57, need <0.5)
11:16:54 [ultranest] [INFO]   logZ error budget: single: 0.28 bs:0.25 tail:0.38 total:0.46 required:<0.50
11:16:54 [ultranest] [INFO] Widening from 49 to 288 live points before L=-1e+01...
11:16:54 [ultranest] [INFO] Will add 239 live points (x5) at L=-8e+01 ...
11:16:54 [ultranest] [INFO] Exploring (in particular: L=-82.22..-0.02) ...
11:16:54 [ultranest] [DEBUG] minimal_widths_sequence: [(-inf, 1200.0), (-82.22456530285305, 1200.0), (-14.640209269636399, 1200.0), (-0.021265490250305198, 1200.0), (-0.020265490250305197, 1200.0), (inf, 1200.0)]
11:16:54 [ultranest] [DEBUG] Plateau detected at L=-1.135440e+02, not replacing live point.
11:16:54 [ultranest] [DEBUG] Plateau detected at L=-1.135423e+02, not replacing live point.
11:16:54 [ultranest] [DEBUG] Plateau detected at L=-1.135418e+02, not replacing live point.
11:16:54 [ultranest] [DEBUG] Plateau detected at L=-1.135418e+02, not replacing live point.
11:16:54 [ultranest] [DEBUG] Plateau detected at L=-1.135418e+02, not replacing live point.
11:16:54 [ultranest] [DEBUG] Plateau detected at L=-1.135416e+02, not replacing live point.
11:16:54 [ultranest] [DEBUG] Plateau detected at L=-1.135413e+02, not replacing live point.
11:16:54 [ultranest] [DEBUG] Plateau detected at L=-1.135408e+02, not replacing live point.
11:16:54 [ultranest] [DEBUG] Plateau detected at L=-1.135402e+02, not replacing live point.
11:16:54 [ultranest] [DEBUG] Plateau detected at L=-1.135402e+02, not replacing live point.
11:16:54 [ultranest] [DEBUG] Plateau detected at L=-1.135402e+02, not replacing live point.
11:16:54 [ultranest] [DEBUG] Plateau detected at L=-1.135402e+02, not replacing live point.
11:16:54 [ultranest] [DEBUG] Plateau detected at L=-1.135402e+02, not replacing live point.
11:16:54 [ultranest] [DEBUG] Plateau detected at L=-1.135401e+02, not replacing live point.
11:16:54 [ultranest] [DEBUG] Plateau detected at L=-1.135397e+02, not replacing live point.
11:16:54 [ultranest] [DEBUG] Plateau detected at L=-1.135395e+02, not replacing live point.
11:16:54 [ultranest] [DEBUG] Plateau detected at L=-1.135395e+02, not replacing live point.
11:16:54 [ultranest] [DEBUG] Plateau detected at L=-1.135395e+02, not replacing live point.
11:16:54 [ultranest] [DEBUG] Plateau detected at L=-1.135391e+02, not replacing live point.
11:16:54 [ultranest] [DEBUG] Plateau detected at L=-1.135391e+02, not replacing live point.
11:16:54 [ultranest] [DEBUG] Plateau detected at L=-1.135391e+02, not replacing live point.
11:16:54 [ultranest] [DEBUG] Plateau detected at L=-1.135386e+02, not replacing live point.
11:16:54 [ultranest] [DEBUG] Plateau detected at L=-1.135386e+02, not replacing live point.
11:16:54 [ultranest] [DEBUG] Plateau detected at L=-1.135386e+02, not replacing live point.
11:16:54 [ultranest] [DEBUG] Plateau detected at L=-1.135386e+02, not replacing live point.
11:16:54 [ultranest] [DEBUG] Plateau detected at L=-1.135386e+02, not replacing live point.
11:16:54 [ultranest] [DEBUG] Plateau detected at L=-1.135386e+02, not replacing live point.
11:16:54 [ultranest] [DEBUG] Plateau detected at L=-1.135386e+02, not replacing live point.
11:16:54 [ultranest] [DEBUG] Plateau detected at L=-1.135384e+02, not replacing live point.
11:16:54 [ultranest] [DEBUG] Plateau detected at L=-1.135384e+02, not replacing live point.
11:16:54 [ultranest] [DEBUG] Plateau detected at L=-1.135384e+02, not replacing live point.
11:16:54 [ultranest] [DEBUG] Plateau detected at L=-1.135384e+02, not replacing live point.
11:16:54 [ultranest] [DEBUG] Plateau detected at L=-1.135384e+02, not replacing live point.
11:16:54 [ultranest] [DEBUG] Plateau detected at L=-1.135384e+02, not replacing live point.
11:16:54 [ultranest] [DEBUG] Plateau detected at L=-1.135381e+02, not replacing live point.
11:16:54 [ultranest] [DEBUG] Plateau detected at L=-1.135381e+02, not replacing live point.
11:16:54 [ultranest] [DEBUG] Plateau detected at L=-1.135381e+02, not replacing live point.
11:16:54 [ultranest] [DEBUG] Plateau detected at L=-1.135381e+02, not replacing live point.
11:16:54 [ultranest] [DEBUG] Plateau detected at L=-1.135381e+02, not replacing live point.
11:16:54 [ultranest] [DEBUG] Plateau detected at L=-1.135381e+02, not replacing live point.
11:16:54 [ultranest] [DEBUG] Plateau detected at L=-1.135379e+02, not replacing live point.
11:16:54 [ultranest] [DEBUG] Plateau detected at L=-1.135379e+02, not replacing live point.
11:16:54 [ultranest] [DEBUG] Plateau detected at L=-1.135379e+02, not replacing live point.
11:16:54 [ultranest] [DEBUG] Plateau detected at L=-1.135379e+02, not replacing live point.
11:16:54 [ultranest] [DEBUG] Plateau detected at L=-1.135379e+02, not replacing live point.
11:16:54 [ultranest] [DEBUG] Plateau detected at L=-1.135379e+02, not replacing live point.
11:16:54 [ultranest] [DEBUG] Plateau detected at L=-1.135379e+02, not replacing live point.
11:16:54 [ultranest] [DEBUG] Plateau detected at L=-1.135379e+02, not replacing live point.
11:16:54 [ultranest] [DEBUG] Plateau detected at L=-1.135379e+02, not replacing live point.
11:16:54 [ultranest] [DEBUG] Plateau detected at L=-1.135379e+02, not replacing live point.
11:16:54 [ultranest] [DEBUG] Plateau detected at L=-1.135379e+02, not replacing live point.
11:16:54 [ultranest] [DEBUG] Plateau detected at L=-1.135379e+02, not replacing live point.
11:16:54 [ultranest] [DEBUG] Plateau detected at L=-1.135379e+02, not replacing live point.
11:16:54 [ultranest] [DEBUG] Plateau detected at L=-1.135379e+02, not replacing live point.
11:16:54 [ultranest] [DEBUG] Plateau detected at L=-1.135379e+02, not replacing live point.
11:16:54 [ultranest] [DEBUG] Plateau detected at L=-1.135379e+02, not replacing live point.
11:16:54 [ultranest] [DEBUG] Plateau detected at L=-1.135376e+02, not replacing live point.
11:16:54 [ultranest] [DEBUG] Plateau detected at L=-1.135376e+02, not replacing live point.
11:16:54 [ultranest] [DEBUG] Plateau detected at L=-1.135375e+02, not replacing live point.
11:16:54 [ultranest] [DEBUG] Plateau detected at L=-1.135375e+02, not replacing live point.
11:16:54 [ultranest] [DEBUG] Plateau detected at L=-1.135375e+02, not replacing live point.
11:16:54 [ultranest] [DEBUG] Plateau detected at L=-1.135375e+02, not replacing live point.
11:16:54 [ultranest] [DEBUG] Plateau detected at L=-1.135375e+02, not replacing live point.
11:16:54 [ultranest] [DEBUG] Plateau detected at L=-1.135375e+02, not replacing live point.
11:16:54 [ultranest] [DEBUG] Plateau detected at L=-1.135375e+02, not replacing live point.
11:16:54 [ultranest] [DEBUG] Plateau detected at L=-1.135375e+02, not replacing live point.
11:16:54 [ultranest] [DEBUG] Plateau detected at L=-1.135375e+02, not replacing live point.
11:16:54 [ultranest] [DEBUG] Plateau detected at L=-1.135375e+02, not replacing live point.
11:16:54 [ultranest] [DEBUG] Plateau detected at L=-1.135375e+02, not replacing live point.
11:16:54 [ultranest] [DEBUG] Plateau detected at L=-1.135375e+02, not replacing live point.
11:16:54 [ultranest] [DEBUG] Plateau detected at L=-1.135375e+02, not replacing live point.
11:16:54 [ultranest] [DEBUG] Plateau detected at L=-1.135375e+02, not replacing live point.
11:16:54 [ultranest] [DEBUG] Plateau detected at L=-1.135375e+02, not replacing live point.
11:16:54 [ultranest] [DEBUG] Plateau detected at L=-1.135375e+02, not replacing live point.
11:16:54 [ultranest] [DEBUG] Plateau detected at L=-1.135375e+02, not replacing live point.
11:16:54 [ultranest] [DEBUG] Plateau detected at L=-1.135375e+02, not replacing live point.
11:16:54 [ultranest] [DEBUG] Plateau detected at L=-1.135375e+02, not replacing live point.
11:16:54 [ultranest] [DEBUG] Plateau detected at L=-1.135375e+02, not replacing live point.
11:16:54 [ultranest] [DEBUG] Plateau detected at L=-1.135375e+02, not replacing live point.
11:16:54 [ultranest] [DEBUG] Plateau detected at L=-1.135375e+02, not replacing live point.
11:16:54 [ultranest] [DEBUG] Plateau detected at L=-1.135375e+02, not replacing live point.
11:16:54 [ultranest] [DEBUG] Plateau detected at L=-1.135375e+02, not replacing live point.
11:16:54 [ultranest] [DEBUG] Plateau detected at L=-1.135375e+02, not replacing live point.
11:16:54 [ultranest] [DEBUG] Plateau detected at L=-1.135375e+02, not replacing live point.
11:16:54 [ultranest] [DEBUG] Plateau detected at L=-1.135375e+02, not replacing live point.
11:16:54 [ultranest] [DEBUG] Plateau detected at L=-1.135375e+02, not replacing live point.
11:16:54 [ultranest] [DEBUG] Plateau detected at L=-1.135375e+02, not replacing live point.
11:16:54 [ultranest] [DEBUG] Plateau detected at L=-1.135375e+02, not replacing live point.
11:16:54 [ultranest] [DEBUG] Plateau detected at L=-1.135375e+02, not replacing live point.
11:16:54 [ultranest] [DEBUG] Plateau detected at L=-1.135375e+02, not replacing live point.
11:16:54 [ultranest] [DEBUG] Plateau detected at L=-1.135375e+02, not replacing live point.
11:16:54 [ultranest] [DEBUG] Plateau detected at L=-1.135375e+02, not replacing live point.
11:16:54 [ultranest] [DEBUG] Plateau detected at L=-1.135375e+02, not replacing live point.
11:16:54 [ultranest] [DEBUG] Plateau detected at L=-1.135375e+02, not replacing live point.
11:16:54 [ultranest] [DEBUG] Plateau detected at L=-1.135375e+02, not replacing live point.
11:16:54 [ultranest] [DEBUG] Plateau detected at L=-1.135375e+02, not replacing live point.
11:16:54 [ultranest] [DEBUG] Plateau detected at L=-1.135375e+02, not replacing live point.
11:16:54 [ultranest] [DEBUG] Plateau detected at L=-1.135375e+02, not replacing live point.
11:16:54 [ultranest] [DEBUG] Plateau detected at L=-1.135375e+02, not replacing live point.
11:16:54 [ultranest] [DEBUG] Plateau detected at L=-1.135375e+02, not replacing live point.
11:16:54 [ultranest] [DEBUG] Plateau detected at L=-1.135375e+02, not replacing live point.
11:16:54 [ultranest] [DEBUG] Plateau detected at L=-1.135375e+02, not replacing live point.
11:16:54 [ultranest] [DEBUG] Plateau detected at L=-1.135375e+02, not replacing live point.
11:16:54 [ultranest] [DEBUG] Plateau detected at L=-1.135375e+02, not replacing live point.
11:16:54 [ultranest] [DEBUG] Plateau detected at L=-1.135375e+02, not replacing live point.
11:16:54 [ultranest] [DEBUG] Plateau detected at L=-1.135375e+02, not replacing live point.
11:16:54 [ultranest] [DEBUG] Plateau detected at L=-1.135375e+02, not replacing live point.
11:16:54 [ultranest] [DEBUG] Plateau detected at L=-1.135375e+02, not replacing live point.
11:16:54 [ultranest] [DEBUG] Plateau detected at L=-1.135375e+02, not replacing live point.
11:16:54 [ultranest] [DEBUG] Plateau detected at L=-1.135375e+02, not replacing live point.
11:16:54 [ultranest] [DEBUG] Plateau detected at L=-1.135375e+02, not replacing live point.
11:16:54 [ultranest] [DEBUG] Plateau detected at L=-1.135375e+02, not replacing live point.
11:16:54 [ultranest] [DEBUG] Plateau detected at L=-1.135375e+02, not replacing live point.
11:16:54 [ultranest] [DEBUG] Plateau detected at L=-1.135375e+02, not replacing live point.
11:16:54 [ultranest] [DEBUG] Plateau detected at L=-1.135375e+02, not replacing live point.
11:16:54 [ultranest] [DEBUG] Plateau detected at L=-1.135375e+02, not replacing live point.
11:16:54 [ultranest] [DEBUG] Plateau detected at L=-1.135375e+02, not replacing live point.
11:16:54 [ultranest] [DEBUG] Plateau detected at L=-1.135375e+02, not replacing live point.
11:16:54 [ultranest] [DEBUG] Plateau detected at L=-1.135375e+02, not replacing live point.
11:16:55 [ultranest] [DEBUG] Plateau detected at L=-1.135375e+02, not replacing live point.
11:16:55 [ultranest] [DEBUG] Plateau detected at L=-1.135375e+02, not replacing live point.
11:16:55 [ultranest] [DEBUG] Plateau detected at L=-1.135375e+02, not replacing live point.
11:16:55 [ultranest] [DEBUG] Plateau detected at L=-1.135375e+02, not replacing live point.
11:16:55 [ultranest] [DEBUG] Plateau detected at L=-1.135375e+02, not replacing live point.
11:16:55 [ultranest] [DEBUG] Plateau detected at L=-1.135375e+02, not replacing live point.
11:16:55 [ultranest] [DEBUG] Plateau detected at L=-1.135375e+02, not replacing live point.
11:16:55 [ultranest] [DEBUG] Plateau detected at L=-1.135375e+02, not replacing live point.
11:16:55 [ultranest] [DEBUG] Plateau detected at L=-1.135375e+02, not replacing live point.
11:16:55 [ultranest] [DEBUG] Plateau detected at L=-1.135375e+02, not replacing live point.
11:16:55 [ultranest] [DEBUG] Plateau detected at L=-1.135375e+02, not replacing live point.
11:16:55 [ultranest] [DEBUG] Plateau detected at L=-1.135375e+02, not replacing live point.
11:16:55 [ultranest] [DEBUG] Plateau detected at L=-1.135375e+02, not replacing live point.
11:16:55 [ultranest] [DEBUG] Plateau detected at L=-1.135375e+02, not replacing live point.
11:16:55 [ultranest] [DEBUG] Plateau detected at L=-1.135375e+02, not replacing live point.
11:16:55 [ultranest] [DEBUG] Plateau detected at L=-1.135375e+02, not replacing live point.
11:16:55 [ultranest] [DEBUG] Plateau detected at L=-1.135375e+02, not replacing live point.
11:16:55 [ultranest] [DEBUG] Plateau detected at L=-1.135375e+02, not replacing live point.
11:16:55 [ultranest] [DEBUG] Plateau detected at L=-1.135375e+02, not replacing live point.
11:16:55 [ultranest] [DEBUG] Plateau detected at L=-1.135375e+02, not replacing live point.
11:16:55 [ultranest] [DEBUG] Plateau detected at L=-1.135375e+02, not replacing live point.
11:16:55 [ultranest] [DEBUG] Plateau detected at L=-1.135375e+02, not replacing live point.
11:16:55 [ultranest] [DEBUG] Plateau detected at L=-1.135375e+02, not replacing live point.
11:16:55 [ultranest] [DEBUG] Plateau detected at L=-1.135375e+02, not replacing live point.
11:16:55 [ultranest] [DEBUG] Plateau detected at L=-1.135375e+02, not replacing live point.
11:16:55 [ultranest] [DEBUG] Plateau detected at L=-1.135375e+02, not replacing live point.
11:16:55 [ultranest] [DEBUG] Plateau detected at L=-1.135375e+02, not replacing live point.
11:16:55 [ultranest] [DEBUG] Plateau detected at L=-1.135375e+02, not replacing live point.
11:16:55 [ultranest] [DEBUG] Plateau detected at L=-1.135375e+02, not replacing live point.
11:16:55 [ultranest] [DEBUG] Plateau detected at L=-1.135375e+02, not replacing live point.
11:16:55 [ultranest] [DEBUG] Plateau detected at L=-1.135375e+02, not replacing live point.
11:16:55 [ultranest] [DEBUG] Plateau detected at L=-1.135375e+02, not replacing live point.
11:16:55 [ultranest] [DEBUG] Plateau detected at L=-1.135375e+02, not replacing live point.
11:16:55 [ultranest] [DEBUG] Plateau detected at L=-1.135375e+02, not replacing live point.
11:16:55 [ultranest] [DEBUG] Plateau detected at L=-1.135375e+02, not replacing live point.
11:16:55 [ultranest] [DEBUG] Plateau detected at L=-1.135375e+02, not replacing live point.
11:16:55 [ultranest] [DEBUG] Plateau detected at L=-1.135375e+02, not replacing live point.
11:16:55 [ultranest] [DEBUG] Plateau detected at L=-1.135375e+02, not replacing live point.
11:16:55 [ultranest] [DEBUG] Plateau detected at L=-1.135375e+02, not replacing live point.
11:16:55 [ultranest] [DEBUG] Plateau detected at L=-1.135375e+02, not replacing live point.
11:16:55 [ultranest] [DEBUG] Plateau detected at L=-1.135375e+02, not replacing live point.
11:16:55 [ultranest] [DEBUG] Plateau detected at L=-1.135375e+02, not replacing live point.
11:16:55 [ultranest] [DEBUG] Plateau detected at L=-1.135375e+02, not replacing live point.
11:16:55 [ultranest] [DEBUG] Plateau detected at L=-1.135375e+02, not replacing live point.
11:16:55 [ultranest] [DEBUG] Plateau detected at L=-1.135375e+02, not replacing live point.
11:16:55 [ultranest] [DEBUG] Plateau detected at L=-1.135375e+02, not replacing live point.
11:16:55 [ultranest] [DEBUG] Plateau detected at L=-1.135375e+02, not replacing live point.
11:16:55 [ultranest] [DEBUG] Plateau detected at L=-1.135375e+02, not replacing live point.
11:16:55 [ultranest] [DEBUG] Plateau detected at L=-1.135375e+02, not replacing live point.
11:16:55 [ultranest] [DEBUG] Plateau detected at L=-1.135375e+02, not replacing live point.
11:16:55 [ultranest] [DEBUG] Plateau detected at L=-1.135375e+02, not replacing live point.
11:16:55 [ultranest] [DEBUG] Plateau detected at L=-1.135375e+02, not replacing live point.
11:16:55 [ultranest] [DEBUG] Plateau detected at L=-1.135375e+02, not replacing live point.
11:16:55 [ultranest] [DEBUG] Plateau detected at L=-1.135375e+02, not replacing live point.
11:16:55 [ultranest] [DEBUG] Plateau detected at L=-1.135375e+02, not replacing live point.
11:16:55 [ultranest] [DEBUG] Plateau detected at L=-1.135375e+02, not replacing live point.
11:16:55 [ultranest] [DEBUG] Plateau detected at L=-1.135375e+02, not replacing live point.
11:16:55 [ultranest] [DEBUG] Plateau detected at L=-1.135375e+02, not replacing live point.
11:16:55 [ultranest] [DEBUG] Plateau detected at L=-1.135375e+02, not replacing live point.
11:16:55 [ultranest] [DEBUG] Plateau detected at L=-1.135375e+02, not replacing live point.
11:16:55 [ultranest] [DEBUG] Plateau detected at L=-1.135375e+02, not replacing live point.
11:16:55 [ultranest] [DEBUG] Plateau detected at L=-1.135375e+02, not replacing live point.
11:16:55 [ultranest] [DEBUG] Plateau detected at L=-1.135375e+02, not replacing live point.
11:16:55 [ultranest] [DEBUG] Plateau detected at L=-1.135375e+02, not replacing live point.
11:16:55 [ultranest] [DEBUG] Plateau detected at L=-1.135375e+02, not replacing live point.
11:16:55 [ultranest] [DEBUG] Plateau detected at L=-1.135375e+02, not replacing live point.
11:16:55 [ultranest] [DEBUG] Plateau detected at L=-1.135375e+02, not replacing live point.
11:16:55 [ultranest] [DEBUG] Plateau detected at L=-1.135375e+02, not replacing live point.
11:16:55 [ultranest] [DEBUG] Plateau detected at L=-1.135375e+02, not replacing live point.
11:16:55 [ultranest] [DEBUG] Plateau detected at L=-1.135375e+02, not replacing live point.
11:16:55 [ultranest] [DEBUG] Plateau detected at L=-1.135375e+02, not replacing live point.
11:16:55 [ultranest] [DEBUG] Plateau detected at L=-1.135375e+02, not replacing live point.
11:16:55 [ultranest] [DEBUG] Plateau detected at L=-1.135375e+02, not replacing live point.
11:16:55 [ultranest] [DEBUG] Plateau detected at L=-1.135375e+02, not replacing live point.
11:16:55 [ultranest] [DEBUG] Plateau detected at L=-1.135375e+02, not replacing live point.
11:16:55 [ultranest] [DEBUG] Plateau detected at L=-1.135375e+02, not replacing live point.
11:16:55 [ultranest] [DEBUG] Plateau detected at L=-1.135375e+02, not replacing live point.
11:16:55 [ultranest] [DEBUG] Plateau detected at L=-1.135375e+02, not replacing live point.
11:16:55 [ultranest] [DEBUG] Plateau detected at L=-1.135375e+02, not replacing live point.
11:16:55 [ultranest] [DEBUG] Plateau detected at L=-1.135375e+02, not replacing live point.
11:16:55 [ultranest] [DEBUG] Plateau detected at L=-1.135375e+02, not replacing live point.
11:16:55 [ultranest] [DEBUG] Plateau detected at L=-1.135375e+02, not replacing live point.
11:16:55 [ultranest] [DEBUG] Plateau detected at L=-1.135375e+02, not replacing live point.
11:16:55 [ultranest] [DEBUG] Plateau detected at L=-1.135375e+02, not replacing live point.
11:16:55 [ultranest] [DEBUG] Plateau detected at L=-1.135375e+02, not replacing live point.
11:16:55 [ultranest] [DEBUG] Plateau detected at L=-1.135375e+02, not replacing live point.
11:16:55 [ultranest] [DEBUG] Plateau detected at L=-1.135375e+02, not replacing live point.
11:16:55 [ultranest] [DEBUG] Plateau detected at L=-1.135375e+02, not replacing live point.
11:16:55 [ultranest] [DEBUG] Plateau detected at L=-1.135375e+02, not replacing live point.
11:16:55 [ultranest] [DEBUG] Plateau detected at L=-1.135375e+02, not replacing live point.
11:16:55 [ultranest] [DEBUG] Plateau detected at L=-1.135375e+02, not replacing live point.
11:16:55 [ultranest] [DEBUG] Plateau detected at L=-1.135375e+02, not replacing live point.
11:16:55 [ultranest] [DEBUG] Plateau detected at L=-1.135375e+02, not replacing live point.
11:16:55 [ultranest] [DEBUG] Plateau detected at L=-1.135375e+02, not replacing live point.
11:16:55 [ultranest] [DEBUG] Plateau detected at L=-1.135375e+02, not replacing live point.
11:16:55 [ultranest] [DEBUG] Plateau detected at L=-1.135375e+02, not replacing live point.
11:16:55 [ultranest] [DEBUG] Plateau detected at L=-1.135375e+02, not replacing live point.
11:16:55 [ultranest] [DEBUG] Plateau detected at L=-1.135375e+02, not replacing live point.
11:16:55 [ultranest] [DEBUG] Plateau detected at L=-1.135375e+02, not replacing live point.
11:16:55 [ultranest] [DEBUG] Plateau detected at L=-1.135375e+02, not replacing live point.
11:16:55 [ultranest] [DEBUG] Plateau detected at L=-1.135375e+02, not replacing live point.
11:16:55 [ultranest] [DEBUG] Plateau detected at L=-1.135375e+02, not replacing live point.
11:16:55 [ultranest] [DEBUG] Plateau detected at L=-1.135375e+02, not replacing live point.
11:16:55 [ultranest] [DEBUG] Plateau detected at L=-1.135375e+02, not replacing live point.
11:16:55 [ultranest] [DEBUG] Plateau detected at L=-1.135375e+02, not replacing live point.
11:16:55 [ultranest] [DEBUG] Plateau detected at L=-1.135375e+02, not replacing live point.
11:16:55 [ultranest] [DEBUG] Plateau detected at L=-1.135375e+02, not replacing live point.
11:16:55 [ultranest] [DEBUG] Plateau detected at L=-1.135375e+02, not replacing live point.
11:16:55 [ultranest] [DEBUG] Plateau detected at L=-1.135375e+02, not replacing live point.
11:16:55 [ultranest] [DEBUG] Plateau detected at L=-1.135375e+02, not replacing live point.
11:16:55 [ultranest] [DEBUG] Plateau detected at L=-1.135375e+02, not replacing live point.
11:16:55 [ultranest] [DEBUG] Plateau detected at L=-1.135375e+02, not replacing live point.
11:16:55 [ultranest] [DEBUG] Plateau detected at L=-1.135375e+02, not replacing live point.
11:16:55 [ultranest] [DEBUG] Plateau detected at L=-1.135375e+02, not replacing live point.
11:16:55 [ultranest] [DEBUG] Plateau detected at L=-1.135375e+02, not replacing live point.
11:16:55 [ultranest] [DEBUG] Plateau detected at L=-1.135375e+02, not replacing live point.
11:16:55 [ultranest] [DEBUG] Plateau detected at L=-1.135375e+02, not replacing live point.
11:16:55 [ultranest] [DEBUG] Plateau detected at L=-1.135375e+02, not replacing live point.
11:16:55 [ultranest] [DEBUG] Plateau detected at L=-1.135375e+02, not replacing live point.
11:16:55 [ultranest] [DEBUG] Plateau detected at L=-1.135375e+02, not replacing live point.
11:16:55 [ultranest] [DEBUG] Plateau detected at L=-1.135375e+02, not replacing live point.
11:16:55 [ultranest] [DEBUG] Plateau detected at L=-1.135375e+02, not replacing live point.
11:16:55 [ultranest] [DEBUG] Plateau detected at L=-1.135375e+02, not replacing live point.
11:16:55 [ultranest] [DEBUG] Plateau detected at L=-1.135375e+02, not replacing live point.
11:16:55 [ultranest] [DEBUG] Plateau detected at L=-1.135375e+02, not replacing live point.
11:16:55 [ultranest] [DEBUG] Plateau detected at L=-1.135375e+02, not replacing live point.
11:16:55 [ultranest] [DEBUG] Plateau detected at L=-1.135375e+02, not replacing live point.
11:16:55 [ultranest] [DEBUG] Plateau detected at L=-1.135375e+02, not replacing live point.
11:16:55 [ultranest] [DEBUG] Plateau detected at L=-1.135375e+02, not replacing live point.
11:16:55 [ultranest] [DEBUG] Plateau detected at L=-1.135375e+02, not replacing live point.
11:16:55 [ultranest] [DEBUG] Plateau detected at L=-1.135375e+02, not replacing live point.
11:16:55 [ultranest] [DEBUG] Plateau detected at L=-1.135375e+02, not replacing live point.
11:16:55 [ultranest] [DEBUG] Plateau detected at L=-1.135375e+02, not replacing live point.
11:16:55 [ultranest] [DEBUG] Plateau detected at L=-1.135375e+02, not replacing live point.
11:16:55 [ultranest] [DEBUG] Plateau detected at L=-1.135375e+02, not replacing live point.
11:16:55 [ultranest] [DEBUG] Plateau detected at L=-1.135375e+02, not replacing live point.
11:16:55 [ultranest] [DEBUG] Plateau detected at L=-1.135375e+02, not replacing live point.
11:16:55 [ultranest] [DEBUG] Plateau detected at L=-1.135375e+02, not replacing live point.
11:16:55 [ultranest] [DEBUG] Plateau detected at L=-1.135375e+02, not replacing live point.
11:16:55 [ultranest] [DEBUG] Plateau detected at L=-1.135375e+02, not replacing live point.
11:16:55 [ultranest] [DEBUG] Plateau detected at L=-1.135375e+02, not replacing live point.
11:16:55 [ultranest] [DEBUG] Plateau detected at L=-1.135375e+02, not replacing live point.
11:16:55 [ultranest] [DEBUG] Plateau detected at L=-1.135375e+02, not replacing live point.
11:16:55 [ultranest] [DEBUG] Plateau detected at L=-1.135375e+02, not replacing live point.
11:16:55 [ultranest] [DEBUG] Plateau detected at L=-1.135375e+02, not replacing live point.
11:16:55 [ultranest] [DEBUG] Plateau detected at L=-1.135375e+02, not replacing live point.
11:16:55 [ultranest] [DEBUG] Plateau detected at L=-1.135375e+02, not replacing live point.
11:16:55 [ultranest] [DEBUG] Plateau detected at L=-1.135375e+02, not replacing live point.
11:16:55 [ultranest] [DEBUG] Plateau detected at L=-1.135375e+02, not replacing live point.
11:16:55 [ultranest] [DEBUG] Plateau detected at L=-1.135375e+02, not replacing live point.
11:16:55 [ultranest] [DEBUG] Plateau detected at L=-1.135375e+02, not replacing live point.
11:16:55 [ultranest] [DEBUG] Plateau detected at L=-1.135375e+02, not replacing live point.
11:16:55 [ultranest] [DEBUG] Plateau detected at L=-1.135375e+02, not replacing live point.
11:16:55 [ultranest] [DEBUG] Plateau detected at L=-1.135375e+02, not replacing live point.
11:16:55 [ultranest] [DEBUG] Plateau detected at L=-1.135375e+02, not replacing live point.
11:16:55 [ultranest] [DEBUG] Plateau detected at L=-1.135375e+02, not replacing live point.
11:16:55 [ultranest] [DEBUG] Plateau detected at L=-1.135375e+02, not replacing live point.
11:16:55 [ultranest] [DEBUG] Plateau detected at L=-1.135375e+02, not replacing live point.
11:16:55 [ultranest] [DEBUG] Plateau detected at L=-1.135375e+02, not replacing live point.
11:16:55 [ultranest] [DEBUG] Plateau detected at L=-1.135375e+02, not replacing live point.
11:16:55 [ultranest] [DEBUG] Plateau detected at L=-1.135375e+02, not replacing live point.
11:16:55 [ultranest] [DEBUG] Plateau detected at L=-1.135375e+02, not replacing live point.
11:16:55 [ultranest] [DEBUG] Plateau detected at L=-1.135375e+02, not replacing live point.
11:16:55 [ultranest] [DEBUG] Plateau detected at L=-1.135375e+02, not replacing live point.
11:16:55 [ultranest] [DEBUG] Plateau detected at L=-1.135375e+02, not replacing live point.
11:16:55 [ultranest] [DEBUG] Plateau detected at L=-1.135375e+02, not replacing live point.
11:16:55 [ultranest] [DEBUG] Plateau detected at L=-1.135375e+02, not replacing live point.
11:16:55 [ultranest] [DEBUG] Plateau detected at L=-1.135375e+02, not replacing live point.
11:16:55 [ultranest] [DEBUG] Plateau detected at L=-1.135375e+02, not replacing live point.
11:16:55 [ultranest] [DEBUG] Plateau detected at L=-1.135375e+02, not replacing live point.
11:16:55 [ultranest] [DEBUG] Plateau detected at L=-1.135375e+02, not replacing live point.
11:16:55 [ultranest] [DEBUG] Plateau detected at L=-1.135375e+02, not replacing live point.
11:16:55 [ultranest] [DEBUG] Plateau detected at L=-1.135375e+02, not replacing live point.
11:16:55 [ultranest] [DEBUG] Plateau detected at L=-1.135375e+02, not replacing live point.
11:16:55 [ultranest] [DEBUG] Plateau detected at L=-1.135375e+02, not replacing live point.
11:16:55 [ultranest] [DEBUG] Plateau detected at L=-1.135375e+02, not replacing live point.
11:16:55 [ultranest] [DEBUG] Plateau detected at L=-1.135375e+02, not replacing live point.
11:16:55 [ultranest] [DEBUG] Plateau detected at L=-1.135375e+02, not replacing live point.
11:16:55 [ultranest] [DEBUG] Plateau detected at L=-1.135375e+02, not replacing live point.
11:16:55 [ultranest] [DEBUG] Plateau detected at L=-1.135375e+02, not replacing live point.
11:16:55 [ultranest] [DEBUG] Plateau detected at L=-1.135375e+02, not replacing live point.
11:16:55 [ultranest] [DEBUG] Plateau detected at L=-1.135375e+02, not replacing live point.
11:16:55 [ultranest] [DEBUG] Plateau detected at L=-1.135375e+02, not replacing live point.
11:16:55 [ultranest] [DEBUG] Plateau detected at L=-1.135375e+02, not replacing live point.
11:16:55 [ultranest] [DEBUG] Plateau detected at L=-1.135375e+02, not replacing live point.
11:16:55 [ultranest] [DEBUG] Plateau detected at L=-1.135375e+02, not replacing live point.
11:16:55 [ultranest] [DEBUG] Plateau detected at L=-1.135375e+02, not replacing live point.
11:16:55 [ultranest] [DEBUG] Plateau detected at L=-1.135375e+02, not replacing live point.
11:16:55 [ultranest] [DEBUG] Plateau detected at L=-1.135375e+02, not replacing live point.
11:16:55 [ultranest] [DEBUG] Plateau detected at L=-1.135375e+02, not replacing live point.
11:16:55 [ultranest] [DEBUG] Plateau detected at L=-1.135375e+02, not replacing live point.
11:16:55 [ultranest] [DEBUG] Plateau detected at L=-1.135375e+02, not replacing live point.
11:16:55 [ultranest] [DEBUG] Plateau detected at L=-1.135375e+02, not replacing live point.
11:16:55 [ultranest] [DEBUG] Plateau detected at L=-1.135375e+02, not replacing live point.
11:16:55 [ultranest] [DEBUG] Plateau detected at L=-1.135375e+02, not replacing live point.
11:16:55 [ultranest] [DEBUG] Plateau detected at L=-1.135375e+02, not replacing live point.
11:16:55 [ultranest] [DEBUG] Plateau detected at L=-1.135375e+02, not replacing live point.
11:16:55 [ultranest] [DEBUG] Plateau detected at L=-1.135375e+02, not replacing live point.
11:16:55 [ultranest] [DEBUG] Plateau detected at L=-1.135375e+02, not replacing live point.
11:16:55 [ultranest] [DEBUG] Plateau detected at L=-1.135375e+02, not replacing live point.
11:16:55 [ultranest] [DEBUG] Plateau detected at L=-1.135375e+02, not replacing live point.
11:16:55 [ultranest] [DEBUG] Plateau detected at L=-1.135375e+02, not replacing live point.
11:16:55 [ultranest] [DEBUG] Plateau detected at L=-1.135375e+02, not replacing live point.
11:16:55 [ultranest] [DEBUG] Plateau detected at L=-1.135375e+02, not replacing live point.
11:16:55 [ultranest] [DEBUG] Plateau detected at L=-1.135375e+02, not replacing live point.
11:16:55 [ultranest] [DEBUG] Plateau detected at L=-1.135375e+02, not replacing live point.
11:16:55 [ultranest] [DEBUG] Plateau detected at L=-1.135375e+02, not replacing live point.
11:16:55 [ultranest] [DEBUG] Plateau detected at L=-1.135375e+02, not replacing live point.
11:16:55 [ultranest] [DEBUG] Plateau detected at L=-1.135375e+02, not replacing live point.
11:16:55 [ultranest] [DEBUG] Plateau detected at L=-1.135375e+02, not replacing live point.
11:16:55 [ultranest] [DEBUG] Plateau detected at L=-1.135375e+02, not replacing live point.
11:16:55 [ultranest] [DEBUG] Plateau detected at L=-1.135375e+02, not replacing live point.
11:16:55 [ultranest] [DEBUG] Plateau detected at L=-1.135375e+02, not replacing live point.
11:16:55 [ultranest] [DEBUG] Plateau detected at L=-1.135375e+02, not replacing live point.
11:16:55 [ultranest] [DEBUG] Plateau detected at L=-1.135375e+02, not replacing live point.
11:16:55 [ultranest] [DEBUG] Plateau detected at L=-1.135375e+02, not replacing live point.
11:16:55 [ultranest] [DEBUG] Plateau detected at L=-1.135375e+02, not replacing live point.
11:16:55 [ultranest] [DEBUG] Plateau detected at L=-1.135375e+02, not replacing live point.
11:16:55 [ultranest] [DEBUG] Plateau detected at L=-1.135375e+02, not replacing live point.
11:16:55 [ultranest] [DEBUG] Plateau detected at L=-1.135375e+02, not replacing live point.
11:16:55 [ultranest] [DEBUG] Plateau detected at L=-1.135375e+02, not replacing live point.
11:16:55 [ultranest] [DEBUG] Plateau detected at L=-1.135375e+02, not replacing live point.
11:16:55 [ultranest] [DEBUG] Plateau detected at L=-1.135375e+02, not replacing live point.
11:16:55 [ultranest] [DEBUG] Plateau detected at L=-1.135375e+02, not replacing live point.
11:16:55 [ultranest] [DEBUG] Plateau detected at L=-1.135375e+02, not replacing live point.
11:16:55 [ultranest] [DEBUG] Plateau detected at L=-1.135375e+02, not replacing live point.
11:16:55 [ultranest] [DEBUG] Plateau detected at L=-1.135375e+02, not replacing live point.
11:16:55 [ultranest] [DEBUG] Plateau detected at L=-1.135375e+02, not replacing live point.
11:16:55 [ultranest] [DEBUG] Plateau detected at L=-1.135375e+02, not replacing live point.
11:16:55 [ultranest] [DEBUG] Plateau detected at L=-1.135375e+02, not replacing live point.
11:16:55 [ultranest] [DEBUG] Plateau detected at L=-1.135375e+02, not replacing live point.
11:16:55 [ultranest] [DEBUG] Plateau detected at L=-1.135375e+02, not replacing live point.
11:16:55 [ultranest] [DEBUG] Plateau detected at L=-1.135375e+02, not replacing live point.
11:16:55 [ultranest] [DEBUG] Plateau detected at L=-1.135375e+02, not replacing live point.
11:16:55 [ultranest] [DEBUG] Plateau detected at L=-1.135375e+02, not replacing live point.
11:16:55 [ultranest] [DEBUG] Plateau detected at L=-1.135375e+02, not replacing live point.
11:16:55 [ultranest] [DEBUG] Plateau detected at L=-1.135375e+02, not replacing live point.
11:16:55 [ultranest] [DEBUG] Plateau detected at L=-1.135375e+02, not replacing live point.
11:16:55 [ultranest] [DEBUG] Plateau detected at L=-1.135375e+02, not replacing live point.
11:16:55 [ultranest] [DEBUG] Plateau detected at L=-1.135375e+02, not replacing live point.
11:16:55 [ultranest] [DEBUG] Plateau detected at L=-1.135375e+02, not replacing live point.
11:16:55 [ultranest] [DEBUG] Plateau detected at L=-1.135375e+02, not replacing live point.
11:16:55 [ultranest] [DEBUG] Plateau detected at L=-1.135375e+02, not replacing live point.
11:16:55 [ultranest] [DEBUG] Plateau detected at L=-1.135375e+02, not replacing live point.
11:16:55 [ultranest] [DEBUG] Plateau detected at L=-1.135375e+02, not replacing live point.
11:16:55 [ultranest] [DEBUG] Plateau detected at L=-1.135375e+02, not replacing live point.
11:16:55 [ultranest] [DEBUG] Plateau detected at L=-1.135375e+02, not replacing live point.
11:16:55 [ultranest] [DEBUG] Plateau detected at L=-1.135375e+02, not replacing live point.
11:16:55 [ultranest] [DEBUG] Plateau detected at L=-1.135375e+02, not replacing live point.
11:16:55 [ultranest] [DEBUG] Plateau detected at L=-1.135375e+02, not replacing live point.
11:16:55 [ultranest] [DEBUG] Plateau detected at L=-1.135375e+02, not replacing live point.
11:16:55 [ultranest] [DEBUG] Plateau detected at L=-1.135375e+02, not replacing live point.
11:16:55 [ultranest] [DEBUG] Plateau detected at L=-1.135375e+02, not replacing live point.
11:16:55 [ultranest] [DEBUG] Plateau detected at L=-1.135375e+02, not replacing live point.
11:16:55 [ultranest] [DEBUG] Plateau detected at L=-1.135375e+02, not replacing live point.
11:16:55 [ultranest] [DEBUG] Plateau detected at L=-1.135375e+02, not replacing live point.
11:16:55 [ultranest] [DEBUG] Plateau detected at L=-1.135375e+02, not replacing live point.
11:16:55 [ultranest] [DEBUG] Plateau detected at L=-1.135375e+02, not replacing live point.
11:16:55 [ultranest] [DEBUG] Plateau detected at L=-1.135375e+02, not replacing live point.
11:16:55 [ultranest] [DEBUG] Plateau detected at L=-1.135375e+02, not replacing live point.
11:16:55 [ultranest] [DEBUG] Plateau detected at L=-1.135375e+02, not replacing live point.
11:16:55 [ultranest] [DEBUG] Plateau detected at L=-1.135375e+02, not replacing live point.
11:16:55 [ultranest] [DEBUG] Plateau detected at L=-1.135375e+02, not replacing live point.
11:16:55 [ultranest] [DEBUG] Plateau detected at L=-1.135375e+02, not replacing live point.
11:16:55 [ultranest] [DEBUG] Plateau detected at L=-1.135375e+02, not replacing live point.
11:16:55 [ultranest] [DEBUG] Plateau detected at L=-1.135375e+02, not replacing live point.
11:16:55 [ultranest] [DEBUG] Plateau detected at L=-1.135375e+02, not replacing live point.
11:16:55 [ultranest] [DEBUG] Plateau detected at L=-1.135375e+02, not replacing live point.
11:16:55 [ultranest] [DEBUG] Plateau detected at L=-1.135375e+02, not replacing live point.
11:16:55 [ultranest] [DEBUG] Plateau detected at L=-1.135375e+02, not replacing live point.
11:16:55 [ultranest] [DEBUG] Plateau detected at L=-1.135375e+02, not replacing live point.
11:16:55 [ultranest] [DEBUG] Plateau detected at L=-1.135375e+02, not replacing live point.
11:16:55 [ultranest] [DEBUG] Plateau detected at L=-1.135375e+02, not replacing live point.
11:16:55 [ultranest] [DEBUG] Plateau detected at L=-1.135375e+02, not replacing live point.
11:16:55 [ultranest] [DEBUG] Plateau detected at L=-1.135375e+02, not replacing live point.
11:16:55 [ultranest] [DEBUG] Plateau detected at L=-1.135375e+02, not replacing live point.
11:16:55 [ultranest] [DEBUG] Plateau detected at L=-1.135375e+02, not replacing live point.
11:16:55 [ultranest] [DEBUG] Plateau detected at L=-1.135375e+02, not replacing live point.
11:16:55 [ultranest] [DEBUG] Plateau detected at L=-1.135375e+02, not replacing live point.
11:16:55 [ultranest] [DEBUG] Plateau detected at L=-1.135375e+02, not replacing live point.
11:16:55 [ultranest] [DEBUG] Plateau detected at L=-1.135375e+02, not replacing live point.
11:16:55 [ultranest] [DEBUG] Plateau detected at L=-1.135375e+02, not replacing live point.
11:16:55 [ultranest] [DEBUG] Plateau detected at L=-1.135375e+02, not replacing live point.
11:16:55 [ultranest] [DEBUG] Plateau detected at L=-1.135375e+02, not replacing live point.
11:16:55 [ultranest] [DEBUG] Plateau detected at L=-1.135375e+02, not replacing live point.
11:16:55 [ultranest] [DEBUG] Plateau detected at L=-1.135375e+02, not replacing live point.
11:16:55 [ultranest] [DEBUG] Plateau detected at L=-1.135375e+02, not replacing live point.
11:16:55 [ultranest] [DEBUG] Plateau detected at L=-1.135375e+02, not replacing live point.
11:16:55 [ultranest] [DEBUG] Plateau detected at L=-1.135375e+02, not replacing live point.
11:16:55 [ultranest] [DEBUG] Plateau detected at L=-1.135375e+02, not replacing live point.
11:16:55 [ultranest] [DEBUG] Plateau detected at L=-1.135375e+02, not replacing live point.
11:16:55 [ultranest] [DEBUG] Plateau detected at L=-1.135375e+02, not replacing live point.
11:16:55 [ultranest] [DEBUG] Plateau detected at L=-1.135375e+02, not replacing live point.
11:16:55 [ultranest] [DEBUG] Plateau detected at L=-1.135375e+02, not replacing live point.
11:16:55 [ultranest] [DEBUG] Plateau detected at L=-1.135375e+02, not replacing live point.
11:16:55 [ultranest] [DEBUG] Plateau detected at L=-1.135375e+02, not replacing live point.
11:16:55 [ultranest] [DEBUG] Plateau detected at L=-1.135375e+02, not replacing live point.
11:16:55 [ultranest] [DEBUG] Plateau detected at L=-1.135375e+02, not replacing live point.
11:16:55 [ultranest] [DEBUG] Plateau detected at L=-1.135375e+02, not replacing live point.
11:16:55 [ultranest] [DEBUG] Plateau detected at L=-1.135375e+02, not replacing live point.
11:16:55 [ultranest] [DEBUG] Plateau detected at L=-1.135375e+02, not replacing live point.
11:16:55 [ultranest] [DEBUG] Plateau detected at L=-1.135375e+02, not replacing live point.
11:16:55 [ultranest] [DEBUG] Plateau detected at L=-1.135375e+02, not replacing live point.
11:16:55 [ultranest] [DEBUG] Plateau detected at L=-1.135375e+02, not replacing live point.
11:16:55 [ultranest] [DEBUG] Plateau detected at L=-1.135375e+02, not replacing live point.
11:16:55 [ultranest] [DEBUG] Plateau detected at L=-1.135375e+02, not replacing live point.
11:16:55 [ultranest] [DEBUG] Plateau detected at L=-1.135375e+02, not replacing live point.
11:16:55 [ultranest] [DEBUG] Plateau detected at L=-1.135375e+02, not replacing live point.
11:16:55 [ultranest] [DEBUG] Plateau detected at L=-1.135375e+02, not replacing live point.
11:16:55 [ultranest] [DEBUG] Plateau detected at L=-1.135375e+02, not replacing live point.
11:16:55 [ultranest] [DEBUG] Plateau detected at L=-1.135375e+02, not replacing live point.
11:16:55 [ultranest] [DEBUG] Plateau detected at L=-1.135375e+02, not replacing live point.
11:16:55 [ultranest] [DEBUG] Plateau detected at L=-1.135375e+02, not replacing live point.
11:16:55 [ultranest] [DEBUG] Plateau detected at L=-1.135375e+02, not replacing live point.
11:16:55 [ultranest] [DEBUG] Plateau detected at L=-1.135375e+02, not replacing live point.
11:16:55 [ultranest] [DEBUG] Plateau detected at L=-1.135375e+02, not replacing live point.
11:16:55 [ultranest] [DEBUG] Plateau detected at L=-1.135375e+02, not replacing live point.
11:16:55 [ultranest] [DEBUG] Plateau detected at L=-1.135375e+02, not replacing live point.
11:16:55 [ultranest] [DEBUG] Plateau detected at L=-1.135375e+02, not replacing live point.
11:16:55 [ultranest] [DEBUG] Plateau detected at L=-1.135375e+02, not replacing live point.
11:16:55 [ultranest] [DEBUG] Plateau detected at L=-1.135375e+02, not replacing live point.
11:16:55 [ultranest] [DEBUG] Plateau detected at L=-1.135375e+02, not replacing live point.
11:16:55 [ultranest] [DEBUG] Plateau detected at L=-1.135375e+02, not replacing live point.
11:16:55 [ultranest] [DEBUG] Plateau detected at L=-1.135375e+02, not replacing live point.
11:16:55 [ultranest] [DEBUG] Plateau detected at L=-1.135375e+02, not replacing live point.
11:16:55 [ultranest] [DEBUG] Plateau detected at L=-1.135375e+02, not replacing live point.
11:16:55 [ultranest] [DEBUG] Plateau detected at L=-1.135375e+02, not replacing live point.
11:16:55 [ultranest] [DEBUG] Plateau detected at L=-1.135375e+02, not replacing live point.
11:16:55 [ultranest] [DEBUG] Plateau detected at L=-1.135375e+02, not replacing live point.
11:16:55 [ultranest] [DEBUG] Plateau detected at L=-1.135375e+02, not replacing live point.
11:16:55 [ultranest] [DEBUG] Plateau detected at L=-1.135375e+02, not replacing live point.
11:16:55 [ultranest] [DEBUG] Plateau detected at L=-1.135375e+02, not replacing live point.
11:16:55 [ultranest] [DEBUG] Plateau detected at L=-1.135375e+02, not replacing live point.
11:16:55 [ultranest] [DEBUG] Plateau detected at L=-1.135375e+02, not replacing live point.
11:16:55 [ultranest] [DEBUG] Plateau detected at L=-1.135375e+02, not replacing live point.
11:16:55 [ultranest] [DEBUG] Plateau detected at L=-1.135375e+02, not replacing live point.
11:16:55 [ultranest] [DEBUG] Plateau detected at L=-1.135375e+02, not replacing live point.
11:16:55 [ultranest] [DEBUG] Plateau detected at L=-1.135375e+02, not replacing live point.
11:16:55 [ultranest] [DEBUG] Plateau detected at L=-1.135375e+02, not replacing live point.
11:16:55 [ultranest] [DEBUG] Plateau detected at L=-1.135375e+02, not replacing live point.
11:16:55 [ultranest] [DEBUG] Plateau detected at L=-1.135375e+02, not replacing live point.
11:16:55 [ultranest] [DEBUG] Plateau detected at L=-1.135375e+02, not replacing live point.
11:16:55 [ultranest] [DEBUG] Plateau detected at L=-1.135375e+02, not replacing live point.
11:16:55 [ultranest] [DEBUG] Plateau detected at L=-1.135375e+02, not replacing live point.
11:16:55 [ultranest] [DEBUG] Plateau detected at L=-1.135375e+02, not replacing live point.
11:16:55 [ultranest] [DEBUG] Plateau detected at L=-1.135375e+02, not replacing live point.
11:16:55 [ultranest] [DEBUG] Plateau detected at L=-1.135375e+02, not replacing live point.
11:16:55 [ultranest] [DEBUG] Plateau detected at L=-1.135375e+02, not replacing live point.
11:16:55 [ultranest] [DEBUG] Plateau detected at L=-1.135375e+02, not replacing live point.
11:16:55 [ultranest] [DEBUG] Plateau detected at L=-1.135375e+02, not replacing live point.
11:16:55 [ultranest] [DEBUG] Plateau detected at L=-1.135375e+02, not replacing live point.
11:16:55 [ultranest] [DEBUG] Plateau detected at L=-1.135375e+02, not replacing live point.
11:16:55 [ultranest] [DEBUG] Plateau detected at L=-1.135375e+02, not replacing live point.
11:16:55 [ultranest] [DEBUG] Plateau detected at L=-1.135375e+02, not replacing live point.
11:16:55 [ultranest] [DEBUG] Plateau detected at L=-1.135375e+02, not replacing live point.
11:16:55 [ultranest] [DEBUG] Plateau detected at L=-1.135375e+02, not replacing live point.
11:16:55 [ultranest] [DEBUG] Plateau detected at L=-1.135375e+02, not replacing live point.
11:16:55 [ultranest] [DEBUG] Plateau detected at L=-1.135375e+02, not replacing live point.
11:16:55 [ultranest] [DEBUG] Plateau detected at L=-1.135375e+02, not replacing live point.
11:16:55 [ultranest] [DEBUG] Plateau detected at L=-1.135375e+02, not replacing live point.
11:16:55 [ultranest] [DEBUG] Plateau detected at L=-1.135375e+02, not replacing live point.
11:16:55 [ultranest] [DEBUG] Plateau detected at L=-1.135375e+02, not replacing live point.
11:16:55 [ultranest] [DEBUG] Plateau detected at L=-1.135375e+02, not replacing live point.
11:16:55 [ultranest] [DEBUG] Plateau detected at L=-1.135375e+02, not replacing live point.
11:16:55 [ultranest] [DEBUG] Plateau detected at L=-1.135375e+02, not replacing live point.
11:16:55 [ultranest] [DEBUG] Plateau detected at L=-1.135375e+02, not replacing live point.
11:16:55 [ultranest] [DEBUG] Plateau detected at L=-1.135375e+02, not replacing live point.
11:16:55 [ultranest] [DEBUG] Plateau detected at L=-1.135375e+02, not replacing live point.
11:16:55 [ultranest] [DEBUG] Plateau detected at L=-1.135375e+02, not replacing live point.
11:16:55 [ultranest] [DEBUG] Plateau detected at L=-1.135375e+02, not replacing live point.
11:16:55 [ultranest] [DEBUG] Plateau detected at L=-1.135375e+02, not replacing live point.
11:16:55 [ultranest] [DEBUG] Plateau detected at L=-1.135375e+02, not replacing live point.
11:16:55 [ultranest] [DEBUG] Plateau detected at L=-1.135375e+02, not replacing live point.
11:16:55 [ultranest] [DEBUG] Plateau detected at L=-1.135375e+02, not replacing live point.
11:16:55 [ultranest] [DEBUG] Plateau detected at L=-1.135375e+02, not replacing live point.
11:16:55 [ultranest] [DEBUG] Plateau detected at L=-1.135375e+02, not replacing live point.
11:16:55 [ultranest] [DEBUG] Plateau detected at L=-1.135375e+02, not replacing live point.
11:16:55 [ultranest] [DEBUG] Plateau detected at L=-1.135375e+02, not replacing live point.
11:16:55 [ultranest] [DEBUG] Plateau detected at L=-1.135375e+02, not replacing live point.
11:16:55 [ultranest] [DEBUG] Plateau detected at L=-1.135375e+02, not replacing live point.
11:16:55 [ultranest] [DEBUG] Plateau detected at L=-1.135375e+02, not replacing live point.
11:16:55 [ultranest] [DEBUG] Plateau detected at L=-1.135375e+02, not replacing live point.
11:16:55 [ultranest] [DEBUG] Plateau detected at L=-1.135375e+02, not replacing live point.
11:16:55 [ultranest] [DEBUG] Plateau detected at L=-1.135375e+02, not replacing live point.
11:16:55 [ultranest] [DEBUG] Plateau detected at L=-1.135375e+02, not replacing live point.
11:16:55 [ultranest] [DEBUG] Plateau detected at L=-1.135375e+02, not replacing live point.
11:16:55 [ultranest] [DEBUG] Plateau detected at L=-1.135375e+02, not replacing live point.
11:16:55 [ultranest] [DEBUG] Plateau detected at L=-1.135375e+02, not replacing live point.
11:16:55 [ultranest] [DEBUG] Plateau detected at L=-1.135375e+02, not replacing live point.
11:16:55 [ultranest] [DEBUG] Plateau detected at L=-1.135375e+02, not replacing live point.
11:16:55 [ultranest] [DEBUG] Plateau detected at L=-1.135375e+02, not replacing live point.
11:16:55 [ultranest] [DEBUG] Plateau detected at L=-1.135375e+02, not replacing live point.
11:16:55 [ultranest] [DEBUG] Plateau detected at L=-1.135375e+02, not replacing live point.
11:16:55 [ultranest] [DEBUG] Plateau detected at L=-1.135375e+02, not replacing live point.
11:16:55 [ultranest] [DEBUG] Plateau detected at L=-1.135375e+02, not replacing live point.
11:16:55 [ultranest] [DEBUG] Plateau detected at L=-1.135375e+02, not replacing live point.
11:16:55 [ultranest] [DEBUG] Plateau detected at L=-1.135375e+02, not replacing live point.
11:16:55 [ultranest] [DEBUG] Plateau detected at L=-1.135375e+02, not replacing live point.
11:16:55 [ultranest] [DEBUG] Plateau detected at L=-1.135375e+02, not replacing live point.
11:16:55 [ultranest] [DEBUG] Plateau detected at L=-1.135375e+02, not replacing live point.
11:16:55 [ultranest] [DEBUG] Plateau detected at L=-1.135375e+02, not replacing live point.
11:16:55 [ultranest] [DEBUG] Plateau detected at L=-1.135375e+02, not replacing live point.
11:16:55 [ultranest] [DEBUG] Plateau detected at L=-1.135375e+02, not replacing live point.
11:16:55 [ultranest] [DEBUG] Plateau detected at L=-1.135375e+02, not replacing live point.
11:16:55 [ultranest] [DEBUG] Plateau detected at L=-1.135375e+02, not replacing live point.
11:16:55 [ultranest] [DEBUG] Plateau detected at L=-1.135375e+02, not replacing live point.
11:16:55 [ultranest] [DEBUG] Plateau detected at L=-1.135375e+02, not replacing live point.
11:16:55 [ultranest] [DEBUG] Plateau detected at L=-1.135375e+02, not replacing live point.
11:16:55 [ultranest] [DEBUG] Plateau detected at L=-1.135375e+02, not replacing live point.
11:16:55 [ultranest] [DEBUG] Plateau detected at L=-1.135375e+02, not replacing live point.
11:16:55 [ultranest] [DEBUG] Plateau detected at L=-1.135375e+02, not replacing live point.
11:16:55 [ultranest] [DEBUG] Plateau detected at L=-1.135375e+02, not replacing live point.
11:16:55 [ultranest] [DEBUG] Plateau detected at L=-1.135375e+02, not replacing live point.
11:16:55 [ultranest] [DEBUG] Plateau detected at L=-1.135375e+02, not replacing live point.
11:16:55 [ultranest] [DEBUG] Plateau detected at L=-1.135375e+02, not replacing live point.
11:16:55 [ultranest] [DEBUG] Plateau detected at L=-1.135375e+02, not replacing live point.
11:16:55 [ultranest] [DEBUG] Plateau detected at L=-1.135375e+02, not replacing live point.
11:16:55 [ultranest] [DEBUG] Plateau detected at L=-1.135375e+02, not replacing live point.
11:16:55 [ultranest] [DEBUG] Plateau detected at L=-1.135375e+02, not replacing live point.
11:16:55 [ultranest] [DEBUG] Plateau detected at L=-1.135375e+02, not replacing live point.
11:16:55 [ultranest] [DEBUG] Plateau detected at L=-1.135375e+02, not replacing live point.
11:16:55 [ultranest] [DEBUG] Plateau detected at L=-1.135375e+02, not replacing live point.
11:16:55 [ultranest] [DEBUG] Plateau detected at L=-1.135375e+02, not replacing live point.
11:16:55 [ultranest] [DEBUG] Plateau detected at L=-1.135375e+02, not replacing live point.
11:16:55 [ultranest] [DEBUG] Plateau detected at L=-1.135375e+02, not replacing live point.
11:16:55 [ultranest] [DEBUG] Plateau detected at L=-1.135375e+02, not replacing live point.
11:16:55 [ultranest] [DEBUG] Plateau detected at L=-1.135375e+02, not replacing live point.
11:16:55 [ultranest] [DEBUG] Plateau detected at L=-1.135375e+02, not replacing live point.
11:16:55 [ultranest] [DEBUG] Plateau detected at L=-1.135375e+02, not replacing live point.
11:16:55 [ultranest] [DEBUG] Plateau detected at L=-1.135375e+02, not replacing live point.
11:16:55 [ultranest] [DEBUG] Plateau detected at L=-1.135375e+02, not replacing live point.
11:16:55 [ultranest] [DEBUG] Plateau detected at L=-1.135375e+02, not replacing live point.
11:16:55 [ultranest] [DEBUG] Plateau detected at L=-1.135375e+02, not replacing live point.
11:16:55 [ultranest] [DEBUG] Plateau detected at L=-1.135375e+02, not replacing live point.
11:16:55 [ultranest] [DEBUG] Plateau detected at L=-1.135375e+02, not replacing live point.
11:16:55 [ultranest] [DEBUG] Plateau detected at L=-1.135375e+02, not replacing live point.
11:16:55 [ultranest] [DEBUG] Plateau detected at L=-1.135375e+02, not replacing live point.
11:16:55 [ultranest] [DEBUG] Plateau detected at L=-1.135375e+02, not replacing live point.
11:16:55 [ultranest] [DEBUG] Plateau detected at L=-1.135375e+02, not replacing live point.
11:16:55 [ultranest] [DEBUG] Plateau detected at L=-1.135375e+02, not replacing live point.
11:16:55 [ultranest] [DEBUG] Plateau detected at L=-1.135375e+02, not replacing live point.
11:16:55 [ultranest] [DEBUG] Plateau detected at L=-1.135375e+02, not replacing live point.
11:16:55 [ultranest] [DEBUG] Plateau detected at L=-1.135375e+02, not replacing live point.
11:16:55 [ultranest] [DEBUG] Plateau detected at L=-1.135375e+02, not replacing live point.
11:16:55 [ultranest] [DEBUG] Plateau detected at L=-1.135375e+02, not replacing live point.
11:16:55 [ultranest] [DEBUG] Plateau detected at L=-1.135375e+02, not replacing live point.
11:16:55 [ultranest] [DEBUG] Plateau detected at L=-1.135375e+02, not replacing live point.
11:16:55 [ultranest] [DEBUG] Plateau detected at L=-1.135375e+02, not replacing live point.
11:16:55 [ultranest] [DEBUG] Plateau detected at L=-1.135375e+02, not replacing live point.
11:16:55 [ultranest] [DEBUG] Plateau detected at L=-1.135375e+02, not replacing live point.
11:16:55 [ultranest] [DEBUG] Plateau detected at L=-1.135375e+02, not replacing live point.
11:16:55 [ultranest] [DEBUG] Plateau detected at L=-1.135375e+02, not replacing live point.
11:16:55 [ultranest] [DEBUG] Plateau detected at L=-1.135375e+02, not replacing live point.
11:16:55 [ultranest] [DEBUG] Plateau detected at L=-1.135375e+02, not replacing live point.
11:16:55 [ultranest] [DEBUG] Plateau detected at L=-1.135375e+02, not replacing live point.
11:16:55 [ultranest] [DEBUG] Plateau detected at L=-1.135375e+02, not replacing live point.
11:16:55 [ultranest] [DEBUG] Plateau detected at L=-1.135375e+02, not replacing live point.
11:16:55 [ultranest] [DEBUG] Plateau detected at L=-1.135375e+02, not replacing live point.
11:16:55 [ultranest] [DEBUG] Plateau detected at L=-1.135375e+02, not replacing live point.
11:16:55 [ultranest] [DEBUG] Plateau detected at L=-1.135375e+02, not replacing live point.
11:16:55 [ultranest] [DEBUG] Plateau detected at L=-1.135375e+02, not replacing live point.
11:16:55 [ultranest] [DEBUG] Plateau detected at L=-1.135375e+02, not replacing live point.
11:16:55 [ultranest] [DEBUG] Plateau detected at L=-1.135375e+02, not replacing live point.
11:16:55 [ultranest] [DEBUG] Plateau detected at L=-1.135375e+02, not replacing live point.
11:16:55 [ultranest] [DEBUG] Plateau detected at L=-1.135375e+02, not replacing live point.
11:16:55 [ultranest] [DEBUG] Plateau detected at L=-1.135375e+02, not replacing live point.
11:16:55 [ultranest] [DEBUG] Plateau detected at L=-1.135375e+02, not replacing live point.
11:16:55 [ultranest] [DEBUG] Plateau detected at L=-1.135375e+02, not replacing live point.
11:16:55 [ultranest] [DEBUG] Plateau detected at L=-1.135375e+02, not replacing live point.
11:16:55 [ultranest] [DEBUG] Plateau detected at L=-1.135375e+02, not replacing live point.
11:16:55 [ultranest] [DEBUG] Plateau detected at L=-1.135375e+02, not replacing live point.
11:16:55 [ultranest] [DEBUG] Plateau detected at L=-1.135375e+02, not replacing live point.
11:16:55 [ultranest] [DEBUG] Plateau detected at L=-1.135375e+02, not replacing live point.
11:16:55 [ultranest] [DEBUG] Plateau detected at L=-1.135375e+02, not replacing live point.
11:16:55 [ultranest] [DEBUG] Plateau detected at L=-1.135375e+02, not replacing live point.
11:16:55 [ultranest] [DEBUG] Plateau detected at L=-1.135375e+02, not replacing live point.
11:16:55 [ultranest] [DEBUG] Plateau detected at L=-1.135375e+02, not replacing live point.
11:16:55 [ultranest] [DEBUG] Plateau detected at L=-1.135375e+02, not replacing live point.
11:16:55 [ultranest] [DEBUG] Plateau detected at L=-1.135375e+02, not replacing live point.
11:16:55 [ultranest] [DEBUG] Plateau detected at L=-1.135375e+02, not replacing live point.
11:16:55 [ultranest] [DEBUG] Plateau detected at L=-1.135375e+02, not replacing live point.
11:16:55 [ultranest] [DEBUG] Plateau detected at L=-1.135375e+02, not replacing live point.
11:16:55 [ultranest] [DEBUG] Plateau detected at L=-1.135375e+02, not replacing live point.
11:16:55 [ultranest] [DEBUG] Plateau detected at L=-1.135375e+02, not replacing live point.
11:16:55 [ultranest] [DEBUG] Plateau detected at L=-1.135375e+02, not replacing live point.
11:16:55 [ultranest] [DEBUG] Plateau detected at L=-1.135375e+02, not replacing live point.
11:16:55 [ultranest] [DEBUG] Plateau detected at L=-1.135375e+02, not replacing live point.
11:16:55 [ultranest] [DEBUG] Plateau detected at L=-1.135375e+02, not replacing live point.
11:16:55 [ultranest] [DEBUG] Plateau detected at L=-1.135375e+02, not replacing live point.
11:16:55 [ultranest] [DEBUG] Plateau detected at L=-1.135375e+02, not replacing live point.
11:16:55 [ultranest] [DEBUG] Plateau detected at L=-1.135375e+02, not replacing live point.
11:16:55 [ultranest] [DEBUG] Plateau detected at L=-1.135375e+02, not replacing live point.
11:16:55 [ultranest] [DEBUG] Plateau detected at L=-1.135375e+02, not replacing live point.
11:16:55 [ultranest] [DEBUG] Plateau detected at L=-1.135375e+02, not replacing live point.
11:16:55 [ultranest] [DEBUG] Plateau detected at L=-1.135375e+02, not replacing live point.
11:16:55 [ultranest] [DEBUG] Plateau detected at L=-1.135375e+02, not replacing live point.
11:16:55 [ultranest] [DEBUG] Plateau detected at L=-1.135375e+02, not replacing live point.
11:16:55 [ultranest] [DEBUG] Plateau detected at L=-1.135375e+02, not replacing live point.
11:16:55 [ultranest] [DEBUG] Plateau detected at L=-1.135375e+02, not replacing live point.
11:16:55 [ultranest] [DEBUG] Plateau detected at L=-1.135375e+02, not replacing live point.
11:16:55 [ultranest] [DEBUG] Plateau detected at L=-1.135375e+02, not replacing live point.
11:16:55 [ultranest] [DEBUG] Plateau detected at L=-1.135375e+02, not replacing live point.
11:16:55 [ultranest] [DEBUG] Plateau detected at L=-1.135375e+02, not replacing live point.
11:16:55 [ultranest] [DEBUG] Plateau detected at L=-1.135375e+02, not replacing live point.
11:16:55 [ultranest] [DEBUG] Plateau detected at L=-1.135375e+02, not replacing live point.
11:16:55 [ultranest] [DEBUG] Plateau detected at L=-1.135375e+02, not replacing live point.
11:16:55 [ultranest] [DEBUG] Plateau detected at L=-1.135375e+02, not replacing live point.
11:16:55 [ultranest] [DEBUG] Plateau detected at L=-1.135375e+02, not replacing live point.
11:16:55 [ultranest] [DEBUG] Plateau detected at L=-1.135375e+02, not replacing live point.
11:16:55 [ultranest] [DEBUG] Plateau detected at L=-1.135375e+02, not replacing live point.
11:16:55 [ultranest] [DEBUG] Plateau detected at L=-1.135375e+02, not replacing live point.
11:16:55 [ultranest] [DEBUG] Plateau detected at L=-1.135375e+02, not replacing live point.
11:16:55 [ultranest] [DEBUG] Plateau detected at L=-1.135375e+02, not replacing live point.
11:16:55 [ultranest] [DEBUG] Plateau detected at L=-1.135375e+02, not replacing live point.
11:16:55 [ultranest] [DEBUG] Plateau detected at L=-1.135375e+02, not replacing live point.
11:16:55 [ultranest] [DEBUG] Plateau detected at L=-1.135375e+02, not replacing live point.
11:16:55 [ultranest] [DEBUG] Plateau detected at L=-1.135375e+02, not replacing live point.
11:16:55 [ultranest] [DEBUG] Plateau detected at L=-1.135375e+02, not replacing live point.
11:16:55 [ultranest] [DEBUG] Plateau detected at L=-1.135375e+02, not replacing live point.
11:16:55 [ultranest] [DEBUG] Plateau detected at L=-1.135375e+02, not replacing live point.
11:16:55 [ultranest] [DEBUG] Plateau detected at L=-1.135375e+02, not replacing live point.
11:16:55 [ultranest] [DEBUG] Plateau detected at L=-1.135375e+02, not replacing live point.
11:16:55 [ultranest] [DEBUG] Plateau detected at L=-1.135375e+02, not replacing live point.
11:16:55 [ultranest] [DEBUG] Plateau detected at L=-1.135375e+02, not replacing live point.
11:16:55 [ultranest] [DEBUG] Plateau detected at L=-1.135375e+02, not replacing live point.
11:16:55 [ultranest] [DEBUG] Plateau detected at L=-1.135375e+02, not replacing live point.
11:16:55 [ultranest] [DEBUG] Plateau detected at L=-1.135375e+02, not replacing live point.
11:16:55 [ultranest] [DEBUG] Plateau detected at L=-1.135375e+02, not replacing live point.
11:16:55 [ultranest] [DEBUG] Plateau detected at L=-1.135375e+02, not replacing live point.
11:16:55 [ultranest] [DEBUG] Plateau detected at L=-1.135375e+02, not replacing live point.
11:16:55 [ultranest] [DEBUG] Plateau detected at L=-1.135375e+02, not replacing live point.
11:16:55 [ultranest] [DEBUG] Plateau detected at L=-1.135375e+02, not replacing live point.
11:16:55 [ultranest] [DEBUG] Plateau detected at L=-1.135375e+02, not replacing live point.
11:16:55 [ultranest] [DEBUG] Plateau detected at L=-1.135375e+02, not replacing live point.
11:16:55 [ultranest] [DEBUG] Plateau detected at L=-1.135375e+02, not replacing live point.
11:16:55 [ultranest] [DEBUG] Plateau detected at L=-1.135375e+02, not replacing live point.
11:16:55 [ultranest] [DEBUG] Plateau detected at L=-1.135375e+02, not replacing live point.
11:16:55 [ultranest] [DEBUG] Plateau detected at L=-1.135375e+02, not replacing live point.
11:16:55 [ultranest] [DEBUG] Plateau detected at L=-1.135375e+02, not replacing live point.
11:16:55 [ultranest] [DEBUG] Plateau detected at L=-1.135375e+02, not replacing live point.
11:16:55 [ultranest] [DEBUG] Plateau detected at L=-1.135375e+02, not replacing live point.
11:16:55 [ultranest] [DEBUG] Plateau detected at L=-1.135375e+02, not replacing live point.
11:16:55 [ultranest] [DEBUG] Plateau detected at L=-1.135375e+02, not replacing live point.
11:16:55 [ultranest] [DEBUG] Plateau detected at L=-1.135375e+02, not replacing live point.
11:16:55 [ultranest] [DEBUG] Plateau detected at L=-1.135375e+02, not replacing live point.
11:16:55 [ultranest] [DEBUG] Plateau detected at L=-1.135375e+02, not replacing live point.
11:16:55 [ultranest] [DEBUG] Plateau detected at L=-1.135375e+02, not replacing live point.
11:16:55 [ultranest] [DEBUG] Plateau detected at L=-1.135375e+02, not replacing live point.
11:16:55 [ultranest] [DEBUG] Plateau detected at L=-1.135375e+02, not replacing live point.
11:16:55 [ultranest] [DEBUG] Plateau detected at L=-1.135375e+02, not replacing live point.
11:16:55 [ultranest] [DEBUG] Plateau detected at L=-1.135375e+02, not replacing live point.
11:16:55 [ultranest] [DEBUG] Plateau detected at L=-1.135375e+02, not replacing live point.
11:16:55 [ultranest] [DEBUG] Plateau detected at L=-1.135375e+02, not replacing live point.
11:16:55 [ultranest] [DEBUG] Plateau detected at L=-1.135375e+02, not replacing live point.
11:16:55 [ultranest] [DEBUG] Plateau detected at L=-1.135375e+02, not replacing live point.
11:16:55 [ultranest] [DEBUG] Plateau detected at L=-1.135375e+02, not replacing live point.
11:16:55 [ultranest] [DEBUG] Plateau detected at L=-1.135375e+02, not replacing live point.
11:16:55 [ultranest] [DEBUG] Plateau detected at L=-1.135375e+02, not replacing live point.
11:16:55 [ultranest] [DEBUG] Plateau detected at L=-1.135375e+02, not replacing live point.
11:16:55 [ultranest] [DEBUG] Plateau detected at L=-1.135375e+02, not replacing live point.
11:16:55 [ultranest] [DEBUG] Plateau detected at L=-1.135375e+02, not replacing live point.
11:16:55 [ultranest] [DEBUG] Plateau detected at L=-1.135375e+02, not replacing live point.
11:16:55 [ultranest] [DEBUG] Plateau detected at L=-1.135375e+02, not replacing live point.
11:16:55 [ultranest] [DEBUG] Plateau detected at L=-1.135375e+02, not replacing live point.
11:16:55 [ultranest] [DEBUG] Plateau detected at L=-1.135375e+02, not replacing live point.
11:16:55 [ultranest] [DEBUG] Plateau detected at L=-1.135375e+02, not replacing live point.
11:16:55 [ultranest] [DEBUG] Plateau detected at L=-1.135375e+02, not replacing live point.
11:16:55 [ultranest] [DEBUG] Plateau detected at L=-1.135375e+02, not replacing live point.
11:16:55 [ultranest] [DEBUG] Plateau detected at L=-1.135375e+02, not replacing live point.
11:16:55 [ultranest] [DEBUG] Plateau detected at L=-1.135375e+02, not replacing live point.
11:16:55 [ultranest] [DEBUG] Plateau detected at L=-1.135375e+02, not replacing live point.
11:16:55 [ultranest] [DEBUG] Plateau detected at L=-1.135375e+02, not replacing live point.
11:16:55 [ultranest] [DEBUG] Plateau detected at L=-1.135375e+02, not replacing live point.
11:16:55 [ultranest] [DEBUG] Plateau detected at L=-1.135375e+02, not replacing live point.
11:16:55 [ultranest] [DEBUG] Plateau detected at L=-1.135375e+02, not replacing live point.
11:16:55 [ultranest] [DEBUG] Plateau detected at L=-1.135375e+02, not replacing live point.
11:16:55 [ultranest] [DEBUG] Plateau detected at L=-1.135375e+02, not replacing live point.
11:16:55 [ultranest] [DEBUG] Plateau detected at L=-1.135375e+02, not replacing live point.
11:16:55 [ultranest] [DEBUG] Plateau detected at L=-1.135375e+02, not replacing live point.
11:16:55 [ultranest] [DEBUG] Plateau detected at L=-1.135375e+02, not replacing live point.
11:16:55 [ultranest] [DEBUG] Plateau detected at L=-1.135375e+02, not replacing live point.
11:16:55 [ultranest] [DEBUG] Plateau detected at L=-1.135375e+02, not replacing live point.
11:16:55 [ultranest] [DEBUG] Plateau detected at L=-1.135375e+02, not replacing live point.
11:16:55 [ultranest] [DEBUG] Plateau detected at L=-1.135375e+02, not replacing live point.
11:16:55 [ultranest] [DEBUG] Plateau detected at L=-1.135375e+02, not replacing live point.
11:16:55 [ultranest] [DEBUG] Plateau detected at L=-1.135375e+02, not replacing live point.
11:16:55 [ultranest] [DEBUG] Plateau detected at L=-1.135375e+02, not replacing live point.
11:16:55 [ultranest] [DEBUG] Plateau detected at L=-1.135375e+02, not replacing live point.
11:16:55 [ultranest] [DEBUG] Plateau detected at L=-1.135375e+02, not replacing live point.
11:16:55 [ultranest] [DEBUG] Plateau detected at L=-1.135375e+02, not replacing live point.
11:16:55 [ultranest] [DEBUG] Plateau detected at L=-1.135375e+02, not replacing live point.
11:16:55 [ultranest] [DEBUG] Plateau detected at L=-1.135375e+02, not replacing live point.
11:16:55 [ultranest] [DEBUG] Plateau detected at L=-1.135375e+02, not replacing live point.
11:16:55 [ultranest] [DEBUG] Plateau detected at L=-1.135375e+02, not replacing live point.
11:16:55 [ultranest] [DEBUG] Plateau detected at L=-1.135375e+02, not replacing live point.
11:16:55 [ultranest] [DEBUG] Plateau detected at L=-1.135375e+02, not replacing live point.
11:16:55 [ultranest] [DEBUG] Plateau detected at L=-1.135375e+02, not replacing live point.
11:16:55 [ultranest] [DEBUG] Plateau detected at L=-1.135375e+02, not replacing live point.
11:16:55 [ultranest] [DEBUG] Plateau detected at L=-1.135375e+02, not replacing live point.
11:16:55 [ultranest] [DEBUG] Plateau detected at L=-1.135375e+02, not replacing live point.
11:16:55 [ultranest] [DEBUG] Plateau detected at L=-1.135375e+02, not replacing live point.
11:16:55 [ultranest] [DEBUG] Plateau detected at L=-1.135375e+02, not replacing live point.
11:16:55 [ultranest] [DEBUG] Plateau detected at L=-1.135375e+02, not replacing live point.
11:16:55 [ultranest] [DEBUG] Plateau detected at L=-1.135375e+02, not replacing live point.
11:16:55 [ultranest] [DEBUG] Plateau detected at L=-1.135375e+02, not replacing live point.
11:16:55 [ultranest] [DEBUG] Plateau detected at L=-1.135375e+02, not replacing live point.
11:16:55 [ultranest] [DEBUG] Plateau detected at L=-1.135375e+02, not replacing live point.
11:16:55 [ultranest] [DEBUG] Plateau detected at L=-1.135375e+02, not replacing live point.
11:16:55 [ultranest] [DEBUG] Plateau detected at L=-1.135375e+02, not replacing live point.
11:16:55 [ultranest] [DEBUG] Plateau detected at L=-1.135375e+02, not replacing live point.
11:16:55 [ultranest] [DEBUG] Plateau detected at L=-1.135375e+02, not replacing live point.
11:16:55 [ultranest] [DEBUG] Plateau detected at L=-1.135375e+02, not replacing live point.
11:16:55 [ultranest] [DEBUG] Plateau detected at L=-1.135375e+02, not replacing live point.
11:16:55 [ultranest] [DEBUG] Plateau detected at L=-1.135375e+02, not replacing live point.
11:16:55 [ultranest] [DEBUG] Plateau detected at L=-1.135375e+02, not replacing live point.
11:16:55 [ultranest] [DEBUG] Plateau detected at L=-1.135375e+02, not replacing live point.
11:16:55 [ultranest] [DEBUG] Plateau detected at L=-1.135375e+02, not replacing live point.
11:16:55 [ultranest] [DEBUG] Plateau detected at L=-1.135375e+02, not replacing live point.
11:16:55 [ultranest] [DEBUG] Plateau detected at L=-1.135375e+02, not replacing live point.
11:16:55 [ultranest] [DEBUG] Plateau detected at L=-1.135375e+02, not replacing live point.
11:16:55 [ultranest] [DEBUG] Plateau detected at L=-1.135375e+02, not replacing live point.
11:16:55 [ultranest] [DEBUG] Plateau detected at L=-1.135375e+02, not replacing live point.
11:16:55 [ultranest] [DEBUG] Plateau detected at L=-1.135375e+02, not replacing live point.
11:16:55 [ultranest] [DEBUG] Plateau detected at L=-1.135375e+02, not replacing live point.
11:16:55 [ultranest] [DEBUG] Plateau detected at L=-1.135375e+02, not replacing live point.
11:16:55 [ultranest] [DEBUG] Plateau detected at L=-1.135375e+02, not replacing live point.
11:16:55 [ultranest] [DEBUG] Plateau detected at L=-1.135375e+02, not replacing live point.
11:16:55 [ultranest] [DEBUG] Plateau detected at L=-1.135375e+02, not replacing live point.
11:16:55 [ultranest] [DEBUG] Plateau detected at L=-1.135375e+02, not replacing live point.
11:16:55 [ultranest] [DEBUG] Plateau detected at L=-1.135375e+02, not replacing live point.
11:16:55 [ultranest] [DEBUG] Plateau detected at L=-1.135375e+02, not replacing live point.
11:16:55 [ultranest] [DEBUG] Plateau detected at L=-1.135375e+02, not replacing live point.
11:16:55 [ultranest] [DEBUG] Plateau detected at L=-1.135375e+02, not replacing live point.
11:16:55 [ultranest] [DEBUG] Plateau detected at L=-1.135375e+02, not replacing live point.
11:16:55 [ultranest] [DEBUG] Plateau detected at L=-1.135375e+02, not replacing live point.
11:16:55 [ultranest] [DEBUG] Plateau detected at L=-1.135375e+02, not replacing live point.
11:16:55 [ultranest] [DEBUG] Plateau detected at L=-1.135375e+02, not replacing live point.
11:16:55 [ultranest] [DEBUG] Plateau detected at L=-1.135375e+02, not replacing live point.
11:16:55 [ultranest] [DEBUG] Plateau detected at L=-1.135375e+02, not replacing live point.
11:16:55 [ultranest] [DEBUG] Plateau detected at L=-1.135375e+02, not replacing live point.
11:16:55 [ultranest] [DEBUG] Plateau detected at L=-1.135375e+02, not replacing live point.
11:16:55 [ultranest] [DEBUG] Plateau detected at L=-1.135375e+02, not replacing live point.
11:16:55 [ultranest] [DEBUG] Plateau detected at L=-1.135375e+02, not replacing live point.
11:16:55 [ultranest] [DEBUG] Plateau detected at L=-1.135375e+02, not replacing live point.
11:16:55 [ultranest] [DEBUG] Plateau detected at L=-1.135375e+02, not replacing live point.
11:16:55 [ultranest] [DEBUG] Plateau detected at L=-1.135375e+02, not replacing live point.
11:16:55 [ultranest] [DEBUG] Plateau detected at L=-1.135375e+02, not replacing live point.
11:16:55 [ultranest] [DEBUG] Plateau detected at L=-1.135375e+02, not replacing live point.
11:16:55 [ultranest] [DEBUG] Plateau detected at L=-1.135375e+02, not replacing live point.
11:16:55 [ultranest] [DEBUG] Plateau detected at L=-1.135375e+02, not replacing live point.
11:16:55 [ultranest] [DEBUG] Plateau detected at L=-1.135375e+02, not replacing live point.
11:16:55 [ultranest] [DEBUG] Plateau detected at L=-1.135375e+02, not replacing live point.
11:16:55 [ultranest] [DEBUG] Plateau detected at L=-1.135375e+02, not replacing live point.
11:16:55 [ultranest] [DEBUG] Plateau detected at L=-1.135375e+02, not replacing live point.
11:16:55 [ultranest] [DEBUG] Plateau detected at L=-1.135375e+02, not replacing live point.
11:16:55 [ultranest] [DEBUG] Plateau detected at L=-1.135375e+02, not replacing live point.
11:16:55 [ultranest] [DEBUG] Plateau detected at L=-1.135375e+02, not replacing live point.
11:16:55 [ultranest] [DEBUG] Plateau detected at L=-1.135375e+02, not replacing live point.
11:16:55 [ultranest] [DEBUG] Plateau detected at L=-1.135375e+02, not replacing live point.
11:16:55 [ultranest] [DEBUG] Plateau detected at L=-1.135375e+02, not replacing live point.
11:16:55 [ultranest] [DEBUG] Plateau detected at L=-1.135375e+02, not replacing live point.
11:16:55 [ultranest] [DEBUG] Plateau detected at L=-1.135375e+02, not replacing live point.
11:16:55 [ultranest] [DEBUG] Plateau detected at L=-1.135375e+02, not replacing live point.
11:16:55 [ultranest] [DEBUG] Plateau detected at L=-1.135375e+02, not replacing live point.
11:16:55 [ultranest] [DEBUG] Plateau detected at L=-1.135375e+02, not replacing live point.
11:16:55 [ultranest] [DEBUG] Plateau detected at L=-1.135375e+02, not replacing live point.
11:16:55 [ultranest] [DEBUG] Plateau detected at L=-1.135375e+02, not replacing live point.
11:16:55 [ultranest] [DEBUG] Plateau detected at L=-1.135375e+02, not replacing live point.
11:16:55 [ultranest] [DEBUG] Plateau detected at L=-1.135375e+02, not replacing live point.
11:16:55 [ultranest] [DEBUG] Plateau detected at L=-1.135375e+02, not replacing live point.
11:16:55 [ultranest] [DEBUG] Plateau detected at L=-1.135375e+02, not replacing live point.
11:16:55 [ultranest] [DEBUG] Plateau detected at L=-1.135375e+02, not replacing live point.
11:16:55 [ultranest] [DEBUG] Plateau detected at L=-1.135375e+02, not replacing live point.
11:16:55 [ultranest] [DEBUG] Plateau detected at L=-1.135375e+02, not replacing live point.
11:16:55 [ultranest] [DEBUG] Plateau detected at L=-1.135375e+02, not replacing live point.
11:16:55 [ultranest] [DEBUG] Plateau detected at L=-1.135375e+02, not replacing live point.
11:16:55 [ultranest] [DEBUG] Plateau detected at L=-1.135375e+02, not replacing live point.
11:16:55 [ultranest] [DEBUG] Plateau detected at L=-1.135375e+02, not replacing live point.
11:16:55 [ultranest] [DEBUG] Plateau detected at L=-1.135375e+02, not replacing live point.
11:16:55 [ultranest] [DEBUG] Plateau detected at L=-1.135375e+02, not replacing live point.
11:16:55 [ultranest] [DEBUG] Plateau detected at L=-1.135375e+02, not replacing live point.
11:16:55 [ultranest] [DEBUG] Plateau detected at L=-1.135375e+02, not replacing live point.
11:16:55 [ultranest] [DEBUG] Plateau detected at L=-1.135375e+02, not replacing live point.
11:16:55 [ultranest] [DEBUG] Plateau detected at L=-1.135375e+02, not replacing live point.
11:16:55 [ultranest] [DEBUG] Plateau detected at L=-1.135375e+02, not replacing live point.
11:16:55 [ultranest] [DEBUG] Plateau detected at L=-1.135375e+02, not replacing live point.
11:16:55 [ultranest] [DEBUG] Plateau detected at L=-1.135375e+02, not replacing live point.
11:16:55 [ultranest] [DEBUG] Plateau detected at L=-1.135375e+02, not replacing live point.
11:16:55 [ultranest] [DEBUG] Plateau detected at L=-1.135375e+02, not replacing live point.
11:16:55 [ultranest] [DEBUG] Plateau detected at L=-1.135375e+02, not replacing live point.
11:16:55 [ultranest] [DEBUG] Plateau detected at L=-1.135375e+02, not replacing live point.
11:16:55 [ultranest] [DEBUG] Plateau detected at L=-1.135375e+02, not replacing live point.
11:16:55 [ultranest] [DEBUG] Plateau detected at L=-1.135375e+02, not replacing live point.
11:16:55 [ultranest] [DEBUG] Plateau detected at L=-1.135375e+02, not replacing live point.
11:16:55 [ultranest] [DEBUG] Plateau detected at L=-1.135375e+02, not replacing live point.
11:16:55 [ultranest] [DEBUG] Plateau detected at L=-1.135375e+02, not replacing live point.
11:16:55 [ultranest] [DEBUG] Plateau detected at L=-1.135375e+02, not replacing live point.
11:16:55 [ultranest] [DEBUG] Plateau detected at L=-1.135375e+02, not replacing live point.
11:16:55 [ultranest] [DEBUG] Plateau detected at L=-1.135375e+02, not replacing live point.
11:16:55 [ultranest] [DEBUG] Plateau detected at L=-1.135375e+02, not replacing live point.
11:16:55 [ultranest] [DEBUG] Plateau detected at L=-1.135375e+02, not replacing live point.
11:16:55 [ultranest] [DEBUG] Plateau detected at L=-1.135375e+02, not replacing live point.
11:16:55 [ultranest] [DEBUG] Plateau detected at L=-1.135375e+02, not replacing live point.
11:16:55 [ultranest] [DEBUG] Plateau detected at L=-1.135375e+02, not replacing live point.
11:16:55 [ultranest] [DEBUG] Plateau detected at L=-1.135375e+02, not replacing live point.
11:16:55 [ultranest] [DEBUG] Plateau detected at L=-1.135375e+02, not replacing live point.
11:16:55 [ultranest] [DEBUG] Plateau detected at L=-1.135375e+02, not replacing live point.
11:16:55 [ultranest] [DEBUG] Plateau detected at L=-1.135375e+02, not replacing live point.
11:16:55 [ultranest] [DEBUG] Plateau detected at L=-1.135375e+02, not replacing live point.
11:16:55 [ultranest] [DEBUG] Plateau detected at L=-1.135375e+02, not replacing live point.
11:16:55 [ultranest] [DEBUG] Plateau detected at L=-1.135375e+02, not replacing live point.
11:16:55 [ultranest] [DEBUG] Plateau detected at L=-1.135375e+02, not replacing live point.
11:16:55 [ultranest] [DEBUG] Plateau detected at L=-1.135375e+02, not replacing live point.
11:16:55 [ultranest] [DEBUG] Plateau detected at L=-1.135375e+02, not replacing live point.
11:16:55 [ultranest] [DEBUG] Plateau detected at L=-1.135375e+02, not replacing live point.
11:16:55 [ultranest] [DEBUG] Plateau detected at L=-1.135375e+02, not replacing live point.
11:16:55 [ultranest] [DEBUG] Plateau detected at L=-1.135375e+02, not replacing live point.
11:16:55 [ultranest] [DEBUG] Plateau detected at L=-1.135375e+02, not replacing live point.
11:16:55 [ultranest] [DEBUG] Plateau detected at L=-1.135375e+02, not replacing live point.
11:16:55 [ultranest] [DEBUG] Plateau detected at L=-1.135375e+02, not replacing live point.
11:16:55 [ultranest] [DEBUG] Plateau detected at L=-1.135375e+02, not replacing live point.
11:16:55 [ultranest] [DEBUG] Plateau detected at L=-1.135375e+02, not replacing live point.
11:16:55 [ultranest] [DEBUG] Plateau detected at L=-1.135375e+02, not replacing live point.
11:16:55 [ultranest] [DEBUG] Plateau detected at L=-1.135375e+02, not replacing live point.
11:16:55 [ultranest] [DEBUG] Plateau detected at L=-1.135375e+02, not replacing live point.
11:16:55 [ultranest] [DEBUG] Plateau detected at L=-1.135375e+02, not replacing live point.
11:16:55 [ultranest] [DEBUG] Plateau detected at L=-1.135375e+02, not replacing live point.
11:16:55 [ultranest] [DEBUG] Plateau detected at L=-1.135375e+02, not replacing live point.
11:16:55 [ultranest] [DEBUG] Plateau detected at L=-1.135375e+02, not replacing live point.
11:16:55 [ultranest] [DEBUG] Plateau detected at L=-1.135375e+02, not replacing live point.
11:16:55 [ultranest] [DEBUG] Plateau detected at L=-1.135375e+02, not replacing live point.
11:16:55 [ultranest] [DEBUG] Plateau detected at L=-1.135375e+02, not replacing live point.
11:16:55 [ultranest] [DEBUG] Plateau detected at L=-1.135375e+02, not replacing live point.
11:16:55 [ultranest] [DEBUG] Plateau detected at L=-1.135375e+02, not replacing live point.
11:16:55 [ultranest] [DEBUG] Plateau detected at L=-1.135375e+02, not replacing live point.
11:16:55 [ultranest] [DEBUG] Plateau detected at L=-1.135375e+02, not replacing live point.
11:16:55 [ultranest] [DEBUG] Plateau detected at L=-1.135375e+02, not replacing live point.
11:16:55 [ultranest] [DEBUG] Plateau detected at L=-1.135375e+02, not replacing live point.
11:16:55 [ultranest] [DEBUG] Plateau detected at L=-1.135375e+02, not replacing live point.
11:16:55 [ultranest] [DEBUG] Plateau detected at L=-1.135375e+02, not replacing live point.
11:16:55 [ultranest] [DEBUG] Plateau detected at L=-1.135375e+02, not replacing live point.
11:16:55 [ultranest] [DEBUG] Plateau detected at L=-1.135375e+02, not replacing live point.
11:16:55 [ultranest] [DEBUG] Plateau detected at L=-1.135375e+02, not replacing live point.
11:16:55 [ultranest] [DEBUG] Plateau detected at L=-1.135375e+02, not replacing live point.
11:16:55 [ultranest] [DEBUG] Plateau detected at L=-1.135375e+02, not replacing live point.
11:16:55 [ultranest] [DEBUG] Plateau detected at L=-1.135375e+02, not replacing live point.
11:16:55 [ultranest] [DEBUG] Plateau detected at L=-1.135375e+02, not replacing live point.
11:16:55 [ultranest] [DEBUG] Plateau detected at L=-1.135375e+02, not replacing live point.
11:16:55 [ultranest] [DEBUG] Plateau detected at L=-1.135375e+02, not replacing live point.
11:16:55 [ultranest] [DEBUG] Plateau detected at L=-1.135375e+02, not replacing live point.
11:16:56 [ultranest] [DEBUG] Plateau detected at L=-1.135375e+02, not replacing live point.
11:16:56 [ultranest] [DEBUG] Plateau detected at L=-1.135375e+02, not replacing live point.
11:16:56 [ultranest] [DEBUG] Plateau detected at L=-1.135375e+02, not replacing live point.
11:16:56 [ultranest] [DEBUG] Plateau detected at L=-1.135375e+02, not replacing live point.
11:16:56 [ultranest] [DEBUG] Plateau detected at L=-1.135375e+02, not replacing live point.
11:16:56 [ultranest] [DEBUG] Plateau detected at L=-1.135375e+02, not replacing live point.
11:16:56 [ultranest] [DEBUG] Plateau detected at L=-1.135375e+02, not replacing live point.
11:16:56 [ultranest] [DEBUG] Plateau detected at L=-1.135375e+02, not replacing live point.
11:16:56 [ultranest] [DEBUG] Plateau detected at L=-1.135375e+02, not replacing live point.
11:16:56 [ultranest] [DEBUG] Plateau detected at L=-1.135375e+02, not replacing live point.
11:16:56 [ultranest] [DEBUG] Plateau detected at L=-1.135375e+02, not replacing live point.
11:16:56 [ultranest] [DEBUG] Plateau detected at L=-1.135375e+02, not replacing live point.
11:16:56 [ultranest] [DEBUG] Plateau detected at L=-1.135375e+02, not replacing live point.
11:16:56 [ultranest] [DEBUG] Plateau detected at L=-1.135375e+02, not replacing live point.
11:16:56 [ultranest] [DEBUG] Plateau detected at L=-1.135375e+02, not replacing live point.
11:16:56 [ultranest] [DEBUG] Plateau detected at L=-1.135375e+02, not replacing live point.
11:16:56 [ultranest] [DEBUG] Plateau detected at L=-1.135375e+02, not replacing live point.
11:16:56 [ultranest] [DEBUG] Plateau detected at L=-1.135375e+02, not replacing live point.
11:16:56 [ultranest] [DEBUG] Plateau detected at L=-1.135375e+02, not replacing live point.
11:16:56 [ultranest] [DEBUG] Plateau detected at L=-1.135375e+02, not replacing live point.
11:16:56 [ultranest] [DEBUG] Plateau detected at L=-1.135375e+02, not replacing live point.
11:16:56 [ultranest] [DEBUG] Plateau detected at L=-1.135375e+02, not replacing live point.
11:16:56 [ultranest] [DEBUG] Plateau detected at L=-1.135375e+02, not replacing live point.
11:16:56 [ultranest] [DEBUG] Plateau detected at L=-1.135375e+02, not replacing live point.
11:16:56 [ultranest] [DEBUG] Plateau detected at L=-1.135375e+02, not replacing live point.
11:16:56 [ultranest] [DEBUG] Plateau detected at L=-1.135375e+02, not replacing live point.
11:16:56 [ultranest] [DEBUG] Plateau detected at L=-1.135375e+02, not replacing live point.
11:16:56 [ultranest] [DEBUG] Plateau detected at L=-1.135375e+02, not replacing live point.
11:16:56 [ultranest] [DEBUG] Plateau detected at L=-1.135375e+02, not replacing live point.
11:16:56 [ultranest] [DEBUG] Plateau detected at L=-1.135375e+02, not replacing live point.
11:16:56 [ultranest] [DEBUG] Plateau detected at L=-1.135375e+02, not replacing live point.
11:16:56 [ultranest] [DEBUG] Plateau detected at L=-1.135375e+02, not replacing live point.
11:16:56 [ultranest] [DEBUG] Plateau detected at L=-1.135375e+02, not replacing live point.
11:16:56 [ultranest] [DEBUG] Plateau detected at L=-1.135375e+02, not replacing live point.
11:16:56 [ultranest] [DEBUG] Plateau detected at L=-1.135375e+02, not replacing live point.
11:16:56 [ultranest] [DEBUG] Plateau detected at L=-1.135375e+02, not replacing live point.
11:16:56 [ultranest] [DEBUG] Plateau detected at L=-1.135375e+02, not replacing live point.
11:16:56 [ultranest] [DEBUG] Plateau detected at L=-1.135375e+02, not replacing live point.
11:16:56 [ultranest] [DEBUG] Plateau detected at L=-1.135375e+02, not replacing live point.
11:16:56 [ultranest] [DEBUG] Plateau detected at L=-1.135375e+02, not replacing live point.
11:16:56 [ultranest] [DEBUG] Plateau detected at L=-1.135375e+02, not replacing live point.
11:16:56 [ultranest] [DEBUG] Plateau detected at L=-1.135375e+02, not replacing live point.
11:16:56 [ultranest] [DEBUG] Plateau detected at L=-1.135375e+02, not replacing live point.
11:16:56 [ultranest] [DEBUG] Plateau detected at L=-1.135375e+02, not replacing live point.
11:16:56 [ultranest] [DEBUG] Plateau detected at L=-1.135375e+02, not replacing live point.
11:16:56 [ultranest] [DEBUG] Plateau detected at L=-1.135375e+02, not replacing live point.
11:16:56 [ultranest] [DEBUG] Plateau detected at L=-1.135375e+02, not replacing live point.
11:16:56 [ultranest] [DEBUG] Plateau detected at L=-1.135375e+02, not replacing live point.
11:16:56 [ultranest] [DEBUG] Plateau detected at L=-1.135375e+02, not replacing live point.
11:16:56 [ultranest] [DEBUG] Plateau detected at L=-1.135375e+02, not replacing live point.
11:16:56 [ultranest] [DEBUG] Plateau detected at L=-1.135375e+02, not replacing live point.
11:16:56 [ultranest] [DEBUG] Plateau detected at L=-1.135375e+02, not replacing live point.
11:16:56 [ultranest] [DEBUG] Plateau detected at L=-1.135375e+02, not replacing live point.
11:16:56 [ultranest] [DEBUG] Plateau detected at L=-1.135375e+02, not replacing live point.
11:16:56 [ultranest] [DEBUG] Plateau detected at L=-1.135375e+02, not replacing live point.
11:16:56 [ultranest] [DEBUG] Plateau detected at L=-1.135375e+02, not replacing live point.
11:16:56 [ultranest] [DEBUG] Plateau detected at L=-1.135375e+02, not replacing live point.
11:16:56 [ultranest] [DEBUG] Plateau detected at L=-1.135375e+02, not replacing live point.
11:16:56 [ultranest] [DEBUG] Plateau detected at L=-1.135375e+02, not replacing live point.
11:16:56 [ultranest] [DEBUG] Plateau detected at L=-1.135375e+02, not replacing live point.
11:16:56 [ultranest] [DEBUG] Plateau detected at L=-1.135375e+02, not replacing live point.
11:16:56 [ultranest] [DEBUG] Plateau detected at L=-1.135375e+02, not replacing live point.
11:16:56 [ultranest] [DEBUG] Plateau detected at L=-1.135375e+02, not replacing live point.
11:16:56 [ultranest] [DEBUG] Plateau detected at L=-1.135375e+02, not replacing live point.
11:16:56 [ultranest] [DEBUG] Plateau detected at L=-1.135375e+02, not replacing live point.
11:16:56 [ultranest] [DEBUG] Plateau detected at L=-1.135375e+02, not replacing live point.
11:16:56 [ultranest] [DEBUG] Plateau detected at L=-1.135375e+02, not replacing live point.
11:16:56 [ultranest] [DEBUG] Plateau detected at L=-1.135375e+02, not replacing live point.
11:16:56 [ultranest] [DEBUG] Plateau detected at L=-1.135375e+02, not replacing live point.
11:16:56 [ultranest] [DEBUG] Plateau detected at L=-1.135375e+02, not replacing live point.
11:16:56 [ultranest] [DEBUG] Plateau detected at L=-1.135375e+02, not replacing live point.
11:16:56 [ultranest] [DEBUG] Plateau detected at L=-1.135375e+02, not replacing live point.
11:16:56 [ultranest] [DEBUG] Plateau detected at L=-1.135375e+02, not replacing live point.
11:16:56 [ultranest] [DEBUG] Plateau detected at L=-1.135375e+02, not replacing live point.
11:16:56 [ultranest] [DEBUG] Plateau detected at L=-1.135375e+02, not replacing live point.
11:16:56 [ultranest] [DEBUG] Plateau detected at L=-1.135375e+02, not replacing live point.
11:16:56 [ultranest] [DEBUG] Plateau detected at L=-1.135375e+02, not replacing live point.
11:16:56 [ultranest] [DEBUG] Plateau detected at L=-1.135375e+02, not replacing live point.
11:16:56 [ultranest] [DEBUG] Plateau detected at L=-1.135375e+02, not replacing live point.
11:16:56 [ultranest] [DEBUG] Plateau detected at L=-1.135375e+02, not replacing live point.
11:16:56 [ultranest] [DEBUG] Plateau detected at L=-1.135375e+02, not replacing live point.
11:16:56 [ultranest] [DEBUG] Plateau detected at L=-1.135375e+02, not replacing live point.
11:16:56 [ultranest] [DEBUG] Plateau detected at L=-1.135375e+02, not replacing live point.
11:16:56 [ultranest] [DEBUG] Plateau detected at L=-1.135375e+02, not replacing live point.
11:16:56 [ultranest] [DEBUG] Plateau detected at L=-1.135375e+02, not replacing live point.
11:16:56 [ultranest] [DEBUG] Plateau detected at L=-1.135375e+02, not replacing live point.
11:16:56 [ultranest] [DEBUG] Plateau detected at L=-1.135375e+02, not replacing live point.
11:16:56 [ultranest] [DEBUG] Plateau detected at L=-1.135375e+02, not replacing live point.
11:16:56 [ultranest] [DEBUG] Plateau detected at L=-1.135375e+02, not replacing live point.
11:16:56 [ultranest] [DEBUG] Plateau detected at L=-1.135375e+02, not replacing live point.
11:16:56 [ultranest] [DEBUG] Plateau detected at L=-1.135375e+02, not replacing live point.
11:16:56 [ultranest] [DEBUG] Plateau detected at L=-1.135375e+02, not replacing live point.
11:16:56 [ultranest] [DEBUG] Plateau detected at L=-1.135375e+02, not replacing live point.
11:16:56 [ultranest] [DEBUG] Plateau detected at L=-1.135375e+02, not replacing live point.
11:16:56 [ultranest] [DEBUG] Plateau detected at L=-1.135375e+02, not replacing live point.
11:16:56 [ultranest] [DEBUG] Plateau detected at L=-1.135375e+02, not replacing live point.
11:16:56 [ultranest] [DEBUG] Plateau detected at L=-1.135375e+02, not replacing live point.
11:16:56 [ultranest] [DEBUG] Plateau detected at L=-1.135375e+02, not replacing live point.
11:16:56 [ultranest] [DEBUG] Plateau detected at L=-1.135375e+02, not replacing live point.
11:16:56 [ultranest] [DEBUG] Plateau detected at L=-1.135375e+02, not replacing live point.
11:16:56 [ultranest] [DEBUG] Plateau detected at L=-1.135375e+02, not replacing live point.
11:16:56 [ultranest] [DEBUG] Plateau detected at L=-1.135375e+02, not replacing live point.
11:16:56 [ultranest] [DEBUG] Plateau detected at L=-1.135375e+02, not replacing live point.
11:16:56 [ultranest] [DEBUG] Plateau detected at L=-1.135375e+02, not replacing live point.
11:16:56 [ultranest] [DEBUG] Plateau detected at L=-1.135375e+02, not replacing live point.
11:16:56 [ultranest] [DEBUG] Plateau detected at L=-1.135375e+02, not replacing live point.
11:16:56 [ultranest] [DEBUG] Plateau detected at L=-1.135375e+02, not replacing live point.
11:16:56 [ultranest] [DEBUG] Plateau detected at L=-1.135375e+02, not replacing live point.
11:16:56 [ultranest] [DEBUG] Plateau detected at L=-1.135375e+02, not replacing live point.
11:16:56 [ultranest] [DEBUG] Plateau detected at L=-1.135375e+02, not replacing live point.
11:16:56 [ultranest] [DEBUG] Plateau detected at L=-1.135375e+02, not replacing live point.
11:16:56 [ultranest] [DEBUG] Plateau detected at L=-1.135375e+02, not replacing live point.
11:16:56 [ultranest] [DEBUG] Plateau detected at L=-1.135375e+02, not replacing live point.
11:16:56 [ultranest] [DEBUG] Plateau detected at L=-1.135375e+02, not replacing live point.
11:16:56 [ultranest] [DEBUG] Plateau detected at L=-1.135375e+02, not replacing live point.
11:16:56 [ultranest] [DEBUG] Plateau detected at L=-1.135375e+02, not replacing live point.
11:16:56 [ultranest] [DEBUG] Plateau detected at L=-1.135375e+02, not replacing live point.
11:16:56 [ultranest] [DEBUG] Plateau detected at L=-1.135375e+02, not replacing live point.
11:16:56 [ultranest] [DEBUG] Plateau detected at L=-1.135375e+02, not replacing live point.
11:16:56 [ultranest] [DEBUG] Plateau detected at L=-1.135375e+02, not replacing live point.
11:16:56 [ultranest] [DEBUG] Plateau detected at L=-1.135375e+02, not replacing live point.
11:16:56 [ultranest] [DEBUG] Plateau detected at L=-1.135375e+02, not replacing live point.
11:16:56 [ultranest] [DEBUG] Plateau detected at L=-1.135375e+02, not replacing live point.
11:16:56 [ultranest] [DEBUG] Plateau detected at L=-1.135375e+02, not replacing live point.
11:16:56 [ultranest] [DEBUG] Plateau detected at L=-1.135375e+02, not replacing live point.
11:16:56 [ultranest] [DEBUG] Plateau detected at L=-1.135375e+02, not replacing live point.
11:16:56 [ultranest] [DEBUG] Plateau detected at L=-1.135375e+02, not replacing live point.
11:16:56 [ultranest] [DEBUG] Plateau detected at L=-1.135375e+02, not replacing live point.
11:16:56 [ultranest] [DEBUG] Plateau detected at L=-1.135375e+02, not replacing live point.
11:16:56 [ultranest] [DEBUG] Plateau detected at L=-1.135375e+02, not replacing live point.
11:16:56 [ultranest] [DEBUG] Plateau detected at L=-1.135375e+02, not replacing live point.
11:16:56 [ultranest] [DEBUG] Plateau detected at L=-1.135375e+02, not replacing live point.
11:16:56 [ultranest] [DEBUG] Plateau detected at L=-1.135375e+02, not replacing live point.
11:16:56 [ultranest] [DEBUG] Plateau detected at L=-1.135375e+02, not replacing live point.
11:16:56 [ultranest] [DEBUG] Plateau detected at L=-1.135375e+02, not replacing live point.
11:16:56 [ultranest] [DEBUG] Plateau detected at L=-1.135375e+02, not replacing live point.
11:16:56 [ultranest] [DEBUG] Plateau detected at L=-1.135375e+02, not replacing live point.
11:16:56 [ultranest] [DEBUG] Plateau detected at L=-1.135375e+02, not replacing live point.
11:16:56 [ultranest] [DEBUG] Plateau detected at L=-1.135375e+02, not replacing live point.
11:16:56 [ultranest] [DEBUG] Plateau detected at L=-1.135375e+02, not replacing live point.
11:16:56 [ultranest] [DEBUG] Plateau detected at L=-1.135375e+02, not replacing live point.
11:16:56 [ultranest] [DEBUG] Plateau detected at L=-1.135375e+02, not replacing live point.
11:16:56 [ultranest] [DEBUG] Plateau detected at L=-1.135375e+02, not replacing live point.
11:16:56 [ultranest] [DEBUG] Plateau detected at L=-1.135375e+02, not replacing live point.
11:16:56 [ultranest] [DEBUG] Plateau detected at L=-1.135375e+02, not replacing live point.
11:16:56 [ultranest] [DEBUG] Plateau detected at L=-1.135375e+02, not replacing live point.
11:16:56 [ultranest] [DEBUG] Plateau detected at L=-1.135375e+02, not replacing live point.
11:16:56 [ultranest] [DEBUG] Plateau detected at L=-1.135375e+02, not replacing live point.
11:16:56 [ultranest] [DEBUG] Plateau detected at L=-1.135375e+02, not replacing live point.
11:16:56 [ultranest] [DEBUG] Plateau detected at L=-1.135375e+02, not replacing live point.
11:16:56 [ultranest] [DEBUG] Plateau detected at L=-1.135375e+02, not replacing live point.
11:16:56 [ultranest] [DEBUG] Plateau detected at L=-1.135375e+02, not replacing live point.
11:16:56 [ultranest] [DEBUG] Plateau detected at L=-1.135375e+02, not replacing live point.
11:16:56 [ultranest] [DEBUG] Plateau detected at L=-1.135375e+02, not replacing live point.
11:16:56 [ultranest] [DEBUG] Plateau detected at L=-1.135375e+02, not replacing live point.
11:16:56 [ultranest] [DEBUG] Plateau detected at L=-1.135375e+02, not replacing live point.
11:16:56 [ultranest] [DEBUG] Plateau detected at L=-1.135375e+02, not replacing live point.
11:16:56 [ultranest] [DEBUG] Plateau detected at L=-1.135375e+02, not replacing live point.
11:16:56 [ultranest] [DEBUG] Plateau detected at L=-1.135375e+02, not replacing live point.
11:16:56 [ultranest] [DEBUG] Plateau detected at L=-1.135375e+02, not replacing live point.
11:16:56 [ultranest] [DEBUG] Plateau detected at L=-1.135375e+02, not replacing live point.
11:16:56 [ultranest] [DEBUG] Plateau detected at L=-1.135375e+02, not replacing live point.
11:16:56 [ultranest] [DEBUG] Plateau detected at L=-1.135375e+02, not replacing live point.
11:16:56 [ultranest] [DEBUG] Plateau detected at L=-1.135375e+02, not replacing live point.
11:16:56 [ultranest] [DEBUG] Plateau detected at L=-1.135375e+02, not replacing live point.
11:16:56 [ultranest] [DEBUG] Plateau detected at L=-1.135375e+02, not replacing live point.
11:16:56 [ultranest] [DEBUG] Plateau detected at L=-1.135375e+02, not replacing live point.
11:16:56 [ultranest] [DEBUG] Plateau detected at L=-1.135375e+02, not replacing live point.
11:16:56 [ultranest] [DEBUG] Plateau detected at L=-1.135375e+02, not replacing live point.
11:16:56 [ultranest] [DEBUG] Plateau detected at L=-1.135375e+02, not replacing live point.
11:16:56 [ultranest] [DEBUG] Plateau detected at L=-1.135375e+02, not replacing live point.
11:16:56 [ultranest] [DEBUG] Plateau detected at L=-1.135375e+02, not replacing live point.
11:16:56 [ultranest] [DEBUG] Plateau detected at L=-1.135375e+02, not replacing live point.
11:16:56 [ultranest] [DEBUG] Plateau detected at L=-1.135375e+02, not replacing live point.
11:16:56 [ultranest] [DEBUG] Plateau detected at L=-1.135375e+02, not replacing live point.
11:16:56 [ultranest] [DEBUG] Plateau detected at L=-1.135375e+02, not replacing live point.
11:16:56 [ultranest] [DEBUG] Plateau detected at L=-1.135375e+02, not replacing live point.
11:16:56 [ultranest] [DEBUG] Plateau detected at L=-1.135375e+02, not replacing live point.
11:16:56 [ultranest] [DEBUG] Plateau detected at L=-1.135375e+02, not replacing live point.
11:16:56 [ultranest] [DEBUG] Plateau detected at L=-1.135375e+02, not replacing live point.
11:16:56 [ultranest] [DEBUG] Plateau detected at L=-1.135375e+02, not replacing live point.
11:16:56 [ultranest] [DEBUG] Plateau detected at L=-1.135375e+02, not replacing live point.
11:16:56 [ultranest] [DEBUG] Plateau detected at L=-1.135375e+02, not replacing live point.
11:16:56 [ultranest] [DEBUG] Plateau detected at L=-1.135375e+02, not replacing live point.
11:16:56 [ultranest] [DEBUG] Plateau detected at L=-1.135375e+02, not replacing live point.
11:16:56 [ultranest] [DEBUG] Plateau detected at L=-1.135375e+02, not replacing live point.
11:16:56 [ultranest] [DEBUG] Plateau detected at L=-1.135375e+02, not replacing live point.
11:16:56 [ultranest] [DEBUG] Plateau detected at L=-1.135375e+02, not replacing live point.
11:16:56 [ultranest] [DEBUG] Plateau detected at L=-1.135375e+02, not replacing live point.
11:16:56 [ultranest] [DEBUG] Plateau detected at L=-1.135375e+02, not replacing live point.
11:16:56 [ultranest] [DEBUG] Plateau detected at L=-1.135375e+02, not replacing live point.
11:16:56 [ultranest] [DEBUG] Plateau detected at L=-1.135375e+02, not replacing live point.
11:16:56 [ultranest] [DEBUG] Plateau detected at L=-1.135375e+02, not replacing live point.
11:16:56 [ultranest] [DEBUG] Plateau detected at L=-1.135375e+02, not replacing live point.
11:16:56 [ultranest] [DEBUG] Plateau detected at L=-1.135375e+02, not replacing live point.
11:16:56 [ultranest] [DEBUG] Plateau detected at L=-1.135375e+02, not replacing live point.
11:16:56 [ultranest] [DEBUG] Plateau detected at L=-1.135375e+02, not replacing live point.
11:16:56 [ultranest] [DEBUG] Plateau detected at L=-1.135375e+02, not replacing live point.
11:16:56 [ultranest] [DEBUG] Plateau detected at L=-1.135375e+02, not replacing live point.
11:16:56 [ultranest] [DEBUG] Plateau detected at L=-1.135375e+02, not replacing live point.
11:16:56 [ultranest] [DEBUG] Plateau detected at L=-1.135375e+02, not replacing live point.
11:16:56 [ultranest] [DEBUG] Plateau detected at L=-1.135375e+02, not replacing live point.
11:16:56 [ultranest] [DEBUG] Plateau detected at L=-1.135375e+02, not replacing live point.
11:16:56 [ultranest] [DEBUG] Plateau detected at L=-1.135375e+02, not replacing live point.
11:16:56 [ultranest] [DEBUG] Plateau detected at L=-1.135375e+02, not replacing live point.
11:16:56 [ultranest] [DEBUG] Plateau detected at L=-1.135375e+02, not replacing live point.
11:16:56 [ultranest] [DEBUG] Plateau detected at L=-1.135375e+02, not replacing live point.
11:16:56 [ultranest] [DEBUG] Plateau detected at L=-1.135375e+02, not replacing live point.
11:16:56 [ultranest] [DEBUG] Plateau detected at L=-1.135375e+02, not replacing live point.
11:16:56 [ultranest] [DEBUG] Plateau detected at L=-1.135375e+02, not replacing live point.
11:16:56 [ultranest] [DEBUG] Plateau detected at L=-1.135375e+02, not replacing live point.
11:16:56 [ultranest] [DEBUG] Plateau detected at L=-1.135375e+02, not replacing live point.
11:16:56 [ultranest] [DEBUG] Plateau detected at L=-1.135375e+02, not replacing live point.
11:16:56 [ultranest] [DEBUG] Plateau detected at L=-1.135375e+02, not replacing live point.
11:16:56 [ultranest] [DEBUG] Plateau detected at L=-1.135375e+02, not replacing live point.
11:16:56 [ultranest] [DEBUG] Plateau detected at L=-1.135375e+02, not replacing live point.
11:16:56 [ultranest] [DEBUG] Plateau detected at L=-1.135375e+02, not replacing live point.
11:16:56 [ultranest] [DEBUG] Plateau detected at L=-1.135375e+02, not replacing live point.
11:16:56 [ultranest] [DEBUG] Plateau detected at L=-1.135375e+02, not replacing live point.
11:16:56 [ultranest] [DEBUG] Plateau detected at L=-1.135375e+02, not replacing live point.
11:16:56 [ultranest] [DEBUG] Plateau detected at L=-1.135375e+02, not replacing live point.
11:16:56 [ultranest] [DEBUG] Plateau detected at L=-1.135375e+02, not replacing live point.
11:16:56 [ultranest] [DEBUG] Plateau detected at L=-1.135375e+02, not replacing live point.
11:16:56 [ultranest] [DEBUG] Plateau detected at L=-1.135375e+02, not replacing live point.
11:16:56 [ultranest] [DEBUG] Plateau detected at L=-1.135375e+02, not replacing live point.
11:16:56 [ultranest] [DEBUG] Plateau detected at L=-1.135375e+02, not replacing live point.
11:16:56 [ultranest] [DEBUG] Plateau detected at L=-1.135375e+02, not replacing live point.
11:16:56 [ultranest] [DEBUG] Plateau detected at L=-1.135375e+02, not replacing live point.
11:16:56 [ultranest] [DEBUG] Plateau detected at L=-1.135375e+02, not replacing live point.
11:16:56 [ultranest] [DEBUG] Plateau detected at L=-1.135375e+02, not replacing live point.
11:16:56 [ultranest] [DEBUG] Plateau detected at L=-1.135375e+02, not replacing live point.
11:16:56 [ultranest] [DEBUG] Plateau detected at L=-1.135375e+02, not replacing live point.
11:16:56 [ultranest] [DEBUG] Plateau detected at L=-1.135375e+02, not replacing live point.
11:16:56 [ultranest] [DEBUG] Plateau detected at L=-1.135375e+02, not replacing live point.
11:16:56 [ultranest] [DEBUG] Plateau detected at L=-1.135375e+02, not replacing live point.
11:16:56 [ultranest] [DEBUG] Plateau detected at L=-1.135375e+02, not replacing live point.
11:16:56 [ultranest] [DEBUG] Plateau detected at L=-1.135375e+02, not replacing live point.
11:16:56 [ultranest] [DEBUG] Plateau detected at L=-1.135375e+02, not replacing live point.
11:16:56 [ultranest] [DEBUG] Plateau detected at L=-1.135375e+02, not replacing live point.
11:16:56 [ultranest] [DEBUG] Plateau detected at L=-1.135375e+02, not replacing live point.
11:16:56 [ultranest] [DEBUG] Plateau detected at L=-1.135375e+02, not replacing live point.
11:16:56 [ultranest] [DEBUG] Plateau detected at L=-1.135375e+02, not replacing live point.
11:16:56 [ultranest] [DEBUG] Plateau detected at L=-1.135375e+02, not replacing live point.
11:16:56 [ultranest] [DEBUG] Plateau detected at L=-1.135375e+02, not replacing live point.
11:16:56 [ultranest] [DEBUG] Plateau detected at L=-1.135375e+02, not replacing live point.
11:16:56 [ultranest] [DEBUG] Plateau detected at L=-1.135375e+02, not replacing live point.
11:16:56 [ultranest] [DEBUG] Plateau detected at L=-1.135375e+02, not replacing live point.
11:16:56 [ultranest] [DEBUG] Plateau detected at L=-1.135375e+02, not replacing live point.
11:16:56 [ultranest] [DEBUG] Plateau detected at L=-1.135375e+02, not replacing live point.
11:16:56 [ultranest] [DEBUG] Plateau detected at L=-1.135375e+02, not replacing live point.
11:16:56 [ultranest] [DEBUG] Plateau detected at L=-1.135375e+02, not replacing live point.
11:16:56 [ultranest] [DEBUG] Plateau detected at L=-1.135375e+02, not replacing live point.
11:16:56 [ultranest] [DEBUG] Plateau detected at L=-1.135375e+02, not replacing live point.
11:16:56 [ultranest] [DEBUG] Plateau detected at L=-1.135375e+02, not replacing live point.
11:16:56 [ultranest] [DEBUG] Plateau detected at L=-1.135375e+02, not replacing live point.
11:16:56 [ultranest] [DEBUG] Plateau detected at L=-1.135375e+02, not replacing live point.
11:16:56 [ultranest] [DEBUG] Plateau detected at L=-1.135375e+02, not replacing live point.
11:16:56 [ultranest] [DEBUG] Plateau detected at L=-1.135375e+02, not replacing live point.
11:16:56 [ultranest] [DEBUG] Plateau detected at L=-1.135375e+02, not replacing live point.
11:16:56 [ultranest] [DEBUG] Plateau detected at L=-1.135375e+02, not replacing live point.
11:16:56 [ultranest] [DEBUG] Plateau detected at L=-1.135375e+02, not replacing live point.
11:16:56 [ultranest] [DEBUG] Plateau detected at L=-1.135375e+02, not replacing live point.
11:16:56 [ultranest] [DEBUG] Plateau detected at L=-1.135375e+02, not replacing live point.
11:16:56 [ultranest] [DEBUG] Plateau detected at L=-1.135375e+02, not replacing live point.
11:16:56 [ultranest] [DEBUG] Plateau detected at L=-1.135375e+02, not replacing live point.
11:16:56 [ultranest] [DEBUG] Plateau detected at L=-1.135375e+02, not replacing live point.
11:16:56 [ultranest] [DEBUG] Plateau detected at L=-1.135375e+02, not replacing live point.
11:16:56 [ultranest] [DEBUG] Plateau detected at L=-1.135375e+02, not replacing live point.
11:16:56 [ultranest] [DEBUG] Plateau detected at L=-1.135375e+02, not replacing live point.
11:16:56 [ultranest] [DEBUG] Plateau detected at L=-1.135375e+02, not replacing live point.
11:16:56 [ultranest] [DEBUG] Plateau detected at L=-1.135375e+02, not replacing live point.
11:16:56 [ultranest] [DEBUG] Plateau detected at L=-1.135375e+02, not replacing live point.
11:16:56 [ultranest] [DEBUG] Plateau detected at L=-1.135375e+02, not replacing live point.
11:16:56 [ultranest] [DEBUG] Plateau detected at L=-1.135375e+02, not replacing live point.
11:16:56 [ultranest] [DEBUG] Plateau detected at L=-1.135375e+02, not replacing live point.
11:16:56 [ultranest] [DEBUG] Plateau detected at L=-1.135375e+02, not replacing live point.
11:16:56 [ultranest] [DEBUG] Plateau detected at L=-1.135375e+02, not replacing live point.
11:16:56 [ultranest] [DEBUG] Plateau detected at L=-1.135375e+02, not replacing live point.
11:16:56 [ultranest] [DEBUG] Plateau detected at L=-1.135375e+02, not replacing live point.
11:16:56 [ultranest] [DEBUG] Plateau detected at L=-1.135375e+02, not replacing live point.
11:16:56 [ultranest] [DEBUG] Plateau detected at L=-1.135375e+02, not replacing live point.
11:16:56 [ultranest] [DEBUG] Plateau detected at L=-1.135375e+02, not replacing live point.
11:16:56 [ultranest] [DEBUG] iteration=2206, ncalls=143904, regioncalls=7332640, ndraw=40, logz=-89.95, remainder_fraction=100.0000%, Lmin=-82.22, Lmax=-0.02
11:16:56 [ultranest] [DEBUG] iteration=2218, ncalls=143972, regioncalls=7335360, ndraw=40, logz=-75.69, remainder_fraction=100.0000%, Lmin=-66.66, Lmax=-0.02
11:16:56 [ultranest] [DEBUG] iteration=2233, ncalls=143994, regioncalls=7336240, ndraw=40, logz=-60.24, remainder_fraction=100.0000%, Lmin=-51.70, Lmax=-0.02
11:16:57 [ultranest] [DEBUG] iteration=2235, ncalls=144174, regioncalls=7343440, ndraw=40, logz=-59.38, remainder_fraction=100.0000%, Lmin=-50.41, Lmax=-0.02
11:16:57 [ultranest] [DEBUG] iteration=2251, ncalls=144202, regioncalls=7344560, ndraw=40, logz=-46.87, remainder_fraction=100.0000%, Lmin=-38.02, Lmax=-0.02
11:16:57 [ultranest] [DEBUG] iteration=2287, ncalls=144470, regioncalls=7355280, ndraw=40, logz=-34.05, remainder_fraction=100.0000%, Lmin=-25.39, Lmax=-0.02
11:16:57 [ultranest] [DEBUG] iteration=2292, ncalls=144506, regioncalls=7356720, ndraw=40, logz=-33.07, remainder_fraction=100.0000%, Lmin=-24.29, Lmax=-0.02
11:16:58 [ultranest] [DEBUG] iteration=2296, ncalls=144665, regioncalls=7363080, ndraw=40, logz=-31.97, remainder_fraction=100.0000%, Lmin=-23.04, Lmax=-0.02
11:16:58 [ultranest] [DEBUG] iteration=2298, ncalls=144778, regioncalls=7367600, ndraw=40, logz=-31.41, remainder_fraction=100.0000%, Lmin=-22.27, Lmax=-0.02
11:16:58 [ultranest] [DEBUG] iteration=2301, ncalls=144904, regioncalls=7372640, ndraw=40, logz=-30.72, remainder_fraction=100.0000%, Lmin=-21.96, Lmax=-0.02
11:16:58 [ultranest] [DEBUG] iteration=2302, ncalls=145014, regioncalls=7377040, ndraw=40, logz=-30.53, remainder_fraction=100.0000%, Lmin=-21.75, Lmax=-0.02
11:16:59 [ultranest] [DEBUG] iteration=2305, ncalls=145296, regioncalls=7388320, ndraw=40, logz=-30.01, remainder_fraction=100.0000%, Lmin=-20.79, Lmax=-0.02
11:16:59 [ultranest] [DEBUG] iteration=2306, ncalls=145351, regioncalls=7390520, ndraw=40, logz=-29.75, remainder_fraction=100.0000%, Lmin=-20.28, Lmax=-0.02
11:16:59 [ultranest] [DEBUG] iteration=2307, ncalls=145426, regioncalls=7393520, ndraw=40, logz=-29.44, remainder_fraction=100.0000%, Lmin=-20.25, Lmax=-0.02
11:16:59 [ultranest] [DEBUG] iteration=2308, ncalls=145569, regioncalls=7399240, ndraw=40, logz=-29.20, remainder_fraction=100.0000%, Lmin=-19.64, Lmax=-0.02
11:17:00 [ultranest] [DEBUG] iteration=2313, ncalls=145785, regioncalls=7407880, ndraw=40, logz=-27.72, remainder_fraction=100.0000%, Lmin=-18.30, Lmax=-0.02
11:17:00 [ultranest] [DEBUG] iteration=2314, ncalls=145845, regioncalls=7410280, ndraw=40, logz=-27.46, remainder_fraction=100.0000%, Lmin=-18.26, Lmax=-0.02
11:17:00 [ultranest] [DEBUG] iteration=2318, ncalls=146109, regioncalls=7420840, ndraw=40, logz=-26.75, remainder_fraction=100.0000%, Lmin=-17.86, Lmax=-0.02
11:17:01 [ultranest] [DEBUG] iteration=2325, ncalls=146421, regioncalls=7433320, ndraw=40, logz=-25.73, remainder_fraction=99.9999%, Lmin=-16.40, Lmax=-0.02
11:17:01 [ultranest] [DEBUG] iteration=2326, ncalls=146652, regioncalls=7442560, ndraw=40, logz=-25.53, remainder_fraction=99.9999%, Lmin=-15.79, Lmax=-0.02
11:17:01 [ultranest] [DEBUG] iteration=2332, ncalls=146690, regioncalls=7444080, ndraw=40, logz=-24.04, remainder_fraction=99.9995%, Lmin=-14.64, Lmax=-0.02
11:17:01 [ultranest] [DEBUG] iteration=2334, ncalls=146760, regioncalls=7446880, ndraw=40, logz=-23.70, remainder_fraction=99.9997%, Lmin=-14.58, Lmax=-0.02
11:17:02 [ultranest] [DEBUG] iteration=2335, ncalls=147007, regioncalls=7456760, ndraw=40, logz=-23.58, remainder_fraction=99.9997%, Lmin=-14.46, Lmax=-0.02
11:17:02 [ultranest] [DEBUG] iteration=2336, ncalls=147052, regioncalls=7458560, ndraw=40, logz=-23.45, remainder_fraction=99.9997%, Lmin=-14.45, Lmax=-0.02
11:17:03 [ultranest] [DEBUG] iteration=2340, ncalls=147776, regioncalls=7487520, ndraw=40, logz=-23.05, remainder_fraction=99.9996%, Lmin=-14.16, Lmax=-0.02
11:17:04 [ultranest] [DEBUG] iteration=2341, ncalls=147951, regioncalls=7494520, ndraw=40, logz=-22.96, remainder_fraction=99.9995%, Lmin=-13.94, Lmax=-0.02
11:17:04 [ultranest] [DEBUG] iteration=2342, ncalls=148170, regioncalls=7503280, ndraw=40, logz=-22.86, remainder_fraction=99.9994%, Lmin=-13.89, Lmax=-0.02
11:17:05 [ultranest] [DEBUG] iteration=2343, ncalls=148684, regioncalls=7523840, ndraw=40, logz=-22.76, remainder_fraction=99.9994%, Lmin=-13.89, Lmax=-0.02
11:17:06 [ultranest] [DEBUG] iteration=2345, ncalls=149244, regioncalls=7546240, ndraw=40, logz=-22.59, remainder_fraction=99.9992%, Lmin=-13.84, Lmax=-0.02
11:17:06 [ultranest] [DEBUG] iteration=2347, ncalls=149616, regioncalls=7561120, ndraw=40, logz=-22.45, remainder_fraction=99.9991%, Lmin=-13.78, Lmax=-0.02
11:17:06 [ultranest] [DEBUG] iteration=2348, ncalls=149708, regioncalls=7564800, ndraw=40, logz=-22.38, remainder_fraction=99.9990%, Lmin=-13.70, Lmax=-0.02
11:17:07 [ultranest] [DEBUG] iteration=2349, ncalls=149788, regioncalls=7568000, ndraw=40, logz=-22.32, remainder_fraction=99.9990%, Lmin=-13.52, Lmax=-0.02
11:17:07 [ultranest] [DEBUG] iteration=2350, ncalls=149886, regioncalls=7571920, ndraw=40, logz=-22.24, remainder_fraction=99.9989%, Lmin=-13.31, Lmax=-0.02
11:17:07 [ultranest] [DEBUG] iteration=2352, ncalls=150102, regioncalls=7580560, ndraw=40, logz=-22.08, remainder_fraction=99.9986%, Lmin=-13.04, Lmax=-0.02
11:17:08 [ultranest] [DEBUG] iteration=2353, ncalls=150524, regioncalls=7597440, ndraw=40, logz=-22.00, remainder_fraction=99.9985%, Lmin=-12.89, Lmax=-0.02
11:17:09 [ultranest] [DEBUG] iteration=2354, ncalls=151054, regioncalls=7618640, ndraw=40, logz=-21.91, remainder_fraction=99.9984%, Lmin=-12.87, Lmax=-0.02
11:17:09 [ultranest] [DEBUG] iteration=2355, ncalls=151140, regioncalls=7622280, ndraw=40, logz=-21.82, remainder_fraction=99.9982%, Lmin=-12.86, Lmax=-0.02
11:17:09 [ultranest] [DEBUG] iteration=2358, ncalls=151232, regioncalls=7625960, ndraw=40, logz=-21.62, remainder_fraction=99.9976%, Lmin=-12.65, Lmax=-0.02
11:17:09 [ultranest] [DEBUG] iteration=2361, ncalls=151291, regioncalls=7628320, ndraw=40, logz=-21.42, remainder_fraction=99.9970%, Lmin=-12.57, Lmax=-0.02
11:17:09 [ultranest] [DEBUG] iteration=2362, ncalls=151357, regioncalls=7630960, ndraw=40, logz=-21.36, remainder_fraction=99.9967%, Lmin=-12.52, Lmax=-0.02
11:17:10 [ultranest] [DEBUG] iteration=2363, ncalls=151534, regioncalls=7638040, ndraw=40, logz=-21.30, remainder_fraction=99.9965%, Lmin=-12.50, Lmax=-0.02
11:17:11 [ultranest] [DEBUG] iteration=2367, ncalls=152615, regioncalls=7681280, ndraw=40, logz=-21.09, remainder_fraction=99.9954%, Lmin=-12.32, Lmax=-0.02
11:17:13 [ultranest] [DEBUG] iteration=2368, ncalls=153507, regioncalls=7716960, ndraw=40, logz=-21.03, remainder_fraction=99.9951%, Lmin=-12.30, Lmax=-0.02
11:17:13 [ultranest] [DEBUG] iteration=2369, ncalls=153829, regioncalls=7729840, ndraw=40, logz=-20.98, remainder_fraction=99.9948%, Lmin=-12.19, Lmax=-0.02
11:17:15 [ultranest] [DEBUG] iteration=2370, ncalls=154688, regioncalls=7764200, ndraw=40, logz=-20.93, remainder_fraction=99.9944%, Lmin=-12.15, Lmax=-0.02
11:17:15 [ultranest] [DEBUG] iteration=2371, ncalls=155150, regioncalls=7782680, ndraw=40, logz=-20.88, remainder_fraction=99.9940%, Lmin=-12.11, Lmax=-0.02
11:17:16 [ultranest] [DEBUG] iteration=2372, ncalls=155380, regioncalls=7791880, ndraw=40, logz=-20.84, remainder_fraction=99.9937%, Lmin=-12.04, Lmax=-0.02
11:17:16 [ultranest] [DEBUG] iteration=2373, ncalls=155654, regioncalls=7802840, ndraw=40, logz=-20.79, remainder_fraction=99.9933%, Lmin=-11.99, Lmax=-0.02
11:17:17 [ultranest] [DEBUG] iteration=2374, ncalls=155722, regioncalls=7805560, ndraw=40, logz=-20.74, remainder_fraction=99.9929%, Lmin=-11.98, Lmax=-0.02
11:17:17 [ultranest] [DEBUG] iteration=2375, ncalls=155898, regioncalls=7812600, ndraw=40, logz=-20.69, remainder_fraction=99.9924%, Lmin=-11.96, Lmax=-0.02
11:17:17 [ultranest] [DEBUG] iteration=2376, ncalls=156139, regioncalls=7822240, ndraw=40, logz=-20.65, remainder_fraction=99.9920%, Lmin=-11.94, Lmax=-0.02
11:17:18 [ultranest] [DEBUG] iteration=2377, ncalls=156397, regioncalls=7832560, ndraw=40, logz=-20.61, remainder_fraction=99.9920%, Lmin=-11.64, Lmax=-0.02
11:17:19 [ultranest] [DEBUG] iteration=2378, ncalls=156967, regioncalls=7855360, ndraw=40, logz=-20.55, remainder_fraction=99.9914%, Lmin=-11.59, Lmax=-0.02
11:17:20 [ultranest] [DEBUG] iteration=2379, ncalls=157518, regioncalls=7877600, ndraw=40, logz=-20.50, remainder_fraction=99.9920%, Lmin=-11.56, Lmax=-0.02
11:17:20 [ultranest] [DEBUG] iteration=2381, ncalls=157610, regioncalls=7881280, ndraw=40, logz=-20.41, remainder_fraction=99.9909%, Lmin=-11.52, Lmax=-0.02
11:17:20 [ultranest] [DEBUG] iteration=2382, ncalls=157662, regioncalls=7883360, ndraw=40, logz=-20.36, remainder_fraction=99.9904%, Lmin=-11.34, Lmax=-0.02
11:17:20 [ultranest] [DEBUG] iteration=2383, ncalls=157875, regioncalls=7891880, ndraw=40, logz=-20.31, remainder_fraction=99.9898%, Lmin=-11.28, Lmax=-0.02
11:17:21 [ultranest] [DEBUG] iteration=2385, ncalls=157941, regioncalls=7894520, ndraw=40, logz=-20.21, remainder_fraction=99.9885%, Lmin=-11.14, Lmax=-0.02
11:17:21 [ultranest] [DEBUG] iteration=2386, ncalls=158223, regioncalls=7905800, ndraw=40, logz=-20.16, remainder_fraction=99.9878%, Lmin=-11.00, Lmax=-0.02
11:17:21 [ultranest] [DEBUG] iteration=2387, ncalls=158412, regioncalls=7913360, ndraw=40, logz=-20.10, remainder_fraction=99.9870%, Lmin=-10.95, Lmax=-0.02
11:17:22 [ultranest] [DEBUG] iteration=2388, ncalls=158537, regioncalls=7918360, ndraw=40, logz=-20.05, remainder_fraction=99.9862%, Lmin=-10.80, Lmax=-0.02
11:17:23 [ultranest] [DEBUG] iteration=2390, ncalls=159313, regioncalls=7949400, ndraw=40, logz=-19.93, remainder_fraction=99.9842%, Lmin=-10.73, Lmax=-0.02
11:17:23 [ultranest] [DEBUG] iteration=2391, ncalls=159496, regioncalls=7956720, ndraw=40, logz=-19.88, remainder_fraction=99.9832%, Lmin=-10.66, Lmax=-0.02
11:17:24 [ultranest] [DEBUG] iteration=2393, ncalls=159891, regioncalls=7972520, ndraw=40, logz=-19.77, remainder_fraction=99.9807%, Lmin=-10.59, Lmax=-0.02
11:17:25 [ultranest] [DEBUG] iteration=2395, ncalls=160184, regioncalls=7984240, ndraw=40, logz=-19.67, remainder_fraction=99.9782%, Lmin=-10.43, Lmax=-0.02
11:17:25 [ultranest] [DEBUG] iteration=2396, ncalls=160269, regioncalls=7987640, ndraw=40, logz=-19.62, remainder_fraction=99.9768%, Lmin=-10.40, Lmax=-0.02
11:17:25 [ultranest] [DEBUG] iteration=2399, ncalls=160432, regioncalls=7994160, ndraw=40, logz=-19.47, remainder_fraction=99.9721%, Lmin=-10.34, Lmax=-0.02
11:17:25 [ultranest] [DEBUG] iteration=2401, ncalls=160576, regioncalls=7999920, ndraw=40, logz=-19.38, remainder_fraction=99.9683%, Lmin=-10.26, Lmax=-0.02
11:17:27 [ultranest] [DEBUG] iteration=2403, ncalls=161566, regioncalls=8039520, ndraw=40, logz=-19.30, remainder_fraction=99.9649%, Lmin=-10.21, Lmax=-0.02
11:17:27 [ultranest] [DEBUG] iteration=2404, ncalls=161879, regioncalls=8052040, ndraw=40, logz=-19.25, remainder_fraction=99.9630%, Lmin=-10.13, Lmax=-0.02
11:17:28 [ultranest] [DEBUG] iteration=2405, ncalls=161982, regioncalls=8056160, ndraw=40, logz=-19.21, remainder_fraction=99.9611%, Lmin=-10.13, Lmax=-0.02
11:17:28 [ultranest] [DEBUG] iteration=2406, ncalls=162440, regioncalls=8074480, ndraw=40, logz=-19.17, remainder_fraction=99.9590%, Lmin=-10.12, Lmax=-0.02
11:17:29 [ultranest] [DEBUG] iteration=2408, ncalls=162494, regioncalls=8076640, ndraw=40, logz=-19.10, remainder_fraction=99.9550%, Lmin=-10.07, Lmax=-0.02
11:17:30 [ultranest] [DEBUG] iteration=2410, ncalls=163051, regioncalls=8099120, ndraw=40, logz=-19.03, remainder_fraction=99.9509%, Lmin=-9.88, Lmax=-0.02
11:17:30 [ultranest] [DEBUG] iteration=2412, ncalls=163441, regioncalls=8114720, ndraw=40, logz=-18.95, remainder_fraction=99.9453%, Lmin=-9.81, Lmax=-0.02
11:17:31 [ultranest] [DEBUG] iteration=2413, ncalls=163915, regioncalls=8134080, ndraw=40, logz=-18.91, remainder_fraction=99.9460%, Lmin=-9.72, Lmax=-0.02
11:17:31 [ultranest] [DEBUG] iteration=2414, ncalls=164056, regioncalls=8139720, ndraw=40, logz=-18.87, remainder_fraction=99.9432%, Lmin=-9.68, Lmax=-0.02
11:17:31 [ultranest] [DEBUG] iteration=2415, ncalls=164176, regioncalls=8144520, ndraw=40, logz=-18.83, remainder_fraction=99.9428%, Lmin=-9.61, Lmax=-0.02
11:17:32 [ultranest] [DEBUG] iteration=2416, ncalls=164559, regioncalls=8159840, ndraw=40, logz=-18.79, remainder_fraction=99.9416%, Lmin=-9.54, Lmax=-0.02
11:17:33 [ultranest] [DEBUG] iteration=2418, ncalls=164745, regioncalls=8167280, ndraw=40, logz=-18.71, remainder_fraction=99.9359%, Lmin=-9.51, Lmax=-0.02
11:17:33 [ultranest] [DEBUG] iteration=2420, ncalls=164856, regioncalls=8171920, ndraw=40, logz=-18.64, remainder_fraction=99.9327%, Lmin=-9.45, Lmax=-0.02
11:17:33 [ultranest] [DEBUG] iteration=2422, ncalls=164942, regioncalls=8175720, ndraw=40, logz=-18.57, remainder_fraction=99.9264%, Lmin=-9.17, Lmax=-0.02
11:17:33 [ultranest] [DEBUG] iteration=2425, ncalls=165177, regioncalls=8185320, ndraw=40, logz=-18.44, remainder_fraction=99.9139%, Lmin=-9.05, Lmax=-0.02
11:17:34 [ultranest] [DEBUG] iteration=2426, ncalls=165464, regioncalls=8197160, ndraw=40, logz=-18.40, remainder_fraction=99.9094%, Lmin=-9.05, Lmax=-0.02
11:17:34 [ultranest] [DEBUG] iteration=2427, ncalls=165567, regioncalls=8201360, ndraw=40, logz=-18.36, remainder_fraction=99.9048%, Lmin=-9.04, Lmax=-0.02
11:17:35 [ultranest] [DEBUG] iteration=2428, ncalls=166163, regioncalls=8225600, ndraw=40, logz=-18.32, remainder_fraction=99.9002%, Lmin=-9.04, Lmax=-0.02
11:17:36 [ultranest] [DEBUG] iteration=2434, ncalls=166816, regioncalls=8251760, ndraw=40, logz=-18.09, remainder_fraction=99.8676%, Lmin=-8.74, Lmax=-0.02
11:17:37 [ultranest] [DEBUG] iteration=2435, ncalls=167348, regioncalls=8273440, ndraw=40, logz=-18.05, remainder_fraction=99.8626%, Lmin=-8.72, Lmax=-0.02
11:17:37 [ultranest] [DEBUG] iteration=2442, ncalls=167636, regioncalls=8284960, ndraw=40, logz=-17.80, remainder_fraction=99.8122%, Lmin=-8.41, Lmax=-0.02
11:17:38 [ultranest] [DEBUG] iteration=2445, ncalls=167676, regioncalls=8286840, ndraw=40, logz=-17.70, remainder_fraction=99.7864%, Lmin=-8.25, Lmax=-0.02
11:17:39 [ultranest] [DEBUG] iteration=2447, ncalls=168343, regioncalls=8313680, ndraw=40, logz=-17.63, remainder_fraction=99.7944%, Lmin=-8.18, Lmax=-0.02
11:17:40 [ultranest] [DEBUG] iteration=2448, ncalls=168967, regioncalls=8338840, ndraw=40, logz=-17.59, remainder_fraction=99.7855%, Lmin=-8.06, Lmax=-0.02
11:17:40 [ultranest] [DEBUG] iteration=2450, ncalls=169024, regioncalls=8341120, ndraw=40, logz=-17.51, remainder_fraction=99.7646%, Lmin=-7.96, Lmax=-0.02
11:17:41 [ultranest] [DEBUG] iteration=2453, ncalls=169827, regioncalls=8373600, ndraw=40, logz=-17.40, remainder_fraction=99.7447%, Lmin=-7.76, Lmax=-0.02
11:17:41 [ultranest] [DEBUG] iteration=2455, ncalls=170036, regioncalls=8381960, ndraw=40, logz=-17.32, remainder_fraction=99.7197%, Lmin=-7.69, Lmax=-0.02
11:17:43 [ultranest] [DEBUG] iteration=2460, ncalls=170984, regioncalls=8420280, ndraw=40, logz=-17.13, remainder_fraction=99.6505%, Lmin=-7.41, Lmax=-0.02
11:17:44 [ultranest] [DEBUG] iteration=2461, ncalls=171475, regioncalls=8439960, ndraw=40, logz=-17.09, remainder_fraction=99.6401%, Lmin=-7.36, Lmax=-0.02
11:17:45 [ultranest] [DEBUG] iteration=2462, ncalls=171972, regioncalls=8459840, ndraw=40, logz=-17.05, remainder_fraction=99.6218%, Lmin=-7.34, Lmax=-0.02
11:17:47 [ultranest] [DEBUG] iteration=2464, ncalls=173539, regioncalls=8522920, ndraw=40, logz=-16.97, remainder_fraction=99.5869%, Lmin=-7.26, Lmax=-0.02
11:17:48 [ultranest] [DEBUG] iteration=2465, ncalls=174013, regioncalls=8542080, ndraw=40, logz=-16.93, remainder_fraction=99.5815%, Lmin=-7.22, Lmax=-0.02
11:17:49 [ultranest] [DEBUG] iteration=2467, ncalls=174625, regioncalls=8566560, ndraw=40, logz=-16.85, remainder_fraction=99.5401%, Lmin=-7.19, Lmax=-0.02
11:17:49 [ultranest] [DEBUG] iteration=2468, ncalls=174741, regioncalls=8571200, ndraw=40, logz=-16.82, remainder_fraction=99.5190%, Lmin=-7.07, Lmax=-0.02
11:17:51 [ultranest] [DEBUG] iteration=2469, ncalls=176007, regioncalls=8622040, ndraw=40, logz=-16.78, remainder_fraction=99.4952%, Lmin=-6.97, Lmax=-0.02
11:17:52 [ultranest] [DEBUG] iteration=2470, ncalls=176996, regioncalls=8662160, ndraw=40, logz=-16.74, remainder_fraction=99.4841%, Lmin=-6.97, Lmax=-0.02
11:17:55 [ultranest] [DEBUG] iteration=2471, ncalls=178861, regioncalls=8737040, ndraw=40, logz=-16.70, remainder_fraction=99.4639%, Lmin=-6.94, Lmax=-0.02
11:17:56 [ultranest] [DEBUG] iteration=2472, ncalls=178946, regioncalls=8740440, ndraw=40, logz=-16.66, remainder_fraction=99.4379%, Lmin=-6.94, Lmax=-0.02
11:17:56 [ultranest] [DEBUG] iteration=2476, ncalls=179135, regioncalls=8748000, ndraw=40, logz=-16.52, remainder_fraction=99.3797%, Lmin=-6.88, Lmax=-0.02
11:17:56 [ultranest] [DEBUG] iteration=2477, ncalls=179263, regioncalls=8753120, ndraw=40, logz=-16.49, remainder_fraction=99.3535%, Lmin=-6.86, Lmax=-0.02
11:17:57 [ultranest] [DEBUG] iteration=2478, ncalls=179373, regioncalls=8757520, ndraw=40, logz=-16.45, remainder_fraction=99.3321%, Lmin=-6.81, Lmax=-0.02
11:17:57 [ultranest] [DEBUG] iteration=2479, ncalls=179925, regioncalls=8780040, ndraw=40, logz=-16.42, remainder_fraction=99.3045%, Lmin=-6.77, Lmax=-0.02
11:17:58 [ultranest] [DEBUG] iteration=2480, ncalls=180297, regioncalls=8794960, ndraw=40, logz=-16.39, remainder_fraction=99.2754%, Lmin=-6.69, Lmax=-0.02
11:17:59 [ultranest] [DEBUG] iteration=2483, ncalls=180725, regioncalls=8812280, ndraw=40, logz=-16.29, remainder_fraction=99.1807%, Lmin=-6.54, Lmax=-0.02
11:17:59 [ultranest] [DEBUG] iteration=2484, ncalls=180820, regioncalls=8816120, ndraw=40, logz=-16.26, remainder_fraction=99.1701%, Lmin=-6.51, Lmax=-0.02
11:18:00 [ultranest] [DEBUG] iteration=2485, ncalls=181606, regioncalls=8848520, ndraw=40, logz=-16.22, remainder_fraction=99.1644%, Lmin=-6.51, Lmax=-0.02
11:18:02 [ultranest] [DEBUG] iteration=2486, ncalls=182335, regioncalls=8877680, ndraw=40, logz=-16.19, remainder_fraction=99.1299%, Lmin=-6.49, Lmax=-0.02
11:18:03 [ultranest] [DEBUG] iteration=2489, ncalls=183126, regioncalls=8910160, ndraw=40, logz=-16.09, remainder_fraction=99.0728%, Lmin=-6.41, Lmax=-0.02
11:18:07 [ultranest] [DEBUG] iteration=2492, ncalls=185207, regioncalls=8994120, ndraw=40, logz=-16.01, remainder_fraction=98.9832%, Lmin=-6.34, Lmax=-0.02
11:18:08 [ultranest] [DEBUG] iteration=2493, ncalls=185789, regioncalls=9017880, ndraw=40, logz=-15.98, remainder_fraction=98.9469%, Lmin=-6.34, Lmax=-0.02
11:18:08 [ultranest] [DEBUG] iteration=2494, ncalls=186072, regioncalls=9029480, ndraw=40, logz=-15.95, remainder_fraction=98.9077%, Lmin=-6.29, Lmax=-0.02
11:18:09 [ultranest] [DEBUG] iteration=2495, ncalls=186841, regioncalls=9061120, ndraw=40, logz=-15.92, remainder_fraction=98.8664%, Lmin=-6.29, Lmax=-0.02
11:18:10 [ultranest] [DEBUG] iteration=2498, ncalls=187192, regioncalls=9075160, ndraw=40, logz=-15.84, remainder_fraction=98.7437%, Lmin=-6.20, Lmax=-0.02
11:18:11 [ultranest] [DEBUG] iteration=2508, ncalls=187891, regioncalls=9103480, ndraw=40, logz=-15.56, remainder_fraction=98.3718%, Lmin=-5.87, Lmax=-0.02
11:18:13 [ultranest] [DEBUG] iteration=2510, ncalls=188621, regioncalls=9133120, ndraw=40, logz=-15.51, remainder_fraction=98.3011%, Lmin=-5.78, Lmax=-0.02
11:18:13 [ultranest] [DEBUG] iteration=2511, ncalls=188912, regioncalls=9144760, ndraw=40, logz=-15.48, remainder_fraction=98.2447%, Lmin=-5.77, Lmax=-0.02
11:18:13 [ultranest] [DEBUG] iteration=2514, ncalls=189010, regioncalls=9148680, ndraw=40, logz=-15.41, remainder_fraction=98.0949%, Lmin=-5.70, Lmax=-0.02
11:18:15 [ultranest] [DEBUG] iteration=2515, ncalls=189923, regioncalls=9185720, ndraw=40, logz=-15.38, remainder_fraction=98.0799%, Lmin=-5.69, Lmax=-0.02
11:18:21 [ultranest] [DEBUG] iteration=2517, ncalls=192754, regioncalls=9300320, ndraw=40, logz=-15.33, remainder_fraction=97.9655%, Lmin=-5.60, Lmax=-0.02
11:18:22 [ultranest] [DEBUG] iteration=2518, ncalls=193237, regioncalls=9320120, ndraw=40, logz=-15.31, remainder_fraction=97.8986%, Lmin=-5.59, Lmax=-0.02
11:18:24 [ultranest] [DEBUG] iteration=2519, ncalls=194541, regioncalls=9372600, ndraw=40, logz=-15.28, remainder_fraction=97.8750%, Lmin=-5.58, Lmax=-0.02
11:18:26 [ultranest] [DEBUG] iteration=2521, ncalls=195833, regioncalls=9424400, ndraw=40, logz=-15.24, remainder_fraction=97.9235%, Lmin=-5.57, Lmax=-0.02
11:18:27 [ultranest] [DEBUG] iteration=2524, ncalls=196319, regioncalls=9443840, ndraw=40, logz=-15.17, remainder_fraction=97.8516%, Lmin=-5.39, Lmax=-0.02
11:18:30 [ultranest] [DEBUG] iteration=2526, ncalls=197928, regioncalls=9508320, ndraw=40, logz=-15.12, remainder_fraction=97.7200%, Lmin=-5.37, Lmax=-0.02
11:18:30 [ultranest] [DEBUG] iteration=2527, ncalls=198007, regioncalls=9511480, ndraw=40, logz=-15.10, remainder_fraction=97.6503%, Lmin=-5.36, Lmax=-0.02
11:18:32 [ultranest] [DEBUG] iteration=2529, ncalls=199371, regioncalls=9566680, ndraw=40, logz=-15.06, remainder_fraction=97.5195%, Lmin=-5.33, Lmax=-0.02
11:18:39 [ultranest] [DEBUG] iteration=2530, ncalls=202721, regioncalls=9701440, ndraw=40, logz=-15.04, remainder_fraction=97.4494%, Lmin=-5.32, Lmax=-0.02
11:18:40 [ultranest] [DEBUG] iteration=2531, ncalls=203640, regioncalls=9738560, ndraw=40, logz=-15.02, remainder_fraction=97.3741%, Lmin=-5.31, Lmax=-0.02
11:18:45 [ultranest] [DEBUG] iteration=2532, ncalls=206385, regioncalls=9849720, ndraw=40, logz=-15.00, remainder_fraction=97.2996%, Lmin=-5.31, Lmax=-0.02
11:18:46 [ultranest] [DEBUG] iteration=2534, ncalls=206742, regioncalls=9864720, ndraw=40, logz=-14.96, remainder_fraction=97.1753%, Lmin=-5.25, Lmax=-0.02
11:18:51 [ultranest] [DEBUG] iteration=2536, ncalls=209669, regioncalls=9984640, ndraw=40, logz=-14.92, remainder_fraction=97.0117%, Lmin=-5.19, Lmax=-0.02
11:18:54 [ultranest] [DEBUG] iteration=2538, ncalls=211077, regioncalls=10041160, ndraw=40, logz=-14.88, remainder_fraction=96.8574%, Lmin=-5.16, Lmax=-0.02
11:18:55 [ultranest] [DEBUG] iteration=2539, ncalls=211884, regioncalls=10074040, ndraw=40, logz=-14.86, remainder_fraction=96.7832%, Lmin=-5.15, Lmax=-0.02
11:18:58 [ultranest] [DEBUG] iteration=2541, ncalls=213377, regioncalls=10134720, ndraw=40, logz=-14.82, remainder_fraction=96.7776%, Lmin=-5.12, Lmax=-0.02
11:19:02 [ultranest] [DEBUG] iteration=2542, ncalls=215565, regioncalls=10225400, ndraw=40, logz=-14.80, remainder_fraction=96.7178%, Lmin=-5.10, Lmax=-0.02
11:19:05 [ultranest] [DEBUG] iteration=2543, ncalls=216928, regioncalls=10280520, ndraw=40, logz=-14.78, remainder_fraction=96.6303%, Lmin=-5.09, Lmax=-0.02
11:19:06 [ultranest] [DEBUG] iteration=2544, ncalls=218122, regioncalls=10329600, ndraw=40, logz=-14.76, remainder_fraction=96.5431%, Lmin=-5.08, Lmax=-0.02
11:19:10 [ultranest] [DEBUG] iteration=2546, ncalls=220070, regioncalls=10408200, ndraw=40, logz=-14.73, remainder_fraction=96.5062%, Lmin=-5.05, Lmax=-0.02
11:19:18 [ultranest] [DEBUG] iteration=2547, ncalls=224665, regioncalls=10594560, ndraw=40, logz=-14.71, remainder_fraction=96.4187%, Lmin=-5.03, Lmax=-0.02
11:19:18 [ultranest] [DEBUG] iteration=2548, ncalls=224798, regioncalls=10599880, ndraw=40, logz=-14.69, remainder_fraction=96.3333%, Lmin=-4.90, Lmax=-0.02
11:19:20 [ultranest] [DEBUG] iteration=2551, ncalls=225803, regioncalls=10640800, ndraw=40, logz=-14.64, remainder_fraction=96.1810%, Lmin=-4.87, Lmax=-0.02
11:19:20 [ultranest] [DEBUG] iteration=2552, ncalls=225887, regioncalls=10644480, ndraw=40, logz=-14.62, remainder_fraction=96.1410%, Lmin=-4.85, Lmax=-0.02
11:19:21 [ultranest] [DEBUG] iteration=2554, ncalls=226561, regioncalls=10671640, ndraw=40, logz=-14.58, remainder_fraction=95.9592%, Lmin=-4.75, Lmax=-0.02
11:19:22 [ultranest] [DEBUG] iteration=2557, ncalls=227076, regioncalls=10692320, ndraw=40, logz=-14.53, remainder_fraction=95.7556%, Lmin=-4.66, Lmax=-0.02
11:19:24 [ultranest] [DEBUG] iteration=2558, ncalls=227949, regioncalls=10727360, ndraw=40, logz=-14.51, remainder_fraction=95.7016%, Lmin=-4.63, Lmax=-0.02
11:19:24 [ultranest] [DEBUG] iteration=2559, ncalls=228135, regioncalls=10734800, ndraw=40, logz=-14.49, remainder_fraction=95.6356%, Lmin=-4.63, Lmax=-0.02
11:19:25 [ultranest] [DEBUG] iteration=2562, ncalls=228384, regioncalls=10744760, ndraw=40, logz=-14.44, remainder_fraction=95.5687%, Lmin=-4.56, Lmax=-0.02
11:19:25 [ultranest] [DEBUG] iteration=2563, ncalls=228493, regioncalls=10749160, ndraw=40, logz=-14.42, remainder_fraction=95.5118%, Lmin=-4.55, Lmax=-0.02
11:19:26 [ultranest] [DEBUG] iteration=2565, ncalls=229269, regioncalls=10780360, ndraw=40, logz=-14.38, remainder_fraction=95.2902%, Lmin=-4.52, Lmax=-0.02
11:19:35 [ultranest] [DEBUG] iteration=2567, ncalls=234675, regioncalls=10998640, ndraw=40, logz=-14.35, remainder_fraction=95.0516%, Lmin=-4.48, Lmax=-0.02
11:19:37 [ultranest] [DEBUG] iteration=2570, ncalls=235313, regioncalls=11024160, ndraw=40, logz=-14.30, remainder_fraction=94.7222%, Lmin=-4.40, Lmax=-0.02
11:19:38 [ultranest] [DEBUG] iteration=2571, ncalls=236222, regioncalls=11060560, ndraw=40, logz=-14.28, remainder_fraction=94.6299%, Lmin=-4.37, Lmax=-0.02
11:19:40 [ultranest] [DEBUG] iteration=2572, ncalls=237300, regioncalls=11103920, ndraw=40, logz=-14.26, remainder_fraction=94.5014%, Lmin=-4.33, Lmax=-0.02
11:19:42 [ultranest] [DEBUG] iteration=2573, ncalls=238003, regioncalls=11132200, ndraw=40, logz=-14.25, remainder_fraction=94.3786%, Lmin=-4.31, Lmax=-0.02
11:19:46 [ultranest] [DEBUG] iteration=2575, ncalls=240757, regioncalls=11244480, ndraw=40, logz=-14.21, remainder_fraction=94.1828%, Lmin=-4.23, Lmax=-0.02
11:19:46 [ultranest] [DEBUG] iteration=2576, ncalls=241009, regioncalls=11254640, ndraw=40, logz=-14.19, remainder_fraction=94.0361%, Lmin=-4.23, Lmax=-0.02
11:19:47 [ultranest] [DEBUG] iteration=2577, ncalls=241600, regioncalls=11278960, ndraw=40, logz=-14.18, remainder_fraction=93.9285%, Lmin=-4.17, Lmax=-0.02
11:19:51 [ultranest] [DEBUG] iteration=2578, ncalls=243658, regioncalls=11362360, ndraw=40, logz=-14.16, remainder_fraction=93.7779%, Lmin=-4.16, Lmax=-0.02
11:19:55 [ultranest] [DEBUG] iteration=2581, ncalls=245864, regioncalls=11451560, ndraw=40, logz=-14.11, remainder_fraction=93.3930%, Lmin=-4.14, Lmax=-0.02
11:19:59 [ultranest] [DEBUG] iteration=2584, ncalls=248232, regioncalls=11547400, ndraw=40, logz=-14.06, remainder_fraction=92.9669%, Lmin=-4.09, Lmax=-0.02
11:20:05 [ultranest] [DEBUG] iteration=2585, ncalls=251633, regioncalls=11684440, ndraw=40, logz=-14.04, remainder_fraction=92.8297%, Lmin=-4.09, Lmax=-0.02
11:20:12 [ultranest] [DEBUG] iteration=2595, ncalls=255226, regioncalls=11829120, ndraw=40, logz=-13.88, remainder_fraction=91.3007%, Lmin=-3.85, Lmax=-0.02
11:20:13 [ultranest] [DEBUG] iteration=2596, ncalls=255727, regioncalls=11849480, ndraw=40, logz=-13.86, remainder_fraction=91.1180%, Lmin=-3.80, Lmax=-0.02
11:20:20 [ultranest] [DEBUG] iteration=2598, ncalls=259799, regioncalls=12015840, ndraw=40, logz=-13.83, remainder_fraction=91.0233%, Lmin=-3.75, Lmax=-0.02
11:20:27 [ultranest] [DEBUG] iteration=2599, ncalls=264031, regioncalls=12187240, ndraw=40, logz=-13.82, remainder_fraction=90.8552%, Lmin=-3.74, Lmax=-0.02
11:20:31 [ultranest] [DEBUG] iteration=2601, ncalls=266612, regioncalls=12292600, ndraw=40, logz=-13.79, remainder_fraction=90.5888%, Lmin=-3.68, Lmax=-0.02
11:20:33 [ultranest] [DEBUG] iteration=2602, ncalls=267363, regioncalls=12323280, ndraw=40, logz=-13.77, remainder_fraction=90.4110%, Lmin=-3.65, Lmax=-0.02
11:20:33 [ultranest] [DEBUG] iteration=2605, ncalls=267681, regioncalls=12336040, ndraw=40, logz=-13.72, remainder_fraction=89.8802%, Lmin=-3.63, Lmax=-0.02
11:20:38 [ultranest] [DEBUG] iteration=2607, ncalls=270174, regioncalls=12436520, ndraw=40, logz=-13.70, remainder_fraction=89.6547%, Lmin=-3.60, Lmax=-0.02
11:20:47 [ultranest] [DEBUG] iteration=2608, ncalls=275565, regioncalls=12653040, ndraw=40, logz=-13.68, remainder_fraction=89.4647%, Lmin=-3.58, Lmax=-0.02
11:20:48 [ultranest] [DEBUG] iteration=2611, ncalls=275974, regioncalls=12685200, ndraw=40, logz=-13.64, remainder_fraction=88.9040%, Lmin=-3.52, Lmax=-0.02
11:20:49 [ultranest] [DEBUG] iteration=2612, ncalls=276203, regioncalls=12703280, ndraw=40, logz=-13.63, remainder_fraction=88.7106%, Lmin=-3.52, Lmax=-0.02
11:20:50 [ultranest] [DEBUG] iteration=2613, ncalls=276405, regioncalls=12719960, ndraw=40, logz=-13.61, remainder_fraction=88.5324%, Lmin=-3.51, Lmax=-0.02
11:20:50 [ultranest] [DEBUG] iteration=2618, ncalls=276704, regioncalls=12747040, ndraw=40, logz=-13.55, remainder_fraction=87.6722%, Lmin=-3.41, Lmax=-0.02
11:20:51 [ultranest] [DEBUG] iteration=2620, ncalls=276943, regioncalls=12764760, ndraw=40, logz=-13.52, remainder_fraction=87.2337%, Lmin=-3.32, Lmax=-0.02
11:20:52 [ultranest] [DEBUG] iteration=2625, ncalls=277540, regioncalls=12814680, ndraw=40, logz=-13.45, remainder_fraction=86.1730%, Lmin=-3.24, Lmax=-0.02
11:20:54 [ultranest] [DEBUG] iteration=2626, ncalls=278157, regioncalls=12865880, ndraw=40, logz=-13.44, remainder_fraction=85.9300%, Lmin=-3.21, Lmax=-0.02
11:20:55 [ultranest] [DEBUG] iteration=2628, ncalls=278800, regioncalls=12916880, ndraw=40, logz=-13.41, remainder_fraction=85.8610%, Lmin=-3.20, Lmax=-0.02
11:20:59 [ultranest] [DEBUG] iteration=2629, ncalls=280513, regioncalls=13062280, ndraw=40, logz=-13.40, remainder_fraction=85.6036%, Lmin=-3.19, Lmax=-0.02
11:21:03 [ultranest] [DEBUG] iteration=2631, ncalls=282275, regioncalls=13206080, ndraw=40, logz=-13.37, remainder_fraction=85.5160%, Lmin=-3.13, Lmax=-0.02
11:21:04 [ultranest] [DEBUG] iteration=2632, ncalls=282981, regioncalls=13262960, ndraw=40, logz=-13.36, remainder_fraction=85.2658%, Lmin=-3.11, Lmax=-0.02
11:21:06 [ultranest] [DEBUG] iteration=2633, ncalls=283701, regioncalls=13323960, ndraw=40, logz=-13.35, remainder_fraction=85.0350%, Lmin=-3.10, Lmax=-0.02
11:21:07 [ultranest] [DEBUG] iteration=2634, ncalls=284212, regioncalls=13368920, ndraw=40, logz=-13.33, remainder_fraction=84.8066%, Lmin=-3.10, Lmax=-0.02
11:21:07 [ultranest] [DEBUG] iteration=2635, ncalls=284293, regioncalls=13375840, ndraw=40, logz=-13.32, remainder_fraction=84.6471%, Lmin=-3.08, Lmax=-0.02
11:21:08 [ultranest] [DEBUG] iteration=2638, ncalls=285042, regioncalls=13443600, ndraw=40, logz=-13.28, remainder_fraction=84.3947%, Lmin=-3.05, Lmax=-0.02
11:21:10 [ultranest] [DEBUG] iteration=2639, ncalls=285607, regioncalls=13491920, ndraw=40, logz=-13.27, remainder_fraction=84.1461%, Lmin=-3.05, Lmax=-0.02
11:21:10 [ultranest] [DEBUG] iteration=2641, ncalls=285963, regioncalls=13523840, ndraw=40, logz=-13.25, remainder_fraction=83.7942%, Lmin=-3.03, Lmax=-0.02
11:21:14 [ultranest] [DEBUG] iteration=2642, ncalls=287545, regioncalls=13659480, ndraw=40, logz=-13.24, remainder_fraction=83.6218%, Lmin=-3.01, Lmax=-0.02
11:21:15 [ultranest] [DEBUG] iteration=2643, ncalls=287826, regioncalls=13687000, ndraw=40, logz=-13.23, remainder_fraction=83.4191%, Lmin=-3.01, Lmax=-0.02
11:21:20 [ultranest] [DEBUG] iteration=2646, ncalls=290256, regioncalls=13891160, ndraw=40, logz=-13.19, remainder_fraction=82.8702%, Lmin=-2.96, Lmax=-0.02
11:21:22 [ultranest] [DEBUG] iteration=2647, ncalls=291046, regioncalls=13962960, ndraw=40, logz=-13.18, remainder_fraction=82.6692%, Lmin=-2.93, Lmax=-0.02
11:21:23 [ultranest] [DEBUG] iteration=2648, ncalls=291457, regioncalls=13996520, ndraw=40, logz=-13.17, remainder_fraction=82.8764%, Lmin=-2.92, Lmax=-0.02
11:21:24 [ultranest] [DEBUG] iteration=2650, ncalls=291971, regioncalls=14040160, ndraw=40, logz=-13.15, remainder_fraction=82.4333%, Lmin=-2.91, Lmax=-0.02
11:21:24 [ultranest] [DEBUG] iteration=2655, ncalls=292018, regioncalls=14044400, ndraw=40, logz=-13.10, remainder_fraction=81.4153%, Lmin=-2.87, Lmax=-0.02
11:21:25 [ultranest] [DEBUG] iteration=2656, ncalls=292174, regioncalls=14059960, ndraw=40, logz=-13.09, remainder_fraction=81.1841%, Lmin=-2.86, Lmax=-0.02
11:21:25 [ultranest] [DEBUG] iteration=2658, ncalls=292414, regioncalls=14081520, ndraw=40, logz=-13.07, remainder_fraction=81.3930%, Lmin=-2.86, Lmax=-0.02
11:21:26 [ultranest] [DEBUG] iteration=2664, ncalls=292698, regioncalls=14105760, ndraw=40, logz=-13.01, remainder_fraction=80.2668%, Lmin=-2.79, Lmax=-0.02
11:21:26 [ultranest] [DEBUG] iteration=2671, ncalls=292729, regioncalls=14107040, ndraw=40, logz=-12.95, remainder_fraction=78.8444%, Lmin=-2.73, Lmax=-0.02
11:21:26 [ultranest] [DEBUG] iteration=2675, ncalls=292813, regioncalls=14111040, ndraw=40, logz=-12.92, remainder_fraction=78.5936%, Lmin=-2.68, Lmax=-0.02
11:21:26 [ultranest] [DEBUG] iteration=2680, ncalls=292893, regioncalls=14114920, ndraw=40, logz=-12.88, remainder_fraction=77.4890%, Lmin=-2.61, Lmax=-0.02
11:21:26 [ultranest] [DEBUG] iteration=2688, ncalls=292963, regioncalls=14118120, ndraw=40, logz=-12.81, remainder_fraction=76.0895%, Lmin=-2.54, Lmax=-0.02
11:21:26 [ultranest] [DEBUG] iteration=2700, ncalls=293054, regioncalls=14121760, ndraw=40, logz=-12.73, remainder_fraction=74.0622%, Lmin=-2.43, Lmax=-0.02
11:21:27 [ultranest] [DEBUG] iteration=2705, ncalls=293076, regioncalls=14123200, ndraw=40, logz=-12.69, remainder_fraction=73.2671%, Lmin=-2.40, Lmax=-0.02
11:21:27 [ultranest] [DEBUG] iteration=2709, ncalls=293126, regioncalls=14125720, ndraw=40, logz=-12.67, remainder_fraction=72.4426%, Lmin=-2.37, Lmax=-0.02
11:21:27 [ultranest] [DEBUG] iteration=2717, ncalls=293170, regioncalls=14127560, ndraw=40, logz=-12.62, remainder_fraction=70.9913%, Lmin=-2.29, Lmax=-0.02
11:21:27 [ultranest] [DEBUG] iteration=2723, ncalls=293244, regioncalls=14131320, ndraw=40, logz=-12.58, remainder_fraction=69.8134%, Lmin=-2.25, Lmax=-0.02
11:21:27 [ultranest] [DEBUG] iteration=2727, ncalls=293322, regioncalls=14135080, ndraw=40, logz=-12.56, remainder_fraction=69.9466%, Lmin=-2.22, Lmax=-0.02
11:21:27 [ultranest] [DEBUG] iteration=2731, ncalls=293465, regioncalls=14143960, ndraw=40, logz=-12.54, remainder_fraction=69.3676%, Lmin=-2.20, Lmax=-0.02
11:21:28 [ultranest] [DEBUG] iteration=2735, ncalls=293505, regioncalls=14145840, ndraw=40, logz=-12.51, remainder_fraction=68.5341%, Lmin=-2.17, Lmax=-0.02
11:21:28 [ultranest] [DEBUG] iteration=2738, ncalls=293591, regioncalls=14150400, ndraw=40, logz=-12.50, remainder_fraction=68.0409%, Lmin=-2.13, Lmax=-0.02
11:21:28 [ultranest] [DEBUG] iteration=2742, ncalls=293641, regioncalls=14153160, ndraw=40, logz=-12.48, remainder_fraction=67.0934%, Lmin=-2.09, Lmax=-0.02
11:21:28 [ultranest] [DEBUG] iteration=2744, ncalls=293665, regioncalls=14155000, ndraw=40, logz=-12.47, remainder_fraction=66.6893%, Lmin=-2.08, Lmax=-0.02
11:21:28 [ultranest] [DEBUG] iteration=2745, ncalls=293702, regioncalls=14157080, ndraw=40, logz=-12.46, remainder_fraction=66.7588%, Lmin=-2.07, Lmax=-0.02
11:21:29 [ultranest] [DEBUG] iteration=2747, ncalls=293727, regioncalls=14158440, ndraw=40, logz=-12.45, remainder_fraction=66.4389%, Lmin=-2.07, Lmax=-0.02
11:21:29 [ultranest] [DEBUG] iteration=2752, ncalls=293762, regioncalls=14160840, ndraw=40, logz=-12.43, remainder_fraction=65.8011%, Lmin=-2.06, Lmax=-0.02
11:21:29 [ultranest] [DEBUG] iteration=2758, ncalls=293797, regioncalls=14162960, ndraw=40, logz=-12.40, remainder_fraction=64.4808%, Lmin=-2.04, Lmax=-0.02
11:21:29 [ultranest] [DEBUG] iteration=2760, ncalls=293853, regioncalls=14166160, ndraw=40, logz=-12.39, remainder_fraction=64.0683%, Lmin=-2.03, Lmax=-0.02
11:21:29 [ultranest] [DEBUG] iteration=2761, ncalls=293879, regioncalls=14167720, ndraw=40, logz=-12.39, remainder_fraction=64.0298%, Lmin=-2.02, Lmax=-0.02
11:21:29 [ultranest] [DEBUG] iteration=2766, ncalls=293920, regioncalls=14170120, ndraw=40, logz=-12.37, remainder_fraction=63.0622%, Lmin=-1.99, Lmax=-0.02
11:21:29 [ultranest] [DEBUG] iteration=2768, ncalls=293983, regioncalls=14173840, ndraw=40, logz=-12.36, remainder_fraction=62.8117%, Lmin=-1.99, Lmax=-0.02
11:21:30 [ultranest] [DEBUG] iteration=2773, ncalls=294098, regioncalls=14181960, ndraw=40, logz=-12.34, remainder_fraction=62.2525%, Lmin=-1.98, Lmax=-0.02
11:21:30 [ultranest] [DEBUG] iteration=2776, ncalls=294135, regioncalls=14184760, ndraw=40, logz=-12.33, remainder_fraction=61.7715%, Lmin=-1.98, Lmax=-0.02
11:21:30 [ultranest] [DEBUG] iteration=2777, ncalls=294190, regioncalls=14188240, ndraw=40, logz=-12.33, remainder_fraction=61.5818%, Lmin=-1.97, Lmax=-0.02
11:21:30 [ultranest] [DEBUG] iteration=2781, ncalls=294220, regioncalls=14189520, ndraw=40, logz=-12.31, remainder_fraction=61.2745%, Lmin=-1.96, Lmax=-0.02
11:21:31 [ultranest] [DEBUG] iteration=2784, ncalls=294268, regioncalls=14192080, ndraw=40, logz=-12.30, remainder_fraction=61.1576%, Lmin=-1.95, Lmax=-0.02
11:21:31 [ultranest] [DEBUG] iteration=2790, ncalls=294302, regioncalls=14194080, ndraw=40, logz=-12.28, remainder_fraction=60.4033%, Lmin=-1.88, Lmax=-0.02
11:21:31 [ultranest] [DEBUG] iteration=2796, ncalls=294331, regioncalls=14196160, ndraw=40, logz=-12.26, remainder_fraction=59.3500%, Lmin=-1.85, Lmax=-0.02
11:21:31 [ultranest] [DEBUG] iteration=2802, ncalls=294374, regioncalls=14199200, ndraw=40, logz=-12.24, remainder_fraction=58.4433%, Lmin=-1.82, Lmax=-0.02
11:21:31 [ultranest] [DEBUG] iteration=2806, ncalls=294403, regioncalls=14201280, ndraw=40, logz=-12.23, remainder_fraction=57.9918%, Lmin=-1.80, Lmax=-0.02
11:21:32 [ultranest] [DEBUG] iteration=2808, ncalls=294520, regioncalls=14209800, ndraw=40, logz=-12.22, remainder_fraction=57.6221%, Lmin=-1.78, Lmax=-0.02
11:21:32 [ultranest] [DEBUG] iteration=2813, ncalls=294552, regioncalls=14212000, ndraw=40, logz=-12.21, remainder_fraction=57.2322%, Lmin=-1.74, Lmax=-0.02
11:21:32 [ultranest] [DEBUG] iteration=2819, ncalls=294625, regioncalls=14216040, ndraw=40, logz=-12.19, remainder_fraction=56.5034%, Lmin=-1.70, Lmax=-0.02
11:21:32 [ultranest] [DEBUG] iteration=2824, ncalls=294704, regioncalls=14220800, ndraw=40, logz=-12.18, remainder_fraction=55.8495%, Lmin=-1.69, Lmax=-0.02
11:21:33 [ultranest] [DEBUG] iteration=2831, ncalls=294789, regioncalls=14225680, ndraw=40, logz=-12.16, remainder_fraction=55.0059%, Lmin=-1.66, Lmax=-0.02
11:21:33 [ultranest] [DEBUG] iteration=2832, ncalls=294826, regioncalls=14228440, ndraw=40, logz=-12.15, remainder_fraction=54.8416%, Lmin=-1.65, Lmax=-0.02
11:21:33 [ultranest] [DEBUG] iteration=2833, ncalls=294870, regioncalls=14230600, ndraw=40, logz=-12.15, remainder_fraction=54.7362%, Lmin=-1.65, Lmax=-0.02
11:21:33 [ultranest] [DEBUG] iteration=2834, ncalls=294910, regioncalls=14233280, ndraw=40, logz=-12.15, remainder_fraction=54.5788%, Lmin=-1.64, Lmax=-0.02
11:21:33 [ultranest] [DEBUG] iteration=2840, ncalls=294964, regioncalls=14236480, ndraw=40, logz=-12.13, remainder_fraction=54.0194%, Lmin=-1.63, Lmax=-0.02
11:21:33 [ultranest] [DEBUG] iteration=2847, ncalls=295063, regioncalls=14241920, ndraw=40, logz=-12.11, remainder_fraction=53.3865%, Lmin=-1.59, Lmax=-0.02
11:21:34 [ultranest] [DEBUG] iteration=2848, ncalls=295163, regioncalls=14248760, ndraw=40, logz=-12.11, remainder_fraction=53.2908%, Lmin=-1.59, Lmax=-0.02
11:21:34 [ultranest] [DEBUG] iteration=2849, ncalls=295262, regioncalls=14254600, ndraw=40, logz=-12.11, remainder_fraction=53.1826%, Lmin=-1.59, Lmax=-0.02
11:21:34 [ultranest] [DEBUG] iteration=2852, ncalls=295383, regioncalls=14261080, ndraw=40, logz=-12.10, remainder_fraction=52.7776%, Lmin=-1.56, Lmax=-0.02
11:21:34 [ultranest] [DEBUG] iteration=2853, ncalls=295438, regioncalls=14265160, ndraw=40, logz=-12.10, remainder_fraction=52.6444%, Lmin=-1.56, Lmax=-0.02
11:21:35 [ultranest] [DEBUG] iteration=2854, ncalls=295496, regioncalls=14268640, ndraw=40, logz=-12.10, remainder_fraction=52.5086%, Lmin=-1.56, Lmax=-0.02
11:21:35 [ultranest] [DEBUG] iteration=2856, ncalls=295574, regioncalls=14273840, ndraw=40, logz=-12.09, remainder_fraction=52.1888%, Lmin=-1.56, Lmax=-0.02
11:21:35 [ultranest] [DEBUG] iteration=2860, ncalls=295616, regioncalls=14276000, ndraw=40, logz=-12.08, remainder_fraction=51.8691%, Lmin=-1.52, Lmax=-0.02
11:21:35 [ultranest] [DEBUG] iteration=2863, ncalls=295682, regioncalls=14281320, ndraw=40, logz=-12.07, remainder_fraction=51.6310%, Lmin=-1.52, Lmax=-0.02
11:21:35 [ultranest] [DEBUG] iteration=2868, ncalls=295779, regioncalls=14287520, ndraw=40, logz=-12.06, remainder_fraction=51.0560%, Lmin=-1.51, Lmax=-0.02
11:21:36 [ultranest] [DEBUG] iteration=2871, ncalls=295879, regioncalls=14293280, ndraw=40, logz=-12.06, remainder_fraction=50.7424%, Lmin=-1.51, Lmax=-0.02
11:21:36 [ultranest] [DEBUG] iteration=2873, ncalls=295950, regioncalls=14296920, ndraw=40, logz=-12.05, remainder_fraction=50.4404%, Lmin=-1.50, Lmax=-0.02
11:21:36 [ultranest] [DEBUG] iteration=2875, ncalls=296011, regioncalls=14302800, ndraw=40, logz=-12.05, remainder_fraction=50.1770%, Lmin=-1.49, Lmax=-0.02
11:21:36 [ultranest] [DEBUG] iteration=2877, ncalls=296056, regioncalls=14305800, ndraw=40, logz=-12.04, remainder_fraction=49.9043%, Lmin=-1.48, Lmax=-0.02
11:21:36 [ultranest] [DEBUG] iteration=2880, ncalls=296087, regioncalls=14308120, ndraw=40, logz=-12.03, remainder_fraction=49.5570%, Lmin=-1.47, Lmax=-0.02
11:21:37 [ultranest] [DEBUG] iteration=2883, ncalls=296176, regioncalls=14314280, ndraw=40, logz=-12.03, remainder_fraction=49.1095%, Lmin=-1.47, Lmax=-0.02
11:21:37 [ultranest] [DEBUG] iteration=2884, ncalls=296231, regioncalls=14317400, ndraw=40, logz=-12.03, remainder_fraction=49.0040%, Lmin=-1.47, Lmax=-0.02
11:21:37 [ultranest] [DEBUG] iteration=2885, ncalls=296292, regioncalls=14322160, ndraw=40, logz=-12.02, remainder_fraction=48.8355%, Lmin=-1.47, Lmax=-0.02
11:21:37 [ultranest] [DEBUG] iteration=2887, ncalls=296377, regioncalls=14327080, ndraw=40, logz=-12.02, remainder_fraction=48.7092%, Lmin=-1.46, Lmax=-0.02
11:21:37 [ultranest] [DEBUG] iteration=2889, ncalls=296412, regioncalls=14329480, ndraw=40, logz=-12.02, remainder_fraction=48.4811%, Lmin=-1.46, Lmax=-0.02
11:21:37 [ultranest] [DEBUG] iteration=2892, ncalls=296460, regioncalls=14332560, ndraw=40, logz=-12.01, remainder_fraction=48.1532%, Lmin=-1.45, Lmax=-0.02
11:21:37 [ultranest] [DEBUG] iteration=2894, ncalls=296506, regioncalls=14334960, ndraw=40, logz=-12.00, remainder_fraction=47.9704%, Lmin=-1.44, Lmax=-0.02
11:21:38 [ultranest] [DEBUG] iteration=2898, ncalls=296556, regioncalls=14338120, ndraw=40, logz=-12.00, remainder_fraction=47.4922%, Lmin=-1.43, Lmax=-0.02
11:21:38 [ultranest] [DEBUG] iteration=2902, ncalls=296608, regioncalls=14341400, ndraw=40, logz=-11.99, remainder_fraction=47.0235%, Lmin=-1.42, Lmax=-0.02
11:21:38 [ultranest] [DEBUG] iteration=2903, ncalls=296672, regioncalls=14345200, ndraw=40, logz=-11.99, remainder_fraction=46.9156%, Lmin=-1.42, Lmax=-0.02
11:21:38 [ultranest] [DEBUG] iteration=2904, ncalls=296771, regioncalls=14351280, ndraw=40, logz=-11.98, remainder_fraction=46.7765%, Lmin=-1.42, Lmax=-0.02
11:21:38 [ultranest] [DEBUG] iteration=2907, ncalls=296924, regioncalls=14360760, ndraw=40, logz=-11.98, remainder_fraction=46.4904%, Lmin=-1.41, Lmax=-0.02
11:21:39 [ultranest] [DEBUG] iteration=2909, ncalls=296965, regioncalls=14363000, ndraw=40, logz=-11.97, remainder_fraction=46.2988%, Lmin=-1.39, Lmax=-0.02
11:21:39 [ultranest] [DEBUG] iteration=2910, ncalls=297023, regioncalls=14366520, ndraw=40, logz=-11.97, remainder_fraction=46.2763%, Lmin=-1.39, Lmax=-0.02
11:21:39 [ultranest] [DEBUG] iteration=2912, ncalls=297089, regioncalls=14371040, ndraw=40, logz=-11.97, remainder_fraction=46.1026%, Lmin=-1.38, Lmax=-0.02
11:21:39 [ultranest] [DEBUG] iteration=2915, ncalls=297137, regioncalls=14374120, ndraw=40, logz=-11.96, remainder_fraction=45.8741%, Lmin=-1.36, Lmax=-0.02
11:21:39 [ultranest] [DEBUG] iteration=2917, ncalls=297190, regioncalls=14377520, ndraw=40, logz=-11.96, remainder_fraction=45.7309%, Lmin=-1.35, Lmax=-0.02
11:21:39 [ultranest] [DEBUG] iteration=2918, ncalls=297256, regioncalls=14380960, ndraw=40, logz=-11.96, remainder_fraction=45.6570%, Lmin=-1.35, Lmax=-0.02
11:21:39 [ultranest] [DEBUG] iteration=2922, ncalls=297304, regioncalls=14384080, ndraw=40, logz=-11.95, remainder_fraction=45.3161%, Lmin=-1.34, Lmax=-0.02
11:21:40 [ultranest] [DEBUG] iteration=2923, ncalls=297383, regioncalls=14388400, ndraw=40, logz=-11.95, remainder_fraction=45.1982%, Lmin=-1.34, Lmax=-0.02
11:21:40 [ultranest] [DEBUG] iteration=2926, ncalls=297437, regioncalls=14392880, ndraw=40, logz=-11.94, remainder_fraction=44.9162%, Lmin=-1.34, Lmax=-0.02
11:21:40 [ultranest] [DEBUG] iteration=2927, ncalls=297544, regioncalls=14400240, ndraw=40, logz=-11.94, remainder_fraction=44.8252%, Lmin=-1.33, Lmax=-0.02
11:21:40 [ultranest] [DEBUG] iteration=2931, ncalls=297724, regioncalls=14412280, ndraw=40, logz=-11.93, remainder_fraction=44.4224%, Lmin=-1.33, Lmax=-0.02
11:21:40 [ultranest] [DEBUG] iteration=2932, ncalls=297789, regioncalls=14416240, ndraw=40, logz=-11.93, remainder_fraction=44.2991%, Lmin=-1.33, Lmax=-0.02
11:21:41 [ultranest] [DEBUG] iteration=2934, ncalls=297845, regioncalls=14419880, ndraw=40, logz=-11.93, remainder_fraction=44.1311%, Lmin=-1.32, Lmax=-0.02
11:21:41 [ultranest] [DEBUG] iteration=2936, ncalls=297942, regioncalls=14426520, ndraw=40, logz=-11.92, remainder_fraction=43.9795%, Lmin=-1.32, Lmax=-0.02
11:21:41 [ultranest] [DEBUG] iteration=2938, ncalls=298106, regioncalls=14437360, ndraw=40, logz=-11.92, remainder_fraction=43.7200%, Lmin=-1.32, Lmax=-0.02
11:21:41 [ultranest] [DEBUG] iteration=2939, ncalls=298243, regioncalls=14446840, ndraw=40, logz=-11.92, remainder_fraction=43.5899%, Lmin=-1.31, Lmax=-0.02
11:21:41 [ultranest] [DEBUG] clustering found some stray points [need_accept=False] (array([1, 2]), array([248,   1]))
11:21:42 [ultranest] [DEBUG] iteration=2944, ncalls=298330, regioncalls=14453480, ndraw=40, logz=-11.91, remainder_fraction=43.0813%, Lmin=-1.30, Lmax=-0.02
11:21:42 [ultranest] [DEBUG] iteration=2946, ncalls=298378, regioncalls=14456920, ndraw=40, logz=-11.90, remainder_fraction=42.8923%, Lmin=-1.30, Lmax=-0.02
11:21:42 [ultranest] [DEBUG] iteration=2948, ncalls=298513, regioncalls=14465760, ndraw=40, logz=-11.90, remainder_fraction=42.6944%, Lmin=-1.29, Lmax=-0.02
11:21:42 [ultranest] [DEBUG] iteration=2950, ncalls=298709, regioncalls=14478520, ndraw=40, logz=-11.90, remainder_fraction=42.5507%, Lmin=-1.29, Lmax=-0.02
11:21:43 [ultranest] [DEBUG] iteration=2951, ncalls=298784, regioncalls=14483240, ndraw=40, logz=-11.90, remainder_fraction=42.4400%, Lmin=-1.29, Lmax=-0.02
11:21:43 [ultranest] [DEBUG] iteration=2952, ncalls=298872, regioncalls=14489160, ndraw=40, logz=-11.89, remainder_fraction=42.3188%, Lmin=-1.29, Lmax=-0.02
11:21:43 [ultranest] [DEBUG] iteration=2954, ncalls=298929, regioncalls=14492480, ndraw=40, logz=-11.89, remainder_fraction=42.1622%, Lmin=-1.29, Lmax=-0.02
11:21:43 [ultranest] [DEBUG] iteration=2956, ncalls=298990, regioncalls=14497160, ndraw=40, logz=-11.89, remainder_fraction=41.9899%, Lmin=-1.28, Lmax=-0.02
11:21:43 [ultranest] [DEBUG] iteration=2958, ncalls=299067, regioncalls=14501720, ndraw=40, logz=-11.88, remainder_fraction=41.7858%, Lmin=-1.27, Lmax=-0.02
11:21:43 [ultranest] [DEBUG] iteration=2960, ncalls=299148, regioncalls=14506520, ndraw=40, logz=-11.88, remainder_fraction=41.5507%, Lmin=-1.27, Lmax=-0.02
11:21:44 [ultranest] [DEBUG] iteration=2961, ncalls=299284, regioncalls=14514240, ndraw=40, logz=-11.88, remainder_fraction=41.4658%, Lmin=-1.27, Lmax=-0.02
11:21:44 [ultranest] [DEBUG] iteration=2963, ncalls=299451, regioncalls=14525480, ndraw=40, logz=-11.88, remainder_fraction=41.2347%, Lmin=-1.25, Lmax=-0.02
11:21:44 [ultranest] [DEBUG] iteration=2964, ncalls=299554, regioncalls=14532440, ndraw=40, logz=-11.87, remainder_fraction=41.1348%, Lmin=-1.25, Lmax=-0.02
11:21:44 [ultranest] [DEBUG] iteration=2966, ncalls=299619, regioncalls=14537520, ndraw=40, logz=-11.87, remainder_fraction=40.8712%, Lmin=-1.25, Lmax=-0.02
11:21:44 [ultranest] [DEBUG] iteration=2968, ncalls=299689, regioncalls=14541440, ndraw=40, logz=-11.87, remainder_fraction=40.6242%, Lmin=-1.24, Lmax=-0.02
11:21:44 [ultranest] [DEBUG] iteration=2971, ncalls=299735, regioncalls=14545160, ndraw=40, logz=-11.86, remainder_fraction=40.3397%, Lmin=-1.24, Lmax=-0.02
11:21:45 [ultranest] [DEBUG] iteration=2973, ncalls=299792, regioncalls=14548840, ndraw=40, logz=-11.86, remainder_fraction=40.0982%, Lmin=-1.24, Lmax=-0.02
11:21:45 [ultranest] [DEBUG] iteration=2974, ncalls=299861, regioncalls=14553920, ndraw=40, logz=-11.86, remainder_fraction=40.0238%, Lmin=-1.24, Lmax=-0.02
11:21:45 [ultranest] [DEBUG] iteration=2975, ncalls=299934, regioncalls=14559160, ndraw=40, logz=-11.86, remainder_fraction=39.9367%, Lmin=-1.24, Lmax=-0.02
11:21:45 [ultranest] [DEBUG] iteration=2976, ncalls=300066, regioncalls=14568320, ndraw=40, logz=-11.85, remainder_fraction=39.8784%, Lmin=-1.23, Lmax=-0.02
11:21:45 [ultranest] [DEBUG] iteration=2979, ncalls=300119, regioncalls=14572480, ndraw=40, logz=-11.85, remainder_fraction=39.6611%, Lmin=-1.23, Lmax=-0.02
11:21:45 [ultranest] [DEBUG] iteration=2982, ncalls=300211, regioncalls=14580120, ndraw=40, logz=-11.84, remainder_fraction=39.2715%, Lmin=-1.21, Lmax=-0.02
11:21:46 [ultranest] [DEBUG] iteration=2984, ncalls=300254, regioncalls=14584080, ndraw=40, logz=-11.84, remainder_fraction=39.0311%, Lmin=-1.21, Lmax=-0.02
11:21:46 [ultranest] [DEBUG] iteration=2986, ncalls=300345, regioncalls=14589440, ndraw=40, logz=-11.84, remainder_fraction=38.9243%, Lmin=-1.20, Lmax=-0.02
11:21:46 [ultranest] [DEBUG] iteration=2987, ncalls=300527, regioncalls=14601800, ndraw=40, logz=-11.84, remainder_fraction=38.7979%, Lmin=-1.20, Lmax=-0.02
11:21:46 [ultranest] [DEBUG] iteration=2989, ncalls=300589, regioncalls=14605280, ndraw=40, logz=-11.83, remainder_fraction=38.6277%, Lmin=-1.19, Lmax=-0.02
11:21:46 [ultranest] [DEBUG] iteration=2991, ncalls=300642, regioncalls=14609520, ndraw=40, logz=-11.83, remainder_fraction=38.4485%, Lmin=-1.18, Lmax=-0.02
11:21:47 [ultranest] [DEBUG] iteration=2994, ncalls=300726, regioncalls=14615360, ndraw=40, logz=-11.83, remainder_fraction=38.0640%, Lmin=-1.16, Lmax=-0.02
11:21:47 [ultranest] [DEBUG] iteration=2997, ncalls=300820, regioncalls=14623400, ndraw=40, logz=-11.82, remainder_fraction=37.7685%, Lmin=-1.15, Lmax=-0.02
11:21:47 [ultranest] [DEBUG] iteration=2998, ncalls=300942, regioncalls=14631120, ndraw=40, logz=-11.82, remainder_fraction=37.6604%, Lmin=-1.15, Lmax=-0.02
11:21:47 [ultranest] [DEBUG] clustering found some stray points [need_accept=False] (array([1, 2]), array([248,   1]))
11:21:47 [ultranest] [DEBUG] iteration=2999, ncalls=300978, regioncalls=14633480, ndraw=40, logz=-11.82, remainder_fraction=37.5467%, Lmin=-1.15, Lmax=-0.02
11:21:47 [ultranest] [DEBUG] iteration=3000, ncalls=301003, regioncalls=14635160, ndraw=40, logz=-11.82, remainder_fraction=37.4207%, Lmin=-1.14, Lmax=-0.02
11:21:47 [ultranest] [DEBUG] iteration=3001, ncalls=301126, regioncalls=14644000, ndraw=40, logz=-11.82, remainder_fraction=37.3646%, Lmin=-1.14, Lmax=-0.02
11:21:48 [ultranest] [DEBUG] iteration=3004, ncalls=301217, regioncalls=14650280, ndraw=40, logz=-11.81, remainder_fraction=37.0747%, Lmin=-1.14, Lmax=-0.02
11:21:48 [ultranest] [DEBUG] iteration=3006, ncalls=301336, regioncalls=14658000, ndraw=40, logz=-11.81, remainder_fraction=36.8307%, Lmin=-1.13, Lmax=-0.02
11:21:48 [ultranest] [DEBUG] iteration=3008, ncalls=301434, regioncalls=14665320, ndraw=40, logz=-11.80, remainder_fraction=36.5844%, Lmin=-1.12, Lmax=-0.02
11:21:48 [ultranest] [DEBUG] iteration=3011, ncalls=301514, regioncalls=14670320, ndraw=40, logz=-11.80, remainder_fraction=36.3354%, Lmin=-1.11, Lmax=-0.02
11:21:49 [ultranest] [DEBUG] iteration=3013, ncalls=301617, regioncalls=14677440, ndraw=40, logz=-11.80, remainder_fraction=36.1928%, Lmin=-1.11, Lmax=-0.02
11:21:49 [ultranest] [DEBUG] iteration=3015, ncalls=301683, regioncalls=14681360, ndraw=40, logz=-11.79, remainder_fraction=36.0471%, Lmin=-1.11, Lmax=-0.02
11:21:49 [ultranest] [DEBUG] iteration=3017, ncalls=301754, regioncalls=14686000, ndraw=40, logz=-11.79, remainder_fraction=35.9031%, Lmin=-1.10, Lmax=-0.02
11:21:49 [ultranest] [DEBUG] iteration=3018, ncalls=301881, regioncalls=14694920, ndraw=40, logz=-11.79, remainder_fraction=35.8734%, Lmin=-1.10, Lmax=-0.02
11:21:50 [ultranest] [DEBUG] iteration=3020, ncalls=302011, regioncalls=14703000, ndraw=40, logz=-11.79, remainder_fraction=35.6903%, Lmin=-1.10, Lmax=-0.02
11:21:50 [ultranest] [DEBUG] iteration=3021, ncalls=302120, regioncalls=14710600, ndraw=40, logz=-11.79, remainder_fraction=35.5825%, Lmin=-1.10, Lmax=-0.02
11:21:50 [ultranest] [DEBUG] iteration=3023, ncalls=302185, regioncalls=14714920, ndraw=40, logz=-11.78, remainder_fraction=35.4056%, Lmin=-1.09, Lmax=-0.02
11:21:51 [ultranest] [DEBUG] iteration=3025, ncalls=302353, regioncalls=14726240, ndraw=40, logz=-11.78, remainder_fraction=35.1919%, Lmin=-1.09, Lmax=-0.02
11:21:51 [ultranest] [DEBUG] iteration=3026, ncalls=302389, regioncalls=14728840, ndraw=40, logz=-11.78, remainder_fraction=35.1129%, Lmin=-1.09, Lmax=-0.02
11:21:51 [ultranest] [DEBUG] iteration=3028, ncalls=302446, regioncalls=14732120, ndraw=40, logz=-11.78, remainder_fraction=34.9087%, Lmin=-1.08, Lmax=-0.02
11:21:51 [ultranest] [DEBUG] iteration=3030, ncalls=302491, regioncalls=14735360, ndraw=40, logz=-11.77, remainder_fraction=34.6800%, Lmin=-1.08, Lmax=-0.02
11:21:51 [ultranest] [DEBUG] iteration=3031, ncalls=302564, regioncalls=14740280, ndraw=40, logz=-11.77, remainder_fraction=34.5774%, Lmin=-1.07, Lmax=-0.02
11:21:51 [ultranest] [DEBUG] iteration=3032, ncalls=302607, regioncalls=14742600, ndraw=40, logz=-11.77, remainder_fraction=34.4574%, Lmin=-1.07, Lmax=-0.02
11:21:51 [ultranest] [DEBUG] iteration=3033, ncalls=302667, regioncalls=14747200, ndraw=40, logz=-11.77, remainder_fraction=34.3559%, Lmin=-1.06, Lmax=-0.02
11:21:52 [ultranest] [DEBUG] iteration=3034, ncalls=302713, regioncalls=14750200, ndraw=40, logz=-11.77, remainder_fraction=34.2847%, Lmin=-1.06, Lmax=-0.02
11:21:52 [ultranest] [DEBUG] iteration=3036, ncalls=302745, regioncalls=14752360, ndraw=40, logz=-11.77, remainder_fraction=34.0965%, Lmin=-1.06, Lmax=-0.02
11:21:52 [ultranest] [DEBUG] iteration=3038, ncalls=302892, regioncalls=14762480, ndraw=40, logz=-11.76, remainder_fraction=33.9360%, Lmin=-1.05, Lmax=-0.02
11:21:52 [ultranest] [DEBUG] iteration=3040, ncalls=302992, regioncalls=14768720, ndraw=40, logz=-11.76, remainder_fraction=33.7164%, Lmin=-1.05, Lmax=-0.02
11:21:52 [ultranest] [DEBUG] iteration=3043, ncalls=303046, regioncalls=14772360, ndraw=40, logz=-11.76, remainder_fraction=33.4232%, Lmin=-1.04, Lmax=-0.02
11:21:53 [ultranest] [DEBUG] iteration=3044, ncalls=303221, regioncalls=14783920, ndraw=40, logz=-11.75, remainder_fraction=33.3636%, Lmin=-1.04, Lmax=-0.02
11:21:53 [ultranest] [DEBUG] iteration=3045, ncalls=303303, regioncalls=14789640, ndraw=40, logz=-11.75, remainder_fraction=33.2849%, Lmin=-1.04, Lmax=-0.02
11:21:53 [ultranest] [DEBUG] iteration=3046, ncalls=303367, regioncalls=14794240, ndraw=40, logz=-11.75, remainder_fraction=33.2400%, Lmin=-1.03, Lmax=-0.02
11:21:54 [ultranest] [DEBUG] iteration=3049, ncalls=303584, regioncalls=14812160, ndraw=40, logz=-11.75, remainder_fraction=32.9953%, Lmin=-1.02, Lmax=-0.02
11:21:54 [ultranest] [DEBUG] iteration=3050, ncalls=303671, regioncalls=14818520, ndraw=40, logz=-11.75, remainder_fraction=32.9036%, Lmin=-1.02, Lmax=-0.02
11:21:54 [ultranest] [DEBUG] iteration=3053, ncalls=303765, regioncalls=14823920, ndraw=40, logz=-11.74, remainder_fraction=32.6686%, Lmin=-1.01, Lmax=-0.02
11:21:54 [ultranest] [DEBUG] iteration=3054, ncalls=303817, regioncalls=14827200, ndraw=40, logz=-11.74, remainder_fraction=32.6165%, Lmin=-1.01, Lmax=-0.02
11:21:54 [ultranest] [DEBUG] iteration=3055, ncalls=303930, regioncalls=14834880, ndraw=40, logz=-11.74, remainder_fraction=32.5492%, Lmin=-1.01, Lmax=-0.02
11:21:55 [ultranest] [DEBUG] iteration=3056, ncalls=304111, regioncalls=14846880, ndraw=40, logz=-11.74, remainder_fraction=32.4637%, Lmin=-1.00, Lmax=-0.02
11:21:55 [ultranest] [DEBUG] iteration=3057, ncalls=304153, regioncalls=14849680, ndraw=40, logz=-11.74, remainder_fraction=32.3694%, Lmin=-1.00, Lmax=-0.02
11:21:55 [ultranest] [DEBUG] iteration=3059, ncalls=304190, regioncalls=14852440, ndraw=40, logz=-11.73, remainder_fraction=32.1953%, Lmin=-1.00, Lmax=-0.02
11:21:55 [ultranest] [DEBUG] iteration=3060, ncalls=304278, regioncalls=14858680, ndraw=40, logz=-11.73, remainder_fraction=32.0894%, Lmin=-1.00, Lmax=-0.02
11:21:56 [ultranest] [DEBUG] iteration=3062, ncalls=304443, regioncalls=14870760, ndraw=40, logz=-11.73, remainder_fraction=31.8931%, Lmin=-1.00, Lmax=-0.02
11:21:56 [ultranest] [DEBUG] iteration=3063, ncalls=304509, regioncalls=14876960, ndraw=40, logz=-11.73, remainder_fraction=31.7998%, Lmin=-0.99, Lmax=-0.02
11:21:57 [ultranest] [DEBUG] iteration=3064, ncalls=304664, regioncalls=14887960, ndraw=40, logz=-11.73, remainder_fraction=31.7088%, Lmin=-0.99, Lmax=-0.02
11:21:57 [ultranest] [DEBUG] iteration=3065, ncalls=304775, regioncalls=14896520, ndraw=40, logz=-11.73, remainder_fraction=31.6438%, Lmin=-0.98, Lmax=-0.02
11:21:57 [ultranest] [DEBUG] iteration=3067, ncalls=304853, regioncalls=14902280, ndraw=40, logz=-11.72, remainder_fraction=31.4592%, Lmin=-0.98, Lmax=-0.02
11:21:57 [ultranest] [DEBUG] iteration=3069, ncalls=304909, regioncalls=14906600, ndraw=40, logz=-11.72, remainder_fraction=31.2853%, Lmin=-0.97, Lmax=-0.02
11:21:58 [ultranest] [DEBUG] iteration=3072, ncalls=305062, regioncalls=14918280, ndraw=40, logz=-11.72, remainder_fraction=31.0164%, Lmin=-0.96, Lmax=-0.02
11:21:58 [ultranest] [DEBUG] iteration=3073, ncalls=305100, regioncalls=14920280, ndraw=40, logz=-11.72, remainder_fraction=30.9212%, Lmin=-0.96, Lmax=-0.02
11:21:58 [ultranest] [DEBUG] iteration=3074, ncalls=305130, regioncalls=14922600, ndraw=40, logz=-11.72, remainder_fraction=30.8870%, Lmin=-0.95, Lmax=-0.02
11:21:58 [ultranest] [DEBUG] iteration=3075, ncalls=305234, regioncalls=14929800, ndraw=40, logz=-11.71, remainder_fraction=30.7845%, Lmin=-0.95, Lmax=-0.02
11:21:59 [ultranest] [DEBUG] iteration=3078, ncalls=305465, regioncalls=14946720, ndraw=40, logz=-11.71, remainder_fraction=30.5171%, Lmin=-0.95, Lmax=-0.02
11:21:59 [ultranest] [DEBUG] iteration=3079, ncalls=305514, regioncalls=14949320, ndraw=40, logz=-11.71, remainder_fraction=30.4377%, Lmin=-0.95, Lmax=-0.02
11:21:59 [ultranest] [DEBUG] iteration=3080, ncalls=305610, regioncalls=14956840, ndraw=40, logz=-11.71, remainder_fraction=30.3531%, Lmin=-0.94, Lmax=-0.02
11:21:59 [ultranest] [DEBUG] iteration=3081, ncalls=305667, regioncalls=14962200, ndraw=40, logz=-11.71, remainder_fraction=30.2483%, Lmin=-0.94, Lmax=-0.02
11:21:59 [ultranest] [DEBUG] iteration=3083, ncalls=305718, regioncalls=14966320, ndraw=40, logz=-11.71, remainder_fraction=30.0951%, Lmin=-0.94, Lmax=-0.02
11:22:00 [ultranest] [DEBUG] iteration=3084, ncalls=305800, regioncalls=14971600, ndraw=40, logz=-11.70, remainder_fraction=30.0322%, Lmin=-0.94, Lmax=-0.02
11:22:00 [ultranest] [DEBUG] iteration=3085, ncalls=305934, regioncalls=14979560, ndraw=40, logz=-11.70, remainder_fraction=29.9384%, Lmin=-0.94, Lmax=-0.02
11:22:00 [ultranest] [DEBUG] iteration=3086, ncalls=305987, regioncalls=14983280, ndraw=40, logz=-11.70, remainder_fraction=29.8798%, Lmin=-0.93, Lmax=-0.02
11:22:00 [ultranest] [DEBUG] iteration=3087, ncalls=306062, regioncalls=14989120, ndraw=40, logz=-11.70, remainder_fraction=29.8020%, Lmin=-0.93, Lmax=-0.02
11:22:01 [ultranest] [DEBUG] iteration=3088, ncalls=306133, regioncalls=14994440, ndraw=40, logz=-11.70, remainder_fraction=29.7158%, Lmin=-0.93, Lmax=-0.02
11:22:01 [ultranest] [DEBUG] iteration=3089, ncalls=306230, regioncalls=15001000, ndraw=40, logz=-11.70, remainder_fraction=29.6474%, Lmin=-0.93, Lmax=-0.02
11:22:01 [ultranest] [DEBUG] iteration=3091, ncalls=306352, regioncalls=15010640, ndraw=40, logz=-11.70, remainder_fraction=29.5098%, Lmin=-0.93, Lmax=-0.02
11:22:01 [ultranest] [DEBUG] iteration=3093, ncalls=306420, regioncalls=15015720, ndraw=40, logz=-11.69, remainder_fraction=29.3107%, Lmin=-0.92, Lmax=-0.02
11:22:02 [ultranest] [DEBUG] iteration=3095, ncalls=306562, regioncalls=15025520, ndraw=40, logz=-11.69, remainder_fraction=29.1239%, Lmin=-0.92, Lmax=-0.02
11:22:02 [ultranest] [DEBUG] iteration=3096, ncalls=306592, regioncalls=15027320, ndraw=40, logz=-11.69, remainder_fraction=29.0251%, Lmin=-0.91, Lmax=-0.02
11:22:02 [ultranest] [DEBUG] iteration=3099, ncalls=306623, regioncalls=15029160, ndraw=40, logz=-11.69, remainder_fraction=28.7758%, Lmin=-0.91, Lmax=-0.02
11:22:03 [ultranest] [DEBUG] iteration=3100, ncalls=306823, regioncalls=15042440, ndraw=40, logz=-11.69, remainder_fraction=28.7274%, Lmin=-0.91, Lmax=-0.02
11:22:03 [ultranest] [DEBUG] iteration=3101, ncalls=306917, regioncalls=15049520, ndraw=40, logz=-11.68, remainder_fraction=28.6727%, Lmin=-0.91, Lmax=-0.02
11:22:03 [ultranest] [DEBUG] iteration=3102, ncalls=307132, regioncalls=15064720, ndraw=40, logz=-11.68, remainder_fraction=28.5712%, Lmin=-0.90, Lmax=-0.02
11:22:04 [ultranest] [DEBUG] iteration=3104, ncalls=307211, regioncalls=15070560, ndraw=40, logz=-11.68, remainder_fraction=28.4013%, Lmin=-0.90, Lmax=-0.02
11:22:04 [ultranest] [DEBUG] iteration=3106, ncalls=307333, regioncalls=15078040, ndraw=40, logz=-11.68, remainder_fraction=28.2581%, Lmin=-0.89, Lmax=-0.02
11:22:04 [ultranest] [DEBUG] iteration=3108, ncalls=307397, regioncalls=15081640, ndraw=40, logz=-11.68, remainder_fraction=28.0894%, Lmin=-0.89, Lmax=-0.02
11:22:04 [ultranest] [DEBUG] iteration=3111, ncalls=307486, regioncalls=15088560, ndraw=40, logz=-11.67, remainder_fraction=27.8962%, Lmin=-0.88, Lmax=-0.02
11:22:05 [ultranest] [DEBUG] iteration=3112, ncalls=307566, regioncalls=15094080, ndraw=40, logz=-11.67, remainder_fraction=27.8385%, Lmin=-0.88, Lmax=-0.02
11:22:05 [ultranest] [DEBUG] iteration=3113, ncalls=307615, regioncalls=15098080, ndraw=40, logz=-11.67, remainder_fraction=27.7497%, Lmin=-0.88, Lmax=-0.02
11:22:05 [ultranest] [DEBUG] iteration=3114, ncalls=307665, regioncalls=15100640, ndraw=40, logz=-11.67, remainder_fraction=27.6760%, Lmin=-0.88, Lmax=-0.02
11:22:05 [ultranest] [DEBUG] iteration=3115, ncalls=307738, regioncalls=15106360, ndraw=40, logz=-11.67, remainder_fraction=27.6343%, Lmin=-0.87, Lmax=-0.02
11:22:05 [ultranest] [DEBUG] iteration=3117, ncalls=307808, regioncalls=15110640, ndraw=40, logz=-11.67, remainder_fraction=27.4466%, Lmin=-0.87, Lmax=-0.02
11:22:06 [ultranest] [DEBUG] iteration=3118, ncalls=308087, regioncalls=15130800, ndraw=40, logz=-11.67, remainder_fraction=27.3713%, Lmin=-0.87, Lmax=-0.02
11:22:06 [ultranest] [DEBUG] iteration=3119, ncalls=308149, regioncalls=15134800, ndraw=40, logz=-11.66, remainder_fraction=27.3030%, Lmin=-0.86, Lmax=-0.02
11:22:06 [ultranest] [DEBUG] iteration=3120, ncalls=308158, regioncalls=15135560, ndraw=40, logz=-11.66, remainder_fraction=27.2498%, Lmin=-0.86, Lmax=-0.02
11:22:06 [ultranest] [DEBUG] iteration=3121, ncalls=308203, regioncalls=15138600, ndraw=40, logz=-11.66, remainder_fraction=27.1690%, Lmin=-0.86, Lmax=-0.02
11:22:07 [ultranest] [DEBUG] iteration=3122, ncalls=308286, regioncalls=15143800, ndraw=40, logz=-11.66, remainder_fraction=27.0705%, Lmin=-0.86, Lmax=-0.02
11:22:07 [ultranest] [DEBUG] iteration=3123, ncalls=308334, regioncalls=15147120, ndraw=40, logz=-11.66, remainder_fraction=26.9922%, Lmin=-0.86, Lmax=-0.02
11:22:07 [ultranest] [DEBUG] iteration=3124, ncalls=308423, regioncalls=15153520, ndraw=40, logz=-11.66, remainder_fraction=26.9068%, Lmin=-0.85, Lmax=-0.02
11:22:07 [ultranest] [DEBUG] iteration=3126, ncalls=308526, regioncalls=15160520, ndraw=40, logz=-11.66, remainder_fraction=26.7223%, Lmin=-0.85, Lmax=-0.02
11:22:08 [ultranest] [DEBUG] iteration=3128, ncalls=308705, regioncalls=15172160, ndraw=40, logz=-11.66, remainder_fraction=26.5549%, Lmin=-0.85, Lmax=-0.02
11:22:08 [ultranest] [DEBUG] iteration=3129, ncalls=308775, regioncalls=15177240, ndraw=40, logz=-11.65, remainder_fraction=26.4881%, Lmin=-0.85, Lmax=-0.02
11:22:08 [ultranest] [DEBUG] iteration=3130, ncalls=308880, regioncalls=15184360, ndraw=40, logz=-11.65, remainder_fraction=26.4088%, Lmin=-0.84, Lmax=-0.02
11:22:09 [ultranest] [DEBUG] iteration=3131, ncalls=309015, regioncalls=15193360, ndraw=40, logz=-11.65, remainder_fraction=26.3141%, Lmin=-0.84, Lmax=-0.02
11:22:09 [ultranest] [DEBUG] iteration=3132, ncalls=309086, regioncalls=15198160, ndraw=40, logz=-11.65, remainder_fraction=26.2288%, Lmin=-0.84, Lmax=-0.02
11:22:10 [ultranest] [DEBUG] iteration=3135, ncalls=309375, regioncalls=15218320, ndraw=40, logz=-11.65, remainder_fraction=25.9941%, Lmin=-0.83, Lmax=-0.02
11:22:10 [ultranest] [DEBUG] iteration=3136, ncalls=309518, regioncalls=15228120, ndraw=40, logz=-11.65, remainder_fraction=25.9583%, Lmin=-0.83, Lmax=-0.02
11:22:11 [ultranest] [DEBUG] iteration=3137, ncalls=309882, regioncalls=15253240, ndraw=40, logz=-11.65, remainder_fraction=25.8633%, Lmin=-0.83, Lmax=-0.02
11:22:11 [ultranest] [DEBUG] iteration=3140, ncalls=309914, regioncalls=15255840, ndraw=40, logz=-11.64, remainder_fraction=25.6336%, Lmin=-0.82, Lmax=-0.02
11:22:11 [ultranest] [DEBUG] iteration=3141, ncalls=310116, regioncalls=15269920, ndraw=40, logz=-11.64, remainder_fraction=25.5641%, Lmin=-0.82, Lmax=-0.02
11:22:12 [ultranest] [DEBUG] iteration=3142, ncalls=310249, regioncalls=15279160, ndraw=40, logz=-11.64, remainder_fraction=25.5166%, Lmin=-0.82, Lmax=-0.02
11:22:12 [ultranest] [DEBUG] iteration=3143, ncalls=310482, regioncalls=15295240, ndraw=40, logz=-11.64, remainder_fraction=25.4326%, Lmin=-0.82, Lmax=-0.02
11:22:12 [ultranest] [DEBUG] iteration=3144, ncalls=310522, regioncalls=15297640, ndraw=40, logz=-11.64, remainder_fraction=25.3726%, Lmin=-0.82, Lmax=-0.02
11:22:13 [ultranest] [DEBUG] iteration=3145, ncalls=310671, regioncalls=15309520, ndraw=40, logz=-11.64, remainder_fraction=25.2800%, Lmin=-0.81, Lmax=-0.02
11:22:13 [ultranest] [DEBUG] iteration=3146, ncalls=310765, regioncalls=15315160, ndraw=40, logz=-11.64, remainder_fraction=25.1930%, Lmin=-0.81, Lmax=-0.02
11:22:13 [ultranest] [DEBUG] iteration=3148, ncalls=310900, regioncalls=15325880, ndraw=40, logz=-11.64, remainder_fraction=25.0476%, Lmin=-0.81, Lmax=-0.02
11:22:14 [ultranest] [DEBUG] iteration=3149, ncalls=310995, regioncalls=15332360, ndraw=40, logz=-11.63, remainder_fraction=24.9734%, Lmin=-0.81, Lmax=-0.02
11:22:14 [ultranest] [DEBUG] iteration=3150, ncalls=311073, regioncalls=15338800, ndraw=40, logz=-11.63, remainder_fraction=24.8840%, Lmin=-0.81, Lmax=-0.02
11:22:14 [ultranest] [DEBUG] iteration=3151, ncalls=311155, regioncalls=15345120, ndraw=40, logz=-11.63, remainder_fraction=24.8111%, Lmin=-0.81, Lmax=-0.02
11:22:14 [ultranest] [DEBUG] iteration=3152, ncalls=311253, regioncalls=15352040, ndraw=40, logz=-11.63, remainder_fraction=24.7344%, Lmin=-0.81, Lmax=-0.02
11:22:14 [ultranest] [DEBUG] iteration=3153, ncalls=311398, regioncalls=15361200, ndraw=40, logz=-11.63, remainder_fraction=24.6530%, Lmin=-0.81, Lmax=-0.02
11:22:15 [ultranest] [DEBUG] iteration=3154, ncalls=311694, regioncalls=15381800, ndraw=40, logz=-11.63, remainder_fraction=24.5755%, Lmin=-0.80, Lmax=-0.02
11:22:15 [ultranest] [DEBUG] iteration=3156, ncalls=311758, regioncalls=15385960, ndraw=40, logz=-11.63, remainder_fraction=24.4619%, Lmin=-0.80, Lmax=-0.02
11:22:15 [ultranest] [DEBUG] iteration=3159, ncalls=311822, regioncalls=15390520, ndraw=40, logz=-11.62, remainder_fraction=24.2245%, Lmin=-0.79, Lmax=-0.02
11:22:15 [ultranest] [DEBUG] iteration=3160, ncalls=311892, regioncalls=15395160, ndraw=40, logz=-11.62, remainder_fraction=24.1861%, Lmin=-0.79, Lmax=-0.02
11:22:16 [ultranest] [DEBUG] iteration=3161, ncalls=311966, regioncalls=15400960, ndraw=40, logz=-11.62, remainder_fraction=24.0983%, Lmin=-0.79, Lmax=-0.02
11:22:17 [ultranest] [DEBUG] iteration=3162, ncalls=312355, regioncalls=15431280, ndraw=40, logz=-11.62, remainder_fraction=24.0267%, Lmin=-0.79, Lmax=-0.02
11:22:17 [ultranest] [DEBUG] iteration=3163, ncalls=312409, regioncalls=15436080, ndraw=40, logz=-11.62, remainder_fraction=23.9399%, Lmin=-0.78, Lmax=-0.02
11:22:17 [ultranest] [DEBUG] iteration=3164, ncalls=312603, regioncalls=15450080, ndraw=40, logz=-11.62, remainder_fraction=23.8852%, Lmin=-0.78, Lmax=-0.02
11:22:17 [ultranest] [DEBUG] iteration=3165, ncalls=312675, regioncalls=15454480, ndraw=40, logz=-11.62, remainder_fraction=23.7973%, Lmin=-0.78, Lmax=-0.02
11:22:17 [ultranest] [DEBUG] iteration=3166, ncalls=312731, regioncalls=15458880, ndraw=40, logz=-11.62, remainder_fraction=23.7136%, Lmin=-0.78, Lmax=-0.02
11:22:18 [ultranest] [DEBUG] iteration=3167, ncalls=312764, regioncalls=15460920, ndraw=40, logz=-11.62, remainder_fraction=23.6605%, Lmin=-0.78, Lmax=-0.02
11:22:18 [ultranest] [DEBUG] iteration=3168, ncalls=312798, regioncalls=15463680, ndraw=40, logz=-11.62, remainder_fraction=23.5776%, Lmin=-0.78, Lmax=-0.02
11:22:18 [ultranest] [DEBUG] iteration=3169, ncalls=312852, regioncalls=15467720, ndraw=40, logz=-11.62, remainder_fraction=23.4902%, Lmin=-0.77, Lmax=-0.02
11:22:18 [ultranest] [DEBUG] iteration=3170, ncalls=312909, regioncalls=15471840, ndraw=40, logz=-11.61, remainder_fraction=23.4173%, Lmin=-0.77, Lmax=-0.02
11:22:18 [ultranest] [DEBUG] iteration=3171, ncalls=312969, regioncalls=15476400, ndraw=40, logz=-11.61, remainder_fraction=23.3378%, Lmin=-0.76, Lmax=-0.02
11:22:18 [ultranest] [DEBUG] iteration=3173, ncalls=313000, regioncalls=15478520, ndraw=40, logz=-11.61, remainder_fraction=23.2113%, Lmin=-0.76, Lmax=-0.02
11:22:19 [ultranest] [DEBUG] iteration=3174, ncalls=313054, regioncalls=15483480, ndraw=40, logz=-11.61, remainder_fraction=23.1459%, Lmin=-0.76, Lmax=-0.02
11:22:19 [ultranest] [DEBUG] iteration=3175, ncalls=313312, regioncalls=15502480, ndraw=40, logz=-11.61, remainder_fraction=23.0897%, Lmin=-0.76, Lmax=-0.02
11:22:19 [ultranest] [DEBUG] iteration=3176, ncalls=313394, regioncalls=15507360, ndraw=40, logz=-11.61, remainder_fraction=23.0408%, Lmin=-0.76, Lmax=-0.02
11:22:20 [ultranest] [DEBUG] iteration=3177, ncalls=313497, regioncalls=15514000, ndraw=40, logz=-11.61, remainder_fraction=22.9554%, Lmin=-0.75, Lmax=-0.02
11:22:20 [ultranest] [DEBUG] iteration=3178, ncalls=313615, regioncalls=15521960, ndraw=40, logz=-11.61, remainder_fraction=22.8754%, Lmin=-0.75, Lmax=-0.02
11:22:20 [ultranest] [DEBUG] iteration=3179, ncalls=313656, regioncalls=15524360, ndraw=40, logz=-11.61, remainder_fraction=22.8067%, Lmin=-0.75, Lmax=-0.02
11:22:20 [ultranest] [DEBUG] iteration=3180, ncalls=313734, regioncalls=15529880, ndraw=40, logz=-11.61, remainder_fraction=22.7347%, Lmin=-0.75, Lmax=-0.02
11:22:21 [ultranest] [DEBUG] iteration=3182, ncalls=313845, regioncalls=15538440, ndraw=40, logz=-11.60, remainder_fraction=22.5860%, Lmin=-0.74, Lmax=-0.02
11:22:21 [ultranest] [DEBUG] iteration=3184, ncalls=313936, regioncalls=15544680, ndraw=40, logz=-11.60, remainder_fraction=22.4339%, Lmin=-0.74, Lmax=-0.02
11:22:21 [ultranest] [DEBUG] iteration=3185, ncalls=314039, regioncalls=15551560, ndraw=40, logz=-11.60, remainder_fraction=22.3508%, Lmin=-0.74, Lmax=-0.02
11:22:21 [ultranest] [DEBUG] iteration=3186, ncalls=314097, regioncalls=15555800, ndraw=40, logz=-11.60, remainder_fraction=22.2731%, Lmin=-0.73, Lmax=-0.02
11:22:21 [ultranest] [DEBUG] iteration=3187, ncalls=314192, regioncalls=15562720, ndraw=40, logz=-11.60, remainder_fraction=22.1895%, Lmin=-0.73, Lmax=-0.02
11:22:22 [ultranest] [DEBUG] iteration=3188, ncalls=314344, regioncalls=15574000, ndraw=40, logz=-11.60, remainder_fraction=22.1075%, Lmin=-0.73, Lmax=-0.02
11:22:22 [ultranest] [DEBUG] iteration=3190, ncalls=314401, regioncalls=15577800, ndraw=40, logz=-11.60, remainder_fraction=21.9761%, Lmin=-0.72, Lmax=-0.02
11:22:22 [ultranest] [DEBUG] iteration=3193, ncalls=314452, regioncalls=15581440, ndraw=40, logz=-11.59, remainder_fraction=21.7453%, Lmin=-0.72, Lmax=-0.02
11:22:22 [ultranest] [DEBUG] iteration=3194, ncalls=314643, regioncalls=15595160, ndraw=40, logz=-11.59, remainder_fraction=21.6771%, Lmin=-0.71, Lmax=-0.02
11:22:22 [ultranest] [DEBUG] iteration=3195, ncalls=314735, regioncalls=15600760, ndraw=40, logz=-11.59, remainder_fraction=21.6134%, Lmin=-0.71, Lmax=-0.02
11:22:23 [ultranest] [DEBUG] iteration=3197, ncalls=314889, regioncalls=15612120, ndraw=40, logz=-11.59, remainder_fraction=21.4684%, Lmin=-0.71, Lmax=-0.02
11:22:23 [ultranest] [DEBUG] iteration=3198, ncalls=315013, regioncalls=15621320, ndraw=40, logz=-11.59, remainder_fraction=21.4084%, Lmin=-0.71, Lmax=-0.02
11:22:23 [ultranest] [DEBUG] iteration=3200, ncalls=315173, regioncalls=15632240, ndraw=40, logz=-11.59, remainder_fraction=21.2943%, Lmin=-0.70, Lmax=-0.02
11:22:24 [ultranest] [DEBUG] iteration=3201, ncalls=315352, regioncalls=15646320, ndraw=40, logz=-11.59, remainder_fraction=21.2439%, Lmin=-0.70, Lmax=-0.02
11:22:24 [ultranest] [DEBUG] iteration=3202, ncalls=315419, regioncalls=15651640, ndraw=40, logz=-11.59, remainder_fraction=21.1821%, Lmin=-0.69, Lmax=-0.02
11:22:24 [ultranest] [DEBUG] iteration=3204, ncalls=315488, regioncalls=15656760, ndraw=40, logz=-11.58, remainder_fraction=21.0463%, Lmin=-0.69, Lmax=-0.02
11:22:24 [ultranest] [DEBUG] iteration=3205, ncalls=315572, regioncalls=15663040, ndraw=40, logz=-11.58, remainder_fraction=20.9901%, Lmin=-0.69, Lmax=-0.02
11:22:24 [ultranest] [DEBUG] iteration=3206, ncalls=315641, regioncalls=15667680, ndraw=40, logz=-11.58, remainder_fraction=20.9141%, Lmin=-0.69, Lmax=-0.02
11:22:24 [ultranest] [DEBUG] iteration=3207, ncalls=315740, regioncalls=15674480, ndraw=40, logz=-11.58, remainder_fraction=20.8608%, Lmin=-0.69, Lmax=-0.02
11:22:25 [ultranest] [DEBUG] iteration=3208, ncalls=315849, regioncalls=15682400, ndraw=40, logz=-11.58, remainder_fraction=20.7942%, Lmin=-0.69, Lmax=-0.02
11:22:25 [ultranest] [DEBUG] iteration=3210, ncalls=316097, regioncalls=15700840, ndraw=40, logz=-11.58, remainder_fraction=20.6703%, Lmin=-0.69, Lmax=-0.02
11:22:25 [ultranest] [DEBUG] iteration=3211, ncalls=316170, regioncalls=15705720, ndraw=40, logz=-11.58, remainder_fraction=20.6022%, Lmin=-0.69, Lmax=-0.02
11:22:26 [ultranest] [DEBUG] iteration=3212, ncalls=316355, regioncalls=15717600, ndraw=40, logz=-11.58, remainder_fraction=20.5428%, Lmin=-0.68, Lmax=-0.02
11:22:26 [ultranest] [DEBUG] iteration=3214, ncalls=316688, regioncalls=15742480, ndraw=40, logz=-11.58, remainder_fraction=20.4095%, Lmin=-0.68, Lmax=-0.02
11:22:27 [ultranest] [DEBUG] iteration=3215, ncalls=316720, regioncalls=15744360, ndraw=40, logz=-11.58, remainder_fraction=20.3488%, Lmin=-0.68, Lmax=-0.02
11:22:27 [ultranest] [DEBUG] iteration=3216, ncalls=316786, regioncalls=15749240, ndraw=40, logz=-11.57, remainder_fraction=20.2894%, Lmin=-0.67, Lmax=-0.02
11:22:27 [ultranest] [DEBUG] iteration=3217, ncalls=316933, regioncalls=15759600, ndraw=40, logz=-11.57, remainder_fraction=20.2178%, Lmin=-0.67, Lmax=-0.02
11:22:27 [ultranest] [DEBUG] iteration=3219, ncalls=317031, regioncalls=15766520, ndraw=40, logz=-11.57, remainder_fraction=20.0981%, Lmin=-0.67, Lmax=-0.02
11:22:28 [ultranest] [DEBUG] iteration=3221, ncalls=317233, regioncalls=15782280, ndraw=40, logz=-11.57, remainder_fraction=19.9831%, Lmin=-0.67, Lmax=-0.02
11:22:28 [ultranest] [DEBUG] iteration=3223, ncalls=317313, regioncalls=15787920, ndraw=40, logz=-11.57, remainder_fraction=19.8711%, Lmin=-0.66, Lmax=-0.02
11:22:28 [ultranest] [DEBUG] iteration=3224, ncalls=317430, regioncalls=15797000, ndraw=40, logz=-11.57, remainder_fraction=19.8228%, Lmin=-0.66, Lmax=-0.02
11:22:29 [ultranest] [DEBUG] iteration=3225, ncalls=317697, regioncalls=15816360, ndraw=40, logz=-11.57, remainder_fraction=19.7713%, Lmin=-0.66, Lmax=-0.02
11:22:29 [ultranest] [DEBUG] iteration=3227, ncalls=317806, regioncalls=15824400, ndraw=40, logz=-11.57, remainder_fraction=19.6451%, Lmin=-0.66, Lmax=-0.02
11:22:29 [ultranest] [DEBUG] iteration=3228, ncalls=317907, regioncalls=15831800, ndraw=40, logz=-11.57, remainder_fraction=19.5931%, Lmin=-0.66, Lmax=-0.02
11:22:29 [ultranest] [DEBUG] iteration=3229, ncalls=317981, regioncalls=15836480, ndraw=40, logz=-11.56, remainder_fraction=19.5236%, Lmin=-0.66, Lmax=-0.02
11:22:31 [ultranest] [DEBUG] iteration=3230, ncalls=318690, regioncalls=15886520, ndraw=40, logz=-11.56, remainder_fraction=19.4578%, Lmin=-0.65, Lmax=-0.02
11:22:31 [ultranest] [DEBUG] iteration=3231, ncalls=318776, regioncalls=15892000, ndraw=40, logz=-11.56, remainder_fraction=19.3957%, Lmin=-0.65, Lmax=-0.02
11:22:32 [ultranest] [DEBUG] iteration=3232, ncalls=319148, regioncalls=15919400, ndraw=40, logz=-11.56, remainder_fraction=19.3374%, Lmin=-0.65, Lmax=-0.02
11:22:32 [ultranest] [DEBUG] iteration=3233, ncalls=319224, regioncalls=15925160, ndraw=40, logz=-11.56, remainder_fraction=19.2871%, Lmin=-0.65, Lmax=-0.02
11:22:32 [ultranest] [DEBUG] iteration=3234, ncalls=319343, regioncalls=15932960, ndraw=40, logz=-11.56, remainder_fraction=19.2501%, Lmin=-0.65, Lmax=-0.02
11:22:32 [ultranest] [DEBUG] iteration=3235, ncalls=319401, regioncalls=15937320, ndraw=40, logz=-11.56, remainder_fraction=19.1776%, Lmin=-0.64, Lmax=-0.02
11:22:33 [ultranest] [DEBUG] iteration=3237, ncalls=319585, regioncalls=15952000, ndraw=40, logz=-11.56, remainder_fraction=19.0535%, Lmin=-0.64, Lmax=-0.02
11:22:34 [ultranest] [DEBUG] iteration=3238, ncalls=319898, regioncalls=15976040, ndraw=40, logz=-11.56, remainder_fraction=18.9905%, Lmin=-0.64, Lmax=-0.02
11:22:35 [ultranest] [DEBUG] iteration=3239, ncalls=320605, regioncalls=16027720, ndraw=40, logz=-11.56, remainder_fraction=18.9514%, Lmin=-0.64, Lmax=-0.02
11:22:36 [ultranest] [DEBUG] iteration=3240, ncalls=320687, regioncalls=16034320, ndraw=40, logz=-11.56, remainder_fraction=18.8819%, Lmin=-0.63, Lmax=-0.02
11:22:36 [ultranest] [DEBUG] iteration=3241, ncalls=320897, regioncalls=16051600, ndraw=40, logz=-11.56, remainder_fraction=18.8423%, Lmin=-0.63, Lmax=-0.02
11:22:36 [ultranest] [DEBUG] iteration=3242, ncalls=320970, regioncalls=16057200, ndraw=40, logz=-11.55, remainder_fraction=18.7821%, Lmin=-0.63, Lmax=-0.02
11:22:37 [ultranest] [DEBUG] iteration=3245, ncalls=321021, regioncalls=16061360, ndraw=40, logz=-11.55, remainder_fraction=18.6029%, Lmin=-0.63, Lmax=-0.02
11:22:37 [ultranest] [DEBUG] iteration=3246, ncalls=321143, regioncalls=16070880, ndraw=40, logz=-11.55, remainder_fraction=18.5570%, Lmin=-0.62, Lmax=-0.02
11:22:37 [ultranest] [DEBUG] iteration=3247, ncalls=321283, regioncalls=16081560, ndraw=40, logz=-11.55, remainder_fraction=18.5068%, Lmin=-0.62, Lmax=-0.02
11:22:38 [ultranest] [DEBUG] iteration=3248, ncalls=321563, regioncalls=16102680, ndraw=40, logz=-11.55, remainder_fraction=18.4586%, Lmin=-0.62, Lmax=-0.02
11:22:38 [ultranest] [DEBUG] iteration=3249, ncalls=321668, regioncalls=16110320, ndraw=40, logz=-11.55, remainder_fraction=18.4036%, Lmin=-0.62, Lmax=-0.02
11:22:38 [ultranest] [DEBUG] iteration=3250, ncalls=321827, regioncalls=16123840, ndraw=40, logz=-11.55, remainder_fraction=18.3530%, Lmin=-0.62, Lmax=-0.02
11:22:39 [ultranest] [DEBUG] iteration=3251, ncalls=321950, regioncalls=16132720, ndraw=40, logz=-11.55, remainder_fraction=18.3065%, Lmin=-0.62, Lmax=-0.02
11:22:39 [ultranest] [DEBUG] iteration=3252, ncalls=322112, regioncalls=16142560, ndraw=40, logz=-11.55, remainder_fraction=18.2512%, Lmin=-0.62, Lmax=-0.02
11:22:40 [ultranest] [DEBUG] iteration=3253, ncalls=322482, regioncalls=16168400, ndraw=40, logz=-11.55, remainder_fraction=18.1810%, Lmin=-0.62, Lmax=-0.02
11:22:41 [ultranest] [DEBUG] iteration=3254, ncalls=322824, regioncalls=16195240, ndraw=40, logz=-11.55, remainder_fraction=18.1380%, Lmin=-0.61, Lmax=-0.02
11:22:41 [ultranest] [DEBUG] iteration=3255, ncalls=322977, regioncalls=16207760, ndraw=40, logz=-11.55, remainder_fraction=18.0774%, Lmin=-0.61, Lmax=-0.02
11:22:41 [ultranest] [DEBUG] iteration=3256, ncalls=323240, regioncalls=16228880, ndraw=40, logz=-11.54, remainder_fraction=18.0172%, Lmin=-0.61, Lmax=-0.02
11:22:42 [ultranest] [DEBUG] iteration=3257, ncalls=323290, regioncalls=16232120, ndraw=40, logz=-11.54, remainder_fraction=17.9563%, Lmin=-0.61, Lmax=-0.02
11:22:42 [ultranest] [DEBUG] iteration=3259, ncalls=323449, regioncalls=16244720, ndraw=40, logz=-11.54, remainder_fraction=17.8525%, Lmin=-0.61, Lmax=-0.02
11:22:42 [ultranest] [DEBUG] iteration=3260, ncalls=323591, regioncalls=16255120, ndraw=40, logz=-11.54, remainder_fraction=17.8081%, Lmin=-0.61, Lmax=-0.02
11:22:42 [ultranest] [DEBUG] iteration=3261, ncalls=323656, regioncalls=16259720, ndraw=40, logz=-11.54, remainder_fraction=17.7603%, Lmin=-0.61, Lmax=-0.02
11:22:43 [ultranest] [DEBUG] iteration=3263, ncalls=323796, regioncalls=16270200, ndraw=40, logz=-11.54, remainder_fraction=17.6362%, Lmin=-0.61, Lmax=-0.02
11:22:43 [ultranest] [DEBUG] iteration=3264, ncalls=323844, regioncalls=16273880, ndraw=40, logz=-11.54, remainder_fraction=17.5881%, Lmin=-0.61, Lmax=-0.02
11:22:43 [ultranest] [DEBUG] iteration=3267, ncalls=323876, regioncalls=16275960, ndraw=40, logz=-11.54, remainder_fraction=17.4153%, Lmin=-0.60, Lmax=-0.02
11:22:43 [ultranest] [DEBUG] iteration=3269, ncalls=324045, regioncalls=16288000, ndraw=40, logz=-11.54, remainder_fraction=17.2837%, Lmin=-0.60, Lmax=-0.02
11:22:44 [ultranest] [DEBUG] iteration=3270, ncalls=324147, regioncalls=16295920, ndraw=40, logz=-11.54, remainder_fraction=17.2218%, Lmin=-0.60, Lmax=-0.02
11:22:44 [ultranest] [DEBUG] iteration=3271, ncalls=324357, regioncalls=16309840, ndraw=40, logz=-11.53, remainder_fraction=17.1573%, Lmin=-0.60, Lmax=-0.02
11:22:45 [ultranest] [DEBUG] iteration=3274, ncalls=324866, regioncalls=16347200, ndraw=40, logz=-11.53, remainder_fraction=16.9912%, Lmin=-0.60, Lmax=-0.02
11:22:46 [ultranest] [DEBUG] iteration=3276, ncalls=325090, regioncalls=16364160, ndraw=40, logz=-11.53, remainder_fraction=16.8971%, Lmin=-0.59, Lmax=-0.02
11:22:46 [ultranest] [DEBUG] iteration=3277, ncalls=325124, regioncalls=16366280, ndraw=40, logz=-11.53, remainder_fraction=16.8478%, Lmin=-0.59, Lmax=-0.02
11:22:46 [ultranest] [DEBUG] iteration=3278, ncalls=325232, regioncalls=16373720, ndraw=40, logz=-11.53, remainder_fraction=16.7988%, Lmin=-0.59, Lmax=-0.02
11:22:47 [ultranest] [DEBUG] iteration=3280, ncalls=325244, regioncalls=16374680, ndraw=40, logz=-11.53, remainder_fraction=16.6839%, Lmin=-0.58, Lmax=-0.02
11:22:47 [ultranest] [DEBUG] iteration=3281, ncalls=325331, regioncalls=16382520, ndraw=40, logz=-11.53, remainder_fraction=16.6437%, Lmin=-0.58, Lmax=-0.02
11:22:47 [ultranest] [DEBUG] iteration=3283, ncalls=325370, regioncalls=16385680, ndraw=40, logz=-11.53, remainder_fraction=16.5325%, Lmin=-0.58, Lmax=-0.02
11:22:48 [ultranest] [DEBUG] iteration=3286, ncalls=325699, regioncalls=16412280, ndraw=40, logz=-11.52, remainder_fraction=16.3745%, Lmin=-0.57, Lmax=-0.02
11:22:48 [ultranest] [DEBUG] iteration=3288, ncalls=325846, regioncalls=16423520, ndraw=40, logz=-11.52, remainder_fraction=16.2772%, Lmin=-0.56, Lmax=-0.02
11:22:48 [ultranest] [DEBUG] iteration=3290, ncalls=326025, regioncalls=16437320, ndraw=40, logz=-11.52, remainder_fraction=16.1666%, Lmin=-0.56, Lmax=-0.02
11:22:49 [ultranest] [DEBUG] iteration=3292, ncalls=326146, regioncalls=16445520, ndraw=40, logz=-11.52, remainder_fraction=16.0545%, Lmin=-0.56, Lmax=-0.02
11:22:49 [ultranest] [DEBUG] iteration=3293, ncalls=326384, regioncalls=16462800, ndraw=40, logz=-11.52, remainder_fraction=15.9986%, Lmin=-0.56, Lmax=-0.02
11:22:50 [ultranest] [DEBUG] iteration=3294, ncalls=326451, regioncalls=16467680, ndraw=40, logz=-11.52, remainder_fraction=15.9379%, Lmin=-0.56, Lmax=-0.02
11:22:50 [ultranest] [DEBUG] iteration=3295, ncalls=326549, regioncalls=16475680, ndraw=40, logz=-11.52, remainder_fraction=15.8804%, Lmin=-0.56, Lmax=-0.02
11:22:50 [ultranest] [DEBUG] iteration=3296, ncalls=326596, regioncalls=16478960, ndraw=40, logz=-11.52, remainder_fraction=15.8230%, Lmin=-0.56, Lmax=-0.02
11:22:50 [ultranest] [DEBUG] iteration=3297, ncalls=326698, regioncalls=16485960, ndraw=40, logz=-11.52, remainder_fraction=15.7762%, Lmin=-0.55, Lmax=-0.02
11:22:50 [ultranest] [DEBUG] iteration=3298, ncalls=326731, regioncalls=16488000, ndraw=40, logz=-11.52, remainder_fraction=15.7289%, Lmin=-0.55, Lmax=-0.02
11:22:51 [ultranest] [DEBUG] iteration=3299, ncalls=326849, regioncalls=16496600, ndraw=40, logz=-11.52, remainder_fraction=15.6681%, Lmin=-0.55, Lmax=-0.02
11:22:51 [ultranest] [DEBUG] iteration=3300, ncalls=326991, regioncalls=16507640, ndraw=40, logz=-11.52, remainder_fraction=15.6228%, Lmin=-0.55, Lmax=-0.02
11:22:52 [ultranest] [DEBUG] iteration=3301, ncalls=327337, regioncalls=16531520, ndraw=40, logz=-11.52, remainder_fraction=15.5748%, Lmin=-0.55, Lmax=-0.02
11:22:53 [ultranest] [DEBUG] iteration=3302, ncalls=327665, regioncalls=16554280, ndraw=40, logz=-11.51, remainder_fraction=15.5260%, Lmin=-0.55, Lmax=-0.02
11:22:54 [ultranest] [DEBUG] iteration=3303, ncalls=327926, regioncalls=16573800, ndraw=40, logz=-11.51, remainder_fraction=15.4770%, Lmin=-0.55, Lmax=-0.02
11:22:54 [ultranest] [DEBUG] iteration=3304, ncalls=328023, regioncalls=16581560, ndraw=40, logz=-11.51, remainder_fraction=15.4290%, Lmin=-0.55, Lmax=-0.02
11:22:54 [ultranest] [DEBUG] iteration=3305, ncalls=328105, regioncalls=16588880, ndraw=40, logz=-11.51, remainder_fraction=15.3705%, Lmin=-0.55, Lmax=-0.02
11:22:54 [ultranest] [DEBUG] iteration=3306, ncalls=328187, regioncalls=16594840, ndraw=40, logz=-11.51, remainder_fraction=15.3129%, Lmin=-0.54, Lmax=-0.02
11:22:55 [ultranest] [DEBUG] iteration=3309, ncalls=328314, regioncalls=16606000, ndraw=40, logz=-11.51, remainder_fraction=15.1538%, Lmin=-0.54, Lmax=-0.02
11:22:56 [ultranest] [DEBUG] iteration=3310, ncalls=328772, regioncalls=16641320, ndraw=40, logz=-11.51, remainder_fraction=15.1074%, Lmin=-0.53, Lmax=-0.02
11:22:56 [ultranest] [DEBUG] iteration=3312, ncalls=328819, regioncalls=16644920, ndraw=40, logz=-11.51, remainder_fraction=14.9985%, Lmin=-0.53, Lmax=-0.02
11:22:57 [ultranest] [DEBUG] iteration=3313, ncalls=329172, regioncalls=16671280, ndraw=40, logz=-11.51, remainder_fraction=14.9414%, Lmin=-0.53, Lmax=-0.02
11:22:57 [ultranest] [DEBUG] iteration=3314, ncalls=329251, regioncalls=16677440, ndraw=40, logz=-11.51, remainder_fraction=14.8930%, Lmin=-0.53, Lmax=-0.02
11:22:58 [ultranest] [DEBUG] iteration=3315, ncalls=329362, regioncalls=16686840, ndraw=40, logz=-11.51, remainder_fraction=14.8557%, Lmin=-0.53, Lmax=-0.02
11:22:58 [ultranest] [DEBUG] iteration=3316, ncalls=329541, regioncalls=16698560, ndraw=40, logz=-11.51, remainder_fraction=14.8040%, Lmin=-0.53, Lmax=-0.02
11:22:59 [ultranest] [DEBUG] iteration=3317, ncalls=329676, regioncalls=16708520, ndraw=40, logz=-11.51, remainder_fraction=14.7619%, Lmin=-0.53, Lmax=-0.02
11:22:59 [ultranest] [DEBUG] iteration=3318, ncalls=329777, regioncalls=16715760, ndraw=40, logz=-11.51, remainder_fraction=14.7075%, Lmin=-0.53, Lmax=-0.02
11:23:00 [ultranest] [DEBUG] iteration=3319, ncalls=330183, regioncalls=16748240, ndraw=40, logz=-11.50, remainder_fraction=14.6548%, Lmin=-0.53, Lmax=-0.02
11:23:00 [ultranest] [DEBUG] iteration=3321, ncalls=330367, regioncalls=16759720, ndraw=40, logz=-11.50, remainder_fraction=14.5583%, Lmin=-0.52, Lmax=-0.02
11:23:01 [ultranest] [DEBUG] iteration=3322, ncalls=330433, regioncalls=16764160, ndraw=40, logz=-11.50, remainder_fraction=14.5092%, Lmin=-0.52, Lmax=-0.02
11:23:01 [ultranest] [DEBUG] iteration=3323, ncalls=330557, regioncalls=16774360, ndraw=40, logz=-11.50, remainder_fraction=14.4584%, Lmin=-0.52, Lmax=-0.02
11:23:01 [ultranest] [DEBUG] iteration=3324, ncalls=330636, regioncalls=16782120, ndraw=40, logz=-11.50, remainder_fraction=14.4125%, Lmin=-0.52, Lmax=-0.02
11:23:02 [ultranest] [DEBUG] iteration=3325, ncalls=331339, regioncalls=16833000, ndraw=40, logz=-11.50, remainder_fraction=14.3575%, Lmin=-0.52, Lmax=-0.02
11:23:03 [ultranest] [DEBUG] iteration=3326, ncalls=331487, regioncalls=16843040, ndraw=40, logz=-11.50, remainder_fraction=14.3032%, Lmin=-0.52, Lmax=-0.02
11:23:03 [ultranest] [DEBUG] iteration=3328, ncalls=331686, regioncalls=16858080, ndraw=40, logz=-11.50, remainder_fraction=14.2019%, Lmin=-0.52, Lmax=-0.02
11:23:04 [ultranest] [DEBUG] iteration=3329, ncalls=331831, regioncalls=16869080, ndraw=40, logz=-11.50, remainder_fraction=14.1580%, Lmin=-0.51, Lmax=-0.02
11:23:05 [ultranest] [DEBUG] iteration=3330, ncalls=332155, regioncalls=16894440, ndraw=40, logz=-11.50, remainder_fraction=14.1099%, Lmin=-0.51, Lmax=-0.02
11:23:05 [ultranest] [DEBUG] iteration=3331, ncalls=332271, regioncalls=16903880, ndraw=40, logz=-11.50, remainder_fraction=14.0689%, Lmin=-0.51, Lmax=-0.02
11:23:06 [ultranest] [DEBUG] iteration=3332, ncalls=332357, regioncalls=16910720, ndraw=40, logz=-11.50, remainder_fraction=14.0168%, Lmin=-0.51, Lmax=-0.02
11:23:06 [ultranest] [DEBUG] iteration=3333, ncalls=332398, regioncalls=16913200, ndraw=40, logz=-11.50, remainder_fraction=13.9650%, Lmin=-0.51, Lmax=-0.02
11:23:06 [ultranest] [DEBUG] iteration=3334, ncalls=332456, regioncalls=16918920, ndraw=40, logz=-11.50, remainder_fraction=13.9125%, Lmin=-0.51, Lmax=-0.02
11:23:06 [ultranest] [DEBUG] iteration=3335, ncalls=332552, regioncalls=16926880, ndraw=40, logz=-11.50, remainder_fraction=13.8588%, Lmin=-0.50, Lmax=-0.02
11:23:07 [ultranest] [DEBUG] iteration=3336, ncalls=332707, regioncalls=16937640, ndraw=40, logz=-11.50, remainder_fraction=13.8104%, Lmin=-0.50, Lmax=-0.02
11:23:07 [ultranest] [DEBUG] iteration=3337, ncalls=332823, regioncalls=16945560, ndraw=40, logz=-11.49, remainder_fraction=13.7657%, Lmin=-0.50, Lmax=-0.02
11:23:07 [ultranest] [DEBUG] iteration=3338, ncalls=333062, regioncalls=16963560, ndraw=40, logz=-11.49, remainder_fraction=13.7210%, Lmin=-0.50, Lmax=-0.02
11:23:08 [ultranest] [DEBUG] iteration=3339, ncalls=333116, regioncalls=16967040, ndraw=40, logz=-11.49, remainder_fraction=13.6783%, Lmin=-0.50, Lmax=-0.02
11:23:08 [ultranest] [DEBUG] iteration=3340, ncalls=333418, regioncalls=16991440, ndraw=40, logz=-11.49, remainder_fraction=13.6249%, Lmin=-0.50, Lmax=-0.02
11:23:08 [ultranest] [DEBUG] iteration=3341, ncalls=333481, regioncalls=16996400, ndraw=40, logz=-11.49, remainder_fraction=13.5786%, Lmin=-0.50, Lmax=-0.02
11:23:09 [ultranest] [DEBUG] iteration=3342, ncalls=333527, regioncalls=16999320, ndraw=40, logz=-11.49, remainder_fraction=13.5357%, Lmin=-0.50, Lmax=-0.02
11:23:11 [ultranest] [DEBUG] iteration=3344, ncalls=334444, regioncalls=17072040, ndraw=40, logz=-11.49, remainder_fraction=13.4563%, Lmin=-0.50, Lmax=-0.02
11:23:12 [ultranest] [DEBUG] iteration=3345, ncalls=334474, regioncalls=17074640, ndraw=40, logz=-11.49, remainder_fraction=13.4049%, Lmin=-0.50, Lmax=-0.02
11:23:12 [ultranest] [DEBUG] iteration=3346, ncalls=334523, regioncalls=17078440, ndraw=40, logz=-11.49, remainder_fraction=13.3597%, Lmin=-0.50, Lmax=-0.02
11:23:12 [ultranest] [DEBUG] iteration=3347, ncalls=334639, regioncalls=17088000, ndraw=40, logz=-11.49, remainder_fraction=13.3119%, Lmin=-0.49, Lmax=-0.02
11:23:12 [ultranest] [DEBUG] iteration=3348, ncalls=334736, regioncalls=17095400, ndraw=40, logz=-11.49, remainder_fraction=13.2602%, Lmin=-0.49, Lmax=-0.02
11:23:13 [ultranest] [DEBUG] iteration=3350, ncalls=334877, regioncalls=17104920, ndraw=40, logz=-11.49, remainder_fraction=13.1788%, Lmin=-0.49, Lmax=-0.02
11:23:13 [ultranest] [DEBUG] iteration=3351, ncalls=334943, regioncalls=17109760, ndraw=40, logz=-11.49, remainder_fraction=13.1347%, Lmin=-0.49, Lmax=-0.02
11:23:13 [ultranest] [DEBUG] iteration=3352, ncalls=334982, regioncalls=17112280, ndraw=40, logz=-11.49, remainder_fraction=13.0904%, Lmin=-0.49, Lmax=-0.02
11:23:14 [ultranest] [DEBUG] iteration=3353, ncalls=335126, regioncalls=17123960, ndraw=40, logz=-11.49, remainder_fraction=13.0503%, Lmin=-0.49, Lmax=-0.02
11:23:16 [ultranest] [DEBUG] iteration=3354, ncalls=335802, regioncalls=17174640, ndraw=40, logz=-11.49, remainder_fraction=13.0070%, Lmin=-0.49, Lmax=-0.02
11:23:16 [ultranest] [DEBUG] iteration=3355, ncalls=336024, regioncalls=17191080, ndraw=40, logz=-11.49, remainder_fraction=12.9618%, Lmin=-0.49, Lmax=-0.02
11:23:17 [ultranest] [DEBUG] iteration=3356, ncalls=336216, regioncalls=17207040, ndraw=40, logz=-11.48, remainder_fraction=12.9120%, Lmin=-0.49, Lmax=-0.02
11:23:17 [ultranest] [DEBUG] iteration=3357, ncalls=336317, regioncalls=17214720, ndraw=40, logz=-11.48, remainder_fraction=12.8614%, Lmin=-0.49, Lmax=-0.02
11:23:17 [ultranest] [DEBUG] iteration=3358, ncalls=336410, regioncalls=17222440, ndraw=40, logz=-11.48, remainder_fraction=12.8217%, Lmin=-0.49, Lmax=-0.02
11:23:18 [ultranest] [DEBUG] iteration=3359, ncalls=336599, regioncalls=17239240, ndraw=40, logz=-11.48, remainder_fraction=12.7812%, Lmin=-0.49, Lmax=-0.02
11:23:18 [ultranest] [DEBUG] iteration=3360, ncalls=336943, regioncalls=17266000, ndraw=40, logz=-11.48, remainder_fraction=12.7316%, Lmin=-0.49, Lmax=-0.02
11:23:20 [ultranest] [DEBUG] iteration=3361, ncalls=337480, regioncalls=17305480, ndraw=40, logz=-11.48, remainder_fraction=12.6939%, Lmin=-0.49, Lmax=-0.02
11:23:20 [ultranest] [DEBUG] iteration=3362, ncalls=337533, regioncalls=17309520, ndraw=40, logz=-11.48, remainder_fraction=12.6528%, Lmin=-0.49, Lmax=-0.02
11:23:20 [ultranest] [DEBUG] iteration=3363, ncalls=337625, regioncalls=17316600, ndraw=40, logz=-11.48, remainder_fraction=12.6070%, Lmin=-0.49, Lmax=-0.02
11:23:22 [ultranest] [DEBUG] iteration=3364, ncalls=338209, regioncalls=17361720, ndraw=40, logz=-11.48, remainder_fraction=12.5597%, Lmin=-0.48, Lmax=-0.02
11:23:22 [ultranest] [DEBUG] iteration=3365, ncalls=338336, regioncalls=17372360, ndraw=40, logz=-11.48, remainder_fraction=12.5158%, Lmin=-0.48, Lmax=-0.02
11:23:23 [ultranest] [DEBUG] iteration=3366, ncalls=338396, regioncalls=17377000, ndraw=40, logz=-11.48, remainder_fraction=12.4719%, Lmin=-0.48, Lmax=-0.02
11:23:23 [ultranest] [DEBUG] iteration=3367, ncalls=338630, regioncalls=17393680, ndraw=40, logz=-11.48, remainder_fraction=12.4395%, Lmin=-0.48, Lmax=-0.02
11:23:24 [ultranest] [DEBUG] iteration=3368, ncalls=338838, regioncalls=17410400, ndraw=40, logz=-11.48, remainder_fraction=12.3937%, Lmin=-0.48, Lmax=-0.02
11:23:24 [ultranest] [DEBUG] iteration=3369, ncalls=339067, regioncalls=17428360, ndraw=40, logz=-11.48, remainder_fraction=12.3541%, Lmin=-0.48, Lmax=-0.02
11:23:25 [ultranest] [DEBUG] iteration=3370, ncalls=339166, regioncalls=17436520, ndraw=40, logz=-11.48, remainder_fraction=12.3064%, Lmin=-0.48, Lmax=-0.02
11:23:26 [ultranest] [DEBUG] iteration=3371, ncalls=339633, regioncalls=17470840, ndraw=40, logz=-11.48, remainder_fraction=12.2691%, Lmin=-0.47, Lmax=-0.02
11:23:26 [ultranest] [DEBUG] iteration=3372, ncalls=339749, regioncalls=17482040, ndraw=40, logz=-11.48, remainder_fraction=12.2223%, Lmin=-0.47, Lmax=-0.02
11:23:27 [ultranest] [DEBUG] iteration=3373, ncalls=340117, regioncalls=17509920, ndraw=40, logz=-11.48, remainder_fraction=12.1843%, Lmin=-0.47, Lmax=-0.02
11:23:28 [ultranest] [DEBUG] iteration=3374, ncalls=340515, regioncalls=17541200, ndraw=40, logz=-11.48, remainder_fraction=12.1465%, Lmin=-0.47, Lmax=-0.02
11:23:28 [ultranest] [DEBUG] iteration=3375, ncalls=340617, regioncalls=17549040, ndraw=40, logz=-11.48, remainder_fraction=12.1028%, Lmin=-0.47, Lmax=-0.02
11:23:28 [ultranest] [DEBUG] iteration=3376, ncalls=340725, regioncalls=17557920, ndraw=40, logz=-11.48, remainder_fraction=12.0570%, Lmin=-0.47, Lmax=-0.02
11:23:29 [ultranest] [DEBUG] iteration=3377, ncalls=340952, regioncalls=17576120, ndraw=40, logz=-11.47, remainder_fraction=12.0117%, Lmin=-0.47, Lmax=-0.02
11:23:29 [ultranest] [DEBUG] iteration=3378, ncalls=341017, regioncalls=17580240, ndraw=40, logz=-11.47, remainder_fraction=11.9654%, Lmin=-0.47, Lmax=-0.02
11:23:31 [ultranest] [DEBUG] iteration=3379, ncalls=341721, regioncalls=17632560, ndraw=40, logz=-11.47, remainder_fraction=11.9334%, Lmin=-0.46, Lmax=-0.02
11:23:31 [ultranest] [DEBUG] iteration=3380, ncalls=341865, regioncalls=17643520, ndraw=40, logz=-11.47, remainder_fraction=11.8951%, Lmin=-0.46, Lmax=-0.02
11:23:32 [ultranest] [DEBUG] iteration=3381, ncalls=342320, regioncalls=17678400, ndraw=40, logz=-11.47, remainder_fraction=11.8577%, Lmin=-0.46, Lmax=-0.02
11:23:33 [ultranest] [DEBUG] iteration=3382, ncalls=342439, regioncalls=17687480, ndraw=40, logz=-11.47, remainder_fraction=11.8112%, Lmin=-0.46, Lmax=-0.02
11:23:33 [ultranest] [DEBUG] iteration=3383, ncalls=342578, regioncalls=17699160, ndraw=40, logz=-11.47, remainder_fraction=11.7782%, Lmin=-0.46, Lmax=-0.02
11:23:34 [ultranest] [DEBUG] iteration=3384, ncalls=342775, regioncalls=17713040, ndraw=40, logz=-11.47, remainder_fraction=11.7322%, Lmin=-0.46, Lmax=-0.02
11:23:34 [ultranest] [DEBUG] iteration=3385, ncalls=342833, regioncalls=17717280, ndraw=40, logz=-11.47, remainder_fraction=11.6999%, Lmin=-0.46, Lmax=-0.02
11:23:35 [ultranest] [DEBUG] iteration=3386, ncalls=343241, regioncalls=17748760, ndraw=40, logz=-11.47, remainder_fraction=11.6539%, Lmin=-0.46, Lmax=-0.02
11:23:36 [ultranest] [DEBUG] iteration=3387, ncalls=343658, regioncalls=17779800, ndraw=40, logz=-11.47, remainder_fraction=11.6125%, Lmin=-0.46, Lmax=-0.02
11:23:36 [ultranest] [DEBUG] iteration=3388, ncalls=343734, regioncalls=17785320, ndraw=40, logz=-11.47, remainder_fraction=11.5784%, Lmin=-0.46, Lmax=-0.02
11:23:36 [ultranest] [DEBUG] iteration=3389, ncalls=343884, regioncalls=17795720, ndraw=40, logz=-11.47, remainder_fraction=11.5424%, Lmin=-0.46, Lmax=-0.02
11:23:37 [ultranest] [DEBUG] iteration=3390, ncalls=343946, regioncalls=17800720, ndraw=40, logz=-11.47, remainder_fraction=11.5045%, Lmin=-0.46, Lmax=-0.02
11:23:37 [ultranest] [DEBUG] iteration=3391, ncalls=344117, regioncalls=17808200, ndraw=40, logz=-11.47, remainder_fraction=11.4703%, Lmin=-0.45, Lmax=-0.02
11:23:38 [ultranest] [DEBUG] iteration=3392, ncalls=344282, regioncalls=17815760, ndraw=40, logz=-11.47, remainder_fraction=11.4295%, Lmin=-0.45, Lmax=-0.02
11:23:38 [ultranest] [DEBUG] iteration=3395, ncalls=344340, regioncalls=17818080, ndraw=40, logz=-11.47, remainder_fraction=11.3081%, Lmin=-0.45, Lmax=-0.02
11:23:38 [ultranest] [DEBUG] iteration=3397, ncalls=344378, regioncalls=17819600, ndraw=40, logz=-11.47, remainder_fraction=11.2306%, Lmin=-0.44, Lmax=-0.02
11:23:38 [ultranest] [DEBUG] iteration=3399, ncalls=344430, regioncalls=17822200, ndraw=40, logz=-11.46, remainder_fraction=11.1551%, Lmin=-0.44, Lmax=-0.02
11:23:38 [ultranest] [DEBUG] iteration=3400, ncalls=344470, regioncalls=17824440, ndraw=40, logz=-11.46, remainder_fraction=11.1144%, Lmin=-0.44, Lmax=-0.02
11:23:39 [ultranest] [DEBUG] iteration=3402, ncalls=344551, regioncalls=17827800, ndraw=40, logz=-11.46, remainder_fraction=11.0301%, Lmin=-0.44, Lmax=-0.02
11:23:39 [ultranest] [DEBUG] iteration=3404, ncalls=344712, regioncalls=17835040, ndraw=40, logz=-11.46, remainder_fraction=10.9507%, Lmin=-0.44, Lmax=-0.02
11:23:39 [ultranest] [DEBUG] iteration=3405, ncalls=344748, regioncalls=17836760, ndraw=40, logz=-11.46, remainder_fraction=10.9225%, Lmin=-0.44, Lmax=-0.02
11:23:39 [ultranest] [DEBUG] iteration=3407, ncalls=344835, regioncalls=17840800, ndraw=40, logz=-11.46, remainder_fraction=10.8520%, Lmin=-0.44, Lmax=-0.02
11:23:40 [ultranest] [DEBUG] iteration=3410, ncalls=344905, regioncalls=17843920, ndraw=40, logz=-11.46, remainder_fraction=10.7423%, Lmin=-0.43, Lmax=-0.02
11:23:40 [ultranest] [DEBUG] iteration=3411, ncalls=344948, regioncalls=17845880, ndraw=40, logz=-11.46, remainder_fraction=10.7054%, Lmin=-0.43, Lmax=-0.02
11:23:40 [ultranest] [DEBUG] iteration=3412, ncalls=345115, regioncalls=17853800, ndraw=40, logz=-11.46, remainder_fraction=10.6701%, Lmin=-0.43, Lmax=-0.02
11:23:40 [ultranest] [DEBUG] iteration=3414, ncalls=345221, regioncalls=17858840, ndraw=40, logz=-11.46, remainder_fraction=10.5894%, Lmin=-0.43, Lmax=-0.02
11:23:41 [ultranest] [DEBUG] iteration=3415, ncalls=345408, regioncalls=17867120, ndraw=40, logz=-11.46, remainder_fraction=10.5491%, Lmin=-0.43, Lmax=-0.02
11:23:41 [ultranest] [DEBUG] iteration=3416, ncalls=345610, regioncalls=17877480, ndraw=40, logz=-11.46, remainder_fraction=10.5143%, Lmin=-0.43, Lmax=-0.02
11:23:41 [ultranest] [DEBUG] iteration=3417, ncalls=345719, regioncalls=17881960, ndraw=40, logz=-11.46, remainder_fraction=10.4755%, Lmin=-0.43, Lmax=-0.02
11:23:42 [ultranest] [DEBUG] iteration=3419, ncalls=345813, regioncalls=17886040, ndraw=40, logz=-11.46, remainder_fraction=10.4010%, Lmin=-0.43, Lmax=-0.02
11:23:42 [ultranest] [DEBUG] iteration=3420, ncalls=345978, regioncalls=17893160, ndraw=40, logz=-11.46, remainder_fraction=10.3666%, Lmin=-0.43, Lmax=-0.02
11:23:42 [ultranest] [DEBUG] iteration=3421, ncalls=346062, regioncalls=17896520, ndraw=40, logz=-11.46, remainder_fraction=10.3300%, Lmin=-0.43, Lmax=-0.02
11:23:42 [ultranest] [DEBUG] iteration=3422, ncalls=346197, regioncalls=17902800, ndraw=40, logz=-11.46, remainder_fraction=10.3020%, Lmin=-0.43, Lmax=-0.02
11:23:43 [ultranest] [DEBUG] iteration=3423, ncalls=346265, regioncalls=17906480, ndraw=40, logz=-11.45, remainder_fraction=10.2617%, Lmin=-0.43, Lmax=-0.02
11:23:43 [ultranest] [DEBUG] iteration=3424, ncalls=346340, regioncalls=17909680, ndraw=40, logz=-11.45, remainder_fraction=10.2258%, Lmin=-0.43, Lmax=-0.02
11:23:43 [ultranest] [DEBUG] iteration=3425, ncalls=346758, regioncalls=17928920, ndraw=40, logz=-11.45, remainder_fraction=10.1913%, Lmin=-0.43, Lmax=-0.02
11:23:44 [ultranest] [DEBUG] iteration=3427, ncalls=347014, regioncalls=17941520, ndraw=40, logz=-11.45, remainder_fraction=10.1199%, Lmin=-0.42, Lmax=-0.02
11:23:44 [ultranest] [DEBUG] iteration=3428, ncalls=347111, regioncalls=17945840, ndraw=40, logz=-11.45, remainder_fraction=10.0846%, Lmin=-0.42, Lmax=-0.02
11:23:44 [ultranest] [DEBUG] iteration=3430, ncalls=347289, regioncalls=17953040, ndraw=40, logz=-11.45, remainder_fraction=10.0115%, Lmin=-0.42, Lmax=-0.02
11:23:45 [ultranest] [DEBUG] iteration=3432, ncalls=347400, regioncalls=17958320, ndraw=40, logz=-11.45, remainder_fraction=9.9411%, Lmin=-0.42, Lmax=-0.02
11:23:45 [ultranest] [DEBUG] iteration=3433, ncalls=347456, regioncalls=17961080, ndraw=40, logz=-11.45, remainder_fraction=9.9030%, Lmin=-0.41, Lmax=-0.02
11:23:45 [ultranest] [DEBUG] iteration=3434, ncalls=347522, regioncalls=17964040, ndraw=40, logz=-11.45, remainder_fraction=9.8744%, Lmin=-0.41, Lmax=-0.02
11:23:45 [ultranest] [DEBUG] iteration=3435, ncalls=347574, regioncalls=17966160, ndraw=40, logz=-11.45, remainder_fraction=9.8355%, Lmin=-0.41, Lmax=-0.02
11:23:45 [ultranest] [DEBUG] iteration=3436, ncalls=347745, regioncalls=17973760, ndraw=40, logz=-11.45, remainder_fraction=9.8002%, Lmin=-0.41, Lmax=-0.02
11:23:46 [ultranest] [DEBUG] iteration=3437, ncalls=347814, regioncalls=17976960, ndraw=40, logz=-11.45, remainder_fraction=9.7632%, Lmin=-0.41, Lmax=-0.02
11:23:46 [ultranest] [DEBUG] iteration=3438, ncalls=347852, regioncalls=17978480, ndraw=40, logz=-11.45, remainder_fraction=9.7284%, Lmin=-0.41, Lmax=-0.02
11:23:46 [ultranest] [DEBUG] iteration=3441, ncalls=347908, regioncalls=17981080, ndraw=40, logz=-11.45, remainder_fraction=9.6385%, Lmin=-0.41, Lmax=-0.02
11:23:46 [ultranest] [DEBUG] iteration=3443, ncalls=347967, regioncalls=17984040, ndraw=40, logz=-11.45, remainder_fraction=9.5705%, Lmin=-0.41, Lmax=-0.02
11:23:46 [ultranest] [DEBUG] iteration=3444, ncalls=348178, regioncalls=17994480, ndraw=40, logz=-11.45, remainder_fraction=9.5326%, Lmin=-0.41, Lmax=-0.02
11:23:46 [ultranest] [DEBUG] iteration=3446, ncalls=348227, regioncalls=17996560, ndraw=40, logz=-11.45, remainder_fraction=9.4772%, Lmin=-0.41, Lmax=-0.02
11:23:47 [ultranest] [DEBUG] iteration=3447, ncalls=348303, regioncalls=17999720, ndraw=40, logz=-11.45, remainder_fraction=9.4424%, Lmin=-0.41, Lmax=-0.02
11:23:47 [ultranest] [DEBUG] iteration=3449, ncalls=348392, regioncalls=18004080, ndraw=40, logz=-11.45, remainder_fraction=9.3739%, Lmin=-0.41, Lmax=-0.02
11:23:47 [ultranest] [DEBUG] iteration=3450, ncalls=348466, regioncalls=18007680, ndraw=40, logz=-11.44, remainder_fraction=9.3379%, Lmin=-0.40, Lmax=-0.02
11:23:47 [ultranest] [DEBUG] iteration=3451, ncalls=348516, regioncalls=18010080, ndraw=40, logz=-11.44, remainder_fraction=9.3064%, Lmin=-0.40, Lmax=-0.02
11:23:48 [ultranest] [DEBUG] iteration=3452, ncalls=348620, regioncalls=18014880, ndraw=40, logz=-11.44, remainder_fraction=9.2748%, Lmin=-0.40, Lmax=-0.02
11:23:48 [ultranest] [DEBUG] iteration=3453, ncalls=348906, regioncalls=18028600, ndraw=40, logz=-11.44, remainder_fraction=9.2469%, Lmin=-0.40, Lmax=-0.02
11:23:48 [ultranest] [DEBUG] iteration=3454, ncalls=348977, regioncalls=18032000, ndraw=40, logz=-11.44, remainder_fraction=9.2178%, Lmin=-0.40, Lmax=-0.02
11:23:49 [ultranest] [DEBUG] iteration=3456, ncalls=349122, regioncalls=18039160, ndraw=40, logz=-11.44, remainder_fraction=9.1516%, Lmin=-0.40, Lmax=-0.02
11:23:49 [ultranest] [DEBUG] iteration=3457, ncalls=349309, regioncalls=18047720, ndraw=40, logz=-11.44, remainder_fraction=9.1171%, Lmin=-0.39, Lmax=-0.02
11:23:50 [ultranest] [DEBUG] iteration=3459, ncalls=349488, regioncalls=18055440, ndraw=40, logz=-11.44, remainder_fraction=9.0552%, Lmin=-0.39, Lmax=-0.02
11:23:50 [ultranest] [DEBUG] iteration=3460, ncalls=349597, regioncalls=18060560, ndraw=40, logz=-11.44, remainder_fraction=9.0204%, Lmin=-0.39, Lmax=-0.02
11:23:50 [ultranest] [DEBUG] iteration=3462, ncalls=349841, regioncalls=18072160, ndraw=40, logz=-11.44, remainder_fraction=8.9585%, Lmin=-0.39, Lmax=-0.02
11:23:51 [ultranest] [DEBUG] iteration=3465, ncalls=350030, regioncalls=18080840, ndraw=40, logz=-11.44, remainder_fraction=8.8555%, Lmin=-0.39, Lmax=-0.02
11:23:51 [ultranest] [DEBUG] iteration=3466, ncalls=350097, regioncalls=18084120, ndraw=40, logz=-11.44, remainder_fraction=8.8301%, Lmin=-0.39, Lmax=-0.02
11:23:51 [ultranest] [DEBUG] iteration=3468, ncalls=350163, regioncalls=18087280, ndraw=40, logz=-11.44, remainder_fraction=8.7629%, Lmin=-0.39, Lmax=-0.02
11:23:52 [ultranest] [DEBUG] iteration=3469, ncalls=350241, regioncalls=18090880, ndraw=40, logz=-11.44, remainder_fraction=8.7302%, Lmin=-0.39, Lmax=-0.02
11:23:52 [ultranest] [DEBUG] iteration=3470, ncalls=350477, regioncalls=18101680, ndraw=40, logz=-11.44, remainder_fraction=8.6987%, Lmin=-0.39, Lmax=-0.02
11:23:52 [ultranest] [DEBUG] iteration=3472, ncalls=350637, regioncalls=18108960, ndraw=40, logz=-11.44, remainder_fraction=8.6360%, Lmin=-0.39, Lmax=-0.02
11:23:52 [ultranest] [DEBUG] iteration=3473, ncalls=350701, regioncalls=18111880, ndraw=40, logz=-11.44, remainder_fraction=8.6036%, Lmin=-0.38, Lmax=-0.02
11:23:53 [ultranest] [DEBUG] iteration=3474, ncalls=351050, regioncalls=18127480, ndraw=40, logz=-11.44, remainder_fraction=8.5716%, Lmin=-0.38, Lmax=-0.02
11:23:54 [ultranest] [DEBUG] iteration=3475, ncalls=351106, regioncalls=18130360, ndraw=40, logz=-11.44, remainder_fraction=8.5377%, Lmin=-0.38, Lmax=-0.02
11:23:54 [ultranest] [DEBUG] iteration=3476, ncalls=351179, regioncalls=18133880, ndraw=40, logz=-11.44, remainder_fraction=8.5048%, Lmin=-0.38, Lmax=-0.02
11:23:54 [ultranest] [DEBUG] iteration=3477, ncalls=351240, regioncalls=18136680, ndraw=40, logz=-11.44, remainder_fraction=8.4773%, Lmin=-0.38, Lmax=-0.02
11:23:54 [ultranest] [DEBUG] iteration=3478, ncalls=351292, regioncalls=18138960, ndraw=40, logz=-11.44, remainder_fraction=8.4449%, Lmin=-0.38, Lmax=-0.02
11:23:54 [ultranest] [DEBUG] iteration=3480, ncalls=351343, regioncalls=18141360, ndraw=40, logz=-11.43, remainder_fraction=8.3895%, Lmin=-0.38, Lmax=-0.02
11:23:55 [ultranest] [DEBUG] iteration=3482, ncalls=351553, regioncalls=18150400, ndraw=40, logz=-11.43, remainder_fraction=8.3283%, Lmin=-0.38, Lmax=-0.02
11:23:55 [ultranest] [DEBUG] iteration=3484, ncalls=351615, regioncalls=18153400, ndraw=40, logz=-11.43, remainder_fraction=8.2624%, Lmin=-0.37, Lmax=-0.02
11:23:56 [ultranest] [DEBUG] iteration=3485, ncalls=351948, regioncalls=18168640, ndraw=40, logz=-11.43, remainder_fraction=8.2321%, Lmin=-0.37, Lmax=-0.02
11:23:56 [ultranest] [DEBUG] iteration=3486, ncalls=352066, regioncalls=18173680, ndraw=40, logz=-11.43, remainder_fraction=8.2000%, Lmin=-0.37, Lmax=-0.02
11:23:56 [ultranest] [DEBUG] iteration=3488, ncalls=352141, regioncalls=18177200, ndraw=40, logz=-11.43, remainder_fraction=8.1402%, Lmin=-0.37, Lmax=-0.02
11:23:56 [ultranest] [DEBUG] iteration=3489, ncalls=352318, regioncalls=18185040, ndraw=40, logz=-11.43, remainder_fraction=8.1117%, Lmin=-0.37, Lmax=-0.02
11:23:57 [ultranest] [DEBUG] iteration=3490, ncalls=352399, regioncalls=18189120, ndraw=40, logz=-11.43, remainder_fraction=8.0847%, Lmin=-0.37, Lmax=-0.02
11:23:57 [ultranest] [DEBUG] iteration=3491, ncalls=352429, regioncalls=18190480, ndraw=40, logz=-11.43, remainder_fraction=8.0542%, Lmin=-0.37, Lmax=-0.02
11:23:58 [ultranest] [DEBUG] iteration=3492, ncalls=352719, regioncalls=18203440, ndraw=40, logz=-11.43, remainder_fraction=8.0244%, Lmin=-0.37, Lmax=-0.02
11:23:58 [ultranest] [DEBUG] iteration=3493, ncalls=352759, regioncalls=18205040, ndraw=40, logz=-11.43, remainder_fraction=7.9951%, Lmin=-0.37, Lmax=-0.02
11:23:58 [ultranest] [DEBUG] iteration=3494, ncalls=352955, regioncalls=18214800, ndraw=40, logz=-11.43, remainder_fraction=7.9636%, Lmin=-0.37, Lmax=-0.02
11:23:58 [ultranest] [DEBUG] iteration=3496, ncalls=353081, regioncalls=18220440, ndraw=40, logz=-11.43, remainder_fraction=7.9119%, Lmin=-0.37, Lmax=-0.02
11:23:59 [ultranest] [DEBUG] iteration=3498, ncalls=353171, regioncalls=18224280, ndraw=40, logz=-11.43, remainder_fraction=7.8547%, Lmin=-0.36, Lmax=-0.02
11:23:59 [ultranest] [DEBUG] iteration=3500, ncalls=353246, regioncalls=18227640, ndraw=40, logz=-11.43, remainder_fraction=7.7932%, Lmin=-0.36, Lmax=-0.02
11:23:59 [ultranest] [DEBUG] iteration=3502, ncalls=353387, regioncalls=18233560, ndraw=40, logz=-11.43, remainder_fraction=7.7348%, Lmin=-0.36, Lmax=-0.02
11:23:59 [ultranest] [DEBUG] iteration=3503, ncalls=353407, regioncalls=18234440, ndraw=40, logz=-11.43, remainder_fraction=7.7093%, Lmin=-0.36, Lmax=-0.02
11:23:59 [ultranest] [DEBUG] iteration=3505, ncalls=353436, regioncalls=18236360, ndraw=40, logz=-11.43, remainder_fraction=7.6517%, Lmin=-0.36, Lmax=-0.02
11:24:00 [ultranest] [DEBUG] iteration=3507, ncalls=353510, regioncalls=18240040, ndraw=40, logz=-11.43, remainder_fraction=7.5975%, Lmin=-0.35, Lmax=-0.02
11:24:00 [ultranest] [DEBUG] iteration=3508, ncalls=353640, regioncalls=18247400, ndraw=40, logz=-11.43, remainder_fraction=7.5695%, Lmin=-0.35, Lmax=-0.02
11:24:00 [ultranest] [DEBUG] iteration=3509, ncalls=353707, regioncalls=18251000, ndraw=40, logz=-11.43, remainder_fraction=7.5444%, Lmin=-0.35, Lmax=-0.02
11:24:00 [ultranest] [DEBUG] iteration=3510, ncalls=353740, regioncalls=18252560, ndraw=40, logz=-11.43, remainder_fraction=7.5197%, Lmin=-0.35, Lmax=-0.02
11:24:00 [ultranest] [DEBUG] iteration=3511, ncalls=353772, regioncalls=18254200, ndraw=40, logz=-11.42, remainder_fraction=7.4912%, Lmin=-0.35, Lmax=-0.02
11:24:01 [ultranest] [DEBUG] iteration=3514, ncalls=353820, regioncalls=18256560, ndraw=40, logz=-11.42, remainder_fraction=7.4187%, Lmin=-0.35, Lmax=-0.02
11:24:01 [ultranest] [DEBUG] iteration=3516, ncalls=353996, regioncalls=18266080, ndraw=40, logz=-11.42, remainder_fraction=7.3681%, Lmin=-0.35, Lmax=-0.02
11:24:02 [ultranest] [DEBUG] iteration=3517, ncalls=354250, regioncalls=18279360, ndraw=40, logz=-11.42, remainder_fraction=7.3401%, Lmin=-0.35, Lmax=-0.02
11:24:02 [ultranest] [DEBUG] iteration=3518, ncalls=354474, regioncalls=18291440, ndraw=40, logz=-11.42, remainder_fraction=7.3184%, Lmin=-0.35, Lmax=-0.02
11:24:03 [ultranest] [DEBUG] iteration=3519, ncalls=354517, regioncalls=18293640, ndraw=40, logz=-11.42, remainder_fraction=7.2960%, Lmin=-0.35, Lmax=-0.02
11:24:03 [ultranest] [DEBUG] iteration=3520, ncalls=354605, regioncalls=18298680, ndraw=40, logz=-11.42, remainder_fraction=7.2685%, Lmin=-0.35, Lmax=-0.02
11:24:03 [ultranest] [DEBUG] iteration=3522, ncalls=354640, regioncalls=18300880, ndraw=40, logz=-11.42, remainder_fraction=7.2184%, Lmin=-0.35, Lmax=-0.02
11:24:03 [ultranest] [DEBUG] iteration=3523, ncalls=354705, regioncalls=18304040, ndraw=40, logz=-11.42, remainder_fraction=7.1948%, Lmin=-0.35, Lmax=-0.02
11:24:03 [ultranest] [DEBUG] iteration=3524, ncalls=354793, regioncalls=18309880, ndraw=40, logz=-11.42, remainder_fraction=7.1707%, Lmin=-0.34, Lmax=-0.02
11:24:03 [ultranest] [DEBUG] iteration=3526, ncalls=354854, regioncalls=18313040, ndraw=40, logz=-11.42, remainder_fraction=7.1191%, Lmin=-0.34, Lmax=-0.02
11:24:04 [ultranest] [DEBUG] iteration=3527, ncalls=354946, regioncalls=18317480, ndraw=40, logz=-11.42, remainder_fraction=7.0920%, Lmin=-0.34, Lmax=-0.02
11:24:05 [ultranest] [DEBUG] iteration=3529, ncalls=355278, regioncalls=18334440, ndraw=40, logz=-11.42, remainder_fraction=7.0388%, Lmin=-0.34, Lmax=-0.02
11:24:05 [ultranest] [DEBUG] iteration=3530, ncalls=355329, regioncalls=18337720, ndraw=40, logz=-11.42, remainder_fraction=7.0147%, Lmin=-0.34, Lmax=-0.02
11:24:05 [ultranest] [DEBUG] iteration=3532, ncalls=355476, regioncalls=18345480, ndraw=40, logz=-11.42, remainder_fraction=6.9625%, Lmin=-0.34, Lmax=-0.02
11:24:06 [ultranest] [DEBUG] iteration=3533, ncalls=355573, regioncalls=18350760, ndraw=40, logz=-11.42, remainder_fraction=6.9349%, Lmin=-0.34, Lmax=-0.02
11:24:06 [ultranest] [DEBUG] iteration=3534, ncalls=355785, regioncalls=18362320, ndraw=40, logz=-11.42, remainder_fraction=6.9094%, Lmin=-0.34, Lmax=-0.02
11:24:07 [ultranest] [DEBUG] iteration=3536, ncalls=356119, regioncalls=18381160, ndraw=40, logz=-11.42, remainder_fraction=6.8634%, Lmin=-0.34, Lmax=-0.02
11:24:07 [ultranest] [DEBUG] iteration=3537, ncalls=356297, regioncalls=18390960, ndraw=40, logz=-11.42, remainder_fraction=6.8431%, Lmin=-0.34, Lmax=-0.02
11:24:08 [ultranest] [DEBUG] iteration=3538, ncalls=356481, regioncalls=18401200, ndraw=40, logz=-11.42, remainder_fraction=6.8185%, Lmin=-0.34, Lmax=-0.02
11:24:08 [ultranest] [DEBUG] iteration=3540, ncalls=356532, regioncalls=18404480, ndraw=40, logz=-11.42, remainder_fraction=6.7684%, Lmin=-0.33, Lmax=-0.02
11:24:08 [ultranest] [DEBUG] iteration=3542, ncalls=356681, regioncalls=18412160, ndraw=40, logz=-11.42, remainder_fraction=6.7179%, Lmin=-0.33, Lmax=-0.02
11:24:09 [ultranest] [DEBUG] iteration=3543, ncalls=356914, regioncalls=18424240, ndraw=40, logz=-11.42, remainder_fraction=6.6914%, Lmin=-0.33, Lmax=-0.02
11:24:09 [ultranest] [DEBUG] iteration=3545, ncalls=357012, regioncalls=18429360, ndraw=40, logz=-11.42, remainder_fraction=6.6397%, Lmin=-0.33, Lmax=-0.02
11:24:10 [ultranest] [DEBUG] iteration=3546, ncalls=357109, regioncalls=18434560, ndraw=40, logz=-11.42, remainder_fraction=6.6156%, Lmin=-0.33, Lmax=-0.02
11:24:10 [ultranest] [DEBUG] iteration=3547, ncalls=357248, regioncalls=18442800, ndraw=40, logz=-11.42, remainder_fraction=6.5955%, Lmin=-0.33, Lmax=-0.02
11:24:11 [ultranest] [DEBUG] iteration=3548, ncalls=357406, regioncalls=18451800, ndraw=40, logz=-11.41, remainder_fraction=6.5722%, Lmin=-0.33, Lmax=-0.02
11:24:11 [ultranest] [DEBUG] iteration=3549, ncalls=357488, regioncalls=18456280, ndraw=40, logz=-11.41, remainder_fraction=6.5473%, Lmin=-0.33, Lmax=-0.02
11:24:11 [ultranest] [DEBUG] iteration=3551, ncalls=357566, regioncalls=18460240, ndraw=40, logz=-11.41, remainder_fraction=6.4958%, Lmin=-0.32, Lmax=-0.02
11:24:11 [ultranest] [DEBUG] iteration=3554, ncalls=357645, regioncalls=18464200, ndraw=40, logz=-11.41, remainder_fraction=6.4277%, Lmin=-0.32, Lmax=-0.02
11:24:12 [ultranest] [DEBUG] iteration=3555, ncalls=357770, regioncalls=18471960, ndraw=40, logz=-11.41, remainder_fraction=6.4048%, Lmin=-0.32, Lmax=-0.02
11:24:12 [ultranest] [DEBUG] iteration=3557, ncalls=357825, regioncalls=18474760, ndraw=40, logz=-11.41, remainder_fraction=6.3611%, Lmin=-0.32, Lmax=-0.02
11:24:12 [ultranest] [DEBUG] iteration=3559, ncalls=358030, regioncalls=18485800, ndraw=40, logz=-11.41, remainder_fraction=6.3128%, Lmin=-0.32, Lmax=-0.02
11:24:13 [ultranest] [DEBUG] iteration=3560, ncalls=358175, regioncalls=18492960, ndraw=40, logz=-11.41, remainder_fraction=6.2914%, Lmin=-0.32, Lmax=-0.02
11:24:13 [ultranest] [DEBUG] iteration=3561, ncalls=358354, regioncalls=18503120, ndraw=40, logz=-11.41, remainder_fraction=6.2699%, Lmin=-0.32, Lmax=-0.02
11:24:13 [ultranest] [DEBUG] iteration=3562, ncalls=358404, regioncalls=18505560, ndraw=40, logz=-11.41, remainder_fraction=6.2458%, Lmin=-0.32, Lmax=-0.02
11:24:14 [ultranest] [DEBUG] iteration=3563, ncalls=358486, regioncalls=18509720, ndraw=40, logz=-11.41, remainder_fraction=6.2224%, Lmin=-0.31, Lmax=-0.02
11:24:14 [ultranest] [DEBUG] iteration=3564, ncalls=358601, regioncalls=18516760, ndraw=40, logz=-11.41, remainder_fraction=6.1991%, Lmin=-0.31, Lmax=-0.02
11:24:14 [ultranest] [DEBUG] iteration=3567, ncalls=358673, regioncalls=18520440, ndraw=40, logz=-11.41, remainder_fraction=6.1360%, Lmin=-0.31, Lmax=-0.02
11:24:15 [ultranest] [DEBUG] iteration=3568, ncalls=359032, regioncalls=18540080, ndraw=40, logz=-11.41, remainder_fraction=6.1164%, Lmin=-0.31, Lmax=-0.02
11:24:15 [ultranest] [DEBUG] iteration=3571, ncalls=359161, regioncalls=18546640, ndraw=40, logz=-11.41, remainder_fraction=6.0544%, Lmin=-0.31, Lmax=-0.02
11:24:16 [ultranest] [DEBUG] iteration=3572, ncalls=359217, regioncalls=18549880, ndraw=40, logz=-11.41, remainder_fraction=6.0320%, Lmin=-0.31, Lmax=-0.02
11:24:16 [ultranest] [DEBUG] iteration=3573, ncalls=359290, regioncalls=18554080, ndraw=40, logz=-11.41, remainder_fraction=6.0086%, Lmin=-0.31, Lmax=-0.02
11:24:17 [ultranest] [DEBUG] iteration=3575, ncalls=359698, regioncalls=18577800, ndraw=40, logz=-11.41, remainder_fraction=5.9650%, Lmin=-0.31, Lmax=-0.02
11:24:17 [ultranest] [DEBUG] iteration=3576, ncalls=359816, regioncalls=18584480, ndraw=40, logz=-11.41, remainder_fraction=5.9448%, Lmin=-0.31, Lmax=-0.02
11:24:18 [ultranest] [DEBUG] iteration=3577, ncalls=359988, regioncalls=18593080, ndraw=40, logz=-11.41, remainder_fraction=5.9230%, Lmin=-0.31, Lmax=-0.02
11:24:18 [ultranest] [DEBUG] iteration=3578, ncalls=360136, regioncalls=18600840, ndraw=40, logz=-11.41, remainder_fraction=5.9036%, Lmin=-0.31, Lmax=-0.02
11:24:18 [ultranest] [DEBUG] iteration=3579, ncalls=360183, regioncalls=18603920, ndraw=40, logz=-11.41, remainder_fraction=5.8832%, Lmin=-0.31, Lmax=-0.02
11:24:19 [ultranest] [DEBUG] iteration=3580, ncalls=360490, regioncalls=18619600, ndraw=40, logz=-11.41, remainder_fraction=5.8629%, Lmin=-0.31, Lmax=-0.02
11:24:19 [ultranest] [DEBUG] iteration=3582, ncalls=360539, regioncalls=18622280, ndraw=40, logz=-11.41, remainder_fraction=5.8231%, Lmin=-0.30, Lmax=-0.02
11:24:19 [ultranest] [DEBUG] iteration=3583, ncalls=360589, regioncalls=18624920, ndraw=40, logz=-11.41, remainder_fraction=5.8031%, Lmin=-0.30, Lmax=-0.02
11:24:19 [ultranest] [DEBUG] iteration=3584, ncalls=360632, regioncalls=18627360, ndraw=40, logz=-11.41, remainder_fraction=5.7819%, Lmin=-0.30, Lmax=-0.02
11:24:20 [ultranest] [DEBUG] iteration=3587, ncalls=360684, regioncalls=18630120, ndraw=40, logz=-11.41, remainder_fraction=5.7169%, Lmin=-0.30, Lmax=-0.02
11:24:20 [ultranest] [DEBUG] iteration=3588, ncalls=360792, regioncalls=18636360, ndraw=40, logz=-11.41, remainder_fraction=5.6973%, Lmin=-0.30, Lmax=-0.02
11:24:20 [ultranest] [DEBUG] iteration=3589, ncalls=360841, regioncalls=18638760, ndraw=40, logz=-11.41, remainder_fraction=5.6768%, Lmin=-0.30, Lmax=-0.02
11:24:20 [ultranest] [DEBUG] iteration=3590, ncalls=360949, regioncalls=18645040, ndraw=40, logz=-11.40, remainder_fraction=5.6578%, Lmin=-0.30, Lmax=-0.02
11:24:21 [ultranest] [DEBUG] iteration=3592, ncalls=361107, regioncalls=18653720, ndraw=40, logz=-11.40, remainder_fraction=5.6170%, Lmin=-0.30, Lmax=-0.02
11:24:21 [ultranest] [DEBUG] iteration=3593, ncalls=361288, regioncalls=18662960, ndraw=40, logz=-11.40, remainder_fraction=5.5970%, Lmin=-0.30, Lmax=-0.02
11:24:21 [ultranest] [DEBUG] iteration=3594, ncalls=361328, regioncalls=18664920, ndraw=40, logz=-11.40, remainder_fraction=5.5784%, Lmin=-0.30, Lmax=-0.02
11:24:21 [ultranest] [DEBUG] iteration=3595, ncalls=361449, regioncalls=18671360, ndraw=40, logz=-11.40, remainder_fraction=5.5563%, Lmin=-0.30, Lmax=-0.02
11:24:22 [ultranest] [DEBUG] iteration=3596, ncalls=361489, regioncalls=18673600, ndraw=40, logz=-11.40, remainder_fraction=5.5361%, Lmin=-0.30, Lmax=-0.02
11:24:22 [ultranest] [DEBUG] iteration=3598, ncalls=361517, regioncalls=18675520, ndraw=40, logz=-11.40, remainder_fraction=5.5006%, Lmin=-0.30, Lmax=-0.02
11:24:22 [ultranest] [DEBUG] iteration=3599, ncalls=361913, regioncalls=18698520, ndraw=40, logz=-11.40, remainder_fraction=5.4789%, Lmin=-0.29, Lmax=-0.02
11:24:23 [ultranest] [DEBUG] iteration=3600, ncalls=362039, regioncalls=18705880, ndraw=40, logz=-11.40, remainder_fraction=5.4575%, Lmin=-0.29, Lmax=-0.02
11:24:23 [ultranest] [DEBUG] iteration=3601, ncalls=362337, regioncalls=18722400, ndraw=40, logz=-11.40, remainder_fraction=5.4366%, Lmin=-0.29, Lmax=-0.02
11:24:23 [ultranest] [DEBUG] iteration=3602, ncalls=362460, regioncalls=18728440, ndraw=40, logz=-11.40, remainder_fraction=5.4158%, Lmin=-0.29, Lmax=-0.02
11:24:24 [ultranest] [DEBUG] iteration=3603, ncalls=362522, regioncalls=18731480, ndraw=40, logz=-11.40, remainder_fraction=5.3964%, Lmin=-0.29, Lmax=-0.02
11:24:24 [ultranest] [DEBUG] iteration=3604, ncalls=362588, regioncalls=18735360, ndraw=40, logz=-11.40, remainder_fraction=5.3767%, Lmin=-0.29, Lmax=-0.02
11:24:24 [ultranest] [DEBUG] iteration=3607, ncalls=362652, regioncalls=18738960, ndraw=40, logz=-11.40, remainder_fraction=5.3205%, Lmin=-0.29, Lmax=-0.02
11:24:25 [ultranest] [DEBUG] iteration=3608, ncalls=362874, regioncalls=18751240, ndraw=40, logz=-11.40, remainder_fraction=5.2999%, Lmin=-0.29, Lmax=-0.02
11:24:26 [ultranest] [DEBUG] iteration=3609, ncalls=363234, regioncalls=18771880, ndraw=40, logz=-11.40, remainder_fraction=5.2796%, Lmin=-0.29, Lmax=-0.02
11:24:26 [ultranest] [DEBUG] iteration=3610, ncalls=363290, regioncalls=18774680, ndraw=40, logz=-11.40, remainder_fraction=5.2605%, Lmin=-0.29, Lmax=-0.02
11:24:26 [ultranest] [DEBUG] iteration=3611, ncalls=363344, regioncalls=18778000, ndraw=40, logz=-11.40, remainder_fraction=5.2424%, Lmin=-0.29, Lmax=-0.02
11:24:27 [ultranest] [DEBUG] iteration=3612, ncalls=363484, regioncalls=18785800, ndraw=40, logz=-11.40, remainder_fraction=5.2231%, Lmin=-0.29, Lmax=-0.02
11:24:27 [ultranest] [DEBUG] iteration=3613, ncalls=363525, regioncalls=18787560, ndraw=40, logz=-11.40, remainder_fraction=5.2024%, Lmin=-0.29, Lmax=-0.02
11:24:27 [ultranest] [DEBUG] iteration=3614, ncalls=363597, regioncalls=18791160, ndraw=40, logz=-11.40, remainder_fraction=5.1824%, Lmin=-0.29, Lmax=-0.02
11:24:27 [ultranest] [DEBUG] iteration=3615, ncalls=363609, regioncalls=18791680, ndraw=40, logz=-11.40, remainder_fraction=5.1633%, Lmin=-0.29, Lmax=-0.02
11:24:28 [ultranest] [DEBUG] iteration=3616, ncalls=363749, regioncalls=18799160, ndraw=40, logz=-11.40, remainder_fraction=5.1440%, Lmin=-0.29, Lmax=-0.02
11:24:28 [ultranest] [DEBUG] iteration=3617, ncalls=363825, regioncalls=18803760, ndraw=40, logz=-11.40, remainder_fraction=5.1256%, Lmin=-0.29, Lmax=-0.02
11:24:28 [ultranest] [DEBUG] iteration=3618, ncalls=363905, regioncalls=18808520, ndraw=40, logz=-11.40, remainder_fraction=5.1071%, Lmin=-0.29, Lmax=-0.02
11:24:29 [ultranest] [DEBUG] iteration=3619, ncalls=363964, regioncalls=18812040, ndraw=40, logz=-11.40, remainder_fraction=5.0914%, Lmin=-0.29, Lmax=-0.02
11:24:29 [ultranest] [DEBUG] iteration=3620, ncalls=364106, regioncalls=18820520, ndraw=40, logz=-11.40, remainder_fraction=5.0719%, Lmin=-0.28, Lmax=-0.02
11:24:29 [ultranest] [DEBUG] iteration=3621, ncalls=364126, regioncalls=18822000, ndraw=40, logz=-11.40, remainder_fraction=5.0542%, Lmin=-0.28, Lmax=-0.02
11:24:29 [ultranest] [DEBUG] iteration=3623, ncalls=364183, regioncalls=18825280, ndraw=40, logz=-11.40, remainder_fraction=5.0150%, Lmin=-0.28, Lmax=-0.02
11:24:30 [ultranest] [DEBUG] iteration=3624, ncalls=364280, regioncalls=18830920, ndraw=40, logz=-11.40, remainder_fraction=4.9993%, Lmin=-0.28, Lmax=-0.02
11:24:30 [ultranest] [DEBUG] iteration=3625, ncalls=364443, regioncalls=18840080, ndraw=40, logz=-11.40, remainder_fraction=4.9798%, Lmin=-0.28, Lmax=-0.02
11:24:31 [ultranest] [DEBUG] iteration=3626, ncalls=364752, regioncalls=18856960, ndraw=40, logz=-11.40, remainder_fraction=4.9623%, Lmin=-0.28, Lmax=-0.02
11:24:31 [ultranest] [DEBUG] iteration=3627, ncalls=364917, regioncalls=18865960, ndraw=40, logz=-11.40, remainder_fraction=4.9459%, Lmin=-0.28, Lmax=-0.02
11:24:32 [ultranest] [DEBUG] iteration=3628, ncalls=365202, regioncalls=18882200, ndraw=40, logz=-11.40, remainder_fraction=4.9276%, Lmin=-0.28, Lmax=-0.02
11:24:32 [ultranest] [DEBUG] iteration=3629, ncalls=365323, regioncalls=18889280, ndraw=40, logz=-11.40, remainder_fraction=4.9092%, Lmin=-0.28, Lmax=-0.02
11:24:32 [ultranest] [DEBUG] iteration=3631, ncalls=365482, regioncalls=18897880, ndraw=40, logz=-11.40, remainder_fraction=4.8743%, Lmin=-0.28, Lmax=-0.02
11:24:33 [ultranest] [DEBUG] iteration=3632, ncalls=365639, regioncalls=18906280, ndraw=40, logz=-11.40, remainder_fraction=4.8565%, Lmin=-0.28, Lmax=-0.02
11:24:33 [ultranest] [DEBUG] iteration=3634, ncalls=365740, regioncalls=18911520, ndraw=40, logz=-11.40, remainder_fraction=4.8204%, Lmin=-0.28, Lmax=-0.02
11:24:34 [ultranest] [DEBUG] iteration=3636, ncalls=366049, regioncalls=18928960, ndraw=40, logz=-11.40, remainder_fraction=4.7845%, Lmin=-0.28, Lmax=-0.02
11:24:36 [ultranest] [DEBUG] iteration=3637, ncalls=366676, regioncalls=18966040, ndraw=40, logz=-11.40, remainder_fraction=4.7677%, Lmin=-0.28, Lmax=-0.02
11:24:36 [ultranest] [DEBUG] iteration=3638, ncalls=366744, regioncalls=18969880, ndraw=40, logz=-11.40, remainder_fraction=4.7506%, Lmin=-0.28, Lmax=-0.02
11:24:36 [ultranest] [DEBUG] iteration=3639, ncalls=366767, regioncalls=18971280, ndraw=40, logz=-11.40, remainder_fraction=4.7347%, Lmin=-0.27, Lmax=-0.02
11:24:37 [ultranest] [DEBUG] iteration=3642, ncalls=366884, regioncalls=18977520, ndraw=40, logz=-11.39, remainder_fraction=4.6817%, Lmin=-0.27, Lmax=-0.02
11:24:37 [ultranest] [DEBUG] iteration=3644, ncalls=367023, regioncalls=18985360, ndraw=40, logz=-11.39, remainder_fraction=4.6466%, Lmin=-0.27, Lmax=-0.02
11:24:37 [ultranest] [DEBUG] iteration=3645, ncalls=367191, regioncalls=18995640, ndraw=40, logz=-11.39, remainder_fraction=4.6283%, Lmin=-0.27, Lmax=-0.02
11:24:38 [ultranest] [DEBUG] iteration=3647, ncalls=367231, regioncalls=18998000, ndraw=40, logz=-11.39, remainder_fraction=4.5933%, Lmin=-0.27, Lmax=-0.02
11:24:39 [ultranest] [DEBUG] iteration=3649, ncalls=367548, regioncalls=19015720, ndraw=40, logz=-11.39, remainder_fraction=4.5598%, Lmin=-0.27, Lmax=-0.02
11:24:39 [ultranest] [DEBUG] iteration=3650, ncalls=367652, regioncalls=19021640, ndraw=40, logz=-11.39, remainder_fraction=4.5424%, Lmin=-0.27, Lmax=-0.02
11:24:39 [ultranest] [DEBUG] iteration=3651, ncalls=367710, regioncalls=19025160, ndraw=40, logz=-11.39, remainder_fraction=4.5269%, Lmin=-0.27, Lmax=-0.02
11:24:39 [ultranest] [DEBUG] iteration=3653, ncalls=367808, regioncalls=19030320, ndraw=40, logz=-11.39, remainder_fraction=4.4917%, Lmin=-0.27, Lmax=-0.02
11:24:40 [ultranest] [DEBUG] iteration=3654, ncalls=367997, regioncalls=19039640, ndraw=40, logz=-11.39, remainder_fraction=4.4752%, Lmin=-0.27, Lmax=-0.02
11:24:40 [ultranest] [DEBUG] iteration=3655, ncalls=368156, regioncalls=19048440, ndraw=40, logz=-11.39, remainder_fraction=4.4576%, Lmin=-0.26, Lmax=-0.02
11:24:40 [ultranest] [DEBUG] iteration=3656, ncalls=368264, regioncalls=19054040, ndraw=40, logz=-11.39, remainder_fraction=4.4421%, Lmin=-0.26, Lmax=-0.02
11:24:41 [ultranest] [DEBUG] iteration=3658, ncalls=368374, regioncalls=19060520, ndraw=40, logz=-11.39, remainder_fraction=4.4075%, Lmin=-0.26, Lmax=-0.02
11:24:41 [ultranest] [DEBUG] iteration=3659, ncalls=368453, regioncalls=19064440, ndraw=40, logz=-11.39, remainder_fraction=4.3942%, Lmin=-0.26, Lmax=-0.02
11:24:43 [ultranest] [DEBUG] iteration=3661, ncalls=368742, regioncalls=19080840, ndraw=40, logz=-11.39, remainder_fraction=4.3603%, Lmin=-0.26, Lmax=-0.02
11:24:44 [ultranest] [DEBUG] iteration=3662, ncalls=369000, regioncalls=19094920, ndraw=40, logz=-11.39, remainder_fraction=4.3449%, Lmin=-0.26, Lmax=-0.02
11:24:45 [ultranest] [DEBUG] iteration=3663, ncalls=369232, regioncalls=19107240, ndraw=40, logz=-11.39, remainder_fraction=4.3283%, Lmin=-0.26, Lmax=-0.02
11:24:46 [ultranest] [DEBUG] iteration=3664, ncalls=369618, regioncalls=19130600, ndraw=40, logz=-11.39, remainder_fraction=4.3122%, Lmin=-0.26, Lmax=-0.02
11:24:46 [ultranest] [DEBUG] iteration=3667, ncalls=369742, regioncalls=19137280, ndraw=40, logz=-11.39, remainder_fraction=4.2663%, Lmin=-0.26, Lmax=-0.02
11:24:46 [ultranest] [DEBUG] iteration=3668, ncalls=369847, regioncalls=19144040, ndraw=40, logz=-11.39, remainder_fraction=4.2493%, Lmin=-0.26, Lmax=-0.02
11:24:47 [ultranest] [DEBUG] iteration=3669, ncalls=369926, regioncalls=19148480, ndraw=40, logz=-11.39, remainder_fraction=4.2352%, Lmin=-0.26, Lmax=-0.02
11:24:47 [ultranest] [DEBUG] iteration=3671, ncalls=370167, regioncalls=19160480, ndraw=40, logz=-11.39, remainder_fraction=4.2021%, Lmin=-0.26, Lmax=-0.02
11:24:48 [ultranest] [DEBUG] iteration=3672, ncalls=370512, regioncalls=19179920, ndraw=40, logz=-11.39, remainder_fraction=4.1855%, Lmin=-0.26, Lmax=-0.02
11:24:49 [ultranest] [DEBUG] iteration=3673, ncalls=370693, regioncalls=19189320, ndraw=40, logz=-11.39, remainder_fraction=4.1700%, Lmin=-0.26, Lmax=-0.02
11:24:49 [ultranest] [DEBUG] iteration=3674, ncalls=371048, regioncalls=19210640, ndraw=40, logz=-11.39, remainder_fraction=4.1535%, Lmin=-0.26, Lmax=-0.02
11:24:50 [ultranest] [DEBUG] iteration=3675, ncalls=371132, regioncalls=19215560, ndraw=40, logz=-11.39, remainder_fraction=4.1379%, Lmin=-0.26, Lmax=-0.02
11:24:50 [ultranest] [DEBUG] iteration=3676, ncalls=371443, regioncalls=19231080, ndraw=40, logz=-11.39, remainder_fraction=4.1223%, Lmin=-0.26, Lmax=-0.02
11:24:51 [ultranest] [DEBUG] iteration=3678, ncalls=371519, regioncalls=19235800, ndraw=40, logz=-11.39, remainder_fraction=4.0915%, Lmin=-0.26, Lmax=-0.02
11:24:51 [ultranest] [DEBUG] iteration=3679, ncalls=371773, regioncalls=19252280, ndraw=40, logz=-11.39, remainder_fraction=4.0773%, Lmin=-0.26, Lmax=-0.02
11:24:51 [ultranest] [DEBUG] iteration=3680, ncalls=371798, regioncalls=19253720, ndraw=40, logz=-11.39, remainder_fraction=4.0611%, Lmin=-0.25, Lmax=-0.02
11:24:52 [ultranest] [DEBUG] iteration=3681, ncalls=372001, regioncalls=19265360, ndraw=40, logz=-11.39, remainder_fraction=4.0460%, Lmin=-0.25, Lmax=-0.02
11:24:53 [ultranest] [DEBUG] iteration=3682, ncalls=372336, regioncalls=19283480, ndraw=40, logz=-11.39, remainder_fraction=4.0318%, Lmin=-0.25, Lmax=-0.02
11:24:54 [ultranest] [DEBUG] iteration=3683, ncalls=372765, regioncalls=19305920, ndraw=40, logz=-11.39, remainder_fraction=4.0163%, Lmin=-0.25, Lmax=-0.02
11:24:55 [ultranest] [DEBUG] iteration=3684, ncalls=373314, regioncalls=19337040, ndraw=40, logz=-11.39, remainder_fraction=4.0039%, Lmin=-0.25, Lmax=-0.02
11:24:56 [ultranest] [DEBUG] iteration=3685, ncalls=373527, regioncalls=19348160, ndraw=40, logz=-11.39, remainder_fraction=3.9902%, Lmin=-0.25, Lmax=-0.02
11:24:56 [ultranest] [DEBUG] iteration=3686, ncalls=373645, regioncalls=19354120, ndraw=40, logz=-11.39, remainder_fraction=3.9748%, Lmin=-0.25, Lmax=-0.02
11:24:57 [ultranest] [DEBUG] iteration=3687, ncalls=373867, regioncalls=19366920, ndraw=40, logz=-11.39, remainder_fraction=3.9602%, Lmin=-0.25, Lmax=-0.02
11:24:57 [ultranest] [DEBUG] iteration=3688, ncalls=373943, regioncalls=19371400, ndraw=40, logz=-11.39, remainder_fraction=3.9465%, Lmin=-0.25, Lmax=-0.02
11:24:58 [ultranest] [DEBUG] iteration=3689, ncalls=374285, regioncalls=19390480, ndraw=40, logz=-11.39, remainder_fraction=3.9308%, Lmin=-0.25, Lmax=-0.02
11:24:59 [ultranest] [DEBUG] iteration=3690, ncalls=374528, regioncalls=19403320, ndraw=40, logz=-11.39, remainder_fraction=3.9159%, Lmin=-0.25, Lmax=-0.02
11:24:59 [ultranest] [DEBUG] iteration=3692, ncalls=374559, regioncalls=19404920, ndraw=40, logz=-11.39, remainder_fraction=3.8853%, Lmin=-0.25, Lmax=-0.02
11:24:59 [ultranest] [DEBUG] iteration=3693, ncalls=374604, regioncalls=19407840, ndraw=40, logz=-11.39, remainder_fraction=3.8709%, Lmin=-0.25, Lmax=-0.02
11:24:59 [ultranest] [DEBUG] iteration=3694, ncalls=374702, regioncalls=19413280, ndraw=40, logz=-11.39, remainder_fraction=3.8560%, Lmin=-0.25, Lmax=-0.02
11:25:00 [ultranest] [DEBUG] iteration=3695, ncalls=374818, regioncalls=19420680, ndraw=40, logz=-11.39, remainder_fraction=3.8411%, Lmin=-0.25, Lmax=-0.02
11:25:01 [ultranest] [DEBUG] iteration=3697, ncalls=375133, regioncalls=19437560, ndraw=40, logz=-11.39, remainder_fraction=3.8108%, Lmin=-0.25, Lmax=-0.02
11:25:01 [ultranest] [DEBUG] iteration=3698, ncalls=375256, regioncalls=19443720, ndraw=40, logz=-11.39, remainder_fraction=3.7956%, Lmin=-0.25, Lmax=-0.02
11:25:01 [ultranest] [DEBUG] iteration=3699, ncalls=375459, regioncalls=19455040, ndraw=40, logz=-11.39, remainder_fraction=3.7824%, Lmin=-0.25, Lmax=-0.02
11:25:01 [ultranest] [DEBUG] iteration=3700, ncalls=375518, regioncalls=19458520, ndraw=40, logz=-11.39, remainder_fraction=3.7675%, Lmin=-0.25, Lmax=-0.02
11:25:02 [ultranest] [DEBUG] iteration=3701, ncalls=376090, regioncalls=19489840, ndraw=40, logz=-11.38, remainder_fraction=3.7525%, Lmin=-0.25, Lmax=-0.02
11:25:03 [ultranest] [DEBUG] iteration=3702, ncalls=376149, regioncalls=19494440, ndraw=40, logz=-11.38, remainder_fraction=3.7384%, Lmin=-0.25, Lmax=-0.02
11:25:04 [ultranest] [DEBUG] iteration=3703, ncalls=376687, regioncalls=19526280, ndraw=40, logz=-11.38, remainder_fraction=3.7263%, Lmin=-0.25, Lmax=-0.02
11:25:04 [ultranest] [DEBUG] iteration=3705, ncalls=376796, regioncalls=19531800, ndraw=40, logz=-11.38, remainder_fraction=3.6994%, Lmin=-0.25, Lmax=-0.02
11:25:05 [ultranest] [DEBUG] iteration=3706, ncalls=376932, regioncalls=19539120, ndraw=40, logz=-11.38, remainder_fraction=3.6858%, Lmin=-0.25, Lmax=-0.02
11:25:05 [ultranest] [DEBUG] iteration=3708, ncalls=377087, regioncalls=19547960, ndraw=40, logz=-11.38, remainder_fraction=3.6583%, Lmin=-0.24, Lmax=-0.02
11:25:07 [ultranest] [DEBUG] iteration=3710, ncalls=377779, regioncalls=19589240, ndraw=40, logz=-11.38, remainder_fraction=3.6305%, Lmin=-0.24, Lmax=-0.02
11:25:08 [ultranest] [DEBUG] iteration=3711, ncalls=378093, regioncalls=19606040, ndraw=40, logz=-11.38, remainder_fraction=3.6163%, Lmin=-0.24, Lmax=-0.02
11:25:09 [ultranest] [DEBUG] iteration=3712, ncalls=378397, regioncalls=19622720, ndraw=40, logz=-11.38, remainder_fraction=3.6021%, Lmin=-0.24, Lmax=-0.02
11:25:10 [ultranest] [DEBUG] iteration=3713, ncalls=378833, regioncalls=19646440, ndraw=40, logz=-11.38, remainder_fraction=3.5899%, Lmin=-0.24, Lmax=-0.02
11:25:10 [ultranest] [DEBUG] iteration=3714, ncalls=378898, regioncalls=19649880, ndraw=40, logz=-11.38, remainder_fraction=3.5757%, Lmin=-0.24, Lmax=-0.02
11:25:11 [ultranest] [DEBUG] iteration=3715, ncalls=379045, regioncalls=19658640, ndraw=40, logz=-11.38, remainder_fraction=3.5621%, Lmin=-0.24, Lmax=-0.02
11:25:11 [ultranest] [DEBUG] iteration=3716, ncalls=379346, regioncalls=19675520, ndraw=40, logz=-11.38, remainder_fraction=3.5485%, Lmin=-0.24, Lmax=-0.02
11:25:12 [ultranest] [DEBUG] iteration=3717, ncalls=379615, regioncalls=19690240, ndraw=40, logz=-11.38, remainder_fraction=3.5356%, Lmin=-0.24, Lmax=-0.02
11:25:13 [ultranest] [DEBUG] iteration=3718, ncalls=379920, regioncalls=19707600, ndraw=40, logz=-11.38, remainder_fraction=3.5233%, Lmin=-0.24, Lmax=-0.02
11:25:15 [ultranest] [DEBUG] iteration=3719, ncalls=380482, regioncalls=19740840, ndraw=40, logz=-11.38, remainder_fraction=3.5100%, Lmin=-0.24, Lmax=-0.02
11:25:16 [ultranest] [DEBUG] iteration=3720, ncalls=380905, regioncalls=19764080, ndraw=40, logz=-11.38, remainder_fraction=3.4968%, Lmin=-0.24, Lmax=-0.02
11:25:16 [ultranest] [DEBUG] iteration=3722, ncalls=381046, regioncalls=19771800, ndraw=40, logz=-11.38, remainder_fraction=3.4717%, Lmin=-0.24, Lmax=-0.02
11:25:17 [ultranest] [DEBUG] iteration=3724, ncalls=381221, regioncalls=19781160, ndraw=40, logz=-11.38, remainder_fraction=3.4452%, Lmin=-0.24, Lmax=-0.02
11:25:17 [ultranest] [DEBUG] iteration=3725, ncalls=381403, regioncalls=19791680, ndraw=40, logz=-11.38, remainder_fraction=3.4321%, Lmin=-0.24, Lmax=-0.02
11:25:17 [ultranest] [DEBUG] iteration=3726, ncalls=381488, regioncalls=19796240, ndraw=40, logz=-11.38, remainder_fraction=3.4188%, Lmin=-0.24, Lmax=-0.02
11:25:18 [ultranest] [DEBUG] iteration=3727, ncalls=381555, regioncalls=19800200, ndraw=40, logz=-11.38, remainder_fraction=3.4060%, Lmin=-0.24, Lmax=-0.02
11:25:18 [ultranest] [DEBUG] iteration=3728, ncalls=381595, regioncalls=19803080, ndraw=40, logz=-11.38, remainder_fraction=3.3930%, Lmin=-0.24, Lmax=-0.02
11:25:18 [ultranest] [DEBUG] iteration=3729, ncalls=381640, regioncalls=19806400, ndraw=40, logz=-11.38, remainder_fraction=3.3799%, Lmin=-0.23, Lmax=-0.02
11:25:19 [ultranest] [DEBUG] iteration=3730, ncalls=381913, regioncalls=19823040, ndraw=40, logz=-11.38, remainder_fraction=3.3681%, Lmin=-0.23, Lmax=-0.02
11:25:19 [ultranest] [DEBUG] iteration=3731, ncalls=382020, regioncalls=19828720, ndraw=40, logz=-11.38, remainder_fraction=3.3559%, Lmin=-0.23, Lmax=-0.02
11:25:20 [ultranest] [DEBUG] iteration=3732, ncalls=382312, regioncalls=19845760, ndraw=40, logz=-11.38, remainder_fraction=3.3429%, Lmin=-0.23, Lmax=-0.02
11:25:21 [ultranest] [DEBUG] iteration=3733, ncalls=382492, regioncalls=19855960, ndraw=40, logz=-11.38, remainder_fraction=3.3300%, Lmin=-0.23, Lmax=-0.02
11:25:21 [ultranest] [DEBUG] iteration=3734, ncalls=382670, regioncalls=19865240, ndraw=40, logz=-11.38, remainder_fraction=3.3168%, Lmin=-0.23, Lmax=-0.02
11:25:21 [ultranest] [DEBUG] iteration=3735, ncalls=382798, regioncalls=19872760, ndraw=40, logz=-11.38, remainder_fraction=3.3051%, Lmin=-0.23, Lmax=-0.02
11:25:22 [ultranest] [DEBUG] iteration=3736, ncalls=383136, regioncalls=19891760, ndraw=40, logz=-11.38, remainder_fraction=3.2926%, Lmin=-0.23, Lmax=-0.02
11:25:22 [ultranest] [DEBUG] iteration=3737, ncalls=383184, regioncalls=19895040, ndraw=40, logz=-11.38, remainder_fraction=3.2801%, Lmin=-0.23, Lmax=-0.02
11:25:23 [ultranest] [DEBUG] iteration=3739, ncalls=383326, regioncalls=19902800, ndraw=40, logz=-11.38, remainder_fraction=3.2553%, Lmin=-0.23, Lmax=-0.02
11:25:23 [ultranest] [DEBUG] iteration=3740, ncalls=383574, regioncalls=19917920, ndraw=40, logz=-11.38, remainder_fraction=3.2428%, Lmin=-0.23, Lmax=-0.02
11:25:24 [ultranest] [DEBUG] iteration=3741, ncalls=383825, regioncalls=19933680, ndraw=40, logz=-11.38, remainder_fraction=3.2307%, Lmin=-0.23, Lmax=-0.02
11:25:25 [ultranest] [DEBUG] iteration=3742, ncalls=384466, regioncalls=19973080, ndraw=40, logz=-11.38, remainder_fraction=3.2179%, Lmin=-0.23, Lmax=-0.02
11:25:25 [ultranest] [DEBUG] iteration=3743, ncalls=384513, regioncalls=19975880, ndraw=40, logz=-11.38, remainder_fraction=3.2056%, Lmin=-0.23, Lmax=-0.02
11:25:26 [ultranest] [DEBUG] iteration=3744, ncalls=384916, regioncalls=20000160, ndraw=40, logz=-11.38, remainder_fraction=3.1951%, Lmin=-0.23, Lmax=-0.02
11:25:28 [ultranest] [DEBUG] iteration=3745, ncalls=385759, regioncalls=20049320, ndraw=40, logz=-11.38, remainder_fraction=3.1842%, Lmin=-0.23, Lmax=-0.02
11:25:28 [ultranest] [DEBUG] iteration=3746, ncalls=386024, regioncalls=20064400, ndraw=40, logz=-11.38, remainder_fraction=3.1732%, Lmin=-0.23, Lmax=-0.02
11:25:29 [ultranest] [DEBUG] iteration=3747, ncalls=386121, regioncalls=20070000, ndraw=40, logz=-11.38, remainder_fraction=3.1611%, Lmin=-0.23, Lmax=-0.02
11:25:30 [ultranest] [DEBUG] iteration=3748, ncalls=386360, regioncalls=20083560, ndraw=40, logz=-11.38, remainder_fraction=3.1492%, Lmin=-0.23, Lmax=-0.02
11:25:31 [ultranest] [DEBUG] iteration=3749, ncalls=386843, regioncalls=20113960, ndraw=40, logz=-11.38, remainder_fraction=3.1385%, Lmin=-0.22, Lmax=-0.02
11:25:31 [ultranest] [DEBUG] iteration=3750, ncalls=386895, regioncalls=20117040, ndraw=40, logz=-11.38, remainder_fraction=3.1271%, Lmin=-0.22, Lmax=-0.02
11:25:33 [ultranest] [DEBUG] iteration=3751, ncalls=387421, regioncalls=20147520, ndraw=40, logz=-11.38, remainder_fraction=3.1149%, Lmin=-0.22, Lmax=-0.02
11:25:33 [ultranest] [DEBUG] iteration=3752, ncalls=387499, regioncalls=20152120, ndraw=40, logz=-11.38, remainder_fraction=3.1032%, Lmin=-0.22, Lmax=-0.02
11:25:33 [ultranest] [DEBUG] iteration=3754, ncalls=387722, regioncalls=20164960, ndraw=40, logz=-11.38, remainder_fraction=3.0801%, Lmin=-0.22, Lmax=-0.02
11:25:34 [ultranest] [DEBUG] iteration=3756, ncalls=387944, regioncalls=20177400, ndraw=40, logz=-11.38, remainder_fraction=3.0577%, Lmin=-0.22, Lmax=-0.02
11:25:34 [ultranest] [DEBUG] iteration=3758, ncalls=388055, regioncalls=20183600, ndraw=40, logz=-11.38, remainder_fraction=3.0338%, Lmin=-0.22, Lmax=-0.02
11:25:34 [ultranest] [DEBUG] iteration=3759, ncalls=388134, regioncalls=20187800, ndraw=40, logz=-11.38, remainder_fraction=3.0234%, Lmin=-0.22, Lmax=-0.02
11:25:35 [ultranest] [DEBUG] iteration=3760, ncalls=388498, regioncalls=20207240, ndraw=40, logz=-11.38, remainder_fraction=3.0129%, Lmin=-0.22, Lmax=-0.02
11:25:36 [ultranest] [DEBUG] iteration=3761, ncalls=388592, regioncalls=20213560, ndraw=40, logz=-11.38, remainder_fraction=3.0016%, Lmin=-0.22, Lmax=-0.02
11:25:37 [ultranest] [DEBUG] iteration=3762, ncalls=388971, regioncalls=20236640, ndraw=40, logz=-11.38, remainder_fraction=2.9903%, Lmin=-0.22, Lmax=-0.02
11:25:38 [ultranest] [DEBUG] iteration=3763, ncalls=389120, regioncalls=20244560, ndraw=40, logz=-11.38, remainder_fraction=2.9793%, Lmin=-0.22, Lmax=-0.02
11:25:38 [ultranest] [DEBUG] iteration=3764, ncalls=389382, regioncalls=20260680, ndraw=40, logz=-11.38, remainder_fraction=2.9677%, Lmin=-0.22, Lmax=-0.02
11:25:38 [ultranest] [DEBUG] iteration=3765, ncalls=389445, regioncalls=20263840, ndraw=40, logz=-11.38, remainder_fraction=2.9577%, Lmin=-0.22, Lmax=-0.02
11:25:39 [ultranest] [DEBUG] iteration=3766, ncalls=389834, regioncalls=20287160, ndraw=40, logz=-11.38, remainder_fraction=2.9461%, Lmin=-0.22, Lmax=-0.02
11:25:40 [ultranest] [DEBUG] iteration=3767, ncalls=390045, regioncalls=20298560, ndraw=40, logz=-11.38, remainder_fraction=2.9351%, Lmin=-0.22, Lmax=-0.02
11:25:42 [ultranest] [DEBUG] iteration=3768, ncalls=390997, regioncalls=20353320, ndraw=40, logz=-11.38, remainder_fraction=2.9241%, Lmin=-0.22, Lmax=-0.02
11:25:43 [ultranest] [DEBUG] iteration=3769, ncalls=391403, regioncalls=20376840, ndraw=40, logz=-11.38, remainder_fraction=2.9130%, Lmin=-0.21, Lmax=-0.02
11:25:44 [ultranest] [DEBUG] iteration=3770, ncalls=391860, regioncalls=20403120, ndraw=40, logz=-11.38, remainder_fraction=2.9024%, Lmin=-0.21, Lmax=-0.02
11:25:44 [ultranest] [DEBUG] iteration=3771, ncalls=392087, regioncalls=20416240, ndraw=40, logz=-11.38, remainder_fraction=2.8912%, Lmin=-0.21, Lmax=-0.02
11:25:44 [ultranest] [DEBUG] iteration=3772, ncalls=392133, regioncalls=20418680, ndraw=40, logz=-11.38, remainder_fraction=2.8797%, Lmin=-0.21, Lmax=-0.02
11:25:45 [ultranest] [DEBUG] iteration=3773, ncalls=392268, regioncalls=20425800, ndraw=40, logz=-11.38, remainder_fraction=2.8683%, Lmin=-0.21, Lmax=-0.02
11:25:45 [ultranest] [DEBUG] iteration=3774, ncalls=392446, regioncalls=20435520, ndraw=40, logz=-11.38, remainder_fraction=2.8578%, Lmin=-0.21, Lmax=-0.02
11:25:45 [ultranest] [DEBUG] iteration=3775, ncalls=392556, regioncalls=20442680, ndraw=40, logz=-11.38, remainder_fraction=2.8479%, Lmin=-0.21, Lmax=-0.02
11:25:46 [ultranest] [DEBUG] iteration=3776, ncalls=392662, regioncalls=20448200, ndraw=40, logz=-11.38, remainder_fraction=2.8365%, Lmin=-0.21, Lmax=-0.02
11:25:46 [ultranest] [DEBUG] iteration=3778, ncalls=392846, regioncalls=20458760, ndraw=40, logz=-11.38, remainder_fraction=2.8149%, Lmin=-0.21, Lmax=-0.02
11:25:46 [ultranest] [DEBUG] iteration=3779, ncalls=392976, regioncalls=20466080, ndraw=40, logz=-11.38, remainder_fraction=2.8048%, Lmin=-0.21, Lmax=-0.02
11:25:49 [ultranest] [DEBUG] iteration=3780, ncalls=393887, regioncalls=20519440, ndraw=40, logz=-11.38, remainder_fraction=2.7937%, Lmin=-0.21, Lmax=-0.02
11:25:49 [ultranest] [DEBUG] iteration=3781, ncalls=393999, regioncalls=20528120, ndraw=40, logz=-11.37, remainder_fraction=2.7829%, Lmin=-0.21, Lmax=-0.02
11:25:50 [ultranest] [DEBUG] iteration=3782, ncalls=394292, regioncalls=20545120, ndraw=40, logz=-11.37, remainder_fraction=2.7718%, Lmin=-0.21, Lmax=-0.02
11:25:50 [ultranest] [DEBUG] iteration=3784, ncalls=394499, regioncalls=20557640, ndraw=40, logz=-11.37, remainder_fraction=2.7519%, Lmin=-0.21, Lmax=-0.02
11:25:50 [ultranest] [DEBUG] iteration=3786, ncalls=394612, regioncalls=20564800, ndraw=40, logz=-11.37, remainder_fraction=2.7310%, Lmin=-0.21, Lmax=-0.02
11:25:51 [ultranest] [DEBUG] iteration=3787, ncalls=394849, regioncalls=20577920, ndraw=40, logz=-11.37, remainder_fraction=2.7203%, Lmin=-0.21, Lmax=-0.02
11:25:52 [ultranest] [DEBUG] iteration=3788, ncalls=395124, regioncalls=20595040, ndraw=40, logz=-11.37, remainder_fraction=2.7101%, Lmin=-0.21, Lmax=-0.02
11:25:52 [ultranest] [DEBUG] iteration=3790, ncalls=395315, regioncalls=20606640, ndraw=40, logz=-11.37, remainder_fraction=2.6897%, Lmin=-0.21, Lmax=-0.02
11:25:52 [ultranest] [DEBUG] iteration=3791, ncalls=395360, regioncalls=20609080, ndraw=40, logz=-11.37, remainder_fraction=2.6792%, Lmin=-0.21, Lmax=-0.02
11:25:52 [ultranest] [DEBUG] iteration=3792, ncalls=395419, regioncalls=20613120, ndraw=40, logz=-11.37, remainder_fraction=2.6691%, Lmin=-0.21, Lmax=-0.02
11:25:52 [ultranest] [DEBUG] iteration=3793, ncalls=395490, regioncalls=20616760, ndraw=40, logz=-11.37, remainder_fraction=2.6598%, Lmin=-0.21, Lmax=-0.02
11:25:53 [ultranest] [DEBUG] iteration=3794, ncalls=395656, regioncalls=20626000, ndraw=40, logz=-11.37, remainder_fraction=2.6498%, Lmin=-0.21, Lmax=-0.02
11:25:53 [ultranest] [DEBUG] iteration=3796, ncalls=395863, regioncalls=20638360, ndraw=40, logz=-11.37, remainder_fraction=2.6306%, Lmin=-0.21, Lmax=-0.02
11:25:53 [ultranest] [DEBUG] iteration=3797, ncalls=395904, regioncalls=20640840, ndraw=40, logz=-11.37, remainder_fraction=2.6204%, Lmin=-0.21, Lmax=-0.02
11:25:55 [ultranest] [DEBUG] iteration=3798, ncalls=396198, regioncalls=20658400, ndraw=40, logz=-11.37, remainder_fraction=2.6117%, Lmin=-0.21, Lmax=-0.02
11:25:56 [ultranest] [DEBUG] iteration=3800, ncalls=396755, regioncalls=20692280, ndraw=40, logz=-11.37, remainder_fraction=2.5920%, Lmin=-0.21, Lmax=-0.02
11:25:56 [ultranest] [DEBUG] iteration=3801, ncalls=396817, regioncalls=20696200, ndraw=40, logz=-11.37, remainder_fraction=2.5820%, Lmin=-0.21, Lmax=-0.02
11:25:57 [ultranest] [DEBUG] iteration=3802, ncalls=397084, regioncalls=20711200, ndraw=40, logz=-11.37, remainder_fraction=2.5721%, Lmin=-0.20, Lmax=-0.02
11:25:59 [ultranest] [DEBUG] iteration=3803, ncalls=397696, regioncalls=20746000, ndraw=40, logz=-11.37, remainder_fraction=2.5633%, Lmin=-0.20, Lmax=-0.02
11:26:00 [ultranest] [DEBUG] iteration=3804, ncalls=397888, regioncalls=20757440, ndraw=40, logz=-11.37, remainder_fraction=2.5539%, Lmin=-0.20, Lmax=-0.02
11:26:02 [ultranest] [DEBUG] iteration=3805, ncalls=398659, regioncalls=20801160, ndraw=40, logz=-11.37, remainder_fraction=2.5444%, Lmin=-0.20, Lmax=-0.02
11:26:02 [ultranest] [DEBUG] iteration=3807, ncalls=398840, regioncalls=20812640, ndraw=40, logz=-11.37, remainder_fraction=2.5243%, Lmin=-0.20, Lmax=-0.02
11:26:03 [ultranest] [DEBUG] iteration=3808, ncalls=399217, regioncalls=20835440, ndraw=40, logz=-11.37, remainder_fraction=2.5150%, Lmin=-0.20, Lmax=-0.02
11:26:03 [ultranest] [DEBUG] iteration=3809, ncalls=399325, regioncalls=20843120, ndraw=40, logz=-11.37, remainder_fraction=2.5051%, Lmin=-0.20, Lmax=-0.02
11:26:04 [ultranest] [DEBUG] iteration=3810, ncalls=399579, regioncalls=20857920, ndraw=40, logz=-11.37, remainder_fraction=2.4962%, Lmin=-0.20, Lmax=-0.02
11:26:04 [ultranest] [DEBUG] iteration=3811, ncalls=399716, regioncalls=20865280, ndraw=40, logz=-11.37, remainder_fraction=2.4865%, Lmin=-0.20, Lmax=-0.02
11:26:04 [ultranest] [DEBUG] iteration=3812, ncalls=399748, regioncalls=20867000, ndraw=40, logz=-11.37, remainder_fraction=2.4774%, Lmin=-0.20, Lmax=-0.02
11:26:05 [ultranest] [DEBUG] iteration=3813, ncalls=400054, regioncalls=20884760, ndraw=40, logz=-11.37, remainder_fraction=2.4681%, Lmin=-0.20, Lmax=-0.02
11:26:06 [ultranest] [DEBUG] iteration=3814, ncalls=400642, regioncalls=20917200, ndraw=40, logz=-11.37, remainder_fraction=2.4590%, Lmin=-0.20, Lmax=-0.02
11:26:08 [ultranest] [DEBUG] iteration=3815, ncalls=401546, regioncalls=20970920, ndraw=40, logz=-11.37, remainder_fraction=2.4496%, Lmin=-0.20, Lmax=-0.02
11:26:09 [ultranest] [DEBUG] iteration=3817, ncalls=401682, regioncalls=20977840, ndraw=40, logz=-11.37, remainder_fraction=2.4318%, Lmin=-0.20, Lmax=-0.02
11:26:09 [ultranest] [DEBUG] iteration=3818, ncalls=401808, regioncalls=20985400, ndraw=40, logz=-11.37, remainder_fraction=2.4224%, Lmin=-0.20, Lmax=-0.02
11:26:09 [ultranest] [DEBUG] iteration=3819, ncalls=401988, regioncalls=20996720, ndraw=40, logz=-11.37, remainder_fraction=2.4138%, Lmin=-0.20, Lmax=-0.02
11:26:10 [ultranest] [DEBUG] iteration=3821, ncalls=402098, regioncalls=21003400, ndraw=40, logz=-11.37, remainder_fraction=2.3957%, Lmin=-0.20, Lmax=-0.02
11:26:10 [ultranest] [DEBUG] iteration=3822, ncalls=402192, regioncalls=21008640, ndraw=40, logz=-11.37, remainder_fraction=2.3873%, Lmin=-0.20, Lmax=-0.02
11:26:10 [ultranest] [DEBUG] iteration=3823, ncalls=402352, regioncalls=21016880, ndraw=40, logz=-11.37, remainder_fraction=2.3788%, Lmin=-0.20, Lmax=-0.02
11:26:11 [ultranest] [DEBUG] iteration=3824, ncalls=402727, regioncalls=21038600, ndraw=40, logz=-11.37, remainder_fraction=2.3694%, Lmin=-0.20, Lmax=-0.02
11:26:12 [ultranest] [DEBUG] iteration=3825, ncalls=402971, regioncalls=21051520, ndraw=40, logz=-11.37, remainder_fraction=2.3607%, Lmin=-0.20, Lmax=-0.02
11:26:12 [ultranest] [DEBUG] iteration=3827, ncalls=403269, regioncalls=21069400, ndraw=40, logz=-11.37, remainder_fraction=2.3419%, Lmin=-0.20, Lmax=-0.02
11:26:13 [ultranest] [DEBUG] iteration=3828, ncalls=403366, regioncalls=21073760, ndraw=40, logz=-11.37, remainder_fraction=2.3335%, Lmin=-0.19, Lmax=-0.02
11:26:13 [ultranest] [DEBUG] iteration=3829, ncalls=403398, regioncalls=21075320, ndraw=40, logz=-11.37, remainder_fraction=2.3253%, Lmin=-0.19, Lmax=-0.02
11:26:13 [ultranest] [DEBUG] iteration=3830, ncalls=403461, regioncalls=21078440, ndraw=40, logz=-11.37, remainder_fraction=2.3165%, Lmin=-0.19, Lmax=-0.02
11:26:13 [ultranest] [DEBUG] iteration=3831, ncalls=403580, regioncalls=21085360, ndraw=40, logz=-11.37, remainder_fraction=2.3074%, Lmin=-0.19, Lmax=-0.02
11:26:14 [ultranest] [DEBUG] iteration=3832, ncalls=403662, regioncalls=21091040, ndraw=40, logz=-11.37, remainder_fraction=2.2983%, Lmin=-0.19, Lmax=-0.02
11:26:14 [ultranest] [DEBUG] iteration=3833, ncalls=403943, regioncalls=21107600, ndraw=40, logz=-11.37, remainder_fraction=2.2892%, Lmin=-0.19, Lmax=-0.02
11:26:15 [ultranest] [DEBUG] iteration=3834, ncalls=404253, regioncalls=21125240, ndraw=40, logz=-11.37, remainder_fraction=2.2801%, Lmin=-0.19, Lmax=-0.02
11:26:18 [ultranest] [DEBUG] iteration=3835, ncalls=405706, regioncalls=21211000, ndraw=40, logz=-11.37, remainder_fraction=2.2717%, Lmin=-0.19, Lmax=-0.02
11:26:18 [ultranest] [DEBUG] iteration=3836, ncalls=405902, regioncalls=21221520, ndraw=40, logz=-11.37, remainder_fraction=2.2632%, Lmin=-0.19, Lmax=-0.02
11:26:19 [ultranest] [DEBUG] iteration=3837, ncalls=406095, regioncalls=21231680, ndraw=40, logz=-11.37, remainder_fraction=2.2545%, Lmin=-0.19, Lmax=-0.02
11:26:19 [ultranest] [DEBUG] iteration=3838, ncalls=406410, regioncalls=21250120, ndraw=40, logz=-11.37, remainder_fraction=2.2463%, Lmin=-0.19, Lmax=-0.02
11:26:20 [ultranest] [DEBUG] iteration=3839, ncalls=406774, regioncalls=21271960, ndraw=40, logz=-11.37, remainder_fraction=2.2375%, Lmin=-0.19, Lmax=-0.02
11:26:22 [ultranest] [DEBUG] iteration=3840, ncalls=407452, regioncalls=21308400, ndraw=40, logz=-11.37, remainder_fraction=2.2287%, Lmin=-0.19, Lmax=-0.02
11:26:23 [ultranest] [DEBUG] iteration=3842, ncalls=407762, regioncalls=21326600, ndraw=40, logz=-11.37, remainder_fraction=2.2116%, Lmin=-0.19, Lmax=-0.02
11:26:23 [ultranest] [DEBUG] iteration=3843, ncalls=407868, regioncalls=21332600, ndraw=40, logz=-11.37, remainder_fraction=2.2032%, Lmin=-0.19, Lmax=-0.02
11:26:23 [ultranest] [DEBUG] iteration=3844, ncalls=408063, regioncalls=21345400, ndraw=40, logz=-11.37, remainder_fraction=2.1947%, Lmin=-0.19, Lmax=-0.02
11:26:23 [ultranest] [DEBUG] iteration=3846, ncalls=408119, regioncalls=21349360, ndraw=40, logz=-11.37, remainder_fraction=2.1777%, Lmin=-0.19, Lmax=-0.02
11:26:23 [ultranest] [DEBUG] iteration=3847, ncalls=408203, regioncalls=21355160, ndraw=40, logz=-11.37, remainder_fraction=2.1695%, Lmin=-0.19, Lmax=-0.02
11:26:24 [ultranest] [DEBUG] iteration=3848, ncalls=408324, regioncalls=21361880, ndraw=40, logz=-11.37, remainder_fraction=2.1615%, Lmin=-0.19, Lmax=-0.02
11:26:25 [ultranest] [DEBUG] iteration=3849, ncalls=408666, regioncalls=21383880, ndraw=40, logz=-11.37, remainder_fraction=2.1532%, Lmin=-0.19, Lmax=-0.02
11:26:25 [ultranest] [DEBUG] iteration=3850, ncalls=408944, regioncalls=21399800, ndraw=40, logz=-11.37, remainder_fraction=2.1455%, Lmin=-0.19, Lmax=-0.02
11:26:27 [ultranest] [DEBUG] iteration=3851, ncalls=409321, regioncalls=21421600, ndraw=40, logz=-11.37, remainder_fraction=2.1378%, Lmin=-0.19, Lmax=-0.02
11:26:27 [ultranest] [DEBUG] iteration=3852, ncalls=409682, regioncalls=21441240, ndraw=40, logz=-11.37, remainder_fraction=2.1295%, Lmin=-0.19, Lmax=-0.02
11:26:29 [ultranest] [DEBUG] iteration=3853, ncalls=410049, regioncalls=21462560, ndraw=40, logz=-11.37, remainder_fraction=2.1211%, Lmin=-0.19, Lmax=-0.02
11:26:30 [ultranest] [DEBUG] iteration=3854, ncalls=410631, regioncalls=21497040, ndraw=40, logz=-11.37, remainder_fraction=2.1136%, Lmin=-0.19, Lmax=-0.02
11:26:32 [ultranest] [DEBUG] iteration=3855, ncalls=411458, regioncalls=21547360, ndraw=40, logz=-11.37, remainder_fraction=2.1053%, Lmin=-0.19, Lmax=-0.02
11:26:32 [ultranest] [DEBUG] iteration=3856, ncalls=411644, regioncalls=21557960, ndraw=40, logz=-11.37, remainder_fraction=2.0977%, Lmin=-0.19, Lmax=-0.02
11:26:35 [ultranest] [DEBUG] iteration=3857, ncalls=412848, regioncalls=21628960, ndraw=40, logz=-11.37, remainder_fraction=2.0902%, Lmin=-0.19, Lmax=-0.02
11:26:36 [ultranest] [DEBUG] iteration=3858, ncalls=413120, regioncalls=21643760, ndraw=40, logz=-11.37, remainder_fraction=2.0822%, Lmin=-0.18, Lmax=-0.02
11:26:36 [ultranest] [DEBUG] iteration=3859, ncalls=413244, regioncalls=21651400, ndraw=40, logz=-11.37, remainder_fraction=2.0749%, Lmin=-0.18, Lmax=-0.02
11:26:40 [ultranest] [DEBUG] iteration=3860, ncalls=414995, regioncalls=21757640, ndraw=40, logz=-11.37, remainder_fraction=2.0667%, Lmin=-0.18, Lmax=-0.02
11:26:40 [ultranest] [DEBUG] iteration=3861, ncalls=415237, regioncalls=21772640, ndraw=40, logz=-11.37, remainder_fraction=2.0594%, Lmin=-0.18, Lmax=-0.02
11:26:41 [ultranest] [DEBUG] iteration=3862, ncalls=415600, regioncalls=21794560, ndraw=40, logz=-11.37, remainder_fraction=2.0514%, Lmin=-0.18, Lmax=-0.02
11:26:41 [ultranest] [DEBUG] iteration=3863, ncalls=415837, regioncalls=21806840, ndraw=40, logz=-11.37, remainder_fraction=2.0440%, Lmin=-0.18, Lmax=-0.02
11:26:42 [ultranest] [DEBUG] iteration=3864, ncalls=416004, regioncalls=21817120, ndraw=40, logz=-11.37, remainder_fraction=2.0361%, Lmin=-0.18, Lmax=-0.02
11:26:42 [ultranest] [DEBUG] iteration=3865, ncalls=416158, regioncalls=21827400, ndraw=40, logz=-11.37, remainder_fraction=2.0287%, Lmin=-0.18, Lmax=-0.02
11:26:44 [ultranest] [DEBUG] iteration=3866, ncalls=416925, regioncalls=21873120, ndraw=40, logz=-11.37, remainder_fraction=2.0209%, Lmin=-0.18, Lmax=-0.02
11:26:44 [ultranest] [DEBUG] iteration=3867, ncalls=417202, regioncalls=21888160, ndraw=40, logz=-11.37, remainder_fraction=2.0130%, Lmin=-0.18, Lmax=-0.02
11:26:45 [ultranest] [DEBUG] iteration=3868, ncalls=417631, regioncalls=21913600, ndraw=40, logz=-11.37, remainder_fraction=2.0059%, Lmin=-0.18, Lmax=-0.02
11:26:46 [ultranest] [DEBUG] iteration=3869, ncalls=417708, regioncalls=21918720, ndraw=40, logz=-11.37, remainder_fraction=1.9989%, Lmin=-0.18, Lmax=-0.02
11:26:46 [ultranest] [DEBUG] iteration=3870, ncalls=417785, regioncalls=21923160, ndraw=40, logz=-11.37, remainder_fraction=1.9911%, Lmin=-0.18, Lmax=-0.02
11:26:46 [ultranest] [DEBUG] iteration=3871, ncalls=417998, regioncalls=21936920, ndraw=40, logz=-11.37, remainder_fraction=1.9841%, Lmin=-0.18, Lmax=-0.02
11:26:47 [ultranest] [DEBUG] iteration=3872, ncalls=418264, regioncalls=21952600, ndraw=40, logz=-11.37, remainder_fraction=1.9773%, Lmin=-0.18, Lmax=-0.02
11:26:47 [ultranest] [DEBUG] iteration=3873, ncalls=418405, regioncalls=21960600, ndraw=40, logz=-11.37, remainder_fraction=1.9695%, Lmin=-0.18, Lmax=-0.02
11:26:47 [ultranest] [DEBUG] iteration=3874, ncalls=418525, regioncalls=21967640, ndraw=40, logz=-11.37, remainder_fraction=1.9620%, Lmin=-0.18, Lmax=-0.02
11:26:48 [ultranest] [DEBUG] iteration=3875, ncalls=418691, regioncalls=21977480, ndraw=40, logz=-11.37, remainder_fraction=1.9545%, Lmin=-0.18, Lmax=-0.02
11:26:48 [ultranest] [DEBUG] iteration=3876, ncalls=418996, regioncalls=21995280, ndraw=40, logz=-11.37, remainder_fraction=1.9475%, Lmin=-0.18, Lmax=-0.02
11:26:48 [ultranest] [DEBUG] iteration=3877, ncalls=419100, regioncalls=22001480, ndraw=40, logz=-11.37, remainder_fraction=1.9400%, Lmin=-0.18, Lmax=-0.02
11:26:49 [ultranest] [DEBUG] iteration=3878, ncalls=419258, regioncalls=22010520, ndraw=40, logz=-11.37, remainder_fraction=1.9323%, Lmin=-0.18, Lmax=-0.02
11:26:49 [ultranest] [DEBUG] iteration=3879, ncalls=419326, regioncalls=22014360, ndraw=40, logz=-11.37, remainder_fraction=1.9250%, Lmin=-0.18, Lmax=-0.02
11:26:51 [ultranest] [DEBUG] iteration=3880, ncalls=419867, regioncalls=22046880, ndraw=40, logz=-11.37, remainder_fraction=1.9174%, Lmin=-0.18, Lmax=-0.02
11:26:51 [ultranest] [DEBUG] iteration=3881, ncalls=419883, regioncalls=22048400, ndraw=40, logz=-11.37, remainder_fraction=1.9101%, Lmin=-0.18, Lmax=-0.02
11:26:51 [ultranest] [DEBUG] iteration=3882, ncalls=419964, regioncalls=22053240, ndraw=40, logz=-11.37, remainder_fraction=1.9033%, Lmin=-0.18, Lmax=-0.02
11:26:52 [ultranest] [DEBUG] iteration=3883, ncalls=420211, regioncalls=22068480, ndraw=40, logz=-11.37, remainder_fraction=1.8959%, Lmin=-0.18, Lmax=-0.02
11:26:53 [ultranest] [DEBUG] iteration=3884, ncalls=420384, regioncalls=22077320, ndraw=40, logz=-11.37, remainder_fraction=1.8885%, Lmin=-0.17, Lmax=-0.02
11:26:56 [ultranest] [DEBUG] iteration=3885, ncalls=421315, regioncalls=22131600, ndraw=40, logz=-11.37, remainder_fraction=1.8812%, Lmin=-0.17, Lmax=-0.02
11:26:56 [ultranest] [DEBUG] iteration=3886, ncalls=421670, regioncalls=22152680, ndraw=40, logz=-11.37, remainder_fraction=1.8743%, Lmin=-0.17, Lmax=-0.02
11:26:57 [ultranest] [DEBUG] iteration=3887, ncalls=421775, regioncalls=22159200, ndraw=40, logz=-11.37, remainder_fraction=1.8674%, Lmin=-0.17, Lmax=-0.02
11:26:59 [ultranest] [DEBUG] iteration=3888, ncalls=422330, regioncalls=22193040, ndraw=40, logz=-11.37, remainder_fraction=1.8599%, Lmin=-0.17, Lmax=-0.02
11:26:59 [ultranest] [DEBUG] iteration=3889, ncalls=422367, regioncalls=22194520, ndraw=40, logz=-11.37, remainder_fraction=1.8527%, Lmin=-0.17, Lmax=-0.02
11:27:00 [ultranest] [DEBUG] iteration=3890, ncalls=422857, regioncalls=22222120, ndraw=40, logz=-11.37, remainder_fraction=1.8457%, Lmin=-0.17, Lmax=-0.02
11:27:02 [ultranest] [DEBUG] iteration=3892, ncalls=423296, regioncalls=22247880, ndraw=40, logz=-11.37, remainder_fraction=1.8318%, Lmin=-0.17, Lmax=-0.02
11:27:02 [ultranest] [DEBUG] iteration=3893, ncalls=423366, regioncalls=22251720, ndraw=40, logz=-11.37, remainder_fraction=1.8245%, Lmin=-0.17, Lmax=-0.02
11:27:07 [ultranest] [DEBUG] iteration=3894, ncalls=425687, regioncalls=22387360, ndraw=40, logz=-11.36, remainder_fraction=1.8179%, Lmin=-0.17, Lmax=-0.02
11:27:07 [ultranest] [DEBUG] iteration=3895, ncalls=425799, regioncalls=22392840, ndraw=40, logz=-11.36, remainder_fraction=1.8109%, Lmin=-0.17, Lmax=-0.02
11:27:08 [ultranest] [DEBUG] iteration=3896, ncalls=426119, regioncalls=22412320, ndraw=40, logz=-11.36, remainder_fraction=1.8040%, Lmin=-0.17, Lmax=-0.02
11:27:09 [ultranest] [DEBUG] iteration=3897, ncalls=426584, regioncalls=22438960, ndraw=40, logz=-11.36, remainder_fraction=1.7970%, Lmin=-0.17, Lmax=-0.02
11:27:11 [ultranest] [DEBUG] iteration=3898, ncalls=427228, regioncalls=22479520, ndraw=40, logz=-11.36, remainder_fraction=1.7904%, Lmin=-0.17, Lmax=-0.02
11:27:12 [ultranest] [DEBUG] iteration=3899, ncalls=427697, regioncalls=22505920, ndraw=40, logz=-11.36, remainder_fraction=1.7834%, Lmin=-0.17, Lmax=-0.02
11:27:13 [ultranest] [DEBUG] iteration=3900, ncalls=428025, regioncalls=22523960, ndraw=40, logz=-11.36, remainder_fraction=1.7767%, Lmin=-0.17, Lmax=-0.02
11:27:14 [ultranest] [DEBUG] iteration=3901, ncalls=428713, regioncalls=22564680, ndraw=40, logz=-11.36, remainder_fraction=1.7700%, Lmin=-0.17, Lmax=-0.02
11:27:14 [ultranest] [DEBUG] iteration=3902, ncalls=428761, regioncalls=22567520, ndraw=40, logz=-11.36, remainder_fraction=1.7633%, Lmin=-0.17, Lmax=-0.02
11:27:15 [ultranest] [DEBUG] iteration=3903, ncalls=429305, regioncalls=22596720, ndraw=40, logz=-11.36, remainder_fraction=1.7566%, Lmin=-0.17, Lmax=-0.02
11:27:16 [ultranest] [DEBUG] iteration=3905, ncalls=429413, regioncalls=22603000, ndraw=40, logz=-11.36, remainder_fraction=1.7427%, Lmin=-0.17, Lmax=-0.02
11:27:18 [ultranest] [DEBUG] iteration=3906, ncalls=430255, regioncalls=22650720, ndraw=40, logz=-11.36, remainder_fraction=1.7362%, Lmin=-0.17, Lmax=-0.02
11:27:18 [ultranest] [DEBUG] iteration=3907, ncalls=430326, regioncalls=22655840, ndraw=40, logz=-11.36, remainder_fraction=1.7294%, Lmin=-0.17, Lmax=-0.02
11:27:19 [ultranest] [DEBUG] iteration=3908, ncalls=430512, regioncalls=22666200, ndraw=40, logz=-11.36, remainder_fraction=1.7227%, Lmin=-0.17, Lmax=-0.02
11:27:19 [ultranest] [DEBUG] iteration=3909, ncalls=430598, regioncalls=22670880, ndraw=40, logz=-11.36, remainder_fraction=1.7166%, Lmin=-0.17, Lmax=-0.02
11:27:19 [ultranest] [DEBUG] iteration=3910, ncalls=430743, regioncalls=22680480, ndraw=40, logz=-11.36, remainder_fraction=1.7099%, Lmin=-0.17, Lmax=-0.02
11:27:19 [ultranest] [DEBUG] iteration=3911, ncalls=430766, regioncalls=22681680, ndraw=40, logz=-11.36, remainder_fraction=1.7031%, Lmin=-0.17, Lmax=-0.02
11:27:20 [ultranest] [DEBUG] iteration=3912, ncalls=430908, regioncalls=22690280, ndraw=40, logz=-11.36, remainder_fraction=1.6967%, Lmin=-0.17, Lmax=-0.02
11:27:20 [ultranest] [DEBUG] iteration=3913, ncalls=430970, regioncalls=22693560, ndraw=40, logz=-11.36, remainder_fraction=1.6901%, Lmin=-0.17, Lmax=-0.02
11:27:22 [ultranest] [DEBUG] iteration=3915, ncalls=431871, regioncalls=22746840, ndraw=40, logz=-11.36, remainder_fraction=1.6772%, Lmin=-0.17, Lmax=-0.02
11:27:23 [ultranest] [DEBUG] iteration=3917, ncalls=432079, regioncalls=22758920, ndraw=40, logz=-11.36, remainder_fraction=1.6646%, Lmin=-0.17, Lmax=-0.02
11:27:25 [ultranest] [DEBUG] iteration=3918, ncalls=432914, regioncalls=22808720, ndraw=40, logz=-11.36, remainder_fraction=1.6581%, Lmin=-0.17, Lmax=-0.02
11:27:28 [ultranest] [DEBUG] iteration=3919, ncalls=433981, regioncalls=22867160, ndraw=40, logz=-11.36, remainder_fraction=1.6520%, Lmin=-0.17, Lmax=-0.02
11:27:29 [ultranest] [DEBUG] iteration=3920, ncalls=434554, regioncalls=22901720, ndraw=40, logz=-11.36, remainder_fraction=1.6459%, Lmin=-0.17, Lmax=-0.02
11:27:31 [ultranest] [DEBUG] iteration=3921, ncalls=435435, regioncalls=22956960, ndraw=40, logz=-11.36, remainder_fraction=1.6399%, Lmin=-0.17, Lmax=-0.02
11:27:32 [ultranest] [DEBUG] iteration=3922, ncalls=435963, regioncalls=22985680, ndraw=40, logz=-11.36, remainder_fraction=1.6336%, Lmin=-0.16, Lmax=-0.02
11:27:33 [ultranest] [DEBUG] iteration=3923, ncalls=436328, regioncalls=23009480, ndraw=40, logz=-11.36, remainder_fraction=1.6271%, Lmin=-0.16, Lmax=-0.02
11:27:33 [ultranest] [DEBUG] iteration=3924, ncalls=436457, regioncalls=23018040, ndraw=40, logz=-11.36, remainder_fraction=1.6208%, Lmin=-0.16, Lmax=-0.02
11:27:35 [ultranest] [DEBUG] iteration=3925, ncalls=437108, regioncalls=23058240, ndraw=40, logz=-11.36, remainder_fraction=1.6149%, Lmin=-0.16, Lmax=-0.02
11:27:36 [ultranest] [DEBUG] iteration=3926, ncalls=437283, regioncalls=23068400, ndraw=40, logz=-11.36, remainder_fraction=1.6088%, Lmin=-0.16, Lmax=-0.02
11:27:37 [ultranest] [DEBUG] iteration=3927, ncalls=437846, regioncalls=23099320, ndraw=40, logz=-11.36, remainder_fraction=1.6029%, Lmin=-0.16, Lmax=-0.02
11:27:39 [ultranest] [DEBUG] iteration=3928, ncalls=438225, regioncalls=23122520, ndraw=40, logz=-11.36, remainder_fraction=1.5967%, Lmin=-0.16, Lmax=-0.02
11:27:40 [ultranest] [DEBUG] iteration=3929, ncalls=438776, regioncalls=23156320, ndraw=40, logz=-11.36, remainder_fraction=1.5909%, Lmin=-0.16, Lmax=-0.02
11:27:41 [ultranest] [DEBUG] iteration=3930, ncalls=438995, regioncalls=23168760, ndraw=40, logz=-11.36, remainder_fraction=1.5848%, Lmin=-0.16, Lmax=-0.02
11:27:43 [ultranest] [DEBUG] iteration=3931, ncalls=439766, regioncalls=23216200, ndraw=40, logz=-11.36, remainder_fraction=1.5785%, Lmin=-0.16, Lmax=-0.02
11:27:44 [ultranest] [DEBUG] iteration=3933, ncalls=440392, regioncalls=23253520, ndraw=40, logz=-11.36, remainder_fraction=1.5664%, Lmin=-0.16, Lmax=-0.02
11:27:44 [ultranest] [DEBUG] iteration=3934, ncalls=440740, regioncalls=23272360, ndraw=40, logz=-11.36, remainder_fraction=1.5602%, Lmin=-0.16, Lmax=-0.02
11:27:45 [ultranest] [DEBUG] iteration=3935, ncalls=440934, regioncalls=23282720, ndraw=40, logz=-11.36, remainder_fraction=1.5543%, Lmin=-0.16, Lmax=-0.02
11:27:48 [ultranest] [DEBUG] iteration=3936, ncalls=442607, regioncalls=23381920, ndraw=40, logz=-11.36, remainder_fraction=1.5485%, Lmin=-0.16, Lmax=-0.02
11:27:48 [ultranest] [DEBUG] iteration=3937, ncalls=442746, regioncalls=23389000, ndraw=40, logz=-11.36, remainder_fraction=1.5430%, Lmin=-0.16, Lmax=-0.02
11:27:48 [ultranest] [DEBUG] iteration=3938, ncalls=442774, regioncalls=23390560, ndraw=40, logz=-11.36, remainder_fraction=1.5370%, Lmin=-0.16, Lmax=-0.02
11:27:50 [ultranest] [DEBUG] iteration=3939, ncalls=443367, regioncalls=23424320, ndraw=40, logz=-11.36, remainder_fraction=1.5309%, Lmin=-0.16, Lmax=-0.02
11:27:50 [ultranest] [DEBUG] iteration=3940, ncalls=443411, regioncalls=23427320, ndraw=40, logz=-11.36, remainder_fraction=1.5254%, Lmin=-0.16, Lmax=-0.02
11:27:52 [ultranest] [DEBUG] iteration=3941, ncalls=444274, regioncalls=23479800, ndraw=40, logz=-11.36, remainder_fraction=1.5195%, Lmin=-0.16, Lmax=-0.02
11:27:53 [ultranest] [DEBUG] iteration=3942, ncalls=444556, regioncalls=23495160, ndraw=40, logz=-11.36, remainder_fraction=1.5134%, Lmin=-0.16, Lmax=-0.02
11:27:53 [ultranest] [DEBUG] iteration=3943, ncalls=444639, regioncalls=23500160, ndraw=40, logz=-11.36, remainder_fraction=1.5074%, Lmin=-0.16, Lmax=-0.02
11:27:53 [ultranest] [DEBUG] iteration=3945, ncalls=444889, regioncalls=23514120, ndraw=40, logz=-11.36, remainder_fraction=1.4962%, Lmin=-0.16, Lmax=-0.02
11:27:56 [ultranest] [DEBUG] iteration=3946, ncalls=445616, regioncalls=23559520, ndraw=40, logz=-11.36, remainder_fraction=1.4903%, Lmin=-0.16, Lmax=-0.02
11:27:56 [ultranest] [DEBUG] iteration=3947, ncalls=445710, regioncalls=23565400, ndraw=40, logz=-11.36, remainder_fraction=1.4847%, Lmin=-0.16, Lmax=-0.02
11:27:57 [ultranest] [DEBUG] iteration=3949, ncalls=445923, regioncalls=23578800, ndraw=40, logz=-11.36, remainder_fraction=1.4738%, Lmin=-0.16, Lmax=-0.02
11:27:58 [ultranest] [DEBUG] iteration=3950, ncalls=446634, regioncalls=23622720, ndraw=40, logz=-11.36, remainder_fraction=1.4680%, Lmin=-0.15, Lmax=-0.02
11:27:59 [ultranest] [DEBUG] iteration=3951, ncalls=446726, regioncalls=23627960, ndraw=40, logz=-11.36, remainder_fraction=1.4625%, Lmin=-0.15, Lmax=-0.02
11:28:00 [ultranest] [DEBUG] iteration=3952, ncalls=447120, regioncalls=23653040, ndraw=40, logz=-11.36, remainder_fraction=1.4571%, Lmin=-0.15, Lmax=-0.02
11:28:00 [ultranest] [DEBUG] iteration=3953, ncalls=447283, regioncalls=23664080, ndraw=40, logz=-11.36, remainder_fraction=1.4513%, Lmin=-0.15, Lmax=-0.02
11:28:02 [ultranest] [DEBUG] iteration=3954, ncalls=447871, regioncalls=23702480, ndraw=40, logz=-11.36, remainder_fraction=1.4456%, Lmin=-0.15, Lmax=-0.02
11:28:05 [ultranest] [DEBUG] iteration=3955, ncalls=449127, regioncalls=23783600, ndraw=40, logz=-11.36, remainder_fraction=1.4401%, Lmin=-0.15, Lmax=-0.02
11:28:05 [ultranest] [DEBUG] iteration=3956, ncalls=449347, regioncalls=23796280, ndraw=40, logz=-11.36, remainder_fraction=1.4348%, Lmin=-0.15, Lmax=-0.02
11:28:07 [ultranest] [DEBUG] iteration=3957, ncalls=449813, regioncalls=23824960, ndraw=40, logz=-11.36, remainder_fraction=1.4293%, Lmin=-0.15, Lmax=-0.02
11:28:08 [ultranest] [DEBUG] iteration=3959, ncalls=450187, regioncalls=23847600, ndraw=40, logz=-11.36, remainder_fraction=1.4184%, Lmin=-0.15, Lmax=-0.02
11:28:11 [ultranest] [DEBUG] iteration=3960, ncalls=451513, regioncalls=23923240, ndraw=40, logz=-11.36, remainder_fraction=1.4129%, Lmin=-0.15, Lmax=-0.02
11:28:11 [ultranest] [DEBUG] iteration=3961, ncalls=451619, regioncalls=23929440, ndraw=40, logz=-11.36, remainder_fraction=1.4078%, Lmin=-0.15, Lmax=-0.02
11:28:13 [ultranest] [DEBUG] iteration=3962, ncalls=452183, regioncalls=23964920, ndraw=40, logz=-11.36, remainder_fraction=1.4022%, Lmin=-0.15, Lmax=-0.02
11:28:14 [ultranest] [DEBUG] iteration=3963, ncalls=452786, regioncalls=24000200, ndraw=40, logz=-11.36, remainder_fraction=1.3968%, Lmin=-0.15, Lmax=-0.02
11:28:15 [ultranest] [DEBUG] iteration=3964, ncalls=453214, regioncalls=24026120, ndraw=40, logz=-11.36, remainder_fraction=1.3913%, Lmin=-0.15, Lmax=-0.02
11:28:15 [ultranest] [DEBUG] iteration=3965, ncalls=453522, regioncalls=24044440, ndraw=40, logz=-11.36, remainder_fraction=1.3860%, Lmin=-0.15, Lmax=-0.02
11:28:16 [ultranest] [DEBUG] iteration=3966, ncalls=453906, regioncalls=24067800, ndraw=40, logz=-11.36, remainder_fraction=1.3806%, Lmin=-0.15, Lmax=-0.02
11:28:17 [ultranest] [DEBUG] iteration=3967, ncalls=454437, regioncalls=24100440, ndraw=40, logz=-11.36, remainder_fraction=1.3757%, Lmin=-0.15, Lmax=-0.02
11:28:18 [ultranest] [DEBUG] iteration=3968, ncalls=454787, regioncalls=24120400, ndraw=40, logz=-11.36, remainder_fraction=1.3704%, Lmin=-0.15, Lmax=-0.02
11:28:19 [ultranest] [DEBUG] iteration=3969, ncalls=455174, regioncalls=24143360, ndraw=40, logz=-11.36, remainder_fraction=1.3649%, Lmin=-0.15, Lmax=-0.02
11:28:21 [ultranest] [DEBUG] iteration=3970, ncalls=455593, regioncalls=24169560, ndraw=40, logz=-11.36, remainder_fraction=1.3596%, Lmin=-0.15, Lmax=-0.02
11:28:22 [ultranest] [DEBUG] iteration=3971, ncalls=455986, regioncalls=24192200, ndraw=40, logz=-11.36, remainder_fraction=1.3543%, Lmin=-0.15, Lmax=-0.02
11:28:23 [ultranest] [DEBUG] iteration=3972, ncalls=456403, regioncalls=24216840, ndraw=40, logz=-11.36, remainder_fraction=1.3492%, Lmin=-0.15, Lmax=-0.02
11:28:24 [ultranest] [DEBUG] iteration=3973, ncalls=456775, regioncalls=24238800, ndraw=40, logz=-11.36, remainder_fraction=1.3440%, Lmin=-0.15, Lmax=-0.02
11:28:24 [ultranest] [DEBUG] iteration=3974, ncalls=456812, regioncalls=24240640, ndraw=40, logz=-11.36, remainder_fraction=1.3392%, Lmin=-0.15, Lmax=-0.02
11:28:29 [ultranest] [DEBUG] iteration=3975, ncalls=459223, regioncalls=24381680, ndraw=40, logz=-11.36, remainder_fraction=1.3343%, Lmin=-0.15, Lmax=-0.02
11:28:31 [ultranest] [DEBUG] iteration=3976, ncalls=460325, regioncalls=24449600, ndraw=40, logz=-11.36, remainder_fraction=1.3292%, Lmin=-0.15, Lmax=-0.02
11:28:35 [ultranest] [DEBUG] iteration=3977, ncalls=462111, regioncalls=24555480, ndraw=40, logz=-11.36, remainder_fraction=1.3241%, Lmin=-0.15, Lmax=-0.02
11:28:36 [ultranest] [DEBUG] iteration=3978, ncalls=462236, regioncalls=24563120, ndraw=40, logz=-11.36, remainder_fraction=1.3191%, Lmin=-0.15, Lmax=-0.02
11:28:37 [ultranest] [DEBUG] iteration=3979, ncalls=462782, regioncalls=24595560, ndraw=40, logz=-11.36, remainder_fraction=1.3139%, Lmin=-0.15, Lmax=-0.02
11:28:39 [ultranest] [DEBUG] iteration=3980, ncalls=463393, regioncalls=24633360, ndraw=40, logz=-11.36, remainder_fraction=1.3087%, Lmin=-0.15, Lmax=-0.02
11:28:39 [ultranest] [DEBUG] iteration=3981, ncalls=463662, regioncalls=24650960, ndraw=40, logz=-11.36, remainder_fraction=1.3035%, Lmin=-0.15, Lmax=-0.02
11:28:39 [ultranest] [DEBUG] iteration=3983, ncalls=463740, regioncalls=24656400, ndraw=40, logz=-11.36, remainder_fraction=1.2936%, Lmin=-0.14, Lmax=-0.02
11:28:43 [ultranest] [DEBUG] iteration=3984, ncalls=465392, regioncalls=24759720, ndraw=40, logz=-11.36, remainder_fraction=1.2888%, Lmin=-0.14, Lmax=-0.02
11:28:44 [ultranest] [DEBUG] iteration=3985, ncalls=465570, regioncalls=24769920, ndraw=40, logz=-11.36, remainder_fraction=1.2837%, Lmin=-0.14, Lmax=-0.02
11:28:44 [ultranest] [DEBUG] iteration=3986, ncalls=465624, regioncalls=24773000, ndraw=40, logz=-11.36, remainder_fraction=1.2790%, Lmin=-0.14, Lmax=-0.02
11:28:44 [ultranest] [DEBUG] iteration=3987, ncalls=465749, regioncalls=24780480, ndraw=40, logz=-11.36, remainder_fraction=1.2741%, Lmin=-0.14, Lmax=-0.02
11:28:47 [ultranest] [DEBUG] iteration=3988, ncalls=466870, regioncalls=24853560, ndraw=40, logz=-11.36, remainder_fraction=1.2695%, Lmin=-0.14, Lmax=-0.02
11:28:47 [ultranest] [DEBUG] iteration=3989, ncalls=466948, regioncalls=24858520, ndraw=40, logz=-11.36, remainder_fraction=1.2645%, Lmin=-0.14, Lmax=-0.02
11:28:47 [ultranest] [DEBUG] iteration=3990, ncalls=467235, regioncalls=24875400, ndraw=40, logz=-11.36, remainder_fraction=1.2598%, Lmin=-0.14, Lmax=-0.02
11:28:51 [ultranest] [DEBUG] iteration=3991, ncalls=468978, regioncalls=24982160, ndraw=40, logz=-11.36, remainder_fraction=1.2554%, Lmin=-0.14, Lmax=-0.02
11:28:54 [ultranest] [DEBUG] iteration=3992, ncalls=469996, regioncalls=25047040, ndraw=40, logz=-11.36, remainder_fraction=1.2507%, Lmin=-0.14, Lmax=-0.02
11:28:58 [ultranest] [DEBUG] iteration=3993, ncalls=471765, regioncalls=25153200, ndraw=40, logz=-11.36, remainder_fraction=1.2460%, Lmin=-0.14, Lmax=-0.02
11:28:58 [ultranest] [DEBUG] iteration=3994, ncalls=472088, regioncalls=25173560, ndraw=40, logz=-11.36, remainder_fraction=1.2415%, Lmin=-0.14, Lmax=-0.02
11:29:01 [ultranest] [DEBUG] iteration=3995, ncalls=473509, regioncalls=25258440, ndraw=40, logz=-11.36, remainder_fraction=1.2368%, Lmin=-0.14, Lmax=-0.02
11:29:02 [ultranest] [DEBUG] iteration=3996, ncalls=473612, regioncalls=25264840, ndraw=40, logz=-11.36, remainder_fraction=1.2320%, Lmin=-0.14, Lmax=-0.02
11:29:04 [ultranest] [DEBUG] iteration=3997, ncalls=474648, regioncalls=25325880, ndraw=40, logz=-11.36, remainder_fraction=1.2271%, Lmin=-0.14, Lmax=-0.02
11:29:08 [ultranest] [DEBUG] iteration=3998, ncalls=476318, regioncalls=25428080, ndraw=40, logz=-11.36, remainder_fraction=1.2222%, Lmin=-0.14, Lmax=-0.01
11:29:10 [ultranest] [DEBUG] iteration=3999, ncalls=477419, regioncalls=25497720, ndraw=40, logz=-11.36, remainder_fraction=1.2174%, Lmin=-0.14, Lmax=-0.01
11:29:11 [ultranest] [DEBUG] iteration=4000, ncalls=478315, regioncalls=25553320, ndraw=40, logz=-11.36, remainder_fraction=1.2132%, Lmin=-0.14, Lmax=-0.01
11:29:12 [ultranest] [DEBUG] iteration=4001, ncalls=478439, regioncalls=25560760, ndraw=40, logz=-11.36, remainder_fraction=1.2084%, Lmin=-0.14, Lmax=-0.01
11:29:14 [ultranest] [DEBUG] iteration=4002, ncalls=479429, regioncalls=25622080, ndraw=40, logz=-11.36, remainder_fraction=1.2037%, Lmin=-0.14, Lmax=-0.01
11:29:15 [ultranest] [DEBUG] iteration=4003, ncalls=479545, regioncalls=25630320, ndraw=40, logz=-11.36, remainder_fraction=1.1990%, Lmin=-0.14, Lmax=-0.01
11:29:17 [ultranest] [DEBUG] iteration=4004, ncalls=480515, regioncalls=25688080, ndraw=40, logz=-11.36, remainder_fraction=1.1943%, Lmin=-0.14, Lmax=-0.01
11:29:18 [ultranest] [DEBUG] iteration=4006, ncalls=481040, regioncalls=25718640, ndraw=40, logz=-11.36, remainder_fraction=1.1849%, Lmin=-0.14, Lmax=-0.01
11:29:21 [ultranest] [DEBUG] iteration=4007, ncalls=482203, regioncalls=25790080, ndraw=40, logz=-11.36, remainder_fraction=1.1802%, Lmin=-0.14, Lmax=-0.01
11:29:23 [ultranest] [DEBUG] iteration=4009, ncalls=482949, regioncalls=25833200, ndraw=40, logz=-11.36, remainder_fraction=1.1716%, Lmin=-0.14, Lmax=-0.01
11:29:26 [ultranest] [DEBUG] iteration=4010, ncalls=484030, regioncalls=25899480, ndraw=40, logz=-11.36, remainder_fraction=1.1673%, Lmin=-0.14, Lmax=-0.01
11:29:26 [ultranest] [DEBUG] iteration=4011, ncalls=484065, regioncalls=25901760, ndraw=40, logz=-11.36, remainder_fraction=1.1630%, Lmin=-0.14, Lmax=-0.01
11:29:27 [ultranest] [DEBUG] iteration=4012, ncalls=484371, regioncalls=25921440, ndraw=40, logz=-11.36, remainder_fraction=1.1586%, Lmin=-0.14, Lmax=-0.01
11:29:32 [ultranest] [DEBUG] iteration=4013, ncalls=486113, regioncalls=26032440, ndraw=40, logz=-11.36, remainder_fraction=1.1541%, Lmin=-0.14, Lmax=-0.01
11:29:34 [ultranest] [DEBUG] iteration=4014, ncalls=486733, regioncalls=26069040, ndraw=40, logz=-11.36, remainder_fraction=1.1495%, Lmin=-0.14, Lmax=-0.01
11:29:35 [ultranest] [DEBUG] iteration=4015, ncalls=487080, regioncalls=26090280, ndraw=40, logz=-11.36, remainder_fraction=1.1451%, Lmin=-0.14, Lmax=-0.01
11:29:36 [ultranest] [DEBUG] iteration=4016, ncalls=487598, regioncalls=26121800, ndraw=40, logz=-11.36, remainder_fraction=1.1407%, Lmin=-0.14, Lmax=-0.01
11:29:39 [ultranest] [DEBUG] iteration=4017, ncalls=488818, regioncalls=26193760, ndraw=40, logz=-11.36, remainder_fraction=1.1365%, Lmin=-0.14, Lmax=-0.01
11:29:40 [ultranest] [DEBUG] iteration=4018, ncalls=489451, regioncalls=26233640, ndraw=40, logz=-11.36, remainder_fraction=1.1322%, Lmin=-0.14, Lmax=-0.01
11:29:42 [ultranest] [DEBUG] iteration=4019, ncalls=490253, regioncalls=26283120, ndraw=40, logz=-11.36, remainder_fraction=1.1277%, Lmin=-0.14, Lmax=-0.01
11:29:42 [ultranest] [DEBUG] iteration=4020, ncalls=490362, regioncalls=26289280, ndraw=40, logz=-11.36, remainder_fraction=1.1233%, Lmin=-0.14, Lmax=-0.01
11:29:43 [ultranest] [DEBUG] iteration=4021, ncalls=490699, regioncalls=26307600, ndraw=40, logz=-11.36, remainder_fraction=1.1190%, Lmin=-0.14, Lmax=-0.01
11:29:43 [ultranest] [DEBUG] iteration=4022, ncalls=490863, regioncalls=26317760, ndraw=40, logz=-11.36, remainder_fraction=1.1149%, Lmin=-0.14, Lmax=-0.01
11:29:45 [ultranest] [DEBUG] iteration=4023, ncalls=491481, regioncalls=26355920, ndraw=40, logz=-11.36, remainder_fraction=1.1109%, Lmin=-0.14, Lmax=-0.01
11:29:50 [ultranest] [DEBUG] iteration=4025, ncalls=493561, regioncalls=26483480, ndraw=40, logz=-11.36, remainder_fraction=1.1026%, Lmin=-0.14, Lmax=-0.01
11:29:51 [ultranest] [DEBUG] iteration=4026, ncalls=494152, regioncalls=26522840, ndraw=40, logz=-11.36, remainder_fraction=1.0983%, Lmin=-0.14, Lmax=-0.01
11:29:52 [ultranest] [DEBUG] iteration=4027, ncalls=494433, regioncalls=26540680, ndraw=40, logz=-11.36, remainder_fraction=1.0942%, Lmin=-0.14, Lmax=-0.01
11:29:53 [ultranest] [DEBUG] iteration=4028, ncalls=494672, regioncalls=26555160, ndraw=40, logz=-11.36, remainder_fraction=1.0901%, Lmin=-0.13, Lmax=-0.01
11:29:53 [ultranest] [DEBUG] iteration=4029, ncalls=495048, regioncalls=26580720, ndraw=40, logz=-11.36, remainder_fraction=1.0858%, Lmin=-0.13, Lmax=-0.01
11:29:53 [ultranest] [DEBUG] iteration=4030, ncalls=495106, regioncalls=26584400, ndraw=40, logz=-11.36, remainder_fraction=1.0816%, Lmin=-0.13, Lmax=-0.01
11:29:59 [ultranest] [DEBUG] iteration=4031, ncalls=497304, regioncalls=26714480, ndraw=40, logz=-11.36, remainder_fraction=1.0773%, Lmin=-0.13, Lmax=-0.01
11:30:00 [ultranest] [DEBUG] iteration=4033, ncalls=497681, regioncalls=26737880, ndraw=40, logz=-11.36, remainder_fraction=1.0690%, Lmin=-0.13, Lmax=-0.01
11:30:05 [ultranest] [DEBUG] iteration=4035, ncalls=499272, regioncalls=26834320, ndraw=40, logz=-11.36, remainder_fraction=1.0607%, Lmin=-0.13, Lmax=-0.01
11:30:06 [ultranest] [DEBUG] iteration=4036, ncalls=499763, regioncalls=26866200, ndraw=40, logz=-11.36, remainder_fraction=1.0568%, Lmin=-0.13, Lmax=-0.01
11:30:09 [ultranest] [DEBUG] iteration=4038, ncalls=500716, regioncalls=26923800, ndraw=40, logz=-11.36, remainder_fraction=1.0487%, Lmin=-0.13, Lmax=-0.01
11:30:12 [ultranest] [DEBUG] iteration=4039, ncalls=501960, regioncalls=27001320, ndraw=40, logz=-11.36, remainder_fraction=1.0448%, Lmin=-0.13, Lmax=-0.01
11:30:15 [ultranest] [DEBUG] iteration=4040, ncalls=503015, regioncalls=27068440, ndraw=40, logz=-11.36, remainder_fraction=1.0409%, Lmin=-0.13, Lmax=-0.01
11:30:16 [ultranest] [DEBUG] iteration=4041, ncalls=503130, regioncalls=27075400, ndraw=40, logz=-11.36, remainder_fraction=1.0370%, Lmin=-0.13, Lmax=-0.01
11:30:20 [ultranest] [DEBUG] iteration=4042, ncalls=504647, regioncalls=27170080, ndraw=40, logz=-11.36, remainder_fraction=1.0330%, Lmin=-0.13, Lmax=-0.01
11:30:24 [ultranest] [DEBUG] iteration=4043, ncalls=506387, regioncalls=27273040, ndraw=40, logz=-11.36, remainder_fraction=1.0289%, Lmin=-0.13, Lmax=-0.01
11:30:27 [ultranest] [DEBUG] iteration=4044, ncalls=507290, regioncalls=27328560, ndraw=40, logz=-11.36, remainder_fraction=1.0250%, Lmin=-0.13, Lmax=-0.01
11:30:28 [ultranest] [DEBUG] iteration=4045, ncalls=508157, regioncalls=27383760, ndraw=40, logz=-11.36, remainder_fraction=1.0211%, Lmin=-0.13, Lmax=-0.01
11:30:29 [ultranest] [DEBUG] iteration=4046, ncalls=508683, regioncalls=27416320, ndraw=40, logz=-11.36, remainder_fraction=1.0172%, Lmin=-0.13, Lmax=-0.01
11:30:31 [ultranest] [DEBUG] iteration=4047, ncalls=509556, regioncalls=27471440, ndraw=40, logz=-11.36, remainder_fraction=1.0133%, Lmin=-0.13, Lmax=-0.01
11:30:33 [ultranest] [DEBUG] iteration=4048, ncalls=510493, regioncalls=27529560, ndraw=40, logz=-11.36, remainder_fraction=1.0092%, Lmin=-0.13, Lmax=-0.01
11:30:35 [ultranest] [DEBUG] iteration=4049, ncalls=511335, regioncalls=27582000, ndraw=40, logz=-11.36, remainder_fraction=1.0053%, Lmin=-0.13, Lmax=-0.01
11:30:35 [ultranest] [DEBUG] iteration=4050, ncalls=511424, regioncalls=27588120, ndraw=40, logz=-11.36, remainder_fraction=1.0014%, Lmin=-0.13, Lmax=-0.01
11:30:40 [ultranest] [DEBUG] iteration=4051, ncalls=513578, regioncalls=27717600, ndraw=40, logz=-11.36, remainder_fraction=0.9978%, Lmin=-0.13, Lmax=-0.01
11:30:41 [ultranest] [DEBUG] iteration=4052, ncalls=513817, regioncalls=27733200, ndraw=40, logz=-11.36, remainder_fraction=0.9939%, Lmin=-0.13, Lmax=-0.01
11:30:45 [ultranest] [DEBUG] iteration=4053, ncalls=515803, regioncalls=27854720, ndraw=40, logz=-11.36, remainder_fraction=0.9900%, Lmin=-0.13, Lmax=-0.01
11:30:45 [ultranest] [DEBUG] iteration=4054, ncalls=516001, regioncalls=27866280, ndraw=40, logz=-11.36, remainder_fraction=0.9861%, Lmin=-0.13, Lmax=-0.01
11:30:45 [ultranest] [DEBUG] iteration=4055, ncalls=516070, regioncalls=27870720, ndraw=40, logz=-11.36, remainder_fraction=0.9823%, Lmin=-0.13, Lmax=-0.01
11:30:46 [ultranest] [DEBUG] iteration=4056, ncalls=516359, regioncalls=27887880, ndraw=40, logz=-11.36, remainder_fraction=0.9785%, Lmin=-0.13, Lmax=-0.01
11:30:46 [ultranest] [DEBUG] iteration=4057, ncalls=516583, regioncalls=27901960, ndraw=40, logz=-11.36, remainder_fraction=0.9747%, Lmin=-0.13, Lmax=-0.01
11:30:52 [ultranest] [DEBUG] iteration=4058, ncalls=518560, regioncalls=28020240, ndraw=40, logz=-11.36, remainder_fraction=0.9708%, Lmin=-0.13, Lmax=-0.01
11:30:54 [ultranest] [DEBUG] iteration=4059, ncalls=519437, regioncalls=28073520, ndraw=40, logz=-11.36, remainder_fraction=0.9672%, Lmin=-0.13, Lmax=-0.01
11:30:54 [ultranest] [DEBUG] iteration=4060, ncalls=519620, regioncalls=28084200, ndraw=40, logz=-11.36, remainder_fraction=0.9633%, Lmin=-0.13, Lmax=-0.01
11:30:56 [ultranest] [DEBUG] iteration=4061, ncalls=520204, regioncalls=28119960, ndraw=40, logz=-11.36, remainder_fraction=0.9595%, Lmin=-0.12, Lmax=-0.01
11:30:59 [ultranest] [DEBUG] iteration=4062, ncalls=521551, regioncalls=28203840, ndraw=40, logz=-11.36, remainder_fraction=0.9558%, Lmin=-0.12, Lmax=-0.01
11:31:00 [ultranest] [DEBUG] iteration=4063, ncalls=522009, regioncalls=28239200, ndraw=40, logz=-11.36, remainder_fraction=0.9521%, Lmin=-0.12, Lmax=-0.01
11:31:05 [ultranest] [DEBUG] iteration=4064, ncalls=523507, regioncalls=28349960, ndraw=40, logz=-11.36, remainder_fraction=0.9484%, Lmin=-0.12, Lmax=-0.01
11:31:06 [ultranest] [DEBUG] iteration=4065, ncalls=523795, regioncalls=28369640, ndraw=40, logz=-11.36, remainder_fraction=0.9448%, Lmin=-0.12, Lmax=-0.01
11:31:16 [ultranest] [DEBUG] iteration=4066, ncalls=527515, regioncalls=28645920, ndraw=40, logz=-11.36, remainder_fraction=0.9411%, Lmin=-0.12, Lmax=-0.01
11:31:21 [ultranest] [DEBUG] iteration=4067, ncalls=529162, regioncalls=28768680, ndraw=40, logz=-11.36, remainder_fraction=0.9375%, Lmin=-0.12, Lmax=-0.01
11:31:24 [ultranest] [DEBUG] iteration=4068, ncalls=530184, regioncalls=28849360, ndraw=40, logz=-11.36, remainder_fraction=0.9338%, Lmin=-0.12, Lmax=-0.01
11:31:27 [ultranest] [DEBUG] iteration=4069, ncalls=531047, regioncalls=28913320, ndraw=40, logz=-11.36, remainder_fraction=0.9301%, Lmin=-0.12, Lmax=-0.01
11:31:28 [ultranest] [DEBUG] iteration=4070, ncalls=531303, regioncalls=28936080, ndraw=40, logz=-11.36, remainder_fraction=0.9265%, Lmin=-0.12, Lmax=-0.01
11:31:29 [ultranest] [DEBUG] iteration=4071, ncalls=531644, regioncalls=28962960, ndraw=40, logz=-11.36, remainder_fraction=0.9231%, Lmin=-0.12, Lmax=-0.01
11:31:30 [ultranest] [DEBUG] iteration=4072, ncalls=532021, regioncalls=28989520, ndraw=40, logz=-11.36, remainder_fraction=0.9196%, Lmin=-0.12, Lmax=-0.01
11:31:31 [ultranest] [DEBUG] iteration=4073, ncalls=532309, regioncalls=29008440, ndraw=40, logz=-11.36, remainder_fraction=0.9159%, Lmin=-0.12, Lmax=-0.01
11:31:31 [ultranest] [DEBUG] iteration=4074, ncalls=532355, regioncalls=29012360, ndraw=40, logz=-11.36, remainder_fraction=0.9125%, Lmin=-0.12, Lmax=-0.01
11:31:32 [ultranest] [DEBUG] iteration=4075, ncalls=532605, regioncalls=29029720, ndraw=40, logz=-11.36, remainder_fraction=0.9089%, Lmin=-0.12, Lmax=-0.01
11:31:32 [ultranest] [DEBUG] iteration=4076, ncalls=532759, regioncalls=29041840, ndraw=40, logz=-11.36, remainder_fraction=0.9054%, Lmin=-0.12, Lmax=-0.01
11:31:34 [ultranest] [DEBUG] iteration=4077, ncalls=533223, regioncalls=29074840, ndraw=40, logz=-11.36, remainder_fraction=0.9019%, Lmin=-0.12, Lmax=-0.01
11:31:34 [ultranest] [DEBUG] iteration=4078, ncalls=533312, regioncalls=29081600, ndraw=40, logz=-11.36, remainder_fraction=0.8985%, Lmin=-0.12, Lmax=-0.01
11:31:39 [ultranest] [DEBUG] iteration=4079, ncalls=534932, regioncalls=29201880, ndraw=40, logz=-11.36, remainder_fraction=0.8950%, Lmin=-0.12, Lmax=-0.01
11:31:41 [ultranest] [DEBUG] iteration=4080, ncalls=535941, regioncalls=29276640, ndraw=40, logz=-11.36, remainder_fraction=0.8914%, Lmin=-0.12, Lmax=-0.01
11:31:44 [ultranest] [DEBUG] iteration=4081, ncalls=536609, regioncalls=29329600, ndraw=40, logz=-11.36, remainder_fraction=0.8879%, Lmin=-0.12, Lmax=-0.01
11:31:46 [ultranest] [DEBUG] iteration=4082, ncalls=537226, regioncalls=29371240, ndraw=40, logz=-11.36, remainder_fraction=0.8844%, Lmin=-0.12, Lmax=-0.01
11:31:50 [ultranest] [DEBUG] iteration=4083, ncalls=538587, regioncalls=29474360, ndraw=40, logz=-11.36, remainder_fraction=0.8811%, Lmin=-0.12, Lmax=-0.01
11:31:52 [ultranest] [DEBUG] iteration=4085, ncalls=539439, regioncalls=29541600, ndraw=40, logz=-11.36, remainder_fraction=0.8747%, Lmin=-0.12, Lmax=-0.01
11:31:54 [ultranest] [DEBUG] iteration=4086, ncalls=540196, regioncalls=29600160, ndraw=40, logz=-11.36, remainder_fraction=0.8712%, Lmin=-0.12, Lmax=-0.01
11:31:56 [ultranest] [DEBUG] iteration=4087, ncalls=540790, regioncalls=29642400, ndraw=40, logz=-11.36, remainder_fraction=0.8677%, Lmin=-0.12, Lmax=-0.01
11:31:56 [ultranest] [DEBUG] iteration=4088, ncalls=540917, regioncalls=29651280, ndraw=40, logz=-11.36, remainder_fraction=0.8643%, Lmin=-0.12, Lmax=-0.01
11:31:58 [ultranest] [DEBUG] iteration=4089, ncalls=541833, regioncalls=29721400, ndraw=40, logz=-11.36, remainder_fraction=0.8610%, Lmin=-0.12, Lmax=-0.01
11:32:01 [ultranest] [DEBUG] iteration=4090, ncalls=543005, regioncalls=29808640, ndraw=40, logz=-11.36, remainder_fraction=0.8577%, Lmin=-0.12, Lmax=-0.01
11:32:02 [ultranest] [DEBUG] iteration=4091, ncalls=543284, regioncalls=29829040, ndraw=40, logz=-11.36, remainder_fraction=0.8544%, Lmin=-0.12, Lmax=-0.01
11:32:03 [ultranest] [DEBUG] iteration=4092, ncalls=543327, regioncalls=29832120, ndraw=40, logz=-11.36, remainder_fraction=0.8510%, Lmin=-0.12, Lmax=-0.01
11:32:09 [ultranest] [DEBUG] iteration=4094, ncalls=545385, regioncalls=29985000, ndraw=40, logz=-11.36, remainder_fraction=0.8444%, Lmin=-0.12, Lmax=-0.01
11:32:12 [ultranest] [DEBUG] iteration=4095, ncalls=546569, regioncalls=30076920, ndraw=40, logz=-11.36, remainder_fraction=0.8411%, Lmin=-0.12, Lmax=-0.01
11:32:13 [ultranest] [DEBUG] iteration=4096, ncalls=546697, regioncalls=30087560, ndraw=40, logz=-11.36, remainder_fraction=0.8378%, Lmin=-0.12, Lmax=-0.01
11:32:15 [ultranest] [DEBUG] iteration=4097, ncalls=547571, regioncalls=30154560, ndraw=40, logz=-11.35, remainder_fraction=0.8345%, Lmin=-0.12, Lmax=-0.01
11:32:15 [ultranest] [DEBUG] iteration=4098, ncalls=547893, regioncalls=30179360, ndraw=40, logz=-11.35, remainder_fraction=0.8312%, Lmin=-0.12, Lmax=-0.01
11:32:17 [ultranest] [DEBUG] iteration=4099, ncalls=548454, regioncalls=30220600, ndraw=40, logz=-11.35, remainder_fraction=0.8279%, Lmin=-0.12, Lmax=-0.01
11:32:18 [ultranest] [DEBUG] iteration=4101, ncalls=548775, regioncalls=30246600, ndraw=40, logz=-11.35, remainder_fraction=0.8218%, Lmin=-0.12, Lmax=-0.01
11:32:21 [ultranest] [DEBUG] iteration=4102, ncalls=549899, regioncalls=30333240, ndraw=40, logz=-11.35, remainder_fraction=0.8185%, Lmin=-0.12, Lmax=-0.01
11:32:22 [ultranest] [DEBUG] iteration=4103, ncalls=550219, regioncalls=30357040, ndraw=40, logz=-11.35, remainder_fraction=0.8154%, Lmin=-0.12, Lmax=-0.01
11:32:25 [ultranest] [DEBUG] iteration=4104, ncalls=551180, regioncalls=30432320, ndraw=40, logz=-11.35, remainder_fraction=0.8121%, Lmin=-0.12, Lmax=-0.01
11:32:29 [ultranest] [DEBUG] iteration=4105, ncalls=552351, regioncalls=30523160, ndraw=40, logz=-11.35, remainder_fraction=0.8089%, Lmin=-0.12, Lmax=-0.01
11:32:37 [ultranest] [DEBUG] iteration=4106, ncalls=555077, regioncalls=30723360, ndraw=40, logz=-11.35, remainder_fraction=0.8057%, Lmin=-0.12, Lmax=-0.01
11:32:39 [ultranest] [DEBUG] iteration=4107, ncalls=555596, regioncalls=30758160, ndraw=40, logz=-11.35, remainder_fraction=0.8026%, Lmin=-0.11, Lmax=-0.01
11:32:42 [ultranest] [DEBUG] iteration=4108, ncalls=556937, regioncalls=30855200, ndraw=40, logz=-11.35, remainder_fraction=0.7995%, Lmin=-0.11, Lmax=-0.01
11:32:43 [ultranest] [DEBUG] iteration=4109, ncalls=557152, regioncalls=30871640, ndraw=40, logz=-11.35, remainder_fraction=0.7964%, Lmin=-0.11, Lmax=-0.01
11:32:45 [ultranest] [DEBUG] iteration=4110, ncalls=557630, regioncalls=30907160, ndraw=40, logz=-11.35, remainder_fraction=0.7933%, Lmin=-0.11, Lmax=-0.01
11:32:50 [ultranest] [DEBUG] iteration=4111, ncalls=559311, regioncalls=31031840, ndraw=40, logz=-11.35, remainder_fraction=0.7903%, Lmin=-0.11, Lmax=-0.01
11:32:54 [ultranest] [DEBUG] iteration=4112, ncalls=560380, regioncalls=31111960, ndraw=40, logz=-11.35, remainder_fraction=0.7872%, Lmin=-0.11, Lmax=-0.01
11:32:55 [ultranest] [DEBUG] iteration=4113, ncalls=560499, regioncalls=31123480, ndraw=40, logz=-11.35, remainder_fraction=0.7842%, Lmin=-0.11, Lmax=-0.01
11:32:55 [ultranest] [DEBUG] iteration=4114, ncalls=560523, regioncalls=31125200, ndraw=40, logz=-11.35, remainder_fraction=0.7814%, Lmin=-0.11, Lmax=-0.01
11:32:58 [ultranest] [DEBUG] iteration=4115, ncalls=561632, regioncalls=31212000, ndraw=40, logz=-11.35, remainder_fraction=0.7783%, Lmin=-0.11, Lmax=-0.01
11:32:59 [ultranest] [DEBUG] iteration=4116, ncalls=562083, regioncalls=31248800, ndraw=40, logz=-11.35, remainder_fraction=0.7752%, Lmin=-0.11, Lmax=-0.01
11:33:01 [ultranest] [DEBUG] iteration=4118, ncalls=562445, regioncalls=31275880, ndraw=40, logz=-11.35, remainder_fraction=0.7692%, Lmin=-0.11, Lmax=-0.01
11:33:04 [ultranest] [DEBUG] iteration=4119, ncalls=563565, regioncalls=31364320, ndraw=40, logz=-11.35, remainder_fraction=0.7661%, Lmin=-0.11, Lmax=-0.01
11:33:07 [ultranest] [DEBUG] iteration=4120, ncalls=564178, regioncalls=31408000, ndraw=40, logz=-11.35, remainder_fraction=0.7634%, Lmin=-0.11, Lmax=-0.01
11:33:07 [ultranest] [DEBUG] iteration=4121, ncalls=564366, regioncalls=31423400, ndraw=40, logz=-11.35, remainder_fraction=0.7604%, Lmin=-0.11, Lmax=-0.01
11:33:08 [ultranest] [DEBUG] iteration=4122, ncalls=564497, regioncalls=31433080, ndraw=40, logz=-11.35, remainder_fraction=0.7575%, Lmin=-0.11, Lmax=-0.01
11:33:12 [ultranest] [DEBUG] iteration=4123, ncalls=565856, regioncalls=31531600, ndraw=40, logz=-11.35, remainder_fraction=0.7545%, Lmin=-0.11, Lmax=-0.01
11:33:13 [ultranest] [DEBUG] iteration=4124, ncalls=566473, regioncalls=31577680, ndraw=40, logz=-11.35, remainder_fraction=0.7517%, Lmin=-0.11, Lmax=-0.01
11:33:15 [ultranest] [DEBUG] iteration=4126, ncalls=567121, regioncalls=31627200, ndraw=40, logz=-11.35, remainder_fraction=0.7458%, Lmin=-0.11, Lmax=-0.01
11:33:16 [ultranest] [DEBUG] iteration=4127, ncalls=567327, regioncalls=31643720, ndraw=40, logz=-11.35, remainder_fraction=0.7429%, Lmin=-0.11, Lmax=-0.01
11:33:19 [ultranest] [DEBUG] iteration=4128, ncalls=568304, regioncalls=31715000, ndraw=40, logz=-11.35, remainder_fraction=0.7401%, Lmin=-0.11, Lmax=-0.01
11:33:21 [ultranest] [DEBUG] iteration=4129, ncalls=569003, regioncalls=31769240, ndraw=40, logz=-11.35, remainder_fraction=0.7374%, Lmin=-0.11, Lmax=-0.01
11:33:22 [ultranest] [DEBUG] iteration=4130, ncalls=569368, regioncalls=31797560, ndraw=40, logz=-11.35, remainder_fraction=0.7345%, Lmin=-0.11, Lmax=-0.01
11:33:22 [ultranest] [DEBUG] iteration=4131, ncalls=569598, regioncalls=31815640, ndraw=40, logz=-11.35, remainder_fraction=0.7315%, Lmin=-0.11, Lmax=-0.01
11:33:23 [ultranest] [DEBUG] iteration=4132, ncalls=569882, regioncalls=31838120, ndraw=40, logz=-11.35, remainder_fraction=0.7286%, Lmin=-0.11, Lmax=-0.01
11:33:24 [ultranest] [DEBUG] iteration=4133, ncalls=570459, regioncalls=31880720, ndraw=40, logz=-11.35, remainder_fraction=0.7257%, Lmin=-0.11, Lmax=-0.01
11:33:27 [ultranest] [DEBUG] iteration=4134, ncalls=571664, regioncalls=31975720, ndraw=40, logz=-11.35, remainder_fraction=0.7228%, Lmin=-0.11, Lmax=-0.01
11:33:29 [ultranest] [DEBUG] iteration=4135, ncalls=572227, regioncalls=32018520, ndraw=40, logz=-11.35, remainder_fraction=0.7201%, Lmin=-0.11, Lmax=-0.01
11:33:33 [ultranest] [DEBUG] iteration=4136, ncalls=573533, regioncalls=32118000, ndraw=40, logz=-11.35, remainder_fraction=0.7173%, Lmin=-0.11, Lmax=-0.01
11:33:33 [ultranest] [DEBUG] iteration=4137, ncalls=573568, regioncalls=32120840, ndraw=40, logz=-11.35, remainder_fraction=0.7146%, Lmin=-0.11, Lmax=-0.01
11:33:36 [ultranest] [DEBUG] iteration=4138, ncalls=574691, regioncalls=32206480, ndraw=40, logz=-11.35, remainder_fraction=0.7117%, Lmin=-0.11, Lmax=-0.01
11:33:40 [ultranest] [DEBUG] iteration=4139, ncalls=576059, regioncalls=32310160, ndraw=40, logz=-11.35, remainder_fraction=0.7089%, Lmin=-0.11, Lmax=-0.01
11:33:41 [ultranest] [DEBUG] iteration=4140, ncalls=576437, regioncalls=32337640, ndraw=40, logz=-11.35, remainder_fraction=0.7062%, Lmin=-0.11, Lmax=-0.01
11:33:46 [ultranest] [DEBUG] iteration=4141, ncalls=578164, regioncalls=32472880, ndraw=40, logz=-11.35, remainder_fraction=0.7035%, Lmin=-0.11, Lmax=-0.01
11:33:50 [ultranest] [DEBUG] iteration=4142, ncalls=579736, regioncalls=32593400, ndraw=40, logz=-11.35, remainder_fraction=0.7008%, Lmin=-0.11, Lmax=-0.01
11:33:52 [ultranest] [DEBUG] iteration=4143, ncalls=580282, regioncalls=32633760, ndraw=40, logz=-11.35, remainder_fraction=0.6981%, Lmin=-0.11, Lmax=-0.01
11:33:52 [ultranest] [DEBUG] iteration=4144, ncalls=580372, regioncalls=32641640, ndraw=40, logz=-11.35, remainder_fraction=0.6954%, Lmin=-0.11, Lmax=-0.01
11:34:03 [ultranest] [DEBUG] iteration=4145, ncalls=583650, regioncalls=32891600, ndraw=40, logz=-11.35, remainder_fraction=0.6927%, Lmin=-0.11, Lmax=-0.01
11:34:11 [ultranest] [DEBUG] iteration=4146, ncalls=586471, regioncalls=33110360, ndraw=40, logz=-11.35, remainder_fraction=0.6900%, Lmin=-0.11, Lmax=-0.01
11:34:18 [ultranest] [DEBUG] iteration=4147, ncalls=588635, regioncalls=33270560, ndraw=40, logz=-11.35, remainder_fraction=0.6872%, Lmin=-0.11, Lmax=-0.01
11:34:20 [ultranest] [DEBUG] iteration=4148, ncalls=589255, regioncalls=33319560, ndraw=40, logz=-11.35, remainder_fraction=0.6845%, Lmin=-0.11, Lmax=-0.01
11:34:20 [ultranest] [DEBUG] iteration=4149, ncalls=589507, regioncalls=33339480, ndraw=40, logz=-11.35, remainder_fraction=0.6818%, Lmin=-0.11, Lmax=-0.01
11:34:23 [ultranest] [DEBUG] iteration=4150, ncalls=590625, regioncalls=33423560, ndraw=40, logz=-11.35, remainder_fraction=0.6791%, Lmin=-0.11, Lmax=-0.01
11:34:24 [ultranest] [DEBUG] iteration=4152, ncalls=590695, regioncalls=33429440, ndraw=40, logz=-11.35, remainder_fraction=0.6739%, Lmin=-0.11, Lmax=-0.01
11:34:25 [ultranest] [DEBUG] iteration=4153, ncalls=591079, regioncalls=33458880, ndraw=40, logz=-11.35, remainder_fraction=0.6713%, Lmin=-0.11, Lmax=-0.01
11:34:30 [ultranest] [DEBUG] iteration=4154, ncalls=592560, regioncalls=33568920, ndraw=40, logz=-11.35, remainder_fraction=0.6687%, Lmin=-0.11, Lmax=-0.01
11:34:32 [ultranest] [DEBUG] iteration=4155, ncalls=593080, regioncalls=33608200, ndraw=40, logz=-11.35, remainder_fraction=0.6662%, Lmin=-0.11, Lmax=-0.01
11:34:33 [ultranest] [DEBUG] iteration=4156, ncalls=593594, regioncalls=33650960, ndraw=40, logz=-11.35, remainder_fraction=0.6635%, Lmin=-0.11, Lmax=-0.01
11:34:34 [ultranest] [DEBUG] iteration=4157, ncalls=593986, regioncalls=33678840, ndraw=40, logz=-11.35, remainder_fraction=0.6609%, Lmin=-0.11, Lmax=-0.01
11:34:35 [ultranest] [DEBUG] iteration=4158, ncalls=594087, regioncalls=33686880, ndraw=40, logz=-11.35, remainder_fraction=0.6583%, Lmin=-0.11, Lmax=-0.01
11:34:35 [ultranest] [DEBUG] iteration=4159, ncalls=594425, regioncalls=33712680, ndraw=40, logz=-11.35, remainder_fraction=0.6559%, Lmin=-0.11, Lmax=-0.01
11:34:39 [ultranest] [DEBUG] iteration=4160, ncalls=595651, regioncalls=33804520, ndraw=40, logz=-11.35, remainder_fraction=0.6534%, Lmin=-0.11, Lmax=-0.01
11:34:40 [ultranest] [DEBUG] iteration=4161, ncalls=595992, regioncalls=33829120, ndraw=40, logz=-11.35, remainder_fraction=0.6509%, Lmin=-0.11, Lmax=-0.01
11:34:41 [ultranest] [DEBUG] iteration=4162, ncalls=596305, regioncalls=33854000, ndraw=40, logz=-11.35, remainder_fraction=0.6485%, Lmin=-0.10, Lmax=-0.01
11:34:41 [ultranest] [DEBUG] iteration=4163, ncalls=596449, regioncalls=33867440, ndraw=40, logz=-11.35, remainder_fraction=0.6461%, Lmin=-0.10, Lmax=-0.01
11:34:45 [ultranest] [DEBUG] iteration=4164, ncalls=597733, regioncalls=33970720, ndraw=40, logz=-11.35, remainder_fraction=0.6435%, Lmin=-0.10, Lmax=-0.01
11:34:50 [ultranest] [DEBUG] iteration=4165, ncalls=599208, regioncalls=34083840, ndraw=40, logz=-11.35, remainder_fraction=0.6410%, Lmin=-0.10, Lmax=-0.01
11:34:51 [ultranest] [DEBUG] iteration=4166, ncalls=600079, regioncalls=34151480, ndraw=40, logz=-11.35, remainder_fraction=0.6385%, Lmin=-0.10, Lmax=-0.01
11:34:53 [ultranest] [DEBUG] iteration=4167, ncalls=600788, regioncalls=34206600, ndraw=40, logz=-11.35, remainder_fraction=0.6360%, Lmin=-0.10, Lmax=-0.01
11:34:54 [ultranest] [DEBUG] iteration=4168, ncalls=600889, regioncalls=34213760, ndraw=40, logz=-11.35, remainder_fraction=0.6336%, Lmin=-0.10, Lmax=-0.01
11:34:54 [ultranest] [DEBUG] iteration=4169, ncalls=601231, regioncalls=34239240, ndraw=40, logz=-11.35, remainder_fraction=0.6311%, Lmin=-0.10, Lmax=-0.01
11:34:55 [ultranest] [DEBUG] iteration=4170, ncalls=601667, regioncalls=34271160, ndraw=40, logz=-11.35, remainder_fraction=0.6286%, Lmin=-0.10, Lmax=-0.01
11:34:56 [ultranest] [DEBUG] iteration=4171, ncalls=601930, regioncalls=34291760, ndraw=40, logz=-11.35, remainder_fraction=0.6261%, Lmin=-0.10, Lmax=-0.01
11:34:57 [ultranest] [DEBUG] iteration=4172, ncalls=602513, regioncalls=34338400, ndraw=40, logz=-11.35, remainder_fraction=0.6238%, Lmin=-0.10, Lmax=-0.01
11:35:02 [ultranest] [DEBUG] iteration=4173, ncalls=603942, regioncalls=34452760, ndraw=40, logz=-11.35, remainder_fraction=0.6213%, Lmin=-0.10, Lmax=-0.01
11:35:05 [ultranest] [DEBUG] iteration=4174, ncalls=604986, regioncalls=34530440, ndraw=40, logz=-11.35, remainder_fraction=0.6189%, Lmin=-0.10, Lmax=-0.01
11:35:10 [ultranest] [DEBUG] iteration=4175, ncalls=606578, regioncalls=34650240, ndraw=40, logz=-11.35, remainder_fraction=0.6166%, Lmin=-0.10, Lmax=-0.01
11:35:17 [ultranest] [DEBUG] iteration=4176, ncalls=608866, regioncalls=34827160, ndraw=40, logz=-11.35, remainder_fraction=0.6141%, Lmin=-0.10, Lmax=-0.01
11:35:19 [ultranest] [DEBUG] iteration=4177, ncalls=609549, regioncalls=34876680, ndraw=40, logz=-11.35, remainder_fraction=0.6118%, Lmin=-0.10, Lmax=-0.01
11:35:20 [ultranest] [DEBUG] iteration=4178, ncalls=609654, regioncalls=34885000, ndraw=40, logz=-11.35, remainder_fraction=0.6093%, Lmin=-0.10, Lmax=-0.01
11:35:20 [ultranest] [DEBUG] iteration=4179, ncalls=609730, regioncalls=34890280, ndraw=40, logz=-11.35, remainder_fraction=0.6070%, Lmin=-0.10, Lmax=-0.01
11:35:21 [ultranest] [DEBUG] iteration=4180, ncalls=610216, regioncalls=34925920, ndraw=40, logz=-11.35, remainder_fraction=0.6047%, Lmin=-0.10, Lmax=-0.01
11:35:26 [ultranest] [DEBUG] iteration=4181, ncalls=611805, regioncalls=35048880, ndraw=40, logz=-11.35, remainder_fraction=0.6024%, Lmin=-0.10, Lmax=-0.01
11:35:31 [ultranest] [DEBUG] iteration=4182, ncalls=613391, regioncalls=35170560, ndraw=40, logz=-11.35, remainder_fraction=0.6001%, Lmin=-0.10, Lmax=-0.01
11:35:33 [ultranest] [DEBUG] iteration=4183, ncalls=614295, regioncalls=35241640, ndraw=40, logz=-11.35, remainder_fraction=0.5977%, Lmin=-0.10, Lmax=-0.01
11:35:34 [ultranest] [DEBUG] iteration=4184, ncalls=614467, regioncalls=35254440, ndraw=40, logz=-11.35, remainder_fraction=0.5954%, Lmin=-0.10, Lmax=-0.01
11:35:36 [ultranest] [DEBUG] iteration=4185, ncalls=615335, regioncalls=35322720, ndraw=40, logz=-11.35, remainder_fraction=0.5931%, Lmin=-0.10, Lmax=-0.01
11:35:37 [ultranest] [DEBUG] iteration=4186, ncalls=615655, regioncalls=35346080, ndraw=40, logz=-11.35, remainder_fraction=0.5908%, Lmin=-0.10, Lmax=-0.01
11:35:38 [ultranest] [DEBUG] iteration=4187, ncalls=615988, regioncalls=35369840, ndraw=40, logz=-11.35, remainder_fraction=0.5885%, Lmin=-0.10, Lmax=-0.01
11:35:39 [ultranest] [DEBUG] iteration=4188, ncalls=616348, regioncalls=35396400, ndraw=40, logz=-11.35, remainder_fraction=0.5861%, Lmin=-0.10, Lmax=-0.01
11:35:45 [ultranest] [DEBUG] iteration=4189, ncalls=618552, regioncalls=35570760, ndraw=40, logz=-11.35, remainder_fraction=0.5839%, Lmin=-0.10, Lmax=-0.01
11:35:47 [ultranest] [DEBUG] iteration=4190, ncalls=619090, regioncalls=35615040, ndraw=40, logz=-11.35, remainder_fraction=0.5816%, Lmin=-0.10, Lmax=-0.01
11:35:52 [ultranest] [DEBUG] iteration=4191, ncalls=620842, regioncalls=35752840, ndraw=40, logz=-11.35, remainder_fraction=0.5793%, Lmin=-0.10, Lmax=-0.01
11:35:57 [ultranest] [DEBUG] iteration=4192, ncalls=622384, regioncalls=35875800, ndraw=40, logz=-11.35, remainder_fraction=0.5770%, Lmin=-0.10, Lmax=-0.01
11:35:58 [ultranest] [DEBUG] iteration=4193, ncalls=622764, regioncalls=35905480, ndraw=40, logz=-11.35, remainder_fraction=0.5747%, Lmin=-0.10, Lmax=-0.01
11:36:04 [ultranest] [DEBUG] iteration=4194, ncalls=625139, regioncalls=36089400, ndraw=40, logz=-11.35, remainder_fraction=0.5725%, Lmin=-0.10, Lmax=-0.01
11:36:13 [ultranest] [DEBUG] iteration=4195, ncalls=628337, regioncalls=36327560, ndraw=40, logz=-11.35, remainder_fraction=0.5703%, Lmin=-0.10, Lmax=-0.01
11:36:18 [ultranest] [DEBUG] iteration=4196, ncalls=629857, regioncalls=36452920, ndraw=40, logz=-11.35, remainder_fraction=0.5682%, Lmin=-0.10, Lmax=-0.01
11:36:19 [ultranest] [DEBUG] iteration=4197, ncalls=630454, regioncalls=36502640, ndraw=40, logz=-11.35, remainder_fraction=0.5659%, Lmin=-0.10, Lmax=-0.01
11:36:21 [ultranest] [DEBUG] iteration=4199, ncalls=630822, regioncalls=36529600, ndraw=40, logz=-11.35, remainder_fraction=0.5614%, Lmin=-0.10, Lmax=-0.01
11:36:22 [ultranest] [DEBUG] iteration=4200, ncalls=631322, regioncalls=36568200, ndraw=40, logz=-11.35, remainder_fraction=0.5592%, Lmin=-0.10, Lmax=-0.01
11:36:24 [ultranest] [DEBUG] iteration=4201, ncalls=632185, regioncalls=36632000, ndraw=40, logz=-11.35, remainder_fraction=0.5572%, Lmin=-0.10, Lmax=-0.01
11:36:26 [ultranest] [DEBUG] iteration=4202, ncalls=633102, regioncalls=36707000, ndraw=40, logz=-11.35, remainder_fraction=0.5550%, Lmin=-0.10, Lmax=-0.01
11:36:36 [ultranest] [DEBUG] iteration=4203, ncalls=636262, regioncalls=36954560, ndraw=40, logz=-11.35, remainder_fraction=0.5528%, Lmin=-0.10, Lmax=-0.01
11:36:36 [ultranest] [DEBUG] iteration=4204, ncalls=636353, regioncalls=36962800, ndraw=40, logz=-11.35, remainder_fraction=0.5506%, Lmin=-0.10, Lmax=-0.01
11:36:38 [ultranest] [DEBUG] iteration=4205, ncalls=636900, regioncalls=37006840, ndraw=40, logz=-11.35, remainder_fraction=0.5485%, Lmin=-0.10, Lmax=-0.01
11:36:42 [ultranest] [DEBUG] iteration=4206, ncalls=638684, regioncalls=37148520, ndraw=40, logz=-11.35, remainder_fraction=0.5463%, Lmin=-0.10, Lmax=-0.01
11:36:46 [ultranest] [DEBUG] iteration=4207, ncalls=639818, regioncalls=37238160, ndraw=40, logz=-11.35, remainder_fraction=0.5442%, Lmin=-0.10, Lmax=-0.01
11:36:46 [ultranest] [DEBUG] iteration=4208, ncalls=639972, regioncalls=37249880, ndraw=40, logz=-11.35, remainder_fraction=0.5420%, Lmin=-0.10, Lmax=-0.01
11:36:51 [ultranest] [DEBUG] iteration=4209, ncalls=641448, regioncalls=37362480, ndraw=40, logz=-11.35, remainder_fraction=0.5399%, Lmin=-0.10, Lmax=-0.01
11:36:51 [ultranest] [DEBUG] iteration=4210, ncalls=641610, regioncalls=37375760, ndraw=40, logz=-11.35, remainder_fraction=0.5377%, Lmin=-0.10, Lmax=-0.01
11:36:51 [ultranest] [DEBUG] iteration=4211, ncalls=641747, regioncalls=37387680, ndraw=40, logz=-11.35, remainder_fraction=0.5356%, Lmin=-0.10, Lmax=-0.01
11:36:55 [ultranest] [DEBUG] iteration=4212, ncalls=642977, regioncalls=37482240, ndraw=40, logz=-11.35, remainder_fraction=0.5335%, Lmin=-0.10, Lmax=-0.01
11:36:59 [ultranest] [DEBUG] iteration=4213, ncalls=644278, regioncalls=37591480, ndraw=40, logz=-11.35, remainder_fraction=0.5315%, Lmin=-0.10, Lmax=-0.01
11:36:59 [ultranest] [DEBUG] iteration=4214, ncalls=644410, regioncalls=37602040, ndraw=40, logz=-11.35, remainder_fraction=0.5294%, Lmin=-0.10, Lmax=-0.01
11:37:06 [ultranest] [DEBUG] iteration=4215, ncalls=646556, regioncalls=37768240, ndraw=40, logz=-11.35, remainder_fraction=0.5273%, Lmin=-0.10, Lmax=-0.01
11:37:10 [ultranest] [DEBUG] iteration=4216, ncalls=648267, regioncalls=37898480, ndraw=40, logz=-11.35, remainder_fraction=0.5252%, Lmin=-0.10, Lmax=-0.01
11:37:16 [ultranest] [DEBUG] iteration=4217, ncalls=650030, regioncalls=38038520, ndraw=40, logz=-11.35, remainder_fraction=0.5232%, Lmin=-0.10, Lmax=-0.01
11:37:16 [ultranest] [DEBUG] iteration=4218, ncalls=650082, regioncalls=38042720, ndraw=40, logz=-11.35, remainder_fraction=0.5212%, Lmin=-0.10, Lmax=-0.01
11:37:22 [ultranest] [DEBUG] iteration=4219, ncalls=651844, regioncalls=38184520, ndraw=40, logz=-11.35, remainder_fraction=0.5191%, Lmin=-0.10, Lmax=-0.01
11:37:27 [ultranest] [DEBUG] iteration=4220, ncalls=653388, regioncalls=38301000, ndraw=40, logz=-11.35, remainder_fraction=0.5171%, Lmin=-0.10, Lmax=-0.01
11:37:28 [ultranest] [DEBUG] iteration=4221, ncalls=653707, regioncalls=38324160, ndraw=40, logz=-11.35, remainder_fraction=0.5150%, Lmin=-0.10, Lmax=-0.01
11:37:29 [ultranest] [DEBUG] iteration=4222, ncalls=654107, regioncalls=38352640, ndraw=40, logz=-11.35, remainder_fraction=0.5130%, Lmin=-0.10, Lmax=-0.01
11:37:30 [ultranest] [DEBUG] iteration=4223, ncalls=654420, regioncalls=38378240, ndraw=40, logz=-11.35, remainder_fraction=0.5110%, Lmin=-0.10, Lmax=-0.01
11:37:31 [ultranest] [DEBUG] iteration=4224, ncalls=654822, regioncalls=38413160, ndraw=40, logz=-11.35, remainder_fraction=0.5090%, Lmin=-0.10, Lmax=-0.01
11:37:31 [ultranest] [DEBUG] iteration=4225, ncalls=654975, regioncalls=38425560, ndraw=40, logz=-11.35, remainder_fraction=0.5069%, Lmin=-0.10, Lmax=-0.01
11:37:35 [ultranest] [DEBUG] iteration=4226, ncalls=656171, regioncalls=38517280, ndraw=40, logz=-11.35, remainder_fraction=0.5049%, Lmin=-0.10, Lmax=-0.01
11:37:36 [ultranest] [DEBUG] iteration=4227, ncalls=656421, regioncalls=38535840, ndraw=40, logz=-11.35, remainder_fraction=0.5030%, Lmin=-0.10, Lmax=-0.01
11:37:38 [ultranest] [DEBUG] iteration=4228, ncalls=656950, regioncalls=38581040, ndraw=40, logz=-11.35, remainder_fraction=0.5011%, Lmin=-0.09, Lmax=-0.01
11:37:40 [ultranest] [DEBUG] iteration=4229, ncalls=657546, regioncalls=38629920, ndraw=40, logz=-11.35, remainder_fraction=0.4991%, Lmin=-0.09, Lmax=-0.01
11:37:42 [ultranest] [DEBUG] iteration=4230, ncalls=658142, regioncalls=38675960, ndraw=40, logz=-11.35, remainder_fraction=0.4972%, Lmin=-0.09, Lmax=-0.01
11:37:46 [ultranest] [DEBUG] iteration=4231, ncalls=659265, regioncalls=38763000, ndraw=40, logz=-11.35, remainder_fraction=0.4952%, Lmin=-0.09, Lmax=-0.01
11:37:49 [ultranest] [DEBUG] iteration=4232, ncalls=660535, regioncalls=38860200, ndraw=40, logz=-11.35, remainder_fraction=0.4934%, Lmin=-0.09, Lmax=-0.01
11:37:50 [ultranest] [DEBUG] iteration=4233, ncalls=660729, regioncalls=38873160, ndraw=40, logz=-11.35, remainder_fraction=0.4914%, Lmin=-0.09, Lmax=-0.01
11:37:51 [ultranest] [DEBUG] iteration=4234, ncalls=661154, regioncalls=38907840, ndraw=40, logz=-11.35, remainder_fraction=0.4896%, Lmin=-0.09, Lmax=-0.01
11:37:53 [ultranest] [DEBUG] iteration=4235, ncalls=661748, regioncalls=38954520, ndraw=40, logz=-11.35, remainder_fraction=0.4877%, Lmin=-0.09, Lmax=-0.01
11:37:54 [ultranest] [DEBUG] iteration=4236, ncalls=662189, regioncalls=38990880, ndraw=40, logz=-11.35, remainder_fraction=0.4858%, Lmin=-0.09, Lmax=-0.01
11:38:00 [ultranest] [DEBUG] iteration=4237, ncalls=663952, regioncalls=39124960, ndraw=40, logz=-11.35, remainder_fraction=0.4839%, Lmin=-0.09, Lmax=-0.01
11:38:01 [ultranest] [DEBUG] iteration=4238, ncalls=663973, regioncalls=39126760, ndraw=40, logz=-11.35, remainder_fraction=0.4820%, Lmin=-0.09, Lmax=-0.01
11:38:03 [ultranest] [DEBUG] iteration=4239, ncalls=664716, regioncalls=39188320, ndraw=40, logz=-11.35, remainder_fraction=0.4801%, Lmin=-0.09, Lmax=-0.01
11:38:04 [ultranest] [DEBUG] iteration=4240, ncalls=664865, regioncalls=39199800, ndraw=40, logz=-11.35, remainder_fraction=0.4782%, Lmin=-0.09, Lmax=-0.01
11:38:04 [ultranest] [DEBUG] iteration=4241, ncalls=665007, regioncalls=39210280, ndraw=40, logz=-11.35, remainder_fraction=0.4764%, Lmin=-0.09, Lmax=-0.01
11:38:12 [ultranest] [DEBUG] iteration=4242, ncalls=667529, regioncalls=39408680, ndraw=40, logz=-11.35, remainder_fraction=0.4745%, Lmin=-0.09, Lmax=-0.01
11:38:17 [ultranest] [DEBUG] iteration=4243, ncalls=668953, regioncalls=39521440, ndraw=40, logz=-11.35, remainder_fraction=0.4727%, Lmin=-0.09, Lmax=-0.01
11:38:19 [ultranest] [DEBUG] iteration=4244, ncalls=669736, regioncalls=39584160, ndraw=40, logz=-11.35, remainder_fraction=0.4708%, Lmin=-0.09, Lmax=-0.01
11:38:20 [ultranest] [DEBUG] iteration=4245, ncalls=670085, regioncalls=39609440, ndraw=40, logz=-11.35, remainder_fraction=0.4689%, Lmin=-0.09, Lmax=-0.01
11:38:21 [ultranest] [DEBUG] iteration=4246, ncalls=670407, regioncalls=39634800, ndraw=40, logz=-11.35, remainder_fraction=0.4670%, Lmin=-0.09, Lmax=-0.01
11:38:29 [ultranest] [DEBUG] iteration=4247, ncalls=672669, regioncalls=39814240, ndraw=40, logz=-11.35, remainder_fraction=0.4652%, Lmin=-0.09, Lmax=-0.01
11:38:31 [ultranest] [DEBUG] iteration=4248, ncalls=673222, regioncalls=39861040, ndraw=40, logz=-11.35, remainder_fraction=0.4634%, Lmin=-0.09, Lmax=-0.01
11:38:33 [ultranest] [DEBUG] iteration=4249, ncalls=673690, regioncalls=39898840, ndraw=40, logz=-11.35, remainder_fraction=0.4616%, Lmin=-0.09, Lmax=-0.01
11:38:35 [ultranest] [DEBUG] iteration=4250, ncalls=674774, regioncalls=39981240, ndraw=40, logz=-11.35, remainder_fraction=0.4598%, Lmin=-0.09, Lmax=-0.01
11:38:42 [ultranest] [DEBUG] iteration=4251, ncalls=677128, regioncalls=40171400, ndraw=40, logz=-11.35, remainder_fraction=0.4579%, Lmin=-0.09, Lmax=-0.01
11:38:47 [ultranest] [DEBUG] iteration=4252, ncalls=678592, regioncalls=40281680, ndraw=40, logz=-11.35, remainder_fraction=0.4561%, Lmin=-0.09, Lmax=-0.01
11:38:50 [ultranest] [DEBUG] iteration=4253, ncalls=679816, regioncalls=40379440, ndraw=40, logz=-11.35, remainder_fraction=0.4543%, Lmin=-0.09, Lmax=-0.01
11:38:51 [ultranest] [DEBUG] iteration=4254, ncalls=679975, regioncalls=40390640, ndraw=40, logz=-11.35, remainder_fraction=0.4525%, Lmin=-0.09, Lmax=-0.01
11:38:56 [ultranest] [DEBUG] iteration=4255, ncalls=681505, regioncalls=40508600, ndraw=40, logz=-11.35, remainder_fraction=0.4508%, Lmin=-0.09, Lmax=-0.01
11:38:58 [ultranest] [DEBUG] iteration=4256, ncalls=682058, regioncalls=40552280, ndraw=40, logz=-11.35, remainder_fraction=0.4490%, Lmin=-0.09, Lmax=-0.01
11:39:05 [ultranest] [DEBUG] iteration=4257, ncalls=684516, regioncalls=40748560, ndraw=40, logz=-11.35, remainder_fraction=0.4473%, Lmin=-0.09, Lmax=-0.01
11:39:09 [ultranest] [DEBUG] iteration=4258, ncalls=685631, regioncalls=40839720, ndraw=40, logz=-11.35, remainder_fraction=0.4456%, Lmin=-0.09, Lmax=-0.01
11:39:20 [ultranest] [DEBUG] iteration=4259, ncalls=689673, regioncalls=41154320, ndraw=40, logz=-11.35, remainder_fraction=0.4439%, Lmin=-0.09, Lmax=-0.01
11:39:26 [ultranest] [DEBUG] iteration=4260, ncalls=691645, regioncalls=41314160, ndraw=40, logz=-11.35, remainder_fraction=0.4421%, Lmin=-0.09, Lmax=-0.01
11:39:38 [ultranest] [DEBUG] iteration=4261, ncalls=695585, regioncalls=41626840, ndraw=40, logz=-11.35, remainder_fraction=0.4404%, Lmin=-0.09, Lmax=-0.01
11:39:41 [ultranest] [DEBUG] iteration=4262, ncalls=696428, regioncalls=41697040, ndraw=40, logz=-11.35, remainder_fraction=0.4387%, Lmin=-0.09, Lmax=-0.01
11:39:44 [ultranest] [DEBUG] iteration=4263, ncalls=697064, regioncalls=41746440, ndraw=40, logz=-11.35, remainder_fraction=0.4370%, Lmin=-0.09, Lmax=-0.01
11:39:48 [ultranest] [DEBUG] iteration=4264, ncalls=698469, regioncalls=41856600, ndraw=40, logz=-11.35, remainder_fraction=0.4353%, Lmin=-0.09, Lmax=-0.01
11:40:01 [ultranest] [DEBUG] iteration=4265, ncalls=703080, regioncalls=42226840, ndraw=40, logz=-11.35, remainder_fraction=0.4336%, Lmin=-0.09, Lmax=-0.01
11:40:04 [ultranest] [DEBUG] iteration=4266, ncalls=704107, regioncalls=42309600, ndraw=40, logz=-11.35, remainder_fraction=0.4319%, Lmin=-0.09, Lmax=-0.01
11:40:08 [ultranest] [DEBUG] iteration=4267, ncalls=705364, regioncalls=42411240, ndraw=40, logz=-11.35, remainder_fraction=0.4302%, Lmin=-0.09, Lmax=-0.01
11:40:12 [ultranest] [DEBUG] iteration=4268, ncalls=706611, regioncalls=42509840, ndraw=40, logz=-11.35, remainder_fraction=0.4285%, Lmin=-0.09, Lmax=-0.01
11:40:14 [ultranest] [DEBUG] iteration=4269, ncalls=707210, regioncalls=42558200, ndraw=40, logz=-11.35, remainder_fraction=0.4268%, Lmin=-0.09, Lmax=-0.01
11:40:16 [ultranest] [DEBUG] iteration=4270, ncalls=708051, regioncalls=42625920, ndraw=40, logz=-11.35, remainder_fraction=0.4252%, Lmin=-0.09, Lmax=-0.01
11:40:40 [ultranest] [DEBUG] iteration=4271, ncalls=715690, regioncalls=43221480, ndraw=40, logz=-11.35, remainder_fraction=0.4235%, Lmin=-0.09, Lmax=-0.01
11:40:41 [ultranest] [DEBUG] iteration=4272, ncalls=716190, regioncalls=43267360, ndraw=40, logz=-11.35, remainder_fraction=0.4219%, Lmin=-0.09, Lmax=-0.01
11:40:43 [ultranest] [DEBUG] iteration=4273, ncalls=717004, regioncalls=43332760, ndraw=40, logz=-11.35, remainder_fraction=0.4203%, Lmin=-0.09, Lmax=-0.01
11:40:44 [ultranest] [DEBUG] iteration=4274, ncalls=717242, regioncalls=43352320, ndraw=40, logz=-11.35, remainder_fraction=0.4186%, Lmin=-0.09, Lmax=-0.01
11:40:49 [ultranest] [DEBUG] iteration=4275, ncalls=719439, regioncalls=43527640, ndraw=40, logz=-11.35, remainder_fraction=0.4170%, Lmin=-0.09, Lmax=-0.01
11:40:53 [ultranest] [DEBUG] iteration=4276, ncalls=720499, regioncalls=43617320, ndraw=40, logz=-11.35, remainder_fraction=0.4154%, Lmin=-0.09, Lmax=-0.01
11:40:53 [ultranest] [DEBUG] iteration=4277, ncalls=720723, regioncalls=43635480, ndraw=40, logz=-11.35, remainder_fraction=0.4138%, Lmin=-0.09, Lmax=-0.01
11:41:00 [ultranest] [DEBUG] iteration=4278, ncalls=722862, regioncalls=43817000, ndraw=40, logz=-11.35, remainder_fraction=0.4122%, Lmin=-0.09, Lmax=-0.01
11:41:04 [ultranest] [DEBUG] iteration=4279, ncalls=724091, regioncalls=43917000, ndraw=40, logz=-11.35, remainder_fraction=0.4106%, Lmin=-0.09, Lmax=-0.01
11:41:10 [ultranest] [DEBUG] iteration=4280, ncalls=725836, regioncalls=44057240, ndraw=40, logz=-11.35, remainder_fraction=0.4090%, Lmin=-0.09, Lmax=-0.01
11:41:16 [ultranest] [DEBUG] iteration=4281, ncalls=727886, regioncalls=44226680, ndraw=40, logz=-11.35, remainder_fraction=0.4075%, Lmin=-0.09, Lmax=-0.01
11:41:18 [ultranest] [DEBUG] iteration=4282, ncalls=728413, regioncalls=44267240, ndraw=40, logz=-11.35, remainder_fraction=0.4058%, Lmin=-0.09, Lmax=-0.01
11:41:19 [ultranest] [DEBUG] iteration=4283, ncalls=728802, regioncalls=44298840, ndraw=40, logz=-11.35, remainder_fraction=0.4043%, Lmin=-0.09, Lmax=-0.01
11:41:20 [ultranest] [DEBUG] iteration=4284, ncalls=729074, regioncalls=44319400, ndraw=40, logz=-11.35, remainder_fraction=0.4027%, Lmin=-0.09, Lmax=-0.01
11:41:23 [ultranest] [DEBUG] iteration=4285, ncalls=730146, regioncalls=44406920, ndraw=40, logz=-11.35, remainder_fraction=0.4011%, Lmin=-0.09, Lmax=-0.01
11:41:39 [ultranest] [DEBUG] iteration=4286, ncalls=735554, regioncalls=44848480, ndraw=40, logz=-11.35, remainder_fraction=0.3995%, Lmin=-0.09, Lmax=-0.01
11:41:40 [ultranest] [DEBUG] iteration=4287, ncalls=735743, regioncalls=44861080, ndraw=40, logz=-11.35, remainder_fraction=0.3979%, Lmin=-0.09, Lmax=-0.01
11:41:41 [ultranest] [DEBUG] iteration=4288, ncalls=736082, regioncalls=44882320, ndraw=40, logz=-11.35, remainder_fraction=0.3963%, Lmin=-0.09, Lmax=-0.01
11:41:44 [ultranest] [DEBUG] iteration=4289, ncalls=736824, regioncalls=44933680, ndraw=40, logz=-11.35, remainder_fraction=0.3947%, Lmin=-0.09, Lmax=-0.01
11:41:45 [ultranest] [DEBUG] iteration=4290, ncalls=737239, regioncalls=44964400, ndraw=40, logz=-11.35, remainder_fraction=0.3932%, Lmin=-0.09, Lmax=-0.01
11:41:48 [ultranest] [DEBUG] iteration=4291, ncalls=738037, regioncalls=45017760, ndraw=40, logz=-11.35, remainder_fraction=0.3917%, Lmin=-0.09, Lmax=-0.01
11:41:55 [ultranest] [DEBUG] iteration=4292, ncalls=740470, regioncalls=45183600, ndraw=40, logz=-11.35, remainder_fraction=0.3902%, Lmin=-0.09, Lmax=-0.01
11:41:55 [ultranest] [DEBUG] iteration=4293, ncalls=740519, regioncalls=45186480, ndraw=40, logz=-11.35, remainder_fraction=0.3886%, Lmin=-0.09, Lmax=-0.01
11:41:56 [ultranest] [DEBUG] iteration=4294, ncalls=740777, regioncalls=45204200, ndraw=40, logz=-11.35, remainder_fraction=0.3871%, Lmin=-0.09, Lmax=-0.01
11:41:59 [ultranest] [DEBUG] iteration=4295, ncalls=742076, regioncalls=45294080, ndraw=40, logz=-11.35, remainder_fraction=0.3856%, Lmin=-0.08, Lmax=-0.01
11:42:02 [ultranest] [DEBUG] iteration=4296, ncalls=742857, regioncalls=45346240, ndraw=40, logz=-11.35, remainder_fraction=0.3840%, Lmin=-0.08, Lmax=-0.01
11:42:05 [ultranest] [DEBUG] iteration=4297, ncalls=743753, regioncalls=45405160, ndraw=40, logz=-11.35, remainder_fraction=0.3825%, Lmin=-0.08, Lmax=-0.01
11:42:11 [ultranest] [DEBUG] iteration=4298, ncalls=745740, regioncalls=45535920, ndraw=40, logz=-11.35, remainder_fraction=0.3810%, Lmin=-0.08, Lmax=-0.01
11:42:11 [ultranest] [DEBUG] iteration=4299, ncalls=746053, regioncalls=45555680, ndraw=40, logz=-11.35, remainder_fraction=0.3795%, Lmin=-0.08, Lmax=-0.01
11:42:17 [ultranest] [DEBUG] iteration=4301, ncalls=748480, regioncalls=45719000, ndraw=40, logz=-11.35, remainder_fraction=0.3765%, Lmin=-0.08, Lmax=-0.01
11:42:21 [ultranest] [DEBUG] iteration=4302, ncalls=749644, regioncalls=45796000, ndraw=40, logz=-11.35, remainder_fraction=0.3750%, Lmin=-0.08, Lmax=-0.01
11:42:23 [ultranest] [DEBUG] iteration=4303, ncalls=750682, regioncalls=45863920, ndraw=40, logz=-11.35, remainder_fraction=0.3736%, Lmin=-0.08, Lmax=-0.01
11:42:31 [ultranest] [DEBUG] iteration=4304, ncalls=753308, regioncalls=46044240, ndraw=40, logz=-11.35, remainder_fraction=0.3721%, Lmin=-0.08, Lmax=-0.01
11:42:34 [ultranest] [DEBUG] iteration=4305, ncalls=754243, regioncalls=46108600, ndraw=40, logz=-11.35, remainder_fraction=0.3707%, Lmin=-0.08, Lmax=-0.01
11:42:36 [ultranest] [DEBUG] iteration=4306, ncalls=754757, regioncalls=46143160, ndraw=40, logz=-11.35, remainder_fraction=0.3693%, Lmin=-0.08, Lmax=-0.01
11:42:38 [ultranest] [DEBUG] iteration=4307, ncalls=755316, regioncalls=46184680, ndraw=40, logz=-11.35, remainder_fraction=0.3678%, Lmin=-0.08, Lmax=-0.01
11:42:40 [ultranest] [DEBUG] iteration=4308, ncalls=756348, regioncalls=46255920, ndraw=40, logz=-11.35, remainder_fraction=0.3663%, Lmin=-0.08, Lmax=-0.01
11:42:57 [ultranest] [DEBUG] iteration=4309, ncalls=762597, regioncalls=46686920, ndraw=40, logz=-11.35, remainder_fraction=0.3650%, Lmin=-0.08, Lmax=-0.01
11:42:59 [ultranest] [DEBUG] iteration=4310, ncalls=763616, regioncalls=46757360, ndraw=40, logz=-11.35, remainder_fraction=0.3635%, Lmin=-0.08, Lmax=-0.01
11:43:02 [ultranest] [DEBUG] iteration=4312, ncalls=764743, regioncalls=46836680, ndraw=40, logz=-11.35, remainder_fraction=0.3607%, Lmin=-0.08, Lmax=-0.01
11:43:02 [ultranest] [DEBUG] iteration=4313, ncalls=764835, regioncalls=46842840, ndraw=40, logz=-11.35, remainder_fraction=0.3593%, Lmin=-0.08, Lmax=-0.01
11:43:03 [ultranest] [DEBUG] iteration=4314, ncalls=765280, regioncalls=46874200, ndraw=40, logz=-11.35, remainder_fraction=0.3579%, Lmin=-0.08, Lmax=-0.01
11:43:06 [ultranest] [DEBUG] iteration=4316, ncalls=766133, regioncalls=46932960, ndraw=40, logz=-11.35, remainder_fraction=0.3550%, Lmin=-0.08, Lmax=-0.01
11:43:08 [ultranest] [DEBUG] iteration=4317, ncalls=766769, regioncalls=46978720, ndraw=40, logz=-11.35, remainder_fraction=0.3536%, Lmin=-0.08, Lmax=-0.01
11:43:12 [ultranest] [DEBUG] iteration=4318, ncalls=767987, regioncalls=47058120, ndraw=40, logz=-11.35, remainder_fraction=0.3522%, Lmin=-0.08, Lmax=-0.01
11:43:16 [ultranest] [DEBUG] iteration=4319, ncalls=769174, regioncalls=47143480, ndraw=40, logz=-11.35, remainder_fraction=0.3508%, Lmin=-0.08, Lmax=-0.01
11:43:22 [ultranest] [DEBUG] iteration=4320, ncalls=770871, regioncalls=47265080, ndraw=40, logz=-11.35, remainder_fraction=0.3494%, Lmin=-0.08, Lmax=-0.01
11:43:24 [ultranest] [DEBUG] iteration=4321, ncalls=771534, regioncalls=47310480, ndraw=40, logz=-11.35, remainder_fraction=0.3481%, Lmin=-0.08, Lmax=-0.01
11:43:30 [ultranest] [DEBUG] iteration=4322, ncalls=773696, regioncalls=47454040, ndraw=40, logz=-11.35, remainder_fraction=0.3467%, Lmin=-0.08, Lmax=-0.01
11:43:32 [ultranest] [DEBUG] iteration=4323, ncalls=774077, regioncalls=47481320, ndraw=40, logz=-11.35, remainder_fraction=0.3453%, Lmin=-0.08, Lmax=-0.01
11:43:34 [ultranest] [DEBUG] iteration=4324, ncalls=774781, regioncalls=47531080, ndraw=40, logz=-11.35, remainder_fraction=0.3440%, Lmin=-0.08, Lmax=-0.01
11:43:38 [ultranest] [DEBUG] iteration=4325, ncalls=776029, regioncalls=47616960, ndraw=40, logz=-11.35, remainder_fraction=0.3426%, Lmin=-0.08, Lmax=-0.01
11:43:42 [ultranest] [DEBUG] iteration=4326, ncalls=777551, regioncalls=47721920, ndraw=40, logz=-11.35, remainder_fraction=0.3413%, Lmin=-0.08, Lmax=-0.01
11:43:45 [ultranest] [DEBUG] iteration=4327, ncalls=779097, regioncalls=47827040, ndraw=40, logz=-11.35, remainder_fraction=0.3399%, Lmin=-0.08, Lmax=-0.01
11:43:50 [ultranest] [DEBUG] iteration=4328, ncalls=780882, regioncalls=47949600, ndraw=40, logz=-11.35, remainder_fraction=0.3386%, Lmin=-0.08, Lmax=-0.01
11:43:51 [ultranest] [DEBUG] iteration=4329, ncalls=781037, regioncalls=47960280, ndraw=40, logz=-11.35, remainder_fraction=0.3373%, Lmin=-0.08, Lmax=-0.01
11:43:53 [ultranest] [DEBUG] iteration=4330, ncalls=781871, regioncalls=48018440, ndraw=40, logz=-11.35, remainder_fraction=0.3359%, Lmin=-0.08, Lmax=-0.01
11:44:01 [ultranest] [DEBUG] iteration=4331, ncalls=784317, regioncalls=48180280, ndraw=40, logz=-11.35, remainder_fraction=0.3346%, Lmin=-0.08, Lmax=-0.01
11:44:03 [ultranest] [DEBUG] iteration=4332, ncalls=784747, regioncalls=48210800, ndraw=40, logz=-11.35, remainder_fraction=0.3333%, Lmin=-0.08, Lmax=-0.01
11:44:06 [ultranest] [DEBUG] iteration=4333, ncalls=785629, regioncalls=48271440, ndraw=40, logz=-11.35, remainder_fraction=0.3320%, Lmin=-0.08, Lmax=-0.01
11:44:08 [ultranest] [DEBUG] iteration=4334, ncalls=786172, regioncalls=48311800, ndraw=40, logz=-11.35, remainder_fraction=0.3307%, Lmin=-0.08, Lmax=-0.01
11:44:11 [ultranest] [DEBUG] iteration=4335, ncalls=787456, regioncalls=48399360, ndraw=40, logz=-11.35, remainder_fraction=0.3294%, Lmin=-0.08, Lmax=-0.01
11:44:17 [ultranest] [DEBUG] iteration=4336, ncalls=789438, regioncalls=48536800, ndraw=40, logz=-11.35, remainder_fraction=0.3281%, Lmin=-0.08, Lmax=-0.01
11:44:18 [ultranest] [DEBUG] iteration=4337, ncalls=789930, regioncalls=48570200, ndraw=40, logz=-11.35, remainder_fraction=0.3268%, Lmin=-0.08, Lmax=-0.01
11:44:27 [ultranest] [DEBUG] iteration=4338, ncalls=793012, regioncalls=48778000, ndraw=40, logz=-11.35, remainder_fraction=0.3255%, Lmin=-0.08, Lmax=-0.01
11:44:30 [ultranest] [DEBUG] iteration=4339, ncalls=794184, regioncalls=48857320, ndraw=40, logz=-11.35, remainder_fraction=0.3242%, Lmin=-0.08, Lmax=-0.01
11:44:33 [ultranest] [DEBUG] iteration=4340, ncalls=794822, regioncalls=48899360, ndraw=40, logz=-11.35, remainder_fraction=0.3229%, Lmin=-0.08, Lmax=-0.01
11:44:36 [ultranest] [DEBUG] iteration=4341, ncalls=795906, regioncalls=48976160, ndraw=40, logz=-11.35, remainder_fraction=0.3216%, Lmin=-0.08, Lmax=-0.01
11:44:41 [ultranest] [DEBUG] iteration=4342, ncalls=797994, regioncalls=49117520, ndraw=40, logz=-11.35, remainder_fraction=0.3203%, Lmin=-0.08, Lmax=-0.01
11:44:42 [ultranest] [DEBUG] iteration=4343, ncalls=798482, regioncalls=49150800, ndraw=40, logz=-11.35, remainder_fraction=0.3191%, Lmin=-0.08, Lmax=-0.01
11:44:43 [ultranest] [DEBUG] iteration=4344, ncalls=798652, regioncalls=49162480, ndraw=40, logz=-11.35, remainder_fraction=0.3179%, Lmin=-0.08, Lmax=-0.01
11:44:48 [ultranest] [DEBUG] iteration=4345, ncalls=800384, regioncalls=49278240, ndraw=40, logz=-11.35, remainder_fraction=0.3166%, Lmin=-0.08, Lmax=-0.01
11:44:59 [ultranest] [DEBUG] iteration=4346, ncalls=804451, regioncalls=49544040, ndraw=40, logz=-11.35, remainder_fraction=0.3154%, Lmin=-0.08, Lmax=-0.01
11:45:05 [ultranest] [DEBUG] iteration=4347, ncalls=806863, regioncalls=49703400, ndraw=40, logz=-11.35, remainder_fraction=0.3141%, Lmin=-0.08, Lmax=-0.01
11:45:07 [ultranest] [DEBUG] iteration=4348, ncalls=807473, regioncalls=49742760, ndraw=40, logz=-11.35, remainder_fraction=0.3129%, Lmin=-0.08, Lmax=-0.01
11:45:13 [ultranest] [DEBUG] iteration=4349, ncalls=810054, regioncalls=49912480, ndraw=40, logz=-11.35, remainder_fraction=0.3116%, Lmin=-0.08, Lmax=-0.01
11:45:14 [ultranest] [DEBUG] iteration=4350, ncalls=810257, regioncalls=49926000, ndraw=40, logz=-11.35, remainder_fraction=0.3104%, Lmin=-0.08, Lmax=-0.01
11:45:24 [ultranest] [DEBUG] iteration=4351, ncalls=813775, regioncalls=50152400, ndraw=40, logz=-11.35, remainder_fraction=0.3092%, Lmin=-0.08, Lmax=-0.01
11:45:25 [ultranest] [DEBUG] iteration=4352, ncalls=814100, regioncalls=50172440, ndraw=40, logz=-11.35, remainder_fraction=0.3080%, Lmin=-0.08, Lmax=-0.01
11:45:27 [ultranest] [DEBUG] iteration=4353, ncalls=814673, regioncalls=50212080, ndraw=40, logz=-11.35, remainder_fraction=0.3068%, Lmin=-0.08, Lmax=-0.01
11:45:40 [ultranest] [DEBUG] iteration=4354, ncalls=819298, regioncalls=50516160, ndraw=40, logz=-11.35, remainder_fraction=0.3056%, Lmin=-0.08, Lmax=-0.01
11:45:41 [ultranest] [DEBUG] iteration=4355, ncalls=819681, regioncalls=50540720, ndraw=40, logz=-11.35, remainder_fraction=0.3044%, Lmin=-0.08, Lmax=-0.01
11:45:48 [ultranest] [DEBUG] iteration=4356, ncalls=821882, regioncalls=50689120, ndraw=40, logz=-11.35, remainder_fraction=0.3032%, Lmin=-0.08, Lmax=-0.01
11:45:51 [ultranest] [DEBUG] iteration=4357, ncalls=822657, regioncalls=50739880, ndraw=40, logz=-11.35, remainder_fraction=0.3020%, Lmin=-0.08, Lmax=-0.01
11:45:53 [ultranest] [DEBUG] iteration=4358, ncalls=823420, regioncalls=50790880, ndraw=40, logz=-11.35, remainder_fraction=0.3008%, Lmin=-0.08, Lmax=-0.01
11:45:54 [ultranest] [DEBUG] iteration=4359, ncalls=823878, regioncalls=50821680, ndraw=40, logz=-11.35, remainder_fraction=0.2996%, Lmin=-0.08, Lmax=-0.01
11:45:54 [ultranest] [DEBUG] iteration=4360, ncalls=824051, regioncalls=50833440, ndraw=40, logz=-11.35, remainder_fraction=0.2984%, Lmin=-0.08, Lmax=-0.01
11:46:02 [ultranest] [DEBUG] iteration=4361, ncalls=826887, regioncalls=51022560, ndraw=40, logz=-11.35, remainder_fraction=0.2973%, Lmin=-0.08, Lmax=-0.01
11:46:03 [ultranest] [DEBUG] iteration=4362, ncalls=827412, regioncalls=51058480, ndraw=40, logz=-11.35, remainder_fraction=0.2961%, Lmin=-0.08, Lmax=-0.01
11:46:07 [ultranest] [DEBUG] iteration=4363, ncalls=828653, regioncalls=51139200, ndraw=40, logz=-11.35, remainder_fraction=0.2950%, Lmin=-0.08, Lmax=-0.01
11:46:12 [ultranest] [DEBUG] iteration=4364, ncalls=830596, regioncalls=51266280, ndraw=40, logz=-11.35, remainder_fraction=0.2938%, Lmin=-0.08, Lmax=-0.01
11:46:16 [ultranest] [DEBUG] iteration=4365, ncalls=832337, regioncalls=51379680, ndraw=40, logz=-11.35, remainder_fraction=0.2927%, Lmin=-0.08, Lmax=-0.01
11:46:18 [ultranest] [DEBUG] iteration=4366, ncalls=833080, regioncalls=51427760, ndraw=40, logz=-11.35, remainder_fraction=0.2915%, Lmin=-0.08, Lmax=-0.01
11:46:23 [ultranest] [DEBUG] iteration=4367, ncalls=834700, regioncalls=51530760, ndraw=40, logz=-11.35, remainder_fraction=0.2904%, Lmin=-0.08, Lmax=-0.01
11:46:28 [ultranest] [DEBUG] iteration=4368, ncalls=836174, regioncalls=51629960, ndraw=40, logz=-11.35, remainder_fraction=0.2892%, Lmin=-0.08, Lmax=-0.01
11:46:36 [ultranest] [DEBUG] iteration=4369, ncalls=838842, regioncalls=51805240, ndraw=40, logz=-11.35, remainder_fraction=0.2881%, Lmin=-0.08, Lmax=-0.01
11:46:40 [ultranest] [DEBUG] iteration=4370, ncalls=840739, regioncalls=51926360, ndraw=40, logz=-11.35, remainder_fraction=0.2869%, Lmin=-0.08, Lmax=-0.01
11:46:51 [ultranest] [DEBUG] iteration=4371, ncalls=844282, regioncalls=52160560, ndraw=40, logz=-11.35, remainder_fraction=0.2858%, Lmin=-0.08, Lmax=-0.01
11:47:03 [ultranest] [DEBUG] iteration=4372, ncalls=847879, regioncalls=52398360, ndraw=40, logz=-11.35, remainder_fraction=0.2847%, Lmin=-0.07, Lmax=-0.01
11:47:09 [ultranest] [DEBUG] iteration=4373, ncalls=849801, regioncalls=52524720, ndraw=40, logz=-11.35, remainder_fraction=0.2836%, Lmin=-0.07, Lmax=-0.01
11:47:11 [ultranest] [DEBUG] iteration=4374, ncalls=850734, regioncalls=52585400, ndraw=40, logz=-11.35, remainder_fraction=0.2824%, Lmin=-0.07, Lmax=-0.01
11:47:15 [ultranest] [DEBUG] iteration=4375, ncalls=851903, regioncalls=52663200, ndraw=40, logz=-11.35, remainder_fraction=0.2813%, Lmin=-0.07, Lmax=-0.01
11:47:17 [ultranest] [DEBUG] iteration=4376, ncalls=852384, regioncalls=52693280, ndraw=40, logz=-11.35, remainder_fraction=0.2802%, Lmin=-0.07, Lmax=-0.01
11:47:18 [ultranest] [DEBUG] iteration=4377, ncalls=852705, regioncalls=52716360, ndraw=40, logz=-11.35, remainder_fraction=0.2791%, Lmin=-0.07, Lmax=-0.01
11:47:22 [ultranest] [DEBUG] iteration=4378, ncalls=854229, regioncalls=52816040, ndraw=40, logz=-11.35, remainder_fraction=0.2780%, Lmin=-0.07, Lmax=-0.01
11:47:36 [ultranest] [DEBUG] iteration=4379, ncalls=859273, regioncalls=53150920, ndraw=40, logz=-11.35, remainder_fraction=0.2769%, Lmin=-0.07, Lmax=-0.01
11:47:39 [ultranest] [DEBUG] iteration=4380, ncalls=860351, regioncalls=53221680, ndraw=40, logz=-11.35, remainder_fraction=0.2758%, Lmin=-0.07, Lmax=-0.01
11:47:43 [ultranest] [DEBUG] iteration=4381, ncalls=861583, regioncalls=53303920, ndraw=40, logz=-11.35, remainder_fraction=0.2747%, Lmin=-0.07, Lmax=-0.01
11:47:48 [ultranest] [DEBUG] iteration=4382, ncalls=863322, regioncalls=53416280, ndraw=40, logz=-11.35, remainder_fraction=0.2737%, Lmin=-0.07, Lmax=-0.01
11:47:53 [ultranest] [DEBUG] iteration=4383, ncalls=865147, regioncalls=53541760, ndraw=40, logz=-11.35, remainder_fraction=0.2726%, Lmin=-0.07, Lmax=-0.01
11:47:59 [ultranest] [DEBUG] iteration=4384, ncalls=866956, regioncalls=53657520, ndraw=40, logz=-11.35, remainder_fraction=0.2715%, Lmin=-0.07, Lmax=-0.01
11:48:00 [ultranest] [DEBUG] iteration=4385, ncalls=867372, regioncalls=53683360, ndraw=40, logz=-11.35, remainder_fraction=0.2704%, Lmin=-0.07, Lmax=-0.01
11:48:01 [ultranest] [DEBUG] iteration=4386, ncalls=867626, regioncalls=53701520, ndraw=40, logz=-11.35, remainder_fraction=0.2693%, Lmin=-0.07, Lmax=-0.01
11:48:05 [ultranest] [DEBUG] iteration=4387, ncalls=869081, regioncalls=53795920, ndraw=40, logz=-11.35, remainder_fraction=0.2683%, Lmin=-0.07, Lmax=-0.01
11:48:08 [ultranest] [DEBUG] iteration=4388, ncalls=870051, regioncalls=53860520, ndraw=40, logz=-11.35, remainder_fraction=0.2672%, Lmin=-0.07, Lmax=-0.01
11:48:23 [ultranest] [DEBUG] iteration=4389, ncalls=875559, regioncalls=54217520, ndraw=40, logz=-11.35, remainder_fraction=0.2661%, Lmin=-0.07, Lmax=-0.01
11:48:27 [ultranest] [DEBUG] iteration=4390, ncalls=876696, regioncalls=54291680, ndraw=40, logz=-11.35, remainder_fraction=0.2651%, Lmin=-0.07, Lmax=-0.01
11:48:31 [ultranest] [DEBUG] iteration=4391, ncalls=878290, regioncalls=54393440, ndraw=40, logz=-11.35, remainder_fraction=0.2640%, Lmin=-0.07, Lmax=-0.01
11:48:34 [ultranest] [DEBUG] iteration=4392, ncalls=879580, regioncalls=54479520, ndraw=40, logz=-11.35, remainder_fraction=0.2630%, Lmin=-0.07, Lmax=-0.01
11:48:42 [ultranest] [DEBUG] iteration=4393, ncalls=882462, regioncalls=54665560, ndraw=40, logz=-11.35, remainder_fraction=0.2620%, Lmin=-0.07, Lmax=-0.01
11:48:52 [ultranest] [DEBUG] iteration=4394, ncalls=886212, regioncalls=54906000, ndraw=40, logz=-11.35, remainder_fraction=0.2609%, Lmin=-0.07, Lmax=-0.01
11:48:57 [ultranest] [DEBUG] iteration=4395, ncalls=888249, regioncalls=55039320, ndraw=40, logz=-11.35, remainder_fraction=0.2599%, Lmin=-0.07, Lmax=-0.01
11:48:59 [ultranest] [DEBUG] iteration=4396, ncalls=888958, regioncalls=55085920, ndraw=40, logz=-11.35, remainder_fraction=0.2589%, Lmin=-0.07, Lmax=-0.01
11:49:03 [ultranest] [DEBUG] iteration=4397, ncalls=890388, regioncalls=55179000, ndraw=40, logz=-11.35, remainder_fraction=0.2579%, Lmin=-0.07, Lmax=-0.01
11:49:04 [ultranest] [DEBUG] iteration=4398, ncalls=890598, regioncalls=55192040, ndraw=40, logz=-11.35, remainder_fraction=0.2568%, Lmin=-0.07, Lmax=-0.01
11:49:05 [ultranest] [DEBUG] iteration=4399, ncalls=891114, regioncalls=55226080, ndraw=40, logz=-11.35, remainder_fraction=0.2558%, Lmin=-0.07, Lmax=-0.01
11:49:07 [ultranest] [DEBUG] iteration=4400, ncalls=891777, regioncalls=55269760, ndraw=40, logz=-11.35, remainder_fraction=0.2548%, Lmin=-0.07, Lmax=-0.01
11:49:10 [ultranest] [DEBUG] iteration=4401, ncalls=892455, regioncalls=55311920, ndraw=40, logz=-11.35, remainder_fraction=0.2538%, Lmin=-0.07, Lmax=-0.01
11:49:12 [ultranest] [DEBUG] iteration=4402, ncalls=893141, regioncalls=55361000, ndraw=40, logz=-11.35, remainder_fraction=0.2529%, Lmin=-0.07, Lmax=-0.01
11:49:14 [ultranest] [DEBUG] iteration=4403, ncalls=893923, regioncalls=55414920, ndraw=40, logz=-11.35, remainder_fraction=0.2519%, Lmin=-0.07, Lmax=-0.01
11:49:20 [ultranest] [DEBUG] iteration=4404, ncalls=895955, regioncalls=55548160, ndraw=40, logz=-11.35, remainder_fraction=0.2509%, Lmin=-0.07, Lmax=-0.01
11:49:21 [ultranest] [DEBUG] iteration=4405, ncalls=896223, regioncalls=55566720, ndraw=40, logz=-11.35, remainder_fraction=0.2499%, Lmin=-0.07, Lmax=-0.01
11:49:22 [ultranest] [DEBUG] iteration=4406, ncalls=896612, regioncalls=55591640, ndraw=40, logz=-11.35, remainder_fraction=0.2490%, Lmin=-0.07, Lmax=-0.01
11:49:24 [ultranest] [DEBUG] iteration=4407, ncalls=897341, regioncalls=55640880, ndraw=40, logz=-11.35, remainder_fraction=0.2480%, Lmin=-0.07, Lmax=-0.01
11:49:28 [ultranest] [DEBUG] iteration=4408, ncalls=898552, regioncalls=55719000, ndraw=40, logz=-11.35, remainder_fraction=0.2470%, Lmin=-0.07, Lmax=-0.01
11:49:29 [ultranest] [DEBUG] iteration=4409, ncalls=898837, regioncalls=55738120, ndraw=40, logz=-11.35, remainder_fraction=0.2460%, Lmin=-0.07, Lmax=-0.01
11:49:32 [ultranest] [DEBUG] iteration=4410, ncalls=899887, regioncalls=55812960, ndraw=40, logz=-11.35, remainder_fraction=0.2451%, Lmin=-0.07, Lmax=-0.01
11:49:33 [ultranest] [DEBUG] iteration=4411, ncalls=900306, regioncalls=55841720, ndraw=40, logz=-11.35, remainder_fraction=0.2441%, Lmin=-0.07, Lmax=-0.01
11:49:33 [ultranest] [DEBUG] iteration=4412, ncalls=900339, regioncalls=55843560, ndraw=40, logz=-11.35, remainder_fraction=0.2431%, Lmin=-0.07, Lmax=-0.01
11:49:34 [ultranest] [DEBUG] iteration=4413, ncalls=900726, regioncalls=55869880, ndraw=40, logz=-11.35, remainder_fraction=0.2422%, Lmin=-0.07, Lmax=-0.01
11:49:36 [ultranest] [DEBUG] iteration=4414, ncalls=901333, regioncalls=55908440, ndraw=40, logz=-11.35, remainder_fraction=0.2412%, Lmin=-0.07, Lmax=-0.01
11:49:42 [ultranest] [DEBUG] iteration=4415, ncalls=903888, regioncalls=56075960, ndraw=40, logz=-11.35, remainder_fraction=0.2403%, Lmin=-0.07, Lmax=-0.01
11:49:43 [ultranest] [DEBUG] iteration=4416, ncalls=904430, regioncalls=56111400, ndraw=40, logz=-11.35, remainder_fraction=0.2393%, Lmin=-0.07, Lmax=-0.01
11:49:46 [ultranest] [DEBUG] iteration=4417, ncalls=905562, regioncalls=56186360, ndraw=40, logz=-11.35, remainder_fraction=0.2384%, Lmin=-0.07, Lmax=-0.01
11:50:01 [ultranest] [DEBUG] iteration=4418, ncalls=910879, regioncalls=56530680, ndraw=40, logz=-11.35, remainder_fraction=0.2374%, Lmin=-0.07, Lmax=-0.01
11:50:02 [ultranest] [DEBUG] iteration=4419, ncalls=911251, regioncalls=56555760, ndraw=40, logz=-11.35, remainder_fraction=0.2365%, Lmin=-0.07, Lmax=-0.01
11:50:08 [ultranest] [DEBUG] iteration=4420, ncalls=913426, regioncalls=56700360, ndraw=40, logz=-11.35, remainder_fraction=0.2356%, Lmin=-0.07, Lmax=-0.01
11:50:10 [ultranest] [DEBUG] iteration=4421, ncalls=914208, regioncalls=56752600, ndraw=40, logz=-11.35, remainder_fraction=0.2346%, Lmin=-0.07, Lmax=-0.01
11:50:11 [ultranest] [DEBUG] iteration=4422, ncalls=914770, regioncalls=56792120, ndraw=40, logz=-11.35, remainder_fraction=0.2337%, Lmin=-0.07, Lmax=-0.01
11:50:12 [ultranest] [DEBUG] iteration=4423, ncalls=914955, regioncalls=56804560, ndraw=40, logz=-11.35, remainder_fraction=0.2328%, Lmin=-0.07, Lmax=-0.01
11:50:13 [ultranest] [DEBUG] iteration=4424, ncalls=915296, regioncalls=56827320, ndraw=40, logz=-11.35, remainder_fraction=0.2319%, Lmin=-0.07, Lmax=-0.01
11:50:13 [ultranest] [DEBUG] iteration=4425, ncalls=915332, regioncalls=56829360, ndraw=40, logz=-11.35, remainder_fraction=0.2310%, Lmin=-0.07, Lmax=-0.01
11:50:25 [ultranest] [DEBUG] iteration=4426, ncalls=919811, regioncalls=57129720, ndraw=40, logz=-11.35, remainder_fraction=0.2301%, Lmin=-0.07, Lmax=-0.01
11:50:33 [ultranest] [DEBUG] iteration=4427, ncalls=922742, regioncalls=57326400, ndraw=40, logz=-11.35, remainder_fraction=0.2292%, Lmin=-0.07, Lmax=-0.01
11:50:35 [ultranest] [DEBUG] iteration=4428, ncalls=923284, regioncalls=57363040, ndraw=40, logz=-11.35, remainder_fraction=0.2282%, Lmin=-0.07, Lmax=-0.01
11:50:37 [ultranest] [DEBUG] iteration=4429, ncalls=924218, regioncalls=57424160, ndraw=40, logz=-11.35, remainder_fraction=0.2274%, Lmin=-0.07, Lmax=-0.01
11:50:50 [ultranest] [DEBUG] iteration=4430, ncalls=928087, regioncalls=57680400, ndraw=40, logz=-11.35, remainder_fraction=0.2265%, Lmin=-0.07, Lmax=-0.01
11:50:53 [ultranest] [DEBUG] iteration=4431, ncalls=929026, regioncalls=57742960, ndraw=40, logz=-11.35, remainder_fraction=0.2256%, Lmin=-0.07, Lmax=-0.01
11:50:55 [ultranest] [DEBUG] iteration=4432, ncalls=929775, regioncalls=57793960, ndraw=40, logz=-11.35, remainder_fraction=0.2247%, Lmin=-0.07, Lmax=-0.01
11:51:08 [ultranest] [DEBUG] iteration=4433, ncalls=934676, regioncalls=58126200, ndraw=40, logz=-11.35, remainder_fraction=0.2238%, Lmin=-0.07, Lmax=-0.01
11:51:09 [ultranest] [DEBUG] iteration=4434, ncalls=934891, regioncalls=58138960, ndraw=40, logz=-11.35, remainder_fraction=0.2229%, Lmin=-0.07, Lmax=-0.01
11:51:14 [ultranest] [DEBUG] iteration=4435, ncalls=936804, regioncalls=58267680, ndraw=40, logz=-11.35, remainder_fraction=0.2220%, Lmin=-0.07, Lmax=-0.01
11:51:20 [ultranest] [DEBUG] iteration=4436, ncalls=939141, regioncalls=58424000, ndraw=40, logz=-11.35, remainder_fraction=0.2212%, Lmin=-0.07, Lmax=-0.01
11:51:23 [ultranest] [DEBUG] iteration=4437, ncalls=940329, regioncalls=58503360, ndraw=40, logz=-11.35, remainder_fraction=0.2203%, Lmin=-0.07, Lmax=-0.01
11:51:29 [ultranest] [DEBUG] iteration=4438, ncalls=942272, regioncalls=58633800, ndraw=40, logz=-11.35, remainder_fraction=0.2194%, Lmin=-0.07, Lmax=-0.01
11:51:37 [ultranest] [DEBUG] iteration=4439, ncalls=945397, regioncalls=58847040, ndraw=40, logz=-11.35, remainder_fraction=0.2186%, Lmin=-0.07, Lmax=-0.01
11:51:46 [ultranest] [DEBUG] iteration=4440, ncalls=948627, regioncalls=59060680, ndraw=40, logz=-11.35, remainder_fraction=0.2177%, Lmin=-0.07, Lmax=-0.01
11:51:47 [ultranest] [DEBUG] iteration=4441, ncalls=949181, regioncalls=59097720, ndraw=40, logz=-11.35, remainder_fraction=0.2168%, Lmin=-0.07, Lmax=-0.01
11:52:01 [ultranest] [DEBUG] iteration=4442, ncalls=954784, regioncalls=59484040, ndraw=40, logz=-11.35, remainder_fraction=0.2160%, Lmin=-0.07, Lmax=-0.01
11:52:07 [ultranest] [DEBUG] iteration=4443, ncalls=956995, regioncalls=59635480, ndraw=40, logz=-11.35, remainder_fraction=0.2151%, Lmin=-0.07, Lmax=-0.01
11:52:11 [ultranest] [DEBUG] iteration=4444, ncalls=958392, regioncalls=59728600, ndraw=40, logz=-11.35, remainder_fraction=0.2143%, Lmin=-0.07, Lmax=-0.01
11:52:19 [ultranest] [DEBUG] iteration=4445, ncalls=960648, regioncalls=59880080, ndraw=40, logz=-11.35, remainder_fraction=0.2135%, Lmin=-0.07, Lmax=-0.01
11:52:21 [ultranest] [DEBUG] iteration=4446, ncalls=961161, regioncalls=59914880, ndraw=40, logz=-11.35, remainder_fraction=0.2126%, Lmin=-0.07, Lmax=-0.01
11:52:23 [ultranest] [DEBUG] iteration=4447, ncalls=961898, regioncalls=59963640, ndraw=40, logz=-11.35, remainder_fraction=0.2118%, Lmin=-0.07, Lmax=-0.01
11:52:28 [ultranest] [DEBUG] iteration=4448, ncalls=963335, regioncalls=60058840, ndraw=40, logz=-11.35, remainder_fraction=0.2110%, Lmin=-0.07, Lmax=-0.01
11:52:33 [ultranest] [DEBUG] iteration=4449, ncalls=965151, regioncalls=60182360, ndraw=40, logz=-11.35, remainder_fraction=0.2101%, Lmin=-0.07, Lmax=-0.01
11:52:41 [ultranest] [DEBUG] iteration=4450, ncalls=967911, regioncalls=60368000, ndraw=40, logz=-11.35, remainder_fraction=0.2093%, Lmin=-0.07, Lmax=-0.01
11:52:53 [ultranest] [DEBUG] iteration=4451, ncalls=972266, regioncalls=60659320, ndraw=40, logz=-11.35, remainder_fraction=0.2085%, Lmin=-0.07, Lmax=-0.01
11:52:58 [ultranest] [DEBUG] iteration=4452, ncalls=973794, regioncalls=60762880, ndraw=40, logz=-11.35, remainder_fraction=0.2077%, Lmin=-0.06, Lmax=-0.01
11:53:00 [ultranest] [DEBUG] iteration=4453, ncalls=974630, regioncalls=60823960, ndraw=40, logz=-11.35, remainder_fraction=0.2068%, Lmin=-0.06, Lmax=-0.01
11:53:01 [ultranest] [DEBUG] iteration=4454, ncalls=974857, regioncalls=60840280, ndraw=40, logz=-11.35, remainder_fraction=0.2060%, Lmin=-0.06, Lmax=-0.01
11:53:06 [ultranest] [DEBUG] iteration=4455, ncalls=976851, regioncalls=60974760, ndraw=40, logz=-11.35, remainder_fraction=0.2052%, Lmin=-0.06, Lmax=-0.01
11:53:09 [ultranest] [DEBUG] iteration=4456, ncalls=977759, regioncalls=61036960, ndraw=40, logz=-11.35, remainder_fraction=0.2044%, Lmin=-0.06, Lmax=-0.01
11:53:16 [ultranest] [DEBUG] iteration=4457, ncalls=980320, regioncalls=61213800, ndraw=40, logz=-11.35, remainder_fraction=0.2036%, Lmin=-0.06, Lmax=-0.01
11:53:21 [ultranest] [DEBUG] iteration=4458, ncalls=982502, regioncalls=61359720, ndraw=40, logz=-11.35, remainder_fraction=0.2028%, Lmin=-0.06, Lmax=-0.01
11:53:24 [ultranest] [DEBUG] iteration=4459, ncalls=983422, regioncalls=61424480, ndraw=40, logz=-11.35, remainder_fraction=0.2020%, Lmin=-0.06, Lmax=-0.01
11:53:28 [ultranest] [DEBUG] iteration=4460, ncalls=984643, regioncalls=61509440, ndraw=40, logz=-11.35, remainder_fraction=0.2012%, Lmin=-0.06, Lmax=-0.01
11:53:31 [ultranest] [DEBUG] iteration=4461, ncalls=985708, regioncalls=61582120, ndraw=40, logz=-11.35, remainder_fraction=0.2004%, Lmin=-0.06, Lmax=-0.01
11:53:36 [ultranest] [DEBUG] iteration=4462, ncalls=987149, regioncalls=61683960, ndraw=40, logz=-11.35, remainder_fraction=0.1996%, Lmin=-0.06, Lmax=-0.01
11:53:46 [ultranest] [DEBUG] iteration=4463, ncalls=989852, regioncalls=61862080, ndraw=40, logz=-11.35, remainder_fraction=0.1988%, Lmin=-0.06, Lmax=-0.01
11:53:46 [ultranest] [DEBUG] iteration=4464, ncalls=989910, regioncalls=61866040, ndraw=40, logz=-11.35, remainder_fraction=0.1981%, Lmin=-0.06, Lmax=-0.01
11:53:46 [ultranest] [DEBUG] iteration=4465, ncalls=989981, regioncalls=61870600, ndraw=40, logz=-11.35, remainder_fraction=0.1973%, Lmin=-0.06, Lmax=-0.01
11:54:09 [ultranest] [DEBUG] iteration=4466, ncalls=996999, regioncalls=62346520, ndraw=40, logz=-11.35, remainder_fraction=0.1965%, Lmin=-0.06, Lmax=-0.01
11:54:23 [ultranest] [DEBUG] iteration=4467, ncalls=1002019, regioncalls=62702280, ndraw=40, logz=-11.35, remainder_fraction=0.1958%, Lmin=-0.06, Lmax=-0.01
11:54:24 [ultranest] [DEBUG] iteration=4468, ncalls=1002419, regioncalls=62731120, ndraw=40, logz=-11.35, remainder_fraction=0.1950%, Lmin=-0.06, Lmax=-0.01
11:54:29 [ultranest] [DEBUG] iteration=4469, ncalls=1004325, regioncalls=62860480, ndraw=40, logz=-11.35, remainder_fraction=0.1942%, Lmin=-0.06, Lmax=-0.01
11:54:30 [ultranest] [DEBUG] iteration=4470, ncalls=1004474, regioncalls=62871200, ndraw=40, logz=-11.35, remainder_fraction=0.1935%, Lmin=-0.06, Lmax=-0.01
11:54:33 [ultranest] [DEBUG] iteration=4471, ncalls=1005975, regioncalls=62973720, ndraw=40, logz=-11.35, remainder_fraction=0.1927%, Lmin=-0.06, Lmax=-0.01
11:54:43 [ultranest] [DEBUG] iteration=4472, ncalls=1009241, regioncalls=63202360, ndraw=40, logz=-11.35, remainder_fraction=0.1919%, Lmin=-0.06, Lmax=-0.01
11:54:58 [ultranest] [DEBUG] iteration=4473, ncalls=1013978, regioncalls=63529440, ndraw=40, logz=-11.35, remainder_fraction=0.1912%, Lmin=-0.06, Lmax=-0.01
11:55:02 [ultranest] [DEBUG] iteration=4474, ncalls=1014852, regioncalls=63588640, ndraw=40, logz=-11.35, remainder_fraction=0.1904%, Lmin=-0.06, Lmax=-0.01
11:55:19 [ultranest] [DEBUG] iteration=4475, ncalls=1021197, regioncalls=64023240, ndraw=40, logz=-11.35, remainder_fraction=0.1897%, Lmin=-0.06, Lmax=-0.01
11:55:19 [ultranest] [DEBUG] iteration=4476, ncalls=1021312, regioncalls=64030200, ndraw=40, logz=-11.35, remainder_fraction=0.1889%, Lmin=-0.06, Lmax=-0.01
11:55:20 [ultranest] [DEBUG] iteration=4477, ncalls=1021768, regioncalls=64060720, ndraw=40, logz=-11.35, remainder_fraction=0.1882%, Lmin=-0.06, Lmax=-0.01
11:55:24 [ultranest] [DEBUG] iteration=4478, ncalls=1023317, regioncalls=64168200, ndraw=40, logz=-11.35, remainder_fraction=0.1874%, Lmin=-0.06, Lmax=-0.01
11:55:36 [ultranest] [DEBUG] iteration=4479, ncalls=1027001, regioncalls=64424720, ndraw=40, logz=-11.35, remainder_fraction=0.1867%, Lmin=-0.06, Lmax=-0.01
11:55:36 [ultranest] [DEBUG] iteration=4480, ncalls=1027131, regioncalls=64433560, ndraw=40, logz=-11.35, remainder_fraction=0.1859%, Lmin=-0.06, Lmax=-0.01
11:55:41 [ultranest] [DEBUG] iteration=4481, ncalls=1028992, regioncalls=64559720, ndraw=40, logz=-11.35, remainder_fraction=0.1852%, Lmin=-0.06, Lmax=-0.01
11:55:44 [ultranest] [DEBUG] iteration=4482, ncalls=1029821, regioncalls=64615480, ndraw=40, logz=-11.35, remainder_fraction=0.1845%, Lmin=-0.06, Lmax=-0.01
11:55:50 [ultranest] [DEBUG] iteration=4483, ncalls=1031970, regioncalls=64767480, ndraw=40, logz=-11.35, remainder_fraction=0.1837%, Lmin=-0.06, Lmax=-0.01
11:56:10 [ultranest] [DEBUG] iteration=4484, ncalls=1038558, regioncalls=65218680, ndraw=40, logz=-11.35, remainder_fraction=0.1830%, Lmin=-0.06, Lmax=-0.01
11:56:16 [ultranest] [DEBUG] iteration=4485, ncalls=1040601, regioncalls=65353800, ndraw=40, logz=-11.35, remainder_fraction=0.1823%, Lmin=-0.06, Lmax=-0.01
11:56:18 [ultranest] [DEBUG] iteration=4486, ncalls=1041428, regioncalls=65412000, ndraw=40, logz=-11.35, remainder_fraction=0.1815%, Lmin=-0.06, Lmax=-0.01
11:56:20 [ultranest] [DEBUG] iteration=4487, ncalls=1042107, regioncalls=65456120, ndraw=40, logz=-11.35, remainder_fraction=0.1808%, Lmin=-0.06, Lmax=-0.01
11:56:23 [ultranest] [DEBUG] iteration=4488, ncalls=1042982, regioncalls=65514800, ndraw=40, logz=-11.35, remainder_fraction=0.1801%, Lmin=-0.06, Lmax=-0.01
11:56:31 [ultranest] [DEBUG] iteration=4489, ncalls=1045469, regioncalls=65683480, ndraw=40, logz=-11.35, remainder_fraction=0.1794%, Lmin=-0.06, Lmax=-0.01
11:56:32 [ultranest] [DEBUG] iteration=4490, ncalls=1045898, regioncalls=65711400, ndraw=40, logz=-11.35, remainder_fraction=0.1787%, Lmin=-0.06, Lmax=-0.01
11:56:33 [ultranest] [DEBUG] iteration=4491, ncalls=1046449, regioncalls=65747600, ndraw=40, logz=-11.35, remainder_fraction=0.1780%, Lmin=-0.06, Lmax=-0.01
11:56:35 [ultranest] [DEBUG] iteration=4492, ncalls=1047350, regioncalls=65811680, ndraw=40, logz=-11.35, remainder_fraction=0.1773%, Lmin=-0.06, Lmax=-0.01
11:56:36 [ultranest] [DEBUG] iteration=4493, ncalls=1048079, regioncalls=65860600, ndraw=40, logz=-11.35, remainder_fraction=0.1766%, Lmin=-0.06, Lmax=-0.01
11:56:37 [ultranest] [DEBUG] iteration=4494, ncalls=1048119, regioncalls=65864080, ndraw=40, logz=-11.35, remainder_fraction=0.1759%, Lmin=-0.06, Lmax=-0.01
11:56:38 [ultranest] [DEBUG] iteration=4495, ncalls=1048511, regioncalls=65891640, ndraw=40, logz=-11.35, remainder_fraction=0.1752%, Lmin=-0.06, Lmax=-0.01
11:56:38 [ultranest] [DEBUG] iteration=4496, ncalls=1048663, regioncalls=65902560, ndraw=40, logz=-11.35, remainder_fraction=0.1745%, Lmin=-0.06, Lmax=-0.01
11:56:39 [ultranest] [DEBUG] iteration=4497, ncalls=1049045, regioncalls=65927960, ndraw=40, logz=-11.35, remainder_fraction=0.1738%, Lmin=-0.06, Lmax=-0.01
11:56:41 [ultranest] [DEBUG] iteration=4498, ncalls=1049658, regioncalls=65967840, ndraw=40, logz=-11.35, remainder_fraction=0.1731%, Lmin=-0.06, Lmax=-0.01
11:56:45 [ultranest] [DEBUG] iteration=4499, ncalls=1050879, regioncalls=66046120, ndraw=40, logz=-11.35, remainder_fraction=0.1724%, Lmin=-0.06, Lmax=-0.01
11:56:46 [ultranest] [DEBUG] iteration=4500, ncalls=1051282, regioncalls=66070960, ndraw=40, logz=-11.35, remainder_fraction=0.1717%, Lmin=-0.06, Lmax=-0.01
11:56:48 [ultranest] [DEBUG] iteration=4501, ncalls=1052135, regioncalls=66127160, ndraw=40, logz=-11.35, remainder_fraction=0.1711%, Lmin=-0.06, Lmax=-0.01
11:56:55 [ultranest] [DEBUG] iteration=4502, ncalls=1054040, regioncalls=66253760, ndraw=40, logz=-11.35, remainder_fraction=0.1704%, Lmin=-0.06, Lmax=-0.01
11:56:57 [ultranest] [DEBUG] iteration=4503, ncalls=1054425, regioncalls=66278960, ndraw=40, logz=-11.35, remainder_fraction=0.1697%, Lmin=-0.06, Lmax=-0.01
11:57:00 [ultranest] [DEBUG] iteration=4504, ncalls=1055475, regioncalls=66348960, ndraw=40, logz=-11.35, remainder_fraction=0.1690%, Lmin=-0.06, Lmax=-0.01
11:57:08 [ultranest] [DEBUG] iteration=4505, ncalls=1058281, regioncalls=66539480, ndraw=40, logz=-11.35, remainder_fraction=0.1684%, Lmin=-0.06, Lmax=-0.01
11:57:15 [ultranest] [DEBUG] iteration=4506, ncalls=1060661, regioncalls=66703640, ndraw=40, logz=-11.35, remainder_fraction=0.1677%, Lmin=-0.06, Lmax=-0.01
11:57:21 [ultranest] [DEBUG] iteration=4507, ncalls=1062935, regioncalls=66860840, ndraw=40, logz=-11.35, remainder_fraction=0.1670%, Lmin=-0.06, Lmax=-0.01
11:57:45 [ultranest] [DEBUG] iteration=4508, ncalls=1071057, regioncalls=67410600, ndraw=40, logz=-11.35, remainder_fraction=0.1664%, Lmin=-0.06, Lmax=-0.01
11:57:46 [ultranest] [DEBUG] iteration=4509, ncalls=1071333, regioncalls=67428920, ndraw=40, logz=-11.35, remainder_fraction=0.1657%, Lmin=-0.06, Lmax=-0.01
11:57:53 [ultranest] [DEBUG] iteration=4510, ncalls=1073986, regioncalls=67606520, ndraw=40, logz=-11.35, remainder_fraction=0.1651%, Lmin=-0.06, Lmax=-0.01
11:57:55 [ultranest] [DEBUG] iteration=4511, ncalls=1074517, regioncalls=67641880, ndraw=40, logz=-11.35, remainder_fraction=0.1644%, Lmin=-0.06, Lmax=-0.01
11:57:56 [ultranest] [DEBUG] iteration=4512, ncalls=1074907, regioncalls=67667840, ndraw=40, logz=-11.35, remainder_fraction=0.1637%, Lmin=-0.06, Lmax=-0.01
11:57:56 [ultranest] [DEBUG] iteration=4513, ncalls=1075194, regioncalls=67687240, ndraw=40, logz=-11.35, remainder_fraction=0.1631%, Lmin=-0.06, Lmax=-0.01
11:57:59 [ultranest] [DEBUG] iteration=4514, ncalls=1076114, regioncalls=67751280, ndraw=40, logz=-11.35, remainder_fraction=0.1625%, Lmin=-0.06, Lmax=-0.01
11:58:00 [ultranest] [DEBUG] iteration=4515, ncalls=1076749, regioncalls=67793320, ndraw=40, logz=-11.35, remainder_fraction=0.1618%, Lmin=-0.06, Lmax=-0.01
11:58:07 [ultranest] [DEBUG] iteration=4516, ncalls=1079391, regioncalls=67971240, ndraw=40, logz=-11.35, remainder_fraction=0.1612%, Lmin=-0.06, Lmax=-0.01
11:58:15 [ultranest] [DEBUG] iteration=4517, ncalls=1082612, regioncalls=68196040, ndraw=40, logz=-11.35, remainder_fraction=0.1605%, Lmin=-0.06, Lmax=-0.01
11:58:22 [ultranest] [DEBUG] iteration=4518, ncalls=1084685, regioncalls=68340120, ndraw=40, logz=-11.35, remainder_fraction=0.1599%, Lmin=-0.06, Lmax=-0.01
11:58:38 [ultranest] [DEBUG] iteration=4519, ncalls=1090278, regioncalls=68730200, ndraw=40, logz=-11.35, remainder_fraction=0.1593%, Lmin=-0.06, Lmax=-0.01
11:58:47 [ultranest] [DEBUG] iteration=4520, ncalls=1093512, regioncalls=68949280, ndraw=40, logz=-11.35, remainder_fraction=0.1587%, Lmin=-0.06, Lmax=-0.01
11:58:57 [ultranest] [DEBUG] iteration=4521, ncalls=1097580, regioncalls=69233880, ndraw=40, logz=-11.35, remainder_fraction=0.1580%, Lmin=-0.06, Lmax=-0.01
11:59:07 [ultranest] [DEBUG] iteration=4522, ncalls=1100963, regioncalls=69471360, ndraw=40, logz=-11.35, remainder_fraction=0.1574%, Lmin=-0.06, Lmax=-0.01
11:59:32 [ultranest] [DEBUG] iteration=4523, ncalls=1109562, regioncalls=70059400, ndraw=40, logz=-11.35, remainder_fraction=0.1568%, Lmin=-0.06, Lmax=-0.01
11:59:38 [ultranest] [DEBUG] iteration=4525, ncalls=1111628, regioncalls=70207960, ndraw=40, logz=-11.35, remainder_fraction=0.1555%, Lmin=-0.06, Lmax=-0.01
11:59:40 [ultranest] [DEBUG] iteration=4526, ncalls=1112388, regioncalls=70260240, ndraw=40, logz=-11.35, remainder_fraction=0.1549%, Lmin=-0.06, Lmax=-0.01
11:59:41 [ultranest] [DEBUG] iteration=4527, ncalls=1112829, regioncalls=70289840, ndraw=40, logz=-11.35, remainder_fraction=0.1543%, Lmin=-0.06, Lmax=-0.01
11:59:50 [ultranest] [DEBUG] iteration=4528, ncalls=1116494, regioncalls=70542200, ndraw=40, logz=-11.35, remainder_fraction=0.1537%, Lmin=-0.06, Lmax=-0.01
11:59:53 [ultranest] [DEBUG] iteration=4529, ncalls=1117350, regioncalls=70601160, ndraw=40, logz=-11.35, remainder_fraction=0.1531%, Lmin=-0.06, Lmax=-0.01
12:00:03 [ultranest] [DEBUG] iteration=4530, ncalls=1120281, regioncalls=70805760, ndraw=40, logz=-11.35, remainder_fraction=0.1525%, Lmin=-0.06, Lmax=-0.01
12:00:09 [ultranest] [DEBUG] iteration=4531, ncalls=1122343, regioncalls=70946280, ndraw=40, logz=-11.35, remainder_fraction=0.1519%, Lmin=-0.06, Lmax=-0.01
12:00:16 [ultranest] [DEBUG] iteration=4532, ncalls=1124682, regioncalls=71105920, ndraw=40, logz=-11.35, remainder_fraction=0.1513%, Lmin=-0.06, Lmax=-0.01
12:00:20 [ultranest] [DEBUG] iteration=4533, ncalls=1125969, regioncalls=71198480, ndraw=40, logz=-11.35, remainder_fraction=0.1507%, Lmin=-0.06, Lmax=-0.01
12:00:27 [ultranest] [DEBUG] iteration=4534, ncalls=1128696, regioncalls=71391760, ndraw=40, logz=-11.35, remainder_fraction=0.1501%, Lmin=-0.06, Lmax=-0.01
12:00:33 [ultranest] [DEBUG] iteration=4535, ncalls=1130333, regioncalls=71505880, ndraw=40, logz=-11.35, remainder_fraction=0.1495%, Lmin=-0.06, Lmax=-0.01
12:00:43 [ultranest] [DEBUG] iteration=4536, ncalls=1133475, regioncalls=71729560, ndraw=40, logz=-11.35, remainder_fraction=0.1489%, Lmin=-0.06, Lmax=-0.01
12:00:48 [ultranest] [DEBUG] iteration=4537, ncalls=1135332, regioncalls=71856200, ndraw=40, logz=-11.35, remainder_fraction=0.1483%, Lmin=-0.06, Lmax=-0.01
12:00:55 [ultranest] [DEBUG] iteration=4538, ncalls=1137429, regioncalls=72004240, ndraw=40, logz=-11.35, remainder_fraction=0.1477%, Lmin=-0.06, Lmax=-0.01
12:01:06 [ultranest] [DEBUG] iteration=4539, ncalls=1141178, regioncalls=72267960, ndraw=40, logz=-11.35, remainder_fraction=0.1471%, Lmin=-0.06, Lmax=-0.01
12:01:08 [ultranest] [DEBUG] iteration=4540, ncalls=1141954, regioncalls=72320720, ndraw=40, logz=-11.35, remainder_fraction=0.1466%, Lmin=-0.06, Lmax=-0.01
12:01:09 [ultranest] [DEBUG] iteration=4541, ncalls=1142344, regioncalls=72349000, ndraw=40, logz=-11.35, remainder_fraction=0.1460%, Lmin=-0.06, Lmax=-0.01
12:01:20 [ultranest] [DEBUG] iteration=4542, ncalls=1146459, regioncalls=72636440, ndraw=40, logz=-11.35, remainder_fraction=0.1454%, Lmin=-0.06, Lmax=-0.01
12:01:26 [ultranest] [DEBUG] iteration=4543, ncalls=1148264, regioncalls=72756080, ndraw=40, logz=-11.35, remainder_fraction=0.1448%, Lmin=-0.06, Lmax=-0.01
12:01:27 [ultranest] [DEBUG] iteration=4544, ncalls=1148428, regioncalls=72767240, ndraw=40, logz=-11.35, remainder_fraction=0.1443%, Lmin=-0.06, Lmax=-0.01
12:01:40 [ultranest] [DEBUG] iteration=4545, ncalls=1152774, regioncalls=73072080, ndraw=40, logz=-11.35, remainder_fraction=0.1437%, Lmin=-0.06, Lmax=-0.01
12:01:57 [ultranest] [DEBUG] iteration=4546, ncalls=1158586, regioncalls=73466840, ndraw=40, logz=-11.35, remainder_fraction=0.1431%, Lmin=-0.06, Lmax=-0.01
12:02:06 [ultranest] [DEBUG] iteration=4547, ncalls=1161288, regioncalls=73658640, ndraw=40, logz=-11.35, remainder_fraction=0.1425%, Lmin=-0.06, Lmax=-0.01
12:02:08 [ultranest] [DEBUG] iteration=4548, ncalls=1161798, regioncalls=73692840, ndraw=40, logz=-11.35, remainder_fraction=0.1420%, Lmin=-0.06, Lmax=-0.01
12:02:11 [ultranest] [DEBUG] iteration=4549, ncalls=1162602, regioncalls=73751280, ndraw=40, logz=-11.35, remainder_fraction=0.1414%, Lmin=-0.06, Lmax=-0.01
12:02:19 [ultranest] [DEBUG] iteration=4550, ncalls=1165247, regioncalls=73935560, ndraw=40, logz=-11.35, remainder_fraction=0.1409%, Lmin=-0.06, Lmax=-0.01
12:02:23 [ultranest] [DEBUG] iteration=4551, ncalls=1166573, regioncalls=74032080, ndraw=40, logz=-11.35, remainder_fraction=0.1403%, Lmin=-0.06, Lmax=-0.01
12:02:25 [ultranest] [DEBUG] iteration=4552, ncalls=1167035, regioncalls=74062840, ndraw=40, logz=-11.35, remainder_fraction=0.1398%, Lmin=-0.06, Lmax=-0.01
12:02:25 [ultranest] [DEBUG] iteration=4553, ncalls=1167138, regioncalls=74071480, ndraw=40, logz=-11.35, remainder_fraction=0.1392%, Lmin=-0.06, Lmax=-0.01
12:02:32 [ultranest] [DEBUG] iteration=4554, ncalls=1169293, regioncalls=74220720, ndraw=40, logz=-11.35, remainder_fraction=0.1386%, Lmin=-0.06, Lmax=-0.01
12:02:35 [ultranest] [DEBUG] iteration=4555, ncalls=1170455, regioncalls=74302520, ndraw=40, logz=-11.35, remainder_fraction=0.1381%, Lmin=-0.06, Lmax=-0.01
12:02:42 [ultranest] [DEBUG] iteration=4556, ncalls=1173368, regioncalls=74513920, ndraw=40, logz=-11.35, remainder_fraction=0.1376%, Lmin=-0.06, Lmax=-0.01
12:02:47 [ultranest] [DEBUG] iteration=4557, ncalls=1174675, regioncalls=74607200, ndraw=40, logz=-11.35, remainder_fraction=0.1370%, Lmin=-0.06, Lmax=-0.01
12:03:11 [ultranest] [DEBUG] iteration=4558, ncalls=1182679, regioncalls=75185200, ndraw=40, logz=-11.35, remainder_fraction=0.1365%, Lmin=-0.06, Lmax=-0.01
12:03:22 [ultranest] [DEBUG] iteration=4559, ncalls=1186855, regioncalls=75488200, ndraw=40, logz=-11.35, remainder_fraction=0.1359%, Lmin=-0.06, Lmax=-0.01
12:03:28 [ultranest] [DEBUG] iteration=4560, ncalls=1189347, regioncalls=75665840, ndraw=40, logz=-11.35, remainder_fraction=0.1354%, Lmin=-0.06, Lmax=-0.01
12:03:28 [ultranest] [DEBUG] iteration=4561, ncalls=1189460, regioncalls=75672440, ndraw=40, logz=-11.35, remainder_fraction=0.1349%, Lmin=-0.06, Lmax=-0.01
12:04:25 [ultranest] [DEBUG] iteration=4562, ncalls=1209362, regioncalls=77083360, ndraw=40, logz=-11.35, remainder_fraction=0.1343%, Lmin=-0.06, Lmax=-0.01
12:04:32 [ultranest] [DEBUG] iteration=4563, ncalls=1211840, regioncalls=77257920, ndraw=40, logz=-11.35, remainder_fraction=0.1338%, Lmin=-0.06, Lmax=-0.01
12:04:34 [ultranest] [DEBUG] iteration=4564, ncalls=1212403, regioncalls=77300960, ndraw=40, logz=-11.35, remainder_fraction=0.1333%, Lmin=-0.06, Lmax=-0.01
12:04:43 [ultranest] [DEBUG] iteration=4565, ncalls=1215542, regioncalls=77520280, ndraw=40, logz=-11.35, remainder_fraction=0.1328%, Lmin=-0.06, Lmax=-0.01
12:04:46 [ultranest] [DEBUG] iteration=4566, ncalls=1216606, regioncalls=77595200, ndraw=40, logz=-11.35, remainder_fraction=0.1322%, Lmin=-0.06, Lmax=-0.01
12:04:46 [ultranest] [DEBUG] iteration=4567, ncalls=1216671, regioncalls=77599840, ndraw=40, logz=-11.35, remainder_fraction=0.1317%, Lmin=-0.06, Lmax=-0.01
12:04:52 [ultranest] [DEBUG] iteration=4568, ncalls=1218680, regioncalls=77738600, ndraw=40, logz=-11.35, remainder_fraction=0.1312%, Lmin=-0.06, Lmax=-0.01
12:04:59 [ultranest] [DEBUG] iteration=4569, ncalls=1221995, regioncalls=77971880, ndraw=40, logz=-11.35, remainder_fraction=0.1307%, Lmin=-0.06, Lmax=-0.01
12:04:59 [ultranest] [DEBUG] iteration=4570, ncalls=1222208, regioncalls=77986640, ndraw=40, logz=-11.35, remainder_fraction=0.1302%, Lmin=-0.06, Lmax=-0.01
12:05:08 [ultranest] [DEBUG] iteration=4571, ncalls=1225062, regioncalls=78191120, ndraw=40, logz=-11.35, remainder_fraction=0.1296%, Lmin=-0.06, Lmax=-0.01
12:05:25 [ultranest] [DEBUG] iteration=4572, ncalls=1230720, regioncalls=78585120, ndraw=40, logz=-11.35, remainder_fraction=0.1291%, Lmin=-0.06, Lmax=-0.01
12:05:28 [ultranest] [DEBUG] iteration=4573, ncalls=1231570, regioncalls=78645400, ndraw=40, logz=-11.35, remainder_fraction=0.1286%, Lmin=-0.06, Lmax=-0.01
12:05:35 [ultranest] [DEBUG] iteration=4574, ncalls=1234079, regioncalls=78820480, ndraw=40, logz=-11.35, remainder_fraction=0.1281%, Lmin=-0.06, Lmax=-0.01
12:05:45 [ultranest] [DEBUG] iteration=4575, ncalls=1237739, regioncalls=79082040, ndraw=40, logz=-11.35, remainder_fraction=0.1276%, Lmin=-0.06, Lmax=-0.01
12:05:51 [ultranest] [DEBUG] iteration=4576, ncalls=1240080, regioncalls=79243960, ndraw=40, logz=-11.35, remainder_fraction=0.1271%, Lmin=-0.05, Lmax=-0.01
12:05:51 [ultranest] [DEBUG] iteration=4577, ncalls=1240146, regioncalls=79248400, ndraw=40, logz=-11.35, remainder_fraction=0.1266%, Lmin=-0.05, Lmax=-0.01
12:05:51 [ultranest] [DEBUG] iteration=4578, ncalls=1240254, regioncalls=79256520, ndraw=40, logz=-11.35, remainder_fraction=0.1261%, Lmin=-0.05, Lmax=-0.01
12:05:53 [ultranest] [DEBUG] iteration=4579, ncalls=1240791, regioncalls=79292640, ndraw=40, logz=-11.35, remainder_fraction=0.1256%, Lmin=-0.05, Lmax=-0.01
12:05:58 [ultranest] [DEBUG] iteration=4580, ncalls=1242634, regioncalls=79423960, ndraw=40, logz=-11.35, remainder_fraction=0.1251%, Lmin=-0.05, Lmax=-0.01
12:06:03 [ultranest] [DEBUG] iteration=4581, ncalls=1244628, regioncalls=79565160, ndraw=40, logz=-11.35, remainder_fraction=0.1246%, Lmin=-0.05, Lmax=-0.01
12:06:04 [ultranest] [DEBUG] iteration=4582, ncalls=1244915, regioncalls=79585120, ndraw=40, logz=-11.35, remainder_fraction=0.1241%, Lmin=-0.05, Lmax=-0.01
12:06:05 [ultranest] [DEBUG] iteration=4583, ncalls=1245254, regioncalls=79607760, ndraw=40, logz=-11.35, remainder_fraction=0.1236%, Lmin=-0.05, Lmax=-0.01
12:06:07 [ultranest] [DEBUG] iteration=4584, ncalls=1245969, regioncalls=79655880, ndraw=40, logz=-11.35, remainder_fraction=0.1231%, Lmin=-0.05, Lmax=-0.01
12:06:17 [ultranest] [DEBUG] iteration=4585, ncalls=1249119, regioncalls=79869400, ndraw=40, logz=-11.35, remainder_fraction=0.1227%, Lmin=-0.05, Lmax=-0.01
12:06:18 [ultranest] [DEBUG] iteration=4586, ncalls=1249290, regioncalls=79882160, ndraw=40, logz=-11.35, remainder_fraction=0.1222%, Lmin=-0.05, Lmax=-0.01
12:06:19 [ultranest] [DEBUG] iteration=4587, ncalls=1249492, regioncalls=79896760, ndraw=40, logz=-11.35, remainder_fraction=0.1217%, Lmin=-0.05, Lmax=-0.01
12:06:21 [ultranest] [DEBUG] iteration=4588, ncalls=1250303, regioncalls=79954440, ndraw=40, logz=-11.35, remainder_fraction=0.1212%, Lmin=-0.05, Lmax=-0.01
12:06:24 [ultranest] [DEBUG] iteration=4589, ncalls=1251365, regioncalls=80027600, ndraw=40, logz=-11.35, remainder_fraction=0.1207%, Lmin=-0.05, Lmax=-0.01
12:06:33 [ultranest] [DEBUG] iteration=4590, ncalls=1254814, regioncalls=80266640, ndraw=40, logz=-11.35, remainder_fraction=0.1203%, Lmin=-0.05, Lmax=-0.01
12:07:07 [ultranest] [DEBUG] iteration=4591, ncalls=1267341, regioncalls=81147680, ndraw=40, logz=-11.35, remainder_fraction=0.1198%, Lmin=-0.05, Lmax=-0.01
12:07:10 [ultranest] [DEBUG] iteration=4592, ncalls=1268437, regioncalls=81225480, ndraw=40, logz=-11.35, remainder_fraction=0.1193%, Lmin=-0.05, Lmax=-0.01
12:07:13 [ultranest] [DEBUG] iteration=4593, ncalls=1269384, regioncalls=81291920, ndraw=40, logz=-11.35, remainder_fraction=0.1188%, Lmin=-0.05, Lmax=-0.01
12:07:20 [ultranest] [DEBUG] iteration=4594, ncalls=1272687, regioncalls=81526640, ndraw=40, logz=-11.35, remainder_fraction=0.1184%, Lmin=-0.05, Lmax=-0.01
12:07:26 [ultranest] [DEBUG] iteration=4595, ncalls=1275086, regioncalls=81697840, ndraw=40, logz=-11.35, remainder_fraction=0.1179%, Lmin=-0.05, Lmax=-0.01
12:07:31 [ultranest] [DEBUG] iteration=4596, ncalls=1276795, regioncalls=81815680, ndraw=40, logz=-11.35, remainder_fraction=0.1174%, Lmin=-0.05, Lmax=-0.01
12:07:48 [ultranest] [DEBUG] iteration=4597, ncalls=1282256, regioncalls=82194520, ndraw=40, logz=-11.35, remainder_fraction=0.1170%, Lmin=-0.05, Lmax=-0.01
12:08:03 [ultranest] [DEBUG] iteration=4598, ncalls=1288433, regioncalls=82626080, ndraw=40, logz=-11.35, remainder_fraction=0.1165%, Lmin=-0.05, Lmax=-0.01
12:08:06 [ultranest] [DEBUG] iteration=4599, ncalls=1289701, regioncalls=82712000, ndraw=40, logz=-11.35, remainder_fraction=0.1160%, Lmin=-0.05, Lmax=-0.01
12:08:09 [ultranest] [DEBUG] iteration=4600, ncalls=1290977, regioncalls=82799240, ndraw=40, logz=-11.35, remainder_fraction=0.1156%, Lmin=-0.05, Lmax=-0.01
12:08:16 [ultranest] [DEBUG] iteration=4601, ncalls=1293412, regioncalls=82963120, ndraw=40, logz=-11.35, remainder_fraction=0.1151%, Lmin=-0.05, Lmax=-0.01
12:08:19 [ultranest] [DEBUG] iteration=4602, ncalls=1294513, regioncalls=83045200, ndraw=40, logz=-11.35, remainder_fraction=0.1147%, Lmin=-0.05, Lmax=-0.01
12:08:27 [ultranest] [DEBUG] iteration=4603, ncalls=1297827, regioncalls=83271240, ndraw=40, logz=-11.35, remainder_fraction=0.1142%, Lmin=-0.05, Lmax=-0.01
12:08:28 [ultranest] [DEBUG] iteration=4604, ncalls=1298085, regioncalls=83291920, ndraw=40, logz=-11.35, remainder_fraction=0.1138%, Lmin=-0.05, Lmax=-0.01
12:08:31 [ultranest] [DEBUG] iteration=4605, ncalls=1299411, regioncalls=83387040, ndraw=40, logz=-11.35, remainder_fraction=0.1133%, Lmin=-0.05, Lmax=-0.01
12:08:31 [ultranest] [DEBUG] iteration=4606, ncalls=1299518, regioncalls=83395600, ndraw=40, logz=-11.35, remainder_fraction=0.1129%, Lmin=-0.05, Lmax=-0.01
12:08:34 [ultranest] [DEBUG] iteration=4607, ncalls=1300486, regioncalls=83463920, ndraw=40, logz=-11.35, remainder_fraction=0.1124%, Lmin=-0.05, Lmax=-0.01
12:08:34 [ultranest] [DEBUG] iteration=4608, ncalls=1300508, regioncalls=83465160, ndraw=40, logz=-11.35, remainder_fraction=0.1120%, Lmin=-0.05, Lmax=-0.01
12:08:39 [ultranest] [DEBUG] iteration=4609, ncalls=1301935, regioncalls=83563200, ndraw=40, logz=-11.35, remainder_fraction=0.1115%, Lmin=-0.05, Lmax=-0.01
12:09:04 [ultranest] [DEBUG] iteration=4610, ncalls=1310505, regioncalls=84158360, ndraw=40, logz=-11.35, remainder_fraction=0.1111%, Lmin=-0.05, Lmax=-0.01
12:09:06 [ultranest] [DEBUG] iteration=4611, ncalls=1311310, regioncalls=84216720, ndraw=40, logz=-11.35, remainder_fraction=0.1107%, Lmin=-0.05, Lmax=-0.01
12:09:07 [ultranest] [DEBUG] iteration=4612, ncalls=1311640, regioncalls=84240960, ndraw=40, logz=-11.35, remainder_fraction=0.1102%, Lmin=-0.05, Lmax=-0.01
12:09:11 [ultranest] [DEBUG] iteration=4613, ncalls=1313027, regioncalls=84342800, ndraw=40, logz=-11.35, remainder_fraction=0.1098%, Lmin=-0.05, Lmax=-0.01
12:09:38 [ultranest] [DEBUG] iteration=4614, ncalls=1322383, regioncalls=85005840, ndraw=40, logz=-11.35, remainder_fraction=0.1094%, Lmin=-0.05, Lmax=-0.01
12:09:46 [ultranest] [DEBUG] iteration=4615, ncalls=1326025, regioncalls=85263960, ndraw=40, logz=-11.35, remainder_fraction=0.1089%, Lmin=-0.05, Lmax=-0.01
12:09:48 [ultranest] [DEBUG] iteration=4616, ncalls=1326757, regioncalls=85317960, ndraw=40, logz=-11.35, remainder_fraction=0.1085%, Lmin=-0.05, Lmax=-0.01
12:09:48 [ultranest] [DEBUG] iteration=4617, ncalls=1326990, regioncalls=85334640, ndraw=40, logz=-11.35, remainder_fraction=0.1081%, Lmin=-0.05, Lmax=-0.01
12:09:51 [ultranest] [DEBUG] iteration=4618, ncalls=1328290, regioncalls=85423480, ndraw=40, logz=-11.35, remainder_fraction=0.1077%, Lmin=-0.05, Lmax=-0.01
12:10:28 [ultranest] [DEBUG] iteration=4619, ncalls=1341120, regioncalls=86342480, ndraw=40, logz=-11.35, remainder_fraction=0.1072%, Lmin=-0.05, Lmax=-0.01
12:10:38 [ultranest] [DEBUG] iteration=4620, ncalls=1344788, regioncalls=86600240, ndraw=40, logz=-11.35, remainder_fraction=0.1068%, Lmin=-0.05, Lmax=-0.01
12:10:39 [ultranest] [DEBUG] iteration=4621, ncalls=1345247, regioncalls=86632360, ndraw=40, logz=-11.35, remainder_fraction=0.1064%, Lmin=-0.05, Lmax=-0.01
12:10:44 [ultranest] [DEBUG] iteration=4622, ncalls=1346769, regioncalls=86739000, ndraw=40, logz=-11.35, remainder_fraction=0.1060%, Lmin=-0.05, Lmax=-0.01
12:10:48 [ultranest] [DEBUG] iteration=4623, ncalls=1348275, regioncalls=86849520, ndraw=40, logz=-11.35, remainder_fraction=0.1055%, Lmin=-0.05, Lmax=-0.01
12:10:58 [ultranest] [DEBUG] iteration=4624, ncalls=1351582, regioncalls=87091880, ndraw=40, logz=-11.35, remainder_fraction=0.1051%, Lmin=-0.05, Lmax=-0.01
12:10:59 [ultranest] [DEBUG] iteration=4625, ncalls=1352033, regioncalls=87122480, ndraw=40, logz=-11.35, remainder_fraction=0.1047%, Lmin=-0.05, Lmax=-0.01
12:11:23 [ultranest] [DEBUG] iteration=4626, ncalls=1361351, regioncalls=87795080, ndraw=40, logz=-11.35, remainder_fraction=0.1043%, Lmin=-0.05, Lmax=-0.01
12:11:42 [ultranest] [DEBUG] iteration=4627, ncalls=1368295, regioncalls=88290080, ndraw=40, logz=-11.35, remainder_fraction=0.1039%, Lmin=-0.05, Lmax=-0.01
12:11:49 [ultranest] [DEBUG] iteration=4628, ncalls=1371218, regioncalls=88492560, ndraw=40, logz=-11.35, remainder_fraction=0.1035%, Lmin=-0.05, Lmax=-0.01
12:12:03 [ultranest] [DEBUG] iteration=4629, ncalls=1376309, regioncalls=88859200, ndraw=40, logz=-11.35, remainder_fraction=0.1031%, Lmin=-0.05, Lmax=-0.01
12:12:04 [ultranest] [DEBUG] iteration=4630, ncalls=1376467, regioncalls=88869920, ndraw=40, logz=-11.35, remainder_fraction=0.1027%, Lmin=-0.05, Lmax=-0.01
12:12:10 [ultranest] [DEBUG] iteration=4631, ncalls=1378942, regioncalls=89048400, ndraw=40, logz=-11.35, remainder_fraction=0.1023%, Lmin=-0.05, Lmax=-0.01
12:12:16 [ultranest] [DEBUG] iteration=4632, ncalls=1381163, regioncalls=89206560, ndraw=40, logz=-11.35, remainder_fraction=0.1019%, Lmin=-0.05, Lmax=-0.01
12:12:20 [ultranest] [DEBUG] iteration=4633, ncalls=1383045, regioncalls=89339040, ndraw=40, logz=-11.35, remainder_fraction=0.1015%, Lmin=-0.05, Lmax=-0.01
12:12:26 [ultranest] [DEBUG] iteration=4634, ncalls=1385068, regioncalls=89479840, ndraw=40, logz=-11.35, remainder_fraction=0.1011%, Lmin=-0.05, Lmax=-0.01
12:12:27 [ultranest] [DEBUG] iteration=4635, ncalls=1385413, regioncalls=89503120, ndraw=40, logz=-11.35, remainder_fraction=0.1007%, Lmin=-0.05, Lmax=-0.01
12:12:49 [ultranest] [DEBUG] iteration=4636, ncalls=1392734, regioncalls=90014480, ndraw=40, logz=-11.35, remainder_fraction=0.1003%, Lmin=-0.05, Lmax=-0.01
12:12:49 [ultranest] [DEBUG] iteration=4637, ncalls=1392830, regioncalls=90022280, ndraw=40, logz=-11.35, remainder_fraction=0.0999%, Lmin=-0.05, Lmax=-0.01
12:12:57 [ultranest] [DEBUG] iteration=4638, ncalls=1395764, regioncalls=90235360, ndraw=40, logz=-11.35, remainder_fraction=0.0995%, Lmin=-0.05, Lmax=-0.01
12:13:03 [ultranest] [DEBUG] iteration=4639, ncalls=1398241, regioncalls=90408440, ndraw=40, logz=-11.35, remainder_fraction=0.0991%, Lmin=-0.05, Lmax=-0.01
12:13:11 [ultranest] [DEBUG] iteration=4640, ncalls=1401781, regioncalls=90654680, ndraw=40, logz=-11.35, remainder_fraction=0.0987%, Lmin=-0.05, Lmax=-0.01
12:13:13 [ultranest] [DEBUG] iteration=4641, ncalls=1402684, regioncalls=90717280, ndraw=40, logz=-11.35, remainder_fraction=0.0983%, Lmin=-0.05, Lmax=-0.01
12:13:15 [ultranest] [DEBUG] iteration=4642, ncalls=1403171, regioncalls=90749600, ndraw=40, logz=-11.35, remainder_fraction=0.0979%, Lmin=-0.05, Lmax=-0.01
12:13:26 [ultranest] [DEBUG] iteration=4643, ncalls=1407161, regioncalls=91032920, ndraw=40, logz=-11.35, remainder_fraction=0.0975%, Lmin=-0.05, Lmax=-0.01
12:13:39 [ultranest] [DEBUG] iteration=4644, ncalls=1411774, regioncalls=91362520, ndraw=40, logz=-11.35, remainder_fraction=0.0972%, Lmin=-0.05, Lmax=-0.01
12:13:50 [ultranest] [DEBUG] iteration=4645, ncalls=1416307, regioncalls=91683560, ndraw=40, logz=-11.35, remainder_fraction=0.0968%, Lmin=-0.05, Lmax=-0.01
12:13:50 [ultranest] [DEBUG] iteration=4646, ncalls=1416356, regioncalls=91685920, ndraw=40, logz=-11.35, remainder_fraction=0.0964%, Lmin=-0.05, Lmax=-0.01
12:13:55 [ultranest] [DEBUG] iteration=4647, ncalls=1418091, regioncalls=91808200, ndraw=40, logz=-11.35, remainder_fraction=0.0960%, Lmin=-0.05, Lmax=-0.01
12:14:08 [ultranest] [DEBUG] iteration=4648, ncalls=1422544, regioncalls=92125800, ndraw=40, logz=-11.35, remainder_fraction=0.0956%, Lmin=-0.05, Lmax=-0.01
12:14:29 [ultranest] [DEBUG] iteration=4649, ncalls=1430086, regioncalls=92665800, ndraw=40, logz=-11.35, remainder_fraction=0.0952%, Lmin=-0.05, Lmax=-0.01
12:14:36 [ultranest] [DEBUG] iteration=4650, ncalls=1432440, regioncalls=92836600, ndraw=40, logz=-11.35, remainder_fraction=0.0949%, Lmin=-0.05, Lmax=-0.01
12:14:39 [ultranest] [DEBUG] iteration=4651, ncalls=1434017, regioncalls=92949640, ndraw=40, logz=-11.35, remainder_fraction=0.0945%, Lmin=-0.05, Lmax=-0.01
12:14:40 [ultranest] [DEBUG] iteration=4652, ncalls=1434406, regioncalls=92978840, ndraw=40, logz=-11.35, remainder_fraction=0.0941%, Lmin=-0.05, Lmax=-0.01
12:14:59 [ultranest] [DEBUG] iteration=4653, ncalls=1441006, regioncalls=93454280, ndraw=40, logz=-11.35, remainder_fraction=0.0937%, Lmin=-0.05, Lmax=-0.01
12:15:00 [ultranest] [DEBUG] iteration=4654, ncalls=1441744, regioncalls=93506800, ndraw=40, logz=-11.35, remainder_fraction=0.0934%, Lmin=-0.05, Lmax=-0.01
12:15:04 [ultranest] [DEBUG] iteration=4655, ncalls=1443309, regioncalls=93620520, ndraw=40, logz=-11.35, remainder_fraction=0.0930%, Lmin=-0.05, Lmax=-0.01
12:15:30 [ultranest] [DEBUG] iteration=4656, ncalls=1453310, regioncalls=94344400, ndraw=40, logz=-11.35, remainder_fraction=0.0926%, Lmin=-0.05, Lmax=-0.01
12:15:37 [ultranest] [DEBUG] iteration=4657, ncalls=1455919, regioncalls=94534960, ndraw=40, logz=-11.35, remainder_fraction=0.0923%, Lmin=-0.05, Lmax=-0.01
12:15:42 [ultranest] [DEBUG] iteration=4658, ncalls=1457776, regioncalls=94671360, ndraw=40, logz=-11.35, remainder_fraction=0.0919%, Lmin=-0.05, Lmax=-0.01
12:15:50 [ultranest] [DEBUG] iteration=4659, ncalls=1461040, regioncalls=94913680, ndraw=40, logz=-11.35, remainder_fraction=0.0916%, Lmin=-0.05, Lmax=-0.01
12:15:53 [ultranest] [DEBUG] iteration=4660, ncalls=1462233, regioncalls=95002760, ndraw=40, logz=-11.35, remainder_fraction=0.0912%, Lmin=-0.05, Lmax=-0.01
12:15:57 [ultranest] [DEBUG] iteration=4661, ncalls=1464204, regioncalls=95147880, ndraw=40, logz=-11.35, remainder_fraction=0.0908%, Lmin=-0.05, Lmax=-0.01
12:16:31 [ultranest] [DEBUG] iteration=4662, ncalls=1476294, regioncalls=96039880, ndraw=40, logz=-11.35, remainder_fraction=0.0905%, Lmin=-0.05, Lmax=-0.01
12:16:36 [ultranest] [DEBUG] iteration=4663, ncalls=1478164, regioncalls=96171720, ndraw=40, logz=-11.35, remainder_fraction=0.0901%, Lmin=-0.05, Lmax=-0.01
12:16:46 [ultranest] [DEBUG] iteration=4664, ncalls=1481521, regioncalls=96411320, ndraw=40, logz=-11.35, remainder_fraction=0.0898%, Lmin=-0.05, Lmax=-0.01
12:16:47 [ultranest] [DEBUG] iteration=4665, ncalls=1481658, regioncalls=96421360, ndraw=40, logz=-11.35, remainder_fraction=0.0894%, Lmin=-0.05, Lmax=-0.01
12:17:04 [ultranest] [DEBUG] iteration=4666, ncalls=1487059, regioncalls=96807680, ndraw=40, logz=-11.35, remainder_fraction=0.0891%, Lmin=-0.05, Lmax=-0.01
12:17:10 [ultranest] [DEBUG] iteration=4667, ncalls=1488925, regioncalls=96947080, ndraw=40, logz=-11.35, remainder_fraction=0.0887%, Lmin=-0.05, Lmax=-0.01
12:17:12 [ultranest] [DEBUG] iteration=4668, ncalls=1489921, regioncalls=97019920, ndraw=40, logz=-11.35, remainder_fraction=0.0884%, Lmin=-0.05, Lmax=-0.01
12:17:13 [ultranest] [DEBUG] iteration=4669, ncalls=1490459, regioncalls=97059760, ndraw=40, logz=-11.35, remainder_fraction=0.0880%, Lmin=-0.05, Lmax=-0.01
12:17:24 [ultranest] [DEBUG] iteration=4670, ncalls=1494396, regioncalls=97346760, ndraw=40, logz=-11.35, remainder_fraction=0.0877%, Lmin=-0.05, Lmax=-0.01
12:17:25 [ultranest] [DEBUG] iteration=4671, ncalls=1494574, regioncalls=97359520, ndraw=40, logz=-11.35, remainder_fraction=0.0873%, Lmin=-0.05, Lmax=-0.01
12:17:26 [ultranest] [DEBUG] iteration=4672, ncalls=1494871, regioncalls=97381960, ndraw=40, logz=-11.35, remainder_fraction=0.0870%, Lmin=-0.05, Lmax=-0.01
12:17:57 [ultranest] [DEBUG] iteration=4673, ncalls=1506055, regioncalls=98192360, ndraw=40, logz=-11.35, remainder_fraction=0.0866%, Lmin=-0.05, Lmax=-0.01
12:17:57 [ultranest] [DEBUG] iteration=4674, ncalls=1506087, regioncalls=98194120, ndraw=40, logz=-11.35, remainder_fraction=0.0863%, Lmin=-0.05, Lmax=-0.01
12:18:04 [ultranest] [DEBUG] iteration=4675, ncalls=1508474, regioncalls=98364680, ndraw=40, logz=-11.35, remainder_fraction=0.0859%, Lmin=-0.05, Lmax=-0.01
12:18:08 [ultranest] [DEBUG] iteration=4676, ncalls=1510218, regioncalls=98492320, ndraw=40, logz=-11.35, remainder_fraction=0.0856%, Lmin=-0.05, Lmax=-0.01
12:18:11 [ultranest] [DEBUG] iteration=4677, ncalls=1511160, regioncalls=98562240, ndraw=40, logz=-11.35, remainder_fraction=0.0853%, Lmin=-0.05, Lmax=-0.01
12:18:28 [ultranest] [DEBUG] iteration=4678, ncalls=1517448, regioncalls=99032200, ndraw=40, logz=-11.35, remainder_fraction=0.0849%, Lmin=-0.05, Lmax=-0.01
12:18:38 [ultranest] [DEBUG] iteration=4679, ncalls=1520573, regioncalls=99258360, ndraw=40, logz=-11.35, remainder_fraction=0.0846%, Lmin=-0.05, Lmax=-0.01
12:18:55 [ultranest] [DEBUG] iteration=4680, ncalls=1526751, regioncalls=99708240, ndraw=40, logz=-11.35, remainder_fraction=0.0843%, Lmin=-0.05, Lmax=-0.01
12:18:58 [ultranest] [DEBUG] iteration=4681, ncalls=1528005, regioncalls=99800120, ndraw=40, logz=-11.35, remainder_fraction=0.0839%, Lmin=-0.05, Lmax=-0.01
12:18:59 [ultranest] [DEBUG] iteration=4682, ncalls=1528674, regioncalls=99849440, ndraw=40, logz=-11.35, remainder_fraction=0.0836%, Lmin=-0.05, Lmax=-0.01
12:19:09 [ultranest] [DEBUG] iteration=4683, ncalls=1531711, regioncalls=100076240, ndraw=40, logz=-11.35, remainder_fraction=0.0833%, Lmin=-0.05, Lmax=-0.01
12:19:23 [ultranest] [DEBUG] iteration=4684, ncalls=1536828, regioncalls=100452440, ndraw=40, logz=-11.35, remainder_fraction=0.0829%, Lmin=-0.05, Lmax=-0.01
12:19:46 [ultranest] [DEBUG] iteration=4685, ncalls=1544521, regioncalls=101010240, ndraw=40, logz=-11.35, remainder_fraction=0.0826%, Lmin=-0.05, Lmax=-0.01
12:19:50 [ultranest] [DEBUG] iteration=4686, ncalls=1546176, regioncalls=101128240, ndraw=40, logz=-11.35, remainder_fraction=0.0823%, Lmin=-0.05, Lmax=-0.01
12:19:51 [ultranest] [DEBUG] iteration=4687, ncalls=1546654, regioncalls=101162160, ndraw=40, logz=-11.35, remainder_fraction=0.0820%, Lmin=-0.05, Lmax=-0.01
12:19:59 [ultranest] [DEBUG] iteration=4688, ncalls=1549439, regioncalls=101365560, ndraw=40, logz=-11.35, remainder_fraction=0.0816%, Lmin=-0.05, Lmax=-0.01
12:20:03 [ultranest] [DEBUG] iteration=4689, ncalls=1550589, regioncalls=101452800, ndraw=40, logz=-11.35, remainder_fraction=0.0813%, Lmin=-0.05, Lmax=-0.01
12:20:04 [ultranest] [DEBUG] iteration=4690, ncalls=1550797, regioncalls=101467640, ndraw=40, logz=-11.35, remainder_fraction=0.0810%, Lmin=-0.05, Lmax=-0.01
12:20:11 [ultranest] [DEBUG] iteration=4691, ncalls=1553499, regioncalls=101666480, ndraw=40, logz=-11.35, remainder_fraction=0.0807%, Lmin=-0.05, Lmax=-0.01
12:20:21 [ultranest] [DEBUG] iteration=4692, ncalls=1557390, regioncalls=101950520, ndraw=40, logz=-11.35, remainder_fraction=0.0804%, Lmin=-0.05, Lmax=-0.01
12:20:22 [ultranest] [DEBUG] iteration=4693, ncalls=1557968, regioncalls=101991560, ndraw=40, logz=-11.35, remainder_fraction=0.0800%, Lmin=-0.05, Lmax=-0.01
12:20:25 [ultranest] [DEBUG] iteration=4694, ncalls=1559013, regioncalls=102068800, ndraw=40, logz=-11.35, remainder_fraction=0.0797%, Lmin=-0.05, Lmax=-0.01
12:20:31 [ultranest] [DEBUG] iteration=4695, ncalls=1561313, regioncalls=102234560, ndraw=40, logz=-11.35, remainder_fraction=0.0794%, Lmin=-0.05, Lmax=-0.01
12:20:39 [ultranest] [DEBUG] iteration=4696, ncalls=1564301, regioncalls=102454880, ndraw=40, logz=-11.35, remainder_fraction=0.0791%, Lmin=-0.05, Lmax=-0.01
12:20:45 [ultranest] [DEBUG] iteration=4697, ncalls=1566489, regioncalls=102614680, ndraw=40, logz=-11.35, remainder_fraction=0.0788%, Lmin=-0.05, Lmax=-0.01
12:20:59 [ultranest] [DEBUG] iteration=4698, ncalls=1571753, regioncalls=102997000, ndraw=40, logz=-11.35, remainder_fraction=0.0785%, Lmin=-0.05, Lmax=-0.01
12:21:24 [ultranest] [DEBUG] iteration=4699, ncalls=1581309, regioncalls=103690160, ndraw=40, logz=-11.35, remainder_fraction=0.0782%, Lmin=-0.05, Lmax=-0.01
12:21:32 [ultranest] [DEBUG] iteration=4700, ncalls=1584751, regioncalls=103944600, ndraw=40, logz=-11.35, remainder_fraction=0.0779%, Lmin=-0.05, Lmax=-0.01
12:21:33 [ultranest] [DEBUG] iteration=4701, ncalls=1585026, regioncalls=103962840, ndraw=40, logz=-11.35, remainder_fraction=0.0776%, Lmin=-0.04, Lmax=-0.01
12:21:49 [ultranest] [DEBUG] iteration=4702, ncalls=1590999, regioncalls=104394200, ndraw=40, logz=-11.35, remainder_fraction=0.0773%, Lmin=-0.04, Lmax=-0.01
12:21:51 [ultranest] [DEBUG] iteration=4703, ncalls=1591584, regioncalls=104437320, ndraw=40, logz=-11.35, remainder_fraction=0.0769%, Lmin=-0.04, Lmax=-0.01
12:22:03 [ultranest] [DEBUG] iteration=4704, ncalls=1595735, regioncalls=104738080, ndraw=40, logz=-11.35, remainder_fraction=0.0766%, Lmin=-0.04, Lmax=-0.01
12:22:17 [ultranest] [DEBUG] iteration=4705, ncalls=1600838, regioncalls=105118320, ndraw=40, logz=-11.35, remainder_fraction=0.0763%, Lmin=-0.04, Lmax=-0.01
12:22:26 [ultranest] [DEBUG] iteration=4706, ncalls=1605136, regioncalls=105435960, ndraw=40, logz=-11.35, remainder_fraction=0.0760%, Lmin=-0.04, Lmax=-0.01
12:22:38 [ultranest] [DEBUG] iteration=4707, ncalls=1609040, regioncalls=105722280, ndraw=40, logz=-11.35, remainder_fraction=0.0757%, Lmin=-0.04, Lmax=-0.01
12:22:40 [ultranest] [DEBUG] iteration=4708, ncalls=1609787, regioncalls=105777160, ndraw=40, logz=-11.35, remainder_fraction=0.0755%, Lmin=-0.04, Lmax=-0.01
12:22:44 [ultranest] [DEBUG] iteration=4709, ncalls=1611370, regioncalls=105895480, ndraw=40, logz=-11.35, remainder_fraction=0.0752%, Lmin=-0.04, Lmax=-0.01
12:22:48 [ultranest] [DEBUG] iteration=4710, ncalls=1612724, regioncalls=105994040, ndraw=40, logz=-11.35, remainder_fraction=0.0749%, Lmin=-0.04, Lmax=-0.01
12:23:11 [ultranest] [DEBUG] iteration=4711, ncalls=1620077, regioncalls=106541480, ndraw=40, logz=-11.35, remainder_fraction=0.0746%, Lmin=-0.04, Lmax=-0.01
12:23:13 [ultranest] [DEBUG] iteration=4712, ncalls=1621059, regioncalls=106611840, ndraw=40, logz=-11.35, remainder_fraction=0.0743%, Lmin=-0.04, Lmax=-0.01
12:23:32 [ultranest] [DEBUG] iteration=4713, ncalls=1627807, regioncalls=107118360, ndraw=40, logz=-11.35, remainder_fraction=0.0740%, Lmin=-0.04, Lmax=-0.01
12:23:37 [ultranest] [DEBUG] iteration=4714, ncalls=1629578, regioncalls=107247120, ndraw=40, logz=-11.35, remainder_fraction=0.0737%, Lmin=-0.04, Lmax=-0.01
12:23:37 [ultranest] [DEBUG] iteration=4715, ncalls=1629613, regioncalls=107249280, ndraw=40, logz=-11.35, remainder_fraction=0.0734%, Lmin=-0.04, Lmax=-0.01
12:23:53 [ultranest] [DEBUG] iteration=4716, ncalls=1634783, regioncalls=107635520, ndraw=40, logz=-11.35, remainder_fraction=0.0731%, Lmin=-0.04, Lmax=-0.01
12:23:55 [ultranest] [DEBUG] iteration=4717, ncalls=1635300, regioncalls=107673880, ndraw=40, logz=-11.35, remainder_fraction=0.0728%, Lmin=-0.04, Lmax=-0.01
12:23:57 [ultranest] [DEBUG] iteration=4718, ncalls=1635867, regioncalls=107716520, ndraw=40, logz=-11.35, remainder_fraction=0.0725%, Lmin=-0.04, Lmax=-0.01
12:24:17 [ultranest] [DEBUG] iteration=4719, ncalls=1642637, regioncalls=108217520, ndraw=40, logz=-11.35, remainder_fraction=0.0722%, Lmin=-0.04, Lmax=-0.01
12:24:45 [ultranest] [DEBUG] iteration=4720, ncalls=1651514, regioncalls=108879160, ndraw=40, logz=-11.35, remainder_fraction=0.0720%, Lmin=-0.04, Lmax=-0.01
12:25:00 [ultranest] [DEBUG] iteration=4721, ncalls=1656495, regioncalls=109252720, ndraw=40, logz=-11.35, remainder_fraction=0.0717%, Lmin=-0.04, Lmax=-0.01
12:25:10 [ultranest] [DEBUG] iteration=4722, ncalls=1659903, regioncalls=109515080, ndraw=40, logz=-11.35, remainder_fraction=0.0714%, Lmin=-0.04, Lmax=-0.01
12:25:28 [ultranest] [DEBUG] iteration=4723, ncalls=1665855, regioncalls=109953920, ndraw=40, logz=-11.35, remainder_fraction=0.0711%, Lmin=-0.04, Lmax=-0.01
12:25:32 [ultranest] [DEBUG] iteration=4724, ncalls=1667330, regioncalls=110062920, ndraw=40, logz=-11.35, remainder_fraction=0.0708%, Lmin=-0.04, Lmax=-0.01
12:25:41 [ultranest] [DEBUG] iteration=4725, ncalls=1670160, regioncalls=110276560, ndraw=40, logz=-11.35, remainder_fraction=0.0705%, Lmin=-0.04, Lmax=-0.01
12:25:44 [ultranest] [DEBUG] iteration=4726, ncalls=1671227, regioncalls=110355000, ndraw=40, logz=-11.35, remainder_fraction=0.0702%, Lmin=-0.04, Lmax=-0.01
12:25:57 [ultranest] [DEBUG] iteration=4727, ncalls=1676218, regioncalls=110717480, ndraw=40, logz=-11.35, remainder_fraction=0.0700%, Lmin=-0.04, Lmax=-0.01
12:26:14 [ultranest] [DEBUG] iteration=4728, ncalls=1682186, regioncalls=111148200, ndraw=40, logz=-11.35, remainder_fraction=0.0697%, Lmin=-0.04, Lmax=-0.01
12:26:15 [ultranest] [DEBUG] iteration=4729, ncalls=1682617, regioncalls=111181960, ndraw=40, logz=-11.35, remainder_fraction=0.0694%, Lmin=-0.04, Lmax=-0.01
12:26:23 [ultranest] [DEBUG] iteration=4730, ncalls=1685372, regioncalls=111385360, ndraw=40, logz=-11.35, remainder_fraction=0.0691%, Lmin=-0.04, Lmax=-0.01
12:26:28 [ultranest] [DEBUG] iteration=4731, ncalls=1687086, regioncalls=111512320, ndraw=40, logz=-11.35, remainder_fraction=0.0689%, Lmin=-0.04, Lmax=-0.01
12:26:45 [ultranest] [DEBUG] iteration=4732, ncalls=1693352, regioncalls=111977880, ndraw=40, logz=-11.35, remainder_fraction=0.0686%, Lmin=-0.04, Lmax=-0.01
12:26:53 [ultranest] [DEBUG] iteration=4733, ncalls=1695906, regioncalls=112165960, ndraw=40, logz=-11.35, remainder_fraction=0.0683%, Lmin=-0.04, Lmax=-0.01
12:27:00 [ultranest] [DEBUG] iteration=4734, ncalls=1697902, regioncalls=112315520, ndraw=40, logz=-11.35, remainder_fraction=0.0681%, Lmin=-0.04, Lmax=-0.01
12:27:04 [ultranest] [DEBUG] iteration=4735, ncalls=1698753, regioncalls=112385200, ndraw=40, logz=-11.35, remainder_fraction=0.0678%, Lmin=-0.04, Lmax=-0.01
12:28:04 [ultranest] [DEBUG] iteration=4736, ncalls=1718068, regioncalls=113979440, ndraw=40, logz=-11.35, remainder_fraction=0.0675%, Lmin=-0.04, Lmax=-0.01
12:28:11 [ultranest] [DEBUG] iteration=4737, ncalls=1720609, regioncalls=114188120, ndraw=40, logz=-11.35, remainder_fraction=0.0672%, Lmin=-0.04, Lmax=-0.01
12:28:22 [ultranest] [DEBUG] iteration=4738, ncalls=1724838, regioncalls=114535560, ndraw=40, logz=-11.35, remainder_fraction=0.0670%, Lmin=-0.04, Lmax=-0.01
12:28:29 [ultranest] [DEBUG] iteration=4739, ncalls=1727088, regioncalls=114717480, ndraw=40, logz=-11.35, remainder_fraction=0.0667%, Lmin=-0.04, Lmax=-0.01
12:28:47 [ultranest] [DEBUG] iteration=4740, ncalls=1733115, regioncalls=115215600, ndraw=40, logz=-11.35, remainder_fraction=0.0664%, Lmin=-0.04, Lmax=-0.01
12:28:48 [ultranest] [DEBUG] iteration=4741, ncalls=1733634, regioncalls=115256760, ndraw=40, logz=-11.35, remainder_fraction=0.0662%, Lmin=-0.04, Lmax=-0.01
12:29:11 [ultranest] [DEBUG] iteration=4742, ncalls=1741383, regioncalls=115899400, ndraw=40, logz=-11.35, remainder_fraction=0.0659%, Lmin=-0.04, Lmax=-0.01
12:30:30 [ultranest] [DEBUG] iteration=4743, ncalls=1767611, regioncalls=118086880, ndraw=40, logz=-11.35, remainder_fraction=0.0657%, Lmin=-0.04, Lmax=-0.01
12:30:48 [ultranest] [DEBUG] iteration=4744, ncalls=1774070, regioncalls=118629520, ndraw=40, logz=-11.35, remainder_fraction=0.0654%, Lmin=-0.04, Lmax=-0.01
12:31:07 [ultranest] [DEBUG] iteration=4745, ncalls=1779684, regioncalls=119093040, ndraw=40, logz=-11.35, remainder_fraction=0.0651%, Lmin=-0.04, Lmax=-0.01
12:31:47 [ultranest] [DEBUG] iteration=4746, ncalls=1792537, regioncalls=120153640, ndraw=40, logz=-11.35, remainder_fraction=0.0649%, Lmin=-0.04, Lmax=-0.01
12:32:05 [ultranest] [DEBUG] iteration=4747, ncalls=1797732, regioncalls=120585640, ndraw=40, logz=-11.35, remainder_fraction=0.0646%, Lmin=-0.04, Lmax=-0.01
12:32:46 [ultranest] [DEBUG] iteration=4748, ncalls=1810393, regioncalls=121642600, ndraw=40, logz=-11.35, remainder_fraction=0.0644%, Lmin=-0.04, Lmax=-0.01
12:32:46 [ultranest] [DEBUG] iteration=4749, ncalls=1810443, regioncalls=121646440, ndraw=40, logz=-11.35, remainder_fraction=0.0641%, Lmin=-0.04, Lmax=-0.01
12:33:04 [ultranest] [DEBUG] iteration=4750, ncalls=1816972, regioncalls=122188520, ndraw=40, logz=-11.35, remainder_fraction=0.0639%, Lmin=-0.04, Lmax=-0.01
12:33:42 [ultranest] [DEBUG] iteration=4751, ncalls=1829677, regioncalls=123239960, ndraw=40, logz=-11.35, remainder_fraction=0.0636%, Lmin=-0.04, Lmax=-0.01
12:33:42 [ultranest] [DEBUG] iteration=4752, ncalls=1830007, regioncalls=123266240, ndraw=40, logz=-11.35, remainder_fraction=0.0634%, Lmin=-0.04, Lmax=-0.01
12:33:44 [ultranest] [DEBUG] iteration=4753, ncalls=1830818, regioncalls=123332360, ndraw=40, logz=-11.35, remainder_fraction=0.0631%, Lmin=-0.04, Lmax=-0.01
12:33:58 [ultranest] [DEBUG] iteration=4754, ncalls=1835375, regioncalls=123705120, ndraw=40, logz=-11.35, remainder_fraction=0.0629%, Lmin=-0.04, Lmax=-0.01
12:34:03 [ultranest] [DEBUG] iteration=4755, ncalls=1836872, regioncalls=123832440, ndraw=40, logz=-11.35, remainder_fraction=0.0626%, Lmin=-0.04, Lmax=-0.01
12:34:07 [ultranest] [DEBUG] iteration=4756, ncalls=1838255, regioncalls=123946320, ndraw=40, logz=-11.35, remainder_fraction=0.0624%, Lmin=-0.04, Lmax=-0.01
12:34:11 [ultranest] [DEBUG] iteration=4757, ncalls=1839446, regioncalls=124046000, ndraw=40, logz=-11.35, remainder_fraction=0.0621%, Lmin=-0.04, Lmax=-0.01
12:34:14 [ultranest] [DEBUG] iteration=4758, ncalls=1840500, regioncalls=124131760, ndraw=40, logz=-11.35, remainder_fraction=0.0619%, Lmin=-0.04, Lmax=-0.01
12:34:17 [ultranest] [DEBUG] iteration=4759, ncalls=1841376, regioncalls=124203680, ndraw=40, logz=-11.35, remainder_fraction=0.0616%, Lmin=-0.04, Lmax=-0.01
12:35:07 [ultranest] [DEBUG] iteration=4760, ncalls=1856807, regioncalls=125468480, ndraw=40, logz=-11.35, remainder_fraction=0.0614%, Lmin=-0.04, Lmax=-0.01
12:36:00 [ultranest] [DEBUG] iteration=4761, ncalls=1874458, regioncalls=126913480, ndraw=40, logz=-11.35, remainder_fraction=0.0611%, Lmin=-0.04, Lmax=-0.01
12:36:05 [ultranest] [DEBUG] iteration=4762, ncalls=1875985, regioncalls=127043600, ndraw=40, logz=-11.35, remainder_fraction=0.0609%, Lmin=-0.04, Lmax=-0.01
12:36:11 [ultranest] [DEBUG] iteration=4763, ncalls=1877814, regioncalls=127195920, ndraw=40, logz=-11.35, remainder_fraction=0.0607%, Lmin=-0.04, Lmax=-0.01
12:36:14 [ultranest] [DEBUG] iteration=4764, ncalls=1878721, regioncalls=127266920, ndraw=40, logz=-11.35, remainder_fraction=0.0604%, Lmin=-0.04, Lmax=-0.01
12:36:42 [ultranest] [DEBUG] iteration=4765, ncalls=1888700, regioncalls=128080200, ndraw=40, logz=-11.35, remainder_fraction=0.0602%, Lmin=-0.04, Lmax=-0.01
12:37:18 [ultranest] [DEBUG] iteration=4766, ncalls=1900359, regioncalls=129011200, ndraw=40, logz=-11.35, remainder_fraction=0.0599%, Lmin=-0.04, Lmax=-0.01
12:37:30 [ultranest] [DEBUG] iteration=4767, ncalls=1905126, regioncalls=129405880, ndraw=40, logz=-11.35, remainder_fraction=0.0597%, Lmin=-0.04, Lmax=-0.01
12:37:41 [ultranest] [DEBUG] iteration=4768, ncalls=1909039, regioncalls=129724400, ndraw=40, logz=-11.35, remainder_fraction=0.0595%, Lmin=-0.04, Lmax=-0.01
12:37:42 [ultranest] [DEBUG] iteration=4769, ncalls=1909181, regioncalls=129735000, ndraw=40, logz=-11.35, remainder_fraction=0.0592%, Lmin=-0.04, Lmax=-0.01
12:37:50 [ultranest] [DEBUG] iteration=4770, ncalls=1912345, regioncalls=129993080, ndraw=40, logz=-11.35, remainder_fraction=0.0590%, Lmin=-0.04, Lmax=-0.01
12:38:11 [ultranest] [DEBUG] iteration=4771, ncalls=1920451, regioncalls=130660640, ndraw=40, logz=-11.35, remainder_fraction=0.0588%, Lmin=-0.04, Lmax=-0.01
12:38:31 [ultranest] [DEBUG] iteration=4772, ncalls=1926656, regioncalls=131164320, ndraw=40, logz=-11.35, remainder_fraction=0.0585%, Lmin=-0.04, Lmax=-0.01
12:38:50 [ultranest] [DEBUG] iteration=4773, ncalls=1933041, regioncalls=131684800, ndraw=40, logz=-11.35, remainder_fraction=0.0583%, Lmin=-0.04, Lmax=-0.01
12:39:00 [ultranest] [DEBUG] iteration=4774, ncalls=1936786, regioncalls=131984720, ndraw=40, logz=-11.35, remainder_fraction=0.0581%, Lmin=-0.04, Lmax=-0.01
12:39:25 [ultranest] [DEBUG] iteration=4775, ncalls=1944569, regioncalls=132630240, ndraw=40, logz=-11.35, remainder_fraction=0.0578%, Lmin=-0.04, Lmax=-0.01
12:39:32 [ultranest] [DEBUG] iteration=4776, ncalls=1946447, regioncalls=132784120, ndraw=40, logz=-11.35, remainder_fraction=0.0576%, Lmin=-0.04, Lmax=-0.01
12:39:53 [ultranest] [DEBUG] iteration=4777, ncalls=1953328, regioncalls=133360960, ndraw=40, logz=-11.35, remainder_fraction=0.0574%, Lmin=-0.04, Lmax=-0.01
12:40:09 [ultranest] [DEBUG] iteration=4778, ncalls=1958722, regioncalls=133802840, ndraw=40, logz=-11.35, remainder_fraction=0.0571%, Lmin=-0.04, Lmax=-0.01
12:40:14 [ultranest] [DEBUG] iteration=4779, ncalls=1960409, regioncalls=133938680, ndraw=40, logz=-11.35, remainder_fraction=0.0569%, Lmin=-0.04, Lmax=-0.01
12:40:59 [ultranest] [DEBUG] iteration=4780, ncalls=1975248, regioncalls=135153680, ndraw=40, logz=-11.35, remainder_fraction=0.0567%, Lmin=-0.04, Lmax=-0.01
12:41:57 [ultranest] [DEBUG] iteration=4781, ncalls=1994449, regioncalls=136708760, ndraw=40, logz=-11.35, remainder_fraction=0.0565%, Lmin=-0.04, Lmax=-0.01
12:42:24 [ultranest] [DEBUG] iteration=4782, ncalls=2003243, regioncalls=137436640, ndraw=40, logz=-11.35, remainder_fraction=0.0562%, Lmin=-0.04, Lmax=-0.01
12:42:27 [ultranest] [DEBUG] iteration=4783, ncalls=2004446, regioncalls=137539600, ndraw=40, logz=-11.35, remainder_fraction=0.0560%, Lmin=-0.04, Lmax=-0.01
12:42:44 [ultranest] [DEBUG] iteration=4784, ncalls=2010963, regioncalls=138083160, ndraw=40, logz=-11.35, remainder_fraction=0.0558%, Lmin=-0.04, Lmax=-0.01
12:42:49 [ultranest] [DEBUG] iteration=4785, ncalls=2012717, regioncalls=138237440, ndraw=40, logz=-11.35, remainder_fraction=0.0556%, Lmin=-0.04, Lmax=-0.01
12:42:50 [ultranest] [DEBUG] iteration=4786, ncalls=2012823, regioncalls=138246400, ndraw=40, logz=-11.35, remainder_fraction=0.0554%, Lmin=-0.04, Lmax=-0.01
12:43:00 [ultranest] [DEBUG] iteration=4787, ncalls=2015855, regioncalls=138492360, ndraw=40, logz=-11.35, remainder_fraction=0.0551%, Lmin=-0.04, Lmax=-0.01
12:43:02 [ultranest] [DEBUG] iteration=4788, ncalls=2016533, regioncalls=138552160, ndraw=40, logz=-11.35, remainder_fraction=0.0549%, Lmin=-0.04, Lmax=-0.01
12:43:14 [ultranest] [DEBUG] iteration=4789, ncalls=2020909, regioncalls=138908040, ndraw=40, logz=-11.35, remainder_fraction=0.0547%, Lmin=-0.04, Lmax=-0.01
12:43:59 [ultranest] [DEBUG] iteration=4790, ncalls=2035211, regioncalls=140079640, ndraw=40, logz=-11.35, remainder_fraction=0.0545%, Lmin=-0.04, Lmax=-0.01
12:44:00 [ultranest] [DEBUG] iteration=4791, ncalls=2035437, regioncalls=140101160, ndraw=40, logz=-11.35, remainder_fraction=0.0543%, Lmin=-0.04, Lmax=-0.01
12:44:07 [ultranest] [DEBUG] iteration=4792, ncalls=2038407, regioncalls=140348000, ndraw=40, logz=-11.35, remainder_fraction=0.0540%, Lmin=-0.04, Lmax=-0.01
12:44:10 [ultranest] [DEBUG] iteration=4793, ncalls=2039518, regioncalls=140434480, ndraw=40, logz=-11.35, remainder_fraction=0.0538%, Lmin=-0.04, Lmax=-0.01
12:44:22 [ultranest] [DEBUG] iteration=4794, ncalls=2043476, regioncalls=140756040, ndraw=40, logz=-11.35, remainder_fraction=0.0536%, Lmin=-0.04, Lmax=-0.01
12:44:45 [ultranest] [DEBUG] iteration=4795, ncalls=2052243, regioncalls=141472280, ndraw=40, logz=-11.35, remainder_fraction=0.0534%, Lmin=-0.04, Lmax=-0.01
12:44:48 [ultranest] [DEBUG] iteration=4796, ncalls=2053563, regioncalls=141578080, ndraw=40, logz=-11.35, remainder_fraction=0.0532%, Lmin=-0.04, Lmax=-0.01
12:44:59 [ultranest] [DEBUG] iteration=4797, ncalls=2057639, regioncalls=141907720, ndraw=40, logz=-11.35, remainder_fraction=0.0530%, Lmin=-0.04, Lmax=-0.01
12:45:21 [ultranest] [DEBUG] iteration=4798, ncalls=2065291, regioncalls=142540360, ndraw=40, logz=-11.35, remainder_fraction=0.0528%, Lmin=-0.04, Lmax=-0.01
12:46:26 [ultranest] [DEBUG] iteration=4799, ncalls=2087590, regioncalls=144369160, ndraw=40, logz=-11.35, remainder_fraction=0.0526%, Lmin=-0.04, Lmax=-0.01
12:46:39 [ultranest] [DEBUG] iteration=4800, ncalls=2092139, regioncalls=144731200, ndraw=40, logz=-11.35, remainder_fraction=0.0524%, Lmin=-0.04, Lmax=-0.01
12:46:51 [ultranest] [DEBUG] iteration=4801, ncalls=2096680, regioncalls=145104440, ndraw=40, logz=-11.35, remainder_fraction=0.0522%, Lmin=-0.04, Lmax=-0.01
12:47:01 [ultranest] [DEBUG] iteration=4802, ncalls=2100465, regioncalls=145410360, ndraw=40, logz=-11.35, remainder_fraction=0.0519%, Lmin=-0.04, Lmax=-0.01
12:47:01 [ultranest] [DEBUG] iteration=4803, ncalls=2100552, regioncalls=145418720, ndraw=40, logz=-11.35, remainder_fraction=0.0517%, Lmin=-0.04, Lmax=-0.01
12:47:21 [ultranest] [DEBUG] iteration=4804, ncalls=2105956, regioncalls=145859000, ndraw=40, logz=-11.35, remainder_fraction=0.0515%, Lmin=-0.04, Lmax=-0.01
12:48:04 [ultranest] [DEBUG] iteration=4805, ncalls=2120930, regioncalls=147083880, ndraw=40, logz=-11.35, remainder_fraction=0.0513%, Lmin=-0.04, Lmax=-0.01
12:48:25 [ultranest] [DEBUG] iteration=4806, ncalls=2128501, regioncalls=147702760, ndraw=40, logz=-11.35, remainder_fraction=0.0511%, Lmin=-0.04, Lmax=-0.01
12:48:51 [ultranest] [DEBUG] iteration=4807, ncalls=2136999, regioncalls=148386280, ndraw=40, logz=-11.35, remainder_fraction=0.0509%, Lmin=-0.04, Lmax=-0.01
12:48:55 [ultranest] [DEBUG] iteration=4808, ncalls=2138635, regioncalls=148518320, ndraw=40, logz=-11.35, remainder_fraction=0.0507%, Lmin=-0.04, Lmax=-0.01
12:49:31 [ultranest] [DEBUG] iteration=4809, ncalls=2149777, regioncalls=149421920, ndraw=40, logz=-11.35, remainder_fraction=0.0505%, Lmin=-0.04, Lmax=-0.01
12:50:00 [ultranest] [DEBUG] iteration=4810, ncalls=2159708, regioncalls=150234040, ndraw=40, logz=-11.35, remainder_fraction=0.0503%, Lmin=-0.04, Lmax=-0.01
12:50:19 [ultranest] [DEBUG] iteration=4811, ncalls=2166737, regioncalls=150808600, ndraw=40, logz=-11.35, remainder_fraction=0.0501%, Lmin=-0.04, Lmax=-0.01
12:50:28 [ultranest] [DEBUG] iteration=4812, ncalls=2169939, regioncalls=151074840, ndraw=40, logz=-11.35, remainder_fraction=0.0499%, Lmin=-0.04, Lmax=-0.01
12:50:35 [ultranest] [DEBUG] iteration=4813, ncalls=2172419, regioncalls=151280160, ndraw=40, logz=-11.35, remainder_fraction=0.0497%, Lmin=-0.04, Lmax=-0.01
12:50:41 [ultranest] [DEBUG] iteration=4814, ncalls=2174537, regioncalls=151449480, ndraw=40, logz=-11.35, remainder_fraction=0.0495%, Lmin=-0.04, Lmax=-0.01
12:50:55 [ultranest] [DEBUG] iteration=4815, ncalls=2178804, regioncalls=151810800, ndraw=40, logz=-11.35, remainder_fraction=0.0493%, Lmin=-0.04, Lmax=-0.01
12:51:53 [ultranest] [DEBUG] iteration=4816, ncalls=2198380, regioncalls=153421960, ndraw=40, logz=-11.35, remainder_fraction=0.0491%, Lmin=-0.04, Lmax=-0.01
12:52:05 [ultranest] [DEBUG] iteration=4817, ncalls=2202089, regioncalls=153720560, ndraw=40, logz=-11.35, remainder_fraction=0.0489%, Lmin=-0.04, Lmax=-0.01
12:52:11 [ultranest] [DEBUG] iteration=4818, ncalls=2204176, regioncalls=153897520, ndraw=40, logz=-11.35, remainder_fraction=0.0487%, Lmin=-0.04, Lmax=-0.01
12:52:12 [ultranest] [DEBUG] iteration=4819, ncalls=2204354, regioncalls=153912360, ndraw=40, logz=-11.35, remainder_fraction=0.0485%, Lmin=-0.04, Lmax=-0.01
12:52:22 [ultranest] [DEBUG] iteration=4820, ncalls=2207617, regioncalls=154177200, ndraw=40, logz=-11.35, remainder_fraction=0.0483%, Lmin=-0.04, Lmax=-0.01
12:52:26 [ultranest] [DEBUG] iteration=4821, ncalls=2209152, regioncalls=154294680, ndraw=40, logz=-11.35, remainder_fraction=0.0482%, Lmin=-0.04, Lmax=-0.01
12:53:40 [ultranest] [DEBUG] iteration=4822, ncalls=2234977, regioncalls=156398880, ndraw=40, logz=-11.35, remainder_fraction=0.0480%, Lmin=-0.04, Lmax=-0.01
12:53:57 [ultranest] [DEBUG] iteration=4823, ncalls=2240664, regioncalls=156876920, ndraw=40, logz=-11.35, remainder_fraction=0.0478%, Lmin=-0.04, Lmax=-0.01
12:54:03 [ultranest] [DEBUG] iteration=4824, ncalls=2242546, regioncalls=157025680, ndraw=40, logz=-11.35, remainder_fraction=0.0476%, Lmin=-0.04, Lmax=-0.01
12:54:14 [ultranest] [DEBUG] iteration=4825, ncalls=2246095, regioncalls=157317880, ndraw=40, logz=-11.35, remainder_fraction=0.0474%, Lmin=-0.04, Lmax=-0.01
12:54:24 [ultranest] [DEBUG] iteration=4826, ncalls=2249366, regioncalls=157587120, ndraw=40, logz=-11.35, remainder_fraction=0.0472%, Lmin=-0.04, Lmax=-0.01
12:54:55 [ultranest] [DEBUG] iteration=4827, ncalls=2259295, regioncalls=158404240, ndraw=40, logz=-11.35, remainder_fraction=0.0470%, Lmin=-0.04, Lmax=-0.01
12:55:07 [ultranest] [DEBUG] iteration=4828, ncalls=2262619, regioncalls=158682800, ndraw=40, logz=-11.35, remainder_fraction=0.0468%, Lmin=-0.04, Lmax=-0.01
12:55:10 [ultranest] [DEBUG] iteration=4829, ncalls=2263695, regioncalls=158776240, ndraw=40, logz=-11.35, remainder_fraction=0.0467%, Lmin=-0.04, Lmax=-0.01
12:55:23 [ultranest] [DEBUG] iteration=4830, ncalls=2268475, regioncalls=159176840, ndraw=40, logz=-11.35, remainder_fraction=0.0465%, Lmin=-0.04, Lmax=-0.01
12:55:50 [ultranest] [DEBUG] iteration=4831, ncalls=2277394, regioncalls=159908360, ndraw=40, logz=-11.35, remainder_fraction=0.0463%, Lmin=-0.04, Lmax=-0.01
12:56:14 [ultranest] [DEBUG] iteration=4832, ncalls=2285924, regioncalls=160595920, ndraw=40, logz=-11.35, remainder_fraction=0.0461%, Lmin=-0.04, Lmax=-0.01
12:56:16 [ultranest] [DEBUG] iteration=4833, ncalls=2286749, regioncalls=160662440, ndraw=40, logz=-11.35, remainder_fraction=0.0459%, Lmin=-0.04, Lmax=-0.01
12:56:45 [ultranest] [DEBUG] iteration=4834, ncalls=2297523, regioncalls=161542040, ndraw=40, logz=-11.35, remainder_fraction=0.0457%, Lmin=-0.04, Lmax=-0.01
12:56:55 [ultranest] [DEBUG] iteration=4835, ncalls=2301139, regioncalls=161845560, ndraw=40, logz=-11.35, remainder_fraction=0.0456%, Lmin=-0.04, Lmax=-0.01
12:57:42 [ultranest] [DEBUG] iteration=4836, ncalls=2317568, regioncalls=163196160, ndraw=40, logz=-11.35, remainder_fraction=0.0454%, Lmin=-0.04, Lmax=-0.01
12:58:11 [ultranest] [DEBUG] iteration=4837, ncalls=2326872, regioncalls=163975240, ndraw=40, logz=-11.35, remainder_fraction=0.0452%, Lmin=-0.04, Lmax=-0.01
12:58:55 [ultranest] [DEBUG] iteration=4838, ncalls=2341706, regioncalls=165211440, ndraw=40, logz=-11.35, remainder_fraction=0.0450%, Lmin=-0.04, Lmax=-0.01
12:59:44 [ultranest] [DEBUG] iteration=4839, ncalls=2358572, regioncalls=166604080, ndraw=40, logz=-11.35, remainder_fraction=0.0448%, Lmin=-0.04, Lmax=-0.01
13:01:31 [ultranest] [DEBUG] iteration=4840, ncalls=2394195, regioncalls=169557400, ndraw=40, logz=-11.35, remainder_fraction=0.0447%, Lmin=-0.04, Lmax=-0.01
13:01:38 [ultranest] [DEBUG] iteration=4841, ncalls=2396689, regioncalls=169761760, ndraw=40, logz=-11.35, remainder_fraction=0.0445%, Lmin=-0.04, Lmax=-0.01
13:01:56 [ultranest] [DEBUG] iteration=4842, ncalls=2402790, regioncalls=170266080, ndraw=40, logz=-11.35, remainder_fraction=0.0443%, Lmin=-0.04, Lmax=-0.01
13:02:03 [ultranest] [DEBUG] iteration=4843, ncalls=2405391, regioncalls=170476560, ndraw=40, logz=-11.35, remainder_fraction=0.0441%, Lmin=-0.04, Lmax=-0.01
13:03:25 [ultranest] [DEBUG] iteration=4844, ncalls=2435558, regioncalls=172965720, ndraw=40, logz=-11.35, remainder_fraction=0.0440%, Lmin=-0.04, Lmax=-0.01
13:03:28 [ultranest] [DEBUG] iteration=4845, ncalls=2436851, regioncalls=173069440, ndraw=40, logz=-11.35, remainder_fraction=0.0438%, Lmin=-0.04, Lmax=-0.01
13:03:44 [ultranest] [DEBUG] iteration=4846, ncalls=2442244, regioncalls=173516840, ndraw=40, logz=-11.35, remainder_fraction=0.0436%, Lmin=-0.04, Lmax=-0.01
13:03:46 [ultranest] [DEBUG] iteration=4847, ncalls=2443109, regioncalls=173569800, ndraw=40, logz=-11.35, remainder_fraction=0.0434%, Lmin=-0.04, Lmax=-0.01
13:03:47 [ultranest] [DEBUG] iteration=4848, ncalls=2443442, regioncalls=173587560, ndraw=40, logz=-11.35, remainder_fraction=0.0433%, Lmin=-0.04, Lmax=-0.01
13:03:50 [ultranest] [DEBUG] iteration=4849, ncalls=2444312, regioncalls=173636600, ndraw=40, logz=-11.35, remainder_fraction=0.0431%, Lmin=-0.04, Lmax=-0.01
13:03:52 [ultranest] [DEBUG] iteration=4850, ncalls=2444964, regioncalls=173674960, ndraw=40, logz=-11.35, remainder_fraction=0.0429%, Lmin=-0.04, Lmax=-0.01
13:04:00 [ultranest] [DEBUG] iteration=4851, ncalls=2447903, regioncalls=173853760, ndraw=40, logz=-11.35, remainder_fraction=0.0427%, Lmin=-0.04, Lmax=-0.00
13:04:07 [ultranest] [DEBUG] iteration=4852, ncalls=2450858, regioncalls=174029200, ndraw=40, logz=-11.35, remainder_fraction=0.0426%, Lmin=-0.04, Lmax=-0.00
13:04:19 [ultranest] [DEBUG] iteration=4853, ncalls=2454604, regioncalls=174254920, ndraw=40, logz=-11.35, remainder_fraction=0.0424%, Lmin=-0.04, Lmax=-0.00
13:04:21 [ultranest] [DEBUG] iteration=4854, ncalls=2455305, regioncalls=174297960, ndraw=40, logz=-11.35, remainder_fraction=0.0422%, Lmin=-0.04, Lmax=-0.00
13:04:24 [ultranest] [DEBUG] iteration=4855, ncalls=2456599, regioncalls=174375920, ndraw=40, logz=-11.35, remainder_fraction=0.0421%, Lmin=-0.04, Lmax=-0.00
13:04:28 [ultranest] [DEBUG] iteration=4856, ncalls=2458366, regioncalls=174478240, ndraw=40, logz=-11.35, remainder_fraction=0.0419%, Lmin=-0.04, Lmax=-0.00
13:04:40 [ultranest] [DEBUG] iteration=4857, ncalls=2462156, regioncalls=174696800, ndraw=40, logz=-11.35, remainder_fraction=0.0417%, Lmin=-0.04, Lmax=-0.00
13:04:52 [ultranest] [DEBUG] iteration=4858, ncalls=2466306, regioncalls=174938320, ndraw=40, logz=-11.35, remainder_fraction=0.0416%, Lmin=-0.04, Lmax=-0.00
13:05:18 [ultranest] [DEBUG] iteration=4859, ncalls=2475972, regioncalls=175512640, ndraw=40, logz=-11.35, remainder_fraction=0.0414%, Lmin=-0.04, Lmax=-0.00
13:05:35 [ultranest] [DEBUG] iteration=4860, ncalls=2482197, regioncalls=175885280, ndraw=40, logz=-11.35, remainder_fraction=0.0413%, Lmin=-0.04, Lmax=-0.00
13:06:01 [ultranest] [DEBUG] iteration=4861, ncalls=2492821, regioncalls=176521720, ndraw=40, logz=-11.35, remainder_fraction=0.0411%, Lmin=-0.04, Lmax=-0.00
13:06:04 [ultranest] [DEBUG] iteration=4862, ncalls=2493511, regioncalls=176564560, ndraw=40, logz=-11.35, remainder_fraction=0.0409%, Lmin=-0.04, Lmax=-0.00
13:06:08 [ultranest] [DEBUG] iteration=4863, ncalls=2495192, regioncalls=176662000, ndraw=40, logz=-11.35, remainder_fraction=0.0408%, Lmin=-0.04, Lmax=-0.00
13:06:14 [ultranest] [DEBUG] iteration=4864, ncalls=2497978, regioncalls=176826840, ndraw=40, logz=-11.35, remainder_fraction=0.0406%, Lmin=-0.04, Lmax=-0.00
13:06:26 [ultranest] [DEBUG] iteration=4865, ncalls=2502922, regioncalls=177120560, ndraw=40, logz=-11.35, remainder_fraction=0.0405%, Lmin=-0.04, Lmax=-0.00
13:07:16 [ultranest] [DEBUG] iteration=4866, ncalls=2523174, regioncalls=178326560, ndraw=40, logz=-11.35, remainder_fraction=0.0403%, Lmin=-0.04, Lmax=-0.00
13:07:16 [ultranest] [DEBUG] iteration=4867, ncalls=2523264, regioncalls=178331800, ndraw=40, logz=-11.35, remainder_fraction=0.0401%, Lmin=-0.04, Lmax=-0.00
13:07:31 [ultranest] [DEBUG] iteration=4868, ncalls=2529361, regioncalls=178707240, ndraw=40, logz=-11.35, remainder_fraction=0.0400%, Lmin=-0.03, Lmax=-0.00
13:08:01 [ultranest] [DEBUG] iteration=4869, ncalls=2540351, regioncalls=179367200, ndraw=40, logz=-11.35, remainder_fraction=0.0398%, Lmin=-0.03, Lmax=-0.00
13:08:20 [ultranest] [DEBUG] iteration=4870, ncalls=2547607, regioncalls=179806200, ndraw=40, logz=-11.35, remainder_fraction=0.0397%, Lmin=-0.03, Lmax=-0.00
13:08:24 [ultranest] [DEBUG] iteration=4871, ncalls=2549092, regioncalls=179892480, ndraw=40, logz=-11.35, remainder_fraction=0.0395%, Lmin=-0.03, Lmax=-0.00
13:08:38 [ultranest] [DEBUG] iteration=4872, ncalls=2554830, regioncalls=180232520, ndraw=40, logz=-11.35, remainder_fraction=0.0393%, Lmin=-0.03, Lmax=-0.00
13:08:56 [ultranest] [DEBUG] iteration=4873, ncalls=2561669, regioncalls=180642040, ndraw=40, logz=-11.35, remainder_fraction=0.0392%, Lmin=-0.03, Lmax=-0.00
13:09:06 [ultranest] [DEBUG] iteration=4874, ncalls=2565437, regioncalls=180877240, ndraw=40, logz=-11.35, remainder_fraction=0.0390%, Lmin=-0.03, Lmax=-0.00
13:09:57 [ultranest] [DEBUG] iteration=4875, ncalls=2582114, regioncalls=181887680, ndraw=40, logz=-11.35, remainder_fraction=0.0389%, Lmin=-0.03, Lmax=-0.00
13:10:07 [ultranest] [DEBUG] iteration=4876, ncalls=2586278, regioncalls=182144120, ndraw=40, logz=-11.35, remainder_fraction=0.0387%, Lmin=-0.03, Lmax=-0.00
13:10:08 [ultranest] [DEBUG] iteration=4877, ncalls=2586372, regioncalls=182150120, ndraw=40, logz=-11.35, remainder_fraction=0.0386%, Lmin=-0.03, Lmax=-0.00
13:10:19 [ultranest] [DEBUG] iteration=4878, ncalls=2590696, regioncalls=182400480, ndraw=40, logz=-11.35, remainder_fraction=0.0384%, Lmin=-0.03, Lmax=-0.00
13:10:42 [ultranest] [DEBUG] iteration=4879, ncalls=2598583, regioncalls=182872640, ndraw=40, logz=-11.35, remainder_fraction=0.0383%, Lmin=-0.03, Lmax=-0.00
13:10:47 [ultranest] [DEBUG] iteration=4880, ncalls=2600351, regioncalls=182981520, ndraw=40, logz=-11.35, remainder_fraction=0.0381%, Lmin=-0.03, Lmax=-0.00
13:11:01 [ultranest] [DEBUG] iteration=4881, ncalls=2604915, regioncalls=183255880, ndraw=40, logz=-11.35, remainder_fraction=0.0380%, Lmin=-0.03, Lmax=-0.00
13:11:35 [ultranest] [DEBUG] iteration=4882, ncalls=2616212, regioncalls=183930640, ndraw=40, logz=-11.35, remainder_fraction=0.0378%, Lmin=-0.03, Lmax=-0.00
13:11:44 [ultranest] [DEBUG] iteration=4883, ncalls=2619857, regioncalls=184151720, ndraw=40, logz=-11.35, remainder_fraction=0.0377%, Lmin=-0.03, Lmax=-0.00
13:12:09 [ultranest] [DEBUG] iteration=4884, ncalls=2628671, regioncalls=184689400, ndraw=40, logz=-11.35, remainder_fraction=0.0375%, Lmin=-0.03, Lmax=-0.00
13:12:12 [ultranest] [DEBUG] iteration=4885, ncalls=2629938, regioncalls=184766840, ndraw=40, logz=-11.35, remainder_fraction=0.0374%, Lmin=-0.03, Lmax=-0.00
13:12:17 [ultranest] [DEBUG] iteration=4886, ncalls=2631805, regioncalls=184878920, ndraw=40, logz=-11.35, remainder_fraction=0.0372%, Lmin=-0.03, Lmax=-0.00
13:12:49 [ultranest] [DEBUG] iteration=4887, ncalls=2642482, regioncalls=185528080, ndraw=40, logz=-11.35, remainder_fraction=0.0371%, Lmin=-0.03, Lmax=-0.00
13:13:05 [ultranest] [DEBUG] iteration=4888, ncalls=2649164, regioncalls=185940800, ndraw=40, logz=-11.35, remainder_fraction=0.0369%, Lmin=-0.03, Lmax=-0.00
13:13:14 [ultranest] [DEBUG] iteration=4889, ncalls=2652915, regioncalls=186163320, ndraw=40, logz=-11.35, remainder_fraction=0.0368%, Lmin=-0.03, Lmax=-0.00
13:14:34 [ultranest] [DEBUG] iteration=4890, ncalls=2681518, regioncalls=187882720, ndraw=40, logz=-11.35, remainder_fraction=0.0366%, Lmin=-0.03, Lmax=-0.00
13:15:38 [ultranest] [DEBUG] iteration=4891, ncalls=2703911, regioncalls=189250200, ndraw=40, logz=-11.35, remainder_fraction=0.0365%, Lmin=-0.03, Lmax=-0.00
13:16:02 [ultranest] [DEBUG] iteration=4892, ncalls=2712378, regioncalls=189763560, ndraw=40, logz=-11.35, remainder_fraction=0.0363%, Lmin=-0.03, Lmax=-0.00
13:16:06 [ultranest] [DEBUG] iteration=4893, ncalls=2713497, regioncalls=189833680, ndraw=40, logz=-11.35, remainder_fraction=0.0362%, Lmin=-0.03, Lmax=-0.00
13:16:07 [ultranest] [DEBUG] iteration=4894, ncalls=2713798, regioncalls=189850760, ndraw=40, logz=-11.35, remainder_fraction=0.0361%, Lmin=-0.03, Lmax=-0.00
13:16:15 [ultranest] [DEBUG] iteration=4895, ncalls=2716612, regioncalls=190023000, ndraw=40, logz=-11.35, remainder_fraction=0.0359%, Lmin=-0.03, Lmax=-0.00
13:16:29 [ultranest] [DEBUG] iteration=4896, ncalls=2721738, regioncalls=190342440, ndraw=40, logz=-11.35, remainder_fraction=0.0358%, Lmin=-0.03, Lmax=-0.00
13:16:37 [ultranest] [DEBUG] iteration=4897, ncalls=2724571, regioncalls=190515400, ndraw=40, logz=-11.35, remainder_fraction=0.0356%, Lmin=-0.03, Lmax=-0.00
13:17:06 [ultranest] [DEBUG] iteration=4898, ncalls=2734441, regioncalls=191115320, ndraw=40, logz=-11.35, remainder_fraction=0.0355%, Lmin=-0.03, Lmax=-0.00
13:17:20 [ultranest] [DEBUG] iteration=4899, ncalls=2740097, regioncalls=191458440, ndraw=40, logz=-11.35, remainder_fraction=0.0353%, Lmin=-0.03, Lmax=-0.00
13:17:35 [ultranest] [DEBUG] iteration=4900, ncalls=2746114, regioncalls=191815720, ndraw=40, logz=-11.35, remainder_fraction=0.0352%, Lmin=-0.03, Lmax=-0.00
13:17:39 [ultranest] [DEBUG] iteration=4901, ncalls=2747419, regioncalls=191895240, ndraw=40, logz=-11.35, remainder_fraction=0.0351%, Lmin=-0.03, Lmax=-0.00
13:18:26 [ultranest] [DEBUG] iteration=4902, ncalls=2763636, regioncalls=192883760, ndraw=40, logz=-11.35, remainder_fraction=0.0349%, Lmin=-0.03, Lmax=-0.00
13:18:27 [ultranest] [DEBUG] iteration=4903, ncalls=2763857, regioncalls=192896000, ndraw=40, logz=-11.35, remainder_fraction=0.0348%, Lmin=-0.03, Lmax=-0.00
13:18:49 [ultranest] [DEBUG] iteration=4904, ncalls=2772349, regioncalls=193397160, ndraw=40, logz=-11.35, remainder_fraction=0.0346%, Lmin=-0.03, Lmax=-0.00
13:19:01 [ultranest] [DEBUG] iteration=4905, ncalls=2776434, regioncalls=193638320, ndraw=40, logz=-11.35, remainder_fraction=0.0345%, Lmin=-0.03, Lmax=-0.00
13:19:12 [ultranest] [DEBUG] iteration=4906, ncalls=2779945, regioncalls=193850520, ndraw=40, logz=-11.35, remainder_fraction=0.0344%, Lmin=-0.03, Lmax=-0.00
13:19:16 [ultranest] [DEBUG] iteration=4907, ncalls=2781653, regioncalls=193955920, ndraw=40, logz=-11.35, remainder_fraction=0.0342%, Lmin=-0.03, Lmax=-0.00
13:19:18 [ultranest] [DEBUG] iteration=4908, ncalls=2782206, regioncalls=193990440, ndraw=40, logz=-11.35, remainder_fraction=0.0341%, Lmin=-0.03, Lmax=-0.00
13:19:52 [ultranest] [DEBUG] iteration=4909, ncalls=2793876, regioncalls=194708080, ndraw=40, logz=-11.35, remainder_fraction=0.0340%, Lmin=-0.03, Lmax=-0.00
13:20:04 [ultranest] [DEBUG] iteration=4910, ncalls=2798909, regioncalls=195014040, ndraw=40, logz=-11.35, remainder_fraction=0.0338%, Lmin=-0.03, Lmax=-0.00
13:20:37 [ultranest] [DEBUG] iteration=4911, ncalls=2810952, regioncalls=195753920, ndraw=40, logz=-11.35, remainder_fraction=0.0337%, Lmin=-0.03, Lmax=-0.00
13:21:00 [ultranest] [DEBUG] iteration=4912, ncalls=2819466, regioncalls=196283400, ndraw=40, logz=-11.35, remainder_fraction=0.0336%, Lmin=-0.03, Lmax=-0.00
13:21:02 [ultranest] [DEBUG] iteration=4913, ncalls=2820207, regioncalls=196331560, ndraw=40, logz=-11.35, remainder_fraction=0.0334%, Lmin=-0.03, Lmax=-0.00
13:21:09 [ultranest] [DEBUG] iteration=4914, ncalls=2822416, regioncalls=196469320, ndraw=40, logz=-11.35, remainder_fraction=0.0333%, Lmin=-0.03, Lmax=-0.00
13:21:10 [ultranest] [DEBUG] iteration=4915, ncalls=2822635, regioncalls=196483160, ndraw=40, logz=-11.35, remainder_fraction=0.0332%, Lmin=-0.03, Lmax=-0.00
13:21:10 [ultranest] [DEBUG] iteration=4916, ncalls=2822838, regioncalls=196495640, ndraw=40, logz=-11.35, remainder_fraction=0.0330%, Lmin=-0.03, Lmax=-0.00
13:21:24 [ultranest] [DEBUG] iteration=4917, ncalls=2827022, regioncalls=196746200, ndraw=40, logz=-11.35, remainder_fraction=0.0329%, Lmin=-0.03, Lmax=-0.00
13:21:25 [ultranest] [DEBUG] iteration=4918, ncalls=2827265, regioncalls=196761600, ndraw=40, logz=-11.35, remainder_fraction=0.0328%, Lmin=-0.03, Lmax=-0.00
13:21:42 [ultranest] [DEBUG] iteration=4919, ncalls=2833994, regioncalls=197155040, ndraw=40, logz=-11.35, remainder_fraction=0.0326%, Lmin=-0.03, Lmax=-0.00
13:21:48 [ultranest] [DEBUG] iteration=4920, ncalls=2836257, regioncalls=197295320, ndraw=40, logz=-11.35, remainder_fraction=0.0325%, Lmin=-0.03, Lmax=-0.00
13:21:49 [ultranest] [DEBUG] iteration=4921, ncalls=2836500, regioncalls=197308840, ndraw=40, logz=-11.35, remainder_fraction=0.0324%, Lmin=-0.03, Lmax=-0.00
13:22:13 [ultranest] [DEBUG] iteration=4922, ncalls=2843941, regioncalls=197753080, ndraw=40, logz=-11.35, remainder_fraction=0.0322%, Lmin=-0.03, Lmax=-0.00
13:22:18 [ultranest] [DEBUG] iteration=4923, ncalls=2845062, regioncalls=197824960, ndraw=40, logz=-11.35, remainder_fraction=0.0321%, Lmin=-0.03, Lmax=-0.00
13:22:29 [ultranest] [DEBUG] iteration=4924, ncalls=2848952, regioncalls=198070320, ndraw=40, logz=-11.35, remainder_fraction=0.0320%, Lmin=-0.03, Lmax=-0.00
13:24:34 [ultranest] [DEBUG] iteration=4925, ncalls=2889159, regioncalls=200513760, ndraw=40, logz=-11.35, remainder_fraction=0.0319%, Lmin=-0.03, Lmax=-0.00
13:24:37 [ultranest] [DEBUG] iteration=4926, ncalls=2890648, regioncalls=200604840, ndraw=40, logz=-11.35, remainder_fraction=0.0317%, Lmin=-0.03, Lmax=-0.00
13:25:05 [ultranest] [DEBUG] iteration=4927, ncalls=2900302, regioncalls=201189920, ndraw=40, logz=-11.35, remainder_fraction=0.0316%, Lmin=-0.03, Lmax=-0.00
13:25:42 [ultranest] [DEBUG] iteration=4928, ncalls=2913455, regioncalls=201997400, ndraw=40, logz=-11.35, remainder_fraction=0.0315%, Lmin=-0.03, Lmax=-0.00
13:25:49 [ultranest] [DEBUG] iteration=4929, ncalls=2915904, regioncalls=202142840, ndraw=40, logz=-11.35, remainder_fraction=0.0314%, Lmin=-0.03, Lmax=-0.00
13:25:58 [ultranest] [DEBUG] iteration=4930, ncalls=2918665, regioncalls=202311000, ndraw=40, logz=-11.35, remainder_fraction=0.0312%, Lmin=-0.03, Lmax=-0.00
13:26:04 [ultranest] [DEBUG] iteration=4931, ncalls=2920968, regioncalls=202449840, ndraw=40, logz=-11.35, remainder_fraction=0.0311%, Lmin=-0.03, Lmax=-0.00
13:26:12 [ultranest] [DEBUG] iteration=4932, ncalls=2924199, regioncalls=202645720, ndraw=40, logz=-11.35, remainder_fraction=0.0310%, Lmin=-0.03, Lmax=-0.00
13:26:22 [ultranest] [DEBUG] iteration=4933, ncalls=2927980, regioncalls=202883440, ndraw=40, logz=-11.35, remainder_fraction=0.0309%, Lmin=-0.03, Lmax=-0.00
13:26:24 [ultranest] [DEBUG] iteration=4934, ncalls=2928581, regioncalls=202920080, ndraw=40, logz=-11.35, remainder_fraction=0.0307%, Lmin=-0.03, Lmax=-0.00
13:27:14 [ultranest] [DEBUG] iteration=4935, ncalls=2945839, regioncalls=204004000, ndraw=40, logz=-11.35, remainder_fraction=0.0306%, Lmin=-0.03, Lmax=-0.00
13:27:38 [ultranest] [DEBUG] iteration=4936, ncalls=2954647, regioncalls=204566120, ndraw=40, logz=-11.35, remainder_fraction=0.0305%, Lmin=-0.03, Lmax=-0.00
13:27:40 [ultranest] [DEBUG] iteration=4937, ncalls=2955228, regioncalls=204601640, ndraw=40, logz=-11.35, remainder_fraction=0.0304%, Lmin=-0.03, Lmax=-0.00
13:27:48 [ultranest] [DEBUG] iteration=4938, ncalls=2958162, regioncalls=204781960, ndraw=40, logz=-11.35, remainder_fraction=0.0303%, Lmin=-0.03, Lmax=-0.00
13:27:55 [ultranest] [DEBUG] iteration=4939, ncalls=2961265, regioncalls=204985120, ndraw=40, logz=-11.35, remainder_fraction=0.0301%, Lmin=-0.03, Lmax=-0.00
13:28:12 [ultranest] [DEBUG] iteration=4940, ncalls=2966323, regioncalls=205300880, ndraw=40, logz=-11.35, remainder_fraction=0.0300%, Lmin=-0.03, Lmax=-0.00
13:28:31 [ultranest] [DEBUG] iteration=4941, ncalls=2972542, regioncalls=205692480, ndraw=40, logz=-11.35, remainder_fraction=0.0299%, Lmin=-0.03, Lmax=-0.00
13:29:36 [ultranest] [DEBUG] iteration=4942, ncalls=2993547, regioncalls=207009000, ndraw=40, logz=-11.35, remainder_fraction=0.0298%, Lmin=-0.03, Lmax=-0.00
13:29:49 [ultranest] [DEBUG] iteration=4943, ncalls=2998243, regioncalls=207304320, ndraw=40, logz=-11.35, remainder_fraction=0.0297%, Lmin=-0.03, Lmax=-0.00
13:30:13 [ultranest] [DEBUG] iteration=4944, ncalls=3006500, regioncalls=207825880, ndraw=40, logz=-11.35, remainder_fraction=0.0295%, Lmin=-0.03, Lmax=-0.00
13:30:16 [ultranest] [DEBUG] iteration=4945, ncalls=3007555, regioncalls=207893520, ndraw=40, logz=-11.35, remainder_fraction=0.0294%, Lmin=-0.03, Lmax=-0.00
13:30:19 [ultranest] [DEBUG] iteration=4946, ncalls=3008354, regioncalls=207944240, ndraw=40, logz=-11.35, remainder_fraction=0.0293%, Lmin=-0.03, Lmax=-0.00
13:30:26 [ultranest] [DEBUG] iteration=4947, ncalls=3010903, regioncalls=208099720, ndraw=40, logz=-11.35, remainder_fraction=0.0292%, Lmin=-0.03, Lmax=-0.00
13:32:28 [ultranest] [DEBUG] iteration=4948, ncalls=3055308, regioncalls=210880000, ndraw=40, logz=-11.35, remainder_fraction=0.0291%, Lmin=-0.03, Lmax=-0.00
13:32:46 [ultranest] [DEBUG] iteration=4949, ncalls=3061648, regioncalls=211278040, ndraw=40, logz=-11.35, remainder_fraction=0.0290%, Lmin=-0.03, Lmax=-0.00
13:33:14 [ultranest] [DEBUG] iteration=4950, ncalls=3070711, regioncalls=211845600, ndraw=40, logz=-11.35, remainder_fraction=0.0288%, Lmin=-0.03, Lmax=-0.00
13:33:33 [ultranest] [DEBUG] iteration=4951, ncalls=3078297, regioncalls=212324960, ndraw=40, logz=-11.35, remainder_fraction=0.0287%, Lmin=-0.03, Lmax=-0.00
13:33:35 [ultranest] [DEBUG] iteration=4952, ncalls=3078677, regioncalls=212347200, ndraw=40, logz=-11.35, remainder_fraction=0.0286%, Lmin=-0.03, Lmax=-0.00
13:33:37 [ultranest] [DEBUG] iteration=4953, ncalls=3079628, regioncalls=212406680, ndraw=40, logz=-11.35, remainder_fraction=0.0285%, Lmin=-0.03, Lmax=-0.00
13:33:42 [ultranest] [DEBUG] iteration=4954, ncalls=3081551, regioncalls=212525120, ndraw=40, logz=-11.35, remainder_fraction=0.0284%, Lmin=-0.03, Lmax=-0.00
13:34:30 [ultranest] [DEBUG] iteration=4955, ncalls=3099123, regioncalls=213626240, ndraw=40, logz=-11.35, remainder_fraction=0.0283%, Lmin=-0.03, Lmax=-0.00
13:34:59 [ultranest] [DEBUG] iteration=4956, ncalls=3110984, regioncalls=214373880, ndraw=40, logz=-11.35, remainder_fraction=0.0282%, Lmin=-0.03, Lmax=-0.00
13:34:59 [ultranest] [DEBUG] iteration=4957, ncalls=3111074, regioncalls=214380000, ndraw=40, logz=-11.35, remainder_fraction=0.0281%, Lmin=-0.03, Lmax=-0.00
13:36:56 [ultranest] [DEBUG] iteration=4958, ncalls=3151941, regioncalls=216922960, ndraw=40, logz=-11.35, remainder_fraction=0.0279%, Lmin=-0.03, Lmax=-0.00
13:37:12 [ultranest] [DEBUG] iteration=4959, ncalls=3158673, regioncalls=217345840, ndraw=40, logz=-11.35, remainder_fraction=0.0278%, Lmin=-0.03, Lmax=-0.00
13:37:22 [ultranest] [DEBUG] iteration=4960, ncalls=3162340, regioncalls=217575880, ndraw=40, logz=-11.35, remainder_fraction=0.0277%, Lmin=-0.03, Lmax=-0.00
13:37:45 [ultranest] [DEBUG] iteration=4961, ncalls=3171304, regioncalls=218129920, ndraw=40, logz=-11.35, remainder_fraction=0.0276%, Lmin=-0.03, Lmax=-0.00
13:38:17 [ultranest] [DEBUG] iteration=4962, ncalls=3184145, regioncalls=218933640, ndraw=40, logz=-11.35, remainder_fraction=0.0275%, Lmin=-0.03, Lmax=-0.00
13:38:20 [ultranest] [DEBUG] iteration=4963, ncalls=3184980, regioncalls=218989560, ndraw=40, logz=-11.35, remainder_fraction=0.0274%, Lmin=-0.03, Lmax=-0.00
13:39:03 [ultranest] [DEBUG] iteration=4964, ncalls=3201117, regioncalls=219988320, ndraw=40, logz=-11.35, remainder_fraction=0.0273%, Lmin=-0.03, Lmax=-0.00
13:39:41 [ultranest] [DEBUG] iteration=4965, ncalls=3213867, regioncalls=220797400, ndraw=40, logz=-11.35, remainder_fraction=0.0272%, Lmin=-0.03, Lmax=-0.00
13:39:53 [ultranest] [DEBUG] iteration=4966, ncalls=3218225, regioncalls=221071960, ndraw=40, logz=-11.35, remainder_fraction=0.0271%, Lmin=-0.03, Lmax=-0.00
13:40:05 [ultranest] [DEBUG] iteration=4967, ncalls=3223006, regioncalls=221370280, ndraw=40, logz=-11.35, remainder_fraction=0.0270%, Lmin=-0.03, Lmax=-0.00
13:40:10 [ultranest] [DEBUG] iteration=4968, ncalls=3224725, regioncalls=221479080, ndraw=40, logz=-11.35, remainder_fraction=0.0268%, Lmin=-0.03, Lmax=-0.00
13:40:43 [ultranest] [DEBUG] iteration=4969, ncalls=3236156, regioncalls=222217400, ndraw=40, logz=-11.35, remainder_fraction=0.0267%, Lmin=-0.03, Lmax=-0.00
13:40:59 [ultranest] [DEBUG] iteration=4970, ncalls=3242526, regioncalls=222619440, ndraw=40, logz=-11.35, remainder_fraction=0.0266%, Lmin=-0.03, Lmax=-0.00
13:41:07 [ultranest] [DEBUG] iteration=4971, ncalls=3245647, regioncalls=222818880, ndraw=40, logz=-11.35, remainder_fraction=0.0265%, Lmin=-0.03, Lmax=-0.00
13:41:48 [ultranest] [DEBUG] iteration=4972, ncalls=3259766, regioncalls=223701040, ndraw=40, logz=-11.35, remainder_fraction=0.0264%, Lmin=-0.03, Lmax=-0.00
13:41:55 [ultranest] [DEBUG] iteration=4973, ncalls=3262745, regioncalls=223882360, ndraw=40, logz=-11.35, remainder_fraction=0.0263%, Lmin=-0.03, Lmax=-0.00
13:42:50 [ultranest] [DEBUG] iteration=4974, ncalls=3282980, regioncalls=225155360, ndraw=40, logz=-11.35, remainder_fraction=0.0262%, Lmin=-0.03, Lmax=-0.00
13:42:51 [ultranest] [DEBUG] iteration=4975, ncalls=3283428, regioncalls=225184360, ndraw=40, logz=-11.35, remainder_fraction=0.0261%, Lmin=-0.03, Lmax=-0.00
13:43:01 [ultranest] [DEBUG] iteration=4976, ncalls=3287110, regioncalls=225418440, ndraw=40, logz=-11.35, remainder_fraction=0.0260%, Lmin=-0.03, Lmax=-0.00
13:43:12 [ultranest] [DEBUG] iteration=4977, ncalls=3291303, regioncalls=225678600, ndraw=40, logz=-11.35, remainder_fraction=0.0259%, Lmin=-0.03, Lmax=-0.00
13:43:29 [ultranest] [DEBUG] iteration=4978, ncalls=3297092, regioncalls=226049440, ndraw=40, logz=-11.35, remainder_fraction=0.0258%, Lmin=-0.03, Lmax=-0.00
13:44:04 [ultranest] [DEBUG] iteration=4979, ncalls=3309680, regioncalls=226816720, ndraw=40, logz=-11.35, remainder_fraction=0.0257%, Lmin=-0.03, Lmax=-0.00
13:44:21 [ultranest] [DEBUG] iteration=4980, ncalls=3316147, regioncalls=227220200, ndraw=40, logz=-11.35, remainder_fraction=0.0256%, Lmin=-0.03, Lmax=-0.00
13:45:22 [ultranest] [DEBUG] iteration=4981, ncalls=3337188, regioncalls=228548880, ndraw=40, logz=-11.35, remainder_fraction=0.0255%, Lmin=-0.03, Lmax=-0.00
13:46:07 [ultranest] [DEBUG] iteration=4982, ncalls=3352759, regioncalls=229529320, ndraw=40, logz=-11.35, remainder_fraction=0.0254%, Lmin=-0.03, Lmax=-0.00
13:46:16 [ultranest] [DEBUG] iteration=4983, ncalls=3356488, regioncalls=229767720, ndraw=40, logz=-11.35, remainder_fraction=0.0253%, Lmin=-0.03, Lmax=-0.00
13:46:24 [ultranest] [DEBUG] iteration=4984, ncalls=3359299, regioncalls=229952680, ndraw=40, logz=-11.35, remainder_fraction=0.0252%, Lmin=-0.03, Lmax=-0.00
13:46:28 [ultranest] [DEBUG] iteration=4985, ncalls=3360821, regioncalls=230051360, ndraw=40, logz=-11.35, remainder_fraction=0.0251%, Lmin=-0.03, Lmax=-0.00
13:46:38 [ultranest] [DEBUG] iteration=4986, ncalls=3364508, regioncalls=230279200, ndraw=40, logz=-11.35, remainder_fraction=0.0250%, Lmin=-0.03, Lmax=-0.00
13:46:59 [ultranest] [DEBUG] iteration=4987, ncalls=3372163, regioncalls=230759480, ndraw=40, logz=-11.35, remainder_fraction=0.0249%, Lmin=-0.03, Lmax=-0.00
13:48:03 [ultranest] [DEBUG] iteration=4988, ncalls=3394932, regioncalls=232196120, ndraw=40, logz=-11.35, remainder_fraction=0.0248%, Lmin=-0.03, Lmax=-0.00
13:48:03 [ultranest] [DEBUG] iteration=4989, ncalls=3394957, regioncalls=232197960, ndraw=40, logz=-11.35, remainder_fraction=0.0247%, Lmin=-0.03, Lmax=-0.00
13:48:15 [ultranest] [DEBUG] iteration=4990, ncalls=3398917, regioncalls=232435360, ndraw=40, logz=-11.35, remainder_fraction=0.0246%, Lmin=-0.03, Lmax=-0.00
13:48:56 [ultranest] [DEBUG] iteration=4991, ncalls=3414356, regioncalls=233400640, ndraw=40, logz=-11.35, remainder_fraction=0.0245%, Lmin=-0.03, Lmax=-0.00
13:48:59 [ultranest] [DEBUG] iteration=4992, ncalls=3415221, regioncalls=233454440, ndraw=40, logz=-11.35, remainder_fraction=0.0244%, Lmin=-0.03, Lmax=-0.00
13:49:34 [ultranest] [DEBUG] iteration=4993, ncalls=3427799, regioncalls=234263120, ndraw=40, logz=-11.35, remainder_fraction=0.0243%, Lmin=-0.03, Lmax=-0.00
13:49:37 [ultranest] [DEBUG] iteration=4994, ncalls=3429043, regioncalls=234347400, ndraw=40, logz=-11.35, remainder_fraction=0.0242%, Lmin=-0.03, Lmax=-0.00
13:49:59 [ultranest] [DEBUG] iteration=4995, ncalls=3437804, regioncalls=234889040, ndraw=40, logz=-11.35, remainder_fraction=0.0241%, Lmin=-0.03, Lmax=-0.00
13:50:47 [ultranest] [DEBUG] iteration=4996, ncalls=3454189, regioncalls=235930520, ndraw=40, logz=-11.35, remainder_fraction=0.0240%, Lmin=-0.03, Lmax=-0.00
13:51:09 [ultranest] [DEBUG] iteration=4997, ncalls=3462773, regioncalls=236465480, ndraw=40, logz=-11.35, remainder_fraction=0.0239%, Lmin=-0.03, Lmax=-0.00
13:52:04 [ultranest] [DEBUG] iteration=4998, ncalls=3482474, regioncalls=237720080, ndraw=40, logz=-11.35, remainder_fraction=0.0238%, Lmin=-0.03, Lmax=-0.00
13:52:16 [ultranest] [DEBUG] iteration=4999, ncalls=3486759, regioncalls=237986920, ndraw=40, logz=-11.35, remainder_fraction=0.0237%, Lmin=-0.03, Lmax=-0.00
13:52:55 [ultranest] [DEBUG] iteration=5000, ncalls=3500858, regioncalls=238882160, ndraw=40, logz=-11.35, remainder_fraction=0.0236%, Lmin=-0.03, Lmax=-0.00
13:53:00 [ultranest] [DEBUG] iteration=5001, ncalls=3502435, regioncalls=238981640, ndraw=40, logz=-11.35, remainder_fraction=0.0235%, Lmin=-0.03, Lmax=-0.00
13:53:06 [ultranest] [DEBUG] iteration=5002, ncalls=3504667, regioncalls=239119080, ndraw=40, logz=-11.35, remainder_fraction=0.0234%, Lmin=-0.03, Lmax=-0.00
13:53:25 [ultranest] [DEBUG] iteration=5003, ncalls=3511554, regioncalls=239548120, ndraw=40, logz=-11.35, remainder_fraction=0.0234%, Lmin=-0.03, Lmax=-0.00
13:54:02 [ultranest] [DEBUG] iteration=5004, ncalls=3525778, regioncalls=240457240, ndraw=40, logz=-11.35, remainder_fraction=0.0233%, Lmin=-0.03, Lmax=-0.00
13:55:02 [ultranest] [DEBUG] iteration=5005, ncalls=3547593, regioncalls=241835040, ndraw=40, logz=-11.35, remainder_fraction=0.0232%, Lmin=-0.03, Lmax=-0.00
13:55:23 [ultranest] [DEBUG] iteration=5006, ncalls=3555286, regioncalls=242321000, ndraw=40, logz=-11.35, remainder_fraction=0.0231%, Lmin=-0.03, Lmax=-0.00
13:55:26 [ultranest] [DEBUG] iteration=5007, ncalls=3556344, regioncalls=242384760, ndraw=40, logz=-11.35, remainder_fraction=0.0230%, Lmin=-0.03, Lmax=-0.00
13:55:41 [ultranest] [DEBUG] iteration=5008, ncalls=3561767, regioncalls=242732400, ndraw=40, logz=-11.35, remainder_fraction=0.0229%, Lmin=-0.03, Lmax=-0.00
13:55:48 [ultranest] [DEBUG] iteration=5009, ncalls=3564626, regioncalls=242911240, ndraw=40, logz=-11.35, remainder_fraction=0.0228%, Lmin=-0.03, Lmax=-0.00
13:55:55 [ultranest] [DEBUG] iteration=5010, ncalls=3567419, regioncalls=243086080, ndraw=40, logz=-11.35, remainder_fraction=0.0227%, Lmin=-0.03, Lmax=-0.00
13:55:56 [ultranest] [DEBUG] iteration=5011, ncalls=3567564, regioncalls=243096400, ndraw=40, logz=-11.35, remainder_fraction=0.0226%, Lmin=-0.03, Lmax=-0.00
13:56:01 [ultranest] [DEBUG] iteration=5012, ncalls=3569231, regioncalls=243204000, ndraw=40, logz=-11.35, remainder_fraction=0.0225%, Lmin=-0.03, Lmax=-0.00
13:56:18 [ultranest] [DEBUG] iteration=5013, ncalls=3576039, regioncalls=243644160, ndraw=40, logz=-11.35, remainder_fraction=0.0224%, Lmin=-0.03, Lmax=-0.00
13:56:25 [ultranest] [DEBUG] iteration=5014, ncalls=3578863, regioncalls=243827240, ndraw=40, logz=-11.35, remainder_fraction=0.0224%, Lmin=-0.03, Lmax=-0.00
13:56:26 [ultranest] [DEBUG] iteration=5015, ncalls=3579003, regioncalls=243836760, ndraw=40, logz=-11.35, remainder_fraction=0.0223%, Lmin=-0.03, Lmax=-0.00
13:56:32 [ultranest] [DEBUG] iteration=5016, ncalls=3582079, regioncalls=244041080, ndraw=40, logz=-11.35, remainder_fraction=0.0222%, Lmin=-0.03, Lmax=-0.00
13:56:34 [ultranest] [DEBUG] iteration=5017, ncalls=3582701, regioncalls=244085080, ndraw=40, logz=-11.35, remainder_fraction=0.0221%, Lmin=-0.03, Lmax=-0.00
13:58:26 [ultranest] [DEBUG] iteration=5018, ncalls=3625891, regioncalls=246867240, ndraw=40, logz=-11.35, remainder_fraction=0.0220%, Lmin=-0.03, Lmax=-0.00
13:58:46 [ultranest] [DEBUG] iteration=5019, ncalls=3634021, regioncalls=247391520, ndraw=40, logz=-11.35, remainder_fraction=0.0219%, Lmin=-0.03, Lmax=-0.00
13:58:51 [ultranest] [DEBUG] iteration=5020, ncalls=3636016, regioncalls=247516400, ndraw=40, logz=-11.35, remainder_fraction=0.0218%, Lmin=-0.03, Lmax=-0.00
14:00:10 [ultranest] [DEBUG] iteration=5021, ncalls=3664586, regioncalls=249367800, ndraw=40, logz=-11.35, remainder_fraction=0.0217%, Lmin=-0.03, Lmax=-0.00
14:00:41 [ultranest] [DEBUG] iteration=5022, ncalls=3675990, regioncalls=250111960, ndraw=40, logz=-11.35, remainder_fraction=0.0217%, Lmin=-0.03, Lmax=-0.00
14:00:42 [ultranest] [DEBUG] iteration=5023, ncalls=3676663, regioncalls=250160160, ndraw=40, logz=-11.35, remainder_fraction=0.0216%, Lmin=-0.03, Lmax=-0.00
14:01:16 [ultranest] [DEBUG] iteration=5024, ncalls=3687099, regioncalls=250834080, ndraw=40, logz=-11.35, remainder_fraction=0.0215%, Lmin=-0.03, Lmax=-0.00
14:01:40 [ultranest] [DEBUG] iteration=5025, ncalls=3696892, regioncalls=251465880, ndraw=40, logz=-11.35, remainder_fraction=0.0214%, Lmin=-0.03, Lmax=-0.00
14:02:58 [ultranest] [DEBUG] iteration=5026, ncalls=3725826, regioncalls=253358360, ndraw=40, logz=-11.35, remainder_fraction=0.0213%, Lmin=-0.03, Lmax=-0.00
14:03:54 [ultranest] [DEBUG] iteration=5027, ncalls=3748247, regioncalls=254800120, ndraw=40, logz=-11.35, remainder_fraction=0.0212%, Lmin=-0.03, Lmax=-0.00
14:04:17 [ultranest] [DEBUG] iteration=5028, ncalls=3756460, regioncalls=255332760, ndraw=40, logz=-11.35, remainder_fraction=0.0211%, Lmin=-0.03, Lmax=-0.00
14:04:38 [ultranest] [DEBUG] iteration=5029, ncalls=3763580, regioncalls=255790920, ndraw=40, logz=-11.35, remainder_fraction=0.0211%, Lmin=-0.03, Lmax=-0.00
14:05:01 [ultranest] [DEBUG] iteration=5030, ncalls=3772218, regioncalls=256347120, ndraw=40, logz=-11.35, remainder_fraction=0.0210%, Lmin=-0.03, Lmax=-0.00
14:05:31 [ultranest] [DEBUG] iteration=5031, ncalls=3783134, regioncalls=257049640, ndraw=40, logz=-11.35, remainder_fraction=0.0209%, Lmin=-0.03, Lmax=-0.00
14:05:53 [ultranest] [DEBUG] iteration=5032, ncalls=3791541, regioncalls=257598200, ndraw=40, logz=-11.35, remainder_fraction=0.0208%, Lmin=-0.03, Lmax=-0.00
14:07:28 [ultranest] [DEBUG] iteration=5033, ncalls=3827527, regioncalls=259935680, ndraw=40, logz=-11.35, remainder_fraction=0.0207%, Lmin=-0.03, Lmax=-0.00
14:08:03 [ultranest] [DEBUG] iteration=5034, ncalls=3840745, regioncalls=260782960, ndraw=40, logz=-11.35, remainder_fraction=0.0206%, Lmin=-0.03, Lmax=-0.00
14:08:07 [ultranest] [DEBUG] iteration=5035, ncalls=3842153, regioncalls=260868880, ndraw=40, logz=-11.35, remainder_fraction=0.0206%, Lmin=-0.03, Lmax=-0.00
14:09:01 [ultranest] [DEBUG] iteration=5036, ncalls=3861363, regioncalls=262105760, ndraw=40, logz=-11.35, remainder_fraction=0.0205%, Lmin=-0.03, Lmax=-0.00
14:09:09 [ultranest] [DEBUG] iteration=5037, ncalls=3864077, regioncalls=262288720, ndraw=40, logz=-11.35, remainder_fraction=0.0204%, Lmin=-0.03, Lmax=-0.00
14:09:30 [ultranest] [DEBUG] iteration=5038, ncalls=3871503, regioncalls=262779680, ndraw=40, logz=-11.35, remainder_fraction=0.0203%, Lmin=-0.03, Lmax=-0.00
14:10:14 [ultranest] [DEBUG] iteration=5039, ncalls=3888271, regioncalls=263863920, ndraw=40, logz=-11.35, remainder_fraction=0.0202%, Lmin=-0.03, Lmax=-0.00
14:10:25 [ultranest] [DEBUG] iteration=5040, ncalls=3892374, regioncalls=264127800, ndraw=40, logz=-11.35, remainder_fraction=0.0202%, Lmin=-0.03, Lmax=-0.00
14:10:53 [ultranest] [DEBUG] iteration=5041, ncalls=3901810, regioncalls=264730040, ndraw=40, logz=-11.35, remainder_fraction=0.0201%, Lmin=-0.03, Lmax=-0.00
14:11:17 [ultranest] [DEBUG] iteration=5042, ncalls=3910609, regioncalls=265286000, ndraw=40, logz=-11.35, remainder_fraction=0.0200%, Lmin=-0.03, Lmax=-0.00
14:11:36 [ultranest] [DEBUG] iteration=5043, ncalls=3917693, regioncalls=265741640, ndraw=40, logz=-11.35, remainder_fraction=0.0199%, Lmin=-0.03, Lmax=-0.00
14:11:44 [ultranest] [DEBUG] iteration=5044, ncalls=3920830, regioncalls=265945440, ndraw=40, logz=-11.35, remainder_fraction=0.0198%, Lmin=-0.03, Lmax=-0.00
14:11:48 [ultranest] [DEBUG] iteration=5045, ncalls=3922955, regioncalls=266082920, ndraw=40, logz=-11.35, remainder_fraction=0.0198%, Lmin=-0.03, Lmax=-0.00
14:11:56 [ultranest] [DEBUG] iteration=5046, ncalls=3925494, regioncalls=266252440, ndraw=40, logz=-11.35, remainder_fraction=0.0197%, Lmin=-0.03, Lmax=-0.00
14:12:14 [ultranest] [DEBUG] iteration=5047, ncalls=3931575, regioncalls=266640280, ndraw=40, logz=-11.35, remainder_fraction=0.0196%, Lmin=-0.03, Lmax=-0.00
14:12:23 [ultranest] [DEBUG] iteration=5048, ncalls=3934731, regioncalls=266851880, ndraw=40, logz=-11.35, remainder_fraction=0.0195%, Lmin=-0.03, Lmax=-0.00
14:12:40 [ultranest] [DEBUG] iteration=5049, ncalls=3940840, regioncalls=267243480, ndraw=40, logz=-11.35, remainder_fraction=0.0194%, Lmin=-0.03, Lmax=-0.00
14:12:46 [ultranest] [DEBUG] iteration=5050, ncalls=3943052, regioncalls=267390720, ndraw=40, logz=-11.35, remainder_fraction=0.0194%, Lmin=-0.03, Lmax=-0.00
14:12:57 [ultranest] [DEBUG] iteration=5051, ncalls=3946942, regioncalls=267643400, ndraw=40, logz=-11.35, remainder_fraction=0.0193%, Lmin=-0.03, Lmax=-0.00
14:13:03 [ultranest] [DEBUG] iteration=5052, ncalls=3949332, regioncalls=267796800, ndraw=40, logz=-11.35, remainder_fraction=0.0192%, Lmin=-0.03, Lmax=-0.00
14:13:05 [ultranest] [DEBUG] iteration=5053, ncalls=3950124, regioncalls=267849160, ndraw=40, logz=-11.35, remainder_fraction=0.0191%, Lmin=-0.03, Lmax=-0.00
14:13:12 [ultranest] [DEBUG] iteration=5054, ncalls=3952666, regioncalls=268018320, ndraw=40, logz=-11.35, remainder_fraction=0.0191%, Lmin=-0.03, Lmax=-0.00
14:13:14 [ultranest] [DEBUG] iteration=5055, ncalls=3953527, regioncalls=268068880, ndraw=40, logz=-11.35, remainder_fraction=0.0190%, Lmin=-0.03, Lmax=-0.00
14:13:17 [ultranest] [DEBUG] iteration=5056, ncalls=3954721, regioncalls=268144600, ndraw=40, logz=-11.35, remainder_fraction=0.0189%, Lmin=-0.03, Lmax=-0.00
14:14:10 [ultranest] [DEBUG] iteration=5057, ncalls=3976283, regioncalls=269550920, ndraw=40, logz=-11.35, remainder_fraction=0.0188%, Lmin=-0.03, Lmax=-0.00
14:15:09 [ultranest] [DEBUG] iteration=5058, ncalls=3997250, regioncalls=270914920, ndraw=40, logz=-11.35, remainder_fraction=0.0188%, Lmin=-0.03, Lmax=-0.00
14:15:21 [ultranest] [DEBUG] iteration=5059, ncalls=4000901, regioncalls=271156680, ndraw=40, logz=-11.35, remainder_fraction=0.0187%, Lmin=-0.03, Lmax=-0.00
14:15:22 [ultranest] [DEBUG] iteration=5060, ncalls=4001590, regioncalls=271202240, ndraw=40, logz=-11.35, remainder_fraction=0.0186%, Lmin=-0.03, Lmax=-0.00
14:17:32 [ultranest] [DEBUG] iteration=5061, ncalls=4051644, regioncalls=274448040, ndraw=40, logz=-11.35, remainder_fraction=0.0185%, Lmin=-0.03, Lmax=-0.00
14:18:11 [ultranest] [DEBUG] iteration=5062, ncalls=4066854, regioncalls=275444320, ndraw=40, logz=-11.35, remainder_fraction=0.0185%, Lmin=-0.03, Lmax=-0.00
14:18:16 [ultranest] [DEBUG] iteration=5063, ncalls=4068925, regioncalls=275582120, ndraw=40, logz=-11.35, remainder_fraction=0.0184%, Lmin=-0.03, Lmax=-0.00
14:19:10 [ultranest] [DEBUG] iteration=5064, ncalls=4089066, regioncalls=276886680, ndraw=40, logz=-11.35, remainder_fraction=0.0183%, Lmin=-0.03, Lmax=-0.00
14:19:25 [ultranest] [DEBUG] iteration=5065, ncalls=4093449, regioncalls=277175880, ndraw=40, logz=-11.35, remainder_fraction=0.0182%, Lmin=-0.03, Lmax=-0.00
14:20:03 [ultranest] [DEBUG] iteration=5066, ncalls=4106727, regioncalls=278048640, ndraw=40, logz=-11.35, remainder_fraction=0.0182%, Lmin=-0.03, Lmax=-0.00
14:20:06 [ultranest] [DEBUG] iteration=5067, ncalls=4107578, regioncalls=278106800, ndraw=40, logz=-11.35, remainder_fraction=0.0181%, Lmin=-0.03, Lmax=-0.00
14:20:53 [ultranest] [DEBUG] iteration=5068, ncalls=4124091, regioncalls=279182120, ndraw=40, logz=-11.35, remainder_fraction=0.0180%, Lmin=-0.03, Lmax=-0.00
14:21:06 [ultranest] [DEBUG] iteration=5069, ncalls=4129014, regioncalls=279502440, ndraw=40, logz=-11.35, remainder_fraction=0.0180%, Lmin=-0.03, Lmax=-0.00
14:21:18 [ultranest] [DEBUG] iteration=5070, ncalls=4133665, regioncalls=279808080, ndraw=40, logz=-11.35, remainder_fraction=0.0179%, Lmin=-0.03, Lmax=-0.00
14:21:39 [ultranest] [DEBUG] iteration=5071, ncalls=4141651, regioncalls=280320920, ndraw=40, logz=-11.35, remainder_fraction=0.0178%, Lmin=-0.03, Lmax=-0.00
14:21:46 [ultranest] [DEBUG] iteration=5072, ncalls=4143951, regioncalls=280473120, ndraw=40, logz=-11.35, remainder_fraction=0.0177%, Lmin=-0.03, Lmax=-0.00
14:21:52 [ultranest] [DEBUG] iteration=5073, ncalls=4146250, regioncalls=280628000, ndraw=40, logz=-11.35, remainder_fraction=0.0177%, Lmin=-0.02, Lmax=-0.00
14:22:18 [ultranest] [DEBUG] iteration=5074, ncalls=4156796, regioncalls=281300480, ndraw=40, logz=-11.35, remainder_fraction=0.0176%, Lmin=-0.02, Lmax=-0.00
14:23:43 [ultranest] [DEBUG] iteration=5075, ncalls=4190213, regioncalls=283494360, ndraw=40, logz=-11.35, remainder_fraction=0.0175%, Lmin=-0.02, Lmax=-0.00
14:24:05 [ultranest] [DEBUG] iteration=5076, ncalls=4197834, regioncalls=283988160, ndraw=40, logz=-11.35, remainder_fraction=0.0175%, Lmin=-0.02, Lmax=-0.00
14:26:17 [ultranest] [DEBUG] iteration=5077, ncalls=4249124, regioncalls=287332640, ndraw=40, logz=-11.35, remainder_fraction=0.0174%, Lmin=-0.02, Lmax=-0.00
14:26:37 [ultranest] [DEBUG] iteration=5078, ncalls=4256661, regioncalls=287819040, ndraw=40, logz=-11.35, remainder_fraction=0.0173%, Lmin=-0.02, Lmax=-0.00
14:26:58 [ultranest] [DEBUG] iteration=5079, ncalls=4265255, regioncalls=288369360, ndraw=40, logz=-11.35, remainder_fraction=0.0172%, Lmin=-0.02, Lmax=-0.00
14:27:38 [ultranest] [DEBUG] iteration=5080, ncalls=4281311, regioncalls=289410160, ndraw=40, logz=-11.35, remainder_fraction=0.0172%, Lmin=-0.02, Lmax=-0.00
14:27:40 [ultranest] [DEBUG] iteration=5081, ncalls=4281768, regioncalls=289441520, ndraw=40, logz=-11.35, remainder_fraction=0.0171%, Lmin=-0.02, Lmax=-0.00
14:28:48 [ultranest] [DEBUG] iteration=5082, ncalls=4305788, regioncalls=291010960, ndraw=40, logz=-11.35, remainder_fraction=0.0170%, Lmin=-0.02, Lmax=-0.00
14:29:27 [ultranest] [DEBUG] iteration=5083, ncalls=4318400, regioncalls=291842200, ndraw=40, logz=-11.35, remainder_fraction=0.0170%, Lmin=-0.02, Lmax=-0.00
14:29:50 [ultranest] [DEBUG] iteration=5084, ncalls=4326073, regioncalls=292344960, ndraw=40, logz=-11.35, remainder_fraction=0.0169%, Lmin=-0.02, Lmax=-0.00
14:29:55 [ultranest] [DEBUG] iteration=5085, ncalls=4327593, regioncalls=292450720, ndraw=40, logz=-11.35, remainder_fraction=0.0168%, Lmin=-0.02, Lmax=-0.00
14:30:08 [ultranest] [DEBUG] iteration=5086, ncalls=4332116, regioncalls=292749680, ndraw=40, logz=-11.35, remainder_fraction=0.0168%, Lmin=-0.02, Lmax=-0.00
14:30:59 [ultranest] [DEBUG] iteration=5087, ncalls=4350603, regioncalls=293949520, ndraw=40, logz=-11.35, remainder_fraction=0.0167%, Lmin=-0.02, Lmax=-0.00
14:31:58 [ultranest] [DEBUG] iteration=5088, ncalls=4370392, regioncalls=295246520, ndraw=40, logz=-11.35, remainder_fraction=0.0166%, Lmin=-0.02, Lmax=-0.00
14:32:32 [ultranest] [DEBUG] iteration=5089, ncalls=4383088, regioncalls=296091640, ndraw=40, logz=-11.35, remainder_fraction=0.0166%, Lmin=-0.02, Lmax=-0.00
14:33:16 [ultranest] [DEBUG] iteration=5090, ncalls=4398646, regioncalls=297118720, ndraw=40, logz=-11.35, remainder_fraction=0.0165%, Lmin=-0.02, Lmax=-0.00
14:33:20 [ultranest] [DEBUG] iteration=5091, ncalls=4399969, regioncalls=297203800, ndraw=40, logz=-11.35, remainder_fraction=0.0164%, Lmin=-0.02, Lmax=-0.00
14:33:33 [ultranest] [DEBUG] iteration=5092, ncalls=4404916, regioncalls=297523880, ndraw=40, logz=-11.35, remainder_fraction=0.0164%, Lmin=-0.02, Lmax=-0.00
14:33:36 [ultranest] [DEBUG] iteration=5093, ncalls=4405931, regioncalls=297594760, ndraw=40, logz=-11.35, remainder_fraction=0.0163%, Lmin=-0.02, Lmax=-0.00
14:33:38 [ultranest] [DEBUG] iteration=5094, ncalls=4406535, regioncalls=297637080, ndraw=40, logz=-11.35, remainder_fraction=0.0162%, Lmin=-0.02, Lmax=-0.00
14:33:47 [ultranest] [DEBUG] iteration=5095, ncalls=4410116, regioncalls=297874680, ndraw=40, logz=-11.35, remainder_fraction=0.0162%, Lmin=-0.02, Lmax=-0.00
14:34:23 [ultranest] [DEBUG] iteration=5096, ncalls=4420210, regioncalls=298525400, ndraw=40, logz=-11.35, remainder_fraction=0.0161%, Lmin=-0.02, Lmax=-0.00
14:35:43 [ultranest] [DEBUG] iteration=5097, ncalls=4448624, regioncalls=300433000, ndraw=40, logz=-11.35, remainder_fraction=0.0161%, Lmin=-0.02, Lmax=-0.00
14:36:15 [ultranest] [DEBUG] iteration=5098, ncalls=4461190, regioncalls=301266880, ndraw=40, logz=-11.35, remainder_fraction=0.0160%, Lmin=-0.02, Lmax=-0.00
14:36:44 [ultranest] [DEBUG] iteration=5099, ncalls=4472029, regioncalls=301996760, ndraw=40, logz=-11.35, remainder_fraction=0.0159%, Lmin=-0.02, Lmax=-0.00
14:37:23 [ultranest] [DEBUG] iteration=5100, ncalls=4486859, regioncalls=302971000, ndraw=40, logz=-11.35, remainder_fraction=0.0159%, Lmin=-0.02, Lmax=-0.00
14:38:19 [ultranest] [DEBUG] iteration=5101, ncalls=4508268, regioncalls=304393000, ndraw=40, logz=-11.35, remainder_fraction=0.0158%, Lmin=-0.02, Lmax=-0.00
14:38:22 [ultranest] [DEBUG] iteration=5102, ncalls=4509241, regioncalls=304458000, ndraw=40, logz=-11.35, remainder_fraction=0.0157%, Lmin=-0.02, Lmax=-0.00
14:38:30 [ultranest] [DEBUG] iteration=5103, ncalls=4512391, regioncalls=304670080, ndraw=40, logz=-11.35, remainder_fraction=0.0157%, Lmin=-0.02, Lmax=-0.00
14:39:27 [ultranest] [DEBUG] iteration=5104, ncalls=4533184, regioncalls=306077880, ndraw=40, logz=-11.35, remainder_fraction=0.0156%, Lmin=-0.02, Lmax=-0.00
14:39:50 [ultranest] [DEBUG] iteration=5105, ncalls=4541625, regioncalls=306629320, ndraw=40, logz=-11.35, remainder_fraction=0.0155%, Lmin=-0.02, Lmax=-0.00
14:41:15 [ultranest] [DEBUG] iteration=5106, ncalls=4573831, regioncalls=308778600, ndraw=40, logz=-11.35, remainder_fraction=0.0155%, Lmin=-0.02, Lmax=-0.00
14:41:18 [ultranest] [DEBUG] iteration=5107, ncalls=4574906, regioncalls=308848040, ndraw=40, logz=-11.35, remainder_fraction=0.0154%, Lmin=-0.02, Lmax=-0.00
14:41:26 [ultranest] [DEBUG] iteration=5108, ncalls=4578043, regioncalls=309058520, ndraw=40, logz=-11.35, remainder_fraction=0.0154%, Lmin=-0.02, Lmax=-0.00
14:41:39 [ultranest] [DEBUG] iteration=5109, ncalls=4582489, regioncalls=309366560, ndraw=40, logz=-11.35, remainder_fraction=0.0153%, Lmin=-0.02, Lmax=-0.00
14:41:59 [ultranest] [DEBUG] iteration=5110, ncalls=4589636, regioncalls=309847200, ndraw=40, logz=-11.35, remainder_fraction=0.0152%, Lmin=-0.02, Lmax=-0.00
14:42:27 [ultranest] [DEBUG] iteration=5111, ncalls=4600148, regioncalls=310561400, ndraw=40, logz=-11.35, remainder_fraction=0.0152%, Lmin=-0.02, Lmax=-0.00
14:42:44 [ultranest] [DEBUG] iteration=5112, ncalls=4606521, regioncalls=310988720, ndraw=40, logz=-11.35, remainder_fraction=0.0151%, Lmin=-0.02, Lmax=-0.00
14:43:50 [ultranest] [DEBUG] iteration=5113, ncalls=4630460, regioncalls=312598000, ndraw=40, logz=-11.35, remainder_fraction=0.0151%, Lmin=-0.02, Lmax=-0.00
14:43:57 [ultranest] [DEBUG] iteration=5114, ncalls=4633201, regioncalls=312794320, ndraw=40, logz=-11.35, remainder_fraction=0.0150%, Lmin=-0.02, Lmax=-0.00
14:43:59 [ultranest] [DEBUG] iteration=5115, ncalls=4633954, regioncalls=312847640, ndraw=40, logz=-11.35, remainder_fraction=0.0149%, Lmin=-0.02, Lmax=-0.00
14:44:03 [ultranest] [DEBUG] iteration=5116, ncalls=4635402, regioncalls=312948440, ndraw=40, logz=-11.35, remainder_fraction=0.0149%, Lmin=-0.02, Lmax=-0.00
14:44:04 [ultranest] [DEBUG] iteration=5117, ncalls=4635955, regioncalls=312984160, ndraw=40, logz=-11.35, remainder_fraction=0.0148%, Lmin=-0.02, Lmax=-0.00
14:44:17 [ultranest] [DEBUG] iteration=5118, ncalls=4640364, regioncalls=313278560, ndraw=40, logz=-11.35, remainder_fraction=0.0148%, Lmin=-0.02, Lmax=-0.00
14:44:20 [ultranest] [DEBUG] iteration=5119, ncalls=4641788, regioncalls=313374080, ndraw=40, logz=-11.35, remainder_fraction=0.0147%, Lmin=-0.02, Lmax=-0.00
14:44:24 [ultranest] [DEBUG] iteration=5120, ncalls=4642957, regioncalls=313452160, ndraw=40, logz=-11.35, remainder_fraction=0.0146%, Lmin=-0.02, Lmax=-0.00
14:44:26 [ultranest] [DEBUG] iteration=5121, ncalls=4643819, regioncalls=313514320, ndraw=40, logz=-11.35, remainder_fraction=0.0146%, Lmin=-0.02, Lmax=-0.00
14:45:06 [ultranest] [DEBUG] iteration=5122, ncalls=4658140, regioncalls=314483440, ndraw=40, logz=-11.35, remainder_fraction=0.0145%, Lmin=-0.02, Lmax=-0.00
14:45:29 [ultranest] [DEBUG] iteration=5123, ncalls=4665841, regioncalls=315012680, ndraw=40, logz=-11.35, remainder_fraction=0.0145%, Lmin=-0.02, Lmax=-0.00
14:45:45 [ultranest] [DEBUG] iteration=5124, ncalls=4672188, regioncalls=315443600, ndraw=40, logz=-11.35, remainder_fraction=0.0144%, Lmin=-0.02, Lmax=-0.00
14:46:16 [ultranest] [DEBUG] iteration=5125, ncalls=4683318, regioncalls=316207000, ndraw=40, logz=-11.35, remainder_fraction=0.0144%, Lmin=-0.02, Lmax=-0.00
14:46:56 [ultranest] [DEBUG] iteration=5126, ncalls=4697148, regioncalls=317160440, ndraw=40, logz=-11.35, remainder_fraction=0.0143%, Lmin=-0.02, Lmax=-0.00
14:47:09 [ultranest] [DEBUG] iteration=5127, ncalls=4702237, regioncalls=317514640, ndraw=40, logz=-11.35, remainder_fraction=0.0142%, Lmin=-0.02, Lmax=-0.00
14:47:13 [ultranest] [DEBUG] iteration=5128, ncalls=4703845, regioncalls=317620040, ndraw=40, logz=-11.35, remainder_fraction=0.0142%, Lmin=-0.02, Lmax=-0.00
14:47:14 [ultranest] [DEBUG] iteration=5129, ncalls=4704150, regioncalls=317640120, ndraw=40, logz=-11.35, remainder_fraction=0.0141%, Lmin=-0.02, Lmax=-0.00
14:48:47 [ultranest] [DEBUG] iteration=5130, ncalls=4737990, regioncalls=319986640, ndraw=40, logz=-11.35, remainder_fraction=0.0141%, Lmin=-0.02, Lmax=-0.00
14:49:22 [ultranest] [DEBUG] iteration=5131, ncalls=4749442, regioncalls=320785360, ndraw=40, logz=-11.35, remainder_fraction=0.0140%, Lmin=-0.02, Lmax=-0.00
14:51:29 [ultranest] [DEBUG] iteration=5132, ncalls=4793424, regioncalls=323788800, ndraw=40, logz=-11.35, remainder_fraction=0.0140%, Lmin=-0.02, Lmax=-0.00
14:51:40 [ultranest] [DEBUG] iteration=5133, ncalls=4797354, regioncalls=324062680, ndraw=40, logz=-11.35, remainder_fraction=0.0139%, Lmin=-0.02, Lmax=-0.00
14:51:57 [ultranest] [DEBUG] iteration=5134, ncalls=4802868, regioncalls=324437360, ndraw=40, logz=-11.35, remainder_fraction=0.0139%, Lmin=-0.02, Lmax=-0.00
14:52:27 [ultranest] [DEBUG] iteration=5135, ncalls=4814503, regioncalls=325246080, ndraw=40, logz=-11.35, remainder_fraction=0.0138%, Lmin=-0.02, Lmax=-0.00
14:52:45 [ultranest] [DEBUG] iteration=5136, ncalls=4820338, regioncalls=325642680, ndraw=40, logz=-11.35, remainder_fraction=0.0137%, Lmin=-0.02, Lmax=-0.00
14:53:07 [ultranest] [DEBUG] iteration=5137, ncalls=4828570, regioncalls=326204240, ndraw=40, logz=-11.35, remainder_fraction=0.0137%, Lmin=-0.02, Lmax=-0.00
14:53:30 [ultranest] [DEBUG] iteration=5138, ncalls=4837104, regioncalls=326785560, ndraw=40, logz=-11.35, remainder_fraction=0.0136%, Lmin=-0.02, Lmax=-0.00
14:53:40 [ultranest] [DEBUG] iteration=5139, ncalls=4841076, regioncalls=327058680, ndraw=40, logz=-11.35, remainder_fraction=0.0136%, Lmin=-0.02, Lmax=-0.00
14:53:44 [ultranest] [DEBUG] iteration=5140, ncalls=4842396, regioncalls=327151760, ndraw=40, logz=-11.35, remainder_fraction=0.0135%, Lmin=-0.02, Lmax=-0.00
14:53:52 [ultranest] [DEBUG] iteration=5141, ncalls=4845422, regioncalls=327361960, ndraw=40, logz=-11.35, remainder_fraction=0.0135%, Lmin=-0.02, Lmax=-0.00
14:57:17 [ultranest] [DEBUG] iteration=5142, ncalls=4917509, regioncalls=332335600, ndraw=40, logz=-11.35, remainder_fraction=0.0134%, Lmin=-0.02, Lmax=-0.00
14:57:22 [ultranest] [DEBUG] iteration=5143, ncalls=4918909, regioncalls=332435400, ndraw=40, logz=-11.35, remainder_fraction=0.0134%, Lmin=-0.02, Lmax=-0.00
14:57:33 [ultranest] [DEBUG] iteration=5144, ncalls=4922948, regioncalls=332709480, ndraw=40, logz=-11.35, remainder_fraction=0.0133%, Lmin=-0.02, Lmax=-0.00
14:58:19 [ultranest] [DEBUG] iteration=5145, ncalls=4939876, regioncalls=333891920, ndraw=40, logz=-11.35, remainder_fraction=0.0133%, Lmin=-0.02, Lmax=-0.00
14:58:59 [ultranest] [DEBUG] iteration=5146, ncalls=4953825, regioncalls=334856000, ndraw=40, logz=-11.35, remainder_fraction=0.0132%, Lmin=-0.02, Lmax=-0.00
15:00:40 [ultranest] [DEBUG] iteration=5147, ncalls=4987836, regioncalls=337216720, ndraw=40, logz=-11.35, remainder_fraction=0.0132%, Lmin=-0.02, Lmax=-0.00
15:00:44 [ultranest] [DEBUG] iteration=5148, ncalls=4989479, regioncalls=337326320, ndraw=40, logz=-11.35, remainder_fraction=0.0131%, Lmin=-0.02, Lmax=-0.00
15:02:05 [ultranest] [DEBUG] iteration=5149, ncalls=5017969, regioncalls=339291120, ndraw=40, logz=-11.35, remainder_fraction=0.0130%, Lmin=-0.02, Lmax=-0.00
15:02:27 [ultranest] [DEBUG] iteration=5150, ncalls=5024972, regioncalls=339790640, ndraw=40, logz=-11.35, remainder_fraction=0.0130%, Lmin=-0.02, Lmax=-0.00
15:02:33 [ultranest] [DEBUG] iteration=5151, ncalls=5027031, regioncalls=339938400, ndraw=40, logz=-11.35, remainder_fraction=0.0129%, Lmin=-0.02, Lmax=-0.00
15:02:38 [ultranest] [DEBUG] iteration=5152, ncalls=5028756, regioncalls=340054360, ndraw=40, logz=-11.35, remainder_fraction=0.0129%, Lmin=-0.02, Lmax=-0.00
15:02:45 [ultranest] [DEBUG] iteration=5153, ncalls=5031053, regioncalls=340211440, ndraw=40, logz=-11.35, remainder_fraction=0.0128%, Lmin=-0.02, Lmax=-0.00
15:02:52 [ultranest] [DEBUG] iteration=5154, ncalls=5033797, regioncalls=340397000, ndraw=40, logz=-11.35, remainder_fraction=0.0128%, Lmin=-0.02, Lmax=-0.00
15:03:56 [ultranest] [DEBUG] iteration=5155, ncalls=5057720, regioncalls=342047120, ndraw=40, logz=-11.35, remainder_fraction=0.0127%, Lmin=-0.02, Lmax=-0.00
15:04:46 [ultranest] [DEBUG] iteration=5156, ncalls=5074075, regioncalls=343191080, ndraw=40, logz=-11.35, remainder_fraction=0.0127%, Lmin=-0.02, Lmax=-0.00
15:04:50 [ultranest] [DEBUG] iteration=5157, ncalls=5075394, regioncalls=343281400, ndraw=40, logz=-11.35, remainder_fraction=0.0126%, Lmin=-0.02, Lmax=-0.00
15:04:54 [ultranest] [DEBUG] iteration=5158, ncalls=5076681, regioncalls=343369080, ndraw=40, logz=-11.35, remainder_fraction=0.0126%, Lmin=-0.02, Lmax=-0.00
15:05:14 [ultranest] [DEBUG] iteration=5159, ncalls=5083612, regioncalls=343861720, ndraw=40, logz=-11.35, remainder_fraction=0.0125%, Lmin=-0.02, Lmax=-0.00
15:05:33 [ultranest] [DEBUG] iteration=5160, ncalls=5090306, regioncalls=344329200, ndraw=40, logz=-11.35, remainder_fraction=0.0125%, Lmin=-0.02, Lmax=-0.00
15:05:39 [ultranest] [DEBUG] iteration=5161, ncalls=5092220, regioncalls=344467440, ndraw=40, logz=-11.35, remainder_fraction=0.0124%, Lmin=-0.02, Lmax=-0.00
15:06:11 [ultranest] [DEBUG] iteration=5162, ncalls=5103544, regioncalls=345266160, ndraw=40, logz=-11.35, remainder_fraction=0.0124%, Lmin=-0.02, Lmax=-0.00
15:06:23 [ultranest] [DEBUG] iteration=5163, ncalls=5108119, regioncalls=345582120, ndraw=40, logz=-11.35, remainder_fraction=0.0123%, Lmin=-0.02, Lmax=-0.00
15:07:38 [ultranest] [DEBUG] iteration=5164, ncalls=5134184, regioncalls=347420680, ndraw=40, logz=-11.35, remainder_fraction=0.0123%, Lmin=-0.02, Lmax=-0.00
15:07:59 [ultranest] [DEBUG] iteration=5165, ncalls=5142827, regioncalls=348027120, ndraw=40, logz=-11.35, remainder_fraction=0.0122%, Lmin=-0.02, Lmax=-0.00
15:08:49 [ultranest] [DEBUG] iteration=5166, ncalls=5159608, regioncalls=349170960, ndraw=40, logz=-11.35, remainder_fraction=0.0122%, Lmin=-0.02, Lmax=-0.00
15:08:51 [ultranest] [DEBUG] iteration=5167, ncalls=5160236, regioncalls=349214160, ndraw=40, logz=-11.35, remainder_fraction=0.0121%, Lmin=-0.02, Lmax=-0.00
15:09:50 [ultranest] [DEBUG] iteration=5168, ncalls=5180322, regioncalls=350626360, ndraw=40, logz=-11.35, remainder_fraction=0.0121%, Lmin=-0.02, Lmax=-0.00
15:11:00 [ultranest] [DEBUG] iteration=5169, ncalls=5204434, regioncalls=352291360, ndraw=40, logz=-11.35, remainder_fraction=0.0120%, Lmin=-0.02, Lmax=-0.00
15:11:22 [ultranest] [DEBUG] iteration=5170, ncalls=5212516, regioncalls=352862120, ndraw=40, logz=-11.35, remainder_fraction=0.0120%, Lmin=-0.02, Lmax=-0.00
15:11:50 [ultranest] [DEBUG] iteration=5171, ncalls=5222765, regioncalls=353584360, ndraw=40, logz=-11.35, remainder_fraction=0.0119%, Lmin=-0.02, Lmax=-0.00
15:12:01 [ultranest] [DEBUG] iteration=5172, ncalls=5226724, regioncalls=353864800, ndraw=40, logz=-11.35, remainder_fraction=0.0119%, Lmin=-0.02, Lmax=-0.00
15:12:07 [ultranest] [DEBUG] iteration=5173, ncalls=5228788, regioncalls=354006640, ndraw=40, logz=-11.35, remainder_fraction=0.0119%, Lmin=-0.02, Lmax=-0.00
15:13:22 [ultranest] [DEBUG] iteration=5174, ncalls=5254983, regioncalls=355829040, ndraw=40, logz=-11.35, remainder_fraction=0.0118%, Lmin=-0.02, Lmax=-0.00
15:13:27 [ultranest] [DEBUG] iteration=5175, ncalls=5256880, regioncalls=355962160, ndraw=40, logz=-11.35, remainder_fraction=0.0118%, Lmin=-0.02, Lmax=-0.00
15:14:24 [ultranest] [DEBUG] iteration=5176, ncalls=5276200, regioncalls=357311600, ndraw=40, logz=-11.35, remainder_fraction=0.0117%, Lmin=-0.02, Lmax=-0.00
15:14:44 [ultranest] [DEBUG] iteration=5177, ncalls=5284110, regioncalls=357872440, ndraw=40, logz=-11.35, remainder_fraction=0.0117%, Lmin=-0.02, Lmax=-0.00
15:15:27 [ultranest] [DEBUG] iteration=5178, ncalls=5298516, regioncalls=358906000, ndraw=40, logz=-11.35, remainder_fraction=0.0116%, Lmin=-0.02, Lmax=-0.00
15:15:49 [ultranest] [DEBUG] iteration=5179, ncalls=5306649, regioncalls=359464360, ndraw=40, logz=-11.35, remainder_fraction=0.0116%, Lmin=-0.02, Lmax=-0.00
15:17:03 [ultranest] [DEBUG] iteration=5180, ncalls=5332970, regioncalls=361362040, ndraw=40, logz=-11.35, remainder_fraction=0.0115%, Lmin=-0.02, Lmax=-0.00
15:17:09 [ultranest] [DEBUG] iteration=5181, ncalls=5335101, regioncalls=361512480, ndraw=40, logz=-11.35, remainder_fraction=0.0115%, Lmin=-0.02, Lmax=-0.00
15:17:12 [ultranest] [DEBUG] iteration=5182, ncalls=5336323, regioncalls=361591960, ndraw=40, logz=-11.35, remainder_fraction=0.0114%, Lmin=-0.02, Lmax=-0.00
15:17:12 [ultranest] [INFO] Explored until L=-0.001  
15:17:12 [ultranest] [INFO] Likelihood function evaluations: 5336323
15:17:16 [ultranest] [INFO] Writing samples and results to disk ...
15:17:16 [ultranest] [INFO] Writing samples and results to disk ... done
15:17:16 [ultranest] [DEBUG] did a run_iter pass!
15:17:16 [ultranest] [INFO]   logZ = -11.36 +- 0.2504
15:17:16 [ultranest] [INFO] Effective samples strategy satisfied (ESS = 969.5, need >400)
15:17:16 [ultranest] [INFO] Posterior uncertainty strategy is satisfied (KL: 0.47+-0.21 nat, need <0.50 nat)
15:17:16 [ultranest] [DEBUG]   conservative estimate says at least 148 live points are needed to reach dlogz goal
15:17:16 [ultranest] [DEBUG]   number of live points vary between 1 and 2399, most (1129/2690 iterations) have 1
15:17:16 [ultranest] [DEBUG]   at least 80 live points are needed to reach dlogz goal
15:17:16 [ultranest] [INFO] Evidency uncertainty strategy wants 80 minimum live points (dlogz from 0.19 to 0.62, need <0.5)
15:17:16 [ultranest] [INFO]   logZ error budget: single: 0.20 bs:0.25 tail:0.00 total:0.25 required:<0.50
15:17:16 [ultranest] [INFO] done iterating.
15:17:17 [ultranest] [DEBUG] Making corner plot ...
15:17:26 [ultranest] [DEBUG] Making corner plot ... done
15:17:26 [ultranest] [DEBUG] Making run plot ... 
15:17:29 [ultranest] [DEBUG] Making run plot ... done
15:17:29 [ultranest] [DEBUG] Making trace plot ... 
15:17:39 [ultranest] [DEBUG] Making trace plot ... done
15:17:39 [ultranest] [DEBUG] Making trace plot ... 
15:17:50 [ultranest] [DEBUG] Making trace plot ... done
15:17:50 [ultranest] [DEBUG] Making corner plot ...
15:18:00 [ultranest] [DEBUG] Making corner plot ... done
