Om Ob h ns s8 Mnu w scale_factor
4.137071362244615358e-01 4.458128248580187775e-02 5.671466648398032495e-01 8.675377111158835142e-01 8.168251945213449439e-01 1.845039425869615668e-01 -1.092043018631660090e+00 1.509581639192806257e+01
3.437563549242122485e-01 6.134238562531368205e-02 7.560118927603259875e-01 9.703520046207969596e-01 8.273624507318926291e-01 8.810946570737401284e-01 -1.123787925090863116e+00 1.518081790407245002e+01
3.401851371947679503e-01 4.923181350496814990e-02 5.467325899299749770e-01 1.062524330643072723e+00 7.642131806934931992e-01 6.668094013872332138e-01 -1.076522119741113448e+00 1.437849114870963518e+01
2.957369561681598702e-01 5.201338360277976691e-02 7.381067300521199082e-01 1.004109275330690165e+00 7.688874893176375069e-01 6.169823864990833240e-01 -1.220063019793497849e+00 1.446775028220085346e+01
3.134692827027730777e-01 6.415883247838732872e-02 6.723761728130240867e-01 1.074101457981100127e+00 7.337492854014727728e-01 5.445580916324170850e-01 -1.235704320945221424e+00 1.417480928677690244e+01
3.246126677615419620e-01 6.794260551842309925e-02 7.245350667023625624e-01 9.888636278824679549e-01 7.841016548633561456e-01 5.750396633435237437e-01 -1.087056900433039264e+00 1.455460501682498098e+01
2.950662623814506169e-01 6.906966900533498266e-02 6.722380985022774480e-01 1.187911782938108507e+00 8.147817987338167312e-01 8.068692898785512213e-01 -1.181177493139962786e+00 1.483134558814338533e+01
3.094780089518690547e-01 5.871240640069838590e-02 7.753081042118702415e-01 9.802060961121489280e-01 8.244588907415675294e-01 5.339593165548573994e-01 -1.059243341152198203e+00 1.477996656926887376e+01
4.470332291861731644e-01 5.139894324745004905e-02 6.112143035310129147e-01 8.402048471962113574e-01 8.199638627266556679e-01 6.374924506410888370e-01 -9.385956851539498658e-01 1.490986621964681191e+01
3.383373274102913220e-01 3.678215568671727720e-02 7.574154104505925744e-01 8.742551837250382984e-01 8.123168285094648500e-01 9.379825289682681699e-01 -9.020351181094694581e-01 1.452158390748155270e+01
2.878267583256127748e-01 3.164379794107361615e-02 5.257723016196492738e-01 1.195263185068467848e+00 8.312725837336175649e-01 7.263006435906658176e-01 -1.263993069987547235e+00 1.479218693462684442e+01
2.923226935144082050e-01 3.457965727984256554e-02 6.795140999141076055e-01 1.045430818839312659e+00 7.859827018459354386e-01 1.140457339545609128e-01 -1.101422009428598026e+00 1.350839861748457693e+01
3.378672610601739512e-01 4.904542834718293026e-02 6.089171519698154400e-01 9.803363721025014632e-01 7.961548574460439731e-01 1.001315889890569411e-01 -1.067364763385765247e+00 1.454124107499829321e+01
3.055693671937094180e-01 4.726746815770964394e-02 6.060839427494407738e-01 1.052812148654907576e+00 8.126323336826639654e-01 3.861461467843646522e-01 -9.287682576023484904e-01 1.469047056934322271e+01
3.370278903556368499e-01 3.458348526403854512e-02 8.183699015919166930e-01 8.137809004873508556e-01 8.321619097075338978e-01 8.787754575080879427e-01 -7.379053067756659035e-01 1.467946675219891084e+01
2.883047116667845078e-01 6.638341152870480544e-02 7.562934418087037258e-01 1.090603620139029450e+00 8.137706785542333510e-01 5.921937972455483257e-01 -8.338580074809825993e-01 1.480620245762608533e+01
2.814513421357690559e-01 4.343467945375324019e-02 8.657362982855201228e-01 9.167733482549355051e-01 8.450133436442481827e-01 1.368521034902782652e-01 -9.965073098313819155e-01 1.470307658475952550e+01
3.438632753959456334e-01 5.972316246489887265e-02 6.324657474351115249e-01 1.015723850141778906e+00 7.458833377277827026e-01 6.327988013142018531e-01 -1.162118650270796749e+00 1.429765669716764975e+01
2.187573460204350895e-01 4.792767675542405209e-02 8.698472254175946272e-01 1.113618096723646422e+00 8.065498352912173763e-01 8.519246377820619553e-01 -1.180575729026495546e+00 1.456139859604036246e+01
3.173330607268859405e-01 5.545785375824015262e-02 5.487303838841662840e-01 1.129233174784509464e+00 7.783714255495507439e-01 6.818168404566657959e-01 -8.358853088636359896e-01 1.436524004081782735e+01
3.771800855384762619e-01 6.435724042736151729e-02 7.810118861513724031e-01 8.281273561890265533e-01 7.771008405800926555e-01 6.621158964193216701e-01 -9.769103990799148374e-01 1.444116932953365762e+01
3.083624698266440589e-01 5.844329140059713323e-02 8.149038912802473167e-01 9.337516208317718780e-01 7.941153231274790114e-01 6.664171044030096080e-01 -1.035584697503654450e+00 1.457054650279781072e+01
2.311898589270028059e-01 4.376163653852419011e-02 7.766611451249152420e-01 1.078155722800326677e+00 8.368905832882244100e-01 6.676996501554205432e-02 -1.288407743872677758e+00 1.494913099479184027e+01
3.741379425352941990e-01 6.571054804718613751e-02 6.420650026831775659e-01 9.843074745275823823e-01 7.285113202422629497e-01 8.343695561409952832e-01 -9.536126733735106331e-01 1.405158299388864407e+01
2.025677884621628067e-01 4.154601530641238716e-02 8.557941791081176142e-01 1.128836707199779577e+00 8.221051175550743162e-01 5.669908848753564268e-01 -1.255084161519078867e+00 1.474607186710706586e+01
2.643621635769060063e-01 5.536730576931503389e-02 7.338580961267010538e-01 1.112813600334913167e+00 8.541507622675892364e-01 2.619713230354694944e-01 -1.204748499429532993e+00 1.490925777277779218e+01
4.883140554690047486e-01 4.638555425233346907e-02 5.191023051091931961e-01 8.189568313558368562e-01 8.748717665119086773e-01 1.396451109719132333e-02 -1.171435662361381524e+00 1.555150108586812685e+01
4.283032428262433244e-01 6.248149839992483273e-02 5.347382459120946230e-01 9.590540491957563196e-01 7.550762332586891112e-01 8.015295964930445605e-01 -1.286949426066724245e+00 1.499056731028582057e+01
4.517877138234779322e-01 6.208702949063905213e-02 5.596683798646683305e-01 9.584740968559626317e-01 8.068536367835873468e-01 9.919027907832350666e-01 -8.667918234851262893e-01 1.489649741026902774e+01
3.861773642160472031e-01 5.045388967407211239e-02 7.188111853273860818e-01 8.210319974253005304e-01 7.981123168853836436e-01 7.012038459170018001e-01 -1.198019284481853353e+00 1.472205577268572796e+01
4.470332291861731644e-01 5.139894324745004905e-02 6.112143035310129147e-01 8.402048471962113574e-01 8.199638627266556679e-01 6.374924506410888370e-01 -9.385956851539498658e-01 1.490986621964681191e+01
3.348830225669513494e-01 6.077938892595617648e-02 5.739718910544273633e-01 1.110630733378754176e+00 8.535532737672388848e-01 3.353448044276663431e-01 -9.671872691689538115e-01 1.490303745290276183e+01
4.619706221966856097e-01 3.646876521437906332e-02 5.132744257798415033e-01 8.827762394613153374e-01 8.387952252598174230e-01 3.853163272533733918e-01 -7.938114454589642044e-01 1.494591527455874669e+01
2.758257162933092088e-01 4.029645389302587838e-02 8.915761576317752235e-01 9.517138628377994625e-01 8.463532432785908499e-01 7.878417301002020867e-01 -1.287391422645972394e+00 1.501568920681335406e+01
3.538977678154330286e-01 5.546550752054402178e-02 7.433208035170881800e-01 8.830833716594781446e-01 8.225498821194912047e-01 3.333077078448594133e-01 -9.700347477536279683e-01 1.471080794643000189e+01
2.905817561223968948e-01 3.069702291824255580e-02 7.443096434446488940e-01 9.458634426908720805e-01 8.494194066373386143e-01 2.845803974952514359e-01 -7.364471547254433093e-01 1.465512183389912870e+01
4.099173956063341118e-01 6.911567242750894791e-02 5.989090547336408665e-01 9.633454496218044616e-01 8.448900313997906864e-01 1.771251664602703779e-01 -9.647119752242038215e-01 1.532357620800851805e+01
3.319713600691030497e-01 3.767659583171367038e-02 8.945562564168683117e-01 8.134141363333995400e-01 8.789696213743022346e-01 8.263755226535507425e-01 -1.033304201033829361e+00 1.523674791049636212e+01
2.260555447569074783e-01 5.803969319119709619e-02 8.657566394883047245e-01 1.125658073674362658e+00 8.067529159754406320e-01 6.388858925763163388e-01 -1.090554775246364905e+00 1.458741950356133366e+01
2.832488888213646749e-01 3.524113507857384864e-02 8.970654092926342305e-01 9.141601746951218965e-01 8.712797968443390939e-01 6.655147650047259500e-01 -9.554750495456639792e-01 1.489577091914304496e+01
3.898529138544287731e-01 4.548599630064158877e-02 5.379485790740053952e-01 1.052317271074903360e+00 8.250230819744239774e-01 9.479124151352256167e-01 -1.279040208609595108e+00 1.520177923422867039e+01
4.495400542691587731e-01 6.246513877342649290e-02 5.524991007027438839e-01 9.355099582814003778e-01 8.061951089813287341e-01 7.743188042141111449e-01 -8.502040000166630751e-01 1.495120784975083339e+01
2.317398216812654732e-01 3.668728101808339109e-02 7.418537919812718817e-01 1.066181644349485591e+00 7.999660998537896361e-01 3.398334757213488655e-01 -1.093417760808358397e+00 1.441591747362661913e+01
3.063921684062811401e-01 4.259177928958580994e-02 6.856398260288063540e-01 9.756096695831555365e-01 8.304279669157259569e-01 3.047336048399918451e-01 -8.028246366481579521e-01 1.456294982130212645e+01
3.550649435357837724e-01 6.760451722690782872e-02 8.351936180906383012e-01 8.482824773709481958e-01 8.274673690757682332e-01 1.770542574811603265e-01 -1.132147289768488996e+00 1.519288531644881424e+01
3.077484361755705722e-01 3.559262725802925242e-02 5.015959246208303579e-01 1.136700593859243602e+00 7.578158110820123472e-01 6.346797500070042730e-01 -1.179865014970170600e+00 1.427926991782208432e+01
2.912180579515372125e-01 5.562468282531326386e-02 7.345713915057684451e-01 1.053234618014621482e+00 8.316271722258889998e-01 6.032719577578041781e-01 -1.054847638631469353e+00 1.492916786624957126e+01
3.163498019842951869e-01 3.863806032451859440e-02 6.161650747986298082e-01 1.039680460188260991e+00 7.762645598004128678e-01 8.031748299424890103e-01 -9.094134311617325661e-01 1.387409878945892494e+01
3.987437255930850188e-01 5.900905442930921146e-02 6.778034583489789267e-01 8.227097330110850759e-01 8.274958335932887099e-01 1.704214331534723015e-01 -9.767560794260634616e-01 1.464543218202345543e+01
2.485757060982353162e-01 5.264732368065069834e-02 6.110971878750879327e-01 1.184592965946543064e+00 8.195809435437744206e-01 2.581053403025005410e-01 -1.039560178101222032e+00 1.474679583089479351e+01
3.539797734379606098e-01 6.800655642585280714e-02 5.592221608295595559e-01 1.094644702366349698e+00 7.638752223634824867e-01 8.530045489067804576e-01 -9.040243835902146419e-01 1.448245190219888912e+01
4.362818223091577963e-01 5.790539785962113550e-02 6.109402714708884741e-01 8.946765382777309705e-01 8.125062109676081112e-01 8.548065467201297896e-01 -1.068185394955530221e+00 1.520281709163404571e+01
3.336138465925447827e-01 6.218066916129552646e-02 6.319782594726570668e-01 1.103444478864484157e+00 7.182697208470092409e-01 9.451022466796956678e-01 -1.162195573125849979e+00 1.341105954754877949e+01
3.267150514750520873e-01 3.760375578971297122e-02 7.463345991320313733e-01 9.082297765541702539e-01 8.261858528500086729e-01 8.292198450050548564e-01 -9.576483097247130427e-01 1.472781714372103323e+01
4.693422443035816238e-01 4.711607228769816580e-02 5.230193783251114725e-01 8.655013704435376987e-01 8.725182681141084862e-01 1.210589218017605884e-01 -8.938074111829041879e-01 1.534739536362698864e+01
3.755371785536884000e-01 5.297893299190284400e-02 5.683062022375625633e-01 1.033918671551033786e+00 8.115556132968124725e-01 7.236428257757203664e-01 -1.098195512304939836e+00 1.500702833206379339e+01
4.591483532819516933e-01 4.040355999830796963e-02 5.599707551348390711e-01 8.295634684727211106e-01 8.385592661883045640e-01 4.308068633092295707e-01 -8.112342846355991011e-01 1.492694222519772929e+01
4.085280694908647314e-01 3.009358685298118771e-02 6.351052654858122537e-01 8.510759732915478271e-01 8.726749907973840870e-01 6.129216445305976091e-01 -9.144596535961062589e-01 1.507009981604270088e+01
3.496987773301694080e-01 4.618990071484765925e-02 6.630612955165244848e-01 9.930086131393408566e-01 8.603525247064434112e-01 8.503974010885818613e-01 -7.381343756800820000e-01 1.473605809205744421e+01
3.017146129534888921e-01 3.444120576396669797e-02 5.646220597782647399e-01 1.026646090584461879e+00 8.335053299738659494e-01 8.571262484815478366e-02 -7.752954323883747279e-01 1.451228952665374550e+01
3.681939376144517384e-01 3.210638491004126627e-02 5.945295666905759946e-01 9.267376727469636144e-01 8.578852493752716635e-01 5.922168202115316582e-01 -9.921170424426463130e-01 1.491549301698442953e+01
2.760583751029054289e-01 5.799332097708925077e-02 6.672532614913537774e-01 1.069267794822650774e+00 7.994312517230708348e-01 7.884721414747419832e-02 -8.210753231016333364e-01 1.461167531337267889e+01
4.029020740159577896e-01 4.969931052224933754e-02 5.291122808973419689e-01 1.038310935602558160e+00 8.434973584661153989e-01 6.892557771202703076e-01 -7.610446288476248045e-01 1.503592878565507007e+01
2.988813161716189493e-01 3.607186333201242018e-02 8.322644153778918641e-01 8.908562728858009372e-01 8.890970480199749115e-01 3.330194913253445854e-01 -9.467273594258257541e-01 1.489232380285214141e+01
4.274437363050183070e-01 6.428966287619675146e-02 6.304539330318028600e-01 8.578918393864457537e-01 7.941848537864117930e-01 7.582435795673381218e-01 -1.164745430751855215e+00 1.488532156427425690e+01
3.647604513053761544e-01 6.069687069232788251e-02 7.528902048906618294e-01 8.827665876846352289e-01 8.322817487990125107e-01 4.991715758589224672e-01 -1.196670042065245410e+00 1.506556310755498629e+01
4.216970402360570302e-01 6.804554913117905057e-02 7.421645718524084723e-01 8.217077808250963233e-01 8.158231971205810451e-01 8.513334458235428670e-01 -7.010379051660544647e-01 1.490067652800197706e+01
3.247181688361910901e-01 4.297563510451167523e-02 5.234294483008211651e-01 1.159014562902231704e+00 7.343070967803506655e-01 7.829309115870395352e-01 -1.052310375846465584e+00 1.341144521425831293e+01
3.077484361755705722e-01 3.559262725802925242e-02 5.015959246208303579e-01 1.136700593859243602e+00 7.578158110820123472e-01 6.346797500070042730e-01 -1.179865014970170600e+00 1.427926991782208432e+01
3.548843077751292485e-01 3.122027759429843452e-02 6.344340528192833339e-01 9.024350165240768717e-01 8.587536804793333145e-01 2.010210021710426842e-01 -1.074056679523626379e+00 1.511385651189721635e+01
3.345054364530226643e-01 5.359714387026670579e-02 8.392852180958938479e-01 8.721514182813262517e-01 8.472700211638071188e-01 9.020480467107951927e-01 -1.110632025189560279e+00 1.503906981448682245e+01
3.917314791159256515e-01 5.508141751457545227e-02 6.730321634377608442e-01 9.262357401653797950e-01 8.508110397199911690e-01 7.368986372763566273e-01 -1.069648096776065538e+00 1.526208282092357038e+01
3.582534252367574057e-01 3.970178655786409799e-02 5.001682476613912298e-01 1.067362994243697294e+00 8.399086079062815235e-01 3.708511045936734307e-01 -1.075917230873805419e+00 1.500655717503592790e+01
3.212529954145827427e-01 3.711773335629070525e-02 5.261315150241202554e-01 1.071786841210893293e+00 8.131584016482090727e-01 3.012590385773438184e-01 -1.158314534854036015e+00 1.506672224428595186e+01
3.034641119972918966e-01 4.706964486785346347e-02 7.759333048731109628e-01 9.736756270090001220e-01 7.820441721770560184e-01 9.798992167758526772e-01 -1.271260019418414045e+00 1.458713942951642117e+01
3.401851371947679503e-01 4.923181350496814990e-02 5.467325899299749770e-01 1.062524330643072723e+00 7.642131806934931992e-01 6.668094013872332138e-01 -1.076522119741113448e+00 1.437849114870963518e+01
2.741310695833159006e-01 4.658151846631387871e-02 5.608970929104302172e-01 1.155681571926315598e+00 8.592856552454404273e-01 3.897468678136173370e-02 -1.145044061525175128e+00 1.490513870101061400e+01
2.857450419998038837e-01 3.755553624310124100e-02 7.285640488110618485e-01 1.046380180505606106e+00 8.399086380578397737e-01 8.314950541005862172e-01 -1.226601678421406660e+00 1.515891473507561038e+01
3.508458956675548635e-01 6.309347644856877491e-02 6.711629509078794742e-01 9.818602711434754049e-01 7.947473660422363917e-01 7.114315104778741183e-01 -8.134157343826958764e-01 1.454687302984396879e+01
4.857166911859003289e-01 6.735266505801880410e-02 5.274252655662992062e-01 9.008806693052966441e-01 8.497773181890637684e-01 3.202341494645777886e-01 -9.128645004380007144e-01 1.548525234297965802e+01
2.798885926395551227e-01 3.826931029320350397e-02 8.256678359636850928e-01 9.045003320247844147e-01 8.348149164709930403e-01 1.731453223709907840e-01 -1.230780187312167095e+00 1.480111060059690864e+01
2.615170403978317459e-01 4.934783793431787857e-02 7.845158777844725151e-01 1.091924721777681961e+00 8.618038083331517329e-01 5.056238387498903641e-01 -1.020156943441776543e+00 1.482588773986043762e+01
2.912180579515372125e-01 5.562468282531326386e-02 7.345713915057684451e-01 1.053234618014621482e+00 8.316271722258889998e-01 6.032719577578041781e-01 -1.054847638631469353e+00 1.492916786624957126e+01
3.922146932872254688e-01 4.727819947721251942e-02 5.101512493216523447e-01 1.018837242290079992e+00 8.314738349221904024e-01 3.059372990059596176e-01 -7.228189936472496635e-01 1.484393830096526123e+01
3.128680095793630045e-01 6.075120538494137301e-02 5.630447637605072719e-01 1.107763697132319480e+00 8.298209285119404477e-01 4.623406803403379284e-02 -7.469506729740562623e-01 1.455172720415504628e+01
3.282704247891052862e-01 6.904153990291789222e-02 6.222418486548482175e-01 1.087631390396588627e+00 8.071256371433630505e-01 4.912147791969185828e-01 -1.250473997665997317e+00 1.515317692208533984e+01
3.083624698266440589e-01 5.844329140059713323e-02 8.149038912802473167e-01 9.337516208317718780e-01 7.941153231274790114e-01 6.664171044030096080e-01 -1.035584697503654450e+00 1.457054650279781072e+01
3.405220341582312349e-01 3.205840402117254850e-02 7.566777987111490411e-01 8.509060382881149520e-01 8.297593938387922696e-01 7.809694549028889377e-01 -9.980817419257344003e-01 1.472248862061808161e+01
3.173872057114561773e-01 5.006417680568502060e-02 5.887823296218714919e-01 1.061651216346271465e+00 7.577227408393026886e-01 3.512146296697479797e-01 -1.251191241828814249e+00 1.440264119448853108e+01
2.800817809079435561e-01 4.215037259481246856e-02 7.216449205362078789e-01 9.886316817235873966e-01 8.249949322379050987e-01 3.191521489549166701e-01 -1.276564951417312743e+00 1.504948212464315382e+01
4.426923148986332546e-01 6.102706308022610993e-02 6.345136027876323581e-01 8.241166549736362867e-01 8.279452149883886891e-01 3.753718810319282562e-01 -7.700426718993215180e-01 1.495800488019317953e+01
2.531643293343500689e-01 4.632525389646044434e-02 5.275224025850721032e-01 1.196560091974464335e+00 8.414827653123232443e-01 2.119559252716646247e-02 -1.185886837922016213e+00 1.472688345823587852e+01
3.269609445092636069e-01 6.871669094837018488e-02 8.826008798515549980e-01 9.262452157581694268e-01 8.463626674454850507e-01 4.869889019500793781e-01 -1.124971196462737577e+00 1.506439308541032140e+01
2.534454835690677088e-01 4.252665817607879928e-02 6.100518773998365729e-01 1.157899056210757394e+00 7.780480816101020825e-01 4.186540492152711623e-01 -1.051194986137602649e+00 1.416179314745447648e+01
3.037469931148809588e-01 4.778517205605184448e-02 6.320471731544275995e-01 1.032192912063478296e+00 8.322740434072302129e-01 3.276554775288540999e-01 -1.097784913444062038e+00 1.493101426936987686e+01
3.171916935802935322e-01 4.873959321397473843e-02 6.371918638595486239e-01 1.053655438926995203e+00 8.020067391076957097e-01 7.571999769045000273e-01 -9.820592222234698632e-01 1.470736825828974936e+01
3.987437255930850188e-01 5.900905442930921146e-02 6.778034583489789267e-01 8.227097330110850759e-01 8.274958335932887099e-01 1.704214331534723015e-01 -9.767560794260634616e-01 1.464543218202345543e+01
2.491482029719261915e-01 5.783262220176997592e-02 8.713131595179719469e-01 1.035792422448135408e+00 8.020440911270548812e-01 1.590438672106205265e-01 -1.226512629761028261e+00 1.491043251803893455e+01
3.869068028857453045e-01 6.296724685177816638e-02 7.105820404890098585e-01 8.405393227641216880e-01 8.111998819077788081e-01 2.330972761792894365e-01 -9.058284109243746052e-01 1.480831031738181203e+01
2.615170403978317459e-01 4.934783793431787857e-02 7.845158777844725151e-01 1.091924721777681961e+00 8.618038083331517329e-01 5.056238387498903641e-01 -1.020156943441776543e+00 1.482588773986043762e+01
3.185472887676867870e-01 3.575156056135633809e-02 6.966039182283905173e-01 9.414099904593168366e-01 8.251875771575033491e-01 6.912787225561063398e-01 -1.201450789313664114e+00 1.495127600365380793e+01
3.987437255930850188e-01 5.900905442930921146e-02 6.778034583489789267e-01 8.227097330110850759e-01 8.274958335932887099e-01 1.704214331534723015e-01 -9.767560794260634616e-01 1.464543218202345543e+01
3.329012110815592340e-01 6.636718440206716696e-02 8.948411983333386388e-01 8.721280316722157533e-01 8.220290813018529263e-01 3.826675608669987128e-01 -1.199451236283791244e+00 1.486862176911923683e+01
4.137129055816888279e-01 6.983688775636548440e-02 6.134173949158250316e-01 9.048408693841047956e-01 7.915400691567073821e-01 5.388958547212037153e-01 -9.304588687195111119e-01 1.474713244200883899e+01
2.957369561681598702e-01 5.201338360277976691e-02 7.381067300521199082e-01 1.004109275330690165e+00 7.688874893176375069e-01 6.169823864990833240e-01 -1.220063019793497849e+00 1.446775028220085346e+01
2.887423492936105340e-01 6.400497857270674718e-02 7.041918430113615068e-01 1.051181124122713584e+00 7.870831507915643233e-01 3.420206193595603517e-01 -1.096157541295525562e+00 1.472795959326697535e+01
3.608863647049898038e-01 6.829074481723224066e-02 6.234109171114083914e-01 1.083402927825767303e+00 8.533107751054371803e-01 7.461822094139389794e-01 -8.536144338865687686e-01 1.501590423404943131e+01
3.160268136719737164e-01 6.501078621113484668e-02 8.252093716227864029e-01 9.442938704488647028e-01 7.704546657682289634e-01 8.743918167998652180e-01 -1.128276907389551553e+00 1.427628589859037689e+01
3.500377424037539598e-01 5.428345537800616238e-02 5.069646491267939536e-01 1.069151926547515341e+00 8.079071498663626949e-01 4.002006261898052863e-01 -7.009721320810642364e-01 1.448715748064166320e+01
4.137071362244615358e-01 4.458128248580187775e-02 5.671466648398032495e-01 8.675377111158835142e-01 8.168251945213449439e-01 1.845039425869615668e-01 -1.092043018631660090e+00 1.509581639192806257e+01
4.455341081380287394e-01 6.477515457275626054e-02 5.154568977056526169e-01 9.651648584420011723e-01 8.431237922854704081e-01 3.768193704660050547e-01 -7.067535684248396066e-01 1.495869360503904488e+01
3.091945146741372774e-01 4.644633518402746519e-02 6.947752341566856282e-01 9.829121611558970795e-01 8.073090220473704282e-01 5.492285469250834939e-01 -1.035219643111243482e+00 1.465953178348759778e+01
2.854087237717064518e-01 5.966547556891695775e-02 6.966832472015781486e-01 1.103681498510920012e+00 8.478818624767454626e-01 2.449177180134454734e-01 -1.022161014626355779e+00 1.488702188835281426e+01
3.279004410114359502e-01 4.028651183049617585e-02 5.863361894662572071e-01 1.104403323300259476e+00 8.336668304015832920e-01 8.203141697905408369e-01 -1.129599121099164272e+00 1.509920580627329123e+01
3.287626977601972866e-01 3.739469085480273680e-02 5.063376779932595717e-01 1.130148608095957297e+00 7.862684690037445856e-01 8.059522499844828936e-01 -8.850860158789971566e-01 1.447330325975026177e+01
2.565934585093075371e-01 4.165366781191102985e-02 6.836043302996981375e-01 1.088891915507771202e+00 8.613850719997766525e-01 1.384393918284303471e-01 -1.236153870019598200e+00 1.505855056581378904e+01
3.437563549242122485e-01 6.134238562531368205e-02 7.560118927603259875e-01 9.703520046207969596e-01 8.273624507318926291e-01 8.810946570737401284e-01 -1.123787925090863116e+00 1.518081790407245002e+01
2.731256269559541039e-01 6.329823088901739836e-02 7.932809369438081903e-01 1.046229699310543326e+00 8.450683530872482585e-01 7.726797426088782839e-02 -1.103246184069445412e+00 1.487808144427671131e+01
2.782375847651412659e-01 3.417076917627213939e-02 8.849601301599887559e-01 9.216465883887832167e-01 7.875864550883324711e-01 6.653300790762368688e-01 -1.244524152055357824e+00 1.393959079336757867e+01
2.878267583256127748e-01 3.164379794107361615e-02 5.257723016196492738e-01 1.195263185068467848e+00 8.312725837336175649e-01 7.263006435906658176e-01 -1.263993069987547235e+00 1.479218693462684442e+01
4.441505886249882407e-01 6.709062206530949646e-02 5.636201703260962370e-01 9.080122214712883499e-01 7.775762708945495039e-01 8.593506010978196885e-01 -1.068303981880173836e+00 1.478055002235548798e+01
3.362071919655760244e-01 5.723811599768330316e-02 6.221026706367486225e-01 1.081364260596509697e+00 7.418027313084332164e-01 6.861693554968426589e-01 -1.031980919691989573e+00 1.343122111300458776e+01
2.357493894536490942e-01 3.188100148674613554e-02 7.328106552320282630e-01 1.072505120213043339e+00 8.589968182133238539e-01 2.213036547332861703e-01 -1.150972832389456357e+00 1.493028329523901832e+01
4.257285812815860826e-01 6.477243845794800059e-02 5.954741511959912303e-01 9.129580823961842562e-01 7.991754790689500343e-01 8.434443752535818462e-01 -1.286058288616252598e+00 1.509066520104591014e+01
4.693422443035816238e-01 4.711607228769816580e-02 5.230193783251114725e-01 8.655013704435376987e-01 8.725182681141084862e-01 1.210589218017605884e-01 -8.938074111829041879e-01 1.534739536362698864e+01
4.883140554690047486e-01 4.638555425233346907e-02 5.191023051091931961e-01 8.189568313558368562e-01 8.748717665119086773e-01 1.396451109719132333e-02 -1.171435662361381524e+00 1.555150108586812685e+01
4.278503928634278530e-01 5.972258676116780352e-02 6.756325777099099206e-01 8.530507439838499462e-01 8.463671473064922068e-01 5.840281444870636385e-01 -8.050842149305216244e-01 1.498556156974104603e+01
3.824318533137337495e-01 6.698037300008558015e-02 6.020247960316341684e-01 9.813519977467226596e-01 8.352822933025046970e-01 2.056465018683314716e-01 -8.815700804962429693e-01 1.507193933808887998e+01
3.344613288465130285e-01 5.608910979369484406e-02 7.897336568975609206e-01 8.769035902238503377e-01 8.246503265615027223e-01 1.707169796637959536e-01 -7.316908929853890298e-01 1.469058123119213377e+01
2.971514375612067660e-01 4.767482403993900109e-02 8.185201249716138605e-01 9.619327883139248137e-01 8.668327339258967701e-01 3.312570615976918043e-01 -1.023997137491175824e+00 1.501699260906108080e+01
3.478140680575970145e-01 6.704659180660085815e-02 6.026070286795237596e-01 9.892222132409709268e-01 8.047268918565174678e-01 1.292208534132277542e-02 -1.042485925793862789e+00 1.455290890424703321e+01
3.422350860973535358e-01 4.388648653830357071e-02 6.239415845393172511e-01 9.890290621785465808e-01 8.464667445995608386e-01 3.250773570529347789e-01 -1.080840808420567178e+00 1.527963448937013702e+01
3.861773642160472031e-01 5.045388967407211239e-02 7.188111853273860818e-01 8.210319974253005304e-01 7.981123168853836436e-01 7.012038459170018001e-01 -1.198019284481853353e+00 1.472205577268572796e+01
4.544413594446534699e-01 5.979194194752532332e-02 5.088561495689196690e-01 9.538273072525560448e-01 7.737121095295509399e-01 8.624031950178612238e-01 -7.407999525778484751e-01 1.454597678310829956e+01
3.847473057188992573e-01 6.516909662434780537e-02 7.066155129998876738e-01 9.126624726619215755e-01 8.322713336824077990e-01 7.565304516691859771e-01 -8.458067399238052841e-01 1.486130617966941969e+01
3.197802838378598911e-01 5.750719672095419566e-02 6.539799461535884539e-01 1.029290396506917560e+00 8.017427083790109599e-01 3.829182568264888897e-01 -7.977494695985548612e-01 1.458175246699855165e+01
4.578131096228359453e-01 6.642905661322590083e-02 6.587885111832243457e-01 8.703894206195756933e-01 8.561773695348218194e-01 8.065147745444150029e-01 -9.725363706993868096e-01 1.543875159267170893e+01
3.173330607268859405e-01 5.545785375824015262e-02 5.487303838841662840e-01 1.129233174784509464e+00 7.783714255495507439e-01 6.818168404566657959e-01 -8.358853088636359896e-01 1.436524004081782735e+01
3.181835840587712294e-01 5.482623699608800416e-02 8.476567720449330601e-01 9.064786455086180084e-01 8.553243451670706765e-01 3.118103242866249181e-01 -9.470102776291469127e-01 1.497299519359959952e+01
3.002154884631015319e-01 4.919610299198709513e-02 6.504912271407665703e-01 1.037029567890504822e+00 7.589740026872038303e-01 4.639216671828461092e-01 -1.085820860011353917e+00 1.437121046834195859e+01
2.338139141305382307e-01 4.772714144656732549e-02 6.359256566639748254e-01 1.190351967825876711e+00 8.164158837088151266e-01 3.059717607303519826e-01 -1.211233343604507073e+00 1.478704598750043253e+01
3.252358705746847822e-01 4.108213289181435190e-02 5.512459836793868195e-01 1.016755037945597628e+00 8.137594013957435424e-01 5.086532826204781532e-02 -8.574630958468111297e-01 1.451226930771974999e+01
3.527150586015194156e-01 3.768901309464798427e-02 7.881690582836206049e-01 8.784364655949273848e-01 8.701475099392239620e-01 9.437578928920385968e-01 -1.270532270603490721e+00 1.531285806797793292e+01
2.524270722165015135e-01 5.077254509522662052e-02 7.920614087771929990e-01 1.066603779369648342e+00 8.011707634473002049e-01 6.231596538847353761e-01 -8.961040676283122952e-01 1.455857604593871457e+01
3.937201161144855410e-01 6.480743253576654039e-02 5.355161836968234113e-01 1.012525736072555471e+00 8.719967143619096195e-01 3.076089182121266585e-02 -1.275731716265567917e+00 1.536034898025794604e+01
3.595713416528543149e-01 4.602879668920467626e-02 5.508451882371657726e-01 1.008335376252297522e+00 7.818096543216975780e-01 6.923671393921567718e-01 -1.075008504288363032e+00 1.479153956098475575e+01
3.008966599811665477e-01 6.453301357081005218e-02 8.347171958772726663e-01 1.019872411104398413e+00 8.427648994273904126e-01 6.171850041233699624e-01 -1.064176525689543018e+00 1.501616206872970949e+01
3.718893900210623604e-01 5.750226591630169803e-02 6.652005997700938256e-01 9.381183508086859968e-01 7.861713216854449016e-01 8.319785480322975380e-01 -7.929588912418183977e-01 1.446750759720969093e+01
4.635395123315689814e-01 4.656045452621212360e-02 5.512462621164927468e-01 8.785331219623967458e-01 8.256424672868899473e-01 7.215370738311228660e-01 -7.208852402636359846e-01 1.487473628953343763e+01
3.413677112920439072e-01 4.087871337890888745e-02 7.122500026609126511e-01 9.123239135298604197e-01 8.501284821499650590e-01 5.227564058725618912e-01 -1.063971435227240248e+00 1.496518102585650212e+01
3.732435945561322077e-01 5.055435989528898888e-02 6.002491421953961570e-01 9.761920195895715802e-01 7.886411860873235868e-01 9.610448076577675636e-01 -1.218794918555903051e+00 1.478268044615799148e+01
4.817763696197122636e-01 6.753806809740986461e-02 5.732459120997560609e-01 9.163672551167609814e-01 8.418439088547358118e-01 9.631622926818854680e-01 -9.029929120540827192e-01 1.521603526193117872e+01
2.536854748487833433e-01 5.933289358273278330e-02 7.254700134923045551e-01 1.153124518538128029e+00 8.028064807535398861e-01 4.903221200454816464e-01 -1.035914049329421438e+00 1.473594331038224325e+01
4.002982190903263682e-01 3.833142774075733172e-02 6.812963598627441719e-01 8.178377361919347832e-01 9.103858578517365352e-01 2.631654496170647839e-01 -1.143153546616098248e+00 1.550360523823514569e+01
2.187573460204350895e-01 4.792767675542405209e-02 8.698472254175946272e-01 1.113618096723646422e+00 8.065498352912173763e-01 8.519246377820619553e-01 -1.180575729026495546e+00 1.456139859604036246e+01
2.424633139382212921e-01 3.662080976799648308e-02 6.092253706676976632e-01 1.194451179282713937e+00 8.383543167018612241e-01 5.095852729079267673e-01 -1.139910836124782945e+00 1.477641707766906620e+01
3.246967517177810070e-01 4.015281625026531631e-02 8.525370773626507193e-01 8.185562121950498149e-01 8.091320855957611080e-01 6.210145701541179841e-01 -1.146799488461931915e+00 1.466518552992028290e+01
3.268306639097983135e-01 3.242376258078907836e-02 5.928306811956347566e-01 9.976753902058663748e-01 8.161341672664894631e-01 5.118519366745045707e-01 -9.442975909723254624e-01 1.474290786890019334e+01
3.091732957459449871e-01 6.710743494463364267e-02 7.933639721994774074e-01 1.002642707254623788e+00 7.796654543225015610e-01 8.252210668019295259e-01 -9.688643932423743887e-01 1.455900928209730161e+01
3.943607558485543452e-01 4.432618402624016740e-02 5.361857372597460536e-01 1.001556567236375095e+00 8.202399784009449801e-01 8.474464216389112625e-01 -9.841034222799366349e-01 1.478308568462829165e+01
2.944629339956300607e-01 6.432744984167385049e-02 8.820781767757239766e-01 9.618637663368984070e-01 8.244147312328591326e-01 3.588702240890739859e-01 -1.088071493025937420e+00 1.499857944934120191e+01
4.591483532819516933e-01 4.040355999830796963e-02 5.599707551348390711e-01 8.295634684727211106e-01 8.385592661883045640e-01 4.308068633092295707e-01 -8.112342846355991011e-01 1.492694222519772929e+01
2.891695625325984009e-01 5.237621558828271795e-02 8.091248494804443858e-01 1.010177006117717990e+00 8.349358379993242485e-01 8.003245708900665889e-01 -9.157756733159755358e-01 1.468336092189994346e+01
3.573781784991785226e-01 3.467679564102118389e-02 7.316385939703179409e-01 8.667688142783208649e-01 8.449941833189216212e-01 9.284445232224456390e-01 -1.032992756019316394e+00 1.499487069407062556e+01
2.491482029719261915e-01 5.783262220176997592e-02 8.713131595179719469e-01 1.035792422448135408e+00 8.020440911270548812e-01 1.590438672106205265e-01 -1.226512629761028261e+00 1.491043251803893455e+01
2.531643293343500689e-01 4.632525389646044434e-02 5.275224025850721032e-01 1.196560091974464335e+00 8.414827653123232443e-01 2.119559252716646247e-02 -1.185886837922016213e+00 1.472688345823587852e+01
3.225135121720940079e-01 3.145756274166088690e-02 6.237040292079381043e-01 9.396314266979555185e-01 8.269374904404748206e-01 4.267462615489470146e-02 -9.523196751110518665e-01 1.460327137269882591e+01
2.835997527371494353e-01 6.051722520388755355e-02 6.314672355886794541e-01 1.144260173632289490e+00 8.117785121625931133e-01 3.869702273131703230e-01 -1.080728070197646495e+00 1.468585308874006046e+01
3.413677112920439072e-01 4.087871337890888745e-02 7.122500026609126511e-01 9.123239135298604197e-01 8.501284821499650590e-01 5.227564058725618912e-01 -1.063971435227240248e+00 1.496518102585650212e+01
3.010139534661366856e-01 6.312009844378224654e-02 7.946314537529803879e-01 1.003324383548237053e+00 7.476217855474004415e-01 5.522226220560002563e-01 -1.094805451186536827e+00 1.403019815902330514e+01
3.228080853709961451e-01 5.233394148736827262e-02 8.340756143462632055e-01 8.890543911784163367e-01 7.777308732092306220e-01 6.865940654915085872e-01 -1.195516568541480362e+00 1.446568402716658852e+01
4.782342429293279240e-01 5.618488356299600195e-02 5.591980234744441391e-01 8.163972976505021739e-01 8.644186288988581213e-01 1.234003557840253062e-01 -8.420244939119888583e-01 1.521565292316190643e+01
2.909567815912559863e-01 4.017786768509246098e-02 8.976057682582564423e-01 8.534409193894617607e-01 8.105432969124335418e-01 2.337455104639912795e-02 -1.153054967128019248e+00 1.464085274170889228e+01
3.404115163596949101e-01 4.166556368305086855e-02 7.636630317413801716e-01 8.144567223882233087e-01 8.176233335079400311e-01 1.998308843449431160e-01 -1.194347785710272891e+00 1.485044787043590730e+01
4.817763696197122636e-01 6.753806809740986461e-02 5.732459120997560609e-01 9.163672551167609814e-01 8.418439088547358118e-01 9.631622926818854680e-01 -9.029929120540827192e-01 1.521603526193117872e+01
3.530505835904710343e-01 6.800654448040210909e-02 6.544948692448999683e-01 9.921406965475784157e-01 8.074889915832751397e-01 5.782828005498088508e-01 -1.043029668573514313e+00 1.477729881541385915e+01
3.353720494935348850e-01 6.542029895524011096e-02 6.507295466453322241e-01 1.150021664282396383e+00 8.637756134044767276e-01 8.834497133926012546e-01 -9.217960837658966122e-01 1.477204469282120414e+01
2.990279749431034029e-01 3.968112508014891293e-02 7.267378570603398868e-01 9.509286037565980454e-01 8.476906364505916169e-01 2.360254840215864902e-01 -1.169058536893743616e+00 1.498640633423956814e+01
3.041092115073229518e-01 3.706134775609008780e-02 8.645702081542319117e-01 8.831493396978997712e-01 8.519103706785599028e-01 6.962350000285629781e-01 -1.099867919307542685e+00 1.499990942853121645e+01
3.619440179007762382e-01 6.693630919873862217e-02 8.137048128876352981e-01 8.741384832165195462e-01 8.000448528513316448e-01 6.002378582935803397e-01 -9.349688141015175535e-01 1.497640688447298629e+01
4.315500666854534817e-01 5.719080334184710457e-02 5.538329432636507343e-01 9.022901970998530308e-01 8.049921038634163528e-01 3.706734858741770333e-01 -8.634595499969139887e-01 1.487386899401914242e+01
3.022550569330852976e-01 3.653377389143647874e-02 5.151143702769382937e-01 1.080946782621837299e+00 7.976458368243183328e-01 3.051403951765590539e-01 -1.072362535544190809e+00 1.416730017462414182e+01
2.973734676018913170e-01 4.372176148470902080e-02 8.451410067831508499e-01 8.852782241179446565e-01 7.934744835143434649e-01 5.836725676090837034e-03 -1.274212521236397944e+00 1.422070916664186413e+01
3.318325165065897364e-01 5.553630995031762912e-02 6.847345585729421868e-01 1.018933579882054463e+00 8.089453511811952602e-01 8.564561772283219021e-01 -1.045402513564362978e+00 1.484383922079675422e+01
3.181835840587712294e-01 5.482623699608800416e-02 8.476567720449330601e-01 9.064786455086180084e-01 8.553243451670706765e-01 3.118103242866249181e-01 -9.470102776291469127e-01 1.497299519359959952e+01
2.862194269325211149e-01 5.362724280154916590e-02 8.251408122734220640e-01 9.734999011602437635e-01 8.348371629162387730e-01 6.388900619971460415e-02 -1.052880625535639103e+00 1.476320548353276330e+01
3.931243132333516188e-01 5.637558770194968372e-02 5.587792310969191822e-01 1.035667698219486121e+00 7.930176717604737746e-01 9.119511018303907424e-01 -9.945014665520972574e-01 1.485405017854799148e+01
2.854163970199395939e-01 4.650159601273470139e-02 6.036657809689244258e-01 1.067785560054460792e+00 8.052255361422242519e-01 2.028427982602303281e-01 -8.419100009347635361e-01 1.462959275421264138e+01
3.010139534661366856e-01 6.312009844378224654e-02 7.946314537529803879e-01 1.003324383548237053e+00 7.476217855474004415e-01 5.522226220560002563e-01 -1.094805451186536827e+00 1.403019815902330514e+01
3.034812806645111882e-01 5.534528555756400292e-02 6.490231590014670093e-01 1.023646341271629012e+00 8.221147473931723626e-01 4.142305777239257969e-02 -1.082000893270220976e+00 1.482846978560529116e+01
2.534454835690677088e-01 4.252665817607879928e-02 6.100518773998365729e-01 1.157899056210757394e+00 7.780480816101020825e-01 4.186540492152711623e-01 -1.051194986137602649e+00 1.416179314745447648e+01
2.837010925112317672e-01 5.232813421000993837e-02 5.233448456033227281e-01 1.133356815880213420e+00 7.921021949383424410e-01 3.321592277493312650e-02 -1.072160706247844875e+00 1.460013209800072609e+01
4.837792379334112658e-01 5.382593543264310026e-02 5.311455493255564653e-01 8.589068367536411008e-01 7.979585429791643536e-01 6.125793267428291111e-01 -8.916098106286065583e-01 1.494247620187108794e+01
4.294011735924875284e-01 6.515964307367982933e-02 5.678575637023381972e-01 9.429014408497353728e-01 8.270225969418210088e-01 4.805149540294735844e-01 -9.232529939186469026e-01 1.514697526013455331e+01
3.178533650453109205e-01 5.482954304712128746e-02 7.694842833803271498e-01 9.570483170290285946e-01 7.633329303583897829e-01 8.737560793828954564e-01 -1.088128022322470301e+00 1.411753140922925098e+01
4.012381398794589993e-01 6.726976754610716758e-02 6.834295909451992834e-01 8.449390662045216382e-01 8.449289127934422883e-01 1.287625158000205161e-02 -9.930395598214957209e-01 1.537625421332877096e+01
3.247181688361910901e-01 4.297563510451167523e-02 5.234294483008211651e-01 1.159014562902231704e+00 7.343070967803506655e-01 7.829309115870395352e-01 -1.052310375846465584e+00 1.341144521425831293e+01
3.175818457411953011e-01 3.958595728712335088e-02 8.692591591061962220e-01 8.073856540145938343e-01 8.135825645864764866e-01 3.885853685259205159e-02 -1.207736540809626336e+00 1.438093021559619089e+01
3.527150586015194156e-01 3.768901309464798427e-02 7.881690582836206049e-01 8.784364655949273848e-01 8.701475099392239620e-01 9.437578928920385968e-01 -1.270532270603490721e+00 1.531285806797793292e+01
2.260555447569074783e-01 5.803969319119709619e-02 8.657566394883047245e-01 1.125658073674362658e+00 8.067529159754406320e-01 6.388858925763163388e-01 -1.090554775246364905e+00 1.458741950356133366e+01
3.190844079559695956e-01 3.341289907832763195e-02 6.568297281942314658e-01 9.421396771096552936e-01 8.156168190924095729e-01 4.577381085101397962e-01 -1.070459391422462936e+00 1.455865669017047992e+01
3.429717664908542574e-01 6.701588098080325795e-02 8.588234783788757376e-01 8.573918434132195010e-01 8.138290243883323782e-01 3.107708755648757037e-01 -7.269997323164537617e-01 1.461608371797441741e+01
2.642697665791994277e-01 3.836402964076688488e-02 8.082046747859421565e-01 9.567042295348804348e-01 8.121612361548369297e-01 4.264989110701216113e-01 -1.271832308919953469e+00 1.432463466383339146e+01
3.711410872610471090e-01 4.482091795736234396e-02 5.635502956729734336e-01 9.852930675406219585e-01 8.461419974481541040e-01 2.853532741180563881e-01 -8.503336902786676754e-01 1.496936035231149198e+01
3.587506109563826096e-01 3.573763929554130137e-02 7.220026401867841725e-01 9.281064013524004119e-01 8.655675623123915141e-01 8.185891955813145993e-01 -7.039618734838393177e-01 1.485162342624438736e+01
3.388285033721392669e-01 4.717646237753106431e-02 8.422993746799796178e-01 8.396656958544713723e-01 8.310571463606031273e-01 8.130714509528556011e-01 -9.704662180176377717e-01 1.488816131847960555e+01
4.407878429256213426e-01 5.713072761900522822e-02 5.681315760563133699e-01 9.273850758443737963e-01 8.310404992422136816e-01 9.158036956135580109e-01 -1.041303275994202249e+00 1.505828698076987848e+01
4.782342429293279240e-01 5.618488356299600195e-02 5.591980234744441391e-01 8.163972976505021739e-01 8.644186288988581213e-01 1.234003557840253062e-01 -8.420244939119888583e-01 1.521565292316190643e+01
2.899144741795157687e-01 5.113761700641036162e-02 8.189939613712560185e-01 9.432958400997892845e-01 7.872492334309052486e-01 7.989536181124806680e-02 -9.609989159817602378e-01 1.429266895264053261e+01
3.435771988064377780e-01 6.522766834567972349e-02 8.509662281311070053e-01 8.806046302595372799e-01 7.781751577524340657e-01 7.860793474006735337e-01 -1.030287670444682391e+00 1.428398284793195216e+01
2.584330737245568721e-01 5.305041941492654595e-02 8.238260116754088092e-01 1.038056586477693388e+00 8.207823001239006322e-01 3.706820919942982462e-01 -1.298803329734145695e+00 1.492245259213830977e+01
3.500377424037539598e-01 5.428345537800616238e-02 5.069646491267939536e-01 1.069151926547515341e+00 8.079071498663626949e-01 4.002006261898052863e-01 -7.009721320810642364e-01 1.448715748064166320e+01
4.726678944002129512e-01 4.884096487127287389e-02 5.865798807611817267e-01 8.011037852950503302e-01 8.363345152183261355e-01 3.216660191524385315e-01 -7.575684313751278598e-01 1.486497166346879339e+01
4.085280694908647314e-01 3.009358685298118771e-02 6.351052654858122537e-01 8.510759732915478271e-01 8.726749907973840870e-01 6.129216445305976091e-01 -9.144596535961062589e-01 1.507009981604270088e+01
3.830613294222490195e-01 6.713058590311345164e-02 7.984346104099341312e-01 8.651122174416477906e-01 8.462958362960197878e-01 8.651779545988511622e-01 -8.217279523397518215e-01 1.505868520720828307e+01
3.695564914636536580e-01 6.871556179611704174e-02 7.421808196825905313e-01 8.927192093210561952e-01 8.379887065677290581e-01 2.430199997198616013e-01 -9.709849125694107741e-01 1.507705562661221599e+01
3.892604919128687113e-01 6.149983768021512892e-02 8.134178200209021270e-01 8.225869090620764323e-01 8.306407480060575832e-01 9.309264193861770398e-01 -8.523349812215508248e-01 1.476121697223286233e+01
3.153864318145879198e-01 5.414631315578936899e-02 8.348973523437567268e-01 9.265453762791696635e-01 8.364180423601590419e-01 5.007125520656825479e-01 -1.138214012214416870e+00 1.487059110873124368e+01
2.085534634214959993e-01 4.215744885319212820e-02 8.326318769555618449e-01 1.157338743406517212e+00 8.091613256848765312e-01 6.653336634805345762e-01 -1.113235709228507009e+00 1.450528067897383089e+01
3.791326422893189774e-01 3.622633727324824082e-02 5.191252398673394941e-01 9.368721439054406019e-01 8.082948262721073585e-01 1.640511233077934228e-01 -8.537116528137052018e-01 1.469883974169531804e+01
2.357493894536490942e-01 3.188100148674613554e-02 7.328106552320282630e-01 1.072505120213043339e+00 8.589968182133238539e-01 2.213036547332861703e-01 -1.150972832389456357e+00 1.493028329523901832e+01
3.859218262449619630e-01 6.994161080516124451e-02 8.624537127887681454e-01 8.332633409960709114e-01 8.897886283660501050e-01 4.683958711517309803e-01 -1.043123547589776434e+00 1.541851537033476482e+01
3.402069739766686585e-01 3.772608666141145234e-02 5.771212648907602105e-01 1.063729339884921243e+00 8.798778563044138412e-01 2.851815605214407245e-01 -1.085985234709669012e+00 1.508501948322503416e+01
4.717567500278323500e-01 6.874317601872681482e-02 5.940498425303459840e-01 8.773657025935162057e-01 7.866952480100880551e-01 9.150495833236673704e-01 -7.825855745477500180e-01 1.467937027674251027e+01
2.857450419998038837e-01 3.755553624310124100e-02 7.285640488110618485e-01 1.046380180505606106e+00 8.399086380578397737e-01 8.314950541005862172e-01 -1.226601678421406660e+00 1.515891473507561038e+01
3.803972897455875080e-01 3.675455141600695447e-02 5.441544405851929112e-01 9.546305043479823560e-01 8.394840995787555826e-01 2.244886617463727474e-01 -1.058222120290637447e+00 1.510539106110557483e+01
2.187573460204350895e-01 4.792767675542405209e-02 8.698472254175946272e-01 1.113618096723646422e+00 8.065498352912173763e-01 8.519246377820619553e-01 -1.180575729026495546e+00 1.456139859604036246e+01
3.931243132333516188e-01 5.637558770194968372e-02 5.587792310969191822e-01 1.035667698219486121e+00 7.930176717604737746e-01 9.119511018303907424e-01 -9.945014665520972574e-01 1.485405017854799148e+01
4.578131096228359453e-01 6.642905661322590083e-02 6.587885111832243457e-01 8.703894206195756933e-01 8.561773695348218194e-01 8.065147745444150029e-01 -9.725363706993868096e-01 1.543875159267170893e+01
3.892604919128687113e-01 6.149983768021512892e-02 8.134178200209021270e-01 8.225869090620764323e-01 8.306407480060575832e-01 9.309264193861770398e-01 -8.523349812215508248e-01 1.476121697223286233e+01
2.920953014414052196e-01 5.557732472941923074e-02 8.705398973456915934e-01 9.460334687692477651e-01 7.939132659479199994e-01 6.183615613585085047e-01 -1.120195233067051710e+00 1.481413616011538004e+01
4.415170804504050528e-01 3.704706089235030447e-02 5.352790593108797124e-01 9.265939555324380628e-01 8.499194230630313651e-01 6.406963247506914927e-01 -7.167860840593351934e-01 1.499599311766261422e+01
4.071229242214340349e-01 3.353187803565415431e-02 5.075879113123903386e-01 9.522711676016992755e-01 7.993984972701619895e-01 6.287443465336396420e-01 -8.212551075401512968e-01 1.482876158249192322e+01
3.844175682891037837e-01 5.827528297647154021e-02 5.967183406220111230e-01 9.292053491058523962e-01 8.138819000696990713e-01 1.574993816836242067e-01 -8.010913407537947339e-01 1.472241497526971798e+01
2.973734676018913170e-01 4.372176148470902080e-02 8.451410067831508499e-01 8.852782241179446565e-01 7.934744835143434649e-01 5.836725676090837034e-03 -1.274212521236397944e+00 1.422070916664186413e+01
3.422350860973535358e-01 4.388648653830357071e-02 6.239415845393172511e-01 9.890290621785465808e-01 8.464667445995608386e-01 3.250773570529347789e-01 -1.080840808420567178e+00 1.527963448937013702e+01
3.445078715357193788e-01 4.527640415154196574e-02 5.803607291058128226e-01 1.021379326132823895e+00 8.097522208924237130e-01 5.356257271360619354e-01 -1.230006387586621841e+00 1.486968753370768681e+01
3.246126677615419620e-01 6.794260551842309925e-02 7.245350667023625624e-01 9.888636278824679549e-01 7.841016548633561456e-01 5.750396633435237437e-01 -1.087056900433039264e+00 1.455460501682498098e+01
3.031265702928374606e-01 5.932443368219483815e-02 5.788053666582956280e-01 1.075599596790606238e+00 7.701514597094244463e-01 4.765810596062225457e-02 -1.077097077757453780e+00 1.453874005307095096e+01
3.126945992736397395e-01 3.887611079652726620e-02 5.103726379161153126e-01 1.124092594053174743e+00 7.614308935817355461e-01 6.492937560024919508e-01 -9.560796945288646542e-01 1.422953320143977507e+01
3.246967517177810070e-01 4.015281625026531631e-02 8.525370773626507193e-01 8.185562121950498149e-01 8.091320855957611080e-01 6.210145701541179841e-01 -1.146799488461931915e+00 1.466518552992028290e+01
3.954151467105101458e-01 3.012952090553460902e-02 5.401962130392655714e-01 9.008688364772600154e-01 8.348880699577371223e-01 2.709137523804142078e-01 -1.016794141363402959e+00 1.509082620039756151e+01
2.840258572183909647e-01 3.718096691701778395e-02 6.094442308832270783e-01 1.099050996594737484e+00 8.108122145327802954e-01 6.284290753723671408e-01 -9.205541921096918045e-01 1.457570811287997792e+01
3.313361813282653667e-01 5.341771225577762738e-02 7.257601138757847625e-01 9.218838662232330394e-01 8.432169154166099245e-01 7.487333711607119247e-02 -8.104776018833586004e-01 1.475095142383310254e+01
3.134002246260252922e-01 5.841540471299660336e-02 7.077971716195405882e-01 9.714790482265168725e-01 7.816047843440222520e-01 3.226685129219482584e-01 -1.049265863268073140e+00 1.465684651713585396e+01
2.758257162933092088e-01 4.029645389302587838e-02 8.915761576317752235e-01 9.517138628377994625e-01 8.463532432785908499e-01 7.878417301002020867e-01 -1.287391422645972394e+00 1.501568920681335406e+01
2.896960776118999714e-01 4.810011761131505886e-02 8.541308470020119170e-01 9.450407017957087596e-01 8.255385893271129927e-01 7.488740412353992459e-01 -1.022262147864857695e+00 1.470453278575427625e+01
3.429717664908542574e-01 6.701588098080325795e-02 8.588234783788757376e-01 8.573918434132195010e-01 8.138290243883323782e-01 3.107708755648757037e-01 -7.269997323164537617e-01 1.461608371797441741e+01
4.085099247103579634e-01 5.145283226498810480e-02 6.992192970393191764e-01 8.328894318393946783e-01 8.651556332081223877e-01 6.581095619547890907e-01 -1.234755568354240385e+00 1.554649976623246133e+01
3.571639372746212571e-01 3.100132694555603544e-02 6.738937264782194347e-01 8.919407786181612341e-01 8.648747843366035859e-01 5.202687768944987967e-01 -1.154805972379801426e+00 1.531907671810285620e+01
2.395779829950843431e-01 4.972455942575014498e-02 8.712650077041941277e-01 1.076633184718143177e+00 8.366701462326285865e-01 5.553226870494647471e-01 -1.191628480650975153e+00 1.484443514585078461e+01
3.277431966433451138e-01 5.399927478704862061e-02 7.056351993707177250e-01 1.052218592287665455e+00 8.503717371753857224e-01 9.965896726943044293e-01 -7.854525416280349059e-01 1.486212488166722068e+01
3.936721746333466943e-01 3.486556035037126355e-02 6.238631692547783603e-01 8.761650301616522585e-01 8.541143078691958435e-01 5.807618310519022664e-01 -9.526361963875125127e-01 1.492260278573843735e+01
3.148011550904683542e-01 4.885549356332602455e-02 8.481077806253866092e-01 8.625048500954349828e-01 8.336193338295704303e-01 3.905354845962940580e-01 -9.768184146984166816e-01 1.465117775269208167e+01
3.380885687199222112e-01 6.400144133913848732e-02 6.961685700318346326e-01 1.018213543173926761e+00 7.361503070583790276e-01 6.482832504681868002e-01 -1.241361822973606532e+00 1.379692424685462271e+01
3.530505835904710343e-01 6.800654448040210909e-02 6.544948692448999683e-01 9.921406965475784157e-01 8.074889915832751397e-01 5.782828005498088508e-01 -1.043029668573514313e+00 1.477729881541385915e+01
3.731426275911057244e-01 4.075129328307048465e-02 6.824570563815430813e-01 8.813954303060362871e-01 8.103086398617302955e-01 8.494009500109758193e-01 -8.426528724689010819e-01 1.462644519544874022e+01
3.279004410114359502e-01 4.028651183049617585e-02 5.863361894662572071e-01 1.104403323300259476e+00 8.336668304015832920e-01 8.203141697905408369e-01 -1.129599121099164272e+00 1.509920580627329123e+01
2.600038968420422814e-01 5.534888694320075353e-02 8.159922701513850907e-01 1.090337996235859030e+00 8.555644237191974977e-01 7.480126502107898867e-01 -1.098524712867172459e+00 1.476370323174893784e+01
3.461262385359371585e-01 3.650314864370670515e-02 6.738687976253191492e-01 9.651650076845930126e-01 8.654223996468791702e-01 6.979533195470962736e-01 -8.637835816757224450e-01 1.491554749573212924e+01
2.025677884621628067e-01 4.154601530641238716e-02 8.557941791081176142e-01 1.128836707199779577e+00 8.221051175550743162e-01 5.669908848753564268e-01 -1.255084161519078867e+00 1.474607186710706586e+01
3.962868377976698220e-01 6.885538867319514200e-02 5.095308611100715090e-01 1.031852254191125029e+00 8.207560195282463944e-01 4.279216885799922432e-01 -1.272709410033009636e+00 1.523075862669381308e+01
2.524270722165015135e-01 5.077254509522662052e-02 7.920614087771929990e-01 1.066603779369648342e+00 8.011707634473002049e-01 6.231596538847353761e-01 -8.961040676283122952e-01 1.455857604593871457e+01
2.906553370363839095e-01 3.121283689382391840e-02 5.904033670899041519e-01 1.055908502228404267e+00 8.421951507910340196e-01 3.080021968942303068e-01 -1.165557080227888731e+00 1.474372256487690969e+01
3.471548368278111196e-01 6.100334469715240626e-02 8.992585989356560727e-01 8.188272684681203728e-01 7.840982967330487607e-01 9.471102138432387907e-01 -1.223746616363558637e+00 1.444859319127335340e+01
3.043671674032622509e-01 6.423634130810282339e-02 6.698158304053648537e-01 1.083816462836986405e+00 8.535957191492045126e-01 1.707175284830614315e-01 -1.021559705341078761e+00 1.497769338905054504e+01
3.470940077562827963e-01 5.481815722819877862e-02 5.586104219074998767e-01 1.068207510680533101e+00 7.496640296216787736e-01 6.572610761171924221e-01 -1.064415716992915373e+00 1.430544285520303305e+01
3.277431966433451138e-01 5.399927478704862061e-02 7.056351993707177250e-01 1.052218592287665455e+00 8.503717371753857224e-01 9.965896726943044293e-01 -7.854525416280349059e-01 1.486212488166722068e+01
2.493923395073781024e-01 3.912370248141684714e-02 8.450994119464547705e-01 1.048408641262901009e+00 8.449882463715975289e-01 8.719159312110156268e-01 -1.257461003267191124e+00 1.490230239035707704e+01
3.791326422893189774e-01 3.622633727324824082e-02 5.191252398673394941e-01 9.368721439054406019e-01 8.082948262721073585e-01 1.640511233077934228e-01 -8.537116528137052018e-01 1.469883974169531804e+01
2.653520026657595343e-01 5.281102642835857480e-02 6.345721935791472923e-01 1.090066031402431745e+00 7.799119843767778892e-01 2.206508574643353260e-01 -1.043969230994828967e+00 1.464881508773990326e+01
3.837490196451622815e-01 5.258241727175257813e-02 5.391955245514377104e-01 1.005835199579761641e+00 7.739619019135730582e-01 7.319083246881941118e-01 -8.737469530767522086e-01 1.459565905268368979e+01
2.971514375612067660e-01 4.767482403993900109e-02 8.185201249716138605e-01 9.619327883139248137e-01 8.668327339258967701e-01 3.312570615976918043e-01 -1.023997137491175824e+00 1.501699260906108080e+01
3.539797734379606098e-01 6.800655642585280714e-02 5.592221608295595559e-01 1.094644702366349698e+00 7.638752223634824867e-01 8.530045489067804576e-01 -9.040243835902146419e-01 1.448245190219888912e+01
3.961105901242167882e-01 5.496509713160086658e-02 6.531045219066732299e-01 8.903286637023974937e-01 8.202035046350123482e-01 7.463879383064115913e-01 -9.916263828065949859e-01 1.486262891554507526e+01
2.767144501229151787e-01 5.138645737515053213e-02 5.051884735885171507e-01 1.168947032835444766e+00 7.759768282177161858e-01 1.219583249698537597e-01 -8.311332250685172784e-01 1.423536131744760347e+01
3.043671674032622509e-01 6.423634130810282339e-02 6.698158304053648537e-01 1.083816462836986405e+00 8.535957191492045126e-01 1.707175284830614315e-01 -1.021559705341078761e+00 1.497769338905054504e+01
3.008966599811665477e-01 6.453301357081005218e-02 8.347171958772726663e-01 1.019872411104398413e+00 8.427648994273904126e-01 6.171850041233699624e-01 -1.064176525689543018e+00 1.501616206872970949e+01
1.938009577805999417e-01 3.479234502603652246e-02 8.719475671289866892e-01 1.131780364966989971e+00 8.529740188738874629e-01 4.174773737680491092e-01 -1.247365398575547735e+00 1.457878013385901994e+01
3.190844079559695956e-01 3.341289907832763195e-02 6.568297281942314658e-01 9.421396771096552936e-01 8.156168190924095729e-01 4.577381085101397962e-01 -1.070459391422462936e+00 1.455865669017047992e+01
3.892604919128687113e-01 6.149983768021512892e-02 8.134178200209021270e-01 8.225869090620764323e-01 8.306407480060575832e-01 9.309264193861770398e-01 -8.523349812215508248e-01 1.476121697223286233e+01
3.449384848223463473e-01 5.603947928154759395e-02 7.104183681060877165e-01 9.557424732053160232e-01 7.826409169093644369e-01 9.459642655008857481e-01 -9.788155455041991360e-01 1.464390115659482383e+01
3.461262385359371585e-01 3.650314864370670515e-02 6.738687976253191492e-01 9.651650076845930126e-01 8.654223996468791702e-01 6.979533195470962736e-01 -8.637835816757224450e-01 1.491554749573212924e+01
4.883140554690047486e-01 4.638555425233346907e-02 5.191023051091931961e-01 8.189568313558368562e-01 8.748717665119086773e-01 1.396451109719132333e-02 -1.171435662361381524e+00 1.555150108586812685e+01
2.804926819953648676e-01 5.135246285493089841e-02 7.536237746967930917e-01 1.021848011896086206e+00 8.564604240629001275e-01 2.377615190199978690e-01 -9.736725631478972964e-01 1.488399861356919729e+01
3.836444543011594543e-01 5.129200140124362539e-02 6.791007299147930887e-01 8.937134764525352937e-01 8.326217834176778965e-01 6.259274056578920664e-01 -7.422706776673803075e-01 1.479528993088711708e+01
2.536854748487833433e-01 5.933289358273278330e-02 7.254700134923045551e-01 1.153124518538128029e+00 8.028064807535398861e-01 4.903221200454816464e-01 -1.035914049329421438e+00 1.473594331038224325e+01
3.332848415977593959e-01 6.777798780084817731e-02 8.120141450053222076e-01 8.782289191968666309e-01 8.060466372893714260e-01 8.600215698760649286e-02 -1.083359743828113286e+00 1.476365560834813628e+01
4.239240818237196562e-01 6.424915293087096746e-02 5.777252265632962791e-01 9.766543154101824387e-01 7.862983793416902234e-01 9.629534958182657256e-01 -1.070845935296387719e+00 1.480282322678340456e+01
4.071229242214340349e-01 3.353187803565415431e-02 5.075879113123903386e-01 9.522711676016992755e-01 7.993984972701619895e-01 6.287443465336396420e-01 -8.212551075401512968e-01 1.482876158249192322e+01
2.615170403978317459e-01 4.934783793431787857e-02 7.845158777844725151e-01 1.091924721777681961e+00 8.618038083331517329e-01 5.056238387498903641e-01 -1.020156943441776543e+00 1.482588773986043762e+01
2.654786896686623932e-01 3.585670820951547544e-02 8.398096538887639406e-01 9.401582726066355367e-01 8.588585330261973017e-01 1.324127791171458846e-02 -1.282091914121726184e+00 1.495357486896969057e+01
3.010139534661366856e-01 6.312009844378224654e-02 7.946314537529803879e-01 1.003324383548237053e+00 7.476217855474004415e-01 5.522226220560002563e-01 -1.094805451186536827e+00 1.403019815902330514e+01
3.239954065514512038e-01 3.083414490687796938e-02 8.681020805856318745e-01 8.065476773885750239e-01 8.967112857819552474e-01 3.873867535702484322e-01 -1.105737504942133631e+00 1.523087085590436018e+01
3.228080853709961451e-01 5.233394148736827262e-02 8.340756143462632055e-01 8.890543911784163367e-01 7.777308732092306220e-01 6.865940654915085872e-01 -1.195516568541480362e+00 1.446568402716658852e+01
4.309386463733294592e-01 4.506233433933100330e-02 5.284232574511432690e-01 9.172873059981035970e-01 8.343317409729376077e-01 2.886408858205038452e-01 -7.155415072824683476e-01 1.480705198796004574e+01
3.169361168654146743e-01 6.357781666402954890e-02 6.377544122678644456e-01 1.074875978820571953e+00 8.398342322891505507e-01 1.645992686407328764e-01 -8.555773993991688808e-01 1.489545026828485774e+01
3.527150586015194156e-01 3.768901309464798427e-02 7.881690582836206049e-01 8.784364655949273848e-01 8.701475099392239620e-01 9.437578928920385968e-01 -1.270532270603490721e+00 1.531285806797793292e+01
3.015563747243028558e-01 3.299910397926868189e-02 6.989978864552538473e-01 9.639416757270187208e-01 8.016440403190004949e-01 7.120904222271620121e-01 -1.063226989929445754e+00 1.461359634264016449e+01
2.887423492936105340e-01 6.400497857270674718e-02 7.041918430113615068e-01 1.051181124122713584e+00 7.870831507915643233e-01 3.420206193595603517e-01 -1.096157541295525562e+00 1.472795959326697535e+01
3.250760451698641029e-01 4.030145971750873080e-02 8.449116724013780999e-01 8.063518898376312860e-01 8.230188687272698145e-01 2.506990535418620047e-01 -9.881601292798418701e-01 1.488663716660915703e+01
3.937201161144855410e-01 6.480743253576654039e-02 5.355161836968234113e-01 1.012525736072555471e+00 8.719967143619096195e-01 3.076089182121266585e-02 -1.275731716265567917e+00 1.536034898025794604e+01
4.325778563584655734e-01 3.165497474594927696e-02 5.966893765144892781e-01 8.025672905649796629e-01 8.120899061830177956e-01 6.785057259303153288e-01 -9.524831554504782360e-01 1.500391038595522630e+01
3.991023281353796026e-01 6.092352898557244767e-02 6.540999244727753181e-01 8.588951347364893740e-01 8.482670167978082487e-01 7.181655726598801248e-02 -1.220477495856260086e+00 1.513210785444412920e+01
3.529839207991652961e-01 6.600529601609075869e-02 6.276410307847797299e-01 1.119301758663497015e+00 8.301432847479719435e-01 9.839331031579822140e-01 -7.991574866714514780e-01 1.486947764882450507e+01
3.508458956675548635e-01 6.309347644856877491e-02 6.711629509078794742e-01 9.818602711434754049e-01 7.947473660422363917e-01 7.114315104778741183e-01 -8.134157343826958764e-01 1.454687302984396879e+01
3.287721848478057929e-01 5.945903624824688816e-02 7.018329241225638171e-01 9.907282854133377947e-01 7.487695372957650086e-01 7.458567585540453182e-01 -1.195369438400117224e+00 1.436587928020588656e+01
2.588380777010985678e-01 6.080920267956172603e-02 8.544822935976901235e-01 1.090838171191004680e+00 8.182035229232196283e-01 6.717172973778140488e-01 -1.035257297175578906e+00 1.461673020127189382e+01
2.899144741795157687e-01 5.113761700641036162e-02 8.189939613712560185e-01 9.432958400997892845e-01 7.872492334309052486e-01 7.989536181124806680e-02 -9.609989159817602378e-01 1.429266895264053261e+01
3.595713416528543149e-01 4.602879668920467626e-02 5.508451882371657726e-01 1.008335376252297522e+00 7.818096543216975780e-01 6.923671393921567718e-01 -1.075008504288363032e+00 1.479153956098475575e+01
3.926584356184172897e-01 3.276088679029925954e-02 5.025035933944805855e-01 9.391150247385843253e-01 8.570169877319718799e-01 1.836420521382370330e-02 -9.274015782493871818e-01 1.523378345354933749e+01
3.002154884631015319e-01 4.919610299198709513e-02 6.504912271407665703e-01 1.037029567890504822e+00 7.589740026872038303e-01 4.639216671828461092e-01 -1.085820860011353917e+00 1.437121046834195859e+01
3.530505835904710343e-01 6.800654448040210909e-02 6.544948692448999683e-01 9.921406965475784157e-01 8.074889915832751397e-01 5.782828005498088508e-01 -1.043029668573514313e+00 1.477729881541385915e+01
3.269609445092636069e-01 6.871669094837018488e-02 8.826008798515549980e-01 9.262452157581694268e-01 8.463626674454850507e-01 4.869889019500793781e-01 -1.124971196462737577e+00 1.506439308541032140e+01
3.225135121720940079e-01 3.145756274166088690e-02 6.237040292079381043e-01 9.396314266979555185e-01 8.269374904404748206e-01 4.267462615489470146e-02 -9.523196751110518665e-01 1.460327137269882591e+01
3.031955425441899554e-01 3.150169402950647041e-02 6.999062587795183976e-01 9.967244246729689561e-01 8.552300056106078019e-01 7.918171655092121064e-01 -1.187081614933511053e+00 1.506346211818441994e+01
2.524270722165015135e-01 5.077254509522662052e-02 7.920614087771929990e-01 1.066603779369648342e+00 8.011707634473002049e-01 6.231596538847353761e-01 -8.961040676283122952e-01 1.455857604593871457e+01
3.064927248003550542e-01 3.073064690078175509e-02 6.452544927236306682e-01 9.616994624771838529e-01 8.129923551022838479e-01 1.453990562420048871e-02 -1.194594177450511996e+00 1.453601209909859904e+01
2.950662623814506169e-01 6.906966900533498266e-02 6.722380985022774480e-01 1.187911782938108507e+00 8.147817987338167312e-01 8.068692898785512213e-01 -1.181177493139962786e+00 1.483134558814338533e+01
2.731256269559541039e-01 6.329823088901739836e-02 7.932809369438081903e-01 1.046229699310543326e+00 8.450683530872482585e-01 7.726797426088782839e-02 -1.103246184069445412e+00 1.487808144427671131e+01
4.085099247103579634e-01 5.145283226498810480e-02 6.992192970393191764e-01 8.328894318393946783e-01 8.651556332081223877e-01 6.581095619547890907e-01 -1.234755568354240385e+00 1.554649976623246133e+01
3.336138465925447827e-01 6.218066916129552646e-02 6.319782594726570668e-01 1.103444478864484157e+00 7.182697208470092409e-01 9.451022466796956678e-01 -1.162195573125849979e+00 1.341105954754877949e+01
3.315509644202122019e-01 5.005597703558051920e-02 5.872825585910751434e-01 1.157097935900106123e+00 7.369934495066625679e-01 8.482025612583723451e-01 -1.068339464165383390e+00 1.287185374202730515e+01
3.505531544975446501e-01 5.326726312422765813e-02 5.178051145619368967e-01 1.105841890829052154e+00 7.279484489573020412e-01 5.051953322237132671e-01 -9.588327508594591819e-01 1.369409401416601746e+01
2.025677884621628067e-01 4.154601530641238716e-02 8.557941791081176142e-01 1.128836707199779577e+00 8.221051175550743162e-01 5.669908848753564268e-01 -1.255084161519078867e+00 1.474607186710706586e+01
4.617481945213054439e-01 6.990290987866268346e-02 6.246378570273042330e-01 8.557945894550683663e-01 8.422966832354435995e-01 6.567565868179905397e-01 -7.606234262006728031e-01 1.522079113012871332e+01
3.485891442917601890e-01 6.783379258519914301e-02 7.146070123925281070e-01 9.931272079954691634e-01 7.287078077806993237e-01 9.954715539971277227e-01 -1.084930086161205232e+00 1.423399198805012844e+01
2.814513421357690559e-01 4.343467945375324019e-02 8.657362982855201228e-01 9.167733482549355051e-01 8.450133436442481827e-01 1.368521034902782652e-01 -9.965073098313819155e-01 1.470307658475952550e+01
2.565934585093075371e-01 4.165366781191102985e-02 6.836043302996981375e-01 1.088891915507771202e+00 8.613850719997766525e-01 1.384393918284303471e-01 -1.236153870019598200e+00 1.505855056581378904e+01
4.883140554690047486e-01 4.638555425233346907e-02 5.191023051091931961e-01 8.189568313558368562e-01 8.748717665119086773e-01 1.396451109719132333e-02 -1.171435662361381524e+00 1.555150108586812685e+01
3.289563003863352764e-01 3.730765540611823139e-02 6.996179644803522946e-01 9.432294534043933476e-01 7.856338749793282394e-01 9.409001691350862284e-01 -1.131269568127933223e+00 1.438715940337784716e+01
2.485757060982353162e-01 5.264732368065069834e-02 6.110971878750879327e-01 1.184592965946543064e+00 8.195809435437744206e-01 2.581053403025005410e-01 -1.039560178101222032e+00 1.474679583089479351e+01
4.371469115483415102e-01 5.139572529278181590e-02 5.497176817853940411e-01 8.717181508574602944e-01 8.076204633377576103e-01 2.925249810314424215e-01 -1.119534881891655509e+00 1.476577472626091136e+01
3.538977678154330286e-01 5.546550752054402178e-02 7.433208035170881800e-01 8.830833716594781446e-01 8.225498821194912047e-01 3.333077078448594133e-01 -9.700347477536279683e-01 1.471080794643000189e+01
3.761916092693197156e-01 6.583939935752386452e-02 7.454294471390795485e-01 8.353529023745261961e-01 8.017818831273646474e-01 2.790053250615874836e-01 -1.177881746007120034e+00 1.461006508208175525e+01
3.279004410114359502e-01 4.028651183049617585e-02 5.863361894662572071e-01 1.104403323300259476e+00 8.336668304015832920e-01 8.203141697905408369e-01 -1.129599121099164272e+00 1.509920580627329123e+01
2.436911086106645641e-01 4.845608372088298227e-02 7.320771874818297054e-01 1.132618586758148860e+00 8.501494145890473586e-01 2.072120241110906869e-01 -1.099098888148511755e+00 1.488508595269583346e+01
3.529839207991652961e-01 6.600529601609075869e-02 6.276410307847797299e-01 1.119301758663497015e+00 8.301432847479719435e-01 9.839331031579822140e-01 -7.991574866714514780e-01 1.486947764882450507e+01
3.603422185028882785e-01 5.289092231092182295e-02 5.778800460606356992e-01 9.977412202404281061e-01 7.926604792317888393e-01 5.832728692260192860e-01 -7.805925175478212186e-01 1.464057725882667604e+01
3.898529138544287731e-01 4.548599630064158877e-02 5.379485790740053952e-01 1.052317271074903360e+00 8.250230819744239774e-01 9.479124151352256167e-01 -1.279040208609595108e+00 1.520177923422867039e+01
3.346540716933257831e-01 5.108604990145432234e-02 7.405522172255281088e-01 9.407594288239222724e-01 8.173793505615786215e-01 7.989680848475360087e-01 -1.292122718236934809e+00 1.488430561473121827e+01
3.031955425441899554e-01 3.150169402950647041e-02 6.999062587795183976e-01 9.967244246729689561e-01 8.552300056106078019e-01 7.918171655092121064e-01 -1.187081614933511053e+00 1.506346211818441994e+01
3.155610364507157595e-01 6.235319843745102536e-02 7.718651228497985795e-01 9.636226832682268650e-01 8.288619523080382745e-01 3.640155771101010185e-01 -9.463223109821445878e-01 1.478657790002299777e+01
4.527930465232733459e-01 6.072264431013785213e-02 6.229290048326501239e-01 8.477968406886883246e-01 8.567669229627420391e-01 8.070150550658956590e-01 -1.027163646795894669e+00 1.529364376324986985e+01
4.184447012834369151e-01 6.713650875441648513e-02 5.019043730463654818e-01 1.017616801171938423e+00 7.926616117100172554e-01 5.155397059883306543e-01 -7.789488455941048217e-01 1.485649188716780600e+01
3.197802838378598911e-01 5.750719672095419566e-02 6.539799461535884539e-01 1.029290396506917560e+00 8.017427083790109599e-01 3.829182568264888897e-01 -7.977494695985548612e-01 1.458175246699855165e+01
2.506354204307795763e-01 4.812656236724958958e-02 8.725227735987980404e-01 1.003366245843748672e+00 8.413499502375334504e-01 1.096853160058749999e-01 -1.121553531805341120e+00 1.486706909693074152e+01
3.105996511075810873e-01 5.194414625316118306e-02 8.043804184424845349e-01 8.866000450002150535e-01 8.009082183664082422e-01 6.772902169192274169e-02 -1.229678562680700082e+00 1.483596767238699066e+01
3.246126677615419620e-01 6.794260551842309925e-02 7.245350667023625624e-01 9.888636278824679549e-01 7.841016548633561456e-01 5.750396633435237437e-01 -1.087056900433039264e+00 1.455460501682498098e+01
4.883140554690047486e-01 4.638555425233346907e-02 5.191023051091931961e-01 8.189568313558368562e-01 8.748717665119086773e-01 1.396451109719132333e-02 -1.171435662361381524e+00 1.555150108586812685e+01
2.891695625325984009e-01 5.237621558828271795e-02 8.091248494804443858e-01 1.010177006117717990e+00 8.349358379993242485e-01 8.003245708900665889e-01 -9.157756733159755358e-01 1.468336092189994346e+01
2.780459784334528006e-01 3.500258630873147314e-02 7.816557170694500289e-01 9.620186996823366643e-01 8.170368139400301377e-01 6.306805294934778594e-01 -1.237425904164378254e+00 1.487750480875551773e+01
3.987437255930850188e-01 5.900905442930921146e-02 6.778034583489789267e-01 8.227097330110850759e-01 8.274958335932887099e-01 1.704214331534723015e-01 -9.767560794260634616e-01 1.464543218202345543e+01
2.593971773507729450e-01 3.537057522479533644e-02 7.040755071625910411e-01 1.051855979925216733e+00 8.556996488212548213e-01 3.067437223401401347e-01 -1.036275099770755714e+00 1.471445702130923827e+01
3.094780089518690547e-01 5.871240640069838590e-02 7.753081042118702415e-01 9.802060961121489280e-01 8.244588907415675294e-01 5.339593165548573994e-01 -1.059243341152198203e+00 1.477996656926887376e+01
4.619706221966856097e-01 3.646876521437906332e-02 5.132744257798415033e-01 8.827762394613153374e-01 8.387952252598174230e-01 3.853163272533733918e-01 -7.938114454589642044e-01 1.494591527455874669e+01
3.344613288465130285e-01 5.608910979369484406e-02 7.897336568975609206e-01 8.769035902238503377e-01 8.246503265615027223e-01 1.707169796637959536e-01 -7.316908929853890298e-01 1.469058123119213377e+01
4.464855857439801179e-01 4.836585457531185350e-02 5.970165446705921752e-01 8.774499016455121758e-01 8.637163773708452785e-01 6.234408639494317672e-01 -8.196031730271012838e-01 1.522117956919165138e+01
2.654786896686623932e-01 3.585670820951547544e-02 8.398096538887639406e-01 9.401582726066355367e-01 8.588585330261973017e-01 1.324127791171458846e-02 -1.282091914121726184e+00 1.495357486896969057e+01
3.111587708179256451e-01 3.146726604417224987e-02 8.235175631959454901e-01 8.101296393747545732e-01 8.514083490834805090e-01 6.118179313209459735e-03 -1.214375803594547776e+00 1.516642521969700574e+01
2.906553370363839095e-01 3.121283689382391840e-02 5.904033670899041519e-01 1.055908502228404267e+00 8.421951507910340196e-01 3.080021968942303068e-01 -1.165557080227888731e+00 1.474372256487690969e+01
4.817763696197122636e-01 6.753806809740986461e-02 5.732459120997560609e-01 9.163672551167609814e-01 8.418439088547358118e-01 9.631622926818854680e-01 -9.029929120540827192e-01 1.521603526193117872e+01
4.274437363050183070e-01 6.428966287619675146e-02 6.304539330318028600e-01 8.578918393864457537e-01 7.941848537864117930e-01 7.582435795673381218e-01 -1.164745430751855215e+00 1.488532156427425690e+01
3.128680095793630045e-01 6.075120538494137301e-02 5.630447637605072719e-01 1.107763697132319480e+00 8.298209285119404477e-01 4.623406803403379284e-02 -7.469506729740562623e-01 1.455172720415504628e+01
2.920953014414052196e-01 5.557732472941923074e-02 8.705398973456915934e-01 9.460334687692477651e-01 7.939132659479199994e-01 6.183615613585085047e-01 -1.120195233067051710e+00 1.481413616011538004e+01
3.105996511075810873e-01 5.194414625316118306e-02 8.043804184424845349e-01 8.866000450002150535e-01 8.009082183664082422e-01 6.772902169192274169e-02 -1.229678562680700082e+00 1.483596767238699066e+01
3.471548368278111196e-01 6.100334469715240626e-02 8.992585989356560727e-01 8.188272684681203728e-01 7.840982967330487607e-01 9.471102138432387907e-01 -1.223746616363558637e+00 1.444859319127335340e+01
3.034641119972918966e-01 4.706964486785346347e-02 7.759333048731109628e-01 9.736756270090001220e-01 7.820441721770560184e-01 9.798992167758526772e-01 -1.271260019418414045e+00 1.458713942951642117e+01
3.508458956675548635e-01 6.309347644856877491e-02 6.711629509078794742e-01 9.818602711434754049e-01 7.947473660422363917e-01 7.114315104778741183e-01 -8.134157343826958764e-01 1.454687302984396879e+01
3.114387065249034636e-01 3.688407473102147532e-02 5.753986806753544903e-01 1.132459997843080712e+00 8.117861862670130435e-01 9.018066294177369269e-01 -1.018167487705144980e+00 1.468720686057171854e+01
3.002154884631015319e-01 4.919610299198709513e-02 6.504912271407665703e-01 1.037029567890504822e+00 7.589740026872038303e-01 4.639216671828461092e-01 -1.085820860011353917e+00 1.437121046834195859e+01
3.848430195504956020e-01 5.753147703192248996e-02 5.710153927016344833e-01 1.054934264059373739e+00 8.037056645676331490e-01 9.386200613645923063e-01 -9.571766070102354362e-01 1.498645114347016083e+01
3.698888000682845068e-01 6.604566508242573630e-02 5.981911068486336358e-01 1.001547590989281256e+00 7.606183926535331485e-01 8.043846887474048746e-01 -1.000151283506668154e+00 1.418477704273115236e+01
3.247181688361910901e-01 4.297563510451167523e-02 5.234294483008211651e-01 1.159014562902231704e+00 7.343070967803506655e-01 7.829309115870395352e-01 -1.052310375846465584e+00 1.341144521425831293e+01
3.173330607268859405e-01 5.545785375824015262e-02 5.487303838841662840e-01 1.129233174784509464e+00 7.783714255495507439e-01 6.818168404566657959e-01 -8.358853088636359896e-01 1.436524004081782735e+01
3.604512629260249179e-01 6.298327223729839608e-02 7.778849644583810674e-01 8.454357892274454445e-01 8.267729642837901016e-01 2.410395499549957132e-01 -1.172911009936872695e+00 1.532481562838192346e+01
3.287626977601972866e-01 3.739469085480273680e-02 5.063376779932595717e-01 1.130148608095957297e+00 7.862684690037445856e-01 8.059522499844828936e-01 -8.850860158789971566e-01 1.447330325975026177e+01
3.112880923213832696e-01 3.796326279322906339e-02 6.876596282623972378e-01 1.005446144307863721e+00 8.040096504267453259e-01 8.960492096272659746e-01 -9.573392054359020076e-01 1.448418759204793638e+01
4.609767435019420656e-01 6.415436903954896408e-02 6.826421661427256593e-01 8.002945857172627520e-01 8.379021684612710796e-01 7.977145387780650854e-01 -1.074808488392661632e+00 1.527634910513705968e+01
4.146639880393504507e-01 5.505861615012459798e-02 5.776842838690019466e-01 9.046844792097540333e-01 8.128173862632850355e-01 4.531851143268169069e-01 -1.124376718544168208e+00 1.498979847606136673e+01
3.063921684062811401e-01 4.259177928958580994e-02 6.856398260288063540e-01 9.756096695831555365e-01 8.304279669157259569e-01 3.047336048399918451e-01 -8.028246366481579521e-01 1.456294982130212645e+01
3.842418580589993526e-01 6.557423629114152164e-02 8.026861278401306032e-01 8.258288089349076211e-01 8.536405813433582956e-01 6.001928801942982838e-01 -1.030894929406401594e+00 1.515269191852886799e+01
3.485891442917601890e-01 6.783379258519914301e-02 7.146070123925281070e-01 9.931272079954691634e-01 7.287078077806993237e-01 9.954715539971277227e-01 -1.084930086161205232e+00 1.423399198805012844e+01
2.531643293343500689e-01 4.632525389646044434e-02 5.275224025850721032e-01 1.196560091974464335e+00 8.414827653123232443e-01 2.119559252716646247e-02 -1.185886837922016213e+00 1.472688345823587852e+01
3.961105901242167882e-01 5.496509713160086658e-02 6.531045219066732299e-01 8.903286637023974937e-01 8.202035046350123482e-01 7.463879383064115913e-01 -9.916263828065949859e-01 1.486262891554507526e+01
2.760583751029054289e-01 5.799332097708925077e-02 6.672532614913537774e-01 1.069267794822650774e+00 7.994312517230708348e-01 7.884721414747419832e-02 -8.210753231016333364e-01 1.461167531337267889e+01
3.858622766742906274e-01 6.908145448486699425e-02 7.738589159581149568e-01 8.664711126803154029e-01 8.292378393099933964e-01 6.714640323795876276e-01 -1.114985215529691320e+00 1.527984555783222831e+01
4.726678944002129512e-01 4.884096487127287389e-02 5.865798807611817267e-01 8.011037852950503302e-01 8.363345152183261355e-01 3.216660191524385315e-01 -7.575684313751278598e-01 1.486497166346879339e+01
2.997629752855625052e-01 4.019511669126305670e-02 6.446904526217795972e-01 9.957902276097612138e-01 8.215148130992351305e-01 2.934192965402999120e-01 -1.219126247805251362e+00 1.482273575002772681e+01
3.093021125861534770e-01 4.722165680879332472e-02 5.717577710006568337e-01 1.058100801556752124e+00 8.401803016737892094e-01 5.108798813567017039e-02 -7.951391299809974500e-01 1.465298833511273990e+01
3.902966596715132797e-01 3.047824815250329764e-02 5.091963561027014196e-01 9.379581222338997382e-01 8.317827924262938266e-01 2.677529978667291255e-01 -1.026329847376472371e+00 1.495140014144731566e+01
3.397014601544395829e-01 6.015888933236232528e-02 8.642085773952454808e-01 8.816647272712013761e-01 8.743550155720516415e-01 3.630847171106880711e-01 -1.049230493268427988e+00 1.508787111641280632e+01
3.250760451698641029e-01 4.030145971750873080e-02 8.449116724013780999e-01 8.063518898376312860e-01 8.230188687272698145e-01 2.506990535418620047e-01 -9.881601292798418701e-01 1.488663716660915703e+01
2.782375847651412659e-01 3.417076917627213939e-02 8.849601301599887559e-01 9.216465883887832167e-01 7.875864550883324711e-01 6.653300790762368688e-01 -1.244524152055357824e+00 1.393959079336757867e+01
3.496987773301694080e-01 4.618990071484765925e-02 6.630612955165244848e-01 9.930086131393408566e-01 8.603525247064434112e-01 8.503974010885818613e-01 -7.381343756800820000e-01 1.473605809205744421e+01
3.480862304718683742e-01 5.801408983957184740e-02 8.147910562016658087e-01 8.407413500622626934e-01 8.372535005465860936e-01 2.242499683553640932e-01 -1.146727211484235065e+00 1.513217305043598770e+01
2.654786896686623932e-01 3.585670820951547544e-02 8.398096538887639406e-01 9.401582726066355367e-01 8.588585330261973017e-01 1.324127791171458846e-02 -1.282091914121726184e+00 1.495357486896969057e+01
3.647604513053761544e-01 6.069687069232788251e-02 7.528902048906618294e-01 8.827665876846352289e-01 8.322817487990125107e-01 4.991715758589224672e-01 -1.196670042065245410e+00 1.506556310755498629e+01
3.602528053323335033e-01 5.200757294971038169e-02 5.424316251004550615e-01 1.066843527769157696e+00 7.934595749351311955e-01 7.297317175744423290e-01 -7.641489504891473272e-01 1.455394514452247279e+01
2.586456640330990764e-01 5.140172960739317065e-02 7.974576631462493292e-01 1.033265290983542695e+00 8.203386844512488008e-01 2.435540496315420356e-01 -1.194652760355723320e+00 1.483932436204962535e+01
4.455341081380287394e-01 6.477515457275626054e-02 5.154568977056526169e-01 9.651648584420011723e-01 8.431237922854704081e-01 3.768193704660050547e-01 -7.067535684248396066e-01 1.495869360503904488e+01
4.513884481354990541e-01 4.462949672587457339e-02 5.716202886206253053e-01 8.433694648866980614e-01 8.562805074074151257e-01 1.345472233827080810e-01 -1.091566510266438916e+00 1.549174232647222738e+01
3.043671674032622509e-01 6.423634130810282339e-02 6.698158304053648537e-01 1.083816462836986405e+00 8.535957191492045126e-01 1.707175284830614315e-01 -1.021559705341078761e+00 1.497769338905054504e+01
3.317410213614256920e-01 3.279292112912281232e-02 7.096465925543088415e-01 9.117333450937128436e-01 8.775139386887655935e-01 3.541956133397083928e-01 -9.202370992322161936e-01 1.485961764721147915e+01
2.849391438276981381e-01 3.355126074966244265e-02 6.305936824832799603e-01 1.017027158789535646e+00 8.566121032949922665e-01 6.822640538730939674e-03 -1.015046859155164682e+00 1.477753307428429075e+01
2.524430944948399813e-01 3.026496059787667572e-02 8.685201733411962444e-01 9.527916932512137116e-01 8.046163460180040250e-01 7.897903591056630868e-01 -1.076769216729421164e+00 1.447282397171022161e+01
2.971514375612067660e-01 4.767482403993900109e-02 8.185201249716138605e-01 9.619327883139248137e-01 8.668327339258967701e-01 3.312570615976918043e-01 -1.023997137491175824e+00 1.501699260906108080e+01
3.761916092693197156e-01 6.583939935752386452e-02 7.454294471390795485e-01 8.353529023745261961e-01 8.017818831273646474e-01 2.790053250615874836e-01 -1.177881746007120034e+00 1.461006508208175525e+01
2.578678812935909503e-01 3.651946608453172233e-02 6.813928943381999392e-01 1.095688375485020849e+00 7.637707533732296383e-01 6.153851528267414439e-01 -1.098502383373769486e+00 1.415377349918875893e+01
4.438520591164270002e-01 6.320252848200896834e-02 6.357682214496216400e-01 8.330821585945841212e-01 8.134351396887452568e-01 6.198072395746357932e-01 -7.179759025190259880e-01 1.461944331978570411e+01
2.857450419998038837e-01 3.755553624310124100e-02 7.285640488110618485e-01 1.046380180505606106e+00 8.399086380578397737e-01 8.314950541005862172e-01 -1.226601678421406660e+00 1.515891473507561038e+01
2.971514375612067660e-01 4.767482403993900109e-02 8.185201249716138605e-01 9.619327883139248137e-01 8.668327339258967701e-01 3.312570615976918043e-01 -1.023997137491175824e+00 1.501699260906108080e+01
2.286779143281499893e-01 4.479264389059064988e-02 7.106175013721053313e-01 1.111197996762573137e+00 7.915411248622448159e-01 9.238575269326787520e-02 -1.042750864743924755e+00 1.421868105868780141e+01
4.035064893888392623e-01 5.584997843642154625e-02 5.936461001558858142e-01 9.335893720502902449e-01 8.689796183378259986e-01 1.226073647274289469e-01 -9.304306519141856135e-01 1.518516886669358534e+01
3.282704247891052862e-01 6.904153990291789222e-02 6.222418486548482175e-01 1.087631390396588627e+00 8.071256371433630505e-01 4.912147791969185828e-01 -1.250473997665997317e+00 1.515317692208533984e+01
3.647604513053761544e-01 6.069687069232788251e-02 7.528902048906618294e-01 8.827665876846352289e-01 8.322817487990125107e-01 4.991715758589224672e-01 -1.196670042065245410e+00 1.506556310755498629e+01
3.791326422893189774e-01 3.622633727324824082e-02 5.191252398673394941e-01 9.368721439054406019e-01 8.082948262721073585e-01 1.640511233077934228e-01 -8.537116528137052018e-01 1.469883974169531804e+01
2.899692602744630143e-01 6.485078615582140493e-02 6.953772166962299828e-01 1.057869069659217232e+00 8.129045482865077110e-01 1.789605495229929510e-01 -1.135394593312695877e+00 1.482524732446936433e+01
2.889234815345141927e-01 3.060736013147923040e-02 8.286101531801961517e-01 8.919501199042345618e-01 8.148191481866110530e-01 4.412316425577693102e-01 -1.233521918648707416e+00 1.442185777962933990e+01
3.163498019842951869e-01 3.863806032451859440e-02 6.161650747986298082e-01 1.039680460188260991e+00 7.762645598004128678e-01 8.031748299424890103e-01 -9.094134311617325661e-01 1.387409878945892494e+01
3.557238791138609413e-01 6.916449251563724920e-02 8.040817534629736141e-01 8.693891018574768648e-01 8.036160214497759524e-01 3.785571537485388216e-01 -9.183553598877163271e-01 1.441166049249534531e+01
3.335327564889114527e-01 6.362520954360444125e-02 8.351916867248951881e-01 8.704307811196551059e-01 7.895326724579228017e-01 5.343126260832633534e-01 -1.218890388588375728e+00 1.468060088190952861e+01
3.539797734379606098e-01 6.800655642585280714e-02 5.592221608295595559e-01 1.094644702366349698e+00 7.638752223634824867e-01 8.530045489067804576e-01 -9.040243835902146419e-01 1.448245190219888912e+01
3.880455739451703634e-01 5.288346853947210879e-02 7.455291907120301653e-01 8.648074285716796927e-01 8.310614974511510988e-01 9.343467728962027152e-01 -7.051687532068793285e-01 1.474944626290074545e+01
2.758257162933092088e-01 4.029645389302587838e-02 8.915761576317752235e-01 9.517138628377994625e-01 8.463532432785908499e-01 7.878417301002020867e-01 -1.287391422645972394e+00 1.501568920681335406e+01
3.083624698266440589e-01 5.844329140059713323e-02 8.149038912802473167e-01 9.337516208317718780e-01 7.941153231274790114e-01 6.664171044030096080e-01 -1.035584697503654450e+00 1.457054650279781072e+01
3.581702506764132821e-01 3.960614754763148310e-02 6.732919173553656433e-01 9.092825557183392693e-01 8.825770908845613771e-01 1.338415549969030338e-01 -1.153401370964299621e+00 1.526474117944416875e+01
4.517877138234779322e-01 6.208702949063905213e-02 5.596683798646683305e-01 9.584740968559626317e-01 8.068536367835873468e-01 9.919027907832350666e-01 -8.667918234851262893e-01 1.489649741026902774e+01
2.864011065231563125e-01 3.262274607798960890e-02 7.758746242924416947e-01 9.291248095183913813e-01 8.771216803972503584e-01 2.177375512497860544e-01 -1.023012414602180176e+00 1.487688182811704429e+01
3.422350860973535358e-01 4.388648653830357071e-02 6.239415845393172511e-01 9.890290621785465808e-01 8.464667445995608386e-01 3.250773570529347789e-01 -1.080840808420567178e+00 1.527963448937013702e+01
2.864011065231563125e-01 3.262274607798960890e-02 7.758746242924416947e-01 9.291248095183913813e-01 8.771216803972503584e-01 2.177375512497860544e-01 -1.023012414602180176e+00 1.487688182811704429e+01
3.471548368278111196e-01 6.100334469715240626e-02 8.992585989356560727e-01 8.188272684681203728e-01 7.840982967330487607e-01 9.471102138432387907e-01 -1.223746616363558637e+00 1.444859319127335340e+01
4.097933053384826829e-01 3.566404678737259554e-02 7.051181014056626672e-01 8.075423585976460039e-01 8.606555368950086216e-01 7.933985107414250892e-01 -8.840620320813388222e-01 1.507597573544680536e+01
3.319713600691030497e-01 3.767659583171367038e-02 8.945562564168683117e-01 8.134141363333995400e-01 8.789696213743022346e-01 8.263755226535507425e-01 -1.033304201033829361e+00 1.523674791049636212e+01
2.578678812935909503e-01 3.651946608453172233e-02 6.813928943381999392e-01 1.095688375485020849e+00 7.637707533732296383e-01 6.153851528267414439e-01 -1.098502383373769486e+00 1.415377349918875893e+01
3.574637376624806295e-01 5.050122233652681869e-02 6.810071686159516746e-01 9.696993099930997229e-01 8.561854626595095663e-01 7.353633534524178783e-01 -1.254541602652852417e+00 1.531884366219635751e+01
4.470332291861731644e-01 5.139894324745004905e-02 6.112143035310129147e-01 8.402048471962113574e-01 8.199638627266556679e-01 6.374924506410888370e-01 -9.385956851539498658e-01 1.490986621964681191e+01
2.424633139382212921e-01 3.662080976799648308e-02 6.092253706676976632e-01 1.194451179282713937e+00 8.383543167018612241e-01 5.095852729079267673e-01 -1.139910836124782945e+00 1.477641707766906620e+01
2.751418954926391214e-01 4.679729681765787408e-02 8.962888390451384524e-01 9.339781885336837508e-01 7.950971962816691940e-01 8.405280244914989929e-01 -1.099881783867825202e+00 1.428298212098286868e+01
3.175027284218722157e-01 5.650505038474910174e-02 7.030852627472733429e-01 9.781498739930867270e-01 7.944427258052383367e-01 3.408986747752247304e-01 -1.069424185757504642e+00 1.465578593116930683e+01
2.804926819953648676e-01 5.135246285493089841e-02 7.536237746967930917e-01 1.021848011896086206e+00 8.564604240629001275e-01 2.377615190199978690e-01 -9.736725631478972964e-01 1.488399861356919729e+01
4.307981671765572784e-01 6.355947869616729307e-02 6.414304886540078687e-01 8.694944537191470202e-01 8.182489149018647989e-01 7.306227884299749675e-01 -1.113438688283555633e+00 1.510800439273103635e+01
3.346540716933257831e-01 5.108604990145432234e-02 7.405522172255281088e-01 9.407594288239222724e-01 8.173793505615786215e-01 7.989680848475360087e-01 -1.292122718236934809e+00 1.488430561473121827e+01
4.517877138234779322e-01 6.208702949063905213e-02 5.596683798646683305e-01 9.584740968559626317e-01 8.068536367835873468e-01 9.919027907832350666e-01 -8.667918234851262893e-01 1.489649741026902774e+01
4.071229242214340349e-01 3.353187803565415431e-02 5.075879113123903386e-01 9.522711676016992755e-01 7.993984972701619895e-01 6.287443465336396420e-01 -8.212551075401512968e-01 1.482876158249192322e+01
3.083624698266440589e-01 5.844329140059713323e-02 8.149038912802473167e-01 9.337516208317718780e-01 7.941153231274790114e-01 6.664171044030096080e-01 -1.035584697503654450e+00 1.457054650279781072e+01
2.436911086106645641e-01 4.845608372088298227e-02 7.320771874818297054e-01 1.132618586758148860e+00 8.501494145890473586e-01 2.072120241110906869e-01 -1.099098888148511755e+00 1.488508595269583346e+01
3.348830225669513494e-01 6.077938892595617648e-02 5.739718910544273633e-01 1.110630733378754176e+00 8.535532737672388848e-01 3.353448044276663431e-01 -9.671872691689538115e-01 1.490303745290276183e+01
3.574378402392505150e-01 5.808281720460886643e-02 5.836391938213777442e-01 1.010738267484111885e+00 8.185153441662601503e-01 3.036939739921908910e-01 -7.744697642900063572e-01 1.469246742873909817e+01
3.647214533058350527e-01 4.107223996661978072e-02 7.355114927798659386e-01 8.282724842648325758e-01 8.499071660232087044e-01 3.752248516852221272e-01 -9.641852823302152764e-01 1.510581754673460964e+01
2.751418954926391214e-01 4.679729681765787408e-02 8.962888390451384524e-01 9.339781885336837508e-01 7.950971962816691940e-01 8.405280244914989929e-01 -1.099881783867825202e+00 1.428298212098286868e+01
2.887423492936105340e-01 6.400497857270674718e-02 7.041918430113615068e-01 1.051181124122713584e+00 7.870831507915643233e-01 3.420206193595603517e-01 -1.096157541295525562e+00 1.472795959326697535e+01
3.091732957459449871e-01 6.710743494463364267e-02 7.933639721994774074e-01 1.002642707254623788e+00 7.796654543225015610e-01 8.252210668019295259e-01 -9.688643932423743887e-01 1.455900928209730161e+01
3.493041239353991134e-01 6.444867225695666280e-02 7.108822857243108917e-01 9.303830053095131225e-01 7.743592058560448965e-01 2.332118064453534423e-01 -1.270724590480275529e+00 1.433269084343942446e+01
3.558706002477635133e-01 4.807504486263397547e-02 7.836313553052886016e-01 8.078881864317746242e-01 8.444155003516813363e-01 1.332472051751971143e-01 -8.784782958316711410e-01 1.476637727710703096e+01
3.126945992736397395e-01 3.887611079652726620e-02 5.103726379161153126e-01 1.124092594053174743e+00 7.614308935817355461e-01 6.492937560024919508e-01 -9.560796945288646542e-01 1.422953320143977507e+01
3.378553848059546727e-01 4.261941922153340834e-02 6.308223970378404877e-01 1.005087434797702794e+00 8.422801277864959690e-01 5.806560466624173245e-01 -1.205285218525114832e+00 1.505423904827552306e+01
3.246126677615419620e-01 6.794260551842309925e-02 7.245350667023625624e-01 9.888636278824679549e-01 7.841016548633561456e-01 5.750396633435237437e-01 -1.087056900433039264e+00 1.455460501682498098e+01
3.500377424037539598e-01 5.428345537800616238e-02 5.069646491267939536e-01 1.069151926547515341e+00 8.079071498663626949e-01 4.002006261898052863e-01 -7.009721320810642364e-01 1.448715748064166320e+01
3.348830225669513494e-01 6.077938892595617648e-02 5.739718910544273633e-01 1.110630733378754176e+00 8.535532737672388848e-01 3.353448044276663431e-01 -9.671872691689538115e-01 1.490303745290276183e+01
2.579528324870496436e-01 5.526166812226079167e-02 7.135005099720130861e-01 1.096090465376344580e+00 8.074828237297386746e-01 2.312568297067298384e-01 -1.109670357630240023e+00 1.474201054459734728e+01
3.864860517478310165e-01 3.453187757146330972e-02 5.486300382768416473e-01 8.846929538166093954e-01 8.083745401898009275e-01 1.767074850434811051e-01 -1.235842634916828775e+00 1.473592882273395688e+01
3.313678078699289209e-01 6.171105513135023701e-02 7.476196824053189527e-01 9.326462693234387480e-01 8.299732513314886928e-01 2.367175256300896313e-02 -8.200988404312319346e-01 1.491842264047330779e+01
3.656294356779145049e-01 6.557858559865833992e-02 5.451905412966350228e-01 1.032985605124269624e+00 8.068089818227168752e-01 3.443313420914857481e-01 -1.086571801624635514e+00 1.489670352489984317e+01
2.758257162933092088e-01 4.029645389302587838e-02 8.915761576317752235e-01 9.517138628377994625e-01 8.463532432785908499e-01 7.878417301002020867e-01 -1.287391422645972394e+00 1.501568920681335406e+01
2.941095910698154903e-01 4.697805968784504738e-02 6.440405652742190457e-01 1.030401071450495643e+00 7.854459851800613679e-01 1.407304089814210291e-01 -1.150779845532863721e+00 1.447408751600063681e+01
3.859537144811330256e-01 6.861902007538418780e-02 7.087369109885491847e-01 8.922055738673753122e-01 7.834178242175572349e-01 8.119067734535192482e-01 -8.126150854640769028e-01 1.452335463221826650e+01
4.860603955200191173e-01 3.120804484842654852e-02 5.000355046600174491e-01 8.413578075763562536e-01 8.390876213949880480e-01 3.641205189003634546e-01 -8.013041137650005474e-01 1.488698050472371293e+01
2.730769476977075727e-01 3.540345547742296262e-02 7.815576534965700262e-01 9.297042984691944456e-01 8.381415992427769801e-01 1.299463134231921280e-01 -1.268793808135812551e+00 1.491173570528529524e+01
3.847473057188992573e-01 6.516909662434780537e-02 7.066155129998876738e-01 9.126624726619215755e-01 8.322713336824077990e-01 7.565304516691859771e-01 -8.458067399238052841e-01 1.486130617966941969e+01
2.602267147382112400e-01 4.281819467455730277e-02 6.099381200746991638e-01 1.153714559464987799e+00 7.572374243995086962e-01 6.106222671881091912e-01 -1.252022285532749857e+00 1.394326888894681460e+01
3.055226826062895640e-01 6.507826597297874938e-02 6.003093603813943746e-01 1.162564063251702473e+00 7.374248088236219356e-01 9.703312708019549149e-01 -8.062768192833158487e-01 1.410780839443597223e+01
4.040877079825354601e-01 5.807922655585645577e-02 6.427062965791394689e-01 9.134133954013642365e-01 7.973407363825976146e-01 9.354924326606444129e-01 -8.654302154268940228e-01 1.466111331904554405e+01
3.336138465925447827e-01 6.218066916129552646e-02 6.319782594726570668e-01 1.103444478864484157e+00 7.182697208470092409e-01 9.451022466796956678e-01 -1.162195573125849979e+00 1.341105954754877949e+01
3.316674813638768038e-01 3.761915300078419455e-02 7.850798119245401274e-01 9.007125299851254097e-01 8.662489809626396919e-01 6.354443956831073992e-01 -9.978822899980659411e-01 1.512182102111700743e+01
4.860603955200191173e-01 3.120804484842654852e-02 5.000355046600174491e-01 8.413578075763562536e-01 8.390876213949880480e-01 3.641205189003634546e-01 -8.013041137650005474e-01 1.488698050472371293e+01
3.841223469658338052e-01 5.740854384043053704e-02 6.478418870060929091e-01 9.729899181563861355e-01 8.386591142164890877e-01 8.418131487736745244e-01 -1.112784431318613265e+00 1.525667943356414114e+01
3.065910947051766478e-01 5.825011112824847459e-02 6.168133576859738954e-01 1.078834406735840412e+00 8.536814892104389596e-01 9.546748386974890366e-02 -9.264503817195013369e-01 1.467152954151274535e+01
3.718893900210623604e-01 5.750226591630169803e-02 6.652005997700938256e-01 9.381183508086859968e-01 7.861713216854449016e-01 8.319785480322975380e-01 -7.929588912418183977e-01 1.446750759720969093e+01
3.511211677349851401e-01 4.562402142887161255e-02 7.750567634801946992e-01 8.477858207258901491e-01 8.709358602531522831e-01 2.424619539577294591e-01 -9.666710064924082246e-01 1.513457957014478694e+01
3.595713416528543149e-01 4.602879668920467626e-02 5.508451882371657726e-01 1.008335376252297522e+00 7.818096543216975780e-01 6.923671393921567718e-01 -1.075008504288363032e+00 1.479153956098475575e+01
3.648698893986538350e-01 6.488105216567126299e-02 5.183383648645402131e-01 9.897216601876356323e-01 7.888551411200762642e-01 7.196392993360767321e-02 -8.400856444777360377e-01 1.464155467884081752e+01
3.336138465925447827e-01 6.218066916129552646e-02 6.319782594726570668e-01 1.103444478864484157e+00 7.182697208470092409e-01 9.451022466796956678e-01 -1.162195573125849979e+00 1.341105954754877949e+01
3.274896782534912898e-01 3.366113626949927135e-02 5.506291336691823135e-01 1.114045554357615764e+00 8.545510960860707161e-01 7.076479909417554559e-01 -1.115927431047683438e+00 1.491924940067191940e+01
2.516561869664571960e-01 6.347286802485577195e-02 7.619152108351375796e-01 1.122639310507249188e+00 8.316169343534033365e-01 1.078393680411982580e-01 -1.033153298957117716e+00 1.479865217809277844e+01
3.529839207991652961e-01 6.600529601609075869e-02 6.276410307847797299e-01 1.119301758663497015e+00 8.301432847479719435e-01 9.839331031579822140e-01 -7.991574866714514780e-01 1.486947764882450507e+01
3.922146932872254688e-01 4.727819947721251942e-02 5.101512493216523447e-01 1.018837242290079992e+00 8.314738349221904024e-01 3.059372990059596176e-01 -7.228189936472496635e-01 1.484393830096526123e+01
2.236085643085919950e-01 6.266826262869379383e-02 7.880101499646534613e-01 1.192361601945174376e+00 7.684164790194093486e-01 5.063041830723256087e-01 -1.268952484414557214e+00 1.480433087726348873e+01
2.531643293343500689e-01 4.632525389646044434e-02 5.275224025850721032e-01 1.196560091974464335e+00 8.414827653123232443e-01 2.119559252716646247e-02 -1.185886837922016213e+00 1.472688345823587852e+01
2.950662623814506169e-01 6.906966900533498266e-02 6.722380985022774480e-01 1.187911782938108507e+00 8.147817987338167312e-01 8.068692898785512213e-01 -1.181177493139962786e+00 1.483134558814338533e+01
3.197802838378598911e-01 5.750719672095419566e-02 6.539799461535884539e-01 1.029290396506917560e+00 8.017427083790109599e-01 3.829182568264888897e-01 -7.977494695985548612e-01 1.458175246699855165e+01
3.847473057188992573e-01 6.516909662434780537e-02 7.066155129998876738e-01 9.126624726619215755e-01 8.322713336824077990e-01 7.565304516691859771e-01 -8.458067399238052841e-01 1.486130617966941969e+01
3.246967517177810070e-01 4.015281625026531631e-02 8.525370773626507193e-01 8.185562121950498149e-01 8.091320855957611080e-01 6.210145701541179841e-01 -1.146799488461931915e+00 1.466518552992028290e+01
2.941095910698154903e-01 4.697805968784504738e-02 6.440405652742190457e-01 1.030401071450495643e+00 7.854459851800613679e-01 1.407304089814210291e-01 -1.150779845532863721e+00 1.447408751600063681e+01
2.821866628539800304e-01 6.405354378162517182e-02 7.307298768269966383e-01 1.050749515852067884e+00 7.978244571331168933e-01 1.199355565776450971e-01 -1.245049345438721033e+00 1.481421196564308218e+01
3.860348853019998083e-01 6.009805985090840852e-02 5.718667256917521202e-01 9.746483765723268355e-01 7.549149451047928450e-01 6.862466199325616412e-01 -7.631013875174920136e-01 1.429408919028114155e+01
2.516561869664571960e-01 6.347286802485577195e-02 7.619152108351375796e-01 1.122639310507249188e+00 8.316169343534033365e-01 1.078393680411982580e-01 -1.033153298957117716e+00 1.479865217809277844e+01
1.938009577805999417e-01 3.479234502603652246e-02 8.719475671289866892e-01 1.131780364966989971e+00 8.529740188738874629e-01 4.174773737680491092e-01 -1.247365398575547735e+00 1.457878013385901994e+01
3.334744248780602272e-01 5.388245826853299558e-02 7.617596639972004091e-01 9.244967298713676618e-01 8.191158243551960316e-01 5.215324899964973726e-01 -1.271848060516223899e+00 1.489413989536053329e+01
3.650494735651862444e-01 5.471871236432843122e-02 7.743179366890308168e-01 8.292058371607602396e-01 7.929392095870725354e-01 9.744987006241045968e-03 -1.212695401247411597e+00 1.406977472091538672e+01
3.841223469658338052e-01 5.740854384043053704e-02 6.478418870060929091e-01 9.729899181563861355e-01 8.386591142164890877e-01 8.418131487736745244e-01 -1.112784431318613265e+00 1.525667943356414114e+01
3.128680095793630045e-01 6.075120538494137301e-02 5.630447637605072719e-01 1.107763697132319480e+00 8.298209285119404477e-01 4.623406803403379284e-02 -7.469506729740562623e-01 1.455172720415504628e+01
3.847473057188992573e-01 6.516909662434780537e-02 7.066155129998876738e-01 9.126624726619215755e-01 8.322713336824077990e-01 7.565304516691859771e-01 -8.458067399238052841e-01 1.486130617966941969e+01
3.443819344396797932e-01 6.294177735188488665e-02 5.807576392333604343e-01 1.148182180921500706e+00 8.242167393734001202e-01 9.941949093178410468e-01 -1.154834360172202423e+00 1.493238143716247279e+01
3.860348853019998083e-01 6.009805985090840852e-02 5.718667256917521202e-01 9.746483765723268355e-01 7.549149451047928450e-01 6.862466199325616412e-01 -7.631013875174920136e-01 1.429408919028114155e+01
3.404115163596949101e-01 4.166556368305086855e-02 7.636630317413801716e-01 8.144567223882233087e-01 8.176233335079400311e-01 1.998308843449431160e-01 -1.194347785710272891e+00 1.485044787043590730e+01
3.239954065514512038e-01 3.083414490687796938e-02 8.681020805856318745e-01 8.065476773885750239e-01 8.967112857819552474e-01 3.873867535702484322e-01 -1.105737504942133631e+00 1.523087085590436018e+01
3.470940077562827963e-01 5.481815722819877862e-02 5.586104219074998767e-01 1.068207510680533101e+00 7.496640296216787736e-01 6.572610761171924221e-01 -1.064415716992915373e+00 1.430544285520303305e+01
3.537997152711406246e-01 4.188047544186647431e-02 5.005960014258004076e-01 1.021838676109189326e+00 8.062376362605756519e-01 1.017761112528708933e-01 -9.225738010926438637e-01 1.462745181152086360e+01
3.983984858806342011e-01 6.637205228862341766e-02 5.143810153179987354e-01 1.071847354205500258e+00 7.827591808139839902e-01 7.893831941765619975e-01 -8.941262739784543445e-01 1.496025123717795680e+01
2.676134674384929024e-01 3.367471435465529267e-02 6.200527204040061635e-01 1.142256182852977142e+00 8.916786972213639473e-01 2.963136623047260554e-01 -1.262955097770802171e+00 1.509160827875709288e+01
4.513884481354990541e-01 4.462949672587457339e-02 5.716202886206253053e-01 8.433694648866980614e-01 8.562805074074151257e-01 1.345472233827080810e-01 -1.091566510266438916e+00 1.549174232647222738e+01
2.168661696097469727e-01 4.091886200827558884e-02 8.619995521376615510e-01 1.070677296220764463e+00 8.341496041289787611e-01 1.453913191579596087e-01 -1.182928983155938640e+00 1.464015278484701810e+01
2.734016731435301439e-01 6.045246129967264681e-02 8.299923084817393271e-01 1.024254802034035183e+00 7.910163592917791586e-01 8.021598576852024820e-01 -1.269125624694630305e+00 1.474320733174386788e+01
4.532200407778045337e-01 6.253308671710300359e-02 5.055528419029984288e-01 9.090231756794020512e-01 8.204132211079293580e-01 1.748414835168565773e-01 -1.247614471111719636e+00 1.506599507468180477e+01
4.817876321939152939e-01 4.538460121051295093e-02 5.337212379291714770e-01 8.156341805111956278e-01 8.396608944489444282e-01 4.269134894128919222e-01 -9.901778081219503314e-01 1.510199426262323641e+01
3.528250635035400373e-01 6.193836249489362289e-02 8.872925789889138937e-01 8.320211454983587052e-01 8.114845810133628490e-01 9.254713967954111276e-01 -9.722367904132893646e-01 1.484715721942868250e+01
4.668930311823125123e-01 4.754486797085749616e-02 5.250993538140753536e-01 9.600472530512947911e-01 8.719241476852658268e-01 8.114341311282585734e-01 -1.128361196859323234e+00 1.566056808960681934e+01
3.471548368278111196e-01 6.100334469715240626e-02 8.992585989356560727e-01 8.188272684681203728e-01 7.840982967330487607e-01 9.471102138432387907e-01 -1.223746616363558637e+00 1.444859319127335340e+01
4.619706221966856097e-01 3.646876521437906332e-02 5.132744257798415033e-01 8.827762394613153374e-01 8.387952252598174230e-01 3.853163272533733918e-01 -7.938114454589642044e-01 1.494591527455874669e+01
3.860348853019998083e-01 6.009805985090840852e-02 5.718667256917521202e-01 9.746483765723268355e-01 7.549149451047928450e-01 6.862466199325616412e-01 -7.631013875174920136e-01 1.429408919028114155e+01
3.538977678154330286e-01 5.546550752054402178e-02 7.433208035170881800e-01 8.830833716594781446e-01 8.225498821194912047e-01 3.333077078448594133e-01 -9.700347477536279683e-01 1.471080794643000189e+01
3.105996511075810873e-01 5.194414625316118306e-02 8.043804184424845349e-01 8.866000450002150535e-01 8.009082183664082422e-01 6.772902169192274169e-02 -1.229678562680700082e+00 1.483596767238699066e+01
4.513884481354990541e-01 4.462949672587457339e-02 5.716202886206253053e-01 8.433694648866980614e-01 8.562805074074151257e-01 1.345472233827080810e-01 -1.091566510266438916e+00 1.549174232647222738e+01
2.025677884621628067e-01 4.154601530641238716e-02 8.557941791081176142e-01 1.128836707199779577e+00 8.221051175550743162e-01 5.669908848753564268e-01 -1.255084161519078867e+00 1.474607186710706586e+01
3.247181688361910901e-01 4.297563510451167523e-02 5.234294483008211651e-01 1.159014562902231704e+00 7.343070967803506655e-01 7.829309115870395352e-01 -1.052310375846465584e+00 1.341144521425831293e+01
3.178752514336153912e-01 5.332935543910821696e-02 5.546527206343540017e-01 1.172513192509267999e+00 8.116941461812603453e-01 8.226184211654987699e-01 -1.255017121140401093e+00 1.478833131354265795e+01
3.988173253930309414e-01 4.670823413269695190e-02 7.178881625537379962e-01 8.177006407351680162e-01 8.708586240268096912e-01 1.634219266949244465e-01 -7.109797222598538413e-01 1.504245906092526930e+01
3.114387065249034636e-01 3.688407473102147532e-02 5.753986806753544903e-01 1.132459997843080712e+00 8.117861862670130435e-01 9.018066294177369269e-01 -1.018167487705144980e+00 1.468720686057171854e+01
2.973734676018913170e-01 4.372176148470902080e-02 8.451410067831508499e-01 8.852782241179446565e-01 7.934744835143434649e-01 5.836725676090837034e-03 -1.274212521236397944e+00 1.422070916664186413e+01
3.126189226570792457e-01 3.013649474869881453e-02 8.382988742364745338e-01 8.366686874504477567e-01 8.423716330754177362e-01 7.647461599624532091e-01 -1.091648174779198399e+00 1.491915930592767126e+01
3.443819344396797932e-01 6.294177735188488665e-02 5.807576392333604343e-01 1.148182180921500706e+00 8.242167393734001202e-01 9.941949093178410468e-01 -1.154834360172202423e+00 1.493238143716247279e+01
3.926584356184172897e-01 3.276088679029925954e-02 5.025035933944805855e-01 9.391150247385843253e-01 8.570169877319718799e-01 1.836420521382370330e-02 -9.274015782493871818e-01 1.523378345354933749e+01
4.073741957949720272e-01 4.165878896907419804e-02 5.600810321574916095e-01 9.100993055752186756e-01 8.659686419749220709e-01 1.514316115755016123e-01 -1.035238767453551700e+00 1.520091084494668365e+01
3.647214533058350527e-01 4.107223996661978072e-02 7.355114927798659386e-01 8.282724842648325758e-01 8.499071660232087044e-01 3.752248516852221272e-01 -9.641852823302152764e-01 1.510581754673460964e+01
2.236085643085919950e-01 6.266826262869379383e-02 7.880101499646534613e-01 1.192361601945174376e+00 7.684164790194093486e-01 5.063041830723256087e-01 -1.268952484414557214e+00 1.480433087726348873e+01
3.757472503852929968e-01 5.618062245283984846e-02 7.598866665192828274e-01 8.978172516793639923e-01 8.432389588741302511e-01 9.016080437447839824e-01 -1.014140700185709676e+00 1.516913604182996345e+01
4.438520591164270002e-01 6.320252848200896834e-02 6.357682214496216400e-01 8.330821585945841212e-01 8.134351396887452568e-01 6.198072395746357932e-01 -7.179759025190259880e-01 1.461944331978570411e+01
2.187573460204350895e-01 4.792767675542405209e-02 8.698472254175946272e-01 1.113618096723646422e+00 8.065498352912173763e-01 8.519246377820619553e-01 -1.180575729026495546e+00 1.456139859604036246e+01
3.122946169883858980e-01 4.273147851841533479e-02 6.133007295884193022e-01 1.005335318683059143e+00 8.756759711791353151e-01 5.636912305358121600e-03 -1.118896882913425150e+00 1.483786935613858304e+01
3.185472887676867870e-01 3.575156056135633809e-02 6.966039182283905173e-01 9.414099904593168366e-01 8.251875771575033491e-01 6.912787225561063398e-01 -1.201450789313664114e+00 1.495127600365380793e+01
3.277088024100641706e-01 3.516983212961474758e-02 7.456179399595254109e-01 9.230060401222384137e-01 8.270015138818274103e-01 9.976995187253903108e-01 -1.099807922481372824e+00 1.481143187240560799e+01
3.313678078699289209e-01 6.171105513135023701e-02 7.476196824053189527e-01 9.326462693234387480e-01 8.299732513314886928e-01 2.367175256300896313e-02 -8.200988404312319346e-01 1.491842264047330779e+01
4.389776262731127643e-01 6.419664532498711718e-02 5.642698612250585111e-01 9.465848520669168931e-01 8.377801054093243494e-01 4.941732427661548743e-01 -7.261660754619128078e-01 1.509445412232419059e+01
3.608757695709720048e-01 6.084890569983793240e-02 8.239069839212104229e-01 8.155821045695800242e-01 8.447643644897655513e-01 1.574313128854282207e-01 -9.979942524636387091e-01 1.509548146033194627e+01
3.437563549242122485e-01 6.134238562531368205e-02 7.560118927603259875e-01 9.703520046207969596e-01 8.273624507318926291e-01 8.810946570737401284e-01 -1.123787925090863116e+00 1.518081790407245002e+01
3.898529138544287731e-01 4.548599630064158877e-02 5.379485790740053952e-01 1.052317271074903360e+00 8.250230819744239774e-01 9.479124151352256167e-01 -1.279040208609595108e+00 1.520177923422867039e+01
4.438520591164270002e-01 6.320252848200896834e-02 6.357682214496216400e-01 8.330821585945841212e-01 8.134351396887452568e-01 6.198072395746357932e-01 -7.179759025190259880e-01 1.461944331978570411e+01
3.335327564889114527e-01 6.362520954360444125e-02 8.351916867248951881e-01 8.704307811196551059e-01 7.895326724579228017e-01 5.343126260832633534e-01 -1.218890388588375728e+00 1.468060088190952861e+01
2.952250456396575684e-01 3.347743373189985411e-02 5.827969770560079699e-01 1.174140562029818424e+00 7.429520671079952177e-01 8.814873411335915065e-01 -9.299094272149726059e-01 1.309928047531109208e+01
3.353720494935348850e-01 6.542029895524011096e-02 6.507295466453322241e-01 1.150021664282396383e+00 8.637756134044767276e-01 8.834497133926012546e-01 -9.217960837658966122e-01 1.477204469282120414e+01
3.937201161144855410e-01 6.480743253576654039e-02 5.355161836968234113e-01 1.012525736072555471e+00 8.719967143619096195e-01 3.076089182121266585e-02 -1.275731716265567917e+00 1.536034898025794604e+01
3.929715412709408051e-01 5.067058779336973406e-02 6.619233743832516614e-01 8.764001815018520603e-01 8.396553097701834334e-01 3.219631563901040328e-01 -8.419288296167507513e-01 1.500328212246540360e+01
2.758257162933092088e-01 4.029645389302587838e-02 8.915761576317752235e-01 9.517138628377994625e-01 8.463532432785908499e-01 7.878417301002020867e-01 -1.287391422645972394e+00 1.501568920681335406e+01
3.335327564889114527e-01 6.362520954360444125e-02 8.351916867248951881e-01 8.704307811196551059e-01 7.895326724579228017e-01 5.343126260832633534e-01 -1.218890388588375728e+00 1.468060088190952861e+01
2.236085643085919950e-01 6.266826262869379383e-02 7.880101499646534613e-01 1.192361601945174376e+00 7.684164790194093486e-01 5.063041830723256087e-01 -1.268952484414557214e+00 1.480433087726348873e+01
3.686362281677394437e-01 5.956979206338873511e-02 8.098338868699854753e-01 8.685490239939357426e-01 8.446373550187852297e-01 7.649598818267542288e-01 -7.310941373201292892e-01 1.496887965993052205e+01
3.173872057114561773e-01 5.006417680568502060e-02 5.887823296218714919e-01 1.061651216346271465e+00 7.577227408393026886e-01 3.512146296697479797e-01 -1.251191241828814249e+00 1.440264119448853108e+01
3.571639372746212571e-01 3.100132694555603544e-02 6.738937264782194347e-01 8.919407786181612341e-01 8.648747843366035859e-01 5.202687768944987967e-01 -1.154805972379801426e+00 1.531907671810285620e+01
2.168661696097469727e-01 4.091886200827558884e-02 8.619995521376615510e-01 1.070677296220764463e+00 8.341496041289787611e-01 1.453913191579596087e-01 -1.182928983155938640e+00 1.464015278484701810e+01
2.524270722165015135e-01 5.077254509522662052e-02 7.920614087771929990e-01 1.066603779369648342e+00 8.011707634473002049e-01 6.231596538847353761e-01 -8.961040676283122952e-01 1.455857604593871457e+01
2.531643293343500689e-01 4.632525389646044434e-02 5.275224025850721032e-01 1.196560091974464335e+00 8.414827653123232443e-01 2.119559252716646247e-02 -1.185886837922016213e+00 1.472688345823587852e+01
4.085280694908647314e-01 3.009358685298118771e-02 6.351052654858122537e-01 8.510759732915478271e-01 8.726749907973840870e-01 6.129216445305976091e-01 -9.144596535961062589e-01 1.507009981604270088e+01
3.642312626948952525e-01 5.694515100390280110e-02 5.759402209306571097e-01 1.009100164697500190e+00 8.449691843964388660e-01 2.007253885556392614e-01 -1.003830078309355889e+00 1.511943070282038626e+01
3.858622766742906274e-01 6.908145448486699425e-02 7.738589159581149568e-01 8.664711126803154029e-01 8.292378393099933964e-01 6.714640323795876276e-01 -1.114985215529691320e+00 1.527984555783222831e+01
3.345777978776631745e-01 5.222184893100614844e-02 8.615105924681869531e-01 8.150283029734847196e-01 8.253026021051081962e-01 2.064352424492129079e-01 -1.142363325651403416e+00 1.485087610215342657e+01
3.647604513053761544e-01 6.069687069232788251e-02 7.528902048906618294e-01 8.827665876846352289e-01 8.322817487990125107e-01 4.991715758589224672e-01 -1.196670042065245410e+00 1.506556310755498629e+01
4.517877138234779322e-01 6.208702949063905213e-02 5.596683798646683305e-01 9.584740968559626317e-01 8.068536367835873468e-01 9.919027907832350666e-01 -8.667918234851262893e-01 1.489649741026902774e+01
3.362071919655760244e-01 5.723811599768330316e-02 6.221026706367486225e-01 1.081364260596509697e+00 7.418027313084332164e-01 6.861693554968426589e-01 -1.031980919691989573e+00 1.343122111300458776e+01
3.558091243698279227e-01 6.033588396695338529e-02 5.469839973118781895e-01 1.078000143524941556e+00 7.457841886875692383e-01 8.508922467589776772e-01 -1.091687213488069297e+00 1.449681131907635212e+01
4.591483532819516933e-01 4.040355999830796963e-02 5.599707551348390711e-01 8.295634684727211106e-01 8.385592661883045640e-01 4.308068633092295707e-01 -8.112342846355991011e-01 1.492694222519772929e+01
3.077484361755705722e-01 3.559262725802925242e-02 5.015959246208303579e-01 1.136700593859243602e+00 7.578158110820123472e-01 6.346797500070042730e-01 -1.179865014970170600e+00 1.427926991782208432e+01
2.646647151224675865e-01 5.741463433360237401e-02 7.465873484169538443e-01 1.109368193611981024e+00 8.165021234167850750e-01 5.097630083915202226e-01 -1.286945887795074128e+00 1.502355991505368848e+01
4.837792379334112658e-01 5.382593543264310026e-02 5.311455493255564653e-01 8.589068367536411008e-01 7.979585429791643536e-01 6.125793267428291111e-01 -8.916098106286065583e-01 1.494247620187108794e+01
3.250760451698641029e-01 4.030145971750873080e-02 8.449116724013780999e-01 8.063518898376312860e-01 8.230188687272698145e-01 2.506990535418620047e-01 -9.881601292798418701e-01 1.488663716660915703e+01
3.220307288556361613e-01 6.226963728912747464e-02 7.575397396747495238e-01 9.824112070448238754e-01 7.525895672142206561e-01 7.617097016316416447e-01 -9.775244188251792643e-01 1.408812167673467641e+01
2.643621635769060063e-01 5.536730576931503389e-02 7.338580961267010538e-01 1.112813600334913167e+00 8.541507622675892364e-01 2.619713230354694944e-01 -1.204748499429532993e+00 1.490925777277779218e+01
4.619706221966856097e-01 3.646876521437906332e-02 5.132744257798415033e-01 8.827762394613153374e-01 8.387952252598174230e-01 3.853163272533733918e-01 -7.938114454589642044e-01 1.494591527455874669e+01
4.405214226466884764e-01 6.098187511530658855e-02 6.113418633019523929e-01 8.335091172481062793e-01 8.353009404970985763e-01 2.011465573951354835e-01 -9.285161237550851876e-01 1.497651313406614193e+01
4.257285812815860826e-01 6.477243845794800059e-02 5.954741511959912303e-01 9.129580823961842562e-01 7.991754790689500343e-01 8.434443752535818462e-01 -1.286058288616252598e+00 1.509066520104591014e+01
2.751418954926391214e-01 4.679729681765787408e-02 8.962888390451384524e-01 9.339781885336837508e-01 7.950971962816691940e-01 8.405280244914989929e-01 -1.099881783867825202e+00 1.428298212098286868e+01
2.933219064331438197e-01 4.183885580056573988e-02 8.726669461936873429e-01 9.119232812175699365e-01 8.250160673495282593e-01 8.515908980213577895e-01 -1.150614888286958459e+00 1.484210474260951251e+01
4.076930208889835150e-01 6.246500703989271014e-02 5.762357310789703035e-01 9.142713284706056598e-01 8.084604906976834426e-01 2.287364500903027453e-01 -1.162003183836420428e+00 1.502394465355061115e+01
3.527150586015194156e-01 3.768901309464798427e-02 7.881690582836206049e-01 8.784364655949273848e-01 8.701475099392239620e-01 9.437578928920385968e-01 -1.270532270603490721e+00 1.531285806797793292e+01
3.185472887676867870e-01 3.575156056135633809e-02 6.966039182283905173e-01 9.414099904593168366e-01 8.251875771575033491e-01 6.912787225561063398e-01 -1.201450789313664114e+00 1.495127600365380793e+01
3.353720494935348850e-01 6.542029895524011096e-02 6.507295466453322241e-01 1.150021664282396383e+00 8.637756134044767276e-01 8.834497133926012546e-01 -9.217960837658966122e-01 1.477204469282120414e+01
4.441505886249882407e-01 6.709062206530949646e-02 5.636201703260962370e-01 9.080122214712883499e-01 7.775762708945495039e-01 8.593506010978196885e-01 -1.068303981880173836e+00 1.478055002235548798e+01
2.985904097258204049e-01 4.146928047872069228e-02 8.705904444121581598e-01 8.844184481198278380e-01 8.333171563087644618e-01 4.526578689440627357e-01 -1.035321537070086562e+00 1.476209593264838027e+01
2.946264096120548848e-01 3.235347481998936126e-02 7.043203078477501267e-01 9.349256326351205182e-01 8.517794740763309225e-01 2.573092549125011175e-02 -8.228098038885568455e-01 1.475427721275052662e+01
2.889234815345141927e-01 3.060736013147923040e-02 8.286101531801961517e-01 8.919501199042345618e-01 8.148191481866110530e-01 4.412316425577693102e-01 -1.233521918648707416e+00 1.442185777962933990e+01
3.461262385359371585e-01 3.650314864370670515e-02 6.738687976253191492e-01 9.651650076845930126e-01 8.654223996468791702e-01 6.979533195470962736e-01 -8.637835816757224450e-01 1.491554749573212924e+01
3.126189226570792457e-01 3.013649474869881453e-02 8.382988742364745338e-01 8.366686874504477567e-01 8.423716330754177362e-01 7.647461599624532091e-01 -1.091648174779198399e+00 1.491915930592767126e+01
3.931243132333516188e-01 5.637558770194968372e-02 5.587792310969191822e-01 1.035667698219486121e+00 7.930176717604737746e-01 9.119511018303907424e-01 -9.945014665520972574e-01 1.485405017854799148e+01
3.537997152711406246e-01 4.188047544186647431e-02 5.005960014258004076e-01 1.021838676109189326e+00 8.062376362605756519e-01 1.017761112528708933e-01 -9.225738010926438637e-01 1.462745181152086360e+01
3.049440200678472657e-01 5.206235956542742960e-02 8.888228518813510171e-01 8.828202225544068416e-01 8.127201262690755268e-01 5.516341758671728934e-01 -1.016436715417014192e+00 1.455837777726162940e+01
3.991023281353796026e-01 6.092352898557244767e-02 6.540999244727753181e-01 8.588951347364893740e-01 8.482670167978082487e-01 7.181655726598801248e-02 -1.220477495856260086e+00 1.513210785444412920e+01
3.238749999233182519e-01 6.554971665643173628e-02 6.522054476919056931e-01 1.050295933197630260e+00 7.593381402556619308e-01 8.549329014844563313e-01 -1.062516241708423070e+00 1.454540065546680339e+01
2.734016731435301439e-01 6.045246129967264681e-02 8.299923084817393271e-01 1.024254802034035183e+00 7.910163592917791586e-01 8.021598576852024820e-01 -1.269125624694630305e+00 1.474320733174386788e+01
3.225473005580106189e-01 5.660109200521558359e-02 7.889492561180514452e-01 9.213272619460214363e-01 8.214482995624883266e-01 3.275534632442212990e-01 -8.867539586078339031e-01 1.475710783005308713e+01
3.114387065249034636e-01 3.688407473102147532e-02 5.753986806753544903e-01 1.132459997843080712e+00 8.117861862670130435e-01 9.018066294177369269e-01 -1.018167487705144980e+00 1.468720686057171854e+01
3.313678078699289209e-01 6.171105513135023701e-02 7.476196824053189527e-01 9.326462693234387480e-01 8.299732513314886928e-01 2.367175256300896313e-02 -8.200988404312319346e-01 1.491842264047330779e+01
2.839015847336168186e-01 6.421530629358107589e-02 8.471508744642731736e-01 9.983823298762118936e-01 7.555659267335952389e-01 9.630195094301843284e-01 -1.142947696355164799e+00 1.432099521024821343e+01
3.557238791138609413e-01 6.916449251563724920e-02 8.040817534629736141e-01 8.693891018574768648e-01 8.036160214497759524e-01 3.785571537485388216e-01 -9.183553598877163271e-01 1.441166049249534531e+01
3.240413126511195729e-01 4.948149626265732626e-02 5.600627001496897295e-01 1.053217312482617407e+00 7.640810248529859017e-01 2.693884971166237152e-01 -8.943036910846018372e-01 1.423044058774210718e+01
2.997391491836294830e-01 6.987100950546253075e-02 7.703304784313379505e-01 1.039445348603667441e+00 7.904659099818578394e-01 3.123426456541065210e-01 -1.056307758214135584e+00 1.480939907637186437e+01
3.603422185028882785e-01 5.289092231092182295e-02 5.778800460606356992e-01 9.977412202404281061e-01 7.926604792317888393e-01 5.832728692260192860e-01 -7.805925175478212186e-01 1.464057725882667604e+01
4.060434426248309414e-01 6.301395761678138530e-02 6.470487644628678536e-01 8.891956374773727356e-01 8.129638259000820932e-01 6.059687759770668869e-01 -7.932543109055631980e-01 1.496207977327703453e+01
3.380885687199222112e-01 6.400144133913848732e-02 6.961685700318346326e-01 1.018213543173926761e+00 7.361503070583790276e-01 6.482832504681868002e-01 -1.241361822973606532e+00 1.379692424685462271e+01
3.408178692999087600e-01 4.186718452083730557e-02 5.503451036265051277e-01 1.037847542592095662e+00 8.139359212300503188e-01 4.345775982218247901e-01 -8.751881609873771728e-01 1.479861445574645273e+01
4.099173956063341118e-01 6.911567242750894791e-02 5.989090547336408665e-01 9.633454496218044616e-01 8.448900313997906864e-01 1.771251664602703779e-01 -9.647119752242038215e-01 1.532357620800851805e+01
2.871312687322499224e-01 3.856615973841423517e-02 7.546646093434882241e-01 9.374127358744859251e-01 8.472245163239251475e-01 1.094003064286342419e-01 -1.155409281794096188e+00 1.487935348276023007e+01
4.493984330252663861e-01 4.195491712826100728e-02 5.307365953693919947e-01 9.566478086804817149e-01 8.371007220864777887e-01 9.572951040946844348e-01 -7.155750103732878564e-01 1.493039231969977543e+01
3.094780089518690547e-01 5.871240640069838590e-02 7.753081042118702415e-01 9.802060961121489280e-01 8.244588907415675294e-01 5.339593165548573994e-01 -1.059243341152198203e+00 1.477996656926887376e+01
3.401851371947679503e-01 4.923181350496814990e-02 5.467325899299749770e-01 1.062524330643072723e+00 7.642131806934931992e-01 6.668094013872332138e-01 -1.076522119741113448e+00 1.437849114870963518e+01
3.111587708179256451e-01 3.146726604417224987e-02 8.235175631959454901e-01 8.101296393747545732e-01 8.514083490834805090e-01 6.118179313209459735e-03 -1.214375803594547776e+00 1.516642521969700574e+01
2.168661696097469727e-01 4.091886200827558884e-02 8.619995521376615510e-01 1.070677296220764463e+00 8.341496041289787611e-01 1.453913191579596087e-01 -1.182928983155938640e+00 1.464015278484701810e+01
2.846822444048812129e-01 3.906818419688963540e-02 7.154334778199552547e-01 9.978370208625467752e-01 7.875873169864051615e-01 6.434325548391663929e-01 -1.241240405795141388e+00 1.432033577591300677e+01
2.653520026657595343e-01 5.281102642835857480e-02 6.345721935791472923e-01 1.090066031402431745e+00 7.799119843767778892e-01 2.206508574643353260e-01 -1.043969230994828967e+00 1.464881508773990326e+01
4.274437363050183070e-01 6.428966287619675146e-02 6.304539330318028600e-01 8.578918393864457537e-01 7.941848537864117930e-01 7.582435795673381218e-01 -1.164745430751855215e+00 1.488532156427425690e+01
3.453466668917695714e-01 4.572039405755640856e-02 7.259391853335650513e-01 8.563880628354084701e-01 8.330366445229241412e-01 6.236997419890261130e-02 -1.015186271649521021e+00 1.485939379194037890e+01
2.731256269559541039e-01 6.329823088901739836e-02 7.932809369438081903e-01 1.046229699310543326e+00 8.450683530872482585e-01 7.726797426088782839e-02 -1.103246184069445412e+00 1.487808144427671131e+01
4.079591383859823006e-01 3.821221767505303402e-02 5.538435119720569455e-01 9.895594948430432858e-01 8.344851925161691497e-01 7.668409794828149328e-01 -8.382901727894261912e-01 1.512412460315404950e+01
3.367733347443955805e-01 6.777336299421743426e-02 7.352990530171967798e-01 9.776998648399020109e-01 8.190699709060994538e-01 5.275499021890631690e-01 -1.252695157932447456e+00 1.520442592399121651e+01
3.991023281353796026e-01 6.092352898557244767e-02 6.540999244727753181e-01 8.588951347364893740e-01 8.482670167978082487e-01 7.181655726598801248e-02 -1.220477495856260086e+00 1.513210785444412920e+01
3.142486936651378571e-01 4.750199161908583156e-02 7.602976218891950300e-01 9.338942380734405191e-01 8.482346032748993014e-01 3.314548767506805271e-01 -9.005415686806865772e-01 1.494684895378643930e+01
2.713770017171454052e-01 4.318375889437110066e-02 7.489599073307591226e-01 1.040542444028374813e+00 7.853672364585582155e-01 6.840587141088249057e-01 -8.971865296899266262e-01 1.426735153588248117e+01
3.200631954068501317e-01 3.340862217503254988e-02 7.644250349503551867e-01 8.950096417683875982e-01 8.333320641390098427e-01 8.518450856925464665e-01 -8.912240447725410242e-01 1.461540435805927807e+01
3.557238791138609413e-01 6.916449251563724920e-02 8.040817534629736141e-01 8.693891018574768648e-01 8.036160214497759524e-01 3.785571537485388216e-01 -9.183553598877163271e-01 1.441166049249534531e+01
3.757472503852929968e-01 5.618062245283984846e-02 7.598866665192828274e-01 8.978172516793639923e-01 8.432389588741302511e-01 9.016080437447839824e-01 -1.014140700185709676e+00 1.516913604182996345e+01
4.137071362244615358e-01 4.458128248580187775e-02 5.671466648398032495e-01 8.675377111158835142e-01 8.168251945213449439e-01 1.845039425869615668e-01 -1.092043018631660090e+00 1.509581639192806257e+01
2.849391438276981381e-01 3.355126074966244265e-02 6.305936824832799603e-01 1.017027158789535646e+00 8.566121032949922665e-01 6.822640538730939674e-03 -1.015046859155164682e+00 1.477753307428429075e+01
3.134002246260252922e-01 5.841540471299660336e-02 7.077971716195405882e-01 9.714790482265168725e-01 7.816047843440222520e-01 3.226685129219482584e-01 -1.049265863268073140e+00 1.465684651713585396e+01
3.438632753959456334e-01 5.972316246489887265e-02 6.324657474351115249e-01 1.015723850141778906e+00 7.458833377277827026e-01 6.327988013142018531e-01 -1.162118650270796749e+00 1.429765669716764975e+01
2.600104985371282096e-01 3.458831286256876247e-02 8.539102710093998683e-01 9.560199999669206639e-01 8.137020097946046082e-01 5.417936295714700368e-01 -1.248064029389568175e+00 1.483368800017983702e+01
2.506354204307795763e-01 4.812656236724958958e-02 8.725227735987980404e-01 1.003366245843748672e+00 8.413499502375334504e-01 1.096853160058749999e-01 -1.121553531805341120e+00 1.486706909693074152e+01
2.334952797113196976e-01 3.249739773060501130e-02 6.303141435981381990e-01 1.161059537440486178e+00 7.985176706675977121e-01 4.695009388720069454e-01 -1.191300438474536483e+00 1.484419130142636867e+01
4.407878429256213426e-01 5.713072761900522822e-02 5.681315760563133699e-01 9.273850758443737963e-01 8.310404992422136816e-01 9.158036956135580109e-01 -1.041303275994202249e+00 1.505828698076987848e+01
3.581702506764132821e-01 3.960614754763148310e-02 6.732919173553656433e-01 9.092825557183392693e-01 8.825770908845613771e-01 1.338415549969030338e-01 -1.153401370964299621e+00 1.526474117944416875e+01
3.995104698520552944e-01 4.667158397015883781e-02 6.287183881544884390e-01 8.987660733704527782e-01 8.419441690764111197e-01 5.293391909563708309e-01 -8.180187627448114451e-01 1.496224269924919170e+01
2.988813161716189493e-01 3.607186333201242018e-02 8.322644153778918641e-01 8.908562728858009372e-01 8.890970480199749115e-01 3.330194913253445854e-01 -9.467273594258257541e-01 1.489232380285214141e+01
2.846822444048812129e-01 3.906818419688963540e-02 7.154334778199552547e-01 9.978370208625467752e-01 7.875873169864051615e-01 6.434325548391663929e-01 -1.241240405795141388e+00 1.432033577591300677e+01
3.604512629260249179e-01 6.298327223729839608e-02 7.778849644583810674e-01 8.454357892274454445e-01 8.267729642837901016e-01 2.410395499549957132e-01 -1.172911009936872695e+00 1.532481562838192346e+01
3.841223469658338052e-01 5.740854384043053704e-02 6.478418870060929091e-01 9.729899181563861355e-01 8.386591142164890877e-01 8.418131487736745244e-01 -1.112784431318613265e+00 1.525667943356414114e+01
4.640043696281045404e-01 5.053356231439698476e-02 5.920838207259020436e-01 8.598976261215092176e-01 8.119586868722274975e-01 9.604929666114183640e-01 -7.451739523569310686e-01 1.475620241013711542e+01
2.896678212915104744e-01 4.020240187846559066e-02 7.029093711398052280e-01 1.006843144915827715e+00 8.079171405457507005e-01 6.419185175159575207e-01 -9.396259573093244111e-01 1.453095592939689062e+01
2.856672629285027520e-01 3.762227038127579498e-02 7.640302405827057441e-01 9.518036393926436745e-01 7.899276244792545754e-01 5.303170831413456243e-01 -1.194250484034148574e+00 1.434124811131440502e+01
3.855228759976655484e-01 4.535665322311665387e-02 5.887383049745065211e-01 9.160320111829659551e-01 8.683189434105682558e-01 9.920741653579590036e-03 -1.052220515462218398e+00 1.528162619264504585e+01
3.299882403935113784e-01 6.295818005329723022e-02 7.615847820366143939e-01 9.553815425646698944e-01 8.646750287314322048e-01 3.033213558474845417e-02 -7.981307380105339133e-01 1.486353228734170528e+01
3.034641119972918966e-01 4.706964486785346347e-02 7.759333048731109628e-01 9.736756270090001220e-01 7.820441721770560184e-01 9.798992167758526772e-01 -1.271260019418414045e+00 1.458713942951642117e+01
4.278503928634278530e-01 5.972258676116780352e-02 6.756325777099099206e-01 8.530507439838499462e-01 8.463671473064922068e-01 5.840281444870636385e-01 -8.050842149305216244e-01 1.498556156974104603e+01
3.335327564889114527e-01 6.362520954360444125e-02 8.351916867248951881e-01 8.704307811196551059e-01 7.895326724579228017e-01 5.343126260832633534e-01 -1.218890388588375728e+00 1.468060088190952861e+01
3.091732957459449871e-01 6.710743494463364267e-02 7.933639721994774074e-01 1.002642707254623788e+00 7.796654543225015610e-01 8.252210668019295259e-01 -9.688643932423743887e-01 1.455900928209730161e+01
3.861773642160472031e-01 5.045388967407211239e-02 7.188111853273860818e-01 8.210319974253005304e-01 7.981123168853836436e-01 7.012038459170018001e-01 -1.198019284481853353e+00 1.472205577268572796e+01
3.699645720950746064e-01 6.033946347283909717e-02 8.963382916669453415e-01 8.115937060075516518e-01 8.818215236876902896e-01 7.361307111787205315e-01 -8.739373555908841462e-01 1.535346239444307948e+01
3.134002246260252922e-01 5.841540471299660336e-02 7.077971716195405882e-01 9.714790482265168725e-01 7.816047843440222520e-01 3.226685129219482584e-01 -1.049265863268073140e+00 1.465684651713585396e+01
3.070134523359866474e-01 4.888858595755379843e-02 8.924240518177852799e-01 9.256760037965097165e-01 8.770338080196149466e-01 7.819891564070741152e-01 -7.471343940316510501e-01 1.483578300503134173e+01
4.278503928634278530e-01 5.972258676116780352e-02 6.756325777099099206e-01 8.530507439838499462e-01 8.463671473064922068e-01 5.840281444870636385e-01 -8.050842149305216244e-01 1.498556156974104603e+01
3.077890322749406993e-01 4.916786797230772443e-02 7.867826089086928931e-01 9.150450295573973047e-01 7.978779087589860097e-01 2.356897819556450502e-01 -9.860691954525884206e-01 1.443757059352291172e+01
2.643621635769060063e-01 5.536730576931503389e-02 7.338580961267010538e-01 1.112813600334913167e+00 8.541507622675892364e-01 2.619713230354694944e-01 -1.204748499429532993e+00 1.490925777277779218e+01
3.217606065144353877e-01 6.484044598061128317e-02 8.966885895080076718e-01 8.975553050411351208e-01 7.824658401648355577e-01 9.038848707705273711e-01 -1.129977207639626391e+00 1.462798455350110594e+01
3.267720375599798555e-01 6.108454070222210652e-02 8.729169718491491814e-01 8.790704947136509517e-01 8.028971643076332487e-01 7.366767800168028124e-01 -1.242109422438339328e+00 1.481982569341831457e+01
3.299882403935113784e-01 6.295818005329723022e-02 7.615847820366143939e-01 9.553815425646698944e-01 8.646750287314322048e-01 3.033213558474845417e-02 -7.981307380105339133e-01 1.486353228734170528e+01
4.544413594446534699e-01 5.979194194752532332e-02 5.088561495689196690e-01 9.538273072525560448e-01 7.737121095295509399e-01 8.624031950178612238e-01 -7.407999525778484751e-01 1.454597678310829956e+01
3.164963789144126238e-01 6.088033512149938764e-02 6.368641215464367900e-01 1.044042309644149569e+00 7.968460789308592362e-01 3.065935685772316344e-01 -1.124760546784694837e+00 1.489967010692051730e+01
4.362818223091577963e-01 5.790539785962113550e-02 6.109402714708884741e-01 8.946765382777309705e-01 8.125062109676081112e-01 8.548065467201297896e-01 -1.068185394955530221e+00 1.520281709163404571e+01
3.853980926602867951e-01 3.552081456327724901e-02 7.059032331604244703e-01 8.095490776109242059e-01 8.736416299205028713e-01 3.470750480118649506e-01 -1.107009992108861196e+00 1.533643842154593173e+01
3.378672610601739512e-01 4.904542834718293026e-02 6.089171519698154400e-01 9.803363721025014632e-01 7.961548574460439731e-01 1.001315889890569411e-01 -1.067364763385765247e+00 1.454124107499829321e+01
4.299665409583059983e-01 5.337796735355168631e-02 5.342931222607965047e-01 9.843569739566246923e-01 8.546709399282415021e-01 5.682185951481472097e-01 -9.302973991012689625e-01 1.543514315962342920e+01
3.173330607268859405e-01 5.545785375824015262e-02 5.487303838841662840e-01 1.129233174784509464e+00 7.783714255495507439e-01 6.818168404566657959e-01 -8.358853088636359896e-01 1.436524004081782735e+01
3.346540716933257831e-01 5.108604990145432234e-02 7.405522172255281088e-01 9.407594288239222724e-01 8.173793505615786215e-01 7.989680848475360087e-01 -1.292122718236934809e+00 1.488430561473121827e+01
3.821398048844715234e-01 6.963462819145609106e-02 6.213302988994953147e-01 9.863491082587521053e-01 8.036311665854082298e-01 6.296643687207251761e-01 -9.710290234573757395e-01 1.497974329019287687e+01
2.887423492936105340e-01 6.400497857270674718e-02 7.041918430113615068e-01 1.051181124122713584e+00 7.870831507915643233e-01 3.420206193595603517e-01 -1.096157541295525562e+00 1.472795959326697535e+01
3.037469931148809588e-01 4.778517205605184448e-02 6.320471731544275995e-01 1.032192912063478296e+00 8.322740434072302129e-01 3.276554775288540999e-01 -1.097784913444062038e+00 1.493101426936987686e+01
3.130005873848148434e-01 4.747365941775072429e-02 7.231788471525103512e-01 9.836876541459798062e-01 7.955227799465336425e-01 8.525914098565676724e-01 -1.032003849538911666e+00 1.457117278645328540e+01
3.316172591151623772e-01 6.787391373941356609e-02 5.069796822762941968e-01 1.102726460375538675e+00 7.758021663364154108e-01 6.299133682699065151e-02 -8.393407188557648890e-01 1.443906193341761934e+01
4.104754122421393481e-01 5.441001066432228639e-02 6.075791498328070306e-01 9.453928910986723055e-01 8.228587624172822856e-01 8.591282133847197855e-01 -1.076155300828008254e+00 1.507517988424355515e+01
3.511211677349851401e-01 4.562402142887161255e-02 7.750567634801946992e-01 8.477858207258901491e-01 8.709358602531522831e-01 2.424619539577294591e-01 -9.666710064924082246e-01 1.513457957014478694e+01
4.475099990408627493e-01 4.813855113459616919e-02 5.935070611187950318e-01 8.225986883036232600e-01 8.722675659970282602e-01 1.624385105489301040e-02 -1.033654945866811170e+00 1.530126253963257277e+01
3.382105014677217469e-01 3.468115861022413177e-02 5.192539048325133244e-01 1.111290691061771474e+00 8.712438037743399644e-01 3.857972407163080542e-01 -1.101709884217184410e+00 1.511744360248076191e+01
3.339357708937765179e-01 5.315050361344623997e-02 7.693930630451630837e-01 8.768725291477926786e-01 7.975424304132716635e-01 1.215058705796585037e-01 -1.183514511891965437e+00 1.487146707859857919e+01
3.653682634381131278e-01 6.527672017150171202e-02 8.636982552437992844e-01 8.075873374558925066e-01 7.902904472593472729e-01 5.331553405792079925e-01 -1.152625935657049183e+00 1.454939219218169555e+01
4.060434426248309414e-01 6.301395761678138530e-02 6.470487644628678536e-01 8.891956374773727356e-01 8.129638259000820932e-01 6.059687759770668869e-01 -7.932543109055631980e-01 1.496207977327703453e+01
2.840258572183909647e-01 3.718096691701778395e-02 6.094442308832270783e-01 1.099050996594737484e+00 8.108122145327802954e-01 6.284290753723671408e-01 -9.205541921096918045e-01 1.457570811287997792e+01
2.840258572183909647e-01 3.718096691701778395e-02 6.094442308832270783e-01 1.099050996594737484e+00 8.108122145327802954e-01 6.284290753723671408e-01 -9.205541921096918045e-01 1.457570811287997792e+01
3.250760451698641029e-01 4.030145971750873080e-02 8.449116724013780999e-01 8.063518898376312860e-01 8.230188687272698145e-01 2.506990535418620047e-01 -9.881601292798418701e-01 1.488663716660915703e+01
4.532200407778045337e-01 6.253308671710300359e-02 5.055528419029984288e-01 9.090231756794020512e-01 8.204132211079293580e-01 1.748414835168565773e-01 -1.247614471111719636e+00 1.506599507468180477e+01
2.660824457335245752e-01 3.985952238995742886e-02 8.715301328826658978e-01 9.392673573819860788e-01 8.466157462589649629e-01 6.150484508349381985e-01 -1.261273728923077986e+00 1.491179397825405317e+01
3.440395540375644767e-01 3.452269608988305094e-02 5.481931248521353384e-01 9.936802198261358576e-01 8.437183378172116166e-01 2.096004782632521768e-01 -9.150369480516546972e-01 1.483242165571818916e+01
3.929715412709408051e-01 5.067058779336973406e-02 6.619233743832516614e-01 8.764001815018520603e-01 8.396553097701834334e-01 3.219631563901040328e-01 -8.419288296167507513e-01 1.500328212246540360e+01
3.858622766742906274e-01 6.908145448486699425e-02 7.738589159581149568e-01 8.664711126803154029e-01 8.292378393099933964e-01 6.714640323795876276e-01 -1.114985215529691320e+00 1.527984555783222831e+01
2.168661696097469727e-01 4.091886200827558884e-02 8.619995521376615510e-01 1.070677296220764463e+00 8.341496041289787611e-01 1.453913191579596087e-01 -1.182928983155938640e+00 1.464015278484701810e+01
4.837792379334112658e-01 5.382593543264310026e-02 5.311455493255564653e-01 8.589068367536411008e-01 7.979585429791643536e-01 6.125793267428291111e-01 -8.916098106286065583e-01 1.494247620187108794e+01
2.713770017171454052e-01 4.318375889437110066e-02 7.489599073307591226e-01 1.040542444028374813e+00 7.853672364585582155e-01 6.840587141088249057e-01 -8.971865296899266262e-01 1.426735153588248117e+01
3.014649725220979182e-01 3.003702033957507053e-02 5.395995476781390021e-01 1.085391280475030307e+00 7.618060126494141659e-01 4.612821388026310809e-01 -1.226548116564651236e+00 1.444049817773270483e+01
3.183651059403529437e-01 4.217938826397471530e-02 7.116705496124502428e-01 9.512211294569024034e-01 7.753605578667792653e-01 2.671128105520728102e-01 -1.292074633856710175e+00 1.412571653576408437e+01
3.530505835904710343e-01 6.800654448040210909e-02 6.544948692448999683e-01 9.921406965475784157e-01 8.074889915832751397e-01 5.782828005498088508e-01 -1.043029668573514313e+00 1.477729881541385915e+01
3.647214533058350527e-01 4.107223996661978072e-02 7.355114927798659386e-01 8.282724842648325758e-01 8.499071660232087044e-01 3.752248516852221272e-01 -9.641852823302152764e-01 1.510581754673460964e+01
3.126189226570792457e-01 3.013649474869881453e-02 8.382988742364745338e-01 8.366686874504477567e-01 8.423716330754177362e-01 7.647461599624532091e-01 -1.091648174779198399e+00 1.491915930592767126e+01
2.949841608996429665e-01 4.869654578033767722e-02 7.660978527651798320e-01 9.663546895416754712e-01 8.111729141946706356e-01 4.727254037649123442e-01 -1.078821922527479771e+00 1.479228191823858118e+01
3.299882403935113784e-01 6.295818005329723022e-02 7.615847820366143939e-01 9.553815425646698944e-01 8.646750287314322048e-01 3.033213558474845417e-02 -7.981307380105339133e-01 1.486353228734170528e+01
3.983984858806342011e-01 6.637205228862341766e-02 5.143810153179987354e-01 1.071847354205500258e+00 7.827591808139839902e-01 7.893831941765619975e-01 -8.941262739784543445e-01 1.496025123717795680e+01
3.370610239877001590e-01 3.361462383199825821e-02 5.245557804075317021e-01 1.025792142453756606e+00 8.150041223532901169e-01 2.664652400877661753e-01 -8.385431259202571486e-01 1.458224565048542942e+01
3.220307288556361613e-01 6.226963728912747464e-02 7.575397396747495238e-01 9.824112070448238754e-01 7.525895672142206561e-01 7.617097016316416447e-01 -9.775244188251792643e-01 1.408812167673467641e+01
4.860603955200191173e-01 3.120804484842654852e-02 5.000355046600174491e-01 8.413578075763562536e-01 8.390876213949880480e-01 3.641205189003634546e-01 -8.013041137650005474e-01 1.488698050472371293e+01
3.397014601544395829e-01 6.015888933236232528e-02 8.642085773952454808e-01 8.816647272712013761e-01 8.743550155720516415e-01 3.630847171106880711e-01 -1.049230493268427988e+00 1.508787111641280632e+01
2.570966123482259502e-01 5.835899904785818437e-02 7.879941765860049019e-01 1.057001627828050738e+00 8.505387939198860714e-01 4.398675551384495508e-02 -1.119369573863202127e+00 1.474545617072083026e+01
3.336138465925447827e-01 6.218066916129552646e-02 6.319782594726570668e-01 1.103444478864484157e+00 7.182697208470092409e-01 9.451022466796956678e-01 -1.162195573125849979e+00 1.341105954754877949e+01
3.435771988064377780e-01 6.522766834567972349e-02 8.509662281311070053e-01 8.806046302595372799e-01 7.781751577524340657e-01 7.860793474006735337e-01 -1.030287670444682391e+00 1.428398284793195216e+01
2.730769476977075727e-01 3.540345547742296262e-02 7.815576534965700262e-01 9.297042984691944456e-01 8.381415992427769801e-01 1.299463134231921280e-01 -1.268793808135812551e+00 1.491173570528529524e+01
2.804926819953648676e-01 5.135246285493089841e-02 7.536237746967930917e-01 1.021848011896086206e+00 8.564604240629001275e-01 2.377615190199978690e-01 -9.736725631478972964e-01 1.488399861356919729e+01
3.388285033721392669e-01 4.717646237753106431e-02 8.422993746799796178e-01 8.396656958544713723e-01 8.310571463606031273e-01 8.130714509528556011e-01 -9.704662180176377717e-01 1.488816131847960555e+01
3.126189226570792457e-01 3.013649474869881453e-02 8.382988742364745338e-01 8.366686874504477567e-01 8.423716330754177362e-01 7.647461599624532091e-01 -1.091648174779198399e+00 1.491915930592767126e+01
3.408178692999087600e-01 4.186718452083730557e-02 5.503451036265051277e-01 1.037847542592095662e+00 8.139359212300503188e-01 4.345775982218247901e-01 -8.751881609873771728e-01 1.479861445574645273e+01
3.354653628645887231e-01 5.471241706461681120e-02 7.415503512397541019e-01 9.067245919998332404e-01 8.203487574155468032e-01 3.725638121681844606e-01 -1.223702609749223846e+00 1.513486415800254825e+01
3.164456533771552449e-01 4.698501778980196386e-02 7.045547990546005002e-01 9.341147892827713628e-01 8.243948548586413905e-01 4.588689598562251115e-02 -9.071667557654468084e-01 1.464846617804309226e+01
3.761916092693197156e-01 6.583939935752386452e-02 7.454294471390795485e-01 8.353529023745261961e-01 8.017818831273646474e-01 2.790053250615874836e-01 -1.177881746007120034e+00 1.461006508208175525e+01
3.267335492352871906e-01 4.139475496199356008e-02 7.842219169629928155e-01 8.981074094233532090e-01 7.987405497656213660e-01 9.239852224419322635e-01 -9.969590711593597776e-01 1.441939761642944440e+01
2.565934585093075371e-01 4.165366781191102985e-02 6.836043302996981375e-01 1.088891915507771202e+00 8.613850719997766525e-01 1.384393918284303471e-01 -1.236153870019598200e+00 1.505855056581378904e+01
3.128680095793630045e-01 6.075120538494137301e-02 5.630447637605072719e-01 1.107763697132319480e+00 8.298209285119404477e-01 4.623406803403379284e-02 -7.469506729740562623e-01 1.455172720415504628e+01
3.791326422893189774e-01 3.622633727324824082e-02 5.191252398673394941e-01 9.368721439054406019e-01 8.082948262721073585e-01 1.640511233077934228e-01 -8.537116528137052018e-01 1.469883974169531804e+01
3.005809120211064833e-01 6.078247941565246421e-02 7.182186752204566815e-01 1.021080202111283475e+00 7.657679185512146214e-01 3.444243181175504764e-01 -1.007657990531892311e+00 1.445473421256392399e+01
3.786636447241127357e-01 4.984394458256471289e-02 5.961759577836150958e-01 1.001439707643404509e+00 7.966525773951557143e-01 9.184048014680482597e-01 -7.782587606120653367e-01 1.459220099138128823e+01
3.269609445092636069e-01 6.871669094837018488e-02 8.826008798515549980e-01 9.262452157581694268e-01 8.463626674454850507e-01 4.869889019500793781e-01 -1.124971196462737577e+00 1.506439308541032140e+01
2.782375847651412659e-01 3.417076917627213939e-02 8.849601301599887559e-01 9.216465883887832167e-01 7.875864550883324711e-01 6.653300790762368688e-01 -1.244524152055357824e+00 1.393959079336757867e+01
2.988017814061757482e-01 5.160378603186831226e-02 7.397934022307816049e-01 9.710927057372777949e-01 8.381479087109606763e-01 9.810031054230949898e-02 -9.768689818059308472e-01 1.492311548270691901e+01
4.348366667029153199e-01 5.585178577579276438e-02 5.638157670020927936e-01 9.081853531658686807e-01 8.265217974807413936e-01 4.376417904341398657e-01 -8.049556676941118649e-01 1.486543271243892228e+01
3.859537144811330256e-01 6.861902007538418780e-02 7.087369109885491847e-01 8.922055738673753122e-01 7.834178242175572349e-01 8.119067734535192482e-01 -8.126150854640769028e-01 1.452335463221826650e+01
2.602267147382112400e-01 4.281819467455730277e-02 6.099381200746991638e-01 1.153714559464987799e+00 7.572374243995086962e-01 6.106222671881091912e-01 -1.252022285532749857e+00 1.394326888894681460e+01
2.887423492936105340e-01 6.400497857270674718e-02 7.041918430113615068e-01 1.051181124122713584e+00 7.870831507915643233e-01 3.420206193595603517e-01 -1.096157541295525562e+00 1.472795959326697535e+01
3.558706002477635133e-01 4.807504486263397547e-02 7.836313553052886016e-01 8.078881864317746242e-01 8.444155003516813363e-01 1.332472051751971143e-01 -8.784782958316711410e-01 1.476637727710703096e+01
4.138102231448014257e-01 3.655275140139858936e-02 6.089820218933041929e-01 8.562970920472865455e-01 8.485686144636377382e-01 4.231250800009516144e-01 -8.995806852836019107e-01 1.511415253398308778e+01
3.228080853709961451e-01 5.233394148736827262e-02 8.340756143462632055e-01 8.890543911784163367e-01 7.777308732092306220e-01 6.865940654915085872e-01 -1.195516568541480362e+00 1.446568402716658852e+01
4.634437140411153955e-01 5.662622979406835289e-02 5.445601308201115653e-01 9.030729474891089348e-01 8.129845699969523443e-01 6.507513132321478544e-01 -7.560389816437410593e-01 1.488103385130109224e+01
3.572436476966306396e-01 5.023113420831405718e-02 7.882966517747749258e-01 8.245655012628319014e-01 8.330957156563135735e-01 3.009675661666543767e-01 -9.213035254377804906e-01 1.480010826072782137e+01
3.899082101199022876e-01 5.391242167422943821e-02 6.066818682989657541e-01 9.749672518377671127e-01 8.063504363418583232e-01 9.653650961010301623e-01 -1.141131986705096413e+00 1.496123678099221621e+01
2.526951745347739697e-01 6.421544462402273279e-02 8.436690628171568118e-01 1.062725603046648759e+00 8.132481337564754220e-01 3.870723407541349359e-01 -1.142473508058333698e+00 1.469552779794202557e+01
4.455341081380287394e-01 6.477515457275626054e-02 5.154568977056526169e-01 9.651648584420011723e-01 8.431237922854704081e-01 3.768193704660050547e-01 -7.067535684248396066e-01 1.495869360503904488e+01
4.617481945213054439e-01 6.990290987866268346e-02 6.246378570273042330e-01 8.557945894550683663e-01 8.422966832354435995e-01 6.567565868179905397e-01 -7.606234262006728031e-01 1.522079113012871332e+01
3.756677004190468461e-01 3.092970941808757812e-02 6.587578628767714051e-01 8.043890119997587629e-01 8.396010978577355122e-01 2.146630077566294981e-01 -1.077654843577970478e+00 1.504321460398105259e+01
2.588380777010985678e-01 6.080920267956172603e-02 8.544822935976901235e-01 1.090838171191004680e+00 8.182035229232196283e-01 6.717172973778140488e-01 -1.035257297175578906e+00 1.461673020127189382e+01
4.104754122421393481e-01 5.441001066432228639e-02 6.075791498328070306e-01 9.453928910986723055e-01 8.228587624172822856e-01 8.591282133847197855e-01 -1.076155300828008254e+00 1.507517988424355515e+01
3.063921684062811401e-01 4.259177928958580994e-02 6.856398260288063540e-01 9.756096695831555365e-01 8.304279669157259569e-01 3.047336048399918451e-01 -8.028246366481579521e-01 1.456294982130212645e+01
3.246967517177810070e-01 4.015281625026531631e-02 8.525370773626507193e-01 8.185562121950498149e-01 8.091320855957611080e-01 6.210145701541179841e-01 -1.146799488461931915e+00 1.466518552992028290e+01
3.335327564889114527e-01 6.362520954360444125e-02 8.351916867248951881e-01 8.704307811196551059e-01 7.895326724579228017e-01 5.343126260832633534e-01 -1.218890388588375728e+00 1.468060088190952861e+01
3.238749999233182519e-01 6.554971665643173628e-02 6.522054476919056931e-01 1.050295933197630260e+00 7.593381402556619308e-01 8.549329014844563313e-01 -1.062516241708423070e+00 1.454540065546680339e+01
2.588380777010985678e-01 6.080920267956172603e-02 8.544822935976901235e-01 1.090838171191004680e+00 8.182035229232196283e-01 6.717172973778140488e-01 -1.035257297175578906e+00 1.461673020127189382e+01
3.212529954145827427e-01 3.711773335629070525e-02 5.261315150241202554e-01 1.071786841210893293e+00 8.131584016482090727e-01 3.012590385773438184e-01 -1.158314534854036015e+00 1.506672224428595186e+01
2.977003109206383114e-01 4.366524479541803588e-02 7.506878110423280681e-01 9.640606552796728845e-01 7.719575732885849417e-01 6.233490798477395733e-01 -1.215701829680484014e+00 1.452046492399162148e+01
4.624834042784347066e-01 6.203856027105463661e-02 5.463788628442718398e-01 9.156665903774179327e-01 8.662042578214790289e-01 3.321569604627848116e-01 -1.116855752568588933e+00 1.554299429551898371e+01
3.880455739451703634e-01 5.288346853947210879e-02 7.455291907120301653e-01 8.648074285716796927e-01 8.310614974511510988e-01 9.343467728962027152e-01 -7.051687532068793285e-01 1.474944626290074545e+01
3.413660585106502166e-01 3.759326038620317001e-02 7.516353325798714735e-01 8.797091806742965980e-01 8.252334866854231787e-01 8.652278447480766799e-01 -1.056998646306946954e+00 1.489059922674732839e+01
2.899692602744630143e-01 6.485078615582140493e-02 6.953772166962299828e-01 1.057869069659217232e+00 8.129045482865077110e-01 1.789605495229929510e-01 -1.135394593312695877e+00 1.482524732446936433e+01
3.031955425441899554e-01 3.150169402950647041e-02 6.999062587795183976e-01 9.967244246729689561e-01 8.552300056106078019e-01 7.918171655092121064e-01 -1.187081614933511053e+00 1.506346211818441994e+01
3.527150586015194156e-01 3.768901309464798427e-02 7.881690582836206049e-01 8.784364655949273848e-01 8.701475099392239620e-01 9.437578928920385968e-01 -1.270532270603490721e+00 1.531285806797793292e+01
3.250760451698641029e-01 4.030145971750873080e-02 8.449116724013780999e-01 8.063518898376312860e-01 8.230188687272698145e-01 2.506990535418620047e-01 -9.881601292798418701e-01 1.488663716660915703e+01
2.973734676018913170e-01 4.372176148470902080e-02 8.451410067831508499e-01 8.852782241179446565e-01 7.934744835143434649e-01 5.836725676090837034e-03 -1.274212521236397944e+00 1.422070916664186413e+01
4.079591383859823006e-01 3.821221767505303402e-02 5.538435119720569455e-01 9.895594948430432858e-01 8.344851925161691497e-01 7.668409794828149328e-01 -8.382901727894261912e-01 1.512412460315404950e+01
2.878267583256127748e-01 3.164379794107361615e-02 5.257723016196492738e-01 1.195263185068467848e+00 8.312725837336175649e-01 7.263006435906658176e-01 -1.263993069987547235e+00 1.479218693462684442e+01
2.896678212915104744e-01 4.020240187846559066e-02 7.029093711398052280e-01 1.006843144915827715e+00 8.079171405457507005e-01 6.419185175159575207e-01 -9.396259573093244111e-01 1.453095592939689062e+01
2.741310695833159006e-01 4.658151846631387871e-02 5.608970929104302172e-01 1.155681571926315598e+00 8.592856552454404273e-01 3.897468678136173370e-02 -1.145044061525175128e+00 1.490513870101061400e+01
3.057074798644846547e-01 3.102556269455689075e-02 6.270541425723530349e-01 1.057279790198935920e+00 7.781919222538415948e-01 6.553964900725036680e-01 -9.226731952041062890e-01 1.362892856907411598e+01
4.071229242214340349e-01 3.353187803565415431e-02 5.075879113123903386e-01 9.522711676016992755e-01 7.993984972701619895e-01 6.287443465336396420e-01 -8.212551075401512968e-01 1.482876158249192322e+01
2.995792342389893559e-01 3.114430861462504085e-02 8.236304194804479062e-01 8.850736610168450369e-01 8.012344134458078138e-01 8.314530258671751772e-01 -1.101988300815877508e+00 1.437215394051071726e+01
2.821866628539800304e-01 6.405354378162517182e-02 7.307298768269966383e-01 1.050749515852067884e+00 7.978244571331168933e-01 1.199355565776450971e-01 -1.245049345438721033e+00 1.481421196564308218e+01
3.215118008593187415e-01 3.577606298536432916e-02 7.306724680643024161e-01 8.791202471151754461e-01 8.366987291233762836e-01 1.989348347337740464e-01 -1.080938240234265324e+00 1.486956335907496118e+01
3.220307288556361613e-01 6.226963728912747464e-02 7.575397396747495238e-01 9.824112070448238754e-01 7.525895672142206561e-01 7.617097016316416447e-01 -9.775244188251792643e-01 1.408812167673467641e+01
3.501716493878983538e-01 4.733940939361683947e-02 7.674529990079912434e-01 9.241913112340470748e-01 8.668157785028566265e-01 6.416753087951541090e-01 -9.692385908857326093e-01 1.531398109815711450e+01
3.017146129534888921e-01 3.444120576396669797e-02 5.646220597782647399e-01 1.026646090584461879e+00 8.335053299738659494e-01 8.571262484815478366e-02 -7.752954323883747279e-01 1.451228952665374550e+01
2.371753183563320988e-01 3.098569528564137573e-02 7.049650797365313304e-01 1.100711316860160771e+00 7.774534959583907501e-01 3.911530461587566787e-01 -1.284313217283849173e+00 1.421542319435378765e+01
2.844211594175738989e-01 5.287958709428469684e-02 8.848778459898796189e-01 9.060648396467384513e-01 8.218404332262913004e-01 8.657837299728865510e-02 -1.243795781659577049e+00 1.483355965929137277e+01
4.085280694908647314e-01 3.009358685298118771e-02 6.351052654858122537e-01 8.510759732915478271e-01 8.726749907973840870e-01 6.129216445305976091e-01 -9.144596535961062589e-01 1.507009981604270088e+01
3.275288015113807516e-01 5.968641217210456096e-02 8.674654070218534851e-01 8.740150442777926409e-01 8.082136183803995122e-01 5.982690047958879598e-01 -8.546247876678383371e-01 1.469592552488182591e+01
4.544413594446534699e-01 5.979194194752532332e-02 5.088561495689196690e-01 9.538273072525560448e-01 7.737121095295509399e-01 8.624031950178612238e-01 -7.407999525778484751e-01 1.454597678310829956e+01
3.274896782534912898e-01 3.366113626949927135e-02 5.506291336691823135e-01 1.114045554357615764e+00 8.545510960860707161e-01 7.076479909417554559e-01 -1.115927431047683438e+00 1.491924940067191940e+01
3.091732957459449871e-01 6.710743494463364267e-02 7.933639721994774074e-01 1.002642707254623788e+00 7.796654543225015610e-01 8.252210668019295259e-01 -9.688643932423743887e-01 1.455900928209730161e+01
3.316674813638768038e-01 3.761915300078419455e-02 7.850798119245401274e-01 9.007125299851254097e-01 8.662489809626396919e-01 6.354443956831073992e-01 -9.978822899980659411e-01 1.512182102111700743e+01
2.767144501229151787e-01 5.138645737515053213e-02 5.051884735885171507e-01 1.168947032835444766e+00 7.759768282177161858e-01 1.219583249698537597e-01 -8.311332250685172784e-01 1.423536131744760347e+01
3.008966599811665477e-01 6.453301357081005218e-02 8.347171958772726663e-01 1.019872411104398413e+00 8.427648994273904126e-01 6.171850041233699624e-01 -1.064176525689543018e+00 1.501616206872970949e+01
3.538977678154330286e-01 5.546550752054402178e-02 7.433208035170881800e-01 8.830833716594781446e-01 8.225498821194912047e-01 3.333077078448594133e-01 -9.700347477536279683e-01 1.471080794643000189e+01
3.892604919128687113e-01 6.149983768021512892e-02 8.134178200209021270e-01 8.225869090620764323e-01 8.306407480060575832e-01 9.309264193861770398e-01 -8.523349812215508248e-01 1.476121697223286233e+01
4.132089457012459999e-01 6.058432779348996156e-02 6.785418415010735504e-01 8.157045180641500082e-01 8.264226565569379179e-01 5.086214585513681996e-02 -8.118796131666221605e-01 1.470708719947584342e+01
2.944629339956300607e-01 6.432744984167385049e-02 8.820781767757239766e-01 9.618637663368984070e-01 8.244147312328591326e-01 3.588702240890739859e-01 -1.088071493025937420e+00 1.499857944934120191e+01
4.307981671765572784e-01 6.355947869616729307e-02 6.414304886540078687e-01 8.694944537191470202e-01 8.182489149018647989e-01 7.306227884299749675e-01 -1.113438688283555633e+00 1.510800439273103635e+01
2.997629752855625052e-01 4.019511669126305670e-02 6.446904526217795972e-01 9.957902276097612138e-01 8.215148130992351305e-01 2.934192965402999120e-01 -1.219126247805251362e+00 1.482273575002772681e+01
2.906553370363839095e-01 3.121283689382391840e-02 5.904033670899041519e-01 1.055908502228404267e+00 8.421951507910340196e-01 3.080021968942303068e-01 -1.165557080227888731e+00 1.474372256487690969e+01
3.539797734379606098e-01 6.800655642585280714e-02 5.592221608295595559e-01 1.094644702366349698e+00 7.638752223634824867e-01 8.530045489067804576e-01 -9.040243835902146419e-01 1.448245190219888912e+01
3.400030427316237391e-01 5.623764866140368995e-02 6.992403713652713959e-01 9.002103149557321160e-01 8.199410891574017146e-01 1.634131958200875645e-01 -1.172130742272581960e+00 1.486510367334990512e+01
3.317410213614256920e-01 3.279292112912281232e-02 7.096465925543088415e-01 9.117333450937128436e-01 8.775139386887655935e-01 3.541956133397083928e-01 -9.202370992322161936e-01 1.485961764721147915e+01
3.527150586015194156e-01 3.768901309464798427e-02 7.881690582836206049e-01 8.784364655949273848e-01 8.701475099392239620e-01 9.437578928920385968e-01 -1.270532270603490721e+00 1.531285806797793292e+01
3.382105014677217469e-01 3.468115861022413177e-02 5.192539048325133244e-01 1.111290691061771474e+00 8.712438037743399644e-01 3.857972407163080542e-01 -1.101709884217184410e+00 1.511744360248076191e+01
3.572436476966306396e-01 5.023113420831405718e-02 7.882966517747749258e-01 8.245655012628319014e-01 8.330957156563135735e-01 3.009675661666543767e-01 -9.213035254377804906e-01 1.480010826072782137e+01
2.643621635769060063e-01 5.536730576931503389e-02 7.338580961267010538e-01 1.112813600334913167e+00 8.541507622675892364e-01 2.619713230354694944e-01 -1.204748499429532993e+00 1.490925777277779218e+01
4.817763696197122636e-01 6.753806809740986461e-02 5.732459120997560609e-01 9.163672551167609814e-01 8.418439088547358118e-01 9.631622926818854680e-01 -9.029929120540827192e-01 1.521603526193117872e+01
2.317398216812654732e-01 3.668728101808339109e-02 7.418537919812718817e-01 1.066181644349485591e+00 7.999660998537896361e-01 3.398334757213488655e-01 -1.093417760808358397e+00 1.441591747362661913e+01
3.335327564889114527e-01 6.362520954360444125e-02 8.351916867248951881e-01 8.704307811196551059e-01 7.895326724579228017e-01 5.343126260832633534e-01 -1.218890388588375728e+00 1.468060088190952861e+01
3.287721848478057929e-01 5.945903624824688816e-02 7.018329241225638171e-01 9.907282854133377947e-01 7.487695372957650086e-01 7.458567585540453182e-01 -1.195369438400117224e+00 1.436587928020588656e+01
3.445078715357193788e-01 4.527640415154196574e-02 5.803607291058128226e-01 1.021379326132823895e+00 8.097522208924237130e-01 5.356257271360619354e-01 -1.230006387586621841e+00 1.486968753370768681e+01
2.424633139382212921e-01 3.662080976799648308e-02 6.092253706676976632e-01 1.194451179282713937e+00 8.383543167018612241e-01 5.095852729079267673e-01 -1.139910836124782945e+00 1.477641707766906620e+01
2.516561869664571960e-01 6.347286802485577195e-02 7.619152108351375796e-01 1.122639310507249188e+00 8.316169343534033365e-01 1.078393680411982580e-01 -1.033153298957117716e+00 1.479865217809277844e+01
4.578131096228359453e-01 6.642905661322590083e-02 6.587885111832243457e-01 8.703894206195756933e-01 8.561773695348218194e-01 8.065147745444150029e-01 -9.725363706993868096e-01 1.543875159267170893e+01
4.060434426248309414e-01 6.301395761678138530e-02 6.470487644628678536e-01 8.891956374773727356e-01 8.129638259000820932e-01 6.059687759770668869e-01 -7.932543109055631980e-01 1.496207977327703453e+01
4.188670500611572090e-01 5.882158274844172252e-02 6.040520116606810097e-01 9.270820759613108697e-01 8.547039621725707192e-01 4.870685094673873339e-01 -1.211071055811033581e+00 1.543091682576441848e+01
3.550649435357837724e-01 6.760451722690782872e-02 8.351936180906383012e-01 8.482824773709481958e-01 8.274673690757682332e-01 1.770542574811603265e-01 -1.132147289768488996e+00 1.519288531644881424e+01
2.857450419998038837e-01 3.755553624310124100e-02 7.285640488110618485e-01 1.046380180505606106e+00 8.399086380578397737e-01 8.314950541005862172e-01 -1.226601678421406660e+00 1.515891473507561038e+01
2.734016731435301439e-01 6.045246129967264681e-02 8.299923084817393271e-01 1.024254802034035183e+00 7.910163592917791586e-01 8.021598576852024820e-01 -1.269125624694630305e+00 1.474320733174386788e+01
2.912112667090265283e-01 3.795425177333657668e-02 8.440901856161177053e-01 8.968713909476815349e-01 8.051709759682538214e-01 6.338596504192250958e-01 -1.147434489022144621e+00 1.460931504767028244e+01
3.550649435357837724e-01 6.760451722690782872e-02 8.351936180906383012e-01 8.482824773709481958e-01 8.274673690757682332e-01 1.770542574811603265e-01 -1.132147289768488996e+00 1.519288531644881424e+01
4.076930208889835150e-01 6.246500703989271014e-02 5.762357310789703035e-01 9.142713284706056598e-01 8.084604906976834426e-01 2.287364500903027453e-01 -1.162003183836420428e+00 1.502394465355061115e+01
3.718893900210623604e-01 5.750226591630169803e-02 6.652005997700938256e-01 9.381183508086859968e-01 7.861713216854449016e-01 8.319785480322975380e-01 -7.929588912418183977e-01 1.446750759720969093e+01
3.598606011849844188e-01 3.492307755857013835e-02 5.580007822019006358e-01 1.015819729089506795e+00 8.743924130791557170e-01 3.591598161560198843e-01 -1.228608967484524639e+00 1.509863301707154193e+01
3.013587272584459242e-01 4.314688795200202071e-02 6.216756444995149566e-01 1.029681187874900150e+00 8.493374601630195864e-01 3.074022928994946113e-03 -1.097881656171288522e+00 1.507184843567304711e+01
4.325778563584655734e-01 3.165497474594927696e-02 5.966893765144892781e-01 8.025672905649796629e-01 8.120899061830177956e-01 6.785057259303153288e-01 -9.524831554504782360e-01 1.500391038595522630e+01
3.422350860973535358e-01 4.388648653830357071e-02 6.239415845393172511e-01 9.890290621785465808e-01 8.464667445995608386e-01 3.250773570529347789e-01 -1.080840808420567178e+00 1.527963448937013702e+01
2.985904097258204049e-01 4.146928047872069228e-02 8.705904444121581598e-01 8.844184481198278380e-01 8.333171563087644618e-01 4.526578689440627357e-01 -1.035321537070086562e+00 1.476209593264838027e+01
3.289563003863352764e-01 3.730765540611823139e-02 6.996179644803522946e-01 9.432294534043933476e-01 7.856338749793282394e-01 9.409001691350862284e-01 -1.131269568127933223e+00 1.438715940337784716e+01
3.192089237107678668e-01 3.893746102938459852e-02 5.296497961169516211e-01 1.050865507281591560e+00 8.067585591092121255e-01 1.336850336167171305e-01 -1.026133045782120723e+00 1.456541812672336178e+01
3.604512629260249179e-01 6.298327223729839608e-02 7.778849644583810674e-01 8.454357892274454445e-01 8.267729642837901016e-01 2.410395499549957132e-01 -1.172911009936872695e+00 1.532481562838192346e+01
4.193105390713837144e-01 5.862182881341555796e-02 6.742857746170376476e-01 8.883199518092468328e-01 8.407713021173152113e-01 9.433448548967250380e-01 -9.113562119329505773e-01 1.502294526309320410e+01
3.277431966433451138e-01 5.399927478704862061e-02 7.056351993707177250e-01 1.052218592287665455e+00 8.503717371753857224e-01 9.965896726943044293e-01 -7.854525416280349059e-01 1.486212488166722068e+01
3.404115163596949101e-01 4.166556368305086855e-02 7.636630317413801716e-01 8.144567223882233087e-01 8.176233335079400311e-01 1.998308843449431160e-01 -1.194347785710272891e+00 1.485044787043590730e+01
3.623040557717014387e-01 6.867150748356465328e-02 7.004745406239096805e-01 9.191368184011917686e-01 8.150585338601834540e-01 1.689835186843307580e-01 -9.016825453034413851e-01 1.479457856802176074e+01
3.163498019842951869e-01 3.863806032451859440e-02 6.161650747986298082e-01 1.039680460188260991e+00 7.762645598004128678e-01 8.031748299424890103e-01 -9.094134311617325661e-01 1.387409878945892494e+01
3.202119827026396193e-01 4.463739087269782968e-02 5.311351737055864941e-01 1.054947168706402705e+00 8.067779574605066228e-01 1.061502941177189241e-02 -1.038486254895068184e+00 1.481806884492751841e+01
4.857166911859003289e-01 6.735266505801880410e-02 5.274252655662992062e-01 9.008806693052966441e-01 8.497773181890637684e-01 3.202341494645777886e-01 -9.128645004380007144e-01 1.548525234297965802e+01
2.837010925112317672e-01 5.232813421000993837e-02 5.233448456033227281e-01 1.133356815880213420e+00 7.921021949383424410e-01 3.321592277493312650e-02 -1.072160706247844875e+00 1.460013209800072609e+01
2.883047116667845078e-01 6.638341152870480544e-02 7.562934418087037258e-01 1.090603620139029450e+00 8.137706785542333510e-01 5.921937972455483257e-01 -8.338580074809825993e-01 1.480620245762608533e+01
3.653682634381131278e-01 6.527672017150171202e-02 8.636982552437992844e-01 8.075873374558925066e-01 7.902904472593472729e-01 5.331553405792079925e-01 -1.152625935657049183e+00 1.454939219218169555e+01
3.656294356779145049e-01 6.557858559865833992e-02 5.451905412966350228e-01 1.032985605124269624e+00 8.068089818227168752e-01 3.443313420914857481e-01 -1.086571801624635514e+00 1.489670352489984317e+01
3.126945992736397395e-01 3.887611079652726620e-02 5.103726379161153126e-01 1.124092594053174743e+00 7.614308935817355461e-01 6.492937560024919508e-01 -9.560796945288646542e-01 1.422953320143977507e+01
4.455341081380287394e-01 6.477515457275626054e-02 5.154568977056526169e-01 9.651648584420011723e-01 8.431237922854704081e-01 3.768193704660050547e-01 -7.067535684248396066e-01 1.495869360503904488e+01
3.937201161144855410e-01 6.480743253576654039e-02 5.355161836968234113e-01 1.012525736072555471e+00 8.719967143619096195e-01 3.076089182121266585e-02 -1.275731716265567917e+00 1.536034898025794604e+01
4.517877138234779322e-01 6.208702949063905213e-02 5.596683798646683305e-01 9.584740968559626317e-01 8.068536367835873468e-01 9.919027907832350666e-01 -8.667918234851262893e-01 1.489649741026902774e+01
3.220307288556361613e-01 6.226963728912747464e-02 7.575397396747495238e-01 9.824112070448238754e-01 7.525895672142206561e-01 7.617097016316416447e-01 -9.775244188251792643e-01 1.408812167673467641e+01
3.002154884631015319e-01 4.919610299198709513e-02 6.504912271407665703e-01 1.037029567890504822e+00 7.589740026872038303e-01 4.639216671828461092e-01 -1.085820860011353917e+00 1.437121046834195859e+01
3.306573316801439955e-01 6.543643128129680853e-02 7.642698560962121190e-01 9.465552137156063583e-01 7.951382745188753098e-01 6.393601094420564568e-01 -1.134510509419301094e+00 1.482760192345292083e+01
3.239954065514512038e-01 3.083414490687796938e-02 8.681020805856318745e-01 8.065476773885750239e-01 8.967112857819552474e-01 3.873867535702484322e-01 -1.105737504942133631e+00 1.523087085590436018e+01
3.647214533058350527e-01 4.107223996661978072e-02 7.355114927798659386e-01 8.282724842648325758e-01 8.499071660232087044e-01 3.752248516852221272e-01 -9.641852823302152764e-01 1.510581754673460964e+01
3.853980926602867951e-01 3.552081456327724901e-02 7.059032331604244703e-01 8.095490776109242059e-01 8.736416299205028713e-01 3.470750480118649506e-01 -1.107009992108861196e+00 1.533643842154593173e+01
2.592634816561630862e-01 3.912986741270460533e-02 7.019253060612161699e-01 1.049128033495319245e+00 7.886112319109263025e-01 2.885876001127430923e-01 -1.157883406484651267e+00 1.441754974306710402e+01
4.717567500278323500e-01 6.874317601872681482e-02 5.940498425303459840e-01 8.773657025935162057e-01 7.866952480100880551e-01 9.150495833236673704e-01 -7.825855745477500180e-01 1.467937027674251027e+01
3.275288015113807516e-01 5.968641217210456096e-02 8.674654070218534851e-01 8.740150442777926409e-01 8.082136183803995122e-01 5.982690047958879598e-01 -8.546247876678383371e-01 1.469592552488182591e+01
3.672305170897072202e-01 5.625369667675051560e-02 7.549828655486656714e-01 8.542411881443561228e-01 8.498926610995500841e-01 2.751727315865565293e-01 -1.075909416232888383e+00 1.516275330911742181e+01
3.206366456610512672e-01 4.960525537214238723e-02 6.439622539558387260e-01 1.062734392639575365e+00 7.475697260290274926e-01 8.730097692721529024e-01 -1.010959675129364133e+00 1.367747143906693807e+01
3.028282399873013508e-01 3.855926396038683590e-02 8.345066021144879054e-01 8.500564913447989923e-01 8.257370882342834895e-01 4.195757739638517059e-02 -1.169824244784553269e+00 1.436238128333719999e+01
3.267720375599798555e-01 6.108454070222210652e-02 8.729169718491491814e-01 8.790704947136509517e-01 8.028971643076332487e-01 7.366767800168028124e-01 -1.242109422438339328e+00 1.481982569341831457e+01
3.554166571797089391e-01 5.921893341342016753e-02 8.038289806157343786e-01 8.966676519855449889e-01 8.602157418856091198e-01 7.460756489681072967e-01 -9.131016806438865263e-01 1.514441824080646448e+01
4.591483532819516933e-01 4.040355999830796963e-02 5.599707551348390711e-01 8.295634684727211106e-01 8.385592661883045640e-01 4.308068633092295707e-01 -8.112342846355991011e-01 1.492694222519772929e+01
3.830613294222490195e-01 6.713058590311345164e-02 7.984346104099341312e-01 8.651122174416477906e-01 8.462958362960197878e-01 8.651779545988511622e-01 -8.217279523397518215e-01 1.505868520720828307e+01
3.112880923213832696e-01 3.796326279322906339e-02 6.876596282623972378e-01 1.005446144307863721e+00 8.040096504267453259e-01 8.960492096272659746e-01 -9.573392054359020076e-01 1.448418759204793638e+01
3.017146129534888921e-01 3.444120576396669797e-02 5.646220597782647399e-01 1.026646090584461879e+00 8.335053299738659494e-01 8.571262484815478366e-02 -7.752954323883747279e-01 1.451228952665374550e+01
2.988017814061757482e-01 5.160378603186831226e-02 7.397934022307816049e-01 9.710927057372777949e-01 8.381479087109606763e-01 9.810031054230949898e-02 -9.768689818059308472e-01 1.492311548270691901e+01
3.013587272584459242e-01 4.314688795200202071e-02 6.216756444995149566e-01 1.029681187874900150e+00 8.493374601630195864e-01 3.074022928994946113e-03 -1.097881656171288522e+00 1.507184843567304711e+01
4.782342429293279240e-01 5.618488356299600195e-02 5.591980234744441391e-01 8.163972976505021739e-01 8.644186288988581213e-01 1.234003557840253062e-01 -8.420244939119888583e-01 1.521565292316190643e+01
3.064927248003550542e-01 3.073064690078175509e-02 6.452544927236306682e-01 9.616994624771838529e-01 8.129923551022838479e-01 1.453990562420048871e-02 -1.194594177450511996e+00 1.453601209909859904e+01
3.686362281677394437e-01 5.956979206338873511e-02 8.098338868699854753e-01 8.685490239939357426e-01 8.446373550187852297e-01 7.649598818267542288e-01 -7.310941373201292892e-01 1.496887965993052205e+01
3.445692243924617371e-01 6.721061902931343979e-02 5.729450717449147135e-01 1.031832631949289203e+00 7.972071769941090347e-01 1.939771915584143080e-01 -9.609297087682933114e-01 1.471833338039401085e+01
3.437563549242122485e-01 6.134238562531368205e-02 7.560118927603259875e-01 9.703520046207969596e-01 8.273624507318926291e-01 8.810946570737401284e-01 -1.123787925090863116e+00 1.518081790407245002e+01
3.761916092693197156e-01 6.583939935752386452e-02 7.454294471390795485e-01 8.353529023745261961e-01 8.017818831273646474e-01 2.790053250615874836e-01 -1.177881746007120034e+00 1.461006508208175525e+01
4.726678944002129512e-01 4.884096487127287389e-02 5.865798807611817267e-01 8.011037852950503302e-01 8.363345152183261355e-01 3.216660191524385315e-01 -7.575684313751278598e-01 1.486497166346879339e+01
2.832488888213646749e-01 3.524113507857384864e-02 8.970654092926342305e-01 9.141601746951218965e-01 8.712797968443390939e-01 6.655147650047259500e-01 -9.554750495456639792e-01 1.489577091914304496e+01
3.134002246260252922e-01 5.841540471299660336e-02 7.077971716195405882e-01 9.714790482265168725e-01 7.816047843440222520e-01 3.226685129219482584e-01 -1.049265863268073140e+00 1.465684651713585396e+01
2.832488888213646749e-01 3.524113507857384864e-02 8.970654092926342305e-01 9.141601746951218965e-01 8.712797968443390939e-01 6.655147650047259500e-01 -9.554750495456639792e-01 1.489577091914304496e+01
3.178533650453109205e-01 5.482954304712128746e-02 7.694842833803271498e-01 9.570483170290285946e-01 7.633329303583897829e-01 8.737560793828954564e-01 -1.088128022322470301e+00 1.411753140922925098e+01
3.247181688361910901e-01 4.297563510451167523e-02 5.234294483008211651e-01 1.159014562902231704e+00 7.343070967803506655e-01 7.829309115870395352e-01 -1.052310375846465584e+00 1.341144521425831293e+01
3.064927248003550542e-01 3.073064690078175509e-02 6.452544927236306682e-01 9.616994624771838529e-01 8.129923551022838479e-01 1.453990562420048871e-02 -1.194594177450511996e+00 1.453601209909859904e+01
3.485891442917601890e-01 6.783379258519914301e-02 7.146070123925281070e-01 9.931272079954691634e-01 7.287078077806993237e-01 9.954715539971277227e-01 -1.084930086161205232e+00 1.423399198805012844e+01
2.906553370363839095e-01 3.121283689382391840e-02 5.904033670899041519e-01 1.055908502228404267e+00 8.421951507910340196e-01 3.080021968942303068e-01 -1.165557080227888731e+00 1.474372256487690969e+01
2.854163970199395939e-01 4.650159601273470139e-02 6.036657809689244258e-01 1.067785560054460792e+00 8.052255361422242519e-01 2.028427982602303281e-01 -8.419100009347635361e-01 1.462959275421264138e+01
3.529839207991652961e-01 6.600529601609075869e-02 6.276410307847797299e-01 1.119301758663497015e+00 8.301432847479719435e-01 9.839331031579822140e-01 -7.991574866714514780e-01 1.486947764882450507e+01
4.683591015957991877e-01 4.389495879917464094e-02 5.056419577058830495e-01 9.023741790618016179e-01 8.236957529516821808e-01 6.823596945200356423e-01 -1.246691771024282636e+00 1.492327758492574219e+01
3.865125262482028701e-01 6.533186321348383174e-02 6.746664976255993817e-01 9.647615064745228564e-01 8.406709205027460552e-01 7.967045116252852166e-01 -1.289836742380305434e+00 1.538038648579501988e+01
3.755371785536884000e-01 5.297893299190284400e-02 5.683062022375625633e-01 1.033918671551033786e+00 8.115556132968124725e-01 7.236428257757203664e-01 -1.098195512304939836e+00 1.500702833206379339e+01
2.578678812935909503e-01 3.651946608453172233e-02 6.813928943381999392e-01 1.095688375485020849e+00 7.637707533732296383e-01 6.153851528267414439e-01 -1.098502383373769486e+00 1.415377349918875893e+01
2.286779143281499893e-01 4.479264389059064988e-02 7.106175013721053313e-01 1.111197996762573137e+00 7.915411248622448159e-01 9.238575269326787520e-02 -1.042750864743924755e+00 1.421868105868780141e+01
3.224898128856377166e-01 6.292017517932355086e-02 5.311633396580865973e-01 1.168509647445449051e+00 8.252201396051964677e-01 3.505132268253962069e-01 -1.143547166948720051e+00 1.494120187495529528e+01
3.247181688361910901e-01 4.297563510451167523e-02 5.234294483008211651e-01 1.159014562902231704e+00 7.343070967803506655e-01 7.829309115870395352e-01 -1.052310375846465584e+00 1.341144521425831293e+01
2.909567815912559863e-01 4.017786768509246098e-02 8.976057682582564423e-01 8.534409193894617607e-01 8.105432969124335418e-01 2.337455104639912795e-02 -1.153054967128019248e+00 1.464085274170889228e+01
3.756677004190468461e-01 3.092970941808757812e-02 6.587578628767714051e-01 8.043890119997587629e-01 8.396010978577355122e-01 2.146630077566294981e-01 -1.077654843577970478e+00 1.504321460398105259e+01
3.185472887676867870e-01 3.575156056135633809e-02 6.966039182283905173e-01 9.414099904593168366e-01 8.251875771575033491e-01 6.912787225561063398e-01 -1.201450789313664114e+00 1.495127600365380793e+01
4.617481945213054439e-01 6.990290987866268346e-02 6.246378570273042330e-01 8.557945894550683663e-01 8.422966832354435995e-01 6.567565868179905397e-01 -7.606234262006728031e-01 1.522079113012871332e+01
3.014649725220979182e-01 3.003702033957507053e-02 5.395995476781390021e-01 1.085391280475030307e+00 7.618060126494141659e-01 4.612821388026310809e-01 -1.226548116564651236e+00 1.444049817773270483e+01
2.236085643085919950e-01 6.266826262869379383e-02 7.880101499646534613e-01 1.192361601945174376e+00 7.684164790194093486e-01 5.063041830723256087e-01 -1.268952484414557214e+00 1.480433087726348873e+01
3.961105901242167882e-01 5.496509713160086658e-02 6.531045219066732299e-01 8.903286637023974937e-01 8.202035046350123482e-01 7.463879383064115913e-01 -9.916263828065949859e-01 1.486262891554507526e+01
2.977003109206383114e-01 4.366524479541803588e-02 7.506878110423280681e-01 9.640606552796728845e-01 7.719575732885849417e-01 6.233490798477395733e-01 -1.215701829680484014e+00 1.452046492399162148e+01
3.557238791138609413e-01 6.916449251563724920e-02 8.040817534629736141e-01 8.693891018574768648e-01 8.036160214497759524e-01 3.785571537485388216e-01 -9.183553598877163271e-01 1.441166049249534531e+01
3.178533650453109205e-01 5.482954304712128746e-02 7.694842833803271498e-01 9.570483170290285946e-01 7.633329303583897829e-01 8.737560793828954564e-01 -1.088128022322470301e+00 1.411753140922925098e+01
2.260555447569074783e-01 5.803969319119709619e-02 8.657566394883047245e-01 1.125658073674362658e+00 8.067529159754406320e-01 6.388858925763163388e-01 -1.090554775246364905e+00 1.458741950356133366e+01
4.532200407778045337e-01 6.253308671710300359e-02 5.055528419029984288e-01 9.090231756794020512e-01 8.204132211079293580e-01 1.748414835168565773e-01 -1.247614471111719636e+00 1.506599507468180477e+01
4.239240818237196562e-01 6.424915293087096746e-02 5.777252265632962791e-01 9.766543154101824387e-01 7.862983793416902234e-01 9.629534958182657256e-01 -1.070845935296387719e+00 1.480282322678340456e+01
3.732435945561322077e-01 5.055435989528898888e-02 6.002491421953961570e-01 9.761920195895715802e-01 7.886411860873235868e-01 9.610448076577675636e-01 -1.218794918555903051e+00 1.478268044615799148e+01
3.064927248003550542e-01 3.073064690078175509e-02 6.452544927236306682e-01 9.616994624771838529e-01 8.129923551022838479e-01 1.453990562420048871e-02 -1.194594177450511996e+00 1.453601209909859904e+01
3.031955425441899554e-01 3.150169402950647041e-02 6.999062587795183976e-01 9.967244246729689561e-01 8.552300056106078019e-01 7.918171655092121064e-01 -1.187081614933511053e+00 1.506346211818441994e+01
3.382105014677217469e-01 3.468115861022413177e-02 5.192539048325133244e-01 1.111290691061771474e+00 8.712438037743399644e-01 3.857972407163080542e-01 -1.101709884217184410e+00 1.511744360248076191e+01
2.491482029719261915e-01 5.783262220176997592e-02 8.713131595179719469e-01 1.035792422448135408e+00 8.020440911270548812e-01 1.590438672106205265e-01 -1.226512629761028261e+00 1.491043251803893455e+01
4.564757688342288011e-01 6.373794491593337552e-02 6.567338848547676911e-01 8.234659573651585962e-01 8.238273844405687996e-01 6.242168656464144316e-01 -7.834413172761520716e-01 1.526318289158855634e+01
4.132089457012459999e-01 6.058432779348996156e-02 6.785418415010735504e-01 8.157045180641500082e-01 8.264226565569379179e-01 5.086214585513681996e-02 -8.118796131666221605e-01 1.470708719947584342e+01
4.073741957949720272e-01 4.165878896907419804e-02 5.600810321574916095e-01 9.100993055752186756e-01 8.659686419749220709e-01 1.514316115755016123e-01 -1.035238767453551700e+00 1.520091084494668365e+01
3.537997152711406246e-01 4.188047544186647431e-02 5.005960014258004076e-01 1.021838676109189326e+00 8.062376362605756519e-01 1.017761112528708933e-01 -9.225738010926438637e-01 1.462745181152086360e+01
3.037469931148809588e-01 4.778517205605184448e-02 6.320471731544275995e-01 1.032192912063478296e+00 8.322740434072302129e-01 3.276554775288540999e-01 -1.097784913444062038e+00 1.493101426936987686e+01
3.899082101199022876e-01 5.391242167422943821e-02 6.066818682989657541e-01 9.749672518377671127e-01 8.063504363418583232e-01 9.653650961010301623e-01 -1.141131986705096413e+00 1.496123678099221621e+01
2.534454835690677088e-01 4.252665817607879928e-02 6.100518773998365729e-01 1.157899056210757394e+00 7.780480816101020825e-01 4.186540492152711623e-01 -1.051194986137602649e+00 1.416179314745447648e+01
3.457973902594458360e-01 3.317797562878360002e-02 5.411534168071390205e-01 1.043801299126950966e+00 8.746186116256216003e-01 1.388563407819486395e-01 -1.018127449235963322e+00 1.507548838922788725e+01
3.869068028857453045e-01 6.296724685177816638e-02 7.105820404890098585e-01 8.405393227641216880e-01 8.111998819077788081e-01 2.330972761792894365e-01 -9.058284109243746052e-01 1.480831031738181203e+01
3.987437255930850188e-01 5.900905442930921146e-02 6.778034583489789267e-01 8.227097330110850759e-01 8.274958335932887099e-01 1.704214331534723015e-01 -9.767560794260634616e-01 1.464543218202345543e+01
4.640043696281045404e-01 5.053356231439698476e-02 5.920838207259020436e-01 8.598976261215092176e-01 8.119586868722274975e-01 9.604929666114183640e-01 -7.451739523569310686e-01 1.475620241013711542e+01
3.554166571797089391e-01 5.921893341342016753e-02 8.038289806157343786e-01 8.966676519855449889e-01 8.602157418856091198e-01 7.460756489681072967e-01 -9.131016806438865263e-01 1.514441824080646448e+01
3.236714347356574040e-01 5.869111815998862003e-02 5.919653287755354265e-01 1.168739809869708601e+00 8.520284060075882238e-01 6.164541481201690765e-01 -9.087236571108312511e-01 1.476665597476206138e+01
4.257285812815860826e-01 6.477243845794800059e-02 5.954741511959912303e-01 9.129580823961842562e-01 7.991754790689500343e-01 8.434443752535818462e-01 -1.286058288616252598e+00 1.509066520104591014e+01
3.120697559447277447e-01 4.319794715274202779e-02 7.000762122826627021e-01 1.050917404964406332e+00 8.294463952842210386e-01 8.974993259999817230e-01 -7.020089212451556815e-01 1.449379223922951176e+01
2.767144501229151787e-01 5.138645737515053213e-02 5.051884735885171507e-01 1.168947032835444766e+00 7.759768282177161858e-01 1.219583249698537597e-01 -8.311332250685172784e-01 1.423536131744760347e+01
3.251646938902763573e-01 5.472619994511611352e-02 7.559676459499857781e-01 1.008321671052360147e+00 8.455772259387021039e-01 8.917502069888556537e-01 -1.155485570867160305e+00 1.510861661193680128e+01
4.564757688342288011e-01 6.373794491593337552e-02 6.567338848547676911e-01 8.234659573651585962e-01 8.238273844405687996e-01 6.242168656464144316e-01 -7.834413172761520716e-01 1.526318289158855634e+01
3.601870722297876304e-01 6.131339789296939152e-02 7.177886639326469531e-01 8.800140811533033736e-01 8.253699695685292603e-01 8.231260956586822219e-02 -8.964971567472312941e-01 1.476806702143437278e+01
3.173872057114561773e-01 5.006417680568502060e-02 5.887823296218714919e-01 1.061651216346271465e+00 7.577227408393026886e-01 3.512146296697479797e-01 -1.251191241828814249e+00 1.440264119448853108e+01
2.997629752855625052e-01 4.019511669126305670e-02 6.446904526217795972e-01 9.957902276097612138e-01 8.215148130992351305e-01 2.934192965402999120e-01 -1.219126247805251362e+00 1.482273575002772681e+01
3.401851371947679503e-01 4.923181350496814990e-02 5.467325899299749770e-01 1.062524330643072723e+00 7.642131806934931992e-01 6.668094013872332138e-01 -1.076522119741113448e+00 1.437849114870963518e+01
3.064927248003550542e-01 3.073064690078175509e-02 6.452544927236306682e-01 9.616994624771838529e-01 8.129923551022838479e-01 1.453990562420048871e-02 -1.194594177450511996e+00 1.453601209909859904e+01
3.336138465925447827e-01 6.218066916129552646e-02 6.319782594726570668e-01 1.103444478864484157e+00 7.182697208470092409e-01 9.451022466796956678e-01 -1.162195573125849979e+00 1.341105954754877949e+01
2.524430944948399813e-01 3.026496059787667572e-02 8.685201733411962444e-01 9.527916932512137116e-01 8.046163460180040250e-01 7.897903591056630868e-01 -1.076769216729421164e+00 1.447282397171022161e+01
2.485757060982353162e-01 5.264732368065069834e-02 6.110971878750879327e-01 1.184592965946543064e+00 8.195809435437744206e-01 2.581053403025005410e-01 -1.039560178101222032e+00 1.474679583089479351e+01
3.169639632122304151e-01 5.990114598646762573e-02 8.287991065031421467e-01 9.770305583216156720e-01 8.456042126867864273e-01 8.541569926083998343e-01 -1.175037801403310933e+00 1.513050324484599329e+01
3.063921684062811401e-01 4.259177928958580994e-02 6.856398260288063540e-01 9.756096695831555365e-01 8.304279669157259569e-01 3.047336048399918451e-01 -8.028246366481579521e-01 1.456294982130212645e+01
3.055693671937094180e-01 4.726746815770964394e-02 6.060839427494407738e-01 1.052812148654907576e+00 8.126323336826639654e-01 3.861461467843646522e-01 -9.287682576023484904e-01 1.469047056934322271e+01
2.920953014414052196e-01 5.557732472941923074e-02 8.705398973456915934e-01 9.460334687692477651e-01 7.939132659479199994e-01 6.183615613585085047e-01 -1.120195233067051710e+00 1.481413616011538004e+01
3.043671674032622509e-01 6.423634130810282339e-02 6.698158304053648537e-01 1.083816462836986405e+00 8.535957191492045126e-01 1.707175284830614315e-01 -1.021559705341078761e+00 1.497769338905054504e+01
3.420329772953147884e-01 6.625378451732658047e-02 5.338599111875249603e-01 1.083686680716021256e+00 7.374760849980802613e-01 5.749315838304134285e-01 -1.027433334086878647e+00 1.449080542708052555e+01
4.754398161418476043e-01 5.391335101143068798e-02 5.434607817796860418e-01 8.893809352327828321e-01 8.360717684607896771e-01 6.087949548291630153e-01 -9.142555920115691404e-01 1.521216126549647640e+01
3.378582164906981378e-01 6.319381978206746464e-02 6.777792933385093921e-01 9.753173578535978550e-01 7.857569121518011013e-01 3.814044938458683864e-01 -8.970876920224009066e-01 1.458069063000981558e+01
4.817763696197122636e-01 6.753806809740986461e-02 5.732459120997560609e-01 9.163672551167609814e-01 8.418439088547358118e-01 9.631622926818854680e-01 -9.029929120540827192e-01 1.521603526193117872e+01
3.008966599811665477e-01 6.453301357081005218e-02 8.347171958772726663e-01 1.019872411104398413e+00 8.427648994273904126e-01 6.171850041233699624e-01 -1.064176525689543018e+00 1.501616206872970949e+01
3.329326546682063737e-01 5.913200431282757824e-02 8.512859323810266776e-01 8.372972739726946001e-01 8.079385078711556201e-01 1.423438599546043570e-01 -1.096434245046343348e+00 1.467201698887599370e+01
3.603422185028882785e-01 5.289092231092182295e-02 5.778800460606356992e-01 9.977412202404281061e-01 7.926604792317888393e-01 5.832728692260192860e-01 -7.805925175478212186e-01 1.464057725882667604e+01
3.163498019842951869e-01 3.863806032451859440e-02 6.161650747986298082e-01 1.039680460188260991e+00 7.762645598004128678e-01 8.031748299424890103e-01 -9.094134311617325661e-01 1.387409878945892494e+01
3.622254059365260792e-01 3.199542119475022595e-02 6.172254638597636234e-01 9.214579921573525789e-01 8.564245487814627911e-01 4.029334784862261265e-01 -1.075053427717389543e+00 1.505620553132153638e+01
4.040877079825354601e-01 5.807922655585645577e-02 6.427062965791394689e-01 9.134133954013642365e-01 7.973407363825976146e-01 9.354924326606444129e-01 -8.654302154268940228e-01 1.466111331904554405e+01
3.042311211293018403e-01 4.092785373285275086e-02 6.092899911157649839e-01 1.062912251656791485e+00 7.556749405485465587e-01 1.862625265757639204e-01 -1.087137575307149495e+00 1.403171248937389848e+01
3.354653628645887231e-01 5.471241706461681120e-02 7.415503512397541019e-01 9.067245919998332404e-01 8.203487574155468032e-01 3.725638121681844606e-01 -1.223702609749223846e+00 1.513486415800254825e+01
2.844211594175738989e-01 5.287958709428469684e-02 8.848778459898796189e-01 9.060648396467384513e-01 8.218404332262913004e-01 8.657837299728865510e-02 -1.243795781659577049e+00 1.483355965929137277e+01
2.526951745347739697e-01 6.421544462402273279e-02 8.436690628171568118e-01 1.062725603046648759e+00 8.132481337564754220e-01 3.870723407541349359e-01 -1.142473508058333698e+00 1.469552779794202557e+01
2.436911086106645641e-01 4.845608372088298227e-02 7.320771874818297054e-01 1.132618586758148860e+00 8.501494145890473586e-01 2.072120241110906869e-01 -1.099098888148511755e+00 1.488508595269583346e+01
2.912180579515372125e-01 5.562468282531326386e-02 7.345713915057684451e-01 1.053234618014621482e+00 8.316271722258889998e-01 6.032719577578041781e-01 -1.054847638631469353e+00 1.492916786624957126e+01
4.071229242214340349e-01 3.353187803565415431e-02 5.075879113123903386e-01 9.522711676016992755e-01 7.993984972701619895e-01 6.287443465336396420e-01 -8.212551075401512968e-01 1.482876158249192322e+01
3.471548368278111196e-01 6.100334469715240626e-02 8.992585989356560727e-01 8.188272684681203728e-01 7.840982967330487607e-01 9.471102138432387907e-01 -1.223746616363558637e+00 1.444859319127335340e+01
4.073741957949720272e-01 4.165878896907419804e-02 5.600810321574916095e-01 9.100993055752186756e-01 8.659686419749220709e-01 1.514316115755016123e-01 -1.035238767453551700e+00 1.520091084494668365e+01
3.557288026029287176e-01 6.377240075903903294e-02 7.249232769173672430e-01 9.866683824743208708e-01 7.395427946910672068e-01 2.014850159191303169e-01 -1.227496156730415899e+00 1.365473048957317559e+01
2.899206579659068250e-01 5.107411138752911139e-02 8.906058757655499480e-01 9.324439619155752146e-01 8.056020364202466366e-01 8.099471640165830655e-01 -1.120867733093191987e+00 1.464703670490056808e+01
3.110787167358711192e-01 3.804821922996948907e-02 6.930573352321679481e-01 1.009805037436715347e+00 8.266201943385773632e-01 8.113527073556456859e-01 -1.084772637586585375e+00 1.490169133079469965e+01
3.139393489192711106e-01 3.955665295436231604e-02 7.993337178638444396e-01 9.095251330400571099e-01 8.319543827644173550e-01 8.577929282807346123e-01 -1.001996003769133115e+00 1.475052897319853784e+01
3.184620275679329038e-01 6.205896240384725648e-02 7.634157321528569629e-01 9.364870995353385963e-01 7.829719690183611913e-01 1.564836696559807061e-01 -1.188954992735459681e+00 1.455614106698432586e+01
3.202119827026396193e-01 4.463739087269782968e-02 5.311351737055864941e-01 1.054947168706402705e+00 8.067779574605066228e-01 1.061502941177189241e-02 -1.038486254895068184e+00 1.481806884492751841e+01
3.363885123986843917e-01 6.535942595836197189e-02 8.077917509826466613e-01 9.220761249959642525e-01 8.622662237948028885e-01 8.642334056210543292e-02 -1.034603029626789183e+00 1.504460016738732264e+01
2.643621635769060063e-01 5.536730576931503389e-02 7.338580961267010538e-01 1.112813600334913167e+00 8.541507622675892364e-01 2.619713230354694944e-01 -1.204748499429532993e+00 1.490925777277779218e+01
3.865125262482028701e-01 6.533186321348383174e-02 6.746664976255993817e-01 9.647615064745228564e-01 8.406709205027460552e-01 7.967045116252852166e-01 -1.289836742380305434e+00 1.538038648579501988e+01
3.148011550904683542e-01 4.885549356332602455e-02 8.481077806253866092e-01 8.625048500954349828e-01 8.336193338295704303e-01 3.905354845962940580e-01 -9.768184146984166816e-01 1.465117775269208167e+01
2.524270722165015135e-01 5.077254509522662052e-02 7.920614087771929990e-01 1.066603779369648342e+00 8.011707634473002049e-01 6.231596538847353761e-01 -8.961040676283122952e-01 1.455857604593871457e+01
2.307830471986344889e-01 4.194091716858442537e-02 8.097503798241538764e-01 1.117920797309321257e+00 8.067893305043229990e-01 9.663642858284013926e-01 -1.286193193576279814e+00 1.472482499755839669e+01
3.153482984742332906e-01 5.934361012456458584e-02 8.361053939858016371e-01 8.928105232063817676e-01 8.194436634040765943e-01 2.761594950568324602e-03 -9.117960471834619662e-01 1.462874439082241729e+01
3.400425674118969788e-01 5.997791361458346127e-02 8.870288660764155120e-01 8.258041264692441707e-01 8.451734298111448496e-01 2.282107777806705040e-01 -8.969579743512348102e-01 1.488747000848616153e+01
3.134692827027730777e-01 6.415883247838732872e-02 6.723761728130240867e-01 1.074101457981100127e+00 7.337492854014727728e-01 5.445580916324170850e-01 -1.235704320945221424e+00 1.417480928677690244e+01
4.137129055816888279e-01 6.983688775636548440e-02 6.134173949158250316e-01 9.048408693841047956e-01 7.915400691567073821e-01 5.388958547212037153e-01 -9.304588687195111119e-01 1.474713244200883899e+01
3.922019544643361444e-01 4.570580472676408212e-02 5.737107417271741783e-01 9.284499136258139718e-01 8.440379194965210718e-01 1.522945951915403717e-01 -8.282404632149908963e-01 1.490258131858083956e+01
3.905476748552387800e-01 3.538577865884829504e-02 5.738427168904700615e-01 9.274172327367029567e-01 8.501327177188714446e-01 3.509051437382837424e-01 -1.114881254682434930e+00 1.525362142513248465e+01
2.912180579515372125e-01 5.562468282531326386e-02 7.345713915057684451e-01 1.053234618014621482e+00 8.316271722258889998e-01 6.032719577578041781e-01 -1.054847638631469353e+00 1.492916786624957126e+01
3.034641119972918966e-01 4.706964486785346347e-02 7.759333048731109628e-01 9.736756270090001220e-01 7.820441721770560184e-01 9.798992167758526772e-01 -1.271260019418414045e+00 1.458713942951642117e+01
2.593971773507729450e-01 3.537057522479533644e-02 7.040755071625910411e-01 1.051855979925216733e+00 8.556996488212548213e-01 3.067437223401401347e-01 -1.036275099770755714e+00 1.471445702130923827e+01
3.173330607268859405e-01 5.545785375824015262e-02 5.487303838841662840e-01 1.129233174784509464e+00 7.783714255495507439e-01 6.818168404566657959e-01 -8.358853088636359896e-01 1.436524004081782735e+01
3.022242447139257271e-01 4.796344852279944837e-02 7.690283356626979039e-01 9.697694947116077824e-01 7.895444899755483803e-01 9.162593352986188044e-01 -1.168242526547869531e+00 1.452097882147695884e+01
2.856672629285027520e-01 3.762227038127579498e-02 7.640302405827057441e-01 9.518036393926436745e-01 7.899276244792545754e-01 5.303170831413456243e-01 -1.194250484034148574e+00 1.434124811131440502e+01
3.315030595701117244e-01 5.578142773426053580e-02 5.994241037864223021e-01 1.087807001009549079e+00 7.426970741361155204e-01 9.323951299779440482e-01 -8.909468727855940351e-01 1.405421353306068077e+01
2.703021369990818434e-01 4.461535864627162729e-02 6.598894542716182698e-01 1.068353808719425535e+00 7.656184973091224588e-01 9.214982081923267510e-02 -1.080638362523380414e+00 1.417216384823316488e+01
3.317410213614256920e-01 3.279292112912281232e-02 7.096465925543088415e-01 9.117333450937128436e-01 8.775139386887655935e-01 3.541956133397083928e-01 -9.202370992322161936e-01 1.485961764721147915e+01
3.389789455870469981e-01 5.544432631718795856e-02 6.754889740313601010e-01 1.007861551412301271e+00 8.356730980143761700e-01 6.221995774355166819e-01 -1.030108448899510920e+00 1.500398051188770765e+01
3.983984858806342011e-01 6.637205228862341766e-02 5.143810153179987354e-01 1.071847354205500258e+00 7.827591808139839902e-01 7.893831941765619975e-01 -8.941262739784543445e-01 1.496025123717795680e+01
3.262508669762025360e-01 3.064981327692817281e-02 7.617831969959191207e-01 8.404764073996803253e-01 8.127661109550985419e-01 3.069090233212379282e-02 -1.284632352345438822e+00 1.423901595873499382e+01
3.287626977601972866e-01 3.739469085480273680e-02 5.063376779932595717e-01 1.130148608095957297e+00 7.862684690037445856e-01 8.059522499844828936e-01 -8.850860158789971566e-01 1.447330325975026177e+01
3.757472503852929968e-01 5.618062245283984846e-02 7.598866665192828274e-01 8.978172516793639923e-01 8.432389588741302511e-01 9.016080437447839824e-01 -1.014140700185709676e+00 1.516913604182996345e+01
4.387842068346353708e-01 5.713814086972883455e-02 5.650422050029013654e-01 9.036534609298423337e-01 8.205704298960545540e-01 3.901546387792489967e-01 -7.440134361754598968e-01 1.489534565953420042e+01
3.597212838466445906e-01 4.940576979658389822e-02 7.223185887929032267e-01 9.142275921904529090e-01 8.446971115338250957e-01 7.725636586211738210e-01 -9.558494121460254789e-01 1.489614750039827662e+01
3.164963789144126238e-01 6.088033512149938764e-02 6.368641215464367900e-01 1.044042309644149569e+00 7.968460789308592362e-01 3.065935685772316344e-01 -1.124760546784694837e+00 1.489967010692051730e+01
3.480862304718683742e-01 5.801408983957184740e-02 8.147910562016658087e-01 8.407413500622626934e-01 8.372535005465860936e-01 2.242499683553640932e-01 -1.146727211484235065e+00 1.513217305043598770e+01
3.289563003863352764e-01 3.730765540611823139e-02 6.996179644803522946e-01 9.432294534043933476e-01 7.856338749793282394e-01 9.409001691350862284e-01 -1.131269568127933223e+00 1.438715940337784716e+01
3.505531544975446501e-01 5.326726312422765813e-02 5.178051145619368967e-01 1.105841890829052154e+00 7.279484489573020412e-01 5.051953322237132671e-01 -9.588327508594591819e-01 1.369409401416601746e+01
3.572436476966306396e-01 5.023113420831405718e-02 7.882966517747749258e-01 8.245655012628319014e-01 8.330957156563135735e-01 3.009675661666543767e-01 -9.213035254377804906e-01 1.480010826072782137e+01
4.012381398794589993e-01 6.726976754610716758e-02 6.834295909451992834e-01 8.449390662045216382e-01 8.449289127934422883e-01 1.287625158000205161e-02 -9.930395598214957209e-01 1.537625421332877096e+01
2.946589115183890772e-01 6.852869889045883067e-02 5.578162683048318859e-01 1.195733080611216304e+00 8.285669651224812915e-01 8.112404643921922176e-02 -1.176866028066686054e+00 1.498343855139782299e+01
3.315030595701117244e-01 5.578142773426053580e-02 5.994241037864223021e-01 1.087807001009549079e+00 7.426970741361155204e-01 9.323951299779440482e-01 -8.909468727855940351e-01 1.405421353306068077e+01
4.216970402360570302e-01 6.804554913117905057e-02 7.421645718524084723e-01 8.217077808250963233e-01 8.158231971205810451e-01 8.513334458235428670e-01 -7.010379051660544647e-01 1.490067652800197706e+01
4.578131096228359453e-01 6.642905661322590083e-02 6.587885111832243457e-01 8.703894206195756933e-01 8.561773695348218194e-01 8.065147745444150029e-01 -9.725363706993868096e-01 1.543875159267170893e+01
3.279004410114359502e-01 4.028651183049617585e-02 5.863361894662572071e-01 1.104403323300259476e+00 8.336668304015832920e-01 8.203141697905408369e-01 -1.129599121099164272e+00 1.509920580627329123e+01
2.704365164892042483e-01 3.401174109823928982e-02 5.712110631802388427e-01 1.088481224999245045e+00 8.125210251565531117e-01 7.450475293134672938e-02 -1.090482306935361301e+00 1.454468638010549064e+01
3.332848415977593959e-01 6.777798780084817731e-02 8.120141450053222076e-01 8.782289191968666309e-01 8.060466372893714260e-01 8.600215698760649286e-02 -1.083359743828113286e+00 1.476365560834813628e+01
4.578131096228359453e-01 6.642905661322590083e-02 6.587885111832243457e-01 8.703894206195756933e-01 8.561773695348218194e-01 8.065147745444150029e-01 -9.725363706993868096e-01 1.543875159267170893e+01
3.530505835904710343e-01 6.800654448040210909e-02 6.544948692448999683e-01 9.921406965475784157e-01 8.074889915832751397e-01 5.782828005498088508e-01 -1.043029668573514313e+00 1.477729881541385915e+01
4.475099990408627493e-01 4.813855113459616919e-02 5.935070611187950318e-01 8.225986883036232600e-01 8.722675659970282602e-01 1.624385105489301040e-02 -1.033654945866811170e+00 1.530126253963257277e+01
3.192089237107678668e-01 3.893746102938459852e-02 5.296497961169516211e-01 1.050865507281591560e+00 8.067585591092121255e-01 1.336850336167171305e-01 -1.026133045782120723e+00 1.456541812672336178e+01
4.726678944002129512e-01 4.884096487127287389e-02 5.865798807611817267e-01 8.011037852950503302e-01 8.363345152183261355e-01 3.216660191524385315e-01 -7.575684313751278598e-01 1.486497166346879339e+01
3.339357708937765179e-01 5.315050361344623997e-02 7.693930630451630837e-01 8.768725291477926786e-01 7.975424304132716635e-01 1.215058705796585037e-01 -1.183514511891965437e+00 1.487146707859857919e+01
2.730769476977075727e-01 3.540345547742296262e-02 7.815576534965700262e-01 9.297042984691944456e-01 8.381415992427769801e-01 1.299463134231921280e-01 -1.268793808135812551e+00 1.491173570528529524e+01
4.209373465577651574e-01 5.418903889919372135e-02 5.037972127762426755e-01 9.953560703694714906e-01 8.537475140505946802e-01 3.179078798997033717e-01 -1.057465230973180681e+00 1.528352931026800654e+01
3.267335492352871906e-01 4.139475496199356008e-02 7.842219169629928155e-01 8.981074094233532090e-01 7.987405497656213660e-01 9.239852224419322635e-01 -9.969590711593597776e-01 1.441939761642944440e+01
4.726678944002129512e-01 4.884096487127287389e-02 5.865798807611817267e-01 8.011037852950503302e-01 8.363345152183261355e-01 3.216660191524385315e-01 -7.575684313751278598e-01 1.486497166346879339e+01
3.567856084455981458e-01 3.668284391296644520e-02 7.186329957334911533e-01 8.808389633161295418e-01 8.566161716661016001e-01 6.170576473368596382e-01 -1.070182890058803515e+00 1.517132211350724980e+01
4.139149936676539410e-01 4.779209214062832972e-02 5.706576839750217012e-01 9.309921195099193358e-01 8.097758198356890258e-01 6.871433555378114733e-01 -9.200830364658768579e-01 1.490137936192149581e+01
3.864860517478310165e-01 3.453187757146330972e-02 5.486300382768416473e-01 8.846929538166093954e-01 8.083745401898009275e-01 1.767074850434811051e-01 -1.235842634916828775e+00 1.473592882273395688e+01
3.453623258260585249e-01 5.740135645313336477e-02 6.892254196019831358e-01 1.070534105121885293e+00 8.700749643785415932e-01 9.870824936216111567e-01 -8.661040770337038452e-01 1.494780760000538855e+01
3.287721848478057929e-01 5.945903624824688816e-02 7.018329241225638171e-01 9.907282854133377947e-01 7.487695372957650086e-01 7.458567585540453182e-01 -1.195369438400117224e+00 1.436587928020588656e+01
2.584330737245568721e-01 5.305041941492654595e-02 8.238260116754088092e-01 1.038056586477693388e+00 8.207823001239006322e-01 3.706820919942982462e-01 -1.298803329734145695e+00 1.492245259213830977e+01
3.134002246260252922e-01 5.841540471299660336e-02 7.077971716195405882e-01 9.714790482265168725e-01 7.816047843440222520e-01 3.226685129219482584e-01 -1.049265863268073140e+00 1.465684651713585396e+01
4.754398161418476043e-01 5.391335101143068798e-02 5.434607817796860418e-01 8.893809352327828321e-01 8.360717684607896771e-01 6.087949548291630153e-01 -9.142555920115691404e-01 1.521216126549647640e+01
3.077484361755705722e-01 3.559262725802925242e-02 5.015959246208303579e-01 1.136700593859243602e+00 7.578158110820123472e-01 6.346797500070042730e-01 -1.179865014970170600e+00 1.427926991782208432e+01
3.961105901242167882e-01 5.496509713160086658e-02 6.531045219066732299e-01 8.903286637023974937e-01 8.202035046350123482e-01 7.463879383064115913e-01 -9.916263828065949859e-01 1.486262891554507526e+01
3.550649435357837724e-01 6.760451722690782872e-02 8.351936180906383012e-01 8.482824773709481958e-01 8.274673690757682332e-01 1.770542574811603265e-01 -1.132147289768488996e+00 1.519288531644881424e+01
3.299882403935113784e-01 6.295818005329723022e-02 7.615847820366143939e-01 9.553815425646698944e-01 8.646750287314322048e-01 3.033213558474845417e-02 -7.981307380105339133e-01 1.486353228734170528e+01
3.445078715357193788e-01 4.527640415154196574e-02 5.803607291058128226e-01 1.021379326132823895e+00 8.097522208924237130e-01 5.356257271360619354e-01 -1.230006387586621841e+00 1.486968753370768681e+01
3.185472887676867870e-01 3.575156056135633809e-02 6.966039182283905173e-01 9.414099904593168366e-01 8.251875771575033491e-01 6.912787225561063398e-01 -1.201450789313664114e+00 1.495127600365380793e+01
3.435771988064377780e-01 6.522766834567972349e-02 8.509662281311070053e-01 8.806046302595372799e-01 7.781751577524340657e-01 7.860793474006735337e-01 -1.030287670444682391e+00 1.428398284793195216e+01
3.478140680575970145e-01 6.704659180660085815e-02 6.026070286795237596e-01 9.892222132409709268e-01 8.047268918565174678e-01 1.292208534132277542e-02 -1.042485925793862789e+00 1.455290890424703321e+01
3.538977678154330286e-01 5.546550752054402178e-02 7.433208035170881800e-01 8.830833716594781446e-01 8.225498821194912047e-01 3.333077078448594133e-01 -9.700347477536279683e-01 1.471080794643000189e+01
3.163498019842951869e-01 3.863806032451859440e-02 6.161650747986298082e-01 1.039680460188260991e+00 7.762645598004128678e-01 8.031748299424890103e-01 -9.094134311617325661e-01 1.387409878945892494e+01
3.848430195504956020e-01 5.753147703192248996e-02 5.710153927016344833e-01 1.054934264059373739e+00 8.037056645676331490e-01 9.386200613645923063e-01 -9.571766070102354362e-01 1.498645114347016083e+01
3.404115163596949101e-01 4.166556368305086855e-02 7.636630317413801716e-01 8.144567223882233087e-01 8.176233335079400311e-01 1.998308843449431160e-01 -1.194347785710272891e+00 1.485044787043590730e+01
3.516447579678526614e-01 6.724796262512837408e-02 6.266595170432825990e-01 9.885815209583823648e-01 7.770014950318943070e-01 3.523321943411002466e-01 -8.214938387273137410e-01 1.439074666820613402e+01
2.579528324870496436e-01 5.526166812226079167e-02 7.135005099720130861e-01 1.096090465376344580e+00 8.074828237297386746e-01 2.312568297067298384e-01 -1.109670357630240023e+00 1.474201054459734728e+01
3.279004410114359502e-01 4.028651183049617585e-02 5.863361894662572071e-01 1.104403323300259476e+00 8.336668304015832920e-01 8.203141697905408369e-01 -1.129599121099164272e+00 1.509920580627329123e+01
3.345777978776631745e-01 5.222184893100614844e-02 8.615105924681869531e-01 8.150283029734847196e-01 8.253026021051081962e-01 2.064352424492129079e-01 -1.142363325651403416e+00 1.485087610215342657e+01
3.197717572099079142e-01 5.931221837771584460e-02 5.602295078087671243e-01 1.166445698586846325e+00 8.320894975944360672e-01 5.119004698447134905e-01 -7.254167929914500101e-01 1.474882357353143902e+01
2.558792507911801239e-01 3.882144965736777920e-02 8.048911559973823682e-01 1.082789978493608807e+00 7.609936366428934340e-01 2.369348056810658965e-01 -1.282823946036360185e+00 1.329056032571498136e+01
4.619706221966856097e-01 3.646876521437906332e-02 5.132744257798415033e-01 8.827762394613153374e-01 8.387952252598174230e-01 3.853163272533733918e-01 -7.938114454589642044e-01 1.494591527455874669e+01
4.717567500278323500e-01 6.874317601872681482e-02 5.940498425303459840e-01 8.773657025935162057e-01 7.866952480100880551e-01 9.150495833236673704e-01 -7.825855745477500180e-01 1.467937027674251027e+01
3.200631954068501317e-01 3.340862217503254988e-02 7.644250349503551867e-01 8.950096417683875982e-01 8.333320641390098427e-01 8.518450856925464665e-01 -8.912240447725410242e-01 1.461540435805927807e+01
3.178533650453109205e-01 5.482954304712128746e-02 7.694842833803271498e-01 9.570483170290285946e-01 7.633329303583897829e-01 8.737560793828954564e-01 -1.088128022322470301e+00 1.411753140922925098e+01
2.798885926395551227e-01 3.826931029320350397e-02 8.256678359636850928e-01 9.045003320247844147e-01 8.348149164709930403e-01 1.731453223709907840e-01 -1.230780187312167095e+00 1.480111060059690864e+01
3.197802838378598911e-01 5.750719672095419566e-02 6.539799461535884539e-01 1.029290396506917560e+00 8.017427083790109599e-01 3.829182568264888897e-01 -7.977494695985548612e-01 1.458175246699855165e+01
3.943607558485543452e-01 4.432618402624016740e-02 5.361857372597460536e-01 1.001556567236375095e+00 8.202399784009449801e-01 8.474464216389112625e-01 -9.841034222799366349e-01 1.478308568462829165e+01
2.654786896686623932e-01 3.585670820951547544e-02 8.398096538887639406e-01 9.401582726066355367e-01 8.588585330261973017e-01 1.324127791171458846e-02 -1.282091914121726184e+00 1.495357486896969057e+01
3.225135121720940079e-01 3.145756274166088690e-02 6.237040292079381043e-01 9.396314266979555185e-01 8.269374904404748206e-01 4.267462615489470146e-02 -9.523196751110518665e-01 1.460327137269882591e+01
3.173330607268859405e-01 5.545785375824015262e-02 5.487303838841662840e-01 1.129233174784509464e+00 7.783714255495507439e-01 6.818168404566657959e-01 -8.358853088636359896e-01 1.436524004081782735e+01
3.657069423732232094e-01 3.811050828875679752e-02 5.199960234101269618e-01 1.088044607183813683e+00 8.462904487268586573e-01 6.759847352541497045e-01 -1.262756493533365720e+00 1.525121271844031590e+01
4.283032428262433244e-01 6.248149839992483273e-02 5.347382459120946230e-01 9.590540491957563196e-01 7.550762332586891112e-01 8.015295964930445605e-01 -1.286949426066724245e+00 1.499056731028582057e+01
3.183651059403529437e-01 4.217938826397471530e-02 7.116705496124502428e-01 9.512211294569024034e-01 7.753605578667792653e-01 2.671128105520728102e-01 -1.292074633856710175e+00 1.412571653576408437e+01
4.734636952352346828e-01 5.550194650790890583e-02 5.328979939162440393e-01 8.647386209816566582e-01 8.492025099133816424e-01 2.064255925218981824e-01 -8.813685659982146703e-01 1.525158677449482347e+01
3.503873132652836064e-01 5.786349321342212915e-02 6.758357573777018512e-01 1.000982056315977031e+00 8.346525264501384322e-01 7.699553432331600611e-01 -8.782312802309752975e-01 1.486759145981259245e+01
3.362071919655760244e-01 5.723811599768330316e-02 6.221026706367486225e-01 1.081364260596509697e+00 7.418027313084332164e-01 6.861693554968426589e-01 -1.031980919691989573e+00 1.343122111300458776e+01
3.175818457411953011e-01 3.958595728712335088e-02 8.692591591061962220e-01 8.073856540145938343e-01 8.135825645864764866e-01 3.885853685259205159e-02 -1.207736540809626336e+00 1.438093021559619089e+01
3.316674813638768038e-01 3.761915300078419455e-02 7.850798119245401274e-01 9.007125299851254097e-01 8.662489809626396919e-01 6.354443956831073992e-01 -9.978822899980659411e-01 1.512182102111700743e+01
3.345777978776631745e-01 5.222184893100614844e-02 8.615105924681869531e-01 8.150283029734847196e-01 8.253026021051081962e-01 2.064352424492129079e-01 -1.142363325651403416e+00 1.485087610215342657e+01
3.848430195504956020e-01 5.753147703192248996e-02 5.710153927016344833e-01 1.054934264059373739e+00 8.037056645676331490e-01 9.386200613645923063e-01 -9.571766070102354362e-01 1.498645114347016083e+01
3.289563003863352764e-01 3.730765540611823139e-02 6.996179644803522946e-01 9.432294534043933476e-01 7.856338749793282394e-01 9.409001691350862284e-01 -1.131269568127933223e+00 1.438715940337784716e+01
4.060434426248309414e-01 6.301395761678138530e-02 6.470487644628678536e-01 8.891956374773727356e-01 8.129638259000820932e-01 6.059687759770668869e-01 -7.932543109055631980e-01 1.496207977327703453e+01
4.153130970950356105e-01 5.754403875494719378e-02 6.873554467641389554e-01 8.863379739405601310e-01 8.536841806958609391e-01 8.014478392539663432e-01 -1.235929724520826944e+00 1.522035493951048046e+01
3.732435945561322077e-01 5.055435989528898888e-02 6.002491421953961570e-01 9.761920195895715802e-01 7.886411860873235868e-01 9.610448076577675636e-01 -1.218794918555903051e+00 1.478268044615799148e+01
3.416011417452523569e-01 4.236222659742735347e-02 7.753370174695326522e-01 8.198356355010490981e-01 8.388684320890874568e-01 1.551270930125394631e-01 -1.190101459725627864e+00 1.500283296507065600e+01
4.307981671765572784e-01 6.355947869616729307e-02 6.414304886540078687e-01 8.694944537191470202e-01 8.182489149018647989e-01 7.306227884299749675e-01 -1.113438688283555633e+00 1.510800439273103635e+01
3.329012110815592340e-01 6.636718440206716696e-02 8.948411983333386388e-01 8.721280316722157533e-01 8.220290813018529263e-01 3.826675608669987128e-01 -1.199451236283791244e+00 1.486862176911923683e+01
3.002154884631015319e-01 4.919610299198709513e-02 6.504912271407665703e-01 1.037029567890504822e+00 7.589740026872038303e-01 4.639216671828461092e-01 -1.085820860011353917e+00 1.437121046834195859e+01
2.909567815912559863e-01 4.017786768509246098e-02 8.976057682582564423e-01 8.534409193894617607e-01 8.105432969124335418e-01 2.337455104639912795e-02 -1.153054967128019248e+00 1.464085274170889228e+01
3.859537144811330256e-01 6.861902007538418780e-02 7.087369109885491847e-01 8.922055738673753122e-01 7.834178242175572349e-01 8.119067734535192482e-01 -8.126150854640769028e-01 1.452335463221826650e+01
3.077484361755705722e-01 3.559262725802925242e-02 5.015959246208303579e-01 1.136700593859243602e+00 7.578158110820123472e-01 6.346797500070042730e-01 -1.179865014970170600e+00 1.427926991782208432e+01
2.950662623814506169e-01 6.906966900533498266e-02 6.722380985022774480e-01 1.187911782938108507e+00 8.147817987338167312e-01 8.068692898785512213e-01 -1.181177493139962786e+00 1.483134558814338533e+01
3.786636447241127357e-01 4.984394458256471289e-02 5.961759577836150958e-01 1.001439707643404509e+00 7.966525773951557143e-01 9.184048014680482597e-01 -7.782587606120653367e-01 1.459220099138128823e+01
3.445078715357193788e-01 4.527640415154196574e-02 5.803607291058128226e-01 1.021379326132823895e+00 8.097522208924237130e-01 5.356257271360619354e-01 -1.230006387586621841e+00 1.486968753370768681e+01
3.246967517177810070e-01 4.015281625026531631e-02 8.525370773626507193e-01 8.185562121950498149e-01 8.091320855957611080e-01 6.210145701541179841e-01 -1.146799488461931915e+00 1.466518552992028290e+01
2.588380777010985678e-01 6.080920267956172603e-02 8.544822935976901235e-01 1.090838171191004680e+00 8.182035229232196283e-01 6.717172973778140488e-01 -1.035257297175578906e+00 1.461673020127189382e+01
3.169361168654146743e-01 6.357781666402954890e-02 6.377544122678644456e-01 1.074875978820571953e+00 8.398342322891505507e-01 1.645992686407328764e-01 -8.555773993991688808e-01 1.489545026828485774e+01
3.390318432693003037e-01 3.594888373376930318e-02 6.081197809243008567e-01 9.838921427059716951e-01 8.396513654815493943e-01 4.259947454011149826e-01 -1.128497690444817403e+00 1.501227418999326524e+01
4.075595641436583483e-01 6.639931938044599247e-02 6.157836915227807850e-01 8.867616706102905422e-01 8.211955484984599929e-01 3.931435022415485925e-02 -8.157403522006853036e-01 1.485029603986655644e+01
3.228882013060114797e-01 5.569990259719165282e-02 5.599934021668208084e-01 1.107805476935545874e+00 7.408919304702759057e-01 5.336162883010301394e-01 -1.218428748993654942e+00 1.418253303956322497e+01
3.010139534661366856e-01 6.312009844378224654e-02 7.946314537529803879e-01 1.003324383548237053e+00 7.476217855474004415e-01 5.522226220560002563e-01 -1.094805451186536827e+00 1.403019815902330514e+01
3.299882403935113784e-01 6.295818005329723022e-02 7.615847820366143939e-01 9.553815425646698944e-01 8.646750287314322048e-01 3.033213558474845417e-02 -7.981307380105339133e-01 1.486353228734170528e+01
2.168661696097469727e-01 4.091886200827558884e-02 8.619995521376615510e-01 1.070677296220764463e+00 8.341496041289787611e-01 1.453913191579596087e-01 -1.182928983155938640e+00 1.464015278484701810e+01
3.647604513053761544e-01 6.069687069232788251e-02 7.528902048906618294e-01 8.827665876846352289e-01 8.322817487990125107e-01 4.991715758589224672e-01 -1.196670042065245410e+00 1.506556310755498629e+01
3.629336812143433288e-01 3.890672969263712228e-02 6.170192031177682557e-01 1.008855236082334850e+00 8.888238035453441821e-01 7.165122656712957783e-01 -8.671360614323253557e-01 1.508580102669016298e+01
3.142486936651378571e-01 4.750199161908583156e-02 7.602976218891950300e-01 9.338942380734405191e-01 8.482346032748993014e-01 3.314548767506805271e-01 -9.005415686806865772e-01 1.494684895378643930e+01
3.251646938902763573e-01 5.472619994511611352e-02 7.559676459499857781e-01 1.008321671052360147e+00 8.455772259387021039e-01 8.917502069888556537e-01 -1.155485570867160305e+00 1.510861661193680128e+01
3.416011417452523569e-01 4.236222659742735347e-02 7.753370174695326522e-01 8.198356355010490981e-01 8.388684320890874568e-01 1.551270930125394631e-01 -1.190101459725627864e+00 1.500283296507065600e+01
3.571639372746212571e-01 3.100132694555603544e-02 6.738937264782194347e-01 8.919407786181612341e-01 8.648747843366035859e-01 5.202687768944987967e-01 -1.154805972379801426e+00 1.531907671810285620e+01
3.581932997052809098e-01 6.300113616464106392e-02 5.132577001149646323e-01 1.072018462136761441e+00 8.296925554977251371e-01 6.883113363640264160e-02 -1.047800948807207533e+00 1.508275239118785116e+01
3.892604919128687113e-01 6.149983768021512892e-02 8.134178200209021270e-01 8.225869090620764323e-01 8.306407480060575832e-01 9.309264193861770398e-01 -8.523349812215508248e-01 1.476121697223286233e+01
2.821866628539800304e-01 6.405354378162517182e-02 7.307298768269966383e-01 1.050749515852067884e+00 7.978244571331168933e-01 1.199355565776450971e-01 -1.245049345438721033e+00 1.481421196564308218e+01
2.854163970199395939e-01 4.650159601273470139e-02 6.036657809689244258e-01 1.067785560054460792e+00 8.052255361422242519e-01 2.028427982602303281e-01 -8.419100009347635361e-01 1.462959275421264138e+01
3.537997152711406246e-01 4.188047544186647431e-02 5.005960014258004076e-01 1.021838676109189326e+00 8.062376362605756519e-01 1.017761112528708933e-01 -9.225738010926438637e-01 1.462745181152086360e+01
4.668930311823125123e-01 4.754486797085749616e-02 5.250993538140753536e-01 9.600472530512947911e-01 8.719241476852658268e-01 8.114341311282585734e-01 -1.128361196859323234e+00 1.566056808960681934e+01
3.220307288556361613e-01 6.226963728912747464e-02 7.575397396747495238e-01 9.824112070448238754e-01 7.525895672142206561e-01 7.617097016316416447e-01 -9.775244188251792643e-01 1.408812167673467641e+01
3.848430195504956020e-01 5.753147703192248996e-02 5.710153927016344833e-01 1.054934264059373739e+00 8.037056645676331490e-01 9.386200613645923063e-01 -9.571766070102354362e-01 1.498645114347016083e+01
4.438520591164270002e-01 6.320252848200896834e-02 6.357682214496216400e-01 8.330821585945841212e-01 8.134351396887452568e-01 6.198072395746357932e-01 -7.179759025190259880e-01 1.461944331978570411e+01
4.817876321939152939e-01 4.538460121051295093e-02 5.337212379291714770e-01 8.156341805111956278e-01 8.396608944489444282e-01 4.269134894128919222e-01 -9.901778081219503314e-01 1.510199426262323641e+01
3.043905686717426340e-01 6.286188318890231774e-02 8.382790057918130255e-01 9.257980601633284401e-01 7.951609108695810724e-01 1.311817480505511613e-01 -1.218884952002921018e+00 1.478729502574578447e+01
2.578678812935909503e-01 3.651946608453172233e-02 6.813928943381999392e-01 1.095688375485020849e+00 7.637707533732296383e-01 6.153851528267414439e-01 -1.098502383373769486e+00 1.415377349918875893e+01
3.516447579678526614e-01 6.724796262512837408e-02 6.266595170432825990e-01 9.885815209583823648e-01 7.770014950318943070e-01 3.523321943411002466e-01 -8.214938387273137410e-01 1.439074666820613402e+01
3.332848415977593959e-01 6.777798780084817731e-02 8.120141450053222076e-01 8.782289191968666309e-01 8.060466372893714260e-01 8.600215698760649286e-02 -1.083359743828113286e+00 1.476365560834813628e+01
2.864011065231563125e-01 3.262274607798960890e-02 7.758746242924416947e-01 9.291248095183913813e-01 8.771216803972503584e-01 2.177375512497860544e-01 -1.023012414602180176e+00 1.487688182811704429e+01
2.485757060982353162e-01 5.264732368065069834e-02 6.110971878750879327e-01 1.184592965946543064e+00 8.195809435437744206e-01 2.581053403025005410e-01 -1.039560178101222032e+00 1.474679583089479351e+01
2.587010350206288001e-01 3.578197638787829205e-02 6.685709562533034278e-01 1.132413876846614320e+00 8.509929074017217321e-01 5.720537052012247825e-01 -1.265547039652723527e+00 1.497187294370134225e+01
3.005809120211064833e-01 6.078247941565246421e-02 7.182186752204566815e-01 1.021080202111283475e+00 7.657679185512146214e-01 3.444243181175504764e-01 -1.007657990531892311e+00 1.445473421256392399e+01
2.640610596123277309e-01 3.293976878192021035e-02 7.815702675419149426e-01 1.012884626888822304e+00 8.461284085342589689e-01 6.931303522953899954e-01 -1.257604169580990083e+00 1.504682634995137569e+01
4.198077412035571276e-01 3.962658443884219811e-02 5.847525752054105741e-01 9.350304338604401577e-01 8.493820718981475171e-01 8.659754547360056787e-01 -1.043248154081914070e+00 1.527783317383246597e+01
2.938578672320176222e-01 4.489066631949435032e-02 5.144963433472785619e-01 1.109408139876040700e+00 8.154326389396944208e-01 5.606918822676987268e-02 -9.910579828176845352e-01 1.431277359018396567e+01
4.103418923598682877e-01 5.027012877843803351e-02 6.592424900422717560e-01 9.356852082709233853e-01 8.826827206472140919e-01 8.967837083773690932e-01 -1.201725600942195271e+00 1.560381142902908280e+01
2.835997527371494353e-01 6.051722520388755355e-02 6.314672355886794541e-01 1.144260173632289490e+00 8.117785121625931133e-01 3.869702273131703230e-01 -1.080728070197646495e+00 1.468585308874006046e+01
3.595713416528543149e-01 4.602879668920467626e-02 5.508451882371657726e-01 1.008335376252297522e+00 7.818096543216975780e-01 6.923671393921567718e-01 -1.075008504288363032e+00 1.479153956098475575e+01
3.013587272584459242e-01 4.314688795200202071e-02 6.216756444995149566e-01 1.029681187874900150e+00 8.493374601630195864e-01 3.074022928994946113e-03 -1.097881656171288522e+00 1.507184843567304711e+01
2.358782001640906401e-01 5.639665114591441153e-02 7.492184190376347530e-01 1.131132491647057092e+00 7.510454954589945720e-01 6.170988924480004245e-01 -1.239808095775203789e+00 1.467492347046070122e+01
3.574637376624806295e-01 5.050122233652681869e-02 6.810071686159516746e-01 9.696993099930997229e-01 8.561854626595095663e-01 7.353633534524178783e-01 -1.254541602652852417e+00 1.531884366219635751e+01
3.493041239353991134e-01 6.444867225695666280e-02 7.108822857243108917e-01 9.303830053095131225e-01 7.743592058560448965e-01 2.332118064453534423e-01 -1.270724590480275529e+00 1.433269084343942446e+01
2.187573460204350895e-01 4.792767675542405209e-02 8.698472254175946272e-01 1.113618096723646422e+00 8.065498352912173763e-01 8.519246377820619553e-01 -1.180575729026495546e+00 1.456139859604036246e+01
2.524430944948399813e-01 3.026496059787667572e-02 8.685201733411962444e-01 9.527916932512137116e-01 8.046163460180040250e-01 7.897903591056630868e-01 -1.076769216729421164e+00 1.447282397171022161e+01
3.461262385359371585e-01 3.650314864370670515e-02 6.738687976253191492e-01 9.651650076845930126e-01 8.654223996468791702e-01 6.979533195470962736e-01 -8.637835816757224450e-01 1.491554749573212924e+01
2.357493894536490942e-01 3.188100148674613554e-02 7.328106552320282630e-01 1.072505120213043339e+00 8.589968182133238539e-01 2.213036547332861703e-01 -1.150972832389456357e+00 1.493028329523901832e+01
2.925257285103866067e-01 4.560663839237823203e-02 5.736742283287502575e-01 1.078858227923806812e+00 7.895473960120602541e-01 1.677430101064074641e-01 -9.957962352999143452e-01 1.438159530567677891e+01
2.821866628539800304e-01 6.405354378162517182e-02 7.307298768269966383e-01 1.050749515852067884e+00 7.978244571331168933e-01 1.199355565776450971e-01 -1.245049345438721033e+00 1.481421196564308218e+01
3.480862304718683742e-01 5.801408983957184740e-02 8.147910562016658087e-01 8.407413500622626934e-01 8.372535005465860936e-01 2.242499683553640932e-01 -1.146727211484235065e+00 1.513217305043598770e+01
3.057074798644846547e-01 3.102556269455689075e-02 6.270541425723530349e-01 1.057279790198935920e+00 7.781919222538415948e-01 6.553964900725036680e-01 -9.226731952041062890e-01 1.362892856907411598e+01
4.127651861566565827e-01 4.991233501016315716e-02 7.333206327057328888e-01 8.132945614720087368e-01 8.393714141101675796e-01 9.205903594396842582e-01 -8.230717339453161863e-01 1.502619674597681865e+01
3.235038055233654397e-01 5.446796920778584905e-02 6.641640414172109708e-01 9.852861191777455563e-01 7.797381860948608967e-01 2.935567672524640459e-01 -1.017737295127207231e+00 1.447191153244099482e+01
4.429494036699176407e-01 3.092831608135409097e-02 5.194327608305000510e-01 9.206819353234676484e-01 8.364044206653805658e-01 6.991363178182303795e-01 -7.657035885687397680e-01 1.493620119608981867e+01
3.356144039044912653e-01 5.871064542263546016e-02 7.184634062269975585e-01 9.673421574908199760e-01 7.502324678829649374e-01 8.019777588078457198e-01 -7.718579595543596517e-01 1.414068563878756457e+01
4.076930208889835150e-01 6.246500703989271014e-02 5.762357310789703035e-01 9.142713284706056598e-01 8.084604906976834426e-01 2.287364500903027453e-01 -1.162003183836420428e+00 1.502394465355061115e+01
3.134692827027730777e-01 6.415883247838732872e-02 6.723761728130240867e-01 1.074101457981100127e+00 7.337492854014727728e-01 5.445580916324170850e-01 -1.235704320945221424e+00 1.417480928677690244e+01
3.659725760910492731e-01 4.902310085880374341e-02 6.722548915434690686e-01 9.369996836109558691e-01 8.382188469610012405e-01 6.291135693164385811e-01 -1.062054686267520198e+00 1.508552540935966491e+01
2.906553370363839095e-01 3.121283689382391840e-02 5.904033670899041519e-01 1.055908502228404267e+00 8.421951507910340196e-01 3.080021968942303068e-01 -1.165557080227888731e+00 1.474372256487690969e+01
2.905817561223968948e-01 3.069702291824255580e-02 7.443096434446488940e-01 9.458634426908720805e-01 8.494194066373386143e-01 2.845803974952514359e-01 -7.364471547254433093e-01 1.465512183389912870e+01
3.803972897455875080e-01 3.675455141600695447e-02 5.441544405851929112e-01 9.546305043479823560e-01 8.394840995787555826e-01 2.244886617463727474e-01 -1.058222120290637447e+00 1.510539106110557483e+01
2.731256269559541039e-01 6.329823088901739836e-02 7.932809369438081903e-01 1.046229699310543326e+00 8.450683530872482585e-01 7.726797426088782839e-02 -1.103246184069445412e+00 1.487808144427671131e+01
3.175818457411953011e-01 3.958595728712335088e-02 8.692591591061962220e-01 8.073856540145938343e-01 8.135825645864764866e-01 3.885853685259205159e-02 -1.207736540809626336e+00 1.438093021559619089e+01
3.263672015126502512e-01 5.431189694815046626e-02 6.196839019274325011e-01 1.054287696513491523e+00 8.192979576218329951e-01 5.008578360693459741e-01 -9.346414744325969304e-01 1.477319677825856203e+01
3.538977678154330286e-01 5.546550752054402178e-02 7.433208035170881800e-01 8.830833716594781446e-01 8.225498821194912047e-01 3.333077078448594133e-01 -9.700347477536279683e-01 1.471080794643000189e+01
2.883047116667845078e-01 6.638341152870480544e-02 7.562934418087037258e-01 1.090603620139029450e+00 8.137706785542333510e-01 5.921937972455483257e-01 -8.338580074809825993e-01 1.480620245762608533e+01
3.859537144811330256e-01 6.861902007538418780e-02 7.087369109885491847e-01 8.922055738673753122e-01 7.834178242175572349e-01 8.119067734535192482e-01 -8.126150854640769028e-01 1.452335463221826650e+01
3.398765338932894786e-01 5.676087621705439012e-02 7.593250469921881685e-01 9.114763835886622312e-01 8.429982357067979937e-01 3.042471397515186249e-01 -8.924224964096150181e-01 1.497035014098337413e+01
4.782342429293279240e-01 5.618488356299600195e-02 5.591980234744441391e-01 8.163972976505021739e-01 8.644186288988581213e-01 1.234003557840253062e-01 -8.420244939119888583e-01 1.521565292316190643e+01
4.857166911859003289e-01 6.735266505801880410e-02 5.274252655662992062e-01 9.008806693052966441e-01 8.497773181890637684e-01 3.202341494645777886e-01 -9.128645004380007144e-01 1.548525234297965802e+01
3.005809120211064833e-01 6.078247941565246421e-02 7.182186752204566815e-01 1.021080202111283475e+00 7.657679185512146214e-01 3.444243181175504764e-01 -1.007657990531892311e+00 1.445473421256392399e+01
3.055693671937094180e-01 4.726746815770964394e-02 6.060839427494407738e-01 1.052812148654907576e+00 8.126323336826639654e-01 3.861461467843646522e-01 -9.287682576023484904e-01 1.469047056934322271e+01
3.197802838378598911e-01 5.750719672095419566e-02 6.539799461535884539e-01 1.029290396506917560e+00 8.017427083790109599e-01 3.829182568264888897e-01 -7.977494695985548612e-01 1.458175246699855165e+01
3.065910947051766478e-01 5.825011112824847459e-02 6.168133576859738954e-01 1.078834406735840412e+00 8.536814892104389596e-01 9.546748386974890366e-02 -9.264503817195013369e-01 1.467152954151274535e+01
3.761916092693197156e-01 6.583939935752386452e-02 7.454294471390795485e-01 8.353529023745261961e-01 8.017818831273646474e-01 2.790053250615874836e-01 -1.177881746007120034e+00 1.461006508208175525e+01
3.469284446874534855e-01 4.393060482899833336e-02 6.218487477278540343e-01 9.738411553539627619e-01 7.758227793685685825e-01 8.809351952031522215e-01 -1.016334771854566776e+00 1.450470390407087784e+01
3.228882013060114797e-01 5.569990259719165282e-02 5.599934021668208084e-01 1.107805476935545874e+00 7.408919304702759057e-01 5.336162883010301394e-01 -1.218428748993654942e+00 1.418253303956322497e+01
4.124008321378935804e-01 5.847480456158847539e-02 6.892464726613594106e-01 8.051511421095420840e-01 8.193754603431194772e-01 3.923400219454445947e-01 -8.838285501095071162e-01 1.450421940520303998e+01
3.348830225669513494e-01 6.077938892595617648e-02 5.739718910544273633e-01 1.110630733378754176e+00 8.535532737672388848e-01 3.353448044276663431e-01 -9.671872691689538115e-01 1.490303745290276183e+01
3.861773642160472031e-01 5.045388967407211239e-02 7.188111853273860818e-01 8.210319974253005304e-01 7.981123168853836436e-01 7.012038459170018001e-01 -1.198019284481853353e+00 1.472205577268572796e+01
3.858622766742906274e-01 6.908145448486699425e-02 7.738589159581149568e-01 8.664711126803154029e-01 8.292378393099933964e-01 6.714640323795876276e-01 -1.114985215529691320e+00 1.527984555783222831e+01
2.676134674384929024e-01 3.367471435465529267e-02 6.200527204040061635e-01 1.142256182852977142e+00 8.916786972213639473e-01 2.963136623047260554e-01 -1.262955097770802171e+00 1.509160827875709288e+01
3.591647459954442345e-01 6.262261825713116847e-02 7.109198311103944734e-01 9.512310899365848949e-01 7.966176908156965553e-01 8.445317061697524830e-01 -1.004650953205957764e+00 1.479552252975629933e+01
3.538977678154330286e-01 5.546550752054402178e-02 7.433208035170881800e-01 8.830833716594781446e-01 8.225498821194912047e-01 3.333077078448594133e-01 -9.700347477536279683e-01 1.471080794643000189e+01
3.991023281353796026e-01 6.092352898557244767e-02 6.540999244727753181e-01 8.588951347364893740e-01 8.482670167978082487e-01 7.181655726598801248e-02 -1.220477495856260086e+00 1.513210785444412920e+01
3.471981937452465194e-01 6.248524798419997917e-02 5.712081842486846917e-01 1.039015739814928674e+00 7.477384016093781005e-01 4.263643824152658635e-01 -1.085602414418365136e+00 1.445069349224296928e+01
3.574637376624806295e-01 5.050122233652681869e-02 6.810071686159516746e-01 9.696993099930997229e-01 8.561854626595095663e-01 7.353633534524178783e-01 -1.254541602652852417e+00 1.531884366219635751e+01
3.650494735651862444e-01 5.471871236432843122e-02 7.743179366890308168e-01 8.292058371607602396e-01 7.929392095870725354e-01 9.744987006241045968e-03 -1.212695401247411597e+00 1.406977472091538672e+01
1.938009577805999417e-01 3.479234502603652246e-02 8.719475671289866892e-01 1.131780364966989971e+00 8.529740188738874629e-01 4.174773737680491092e-01 -1.247365398575547735e+00 1.457878013385901994e+01
3.962868377976698220e-01 6.885538867319514200e-02 5.095308611100715090e-01 1.031852254191125029e+00 8.207560195282463944e-01 4.279216885799922432e-01 -1.272709410033009636e+00 1.523075862669381308e+01
3.169639632122304151e-01 5.990114598646762573e-02 8.287991065031421467e-01 9.770305583216156720e-01 8.456042126867864273e-01 8.541569926083998343e-01 -1.175037801403310933e+00 1.513050324484599329e+01
3.015563747243028558e-01 3.299910397926868189e-02 6.989978864552538473e-01 9.639416757270187208e-01 8.016440403190004949e-01 7.120904222271620121e-01 -1.063226989929445754e+00 1.461359634264016449e+01
4.995035083530326991e-01 5.156786612920681578e-02 6.101157282991012121e-01 8.160727027978099679e-01 8.849781069486608587e-01 9.170740346006710508e-01 -1.211057604399494947e+00 1.597577110297830849e+01
2.485757060982353162e-01 5.264732368065069834e-02 6.110971878750879327e-01 1.184592965946543064e+00 8.195809435437744206e-01 2.581053403025005410e-01 -1.039560178101222032e+00 1.474679583089479351e+01
3.173330607268859405e-01 5.545785375824015262e-02 5.487303838841662840e-01 1.129233174784509464e+00 7.783714255495507439e-01 6.818168404566657959e-01 -8.358853088636359896e-01 1.436524004081782735e+01
2.371753183563320988e-01 3.098569528564137573e-02 7.049650797365313304e-01 1.100711316860160771e+00 7.774534959583907501e-01 3.911530461587566787e-01 -1.284313217283849173e+00 1.421542319435378765e+01
3.239954065514512038e-01 3.083414490687796938e-02 8.681020805856318745e-01 8.065476773885750239e-01 8.967112857819552474e-01 3.873867535702484322e-01 -1.105737504942133631e+00 1.523087085590436018e+01
2.798885926395551227e-01 3.826931029320350397e-02 8.256678359636850928e-01 9.045003320247844147e-01 8.348149164709930403e-01 1.731453223709907840e-01 -1.230780187312167095e+00 1.480111060059690864e+01
2.946589115183890772e-01 6.852869889045883067e-02 5.578162683048318859e-01 1.195733080611216304e+00 8.285669651224812915e-01 8.112404643921922176e-02 -1.176866028066686054e+00 1.498343855139782299e+01
4.029020740159577896e-01 4.969931052224933754e-02 5.291122808973419689e-01 1.038310935602558160e+00 8.434973584661153989e-01 6.892557771202703076e-01 -7.610446288476248045e-01 1.503592878565507007e+01
4.198077412035571276e-01 3.962658443884219811e-02 5.847525752054105741e-01 9.350304338604401577e-01 8.493820718981475171e-01 8.659754547360056787e-01 -1.043248154081914070e+00 1.527783317383246597e+01
2.498228691878005836e-01 3.216051824794332464e-02 7.726949496213628699e-01 9.681178007119118911e-01 8.536025467065542216e-01 1.964863511751735459e-03 -1.249511551653036845e+00 1.468669807714722531e+01
3.400030427316237391e-01 5.623764866140368995e-02 6.992403713652713959e-01 9.002103149557321160e-01 8.199410891574017146e-01 1.634131958200875645e-01 -1.172130742272581960e+00 1.486510367334990512e+01
4.544413594446534699e-01 5.979194194752532332e-02 5.088561495689196690e-01 9.538273072525560448e-01 7.737121095295509399e-01 8.624031950178612238e-01 -7.407999525778484751e-01 1.454597678310829956e+01
3.382105014677217469e-01 3.468115861022413177e-02 5.192539048325133244e-01 1.111290691061771474e+00 8.712438037743399644e-01 3.857972407163080542e-01 -1.101709884217184410e+00 1.511744360248076191e+01
3.987437255930850188e-01 5.900905442930921146e-02 6.778034583489789267e-01 8.227097330110850759e-01 8.274958335932887099e-01 1.704214331534723015e-01 -9.767560794260634616e-01 1.464543218202345543e+01
3.647604513053761544e-01 6.069687069232788251e-02 7.528902048906618294e-01 8.827665876846352289e-01 8.322817487990125107e-01 4.991715758589224672e-01 -1.196670042065245410e+00 1.506556310755498629e+01
3.339357708937765179e-01 5.315050361344623997e-02 7.693930630451630837e-01 8.768725291477926786e-01 7.975424304132716635e-01 1.215058705796585037e-01 -1.183514511891965437e+00 1.487146707859857919e+01
3.065910947051766478e-01 5.825011112824847459e-02 6.168133576859738954e-01 1.078834406735840412e+00 8.536814892104389596e-01 9.546748386974890366e-02 -9.264503817195013369e-01 1.467152954151274535e+01
4.071229242214340349e-01 3.353187803565415431e-02 5.075879113123903386e-01 9.522711676016992755e-01 7.993984972701619895e-01 6.287443465336396420e-01 -8.212551075401512968e-01 1.482876158249192322e+01
4.076930208889835150e-01 6.246500703989271014e-02 5.762357310789703035e-01 9.142713284706056598e-01 8.084604906976834426e-01 2.287364500903027453e-01 -1.162003183836420428e+00 1.502394465355061115e+01
4.278503928634278530e-01 5.972258676116780352e-02 6.756325777099099206e-01 8.530507439838499462e-01 8.463671473064922068e-01 5.840281444870636385e-01 -8.050842149305216244e-01 1.498556156974104603e+01
3.057074798644846547e-01 3.102556269455689075e-02 6.270541425723530349e-01 1.057279790198935920e+00 7.781919222538415948e-01 6.553964900725036680e-01 -9.226731952041062890e-01 1.362892856907411598e+01
3.369142223501174205e-01 6.083406969474793730e-02 5.189256691841133140e-01 1.148410177678654831e+00 8.257935188554041961e-01 3.784932207461014775e-01 -9.189068875535850722e-01 1.482938806780078878e+01
3.083624698266440589e-01 5.844329140059713323e-02 8.149038912802473167e-01 9.337516208317718780e-01 7.941153231274790114e-01 6.664171044030096080e-01 -1.035584697503654450e+00 1.457054650279781072e+01
3.091732957459449871e-01 6.710743494463364267e-02 7.933639721994774074e-01 1.002642707254623788e+00 7.796654543225015610e-01 8.252210668019295259e-01 -9.688643932423743887e-01 1.455900928209730161e+01
3.055693671937094180e-01 4.726746815770964394e-02 6.060839427494407738e-01 1.052812148654907576e+00 8.126323336826639654e-01 3.861461467843646522e-01 -9.287682576023484904e-01 1.469047056934322271e+01
3.686362281677394437e-01 5.956979206338873511e-02 8.098338868699854753e-01 8.685490239939357426e-01 8.446373550187852297e-01 7.649598818267542288e-01 -7.310941373201292892e-01 1.496887965993052205e+01
2.334952797113196976e-01 3.249739773060501130e-02 6.303141435981381990e-01 1.161059537440486178e+00 7.985176706675977121e-01 4.695009388720069454e-01 -1.191300438474536483e+00 1.484419130142636867e+01
4.454663129200591154e-01 5.246820903532921354e-02 5.469747486967660999e-01 9.444901425869913769e-01 8.489973165985902348e-01 6.968572333224891668e-01 -9.873633770416034849e-01 1.519837662793358568e+01
3.771800855384762619e-01 6.435724042736151729e-02 7.810118861513724031e-01 8.281273561890265533e-01 7.771008405800926555e-01 6.621158964193216701e-01 -9.769103990799148374e-01 1.444116932953365762e+01
2.909567815912559863e-01 4.017786768509246098e-02 8.976057682582564423e-01 8.534409193894617607e-01 8.105432969124335418e-01 2.337455104639912795e-02 -1.153054967128019248e+00 1.464085274170889228e+01
2.846822444048812129e-01 3.906818419688963540e-02 7.154334778199552547e-01 9.978370208625467752e-01 7.875873169864051615e-01 6.434325548391663929e-01 -1.241240405795141388e+00 1.432033577591300677e+01
3.471548368278111196e-01 6.100334469715240626e-02 8.992585989356560727e-01 8.188272684681203728e-01 7.840982967330487607e-01 9.471102138432387907e-01 -1.223746616363558637e+00 1.444859319127335340e+01
3.639230261134551725e-01 4.552535940163575379e-02 5.372513900836435319e-01 9.984084711798906220e-01 8.326991701937146440e-01 1.313170939089202127e-01 -8.741468430689505187e-01 1.481128947070732238e+01
2.713770017171454052e-01 4.318375889437110066e-02 7.489599073307591226e-01 1.040542444028374813e+00 7.853672364585582155e-01 6.840587141088249057e-01 -8.971865296899266262e-01 1.426735153588248117e+01
3.511211677349851401e-01 4.562402142887161255e-02 7.750567634801946992e-01 8.477858207258901491e-01 8.709358602531522831e-01 2.424619539577294591e-01 -9.666710064924082246e-01 1.513457957014478694e+01
3.250760451698641029e-01 4.030145971750873080e-02 8.449116724013780999e-01 8.063518898376312860e-01 8.230188687272698145e-01 2.506990535418620047e-01 -9.881601292798418701e-01 1.488663716660915703e+01
3.672305170897072202e-01 5.625369667675051560e-02 7.549828655486656714e-01 8.542411881443561228e-01 8.498926610995500841e-01 2.751727315865565293e-01 -1.075909416232888383e+00 1.516275330911742181e+01
3.405220341582312349e-01 3.205840402117254850e-02 7.566777987111490411e-01 8.509060382881149520e-01 8.297593938387922696e-01 7.809694549028889377e-01 -9.980817419257344003e-01 1.472248862061808161e+01
2.567531214060285727e-01 4.912205207614151609e-02 7.575605767848414551e-01 1.061581549013195236e+00 7.978558790340426476e-01 3.756413659234106861e-01 -9.979418269691771037e-01 1.454511004070818458e+01
4.174223057961529149e-01 6.353046869394493590e-02 5.732330149589920376e-01 9.288915271374459381e-01 8.035035382451114483e-01 5.195792772288696515e-01 -7.927415281718825923e-01 1.472922472760303769e+01
3.550649435357837724e-01 6.760451722690782872e-02 8.351936180906383012e-01 8.482824773709481958e-01 8.274673690757682332e-01 1.770542574811603265e-01 -1.132147289768488996e+00 1.519288531644881424e+01
3.262508669762025360e-01 3.064981327692817281e-02 7.617831969959191207e-01 8.404764073996803253e-01 8.127661109550985419e-01 3.069090233212379282e-02 -1.284632352345438822e+00 1.423901595873499382e+01
2.896678212915104744e-01 4.020240187846559066e-02 7.029093711398052280e-01 1.006843144915827715e+00 8.079171405457507005e-01 6.419185175159575207e-01 -9.396259573093244111e-01 1.453095592939689062e+01
3.988173253930309414e-01 4.670823413269695190e-02 7.178881625537379962e-01 8.177006407351680162e-01 8.708586240268096912e-01 1.634219266949244465e-01 -7.109797222598538413e-01 1.504245906092526930e+01
4.869901312440959584e-01 5.699035477793382154e-02 5.264611964629685170e-01 8.924649917816813716e-01 8.013565699492073424e-01 7.350014458776189530e-01 -7.004378430137289113e-01 1.511109374985707632e+01
3.269625410896875861e-01 5.080889605804013442e-02 5.250163758541634973e-01 1.090535299999443319e+00 8.402596364708894150e-01 6.753584124855238624e-02 -9.821269866444091168e-01 1.493266243961710238e+01
3.603422185028882785e-01 5.289092231092182295e-02 5.778800460606356992e-01 9.977412202404281061e-01 7.926604792317888393e-01 5.832728692260192860e-01 -7.805925175478212186e-01 1.464057725882667604e+01
2.835997527371494353e-01 6.051722520388755355e-02 6.314672355886794541e-01 1.144260173632289490e+00 8.117785121625931133e-01 3.869702273131703230e-01 -1.080728070197646495e+00 1.468585308874006046e+01
3.031955425441899554e-01 3.150169402950647041e-02 6.999062587795183976e-01 9.967244246729689561e-01 8.552300056106078019e-01 7.918171655092121064e-01 -1.187081614933511053e+00 1.506346211818441994e+01
2.260555447569074783e-01 5.803969319119709619e-02 8.657566394883047245e-01 1.125658073674362658e+00 8.067529159754406320e-01 6.388858925763163388e-01 -1.090554775246364905e+00 1.458741950356133366e+01
3.757472503852929968e-01 5.618062245283984846e-02 7.598866665192828274e-01 8.978172516793639923e-01 8.432389588741302511e-01 9.016080437447839824e-01 -1.014140700185709676e+00 1.516913604182996345e+01
4.883140554690047486e-01 4.638555425233346907e-02 5.191023051091931961e-01 8.189568313558368562e-01 8.748717665119086773e-01 1.396451109719132333e-02 -1.171435662361381524e+00 1.555150108586812685e+01
3.269609445092636069e-01 6.871669094837018488e-02 8.826008798515549980e-01 9.262452157581694268e-01 8.463626674454850507e-01 4.869889019500793781e-01 -1.124971196462737577e+00 1.506439308541032140e+01
4.146639880393504507e-01 5.505861615012459798e-02 5.776842838690019466e-01 9.046844792097540333e-01 8.128173862632850355e-01 4.531851143268169069e-01 -1.124376718544168208e+00 1.498979847606136673e+01
4.278503928634278530e-01 5.972258676116780352e-02 6.756325777099099206e-01 8.530507439838499462e-01 8.463671473064922068e-01 5.840281444870636385e-01 -8.050842149305216244e-01 1.498556156974104603e+01
3.111587708179256451e-01 3.146726604417224987e-02 8.235175631959454901e-01 8.101296393747545732e-01 8.514083490834805090e-01 6.118179313209459735e-03 -1.214375803594547776e+00 1.516642521969700574e+01
4.107389026238273955e-01 5.995645268823696084e-02 6.033756957598284121e-01 9.424944837881260584e-01 7.801195770216814429e-01 9.770736803429613815e-01 -1.214187444739630140e+00 1.503580884029365805e+01
2.567531214060285727e-01 4.912205207614151609e-02 7.575605767848414551e-01 1.061581549013195236e+00 7.978558790340426476e-01 3.756413659234106861e-01 -9.979418269691771037e-01 1.454511004070818458e+01
3.603672114558305051e-01 5.587948444486456889e-02 5.698703481081671685e-01 1.048770913427288898e+00 8.324753539645941558e-01 4.721646861433602682e-01 -1.095756390646482004e+00 1.517230067688135087e+01
3.319713600691030497e-01 3.767659583171367038e-02 8.945562564168683117e-01 8.134141363333995400e-01 8.789696213743022346e-01 8.263755226535507425e-01 -1.033304201033829361e+00 1.523674791049636212e+01
3.847473057188992573e-01 6.516909662434780537e-02 7.066155129998876738e-01 9.126624726619215755e-01 8.322713336824077990e-01 7.565304516691859771e-01 -8.458067399238052841e-01 1.486130617966941969e+01
2.588380777010985678e-01 6.080920267956172603e-02 8.544822935976901235e-01 1.090838171191004680e+00 8.182035229232196283e-01 6.717172973778140488e-01 -1.035257297175578906e+00 1.461673020127189382e+01
2.798885926395551227e-01 3.826931029320350397e-02 8.256678359636850928e-01 9.045003320247844147e-01 8.348149164709930403e-01 1.731453223709907840e-01 -1.230780187312167095e+00 1.480111060059690864e+01
2.157307921572744203e-01 4.598609028772106255e-02 7.641236630323313683e-01 1.130164403884279078e+00 8.193239814606797511e-01 1.979750897893373107e-01 -7.121923247807491197e-01 1.424925654771094230e+01
4.099173956063341118e-01 6.911567242750894791e-02 5.989090547336408665e-01 9.633454496218044616e-01 8.448900313997906864e-01 1.771251664602703779e-01 -9.647119752242038215e-01 1.532357620800851805e+01
2.393827999597661627e-01 5.039808468435454103e-02 8.691138966102006647e-01 1.038433117567724828e+00 7.637473813768220765e-01 8.831824037345645806e-01 -1.228852031281611135e+00 1.470565956719917722e+01
4.127651861566565827e-01 4.991233501016315716e-02 7.333206327057328888e-01 8.132945614720087368e-01 8.393714141101675796e-01 9.205903594396842582e-01 -8.230717339453161863e-01 1.502619674597681865e+01
4.239240818237196562e-01 6.424915293087096746e-02 5.777252265632962791e-01 9.766543154101824387e-01 7.862983793416902234e-01 9.629534958182657256e-01 -1.070845935296387719e+00 1.480282322678340456e+01
2.906553370363839095e-01 3.121283689382391840e-02 5.904033670899041519e-01 1.055908502228404267e+00 8.421951507910340196e-01 3.080021968942303068e-01 -1.165557080227888731e+00 1.474372256487690969e+01
4.817876321939152939e-01 4.538460121051295093e-02 5.337212379291714770e-01 8.156341805111956278e-01 8.396608944489444282e-01 4.269134894128919222e-01 -9.901778081219503314e-01 1.510199426262323641e+01
4.085280694908647314e-01 3.009358685298118771e-02 6.351052654858122537e-01 8.510759732915478271e-01 8.726749907973840870e-01 6.129216445305976091e-01 -9.144596535961062589e-01 1.507009981604270088e+01
3.111587708179256451e-01 3.146726604417224987e-02 8.235175631959454901e-01 8.101296393747545732e-01 8.514083490834805090e-01 6.118179313209459735e-03 -1.214375803594547776e+00 1.516642521969700574e+01
3.470940077562827963e-01 5.481815722819877862e-02 5.586104219074998767e-01 1.068207510680533101e+00 7.496640296216787736e-01 6.572610761171924221e-01 -1.064415716992915373e+00 1.430544285520303305e+01
3.513187940157350697e-01 6.668560816902568966e-02 7.665981443367553272e-01 9.163782930358702616e-01 7.541856529540637011e-01 7.355253865891262510e-01 -1.060177509600718437e+00 1.400455175058155177e+01
2.317398216812654732e-01 3.668728101808339109e-02 7.418537919812718817e-01 1.066181644349485591e+00 7.999660998537896361e-01 3.398334757213488655e-01 -1.093417760808358397e+00 1.441591747362661913e+01
3.769300152160411921e-01 6.785965453674130954e-02 7.559367627773518894e-01 8.676283007193126284e-01 7.699606731680718186e-01 1.199880989549262367e-02 -1.292885592839526643e+00 1.429575109011744516e+01
3.264449538296205766e-01 6.932278288312569703e-02 7.399529776070133957e-01 9.829683409258305193e-01 8.166160415712246934e-01 2.896671107210073703e-01 -8.734425381482595618e-01 1.480233611827772577e+01
3.178533650453109205e-01 5.482954304712128746e-02 7.694842833803271498e-01 9.570483170290285946e-01 7.633329303583897829e-01 8.737560793828954564e-01 -1.088128022322470301e+00 1.411753140922925098e+01
2.814513421357690559e-01 4.343467945375324019e-02 8.657362982855201228e-01 9.167733482549355051e-01 8.450133436442481827e-01 1.368521034902782652e-01 -9.965073098313819155e-01 1.470307658475952550e+01
3.317410213614256920e-01 3.279292112912281232e-02 7.096465925543088415e-01 9.117333450937128436e-01 8.775139386887655935e-01 3.541956133397083928e-01 -9.202370992322161936e-01 1.485961764721147915e+01
3.699645720950746064e-01 6.033946347283909717e-02 8.963382916669453415e-01 8.115937060075516518e-01 8.818215236876902896e-01 7.361307111787205315e-01 -8.739373555908841462e-01 1.535346239444307948e+01
2.734016731435301439e-01 6.045246129967264681e-02 8.299923084817393271e-01 1.024254802034035183e+00 7.910163592917791586e-01 8.021598576852024820e-01 -1.269125624694630305e+00 1.474320733174386788e+01
3.200631954068501317e-01 3.340862217503254988e-02 7.644250349503551867e-01 8.950096417683875982e-01 8.333320641390098427e-01 8.518450856925464665e-01 -8.912240447725410242e-01 1.461540435805927807e+01
4.146639880393504507e-01 5.505861615012459798e-02 5.776842838690019466e-01 9.046844792097540333e-01 8.128173862632850355e-01 4.531851143268169069e-01 -1.124376718544168208e+00 1.498979847606136673e+01
3.457973902594458360e-01 3.317797562878360002e-02 5.411534168071390205e-01 1.043801299126950966e+00 8.746186116256216003e-01 1.388563407819486395e-01 -1.018127449235963322e+00 1.507548838922788725e+01
2.168661696097469727e-01 4.091886200827558884e-02 8.619995521376615510e-01 1.070677296220764463e+00 8.341496041289787611e-01 1.453913191579596087e-01 -1.182928983155938640e+00 1.464015278484701810e+01
3.378672610601739512e-01 4.904542834718293026e-02 6.089171519698154400e-01 9.803363721025014632e-01 7.961548574460439731e-01 1.001315889890569411e-01 -1.067364763385765247e+00 1.454124107499829321e+01
3.202119827026396193e-01 4.463739087269782968e-02 5.311351737055864941e-01 1.054947168706402705e+00 8.067779574605066228e-01 1.061502941177189241e-02 -1.038486254895068184e+00 1.481806884492751841e+01
2.909567815912559863e-01 4.017786768509246098e-02 8.976057682582564423e-01 8.534409193894617607e-01 8.105432969124335418e-01 2.337455104639912795e-02 -1.153054967128019248e+00 1.464085274170889228e+01
3.848430195504956020e-01 5.753147703192248996e-02 5.710153927016344833e-01 1.054934264059373739e+00 8.037056645676331490e-01 9.386200613645923063e-01 -9.571766070102354362e-01 1.498645114347016083e+01
2.988813161716189493e-01 3.607186333201242018e-02 8.322644153778918641e-01 8.908562728858009372e-01 8.890970480199749115e-01 3.330194913253445854e-01 -9.467273594258257541e-01 1.489232380285214141e+01
3.228588026247489751e-01 4.631577064681173528e-02 6.328430534911767547e-01 1.031164135491637879e+00 8.083527159587673427e-01 6.755160138139600923e-01 -1.040700361717442846e+00 1.484652099223119137e+01
4.198077412035571276e-01 3.962658443884219811e-02 5.847525752054105741e-01 9.350304338604401577e-01 8.493820718981475171e-01 8.659754547360056787e-01 -1.043248154081914070e+00 1.527783317383246597e+01
3.315030595701117244e-01 5.578142773426053580e-02 5.994241037864223021e-01 1.087807001009549079e+00 7.426970741361155204e-01 9.323951299779440482e-01 -8.909468727855940351e-01 1.405421353306068077e+01
2.436911086106645641e-01 4.845608372088298227e-02 7.320771874818297054e-01 1.132618586758148860e+00 8.501494145890473586e-01 2.072120241110906869e-01 -1.099098888148511755e+00 1.488508595269583346e+01
4.299665409583059983e-01 5.337796735355168631e-02 5.342931222607965047e-01 9.843569739566246923e-01 8.546709399282415021e-01 5.682185951481472097e-01 -9.302973991012689625e-01 1.543514315962342920e+01
3.197802838378598911e-01 5.750719672095419566e-02 6.539799461535884539e-01 1.029290396506917560e+00 8.017427083790109599e-01 3.829182568264888897e-01 -7.977494695985548612e-01 1.458175246699855165e+01
3.354653628645887231e-01 5.471241706461681120e-02 7.415503512397541019e-01 9.067245919998332404e-01 8.203487574155468032e-01 3.725638121681844606e-01 -1.223702609749223846e+00 1.513486415800254825e+01
4.754398161418476043e-01 5.391335101143068798e-02 5.434607817796860418e-01 8.893809352327828321e-01 8.360717684607896771e-01 6.087949548291630153e-01 -9.142555920115691404e-01 1.521216126549647640e+01
3.163498019842951869e-01 3.863806032451859440e-02 6.161650747986298082e-01 1.039680460188260991e+00 7.762645598004128678e-01 8.031748299424890103e-01 -9.094134311617325661e-01 1.387409878945892494e+01
1.938009577805999417e-01 3.479234502603652246e-02 8.719475671289866892e-01 1.131780364966989971e+00 8.529740188738874629e-01 4.174773737680491092e-01 -1.247365398575547735e+00 1.457878013385901994e+01
3.178752514336153912e-01 5.332935543910821696e-02 5.546527206343540017e-01 1.172513192509267999e+00 8.116941461812603453e-01 8.226184211654987699e-01 -1.255017121140401093e+00 1.478833131354265795e+01
2.948355599955007067e-01 4.026006856856234606e-02 5.396156107569642923e-01 1.078234795189858541e+00 8.068058413618524050e-01 5.185224634289109513e-02 -1.045213272719002440e+00 1.460964199888632997e+01
3.190844079559695956e-01 3.341289907832763195e-02 6.568297281942314658e-01 9.421396771096552936e-01 8.156168190924095729e-01 4.577381085101397962e-01 -1.070459391422462936e+00 1.455865669017047992e+01
4.366262314807947131e-01 6.125335156042095025e-02 5.758250552488219931e-01 9.528342781284916407e-01 8.405944991044933534e-01 6.751651469952235640e-01 -1.129025406181298541e+00 1.532897737810700889e+01
3.516447579678526614e-01 6.724796262512837408e-02 6.266595170432825990e-01 9.885815209583823648e-01 7.770014950318943070e-01 3.523321943411002466e-01 -8.214938387273137410e-01 1.439074666820613402e+01
4.137071362244615358e-01 4.458128248580187775e-02 5.671466648398032495e-01 8.675377111158835142e-01 8.168251945213449439e-01 1.845039425869615668e-01 -1.092043018631660090e+00 1.509581639192806257e+01
3.769300152160411921e-01 6.785965453674130954e-02 7.559367627773518894e-01 8.676283007193126284e-01 7.699606731680718186e-01 1.199880989549262367e-02 -1.292885592839526643e+00 1.429575109011744516e+01
2.436911086106645641e-01 4.845608372088298227e-02 7.320771874818297054e-01 1.132618586758148860e+00 8.501494145890473586e-01 2.072120241110906869e-01 -1.099098888148511755e+00 1.488508595269583346e+01
3.315030595701117244e-01 5.578142773426053580e-02 5.994241037864223021e-01 1.087807001009549079e+00 7.426970741361155204e-01 9.323951299779440482e-01 -8.909468727855940351e-01 1.405421353306068077e+01
3.030166695675587940e-01 5.408159105425297541e-02 8.379842340552875468e-01 9.657505458859957370e-01 7.552544350250224303e-01 2.714226144976126243e-01 -1.282818114598239578e+00 1.356589079662497177e+01
3.512199850253250322e-01 6.993645150037661185e-02 6.374786660070016486e-01 1.008836987004383401e+00 8.062077563387263224e-01 3.421235252515436587e-01 -8.239464796342421682e-01 1.470910212458644040e+01
2.985904097258204049e-01 4.146928047872069228e-02 8.705904444121581598e-01 8.844184481198278380e-01 8.333171563087644618e-01 4.526578689440627357e-01 -1.035321537070086562e+00 1.476209593264838027e+01
3.422350860973535358e-01 4.388648653830357071e-02 6.239415845393172511e-01 9.890290621785465808e-01 8.464667445995608386e-01 3.250773570529347789e-01 -1.080840808420567178e+00 1.527963448937013702e+01
3.236714347356574040e-01 5.869111815998862003e-02 5.919653287755354265e-01 1.168739809869708601e+00 8.520284060075882238e-01 6.164541481201690765e-01 -9.087236571108312511e-01 1.476665597476206138e+01
3.855228759976655484e-01 4.535665322311665387e-02 5.887383049745065211e-01 9.160320111829659551e-01 8.683189434105682558e-01 9.920741653579590036e-03 -1.052220515462218398e+00 1.528162619264504585e+01
3.741379425352941990e-01 6.571054804718613751e-02 6.420650026831775659e-01 9.843074745275823823e-01 7.285113202422629497e-01 8.343695561409952832e-01 -9.536126733735106331e-01 1.405158299388864407e+01
4.475099990408627493e-01 4.813855113459616919e-02 5.935070611187950318e-01 8.225986883036232600e-01 8.722675659970282602e-01 1.624385105489301040e-02 -1.033654945866811170e+00 1.530126253963257277e+01
4.578131096228359453e-01 6.642905661322590083e-02 6.587885111832243457e-01 8.703894206195756933e-01 8.561773695348218194e-01 8.065147745444150029e-01 -9.725363706993868096e-01 1.543875159267170893e+01
2.536854748487833433e-01 5.933289358273278330e-02 7.254700134923045551e-01 1.153124518538128029e+00 8.028064807535398861e-01 4.903221200454816464e-01 -1.035914049329421438e+00 1.473594331038224325e+01
2.824648590980878837e-01 4.687600604397089421e-02 8.009093371743254419e-01 1.004532773415109270e+00 8.152065013625560130e-01 8.475203225031970877e-01 -1.061843362064369689e+00 1.477706366162411733e+01
3.319713600691030497e-01 3.767659583171367038e-02 8.945562564168683117e-01 8.134141363333995400e-01 8.789696213743022346e-01 8.263755226535507425e-01 -1.033304201033829361e+00 1.523674791049636212e+01
4.107389026238273955e-01 5.995645268823696084e-02 6.033756957598284121e-01 9.424944837881260584e-01 7.801195770216814429e-01 9.770736803429613815e-01 -1.214187444739630140e+00 1.503580884029365805e+01
3.277088024100641706e-01 3.516983212961474758e-02 7.456179399595254109e-01 9.230060401222384137e-01 8.270015138818274103e-01 9.976995187253903108e-01 -1.099807922481372824e+00 1.481143187240560799e+01
3.769300152160411921e-01 6.785965453674130954e-02 7.559367627773518894e-01 8.676283007193126284e-01 7.699606731680718186e-01 1.199880989549262367e-02 -1.292885592839526643e+00 1.429575109011744516e+01
3.268306639097983135e-01 3.242376258078907836e-02 5.928306811956347566e-01 9.976753902058663748e-01 8.161341672664894631e-01 5.118519366745045707e-01 -9.442975909723254624e-01 1.474290786890019334e+01
3.937201161144855410e-01 6.480743253576654039e-02 5.355161836968234113e-01 1.012525736072555471e+00 8.719967143619096195e-01 3.076089182121266585e-02 -1.275731716265567917e+00 1.536034898025794604e+01
3.899082101199022876e-01 5.391242167422943821e-02 6.066818682989657541e-01 9.749672518377671127e-01 8.063504363418583232e-01 9.653650961010301623e-01 -1.141131986705096413e+00 1.496123678099221621e+01
2.896678212915104744e-01 4.020240187846559066e-02 7.029093711398052280e-01 1.006843144915827715e+00 8.079171405457507005e-01 6.419185175159575207e-01 -9.396259573093244111e-01 1.453095592939689062e+01
3.010139534661366856e-01 6.312009844378224654e-02 7.946314537529803879e-01 1.003324383548237053e+00 7.476217855474004415e-01 5.522226220560002563e-01 -1.094805451186536827e+00 1.403019815902330514e+01
3.034641119972918966e-01 4.706964486785346347e-02 7.759333048731109628e-01 9.736756270090001220e-01 7.820441721770560184e-01 9.798992167758526772e-01 -1.271260019418414045e+00 1.458713942951642117e+01
2.920953014414052196e-01 5.557732472941923074e-02 8.705398973456915934e-01 9.460334687692477651e-01 7.939132659479199994e-01 6.183615613585085047e-01 -1.120195233067051710e+00 1.481413616011538004e+01
3.028282399873013508e-01 3.855926396038683590e-02 8.345066021144879054e-01 8.500564913447989923e-01 8.257370882342834895e-01 4.195757739638517059e-02 -1.169824244784553269e+00 1.436238128333719999e+01
4.609767435019420656e-01 6.415436903954896408e-02 6.826421661427256593e-01 8.002945857172627520e-01 8.379021684612710796e-01 7.977145387780650854e-01 -1.074808488392661632e+00 1.527634910513705968e+01
3.279004410114359502e-01 4.028651183049617585e-02 5.863361894662572071e-01 1.104403323300259476e+00 8.336668304015832920e-01 8.203141697905408369e-01 -1.129599121099164272e+00 1.509920580627329123e+01
2.814513421357690559e-01 4.343467945375324019e-02 8.657362982855201228e-01 9.167733482549355051e-01 8.450133436442481827e-01 1.368521034902782652e-01 -9.965073098313819155e-01 1.470307658475952550e+01
3.493041239353991134e-01 6.444867225695666280e-02 7.108822857243108917e-01 9.303830053095131225e-01 7.743592058560448965e-01 2.332118064453534423e-01 -1.270724590480275529e+00 1.433269084343942446e+01
3.853980926602867951e-01 3.552081456327724901e-02 7.059032331604244703e-01 8.095490776109242059e-01 8.736416299205028713e-01 3.470750480118649506e-01 -1.107009992108861196e+00 1.533643842154593173e+01
3.533387072279966512e-01 6.794947226548578301e-02 7.589483859982324443e-01 9.338818694473994819e-01 7.869238628886741083e-01 8.528003410422428932e-01 -9.712124270473354581e-01 1.470502067792589784e+01
3.238749999233182519e-01 6.554971665643173628e-02 6.522054476919056931e-01 1.050295933197630260e+00 7.593381402556619308e-01 8.549329014844563313e-01 -1.062516241708423070e+00 1.454540065546680339e+01
3.175818457411953011e-01 3.958595728712335088e-02 8.692591591061962220e-01 8.073856540145938343e-01 8.135825645864764866e-01 3.885853685259205159e-02 -1.207736540809626336e+00 1.438093021559619089e+01
2.395779829950843431e-01 4.972455942575014498e-02 8.712650077041941277e-01 1.076633184718143177e+00 8.366701462326285865e-01 5.553226870494647471e-01 -1.191628480650975153e+00 1.484443514585078461e+01
2.593971773507729450e-01 3.537057522479533644e-02 7.040755071625910411e-01 1.051855979925216733e+00 8.556996488212548213e-01 3.067437223401401347e-01 -1.036275099770755714e+00 1.471445702130923827e+01
3.200631954068501317e-01 3.340862217503254988e-02 7.644250349503551867e-01 8.950096417683875982e-01 8.333320641390098427e-01 8.518450856925464665e-01 -8.912240447725410242e-01 1.461540435805927807e+01
2.579840996440707634e-01 5.254471451892557543e-02 6.126655525772741751e-01 1.139948381209561656e+00 7.847917633499577050e-01 1.463664965261157191e-01 -1.048702054259438743e+00 1.454488939511301915e+01
4.883140554690047486e-01 4.638555425233346907e-02 5.191023051091931961e-01 8.189568313558368562e-01 8.748717665119086773e-01 1.396451109719132333e-02 -1.171435662361381524e+00 1.555150108586812685e+01
3.148011550904683542e-01 4.885549356332602455e-02 8.481077806253866092e-01 8.625048500954349828e-01 8.336193338295704303e-01 3.905354845962940580e-01 -9.768184146984166816e-01 1.465117775269208167e+01
3.686362281677394437e-01 5.956979206338873511e-02 8.098338868699854753e-01 8.685490239939357426e-01 8.446373550187852297e-01 7.649598818267542288e-01 -7.310941373201292892e-01 1.496887965993052205e+01
3.383373274102913220e-01 3.678215568671727720e-02 7.574154104505925744e-01 8.742551837250382984e-01 8.123168285094648500e-01 9.379825289682681699e-01 -9.020351181094694581e-01 1.452158390748155270e+01
3.008966599811665477e-01 6.453301357081005218e-02 8.347171958772726663e-01 1.019872411104398413e+00 8.427648994273904126e-01 6.171850041233699624e-01 -1.064176525689543018e+00 1.501616206872970949e+01
3.169361168654146743e-01 6.357781666402954890e-02 6.377544122678644456e-01 1.074875978820571953e+00 8.398342322891505507e-01 1.645992686407328764e-01 -8.555773993991688808e-01 1.489545026828485774e+01
3.173330607268859405e-01 5.545785375824015262e-02 5.487303838841662840e-01 1.129233174784509464e+00 7.783714255495507439e-01 6.818168404566657959e-01 -8.358853088636359896e-01 1.436524004081782735e+01
3.106547940405418040e-01 6.912454295691572437e-02 7.351444927845252053e-01 1.007159273816802258e+00 8.068543639491628783e-01 3.101623709214618718e-01 -1.009185339347800525e+00 1.484893083862281493e+01
3.500377424037539598e-01 5.428345537800616238e-02 5.069646491267939536e-01 1.069151926547515341e+00 8.079071498663626949e-01 4.002006261898052863e-01 -7.009721320810642364e-01 1.448715748064166320e+01
2.891695625325984009e-01 5.237621558828271795e-02 8.091248494804443858e-01 1.010177006117717990e+00 8.349358379993242485e-01 8.003245708900665889e-01 -9.157756733159755358e-01 1.468336092189994346e+01
3.732435945561322077e-01 5.055435989528898888e-02 6.002491421953961570e-01 9.761920195895715802e-01 7.886411860873235868e-01 9.610448076577675636e-01 -1.218794918555903051e+00 1.478268044615799148e+01
3.336138465925447827e-01 6.218066916129552646e-02 6.319782594726570668e-01 1.103444478864484157e+00 7.182697208470092409e-01 9.451022466796956678e-01 -1.162195573125849979e+00 1.341105954754877949e+01
3.250760451698641029e-01 4.030145971750873080e-02 8.449116724013780999e-01 8.063518898376312860e-01 8.230188687272698145e-01 2.506990535418620047e-01 -9.881601292798418701e-01 1.488663716660915703e+01
4.026495705855399621e-01 3.583727510862688009e-02 5.272205551026108994e-01 9.193607581429237285e-01 8.208414545093741799e-01 3.271275194674506670e-01 -1.199593131273220425e+00 1.493752819764430839e+01
3.983984858806342011e-01 6.637205228862341766e-02 5.143810153179987354e-01 1.071847354205500258e+00 7.827591808139839902e-01 7.893831941765619975e-01 -8.941262739784543445e-01 1.496025123717795680e+01
2.536854748487833433e-01 5.933289358273278330e-02 7.254700134923045551e-01 1.153124518538128029e+00 8.028064807535398861e-01 4.903221200454816464e-01 -1.035914049329421438e+00 1.473594331038224325e+01
3.197717572099079142e-01 5.931221837771584460e-02 5.602295078087671243e-01 1.166445698586846325e+00 8.320894975944360672e-01 5.119004698447134905e-01 -7.254167929914500101e-01 1.474882357353143902e+01
3.215118008593187415e-01 3.577606298536432916e-02 7.306724680643024161e-01 8.791202471151754461e-01 8.366987291233762836e-01 1.989348347337740464e-01 -1.080938240234265324e+00 1.486956335907496118e+01
3.253663360476901634e-01 4.042325057683318623e-02 8.136408974691951013e-01 8.618310865495284467e-01 8.278315786757022288e-01 7.041230969970428966e-01 -1.083345002352342323e+00 1.490866868999364847e+01
3.251646938902763573e-01 5.472619994511611352e-02 7.559676459499857781e-01 1.008321671052360147e+00 8.455772259387021039e-01 8.917502069888556537e-01 -1.155485570867160305e+00 1.510861661193680128e+01
3.537997152711406246e-01 4.188047544186647431e-02 5.005960014258004076e-01 1.021838676109189326e+00 8.062376362605756519e-01 1.017761112528708933e-01 -9.225738010926438637e-01 1.462745181152086360e+01
4.138102231448014257e-01 3.655275140139858936e-02 6.089820218933041929e-01 8.562970920472865455e-01 8.485686144636377382e-01 4.231250800009516144e-01 -8.995806852836019107e-01 1.511415253398308778e+01
4.542851951007385036e-01 6.129361630033842989e-02 5.492944032791541309e-01 8.771236404420958976e-01 8.267714417341751609e-01 1.507646299805547874e-01 -7.159579450206532414e-01 1.486510454790379043e+01
3.240413126511195729e-01 4.948149626265732626e-02 5.600627001496897295e-01 1.053217312482617407e+00 7.640810248529859017e-01 2.693884971166237152e-01 -8.943036910846018372e-01 1.423044058774210718e+01
2.567531214060285727e-01 4.912205207614151609e-02 7.575605767848414551e-01 1.061581549013195236e+00 7.978558790340426476e-01 3.756413659234106861e-01 -9.979418269691771037e-01 1.454511004070818458e+01
3.247181688361910901e-01 4.297563510451167523e-02 5.234294483008211651e-01 1.159014562902231704e+00 7.343070967803506655e-01 7.829309115870395352e-01 -1.052310375846465584e+00 1.341144521425831293e+01
4.640043696281045404e-01 5.053356231439698476e-02 5.920838207259020436e-01 8.598976261215092176e-01 8.119586868722274975e-01 9.604929666114183640e-01 -7.451739523569310686e-01 1.475620241013711542e+01
3.558091243698279227e-01 6.033588396695338529e-02 5.469839973118781895e-01 1.078000143524941556e+00 7.457841886875692383e-01 8.508922467589776772e-01 -1.091687213488069297e+00 1.449681131907635212e+01
4.239802100513200278e-01 6.106500618328750130e-02 5.421937674516698058e-01 9.771458266370296464e-01 7.925200528860112392e-01 7.030540182509872338e-01 -7.745562889804352702e-01 1.449092158432266864e+01
3.362071919655760244e-01 5.723811599768330316e-02 6.221026706367486225e-01 1.081364260596509697e+00 7.418027313084332164e-01 6.861693554968426589e-01 -1.031980919691989573e+00 1.343122111300458776e+01
4.108078038888233197e-01 4.386554809047464587e-02 5.183835597394792494e-01 1.016760202621090903e+00 8.334262151229429039e-01 7.405884141479366356e-01 -8.570747617297751475e-01 1.497489815958721948e+01
4.668930311823125123e-01 4.754486797085749616e-02 5.250993538140753536e-01 9.600472530512947911e-01 8.719241476852658268e-01 8.114341311282585734e-01 -1.128361196859323234e+00 1.566056808960681934e+01
2.814513421357690559e-01 4.343467945375324019e-02 8.657362982855201228e-01 9.167733482549355051e-01 8.450133436442481827e-01 1.368521034902782652e-01 -9.965073098313819155e-01 1.470307658475952550e+01
2.977003109206383114e-01 4.366524479541803588e-02 7.506878110423280681e-01 9.640606552796728845e-01 7.719575732885849417e-01 6.233490798477395733e-01 -1.215701829680484014e+00 1.452046492399162148e+01
4.490541960457156145e-01 6.567269635296912877e-02 6.144091220568859146e-01 8.146333501839838620e-01 8.358633609101471240e-01 3.075323674898822190e-03 -1.166553849001497500e+00 1.486156964564465177e+01
2.524270722165015135e-01 5.077254509522662052e-02 7.920614087771929990e-01 1.066603779369648342e+00 8.011707634473002049e-01 6.231596538847353761e-01 -8.961040676283122952e-01 1.455857604593871457e+01
3.240413126511195729e-01 4.948149626265732626e-02 5.600627001496897295e-01 1.053217312482617407e+00 7.640810248529859017e-01 2.693884971166237152e-01 -8.943036910846018372e-01 1.423044058774210718e+01
3.387105557199793227e-01 6.128365746727942182e-02 8.665563431843823494e-01 8.321255660493028783e-01 8.060478784224598403e-01 2.401174706756660782e-01 -1.015349019870470215e+00 1.472121332838291430e+01
3.287626977601972866e-01 3.739469085480273680e-02 5.063376779932595717e-01 1.130148608095957297e+00 7.862684690037445856e-01 8.059522499844828936e-01 -8.850860158789971566e-01 1.447330325975026177e+01
3.513687817945538860e-01 4.866618792659430093e-02 5.014031839403599866e-01 1.078235786665411089e+00 7.747770976772793139e-01 6.869998645097414869e-01 -7.757045392401050732e-01 1.402134411223507904e+01
3.926611472681779125e-01 6.255727714617924373e-02 5.648438062681495619e-01 9.900573912604592186e-01 8.141436448958916383e-01 4.155455677762781574e-01 -8.356776614091345756e-01 1.492172017177557564e+01
3.005809120211064833e-01 6.078247941565246421e-02 7.182186752204566815e-01 1.021080202111283475e+00 7.657679185512146214e-01 3.444243181175504764e-01 -1.007657990531892311e+00 1.445473421256392399e+01
4.085280694908647314e-01 3.009358685298118771e-02 6.351052654858122537e-01 8.510759732915478271e-01 8.726749907973840870e-01 6.129216445305976091e-01 -9.144596535961062589e-01 1.507009981604270088e+01
3.126945992736397395e-01 3.887611079652726620e-02 5.103726379161153126e-01 1.124092594053174743e+00 7.614308935817355461e-01 6.492937560024919508e-01 -9.560796945288646542e-01 1.422953320143977507e+01
3.842418580589993526e-01 6.557423629114152164e-02 8.026861278401306032e-01 8.258288089349076211e-01 8.536405813433582956e-01 6.001928801942982838e-01 -1.030894929406401594e+00 1.515269191852886799e+01
3.197717572099079142e-01 5.931221837771584460e-02 5.602295078087671243e-01 1.166445698586846325e+00 8.320894975944360672e-01 5.119004698447134905e-01 -7.254167929914500101e-01 1.474882357353143902e+01
4.717567500278323500e-01 6.874317601872681482e-02 5.940498425303459840e-01 8.773657025935162057e-01 7.866952480100880551e-01 9.150495833236673704e-01 -7.825855745477500180e-01 1.467937027674251027e+01
3.344613288465130285e-01 5.608910979369484406e-02 7.897336568975609206e-01 8.769035902238503377e-01 8.246503265615027223e-01 1.707169796637959536e-01 -7.316908929853890298e-01 1.469058123119213377e+01
3.277431966433451138e-01 5.399927478704862061e-02 7.056351993707177250e-01 1.052218592287665455e+00 8.503717371753857224e-01 9.965896726943044293e-01 -7.854525416280349059e-01 1.486212488166722068e+01
3.401851371947679503e-01 4.923181350496814990e-02 5.467325899299749770e-01 1.062524330643072723e+00 7.642131806934931992e-01 6.668094013872332138e-01 -1.076522119741113448e+00 1.437849114870963518e+01
2.909567815912559863e-01 4.017786768509246098e-02 8.976057682582564423e-01 8.534409193894617607e-01 8.105432969124335418e-01 2.337455104639912795e-02 -1.153054967128019248e+00 1.464085274170889228e+01
3.034812806645111882e-01 5.534528555756400292e-02 6.490231590014670093e-01 1.023646341271629012e+00 8.221147473931723626e-01 4.142305777239257969e-02 -1.082000893270220976e+00 1.482846978560529116e+01
3.860348853019998083e-01 6.009805985090840852e-02 5.718667256917521202e-01 9.746483765723268355e-01 7.549149451047928450e-01 6.862466199325616412e-01 -7.631013875174920136e-01 1.429408919028114155e+01
3.354653628645887231e-01 5.471241706461681120e-02 7.415503512397541019e-01 9.067245919998332404e-01 8.203487574155468032e-01 3.725638121681844606e-01 -1.223702609749223846e+00 1.513486415800254825e+01
3.485891442917601890e-01 6.783379258519914301e-02 7.146070123925281070e-01 9.931272079954691634e-01 7.287078077806993237e-01 9.954715539971277227e-01 -1.084930086161205232e+00 1.423399198805012844e+01
3.757472503852929968e-01 5.618062245283984846e-02 7.598866665192828274e-01 8.978172516793639923e-01 8.432389588741302511e-01 9.016080437447839824e-01 -1.014140700185709676e+00 1.516913604182996345e+01
2.782375847651412659e-01 3.417076917627213939e-02 8.849601301599887559e-01 9.216465883887832167e-01 7.875864550883324711e-01 6.653300790762368688e-01 -1.244524152055357824e+00 1.393959079336757867e+01
2.598891443173600435e-01 3.207529519517086231e-02 7.744421569987293141e-01 1.000533438832922561e+00 8.229818906003414369e-01 5.358509541956395505e-01 -1.249312010698872655e+00 1.478302302392750711e+01
2.654786896686623932e-01 3.585670820951547544e-02 8.398096538887639406e-01 9.401582726066355367e-01 8.588585330261973017e-01 1.324127791171458846e-02 -1.282091914121726184e+00 1.495357486896969057e+01
3.892604919128687113e-01 6.149983768021512892e-02 8.134178200209021270e-01 8.225869090620764323e-01 8.306407480060575832e-01 9.309264193861770398e-01 -8.523349812215508248e-01 1.476121697223286233e+01
2.846822444048812129e-01 3.906818419688963540e-02 7.154334778199552547e-01 9.978370208625467752e-01 7.875873169864051615e-01 6.434325548391663929e-01 -1.241240405795141388e+00 1.432033577591300677e+01
4.142255818351258112e-01 3.465602485756315299e-02 6.645314918783213898e-01 8.402756171904952609e-01 8.538615102906810250e-01 8.230839011880534128e-01 -7.657988059381938273e-01 1.489193270406003222e+01
3.681257713077408233e-01 4.810498038542695975e-02 5.564345844336230362e-01 1.000846638367972830e+00 8.643744698049877773e-01 1.706724807099302410e-02 -1.009525278294894246e+00 1.539483901879166794e+01
4.751622587102265483e-01 5.133668451660025611e-02 5.522668734583641159e-01 8.483760788694695298e-01 8.734069762076293042e-01 2.749574364454731024e-01 -9.273159286207914853e-01 1.550806775459333231e+01
4.717567500278323500e-01 6.874317601872681482e-02 5.940498425303459840e-01 8.773657025935162057e-01 7.866952480100880551e-01 9.150495833236673704e-01 -7.825855745477500180e-01 1.467937027674251027e+01
3.017146129534888921e-01 3.444120576396669797e-02 5.646220597782647399e-01 1.026646090584461879e+00 8.335053299738659494e-01 8.571262484815478366e-02 -7.752954323883747279e-01 1.451228952665374550e+01
3.212529954145827427e-01 3.711773335629070525e-02 5.261315150241202554e-01 1.071786841210893293e+00 8.131584016482090727e-01 3.012590385773438184e-01 -1.158314534854036015e+00 1.506672224428595186e+01
3.865915959433186000e-01 6.686475448299783464e-02 6.038884716633068361e-01 9.508158781560137607e-01 8.100502537807565684e-01 2.468723872385381046e-01 -9.611502814268362282e-01 1.496978936708329222e+01
2.857450419998038837e-01 3.755553624310124100e-02 7.285640488110618485e-01 1.046380180505606106e+00 8.399086380578397737e-01 8.314950541005862172e-01 -1.226601678421406660e+00 1.515891473507561038e+01
2.899692602744630143e-01 6.485078615582140493e-02 6.953772166962299828e-01 1.057869069659217232e+00 8.129045482865077110e-01 1.789605495229929510e-01 -1.135394593312695877e+00 1.482524732446936433e+01
3.160268136719737164e-01 6.501078621113484668e-02 8.252093716227864029e-01 9.442938704488647028e-01 7.704546657682289634e-01 8.743918167998652180e-01 -1.128276907389551553e+00 1.427628589859037689e+01
3.005809120211064833e-01 6.078247941565246421e-02 7.182186752204566815e-01 1.021080202111283475e+00 7.657679185512146214e-01 3.444243181175504764e-01 -1.007657990531892311e+00 1.445473421256392399e+01
2.493923395073781024e-01 3.912370248141684714e-02 8.450994119464547705e-01 1.048408641262901009e+00 8.449882463715975289e-01 8.719159312110156268e-01 -1.257461003267191124e+00 1.490230239035707704e+01
2.579840996440707634e-01 5.254471451892557543e-02 6.126655525772741751e-01 1.139948381209561656e+00 7.847917633499577050e-01 1.463664965261157191e-01 -1.048702054259438743e+00 1.454488939511301915e+01
3.905476748552387800e-01 3.538577865884829504e-02 5.738427168904700615e-01 9.274172327367029567e-01 8.501327177188714446e-01 3.509051437382837424e-01 -1.114881254682434930e+00 1.525362142513248465e+01
4.104754122421393481e-01 5.441001066432228639e-02 6.075791498328070306e-01 9.453928910986723055e-01 8.228587624172822856e-01 8.591282133847197855e-01 -1.076155300828008254e+00 1.507517988424355515e+01
3.841223469658338052e-01 5.740854384043053704e-02 6.478418870060929091e-01 9.729899181563861355e-01 8.386591142164890877e-01 8.418131487736745244e-01 -1.112784431318613265e+00 1.525667943356414114e+01
4.104574648214559529e-01 6.452446704310668690e-02 6.365192377533003265e-01 9.262686525419082662e-01 8.479268130334363107e-01 4.688189946997685098e-01 -8.211703636224171321e-01 1.514736013614062315e+01
2.506354204307795763e-01 4.812656236724958958e-02 8.725227735987980404e-01 1.003366245843748672e+00 8.413499502375334504e-01 1.096853160058749999e-01 -1.121553531805341120e+00 1.486706909693074152e+01
3.063921684062811401e-01 4.259177928958580994e-02 6.856398260288063540e-01 9.756096695831555365e-01 8.304279669157259569e-01 3.047336048399918451e-01 -8.028246366481579521e-01 1.456294982130212645e+01
3.223352451376366723e-01 6.040096892744456492e-02 5.099774723687584554e-01 1.121949413522130401e+00 7.749726360091860888e-01 2.059450170259445323e-01 -1.253852884572769888e+00 1.455320285348476794e+01
4.717567500278323500e-01 6.874317601872681482e-02 5.940498425303459840e-01 8.773657025935162057e-01 7.866952480100880551e-01 9.150495833236673704e-01 -7.825855745477500180e-01 1.467937027674251027e+01
3.378672610601739512e-01 4.904542834718293026e-02 6.089171519698154400e-01 9.803363721025014632e-01 7.961548574460439731e-01 1.001315889890569411e-01 -1.067364763385765247e+00 1.454124107499829321e+01
4.754398161418476043e-01 5.391335101143068798e-02 5.434607817796860418e-01 8.893809352327828321e-01 8.360717684607896771e-01 6.087949548291630153e-01 -9.142555920115691404e-01 1.521216126549647640e+01
3.629472352000951973e-01 5.546772148410563513e-02 7.182581436640703698e-01 9.353923012118446900e-01 8.232681191195991843e-01 8.446462356442450137e-01 -7.230161150621173816e-01 1.473683320459484314e+01
4.470332291861731644e-01 5.139894324745004905e-02 6.112143035310129147e-01 8.402048471962113574e-01 8.199638627266556679e-01 6.374924506410888370e-01 -9.385956851539498658e-01 1.490986621964681191e+01
3.954151467105101458e-01 3.012952090553460902e-02 5.401962130392655714e-01 9.008688364772600154e-01 8.348880699577371223e-01 2.709137523804142078e-01 -1.016794141363402959e+00 1.509082620039756151e+01
2.883047116667845078e-01 6.638341152870480544e-02 7.562934418087037258e-01 1.090603620139029450e+00 8.137706785542333510e-01 5.921937972455483257e-01 -8.338580074809825993e-01 1.480620245762608533e+01
3.353720494935348850e-01 6.542029895524011096e-02 6.507295466453322241e-01 1.150021664282396383e+00 8.637756134044767276e-01 8.834497133926012546e-01 -9.217960837658966122e-01 1.477204469282120414e+01
2.862247897624023985e-01 3.963799591172004200e-02 7.690296169267736293e-01 9.478674960186513898e-01 8.400867104305178579e-01 2.432148274827551915e-01 -1.294539995973406077e+00 1.509918216066844820e+01
3.206366456610512672e-01 4.960525537214238723e-02 6.439622539558387260e-01 1.062734392639575365e+00 7.475697260290274926e-01 8.730097692721529024e-01 -1.010959675129364133e+00 1.367747143906693807e+01
2.977003109206383114e-01 4.366524479541803588e-02 7.506878110423280681e-01 9.640606552796728845e-01 7.719575732885849417e-01 6.233490798477395733e-01 -1.215701829680484014e+00 1.452046492399162148e+01
2.857450419998038837e-01 3.755553624310124100e-02 7.285640488110618485e-01 1.046380180505606106e+00 8.399086380578397737e-01 8.314950541005862172e-01 -1.226601678421406660e+00 1.515891473507561038e+01
2.539067235698414526e-01 3.101391265018434151e-02 8.844321778995469785e-01 9.281015853208983701e-01 8.784682636385880983e-01 2.022094790247086493e-02 -1.146292416390399360e+00 1.500906638548031857e+01
4.104574648214559529e-01 6.452446704310668690e-02 6.365192377533003265e-01 9.262686525419082662e-01 8.479268130334363107e-01 4.688189946997685098e-01 -8.211703636224171321e-01 1.514736013614062315e+01
2.539067235698414526e-01 3.101391265018434151e-02 8.844321778995469785e-01 9.281015853208983701e-01 8.784682636385880983e-01 2.022094790247086493e-02 -1.146292416390399360e+00 1.500906638548031857e+01
3.388285033721392669e-01 4.717646237753106431e-02 8.422993746799796178e-01 8.396656958544713723e-01 8.310571463606031273e-01 8.130714509528556011e-01 -9.704662180176377717e-01 1.488816131847960555e+01
4.362818223091577963e-01 5.790539785962113550e-02 6.109402714708884741e-01 8.946765382777309705e-01 8.125062109676081112e-01 8.548065467201297896e-01 -1.068185394955530221e+00 1.520281709163404571e+01
2.878267583256127748e-01 3.164379794107361615e-02 5.257723016196492738e-01 1.195263185068467848e+00 8.312725837336175649e-01 7.263006435906658176e-01 -1.263993069987547235e+00 1.479218693462684442e+01
3.173872057114561773e-01 5.006417680568502060e-02 5.887823296218714919e-01 1.061651216346271465e+00 7.577227408393026886e-01 3.512146296697479797e-01 -1.251191241828814249e+00 1.440264119448853108e+01
3.282704247891052862e-01 6.904153990291789222e-02 6.222418486548482175e-01 1.087631390396588627e+00 8.071256371433630505e-01 4.912147791969185828e-01 -1.250473997665997317e+00 1.515317692208533984e+01
3.345054364530226643e-01 5.359714387026670579e-02 8.392852180958938479e-01 8.721514182813262517e-01 8.472700211638071188e-01 9.020480467107951927e-01 -1.110632025189560279e+00 1.503906981448682245e+01
3.246967517177810070e-01 4.015281625026531631e-02 8.525370773626507193e-01 8.185562121950498149e-01 8.091320855957611080e-01 6.210145701541179841e-01 -1.146799488461931915e+00 1.466518552992028290e+01
3.083624698266440589e-01 5.844329140059713323e-02 8.149038912802473167e-01 9.337516208317718780e-01 7.941153231274790114e-01 6.664171044030096080e-01 -1.035584697503654450e+00 1.457054650279781072e+01
2.800817809079435561e-01 4.215037259481246856e-02 7.216449205362078789e-01 9.886316817235873966e-01 8.249949322379050987e-01 3.191521489549166701e-01 -1.276564951417312743e+00 1.504948212464315382e+01
2.944629339956300607e-01 6.432744984167385049e-02 8.820781767757239766e-01 9.618637663368984070e-01 8.244147312328591326e-01 3.588702240890739859e-01 -1.088071493025937420e+00 1.499857944934120191e+01
3.192089237107678668e-01 3.893746102938459852e-02 5.296497961169516211e-01 1.050865507281591560e+00 8.067585591092121255e-01 1.336850336167171305e-01 -1.026133045782120723e+00 1.456541812672336178e+01
4.726678944002129512e-01 4.884096487127287389e-02 5.865798807611817267e-01 8.011037852950503302e-01 8.363345152183261355e-01 3.216660191524385315e-01 -7.575684313751278598e-01 1.486497166346879339e+01
3.160268136719737164e-01 6.501078621113484668e-02 8.252093716227864029e-01 9.442938704488647028e-01 7.704546657682289634e-01 8.743918167998652180e-01 -1.128276907389551553e+00 1.427628589859037689e+01
3.378553848059546727e-01 4.261941922153340834e-02 6.308223970378404877e-01 1.005087434797702794e+00 8.422801277864959690e-01 5.806560466624173245e-01 -1.205285218525114832e+00 1.505423904827552306e+01
3.192089237107678668e-01 3.893746102938459852e-02 5.296497961169516211e-01 1.050865507281591560e+00 8.067585591092121255e-01 1.336850336167171305e-01 -1.026133045782120723e+00 1.456541812672336178e+01
3.064927248003550542e-01 3.073064690078175509e-02 6.452544927236306682e-01 9.616994624771838529e-01 8.129923551022838479e-01 1.453990562420048871e-02 -1.194594177450511996e+00 1.453601209909859904e+01
3.070134523359866474e-01 4.888858595755379843e-02 8.924240518177852799e-01 9.256760037965097165e-01 8.770338080196149466e-01 7.819891564070741152e-01 -7.471343940316510501e-01 1.483578300503134173e+01
3.931243132333516188e-01 5.637558770194968372e-02 5.587792310969191822e-01 1.035667698219486121e+00 7.930176717604737746e-01 9.119511018303907424e-01 -9.945014665520972574e-01 1.485405017854799148e+01
3.367733347443955805e-01 6.777336299421743426e-02 7.352990530171967798e-01 9.776998648399020109e-01 8.190699709060994538e-01 5.275499021890631690e-01 -1.252695157932447456e+00 1.520442592399121651e+01
3.244718659024404817e-01 4.322038750017916792e-02 8.883965628640276835e-01 8.159133180204556357e-01 7.961763045349602441e-01 9.343066187443624937e-01 -1.230384006273057551e+00 1.489594388556632865e+01
3.339357708937765179e-01 5.315050361344623997e-02 7.693930630451630837e-01 8.768725291477926786e-01 7.975424304132716635e-01 1.215058705796585037e-01 -1.183514511891965437e+00 1.487146707859857919e+01
3.550649435357837724e-01 6.760451722690782872e-02 8.351936180906383012e-01 8.482824773709481958e-01 8.274673690757682332e-01 1.770542574811603265e-01 -1.132147289768488996e+00 1.519288531644881424e+01
3.383373274102913220e-01 3.678215568671727720e-02 7.574154104505925744e-01 8.742551837250382984e-01 8.123168285094648500e-01 9.379825289682681699e-01 -9.020351181094694581e-01 1.452158390748155270e+01
3.558091243698279227e-01 6.033588396695338529e-02 5.469839973118781895e-01 1.078000143524941556e+00 7.457841886875692383e-01 8.508922467589776772e-01 -1.091687213488069297e+00 1.449681131907635212e+01
2.905817561223968948e-01 3.069702291824255580e-02 7.443096434446488940e-01 9.458634426908720805e-01 8.494194066373386143e-01 2.845803974952514359e-01 -7.364471547254433093e-01 1.465512183389912870e+01
3.348830225669513494e-01 6.077938892595617648e-02 5.739718910544273633e-01 1.110630733378754176e+00 8.535532737672388848e-01 3.353448044276663431e-01 -9.671872691689538115e-01 1.490303745290276183e+01
3.931243132333516188e-01 5.637558770194968372e-02 5.587792310969191822e-01 1.035667698219486121e+00 7.930176717604737746e-01 9.119511018303907424e-01 -9.945014665520972574e-01 1.485405017854799148e+01
3.313678078699289209e-01 6.171105513135023701e-02 7.476196824053189527e-01 9.326462693234387480e-01 8.299732513314886928e-01 2.367175256300896313e-02 -8.200988404312319346e-01 1.491842264047330779e+01
3.732435945561322077e-01 5.055435989528898888e-02 6.002491421953961570e-01 9.761920195895715802e-01 7.886411860873235868e-01 9.610448076577675636e-01 -1.218794918555903051e+00 1.478268044615799148e+01
3.225135121720940079e-01 3.145756274166088690e-02 6.237040292079381043e-01 9.396314266979555185e-01 8.269374904404748206e-01 4.267462615489470146e-02 -9.523196751110518665e-01 1.460327137269882591e+01
2.840258572183909647e-01 3.718096691701778395e-02 6.094442308832270783e-01 1.099050996594737484e+00 8.108122145327802954e-01 6.284290753723671408e-01 -9.205541921096918045e-01 1.457570811287997792e+01
2.988813161716189493e-01 3.607186333201242018e-02 8.322644153778918641e-01 8.908562728858009372e-01 8.890970480199749115e-01 3.330194913253445854e-01 -9.467273594258257541e-01 1.489232380285214141e+01
3.940291392274449800e-01 6.054831393178181087e-02 5.120194954366703577e-01 1.029293580514999196e+00 7.417110603467200747e-01 5.045404567742823865e-01 -8.191424072260800049e-01 1.455990390726096351e+01
3.279004410114359502e-01 4.028651183049617585e-02 5.863361894662572071e-01 1.104403323300259476e+00 8.336668304015832920e-01 8.203141697905408369e-01 -1.129599121099164272e+00 1.509920580627329123e+01
4.754398161418476043e-01 5.391335101143068798e-02 5.434607817796860418e-01 8.893809352327828321e-01 8.360717684607896771e-01 6.087949548291630153e-01 -9.142555920115691404e-01 1.521216126549647640e+01
3.469284446874534855e-01 4.393060482899833336e-02 6.218487477278540343e-01 9.738411553539627619e-01 7.758227793685685825e-01 8.809351952031522215e-01 -1.016334771854566776e+00 1.450470390407087784e+01
2.703021369990818434e-01 4.461535864627162729e-02 6.598894542716182698e-01 1.068353808719425535e+00 7.656184973091224588e-01 9.214982081923267510e-02 -1.080638362523380414e+00 1.417216384823316488e+01
3.650494735651862444e-01 5.471871236432843122e-02 7.743179366890308168e-01 8.292058371607602396e-01 7.929392095870725354e-01 9.744987006241045968e-03 -1.212695401247411597e+00 1.406977472091538672e+01
3.212529954145827427e-01 3.711773335629070525e-02 5.261315150241202554e-01 1.071786841210893293e+00 8.131584016482090727e-01 3.012590385773438184e-01 -1.158314534854036015e+00 1.506672224428595186e+01
3.521377986613032363e-01 4.485113742962837380e-02 5.980662665682758838e-01 9.671317620974489992e-01 8.107701103856413960e-01 3.933513862480164658e-01 -1.221475437218432880e+00 1.459056382972534394e+01
3.049440200678472657e-01 5.206235956542742960e-02 8.888228518813510171e-01 8.828202225544068416e-01 8.127201262690755268e-01 5.516341758671728934e-01 -1.016436715417014192e+00 1.455837777726162940e+01
3.106293002457497510e-01 3.540255208944229071e-02 7.884823749076110833e-01 9.010961727288520073e-01 8.015917260165069669e-01 9.421412702374127868e-01 -9.986307349298702007e-01 1.431601281091434785e+01
2.864011065231563125e-01 3.262274607798960890e-02 7.758746242924416947e-01 9.291248095183913813e-01 8.771216803972503584e-01 2.177375512497860544e-01 -1.023012414602180176e+00 1.487688182811704429e+01
3.344613288465130285e-01 5.608910979369484406e-02 7.897336568975609206e-01 8.769035902238503377e-01 8.246503265615027223e-01 1.707169796637959536e-01 -7.316908929853890298e-01 1.469058123119213377e+01
3.223352451376366723e-01 6.040096892744456492e-02 5.099774723687584554e-01 1.121949413522130401e+00 7.749726360091860888e-01 2.059450170259445323e-01 -1.253852884572769888e+00 1.455320285348476794e+01
4.172121411012191805e-01 6.196799412521743905e-02 5.369440105974769839e-01 9.480312271406537983e-01 7.917495395945015613e-01 3.559088398400876985e-01 -8.957381766670380330e-01 1.472904833281241643e+01
3.506459385944781237e-01 5.049672719720928182e-02 5.699140582397430599e-01 1.006382160920024749e+00 7.496495300992144228e-01 1.529606494025121943e-01 -1.211236914267501019e+00 1.435324703685105519e+01
2.593971773507729450e-01 3.537057522479533644e-02 7.040755071625910411e-01 1.051855979925216733e+00 8.556996488212548213e-01 3.067437223401401347e-01 -1.036275099770755714e+00 1.471445702130923827e+01
3.315509644202122019e-01 5.005597703558051920e-02 5.872825585910751434e-01 1.157097935900106123e+00 7.369934495066625679e-01 8.482025612583723451e-01 -1.068339464165383390e+00 1.287185374202730515e+01
4.079591383859823006e-01 3.821221767505303402e-02 5.538435119720569455e-01 9.895594948430432858e-01 8.344851925161691497e-01 7.668409794828149328e-01 -8.382901727894261912e-01 1.512412460315404950e+01
3.010139534661366856e-01 6.312009844378224654e-02 7.946314537529803879e-01 1.003324383548237053e+00 7.476217855474004415e-01 5.522226220560002563e-01 -1.094805451186536827e+00 1.403019815902330514e+01
3.146933837441953097e-01 6.894395113356145688e-02 8.794290720563271435e-01 9.309128740667653723e-01 7.862755169610557981e-01 9.230386252739533059e-01 -1.196896081418624469e+00 1.478484115313786518e+01
3.110787167358711192e-01 3.804821922996948907e-02 6.930573352321679481e-01 1.009805037436715347e+00 8.266201943385773632e-01 8.113527073556456859e-01 -1.084772637586585375e+00 1.490169133079469965e+01
4.104574648214559529e-01 6.452446704310668690e-02 6.365192377533003265e-01 9.262686525419082662e-01 8.479268130334363107e-01 4.688189946997685098e-01 -8.211703636224171321e-01 1.514736013614062315e+01
2.878267583256127748e-01 3.164379794107361615e-02 5.257723016196492738e-01 1.195263185068467848e+00 8.312725837336175649e-01 7.263006435906658176e-01 -1.263993069987547235e+00 1.479218693462684442e+01
3.383373274102913220e-01 3.678215568671727720e-02 7.574154104505925744e-01 8.742551837250382984e-01 8.123168285094648500e-01 9.379825289682681699e-01 -9.020351181094694581e-01 1.452158390748155270e+01
3.200237134617985868e-01 4.913795993692122999e-02 6.877079581836066380e-01 9.563509219738293154e-01 7.877076514493220882e-01 2.162252466486267455e-01 -1.230880930293916764e+00 1.494581633589091929e+01
3.077890322749406993e-01 4.916786797230772443e-02 7.867826089086928931e-01 9.150450295573973047e-01 7.978779087589860097e-01 2.356897819556450502e-01 -9.860691954525884206e-01 1.443757059352291172e+01
2.524430944948399813e-01 3.026496059787667572e-02 8.685201733411962444e-01 9.527916932512137116e-01 8.046163460180040250e-01 7.897903591056630868e-01 -1.076769216729421164e+00 1.447282397171022161e+01
4.426923148986332546e-01 6.102706308022610993e-02 6.345136027876323581e-01 8.241166549736362867e-01 8.279452149883886891e-01 3.753718810319282562e-01 -7.700426718993215180e-01 1.495800488019317953e+01
3.128680095793630045e-01 6.075120538494137301e-02 5.630447637605072719e-01 1.107763697132319480e+00 8.298209285119404477e-01 4.623406803403379284e-02 -7.469506729740562623e-01 1.455172720415504628e+01
4.215609797524869640e-01 4.041255723656178578e-02 5.043874226469833300e-01 9.652173583310681426e-01 8.069232060196853684e-01 5.998814365194687914e-01 -8.290555152353236146e-01 1.483153065321958586e+01
3.093021125861534770e-01 4.722165680879332472e-02 5.717577710006568337e-01 1.058100801556752124e+00 8.401803016737892094e-01 5.108798813567017039e-02 -7.951391299809974500e-01 1.465298833511273990e+01
3.383373274102913220e-01 3.678215568671727720e-02 7.574154104505925744e-01 8.742551837250382984e-01 8.123168285094648500e-01 9.379825289682681699e-01 -9.020351181094694581e-01 1.452158390748155270e+01
4.817763696197122636e-01 6.753806809740986461e-02 5.732459120997560609e-01 9.163672551167609814e-01 8.418439088547358118e-01 9.631622926818854680e-01 -9.029929120540827192e-01 1.521603526193117872e+01
2.424633139382212921e-01 3.662080976799648308e-02 6.092253706676976632e-01 1.194451179282713937e+00 8.383543167018612241e-01 5.095852729079267673e-01 -1.139910836124782945e+00 1.477641707766906620e+01
3.408178692999087600e-01 4.186718452083730557e-02 5.503451036265051277e-01 1.037847542592095662e+00 8.139359212300503188e-01 4.345775982218247901e-01 -8.751881609873771728e-01 1.479861445574645273e+01
2.950662623814506169e-01 6.906966900533498266e-02 6.722380985022774480e-01 1.187911782938108507e+00 8.147817987338167312e-01 8.068692898785512213e-01 -1.181177493139962786e+00 1.483134558814338533e+01
2.338139141305382307e-01 4.772714144656732549e-02 6.359256566639748254e-01 1.190351967825876711e+00 8.164158837088151266e-01 3.059717607303519826e-01 -1.211233343604507073e+00 1.478704598750043253e+01
3.160268136719737164e-01 6.501078621113484668e-02 8.252093716227864029e-01 9.442938704488647028e-01 7.704546657682289634e-01 8.743918167998652180e-01 -1.128276907389551553e+00 1.427628589859037689e+01
2.800817809079435561e-01 4.215037259481246856e-02 7.216449205362078789e-01 9.886316817235873966e-01 8.249949322379050987e-01 3.191521489549166701e-01 -1.276564951417312743e+00 1.504948212464315382e+01
3.205728329243807129e-01 6.363891790739925614e-02 7.145626331672664255e-01 1.001172489881922978e+00 7.523337487724538475e-01 6.393875761522556100e-01 -8.220433884945539393e-01 1.439898656920061448e+01
2.885757562204142590e-01 6.463840577602175674e-02 6.809211782301840543e-01 1.080854087281249321e+00 7.648082535319996600e-01 2.390054805808493610e-01 -1.299955630588974120e+00 1.469268314329834979e+01
2.640610596123277309e-01 3.293976878192021035e-02 7.815702675419149426e-01 1.012884626888822304e+00 8.461284085342589689e-01 6.931303522953899954e-01 -1.257604169580990083e+00 1.504682634995137569e+01
4.325778563584655734e-01 3.165497474594927696e-02 5.966893765144892781e-01 8.025672905649796629e-01 8.120899061830177956e-01 6.785057259303153288e-01 -9.524831554504782360e-01 1.500391038595522630e+01
3.155610364507157595e-01 6.235319843745102536e-02 7.718651228497985795e-01 9.636226832682268650e-01 8.288619523080382745e-01 3.640155771101010185e-01 -9.463223109821445878e-01 1.478657790002299777e+01
3.028282399873013508e-01 3.855926396038683590e-02 8.345066021144879054e-01 8.500564913447989923e-01 8.257370882342834895e-01 4.195757739638517059e-02 -1.169824244784553269e+00 1.436238128333719999e+01
4.274437363050183070e-01 6.428966287619675146e-02 6.304539330318028600e-01 8.578918393864457537e-01 7.941848537864117930e-01 7.582435795673381218e-01 -1.164745430751855215e+00 1.488532156427425690e+01
3.094780089518690547e-01 5.871240640069838590e-02 7.753081042118702415e-01 9.802060961121489280e-01 8.244588907415675294e-01 5.339593165548573994e-01 -1.059243341152198203e+00 1.477996656926887376e+01
3.408178692999087600e-01 4.186718452083730557e-02 5.503451036265051277e-01 1.037847542592095662e+00 8.139359212300503188e-01 4.345775982218247901e-01 -8.751881609873771728e-01 1.479861445574645273e+01
3.109827269868204458e-01 3.470254118916279995e-02 8.611582652660545456e-01 8.291266597289645990e-01 8.180489903780668870e-01 3.136734652574886262e-01 -1.294626895577787540e+00 1.387311568325398170e+01
3.171916935802935322e-01 4.873959321397473843e-02 6.371918638595486239e-01 1.053655438926995203e+00 8.020067391076957097e-01 7.571999769045000273e-01 -9.820592222234698632e-01 1.470736825828974936e+01
2.579528324870496436e-01 5.526166812226079167e-02 7.135005099720130861e-01 1.096090465376344580e+00 8.074828237297386746e-01 2.312568297067298384e-01 -1.109670357630240023e+00 1.474201054459734728e+01
3.478140680575970145e-01 6.704659180660085815e-02 6.026070286795237596e-01 9.892222132409709268e-01 8.047268918565174678e-01 1.292208534132277542e-02 -1.042485925793862789e+00 1.455290890424703321e+01
4.146639880393504507e-01 5.505861615012459798e-02 5.776842838690019466e-01 9.046844792097540333e-01 8.128173862632850355e-01 4.531851143268169069e-01 -1.124376718544168208e+00 1.498979847606136673e+01
3.183651059403529437e-01 4.217938826397471530e-02 7.116705496124502428e-01 9.512211294569024034e-01 7.753605578667792653e-01 2.671128105520728102e-01 -1.292074633856710175e+00 1.412571653576408437e+01
4.441505886249882407e-01 6.709062206530949646e-02 5.636201703260962370e-01 9.080122214712883499e-01 7.775762708945495039e-01 8.593506010978196885e-01 -1.068303981880173836e+00 1.478055002235548798e+01
2.760583751029054289e-01 5.799332097708925077e-02 6.672532614913537774e-01 1.069267794822650774e+00 7.994312517230708348e-01 7.884721414747419832e-02 -8.210753231016333364e-01 1.461167531337267889e+01
3.228588026247489751e-01 4.631577064681173528e-02 6.328430534911767547e-01 1.031164135491637879e+00 8.083527159587673427e-01 6.755160138139600923e-01 -1.040700361717442846e+00 1.484652099223119137e+01
3.936721746333466943e-01 3.486556035037126355e-02 6.238631692547783603e-01 8.761650301616522585e-01 8.541143078691958435e-01 5.807618310519022664e-01 -9.526361963875125127e-01 1.492260278573843735e+01
4.124008321378935804e-01 5.847480456158847539e-02 6.892464726613594106e-01 8.051511421095420840e-01 8.193754603431194772e-01 3.923400219454445947e-01 -8.838285501095071162e-01 1.450421940520303998e+01
3.013587272584459242e-01 4.314688795200202071e-02 6.216756444995149566e-01 1.029681187874900150e+00 8.493374601630195864e-01 3.074022928994946113e-03 -1.097881656171288522e+00 1.507184843567304711e+01
3.581702506764132821e-01 3.960614754763148310e-02 6.732919173553656433e-01 9.092825557183392693e-01 8.825770908845613771e-01 1.338415549969030338e-01 -1.153401370964299621e+00 1.526474117944416875e+01
3.388285033721392669e-01 4.717646237753106431e-02 8.422993746799796178e-01 8.396656958544713723e-01 8.310571463606031273e-01 8.130714509528556011e-01 -9.704662180176377717e-01 1.488816131847960555e+01
4.619706221966856097e-01 3.646876521437906332e-02 5.132744257798415033e-01 8.827762394613153374e-01 8.387952252598174230e-01 3.853163272533733918e-01 -7.938114454589642044e-01 1.494591527455874669e+01
3.083624698266440589e-01 5.844329140059713323e-02 8.149038912802473167e-01 9.337516208317718780e-01 7.941153231274790114e-01 6.664171044030096080e-01 -1.035584697503654450e+00 1.457054650279781072e+01
3.786636447241127357e-01 4.984394458256471289e-02 5.961759577836150958e-01 1.001439707643404509e+00 7.966525773951557143e-01 9.184048014680482597e-01 -7.782587606120653367e-01 1.459220099138128823e+01
2.660824457335245752e-01 3.985952238995742886e-02 8.715301328826658978e-01 9.392673573819860788e-01 8.466157462589649629e-01 6.150484508349381985e-01 -1.261273728923077986e+00 1.491179397825405317e+01
4.151759965624405302e-01 5.539949987736263876e-02 6.925639590044633254e-01 8.315671637972420482e-01 8.362841215848617615e-01 5.875874149224113996e-01 -8.950146264673979335e-01 1.504953661363119011e+01
4.475099990408627493e-01 4.813855113459616919e-02 5.935070611187950318e-01 8.225986883036232600e-01 8.722675659970282602e-01 1.624385105489301040e-02 -1.033654945866811170e+00 1.530126253963257277e+01
4.701782043499608266e-01 4.045632853984040822e-02 6.073569633340698548e-01 8.129149432484732429e-01 8.923562063704656433e-01 7.008219903608285950e-01 -8.403262008725871368e-01 1.546479928189316588e+01
4.475099990408627493e-01 4.813855113459616919e-02 5.935070611187950318e-01 8.225986883036232600e-01 8.722675659970282602e-01 1.624385105489301040e-02 -1.033654945866811170e+00 1.530126253963257277e+01
2.751418954926391214e-01 4.679729681765787408e-02 8.962888390451384524e-01 9.339781885336837508e-01 7.950971962816691940e-01 8.405280244914989929e-01 -1.099881783867825202e+00 1.428298212098286868e+01
3.014649725220979182e-01 3.003702033957507053e-02 5.395995476781390021e-01 1.085391280475030307e+00 7.618060126494141659e-01 4.612821388026310809e-01 -1.226548116564651236e+00 1.444049817773270483e+01
3.786636447241127357e-01 4.984394458256471289e-02 5.961759577836150958e-01 1.001439707643404509e+00 7.966525773951557143e-01 9.184048014680482597e-01 -7.782587606120653367e-01 1.459220099138128823e+01
3.400030427316237391e-01 5.623764866140368995e-02 6.992403713652713959e-01 9.002103149557321160e-01 8.199410891574017146e-01 1.634131958200875645e-01 -1.172130742272581960e+00 1.486510367334990512e+01
2.904869599568712379e-01 5.822023704321603599e-02 7.899452806823464845e-01 1.008749468918432424e+00 8.225096667402800321e-01 4.895948917448763593e-01 -1.021092668725983144e+00 1.488114742615255004e+01
4.114114071490280189e-01 5.810533931439348238e-02 6.667502024196461097e-01 8.800215905338162337e-01 8.214628339215734876e-01 7.808770986691252469e-01 -8.592643188216095851e-01 1.494936889055768958e+01
3.334744248780602272e-01 5.388245826853299558e-02 7.617596639972004091e-01 9.244967298713676618e-01 8.191158243551960316e-01 5.215324899964973726e-01 -1.271848060516223899e+00 1.489413989536053329e+01
4.455341081380287394e-01 6.477515457275626054e-02 5.154568977056526169e-01 9.651648584420011723e-01 8.431237922854704081e-01 3.768193704660050547e-01 -7.067535684248396066e-01 1.495869360503904488e+01
2.536854748487833433e-01 5.933289358273278330e-02 7.254700134923045551e-01 1.153124518538128029e+00 8.028064807535398861e-01 4.903221200454816464e-01 -1.035914049329421438e+00 1.473594331038224325e+01
3.382105014677217469e-01 3.468115861022413177e-02 5.192539048325133244e-01 1.111290691061771474e+00 8.712438037743399644e-01 3.857972407163080542e-01 -1.101709884217184410e+00 1.511744360248076191e+01
2.997629752855625052e-01 4.019511669126305670e-02 6.446904526217795972e-01 9.957902276097612138e-01 8.215148130992351305e-01 2.934192965402999120e-01 -1.219126247805251362e+00 1.482273575002772681e+01
4.624834042784347066e-01 6.203856027105463661e-02 5.463788628442718398e-01 9.156665903774179327e-01 8.662042578214790289e-01 3.321569604627848116e-01 -1.116855752568588933e+00 1.554299429551898371e+01
4.366262314807947131e-01 6.125335156042095025e-02 5.758250552488219931e-01 9.528342781284916407e-01 8.405944991044933534e-01 6.751651469952235640e-01 -1.129025406181298541e+00 1.532897737810700889e+01
3.469284446874534855e-01 4.393060482899833336e-02 6.218487477278540343e-01 9.738411553539627619e-01 7.758227793685685825e-01 8.809351952031522215e-01 -1.016334771854566776e+00 1.450470390407087784e+01
2.371753183563320988e-01 3.098569528564137573e-02 7.049650797365313304e-01 1.100711316860160771e+00 7.774534959583907501e-01 3.911530461587566787e-01 -1.284313217283849173e+00 1.421542319435378765e+01
3.112880923213832696e-01 3.796326279322906339e-02 6.876596282623972378e-01 1.005446144307863721e+00 8.040096504267453259e-01 8.960492096272659746e-01 -9.573392054359020076e-01 1.448418759204793638e+01
3.558091243698279227e-01 6.033588396695338529e-02 5.469839973118781895e-01 1.078000143524941556e+00 7.457841886875692383e-01 8.508922467589776772e-01 -1.091687213488069297e+00 1.449681131907635212e+01
2.957369561681598702e-01 5.201338360277976691e-02 7.381067300521199082e-01 1.004109275330690165e+00 7.688874893176375069e-01 6.169823864990833240e-01 -1.220063019793497849e+00 1.446775028220085346e+01
3.175818457411953011e-01 3.958595728712335088e-02 8.692591591061962220e-01 8.073856540145938343e-01 8.135825645864764866e-01 3.885853685259205159e-02 -1.207736540809626336e+00 1.438093021559619089e+01
3.554166571797089391e-01 5.921893341342016753e-02 8.038289806157343786e-01 8.966676519855449889e-01 8.602157418856091198e-01 7.460756489681072967e-01 -9.131016806438865263e-01 1.514441824080646448e+01
2.920953014414052196e-01 5.557732472941923074e-02 8.705398973456915934e-01 9.460334687692477651e-01 7.939132659479199994e-01 6.183615613585085047e-01 -1.120195233067051710e+00 1.481413616011538004e+01
3.847473057188992573e-01 6.516909662434780537e-02 7.066155129998876738e-01 9.126624726619215755e-01 8.322713336824077990e-01 7.565304516691859771e-01 -8.458067399238052841e-01 1.486130617966941969e+01
2.730769476977075727e-01 3.540345547742296262e-02 7.815576534965700262e-01 9.297042984691944456e-01 8.381415992427769801e-01 1.299463134231921280e-01 -1.268793808135812551e+00 1.491173570528529524e+01
4.198077412035571276e-01 3.962658443884219811e-02 5.847525752054105741e-01 9.350304338604401577e-01 8.493820718981475171e-01 8.659754547360056787e-01 -1.043248154081914070e+00 1.527783317383246597e+01
2.187573460204350895e-01 4.792767675542405209e-02 8.698472254175946272e-01 1.113618096723646422e+00 8.065498352912173763e-01 8.519246377820619553e-01 -1.180575729026495546e+00 1.456139859604036246e+01
3.332848415977593959e-01 6.777798780084817731e-02 8.120141450053222076e-01 8.782289191968666309e-01 8.060466372893714260e-01 8.600215698760649286e-02 -1.083359743828113286e+00 1.476365560834813628e+01
2.891695625325984009e-01 5.237621558828271795e-02 8.091248494804443858e-01 1.010177006117717990e+00 8.349358379993242485e-01 8.003245708900665889e-01 -9.157756733159755358e-01 1.468336092189994346e+01
4.299665409583059983e-01 5.337796735355168631e-02 5.342931222607965047e-01 9.843569739566246923e-01 8.546709399282415021e-01 5.682185951481472097e-01 -9.302973991012689625e-01 1.543514315962342920e+01
3.173872057114561773e-01 5.006417680568502060e-02 5.887823296218714919e-01 1.061651216346271465e+00 7.577227408393026886e-01 3.512146296697479797e-01 -1.251191241828814249e+00 1.440264119448853108e+01
2.977003109206383114e-01 4.366524479541803588e-02 7.506878110423280681e-01 9.640606552796728845e-01 7.719575732885849417e-01 6.233490798477395733e-01 -1.215701829680484014e+00 1.452046492399162148e+01
3.493041239353991134e-01 6.444867225695666280e-02 7.108822857243108917e-01 9.303830053095131225e-01 7.743592058560448965e-01 2.332118064453534423e-01 -1.270724590480275529e+00 1.433269084343942446e+01
3.234590395703940691e-01 5.915044552167356140e-02 8.292455476249593893e-01 9.034486106473080813e-01 8.087572086177948760e-01 5.215112466601642405e-01 -1.002569246689788196e+00 1.474760167140897238e+01
3.991023281353796026e-01 6.092352898557244767e-02 6.540999244727753181e-01 8.588951347364893740e-01 8.482670167978082487e-01 7.181655726598801248e-02 -1.220477495856260086e+00 1.513210785444412920e+01
3.947428506072888643e-01 6.426985987644952270e-02 5.910535315300557979e-01 1.005544897652256520e+00 8.212887505116969189e-01 6.612752437396078875e-01 -7.167049886041261253e-01 1.484999479950396051e+01
3.190844079559695956e-01 3.341289907832763195e-02 6.568297281942314658e-01 9.421396771096552936e-01 8.156168190924095729e-01 4.577381085101397962e-01 -1.070459391422462936e+00 1.455865669017047992e+01
3.339357708937765179e-01 5.315050361344623997e-02 7.693930630451630837e-01 8.768725291477926786e-01 7.975424304132716635e-01 1.215058705796585037e-01 -1.183514511891965437e+00 1.487146707859857919e+01
3.597212838466445906e-01 4.940576979658389822e-02 7.223185887929032267e-01 9.142275921904529090e-01 8.446971115338250957e-01 7.725636586211738210e-01 -9.558494121460254789e-01 1.489614750039827662e+01
2.782375847651412659e-01 3.417076917627213939e-02 8.849601301599887559e-01 9.216465883887832167e-01 7.875864550883324711e-01 6.653300790762368688e-01 -1.244524152055357824e+00 1.393959079336757867e+01
3.130427958938800104e-01 4.929723004196227831e-02 5.633225567714206239e-01 1.109067367576009877e+00 8.512286941743367752e-01 2.116874455951901490e-01 -1.194539208742597003e+00 1.510594504526527260e+01
3.190844079559695956e-01 3.341289907832763195e-02 6.568297281942314658e-01 9.421396771096552936e-01 8.156168190924095729e-01 4.577381085101397962e-01 -1.070459391422462936e+00 1.455865669017047992e+01
4.123149132125177863e-01 4.567556814770731832e-02 6.542636309741430845e-01 8.929141622145124746e-01 8.514422353055339787e-01 7.343269451270220127e-01 -1.140458975490347804e+00 1.516070899043288023e+01
4.732856378766391314e-01 6.290459761303682229e-02 5.070443634994593607e-01 9.330099351984830758e-01 8.410275121509636076e-01 4.110470387694360461e-01 -7.610364849587877289e-01 1.512297627990785998e+01
4.624834042784347066e-01 6.203856027105463661e-02 5.463788628442718398e-01 9.156665903774179327e-01 8.662042578214790289e-01 3.321569604627848116e-01 -1.116855752568588933e+00 1.554299429551898371e+01
3.936721746333466943e-01 3.486556035037126355e-02 6.238631692547783603e-01 8.761650301616522585e-01 8.541143078691958435e-01 5.807618310519022664e-01 -9.526361963875125127e-01 1.492260278573843735e+01
2.236085643085919950e-01 6.266826262869379383e-02 7.880101499646534613e-01 1.192361601945174376e+00 7.684164790194093486e-01 5.063041830723256087e-01 -1.268952484414557214e+00 1.480433087726348873e+01
3.205728329243807129e-01 6.363891790739925614e-02 7.145626331672664255e-01 1.001172489881922978e+00 7.523337487724538475e-01 6.393875761522556100e-01 -8.220433884945539393e-01 1.439898656920061448e+01
3.031955425441899554e-01 3.150169402950647041e-02 6.999062587795183976e-01 9.967244246729689561e-01 8.552300056106078019e-01 7.918171655092121064e-01 -1.187081614933511053e+00 1.506346211818441994e+01
2.572211789996367015e-01 3.989989669385115428e-02 7.098441234053273208e-01 1.043539239103571159e+00 8.057038838869599040e-01 3.574891009245315665e-01 -1.265354827222389567e+00 1.483075175307579130e+01
3.443819344396797932e-01 6.294177735188488665e-02 5.807576392333604343e-01 1.148182180921500706e+00 8.242167393734001202e-01 9.941949093178410468e-01 -1.154834360172202423e+00 1.493238143716247279e+01
3.829355608930374855e-01 6.157429644942179897e-02 5.832034046192081655e-01 9.611101638849000039e-01 7.375704647235752365e-01 3.853183489808496565e-01 -1.162885647599417593e+00 1.443868807791668729e+01
2.835997527371494353e-01 6.051722520388755355e-02 6.314672355886794541e-01 1.144260173632289490e+00 8.117785121625931133e-01 3.869702273131703230e-01 -1.080728070197646495e+00 1.468585308874006046e+01
3.581702506764132821e-01 3.960614754763148310e-02 6.732919173553656433e-01 9.092825557183392693e-01 8.825770908845613771e-01 1.338415549969030338e-01 -1.153401370964299621e+00 1.526474117944416875e+01
3.443819344396797932e-01 6.294177735188488665e-02 5.807576392333604343e-01 1.148182180921500706e+00 8.242167393734001202e-01 9.941949093178410468e-01 -1.154834360172202423e+00 1.493238143716247279e+01
3.014649725220979182e-01 3.003702033957507053e-02 5.395995476781390021e-01 1.085391280475030307e+00 7.618060126494141659e-01 4.612821388026310809e-01 -1.226548116564651236e+00 1.444049817773270483e+01
3.513687817945538860e-01 4.866618792659430093e-02 5.014031839403599866e-01 1.078235786665411089e+00 7.747770976772793139e-01 6.869998645097414869e-01 -7.757045392401050732e-01 1.402134411223507904e+01
4.174223057961529149e-01 6.353046869394493590e-02 5.732330149589920376e-01 9.288915271374459381e-01 8.035035382451114483e-01 5.195792772288696515e-01 -7.927415281718825923e-01 1.472922472760303769e+01
4.029020740159577896e-01 4.969931052224933754e-02 5.291122808973419689e-01 1.038310935602558160e+00 8.434973584661153989e-01 6.892557771202703076e-01 -7.610446288476248045e-01 1.503592878565507007e+01
3.681257713077408233e-01 4.810498038542695975e-02 5.564345844336230362e-01 1.000846638367972830e+00 8.643744698049877773e-01 1.706724807099302410e-02 -1.009525278294894246e+00 1.539483901879166794e+01
3.238749999233182519e-01 6.554971665643173628e-02 6.522054476919056931e-01 1.050295933197630260e+00 7.593381402556619308e-01 8.549329014844563313e-01 -1.062516241708423070e+00 1.454540065546680339e+01
3.961105901242167882e-01 5.496509713160086658e-02 6.531045219066732299e-01 8.903286637023974937e-01 8.202035046350123482e-01 7.463879383064115913e-01 -9.916263828065949859e-01 1.486262891554507526e+01
4.754398161418476043e-01 5.391335101143068798e-02 5.434607817796860418e-01 8.893809352327828321e-01 8.360717684607896771e-01 6.087949548291630153e-01 -9.142555920115691404e-01 1.521216126549647640e+01
3.571639372746212571e-01 3.100132694555603544e-02 6.738937264782194347e-01 8.919407786181612341e-01 8.648747843366035859e-01 5.202687768944987967e-01 -1.154805972379801426e+00 1.531907671810285620e+01
3.253663360476901634e-01 4.042325057683318623e-02 8.136408974691951013e-01 8.618310865495284467e-01 8.278315786757022288e-01 7.041230969970428966e-01 -1.083345002352342323e+00 1.490866868999364847e+01
4.002982190903263682e-01 3.833142774075733172e-02 6.812963598627441719e-01 8.178377361919347832e-01 9.103858578517365352e-01 2.631654496170647839e-01 -1.143153546616098248e+00 1.550360523823514569e+01
2.878020789903987797e-01 5.874095958468955603e-02 7.325330683793361830e-01 1.014401675650061341e+00 7.924464549472035602e-01 1.202532708307954001e-01 -1.181045006469654046e+00 1.474599705292722618e+01
2.887423492936105340e-01 6.400497857270674718e-02 7.041918430113615068e-01 1.051181124122713584e+00 7.870831507915643233e-01 3.420206193595603517e-01 -1.096157541295525562e+00 1.472795959326697535e+01
3.148011550904683542e-01 4.885549356332602455e-02 8.481077806253866092e-01 8.625048500954349828e-01 8.336193338295704303e-01 3.905354845962940580e-01 -9.768184146984166816e-01 1.465117775269208167e+01
2.593971773507729450e-01 3.537057522479533644e-02 7.040755071625910411e-01 1.051855979925216733e+00 8.556996488212548213e-01 3.067437223401401347e-01 -1.036275099770755714e+00 1.471445702130923827e+01
3.847473057188992573e-01 6.516909662434780537e-02 7.066155129998876738e-01 9.126624726619215755e-01 8.322713336824077990e-01 7.565304516691859771e-01 -8.458067399238052841e-01 1.486130617966941969e+01
3.378672610601739512e-01 4.904542834718293026e-02 6.089171519698154400e-01 9.803363721025014632e-01 7.961548574460439731e-01 1.001315889890569411e-01 -1.067364763385765247e+00 1.454124107499829321e+01
2.485757060982353162e-01 5.264732368065069834e-02 6.110971878750879327e-01 1.184592965946543064e+00 8.195809435437744206e-01 2.581053403025005410e-01 -1.039560178101222032e+00 1.474679583089479351e+01
2.946264096120548848e-01 3.235347481998936126e-02 7.043203078477501267e-01 9.349256326351205182e-01 8.517794740763309225e-01 2.573092549125011175e-02 -8.228098038885568455e-01 1.475427721275052662e+01
2.878020789903987797e-01 5.874095958468955603e-02 7.325330683793361830e-01 1.014401675650061341e+00 7.924464549472035602e-01 1.202532708307954001e-01 -1.181045006469654046e+00 1.474599705292722618e+01
3.988173253930309414e-01 4.670823413269695190e-02 7.178881625537379962e-01 8.177006407351680162e-01 8.708586240268096912e-01 1.634219266949244465e-01 -7.109797222598538413e-01 1.504245906092526930e+01
2.950662623814506169e-01 6.906966900533498266e-02 6.722380985022774480e-01 1.187911782938108507e+00 8.147817987338167312e-01 8.068692898785512213e-01 -1.181177493139962786e+00 1.483134558814338533e+01
3.313678078699289209e-01 6.171105513135023701e-02 7.476196824053189527e-01 9.326462693234387480e-01 8.299732513314886928e-01 2.367175256300896313e-02 -8.200988404312319346e-01 1.491842264047330779e+01
3.236714347356574040e-01 5.869111815998862003e-02 5.919653287755354265e-01 1.168739809869708601e+00 8.520284060075882238e-01 6.164541481201690765e-01 -9.087236571108312511e-01 1.476665597476206138e+01
2.538518421014603899e-01 3.505126988176038294e-02 7.359409885362102610e-01 1.063613235882177932e+00 8.857567122262026693e-01 6.752229093904482671e-02 -1.020609799158278541e+00 1.482527161462511778e+01
4.782342429293279240e-01 5.618488356299600195e-02 5.591980234744441391e-01 8.163972976505021739e-01 8.644186288988581213e-01 1.234003557840253062e-01 -8.420244939119888583e-01 1.521565292316190643e+01
3.370610239877001590e-01 3.361462383199825821e-02 5.245557804075317021e-01 1.025792142453756606e+00 8.150041223532901169e-01 2.664652400877661753e-01 -8.385431259202571486e-01 1.458224565048542942e+01
4.578131096228359453e-01 6.642905661322590083e-02 6.587885111832243457e-01 8.703894206195756933e-01 8.561773695348218194e-01 8.065147745444150029e-01 -9.725363706993868096e-01 1.543875159267170893e+01
3.629472352000951973e-01 5.546772148410563513e-02 7.182581436640703698e-01 9.353923012118446900e-01 8.232681191195991843e-01 8.446462356442450137e-01 -7.230161150621173816e-01 1.473683320459484314e+01
2.800817809079435561e-01 4.215037259481246856e-02 7.216449205362078789e-01 9.886316817235873966e-01 8.249949322379050987e-01 3.191521489549166701e-01 -1.276564951417312743e+00 1.504948212464315382e+01
4.441505886249882407e-01 6.709062206530949646e-02 5.636201703260962370e-01 9.080122214712883499e-01 7.775762708945495039e-01 8.593506010978196885e-01 -1.068303981880173836e+00 1.478055002235548798e+01
2.856672629285027520e-01 3.762227038127579498e-02 7.640302405827057441e-01 9.518036393926436745e-01 7.899276244792545754e-01 5.303170831413456243e-01 -1.194250484034148574e+00 1.434124811131440502e+01
2.856672629285027520e-01 3.762227038127579498e-02 7.640302405827057441e-01 9.518036393926436745e-01 7.899276244792545754e-01 5.303170831413456243e-01 -1.194250484034148574e+00 1.434124811131440502e+01
3.028282399873013508e-01 3.855926396038683590e-02 8.345066021144879054e-01 8.500564913447989923e-01 8.257370882342834895e-01 4.195757739638517059e-02 -1.169824244784553269e+00 1.436238128333719999e+01
3.049440200678472657e-01 5.206235956542742960e-02 8.888228518813510171e-01 8.828202225544068416e-01 8.127201262690755268e-01 5.516341758671728934e-01 -1.016436715417014192e+00 1.455837777726162940e+01
3.064927248003550542e-01 3.073064690078175509e-02 6.452544927236306682e-01 9.616994624771838529e-01 8.129923551022838479e-01 1.453990562420048871e-02 -1.194594177450511996e+00 1.453601209909859904e+01
3.965279430787086445e-01 5.622084090604473339e-02 7.609329130934496810e-01 8.304451918665574084e-01 8.691188657032695719e-01 7.949918942930438437e-01 -8.796449469755533990e-01 1.526192441946711575e+01
3.055693671937094180e-01 4.726746815770964394e-02 6.060839427494407738e-01 1.052812148654907576e+00 8.126323336826639654e-01 3.861461467843646522e-01 -9.287682576023484904e-01 1.469047056934322271e+01
3.205728329243807129e-01 6.363891790739925614e-02 7.145626331672664255e-01 1.001172489881922978e+00 7.523337487724538475e-01 6.393875761522556100e-01 -8.220433884945539393e-01 1.439898656920061448e+01
4.274437363050183070e-01 6.428966287619675146e-02 6.304539330318028600e-01 8.578918393864457537e-01 7.941848537864117930e-01 7.582435795673381218e-01 -1.164745430751855215e+00 1.488532156427425690e+01
4.137071362244615358e-01 4.458128248580187775e-02 5.671466648398032495e-01 8.675377111158835142e-01 8.168251945213449439e-01 1.845039425869615668e-01 -1.092043018631660090e+00 1.509581639192806257e+01
4.209373465577651574e-01 5.418903889919372135e-02 5.037972127762426755e-01 9.953560703694714906e-01 8.537475140505946802e-01 3.179078798997033717e-01 -1.057465230973180681e+00 1.528352931026800654e+01
3.756677004190468461e-01 3.092970941808757812e-02 6.587578628767714051e-01 8.043890119997587629e-01 8.396010978577355122e-01 2.146630077566294981e-01 -1.077654843577970478e+00 1.504321460398105259e+01
4.624834042784347066e-01 6.203856027105463661e-02 5.463788628442718398e-01 9.156665903774179327e-01 8.662042578214790289e-01 3.321569604627848116e-01 -1.116855752568588933e+00 1.554299429551898371e+01
3.860348853019998083e-01 6.009805985090840852e-02 5.718667256917521202e-01 9.746483765723268355e-01 7.549149451047928450e-01 6.862466199325616412e-01 -7.631013875174920136e-01 1.429408919028114155e+01
3.013587272584459242e-01 4.314688795200202071e-02 6.216756444995149566e-01 1.029681187874900150e+00 8.493374601630195864e-01 3.074022928994946113e-03 -1.097881656171288522e+00 1.507184843567304711e+01
3.153482984742332906e-01 5.934361012456458584e-02 8.361053939858016371e-01 8.928105232063817676e-01 8.194436634040765943e-01 2.761594950568324602e-03 -9.117960471834619662e-01 1.462874439082241729e+01
3.002154884631015319e-01 4.919610299198709513e-02 6.504912271407665703e-01 1.037029567890504822e+00 7.589740026872038303e-01 4.639216671828461092e-01 -1.085820860011353917e+00 1.437121046834195859e+01
3.595713416528543149e-01 4.602879668920467626e-02 5.508451882371657726e-01 1.008335376252297522e+00 7.818096543216975780e-01 6.923671393921567718e-01 -1.075008504288363032e+00 1.479153956098475575e+01
3.111587708179256451e-01 3.146726604417224987e-02 8.235175631959454901e-01 8.101296393747545732e-01 8.514083490834805090e-01 6.118179313209459735e-03 -1.214375803594547776e+00 1.516642521969700574e+01
4.257285812815860826e-01 6.477243845794800059e-02 5.954741511959912303e-01 9.129580823961842562e-01 7.991754790689500343e-01 8.434443752535818462e-01 -1.286058288616252598e+00 1.509066520104591014e+01
3.335302101709019529e-01 5.786283211778739388e-02 5.748592442101823075e-01 1.127511357272084513e+00 8.149531618028538205e-01 7.571893124337490955e-01 -1.057228648985215624e+00 1.492721664091456546e+01
3.445692243924617371e-01 6.721061902931343979e-02 5.729450717449147135e-01 1.031832631949289203e+00 7.972071769941090347e-01 1.939771915584143080e-01 -9.609297087682933114e-01 1.471833338039401085e+01
3.267335492352871906e-01 4.139475496199356008e-02 7.842219169629928155e-01 8.981074094233532090e-01 7.987405497656213660e-01 9.239852224419322635e-01 -9.969590711593597776e-01 1.441939761642944440e+01
3.208906532256120547e-01 3.176861283083356330e-02 6.685062169286510869e-01 9.905645666853165610e-01 8.046090532618286328e-01 9.221357329788344437e-01 -8.036458876434409149e-01 1.390353053816788176e+01
3.926584356184172897e-01 3.276088679029925954e-02 5.025035933944805855e-01 9.391150247385843253e-01 8.570169877319718799e-01 1.836420521382370330e-02 -9.274015782493871818e-01 1.523378345354933749e+01
4.026495705855399621e-01 3.583727510862688009e-02 5.272205551026108994e-01 9.193607581429237285e-01 8.208414545093741799e-01 3.271275194674506670e-01 -1.199593131273220425e+00 1.493752819764430839e+01
4.564757688342288011e-01 6.373794491593337552e-02 6.567338848547676911e-01 8.234659573651585962e-01 8.238273844405687996e-01 6.242168656464144316e-01 -7.834413172761520716e-01 1.526318289158855634e+01
3.114387065249034636e-01 3.688407473102147532e-02 5.753986806753544903e-01 1.132459997843080712e+00 8.117861862670130435e-01 9.018066294177369269e-01 -1.018167487705144980e+00 1.468720686057171854e+01
3.050868832603966796e-01 4.570856872173839625e-02 6.920964032615076755e-01 9.860155185864651894e-01 8.557604354241987732e-01 8.940589256310060851e-02 -1.177725897002167788e+00 1.514380286864919434e+01
3.880455739451703634e-01 5.288346853947210879e-02 7.455291907120301653e-01 8.648074285716796927e-01 8.310614974511510988e-01 9.343467728962027152e-01 -7.051687532068793285e-01 1.474944626290074545e+01
3.200755036116496033e-01 5.688402898031694188e-02 8.790227057967705537e-01 8.706843275882369948e-01 8.502291816821938575e-01 2.928220358351857344e-01 -1.048778181907053408e+00 1.504162064075200789e+01
2.767144501229151787e-01 5.138645737515053213e-02 5.051884735885171507e-01 1.168947032835444766e+00 7.759768282177161858e-01 1.219583249698537597e-01 -8.311332250685172784e-01 1.423536131744760347e+01
4.557718340322380879e-01 4.934446788269546136e-02 5.047237789126288732e-01 9.360995246619878696e-01 8.544651375856289199e-01 3.606294063956749785e-01 -8.680615895318204434e-01 1.519185554281782302e+01
3.212529954145827427e-01 3.711773335629070525e-02 5.261315150241202554e-01 1.071786841210893293e+00 8.131584016482090727e-01 3.012590385773438184e-01 -1.158314534854036015e+00 1.506672224428595186e+01
3.753426014096020724e-01 5.168556500589779196e-02 6.496414622628957636e-01 9.965193648045866937e-01 8.518828917400750322e-01 8.925494420739432666e-01 -1.116851282443841020e+00 1.522402019992214228e+01
3.382105014677217469e-01 3.468115861022413177e-02 5.192539048325133244e-01 1.111290691061771474e+00 8.712438037743399644e-01 3.857972407163080542e-01 -1.101709884217184410e+00 1.511744360248076191e+01
3.319713600691030497e-01 3.767659583171367038e-02 8.945562564168683117e-01 8.134141363333995400e-01 8.789696213743022346e-01 8.263755226535507425e-01 -1.033304201033829361e+00 1.523674791049636212e+01
3.228882013060114797e-01 5.569990259719165282e-02 5.599934021668208084e-01 1.107805476935545874e+00 7.408919304702759057e-01 5.336162883010301394e-01 -1.218428748993654942e+00 1.418253303956322497e+01
3.183651059403529437e-01 4.217938826397471530e-02 7.116705496124502428e-01 9.512211294569024034e-01 7.753605578667792653e-01 2.671128105520728102e-01 -1.292074633856710175e+00 1.412571653576408437e+01
3.240413126511195729e-01 4.948149626265732626e-02 5.600627001496897295e-01 1.053217312482617407e+00 7.640810248529859017e-01 2.693884971166237152e-01 -8.943036910846018372e-01 1.423044058774210718e+01
2.236085643085919950e-01 6.266826262869379383e-02 7.880101499646534613e-01 1.192361601945174376e+00 7.684164790194093486e-01 5.063041830723256087e-01 -1.268952484414557214e+00 1.480433087726348873e+01
3.363885123986843917e-01 6.535942595836197189e-02 8.077917509826466613e-01 9.220761249959642525e-01 8.622662237948028885e-01 8.642334056210543292e-02 -1.034603029626789183e+00 1.504460016738732264e+01
3.496987773301694080e-01 4.618990071484765925e-02 6.630612955165244848e-01 9.930086131393408566e-01 8.603525247064434112e-01 8.503974010885818613e-01 -7.381343756800820000e-01 1.473605809205744421e+01
4.617481945213054439e-01 6.990290987866268346e-02 6.246378570273042330e-01 8.557945894550683663e-01 8.422966832354435995e-01 6.567565868179905397e-01 -7.606234262006728031e-01 1.522079113012871332e+01
3.554166571797089391e-01 5.921893341342016753e-02 8.038289806157343786e-01 8.966676519855449889e-01 8.602157418856091198e-01 7.460756489681072967e-01 -9.131016806438865263e-01 1.514441824080646448e+01
3.202119827026396193e-01 4.463739087269782968e-02 5.311351737055864941e-01 1.054947168706402705e+00 8.067779574605066228e-01 1.061502941177189241e-02 -1.038486254895068184e+00 1.481806884492751841e+01
2.567531214060285727e-01 4.912205207614151609e-02 7.575605767848414551e-01 1.061581549013195236e+00 7.978558790340426476e-01 3.756413659234106861e-01 -9.979418269691771037e-01 1.454511004070818458e+01
2.572211789996367015e-01 3.989989669385115428e-02 7.098441234053273208e-01 1.043539239103571159e+00 8.057038838869599040e-01 3.574891009245315665e-01 -1.265354827222389567e+00 1.483075175307579130e+01
3.169471375392374779e-01 6.889667093898210748e-02 5.791475184793686282e-01 1.128317973813943054e+00 8.317336660761642797e-01 8.815576072028941113e-02 -1.276503025421593440e+00 1.521594221876465802e+01
3.698888000682845068e-01 6.604566508242573630e-02 5.981911068486336358e-01 1.001547590989281256e+00 7.606183926535331485e-01 8.043846887474048746e-01 -1.000151283506668154e+00 1.418477704273115236e+01
2.899144741795157687e-01 5.113761700641036162e-02 8.189939613712560185e-01 9.432958400997892845e-01 7.872492334309052486e-01 7.989536181124806680e-02 -9.609989159817602378e-01 1.429266895264053261e+01
3.367733347443955805e-01 6.777336299421743426e-02 7.352990530171967798e-01 9.776998648399020109e-01 8.190699709060994538e-01 5.275499021890631690e-01 -1.252695157932447456e+00 1.520442592399121651e+01
4.668930311823125123e-01 4.754486797085749616e-02 5.250993538140753536e-01 9.600472530512947911e-01 8.719241476852658268e-01 8.114341311282585734e-01 -1.128361196859323234e+00 1.566056808960681934e+01
4.085280694908647314e-01 3.009358685298118771e-02 6.351052654858122537e-01 8.510759732915478271e-01 8.726749907973840870e-01 6.129216445305976091e-01 -9.144596535961062589e-01 1.507009981604270088e+01
3.033458666791843950e-01 3.190623283840574032e-02 8.105511018896600639e-01 8.896721611377811367e-01 8.183575865262353588e-01 9.516509291207301269e-01 -1.275391494736213938e+00 1.478487749469442036e+01
3.761916092693197156e-01 6.583939935752386452e-02 7.454294471390795485e-01 8.353529023745261961e-01 8.017818831273646474e-01 2.790053250615874836e-01 -1.177881746007120034e+00 1.461006508208175525e+01
2.524430944948399813e-01 3.026496059787667572e-02 8.685201733411962444e-01 9.527916932512137116e-01 8.046163460180040250e-01 7.897903591056630868e-01 -1.076769216729421164e+00 1.447282397171022161e+01
3.275288015113807516e-01 5.968641217210456096e-02 8.674654070218534851e-01 8.740150442777926409e-01 8.082136183803995122e-01 5.982690047958879598e-01 -8.546247876678383371e-01 1.469592552488182591e+01
3.181835840587712294e-01 5.482623699608800416e-02 8.476567720449330601e-01 9.064786455086180084e-01 8.553243451670706765e-01 3.118103242866249181e-01 -9.470102776291469127e-01 1.497299519359959952e+01
2.832488888213646749e-01 3.524113507857384864e-02 8.970654092926342305e-01 9.141601746951218965e-01 8.712797968443390939e-01 6.655147650047259500e-01 -9.554750495456639792e-01 1.489577091914304496e+01
3.200237134617985868e-01 4.913795993692122999e-02 6.877079581836066380e-01 9.563509219738293154e-01 7.877076514493220882e-01 2.162252466486267455e-01 -1.230880930293916764e+00 1.494581633589091929e+01
3.597212838466445906e-01 4.940576979658389822e-02 7.223185887929032267e-01 9.142275921904529090e-01 8.446971115338250957e-01 7.725636586211738210e-01 -9.558494121460254789e-01 1.489614750039827662e+01
3.252358705746847822e-01 4.108213289181435190e-02 5.512459836793868195e-01 1.016755037945597628e+00 8.137594013957435424e-01 5.086532826204781532e-02 -8.574630958468111297e-01 1.451226930771974999e+01
3.336138465925447827e-01 6.218066916129552646e-02 6.319782594726570668e-01 1.103444478864484157e+00 7.182697208470092409e-01 9.451022466796956678e-01 -1.162195573125849979e+00 1.341105954754877949e+01
4.103418923598682877e-01 5.027012877843803351e-02 6.592424900422717560e-01 9.356852082709233853e-01 8.826827206472140919e-01 8.967837083773690932e-01 -1.201725600942195271e+00 1.560381142902908280e+01
4.137071362244615358e-01 4.458128248580187775e-02 5.671466648398032495e-01 8.675377111158835142e-01 8.168251945213449439e-01 1.845039425869615668e-01 -1.092043018631660090e+00 1.509581639192806257e+01
3.225135121720940079e-01 3.145756274166088690e-02 6.237040292079381043e-01 9.396314266979555185e-01 8.269374904404748206e-01 4.267462615489470146e-02 -9.523196751110518665e-01 1.460327137269882591e+01
3.241874238825925847e-01 5.059302052622421941e-02 5.830511490254711715e-01 1.054330291889478799e+00 7.612630716780404150e-01 4.591197619265123264e-01 -1.172212500550674275e+00 1.423055296689028992e+01
3.028282399873013508e-01 3.855926396038683590e-02 8.345066021144879054e-01 8.500564913447989923e-01 8.257370882342834895e-01 4.195757739638517059e-02 -1.169824244784553269e+00 1.436238128333719999e+01
3.842418580589993526e-01 6.557423629114152164e-02 8.026861278401306032e-01 8.258288089349076211e-01 8.536405813433582956e-01 6.001928801942982838e-01 -1.030894929406401594e+00 1.515269191852886799e+01
3.175818457411953011e-01 3.958595728712335088e-02 8.692591591061962220e-01 8.073856540145938343e-01 8.135825645864764866e-01 3.885853685259205159e-02 -1.207736540809626336e+00 1.438093021559619089e+01
2.703021369990818434e-01 4.461535864627162729e-02 6.598894542716182698e-01 1.068353808719425535e+00 7.656184973091224588e-01 9.214982081923267510e-02 -1.080638362523380414e+00 1.417216384823316488e+01
3.313678078699289209e-01 6.171105513135023701e-02 7.476196824053189527e-01 9.326462693234387480e-01 8.299732513314886928e-01 2.367175256300896313e-02 -8.200988404312319346e-01 1.491842264047330779e+01
2.588380777010985678e-01 6.080920267956172603e-02 8.544822935976901235e-01 1.090838171191004680e+00 8.182035229232196283e-01 6.717172973778140488e-01 -1.035257297175578906e+00 1.461673020127189382e+01
2.896960776118999714e-01 4.810011761131505886e-02 8.541308470020119170e-01 9.450407017957087596e-01 8.255385893271129927e-01 7.488740412353992459e-01 -1.022262147864857695e+00 1.470453278575427625e+01
4.441505886249882407e-01 6.709062206530949646e-02 5.636201703260962370e-01 9.080122214712883499e-01 7.775762708945495039e-01 8.593506010978196885e-01 -1.068303981880173836e+00 1.478055002235548798e+01
3.299882403935113784e-01 6.295818005329723022e-02 7.615847820366143939e-01 9.553815425646698944e-01 8.646750287314322048e-01 3.033213558474845417e-02 -7.981307380105339133e-01 1.486353228734170528e+01
4.624834042784347066e-01 6.203856027105463661e-02 5.463788628442718398e-01 9.156665903774179327e-01 8.662042578214790289e-01 3.321569604627848116e-01 -1.116855752568588933e+00 1.554299429551898371e+01
3.443819344396797932e-01 6.294177735188488665e-02 5.807576392333604343e-01 1.148182180921500706e+00 8.242167393734001202e-01 9.941949093178410468e-01 -1.154834360172202423e+00 1.493238143716247279e+01
2.767144501229151787e-01 5.138645737515053213e-02 5.051884735885171507e-01 1.168947032835444766e+00 7.759768282177161858e-01 1.219583249698537597e-01 -8.311332250685172784e-01 1.423536131744760347e+01
3.017146129534888921e-01 3.444120576396669797e-02 5.646220597782647399e-01 1.026646090584461879e+00 8.335053299738659494e-01 8.571262484815478366e-02 -7.752954323883747279e-01 1.451228952665374550e+01
3.228588026247489751e-01 4.631577064681173528e-02 6.328430534911767547e-01 1.031164135491637879e+00 8.083527159587673427e-01 6.755160138139600923e-01 -1.040700361717442846e+00 1.484652099223119137e+01
2.946264096120548848e-01 3.235347481998936126e-02 7.043203078477501267e-01 9.349256326351205182e-01 8.517794740763309225e-01 2.573092549125011175e-02 -8.228098038885568455e-01 1.475427721275052662e+01
3.262508669762025360e-01 3.064981327692817281e-02 7.617831969959191207e-01 8.404764073996803253e-01 8.127661109550985419e-01 3.069090233212379282e-02 -1.284632352345438822e+00 1.423901595873499382e+01
2.565934585093075371e-01 4.165366781191102985e-02 6.836043302996981375e-01 1.088891915507771202e+00 8.613850719997766525e-01 1.384393918284303471e-01 -1.236153870019598200e+00 1.505855056581378904e+01
4.029020740159577896e-01 4.969931052224933754e-02 5.291122808973419689e-01 1.038310935602558160e+00 8.434973584661153989e-01 6.892557771202703076e-01 -7.610446288476248045e-01 1.503592878565507007e+01
3.241874238825925847e-01 5.059302052622421941e-02 5.830511490254711715e-01 1.054330291889478799e+00 7.612630716780404150e-01 4.591197619265123264e-01 -1.172212500550674275e+00 1.423055296689028992e+01
4.146639880393504507e-01 5.505861615012459798e-02 5.776842838690019466e-01 9.046844792097540333e-01 8.128173862632850355e-01 4.531851143268169069e-01 -1.124376718544168208e+00 1.498979847606136673e+01
2.835997527371494353e-01 6.051722520388755355e-02 6.314672355886794541e-01 1.144260173632289490e+00 8.117785121625931133e-01 3.869702273131703230e-01 -1.080728070197646495e+00 1.468585308874006046e+01
4.609767435019420656e-01 6.415436903954896408e-02 6.826421661427256593e-01 8.002945857172627520e-01 8.379021684612710796e-01 7.977145387780650854e-01 -1.074808488392661632e+00 1.527634910513705968e+01
3.142486936651378571e-01 4.750199161908583156e-02 7.602976218891950300e-01 9.338942380734405191e-01 8.482346032748993014e-01 3.314548767506805271e-01 -9.005415686806865772e-01 1.494684895378643930e+01
2.878020789903987797e-01 5.874095958468955603e-02 7.325330683793361830e-01 1.014401675650061341e+00 7.924464549472035602e-01 1.202532708307954001e-01 -1.181045006469654046e+00 1.474599705292722618e+01
4.701782043499608266e-01 4.045632853984040822e-02 6.073569633340698548e-01 8.129149432484732429e-01 8.923562063704656433e-01 7.008219903608285950e-01 -8.403262008725871368e-01 1.546479928189316588e+01
2.864011065231563125e-01 3.262274607798960890e-02 7.758746242924416947e-01 9.291248095183913813e-01 8.771216803972503584e-01 2.177375512497860544e-01 -1.023012414602180176e+00 1.487688182811704429e+01
4.029020740159577896e-01 4.969931052224933754e-02 5.291122808973419689e-01 1.038310935602558160e+00 8.434973584661153989e-01 6.892557771202703076e-01 -7.610446288476248045e-01 1.503592878565507007e+01
3.820844784040265951e-01 5.400223435474230116e-02 6.621619766956953201e-01 8.817369974796738230e-01 8.472510203545042806e-01 1.053829991320818227e-01 -8.520227578938823765e-01 1.494835719962404674e+01
2.840258572183909647e-01 3.718096691701778395e-02 6.094442308832270783e-01 1.099050996594737484e+00 8.108122145327802954e-01 6.284290753723671408e-01 -9.205541921096918045e-01 1.457570811287997792e+01
2.971514375612067660e-01 4.767482403993900109e-02 8.185201249716138605e-01 9.619327883139248137e-01 8.668327339258967701e-01 3.312570615976918043e-01 -1.023997137491175824e+00 1.501699260906108080e+01
3.269634677995015837e-01 5.994836785035342896e-02 7.494752833654186874e-01 9.692733499580912238e-01 8.360779082106181148e-01 4.992702249969053763e-01 -8.807148571968688167e-01 1.480981326265227693e+01
3.647214533058350527e-01 4.107223996661978072e-02 7.355114927798659386e-01 8.282724842648325758e-01 8.499071660232087044e-01 3.752248516852221272e-01 -9.641852823302152764e-01 1.510581754673460964e+01
4.405214226466884764e-01 6.098187511530658855e-02 6.113418633019523929e-01 8.335091172481062793e-01 8.353009404970985763e-01 2.011465573951354835e-01 -9.285161237550851876e-01 1.497651313406614193e+01
3.416011417452523569e-01 4.236222659742735347e-02 7.753370174695326522e-01 8.198356355010490981e-01 8.388684320890874568e-01 1.551270930125394631e-01 -1.190101459725627864e+00 1.500283296507065600e+01
3.105996511075810873e-01 5.194414625316118306e-02 8.043804184424845349e-01 8.866000450002150535e-01 8.009082183664082422e-01 6.772902169192274169e-02 -1.229678562680700082e+00 1.483596767238699066e+01
3.112880923213832696e-01 3.796326279322906339e-02 6.876596282623972378e-01 1.005446144307863721e+00 8.040096504267453259e-01 8.960492096272659746e-01 -9.573392054359020076e-01 1.448418759204793638e+01
3.529839207991652961e-01 6.600529601609075869e-02 6.276410307847797299e-01 1.119301758663497015e+00 8.301432847479719435e-01 9.839331031579822140e-01 -7.991574866714514780e-01 1.486947764882450507e+01
3.796600235045929361e-01 6.557518910733350914e-02 6.162378796931369251e-01 9.974718711940478988e-01 7.707194082734443175e-01 9.973221319379559358e-01 -1.037537973326346119e+00 1.470244728888920882e+01
3.240413126511195729e-01 4.948149626265732626e-02 5.600627001496897295e-01 1.053217312482617407e+00 7.640810248529859017e-01 2.693884971166237152e-01 -8.943036910846018372e-01 1.423044058774210718e+01
3.437563549242122485e-01 6.134238562531368205e-02 7.560118927603259875e-01 9.703520046207969596e-01 8.273624507318926291e-01 8.810946570737401284e-01 -1.123787925090863116e+00 1.518081790407245002e+01
4.477807890581718686e-01 3.713091250932201021e-02 5.142859772475193436e-01 8.853133900447276439e-01 8.341451905370975695e-01 3.160203759993893691e-01 -7.773120128533135276e-01 1.497677326625798067e+01
3.178533650453109205e-01 5.482954304712128746e-02 7.694842833803271498e-01 9.570483170290285946e-01 7.633329303583897829e-01 8.737560793828954564e-01 -1.088128022322470301e+00 1.411753140922925098e+01
4.079591383859823006e-01 3.821221767505303402e-02 5.538435119720569455e-01 9.895594948430432858e-01 8.344851925161691497e-01 7.668409794828149328e-01 -8.382901727894261912e-01 1.512412460315404950e+01
3.898529138544287731e-01 4.548599630064158877e-02 5.379485790740053952e-01 1.052317271074903360e+00 8.250230819744239774e-01 9.479124151352256167e-01 -1.279040208609595108e+00 1.520177923422867039e+01
4.239802100513200278e-01 6.106500618328750130e-02 5.421937674516698058e-01 9.771458266370296464e-01 7.925200528860112392e-01 7.030540182509872338e-01 -7.745562889804352702e-01 1.449092158432266864e+01
3.177174691690014541e-01 5.226446797581525000e-02 6.262022306416340500e-01 1.062369804464961431e+00 7.929150646830565030e-01 6.340374581743448701e-01 -7.018176363928749772e-01 1.405615293611823802e+01
2.751418954926391214e-01 4.679729681765787408e-02 8.962888390451384524e-01 9.339781885336837508e-01 7.950971962816691940e-01 8.405280244914989929e-01 -1.099881783867825202e+00 1.428298212098286868e+01
3.485891442917601890e-01 6.783379258519914301e-02 7.146070123925281070e-01 9.931272079954691634e-01 7.287078077806993237e-01 9.954715539971277227e-01 -1.084930086161205232e+00 1.423399198805012844e+01
3.022242447139257271e-01 4.796344852279944837e-02 7.690283356626979039e-01 9.697694947116077824e-01 7.895444899755483803e-01 9.162593352986188044e-01 -1.168242526547869531e+00 1.452097882147695884e+01
4.198077412035571276e-01 3.962658443884219811e-02 5.847525752054105741e-01 9.350304338604401577e-01 8.493820718981475171e-01 8.659754547360056787e-01 -1.043248154081914070e+00 1.527783317383246597e+01
2.734016731435301439e-01 6.045246129967264681e-02 8.299923084817393271e-01 1.024254802034035183e+00 7.910163592917791586e-01 8.021598576852024820e-01 -1.269125624694630305e+00 1.474320733174386788e+01
2.971514375612067660e-01 4.767482403993900109e-02 8.185201249716138605e-01 9.619327883139248137e-01 8.668327339258967701e-01 3.312570615976918043e-01 -1.023997137491175824e+00 1.501699260906108080e+01
3.339357708937765179e-01 5.315050361344623997e-02 7.693930630451630837e-01 8.768725291477926786e-01 7.975424304132716635e-01 1.215058705796585037e-01 -1.183514511891965437e+00 1.487146707859857919e+01
3.597212838466445906e-01 4.940576979658389822e-02 7.223185887929032267e-01 9.142275921904529090e-01 8.446971115338250957e-01 7.725636586211738210e-01 -9.558494121460254789e-01 1.489614750039827662e+01
4.146639880393504507e-01 5.505861615012459798e-02 5.776842838690019466e-01 9.046844792097540333e-01 8.128173862632850355e-01 4.531851143268169069e-01 -1.124376718544168208e+00 1.498979847606136673e+01
3.043905686717426340e-01 6.286188318890231774e-02 8.382790057918130255e-01 9.257980601633284401e-01 7.951609108695810724e-01 1.311817480505511613e-01 -1.218884952002921018e+00 1.478729502574578447e+01
2.338139141305382307e-01 4.772714144656732549e-02 6.359256566639748254e-01 1.190351967825876711e+00 8.164158837088151266e-01 3.059717607303519826e-01 -1.211233343604507073e+00 1.478704598750043253e+01
3.169639632122304151e-01 5.990114598646762573e-02 8.287991065031421467e-01 9.770305583216156720e-01 8.456042126867864273e-01 8.541569926083998343e-01 -1.175037801403310933e+00 1.513050324484599329e+01
2.168661696097469727e-01 4.091886200827558884e-02 8.619995521376615510e-01 1.070677296220764463e+00 8.341496041289787611e-01 1.453913191579596087e-01 -1.182928983155938640e+00 1.464015278484701810e+01
3.287626977601972866e-01 3.739469085480273680e-02 5.063376779932595717e-01 1.130148608095957297e+00 7.862684690037445856e-01 8.059522499844828936e-01 -8.850860158789971566e-01 1.447330325975026177e+01
3.274896782534912898e-01 3.366113626949927135e-02 5.506291336691823135e-01 1.114045554357615764e+00 8.545510960860707161e-01 7.076479909417554559e-01 -1.115927431047683438e+00 1.491924940067191940e+01
3.151865782416282125e-01 3.583864244317829656e-02 6.182005768309576377e-01 9.897458492121666840e-01 8.027985093023829455e-01 4.090194460909223340e-01 -1.017571430813696720e+00 1.450368864778325495e+01
3.094780089518690547e-01 5.871240640069838590e-02 7.753081042118702415e-01 9.802060961121489280e-01 8.244588907415675294e-01 5.339593165548573994e-01 -1.059243341152198203e+00 1.477996656926887376e+01
2.861231130785534260e-01 4.314689040710312923e-02 7.181356204357179918e-01 9.812819978127593767e-01 8.219397402555648213e-01 1.330150283717791981e-01 -1.047183845012692460e+00 1.478964574445571145e+01
4.078097970175135201e-01 4.951956446932145872e-02 5.137252727228549531e-01 9.897280371098108320e-01 8.316873039140793011e-01 3.394584555987090191e-01 -8.762556496727653688e-01 1.495960219932167590e+01
3.498931370808662233e-01 3.533755867715947241e-02 7.101049802090925178e-01 9.093362833580805882e-01 8.301325075871480719e-01 9.916883787967403219e-01 -9.696047246646741780e-01 1.479424083276712842e+01
3.382105014677217469e-01 3.468115861022413177e-02 5.192539048325133244e-01 1.111290691061771474e+00 8.712438037743399644e-01 3.857972407163080542e-01 -1.101709884217184410e+00 1.511744360248076191e+01
2.252562308290980975e-01 3.974723279363575473e-02 8.575829749917104339e-01 1.044928714851284246e+00 8.566313707344481720e-01 7.231565375504994675e-02 -9.773051640436053455e-01 1.437623223462141731e+01
3.220307288556361613e-01 6.226963728912747464e-02 7.575397396747495238e-01 9.824112070448238754e-01 7.525895672142206561e-01 7.617097016316416447e-01 -9.775244188251792643e-01 1.408812167673467641e+01
4.837792379334112658e-01 5.382593543264310026e-02 5.311455493255564653e-01 8.589068367536411008e-01 7.979585429791643536e-01 6.125793267428291111e-01 -8.916098106286065583e-01 1.494247620187108794e+01
3.183651059403529437e-01 4.217938826397471530e-02 7.116705496124502428e-01 9.512211294569024034e-01 7.753605578667792653e-01 2.671128105520728102e-01 -1.292074633856710175e+00 1.412571653576408437e+01
2.977003109206383114e-01 4.366524479541803588e-02 7.506878110423280681e-01 9.640606552796728845e-01 7.719575732885849417e-01 6.233490798477395733e-01 -1.215701829680484014e+00 1.452046492399162148e+01
3.572436476966306396e-01 5.023113420831405718e-02 7.882966517747749258e-01 8.245655012628319014e-01 8.330957156563135735e-01 3.009675661666543767e-01 -9.213035254377804906e-01 1.480010826072782137e+01
3.761916092693197156e-01 6.583939935752386452e-02 7.454294471390795485e-01 8.353529023745261961e-01 8.017818831273646474e-01 2.790053250615874836e-01 -1.177881746007120034e+00 1.461006508208175525e+01
3.445078715357193788e-01 4.527640415154196574e-02 5.803607291058128226e-01 1.021379326132823895e+00 8.097522208924237130e-01 5.356257271360619354e-01 -1.230006387586621841e+00 1.486968753370768681e+01
2.317398216812654732e-01 3.668728101808339109e-02 7.418537919812718817e-01 1.066181644349485591e+00 7.999660998537896361e-01 3.398334757213488655e-01 -1.093417760808358397e+00 1.441591747362661913e+01
2.856672629285027520e-01 3.762227038127579498e-02 7.640302405827057441e-01 9.518036393926436745e-01 7.899276244792545754e-01 5.303170831413456243e-01 -1.194250484034148574e+00 1.434124811131440502e+01
2.991981202755754632e-01 4.930486184747302075e-02 7.943426518836275152e-01 9.258541000648642383e-01 8.136383512228108073e-01 2.919062815636556119e-01 -1.006307540421394586e+00 1.465592230567143517e+01
3.493041239353991134e-01 6.444867225695666280e-02 7.108822857243108917e-01 9.303830053095131225e-01 7.743592058560448965e-01 2.332118064453534423e-01 -1.270724590480275529e+00 1.433269084343942446e+01
3.387815712407230007e-01 5.483146987679902995e-02 6.982821389085833719e-01 9.416515698099965359e-01 8.385725150059164523e-01 2.431791910489097264e-01 -1.126858722890835107e+00 1.505250466988463920e+01
3.126189226570792457e-01 3.013649474869881453e-02 8.382988742364745338e-01 8.366686874504477567e-01 8.423716330754177362e-01 7.647461599624532091e-01 -1.091648174779198399e+00 1.491915930592767126e+01
4.492118896332212286e-01 5.813334268611222710e-02 6.441507247996102192e-01 8.425389315659099765e-01 8.594178429737622249e-01 5.535896834348030815e-01 -7.423103489194300408e-01 1.512141589295716315e+01
3.292665838547123025e-01 4.346822324736064613e-02 8.361689791219770740e-01 8.163010553000521474e-01 8.471630170798809534e-01 1.535880046948504551e-01 -9.759225497514304459e-01 1.482015923927185241e+01
2.615170403978317459e-01 4.934783793431787857e-02 7.845158777844725151e-01 1.091924721777681961e+00 8.618038083331517329e-01 5.056238387498903641e-01 -1.020156943441776543e+00 1.482588773986043762e+01
3.861773642160472031e-01 5.045388967407211239e-02 7.188111853273860818e-01 8.210319974253005304e-01 7.981123168853836436e-01 7.012038459170018001e-01 -1.198019284481853353e+00 1.472205577268572796e+01
3.469284446874534855e-01 4.393060482899833336e-02 6.218487477278540343e-01 9.738411553539627619e-01 7.758227793685685825e-01 8.809351952031522215e-01 -1.016334771854566776e+00 1.450470390407087784e+01
2.864011065231563125e-01 3.262274607798960890e-02 7.758746242924416947e-01 9.291248095183913813e-01 8.771216803972503584e-01 2.177375512497860544e-01 -1.023012414602180176e+00 1.487688182811704429e+01
4.430991128073906715e-01 3.290422370996785861e-02 5.209932961626824177e-01 9.121899244076574487e-01 8.405540738936894130e-01 5.165931068211943034e-01 -7.413074704103000956e-01 1.495281206598429158e+01
4.193105390713837144e-01 5.862182881341555796e-02 6.742857746170376476e-01 8.883199518092468328e-01 8.407713021173152113e-01 9.433448548967250380e-01 -9.113562119329505773e-01 1.502294526309320410e+01
2.570966123482259502e-01 5.835899904785818437e-02 7.879941765860049019e-01 1.057001627828050738e+00 8.505387939198860714e-01 4.398675551384495508e-02 -1.119369573863202127e+00 1.474545617072083026e+01
3.629472352000951973e-01 5.546772148410563513e-02 7.182581436640703698e-01 9.353923012118446900e-01 8.232681191195991843e-01 8.446462356442450137e-01 -7.230161150621173816e-01 1.473683320459484314e+01
3.412520801716668051e-01 5.896705983001920837e-02 6.624432236094192072e-01 1.067524973448835013e+00 8.580304559663141095e-01 7.744269643762000666e-01 -9.586460630495735602e-01 1.508593601723368138e+01
2.751418954926391214e-01 4.679729681765787408e-02 8.962888390451384524e-01 9.339781885336837508e-01 7.950971962816691940e-01 8.405280244914989929e-01 -1.099881783867825202e+00 1.428298212098286868e+01
3.077484361755705722e-01 3.559262725802925242e-02 5.015959246208303579e-01 1.136700593859243602e+00 7.578158110820123472e-01 6.346797500070042730e-01 -1.179865014970170600e+00 1.427926991782208432e+01
3.983984858806342011e-01 6.637205228862341766e-02 5.143810153179987354e-01 1.071847354205500258e+00 7.827591808139839902e-01 7.893831941765619975e-01 -8.941262739784543445e-01 1.496025123717795680e+01
3.653682634381131278e-01 6.527672017150171202e-02 8.636982552437992844e-01 8.075873374558925066e-01 7.902904472593472729e-01 5.331553405792079925e-01 -1.152625935657049183e+00 1.454939219218169555e+01
3.756677004190468461e-01 3.092970941808757812e-02 6.587578628767714051e-01 8.043890119997587629e-01 8.396010978577355122e-01 2.146630077566294981e-01 -1.077654843577970478e+00 1.504321460398105259e+01
2.495836270851258532e-01 3.667644755784005284e-02 8.843118159072551610e-01 1.005066395970066084e+00 8.782792422794538645e-01 7.584044662605030629e-01 -1.299867068141263848e+00 1.484781212582709564e+01
3.530505835904710343e-01 6.800654448040210909e-02 6.544948692448999683e-01 9.921406965475784157e-01 8.074889915832751397e-01 5.782828005498088508e-01 -1.043029668573514313e+00 1.477729881541385915e+01
3.590746039876874240e-01 5.503675893036205635e-02 5.703876120531223837e-01 1.087052412505575161e+00 7.356937689831528626e-01 6.177167062035033851e-01 -1.109194903733136117e+00 1.316515562013236895e+01
3.093021125861534770e-01 4.722165680879332472e-02 5.717577710006568337e-01 1.058100801556752124e+00 8.401803016737892094e-01 5.108798813567017039e-02 -7.951391299809974500e-01 1.465298833511273990e+01
3.239954065514512038e-01 3.083414490687796938e-02 8.681020805856318745e-01 8.065476773885750239e-01 8.967112857819552474e-01 3.873867535702484322e-01 -1.105737504942133631e+00 1.523087085590436018e+01
3.471981937452465194e-01 6.248524798419997917e-02 5.712081842486846917e-01 1.039015739814928674e+00 7.477384016093781005e-01 4.263643824152658635e-01 -1.085602414418365136e+00 1.445069349224296928e+01
2.846822444048812129e-01 3.906818419688963540e-02 7.154334778199552547e-01 9.978370208625467752e-01 7.875873169864051615e-01 6.434325548391663929e-01 -1.241240405795141388e+00 1.432033577591300677e+01
3.317410213614256920e-01 3.279292112912281232e-02 7.096465925543088415e-01 9.117333450937128436e-01 8.775139386887655935e-01 3.541956133397083928e-01 -9.202370992322161936e-01 1.485961764721147915e+01
2.409753721620617739e-01 3.195833090600851134e-02 8.165001063327179676e-01 1.022113474452345683e+00 7.736307293578794653e-01 5.589298859896666416e-01 -1.134500307645091688e+00 1.405940645288914759e+01
3.354653628645887231e-01 5.471241706461681120e-02 7.415503512397541019e-01 9.067245919998332404e-01 8.203487574155468032e-01 3.725638121681844606e-01 -1.223702609749223846e+00 1.513486415800254825e+01
4.405214226466884764e-01 6.098187511530658855e-02 6.113418633019523929e-01 8.335091172481062793e-01 8.353009404970985763e-01 2.011465573951354835e-01 -9.285161237550851876e-01 1.497651313406614193e+01
4.517877138234779322e-01 6.208702949063905213e-02 5.596683798646683305e-01 9.584740968559626317e-01 8.068536367835873468e-01 9.919027907832350666e-01 -8.667918234851262893e-01 1.489649741026902774e+01
2.424633139382212921e-01 3.662080976799648308e-02 6.092253706676976632e-01 1.194451179282713937e+00 8.383543167018612241e-01 5.095852729079267673e-01 -1.139910836124782945e+00 1.477641707766906620e+01
3.858622766742906274e-01 6.908145448486699425e-02 7.738589159581149568e-01 8.664711126803154029e-01 8.292378393099933964e-01 6.714640323795876276e-01 -1.114985215529691320e+00 1.527984555783222831e+01
3.554166571797089391e-01 5.921893341342016753e-02 8.038289806157343786e-01 8.966676519855449889e-01 8.602157418856091198e-01 7.460756489681072967e-01 -9.131016806438865263e-01 1.514441824080646448e+01
3.342320278191620031e-01 5.160250288796973395e-02 6.389035353332903622e-01 9.973165126569909500e-01 8.319170469987045013e-01 3.565876803998555555e-01 -1.001792276487547095e+00 1.486974709003554551e+01
2.286779143281499893e-01 4.479264389059064988e-02 7.106175013721053313e-01 1.111197996762573137e+00 7.915411248622448159e-01 9.238575269326787520e-02 -1.042750864743924755e+00 1.421868105868780141e+01
3.558706002477635133e-01 4.807504486263397547e-02 7.836313553052886016e-01 8.078881864317746242e-01 8.444155003516813363e-01 1.332472051751971143e-01 -8.784782958316711410e-01 1.476637727710703096e+01
4.532200407778045337e-01 6.253308671710300359e-02 5.055528419029984288e-01 9.090231756794020512e-01 8.204132211079293580e-01 1.748414835168565773e-01 -1.247614471111719636e+00 1.506599507468180477e+01
2.920953014414052196e-01 5.557732472941923074e-02 8.705398973456915934e-01 9.460334687692477651e-01 7.939132659479199994e-01 6.183615613585085047e-01 -1.120195233067051710e+00 1.481413616011538004e+01
3.397014601544395829e-01 6.015888933236232528e-02 8.642085773952454808e-01 8.816647272712013761e-01 8.743550155720516415e-01 3.630847171106880711e-01 -1.049230493268427988e+00 1.508787111641280632e+01
3.408178692999087600e-01 4.186718452083730557e-02 5.503451036265051277e-01 1.037847542592095662e+00 8.139359212300503188e-01 4.345775982218247901e-01 -8.751881609873771728e-01 1.479861445574645273e+01
3.267720375599798555e-01 6.108454070222210652e-02 8.729169718491491814e-01 8.790704947136509517e-01 8.028971643076332487e-01 7.366767800168028124e-01 -1.242109422438339328e+00 1.481982569341831457e+01
2.640610596123277309e-01 3.293976878192021035e-02 7.815702675419149426e-01 1.012884626888822304e+00 8.461284085342589689e-01 6.931303522953899954e-01 -1.257604169580990083e+00 1.504682634995137569e+01
2.835997527371494353e-01 6.051722520388755355e-02 6.314672355886794541e-01 1.144260173632289490e+00 8.117785121625931133e-01 3.869702273131703230e-01 -1.080728070197646495e+00 1.468585308874006046e+01
2.676134674384929024e-01 3.367471435465529267e-02 6.200527204040061635e-01 1.142256182852977142e+00 8.916786972213639473e-01 2.963136623047260554e-01 -1.262955097770802171e+00 1.509160827875709288e+01
2.920953014414052196e-01 5.557732472941923074e-02 8.705398973456915934e-01 9.460334687692477651e-01 7.939132659479199994e-01 6.183615613585085047e-01 -1.120195233067051710e+00 1.481413616011538004e+01
2.985904097258204049e-01 4.146928047872069228e-02 8.705904444121581598e-01 8.844184481198278380e-01 8.333171563087644618e-01 4.526578689440627357e-01 -1.035321537070086562e+00 1.476209593264838027e+01
3.603672114558305051e-01 5.587948444486456889e-02 5.698703481081671685e-01 1.048770913427288898e+00 8.324753539645941558e-01 4.721646861433602682e-01 -1.095756390646482004e+00 1.517230067688135087e+01
3.087873502243084767e-01 5.295849895850959776e-02 7.351232229483093406e-01 9.662592195134208639e-01 7.827633498522652555e-01 4.037531035929698975e-01 -1.142885639970814271e+00 1.452008225538345343e+01
4.124008321378935804e-01 5.847480456158847539e-02 6.892464726613594106e-01 8.051511421095420840e-01 8.193754603431194772e-01 3.923400219454445947e-01 -8.838285501095071162e-01 1.450421940520303998e+01
2.260555447569074783e-01 5.803969319119709619e-02 8.657566394883047245e-01 1.125658073674362658e+00 8.067529159754406320e-01 6.388858925763163388e-01 -1.090554775246364905e+00 1.458741950356133366e+01
4.071229242214340349e-01 3.353187803565415431e-02 5.075879113123903386e-01 9.522711676016992755e-01 7.993984972701619895e-01 6.287443465336396420e-01 -8.212551075401512968e-01 1.482876158249192322e+01
3.481739378410703134e-01 4.678751282347828888e-02 5.233965784221149553e-01 1.113155598004651470e+00 8.342335139229986041e-01 5.049218394687247091e-01 -1.269892041371750935e+00 1.516164621315726535e+01
3.936721746333466943e-01 3.486556035037126355e-02 6.238631692547783603e-01 8.761650301616522585e-01 8.541143078691958435e-01 5.807618310519022664e-01 -9.526361963875125127e-01 1.492260278573843735e+01
2.526951745347739697e-01 6.421544462402273279e-02 8.436690628171568118e-01 1.062725603046648759e+00 8.132481337564754220e-01 3.870723407541349359e-01 -1.142473508058333698e+00 1.469552779794202557e+01
3.581702506764132821e-01 3.960614754763148310e-02 6.732919173553656433e-01 9.092825557183392693e-01 8.825770908845613771e-01 1.338415549969030338e-01 -1.153401370964299621e+00 1.526474117944416875e+01
3.506459385944781237e-01 5.049672719720928182e-02 5.699140582397430599e-01 1.006382160920024749e+00 7.496495300992144228e-01 1.529606494025121943e-01 -1.211236914267501019e+00 1.435324703685105519e+01
2.371753183563320988e-01 3.098569528564137573e-02 7.049650797365313304e-01 1.100711316860160771e+00 7.774534959583907501e-01 3.911530461587566787e-01 -1.284313217283849173e+00 1.421542319435378765e+01
3.573781784991785226e-01 3.467679564102118389e-02 7.316385939703179409e-01 8.667688142783208649e-01 8.449941833189216212e-01 9.284445232224456390e-01 -1.032992756019316394e+00 1.499487069407062556e+01
3.722971694087052752e-01 6.295949445433608738e-02 7.539223828297263452e-01 8.484577485541833219e-01 8.225474442730892344e-01 5.411328008746200124e-01 -1.263528930870461586e+00 1.494378569625543207e+01
2.798885926395551227e-01 3.826931029320350397e-02 8.256678359636850928e-01 9.045003320247844147e-01 8.348149164709930403e-01 1.731453223709907840e-01 -1.230780187312167095e+00 1.480111060059690864e+01
1.938009577805999417e-01 3.479234502603652246e-02 8.719475671289866892e-01 1.131780364966989971e+00 8.529740188738874629e-01 4.174773737680491092e-01 -1.247365398575547735e+00 1.457878013385901994e+01
2.832488888213646749e-01 3.524113507857384864e-02 8.970654092926342305e-01 9.141601746951218965e-01 8.712797968443390939e-01 6.655147650047259500e-01 -9.554750495456639792e-01 1.489577091914304496e+01
3.892604919128687113e-01 6.149983768021512892e-02 8.134178200209021270e-01 8.225869090620764323e-01 8.306407480060575832e-01 9.309264193861770398e-01 -8.523349812215508248e-01 1.476121697223286233e+01
3.246126677615419620e-01 6.794260551842309925e-02 7.245350667023625624e-01 9.888636278824679549e-01 7.841016548633561456e-01 5.750396633435237437e-01 -1.087056900433039264e+00 1.455460501682498098e+01
3.362071919655760244e-01 5.723811599768330316e-02 6.221026706367486225e-01 1.081364260596509697e+00 7.418027313084332164e-01 6.861693554968426589e-01 -1.031980919691989573e+00 1.343122111300458776e+01
3.287721848478057929e-01 5.945903624824688816e-02 7.018329241225638171e-01 9.907282854133377947e-01 7.487695372957650086e-01 7.458567585540453182e-01 -1.195369438400117224e+00 1.436587928020588656e+01
3.864860517478310165e-01 3.453187757146330972e-02 5.486300382768416473e-01 8.846929538166093954e-01 8.083745401898009275e-01 1.767074850434811051e-01 -1.235842634916828775e+00 1.473592882273395688e+01
3.741379425352941990e-01 6.571054804718613751e-02 6.420650026831775659e-01 9.843074745275823823e-01 7.285113202422629497e-01 8.343695561409952832e-01 -9.536126733735106331e-01 1.405158299388864407e+01
3.741018001077753841e-01 4.434014930590117476e-02 5.580604086714644474e-01 1.049442241697432721e+00 8.263805942117525838e-01 6.869134213341545614e-01 -9.594084419012155474e-01 1.514403990304535519e+01
3.153864318145879198e-01 5.414631315578936899e-02 8.348973523437567268e-01 9.265453762791696635e-01 8.364180423601590419e-01 5.007125520656825479e-01 -1.138214012214416870e+00 1.487059110873124368e+01
3.237483184054225083e-01 5.983497666916613722e-02 6.050952708743844166e-01 1.032483866908058046e+00 7.964644502043860541e-01 1.673996116891803831e-01 -1.031063361450566873e+00 1.474871185321300082e+01
3.830615173776281690e-01 4.839820064747689388e-02 6.621443148740171480e-01 9.048060874984668045e-01 8.901388223067426830e-01 5.076084123189315012e-01 -1.158185793409431508e+00 1.530950037158625143e+01
3.413677112920439072e-01 4.087871337890888745e-02 7.122500026609126511e-01 9.123239135298604197e-01 8.501284821499650590e-01 5.227564058725618912e-01 -1.063971435227240248e+00 1.496518102585650212e+01
3.443819344396797932e-01 6.294177735188488665e-02 5.807576392333604343e-01 1.148182180921500706e+00 8.242167393734001202e-01 9.941949093178410468e-01 -1.154834360172202423e+00 1.493238143716247279e+01
2.985904097258204049e-01 4.146928047872069228e-02 8.705904444121581598e-01 8.844184481198278380e-01 8.333171563087644618e-01 4.526578689440627357e-01 -1.035321537070086562e+00 1.476209593264838027e+01
3.905476748552387800e-01 3.538577865884829504e-02 5.738427168904700615e-01 9.274172327367029567e-01 8.501327177188714446e-01 3.509051437382837424e-01 -1.114881254682434930e+00 1.525362142513248465e+01
3.506459385944781237e-01 5.049672719720928182e-02 5.699140582397430599e-01 1.006382160920024749e+00 7.496495300992144228e-01 1.529606494025121943e-01 -1.211236914267501019e+00 1.435324703685105519e+01
2.889234815345141927e-01 3.060736013147923040e-02 8.286101531801961517e-01 8.919501199042345618e-01 8.148191481866110530e-01 4.412316425577693102e-01 -1.233521918648707416e+00 1.442185777962933990e+01
2.891695625325984009e-01 5.237621558828271795e-02 8.091248494804443858e-01 1.010177006117717990e+00 8.349358379993242485e-01 8.003245708900665889e-01 -9.157756733159755358e-01 1.468336092189994346e+01
4.067845412365177493e-01 6.423114700618759443e-02 6.177627149703517340e-01 9.000983250606695574e-01 8.094603245492586474e-01 3.197675370393630034e-01 -9.450391407367191299e-01 1.484186420613355928e+01
3.037469931148809588e-01 4.778517205605184448e-02 6.320471731544275995e-01 1.032192912063478296e+00 8.322740434072302129e-01 3.276554775288540999e-01 -1.097784913444062038e+00 1.493101426936987686e+01
2.883047116667845078e-01 6.638341152870480544e-02 7.562934418087037258e-01 1.090603620139029450e+00 8.137706785542333510e-01 5.921937972455483257e-01 -8.338580074809825993e-01 1.480620245762608533e+01
3.603422185028882785e-01 5.289092231092182295e-02 5.778800460606356992e-01 9.977412202404281061e-01 7.926604792317888393e-01 5.832728692260192860e-01 -7.805925175478212186e-01 1.464057725882667604e+01
2.579528324870496436e-01 5.526166812226079167e-02 7.135005099720130861e-01 1.096090465376344580e+00 8.074828237297386746e-01 2.312568297067298384e-01 -1.109670357630240023e+00 1.474201054459734728e+01
2.730769476977075727e-01 3.540345547742296262e-02 7.815576534965700262e-01 9.297042984691944456e-01 8.381415992427769801e-01 1.299463134231921280e-01 -1.268793808135812551e+00 1.491173570528529524e+01
3.858622766742906274e-01 6.908145448486699425e-02 7.738589159581149568e-01 8.664711126803154029e-01 8.292378393099933964e-01 6.714640323795876276e-01 -1.114985215529691320e+00 1.527984555783222831e+01
3.527150586015194156e-01 3.768901309464798427e-02 7.881690582836206049e-01 8.784364655949273848e-01 8.701475099392239620e-01 9.437578928920385968e-01 -1.270532270603490721e+00 1.531285806797793292e+01
3.471548368278111196e-01 6.100334469715240626e-02 8.992585989356560727e-01 8.188272684681203728e-01 7.840982967330487607e-01 9.471102138432387907e-01 -1.223746616363558637e+00 1.444859319127335340e+01
2.538518421014603899e-01 3.505126988176038294e-02 7.359409885362102610e-01 1.063613235882177932e+00 8.857567122262026693e-01 6.752229093904482671e-02 -1.020609799158278541e+00 1.482527161462511778e+01
3.443819344396797932e-01 6.294177735188488665e-02 5.807576392333604343e-01 1.148182180921500706e+00 8.242167393734001202e-01 9.941949093178410468e-01 -1.154834360172202423e+00 1.493238143716247279e+01
2.565934585093075371e-01 4.165366781191102985e-02 6.836043302996981375e-01 1.088891915507771202e+00 8.613850719997766525e-01 1.384393918284303471e-01 -1.236153870019598200e+00 1.505855056581378904e+01
2.899692602744630143e-01 6.485078615582140493e-02 6.953772166962299828e-01 1.057869069659217232e+00 8.129045482865077110e-01 1.789605495229929510e-01 -1.135394593312695877e+00 1.482524732446936433e+01
4.441505886249882407e-01 6.709062206530949646e-02 5.636201703260962370e-01 9.080122214712883499e-01 7.775762708945495039e-01 8.593506010978196885e-01 -1.068303981880173836e+00 1.478055002235548798e+01
3.771800855384762619e-01 6.435724042736151729e-02 7.810118861513724031e-01 8.281273561890265533e-01 7.771008405800926555e-01 6.621158964193216701e-01 -9.769103990799148374e-01 1.444116932953365762e+01
3.034641119972918966e-01 4.706964486785346347e-02 7.759333048731109628e-01 9.736756270090001220e-01 7.820441721770560184e-01 9.798992167758526772e-01 -1.271260019418414045e+00 1.458713942951642117e+01
2.883047116667845078e-01 6.638341152870480544e-02 7.562934418087037258e-01 1.090603620139029450e+00 8.137706785542333510e-01 5.921937972455483257e-01 -8.338580074809825993e-01 1.480620245762608533e+01
3.376090760291284854e-01 6.643521993779488710e-02 8.369234448639681911e-01 8.825943705995942246e-01 8.342776370360173166e-01 2.008943881637813567e-01 -7.090282296771960313e-01 1.473022248013708158e+01
3.239954065514512038e-01 3.083414490687796938e-02 8.681020805856318745e-01 8.065476773885750239e-01 8.967112857819552474e-01 3.873867535702484322e-01 -1.105737504942133631e+00 1.523087085590436018e+01
2.751418954926391214e-01 4.679729681765787408e-02 8.962888390451384524e-01 9.339781885336837508e-01 7.950971962816691940e-01 8.405280244914989929e-01 -1.099881783867825202e+00 1.428298212098286868e+01
2.804926819953648676e-01 5.135246285493089841e-02 7.536237746967930917e-01 1.021848011896086206e+00 8.564604240629001275e-01 2.377615190199978690e-01 -9.736725631478972964e-01 1.488399861356919729e+01
3.346540716933257831e-01 5.108604990145432234e-02 7.405522172255281088e-01 9.407594288239222724e-01 8.173793505615786215e-01 7.989680848475360087e-01 -1.292122718236934809e+00 1.488430561473121827e+01
3.274896782534912898e-01 3.366113626949927135e-02 5.506291336691823135e-01 1.114045554357615764e+00 8.545510960860707161e-01 7.076479909417554559e-01 -1.115927431047683438e+00 1.491924940067191940e+01
2.758257162933092088e-01 4.029645389302587838e-02 8.915761576317752235e-01 9.517138628377994625e-01 8.463532432785908499e-01 7.878417301002020867e-01 -1.287391422645972394e+00 1.501568920681335406e+01
2.840258572183909647e-01 3.718096691701778395e-02 6.094442308832270783e-01 1.099050996594737484e+00 8.108122145327802954e-01 6.284290753723671408e-01 -9.205541921096918045e-01 1.457570811287997792e+01
4.127651861566565827e-01 4.991233501016315716e-02 7.333206327057328888e-01 8.132945614720087368e-01 8.393714141101675796e-01 9.205903594396842582e-01 -8.230717339453161863e-01 1.502619674597681865e+01
3.378672610601739512e-01 4.904542834718293026e-02 6.089171519698154400e-01 9.803363721025014632e-01 7.961548574460439731e-01 1.001315889890569411e-01 -1.067364763385765247e+00 1.454124107499829321e+01
3.567856084455981458e-01 3.668284391296644520e-02 7.186329957334911533e-01 8.808389633161295418e-01 8.566161716661016001e-01 6.170576473368596382e-01 -1.070182890058803515e+00 1.517132211350724980e+01
3.015563747243028558e-01 3.299910397926868189e-02 6.989978864552538473e-01 9.639416757270187208e-01 8.016440403190004949e-01 7.120904222271620121e-01 -1.063226989929445754e+00 1.461359634264016449e+01
3.114387065249034636e-01 3.688407473102147532e-02 5.753986806753544903e-01 1.132459997843080712e+00 8.117861862670130435e-01 9.018066294177369269e-01 -1.018167487705144980e+00 1.468720686057171854e+01
4.668930311823125123e-01 4.754486797085749616e-02 5.250993538140753536e-01 9.600472530512947911e-01 8.719241476852658268e-01 8.114341311282585734e-01 -1.128361196859323234e+00 1.566056808960681934e+01
2.676724096521824192e-01 4.855193280493812907e-02 7.281570240127375193e-01 1.102593038779111190e+00 8.238906241972874245e-01 7.792439506454225118e-01 -1.079103750628651603e+00 1.476447349929727793e+01
3.412520801716668051e-01 5.896705983001920837e-02 6.624432236094192072e-01 1.067524973448835013e+00 8.580304559663141095e-01 7.744269643762000666e-01 -9.586460630495735602e-01 1.508593601723368138e+01
3.842418580589993526e-01 6.557423629114152164e-02 8.026861278401306032e-01 8.258288089349076211e-01 8.536405813433582956e-01 6.001928801942982838e-01 -1.030894929406401594e+00 1.515269191852886799e+01
2.973734676018913170e-01 4.372176148470902080e-02 8.451410067831508499e-01 8.852782241179446565e-01 7.934744835143434649e-01 5.836725676090837034e-03 -1.274212521236397944e+00 1.422070916664186413e+01
2.713770017171454052e-01 4.318375889437110066e-02 7.489599073307591226e-01 1.040542444028374813e+00 7.853672364585582155e-01 6.840587141088249057e-01 -8.971865296899266262e-01 1.426735153588248117e+01
3.043671674032622509e-01 6.423634130810282339e-02 6.698158304053648537e-01 1.083816462836986405e+00 8.535957191492045126e-01 1.707175284830614315e-01 -1.021559705341078761e+00 1.497769338905054504e+01
3.077484361755705722e-01 3.559262725802925242e-02 5.015959246208303579e-01 1.136700593859243602e+00 7.578158110820123472e-01 6.346797500070042730e-01 -1.179865014970170600e+00 1.427926991782208432e+01
3.937201161144855410e-01 6.480743253576654039e-02 5.355161836968234113e-01 1.012525736072555471e+00 8.719967143619096195e-01 3.076089182121266585e-02 -1.275731716265567917e+00 1.536034898025794604e+01
3.085330384626784328e-01 6.515461057767454878e-02 8.556135635133723660e-01 9.584529454561121486e-01 7.869367255916795978e-01 9.471839309605132318e-01 -1.132921737473642887e+00 1.473662686577411129e+01
3.722971694087052752e-01 6.295949445433608738e-02 7.539223828297263452e-01 8.484577485541833219e-01 8.225474442730892344e-01 5.411328008746200124e-01 -1.263528930870461586e+00 1.494378569625543207e+01
3.988173253930309414e-01 4.670823413269695190e-02 7.178881625537379962e-01 8.177006407351680162e-01 8.708586240268096912e-01 1.634219266949244465e-01 -7.109797222598538413e-01 1.504245906092526930e+01
3.169361168654146743e-01 6.357781666402954890e-02 6.377544122678644456e-01 1.074875978820571953e+00 8.398342322891505507e-01 1.645992686407328764e-01 -8.555773993991688808e-01 1.489545026828485774e+01
3.251646938902763573e-01 5.472619994511611352e-02 7.559676459499857781e-01 1.008321671052360147e+00 8.455772259387021039e-01 8.917502069888556537e-01 -1.155485570867160305e+00 1.510861661193680128e+01
4.624834042784347066e-01 6.203856027105463661e-02 5.463788628442718398e-01 9.156665903774179327e-01 8.662042578214790289e-01 3.321569604627848116e-01 -1.116855752568588933e+00 1.554299429551898371e+01
4.441505886249882407e-01 6.709062206530949646e-02 5.636201703260962370e-01 9.080122214712883499e-01 7.775762708945495039e-01 8.593506010978196885e-01 -1.068303981880173836e+00 1.478055002235548798e+01
3.864860517478310165e-01 3.453187757146330972e-02 5.486300382768416473e-01 8.846929538166093954e-01 8.083745401898009275e-01 1.767074850434811051e-01 -1.235842634916828775e+00 1.473592882273395688e+01
3.756677004190468461e-01 3.092970941808757812e-02 6.587578628767714051e-01 8.043890119997587629e-01 8.396010978577355122e-01 2.146630077566294981e-01 -1.077654843577970478e+00 1.504321460398105259e+01
2.570966123482259502e-01 5.835899904785818437e-02 7.879941765860049019e-01 1.057001627828050738e+00 8.505387939198860714e-01 4.398675551384495508e-02 -1.119369573863202127e+00 1.474545617072083026e+01
3.824318533137337495e-01 6.698037300008558015e-02 6.020247960316341684e-01 9.813519977467226596e-01 8.352822933025046970e-01 2.056465018683314716e-01 -8.815700804962429693e-01 1.507193933808887998e+01
2.997629752855625052e-01 4.019511669126305670e-02 6.446904526217795972e-01 9.957902276097612138e-01 8.215148130992351305e-01 2.934192965402999120e-01 -1.219126247805251362e+00 1.482273575002772681e+01
3.030166695675587940e-01 5.408159105425297541e-02 8.379842340552875468e-01 9.657505458859957370e-01 7.552544350250224303e-01 2.714226144976126243e-01 -1.282818114598239578e+00 1.356589079662497177e+01
4.571495667264676710e-01 4.969271051909086856e-02 6.648770329053959038e-01 8.370720785102069295e-01 8.981941780250284335e-01 9.288568554904328423e-01 -8.171530448933889135e-01 1.528301982683312943e+01
4.782342429293279240e-01 5.618488356299600195e-02 5.591980234744441391e-01 8.163972976505021739e-01 8.644186288988581213e-01 1.234003557840253062e-01 -8.420244939119888583e-01 1.521565292316190643e+01
3.315030595701117244e-01 5.578142773426053580e-02 5.994241037864223021e-01 1.087807001009549079e+00 7.426970741361155204e-01 9.323951299779440482e-01 -8.909468727855940351e-01 1.405421353306068077e+01
3.644982086804888777e-01 6.844952568527931658e-02 6.798674958885922992e-01 9.683855551525868410e-01 8.219802323788932830e-01 5.544864184643383265e-01 -8.137732880187813489e-01 1.486760341146200481e+01
3.438632753959456334e-01 5.972316246489887265e-02 6.324657474351115249e-01 1.015723850141778906e+00 7.458833377277827026e-01 6.327988013142018531e-01 -1.162118650270796749e+00 1.429765669716764975e+01
3.898529138544287731e-01 4.548599630064158877e-02 5.379485790740053952e-01 1.052317271074903360e+00 8.250230819744239774e-01 9.479124151352256167e-01 -1.279040208609595108e+00 1.520177923422867039e+01
4.726678944002129512e-01 4.884096487127287389e-02 5.865798807611817267e-01 8.011037852950503302e-01 8.363345152183261355e-01 3.216660191524385315e-01 -7.575684313751278598e-01 1.486497166346879339e+01
3.936721746333466943e-01 3.486556035037126355e-02 6.238631692547783603e-01 8.761650301616522585e-01 8.541143078691958435e-01 5.807618310519022664e-01 -9.526361963875125127e-01 1.492260278573843735e+01
3.200631954068501317e-01 3.340862217503254988e-02 7.644250349503551867e-01 8.950096417683875982e-01 8.333320641390098427e-01 8.518450856925464665e-01 -8.912240447725410242e-01 1.461540435805927807e+01
4.619706221966856097e-01 3.646876521437906332e-02 5.132744257798415033e-01 8.827762394613153374e-01 8.387952252598174230e-01 3.853163272533733918e-01 -7.938114454589642044e-01 1.494591527455874669e+01
2.579840996440707634e-01 5.254471451892557543e-02 6.126655525772741751e-01 1.139948381209561656e+00 7.847917633499577050e-01 1.463664965261157191e-01 -1.048702054259438743e+00 1.454488939511301915e+01
3.516447579678526614e-01 6.724796262512837408e-02 6.266595170432825990e-01 9.885815209583823648e-01 7.770014950318943070e-01 3.523321943411002466e-01 -8.214938387273137410e-01 1.439074666820613402e+01
3.539797734379606098e-01 6.800655642585280714e-02 5.592221608295595559e-01 1.094644702366349698e+00 7.638752223634824867e-01 8.530045489067804576e-01 -9.040243835902146419e-01 1.448245190219888912e+01
3.786636447241127357e-01 4.984394458256471289e-02 5.961759577836150958e-01 1.001439707643404509e+00 7.966525773951557143e-01 9.184048014680482597e-01 -7.782587606120653367e-01 1.459220099138128823e+01
2.734016731435301439e-01 6.045246129967264681e-02 8.299923084817393271e-01 1.024254802034035183e+00 7.910163592917791586e-01 8.021598576852024820e-01 -1.269125624694630305e+00 1.474320733174386788e+01
3.022242447139257271e-01 4.796344852279944837e-02 7.690283356626979039e-01 9.697694947116077824e-01 7.895444899755483803e-01 9.162593352986188044e-01 -1.168242526547869531e+00 1.452097882147695884e+01
4.874118104993364620e-01 6.071944971014035103e-02 5.368312216632831202e-01 9.242131664877799579e-01 8.427219415737772223e-01 8.476148590624561496e-01 -7.869392453447848768e-01 1.513906716556987497e+01
3.128680095793630045e-01 6.075120538494137301e-02 5.630447637605072719e-01 1.107763697132319480e+00 8.298209285119404477e-01 4.623406803403379284e-02 -7.469506729740562623e-01 1.455172720415504628e+01
3.438632753959456334e-01 5.972316246489887265e-02 6.324657474351115249e-01 1.015723850141778906e+00 7.458833377277827026e-01 6.327988013142018531e-01 -1.162118650270796749e+00 1.429765669716764975e+01
3.228882013060114797e-01 5.569990259719165282e-02 5.599934021668208084e-01 1.107805476935545874e+00 7.408919304702759057e-01 5.336162883010301394e-01 -1.218428748993654942e+00 1.418253303956322497e+01
3.128680095793630045e-01 6.075120538494137301e-02 5.630447637605072719e-01 1.107763697132319480e+00 8.298209285119404477e-01 4.623406803403379284e-02 -7.469506729740562623e-01 1.455172720415504628e+01
3.864860517478310165e-01 3.453187757146330972e-02 5.486300382768416473e-01 8.846929538166093954e-01 8.083745401898009275e-01 1.767074850434811051e-01 -1.235842634916828775e+00 1.473592882273395688e+01
3.041092115073229518e-01 3.706134775609008780e-02 8.645702081542319117e-01 8.831493396978997712e-01 8.519103706785599028e-01 6.962350000285629781e-01 -1.099867919307542685e+00 1.499990942853121645e+01
3.405220341582312349e-01 3.205840402117254850e-02 7.566777987111490411e-01 8.509060382881149520e-01 8.297593938387922696e-01 7.809694549028889377e-01 -9.980817419257344003e-01 1.472248862061808161e+01
2.592634816561630862e-01 3.912986741270460533e-02 7.019253060612161699e-01 1.049128033495319245e+00 7.886112319109263025e-01 2.885876001127430923e-01 -1.157883406484651267e+00 1.441754974306710402e+01
3.445692243924617371e-01 6.721061902931343979e-02 5.729450717449147135e-01 1.031832631949289203e+00 7.972071769941090347e-01 1.939771915584143080e-01 -9.609297087682933114e-01 1.471833338039401085e+01
2.085534634214959993e-01 4.215744885319212820e-02 8.326318769555618449e-01 1.157338743406517212e+00 8.091613256848765312e-01 6.653336634805345762e-01 -1.113235709228507009e+00 1.450528067897383089e+01
3.329012110815592340e-01 6.636718440206716696e-02 8.948411983333386388e-01 8.721280316722157533e-01 8.220290813018529263e-01 3.826675608669987128e-01 -1.199451236283791244e+00 1.486862176911923683e+01
2.643621635769060063e-01 5.536730576931503389e-02 7.338580961267010538e-01 1.112813600334913167e+00 8.541507622675892364e-01 2.619713230354694944e-01 -1.204748499429532993e+00 1.490925777277779218e+01
3.416011417452523569e-01 4.236222659742735347e-02 7.753370174695326522e-01 8.198356355010490981e-01 8.388684320890874568e-01 1.551270930125394631e-01 -1.190101459725627864e+00 1.500283296507065600e+01
2.861231130785534260e-01 4.314689040710312923e-02 7.181356204357179918e-01 9.812819978127593767e-01 8.219397402555648213e-01 1.330150283717791981e-01 -1.047183845012692460e+00 1.478964574445571145e+01
3.183651059403529437e-01 4.217938826397471530e-02 7.116705496124502428e-01 9.512211294569024034e-01 7.753605578667792653e-01 2.671128105520728102e-01 -1.292074633856710175e+00 1.412571653576408437e+01
3.699645720950746064e-01 6.033946347283909717e-02 8.963382916669453415e-01 8.115937060075516518e-01 8.818215236876902896e-01 7.361307111787205315e-01 -8.739373555908841462e-01 1.535346239444307948e+01
2.804926819953648676e-01 5.135246285493089841e-02 7.536237746967930917e-01 1.021848011896086206e+00 8.564604240629001275e-01 2.377615190199978690e-01 -9.736725631478972964e-01 1.488399861356919729e+01
3.246126677615419620e-01 6.794260551842309925e-02 7.245350667023625624e-01 9.888636278824679549e-01 7.841016548633561456e-01 5.750396633435237437e-01 -1.087056900433039264e+00 1.455460501682498098e+01
3.335327564889114527e-01 6.362520954360444125e-02 8.351916867248951881e-01 8.704307811196551059e-01 7.895326724579228017e-01 5.343126260832633534e-01 -1.218890388588375728e+00 1.468060088190952861e+01
3.710754040702088918e-01 4.348911391275473576e-02 5.898474793248500436e-01 9.513191440686099565e-01 8.265335379079641331e-01 4.656239678631883261e-01 -9.871897755638626704e-01 1.490274237193675333e+01
3.861773642160472031e-01 5.045388967407211239e-02 7.188111853273860818e-01 8.210319974253005304e-01 7.981123168853836436e-01 7.012038459170018001e-01 -1.198019284481853353e+00 1.472205577268572796e+01
3.595713416528543149e-01 4.602879668920467626e-02 5.508451882371657726e-01 1.008335376252297522e+00 7.818096543216975780e-01 6.923671393921567718e-01 -1.075008504288363032e+00 1.479153956098475575e+01
2.642697665791994277e-01 3.836402964076688488e-02 8.082046747859421565e-01 9.567042295348804348e-01 8.121612361548369297e-01 4.264989110701216113e-01 -1.271832308919953469e+00 1.432463466383339146e+01
3.238749999233182519e-01 6.554971665643173628e-02 6.522054476919056931e-01 1.050295933197630260e+00 7.593381402556619308e-01 8.549329014844563313e-01 -1.062516241708423070e+00 1.454540065546680339e+01
3.142486936651378571e-01 4.750199161908583156e-02 7.602976218891950300e-01 9.338942380734405191e-01 8.482346032748993014e-01 3.314548767506805271e-01 -9.005415686806865772e-01 1.494684895378643930e+01
2.767144501229151787e-01 5.138645737515053213e-02 5.051884735885171507e-01 1.168947032835444766e+00 7.759768282177161858e-01 1.219583249698537597e-01 -8.311332250685172784e-01 1.423536131744760347e+01
2.973734676018913170e-01 4.372176148470902080e-02 8.451410067831508499e-01 8.852782241179446565e-01 7.934744835143434649e-01 5.836725676090837034e-03 -1.274212521236397944e+00 1.422070916664186413e+01
3.758578722362896363e-01 4.342346077531163140e-02 5.028435397724683176e-01 1.092875120007177348e+00 8.334435727282329953e-01 6.913664414839323369e-01 -1.165216015452894993e+00 1.512540524520679597e+01
3.775614677092510307e-01 5.610647859561881945e-02 5.213514060470556544e-01 1.061173335264318451e+00 7.390067781538305347e-01 9.788370284055026849e-01 -8.975885024752030539e-01 1.428692898335858530e+01
3.378672610601739512e-01 4.904542834718293026e-02 6.089171519698154400e-01 9.803363721025014632e-01 7.961548574460439731e-01 1.001315889890569411e-01 -1.067364763385765247e+00 1.454124107499829321e+01
4.035064893888392623e-01 5.584997843642154625e-02 5.936461001558858142e-01 9.335893720502902449e-01 8.689796183378259986e-01 1.226073647274289469e-01 -9.304306519141856135e-01 1.518516886669358534e+01
3.805173514691903014e-01 5.602138878547720247e-02 5.984825547415996150e-01 9.576017872591180424e-01 8.425694183801165638e-01 2.548546749035995318e-01 -1.023871198462039001e+00 1.510883993297247585e+01
3.228882013060114797e-01 5.569990259719165282e-02 5.599934021668208084e-01 1.107805476935545874e+00 7.408919304702759057e-01 5.336162883010301394e-01 -1.218428748993654942e+00 1.418253303956322497e+01
3.346540716933257831e-01 5.108604990145432234e-02 7.405522172255281088e-01 9.407594288239222724e-01 8.173793505615786215e-01 7.989680848475360087e-01 -1.292122718236934809e+00 1.488430561473121827e+01
3.485891442917601890e-01 6.783379258519914301e-02 7.146070123925281070e-01 9.931272079954691634e-01 7.287078077806993237e-01 9.954715539971277227e-01 -1.084930086161205232e+00 1.423399198805012844e+01
1.938009577805999417e-01 3.479234502603652246e-02 8.719475671289866892e-01 1.131780364966989971e+00 8.529740188738874629e-01 4.174773737680491092e-01 -1.247365398575547735e+00 1.457878013385901994e+01
4.274437363050183070e-01 6.428966287619675146e-02 6.304539330318028600e-01 8.578918393864457537e-01 7.941848537864117930e-01 7.582435795673381218e-01 -1.164745430751855215e+00 1.488532156427425690e+01
3.220307288556361613e-01 6.226963728912747464e-02 7.575397396747495238e-01 9.824112070448238754e-01 7.525895672142206561e-01 7.617097016316416447e-01 -9.775244188251792643e-01 1.408812167673467641e+01
3.931243132333516188e-01 5.637558770194968372e-02 5.587792310969191822e-01 1.035667698219486121e+00 7.930176717604737746e-01 9.119511018303907424e-01 -9.945014665520972574e-01 1.485405017854799148e+01
4.107389026238273955e-01 5.995645268823696084e-02 6.033756957598284121e-01 9.424944837881260584e-01 7.801195770216814429e-01 9.770736803429613815e-01 -1.214187444739630140e+00 1.503580884029365805e+01
3.998059419937400882e-01 4.065750989368623752e-02 5.574757735807501779e-01 9.206431883828953833e-01 8.628248315237267985e-01 7.301069184605785134e-02 -7.547073485151865047e-01 1.500589028634793642e+01
4.239240818237196562e-01 6.424915293087096746e-02 5.777252265632962791e-01 9.766543154101824387e-01 7.862983793416902234e-01 9.629534958182657256e-01 -1.070845935296387719e+00 1.480282322678340456e+01
2.493923395073781024e-01 3.912370248141684714e-02 8.450994119464547705e-01 1.048408641262901009e+00 8.449882463715975289e-01 8.719159312110156268e-01 -1.257461003267191124e+00 1.490230239035707704e+01
2.985904097258204049e-01 4.146928047872069228e-02 8.705904444121581598e-01 8.844184481198278380e-01 8.333171563087644618e-01 4.526578689440627357e-01 -1.035321537070086562e+00 1.476209593264838027e+01
2.600104985371282096e-01 3.458831286256876247e-02 8.539102710093998683e-01 9.560199999669206639e-01 8.137020097946046082e-01 5.417936295714700368e-01 -1.248064029389568175e+00 1.483368800017983702e+01
3.848430195504956020e-01 5.753147703192248996e-02 5.710153927016344833e-01 1.054934264059373739e+00 8.037056645676331490e-01 9.386200613645923063e-01 -9.571766070102354362e-01 1.498645114347016083e+01
3.068384344983141609e-01 3.838618923750188733e-02 6.499614270691685958e-01 9.811621906211488442e-01 8.403025510557395883e-01 1.877286953650780243e-01 -1.214996045888732557e+00 1.499382560052134039e+01
3.505531544975446501e-01 5.326726312422765813e-02 5.178051145619368967e-01 1.105841890829052154e+00 7.279484489573020412e-01 5.051953322237132671e-01 -9.588327508594591819e-01 1.369409401416601746e+01
3.178752514336153912e-01 5.332935543910821696e-02 5.546527206343540017e-01 1.172513192509267999e+00 8.116941461812603453e-01 8.226184211654987699e-01 -1.255017121140401093e+00 1.478833131354265795e+01
2.593971773507729450e-01 3.537057522479533644e-02 7.040755071625910411e-01 1.051855979925216733e+00 8.556996488212548213e-01 3.067437223401401347e-01 -1.036275099770755714e+00 1.471445702130923827e+01
3.537997152711406246e-01 4.188047544186647431e-02 5.005960014258004076e-01 1.021838676109189326e+00 8.062376362605756519e-01 1.017761112528708933e-01 -9.225738010926438637e-01 1.462745181152086360e+01
4.532200407778045337e-01 6.253308671710300359e-02 5.055528419029984288e-01 9.090231756794020512e-01 8.204132211079293580e-01 1.748414835168565773e-01 -1.247614471111719636e+00 1.506599507468180477e+01
3.228882013060114797e-01 5.569990259719165282e-02 5.599934021668208084e-01 1.107805476935545874e+00 7.408919304702759057e-01 5.336162883010301394e-01 -1.218428748993654942e+00 1.418253303956322497e+01
3.262508669762025360e-01 3.064981327692817281e-02 7.617831969959191207e-01 8.404764073996803253e-01 8.127661109550985419e-01 3.069090233212379282e-02 -1.284632352345438822e+00 1.423901595873499382e+01
3.571639372746212571e-01 3.100132694555603544e-02 6.738937264782194347e-01 8.919407786181612341e-01 8.648747843366035859e-01 5.202687768944987967e-01 -1.154805972379801426e+00 1.531907671810285620e+01
3.848430195504956020e-01 5.753147703192248996e-02 5.710153927016344833e-01 1.054934264059373739e+00 8.037056645676331490e-01 9.386200613645923063e-01 -9.571766070102354362e-01 1.498645114347016083e+01
4.455341081380287394e-01 6.477515457275626054e-02 5.154568977056526169e-01 9.651648584420011723e-01 8.431237922854704081e-01 3.768193704660050547e-01 -7.067535684248396066e-01 1.495869360503904488e+01
3.238749999233182519e-01 6.554971665643173628e-02 6.522054476919056931e-01 1.050295933197630260e+00 7.593381402556619308e-01 8.549329014844563313e-01 -1.062516241708423070e+00 1.454540065546680339e+01
3.983984858806342011e-01 6.637205228862341766e-02 5.143810153179987354e-01 1.071847354205500258e+00 7.827591808139839902e-01 7.893831941765619975e-01 -8.941262739784543445e-01 1.496025123717795680e+01
3.470940077562827963e-01 5.481815722819877862e-02 5.586104219074998767e-01 1.068207510680533101e+00 7.496640296216787736e-01 6.572610761171924221e-01 -1.064415716992915373e+00 1.430544285520303305e+01
2.615170403978317459e-01 4.934783793431787857e-02 7.845158777844725151e-01 1.091924721777681961e+00 8.618038083331517329e-01 5.056238387498903641e-01 -1.020156943441776543e+00 1.482588773986043762e+01
3.041092115073229518e-01 3.706134775609008780e-02 8.645702081542319117e-01 8.831493396978997712e-01 8.519103706785599028e-01 6.962350000285629781e-01 -1.099867919307542685e+00 1.499990942853121645e+01
3.236714347356574040e-01 5.869111815998862003e-02 5.919653287755354265e-01 1.168739809869708601e+00 8.520284060075882238e-01 6.164541481201690765e-01 -9.087236571108312511e-01 1.476665597476206138e+01
3.482377733472453718e-01 3.340148434323028659e-02 6.361586579606792746e-01 9.508482343661938119e-01 8.117587662234161394e-01 8.909450637890183877e-01 -9.000070649705876891e-01 1.461577551541680187e+01
2.871312687322499224e-01 3.856615973841423517e-02 7.546646093434882241e-01 9.374127358744859251e-01 8.472245163239251475e-01 1.094003064286342419e-01 -1.155409281794096188e+00 1.487935348276023007e+01
3.238604006164482740e-01 5.884423541490663850e-02 6.897748999841094575e-01 9.681154655322756764e-01 7.854682761447994155e-01 1.137429182758423196e-01 -1.099845425087925710e+00 1.457147135936943627e+01
3.557238791138609413e-01 6.916449251563724920e-02 8.040817534629736141e-01 8.693891018574768648e-01 8.036160214497759524e-01 3.785571537485388216e-01 -9.183553598877163271e-01 1.441166049249534531e+01
4.307981671765572784e-01 6.355947869616729307e-02 6.414304886540078687e-01 8.694944537191470202e-01 8.182489149018647989e-01 7.306227884299749675e-01 -1.113438688283555633e+00 1.510800439273103635e+01
4.012381398794589993e-01 6.726976754610716758e-02 6.834295909451992834e-01 8.449390662045216382e-01 8.449289127934422883e-01 1.287625158000205161e-02 -9.930395598214957209e-01 1.537625421332877096e+01
3.596244090225272361e-01 4.671252176860091199e-02 7.469993343362320015e-01 8.334378926208738658e-01 8.439082334200653790e-01 2.259374051298397856e-01 -8.166577586876863082e-01 1.479154808686502776e+01
4.609767435019420656e-01 6.415436903954896408e-02 6.826421661427256593e-01 8.002945857172627520e-01 8.379021684612710796e-01 7.977145387780650854e-01 -1.074808488392661632e+00 1.527634910513705968e+01
3.134002246260252922e-01 5.841540471299660336e-02 7.077971716195405882e-01 9.714790482265168725e-01 7.816047843440222520e-01 3.226685129219482584e-01 -1.049265863268073140e+00 1.465684651713585396e+01
2.997629752855625052e-01 4.019511669126305670e-02 6.446904526217795972e-01 9.957902276097612138e-01 8.215148130992351305e-01 2.934192965402999120e-01 -1.219126247805251362e+00 1.482273575002772681e+01
2.854163970199395939e-01 4.650159601273470139e-02 6.036657809689244258e-01 1.067785560054460792e+00 8.052255361422242519e-01 2.028427982602303281e-01 -8.419100009347635361e-01 1.462959275421264138e+01
3.205728329243807129e-01 6.363891790739925614e-02 7.145626331672664255e-01 1.001172489881922978e+00 7.523337487724538475e-01 6.393875761522556100e-01 -8.220433884945539393e-01 1.439898656920061448e+01
2.854087237717064518e-01 5.966547556891695775e-02 6.966832472015781486e-01 1.103681498510920012e+00 8.478818624767454626e-01 2.449177180134454734e-01 -1.022161014626355779e+00 1.488702188835281426e+01
3.332848415977593959e-01 6.777798780084817731e-02 8.120141450053222076e-01 8.782289191968666309e-01 8.060466372893714260e-01 8.600215698760649286e-02 -1.083359743828113286e+00 1.476365560834813628e+01
3.658181426525167756e-01 3.934251570318084146e-02 5.453517047145428620e-01 9.835037445726562133e-01 8.568012637288735522e-01 1.615608219534986345e-01 -9.184715473183322487e-01 1.496089022166861859e+01
3.224898128856377166e-01 6.292017517932355086e-02 5.311633396580865973e-01 1.168509647445449051e+00 8.252201396051964677e-01 3.505132268253962069e-01 -1.143547166948720051e+00 1.494120187495529528e+01
2.899144741795157687e-01 5.113761700641036162e-02 8.189939613712560185e-01 9.432958400997892845e-01 7.872492334309052486e-01 7.989536181124806680e-02 -9.609989159817602378e-01 1.429266895264053261e+01
3.768199712237602084e-01 5.815339031856064239e-02 7.831921092280875740e-01 8.478592956359600752e-01 8.357227450857359630e-01 7.304297662027333660e-01 -8.350908587588881105e-01 1.491424937043574417e+01
3.363885123986843917e-01 6.535942595836197189e-02 8.077917509826466613e-01 9.220761249959642525e-01 8.622662237948028885e-01 8.642334056210543292e-02 -1.034603029626789183e+00 1.504460016738732264e+01
2.286779143281499893e-01 4.479264389059064988e-02 7.106175013721053313e-01 1.111197996762573137e+00 7.915411248622448159e-01 9.238575269326787520e-02 -1.042750864743924755e+00 1.421868105868780141e+01
3.503873132652836064e-01 5.786349321342212915e-02 6.758357573777018512e-01 1.000982056315977031e+00 8.346525264501384322e-01 7.699553432331600611e-01 -8.782312802309752975e-01 1.486759145981259245e+01
3.241874238825925847e-01 5.059302052622421941e-02 5.830511490254711715e-01 1.054330291889478799e+00 7.612630716780404150e-01 4.591197619265123264e-01 -1.172212500550674275e+00 1.423055296689028992e+01
3.686362281677394437e-01 5.956979206338873511e-02 8.098338868699854753e-01 8.685490239939357426e-01 8.446373550187852297e-01 7.649598818267542288e-01 -7.310941373201292892e-01 1.496887965993052205e+01
4.609767435019420656e-01 6.415436903954896408e-02 6.826421661427256593e-01 8.002945857172627520e-01 8.379021684612710796e-01 7.977145387780650854e-01 -1.074808488392661632e+00 1.527634910513705968e+01
4.239802100513200278e-01 6.106500618328750130e-02 5.421937674516698058e-01 9.771458266370296464e-01 7.925200528860112392e-01 7.030540182509872338e-01 -7.745562889804352702e-01 1.449092158432266864e+01
2.878020789903987797e-01 5.874095958468955603e-02 7.325330683793361830e-01 1.014401675650061341e+00 7.924464549472035602e-01 1.202532708307954001e-01 -1.181045006469654046e+00 1.474599705292722618e+01
2.640610596123277309e-01 3.293976878192021035e-02 7.815702675419149426e-01 1.012884626888822304e+00 8.461284085342589689e-01 6.931303522953899954e-01 -1.257604169580990083e+00 1.504682634995137569e+01
3.105996511075810873e-01 5.194414625316118306e-02 8.043804184424845349e-01 8.866000450002150535e-01 8.009082183664082422e-01 6.772902169192274169e-02 -1.229678562680700082e+00 1.483596767238699066e+01
3.339357708937765179e-01 5.315050361344623997e-02 7.693930630451630837e-01 8.768725291477926786e-01 7.975424304132716635e-01 1.215058705796585037e-01 -1.183514511891965437e+00 1.487146707859857919e+01
2.357493894536490942e-01 3.188100148674613554e-02 7.328106552320282630e-01 1.072505120213043339e+00 8.589968182133238539e-01 2.213036547332861703e-01 -1.150972832389456357e+00 1.493028329523901832e+01
3.043905686717426340e-01 6.286188318890231774e-02 8.382790057918130255e-01 9.257980601633284401e-01 7.951609108695810724e-01 1.311817480505511613e-01 -1.218884952002921018e+00 1.478729502574578447e+01
2.938578672320176222e-01 4.489066631949435032e-02 5.144963433472785619e-01 1.109408139876040700e+00 8.154326389396944208e-01 5.606918822676987268e-02 -9.910579828176845352e-01 1.431277359018396567e+01
2.837010925112317672e-01 5.232813421000993837e-02 5.233448456033227281e-01 1.133356815880213420e+00 7.921021949383424410e-01 3.321592277493312650e-02 -1.072160706247844875e+00 1.460013209800072609e+01
2.971514375612067660e-01 4.767482403993900109e-02 8.185201249716138605e-01 9.619327883139248137e-01 8.668327339258967701e-01 3.312570615976918043e-01 -1.023997137491175824e+00 1.501699260906108080e+01
3.539797734379606098e-01 6.800655642585280714e-02 5.592221608295595559e-01 1.094644702366349698e+00 7.638752223634824867e-01 8.530045489067804576e-01 -9.040243835902146419e-01 1.448245190219888912e+01
4.071229242214340349e-01 3.353187803565415431e-02 5.075879113123903386e-01 9.522711676016992755e-01 7.993984972701619895e-01 6.287443465336396420e-01 -8.212551075401512968e-01 1.482876158249192322e+01
3.279004410114359502e-01 4.028651183049617585e-02 5.863361894662572071e-01 1.104403323300259476e+00 8.336668304015832920e-01 8.203141697905408369e-01 -1.129599121099164272e+00 1.509920580627329123e+01
3.200503962758610155e-01 4.637477736885549373e-02 7.504988635177849421e-01 9.018828193728402054e-01 8.515122212695653836e-01 9.951325239187219784e-02 -9.732363202612861475e-01 1.492192076169643933e+01
3.148011550904683542e-01 4.885549356332602455e-02 8.481077806253866092e-01 8.625048500954349828e-01 8.336193338295704303e-01 3.905354845962940580e-01 -9.768184146984166816e-01 1.465117775269208167e+01
2.163047333350264778e-01 6.102374450275110940e-02 8.902211907064525587e-01 1.147245290112658189e+00 8.138841324023194934e-01 6.059506348164089840e-02 -8.516796266958426287e-01 1.458661624392016698e+01
3.335327564889114527e-01 6.362520954360444125e-02 8.351916867248951881e-01 8.704307811196551059e-01 7.895326724579228017e-01 5.343126260832633534e-01 -1.218890388588375728e+00 1.468060088190952861e+01
3.043671674032622509e-01 6.423634130810282339e-02 6.698158304053648537e-01 1.083816462836986405e+00 8.535957191492045126e-01 1.707175284830614315e-01 -1.021559705341078761e+00 1.497769338905054504e+01
3.106547940405418040e-01 6.912454295691572437e-02 7.351444927845252053e-01 1.007159273816802258e+00 8.068543639491628783e-01 3.101623709214618718e-01 -1.009185339347800525e+00 1.484893083862281493e+01
3.112880923213832696e-01 3.796326279322906339e-02 6.876596282623972378e-01 1.005446144307863721e+00 8.040096504267453259e-01 8.960492096272659746e-01 -9.573392054359020076e-01 1.448418759204793638e+01
2.713770017171454052e-01 4.318375889437110066e-02 7.489599073307591226e-01 1.040542444028374813e+00 7.853672364585582155e-01 6.840587141088249057e-01 -8.971865296899266262e-01 1.426735153588248117e+01
3.315030595701117244e-01 5.578142773426053580e-02 5.994241037864223021e-01 1.087807001009549079e+00 7.426970741361155204e-01 9.323951299779440482e-01 -8.909468727855940351e-01 1.405421353306068077e+01
3.251646938902763573e-01 5.472619994511611352e-02 7.559676459499857781e-01 1.008321671052360147e+00 8.455772259387021039e-01 8.917502069888556537e-01 -1.155485570867160305e+00 1.510861661193680128e+01
3.420329772953147884e-01 6.625378451732658047e-02 5.338599111875249603e-01 1.083686680716021256e+00 7.374760849980802613e-01 5.749315838304134285e-01 -1.027433334086878647e+00 1.449080542708052555e+01
3.598606011849844188e-01 3.492307755857013835e-02 5.580007822019006358e-01 1.015819729089506795e+00 8.743924130791557170e-01 3.591598161560198843e-01 -1.228608967484524639e+00 1.509863301707154193e+01
3.775614677092510307e-01 5.610647859561881945e-02 5.213514060470556544e-01 1.061173335264318451e+00 7.390067781538305347e-01 9.788370284055026849e-01 -8.975885024752030539e-01 1.428692898335858530e+01
4.166903597806516091e-01 5.713756749317207978e-02 7.180085862035404665e-01 8.401386327428110867e-01 8.591215929002149476e-01 6.741941409873826174e-01 -9.993058314154315003e-01 1.500359604336469133e+01
3.571639372746212571e-01 3.100132694555603544e-02 6.738937264782194347e-01 8.919407786181612341e-01 8.648747843366035859e-01 5.202687768944987967e-01 -1.154805972379801426e+00 1.531907671810285620e+01
4.371469115483415102e-01 5.139572529278181590e-02 5.497176817853940411e-01 8.717181508574602944e-01 8.076204633377576103e-01 2.925249810314424215e-01 -1.119534881891655509e+00 1.476577472626091136e+01
2.821866628539800304e-01 6.405354378162517182e-02 7.307298768269966383e-01 1.050749515852067884e+00 7.978244571331168933e-01 1.199355565776450971e-01 -1.245049345438721033e+00 1.481421196564308218e+01
3.387412239669330694e-01 6.432265309001164444e-02 6.548633596861694883e-01 1.013931333790688338e+00 7.675149180410488770e-01 6.241043913919405162e-01 -9.414620236997007785e-01 1.448344485066996512e+01
2.814513421357690559e-01 4.343467945375324019e-02 8.657362982855201228e-01 9.167733482549355051e-01 8.450133436442481827e-01 1.368521034902782652e-01 -9.965073098313819155e-01 1.470307658475952550e+01
3.299882403935113784e-01 6.295818005329723022e-02 7.615847820366143939e-01 9.553815425646698944e-01 8.646750287314322048e-01 3.033213558474845417e-02 -7.981307380105339133e-01 1.486353228734170528e+01
3.246126677615419620e-01 6.794260551842309925e-02 7.245350667023625624e-01 9.888636278824679549e-01 7.841016548633561456e-01 5.750396633435237437e-01 -1.087056900433039264e+00 1.455460501682498098e+01
3.496987773301694080e-01 4.618990071484765925e-02 6.630612955165244848e-01 9.930086131393408566e-01 8.603525247064434112e-01 8.503974010885818613e-01 -7.381343756800820000e-01 1.473605809205744421e+01
3.983984858806342011e-01 6.637205228862341766e-02 5.143810153179987354e-01 1.071847354205500258e+00 7.827591808139839902e-01 7.893831941765619975e-01 -8.941262739784543445e-01 1.496025123717795680e+01
4.299665409583059983e-01 5.337796735355168631e-02 5.342931222607965047e-01 9.843569739566246923e-01 8.546709399282415021e-01 5.682185951481472097e-01 -9.302973991012689625e-01 1.543514315962342920e+01
2.572211789996367015e-01 3.989989669385115428e-02 7.098441234053273208e-01 1.043539239103571159e+00 8.057038838869599040e-01 3.574891009245315665e-01 -1.265354827222389567e+00 1.483075175307579130e+01
4.454663129200591154e-01 5.246820903532921354e-02 5.469747486967660999e-01 9.444901425869913769e-01 8.489973165985902348e-01 6.968572333224891668e-01 -9.873633770416034849e-01 1.519837662793358568e+01
4.438520591164270002e-01 6.320252848200896834e-02 6.357682214496216400e-01 8.330821585945841212e-01 8.134351396887452568e-01 6.198072395746357932e-01 -7.179759025190259880e-01 1.461944331978570411e+01
4.438520591164270002e-01 6.320252848200896834e-02 6.357682214496216400e-01 8.330821585945841212e-01 8.134351396887452568e-01 6.198072395746357932e-01 -7.179759025190259880e-01 1.461944331978570411e+01
2.905817561223968948e-01 3.069702291824255580e-02 7.443096434446488940e-01 9.458634426908720805e-01 8.494194066373386143e-01 2.845803974952514359e-01 -7.364471547254433093e-01 1.465512183389912870e+01
4.371469115483415102e-01 5.139572529278181590e-02 5.497176817853940411e-01 8.717181508574602944e-01 8.076204633377576103e-01 2.925249810314424215e-01 -1.119534881891655509e+00 1.476577472626091136e+01
2.579840996440707634e-01 5.254471451892557543e-02 6.126655525772741751e-01 1.139948381209561656e+00 7.847917633499577050e-01 1.463664965261157191e-01 -1.048702054259438743e+00 1.454488939511301915e+01
3.114387065249034636e-01 3.688407473102147532e-02 5.753986806753544903e-01 1.132459997843080712e+00 8.117861862670130435e-01 9.018066294177369269e-01 -1.018167487705144980e+00 1.468720686057171854e+01
3.480862304718683742e-01 5.801408983957184740e-02 8.147910562016658087e-01 8.407413500622626934e-01 8.372535005465860936e-01 2.242499683553640932e-01 -1.146727211484235065e+00 1.513217305043598770e+01
3.212529954145827427e-01 3.711773335629070525e-02 5.261315150241202554e-01 1.071786841210893293e+00 8.131584016482090727e-01 3.012590385773438184e-01 -1.158314534854036015e+00 1.506672224428595186e+01
2.436911086106645641e-01 4.845608372088298227e-02 7.320771874818297054e-01 1.132618586758148860e+00 8.501494145890473586e-01 2.072120241110906869e-01 -1.099098888148511755e+00 1.488508595269583346e+01
3.275288015113807516e-01 5.968641217210456096e-02 8.674654070218534851e-01 8.740150442777926409e-01 8.082136183803995122e-01 5.982690047958879598e-01 -8.546247876678383371e-01 1.469592552488182591e+01
3.597212838466445906e-01 4.940576979658389822e-02 7.223185887929032267e-01 9.142275921904529090e-01 8.446971115338250957e-01 7.725636586211738210e-01 -9.558494121460254789e-01 1.489614750039827662e+01
2.485757060982353162e-01 5.264732368065069834e-02 6.110971878750879327e-01 1.184592965946543064e+00 8.195809435437744206e-01 2.581053403025005410e-01 -1.039560178101222032e+00 1.474679583089479351e+01
3.049440200678472657e-01 5.206235956542742960e-02 8.888228518813510171e-01 8.828202225544068416e-01 8.127201262690755268e-01 5.516341758671728934e-01 -1.016436715417014192e+00 1.455837777726162940e+01
2.615170403978317459e-01 4.934783793431787857e-02 7.845158777844725151e-01 1.091924721777681961e+00 8.618038083331517329e-01 5.056238387498903641e-01 -1.020156943441776543e+00 1.482588773986043762e+01
2.579840996440707634e-01 5.254471451892557543e-02 6.126655525772741751e-01 1.139948381209561656e+00 7.847917633499577050e-01 1.463664965261157191e-01 -1.048702054259438743e+00 1.454488939511301915e+01
2.946264096120548848e-01 3.235347481998936126e-02 7.043203078477501267e-01 9.349256326351205182e-01 8.517794740763309225e-01 2.573092549125011175e-02 -8.228098038885568455e-01 1.475427721275052662e+01
2.899206579659068250e-01 5.107411138752911139e-02 8.906058757655499480e-01 9.324439619155752146e-01 8.056020364202466366e-01 8.099471640165830655e-01 -1.120867733093191987e+00 1.464703670490056808e+01
2.985904097258204049e-01 4.146928047872069228e-02 8.705904444121581598e-01 8.844184481198278380e-01 8.333171563087644618e-01 4.526578689440627357e-01 -1.035321537070086562e+00 1.476209593264838027e+01
3.348830225669513494e-01 6.077938892595617648e-02 5.739718910544273633e-01 1.110630733378754176e+00 8.535532737672388848e-01 3.353448044276663431e-01 -9.671872691689538115e-01 1.490303745290276183e+01
3.991023281353796026e-01 6.092352898557244767e-02 6.540999244727753181e-01 8.588951347364893740e-01 8.482670167978082487e-01 7.181655726598801248e-02 -1.220477495856260086e+00 1.513210785444412920e+01
3.530505835904710343e-01 6.800654448040210909e-02 6.544948692448999683e-01 9.921406965475784157e-01 8.074889915832751397e-01 5.782828005498088508e-01 -1.043029668573514313e+00 1.477729881541385915e+01
3.173872057114561773e-01 5.006417680568502060e-02 5.887823296218714919e-01 1.061651216346271465e+00 7.577227408393026886e-01 3.512146296697479797e-01 -1.251191241828814249e+00 1.440264119448853108e+01
3.926584356184172897e-01 3.276088679029925954e-02 5.025035933944805855e-01 9.391150247385843253e-01 8.570169877319718799e-01 1.836420521382370330e-02 -9.274015782493871818e-01 1.523378345354933749e+01
4.269111311964420841e-01 5.314565746455102158e-02 5.122594567377430907e-01 1.035142235890379458e+00 8.487993595857399320e-01 7.847175765722862462e-01 -1.269568239201883664e+00 1.544791528971659922e+01
3.197717572099079142e-01 5.931221837771584460e-02 5.602295078087671243e-01 1.166445698586846325e+00 8.320894975944360672e-01 5.119004698447134905e-01 -7.254167929914500101e-01 1.474882357353143902e+01
2.821866628539800304e-01 6.405354378162517182e-02 7.307298768269966383e-01 1.050749515852067884e+00 7.978244571331168933e-01 1.199355565776450971e-01 -1.245049345438721033e+00 1.481421196564308218e+01
4.315500666854534817e-01 5.719080334184710457e-02 5.538329432636507343e-01 9.022901970998530308e-01 8.049921038634163528e-01 3.706734858741770333e-01 -8.634595499969139887e-01 1.487386899401914242e+01
3.457973902594458360e-01 3.317797562878360002e-02 5.411534168071390205e-01 1.043801299126950966e+00 8.746186116256216003e-01 1.388563407819486395e-01 -1.018127449235963322e+00 1.507548838922788725e+01
3.083624698266440589e-01 5.844329140059713323e-02 8.149038912802473167e-01 9.337516208317718780e-01 7.941153231274790114e-01 6.664171044030096080e-01 -1.035584697503654450e+00 1.457054650279781072e+01
4.107389026238273955e-01 5.995645268823696084e-02 6.033756957598284121e-01 9.424944837881260584e-01 7.801195770216814429e-01 9.770736803429613815e-01 -1.214187444739630140e+00 1.503580884029365805e+01
2.934524685332924321e-01 4.250025467563007392e-02 6.061429013480590378e-01 1.049118024578865160e+00 8.400024281660878334e-01 7.544882856888868172e-02 -1.083056622173953931e+00 1.490328528658416651e+01
2.531643293343500689e-01 4.632525389646044434e-02 5.275224025850721032e-01 1.196560091974464335e+00 8.414827653123232443e-01 2.119559252716646247e-02 -1.185886837922016213e+00 1.472688345823587852e+01
3.698888000682845068e-01 6.604566508242573630e-02 5.981911068486336358e-01 1.001547590989281256e+00 7.606183926535331485e-01 8.043846887474048746e-01 -1.000151283506668154e+00 1.418477704273115236e+01
2.371753183563320988e-01 3.098569528564137573e-02 7.049650797365313304e-01 1.100711316860160771e+00 7.774534959583907501e-01 3.911530461587566787e-01 -1.284313217283849173e+00 1.421542319435378765e+01
2.703021369990818434e-01 4.461535864627162729e-02 6.598894542716182698e-01 1.068353808719425535e+00 7.656184973091224588e-01 9.214982081923267510e-02 -1.080638362523380414e+00 1.417216384823316488e+01
3.055226826062895640e-01 6.507826597297874938e-02 6.003093603813943746e-01 1.162564063251702473e+00 7.374248088236219356e-01 9.703312708019549149e-01 -8.062768192833158487e-01 1.410780839443597223e+01
3.344613288465130285e-01 5.608910979369484406e-02 7.897336568975609206e-01 8.769035902238503377e-01 8.246503265615027223e-01 1.707169796637959536e-01 -7.316908929853890298e-01 1.469058123119213377e+01
3.212529954145827427e-01 3.711773335629070525e-02 5.261315150241202554e-01 1.071786841210893293e+00 8.131584016482090727e-01 3.012590385773438184e-01 -1.158314534854036015e+00 1.506672224428595186e+01
4.035064893888392623e-01 5.584997843642154625e-02 5.936461001558858142e-01 9.335893720502902449e-01 8.689796183378259986e-01 1.226073647274289469e-01 -9.304306519141856135e-01 1.518516886669358534e+01
4.571495667264676710e-01 4.969271051909086856e-02 6.648770329053959038e-01 8.370720785102069295e-01 8.981941780250284335e-01 9.288568554904328423e-01 -8.171530448933889135e-01 1.528301982683312943e+01
4.026495705855399621e-01 3.583727510862688009e-02 5.272205551026108994e-01 9.193607581429237285e-01 8.208414545093741799e-01 3.271275194674506670e-01 -1.199593131273220425e+00 1.493752819764430839e+01
3.481739378410703134e-01 4.678751282347828888e-02 5.233965784221149553e-01 1.113155598004651470e+00 8.342335139229986041e-01 5.049218394687247091e-01 -1.269892041371750935e+00 1.516164621315726535e+01
2.358782001640906401e-01 5.639665114591441153e-02 7.492184190376347530e-01 1.131132491647057092e+00 7.510454954589945720e-01 6.170988924480004245e-01 -1.239808095775203789e+00 1.467492347046070122e+01
3.757472503852929968e-01 5.618062245283984846e-02 7.598866665192828274e-01 8.978172516793639923e-01 8.432389588741302511e-01 9.016080437447839824e-01 -1.014140700185709676e+00 1.516913604182996345e+01
2.857450419998038837e-01 3.755553624310124100e-02 7.285640488110618485e-01 1.046380180505606106e+00 8.399086380578397737e-01 8.314950541005862172e-01 -1.226601678421406660e+00 1.515891473507561038e+01
3.722971694087052752e-01 6.295949445433608738e-02 7.539223828297263452e-01 8.484577485541833219e-01 8.225474442730892344e-01 5.411328008746200124e-01 -1.263528930870461586e+00 1.494378569625543207e+01
3.063921684062811401e-01 4.259177928958580994e-02 6.856398260288063540e-01 9.756096695831555365e-01 8.304279669157259569e-01 3.047336048399918451e-01 -8.028246366481579521e-01 1.456294982130212645e+01
3.642312626948952525e-01 5.694515100390280110e-02 5.759402209306571097e-01 1.009100164697500190e+00 8.449691843964388660e-01 2.007253885556392614e-01 -1.003830078309355889e+00 1.511943070282038626e+01
3.105996511075810873e-01 5.194414625316118306e-02 8.043804184424845349e-01 8.866000450002150535e-01 8.009082183664082422e-01 6.772902169192274169e-02 -1.229678562680700082e+00 1.483596767238699066e+01
3.786636447241127357e-01 4.984394458256471289e-02 5.961759577836150958e-01 1.001439707643404509e+00 7.966525773951557143e-01 9.184048014680482597e-01 -7.782587606120653367e-01 1.459220099138128823e+01
2.899692602744630143e-01 6.485078615582140493e-02 6.953772166962299828e-01 1.057869069659217232e+00 8.129045482865077110e-01 1.789605495229929510e-01 -1.135394593312695877e+00 1.482524732446936433e+01
4.349598595383332711e-01 5.593881933205821499e-02 5.565521985038501818e-01 9.650415962734628650e-01 8.476956379119043872e-01 6.559094079679624878e-01 -9.222240198659859001e-01 1.520218957874247501e+01
2.539067235698414526e-01 3.101391265018434151e-02 8.844321778995469785e-01 9.281015853208983701e-01 8.784682636385880983e-01 2.022094790247086493e-02 -1.146292416390399360e+00 1.500906638548031857e+01
4.609767435019420656e-01 6.415436903954896408e-02 6.826421661427256593e-01 8.002945857172627520e-01 8.379021684612710796e-01 7.977145387780650854e-01 -1.074808488392661632e+00 1.527634910513705968e+01
4.316681102489408062e-01 5.847791369194867833e-02 5.881382562884446275e-01 9.331377844910870856e-01 8.317344805951213393e-01 6.802259425027507023e-01 -9.514598366701094712e-01 1.511344361261249070e+01
3.096317252803114095e-01 4.591419520588678471e-02 7.651715423189746623e-01 9.144605452376091126e-01 8.261386987516241565e-01 2.872708259406518971e-01 -9.868315165033483272e-01 1.473935097127747973e+01
4.076930208889835150e-01 6.246500703989271014e-02 5.762357310789703035e-01 9.142713284706056598e-01 8.084604906976834426e-01 2.287364500903027453e-01 -1.162003183836420428e+00 1.502394465355061115e+01
3.173872057114561773e-01 5.006417680568502060e-02 5.887823296218714919e-01 1.061651216346271465e+00 7.577227408393026886e-01 3.512146296697479797e-01 -1.251191241828814249e+00 1.440264119448853108e+01
3.005809120211064833e-01 6.078247941565246421e-02 7.182186752204566815e-01 1.021080202111283475e+00 7.657679185512146214e-01 3.444243181175504764e-01 -1.007657990531892311e+00 1.445473421256392399e+01
3.842418580589993526e-01 6.557423629114152164e-02 8.026861278401306032e-01 8.258288089349076211e-01 8.536405813433582956e-01 6.001928801942982838e-01 -1.030894929406401594e+00 1.515269191852886799e+01
3.880455739451703634e-01 5.288346853947210879e-02 7.455291907120301653e-01 8.648074285716796927e-01 8.310614974511510988e-01 9.343467728962027152e-01 -7.051687532068793285e-01 1.474944626290074545e+01
3.771952344740078233e-01 4.617084612709376756e-02 6.138990587475030569e-01 9.083019181075276949e-01 8.364032248224942956e-01 1.948353619005075421e-01 -8.516684262694744767e-01 1.490800447828890185e+01
3.420329772953147884e-01 6.625378451732658047e-02 5.338599111875249603e-01 1.083686680716021256e+00 7.374760849980802613e-01 5.749315838304134285e-01 -1.027433334086878647e+00 1.449080542708052555e+01
2.985904097258204049e-01 4.146928047872069228e-02 8.705904444121581598e-01 8.844184481198278380e-01 8.333171563087644618e-01 4.526578689440627357e-01 -1.035321537070086562e+00 1.476209593264838027e+01
2.567531214060285727e-01 4.912205207614151609e-02 7.575605767848414551e-01 1.061581549013195236e+00 7.978558790340426476e-01 3.756413659234106861e-01 -9.979418269691771037e-01 1.454511004070818458e+01
2.236085643085919950e-01 6.266826262869379383e-02 7.880101499646534613e-01 1.192361601945174376e+00 7.684164790194093486e-01 5.063041830723256087e-01 -1.268952484414557214e+00 1.480433087726348873e+01
3.274896782534912898e-01 3.366113626949927135e-02 5.506291336691823135e-01 1.114045554357615764e+00 8.545510960860707161e-01 7.076479909417554559e-01 -1.115927431047683438e+00 1.491924940067191940e+01
4.995035083530326991e-01 5.156786612920681578e-02 6.101157282991012121e-01 8.160727027978099679e-01 8.849781069486608587e-01 9.170740346006710508e-01 -1.211057604399494947e+00 1.597577110297830849e+01
3.859537144811330256e-01 6.861902007538418780e-02 7.087369109885491847e-01 8.922055738673753122e-01 7.834178242175572349e-01 8.119067734535192482e-01 -8.126150854640769028e-01 1.452335463221826650e+01
4.132089457012459999e-01 6.058432779348996156e-02 6.785418415010735504e-01 8.157045180641500082e-01 8.264226565569379179e-01 5.086214585513681996e-02 -8.118796131666221605e-01 1.470708719947584342e+01
2.567531214060285727e-01 4.912205207614151609e-02 7.575605767848414551e-01 1.061581549013195236e+00 7.978558790340426476e-01 3.756413659234106861e-01 -9.979418269691771037e-01 1.454511004070818458e+01
4.571495667264676710e-01 4.969271051909086856e-02 6.648770329053959038e-01 8.370720785102069295e-01 8.981941780250284335e-01 9.288568554904328423e-01 -8.171530448933889135e-01 1.528301982683312943e+01
3.202119827026396193e-01 4.463739087269782968e-02 5.311351737055864941e-01 1.054947168706402705e+00 8.067779574605066228e-01 1.061502941177189241e-02 -1.038486254895068184e+00 1.481806884492751841e+01
2.920953014414052196e-01 5.557732472941923074e-02 8.705398973456915934e-01 9.460334687692477651e-01 7.939132659479199994e-01 6.183615613585085047e-01 -1.120195233067051710e+00 1.481413616011538004e+01
2.899144741795157687e-01 5.113761700641036162e-02 8.189939613712560185e-01 9.432958400997892845e-01 7.872492334309052486e-01 7.989536181124806680e-02 -9.609989159817602378e-01 1.429266895264053261e+01
2.760583751029054289e-01 5.799332097708925077e-02 6.672532614913537774e-01 1.069267794822650774e+00 7.994312517230708348e-01 7.884721414747419832e-02 -8.210753231016333364e-01 1.461167531337267889e+01
3.094780089518690547e-01 5.871240640069838590e-02 7.753081042118702415e-01 9.802060961121489280e-01 8.244588907415675294e-01 5.339593165548573994e-01 -1.059243341152198203e+00 1.477996656926887376e+01
4.325778563584655734e-01 3.165497474594927696e-02 5.966893765144892781e-01 8.025672905649796629e-01 8.120899061830177956e-01 6.785057259303153288e-01 -9.524831554504782360e-01 1.500391038595522630e+01
4.307981671765572784e-01 6.355947869616729307e-02 6.414304886540078687e-01 8.694944537191470202e-01 8.182489149018647989e-01 7.306227884299749675e-01 -1.113438688283555633e+00 1.510800439273103635e+01
3.445078715357193788e-01 4.527640415154196574e-02 5.803607291058128226e-01 1.021379326132823895e+00 8.097522208924237130e-01 5.356257271360619354e-01 -1.230006387586621841e+00 1.486968753370768681e+01
3.367733347443955805e-01 6.777336299421743426e-02 7.352990530171967798e-01 9.776998648399020109e-01 8.190699709060994538e-01 5.275499021890631690e-01 -1.252695157932447456e+00 1.520442592399121651e+01
3.184412297796169189e-01 3.738647888610863862e-02 6.684183014464312178e-01 1.083591606217899628e+00 8.755156723684975884e-01 7.817246857014498174e-01 -1.285440086010799732e+00 1.522800518938171344e+01
4.438520591164270002e-01 6.320252848200896834e-02 6.357682214496216400e-01 8.330821585945841212e-01 8.134351396887452568e-01 6.198072395746357932e-01 -7.179759025190259880e-01 1.461944331978570411e+01
3.063921684062811401e-01 4.259177928958580994e-02 6.856398260288063540e-01 9.756096695831555365e-01 8.304279669157259569e-01 3.047336048399918451e-01 -8.028246366481579521e-01 1.456294982130212645e+01
3.239954065514512038e-01 3.083414490687796938e-02 8.681020805856318745e-01 8.065476773885750239e-01 8.967112857819552474e-01 3.873867535702484322e-01 -1.105737504942133631e+00 1.523087085590436018e+01
4.544413594446534699e-01 5.979194194752532332e-02 5.088561495689196690e-01 9.538273072525560448e-01 7.737121095295509399e-01 8.624031950178612238e-01 -7.407999525778484751e-01 1.454597678310829956e+01
3.791326422893189774e-01 3.622633727324824082e-02 5.191252398673394941e-01 9.368721439054406019e-01 8.082948262721073585e-01 1.640511233077934228e-01 -8.537116528137052018e-01 1.469883974169531804e+01
3.122490269563721332e-01 4.768395028479090192e-02 6.815745712133830514e-01 9.857315264328736504e-01 8.254354994399365486e-01 3.593861538243002252e-01 -9.647544706066901732e-01 1.472619085728374344e+01
3.408178692999087600e-01 4.186718452083730557e-02 5.503451036265051277e-01 1.037847542592095662e+00 8.139359212300503188e-01 4.345775982218247901e-01 -8.751881609873771728e-01 1.479861445574645273e+01
3.603422185028882785e-01 5.289092231092182295e-02 5.778800460606356992e-01 9.977412202404281061e-01 7.926604792317888393e-01 5.832728692260192860e-01 -7.805925175478212186e-01 1.464057725882667604e+01
4.125335856752539998e-01 5.472830169280142043e-02 5.230608447201002820e-01 1.028171469825311712e+00 8.352389307248844208e-01 6.743579690850038943e-01 -1.288690277887578395e+00 1.536144893018789581e+01
4.624834042784347066e-01 6.203856027105463661e-02 5.463788628442718398e-01 9.156665903774179327e-01 8.662042578214790289e-01 3.321569604627848116e-01 -1.116855752568588933e+00 1.554299429551898371e+01
2.252562308290980975e-01 3.974723279363575473e-02 8.575829749917104339e-01 1.044928714851284246e+00 8.566313707344481720e-01 7.231565375504994675e-02 -9.773051640436053455e-01 1.437623223462141731e+01
2.760583751029054289e-01 5.799332097708925077e-02 6.672532614913537774e-01 1.069267794822650774e+00 7.994312517230708348e-01 7.884721414747419832e-02 -8.210753231016333364e-01 1.461167531337267889e+01
3.718893900210623604e-01 5.750226591630169803e-02 6.652005997700938256e-01 9.381183508086859968e-01 7.861713216854449016e-01 8.319785480322975380e-01 -7.929588912418183977e-01 1.446750759720969093e+01
2.878267583256127748e-01 3.164379794107361615e-02 5.257723016196492738e-01 1.195263185068467848e+00 8.312725837336175649e-01 7.263006435906658176e-01 -1.263993069987547235e+00 1.479218693462684442e+01
2.846822444048812129e-01 3.906818419688963540e-02 7.154334778199552547e-01 9.978370208625467752e-01 7.875873169864051615e-01 6.434325548391663929e-01 -1.241240405795141388e+00 1.432033577591300677e+01
4.578131096228359453e-01 6.642905661322590083e-02 6.587885111832243457e-01 8.703894206195756933e-01 8.561773695348218194e-01 8.065147745444150029e-01 -9.725363706993868096e-01 1.543875159267170893e+01
3.988173253930309414e-01 4.670823413269695190e-02 7.178881625537379962e-01 8.177006407351680162e-01 8.708586240268096912e-01 1.634219266949244465e-01 -7.109797222598538413e-01 1.504245906092526930e+01
3.348830225669513494e-01 6.077938892595617648e-02 5.739718910544273633e-01 1.110630733378754176e+00 8.535532737672388848e-01 3.353448044276663431e-01 -9.671872691689538115e-01 1.490303745290276183e+01
3.853980926602867951e-01 3.552081456327724901e-02 7.059032331604244703e-01 8.095490776109242059e-01 8.736416299205028713e-01 3.470750480118649506e-01 -1.107009992108861196e+00 1.533643842154593173e+01
3.339357708937765179e-01 5.315050361344623997e-02 7.693930630451630837e-01 8.768725291477926786e-01 7.975424304132716635e-01 1.215058705796585037e-01 -1.183514511891965437e+00 1.487146707859857919e+01
3.282704247891052862e-01 6.904153990291789222e-02 6.222418486548482175e-01 1.087631390396588627e+00 8.071256371433630505e-01 4.912147791969185828e-01 -1.250473997665997317e+00 1.515317692208533984e+01
2.485757060982353162e-01 5.264732368065069834e-02 6.110971878750879327e-01 1.184592965946543064e+00 8.195809435437744206e-01 2.581053403025005410e-01 -1.039560178101222032e+00 1.474679583089479351e+01
2.436911086106645641e-01 4.845608372088298227e-02 7.320771874818297054e-01 1.132618586758148860e+00 8.501494145890473586e-01 2.072120241110906869e-01 -1.099098888148511755e+00 1.488508595269583346e+01
2.800817809079435561e-01 4.215037259481246856e-02 7.216449205362078789e-01 9.886316817235873966e-01 8.249949322379050987e-01 3.191521489549166701e-01 -1.276564951417312743e+00 1.504948212464315382e+01
3.435771988064377780e-01 6.522766834567972349e-02 8.509662281311070053e-01 8.806046302595372799e-01 7.781751577524340657e-01 7.860793474006735337e-01 -1.030287670444682391e+00 1.428398284793195216e+01
2.409753721620617739e-01 3.195833090600851134e-02 8.165001063327179676e-01 1.022113474452345683e+00 7.736307293578794653e-01 5.589298859896666416e-01 -1.134500307645091688e+00 1.405940645288914759e+01
2.977003109206383114e-01 4.366524479541803588e-02 7.506878110423280681e-01 9.640606552796728845e-01 7.719575732885849417e-01 6.233490798477395733e-01 -1.215701829680484014e+00 1.452046492399162148e+01
4.782342429293279240e-01 5.618488356299600195e-02 5.591980234744441391e-01 8.163972976505021739e-01 8.644186288988581213e-01 1.234003557840253062e-01 -8.420244939119888583e-01 1.521565292316190643e+01
3.922146932872254688e-01 4.727819947721251942e-02 5.101512493216523447e-01 1.018837242290079992e+00 8.314738349221904024e-01 3.059372990059596176e-01 -7.228189936472496635e-01 1.484393830096526123e+01
3.656294356779145049e-01 6.557858559865833992e-02 5.451905412966350228e-01 1.032985605124269624e+00 8.068089818227168752e-01 3.443313420914857481e-01 -1.086571801624635514e+00 1.489670352489984317e+01
2.286779143281499893e-01 4.479264389059064988e-02 7.106175013721053313e-01 1.111197996762573137e+00 7.915411248622448159e-01 9.238575269326787520e-02 -1.042750864743924755e+00 1.421868105868780141e+01
4.837792379334112658e-01 5.382593543264310026e-02 5.311455493255564653e-01 8.589068367536411008e-01 7.979585429791643536e-01 6.125793267428291111e-01 -8.916098106286065583e-01 1.494247620187108794e+01
3.520662703053584197e-01 3.023929181144360823e-02 6.165123759710399165e-01 9.387356782593703208e-01 8.113924669487171393e-01 8.380310657751574022e-01 -1.029032686606560887e+00 1.469395377413132486e+01
3.860348853019998083e-01 6.009805985090840852e-02 5.718667256917521202e-01 9.746483765723268355e-01 7.549149451047928450e-01 6.862466199325616412e-01 -7.631013875174920136e-01 1.429408919028114155e+01
3.653682634381131278e-01 6.527672017150171202e-02 8.636982552437992844e-01 8.075873374558925066e-01 7.902904472593472729e-01 5.331553405792079925e-01 -1.152625935657049183e+00 1.454939219218169555e+01
3.554166571797089391e-01 5.921893341342016753e-02 8.038289806157343786e-01 8.966676519855449889e-01 8.602157418856091198e-01 7.460756489681072967e-01 -9.131016806438865263e-01 1.514441824080646448e+01
4.274437363050183070e-01 6.428966287619675146e-02 6.304539330318028600e-01 8.578918393864457537e-01 7.941848537864117930e-01 7.582435795673381218e-01 -1.164745430751855215e+00 1.488532156427425690e+01
4.257285812815860826e-01 6.477243845794800059e-02 5.954741511959912303e-01 9.129580823961842562e-01 7.991754790689500343e-01 8.434443752535818462e-01 -1.286058288616252598e+00 1.509066520104591014e+01
4.103418923598682877e-01 5.027012877843803351e-02 6.592424900422717560e-01 9.356852082709233853e-01 8.826827206472140919e-01 8.967837083773690932e-01 -1.201725600942195271e+00 1.560381142902908280e+01
3.731426275911057244e-01 4.075129328307048465e-02 6.824570563815430813e-01 8.813954303060362871e-01 8.103086398617302955e-01 8.494009500109758193e-01 -8.426528724689010819e-01 1.462644519544874022e+01
2.800817809079435561e-01 4.215037259481246856e-02 7.216449205362078789e-01 9.886316817235873966e-01 8.249949322379050987e-01 3.191521489549166701e-01 -1.276564951417312743e+00 1.504948212464315382e+01
3.228882013060114797e-01 5.569990259719165282e-02 5.599934021668208084e-01 1.107805476935545874e+00 7.408919304702759057e-01 5.336162883010301394e-01 -1.218428748993654942e+00 1.418253303956322497e+01
3.899082101199022876e-01 5.391242167422943821e-02 6.066818682989657541e-01 9.749672518377671127e-01 8.063504363418583232e-01 9.653650961010301623e-01 -1.141131986705096413e+00 1.496123678099221621e+01
4.198077412035571276e-01 3.962658443884219811e-02 5.847525752054105741e-01 9.350304338604401577e-01 8.493820718981475171e-01 8.659754547360056787e-01 -1.043248154081914070e+00 1.527783317383246597e+01
4.461726555258088700e-01 5.408957069189399003e-02 5.245286878007415776e-01 9.188802765347825474e-01 8.531038082263995292e-01 2.143860969948030992e-01 -7.062721628559008868e-01 1.513727791715079363e+01
3.378672610601739512e-01 4.904542834718293026e-02 6.089171519698154400e-01 9.803363721025014632e-01 7.961548574460439731e-01 1.001315889890569411e-01 -1.067364763385765247e+00 1.454124107499829321e+01
3.028282399873013508e-01 3.855926396038683590e-02 8.345066021144879054e-01 8.500564913447989923e-01 8.257370882342834895e-01 4.195757739638517059e-02 -1.169824244784553269e+00 1.436238128333719999e+01
4.067845412365177493e-01 6.423114700618759443e-02 6.177627149703517340e-01 9.000983250606695574e-01 8.094603245492586474e-01 3.197675370393630034e-01 -9.450391407367191299e-01 1.484186420613355928e+01
3.091732957459449871e-01 6.710743494463364267e-02 7.933639721994774074e-01 1.002642707254623788e+00 7.796654543225015610e-01 8.252210668019295259e-01 -9.688643932423743887e-01 1.455900928209730161e+01
4.362818223091577963e-01 5.790539785962113550e-02 6.109402714708884741e-01 8.946765382777309705e-01 8.125062109676081112e-01 8.548065467201297896e-01 -1.068185394955530221e+00 1.520281709163404571e+01
4.137071362244615358e-01 4.458128248580187775e-02 5.671466648398032495e-01 8.675377111158835142e-01 8.168251945213449439e-01 1.845039425869615668e-01 -1.092043018631660090e+00 1.509581639192806257e+01
2.804926819953648676e-01 5.135246285493089841e-02 7.536237746967930917e-01 1.021848011896086206e+00 8.564604240629001275e-01 2.377615190199978690e-01 -9.736725631478972964e-01 1.488399861356919729e+01
2.878267583256127748e-01 3.164379794107361615e-02 5.257723016196492738e-01 1.195263185068467848e+00 8.312725837336175649e-01 7.263006435906658176e-01 -1.263993069987547235e+00 1.479218693462684442e+01
3.055764277100320170e-01 5.022995671373028242e-02 7.610464808062705755e-01 1.009366864870517855e+00 8.203243385013976319e-01 6.713788485889555790e-01 -1.019729403626578490e+00 1.504390717745107686e+01
2.814513421357690559e-01 4.343467945375324019e-02 8.657362982855201228e-01 9.167733482549355051e-01 8.450133436442481827e-01 1.368521034902782652e-01 -9.965073098313819155e-01 1.470307658475952550e+01
4.405214226466884764e-01 6.098187511530658855e-02 6.113418633019523929e-01 8.335091172481062793e-01 8.353009404970985763e-01 2.011465573951354835e-01 -9.285161237550851876e-01 1.497651313406614193e+01
3.665432286241796511e-01 6.444903065055587743e-02 6.670902318897690142e-01 1.007065415056039415e+00 8.347765307572369009e-01 7.945989971166171895e-01 -1.077374214371399130e+00 1.508892789508167809e+01
3.581702506764132821e-01 3.960614754763148310e-02 6.732919173553656433e-01 9.092825557183392693e-01 8.825770908845613771e-01 1.338415549969030338e-01 -1.153401370964299621e+00 1.526474117944416875e+01
3.274896782534912898e-01 3.366113626949927135e-02 5.506291336691823135e-01 1.114045554357615764e+00 8.545510960860707161e-01 7.076479909417554559e-01 -1.115927431047683438e+00 1.491924940067191940e+01
4.408735394954366171e-01 6.122588855780794481e-02 5.927449087876275335e-01 9.045425703629792480e-01 8.417403090240017649e-01 5.430915633125342756e-01 -8.373103921107249992e-01 1.518574458717253606e+01
3.518747537716789830e-01 6.664678281704419782e-02 6.415958243926380700e-01 1.042352712517867097e+00 7.894894317779637127e-01 8.814340621815954790e-01 -8.222477679450459487e-01 1.462914442969107043e+01
4.174223057961529149e-01 6.353046869394493590e-02 5.732330149589920376e-01 9.288915271374459381e-01 8.035035382451114483e-01 5.195792772288696515e-01 -7.927415281718825923e-01 1.472922472760303769e+01
2.923226935144082050e-01 3.457965727984256554e-02 6.795140999141076055e-01 1.045430818839312659e+00 7.859827018459354386e-01 1.140457339545609128e-01 -1.101422009428598026e+00 1.350839861748457693e+01
3.929715412709408051e-01 5.067058779336973406e-02 6.619233743832516614e-01 8.764001815018520603e-01 8.396553097701834334e-01 3.219631563901040328e-01 -8.419288296167507513e-01 1.500328212246540360e+01
3.346540716933257831e-01 5.108604990145432234e-02 7.405522172255281088e-01 9.407594288239222724e-01 8.173793505615786215e-01 7.989680848475360087e-01 -1.292122718236934809e+00 1.488430561473121827e+01
3.732435945561322077e-01 5.055435989528898888e-02 6.002491421953961570e-01 9.761920195895715802e-01 7.886411860873235868e-01 9.610448076577675636e-01 -1.218794918555903051e+00 1.478268044615799148e+01
4.512050418539821361e-01 3.587039226575145651e-02 5.458268307550419030e-01 9.263887113321426225e-01 8.730688594257618451e-01 9.070309043894642098e-01 -7.331224749596403356e-01 1.552147341710767847e+01
3.043671674032622509e-01 6.423634130810282339e-02 6.698158304053648537e-01 1.083816462836986405e+00 8.535957191492045126e-01 1.707175284830614315e-01 -1.021559705341078761e+00 1.497769338905054504e+01
3.988173253930309414e-01 4.670823413269695190e-02 7.178881625537379962e-01 8.177006407351680162e-01 8.708586240268096912e-01 1.634219266949244465e-01 -7.109797222598538413e-01 1.504245906092526930e+01
3.008966599811665477e-01 6.453301357081005218e-02 8.347171958772726663e-01 1.019872411104398413e+00 8.427648994273904126e-01 6.171850041233699624e-01 -1.064176525689543018e+00 1.501616206872970949e+01
4.104754122421393481e-01 5.441001066432228639e-02 6.075791498328070306e-01 9.453928910986723055e-01 8.228587624172822856e-01 8.591282133847197855e-01 -1.076155300828008254e+00 1.507517988424355515e+01
2.862194269325211149e-01 5.362724280154916590e-02 8.251408122734220640e-01 9.734999011602437635e-01 8.348371629162387730e-01 6.388900619971460415e-02 -1.052880625535639103e+00 1.476320548353276330e+01
3.164963789144126238e-01 6.088033512149938764e-02 6.368641215464367900e-01 1.044042309644149569e+00 7.968460789308592362e-01 3.065935685772316344e-01 -1.124760546784694837e+00 1.489967010692051730e+01
3.346540716933257831e-01 5.108604990145432234e-02 7.405522172255281088e-01 9.407594288239222724e-01 8.173793505615786215e-01 7.989680848475360087e-01 -1.292122718236934809e+00 1.488430561473121827e+01
3.842418580589993526e-01 6.557423629114152164e-02 8.026861278401306032e-01 8.258288089349076211e-01 8.536405813433582956e-01 6.001928801942982838e-01 -1.030894929406401594e+00 1.515269191852886799e+01
4.274437363050183070e-01 6.428966287619675146e-02 6.304539330318028600e-01 8.578918393864457537e-01 7.941848537864117930e-01 7.582435795673381218e-01 -1.164745430751855215e+00 1.488532156427425690e+01
3.558091243698279227e-01 6.033588396695338529e-02 5.469839973118781895e-01 1.078000143524941556e+00 7.457841886875692383e-01 8.508922467589776772e-01 -1.091687213488069297e+00 1.449681131907635212e+01
4.475099990408627493e-01 4.813855113459616919e-02 5.935070611187950318e-01 8.225986883036232600e-01 8.722675659970282602e-01 1.624385105489301040e-02 -1.033654945866811170e+00 1.530126253963257277e+01
3.775614677092510307e-01 5.610647859561881945e-02 5.213514060470556544e-01 1.061173335264318451e+00 7.390067781538305347e-01 9.788370284055026849e-01 -8.975885024752030539e-01 1.428692898335858530e+01
3.272331414939928518e-01 6.873693597001173661e-02 8.388559046386150353e-01 9.229273330459426550e-01 7.930389132448422140e-01 6.477908420257121325e-01 -1.054728635166088058e+00 1.474470769271182569e+01
3.269609445092636069e-01 6.871669094837018488e-02 8.826008798515549980e-01 9.262452157581694268e-01 8.463626674454850507e-01 4.869889019500793781e-01 -1.124971196462737577e+00 1.506439308541032140e+01
3.228882013060114797e-01 5.569990259719165282e-02 5.599934021668208084e-01 1.107805476935545874e+00 7.408919304702759057e-01 5.336162883010301394e-01 -1.218428748993654942e+00 1.418253303956322497e+01
3.428734448894730225e-01 4.779886483418729903e-02 5.446031703991057737e-01 1.151332591365628044e+00 8.225404253781390951e-01 8.926376177405778156e-01 -1.127516211247408418e+00 1.498724780594005068e+01
2.491482029719261915e-01 5.783262220176997592e-02 8.713131595179719469e-01 1.035792422448135408e+00 8.020440911270548812e-01 1.590438672106205265e-01 -1.226512629761028261e+00 1.491043251803893455e+01
3.134002246260252922e-01 5.841540471299660336e-02 7.077971716195405882e-01 9.714790482265168725e-01 7.816047843440222520e-01 3.226685129219482584e-01 -1.049265863268073140e+00 1.465684651713585396e+01
2.317398216812654732e-01 3.668728101808339109e-02 7.418537919812718817e-01 1.066181644349485591e+00 7.999660998537896361e-01 3.398334757213488655e-01 -1.093417760808358397e+00 1.441591747362661913e+01
3.169361168654146743e-01 6.357781666402954890e-02 6.377544122678644456e-01 1.074875978820571953e+00 8.398342322891505507e-01 1.645992686407328764e-01 -8.555773993991688808e-01 1.489545026828485774e+01
4.470332291861731644e-01 5.139894324745004905e-02 6.112143035310129147e-01 8.402048471962113574e-01 8.199638627266556679e-01 6.374924506410888370e-01 -9.385956851539498658e-01 1.490986621964681191e+01
3.929715412709408051e-01 5.067058779336973406e-02 6.619233743832516614e-01 8.764001815018520603e-01 8.396553097701834334e-01 3.219631563901040328e-01 -8.419288296167507513e-01 1.500328212246540360e+01
3.240413126511195729e-01 4.948149626265732626e-02 5.600627001496897295e-01 1.053217312482617407e+00 7.640810248529859017e-01 2.693884971166237152e-01 -8.943036910846018372e-01 1.423044058774210718e+01
3.287626977601972866e-01 3.739469085480273680e-02 5.063376779932595717e-01 1.130148608095957297e+00 7.862684690037445856e-01 8.059522499844828936e-01 -8.850860158789971566e-01 1.447330325975026177e+01
4.591483532819516933e-01 4.040355999830796963e-02 5.599707551348390711e-01 8.295634684727211106e-01 8.385592661883045640e-01 4.308068633092295707e-01 -8.112342846355991011e-01 1.492694222519772929e+01
3.269609445092636069e-01 6.871669094837018488e-02 8.826008798515549980e-01 9.262452157581694268e-01 8.463626674454850507e-01 4.869889019500793781e-01 -1.124971196462737577e+00 1.506439308541032140e+01
2.593473636801411075e-01 4.789346339399186414e-02 8.390217727586192220e-01 9.923859718712482181e-01 8.432719954162115616e-01 7.576316157109819205e-02 -1.237161614308940782e+00 1.495295238272099603e+01
3.508458956675548635e-01 6.309347644856877491e-02 6.711629509078794742e-01 9.818602711434754049e-01 7.947473660422363917e-01 7.114315104778741183e-01 -8.134157343826958764e-01 1.454687302984396879e+01
2.938578672320176222e-01 4.489066631949435032e-02 5.144963433472785619e-01 1.109408139876040700e+00 8.154326389396944208e-01 5.606918822676987268e-02 -9.910579828176845352e-01 1.431277359018396567e+01
3.010139534661366856e-01 6.312009844378224654e-02 7.946314537529803879e-01 1.003324383548237053e+00 7.476217855474004415e-01 5.522226220560002563e-01 -1.094805451186536827e+00 1.403019815902330514e+01
4.874118104993364620e-01 6.071944971014035103e-02 5.368312216632831202e-01 9.242131664877799579e-01 8.427219415737772223e-01 8.476148590624561496e-01 -7.869392453447848768e-01 1.513906716556987497e+01
3.471981937452465194e-01 6.248524798419997917e-02 5.712081842486846917e-01 1.039015739814928674e+00 7.477384016093781005e-01 4.263643824152658635e-01 -1.085602414418365136e+00 1.445069349224296928e+01
4.018307161264671468e-01 5.856712824811166618e-02 6.354976268591212563e-01 9.482325339707607936e-01 8.367139034197685898e-01 8.301330948260847720e-01 -8.434326168069519181e-01 1.493861715932755985e+01
2.531643293343500689e-01 4.632525389646044434e-02 5.275224025850721032e-01 1.196560091974464335e+00 8.414827653123232443e-01 2.119559252716646247e-02 -1.185886837922016213e+00 1.472688345823587852e+01
3.128680095793630045e-01 6.075120538494137301e-02 5.630447637605072719e-01 1.107763697132319480e+00 8.298209285119404477e-01 4.623406803403379284e-02 -7.469506729740562623e-01 1.455172720415504628e+01
4.026495705855399621e-01 3.583727510862688009e-02 5.272205551026108994e-01 9.193607581429237285e-01 8.208414545093741799e-01 3.271275194674506670e-01 -1.199593131273220425e+00 1.493752819764430839e+01
3.581702506764132821e-01 3.960614754763148310e-02 6.732919173553656433e-01 9.092825557183392693e-01 8.825770908845613771e-01 1.338415549969030338e-01 -1.153401370964299621e+00 1.526474117944416875e+01
3.741379425352941990e-01 6.571054804718613751e-02 6.420650026831775659e-01 9.843074745275823823e-01 7.285113202422629497e-01 8.343695561409952832e-01 -9.536126733735106331e-01 1.405158299388864407e+01
3.287626977601972866e-01 3.739469085480273680e-02 5.063376779932595717e-01 1.130148608095957297e+00 7.862684690037445856e-01 8.059522499844828936e-01 -8.850860158789971566e-01 1.447330325975026177e+01
3.859537144811330256e-01 6.861902007538418780e-02 7.087369109885491847e-01 8.922055738673753122e-01 7.834178242175572349e-01 8.119067734535192482e-01 -8.126150854640769028e-01 1.452335463221826650e+01
2.912180579515372125e-01 5.562468282531326386e-02 7.345713915057684451e-01 1.053234618014621482e+00 8.316271722258889998e-01 6.032719577578041781e-01 -1.054847638631469353e+00 1.492916786624957126e+01
3.471548368278111196e-01 6.100334469715240626e-02 8.992585989356560727e-01 8.188272684681203728e-01 7.840982967330487607e-01 9.471102138432387907e-01 -1.223746616363558637e+00 1.444859319127335340e+01
3.077890322749406993e-01 4.916786797230772443e-02 7.867826089086928931e-01 9.150450295573973047e-01 7.978779087589860097e-01 2.356897819556450502e-01 -9.860691954525884206e-01 1.443757059352291172e+01
4.617481945213054439e-01 6.990290987866268346e-02 6.246378570273042330e-01 8.557945894550683663e-01 8.422966832354435995e-01 6.567565868179905397e-01 -7.606234262006728031e-01 1.522079113012871332e+01
4.012381398794589993e-01 6.726976754610716758e-02 6.834295909451992834e-01 8.449390662045216382e-01 8.449289127934422883e-01 1.287625158000205161e-02 -9.930395598214957209e-01 1.537625421332877096e+01
4.029020740159577896e-01 4.969931052224933754e-02 5.291122808973419689e-01 1.038310935602558160e+00 8.434973584661153989e-01 6.892557771202703076e-01 -7.610446288476248045e-01 1.503592878565507007e+01
2.524270722165015135e-01 5.077254509522662052e-02 7.920614087771929990e-01 1.066603779369648342e+00 8.011707634473002049e-01 6.231596538847353761e-01 -8.961040676283122952e-01 1.455857604593871457e+01
2.730769476977075727e-01 3.540345547742296262e-02 7.815576534965700262e-01 9.297042984691944456e-01 8.381415992427769801e-01 1.299463134231921280e-01 -1.268793808135812551e+00 1.491173570528529524e+01
3.142486936651378571e-01 4.750199161908583156e-02 7.602976218891950300e-01 9.338942380734405191e-01 8.482346032748993014e-01 3.314548767506805271e-01 -9.005415686806865772e-01 1.494684895378643930e+01
3.354653628645887231e-01 5.471241706461681120e-02 7.415503512397541019e-01 9.067245919998332404e-01 8.203487574155468032e-01 3.725638121681844606e-01 -1.223702609749223846e+00 1.513486415800254825e+01
3.581702506764132821e-01 3.960614754763148310e-02 6.732919173553656433e-01 9.092825557183392693e-01 8.825770908845613771e-01 1.338415549969030338e-01 -1.153401370964299621e+00 1.526474117944416875e+01
4.362818223091577963e-01 5.790539785962113550e-02 6.109402714708884741e-01 8.946765382777309705e-01 8.125062109676081112e-01 8.548065467201297896e-01 -1.068185394955530221e+00 1.520281709163404571e+01
2.676724096521824192e-01 4.855193280493812907e-02 7.281570240127375193e-01 1.102593038779111190e+00 8.238906241972874245e-01 7.792439506454225118e-01 -1.079103750628651603e+00 1.476447349929727793e+01
3.178533650453109205e-01 5.482954304712128746e-02 7.694842833803271498e-01 9.570483170290285946e-01 7.633329303583897829e-01 8.737560793828954564e-01 -1.088128022322470301e+00 1.411753140922925098e+01
1.938009577805999417e-01 3.479234502603652246e-02 8.719475671289866892e-01 1.131780364966989971e+00 8.529740188738874629e-01 4.174773737680491092e-01 -1.247365398575547735e+00 1.457878013385901994e+01
3.275288015113807516e-01 5.968641217210456096e-02 8.674654070218534851e-01 8.740150442777926409e-01 8.082136183803995122e-01 5.982690047958879598e-01 -8.546247876678383371e-01 1.469592552488182591e+01
3.064927248003550542e-01 3.073064690078175509e-02 6.452544927236306682e-01 9.616994624771838529e-01 8.129923551022838479e-01 1.453990562420048871e-02 -1.194594177450511996e+00 1.453601209909859904e+01
2.025677884621628067e-01 4.154601530641238716e-02 8.557941791081176142e-01 1.128836707199779577e+00 8.221051175550743162e-01 5.669908848753564268e-01 -1.255084161519078867e+00 1.474607186710706586e+01
3.931243132333516188e-01 5.637558770194968372e-02 5.587792310969191822e-01 1.035667698219486121e+00 7.930176717604737746e-01 9.119511018303907424e-01 -9.945014665520972574e-01 1.485405017854799148e+01
3.488929095020352755e-01 6.092019838850014357e-02 6.473786277620970919e-01 1.044350748635233916e+00 8.711003298311169596e-01 2.120686565635793164e-01 -1.261330705530028240e+00 1.543778795880843902e+01
3.246967517177810070e-01 4.015281625026531631e-02 8.525370773626507193e-01 8.185562121950498149e-01 8.091320855957611080e-01 6.210145701541179841e-01 -1.146799488461931915e+00 1.466518552992028290e+01
3.954151467105101458e-01 3.012952090553460902e-02 5.401962130392655714e-01 9.008688364772600154e-01 8.348880699577371223e-01 2.709137523804142078e-01 -1.016794141363402959e+00 1.509082620039756151e+01
4.726678944002129512e-01 4.884096487127287389e-02 5.865798807611817267e-01 8.011037852950503302e-01 8.363345152183261355e-01 3.216660191524385315e-01 -7.575684313751278598e-01 1.486497166346879339e+01
3.275288015113807516e-01 5.968641217210456096e-02 8.674654070218534851e-01 8.740150442777926409e-01 8.082136183803995122e-01 5.982690047958879598e-01 -8.546247876678383371e-01 1.469592552488182591e+01
3.558091243698279227e-01 6.033588396695338529e-02 5.469839973118781895e-01 1.078000143524941556e+00 7.457841886875692383e-01 8.508922467589776772e-01 -1.091687213488069297e+00 1.449681131907635212e+01
3.042311211293018403e-01 4.092785373285275086e-02 6.092899911157649839e-01 1.062912251656791485e+00 7.556749405485465587e-01 1.862625265757639204e-01 -1.087137575307149495e+00 1.403171248937389848e+01
4.132089457012459999e-01 6.058432779348996156e-02 6.785418415010735504e-01 8.157045180641500082e-01 8.264226565569379179e-01 5.086214585513681996e-02 -8.118796131666221605e-01 1.470708719947584342e+01
3.859537144811330256e-01 6.861902007538418780e-02 7.087369109885491847e-01 8.922055738673753122e-01 7.834178242175572349e-01 8.119067734535192482e-01 -8.126150854640769028e-01 1.452335463221826650e+01
4.731255390425125329e-01 5.624113308134393724e-02 5.406251488560247509e-01 8.912196353780760250e-01 8.412258739329608881e-01 5.014877480960625578e-01 -7.432056086732470312e-01 1.508660335260083940e+01
2.760583751029054289e-01 5.799332097708925077e-02 6.672532614913537774e-01 1.069267794822650774e+00 7.994312517230708348e-01 7.884721414747419832e-02 -8.210753231016333364e-01 1.461167531337267889e+01
3.500377424037539598e-01 5.428345537800616238e-02 5.069646491267939536e-01 1.069151926547515341e+00 8.079071498663626949e-01 4.002006261898052863e-01 -7.009721320810642364e-01 1.448715748064166320e+01
2.804926819953648676e-01 5.135246285493089841e-02 7.536237746967930917e-01 1.021848011896086206e+00 8.564604240629001275e-01 2.377615190199978690e-01 -9.736725631478972964e-01 1.488399861356919729e+01
2.524430944948399813e-01 3.026496059787667572e-02 8.685201733411962444e-01 9.527916932512137116e-01 8.046163460180040250e-01 7.897903591056630868e-01 -1.076769216729421164e+00 1.447282397171022161e+01
2.767144501229151787e-01 5.138645737515053213e-02 5.051884735885171507e-01 1.168947032835444766e+00 7.759768282177161858e-01 1.219583249698537597e-01 -8.311332250685172784e-01 1.423536131744760347e+01
2.854087237717064518e-01 5.966547556891695775e-02 6.966832472015781486e-01 1.103681498510920012e+00 8.478818624767454626e-01 2.449177180134454734e-01 -1.022161014626355779e+00 1.488702188835281426e+01
2.957369561681598702e-01 5.201338360277976691e-02 7.381067300521199082e-01 1.004109275330690165e+00 7.688874893176375069e-01 6.169823864990833240e-01 -1.220063019793497849e+00 1.446775028220085346e+01
3.756677004190468461e-01 3.092970941808757812e-02 6.587578628767714051e-01 8.043890119997587629e-01 8.396010978577355122e-01 2.146630077566294981e-01 -1.077654843577970478e+00 1.504321460398105259e+01
4.860603955200191173e-01 3.120804484842654852e-02 5.000355046600174491e-01 8.413578075763562536e-01 8.390876213949880480e-01 3.641205189003634546e-01 -8.013041137650005474e-01 1.488698050472371293e+01
3.239954065514512038e-01 3.083414490687796938e-02 8.681020805856318745e-01 8.065476773885750239e-01 8.967112857819552474e-01 3.873867535702484322e-01 -1.105737504942133631e+00 1.523087085590436018e+01
3.238749999233182519e-01 6.554971665643173628e-02 6.522054476919056931e-01 1.050295933197630260e+00 7.593381402556619308e-01 8.549329014844563313e-01 -1.062516241708423070e+00 1.454540065546680339e+01
2.025677884621628067e-01 4.154601530641238716e-02 8.557941791081176142e-01 1.128836707199779577e+00 8.221051175550743162e-01 5.669908848753564268e-01 -1.255084161519078867e+00 1.474607186710706586e+01
4.366262314807947131e-01 6.125335156042095025e-02 5.758250552488219931e-01 9.528342781284916407e-01 8.405944991044933534e-01 6.751651469952235640e-01 -1.129025406181298541e+00 1.532897737810700889e+01
4.107389026238273955e-01 5.995645268823696084e-02 6.033756957598284121e-01 9.424944837881260584e-01 7.801195770216814429e-01 9.770736803429613815e-01 -1.214187444739630140e+00 1.503580884029365805e+01
3.164963789144126238e-01 6.088033512149938764e-02 6.368641215464367900e-01 1.044042309644149569e+00 7.968460789308592362e-01 3.065935685772316344e-01 -1.124760546784694837e+00 1.489967010692051730e+01
4.325778563584655734e-01 3.165497474594927696e-02 5.966893765144892781e-01 8.025672905649796629e-01 8.120899061830177956e-01 6.785057259303153288e-01 -9.524831554504782360e-01 1.500391038595522630e+01
2.567531214060285727e-01 4.912205207614151609e-02 7.575605767848414551e-01 1.061581549013195236e+00 7.978558790340426476e-01 3.756413659234106861e-01 -9.979418269691771037e-01 1.454511004070818458e+01
3.228882013060114797e-01 5.569990259719165282e-02 5.599934021668208084e-01 1.107805476935545874e+00 7.408919304702759057e-01 5.336162883010301394e-01 -1.218428748993654942e+00 1.418253303956322497e+01
4.732856378766391314e-01 6.290459761303682229e-02 5.070443634994593607e-01 9.330099351984830758e-01 8.410275121509636076e-01 4.110470387694360461e-01 -7.610364849587877289e-01 1.512297627990785998e+01
2.912180579515372125e-01 5.562468282531326386e-02 7.345713915057684451e-01 1.053234618014621482e+00 8.316271722258889998e-01 6.032719577578041781e-01 -1.054847638631469353e+00 1.492916786624957126e+01
3.028282399873013508e-01 3.855926396038683590e-02 8.345066021144879054e-01 8.500564913447989923e-01 8.257370882342834895e-01 4.195757739638517059e-02 -1.169824244784553269e+00 1.436238128333719999e+01
3.262508669762025360e-01 3.064981327692817281e-02 7.617831969959191207e-01 8.404764073996803253e-01 8.127661109550985419e-01 3.069090233212379282e-02 -1.284632352345438822e+00 1.423901595873499382e+01
3.769300152160411921e-01 6.785965453674130954e-02 7.559367627773518894e-01 8.676283007193126284e-01 7.699606731680718186e-01 1.199880989549262367e-02 -1.292885592839526643e+00 1.429575109011744516e+01
3.795437628892901483e-01 6.376950811774333150e-02 6.984320890671145143e-01 9.565353042946778128e-01 8.404458152233985624e-01 8.582256320458810928e-01 -1.096906855492403299e+00 1.524063035196648030e+01
3.128680095793630045e-01 6.075120538494137301e-02 5.630447637605072719e-01 1.107763697132319480e+00 8.298209285119404477e-01 4.623406803403379284e-02 -7.469506729740562623e-01 1.455172720415504628e+01
3.316674813638768038e-01 3.761915300078419455e-02 7.850798119245401274e-01 9.007125299851254097e-01 8.662489809626396919e-01 6.354443956831073992e-01 -9.978822899980659411e-01 1.512182102111700743e+01
2.952250456396575684e-01 3.347743373189985411e-02 5.827969770560079699e-01 1.174140562029818424e+00 7.429520671079952177e-01 8.814873411335915065e-01 -9.299094272149726059e-01 1.309928047531109208e+01
2.887423492936105340e-01 6.400497857270674718e-02 7.041918430113615068e-01 1.051181124122713584e+00 7.870831507915643233e-01 3.420206193595603517e-01 -1.096157541295525562e+00 1.472795959326697535e+01
3.316674813638768038e-01 3.761915300078419455e-02 7.850798119245401274e-01 9.007125299851254097e-01 8.662489809626396919e-01 6.354443956831073992e-01 -9.978822899980659411e-01 1.512182102111700743e+01
3.109827269868204458e-01 3.470254118916279995e-02 8.611582652660545456e-01 8.291266597289645990e-01 8.180489903780668870e-01 3.136734652574886262e-01 -1.294626895577787540e+00 1.387311568325398170e+01
2.025677884621628067e-01 4.154601530641238716e-02 8.557941791081176142e-01 1.128836707199779577e+00 8.221051175550743162e-01 5.669908848753564268e-01 -1.255084161519078867e+00 1.474607186710706586e+01
3.013587272584459242e-01 4.314688795200202071e-02 6.216756444995149566e-01 1.029681187874900150e+00 8.493374601630195864e-01 3.074022928994946113e-03 -1.097881656171288522e+00 1.507184843567304711e+01
4.438520591164270002e-01 6.320252848200896834e-02 6.357682214496216400e-01 8.330821585945841212e-01 8.134351396887452568e-01 6.198072395746357932e-01 -7.179759025190259880e-01 1.461944331978570411e+01
3.202119827026396193e-01 4.463739087269782968e-02 5.311351737055864941e-01 1.054947168706402705e+00 8.067779574605066228e-01 1.061502941177189241e-02 -1.038486254895068184e+00 1.481806884492751841e+01
3.437563549242122485e-01 6.134238562531368205e-02 7.560118927603259875e-01 9.703520046207969596e-01 8.273624507318926291e-01 8.810946570737401284e-01 -1.123787925090863116e+00 1.518081790407245002e+01
3.367733347443955805e-01 6.777336299421743426e-02 7.352990530171967798e-01 9.776998648399020109e-01 8.190699709060994538e-01 5.275499021890631690e-01 -1.252695157932447456e+00 1.520442592399121651e+01
2.491482029719261915e-01 5.783262220176997592e-02 8.713131595179719469e-01 1.035792422448135408e+00 8.020440911270548812e-01 1.590438672106205265e-01 -1.226512629761028261e+00 1.491043251803893455e+01
3.557238791138609413e-01 6.916449251563724920e-02 8.040817534629736141e-01 8.693891018574768648e-01 8.036160214497759524e-01 3.785571537485388216e-01 -9.183553598877163271e-01 1.441166049249534531e+01
4.325778563584655734e-01 3.165497474594927696e-02 5.966893765144892781e-01 8.025672905649796629e-01 8.120899061830177956e-01 6.785057259303153288e-01 -9.524831554504782360e-01 1.500391038595522630e+01
2.821866628539800304e-01 6.405354378162517182e-02 7.307298768269966383e-01 1.050749515852067884e+00 7.978244571331168933e-01 1.199355565776450971e-01 -1.245049345438721033e+00 1.481421196564308218e+01
3.991023281353796026e-01 6.092352898557244767e-02 6.540999244727753181e-01 8.588951347364893740e-01 8.482670167978082487e-01 7.181655726598801248e-02 -1.220477495856260086e+00 1.513210785444412920e+01
2.025677884621628067e-01 4.154601530641238716e-02 8.557941791081176142e-01 1.128836707199779577e+00 8.221051175550743162e-01 5.669908848753564268e-01 -1.255084161519078867e+00 1.474607186710706586e+01
3.105996511075810873e-01 5.194414625316118306e-02 8.043804184424845349e-01 8.866000450002150535e-01 8.009082183664082422e-01 6.772902169192274169e-02 -1.229678562680700082e+00 1.483596767238699066e+01
4.172121411012191805e-01 6.196799412521743905e-02 5.369440105974769839e-01 9.480312271406537983e-01 7.917495395945015613e-01 3.559088398400876985e-01 -8.957381766670380330e-01 1.472904833281241643e+01
3.057074798644846547e-01 3.102556269455689075e-02 6.270541425723530349e-01 1.057279790198935920e+00 7.781919222538415948e-01 6.553964900725036680e-01 -9.226731952041062890e-01 1.362892856907411598e+01
3.469284446874534855e-01 4.393060482899833336e-02 6.218487477278540343e-01 9.738411553539627619e-01 7.758227793685685825e-01 8.809351952031522215e-01 -1.016334771854566776e+00 1.450470390407087784e+01
2.891695625325984009e-01 5.237621558828271795e-02 8.091248494804443858e-01 1.010177006117717990e+00 8.349358379993242485e-01 8.003245708900665889e-01 -9.157756733159755358e-01 1.468336092189994346e+01
2.889234815345141927e-01 3.060736013147923040e-02 8.286101531801961517e-01 8.919501199042345618e-01 8.148191481866110530e-01 4.412316425577693102e-01 -1.233521918648707416e+00 1.442185777962933990e+01
2.878020789903987797e-01 5.874095958468955603e-02 7.325330683793361830e-01 1.014401675650061341e+00 7.924464549472035602e-01 1.202532708307954001e-01 -1.181045006469654046e+00 1.474599705292722618e+01
3.317410213614256920e-01 3.279292112912281232e-02 7.096465925543088415e-01 9.117333450937128436e-01 8.775139386887655935e-01 3.541956133397083928e-01 -9.202370992322161936e-01 1.485961764721147915e+01
2.950662623814506169e-01 6.906966900533498266e-02 6.722380985022774480e-01 1.187911782938108507e+00 8.147817987338167312e-01 8.068692898785512213e-01 -1.181177493139962786e+00 1.483134558814338533e+01
4.362818223091577963e-01 5.790539785962113550e-02 6.109402714708884741e-01 8.946765382777309705e-01 8.125062109676081112e-01 8.548065467201297896e-01 -1.068185394955530221e+00 1.520281709163404571e+01
3.571639372746212571e-01 3.100132694555603544e-02 6.738937264782194347e-01 8.919407786181612341e-01 8.648747843366035859e-01 5.202687768944987967e-01 -1.154805972379801426e+00 1.531907671810285620e+01
2.565934585093075371e-01 4.165366781191102985e-02 6.836043302996981375e-01 1.088891915507771202e+00 8.613850719997766525e-01 1.384393918284303471e-01 -1.236153870019598200e+00 1.505855056581378904e+01
3.548843077751292485e-01 3.122027759429843452e-02 6.344340528192833339e-01 9.024350165240768717e-01 8.587536804793333145e-01 2.010210021710426842e-01 -1.074056679523626379e+00 1.511385651189721635e+01
3.842418580589993526e-01 6.557423629114152164e-02 8.026861278401306032e-01 8.258288089349076211e-01 8.536405813433582956e-01 6.001928801942982838e-01 -1.030894929406401594e+00 1.515269191852886799e+01
4.285896850098327437e-01 6.710191380845351161e-02 7.276146258106439557e-01 8.347512040537451439e-01 8.244524235200991757e-01 9.674393303598259886e-01 -8.307651820973915857e-01 1.500926653679594303e+01
3.961105901242167882e-01 5.496509713160086658e-02 6.531045219066732299e-01 8.903286637023974937e-01 8.202035046350123482e-01 7.463879383064115913e-01 -9.916263828065949859e-01 1.486262891554507526e+01
3.387815712407230007e-01 5.483146987679902995e-02 6.982821389085833719e-01 9.416515698099965359e-01 8.385725150059164523e-01 2.431791910489097264e-01 -1.126858722890835107e+00 1.505250466988463920e+01
3.791326422893189774e-01 3.622633727324824082e-02 5.191252398673394941e-01 9.368721439054406019e-01 8.082948262721073585e-01 1.640511233077934228e-01 -8.537116528137052018e-01 1.469883974169531804e+01
3.461262385359371585e-01 3.650314864370670515e-02 6.738687976253191492e-01 9.651650076845930126e-01 8.654223996468791702e-01 6.979533195470962736e-01 -8.637835816757224450e-01 1.491554749573212924e+01
4.026495705855399621e-01 3.583727510862688009e-02 5.272205551026108994e-01 9.193607581429237285e-01 8.208414545093741799e-01 3.271275194674506670e-01 -1.199593131273220425e+00 1.493752819764430839e+01
3.420329772953147884e-01 6.625378451732658047e-02 5.338599111875249603e-01 1.083686680716021256e+00 7.374760849980802613e-01 5.749315838304134285e-01 -1.027433334086878647e+00 1.449080542708052555e+01
3.083624698266440589e-01 5.844329140059713323e-02 8.149038912802473167e-01 9.337516208317718780e-01 7.941153231274790114e-01 6.664171044030096080e-01 -1.035584697503654450e+00 1.457054650279781072e+01
3.219705389845274324e-01 3.039125480440761640e-02 6.900311863953814129e-01 9.224376735863831778e-01 8.167245268137559577e-01 6.546370624398820670e-01 -1.026436137222347389e+00 1.463968427168386377e+01
2.846469965751091680e-01 5.981941721859589112e-02 6.339266364936811948e-01 1.141417638291978731e+00 8.455569500415921480e-01 1.985189764819541014e-01 -1.081665767212404150e+00 1.492470389503163197e+01
3.299882403935113784e-01 6.295818005329723022e-02 7.615847820366143939e-01 9.553815425646698944e-01 8.646750287314322048e-01 3.033213558474845417e-02 -7.981307380105339133e-01 1.486353228734170528e+01
3.539797734379606098e-01 6.800655642585280714e-02 5.592221608295595559e-01 1.094644702366349698e+00 7.638752223634824867e-01 8.530045489067804576e-01 -9.040243835902146419e-01 1.448245190219888912e+01
3.134002246260252922e-01 5.841540471299660336e-02 7.077971716195405882e-01 9.714790482265168725e-01 7.816047843440222520e-01 3.226685129219482584e-01 -1.049265863268073140e+00 1.465684651713585396e+01
3.530505835904710343e-01 6.800654448040210909e-02 6.544948692448999683e-01 9.921406965475784157e-01 8.074889915832751397e-01 5.782828005498088508e-01 -1.043029668573514313e+00 1.477729881541385915e+01
4.124008321378935804e-01 5.847480456158847539e-02 6.892464726613594106e-01 8.051511421095420840e-01 8.193754603431194772e-01 3.923400219454445947e-01 -8.838285501095071162e-01 1.450421940520303998e+01
4.002982190903263682e-01 3.833142774075733172e-02 6.812963598627441719e-01 8.178377361919347832e-01 9.103858578517365352e-01 2.631654496170647839e-01 -1.143153546616098248e+00 1.550360523823514569e+01
2.883047116667845078e-01 6.638341152870480544e-02 7.562934418087037258e-01 1.090603620139029450e+00 8.137706785542333510e-01 5.921937972455483257e-01 -8.338580074809825993e-01 1.480620245762608533e+01
4.995035083530326991e-01 5.156786612920681578e-02 6.101157282991012121e-01 8.160727027978099679e-01 8.849781069486608587e-01 9.170740346006710508e-01 -1.211057604399494947e+00 1.597577110297830849e+01
2.260555447569074783e-01 5.803969319119709619e-02 8.657566394883047245e-01 1.125658073674362658e+00 8.067529159754406320e-01 6.388858925763163388e-01 -1.090554775246364905e+00 1.458741950356133366e+01
2.286779143281499893e-01 4.479264389059064988e-02 7.106175013721053313e-01 1.111197996762573137e+00 7.915411248622448159e-01 9.238575269326787520e-02 -1.042750864743924755e+00 1.421868105868780141e+01
3.094794529971837127e-01 6.176389827411128686e-02 7.506429903988807162e-01 9.715563884838547271e-01 7.704914335036336936e-01 2.256841993116746048e-01 -1.173848471871311361e+00 1.452230022035451462e+01
3.412520801716668051e-01 5.896705983001920837e-02 6.624432236094192072e-01 1.067524973448835013e+00 8.580304559663141095e-01 7.744269643762000666e-01 -9.586460630495735602e-01 1.508593601723368138e+01
3.898529138544287731e-01 4.548599630064158877e-02 5.379485790740053952e-01 1.052317271074903360e+00 8.250230819744239774e-01 9.479124151352256167e-01 -1.279040208609595108e+00 1.520177923422867039e+01
2.973734676018913170e-01 4.372176148470902080e-02 8.451410067831508499e-01 8.852782241179446565e-01 7.934744835143434649e-01 5.836725676090837034e-03 -1.274212521236397944e+00 1.422070916664186413e+01
3.319713600691030497e-01 3.767659583171367038e-02 8.945562564168683117e-01 8.134141363333995400e-01 8.789696213743022346e-01 8.263755226535507425e-01 -1.033304201033829361e+00 1.523674791049636212e+01
3.148011550904683542e-01 4.885549356332602455e-02 8.481077806253866092e-01 8.625048500954349828e-01 8.336193338295704303e-01 3.905354845962940580e-01 -9.768184146984166816e-01 1.465117775269208167e+01
3.926584356184172897e-01 3.276088679029925954e-02 5.025035933944805855e-01 9.391150247385843253e-01 8.570169877319718799e-01 1.836420521382370330e-02 -9.274015782493871818e-01 1.523378345354933749e+01
3.363885123986843917e-01 6.535942595836197189e-02 8.077917509826466613e-01 9.220761249959642525e-01 8.622662237948028885e-01 8.642334056210543292e-02 -1.034603029626789183e+00 1.504460016738732264e+01
2.600104985371282096e-01 3.458831286256876247e-02 8.539102710093998683e-01 9.560199999669206639e-01 8.137020097946046082e-01 5.417936295714700368e-01 -1.248064029389568175e+00 1.483368800017983702e+01
3.031265702928374606e-01 5.932443368219483815e-02 5.788053666582956280e-01 1.075599596790606238e+00 7.701514597094244463e-01 4.765810596062225457e-02 -1.077097077757453780e+00 1.453874005307095096e+01
3.757472503852929968e-01 5.618062245283984846e-02 7.598866665192828274e-01 8.978172516793639923e-01 8.432389588741302511e-01 9.016080437447839824e-01 -1.014140700185709676e+00 1.516913604182996345e+01
3.650494735651862444e-01 5.471871236432843122e-02 7.743179366890308168e-01 8.292058371607602396e-01 7.929392095870725354e-01 9.744987006241045968e-03 -1.212695401247411597e+00 1.406977472091538672e+01
4.371469115483415102e-01 5.139572529278181590e-02 5.497176817853940411e-01 8.717181508574602944e-01 8.076204633377576103e-01 2.925249810314424215e-01 -1.119534881891655509e+00 1.476577472626091136e+01
2.997629752855625052e-01 4.019511669126305670e-02 6.446904526217795972e-01 9.957902276097612138e-01 8.215148130992351305e-01 2.934192965402999120e-01 -1.219126247805251362e+00 1.482273575002772681e+01
4.137129055816888279e-01 6.983688775636548440e-02 6.134173949158250316e-01 9.048408693841047956e-01 7.915400691567073821e-01 5.388958547212037153e-01 -9.304588687195111119e-01 1.474713244200883899e+01
3.512199850253250322e-01 6.993645150037661185e-02 6.374786660070016486e-01 1.008836987004383401e+00 8.062077563387263224e-01 3.421235252515436587e-01 -8.239464796342421682e-01 1.470910212458644040e+01
3.160268136719737164e-01 6.501078621113484668e-02 8.252093716227864029e-01 9.442938704488647028e-01 7.704546657682289634e-01 8.743918167998652180e-01 -1.128276907389551553e+00 1.427628589859037689e+01
4.668930311823125123e-01 4.754486797085749616e-02 5.250993538140753536e-01 9.600472530512947911e-01 8.719241476852658268e-01 8.114341311282585734e-01 -1.128361196859323234e+00 1.566056808960681934e+01
2.758257162933092088e-01 4.029645389302587838e-02 8.915761576317752235e-01 9.517138628377994625e-01 8.463532432785908499e-01 7.878417301002020867e-01 -1.287391422645972394e+00 1.501568920681335406e+01
2.578678812935909503e-01 3.651946608453172233e-02 6.813928943381999392e-01 1.095688375485020849e+00 7.637707533732296383e-01 6.153851528267414439e-01 -1.098502383373769486e+00 1.415377349918875893e+01
3.380885687199222112e-01 6.400144133913848732e-02 6.961685700318346326e-01 1.018213543173926761e+00 7.361503070583790276e-01 6.482832504681868002e-01 -1.241361822973606532e+00 1.379692424685462271e+01
4.544413594446534699e-01 5.979194194752532332e-02 5.088561495689196690e-01 9.538273072525560448e-01 7.737121095295509399e-01 8.624031950178612238e-01 -7.407999525778484751e-01 1.454597678310829956e+01
3.142486936651378571e-01 4.750199161908583156e-02 7.602976218891950300e-01 9.338942380734405191e-01 8.482346032748993014e-01 3.314548767506805271e-01 -9.005415686806865772e-01 1.494684895378643930e+01
4.655411751831118883e-01 6.666021845566852400e-02 5.855107130944551264e-01 8.362546853277221803e-01 8.342948931952566261e-01 1.450251876527453021e-01 -7.534952516301648417e-01 1.492604863620943334e+01
2.187573460204350895e-01 4.792767675542405209e-02 8.698472254175946272e-01 1.113618096723646422e+00 8.065498352912173763e-01 8.519246377820619553e-01 -1.180575729026495546e+00 1.456139859604036246e+01
3.516447579678526614e-01 6.724796262512837408e-02 6.266595170432825990e-01 9.885815209583823648e-01 7.770014950318943070e-01 3.523321943411002466e-01 -8.214938387273137410e-01 1.439074666820613402e+01
3.484382903786885088e-01 4.126907606412012069e-02 5.622190067728348728e-01 9.841987526565766364e-01 8.243219461510588042e-01 2.140231821034948578e-01 -8.682143012160243867e-01 1.471160148430153392e+01
3.478140680575970145e-01 6.704659180660085815e-02 6.026070286795237596e-01 9.892222132409709268e-01 8.047268918565174678e-01 1.292208534132277542e-02 -1.042485925793862789e+00 1.455290890424703321e+01
3.111587708179256451e-01 3.146726604417224987e-02 8.235175631959454901e-01 8.101296393747545732e-01 8.514083490834805090e-01 6.118179313209459735e-03 -1.214375803594547776e+00 1.516642521969700574e+01
3.267335492352871906e-01 4.139475496199356008e-02 7.842219169629928155e-01 8.981074094233532090e-01 7.987405497656213660e-01 9.239852224419322635e-01 -9.969590711593597776e-01 1.441939761642944440e+01
2.734016731435301439e-01 6.045246129967264681e-02 8.299923084817393271e-01 1.024254802034035183e+00 7.910163592917791586e-01 8.021598576852024820e-01 -1.269125624694630305e+00 1.474320733174386788e+01
3.200631954068501317e-01 3.340862217503254988e-02 7.644250349503551867e-01 8.950096417683875982e-01 8.333320641390098427e-01 8.518450856925464665e-01 -8.912240447725410242e-01 1.461540435805927807e+01
2.714290112790976872e-01 4.556337840250519050e-02 5.675488554273410147e-01 1.100272890711653018e+00 7.987959683519879617e-01 2.324795323738707009e-01 -1.159219247745651771e+00 1.433215973824337119e+01
4.362818223091577963e-01 5.790539785962113550e-02 6.109402714708884741e-01 8.946765382777309705e-01 8.125062109676081112e-01 8.548065467201297896e-01 -1.068185394955530221e+00 1.520281709163404571e+01
2.579840996440707634e-01 5.254471451892557543e-02 6.126655525772741751e-01 1.139948381209561656e+00 7.847917633499577050e-01 1.463664965261157191e-01 -1.048702054259438743e+00 1.454488939511301915e+01
3.279004410114359502e-01 4.028651183049617585e-02 5.863361894662572071e-01 1.104403323300259476e+00 8.336668304015832920e-01 8.203141697905408369e-01 -1.129599121099164272e+00 1.509920580627329123e+01
3.319713600691030497e-01 3.767659583171367038e-02 8.945562564168683117e-01 8.134141363333995400e-01 8.789696213743022346e-01 8.263755226535507425e-01 -1.033304201033829361e+00 1.523674791049636212e+01
4.817876321939152939e-01 4.538460121051295093e-02 5.337212379291714770e-01 8.156341805111956278e-01 8.396608944489444282e-01 4.269134894128919222e-01 -9.901778081219503314e-01 1.510199426262323641e+01
2.236085643085919950e-01 6.266826262869379383e-02 7.880101499646534613e-01 1.192361601945174376e+00 7.684164790194093486e-01 5.063041830723256087e-01 -1.268952484414557214e+00 1.480433087726348873e+01
3.225473005580106189e-01 5.660109200521558359e-02 7.889492561180514452e-01 9.213272619460214363e-01 8.214482995624883266e-01 3.275534632442212990e-01 -8.867539586078339031e-01 1.475710783005308713e+01
2.168661696097469727e-01 4.091886200827558884e-02 8.619995521376615510e-01 1.070677296220764463e+00 8.341496041289787611e-01 1.453913191579596087e-01 -1.182928983155938640e+00 1.464015278484701810e+01
3.037469931148809588e-01 4.778517205605184448e-02 6.320471731544275995e-01 1.032192912063478296e+00 8.322740434072302129e-01 3.276554775288540999e-01 -1.097784913444062038e+00 1.493101426936987686e+01
3.554166571797089391e-01 5.921893341342016753e-02 8.038289806157343786e-01 8.966676519855449889e-01 8.602157418856091198e-01 7.460756489681072967e-01 -9.131016806438865263e-01 1.514441824080646448e+01
3.034641119972918966e-01 4.706964486785346347e-02 7.759333048731109628e-01 9.736756270090001220e-01 7.820441721770560184e-01 9.798992167758526772e-01 -1.271260019418414045e+00 1.458713942951642117e+01
4.278503928634278530e-01 5.972258676116780352e-02 6.756325777099099206e-01 8.530507439838499462e-01 8.463671473064922068e-01 5.840281444870636385e-01 -8.050842149305216244e-01 1.498556156974104603e+01
3.848430195504956020e-01 5.753147703192248996e-02 5.710153927016344833e-01 1.054934264059373739e+00 8.037056645676331490e-01 9.386200613645923063e-01 -9.571766070102354362e-01 1.498645114347016083e+01
3.114387065249034636e-01 3.688407473102147532e-02 5.753986806753544903e-01 1.132459997843080712e+00 8.117861862670130435e-01 9.018066294177369269e-01 -1.018167487705144980e+00 1.468720686057171854e+01
2.920953014414052196e-01 5.557732472941923074e-02 8.705398973456915934e-01 9.460334687692477651e-01 7.939132659479199994e-01 6.183615613585085047e-01 -1.120195233067051710e+00 1.481413616011538004e+01
4.002982190903263682e-01 3.833142774075733172e-02 6.812963598627441719e-01 8.178377361919347832e-01 9.103858578517365352e-01 2.631654496170647839e-01 -1.143153546616098248e+00 1.550360523823514569e+01
2.643621635769060063e-01 5.536730576931503389e-02 7.338580961267010538e-01 1.112813600334913167e+00 8.541507622675892364e-01 2.619713230354694944e-01 -1.204748499429532993e+00 1.490925777277779218e+01
3.112880923213832696e-01 3.796326279322906339e-02 6.876596282623972378e-01 1.005446144307863721e+00 8.040096504267453259e-01 8.960492096272659746e-01 -9.573392054359020076e-01 1.448418759204793638e+01
3.400030427316237391e-01 5.623764866140368995e-02 6.992403713652713959e-01 9.002103149557321160e-01 8.199410891574017146e-01 1.634131958200875645e-01 -1.172130742272581960e+00 1.486510367334990512e+01
2.973734676018913170e-01 4.372176148470902080e-02 8.451410067831508499e-01 8.852782241179446565e-01 7.934744835143434649e-01 5.836725676090837034e-03 -1.274212521236397944e+00 1.422070916664186413e+01
2.286779143281499893e-01 4.479264389059064988e-02 7.106175013721053313e-01 1.111197996762573137e+00 7.915411248622448159e-01 9.238575269326787520e-02 -1.042750864743924755e+00 1.421868105868780141e+01
3.905476748552387800e-01 3.538577865884829504e-02 5.738427168904700615e-01 9.274172327367029567e-01 8.501327177188714446e-01 3.509051437382837424e-01 -1.114881254682434930e+00 1.525362142513248465e+01
4.860603955200191173e-01 3.120804484842654852e-02 5.000355046600174491e-01 8.413578075763562536e-01 8.390876213949880480e-01 3.641205189003634546e-01 -8.013041137650005474e-01 1.488698050472371293e+01
4.362818223091577963e-01 5.790539785962113550e-02 6.109402714708884741e-01 8.946765382777309705e-01 8.125062109676081112e-01 8.548065467201297896e-01 -1.068185394955530221e+00 1.520281709163404571e+01
2.728798054911861781e-01 6.940118220958149675e-02 7.879232459761245089e-01 1.100605105863369237e+00 8.030969024221440433e-01 5.647564817025377826e-01 -9.902159347498971087e-01 1.468127334607855516e+01
4.026495705855399621e-01 3.583727510862688009e-02 5.272205551026108994e-01 9.193607581429237285e-01 8.208414545093741799e-01 3.271275194674506670e-01 -1.199593131273220425e+00 1.493752819764430839e+01
3.274896782534912898e-01 3.366113626949927135e-02 5.506291336691823135e-01 1.114045554357615764e+00 8.545510960860707161e-01 7.076479909417554559e-01 -1.115927431047683438e+00 1.491924940067191940e+01
3.382105014677217469e-01 3.468115861022413177e-02 5.192539048325133244e-01 1.111290691061771474e+00 8.712438037743399644e-01 3.857972407163080542e-01 -1.101709884217184410e+00 1.511744360248076191e+01
3.197717572099079142e-01 5.931221837771584460e-02 5.602295078087671243e-01 1.166445698586846325e+00 8.320894975944360672e-01 5.119004698447134905e-01 -7.254167929914500101e-01 1.474882357353143902e+01
2.567531214060285727e-01 4.912205207614151609e-02 7.575605767848414551e-01 1.061581549013195236e+00 7.978558790340426476e-01 3.756413659234106861e-01 -9.979418269691771037e-01 1.454511004070818458e+01
3.212529954145827427e-01 3.711773335629070525e-02 5.261315150241202554e-01 1.071786841210893293e+00 8.131584016482090727e-01 3.012590385773438184e-01 -1.158314534854036015e+00 1.506672224428595186e+01
4.782342429293279240e-01 5.618488356299600195e-02 5.591980234744441391e-01 8.163972976505021739e-01 8.644186288988581213e-01 1.234003557840253062e-01 -8.420244939119888583e-01 1.521565292316190643e+01
3.138817748677401598e-01 4.060139808353055435e-02 7.232680404220670489e-01 1.016626000862046464e+00 8.396050874014446830e-01 8.744209920861649721e-01 -8.408393329690400098e-01 1.461552468170159358e+01
3.031265702928374606e-01 5.932443368219483815e-02 5.788053666582956280e-01 1.075599596790606238e+00 7.701514597094244463e-01 4.765810596062225457e-02 -1.077097077757453780e+00 1.453874005307095096e+01
3.335302101709019529e-01 5.786283211778739388e-02 5.748592442101823075e-01 1.127511357272084513e+00 8.149531618028538205e-01 7.571893124337490955e-01 -1.057228648985215624e+00 1.492721664091456546e+01
3.965279430787086445e-01 5.622084090604473339e-02 7.609329130934496810e-01 8.304451918665574084e-01 8.691188657032695719e-01 7.949918942930438437e-01 -8.796449469755533990e-01 1.526192441946711575e+01
2.395779829950843431e-01 4.972455942575014498e-02 8.712650077041941277e-01 1.076633184718143177e+00 8.366701462326285865e-01 5.553226870494647471e-01 -1.191628480650975153e+00 1.484443514585078461e+01
4.532200407778045337e-01 6.253308671710300359e-02 5.055528419029984288e-01 9.090231756794020512e-01 8.204132211079293580e-01 1.748414835168565773e-01 -1.247614471111719636e+00 1.506599507468180477e+01
3.211273699109841173e-01 4.429154376770631091e-02 8.303002867273483467e-01 8.380986412463994339e-01 8.583069094674157240e-01 1.480444026515626010e-02 -1.133235341985612044e+00 1.508389242125003982e+01
4.085280694908647314e-01 3.009358685298118771e-02 6.351052654858122537e-01 8.510759732915478271e-01 8.726749907973840870e-01 6.129216445305976091e-01 -9.144596535961062589e-01 1.507009981604270088e+01
4.172121411012191805e-01 6.196799412521743905e-02 5.369440105974769839e-01 9.480312271406537983e-01 7.917495395945015613e-01 3.559088398400876985e-01 -8.957381766670380330e-01 1.472904833281241643e+01
3.954151467105101458e-01 3.012952090553460902e-02 5.401962130392655714e-01 9.008688364772600154e-01 8.348880699577371223e-01 2.709137523804142078e-01 -1.016794141363402959e+00 1.509082620039756151e+01
3.275288015113807516e-01 5.968641217210456096e-02 8.674654070218534851e-01 8.740150442777926409e-01 8.082136183803995122e-01 5.982690047958879598e-01 -8.546247876678383371e-01 1.469592552488182591e+01
3.206366456610512672e-01 4.960525537214238723e-02 6.439622539558387260e-01 1.062734392639575365e+00 7.475697260290274926e-01 8.730097692721529024e-01 -1.010959675129364133e+00 1.367747143906693807e+01
3.518747537716789830e-01 6.664678281704419782e-02 6.415958243926380700e-01 1.042352712517867097e+00 7.894894317779637127e-01 8.814340621815954790e-01 -8.222477679450459487e-01 1.462914442969107043e+01
2.854163970199395939e-01 4.650159601273470139e-02 6.036657809689244258e-01 1.067785560054460792e+00 8.052255361422242519e-01 2.028427982602303281e-01 -8.419100009347635361e-01 1.462959275421264138e+01
2.844211594175738989e-01 5.287958709428469684e-02 8.848778459898796189e-01 9.060648396467384513e-01 8.218404332262913004e-01 8.657837299728865510e-02 -1.243795781659577049e+00 1.483355965929137277e+01
3.548843077751292485e-01 3.122027759429843452e-02 6.344340528192833339e-01 9.024350165240768717e-01 8.587536804793333145e-01 2.010210021710426842e-01 -1.074056679523626379e+00 1.511385651189721635e+01
3.184620275679329038e-01 6.205896240384725648e-02 7.634157321528569629e-01 9.364870995353385963e-01 7.829719690183611913e-01 1.564836696559807061e-01 -1.188954992735459681e+00 1.455614106698432586e+01
2.906553370363839095e-01 3.121283689382391840e-02 5.904033670899041519e-01 1.055908502228404267e+00 8.421951507910340196e-01 3.080021968942303068e-01 -1.165557080227888731e+00 1.474372256487690969e+01
3.287721848478057929e-01 5.945903624824688816e-02 7.018329241225638171e-01 9.907282854133377947e-01 7.487695372957650086e-01 7.458567585540453182e-01 -1.195369438400117224e+00 1.436587928020588656e+01
3.380885687199222112e-01 6.400144133913848732e-02 6.961685700318346326e-01 1.018213543173926761e+00 7.361503070583790276e-01 6.482832504681868002e-01 -1.241361822973606532e+00 1.379692424685462271e+01
3.603672114558305051e-01 5.587948444486456889e-02 5.698703481081671685e-01 1.048770913427288898e+00 8.324753539645941558e-01 4.721646861433602682e-01 -1.095756390646482004e+00 1.517230067688135087e+01
2.800817809079435561e-01 4.215037259481246856e-02 7.216449205362078789e-01 9.886316817235873966e-01 8.249949322379050987e-01 3.191521489549166701e-01 -1.276564951417312743e+00 1.504948212464315382e+01
2.640610596123277309e-01 3.293976878192021035e-02 7.815702675419149426e-01 1.012884626888822304e+00 8.461284085342589689e-01 6.931303522953899954e-01 -1.257604169580990083e+00 1.504682634995137569e+01
2.424633139382212921e-01 3.662080976799648308e-02 6.092253706676976632e-01 1.194451179282713937e+00 8.383543167018612241e-01 5.095852729079267673e-01 -1.139910836124782945e+00 1.477641707766906620e+01
2.889234815345141927e-01 3.060736013147923040e-02 8.286101531801961517e-01 8.919501199042345618e-01 8.148191481866110530e-01 4.412316425577693102e-01 -1.233521918648707416e+00 1.442185777962933990e+01
2.539067235698414526e-01 3.101391265018434151e-02 8.844321778995469785e-01 9.281015853208983701e-01 8.784682636385880983e-01 2.022094790247086493e-02 -1.146292416390399360e+00 1.500906638548031857e+01
2.643621635769060063e-01 5.536730576931503389e-02 7.338580961267010538e-01 1.112813600334913167e+00 8.541507622675892364e-01 2.619713230354694944e-01 -1.204748499429532993e+00 1.490925777277779218e+01
2.579528324870496436e-01 5.526166812226079167e-02 7.135005099720130861e-01 1.096090465376344580e+00 8.074828237297386746e-01 2.312568297067298384e-01 -1.109670357630240023e+00 1.474201054459734728e+01
3.416011417452523569e-01 4.236222659742735347e-02 7.753370174695326522e-01 8.198356355010490981e-01 8.388684320890874568e-01 1.551270930125394631e-01 -1.190101459725627864e+00 1.500283296507065600e+01
4.299665409583059983e-01 5.337796735355168631e-02 5.342931222607965047e-01 9.843569739566246923e-01 8.546709399282415021e-01 5.682185951481472097e-01 -9.302973991012689625e-01 1.543514315962342920e+01
4.132089457012459999e-01 6.058432779348996156e-02 6.785418415010735504e-01 8.157045180641500082e-01 8.264226565569379179e-01 5.086214585513681996e-02 -8.118796131666221605e-01 1.470708719947584342e+01
2.997629752855625052e-01 4.019511669126305670e-02 6.446904526217795972e-01 9.957902276097612138e-01 8.215148130992351305e-01 2.934192965402999120e-01 -1.219126247805251362e+00 1.482273575002772681e+01
3.042311211293018403e-01 4.092785373285275086e-02 6.092899911157649839e-01 1.062912251656791485e+00 7.556749405485465587e-01 1.862625265757639204e-01 -1.087137575307149495e+00 1.403171248937389848e+01
2.864011065231563125e-01 3.262274607798960890e-02 7.758746242924416947e-01 9.291248095183913813e-01 8.771216803972503584e-01 2.177375512497860544e-01 -1.023012414602180176e+00 1.487688182811704429e+01
3.313678078699289209e-01 6.171105513135023701e-02 7.476196824053189527e-01 9.326462693234387480e-01 8.299732513314886928e-01 2.367175256300896313e-02 -8.200988404312319346e-01 1.491842264047330779e+01
3.110787167358711192e-01 3.804821922996948907e-02 6.930573352321679481e-01 1.009805037436715347e+00 8.266201943385773632e-01 8.113527073556456859e-01 -1.084772637586585375e+00 1.490169133079469965e+01
2.730769476977075727e-01 3.540345547742296262e-02 7.815576534965700262e-01 9.297042984691944456e-01 8.381415992427769801e-01 1.299463134231921280e-01 -1.268793808135812551e+00 1.491173570528529524e+01
3.142486936651378571e-01 4.750199161908583156e-02 7.602976218891950300e-01 9.338942380734405191e-01 8.482346032748993014e-01 3.314548767506805271e-01 -9.005415686806865772e-01 1.494684895378643930e+01
2.782375847651412659e-01 3.417076917627213939e-02 8.849601301599887559e-01 9.216465883887832167e-01 7.875864550883324711e-01 6.653300790762368688e-01 -1.244524152055357824e+00 1.393959079336757867e+01
2.864011065231563125e-01 3.262274607798960890e-02 7.758746242924416947e-01 9.291248095183913813e-01 8.771216803972503584e-01 2.177375512497860544e-01 -1.023012414602180176e+00 1.487688182811704429e+01
3.457973902594458360e-01 3.317797562878360002e-02 5.411534168071390205e-01 1.043801299126950966e+00 8.746186116256216003e-01 1.388563407819486395e-01 -1.018127449235963322e+00 1.507548838922788725e+01
3.315509644202122019e-01 5.005597703558051920e-02 5.872825585910751434e-01 1.157097935900106123e+00 7.369934495066625679e-01 8.482025612583723451e-01 -1.068339464165383390e+00 1.287185374202730515e+01
3.055226826062895640e-01 6.507826597297874938e-02 6.003093603813943746e-01 1.162564063251702473e+00 7.374248088236219356e-01 9.703312708019549149e-01 -8.062768192833158487e-01 1.410780839443597223e+01
4.257285812815860826e-01 6.477243845794800059e-02 5.954741511959912303e-01 9.129580823961842562e-01 7.991754790689500343e-01 8.434443752535818462e-01 -1.286058288616252598e+00 1.509066520104591014e+01
3.074889903062586471e-01 4.822798806307243558e-02 8.297669259315696433e-01 8.844902269039982556e-01 8.078811478088139264e-01 2.215789837096209247e-01 -1.075382734219508807e+00 1.452765773405823779e+01
3.629336812143433288e-01 3.890672969263712228e-02 6.170192031177682557e-01 1.008855236082334850e+00 8.888238035453441821e-01 7.165122656712957783e-01 -8.671360614323253557e-01 1.508580102669016298e+01
3.558091243698279227e-01 6.033588396695338529e-02 5.469839973118781895e-01 1.078000143524941556e+00 7.457841886875692383e-01 8.508922467589776772e-01 -1.091687213488069297e+00 1.449681131907635212e+01
2.971514375612067660e-01 4.767482403993900109e-02 8.185201249716138605e-01 9.619327883139248137e-01 8.668327339258967701e-01 3.312570615976918043e-01 -1.023997137491175824e+00 1.501699260906108080e+01
3.445692243924617371e-01 6.721061902931343979e-02 5.729450717449147135e-01 1.031832631949289203e+00 7.972071769941090347e-01 1.939771915584143080e-01 -9.609297087682933114e-01 1.471833338039401085e+01
2.025677884621628067e-01 4.154601530641238716e-02 8.557941791081176142e-01 1.128836707199779577e+00 8.221051175550743162e-01 5.669908848753564268e-01 -1.255084161519078867e+00 1.474607186710706586e+01
3.148011550904683542e-01 4.885549356332602455e-02 8.481077806253866092e-01 8.625048500954349828e-01 8.336193338295704303e-01 3.905354845962940580e-01 -9.768184146984166816e-01 1.465117775269208167e+01
3.055226826062895640e-01 6.507826597297874938e-02 6.003093603813943746e-01 1.162564063251702473e+00 7.374248088236219356e-01 9.703312708019549149e-01 -8.062768192833158487e-01 1.410780839443597223e+01
3.936721746333466943e-01 3.486556035037126355e-02 6.238631692547783603e-01 8.761650301616522585e-01 8.541143078691958435e-01 5.807618310519022664e-01 -9.526361963875125127e-01 1.492260278573843735e+01
4.216970402360570302e-01 6.804554913117905057e-02 7.421645718524084723e-01 8.217077808250963233e-01 8.158231971205810451e-01 8.513334458235428670e-01 -7.010379051660544647e-01 1.490067652800197706e+01
3.142486936651378571e-01 4.750199161908583156e-02 7.602976218891950300e-01 9.338942380734405191e-01 8.482346032748993014e-01 3.314548767506805271e-01 -9.005415686806865772e-01 1.494684895378643930e+01
2.986219367218218013e-01 5.782399149314437770e-02 8.100099123269755008e-01 9.928027325960058214e-01 8.066907434217078787e-01 8.102753488123286552e-01 -1.105620860800431648e+00 1.480189776442082383e+01
3.015563747243028558e-01 3.299910397926868189e-02 6.989978864552538473e-01 9.639416757270187208e-01 8.016440403190004949e-01 7.120904222271620121e-01 -1.063226989929445754e+00 1.461359634264016449e+01
3.317410213614256920e-01 3.279292112912281232e-02 7.096465925543088415e-01 9.117333450937128436e-01 8.775139386887655935e-01 3.541956133397083928e-01 -9.202370992322161936e-01 1.485961764721147915e+01
4.366262314807947131e-01 6.125335156042095025e-02 5.758250552488219931e-01 9.528342781284916407e-01 8.405944991044933534e-01 6.751651469952235640e-01 -1.129025406181298541e+00 1.532897737810700889e+01
2.522064442796911887e-01 5.320970574072057813e-02 6.406744604784536667e-01 1.188553643370916735e+00 8.085160451475742471e-01 4.217002710473519711e-01 -9.090672378004680532e-01 1.471865512049112468e+01
3.529839207991652961e-01 6.600529601609075869e-02 6.276410307847797299e-01 1.119301758663497015e+00 8.301432847479719435e-01 9.839331031579822140e-01 -7.991574866714514780e-01 1.486947764882450507e+01
2.187573460204350895e-01 4.792767675542405209e-02 8.698472254175946272e-01 1.113618096723646422e+00 8.065498352912173763e-01 8.519246377820619553e-01 -1.180575729026495546e+00 1.456139859604036246e+01
2.997629752855625052e-01 4.019511669126305670e-02 6.446904526217795972e-01 9.957902276097612138e-01 8.215148130992351305e-01 2.934192965402999120e-01 -1.219126247805251362e+00 1.482273575002772681e+01
3.345777978776631745e-01 5.222184893100614844e-02 8.615105924681869531e-01 8.150283029734847196e-01 8.253026021051081962e-01 2.064352424492129079e-01 -1.142363325651403416e+00 1.485087610215342657e+01
2.889234815345141927e-01 3.060736013147923040e-02 8.286101531801961517e-01 8.919501199042345618e-01 8.148191481866110530e-01 4.412316425577693102e-01 -1.233521918648707416e+00 1.442185777962933990e+01
2.804926819953648676e-01 5.135246285493089841e-02 7.536237746967930917e-01 1.021848011896086206e+00 8.564604240629001275e-01 2.377615190199978690e-01 -9.736725631478972964e-01 1.488399861356919729e+01
3.899082101199022876e-01 5.391242167422943821e-02 6.066818682989657541e-01 9.749672518377671127e-01 8.063504363418583232e-01 9.653650961010301623e-01 -1.141131986705096413e+00 1.496123678099221621e+01
3.225473005580106189e-01 5.660109200521558359e-02 7.889492561180514452e-01 9.213272619460214363e-01 8.214482995624883266e-01 3.275534632442212990e-01 -8.867539586078339031e-01 1.475710783005308713e+01
3.922146932872254688e-01 4.727819947721251942e-02 5.101512493216523447e-01 1.018837242290079992e+00 8.314738349221904024e-01 3.059372990059596176e-01 -7.228189936472496635e-01 1.484393830096526123e+01
3.848430195504956020e-01 5.753147703192248996e-02 5.710153927016344833e-01 1.054934264059373739e+00 8.037056645676331490e-01 9.386200613645923063e-01 -9.571766070102354362e-01 1.498645114347016083e+01
3.404115163596949101e-01 4.166556368305086855e-02 7.636630317413801716e-01 8.144567223882233087e-01 8.176233335079400311e-01 1.998308843449431160e-01 -1.194347785710272891e+00 1.485044787043590730e+01
2.804926819953648676e-01 5.135246285493089841e-02 7.536237746967930917e-01 1.021848011896086206e+00 8.564604240629001275e-01 2.377615190199978690e-01 -9.736725631478972964e-01 1.488399861356919729e+01
2.536854748487833433e-01 5.933289358273278330e-02 7.254700134923045551e-01 1.153124518538128029e+00 8.028064807535398861e-01 4.903221200454816464e-01 -1.035914049329421438e+00 1.473594331038224325e+01
3.175818457411953011e-01 3.958595728712335088e-02 8.692591591061962220e-01 8.073856540145938343e-01 8.135825645864764866e-01 3.885853685259205159e-02 -1.207736540809626336e+00 1.438093021559619089e+01
2.944629339956300607e-01 6.432744984167385049e-02 8.820781767757239766e-01 9.618637663368984070e-01 8.244147312328591326e-01 3.588702240890739859e-01 -1.088071493025937420e+00 1.499857944934120191e+01
3.917533039511895687e-01 5.913034696734129070e-02 7.332960533080885579e-01 8.261955650381522798e-01 8.612977032148820822e-01 1.386231895982482087e-01 -8.021806967419494727e-01 1.505372050573303966e+01
3.567856084455981458e-01 3.668284391296644520e-02 7.186329957334911533e-01 8.808389633161295418e-01 8.566161716661016001e-01 6.170576473368596382e-01 -1.070182890058803515e+00 1.517132211350724980e+01
3.753426014096020724e-01 5.168556500589779196e-02 6.496414622628957636e-01 9.965193648045866937e-01 8.518828917400750322e-01 8.925494420739432666e-01 -1.116851282443841020e+00 1.522402019992214228e+01
3.965279430787086445e-01 5.622084090604473339e-02 7.609329130934496810e-01 8.304451918665574084e-01 8.691188657032695719e-01 7.949918942930438437e-01 -8.796449469755533990e-01 1.526192441946711575e+01
3.496987773301694080e-01 4.618990071484765925e-02 6.630612955165244848e-01 9.930086131393408566e-01 8.603525247064434112e-01 8.503974010885818613e-01 -7.381343756800820000e-01 1.473605809205744421e+01
3.200631954068501317e-01 3.340862217503254988e-02 7.644250349503551867e-01 8.950096417683875982e-01 8.333320641390098427e-01 8.518450856925464665e-01 -8.912240447725410242e-01 1.461540435805927807e+01
2.491482029719261915e-01 5.783262220176997592e-02 8.713131595179719469e-01 1.035792422448135408e+00 8.020440911270548812e-01 1.590438672106205265e-01 -1.226512629761028261e+00 1.491043251803893455e+01
2.625660436561708111e-01 4.249244148473138583e-02 8.829441060491320936e-01 9.625768693172506163e-01 8.128242068999729231e-01 3.247322951957793968e-01 -1.143353840972300750e+00 1.489877709378512272e+01
4.153076878842315578e-01 6.168477473974783021e-02 7.145689063159911258e-01 8.515843390846045136e-01 8.397153624851186882e-01 7.912504855822078964e-01 -7.869493528936728488e-01 1.492408835123177901e+01
4.107389026238273955e-01 5.995645268823696084e-02 6.033756957598284121e-01 9.424944837881260584e-01 7.801195770216814429e-01 9.770736803429613815e-01 -1.214187444739630140e+00 1.503580884029365805e+01
3.830613294222490195e-01 6.713058590311345164e-02 7.984346104099341312e-01 8.651122174416477906e-01 8.462958362960197878e-01 8.651779545988511622e-01 -8.217279523397518215e-01 1.505868520720828307e+01
4.461726555258088700e-01 5.408957069189399003e-02 5.245286878007415776e-01 9.188802765347825474e-01 8.531038082263995292e-01 2.143860969948030992e-01 -7.062721628559008868e-01 1.513727791715079363e+01
3.104581942333018985e-01 5.706422443687368673e-02 5.947629715409851192e-01 1.141102513886300684e+00 8.374958952418896097e-01 4.187196642548283165e-01 -1.190891491886133302e+00 1.505499451632515395e+01
3.269609445092636069e-01 6.871669094837018488e-02 8.826008798515549980e-01 9.262452157581694268e-01 8.463626674454850507e-01 4.869889019500793781e-01 -1.124971196462737577e+00 1.506439308541032140e+01
3.478140680575970145e-01 6.704659180660085815e-02 6.026070286795237596e-01 9.892222132409709268e-01 8.047268918565174678e-01 1.292208534132277542e-02 -1.042485925793862789e+00 1.455290890424703321e+01
3.126189226570792457e-01 3.013649474869881453e-02 8.382988742364745338e-01 8.366686874504477567e-01 8.423716330754177362e-01 7.647461599624532091e-01 -1.091648174779198399e+00 1.491915930592767126e+01
3.240413126511195729e-01 4.948149626265732626e-02 5.600627001496897295e-01 1.053217312482617407e+00 7.640810248529859017e-01 2.693884971166237152e-01 -8.943036910846018372e-01 1.423044058774210718e+01
2.950662623814506169e-01 6.906966900533498266e-02 6.722380985022774480e-01 1.187911782938108507e+00 8.147817987338167312e-01 8.068692898785512213e-01 -1.181177493139962786e+00 1.483134558814338533e+01
2.578678812935909503e-01 3.651946608453172233e-02 6.813928943381999392e-01 1.095688375485020849e+00 7.637707533732296383e-01 6.153851528267414439e-01 -1.098502383373769486e+00 1.415377349918875893e+01
2.887423492936105340e-01 6.400497857270674718e-02 7.041918430113615068e-01 1.051181124122713584e+00 7.870831507915643233e-01 3.420206193595603517e-01 -1.096157541295525562e+00 1.472795959326697535e+01
3.173330607268859405e-01 5.545785375824015262e-02 5.487303838841662840e-01 1.129233174784509464e+00 7.783714255495507439e-01 6.818168404566657959e-01 -8.358853088636359896e-01 1.436524004081782735e+01
4.617481945213054439e-01 6.990290987866268346e-02 6.246378570273042330e-01 8.557945894550683663e-01 8.422966832354435995e-01 6.567565868179905397e-01 -7.606234262006728031e-01 1.522079113012871332e+01
3.316674813638768038e-01 3.761915300078419455e-02 7.850798119245401274e-01 9.007125299851254097e-01 8.662489809626396919e-01 6.354443956831073992e-01 -9.978822899980659411e-01 1.512182102111700743e+01
3.370278903556368499e-01 3.458348526403854512e-02 8.183699015919166930e-01 8.137809004873508556e-01 8.321619097075338978e-01 8.787754575080879427e-01 -7.379053067756659035e-01 1.467946675219891084e+01
2.832488888213646749e-01 3.524113507857384864e-02 8.970654092926342305e-01 9.141601746951218965e-01 8.712797968443390939e-01 6.655147650047259500e-01 -9.554750495456639792e-01 1.489577091914304496e+01
3.197802838378598911e-01 5.750719672095419566e-02 6.539799461535884539e-01 1.029290396506917560e+00 8.017427083790109599e-01 3.829182568264888897e-01 -7.977494695985548612e-01 1.458175246699855165e+01
3.002154884631015319e-01 4.919610299198709513e-02 6.504912271407665703e-01 1.037029567890504822e+00 7.589740026872038303e-01 4.639216671828461092e-01 -1.085820860011353917e+00 1.437121046834195859e+01
3.125333571317562287e-01 4.477354127554630803e-02 5.354267317817064109e-01 1.144694915508176702e+00 8.389137125917881521e-01 4.224219748965462040e-01 -1.091683353453283933e+00 1.492380390270332313e+01
3.505531544975446501e-01 5.326726312422765813e-02 5.178051145619368967e-01 1.105841890829052154e+00 7.279484489573020412e-01 5.051953322237132671e-01 -9.588327508594591819e-01 1.369409401416601746e+01
3.277431966433451138e-01 5.399927478704862061e-02 7.056351993707177250e-01 1.052218592287665455e+00 8.503717371753857224e-01 9.965896726943044293e-01 -7.854525416280349059e-01 1.486212488166722068e+01
3.634274407179514110e-01 5.493318138797689126e-02 7.187578188192127460e-01 9.162101349586269095e-01 8.452137639237717881e-01 5.932036294123180786e-01 -9.518294767135218049e-01 1.505873935065977776e+01
2.600104985371282096e-01 3.458831286256876247e-02 8.539102710093998683e-01 9.560199999669206639e-01 8.137020097946046082e-01 5.417936295714700368e-01 -1.248064029389568175e+00 1.483368800017983702e+01
2.878267583256127748e-01 3.164379794107361615e-02 5.257723016196492738e-01 1.195263185068467848e+00 8.312725837336175649e-01 7.263006435906658176e-01 -1.263993069987547235e+00 1.479218693462684442e+01
3.557238791138609413e-01 6.916449251563724920e-02 8.040817534629736141e-01 8.693891018574768648e-01 8.036160214497759524e-01 3.785571537485388216e-01 -9.183553598877163271e-01 1.441166049249534531e+01
3.429717664908542574e-01 6.701588098080325795e-02 8.588234783788757376e-01 8.573918434132195010e-01 8.138290243883323782e-01 3.107708755648757037e-01 -7.269997323164537617e-01 1.461608371797441741e+01
3.111587708179256451e-01 3.146726604417224987e-02 8.235175631959454901e-01 8.101296393747545732e-01 8.514083490834805090e-01 6.118179313209459735e-03 -1.214375803594547776e+00 1.516642521969700574e+01
4.299665409583059983e-01 5.337796735355168631e-02 5.342931222607965047e-01 9.843569739566246923e-01 8.546709399282415021e-01 5.682185951481472097e-01 -9.302973991012689625e-01 1.543514315962342920e+01
2.767144501229151787e-01 5.138645737515053213e-02 5.051884735885171507e-01 1.168947032835444766e+00 7.759768282177161858e-01 1.219583249698537597e-01 -8.311332250685172784e-01 1.423536131744760347e+01
3.398765338932894786e-01 5.676087621705439012e-02 7.593250469921881685e-01 9.114763835886622312e-01 8.429982357067979937e-01 3.042471397515186249e-01 -8.924224964096150181e-01 1.497035014098337413e+01
2.973734676018913170e-01 4.372176148470902080e-02 8.451410067831508499e-01 8.852782241179446565e-01 7.934744835143434649e-01 5.836725676090837034e-03 -1.274212521236397944e+00 1.422070916664186413e+01
2.534454835690677088e-01 4.252665817607879928e-02 6.100518773998365729e-01 1.157899056210757394e+00 7.780480816101020825e-01 4.186540492152711623e-01 -1.051194986137602649e+00 1.416179314745447648e+01
3.864860517478310165e-01 3.453187757146330972e-02 5.486300382768416473e-01 8.846929538166093954e-01 8.083745401898009275e-01 1.767074850434811051e-01 -1.235842634916828775e+00 1.473592882273395688e+01
2.899692602744630143e-01 6.485078615582140493e-02 6.953772166962299828e-01 1.057869069659217232e+00 8.129045482865077110e-01 1.789605495229929510e-01 -1.135394593312695877e+00 1.482524732446936433e+01
4.441505886249882407e-01 6.709062206530949646e-02 5.636201703260962370e-01 9.080122214712883499e-01 7.775762708945495039e-01 8.593506010978196885e-01 -1.068303981880173836e+00 1.478055002235548798e+01
3.731426275911057244e-01 4.075129328307048465e-02 6.824570563815430813e-01 8.813954303060362871e-01 8.103086398617302955e-01 8.494009500109758193e-01 -8.426528724689010819e-01 1.462644519544874022e+01
4.405214226466884764e-01 6.098187511530658855e-02 6.113418633019523929e-01 8.335091172481062793e-01 8.353009404970985763e-01 2.011465573951354835e-01 -9.285161237550851876e-01 1.497651313406614193e+01
3.602528053323335033e-01 5.200757294971038169e-02 5.424316251004550615e-01 1.066843527769157696e+00 7.934595749351311955e-01 7.297317175744423290e-01 -7.641489504891473272e-01 1.455394514452247279e+01
4.060434426248309414e-01 6.301395761678138530e-02 6.470487644628678536e-01 8.891956374773727356e-01 8.129638259000820932e-01 6.059687759770668869e-01 -7.932543109055631980e-01 1.496207977327703453e+01
3.269634677995015837e-01 5.994836785035342896e-02 7.494752833654186874e-01 9.692733499580912238e-01 8.360779082106181148e-01 4.992702249969053763e-01 -8.807148571968688167e-01 1.480981326265227693e+01
3.412520801716668051e-01 5.896705983001920837e-02 6.624432236094192072e-01 1.067524973448835013e+00 8.580304559663141095e-01 7.744269643762000666e-01 -9.586460630495735602e-01 1.508593601723368138e+01
4.009362150072821596e-01 5.495608907553904687e-02 5.366858266278626832e-01 9.520284563815794021e-01 8.071712799565126106e-01 1.967038428502188574e-01 -7.873970438762426527e-01 1.466003650083897192e+01
2.946264096120548848e-01 3.235347481998936126e-02 7.043203078477501267e-01 9.349256326351205182e-01 8.517794740763309225e-01 2.573092549125011175e-02 -8.228098038885568455e-01 1.475427721275052662e+01
3.936721746333466943e-01 3.486556035037126355e-02 6.238631692547783603e-01 8.761650301616522585e-01 8.541143078691958435e-01 5.807618310519022664e-01 -9.526361963875125127e-01 1.492260278573843735e+01
3.722971694087052752e-01 6.295949445433608738e-02 7.539223828297263452e-01 8.484577485541833219e-01 8.225474442730892344e-01 5.411328008746200124e-01 -1.263528930870461586e+00 1.494378569625543207e+01
3.055226826062895640e-01 6.507826597297874938e-02 6.003093603813943746e-01 1.162564063251702473e+00 7.374248088236219356e-01 9.703312708019549149e-01 -8.062768192833158487e-01 1.410780839443597223e+01
3.453466668917695714e-01 4.572039405755640856e-02 7.259391853335650513e-01 8.563880628354084701e-01 8.330366445229241412e-01 6.236997419890261130e-02 -1.015186271649521021e+00 1.485939379194037890e+01
3.017146129534888921e-01 3.444120576396669797e-02 5.646220597782647399e-01 1.026646090584461879e+00 8.335053299738659494e-01 8.571262484815478366e-02 -7.752954323883747279e-01 1.451228952665374550e+01
4.257285812815860826e-01 6.477243845794800059e-02 5.954741511959912303e-01 9.129580823961842562e-01 7.991754790689500343e-01 8.434443752535818462e-01 -1.286058288616252598e+00 1.509066520104591014e+01
3.049440200678472657e-01 5.206235956542742960e-02 8.888228518813510171e-01 8.828202225544068416e-01 8.127201262690755268e-01 5.516341758671728934e-01 -1.016436715417014192e+00 1.455837777726162940e+01
2.899206579659068250e-01 5.107411138752911139e-02 8.906058757655499480e-01 9.324439619155752146e-01 8.056020364202466366e-01 8.099471640165830655e-01 -1.120867733093191987e+00 1.464703670490056808e+01
3.894456132764062550e-01 6.480335603501277686e-02 5.886478546971820602e-01 9.565830954665648367e-01 8.217138872726702514e-01 2.611099940539590714e-01 -9.630586491388972714e-01 1.494910769765017733e+01
3.236714347356574040e-01 5.869111815998862003e-02 5.919653287755354265e-01 1.168739809869708601e+00 8.520284060075882238e-01 6.164541481201690765e-01 -9.087236571108312511e-01 1.476665597476206138e+01
3.485891442917601890e-01 6.783379258519914301e-02 7.146070123925281070e-01 9.931272079954691634e-01 7.287078077806993237e-01 9.954715539971277227e-01 -1.084930086161205232e+00 1.423399198805012844e+01
3.445078715357193788e-01 4.527640415154196574e-02 5.803607291058128226e-01 1.021379326132823895e+00 8.097522208924237130e-01 5.356257271360619354e-01 -1.230006387586621841e+00 1.486968753370768681e+01
3.505531544975446501e-01 5.326726312422765813e-02 5.178051145619368967e-01 1.105841890829052154e+00 7.279484489573020412e-01 5.051953322237132671e-01 -9.588327508594591819e-01 1.369409401416601746e+01
3.155610364507157595e-01 6.235319843745102536e-02 7.718651228497985795e-01 9.636226832682268650e-01 8.288619523080382745e-01 3.640155771101010185e-01 -9.463223109821445878e-01 1.478657790002299777e+01
3.892604919128687113e-01 6.149983768021512892e-02 8.134178200209021270e-01 8.225869090620764323e-01 8.306407480060575832e-01 9.309264193861770398e-01 -8.523349812215508248e-01 1.476121697223286233e+01
3.757472503852929968e-01 5.618062245283984846e-02 7.598866665192828274e-01 8.978172516793639923e-01 8.432389588741302511e-01 9.016080437447839824e-01 -1.014140700185709676e+00 1.516913604182996345e+01
2.539067235698414526e-01 3.101391265018434151e-02 8.844321778995469785e-01 9.281015853208983701e-01 8.784682636385880983e-01 2.022094790247086493e-02 -1.146292416390399360e+00 1.500906638548031857e+01
3.956118864918526379e-01 4.587509583834053356e-02 6.031584650097002731e-01 9.148675524599644282e-01 8.358365651246995043e-01 4.312533294618329793e-01 -7.540564823953240792e-01 1.490665707863153067e+01
2.857450419998038837e-01 3.755553624310124100e-02 7.285640488110618485e-01 1.046380180505606106e+00 8.399086380578397737e-01 8.314950541005862172e-01 -1.226601678421406660e+00 1.515891473507561038e+01
4.668930311823125123e-01 4.754486797085749616e-02 5.250993538140753536e-01 9.600472530512947911e-01 8.719241476852658268e-01 8.114341311282585734e-01 -1.128361196859323234e+00 1.566056808960681934e+01
2.317398216812654732e-01 3.668728101808339109e-02 7.418537919812718817e-01 1.066181644349485591e+00 7.999660998537896361e-01 3.398334757213488655e-01 -1.093417760808358397e+00 1.441591747362661913e+01
4.860603955200191173e-01 3.120804484842654852e-02 5.000355046600174491e-01 8.413578075763562536e-01 8.390876213949880480e-01 3.641205189003634546e-01 -8.013041137650005474e-01 1.488698050472371293e+01
3.505531544975446501e-01 5.326726312422765813e-02 5.178051145619368967e-01 1.105841890829052154e+00 7.279484489573020412e-01 5.051953322237132671e-01 -9.588327508594591819e-01 1.369409401416601746e+01
3.445078715357193788e-01 4.527640415154196574e-02 5.803607291058128226e-01 1.021379326132823895e+00 8.097522208924237130e-01 5.356257271360619354e-01 -1.230006387586621841e+00 1.486968753370768681e+01
2.371753183563320988e-01 3.098569528564137573e-02 7.049650797365313304e-01 1.100711316860160771e+00 7.774534959583907501e-01 3.911530461587566787e-01 -1.284313217283849173e+00 1.421542319435378765e+01
3.647214533058350527e-01 4.107223996661978072e-02 7.355114927798659386e-01 8.282724842648325758e-01 8.499071660232087044e-01 3.752248516852221272e-01 -9.641852823302152764e-01 1.510581754673460964e+01
3.241874238825925847e-01 5.059302052622421941e-02 5.830511490254711715e-01 1.054330291889478799e+00 7.612630716780404150e-01 4.591197619265123264e-01 -1.172212500550674275e+00 1.423055296689028992e+01
2.516561869664571960e-01 6.347286802485577195e-02 7.619152108351375796e-01 1.122639310507249188e+00 8.316169343534033365e-01 1.078393680411982580e-01 -1.033153298957117716e+00 1.479865217809277844e+01
3.585583275122395941e-01 5.071657333333438877e-02 5.297859439939114345e-01 1.032138735863730616e+00 8.476915514154171882e-01 7.648218758866875966e-02 -9.363077825962801137e-01 1.497814356404763636e+01
3.148011550904683542e-01 4.885549356332602455e-02 8.481077806253866092e-01 8.625048500954349828e-01 8.336193338295704303e-01 3.905354845962940580e-01 -9.768184146984166816e-01 1.465117775269208167e+01
3.603422185028882785e-01 5.289092231092182295e-02 5.778800460606356992e-01 9.977412202404281061e-01 7.926604792317888393e-01 5.832728692260192860e-01 -7.805925175478212186e-01 1.464057725882667604e+01
3.106293002457497510e-01 3.540255208944229071e-02 7.884823749076110833e-01 9.010961727288520073e-01 8.015917260165069669e-01 9.421412702374127868e-01 -9.986307349298702007e-01 1.431601281091434785e+01
3.698888000682845068e-01 6.604566508242573630e-02 5.981911068486336358e-01 1.001547590989281256e+00 7.606183926535331485e-01 8.043846887474048746e-01 -1.000151283506668154e+00 1.418477704273115236e+01
3.034641119972918966e-01 4.706964486785346347e-02 7.759333048731109628e-01 9.736756270090001220e-01 7.820441721770560184e-01 9.798992167758526772e-01 -1.271260019418414045e+00 1.458713942951642117e+01
3.005809120211064833e-01 6.078247941565246421e-02 7.182186752204566815e-01 1.021080202111283475e+00 7.657679185512146214e-01 3.444243181175504764e-01 -1.007657990531892311e+00 1.445473421256392399e+01
4.035064893888392623e-01 5.584997843642154625e-02 5.936461001558858142e-01 9.335893720502902449e-01 8.689796183378259986e-01 1.226073647274289469e-01 -9.304306519141856135e-01 1.518516886669358534e+01
3.558428610319533947e-01 5.469412087125321426e-02 6.566349105267818009e-01 9.111945449170978373e-01 8.098502627101912266e-01 8.103436495691651587e-02 -8.334318446413548909e-01 1.455551073877997759e+01
3.467195004983378848e-01 6.665194327245543837e-02 7.022538264266190433e-01 9.383493991282199076e-01 8.230295628747148484e-01 1.291226240082845034e-01 -1.024520290400838807e+00 1.498646014767806811e+01
3.603672114558305051e-01 5.587948444486456889e-02 5.698703481081671685e-01 1.048770913427288898e+00 8.324753539645941558e-01 4.721646861433602682e-01 -1.095756390646482004e+00 1.517230067688135087e+01
3.965279430787086445e-01 5.622084090604473339e-02 7.609329130934496810e-01 8.304451918665574084e-01 8.691188657032695719e-01 7.949918942930438437e-01 -8.796449469755533990e-01 1.526192441946711575e+01
3.681257713077408233e-01 4.810498038542695975e-02 5.564345844336230362e-01 1.000846638367972830e+00 8.643744698049877773e-01 1.706724807099302410e-02 -1.009525278294894246e+00 1.539483901879166794e+01
4.455341081380287394e-01 6.477515457275626054e-02 5.154568977056526169e-01 9.651648584420011723e-01 8.431237922854704081e-01 3.768193704660050547e-01 -7.067535684248396066e-01 1.495869360503904488e+01
3.595713416528543149e-01 4.602879668920467626e-02 5.508451882371657726e-01 1.008335376252297522e+00 7.818096543216975780e-01 6.923671393921567718e-01 -1.075008504288363032e+00 1.479153956098475575e+01
2.317398216812654732e-01 3.668728101808339109e-02 7.418537919812718817e-01 1.066181644349485591e+00 7.999660998537896361e-01 3.398334757213488655e-01 -1.093417760808358397e+00 1.441591747362661913e+01
3.858622766742906274e-01 6.908145448486699425e-02 7.738589159581149568e-01 8.664711126803154029e-01 8.292378393099933964e-01 6.714640323795876276e-01 -1.114985215529691320e+00 1.527984555783222831e+01
3.363885123986843917e-01 6.535942595836197189e-02 8.077917509826466613e-01 9.220761249959642525e-01 8.622662237948028885e-01 8.642334056210543292e-02 -1.034603029626789183e+00 1.504460016738732264e+01
3.493041239353991134e-01 6.444867225695666280e-02 7.108822857243108917e-01 9.303830053095131225e-01 7.743592058560448965e-01 2.332118064453534423e-01 -1.270724590480275529e+00 1.433269084343942446e+01
3.963127011682581191e-01 5.001021774973475609e-02 5.551418529786361633e-01 9.846718074667351051e-01 7.592093818134749705e-01 7.918145454026156438e-01 -1.032944841175162276e+00 1.492781263522850388e+01
3.461262385359371585e-01 3.650314864370670515e-02 6.738687976253191492e-01 9.651650076845930126e-01 8.654223996468791702e-01 6.979533195470962736e-01 -8.637835816757224450e-01 1.491554749573212924e+01
3.483534721463894535e-01 6.061159125639749290e-02 6.089602138201716253e-01 9.911262527964241897e-01 7.772500466151717191e-01 7.237286161150213726e-02 -1.013452322852639309e+00 1.395999026097303997e+01
3.220307288556361613e-01 6.226963728912747464e-02 7.575397396747495238e-01 9.824112070448238754e-01 7.525895672142206561e-01 7.617097016316416447e-01 -9.775244188251792643e-01 1.408812167673467641e+01
3.363885123986843917e-01 6.535942595836197189e-02 8.077917509826466613e-01 9.220761249959642525e-01 8.622662237948028885e-01 8.642334056210543292e-02 -1.034603029626789183e+00 1.504460016738732264e+01
4.239802100513200278e-01 6.106500618328750130e-02 5.421937674516698058e-01 9.771458266370296464e-01 7.925200528860112392e-01 7.030540182509872338e-01 -7.745562889804352702e-01 1.449092158432266864e+01
2.586672274112464809e-01 4.520196942365151127e-02 6.063253518698139555e-01 1.162666992711916869e+00 8.084273452846517660e-01 6.560738474145245691e-01 -9.551713325763123708e-01 1.450593223840800583e+01
3.656294356779145049e-01 6.557858559865833992e-02 5.451905412966350228e-01 1.032985605124269624e+00 8.068089818227168752e-01 3.443313420914857481e-01 -1.086571801624635514e+00 1.489670352489984317e+01
3.722971694087052752e-01 6.295949445433608738e-02 7.539223828297263452e-01 8.484577485541833219e-01 8.225474442730892344e-01 5.411328008746200124e-01 -1.263528930870461586e+00 1.494378569625543207e+01
3.538977678154330286e-01 5.546550752054402178e-02 7.433208035170881800e-01 8.830833716594781446e-01 8.225498821194912047e-01 3.333077078448594133e-01 -9.700347477536279683e-01 1.471080794643000189e+01
2.835997527371494353e-01 6.051722520388755355e-02 6.314672355886794541e-01 1.144260173632289490e+00 8.117785121625931133e-01 3.869702273131703230e-01 -1.080728070197646495e+00 1.468585308874006046e+01
3.453623258260585249e-01 5.740135645313336477e-02 6.892254196019831358e-01 1.070534105121885293e+00 8.700749643785415932e-01 9.870824936216111567e-01 -8.661040770337038452e-01 1.494780760000538855e+01
4.124008321378935804e-01 5.847480456158847539e-02 6.892464726613594106e-01 8.051511421095420840e-01 8.193754603431194772e-01 3.923400219454445947e-01 -8.838285501095071162e-01 1.450421940520303998e+01
3.771800855384762619e-01 6.435724042736151729e-02 7.810118861513724031e-01 8.281273561890265533e-01 7.771008405800926555e-01 6.621158964193216701e-01 -9.769103990799148374e-01 1.444116932953365762e+01
4.362818223091577963e-01 5.790539785962113550e-02 6.109402714708884741e-01 8.946765382777309705e-01 8.125062109676081112e-01 8.548065467201297896e-01 -1.068185394955530221e+00 1.520281709163404571e+01
4.166903597806516091e-01 5.713756749317207978e-02 7.180085862035404665e-01 8.401386327428110867e-01 8.591215929002149476e-01 6.741941409873826174e-01 -9.993058314154315003e-01 1.500359604336469133e+01
2.862194269325211149e-01 5.362724280154916590e-02 8.251408122734220640e-01 9.734999011602437635e-01 8.348371629162387730e-01 6.388900619971460415e-02 -1.052880625535639103e+00 1.476320548353276330e+01
4.132089457012459999e-01 6.058432779348996156e-02 6.785418415010735504e-01 8.157045180641500082e-01 8.264226565569379179e-01 5.086214585513681996e-02 -8.118796131666221605e-01 1.470708719947584342e+01
2.950662623814506169e-01 6.906966900533498266e-02 6.722380985022774480e-01 1.187911782938108507e+00 8.147817987338167312e-01 8.068692898785512213e-01 -1.181177493139962786e+00 1.483134558814338533e+01
4.408735394954366171e-01 6.122588855780794481e-02 5.927449087876275335e-01 9.045425703629792480e-01 8.417403090240017649e-01 5.430915633125342756e-01 -8.373103921107249992e-01 1.518574458717253606e+01
4.309386463733294592e-01 4.506233433933100330e-02 5.284232574511432690e-01 9.172873059981035970e-01 8.343317409729376077e-01 2.886408858205038452e-01 -7.155415072824683476e-01 1.480705198796004574e+01
2.357493894536490942e-01 3.188100148674613554e-02 7.328106552320282630e-01 1.072505120213043339e+00 8.589968182133238539e-01 2.213036547332861703e-01 -1.150972832389456357e+00 1.493028329523901832e+01
3.316674813638768038e-01 3.761915300078419455e-02 7.850798119245401274e-01 9.007125299851254097e-01 8.662489809626396919e-01 6.354443956831073992e-01 -9.978822899980659411e-01 1.512182102111700743e+01
2.891695625325984009e-01 5.237621558828271795e-02 8.091248494804443858e-01 1.010177006117717990e+00 8.349358379993242485e-01 8.003245708900665889e-01 -9.157756733159755358e-01 1.468336092189994346e+01
3.397014601544395829e-01 6.015888933236232528e-02 8.642085773952454808e-01 8.816647272712013761e-01 8.743550155720516415e-01 3.630847171106880711e-01 -1.049230493268427988e+00 1.508787111641280632e+01
3.422219675761349889e-01 6.381371301678211150e-02 8.852413879842406796e-01 8.526580616602495999e-01 7.989996406976210830e-01 8.147192663998168438e-01 -1.016673486816548344e+00 1.471268501922421379e+01
4.137129055816888279e-01 6.983688775636548440e-02 6.134173949158250316e-01 9.048408693841047956e-01 7.915400691567073821e-01 5.388958547212037153e-01 -9.304588687195111119e-01 1.474713244200883899e+01
3.316674813638768038e-01 3.761915300078419455e-02 7.850798119245401274e-01 9.007125299851254097e-01 8.662489809626396919e-01 6.354443956831073992e-01 -9.978822899980659411e-01 1.512182102111700743e+01
3.037469931148809588e-01 4.778517205605184448e-02 6.320471731544275995e-01 1.032192912063478296e+00 8.322740434072302129e-01 3.276554775288540999e-01 -1.097784913444062038e+00 1.493101426936987686e+01
3.766819512635904976e-01 5.312767797357247773e-02 6.050164762208041225e-01 9.781106352504875812e-01 8.030741293539496173e-01 6.997364818314858459e-01 -8.911210241434699419e-01 1.476730282512821546e+01
4.049095562400000237e-01 3.951401124455049263e-02 5.882563521245056659e-01 8.606685771861115608e-01 8.586354590772127260e-01 2.606951062370133076e-02 -8.554268330130985198e-01 1.501075535672596395e+01
3.225135121720940079e-01 3.145756274166088690e-02 6.237040292079381043e-01 9.396314266979555185e-01 8.269374904404748206e-01 4.267462615489470146e-02 -9.523196751110518665e-01 1.460327137269882591e+01
3.164963789144126238e-01 6.088033512149938764e-02 6.368641215464367900e-01 1.044042309644149569e+00 7.968460789308592362e-01 3.065935685772316344e-01 -1.124760546784694837e+00 1.489967010692051730e+01
3.404115163596949101e-01 4.166556368305086855e-02 7.636630317413801716e-01 8.144567223882233087e-01 8.176233335079400311e-01 1.998308843449431160e-01 -1.194347785710272891e+00 1.485044787043590730e+01
3.723283510573390798e-01 6.010557583141579868e-02 5.384016250205401199e-01 1.034278870337119960e+00 8.058813715353012608e-01 3.679935096198791444e-01 -8.919270176217717339e-01 1.484796002080112132e+01
3.126189226570792457e-01 3.013649474869881453e-02 8.382988742364745338e-01 8.366686874504477567e-01 8.423716330754177362e-01 7.647461599624532091e-01 -1.091648174779198399e+00 1.491915930592767126e+01
3.247181688361910901e-01 4.297563510451167523e-02 5.234294483008211651e-01 1.159014562902231704e+00 7.343070967803506655e-01 7.829309115870395352e-01 -1.052310375846465584e+00 1.341144521425831293e+01
2.592634816561630862e-01 3.912986741270460533e-02 7.019253060612161699e-01 1.049128033495319245e+00 7.886112319109263025e-01 2.885876001127430923e-01 -1.157883406484651267e+00 1.441754974306710402e+01
4.076930208889835150e-01 6.246500703989271014e-02 5.762357310789703035e-01 9.142713284706056598e-01 8.084604906976834426e-01 2.287364500903027453e-01 -1.162003183836420428e+00 1.502394465355061115e+01
2.587010350206288001e-01 3.578197638787829205e-02 6.685709562533034278e-01 1.132413876846614320e+00 8.509929074017217321e-01 5.720537052012247825e-01 -1.265547039652723527e+00 1.497187294370134225e+01
3.028282399873013508e-01 3.855926396038683590e-02 8.345066021144879054e-01 8.500564913447989923e-01 8.257370882342834895e-01 4.195757739638517059e-02 -1.169824244784553269e+00 1.436238128333719999e+01
4.837792379334112658e-01 5.382593543264310026e-02 5.311455493255564653e-01 8.589068367536411008e-01 7.979585429791643536e-01 6.125793267428291111e-01 -8.916098106286065583e-01 1.494247620187108794e+01
3.672305170897072202e-01 5.625369667675051560e-02 7.549828655486656714e-01 8.542411881443561228e-01 8.498926610995500841e-01 2.751727315865565293e-01 -1.075909416232888383e+00 1.516275330911742181e+01
3.241874238825925847e-01 5.059302052622421941e-02 5.830511490254711715e-01 1.054330291889478799e+00 7.612630716780404150e-01 4.591197619265123264e-01 -1.172212500550674275e+00 1.423055296689028992e+01
2.734016731435301439e-01 6.045246129967264681e-02 8.299923084817393271e-01 1.024254802034035183e+00 7.910163592917791586e-01 8.021598576852024820e-01 -1.269125624694630305e+00 1.474320733174386788e+01
2.837010925112317672e-01 5.232813421000993837e-02 5.233448456033227281e-01 1.133356815880213420e+00 7.921021949383424410e-01 3.321592277493312650e-02 -1.072160706247844875e+00 1.460013209800072609e+01
3.435771988064377780e-01 6.522766834567972349e-02 8.509662281311070053e-01 8.806046302595372799e-01 7.781751577524340657e-01 7.860793474006735337e-01 -1.030287670444682391e+00 1.428398284793195216e+01
4.655411751831118883e-01 6.666021845566852400e-02 5.855107130944551264e-01 8.362546853277221803e-01 8.342948931952566261e-01 1.450251876527453021e-01 -7.534952516301648417e-01 1.492604863620943334e+01
2.371753183563320988e-01 3.098569528564137573e-02 7.049650797365313304e-01 1.100711316860160771e+00 7.774534959583907501e-01 3.911530461587566787e-01 -1.284313217283849173e+00 1.421542319435378765e+01
3.731426275911057244e-01 4.075129328307048465e-02 6.824570563815430813e-01 8.813954303060362871e-01 8.103086398617302955e-01 8.494009500109758193e-01 -8.426528724689010819e-01 1.462644519544874022e+01
4.426923148986332546e-01 6.102706308022610993e-02 6.345136027876323581e-01 8.241166549736362867e-01 8.279452149883886891e-01 3.753718810319282562e-01 -7.700426718993215180e-01 1.495800488019317953e+01
2.800817809079435561e-01 4.215037259481246856e-02 7.216449205362078789e-01 9.886316817235873966e-01 8.249949322379050987e-01 3.191521489549166701e-01 -1.276564951417312743e+00 1.504948212464315382e+01
4.883140554690047486e-01 4.638555425233346907e-02 5.191023051091931961e-01 8.189568313558368562e-01 8.748717665119086773e-01 1.396451109719132333e-02 -1.171435662361381524e+00 1.555150108586812685e+01
3.453623258260585249e-01 5.740135645313336477e-02 6.892254196019831358e-01 1.070534105121885293e+00 8.700749643785415932e-01 9.870824936216111567e-01 -8.661040770337038452e-01 1.494780760000538855e+01
4.412388350653128066e-01 3.916294058420213831e-02 5.808070349406675437e-01 8.583338614854164605e-01 8.580282121623208358e-01 4.373132459908432024e-01 -8.741008835661649989e-01 1.518588433450173092e+01
3.362071919655760244e-01 5.723811599768330316e-02 6.221026706367486225e-01 1.081364260596509697e+00 7.418027313084332164e-01 6.861693554968426589e-01 -1.031980919691989573e+00 1.343122111300458776e+01
2.883047116667845078e-01 6.638341152870480544e-02 7.562934418087037258e-01 1.090603620139029450e+00 8.137706785542333510e-01 5.921937972455483257e-01 -8.338580074809825993e-01 1.480620245762608533e+01
3.142486936651378571e-01 4.750199161908583156e-02 7.602976218891950300e-01 9.338942380734405191e-01 8.482346032748993014e-01 3.314548767506805271e-01 -9.005415686806865772e-01 1.494684895378643930e+01
3.334744248780602272e-01 5.388245826853299558e-02 7.617596639972004091e-01 9.244967298713676618e-01 8.191158243551960316e-01 5.215324899964973726e-01 -1.271848060516223899e+00 1.489413989536053329e+01
3.756677004190468461e-01 3.092970941808757812e-02 6.587578628767714051e-01 8.043890119997587629e-01 8.396010978577355122e-01 2.146630077566294981e-01 -1.077654843577970478e+00 1.504321460398105259e+01
2.491482029719261915e-01 5.783262220176997592e-02 8.713131595179719469e-01 1.035792422448135408e+00 8.020440911270548812e-01 1.590438672106205265e-01 -1.226512629761028261e+00 1.491043251803893455e+01
2.734016731435301439e-01 6.045246129967264681e-02 8.299923084817393271e-01 1.024254802034035183e+00 7.910163592917791586e-01 8.021598576852024820e-01 -1.269125624694630305e+00 1.474320733174386788e+01
4.995035083530326991e-01 5.156786612920681578e-02 6.101157282991012121e-01 8.160727027978099679e-01 8.849781069486608587e-01 9.170740346006710508e-01 -1.211057604399494947e+00 1.597577110297830849e+01
3.459122606838035408e-01 4.107582436793232039e-02 7.217706378325040584e-01 8.468635768955634635e-01 8.546225215196032732e-01 2.305608012372888926e-01 -1.170736502071678009e+00 1.481849582897950057e+01
3.369142223501174205e-01 6.083406969474793730e-02 5.189256691841133140e-01 1.148410177678654831e+00 8.257935188554041961e-01 3.784932207461014775e-01 -9.189068875535850722e-01 1.482938806780078878e+01
4.995035083530326991e-01 5.156786612920681578e-02 6.101157282991012121e-01 8.160727027978099679e-01 8.849781069486608587e-01 9.170740346006710508e-01 -1.211057604399494947e+00 1.597577110297830849e+01
2.491482029719261915e-01 5.783262220176997592e-02 8.713131595179719469e-01 1.035792422448135408e+00 8.020440911270548812e-01 1.590438672106205265e-01 -1.226512629761028261e+00 1.491043251803893455e+01
3.528250635035400373e-01 6.193836249489362289e-02 8.872925789889138937e-01 8.320211454983587052e-01 8.114845810133628490e-01 9.254713967954111276e-01 -9.722367904132893646e-01 1.484715721942868250e+01
4.085099247103579634e-01 5.145283226498810480e-02 6.992192970393191764e-01 8.328894318393946783e-01 8.651556332081223877e-01 6.581095619547890907e-01 -1.234755568354240385e+00 1.554649976623246133e+01
2.579840996440707634e-01 5.254471451892557543e-02 6.126655525772741751e-01 1.139948381209561656e+00 7.847917633499577050e-01 1.463664965261157191e-01 -1.048702054259438743e+00 1.454488939511301915e+01
3.134002246260252922e-01 5.841540471299660336e-02 7.077971716195405882e-01 9.714790482265168725e-01 7.816047843440222520e-01 3.226685129219482584e-01 -1.049265863268073140e+00 1.465684651713585396e+01
3.613411059523133906e-01 6.566416848009296037e-02 5.158448292431333515e-01 1.070765007079344189e+00 8.358433888462100114e-01 4.333442034447265723e-02 -9.070633221254964518e-01 1.494805105352457275e+01
2.927728975915588894e-01 4.907403171042890033e-02 5.655791112155189593e-01 1.089652127413256899e+00 7.833708951332998272e-01 1.527136308471718773e-01 -1.017614380738294910e+00 1.444178726953296277e+01
2.800817809079435561e-01 4.215037259481246856e-02 7.216449205362078789e-01 9.886316817235873966e-01 8.249949322379050987e-01 3.191521489549166701e-01 -1.276564951417312743e+00 1.504948212464315382e+01
2.498228691878005836e-01 3.216051824794332464e-02 7.726949496213628699e-01 9.681178007119118911e-01 8.536025467065542216e-01 1.964863511751735459e-03 -1.249511551653036845e+00 1.468669807714722531e+01
2.839015847336168186e-01 6.421530629358107589e-02 8.471508744642731736e-01 9.983823298762118936e-01 7.555659267335952389e-01 9.630195094301843284e-01 -1.142947696355164799e+00 1.432099521024821343e+01
2.906553370363839095e-01 3.121283689382391840e-02 5.904033670899041519e-01 1.055908502228404267e+00 8.421951507910340196e-01 3.080021968942303068e-01 -1.165557080227888731e+00 1.474372256487690969e+01
3.400030427316237391e-01 5.623764866140368995e-02 6.992403713652713959e-01 9.002103149557321160e-01 8.199410891574017146e-01 1.634131958200875645e-01 -1.172130742272581960e+00 1.486510367334990512e+01
3.206366456610512672e-01 4.960525537214238723e-02 6.439622539558387260e-01 1.062734392639575365e+00 7.475697260290274926e-01 8.730097692721529024e-01 -1.010959675129364133e+00 1.367747143906693807e+01
3.240413126511195729e-01 4.948149626265732626e-02 5.600627001496897295e-01 1.053217312482617407e+00 7.640810248529859017e-01 2.693884971166237152e-01 -8.943036910846018372e-01 1.423044058774210718e+01
3.771800855384762619e-01 6.435724042736151729e-02 7.810118861513724031e-01 8.281273561890265533e-01 7.771008405800926555e-01 6.621158964193216701e-01 -9.769103990799148374e-01 1.444116932953365762e+01
2.713770017171454052e-01 4.318375889437110066e-02 7.489599073307591226e-01 1.040542444028374813e+00 7.853672364585582155e-01 6.840587141088249057e-01 -8.971865296899266262e-01 1.426735153588248117e+01
3.988173253930309414e-01 4.670823413269695190e-02 7.178881625537379962e-01 8.177006407351680162e-01 8.708586240268096912e-01 1.634219266949244465e-01 -7.109797222598538413e-01 1.504245906092526930e+01
3.443819344396797932e-01 6.294177735188488665e-02 5.807576392333604343e-01 1.148182180921500706e+00 8.242167393734001202e-01 9.941949093178410468e-01 -1.154834360172202423e+00 1.493238143716247279e+01
4.132089457012459999e-01 6.058432779348996156e-02 6.785418415010735504e-01 8.157045180641500082e-01 8.264226565569379179e-01 5.086214585513681996e-02 -8.118796131666221605e-01 1.470708719947584342e+01
2.909567815912559863e-01 4.017786768509246098e-02 8.976057682582564423e-01 8.534409193894617607e-01 8.105432969124335418e-01 2.337455104639912795e-02 -1.153054967128019248e+00 1.464085274170889228e+01
3.647604513053761544e-01 6.069687069232788251e-02 7.528902048906618294e-01 8.827665876846352289e-01 8.322817487990125107e-01 4.991715758589224672e-01 -1.196670042065245410e+00 1.506556310755498629e+01
2.307830471986344889e-01 4.194091716858442537e-02 8.097503798241538764e-01 1.117920797309321257e+00 8.067893305043229990e-01 9.663642858284013926e-01 -1.286193193576279814e+00 1.472482499755839669e+01
2.531643293343500689e-01 4.632525389646044434e-02 5.275224025850721032e-01 1.196560091974464335e+00 8.414827653123232443e-01 2.119559252716646247e-02 -1.185886837922016213e+00 1.472688345823587852e+01
2.899144741795157687e-01 5.113761700641036162e-02 8.189939613712560185e-01 9.432958400997892845e-01 7.872492334309052486e-01 7.989536181124806680e-02 -9.609989159817602378e-01 1.429266895264053261e+01
3.755371785536884000e-01 5.297893299190284400e-02 5.683062022375625633e-01 1.033918671551033786e+00 8.115556132968124725e-01 7.236428257757203664e-01 -1.098195512304939836e+00 1.500702833206379339e+01
3.328847587287205312e-01 6.002051360276405845e-02 7.066982903007872352e-01 9.751954531286304295e-01 7.892478151561159727e-01 7.200016839922062095e-01 -9.564224316190697017e-01 1.464994065811973201e+01
3.604512629260249179e-01 6.298327223729839608e-02 7.778849644583810674e-01 8.454357892274454445e-01 8.267729642837901016e-01 2.410395499549957132e-01 -1.172911009936872695e+00 1.532481562838192346e+01
2.782375847651412659e-01 3.417076917627213939e-02 8.849601301599887559e-01 9.216465883887832167e-01 7.875864550883324711e-01 6.653300790762368688e-01 -1.244524152055357824e+00 1.393959079336757867e+01
3.313678078699289209e-01 6.171105513135023701e-02 7.476196824053189527e-01 9.326462693234387480e-01 8.299732513314886928e-01 2.367175256300896313e-02 -8.200988404312319346e-01 1.491842264047330779e+01
3.236714347356574040e-01 5.869111815998862003e-02 5.919653287755354265e-01 1.168739809869708601e+00 8.520284060075882238e-01 6.164541481201690765e-01 -9.087236571108312511e-01 1.476665597476206138e+01
2.730769476977075727e-01 3.540345547742296262e-02 7.815576534965700262e-01 9.297042984691944456e-01 8.381415992427769801e-01 1.299463134231921280e-01 -1.268793808135812551e+00 1.491173570528529524e+01
3.445692243924617371e-01 6.721061902931343979e-02 5.729450717449147135e-01 1.031832631949289203e+00 7.972071769941090347e-01 1.939771915584143080e-01 -9.609297087682933114e-01 1.471833338039401085e+01
4.018307161264671468e-01 5.856712824811166618e-02 6.354976268591212563e-01 9.482325339707607936e-01 8.367139034197685898e-01 8.301330948260847720e-01 -8.434326168069519181e-01 1.493861715932755985e+01
2.988017814061757482e-01 5.160378603186831226e-02 7.397934022307816049e-01 9.710927057372777949e-01 8.381479087109606763e-01 9.810031054230949898e-02 -9.768689818059308472e-01 1.492311548270691901e+01
3.853980926602867951e-01 3.552081456327724901e-02 7.059032331604244703e-01 8.095490776109242059e-01 8.736416299205028713e-01 3.470750480118649506e-01 -1.107009992108861196e+00 1.533643842154593173e+01
2.952250456396575684e-01 3.347743373189985411e-02 5.827969770560079699e-01 1.174140562029818424e+00 7.429520671079952177e-01 8.814873411335915065e-01 -9.299094272149726059e-01 1.309928047531109208e+01
3.983984858806342011e-01 6.637205228862341766e-02 5.143810153179987354e-01 1.071847354205500258e+00 7.827591808139839902e-01 7.893831941765619975e-01 -8.941262739784543445e-01 1.496025123717795680e+01
3.991023281353796026e-01 6.092352898557244767e-02 6.540999244727753181e-01 8.588951347364893740e-01 8.482670167978082487e-01 7.181655726598801248e-02 -1.220477495856260086e+00 1.513210785444412920e+01
3.591647459954442345e-01 6.262261825713116847e-02 7.109198311103944734e-01 9.512310899365848949e-01 7.966176908156965553e-01 8.445317061697524830e-01 -1.004650953205957764e+00 1.479552252975629933e+01
3.348830225669513494e-01 6.077938892595617648e-02 5.739718910544273633e-01 1.110630733378754176e+00 8.535532737672388848e-01 3.353448044276663431e-01 -9.671872691689538115e-01 1.490303745290276183e+01
2.536854748487833433e-01 5.933289358273278330e-02 7.254700134923045551e-01 1.153124518538128029e+00 8.028064807535398861e-01 4.903221200454816464e-01 -1.035914049329421438e+00 1.473594331038224325e+01
4.455341081380287394e-01 6.477515457275626054e-02 5.154568977056526169e-01 9.651648584420011723e-01 8.431237922854704081e-01 3.768193704660050547e-01 -7.067535684248396066e-01 1.495869360503904488e+01
4.299665409583059983e-01 5.337796735355168631e-02 5.342931222607965047e-01 9.843569739566246923e-01 8.546709399282415021e-01 5.682185951481472097e-01 -9.302973991012689625e-01 1.543514315962342920e+01
4.517877138234779322e-01 6.208702949063905213e-02 5.596683798646683305e-01 9.584740968559626317e-01 8.068536367835873468e-01 9.919027907832350666e-01 -8.667918234851262893e-01 1.489649741026902774e+01
2.600104985371282096e-01 3.458831286256876247e-02 8.539102710093998683e-01 9.560199999669206639e-01 8.137020097946046082e-01 5.417936295714700368e-01 -1.248064029389568175e+00 1.483368800017983702e+01
3.057074798644846547e-01 3.102556269455689075e-02 6.270541425723530349e-01 1.057279790198935920e+00 7.781919222538415948e-01 6.553964900725036680e-01 -9.226731952041062890e-01 1.362892856907411598e+01
2.538518421014603899e-01 3.505126988176038294e-02 7.359409885362102610e-01 1.063613235882177932e+00 8.857567122262026693e-01 6.752229093904482671e-02 -1.020609799158278541e+00 1.482527161462511778e+01
4.837792379334112658e-01 5.382593543264310026e-02 5.311455493255564653e-01 8.589068367536411008e-01 7.979585429791643536e-01 6.125793267428291111e-01 -8.916098106286065583e-01 1.494247620187108794e+01
3.057074798644846547e-01 3.102556269455689075e-02 6.270541425723530349e-01 1.057279790198935920e+00 7.781919222538415948e-01 6.553964900725036680e-01 -9.226731952041062890e-01 1.362892856907411598e+01
3.345777978776631745e-01 5.222184893100614844e-02 8.615105924681869531e-01 8.150283029734847196e-01 8.253026021051081962e-01 2.064352424492129079e-01 -1.142363325651403416e+00 1.485087610215342657e+01
3.183651059403529437e-01 4.217938826397471530e-02 7.116705496124502428e-01 9.512211294569024034e-01 7.753605578667792653e-01 2.671128105520728102e-01 -1.292074633856710175e+00 1.412571653576408437e+01
4.009362150072821596e-01 5.495608907553904687e-02 5.366858266278626832e-01 9.520284563815794021e-01 8.071712799565126106e-01 1.967038428502188574e-01 -7.873970438762426527e-01 1.466003650083897192e+01
3.380885687199222112e-01 6.400144133913848732e-02 6.961685700318346326e-01 1.018213543173926761e+00 7.361503070583790276e-01 6.482832504681868002e-01 -1.241361822973606532e+00 1.379692424685462271e+01
2.988017814061757482e-01 5.160378603186831226e-02 7.397934022307816049e-01 9.710927057372777949e-01 8.381479087109606763e-01 9.810031054230949898e-02 -9.768689818059308472e-01 1.492311548270691901e+01
3.037469931148809588e-01 4.778517205605184448e-02 6.320471731544275995e-01 1.032192912063478296e+00 8.322740434072302129e-01 3.276554775288540999e-01 -1.097784913444062038e+00 1.493101426936987686e+01
3.164558638776167054e-01 6.328021283084334092e-02 6.971495640087062018e-01 1.091007147377976771e+00 8.159534565512700510e-01 8.938048540476277726e-01 -1.102091089674255731e+00 1.499461983547829824e+01
3.206366456610512672e-01 4.960525537214238723e-02 6.439622539558387260e-01 1.062734392639575365e+00 7.475697260290274926e-01 8.730097692721529024e-01 -1.010959675129364133e+00 1.367747143906693807e+01
3.931243132333516188e-01 5.637558770194968372e-02 5.587792310969191822e-01 1.035667698219486121e+00 7.930176717604737746e-01 9.119511018303907424e-01 -9.945014665520972574e-01 1.485405017854799148e+01
4.726678944002129512e-01 4.884096487127287389e-02 5.865798807611817267e-01 8.011037852950503302e-01 8.363345152183261355e-01 3.216660191524385315e-01 -7.575684313751278598e-01 1.486497166346879339e+01
3.413677112920439072e-01 4.087871337890888745e-02 7.122500026609126511e-01 9.123239135298604197e-01 8.501284821499650590e-01 5.227564058725618912e-01 -1.063971435227240248e+00 1.496518102585650212e+01
3.267335492352871906e-01 4.139475496199356008e-02 7.842219169629928155e-01 8.981074094233532090e-01 7.987405497656213660e-01 9.239852224419322635e-01 -9.969590711593597776e-01 1.441939761642944440e+01
2.524270722165015135e-01 5.077254509522662052e-02 7.920614087771929990e-01 1.066603779369648342e+00 8.011707634473002049e-01 6.231596538847353761e-01 -8.961040676283122952e-01 1.455857604593871457e+01
3.065910947051766478e-01 5.825011112824847459e-02 6.168133576859738954e-01 1.078834406735840412e+00 8.536814892104389596e-01 9.546748386974890366e-02 -9.264503817195013369e-01 1.467152954151274535e+01
4.717567500278323500e-01 6.874317601872681482e-02 5.940498425303459840e-01 8.773657025935162057e-01 7.866952480100880551e-01 9.150495833236673704e-01 -7.825855745477500180e-01 1.467937027674251027e+01
3.354653628645887231e-01 5.471241706461681120e-02 7.415503512397541019e-01 9.067245919998332404e-01 8.203487574155468032e-01 3.725638121681844606e-01 -1.223702609749223846e+00 1.513486415800254825e+01
2.731256269559541039e-01 6.329823088901739836e-02 7.932809369438081903e-01 1.046229699310543326e+00 8.450683530872482585e-01 7.726797426088782839e-02 -1.103246184069445412e+00 1.487808144427671131e+01
4.624834042784347066e-01 6.203856027105463661e-02 5.463788628442718398e-01 9.156665903774179327e-01 8.662042578214790289e-01 3.321569604627848116e-01 -1.116855752568588933e+00 1.554299429551898371e+01
3.169471375392374779e-01 6.889667093898210748e-02 5.791475184793686282e-01 1.128317973813943054e+00 8.317336660761642797e-01 8.815576072028941113e-02 -1.276503025421593440e+00 1.521594221876465802e+01
3.937201161144855410e-01 6.480743253576654039e-02 5.355161836968234113e-01 1.012525736072555471e+00 8.719967143619096195e-01 3.076089182121266585e-02 -1.275731716265567917e+00 1.536034898025794604e+01
3.656294356779145049e-01 6.557858559865833992e-02 5.451905412966350228e-01 1.032985605124269624e+00 8.068089818227168752e-01 3.443313420914857481e-01 -1.086571801624635514e+00 1.489670352489984317e+01
3.592491837168656499e-01 6.879012845970704226e-02 6.013595614173949944e-01 1.022976551750806040e+00 7.553491494210441415e-01 6.207522014018259648e-01 -8.951785768747941852e-01 1.437074598526265667e+01
4.475099990408627493e-01 4.813855113459616919e-02 5.935070611187950318e-01 8.225986883036232600e-01 8.722675659970282602e-01 1.624385105489301040e-02 -1.033654945866811170e+00 1.530126253963257277e+01
3.869068028857453045e-01 6.296724685177816638e-02 7.105820404890098585e-01 8.405393227641216880e-01 8.111998819077788081e-01 2.330972761792894365e-01 -9.058284109243746052e-01 1.480831031738181203e+01
2.896960776118999714e-01 4.810011761131505886e-02 8.541308470020119170e-01 9.450407017957087596e-01 8.255385893271129927e-01 7.488740412353992459e-01 -1.022262147864857695e+00 1.470453278575427625e+01
3.319713600691030497e-01 3.767659583171367038e-02 8.945562564168683117e-01 8.134141363333995400e-01 8.789696213743022346e-01 8.263755226535507425e-01 -1.033304201033829361e+00 1.523674791049636212e+01
4.035064893888392623e-01 5.584997843642154625e-02 5.936461001558858142e-01 9.335893720502902449e-01 8.689796183378259986e-01 1.226073647274289469e-01 -9.304306519141856135e-01 1.518516886669358534e+01
4.995035083530326991e-01 5.156786612920681578e-02 6.101157282991012121e-01 8.160727027978099679e-01 8.849781069486608587e-01 9.170740346006710508e-01 -1.211057604399494947e+00 1.597577110297830849e+01
2.899692602744630143e-01 6.485078615582140493e-02 6.953772166962299828e-01 1.057869069659217232e+00 8.129045482865077110e-01 1.789605495229929510e-01 -1.135394593312695877e+00 1.482524732446936433e+01
4.441505886249882407e-01 6.709062206530949646e-02 5.636201703260962370e-01 9.080122214712883499e-01 7.775762708945495039e-01 8.593506010978196885e-01 -1.068303981880173836e+00 1.478055002235548798e+01
3.183651059403529437e-01 4.217938826397471530e-02 7.116705496124502428e-01 9.512211294569024034e-01 7.753605578667792653e-01 2.671128105520728102e-01 -1.292074633856710175e+00 1.412571653576408437e+01
3.961105901242167882e-01 5.496509713160086658e-02 6.531045219066732299e-01 8.903286637023974937e-01 8.202035046350123482e-01 7.463879383064115913e-01 -9.916263828065949859e-01 1.486262891554507526e+01
3.756677004190468461e-01 3.092970941808757812e-02 6.587578628767714051e-01 8.043890119997587629e-01 8.396010978577355122e-01 2.146630077566294981e-01 -1.077654843577970478e+00 1.504321460398105259e+01
3.550649435357837724e-01 6.760451722690782872e-02 8.351936180906383012e-01 8.482824773709481958e-01 8.274673690757682332e-01 1.770542574811603265e-01 -1.132147289768488996e+00 1.519288531644881424e+01
2.522064442796911887e-01 5.320970574072057813e-02 6.406744604784536667e-01 1.188553643370916735e+00 8.085160451475742471e-01 4.217002710473519711e-01 -9.090672378004680532e-01 1.471865512049112468e+01
3.471548368278111196e-01 6.100334469715240626e-02 8.992585989356560727e-01 8.188272684681203728e-01 7.840982967330487607e-01 9.471102138432387907e-01 -1.223746616363558637e+00 1.444859319127335340e+01
3.936721746333466943e-01 3.486556035037126355e-02 6.238631692547783603e-01 8.761650301616522585e-01 8.541143078691958435e-01 5.807618310519022664e-01 -9.526361963875125127e-01 1.492260278573843735e+01
4.376667862009255838e-01 6.609087798859154816e-02 5.455876474114496055e-01 8.619777661875348551e-01 7.964609606810439946e-01 1.532795306594423312e-01 -7.182966212174261011e-01 1.430694333935511509e+01
3.336138465925447827e-01 6.218066916129552646e-02 6.319782594726570668e-01 1.103444478864484157e+00 7.182697208470092409e-01 9.451022466796956678e-01 -1.162195573125849979e+00 1.341105954754877949e+01
2.085534634214959993e-01 4.215744885319212820e-02 8.326318769555618449e-01 1.157338743406517212e+00 8.091613256848765312e-01 6.653336634805345762e-01 -1.113235709228507009e+00 1.450528067897383089e+01
3.070134523359866474e-01 4.888858595755379843e-02 8.924240518177852799e-01 9.256760037965097165e-01 8.770338080196149466e-01 7.819891564070741152e-01 -7.471343940316510501e-01 1.483578300503134173e+01
3.859218262449619630e-01 6.994161080516124451e-02 8.624537127887681454e-01 8.332633409960709114e-01 8.897886283660501050e-01 4.683958711517309803e-01 -1.043123547589776434e+00 1.541851537033476482e+01
3.639230261134551725e-01 4.552535940163575379e-02 5.372513900836435319e-01 9.984084711798906220e-01 8.326991701937146440e-01 1.313170939089202127e-01 -8.741468430689505187e-01 1.481128947070732238e+01
2.713770017171454052e-01 4.318375889437110066e-02 7.489599073307591226e-01 1.040542444028374813e+00 7.853672364585582155e-01 6.840587141088249057e-01 -8.971865296899266262e-01 1.426735153588248117e+01
2.424633139382212921e-01 3.662080976799648308e-02 6.092253706676976632e-01 1.194451179282713937e+00 8.383543167018612241e-01 5.095852729079267673e-01 -1.139910836124782945e+00 1.477641707766906620e+01
4.438520591164270002e-01 6.320252848200896834e-02 6.357682214496216400e-01 8.330821585945841212e-01 8.134351396887452568e-01 6.198072395746357932e-01 -7.179759025190259880e-01 1.461944331978570411e+01
3.363885123986843917e-01 6.535942595836197189e-02 8.077917509826466613e-01 9.220761249959642525e-01 8.622662237948028885e-01 8.642334056210543292e-02 -1.034603029626789183e+00 1.504460016738732264e+01
2.720048172215449034e-01 3.351270220459386801e-02 8.389672085687830405e-01 9.307498012999507742e-01 8.032455604863470988e-01 5.770980747415093148e-01 -1.196594203993776917e+00 1.446636910795398023e+01
2.260555447569074783e-01 5.803969319119709619e-02 8.657566394883047245e-01 1.125658073674362658e+00 8.067529159754406320e-01 6.388858925763163388e-01 -1.090554775246364905e+00 1.458741950356133366e+01
2.338139141305382307e-01 4.772714144656732549e-02 6.359256566639748254e-01 1.190351967825876711e+00 8.164158837088151266e-01 3.059717607303519826e-01 -1.211233343604507073e+00 1.478704598750043253e+01
4.026495705855399621e-01 3.583727510862688009e-02 5.272205551026108994e-01 9.193607581429237285e-01 8.208414545093741799e-01 3.271275194674506670e-01 -1.199593131273220425e+00 1.493752819764430839e+01
3.931243132333516188e-01 5.637558770194968372e-02 5.587792310969191822e-01 1.035667698219486121e+00 7.930176717604737746e-01 9.119511018303907424e-01 -9.945014665520972574e-01 1.485405017854799148e+01
3.899082101199022876e-01 5.391242167422943821e-02 6.066818682989657541e-01 9.749672518377671127e-01 8.063504363418583232e-01 9.653650961010301623e-01 -1.141131986705096413e+00 1.496123678099221621e+01
3.160268136719737164e-01 6.501078621113484668e-02 8.252093716227864029e-01 9.442938704488647028e-01 7.704546657682289634e-01 8.743918167998652180e-01 -1.128276907389551553e+00 1.427628589859037689e+01
3.306573316801439955e-01 6.543643128129680853e-02 7.642698560962121190e-01 9.465552137156063583e-01 7.951382745188753098e-01 6.393601094420564568e-01 -1.134510509419301094e+00 1.482760192345292083e+01
3.899082101199022876e-01 5.391242167422943821e-02 6.066818682989657541e-01 9.749672518377671127e-01 8.063504363418583232e-01 9.653650961010301623e-01 -1.141131986705096413e+00 1.496123678099221621e+01
3.328847587287205312e-01 6.002051360276405845e-02 7.066982903007872352e-01 9.751954531286304295e-01 7.892478151561159727e-01 7.200016839922062095e-01 -9.564224316190697017e-01 1.464994065811973201e+01
4.153130970950356105e-01 5.754403875494719378e-02 6.873554467641389554e-01 8.863379739405601310e-01 8.536841806958609391e-01 8.014478392539663432e-01 -1.235929724520826944e+00 1.522035493951048046e+01
3.791326422893189774e-01 3.622633727324824082e-02 5.191252398673394941e-01 9.368721439054406019e-01 8.082948262721073585e-01 1.640511233077934228e-01 -8.537116528137052018e-01 1.469883974169531804e+01
3.178752514336153912e-01 5.332935543910821696e-02 5.546527206343540017e-01 1.172513192509267999e+00 8.116941461812603453e-01 8.226184211654987699e-01 -1.255017121140401093e+00 1.478833131354265795e+01
4.860603955200191173e-01 3.120804484842654852e-02 5.000355046600174491e-01 8.413578075763562536e-01 8.390876213949880480e-01 3.641205189003634546e-01 -8.013041137650005474e-01 1.488698050472371293e+01
3.591647459954442345e-01 6.262261825713116847e-02 7.109198311103944734e-01 9.512310899365848949e-01 7.966176908156965553e-01 8.445317061697524830e-01 -1.004650953205957764e+00 1.479552252975629933e+01
2.660824457335245752e-01 3.985952238995742886e-02 8.715301328826658978e-01 9.392673573819860788e-01 8.466157462589649629e-01 6.150484508349381985e-01 -1.261273728923077986e+00 1.491179397825405317e+01
3.892604919128687113e-01 6.149983768021512892e-02 8.134178200209021270e-01 8.225869090620764323e-01 8.306407480060575832e-01 9.309264193861770398e-01 -8.523349812215508248e-01 1.476121697223286233e+01
4.513884481354990541e-01 4.462949672587457339e-02 5.716202886206253053e-01 8.433694648866980614e-01 8.562805074074151257e-01 1.345472233827080810e-01 -1.091566510266438916e+00 1.549174232647222738e+01
2.615170403978317459e-01 4.934783793431787857e-02 7.845158777844725151e-01 1.091924721777681961e+00 8.618038083331517329e-01 5.056238387498903641e-01 -1.020156943441776543e+00 1.482588773986043762e+01
3.470940077562827963e-01 5.481815722819877862e-02 5.586104219074998767e-01 1.068207510680533101e+00 7.496640296216787736e-01 6.572610761171924221e-01 -1.064415716992915373e+00 1.430544285520303305e+01
4.146639880393504507e-01 5.505861615012459798e-02 5.776842838690019466e-01 9.046844792097540333e-01 8.128173862632850355e-01 4.531851143268169069e-01 -1.124376718544168208e+00 1.498979847606136673e+01
2.899692602744630143e-01 6.485078615582140493e-02 6.953772166962299828e-01 1.057869069659217232e+00 8.129045482865077110e-01 1.789605495229929510e-01 -1.135394593312695877e+00 1.482524732446936433e+01
4.397493048224336842e-01 6.962265613093292227e-02 5.308139581328100709e-01 9.782760689080267635e-01 8.271207952389694196e-01 4.834356232017636423e-01 -8.973979915966108223e-01 1.520437608679698016e+01
3.539797734379606098e-01 6.800655642585280714e-02 5.592221608295595559e-01 1.094644702366349698e+00 7.638752223634824867e-01 8.530045489067804576e-01 -9.040243835902146419e-01 1.448245190219888912e+01
3.483534721463894535e-01 6.061159125639749290e-02 6.089602138201716253e-01 9.911262527964241897e-01 7.772500466151717191e-01 7.237286161150213726e-02 -1.013452322852639309e+00 1.395999026097303997e+01
4.455341081380287394e-01 6.477515457275626054e-02 5.154568977056526169e-01 9.651648584420011723e-01 8.431237922854704081e-01 3.768193704660050547e-01 -7.067535684248396066e-01 1.495869360503904488e+01
4.278503928634278530e-01 5.972258676116780352e-02 6.756325777099099206e-01 8.530507439838499462e-01 8.463671473064922068e-01 5.840281444870636385e-01 -8.050842149305216244e-01 1.498556156974104603e+01
3.277088024100641706e-01 3.516983212961474758e-02 7.456179399595254109e-01 9.230060401222384137e-01 8.270015138818274103e-01 9.976995187253903108e-01 -1.099807922481372824e+00 1.481143187240560799e+01
3.164963789144126238e-01 6.088033512149938764e-02 6.368641215464367900e-01 1.044042309644149569e+00 7.968460789308592362e-01 3.065935685772316344e-01 -1.124760546784694837e+00 1.489967010692051730e+01
3.420329772953147884e-01 6.625378451732658047e-02 5.338599111875249603e-01 1.083686680716021256e+00 7.374760849980802613e-01 5.749315838304134285e-01 -1.027433334086878647e+00 1.449080542708052555e+01
3.445692243924617371e-01 6.721061902931343979e-02 5.729450717449147135e-01 1.031832631949289203e+00 7.972071769941090347e-01 1.939771915584143080e-01 -9.609297087682933114e-01 1.471833338039401085e+01
3.847473057188992573e-01 6.516909662434780537e-02 7.066155129998876738e-01 9.126624726619215755e-01 8.322713336824077990e-01 7.565304516691859771e-01 -8.458067399238052841e-01 1.486130617966941969e+01
3.388285033721392669e-01 4.717646237753106431e-02 8.422993746799796178e-01 8.396656958544713723e-01 8.310571463606031273e-01 8.130714509528556011e-01 -9.704662180176377717e-01 1.488816131847960555e+01
4.995035083530326991e-01 5.156786612920681578e-02 6.101157282991012121e-01 8.160727027978099679e-01 8.849781069486608587e-01 9.170740346006710508e-01 -1.211057604399494947e+00 1.597577110297830849e+01
3.317410213614256920e-01 3.279292112912281232e-02 7.096465925543088415e-01 9.117333450937128436e-01 8.775139386887655935e-01 3.541956133397083928e-01 -9.202370992322161936e-01 1.485961764721147915e+01
3.461262385359371585e-01 3.650314864370670515e-02 6.738687976253191492e-01 9.651650076845930126e-01 8.654223996468791702e-01 6.979533195470962736e-01 -8.637835816757224450e-01 1.491554749573212924e+01
3.070134523359866474e-01 4.888858595755379843e-02 8.924240518177852799e-01 9.256760037965097165e-01 8.770338080196149466e-01 7.819891564070741152e-01 -7.471343940316510501e-01 1.483578300503134173e+01
3.865125262482028701e-01 6.533186321348383174e-02 6.746664976255993817e-01 9.647615064745228564e-01 8.406709205027460552e-01 7.967045116252852166e-01 -1.289836742380305434e+00 1.538038648579501988e+01
2.885757562204142590e-01 6.463840577602175674e-02 6.809211782301840543e-01 1.080854087281249321e+00 7.648082535319996600e-01 2.390054805808493610e-01 -1.299955630588974120e+00 1.469268314329834979e+01
2.844211594175738989e-01 5.287958709428469684e-02 8.848778459898796189e-01 9.060648396467384513e-01 8.218404332262913004e-01 8.657837299728865510e-02 -1.243795781659577049e+00 1.483355965929137277e+01
3.362071919655760244e-01 5.723811599768330316e-02 6.221026706367486225e-01 1.081364260596509697e+00 7.418027313084332164e-01 6.861693554968426589e-01 -1.031980919691989573e+00 1.343122111300458776e+01
3.686362281677394437e-01 5.956979206338873511e-02 8.098338868699854753e-01 8.685490239939357426e-01 8.446373550187852297e-01 7.649598818267542288e-01 -7.310941373201292892e-01 1.496887965993052205e+01
4.076930208889835150e-01 6.246500703989271014e-02 5.762357310789703035e-01 9.142713284706056598e-01 8.084604906976834426e-01 2.287364500903027453e-01 -1.162003183836420428e+00 1.502394465355061115e+01
3.200237134617985868e-01 4.913795993692122999e-02 6.877079581836066380e-01 9.563509219738293154e-01 7.877076514493220882e-01 2.162252466486267455e-01 -1.230880930293916764e+00 1.494581633589091929e+01
3.277431966433451138e-01 5.399927478704862061e-02 7.056351993707177250e-01 1.052218592287665455e+00 8.503717371753857224e-01 9.965896726943044293e-01 -7.854525416280349059e-01 1.486212488166722068e+01
3.900216623187434672e-01 5.155705776930259721e-02 6.509912454956068295e-01 9.427347009083576479e-01 8.224198210780093721e-01 9.946879077280383896e-01 -7.689090219267444848e-01 1.478285621975391706e+01
4.107389026238273955e-01 5.995645268823696084e-02 6.033756957598284121e-01 9.424944837881260584e-01 7.801195770216814429e-01 9.770736803429613815e-01 -1.214187444739630140e+00 1.503580884029365805e+01
3.538977678154330286e-01 5.546550752054402178e-02 7.433208035170881800e-01 8.830833716594781446e-01 8.225498821194912047e-01 3.333077078448594133e-01 -9.700347477536279683e-01 1.471080794643000189e+01
3.699645720950746064e-01 6.033946347283909717e-02 8.963382916669453415e-01 8.115937060075516518e-01 8.818215236876902896e-01 7.361307111787205315e-01 -8.739373555908841462e-01 1.535346239444307948e+01
3.608863647049898038e-01 6.829074481723224066e-02 6.234109171114083914e-01 1.083402927825767303e+00 8.533107751054371803e-01 7.461822094139389794e-01 -8.536144338865687686e-01 1.501590423404943131e+01
3.732435945561322077e-01 5.055435989528898888e-02 6.002491421953961570e-01 9.761920195895715802e-01 7.886411860873235868e-01 9.610448076577675636e-01 -1.218794918555903051e+00 1.478268044615799148e+01
3.503873132652836064e-01 5.786349321342212915e-02 6.758357573777018512e-01 1.000982056315977031e+00 8.346525264501384322e-01 7.699553432331600611e-01 -8.782312802309752975e-01 1.486759145981259245e+01
2.946264096120548848e-01 3.235347481998936126e-02 7.043203078477501267e-01 9.349256326351205182e-01 8.517794740763309225e-01 2.573092549125011175e-02 -8.228098038885568455e-01 1.475427721275052662e+01
3.049440200678472657e-01 5.206235956542742960e-02 8.888228518813510171e-01 8.828202225544068416e-01 8.127201262690755268e-01 5.516341758671728934e-01 -1.016436715417014192e+00 1.455837777726162940e+01
3.397014601544395829e-01 6.015888933236232528e-02 8.642085773952454808e-01 8.816647272712013761e-01 8.743550155720516415e-01 3.630847171106880711e-01 -1.049230493268427988e+00 1.508787111641280632e+01
3.380885687199222112e-01 6.400144133913848732e-02 6.961685700318346326e-01 1.018213543173926761e+00 7.361503070583790276e-01 6.482832504681868002e-01 -1.241361822973606532e+00 1.379692424685462271e+01
2.578678812935909503e-01 3.651946608453172233e-02 6.813928943381999392e-01 1.095688375485020849e+00 7.637707533732296383e-01 6.153851528267414439e-01 -1.098502383373769486e+00 1.415377349918875893e+01
4.067845412365177493e-01 6.423114700618759443e-02 6.177627149703517340e-01 9.000983250606695574e-01 8.094603245492586474e-01 3.197675370393630034e-01 -9.450391407367191299e-01 1.484186420613355928e+01
3.037469931148809588e-01 4.778517205605184448e-02 6.320471731544275995e-01 1.032192912063478296e+00 8.322740434072302129e-01 3.276554775288540999e-01 -1.097784913444062038e+00 1.493101426936987686e+01
4.668930311823125123e-01 4.754486797085749616e-02 5.250993538140753536e-01 9.600472530512947911e-01 8.719241476852658268e-01 8.114341311282585734e-01 -1.128361196859323234e+00 1.566056808960681934e+01
3.402567573454576833e-01 5.672141587239428601e-02 6.195591031779289493e-01 1.039721677332664518e+00 8.417071170318631834e-01 3.891402756494274362e-01 -1.161681569615169662e+00 1.516213728362145119e+01
3.094780089518690547e-01 5.871240640069838590e-02 7.753081042118702415e-01 9.802060961121489280e-01 8.244588907415675294e-01 5.339593165548573994e-01 -1.059243341152198203e+00 1.477996656926887376e+01
3.077484361755705722e-01 3.559262725802925242e-02 5.015959246208303579e-01 1.136700593859243602e+00 7.578158110820123472e-01 6.346797500070042730e-01 -1.179865014970170600e+00 1.427926991782208432e+01
3.842418580589993526e-01 6.557423629114152164e-02 8.026861278401306032e-01 8.258288089349076211e-01 8.536405813433582956e-01 6.001928801942982838e-01 -1.030894929406401594e+00 1.515269191852886799e+01
3.864860517478310165e-01 3.453187757146330972e-02 5.486300382768416473e-01 8.846929538166093954e-01 8.083745401898009275e-01 1.767074850434811051e-01 -1.235842634916828775e+00 1.473592882273395688e+01
3.571639372746212571e-01 3.100132694555603544e-02 6.738937264782194347e-01 8.919407786181612341e-01 8.648747843366035859e-01 5.202687768944987967e-01 -1.154805972379801426e+00 1.531907671810285620e+01
3.378672610601739512e-01 4.904542834718293026e-02 6.089171519698154400e-01 9.803363721025014632e-01 7.961548574460439731e-01 1.001315889890569411e-01 -1.067364763385765247e+00 1.454124107499829321e+01
3.043905686717426340e-01 6.286188318890231774e-02 8.382790057918130255e-01 9.257980601633284401e-01 7.951609108695810724e-01 1.311817480505511613e-01 -1.218884952002921018e+00 1.478729502574578447e+01
3.010139534661366856e-01 6.312009844378224654e-02 7.946314537529803879e-01 1.003324383548237053e+00 7.476217855474004415e-01 5.522226220560002563e-01 -1.094805451186536827e+00 1.403019815902330514e+01
4.475099990408627493e-01 4.813855113459616919e-02 5.935070611187950318e-01 8.225986883036232600e-01 8.722675659970282602e-01 1.624385105489301040e-02 -1.033654945866811170e+00 1.530126253963257277e+01
3.112880923213832696e-01 3.796326279322906339e-02 6.876596282623972378e-01 1.005446144307863721e+00 8.040096504267453259e-01 8.960492096272659746e-01 -9.573392054359020076e-01 1.448418759204793638e+01
2.307830471986344889e-01 4.194091716858442537e-02 8.097503798241538764e-01 1.117920797309321257e+00 8.067893305043229990e-01 9.663642858284013926e-01 -1.286193193576279814e+00 1.472482499755839669e+01
3.246126677615419620e-01 6.794260551842309925e-02 7.245350667023625624e-01 9.888636278824679549e-01 7.841016548633561456e-01 5.750396633435237437e-01 -1.087056900433039264e+00 1.455460501682498098e+01
2.862194269325211149e-01 5.362724280154916590e-02 8.251408122734220640e-01 9.734999011602437635e-01 8.348371629162387730e-01 6.388900619971460415e-02 -1.052880625535639103e+00 1.476320548353276330e+01
3.206366456610512672e-01 4.960525537214238723e-02 6.439622539558387260e-01 1.062734392639575365e+00 7.475697260290274926e-01 8.730097692721529024e-01 -1.010959675129364133e+00 1.367747143906693807e+01
3.529839207991652961e-01 6.600529601609075869e-02 6.276410307847797299e-01 1.119301758663497015e+00 8.301432847479719435e-01 9.839331031579822140e-01 -7.991574866714514780e-01 1.486947764882450507e+01
4.137129055816888279e-01 6.983688775636548440e-02 6.134173949158250316e-01 9.048408693841047956e-01 7.915400691567073821e-01 5.388958547212037153e-01 -9.304588687195111119e-01 1.474713244200883899e+01
2.849391438276981381e-01 3.355126074966244265e-02 6.305936824832799603e-01 1.017027158789535646e+00 8.566121032949922665e-01 6.822640538730939674e-03 -1.015046859155164682e+00 1.477753307428429075e+01
3.574637376624806295e-01 5.050122233652681869e-02 6.810071686159516746e-01 9.696993099930997229e-01 8.561854626595095663e-01 7.353633534524178783e-01 -1.254541602652852417e+00 1.531884366219635751e+01
3.153864318145879198e-01 5.414631315578936899e-02 8.348973523437567268e-01 9.265453762791696635e-01 8.364180423601590419e-01 5.007125520656825479e-01 -1.138214012214416870e+00 1.487059110873124368e+01
4.146639880393504507e-01 5.505861615012459798e-02 5.776842838690019466e-01 9.046844792097540333e-01 8.128173862632850355e-01 4.531851143268169069e-01 -1.124376718544168208e+00 1.498979847606136673e+01
3.345054364530226643e-01 5.359714387026670579e-02 8.392852180958938479e-01 8.721514182813262517e-01 8.472700211638071188e-01 9.020480467107951927e-01 -1.110632025189560279e+00 1.503906981448682245e+01
3.922146932872254688e-01 4.727819947721251942e-02 5.101512493216523447e-01 1.018837242290079992e+00 8.314738349221904024e-01 3.059372990059596176e-01 -7.228189936472496635e-01 1.484393830096526123e+01
3.861773642160472031e-01 5.045388967407211239e-02 7.188111853273860818e-01 8.210319974253005304e-01 7.981123168853836436e-01 7.012038459170018001e-01 -1.198019284481853353e+00 1.472205577268572796e+01
3.647604513053761544e-01 6.069687069232788251e-02 7.528902048906618294e-01 8.827665876846352289e-01 8.322817487990125107e-01 4.991715758589224672e-01 -1.196670042065245410e+00 1.506556310755498629e+01
3.378553848059546727e-01 4.261941922153340834e-02 6.308223970378404877e-01 1.005087434797702794e+00 8.422801277864959690e-01 5.806560466624173245e-01 -1.205285218525114832e+00 1.505423904827552306e+01
3.926584356184172897e-01 3.276088679029925954e-02 5.025035933944805855e-01 9.391150247385843253e-01 8.570169877319718799e-01 1.836420521382370330e-02 -9.274015782493871818e-01 1.523378345354933749e+01
3.830613294222490195e-01 6.713058590311345164e-02 7.984346104099341312e-01 8.651122174416477906e-01 8.462958362960197878e-01 8.651779545988511622e-01 -8.217279523397518215e-01 1.505868520720828307e+01
3.988173253930309414e-01 4.670823413269695190e-02 7.178881625537379962e-01 8.177006407351680162e-01 8.708586240268096912e-01 1.634219266949244465e-01 -7.109797222598538413e-01 1.504245906092526930e+01
3.741379425352941990e-01 6.571054804718613751e-02 6.420650026831775659e-01 9.843074745275823823e-01 7.285113202422629497e-01 8.343695561409952832e-01 -9.536126733735106331e-01 1.405158299388864407e+01
4.857166911859003289e-01 6.735266505801880410e-02 5.274252655662992062e-01 9.008806693052966441e-01 8.497773181890637684e-01 3.202341494645777886e-01 -9.128645004380007144e-01 1.548525234297965802e+01
2.862194269325211149e-01 5.362724280154916590e-02 8.251408122734220640e-01 9.734999011602437635e-01 8.348371629162387730e-01 6.388900619971460415e-02 -1.052880625535639103e+00 1.476320548353276330e+01
3.112880923213832696e-01 3.796326279322906339e-02 6.876596282623972378e-01 1.005446144307863721e+00 8.040096504267453259e-01 8.960492096272659746e-01 -9.573392054359020076e-01 1.448418759204793638e+01
3.608757695709720048e-01 6.084890569983793240e-02 8.239069839212104229e-01 8.155821045695800242e-01 8.447643644897655513e-01 1.574313128854282207e-01 -9.979942524636387091e-01 1.509548146033194627e+01
3.732435945561322077e-01 5.055435989528898888e-02 6.002491421953961570e-01 9.761920195895715802e-01 7.886411860873235868e-01 9.610448076577675636e-01 -1.218794918555903051e+00 1.478268044615799148e+01
2.358782001640906401e-01 5.639665114591441153e-02 7.492184190376347530e-01 1.131132491647057092e+00 7.510454954589945720e-01 6.170988924480004245e-01 -1.239808095775203789e+00 1.467492347046070122e+01
4.571495667264676710e-01 4.969271051909086856e-02 6.648770329053959038e-01 8.370720785102069295e-01 8.981941780250284335e-01 9.288568554904328423e-01 -8.171530448933889135e-01 1.528301982683312943e+01
4.837792379334112658e-01 5.382593543264310026e-02 5.311455493255564653e-01 8.589068367536411008e-01 7.979585429791643536e-01 6.125793267428291111e-01 -8.916098106286065583e-01 1.494247620187108794e+01
3.470940077562827963e-01 5.481815722819877862e-02 5.586104219074998767e-01 1.068207510680533101e+00 7.496640296216787736e-01 6.572610761171924221e-01 -1.064415716992915373e+00 1.430544285520303305e+01
3.173872057114561773e-01 5.006417680568502060e-02 5.887823296218714919e-01 1.061651216346271465e+00 7.577227408393026886e-01 3.512146296697479797e-01 -1.251191241828814249e+00 1.440264119448853108e+01
3.922146932872254688e-01 4.727819947721251942e-02 5.101512493216523447e-01 1.018837242290079992e+00 8.314738349221904024e-01 3.059372990059596176e-01 -7.228189936472496635e-01 1.484393830096526123e+01
3.094780089518690547e-01 5.871240640069838590e-02 7.753081042118702415e-01 9.802060961121489280e-01 8.244588907415675294e-01 5.339593165548573994e-01 -1.059243341152198203e+00 1.477996656926887376e+01
2.995792342389893559e-01 3.114430861462504085e-02 8.236304194804479062e-01 8.850736610168450369e-01 8.012344134458078138e-01 8.314530258671751772e-01 -1.101988300815877508e+00 1.437215394051071726e+01
3.445692243924617371e-01 6.721061902931343979e-02 5.729450717449147135e-01 1.031832631949289203e+00 7.972071769941090347e-01 1.939771915584143080e-01 -9.609297087682933114e-01 1.471833338039401085e+01
3.731426275911057244e-01 4.075129328307048465e-02 6.824570563815430813e-01 8.813954303060362871e-01 8.103086398617302955e-01 8.494009500109758193e-01 -8.426528724689010819e-01 1.462644519544874022e+01
3.175818457411953011e-01 3.958595728712335088e-02 8.692591591061962220e-01 8.073856540145938343e-01 8.135825645864764866e-01 3.885853685259205159e-02 -1.207736540809626336e+00 1.438093021559619089e+01
2.357493894536490942e-01 3.188100148674613554e-02 7.328106552320282630e-01 1.072505120213043339e+00 8.589968182133238539e-01 2.213036547332861703e-01 -1.150972832389456357e+00 1.493028329523901832e+01
3.471981937452465194e-01 6.248524798419997917e-02 5.712081842486846917e-01 1.039015739814928674e+00 7.477384016093781005e-01 4.263643824152658635e-01 -1.085602414418365136e+00 1.445069349224296928e+01
4.123149132125177863e-01 4.567556814770731832e-02 6.542636309741430845e-01 8.929141622145124746e-01 8.514422353055339787e-01 7.343269451270220127e-01 -1.140458975490347804e+00 1.516070899043288023e+01
3.686362281677394437e-01 5.956979206338873511e-02 8.098338868699854753e-01 8.685490239939357426e-01 8.446373550187852297e-01 7.649598818267542288e-01 -7.310941373201292892e-01 1.496887965993052205e+01
3.225135121720940079e-01 3.145756274166088690e-02 6.237040292079381043e-01 9.396314266979555185e-01 8.269374904404748206e-01 4.267462615489470146e-02 -9.523196751110518665e-01 1.460327137269882591e+01
2.534454835690677088e-01 4.252665817607879928e-02 6.100518773998365729e-01 1.157899056210757394e+00 7.780480816101020825e-01 4.186540492152711623e-01 -1.051194986137602649e+00 1.416179314745447648e+01
3.106293002457497510e-01 3.540255208944229071e-02 7.884823749076110833e-01 9.010961727288520073e-01 8.015917260165069669e-01 9.421412702374127868e-01 -9.986307349298702007e-01 1.431601281091434785e+01
3.988173253930309414e-01 4.670823413269695190e-02 7.178881625537379962e-01 8.177006407351680162e-01 8.708586240268096912e-01 1.634219266949244465e-01 -7.109797222598538413e-01 1.504245906092526930e+01
3.527150586015194156e-01 3.768901309464798427e-02 7.881690582836206049e-01 8.784364655949273848e-01 8.701475099392239620e-01 9.437578928920385968e-01 -1.270532270603490721e+00 1.531285806797793292e+01
3.315030595701117244e-01 5.578142773426053580e-02 5.994241037864223021e-01 1.087807001009549079e+00 7.426970741361155204e-01 9.323951299779440482e-01 -8.909468727855940351e-01 1.405421353306068077e+01
3.956118864918526379e-01 4.587509583834053356e-02 6.031584650097002731e-01 9.148675524599644282e-01 8.358365651246995043e-01 4.312533294618329793e-01 -7.540564823953240792e-01 1.490665707863153067e+01
4.325528743280725452e-01 6.466357054905171042e-02 6.295348271140488450e-01 8.629760771975580891e-01 8.228708152722206126e-01 4.149960778819240526e-01 -7.087179252081440284e-01 1.487043009892561685e+01
3.250760451698641029e-01 4.030145971750873080e-02 8.449116724013780999e-01 8.063518898376312860e-01 8.230188687272698145e-01 2.506990535418620047e-01 -9.881601292798418701e-01 1.488663716660915703e+01
3.791326422893189774e-01 3.622633727324824082e-02 5.191252398673394941e-01 9.368721439054406019e-01 8.082948262721073585e-01 1.640511233077934228e-01 -8.537116528137052018e-01 1.469883974169531804e+01
4.193105390713837144e-01 5.862182881341555796e-02 6.742857746170376476e-01 8.883199518092468328e-01 8.407713021173152113e-01 9.433448548967250380e-01 -9.113562119329505773e-01 1.502294526309320410e+01
3.146933837441953097e-01 6.894395113356145688e-02 8.794290720563271435e-01 9.309128740667653723e-01 7.862755169610557981e-01 9.230386252739533059e-01 -1.196896081418624469e+00 1.478484115313786518e+01
3.558428610319533947e-01 5.469412087125321426e-02 6.566349105267818009e-01 9.111945449170978373e-01 8.098502627101912266e-01 8.103436495691651587e-02 -8.334318446413548909e-01 1.455551073877997759e+01
2.844211594175738989e-01 5.287958709428469684e-02 8.848778459898796189e-01 9.060648396467384513e-01 8.218404332262913004e-01 8.657837299728865510e-02 -1.243795781659577049e+00 1.483355965929137277e+01
3.169639632122304151e-01 5.990114598646762573e-02 8.287991065031421467e-01 9.770305583216156720e-01 8.456042126867864273e-01 8.541569926083998343e-01 -1.175037801403310933e+00 1.513050324484599329e+01
3.599863884901526312e-01 4.032713645364740390e-02 5.596615147121796197e-01 1.029897243262215767e+00 7.857680866348861759e-01 8.963465247660031832e-01 -8.358102442494870221e-01 1.456213121060319615e+01
3.014649725220979182e-01 3.003702033957507053e-02 5.395995476781390021e-01 1.085391280475030307e+00 7.618060126494141659e-01 4.612821388026310809e-01 -1.226548116564651236e+00 1.444049817773270483e+01
3.493041239353991134e-01 6.444867225695666280e-02 7.108822857243108917e-01 9.303830053095131225e-01 7.743592058560448965e-01 2.332118064453534423e-01 -1.270724590480275529e+00 1.433269084343942446e+01
3.114387065249034636e-01 3.688407473102147532e-02 5.753986806753544903e-01 1.132459997843080712e+00 8.117861862670130435e-01 9.018066294177369269e-01 -1.018167487705144980e+00 1.468720686057171854e+01
2.856672629285027520e-01 3.762227038127579498e-02 7.640302405827057441e-01 9.518036393926436745e-01 7.899276244792545754e-01 5.303170831413456243e-01 -1.194250484034148574e+00 1.434124811131440502e+01
3.554166571797089391e-01 5.921893341342016753e-02 8.038289806157343786e-01 8.966676519855449889e-01 8.602157418856091198e-01 7.460756489681072967e-01 -9.131016806438865263e-01 1.514441824080646448e+01
3.855228759976655484e-01 4.535665322311665387e-02 5.887383049745065211e-01 9.160320111829659551e-01 8.683189434105682558e-01 9.920741653579590036e-03 -1.052220515462218398e+00 1.528162619264504585e+01
3.031265702928374606e-01 5.932443368219483815e-02 5.788053666582956280e-01 1.075599596790606238e+00 7.701514597094244463e-01 4.765810596062225457e-02 -1.077097077757453780e+00 1.453874005307095096e+01
2.731256269559541039e-01 6.329823088901739836e-02 7.932809369438081903e-01 1.046229699310543326e+00 8.450683530872482585e-01 7.726797426088782839e-02 -1.103246184069445412e+00 1.487808144427671131e+01
3.416011417452523569e-01 4.236222659742735347e-02 7.753370174695326522e-01 8.198356355010490981e-01 8.388684320890874568e-01 1.551270930125394631e-01 -1.190101459725627864e+00 1.500283296507065600e+01
2.977003109206383114e-01 4.366524479541803588e-02 7.506878110423280681e-01 9.640606552796728845e-01 7.719575732885849417e-01 6.233490798477395733e-01 -1.215701829680484014e+00 1.452046492399162148e+01
2.524270722165015135e-01 5.077254509522662052e-02 7.920614087771929990e-01 1.066603779369648342e+00 8.011707634473002049e-01 6.231596538847353761e-01 -8.961040676283122952e-01 1.455857604593871457e+01
2.588380777010985678e-01 6.080920267956172603e-02 8.544822935976901235e-01 1.090838171191004680e+00 8.182035229232196283e-01 6.717172973778140488e-01 -1.035257297175578906e+00 1.461673020127189382e+01
3.483534721463894535e-01 6.061159125639749290e-02 6.089602138201716253e-01 9.911262527964241897e-01 7.772500466151717191e-01 7.237286161150213726e-02 -1.013452322852639309e+00 1.395999026097303997e+01
3.755371785536884000e-01 5.297893299190284400e-02 5.683062022375625633e-01 1.033918671551033786e+00 8.115556132968124725e-01 7.236428257757203664e-01 -1.098195512304939836e+00 1.500702833206379339e+01
4.035064893888392623e-01 5.584997843642154625e-02 5.936461001558858142e-01 9.335893720502902449e-01 8.689796183378259986e-01 1.226073647274289469e-01 -9.304306519141856135e-01 1.518516886669358534e+01
2.889234815345141927e-01 3.060736013147923040e-02 8.286101531801961517e-01 8.919501199042345618e-01 8.148191481866110530e-01 4.412316425577693102e-01 -1.233521918648707416e+00 1.442185777962933990e+01
3.898529138544287731e-01 4.548599630064158877e-02 5.379485790740053952e-01 1.052317271074903360e+00 8.250230819744239774e-01 9.479124151352256167e-01 -1.279040208609595108e+00 1.520177923422867039e+01
2.491482029719261915e-01 5.783262220176997592e-02 8.713131595179719469e-01 1.035792422448135408e+00 8.020440911270548812e-01 1.590438672106205265e-01 -1.226512629761028261e+00 1.491043251803893455e+01
3.148011550904683542e-01 4.885549356332602455e-02 8.481077806253866092e-01 8.625048500954349828e-01 8.336193338295704303e-01 3.905354845962940580e-01 -9.768184146984166816e-01 1.465117775269208167e+01
3.404115163596949101e-01 4.166556368305086855e-02 7.636630317413801716e-01 8.144567223882233087e-01 8.176233335079400311e-01 1.998308843449431160e-01 -1.194347785710272891e+00 1.485044787043590730e+01
3.163498019842951869e-01 3.863806032451859440e-02 6.161650747986298082e-01 1.039680460188260991e+00 7.762645598004128678e-01 8.031748299424890103e-01 -9.094134311617325661e-01 1.387409878945892494e+01
3.859537144811330256e-01 6.861902007538418780e-02 7.087369109885491847e-01 8.922055738673753122e-01 7.834178242175572349e-01 8.119067734535192482e-01 -8.126150854640769028e-01 1.452335463221826650e+01
2.856672629285027520e-01 3.762227038127579498e-02 7.640302405827057441e-01 9.518036393926436745e-01 7.899276244792545754e-01 5.303170831413456243e-01 -1.194250484034148574e+00 1.434124811131440502e+01
2.878020789903987797e-01 5.874095958468955603e-02 7.325330683793361830e-01 1.014401675650061341e+00 7.924464549472035602e-01 1.202532708307954001e-01 -1.181045006469654046e+00 1.474599705292722618e+01
4.035064893888392623e-01 5.584997843642154625e-02 5.936461001558858142e-01 9.335893720502902449e-01 8.689796183378259986e-01 1.226073647274289469e-01 -9.304306519141856135e-01 1.518516886669358534e+01
3.786636447241127357e-01 4.984394458256471289e-02 5.961759577836150958e-01 1.001439707643404509e+00 7.966525773951557143e-01 9.184048014680482597e-01 -7.782587606120653367e-01 1.459220099138128823e+01
4.668930311823125123e-01 4.754486797085749616e-02 5.250993538140753536e-01 9.600472530512947911e-01 8.719241476852658268e-01 8.114341311282585734e-01 -1.128361196859323234e+00 1.566056808960681934e+01
3.241874238825925847e-01 5.059302052622421941e-02 5.830511490254711715e-01 1.054330291889478799e+00 7.612630716780404150e-01 4.591197619265123264e-01 -1.172212500550674275e+00 1.423055296689028992e+01
3.109827269868204458e-01 3.470254118916279995e-02 8.611582652660545456e-01 8.291266597289645990e-01 8.180489903780668870e-01 3.136734652574886262e-01 -1.294626895577787540e+00 1.387311568325398170e+01
3.274896782534912898e-01 3.366113626949927135e-02 5.506291336691823135e-01 1.114045554357615764e+00 8.545510960860707161e-01 7.076479909417554559e-01 -1.115927431047683438e+00 1.491924940067191940e+01
3.929715412709408051e-01 5.067058779336973406e-02 6.619233743832516614e-01 8.764001815018520603e-01 8.396553097701834334e-01 3.219631563901040328e-01 -8.419288296167507513e-01 1.500328212246540360e+01
3.761916092693197156e-01 6.583939935752386452e-02 7.454294471390795485e-01 8.353529023745261961e-01 8.017818831273646474e-01 2.790053250615874836e-01 -1.177881746007120034e+00 1.461006508208175525e+01
4.348366667029153199e-01 5.585178577579276438e-02 5.638157670020927936e-01 9.081853531658686807e-01 8.265217974807413936e-01 4.376417904341398657e-01 -8.049556676941118649e-01 1.486543271243892228e+01
3.599863884901526312e-01 4.032713645364740390e-02 5.596615147121796197e-01 1.029897243262215767e+00 7.857680866348861759e-01 8.963465247660031832e-01 -8.358102442494870221e-01 1.456213121060319615e+01
2.522064442796911887e-01 5.320970574072057813e-02 6.406744604784536667e-01 1.188553643370916735e+00 8.085160451475742471e-01 4.217002710473519711e-01 -9.090672378004680532e-01 1.471865512049112468e+01
3.438632753959456334e-01 5.972316246489887265e-02 6.324657474351115249e-01 1.015723850141778906e+00 7.458833377277827026e-01 6.327988013142018531e-01 -1.162118650270796749e+00 1.429765669716764975e+01
3.716925604306678954e-01 5.560060136895846050e-02 5.744974213635595239e-01 1.079153108426989416e+00 7.892800573341604009e-01 9.579757511727491348e-01 -1.174121662571766755e+00 1.507468312022748869e+01
3.902966596715132797e-01 3.047824815250329764e-02 5.091963561027014196e-01 9.379581222338997382e-01 8.317827924262938266e-01 2.677529978667291255e-01 -1.026329847376472371e+00 1.495140014144731566e+01
4.060434426248309414e-01 6.301395761678138530e-02 6.470487644628678536e-01 8.891956374773727356e-01 8.129638259000820932e-01 6.059687759770668869e-01 -7.932543109055631980e-01 1.496207977327703453e+01
3.110787167358711192e-01 3.804821922996948907e-02 6.930573352321679481e-01 1.009805037436715347e+00 8.266201943385773632e-01 8.113527073556456859e-01 -1.084772637586585375e+00 1.490169133079469965e+01
2.588380777010985678e-01 6.080920267956172603e-02 8.544822935976901235e-01 1.090838171191004680e+00 8.182035229232196283e-01 6.717172973778140488e-01 -1.035257297175578906e+00 1.461673020127189382e+01
4.073741957949720272e-01 4.165878896907419804e-02 5.600810321574916095e-01 9.100993055752186756e-01 8.659686419749220709e-01 1.514316115755016123e-01 -1.035238767453551700e+00 1.520091084494668365e+01
3.595713416528543149e-01 4.602879668920467626e-02 5.508451882371657726e-01 1.008335376252297522e+00 7.818096543216975780e-01 6.923671393921567718e-01 -1.075008504288363032e+00 1.479153956098475575e+01
3.160268136719737164e-01 6.501078621113484668e-02 8.252093716227864029e-01 9.442938704488647028e-01 7.704546657682289634e-01 8.743918167998652180e-01 -1.128276907389551553e+00 1.427628589859037689e+01
2.524430944948399813e-01 3.026496059787667572e-02 8.685201733411962444e-01 9.527916932512137116e-01 8.046163460180040250e-01 7.897903591056630868e-01 -1.076769216729421164e+00 1.447282397171022161e+01
3.247181688361910901e-01 4.297563510451167523e-02 5.234294483008211651e-01 1.159014562902231704e+00 7.343070967803506655e-01 7.829309115870395352e-01 -1.052310375846465584e+00 1.341144521425831293e+01
2.615170403978317459e-01 4.934783793431787857e-02 7.845158777844725151e-01 1.091924721777681961e+00 8.618038083331517329e-01 5.056238387498903641e-01 -1.020156943441776543e+00 1.482588773986043762e+01
3.755371785536884000e-01 5.297893299190284400e-02 5.683062022375625633e-01 1.033918671551033786e+00 8.115556132968124725e-01 7.236428257757203664e-01 -1.098195512304939836e+00 1.500702833206379339e+01
3.508458956675548635e-01 6.309347644856877491e-02 6.711629509078794742e-01 9.818602711434754049e-01 7.947473660422363917e-01 7.114315104778741183e-01 -8.134157343826958764e-01 1.454687302984396879e+01
3.238749999233182519e-01 6.554971665643173628e-02 6.522054476919056931e-01 1.050295933197630260e+00 7.593381402556619308e-01 8.549329014844563313e-01 -1.062516241708423070e+00 1.454540065546680339e+01
2.625660436561708111e-01 4.249244148473138583e-02 8.829441060491320936e-01 9.625768693172506163e-01 8.128242068999729231e-01 3.247322951957793968e-01 -1.143353840972300750e+00 1.489877709378512272e+01
3.202119827026396193e-01 4.463739087269782968e-02 5.311351737055864941e-01 1.054947168706402705e+00 8.067779574605066228e-01 1.061502941177189241e-02 -1.038486254895068184e+00 1.481806884492751841e+01
3.274896782534912898e-01 3.366113626949927135e-02 5.506291336691823135e-01 1.114045554357615764e+00 8.545510960860707161e-01 7.076479909417554559e-01 -1.115927431047683438e+00 1.491924940067191940e+01
2.615170403978317459e-01 4.934783793431787857e-02 7.845158777844725151e-01 1.091924721777681961e+00 8.618038083331517329e-01 5.056238387498903641e-01 -1.020156943441776543e+00 1.482588773986043762e+01
3.181835840587712294e-01 5.482623699608800416e-02 8.476567720449330601e-01 9.064786455086180084e-01 8.553243451670706765e-01 3.118103242866249181e-01 -9.470102776291469127e-01 1.497299519359959952e+01
2.814513421357690559e-01 4.343467945375324019e-02 8.657362982855201228e-01 9.167733482549355051e-01 8.450133436442481827e-01 1.368521034902782652e-01 -9.965073098313819155e-01 1.470307658475952550e+01
4.029020740159577896e-01 4.969931052224933754e-02 5.291122808973419689e-01 1.038310935602558160e+00 8.434973584661153989e-01 6.892557771202703076e-01 -7.610446288476248045e-01 1.503592878565507007e+01
2.856672629285027520e-01 3.762227038127579498e-02 7.640302405827057441e-01 9.518036393926436745e-01 7.899276244792545754e-01 5.303170831413456243e-01 -1.194250484034148574e+00 1.434124811131440502e+01
2.653520026657595343e-01 5.281102642835857480e-02 6.345721935791472923e-01 1.090066031402431745e+00 7.799119843767778892e-01 2.206508574643353260e-01 -1.043969230994828967e+00 1.464881508773990326e+01
2.899144741795157687e-01 5.113761700641036162e-02 8.189939613712560185e-01 9.432958400997892845e-01 7.872492334309052486e-01 7.989536181124806680e-02 -9.609989159817602378e-01 1.429266895264053261e+01
3.771877468109628984e-01 6.507067984964992613e-02 7.827457001738360454e-01 8.895251972957283204e-01 8.320686031184040266e-01 9.988867967882715249e-01 -8.073971655773474199e-01 1.496479500414531749e+01
3.478140680575970145e-01 6.704659180660085815e-02 6.026070286795237596e-01 9.892222132409709268e-01 8.047268918565174678e-01 1.292208534132277542e-02 -1.042485925793862789e+00 1.455290890424703321e+01
3.315225020401164624e-01 3.983429975450838989e-02 6.868299831860105176e-01 9.446845013397329183e-01 8.573310070298461039e-01 4.175058672692474881e-01 -9.583469522969574328e-01 1.494204025216262544e+01
3.110787167358711192e-01 3.804821922996948907e-02 6.930573352321679481e-01 1.009805037436715347e+00 8.266201943385773632e-01 8.113527073556456859e-01 -1.084772637586585375e+00 1.490169133079469965e+01
3.469284446874534855e-01 4.393060482899833336e-02 6.218487477278540343e-01 9.738411553539627619e-01 7.758227793685685825e-01 8.809351952031522215e-01 -1.016334771854566776e+00 1.450470390407087784e+01
3.153864318145879198e-01 5.414631315578936899e-02 8.348973523437567268e-01 9.265453762791696635e-01 8.364180423601590419e-01 5.007125520656825479e-01 -1.138214012214416870e+00 1.487059110873124368e+01
2.498228691878005836e-01 3.216051824794332464e-02 7.726949496213628699e-01 9.681178007119118911e-01 8.536025467065542216e-01 1.964863511751735459e-03 -1.249511551653036845e+00 1.468669807714722531e+01
3.197802838378598911e-01 5.750719672095419566e-02 6.539799461535884539e-01 1.029290396506917560e+00 8.017427083790109599e-01 3.829182568264888897e-01 -7.977494695985548612e-01 1.458175246699855165e+01
3.014649725220979182e-01 3.003702033957507053e-02 5.395995476781390021e-01 1.085391280475030307e+00 7.618060126494141659e-01 4.612821388026310809e-01 -1.226548116564651236e+00 1.444049817773270483e+01
3.155610364507157595e-01 6.235319843745102536e-02 7.718651228497985795e-01 9.636226832682268650e-01 8.288619523080382745e-01 3.640155771101010185e-01 -9.463223109821445878e-01 1.478657790002299777e+01
2.536854748487833433e-01 5.933289358273278330e-02 7.254700134923045551e-01 1.153124518538128029e+00 8.028064807535398861e-01 4.903221200454816464e-01 -1.035914049329421438e+00 1.473594331038224325e+01
2.570966123482259502e-01 5.835899904785818437e-02 7.879941765860049019e-01 1.057001627828050738e+00 8.505387939198860714e-01 4.398675551384495508e-02 -1.119369573863202127e+00 1.474545617072083026e+01
3.761916092693197156e-01 6.583939935752386452e-02 7.454294471390795485e-01 8.353529023745261961e-01 8.017818831273646474e-01 2.790053250615874836e-01 -1.177881746007120034e+00 1.461006508208175525e+01
4.107389026238273955e-01 5.995645268823696084e-02 6.033756957598284121e-01 9.424944837881260584e-01 7.801195770216814429e-01 9.770736803429613815e-01 -1.214187444739630140e+00 1.503580884029365805e+01
3.429717664908542574e-01 6.701588098080325795e-02 8.588234783788757376e-01 8.573918434132195010e-01 8.138290243883323782e-01 3.107708755648757037e-01 -7.269997323164537617e-01 1.461608371797441741e+01
3.299882403935113784e-01 6.295818005329723022e-02 7.615847820366143939e-01 9.553815425646698944e-01 8.646750287314322048e-01 3.033213558474845417e-02 -7.981307380105339133e-01 1.486353228734170528e+01
3.057074798644846547e-01 3.102556269455689075e-02 6.270541425723530349e-01 1.057279790198935920e+00 7.781919222538415948e-01 6.553964900725036680e-01 -9.226731952041062890e-01 1.362892856907411598e+01
3.244718659024404817e-01 4.322038750017916792e-02 8.883965628640276835e-01 8.159133180204556357e-01 7.961763045349602441e-01 9.343066187443624937e-01 -1.230384006273057551e+00 1.489594388556632865e+01
2.846822444048812129e-01 3.906818419688963540e-02 7.154334778199552547e-01 9.978370208625467752e-01 7.875873169864051615e-01 6.434325548391663929e-01 -1.241240405795141388e+00 1.432033577591300677e+01
3.853980926602867951e-01 3.552081456327724901e-02 7.059032331604244703e-01 8.095490776109242059e-01 8.736416299205028713e-01 3.470750480118649506e-01 -1.107009992108861196e+00 1.533643842154593173e+01
2.837010925112317672e-01 5.232813421000993837e-02 5.233448456033227281e-01 1.133356815880213420e+00 7.921021949383424410e-01 3.321592277493312650e-02 -1.072160706247844875e+00 1.460013209800072609e+01
4.454663129200591154e-01 5.246820903532921354e-02 5.469747486967660999e-01 9.444901425869913769e-01 8.489973165985902348e-01 6.968572333224891668e-01 -9.873633770416034849e-01 1.519837662793358568e+01
3.530505835904710343e-01 6.800654448040210909e-02 6.544948692448999683e-01 9.921406965475784157e-01 8.074889915832751397e-01 5.782828005498088508e-01 -1.043029668573514313e+00 1.477729881541385915e+01
3.344613288465130285e-01 5.608910979369484406e-02 7.897336568975609206e-01 8.769035902238503377e-01 8.246503265615027223e-01 1.707169796637959536e-01 -7.316908929853890298e-01 1.469058123119213377e+01
4.153076878842315578e-01 6.168477473974783021e-02 7.145689063159911258e-01 8.515843390846045136e-01 8.397153624851186882e-01 7.912504855822078964e-01 -7.869493528936728488e-01 1.492408835123177901e+01
3.665432286241796511e-01 6.444903065055587743e-02 6.670902318897690142e-01 1.007065415056039415e+00 8.347765307572369009e-01 7.945989971166171895e-01 -1.077374214371399130e+00 1.508892789508167809e+01
3.178752514336153912e-01 5.332935543910821696e-02 5.546527206343540017e-01 1.172513192509267999e+00 8.116941461812603453e-01 8.226184211654987699e-01 -1.255017121140401093e+00 1.478833131354265795e+01
4.591483532819516933e-01 4.040355999830796963e-02 5.599707551348390711e-01 8.295634684727211106e-01 8.385592661883045640e-01 4.308068633092295707e-01 -8.112342846355991011e-01 1.492694222519772929e+01
2.832488888213646749e-01 3.524113507857384864e-02 8.970654092926342305e-01 9.141601746951218965e-01 8.712797968443390939e-01 6.655147650047259500e-01 -9.554750495456639792e-01 1.489577091914304496e+01
3.335327564889114527e-01 6.362520954360444125e-02 8.351916867248951881e-01 8.704307811196551059e-01 7.895326724579228017e-01 5.343126260832633534e-01 -1.218890388588375728e+00 1.468060088190952861e+01
3.063921684062811401e-01 4.259177928958580994e-02 6.856398260288063540e-01 9.756096695831555365e-01 8.304279669157259569e-01 3.047336048399918451e-01 -8.028246366481579521e-01 1.456294982130212645e+01
3.202119827026396193e-01 4.463739087269782968e-02 5.311351737055864941e-01 1.054947168706402705e+00 8.067779574605066228e-01 1.061502941177189241e-02 -1.038486254895068184e+00 1.481806884492751841e+01
3.225473005580106189e-01 5.660109200521558359e-02 7.889492561180514452e-01 9.213272619460214363e-01 8.214482995624883266e-01 3.275534632442212990e-01 -8.867539586078339031e-01 1.475710783005308713e+01
4.624834042784347066e-01 6.203856027105463661e-02 5.463788628442718398e-01 9.156665903774179327e-01 8.662042578214790289e-01 3.321569604627848116e-01 -1.116855752568588933e+00 1.554299429551898371e+01
3.041092115073229518e-01 3.706134775609008780e-02 8.645702081542319117e-01 8.831493396978997712e-01 8.519103706785599028e-01 6.962350000285629781e-01 -1.099867919307542685e+00 1.499990942853121645e+01
3.111587708179256451e-01 3.146726604417224987e-02 8.235175631959454901e-01 8.101296393747545732e-01 8.514083490834805090e-01 6.118179313209459735e-03 -1.214375803594547776e+00 1.516642521969700574e+01
3.335302101709019529e-01 5.786283211778739388e-02 5.748592442101823075e-01 1.127511357272084513e+00 8.149531618028538205e-01 7.571893124337490955e-01 -1.057228648985215624e+00 1.492721664091456546e+01
3.206366456610512672e-01 4.960525537214238723e-02 6.439622539558387260e-01 1.062734392639575365e+00 7.475697260290274926e-01 8.730097692721529024e-01 -1.010959675129364133e+00 1.367747143906693807e+01
3.756677004190468461e-01 3.092970941808757812e-02 6.587578628767714051e-01 8.043890119997587629e-01 8.396010978577355122e-01 2.146630077566294981e-01 -1.077654843577970478e+00 1.504321460398105259e+01
4.029020740159577896e-01 4.969931052224933754e-02 5.291122808973419689e-01 1.038310935602558160e+00 8.434973584661153989e-01 6.892557771202703076e-01 -7.610446288476248045e-01 1.503592878565507007e+01
4.470332291861731644e-01 5.139894324745004905e-02 6.112143035310129147e-01 8.402048471962113574e-01 8.199638627266556679e-01 6.374924506410888370e-01 -9.385956851539498658e-01 1.490986621964681191e+01
3.106293002457497510e-01 3.540255208944229071e-02 7.884823749076110833e-01 9.010961727288520073e-01 8.015917260165069669e-01 9.421412702374127868e-01 -9.986307349298702007e-01 1.431601281091434785e+01
3.459122606838035408e-01 4.107582436793232039e-02 7.217706378325040584e-01 8.468635768955634635e-01 8.546225215196032732e-01 2.305608012372888926e-01 -1.170736502071678009e+00 1.481849582897950057e+01
3.628958542022333589e-01 4.838453140292607590e-02 6.238091848002903506e-01 9.717368137705069131e-01 7.979484141784429774e-01 8.928600537467945575e-01 -9.367032881486698770e-01 1.462426391875243148e+01
4.883140554690047486e-01 4.638555425233346907e-02 5.191023051091931961e-01 8.189568313558368562e-01 8.748717665119086773e-01 1.396451109719132333e-02 -1.171435662361381524e+00 1.555150108586812685e+01
3.680705112967124215e-01 3.572316515902908968e-02 6.116208996955267985e-01 8.910247006156407634e-01 8.141715322723162007e-01 1.629149734638636327e-01 -7.337346289967664470e-01 1.477754692920435176e+01
2.798885926395551227e-01 3.826931029320350397e-02 8.256678359636850928e-01 9.045003320247844147e-01 8.348149164709930403e-01 1.731453223709907840e-01 -1.230780187312167095e+00 1.480111060059690864e+01
3.679424563449872343e-01 6.358541414197553532e-02 6.432763172857879352e-01 9.234306356541265304e-01 8.126226803322335046e-01 1.093336952602056433e-01 -9.444022823509427012e-01 1.478555224420168202e+01
2.600104985371282096e-01 3.458831286256876247e-02 8.539102710093998683e-01 9.560199999669206639e-01 8.137020097946046082e-01 5.417936295714700368e-01 -1.248064029389568175e+00 1.483368800017983702e+01
3.400030427316237391e-01 5.623764866140368995e-02 6.992403713652713959e-01 9.002103149557321160e-01 8.199410891574017146e-01 1.634131958200875645e-01 -1.172130742272581960e+00 1.486510367334990512e+01
2.896960776118999714e-01 4.810011761131505886e-02 8.541308470020119170e-01 9.450407017957087596e-01 8.255385893271129927e-01 7.488740412353992459e-01 -1.022262147864857695e+00 1.470453278575427625e+01
3.899082101199022876e-01 5.391242167422943821e-02 6.066818682989657541e-01 9.749672518377671127e-01 8.063504363418583232e-01 9.653650961010301623e-01 -1.141131986705096413e+00 1.496123678099221621e+01
3.105996511075810873e-01 5.194414625316118306e-02 8.043804184424845349e-01 8.866000450002150535e-01 8.009082183664082422e-01 6.772902169192274169e-02 -1.229678562680700082e+00 1.483596767238699066e+01
3.598606011849844188e-01 3.492307755857013835e-02 5.580007822019006358e-01 1.015819729089506795e+00 8.743924130791557170e-01 3.591598161560198843e-01 -1.228608967484524639e+00 1.509863301707154193e+01
3.269609445092636069e-01 6.871669094837018488e-02 8.826008798515549980e-01 9.262452157581694268e-01 8.463626674454850507e-01 4.869889019500793781e-01 -1.124971196462737577e+00 1.506439308541032140e+01
3.527274562619222564e-01 4.091262668905535499e-02 7.374825897851431389e-01 8.209215296239960047e-01 8.042658726423204119e-01 1.089510361652486492e-01 -7.739214605230170241e-01 1.446312903250792026e+01
4.995035083530326991e-01 5.156786612920681578e-02 6.101157282991012121e-01 8.160727027978099679e-01 8.849781069486608587e-01 9.170740346006710508e-01 -1.211057604399494947e+00 1.597577110297830849e+01
3.382105014677217469e-01 3.468115861022413177e-02 5.192539048325133244e-01 1.111290691061771474e+00 8.712438037743399644e-01 3.857972407163080542e-01 -1.101709884217184410e+00 1.511744360248076191e+01
4.174223057961529149e-01 6.353046869394493590e-02 5.732330149589920376e-01 9.288915271374459381e-01 8.035035382451114483e-01 5.195792772288696515e-01 -7.927415281718825923e-01 1.472922472760303769e+01
3.653682634381131278e-01 6.527672017150171202e-02 8.636982552437992844e-01 8.075873374558925066e-01 7.902904472593472729e-01 5.331553405792079925e-01 -1.152625935657049183e+00 1.454939219218169555e+01
3.381771662916935317e-01 3.227388600529967899e-02 5.609632063161880122e-01 1.029988891957257291e+00 7.856156702807034486e-01 4.863426775851292794e-01 -7.951014330831552845e-01 1.349895537433047821e+01
2.526951745347739697e-01 6.421544462402273279e-02 8.436690628171568118e-01 1.062725603046648759e+00 8.132481337564754220e-01 3.870723407541349359e-01 -1.142473508058333698e+00 1.469552779794202557e+01
4.513884481354990541e-01 4.462949672587457339e-02 5.716202886206253053e-01 8.433694648866980614e-01 8.562805074074151257e-01 1.345472233827080810e-01 -1.091566510266438916e+00 1.549174232647222738e+01
2.593971773507729450e-01 3.537057522479533644e-02 7.040755071625910411e-01 1.051855979925216733e+00 8.556996488212548213e-01 3.067437223401401347e-01 -1.036275099770755714e+00 1.471445702130923827e+01
3.031955425441899554e-01 3.150169402950647041e-02 6.999062587795183976e-01 9.967244246729689561e-01 8.552300056106078019e-01 7.918171655092121064e-01 -1.187081614933511053e+00 1.506346211818441994e+01
4.184447012834369151e-01 6.713650875441648513e-02 5.019043730463654818e-01 1.017616801171938423e+00 7.926616117100172554e-01 5.155397059883306543e-01 -7.789488455941048217e-01 1.485649188716780600e+01
3.987437255930850188e-01 5.900905442930921146e-02 6.778034583489789267e-01 8.227097330110850759e-01 8.274958335932887099e-01 1.704214331534723015e-01 -9.767560794260634616e-01 1.464543218202345543e+01
3.097521322864389970e-01 5.485672588576443603e-02 5.937501513295208033e-01 1.110275175235688749e+00 8.429825007866365016e-01 2.632927846644066427e-01 -1.282560804452480552e+00 1.518675899994099687e+01
2.506354204307795763e-01 4.812656236724958958e-02 8.725227735987980404e-01 1.003366245843748672e+00 8.413499502375334504e-01 1.096853160058749999e-01 -1.121553531805341120e+00 1.486706909693074152e+01
3.573781784991785226e-01 3.467679564102118389e-02 7.316385939703179409e-01 8.667688142783208649e-01 8.449941833189216212e-01 9.284445232224456390e-01 -1.032992756019316394e+00 1.499487069407062556e+01
3.842418580589993526e-01 6.557423629114152164e-02 8.026861278401306032e-01 8.258288089349076211e-01 8.536405813433582956e-01 6.001928801942982838e-01 -1.030894929406401594e+00 1.515269191852886799e+01
2.317398216812654732e-01 3.668728101808339109e-02 7.418537919812718817e-01 1.066181644349485591e+00 7.999660998537896361e-01 3.398334757213488655e-01 -1.093417760808358397e+00 1.441591747362661913e+01
2.846822444048812129e-01 3.906818419688963540e-02 7.154334778199552547e-01 9.978370208625467752e-01 7.875873169864051615e-01 6.434325548391663929e-01 -1.241240405795141388e+00 1.432033577591300677e+01
4.172121411012191805e-01 6.196799412521743905e-02 5.369440105974769839e-01 9.480312271406537983e-01 7.917495395945015613e-01 3.559088398400876985e-01 -8.957381766670380330e-01 1.472904833281241643e+01
2.579840996440707634e-01 5.254471451892557543e-02 6.126655525772741751e-01 1.139948381209561656e+00 7.847917633499577050e-01 1.463664965261157191e-01 -1.048702054259438743e+00 1.454488939511301915e+01
2.731256269559541039e-01 6.329823088901739836e-02 7.932809369438081903e-01 1.046229699310543326e+00 8.450683530872482585e-01 7.726797426088782839e-02 -1.103246184069445412e+00 1.487808144427671131e+01
3.212529954145827427e-01 3.711773335629070525e-02 5.261315150241202554e-01 1.071786841210893293e+00 8.131584016482090727e-01 3.012590385773438184e-01 -1.158314534854036015e+00 1.506672224428595186e+01
2.526951745347739697e-01 6.421544462402273279e-02 8.436690628171568118e-01 1.062725603046648759e+00 8.132481337564754220e-01 3.870723407541349359e-01 -1.142473508058333698e+00 1.469552779794202557e+01
3.581702506764132821e-01 3.960614754763148310e-02 6.732919173553656433e-01 9.092825557183392693e-01 8.825770908845613771e-01 1.338415549969030338e-01 -1.153401370964299621e+00 1.526474117944416875e+01
2.782375847651412659e-01 3.417076917627213939e-02 8.849601301599887559e-01 9.216465883887832167e-01 7.875864550883324711e-01 6.653300790762368688e-01 -1.244524152055357824e+00 1.393959079336757867e+01
2.371753183563320988e-01 3.098569528564137573e-02 7.049650797365313304e-01 1.100711316860160771e+00 7.774534959583907501e-01 3.911530461587566787e-01 -1.284313217283849173e+00 1.421542319435378765e+01
3.599863884901526312e-01 4.032713645364740390e-02 5.596615147121796197e-01 1.029897243262215767e+00 7.857680866348861759e-01 8.963465247660031832e-01 -8.358102442494870221e-01 1.456213121060319615e+01
2.832488888213646749e-01 3.524113507857384864e-02 8.970654092926342305e-01 9.141601746951218965e-01 8.712797968443390939e-01 6.655147650047259500e-01 -9.554750495456639792e-01 1.489577091914304496e+01
3.926584356184172897e-01 3.276088679029925954e-02 5.025035933944805855e-01 9.391150247385843253e-01 8.570169877319718799e-01 1.836420521382370330e-02 -9.274015782493871818e-01 1.523378345354933749e+01
3.461262385359371585e-01 3.650314864370670515e-02 6.738687976253191492e-01 9.651650076845930126e-01 8.654223996468791702e-01 6.979533195470962736e-01 -8.637835816757224450e-01 1.491554749573212924e+01
4.085280694908647314e-01 3.009358685298118771e-02 6.351052654858122537e-01 8.510759732915478271e-01 8.726749907973840870e-01 6.129216445305976091e-01 -9.144596535961062589e-01 1.507009981604270088e+01
3.378553848059546727e-01 4.261941922153340834e-02 6.308223970378404877e-01 1.005087434797702794e+00 8.422801277864959690e-01 5.806560466624173245e-01 -1.205285218525114832e+00 1.505423904827552306e+01
3.055226826062895640e-01 6.507826597297874938e-02 6.003093603813943746e-01 1.162564063251702473e+00 7.374248088236219356e-01 9.703312708019549149e-01 -8.062768192833158487e-01 1.410780839443597223e+01
3.348830225669513494e-01 6.077938892595617648e-02 5.739718910544273633e-01 1.110630733378754176e+00 8.535532737672388848e-01 3.353448044276663431e-01 -9.671872691689538115e-01 1.490303745290276183e+01
2.889234815345141927e-01 3.060736013147923040e-02 8.286101531801961517e-01 8.919501199042345618e-01 8.148191481866110530e-01 4.412316425577693102e-01 -1.233521918648707416e+00 1.442185777962933990e+01
3.169471375392374779e-01 6.889667093898210748e-02 5.791475184793686282e-01 1.128317973813943054e+00 8.317336660761642797e-01 8.815576072028941113e-02 -1.276503025421593440e+00 1.521594221876465802e+01
3.354653628645887231e-01 5.471241706461681120e-02 7.415503512397541019e-01 9.067245919998332404e-01 8.203487574155468032e-01 3.725638121681844606e-01 -1.223702609749223846e+00 1.513486415800254825e+01
3.629336812143433288e-01 3.890672969263712228e-02 6.170192031177682557e-01 1.008855236082334850e+00 8.888238035453441821e-01 7.165122656712957783e-01 -8.671360614323253557e-01 1.508580102669016298e+01
4.009362150072821596e-01 5.495608907553904687e-02 5.366858266278626832e-01 9.520284563815794021e-01 8.071712799565126106e-01 1.967038428502188574e-01 -7.873970438762426527e-01 1.466003650083897192e+01
4.315500666854534817e-01 5.719080334184710457e-02 5.538329432636507343e-01 9.022901970998530308e-01 8.049921038634163528e-01 3.706734858741770333e-01 -8.634595499969139887e-01 1.487386899401914242e+01
4.532200407778045337e-01 6.253308671710300359e-02 5.055528419029984288e-01 9.090231756794020512e-01 8.204132211079293580e-01 1.748414835168565773e-01 -1.247614471111719636e+00 1.506599507468180477e+01
2.676134674384929024e-01 3.367471435465529267e-02 6.200527204040061635e-01 1.142256182852977142e+00 8.916786972213639473e-01 2.963136623047260554e-01 -1.262955097770802171e+00 1.509160827875709288e+01
3.244718659024404817e-01 4.322038750017916792e-02 8.883965628640276835e-01 8.159133180204556357e-01 7.961763045349602441e-01 9.343066187443624937e-01 -1.230384006273057551e+00 1.489594388556632865e+01
3.465045638262709282e-01 5.395118550737533492e-02 6.970978658850961462e-01 9.230162485531082650e-01 8.445991183244897504e-01 2.130605838353244463e-01 -9.134483727192177493e-01 1.496511460715233000e+01
3.453623258260585249e-01 5.740135645313336477e-02 6.892254196019831358e-01 1.070534105121885293e+00 8.700749643785415932e-01 9.870824936216111567e-01 -8.661040770337038452e-01 1.494780760000538855e+01
2.539067235698414526e-01 3.101391265018434151e-02 8.844321778995469785e-01 9.281015853208983701e-01 8.784682636385880983e-01 2.022094790247086493e-02 -1.146292416390399360e+00 1.500906638548031857e+01
3.732435945561322077e-01 5.055435989528898888e-02 6.002491421953961570e-01 9.761920195895715802e-01 7.886411860873235868e-01 9.610448076577675636e-01 -1.218794918555903051e+00 1.478268044615799148e+01
3.961105901242167882e-01 5.496509713160086658e-02 6.531045219066732299e-01 8.903286637023974937e-01 8.202035046350123482e-01 7.463879383064115913e-01 -9.916263828065949859e-01 1.486262891554507526e+01
2.857450419998038837e-01 3.755553624310124100e-02 7.285640488110618485e-01 1.046380180505606106e+00 8.399086380578397737e-01 8.314950541005862172e-01 -1.226601678421406660e+00 1.515891473507561038e+01
2.782375847651412659e-01 3.417076917627213939e-02 8.849601301599887559e-01 9.216465883887832167e-01 7.875864550883324711e-01 6.653300790762368688e-01 -1.244524152055357824e+00 1.393959079336757867e+01
3.527150586015194156e-01 3.768901309464798427e-02 7.881690582836206049e-01 8.784364655949273848e-01 8.701475099392239620e-01 9.437578928920385968e-01 -1.270532270603490721e+00 1.531285806797793292e+01
2.988017814061757482e-01 5.160378603186831226e-02 7.397934022307816049e-01 9.710927057372777949e-01 8.381479087109606763e-01 9.810031054230949898e-02 -9.768689818059308472e-01 1.492311548270691901e+01
3.335302101709019529e-01 5.786283211778739388e-02 5.748592442101823075e-01 1.127511357272084513e+00 8.149531618028538205e-01 7.571893124337490955e-01 -1.057228648985215624e+00 1.492721664091456546e+01
3.005809120211064833e-01 6.078247941565246421e-02 7.182186752204566815e-01 1.021080202111283475e+00 7.657679185512146214e-01 3.444243181175504764e-01 -1.007657990531892311e+00 1.445473421256392399e+01
4.060434426248309414e-01 6.301395761678138530e-02 6.470487644628678536e-01 8.891956374773727356e-01 8.129638259000820932e-01 6.059687759770668869e-01 -7.932543109055631980e-01 1.496207977327703453e+01
3.557238791138609413e-01 6.916449251563724920e-02 8.040817534629736141e-01 8.693891018574768648e-01 8.036160214497759524e-01 3.785571537485388216e-01 -9.183553598877163271e-01 1.441166049249534531e+01
3.468812579401967522e-01 5.822205981836967026e-02 5.567298254873326302e-01 1.116353239715561330e+00 8.367784652708889492e-01 4.984862913244946792e-01 -1.245848676104554631e+00 1.519696325606221166e+01
2.534454835690677088e-01 4.252665817607879928e-02 6.100518773998365729e-01 1.157899056210757394e+00 7.780480816101020825e-01 4.186540492152711623e-01 -1.051194986137602649e+00 1.416179314745447648e+01
2.524430944948399813e-01 3.026496059787667572e-02 8.685201733411962444e-01 9.527916932512137116e-01 8.046163460180040250e-01 7.897903591056630868e-01 -1.076769216729421164e+00 1.447282397171022161e+01
3.656294356779145049e-01 6.557858559865833992e-02 5.451905412966350228e-01 1.032985605124269624e+00 8.068089818227168752e-01 3.443313420914857481e-01 -1.086571801624635514e+00 1.489670352489984317e+01
4.860603955200191173e-01 3.120804484842654852e-02 5.000355046600174491e-01 8.413578075763562536e-01 8.390876213949880480e-01 3.641205189003634546e-01 -8.013041137650005474e-01 1.488698050472371293e+01
2.168661696097469727e-01 4.091886200827558884e-02 8.619995521376615510e-01 1.070677296220764463e+00 8.341496041289787611e-01 1.453913191579596087e-01 -1.182928983155938640e+00 1.464015278484701810e+01
2.567531214060285727e-01 4.912205207614151609e-02 7.575605767848414551e-01 1.061581549013195236e+00 7.978558790340426476e-01 3.756413659234106861e-01 -9.979418269691771037e-01 1.454511004070818458e+01
2.187573460204350895e-01 4.792767675542405209e-02 8.698472254175946272e-01 1.113618096723646422e+00 8.065498352912173763e-01 8.519246377820619553e-01 -1.180575729026495546e+00 1.456139859604036246e+01
4.493984330252663861e-01 4.195491712826100728e-02 5.307365953693919947e-01 9.566478086804817149e-01 8.371007220864777887e-01 9.572951040946844348e-01 -7.155750103732878564e-01 1.493039231969977543e+01
3.929715412709408051e-01 5.067058779336973406e-02 6.619233743832516614e-01 8.764001815018520603e-01 8.396553097701834334e-01 3.219631563901040328e-01 -8.419288296167507513e-01 1.500328212246540360e+01
2.578678812935909503e-01 3.651946608453172233e-02 6.813928943381999392e-01 1.095688375485020849e+00 7.637707533732296383e-01 6.153851528267414439e-01 -1.098502383373769486e+00 1.415377349918875893e+01
3.791326422893189774e-01 3.622633727324824082e-02 5.191252398673394941e-01 9.368721439054406019e-01 8.082948262721073585e-01 1.640511233077934228e-01 -8.537116528137052018e-01 1.469883974169531804e+01
4.103418923598682877e-01 5.027012877843803351e-02 6.592424900422717560e-01 9.356852082709233853e-01 8.826827206472140919e-01 8.967837083773690932e-01 -1.201725600942195271e+00 1.560381142902908280e+01
3.002154884631015319e-01 4.919610299198709513e-02 6.504912271407665703e-01 1.037029567890504822e+00 7.589740026872038303e-01 4.639216671828461092e-01 -1.085820860011353917e+00 1.437121046834195859e+01
4.085099247103579634e-01 5.145283226498810480e-02 6.992192970393191764e-01 8.328894318393946783e-01 8.651556332081223877e-01 6.581095619547890907e-01 -1.234755568354240385e+00 1.554649976623246133e+01
3.478140680575970145e-01 6.704659180660085815e-02 6.026070286795237596e-01 9.892222132409709268e-01 8.047268918565174678e-01 1.292208534132277542e-02 -1.042485925793862789e+00 1.455290890424703321e+01
4.018307161264671468e-01 5.856712824811166618e-02 6.354976268591212563e-01 9.482325339707607936e-01 8.367139034197685898e-01 8.301330948260847720e-01 -8.434326168069519181e-01 1.493861715932755985e+01
3.077484361755705722e-01 3.559262725802925242e-02 5.015959246208303579e-01 1.136700593859243602e+00 7.578158110820123472e-01 6.346797500070042730e-01 -1.179865014970170600e+00 1.427926991782208432e+01
2.731256269559541039e-01 6.329823088901739836e-02 7.932809369438081903e-01 1.046229699310543326e+00 8.450683530872482585e-01 7.726797426088782839e-02 -1.103246184069445412e+00 1.487808144427671131e+01
3.898529138544287731e-01 4.548599630064158877e-02 5.379485790740053952e-01 1.052317271074903360e+00 8.250230819744239774e-01 9.479124151352256167e-01 -1.279040208609595108e+00 1.520177923422867039e+01
4.307981671765572784e-01 6.355947869616729307e-02 6.414304886540078687e-01 8.694944537191470202e-01 8.182489149018647989e-01 7.306227884299749675e-01 -1.113438688283555633e+00 1.510800439273103635e+01
3.647214533058350527e-01 4.107223996661978072e-02 7.355114927798659386e-01 8.282724842648325758e-01 8.499071660232087044e-01 3.752248516852221272e-01 -9.641852823302152764e-01 1.510581754673460964e+01
3.529839207991652961e-01 6.600529601609075869e-02 6.276410307847797299e-01 1.119301758663497015e+00 8.301432847479719435e-01 9.839331031579822140e-01 -7.991574866714514780e-01 1.486947764882450507e+01
3.937201161144855410e-01 6.480743253576654039e-02 5.355161836968234113e-01 1.012525736072555471e+00 8.719967143619096195e-01 3.076089182121266585e-02 -1.275731716265567917e+00 1.536034898025794604e+01
2.844211594175738989e-01 5.287958709428469684e-02 8.848778459898796189e-01 9.060648396467384513e-01 8.218404332262913004e-01 8.657837299728865510e-02 -1.243795781659577049e+00 1.483355965929137277e+01
2.424633139382212921e-01 3.662080976799648308e-02 6.092253706676976632e-01 1.194451179282713937e+00 8.383543167018612241e-01 5.095852729079267673e-01 -1.139910836124782945e+00 1.477641707766906620e+01
3.335302101709019529e-01 5.786283211778739388e-02 5.748592442101823075e-01 1.127511357272084513e+00 8.149531618028538205e-01 7.571893124337490955e-01 -1.057228648985215624e+00 1.492721664091456546e+01
3.183651059403529437e-01 4.217938826397471530e-02 7.116705496124502428e-01 9.512211294569024034e-01 7.753605578667792653e-01 2.671128105520728102e-01 -1.292074633856710175e+00 1.412571653576408437e+01
3.041092115073229518e-01 3.706134775609008780e-02 8.645702081542319117e-01 8.831493396978997712e-01 8.519103706785599028e-01 6.962350000285629781e-01 -1.099867919307542685e+00 1.499990942853121645e+01
4.470332291861731644e-01 5.139894324745004905e-02 6.112143035310129147e-01 8.402048471962113574e-01 8.199638627266556679e-01 6.374924506410888370e-01 -9.385956851539498658e-01 1.490986621964681191e+01
3.102919561182703179e-01 5.582659338268683435e-02 8.410859049110058772e-01 9.257452387145934658e-01 8.409977154333847515e-01 3.862823581079344315e-01 -1.041821386022328655e+00 1.497181333622360455e+01
3.437563549242122485e-01 6.134238562531368205e-02 7.560118927603259875e-01 9.703520046207969596e-01 8.273624507318926291e-01 8.810946570737401284e-01 -1.123787925090863116e+00 1.518081790407245002e+01
3.002154884631015319e-01 4.919610299198709513e-02 6.504912271407665703e-01 1.037029567890504822e+00 7.589740026872038303e-01 4.639216671828461092e-01 -1.085820860011353917e+00 1.437121046834195859e+01
3.603422185028882785e-01 5.289092231092182295e-02 5.778800460606356992e-01 9.977412202404281061e-01 7.926604792317888393e-01 5.832728692260192860e-01 -7.805925175478212186e-01 1.464057725882667604e+01
2.844211594175738989e-01 5.287958709428469684e-02 8.848778459898796189e-01 9.060648396467384513e-01 8.218404332262913004e-01 8.657837299728865510e-02 -1.243795781659577049e+00 1.483355965929137277e+01
2.837010925112317672e-01 5.232813421000993837e-02 5.233448456033227281e-01 1.133356815880213420e+00 7.921021949383424410e-01 3.321592277493312650e-02 -1.072160706247844875e+00 1.460013209800072609e+01
3.093021125861534770e-01 4.722165680879332472e-02 5.717577710006568337e-01 1.058100801556752124e+00 8.401803016737892094e-01 5.108798813567017039e-02 -7.951391299809974500e-01 1.465298833511273990e+01
3.202119827026396193e-01 4.463739087269782968e-02 5.311351737055864941e-01 1.054947168706402705e+00 8.067779574605066228e-01 1.061502941177189241e-02 -1.038486254895068184e+00 1.481806884492751841e+01
2.578678812935909503e-01 3.651946608453172233e-02 6.813928943381999392e-01 1.095688375485020849e+00 7.637707533732296383e-01 6.153851528267414439e-01 -1.098502383373769486e+00 1.415377349918875893e+01
3.169639632122304151e-01 5.990114598646762573e-02 8.287991065031421467e-01 9.770305583216156720e-01 8.456042126867864273e-01 8.541569926083998343e-01 -1.175037801403310933e+00 1.513050324484599329e+01
3.478140680575970145e-01 6.704659180660085815e-02 6.026070286795237596e-01 9.892222132409709268e-01 8.047268918565174678e-01 1.292208534132277542e-02 -1.042485925793862789e+00 1.455290890424703321e+01
2.761800800803572153e-01 5.593150482210687557e-02 7.423430867998307425e-01 1.038637076937494630e+00 8.257226558982321274e-01 1.634745722962428482e-01 -1.292489993714049046e+00 1.508354360931462601e+01
4.470332291861731644e-01 5.139894324745004905e-02 6.112143035310129147e-01 8.402048471962113574e-01 8.199638627266556679e-01 6.374924506410888370e-01 -9.385956851539498658e-01 1.490986621964681191e+01
3.224898128856377166e-01 6.292017517932355086e-02 5.311633396580865973e-01 1.168509647445449051e+00 8.252201396051964677e-01 3.505132268253962069e-01 -1.143547166948720051e+00 1.494120187495529528e+01
4.617481945213054439e-01 6.990290987866268346e-02 6.246378570273042330e-01 8.557945894550683663e-01 8.422966832354435995e-01 6.567565868179905397e-01 -7.606234262006728031e-01 1.522079113012871332e+01
2.871312687322499224e-01 3.856615973841423517e-02 7.546646093434882241e-01 9.374127358744859251e-01 8.472245163239251475e-01 1.094003064286342419e-01 -1.155409281794096188e+00 1.487935348276023007e+01
3.558091243698279227e-01 6.033588396695338529e-02 5.469839973118781895e-01 1.078000143524941556e+00 7.457841886875692383e-01 8.508922467589776772e-01 -1.091687213488069297e+00 1.449681131907635212e+01
3.397014601544395829e-01 6.015888933236232528e-02 8.642085773952454808e-01 8.816647272712013761e-01 8.743550155720516415e-01 3.630847171106880711e-01 -1.049230493268427988e+00 1.508787111641280632e+01
3.869068028857453045e-01 6.296724685177816638e-02 7.105820404890098585e-01 8.405393227641216880e-01 8.111998819077788081e-01 2.330972761792894365e-01 -9.058284109243746052e-01 1.480831031738181203e+01
4.307981671765572784e-01 6.355947869616729307e-02 6.414304886540078687e-01 8.694944537191470202e-01 8.182489149018647989e-01 7.306227884299749675e-01 -1.113438688283555633e+00 1.510800439273103635e+01
3.110787167358711192e-01 3.804821922996948907e-02 6.930573352321679481e-01 1.009805037436715347e+00 8.266201943385773632e-01 8.113527073556456859e-01 -1.084772637586585375e+00 1.490169133079469965e+01
2.896678212915104744e-01 4.020240187846559066e-02 7.029093711398052280e-01 1.006843144915827715e+00 8.079171405457507005e-01 6.419185175159575207e-01 -9.396259573093244111e-01 1.453095592939689062e+01
4.076930208889835150e-01 6.246500703989271014e-02 5.762357310789703035e-01 9.142713284706056598e-01 8.084604906976834426e-01 2.287364500903027453e-01 -1.162003183836420428e+00 1.502394465355061115e+01
3.929715412709408051e-01 5.067058779336973406e-02 6.619233743832516614e-01 8.764001815018520603e-01 8.396553097701834334e-01 3.219631563901040328e-01 -8.419288296167507513e-01 1.500328212246540360e+01
4.455341081380287394e-01 6.477515457275626054e-02 5.154568977056526169e-01 9.651648584420011723e-01 8.431237922854704081e-01 3.768193704660050547e-01 -7.067535684248396066e-01 1.495869360503904488e+01
4.153076878842315578e-01 6.168477473974783021e-02 7.145689063159911258e-01 8.515843390846045136e-01 8.397153624851186882e-01 7.912504855822078964e-01 -7.869493528936728488e-01 1.492408835123177901e+01
2.821866628539800304e-01 6.405354378162517182e-02 7.307298768269966383e-01 1.050749515852067884e+00 7.978244571331168933e-01 1.199355565776450971e-01 -1.245049345438721033e+00 1.481421196564308218e+01
2.600104985371282096e-01 3.458831286256876247e-02 8.539102710093998683e-01 9.560199999669206639e-01 8.137020097946046082e-01 5.417936295714700368e-01 -1.248064029389568175e+00 1.483368800017983702e+01
3.315509644202122019e-01 5.005597703558051920e-02 5.872825585910751434e-01 1.157097935900106123e+00 7.369934495066625679e-01 8.482025612583723451e-01 -1.068339464165383390e+00 1.287185374202730515e+01
4.188670500611572090e-01 5.882158274844172252e-02 6.040520116606810097e-01 9.270820759613108697e-01 8.547039621725707192e-01 4.870685094673873339e-01 -1.211071055811033581e+00 1.543091682576441848e+01
3.656294356779145049e-01 6.557858559865833992e-02 5.451905412966350228e-01 1.032985605124269624e+00 8.068089818227168752e-01 3.443313420914857481e-01 -1.086571801624635514e+00 1.489670352489984317e+01
2.598891443173600435e-01 3.207529519517086231e-02 7.744421569987293141e-01 1.000533438832922561e+00 8.229818906003414369e-01 5.358509541956395505e-01 -1.249312010698872655e+00 1.478302302392750711e+01
3.289766438553349825e-01 4.085676904689994338e-02 6.384659781448116522e-01 1.011579933985271795e+00 8.305797422709221278e-01 6.371224254229930217e-01 -1.020168111770712205e+00 1.491969664976082477e+01
4.461726555258088700e-01 5.408957069189399003e-02 5.245286878007415776e-01 9.188802765347825474e-01 8.531038082263995292e-01 2.143860969948030992e-01 -7.062721628559008868e-01 1.513727791715079363e+01
3.316674813638768038e-01 3.761915300078419455e-02 7.850798119245401274e-01 9.007125299851254097e-01 8.662489809626396919e-01 6.354443956831073992e-01 -9.978822899980659411e-01 1.512182102111700743e+01
3.064927248003550542e-01 3.073064690078175509e-02 6.452544927236306682e-01 9.616994624771838529e-01 8.129923551022838479e-01 1.453990562420048871e-02 -1.194594177450511996e+00 1.453601209909859904e+01
3.146933837441953097e-01 6.894395113356145688e-02 8.794290720563271435e-01 9.309128740667653723e-01 7.862755169610557981e-01 9.230386252739533059e-01 -1.196896081418624469e+00 1.478484115313786518e+01
3.197717572099079142e-01 5.931221837771584460e-02 5.602295078087671243e-01 1.166445698586846325e+00 8.320894975944360672e-01 5.119004698447134905e-01 -7.254167929914500101e-01 1.474882357353143902e+01
4.461726555258088700e-01 5.408957069189399003e-02 5.245286878007415776e-01 9.188802765347825474e-01 8.531038082263995292e-01 2.143860969948030992e-01 -7.062721628559008868e-01 1.513727791715079363e+01
3.031955425441899554e-01 3.150169402950647041e-02 6.999062587795183976e-01 9.967244246729689561e-01 8.552300056106078019e-01 7.918171655092121064e-01 -1.187081614933511053e+00 1.506346211818441994e+01
3.263672015126502512e-01 5.431189694815046626e-02 6.196839019274325011e-01 1.054287696513491523e+00 8.192979576218329951e-01 5.008578360693459741e-01 -9.346414744325969304e-01 1.477319677825856203e+01
3.656294356779145049e-01 6.557858559865833992e-02 5.451905412966350228e-01 1.032985605124269624e+00 8.068089818227168752e-01 3.443313420914857481e-01 -1.086571801624635514e+00 1.489670352489984317e+01
2.485757060982353162e-01 5.264732368065069834e-02 6.110971878750879327e-01 1.184592965946543064e+00 8.195809435437744206e-01 2.581053403025005410e-01 -1.039560178101222032e+00 1.474679583089479351e+01
3.861773642160472031e-01 5.045388967407211239e-02 7.188111853273860818e-01 8.210319974253005304e-01 7.981123168853836436e-01 7.012038459170018001e-01 -1.198019284481853353e+00 1.472205577268572796e+01
3.292665838547123025e-01 4.346822324736064613e-02 8.361689791219770740e-01 8.163010553000521474e-01 8.471630170798809534e-01 1.535880046948504551e-01 -9.759225497514304459e-01 1.482015923927185241e+01
3.557238791138609413e-01 6.916449251563724920e-02 8.040817534629736141e-01 8.693891018574768648e-01 8.036160214497759524e-01 3.785571537485388216e-01 -9.183553598877163271e-01 1.441166049249534531e+01
4.132089457012459999e-01 6.058432779348996156e-02 6.785418415010735504e-01 8.157045180641500082e-01 8.264226565569379179e-01 5.086214585513681996e-02 -8.118796131666221605e-01 1.470708719947584342e+01
2.854087237717064518e-01 5.966547556891695775e-02 6.966832472015781486e-01 1.103681498510920012e+00 8.478818624767454626e-01 2.449177180134454734e-01 -1.022161014626355779e+00 1.488702188835281426e+01
2.849391438276981381e-01 3.355126074966244265e-02 6.305936824832799603e-01 1.017027158789535646e+00 8.566121032949922665e-01 6.822640538730939674e-03 -1.015046859155164682e+00 1.477753307428429075e+01
2.436911086106645641e-01 4.845608372088298227e-02 7.320771874818297054e-01 1.132618586758148860e+00 8.501494145890473586e-01 2.072120241110906869e-01 -1.099098888148511755e+00 1.488508595269583346e+01
3.516447579678526614e-01 6.724796262512837408e-02 6.266595170432825990e-01 9.885815209583823648e-01 7.770014950318943070e-01 3.523321943411002466e-01 -8.214938387273137410e-01 1.439074666820613402e+01
2.988017814061757482e-01 5.160378603186831226e-02 7.397934022307816049e-01 9.710927057372777949e-01 8.381479087109606763e-01 9.810031054230949898e-02 -9.768689818059308472e-01 1.492311548270691901e+01
3.513187940157350697e-01 6.668560816902568966e-02 7.665981443367553272e-01 9.163782930358702616e-01 7.541856529540637011e-01 7.355253865891262510e-01 -1.060177509600718437e+00 1.400455175058155177e+01
4.067845412365177493e-01 6.423114700618759443e-02 6.177627149703517340e-01 9.000983250606695574e-01 8.094603245492586474e-01 3.197675370393630034e-01 -9.450391407367191299e-01 1.484186420613355928e+01
3.550649435357837724e-01 6.760451722690782872e-02 8.351936180906383012e-01 8.482824773709481958e-01 8.274673690757682332e-01 1.770542574811603265e-01 -1.132147289768488996e+00 1.519288531644881424e+01
4.060434426248309414e-01 6.301395761678138530e-02 6.470487644628678536e-01 8.891956374773727356e-01 8.129638259000820932e-01 6.059687759770668869e-01 -7.932543109055631980e-01 1.496207977327703453e+01
2.593971773507729450e-01 3.537057522479533644e-02 7.040755071625910411e-01 1.051855979925216733e+00 8.556996488212548213e-01 3.067437223401401347e-01 -1.036275099770755714e+00 1.471445702130923827e+01
3.173872057114561773e-01 5.006417680568502060e-02 5.887823296218714919e-01 1.061651216346271465e+00 7.577227408393026886e-01 3.512146296697479797e-01 -1.251191241828814249e+00 1.440264119448853108e+01
3.471981937452465194e-01 6.248524798419997917e-02 5.712081842486846917e-01 1.039015739814928674e+00 7.477384016093781005e-01 4.263643824152658635e-01 -1.085602414418365136e+00 1.445069349224296928e+01
3.344613288465130285e-01 5.608910979369484406e-02 7.897336568975609206e-01 8.769035902238503377e-01 8.246503265615027223e-01 1.707169796637959536e-01 -7.316908929853890298e-01 1.469058123119213377e+01
3.028282399873013508e-01 3.855926396038683590e-02 8.345066021144879054e-01 8.500564913447989923e-01 8.257370882342834895e-01 4.195757739638517059e-02 -1.169824244784553269e+00 1.436238128333719999e+01
3.206366456610512672e-01 4.960525537214238723e-02 6.439622539558387260e-01 1.062734392639575365e+00 7.475697260290274926e-01 8.730097692721529024e-01 -1.010959675129364133e+00 1.367747143906693807e+01
2.864011065231563125e-01 3.262274607798960890e-02 7.758746242924416947e-01 9.291248095183913813e-01 8.771216803972503584e-01 2.177375512497860544e-01 -1.023012414602180176e+00 1.487688182811704429e+01
3.772391890226139965e-01 3.555299251067143423e-02 6.014451138893387450e-01 9.543384284084591718e-01 8.293103361135902851e-01 7.922702250817352798e-01 -7.848437150279007346e-01 1.478137448190353709e+01
3.169639632122304151e-01 5.990114598646762573e-02 8.287991065031421467e-01 9.770305583216156720e-01 8.456042126867864273e-01 8.541569926083998343e-01 -1.175037801403310933e+00 1.513050324484599329e+01
3.010139534661366856e-01 6.312009844378224654e-02 7.946314537529803879e-01 1.003324383548237053e+00 7.476217855474004415e-01 5.522226220560002563e-01 -1.094805451186536827e+00 1.403019815902330514e+01
2.899144741795157687e-01 5.113761700641036162e-02 8.189939613712560185e-01 9.432958400997892845e-01 7.872492334309052486e-01 7.989536181124806680e-02 -9.609989159817602378e-01 1.429266895264053261e+01
3.134692827027730777e-01 6.415883247838732872e-02 6.723761728130240867e-01 1.074101457981100127e+00 7.337492854014727728e-01 5.445580916324170850e-01 -1.235704320945221424e+00 1.417480928677690244e+01
4.172121411012191805e-01 6.196799412521743905e-02 5.369440105974769839e-01 9.480312271406537983e-01 7.917495395945015613e-01 3.559088398400876985e-01 -8.957381766670380330e-01 1.472904833281241643e+01
1.938009577805999417e-01 3.479234502603652246e-02 8.719475671289866892e-01 1.131780364966989971e+00 8.529740188738874629e-01 4.174773737680491092e-01 -1.247365398575547735e+00 1.457878013385901994e+01
3.420329772953147884e-01 6.625378451732658047e-02 5.338599111875249603e-01 1.083686680716021256e+00 7.374760849980802613e-01 5.749315838304134285e-01 -1.027433334086878647e+00 1.449080542708052555e+01
4.490541960457156145e-01 6.567269635296912877e-02 6.144091220568859146e-01 8.146333501839838620e-01 8.358633609101471240e-01 3.075323674898822190e-03 -1.166553849001497500e+00 1.486156964564465177e+01
4.137071362244615358e-01 4.458128248580187775e-02 5.671466648398032495e-01 8.675377111158835142e-01 8.168251945213449439e-01 1.845039425869615668e-01 -1.092043018631660090e+00 1.509581639192806257e+01
3.163498019842951869e-01 3.863806032451859440e-02 6.161650747986298082e-01 1.039680460188260991e+00 7.762645598004128678e-01 8.031748299424890103e-01 -9.094134311617325661e-01 1.387409878945892494e+01
4.026495705855399621e-01 3.583727510862688009e-02 5.272205551026108994e-01 9.193607581429237285e-01 8.208414545093741799e-01 3.271275194674506670e-01 -1.199593131273220425e+00 1.493752819764430839e+01
4.107389026238273955e-01 5.995645268823696084e-02 6.033756957598284121e-01 9.424944837881260584e-01 7.801195770216814429e-01 9.770736803429613815e-01 -1.214187444739630140e+00 1.503580884029365805e+01
3.412520801716668051e-01 5.896705983001920837e-02 6.624432236094192072e-01 1.067524973448835013e+00 8.580304559663141095e-01 7.744269643762000666e-01 -9.586460630495735602e-01 1.508593601723368138e+01
3.178533650453109205e-01 5.482954304712128746e-02 7.694842833803271498e-01 9.570483170290285946e-01 7.633329303583897829e-01 8.737560793828954564e-01 -1.088128022322470301e+00 1.411753140922925098e+01
2.854087237717064518e-01 5.966547556891695775e-02 6.966832472015781486e-01 1.103681498510920012e+00 8.478818624767454626e-01 2.449177180134454734e-01 -1.022161014626355779e+00 1.488702188835281426e+01
3.378553848059546727e-01 4.261941922153340834e-02 6.308223970378404877e-01 1.005087434797702794e+00 8.422801277864959690e-01 5.806560466624173245e-01 -1.205285218525114832e+00 1.505423904827552306e+01
2.821866628539800304e-01 6.405354378162517182e-02 7.307298768269966383e-01 1.050749515852067884e+00 7.978244571331168933e-01 1.199355565776450971e-01 -1.245049345438721033e+00 1.481421196564308218e+01
4.198077412035571276e-01 3.962658443884219811e-02 5.847525752054105741e-01 9.350304338604401577e-01 8.493820718981475171e-01 8.659754547360056787e-01 -1.043248154081914070e+00 1.527783317383246597e+01
3.539797734379606098e-01 6.800655642585280714e-02 5.592221608295595559e-01 1.094644702366349698e+00 7.638752223634824867e-01 8.530045489067804576e-01 -9.040243835902146419e-01 1.448245190219888912e+01
4.782342429293279240e-01 5.618488356299600195e-02 5.591980234744441391e-01 8.163972976505021739e-01 8.644186288988581213e-01 1.234003557840253062e-01 -8.420244939119888583e-01 1.521565292316190643e+01
2.436911086106645641e-01 4.845608372088298227e-02 7.320771874818297054e-01 1.132618586758148860e+00 8.501494145890473586e-01 2.072120241110906869e-01 -1.099098888148511755e+00 1.488508595269583346e+01
4.517877138234779322e-01 6.208702949063905213e-02 5.596683798646683305e-01 9.584740968559626317e-01 8.068536367835873468e-01 9.919027907832350666e-01 -8.667918234851262893e-01 1.489649741026902774e+01
3.313678078699289209e-01 6.171105513135023701e-02 7.476196824053189527e-01 9.326462693234387480e-01 8.299732513314886928e-01 2.367175256300896313e-02 -8.200988404312319346e-01 1.491842264047330779e+01
3.008966599811665477e-01 6.453301357081005218e-02 8.347171958772726663e-01 1.019872411104398413e+00 8.427648994273904126e-01 6.171850041233699624e-01 -1.064176525689543018e+00 1.501616206872970949e+01
2.906553370363839095e-01 3.121283689382391840e-02 5.904033670899041519e-01 1.055908502228404267e+00 8.421951507910340196e-01 3.080021968942303068e-01 -1.165557080227888731e+00 1.474372256487690969e+01
4.142255818351258112e-01 3.465602485756315299e-02 6.645314918783213898e-01 8.402756171904952609e-01 8.538615102906810250e-01 8.230839011880534128e-01 -7.657988059381938273e-01 1.489193270406003222e+01
3.438632753959456334e-01 5.972316246489887265e-02 6.324657474351115249e-01 1.015723850141778906e+00 7.458833377277827026e-01 6.327988013142018531e-01 -1.162118650270796749e+00 1.429765669716764975e+01
4.617481945213054439e-01 6.990290987866268346e-02 6.246378570273042330e-01 8.557945894550683663e-01 8.422966832354435995e-01 6.567565868179905397e-01 -7.606234262006728031e-01 1.522079113012871332e+01
3.855228759976655484e-01 4.535665322311665387e-02 5.887383049745065211e-01 9.160320111829659551e-01 8.683189434105682558e-01 9.920741653579590036e-03 -1.052220515462218398e+00 1.528162619264504585e+01
3.741018001077753841e-01 4.434014930590117476e-02 5.580604086714644474e-01 1.049442241697432721e+00 8.263805942117525838e-01 6.869134213341545614e-01 -9.594084419012155474e-01 1.514403990304535519e+01
3.401851371947679503e-01 4.923181350496814990e-02 5.467325899299749770e-01 1.062524330643072723e+00 7.642131806934931992e-01 6.668094013872332138e-01 -1.076522119741113448e+00 1.437849114870963518e+01
3.238749999233182519e-01 6.554971665643173628e-02 6.522054476919056931e-01 1.050295933197630260e+00 7.593381402556619308e-01 8.549329014844563313e-01 -1.062516241708423070e+00 1.454540065546680339e+01
2.657855896313265909e-01 6.181035714545216747e-02 7.684478112331167843e-01 1.067493611551572741e+00 7.528950770831226436e-01 6.896707714668006695e-01 -9.846423726831257106e-01 1.430002523025288852e+01
3.643365401828601025e-01 4.845809969594637445e-02 5.514722681732193710e-01 9.749621734850983934e-01 8.321127796609435467e-01 4.613640479494190982e-02 -8.691009024202318578e-01 1.482195281834203548e+01
3.470940077562827963e-01 5.481815722819877862e-02 5.586104219074998767e-01 1.068207510680533101e+00 7.496640296216787736e-01 6.572610761171924221e-01 -1.064415716992915373e+00 1.430544285520303305e+01
2.901847552149919296e-01 3.310325001444727744e-02 6.706105674557344409e-01 1.037348458168155130e+00 8.341682613428835769e-01 6.881567617480653931e-01 -1.176333581782194271e+00 1.494658222140696147e+01
2.579840996440707634e-01 5.254471451892557543e-02 6.126655525772741751e-01 1.139948381209561656e+00 7.847917633499577050e-01 1.463664965261157191e-01 -1.048702054259438743e+00 1.454488939511301915e+01
3.200755036116496033e-01 5.688402898031694188e-02 8.790227057967705537e-01 8.706843275882369948e-01 8.502291816821938575e-01 2.928220358351857344e-01 -1.048778181907053408e+00 1.504162064075200789e+01
4.609767435019420656e-01 6.415436903954896408e-02 6.826421661427256593e-01 8.002945857172627520e-01 8.379021684612710796e-01 7.977145387780650854e-01 -1.074808488392661632e+00 1.527634910513705968e+01
3.055693671937094180e-01 4.726746815770964394e-02 6.060839427494407738e-01 1.052812148654907576e+00 8.126323336826639654e-01 3.861461467843646522e-01 -9.287682576023484904e-01 1.469047056934322271e+01
3.319713600691030497e-01 3.767659583171367038e-02 8.945562564168683117e-01 8.134141363333995400e-01 8.789696213743022346e-01 8.263755226535507425e-01 -1.033304201033829361e+00 1.523674791049636212e+01
3.943607558485543452e-01 4.432618402624016740e-02 5.361857372597460536e-01 1.001556567236375095e+00 8.202399784009449801e-01 8.474464216389112625e-01 -9.841034222799366349e-01 1.478308568462829165e+01
3.662618993490449615e-01 3.849195415678639820e-02 5.969904954082324577e-01 9.433880198353479241e-01 8.093189197629359066e-01 6.451112563595167160e-01 -1.076275788379104315e+00 1.483633029969660733e+01
3.608863647049898038e-01 6.829074481723224066e-02 6.234109171114083914e-01 1.083402927825767303e+00 8.533107751054371803e-01 7.461822094139389794e-01 -8.536144338865687686e-01 1.501590423404943131e+01
3.954151467105101458e-01 3.012952090553460902e-02 5.401962130392655714e-01 9.008688364772600154e-01 8.348880699577371223e-01 2.709137523804142078e-01 -1.016794141363402959e+00 1.509082620039756151e+01
3.469284446874534855e-01 4.393060482899833336e-02 6.218487477278540343e-01 9.738411553539627619e-01 7.758227793685685825e-01 8.809351952031522215e-01 -1.016334771854566776e+00 1.450470390407087784e+01
3.647214533058350527e-01 4.107223996661978072e-02 7.355114927798659386e-01 8.282724842648325758e-01 8.499071660232087044e-01 3.752248516852221272e-01 -9.641852823302152764e-01 1.510581754673460964e+01
3.354653628645887231e-01 5.471241706461681120e-02 7.415503512397541019e-01 9.067245919998332404e-01 8.203487574155468032e-01 3.725638121681844606e-01 -1.223702609749223846e+00 1.513486415800254825e+01
3.572436476966306396e-01 5.023113420831405718e-02 7.882966517747749258e-01 8.245655012628319014e-01 8.330957156563135735e-01 3.009675661666543767e-01 -9.213035254377804906e-01 1.480010826072782137e+01
2.798885926395551227e-01 3.826931029320350397e-02 8.256678359636850928e-01 9.045003320247844147e-01 8.348149164709930403e-01 1.731453223709907840e-01 -1.230780187312167095e+00 1.480111060059690864e+01
3.200503962758610155e-01 4.637477736885549373e-02 7.504988635177849421e-01 9.018828193728402054e-01 8.515122212695653836e-01 9.951325239187219784e-02 -9.732363202612861475e-01 1.492192076169643933e+01
2.669941351630039095e-01 4.826015252033787062e-02 7.125794304915090693e-01 1.100394121580145157e+00 7.597284264581167790e-01 8.435511528084503885e-01 -1.268472397432697019e+00 1.446710995043377679e+01
3.922146932872254688e-01 4.727819947721251942e-02 5.101512493216523447e-01 1.018837242290079992e+00 8.314738349221904024e-01 3.059372990059596176e-01 -7.228189936472496635e-01 1.484393830096526123e+01
3.574637376624806295e-01 5.050122233652681869e-02 6.810071686159516746e-01 9.696993099930997229e-01 8.561854626595095663e-01 7.353633534524178783e-01 -1.254541602652852417e+00 1.531884366219635751e+01
4.132089457012459999e-01 6.058432779348996156e-02 6.785418415010735504e-01 8.157045180641500082e-01 8.264226565569379179e-01 5.086214585513681996e-02 -8.118796131666221605e-01 1.470708719947584342e+01
3.363885123986843917e-01 6.535942595836197189e-02 8.077917509826466613e-01 9.220761249959642525e-01 8.622662237948028885e-01 8.642334056210543292e-02 -1.034603029626789183e+00 1.504460016738732264e+01
3.858622766742906274e-01 6.908145448486699425e-02 7.738589159581149568e-01 8.664711126803154029e-01 8.292378393099933964e-01 6.714640323795876276e-01 -1.114985215529691320e+00 1.527984555783222831e+01
4.193105390713837144e-01 5.862182881341555796e-02 6.742857746170376476e-01 8.883199518092468328e-01 8.407713021173152113e-01 9.433448548967250380e-01 -9.113562119329505773e-01 1.502294526309320410e+01
2.531643293343500689e-01 4.632525389646044434e-02 5.275224025850721032e-01 1.196560091974464335e+00 8.414827653123232443e-01 2.119559252716646247e-02 -1.185886837922016213e+00 1.472688345823587852e+01
3.362071919655760244e-01 5.723811599768330316e-02 6.221026706367486225e-01 1.081364260596509697e+00 7.418027313084332164e-01 6.861693554968426589e-01 -1.031980919691989573e+00 1.343122111300458776e+01
2.260555447569074783e-01 5.803969319119709619e-02 8.657566394883047245e-01 1.125658073674362658e+00 8.067529159754406320e-01 6.388858925763163388e-01 -1.090554775246364905e+00 1.458741950356133366e+01
2.856672629285027520e-01 3.762227038127579498e-02 7.640302405827057441e-01 9.518036393926436745e-01 7.899276244792545754e-01 5.303170831413456243e-01 -1.194250484034148574e+00 1.434124811131440502e+01
4.617481945213054439e-01 6.990290987866268346e-02 6.246378570273042330e-01 8.557945894550683663e-01 8.422966832354435995e-01 6.567565868179905397e-01 -7.606234262006728031e-01 1.522079113012871332e+01
2.424633139382212921e-01 3.662080976799648308e-02 6.092253706676976632e-01 1.194451179282713937e+00 8.383543167018612241e-01 5.095852729079267673e-01 -1.139910836124782945e+00 1.477641707766906620e+01
2.602267147382112400e-01 4.281819467455730277e-02 6.099381200746991638e-01 1.153714559464987799e+00 7.572374243995086962e-01 6.106222671881091912e-01 -1.252022285532749857e+00 1.394326888894681460e+01
3.236714347356574040e-01 5.869111815998862003e-02 5.919653287755354265e-01 1.168739809869708601e+00 8.520284060075882238e-01 6.164541481201690765e-01 -9.087236571108312511e-01 1.476665597476206138e+01
3.220307288556361613e-01 6.226963728912747464e-02 7.575397396747495238e-01 9.824112070448238754e-01 7.525895672142206561e-01 7.617097016316416447e-01 -9.775244188251792643e-01 1.408812167673467641e+01
2.854163970199395939e-01 4.650159601273470139e-02 6.036657809689244258e-01 1.067785560054460792e+00 8.052255361422242519e-01 2.028427982602303281e-01 -8.419100009347635361e-01 1.462959275421264138e+01
3.769300152160411921e-01 6.785965453674130954e-02 7.559367627773518894e-01 8.676283007193126284e-01 7.699606731680718186e-01 1.199880989549262367e-02 -1.292885592839526643e+00 1.429575109011744516e+01
2.572211789996367015e-01 3.989989669385115428e-02 7.098441234053273208e-01 1.043539239103571159e+00 8.057038838869599040e-01 3.574891009245315665e-01 -1.265354827222389567e+00 1.483075175307579130e+01
3.686362281677394437e-01 5.956979206338873511e-02 8.098338868699854753e-01 8.685490239939357426e-01 8.446373550187852297e-01 7.649598818267542288e-01 -7.310941373201292892e-01 1.496887965993052205e+01
3.262508669762025360e-01 3.064981327692817281e-02 7.617831969959191207e-01 8.404764073996803253e-01 8.127661109550985419e-01 3.069090233212379282e-02 -1.284632352345438822e+00 1.423901595873499382e+01
3.943607558485543452e-01 4.432618402624016740e-02 5.361857372597460536e-01 1.001556567236375095e+00 8.202399784009449801e-01 8.474464216389112625e-01 -9.841034222799366349e-01 1.478308568462829165e+01
3.922019544643361444e-01 4.570580472676408212e-02 5.737107417271741783e-01 9.284499136258139718e-01 8.440379194965210718e-01 1.522945951915403717e-01 -8.282404632149908963e-01 1.490258131858083956e+01
3.106293002457497510e-01 3.540255208944229071e-02 7.884823749076110833e-01 9.010961727288520073e-01 8.015917260165069669e-01 9.421412702374127868e-01 -9.986307349298702007e-01 1.431601281091434785e+01
3.236714347356574040e-01 5.869111815998862003e-02 5.919653287755354265e-01 1.168739809869708601e+00 8.520284060075882238e-01 6.164541481201690765e-01 -9.087236571108312511e-01 1.476665597476206138e+01
3.111587708179256451e-01 3.146726604417224987e-02 8.235175631959454901e-01 8.101296393747545732e-01 8.514083490834805090e-01 6.118179313209459735e-03 -1.214375803594547776e+00 1.516642521969700574e+01
3.422350860973535358e-01 4.388648653830357071e-02 6.239415845393172511e-01 9.890290621785465808e-01 8.464667445995608386e-01 3.250773570529347789e-01 -1.080840808420567178e+00 1.527963448937013702e+01
3.380885687199222112e-01 6.400144133913848732e-02 6.961685700318346326e-01 1.018213543173926761e+00 7.361503070583790276e-01 6.482832504681868002e-01 -1.241361822973606532e+00 1.379692424685462271e+01
3.246126677615419620e-01 6.794260551842309925e-02 7.245350667023625624e-01 9.888636278824679549e-01 7.841016548633561456e-01 5.750396633435237437e-01 -1.087056900433039264e+00 1.455460501682498098e+01
3.112880923213832696e-01 3.796326279322906339e-02 6.876596282623972378e-01 1.005446144307863721e+00 8.040096504267453259e-01 8.960492096272659746e-01 -9.573392054359020076e-01 1.448418759204793638e+01
3.629336812143433288e-01 3.890672969263712228e-02 6.170192031177682557e-01 1.008855236082334850e+00 8.888238035453441821e-01 7.165122656712957783e-01 -8.671360614323253557e-01 1.508580102669016298e+01
4.857166911859003289e-01 6.735266505801880410e-02 5.274252655662992062e-01 9.008806693052966441e-01 8.497773181890637684e-01 3.202341494645777886e-01 -9.128645004380007144e-01 1.548525234297965802e+01
2.286779143281499893e-01 4.479264389059064988e-02 7.106175013721053313e-01 1.111197996762573137e+00 7.915411248622448159e-01 9.238575269326787520e-02 -1.042750864743924755e+00 1.421868105868780141e+01
3.037469931148809588e-01 4.778517205605184448e-02 6.320471731544275995e-01 1.032192912063478296e+00 8.322740434072302129e-01 3.276554775288540999e-01 -1.097784913444062038e+00 1.493101426936987686e+01
2.878020789903987797e-01 5.874095958468955603e-02 7.325330683793361830e-01 1.014401675650061341e+00 7.924464549472035602e-01 1.202532708307954001e-01 -1.181045006469654046e+00 1.474599705292722618e+01
3.485891442917601890e-01 6.783379258519914301e-02 7.146070123925281070e-01 9.931272079954691634e-01 7.287078077806993237e-01 9.954715539971277227e-01 -1.084930086161205232e+00 1.423399198805012844e+01
2.985904097258204049e-01 4.146928047872069228e-02 8.705904444121581598e-01 8.844184481198278380e-01 8.333171563087644618e-01 4.526578689440627357e-01 -1.035321537070086562e+00 1.476209593264838027e+01
3.416011417452523569e-01 4.236222659742735347e-02 7.753370174695326522e-01 8.198356355010490981e-01 8.388684320890874568e-01 1.551270930125394631e-01 -1.190101459725627864e+00 1.500283296507065600e+01
3.865915959433186000e-01 6.686475448299783464e-02 6.038884716633068361e-01 9.508158781560137607e-01 8.100502537807565684e-01 2.468723872385381046e-01 -9.611502814268362282e-01 1.496978936708329222e+01
3.401851371947679503e-01 4.923181350496814990e-02 5.467325899299749770e-01 1.062524330643072723e+00 7.642131806934931992e-01 6.668094013872332138e-01 -1.076522119741113448e+00 1.437849114870963518e+01
2.317398216812654732e-01 3.668728101808339109e-02 7.418537919812718817e-01 1.066181644349485591e+00 7.999660998537896361e-01 3.398334757213488655e-01 -1.093417760808358397e+00 1.441591747362661913e+01
2.516561869664571960e-01 6.347286802485577195e-02 7.619152108351375796e-01 1.122639310507249188e+00 8.316169343534033365e-01 1.078393680411982580e-01 -1.033153298957117716e+00 1.479865217809277844e+01
4.619706221966856097e-01 3.646876521437906332e-02 5.132744257798415033e-01 8.827762394613153374e-01 8.387952252598174230e-01 3.853163272533733918e-01 -7.938114454589642044e-01 1.494591527455874669e+01
3.106293002457497510e-01 3.540255208944229071e-02 7.884823749076110833e-01 9.010961727288520073e-01 8.015917260165069669e-01 9.421412702374127868e-01 -9.986307349298702007e-01 1.431601281091434785e+01
2.854087237717064518e-01 5.966547556891695775e-02 6.966832472015781486e-01 1.103681498510920012e+00 8.478818624767454626e-01 2.449177180134454734e-01 -1.022161014626355779e+00 1.488702188835281426e+01
2.357493894536490942e-01 3.188100148674613554e-02 7.328106552320282630e-01 1.072505120213043339e+00 8.589968182133238539e-01 2.213036547332861703e-01 -1.150972832389456357e+00 1.493028329523901832e+01
3.197160522546128036e-01 3.115777868910569320e-02 6.036651599446516414e-01 1.007434889896655861e+00 8.346610154253844005e-01 5.209735599900989778e-01 -1.068311934293946663e+00 1.488707409714395702e+01
3.453623258260585249e-01 5.740135645313336477e-02 6.892254196019831358e-01 1.070534105121885293e+00 8.700749643785415932e-01 9.870824936216111567e-01 -8.661040770337038452e-01 1.494780760000538855e+01
4.123149132125177863e-01 4.567556814770731832e-02 6.542636309741430845e-01 8.929141622145124746e-01 8.514422353055339787e-01 7.343269451270220127e-01 -1.140458975490347804e+00 1.516070899043288023e+01
2.848309580027926780e-01 4.165161276513241334e-02 8.846101321665560402e-01 9.017488693675602685e-01 8.230805600113433318e-01 5.917668786897234412e-01 -1.253811551616153430e+00 1.492327478944008945e+01
4.860603955200191173e-01 3.120804484842654852e-02 5.000355046600174491e-01 8.413578075763562536e-01 8.390876213949880480e-01 3.641205189003634546e-01 -8.013041137650005474e-01 1.488698050472371293e+01
3.275288015113807516e-01 5.968641217210456096e-02 8.674654070218534851e-01 8.740150442777926409e-01 8.082136183803995122e-01 5.982690047958879598e-01 -8.546247876678383371e-01 1.469592552488182591e+01
3.595713416528543149e-01 4.602879668920467626e-02 5.508451882371657726e-01 1.008335376252297522e+00 7.818096543216975780e-01 6.923671393921567718e-01 -1.075008504288363032e+00 1.479153956098475575e+01
4.532200407778045337e-01 6.253308671710300359e-02 5.055528419029984288e-01 9.090231756794020512e-01 8.204132211079293580e-01 1.748414835168565773e-01 -1.247614471111719636e+00 1.506599507468180477e+01
3.858622766742906274e-01 6.908145448486699425e-02 7.738589159581149568e-01 8.664711126803154029e-01 8.292378393099933964e-01 6.714640323795876276e-01 -1.114985215529691320e+00 1.527984555783222831e+01
3.160268136719737164e-01 6.501078621113484668e-02 8.252093716227864029e-01 9.442938704488647028e-01 7.704546657682289634e-01 8.743918167998652180e-01 -1.128276907389551553e+00 1.427628589859037689e+01
4.076930208889835150e-01 6.246500703989271014e-02 5.762357310789703035e-01 9.142713284706056598e-01 8.084604906976834426e-01 2.287364500903027453e-01 -1.162003183836420428e+00 1.502394465355061115e+01
3.239954065514512038e-01 3.083414490687796938e-02 8.681020805856318745e-01 8.065476773885750239e-01 8.967112857819552474e-01 3.873867535702484322e-01 -1.105737504942133631e+00 1.523087085590436018e+01
2.624822417388529838e-01 3.382887093581157800e-02 6.684218932006904534e-01 1.161335331139317972e+00 7.507177097822916867e-01 9.337787383918463302e-01 -1.016958204751767347e+00 1.327966952121365019e+01
2.593971773507729450e-01 3.537057522479533644e-02 7.040755071625910411e-01 1.051855979925216733e+00 8.556996488212548213e-01 3.067437223401401347e-01 -1.036275099770755714e+00 1.471445702130923827e+01
4.609767435019420656e-01 6.415436903954896408e-02 6.826421661427256593e-01 8.002945857172627520e-01 8.379021684612710796e-01 7.977145387780650854e-01 -1.074808488392661632e+00 1.527634910513705968e+01
3.493041239353991134e-01 6.444867225695666280e-02 7.108822857243108917e-01 9.303830053095131225e-01 7.743592058560448965e-01 2.332118064453534423e-01 -1.270724590480275529e+00 1.433269084343942446e+01
4.257285812815860826e-01 6.477243845794800059e-02 5.954741511959912303e-01 9.129580823961842562e-01 7.991754790689500343e-01 8.434443752535818462e-01 -1.286058288616252598e+00 1.509066520104591014e+01
3.178533650453109205e-01 5.482954304712128746e-02 7.694842833803271498e-01 9.570483170290285946e-01 7.633329303583897829e-01 8.737560793828954564e-01 -1.088128022322470301e+00 1.411753140922925098e+01
2.524430944948399813e-01 3.026496059787667572e-02 8.685201733411962444e-01 9.527916932512137116e-01 8.046163460180040250e-01 7.897903591056630868e-01 -1.076769216729421164e+00 1.447282397171022161e+01
3.991023281353796026e-01 6.092352898557244767e-02 6.540999244727753181e-01 8.588951347364893740e-01 8.482670167978082487e-01 7.181655726598801248e-02 -1.220477495856260086e+00 1.513210785444412920e+01
2.840258572183909647e-01 3.718096691701778395e-02 6.094442308832270783e-01 1.099050996594737484e+00 8.108122145327802954e-01 6.284290753723671408e-01 -9.205541921096918045e-01 1.457570811287997792e+01
