weight logl Om Ob h ns s8 Mnu w scale_factor
0.000000000000000000e+00 -3.610084993690315605e+04 1.962995389248153311e-01 4.709440221652133607e-01 1.253361440549618511e-01 7.990201216822778729e-02 4.174966037427780829e-01 4.767526646362394427e-01 6.373554026711178988e-01 2.350394485335919326e-01
0.000000000000000000e+00 -3.436509743380826694e+04 1.061995072777632831e-01 6.087139424126231102e-01 7.624273152398917119e-01 6.146717208554336453e-01 1.301002104476728372e-01 8.048560125257409048e-01 1.449639788904346638e-01 2.318676895505168423e-01
0.000000000000000000e+00 -3.363758209270003863e+04 1.251206017829950001e-01 8.740364230478696594e-01 1.808905355922130198e-02 9.342806512766301807e-01 1.613079524695993916e-01 9.966019353270828551e-01 8.713314372646041583e-02 2.142824301295437328e-01
0.000000000000000000e+00 -3.008046852522142945e+04 1.632291928459927988e-01 6.411959336330190773e-01 5.190210767443681483e-01 5.229628968279653733e-01 3.988436157926611436e-01 7.975327241197350814e-01 5.527404449524798702e-01 2.040370837030811568e-01
0.000000000000000000e+00 -2.420298048226755782e+04 2.677006594872478606e-01 7.146773391998478830e-01 7.061242476123970047e-01 1.639489741055187855e-01 4.932737850350366049e-02 8.656467494426284270e-01 5.816433035505267357e-01 2.255048854204241282e-01
0.000000000000000000e+00 -2.409901328738200755e+04 1.629172263694823597e-01 1.304960081044362896e-01 5.489053549931146581e-01 7.573003539385481098e-02 7.835890014268184212e-01 4.237042227048322118e-01 2.642595445778012087e-01 2.095272590174707128e-01
0.000000000000000000e+00 -2.020697065419258797e+04 1.665526286895920860e-01 9.344965512932260632e-01 8.859679617078567437e-01 8.342872612274033761e-01 8.599069938923603607e-01 4.489484251576283391e-01 2.980272659604891183e-01 1.912718443725448525e-01
0.000000000000000000e+00 -1.990018772152075690e+04 3.444708189602143644e-01 9.985104686691540499e-01 2.201411721719173098e-01 7.074332645320692281e-01 4.940005860613635447e-01 5.917625068125276222e-02 3.431835324893720562e-01 1.960869315994864248e-01
0.000000000000000000e+00 -1.983472994439589820e+04 4.050635108822691066e-01 3.768635773795815380e-01 1.358521311921832009e-01 9.836947615589120009e-02 4.167207346967802817e-01 1.049870304977049695e-01 6.071695238481962242e-01 2.220484299014604535e-01
0.000000000000000000e+00 -1.847983047856402118e+04 3.590797318257255011e-02 4.271239393875628787e-01 4.735988896814653515e-01 3.095736864874807370e-01 9.856411865418871487e-01 8.931582637392665447e-02 7.684215730770724839e-01 2.093803720189815198e-01
0.000000000000000000e+00 -1.447041966709530607e+04 3.087941419678890131e-01 7.053529655449978231e-01 8.137142928196162694e-01 1.750332187243970328e-01 5.051136386131166445e-01 5.804387140152702518e-01 2.991876997025127993e-01 1.952592713603094055e-01
0.000000000000000000e+00 -1.422346636959036186e+04 1.872594360290278370e-01 1.205326845455981788e-01 6.761396406184385643e-01 7.836737643481763715e-01 8.187254694850447656e-01 3.217672713427757181e-01 3.247111402524190948e-01 1.847454067083919016e-01
0.000000000000000000e+00 -1.411411835987052837e+04 1.423197208951549886e-01 7.893768801829028625e-01 8.928569191277744288e-01 4.813090806659786614e-01 3.199827251398416061e-01 9.977710172009267575e-01 1.354290797895397747e-01 2.384796056468548864e-01
0.000000000000000000e+00 -1.298943489116818091e+04 4.558313790763978135e-01 7.216958585408657090e-01 8.297664803705946390e-01 4.884682855390872769e-01 2.069520913799474116e-01 3.489007548814515580e-01 8.413888311898179984e-01 2.063142618069450096e-01
0.000000000000000000e+00 -1.283695139392343481e+04 4.327741889741498760e-03 2.967901202418659068e-01 1.078741840932820883e-01 8.312775267037122440e-01 6.015977454883489894e-01 2.354910462964416862e-01 8.838200223170885605e-01 2.309039173941178635e-01
0.000000000000000000e+00 -1.261947822671809081e+04 4.255769683627363964e-01 9.829844772383765639e-01 7.589958278841304473e-01 4.205993782951010784e-01 8.880475358236611383e-01 8.403453241644436300e-01 2.330456778073535240e-01 1.912093284667160109e-01
0.000000000000000000e+00 -1.212788674578269820e+04 4.624383606070099351e-01 9.448018562142084242e-01 7.434960853128647074e-01 6.405192180248636680e-01 4.491532935470815557e-01 8.760999510606405360e-01 5.760491657936949172e-01 2.100814561234780609e-01
0.000000000000000000e+00 -1.154400885864552401e+04 2.717699912058203493e-01 3.831480031132932229e-01 7.150825436598978735e-01 3.960940902463893076e-01 5.307705004156153539e-01 1.041945796000494084e-01 8.367683651609159057e-01 2.257094953453686603e-01
0.000000000000000000e+00 -1.112610851305635333e+04 5.366233247062768275e-02 3.069550522388245772e-01 9.438696862196349624e-02 4.317653944949555456e-01 2.874604385229173609e-02 9.068840692969103445e-01 5.752608651478510193e-01 2.065514370331975602e-01
0.000000000000000000e+00 -1.111907297652234047e+04 5.570969804943767256e-01 6.034569933630146155e-01 1.553004983460657407e-01 1.636291428176387397e-01 1.546955790528058428e-01 5.381545026882460503e-01 1.650430763919331634e-01 2.284262661228730895e-01
0.000000000000000000e+00 -1.097081449058502039e+04 1.916600561898857968e-01 9.000499449988476064e-01 2.777613821828112117e-01 8.616731412879243823e-01 8.139833297015400815e-01 8.596324541595410373e-01 3.910517740212399174e-01 2.123137717376495370e-01
0.000000000000000000e+00 -1.076933904829518906e+04 1.949776913611329654e-01 6.809128523649016218e-01 3.807383983359843294e-01 6.808681794081183902e-02 7.705319292937107267e-01 4.242615424438261895e-01 2.962653896718714375e-01 2.332203007267746875e-01
0.000000000000000000e+00 -9.456840003988585522e+03 4.086942805042985682e-01 3.135655266858392576e-01 8.680575429835705181e-01 3.866754373703952252e-01 3.803376947835074295e-01 6.195005698653452963e-01 5.457237873017303231e-01 2.232994726492241178e-01
0.000000000000000000e+00 -9.381711594171865727e+03 4.897327319976413351e-01 4.508311515565905925e-01 4.221073679446750715e-01 5.462075702226664164e-01 1.257386452031538093e-01 4.502388173196554266e-01 2.181546888671606066e-01 2.297622620410134653e-01
0.000000000000000000e+00 -9.285008858355988195e+03 1.876575371064881370e-01 8.913786485054304709e-01 1.309126144981804796e-01 4.375424738318680618e-01 9.810190156869539324e-01 5.011642470354771284e-01 2.020599074643053550e-01 2.175295004788927455e-01
0.000000000000000000e+00 -9.009170601238462041e+03 2.640816370281753311e-01 8.800766586959174465e-01 2.545642664781901932e-01 4.506544444684821293e-01 6.238284870169408247e-02 7.910675460738013642e-01 8.322526298257109101e-01 2.023698173062776773e-01
0.000000000000000000e+00 -8.556067080518245348e+03 5.136791566912468632e-01 4.015492785257980257e-01 6.419649309422080785e-01 6.461124102003078518e-01 5.260889968938660122e-01 5.200631883763096042e-01 2.699678844054809179e-01 1.902701829033578429e-01
0.000000000000000000e+00 -7.911083695570129748e+03 5.991605145076901451e-01 6.595985978023372054e-01 1.288837919680820843e-01 8.620104987475334379e-01 3.906716808913197614e-01 9.296045019528800246e-01 9.334088486664615658e-02 2.063433131372017781e-01
0.000000000000000000e+00 -7.516311169619513748e+03 5.211221384191783157e-01 1.097119358102993658e-02 2.948979648328829972e-01 8.337801646656861632e-02 3.663339481769001260e-02 9.160377469991455301e-01 2.576018322433045737e-01 2.288057598267023707e-01
0.000000000000000000e+00 -7.487179476004502249e+03 1.905921566994440708e-01 3.924817876541708550e-02 9.639164364954746489e-01 4.512233439057256046e-02 3.647195661461855032e-01 2.367028423345557409e-01 7.035308241918384331e-01 2.453229606238431781e-01
0.000000000000000000e+00 -7.230497493323132403e+03 2.779950797722107181e-01 9.525158690023930452e-01 3.469296249316489167e-01 3.864191909678714731e-01 3.299240648607553172e-01 9.239765142341621607e-01 7.348896997847331747e-02 2.460621336974702089e-01
0.000000000000000000e+00 -7.182747833460092806e+03 1.626014019726270687e-01 6.461024768050243061e-01 2.009574427407864183e-01 7.115677661008735777e-01 8.877331599912650084e-01 9.478154328038972398e-01 7.140831160883605033e-01 2.170691744226912467e-01
0.000000000000000000e+00 -7.059852008006393589e+03 3.053246853227949975e-01 5.329434155590307975e-01 3.472351898765658751e-01 5.675258121864972249e-01 2.211732543290911845e-01 5.828085566345626578e-01 1.704831828777064739e-01 1.976928867730359807e-01
0.000000000000000000e+00 -6.956613365542067186e+03 5.635894780000113569e-01 4.053924012704015478e-01 8.828242868943900756e-01 6.273358380800605483e-01 4.218579265703267245e-01 7.838782513391463480e-01 8.249328467441063850e-01 2.036005708520931545e-01
0.000000000000000000e+00 -6.764160677922638570e+03 1.328918111852295247e-02 2.918046688326747518e-01 1.219131337845753560e-01 9.080513476079654644e-02 5.640320146918440525e-01 4.580301651017917308e-01 3.170361747713816847e-01 1.724133520939182818e-01
0.000000000000000000e+00 -6.573998057922815860e+03 6.273587710414806340e-01 7.535950547877446892e-01 7.832564732262728979e-01 5.264197866498746547e-01 1.222458819078313663e-01 8.007010785285089138e-01 3.376153120179847811e-01 2.118688613230591544e-01
0.000000000000000000e+00 -6.075681755197461825e+03 7.742687685232774175e-02 5.353266011769489685e-01 2.245778692534816656e-01 6.666190425321681934e-01 3.603960923696281071e-02 6.512638407547216568e-01 9.419346716781912265e-01 2.617956762215897237e-01
0.000000000000000000e+00 -5.847037636301597558e+03 5.896198303076694014e-01 4.353706527815077720e-01 3.287565034821688936e-01 4.367113036999672460e-01 7.655456700238388867e-01 4.892300714199155909e-01 4.011458559067248020e-01 2.010173907247068126e-01
0.000000000000000000e+00 -5.647564367833221695e+03 2.817229195947544840e-01 1.285090636615526805e-01 5.354798389514925372e-02 4.555190132779054490e-01 1.637733585777267908e-01 7.771191827899044391e-01 8.937462504458331125e-01 1.990171688661875882e-01
0.000000000000000000e+00 -5.271055472581449976e+03 3.219057650218702937e-01 3.273287250993334174e-01 9.859193254475742130e-01 8.544844057872974519e-01 3.750465345740862100e-01 8.859225936319293782e-01 7.797346488128806818e-01 2.217123717619472467e-01
0.000000000000000000e+00 -5.191550128082302763e+03 3.720932355636198396e-01 9.713130016301384506e-01 5.581102076591142325e-01 5.347026693103339445e-01 3.599154738229204398e-01 6.119828200728693046e-01 5.639657941618277937e-01 2.351159179034193469e-01
0.000000000000000000e+00 -5.043833095847791810e+03 4.340134255280476694e-01 8.055785482618759152e-01 2.519861141134159821e-01 9.139820453481278806e-01 5.303474385370151589e-01 5.317766721995993429e-01 8.862969684842338935e-01 1.735172211863496017e-01
0.000000000000000000e+00 -4.977764953302201320e+03 4.929351411712384889e-01 9.248441349106932829e-01 6.841865006788209191e-01 7.874174324238079059e-01 1.456073651024659688e-01 4.811360166298102037e-01 3.487056988915824274e-01 2.285231694883811393e-01
0.000000000000000000e+00 -4.800060834755282485e+03 4.522510949296217886e-01 8.955178426431025240e-01 4.889095679702043507e-01 8.679551802340288447e-01 8.234467226044396293e-01 2.555839501270392722e-01 7.550114552689008995e-01 1.652820474013912966e-01
0.000000000000000000e+00 -4.701294448097729401e+03 5.343548197014397205e-01 4.228408858381744739e-01 5.709537864079050618e-01 8.501070445295366707e-01 4.769515536558305291e-01 3.283599651771704764e-01 9.678734693926012156e-01 2.094498482983987442e-01
0.000000000000000000e+00 -4.256284194278458926e+03 5.181830290378797166e-01 5.266237132241906593e-01 7.576303649859451594e-01 6.017285462011977559e-01 4.641617712086469894e-01 7.899845214296030704e-02 7.303653538607322027e-01 1.836517153048625728e-01
0.000000000000000000e+00 -4.046248709704448629e+03 7.102367411744476833e-01 9.995319087397258606e-01 5.721021437490017014e-01 6.724543385259464934e-01 1.842198219375348334e-01 1.814890296398442571e-01 7.895622394662343835e-01 2.105039973644832196e-01
0.000000000000000000e+00 -3.097938274839343649e+03 1.219693786562819904e-01 3.919177638561209820e-01 3.488463456303640964e-01 6.357465729095750362e-01 1.017202147764553199e-01 9.761442751600646339e-01 8.925488636297994605e-01 1.699851603266111510e-01
0.000000000000000000e+00 -2.907248902577272474e+03 7.396093505842618043e-01 8.692657307875931716e-01 2.849674714752675753e-01 9.410102380395508614e-01 7.920349790615475172e-01 7.653389199648705787e-01 9.734155960306822841e-02 1.751917599122889690e-01
0.000000000000000000e+00 -2.798176887970019834e+03 6.061214062883522047e-01 5.528530779059692701e-02 5.206386689396915735e-01 2.611440496103312192e-02 5.513843973506384888e-01 9.266389741197755825e-02 4.829666640057517224e-02 2.252999582773211884e-01
0.000000000000000000e+00 -2.570367113466094906e+03 7.199545309770053469e-01 4.378334263814696037e-01 8.105099193297389260e-01 2.306397095907629646e-01 2.514571373854681546e-01 9.274253701014790741e-01 4.776913860022308222e-01 2.197777568605532306e-01
0.000000000000000000e+00 -2.450109521616621350e+03 2.147414998495377203e-01 3.211928545316711237e-02 4.915473353571574444e-01 7.980627381904320528e-01 2.441608604115541592e-02 6.183624044958806465e-01 4.794982115069796880e-01 2.552597149558178957e-01
0.000000000000000000e+00 -2.279603303616986068e+03 2.887006699364483842e-01 8.871044835119696881e-01 7.875094167555368729e-01 3.204186453410747815e-01 5.399475986061608168e-01 3.333746600410465444e-01 5.769336438879307805e-01 2.400669027890365292e-01
0.000000000000000000e+00 -2.236969665148306831e+03 3.222803135235789984e-01 4.639069550351905269e-01 1.468956097907446745e-01 8.449168345363111676e-01 3.620209310179481887e-01 9.602075969231552710e-01 7.481599488910650742e-01 2.396247785170760869e-01
0.000000000000000000e+00 -2.163579754024905014e+03 8.561536011040679073e-01 6.874251029004851965e-01 6.540962190552086497e-01 9.556103593581312117e-01 2.293996611669454344e-01 3.535286301168633072e-01 2.589662884985393099e-01 1.440585133090275249e-01
0.000000000000000000e+00 -2.077540736111521710e+03 7.330178755639614741e-01 7.133713755935600087e-02 2.141951889275263143e-01 4.172651057599685576e-01 8.516881580837302179e-01 2.673396708079356365e-01 2.457150324808179409e-01 1.936741571939003537e-01
0.000000000000000000e+00 -2.074404438100618790e+03 2.414887492685178216e-01 1.767418274661236577e-01 7.564717827871103584e-02 7.665432281546681326e-01 1.032852305021201289e-01 8.981190563629600776e-01 3.695926870112863361e-01 1.784778726928502035e-01
0.000000000000000000e+00 -2.037304023431746600e+03 4.629469263560560544e-01 8.342926586873377071e-01 1.754194282733007038e-01 1.702667083580619023e-01 7.403718172517476104e-01 2.788095004001547306e-01 2.940229213754166349e-01 2.325933585341056764e-01
0.000000000000000000e+00 -2.028633237871808433e+03 5.484476465040474258e-01 2.689533648200219673e-01 8.612502123571155188e-01 5.996450582213876945e-01 2.066477815353917613e-02 8.735157031394035210e-01 1.129345089493669629e-01 1.974000263600655947e-01
0.000000000000000000e+00 -1.967407956465741563e+03 4.998037174800070703e-01 2.435331492675597564e-01 5.252465611761890640e-01 7.702902175777439631e-01 2.536358727592509243e-01 6.184805762116235561e-01 5.440699585649303449e-01 2.320210333937028357e-01
0.000000000000000000e+00 -1.722021832891740814e+03 9.685506298394860325e-01 9.821257153638548454e-01 9.122014638014234178e-01 8.127522415930207300e-01 5.809683799394584902e-01 7.832386841257810151e-01 5.001142307620516370e-01 1.378447776598031860e-01
0.000000000000000000e+00 -1.713657108716696939e+03 8.893669681994330611e-01 1.622821606853235288e-01 9.981463530005442175e-01 6.996779320188111218e-01 6.749913083669154545e-01 1.600749229442078869e-01 1.949001676141011163e-01 1.228507098167187506e-01
0.000000000000000000e+00 -1.711182796723623596e+03 8.325008864628221650e-01 2.907833613062460465e-01 9.107335028161362978e-01 8.453494617142098821e-01 8.302777011814861385e-01 5.246128742563938019e-02 9.188333876615226714e-01 1.183974345600978806e-01
0.000000000000000000e+00 -1.638609653754225747e+03 3.320406548909450306e-01 2.222117863586950959e-01 8.211962656577340702e-01 7.690368767765313196e-01 1.584101529807591113e-03 4.782850672258192049e-01 7.781272542497904565e-01 1.884324626917811552e-01
0.000000000000000000e+00 -1.526794033934204435e+03 6.651684216806716954e-01 6.460377333668815281e-01 4.725690402673006218e-01 9.334856209137261107e-01 8.353966880281260554e-02 6.904042659062882281e-01 4.790872845020714976e-01 1.748511748957508605e-01
0.000000000000000000e+00 -1.517107617460743541e+03 3.448097172418926881e-01 4.989689403095501907e-01 2.326782742831673412e-01 3.073266822295560585e-01 6.307229309293723718e-01 1.629401769325480309e-01 5.089731651333782025e-01 2.422615924894900852e-01
0.000000000000000000e+00 -1.506631188838124217e+03 4.887821844344991673e-01 5.146932669594862508e-01 4.852955319037499660e-01 6.274569486807269891e-01 8.581489018304093719e-01 4.393031341231653508e-01 3.344823185341712080e-01 2.127575235781532514e-01
0.000000000000000000e+00 -1.387132025931130329e+03 6.918221733851077637e-01 6.477124312619265689e-01 9.582673500516246667e-01 3.231405354504165439e-01 9.872189154768001851e-01 1.896725738536675365e-01 3.075748237811888330e-01 1.918668750197829453e-01
0.000000000000000000e+00 -1.328227339886348318e+03 4.473742289158931795e-01 3.409418233114840380e-01 4.992185105765563069e-01 7.609497190312159987e-01 5.768190639183308210e-01 8.133477729236404663e-01 9.427009352435894440e-01 1.660428292269587880e-01
0.000000000000000000e+00 -1.288214373467113319e+03 9.013198483125685057e-01 9.525522184785039093e-01 9.998054411724321966e-02 4.145220125359598828e-01 2.347987937109174972e-02 5.141577877223536541e-01 4.093544347369154623e-01 2.216676177166599926e-01
0.000000000000000000e+00 -1.267318682727004443e+03 2.705471164529342776e-01 2.743983147162354364e-01 9.036092837069571448e-01 2.812088957596682315e-01 9.937777996719403539e-01 6.935343560944673413e-01 9.948050480771761794e-01 2.200919708671872366e-01
0.000000000000000000e+00 -1.240747703689208947e+03 8.751990875980402151e-01 3.871601815803550339e-01 5.712957587751485988e-01 5.395602056137169811e-01 5.173612702693752841e-02 2.262279774221362949e-01 6.316170935500808881e-01 1.518951634463812095e-01
0.000000000000000000e+00 -1.191031696032410764e+03 1.030329492312547224e-01 3.918113500219693179e-01 6.725163976821632028e-01 6.414139586754922240e-01 3.237920123527676663e-01 1.770598997254753115e-01 2.384706463578228908e-01 1.640339875011506132e-01
0.000000000000000000e+00 -1.181250348996967205e+03 6.422971770019091364e-01 2.336572402079762911e-01 5.114314231598003913e-01 3.930903888688342951e-01 1.456230058430413310e-01 7.585638921635189380e-01 2.347926327022297199e-01 1.836606622956891144e-01
0.000000000000000000e+00 -1.163764132540198943e+03 2.931661378517491645e-01 8.801728639475638882e-01 7.358706404746500063e-01 1.023802026891288408e-01 6.016989187809018702e-03 2.748927911653586964e-01 8.263677342686813754e-01 1.647318407897334636e-01
0.000000000000000000e+00 -1.159736518623212532e+03 5.179601478165549722e-01 1.304528189247711190e-02 6.735571868906723436e-01 2.338751594956889335e-03 2.146126278839991519e-01 4.177635191641804191e-01 2.757936439680729324e-01 1.873310789842989044e-01
0.000000000000000000e+00 -1.125081005953734575e+03 6.109879503515550647e-01 5.036770810278361488e-01 2.284337448945714666e-01 1.100149993129138082e-01 2.534508787917040262e-01 5.374268164872799680e-01 2.096846844934472376e-01 2.487861506307333936e-01
0.000000000000000000e+00 -1.036663516377291671e+03 8.449601509711707203e-01 8.785948633464698565e-01 3.153787453422396414e-01 8.683509101901661920e-01 8.132666085899178388e-01 6.436598776042461445e-01 1.812882937185541499e-01 1.860188870905221670e-01
0.000000000000000000e+00 -1.022810560697775600e+03 7.976504873552646702e-01 3.167405270623833147e-01 9.821241578453581145e-01 4.562349089341838360e-01 8.855729625492094748e-01 5.722249958580555296e-01 6.570600320975713560e-01 1.292245399598952460e-01
0.000000000000000000e+00 -9.946668079297296572e+02 8.779582753060204414e-01 5.799664331658518357e-01 3.833330126743962341e-01 5.709853030966245413e-01 5.067850743413340187e-01 9.591941196770192857e-01 3.915892110323770936e-01 2.031313214350829455e-01
0.000000000000000000e+00 -9.242327073583036281e+02 6.101865761813405342e-01 1.774701315442723804e-01 3.165232332730619769e-01 7.674360243735727227e-01 4.914044622254898353e-01 3.916257677965321315e-01 2.117699420078510419e-01 2.236741819995196057e-01
0.000000000000000000e+00 -8.912258092290148852e+02 7.938327461016875253e-01 1.782961400928457785e-01 8.431290031000426843e-02 1.384764024935336568e-02 3.178954262650890428e-01 1.411280675222261749e-01 8.995536292921378907e-01 1.837669647653316085e-01
0.000000000000000000e+00 -8.398259266409193060e+02 6.739070435385779989e-01 5.680627312218962111e-01 8.963456313935911357e-01 5.980324288664307097e-01 8.667594719062741149e-01 2.756784169292714193e-01 3.579368750597096138e-01 1.183936816885481358e-01
0.000000000000000000e+00 -8.387691256952826961e+02 7.286697193725869548e-01 4.803176193046340137e-01 7.524476578585408415e-01 4.825684664992699879e-01 2.921399007320180097e-01 9.951587694651818916e-01 4.059274346526058341e-01 1.696927790941722414e-01
0.000000000000000000e+00 -8.380739411345788312e+02 5.926205458371032186e-01 3.833341512374047744e-01 9.168087703427683088e-01 9.929596932738545823e-01 5.904649493991322995e-01 2.961502536019104959e-01 6.019523789020224669e-01 1.632580090347316437e-01
0.000000000000000000e+00 -7.753089239880978312e+02 2.875613693172227592e-01 3.771197229548163277e-01 3.792216846984731715e-01 4.400854221705382541e-01 9.981523506236474885e-01 3.746265654769214137e-01 4.035955371593981100e-01 1.490602377400265244e-01
3.045111125146861285e-299 -6.922036380219466309e+02 9.739006628777097108e-01 4.527602598524452793e-01 5.824787107520724705e-01 7.161183002863408253e-01 2.487581271188878951e-01 7.984811950537498149e-01 3.643193459019802294e-01 1.971091963933275792e-01
2.628179347191519292e-287 -6.647190296244424417e+02 5.695736129394297631e-01 5.148760759894485117e-01 9.039895407160906116e-01 8.329865886731090407e-01 5.783100861914900470e-01 1.524250906674888828e-01 6.455633562718321450e-01 1.403248333222038013e-01
3.791795981889540604e-284 -6.574438925744652806e+02 8.018062947405156793e-01 9.735472116217530614e-01 5.706291055722944039e-01 1.704138201894096483e-01 2.485546618887561898e-01 9.528223202080043919e-01 2.429867432900584268e-01 1.797702200590568511e-01
1.467235823022378219e-270 -6.261563274817849560e+02 8.462209877923848600e-01 2.052010782792625943e-01 6.078188220565681199e-01 2.204979660955758147e-01 3.826480887104164452e-01 9.562495041093974635e-01 7.446134399856424446e-01 2.207135375184267057e-01
2.502634524926519277e-253 -5.864775838187074442e+02 8.465519399877802220e-01 8.695921319797533799e-01 4.269046280344694910e-01 6.829757438782635415e-02 3.919750461875781689e-02 3.782203115953024497e-01 3.108233456258775451e-01 1.711178043420999995e-01
1.206926044288622793e-251 -5.826008476184622396e+02 1.022006262285122258e-01 6.311750699351659222e-01 5.104291470510998741e-01 9.564667480065501826e-01 2.118253352231771469e-01 5.901777826799027293e-01 9.551669913875239226e-01 1.299781492794341853e-01
1.981615900846415824e-251 -5.821041783296224139e+02 2.545969600785669140e-02 8.461626328219892246e-01 6.117184429146702573e-01 3.180262729523306575e-01 1.184548610871235530e-01 8.009154743380442198e-01 5.749229330874960908e-02 2.820808102922118810e-01
4.451755284806314484e-248 -5.743862038762854354e+02 3.369698733061242679e-01 2.826432923960828791e-01 2.754919978111438628e-01 6.426224568369794943e-01 2.813622740780130638e-02 5.122142428976741435e-01 1.621004409108954825e-01 1.481124930930208805e-01
9.274458812472939669e-241 -5.575333090986907791e+02 6.675147625097611614e-01 7.556945988793447588e-01 5.723170958701181421e-01 4.678199484847864742e-01 7.168715875015666539e-01 1.141401895854423643e-01 9.301318581884427950e-01 2.176656704202515336e-01
5.318759915767582783e-225 -5.212471383575424397e+02 7.358320340338807553e-01 6.786137521076807122e-02 2.797348090957944011e-01 1.384688915830271094e-01 3.512111316198081035e-01 2.797434070572660803e-01 1.453999114978347107e-01 1.757708350073736714e-01
8.076732655736779297e-218 -5.047104621344310544e+02 9.413461320484187711e-01 6.275305889002421589e-01 2.488127456715424346e-01 5.793729345531539732e-01 6.220428462984654017e-01 7.043270611543841486e-01 8.668959911968754373e-01 2.013885483519132213e-01
3.402107919637442621e-214 -4.963638806297030897e+02 9.321411350390619299e-01 3.108713818034293253e-01 6.770734513505124452e-01 3.229157881507181971e-01 8.437126166322929111e-01 3.902781321192747566e-01 8.698119478818504557e-01 1.908260674259136813e-01
3.671195726765223773e-208 -4.824714145341763469e+02 5.542404123455830778e-01 5.622989863086560458e-01 9.465102529114102214e-01 1.658454822338106815e-02 8.409749558064533170e-01 5.791123395121088313e-01 9.938634717628046511e-01 1.603493566540884485e-01
1.677847406423006851e-199 -4.625303211178652987e+02 9.927970961297535313e-01 7.752790888010610004e-01 2.940907805729586766e-02 1.552039659327247856e-01 3.601005756547234204e-01 3.990097293295804537e-01 7.070857655222942961e-01 1.851947736045059800e-01
2.604902450037177525e-189 -4.390637532934305227e+02 9.557759373988011786e-01 2.573619618269613607e-01 9.190048786150482041e-01 5.267467423720791908e-01 8.938174196831181195e-01 3.582113326480639293e-01 3.586562686423374613e-01 1.725900904785976353e-01
2.504926890837035566e-181 -4.206813748946300393e+02 5.404583755536748191e-01 1.964881798988900030e-01 6.356383562193245185e-01 8.659623682815306145e-01 7.640038746398616354e-01 9.648210222388617918e-01 3.575513751613579316e-02 1.364246069899733849e-01
6.784968008535323003e-178 -4.127763362528831408e+02 8.965469406653202578e-01 1.219771224384246233e-01 4.562126200962554057e-01 8.867121431095400519e-01 3.863603743386544442e-01 9.245451353759523982e-01 8.838642063823016759e-01 2.067032807665436511e-01
1.163061283423738561e-176 -4.099339867454017963e+02 2.652935510705126676e-01 6.854850352299188820e-01 3.250328151905426122e-01 9.432604725511184451e-01 8.275755334704648636e-02 7.581398058842367949e-01 1.281398217595238753e-01 1.492335068517219865e-01
2.659878859094504659e-174 -4.045007582124252963e+02 8.762961608358795784e-01 4.676673730063658496e-01 3.728709644014253088e-01 7.055075372059902428e-01 9.634205793911151394e-01 4.110620426508208025e-01 4.003873671627353747e-01 9.809973076363032174e-02
1.926074930053628399e-171 -3.979149659630603537e+02 5.189097767181143350e-01 1.273663904859388962e-01 9.725898478905459221e-01 1.147401230435751707e-02 1.003085446785911827e-02 6.391170767729115187e-01 9.253435741451395691e-01 1.611208009499351945e-01
3.438057582104699273e-170 -3.950321250983032542e+02 3.366340653552781781e-01 4.042759649268963251e-01 6.917729983066500665e-02 9.519641862503135377e-01 8.307990339479979225e-01 9.827762903627942359e-01 3.193146103465576147e-01 1.250640385440850988e-01
9.219329070791923903e-170 -3.940448961544857411e+02 3.565219402588438724e-01 1.106769556393967235e-01 2.631920248288185382e-01 5.037647662215924971e-01 2.438507997394645521e-01 4.515919128157388496e-01 2.216787590092986759e-01 1.610678692513909382e-01
4.801461893562817569e-169 -3.923938595614810652e+02 3.396765573040434472e-01 4.925003444039128819e-01 7.367182554498444835e-01 4.168075957796706366e-01 4.025804774303957112e-01 6.498295500661879220e-01 4.816229384654513446e-01 1.596375550548072564e-01
2.157423549071526731e-162 -3.770749363015062841e+02 7.827909576074453257e-01 6.079237682205040905e-02 5.611323648629799044e-01 9.040543459317348374e-01 7.132279233607881075e-01 7.643700170878248157e-01 4.023998671725591558e-01 1.628037763380107972e-01
6.929872652004646622e-160 -3.713020060538725602e+02 3.237292618848600645e-01 2.816756980988751602e-01 9.864178276019542890e-01 3.237844522463396713e-01 8.489269200023497053e-02 4.880518629637000672e-01 1.076876934574321210e-01 1.635121472486977812e-01
1.083043277878673145e-159 -3.708546541359168032e+02 4.367927645566532791e-01 5.011018511232758765e-01 4.460134920622315091e-01 4.276376969308124387e-01 8.241824211224342278e-01 1.754359053768139720e-01 1.920312803199120122e-01 1.567288840535032701e-01
1.190679785040527303e-156 -3.638513160599719072e+02 9.317349002918532408e-01 2.459500506421414823e-01 3.634940239994395306e-01 3.915320993461074428e-01 9.790396352299790550e-01 1.064407518785779327e-01 1.106305219114073202e-01 1.065689103257447812e-01
2.379595571538350016e-153 -3.562503212942941673e+02 3.672366366256867298e-01 3.486977818809933183e-02 1.862922647880999039e-01 1.264848573205118454e-01 5.263608057685814634e-01 9.705533162710643369e-01 3.840052880573067151e-01 1.272824543375815631e-01
9.531791409468969105e-153 -3.548617858304689321e+02 2.663381175179344584e-01 3.070620142867171998e-01 7.136457056208748151e-01 5.578589401257150193e-01 6.907079409368555023e-02 2.495729945321970566e-01 8.751728740103615900e-01 2.680376640198163241e-01
1.658030870316212477e-150 -3.497021992184158989e+02 9.189234606547700412e-01 5.873306798943287443e-01 2.159513133574386679e-01 7.192030688982692377e-01 5.279259805348146539e-01 9.028817712659279460e-01 1.238660449427307908e-01 1.500228724685656045e-01
6.463391488143060621e-148 -3.437356721964470694e+02 5.291773973389314323e-01 1.923173463175414932e-01 5.196261489338453998e-01 2.089472191199852613e-01 3.499049442783497277e-01 8.037175840190321496e-01 5.796370729764946939e-01 2.527645380150177479e-01
5.413534955353402861e-144 -3.347017503785144186e+02 5.730411347389586796e-01 5.517482382948752928e-01 2.245990391725259938e-01 1.402591981439939017e-01 4.462022710738509090e-01 6.518355110691810284e-01 5.810207040478776452e-01 1.314004165260830304e-01
1.747421076894136357e-142 -3.312265081193427818e+02 3.231084103560054599e-01 4.562870862633343627e-01 4.591997469790013442e-01 3.560228208937303851e-01 9.715943633399604096e-01 6.456381776491382229e-02 3.734083866340395241e-01 1.387583316428342428e-01
1.509847111431610251e-141 -3.290692223286914100e+02 1.485789307425250394e-01 2.120051476983675354e-01 6.720555066344169326e-02 7.738527430713908473e-01 9.645656639658026776e-01 4.116022978033797575e-01 4.897507060769652476e-01 1.252764569063140598e-01
3.646723154280548821e-141 -3.281865683919405114e+02 3.426555563628059797e-01 5.944282397730715761e-01 8.010306483581680626e-01 2.043131007568821378e-01 7.257512792527420764e-01 2.824812362066519977e-01 1.917111793471436565e-01 1.484187465841497744e-01
7.740803209669597688e-139 -3.228278884149531223e+02 6.500257345830180444e-01 7.721846222245865032e-02 6.923616868005673108e-01 6.352400683244854296e-01 4.167487827133931066e-01 9.666607597863604573e-01 2.445720429645907856e-01 2.313679889343612794e-01
2.375258563972893870e-138 -3.217058691441003475e+02 4.670191934502433417e-01 8.030950346879652813e-01 5.116731987142532079e-01 1.410878244717376218e-01 8.444846781148127590e-01 3.498394724730015115e-01 6.128586618786679985e-01 2.378582082687525912e-01
2.103864031697219614e-134 -3.126160260703236418e+02 8.022641717384978444e-01 4.337999431670704897e-01 3.196028102345831456e-01 8.102399316312099975e-01 6.860552071053083178e-01 9.102584615907449717e-02 4.744989732515425551e-02 1.562832321102077815e-01
6.656633172810378404e-133 -3.091607694859443995e+02 6.669244786931735058e-01 2.745851997300338132e-01 5.559131440692782755e-01 9.333525883446203153e-01 7.134999996148025936e-01 2.942001467076639232e-01 7.940840397252723060e-01 1.056192965165013709e-01
1.175094558685512867e-132 -3.085916162669029177e+02 3.594111040606763341e-01 3.105332072025716039e-01 1.759248055548792156e-01 3.072566327666085284e-01 5.980954115453185338e-02 8.765806362217722913e-01 4.606479455403520440e-01 1.357310495893112590e-01
2.110831912506709555e-131 -3.057024643192970643e+02 4.579968574085291344e-01 3.325597506485642452e-01 6.672853902916373592e-01 9.646275906918146958e-01 4.111145163487683885e-01 2.814011247615848532e-01 7.013655114049580641e-01 2.366826368196236485e-01
1.950333916907734171e-130 -3.034781274367276183e+02 9.657460775859357804e-01 2.571299022383215505e-01 5.185338564418281448e-01 4.534402448173420197e-01 8.862791853647704610e-01 2.640936566528107043e-01 7.665343382447109555e-01 1.682806790895993165e-01
1.869676721587209053e-127 -2.966117738820027512e+02 4.179127025511327753e-01 6.518252059906961549e-01 6.233857658808251712e-01 6.517718231137071827e-01 9.153175002077390543e-01 8.626802030671740784e-01 9.800106332459777025e-01 1.101995741885295477e-01
9.284840433554563805e-122 -2.834953976142080023e+02 4.668032697574133749e-01 7.292358343209437432e-02 2.275794226573112367e-01 4.174259485437138428e-01 2.440995831315462272e-02 1.424199064918963975e-01 7.564297274142922634e-01 2.694997096392353075e-01
9.343563317522280914e-118 -2.742779192271590318e+02 7.980475891596831017e-01 3.195196417405731237e-01 7.013493647723201274e-01 7.898811032111774377e-01 5.809632543035240237e-01 6.743631064448171175e-01 8.738574914487773349e-02 2.136249482813834533e-01
1.096370299298692106e-117 -2.741171834960412639e+02 7.009276930718717491e-01 5.209942809605417890e-01 1.050220374298049819e-02 1.965791645402072962e-01 1.635480958638773075e-01 2.208143949323793098e-02 1.418341689324745802e-01 2.594972453501481757e-01
3.316216632615566704e-114 -2.661017753148747147e+02 1.944743097947487787e-02 5.907640374799630889e-01 6.517739345615153335e-01 1.692931327677305031e-02 4.782110479805270487e-01 1.854118307437754298e-01 5.559492453489744967e-03 1.347362347732627974e-01
2.800485479676788843e-113 -2.639673886654341004e+02 5.460257697604147253e-01 6.728194295856738671e-01 3.815846383152438070e-01 2.116705509874539093e-02 5.800071913195961049e-01 9.108996483017156587e-01 2.728779081696177666e-01 2.516367028044693699e-01
1.607308960634915362e-110 -2.576140315133305876e+02 9.918901202779144555e-01 6.413891282212768052e-01 8.146615940481700679e-01 2.346694752557358932e-01 3.417838033282959431e-01 4.397389625982851546e-01 9.720595473468430781e-01 2.195313329795592905e-01
3.841984297911198115e-110 -2.567417705301547244e+02 5.045032067387963393e-01 9.216698448156375179e-01 4.267188533523577076e-01 6.483433932372848485e-01 3.616381557438264061e-02 3.753724518243792829e-01 3.666222667901135601e-01 1.390919150488020284e-01
5.303021732374493903e-108 -2.518134791919393933e+02 1.257247997934850536e-01 1.690756341875633284e-01 1.550581852046990505e-01 7.520591712200616064e-01 4.052361756201250387e-01 6.136893678983929012e-01 7.021127988760977878e-01 1.178187048294417894e-01
8.622436628231944946e-106 -2.467213847526727193e+02 3.034482918054499656e-01 2.479402519345191847e-01 9.431175510825082764e-01 2.231879297239717230e-01 4.506448585570508314e-01 9.825926672657477878e-01 4.586348884619457777e-01 1.255014530364232384e-01
3.621520429421045660e-104 -2.429828550037851471e+02 7.395805055654635085e-01 4.729730708415191831e-01 4.839440188841560575e-01 2.185510038366071939e-01 7.434952548469108136e-01 7.144675245474555458e-01 9.512280571371555249e-01 2.261586145726398600e-01
1.389151532965125328e-102 -2.393350522774209708e+02 7.874657504493219884e-01 9.199073641023931547e-01 9.440907185733676821e-01 1.280712277381051978e-01 6.631695439324917229e-01 5.124481638422961893e-02 6.595557620769886276e-01 1.393301770303640996e-01
5.093593820997514040e-100 -2.334297582743000987e+02 3.060341663877962359e-01 9.404827018770378633e-02 4.416251666912676122e-01 2.853691610176123383e-01 4.037883797048169576e-03 9.845242191831937717e-02 2.934465801899468484e-01 2.829471526586753161e-01
1.513247853414473667e-99 -2.323400652473392825e+02 5.046666199083786886e-01 3.487932312716373051e-01 7.189730184557691084e-01 3.096132516180106764e-01 3.176786238309492472e-01 4.452759498169885921e-01 8.370132000924851434e-01 1.200823166065304592e-01
4.176107563449390113e-99 -2.313241105434883025e+02 5.119172774725280206e-01 2.224143914379400622e-01 6.593928873396415202e-01 3.682742706805368638e-01 1.080937720154310222e-01 4.581152876753482595e-01 6.669486708739619241e-01 1.416788656876303287e-01
2.174188091666044736e-95 -2.227656611422962669e+02 6.458152000382129110e-01 4.077391737451016018e-01 9.107576037939846270e-02 9.762994935475132197e-01 8.079857050444849698e-01 8.760405722317643473e-01 8.417895177529547412e-01 1.349746732636324387e-01
8.180096555997655732e-94 -2.191371940651743273e+02 6.784652560728376969e-01 4.245865482400877911e-01 9.626222378878499519e-01 5.867036614689945528e-01 6.650648453896488288e-01 9.825291391315917888e-01 7.982068754592689386e-01 1.561294345457734378e-01
1.607102656585866717e-91 -2.138558764417131783e+02 2.327196936263467020e-01 9.572515841529563030e-01 1.184139162517944266e-01 1.355207337065323925e-01 7.276899789283686193e-01 9.349786221394496000e-02 3.537666839411469644e-01 2.647130697426670620e-01
7.854854154309281183e-90 -2.099657592766955645e+02 4.123171176569129237e-02 5.363401458111507480e-01 9.135215530038203191e-01 3.781782920016130145e-02 8.946896613006289911e-01 9.141652331082500416e-01 1.260217080096570630e-02 2.588154459302185462e-01
2.128868825316987298e-88 -2.066652966909382201e+02 4.888881898770622847e-01 6.005829390132004786e-01 8.010756779801581073e-01 4.052773437950534241e-01 9.225844947123246209e-01 3.290495242102552398e-01 6.116210499469298956e-01 1.112294333827711368e-01
3.338205490964612345e-87 -2.039120356508906866e+02 6.357971756908677996e-01 1.099074738861505196e-01 4.593011742066589465e-01 3.930704122161764458e-01 9.790479951679428305e-01 2.799760479745252439e-01 8.556682992160796752e-01 2.203982133192704529e-01
3.763586721375887679e-87 -2.037912632840327092e+02 1.727070770417690193e-01 5.409252639002514185e-01 1.219338923761533744e-01 6.983397085819189609e-01 4.383556764138523132e-01 8.996047580751680428e-01 8.487141414247558746e-01 1.124352078328820781e-01
4.329179327066019279e-85 -1.990452541904890609e+02 5.294588664687135404e-01 8.818382380910985141e-01 7.133772523545112154e-02 9.687067352756889571e-01 9.628188734300529017e-01 1.321800391979215394e-01 9.158591463842702396e-02 1.487916192155881445e-01
3.737837659351494695e-83 -1.945861213850879210e+02 5.506030400362161847e-01 9.779106107760356936e-01 3.315718045632611855e-01 4.689866609873244441e-01 4.421580729977357960e-01 3.980731543312031606e-01 5.976724663280850169e-01 1.083691753954445502e-01
2.613070880797829459e-82 -1.926406841246509885e+02 9.778705517912923417e-01 1.048107000238155395e-01 7.757185669603047229e-01 4.048849991129820358e-01 8.183013117332252895e-01 6.782778539121793182e-01 8.134697169991390586e-01 2.005756296607010825e-01
3.798385141834984886e-81 -1.899632157969733157e+02 1.100772049068763359e-01 1.324116024248638279e-01 8.812750144051859635e-01 4.610015848020939666e-01 4.265149745107571500e-01 1.092400258876013996e-01 2.864520183211823889e-01 1.174085029131635149e-01
9.542657325419439475e-81 -1.890411864850600807e+02 4.540680983748668353e-02 9.854576498908640403e-02 8.836993257571053029e-01 7.329092981062668155e-02 1.699372551499073181e-01 8.777165106757267576e-02 5.527626599495190085e-01 1.351707735056967286e-01
3.902269601302599564e-79 -1.853293966251328015e+02 8.472244942361040199e-02 1.264569900783405476e-01 7.169088625278775551e-01 2.091841094261159828e-01 7.024067931299829981e-01 6.438792082219857438e-02 2.167328061838059705e-01 1.185909308084580616e-01
1.961237436152684662e-78 -1.837139609127223991e+02 4.737757110439896335e-01 7.757480677230015331e-01 3.124919823772778216e-01 5.366796435072870297e-01 5.901292110481118902e-01 9.402807705218141354e-01 3.326522678503901487e-01 1.375311199630284698e-01
4.574638971754907184e-78 -1.828661754160569046e+02 9.065027981209390351e-01 5.545117506678052255e-01 5.082173144989470259e-01 7.005988325074684608e-01 8.864737324844123023e-01 2.368723783264325977e-01 1.187605164558542814e-01 2.033527202865166306e-01
9.890654216241499399e-75 -1.751865242933645561e+02 2.990121343247257313e-01 5.204821547943145887e-01 9.082854242193472150e-01 4.288829382358722020e-01 3.277259745649717670e-01 7.680738232963741918e-01 5.085938433013703630e-01 1.116178478466525181e-01
2.880353486286544365e-73 -1.718141980418459980e+02 7.412369798754273598e-01 3.235576460479390182e-01 1.001183567663785912e-01 7.363416768689434733e-01 6.797773030911524739e-01 9.623652658367942703e-02 5.792849465053894198e-01 1.469416058178800721e-01
1.289730120056275884e-71 -1.680116745602070694e+02 2.165458165174907190e-01 6.435562422955932727e-01 6.339867519857045330e-01 8.002826043958575220e-01 1.163103832715909336e-01 8.551965478691183620e-01 1.829371855919864620e-01 1.141794983034840616e-01
3.846219157767663617e-70 -1.646155984922652351e+02 5.007653241823086798e-01 1.824882353835186599e-01 8.174048424787768719e-01 6.154087312804339405e-01 7.057760804025312584e-01 5.468468583309598063e-01 8.350456691439891443e-01 1.572668982566511886e-01
9.109790177119357264e-70 -1.637525061089166627e+02 5.962435268004291355e-01 3.932784185555190382e-01 2.097846891129075964e-01 3.218530417197262850e-01 1.080951328824263369e-01 8.684623908991749852e-01 1.141574137295313651e-01 2.701542258328961665e-01
2.637361999932177267e-67 -1.580834880003257297e+02 8.386680649586328862e-01 5.950777080010021258e-01 9.649145727273598094e-01 8.354502875268809969e-02 7.414492912632980604e-01 5.083843678176970249e-01 6.831384494493718540e-01 1.599456047996200558e-01
1.525816976630947272e-65 -1.540247336671447158e+02 8.875188269578913047e-01 2.373401507945971378e-02 7.526764304460317190e-01 3.119559060676002638e-01 5.527388975365824519e-01 4.741754854277262510e-01 3.256180937820866150e-01 2.283283455859339561e-01
3.386231434052355648e-65 -1.532267126911472701e+02 9.234464446873512644e-01 9.581526955932150313e-01 5.950278105864073019e-01 5.984806040499240920e-01 4.554913030217557779e-01 8.224076535420344891e-01 2.705121755188382160e-01 2.264849421881991454e-01
1.445793302953163290e-63 -1.494717686339789680e+02 8.521158198812397444e-01 3.027357271245404435e-01 8.347457941567560935e-01 9.267368425069028026e-01 8.875157621708886779e-01 8.072273806106909921e-01 8.871869786546685566e-01 2.003862220597321109e-01
1.334669886788968548e-62 -1.472483243916938989e+02 4.371804751992127702e-01 8.523166694865064175e-01 1.399022945231775950e-02 7.005204206431027147e-01 6.292354747709120177e-01 3.942569498516728110e-01 9.378640476295388995e-01 2.520771058402373477e-01
1.582102869955574306e-60 -1.424722499653456964e+02 7.111167745188591294e-01 7.274899275249012698e-01 4.796989927361434702e-01 6.108544369534898433e-01 2.862990338842651417e-01 1.852891232475794014e-01 3.540169738829712642e-01 1.141935192594415449e-01
2.766906993175450106e-60 -1.419124414371350724e+02 8.000973993409374874e-01 1.761207560107882486e-01 9.241591977942601455e-01 1.545514255802872272e-01 3.704784384155745958e-02 2.395030138953990750e-02 5.270023067440898767e-02 1.151297857892124021e-01
2.852731778933438982e-60 -1.418810611370481354e+02 8.537223856490376850e-01 9.107462966629328305e-01 2.078594961518839268e-01 8.656707343785480235e-01 1.482676306934448407e-01 2.154739525774680420e-01 2.510350308414549536e-01 9.889974569109816205e-02
2.987468875942363942e-60 -1.418340783587246960e+02 1.261567806591495922e-01 6.821339526943467346e-01 9.551438065068723615e-01 6.018501852152871034e-01 6.397836105800267514e-01 5.281242194781098354e-01 3.836020651512304092e-01 1.000370557044167885e-01
1.100576042897627764e-59 -1.405292527134103580e+02 3.530122758420659590e-01 1.264126608323989931e-02 8.555464201425191373e-01 6.831517810136056301e-01 5.816468684658596677e-01 3.522690906205706574e-01 7.198346616889405025e-01 1.564130550373942219e-01
5.212240406893432668e-59 -1.389732433143228150e+02 3.972533183925550659e-01 1.754793958172711221e-01 8.064749800755410813e-02 8.960498183734559863e-01 5.004806109416642945e-01 1.030576762233859078e-02 9.744371921909945611e-01 1.255355448472373903e-01
4.231172345464734151e-58 -1.368783555669581347e+02 6.062152247556868989e-01 5.065587686576283888e-01 7.182796313965158497e-01 5.421601443324465253e-01 9.947156359812862059e-01 8.670678351417974161e-01 1.689611577218920191e-01 2.258923939348708165e-01
5.893671284123777806e-57 -1.342435371340295944e+02 8.562694123540623981e-01 7.324957224325095995e-01 9.488431334889532165e-01 6.175259760686013788e-02 9.337571400773003738e-01 8.081804313252111127e-01 4.916462583364888950e-01 2.223234090249852635e-01
7.056509982113153178e-57 -1.340626323197153908e+02 2.939424767561903407e-01 7.764567812141919267e-01 1.536563279298093221e-01 1.623827719578919693e-01 3.248704873169789842e-01 9.559816403224010717e-01 8.591498908189042494e-01 1.123740434228077678e-01
3.031928276083814882e-56 -1.326039656740021258e+02 1.660683344524537253e-01 8.068124403996450589e-01 7.974607747602429075e-01 1.913220450273526163e-01 9.798931511172151998e-01 3.845095816251892229e-01 4.785983886231338635e-01 2.570622763058181270e-01
5.968903088656315401e-56 -1.319257679792446822e+02 5.788674432882595644e-01 5.084242674255590178e-02 4.861292986611566169e-01 1.793100101299636151e-01 5.388838274312841570e-01 7.838312473129775970e-01 9.087756081628010074e-01 9.369744688867354121e-02
5.217193122941760753e-55 -1.297569531848346003e+02 6.560879189861830163e-01 9.717906914951037756e-01 2.127945719442394523e-01 2.769047093644914082e-01 9.532869405222174075e-01 3.460662205806493974e-01 5.212491098634487452e-01 2.393652976953348777e-01
5.828891810100679295e-55 -1.296452524945998448e+02 6.942706912475953285e-01 7.890762647462290502e-01 6.698226056525127259e-01 8.846953153746343057e-01 4.382602696181361335e-01 9.014844822180412276e-02 5.935533254562089800e-01 7.917690121401621539e-02
6.035835999012934694e-55 -1.296095316894684117e+02 9.322563665405003697e-02 6.734032463722918749e-01 6.145027340654447556e-01 6.387457696153522324e-01 2.455016451020731738e-01 4.134672184366705583e-02 6.615617852332491555e-01 1.075271262797281580e-01
6.778270257463031226e-55 -1.294926907810619809e+02 4.462182225062989449e-01 2.414225381251831060e-01 2.251629694202916809e-02 4.740770718899132152e-01 1.438664872413899509e-01 3.811624264755416602e-01 8.258510072904888810e-01 1.075065317866960024e-01
1.030512414850996786e-54 -1.290729381311882378e+02 3.564257723894496133e-01 1.014230065742467435e-01 3.450665938052409620e-01 5.697621328158075649e-01 8.727667439520369053e-01 1.196144512911824220e-01 1.459008890697729433e-01 8.758472898563263165e-02
1.134654706185437386e-54 -1.289758325855130465e+02 1.876711751599235978e-01 8.757673926101472439e-02 3.124830944271262956e-01 5.180012319514708530e-01 5.898055294300635909e-01 3.551513639579130244e-01 4.599684961799131999e-01 2.728245859242617311e-01
1.353775168816888939e-54 -1.287984305221184513e+02 9.716826058703181834e-01 3.214188622838126674e-01 9.646303009046056642e-01 5.361823448683705751e-01 6.628851558772876906e-01 7.281072147318058407e-01 4.363907973967630083e-01 2.182343410008518170e-01
3.155784077141376211e-54 -1.279512573158479682e+02 3.240280979847687259e-01 5.061658321191452314e-01 2.027491223483350868e-01 2.116037420895262589e-01 3.634067303193730947e-01 3.323054900761324149e-01 1.012192621862694208e-01 1.081164299838799359e-01
6.804229481674261254e-54 -1.271821165651056589e+02 1.914666400035248683e-01 6.210395032099247370e-01 1.058844042350703951e-01 7.417376612665442792e-01 3.292379946663570589e-02 6.748186641567543997e-02 1.539608972778626628e-01 1.142437025398540529e-01
1.018343958166213219e-53 -1.267780648027563473e+02 1.084975338076636930e-01 8.315115605892243744e-01 8.373835525034333260e-01 2.876878323891792766e-01 5.840213877365735273e-01 3.548289400813733341e-01 1.948429550047189318e-01 1.008254528986977094e-01
1.344083180584976733e-53 -1.264996970763731241e+02 2.058120451115317273e-01 2.942509181330377199e-01 4.826055683123862128e-01 8.006877466100402740e-01 3.177491509039832573e-01 4.172604709210046003e-01 9.631371707951841277e-01 2.755794725439913995e-01
1.743578197017227068e-53 -1.262386364368162219e+02 8.092347169565405895e-01 2.166553052639655919e-01 9.462508196125903881e-01 4.004315383748864310e-01 4.611588635802751357e-01 5.743075396173399350e-01 6.681425339344637671e-01 8.401397932676579750e-02
2.166500678929491770e-53 -1.260206292646345076e+02 4.288273361848639054e-01 6.144324631479908261e-01 3.456419081099753043e-01 3.221196498800529273e-01 3.081991494036024903e-01 2.569014077924089978e-01 1.540884010214764732e-01 2.803471952795983935e-01
2.854044445426598211e-53 -1.257441721149121179e+02 2.836235375125354397e-01 8.821989232843219231e-01 1.815074983553878196e-01 5.174550670109523409e-02 6.549295483011907670e-02 6.581507995138027312e-01 5.986658697713075350e-01 3.039851380268467906e-01
6.869291390175179843e-53 -1.248650149181623306e+02 7.322137779860242723e-01 9.421753303088725717e-01 1.825176262869487864e-02 8.672119935373764354e-01 6.828792087397116406e-01 9.596305915073610748e-01 8.775416080108444650e-02 7.387751506569406601e-02
1.044280912163848782e-52 -1.244453289209937452e+02 8.254356805348715964e-01 2.743078842074513357e-01 1.132699649601285330e-01 9.702051422280695281e-01 4.834813332776425332e-01 2.987354331940101915e-01 2.090343805797852950e-01 2.389310426540982579e-01
1.159578486867525276e-52 -1.243397675481889877e+02 7.894344808051666496e-01 9.736423368101569942e-01 2.770674505120437336e-01 3.549692321784799764e-01 7.867263469322602898e-01 3.834397121326098556e-01 1.178148250843861211e-01 8.557827256234995517e-02
1.184207096680943011e-52 -1.243179173466441085e+02 8.108194070054838276e-01 7.829309346652486568e-01 1.289677325630851357e-01 8.449256986614787079e-01 2.435863571140618467e-01 4.783164912890398579e-01 7.234843109010492546e-01 2.518056591328455829e-01
1.202165772247246745e-52 -1.243020327069273918e+02 2.046380957838194181e-01 7.390753154566569449e-01 3.030364455889789088e-02 7.812177011102996449e-01 7.520632020701030207e-01 7.924803374581871340e-01 9.826175252961258932e-01 2.631758629770810654e-01
1.321738405813371322e-52 -1.242063762696315194e+02 9.923597724550095034e-01 7.474314567840010248e-01 2.602502361811864784e-01 7.700330468620298907e-01 6.213703804791292917e-02 7.731842019321254478e-01 6.353491226247766077e-01 8.733619279891191578e-02
1.929512087399891172e-52 -1.238272236140474263e+02 5.002048580716902393e-01 4.165421189817859471e-01 2.624411145960270364e-02 7.655694421363852253e-01 3.092967278342849680e-01 9.999145513510527827e-01 8.428682685382586914e-01 8.828864560131366446e-02
1.971256685471550688e-52 -1.238049861964366585e+02 6.199309336059969366e-01 5.685261587140278960e-01 6.516992745423261235e-01 4.035284721329454038e-01 5.692001039722067723e-01 1.615449580959703590e-01 8.925915660794173645e-01 2.540837936698835398e-01
1.993294092622392523e-52 -1.237930355207558364e+02 4.987946366977117352e-01 7.928095195352510283e-01 3.332807176349554812e-01 9.816992296890656444e-01 7.371841358837649683e-01 2.174589888170718188e-01 9.863689386188727592e-01 2.430000634388975733e-01
2.681133781155210123e-52 -1.234957510228167052e+02 1.096374334076362089e-01 6.016492086747615708e-02 7.377006611263987601e-01 8.632326809141824819e-01 3.562614338729530594e-02 8.812964543156243113e-02 2.738459446636718475e-01 1.062100734163974325e-01
3.661390025974629980e-52 -1.231833145833848988e+02 6.039812280694480950e-01 3.828723933169450033e-01 8.669552372042292898e-01 9.226529046611620100e-02 4.149803477409562680e-01 3.603809329347451573e-02 1.656354619576860809e-01 9.182116262858364131e-02
6.867141754409274595e-52 -1.225535761416116998e+02 6.003931580885683017e-01 8.198531541222262575e-01 9.114024492087450247e-01 4.784277523351196937e-01 4.537124468827565815e-01 7.888689915891723414e-01 5.646266401517572309e-01 7.920325140349637749e-02
6.877491904346766712e-52 -1.225512367438533943e+02 9.726192435065289521e-01 3.949637236263623397e-01 7.621148233384096304e-01 1.298104907412255260e-01 6.338076717083213074e-01 3.815349727999828300e-02 6.412243179171537300e-01 7.924642983795138207e-02
7.223661921540317899e-52 -1.225012954315386935e+02 7.982400704110464984e-01 4.091790023435820656e-01 4.943130069969641216e-01 7.161905162648394274e-01 4.503580829778545125e-01 4.604814888805759399e-01 4.642552385818565774e-02 7.422835609279188063e-02
7.411775288405686507e-52 -1.224747541231860879e+02 6.378181640818706422e-01 4.769781305774540847e-01 8.099769395162922381e-01 6.279446080222261806e-02 8.774982556304107284e-01 1.084364963329407239e-01 4.328966595093515224e-01 2.478575434405484446e-01
7.655356371689510757e-52 -1.224415851984146855e+02 6.824750990514981686e-01 9.904963947866088914e-01 4.894298874089471063e-01 2.946832679544093558e-01 8.163742571482414112e-01 1.839155891504771212e-01 5.742183200046636626e-01 7.645277305779452082e-02
7.729045788416813493e-52 -1.224311720348716648e+02 2.640584586383807331e-01 8.999308157560266253e-01 7.976162891293844259e-01 8.388277997663100560e-01 2.569761245245317793e-01 5.075589173363911355e-01 6.626842051426151681e-02 1.383816032307424448e-01
8.856393408746456357e-52 -1.222941844966129139e+02 7.288193595817191728e-01 9.436685454452642396e-03 3.723693633178393192e-02 5.953064110306838241e-02 3.423977527326704795e-02 7.846033373702097080e-01 9.768431295037510731e-01 2.840761755799572352e-01
9.120040813842141082e-52 -1.222640165012695519e+02 3.619021659269512359e-01 8.495764545662098932e-01 7.161599681078018031e-01 1.291091441926732752e-01 8.802611268455219351e-01 3.739860786377885438e-01 4.239127054517702886e-01 2.617255963480042968e-01
1.077012946708155110e-51 -1.220968809350337523e+02 4.103380563671661374e-01 3.333579345932986548e-01 6.744728812004244789e-01 1.654069329485087225e-01 5.961823032505249031e-01 5.268641506055704582e-01 8.554456893810938878e-01 8.727375638880630060e-02
1.087242500136472618e-51 -1.220865943464272050e+02 1.655187939477233972e-01 3.081379905901310279e-01 5.938771422728718052e-01 1.570963939294527378e-01 5.820086019464948413e-01 8.699392128211536068e-02 4.230404486426220245e-02 2.860367359351618788e-01
1.266669184958970869e-51 -1.219330149213659524e+02 8.899775860874611366e-01 5.876281372515314017e-01 2.557386291918013477e-01 6.440988286788571493e-01 5.569500686069618345e-01 6.827959064786142118e-01 4.811899506021891648e-01 2.401963820155099683e-01
1.853817140310077059e-51 -1.215513255217629194e+02 1.426611201706363685e-01 1.695114978304030906e-01 6.470097114110806569e-01 6.199007972256554977e-01 9.165349737210285452e-01 7.309054430509236422e-01 2.140603152522506658e-01 8.124066127767071155e-02
1.927675111714547644e-51 -1.215114243494196842e+02 3.851058667380351519e-01 9.146291067027572108e-01 4.216628691570507570e-01 5.967375199652250606e-01 8.276396920381509092e-01 3.891787145167832085e-01 2.840616973712860593e-01 7.642702465643180787e-02
2.135502474777339008e-51 -1.214082037173801183e+02 4.821487433506875808e-01 7.645745777150811939e-01 5.612658633598692770e-01 8.234014919983844161e-01 8.136665259596963518e-01 5.682979312384678350e-01 1.854205968261939397e-01 2.460692149835018716e-01
2.264094488276206250e-51 -1.213488974596460110e+02 7.863280012565194710e-01 6.249660434255983610e-01 7.829357926139890456e-01 9.913270433504828283e-02 7.842858889729196203e-01 7.524107431394281287e-01 1.356655200390880500e-01 7.806586921435210158e-02
2.767603988648842408e-51 -1.211472570610514481e+02 9.424500387382458433e-01 4.982844472438503480e-01 2.638628377643925660e-01 2.242913684702777521e-01 8.081402323536703847e-01 5.803580777753739595e-01 9.356491060937082160e-01 7.122413519395442982e-02
3.753917643211261128e-51 -1.208416056880394223e+02 8.092161533667238116e-01 3.099385915045841378e-01 7.191824595186935287e-01 7.850172129278368827e-01 7.179265089589099702e-01 2.593536547415027371e-01 2.434628227842045023e-01 2.324304263059323583e-01
4.675014482912274998e-51 -1.206213400935353803e+02 3.905169857113106602e-01 1.092240448282899568e-01 3.408725874651498122e-01 1.196334836281540692e-01 6.499415976387149518e-01 5.358342106362021795e-01 5.671522848602684741e-01 2.766399576214397804e-01
5.094899475878274051e-51 -1.205344990843621957e+02 4.353179171874211884e-01 2.932178339127231581e-01 1.058719126021121504e-01 7.282589395737815163e-02 8.849692983328105722e-02 9.757195455337985823e-01 9.750493762412459908e-02 1.108264904668598838e-01
6.874456180803582943e-51 -1.202340931481037529e+02 7.871303271472552820e-01 3.710012007744345475e-03 6.756525356671204685e-01 2.669596958886755189e-02 1.927533983393237005e-01 3.043087682367702218e-01 4.290698990210302100e-01 2.740596929546361693e-01
6.885490783147312340e-51 -1.202316559416249646e+02 3.210257554305833150e-01 3.659315191143858170e-01 7.852343616623075340e-01 2.486482200235387019e-01 4.808103067537329300e-01 3.308243505053964917e-01 2.368742257087192993e-01 8.911731509494846826e-02
7.012393678375657836e-51 -1.202125599118821384e+02 1.001964436307771766e-01 3.932218139382869238e-01 8.522519849579623941e-02 7.900773689193987259e-01 9.942643027467390482e-02 5.063857672341376404e-01 5.380237447318347854e-01 3.017702033161153707e-01
7.149728990288413255e-51 -1.201923312350223227e+02 8.539124503063968419e-01 9.293910128857827413e-01 5.514096794479442787e-01 4.388013172119892280e-01 6.301897458334130286e-01 7.991270596212672883e-01 1.798005357431073925e-01 2.449832616441653954e-01
9.139609755364562237e-51 -1.199459546660154530e+02 6.861491730041906489e-01 7.544626853594048610e-01 3.225907995847283605e-01 9.559375128134017796e-01 8.526029698441506266e-02 5.519722262995552242e-01 5.248144671124356231e-01 2.680229917106381476e-01
1.048847583719234848e-50 -1.198074619057759236e+02 7.546044726353899890e-01 9.660320542439050362e-01 6.606539691799095948e-01 8.755635856448520382e-01 6.352620536673170282e-01 7.401492407982295241e-01 6.877232256619123518e-01 2.394022451112253203e-01
1.160187702143118307e-50 -1.197057387903392396e+02 4.457994371893513330e-01 3.983179708956628984e-01 3.502295690249369597e-01 4.501330601913899887e-02 9.212472476801231158e-01 6.454291435211821915e-01 2.135975053512448874e-01 7.770474356192247356e-02
1.276492583456095923e-50 -1.196093711136056328e+02 1.081058788239214197e-01 5.367884939812768152e-01 7.759447922668039066e-01 3.976168638189810922e-01 4.052296597407618606e-01 5.804099376226854456e-01 6.649980028339463889e-01 2.919867735324299662e-01
1.356620549847655074e-50 -1.195476572104256689e+02 2.750991562562538073e-01 6.116525040382897460e-01 5.866922277799818675e-01 9.784515608510089280e-01 2.280085588313169875e-01 6.051103352419814341e-01 8.310083487925027379e-01 2.804276432999603941e-01
1.427734219441546732e-50 -1.194957318688041710e+02 1.971235615959677778e-01 1.707929167282755678e-01 3.769070047967754133e-01 2.862137797975887743e-01 7.304829124889771208e-01 3.709607495118327769e-01 9.942328888496102524e-01 8.309406730644364192e-02
1.511644987090603747e-50 -1.194377888079358598e+02 8.340787060242582651e-01 1.113956126895712107e-01 1.883366705465325808e-01 6.861293550665633623e-01 2.973514008777391471e-01 6.410820810104882472e-01 6.608757994061983387e-01 7.205962912570262890e-02
1.611818862555437767e-50 -1.193727906582641367e+02 1.255988560107387242e-01 7.143095269786526869e-01 1.478118088745974390e-01 9.659166713085232114e-02 2.061870933933230843e-01 2.261646835937790589e-01 1.717191636823540701e-01 3.157620693460945205e-01
1.741646273384741647e-50 -1.192944897945068590e+02 5.715514434050532611e-01 1.773689534267909318e-01 4.018342322840773306e-02 1.755461750421526412e-01 2.349136306785837291e-01 3.258910823447880301e-01 1.143306000455514004e-01 9.524327777415286800e-02
1.756072931891488298e-50 -1.192854072339080602e+02 8.819997765191822658e-02 8.998338422559607475e-01 8.471133273411032283e-01 8.319065997663523948e-01 3.638689895659359408e-01 6.624264275447419026e-01 4.869818666195974144e-01 8.322254754002234023e-02
1.833903300122000660e-50 -1.192412072816636339e+02 3.396916131456018118e-02 1.369328977248071011e-01 2.552859013582565728e-01 9.312893532707509081e-01 1.273303978594834129e-01 5.275924152199676920e-01 8.009332936758133403e-01 9.698182263134957903e-02
1.953970610253941355e-50 -1.191769570818638897e+02 2.978608260479932435e-01 9.185538258916097210e-01 1.292117919112759639e-01 5.330007517923329718e-02 9.506521613387491909e-01 6.761843901824031722e-01 3.265313082403809020e-01 2.770248455087789274e-01
2.000484585741705622e-50 -1.191525978171437146e+02 7.451822219575218176e-01 9.118386048433111402e-01 2.670200394445126912e-01 9.234105312009561750e-01 1.100451047525674575e-01 9.297504349236175303e-01 1.485086220958048431e-01 7.450534453755164321e-02
2.062804389898685714e-50 -1.191210875165744199e+02 4.283855802969217530e-01 6.145134546354655836e-01 1.037208358709938993e-01 1.888245726697923565e-01 7.984897877908407882e-01 7.951716267253972070e-02 8.384029116151155980e-01 2.746774879487532406e-01
2.263425557722825789e-50 -1.190274411953343758e+02 7.060765071376057245e-01 1.289563974487284437e-02 8.408034656534733031e-01 2.547567800473586885e-01 8.361878696263806976e-01 4.724795600569023923e-01 5.279359507212114666e-01 6.077011812548982483e-02
2.396485381077106904e-50 -1.189694840217412661e+02 4.062105790842185371e-01 2.834143616615261152e-01 8.946615992436024456e-02 8.365949527385263540e-02 6.621591496905399055e-02 6.163020119010012010e-01 3.606321914757423253e-01 1.056501037399923959e-01
2.412814138238434275e-50 -1.189618601693976245e+02 9.822775667214291850e-01 4.939701381207206587e-02 4.056406704608658265e-01 4.984033476010947261e-01 8.396247836181078839e-01 7.487718314925448926e-01 4.112435227338295807e-01 5.351523273431990635e-02
2.416764161645239977e-50 -1.189593910724251913e+02 9.280263882618350335e-01 9.838695473297255356e-01 1.539384836311529225e-01 3.326860331338319376e-01 4.484515865430060977e-01 5.252591224668584635e-01 5.321026240591865131e-01 6.852793471089846378e-02
2.520806184364115288e-50 -1.189164084964345136e+02 6.017902003693675894e-03 7.674250134256901390e-01 7.562435420917846818e-01 9.154119098764558204e-01 1.483108219899433866e-01 6.396892919200301009e-01 8.364241119584422401e-01 2.988360108896268574e-01
2.534667512683121370e-50 -1.189100914581567991e+02 7.154125118993148735e-02 7.352245950372759964e-03 4.232525197900511849e-01 7.532071970702917119e-01 8.259589965525061528e-01 2.281077780182566572e-01 9.997574309766096290e-01 2.739091642837031548e-01
2.535444958824383578e-50 -1.189089514467559781e+02 2.235611948221227774e-02 7.636497631325744884e-02 3.017054235231730885e-01 3.277491380583374969e-02 9.385302231344748725e-01 5.970481543538316282e-01 6.589225520140662429e-01 2.892637764480464613e-01
2.548796364126728791e-50 -1.189028660275576641e+02 6.908240310836372133e-01 5.026503759178456709e-01 7.041317300432580195e-01 4.681349586059649903e-01 4.252636813809902439e-01 2.848850001695386602e-01 6.770279020503227052e-01 2.664259705682074930e-01
2.593683565968311448e-50 -1.188845748363448109e+02 8.738859786393453621e-01 3.958934647103640181e-02 9.204383642043313385e-01 9.222461127679627557e-01 4.636658804040372228e-02 5.121162670103096559e-01 5.852462137695862987e-01 6.617767081131220586e-02
2.621413307273885952e-50 -1.188731069919696637e+02 4.472580068814812071e-01 9.777486716511006870e-01 8.222999545310838432e-01 1.055825965329669769e-01 8.327451446080854636e-01 9.687531902856524324e-01 7.830956320006843274e-01 1.141885792852547210e-01
2.701918993481179125e-50 -1.188420250023445703e+02 1.204716904839362446e-01 2.819961675636739606e-02 6.914600185083941142e-03 7.387961324424979770e-01 6.652057070721444365e-01 3.320538335105587269e-01 8.864833697614213914e-01 2.846142396339316205e-01
2.965894205044012519e-50 -1.187479753540501122e+02 7.402690525605258864e-01 8.479003171207362133e-01 2.436533999336647494e-01 6.985716614815362657e-01 3.746942870212508492e-01 7.459959273857048601e-01 2.668465717157678663e-01 2.679775262034110872e-01
3.014504417529367083e-50 -1.187308851501865377e+02 5.361683076213678012e-01 7.263167035289541662e-02 5.581449996434504346e-01 2.363688225780049557e-01 3.820184537486477350e-01 8.469405720825431416e-01 6.539606546827139155e-01 7.731063461287468463e-02
3.048292850014118086e-50 -1.187189055486163198e+02 8.264855304709942674e-01 8.000227839986745471e-01 6.100852892911947656e-01 8.468152331168820046e-01 7.276030265548460996e-01 9.509698241690738296e-01 4.964215930281553613e-01 4.334086135235382109e-02
3.052082568802309260e-50 -1.187168297608386069e+02 1.040336699804454978e-01 3.493172937210152762e-01 8.420110467513275410e-02 2.167356224656807884e-01 2.021471064373386861e-01 5.839426163169867401e-01 1.392505957470500100e-01 1.054670463467004549e-01
3.053011994335302136e-50 -1.187156919521099923e+02 9.706626951732318931e-01 7.579275741365575358e-01 8.851537724844471544e-02 1.939412238293003465e-01 4.407875375883960611e-01 9.575624799400633824e-01 7.424050513878699409e-01 6.711072937480144773e-02
3.069783083587222577e-50 -1.187093803589355190e+02 7.728282832081068143e-02 4.754893279812979490e-01 6.904124239306913546e-01 4.722919549623523228e-01 8.579091100159985661e-01 6.522945230851597831e-01 6.317501487679558769e-01 7.032704994996885617e-02
3.127825999571524365e-50 -1.186898157334926083e+02 9.925160692600009105e-01 2.585355735632580698e-01 4.384473467157425919e-01 9.147213474567477132e-01 3.974319821843936840e-01 5.232336894490680068e-01 6.991165620699542060e-01 2.453520568354459197e-01
3.162053384330698258e-50 -1.186780989728248699e+02 9.124920253761962252e-01 4.668581143293173419e-01 1.949499001758630001e-01 2.336753883871868220e-01 1.672211930532744306e-01 9.723454000494369254e-02 7.037096769128403650e-02 7.945807486281630805e-02
3.161236651052877751e-50 -1.186775239649132061e+02 4.640515530391985388e-01 8.112370196102191011e-01 1.467303561663402256e-02 7.107636463611768374e-01 1.162791809062413417e-01 3.591942122716677011e-01 8.961682585618979680e-01 8.283403597663707707e-02
3.188646376312125327e-50 -1.186680574345956387e+02 6.594662716573496120e-03 7.559133582938871720e-01 6.566505078957148855e-01 2.527185188415076444e-01 9.099994841185927719e-01 3.800110819242293880e-01 8.841214013350254808e-01 7.560257054909913510e-02
3.292888459095973002e-50 -1.186350554638630257e+02 3.814963274531191217e-01 4.917135190603542094e-01 8.269192866568065847e-01 2.177075594667654546e-02 5.701729382407912938e-01 7.563717618133825038e-02 2.078796991269685757e-01 2.903497911222384653e-01
3.415582338621392072e-50 -1.185976392589866748e+02 9.670119752640018440e-01 3.634636427231241473e-01 7.352607960431204459e-01 6.695794172638444008e-01 9.815967793327681212e-01 7.536675510772294917e-01 4.283807638452747923e-01 2.270831728827298335e-01
3.417038207398369097e-50 -1.185963797732600682e+02 2.688557451396311748e-01 7.514832472983082878e-01 5.817800893808777740e-02 8.344992494932839122e-01 5.852203764679972942e-01 9.629540058139384184e-01 9.353994213231670019e-01 2.829241694576155597e-01
3.436327066499348531e-50 -1.185899174068131288e+02 3.052532318220797514e-01 4.011141061997876012e-01 7.097351171111839774e-01 2.049756596061894642e-01 9.734035799799487521e-01 9.166546783559911260e-01 4.785146408282024977e-01 6.150552669504905090e-02
3.444800316960022656e-50 -1.185866213215872307e+02 9.129503519328113770e-01 1.354375129321321314e-01 5.084947905337581231e-01 1.256267439632274829e-02 9.122255283589806307e-01 7.465503366758082793e-01 4.791412882712203780e-01 5.126670923483511721e-02
3.453068906529686230e-50 -1.185833905541297639e+02 8.539537979123675848e-01 2.808586625280999893e-01 9.381566116186820237e-01 7.031991442131646508e-02 6.830895685290579999e-01 4.252113341050453021e-01 5.871652064476495791e-02 5.563518862822425248e-02
3.476527617037836323e-50 -1.185757866101143065e+02 1.400816336507324511e-01 5.925560164273695474e-01 1.542402789126636753e-01 8.273951632089904251e-02 3.049665625985675810e-02 2.624429022918722820e-01 1.424850944205843239e-01 1.100398652651435327e-01
3.480861774225479958e-50 -1.185737073618250719e+02 6.946407298575318912e-03 8.996206941589761641e-01 1.408358500931020663e-01 2.910637917251468476e-01 1.798270554759007211e-03 6.757591900408713714e-01 2.864438063785577082e-01 3.332118348578542166e-01
3.483118335433811375e-50 -1.185722259619402053e+02 8.799027323345165463e-01 9.939981723652346890e-01 2.376245116624629006e-01 7.309630886789618698e-01 8.500118929335936935e-01 6.533327725477267034e-02 6.499473292853914508e-01 3.903877027503011021e-02
3.488133307893383583e-50 -1.185699538702371427e+02 5.745395379189006668e-01 9.005290170246742498e-01 6.009231040595370832e-01 3.018389000688354029e-01 8.385564872510595791e-01 2.891632287329933826e-01 9.468709135763597740e-01 2.656556378147340025e-01
3.494961256582383007e-50 -1.185671649709861697e+02 3.842058385531871290e-01 3.210197323278046744e-01 3.991507602562336388e-01 8.234618552649585199e-01 1.323172305262343418e-01 6.887319210588762619e-01 1.448873538552792883e-01 7.683185997211494644e-02
3.519552754624028756e-50 -1.185593200047010498e+02 8.896313707569661888e-01 3.607826020785201981e-01 1.754121313315410990e-01 7.792761662148953716e-01 9.967636821174474804e-02 2.943796680401058463e-01 2.018282771480742754e-01 6.587812171083595736e-02
3.535945750714665457e-50 -1.185538397918944327e+02 1.464893247816514421e-01 7.667591930835557790e-01 3.363046387008056248e-01 6.291165014407544831e-01 5.169887304684476215e-01 5.888218982614977781e-01 6.658346144197158090e-02 7.491761534518703858e-02
3.565244502857497092e-50 -1.185447546254601150e+02 9.189358660207359586e-01 2.530173335269539914e-01 7.492422720566013217e-01 1.330817715438836757e-01 7.747370945654910024e-01 8.479402028933888946e-01 2.033650592843707638e-01 2.542314028079210031e-01
3.599676034633916731e-50 -1.185343100768597822e+02 1.709856905852917830e-01 1.366702150799610216e-01 5.845481163672867631e-01 1.432411299486663347e-01 8.337920759018804251e-01 5.859265846754646567e-01 6.723695745180575667e-01 6.893638245931499320e-02
3.597920910121565187e-50 -1.185339644408956161e+02 7.705684280133462405e-02 7.250920682795842787e-01 5.739569844285734579e-01 6.862741820120837888e-01 2.704812145991223327e-01 5.816612684876438788e-01 9.252082213519676746e-01 8.006879944354061696e-02
3.597659627266830145e-50 -1.185332037307101984e+02 5.813001062712930267e-02 9.900821013095605361e-01 1.027961230290708183e-02 5.247633360920047618e-01 4.987869614245423744e-01 1.804327609178172365e-01 7.138666990981629157e-01 3.082842239280955132e-01
3.596705106524621638e-50 -1.185326357497139043e+02 3.113056999746127707e-01 7.448274833399953776e-01 4.861219764491748752e-01 4.839698647954956412e-01 7.869246305787350737e-01 7.416961537780785152e-01 2.482297128622742433e-01 2.811118408949291325e-01
3.595095270597905993e-50 -1.185322501028760769e+02 7.516761343213429480e-01 4.430563970037698640e-01 5.909085428221594327e-01 2.527749057792519904e-01 4.511027229656234816e-01 5.377356697890715020e-01 1.975746860483152956e-01 6.144773356503674400e-02
3.599793150332446654e-50 -1.185301108756560495e+02 5.806920328826785660e-01 7.922970481386694130e-01 2.428917177260361271e-01 5.127510142782761848e-01 7.943599566053524130e-01 6.392128503681461238e-01 3.334656259208990114e-02 2.705753716901554418e-01
3.616467012799520600e-50 -1.185246563419326691e+02 4.499455768407185641e-01 4.012686215985440397e-01 9.243549846557616023e-01 5.673107927338592038e-01 2.006128770015903617e-01 2.768187554959796737e-01 4.272638202970128196e-01 2.935441907673328465e-01
3.615635987701051209e-50 -1.185240528242150901e+02 2.264981271783939043e-02 7.846366272705943556e-01 6.024731854082143734e-02 5.334232535636909134e-01 8.237607514825538990e-01 2.883963948233249086e-01 2.389355796457474090e-01 2.966595350964505995e-01
3.614692505862366981e-50 -1.185234804698524584e+02 5.677584177443172342e-01 7.461717007958319492e-01 1.824418084633494530e-01 5.680674161936657418e-01 3.941655762075277902e-01 3.114876045750312183e-01 3.382558493571942160e-01 2.881092973878995878e-01
3.614511039571491879e-50 -1.185226973401936448e+02 6.220893437019822114e-01 8.405674911333866905e-01 9.478239937161725415e-02 1.657104213531253034e-01 8.255207003451315861e-01 8.085986280850382402e-01 7.675930665966907984e-01 2.753532715059159308e-01
3.626594248169041847e-50 -1.185185266103351012e+02 7.461783824371979179e-01 2.941933933697072900e-01 3.182468415755481672e-01 8.164506680220559032e-01 4.420893565010390880e-01 7.032855459343512194e-01 6.222116107522495110e-01 4.911631079313905079e-02
3.635015649779119928e-50 -1.185153738449463816e+02 6.047717691602227941e-01 3.976132739295499263e-01 4.190048438056287461e-01 6.004546912648441870e-01 8.616020495648157862e-01 6.181423628174307350e-01 2.006270389606756854e-02 2.640839752342857283e-01
3.640833971859099832e-50 -1.185129411593386664e+02 8.816726906054431767e-01 9.090466588459963360e-01 6.873618021979674975e-01 5.411296992052841981e-01 8.506635008676232124e-01 5.777946572782933776e-01 1.354804290647215748e-02 2.488250638813516158e-01
3.639273993628054461e-50 -1.185125363851042692e+02 2.309068468805212104e-01 2.780889274800792954e-01 7.143097751630755887e-02 4.946137270403349051e-01 8.488270364156538239e-01 8.452281265894262541e-01 8.688648546179373877e-01 5.957478099323598730e-02
3.639742578680387755e-50 -1.185115743022212342e+02 1.773521179830485073e-01 5.384113995528347907e-01 6.152858576171374994e-01 2.082547380006335436e-01 1.787679357261873214e-01 4.015896829703514692e-01 8.119828046664447907e-01 8.842861951662062125e-02
3.637407039341168477e-50 -1.185113828519168351e+02 4.704785180257808896e-01 7.095920996316986695e-01 8.658243998076643466e-01 3.664355993303378689e-01 8.879450424197766756e-01 9.879033450400493965e-01 4.254914258144363304e-01 4.702798908097594044e-02
3.637793446710688760e-50 -1.185104432926806908e+02 9.689635861422867258e-01 6.167192284623178589e-01 7.978802147251533583e-01 9.892960197905749098e-01 8.153477226169777436e-01 3.252931167552319813e-02 9.573875446791572097e-01 2.326346266791670114e-01
3.640524063314699175e-50 -1.185092762542343223e+02 1.188498726027634733e-01 3.863258365169469633e-01 6.163650764300545593e-01 2.502094831804736463e-01 9.766725885325078238e-01 9.482975835680442778e-01 3.614512942317242850e-01 2.871496045367589733e-01
3.639006335135122188e-50 -1.185092762542343223e+02 5.450570779559329448e-01 2.203682789096291783e-01 1.771592664786461047e-01 8.584585144456308159e-01 6.503670542293051859e-01 9.121320849004584952e-01 1.495479635772818394e-01 2.730400274218722778e-01
3.641734896110332584e-50 -1.185076926974938374e+02 8.189923696146271803e-01 3.296855414529816786e-01 1.140253495962916253e-01 5.891506652715153836e-01 5.446341123326678968e-01 7.961035707841115361e-01 2.543654597479343416e-01 4.918895727381644711e-02
3.664131416276650070e-50 -1.185007275439924825e+02 3.710875877569499437e-01 1.272812798212824559e-01 5.217423437885670978e-01 8.813683431298405813e-01 1.696132568359097759e-01 3.793147401009088204e-01 6.668644383768245198e-01 2.988630103233639312e-01
3.665754538002382922e-50 -1.184994506378711492e+02 4.397131126999834771e-01 9.654204640442938246e-01 7.100464540534257019e-03 4.056185620043444295e-01 2.298748274646840173e-01 9.949851452553337694e-01 5.224259081382472969e-01 7.528826717686321057e-02
3.663755214481463242e-50 -1.184991621640295705e+02 5.314623284019844851e-01 2.436926242678372212e-01 6.833583901583051290e-01 9.526673189703771527e-01 2.515214618394291390e-01 6.313310053579087588e-01 6.226893231085026681e-01 5.291808500264094661e-02
3.661616010428608483e-50 -1.184989121891077133e+02 1.092665240162173923e-01 9.300887871943293028e-01 9.784151216337119150e-01 3.218033145228749170e-01 2.341530054353148094e-01 2.106628093478002395e-02 2.489754158293248087e-01 8.181265209451615839e-02
3.659749817728177216e-50 -1.184985879543561111e+02 8.324857586947282950e-01 6.579627591148337062e-01 5.655424296287777652e-01 7.805999974312018974e-01 1.604448293580773566e-02 9.318651824420700613e-01 6.128092779206295582e-01 5.740451634292986771e-02
3.666597866592738407e-50 -1.184958844949663899e+02 2.645720113198135603e-02 9.802746074368190454e-01 9.577347829693635406e-01 1.695778048891303236e-01 3.229575522022088974e-01 5.577242428071804703e-02 9.465006443576209350e-01 8.238773525752685067e-02
3.663852489473238572e-50 -1.184957995003289142e+02 4.576028774747874506e-01 3.223697899350859153e-01 3.682494816347371414e-01 5.476737310098989120e-02 6.855228484253009791e-01 1.028625094133455153e-01 7.144095166466211122e-01 2.958406655186787138e-01
3.662869589045561760e-50 -1.184952337776134073e+02 1.282287912677768649e-01 3.528834003560347155e-01 4.995756872275755045e-01 2.156965034140435611e-01 8.006021956209347090e-01 6.206180293538544612e-01 7.023758562413507933e-01 3.004115341592221711e-01
3.663090979521192356e-50 -1.184943393092708277e+02 2.430507291031642758e-01 7.213081750470133890e-01 7.452332659684174354e-01 5.491339873914976577e-01 5.058794011052488715e-01 8.642554128125605750e-01 3.883575658691440502e-02 6.034877019467999038e-02
3.662411871942338833e-50 -1.184936906900508404e+02 9.623690104584418092e-01 2.444144800257856964e-01 9.223222481826875985e-02 2.754774274504590004e-01 3.645957896142033583e-01 9.565581239672231728e-01 9.068769137599765884e-01 5.256858506265915665e-02
3.660405139697053857e-50 -1.184934047382858040e+02 7.695049763413533972e-01 3.553519276266325910e-01 1.685555728394383390e-02 6.022101233743584192e-01 3.861381038521604081e-01 2.854052343866899655e-01 5.916189508704872146e-02 2.865497942740350412e-01
3.658371134319883294e-50 -1.184931265420388513e+02 6.628307232886384570e-01 2.994497081118965287e-01 2.800042631691711525e-01 4.319588059571588534e-02 3.211164771256297401e-01 4.775758890869558071e-01 3.937535402697938114e-01 6.778412688827784027e-02
3.656862619221606955e-50 -1.184927049448277643e+02 8.302298084212438312e-01 3.713736501125781686e-01 6.260231150468479333e-01 3.908655842416266513e-01 3.523986061687195415e-01 2.956923084252549572e-01 1.689783905628893246e-01 2.836943326780037022e-01
3.654146147881565710e-50 -1.184926140345688879e+02 9.926310103583854128e-01 9.588492408014726021e-01 3.007492054335451082e-01 4.169255696837913527e-01 2.676298079195512658e-01 7.953636359327539429e-01 4.564529309070641805e-02 5.119884009960118387e-02
3.651217470103467507e-50 -1.184925817946205910e+02 8.605590332114834151e-01 1.919656123504961398e-01 2.613717694057756669e-01 6.122970287129023692e-01 6.903793945307344915e-01 1.395358418606446049e-01 8.149455256533365555e-01 2.653624418798719020e-01
3.648722700421343662e-50 -1.184924312704351479e+02 1.515290065379403250e-01 4.304070519575746712e-01 4.339247894048106069e-01 3.613818355265552285e-01 2.623303500044048553e-01 1.767668608474908254e-01 7.696884771041329065e-01 7.830058762770308878e-02
3.648258612233391978e-50 -1.184921414273217977e+02 2.830748357905910062e-01 5.614296114635135559e-01 7.242694917260430465e-01 3.356124752657634325e-01 3.842213871409261294e-03 2.055846772794136523e-01 1.316246181194594689e-01 3.261554112311583209e-01
3.646736390310021157e-50 -1.184921414273217977e+02 3.266340315121087912e-01 6.640911503213783318e-01 1.987257619942386366e-01 2.703022346251388042e-01 2.973144007950975221e-01 7.532189251904560789e-01 1.541993499401017598e-02 3.188890042874945596e-01
3.644142388388763823e-50 -1.184920182773686719e+02 3.943250017479082992e-01 5.979939263737360511e-01 5.433084352914374637e-01 3.139166208689952997e-01 5.556375894027506535e-01 3.061089418776260507e-01 3.596243548642941157e-01 3.002332558871640966e-01
3.641421608703169924e-50 -1.184919304489673522e+02 2.218675883309252361e-01 9.613442735233201919e-02 3.208310567151417825e-02 6.118698574936193291e-01 8.432896485704094447e-01 2.260110714340917148e-01 5.102781634013120460e-01 5.209783762977560073e-02
3.638631736261389499e-50 -1.184918621673208037e+02 8.340156916780471219e-01 3.623666234329123714e-01 6.123757946474875924e-01 1.320491096746900794e-01 5.330613939118403755e-01 3.608431979036155202e-01 2.105136753399945437e-01 4.832180376593264715e-02
3.636805640786112537e-50 -1.184915294319852137e+02 4.460444308623257026e-01 3.054361416899696868e-01 7.347228755542892786e-01 6.387346340380064547e-01 5.464373359048569911e-01 9.586154051862761927e-01 7.148203945431703676e-01 4.568647499820699398e-02
3.634293673267120323e-50 -1.184913856532038068e+02 4.204614896425763471e-01 9.986142201862335810e-03 4.804013824485320328e-01 6.223198999061962944e-02 3.757936541197072211e-01 1.231043137777252383e-01 8.816640646684044125e-01 6.893389300903129957e-02
3.634629266646674535e-50 -1.184908759254213635e+02 4.681423091317262752e-01 7.993928830174767963e-01 2.656946237349211426e-02 2.106412760998287448e-01 5.656565264217651157e-01 8.370944404337682387e-01 4.114084974532878913e-01 3.045891795420342385e-01
3.634629266646674535e-50 -1.184908759254213635e+02 5.163846882313027908e-02 9.188012858465708366e-01 6.047351577439108450e-01 6.244781777174694959e-01 8.763368789825898286e-01 4.721133166809234893e-01 6.304223242752171608e-01 2.941913182051664188e-01
3.633110196210382208e-50 -1.184908759254213635e+02 4.040722497543264291e-01 5.789172745694234345e-01 4.237748710030380117e-01 8.866277919838134736e-01 3.043971400105660585e-02 6.318717910687178252e-01 1.675145756913115624e-01 3.115408867024370698e-01
3.630159409639815811e-50 -1.184908523280001731e+02 4.219785149821956294e-01 1.045498629694995296e-01 7.336767814158597911e-01 1.204759614254938827e-01 9.896736356771118626e-02 9.398012217690943082e-02 7.993653429103366737e-01 7.583207726814911176e-02
3.627367515836091046e-50 -1.184907855864713184e+02 9.049982921877419706e-01 8.650198187786032333e-01 3.431884739842145926e-01 8.015909683050687073e-01 6.858330879548835135e-02 7.011584526974410370e-01 5.439647247152593623e-01 4.910521753291674507e-02
3.626015949139524257e-50 -1.184903221381391489e+02 7.753193471449948415e-02 2.269070441569751573e-01 6.851209284459278681e-01 5.664141667035772487e-01 4.621047842818132301e-01 5.674122841550411911e-01 8.740049950087848130e-01 6.224094891698228604e-02
3.624535519143412047e-50 -1.184903124122349283e+02 8.150629439441737789e-01 3.372819773170624424e-01 1.670735103168050628e-01 9.590069058364553145e-01 6.324369317670425206e-01 7.931776895310622688e-01 9.176669076982155726e-01 2.657834948550946708e-01
3.624535519143412047e-50 -1.184903124122349283e+02 4.708115891455071367e-01 6.323773181004868071e-01 6.525183128403670985e-01 6.739274333136680006e-02 4.397044319168750270e-01 5.203001440946247724e-01 8.251645537854966905e-01 3.068142072981788759e-01
3.624535519143412047e-50 -1.184903124122349283e+02 6.724239203338645554e-01 2.512112544058026087e-01 1.664757523340594236e-01 6.181263332654073350e-01 5.428567049242188913e-01 5.057715512164420169e-01 9.575686939380061435e-01 2.845090722664389560e-01
3.623016859038922070e-50 -1.184903124122349283e+02 4.590427691051666148e-01 6.684466336752599158e-01 5.693375387962166245e-01 5.637206667312882891e-01 6.931228632847362681e-01 3.143501963673954736e-01 2.013714042013043937e-01 2.882037143704373472e-01
3.620098486339967102e-50 -1.184902800228675801e+02 4.006170488897725646e-01 9.798135247926670344e-01 1.227141090578094396e-01 3.026236584277454122e-01 1.544330663692116135e-01 3.506499741908422063e-01 3.361685006837097367e-01 7.501872178932500468e-02
3.617417342478351253e-50 -1.184901827016261393e+02 1.523415664823777327e-01 4.423627309461736212e-01 5.336155330342491343e-01 3.736817478454741437e-01 7.032971300881067922e-01 1.309565640843197709e-01 6.211236257155960949e-02 3.074328696492109048e-01
3.614421428637778169e-50 -1.184901730131731625e+02 7.844182318685676281e-01 9.546333952474340689e-01 7.420427204808608401e-01 2.477374073015914391e-01 9.571434119847477273e-01 6.678829506702022023e-01 2.228934421083962336e-01 2.760188459412393769e-02
3.612948676493461691e-50 -1.184897423387728281e+02 8.702730722623192028e-01 6.831697779518571823e-01 8.265466970819890236e-01 8.391365126926272344e-01 6.212933213341227390e-01 7.953256042908878332e-01 4.079495855983173991e-01 2.613486797231387992e-01
3.609929423281291455e-50 -1.184897401408211266e+02 2.121487188251951483e-01 4.726871011439623960e-01 9.694480803726910345e-01 3.469482182083741817e-01 1.586940687224310809e-01 2.755462036308387042e-03 8.281558161186705069e-01 3.234887625993116966e-01
3.607037335104358492e-50 -1.184897033870661716e+02 4.373051842578817849e-01 9.462744626183342556e-01 3.538043168409599204e-01 3.024095347296776870e-01 3.683503340324396635e-01 9.506354467209170434e-01 6.962134581309129544e-01 5.935948166316029617e-02
3.604182613676900367e-50 -1.184896569085184979e+02 1.224594893363529780e-01 6.803079524451348670e-01 2.650132138887260069e-01 4.747922793494988580e-01 2.784878164070263562e-01 7.143851127045572902e-01 6.298192128313498950e-01 7.045395291180733821e-02
3.601282888758535254e-50 -1.184896235537651563e+02 9.320518365748544642e-01 1.795550906512677347e-02 4.763858681767909609e-01 8.676639221861309759e-01 4.387117393663614306e-01 6.706896253248900708e-01 2.838319311422726754e-01 2.719348523381892591e-02
3.598289086285697379e-50 -1.184896169920843221e+02 1.889955489727923599e-02 2.343613036889271584e-01 1.093714691023961461e-01 3.452980266586962443e-01 8.653240968586679571e-01 5.174806630356288961e-01 3.372573704242952664e-01 3.114771961680815604e-01
3.595398534902967028e-50 -1.184895824046626558e+02 6.302166628782007729e-01 3.778245784905762683e-01 6.620426102771791443e-01 2.599272704496322639e-01 8.236907143766485362e-01 7.784350158045691970e-01 6.348097496526091676e-01 3.350426603104650347e-02
3.592672740469521928e-50 -1.184895026033802878e+02 8.783977536872918934e-01 4.294629095649572514e-01 8.768457573701228247e-01 7.596449541834390251e-01 1.951141329248745615e-01 9.108001959446245799e-01 6.606853354436579284e-01 3.569011065492000423e-02
3.592361606235955696e-50 -1.184891700688134790e+02 3.128599811204391123e-02 6.750605344336033653e-01 2.512360731730337582e-01 7.950768704868373948e-01 2.564856772239474392e-01 1.751509486734526000e-03 5.053357920204613052e-01 3.284869876473166528e-01
3.590855164439697010e-50 -1.184891700688134790e+02 3.804671898933903451e-01 9.082391331685748526e-01 7.170707186710540970e-01 7.322504764730370930e-01 9.793521989251910975e-01 6.341677002665556673e-01 7.491512733883847197e-01 2.771714215300155049e-01
3.588119057863310724e-50 -1.184890933982549370e+02 6.722279558228445584e-01 8.338198101252503047e-02 8.692975249113689129e-01 7.780525903904401686e-01 6.893145055450756731e-01 8.747942134202378872e-01 3.927879209421953899e-01 2.170238230610777030e-02
3.585133677596371107e-50 -1.184890868365737617e+02 1.368329098467092608e-01 1.504359444394668399e-01 6.074032340881081460e-01 4.181799101566294752e-01 7.254436341340863015e-01 1.894704651782994631e-01 7.774345987524224899e-01 4.784761494914502311e-02
3.582246759162797386e-50 -1.184890534818671597e+02 5.753525018011915737e-01 5.019349856709593993e-01 2.117515627530012212e-01 3.847251190432484647e-01 6.018822285300063912e-01 9.563031603683577186e-01 2.450084248943276144e-01 3.943719285142488484e-02
3.580767844373727695e-50 -1.184890469202927363e+02 3.000826671411989111e-01 4.746325285565939911e-01 3.228770770221559561e-01 4.126443313666151580e-01 1.860070002231344333e-01 5.344695487910953169e-01 4.221040080499031122e-01 4.595983365276654631e-01
3.580767844373727695e-50 -1.184890469202927363e+02 8.084414457811516241e-01 8.663537950264253995e-01 3.946719655026553752e-02 2.789608478543462722e-01 3.209642619577806055e-01 9.950042699845553784e-01 4.004816372656344603e-01 5.180482248762474651e-01
3.580767844373727695e-50 -1.184890469202927363e+02 6.484229472312158515e-01 3.204328425073335040e-01 5.392812656710429531e-01 4.363004057650935463e-01 4.439581129714254004e-01 5.420411806405915911e-01 9.524939640795943019e-01 5.069233087271649563e-01
3.580767844373727695e-50 -1.184890469202927363e+02 2.952326578284925063e-03 5.471750634371426170e-01 9.175484632640574789e-01 4.511954058473358620e-01 2.415165213603576166e-02 5.977341678657474011e-01 3.762087184197726586e-01 6.888941033174198481e-01
3.580767844373727695e-50 -1.184890469202927363e+02 3.867067261906264042e-01 5.414516362344043987e-01 5.232961276272040108e-01 8.978194549196455432e-01 8.602708782116122999e-01 4.242678725010549101e-01 9.507622558098893784e-02 6.303781436278771411e-01
3.580767844373727695e-50 -1.184890469202927363e+02 1.211528172939178027e-01 7.793794124021240499e-01 2.613846033257553048e-01 8.863962653672969871e-01 3.295264504461901112e-01 9.703315787688262528e-01 8.702017487063957724e-01 9.738433884943502594e-01
3.580767844373727695e-50 -1.184890469202927363e+02 3.409939000184076807e-01 7.625418323054936609e-01 2.596562229202999950e-01 2.541298524104257384e-01 2.321075520017270577e-01 1.706283959977575870e-01 2.940432069431478945e-01 9.022793915304537782e-01
3.580767844373727695e-50 -1.184890469202927363e+02 5.919888717494048436e-02 1.108855826568559966e-01 7.315198300572889334e-01 7.649738192937930448e-01 9.614511234397090655e-01 7.018868828355829814e-01 1.840774300640616312e-01 5.492244053050321373e-01
3.580767844373727695e-50 -1.184890469202927363e+02 7.930627812173168811e-01 9.148917462088631547e-01 4.934402234844055268e-01 5.643063544241769813e-01 7.882815727100582759e-01 8.208051061947339022e-01 4.112640529361822894e-01 3.564393188808175905e-01
3.580767844373727695e-50 -1.184890469202927363e+02 3.493091327572122040e-01 3.543639824965639784e-01 4.954936636543005868e-02 1.052649681858952579e-02 6.668890097231905401e-02 1.439344540178089105e-01 6.489273738646864631e-01 4.855221326831943296e-01
3.580767844373727695e-50 -1.184890469202927363e+02 3.664664876172735175e-01 6.334852338676288941e-02 4.639356470172318891e-01 4.790001495212723448e-01 6.001350458111154307e-01 3.492010865018976284e-01 1.339196117346508341e-01 6.888043250951769725e-01
3.580767844373727695e-50 -1.184890469202927363e+02 9.369650872986767798e-02 5.700238270326326573e-01 1.541965935338105442e-01 3.351102789365050239e-01 8.272286124021080989e-01 9.064948581410997575e-01 9.099507909313047094e-01 9.826901195467157013e-01
3.580767844373727695e-50 -1.184890469202927363e+02 3.177969825474746823e-02 4.573387825546458840e-01 7.987532672051530502e-01 9.069119769310217682e-01 3.408515257825630584e-01 1.001431065533713305e-01 2.156355511040236594e-01 8.783214410692720131e-01
3.580767844373727695e-50 -1.184890469202927363e+02 3.195670523488184367e-01 2.427915406678636812e-01 2.910104045322454702e-01 7.246429703332734062e-01 1.431533824627483353e-01 1.164555649132392734e-02 2.280312256381006319e-01 5.328978519059337504e-01
3.580767844373727695e-50 -1.184890469202927363e+02 7.407686906471905308e-01 2.536040554640320854e-01 1.037535769993163104e-01 3.135934743725020679e-01 8.163801758094679784e-02 8.995019825198870000e-01 3.451549171469014965e-02 7.158834648095286912e-01
3.580767844373727695e-50 -1.184890469202927363e+02 4.489969756703188208e-01 2.827437370270136086e-01 9.136702904792256552e-01 7.187609733443659499e-01 2.601799687004046069e-01 5.830728826941746767e-01 1.649362231232360809e-01 7.838380979604243626e-01
3.580767844373727695e-50 -1.184890469202927363e+02 1.362595188462646378e-01 3.931253415896339698e-01 8.690436092190303441e-01 9.343194344733023460e-01 6.433815603376685788e-01 4.733878841895907685e-01 2.211247934835396389e-01 8.438120562386449697e-01
3.580767844373727695e-50 -1.184890469202927363e+02 8.422957540103880314e-01 6.911659950882892423e-01 7.399353209893818617e-01 2.546871754646105046e-01 9.314325660675554230e-01 7.554552703962535976e-01 9.366675627184927189e-01 6.671443602834169484e-01
3.580767844373727695e-50 -1.184890469202927363e+02 1.022575091194010133e-01 1.779978682942269241e-01 3.581525759608655823e-01 2.497113734461043899e-01 3.446953394236886847e-01 4.665512657349818459e-01 4.729042992016966318e-01 6.874002867587473142e-01
3.580767844373727695e-50 -1.184890469202927363e+02 2.201861233414695862e-01 4.655551769335471990e-01 9.806470885397442494e-01 2.136236694475139863e-01 9.721734947009558203e-01 2.984649713756579725e-01 7.971451637407369617e-01 8.089425269913891325e-01
3.580767844373727695e-50 -1.184890469202927363e+02 7.112884856869561290e-03 9.362996576856674746e-01 3.256216180598947574e-01 4.982236044020671439e-01 3.673605543161542197e-01 1.930816158043943132e-01 9.079936693168662032e-01 4.104777921876087143e-01
3.580767844373727695e-50 -1.184890469202927363e+02 2.661432638347465129e-01 3.257879601912603285e-01 2.045830690913857941e-01 5.833184726933988706e-01 3.508712966336484662e-01 2.485989147887326389e-01 3.333594357680730313e-01 9.133767985446799020e-01
3.580767844373727695e-50 -1.184890469202927363e+02 8.207774534931896460e-01 4.081765762359562677e-01 6.519918177948960114e-01 5.379140418782177857e-01 7.621978623609203529e-01 3.549263322966481615e-01 5.693936371320726941e-01 6.122755595716158350e-01
3.580767844373727695e-50 -1.184890469202927363e+02 1.713269972658697515e-01 6.452145102512437669e-01 8.007537560259665455e-01 8.847486170602603117e-02 4.219759433053293929e-01 2.170729086843690148e-01 5.956219200361619892e-01 8.739480072094418794e-01
3.580767844373727695e-50 -1.184890469202927363e+02 9.069416415638709150e-02 7.255605526303248176e-01 1.968345596786537088e-01 6.807937124216312252e-01 4.655404699560036219e-01 7.317131388729357644e-01 8.482755679301853258e-01 5.343320349540074954e-01
3.580767844373727695e-50 -1.184890469202927363e+02 8.493106628633732003e-01 6.936828586498787752e-01 4.125105564053539453e-01 3.619855774704220375e-01 4.234230120430857447e-01 2.249205575133238488e-01 9.709550832581188562e-01 7.550659550307893264e-01
3.580767844373727695e-50 -1.184890469202927363e+02 5.497645864816477212e-01 9.618412777556695215e-02 1.843483765805183916e-01 9.130413397042274060e-01 1.060499117313906670e-01 5.253958557440907562e-02 7.339230665902977124e-01 8.722323850590825156e-01
3.580767844373727695e-50 -1.184890469202927363e+02 3.281291285804317504e-01 8.320291516390811992e-01 3.188201063275906133e-01 2.658769829909132243e-01 9.323309342071661732e-01 1.511238303184223586e-01 9.133835962872284275e-01 9.374844301863048956e-01
3.580767844373727695e-50 -1.184890469202927363e+02 5.480650826582142976e-01 6.524012842247350896e-02 7.824457602474389484e-01 8.781429089511991748e-01 1.493597317541230929e-01 4.964690279614853985e-01 1.489219827543231123e-02 7.640758734705498378e-01
3.580767844373727695e-50 -1.184890469202927363e+02 7.197590532457887047e-02 5.175705020637707543e-01 9.513139500325469289e-01 9.969396569561260746e-01 9.626515767440276816e-01 4.656596423868788470e-01 6.484129026467142509e-01 7.223843207545642686e-01
3.580767844373727695e-50 -1.184890469202927363e+02 9.604367826535697983e-01 3.768484622136955009e-01 5.316266293419504851e-01 3.402340996658700378e-01 9.709092672622152698e-01 3.385605029437037672e-01 9.108630357722846682e-02 8.798545698297642881e-01
3.580767844373727695e-50 -1.184890469202927363e+02 4.602240087259152901e-01 8.309577118741889867e-01 4.396532808293290850e-01 1.405743474727777498e-01 4.735662181082361810e-01 3.169927598559718618e-04 9.973730114141486913e-01 7.398750410398259314e-01
3.580767844373727695e-50 -1.184890469202927363e+02 7.241095936905135311e-01 6.389678338079659570e-01 5.800037644486022437e-01 8.491489912084062563e-01 8.394771445346327354e-02 9.816288326965487698e-01 7.091081177493973042e-01 4.347828320635017674e-01
3.580767844373727695e-50 -1.184890469202927363e+02 1.083632254965560815e-01 5.600339379546094287e-01 1.422519935101377309e-01 8.212610679245941903e-01 9.745809136253151816e-01 1.328077573506952769e-01 8.796214714553919345e-01 6.489770584878844506e-01
3.580767844373727695e-50 -1.184890469202927363e+02 3.578230639960455761e-01 8.481578480936546871e-01 6.295266828844551243e-01 1.444729164647537978e-01 2.581695470701499406e-01 8.153904789681034604e-01 6.226618952417452002e-01 9.032326539581643221e-01
3.580767844373727695e-50 -1.184890469202927363e+02 1.576480316036638074e-01 7.229516702514793280e-01 9.973678908590856151e-01 3.109033182407212603e-01 6.031434555885152315e-01 9.914179124409543409e-01 9.472288514509794588e-01 7.499946698804589307e-01
3.580767844373727695e-50 -1.184890469202927363e+02 2.099499415794008339e-01 3.660953053167541604e-01 1.865417778233893209e-01 4.281059565481168949e-01 4.950502468997244332e-01 4.137497132501309904e-01 1.473452891516466856e-01 5.924108540948876955e-01
3.580767844373727695e-50 -1.184890469202927363e+02 9.391971639616308876e-01 9.314530702869139311e-02 6.764803981722860016e-01 9.915261892266330479e-01 8.308569564502199523e-01 3.499264610360058869e-01 2.153017768488191264e-01 3.888277474151453639e-01
3.580767844373727695e-50 -1.184890469202927363e+02 9.542725908522786682e-02 4.307684127496151927e-01 6.081992788802723648e-01 7.573382845879461645e-02 7.007259350536663156e-01 9.437291742427259544e-01 2.362845120456957826e-02 5.152676611481797897e-01
3.580767844373727695e-50 -1.184890469202927363e+02 2.400510546701150050e-01 9.449885625350182838e-01 2.768127852441260028e-02 4.627512643673384884e-01 7.612975505731766068e-01 7.056976296897521372e-02 9.392569324745647652e-02 6.678205751930422762e-01
3.580767844373727695e-50 -1.184890469202927363e+02 6.570818145582514314e-01 4.869949727443987353e-01 8.138018867798976208e-01 8.060556813765854534e-01 8.933286207331871953e-01 8.287444733047943934e-01 9.473411565662204215e-01 7.835201274248809744e-01
3.580767844373727695e-50 -1.184890469202927363e+02 7.919708785196667433e-01 8.261156458593899021e-01 1.814306984553668567e-01 3.253249941747812235e-01 5.503162837116377659e-01 3.837383596736853031e-01 9.402088515493619569e-01 3.688695199116818202e-01
3.580767844373727695e-50 -1.184890469202927363e+02 1.810141585699672762e-01 2.570242150016602833e-01 3.170814637081476040e-01 1.854189055296598942e-01 3.813186159538682896e-01 4.673815029057922787e-01 2.558138663868078089e-01 3.343200700160708916e-01
3.580767844373727695e-50 -1.184890469202927363e+02 8.796621420213553977e-01 7.705555328337510002e-02 3.757942271743868190e-01 2.086663001485808966e-01 7.730339563255528290e-03 2.790517203235134414e-01 1.698805583240035055e-01 9.079174563803008580e-01
3.580767844373727695e-50 -1.184890469202927363e+02 1.877680162632916483e-01 2.045894128751422070e-01 2.267675236964725727e-01 9.548999412862771985e-01 7.507380665552100263e-01 3.161195403112503355e-01 1.656309562924560552e-01 8.694421924371800170e-01
3.580767844373727695e-50 -1.184890469202927363e+02 5.236778421373714520e-01 4.801755986714630886e-01 2.830419418626650696e-01 8.387577175604543633e-01 7.397759088194004740e-01 9.432083497957057805e-01 5.328405387099883761e-01 8.122081631845835537e-01
3.580767844373727695e-50 -1.184890469202927363e+02 1.117405110971675386e-01 7.996290318445502532e-01 8.685821616718543137e-01 2.143621078548707537e-03 2.903722241841018015e-01 7.028500605100086451e-01 3.397449573027568892e-01 6.263497177958683437e-01
3.580767844373727695e-50 -1.184890469202927363e+02 2.363461587864046365e-03 3.056430042985980311e-01 9.984835300649688161e-01 7.715648905661036672e-01 8.756353779138758009e-01 3.170286678999567620e-02 1.192457819030070532e-01 6.283454790223673703e-01
3.580767844373727695e-50 -1.184890469202927363e+02 9.699700872201751922e-01 8.062159813049531998e-01 3.694145623903566378e-01 5.565831076212484074e-01 2.283545185277360279e-01 9.606547532438399761e-01 9.578924919251254888e-01 9.283494467760322610e-01
3.580767844373727695e-50 -1.184890469202927363e+02 3.023431106640974697e-01 6.406939573613047445e-01 5.240202618146548863e-01 6.929820887326776369e-02 3.681946601913921313e-01 5.482771488677293803e-01 2.103964152372190810e-01 9.963055377072369545e-01
3.580767844373727695e-50 -1.184890469202927363e+02 7.079484691865481905e-01 8.552852919970848067e-01 6.927779579679258504e-01 2.236753936488005134e-01 9.678625548707556758e-01 3.072772790014943745e-01 6.054297529151076995e-01 7.214733283271526076e-01
3.580767844373727695e-50 -1.184890469202927363e+02 9.053762538509836366e-01 2.177954627365176199e-01 1.507592540411866189e-01 1.667036465456898098e-01 4.292669143560600142e-01 1.726949868747813532e-01 9.592543183200438195e-01 5.715520982682464890e-03
3.580767844373727695e-50 -1.184890469202927363e+02 6.733080253014800398e-01 2.038810160211367295e-01 1.319076520310458189e-02 8.933004459441259426e-01 6.002509519917426095e-01 8.963664758985760983e-01 1.712124697869776835e-01 5.171085761550724413e-01
3.580767844373727695e-50 -1.184890469202927363e+02 7.732889863412338860e-01 5.417724757737287788e-01 1.744548388636146807e-02 9.108436702133949625e-01 6.344624796632361008e-01 7.881249689881186793e-01 2.716218564048059614e-01 6.803244756428364903e-01
3.580767844373727695e-50 -1.184890469202927363e+02 6.194137132477868235e-01 3.396847130009109650e-01 4.338115145545740070e-01 6.731307174627767509e-01 4.383356832707485662e-01 3.782814368040373632e-01 9.903546117537020965e-02 1.446443900834826213e-02
3.580767844373727695e-50 -1.184890469202927363e+02 3.162394278112201640e-01 2.010277087016685282e-01 5.963652223759252635e-01 1.847734204832152116e-01 6.149525464366378813e-01 9.796956347401685194e-01 1.190264505380586035e-01 7.118698260981929371e-01
3.580767844373727695e-50 -1.184890469202927363e+02 6.659511738505039524e-01 3.575875750836718936e-01 5.366577426862370048e-01 2.581172030272759210e-01 8.364391098247494494e-01 1.648654639872808580e-01 1.152225073522215038e-01 4.050313572158837916e-01
3.580767844373727695e-50 -1.184890469202927363e+02 4.915442808172088007e-01 6.565650757451580999e-01 7.851763232039443707e-02 7.788649222175153541e-01 3.985078781480240195e-01 3.445908637943564390e-01 5.902116741648920639e-01 4.773993940910997713e-01
3.580767844373727695e-50 -1.184890469202927363e+02 6.443652738094313159e-01 4.738996555175605252e-01 3.366515925149444755e-01 7.783176656441519459e-01 1.630367015252670582e-01 4.138403953571712091e-01 4.780193718652794299e-01 9.692904507477574372e-01
3.580767844373727695e-50 -1.184890469202927363e+02 1.540266133198364695e-02 9.020576711505287060e-01 4.284381133864205715e-01 8.301603440486658991e-01 2.256748289346225400e-01 6.546549891069450844e-01 5.479170246738763739e-01 9.741077091281762357e-01
3.580767844373727695e-50 -1.184890469202927363e+02 4.195887242203517609e-01 1.680994626463899744e-01 6.783040190056388585e-01 6.315722102276977168e-02 1.784252750323777059e-01 6.474815095248213082e-01 2.330566384082980447e-01 7.347694595804822315e-01
3.580767844373727695e-50 -1.184890469202927363e+02 4.318876034204983672e-01 8.598411509546342035e-01 8.717412768402432732e-02 5.683581914809241464e-01 9.702364933655782675e-02 8.064635828145195751e-01 5.833289332934252780e-01 5.958841601266789967e-01
3.580767844373727695e-50 -1.184890469202927363e+02 8.854554630680377958e-02 6.389599403391711396e-01 2.888493787764324638e-01 5.350213001236451271e-01 2.496550478919796756e-01 1.531747280799664601e-01 5.198842316839723532e-01 4.239447028041076759e-02
3.580767844373727695e-50 -1.184890469202927363e+02 9.589335330813736347e-01 8.961259302441670904e-01 6.156620086141368908e-01 6.275132211292941964e-01 9.488469903938604455e-01 4.408380063566589291e-01 8.831520556921443887e-01 5.702714576868032070e-01
3.580767844373727695e-50 -1.184890469202927363e+02 4.786097223954209889e-01 3.974190227464877712e-01 1.107436003782029665e-01 5.585228037522652622e-01 4.610649893120624121e-01 2.090346077003633063e-01 8.288784007030924883e-02 5.355816741988693730e-01
3.580767844373727695e-50 -1.184890469202927363e+02 2.558874196949467716e-02 1.136658081114131358e-01 6.616716626269344426e-01 9.161434360763663909e-01 2.306902884660734232e-01 7.687508606547700518e-01 5.978893094607684588e-02 8.817899228525569733e-01
3.580767844373727695e-50 -1.184890469202927363e+02 1.821982546975919881e-01 8.206253052574753459e-01 2.851484484994866175e-01 3.995105595375149088e-01 1.571192168189348148e-01 1.345996121031959314e-01 1.634821042051572970e-01 6.789995478504246007e-01
3.580767844373727695e-50 -1.184890469202927363e+02 2.945804708427036678e-01 9.530035093738110641e-01 8.770537975991821167e-01 2.151474548163271328e-01 6.836555440055054333e-01 5.158964724244052835e-02 8.804317030545377731e-01 6.176213063423524607e-01
3.580767844373727695e-50 -1.184890469202927363e+02 6.544886668928583395e-01 4.253865939253782535e-01 2.117321839486729917e-02 1.493564324047683689e-01 1.550317389249308286e-01 3.567214298706423703e-01 7.420728572645488574e-01 7.243873963788117765e-01
3.580767844373727695e-50 -1.184890469202927363e+02 6.171091316868730914e-01 6.827282462002630670e-01 9.838093637117717449e-02 6.387949392251007774e-01 1.333959379964905212e-01 2.664547092811542228e-01 5.989745204148320123e-01 9.635009389687554382e-01
3.580767844373727695e-50 -1.184890469202927363e+02 6.587474910374833126e-01 3.754574603367665242e-01 5.968627946367288661e-01 3.150196654719356060e-01 2.045149215847920088e-01 5.726341297930768182e-01 5.819426907712696995e-01 9.441973089501973782e-01
3.580767844373727695e-50 -1.184890469202927363e+02 7.345644438158108747e-01 3.329848553960221835e-01 6.737000275954140305e-01 6.336506009339682999e-01 2.600218620549538118e-01 3.976158844483124177e-01 9.889416723112169905e-01 6.166511029684220713e-01
3.580767844373727695e-50 -1.184890469202927363e+02 4.237589922518365526e-01 6.378446930769575696e-01 2.657199251642049509e-01 9.577500468677411227e-01 8.729658643089664993e-01 2.362541154854290726e-01 5.432339653976253624e-01 6.700350126586973598e-01
3.580767844373727695e-50 -1.184890469202927363e+02 5.814174057744109225e-01 2.048003850471045162e-01 3.435403842272019004e-01 4.354883706933527776e-01 5.631973543980354213e-01 9.899717548499742392e-02 3.849303890258367611e-01 9.741920574555089640e-01
3.580767844373727695e-50 -1.184890469202927363e+02 9.951324047356755464e-01 7.111147107489815822e-01 5.150469840222082762e-02 4.790935647594739555e-01 6.901062098143433410e-01 6.015095350174356481e-01 4.226822901332379923e-01 2.805668386979842666e-01
3.580767844373727695e-50 -1.184890469202927363e+02 2.306374535826882788e-02 5.080817241185215938e-01 6.649660464288703610e-01 9.146038071219464438e-02 7.228117656053190121e-02 7.128180865048179271e-01 7.365744604157631326e-02 3.615820436903003365e-01
3.580767844373727695e-50 -1.184890469202927363e+02 5.441871590826902194e-01 1.120156373645830872e-02 7.023371386962131702e-01 2.547861283408420219e-01 9.921134219843888991e-01 6.177516974915974179e-01 6.220270492478183755e-01 5.123362903303476656e-01
3.580767844373727695e-50 -1.184890469202927363e+02 5.509460775442601710e-01 6.342868786234745482e-02 9.955097057657463777e-01 9.069714841510543302e-01 9.614026758565393793e-01 7.538322789167941629e-01 5.948798300978286324e-01 8.534651066271422559e-01
3.580767844373727695e-50 -1.184890469202927363e+02 4.835131467905073865e-02 9.218430305744931275e-01 4.279301152623240512e-01 6.297674335214613617e-01 2.380403059912830077e-01 8.146960631644732942e-01 6.429943148241895612e-01 4.565879462548920742e-01
3.580767844373727695e-50 -1.184890469202927363e+02 3.415439988979418473e-02 6.610855671314269655e-01 8.689378381677217433e-01 4.373204859146486712e-01 1.006540265696346248e-01 8.795863659790484901e-01 6.860733983324751595e-01 3.580132398919727565e-01
3.580767844373727695e-50 -1.184890469202927363e+02 1.195484735463483439e-01 7.383669482340521339e-01 8.570025761617764415e-01 5.716063698539212146e-01 4.257478255290638725e-01 8.596128365062778443e-01 4.168933776082197618e-01 3.923491663221568837e-01
3.580767844373727695e-50 -1.184890469202927363e+02 6.972459004941935490e-01 6.346510875067306046e-01 2.445638790582859157e-01 3.549338361647743634e-01 9.212234491058551855e-01 6.316849922008855867e-01 7.202667318192608192e-01 6.901881189445123743e-01
3.580767844373727695e-50 -1.184890469202927363e+02 8.924571083076938693e-01 1.765606385347132656e-01 6.735454617893076312e-01 8.369585626675519752e-01 7.080711019298180364e-01 8.197426193465112698e-01 3.957249962740697624e-01 6.079701746147313512e-01
3.580767844373727695e-50 -1.184890469202927363e+02 5.061486685942966357e-01 9.928184832024030682e-01 1.944809656249990582e-03 9.151716669124614345e-01 7.255030996131536236e-01 1.180682325907966845e-01 8.022609579836658122e-01 7.434701408438266768e-01
3.580767844373727695e-50 -1.184890469202927363e+02 9.810611301249382299e-01 5.547567579572375562e-01 3.185229170107179986e-01 9.007571160489661333e-01 7.994878348495656484e-01 4.845251044711836874e-01 1.867887067727561634e-01 7.923042738411095742e-01
3.580767844373727695e-50 -1.184890469202927363e+02 5.625045090669067438e-01 3.168510928411687466e-01 7.545296931582038402e-01 1.728869259664026492e-01 1.027569429025483316e-01 1.889580741130822972e-01 1.170990083509171331e-01 6.672837394752122453e-01
3.580767844373727695e-50 -1.184890469202927363e+02 7.790258520951455212e-01 8.066795530329150532e-01 2.531687643448814473e-01 1.231032675500410845e-01 8.882487764231858929e-01 4.324594104586255705e-01 1.322634229143228035e-01 9.511283001493470168e-01
3.580767844373727695e-50 -1.184890469202927363e+02 6.403444764219798913e-01 7.156665120010948788e-01 3.868266220826076518e-01 7.077790586436824016e-01 9.310414373329486404e-01 6.866077342883250001e-01 8.243241243003515129e-01 8.721553360054604687e-01
3.580767844373727695e-50 -1.184890469202927363e+02 5.322271420016333465e-01 1.636162724701973881e-01 5.111594600674350675e-01 2.184509405250120162e-01 2.134099141443998038e-01 6.654515895258446001e-01 9.601762677803906687e-01 3.534013768069423911e-01
3.580767844373727695e-50 -1.184890469202927363e+02 6.603967467321019136e-01 5.421131500565936623e-01 7.516937585168794733e-01 2.309846309616829796e-01 8.186941350274133944e-01 2.028826403511966303e-01 4.781325202283726039e-02 5.595024219071713656e-01
3.580767844373727695e-50 -1.184890469202927363e+02 6.922238923568332369e-01 5.597308980149106050e-01 5.778207712337206647e-01 8.559293876289580938e-01 9.396916826289779534e-01 6.245395787110153973e-01 3.567439940186309943e-01 6.781306596085256988e-01
3.580767844373727695e-50 -1.184890469202927363e+02 9.282943790887321356e-01 9.805600512013962211e-01 5.625536557305776952e-01 2.019902706558751593e-01 1.271772162530715455e-03 8.573741221950903491e-02 5.778652792126672821e-01 9.418457972076846874e-01
3.580767844373727695e-50 -1.184890469202927363e+02 9.311881140591926620e-01 7.292323371521969300e-01 3.386899268767588067e-01 6.617652496921163641e-01 9.941508037957905719e-01 8.814339924593193043e-01 5.348501834240989572e-01 3.305504116858090091e-01
3.580767844373727695e-50 -1.184890469202927363e+02 2.586742084687247978e-01 7.963141301983039932e-01 9.346718844319369390e-01 6.940758846746695188e-01 7.479034985165440297e-01 6.970646247006261342e-01 1.486294603243497603e-01 4.693467413335379312e-01
3.580767844373727695e-50 -1.184890469202927363e+02 5.868275334659922571e-02 3.665479565975672260e-01 2.043631797729108523e-01 5.901411106410787699e-01 5.789408635442908624e-01 1.546791265768439061e-01 2.136797269066803562e-01 7.903683060099978563e-01
3.580767844373727695e-50 -1.184890469202927363e+02 6.045752927968298662e-01 8.987976109727441321e-01 9.846070002915351393e-01 9.480596792706947884e-01 7.970779157138673243e-01 1.519226952455990931e-01 7.202408237388409074e-01 6.204291356335557284e-01
3.580767844373727695e-50 -1.184890469202927363e+02 1.423503053507312321e-01 4.960904129078257396e-01 5.144698703171546317e-01 5.100807539773311028e-01 6.709532563125881754e-01 9.653282453526479401e-01 1.947875938269016949e-02 8.995508548740719368e-01
3.580767844373727695e-50 -1.184890469202927363e+02 2.013278869783640124e-01 8.719839377667869540e-01 2.332897325943250610e-02 6.580486288670117645e-01 2.701351806131624400e-01 8.874834458167331075e-01 1.800810937953898350e-01 5.369867249412436649e-01
3.580767844373727695e-50 -1.184890469202927363e+02 3.355979554283472499e-01 2.671731083557619124e-01 2.019974527138036491e-01 2.728799801703988281e-01 6.344722211758093700e-01 9.386433931729257774e-01 1.994996257722861932e-01 4.247581154406443460e-01
3.580767844373727695e-50 -1.184890469202927363e+02 5.644575981142895271e-01 9.962484959546871188e-01 7.287520529163182825e-01 6.411401254317061760e-01 1.329749056298534793e-01 6.635090323337591300e-01 7.542256679439702793e-01 6.272143201577475846e-01
3.580767844373727695e-50 -1.184890469202927363e+02 9.123450430705254410e-01 3.733983421536279934e-02 7.568480512792866710e-01 2.951867113057975445e-01 4.072858746645204864e-01 6.186483151736557051e-01 5.200093583956664212e-01 3.271623900150598674e-01
3.580767844373727695e-50 -1.184890469202927363e+02 2.548711823956750777e-01 6.282025546631575530e-02 3.737914878597374813e-01 3.118564036130557771e-01 6.361320365241694974e-01 4.322311423605754710e-01 1.378724267733576481e-01 4.141779570410597522e-02
3.580767844373727695e-50 -1.184890469202927363e+02 4.501646478077574454e-01 2.212616517097367730e-01 1.822974633987044513e-01 8.417222277655596052e-01 4.322135618669548096e-01 6.871863582698696238e-01 4.336818036438898627e-01 5.728245574549983843e-01
3.580767844373727695e-50 -1.184890469202927363e+02 8.206965758240858388e-01 7.684500047009190649e-01 8.458260208833634497e-01 2.410686864706956811e-01 7.976743330644279206e-01 1.041095605028291571e-01 7.758798308226921847e-01 8.239755577173758505e-01
3.580767844373727695e-50 -1.184890469202927363e+02 6.225025609914726088e-01 5.744373818386050434e-01 4.411329520163091988e-01 5.719501262454088630e-01 1.679653708128024947e-01 2.727853794120179698e-01 7.549993564272837743e-01 3.375621791550782458e-01
3.580767844373727695e-50 -1.184890469202927363e+02 7.325016219093982706e-02 6.035006370106348328e-01 6.614216384673377025e-02 6.572096453789117998e-01 7.832631449534293022e-01 8.559488124685727950e-01 5.462781709689688014e-01 3.564901462853337089e-01
3.580767844373727695e-50 -1.184890469202927363e+02 2.227029899161548920e-01 2.216874744233433558e-01 2.597926567122890162e-01 4.550940536710962325e-01 4.053030603723267733e-01 1.526381514700593245e-01 2.238382064021077200e-01 8.047603138977431625e-01
3.580767844373727695e-50 -1.184890469202927363e+02 3.220967852692727673e-01 1.297821894506622220e-01 4.674664545274133109e-01 5.093417136800411082e-01 7.833810356152598464e-01 7.545318761116694972e-01 1.786459586098985142e-01 6.360886859527442594e-01
3.580767844373727695e-50 -1.184890469202927363e+02 9.813127292449578265e-01 7.065955870479554424e-01 4.155938785665787005e-01 1.798168888897609952e-01 3.321089383630538849e-01 1.588437163050274714e-01 6.846578700799603734e-01 8.263735649948087403e-01
3.580767844373727695e-50 -1.184890469202927363e+02 5.426453139566523864e-01 3.883776397366706101e-01 5.923470458936896943e-02 6.548996838159315548e-02 8.339514541901957845e-01 1.875061661494914489e-01 3.492331876013875513e-01 4.557686196359828079e-01
3.580767844373727695e-50 -1.184890469202927363e+02 4.878788918627062765e-01 5.498921464034952633e-01 2.003761973032365251e-01 3.542269351577723713e-01 6.120045866441173876e-01 9.219356375343710219e-01 5.245496497264668934e-01 6.389196074491411137e-01
3.580767844373727695e-50 -1.184890469202927363e+02 4.344678934973489337e-01 9.886220327373407279e-03 6.204546182661859755e-01 8.177921134301808781e-01 8.875576216775795668e-01 5.187246263850332495e-01 9.432096977253090486e-01 3.724628173148523125e-01
3.580767844373727695e-50 -1.184890469202927363e+02 9.686455034439380718e-01 8.511588097822099241e-01 3.431475729400285113e-01 9.919271501370521271e-01 8.640164859879442272e-01 7.980396865910575066e-01 9.510219345334985919e-01 9.465253355664708934e-01
3.580767844373727695e-50 -1.184890469202927363e+02 8.943883238985226303e-01 9.427968026911397459e-01 6.434733341088233471e-01 8.848332905969240603e-01 4.718208641216560251e-01 1.564252841769152580e-01 5.899797997130862282e-02 4.778532432324075208e-01
3.580767844373727695e-50 -1.184890469202927363e+02 5.939009193543007825e-01 9.972540845224583395e-01 6.479257666090203482e-01 1.863472668639487573e-01 7.431912838547589661e-01 8.622948142071248379e-01 3.411414720102724507e-01 4.140312206246582472e-01
3.580767844373727695e-50 -1.184890469202927363e+02 1.129635040884580111e-01 2.042922375007849567e-02 1.300360630495286385e-01 2.842480429466087699e-01 2.408050398822113580e-01 5.125786840384138898e-02 3.051178463947804564e-01 7.990193722090396244e-01
3.580767844373727695e-50 -1.184890469202927363e+02 9.752148406009584214e-01 3.190493798121455393e-01 4.159990790031879992e-01 7.192244134013184853e-01 8.354190474264195920e-01 7.422504700902703423e-01 7.916500951268038433e-01 4.631689274857150318e-01
3.580767844373727695e-50 -1.184890469202927363e+02 5.033540872267039390e-02 6.917437593384031524e-01 7.647517334323395977e-01 1.414650637025595126e-01 3.498997142093130952e-01 7.541912320309979156e-01 1.318745355998603985e-01 7.311556160711306651e-01
3.580767844373727695e-50 -1.184890469202927363e+02 5.313532009488102226e-01 7.773454473847233315e-01 2.926360459238552814e-03 1.734447392678705180e-01 5.919851098658241995e-01 8.247299989658726238e-01 4.580140644297026054e-02 6.551355867098082042e-01
3.580767844373727695e-50 -1.184890469202927363e+02 5.244125907802626996e-01 7.675310044738188342e-01 8.883565804203471528e-01 2.631432856143302024e-01 5.266696508204242733e-01 9.005548063674595483e-02 8.074793357091895052e-01 6.728339402848312334e-01
3.580767844373727695e-50 -1.184890469202927363e+02 4.140920125187510514e-01 3.243410847241535722e-01 3.780352403360137670e-01 1.051186471169829328e-02 6.185489844562435113e-01 3.079704108412169017e-01 8.953789613380369605e-02 9.492518311408600917e-01
3.580767844373727695e-50 -1.184890469202927363e+02 7.694914326067272548e-01 4.653153775293971117e-01 5.627621729313581067e-02 1.364081845165758811e-01 7.702300213146362484e-02 8.634305134389445024e-01 7.782858685854276981e-02 8.528859142215807765e-01
3.580767844373727695e-50 -1.184890469202927363e+02 2.561884641878751090e-01 2.538247288164783289e-01 2.205731974313753785e-01 3.998487305911612166e-01 3.995602372446560580e-03 6.744052672533895620e-01 4.862823310413152411e-01 4.267537365786688852e-02
3.580767844373727695e-50 -1.184890469202927363e+02 1.506953911759623121e-01 9.855869487212618463e-01 3.496285708308574103e-01 6.554964023863271150e-01 9.911340397893757537e-01 3.696424077339006686e-01 6.302987633287583380e-01 6.427842717401026640e-01
3.580767844373727695e-50 -1.184890469202927363e+02 4.074421335160172131e-01 4.171577182385688420e-02 7.808323710359955649e-01 9.596653124866072471e-01 6.299790150160089475e-02 8.430514627120436755e-01 3.891098799566952149e-01 7.292804671682640016e-01
3.580767844373727695e-50 -1.184890469202927363e+02 6.869141354704321190e-01 6.734209440316812900e-01 9.474691715170358020e-02 2.678543204546374179e-01 6.108373149466693741e-01 9.267808490263722554e-01 9.755358984207866957e-01 7.941564701083368982e-01
3.580767844373727695e-50 -1.184890469202927363e+02 9.755672129594966657e-01 3.025014642425573053e-01 8.978859681243405166e-01 8.024329618967998012e-01 9.971023685930973102e-01 6.992135272720900740e-01 2.457716743427474926e-01 4.061211018688555274e-01
3.580767844373727695e-50 -1.184890469202927363e+02 7.654372040469885619e-01 8.170499133043307438e-02 3.621932922067799820e-01 9.691030990077916796e-01 3.336164843677918990e-01 6.501531997380659567e-01 5.079247150690504586e-01 3.364689003015131075e-01
3.580767844373727695e-50 -1.184890469202927363e+02 7.418281404424366121e-01 4.905772147049247689e-01 1.092552621332313345e-01 5.607413964781300386e-01 9.186608576140811167e-01 1.326970105303532099e-01 1.836090285108044062e-01 7.063492985110779721e-01
3.580767844373727695e-50 -1.184890469202927363e+02 2.384010728435073112e-01 7.941376278628310414e-01 5.437255184062840252e-01 8.481309391475844173e-02 6.622353325473100405e-01 8.121157532555111080e-01 2.457842392801983245e-01 6.889308039914602277e-01
3.580767844373727695e-50 -1.184890469202927363e+02 1.656897915245084674e-01 9.054435861992090606e-01 4.274570803574317956e-01 7.930627008112978160e-03 4.630133084698269119e-01 7.557574420002838300e-01 4.896291093272535644e-01 8.263267929755981900e-01
3.580767844373727695e-50 -1.184890469202927363e+02 3.154697110823599937e-01 4.435449286498648336e-01 3.130668238861850083e-01 5.476874714448933812e-01 4.283209695781554638e-01 1.945709814728854292e-01 2.389476750877670419e-01 6.207204809503901188e-01
3.580767844373727695e-50 -1.184890469202927363e+02 3.629069651320516732e-01 9.695961290528802845e-01 1.352703034604391119e-01 6.478753169174092941e-01 8.310244260264103566e-01 4.480421298076948666e-01 7.340175705131891659e-01 4.454764644775930371e-01
3.580767844373727695e-50 -1.184890469202927363e+02 9.368362488602105520e-01 8.096456003826539849e-01 3.814327896645630656e-02 6.092747118326812261e-01 7.937113400426392129e-01 5.091981769281606063e-03 9.927895344876150885e-01 3.172351364334727863e-01
3.580767844373727695e-50 -1.184890469202927363e+02 1.501972608097644768e-01 9.083416058875404264e-02 5.310922721670008340e-01 9.477557985814787367e-01 8.558377078515678749e-01 6.472655628751151635e-01 5.071900717390515068e-01 5.365911596831400843e-01
3.580767844373727695e-50 -1.184890469202927363e+02 7.505194151526977109e-01 4.629628370527988368e-01 8.994624809054158066e-01 1.716307615801427877e-01 9.364183057200596849e-01 4.898197003401775218e-01 7.887553295352837113e-01 4.259732306420159764e-01
3.580767844373727695e-50 -1.184890469202927363e+02 6.571009646704684126e-02 3.712915383444281847e-02 9.953617189618841898e-01 5.717850425248232060e-01 8.915230098259327995e-01 8.996306926675695648e-01 9.426312353635915020e-01 4.168013308807870798e-01
3.580767844373727695e-50 -1.184890469202927363e+02 8.328412992164357931e-02 3.019083245687432804e-01 2.879926719435164095e-01 4.598216376870043476e-01 2.676948527143652168e-01 5.538507284006796150e-01 6.159778023344572029e-01 9.347718871669915552e-01
3.580767844373727695e-50 -1.184890469202927363e+02 1.232837115053911914e-01 5.678729387315950561e-02 2.041254527444896771e-01 2.268777479032592082e-01 2.928819139569954766e-01 7.570403699630745553e-01 3.924800089711901752e-01 3.579373462848680632e-01
3.580767844373727695e-50 -1.184890469202927363e+02 4.853806659229448206e-01 9.227896016564496318e-01 5.038722974062268545e-01 9.236535946218270565e-01 6.198413354475895698e-02 2.050507149808317164e-01 6.448188777460739374e-02 6.502494807681528100e-01
3.580767844373727695e-50 -1.184890469202927363e+02 4.760377256557616343e-01 9.450302133666791393e-01 9.059635360697753104e-01 2.657975988704142090e-01 1.145043867801942561e-01 3.910919046895655615e-02 2.597613631273054668e-01 4.877735361287485194e-01
3.580767844373727695e-50 -1.184890469202927363e+02 9.986534441353605018e-01 4.148267482434531139e-02 1.699878795878938531e-01 7.501528290921296582e-01 1.720269688206000902e-01 1.898587143131323929e-01 1.002752166680050960e-01 8.841772751957716059e-01
3.580767844373727695e-50 -1.184890469202927363e+02 7.977645293090959155e-01 9.479108099048959568e-01 8.126806872388270264e-01 2.780154419098385121e-01 6.414649906840045324e-01 7.988258471672982086e-01 3.740366193268550576e-01 5.124852730074450635e-01
3.580767844373727695e-50 -1.184890469202927363e+02 6.968563261440308132e-02 5.065477659932779986e-01 3.773097113036463224e-01 6.500063949609785618e-01 7.132243329567652390e-01 3.174134393507310747e-02 8.134239070325949283e-01 9.164185856785033168e-01
3.580767844373727695e-50 -1.184890469202927363e+02 6.792920037391071419e-01 4.770167091753909627e-01 6.906517047453319957e-01 1.726307515612015564e-01 2.687590319907406933e-01 2.188132754536655789e-01 2.270839829828662504e-01 3.900047098806038726e-01
3.580767844373727695e-50 -1.184890469202927363e+02 5.647298177205504199e-01 1.058236921638368022e-01 7.560415042406877228e-01 8.889453411547482142e-01 2.724736426452767368e-01 3.738971691906233241e-01 4.058175359334156296e-01 8.350537946084288787e-01
3.580767844373727695e-50 -1.184890469202927363e+02 3.903858675620360819e-01 6.115226663807058483e-01 4.912267298559056528e-01 9.683089865815763808e-02 2.238304877783040547e-01 4.874703248532081812e-01 7.884705680479270340e-01 5.658565553812985316e-01
3.580767844373727695e-50 -1.184890469202927363e+02 8.386633819398575662e-01 2.476038616401119441e-01 8.563855036137268950e-01 6.210924079829147626e-01 6.459259340948365624e-01 9.130336296018172204e-01 4.851133761586521320e-01 5.094769759091091199e-01
3.580767844373727695e-50 -1.184890469202927363e+02 5.078975186951057985e-01 2.369234747455128964e-02 5.724862024411159211e-02 6.401198170804440757e-01 2.320110769262881956e-01 6.912658611502469075e-01 6.777495331352564323e-01 1.982614980443253572e-02
3.580767844373727695e-50 -1.184890469202927363e+02 2.118378008403777324e-01 7.464345464537657238e-01 6.519026826189011636e-02 5.507518498875476620e-01 6.621431814614311406e-01 2.127567952693413256e-01 6.187181170683218046e-01 9.922462711563998505e-01
3.580767844373727695e-50 -1.184890469202927363e+02 9.626079551127587619e-01 5.446441543022362275e-01 7.948872665388545533e-01 9.259585621636828856e-01 6.798438489751603697e-01 9.477415008834031429e-01 5.344791529774614025e-01 6.699619644309979805e-01
3.580767844373727695e-50 -1.184890469202927363e+02 2.908745744244072284e-01 8.315377249466350262e-01 4.618072977736720208e-02 3.878288274855994366e-01 9.212821161151526494e-01 3.486402778300625727e-01 5.669405806782651380e-01 5.138461094877071478e-01
3.580767844373727695e-50 -1.184890469202927363e+02 3.615272490150022167e-01 9.125793200782966741e-01 3.107395330799872513e-01 7.287171120575252070e-01 6.818431268084079733e-01 2.768756759117840804e-02 9.211330108640386483e-01 7.328862304071065426e-01
3.580767844373727695e-50 -1.184890469202927363e+02 4.446846339720478269e-02 4.747847077723381659e-01 1.171648948824876024e-01 2.651153346800094734e-01 4.886270276264549350e-01 1.680543171753021703e-01 7.775573048116024566e-02 6.576396733858180799e-01
3.580767844373727695e-50 -1.184890469202927363e+02 8.170898950637827118e-01 3.189476537057907013e-01 5.327040886471061665e-01 7.519680450557075790e-01 7.142159691820260115e-01 6.315120069624849952e-01 5.269197622182708596e-02 4.442068092189775941e-01
3.580767844373727695e-50 -1.184890469202927363e+02 1.736100326486277323e-01 8.595342470145350688e-02 3.234687750155592623e-01 3.765771235363933878e-01 6.524935969789255052e-01 3.959190697484219479e-01 6.694683185478789156e-01 8.086695203210925165e-01
3.580767844373727695e-50 -1.184890469202927363e+02 5.001422674342396180e-01 7.422470708607797896e-03 9.523816220634250262e-01 4.594177386327613632e-01 8.984252553889291448e-01 2.652031115814250661e-01 5.831650677639687030e-01 9.822986476039888837e-01
3.580767844373727695e-50 -1.184890469202927363e+02 2.825586765418885982e-03 5.276654328955042716e-01 7.760943044251460421e-01 2.774500079837699529e-01 9.135095199464047244e-01 5.069705668955661881e-01 6.173698943116293636e-01 6.791254768857633017e-01
3.580767844373727695e-50 -1.184890469202927363e+02 1.029089817694724962e-01 7.575407789026272765e-01 7.772243708864364775e-01 6.950612365596841036e-01 2.566887155742010318e-01 9.905996743562176521e-01 3.670340869234867132e-02 5.534271773558961938e-01
3.580767844373727695e-50 -1.184890469202927363e+02 1.968985525191024877e-02 1.991321455105123928e-01 4.590563681723740519e-01 3.899615938102254376e-01 3.669864526722576015e-01 9.127465715850866523e-01 8.122882702066843708e-01 7.818485545449458396e-01
3.580767844373727695e-50 -1.184890469202927363e+02 9.536933158518619003e-01 3.072185237864866192e-01 6.690689681044933446e-01 3.670168213278213187e-01 5.986689377847145277e-01 6.488543154517282252e-01 5.599480904968976436e-01 6.917453692423691791e-03
3.580767844373727695e-50 -1.184890469202927363e+02 8.980688142230591753e-01 7.585750419671287714e-01 7.741772492345234680e-01 6.715497642817701562e-01 7.321085737603723054e-01 6.231976134054331151e-01 1.182695027682491018e-01 9.630889830531517148e-01
3.580767844373727695e-50 -1.184890469202927363e+02 5.028929886608166644e-01 8.729462445109992252e-02 9.222670407677380222e-01 9.981536324426559803e-01 1.492937019565488965e-01 7.628992673266312696e-01 8.034505643279797882e-01 4.286196546073409719e-01
3.580767844373727695e-50 -1.184890469202927363e+02 5.161967989992266581e-01 5.923180789761371967e-01 6.881103575098086456e-01 5.188507557203879683e-01 1.794287867677165638e-01 6.372775243497399433e-01 2.230806990225996378e-01 7.112030731386416171e-01
3.580767844373727695e-50 -1.184890469202927363e+02 3.695514461801472361e-01 5.664468726957462286e-01 7.395608402043156726e-01 6.591859028647854002e-01 8.161686807034820301e-01 5.169924675080439513e-02 2.592364719121202921e-01 6.773841837821492629e-01
3.580767844373727695e-50 -1.184890469202927363e+02 7.678226396774722184e-01 9.502369406687074527e-01 4.619210132150989301e-01 5.329520294759186871e-01 5.310601222747979300e-02 2.933328881847767633e-01 3.761598365840507219e-01 6.760140939326240161e-01
3.580767844373727695e-50 -1.184890469202927363e+02 8.902401415783901539e-01 5.314136099438723226e-01 9.692530036159167084e-01 4.969444655177726045e-01 5.884059010039410786e-02 6.657711133229937683e-01 1.356052241711013240e-01 4.384316184525649529e-01
3.580767844373727695e-50 -1.184890469202927363e+02 9.003784637679987934e-01 2.844361805709184621e-01 9.529244508235599209e-01 1.791007174627934351e-01 6.443298948544651239e-01 4.961655744764841280e-01 1.509735282068873641e-01 6.825897237772028392e-01
3.580767844373727695e-50 -1.184890469202927363e+02 5.777899569111069056e-01 7.360511557154069129e-01 8.362215482401638145e-01 4.548191571204068806e-01 8.833651633043215767e-02 9.553267780926293362e-01 5.034825202440644798e-01 8.860209899109405818e-01
3.580767844373727695e-50 -1.184890469202927363e+02 7.930564290016404172e-01 7.784225766942524105e-01 2.327910755670695719e-01 5.907972425588081666e-01 4.186076148306790978e-01 7.364149654144656054e-01 7.566855507828321725e-01 2.903622389140991800e-04
3.580767844373727695e-50 -1.184890469202927363e+02 3.119195559495357983e-01 1.396946733447888001e-01 7.082594170625448049e-01 3.589162160748653463e-01 2.817913521467337867e-01 8.769778584016568734e-01 3.543590894045565154e-01 4.684312254466416192e-03
3.580767844373727695e-50 -1.184890469202927363e+02 2.908566584611113059e-01 5.443823455401095579e-01 8.231195207922366031e-01 3.325737120837143346e-01 4.803329218411204193e-01 5.785377774042109733e-01 7.610958037358432904e-01 3.492070913027619516e-01
3.580767844373727695e-50 -1.184890469202927363e+02 5.694563275645153633e-01 1.291801917135001476e-01 6.420337491265369900e-01 3.420518989137576460e-01 8.975627057623575267e-01 4.783914189106086567e-01 4.912554377637504688e-01 5.392263450008512038e-01
3.580767844373727695e-50 -1.184890469202927363e+02 2.314096871748376749e-01 9.408931235292756767e-01 6.464255918842302107e-01 2.769026839983198540e-01 3.506747596505227493e-01 3.073341577484268727e-01 3.432425484598771170e-01 9.759024709267617448e-01
3.580767844373727695e-50 -1.184890469202927363e+02 8.650716875351338597e-02 2.909703259537177455e-01 9.538468870439323899e-01 3.796969318616488787e-01 8.022794377604381966e-01 7.558002834214893051e-01 9.184925409037765220e-01 4.131817502548619236e-01
3.580767844373727695e-50 -1.184890469202927363e+02 4.333332538980640969e-01 9.694292358188104641e-01 6.329521252971426204e-02 6.430380752153896928e-01 7.234339620049644592e-01 9.942912035295943252e-01 1.557963769707196855e-01 3.035891296112630533e-01
3.580767844373727695e-50 -1.184890469202927363e+02 6.103752397812801656e-01 2.527027170023028457e-01 5.978354349344427998e-01 2.720814458911033906e-01 3.695075015060527157e-01 3.376935132290959096e-02 1.135267244121218599e-02 5.353007738933154291e-01
3.580767844373727695e-50 -1.184890469202927363e+02 8.092006380660429210e-01 7.287651379877208013e-01 8.185847814090645436e-01 6.718051308357690932e-01 7.978815917623199860e-01 4.235575791918955169e-01 9.445617581321882339e-01 5.430137128083089015e-01
3.580767844373727695e-50 -1.184890469202927363e+02 1.829900917516178449e-01 3.430876102542969042e-01 3.063510803421939377e-01 8.220565831061561468e-01 5.308143267912932561e-01 3.723036530139900435e-02 3.709367491410101580e-01 4.498945086995913556e-01
3.580767844373727695e-50 -1.184890469202927363e+02 5.480132549989750190e-01 2.085337119918342363e-01 2.073841421006867858e-01 5.653711487763374288e-01 4.283221044113827425e-02 9.141482867859789252e-01 2.518137585226462027e-01 1.206512381659152755e-02
3.580767844373727695e-50 -1.184890469202927363e+02 5.616449383355073266e-01 8.612446355800060793e-01 2.996803302225387045e-01 3.002081500839208772e-01 4.453189630610063787e-01 2.259015088313540698e-01 6.582385175140709199e-01 6.287741991912276784e-01
3.580767844373727695e-50 -1.184890469202927363e+02 7.587175311692901936e-01 1.782178450592118990e-01 2.864747778084729690e-01 8.128831519274077877e-01 2.841464835256136690e-01 9.708876947187654594e-01 3.012634555292800220e-01 4.945245180018706943e-01
3.580767844373727695e-50 -1.184890469202927363e+02 5.817601619086713027e-01 9.205128062913114917e-01 5.995889149143724950e-01 5.213799930350015988e-01 3.493114275321995699e-01 8.397989405895479598e-01 4.646989804001662172e-01 8.251013879199428080e-01
3.580767844373727695e-50 -1.184890469202927363e+02 2.945607546452330139e-01 2.839221871523518459e-01 4.906709546474518069e-01 8.894989944857356612e-02 7.922668518553690475e-01 8.438464340491719229e-01 4.662033149411517474e-01 9.329330703842912964e-01
3.580767844373727695e-50 -1.184890469202927363e+02 5.330031421936745062e-01 1.701163708824342535e-01 7.655705291017891323e-01 8.170447477193326646e-01 4.951534761367297754e-01 4.803495708316821711e-01 4.973249008642038893e-01 7.698334130420879662e-01
3.580767844373727695e-50 -1.184890469202927363e+02 6.734550658489967256e-01 3.447607344741375757e-01 8.147439930877117265e-01 6.392931301497034591e-01 9.328803407956656191e-01 3.879047165016156207e-01 1.580975741971391013e-01 3.889833202573512727e-01
3.580767844373727695e-50 -1.184890469202927363e+02 6.405556797332504493e-01 7.728193830080534177e-01 5.597622383811735602e-01 3.773486755355576205e-01 8.883190536734026921e-01 4.571132714935648433e-01 1.380056448453861329e-01 3.660912631721628951e-01
3.580767844373727695e-50 -1.184890469202927363e+02 6.226779522716687776e-01 3.440290227739893902e-01 2.736170729871961749e-01 4.694203806721432004e-01 1.242316488366180804e-01 8.209386247817477278e-01 6.355379153468490028e-01 7.345795086564657073e-01
3.580767844373727695e-50 -1.184890469202927363e+02 6.838392411977680663e-01 2.807585753059212985e-01 9.780917329872212962e-01 8.011948099705090698e-02 2.142569286349292890e-01 7.632585029354361783e-01 2.011771357987531816e-01 7.352838908650770611e-01
3.580767844373727695e-50 -1.184890469202927363e+02 6.820829949509022994e-01 9.338489619854563051e-01 2.213147394592939188e-01 4.226997719957259481e-02 8.206500263510119186e-02 9.081414422797466912e-01 2.746034205034503239e-01 5.793877068866954971e-01
3.580767844373727695e-50 -1.184890469202927363e+02 7.242711015153466825e-01 1.121039636613423429e-01 2.001091559927101748e-01 6.361972475051483888e-01 3.828591902035249905e-01 5.379998920202175849e-01 1.416119099604138398e-01 3.406618017077881477e-01
3.580767844373727695e-50 -1.184890469202927363e+02 8.399008967838861306e-02 6.612804072794623567e-01 8.540056335789825148e-02 7.702062103827082007e-01 6.649190747065987228e-01 4.163829565284864476e-01 1.210087143435466528e-01 8.181435042245567280e-01
3.580767844373727695e-50 -1.184890469202927363e+02 4.436143548693090022e-01 6.586562935808072394e-01 8.161527666736961839e-01 1.114990709210604836e-01 2.182579039143295319e-02 4.778067663887738403e-01 4.373724105553432606e-01 7.982223613152329422e-01
3.580767844373727695e-50 -1.184890469202927363e+02 7.475643881170370708e-01 5.231912742165537589e-01 3.099193666589495910e-01 6.791499064531747454e-01 6.032692822839084146e-01 1.228520454229661274e-01 4.811496489570169510e-01 5.648800383864278629e-01
3.580767844373727695e-50 -1.184890469202927363e+02 6.181712276677273632e-01 3.437480974995719141e-01 3.964560050158256743e-01 3.051860799707087901e-01 3.138300365287576277e-01 5.025913574506334358e-01 2.948675797995559122e-02 7.560060611031469424e-01
3.580767844373727695e-50 -1.184890469202927363e+02 6.465175150825921424e-01 6.576861827273465799e-01 5.983277533898825329e-01 7.275115189464295140e-01 2.094552375331256711e-01 9.214346368100015949e-01 5.305453719169481719e-01 6.275663848195421890e-01
3.580767844373727695e-50 -1.184890469202927363e+02 4.510937798506362562e-01 4.737584121524257563e-01 3.095818454861153368e-01 5.271365606754058186e-01 7.996468810603122312e-01 1.145367912853656467e-01 5.898699876192199376e-01 6.478582005150712586e-01
3.580767844373727695e-50 -1.184890469202927363e+02 1.472172662087450901e-01 9.650645912128051895e-01 6.768910656449138585e-01 8.992625496221846593e-01 3.375832381910917057e-01 2.048830612396421724e-01 4.469196550807276180e-01 5.596948808014260424e-01
3.580767844373727695e-50 -1.184890469202927363e+02 3.819980132493069336e-01 7.562090611018589259e-01 5.969824157511514073e-01 5.302895580319878510e-01 2.812894624414155054e-01 9.832427639419240029e-01 8.102066734407287196e-01 7.603831186673704057e-01
3.580767844373727695e-50 -1.184890469202927363e+02 5.029532160495627791e-01 6.763770465752126926e-01 7.900527748031521691e-01 4.751807291320387927e-01 4.361411621970252561e-01 5.080780088182876852e-01 3.909716011033670391e-01 8.737212815498317520e-01
3.580767844373727695e-50 -1.184890469202927363e+02 9.715311829818901179e-01 9.486790866578235226e-01 4.873032938207908504e-01 7.656771282147630808e-01 7.417642908311311567e-01 2.454668306518857923e-01 9.146384799791061893e-01 2.976643521558529626e-01
3.580767844373727695e-50 -1.184890469202927363e+02 8.271330245246085733e-01 1.327869535703130044e-02 9.730715544810349948e-01 9.000715132463668056e-01 7.987852430177232455e-01 5.377986988648804090e-01 6.350634803189841859e-01 3.887392976424999258e-01
3.580767844373727695e-50 -1.184890469202927363e+02 4.441152808921907669e-01 2.737364399508988022e-01 6.468797622592007412e-01 9.892387910635148662e-01 6.791377329156100817e-01 8.135734321191598895e-01 2.274740868871752975e-01 9.978885014867341363e-01
3.580767844373727695e-50 -1.184890469202927363e+02 7.767975701950852185e-01 7.012412249718631418e-01 9.146102509188035468e-01 5.296246363543647417e-01 2.168146705467118851e-01 3.624464390020398774e-01 3.415070957195200929e-01 8.386321646509490302e-01
3.580767844373727695e-50 -1.184890469202927363e+02 4.266106751316213197e-01 1.270179540546162444e-01 2.552639163051823035e-01 5.579533161003946695e-01 8.089946965207692742e-01 1.934753309875903993e-01 6.821870632200497386e-01 5.479663283293555454e-01
3.580767844373727695e-50 -1.184890469202927363e+02 2.010974872072660569e-01 4.884240498271635866e-01 6.809815864876306302e-01 5.023651809795205425e-01 9.824225797045085251e-01 3.576717890988508897e-01 7.139584227925620530e-01 9.460761346131716376e-01
3.580767844373727695e-50 -1.184890469202927363e+02 6.770375708731339870e-01 2.181703408604659389e-01 9.741342516923962025e-01 1.295893473236240379e-01 2.655900061743839968e-01 5.682727911067562143e-01 2.264334339479410207e-01 6.033036702178343758e-01
3.580767844373727695e-50 -1.184890469202927363e+02 5.251939594733356920e-01 9.611480872459211566e-01 9.412584124082379322e-02 6.430963377316208929e-01 5.171941356073529450e-01 9.699143775031232595e-01 8.660188102572907720e-01 6.859862119850255180e-01
3.580767844373727695e-50 -1.184890469202927363e+02 6.539473174005261402e-02 6.889940681913211407e-01 5.216871350528256013e-01 8.738413612331623614e-01 3.353727206946863770e-01 3.805415829764444702e-01 2.778927085995946955e-01 8.976468895381124469e-01
3.580767844373727695e-50 -1.184890469202927363e+02 4.924332357808839378e-01 8.419247523680113421e-01 5.467835667786696829e-01 3.419573034507688014e-01 7.530816806034351663e-01 1.796081325832632469e-01 8.054160638533638394e-01 7.255747770130133167e-01
3.580767844373727695e-50 -1.184890469202927363e+02 5.799100663278564660e-01 1.438322975706137763e-01 4.994323406524978637e-01 3.420389215754723322e-01 5.928329946758925661e-01 5.056730446972466098e-01 9.206066040074417645e-01 4.100386332769114794e-01
3.580767844373727695e-50 -1.184890469202927363e+02 7.272267960195413217e-01 9.517988797544855162e-01 2.449417742137227627e-02 9.263753850165787895e-01 6.585618153583828738e-01 2.368861282171744742e-01 7.602210196777026141e-02 8.876769975537497359e-01
3.580767844373727695e-50 -1.184890469202927363e+02 1.811371505093942735e-01 4.960962663695500652e-01 3.916487130052239696e-01 2.137721739421991618e-01 9.357709750296100415e-01 6.275669934232992464e-01 6.302221842762902870e-01 6.680679768797449514e-01
3.580767844373727695e-50 -1.184890469202927363e+02 6.568067344411177011e-01 9.073390894520396710e-01 9.161628104883048351e-01 1.679983255836040579e-01 9.147669059490766141e-01 5.631602514276168314e-01 5.675924113394257287e-01 8.219788184772849338e-01
3.580767844373727695e-50 -1.184890469202927363e+02 6.503826769099707583e-01 2.352588870327922965e-01 1.085408800629814596e-01 3.534145500274080698e-01 1.355484752222657630e-02 7.625934207927855812e-01 8.393232509743261405e-01 3.645242458030267807e-01
3.580767844373727695e-50 -1.184890469202927363e+02 3.252555419927899427e-01 4.370702331327495083e-01 8.010498414563541614e-01 3.507903885681359357e-01 6.759275701438044459e-01 7.138500032865259248e-01 3.721870177191026752e-01 6.770861380070319901e-01
3.580767844373727695e-50 -1.184890469202927363e+02 9.827373743307603604e-01 1.293814906047227042e-01 5.134868141528744490e-01 2.665000449168245522e-01 6.897012910320899914e-01 9.360132630571588175e-01 2.008674849281497643e-01 4.685241137458758809e-01
3.580767844373727695e-50 -1.184890469202927363e+02 4.323294458622151115e-01 5.537714904961734685e-01 9.655608766612588933e-01 3.534962521517348577e-02 4.981015946601790034e-01 5.120504742716222024e-01 6.126031294087512791e-01 4.476095515025458882e-01
3.580767844373727695e-50 -1.184890469202927363e+02 4.502247679633197830e-02 1.841316925254242731e-01 4.757616487342959388e-01 3.023558445216328883e-01 6.984612423966585215e-02 5.108436478629035937e-01 2.423745076426471190e-01 6.488271492089601189e-01
3.580767844373727695e-50 -1.184890469202927363e+02 2.420412319861752204e-01 2.041659447771587699e-01 9.458079806634763775e-01 3.225671597482964170e-01 4.368147204678862749e-01 6.899547269820741624e-01 8.586497156043682022e-02 5.468815715361241558e-01
3.580767844373727695e-50 -1.184890469202927363e+02 3.726898577247276245e-01 9.285935887273789602e-01 5.186500074589615039e-01 8.531836911004208046e-01 8.332930517913261781e-01 1.772408549547073164e-01 8.071156792917821843e-02 5.745441546251542908e-01
3.580767844373727695e-50 -1.184890469202927363e+02 2.199574890356189583e-01 7.616634751296808004e-01 5.785576533564903423e-01 6.474921051935512706e-01 3.805985680675316729e-02 1.835270420266211788e-01 9.122336340017722645e-01 7.852196667172386402e-01
3.580767844373727695e-50 -1.184890469202927363e+02 9.371360522608167543e-01 4.177491183699606481e-01 4.931740272478655207e-01 9.553105477129254508e-01 4.968047376543132110e-01 7.050349317356844336e-01 4.185141095485744867e-02 9.868306497947637590e-01
3.580767844373727695e-50 -1.184890469202927363e+02 8.107880092206928291e-01 9.661636867381035998e-01 2.803731357667613722e-01 3.389043549293458968e-01 9.193734185740026765e-01 8.965624367625589786e-01 2.919492633932817549e-01 6.663495468125208987e-01
3.580767844373727695e-50 -1.184890469202927363e+02 4.178086896515723625e-01 9.433112144060689097e-01 3.157793208441167510e-01 3.486347703097031347e-01 8.654685297189115278e-01 1.161367448059913432e-02 6.807060825377879709e-01 5.551948802078907619e-01
3.580767844373727695e-50 -1.184890469202927363e+02 6.422809472166586264e-01 4.578029545045335658e-01 7.879820213783924610e-01 2.089610100087312405e-01 9.042178774175866351e-01 8.861975321910979808e-01 6.371372814478601931e-01 8.104338062687452826e-01
3.580767844373727695e-50 -1.184890469202927363e+02 8.557289642845534727e-01 4.345039159645088800e-01 5.482487339203886423e-01 6.301272558029706872e-01 2.103207282734740335e-01 7.153182807767838325e-01 5.697067337403027842e-02 3.965337083037039356e-01
3.580767844373727695e-50 -1.184890469202927363e+02 5.560210709146302666e-01 4.177462107405468528e-01 8.364287201578860520e-01 7.027453240156499303e-01 7.682724082520436815e-01 8.055185809525555740e-02 3.569883003788476561e-01 4.731923254521317457e-01
3.580767844373727695e-50 -1.184890469202927363e+02 3.441602145337125940e-01 8.395875462797424138e-01 7.005389243656197085e-01 2.353169522824006821e-01 8.507333637461690357e-01 8.229468358177055576e-01 5.377475441822823221e-01 7.516496619284964709e-01
3.580767844373727695e-50 -1.184890469202927363e+02 2.296181980016777091e-01 1.227691406510794669e-01 9.792611173599004015e-01 6.990274535818611357e-01 3.853064745043577322e-01 1.094311247610483262e-01 4.554864124465365371e-01 6.312782332875505054e-01
3.580767844373727695e-50 -1.184890469202927363e+02 9.447426025409708661e-01 2.331803670992342870e-01 6.359756232196568382e-01 6.716529889423794586e-01 2.928405241687999094e-01 7.277361853642594358e-01 3.350706267893466261e-03 4.608194291229202877e-01
3.580767844373727695e-50 -1.184890469202927363e+02 7.964631168987102994e-01 5.273832192515093276e-01 8.943778359174000547e-01 1.770748492470033408e-01 7.681228326285549635e-02 4.426340339777830035e-01 9.616494345791568588e-01 9.381954893808118756e-01
3.580767844373727695e-50 -1.184890469202927363e+02 8.261269206535089005e-01 1.073916192110667689e-01 3.122487868718545334e-01 4.471950062332827880e-01 9.030289884439812731e-01 8.604094724940090089e-01 5.710116837155099212e-01 6.342204186127916588e-01
3.580767844373727695e-50 -1.184890469202927363e+02 9.635415609512848478e-01 8.466396123622313974e-01 3.262494463555306590e-01 7.357879471717783115e-01 1.872183437857607435e-01 9.584501449802366180e-01 9.694430048243355413e-01 1.304800849194254209e-02
3.580767844373727695e-50 -1.184890469202927363e+02 1.356844989693242187e-01 5.217794971003806292e-01 3.405985270290949884e-01 7.097448458291690798e-01 1.008819349384150188e-01 4.824126579385408231e-01 6.147735950298671703e-01 7.248211422698922490e-01
3.580767844373727695e-50 -1.184890469202927363e+02 3.048661944924568878e-02 8.985990229242194482e-01 4.298821215077607283e-01 5.624793771434524192e-01 5.504431748740955532e-01 6.479679075235389440e-03 6.341843204969720427e-01 3.213324919843203453e-01
3.580767844373727695e-50 -1.184890469202927363e+02 7.832146362798767525e-01 7.617572603457910541e-01 4.114928171337166596e-01 1.233203895027141783e-01 7.098921659835246700e-01 6.700305701809480263e-01 8.834022490720281340e-01 4.012908135666413134e-01
3.580767844373727695e-50 -1.184890469202927363e+02 2.941692909942061895e-01 2.206826589302193220e-01 9.612652592876478330e-01 7.282773897536554131e-02 8.942593203217742426e-01 4.627387114598162654e-01 3.321513183389422919e-01 6.342415366592495385e-01
3.580767844373727695e-50 -1.184890469202927363e+02 8.543666438615318270e-01 6.826130234719438583e-01 6.869758033711133027e-01 3.756229265990284061e-01 7.202743663516033568e-01 7.349242190171288991e-01 1.780586584710700526e-01 2.794415410923357657e-01
3.580767844373727695e-50 -1.184890469202927363e+02 2.682180953738807494e-01 8.950354232049189118e-01 1.959119816728390751e-01 1.208160049150726056e-01 4.218187470759836577e-01 9.753833339111245282e-01 9.039634002803709212e-02 8.657508986645344740e-01
3.580767844373727695e-50 -1.184890469202927363e+02 6.243226145233754520e-01 8.954650072615977230e-01 2.921523898174238631e-01 5.739951842588721931e-01 3.498816474868926552e-02 1.089554674057735539e-02 7.374474793397034489e-02 5.062510923031885435e-01
3.580767844373727695e-50 -1.184890469202927363e+02 1.698319125518630290e-01 5.849152414792661014e-01 3.724285824143180879e-02 6.037123538961108871e-02 9.660106474637107921e-01 6.329846909002938560e-01 4.468466117063663035e-02 9.258261300342415234e-01
3.580767844373727695e-50 -1.184890469202927363e+02 9.162173576093746163e-01 6.536848278086740960e-01 6.856863955217784579e-02 4.792254411908166700e-01 7.915134698617388720e-01 1.823496041839891557e-01 2.076275574820740655e-02 9.262931417430831926e-01
3.580767844373727695e-50 -1.184890469202927363e+02 1.319268730602913831e-01 8.054200031029565832e-01 3.704354881952685030e-01 2.449020675231313726e-01 6.746327421769815480e-01 1.107889364329386339e-01 5.163975910944417214e-01 1.362511395731991204e-02
3.580767844373727695e-50 -1.184890469202927363e+02 2.711233723119421679e-02 7.952398144696500859e-01 3.187848760828635442e-01 7.684498297523492116e-01 7.993152632764238819e-01 4.600078591864557032e-01 7.145173063268840385e-01 4.214002469095647907e-01
3.580767844373727695e-50 -1.184890469202927363e+02 2.327228150018764152e-01 1.361030095252742100e-01 4.302469688162550154e-01 1.261933447891604443e-01 3.617093086150944270e-01 9.128926446837959396e-01 8.682466084179617516e-01 8.822629159967216861e-01
3.580767844373727695e-50 -1.184890469202927363e+02 5.662519676881657693e-01 1.701861779033327915e-01 2.871435301746548818e-01 8.897050293828202561e-01 2.878906034054754537e-01 4.535114274143114965e-02 2.958091851128157312e-01 5.335251635463610365e-01
3.580767844373727695e-50 -1.184890469202927363e+02 1.639409966656372175e-01 9.777921515288929832e-01 9.305199352000694812e-01 6.301050620640122890e-01 8.318292911931646216e-02 3.630123372162163964e-02 3.705200986145567033e-01 7.589846334325073274e-01
3.580767844373727695e-50 -1.184890469202927363e+02 6.272112470655958338e-01 2.740598612334418371e-01 5.453301349675225840e-01 6.096213389253654080e-01 9.985200748851965624e-01 8.405463775080469491e-01 9.547693446974943043e-01 6.955003215622060919e-01
3.580767844373727695e-50 -1.184890469202927363e+02 5.035064691440904738e-01 6.428733856404427183e-01 4.761168508121077503e-01 6.861168218173276934e-01 2.253539669420684399e-01 5.524679079613769028e-01 4.351999224830915836e-01 3.100288150608232485e-01
3.580767844373727695e-50 -1.184890469202927363e+02 6.012913187745266841e-01 8.555800826771564616e-02 6.834610062081303283e-01 5.486481671624411360e-01 6.490972986025810298e-01 4.542695502522831053e-01 5.889912098879903635e-01 5.740072776497421314e-01
3.580767844373727695e-50 -1.184890469202927363e+02 6.451466299075887534e-01 7.053819280800732727e-01 5.783733421561200183e-01 8.651689411824028397e-01 7.921048383386030123e-01 9.523962075177347941e-01 6.393413200409457930e-01 6.434743822191364426e-01
3.580767844373727695e-50 -1.184890469202927363e+02 4.984290810839485664e-01 4.868789598299273491e-01 8.270398778226996095e-01 5.057547211850699220e-02 7.480631368266089654e-01 8.289423869319124671e-01 5.803389542586695482e-01 6.216781059369720364e-01
3.580767844373727695e-50 -1.184890469202927363e+02 6.216202801014125701e-02 2.290402534417312896e-01 6.223869431096250571e-01 6.823629753963157407e-01 9.418448176154076146e-01 1.710846110298586131e-01 2.555492324089445599e-01 4.715006371591782264e-01
3.580767844373727695e-50 -1.184890469202927363e+02 4.800984877541287776e-01 3.513696861206666577e-01 5.969069495767165279e-01 9.086018152133781278e-01 7.807898397388747247e-01 9.259099054571278131e-01 1.364642185505713368e-01 9.804661081496801600e-03
3.580767844373727695e-50 -1.184890469202927363e+02 8.826686631572897568e-01 2.654890984469144843e-01 9.626093790392412641e-01 9.302059252168588532e-01 2.167817124207009893e-01 7.495365811010684665e-01 7.189645241685196364e-01 4.930636090930863302e-01
3.580767844373727695e-50 -1.184890469202927363e+02 1.152668010519183328e-01 4.556462130284587575e-01 4.723934139998262616e-01 9.157407049491719242e-01 7.002761529510836969e-02 9.862296968220886084e-01 3.849315131478713292e-01 8.701710292239959177e-01
3.580767844373727695e-50 -1.184890469202927363e+02 7.729225082761107535e-01 1.408743410709430988e-01 7.934745765331050471e-01 4.754862919560981505e-01 9.430655818530674361e-01 9.409461905694397332e-01 6.160861065815004256e-02 6.803761886025203598e-01
3.580767844373727695e-50 -1.184890469202927363e+02 1.145284031472266761e-01 5.630457710717675646e-01 3.013796269125124105e-02 1.251744257090502410e-01 7.314901518801996128e-01 5.782995852768869627e-01 8.952696418150252189e-01 9.951988792661603522e-01
3.580767844373727695e-50 -1.184890469202927363e+02 4.228891602307958131e-01 6.958695789249229602e-01 8.177746917240485969e-01 8.370609488074456372e-01 3.276340933060631899e-01 7.051504566240140992e-02 1.157511724118248653e-01 4.290416474444787021e-01
3.580767844373727695e-50 -1.184890469202927363e+02 6.501478353874007299e-01 7.653686635888635736e-01 1.543778531158542799e-01 9.556174287302565684e-02 4.625317846897634144e-01 9.901747994660338170e-01 8.948524509360364920e-01 9.182173086890687008e-01
3.580767844373727695e-50 -1.184890469202927363e+02 5.177069603348729565e-01 3.930512741756141404e-01 2.507021212135310817e-01 4.409900876146259918e-01 1.643448116164742956e-01 8.905643017151219087e-01 1.772073894183956444e-01 5.542513420585738482e-01
3.580767844373727695e-50 -1.184890469202927363e+02 5.912673006216445648e-01 6.455394396242342125e-01 7.661362233921714671e-01 4.957788145812458414e-02 9.077401242833579298e-01 8.457411153940546100e-01 2.864369036319625028e-01 5.714588281663167679e-01
3.580767844373727695e-50 -1.184890469202927363e+02 2.056825313213889173e-01 1.576548438122236107e-01 4.582813311947778745e-01 9.128698387709434092e-01 6.721771952248073445e-01 5.401202603286303638e-01 7.724540820088243720e-02 7.877605133803138315e-01
3.580767844373727695e-50 -1.184890469202927363e+02 2.391792874597461482e-01 9.793336657190035988e-01 9.932518532177236903e-01 7.615055114191439101e-01 8.383113150415725245e-01 2.763682143575778571e-01 6.386930101725553088e-01 8.252843478512214004e-01
3.580767844373727695e-50 -1.184890469202927363e+02 4.483981177137505991e-01 6.901039740490522156e-01 3.162567450049176276e-01 2.333931812925850169e-01 3.362689407548612452e-01 9.485834316997211468e-01 1.461642787975268032e-01 9.640844759343771830e-01
3.580767844373727695e-50 -1.184890469202927363e+02 4.141499583950889463e-01 8.666855538142756998e-01 2.664840659782558019e-01 4.910902183844658708e-01 1.446832788703561468e-01 9.612320495543729137e-01 1.101976862343179153e-02 2.591420015500078833e-02
3.580767844373727695e-50 -1.184890469202927363e+02 2.549055754320500577e-01 7.053461254780353240e-01 4.222505648742036488e-02 9.950234168035120286e-01 2.752596306211365640e-01 9.102429433630598865e-04 6.926796663797859521e-01 4.031894278330525605e-01
3.580767844373727695e-50 -1.184890469202927363e+02 7.821894766974643032e-01 8.170130032022915323e-01 4.489314991027114621e-01 7.435258546470218111e-01 8.580559602174040457e-01 2.442372642360847168e-01 1.259954011716488687e-01 7.713324442259730240e-01
3.580767844373727695e-50 -1.184890469202927363e+02 1.089282473934857220e-01 1.737942914981221998e-01 8.928330317585897458e-02 2.495823741990585987e-01 3.232685555616353623e-01 2.180144194394294521e-01 6.282478421066640673e-01 4.917451975599085312e-02
3.580767844373727695e-50 -1.184890469202927363e+02 5.237837637248770051e-01 6.373213327578897136e-01 3.550897323028184838e-01 2.514444980279775255e-01 1.926318215265455658e-01 5.133569709705085859e-01 4.419176448074680907e-01 4.090646440401379813e-01
3.580767844373727695e-50 -1.184890469202927363e+02 2.597932901721795584e-01 6.468476925954994572e-01 6.157424797028108188e-01 2.457646639978883218e-01 6.296652298139869819e-01 2.777560283736952851e-01 8.288796635781268130e-01 6.595782808793291263e-01
3.580767844373727695e-50 -1.184890469202927363e+02 4.249315785490757058e-01 6.829703222483053393e-01 5.260666516503175183e-01 2.516558734248885987e-02 5.362513745962205203e-01 8.813726346121379951e-01 2.008767339198311852e-01 4.698708334589299929e-01
3.580767844373727695e-50 -1.184890469202927363e+02 1.686288674751361683e-01 2.671951008745995226e-01 8.422350093839526819e-01 2.948049751966059784e-01 2.181691635072616764e-01 4.958617314382864905e-01 8.880613192333020045e-03 9.688409772598807201e-01
3.580767844373727695e-50 -1.184890469202927363e+02 6.882661659493538586e-02 6.808691168210571076e-01 7.628873783773800765e-01 5.548589202972139534e-01 7.324894962159734790e-01 6.846659273542238244e-01 1.679212840208056390e-01 8.888894997150842414e-03
3.580767844373727695e-50 -1.184890469202927363e+02 4.055657603444681181e-01 8.052633445533284862e-01 9.103761620484936978e-01 3.317662108388774733e-01 2.041718302756903025e-01 9.052418718015075028e-01 7.121973804044435807e-01 6.059387308620238777e-01
3.580767844373727695e-50 -1.184890469202927363e+02 1.629612882093378623e-02 7.609697144104338173e-01 5.241740202976958862e-01 6.080755721194022190e-01 5.386660782036061246e-01 4.622024060797457201e-01 7.517849999225530988e-01 8.941136586914479878e-01
3.580767844373727695e-50 -1.184890469202927363e+02 8.362435498395659472e-02 7.571989021137748299e-02 8.771277821940366426e-01 9.713005749386890431e-01 5.872375835576495451e-01 2.669232222551012335e-01 1.963110522442198524e-01 4.569290788465124598e-01
3.580767844373727695e-50 -1.184890469202927363e+02 6.550964513964863123e-01 9.366153865854222049e-01 6.646642085244798270e-01 1.462962779370206023e-01 4.408395726441173279e-01 2.677781826382068520e-01 2.852256126161061278e-01 8.574538876683082123e-01
3.580767844373727695e-50 -1.184890469202927363e+02 7.224948917033503504e-01 6.359417624027654536e-01 8.705735205993854198e-01 8.444246515601673275e-01 9.809457994653947299e-02 8.033631518869001065e-01 6.123043405365372616e-01 6.688699686137679068e-01
3.580767844373727695e-50 -1.184890469202927363e+02 1.384728643358195121e-01 2.899549716468791116e-01 1.963837694624027685e-01 4.335959746482315191e-01 7.542954582123723162e-01 5.193816473361345665e-02 7.155803430110665442e-01 5.982078417841342199e-01
3.580767844373727695e-50 -1.184890469202927363e+02 4.309849623195139978e-01 3.747691674578113030e-02 7.713434912258141374e-01 7.890848971648029009e-01 7.683435496385851993e-01 6.472432865527696366e-01 4.402563815912675649e-01 7.608331718451172287e-01
3.580767844373727695e-50 -1.184890469202927363e+02 2.153879012665569359e-01 4.725702337928688879e-01 2.207877704250682527e-03 1.830104214421601760e-01 6.739333967462401986e-03 9.376002910695904191e-01 5.181839959922800443e-01 2.296754411039492183e-03
3.580767844373727695e-50 -1.184890469202927363e+02 6.317630124922531953e-01 8.862363129004928730e-01 2.645893951506027575e-01 7.379869364655390340e-01 6.728330087626820388e-01 2.556754147977780001e-02 8.710430955222515648e-01 9.707453969865166288e-01
3.580767844373727695e-50 -1.184890469202927363e+02 8.728862826159129451e-01 9.218541722388901016e-01 2.457197148545198218e-03 7.791582067252461608e-01 3.398677450565007474e-01 3.234012905871621602e-01 9.740179280488702185e-01 8.245175356862163296e-01
3.580767844373727695e-50 -1.184890469202927363e+02 6.961227236810685337e-01 2.148987181197603569e-01 4.853134262665126375e-01 1.371514018386486011e-01 4.944405053951550499e-04 8.247019855722027559e-01 2.717220569241977079e-01 9.485793859685324181e-01
3.580767844373727695e-50 -1.184890469202927363e+02 8.527200781537960239e-01 9.825495911300444751e-01 5.564819676140208005e-01 8.053553221903601012e-01 5.840877079263178118e-01 8.670598876757469320e-01 3.954953843226722832e-01 5.753155949782684520e-01
3.580767844373727695e-50 -1.184890469202927363e+02 4.632853995253236601e-01 7.061301983522777492e-01 4.590422777021921918e-01 8.380035580052834776e-01 7.457125693458874771e-01 7.919911265002214096e-01 1.598689920983363821e-01 3.450550780241714577e-01
3.580767844373727695e-50 -1.184890469202927363e+02 9.728717637785788686e-01 9.148543096895174198e-01 1.492259025074957890e-01 4.687522614267546350e-01 6.611134382615942995e-01 2.651309959131619154e-01 8.002378542481713986e-01 9.110129190474867134e-01
3.580767844373727695e-50 -1.184890469202927363e+02 8.536260349597022401e-01 8.143731494654294911e-01 6.265765569023623582e-01 5.603369110361281491e-01 1.627825944768425126e-01 9.467903110720221616e-01 2.386728655453708159e-01 9.202014432660590160e-01
3.580767844373727695e-50 -1.184890469202927363e+02 4.091623314441783510e-02 3.018050927071411760e-01 8.121392690412981841e-01 7.873823603015625006e-01 2.847588133658494058e-01 7.890041947973027714e-01 7.865934382360438848e-01 8.035268557232566611e-01
3.580767844373727695e-50 -1.184890469202927363e+02 6.803478276450239948e-01 2.629221832977020057e-01 4.975467561762393354e-01 2.654194651931436333e-01 6.184584145129652377e-01 8.297031843082109948e-01 6.794553161833812860e-01 9.448025151333804272e-01
3.580767844373727695e-50 -1.184890469202927363e+02 8.567670687498021298e-01 9.642316455193100655e-02 4.797746706364847125e-01 6.826841824692290173e-01 2.505631698354401360e-01 3.901305760370784581e-01 1.759724584588772123e-01 7.334623821735806182e-01
3.580767844373727695e-50 -1.184890469202927363e+02 2.724112774012719118e-01 8.891468895396692496e-01 7.529794117971024825e-01 8.254225419750023107e-01 2.609068890125012530e-01 4.346856527370652756e-01 8.663182669371546352e-01 7.476728316010677888e-01
3.580767844373727695e-50 -1.184890469202927363e+02 4.140806196889637025e-01 3.747020726746782548e-01 9.627344122802854454e-01 6.352183228736899556e-01 2.808456559859248136e-01 6.429454014858995148e-01 4.909649778688993660e-01 7.803588273874345616e-01
3.580767844373727695e-50 -1.184890469202927363e+02 5.708590345200577065e-01 5.737147045538476542e-01 9.830096312524209123e-01 8.068483013330315368e-01 9.073173429338609042e-01 6.540156893717176123e-01 3.422078994728595669e-01 6.035347785153342137e-01
3.580767844373727695e-50 -1.184890469202927363e+02 6.645958330438680450e-01 1.292069477676260902e-01 2.144762735839518264e-01 9.579371030781056451e-01 1.492604363444477444e-01 8.297721957323404007e-01 9.442414293777485756e-01 3.318366697255006326e-01
3.580767844373727695e-50 -1.184890469202927363e+02 2.095283918693235936e-02 6.864688823001994233e-01 1.226612578409184140e-01 3.585829644483443657e-01 6.416549045114379179e-01 9.422544452300838369e-01 5.053147236430105549e-01 6.555625045341024748e-01
3.580767844373727695e-50 -1.184890469202927363e+02 9.202411894692210659e-01 1.746378419305596452e-01 3.136902187089252170e-02 6.803297533557157717e-01 8.123119052454291777e-01 6.974855193116571428e-01 7.112757125111387468e-01 6.901529997292753515e-01
3.580767844373727695e-50 -1.184890469202927363e+02 5.089073766653250397e-01 5.332423351136936773e-01 3.554224772931741105e-01 8.783325890229752853e-01 9.614316042161142883e-01 8.953126813975412768e-01 1.365284807648591281e-01 9.615119325291524577e-01
3.580767844373727695e-50 -1.184890469202927363e+02 6.070142689797675128e-02 2.312723890443711960e-01 2.075642386899057001e-01 2.905259416158767483e-02 9.394454805810448228e-01 2.003218259810032320e-01 6.849038824331863395e-01 9.128319520846658319e-01
3.580767844373727695e-50 -1.184890469202927363e+02 5.723542952082072421e-02 4.324678898428495621e-01 2.953383416639320247e-01 4.981680052880754772e-02 2.739792160940177634e-01 8.421606448103803322e-01 9.598339013128168729e-01 4.219084624381994608e-01
3.580767844373727695e-50 -1.184890469202927363e+02 1.583970140568901064e-01 7.519050669765751094e-01 9.839679896309957430e-01 5.199278018834851967e-02 7.089539304647898277e-01 2.906822307743696099e-01 7.950830263237961271e-01 9.077416915896557859e-01
3.580767844373727695e-50 -1.184890469202927363e+02 7.049153880169214403e-01 3.722429734414702818e-01 4.234623825516952156e-01 8.596589828459910709e-01 9.404795500833995625e-01 4.365672604254222655e-02 3.605632446767459420e-01 9.068149514046703885e-01
3.580767844373727695e-50 -1.184890469202927363e+02 4.184752558195866667e-01 8.990874392306705820e-01 4.597127852052040886e-01 8.378043764692122419e-02 1.116560907547308190e-01 5.941675560974956083e-01 2.644346134064635701e-01 7.591905817310107274e-01
3.580767844373727695e-50 -1.184890469202927363e+02 3.507025003756607529e-01 1.821814985758254402e-01 5.271823334207355050e-01 4.637074477279501394e-01 5.919279140107055470e-01 5.337060999325303756e-01 9.664852331759432591e-01 4.855361957338742984e-01
3.580767844373727695e-50 -1.184890469202927363e+02 4.503619324319523276e-01 5.840210517053157080e-02 8.558697733763345195e-01 3.480045150028350243e-01 7.670964980966490376e-01 5.893321557287299894e-01 1.056320787079745305e-02 7.339767362377623838e-01
3.580767844373727695e-50 -1.184890469202927363e+02 5.186622553036008831e-01 1.095329105818516613e-01 8.598506218754325969e-01 3.142167042863343029e-01 4.539170379469901206e-01 7.393340409685439374e-01 7.191918595366113554e-01 3.202422991428679477e-01
3.580767844373727695e-50 -1.184890469202927363e+02 9.846310259675057353e-01 3.000192630665639015e-01 7.086848251812847277e-01 8.728761058298291076e-01 4.462134652438787263e-01 9.939208195183458772e-01 3.977781456438023167e-01 9.277270042816166962e-01
3.580767844373727695e-50 -1.184890469202927363e+02 8.048885305876876117e-01 2.354158012777843867e-01 8.766007473509137560e-01 5.264086133236269838e-01 7.386714801120155549e-01 4.350228919000308503e-01 7.431092953736198048e-01 4.067640257272399085e-01
3.580767844373727695e-50 -1.184890469202927363e+02 3.280574226662564818e-01 9.482749680834687833e-01 5.781188533514538541e-01 6.616004600786620227e-01 7.638013705962022337e-01 8.431117577407367669e-01 2.024692152080080909e-01 6.944771359490767848e-01
3.580767844373727695e-50 -1.184890469202927363e+02 4.412784624443325532e-01 3.442418055112999031e-01 3.381362939495480280e-02 8.527919290369835315e-01 5.084769556617029229e-01 9.433298760724463383e-01 8.092704737817274507e-01 5.443390022679760465e-01
3.580767844373727695e-50 -1.184890469202927363e+02 4.950725489770528842e-01 6.263700804121035137e-01 4.738317831576485117e-01 9.454326498135956491e-02 7.640519060533774720e-01 2.797111830441809666e-01 6.760446950907690322e-01 7.989884813150486265e-01
3.580767844373727695e-50 -1.184890469202927363e+02 2.442440221034073433e-01 5.529165751059639256e-02 2.771920490934216552e-01 3.387147175749409822e-01 2.650788442222129504e-01 8.784714831054746265e-01 9.506852202063882373e-01 7.934438759844003597e-01
3.580767844373727695e-50 -1.184890469202927363e+02 4.681316959461195859e-01 5.345067005256270987e-01 7.806255444463183757e-02 2.172877326359432537e-01 7.522400490939813444e-01 4.146544459358636470e-01 2.313059982273015791e-01 8.435859121977061781e-01
3.580767844373727695e-50 -1.184890469202927363e+02 9.604397234818031759e-01 9.590692734388254204e-01 2.036548267663838008e-01 4.320430448179682914e-01 2.911581430337012444e-01 7.084388390608034047e-01 8.389124817695764458e-01 5.496484421717874325e-01
3.580767844373727695e-50 -1.184890469202927363e+02 7.524440873395410456e-02 4.516357526019197932e-01 7.619604142419645898e-01 5.084125600674012091e-01 1.235961186072842555e-01 9.419784953734213762e-01 3.089926639899189809e-01 6.740340664257454817e-01
3.580767844373727695e-50 -1.184890469202927363e+02 2.485074664358001284e-01 6.354286120367247381e-02 4.148667010975897185e-01 9.084013746299260950e-01 4.564597290729787149e-01 2.364659995697170336e-01 5.261355553869279111e-01 9.230005412593847991e-01
3.580767844373727695e-50 -1.184890469202927363e+02 1.742609978460423203e-01 3.691670597462507475e-01 5.706082594222885440e-01 7.955710241515910885e-01 1.942188079914816123e-01 9.078333464868946212e-01 1.243807594860274479e-01 2.723420246788943455e-02
3.580767844373727695e-50 -1.184890469202927363e+02 6.591794582845513784e-01 9.237772349769619584e-01 3.359612149068540443e-01 8.155746997543270593e-01 7.912109903562556390e-01 7.726691656463225977e-01 8.746930065988112180e-01 7.943458497023172526e-01
3.580767844373727695e-50 -1.184890469202927363e+02 6.814530106622650463e-01 8.309076776722121860e-01 3.853275022761073476e-01 9.721951234626104998e-01 3.933508538108508867e-01 1.077046910241273858e-01 2.008587636319709713e-01 3.545735415418507230e-01
3.580767844373727695e-50 -1.184890469202927363e+02 6.948932493005388622e-01 7.531412400268723273e-01 1.934519115553285928e-01 7.531329286520560551e-03 7.864961370479383040e-01 3.859081120322155334e-01 3.705106451715151072e-01 6.935732783893782116e-01
3.580767844373727695e-50 -1.184890469202927363e+02 8.280094732523111123e-01 6.405456228627758319e-01 9.129904234730382706e-01 7.924059138946933922e-01 7.269940340953767732e-01 2.066992515784485951e-01 1.734606540097813898e-01 3.968101825452112763e-01
3.580767844373727695e-50 -1.184890469202927363e+02 3.984667731923378087e-01 9.786711013487529032e-01 8.595492167272889006e-02 6.721930267346475363e-01 1.187874626947613699e-01 8.393413127071662760e-01 6.321707382971700762e-01 4.536390802360801278e-01
3.580767844373727695e-50 -1.184890469202927363e+02 1.919492783413925263e-01 9.387231290046723631e-01 5.972761711785689043e-01 8.390027024194831595e-01 5.926781463781819470e-01 5.188970324283433966e-01 3.803973571413017396e-01 9.612008256933508576e-01
3.580767844373727695e-50 -1.184890469202927363e+02 5.397196145381975008e-01 1.583359807876274505e-01 1.032759919782786362e-01 1.966438002294439436e-01 7.209639837872078294e-01 9.322298292001500730e-01 9.589475343842547295e-01 4.752948071543616759e-01
3.580767844373727695e-50 -1.184890469202927363e+02 4.346538009110681999e-01 5.693291838756202594e-01 5.372828188539597871e-01 4.275017197395523105e-01 3.398836692497081424e-01 2.379160740579771005e-01 1.512174486326820499e-01 1.419823762686833746e-02
3.580767844373727695e-50 -1.184890469202927363e+02 7.508129993829981697e-01 1.050004336688424855e-01 4.482614158537993054e-01 5.148332115435079182e-01 2.066867166330613736e-01 3.290712983279439063e-01 4.246586757147335911e-01 8.064938678268356309e-01
3.580767844373727695e-50 -1.184890469202927363e+02 4.669123350341698453e-01 8.419098126550567107e-01 9.684191242610833417e-01 7.615076894088115278e-01 4.184005444923201145e-01 7.340403421388119742e-02 6.707795224540347157e-03 6.766663218490170939e-01
3.580767844373727695e-50 -1.184890469202927363e+02 2.988245584383711906e-01 9.113994808850440776e-01 7.005637891895618585e-01 6.344610272243799143e-01 9.819728373533428423e-01 7.865580898441515423e-02 6.396937126855328781e-02 5.331127139898171885e-01
3.580767844373727695e-50 -1.184890469202927363e+02 4.179424739183987825e-01 3.005087018705909774e-01 9.748736729964436742e-01 3.337312865460311251e-01 3.055882212074572113e-01 2.011186734553807032e-01 8.903438243524655071e-01 8.146248077661784048e-01
3.580767844373727695e-50 -1.184890469202927363e+02 7.354899425426553172e-03 3.229443566733545268e-01 3.566804773651577332e-01 1.743493012983102775e-01 7.205613371801322664e-01 7.504287506747860936e-01 3.115343446200447008e-02 6.023171636943460694e-01
3.580767844373727695e-50 -1.184890469202927363e+02 7.658345425795194394e-01 6.155997552781942161e-01 4.347917218879726597e-01 1.728385448314159190e-01 6.863371746799595829e-02 8.181532273648978171e-01 7.445087005727578644e-01 9.576372846929825933e-01
3.580767844373727695e-50 -1.184890469202927363e+02 3.864701932709054821e-01 6.449209927926833341e-01 8.404565842416356070e-01 3.716045965871034307e-01 8.812019079809163546e-02 5.104156876338598048e-01 7.271309711774608386e-01 8.245347966417901908e-01
3.580767844373727695e-50 -1.184890469202927363e+02 8.117876377094642715e-01 7.485474859786142021e-01 5.327715321671765425e-01 3.976431551775427842e-02 1.355660414635696531e-01 7.533414899924814057e-01 2.900456738895723641e-01 5.605068146711014165e-01
3.580767844373727695e-50 -1.184890469202927363e+02 3.983055341128772797e-01 5.316053245323213439e-01 1.454956874359305541e-01 5.158306162961768804e-01 4.753853165121096902e-01 3.391926498607183982e-01 4.819008101145070277e-01 7.939988491345425503e-01
3.580767844373727695e-50 -1.184890469202927363e+02 5.724874108646519355e-01 1.710754408172743268e-02 3.576402217957462826e-01 2.650897448253601851e-01 4.287113173840993996e-01 8.578952722944819254e-01 5.039092866489472966e-01 3.463921605273431181e-01
3.580767844373727695e-50 -1.184890469202927363e+02 1.271504019741482860e-01 4.238415257062324581e-01 5.781104750258287961e-01 8.532767706059886104e-01 7.206068041471873631e-01 7.531014311116547288e-01 6.125518606610980132e-02 4.221749254690735365e-01
3.580767844373727695e-50 -1.184890469202927363e+02 3.601270044283355620e-02 2.618126070095172508e-01 3.266060354491028273e-01 8.804799171707555772e-01 3.821678451050311009e-01 3.679531999524929820e-01 2.851474112923241266e-01 8.631171548748285405e-01
3.580767844373727695e-50 -1.184890469202927363e+02 8.045107786067442479e-01 3.460505614295199539e-01 5.117757265056065430e-01 2.183503310806322872e-01 3.106149981446639785e-01 9.756638287900806228e-01 4.934369687338797661e-01 6.306902554969817665e-01
3.580767844373727695e-50 -1.184890469202927363e+02 2.516498785734135879e-01 2.900095523983572399e-01 7.011128634598724485e-01 3.121337343828856081e-01 1.542008403188438459e-01 1.312152298884673440e-01 2.913979810054866393e-01 2.939178322496827089e-02
3.580767844373727695e-50 -1.184890469202927363e+02 8.404304733209370104e-01 2.282219613860051455e-01 6.388790948779321521e-02 1.714133862760931493e-01 8.354145648406754443e-01 3.932915640021178438e-01 8.127606916978699081e-01 5.649623677159334445e-01
3.580767844373727695e-50 -1.184890469202927363e+02 9.731964040075544720e-01 3.719967559652300748e-01 8.368042390455402435e-01 1.327265874717723504e-01 3.632736405573444571e-02 1.019272902396990421e-01 1.079746965076042731e-01 5.379367683108737808e-01
3.580767844373727695e-50 -1.184890469202927363e+02 2.578014208330485779e-01 6.663547093609493155e-01 1.142554600347465144e-01 5.590147211368406976e-01 2.902409091637765393e-01 2.996253381484030864e-01 6.131816605650680652e-01 8.313750975836867729e-01
3.580767844373727695e-50 -1.184890469202927363e+02 2.554996022193997129e-01 5.498135548540945550e-01 9.016691506166902847e-01 1.178529192210364673e-01 1.441969233043116638e-02 5.932008158469213033e-01 5.698429849264911029e-01 7.474338435212544152e-01
3.580767844373727695e-50 -1.184890469202927363e+02 9.487547105801866776e-01 2.197293422153721032e-01 2.268448111736165451e-02 3.219093035080184961e-01 2.042799030487795209e-01 5.824365327956704252e-01 2.171666025591423299e-01 9.821665932096652618e-01
3.580767844373727695e-50 -1.184890469202927363e+02 7.604599651765997503e-01 9.585719812636073200e-02 6.110472782609458475e-01 3.126668470213243012e-01 6.325764932704520671e-01 9.957209806909810279e-01 5.256925794879098168e-01 8.417048529358266418e-01
3.580767844373727695e-50 -1.184890469202927363e+02 2.086902867517441695e-01 1.593936300921406923e-01 1.855960855371229234e-01 9.786930785726615234e-01 8.873457398910844507e-01 5.099635060753678895e-01 4.983405466749050161e-01 4.293495956290513949e-01
3.580767844373727695e-50 -1.184890469202927363e+02 3.127925859543445597e-01 8.303371481601968807e-01 1.976364628534907908e-01 7.005466806716512673e-01 8.393659872328761429e-01 9.297117208396710186e-02 5.721625613385064035e-01 5.307520053967240692e-01
3.580767844373727695e-50 -1.184890469202927363e+02 5.869421369242845410e-01 5.905268297575163583e-01 3.781940482140376814e-01 9.958676121813289095e-01 3.250889822580215194e-01 1.971086754355212411e-01 9.660904740343521091e-01 7.404220736966592442e-01
3.580767844373727695e-50 -1.184890469202927363e+02 8.607536573438822058e-01 3.665680902615073844e-01 1.633788712893518014e-01 3.665454521144687616e-01 7.717280223710690779e-01 9.983222086405898477e-01 8.757727569147547575e-01 6.625259264158587236e-01
3.580767844373727695e-50 -1.184890469202927363e+02 7.682113572120852218e-01 3.541551124276652862e-01 2.976574420267954491e-01 4.762346247923495701e-01 3.864622017750323213e-01 7.928839141093634302e-01 2.076736454812529997e-01 4.817482539158342014e-01
3.580767844373727695e-50 -1.184890469202927363e+02 1.243160006950346785e-01 2.462732501028908061e-01 2.753381715856652034e-01 6.061745910772782242e-01 2.499342685887966375e-01 4.891864630004922887e-01 5.251619824464591746e-01 7.038528535257673191e-01
3.580767844373727695e-50 -1.184890469202927363e+02 3.402086261564584158e-01 4.522695607636278980e-01 6.327152247770240212e-02 6.805902127796126244e-01 2.203313325883042850e-01 4.317922392054758252e-01 4.756920472111558773e-02 4.469769922488658898e-01
3.580767844373727695e-50 -1.184890469202927363e+02 9.221229455949150333e-01 9.154095793877152776e-01 9.476165458634076000e-01 7.348751441825153163e-01 8.616951817262942237e-01 5.506504178321079968e-01 6.973746285983785098e-01 4.053848318930978190e-01
3.580767844373727695e-50 -1.184890469202927363e+02 4.664883002734101503e-01 8.384147423795382803e-01 6.417795651094915232e-02 6.309047212855189990e-01 9.328185685263391536e-01 3.022299890361866970e-01 1.334185584290715765e-01 7.913523694795920882e-01
3.580767844373727695e-50 -1.184890469202927363e+02 5.579329027923882744e-01 9.374953927947333732e-01 6.613110937996113936e-01 1.763061549699290742e-01 4.538981524010600177e-01 5.142530098128760274e-01 5.615031823996423643e-01 4.575178459986667390e-01
3.580767844373727695e-50 -1.184890469202927363e+02 2.983111025180255060e-01 5.640552878550180171e-01 1.601286940042997431e-01 7.640839257949144647e-01 2.901408788858172993e-02 8.445698149419778034e-02 6.086766829991135941e-01 6.848694877147167848e-01
3.580767844373727695e-50 -1.184890469202927363e+02 1.243698715296425172e-01 6.298960962614444936e-01 2.472875118607869016e-01 2.575949244902276947e-01 7.826184594110832116e-01 9.137643635093165573e-01 3.860783648557005732e-01 8.134081931948662358e-01
3.580767844373727695e-50 -1.184890469202927363e+02 9.760418747859882505e-01 8.537049855718881197e-01 8.111603023727845807e-01 9.110812527682085049e-01 6.986838198011094958e-01 3.598686295953457126e-01 2.048656946083537989e-02 8.106683529695634105e-01
3.580767844373727695e-50 -1.184890469202927363e+02 3.843063189200269791e-01 4.873816130151350512e-01 2.838317120534544769e-01 8.798743962224018222e-01 7.481361879756691646e-01 8.683011595232306146e-01 2.918156584004838461e-01 8.926561150725794702e-01
3.580767844373727695e-50 -1.184890469202927363e+02 7.730183353936681545e-01 2.350534890126432241e-02 3.710009745934592651e-01 7.120548989348242097e-01 4.162321787671695583e-01 5.519210304220726337e-01 1.158120617940390229e-01 9.953523521779514827e-01
3.580767844373727695e-50 -1.184890469202927363e+02 9.429695266222900552e-01 8.958871096318036242e-01 3.085591102327741586e-01 6.876123837787974091e-01 7.559080725685609625e-01 3.286995548975212289e-01 1.401156448231946072e-01 4.801903422914155506e-01
3.580767844373727695e-50 -1.184890469202927363e+02 3.064579555726316684e-01 1.714516287657830151e-01 4.149178357672164141e-01 9.863367025101732466e-02 1.025912822705089544e-01 5.917347864117497025e-01 5.966488714899376156e-02 6.672482873518855717e-01
3.580767844373727695e-50 -1.184890469202927363e+02 5.661771691482253566e-02 6.241357632866725291e-01 4.540464325014004210e-02 5.967192618290007022e-02 7.421142904552121555e-01 7.326914486200659660e-01 3.003389728156956595e-01 5.957206951447879817e-02
3.580767844373727695e-50 -1.184890469202927363e+02 4.968735222098132898e-01 8.209707494976530295e-01 3.382722854155493231e-01 8.564326074492406571e-01 6.979386442344761576e-01 1.194970619792480315e-01 3.850487231970545210e-01 6.401545398715368096e-01
3.580767844373727695e-50 -1.184890469202927363e+02 7.123681848964412699e-01 7.719862472583693958e-02 3.218601912957185229e-01 5.979614944278567323e-01 9.077270405426163258e-03 3.402508230030214520e-01 8.570111641930528990e-01 5.007129349359391579e-01
3.580767844373727695e-50 -1.184890469202927363e+02 1.666191276722011061e-01 8.572351322468345636e-01 2.878077229735015452e-01 4.546275225137887954e-01 1.459031361091021051e-01 2.800300487967202212e-01 8.837917904468027830e-01 5.675130405492271324e-01
3.580767844373727695e-50 -1.184890469202927363e+02 8.810531028687307309e-02 9.307267272026649163e-01 8.408017319716446503e-01 8.864309679872011127e-01 4.919102574509793824e-01 4.195595563481814283e-01 5.157344720048836484e-01 7.725415853036040614e-01
3.580767844373727695e-50 -1.184890469202927363e+02 5.744463928909543382e-01 9.725475934621330421e-01 2.412483481491158877e-01 1.337237952499542581e-01 9.106732223005834514e-01 3.476672381064638273e-03 4.125651368304038558e-01 3.165509867143777578e-01
3.580767844373727695e-50 -1.184890469202927363e+02 9.792641477947998663e-01 4.038848784500926881e-01 1.435538097625377318e-02 1.459317959946733190e-01 6.473783790191453003e-01 9.972123723073018642e-01 8.522230605762151079e-01 8.554953941788452365e-01
3.580767844373727695e-50 -1.184890469202927363e+02 8.236433303710322118e-01 3.813184611753188680e-01 3.169412091772039197e-01 3.105200907871737970e-01 4.998713739763415154e-01 6.843457206163748863e-01 1.946738126979645767e-01 7.190110059150419675e-01
3.580767844373727695e-50 -1.184890469202927363e+02 7.479802162524159526e-01 9.210750112291943292e-02 2.289097495153592510e-01 4.802104610058685052e-01 2.934232944395618325e-01 9.050932105004316774e-02 5.142636219401550690e-01 9.796245139716499573e-01
3.580767844373727695e-50 -1.184890469202927363e+02 6.403300819338082484e-01 6.137069592878637847e-01 8.040859544555328808e-01 7.315559887304667885e-02 7.641519479507785650e-01 4.898787278040629412e-01 5.315985813037249486e-02 5.870498757536146694e-01
3.580767844373727695e-50 -1.184890469202927363e+02 4.836102441125411655e-01 7.281381839142325729e-01 4.817811078708686967e-01 5.916147948627895614e-01 9.862833280571525751e-02 8.687258309115343247e-01 1.126663959083825661e-01 9.865442863865774292e-01
3.580767844373727695e-50 -1.184890469202927363e+02 3.493625310517447513e-01 6.244082910947462706e-01 1.854328759137765514e-01 1.646005405363472063e-01 7.038560551529131626e-01 2.469422427226214412e-01 6.549033287598733377e-01 6.816377449719580595e-01
3.580767844373727695e-50 -1.184890469202927363e+02 1.733097119631251681e-01 6.788139296018149693e-01 2.589125994244605433e-01 3.385639500990225148e-01 2.411579679241941943e-01 9.841115908259375766e-01 3.124551875244844235e-01 7.840075983173155905e-03
3.580767844373727695e-50 -1.184890469202927363e+02 3.283545240173902924e-01 8.825167852276194491e-01 3.556215898377312890e-01 8.235173424329842451e-01 4.712892882481631851e-01 7.509220124898934312e-01 3.920581988390884343e-01 6.859556324067345168e-01
3.580767844373727695e-50 -1.184890469202927363e+02 8.686909742716861782e-01 7.380368799902609078e-01 1.392878343279096987e-01 2.588075176659190291e-01 4.987418839454170749e-01 1.701314152815132097e-01 6.343497297921059097e-01 3.449214219523211167e-01
3.580767844373727695e-50 -1.184890469202927363e+02 1.591756425402087727e-01 9.539474370862132124e-01 9.794980553169954085e-01 1.335295425603634234e-01 4.439577808516659285e-01 7.919499917610575146e-01 9.064749289864800774e-01 9.884262591350996274e-01
3.580767844373727695e-50 -1.184890469202927363e+02 8.955518639834358918e-02 1.378330251898675085e-01 8.442488947133085508e-01 3.463343928107006642e-01 5.958392127428273621e-01 9.693355806186738644e-01 7.294125647108659072e-01 4.599676591605832421e-01
3.580767844373727695e-50 -1.184890469202927363e+02 1.636739718358581896e-02 8.814830715695787244e-02 5.608110864004560714e-01 5.975440467156989399e-02 5.636956923524482077e-01 2.512593705391663601e-02 1.277039821493086702e-01 3.776717202757476910e-01
3.580767844373727695e-50 -1.184890469202927363e+02 4.346663710447312701e-01 3.380560915298073121e-01 1.736744351660612917e-02 9.551548556428022252e-01 7.613547280070912526e-01 7.902792239759864890e-01 2.466547500639441060e-01 5.500542780681640931e-01
3.580767844373727695e-50 -1.184890469202927363e+02 7.706589154679750475e-01 3.695955387623905963e-02 7.672825084333653178e-01 6.800352393582178578e-01 7.977281473156494496e-02 5.013835836203204277e-01 8.287720130257707485e-01 6.369962174606331740e-01
3.580767844373727695e-50 -1.184890469202927363e+02 5.195365592765119889e-01 8.696439359904772903e-02 2.257476672957283714e-01 5.470890285469945935e-01 6.172309251271109742e-01 4.946612924846183201e-01 1.735265589472404502e-01 5.721890502431606906e-01
3.580767844373727695e-50 -1.184890469202927363e+02 8.399611036767204997e-01 7.082195988714450330e-01 4.941046437686003046e-01 5.176120730469739861e-01 3.862146198743873216e-01 5.041879643827841262e-01 5.828337571526591709e-01 4.591914512980778129e-01
3.580767844373727695e-50 -1.184890469202927363e+02 7.754007887803651133e-01 9.744198514211814821e-01 8.063798104910552267e-01 9.917004648293514801e-01 9.271204615153505468e-01 2.056051243468547396e-01 1.041839272437796726e-01 9.515522463629074723e-01
3.580767844373727695e-50 -1.184890469202927363e+02 2.111020491143238420e-01 8.686515778417087663e-01 2.957617008748937293e-01 6.474555599046522003e-01 4.523208317591012051e-01 9.335081873175696821e-01 6.222261709030758592e-01 3.875405926892694364e-02
3.580767844373727695e-50 -1.184890469202927363e+02 7.882670098402000392e-01 7.204079455339426064e-01 6.602547705113923637e-01 2.494258514213840705e-01 8.590675074847051729e-01 4.474213290292092804e-01 1.974201336872168921e-01 4.304833985989947598e-01
3.580767844373727695e-50 -1.184890469202927363e+02 8.558658769601651395e-01 9.310551428833793164e-01 9.731598728839148116e-01 1.449276848022381659e-01 4.580704958153420936e-01 6.389186080003698143e-01 2.243706996517147445e-01 9.925129354778197133e-01
3.580767844373727695e-50 -1.184890469202927363e+02 2.099399234134047276e-02 4.406414084898524486e-01 8.352086002991756519e-01 2.741354675151441711e-02 4.049972041402138956e-01 7.629918222352363166e-01 2.940986143578723233e-01 4.609623212911674317e-01
3.580767844373727695e-50 -1.184890469202927363e+02 4.356705982361329665e-01 5.327254929446979537e-01 1.182589398207174458e-01 7.559915739404301505e-01 1.771601269452793836e-01 8.009788026635579206e-01 5.769655052284980989e-01 6.560321827197289624e-01
3.580767844373727695e-50 -1.184890469202927363e+02 9.293047041841484557e-02 3.064990452958472611e-01 4.738006581467925082e-01 2.384053576957572140e-01 2.744593009333697875e-01 8.976688084016489766e-01 1.006939736054185408e-01 7.327645566679543698e-01
3.580767844373727695e-50 -1.184890469202927363e+02 8.537844213122741666e-01 1.339119115696205675e-01 6.763730376383856324e-01 1.224942673628056644e-01 7.172357598111186450e-01 8.302541689642395362e-01 6.909576973193122251e-01 8.424319135618095755e-01
3.580767844373727695e-50 -1.184890469202927363e+02 2.316342336001736557e-01 8.955534601620405155e-01 2.665589205818780227e-01 5.064934631326476477e-01 6.850768566363372170e-01 6.421867825193628976e-01 2.481433713441810740e-01 8.990428758761550565e-01
3.580767844373727695e-50 -1.184890469202927363e+02 2.685815984231250120e-01 5.791875386534209857e-01 4.188810346740945434e-01 8.012456966856995599e-02 4.936182494178210645e-01 4.751842463974390585e-01 8.659744162174007887e-01 5.498097889146494888e-01
3.580767844373727695e-50 -1.184890469202927363e+02 3.924107055287034962e-01 2.449208621641087991e-01 2.916709904960235189e-01 2.198275992733271789e-01 1.660287377579606760e-01 9.374282057759781850e-01 7.163910738414256407e-01 9.930752637724541421e-01
3.580767844373727695e-50 -1.184890469202927363e+02 9.964822774372269487e-01 4.684788282677819771e-01 1.845532438910192363e-01 7.575392620092239460e-01 8.312119304864263869e-01 3.395804836849012354e-01 8.470211293442356792e-01 8.271837382442238651e-01
3.580767844373727695e-50 -1.184890469202927363e+02 7.017174296544357315e-01 7.646431674531786182e-01 4.557463689718265210e-01 9.606917477337125755e-01 4.055876594588151418e-01 7.188753555777671611e-02 4.414338858734648818e-01 8.942913808513454077e-01
3.580767844373727695e-50 -1.184890469202927363e+02 4.047046088843830880e-02 2.574884867182447579e-01 2.070136939218981675e-01 7.062648214202800201e-01 5.148037117638619709e-01 1.016004258064816534e-01 9.355898544624894342e-01 4.962680757315148794e-01
3.580767844373727695e-50 -1.184890469202927363e+02 7.273467691790835854e-02 1.631075054528170476e-01 8.397589286925158936e-01 1.925005004811036757e-01 8.269188912206075770e-01 7.024087763894678593e-01 6.053767710609170294e-02 3.576538342280184413e-01
3.580767844373727695e-50 -1.184890469202927363e+02 5.932154628930511597e-01 4.526630765386812083e-01 2.605812659383165419e-01 5.379617539707308715e-01 5.694689797622850547e-01 9.970967600879626636e-01 4.076509939025089180e-01 9.393183147666533950e-01
3.580767844373727695e-50 -1.184890469202927363e+02 3.445050295586932210e-01 3.485193389472724945e-01 2.073127406006974871e-01 6.648109593906024184e-01 1.058832698463151312e-01 4.058093022001154626e-01 3.767432865939885911e-01 3.572632239320676639e-01
3.580767844373727695e-50 -1.184890469202927363e+02 2.569932477932858061e-01 1.058217097283398189e-02 7.774163419599393610e-01 5.665314865305093317e-02 9.769636826151451015e-02 9.975666543370805828e-01 1.990149852352353088e-01 6.786632488530236484e-01
3.580767844373727695e-50 -1.184890469202927363e+02 9.406975175673667477e-01 6.782825399435311597e-01 5.371170655336627853e-01 1.057869623092141387e-01 5.010471643778292572e-01 2.883202435805729547e-01 6.052914953966760381e-01 4.389508372267098002e-01
3.580767844373727695e-50 -1.184890469202927363e+02 7.573536280301633727e-01 8.787095973928441550e-01 8.698262242248887555e-01 3.916501362035046396e-01 6.393710319840132383e-01 4.785483102077108253e-01 1.459255040382321233e-01 7.896345628740311096e-01
3.580767844373727695e-50 -1.184890469202927363e+02 1.936994772221098948e-01 4.627303548898074048e-01 8.280243261284429002e-01 6.385363156910337512e-01 4.319553852494626422e-01 5.615702420308981146e-01 5.699722775386681928e-01 3.931528113211761877e-01
3.580767844373727695e-50 -1.184890469202927363e+02 8.242374849108574653e-01 3.285498735163600026e-01 8.151715886549303347e-01 7.029306218550657182e-01 6.289323130043081855e-01 9.514624908577826723e-01 7.324369184182034642e-01 3.202855504700948819e-01
3.580767844373727695e-50 -1.184890469202927363e+02 2.873339866343876947e-01 1.965996035890129612e-01 4.343134520251471509e-01 4.510509032788978523e-02 5.258460607889529070e-01 2.561474876386455879e-01 5.624323500148928900e-01 3.328784343433930371e-01
3.580767844373727695e-50 -1.184890469202927363e+02 8.545831519107549568e-01 6.662501347874508761e-01 2.755403617049421161e-01 5.233181557111821203e-02 8.979919648662559872e-01 7.845547203339912068e-01 2.095197380967195322e-03 3.969970348107838554e-01
3.580767844373727695e-50 -1.184890469202927363e+02 5.569649937772199744e-01 6.617984312692626325e-02 9.789066975744814547e-01 9.805048407976764135e-01 8.224479648020561751e-01 8.598133339448047474e-01 4.636005913227159159e-01 8.199898189918439773e-01
3.580767844373727695e-50 -1.184890469202927363e+02 3.971913224594227909e-01 4.742016221010330046e-01 7.690004044516258741e-01 8.432389001492798242e-01 6.573779535598897050e-01 2.956982525483776714e-01 7.805629875708716137e-01 3.682419924915195653e-01
3.580767844373727695e-50 -1.184890469202927363e+02 1.860543074393931073e-01 9.072432167658943669e-01 2.641333567850059350e-01 8.977313180271030424e-01 7.768973298028609697e-01 6.586052105302898640e-01 8.817111474728411835e-03 5.626280690620192315e-01
3.580767844373727695e-50 -1.184890469202927363e+02 1.449262814170771962e-01 9.203911481065210065e-01 9.330978720776025304e-01 4.930013897177099036e-02 2.987433730107466046e-01 5.902549090106492535e-01 2.360502097145880107e-01 4.994530575235561765e-01
3.580767844373727695e-50 -1.184890469202927363e+02 2.099415212693902522e-01 6.239176475819361301e-01 1.907656429683989296e-01 6.864951000303084472e-01 1.773968275267309158e-01 2.830558233454566475e-01 8.393498917554566008e-01 6.305309365178689562e-01
3.580767844373727695e-50 -1.184890469202927363e+02 9.704417516194651094e-01 8.477168891408577434e-01 4.707258105402634119e-02 7.382588743155312772e-01 3.376970530739955567e-01 3.010994842894407775e-01 7.399089888353488353e-01 2.971491057232308330e-01
3.580767844373727695e-50 -1.184890469202927363e+02 2.597995856024171157e-01 7.305039486990319020e-01 6.387394095025288321e-01 2.600915346312281384e-01 7.103597208376986050e-01 5.131390268629023588e-01 1.985381145156782656e-01 3.577551721067944168e-01
3.580767844373727695e-50 -1.184890469202927363e+02 7.169161556972455385e-01 7.569053840036044090e-02 5.004078068048569694e-01 1.376031037924371203e-01 2.556550112549016429e-01 9.807087117380529628e-01 1.864399443933479894e-01 6.129850536917429427e-01
3.580767844373727695e-50 -1.184890469202927363e+02 1.081705553220051463e-01 5.498275550859524907e-01 8.111542359014404235e-01 4.588271178589071742e-01 7.667970257007067358e-01 2.347999987327625826e-01 5.881929615422536450e-01 3.836537014921597155e-01
3.580767844373727695e-50 -1.184890469202927363e+02 9.552862230925014408e-01 1.690462197257525112e-02 1.011499299098572724e-02 7.703408977938565050e-01 9.218103669172292847e-01 2.815249400639668886e-01 3.427076902905319411e-01 6.870223926657208491e-01
3.580767844373727695e-50 -1.184890469202927363e+02 8.654281933503282787e-02 3.936461484964619562e-01 9.361920810670177895e-01 2.425413164932187504e-01 3.475495478466772425e-02 2.940353230225634107e-01 1.613216183163893591e-01 8.369785923832339103e-01
3.580767844373727695e-50 -1.184890469202927363e+02 1.482841005261583689e-01 6.581796577324035002e-01 2.043397971271363467e-01 4.998477182561379406e-01 7.474214989959130362e-01 5.840301930726754520e-01 9.563638684651708521e-01 7.186046843859441591e-01
3.580767844373727695e-50 -1.184890469202927363e+02 1.248441643746385221e-01 7.273004232433319949e-01 8.548446335974185795e-01 5.322038632445155182e-01 1.731985429710367619e-01 5.260778779143422401e-01 1.078647143707323064e-02 8.691995719013830834e-01
3.580767844373727695e-50 -1.184890469202927363e+02 6.052754894665708374e-01 9.719194508870315774e-01 7.075983473541214153e-01 7.465470198001734614e-01 3.351290049530921689e-01 2.018965478706130634e-01 1.998432659929757493e-01 8.071475366518021666e-01
3.580767844373727695e-50 -1.184890469202927363e+02 4.449465275674030496e-01 1.511729763587595921e-01 6.506714111867025752e-01 9.808095148037040412e-01 3.164374125036129026e-02 6.044505716663414185e-01 1.958038911146025018e-01 4.794510853060542921e-01
3.580767844373727695e-50 -1.184890469202927363e+02 9.195891019935398258e-02 3.861466998084395197e-02 4.806268014059662530e-01 8.533890097834784250e-02 2.970852702290139868e-01 4.490387243227307312e-01 2.384040850394409938e-01 4.227359881465860836e-01
3.580767844373727695e-50 -1.184890469202927363e+02 3.050757880979575454e-01 5.078307542939031194e-02 4.133087516678370932e-01 6.733252957781584724e-01 5.018639187879195829e-01 6.960200631093144130e-01 5.188189113482489789e-01 4.330905615071115600e-01
3.580767844373727695e-50 -1.184890469202927363e+02 2.828492943421748729e-01 8.914348914793045475e-01 6.553025611622338431e-01 5.969637938616770834e-01 7.503943959730543511e-01 6.968679285029998338e-01 4.259680967080126113e-02 3.926780557556645013e-01
3.580767844373727695e-50 -1.184890469202927363e+02 8.846936351994910686e-01 8.093859256207083241e-01 7.199715927172833929e-03 9.931953032613354271e-01 2.513206564122548725e-01 4.007878561972926246e-01 4.019084015573959334e-01 3.757751634787699357e-01
3.580767844373727695e-50 -1.184890469202927363e+02 8.729280874105033172e-01 4.402596862364234198e-01 9.124205249738419621e-01 7.806971895549298379e-01 9.558012108134877893e-01 7.552473232988115015e-01 1.673359026769238866e-03 7.045453134350061486e-01
3.580767844373727695e-50 -1.184890469202927363e+02 2.324341060894362654e-01 7.807791382950686199e-01 2.331094703013059100e-02 7.477286140933337988e-01 5.869534238885998345e-01 4.257765416643688461e-01 3.164388784425582468e-01 6.245600063823741888e-01
3.580767844373727695e-50 -1.184890469202927363e+02 1.118805526646667881e-01 3.539532070157902499e-02 6.263781561938127629e-01 3.255664134294220524e-01 2.398892200110417372e-01 6.841724434375711095e-01 8.909790634733035786e-01 3.697105417887933676e-01
3.580767844373727695e-50 -1.184890469202927363e+02 1.249393579509161523e-01 6.301198279243658273e-02 6.598668264785221282e-01 8.933092588806677004e-01 9.253799125917686608e-01 9.602927507943600505e-01 1.119903260694098401e-01 4.314283796779514457e-01
3.580767844373727695e-50 -1.184890469202927363e+02 1.586227559963047096e-01 2.882875780816566147e-01 7.924187148300227967e-01 9.110902613586672194e-01 1.864088815639239893e-01 7.273395051987449067e-01 7.550918908899961757e-01 6.622165552322809567e-01
3.580767844373727695e-50 -1.184890469202927363e+02 6.122158726145162655e-01 8.752125847618520416e-01 7.415273278082057384e-02 1.646880696383704601e-01 9.198153522418064387e-01 1.328130348594626087e-01 8.687326007791251747e-02 7.944601455711139959e-01
3.580767844373727695e-50 -1.184890469202927363e+02 9.016687822963553867e-02 9.100784539628729020e-01 9.360656758824470458e-04 4.618326912307354482e-01 1.798490891671631342e-01 9.595517206685150180e-01 7.796283917716931855e-01 9.655460663022149559e-01
3.580767844373727695e-50 -1.184890469202927363e+02 1.898276452269715975e-01 9.676618614353087455e-01 3.518581970959190341e-01 5.966688320800774825e-01 8.882480189085895095e-02 6.944417654161993969e-01 9.470583354461600267e-01 4.499707920959613583e-01
3.580767844373727695e-50 -1.184890469202927363e+02 1.350427404017668920e-01 7.459699701689761486e-01 6.466965310788309607e-01 4.289675960800002352e-01 7.314559814688759154e-01 4.227327994173492032e-01 5.088758787078906387e-01 8.753116078075746653e-01
3.580767844373727695e-50 -1.184890469202927363e+02 7.329715155138594174e-02 4.607825375240578447e-01 9.443201505488809655e-01 6.239198308022501083e-01 7.545069764055858386e-01 7.515914977313670198e-01 1.796665912326581571e-01 4.735461118011107251e-01
3.580767844373727695e-50 -1.184890469202927363e+02 7.296340187386188836e-01 1.622944130925134676e-01 6.483890465309783968e-01 6.249526250692166718e-01 3.049862091346927651e-01 1.585223356183118604e-02 2.509336698530388876e-01 7.788132999049133254e-01
3.580767844373727695e-50 -1.184890469202927363e+02 6.269250367149374892e-01 1.268369891197893562e-01 6.539242433728607029e-01 9.502866197969865869e-01 2.177533749501197047e-01 4.981764250962439355e-02 9.025041954854721160e-01 8.344414211353067268e-01
3.580767844373727695e-50 -1.184890469202927363e+02 3.545381081698273373e-01 5.800057388429510352e-01 1.457448889449712848e-01 9.462434903733930591e-01 7.524041083858911128e-01 8.720335929596729763e-01 1.742215328183648326e-01 8.124659917790401087e-01
3.580767844373727695e-50 -1.184890469202927363e+02 5.304629993216476436e-01 2.342623025496303191e-01 8.218860025224586918e-01 1.689989185306906005e-02 9.032605806167887108e-01 9.308314558162298358e-01 7.118138427515845468e-01 3.934031302846606737e-01
3.580767844373727695e-50 -1.184890469202927363e+02 3.240576154892947924e-01 7.719293460960036102e-01 2.230378868100679757e-02 9.933621700648068709e-01 3.518858269326474719e-02 4.374040472658822232e-01 3.013174467924817357e-02 3.656285383175187365e-01
3.580767844373727695e-50 -1.184890469202927363e+02 4.801124036249980742e-01 2.551135237748618501e-01 2.527992310546053334e-01 4.996465798815072912e-01 9.091433952628291681e-01 2.987516415528339575e-01 7.617028603594493408e-01 4.222681108767377678e-01
3.580767844373727695e-50 -1.184890469202927363e+02 3.445650618635035523e-01 3.151625936609829814e-01 4.367996931318335330e-01 2.099350692903637627e-01 8.992692066045492316e-01 6.101158899507018729e-01 7.874587733436972936e-01 9.694198573518894024e-01
3.580767844373727695e-50 -1.184890469202927363e+02 8.686323533303352828e-01 3.893098815225163323e-01 8.168779149506293358e-01 4.665519650372023097e-01 4.013896160509327071e-01 2.188047547300348006e-01 7.810243862573963414e-01 7.289449691477719595e-01
3.580767844373727695e-50 -1.184890469202927363e+02 1.485032929327304574e-01 1.282151947540852710e-01 6.278336562290293132e-01 3.059016407399925974e-01 2.430554908874363873e-01 3.549601327834817077e-01 2.723688943126021389e-01 5.755568174037934970e-01
3.580767844373727695e-50 -1.184890469202927363e+02 8.059837417104152024e-01 8.944805293005906321e-01 7.640265405062838244e-01 5.786548252861876129e-01 5.973241559035316062e-01 1.809467520992499301e-01 2.430010356561740359e-01 8.057424285009550102e-01
3.580767844373727695e-50 -1.184890469202927363e+02 5.658042528553426376e-01 3.896175893944235913e-01 9.854867120205190734e-01 7.362897457479746777e-01 8.639564028668278439e-03 3.706278840533194785e-02 1.960505853430767331e-01 4.105482833928580932e-01
3.580767844373727695e-50 -1.184890469202927363e+02 2.480184291365096216e-01 8.153668650204544122e-01 1.437044857847576962e-01 5.533076393271105786e-01 8.843937162373438632e-02 9.817398569268470654e-01 8.343491583878450690e-01 7.660501604697907974e-01
3.580767844373727695e-50 -1.184890469202927363e+02 7.297306366395099886e-01 6.073291137100305104e-01 6.674944086787939490e-01 1.922310074642048505e-01 6.366246656425369466e-01 1.810624776371960731e-01 6.467830040355151411e-01 3.470483561847333975e-01
3.580767844373727695e-50 -1.184890469202927363e+02 1.313835050255053316e-01 1.645928992442299288e-01 3.373467764432476201e-01 3.712561553363629141e-01 1.778538759894571220e-01 1.678461911940813955e-01 8.564511642713001915e-01 4.108046451612211714e-01
3.580767844373727695e-50 -1.184890469202927363e+02 4.829800710525171681e-01 5.428478527391396025e-01 8.455188690669676044e-01 6.704075057617755462e-01 7.326761511452186681e-01 1.227566515950235804e-01 6.127838459265211313e-01 5.506171373442289019e-01
3.580767844373727695e-50 -1.184890469202927363e+02 4.146559089176663493e-01 9.889256293781016893e-01 5.166593759390654128e-01 5.986131816476293332e-01 7.624890017622452110e-01 1.752589443378399503e-01 4.034370676661704902e-01 5.280465986477291818e-01
3.580767844373727695e-50 -1.184890469202927363e+02 4.315649161798151834e-01 4.798252335931615375e-01 4.553541283675331952e-01 4.115514873447507771e-01 9.556003352935018569e-01 5.921906670291841035e-01 8.964844337006107056e-01 5.092900033090229650e-01
3.580767844373727695e-50 -1.184890469202927363e+02 8.580741564601723770e-02 9.973237544290283196e-01 9.398316576944160117e-01 9.074049314769567776e-01 7.139783758014544013e-01 7.033653586710940653e-01 9.286063632528634981e-01 3.817999556852963439e-01
3.580767844373727695e-50 -1.184890469202927363e+02 6.183002403798488755e-01 5.237982360033827112e-01 9.966905521340712060e-01 2.009669170127381665e-01 2.755935971264559248e-01 1.402852299121191137e-01 1.356010021541651511e-01 2.095657151472340995e-02
3.580767844373727695e-50 -1.184890469202927363e+02 3.738774168369300988e-01 7.325696082767464423e-01 7.971730539685066841e-01 8.206222213571451318e-01 1.873489717193095316e-01 3.494587834445077590e-01 5.041807392211410388e-01 5.342434858171218881e-01
3.580767844373727695e-50 -1.184890469202927363e+02 9.037772137561022046e-01 8.356227281497526915e-01 5.979740067456484898e-01 1.985328793081710952e-01 1.237367917039703391e-01 1.073891039447325557e-01 4.500092774130038942e-01 5.091777580081073840e-01
3.580767844373727695e-50 -1.184890469202927363e+02 2.734476762168092101e-03 6.950754442415115752e-01 8.915210025721187481e-01 2.584337341233259311e-01 6.273841346944121211e-01 5.053422183835143411e-01 1.993214037097823521e-02 7.407245987501339668e-01
3.580767844373727695e-50 -1.184890469202927363e+02 6.059732546727640834e-01 8.008936887608147925e-01 9.833990509342537267e-01 8.268080581250046857e-01 1.934647974657434100e-01 1.152598493900447441e-02 1.972538274522244173e-01 8.937643461327282601e-01
3.580767844373727695e-50 -1.184890469202927363e+02 1.662529007852485696e-01 8.679252138491664326e-01 4.687397872101745078e-01 6.361601142321366975e-01 1.158806165130410459e-02 4.865209611519827337e-02 5.599508420825238808e-01 8.665973090084186925e-01
3.580767844373727695e-50 -1.184890469202927363e+02 8.530552837530159804e-01 8.351735397530870575e-01 2.077065740053670728e-01 6.065360904295372668e-01 4.946747798664451468e-01 9.402729331847263783e-01 3.673686768116112278e-01 8.139640940300513217e-01
3.580767844373727695e-50 -1.184890469202927363e+02 7.415017785835531505e-03 1.140691883976089338e-01 8.382158192320943169e-02 5.810899763523766914e-01 4.481749565658970091e-01 4.329488554495267705e-01 6.722270332318710517e-01 5.373402378053024897e-01
3.580767844373727695e-50 -1.184890469202927363e+02 7.900503247620164204e-01 1.166072482595669202e-01 7.235202488780553276e-01 1.698639390978511354e-01 1.552666500086166135e-01 4.333991588256643768e-01 5.764216756708824274e-01 6.718071624745272086e-01
3.580767844373727695e-50 -1.184890469202927363e+02 9.501116317067200834e-01 5.289377480565321532e-01 3.042937604992523859e-01 4.496221786838813239e-01 3.531538929822533035e-01 6.497538201468867625e-01 8.538366547715170451e-02 4.488350233694495817e-01
3.580767844373727695e-50 -1.184890469202927363e+02 9.201801667868584333e-01 7.252624181169807782e-01 4.889747248589597639e-01 2.831230494799898967e-01 1.044134364390003622e-02 1.010047830309606098e-01 9.520647652268670047e-01 8.658037678294377981e-01
3.580767844373727695e-50 -1.184890469202927363e+02 5.385473531325838392e-01 5.817764273459713475e-02 7.221995829424052715e-01 1.416844845332004832e-01 4.614241246964757570e-01 2.413525280316641819e-01 7.315493397097336814e-01 3.116580713520458179e-01
3.580767844373727695e-50 -1.184890469202927363e+02 7.500815275518089020e-01 1.185638033952449710e-01 6.243603858296649101e-01 1.201150202364812403e-01 1.407882854516687710e-01 3.137639817578445900e-01 4.566355806035604648e-01 8.459128504442255947e-01
3.580767844373727695e-50 -1.184890469202927363e+02 7.686220956680626104e-01 4.226447082032269709e-02 6.412613930687482977e-01 7.750804521444524253e-01 7.009722390993700092e-02 6.800508411471735126e-01 7.542853177741573045e-01 3.154164384889903694e-01
3.580767844373727695e-50 -1.184890469202927363e+02 8.317589790111319381e-01 5.096336953039585227e-01 3.473205809349257933e-01 9.380496905475050884e-01 4.068454898495121874e-02 4.031572964109042534e-02 4.541183000955378857e-01 8.022678763537061108e-01
3.580767844373727695e-50 -1.184890469202927363e+02 7.413317798052018182e-01 9.928104235164142422e-01 3.903982872284942340e-01 6.004375725026289690e-01 2.310163879088149574e-01 1.809975148499974873e-01 4.454607940779875541e-01 9.493980802939361308e-01
3.580767844373727695e-50 -1.184890469202927363e+02 7.854705767169670727e-01 9.749180673068806868e-01 9.874146359013901142e-01 1.203290764690684300e-01 9.582104150044356006e-01 2.701581115760807172e-01 5.719013094377607409e-01 4.695168214287959163e-01
3.580767844373727695e-50 -1.184890469202927363e+02 5.337562298786796555e-01 9.454160393956819730e-01 8.249359303493788431e-01 3.066739151790676132e-02 1.073343220423985667e-01 8.292633999605065753e-01 7.209757299986863099e-01 6.649420584181359173e-01
3.580767844373727695e-50 -1.184890469202927363e+02 3.012379549382052657e-01 6.717226503706789087e-01 2.043270555412497469e-01 3.060594364275280865e-01 8.635262309136720882e-01 9.079382768155332961e-01 7.188414318745994791e-01 5.550640595352001050e-01
3.580767844373727695e-50 -1.184890469202927363e+02 4.728144262910152218e-01 3.187737027489105923e-01 4.977329067581923727e-01 9.716194070350079315e-01 3.666681733146093247e-01 8.105096206609468945e-01 2.379548512752516221e-01 9.167506272239278609e-03
3.580767844373727695e-50 -1.184890469202927363e+02 4.025673360929682421e-01 6.794652651770917151e-01 5.460044151854812622e-01 1.876409331165792560e-01 2.232951737902264533e-01 5.640577359437493055e-02 9.044725260753024854e-01 4.495352949611260973e-01
3.580767844373727695e-50 -1.184890469202927363e+02 7.170389950403130985e-01 8.912811387644437033e-02 7.915066277406075379e-01 9.219609773647444717e-01 2.466866584834883636e-01 5.488362855014974340e-01 8.682618350360384873e-01 3.651421803822695322e-01
3.580767844373727695e-50 -1.184890469202927363e+02 1.023751734020990067e-01 8.590309861541434167e-02 9.923232060168519775e-01 7.610756678032399858e-01 6.922576567104266054e-01 2.951806400007674913e-01 8.302426490366343614e-01 4.793359269332559958e-01
3.580767844373727695e-50 -1.184890469202927363e+02 6.287377446074066123e-01 1.305799075585777347e-01 9.937819832003464970e-01 7.469941968367799223e-02 1.703101670829447745e-01 8.299102183242351716e-01 1.255207813119122440e-01 6.119701697389553496e-01
3.580767844373727695e-50 -1.184890469202927363e+02 5.022950822916150138e-03 6.341796859737658387e-02 6.431446614809253060e-01 6.561486791659538742e-01 3.054029048474706798e-01 1.813304670566602272e-01 3.600970404247189061e-01 8.540200116866948354e-01
3.580767844373727695e-50 -1.184890469202927363e+02 6.191147943277346410e-01 1.625752605552940322e-01 3.677372592977086185e-01 1.956181561419212400e-02 4.863806900360967411e-02 5.018871325417508800e-01 3.988693868276271814e-01 7.458751334831563717e-01
3.580767844373727695e-50 -1.184890469202927363e+02 7.097390725535560607e-01 7.209801982353939431e-01 6.927522777095019846e-01 3.899583734614453512e-02 8.763728710194917948e-01 5.631152727088503118e-01 3.001217616716442826e-01 4.498594940882137960e-01
3.580767844373727695e-50 -1.184890469202927363e+02 7.627655507744732777e-01 7.941134607395097245e-01 3.699259641123566755e-01 9.881321032480805400e-02 2.938881400149193635e-01 8.129334574260355106e-01 6.686175029708889550e-01 4.808671759482870955e-01
3.580767844373727695e-50 -1.184890469202927363e+02 8.755208786949257860e-01 5.578668431773219361e-01 5.897811295068229320e-01 5.905220574687741752e-01 8.129288919005949188e-01 3.463674212587205536e-01 1.826791851978655234e-01 8.758802381098419465e-01
3.580767844373727695e-50 -1.184890469202927363e+02 7.678508019309473465e-01 9.763172082072182345e-01 8.525969985951409313e-01 6.816189282527803650e-01 9.039230475112567387e-01 4.420774481208670226e-01 9.316469570357874819e-01 6.536704377262385623e-01
3.580767844373727695e-50 -1.184890469202927363e+02 8.361848240890303874e-01 7.667206404656216057e-01 9.158357559466566711e-01 5.044780096641952039e-01 6.201516926852520539e-01 2.835385716730575156e-01 4.444457682652780406e-02 6.878136681505582217e-01
3.580767844373727695e-50 -1.184890469202927363e+02 5.007382416053252072e-02 7.587476659757784736e-01 6.891098781832122322e-01 3.286009922969983510e-01 9.312962542526498355e-01 4.908508737408597833e-01 7.417203248707536778e-01 5.895564776302678611e-01
3.580767844373727695e-50 -1.184890469202927363e+02 4.137559303378610664e-01 6.798274258129007874e-01 2.910673830200110057e-01 6.283097008527965821e-01 6.526096164792000165e-01 5.333753557032806514e-01 5.768138065950667581e-03 9.443679108344533724e-01
3.580767844373727695e-50 -1.184890469202927363e+02 6.269153057769771831e-01 1.783487416657832947e-01 8.277237249802946728e-01 7.694231481883311297e-01 7.847338548543134618e-01 9.820146303266678034e-01 7.786223695362886055e-01 8.097379503908277432e-01
3.580767844373727695e-50 -1.184890469202927363e+02 8.434791783762086714e-01 5.889394943492833878e-01 6.201415506582190762e-01 2.837169038632813001e-01 4.156802640720094200e-01 3.489384679816238677e-01 4.262810291600425128e-01 5.186383501279114849e-01
3.580767844373727695e-50 -1.184890469202927363e+02 6.480934430446749772e-01 5.529379109890777411e-01 5.141420390012487740e-01 9.184761180197116293e-01 7.399747697099966492e-01 5.155561801026747881e-01 3.646751546186099979e-01 9.690445251597284981e-01
3.580767844373727695e-50 -1.184890469202927363e+02 4.238421604894297978e-01 2.939154746700035625e-01 9.852560482336195635e-01 6.411957159809225093e-01 6.423494565811519452e-01 4.646658238313279288e-01 8.441638620190705655e-01 3.501546920237241789e-01
3.580767844373727695e-50 -1.184890469202927363e+02 2.612517538491122560e-01 7.558374573223368698e-01 5.585156798008824586e-01 2.825630452492655653e-01 2.153456202425489963e-01 3.780139075258446280e-01 1.153744229409293665e-01 3.818440357026871013e-01
3.580767844373727695e-50 -1.184890469202927363e+02 9.010835369358196623e-01 7.997229314719378479e-01 7.351110567519129058e-01 9.777048125857791261e-01 4.086862184289163924e-01 5.085959824320577249e-01 4.382948841306717469e-01 5.923291175732496860e-01
3.580767844373727695e-50 -1.184890469202927363e+02 5.651266273197969037e-01 2.316989699543710035e-01 8.846405286537428747e-01 9.888805977136213565e-01 3.998743451633465229e-01 2.981307423790063860e-01 5.033170267696723821e-01 9.923254265826616516e-01
3.580767844373727695e-50 -1.184890469202927363e+02 7.295706085412008157e-01 6.839695148484699061e-01 4.741408805819614658e-01 9.163807814230302551e-01 4.226594500257663256e-02 3.176545866949112007e-01 3.254212429479991231e-01 8.031752101601413729e-01
3.580767844373727695e-50 -1.184890469202927363e+02 2.770401316651327495e-02 4.287888496689973294e-02 3.116366877013151404e-01 3.323232926155926803e-01 2.724215605239237448e-01 6.354346943087896271e-01 6.512266590730179106e-01 7.920215741112511809e-01
3.580767844373727695e-50 -1.184890469202927363e+02 4.837819219217736055e-01 5.536683884817916734e-02 7.683869860059110435e-01 9.275814662050970716e-01 4.014594891726399606e-01 9.918115455528553337e-01 6.950919239924553406e-01 9.885691570546475404e-01
3.580767844373727695e-50 -1.184890469202927363e+02 7.710073051894993368e-01 7.697968561272575672e-01 6.699929669966475654e-01 1.506352002529295353e-01 6.694727240931869217e-01 3.193322149939256116e-01 7.225366025477975018e-01 7.065305972461868311e-01
3.580767844373727695e-50 -1.184890469202927363e+02 3.894558315300520324e-01 3.438030668327104467e-01 8.293669556192200254e-01 4.053806354915928667e-01 4.150596087055974381e-01 3.198880741714059672e-01 9.200041588086146360e-01 7.791722807570437004e-01
3.580767844373727695e-50 -1.184890469202927363e+02 1.386521692438380526e-01 6.527111594940412376e-01 3.205839740125782100e-03 8.686604955604618761e-01 2.542828448670964026e-02 3.471017887012811665e-01 2.363984965209260380e-01 9.474493028236192771e-01
3.580767844373727695e-50 -1.184890469202927363e+02 8.644451995819329992e-01 7.847025122498989536e-01 2.624178849092309029e-01 7.434573359394909264e-01 6.158741226025805648e-01 3.215009660598643348e-01 1.314791112215231150e-01 7.088061005260380965e-01
3.580767844373727695e-50 -1.184890469202927363e+02 9.164514737031732583e-01 6.643627416613796521e-01 1.190912501902242626e-01 6.032631874788545456e-01 8.277270793311353181e-01 4.083101495917361712e-01 3.861544549485347311e-01 5.814498618451467982e-01
3.580767844373727695e-50 -1.184890469202927363e+02 6.392205343262540307e-01 8.483627454953071023e-01 9.496701847419168896e-01 9.664403403627763733e-01 2.555080042637547511e-02 4.483880466768841444e-01 8.032380551120303913e-01 8.963952675140682835e-01
3.580767844373727695e-50 -1.184890469202927363e+02 5.738428379889475295e-01 9.405047229038222545e-01 1.976991689268925434e-02 6.898440578885109975e-01 1.203243029158743704e-01 5.491362012060452269e-02 7.996424981892523709e-01 4.902125300367206062e-01
3.580767844373727695e-50 -1.184890469202927363e+02 8.700263398582003260e-01 2.998110449972142266e-01 7.439784104422930699e-01 3.356412310090595152e-01 9.972320278507358360e-01 5.668727853715317400e-01 8.808672856060151268e-02 7.838283675861246191e-01
3.580767844373727695e-50 -1.184890469202927363e+02 2.921906394420840103e-01 3.170316912339594673e-01 4.323834734847161743e-01 8.965191534081854430e-01 4.969826446867586789e-01 3.773225069208302473e-01 3.942236434814028190e-01 6.957659893643363125e-01
3.580767844373727695e-50 -1.184890469202927363e+02 1.352982565664501147e-01 4.038471548660826915e-01 6.277821234781800763e-01 3.049593148854008451e-01 5.150346845435432863e-01 2.974377730154517119e-01 1.771500352035756398e-01 8.858616519991399096e-01
3.580767844373727695e-50 -1.184890469202927363e+02 5.422789990847108887e-01 1.207422184457840331e-01 2.430198651957861111e-01 3.704269722809960808e-02 8.999954086872813397e-01 4.118631701096914233e-01 4.085562784382656965e-03 9.694315604131302777e-01
3.580767844373727695e-50 -1.184890469202927363e+02 6.732563784723011313e-02 7.441037005148769534e-01 2.766428006681079799e-01 1.580047308125221983e-01 3.183416601310518068e-01 8.213692880920656636e-01 1.253754809338774034e-01 7.050418722992209952e-01
3.580767844373727695e-50 -1.184890469202927363e+02 5.508011312714220509e-01 6.133366652893343929e-01 7.599628995657928821e-01 4.640035856831128402e-01 4.632232074733909633e-01 8.828260513477518279e-01 1.018958143233356095e-01 8.841261225719539985e-01
3.580767844373727695e-50 -1.184890469202927363e+02 6.855794050503066783e-01 9.890731080988326429e-01 2.345182413125662668e-01 6.187927726629103287e-01 8.800216713859282391e-01 1.592981694743241805e-01 6.491051024147013182e-01 8.531832999139697948e-01
3.580767844373727695e-50 -1.184890469202927363e+02 4.337798095910567753e-01 3.282346861877203370e-01 5.877431437291481542e-01 4.618129284730909667e-01 2.867952378824039084e-01 5.396126382035528746e-01 5.401847224014679760e-01 7.011456811863562288e-01
3.580767844373727695e-50 -1.184890469202927363e+02 7.361172392594582670e-01 9.958427718819663488e-01 6.656962903697594136e-01 4.836048156796746156e-01 7.541542092041844114e-01 7.206102171512953625e-01 7.842428019389970917e-01 6.772115864581871314e-01
3.580767844373727695e-50 -1.184890469202927363e+02 1.575436478074613289e-01 7.893013918966386155e-01 4.337285008103500816e-01 8.499314333562568713e-02 4.108330013036542994e-02 3.901399118499179197e-01 9.234911926603510679e-01 8.190502275819235845e-01
3.580767844373727695e-50 -1.184890469202927363e+02 8.387798904360308505e-01 7.275842622646218061e-01 4.124831086628647503e-01 7.340127173827124540e-01 1.706058490164186203e-01 3.381512211113409938e-01 8.336492041861949254e-01 9.998030484351524416e-01
3.580767844373727695e-50 -1.184890469202927363e+02 9.530729187921731516e-01 5.415344793215509656e-01 3.899986221654128116e-02 7.624386269460492471e-01 4.317796131007413107e-01 9.362861941217148765e-02 9.374180551059485555e-01 7.459744118367589438e-01
3.580767844373727695e-50 -1.184890469202927363e+02 8.516364154599719294e-01 5.820219722557871123e-01 7.923759366821780947e-02 8.405937122595762423e-01 5.411298946864888659e-01 1.058052885083079486e-01 4.864793419465696100e-01 8.522420013639834258e-01
3.580767844373727695e-50 -1.184890469202927363e+02 2.957400625782780068e-02 3.559471382783867544e-01 5.580523308208198419e-01 7.617150253859379383e-01 9.339002314282618400e-01 7.411356130986226365e-01 9.430849289880394171e-02 7.835953107903156356e-01
3.580767844373727695e-50 -1.184890469202927363e+02 3.522459411958110964e-01 3.313899156487369879e-01 6.765853805363963858e-02 6.341170436746073058e-01 9.312845395034038409e-01 1.327528608411531197e-01 9.698108411815028473e-01 9.451800039233662076e-01
3.580767844373727695e-50 -1.184890469202927363e+02 8.920028247485296546e-01 9.857265456657978708e-01 6.099150089939509023e-02 9.264064147602965038e-01 7.155000955349004599e-01 8.349895647601495163e-01 7.999282764880653041e-01 5.213859099618913806e-01
3.580767844373727695e-50 -1.184890469202927363e+02 8.604020522171814678e-01 9.612322595065030395e-01 9.866308831575089089e-01 6.218074500736902044e-01 4.157500625082728440e-01 4.948876084320330548e-02 5.740037210557954461e-01 6.141955070803590822e-01
3.580767844373727695e-50 -1.184890469202927363e+02 7.909956242241221736e-01 7.919228621946859947e-01 6.868741267993475619e-01 3.231088868708056339e-01 1.765597323416689957e-01 1.224877473660765936e-01 9.350314311776513065e-01 3.289161261084538879e-01
3.580767844373727695e-50 -1.184890469202927363e+02 9.716185921463860176e-02 2.926773466460687034e-01 4.419216397930740836e-01 7.016270942165951929e-01 9.580805130694987071e-01 1.389700636324470162e-01 2.352256866502816512e-01 4.334495212646155560e-01
3.580767844373727695e-50 -1.184890469202927363e+02 3.219359127183163416e-01 6.140503481483975401e-01 5.275579991392729262e-01 5.850037127361964462e-01 3.072997208764514099e-01 3.794615799640406184e-01 6.784191580988658821e-01 6.771558680002230934e-01
3.580767844373727695e-50 -1.184890469202927363e+02 6.157410084313305054e-01 5.830095714216689817e-01 7.836839590822476387e-01 3.258281211589688642e-01 9.877205130300070746e-01 7.440907926960160790e-01 5.383630069293359188e-01 5.907301334345891330e-01
3.580767844373727695e-50 -1.184890469202927363e+02 8.857250943909927843e-01 6.876589197718001589e-01 2.787802647551337332e-01 6.284788296422230136e-01 2.735817290529315438e-01 9.832696661358267809e-01 4.651734192826041392e-01 1.704658664880642771e-02
3.580767844373727695e-50 -1.184890469202927363e+02 8.586223769774586900e-01 3.053444586214273393e-01 7.377750621528831321e-01 3.039354031906761344e-01 9.553884711052441636e-01 1.658754642004955926e-02 5.051197362698019999e-01 4.488436034682893316e-01
3.580767844373727695e-50 -1.184890469202927363e+02 4.351144090937888453e-01 9.907064168986767783e-01 1.287587461610845141e-01 9.001690154973848168e-01 3.975239458495716249e-01 6.822566358664392538e-01 4.733942880558182909e-01 7.375863035574987681e-01
3.580767844373727695e-50 -1.184890469202927363e+02 1.691978488415605275e-01 8.112698945000396122e-01 9.358802715160199348e-01 6.627688392574569987e-01 1.008688127764919562e-01 4.026680550080543597e-01 5.151640087923621270e-01 1.719413275990178125e-02
3.580767844373727695e-50 -1.184890469202927363e+02 3.297592980194072876e-01 8.008201252240566559e-01 5.433237541587977448e-01 7.307118939514487543e-01 9.010922326898898049e-01 8.367162232851833581e-01 1.000392527624996974e-01 6.687448510711694327e-01
3.580767844373727695e-50 -1.184890469202927363e+02 7.598808278362891855e-01 5.860721576523323373e-01 4.005329814804110544e-01 1.831168722470074561e-01 1.286564136536373359e-01 4.298405558481427358e-01 1.213460381428503876e-01 5.870509673281443241e-01
3.580767844373727695e-50 -1.184890469202927363e+02 5.066331980020211123e-02 7.343051308642849495e-01 5.028876800489626708e-01 8.746963412100738910e-02 4.198143163369461028e-01 2.406019064415054753e-02 2.831641367013644217e-01 6.921856971764082100e-01
3.580767844373727695e-50 -1.184890469202927363e+02 1.622343208375401913e-01 1.946905590531865515e-01 3.613161304713470301e-01 2.736983461051665234e-01 8.576782099339071985e-01 7.354171020424794536e-01 2.424269190615966352e-01 2.253994923059954303e-02
3.580767844373727695e-50 -1.184890469202927363e+02 5.134491337085567153e-01 7.637894159564284635e-03 9.522886181631381453e-01 5.988350648510674112e-01 8.976633784468491806e-01 4.853479019161316410e-01 4.100170164103570380e-01 9.851062880183389936e-01
3.580767844373727695e-50 -1.184890469202927363e+02 1.861564351570255127e-02 5.967086673244929029e-01 8.762861743127112746e-01 1.914111575313988123e-01 8.514623230439339885e-01 5.116851113078135782e-02 5.181777489708108142e-01 9.015171050320375246e-01
3.580767844373727695e-50 -1.184890469202927363e+02 1.384047088211322052e-01 4.596634862074922001e-02 7.793286822286107363e-01 3.727787255470226269e-01 7.229497153195707515e-01 2.043927768107438592e-01 4.079352693730042834e-01 4.137118960760274300e-01
3.580767844373727695e-50 -1.184890469202927363e+02 4.181880637325207095e-01 2.510421379570130229e-01 7.105896865449726763e-01 4.661645333588597673e-01 3.773380783234344671e-01 2.870753700105466155e-02 5.581271012837752954e-01 2.472619041266677087e-02
3.580767844373727695e-50 -1.184890469202927363e+02 7.018647320794307864e-01 8.335543139971385296e-01 1.572087118924564431e-01 1.813874337053875685e-01 6.508277620586744305e-02 4.903265974317172482e-02 9.832876754905330863e-01 3.250466306025434626e-03
3.580767844373727695e-50 -1.184890469202927363e+02 9.739844102859828157e-01 7.167764962642183546e-01 5.974239497505018370e-01 8.631226814390861035e-01 5.390655517973026445e-01 3.030862214893866868e-01 4.607275870227034442e-02 3.249264617665132970e-01
3.580767844373727695e-50 -1.184890469202927363e+02 9.350802374434240560e-01 7.991753074021087366e-01 7.565935296427822587e-01 7.835218682434956783e-01 4.979487417181990283e-01 7.303967070716428367e-01 6.965829072606136707e-01 3.725420905379331904e-01
3.580767844373727695e-50 -1.184890469202927363e+02 7.532881928903572000e-01 6.569585891340006256e-01 7.676805351772355568e-01 3.792735315230196802e-01 7.026424913985132026e-01 4.591478769481313060e-01 4.121751525400110250e-01 8.449216731716914230e-01
3.580767844373727695e-50 -1.184890469202927363e+02 8.447845870696142345e-01 9.274496431689787102e-01 2.371567502158420382e-01 2.313530971770115796e-01 5.861344743038024996e-01 3.605365501196229339e-01 4.494566534000433711e-01 6.953796868487981397e-01
3.580767844373727695e-50 -1.184890469202927363e+02 1.394701258315940162e-01 1.155104493379647268e-01 7.889138062344911440e-01 3.000444188703688120e-02 8.262839506025078107e-01 9.563398730333522169e-01 8.378967398989111137e-01 7.843069649706531088e-01
3.580767844373727695e-50 -1.184890469202927363e+02 3.400811980973670323e-01 9.574940399422879889e-01 2.283755625170824644e-01 5.843602919646351257e-01 9.587535729910027227e-01 2.389481682116090244e-01 1.340215945544828147e-01 3.560262101238732546e-01
3.580767844373727695e-50 -1.184890469202927363e+02 9.948655302605958761e-01 1.776076289048941215e-01 8.306673808663301850e-01 6.902838654953008524e-01 1.347987770443329625e-01 3.389562844232644201e-01 1.504961368898166674e-01 3.779799750508844314e-01
3.580767844373727695e-50 -1.184890469202927363e+02 7.763980410754469652e-01 9.437873204741957789e-01 4.523555011529136749e-01 3.477667202667911184e-01 1.430851417876599641e-02 3.309684452073594629e-01 8.816319768725817685e-01 9.769016538755378454e-01
3.580767844373727695e-50 -1.184890469202927363e+02 5.631118643517813993e-01 1.786019917242755994e-01 9.067682309540220364e-01 8.020184288027405461e-01 5.253107866809546556e-01 2.039303895927652155e-01 5.471844872275616334e-01 5.882558514118134685e-01
3.580767844373727695e-50 -1.184890469202927363e+02 5.594565787369329968e-01 6.403510931884056623e-01 4.953314050943579128e-01 8.525298829938582346e-01 8.978227247577821313e-01 2.940698283618392583e-01 7.089530491948664581e-01 5.191576747910798817e-01
3.580767844373727695e-50 -1.184890469202927363e+02 5.083750616395871225e-01 1.885132567393840164e-01 4.315333411453543544e-01 9.639666397763392292e-01 4.051114798859722921e-01 4.273437638499224533e-01 8.448057491124290053e-01 5.035934525837651998e-01
3.580767844373727695e-50 -1.184890469202927363e+02 7.348551185289986520e-04 8.420349683947492281e-01 2.362813493686906074e-01 2.093918659267827165e-01 5.299509396550425855e-01 3.093589588641294519e-01 1.368324185292281170e-01 7.466682471407108945e-01
3.580767844373727695e-50 -1.184890469202927363e+02 8.159653459463289682e-01 1.204999112669261629e-01 7.026062996126138938e-01 5.040097767246201066e-01 4.510579151205806880e-01 2.224169105848302630e-01 4.804928277045227292e-01 5.875416203246679459e-01
3.580767844373727695e-50 -1.184890469202927363e+02 5.224139617986789386e-01 8.538949312555899063e-01 7.888972169896356634e-01 7.083747155603793422e-01 3.450473278849256475e-01 4.625126813040888463e-01 7.223319188363596099e-01 4.533844024488594693e-01
3.580767844373727695e-50 -1.184890469202927363e+02 3.854212335776896481e-01 9.886623774130894882e-01 5.201678224350222424e-01 5.071538052463574475e-01 7.375904555010633912e-01 2.176504747787764149e-01 5.804975936550469395e-01 4.543572039671708307e-01
3.580767844373727695e-50 -1.184890469202927363e+02 1.463701619609510951e-01 8.950766638794839247e-01 1.565131599555416031e-01 2.307753260186506949e-02 1.742334396184277434e-01 6.670854424718081210e-01 4.832200003002967703e-01 8.602363673057072946e-01
3.580767844373727695e-50 -1.184890469202927363e+02 3.625594056490722972e-01 3.274122368275862449e-01 6.754474675582115006e-01 3.299497339395004447e-01 5.115697765151248078e-01 7.102802516081969664e-01 6.362876976250021466e-01 6.738325995007115043e-01
3.580767844373727695e-50 -1.184890469202927363e+02 2.374962021685932401e-01 1.888632781644444814e-01 3.584368007428395675e-02 9.305306646918087843e-03 7.415571879411558820e-01 2.795489177076777576e-01 3.602419145416557722e-02 4.286984112809437697e-01
3.580767844373727695e-50 -1.184890469202927363e+02 1.605739451638946713e-01 3.227860391649488569e-01 7.835025856234567598e-01 5.740933107772741018e-01 1.447304107163165376e-01 1.305858645700852527e-02 5.133841489195682950e-01 5.334871197509271079e-01
3.580767844373727695e-50 -1.184890469202927363e+02 8.069855213707725072e-01 4.335934906665086519e-01 4.554184056189406471e-01 5.895725240603325590e-01 7.986594175529595496e-01 2.464727119799848820e-01 8.037707019695409238e-01 6.963143107761523565e-01
3.580767844373727695e-50 -1.184890469202927363e+02 5.777615066808722277e-01 8.405479969262332762e-01 3.661415901989784061e-01 7.068763638838886365e-01 5.719757655603843194e-01 3.375723221542344943e-01 3.935579192802184378e-01 1.107538042353339858e-02
3.580767844373727695e-50 -1.184890469202927363e+02 3.285514573006708128e-01 3.360031167441568378e-02 3.244611770834738840e-01 5.633201262691872602e-01 9.471260702272612519e-01 6.640362530450770739e-01 8.782933589922528039e-01 5.466029759162075452e-01
3.580767844373727695e-50 -1.184890469202927363e+02 5.510204300710791481e-01 2.637284598874553021e-01 9.537143823315420432e-01 6.989059396813929181e-01 6.177673174711872939e-02 4.407632620135659707e-03 6.358958038442392713e-01 9.934426507053240041e-01
3.580767844373727695e-50 -1.184890469202927363e+02 1.174723174970035977e-01 1.032493248386173734e-01 1.209954551062207839e-01 8.530344212113898372e-01 2.315214050943936730e-02 2.551538308291493307e-01 6.207415248246562767e-01 6.035069549291963709e-01
3.580767844373727695e-50 -1.184890469202927363e+02 6.047856319293865024e-02 7.322963735915709593e-01 8.972379776205126056e-01 8.673734692338550545e-01 8.150910399052768707e-01 2.378038884640878425e-01 9.432021555272684932e-01 3.318473307325466859e-01
3.580767844373727695e-50 -1.184890469202927363e+02 4.716372288331808216e-01 5.777325615817453519e-01 5.156249986011820496e-01 6.631628899139143662e-01 1.949184291467991326e-01 4.963262261384301377e-01 3.175254954628705661e-01 7.621051535127755239e-01
3.580767844373727695e-50 -1.184890469202927363e+02 6.207494484577794625e-01 7.910305624353618503e-01 9.763311094485621622e-01 8.144044359166542346e-01 1.654722720052366203e-01 3.398755593157853916e-02 3.276624792060205404e-01 9.326716806484471878e-01
3.580767844373727695e-50 -1.184890469202927363e+02 7.920905089675527311e-01 3.002393319551915907e-01 3.854683176156602498e-01 4.276816312510023366e-01 6.624407225000532584e-01 1.626768975529310213e-01 3.403324459562122595e-01 6.470704759056129518e-01
3.580767844373727695e-50 -1.184890469202927363e+02 8.875378688407512540e-01 1.906387572601814240e-01 4.627501313374172698e-01 6.198561832510751657e-01 7.941977875109712537e-01 4.764995600662295105e-01 5.411131612610883268e-01 6.867932276534852720e-01
3.580767844373727695e-50 -1.184890469202927363e+02 5.744139062301062415e-01 7.328128518332305275e-01 5.808473952423172104e-01 3.801065452166119130e-01 8.125202843948886589e-01 2.780021753878529900e-01 4.644075839011680973e-01 6.042658230911222006e-01
3.580767844373727695e-50 -1.184890469202927363e+02 3.579102585856974716e-01 5.743925285349950061e-01 3.677998273301084087e-01 6.483871720360486757e-01 7.987553799775674035e-01 9.920849974585230768e-01 7.381601340608113793e-01 6.764227545371253036e-01
3.580767844373727695e-50 -1.184890469202927363e+02 9.616563570747607148e-01 6.099286161058540268e-01 6.323948751702938020e-01 4.204951922023468791e-01 1.991031606534443554e-02 7.219391668080443747e-01 4.039084994634793979e-01 7.609260477042273374e-01
3.580767844373727695e-50 -1.184890469202927363e+02 1.235314790704691301e-01 2.900703245879620029e-01 9.001844910989591497e-01 5.513128920114915843e-01 1.834760972446242144e-01 5.136216736144362249e-01 9.325242598330691912e-01 4.656169414862013634e-01
3.580767844373727695e-50 -1.184890469202927363e+02 5.784282336981666495e-01 2.302746194553270120e-01 6.718055252984895809e-01 7.358663382521749563e-01 3.332163819538581651e-01 6.733441118348229004e-01 9.614843821417760061e-01 5.770938201636179876e-01
3.580767844373727695e-50 -1.184890469202927363e+02 8.717666853301965224e-01 4.613916975666989551e-01 5.759081609819287628e-01 2.952444518390561212e-01 6.925283953882257482e-01 4.430247284751346326e-01 6.639108488514143813e-01 7.721744083601056463e-01
3.580767844373727695e-50 -1.184890469202927363e+02 7.703409273765727816e-01 1.327682087810544420e-01 7.788937641621567209e-01 4.079939170989396180e-01 7.926258668210595104e-02 6.509237688491313900e-01 5.376992683832348963e-02 3.791246879594251107e-01
3.580767844373727695e-50 -1.184890469202927363e+02 7.283087348096471958e-01 5.292225652599107377e-01 5.911021177398043669e-01 6.407935004475709961e-01 8.209230033638974522e-01 2.313636806187885364e-01 6.670354934507488620e-01 8.803551797245320332e-01
3.580767844373727695e-50 -1.184890469202927363e+02 4.337706108689662887e-01 6.885347024881908196e-01 5.162196912191641118e-02 7.713675268664929030e-01 3.414238469270522991e-01 2.299451357329840295e-01 2.946771284758460396e-01 4.577519480237229876e-01
3.580767844373727695e-50 -1.184890469202927363e+02 6.900363978724031178e-01 3.024290961174506132e-01 4.547177218795674936e-01 7.003014678329324560e-01 1.612912426547054023e-01 2.017933414300817629e-01 5.434471536280627291e-03 4.594350527112666116e-01
3.580767844373727695e-50 -1.184890469202927363e+02 2.471534894599825005e-02 7.604612658405598413e-01 1.201733850711662610e-01 8.029175341820958822e-01 3.572851715528447825e-01 4.366456826633784427e-01 7.216989265913700269e-01 3.325130584881725859e-01
3.580767844373727695e-50 -1.184890469202927363e+02 8.413173797904074380e-01 1.010941279518553504e-01 2.808020297598600168e-01 9.252120545005504404e-02 4.901849852973783062e-02 8.963257850574887220e-01 9.481664298858000217e-01 2.969189629682178477e-03
3.580767844373727695e-50 -1.184890469202927363e+02 2.329227117389648383e-01 8.495962361535515095e-01 7.583215854733513783e-01 4.585496375913051814e-01 3.179884618610319125e-01 4.638585586604349054e-03 6.836516317934869802e-01 9.701907102630117352e-01
3.580767844373727695e-50 -1.184890469202927363e+02 4.393731702920795623e-01 6.545580454245665258e-01 8.254055601777670059e-01 2.249225362347637702e-01 6.859038548042406536e-02 1.047145765233525871e-02 3.002016635250905896e-01 7.107557326811968501e-01
3.580767844373727695e-50 -1.184890469202927363e+02 2.273246662148890040e-01 3.528348661634184147e-01 6.900355464947853790e-01 3.094996955650132220e-01 4.017749168095215984e-01 8.037892017696237623e-01 2.756783011220265145e-02 4.993912572414596074e-01
3.580767844373727695e-50 -1.184890469202927363e+02 1.419721702544214370e-01 4.263716278222251521e-01 3.072818977392739459e-01 3.210932556499328516e-01 5.885350947598422255e-01 2.230976915791542670e-01 6.558928385590133692e-01 8.863070299977513500e-01
3.580767844373727695e-50 -1.184890469202927363e+02 3.794554379246120046e-01 2.650671643396218524e-01 6.775788670337368202e-02 7.478668381488882133e-01 9.738837048499335847e-01 8.462372061471988838e-01 4.285320452019432125e-01 4.534242328843399727e-01
3.580767844373727695e-50 -1.184890469202927363e+02 5.150379004467104949e-01 4.886140509028829015e-01 3.733140191539490171e-01 9.659056951594233720e-01 9.736238752901593685e-02 5.910623074140293198e-01 1.669389765904171208e-01 4.212579418244966067e-02
3.580767844373727695e-50 -1.184890469202927363e+02 2.701494427378576813e-01 4.426651077137441215e-01 5.291225661556397952e-02 7.985170726936273722e-01 6.147988836246052191e-01 8.943534446165238849e-01 5.611121977388333626e-01 5.279226508662729911e-01
3.580767844373727695e-50 -1.184890469202927363e+02 6.172153049952462389e-01 7.709578668393479717e-01 6.960617872131256156e-01 7.918680451479505056e-01 8.532825971514459429e-01 8.947894066823192105e-01 2.041169850393060869e-01 6.359405635040388249e-01
3.580767844373727695e-50 -1.184890469202927363e+02 6.785300013726621726e-01 6.067033391701789347e-01 5.462006334402494945e-01 5.428402784739919662e-01 8.007110160045776137e-01 7.179171136934430208e-01 3.312734559346812713e-01 4.315681580681202112e-01
3.580767844373727695e-50 -1.184890469202927363e+02 4.451170439997457207e-01 6.551711341212427264e-01 1.405693939638077428e-01 8.790778956762058671e-01 7.198202103389099715e-01 4.002786623902739871e-01 9.139925079932947893e-01 4.361461215327542273e-01
3.580767844373727695e-50 -1.184890469202927363e+02 4.943886933113370574e-01 6.767553856602569473e-01 3.191661464523054548e-02 2.602948563825771000e-01 7.458226725346706054e-02 5.589990239049010823e-01 3.645718449987004339e-01 4.476487937703982345e-01
3.580767844373727695e-50 -1.184890469202927363e+02 7.294622352937992771e-01 4.189390097987146788e-01 8.556302965294145801e-01 1.584422720394874640e-01 5.357893834883185047e-01 4.209424272087329832e-01 7.732980455064097924e-03 9.123771800428626122e-01
3.580767844373727695e-50 -1.184890469202927363e+02 5.722397976182262980e-01 7.710415676711563915e-01 1.369774705022117622e-01 4.487447310985372972e-01 7.218633288019014049e-01 1.446896469304055355e-01 3.909478119519318451e-01 7.284895866016714017e-01
3.580767844373727695e-50 -1.184890469202927363e+02 8.810490322737234425e-01 7.187672437030870887e-01 4.837791596703496788e-01 1.502350471953075584e-01 9.301409413552019778e-01 6.180995687501094071e-01 1.784462551511715178e-01 3.400108103639631896e-01
3.580767844373727695e-50 -1.184890469202927363e+02 8.603978881790198541e-01 7.549027796596711193e-01 6.804303579395268864e-01 7.169833288336535659e-02 1.136775532923484100e-01 3.080929693288458893e-01 9.548997927902663774e-01 6.876912075162132654e-01
3.580767844373727695e-50 -1.184890469202927363e+02 7.382051061463296149e-01 7.706478608856626167e-01 2.869086195008239137e-01 4.352897447482851900e-01 3.992695593945330135e-01 4.984270996149218202e-01 3.704996905483539660e-01 7.538130368613109589e-01
3.580767844373727695e-50 -1.184890469202927363e+02 6.584026068826254185e-01 3.919433928580335902e-01 9.970834606169208802e-01 3.194588702790006618e-01 7.116571692700320861e-01 3.576847161191863966e-01 4.611476057489959368e-01 7.965431133517512086e-01
3.580767844373727695e-50 -1.184890469202927363e+02 7.197443814909645354e-01 6.997613708597223425e-01 4.944085825422287472e-01 2.561711319488243488e-01 8.147571943864689858e-01 4.390308301574116223e-01 8.556458554534359662e-01 4.976971862085762810e-01
3.580767844373727695e-50 -1.184890469202927363e+02 9.995293330070548210e-01 9.821770533613505272e-01 9.604041463000709822e-01 2.549844845136725047e-01 1.975320032051230967e-02 7.212521290102688054e-01 1.546507990206630323e-01 5.915398712593082919e-01
3.580767844373727695e-50 -1.184890469202927363e+02 3.339626785998840441e-01 9.491839694556609697e-01 2.725086982727175089e-01 7.002281335625373249e-01 9.754197913896547334e-01 8.821615151743216199e-01 3.856709307722809843e-01 1.362677563019765170e-02
3.580767844373727695e-50 -1.184890469202927363e+02 3.883790283954593470e-01 9.263438788860989259e-02 4.700674584026522940e-01 6.817765889424808323e-01 7.115751012504240025e-01 5.441272063422919469e-01 5.598457836205180671e-01 8.300430998388785842e-01
3.580767844373727695e-50 -1.184890469202927363e+02 2.978957678920499674e-01 1.025691185739117106e-01 4.174106140060221959e-01 1.196529789498469443e-01 3.512589518972433211e-01 2.153271112757134675e-01 7.491012362039503047e-01 8.164798125650505334e-01
3.580767844373727695e-50 -1.184890469202927363e+02 6.144997326697977380e-01 2.755163988719888657e-01 5.290070169393797928e-01 8.185611559491440259e-01 8.790717875959641603e-03 8.424939164091721500e-01 2.312700409154709869e-01 6.460055316147435001e-01
3.580767844373727695e-50 -1.184890469202927363e+02 5.267927135064208732e-01 6.386161185054775036e-01 1.043831690014460634e-01 1.183940096507019035e-02 7.014481664630157765e-01 4.738874728925744906e-01 2.465666390406526798e-01 6.437461110714858270e-01
3.580767844373727695e-50 -1.184890469202927363e+02 4.549199586202750112e-01 4.979456022211925514e-01 9.694612926683500165e-01 1.082678695982682848e-01 6.116448278818357176e-01 5.766792755107728041e-01 2.783929294053774095e-01 3.963147706740540732e-01
3.580767844373727695e-50 -1.184890469202927363e+02 1.048732841708840402e-01 7.738865591003774025e-02 9.241211919853113965e-01 1.118856297467730743e-01 5.027002682597938588e-01 2.515179118599421004e-01 1.801198378036226178e-01 8.701501418191034398e-01
3.580767844373727695e-50 -1.184890469202927363e+02 3.636528112499337606e-02 8.851254357890663282e-01 6.297809848164193092e-03 8.608448405181970964e-01 4.576880132585725569e-01 6.448438690917787097e-01 4.816625549052439004e-01 4.247654255596410300e-01
3.580767844373727695e-50 -1.184890469202927363e+02 3.847361447070032359e-01 4.481609115710571967e-02 9.240700253374889428e-01 6.537464306586252549e-01 2.215007746019755919e-01 3.150489105189754335e-01 3.205909771095348804e-01 5.032766384369236068e-01
3.580767844373727695e-50 -1.184890469202927363e+02 2.268989555149676374e-01 3.246486221309224929e-01 5.817472369603293725e-02 2.422332147504835387e-01 2.442888783626917526e-02 3.305436851452608904e-01 5.215565914502025002e-01 4.726992584354797744e-01
3.580767844373727695e-50 -1.184890469202927363e+02 6.006566764086059829e-01 9.729820187941364829e-01 2.352439258651892739e-01 7.430198787771260527e-01 9.623814162421053808e-01 1.085863327132834399e-01 2.461386423676993340e-01 5.174643501907839616e-01
3.580767844373727695e-50 -1.184890469202927363e+02 9.793861223701784136e-01 7.718717278803421955e-02 6.318121648792117684e-01 7.295300428469354559e-01 7.243677206238161581e-01 2.296453900298676132e-01 9.825775140582637679e-01 6.788498123854823652e-01
3.580767844373727695e-50 -1.184890469202927363e+02 8.121013414656741425e-01 7.407544866015385310e-01 2.451368803092464077e-01 5.873353960722355049e-01 8.460635431475671542e-01 6.431519474747350307e-01 7.346464053180146170e-01 6.074179220089684916e-01
3.580767844373727695e-50 -1.184890469202927363e+02 3.894114779006110361e-01 1.009021410678296871e-01 7.856600547202847729e-01 7.923714261657092139e-01 5.223957000043195631e-01 1.395705673788405488e-02 4.173583430686961249e-01 7.959206611345948090e-01
3.580767844373727695e-50 -1.184890469202927363e+02 5.681829311805939309e-01 8.113157469024114832e-01 6.263725004684228548e-01 6.839536766801406209e-01 1.240093979143414016e-01 1.461191287678604844e-01 2.756456368787422173e-01 6.623858346192815771e-01
3.580767844373727695e-50 -1.184890469202927363e+02 2.865840004690023424e-02 6.558458041873937994e-02 3.563827559725650795e-01 9.169932187869708207e-01 9.902509158601439099e-01 8.856949524846716715e-01 8.239245590793747853e-01 3.883896372265661645e-01
3.580767844373727695e-50 -1.184890469202927363e+02 1.792824466995925903e-01 4.440030578091369584e-02 2.559472853165689621e-02 4.143951813530689643e-01 4.550543243395229753e-01 6.799253912964851043e-01 4.661429375283890897e-01 5.968950502394676505e-02
3.580767844373727695e-50 -1.184890469202927363e+02 6.253130232588111070e-03 1.226261975982497754e-01 4.779246361413591604e-01 3.782280469147506485e-01 6.432340295694437549e-01 1.207353381638003320e-01 3.675534325578416750e-01 5.523999729269214454e-01
3.580767844373727695e-50 -1.184890469202927363e+02 9.567396986114401480e-01 5.378315094867817114e-01 1.242197655984553784e-01 2.851156842485179643e-01 2.385220365053447589e-01 7.963830268057400241e-01 3.067605654228704459e-01 4.640066132046765102e-01
3.580767844373727695e-50 -1.184890469202927363e+02 2.642695675861980176e-01 5.978206546468446403e-01 3.515344825954085373e-01 5.871389746592500236e-01 5.517083920432218624e-01 9.546209426341204507e-01 5.972439076595130736e-01 4.213205225547459465e-01
3.580767844373727695e-50 -1.184890469202927363e+02 5.428517056926819295e-01 5.718736876409937775e-01 7.805013722376787921e-01 1.767856110260070945e-01 6.752419780779325142e-01 6.961075256346536122e-01 3.593318869627559753e-01 7.813913728783452584e-01
3.580767844373727695e-50 -1.184890469202927363e+02 6.541546451034441212e-01 1.546122732615099471e-01 2.635327859181230137e-01 6.532049915008518726e-01 5.596487200657773720e-02 5.216023431446883407e-01 6.501692231378214393e-01 4.859402126071197259e-01
3.580767844373727695e-50 -1.184890469202927363e+02 8.083403322083387854e-01 6.325444845750628486e-01 5.485282325463443076e-01 6.895442928109167813e-01 7.447810369369987082e-01 6.222519717146662854e-01 3.364755268401209420e-02 5.328841190138243755e-01
3.580767844373727695e-50 -1.184890469202927363e+02 3.833293571548007650e-01 1.163091976513996872e-01 7.664879120492771314e-01 7.751723580190099661e-01 5.838478232917221344e-02 7.083146241906462803e-01 2.710718189572106640e-01 2.749185203078552409e-02
3.580767844373727695e-50 -1.184890469202927363e+02 4.563287416692203280e-01 4.366842934494854500e-01 7.010703018864794522e-02 9.721383165101962209e-01 4.386283544605654727e-01 1.541768708071065141e-01 9.845610057757109290e-01 9.101852126922902464e-01
3.580767844373727695e-50 -1.184890469202927363e+02 9.509639222132777459e-01 5.089910378960623705e-01 5.481354483465294969e-02 3.405849081518621535e-01 2.097604250243758628e-01 4.212478230072569385e-01 4.744825046014752301e-01 3.110286124378157657e-01
3.580767844373727695e-50 -1.184890469202927363e+02 8.084825085908902143e-01 6.111399762946018166e-01 7.426122056872449528e-01 5.495572617546778948e-01 7.181306463276088126e-01 3.935653264131528939e-01 9.779423128077924243e-02 3.935868338762554819e-01
3.580767844373727695e-50 -1.184890469202927363e+02 2.325558068049594640e-01 1.169860306902833491e-01 8.271527746821737415e-01 8.226184306952175618e-01 5.578836659991831537e-01 2.398331382463037009e-02 2.923226840118140490e-01 9.223708601948711339e-01
3.580767844373727695e-50 -1.184890469202927363e+02 9.797720381095165187e-01 9.288261546604622554e-01 6.892159663596804098e-01 1.840181243563610014e-01 6.978575885687475777e-01 1.937237001196955299e-01 9.152243866995725119e-01 3.807853496141277994e-01
3.580767844373727695e-50 -1.184890469202927363e+02 4.287522588762293640e-01 3.897854504583641022e-01 5.500589584717642255e-01 4.089501258870000822e-01 2.451463414964759613e-01 3.100965440464381606e-01 8.669888850545972581e-01 5.621543501894542549e-01
3.580767844373727695e-50 -1.184890469202927363e+02 2.565349668276073469e-02 3.564284126064163338e-01 2.585339930367827055e-01 3.632685547387609626e-01 3.397512737796594129e-01 1.102598574751478822e-03 8.725957340727011902e-01 6.541144689618508812e-01
3.580767844373727695e-50 -1.184890469202927363e+02 3.099920920590492068e-01 7.226782497346551093e-02 4.061134206923473489e-01 4.141636646228420426e-01 1.598733174238288202e-01 7.361841833233906396e-02 6.628184196649370419e-01 7.819865686996588794e-01
3.580767844373727695e-50 -1.184890469202927363e+02 4.041828992575114965e-01 4.316487987141502947e-01 6.350174046512755410e-01 6.112493461157187946e-01 8.486998814975500460e-01 6.550393041716034981e-01 4.992431924963991463e-02 6.825918074453430906e-01
3.580767844373727695e-50 -1.184890469202927363e+02 4.816460705165368505e-01 8.098605134617017365e-01 4.126898089004482628e-02 6.287287114931316978e-01 4.812011307908669044e-01 3.064374373357328096e-01 8.920729697584922624e-01 3.294859417163809034e-02
3.580767844373727695e-50 -1.184890469202927363e+02 2.744841338471615266e-01 8.215660215171642911e-01 1.750132513107138799e-02 6.780673951265403510e-01 7.860195462654957499e-01 1.638134733416967137e-01 7.523038008676463662e-02 6.595848877405676713e-01
3.580767844373727695e-50 -1.184890469202927363e+02 4.914881330355255207e-01 4.536586249666638704e-01 6.059361255000148549e-01 8.621448847009230976e-01 3.616972180812186854e-01 4.309109649739073511e-02 4.705081158974717681e-01 3.610528714063404587e-01
3.580767844373727695e-50 -1.184890469202927363e+02 8.854994684421082507e-01 3.507676121497033117e-01 1.589689547436947681e-01 3.303620276214779272e-01 1.082241813602802250e-01 9.740713040395619915e-01 7.018245661500017718e-01 3.075153150611098507e-01
3.580767844373727695e-50 -1.184890469202927363e+02 8.843309122786157106e-01 4.423243458949799312e-02 4.776155220143036839e-01 2.026544351255308296e-01 7.817804796079885765e-01 6.025824380355624399e-01 1.439991600432163343e-01 9.105156381977805857e-01
3.580767844373727695e-50 -1.184890469202927363e+02 7.071172022024573289e-01 8.541459229159586997e-02 2.158151124451213043e-01 4.496978842334887760e-01 1.657822356125615570e-01 1.162560619741516144e-01 9.776933409727374125e-01 3.603594042304822942e-01
3.580767844373727695e-50 -1.184890469202927363e+02 4.761290185413404874e-01 5.463439494850398370e-01 7.064212167335198744e-01 9.490075519242954227e-01 4.857416836424549578e-01 9.673866573808099778e-01 9.323958204887579093e-01 3.565949274590840545e-01
3.580767844373727695e-50 -1.184890469202927363e+02 2.340163326417133982e-01 3.973993718020476518e-01 2.899346573083092515e-01 6.565093794709861985e-01 6.245363472444021014e-02 9.027330836374655165e-01 2.202797989567394366e-01 6.441711906543268196e-02
3.580767844373727695e-50 -1.184890469202927363e+02 1.028632356930120340e-01 7.513654916536564032e-01 4.953450177192982862e-01 6.208478284511470546e-01 2.475602816728781352e-01 8.810859504498871342e-01 4.477742417824763788e-01 1.454550605880844394e-03
3.580767844373727695e-50 -1.184890469202927363e+02 6.204770657953394553e-01 6.653477588486859107e-01 4.839087896666990352e-01 2.306686645243649636e-01 5.044576787073160595e-01 1.709720228356648164e-02 2.255972088223675565e-01 6.987235684758589249e-01
3.580767844373727695e-50 -1.184890469202927363e+02 9.212269389292849775e-01 9.656209041152263861e-02 5.684666225816000784e-01 4.513937869143025416e-02 5.695080300943226037e-01 4.928065435754397372e-01 5.505967575401192748e-01 3.536112946421107184e-01
3.580767844373727695e-50 -1.184890469202927363e+02 6.622651178932521532e-01 5.401599409965317511e-01 9.237590182859622967e-01 8.685895632321850579e-01 6.564250656303304288e-01 2.835082170573801630e-01 6.086297285365854792e-01 4.600023142480625937e-01
3.580767844373727695e-50 -1.184890469202927363e+02 7.189451220024349887e-01 2.144980614265934449e-03 7.707923163348915363e-01 3.006369743060244293e-02 1.920013304822942857e-03 3.013943564318080082e-01 4.349408730847141857e-01 9.967209696834210542e-01
3.580767844373727695e-50 -1.184890469202927363e+02 4.564580849731177947e-01 8.427316259181747427e-01 5.180017758581412224e-01 6.723375864485882092e-01 7.053148522457248770e-01 2.061610453433027068e-01 2.456864094609990667e-01 6.774950002665710569e-01
3.580767844373727695e-50 -1.184890469202927363e+02 2.533888887010556923e-01 8.910452178417860303e-01 2.878881487589947108e-01 8.205908167639668349e-01 7.646269835971767348e-01 2.941901549285358408e-01 9.300495407862852115e-01 6.006930763996505274e-01
3.580767844373727695e-50 -1.184890469202927363e+02 4.250562420835886090e-01 8.228439093044398467e-01 7.123676345205725013e-01 8.303538410348901833e-01 4.836919091726421538e-02 3.306809102360682706e-01 6.207092521072895552e-01 6.462550658377516077e-01
3.580767844373727695e-50 -1.184890469202927363e+02 7.959080010618913015e-02 9.867214091322442648e-01 2.033558975999051333e-01 5.257626647169447720e-01 7.875752361936723123e-01 4.313228590927976613e-01 1.091220110611037519e-01 4.347290070668576867e-01
3.580767844373727695e-50 -1.184890469202927363e+02 7.208008049514966764e-01 5.486092800900381761e-01 1.397011884145185068e-01 5.579884499717393531e-01 3.599655505544318013e-01 8.250120935726458216e-01 2.143589636824312361e-01 7.433328087891801772e-01
3.580767844373727695e-50 -1.184890469202927363e+02 6.052653001196859339e-01 1.391911716644891328e-01 1.935426822714227946e-01 5.219907109643621146e-01 7.035394755250780063e-01 8.536874063016800518e-01 4.351163710391373618e-01 9.064904997409668486e-01
3.580767844373727695e-50 -1.184890469202927363e+02 6.054576722662787791e-01 9.013532330460297670e-01 6.975059039939855987e-01 7.867729204968472168e-01 4.850244836284239858e-01 3.802029060038019104e-01 6.286145212291901485e-01 3.923834258214933257e-01
3.580767844373727695e-50 -1.184890469202927363e+02 7.688093335769218273e-01 6.510410975338351003e-01 9.850086045702789450e-01 7.787071273155639073e-01 3.652942915533528012e-01 6.242579082386586764e-01 9.462707329605970497e-01 6.500805765870240061e-01
3.580767844373727695e-50 -1.184890469202927363e+02 5.815959305337194962e-01 6.802461376602453313e-02 6.230281048742281058e-01 1.988734268470269129e-01 3.719594736791272949e-01 2.660871978880285926e-02 5.898132249525711579e-02 3.254908906713149808e-01
3.580767844373727695e-50 -1.184890469202927363e+02 8.583939515780146801e-01 2.388734444774986976e-02 6.836305582604185194e-01 1.301320337080025258e-02 5.305834522604087056e-01 1.970430225893923248e-01 2.193941838346014084e-02 7.761850897660274029e-01
3.580767844373727695e-50 -1.184890469202927363e+02 8.470991500042409639e-01 3.992775656641799342e-01 3.383277832936740781e-01 5.043493528828139061e-01 7.485606907904381879e-01 8.407137859306945682e-01 3.915210155288796345e-01 7.909005660313446207e-01
3.580767844373727695e-50 -1.184890469202927363e+02 9.724300390747786516e-02 9.381258406864964039e-01 9.886138918576754531e-01 5.088663356477944877e-01 7.788483326346482549e-01 1.980362468039189583e-01 7.616757602845909414e-01 9.405865836982981731e-01
3.580767844373727695e-50 -1.184890469202927363e+02 8.437880772127344109e-01 5.802847381874218780e-01 8.232387156041212073e-01 1.954046780813079032e-02 3.308214426032459743e-01 6.723597256528696109e-01 5.277039842056172603e-01 9.755945585525780395e-01
3.580767844373727695e-50 -1.184890469202927363e+02 9.286025509176953907e-01 8.778132656119120858e-01 3.960252216897799382e-01 7.281900472831724924e-01 3.185061549460910246e-01 9.796611848978669101e-01 8.335028507796682362e-01 2.988611085353857222e-01
3.580767844373727695e-50 -1.184890469202927363e+02 3.352961060649710667e-01 2.383143454209377676e-01 2.923351652900666453e-01 4.603646257688789323e-01 7.971893414667110545e-01 3.030921869112782607e-01 6.817085041566351977e-01 7.636151109649236268e-01
3.580767844373727695e-50 -1.184890469202927363e+02 5.776849949864124589e-01 8.754405961090742094e-01 1.419591818159231522e-01 8.441307501112328415e-01 2.309163771148862176e-01 6.404435502545198222e-01 1.192243383873954343e-01 3.633718610899172585e-01
3.580767844373727695e-50 -1.184890469202927363e+02 8.895875284007436212e-01 1.241231967506861711e-01 8.039875941025753647e-02 4.158543567409299646e-01 2.134876398902489925e-01 7.010974889613796890e-01 5.225841528940210479e-01 3.224826092941917022e-01
3.580767844373727695e-50 -1.184890469202927363e+02 4.653762916748224177e-01 9.295635831863827692e-01 8.536626714421746698e-02 9.418585695951314785e-01 7.325651052758940240e-01 6.333349181703938902e-01 3.562089921103918089e-01 6.277220356188182304e-01
3.580767844373727695e-50 -1.184890469202927363e+02 9.276379181336946722e-03 3.650602028589303716e-01 2.523556420060079075e-01 6.201209249586914218e-02 2.807549781380399567e-01 7.191928006796912687e-01 3.728653327268671713e-02 5.093649272215821089e-01
3.580767844373727695e-50 -1.184890469202927363e+02 6.213511165239300471e-01 2.495434767640319906e-01 3.794509132667249762e-01 5.359872531740614843e-01 5.876017792377089544e-01 2.586961557712826876e-01 8.309649992740706370e-01 9.378484139295216737e-01
3.580767844373727695e-50 -1.184890469202927363e+02 1.411478950781386299e-01 5.718447129638699611e-01 3.558839250268934773e-01 5.596957044737792542e-01 7.214880830725916017e-01 5.052108665818082489e-01 6.686342338412840647e-01 4.105006757857346811e-01
3.580767844373727695e-50 -1.184890469202927363e+02 2.199624932248295250e-01 6.988456519172414616e-02 6.583867565780047171e-01 7.369334159829639130e-01 1.245441900306319960e-01 6.906412943104137669e-01 9.957616263720614480e-02 7.963465915980715293e-01
3.580767844373727695e-50 -1.184890469202927363e+02 3.693625560198767754e-01 2.901157695820612004e-01 4.427033441678134285e-01 7.516318419640291015e-01 3.958684998229968777e-01 1.935189775671768420e-01 5.381353903531127525e-01 7.832428993558155916e-01
3.580767844373727695e-50 -1.184890469202927363e+02 7.314371095666347689e-01 1.835421671081125528e-01 2.220347392736873315e-01 3.600268573526341775e-01 1.700216808262682289e-01 1.612243023906169137e-01 5.284913364733417884e-01 4.083229087342979957e-01
3.580767844373727695e-50 -1.184890469202927363e+02 5.803427613488243431e-01 9.340617428041402270e-01 8.773243226659177552e-01 7.567674270232188638e-01 4.492385579719011535e-01 9.072679288939367037e-02 7.951073094459102375e-01 8.678411813493623894e-01
3.580767844373727695e-50 -1.184890469202927363e+02 4.499088128084607341e-01 1.696386959192319743e-01 1.404544523340527373e-01 8.128749362251388444e-01 7.967021843788443247e-01 7.125475663729545772e-01 3.580334819895856224e-01 8.128054604647382275e-01
3.580767844373727695e-50 -1.184890469202927363e+02 3.653561060114850489e-01 3.040000052049061097e-01 8.089472216928028647e-01 2.508150636182561177e-01 9.203588906756727805e-01 2.608606160844706423e-01 1.595009200179254849e-01 8.574307850954103749e-01
3.580767844373727695e-50 -1.184890469202927363e+02 8.357962577992950060e-01 1.120431771020973244e-01 2.067594075163143863e-01 3.298223978358875152e-01 2.916312200239934427e-01 8.665815694975459449e-01 2.345831944193494945e-01 4.021775508093884399e-01
3.580767844373727695e-50 -1.184890469202927363e+02 6.615635462779471121e-01 3.671421387126547753e-01 4.842868294484797831e-01 3.160700640432987374e-01 5.413056467240360270e-01 6.838507907594131296e-01 1.423337864069336156e-01 7.579919602577173121e-01
3.580767844373727695e-50 -1.184890469202927363e+02 8.845620145195692841e-01 2.704927357737049176e-01 3.058927332960967860e-01 5.149086945047488539e-01 8.073372471143004381e-01 1.616414294917545291e-03 3.046220932362869727e-01 9.003727240130585674e-01
3.580767844373727695e-50 -1.184890469202927363e+02 6.266758963200352861e-01 6.076139785130162396e-01 2.459301980169706914e-01 7.191268539440495156e-01 1.887016948285740181e-01 4.376166869090905021e-01 4.549737149355330690e-01 7.552222421307349665e-01
3.580767844373727695e-50 -1.184890469202927363e+02 4.310404526855768914e-01 9.732481199122214877e-01 1.866113216494054150e-01 5.603480082773691917e-01 9.548984966997156043e-01 8.348136879285495970e-01 8.585074672986969802e-03 5.420733279983660502e-01
3.580767844373727695e-50 -1.184890469202927363e+02 6.412860621872564781e-01 9.398418816561737721e-01 6.569065519184509316e-01 9.154984302188705625e-01 4.530136010681748981e-01 1.769171403535946263e-01 4.915318848055342249e-01 7.437625462299538581e-01
3.580767844373727695e-50 -1.184890469202927363e+02 4.251510170488237428e-02 7.283485384658157091e-01 8.837061653964255470e-01 4.663285011788897982e-02 5.236143619041788710e-01 7.802930861540797736e-01 3.224369772889037478e-01 5.011016030514758857e-02
3.580767844373727695e-50 -1.184890469202927363e+02 8.942081926742624365e-01 8.670896270904402403e-01 2.665017354094336710e-01 2.711413407451199742e-01 5.920836028127481887e-01 3.445572374093182066e-01 5.273362309340956511e-02 8.089143779806248213e-01
3.580767844373727695e-50 -1.184890469202927363e+02 6.538135395982136444e-01 8.660758835032654757e-01 8.835864161690561991e-01 2.412099575789228290e-01 6.796866192750908864e-01 7.141236937101982374e-01 3.653142860707173645e-01 3.426723581295518795e-01
3.580767844373727695e-50 -1.184890469202927363e+02 1.465545529984487727e-01 7.025640265639861992e-01 9.177619853542570150e-01 1.874493944943657064e-01 5.170556180822938330e-02 4.047922834863757480e-01 4.779336393097396440e-01 8.386755530467278064e-01
3.580767844373727695e-50 -1.184890469202927363e+02 3.748464600955058179e-01 2.668724450724929698e-01 6.132200658494579848e-02 6.555400854135450261e-01 6.228003804980785096e-01 3.344117495482225033e-01 1.434855896287603461e-01 6.017474826094391105e-01
3.580767844373727695e-50 -1.184890469202927363e+02 9.883462864458324448e-01 7.384652155088933245e-01 7.969397298933943441e-01 6.285624248636650924e-01 8.498068451865626871e-01 1.326390773583372429e-01 5.386655030743427996e-01 3.437723936384381451e-01
3.580767844373727695e-50 -1.184890469202927363e+02 5.011982526392404491e-01 6.756314765723416826e-01 2.373613444653024374e-01 7.904774555974172223e-01 3.606820250751726631e-01 1.951341509499003868e-01 1.242204004626479286e-02 8.168315428060628491e-01
3.580767844373727695e-50 -1.184890469202927363e+02 9.579737202279067221e-01 3.394666873109831728e-01 3.535761022687435862e-01 2.500076889153097781e-01 9.297111158482408433e-01 1.213528091572002587e-01 1.288311465831246672e-01 5.396762130216690156e-01
3.580767844373727695e-50 -1.184890469202927363e+02 8.861328704018048841e-01 6.570243847381602720e-01 9.672011375222706597e-01 9.358560241974968053e-01 1.585862403965099254e-01 6.404179360222538309e-01 5.533459644253708731e-01 2.980507907295903980e-01
3.580767844373727695e-50 -1.184890469202927363e+02 3.629927990455004139e-01 9.038835529976769756e-01 2.892093359091524318e-01 6.493311813892473916e-01 9.931034273412053803e-01 8.299884378778659144e-01 2.044493768344494145e-01 9.243976842779868530e-01
3.580767844373727695e-50 -1.184890469202927363e+02 3.728499396115330100e-01 2.648947523982191354e-01 2.226298972013824873e-01 1.423652125317498296e-02 8.944184199300748705e-01 6.026523900469022976e-01 9.461643956096015273e-01 8.384580931204475007e-01
3.580767844373727695e-50 -1.184890469202927363e+02 5.479762246797970082e-02 2.471623924744664746e-01 3.225289482458059132e-01 4.258066224066492378e-01 2.759005365856894709e-01 9.256669668323899147e-01 4.568723043043541043e-01 3.719244753127405323e-01
3.580767844373727695e-50 -1.184890469202927363e+02 1.682927692170756995e-01 3.861666990297807356e-01 9.095361590794549533e-01 7.311455448945203273e-01 8.574040975068714099e-01 9.666812705500111846e-01 4.160822802168840928e-01 3.604036766238609690e-01
3.580767844373727695e-50 -1.184890469202927363e+02 7.076070236884232090e-01 6.921713162747519243e-01 6.876764396852175221e-01 6.234205340082588087e-01 8.903594730337834884e-01 3.250204645587296826e-01 6.767841311343704147e-01 7.385177292698837936e-01
3.580767844373727695e-50 -1.184890469202927363e+02 5.006429603535297312e-01 1.217849736416853901e-01 1.779317710334038516e-02 8.172240884615555867e-02 7.507624167346952371e-01 4.116877338524023155e-01 5.546580492203484480e-01 7.593509466568294508e-01
3.580767844373727695e-50 -1.184890469202927363e+02 5.430286297864890255e-01 4.997394116934141817e-01 3.972291829798788587e-01 4.124859893552740298e-01 9.181919661853623627e-01 4.178176717226295134e-01 1.330439328632295748e-01 4.199252822301208221e-01
3.580767844373727695e-50 -1.184890469202927363e+02 9.717548902264591115e-01 9.460208191425465429e-01 2.978345688293625448e-01 9.243466516032763369e-01 3.347427545271587368e-01 5.547090031577913694e-01 8.942502106486355240e-01 8.007004353401840913e-01
3.580767844373727695e-50 -1.184890469202927363e+02 6.957966362294443208e-02 9.011596738924290140e-01 2.627723798615644313e-02 3.699412170336623396e-01 4.725995883393179220e-01 5.720987375151234122e-01 4.820747779244900499e-01 4.461952404469350375e-01
3.580767844373727695e-50 -1.184890469202927363e+02 9.512616322265521340e-02 4.349395818081415177e-01 9.213800391162287884e-01 1.454154061325609870e-01 7.821610643570819921e-01 6.673212230627955099e-01 3.963856032343791025e-01 7.662973303426933169e-01
3.580767844373727695e-50 -1.184890469202927363e+02 6.677599750051088634e-02 5.030380786109902580e-01 3.945115120955317023e-01 3.147768137587486637e-01 9.461925606642276332e-01 6.489022601151888114e-01 1.434340196033691006e-01 9.686180343367239987e-01
3.580767844373727695e-50 -1.184890469202927363e+02 1.645350842709489836e-01 4.681686516690293232e-01 4.245945759082241366e-01 5.184584673612474548e-01 5.255549547671258814e-01 3.970658245940796860e-01 3.617947077596849192e-01 5.033782441407997910e-01
3.580767844373727695e-50 -1.184890469202927363e+02 2.734523442985057340e-01 9.864072988032923650e-01 4.688901749423781684e-01 4.893295410420872571e-02 4.219165167429052010e-01 7.334144251324032915e-01 1.715040808595171828e-01 8.605587983103296645e-01
3.580767844373727695e-50 -1.184890469202927363e+02 2.341461012537514597e-01 6.120241741865748430e-01 7.311268391156305890e-01 5.033712370413544468e-01 2.169578238014059357e-01 7.731491291843327618e-01 2.297558608886772769e-01 5.234906913852633847e-01
3.580767844373727695e-50 -1.184890469202927363e+02 6.590443566676499332e-01 6.023854848385925553e-01 8.943773209315303285e-01 5.511900055247842545e-01 8.719044238796950230e-01 2.517262852979765819e-01 9.151173503446929924e-02 7.285510946901181395e-01
3.580767844373727695e-50 -1.184890469202927363e+02 2.404436952352780876e-01 6.738947052771639967e-01 4.654656454327169568e-01 8.290251654965242745e-01 9.021760919015090474e-01 2.303644015348197405e-01 9.031130470312102032e-01 9.051398142725748386e-01
3.580767844373727695e-50 -1.184890469202927363e+02 2.098752596448979491e-01 8.754421409128646525e-01 9.605906030431810017e-02 9.497645339318385727e-01 3.814631195516404727e-02 4.892342754172827046e-01 2.502545067276266133e-01 3.651642977208413576e-02
3.580767844373727695e-50 -1.184890469202927363e+02 1.555696846149495771e-01 6.924137572919855099e-01 5.605566981653811176e-01 3.172945848220420917e-01 8.669943576131671215e-01 4.935474922753324556e-01 6.432089485438193810e-01 5.947586328191661886e-01
3.580767844373727695e-50 -1.184890469202927363e+02 1.250437712838462501e-01 7.777701844029720757e-01 8.681029542291063272e-01 9.398490114814475049e-01 7.422014422649659826e-01 1.002942979841237037e-02 1.038775184506396387e-01 7.203039403860702627e-01
3.580767844373727695e-50 -1.184890469202927363e+02 3.813075256692423087e-01 3.021742893078841474e-01 3.532932504323327283e-02 3.743550458599526065e-01 4.683241661771729847e-01 6.167243976132874561e-02 7.455709620488013556e-01 4.420968262074425059e-01
3.580767844373727695e-50 -1.184890469202927363e+02 4.799603601718815948e-01 4.668228747638678566e-01 7.625756088046756753e-01 3.462894539716896425e-01 9.146865758180534600e-01 2.446468101789895933e-01 8.640777224469001760e-01 5.604700680944021407e-01
3.580767844373727695e-50 -1.184890469202927363e+02 9.582785186837974312e-01 8.097175804682610334e-02 4.030050823492612455e-01 4.469831471377881948e-01 9.682204735935434625e-01 9.457248805950672077e-01 5.140696720386072061e-01 9.233495846586268208e-01
3.580767844373727695e-50 -1.184890469202927363e+02 6.104305461993331239e-02 1.722228178393744313e-01 5.040357636203135483e-01 7.542326218544637140e-02 7.028572936359129830e-01 5.300444814979862196e-01 4.213503737973556262e-01 9.153011942462037087e-01
3.580767844373727695e-50 -1.184890469202927363e+02 5.234797497202700045e-01 4.679899480951217328e-01 2.675994514577577643e-01 4.715174455456564440e-01 8.994751587516550684e-01 5.801233529070268791e-01 2.765724154330254647e-01 3.996459492081804177e-01
3.580767844373727695e-50 -1.184890469202927363e+02 2.535818905169106019e-01 1.573540153410452058e-01 8.239842722976319367e-01 9.243368118704157199e-01 6.313226527962149115e-01 9.024191544716257951e-01 1.200086114205441978e-01 7.209847011160908092e-01
3.580767844373727695e-50 -1.184890469202927363e+02 9.589040824330918866e-02 1.669704075890241501e-01 3.290787533677230758e-01 9.125310427116340994e-01 6.221016608007793325e-01 7.264012354203744914e-01 6.573556663949764456e-03 9.562984958463424112e-01
3.580767844373727695e-50 -1.184890469202927363e+02 4.867793488843333849e-01 6.273269849297956613e-01 9.149811495609426748e-01 6.478528963680724173e-01 5.579048563039284980e-01 4.647416800414359006e-01 5.043290792260196609e-01 8.637991438461887217e-01
3.580767844373727695e-50 -1.184890469202927363e+02 8.178428394909000865e-01 1.647820876914071198e-01 1.837417610934058976e-01 1.300581198701203922e-01 9.691347691549346832e-01 4.339715321837485096e-01 5.127799702924681347e-01 5.034556461948412887e-01
3.580767844373727695e-50 -1.184890469202927363e+02 7.937005753559156496e-01 3.282214724591336896e-02 5.387809654753928923e-01 9.471052985492468546e-01 8.098335052248928356e-01 8.031761183604870791e-01 6.164087351134859283e-01 7.858513341957739096e-01
3.580767844373727695e-50 -1.184890469202927363e+02 1.844993913573746980e-01 9.103455805833864378e-01 1.566213932591693503e-01 2.933877308564644126e-01 9.105399068367048265e-02 3.847556359156860672e-01 1.229740782752314354e-01 7.837108833642704164e-01
3.580767844373727695e-50 -1.184890469202927363e+02 1.676882883197499119e-01 6.489473745707254881e-01 3.810604332918715587e-01 5.173481792162459847e-02 7.722145135695871465e-01 3.336259548562059418e-02 1.897983551413487957e-01 8.766090657071360370e-01
3.580767844373727695e-50 -1.184890469202927363e+02 4.694503630577343545e-01 6.940111150970328380e-01 8.488009053837674012e-01 3.007437108656666469e-01 2.586455923734048978e-01 4.187745878335461525e-01 8.621941662589333033e-01 4.507323078801448446e-01
3.580767844373727695e-50 -1.184890469202927363e+02 9.470746676973770262e-01 4.452480114220473961e-01 3.222638247271131240e-01 9.910646658083729355e-01 7.489510586235139655e-01 7.459710863617797783e-01 1.018313818770458790e-01 8.078539088600135143e-01
3.580767844373727695e-50 -1.184890469202927363e+02 1.843881119421443282e-01 6.685013879903476397e-01 6.840829187472531325e-01 4.650376528262687437e-01 1.321273028332885513e-01 6.282097592889412940e-02 6.482845681009822281e-01 4.801017826497007146e-01
3.580767844373727695e-50 -1.184890469202927363e+02 2.396994729612322850e-02 3.415830098183109120e-01 3.357039083362982623e-01 6.962823780139805185e-01 9.431017652341963098e-01 8.591444996035688675e-01 1.936543853599141940e-01 5.331270686935001279e-01
3.580767844373727695e-50 -1.184890469202927363e+02 7.932806765794504500e-01 3.358046757110683123e-01 1.884009028192989987e-02 7.187650767569411236e-01 7.739040998476416355e-01 4.702581825185604414e-01 5.915644406180851078e-01 5.527031118697853795e-01
3.580767844373727695e-50 -1.184890469202927363e+02 2.137793768949595163e-01 6.258817989215560429e-01 4.905760004185730772e-01 7.264158852133536515e-01 1.181738564543033387e-02 1.444254510006632852e-01 4.597760417726962645e-01 6.546888568515947249e-01
3.580767844373727695e-50 -1.184890469202927363e+02 4.240818719335497367e-01 1.320920690292437527e-01 9.028180954131563851e-01 6.920148379672005357e-01 5.153520953679826544e-01 9.386574577477166947e-01 4.414450461332486420e-03 8.052671768940505848e-01
3.580767844373727695e-50 -1.184890469202927363e+02 6.672450843474266868e-01 7.731741146015994604e-01 1.268790880631941453e-01 2.849750035088782774e-02 8.055386911122838223e-01 4.750244465035057262e-01 4.287098166400049593e-02 5.583267564887016698e-01
3.580767844373727695e-50 -1.184890469202927363e+02 8.645311773221350249e-01 2.251832304519395533e-01 7.585236549807988782e-01 3.930025027662069625e-01 5.208322994914887927e-01 7.842964392889820724e-01 9.577557604221929033e-01 8.525040105966025239e-01
3.580767844373727695e-50 -1.184890469202927363e+02 2.215445639971088676e-01 6.001791415352726311e-01 9.821970034744620381e-01 4.154588090377376863e-01 8.044527828314712581e-01 5.780127384054678519e-02 7.820597788748542278e-01 7.253015053556881586e-01
3.580767844373727695e-50 -1.184890469202927363e+02 9.209024626108002209e-01 9.191024796794589058e-01 1.558024212987644264e-01 1.453197916198060158e-01 8.512499426264964475e-01 9.862802080000511173e-01 7.697809581120789169e-01 2.922426021566582044e-01
3.580767844373727695e-50 -1.184890469202927363e+02 8.587447901753552104e-01 8.013731745676754281e-01 8.788469197615068618e-01 8.185283097481388381e-02 5.376781398720130722e-01 7.048996944278395071e-01 7.250497942049000111e-01 8.011065369684724491e-01
3.580767844373727695e-50 -1.184890469202927363e+02 9.672180949780497805e-01 8.686508346657515478e-01 1.473102073821193070e-01 8.966843265341627456e-01 3.941514153709079205e-01 5.935390638231119453e-02 7.655689089245808487e-01 7.606377744806729346e-01
3.580767844373727695e-50 -1.184890469202927363e+02 9.513288797707605271e-01 5.580833448322249923e-01 1.873603332662935328e-01 2.778487516737704333e-03 3.956525604051184253e-01 8.764017037947653410e-01 8.736874901213275146e-01 4.349292284420849253e-01
3.580767844373727695e-50 -1.184890469202927363e+02 1.278199499647763027e-01 8.966704677715253702e-02 9.808247769935657390e-01 1.729041948722381816e-01 1.284108030156960734e-01 7.030754915628125712e-01 8.871638333945431887e-01 9.875084495820795061e-01
3.580767844373727695e-50 -1.184890469202927363e+02 9.884077300083271567e-02 3.132318060063651322e-01 7.540186406455541279e-01 6.008761406241819314e-01 1.355468367407058894e-01 3.767710486845817774e-01 5.294813338215199616e-01 9.363450895278137009e-01
3.580767844373727695e-50 -1.184890469202927363e+02 5.062792409985704678e-01 7.191482283078911575e-01 6.145342606512068651e-01 9.396602655045750430e-01 1.906646033851707722e-01 4.632306874143206077e-01 9.671614771671159794e-01 3.097461152148175412e-01
3.580767844373727695e-50 -1.184890469202927363e+02 1.641578345522617388e-01 4.424777624161069234e-02 4.633646615675615088e-01 6.603956778122292981e-01 4.713887114079574614e-01 3.318145276923938347e-01 8.070106518037201138e-02 4.935434666939334525e-01
3.580767844373727695e-50 -1.184890469202927363e+02 4.834581047154358213e-01 5.715547214777757512e-01 6.512613009929681951e-01 3.671032111882880367e-01 9.802407287547575399e-01 8.851108645861083257e-01 1.896367059828514279e-01 5.195203800576649877e-01
3.580767844373727695e-50 -1.184890469202927363e+02 3.647287442407812774e-01 3.437031589362438133e-02 4.910815012315165040e-01 7.295053620311088283e-01 9.186071291795497862e-01 1.938583398497669696e-01 8.115011522992539028e-01 8.468044124059477262e-01
3.580767844373727695e-50 -1.184890469202927363e+02 3.294176696107412594e-01 3.933968840708024217e-01 6.905886783514056937e-01 8.805592912827323593e-01 6.144933112281669718e-01 7.189708632859183046e-01 3.932337713926269407e-01 7.119705014141587407e-01
3.580767844373727695e-50 -1.184890469202927363e+02 1.907652197527506255e-01 5.352010206655702929e-01 4.274634705023691028e-01 6.153348713612565302e-01 6.336730053205796853e-01 3.419761428428415018e-01 1.430973105891760744e-01 1.120141830701049113e-02
3.580767844373727695e-50 -1.184890469202927363e+02 2.219652699480338942e-01 7.880625699683765362e-01 6.955552531415067907e-01 9.683965643414472746e-01 6.024065625420605974e-01 7.617397383733670591e-02 6.040731653661159939e-01 7.559262760547282856e-01
3.580767844373727695e-50 -1.184890469202927363e+02 4.237513542705906300e-02 9.411597951615188196e-01 7.446548606400540393e-01 6.046096980711439528e-01 5.879771760501668609e-01 9.435217053469043824e-01 5.718689542480809296e-01 6.916375874061686524e-03
3.580767844373727695e-50 -1.184890469202927363e+02 5.663872327958782149e-01 8.195495554537614025e-01 9.802654902433581841e-01 4.524304754301796683e-01 6.712192783607064950e-01 8.620493410657092959e-01 2.184162280205205198e-01 5.681375719054733153e-01
3.580767844373727695e-50 -1.184890469202927363e+02 2.525706034949681822e-01 5.549641161975561454e-01 9.048712395505922323e-01 7.550994521816831728e-01 9.640543690608660565e-01 7.356166305767367630e-01 9.716079943121208595e-01 6.329391282387699658e-01
3.580767844373727695e-50 -1.184890469202927363e+02 8.483094059849877189e-01 3.535251621505219877e-01 7.139176097574549962e-01 8.918960545058240985e-02 7.937861023718910669e-01 2.737748199015643813e-01 3.352282259848780033e-01 3.796462819211255946e-01
3.580767844373727695e-50 -1.184890469202927363e+02 9.887301588568536692e-01 3.395790172282419084e-01 9.467777621513757680e-01 9.736339710962200744e-01 2.071352622407163224e-02 8.827510330535888183e-01 4.753189255527663359e-01 6.837723341978114711e-01
3.580767844373727695e-50 -1.184890469202927363e+02 5.871015649764140809e-01 2.262285102921860469e-01 2.861626105382077956e-01 2.377786434757681588e-01 8.285530514727684759e-01 1.637912060723396568e-01 8.345273239214825445e-01 3.736258722964779233e-01
3.580767844373727695e-50 -1.184890469202927363e+02 3.525636462985128894e-01 4.917899662636785463e-01 4.273772335909750142e-01 3.613438451933727036e-01 4.490086648519199253e-01 4.801695283424988192e-01 8.570172374943251237e-01 7.688824801809787113e-01
3.580767844373727695e-50 -1.184890469202927363e+02 9.711283035631893545e-01 8.905184648581273565e-01 4.992995330788215780e-01 9.446173245985574063e-01 6.836420061619811195e-01 4.035101314513356296e-02 3.609446036092196497e-01 7.809581213444201087e-01
3.580767844373727695e-50 -1.184890469202927363e+02 5.686586579581170975e-01 7.607279024859068262e-01 2.956975451171309777e-01 5.341898910021699587e-01 6.507773569876786901e-01 4.620102420388224607e-01 9.415844815981947447e-01 8.064896463783943759e-03
3.580767844373727695e-50 -1.184890469202927363e+02 7.385037471079641813e-01 1.075725435205475700e-01 1.480654115847144237e-01 2.369315440397403716e-01 7.107359430958701818e-01 8.080026777878325239e-01 5.000835008857994479e-01 7.946647432535587363e-01
3.580767844373727695e-50 -1.184890469202927363e+02 5.220632218530626423e-01 5.470909398036125637e-01 4.828078699772141436e-01 4.473275820196506158e-01 2.609823177766191771e-01 7.185558510310040559e-01 2.051038618804310598e-01 6.890910832589510759e-01
3.580767844373727695e-50 -1.184890469202927363e+02 1.265298090043271984e-01 6.285379195501960004e-01 2.389090590647737766e-01 1.230727538266811472e-01 5.811774430308472850e-01 1.440774306345945499e-01 7.210343878338613122e-01 5.186110689394318740e-02
3.580767844373727695e-50 -1.184890469202927363e+02 9.485725774691911028e-02 1.322308827795384278e-01 8.270158224027104321e-01 9.486280994743925277e-01 5.626090893668582726e-01 1.376166079533480691e-01 8.940540935188319160e-01 4.932271022233030155e-01
3.580767844373727695e-50 -1.184890469202927363e+02 5.710488563533923090e-01 4.432602666407303715e-01 3.795149978032449356e-01 6.154347959759439712e-01 9.294272516724566557e-02 4.365206425649676980e-01 6.550665612274231275e-01 9.441379245015156796e-01
3.580767844373727695e-50 -1.184890469202927363e+02 8.903999274814690112e-01 6.348607849454491747e-01 7.492167243897852602e-01 2.082079602835967824e-01 5.248541545687372967e-01 4.842018058472933317e-01 6.411655512423121150e-01 7.100776009524134569e-01
3.580767844373727695e-50 -1.184890469202927363e+02 6.475178811922637223e-01 4.434578783493504650e-01 2.012664731936938400e-01 8.147044016488426132e-01 3.717592674701832856e-01 6.243206744366666117e-01 6.531915427097320093e-01 5.762195126007663148e-01
3.580767844373727695e-50 -1.184890469202927363e+02 2.154144718938628689e-01 1.130717120389564956e-01 1.906944238502079614e-01 7.566879565766837512e-01 9.024312433578715043e-01 3.964764826620280624e-01 6.656288821033600200e-01 4.959231677058084653e-01
3.580767844373727695e-50 -1.184890469202927363e+02 1.850580192622744979e-01 8.787233711802935332e-01 1.002325397691334885e-01 5.237028367282894337e-01 6.637986108631546145e-01 4.339133177892973148e-01 1.721756501205683465e-01 1.922037231237438970e-02
3.580767844373727695e-50 -1.184890469202927363e+02 5.127225957205584495e-01 3.879194697860410823e-02 1.683204125028882059e-01 1.166542385552332695e-01 4.890545097981194855e-01 7.210203500350476080e-02 3.769271709016679406e-01 6.312335228413809007e-01
3.580767844373727695e-50 -1.184890469202927363e+02 2.564264446589527013e-01 1.483958120909721901e-01 2.258155008298784461e-01 7.438163786848598358e-01 5.815539756745452538e-01 3.586811939849084974e-01 3.467847788937570286e-01 9.259495500600917195e-01
3.580767844373727695e-50 -1.184890469202927363e+02 3.932231354767045106e-01 6.981412168849197020e-01 6.161998190699454758e-01 9.759364425665739695e-02 3.820598684968538050e-01 8.808209250219284359e-01 7.953651159220465061e-01 4.520265266119212200e-01
3.580767844373727695e-50 -1.184890469202927363e+02 2.058833134285098510e-01 6.718975007088563434e-01 2.266149932543193302e-02 8.006128157067233797e-01 2.032260648927942670e-01 5.912325131887449237e-01 7.690670552838207996e-01 9.758096087059157098e-01
3.580767844373727695e-50 -1.184890469202927363e+02 4.169796203467651674e-01 7.662563908060502360e-01 4.070757829181500531e-01 9.787994222184929205e-01 4.193928567008973207e-01 6.134736369498058339e-01 2.199248846471355545e-01 1.191808514741277136e-02
3.580767844373727695e-50 -1.184890469202927363e+02 8.561608961253160954e-01 4.316146861112171162e-01 5.592118105466092892e-02 7.830676884578893215e-01 5.328406564106559218e-01 7.962403837808963436e-01 9.799810726142061945e-01 5.118265257688144887e-01
3.580767844373727695e-50 -1.184890469202927363e+02 5.033863377658904792e-01 3.483785154886592794e-01 7.133455384091548224e-01 4.447509023076949841e-01 6.227771563573890612e-01 2.553656830712744963e-01 8.163805947636659788e-01 8.221284140785003469e-01
3.580767844373727695e-50 -1.184890469202927363e+02 5.496188311752667754e-01 5.790855776343193373e-01 1.137310347872801941e-01 8.629068793760192868e-01 8.713529506161619143e-01 8.550104932566986449e-01 5.090578379956528510e-01 3.316099742552435226e-01
3.580767844373727695e-50 -1.184890469202927363e+02 9.948509928990343365e-01 4.144215159330144616e-01 2.970853176451335731e-01 1.666495823370093277e-01 6.716177993017211634e-01 6.111347551645838205e-01 5.816828108767536643e-01 6.795100764123624959e-01
3.580767844373727695e-50 -1.184890469202927363e+02 1.251558311886072916e-01 3.185293810885935217e-01 2.039387118848996483e-01 3.101433106098256953e-01 1.712865875012548056e-01 3.392407690039188628e-01 4.752460769057805789e-01 6.698588255209958486e-02
3.580767844373727695e-50 -1.184890469202927363e+02 9.779186176523697593e-01 9.758225029051995625e-01 1.899442589252556823e-01 9.714896896231247636e-01 6.345690306628946065e-01 9.441967928846710656e-01 2.128101509098139221e-01 7.312738029523350169e-01
3.580767844373727695e-50 -1.184890469202927363e+02 6.080036032881789287e-01 9.948711874407621947e-01 4.400865458943425956e-02 6.928744776282581563e-01 1.002110633472256263e-01 2.499559535305413416e-01 1.936657724313298745e-01 9.369370973795174695e-01
3.580767844373727695e-50 -1.184890469202927363e+02 7.570902962266878866e-01 3.115096087060007513e-01 2.169640863070447789e-01 2.976881529450481345e-01 6.141117933837451082e-01 9.147732772083203567e-01 5.461851423677932527e-02 5.458071030344975316e-01
3.580767844373727695e-50 -1.184890469202927363e+02 6.065504897329476730e-02 1.922451885577977082e-01 3.696724576112251359e-01 8.068209043376699530e-01 1.515258269077974784e-01 7.346374670869261214e-01 8.980679006481664395e-01 9.481059324819457457e-01
3.580767844373727695e-50 -1.184890469202927363e+02 7.635843534849307002e-01 4.813382325355201052e-01 7.160066879323749856e-01 7.091897647936040716e-02 5.047404574337576166e-01 4.931810086981602836e-02 8.726326688776768759e-01 4.071804110506440644e-01
3.580767844373727695e-50 -1.184890469202927363e+02 7.881740391104546939e-01 7.713221861515053845e-01 5.463062555734528036e-01 7.823059979890591986e-01 7.254345431940509847e-01 8.991977617571859094e-01 1.908255177932793867e-02 7.263008696780894891e-01
3.580767844373727695e-50 -1.184890469202927363e+02 2.943704172018876131e-01 1.467548991411805615e-01 6.330150977198822915e-02 6.656572749706181069e-01 6.703196289941231178e-01 5.780342875749067133e-02 9.840505775987515857e-01 3.448512811983184267e-02
3.580767844373727695e-50 -1.184890469202927363e+02 2.592721242178696039e-01 4.188821235031072732e-01 5.255082625709803779e-01 5.187173035909410368e-01 5.273724027533444048e-01 2.359278788874871191e-01 4.026575235572085187e-01 8.714719369607867305e-01
3.580767844373727695e-50 -1.184890469202927363e+02 5.015891987543016350e-01 5.512464786472794920e-01 6.948653074813032626e-01 6.271085876096602618e-01 5.096784505272280441e-01 8.349025698952535768e-01 2.035418436908278395e-01 4.857235288492257608e-01
3.580767844373727695e-50 -1.184890469202927363e+02 9.779223180488332279e-01 4.002746401913063190e-01 2.556942353951350277e-01 1.159536158918079707e-01 6.089157564668004063e-01 6.240593430629082228e-02 1.260470419849754053e-01 7.009186135080661684e-01
3.580767844373727695e-50 -1.184890469202927363e+02 9.408308642283984558e-01 4.617193251664372111e-01 5.987855483410022828e-01 7.425168329930428301e-01 9.870553591082052991e-01 4.665669280454530776e-01 6.491434986899445869e-01 9.787648874660245246e-01
3.580767844373727695e-50 -1.184890469202927363e+02 3.977376367957534686e-01 5.108705933212622785e-01 6.637249155169633319e-02 7.980129315729489470e-02 5.499190532518768437e-01 2.087235560317903804e-01 1.135471929258433654e-01 9.262402239333082932e-01
3.580767844373727695e-50 -1.184890469202927363e+02 7.665485507626247363e-01 8.860208417202812825e-01 2.553092350034407154e-01 1.612604310842624677e-01 1.332055850006699238e-01 2.816419443611900553e-01 1.800019298356804187e-01 8.343395672356413995e-01
3.580767844373727695e-50 -1.184890469202927363e+02 4.042874035218440021e-01 1.901320698242014995e-01 9.043003431817292492e-01 5.885451400217679430e-01 3.425333005813021581e-01 6.718248413779154271e-01 2.350048154434569714e-02 9.545890274402671904e-01
3.580767844373727695e-50 -1.184890469202927363e+02 2.821885589329665711e-01 5.248090342324660540e-01 6.459522292072964467e-01 8.843672725342065499e-01 7.168786941524639689e-01 5.492644302485427676e-01 3.086166539740458070e-01 9.354998904937182891e-01
3.580767844373727695e-50 -1.184890469202927363e+02 6.267380727134467255e-01 9.589729807402960216e-01 4.513827244814689887e-01 2.977539186961696283e-01 5.289711008765384248e-01 6.736380933368851798e-01 6.075316579848011322e-01 8.300799315593538896e-01
3.580767844373727695e-50 -1.184890469202927363e+02 1.431832650075390845e-01 1.572219962091616630e-01 5.291215268565987451e-01 8.240442035007553567e-01 3.988011218204450259e-01 9.121849987934060877e-01 1.534425377833281701e-02 5.998764528221111059e-01
3.580767844373727695e-50 -1.184890469202927363e+02 3.681419886395277397e-01 3.092484068574604672e-01 3.115378217517845716e-01 1.237049484726044923e-01 1.038188667255738329e-01 6.841564582110687409e-01 1.349117357894801250e-01 7.559840744903251197e-01
3.580767844373727695e-50 -1.184890469202927363e+02 4.757585514771045521e-02 6.255122278861373619e-01 3.391481222326048206e-01 8.565799413644723526e-01 6.871118451833542196e-01 1.923982277101928817e-01 8.077796715079424983e-01 8.960147739079840079e-01
3.580767844373727695e-50 -1.184890469202927363e+02 9.606081086824769244e-01 5.470738099596604842e-01 2.706705329957479478e-01 9.665986147271660167e-01 2.706902817077045942e-01 7.728585082211122392e-01 4.709617066483857695e-01 5.093530312928423731e-01
3.580767844373727695e-50 -1.184890469202927363e+02 7.513736510526713985e-02 6.178615860217421263e-01 6.086804276201707165e-02 8.892374191580965093e-02 3.479664693167139333e-02 9.299241630642081091e-01 2.280706829564802529e-01 9.633339801589980711e-01
3.580767844373727695e-50 -1.184890469202927363e+02 8.346424628877862073e-01 2.515916836366914877e-01 5.357563439815872242e-01 1.311172915873043410e-01 4.343063214653986037e-02 3.330078715804364320e-01 5.473228311049280759e-01 5.563736200449571623e-01
3.580767844373727695e-50 -1.184890469202927363e+02 6.578735768700577635e-01 2.183036738676861210e-01 1.708267388280353405e-01 3.807784779785299278e-01 5.956356114731926610e-01 6.594943012719260977e-01 9.540817031863708664e-01 9.635608822445804744e-01
3.580767844373727695e-50 -1.184890469202927363e+02 5.780198289001645673e-01 6.231383231184818294e-01 6.380217322254077006e-01 3.635126125728321833e-01 2.146734218398171912e-03 3.326665644788172616e-01 1.567004737755816057e-01 7.793076624988546364e-01
3.580767844373727695e-50 -1.184890469202927363e+02 7.094290196175521146e-01 1.440734132960367342e-01 8.179751618247115275e-01 6.372249854175260353e-02 3.873150290614368885e-01 8.181807462931713903e-01 9.937146792892537217e-01 4.865963933127002150e-01
3.580767844373727695e-50 -1.184890469202927363e+02 9.410362434815305877e-01 8.219652747508667812e-01 6.123100744665954664e-01 4.396867245301112614e-01 8.261182517632488231e-01 6.743608807954040163e-01 5.693996721636468417e-01 4.237617824901055430e-01
3.580767844373727695e-50 -1.184890469202927363e+02 4.615012644751221860e-01 8.773610297655731749e-02 5.922638422472388253e-01 2.725307483752463789e-01 3.138222383005263572e-01 4.783770583488242689e-01 1.607934540705148185e-01 6.854510591276486986e-01
3.580767844373727695e-50 -1.184890469202927363e+02 5.961002906802248535e-02 8.199129920960162021e-01 7.973944234025653888e-01 8.876658410859068482e-01 9.677570253171873249e-01 2.592375672732830649e-01 2.941769911801279669e-01 7.312220831942902732e-01
3.580767844373727695e-50 -1.184890469202927363e+02 4.113412079023430756e-01 7.763326727714304765e-01 7.898944181660692010e-01 8.745329082562027789e-01 4.042493600325482994e-01 9.143363282614125342e-02 1.166381017496774808e-01 7.758140439205895023e-01
3.580767844373727695e-50 -1.184890469202927363e+02 9.922653381918539184e-01 6.630480354068013504e-02 1.808892215585820029e-01 4.437937054872476139e-02 8.453531434825778401e-01 2.560192786538328935e-01 8.674376581055150970e-01 3.750647975808960588e-01
3.580767844373727695e-50 -1.184890469202927363e+02 9.080202449920543595e-01 7.587346761632363101e-02 7.552643750786275367e-01 1.480383244854108771e-01 3.515828472499534785e-01 9.191595937689037710e-01 6.802692248879024239e-01 4.492615248591206312e-01
3.580767844373727695e-50 -1.184890469202927363e+02 1.869392549867423536e-01 2.737892539169233252e-01 8.042752737229877935e-01 9.993451632360161874e-02 8.767071297387181161e-01 4.894849422896163649e-01 4.132885820379726960e-01 9.524465410498192952e-01
3.580767844373727695e-50 -1.184890469202927363e+02 2.685740708292028156e-01 1.569299131280561532e-01 7.139199117878717304e-01 1.180617172506375212e-01 3.052860928379305117e-01 1.263114341064403012e-01 6.141889152729549384e-01 9.860465263924227397e-01
3.580767844373727695e-50 -1.184890469202927363e+02 1.762369821630129785e-01 4.958340079660031874e-01 6.770946454451919339e-01 3.468666292008126817e-01 1.165950972997724655e-01 9.307804619052675310e-01 7.716523328919933089e-01 7.606644690094698236e-01
3.580767844373727695e-50 -1.184890469202927363e+02 2.999282712284379038e-02 8.805801564854618402e-01 5.171256969099649048e-01 2.544087694116187182e-01 8.340771202120360606e-01 7.124003599716940416e-01 3.178222814134328278e-01 4.756508046474945406e-01
3.580767844373727695e-50 -1.184890469202927363e+02 9.844672360036307301e-01 2.313472657963974166e-01 1.001967290121124066e-01 4.422985524718170414e-02 1.191329996809835645e-01 5.849863598432286649e-01 1.098951414860542819e-01 4.599561043974669250e-01
3.580767844373727695e-50 -1.184890469202927363e+02 2.528394271628472412e-01 8.019123709972690861e-01 1.409471606245082942e-01 4.009848892304822554e-01 3.508500212172984689e-01 7.006318020149042702e-01 5.065306094029244921e-01 9.434366263545672648e-01
3.580767844373727695e-50 -1.184890469202927363e+02 1.049469188801932518e-02 6.199205306254823578e-01 9.582847570874430954e-01 7.712386466780533079e-01 3.268210442573385999e-01 7.016191631253487770e-01 8.274080191427291009e-01 9.726607148855125340e-01
3.580767844373727695e-50 -1.184890469202927363e+02 8.073896405918538077e-01 6.680783208329861278e-01 1.667484695388895544e-01 5.146382239252880186e-01 6.425918754091930474e-03 7.273250791582892560e-01 4.415428366530281812e-01 8.410308240322869056e-01
3.580767844373727695e-50 -1.184890469202927363e+02 4.189533893354953076e-01 2.358892216393952967e-01 8.299943083060580262e-01 3.765472269346248346e-01 3.996848939239460163e-01 3.792283044411492998e-02 5.345426507662357496e-01 5.275539716094947984e-01
3.580767844373727695e-50 -1.184890469202927363e+02 2.726003114279571538e-01 6.064235087365532628e-01 6.732342067429384347e-01 2.986698344623404111e-01 8.940232499856773929e-01 3.742868452921310762e-01 7.622719750529991511e-01 6.636000223037319401e-01
3.580767844373727695e-50 -1.184890469202927363e+02 6.341031290769506557e-01 4.562545019296155857e-01 3.336205913429953762e-01 7.199892437265016376e-01 8.121562755499435182e-01 1.212628240240196664e-01 9.515600548993349284e-01 5.427837719986237097e-01
3.580767844373727695e-50 -1.184890469202927363e+02 7.583253132399581098e-02 7.386626150390082080e-01 3.892614234368950710e-01 6.555114133085065964e-01 1.429574866706270209e-01 4.115789091298510671e-01 4.116404574467311672e-01 7.032579396236040559e-01
3.580767844373727695e-50 -1.184890469202927363e+02 8.056911291595840741e-01 7.612389392732177296e-02 5.992479538278456808e-01 1.828406124832893109e-02 5.224588975634614219e-02 3.522892415327530946e-01 1.944765644229325963e-01 6.137084950593932886e-01
3.580767844373727695e-50 -1.184890469202927363e+02 3.127817813117078627e-01 5.098749153692920810e-01 6.351563587100728103e-02 7.712793481236959181e-01 4.428254385951555516e-01 2.973419883267787167e-01 5.709969821323028771e-01 4.187683776580907180e-01
3.580767844373727695e-50 -1.184890469202927363e+02 3.691793239429839169e-01 1.556410658863237595e-01 3.461334025856983576e-01 2.687546467732681021e-01 1.514239656000965217e-01 7.076205252683305247e-01 1.502546228511193460e-01 6.283524721418848324e-01
3.580767844373727695e-50 -1.184890469202927363e+02 9.195208318740522024e-02 5.156428675496592673e-01 1.586383029044906579e-01 2.089928063493697863e-01 8.894649500156421862e-01 3.575595253198433632e-01 8.668606613283130757e-01 4.824158360863238793e-01
3.580767844373727695e-50 -1.184890469202927363e+02 5.429478764377978495e-01 9.162490548480234365e-01 6.406322257817484989e-01 6.474746932719260828e-01 2.491295081069467843e-01 5.027062306896366017e-01 4.890077414144097245e-01 6.526612265089057896e-01
3.580767844373727695e-50 -1.184890469202927363e+02 9.182740453693332139e-01 5.438991848306471422e-01 7.978337506565991166e-02 5.585080315163533093e-01 8.176830523799589745e-01 3.340120621306044146e-01 2.242978259083137083e-01 7.789442684694428687e-01
3.580767844373727695e-50 -1.184890469202927363e+02 7.757471204539612142e-02 6.514855114280643233e-01 3.723201133958978781e-01 9.468442545677103750e-01 8.370886370371892760e-01 6.221717152272026041e-01 7.542431048714218766e-01 9.634270194599492410e-01
3.580767844373727695e-50 -1.184890469202927363e+02 9.608469441629379215e-01 3.087625285057372659e-01 4.564149161837359747e-01 4.700569274438974876e-01 5.617785754148181265e-01 1.932678285720771383e-01 9.980563957152066568e-02 3.010540383764598316e-01
3.580767844373727695e-50 -1.184890469202927363e+02 9.015240151184976680e-01 5.312731808240668263e-01 5.993737672019414653e-01 6.617116485293793593e-01 1.212424230764396205e-01 2.961246492443270206e-02 5.366069714573721283e-01 3.665502448370063782e-01
3.580767844373727695e-50 -1.184890469202927363e+02 4.779470294137453390e-01 3.272878002822199317e-02 6.594768661999441672e-01 6.767482978716518049e-01 3.584199796316830389e-01 4.676804574462936070e-01 9.430449971087417893e-01 7.103767369032883972e-01
3.580767844373727695e-50 -1.184890469202927363e+02 6.127853194659249603e-03 8.640839774716784216e-01 7.965138405979570457e-01 5.054880289298576690e-01 2.227793463142818675e-01 5.066689684854178699e-01 9.306562632884912700e-01 3.321513246424758758e-01
3.580767844373727695e-50 -1.184890469202927363e+02 6.235675384238047458e-01 6.546651457969111521e-01 6.807916861965942479e-01 2.479958186956611188e-01 7.583574586772190429e-02 4.460079622498657193e-01 7.612011434411378730e-01 2.867871489478324154e-02
3.580767844373727695e-50 -1.184890469202927363e+02 2.291786222323959343e-01 7.310694699902462457e-01 5.342596255976447273e-01 6.683837925883473474e-02 1.053923322963601361e-02 8.457296808468487415e-01 8.157270677694535843e-01 6.822561620688284423e-01
3.580767844373727695e-50 -1.184890469202927363e+02 4.345943138994468047e-01 2.982340423902292148e-01 8.894791220806914644e-01 3.823868255863270837e-01 9.266259338138282953e-01 3.627222868601975847e-01 1.011448609931490106e-01 3.665908548500224073e-01
3.580767844373727695e-50 -1.184890469202927363e+02 8.535622000647313801e-02 7.492180189901994636e-01 5.336059685498333316e-01 5.821053651200328583e-01 3.237268416818517291e-01 5.382058579540630605e-01 2.216888776617786938e-02 9.326774211761865718e-01
3.580767844373727695e-50 -1.184890469202927363e+02 6.843113233814290819e-02 5.161294426640965494e-01 4.812507812287798448e-01 4.584606660279554324e-01 2.595549159773888892e-01 8.036255389431873342e-01 2.830272596964474863e-01 8.489839229688829203e-01
3.580767844373727695e-50 -1.184890469202927363e+02 9.703175230963780873e-01 3.325662655040135807e-01 6.866271987970109514e-01 7.605256733755552112e-01 2.243043193439792082e-01 2.442707638523773372e-01 8.169315902124825168e-01 1.505404135410481903e-02
3.580767844373727695e-50 -1.184890469202927363e+02 2.723174129650972608e-01 2.871688253004268665e-01 5.169128181916986531e-01 2.101634089849444553e-01 5.110232004306719533e-01 9.612813859230198155e-01 9.821851939160741729e-03 5.731814382901609939e-01
3.580767844373727695e-50 -1.184890469202927363e+02 1.912695017663668118e-02 5.888855083111869115e-01 9.719730393481326169e-01 7.773831177813553817e-01 7.747923838157901866e-01 7.682079589451324964e-01 5.897454006195276266e-01 5.775887873201605016e-01
3.580767844373727695e-50 -1.184890469202927363e+02 7.419765510395407437e-01 5.667355268154186110e-01 9.702371183306167657e-01 4.342830314340556663e-01 6.709466582783806254e-01 8.590133520151123081e-01 6.684517914338998779e-01 5.548015921668425499e-01
3.580767844373727695e-50 -1.184890469202927363e+02 3.907554995856464819e-01 9.669961071165410482e-01 8.014676252175598758e-01 3.103486117066844852e-02 1.670186521444936290e-01 4.380416869969938620e-01 7.630589092618444980e-01 6.618074700559425372e-01
3.580767844373727695e-50 -1.184890469202927363e+02 7.286568359121835536e-01 5.010153302963474831e-01 1.225615739310230712e-01 7.239721443066170492e-01 6.302429058929900352e-01 2.237030102014778699e-01 7.600508503507225067e-01 8.793234569437340387e-01
3.580767844373727695e-50 -1.184890469202927363e+02 6.604658496240932708e-01 6.193044105699010426e-01 1.880644667133770653e-01 5.230386330045191379e-01 9.512301503078804954e-01 4.183990133556828583e-01 6.959415044610579582e-01 9.283438262774775795e-01
3.580767844373727695e-50 -1.184890469202927363e+02 4.229795030708469739e-01 5.970935450848396941e-01 9.371533925859089065e-01 3.610628726516375009e-01 6.693425759511806294e-02 3.389287447160216349e-02 4.097780628202729591e-02 7.019065368658033988e-01
3.580767844373727695e-50 -1.184890469202927363e+02 6.085959542454795201e-01 2.430128020284226809e-01 4.601388070301697386e-01 1.465747034794184778e-01 3.878496648048342932e-01 7.356519681188175008e-01 7.391644013565611404e-01 4.451394202467306993e-02
3.580767844373727695e-50 -1.184890469202927363e+02 8.747588649542327177e-01 3.067501190883328288e-01 6.179406622649405989e-01 8.422956256515796714e-01 9.605011353797099360e-01 7.102485542187191303e-01 5.796738272670336478e-01 2.985945125841920067e-01
3.580767844373727695e-50 -1.184890469202927363e+02 5.062274741550453205e-01 7.717627828157513914e-01 3.605293251239430896e-01 1.588572464013622287e-01 7.770097348781943580e-01 1.215190057811914581e-01 4.350708657277370106e-01 5.311482805275024033e-01
3.580767844373727695e-50 -1.184890469202927363e+02 8.575004475743522869e-01 2.167527010527784403e-01 7.223095333076090530e-02 3.507299079515359130e-01 4.663870641735836653e-01 3.379718637237457690e-01 9.040265193300528468e-01 9.487343134965463554e-01
3.580767844373727695e-50 -1.184890469202927363e+02 4.761502563166490898e-01 2.128653463359491127e-01 3.461722747323550120e-01 8.695853732737263142e-01 8.492619394033970037e-01 9.534131546464205131e-01 2.481028344327593782e-01 5.971769183352817478e-01
3.580767844373727695e-50 -1.184890469202927363e+02 9.450635080570445323e-01 5.854208557746499730e-01 2.082099902003231584e-02 4.254559695962619736e-01 9.994171098270444586e-01 1.398800666404548254e-01 8.800551841490256155e-02 7.295721263771390852e-01
3.580767844373727695e-50 -1.184890469202927363e+02 6.171391572758523347e-01 5.699933093092581782e-01 6.357968209207206511e-01 8.176489858105457920e-01 8.812019207150798561e-01 9.906021407819717295e-01 7.710067726803659927e-01 8.318637573056796297e-01
3.580767844373727695e-50 -1.184890469202927363e+02 1.727833902142202893e-01 2.905101369151198432e-01 4.028241116134065880e-01 4.785931584225339153e-01 3.868039817769749478e-01 8.041000122615544754e-01 1.371093426791160086e-01 6.286967024114082925e-01
3.580767844373727695e-50 -1.184890469202927363e+02 1.860848017297327406e-01 5.241782197192570436e-01 8.105977400819760481e-01 7.053590561061410247e-01 2.595689066002970780e-01 8.386871099775724536e-01 4.575406053620133529e-01 5.554396669854649859e-01
3.580767844373727695e-50 -1.184890469202927363e+02 4.590015232985574789e-01 9.775024863063138669e-01 3.097520471892069027e-01 8.911901264600218253e-01 8.975527349036932501e-01 6.124627768102136605e-01 4.157257271366104900e-01 5.011953123068245697e-01
3.580767844373727695e-50 -1.184890469202927363e+02 2.089999036865516358e-01 4.804197866078563361e-01 7.479793567410263355e-01 5.555809507198146147e-01 9.468437347494036427e-01 8.697143219338075992e-01 5.443230241060883490e-01 4.898484457319314256e-01
3.580767844373727695e-50 -1.184890469202927363e+02 5.070655587850307899e-01 7.341772064578615531e-01 9.448093160262263090e-01 4.905616835074408932e-01 5.355153841179117746e-01 7.390371229193962721e-01 7.732415863941067835e-01 7.835676757192044928e-01
3.580767844373727695e-50 -1.184890469202927363e+02 2.869966593504557073e-01 6.708964478529474418e-01 7.276681023750378730e-01 9.048057416817907317e-01 1.742223963081338534e-01 8.917681834904530591e-01 9.214496573023256420e-02 8.696257666274818110e-01
3.580767844373727695e-50 -1.184890469202927363e+02 6.370432744038294626e-01 1.563890977871704724e-01 8.647047248517933937e-01 9.159856373275788721e-01 4.870726521806418852e-01 6.781653784317869249e-01 9.232541690866141737e-01 9.741669576266875907e-03
3.580767844373727695e-50 -1.184890469202927363e+02 2.259944850244633985e-01 2.839382206770337813e-01 5.925987169011169842e-01 4.206704272170690428e-01 2.931089081382122208e-01 8.765442929588119769e-01 2.586985625421983626e-01 8.280977856150796290e-01
3.580767844373727695e-50 -1.184890469202927363e+02 4.369331093563970647e-01 7.532333181667604238e-01 1.024544671058900125e-01 9.215496324473989587e-01 9.790344048559892487e-01 6.823225052365150534e-01 2.954765780468782133e-01 3.911038719765065341e-01
3.580767844373727695e-50 -1.184890469202927363e+02 9.045960937912312927e-01 8.434876225749834422e-01 4.645185872989568976e-01 5.677364169046498210e-01 8.861660775622848263e-01 1.268895079880613119e-01 5.217847471219330124e-01 3.280263369020701703e-01
3.580767844373727695e-50 -1.184890469202927363e+02 8.084348903676679132e-01 7.979368186986618428e-01 5.743659457069917318e-01 2.693187426163067277e-01 6.959723619719850873e-01 8.944393132245588296e-01 6.810538212827303983e-01 7.855582899706494704e-01
3.580767844373727695e-50 -1.184890469202927363e+02 8.138499862126582496e-01 2.929723695143563456e-01 2.986678487596826637e-01 9.166281646022083063e-01 7.071716749115898315e-01 3.517901631060785794e-01 2.550169999409707122e-01 6.207566410594829165e-01
3.580767844373727695e-50 -1.184890469202927363e+02 7.822283028686773942e-01 1.907337859819837611e-01 7.134153035145076593e-01 1.320154055326716591e-02 2.706559013344118636e-01 9.209806956082010609e-01 5.954709689213966151e-01 4.049827688104754575e-01
3.580767844373727695e-50 -1.184890469202927363e+02 1.494042759372681273e-01 6.372384418632054404e-01 2.173034738897356988e-01 4.342912304764627862e-01 9.734314476968568552e-01 2.453851246042486611e-01 6.121029207232865366e-01 5.344527123890013831e-01
3.580767844373727695e-50 -1.184890469202927363e+02 9.382156956377396551e-01 6.421346435604680103e-01 2.028153711643524426e-01 4.956551716703027077e-01 9.530775145417326177e-01 6.848556792958538919e-01 4.700432071478911622e-01 8.781525949279536114e-01
3.580767844373727695e-50 -1.184890469202927363e+02 4.405383186338729384e-02 5.474114056132051154e-01 9.158016898014580409e-01 6.377861066264688406e-01 2.915888044693029091e-01 8.817468225339427645e-01 9.156886359119014163e-01 8.103083173309248988e-01
3.580767844373727695e-50 -1.184890469202927363e+02 9.730867267527790743e-01 9.073025290597193093e-01 5.010870338927375656e-01 7.614907816072282731e-01 8.587009149436833910e-01 6.143137265037239558e-01 5.882716599174604433e-01 9.920328866329168882e-01
3.580767844373727695e-50 -1.184890469202927363e+02 2.633033773112000153e-01 9.658626365227707122e-02 3.165557190421837142e-01 1.934890790843805108e-01 7.566862876909791202e-01 9.690894714534503684e-02 3.169596141665431688e-01 3.147665862819641891e-01
3.580767844373727695e-50 -1.184890469202927363e+02 1.280682513656836718e-01 6.858574195064082168e-01 3.370309721365961630e-01 6.281661109760198203e-01 8.450011430162597259e-01 4.748702254573541337e-01 8.709180169666849158e-01 4.757732315147021884e-01
3.580767844373727695e-50 -1.184890469202927363e+02 6.277541719392187858e-01 9.705016178248987435e-01 6.670300837334268707e-01 9.191965566730631032e-02 1.559828311824841274e-01 5.378700560706122236e-01 9.177909730751634410e-01 6.503475651336694252e-01
3.580767844373727695e-50 -1.184890469202927363e+02 3.486330657394358656e-01 2.922778395073378777e-01 7.412838133228139004e-01 5.718872741240452751e-01 4.191099986399378086e-01 9.616920393166182857e-01 4.118617958848946881e-02 9.208751376890518259e-01
3.580767844373727695e-50 -1.184890469202927363e+02 3.124005989196669830e-01 3.112616314245197913e-02 1.898882216681815338e-01 7.227093675233393633e-01 7.622772015201083606e-01 1.421896169035763435e-01 8.235794268188594280e-01 9.168331988744203853e-01
3.580767844373727695e-50 -1.184890469202927363e+02 4.003063769240726710e-01 2.302250800184859614e-01 6.226547635142603010e-01 9.708606956075754857e-01 2.794298592441584184e-01 8.461525962722880045e-01 9.708395021505361600e-01 5.992538852495304935e-01
3.580767844373727695e-50 -1.184890469202927363e+02 8.854784456458899555e-01 7.785405384168252452e-01 2.694724157870472814e-01 8.937110397009964124e-01 4.547477080214545886e-01 7.661814979211887255e-01 5.548685134729970381e-01 9.322852478745987659e-01
3.580767844373727695e-50 -1.184890469202927363e+02 1.853160096031843951e-01 2.399838005656692586e-01 9.834349754985594050e-01 6.976419047131788842e-01 4.965176446802199717e-02 8.862989970759163061e-01 4.324903129796270340e-01 6.693699871275168300e-01
3.580767844373727695e-50 -1.184890469202927363e+02 7.648634765964185123e-01 1.317833523656088968e-01 7.028124007698630660e-01 4.184211599909066770e-01 6.567574811712924010e-01 5.543940168414946967e-01 7.302211307523298611e-02 3.726511340255246330e-01
3.580767844373727695e-50 -1.184890469202927363e+02 6.759925586480090010e-01 9.573308575131683762e-01 8.254639990151957374e-02 4.199664868929873229e-01 8.058482366638169969e-01 1.766961683062862054e-02 7.977190595834449116e-02 4.906157907592070266e-01
3.580767844373727695e-50 -1.184890469202927363e+02 4.277735905672077621e-01 3.077953259877356240e-01 6.672903093776605399e-01 5.484563100907015043e-01 1.370321570830502766e-01 2.887196649449945696e-01 2.767104120577640325e-01 5.240821119905738623e-01
3.580767844373727695e-50 -1.184890469202927363e+02 7.967489962856023622e-01 6.494371461773683629e-01 5.866298936874076997e-01 5.339253812290527534e-01 6.067582061455656373e-01 9.244978986924031750e-01 8.667156299048850432e-02 5.697009288571933672e-01
3.580767844373727695e-50 -1.184890469202927363e+02 3.488893181767499518e-01 7.072256433055279512e-01 1.614372863392514734e-01 5.538902366681152101e-01 4.465185754787480699e-01 2.372984983741068810e-01 1.394279569532427265e-01 8.089387354259025553e-01
3.580767844373727695e-50 -1.184890469202927363e+02 5.608787730521986870e-01 4.896156912654456850e-01 9.371375874326297595e-01 2.759477245710770799e-01 1.285722494158583196e-01 5.250065981203387855e-01 1.387962036819865297e-01 5.499508432055010276e-01
3.580767844373727695e-50 -1.184890469202927363e+02 8.612087238602655903e-01 9.867183222101933993e-01 8.611343213545792352e-01 5.628737057113983866e-01 2.934318747109136982e-01 4.846386225271054338e-01 2.583841203357687411e-01 5.007710879885276523e-01
3.580767844373727695e-50 -1.184890469202927363e+02 7.385500879263074969e-01 1.529076678185373739e-01 8.907197648354983066e-01 7.128869298366363738e-01 8.861489679485146098e-01 4.960914537782344924e-01 5.710167099872547336e-01 2.910740880236699635e-01
3.580767844373727695e-50 -1.184890469202927363e+02 8.898173326446351394e-01 3.414190503217318096e-01 6.741809871992499037e-01 1.275440573491283258e-01 7.660593819673974236e-01 2.242096667459225756e-02 1.892528831402886524e-01 5.281310424924390290e-01
3.580767844373727695e-50 -1.184890469202927363e+02 9.963086326471946030e-01 7.150601318240505933e-01 4.231630752104802440e-01 3.417075795039784536e-01 4.025245204332295046e-01 5.334170972004864675e-01 6.975466372208619648e-01 8.058683422897884308e-01
3.580767844373727695e-50 -1.184890469202927363e+02 9.458036331148588216e-01 7.510693137770546590e-01 8.516590523104470289e-01 7.931442525982916880e-01 5.706733564175444640e-01 5.762452317949746661e-01 9.835635858991476077e-01 6.377379836540738589e-01
3.580767844373727695e-50 -1.184890469202927363e+02 6.857553920179486617e-01 7.011790936962131182e-01 9.725778718836175507e-03 6.642907786142669968e-01 4.220978431885304971e-01 3.602129130276782165e-01 1.313912323771415647e-01 9.376277529467418326e-01
3.580767844373727695e-50 -1.184890469202927363e+02 5.120504196261904672e-01 3.793820554661719857e-02 6.833732480071733617e-01 3.756553482736214589e-01 3.303577367302056311e-01 4.588327197618837783e-01 1.657332107399337451e-01 5.050794984106039553e-01
3.580767844373727695e-50 -1.184890469202927363e+02 8.204754271157199685e-02 4.294141617727685878e-01 8.102125216758111481e-01 7.553982828801516503e-01 1.674318974115929226e-01 8.238576032803908156e-01 7.602880861089381659e-01 4.671906440568401875e-01
3.580767844373727695e-50 -1.184890469202927363e+02 1.085250387605360967e-01 3.973621746520593634e-01 5.912294124672390350e-02 8.459955439084343443e-01 6.611148194737223038e-01 3.998587737015757426e-01 5.163750511930489395e-01 3.788586331372564286e-01
3.580767844373727695e-50 -1.184890469202927363e+02 5.003678625526394308e-01 7.186113230441361077e-01 8.577630005098917376e-01 6.956101623843271575e-01 2.151525621097660768e-03 4.846869836207232662e-01 4.338248308479976112e-01 5.676217417885416339e-01
3.580767844373727695e-50 -1.184890469202927363e+02 6.202798873464399065e-02 2.565987811405575636e-01 3.356517152861353548e-01 8.357633690321835118e-01 4.603613437540982067e-01 8.965575244487246076e-01 4.734714843618538227e-01 7.662937277826123994e-01
3.580767844373727695e-50 -1.184890469202927363e+02 4.034688684818138471e-01 9.369692889353067322e-01 5.001844662462558988e-01 8.526585802101104283e-01 9.069100178457589756e-01 2.357761648026591716e-01 8.101535544111483356e-01 2.909136854012855933e-01
3.580767844373727695e-50 -1.184890469202927363e+02 3.007827124116015938e-01 4.731513763007076934e-01 4.226746694913381397e-01 6.934126862063065833e-01 4.024948414641271732e-01 8.068656264810593060e-01 8.451049809335470231e-01 2.458008309588677331e-02
3.580767844373727695e-50 -1.184890469202927363e+02 6.840890662854368642e-01 2.082626437013809229e-01 4.615033320834958097e-01 3.978707014327896863e-01 3.919221094377223213e-02 1.721795380449916424e-01 7.643031743818756718e-01 6.722296585132578883e-01
3.580767844373727695e-50 -1.184890469202927363e+02 4.257371586188425372e-01 5.563206953087989071e-01 2.803595302856934923e-01 5.620149064107373693e-01 4.404555046035554255e-01 9.923898775724701027e-01 5.414415194096214856e-01 6.972323064924336178e-01
3.580767844373727695e-50 -1.184890469202927363e+02 9.925395363997426834e-01 1.634808373254235114e-01 5.687919327334971520e-01 6.093340802252088517e-01 5.439539443066252478e-01 5.640024998792749766e-01 9.252711837332954214e-01 6.663505731205732197e-01
3.580767844373727695e-50 -1.184890469202927363e+02 3.710692736238805356e-01 7.928804944823246714e-01 9.985867200964715362e-01 6.317863938590221329e-01 3.674363101927475839e-01 8.110183947808335958e-02 1.948834672502129939e-01 3.491030127840198949e-01
3.580767844373727695e-50 -1.184890469202927363e+02 7.246245249703267000e-01 6.297347911346666827e-01 9.428463290237517613e-01 1.941003025930105874e-01 5.218307912839200702e-01 3.807829665900323013e-01 4.954218087686034222e-01 4.416571325801701420e-01
3.580767844373727695e-50 -1.184890469202927363e+02 6.431386459829305791e-01 3.492302758107244109e-01 7.525174970879358050e-01 8.732881730047717950e-01 8.856333724029985532e-01 8.537726201220035005e-01 6.576537362794454555e-02 6.471087247613579452e-01
3.580767844373727695e-50 -1.184890469202927363e+02 7.908318044671639457e-01 3.050957619324180525e-01 9.496602695956321005e-01 9.285614429986979168e-01 1.110887064773802280e-03 5.150630572200364243e-01 9.715988424750655605e-01 9.780193921476760810e-01
3.580767844373727695e-50 -1.184890469202927363e+02 1.041146005785664741e-01 3.355154122109783588e-01 2.681726454575942276e-01 5.433533540722446098e-01 3.040286752432588280e-01 7.164220322694548893e-01 6.880472148814698041e-01 4.299482058973097542e-01
3.580767844373727695e-50 -1.184890469202927363e+02 3.389627983783278786e-01 8.323383335722646104e-01 5.565330907151493367e-01 8.934786469937805453e-01 7.496058927713599163e-01 9.549920920590130313e-01 8.475835361868758744e-01 4.996154284189817663e-01
3.580767844373727695e-50 -1.184890469202927363e+02 7.039835634969391354e-01 2.360862564816632592e-01 7.679681150092576569e-01 1.161926923862161010e-01 5.549920981650872109e-01 5.602945104229382078e-01 5.207415222258410248e-01 7.815841617905381344e-01
3.580767844373727695e-50 -1.184890469202927363e+02 2.933254493064803015e-01 8.881220983763431498e-01 2.642343298217058045e-01 5.556738218444424726e-01 4.908807489382034372e-01 3.551493028564342014e-01 2.826012530702283199e-01 8.934528015576038706e-01
3.580767844373727695e-50 -1.184890469202927363e+02 1.649348228795648463e-01 3.837592101024622782e-02 7.174157480771824469e-01 8.649804713185349492e-01 4.003221364513139813e-01 9.237952775930349247e-01 8.609235975122147000e-01 6.387101770013772217e-01
3.580767844373727695e-50 -1.184890469202927363e+02 3.319774998069715544e-01 9.380046344522260382e-01 6.440111468300360187e-01 5.259587784453357839e-01 1.071283880778299835e-01 6.069712305378727191e-01 6.958139187950458382e-01 5.283806380499666000e-01
3.580767844373727695e-50 -1.184890469202927363e+02 5.073173831485681129e-01 2.262889181450409293e-01 9.389049232670073630e-01 1.014355597755844940e-02 8.315601455366788963e-01 1.399255136502599584e-01 1.646132253859386996e-01 8.224927841431356468e-01
3.580767844373727695e-50 -1.184890469202927363e+02 9.263455223333325605e-01 7.879777406865341449e-01 2.984179073838849616e-01 2.455853847808505686e-01 8.934236413527851806e-01 2.070168988836462720e-02 1.662971445894513289e-01 5.942984338275379974e-01
3.580767844373727695e-50 -1.184890469202927363e+02 3.864599803893842278e-01 5.019008013496635279e-01 6.803577715168204199e-01 6.153546350821162969e-01 4.046945799017995782e-01 6.823890621179479199e-01 1.388555718305253261e-01 8.262100577356202846e-01
3.580767844373727695e-50 -1.184890469202927363e+02 6.659396969138340339e-01 2.292510061157313483e-01 6.336662633515053322e-01 6.450889898401812594e-02 7.407593960216996010e-02 3.178663798350483960e-01 2.118546042523868911e-01 9.435533503276800626e-01
3.580767844373727695e-50 -1.184890469202927363e+02 8.154071710068997447e-01 9.648856379933031802e-01 4.623333106413628490e-01 1.944774441255219255e-01 8.866452676626971341e-01 2.924623163350473787e-01 9.802342791723225313e-01 5.865762191034127326e-01
3.580767844373727695e-50 -1.184890469202927363e+02 2.992464097857574501e-01 1.505191779816497100e-01 8.172677363142520912e-01 6.440802569306215419e-01 7.703794366324728804e-01 2.405662699530655146e-01 6.077899035950707907e-01 8.322753520612645728e-01
3.580767844373727695e-50 -1.184890469202927363e+02 7.829178839244643751e-01 7.714929382841549943e-01 6.061305288096219268e-01 5.637577545876949481e-01 2.606480434899781651e-01 6.970691420758673429e-01 1.297931000095573495e-01 3.133476317516148413e-03
3.580767844373727695e-50 -1.184890469202927363e+02 4.509267000244672197e-01 3.718038284033691188e-01 3.253708716688851199e-01 1.003135873702376557e-03 8.465746231433031177e-01 5.570539026903571500e-01 7.165381851576662076e-01 3.689757432795408576e-01
3.580767844373727695e-50 -1.184890469202927363e+02 5.349747745573198987e-01 9.003890498823338140e-01 6.599751821389616691e-01 9.952512868124147039e-01 9.315067418360576390e-01 2.534464641837417265e-01 7.434979948741052835e-01 7.906468218271318626e-01
3.580767844373727695e-50 -1.184890469202927363e+02 4.073498693793935477e-01 1.056008538916735073e-01 6.890220474785342386e-01 6.901685702523441268e-01 1.548791618036411410e-01 7.960185160597402776e-01 2.621907223800890030e-02 6.231793210519385173e-01
3.580767844373727695e-50 -1.184890469202927363e+02 3.166759329609032392e-01 7.676480462419346118e-01 4.858263544702412506e-02 3.091980639200824221e-01 7.408834733119465943e-01 9.741516245705883481e-02 6.191190909844598300e-01 7.693038959860502013e-01
3.580767844373727695e-50 -1.184890469202927363e+02 4.885898916726609809e-01 7.172058683910600418e-01 6.154569765886575006e-03 9.128998305905808852e-01 8.970314907252334713e-01 3.699265113843835939e-01 4.769896631704384493e-02 4.723492299602485289e-01
3.580767844373727695e-50 -1.184890469202927363e+02 2.450108353556491592e-01 5.704406051257122634e-01 4.289618812877417087e-01 1.485311946176590681e-01 7.410202674415233837e-01 3.905106366458783729e-01 8.034733496411039511e-01 9.653740122869276519e-01
3.580767844373727695e-50 -1.184890469202927363e+02 6.973475934672140886e-01 9.398693804668999396e-01 5.294910564486798865e-01 6.763200388705777888e-01 3.959546352197829133e-02 1.595137194041982287e-01 8.682770633893210910e-01 5.760402939608921802e-01
3.580767844373727695e-50 -1.184890469202927363e+02 5.773502614850819503e-01 3.007284871465518705e-01 5.776245518720808381e-01 9.892329103401487078e-02 1.118393586323567224e-01 8.100424270201161958e-01 7.056507967200457143e-01 8.324033102982346666e-01
3.580767844373727695e-50 -1.184890469202927363e+02 6.772716905959783595e-01 4.393093923767038556e-01 1.727826407571042555e-01 2.526637957899838804e-01 7.989157020100994266e-01 4.196349831709200728e-01 9.618558067001881096e-02 5.224755584029882050e-01
3.580767844373727695e-50 -1.184890469202927363e+02 7.830543607794426819e-01 7.351750115252404516e-01 1.137953490288219349e-01 9.547641857524861164e-01 2.097147936892751474e-01 3.867617332476270819e-01 3.408629158853015984e-01 5.065120465796228988e-01
3.580767844373727695e-50 -1.184890469202927363e+02 5.003658670326334157e-01 2.413270244075096382e-01 3.903479624058291408e-01 5.898639474665090532e-02 9.675178693671041552e-01 2.357145323701792528e-03 1.930590144295198929e-01 5.485003629811646686e-01
3.580767844373727695e-50 -1.184890469202927363e+02 5.680778606102653283e-01 7.886719879385639675e-01 1.896615177214365788e-01 5.361039937690337265e-02 5.789879427592307115e-01 1.470167670529233250e-01 1.904034099516684897e-01 3.751482753877571907e-01
3.580767844373727695e-50 -1.184890469202927363e+02 8.896340474646843299e-01 8.447608519021483353e-01 1.384547848436414874e-01 9.642447289330233762e-01 8.808183726693564752e-01 8.787007395397400389e-01 6.878540484504196417e-01 9.742460038275123635e-01
3.580767844373727695e-50 -1.184890469202927363e+02 7.431683854479240736e-01 5.579543581970322075e-01 6.362889799981871208e-01 5.610486196921051771e-01 7.463395100723477782e-01 3.499740847279313449e-01 3.766206676569989753e-01 5.925741090278517920e-01
3.580767844373727695e-50 -1.184890469202927363e+02 1.106927445005524424e-01 6.111815591818219318e-01 7.476275423840137435e-01 9.158342694213583712e-02 3.232956154535704396e-01 3.284159361188809800e-01 9.428617674060305598e-01 6.114687803560397983e-01
3.580767844373727695e-50 -1.184890469202927363e+02 7.369979946280874605e-01 7.307710476774255115e-01 9.675031992625693356e-02 5.832535255977939759e-01 3.027902029734281797e-01 4.123014900598171995e-01 2.318978769835569054e-01 4.339140795170847165e-01
3.580767844373727695e-50 -1.184890469202927363e+02 7.715761630701816198e-01 5.033914038503619626e-01 9.563699544222835636e-01 7.280034224057946313e-01 8.734797786923809149e-02 5.552899632404674213e-01 2.724830314201038828e-01 8.177492974488329569e-01
3.580767844373727695e-50 -1.184890469202927363e+02 2.057131852104364667e-01 1.030537766048269521e-01 8.547123986673466067e-01 9.543449347491863577e-01 3.771742361251805287e-01 2.971230370217762262e-01 8.571410565927773950e-01 3.957299845597445076e-01
3.580767844373727695e-50 -1.184890469202927363e+02 3.103130027979382755e-01 1.980738496227648637e-01 7.519506186768543099e-01 9.356414956958926110e-01 5.499624750192250167e-01 9.846150058013511952e-01 2.756742858386258543e-01 9.517127983470223818e-01
3.580767844373727695e-50 -1.184890469202927363e+02 7.295313068165896198e-01 4.505213020100141685e-01 3.392706185613818537e-01 5.546284115404058745e-01 8.726457004976651000e-02 3.031635187622451211e-01 2.594413090673097777e-03 5.176433771087846081e-01
3.580767844373727695e-50 -1.184890469202927363e+02 1.975222625920378672e-01 1.300283716494954334e-01 5.425592463490919171e-01 8.230896997839876050e-02 1.428005895864324915e-01 6.583562703074885558e-01 5.415140866054640734e-01 3.732531190218513206e-02
3.580767844373727695e-50 -1.184890469202927363e+02 1.400228413211784817e-01 9.210911159040187091e-01 7.227190762161616044e-01 7.411205224836908689e-01 9.786354400424991384e-01 7.392905068314974404e-01 4.054941256584310150e-02 6.278246917194678645e-01
3.580767844373727695e-50 -1.184890469202927363e+02 7.917363814029768632e-01 4.167957472663474938e-02 7.648839914230369796e-01 9.144546163411421125e-01 5.900834072369801619e-01 1.205552526506116218e-01 3.225521051484481205e-02 5.189376929412792272e-03
3.580767844373727695e-50 -1.184890469202927363e+02 6.907515286783318942e-01 9.703472453012252918e-01 9.399947803800421386e-01 8.439845803387058254e-01 2.688446531183387167e-01 9.744605972842212971e-03 5.573608687651372406e-01 4.857326534729310419e-01
3.580767844373727695e-50 -1.184890469202927363e+02 2.482876829080304937e-02 8.377100200444476119e-02 9.771109228106021893e-01 8.785867137323666309e-02 8.533227406727341702e-01 7.270946343773788678e-01 3.562130121331530397e-02 3.341334227681729274e-01
3.580767844373727695e-50 -1.184890469202927363e+02 3.003877649745876344e-01 4.577614679912477280e-01 8.417506393926019737e-01 3.453815382397461553e-01 5.390110986178279218e-01 2.158074423524466434e-01 2.837957743178186609e-01 7.235457661931820050e-01
3.580767844373727695e-50 -1.184890469202927363e+02 6.558110816913004237e-01 6.293827081770864140e-01 7.932256970243624083e-01 9.098363635110701120e-01 5.221784063010348476e-01 6.617715638650835119e-01 5.368709351117251227e-01 3.043282759008507643e-01
3.580767844373727695e-50 -1.184890469202927363e+02 7.432193625991642127e-01 8.778328573371363408e-01 5.767865945459597077e-01 6.511511161408093384e-01 5.364793115385566580e-01 6.807109360723435643e-01 6.212219422264054769e-01 7.497569283036830123e-01
3.580767844373727695e-50 -1.184890469202927363e+02 4.638746276386006562e-01 1.619726981760980511e-01 1.684385317538816818e-02 4.573598808891802259e-01 2.990243682983931839e-01 8.617767419311733734e-01 5.356245266299388685e-01 9.700076652295501756e-01
3.580767844373727695e-50 -1.184890469202927363e+02 1.818396958731757218e-01 1.125398791831095924e-01 9.148085169722008914e-01 2.776819044853534590e-01 3.705665890644677107e-01 4.835771414890307485e-01 1.986492079812025580e-01 8.814064300823711839e-01
3.580767844373727695e-50 -1.184890469202927363e+02 7.161209312265843785e-01 8.174202353828456946e-01 6.902316249580473517e-01 8.759999703564164131e-01 1.086584593650655739e-01 5.790462552904047655e-01 7.633504926877937580e-01 5.611326941922589739e-01
3.580767844373727695e-50 -1.184890469202927363e+02 2.667614369151023457e-01 7.997994193328897827e-01 3.988311934307015028e-01 6.948192169349395320e-01 8.942240060318462636e-02 7.044543452030946895e-01 8.706251791274782770e-01 6.397035067016169085e-01
3.580767844373727695e-50 -1.184890469202927363e+02 9.253543978250102775e-01 3.247057713511665167e-01 3.370084263255010981e-01 4.024990742751810568e-02 6.004273444284516925e-01 4.866139914910205810e-02 8.494150418942529868e-01 4.475206816405951082e-01
3.580767844373727695e-50 -1.184890469202927363e+02 5.891094315326483866e-02 3.578987877017123509e-01 4.389370891012902565e-01 3.194428399294271248e-01 2.744032774478250003e-01 1.036586017863566633e-01 5.577783470203323546e-03 6.437168525812537734e-01
3.580767844373727695e-50 -1.184890469202927363e+02 5.410329059972046606e-01 7.184236368593760469e-01 2.646616673870741954e-01 2.121255797001857513e-01 2.043294607327683643e-01 5.642265600145928151e-01 8.006061238602599772e-01 7.277192023533115561e-01
3.580767844373727695e-50 -1.184890469202927363e+02 7.709332868304634712e-01 7.603167683365830154e-02 4.388710749136395251e-01 7.471472302732450332e-01 8.237268792157046438e-01 4.003842546151408222e-01 5.507731572001117737e-01 3.923912292266366064e-01
3.580767844373727695e-50 -1.184890469202927363e+02 2.419220860883927182e-01 6.287620840543221012e-01 8.804711021329915122e-01 8.683828103905050222e-01 1.553890809944900031e-01 9.368143371932660113e-01 5.123746046281851818e-01 3.710646290034139705e-01
3.580767844373727695e-50 -1.184890469202927363e+02 2.526925922249038114e-01 3.868534919403557870e-01 3.089581329813898547e-01 5.336385773898091323e-01 3.095437205129657476e-01 6.958616175592602371e-01 1.504446293362471376e-01 7.801868077847290417e-01
3.580767844373727695e-50 -1.184890469202927363e+02 6.846416936181100032e-01 9.653468922901321525e-01 7.420493378739662083e-01 9.563239329117967369e-01 9.295914937918814402e-03 6.147445135350363410e-01 3.513757199899936179e-01 9.849718923468531173e-01
3.580767844373727695e-50 -1.184890469202927363e+02 1.669915615448958057e-02 8.750463271635783302e-01 4.108453911636391620e-01 9.556527629657163292e-01 6.342129267970448847e-01 7.063542736515346920e-01 9.016556234516590607e-01 7.956188867357152361e-01
3.580767844373727695e-50 -1.184890469202927363e+02 7.405159924392303861e-01 9.060335012942066779e-02 8.706379703632202149e-01 7.486135409688063902e-01 2.847497902184094043e-01 6.228376132252654296e-01 1.531060106471296978e-01 2.604294310622712327e-02
3.580767844373727695e-50 -1.184890469202927363e+02 2.861571652092360640e-01 8.810267922861406698e-01 3.916924325015191943e-02 2.988574392551790471e-02 2.986078001001464255e-01 5.954273355807112589e-01 5.765471829407861071e-01 6.796455658360128771e-01
3.580767844373727695e-50 -1.184890469202927363e+02 8.909182514196962721e-01 4.962636987681929845e-01 8.053165618014360705e-01 1.253752812307200593e-01 1.869051388971899597e-01 5.922047228150242315e-01 2.877644037153741507e-01 6.246062235550631225e-01
3.580767844373727695e-50 -1.184890469202927363e+02 6.039560804184388454e-01 1.019210920849782376e-01 9.709768748010481065e-01 7.388807939215856768e-01 5.781901529723754152e-02 6.155366692245197724e-01 3.697225813915449022e-01 9.083514869223516808e-01
3.580767844373727695e-50 -1.184890469202927363e+02 1.350182396048660305e-02 5.937822934142006348e-01 9.847044134020540573e-01 6.761528847184488100e-01 8.053896638457183066e-01 9.960759255425288838e-01 4.196949820553887989e-01 7.868783548556026464e-01
3.580767844373727695e-50 -1.184890469202927363e+02 8.459463270267717494e-01 4.733457671660404875e-01 7.328500985331840578e-01 6.868987453120480868e-01 5.053966052133429532e-02 8.532322235431355484e-01 4.733384940841062205e-01 3.597032472939463155e-01
3.580767844373727695e-50 -1.184890469202927363e+02 1.794518255458580347e-01 2.245865959077744112e-01 7.890044816968945218e-01 2.761195786120579365e-01 9.694660833427848345e-01 5.321134484523301067e-01 2.273521859052951566e-01 8.809327031992175705e-01
3.580767844373727695e-50 -1.184890469202927363e+02 5.519747386052579197e-01 4.185636006909585483e-01 5.008749591026872006e-01 4.901976996107130224e-01 8.805437631121989517e-01 6.514665199886804370e-02 1.504458001794406474e-01 4.880555997896544040e-01
3.580767844373727695e-50 -1.184890469202927363e+02 5.908626113564124926e-01 9.480377209321178000e-02 3.454601200784503945e-01 6.839678649202619587e-01 7.591488515448499008e-01 6.266245441460686072e-01 5.643288167680559075e-01 8.691554425141232443e-01
3.580767844373727695e-50 -1.184890469202927363e+02 9.983482838941591941e-01 5.429425143188749692e-01 4.411358866996867301e-01 6.480144225088906307e-01 6.612102653682967457e-01 7.384405434486769337e-01 3.846763633806012939e-01 9.499702681967575613e-01
3.580767844373727695e-50 -1.184890469202927363e+02 1.044122047557173305e-01 3.130486630260486125e-01 8.791502955431338417e-01 2.462567841647487210e-01 3.955940445159800145e-02 4.333062165489312001e-01 6.538151756319970920e-01 4.627878978299870827e-01
3.580767844373727695e-50 -1.184890469202927363e+02 5.630527937149609752e-02 9.224461672994377359e-01 5.907327685899140812e-01 6.463189607949405557e-01 4.915497707487762602e-01 3.979090073126406724e-01 4.072516647376674959e-01 6.239210948468608686e-01
3.580767844373727695e-50 -1.184890469202927363e+02 5.453752685152200019e-01 5.609143242275442809e-01 9.819696876665235941e-01 2.534005408249525582e-01 3.458567530647342902e-01 9.057816844499471109e-01 5.047455191519680806e-01 5.198183756710647030e-01
3.580767844373727695e-50 -1.184890469202927363e+02 3.757065971406881033e-02 9.877763821744566242e-01 9.786427238180608335e-01 3.830214534524993830e-01 3.128788793000313317e-01 8.005565508938927710e-02 4.852774860639273991e-01 7.082238778644723842e-01
3.580767844373727695e-50 -1.184890469202927363e+02 8.508446877264688180e-01 5.369632630991580946e-01 6.190013055447920465e-01 7.923966017538071060e-01 4.923902751368226527e-01 4.211136968836386441e-01 4.159995997697634174e-01 9.431541647521682892e-01
3.580767844373727695e-50 -1.184890469202927363e+02 5.884758988662763812e-02 6.193183601856361298e-01 3.051964317842303931e-02 9.753055836017613389e-01 6.680146350271543021e-02 5.124379627329812559e-01 8.720301813315312067e-01 5.735311537825389383e-01
3.580767844373727695e-50 -1.184890469202927363e+02 1.654706322679311281e-01 5.933995325580605495e-01 5.876942511746275910e-01 5.389934351707115212e-01 3.178468538122625198e-01 8.508658195964619031e-01 1.731621363397165547e-01 8.345740816526722172e-01
3.580767844373727695e-50 -1.184890469202927363e+02 3.311567092576084281e-01 2.772844825842255556e-01 7.515732603794056388e-02 5.930363209424537319e-01 8.824648228067430988e-01 7.989232924983831197e-01 6.370547570777151947e-02 8.938943317642548125e-01
3.580767844373727695e-50 -1.184890469202927363e+02 5.080387488369116911e-01 3.740660879349174683e-01 2.426188948962302305e-01 9.332062189502809968e-01 1.836161967260705463e-01 6.552103794867728537e-01 3.581427429442136656e-01 6.426686521180318135e-01
3.580767844373727695e-50 -1.184890469202927363e+02 1.232633711205882721e-01 2.091777611088665445e-01 4.449110520915002809e-01 1.625050838437310796e-01 4.600117632833307102e-01 5.950372985947800508e-01 3.120260080416354942e-01 7.212241127992312650e-01
3.580767844373727695e-50 -1.184890469202927363e+02 1.771616753036509007e-01 5.049219435403095035e-01 2.422229389499421792e-01 3.472175963274471977e-01 4.672681104356168902e-02 9.121927665621738512e-01 2.436300887134026372e-01 5.125040710611280526e-01
3.580767844373727695e-50 -1.184890469202927363e+02 5.557430646533600971e-02 5.210150646689071241e-01 3.486574811067445490e-01 1.503856798566650665e-01 4.939868238259843558e-01 2.781199987269336038e-01 1.212571666467622267e-01 6.371460533184815089e-01
3.580767844373727695e-50 -1.184890469202927363e+02 9.631396682090839212e-01 7.748769624097928688e-02 2.275931643917108449e-01 9.433457268555781594e-01 3.689834889866840939e-01 6.507762568241326484e-01 5.097638137807306569e-01 9.831742848507322163e-01
3.580767844373727695e-50 -1.184890469202927363e+02 7.973959663471641424e-02 3.068354220406840360e-01 3.308734159700363886e-01 1.390451231131329957e-01 3.390688476168634002e-01 6.616471729021630166e-01 2.464869648320374695e-01 4.147540950329161591e-01
3.580767844373727695e-50 -1.184890469202927363e+02 9.898716421931376130e-01 9.348531373959803048e-01 8.059876333492846934e-01 9.016198203405345613e-02 3.193940690316693365e-01 1.436645093357427072e-01 3.213581214073649717e-01 3.214126255070844929e-01
3.580767844373727695e-50 -1.184890469202927363e+02 6.818871466476240650e-01 4.938311075673406103e-01 4.686645874480815932e-01 3.334182219710679629e-02 6.105487861844320907e-01 4.245104001234283331e-01 5.107090143243765423e-01 9.874653917707123529e-01
3.580767844373727695e-50 -1.184890469202927363e+02 9.257823661787629721e-01 5.990758740668301607e-01 7.323085005041236606e-01 2.876452069371393527e-02 6.354056217063817069e-01 6.594707405596531569e-01 2.573147880355763917e-01 4.222183855091540261e-01
3.580767844373727695e-50 -1.184890469202927363e+02 7.619739248971035828e-02 6.222741631296153653e-01 9.170226149864335596e-01 3.281379750410863272e-01 5.208854209169563321e-01 6.910159823299264481e-01 6.158645167755405492e-01 4.360885411744059859e-01
3.580767844373727695e-50 -1.184890469202927363e+02 6.346350673484871807e-01 3.582934528898988891e-01 9.533354956976705097e-01 6.476323472907256074e-01 1.108869781919596953e-01 3.768606484944967416e-01 3.069569564786632787e-01 9.059910926642171791e-01
3.580767844373727695e-50 -1.184890469202927363e+02 1.797558604063842491e-01 5.981532356942143025e-02 9.568037250602583477e-01 6.119976982273417354e-01 7.095550952708370440e-01 7.443223112705700251e-01 4.565741127618080375e-01 3.554002162624703143e-02
3.580767844373727695e-50 -1.184890469202927363e+02 1.578067400431804046e-02 7.539506135030963341e-01 1.794346287795001160e-01 4.235399136431228229e-01 8.497423076428750610e-01 7.949974394255338028e-01 9.899647450496807943e-01 6.980261839308762317e-01
3.580767844373727695e-50 -1.184890469202927363e+02 4.803797303811984110e-01 1.918032290878844970e-01 6.618286999506794999e-01 6.465929781757896455e-01 1.175520451893523610e-01 7.306156542312484126e-01 4.382200884597416968e-01 9.002946576898813724e-01
3.580767844373727695e-50 -1.184890469202927363e+02 9.193299660765080761e-01 4.875916939943264472e-01 9.281474904919110314e-01 1.506079521162250190e-01 3.323977473726306142e-01 1.568911447852645580e-01 1.308475045808893400e-01 9.908410988734257518e-01
3.580767844373727695e-50 -1.184890469202927363e+02 2.908281681444253586e-01 8.356572419289128861e-01 4.636280046195316862e-01 9.261739350709770058e-01 5.690786802538340128e-01 8.518760278158302723e-01 2.372674866272805883e-02 5.573436006868072168e-01
3.580767844373727695e-50 -1.184890469202927363e+02 2.432173851400099007e-02 2.425827759656358218e-01 3.414462149647834455e-02 9.130005734388420002e-01 9.763618328275233127e-01 4.510569064618401569e-01 7.773373406484549442e-01 8.581115444190842156e-01
3.580767844373727695e-50 -1.184890469202927363e+02 1.276438295266411060e-01 4.721876963993208998e-01 5.622148214128346311e-01 5.739727163893207917e-01 3.286821098405663388e-01 4.169140109170569319e-01 2.695756249715764996e-01 6.762282009823699092e-01
3.580767844373727695e-50 -1.184890469202927363e+02 8.913880787884334023e-01 6.971365974334490234e-01 7.913932662592725320e-01 6.562993214366562578e-01 3.017860487166784678e-01 8.294580867747294306e-01 4.311889270943084496e-01 5.855193395281862445e-01
3.580767844373727695e-50 -1.184890469202927363e+02 3.272621125386998564e-02 4.985832251818698158e-01 2.755275804336666523e-01 3.295377413788147525e-02 6.403640102848564553e-01 3.261954129806172720e-01 5.713914554177741412e-01 8.592261684798995214e-01
3.580767844373727695e-50 -1.184890469202927363e+02 9.623189220575877334e-01 3.636213129869314553e-01 4.474889355153967019e-01 4.003293711541391353e-01 2.207071705899454894e-02 9.312803929828579186e-01 7.163248775211233932e-01 6.879229676501781299e-01
3.580767844373727695e-50 -1.184890469202927363e+02 3.938022832018127639e-01 1.870785630538293054e-01 2.528554462918536361e-01 7.773952123195729813e-01 3.274764121634490266e-01 9.047055154656049591e-01 7.652285643788558911e-02 8.321641159458802450e-01
3.580767844373727695e-50 -1.184890469202927363e+02 4.605234587756490416e-02 9.743215868494002896e-01 2.759087389042031990e-01 3.252946366760018915e-01 2.634374138144069954e-01 7.255005857738571207e-01 9.953606424194795244e-01 9.162960404511291124e-01
3.580767844373727695e-50 -1.184890469202927363e+02 5.326001841343781518e-01 4.714950715796748515e-01 4.070984366200676163e-01 3.639589145112993585e-01 8.661002072336434487e-01 9.322148848286003764e-01 8.100399879491424482e-01 8.022925346864835383e-01
3.580767844373727695e-50 -1.184890469202927363e+02 4.712175572960490832e-01 6.033721302372370143e-01 3.998995804819344135e-01 4.940506528567822908e-02 8.213431175308092413e-01 6.882689013820397772e-02 2.000758535364651758e-01 8.445328030310605971e-01
3.580767844373727695e-50 -1.184890469202927363e+02 7.271110754553445910e-01 3.908938065412034257e-01 5.016805457049748895e-01 4.635048723495985845e-01 7.461676522465512384e-01 1.525400579861513339e-02 9.554274662685191544e-02 6.707236122530959577e-01
3.580767844373727695e-50 -1.184890469202927363e+02 7.650672289152304906e-02 5.753477692089425943e-01 9.143972754316379570e-01 1.283849331759383539e-01 4.121857913051569788e-01 3.818007936134091285e-01 7.241436212110481385e-01 4.986556843587376386e-01
3.580767844373727695e-50 -1.184890469202927363e+02 8.161193374884591067e-01 5.661836050834354594e-01 6.473539212924401820e-01 4.865026577973255995e-01 6.722232811721038370e-01 4.741215730158273578e-01 1.944188621063103195e-02 5.328404674780101713e-01
3.580767844373727695e-50 -1.184890469202927363e+02 8.867028696726428905e-01 3.463703198515334369e-01 5.718387619746500006e-01 2.389957429994675753e-01 2.832712138713735506e-01 9.375900174516906826e-01 1.795988852887533405e-01 3.022598215353402562e-01
3.580767844373727695e-50 -1.184890469202927363e+02 5.052646390291914980e-02 3.568177349469173754e-01 2.156567703157628024e-01 2.316358040134969265e-03 8.524610295805362670e-01 2.934498429438618938e-01 4.155131197757450101e-01 5.374615691447199861e-01
3.580767844373727695e-50 -1.184890469202927363e+02 5.655921146392239862e-03 4.704962261445064797e-01 5.124957207196281228e-01 3.511562759974711234e-01 6.138034837087600337e-01 2.827483754409163552e-01 3.963849293871718471e-01 4.674779172537329996e-01
3.580767844373727695e-50 -1.184890469202927363e+02 4.904722706283487499e-01 7.474371781874580289e-01 5.519889173831463713e-01 8.055328901813164633e-01 3.032747206133794560e-01 8.682041901667949535e-01 9.950802965214159412e-01 7.887948757036478131e-01
3.580767844373727695e-50 -1.184890469202927363e+02 6.498707116673710926e-01 5.742902937015733622e-01 5.968493905865401850e-02 6.465789389594017722e-01 4.009192338932611177e-01 9.843125752383339311e-01 1.146855702760359863e-01 3.613470848316675532e-01
3.580767844373727695e-50 -1.184890469202927363e+02 4.441530151841561747e-01 4.122302650407855262e-01 4.619184977368642198e-01 7.428361935678293726e-01 9.195427947909708966e-01 2.927520939877248374e-02 7.640823713546502916e-01 3.982455605738501880e-01
3.580767844373727695e-50 -1.184890469202927363e+02 6.867518261403839919e-01 1.825508123693314610e-01 2.938786850295623809e-01 9.305075197111603025e-01 7.179742205028492030e-01 8.396588762901695535e-01 3.456469291188148940e-01 7.890167510777010840e-01
3.580767844373727695e-50 -1.184890469202927363e+02 8.469891157293191197e-01 6.214500218356022732e-02 9.743090526336557478e-01 7.376253321702541665e-01 8.616920960709518740e-01 8.482265699137551129e-01 9.745599673717383338e-01 6.416377089625865393e-01
3.580767844373727695e-50 -1.184890469202927363e+02 1.424302358123155088e-01 6.158345918093555138e-02 2.038726570686936190e-01 6.003350320498623827e-02 5.314495312717455455e-01 7.239180989009869061e-01 1.394582970440054748e-01 4.042238070436844355e-01
3.580767844373727695e-50 -1.184890469202927363e+02 2.717399754384679511e-01 3.316673673003385225e-01 4.411854892965383357e-02 2.724280530214382434e-01 6.175695693659832841e-04 8.226452395100364301e-01 8.245958126094365959e-02 6.877731422725851251e-01
3.580767844373727695e-50 -1.184890469202927363e+02 4.542642388871995784e-01 2.476157533072678163e-01 9.603637733799330611e-02 8.668879549870208701e-01 9.237071537756056383e-01 1.529201250554419467e-01 8.979870329222574554e-01 9.639191534610583867e-01
3.580767844373727695e-50 -1.184890469202927363e+02 9.285607250970744353e-01 8.299750559567733443e-01 2.019415174776425514e-01 8.226326573174161938e-01 3.831284838010670102e-01 5.538480868118209610e-01 8.559655026556923785e-01 9.201051009478172782e-01
3.580767844373727695e-50 -1.184890469202927363e+02 8.939803263907326603e-01 1.540746427791952478e-01 7.120614770588971076e-01 4.497182247025800494e-01 6.951387160540466459e-01 8.383104152556531963e-01 7.443625420301404061e-01 7.758123428685413936e-01
3.580767844373727695e-50 -1.184890469202927363e+02 2.656179232065690732e-01 6.548057342539588266e-01 7.309587748906157811e-01 1.243182121658596984e-01 5.149688456383275659e-01 6.541715599009727544e-01 9.886744109480922749e-01 4.417633525537284500e-01
3.580767844373727695e-50 -1.184890469202927363e+02 7.487691120057826666e-01 4.185978773407377229e-01 2.860838461675880851e-01 3.818323039711625233e-01 7.171480184265648372e-01 7.614589273292674543e-01 4.185019223983489356e-01 9.879052720741227089e-01
3.580767844373727695e-50 -1.184890469202927363e+02 2.023086731029648533e-01 4.324093046646549920e-01 6.524566519569838796e-01 2.776962969644761747e-01 1.379978643024329932e-01 6.301607017769588204e-01 9.836076206131557642e-01 5.941660863009221583e-01
3.580767844373727695e-50 -1.184890469202927363e+02 7.327208767743198514e-01 1.350084396250944563e-01 8.831884762387111065e-01 3.677623507307082873e-01 3.429066802710639683e-01 5.071366050367057676e-01 5.356236872335373711e-02 9.482516807998944142e-01
3.580767844373727695e-50 -1.184890469202927363e+02 6.235092429481225995e-01 7.611231064307365513e-01 4.915845533971048287e-01 2.396924513875799967e-01 7.482335118316612022e-01 3.793619169281357006e-01 8.988715046023877386e-01 6.807617284817766290e-01
3.580767844373727695e-50 -1.184890469202927363e+02 3.460834448291384424e-01 6.440337693240757444e-01 4.296833896590015467e-01 8.523625989669078029e-01 4.946955663390654179e-01 3.442271295300998180e-01 5.779403551493419444e-01 6.396213749778666413e-01
3.580767844373727695e-50 -1.184890469202927363e+02 3.394782491844567929e-01 3.724068944714855611e-01 5.815084676754596060e-01 1.388980938949531119e-01 9.117939446173131124e-01 2.284252938775023223e-01 4.242028632378940234e-01 5.398929803147272111e-01
3.580767844373727695e-50 -1.184890469202927363e+02 8.706626911013580772e-01 3.685588496692716598e-01 8.396628108364708742e-01 2.962641115603721342e-01 9.373139945989306110e-01 1.246218223846726758e-01 4.155060311357199332e-01 3.725459793164961342e-01
3.580767844373727695e-50 -1.184890469202927363e+02 1.870102520388018386e-01 2.526982502575360057e-01 5.382756331895430790e-01 8.319620045779874129e-01 5.683634772945977964e-02 2.798492902507687674e-02 9.592417976808981228e-01 6.182443347955420831e-01
3.580767844373727695e-50 -1.184890469202927363e+02 4.432713755786864551e-01 6.249776426381925543e-02 3.391000168572052553e-01 4.875626043948820820e-01 3.187481998565552255e-01 1.077074361628777011e-01 2.313579340437049714e-01 6.531761268679172616e-01
3.580767844373727695e-50 -1.184890469202927363e+02 7.293835209339545322e-01 8.604566325466881382e-01 8.324452259673077448e-01 2.711851933848848928e-01 5.988598604779559187e-01 2.399844695632804559e-01 1.049409381948177566e-01 7.492891248367304913e-01
3.580767844373727695e-50 -1.184890469202927363e+02 8.170606342475673634e-01 4.216914201118944217e-01 6.868700851078376468e-01 2.603536808260756841e-01 4.645738050817704856e-02 9.045409662428196551e-01 1.260112769805229460e-01 5.569772940510064885e-01
3.580767844373727695e-50 -1.184890469202927363e+02 4.180510022033074868e-01 1.992446956470286246e-01 1.114841774062567126e-01 7.365701052825958106e-01 5.687182543608834129e-01 1.639536041439226821e-02 8.250985243436922412e-01 7.531068756945413778e-01
3.580767844373727695e-50 -1.184890469202927363e+02 5.195790249622073143e-01 9.229960279847604365e-02 5.314298742789236307e-02 7.973162656186358888e-01 2.651802492711233805e-01 9.829374759937925532e-02 3.272345514752084128e-01 4.413119257519048100e-01
3.580767844373727695e-50 -1.184890469202927363e+02 2.959236106486546891e-01 6.966337441157105514e-01 3.946910336485560666e-01 2.820036958564546836e-01 4.157912792035903804e-01 8.435314310109112146e-01 6.440127475906288756e-01 4.493176389258287662e-01
3.580767844373727695e-50 -1.184890469202927363e+02 6.627781117266089428e-01 5.302388531476918132e-01 4.351216282265355506e-01 9.831686077289014669e-01 5.661705394848814965e-01 5.195192107496006129e-01 3.638081797183315702e-01 6.097447741242691954e-01
3.580767844373727695e-50 -1.184890469202927363e+02 4.238939785867597010e-01 7.132776860788071494e-01 9.072025465629297569e-01 9.589094225716399134e-01 9.551857418304865455e-02 7.848592530683280444e-01 1.842438329676767683e-01 3.270996360054374552e-01
3.580767844373727695e-50 -1.184890469202927363e+02 7.792676554922443044e-01 5.849110770113971070e-01 6.980701026168087964e-01 3.690456463577240775e-02 2.869955493551576975e-01 2.591387906616697823e-01 1.810844960308827245e-01 1.250937407462526796e-02
3.580767844373727695e-50 -1.184890469202927363e+02 9.907511520045128028e-01 6.110530466510810665e-02 8.729654540210236568e-01 9.414119392635131867e-01 6.466105432938249464e-01 6.527788635083157098e-01 8.953808240383900330e-01 3.061709039869788818e-01
3.580767844373727695e-50 -1.184890469202927363e+02 7.019079883742340709e-02 5.205886136476934878e-01 3.507746033322532986e-01 3.899264799904229584e-01 3.085824003212001010e-02 3.124333950072214483e-01 5.514609509309376101e-03 5.731749692751405556e-01
3.580767844373727695e-50 -1.184890469202927363e+02 7.651967463369061528e-01 9.778217072128458920e-01 1.398728864362338564e-01 2.692650997024166326e-01 7.316885245304725061e-01 3.303375503667091984e-01 3.362730674558975785e-01 6.154759606393380711e-01
3.580767844373727695e-50 -1.184890469202927363e+02 6.698486423031512205e-01 7.540538691372986602e-01 4.997988228363051677e-01 7.435071551151106739e-02 8.876767439230414114e-01 2.346451383549688074e-01 8.646914018830559323e-01 8.170990801743808207e-01
3.580767844373727695e-50 -1.184890469202927363e+02 3.788990842285674399e-01 1.144276886319964825e-01 1.198776239933306842e-01 5.355651777666470270e-02 5.075083785453016194e-01 9.922223799275456946e-01 3.367316410460075016e-02 3.665681523450617929e-01
3.580767844373727695e-50 -1.184890469202927363e+02 4.891441199251651550e-01 9.352743266843769332e-01 2.919320668128619900e-01 3.856031693573981345e-01 6.178330760064405514e-01 4.658416445794877347e-02 2.626442928965065926e-01 4.619497780349974825e-01
3.580767844373727695e-50 -1.184890469202927363e+02 9.548902517322073180e-01 3.650836606825611508e-01 6.987153260911278529e-01 1.551680816398496310e-01 2.581255752395773539e-01 3.021554963507233627e-01 5.223700013499623651e-01 4.737241685838226024e-01
3.580767844373727695e-50 -1.184890469202927363e+02 7.604681371352184360e-02 9.385655484699224615e-01 4.396483247041801379e-01 8.173669307789538374e-01 2.878197343743138514e-02 8.969027864626049062e-01 6.220770874358466651e-01 9.033106380059773288e-01
3.580767844373727695e-50 -1.184890469202927363e+02 2.583927960965020088e-01 7.988012782809724710e-01 2.487222193377287560e-01 3.598138628361767788e-01 2.431476532123799661e-01 1.288144313933672347e-01 2.182871290142682774e-01 8.157727654570448017e-01
3.580767844373727695e-50 -1.184890469202927363e+02 6.974686243063988877e-01 1.012794933578753387e-02 6.109636974330375780e-01 6.772273751138955244e-01 1.570336664501807977e-01 6.301310594710423096e-01 7.596614812979063380e-02 9.216585222880143702e-01
3.580767844373727695e-50 -1.184890469202927363e+02 9.427332547520489436e-01 4.980170433430608501e-02 6.553752958806047246e-02 3.634937681887813188e-01 9.534982210708828898e-01 4.977189165840076868e-01 2.018049582168754963e-01 6.192033716440581426e-01
3.580767844373727695e-50 -1.184890469202927363e+02 7.301553671938807444e-01 4.721145310542020912e-01 2.353973661072072954e-02 9.296561648948606926e-01 8.194414635005659031e-01 4.848808623358717984e-01 2.217856522132499730e-02 4.177115209553736719e-01
3.580767844373727695e-50 -1.184890469202927363e+02 3.517521386235116232e-01 3.685067668010491015e-01 3.845817795708574849e-01 2.938254847879435694e-01 4.876505997620221855e-01 5.394068994897898150e-01 7.846232613410146772e-01 7.914351359283016141e-01
3.580767844373727695e-50 -1.184890469202927363e+02 8.133154340465962306e-01 8.124119580437431098e-01 4.766447163358874528e-01 2.101193188580408044e-01 3.024561300925514562e-01 6.430630608092655631e-01 2.677973917152896011e-01 4.563662344942021054e-01
3.580767844373727695e-50 -1.184890469202927363e+02 6.784900021068540621e-02 7.946250985123108901e-01 4.611946239792990010e-01 5.455868485470205531e-01 7.290951055056098529e-01 5.487037058411954327e-01 3.337287105968578249e-02 9.770676142254405283e-01
3.580767844373727695e-50 -1.184890469202927363e+02 9.668962871738274734e-01 7.479199411917991647e-03 8.928132368707875077e-02 3.458028018975730644e-01 5.761568312577636242e-02 4.187419264355471960e-01 2.278105604954357988e-01 6.500273451456657359e-01
3.580767844373727695e-50 -1.184890469202927363e+02 6.110384397125580014e-01 5.677771860926770220e-01 8.309797507799016048e-01 9.064768432392651398e-01 3.271315044580712650e-01 4.703143414673839340e-01 8.535656479166497945e-01 5.270048248576759686e-01
3.580767844373727695e-50 -1.184890469202927363e+02 2.448626028370451957e-01 8.198421290777132553e-01 5.887591555636665364e-01 8.393373496946672230e-01 4.907261916461020945e-01 4.154527233990856772e-01 9.655045300746671888e-01 7.127819780389155202e-01
3.580767844373727695e-50 -1.184890469202927363e+02 6.756612119402209959e-01 9.472959887796857936e-01 2.768775185867387023e-01 6.217675466610368407e-01 4.478025759622783486e-01 5.008147351371633471e-01 7.487363579727690510e-02 3.128953670385702379e-01
3.580767844373727695e-50 -1.184890469202927363e+02 1.169731475648727592e-01 3.732317167797825075e-01 8.958888917755641890e-01 6.282214357898632251e-01 3.402715927158326270e-01 1.252289076341989160e-01 3.799069635569839454e-01 7.834466346885333721e-01
3.580767844373727695e-50 -1.184890469202927363e+02 5.159869595115732510e-01 8.992737514449864467e-01 4.712767823341196261e-01 5.279063731412203531e-01 6.999279746105880884e-01 7.204976996886476304e-01 9.890867827253085887e-01 5.672675870373972140e-01
3.580767844373727695e-50 -1.184890469202927363e+02 9.327779095141180976e-01 4.336422940986767172e-01 4.572505278736598289e-01 3.509232666713421045e-01 5.570703943048053164e-01 3.375201602034894055e-02 8.507670274176236669e-01 3.588170756265589567e-01
3.580767844373727695e-50 -1.184890469202927363e+02 4.588779655705063076e-01 5.111961359044245867e-01 9.950241202532735807e-01 5.592268652276092267e-01 3.167758437305041586e-01 3.746671436383436360e-01 2.505790058168869683e-01 1.929117449714190524e-02
3.580767844373727695e-50 -1.184890469202927363e+02 8.765674724763194980e-03 1.059001466873763508e-01 9.971173130481192359e-01 5.524965523277818313e-01 1.310169396578431122e-02 9.477492376315882483e-01 9.012397419217239580e-01 6.833766821163664851e-01
3.580767844373727695e-50 -1.184890469202927363e+02 7.584554116723433159e-01 5.226070827132446306e-01 5.879364264727798828e-01 3.899278849736985686e-01 7.613128252110853422e-01 4.306319029490648376e-01 2.551669853685779588e-01 9.126335874251574332e-01
3.580767844373727695e-50 -1.184890469202927363e+02 5.934453584126603287e-01 3.325180804032071835e-01 5.707508331635803289e-01 1.388966975847664154e-01 3.016621014005596013e-01 6.411619164923861858e-01 5.114589060587059199e-01 5.684654924021613764e-01
3.580767844373727695e-50 -1.184890469202927363e+02 9.976250004390635473e-01 8.297285093617718932e-01 6.016018780927949727e-01 7.636321246903278182e-01 1.243875971308383566e-01 1.823393465137949088e-01 8.458892816891023791e-01 7.553283291497486784e-01
3.580767844373727695e-50 -1.184890469202927363e+02 8.474084396158947374e-01 6.704607193166656209e-01 8.941417016189634470e-01 7.955602405163118007e-01 8.926063871871559030e-01 2.883809960358618696e-02 4.681394803823676343e-01 7.704710324902656060e-01
3.580767844373727695e-50 -1.184890469202927363e+02 3.968200410472382256e-01 3.931738927808091644e-01 9.780539061532397271e-01 8.614503799438821829e-02 5.388173540785589077e-01 8.538577694095625947e-01 7.965180782109011481e-01 4.420674563141006042e-01
3.580767844373727695e-50 -1.184890469202927363e+02 3.056616652275304657e-01 6.435510082886403138e-01 4.004542323116297986e-01 4.556842492713850667e-01 2.584547548767295311e-01 2.311629083215036573e-01 6.159640972497760769e-01 8.167029181566786145e-01
3.580767844373727695e-50 -1.184890469202927363e+02 3.213086218009997275e-02 8.534221260577129486e-01 3.118106949437593478e-03 6.882211251685846909e-01 5.571892991514493243e-02 2.749667283812341489e-01 8.602643378109352534e-01 9.635419612693322255e-01
3.580767844373727695e-50 -1.184890469202927363e+02 1.003579492914059568e-01 4.471810992601740198e-01 1.014273263620995014e-01 9.878231667379060443e-01 8.673852751895201330e-01 9.447855580287307653e-01 2.569004205317482192e-01 7.345646799307067321e-01
3.580767844373727695e-50 -1.184890469202927363e+02 8.318555303425561043e-01 7.825597613564744259e-01 6.596416798194990605e-01 1.241236993746608341e-02 5.325003914215110656e-01 3.152215892039209599e-01 5.909028132376221709e-01 5.860867842515237180e-01
3.580767844373727695e-50 -1.184890469202927363e+02 8.510161763637047461e-01 8.406255637032024053e-01 7.459187843647634431e-01 7.677171904831544547e-01 3.025179083171318783e-01 1.019401384068627792e-01 3.537842975731146922e-01 6.989186461080688639e-01
3.580767844373727695e-50 -1.184890469202927363e+02 1.123066840960141866e-01 6.485286371900350622e-01 4.756038486515008490e-01 8.557421719912199354e-01 7.939238401911635767e-01 6.783070324821406372e-01 9.424203122563052926e-01 4.870716114976663125e-01
3.580767844373727695e-50 -1.184890469202927363e+02 9.853092631621365172e-01 4.789692619728047607e-01 8.539322393995492089e-01 7.365696019129019945e-02 5.604195975039902855e-01 4.820727216583785557e-01 4.257389617633362544e-01 6.015779548739377258e-01
3.580767844373727695e-50 -1.184890469202927363e+02 1.958719790240662784e-01 5.260489512352835018e-01 1.353684731447934997e-02 4.395944883734389519e-01 2.182846299324727735e-01 5.736034191045426001e-01 3.816339570245174118e-01 3.372194054280186482e-02
3.580767844373727695e-50 -1.184890469202927363e+02 8.454647620762615334e-01 7.442366767830438379e-01 4.867556786890675502e-01 1.131894307359490037e-01 8.149028025792297569e-01 4.206071109324360791e-01 6.729597813044978505e-01 9.088718437224946323e-01
3.580767844373727695e-50 -1.184890469202927363e+02 3.662064284844601669e-02 9.029697222509769361e-02 5.934583438244386278e-01 2.145452850647920906e-01 4.486687300610348039e-01 1.050802052351390570e-01 1.632645946557730321e-01 4.880916626701562455e-01
3.580767844373727695e-50 -1.184890469202927363e+02 4.262567990997773171e-01 8.554151364170684557e-01 9.337231741488071224e-01 5.130291132242423835e-01 3.832732938688233615e-01 5.772615370484890374e-01 7.785769198210366060e-01 4.207720001441391799e-01
3.580767844373727695e-50 -1.184890469202927363e+02 6.184771490063146748e-01 1.298872510752712151e-01 2.020327118146800771e-01 6.916394071366162022e-01 2.595314004560054233e-01 1.747829508258952336e-01 9.250886889966787319e-01 1.437501077993397214e-02
3.580767844373727695e-50 -1.184890469202927363e+02 2.213090273036040223e-01 4.787796011739295921e-01 9.624028562903877981e-01 1.098964619489627426e-01 2.597494058236449188e-01 9.802748720630051205e-01 3.790865355622313748e-01 3.421272066069891427e-02
3.580767844373727695e-50 -1.184890469202927363e+02 5.632414181676207443e-01 3.588666492016008291e-01 2.063949401891400637e-01 2.359279234889177790e-01 7.186504388322876302e-01 3.563785084555437521e-02 9.785149756991933234e-01 8.436092622449727907e-01
3.580767844373727695e-50 -1.184890469202927363e+02 2.814008668208661801e-01 7.529753272483973303e-01 2.351878242638926197e-01 1.615166114889524662e-01 6.928972809399894794e-01 7.962245422351781343e-01 5.857611331150702760e-02 7.272995370699599782e-01
3.580767844373727695e-50 -1.184890469202927363e+02 2.694035111598312993e-01 1.082799543117292096e-01 3.245673361912919663e-01 2.759639673512186420e-01 6.758483602036242655e-01 4.639724726043681358e-03 2.315754891363173140e-01 1.280649759465735116e-03
3.580767844373727695e-50 -1.184890469202927363e+02 1.834245638914528964e-01 1.114843047632668727e-01 3.154219773202097121e-01 8.085688194607043577e-01 3.328886441928520235e-01 1.231126497113925744e-01 2.128282768457963048e-01 6.781706861016034704e-01
3.580767844373727695e-50 -1.184890469202927363e+02 6.065688764454443271e-01 3.542183928667744786e-01 6.456315322421410929e-01 4.528285502081353942e-01 8.812764276577186306e-01 4.321352184831223076e-01 7.231890532136769911e-01 5.279198591629175041e-03
3.580767844373727695e-50 -1.184890469202927363e+02 6.580020734499794077e-01 7.204324484755960656e-01 4.476867798437520474e-01 6.915401313090782098e-01 5.566031380613987167e-01 2.712967159860755206e-01 1.457206113994635732e-01 8.257831770636181457e-01
3.580767844373727695e-50 -1.184890469202927363e+02 4.313171989140065499e-01 9.376905725221743593e-01 5.610831314912586576e-01 8.381057221713739125e-02 4.949572680448620643e-01 6.162187094446239799e-01 6.305545127002877281e-01 7.604376055980797133e-01
3.580767844373727695e-50 -1.184890469202927363e+02 4.665490828296983139e-01 8.820507114387765579e-01 1.918936763295062686e-01 1.952443564818679977e-01 3.279602177831175691e-01 6.000704251984947390e-01 2.497511694515937020e-01 5.251293440005309066e-01
3.580767844373727695e-50 -1.184890469202927363e+02 7.321452120470629543e-01 2.039235245506690886e-01 7.582963341056688789e-01 4.576712065718165912e-01 6.511279335857008688e-01 6.970583176208190457e-01 1.619624524239788865e-01 4.091957611595862243e-01
3.580767844373727695e-50 -1.184890469202927363e+02 9.359576694863041002e-01 2.982614112015531393e-01 7.825520348471493026e-01 8.915645756210133221e-02 9.981520606895307735e-01 9.712321116765970652e-01 1.326904689295519413e-01 3.036503176633226220e-01
3.580767844373727695e-50 -1.184890469202927363e+02 3.198693379576511564e-02 3.410756673913041270e-01 8.601116265491892676e-01 9.005963283766432736e-01 8.435236810398000218e-01 5.779719862914592943e-01 5.194361081073062270e-01 4.996181521242558654e-01
3.580767844373727695e-50 -1.184890469202927363e+02 8.037410510070986946e-01 1.251579848832808928e-01 7.180968191012868651e-01 8.371101828846936321e-01 2.455032499869835849e-01 4.272460498074651669e-01 9.169689108058409754e-02 8.066052623787057785e-01
3.580767844373727695e-50 -1.184890469202927363e+02 6.580197518895452014e-01 4.783876614198016020e-01 3.209757689113132972e-01 7.089211599971502187e-01 5.288761540366410108e-01 5.542729799350554210e-01 8.130917964479122961e-01 7.286888353066944823e-01
3.580767844373727695e-50 -1.184890469202927363e+02 3.796662343584433774e-02 4.530255757121995908e-01 5.217732596589361727e-01 7.390638305470065283e-01 4.619305165516515155e-01 8.149429022393883670e-02 4.380329039463526364e-02 6.609904025261260641e-01
3.580767844373727695e-50 -1.184890469202927363e+02 6.469602809496414197e-01 1.679763206563978928e-01 5.329500651131234834e-01 3.395522365031805601e-01 6.291859361006445495e-01 9.795533879210038819e-02 3.076953949338327998e-01 8.514633394621475837e-01
3.580767844373727695e-50 -1.184890469202927363e+02 2.808134120352090424e-02 3.375322979832722226e-01 4.279172291827846308e-01 9.647727798932034249e-01 6.118497281052618364e-01 8.713055746845045357e-01 6.829596637459292019e-01 9.925391218217503031e-01
3.580767844373727695e-50 -1.184890469202927363e+02 4.319409544929677658e-01 2.909536533403661585e-01 9.824404718280581594e-01 9.514069928015341793e-01 2.000018143582135144e-01 7.777177922557882983e-01 4.970925198802567113e-01 3.631788071303310161e-01
3.580767844373727695e-50 -1.184890469202927363e+02 6.089831214595922138e-01 8.606590860171411395e-01 2.343928104492867259e-01 7.770205538550839508e-01 5.354549153692483854e-01 7.470609598515156602e-01 6.643574764404436284e-01 7.356292596967920483e-01
3.580767844373727695e-50 -1.184890469202927363e+02 9.861114677613252999e-01 3.486218041697339842e-01 1.365056344658164278e-01 8.459816955487776680e-01 5.772413954602901853e-01 5.289017792851881117e-01 1.820255060126243496e-01 9.493772772749616840e-01
3.580767844373727695e-50 -1.184890469202927363e+02 7.965108271300689324e-01 8.575494441967090875e-02 8.190441332983182665e-01 7.655289725021602321e-01 7.269007571113195176e-02 4.751112213948888163e-01 8.051654172432485268e-01 7.309499242838326527e-01
3.580767844373727695e-50 -1.184890469202927363e+02 8.370067257422834084e-01 7.512751384810523181e-01 4.374679052920498190e-01 6.778640548162363499e-01 4.487006543105143130e-01 3.532695001020507153e-01 5.452212478869711276e-02 9.178404116492179243e-01
3.580767844373727695e-50 -1.184890469202927363e+02 7.978564431221318864e-01 7.347271978363602019e-01 4.642255027284745150e-01 8.491117922520381445e-01 5.340397642660688060e-01 3.125214527581359203e-01 5.049569986700445101e-01 4.745466619589607804e-01
3.580767844373727695e-50 -1.184890469202927363e+02 4.869742556366124520e-01 4.642386597186662911e-01 7.343635330412162654e-01 7.002365082598124291e-01 4.833578397078417410e-01 3.347579815833445771e-01 8.473444351023909915e-01 4.153499270954505995e-01
3.580767844373727695e-50 -1.184890469202927363e+02 5.472412264074935084e-01 4.304748795735929834e-01 4.459912230834325308e-01 5.844462907447245392e-01 2.760018120963760868e-01 2.470428959727478668e-01 5.841012493474310174e-01 7.312262361367680708e-01
3.580767844373727695e-50 -1.184890469202927363e+02 1.007215402087698886e-01 3.768102770124484024e-01 9.409795815675581210e-02 9.197691071550038178e-01 6.983602848826137022e-01 7.009064674350097279e-01 1.507036916027327811e-01 7.930915033678804793e-01
3.580767844373727695e-50 -1.184890469202927363e+02 5.472991007058940482e-01 2.698520589940297532e-01 1.550461448137292475e-01 4.571074338780182211e-01 8.591294871615243745e-01 7.708519814374554802e-01 4.821322106363220561e-01 8.785880158044429011e-01
3.580767844373727695e-50 -1.184890469202927363e+02 2.271794278614149842e-01 6.150222277518319070e-01 3.728511240809868621e-01 4.667806219317264249e-01 5.418734305756143232e-01 2.911347632682814712e-01 7.279904006548320039e-01 9.689488191954894747e-01
3.580767844373727695e-50 -1.184890469202927363e+02 6.860509847192050037e-01 9.440000963429783232e-01 7.496671000160290976e-01 7.554952394680967132e-01 2.563473370439931509e-01 4.479121412546970271e-01 3.496396384536248902e-01 3.550081284471587884e-01
3.580767844373727695e-50 -1.184890469202927363e+02 5.162937248958019421e-01 5.128290604318478385e-01 8.510601443378580377e-01 2.718355174113129546e-02 9.826844828873793070e-01 7.134795622102330093e-01 9.597417384209439017e-02 3.845185059233428015e-01
3.580767844373727695e-50 -1.184890469202927363e+02 7.168921816845744699e-01 9.187894250523145345e-01 3.766839240194305161e-01 4.407557478569199549e-01 2.420085608274381572e-01 8.325866726343655877e-02 9.063994282654523893e-01 2.037706151775831032e-02
3.580767844373727695e-50 -1.184890469202927363e+02 9.675815529407990612e-01 6.705123026745899439e-01 9.937173122276851123e-01 2.168516719559487882e-02 3.474518879463563970e-01 4.091671779493281091e-01 4.872137864308376809e-01 7.580760922434721660e-01
3.580767844373727695e-50 -1.184890469202927363e+02 3.102987582482740203e-01 3.476803262139838147e-01 9.780833292744325336e-01 4.049233416629507420e-01 5.466821232340774994e-01 7.088037684420221973e-01 1.668892795983878408e-01 4.984306248713703535e-01
3.580767844373727695e-50 -1.184890469202927363e+02 4.158040648417514751e-01 4.431050393232804918e-01 8.345801315737519932e-01 4.125557032392493939e-01 6.982412147200521835e-01 7.633823001326845992e-01 3.593227389764217516e-01 6.650255015041847129e-01
3.580767844373727695e-50 -1.184890469202927363e+02 9.572243088230868446e-01 6.587500296004334954e-01 5.459434332607155937e-01 8.459911074605600545e-01 9.471140980128827103e-01 5.171875482670097446e-01 2.946878728759925181e-01 3.931251668900266338e-01
3.580767844373727695e-50 -1.184890469202927363e+02 6.833697533638194432e-02 6.987487375404376477e-01 6.476509416746345504e-02 7.753528119088681780e-02 1.242297529460872907e-01 2.283147843875610317e-01 7.616675831736486879e-01 9.279077262902781786e-01
3.580767844373727695e-50 -1.184890469202927363e+02 7.648117934254022865e-01 6.483004703979312611e-01 6.188337090717788147e-01 4.041358384020242722e-01 1.725171150657763830e-01 6.747722663277063715e-01 9.491420690778493707e-01 6.411756251153079011e-01
3.580767844373727695e-50 -1.184890469202927363e+02 2.924872171040133750e-01 1.590598784918123565e-01 9.616624568943590301e-01 8.144312820088525084e-01 1.678495349372044476e-02 1.702813813010651822e-01 4.438410084263745281e-01 6.985148965940156662e-01
3.580767844373727695e-50 -1.184890469202927363e+02 5.736433661686565211e-01 8.052861456363394899e-01 3.078311669958189167e-02 2.729656192309208862e-01 2.076543553145294707e-01 4.492433909423785288e-01 1.656062058243026325e-01 6.123263939117981058e-01
3.580767844373727695e-50 -1.184890469202927363e+02 1.146786946201345803e-01 7.153622665499329569e-01 7.057045507264363415e-01 6.939754381090479374e-02 7.109689027481123080e-01 8.976916788711245543e-01 3.273050811808841942e-02 8.535377428809007849e-01
3.580767844373727695e-50 -1.184890469202927363e+02 4.073284425460422797e-01 1.936827805441176942e-01 6.483998682809727354e-01 7.323607154070886915e-01 5.670090662047007068e-01 6.544672870887915384e-01 8.006109929759532839e-01 5.654795096276373778e-01
3.580767844373727695e-50 -1.184890469202927363e+02 2.900654824847798130e-01 2.944323602099302439e-01 8.765465735235847822e-01 6.931691435041855698e-01 8.609882942484410329e-01 1.088116344778243816e-01 1.912780437624492791e-01 5.883006844459141016e-01
3.580767844373727695e-50 -1.184890469202927363e+02 3.630486377862015557e-01 2.033589548300622774e-01 9.147560252678813564e-01 9.266367639653944055e-01 4.396180094209075628e-01 9.244982336975854365e-01 6.019618147468976943e-01 7.429205195307608811e-01
3.580767844373727695e-50 -1.184890469202927363e+02 3.527822314880703081e-01 2.385765178246584961e-01 7.356295194538677862e-01 6.801188708484886547e-01 9.259083503050480335e-01 7.090834963922422185e-01 7.472967190258887893e-01 6.524017725592425876e-01
3.580767844373727695e-50 -1.184890469202927363e+02 7.429085043956011880e-01 9.847102399334650702e-01 8.687514115185408503e-01 6.746504338620472607e-01 8.990900112463041660e-01 3.721868528566416590e-01 4.683882227648019647e-01 5.086506207402924362e-01
3.580767844373727695e-50 -1.184890469202927363e+02 9.123868476940705241e-01 9.503479623993433822e-01 2.145619919417125487e-01 8.902966778121521596e-01 5.240710030316982904e-01 1.766629537732882227e-01 5.532880442604499738e-01 7.979356548314873177e-01
3.580767844373727695e-50 -1.184890469202927363e+02 5.405686024285599744e-01 3.688217498542822881e-02 1.509307589234443192e-02 1.466798726513365292e-01 3.536272703146559060e-01 1.894129069153374090e-01 9.239172038687335498e-01 8.356224241940655162e-01
3.580767844373727695e-50 -1.184890469202927363e+02 8.126173554326324711e-01 1.707922998071551568e-01 7.289910050516335005e-02 3.650323621047560918e-01 6.648947777867308950e-02 6.056187423868075737e-02 1.415557369984532521e-02 7.176471803308749342e-01
3.580767844373727695e-50 -1.184890469202927363e+02 9.765631911009825528e-01 1.052712881904703801e-01 7.713269581492920857e-02 4.097651947298430741e-01 6.373330788947547676e-01 9.577761276736862506e-02 8.465012823962612121e-01 8.174828392763900942e-01
3.580767844373727695e-50 -1.184890469202927363e+02 6.255836129025630354e-01 6.392911747712316517e-01 2.240405905707227863e-01 8.528645991304995011e-02 3.959621675719096068e-01 1.452546443302507040e-01 6.324024773533880595e-01 4.258412462855520886e-01
3.580767844373727695e-50 -1.184890469202927363e+02 4.724651213400743455e-02 1.736979455834173347e-01 8.047835992990713949e-01 5.582566826022239415e-01 5.288703620590596843e-01 2.227236403665650011e-01 3.814071769499381981e-01 9.490390339861426439e-01
3.580767844373727695e-50 -1.184890469202927363e+02 3.785346446902244644e-01 9.624883526092032904e-01 1.275807618777407004e-01 2.194531905585339615e-02 8.568703812422703292e-01 1.181224071792288388e-01 8.946349582626588193e-01 6.907356005196547688e-01
3.580767844373727695e-50 -1.184890469202927363e+02 8.910896293992452977e-01 8.520157815861842954e-01 8.178317417374186826e-01 2.607874518078583392e-01 6.663845714000080633e-01 6.937304303740542410e-01 3.721996911285762044e-01 4.546234872733886379e-01
3.580767844373727695e-50 -1.184890469202927363e+02 2.423411629838078118e-01 1.172929493034797765e-01 6.919268372806245404e-01 3.290564758713070415e-01 6.787957260172314822e-01 8.578783487810837105e-02 7.217711112845411892e-01 3.231828713115949547e-01
3.580767844373727695e-50 -1.184890469202927363e+02 4.504982468213061253e-01 8.150908963164982257e-02 9.199227828444829225e-01 2.334134423944893566e-01 2.944729812958365445e-01 1.851879782648552242e-01 8.603384812054760689e-01 5.159310500341048877e-01
3.580767844373727695e-50 -1.184890469202927363e+02 4.568932437606837427e-01 9.731340003539690198e-01 3.817348040037963353e-01 4.169333164285327076e-02 8.328586406982074752e-02 9.575032927630561241e-01 9.603995811118625214e-01 5.550967099374294333e-01
3.580767844373727695e-50 -1.184890469202927363e+02 8.826927569099340953e-02 7.954968341746534444e-01 9.284147273458666083e-01 6.873880864341792574e-01 4.715053830749821318e-01 8.680798711942145918e-01 1.723912572677241961e-01 6.517013025954695449e-01
3.580767844373727695e-50 -1.184890469202927363e+02 2.344301426120686260e-01 6.904078752095568206e-01 7.442195227165728788e-01 8.346760572204032780e-01 2.915119462061890321e-01 5.560614213944893303e-01 7.311038456966501009e-02 7.950769237556962743e-01
3.580767844373727695e-50 -1.184890469202927363e+02 8.429518008833657428e-01 5.657509468621000348e-01 1.427427579779039224e-01 5.520664715623794239e-01 2.700381207107004355e-01 3.538280095717344365e-01 2.512905829964197091e-01 5.039347299353048593e-01
3.580767844373727695e-50 -1.184890469202927363e+02 1.190112036152225494e-01 6.366676803043453958e-01 6.174453708347245051e-01 4.233927520607838613e-02 1.172218836339918857e-01 3.139011754140675903e-01 4.103796173571089279e-01 6.073738570432768435e-01
3.580767844373727695e-50 -1.184890469202927363e+02 8.036927796815533931e-01 8.614970168388901284e-01 2.548769141581249675e-01 7.410521358300820038e-01 7.922968954521641960e-01 7.666340768037223086e-01 5.031329405141352629e-01 1.323807337410942697e-02
3.580767844373727695e-50 -1.184890469202927363e+02 9.217226787310581759e-01 4.081221385329231177e-01 2.168294182375554158e-01 7.891274938325818500e-01 5.661441577786494594e-01 9.987852718413177122e-01 6.862424359480610025e-01 9.720748228600493146e-01
3.580767844373727695e-50 -1.184890469202927363e+02 6.286539228365286558e-01 2.552305977133924042e-01 3.558716585106512786e-01 2.136143668272030283e-01 9.189597708204513271e-01 7.564466813198005291e-01 5.994213768241982709e-01 5.189723949903948252e-01
3.580767844373727695e-50 -1.184890469202927363e+02 7.222908418363283012e-02 5.467415110493127894e-01 2.388771388983175203e-01 5.153581910489175577e-01 7.116904727672653808e-01 5.686121371533163771e-01 6.819310553749077242e-01 3.373439424848297952e-01
3.580767844373727695e-50 -1.184890469202927363e+02 3.586191272175087708e-02 7.022192674037041060e-01 1.362618233164569759e-02 8.472266734214857209e-01 8.173375190483520569e-01 1.746380279452769413e-01 2.843920227217988650e-01 5.593775751811846941e-01
3.580767844373727695e-50 -1.184890469202927363e+02 2.126898270562543880e-01 1.272610776281450917e-01 6.987622656253522635e-03 6.505025437640532537e-02 7.508299749040620030e-01 8.209729958080855816e-01 2.995803082744921131e-01 7.140897794956810873e-01
3.580767844373727695e-50 -1.184890469202927363e+02 9.058731338501982977e-01 5.733668724320464261e-01 8.948724363294944251e-01 4.554948197959196587e-01 8.841081653152805808e-01 3.473648532248317933e-01 7.703095742194534523e-01 8.993866735878573992e-01
3.580767844373727695e-50 -1.184890469202927363e+02 9.769038543166674859e-01 2.817579929275142447e-01 4.284631717308623466e-01 3.706196939214460029e-01 6.365191253206903266e-02 4.544746798494472273e-01 8.610978192179625790e-01 7.741096513669143420e-01
3.580767844373727695e-50 -1.184890469202927363e+02 6.848387450139428179e-01 6.692889317313776010e-01 7.940686256181200831e-01 7.220689275773507498e-01 7.473466597257366617e-01 5.804072161705684518e-01 4.174371654599073889e-02 9.017790908233278557e-01
3.580767844373727695e-50 -1.184890469202927363e+02 4.201034621511497980e-01 7.145607613207957121e-01 4.186256194289325050e-01 9.477548104492324876e-01 6.579221920374928034e-01 3.165603678212061123e-01 8.658322317203687168e-01 3.922563062029480463e-01
3.580767844373727695e-50 -1.184890469202927363e+02 4.784153483429242071e-01 1.650152082432293499e-01 9.525136633095410144e-01 9.413286220720390451e-01 3.093221703180109028e-01 6.865629158597209569e-01 3.597558917548893120e-02 6.643826607840586096e-01
3.580767844373727695e-50 -1.184890469202927363e+02 9.184097993941812144e-01 3.110575473121786061e-01 4.632828365535741622e-01 5.275867280045831720e-01 4.827266662683872278e-01 3.160196711982059536e-01 8.916761865016100685e-01 5.190572094098517830e-01
3.580767844373727695e-50 -1.184890469202927363e+02 3.843772914398971841e-01 9.037823524786590124e-01 5.110770734929486192e-01 8.130942460581519482e-01 7.495590006615241441e-01 8.808315114875443497e-01 2.492188384830142933e-01 6.214179211115375967e-01
3.580767844373727695e-50 -1.184890469202927363e+02 7.992224092593235296e-01 3.403038504138982123e-01 5.137206832694329872e-01 5.738105534592917722e-01 2.288799654776196846e-02 9.195592351123549335e-03 8.492908119347398754e-01 4.498188754037933945e-01
3.580767844373727695e-50 -1.184890469202927363e+02 8.860463609622643011e-01 2.707400535481252479e-01 8.490332776705836748e-01 9.975853704374338937e-01 3.988503229039226383e-01 4.399599817196576668e-01 9.844531173135357971e-01 6.263317049793302171e-01
3.580767844373727695e-50 -1.184890469202927363e+02 7.006908616827869363e-01 3.891038220352420751e-01 9.222067122055603861e-01 6.842906726546632568e-01 5.254883118588001834e-01 6.446158320925454710e-01 8.013496759119694834e-01 9.269808052228363238e-01
3.580767844373727695e-50 -1.184890469202927363e+02 2.591654126622756626e-01 6.518245479714943613e-01 3.433297367796168675e-01 1.266818024902383044e-01 4.443489522392518598e-01 3.196557041832346346e-01 7.199868140848814102e-01 7.922064540826944112e-01
3.580767844373727695e-50 -1.184890469202927363e+02 4.400042472906185997e-01 2.378673213925474039e-01 5.090814516595936201e-01 4.434758678545503985e-01 5.962189589602148176e-01 1.766010511245108550e-01 8.697195212882548043e-01 5.842273472522974131e-01
3.580767844373727695e-50 -1.184890469202927363e+02 2.776461861916644791e-01 6.897216979489815269e-01 8.844408209507910179e-01 1.022229417335126511e-01 1.402487226297041145e-01 1.934554421762127996e-01 5.556121611942976823e-01 6.357940382420605996e-01
3.580767844373727695e-50 -1.184890469202927363e+02 7.492619106810091134e-01 1.294341581373622541e-01 8.580450783747688437e-01 8.471848445601619648e-01 2.234564999049100109e-01 6.624637042579509805e-01 4.125360817758939591e-01 6.707781293233088249e-01
3.580767844373727695e-50 -1.184890469202927363e+02 9.872696420974053089e-01 6.491999550486937665e-01 9.789001253629370236e-01 1.624190942445151720e-01 3.724206000064220756e-01 6.053040866754888505e-01 1.910499327030260597e-01 6.845321757965342480e-01
3.580767844373727695e-50 -1.184890469202927363e+02 8.725907969945474463e-01 3.104362501708941569e-01 5.428935015619628102e-01 4.178091106570549496e-01 3.752409037838346784e-01 7.391960234749668235e-01 8.515694047997126592e-01 8.223318149538767496e-01
3.580767844373727695e-50 -1.184890469202927363e+02 3.528244149842015842e-01 1.612272185699201721e-01 3.857818187294538292e-01 7.698432671857512455e-01 1.625138383400304143e-02 1.627695219948255279e-02 3.458575439521388573e-01 5.545447455351508736e-01
3.580767844373727695e-50 -1.184890469202927363e+02 5.093682035095185023e-01 4.656198233351995786e-01 5.182375075913572271e-01 3.781073848355610556e-01 4.210987572045512550e-01 2.362358309029185532e-01 2.501955317913561183e-01 9.621930279834587374e-01
3.580767844373727695e-50 -1.184890469202927363e+02 7.883960839241607177e-01 3.656019016514637787e-01 8.042973981031097397e-01 9.905540260055143431e-01 5.906034922011000887e-01 2.778174692716842697e-01 9.893311883469421142e-01 7.119961081920089807e-01
3.580767844373727695e-50 -1.184890469202927363e+02 1.397064138478356643e-01 9.544368404868460720e-01 7.799941484803339931e-01 6.009884200861936865e-02 2.066458750489751361e-01 9.836189589518660181e-01 5.521935706609589767e-01 7.775158715761163464e-01
3.580767844373727695e-50 -1.184890469202927363e+02 3.164188797235308881e-01 9.037511466915866265e-01 3.277473051102604007e-01 3.056441223656305439e-01 2.896002937799148080e-01 6.632277214841929558e-01 3.640399332574940638e-01 4.623193834967356253e-01
3.580767844373727695e-50 -1.184890469202927363e+02 3.982128708403034345e-01 2.504265002643979443e-01 4.105970902536796308e-01 9.619524285590153045e-02 5.332020122322020939e-01 2.924853836460722389e-01 1.553902072921806710e-01 3.902384750506023847e-01
3.580767844373727695e-50 -1.184890469202927363e+02 3.556811297180570985e-01 2.816314312879628634e-01 6.681341404066217793e-01 9.203384909312946061e-01 9.212978547089873960e-01 4.940465984941553312e-01 1.447676825117200083e-01 4.788698665601139881e-01
3.580767844373727695e-50 -1.184890469202927363e+02 1.764955894887603183e-01 9.540625525667807416e-01 6.139014177771420222e-01 5.044519759384653579e-01 6.809221919401068357e-01 3.918948350281656889e-01 5.387637674012085709e-01 5.941296288630726341e-01
3.580767844373727695e-50 -1.184890469202927363e+02 8.519913351632844023e-01 7.268004621995960424e-02 8.088662864265092622e-01 4.716645010526626658e-01 4.320584708592004608e-01 6.189642604815305260e-01 6.311563462793086110e-01 9.821559658820353533e-01
3.580767844373727695e-50 -1.184890469202927363e+02 8.706618737393404528e-01 5.276517682062441539e-01 4.692381362062403305e-01 1.172099658697320912e-01 4.168464424908598920e-01 4.979476341024902109e-02 1.584650832580601909e-01 3.879107568167683429e-01
3.580767844373727695e-50 -1.184890469202927363e+02 4.284688150254909456e-01 5.796137620690930969e-01 9.082018602270092167e-03 8.827139104748520371e-01 3.037750051929339890e-01 8.488176518572767559e-01 6.645579523760486440e-01 9.264639161758831953e-01
3.580767844373727695e-50 -1.184890469202927363e+02 7.461453826946629064e-01 2.407429903326836484e-01 7.263614949220562611e-01 4.222375218707896671e-01 3.137883413082817041e-01 5.271753659851822205e-01 7.223460115429876094e-01 3.431774218552062772e-01
3.580767844373727695e-50 -1.184890469202927363e+02 9.489304166836842747e-01 8.662170609890034179e-01 7.399114993741850999e-01 6.807936616842225064e-01 7.372793929215089026e-01 7.060374261790539618e-01 2.533915677466004324e-01 9.248148865470945390e-01
3.521745996216379478e-50 -1.184890469202927363e+02 9.534069506419678985e-01 9.412161577168404181e-01 4.578013437722783241e-02 1.850880773362328924e-02 2.714757284358452205e-01 3.754197117734423550e-01 6.488831124201877021e-01 4.753700299554253217e-01
1.469708366236007622e-49 -1.170270213914566284e+02 1.498741444557404323e-01 2.906780596915969905e-02 7.580755875400229105e-01 9.506650464993693372e-02 9.973199915016974781e-01 8.218119184648582376e-01 3.708200018114238272e-01 1.039805951526834304e-01
4.415002565145822778e-49 -1.158937436338536031e+02 7.842350067146527381e-01 9.006920047663791173e-02 8.397156302688131291e-01 6.300186760723958113e-02 9.010631966527102854e-01 5.027406940348677633e-01 7.146890182220765331e-01 1.083716142064563570e-01
1.373531187247007717e-47 -1.124228635968947003e+02 1.164250472502742495e-01 1.876005983660415932e-01 9.737800740196924654e-01 9.832428003792856863e-01 7.035553966093793798e-01 8.965077106492674863e-01 5.865740462722737192e-01 9.844605504880077351e-02
3.142384115739641331e-47 -1.115619334119144384e+02 2.261308214548607420e-01 2.715291655697621431e-01 7.596802465621976808e-01 7.923537126432328437e-01 9.919506480198013731e-01 1.881135359090558845e-01 9.906759335705035419e-01 7.702217550303447346e-02
1.184589893690474626e-45 -1.078990150435268731e+02 7.754836936661888558e-01 6.222587237048510245e-01 4.786768281040733042e-01 2.394870231611139211e-01 7.902256370466111957e-01 1.874426141695458847e-01 1.774818205362297396e-01 9.440276961844551451e-02
6.366500783367228692e-45 -1.061840283525302908e+02 7.322757444242811165e-01 4.665931596541283977e-01 4.602332416281692540e-01 2.570199107273034578e-01 7.103600095178587148e-01 9.739640952275582242e-01 4.778947251657605921e-02 1.402796516244216862e-01
1.642887517507513880e-43 -1.029001194492248175e+02 8.666957615315554753e-01 7.946910289697517449e-02 2.991165108659247229e-01 1.140958050954860026e-01 7.119534215525081811e-01 7.304666896025840961e-01 9.530622147541496503e-01 1.003759798602684716e-01
1.112898702220640921e-42 -1.009536883430854175e+02 3.960952837815345795e-01 5.158224584584518713e-01 9.895363503412525352e-01 2.585223377840341064e-01 7.091862946672359280e-01 4.143149711460742957e-01 7.102346116491555783e-01 1.472752547219347008e-01
2.034500454119836280e-41 -9.801448765996150314e+01 9.511897475319737172e-01 1.657048421331885901e-01 7.273026746901709583e-01 8.467349184140349205e-02 8.636292183868219396e-01 4.524110110203309887e-01 1.791018729627208428e-01 8.265076930054693349e-02
5.088356048788185504e-40 -9.476186474357146494e+01 4.944675756806208300e-01 6.634756255797451541e-01 5.683322200639190358e-01 8.578063569195832905e-01 9.729963642214897179e-01 1.571355358546385750e-01 9.523911997080890535e-01 9.238944058924358771e-02
2.541116403911511950e-39 -9.312029760541103940e+01 5.910075541802809473e-01 1.451262518259199830e-01 9.572333302208452244e-01 6.352857680053949352e-01 8.855386746492766026e-02 2.751319174114941202e-01 5.679182942306679749e-01 1.282671819588219186e-01
4.225429012916808290e-39 -9.257844698846963638e+01 4.960993999641518659e-01 8.933333678870184480e-01 9.482451698048678379e-01 7.846147371308633822e-01 5.342771093408016370e-02 7.967421081311429898e-01 2.935172046121423683e-01 1.303985402962464235e-01
6.139019044152351535e-39 -9.217156948770995939e+01 7.811127019002009897e-01 8.814236830793246158e-01 8.127366254656577249e-01 8.311809464173548490e-01 3.862830642642959278e-01 8.541305773011860225e-01 1.507231206771848520e-01 9.474608462868916448e-02
7.055157178146547823e-39 -9.199914225494741515e+01 9.122723775718046824e-01 2.117100464155979855e-01 4.633493767265057794e-01 9.216006058875237938e-01 7.816303743727421871e-01 2.823348015677207279e-01 3.238162364806426163e-01 7.156470721638708010e-02
3.131679925455481357e-33 -7.896248764970955847e+01 7.147670893464169728e-01 5.824733445245608987e-01 6.604596655466536959e-01 2.296732296093979553e-01 5.540492958443584692e-01 6.032096903005735866e-01 4.219031507040824636e-01 1.411072354068182433e-01
4.179901398020251707e-33 -7.864043623707686947e+01 3.031725863962514422e-01 8.303893012184526690e-02 5.776609767782239224e-01 8.017375555849159952e-01 9.355033873527602850e-01 2.544896040754403010e-01 2.745506338269891877e-01 9.222346731290953503e-02
1.015050798161547436e-31 -7.541728171633229749e+01 8.531471896491333862e-01 3.157521137913936737e-01 1.880945123566748478e-01 9.919337585295597837e-01 7.665470941840907271e-01 9.907835146670735949e-01 3.267687362604884127e-01 7.794908413019030480e-02
1.560909651062029644e-30 -7.265103318772192154e+01 7.564919645323818775e-01 4.728583403581257949e-01 3.528689294974984847e-01 2.044956538492179732e-01 7.386175269394098519e-01 9.727649114509487882e-01 4.217042071101142486e-01 1.189467457435477993e-01
1.887458444375901966e-29 -7.012515233669476800e+01 8.553755661230733054e-01 2.647298761170751025e-01 4.150920784150008425e-01 8.190172394314173543e-01 8.898591575141673315e-01 8.374516227851597217e-01 1.471314842934263734e-01 1.535307692137023450e-01
2.445010549327060354e-29 -6.983300075146470931e+01 6.143405907552612621e-01 7.376681025691664839e-01 6.827644917598484353e-01 6.723807266110992664e-02 3.344525890499361331e-01 5.214547339148701832e-01 1.412594391679709016e-01 1.528482282189113084e-01
2.863579601757914691e-29 -6.964164440447368065e+01 5.388200929996180832e-01 1.234533329467439877e-01 5.389094871690581767e-01 9.344803049529545325e-01 1.327582627490582201e-01 8.830309882392440857e-01 6.178401621975790903e-01 1.274596457874404010e-01
5.990109037618952644e-29 -6.887027390713180353e+01 6.426441927676739274e-01 9.434589570517116774e-01 8.844773762927169436e-01 7.100067591515889509e-01 9.554638336050214065e-02 7.340859993868511513e-01 4.711033692103721027e-01 1.305823873572540261e-01
5.878594934012747536e-29 -6.885573241248016529e+01 5.136258777012154830e-01 5.813277317802116873e-01 9.386293528204947556e-01 1.768885054985034344e-01 5.264276118237433133e-01 1.607287769197098815e-01 4.630541418253641961e-02 1.270412937865387226e-01
5.619562520472628651e-28 -6.656487794516466749e+01 8.933474695666128174e-01 6.386868139706145531e-01 9.813819381765004346e-01 4.285757872061710660e-01 2.332077726579692145e-01 1.210619054052296528e-01 7.358040401309368095e-01 1.106079840992193475e-01
1.027487829967059345e-27 -6.592809651337685750e+01 9.952260869171037916e-01 8.272584839153563907e-01 8.969623947144729215e-01 3.846978942787978584e-01 9.785422424810080733e-01 3.183654189791116362e-01 1.441668958940017786e-01 7.157638818684142201e-02
6.125507017489452786e-27 -6.410941847167686092e+01 5.166272077419846731e-01 6.132479427594487165e-01 8.910325900010197531e-01 3.641096973931861047e-01 3.453027321016174378e-01 7.330225091384112712e-02 5.294361313310366191e-01 1.477290209581055835e-01
1.893397519160345875e-26 -6.294758873226466278e+01 6.840769746089299108e-01 5.273133249157108127e-01 9.280923777831094901e-01 8.848978462283019208e-02 9.177128117855102296e-01 9.352945581136773434e-02 9.122539383825003512e-01 1.493921069834287518e-01
1.967565635494681757e-26 -6.281232872222331309e+01 8.703743172279276852e-01 7.258017818034970814e-01 3.818792128505299477e-01 6.826032149201821664e-01 3.736134567824984654e-01 1.662251024544108002e-01 8.417199695380085389e-01 1.190412429667567773e-01
2.169849935808620433e-25 -6.038063267867120487e+01 5.246094422634679511e-01 9.623843827984798205e-01 2.849395762706075086e-01 8.213694683145796871e-01 6.102577333097286560e-01 6.692886114792878649e-01 2.674226871253971849e-01 1.422299161095610387e-01
3.226099167572883709e-25 -5.995276697049334302e+01 6.492275653570516170e-01 8.381568923945494909e-01 5.946233919165343496e-01 1.346007684894534595e-02 4.244007055493601577e-01 1.843090582992655824e-01 8.069162024509167752e-01 1.481872824458260185e-01
2.440909492229780466e-24 -5.789783488426211022e+01 8.193010260743763817e-01 7.712090066837935520e-01 4.397769558746611462e-01 2.813487109260220942e-01 5.658789367784025082e-01 2.487648961491640831e-01 1.079753526984503775e-01 1.264518151875376750e-01
2.921897722454467788e-24 -5.768672228669944957e+01 5.184129275567518347e-01 5.892273263683445172e-01 4.303520459955764155e-01 9.094922844557149499e-01 6.519234908698251507e-01 9.127871141393537613e-01 3.012404853395305171e-01 1.066544226554778652e-01
6.924808996005187772e-23 -5.449001003395026999e+01 9.609207721642021305e-01 6.517892921842404208e-01 7.023219177413119185e-01 7.987301861840756523e-01 9.236333207809263035e-01 9.766944971999552694e-01 3.141711017794137639e-01 6.742812950353271884e-02
5.118827048870018269e-22 -5.245836009005667933e+01 7.604272912795919659e-01 7.208330470447535943e-01 4.124866340470401127e-02 7.124171008365316471e-01 9.895988677510560994e-01 5.826536477598425190e-01 9.574968620430922561e-01 8.615508284765305280e-02
2.061486075388998904e-21 -5.103402319931038988e+01 3.629242681038447049e-01 7.780993243977328833e-01 9.387753967047065551e-01 9.430860458911899391e-01 6.289506193568056291e-01 3.312556988281563086e-01 2.273272868244292644e-01 1.085215510237709235e-01
2.955446687943549506e-20 -4.833996542199015067e+01 4.486660493146730211e-01 1.285421147206827763e-01 4.615642850813079789e-01 9.725298192813042197e-01 4.391374316320412197e-01 8.073287316576767125e-01 3.382404877198238458e-01 1.161272508874154896e-01
3.256331879853201422e-20 -4.821176385320908508e+01 6.910798670289476364e-01 2.283882608664580260e-01 9.684254328318420146e-01 3.811269402998251898e-01 5.294613806470727102e-01 5.695933302384482699e-01 7.596552502242414073e-01 1.176197444347379523e-01
5.051370745302550840e-20 -4.774145558368793729e+01 7.608479796256470973e-01 7.530933356781123189e-01 2.896199254240537924e-01 8.088470091959799602e-01 9.984139690476382389e-01 3.582465340988311153e-01 1.938106319989061355e-01 7.966072892742726008e-02
8.789166395175679539e-20 -4.715634535324559806e+01 9.635232348694047211e-01 6.071547901130747160e-02 1.554923424171479329e-01 9.721412756729586047e-02 9.526499297339501293e-01 5.352183847074645229e-01 7.164032074644000048e-01 9.492578757720593341e-02
1.192656653591976553e-19 -4.681984683101457989e+01 8.590290039272276967e-01 2.063857831083704131e-02 2.703782660890717837e-01 2.108037303208474267e-01 6.611441295596273138e-01 8.514810298444991377e-01 8.552910830415972887e-01 1.102429508335625030e-01
2.591125878073499354e-19 -4.601268764864799721e+01 8.823962736648308658e-01 6.483876292143030406e-01 2.537683608838541272e-01 3.195867871009213657e-01 8.549405055978159806e-01 9.895207646052690542e-01 7.049184552843063001e-01 1.009839657733757612e-01
6.237416467505103373e-19 -4.510296406285798554e+01 8.866897241080725633e-01 5.525425700282666774e-01 7.523679510075128585e-01 1.148936593189855415e-01 7.550181756275562428e-01 7.753829684452583360e-01 5.794989090563900103e-01 9.856302068167899222e-02
4.079344371157661942e-18 -4.319375875670895226e+01 5.342438691096642600e-01 3.303642703187789076e-01 9.350338172051843033e-01 9.070620347376773251e-01 3.926773214079263274e-01 7.373162297454617375e-01 1.547644786157944541e-01 1.160308391097991665e-01
4.679007979582806292e-18 -4.302535892158266506e+01 4.383695232925360896e-01 3.678088967428323475e-01 9.459633263904737577e-01 3.325636981710201612e-01 5.839401546018783140e-01 4.933734582740254559e-01 4.500769706832058459e-01 1.234879574608004349e-01
3.329098220727087229e-17 -4.103190848314299899e+01 8.121811525298323620e-01 8.154007615499415662e-01 5.579518722211722626e-01 7.106086230183126240e-01 8.419371300846343331e-01 2.153695884488283641e-01 1.035302272630537201e-01 8.609817647093953585e-02
6.365982887715862349e-17 -4.035239130509321370e+01 4.488108592184109069e-01 3.159793377833143291e-01 6.051781029326788186e-01 8.560765656147828473e-01 9.684113168446305542e-01 5.701499544563789490e-01 2.272965091863392850e-01 8.988176352299181993e-02
6.839164835338585660e-17 -4.024944432179177056e+01 7.214403917012053302e-01 5.311124975708617635e-01 4.473934190176629411e-01 3.216767684973298458e-01 5.837817894242171013e-01 2.468216986123207279e-01 7.591422136385556074e-01 1.488617083906483840e-01
1.628374271720065195e-16 -3.935069271508854882e+01 5.044568955339339134e-01 2.750648521045298001e-01 4.962130207036183904e-01 6.494819169430905426e-01 5.016719841185114381e-01 4.920280881282783625e-01 2.987283983222284167e-01 1.333123053761052779e-01
1.886748871279359231e-16 -3.911245952856045704e+01 7.558701623512648071e-01 4.466443142620657447e-02 8.391239412571194212e-01 2.046694820980067275e-01 9.815378669102419185e-01 4.571101209109963426e-01 2.112741393318955385e-01 8.796483805965038538e-02
3.383314904537814335e-16 -3.849904696793161918e+01 5.304938829365317687e-01 3.777146723438568610e-01 5.006494094648330506e-01 5.582880225683508613e-01 5.265371675426312459e-01 7.125611394292381551e-01 1.832912330347720165e-01 1.401279432048085360e-01
6.937750481306640300e-16 -3.775151358926162004e+01 4.164009283243326198e-01 1.174644983910427820e-01 3.793597514051617603e-01 5.619234581406074014e-01 5.221871662486887722e-01 3.794369736001679261e-01 7.015420967840734212e-01 1.375894276391618209e-01
1.313156965943516077e-15 -3.708406017966271406e+01 8.915988441148889887e-01 3.653460358824393017e-01 4.566856731384334456e-01 2.617569428555782673e-01 7.990798157429261916e-01 3.887343346213696371e-01 2.582062598402037334e-01 9.937701588129432828e-02
2.143869953565037041e-15 -3.656446996530769411e+01 8.579386629986630597e-01 7.841026297056263861e-01 3.489068096035291000e-01 7.217441251595458906e-01 7.790421205034443464e-01 9.375724960319660184e-01 5.264569573960597992e-04 8.984245296517021084e-02
4.361960293769075180e-15 -3.582474922100438164e+01 5.857539143549521654e-01 4.391547302792008223e-01 3.183554569464495110e-01 7.491074938416473206e-01 4.552599595680668632e-01 5.824173378648098698e-01 1.706452778795719549e-02 1.210498456836051062e-01
6.706195813098487030e-15 -3.536522717397402715e+01 5.225129873470599762e-01 3.957296967405035115e-01 5.681306896846788357e-01 6.899945561474482014e-01 7.896798601468042467e-01 6.899308031065424229e-01 2.776332210250804233e-01 1.467919106204547408e-01
9.419503217761145238e-15 -3.499606490634290168e+01 5.378800462881105915e-01 7.429179630826328040e-01 7.749838073569114139e-01 6.572187375071422144e-01 3.290230752409566417e-01 9.103958461252613654e-01 3.031670839151057173e-01 1.346539106683428688e-01
9.325588562295459414e-15 -3.497667341172845568e+01 5.360408583486699907e-01 7.392024390037880144e-01 9.194576112615487906e-01 2.520079794701143294e-01 3.669522798839085498e-01 8.716694074234880851e-01 3.493763045004633083e-01 1.374373344226597071e-01
1.365060625998137839e-14 -3.456623979186542073e+01 8.584770212931497335e-01 4.476050821154073933e-01 8.572543420435785322e-02 1.639347488332181246e-01 6.149836142525090255e-01 9.963145179286075903e-02 5.447983433052925317e-01 1.402446931818800979e-01
1.480761917128997686e-14 -3.445547010528246545e+01 8.461465635242380046e-01 4.121577132761110041e-01 6.632919512031948406e-01 1.076946501189878225e-01 9.409509917920328981e-01 7.176329339299274412e-01 6.927009347252887084e-01 9.846748381894337987e-02
1.373117599328064273e-13 -3.219894623727505945e+01 6.573895916354037805e-01 5.945076977588157341e-01 6.798142240203882691e-01 8.768267822601168993e-01 5.516912288659070462e-01 9.255209944517331921e-01 8.512586133225006346e-01 9.867127188110513814e-02
1.519295646493685803e-13 -3.201202609611370065e+01 8.872674184736185632e-01 3.638762734380677211e-01 9.181447740794151935e-01 8.610829987189633217e-01 5.914695152906329634e-01 3.190967131520650035e-01 3.458981748851239768e-01 8.589531181225951162e-02
1.736637196434871006e-13 -3.185054455780100824e+01 3.824683292735258644e-01 1.271861770338764686e-01 8.946479256461438156e-01 9.838390307152335978e-01 8.766189776158747060e-01 9.432058510305900700e-01 8.788784642125908597e-01 8.567388666805908493e-02
1.926866510727541934e-13 -3.171882226362492219e+01 6.148257429173907829e-01 9.255336038391881459e-02 7.618962895672167779e-01 4.136229567336857649e-01 8.366677266656739054e-01 4.315945397188778454e-01 6.878767419760039026e-01 9.876629273173909151e-02
2.583370495175805335e-13 -3.139784465995231599e+01 9.048449172555812492e-01 6.720275200137052485e-01 7.276595629844423430e-01 4.012339033851535230e-01 6.909581190687676955e-01 7.605486497698510373e-02 5.322400930487003468e-01 9.681170225916235772e-02
4.112855004122516255e-13 -3.090504438644081020e+01 9.052752039178976196e-01 5.114175839554717662e-01 6.671007189628550549e-01 1.258805946905902085e-01 9.750842006307878229e-01 9.187164817082524859e-01 7.425227359716287667e-01 8.870360120264919601e-02
1.187796058590731901e-12 -2.981669941287481151e+01 9.360617548177700975e-01 1.684179400261436310e-01 2.996773665199593539e-01 3.143517096949435263e-01 8.137602026045167580e-01 5.649541283863805941e-01 4.178356927227595552e-01 1.001261992904672882e-01
1.372082430212592662e-12 -2.964469156561913366e+01 3.954235893187840745e-01 5.216554097916106247e-01 9.638273717629053383e-01 9.166384974908217131e-01 9.256670796569950177e-01 7.025466764979891865e-01 1.174214646780408766e-01 8.551468875638042200e-02
1.402616578966763184e-12 -2.959490391845198687e+01 8.456848573639685895e-01 1.365718199743404804e-01 5.430019197038610246e-01 4.090769420566747194e-01 6.027275952073540832e-01 4.303536767694314813e-01 1.771869914491268350e-01 1.117307090166466954e-01
1.393181581286569250e-12 -2.957387557890751140e+01 5.586382649154901792e-01 8.045356298513561821e-02 2.628587485552347780e-01 8.794130245555955572e-01 3.946376722512203172e-01 6.329099481143821704e-01 6.444278099811844296e-01 1.287071719432568151e-01
1.617822731140717878e-12 -2.939660658796214321e+01 6.682912602718349415e-01 7.145178438121881914e-01 2.863749905439827437e-01 2.457450328044944454e-01 6.388217140549877771e-01 6.111924085867803669e-03 6.387364859479203183e-01 1.417440005653536894e-01
3.602912916192369978e-12 -2.856816740066804527e+01 8.974628578471002260e-01 6.280486194961010238e-02 2.172662702150645053e-01 1.640944062767457634e-02 4.194738468392070763e-01 2.001244641673642910e-01 1.993125687625523224e-01 1.383143350469334676e-01
3.793200382694290924e-12 -2.848892219364207179e+01 8.430182322671213591e-01 2.129572952214013326e-01 5.830365228570698610e-01 8.137773515258849288e-01 6.558605751671379158e-01 9.329833858057545726e-01 1.749328440754094882e-01 9.601795371649829436e-02
4.096235486243571762e-12 -2.838428612893799041e+01 8.576228906118773532e-01 6.619231552853798162e-01 9.805475973157702363e-01 9.597500944109490506e-01 9.405297253715229067e-01 2.123780289937020616e-01 4.943010064418885685e-01 7.325740813717929178e-02
4.036995508175116155e-12 -2.834405068664161575e+01 5.377911665443545486e-01 6.383653071413654123e-01 7.796434322329850453e-01 8.676568456422839581e-01 4.628695645485053634e-01 3.212130797238811342e-01 6.420592120882888665e-01 1.102500799546199672e-01
9.724796090918044067e-12 -2.743784546705085958e+01 7.976266814646416625e-01 2.963077408105232458e-01 9.791552532259812924e-01 4.443531608758927165e-01 3.202063806546880942e-01 5.663545705708672440e-01 2.099975061437915347e-01 1.162194997408361186e-01
1.003903269487127243e-11 -2.737901659730391302e+01 7.646510313414500715e-01 8.166226889878991368e-01 7.128650135017698952e-01 9.074376311393814731e-01 6.308680617592643536e-01 8.876802391270094406e-01 5.608119735627392632e-02 9.115875819573981964e-02
9.946776614529717263e-12 -2.736122179442069680e+01 5.673105290335542783e-01 4.379067209464365673e-01 1.152868453176881802e-01 8.415830321476696074e-01 4.676739249646305607e-01 1.896804557752570508e-01 3.881152196955574563e-01 1.303974566326064899e-01
2.520748907855110084e-11 -2.640430217171635263e+01 7.324858305238964862e-01 5.036400386938495455e-01 6.763183014450901975e-02 8.429593494064584469e-01 4.357871681966032362e-01 2.493081149953753073e-01 3.751373820289981564e-01 1.183366909061436267e-01
2.578244590160710886e-11 -2.635472241176687191e+01 7.094701769449940354e-01 6.893185952106051229e-02 7.903505475889450738e-01 4.496704258615282779e-01 6.146610597046657798e-01 8.981969036364630954e-01 3.092846439505874123e-01 1.046617303897354745e-01
2.519053590604136033e-11 -2.635092088899230234e+01 8.991121068903747959e-01 4.296419396776132160e-01 4.414940997469668504e-01 7.196153655690770146e-01 7.608988441497720467e-01 2.516905903266709599e-01 1.476141150808287783e-01 9.243112145034049210e-02
4.131137415063907848e-11 -2.582922436144485800e+01 7.056892929473630449e-01 6.408256560360826581e-01 2.591734152210327657e-01 6.405688930750841337e-01 4.043185277968851521e-01 5.765661229406060517e-02 3.995874727978290242e-01 1.239763680796932555e-01
4.351845478281483342e-11 -2.575015010362374568e+01 8.134944643607143755e-01 6.371472966437783381e-01 9.794309620519885407e-01 8.458794580719719569e-02 7.056370491548474844e-01 8.395130509733881308e-01 3.065759729255796984e-01 1.065015146826968628e-01
8.553870821147866269e-11 -2.504733917149235012e+01 6.128392639256918795e-01 3.848802701741428356e-01 9.056083323572097221e-01 4.494994062940064206e-01 6.561161943330409141e-01 5.890909449090286909e-01 7.285763577910536748e-01 1.083195816391606670e-01
1.297972167720712058e-10 -2.460330778397131368e+01 7.455247194145573353e-01 8.895104731084128025e-01 4.479963391425328956e-01 2.980073246043191126e-01 4.865393892936205056e-01 9.727434393961278403e-01 6.151853892863667905e-01 1.345758114686040896e-01
1.495760341599902887e-10 -2.443444926530865402e+01 6.632852892168337178e-01 3.022858746463287227e-01 7.444839161794641891e-01 4.766069333834100918e-01 6.256171151062283053e-01 2.167148521130688454e-01 4.666756779924512433e-01 1.108017355092569683e-01
1.508774189724838787e-10 -2.439875937927658001e+01 5.433429786449526233e-01 3.868962304507262973e-01 9.314902431546189243e-01 1.208336415998926272e-01 3.730475000517390338e-01 1.326234301301895124e-01 3.870416734606779707e-01 1.446720883950511904e-01
2.436207798320900314e-10 -2.389258722921132616e+01 8.083674954288211367e-01 6.978840327387327847e-01 9.916227714255902992e-01 2.661667816544883713e-01 7.251299182509813868e-01 2.802622442465940722e-02 4.180962442434130732e-01 1.012360433770019136e-01
3.216536562575344242e-10 -2.358769767248422511e+01 8.211516122825117669e-01 4.982326878300096240e-01 8.800898975948263647e-01 5.007426863912743942e-01 6.214804410122340972e-01 2.777111827270229982e-01 2.073680070952829135e-01 1.037115351846662481e-01
3.254505208592271284e-10 -2.354893556999739701e+01 5.873872272625058066e-01 3.591410727558616012e-01 5.180311073606348460e-01 1.369037078640690241e-01 6.094347099478254481e-01 3.729109866317907862e-01 6.985561129424493476e-01 1.460636248877635879e-01
3.181547106949226781e-10 -2.354458120732425641e+01 4.666060072174019191e-01 9.459708627207203957e-01 9.282498788147421909e-01 5.992569335092334804e-01 5.301021108826644568e-01 4.917809538851547480e-01 6.189371516032632359e-01 1.433844329525847672e-01
4.403033240097715366e-10 -2.319262809423471694e+01 6.079923765875313579e-01 2.580235772886169121e-01 7.530189222204836108e-01 2.434529589912062253e-01 6.076688535571548311e-01 6.870768461613664391e-01 8.404480728226233488e-01 1.460206796885624714e-01
7.003929911062755695e-10 -2.270142333598664663e+01 7.565553751547909878e-01 6.050555947497598952e-02 3.071357801408324817e-01 6.401915796915761403e-01 3.865987727090942072e-01 2.359098966737760428e-02 1.122399784944190237e-01 1.225525226455292382e-01
6.956047744802334406e-10 -2.268125625604750439e+01 8.949912248091711486e-01 6.539597723537384777e-01 6.331470316001812648e-01 1.453496130897459770e-01 4.666620445400464501e-01 2.632273668777750930e-01 6.315247905827539032e-01 1.200645496620019181e-01
7.372628606606117876e-10 -2.259606638366679832e+01 6.746591264161639900e-01 9.007596794204717483e-01 5.055891782602961460e-01 3.850066309932053676e-01 3.915169337360726032e-01 7.503578736613092381e-02 3.765025029134366763e-02 1.316126600997886142e-01
1.177059656185315573e-09 -2.207489484825934412e+01 7.606549347685663820e-01 1.649023670801511021e-01 6.871313263577376595e-01 7.805982888835683031e-01 9.492091995585232311e-01 7.812433960446469872e-01 2.852888659233149271e-02 8.290806913993983840e-02
1.709109309915442012e-09 -2.164998664206453682e+01 7.453460018286465205e-01 2.795896065545030451e-01 3.460659514912732826e-01 1.569690600474570319e-01 3.733952827072866132e-01 5.178375505525097955e-01 3.419446989717028762e-01 1.449725110935692340e-01
1.805104358944843950e-09 -2.156969957313949848e+01 8.473799600028527612e-01 4.160255074854418700e-01 5.970022901477423094e-01 3.457007404983151733e-01 4.245778817058187271e-01 9.518538060380100641e-01 3.673258368370155291e-01 1.175790391656032913e-01
1.975928815789900838e-09 -2.145363837992298528e+01 8.129438935102082375e-01 9.635801538308113035e-01 5.157349786785517809e-01 8.213244824688579193e-01 2.256856421595669904e-01 9.616074957777973609e-01 4.081614961493840177e-03 1.198609671046850511e-01
2.573947564914009610e-09 -2.116359519064575778e+01 8.029713300906404783e-01 2.194616743849593932e-01 7.187035056899206964e-01 3.481567224494628299e-01 4.727405603311069515e-01 2.116585671424431325e-01 5.331550414633879909e-01 1.160212655258622827e-01
2.894802561652824945e-09 -2.102047799399515071e+01 4.014479069231952635e-01 8.113921457465695930e-01 7.447877692013609163e-01 7.259146329636601003e-01 4.494496160967074161e-01 9.596241132205490798e-02 5.539742719471801857e-02 1.475835235254540634e-01
4.614375667321826875e-09 -2.047918966472647284e+01 9.113704204215105076e-01 8.960721468526321454e-01 3.979676962310042532e-01 6.634550432773183015e-01 3.347271454205986707e-01 5.430441178487799281e-01 1.817618457000161614e-01 1.168035913267864850e-01
4.811667634532076027e-09 -2.041293227067686189e+01 7.825076845122493907e-01 7.617799027244991361e-01 7.250098600568444240e-02 8.126691760035220646e-01 2.568784743556973282e-01 5.655431080558221968e-01 6.326672879413253181e-01 1.277299128378262816e-01
4.754687503360410358e-09 -2.040045477812089558e+01 9.920829284609885557e-01 5.232126588301023729e-01 8.121905132150087914e-01 8.162544929156769768e-01 9.653965589597075514e-01 2.412852360940543894e-01 1.734346505719963627e-02 7.071727400266977770e-02
4.963176368377887217e-09 -2.033314957584781268e+01 9.792982213588203866e-01 9.840486833519864751e-01 4.571339700963926722e-01 5.779796145975210075e-01 6.226970625898415879e-01 4.178686878538062643e-02 1.188555853379962279e-01 1.002569344063608536e-01
6.102344618704810674e-09 -2.010213220351347729e+01 7.985289366842887038e-01 7.814255664265350454e-01 9.944621197613179309e-01 5.785388572223549852e-01 7.116805187674508648e-01 7.934778165274948281e-01 2.938011823567454606e-03 9.491508809247595213e-02
7.561851722965302403e-09 -1.986329892356412330e+01 9.215366806393264776e-01 6.276591750642300793e-01 7.627389057410377537e-01 2.844835359947502917e-01 4.189529956011490697e-01 8.957725511613174874e-01 5.202446904063852129e-01 1.152931919379618780e-01
1.009695116362696960e-08 -1.954979126347177498e+01 8.650081146262024179e-01 7.415907308832910827e-01 9.280504735429004892e-01 4.117891549784181704e-01 7.184579523629295306e-01 7.956962762934973732e-01 1.148925453332716451e-01 9.662255883375914234e-02
1.055095651662857926e-08 -1.948141801196319278e+01 6.981140228775781775e-01 2.474447919955728992e-01 5.652791304529124483e-01 1.587108454843655370e-02 6.596524672425239100e-01 9.477649300555939238e-01 3.968424348396374368e-01 1.462673403543140460e-01
1.262355405280338329e-08 -1.927767985082498470e+01 8.708113252509066537e-01 2.361996237666608156e-01 8.477245617747368733e-01 3.602639476491219517e-01 7.322851558189096277e-01 8.405128506629648832e-01 5.904687913587467474e-01 9.679791564722062258e-02
1.335155838496935988e-08 -1.919722093406383578e+01 9.956232037618204522e-01 9.170123078921026405e-01 7.881607178216277765e-01 1.878202217035814803e-01 5.478527535731430032e-01 5.380570689092464276e-01 9.928821232774671657e-01 1.092216587250681437e-01
1.373888990059824129e-08 -1.914423331088182678e+01 8.639909493921263950e-01 6.120046090935934435e-01 4.182213324446662495e-01 1.525844837572451484e-01 4.076113489439431858e-01 5.739246520151558562e-01 3.359673664213426170e-01 1.327094658932937710e-01
1.372627875885537574e-08 -1.912076140414931302e+01 4.861202641242433620e-01 8.950603715756205725e-01 1.191224903548371294e-02 9.382377462932158796e-01 4.448641571542769624e-01 6.450573275263082884e-02 2.146883993092839615e-01 1.531439028059529139e-01
1.449893113350132687e-08 -1.904160838156801105e+01 3.375768654955105808e-01 6.845631686504682900e-01 7.881702354819891676e-01 8.567754065159720600e-01 6.168650193997311515e-01 3.885975919171235082e-01 2.139318075627605342e-02 1.513443219714207533e-01
1.669914082382034133e-08 -1.887593579902027940e+01 6.198422343101724907e-01 3.404507843165964776e-01 5.642787858139773904e-01 6.736032697766437538e-01 5.206733550652400400e-01 6.567477742103925431e-01 2.387144696220853124e-01 1.145836787738327561e-01
4.310956732298411621e-08 -1.790315787341417320e+01 5.458949715097246580e-01 4.524537838359206088e-01 3.660691397141014880e-01 8.101111049828860766e-01 3.228531062624210302e-01 4.848664441539131120e-01 9.074587659271774465e-01 1.325168271909614726e-01
5.945130724138298522e-08 -1.755735496982266852e+01 8.312579134967147398e-01 7.621963763045449536e-01 4.301516675590203453e-01 5.046243492311004442e-01 3.019886134611484696e-01 4.733830709575873597e-01 6.342697390215645825e-02 1.261578454827996243e-01
6.870829904643833805e-08 -1.738825234454614588e+01 6.105376443271121056e-01 8.461488088111021044e-01 7.364761809064485076e-01 4.949583194688839116e-01 4.335162808859746031e-01 9.196269217694030829e-02 2.756933270776013023e-01 1.295734367715315472e-01
7.405967039020101026e-08 -1.728886096893665680e+01 7.687109669992586714e-01 2.361123409128119965e-01 9.766282957289766919e-01 4.331713935412356831e-01 7.986068454873664901e-01 8.504213192331057103e-01 5.734341520724490771e-01 9.249745123764005483e-02
1.504378833999964723e-07 -1.655579158582518318e+01 5.869111077644296737e-01 2.812753361679342090e-01 5.013255382595174225e-01 4.455145635592039355e-01 5.211328323451734912e-01 1.494963106192404023e-02 5.304928221997373683e-01 1.312386215785900090e-01
1.744006035993488306e-07 -1.638359663355511486e+01 8.926354117010261158e-01 6.694034180713682725e-01 7.852352578110546322e-01 2.896794093165344641e-01 4.369387424288531108e-01 9.822359011897978665e-01 2.578043001314964666e-01 1.151089827649074970e-01
1.707804103344206278e-07 -1.638018278094273583e+01 5.735482582206204993e-01 5.449928138840530734e-01 4.018695716790803285e-01 4.647733135893632461e-01 5.349991353291186913e-01 2.748084308934309883e-01 8.984442977539508490e-02 1.442666047899354709e-01
2.444159884346426410e-07 -1.599729947393985086e+01 6.213686584319680906e-01 8.380786104922727242e-01 9.425102960913582795e-01 2.483703882900820670e-01 3.161139541879449677e-01 6.217851514189208784e-01 6.025385743837183838e-01 1.395482954028103295e-01
3.217235720091941046e-07 -1.569808816949699093e+01 7.956963749862132618e-01 5.021881168740929269e-01 9.391002891618944748e-01 8.744108820286644601e-02 4.248917954241551720e-01 1.331667139902171781e-01 4.539086495220678308e-01 1.243464839218240969e-01
3.730749403468510100e-07 -1.552561131849803466e+01 6.719710377652408084e-01 4.434039596570543695e-02 8.898399518144000098e-01 6.851343056813530286e-02 5.691784639248507194e-01 9.089812317114797091e-01 7.075444942597526321e-01 1.219243383498557626e-01
5.102017737578598351e-07 -1.518819410422236693e+01 5.693070058570857128e-01 6.281746011651556660e-01 5.236729530002917077e-01 3.556435829814760252e-01 6.248349766131877647e-01 4.618270044516604722e-01 6.862223317742820461e-01 1.451765757761162012e-01
6.785887090574064593e-07 -1.485478657119114487e+01 1.552114273879006134e-01 3.567972650100681431e-02 9.446158941636797479e-01 8.675005007088203435e-01 4.649285205479364858e-01 2.408257873180312814e-01 3.926518399191737396e-01 1.391369218200094460e-01
9.627074056605607410e-07 -1.448124273166141229e+01 5.919301942224087787e-01 3.275368575592668696e-01 4.844556283967689780e-01 3.809283326793037605e-01 3.373728214167258099e-01 9.565461733503914932e-01 1.453879581787836939e-01 1.418978865114104426e-01
1.660074315798457829e-06 -1.391256508829875926e+01 3.570797542061272534e-01 4.493763500622526275e-01 7.690433079184623155e-01 5.838226162276343167e-01 4.846258384339674485e-01 3.968726445312766304e-01 6.116133636952407748e-01 1.476665716514100057e-01
2.097140037733203656e-06 -1.365504340468388556e+01 4.107089508177171333e-01 3.947132323265599707e-01 6.288566592953283019e-01 6.620847670901475190e-01 3.854483297603229497e-01 4.870151653847398787e-01 6.638652244593621354e-01 1.430875002002872376e-01
2.161357871595363291e-06 -1.355509075356462034e+01 4.896414122767243082e-01 7.459877510422169289e-02 3.831701995114308312e-01 5.159166258626983748e-01 6.265567721109156496e-01 5.554899958286403372e-01 1.448367203475756093e-01 1.521365898490373847e-01
2.763951807179362099e-06 -1.328643867942057177e+01 7.122090180885556343e-01 1.738310055596121728e-01 7.397690726018744112e-01 1.284831562540961203e-02 4.556087138838303963e-01 7.521177531624715362e-01 6.841749349898492705e-01 1.355085363070942794e-01
3.142080317745013779e-06 -1.313548777442476023e+01 4.895737155212507852e-01 8.243551939157339747e-02 9.539028078447981951e-01 3.506990262325515584e-01 5.864724596254807798e-01 4.554403515493065102e-01 1.694417949755257224e-01 1.232735424364496818e-01
4.126179993483828754e-06 -1.279633404370928140e+01 3.888001687732336453e-01 6.578438683792646735e-01 8.087797952433563031e-01 8.988930032985984475e-01 3.356523500766681600e-01 7.540283206619416978e-01 1.607202951040336836e-01 1.266121619488931038e-01
4.076394575760929469e-06 -1.278673403585338875e+01 9.533576622725432603e-01 4.963294603296505847e-01 1.428096764879128733e-01 1.525863547040440249e-02 4.129500049520607452e-01 8.167483933609274160e-01 5.235344940412827164e-01 1.445856315738001663e-01
5.968466548800310503e-06 -1.238371778583264238e+01 6.064787411600277567e-01 4.186357351600235033e-01 3.315438659388258991e-01 3.405278310373051065e-01 5.326023610653877194e-01 1.727179108658294382e-02 3.532222301548862964e-01 1.386838296319662378e-01
7.378375704765679997e-06 -1.210780684752145397e+01 7.742523113478678720e-01 8.669090953340703454e-01 2.426975868531721092e-01 7.768185570470174106e-01 2.763631499128791913e-01 8.746294451002492032e-01 5.606850162898564527e-01 1.241811554984466048e-01
7.625897503693458312e-06 -1.205397701340186600e+01 8.292280763636578067e-01 9.213112997358923195e-01 2.865172226848347603e-01 1.886852339052459970e-01 4.454793171370770577e-01 4.374044602722482189e-01 1.671794874609940362e-01 1.416094332290661062e-01
7.567296968104326049e-06 -1.204085776893820636e+01 9.353546005395740881e-01 9.928453911341306171e-01 2.900555565318612139e-01 7.054075891440603208e-02 6.131864692828433716e-01 8.371878772646298428e-01 5.833659995516160546e-01 1.492317028988503491e-01
7.414367435955965869e-06 -1.204044070445798198e+01 7.964938965926389169e-01 9.970096276862313589e-01 1.258659263920584581e-01 5.179982878907443133e-01 4.150799219967346021e-01 8.485733341630671278e-01 8.590326542460664516e-01 1.411885716432872695e-01
9.181483169358662898e-06 -1.180583827749927650e+01 3.429071503701708323e-01 3.775540722846520980e-02 9.316965473682015109e-01 4.287033950720521847e-01 4.728366718393076651e-01 3.718111323088975073e-01 7.281535663912100942e-01 1.420376357730140926e-01
1.003165982634324632e-05 -1.165604088091157031e+01 6.847494741447319733e-01 3.813407482767615653e-01 3.061929033940005151e-01 3.974031207590489334e-01 5.128323362535425201e-01 6.916326251494875343e-01 4.621873380288347710e-01 1.527872771927566986e-01
1.172704445855702224e-05 -1.147988928877023085e+01 6.665930374354723797e-01 5.424800946797143641e-01 5.640048189939208534e-01 2.257131925735697819e-01 5.378750074684331972e-01 8.137618115021648668e-01 9.456969787862474774e-01 1.505776996774070287e-01
1.428779077261739279e-05 -1.126238157491676972e+01 6.770508942024252574e-01 8.219625431697472617e-01 8.373411453783945468e-01 3.348437684736599307e-02 5.490384400110007723e-01 2.223116592600822283e-01 6.543400986134031427e-01 1.522849442444870194e-01
1.474796506391887921e-05 -1.121068184386986566e+01 5.996478823696286264e-01 8.032320373101964339e-01 7.305703351276728874e-01 2.848670111520189563e-01 4.335384955008224628e-01 8.791032122171980046e-01 5.698593269860907640e-02 1.372596484573815889e-01
1.471098386634539545e-05 -1.119319253880927256e+01 4.285725281977442735e-01 3.890844600626298111e-01 1.688721385683525367e-01 7.506822267791323222e-01 4.969899208799699042e-01 2.324795323738707009e-01 2.346345870905805486e-01 1.433215973824337186e-01
1.406888559707697946e-05 -1.117898393641120158e+01 6.608827911874936012e-01 7.214330885851218955e-01 1.219763858320844219e-01 9.579782195227464214e-01 6.422540160286421829e-01 7.514844248935402815e-01 9.880253171573281090e-01 1.478772047371385012e-01
1.431666519579045001e-05 -1.114229457395865275e+01 4.940349496269556551e-01 1.254875261257403229e-01 3.506815606872926150e-01 5.750352113029952861e-01 3.834233607110292263e-01 6.035658621056720907e-01 6.455289680954221510e-01 1.436266349589633839e-01
1.635364902081256120e-05 -1.099003700760829183e+01 6.192927473982545727e-01 4.237361579057830063e-01 7.598212662671199880e-01 2.407222717239860532e-01 3.965250847786948585e-01 5.190561997270686234e-01 7.606790466630779513e-01 1.352251699843067256e-01
1.640150494380128411e-05 -1.093049887412463228e+01 4.389438781387602351e-01 1.307485330430738779e-01 5.788562516047378592e-01 6.404524388034507076e-01 4.881937993058499403e-01 5.021577905447452972e-01 8.357446257629900233e-01 1.317274397236056771e-01
1.642810214250046754e-05 -1.091036003743121974e+01 7.184102928945607092e-01 4.733824135915642994e-01 8.479669869516186509e-01 1.734116626273898842e-01 4.198469926338067593e-01 6.931401823851341959e-01 5.435377530788977340e-01 1.289426326416953095e-01
1.716620494177120327e-05 -1.081185435177916077e+01 8.562307281146559479e-01 2.978093167978714817e-01 3.112597986782762449e-01 3.416113719736185717e-02 4.974095268534841630e-01 8.682266548608185142e-01 9.851830949572962792e-01 1.415928000145996457e-01
1.666953720291696598e-05 -1.078857255831171535e+01 7.694187646138958003e-01 5.340576791394407996e-01 2.488425838453652283e-01 1.105471903881177220e-01 5.633630129588161894e-01 3.501325614064607072e-01 9.483215507991988868e-01 1.443195725003683372e-01
1.777689739905956377e-05 -1.070701439773767660e+01 7.067940042334669437e-01 4.483182052606946577e-01 9.504068987771165933e-01 1.159558549903683122e-02 4.332179505426592692e-01 7.078036063137186362e-01 7.223803138079285535e-01 1.341813753238725038e-01
1.806875425687305781e-05 -1.067348857142021856e+01 7.075168401409328567e-01 1.708098062851005627e-01 3.924222976561987375e-01 1.915208021757086043e-01 6.019801636084783913e-01 9.269156813514773940e-01 9.187009347875152443e-01 1.429038050012223504e-01
1.869517576215341050e-05 -1.062216584454116841e+01 7.457151465997906570e-01 9.053081552637910479e-01 3.601757769048054003e-01 3.187054220657061787e-01 4.429745776601607954e-01 4.133932965078510602e-01 7.617542882215322386e-01 1.377116751655943772e-01
1.964123000161579970e-05 -1.055555904683630963e+01 5.572326342627200724e-01 8.660947470761983791e-01 2.802988324649721141e-01 8.941379772373770907e-01 3.225675425905356608e-01 7.530743082034599967e-01 6.330625452370267636e-01 1.336379621946426344e-01
1.958086629320917354e-05 -1.054139571596131120e+01 7.306547424712136474e-01 4.242759410163191025e-01 2.465350890160766251e-01 4.659624434856530217e-01 7.646343032216416091e-01 6.259684183388579681e-01 3.232574005272687012e-02 1.559139553037055537e-01
1.972954692870399336e-05 -1.051658986035662124e+01 4.278708579900855069e-01 3.948113499332057685e-01 6.467458730826579627e-01 7.270934102688675349e-01 5.586894401356369277e-01 9.176580687516149304e-01 1.654126425530560718e-01 1.459818510146415615e-01
2.080771772071707244e-05 -1.041252686776724268e+01 4.986641509682850915e-01 2.791606839632728709e-01 1.140686349410890976e-01 8.540597339131679178e-01 3.926257428063206767e-01 3.463013710416381619e-01 6.781827537834843600e-01 1.407456874815045111e-01
2.129983214728664232e-05 -1.033996323069187362e+01 5.628357062694477886e-01 2.049597273558687593e-01 9.730214556106173696e-01 5.401102968849713637e-02 5.321943928469519136e-01 9.049211612110286129e-01 8.107713817503190423e-01 1.491249585689764512e-01
2.267458012797312581e-05 -1.024541623730799778e+01 4.658023442240725176e-01 6.879749061658773090e-01 3.166850592976472312e-01 7.726999350700013425e-01 5.890091471228513509e-01 3.121598649733467457e-01 6.570608753410157599e-01 1.440398817786047725e-01
2.592110877456354261e-05 -1.009573005294095083e+01 6.621747234966345319e-01 8.720263041417816163e-01 4.584591216135047720e-02 4.743041504690890253e-01 4.721378528001907160e-01 7.196392993360767321e-02 7.665239258704400482e-01 1.464155467884081796e-01
2.563170692230215875e-05 -1.006007556831721317e+01 2.112761382750181771e-01 8.235921198200907289e-02 6.898865359601320524e-01 9.582192012304737716e-01 6.008355043437145770e-01 2.424098029376956509e-01 3.404256017729301309e-01 1.424360433579206775e-01
2.672410848852891781e-05 -1.000295499205147287e+01 9.292407176007140279e-01 5.628046637959246423e-01 7.011240646076832839e-03 2.880907500395497034e-01 6.130195128271961336e-01 6.258610179330884593e-01 5.224033658602139640e-01 1.486535516716431526e-01
2.638696685961092263e-05 -1.000026626562135768e+01 6.667762694536828461e-01 8.334116526663496449e-01 5.357509936414530660e-01 2.493986557923488778e-01 5.248014126679263480e-01 1.118783441248984989e-01 3.393663913814852773e-01 1.453096280252725581e-01
2.878615157413218423e-05 -9.897857435551987493e+00 6.912271310505206934e-01 9.586419875058325157e-01 3.670117484629731308e-01 5.841593337109003414e-01 2.865736185334117891e-01 2.113410560511628788e-01 1.266728610040138148e-01 1.332273838799479249e-01
3.511580161523282284e-05 -9.653639717556329103e+00 5.466610754653485893e-01 7.029600703647745918e-01 5.944844500063186654e-01 4.906601654255514089e-01 5.243142014064861023e-01 8.757591410411462718e-01 5.822061128532275420e-01 1.428136562159150191e-01
3.506216302800882825e-05 -9.640242989430211296e+00 5.523974480097183504e-01 6.648969060887066629e-01 1.159405924284116485e-01 6.986341450852144863e-01 3.892056957063703693e-01 3.759613027712764843e-01 7.316579752120531133e-01 1.398094796223550706e-01
3.976332349415258620e-05 -9.499495221741083739e+00 6.950132492224325720e-01 9.065306603116652928e-01 9.121802102594651629e-01 3.439745051860448877e-01 3.170929750855367990e-01 8.141955011154210498e-01 4.770317414289797497e-01 1.290589937544412980e-01
4.520930198474089773e-05 -9.356211954001256714e+00 6.564458636716403728e-01 8.528080263554479457e-01 1.000391637824832869e-01 8.476053275835835343e-01 2.577717140579761645e-01 3.455707264916882404e-01 5.654991424812352285e-01 1.335083731421154996e-01
5.001786625319063113e-05 -9.240209175988020718e+00 7.407817529206452978e-01 5.002554437433688328e-01 1.378546324465902972e-01 4.616795186668377626e-01 3.980234545336874263e-01 7.918145454026156438e-01 4.450919313747295214e-01 1.492781263522850455e-01
4.970674495667114028e-05 -9.216817820827390761e+00 5.063345057078171285e-01 2.537839696103434961e-01 5.321638754758549750e-01 5.586862926545667074e-01 5.900888905599416256e-01 7.511662958942861845e-01 6.860570576775812945e-01 1.444703038221528124e-01
5.491184306815314096e-05 -9.088031035450345740e+00 7.153700724122952215e-01 3.896079253651563157e-02 4.030483283575849729e-01 2.584140953534125318e-01 6.144301562103693382e-01 7.772429505616667011e-01 6.220814937416538903e-01 1.486647418753213323e-01
6.152020759655203014e-05 -8.959901628161654585e+00 2.477226203161488893e-01 9.329500491627140679e-01 9.719971553868036462e-01 9.977342622978377928e-01 4.109509385727213582e-01 4.402396722887072511e-01 4.082986225200250230e-01 1.437349556517702465e-01
6.099021986707071398e-05 -8.954061052915415431e+00 3.149434311827258859e-01 6.128788471638481061e-01 7.666024011276918460e-01 9.185703913522493824e-01 5.492538698466868929e-01 3.331483837525346381e-01 9.137639580270331408e-01 1.452022985108054054e-01
6.152627928084858995e-05 -8.902447696381132758e+00 2.287256190884945917e-01 4.696950478033936616e-01 8.325969931129146850e-01 9.220924568377752983e-01 5.821168674623024009e-01 3.219763001360120835e-01 1.667238501797360106e-01 1.450122385688408511e-01
6.118987368073729421e-05 -8.893845865167293141e+00 5.056376423327132441e-01 1.633443472859119616e-01 3.778592569234562326e-02 7.023669565545931359e-01 4.941145920607959430e-01 3.051403951765590539e-01 3.793957740930152256e-01 1.416730017462414226e-01
6.048578482330665897e-05 -8.891334695389046416e+00 6.027264969846879428e-01 4.353959847596006183e-01 1.789867589382385105e-01 7.482479074354583259e-01 3.887561188838506987e-01 6.031126954147525421e-01 9.474385686425614850e-01 1.300998263405770961e-01
6.405224146623334999e-05 -8.819959540877528426e+00 5.139237124344471219e-01 4.621756958553336903e-01 7.837206488995392961e-01 4.255464457865821837e-01 6.247175213643205716e-01 4.069129752520013188e-01 7.589031487628268291e-01 1.486414552794027288e-01
6.489535146282132455e-05 -8.792798062141198301e+00 6.789418785611517348e-01 9.129309234390377004e-01 9.732519686807987735e-01 1.844082324573791953e-01 4.031718149066848556e-01 6.707711245587868465e-01 3.838675346280233658e-01 1.298786772880990426e-01
7.079905119500729677e-05 -8.691643950683625164e+00 2.907618333375661668e-01 7.755936125687776794e-01 9.755529767661315077e-01 8.681132252816450290e-01 5.347103310057986780e-01 6.059506348164089840e-02 7.472006221735958409e-01 1.458661624392016687e-01
7.175538934007535019e-05 -8.664142078478214160e+00 5.992185080658665175e-01 2.034858737615460877e-01 4.069159974602809537e-02 8.193082246879069830e-01 3.520315285688570550e-01 2.182950755838662937e-01 3.429296857261441289e-01 1.346425297618469297e-01
6.992918879296825224e-05 -8.661948733730547190e+00 5.730890205249780101e-01 3.806237616800542400e-01 8.280753291878160116e-01 3.268888140736821990e-01 7.281988142543268649e-01 6.582555466588781989e-01 2.624700018370371146e-01 1.546857992762015743e-01
6.826953246279170585e-05 -8.644867688076219636e+00 4.836612394869554965e-01 7.959947950438422959e-01 7.409086053201325850e-01 4.200669549641701805e-01 4.759305642970604322e-01 1.890703191672877814e-01 3.474369966273359589e-01 1.508703286823799283e-01
6.814798319705621030e-05 -8.606645360601586248e+00 4.634476839880886656e-01 2.713336681227376812e-01 7.112307530689390145e-01 6.072131139200587224e-01 3.862085359146795183e-01 8.746058258347670922e-01 4.984084640427639545e-01 1.316886466977532921e-01
6.667441018301513650e-05 -8.589540645464976976e+00 8.819826163081834203e-01 7.680661077534464143e-01 3.073225120816253098e-01 1.194921017217208115e-01 6.419173074068551532e-01 8.070150550658956590e-01 4.547272553401756623e-01 1.529364376324987007e-01
6.889160827332106382e-05 -8.544006981665303258e+00 5.856021964854056794e-01 7.327371455126219235e-01 9.887669892863535370e-01 2.588818991570298045e-01 3.803765004855537701e-01 5.954381712813116012e-01 6.817071135001067095e-01 1.381104315575714392e-01
7.052241517602355183e-05 -8.507790238660518867e+00 3.035462554788792011e-01 7.439536007747445945e-01 9.173798849254384269e-01 7.861059656022413300e-01 3.548713556934816049e-01 2.497410383127952604e-01 5.555783468592769836e-01 1.395438802345106699e-01
7.771722158993322582e-05 -8.372665566263680859e+00 7.200916692798762231e-01 4.008212540428757187e-01 5.477967333939450789e-01 1.839852266322072882e-02 4.689450841382934998e-01 6.289926277786762610e-01 5.693989089803159764e-01 1.424828103463443851e-01
8.291284714320079814e-05 -8.295452419457417292e+00 8.441669655023138485e-01 9.022719497147887457e-01 1.139691185286239028e-01 1.549444154688370268e-01 4.911524017026100974e-01 1.532795306594423312e-01 9.695056313042900165e-01 1.430694333935511597e-01
9.902422407195114458e-05 -8.105377933363460130e+00 4.664883281768821277e-01 4.910360977606891275e-01 8.745066416664054598e-02 8.085996131363513140e-01 4.265385570796752512e-01 1.241631846707784148e-01 8.770286040693463514e-01 1.455125842577190964e-01
1.006786450124778643e-04 -8.076308729344225057e+00 4.459585848430885902e-01 1.085373780018189516e-01 6.641470495163372956e-01 4.721271626354289208e-01 5.507470752650132084e-01 4.087536976232871710e-01 6.561727310491883847e-01 1.450786802118943786e-01
1.115921346228767414e-04 -7.960891871988528656e+00 7.350728480686125055e-01 7.637078482945454105e-01 3.004873859167578320e-02 5.732339512874979892e-01 3.542776508668000757e-01 5.045404567742823865e-01 8.014293212898666585e-01 1.455990390726096262e-01
1.089926845224357667e-04 -7.947421188385046520e+00 4.384646503440011722e-01 8.157488908732960509e-01 9.882140346900767369e-01 5.159423127809606990e-01 5.283670658086849770e-01 2.008102788353259838e-01 8.708780446034625200e-02 1.484134501844307508e-01
1.087542960897755370e-04 -7.937415658475309499e+00 7.875096096167909510e-01 2.940160531541402555e-01 6.372970295109686711e-02 1.464187082701857157e-01 5.424047916733993890e-01 8.684726308713086596e-04 3.209831891190352282e-01 1.521753430128179319e-01
1.104929793461273592e-04 -7.909359726376220756e+00 6.318186406548056411e-01 2.728156672263838400e-01 5.937064744628579582e-01 5.230382405998990070e-02 5.106646816058011407e-01 1.089510361652486492e-01 8.767975657949718116e-01 1.446312903250792092e-01
1.128635866339730678e-04 -7.875936696502671808e+00 6.257570378748100737e-01 8.719195103079969700e-01 6.138283410666292017e-01 5.752373810288859968e-01 6.783660473166919225e-01 6.816159178991778589e-01 1.344925565364351039e-01 1.526716095253125571e-01
1.158789418055851026e-04 -7.837375425036865018e+00 6.387953815649927147e-01 4.744318872493522021e-01 2.066154755478731841e-01 7.105854581780108870e-01 5.317878868225415223e-01 7.681142951345809600e-01 7.394554204572847400e-01 1.476980752951669029e-01
1.125293144852584519e-04 -7.830559920105677030e+00 5.954429157292338015e-01 5.684715013249208582e-02 1.524080157904701416e-01 5.749722298931427833e-01 4.640391757017585661e-01 4.863426775851292794e-01 8.414976115280746738e-01 1.349895537433047910e-01
1.362446839940849416e-04 -7.627416502879373894e+00 7.243972547200300260e-01 3.713242494573294472e-01 5.441240649728573686e-02 4.708249162401849652e-01 3.390168828643450039e-01 9.764694854228269660e-01 5.094086872577404668e-01 1.431873336615562264e-01
1.327686193704560055e-04 -7.617963906592247092e+00 3.739590677128146190e-01 1.669111889460012654e-01 9.607795397681380134e-01 5.126659899251652108e-01 6.956981056986347722e-01 7.584044662605030629e-01 2.215530978937341189e-04 1.484781212582709509e-01
1.441608606239250462e-04 -7.501156508965551417e+00 5.183599604417155060e-01 1.209526067164389818e-01 2.361517019062996381e-01 7.030298693759692297e-01 4.437587731105003264e-01 1.403823631342965839e-01 6.596067239797466231e-01 1.362443667279971959e-01
1.463129649023516270e-04 -7.474974713658220971e+00 5.522266330640301923e-01 4.421532077083906165e-02 4.212655423216278283e-01 4.764114167132912914e-01 5.115226331545716931e-01 9.221357329788344437e-01 8.272568539275986232e-01 1.390353053816788254e-01
1.467707914460802010e-04 -7.460486871969639111e+00 8.004238720448902944e-01 4.715693773175828607e-01 2.466454367758864619e-01 3.966033010003174875e-01 6.741745162229844102e-01 9.960514599847526407e-01 4.720184848708400827e-01 1.497427586602552152e-01
1.572129640756489823e-04 -7.380394018369274889e+00 4.771237408414368275e-01 6.245031402374964236e-01 3.064564188902445530e-01 8.146562271536534894e-01 3.074407621648748146e-01 8.015874904013275959e-01 4.004986958974529609e-01 1.438443575411117448e-01
1.679575309886587953e-04 -7.302920571563132235e+00 3.966680685281162022e-01 3.800492355912877818e-01 2.658133796745347777e-01 9.066674817797922836e-01 5.210683632116294151e-01 6.560738474145245691e-01 5.747144457061461598e-01 1.450593223840800639e-01
1.683140356923398730e-04 -7.289436596327166562e+00 3.484569998994153650e-01 5.099521171088634564e-01 9.227847415255016061e-01 5.960827939193120706e-01 4.093684534420552468e-01 8.831824037345645806e-01 1.185799478639813498e-01 1.470565956719917800e-01
1.719121084269732952e-04 -7.234574276153572292e+00 5.444246216622699031e-01 3.606181434678484843e-01 5.147600535620688866e-03 9.520302725418949841e-01 3.710442798987081403e-01 4.099219463921364159e-01 7.847427630284633526e-01 1.312596097209619561e-01
1.706316304702587365e-04 -7.230939488651443092e+00 4.000097421051057589e-01 6.337221735800189215e-01 7.899806753784628377e-01 7.258449905896471321e-01 6.389110592979938552e-01 7.480126502107898867e-01 3.357921452213794566e-01 1.476370323174893695e-01
1.696638786956746175e-04 -7.225516106925145898e+00 7.292702955760982375e-01 5.174460837935140889e-02 5.815979745982394755e-01 2.579703174078656902e-02 6.269855145766771720e-01 7.220540594833194659e-01 4.501788921260436727e-01 1.539214595806933650e-01
1.693325064980888699e-04 -7.216360015499219571e+00 6.005174349416716462e-01 1.931521665352863848e-01 1.928031622269005263e-01 6.593233497123027753e-01 6.996946407610344920e-01 2.851815605214407245e-01 3.566912754838849064e-01 1.508501948322503450e-01
1.719863600628986349e-04 -7.189698008692263720e+00 5.545028323114493674e-01 7.829245887246059077e-01 4.299057939672721873e-01 8.908563116715635388e-01 2.578192626666200860e-01 6.991136048304198436e-01 1.024420006969809505e-01 1.300862351188268595e-01
1.772853399982873986e-04 -7.148241544353387766e+00 4.062056043471324318e-01 9.572177339528942230e-02 4.210547330017261336e-01 9.033383278482944867e-01 3.767942744557291057e-01 9.337787383918463302e-01 4.717363254137212358e-01 1.327966952121364952e-01
1.862458064370850822e-04 -7.065965261952834808e+00 5.766522973268946028e-01 1.367141120580421809e-01 7.504194601300119283e-01 2.567717847171705481e-01 6.241140521055577040e-01 9.015083011279200198e-01 8.133687595369537560e-02 1.509051912856882172e-01
1.874529863180029185e-04 -7.027244184834073870e+00 7.073389022325935471e-01 7.893574112355449257e-01 2.080085115480203584e-01 4.027754097122497878e-01 3.439261618089382022e-01 3.853183489808496565e-01 2.285239206676375479e-01 1.443868807791668651e-01
1.884243861566881387e-04 -7.011437169329598262e+00 4.993478729590736798e-01 9.967752376365632827e-01 6.758261960783448208e-01 5.986133715091681573e-01 4.761647749546445985e-01 3.123426456541065210e-01 4.061537363097742492e-01 1.480939907637186526e-01
2.000248027036891432e-04 -6.920111503015140997e+00 5.320917395191352428e-01 3.091766271978992897e-01 9.959223763914049066e-01 2.152130491410960411e-01 6.050136227039432102e-01 8.084647575991227297e-01 8.478697698693156148e-01 1.460339956359688607e-01
1.986764773773366691e-04 -6.916458448776138468e+00 7.076537934440703115e-01 4.599550161869222498e-01 4.053607871850428701e-01 2.620152187461669557e-01 7.253470557668567631e-01 5.076084123189315012e-01 2.363570109842810241e-01 1.530950037158625154e-01
2.118276369613203208e-04 -6.841946631279306246e+00 3.896981269779502544e-01 2.205362414341945909e-01 7.622278899934559204e-01 7.069749462340217949e-01 4.024840916072335850e-01 2.369348056810658965e-01 2.862675660606628369e-02 1.329056032571498125e-01
2.114402664538803578e-04 -6.833360344910627937e+00 9.259503358430773989e-01 9.213605020249877597e-01 3.864054539095305163e-01 1.740113500446826000e-01 7.091226500897157559e-01 9.814984667255799433e-01 7.819223377360462468e-01 1.524292352503076042e-01
2.175726518649548607e-04 -6.794353382410291964e+00 5.139410692750799869e-01 5.057489178432570398e-01 6.526162020156763832e-01 5.234171621762947479e-01 5.508108462534939687e-01 6.713788485889555790e-01 4.671176606223693684e-01 1.504390717745107686e-01
2.163852631199122880e-04 -6.789409097591100561e+00 9.208977539894978026e-01 3.473739699793660929e-01 1.410489426470767915e-02 2.559354476545038226e-01 5.592393823792055629e-01 6.823596945200356423e-01 8.884704829286244054e-02 1.492327758492574263e-01
2.225718979419358072e-04 -6.750802689166060411e+00 3.509316016120622717e-01 8.660576962635959664e-01 8.198574769272806151e-01 6.777693419544905673e-01 4.117480332418017586e-01 1.429870199343611370e-01 2.320036840444274495e-01 1.411550833424340679e-01
2.266587716881587650e-04 -6.722190530618020965e+00 6.222322737550881611e-01 7.730049597125036032e-01 3.684465694052426188e-01 6.108768715880845690e-01 6.777508245777924545e-01 2.120686565635793164e-01 6.444882411661972954e-02 1.543778795880843824e-01
2.217079737457277374e-04 -6.713345282369000522e+00 2.893269803931860507e-01 3.996522571930266610e-01 6.603091575808285318e-01 8.254110097106974742e-01 5.483099536516993222e-01 1.979750897893373107e-01 9.796794586987516151e-01 1.424925654771094230e-01
2.199663026128272265e-04 -6.711027918409643966e+00 6.704848440361294015e-01 5.265962275103175383e-02 2.363239167264400420e-01 3.168441818674088140e-01 6.447131234381792142e-01 5.922168202115316582e-01 5.131382625955895893e-01 1.491549301698442964e-01
2.377567327020623444e-04 -6.623050182021047227e+00 6.402243418211580606e-01 9.991522814721193191e-01 4.726317623842652971e-01 4.363018645381509519e-01 4.350002117194238238e-01 5.745534587337453036e-02 9.832072322716854940e-01 1.372997628760599387e-01
2.526700355865127185e-04 -6.552009689482066079e+00 6.303444966532579796e-01 3.712784357407092894e-01 2.451656664206898206e-01 4.178294052436222761e-01 5.269252759641035455e-01 3.933513862480164658e-01 1.308742713026119220e-01 1.459056382972534482e-01
2.924985686421917416e-04 -6.395430265061672337e+00 5.307365424709646895e-01 3.182869629603833905e-01 2.832518239710483110e-01 5.133382967076477454e-01 6.891899279478383988e-01 5.636912305358121600e-03 3.018385284776248789e-01 1.483786935613858327e-01
2.947986352264525263e-04 -6.377393425743169253e+00 6.254291234697457735e-01 4.334852348404210076e-01 6.686324975199778864e-01 3.104782780851176316e-01 6.670394462571416216e-01 6.416753087951541090e-01 5.512690151904456881e-01 1.531398109815711450e-01
3.075978324884424422e-04 -6.324688683845193005e+00 5.442936729225036352e-01 5.566116993953812431e-01 3.155055766040851806e-01 6.559245111624032454e-01 4.822876617076413686e-01 6.340374581743448701e-01 9.969706060118751489e-01 1.405615293611823802e-01
3.265281167112226920e-04 -6.254761732782475825e+00 5.301743898618193063e-01 3.299486788185507780e-01 5.001905307066567552e-01 6.272935124110154970e-01 5.736159882105527075e-01 8.974993259999817230e-01 9.966517979247405679e-01 1.449379223922951099e-01
3.259809200247152858e-04 -6.246234859537673323e+00 5.461030744490422695e-01 1.846619721527159586e-01 4.210457536160779335e-01 7.089790155447489584e-01 6.887891809212439709e-01 7.817246857014498174e-01 2.426652331533385443e-02 1.522800518938171310e-01
3.353771378668622791e-04 -6.207613946745480504e+00 4.144639740783164772e-01 7.952589286363042076e-01 6.711195280827919607e-01 6.687340288789315190e-01 3.822376927078064979e-01 6.896707714668006695e-01 5.255960455281240007e-01 1.430002523025288852e-01
3.402506019857510730e-04 -6.182983137619304514e+00 8.780126046349552293e-01 1.467598066437864057e-01 1.145670768876046464e-01 3.159717783303563898e-01 6.826721485644047238e-01 9.070309043894642098e-01 9.447958750672661443e-01 1.552147341710767847e-01
3.433695593663642614e-04 -6.163654167055010014e+00 6.476865099692183936e-01 6.259189732590514366e-01 1.759690301328059037e-01 7.176310312639377909e-01 3.392344224578822676e-01 6.177167062035033851e-01 3.180084937781065824e-01 1.316515562013236829e-01
3.557374201595480626e-04 -6.118064510247663179e+00 6.468765273909565794e-01 1.434409823885325341e-01 5.550066004669604869e-01 3.202660033810009743e-01 6.639189057809788963e-01 8.185891955813145993e-01 9.933968775269345075e-01 1.485162342624438692e-01
4.008307625110543748e-04 -5.988514003899365612e+00 3.131405770727452298e-01 2.436808198408938475e-01 8.939574374792760292e-01 6.123217871282105040e-01 6.415784268361204301e-01 7.231565375504994675e-02 5.378247265939911648e-01 1.437623223462141664e-01
4.038770010037453411e-04 -5.970738843219203673e+00 6.393220065073216274e-01 8.443100189759757956e-01 5.623081922934179966e-01 4.666709561858020661e-01 3.488569867276680725e-01 2.014850159191303169e-01 1.208397387826400937e-01 1.365473048957317470e-01
4.004438193154131499e-04 -5.969071659928707696e+00 6.792314010766697940e-01 6.400150342239614432e-01 1.862435534088986988e-01 6.978827710674733176e-01 4.732001433354009468e-01 9.579757511727491348e-01 2.097972290470553336e-01 1.507468312022748891e-01
4.209086729723442491e-04 -5.909025177255671224e+00 7.148045656124049074e-01 9.985402701290311267e-01 9.061342819719204744e-01 8.315835249017722308e-02 7.244715709151254845e-01 4.683958711517309803e-01 4.281274206837060725e-01 1.541851537033476494e-01
4.299362763323099647e-04 -5.877599973836475478e+00 5.890360097612281631e-01 7.177661355658866427e-01 5.461585155674939518e-01 4.183553937270498846e-01 3.755811697074122879e-01 8.019777588078457198e-01 8.802367340760673953e-01 1.414068563878756457e-01
4.301958220274646762e-04 -5.866792390245163524e+00 5.347044371693503440e-01 2.650349520882638310e-01 5.581701010551675113e-01 5.415650021551161597e-01 5.990127185036118185e-01 8.744209920861649721e-01 7.652677783849333171e-01 1.461552468170159436e-01
4.982882007014148486e-04 -5.709650187799978127e+00 5.075416739188970405e-01 6.020397763563244409e-01 8.449605851382188115e-01 4.143763647149891760e-01 3.881360875625560758e-01 2.714226144976126243e-01 2.863647566960092483e-02 1.356589079662497144e-01
5.037669259083617018e-04 -5.688511019553682324e+00 8.726354901142889808e-01 8.918174088242279973e-01 2.860228051422146200e-01 3.658337545995965501e-02 5.896584022753679211e-01 3.075323674898822190e-03 2.224102516641707494e-01 1.486156964564465111e-01
5.120392105550923990e-04 -5.662019445212962410e+00 6.701762782417810538e-01 1.430791289757273321e-01 2.790522492388168296e-01 2.275617515391017698e-01 5.354288306807906128e-01 1.629149734638636327e-01 9.437756183387226994e-01 1.477754692920435209e-01
5.100825946662025916e-04 -5.655643905871173160e+00 7.407170944941745550e-01 9.713847168298785917e-01 2.382715277517866159e-02 5.796306354778125725e-01 5.518900488206158750e-01 4.279216885799922432e-01 4.548431661165058815e-02 1.523075862669381331e-01
5.203878342116660845e-04 -5.625438118569055845e+00 7.917258994516288562e-01 6.784391873293019737e-01 5.450214655088512217e-01 1.003465818570274948e-01 6.478039822505374801e-01 6.741941409873826174e-01 5.011569476409476476e-01 1.500359604336469199e-01
5.153954381735239209e-04 -5.624873958399388307e+00 9.674753281102397295e-01 6.747588694483455107e-01 6.615299115742118152e-02 2.311624794542034289e-01 5.033914248730182450e-01 7.350014458776189530e-01 9.992702616437851848e-01 1.511109374985707687e-01
5.208341685925019053e-04 -5.604172627266172491e+00 5.925697258890920693e-01 1.145871316009636209e-01 7.959247539797916771e-01 3.445225121837691695e-02 5.804047742688348555e-01 8.787754575080879427e-01 9.368244887072236793e-01 1.467946675219891084e-01
5.260580107900468452e-04 -5.583988748942611657e+00 5.558381128440915697e-01 7.600242231861140674e-01 2.494368092189602759e-02 8.048735338053257804e-01 4.374315900229651666e-01 2.059450170259445323e-01 7.691185904538361262e-02 1.455320285348476739e-01
5.472907026153353517e-04 -5.534216050364118900e+00 4.174853379075097459e-01 4.565038130084467793e-01 5.314485762287726178e-01 7.509853039503624483e-01 3.993210661452918364e-01 8.435511528084503885e-01 5.254600427883832081e-02 1.446710995043377634e-01
5.477661858555708287e-04 -5.523143551254485750e+00 3.337381992782992302e-01 6.243494326512533110e-02 3.257853589953454976e-01 9.026488436012150007e-01 4.962941766689943912e-01 4.695009388720069454e-01 1.811659358757725102e-01 1.484419130142636822e-01
5.522791065844439911e-04 -5.504734451013562513e+00 4.106744164479986248e-01 2.091007410191721427e-01 7.705116869648552802e-01 3.917605738372009760e-01 5.304030903870924352e-01 4.264989110701216113e-01 4.694615180007777333e-02 1.432463466383339101e-01
5.499149637525721935e-04 -5.498820260827685935e+00 6.284219544863847151e-01 4.666546981648574954e-01 3.507959850900022047e-03 6.955894666635276113e-01 4.369427441931983402e-01 6.869998645097414869e-01 8.738257679331582484e-01 1.402134411223507904e-01
5.834706695297348176e-04 -5.429385650090141624e+00 6.282969850393377298e-01 9.171402042256422416e-01 6.664953608418884290e-01 2.909457325896755986e-01 3.854641323851593082e-01 7.355253865891262510e-01 3.997041506654691601e-01 1.400455175058155088e-01
5.910517100768843254e-04 -5.406272242997843591e+00 6.548600447519404844e-01 9.234077299684655404e-01 7.842620322190881899e-01 1.853462080412986990e-01 5.001121321283290566e-01 6.002378582935803397e-01 6.083853098308041885e-01 1.497640688447298696e-01
6.394898064843366993e-04 -5.317300989773071862e+00 4.597539618340419354e-01 8.553826573395266752e-01 8.678771861606828786e-01 4.959558246905296230e-01 3.889148168339882639e-01 9.630195094301843284e-01 2.617538394080586861e-01 1.432099521024821354e-01
6.499172227449499448e-04 -5.290922584054187361e+00 6.266148464861953649e-01 5.124181799302319762e-01 1.747851455993577052e-01 5.159554023000617606e-01 3.741238252480360016e-01 1.529606494025121943e-01 1.479384762208317827e-01 1.435324703685105507e-01
6.466248124069673767e-04 -5.285797269365788864e+00 8.519696073140532455e-01 6.782681904751307611e-01 1.703289401407833137e-01 3.184626896109343797e-01 5.776012481055342596e-01 9.158036956135580109e-01 4.311612066763297335e-01 1.505828698076987771e-01
6.991334738248258405e-04 -5.197517752262656998e+00 4.714393905510356197e-01 8.659601444005439186e-01 4.523029455754600803e-01 7.021352182031234124e-01 4.120206338299990945e-01 2.390054805808493610e-01 7.394901837642908760e-05 1.469268314329834901e-01
7.388598495110799925e-04 -5.132047090185325011e+00 3.524384304051544348e-01 4.895827265021285291e-02 7.912502658317948079e-01 5.552836861308642069e-01 4.340768233946985521e-01 5.589298859896666416e-01 2.758328205915139275e-01 1.405940645288914770e-01
7.562243754930066987e-04 -5.098613137555079611e+00 3.396955004102265585e-01 6.599162786478603993e-01 6.230460475940867715e-01 8.278312291176425086e-01 3.776137386474863744e-01 6.170988924480004245e-01 1.003198403746602407e-01 1.467492347046070178e-01
7.571001255216491983e-04 -5.087251670145858995e+00 4.808067337860204016e-01 1.144914319960642080e-01 4.487852497852690137e-01 6.135770470982813141e-01 4.649567546148385411e-01 1.140457339545609128e-01 3.309633176190034942e-01 1.350839861748457660e-01
7.520202119176346445e-04 -5.083779898276461040e+00 5.822530277038979740e-01 9.091796100516791324e-01 9.871029958333465970e-01 1.803200791805393832e-01 5.550727032546323159e-01 3.826675608669987128e-01 1.675812728603481017e-01 1.486862176911923628e-01
7.490798507695789607e-04 -5.077493430108480865e+00 8.207581070656081446e-01 8.120374599981208252e-01 8.684561478023650194e-02 3.976351229893907435e-01 3.876905831467228891e-01 8.015295964930445605e-01 2.175095655545972173e-02 1.499056731028582112e-01
7.549427406298154890e-04 -5.059493030002245817e+00 7.882827427375890261e-01 6.886009688736798307e-01 4.683886169103474439e-01 2.158449348514002719e-01 6.342104517396524033e-01 8.014478392539663432e-01 1.067837924652886294e-01 1.522035493951048035e-01
7.662765123128631190e-04 -5.034387767783302436e+00 6.703144282693520584e-01 4.526245096356741326e-01 1.410864610840575906e-01 5.021165959199320739e-01 6.609361745124693321e-01 1.706724807099302410e-02 4.841245361751762011e-01 1.539483901879166727e-01
7.837026184234298148e-04 -5.001697137727014741e+00 6.147806517095087964e-01 2.768956091983079681e-01 5.544265945812602014e-01 1.171589422389084367e-01 6.365563037990084050e-01 2.305608012372888926e-01 2.154391632138700496e-01 1.481849582897949991e-01
7.979568157213724495e-04 -4.973468210903760678e+00 4.133800066643987248e-01 5.702756607089644048e-01 3.364304839478683418e-01 7.251650785060791415e-01 4.497799609419448341e-01 2.206508574643353260e-01 4.267179483419517583e-01 1.464881508773990260e-01
8.408474820471966826e-04 -4.910908319187639925e+00 7.807872830312944101e-01 3.918892036926829303e-01 3.856590774353577666e-01 2.322854055362809644e-01 6.286055882638350578e-01 7.343269451270220127e-01 2.659017075160872157e-01 1.516070899043288067e-01
8.432160537631967333e-04 -4.897891311287750682e+00 4.064151091404270000e-01 3.123110371182847289e-01 9.573602651228301230e-01 4.064421732931264297e-01 5.320605172499323077e-01 3.247322951957793968e-01 2.610769317128320832e-01 1.489877709378512327e-01
8.398806456181470400e-04 -4.891650653161931039e+00 4.846446680800440276e-01 3.722666579873588066e-01 3.624085836819646023e-02 7.735203496901013054e-01 5.385815973492361630e-01 5.606918822676987268e-02 5.149033619705258857e-01 1.431277359018396644e-01
8.584430349379648141e-04 -4.859586040763543835e+00 5.862635911325566607e-01 5.899285967566675337e-01 8.482130452397347309e-01 1.803785457033155182e-01 6.181750529095177971e-01 9.020480467107951927e-01 3.156132913507329052e-01 1.503906981448682179e-01
8.810701724794712088e-04 -4.823365009382903246e+00 5.500592836544964115e-01 4.784489984230306803e-01 4.692698954590164839e-01 3.908773049345730666e-01 4.692691286233052206e-01 2.162252466486267455e-01 1.151984495101388561e-01 1.494581633589091851e-01
9.044736643366945274e-04 -4.786945013311292740e+00 6.852545002694384602e-01 3.585037326475294384e-01 1.451510216786612295e-01 6.236056042435814684e-01 5.659514855293814595e-01 6.869134213341545614e-01 5.676525968313075321e-01 1.514403990304535597e-01
8.958293512510342310e-04 -4.786344181180513857e+00 5.836860621951505124e-01 5.970614567133250006e-01 6.543991599930009118e-01 3.112418246784189879e-01 5.477895608879900236e-01 5.215324899964973726e-01 4.691989913962701930e-02 1.489413989536053362e-01
9.037561658391730403e-04 -4.767330442235655497e+00 6.208836803659736336e-01 7.652897814099374196e-01 2.724005345504290077e-01 4.778156319910602523e-01 4.431251165379292978e-01 7.237286161150213726e-02 4.775794619122680773e-01 1.395999026097304030e-01
9.087697252373685584e-04 -4.751594222045038229e+00 6.496515029624608806e-01 1.230769389642535350e-01 1.450019555047517006e-01 5.395493227237669887e-01 6.859810326978893480e-01 3.591598161560198843e-01 1.189850541924590832e-01 1.509863301707154160e-01
9.560561409542890892e-04 -4.690665238750614918e+00 5.274568174670510867e-01 1.175635297290699710e-01 9.028956631651364750e-01 7.281664932241138644e-02 5.451224759451671620e-01 3.136734652574886262e-01 8.955174037020952049e-03 1.387311568325398092e-01
9.546351868691261948e-04 -4.681948529072219145e+00 7.747934890158353349e-01 9.778918106877236838e-01 2.472726368341019998e-01 4.083636240545109874e-01 6.122250784994768269e-01 1.771251664602703779e-01 5.588133746263270751e-01 1.532357620800851861e-01
9.501302665622587962e-04 -4.676474613768816013e+00 5.611796647561012596e-01 3.305096875044791771e-01 9.709914071600691532e-01 3.978329505113908926e-02 4.904407613374006658e-01 9.343066187443624937e-01 1.160266562115708222e-01 1.489594388556632898e-01
9.565561445495603717e-04 -4.659530144961167686e+00 4.005667868455279890e-01 3.204548668639325415e-01 2.748453001867477430e-01 8.842863986624694972e-01 3.930935609987716850e-01 6.106222671881091912e-01 7.996285744541709040e-02 1.394326888894681371e-01
9.638746490451518059e-04 -4.641704294349954019e+00 2.713836585537399704e-01 3.039362213298031912e-01 8.315796923889047232e-01 8.933468585162929188e-01 5.229033142121913835e-01 6.653336634805345762e-01 3.112738179524884297e-01 1.450528067897383089e-01
9.716454115162503685e-04 -4.623470531825271124e+00 3.927415308705648478e-01 7.089749761964546648e-01 7.199854414650121992e-01 6.425040695701266236e-01 6.263469847997150675e-01 4.398675551384495508e-02 3.010507102279963432e-01 1.474545617072083037e-01
9.887631119246344160e-04 -4.595802605023364684e+00 3.745571729695014174e-01 5.401295619858309527e-02 6.817373740534071747e-01 4.202945017797795058e-01 6.340063667663857760e-01 1.964863511751735459e-03 8.414741391160523998e-02 1.468669807714722553e-01
1.035209590252121527e-03 -4.539694115639168359e+00 6.522159117624743985e-01 9.572686204308059610e-01 3.085272927785210895e-01 7.085073195644180366e-01 6.332769377635930619e-01 7.461822094139389794e-01 7.439759435223854966e-01 1.501590423404943198e-01
1.045004318657402533e-03 -4.520072924787259971e+00 4.152061143338113824e-01 2.464880597489357283e-01 9.288253322066646334e-01 3.481683934549650861e-01 6.165393656474124073e-01 6.150484508349381985e-01 6.454378512820341252e-02 1.491179397825405373e-01
1.042683481600676417e-03 -4.512092200509565387e+00 5.788774110505304771e-01 5.013994258895130285e-01 2.182063964776878029e-01 8.927448397502650845e-01 3.424836237666563088e-01 8.482025612583723451e-01 3.861008930576945164e-01 1.287185374202730603e-01
1.073886991341267997e-03 -4.472401011281107230e+00 8.911894220855719473e-01 8.434486228983343326e-01 3.918347121369192276e-01 5.866489341289632398e-02 5.595684611014219989e-01 6.242168656464144316e-01 8.609311378730799547e-01 1.526318289158855590e-01
1.063876819415986510e-03 -4.471562084992178221e+00 4.257553424977045808e-01 3.653839661567908070e-01 3.997236356790456746e-01 6.708845217985637266e-01 4.140462432728062581e-01 9.214982081923267510e-02 3.656027291276995328e-01 1.417216384823316577e-01
1.073748521117654908e-03 -4.452121799342042330e+00 5.105778028232544896e-01 2.731963433213187575e-01 2.732249777894124598e-01 6.572806291419783786e-01 3.891873513713662858e-01 1.862625265757639204e-01 3.547707078214176746e-01 1.403171248937389870e-01
1.066490383213813779e-03 -4.448700292976108805e+00 3.805161106992279718e-01 5.802426435180145781e-01 3.516861511961341114e-01 9.713841084272919479e-01 5.212901128689355623e-01 4.217002710473519711e-01 6.515546036658868001e-01 1.471865512049112534e-01
1.099337519031713152e-03 -4.408161710136128342e+00 5.384660795364698549e-01 6.036578288947342941e-01 8.372433808593917615e-01 3.163634406979239921e-01 5.910451059003974938e-01 5.007125520656825479e-01 2.696433129759721048e-01 1.487059110873124312e-01
1.132907558675002148e-03 -4.367877982608224130e+00 8.098102045592991960e-01 8.562288232717740755e-01 1.943130664082407533e-01 4.416357885254559301e-01 4.657459483542256140e-01 9.629534958182657256e-01 3.819234411726871725e-01 1.480282322678340423e-01
1.179808880920171516e-03 -4.317108829782898560e+00 3.846296052536509746e-01 1.262817470440096290e-01 5.898524713405257636e-01 6.590330897054448300e-01 7.143917805655065623e-01 6.752229093904482671e-02 4.656503347362026535e-01 1.482527161462511844e-01
1.169587800232777756e-03 -4.315605828946683431e+00 7.712748117758947419e-01 5.363208066247027173e-01 4.980482425982978301e-01 8.222357959848652920e-02 6.628890830203060247e-01 6.581095619547890907e-01 1.087407194095994512e-01 1.554649976623246055e-01
1.160618018492851110e-03 -4.313100488748382588e+00 5.884301237338371848e-01 8.855074738810027046e-01 3.768238666133304493e-01 8.750541607059909577e-01 6.594390335111919299e-01 8.834497133926012546e-01 6.303398603901724240e-01 1.477204469282120403e-01
1.190747759035067684e-03 -4.277267566203453164e+00 5.336732067569327498e-01 8.539708119596830516e-01 4.309404320325602722e-01 6.852536449527499851e-01 3.343732135036819875e-01 5.445580916324170850e-01 1.071594650912975899e-01 1.417480928677690155e-01
1.185795101121952947e-03 -4.271231442292827474e+00 4.880626140991438100e-01 8.693584329749642903e-02 2.069924426400199802e-01 9.353514050745457276e-01 3.573801677699879886e-01 8.814873411335915065e-01 6.168176213083791382e-01 1.309928047531109252e-01
1.192892293099127084e-03 -4.255060025015493075e+00 5.164777367629415084e-01 7.062527782062119064e-01 2.920333942149347384e-01 6.970860168396010303e-01 6.342037230260976211e-01 9.546748386974890366e-02 6.225826971341645866e-01 1.467152954151274558e-01
1.182514794934136923e-03 -4.253593447146979400e+00 8.099505251283001250e-01 7.766251545821875046e-01 1.054844186291745700e-01 4.428645665925740604e-01 4.813001322150282646e-01 7.030540182509872338e-01 8.757395183659413274e-01 1.449092158432266908e-01
1.177237080927337779e-03 -4.247862482252430461e+00 7.530953496986474427e-01 9.317441886526792727e-01 4.585739773629983196e-01 1.123476655113040401e-01 6.123222819836058317e-01 1.287625158000205161e-02 5.116007336308405762e-01 1.537625421332877163e-01
1.230584784244272882e-03 -4.193339146013399521e+00 7.413198576967715558e-01 6.555210226511184457e-01 6.523322827336242025e-01 7.611297966639346546e-02 6.727971642581738188e-01 7.949918942930438437e-01 7.005917550407444461e-01 1.526192441946711553e-01
1.242002808288771932e-03 -4.173899310516110184e+00 6.573342030358583221e-01 2.226682423159280777e-01 2.925480077944206392e-01 5.221380902058367912e-01 7.220595088633606773e-01 7.165122656712957783e-01 7.214398976127911478e-01 1.508580102669016265e-01
1.284255116056251186e-03 -4.130241599445110268e+00 7.698978459649556960e-01 2.053054418763259337e-01 1.346087799301424193e-01 4.738987371076079369e-01 5.862129812904229853e-01 7.668409794828149328e-01 7.695163786842897924e-01 1.512412460315404883e-01
1.275712729221316604e-03 -4.126711366124529157e+00 6.749114302376865160e-01 7.584865868209773598e-01 9.908457291673631318e-01 2.898426501887912954e-02 7.045538092192258350e-01 7.361307111787205315e-01 7.101044073485265340e-01 1.535346239444307925e-01
1.278829890969805086e-03 -4.114066798065072916e+00 5.514320823109517544e-01 8.409729476849812091e-01 5.364065829181661194e-01 5.029312247048073337e-01 3.808343719311345632e-01 6.393875761522556100e-01 7.965943525090768418e-01 1.439898656920061415e-01
1.266615061251383755e-03 -4.113460192479342581e+00 4.972032904290473176e-01 1.517965833003105947e-01 8.306610384447296047e-01 2.271406822145021487e-01 7.227426200499373898e-01 3.330194913253445854e-01 5.887877342902905209e-01 1.489232380285214208e-01
1.286987404132881310e-03 -4.087300005396092395e+00 5.175336308399665075e-01 4.722146489388450719e-01 9.810601295444629777e-01 3.141900094912741803e-01 6.925845200490375886e-01 7.819891564070741152e-01 9.214426766139151015e-01 1.483578300503134162e-01
1.289405517465487755e-03 -4.075218792350463914e+00 6.511281573150623503e-01 8.245818059324598881e-01 6.947124111459526130e-01 1.135894730686135556e-01 5.669324107094753096e-01 2.410395499549957132e-01 2.118149834385455454e-01 1.532481562838192424e-01
1.310059186123712499e-03 -4.049123667258773374e+00 6.929502138461907101e-01 8.589310106840379877e-01 7.025297153784311188e-01 7.031839047256638331e-02 4.427521014502316943e-01 6.621158964193216701e-01 5.384826682001421227e-01 1.444116932953365684e-01
1.322076928054383279e-03 -4.029787971667800228e+00 6.144934756486145622e-01 7.944939071959006283e-02 1.028835420178476623e-01 6.095032478173769697e-01 6.865465290640542229e-01 1.388563407819486395e-01 4.697875846067278149e-01 1.507548838922788681e-01
1.308799651786896187e-03 -4.029677399621973244e+00 7.359018896213858074e-01 3.581546006560041295e-01 9.046434314936507848e-02 5.038914180909372931e-01 5.505999460023625058e-01 8.474464216389112625e-01 5.264942962001056825e-01 1.478308568462829153e-01
1.312414460938895154e-03 -4.016715198058556702e+00 6.747220001707111559e-01 9.011416270606433798e-01 2.454777671215840340e-01 5.038689774732028059e-01 4.015459816338328713e-01 8.043846887474048746e-01 4.997478608222198360e-01 1.418477704273115314e-01
1.318793742144353312e-03 -4.001662170077024960e+00 8.928739168161692330e-01 4.923177629772717001e-01 4.121925822634898151e-01 9.268019627551710160e-02 7.454854450625713058e-01 9.288568554904328423e-01 8.047449251776852552e-01 1.528301982683313021e-01
1.306720690725500815e-03 -4.000654866312515878e+00 6.031302004291669849e-01 7.241764957504801536e-01 4.061080590235479626e-01 6.688124336220870880e-01 6.450761399157852738e-01 7.744269643762000666e-01 5.689232282507108440e-01 1.508593601723368094e-01
1.298983563650174143e-03 -3.996389409373177770e+00 7.758547308996707192e-01 5.067532194609507545e-01 3.981062251056793344e-01 3.392130206773084078e-01 7.067068016180354517e-01 8.967837083773690932e-01 1.637906650963412702e-01 1.560381142902908247e-01
1.338606295869164452e-03 -3.956138417272687224e+00 9.544690804847880683e-01 3.846150302628238427e-01 8.430309482292863699e-02 3.908545127798901397e-02 5.991522361223611259e-01 4.269134894128919222e-01 5.163703197967494107e-01 1.510199426262323619e-01
1.327750063342254339e-03 -3.954077502610293671e+00 4.764543903059921259e-01 1.742557295606395051e-02 6.107741086116222906e-01 3.646586067271802012e-01 6.235485165933464247e-01 2.845803974952514359e-01 9.392547421242611883e-01 1.465512183389912904e-01
1.341821302452622178e-03 -3.933331376957146297e+00 5.446881285840383669e-01 5.832338859777055351e-01 1.366318015858849488e-01 9.312829812731698853e-01 5.292353654531509743e-01 8.226184211654987699e-01 7.497146476599808596e-02 1.478833131354265751e-01
1.338294409148441328e-03 -3.925759193137548397e+00 8.428672788708537755e-01 5.348931323195453835e-01 1.242942044634850474e-01 1.792953771436507360e-01 5.190511583443939703e-01 2.925249810314424215e-01 3.007751968472410775e-01 1.476577472626091070e-01
1.354920208607979975e-03 -3.903208519777566110e+00 4.190336685962321450e-01 9.186785886638237919e-02 3.001318010100154088e-01 8.556404571324425223e-01 7.291967430534098682e-01 2.963136623047260554e-01 6.174150371532977077e-02 1.509160827875709321e-01
1.393744154470486678e-03 -3.864753241990909860e+00 6.250943560093847884e-01 6.070863844501541706e-01 1.741162281698499514e-02 6.728798163687880196e-01 5.197678746659067928e-01 4.002006261898052863e-01 9.983797798648930133e-01 1.448715748064166309e-01
1.422975020428467663e-03 -3.833793157681522956e+00 6.626236839129655554e-01 6.179678091082106972e-01 6.857948417225769866e-01 7.301459290190043250e-02 4.823480239676813941e-01 9.744987006241045968e-03 1.455076645876475228e-01 1.406977472091538728e-01
1.427913102462320585e-03 -3.820124831392836207e+00 7.810020803447339510e-01 7.118701140397118987e-01 4.731161816533986375e-01 1.287785527385509887e-02 5.484386508577987485e-01 3.923400219454445947e-01 6.936190831508216581e-01 1.450421940520303932e-01
1.453820104765406185e-03 -3.791940112122143436e+00 3.817379363369349798e-01 8.553861156005685418e-01 8.591726570428919185e-01 6.568140076166215646e-01 5.331203343911885550e-01 3.870723407541349359e-01 2.625441532361107444e-01 1.469552779794202624e-01
1.454684693931737735e-03 -3.781141505637968692e+00 7.507455477258159204e-01 2.082856935189333347e-01 4.532408996568604298e-01 4.459434047983695804e-02 7.759646446293412270e-01 2.631654496170647839e-01 2.614107556398362897e-01 1.550360523823514636e-01
1.512119349682034333e-03 -3.732214386326222044e+00 4.655485673313027872e-01 5.906810700387291613e-01 8.128520306835550491e-01 4.337497529006092978e-01 5.870929072905970436e-01 6.388900619971460415e-02 4.118656241072681246e-01 1.476320548353276252e-01
1.519456554095029166e-03 -3.717169773582214010e+00 6.923250380401028137e-01 9.464913634185326829e-01 6.398419069433798345e-01 1.690707517982815711e-01 4.249016829201794909e-01 1.199880989549262367e-02 1.185734526745568784e-02 1.429575109011744505e-01
1.568404676571053327e-03 -3.675259459499952808e+00 6.853448563382354974e-01 8.927637011796534239e-01 3.551625067079440257e-01 4.607686863189559001e-01 3.212783006056573187e-01 8.343695561409952832e-01 5.773122110441489818e-01 1.405158299388864496e-01
1.611895343358564579e-03 -3.637703632543313859e+00 6.134058145651462013e-01 6.850339113283340220e-01 4.730635490049577285e-01 6.763352628047127890e-01 6.751874109463540385e-01 9.870824936216111567e-01 7.231598716104936653e-01 1.494780760000538888e-01
1.666424374401480205e-03 -3.594230031573785400e+00 6.807429235217631325e-01 8.239873613584021150e-01 6.348059570743159741e-01 1.211443713854581938e-01 5.563686106827231415e-01 5.411328008746200124e-01 6.078511521589735622e-02 1.494378569625543218e-01
1.658037496374296059e-03 -3.589071515897825915e+00 4.865660240301372119e-01 5.883687049973412853e-02 5.108007696193752611e-01 3.373140815878012955e-01 6.294486851908271952e-01 2.573092549125011175e-02 7.953169935190720352e-01 1.475427721275052728e-01
1.654438087185724181e-03 -3.581040679328835186e+00 8.784711203387476353e-01 3.657374181468643348e-01 1.790507215515633188e-01 1.084236622167450426e-01 6.407012685185379253e-01 1.345472233827080810e-01 3.473891495559351394e-01 1.549174232647222704e-01
1.734154895710202093e-03 -3.523777821593294668e+00 6.055877152433837285e-01 3.471621634575892124e-01 3.098539613482931276e-01 4.725726554463663409e-01 6.161668614989019854e-01 3.250773570529347789e-01 3.652653192990548692e-01 1.527963448937013635e-01
1.808032392143440982e-03 -3.471854765063997039e+00 6.242469433254235200e-01 4.047475178711915644e-01 4.076532387913112121e-01 4.825215328483519195e-01 6.508813117661085279e-01 8.503974010885818613e-01 9.364427071998634444e-01 1.473605809205744410e-01
1.814695317484511187e-03 -3.457972276778709109e+00 5.693579916083627568e-01 5.999818696762154735e-01 5.140879984267942016e-01 6.305464807191637489e-01 6.259293429384643614e-01 9.965896726943044293e-01 8.575790972866085271e-01 1.486212488166722134e-01
1.825761141733313851e-03 -3.441688815565813186e+00 5.992536503860989017e-01 7.539722333090580486e-01 9.105214434881137020e-01 2.041618181780033292e-01 6.858875389301292147e-01 3.630847171106880711e-01 4.179491778859536488e-01 1.508787111641280709e-01
1.817821974806712194e-03 -3.435842630672294451e+00 7.150872132549993543e-01 7.524514962727101297e-01 1.796668142293804116e-01 4.366209414308170333e-01 3.872873627619821124e-01 6.862466199325616412e-01 8.948310208041800884e-01 1.429408919028114233e-01
1.852539410976321820e-03 -3.406720263908470159e+00 3.836137089226692165e-01 3.131664544019699958e-01 2.751296934995914323e-01 8.947476405268931510e-01 4.451202040252552061e-01 4.186540492152711623e-01 4.146750231039955659e-01 1.416179314745447670e-01
1.869598058426431538e-03 -3.387350068973572714e+00 8.314446408961637669e-01 4.137436864873189624e-02 2.417234412862232507e-01 6.418226412449101748e-03 5.302247654575444891e-01 6.785057259303153288e-01 5.791947409158696436e-01 1.500391038595522697e-01
1.859238623313328072e-03 -3.382702391469099457e+00 6.000076068290594034e-01 6.559412165350922974e-01 4.981009284131784898e-01 2.505257873893300680e-01 5.498527228935041755e-01 1.634131958200875645e-01 2.131154295456967607e-01 1.486510367334990534e-01
1.870895733528823426e-03 -3.366248053384679473e+00 5.494293930247697855e-01 7.328054594428961011e-01 1.505737695219178107e-01 9.161142464671158114e-01 5.802237439860902235e-01 5.119004698447134905e-01 9.576386783475834275e-01 1.474882357353143880e-01
1.867643482209939507e-03 -3.357783823577357829e+00 3.847668089246035761e-01 2.534781625460857946e-02 9.610804447488674462e-01 3.202539633022458698e-01 6.961706590964702457e-01 2.022094790247086493e-02 2.561793060160011404e-01 1.500906638548031857e-01
1.899533166855551852e-03 -3.330649053860333719e+00 6.050824432382868601e-01 9.063446129331644840e-01 8.464977796881245631e-02 7.092167017900531389e-01 3.436902124952007087e-01 5.749315838304134285e-01 4.542777765218691255e-01 1.449080542708052477e-01
1.921069261924637870e-03 -3.309171188278696274e+00 5.036624313052447954e-01 9.255084893767806520e-04 9.899886919534761631e-02 7.134782011875756558e-01 4.045150316235355814e-01 4.612821388026310809e-01 1.224198057255812544e-01 1.444049817773270517e-01
1.914089684947719748e-03 -3.302606895650407548e+00 5.138067065157239099e-01 8.769566493244684846e-01 2.507734009534859920e-01 9.064101581292558496e-01 3.435620220590549501e-01 9.703312708019549149e-01 8.228719678611404742e-01 1.410780839443597223e-01
1.897106760148771585e-03 -3.301314995508259020e+00 5.042865323837221192e-01 1.110301440991675603e-01 1.615551494456619053e-01 5.666152264611544753e-01 5.837633249346647624e-01 8.571262484815478366e-02 8.745076126860422683e-01 1.451228952665374605e-01
1.894581848797334501e-03 -3.292442727737475039e+00 4.635409925498490402e-01 4.125399003183675140e-01 2.591644524223110091e-01 6.694639001361515351e-01 5.130638403555606297e-01 2.028427982602303281e-01 7.634833317753941806e-01 1.462959275421264194e-01
1.922257077802922440e-03 -3.267736743060724702e+00 5.656271674405062289e-01 1.624533192320432029e-02 6.544579924897977463e-01 1.011910184992007022e-01 5.319152773877462437e-01 3.069090233212379282e-02 2.561274609093544541e-02 1.423901595873499348e-01
2.023601705396029220e-03 -3.206153772203433672e+00 9.293918750695808750e-01 9.685794004681705927e-01 2.351246063258650154e-01 1.934142564837904033e-01 4.667381200252201379e-01 9.150495833236673704e-01 8.623573757537500439e-01 1.467937027674250938e-01
2.019106206491856712e-03 -3.198173695299849406e+00 6.263828862438615142e-01 5.816815781056914325e-01 4.451278640484229721e-02 7.646047270726300527e-01 3.198711223932549919e-01 5.051953322237132671e-01 5.686120819009015115e-01 1.369409401416601668e-01
2.025158365513373034e-03 -3.184976652434515554e+00 5.866351792333144299e-01 5.271512475363580030e-01 6.013805430638203831e-01 3.518985720598056810e-01 5.434483764039466092e-01 7.989680848475360087e-01 1.312880293844198576e-02 1.488430561473121916e-01
2.047004638294841299e-03 -3.164042900918900614e+00 4.401459377572635723e-01 6.998330244272312761e-01 4.181331537283844435e-01 6.731694870566267141e-01 4.985781293076770315e-01 7.884721414747419832e-02 7.982077948306112170e-01 1.461167531337267955e-01
2.111786964907528923e-03 -3.122681899993707155e+00 8.249163523957648847e-01 5.844491838387920746e-01 8.573280565199120629e-02 4.608924348915615088e-01 6.366773498206037551e-01 5.682185951481472097e-01 6.161710014978851735e-01 1.543514315962342953e-01
2.147313184747300877e-03 -3.095794931105389836e+00 5.142686996612115813e-01 2.563906736392229657e-02 3.176353564308824762e-01 6.431994754973398010e-01 4.454798056346039314e-01 6.553964900725036680e-01 6.288780079931564071e-01 1.362892856907411687e-01
2.137159764917882093e-03 -3.090330493744547269e+00 4.284425042928635685e-01 3.295939723592775095e-01 6.223997683268976955e-01 6.013561100709368112e-01 4.634180911463956498e-01 6.840587141088249057e-01 6.713557838501222896e-01 1.426735153588248040e-01
2.125912826175193129e-03 -3.085402871565123384e+00 4.378547387315978590e-01 4.199324204414468520e-01 9.907220976128461309e-01 3.349454713342093770e-01 4.877429907041730961e-01 8.405280244914989929e-01 3.335303602202915885e-01 1.428298212098286779e-01
2.104337094609855501e-03 -3.085399567219463179e+00 7.162151293695775411e-01 1.132969392865827984e-01 1.215750956921040626e-01 2.117323845415232664e-01 5.209363504745023743e-01 1.767074850434811051e-01 1.069289418052853935e-01 1.473592882273395688e-01
2.210484164495783287e-03 -3.025984413205634382e+00 7.468593139827124361e-01 7.252263607327302797e-01 4.445086458724472611e-01 5.677433252771252326e-02 5.687395839832218858e-01 1.704214331534723015e-01 5.387398676232277861e-01 1.464543218202345454e-01
2.288953418893679547e-03 -2.980897211283271453e+00 7.316460890460431132e-01 6.902216975748159955e-02 6.258983486201408208e-03 3.477875618464607577e-01 6.425424693299297552e-01 1.836420521382370330e-02 6.209973695843549191e-01 1.523378345354933772e-01
2.338808131606170786e-03 -2.949146366291370835e+00 4.589993818428736438e-01 7.629306300971887556e-01 3.286680889716986353e-01 8.606504340807237252e-01 5.294462804064826722e-01 3.869702273131703230e-01 3.654532163372560261e-01 1.468585308874006123e-01
2.318063695695257026e-03 -2.947851515530768740e+00 5.909712809967110347e-01 8.839856489590494082e-01 7.694793774566166533e-01 3.051903124899105202e-01 6.556655594870071102e-01 8.642334056210543292e-02 4.423282839553515644e-01 1.504460016738732309e-01
2.325829844114676772e-03 -2.934302759610155409e+00 6.010287908992373307e-01 2.916390920762718109e-01 6.591575793534504291e-01 3.614180597055827171e-02 5.440583337698501332e-01 1.998308843449431160e-01 1.760870238162119683e-01 1.485044787043590664e-01
2.308902764083661623e-03 -2.931403157749923771e+00 7.343002902862139081e-01 8.701858133941634543e-01 8.879045924205858364e-02 5.313143401813882338e-01 6.799917859047740487e-01 3.076089182121266585e-02 4.044713955738676869e-02 1.536034898025794571e-01
2.394115534588717956e-03 -2.884957627869032759e+00 6.177350193907069631e-01 6.204539307049694585e-01 1.465260547687496362e-01 6.705187767013325306e-01 3.741600740541970449e-01 6.572610761171924221e-01 3.926404716784744897e-01 1.430544285520303216e-01
2.405668045874606760e-03 -2.869939773531630767e+00 8.143214532039652065e-01 8.693109614487001258e-01 2.386853779899779648e-01 2.823952059904606404e-01 4.979386976723750857e-01 8.434443752535818462e-01 2.323618563957924321e-02 1.509066520104591080e-01
2.386337136045919415e-03 -2.867803719354593550e+00 5.626901129246603128e-01 2.575364929377182421e-01 8.622791810034450277e-01 1.587972459407810399e-02 5.575471718181744807e-01 2.506990535418620047e-01 5.197331178669303275e-01 1.488663716660915681e-01
2.365767126947278601e-03 -2.866256913082164459e+00 3.393734736341227354e-01 4.702503716865347183e-02 5.820266380800706019e-01 6.812628005326081260e-01 6.474920455333095237e-01 2.213036547332861703e-01 2.483786126842394415e-01 1.493028329523901909e-01
2.403059626696059988e-03 -2.840412397485470475e+00 3.090214107714799874e-01 8.167065657173449011e-01 7.200253749116335422e-01 9.809040048629357189e-01 4.210411975485234826e-01 5.063041830723256087e-01 5.174585930907138476e-02 1.480433087726348851e-01
2.507477613710831429e-03 -2.787673772657562221e+00 3.970951942527464196e-01 7.702300669890431717e-01 8.862057339942250866e-01 7.270954279775114770e-01 5.455088073080489597e-01 6.717172973778140488e-01 4.412378380407020462e-01 1.461673020127189360e-01
2.489207863722741557e-03 -2.784782471262040371e+00 5.400670341799341800e-01 8.752696552783711947e-01 8.130234290569658961e-01 3.607346761221615350e-01 4.261366644205725751e-01 8.743918167998652180e-01 2.862051543507475038e-01 1.427628589859037678e-01
2.469345372251867746e-03 -2.782589838438028096e+00 6.195351701439925085e-01 9.261647951650212596e-01 2.565175716988093990e-01 4.730555331024270949e-01 5.118172296412936140e-01 1.292208534132277542e-02 4.291901236768953520e-01 1.455290890424703332e-01
2.481141401067541667e-03 -2.767620144177434405e+00 4.707617791669612695e-01 9.095852882176200804e-01 6.407336045217593146e-01 7.265090503475732930e-01 5.344266963855834884e-01 5.921937972455483257e-01 7.769033208650291122e-01 1.480620245762608589e-01
2.498665284364258009e-03 -2.750378056156737916e+00 8.830501019445113897e-01 8.133271679275753119e-01 1.388210475749612760e-02 2.725579391985049060e-01 5.510330527698232839e-01 1.748414835168565773e-01 8.730921481380082838e-02 1.506599507468180388e-01
2.473918232034231102e-03 -2.750127455067659099e+00 3.216947858203749178e-01 3.698160972647662748e-01 5.265437534302633837e-01 7.779949919064329533e-01 4.788528121556120398e-01 9.238575269326787520e-02 4.287485587601256309e-01 1.421868105868780152e-01
2.470600581296950558e-03 -2.741265324536988235e+00 2.345023944514998404e-01 1.198086256509129921e-01 9.298689178224668339e-01 8.294509124174748171e-01 6.324350471847185462e-01 4.174773737680491092e-01 8.772433570742060871e-02 1.457878013385902061e-01
2.446315877681832281e-03 -2.740939344875863437e+00 5.848394272344412670e-01 5.787625903361560686e-01 6.734826576129077091e-01 1.921813228694815856e-01 4.938560760331791033e-01 1.215058705796585037e-01 1.941424801800578637e-01 1.487146707859857975e-01
2.492685317901895906e-03 -2.711957862376563444e+00 5.905179799139399499e-01 6.809528999420826345e-01 3.052566765918715008e-01 7.034106514912740193e-01 3.545068282710831520e-01 6.861693554968426589e-01 4.466984671800173223e-01 1.343122111300458776e-01
2.549593750723562480e-03 -2.679180318008461015e+00 5.793525534035641744e-01 6.982302822807040510e-02 5.241164813857720484e-01 2.793333627342821091e-01 6.937848467219138726e-01 3.541956133397083928e-01 6.329381679463064181e-01 1.485961764721147882e-01
2.554464952531792371e-03 -2.667067479611675562e+00 7.154434105401178412e-01 5.113472418518028029e-01 5.470279633184651491e-01 5.257999356325127049e-02 4.952807922134589980e-01 7.012038459170018001e-01 1.699678591969112085e-01 1.472205577268572707e-01
2.638624757813108710e-03 -2.624448331421187053e+00 5.674023612731589061e-01 9.679172737092546219e-01 9.565021996288873840e-01 3.156130393954234004e-01 6.159066686137126823e-01 4.869889019500793781e-01 2.917146725621039827e-01 1.506439308541032140e-01
2.620940741016808233e-03 -2.620968791364699957e+00 5.531324885364569122e-01 1.779433339072677422e-01 6.532878756030052747e-02 6.794671030272328993e-01 5.328960041205227371e-01 3.012590385773438184e-01 2.361424419099398542e-01 1.506672224428595164e-01
2.607682382940173550e-03 -2.615836173549230370e+00 6.109548360991994276e-01 8.235444337971219442e-01 2.018940980834011967e-01 8.704554523037515423e-01 5.605418484335004115e-01 9.941949093178410468e-01 2.419427330463292114e-01 1.493238143716247301e-01
2.651490413021605035e-03 -2.588972040974631295e+00 9.651509888000477932e-01 3.020112121066376165e-02 8.876165004367830846e-05 1.033945189408906340e-01 5.977190534874700090e-01 3.641205189003634546e-01 8.311598103916659763e-01 1.488698050472371248e-01
2.694018420754785027e-03 -2.562855945587956707e+00 9.987587708825815813e-01 5.391966532301702975e-01 2.752893207477528636e-01 4.018175699452480876e-02 7.124452673716523687e-01 9.170740346006710508e-01 1.482373260008419402e-01 1.597577110297830894e-01
2.679190774149914443e-03 -2.558170980634112635e+00 3.561582848455532302e-01 1.655202441999120699e-01 2.730634266692442136e-01 9.861279482067846214e-01 5.958857917546531713e-01 5.095852729079267673e-01 2.668152731253619625e-01 1.477641707766906565e-01
2.690167072110124982e-03 -2.543878397707886485e+00 6.393096977846524087e-01 9.791123128909313689e-01 7.602043836574340352e-01 1.734727546436919399e-01 5.090400536244398255e-01 3.785571537485388216e-01 6.360744001871396769e-01 1.441166049249534564e-01
2.676722348971293571e-03 -2.538684574423728080e+00 4.581222220534115763e-01 1.310283769643463270e-01 9.926635232315856872e-01 2.854004367378046303e-01 6.781994921108479568e-01 6.655147650047259500e-01 5.742082507572268124e-01 1.489577091914304485e-01
2.692852374329941095e-03 -2.522472540687513920e+00 3.810676805412538393e-01 5.193136273806655545e-01 7.301535219429824419e-01 6.665094484241205208e-01 5.029269086182506232e-01 6.231596538847353761e-01 6.731598872861461746e-01 1.455857604593871479e-01
2.737052141633675509e-03 -2.495987972557371481e+00 5.093674827872023414e-01 4.446293014012961398e-01 3.301179328860689433e-01 5.804822801586954073e-01 5.806851085180755323e-01 3.276554775288540999e-01 3.370251442598967695e-01 1.493101426936987719e-01
2.723240026462985484e-03 -2.490843013845339460e+00 6.112696788392985026e-01 3.819101037885490602e-01 2.009018227645321675e-01 5.534483153320597371e-01 5.243805522310591716e-01 5.356257271360619354e-01 1.166560206889636908e-01 1.486968753370768725e-01
2.700454007483137509e-03 -2.489041380026657091e+00 5.434680142786403323e-01 5.016044201421254733e-01 2.219558240546787020e-01 6.541280408656782175e-01 3.943068520982567771e-01 3.512146296697479797e-01 8.134793028530984405e-02 1.440264119448853020e-01
2.709026045786008460e-03 -2.475668030592501179e+00 7.477558203384488955e-01 7.730882246393112611e-01 3.852498111819382953e-01 1.472378368412233240e-01 6.206675419945206773e-01 7.181655726598801248e-02 1.325375069062333377e-01 1.513210785444412954e-01
2.701291243107977521e-03 -2.468323229676545605e+00 3.429382958908302470e-01 2.464238214103442459e-02 5.124126993413282705e-01 7.517782921504019278e-01 4.436337398959768197e-01 3.911530461587566787e-01 2.614463786025156278e-02 1.421542319435378787e-01
2.694181680320892856e-03 -2.460754530336708878e+00 6.904790231732992334e-01 8.959849839380966685e-01 6.135736178476989267e-01 8.838225593631532373e-02 5.044547078184117295e-01 2.790053250615874836e-01 2.035304233214665637e-01 1.461006508208175514e-01
2.734111394024932914e-03 -2.435838481844478931e+00 6.326264589761774193e-01 9.501636120100527272e-01 3.862371731122499763e-01 4.803517413689458726e-01 5.187224789581877937e-01 5.782828005498088508e-01 4.282838857108094421e-01 1.477729881541385848e-01
2.752829981355848620e-03 -2.418811414993779163e+00 7.651086065620773535e-01 8.253489404195347712e-01 3.676219111571696896e-01 2.229890936934317003e-01 5.324095647502052886e-01 6.059687759770668869e-01 8.445761484907280403e-01 1.496207977327703442e-01
2.754702448486796677e-03 -2.407927367431938581e+00 6.454256266910332052e-01 2.401536886907870705e-01 4.332297933884139973e-01 2.732063892958481732e-01 7.064427272114033318e-01 1.338415549969030338e-01 2.443310483928340660e-01 1.526474117944416897e-01
2.737031937618479398e-03 -2.404158619560567534e+00 4.643626049995096539e-01 1.888884060775309903e-01 5.714101220276546211e-01 6.159504512640152640e-01 5.997715951445995453e-01 8.314950541005862172e-01 1.223305359643223067e-01 1.515891473507560983e-01
2.731627552086108093e-03 -2.395931032277914596e+00 5.596874998082956854e-01 8.887429164107933932e-01 3.805136192297640663e-01 6.257398329940755399e-01 3.983453506391549381e-01 8.549329014844563313e-01 3.958062638192948457e-01 1.454540065546680305e-01
2.718291169072655899e-03 -2.390621118913152543e+00 5.321700239484074002e-01 7.687801346235342281e-01 1.576119094012680688e-01 7.694092428307985898e-01 5.745523212798510082e-01 4.623406803403379284e-02 9.217488783765730442e-01 1.455172720415504606e-01
2.703778632911658410e-03 -2.385770185191596671e+00 5.591785868391434544e-01 7.172779539997156117e-01 2.299133219388384552e-01 9.218495246742710592e-01 6.300710150189705594e-01 6.164541481201690765e-01 6.521272381486147296e-01 1.476665597476206071e-01
2.677447293564788697e-03 -2.385352553658767860e+00 3.946697032339772648e-01 1.629866521132930512e-01 4.534822358454999591e-01 7.392209387125517894e-01 4.094268834330742624e-01 6.153851528267414439e-01 3.358293610437175225e-01 1.415377349918875982e-01
2.685067292791987886e-03 -2.372306520089879633e+00 8.945327740570897523e-01 9.107264153306473542e-01 3.969712779580608641e-01 1.759735515489390945e-01 6.404434238370545485e-01 8.065147745444150029e-01 5.457727155010220210e-01 1.543875159267170949e-01
2.672603448219704365e-03 -2.366755157020695943e+00 7.768472565595683221e-01 7.489113172059240764e-01 2.584392393995711412e-01 3.562362094703149240e-01 4.502989425542036628e-01 9.770736803429613815e-01 1.430209254339500080e-01 1.503580884029365738e-01
2.672071448099145284e-03 -2.356750152088736616e+00 5.070705999682533216e-01 2.139815990096708420e-01 8.362665052862197079e-01 1.251412283619974808e-01 5.643427205857086681e-01 4.195757739638517059e-02 2.169595920257445243e-01 1.436238128333719999e-01
2.647924734440824848e-03 -2.355623851209781350e+00 6.214728607294004448e-01 9.458448146299784920e-01 5.365175309813202675e-01 4.828180199886729085e-01 3.217695194517483648e-01 9.954715539971277227e-01 3.584498563979913732e-01 1.423399198805012922e-01
2.633882157641395747e-03 -2.350737120314572604e+00 7.566239264638499051e-01 1.459318777156720648e-01 6.805138775652719296e-02 2.984018953573092658e-01 5.521036362734353942e-01 3.271275194674506670e-01 1.673447812112991984e-01 1.493752819764430917e-01
2.671392085534149505e-03 -2.326392185175229166e+00 3.829108233358751168e-01 4.081313474115110251e-01 6.880600646268025811e-02 9.914002299361606152e-01 6.037069132808081662e-01 2.119559252716646247e-02 1.901886034633064881e-01 1.472688345823587874e-01
2.654262895981402467e-03 -2.322620832917392519e+00 6.376623588394593201e-01 9.401129306726957457e-01 8.379840452265958639e-01 1.207061934273703230e-01 5.686684226894205274e-01 1.770542574811603265e-01 2.797545170525183034e-01 1.519288531644881479e-01
2.690637138592440105e-03 -2.298805718736959935e+00 3.811077362370999255e-01 6.624014946916889635e-03 9.213004333529903889e-01 3.819792331280341680e-01 5.115408650450100625e-01 7.897903591056630868e-01 3.720513054509647088e-01 1.447282397171022195e-01
2.721746474253422272e-03 -2.277105896786398631e+00 6.317876465037984834e-01 1.922253273661996276e-01 7.204226457090514568e-01 1.960911639873182954e-01 6.753687748480597941e-01 9.437578928920385968e-01 4.911288232751565008e-02 1.531285806797793303e-01
2.736255530885780586e-03 -2.261585184344359511e+00 5.791687034096920650e-01 1.904788250196048915e-01 7.126995298113502075e-01 2.517813249628134686e-01 6.656224524065992298e-01 6.354443956831073992e-01 5.035295166698900982e-01 1.512182102111700732e-01
2.710038683171013801e-03 -2.261008584879902639e+00 8.186093407625456564e-01 8.572415719049187866e-01 3.261348325795072056e-01 1.447295984661142176e-01 4.854621344660295379e-01 7.582435795673381218e-01 2.254242820802414282e-01 1.488532156427425646e-01
2.689005116438265234e-03 -2.258596132255918931e+00 5.599885163786280096e-01 2.085362267194923458e-02 9.202552014640796862e-01 1.636919347143739323e-02 7.417782144548883405e-01 3.873867535702484322e-01 3.237708250964439483e-01 1.523087085590436041e-01
2.669418268000050328e-03 -2.255702759117232947e+00 4.695668958140319371e-01 4.109494852684048016e-02 6.443075404912312898e-02 9.881579626711693987e-01 5.781814593340439679e-01 7.263006435906658176e-01 6.001155002075458933e-02 1.479218693462684420e-01
2.679865801017411280e-03 -2.241592529982751270e+00 5.278969270448140572e-01 3.668165110430632314e-02 8.087939079898638361e-01 2.532409843688637752e-02 6.285208727087012726e-01 6.118179313209459735e-03 1.427069940090872069e-01 1.516642521969700508e-01
2.709377902763647050e-03 -2.220436115008090017e+00 4.502044522698588902e-01 3.037593148703117141e-01 5.541123013405198083e-01 4.715792043089683250e-01 5.624873305947628577e-01 3.191521489549166701e-01 3.905841430447870577e-02 1.504948212464315427e-01
2.707914464058745058e-03 -2.210772317576995771e+00 7.842678405611537285e-01 3.645320621450469090e-01 1.678666620995080683e-01 1.688442777897085634e-01 5.420629863033624707e-01 1.845039425869615668e-01 3.465949689472332396e-01 1.509581639192806302e-01
2.711753098515136927e-03 -2.199151678543370902e+00 5.572205032650285883e-01 6.424975649297912650e-01 1.499835054170520210e-01 7.695136923388643524e-01 3.522298261756896531e-01 5.336162883010301394e-01 1.359520850105752077e-01 1.418253303956322486e-01
2.708312190878303660e-03 -2.190217289401627632e+00 4.660027663078907256e-01 6.556865194974031974e-02 6.896865607311041257e-01 3.228120237959782313e-01 6.928042009931258960e-01 2.177375512497860544e-01 4.616459756630331146e-01 1.487688182811704452e-01
2.682084301226891031e-03 -2.189744624250965277e+00 3.151388618922686402e-01 7.009923297799274255e-01 9.143915987207615892e-01 8.141451841859062011e-01 5.168822899386016356e-01 6.388858925763163388e-01 3.490753745893920845e-01 1.458741950356133299e-01
2.719298344325632444e-03 -2.165760873823521226e+00 5.840346164813619012e-01 8.045167290323882447e-01 3.299456486816426670e-01 7.586111971612103932e-01 2.956743021175232133e-01 9.451022466796956678e-01 2.296740447902499704e-01 1.341105954754877871e-01
2.753568267094929582e-03 -2.143033055319266467e+00 6.891692510476171707e-01 2.324273545218952242e-02 3.968946571919285127e-01 1.097252999939679619e-02 5.990027446443388914e-01 2.146630077566294981e-01 3.705752607033827584e-01 1.504321460398105326e-01
2.737188254765798943e-03 -2.138795386823061140e+00 4.554666571349500481e-01 8.513385945406295452e-01 5.768246920674916511e-01 6.268737896301694867e-01 4.945611428327921777e-01 1.199355565776450971e-01 9.158442426879825904e-02 1.481421196564308151e-01
2.793551089413529986e-03 -2.108208935885852675e+00 5.799284001727575966e-01 1.919148957928417665e-01 9.863906410421708904e-01 3.353534083349862804e-02 6.974240534357556420e-01 8.263755226535507425e-01 4.444929982769511012e-01 1.523674791049636212e-01
2.770089464624373148e-03 -2.106438815301984402e+00 5.505299567565989927e-01 3.659347718174458253e-01 7.783793426396634629e-02 6.373679217660067620e-01 5.169448936512665016e-01 1.061502941177189241e-02 4.358562418415530826e-01 1.481806884492751775e-01
2.758107607838089850e-03 -2.100569555815319678e+00 6.640735891947862068e-01 8.894646399664583036e-01 1.129763532415875016e-01 5.824640128106737258e-01 5.170224545567920771e-01 3.443313420914857481e-01 3.557136639589408844e-01 1.489670352489984306e-01
2.796209486385818361e-03 -2.076645524247686669e+00 3.293495542031636414e-01 1.671820254520847704e-01 6.046344799531797598e-01 6.654541108737135335e-01 4.999152496344742014e-01 3.398334757213488655e-01 3.443037319860694501e-01 1.441591747362661879e-01
2.810123265469629227e-03 -2.061477838681333274e+00 6.178870920695278546e-01 7.750836174288100455e-01 9.981464973391401818e-01 4.706817117030093200e-02 4.602457418326219019e-01 9.471102138432387907e-01 1.270889727274024383e-01 1.444859319127335395e-01
2.808386964681453598e-03 -2.051891821543476713e+00 3.918828035150713207e-01 4.780513019035379507e-01 6.439014419621037488e-01 6.539538725329878677e-01 4.946396975851067856e-01 3.756413659234106861e-01 5.034302883847049381e-01 1.454511004070818403e-01
2.816047560494233399e-03 -2.038963696981510587e+00 7.470433134825772425e-01 4.177058533174238808e-01 5.447204063843449351e-01 4.425160183791992941e-02 6.771465600670241169e-01 1.634219266949244465e-01 9.817004629002437088e-01 1.504245906092527008e-01
2.789090290637142103e-03 -2.038378460921691726e+00 4.512317049884121412e-01 5.338115713732725087e-01 6.340594367419825073e-01 5.546200297402154034e-01 6.411510601572503187e-01 2.377615190199978690e-01 5.438790614201711726e-01 1.488399861356919651e-01
2.767393633370634088e-03 -2.035983910580475786e+00 5.193710904389263749e-01 1.398156814507312551e-01 3.989811552075783752e-03 8.417514846481086721e-01 3.945395277050308680e-01 6.346797500070042730e-01 2.002249750497156755e-01 1.427926991782208499e-01
2.754073089509592124e-03 -2.030604840261755584e+00 5.946681526504349335e-01 4.761357086795732774e-01 2.722928799245385445e-01 4.508409302562535470e-01 4.903871436151099328e-01 1.001315889890569411e-01 3.877253943570579398e-01 1.454124107499829288e-01
2.727872363545298575e-03 -2.029959746654192543e+00 6.831089863903305748e-01 5.138589973822246249e-01 2.506228554884903925e-01 4.404800489739287839e-01 4.716029652183090226e-01 9.610448076577675636e-01 1.353418024068283043e-01 1.478268044615799193e-01
2.704751914464477262e-03 -2.028267421950494143e+00 5.408745049607379674e-01 2.159515081129648184e-01 2.904126869965746316e-01 5.992011504706522551e-01 4.406613995010322249e-01 8.031748299424890103e-01 6.509776147304457972e-01 1.387409878945892461e-01
2.730983575310536385e-03 -2.008411706412114750e+00 5.955262536693043396e-01 1.170289652556033011e-01 4.813476208128325551e-02 7.782267276544283519e-01 6.781095094358500219e-01 3.857972407163080542e-01 3.304835263046927429e-01 1.511744360248076235e-01
2.812611149035759445e-03 -1.968756166679354269e+00 4.335041828588254154e-01 7.613115324918162674e-01 8.249807712043483177e-01 5.606370050850880693e-01 4.775408982294477855e-01 8.021598576852024820e-01 5.145729217561617608e-02 1.474320733174386833e-01
2.787303603980148970e-03 -1.967590693120665923e+00 8.407045557728944907e-01 6.976349464905284847e-01 2.773506786772212962e-01 2.366913456943273153e-01 5.312655274190202226e-01 8.548065467201297896e-01 3.863576750741164467e-01 1.520281709163404660e-01
2.760374512378487629e-03 -1.967094926406498745e+00 4.037926009945793093e-01 4.836959483579471031e-01 7.112896944611810657e-01 7.298118044442045704e-01 6.545095208328793879e-01 5.056238387498903641e-01 4.664050942637059105e-01 1.482588773986043829e-01
2.759116833526678060e-03 -1.957346567518844171e+00 3.714392652455882349e-01 5.661830920162673753e-01 2.777429696877197762e-01 9.614824148663575487e-01 5.489523588594361625e-01 2.581053403025005410e-01 4.340663698312967056e-01 1.474679583089479329e-01
2.746209834461664587e-03 -1.951831407540128627e+00 5.697511025285898478e-01 2.571627957624043614e-01 2.158404736656429623e-01 7.610083082506486907e-01 5.841670760039582300e-01 8.203141697905408369e-01 2.840014648347262693e-01 1.509920580627329145e-01
2.771389883266347186e-03 -1.932500087652537113e+00 7.459962147015855027e-01 9.093013072155854415e-01 3.595253829499678311e-02 6.796183855137505336e-01 4.568979520349600310e-01 7.893831941765619975e-01 6.764562100359096108e-01 1.496025123717795724e-01
2.748344823044147813e-03 -1.930646115345176828e+00 3.949602491101767976e-01 5.636178629731393164e-01 2.816638814431853821e-01 8.498709530239041410e-01 4.619794083748942626e-01 1.463664965261157191e-01 4.188299095676021322e-01 1.454488939511301981e-01
2.725277665499566820e-03 -1.928870563137227157e+00 8.603764715624704351e-01 9.272655516327374947e-01 1.590504258152407036e-01 2.700305536782208193e-01 4.439406772363737042e-01 8.593506010978196885e-01 3.861600301997101803e-01 1.478055002235548754e-01
2.744614084793242561e-03 -1.911596323364696204e+00 5.433326518172147956e-01 6.364463439560037461e-01 1.218259597104158209e-01 8.230829369612735480e-01 4.459285638738768598e-01 6.818168404566657959e-01 7.735244852272735727e-01 1.436524004081782824e-01
2.749857484714700318e-03 -1.899483631796821337e+00 5.025348836653417139e-01 8.280024610945559971e-01 7.365786343824509697e-01 5.083109588705925219e-01 3.690544638685010481e-01 5.522226220560002563e-01 3.419909146891052520e-01 1.403019815902330492e-01
2.747659898443159665e-03 -1.890079033361920624e+00 4.109054089422650158e-01 6.341826442328757363e-01 5.846452403167525791e-01 7.820340008372825835e-01 6.353769056689732020e-01 2.619713230354694944e-01 1.587525009507782525e-01 1.490925777277779252e-01
2.801069678529630267e-03 -1.860623182853673674e+00 5.282202308034581462e-01 1.990815698307266679e-01 4.691490706559929280e-01 5.136153607696593015e-01 5.100241260668634258e-01 8.960492096272659746e-01 5.711013242734966910e-01 1.448418759204793682e-01
2.789436924868991460e-03 -1.854580717072642049e+00 7.231512297821716118e-01 7.874959420053782022e-01 7.835445500522553175e-01 5.646727265519085881e-02 5.766018700151439580e-01 9.309264193861770398e-01 7.461083646307486994e-01 1.476121697223286289e-01
2.806749462098662596e-03 -1.838189353150573524e+00 5.784195196748223022e-01 7.927763782837560225e-01 6.190492060132973817e-01 3.316156733085967034e-01 5.749331283287216765e-01 2.367175256300896313e-02 7.998352659479468496e-01 1.491842264047330835e-01
2.811860376524495404e-03 -1.826165990242904380e+00 2.968933650510877098e-01 4.481919188856012815e-01 9.246180635439864570e-01 7.840452418091158338e-01 5.163745882280434962e-01 8.519246377820619553e-01 1.990404516225073583e-01 1.456139859604036191e-01
2.799252516406612688e-03 -1.820455805481177691e+00 5.615316694038547940e-01 9.485651379605777311e-01 5.613376667559064614e-01 4.721590697061696651e-01 4.602541371583903085e-01 5.750396633435237437e-01 3.549051659449345419e-01 1.455460501682498131e-01
2.811494045482975344e-03 -1.805888116130500487e+00 4.766383425909597737e-01 3.032092234559802257e-02 2.260084177247602966e-01 6.397712555710104443e-01 6.054878769775849934e-01 3.080021968942303068e-01 2.240715329535187816e-01 1.474372256487690991e-01
2.811110266255446855e-03 -1.795820547475407203e+00 9.707851386725119269e-01 4.096388563083367407e-01 4.775576277298299033e-02 4.739207838959191843e-02 6.871794162797717487e-01 1.396451109719132333e-02 2.142738960643641721e-01 1.555150108586812741e-01
2.840587050533488304e-03 -1.775185244952121932e+00 2.564194711554069750e-01 2.886503826603097900e-01 8.894854477702940354e-01 8.220917679994486083e-01 5.552627938876858460e-01 5.669908848753564268e-01 7.485973080153535131e-02 1.474607186710706619e-01
2.832813100946295591e-03 -1.767721655526972357e+00 8.638352703450716819e-01 8.693788643189064302e-01 3.864224426413143121e-02 4.129121461050028197e-01 6.078094807136760203e-01 3.768193704660050547e-01 9.887440526252674333e-01 1.495869360503904455e-01
2.807178794722940685e-03 -1.766607829063734147e+00 5.335005615650632027e-01 7.103851178249150911e-01 5.194929290488514706e-01 4.286976205662920147e-01 4.540119608600555745e-01 3.226685129219482584e-01 4.178902278865447295e-01 1.465684651713585473e-01
2.780421113569058172e-03 -1.765981342868712334e+00 9.594480948335282200e-01 5.956483858160774858e-01 7.786387331389105215e-02 1.472670918841027243e-01 4.948963574479109395e-01 6.125793267428291111e-01 6.806503156189890325e-01 1.494247620187108827e-01
2.760709196275428715e-03 -1.762892055273824754e+00 5.370028877261708855e-01 4.713873390831505583e-01 8.702694515634664674e-01 1.562621252385874571e-01 5.840483345739261312e-01 3.905354845962940580e-01 5.386359755026388640e-01 1.465117775269208222e-01
2.737317228062900124e-03 -1.761197248625913314e+00 5.459127648508823594e-01 3.044847065993679380e-01 5.291763740311256070e-01 3.780528236422559529e-01 4.384013946669480521e-01 2.671128105520728102e-01 1.320894357214974502e-02 1.412571653576408515e-01
2.717695053528592156e-03 -1.758187379637670134e+00 8.596301477910673894e-01 8.300632120502240419e-01 3.394205536240540999e-01 8.270539648646019204e-02 5.335878492218630864e-01 6.198072395746357932e-01 9.700401624682900570e-01 1.461944331978570488e-01
2.693198899341636698e-03 -1.757037743261465446e+00 6.619011282634402749e-01 7.674217673081971114e-01 6.322255122266545735e-01 2.069164692115880166e-01 5.807043719975313323e-01 4.991715758589224672e-01 1.722165965579244284e-01 1.506556310755498562e-01
2.715491562017305523e-03 -1.738590339489609171e+00 6.489283541321356763e-01 4.007199172301170176e-01 1.271129705929143205e-01 5.208384406307434711e-01 4.545241358042440560e-01 6.923671393921567718e-01 3.749858261860615771e-01 1.479153956098475664e-01
2.691894109999005795e-03 -1.737114173062947797e+00 5.617954220904777252e-01 3.243908776127919502e-01 5.857362075205291285e-02 8.975364072555792605e-01 3.357677419508767747e-01 7.829309115870395352e-01 4.128160402558908593e-01 1.341144521425831349e-01
2.727141607231620222e-03 -1.713901137012276532e+00 6.385416429492724033e-01 7.304733353355041814e-01 7.595724515393357246e-01 2.416691299638623613e-01 6.505393547140229105e-01 7.460756489681072967e-01 6.448305322601891598e-01 1.514441824080646481e-01
2.700120905171668820e-03 -1.713654534038334454e+00 4.802382536035130212e-01 6.394331182354807686e-01 9.263497433642289280e-01 3.650836719231193017e-01 4.847831648697998874e-01 6.183615613585085047e-01 2.996746115549140388e-01 1.481413616011537926e-01
2.699026996556603067e-03 -1.703855667691479558e+00 5.005387211577537743e-01 4.799025747996772950e-01 3.762280678519165367e-01 5.925739197262618330e-01 3.974350067180094648e-01 4.639216671828461092e-01 3.569652333144102685e-01 1.437121046834195781e-01
2.708159667926795817e-03 -1.690273607593836713e+00 5.086602799932297136e-01 4.267411216963366005e-01 6.898332621827771849e-01 4.341890675225001939e-01 4.551104304426401015e-01 9.798992167758526772e-01 4.789996763597659246e-02 1.458713942951642140e-01
2.682190534000081228e-03 -1.689705016745238542e+00 5.162318120008875244e-01 1.826617251954387733e-02 3.631362318090766705e-01 4.042486561929594102e-01 5.324808877557096753e-01 1.453990562420048871e-02 1.756763709158135900e-01 1.453601209909859970e-01
2.681161299147396572e-03 -1.679884737964734365e+00 5.209061745666100363e-01 7.110822850149283170e-01 7.872597282006184027e-01 3.343790520794296395e-01 4.852883078186974730e-01 6.664171044030096080e-01 4.406921708272427685e-01 1.457054650279780983e-01
2.738904245053323892e-03 -1.648372747726038590e+00 4.326923692442689040e-01 1.350863869355740654e-01 7.038941337414250654e-01 3.242607461729859475e-01 5.953539981069423392e-01 1.299463134231921280e-01 5.201031977364589665e-02 1.491173570528529502e-01
2.714565558303679710e-03 -1.647094670719017717e+00 2.921654240243674039e-01 2.729715502068897348e-01 9.049988803441539886e-01 6.766932405519108240e-01 5.853740103224469582e-01 1.453913191579596087e-01 1.951183614067690808e-01 1.464015278484701865e-01
2.702778862876781610e-03 -1.641242062099432797e+00 5.446334126132773568e-01 6.207385761780321864e-01 6.737107084508178190e-01 3.926207925725714309e-01 4.083323258959744018e-01 8.737560793828954564e-01 3.531199627958828691e-01 1.411753140922925032e-01
2.715325015183787157e-03 -1.626406775523653980e+00 6.347444195385826271e-01 6.366376880136004335e-01 6.083020087927204500e-01 2.077084291486953060e-01 5.563747052987281227e-01 3.333077078448594133e-01 5.499420870772868675e-01 1.471080794643000178e-01
2.698486550605935785e-03 -1.622423272007195383e+00 4.617056110122029766e-01 2.267046049222409820e-01 5.385836945498880812e-01 4.945925521563668825e-01 4.689682924660130703e-01 6.434325548391663929e-01 9.793265700809788976e-02 1.432033577591300677e-01
2.680791008565178591e-03 -1.618798365989180033e+00 6.978316057232973879e-01 1.556584318312060344e-01 4.781309966834862424e-02 3.421803597636015049e-01 5.207370656802683406e-01 1.640511233077934228e-01 7.438139119771579599e-01 1.469883974169531871e-01
2.663462291009612796e-03 -1.615079298189020740e+00 7.341804365833666246e-01 1.216390087592815750e-01 3.096579231369458451e-01 1.904125754041305352e-01 6.352857696729896642e-01 5.807618310519022664e-01 5.789396726874792565e-01 1.492260278573843690e-01
2.714371565236281970e-03 -1.585941647238907404e+00 3.728705074298154787e-01 6.958155550442493009e-01 9.282828987949298671e-01 5.894810561203382981e-01 5.051102278176372584e-01 1.590438672106205265e-01 1.224789503982863237e-01 1.491043251803893521e-01
2.699215497960279382e-03 -1.581336850035151897e+00 7.106046451474983261e-01 8.893559072785379715e-01 7.567153196003264526e-01 6.457202233726905272e-02 6.341014533583958501e-01 6.001928801942982838e-01 4.485084509893306759e-01 1.515269191852886832e-01
2.701009073888366654e-03 -1.570468508622125503e+00 6.232603098384977836e-01 8.612168064239166254e-01 5.272057143107772292e-01 3.259575132737825842e-01 4.358980146401122413e-01 2.332118064453534423e-01 4.879234919954089644e-02 1.433269084343942457e-01
2.684443667655828959e-03 -1.566416354885728390e+00 9.455856073233196435e-01 6.546220890749000487e-01 1.479950586861103479e-01 4.099324412625526826e-02 6.610465722471453587e-01 1.234003557840253062e-01 7.632925101466853102e-01 1.521565292316190698e-01
2.700936949732197969e-03 -1.550087048384155342e+00 5.886634071614718078e-01 6.178104266154201829e-01 6.038758780993853659e-01 2.668114799995828235e-01 5.508718935388668969e-01 3.725638121681844606e-01 1.271623170846269968e-01 1.513486415800254781e-01
2.677445983828422027e-03 -1.548618348954918345e+00 4.747861854487894218e-01 5.284404251602590197e-01 7.974849034281401572e-01 3.582396002494729337e-01 4.681230835772630661e-01 7.989536181124806680e-02 5.650018066970663444e-01 1.429266895264053316e-01
2.660000046595875200e-03 -1.544951476040649307e+00 3.592277715266613547e-01 4.614020930220745775e-01 5.801929687045742634e-01 8.315464668953720384e-01 6.253735364726182855e-01 2.072120241110906869e-01 3.348351864191470018e-01 1.488508595269583401e-01
2.638829694698906561e-03 -1.542738013308529332e+00 9.024418587548551640e-01 8.538592259887243241e-01 4.566054153568140928e-01 7.364642931567688677e-04 5.947554211531775881e-01 7.977145387780650854e-01 3.753191860122306878e-01 1.527634910513706035e-01
2.641589741151406049e-03 -1.531488542483826487e+00 9.172325779557811698e-01 4.386216992714372931e-01 6.274838453518849501e-02 4.001181326282367556e-01 6.798103692131646225e-01 8.114341311282585734e-01 2.860646719011280537e-01 1.566056808960681890e-01
2.648638445701121877e-03 -1.518619657567863657e+00 6.508555462572205297e-01 5.722730577730457124e-01 1.947001151515890816e-01 4.943530506010702652e-01 4.816511980794722647e-01 5.832728692260192860e-01 8.656791374202981171e-01 1.464057725882667582e-01
2.672320035622499472e-03 -1.499514267507987109e+00 7.328107830833789915e-01 6.593896925487420235e-01 1.469480777422979001e-01 5.891692455487153035e-01 4.825441794011844365e-01 9.119511018303907424e-01 5.091642224131712746e-01 1.485405017854799226e-01
2.694406979234546199e-03 -1.481079072851621659e+00 5.601032816277988768e-01 4.870374065664330732e-01 1.501567503742242682e-01 6.330432812065434067e-01 4.102025621324649207e-01 2.693884971166237152e-01 6.761605148589970860e-01 1.423044058774210752e-01
2.720594501606583750e-03 -1.461202703362789457e+00 6.349494335949014134e-01 9.501639106463202200e-01 1.480554020738987786e-01 7.366117559158738004e-01 4.096880559087062723e-01 8.530045489067804576e-01 6.599593606829756709e-01 1.448245190219888956e-01
2.705795977624761515e-03 -1.456452914312138081e+00 3.984929433769324181e-01 1.342643806198834389e-01 5.101887679064774916e-01 6.296399498130419436e-01 6.392491220531371088e-01 3.067437223401401347e-01 4.395415003820739019e-01 1.471445702130923794e-01
2.681533632525679670e-03 -1.455256081498232268e+00 7.402764753105419704e-01 6.241274282900216575e-01 3.827613047666831303e-01 2.258216592559935121e-01 5.505087615875308149e-01 7.463879383064115913e-01 5.139560286556751345e-01 1.486262891554507581e-01
2.662738058926351209e-03 -1.452085942815758868e+00 4.934336690047281815e-01 3.430440371177255199e-01 8.628525169578772358e-01 2.131955602948613637e-01 4.836862087858587178e-01 5.836725676090837034e-03 4.297913127267000144e-02 1.422070916664186502e-01
2.636584788789269121e-03 -1.451752360952232479e+00 4.942507773015958339e-01 3.416311198854509179e-01 6.267195276058200593e-01 4.101516381991821558e-01 4.298939332214623543e-01 6.233490798477395733e-01 1.404969505325266987e-01 1.452046492399162170e-01
2.630670912722477342e-03 -1.443793804840618034e+00 9.043704863032635544e-01 9.975727469665669478e-01 3.115946425682604715e-01 1.394864736376708603e-01 6.057417080886090544e-01 6.567565868179905397e-01 8.989609563322120689e-01 1.522079113012871354e-01
2.655770463382410140e-03 -1.424093830799345151e+00 4.328140673898852597e-01 8.324557722254348757e-01 7.332023423595204203e-01 6.155742482763582046e-01 6.126708827181206463e-01 7.726797426088782839e-02 3.279230265509245901e-01 1.487808144427671120e-01
2.657279752294654761e-03 -1.413321605109487011e+00 5.356217341628446427e-01 4.375497904771458724e-01 6.507440547229874639e-01 3.347355951836012977e-01 6.205865081872483646e-01 3.314548767506805271e-01 6.657640521988559268e-01 1.494684895378644018e-01
2.662891181426914420e-03 -1.401008030649233405e+00 4.928785939030168040e-01 4.418706009984749716e-01 7.963003124290344292e-01 4.048319707848117566e-01 6.670818348147421473e-01 3.312570615976918043e-01 4.600047708480405895e-01 1.501699260906108058e-01
2.638562098581061395e-03 -1.399982282712808557e+00 4.455939619128531648e-01 1.042692294068034986e-01 9.624003253999717789e-01 3.041164709719577641e-01 4.689661377208312332e-01 6.653300790762368688e-01 9.245974657440386713e-02 1.393959079336757889e-01
2.635698163646402539e-03 -1.390864205590268243e+00 4.723087038362855372e-01 1.518400328698077395e-02 8.215253829504904903e-01 2.298752997605861548e-01 5.370478704665276881e-01 4.412316425577693102e-01 1.107968022521543250e-01 1.442185777962934068e-01
2.609178971806588952e-03 -1.390772626938437062e+00 5.749706009837783904e-01 8.239545013324306444e-01 6.539619550915359847e-01 3.884538564116746251e-01 6.616875718285807340e-01 3.033213558474845417e-02 8.364487699824436628e-01 1.486353228734170473e-01
2.600062524353966703e-03 -1.384068654397016207e+00 4.417861253072880023e-01 5.346614343787632340e-01 1.297118397129298772e-02 9.223675820886118037e-01 4.399420705442904089e-01 1.219583249698537597e-01 7.814446248858045729e-01 1.423536131744760347e-01
2.619450618825958955e-03 -1.366435457016596855e+00 5.236950223796726922e-01 7.178101600174597863e-01 6.882702605296755483e-01 4.505152402803722089e-01 5.611472268539189345e-01 5.339593165548573994e-01 4.012610980796698090e-01 1.477996656926887364e-01
2.638680738407600708e-03 -1.348916911742179980e+00 4.876656559536265423e-01 9.767417251333743167e-01 4.305952462556936200e-01 9.697794573452711564e-01 5.369544968345418834e-01 8.068692898785512213e-01 1.980375114333952913e-01 1.483134558814338533e-01
2.685325571446108440e-03 -1.321189925796215192e+00 5.014522800527662083e-01 7.695619853913115982e-01 5.455466880511417038e-01 5.527005052782085759e-01 4.144197963780364979e-01 3.444243181175504764e-01 4.872366824468461477e-01 1.445473421256392443e-01
2.848246489291181814e-03 -1.252084282422323502e+00 4.964760243145509566e-01 2.867320119680173418e-01 9.264761110303953995e-01 2.110461202995696228e-01 5.832928907719110434e-01 4.526578689440627357e-01 4.411307715498557491e-01 1.476209593264838082e-01
2.820994496307975899e-03 -1.251494257754540262e+00 5.838318912222785206e-01 8.406302385901109897e-01 8.379792168122378593e-01 1.760769527991376537e-01 4.738316811448068933e-01 5.343126260832633534e-01 1.351826856860406378e-01 1.468060088190952794e-01
2.809008735252134341e-03 -1.245547999313250331e+00 5.872075564173784290e-01 7.694847231489044814e-01 1.849297276360685194e-01 7.765768334468853284e-01 6.338831844180973230e-01 3.353448044276663431e-01 5.546878847184104622e-01 1.490303745290276205e-01
2.785632712246108138e-03 -1.243700542233000750e+00 7.121075488762390604e-01 6.882869257980621658e-01 1.775384817540863192e-01 6.373356601484342354e-01 5.092641614190828170e-01 9.386200613645923063e-01 5.713723216496077173e-01 1.498645114347016138e-01
2.788275596592641389e-03 -1.232548154888033487e+00 4.994074382139062074e-01 2.548779172815764937e-01 3.617261315544488265e-01 4.894755690244030344e-01 5.537870327480878263e-01 2.934192965402999120e-01 1.347895869912479339e-01 1.482273575002772681e-01
2.767450663341336579e-03 -1.229840853985736615e+00 5.550768221390903756e-01 8.067409322281868800e-01 6.438493491868737539e-01 4.560280176120595774e-01 3.814739180355516401e-01 7.617097016316416447e-01 5.374593019580345965e-01 1.408812167673467730e-01
2.760613312889902225e-03 -1.222110460779045837e+00 9.062085106960866554e-01 8.009640067763659221e-01 1.159471571106795995e-01 2.891664759435447762e-01 6.655106445536976834e-01 3.321569604627848116e-01 3.052404123856853890e-01 1.554299429551898315e-01
2.735016301616283868e-03 -1.221221852776815053e+00 9.316697360005323780e-01 4.710241217818219583e-01 2.164497019029544278e-01 2.759463237625603416e-03 5.908362880458152278e-01 3.216660191524385315e-01 9.040526143747870114e-01 1.486497166346879284e-01
2.719601714716613893e-03 -1.216669726198715606e+00 4.641681573212568246e-01 1.905567595318948815e-01 6.600756014567644714e-01 3.795090984816090751e-01 4.748190611981364939e-01 5.303170831413456243e-01 1.762491932764190805e-01 1.434124811131440580e-01
2.699225015414108333e-03 -1.213986385258472911e+00 7.678073105535849763e-01 8.829695089135392028e-02 1.896977828097584640e-02 3.806779190042479666e-01 4.984962431754050849e-01 6.287443465336396420e-01 7.979081540997479127e-01 1.482876158249192278e-01
2.676404165538085692e-03 -1.212272839785370593e+00 7.830223642531148887e-01 7.646081948372491777e-01 4.463546037526838761e-01 3.926129516037502043e-02 5.660566413923446838e-01 5.086214585513681996e-02 8.135339780556298805e-01 1.470708719947584342e-01
2.675274746592117611e-03 -1.202490838393809325e+00 8.687749976021569287e-01 4.534637783649041465e-01 2.337676527969876628e-01 5.649672075905809443e-02 6.806689149925705395e-01 1.624385105489301040e-02 4.439084235553147351e-01 1.530126253963257354e-01
2.654390238257532154e-03 -1.200123877964283103e+00 7.146556916857266240e-01 9.770363621216749950e-01 6.846472898952873365e-01 1.661777817007885072e-01 5.730945982749835466e-01 6.714640323795876276e-01 3.083579741171811883e-01 1.527984555783222786e-01
2.678455297732995535e-03 -1.180894512300446841e+00 5.264991277689526905e-01 5.486036563290295209e-01 7.609510461062114484e-01 2.165001125005374116e-01 5.022705459160204944e-01 6.772902169192274169e-02 1.172023955321667699e-01 1.483596767238699043e-01
2.667644706579440188e-03 -1.174734726838824850e+00 7.713201737271617731e-01 2.339671324529724039e-03 3.377631637145305232e-01 1.276899332288695676e-01 6.816874769934602174e-01 6.129216445305976091e-01 6.425672440064895685e-01 1.507009981604270077e-01
2.648991219124177416e-03 -1.171547700447830076e+00 7.572551850398945295e-01 4.924827630562335634e-01 7.278070224335492222e-02 5.957773390063952901e-01 6.087433961652886083e-01 6.892557771202703076e-01 8.982589519206254369e-01 1.503592878565506996e-01
2.626774413699461963e-03 -1.169765879506385220e+00 5.687241956337281135e-01 9.152840673748180444e-02 1.265728341729558393e-01 7.851138858940395204e-01 6.363777402151766793e-01 7.076479909417554559e-01 3.067876149205275849e-01 1.491924940067191896e-01
2.602125017510726647e-03 -1.168990007042972401e+00 4.749231506861575358e-01 8.712696538955349013e-01 4.884430417405750124e-01 6.446726741480428569e-01 5.322613707162692220e-01 1.789605495229929510e-01 2.743423444788404275e-01 1.482524732446936500e-01
2.576564560902746930e-03 -1.168657404974613456e+00 6.429098431865529761e-01 2.503317363890089631e-02 4.347343161955485313e-01 2.298519465454030297e-01 6.621869608415089647e-01 5.202687768944987967e-01 2.419900460336643633e-01 1.531907671810285587e-01
2.561449967397463282e-03 -1.164336777746912022e+00 7.692325522224587875e-01 8.116251759973177604e-01 1.905893276974256478e-01 2.856783211765138719e-01 5.211512267442085511e-01 2.287364500903027453e-01 2.299946936059661662e-01 1.502394465355061104e-01
2.539634486453492754e-03 -1.162686020075742732e+00 6.893681259632324920e-01 6.545155613209963086e-01 6.497166662982070129e-01 2.445431291984099531e-01 6.080973971853257387e-01 9.016080437447839824e-01 4.764321663571507992e-01 1.516913604182996422e-01
2.521830075723374264e-03 -1.159517247669486384e+00 6.324598019979131847e-01 9.001324004022690506e-01 3.191025769619493246e-01 7.982543966587425377e-01 5.753582118699298587e-01 9.839331031579822140e-01 8.347375222142476847e-01 1.486947764882450562e-01
2.509660274217543133e-03 -1.154150629448904120e+00 5.079888563604748608e-01 3.754235073766176711e-02 4.997656469487959940e-01 4.918110616824222237e-01 6.380750140265195602e-01 7.918171655092121064e-01 1.881973084441483923e-01 1.506346211818442027e-01
2.529961223074386062e-03 -1.135889967108236309e+00 7.247705252997557190e-01 5.978105418557358997e-01 2.667046707474144407e-01 4.374181295944177261e-01 5.158760908546458079e-01 9.653650961010301623e-01 2.647800221581727564e-01 1.496123678099221532e-01
2.517460069598676659e-03 -1.130639376897297543e+00 4.536283553394225843e-01 3.358669863438310532e-01 9.143407457138001959e-01 2.919333706373385962e-01 6.125333591106204567e-01 1.368521034902782652e-01 5.058211502810303628e-01 1.470307658475952517e-01
2.532911755551493869e-03 -1.114316247123020354e+00 7.148842862028323974e-01 9.654755018846046255e-01 5.218422774713730172e-01 2.305139346684382806e-01 4.585445605438931982e-01 8.119067734535192482e-01 8.123081908932052730e-01 1.452335463221826606e-01
2.517483928088163660e-03 -1.110221736470179854e+00 9.049265554917140797e-01 1.617191303594766594e-01 3.318606444960381374e-02 2.069405986532882880e-01 5.969880631495434464e-01 3.853163272533733918e-01 8.436475909017263630e-01 1.494591527455874647e-01
2.494664941323599099e-03 -1.109123188220702660e+00 7.866599700983760712e-01 6.264654037531149910e-01 1.942107096725047555e-01 2.617111980243849723e-01 5.320434656582126998e-01 4.531851143268169069e-01 2.927054690930531722e-01 1.498979847606136673e-01
2.494665835648696151e-03 -1.098918748093035802e+00 7.118682642972480323e-01 8.792274156086948844e-01 5.165387824997191846e-01 2.816561816548038277e-01 5.806783342060194419e-01 7.565304516691859771e-01 7.569887667936580078e-01 1.486130617966942014e-01
2.499121428381437943e-03 -1.086930211625011466e+00 7.246322846360719883e-01 3.871499075160397818e-01 9.487144768501359904e-02 6.307931776872583995e-01 5.625577049360598325e-01 9.479124151352256167e-01 3.493298565067504136e-02 1.520177923422867117e-01
2.486672062008929776e-03 -1.081720076199678582e+00 6.715905704193484427e-01 7.392448015847185028e-01 7.745847171749635773e-01 1.713725599848392178e-01 6.115933875469631298e-01 7.649598818267542288e-01 9.481764377997845550e-01 1.496887965993052294e-01
2.477290480309526140e-03 -1.075295875172238125e+00 5.159804210157028503e-01 3.147944822396452347e-01 4.640995650720158294e-01 4.390241739578885638e-01 5.760699172893147813e-01 3.047336048399918451e-01 8.286256055864036352e-01 1.456294982130212634e-01
2.453689329159101668e-03 -1.074664467648392963e+00 8.794692845586946639e-01 8.021757372659763519e-01 1.491709496616708264e-01 3.961852421399065793e-01 5.171340919589683116e-01 9.919027907832350666e-01 7.220136275247895918e-01 1.489649741026902730e-01
2.443387429542867844e-03 -1.068667759238931314e+00 5.494507095946497000e-01 6.876799180238548637e-01 3.849498653839711904e-01 5.732259912672934554e-01 5.043567709475273997e-01 3.829182568264888897e-01 8.370842173357420091e-01 1.458175246699855154e-01
2.433503638117264813e-03 -1.062516999618419611e+00 6.618036332645875763e-01 2.768059991654945318e-01 5.887787319496647909e-01 7.068121066208127301e-02 6.247679150580217611e-01 3.752248516852221272e-01 5.596911961163080207e-01 1.510581754673460952e-01
2.409999254048098005e-03 -1.062018525311406725e+00 5.501579885171252737e-01 8.521555437581379566e-02 6.610625873758879667e-01 2.375241044209689678e-01 5.833301603475247177e-01 8.518450856925464665e-01 6.812932587124318484e-01 1.461540435805927796e-01
2.408162840853725339e-03 -1.052576731558289680e+00 5.515916141526281402e-01 4.901313843035595696e-01 3.599056348895968149e-01 6.568359815989379680e-01 3.689243150725686204e-01 8.730097692721529024e-01 4.817338747843931124e-01 1.367747143906693774e-01
2.392566215262756455e-03 -1.048870279882127221e+00 5.439546143529883082e-01 2.396489321780838067e-01 9.231478977654906659e-01 1.846413503648453025e-02 5.339564114661913274e-01 3.885853685259205159e-02 1.537724319839562370e-01 1.438093021559619100e-01
2.377645616892882976e-03 -1.044921956926048168e+00 7.305367332180636719e-01 4.319549869303129785e-01 2.537812330413091733e-02 5.470931057251995355e-01 5.786845873054760059e-01 3.059372990059596176e-01 9.619683439212507459e-01 1.484393830096526201e-01
2.385756386043825106e-03 -1.031312419703289684e+00 4.718558732340263351e-01 8.501244643176686377e-01 5.104796075284038226e-01 6.279528103067835154e-01 4.677078769789109747e-01 3.420206193595603517e-01 3.397374311741240827e-01 1.472795959326697601e-01
2.363125396433094893e-03 -1.030639491706011324e+00 6.153155963398427852e-01 1.625787160926677188e-01 4.346719940632977619e-01 4.129125192114825316e-01 6.635559991171979810e-01 6.979533195470962736e-01 7.270273638737960731e-01 1.491554749573212879e-01
2.342173296240269206e-03 -1.029341216077595211e+00 5.861533221162824603e-01 6.522277448423711155e-01 7.243341422439022459e-01 1.922589755596258165e-01 5.616258164037567502e-01 1.707169796637959536e-01 9.471818450243516541e-01 1.469058123119213466e-01
2.383589787172861376e-03 -1.001608726603130828e+00 5.688220037784519345e-01 7.421603043026140378e-01 9.186635175546336018e-01 1.850376106944815469e-01 5.205340459509987250e-01 5.982690047958879598e-01 7.422920205536029936e-01 1.469592552488182546e-01
2.364272648135557972e-03 -9.995418839449448090e-01 8.196259821585696326e-01 7.430646690291949907e-01 4.390814442747749125e-01 1.326268599596246434e-01 6.159178682662306281e-01 5.840281444870636385e-01 8.248596417824640703e-01 1.498556156974104603e-01
2.340388335364962900e-03 -9.994913577117068293e-01 8.675830729654329110e-01 5.349735811862512680e-01 2.780357588275323977e-01 1.005121179905282269e-01 5.499096568166391696e-01 6.374924506410888370e-01 6.023405247434170384e-01 1.490986621964681125e-01
2.327343574531075005e-03 -9.948766265586692636e-01 7.995193530088927636e-01 2.406646109710549597e-01 2.118814380135263242e-01 3.375760846511003388e-01 6.234551797453687927e-01 8.659754547360056787e-01 4.279197431968099208e-01 1.527783317383246686e-01
2.336181748804320307e-03 -9.808821999651723411e-01 3.842136871219583583e-01 7.333223395683196033e-01 5.636750337307613323e-01 8.828112963453200734e-01 5.070162018838496598e-01 4.903221200454816464e-01 4.401432511176310847e-01 1.473594331038224348e-01
2.336188115653030015e-03 -9.706753930137230757e-01 5.562837804302349642e-01 3.643906854152223485e-02 3.092600730198450942e-01 3.490785667448885743e-01 5.673437261011869959e-01 4.267462615489470146e-02 5.794672081482470372e-01 1.460327137269882558e-01
2.314354220221247291e-03 -9.698612079907444894e-01 5.285967663122586035e-01 1.721018682755369178e-01 1.884967016883862256e-01 8.311499946077015588e-01 5.294654656675326088e-01 9.018066294177369269e-01 4.697208538247583665e-01 1.468720686057171931e-01
2.291181229845781504e-03 -9.697203149635357233e-01 4.729239063314958913e-01 5.594053897070678794e-01 7.728121237011110756e-01 5.254425152942948651e-01 5.873395949983106767e-01 8.003245708900665889e-01 6.403738778067075144e-01 1.468336092189994335e-01
2.272870322970997354e-03 -9.675402466042242189e-01 6.040028543631308366e-01 3.090556649356838159e-01 6.883425436738317416e-01 4.958908875262263427e-02 5.971710802227185866e-01 1.551270930125394631e-01 1.831642337906201345e-01 1.500283296507065600e-01
2.269146159428464451e-03 -9.589760376543520204e-01 6.395228109245698622e-01 7.583970991738345768e-01 1.174599932796953627e-01 6.950003588123538911e-01 3.644604717189231513e-01 8.508922467589776772e-01 3.471879775198846163e-01 1.449681131907635256e-01
2.264464715744630551e-03 -9.508371731197869936e-01 6.173211117186336860e-01 3.482651207249583547e-01 3.046218693196350857e-01 4.346028883849068492e-01 4.395569484214216227e-01 8.809351952031522215e-01 4.727753802423887985e-01 1.450470390407087862e-01
2.244160552671022046e-03 -9.496399612654081723e-01 5.022416499529164247e-01 8.633253392702513462e-01 8.367929896931816103e-01 5.496810277609955886e-01 6.069122485684760315e-01 6.171850041233699624e-01 3.930391238507616181e-01 1.501616206872971038e-01
2.230547343411288380e-03 -9.455204114387804060e-01 6.093908873105305934e-01 7.835596406328421137e-01 6.400297319008149133e-01 4.258800115519922325e-01 5.684061268297316838e-01 8.810946570737401284e-01 2.936867915152283071e-01 1.518081790407244946e-01
2.209264426258781156e-03 -9.449037093076562144e-01 6.004628429869198758e-01 4.807953376242037336e-01 1.168314748249373869e-01 6.563108266076818076e-01 4.105329517337331091e-01 6.668094013872332138e-01 3.724631337648111051e-01 1.437849114870963507e-01
2.187452680361526552e-03 -9.446215418236759698e-01 4.773919539781399379e-01 2.544466921273116355e-01 9.940144206456410503e-01 1.336022984736543462e-01 5.263582422810838546e-01 2.337455104639912795e-02 2.449083881199678459e-01 1.464085274170889295e-01
2.202600106765240182e-03 -9.275166381508759272e-01 5.109179185081555996e-01 8.559085327025707235e-01 4.245395760134120788e-01 7.095411570924657907e-01 6.339892978730112816e-01 1.707175284830614315e-01 4.640671577648690094e-01 1.497769338905054481e-01
2.184320090465580351e-03 -9.256464770272517795e-01 5.719067444004932721e-01 1.848672713700684200e-01 1.584419498314881825e-02 8.253715202398927975e-01 4.656711725093615750e-01 8.059522499844828936e-01 6.915233068683381834e-01 1.447330325975026144e-01
2.174013224919495602e-03 -9.201721322064958519e-01 8.269954179413931961e-01 8.389869674041823266e-01 3.535762216350195608e-01 1.737361342978674672e-01 5.456222872546619973e-01 7.306227884299749675e-01 3.109355195274072781e-01 1.510800439273103646e-01
2.176925223194115661e-03 -9.086294893672686168e-01 4.610528985439347194e-01 5.719896773571173654e-01 9.621946149746989363e-01 2.651620991168460728e-01 5.546010830657283064e-01 8.657837299728865510e-02 9.367369723403817794e-02 1.483355965929137321e-01
2.184259365014536419e-03 -8.950620331349340431e-01 7.324288531773519573e-01 5.167646948342434765e-01 4.048084359581292091e-01 1.910004537546299563e-01 5.991382744254586390e-01 3.219631563901040328e-01 7.634519506387488219e-01 1.500328212246540283e-01
2.165533986135874216e-03 -8.934677832996283930e-01 4.395642907332730775e-01 2.574113473256469664e-01 9.789403940794380032e-01 3.792846570944983786e-01 6.158831081964770693e-01 7.878417301002020867e-01 2.101429559004591718e-02 1.501568920681335406e-01
2.147303735990107112e-03 -8.917176987318542469e-01 5.617418792944524064e-01 2.538204062566329910e-01 8.813426934066267426e-01 4.639053048762437070e-02 5.228302139894026590e-01 6.210145701541179841e-01 2.553341858967802525e-01 1.466518552992028268e-01
2.133261209536539173e-03 -8.880747028471189797e-01 6.114230609811543982e-01 9.302654757328361335e-01 1.823626793622868392e-01 5.795815798732228963e-01 4.930179424852725312e-01 1.939771915584143080e-01 5.651171520528445180e-01 1.471833338039401085e-01
2.112538429034581909e-03 -8.876322429680244541e-01 5.952214217998054169e-01 8.500360334784622385e-01 4.904214250795866370e-01 5.455338579348169015e-01 3.403757676459476800e-01 6.482832504681868002e-01 9.773029504398927925e-02 1.379692424685462215e-01
2.129454214412894366e-03 -8.694527231559886493e-01 4.695051974759969493e-01 7.185239896172389562e-01 5.813326709483404020e-01 5.360041891251530188e-01 4.811161373680089559e-01 1.202532708307954001e-01 1.982583225505765712e-01 1.474599705292722607e-01
2.120629288336901841e-03 -8.634014722868588176e-01 5.265732506143744329e-01 1.350638022360572399e-01 7.212059372690278192e-01 2.527404318221297408e-01 5.039793150412673617e-01 9.421412702374127868e-01 5.022821084502163691e-01 1.431601281091434696e-01
2.112537574830312525e-03 -8.570204024198471160e-01 7.587662234720982113e-01 6.462494609105385868e-01 2.341152503897145909e-01 3.339734301257255566e-01 6.724490458445648855e-01 1.226073647274289469e-01 6.159489134763573848e-01 1.518516886669358523e-01
2.095802828079751379e-03 -8.547694963188769979e-01 4.600646430459773839e-01 1.795241729254446472e-01 2.736105772080676957e-01 7.476274914868432653e-01 5.270305363319508496e-01 6.284290753723671408e-01 6.324096798171804368e-01 1.457570811287997870e-01
2.078380615476869454e-03 -8.529130659133901116e-01 5.787576489252793666e-01 6.445356933565133950e-01 2.485602594660556164e-01 7.195175025238726985e-01 3.567426853402888565e-01 9.323951299779440482e-01 6.817552120240100155e-01 1.405421353306068044e-01
2.057286313577964994e-03 -8.529102336525355987e-01 5.604685597064814617e-01 5.148255131556054298e-01 2.076278725636778455e-01 6.358257297236967753e-01 4.031576791951012040e-01 4.591197619265123264e-01 2.129791657488763756e-01 1.423055296689028915e-01
2.036508298232958102e-03 -8.528572200318857988e-01 5.315473066426981141e-01 3.412368717470415369e-03 8.457471855911864456e-01 9.167171862611939170e-02 6.059290826885443959e-01 7.647461599624532091e-01 3.472530420346693902e-01 1.491915930592767059e-01
2.016870994597617841e-03 -8.523425633721743999e-01 8.978708832048791777e-01 2.600889999576991851e-01 1.499268878370977331e-01 7.390867118180266537e-02 5.963981654707612989e-01 4.308068633092295707e-01 8.146095256073349056e-01 1.492694222519772851e-01
2.005683641607077222e-03 -8.477008085922534963e-01 4.497214815988878622e-01 2.067327573300876131e-01 8.141695899092125099e-01 2.612508300619609813e-01 5.870372911774826008e-01 1.731453223709907840e-01 1.153663544797214890e-01 1.480111060059690897e-01
2.003666630769747499e-03 -8.385028805109101535e-01 6.020446732497719555e-01 2.966796130209327642e-01 1.258627590662628193e-01 5.946188564802389331e-01 5.348398030751259080e-01 4.345775982218247901e-01 7.080197316877048230e-01 1.479861445574645329e-01
1.991597479165747343e-03 -8.343405462996701383e-01 5.033968181461148106e-01 3.286721988000504968e-01 3.041891112487873361e-01 5.742029696872501532e-01 6.233436504075489104e-01 3.074022928994946113e-03 3.368639063811859069e-01 1.507184843567304644e-01
1.980032956717169522e-03 -8.299600453443297665e-01 4.000262463428204129e-01 1.147078215642191590e-01 8.847756775234996152e-01 3.900499999173016041e-01 5.342550244865114095e-01 5.417936295714700368e-01 8.655995101738661601e-02 1.483368800017983713e-01
1.961556731032228825e-03 -8.291310445672134266e-01 9.385995403546190108e-01 5.978337752857673104e-01 1.086519544492151601e-01 2.234523380819569971e-01 5.901794211519741928e-01 6.087949548291630153e-01 6.429073466473849141e-01 1.521216126549647663e-01
1.953228460036717917e-03 -8.231817473751122938e-01 3.914836462732688149e-01 2.913416952977757601e-01 4.590108257492452881e-01 7.222297887694275609e-01 6.534626799994417423e-01 1.384393918284303471e-01 1.064102166340032407e-01 1.505855056581378859e-01
1.937698518140666291e-03 -8.209603518485192319e-01 5.123600501696181642e-01 5.515589891356857954e-01 9.720571297033774316e-01 2.070505563860169096e-01 5.318003156726889280e-01 5.516341758671728934e-01 4.726054743049762363e-01 1.455837777726163018e-01
1.927066561330385234e-03 -8.162582779253134690e-01 6.966591118102818392e-01 4.960986145641178013e-01 2.404398944590377118e-01 5.035992691085111606e-01 4.916314434878892303e-01 9.184048014680482597e-01 8.695687323132246238e-01 1.459220099138128779e-01
1.912046239993823137e-03 -8.138791281216720686e-01 6.344992881778515059e-01 2.970118860466618993e-01 1.490003564500963495e-03 5.545966902729728698e-01 5.155940906514391298e-01 1.017761112528708933e-01 6.290436648455937085e-01 1.462745181152086404e-01
1.897137854985483148e-03 -8.115026866128294269e-01 5.424099080305760934e-01 7.475286496616906362e-01 8.219977662578552557e-01 4.425763958040390134e-01 6.140105317169659571e-01 8.541569926083998343e-01 2.082703309944819448e-01 1.513050324484599418e-01
1.880674016620099975e-03 -8.100147312224514895e-01 5.276967918396777701e-01 2.012054807492372754e-01 4.826433380804198148e-01 5.245125935917881455e-01 5.665504858464434079e-01 8.113527073556456859e-01 3.587122706890243928e-01 1.490169133079470021e-01
1.867232111808385603e-03 -8.069837014145824217e-01 5.139234179842735450e-01 4.316867039427410013e-01 2.652098568736018791e-01 6.320303716372688285e-01 5.315808342066599135e-01 3.861461467843646522e-01 6.187195706627526270e-01 1.469047056934322248e-01
1.860217677251074612e-03 -8.005432883673384570e-01 4.780451448788429758e-01 6.406170706328315756e-01 5.864284787644211683e-01 6.330865450365537050e-01 5.790679305647226105e-01 6.032719577578041781e-01 4.085872689475513186e-01 1.492916786624957082e-01
1.857359142684672938e-03 -7.918770553216686325e-01 5.229332393648623567e-01 9.276858736158410945e-01 7.334099304986934076e-01 5.066067681365594710e-01 4.491636358062539025e-01 8.252210668019295259e-01 5.518926779293761298e-01 1.455900928209730161e-01
1.839505145364957010e-03 -7.913320440468508687e-01 7.134952316507170433e-01 1.380203640819311905e-01 5.147580829010611758e-01 2.387269402731029277e-02 6.841040748012572337e-01 3.470750480118649506e-01 3.216500131518982286e-01 1.533643842154593095e-01
1.822938334191031261e-03 -7.901748865572377767e-01 4.592527312780794180e-01 5.582033552502485563e-01 5.836211400830670915e-02 8.333920397005332159e-01 4.802554873458560469e-01 3.321592277493312650e-02 3.797321562535920236e-01 1.460013209800072598e-01
1.812495923498739624e-03 -7.857156148544004459e-01 5.477110198899238780e-01 8.532247695819084043e-02 3.920743204855787756e-01 3.553491927741381784e-01 5.390420477310239322e-01 4.577381085101397962e-01 3.825676809625619956e-01 1.455865669017047948e-01
1.796291871258925456e-03 -7.844919233485628807e-01 6.291118949196315979e-01 9.311990656282094214e-01 3.166487926082064974e-01 4.714538023959558011e-01 4.425037375797357120e-01 3.523321943411002466e-01 7.975102687878105057e-01 1.439074666820613357e-01
1.778317722092724118e-03 -7.843444927615771389e-01 9.544409240492804924e-01 9.384517024352467818e-01 1.831147802493900412e-01 2.909181377919024536e-01 6.046097721368396405e-01 9.631622926818854680e-01 6.616784799098622827e-01 1.521603526193117950e-01
1.764491206013101519e-03 -7.819458483163835849e-01 4.101526490308193829e-01 7.349421954800522405e-02 7.039256688547874674e-01 5.322115672220558702e-01 6.153210213356473668e-01 6.931303522953899954e-01 7.065971736501658329e-02 1.504682634995137547e-01
1.751886456468082325e-03 -7.789109645017455730e-01 8.861033986116335637e-01 7.447985486881332218e-01 2.214037392229917245e-02 3.845682681313901119e-01 4.342802738238772942e-01 8.624031950178612238e-01 9.320000790369193933e-01 1.454597678310829978e-01
1.737956723940951376e-03 -7.766899387168655355e-01 5.412409472860314485e-01 7.720083780374846771e-01 3.421603038660918639e-01 6.101057741103739218e-01 4.921151973271480906e-01 3.065935685772316344e-01 2.920657553588419386e-01 1.489967010692051785e-01
1.723617959779951683e-03 -7.747704370698579313e-01 5.970712584303481396e-01 4.294115594382766909e-01 8.557484366999490444e-01 9.916423963617831960e-02 5.776428659015077072e-01 8.130714509528556011e-01 5.492229699706039359e-01 1.488816131847960633e-01
1.707619790494152622e-03 -7.738914365767637360e-01 4.970044535154393150e-01 5.400946507967077093e-01 5.994835055769540677e-01 4.277317643431943206e-01 5.953697717774016906e-01 9.810031054230949898e-02 5.385516969901154027e-01 1.492311548270691957e-01
1.693675315453175472e-03 -7.718869099568921310e-01 5.838255254272548544e-01 6.965708029446848748e-01 1.871481105254558241e-01 8.187783931802110615e-01 5.373829045071346622e-01 7.571893124337490955e-01 4.046189183579741444e-01 1.492721664091456457e-01
1.681031685043478472e-03 -7.691760356263803722e-01 3.791404674161428789e-01 8.368217006213940490e-01 6.547880270878438935e-01 8.065982762681225271e-01 5.790423358835082857e-01 1.078393680411982580e-01 4.447445017381372878e-01 1.479865217809277766e-01
1.667403182571237453e-03 -7.671122214724265254e-01 6.096581884898640835e-01 7.430790616224718370e-01 3.311643685877788124e-01 5.393096253544470420e-01 3.647083443194567565e-01 6.327988013142018531e-01 2.298022495486720107e-01 1.429765669716764886e-01
1.654407816859273031e-03 -7.647324453236711284e-01 5.102730287683073795e-01 1.765336939022522644e-01 9.114255203855797793e-01 2.078733492447493170e-01 6.297759266963998126e-01 6.962350000285629781e-01 3.335534678207622838e-01 1.499990942853121623e-01
1.640863377873707802e-03 -7.627489406696346119e-01 6.634206585952828750e-01 8.819180042875429670e-01 9.092456381094982110e-01 1.896834363973126658e-02 4.757261181483683488e-01 5.331553405792079925e-01 2.456234405715846392e-01 1.454939219218169544e-01
1.631896083233080668e-03 -7.580248322448633891e-01 4.635218094292661850e-01 7.416368892229239229e-01 4.917081180039454269e-01 7.592037462773000289e-01 6.197046561918635454e-01 2.449177180134454734e-01 4.630649756227406266e-01 1.488702188835281381e-01
1.624322541655577904e-03 -7.524724992242056709e-01 5.832121039943983787e-01 9.444496950212046826e-01 7.800353625133056301e-01 1.955722979921666049e-01 5.151165932234286204e-01 8.600215698760649286e-02 3.610670936198112080e-01 1.476365560834813628e-01
1.609091785714217206e-03 -7.516893374292206165e-01 7.385378667762753091e-01 3.238022638365256611e-03 1.004905325981639286e-01 2.521720911931498721e-01 5.872201748943428612e-01 2.709137523804142078e-01 4.720097643943286236e-01 1.509082620039756129e-01
1.597801437235460984e-03 -7.485265847975900444e-01 8.513035566167211909e-01 7.745468778826647416e-01 2.783546582548809267e-01 8.377279312026553182e-02 5.882523512427464407e-01 2.011465573951354835e-01 6.191397937415247243e-01 1.497651313406614115e-01
1.582137693556681657e-03 -7.481741825349728092e-01 5.463682219192169676e-01 1.437890140339084799e-01 4.915097955709762934e-01 3.535249761482919806e-01 5.629689428937584283e-01 6.912787225561063398e-01 1.642486844772266252e-01 1.495127600365380727e-01
1.586517942490307982e-03 -7.352053626493303407e-01 6.888429463842209444e-01 5.744733247975710722e-01 1.707655055939064082e-01 5.847966788775841307e-01 5.288890332420311813e-01 7.236428257757203664e-01 3.363408128251003104e-01 1.500702833206379316e-01
1.572975693094466262e-03 -7.335737510954895013e-01 4.741695532287761305e-01 2.550600469616397525e-01 5.072734278495130145e-01 5.171078622895691757e-01 5.197928513643768067e-01 6.419185175159575207e-01 6.006234044844592779e-01 1.453095592939689096e-01
1.558573976615621002e-03 -7.325675551942529840e-01 5.958433185257283604e-01 1.695538921679320410e-01 6.435385261264812140e-01 1.856379593125957184e-01 5.307920712736621249e-01 9.379825289682681699e-01 6.632748031508843845e-01 1.452158390748155281e-01
1.555533806869800143e-03 -7.243159883254036702e-01 6.493032096166113654e-01 4.851442449145974556e-01 5.557964719822581223e-01 2.855689804761321060e-01 6.117427788345627393e-01 7.725636586211738210e-01 5.735843130899577202e-01 1.489614750039827684e-01
1.541265166059440066e-03 -7.233270620246111671e-01 5.668338730882179766e-01 2.848688740498390159e-01 7.105547924074819832e-01 2.452685235583829115e-01 4.968513744140535260e-01 9.239852224419322635e-01 5.050682147344004447e-01 1.441939761642944406e-01
1.526848905479896712e-03 -7.225205232078277806e-01 5.423402921635366303e-01 8.394454166007387919e-01 3.443860306696612250e-01 6.871899470514297725e-01 5.995855807228764878e-01 1.645992686407328764e-01 7.407043343347186060e-01 1.489545026828485719e-01
1.532226804900995061e-03 -7.088004089753953130e-01 6.828565689777641445e-01 2.687823320767621649e-01 4.561426409538577587e-01 2.034885757650907179e-01 5.257715996543256276e-01 8.494009500109758193e-01 7.622452125518317523e-01 1.462644519544873956e-01
1.519016420692346830e-03 -7.072553989238601346e-01 4.136967241716560384e-01 1.464177052378869970e-01 8.495241347219097960e-01 3.503956815165888417e-01 6.471463325654932541e-01 1.324127791171458846e-02 2.984680979712306392e-02 1.495357486896969068e-01
1.512717847814435204e-03 -7.012064188813028620e-01 6.089429970160944450e-01 8.806917086419933094e-01 8.774155703277672913e-01 2.015115756488429777e-01 4.454378943810852753e-01 7.860793474006735337e-01 4.495205492588629781e-01 1.428398284793195305e-01
1.499350874544781416e-03 -6.998780052715505295e-01 6.436593441562015183e-01 5.125305584131705228e-01 4.525179215398790755e-01 4.242482749827490851e-01 6.404636566487739158e-01 7.353633534524178783e-01 7.576399557857954603e-02 1.531884366219635751e-01
1.490815441382702458e-03 -6.953829414279537602e-01 5.232552814653836926e-01 4.305414202198331042e-01 1.793944275016421397e-01 6.452520038918798662e-01 6.004507541844729124e-01 5.108798813567017039e-02 8.414347833650044350e-01 1.465298833511274046e-01
1.476005198239653928e-03 -6.951628581328366252e-01 3.948820812176240813e-01 6.315417030565197987e-01 5.337512749300328263e-01 7.402261634408612290e-01 5.187070593243465755e-01 2.312568297067298384e-01 3.172160706162666655e-01 1.474201054459734761e-01
1.465136272120496838e-03 -6.923497678594816573e-01 7.930303527530477847e-01 7.991998531304359554e-01 9.236002649369234874e-02 3.700780678516342737e-01 4.793738489862539587e-01 3.559088398400876985e-01 6.737697055549367597e-01 1.472904833281241666e-01
1.481787609088073415e-03 -6.708447399844387204e-01 6.509180286395761517e-01 6.469871111216142223e-01 1.746758702704178656e-01 6.219272835682221334e-01 5.811883849114853895e-01 4.721646861433602682e-01 3.404060155891969197e-01 1.517230067688135065e-01
1.466747119381852076e-03 -6.708427563738773580e-01 6.179954843631163541e-01 8.121311996049994653e-01 1.780204606217116181e-01 5.975393495373215735e-01 3.693460040234453068e-01 4.263643824152658635e-01 3.573293093027250511e-01 1.445069349224296917e-01
1.453305157675935247e-03 -6.698453980322108814e-01 9.642917279647508222e-01 9.338166264504700331e-01 6.856316391574790448e-02 2.522016732632414437e-01 6.244432954726595320e-01 3.202341494645777886e-01 6.452258326033322167e-01 1.548525234297965791e-01
1.444242277764520464e-03 -6.658968892020884489e-01 5.480223092769196391e-01 2.234365257346149214e-01 7.412449029237916376e-02 6.271637682039785666e-01 5.168963977730302028e-01 1.336850336167171305e-01 4.564449236964655543e-01 1.456541812672336178e-01
1.443511546665216753e-03 -6.561988971874043175e-01 5.919333368609889234e-01 9.443340748554356345e-01 5.882476325429918385e-01 4.442496620997547496e-01 5.476749272652486900e-01 5.275499021890631690e-01 7.884140344592094340e-02 1.520442592399121606e-01
1.431182909776447564e-03 -6.545722227625591083e-01 5.719304621195144822e-01 7.364759062061720929e-01 5.045823103064095427e-01 4.768207135333443758e-01 3.719238432394125771e-01 7.458567585540453182e-01 1.743842693331379978e-01 1.436587928020588711e-01
1.420316455657017786e-03 -6.519897502053485505e-01 6.202155761796708244e-01 7.003522459892962404e-01 7.869776405041644107e-01 1.018533751556566225e-01 5.931337513664651784e-01 2.242499683553640932e-01 2.554546475262750027e-01 1.513217305043598748e-01
1.420382227159250809e-03 -6.417393620054795411e-01 5.946384620148866818e-01 3.154854805383351390e-01 3.270559925946011637e-01 5.127185869942567642e-01 6.057003194662400336e-01 5.806560466624173245e-01 1.578579691248087058e-01 1.505423904827552228e-01
1.409475901890216683e-03 -6.392433553158339832e-01 7.669613530912943178e-01 8.557786751546896387e-01 2.944067874258793349e-01 2.502458126516737269e-01 5.236508113731467295e-01 3.197675370393630034e-01 5.916014321054682279e-01 1.484186420613355928e-01
1.402337332030556072e-03 -6.341168407922418426e-01 6.431091192415765434e-01 5.057783552078515266e-01 7.207416294369373144e-01 6.141375315707953142e-02 5.827392891407839892e-01 3.009675661666543767e-01 6.311607909370325897e-01 1.480010826072782060e-01
1.393678221124209195e-03 -6.301066721942581994e-01 5.389025911267893987e-01 8.088299609362756826e-01 6.796628071244962266e-01 4.090567081705670516e-01 5.721548807700956862e-01 3.640155771101010185e-01 5.894628150297591684e-01 1.478657790002299854e-01
1.384543186318465662e-03 -6.264787890623321198e-01 5.864444946941578252e-01 5.555462232751536833e-01 9.037764811704673829e-01 3.757075743371179888e-02 5.632565052627706015e-01 2.064352424492129079e-01 2.627277905809943803e-01 1.485087610215342635e-01
1.375275455007646383e-03 -6.229909213207311947e-01 5.454589601469280735e-01 6.206559249022001179e-01 8.691419301123326502e-01 2.661966137715447989e-01 6.383108629176769133e-01 3.118103242866249181e-01 5.883162039514220343e-01 1.497299519359960029e-01
1.364017812492752035e-03 -6.210062633094241002e-01 7.076533235556226042e-01 9.282646475778362216e-01 7.460865260248352726e-01 1.627805436041194209e-01 6.157395907400495805e-01 8.651779545988511622e-01 7.971200794337469642e-01 1.505868520720828330e-01
1.362164533730993339e-03 -6.121617965608016076e-01 5.629117347256907822e-01 6.181549986279027964e-01 6.399191148749645563e-01 5.208041776309000337e-01 6.139430648467552043e-01 8.917502069888556537e-01 2.408573818880661854e-01 1.510861661193680094e-01
1.354330748157053397e-03 -6.077252988750685425e-01 5.078164257320936237e-01 7.331108420548708704e-01 1.970134166457390701e-01 6.889989919765155957e-01 4.253786492735612268e-01 4.765810596062225457e-02 3.715048704042438477e-01 1.453874005307095041e-01
1.354854214732948391e-03 -5.971347788193581696e-01 6.271147391688871586e-01 8.273369112142194837e-01 4.279073772696987410e-01 4.546506778586884012e-01 4.868684151055909237e-01 7.114315104778741183e-01 8.109737760288403541e-01 1.454687302984396802e-01
1.353932492392935852e-03 -5.876112397876913640e-01 5.109764216793566405e-01 8.215470797225580268e-01 8.456975144795326749e-01 3.144951504083209337e-01 4.879022771739526809e-01 1.311817480505511613e-01 1.351917466617982844e-01 1.478729502574578358e-01
1.340382506017540141e-03 -5.874654480134733348e-01 8.654316388145222305e-01 6.022392672973498895e-01 6.132171950185394405e-02 2.972006913369561465e-01 6.327595205659990452e-01 2.143860969948030992e-01 9.895463952401652996e-01 1.513727791715079318e-01
1.327199175288523757e-03 -5.871455533599010401e-01 7.138071899941637044e-01 3.839163305779164093e-01 2.218457624362662473e-01 2.900800279574147766e-01 6.707973585264206395e-01 9.920741653579590036e-03 4.129658075629696334e-01 1.528162619264504529e-01
1.315094788334306630e-03 -5.861035648137201681e-01 7.842822639542219587e-01 9.959221939091371656e-01 2.835434872895625236e-01 2.621021734602618780e-01 4.788501728917684552e-01 5.388958547212037153e-01 6.159018854674815913e-01 1.474713244200883955e-01
1.304816382972890905e-03 -5.837459004241513094e-01 4.893423904203996755e-01 5.503345900694942561e-01 5.952668251302997149e-01 5.102731883267251911e-01 4.222187232940937118e-01 6.169823864990833240e-01 1.332283003441704916e-01 1.446775028220085302e-01
1.298020011078650140e-03 -5.787641119451163441e-01 3.765885510769488853e-01 4.531640591812398644e-01 9.313069339969950455e-01 5.084156146093715689e-01 6.033748755938336261e-01 1.096853160058749999e-01 2.974107803244315229e-01 1.486706909693074063e-01
1.286843490716649578e-03 -5.772077519467989637e-01 7.263691871380968390e-01 1.346444664712073691e-01 1.846067922261750427e-01 3.185430818417571697e-01 6.253317942971786669e-01 3.509051437382837424e-01 3.085312421959419682e-01 1.525362142513248531e-01
1.276917328808703164e-03 -5.747471473430546540e-01 3.930529474990916983e-01 2.474974173462788363e-01 5.246103085133183574e-01 6.088480977589276755e-01 5.142597097173997600e-01 3.574891009245315665e-01 5.774195462935094447e-02 1.483075175307579097e-01
1.265516684475060131e-03 -5.735114170525031918e-01 7.201139348629258530e-01 5.720867134868028447e-01 6.138229767800753578e-01 1.620185714291992318e-01 5.776537436278778026e-01 9.343467728962027152e-01 9.913854113218679709e-01 1.474944626290074501e-01
1.252816279148302910e-03 -5.733937800516420991e-01 3.345347853263455629e-01 4.431785361641830678e-01 3.398141416599370634e-01 9.758799195646916669e-01 5.410397092720377055e-01 3.059717607303519826e-01 1.479444273258218034e-01 1.478704598750043286e-01
1.242375288810368622e-03 -5.715586360282290945e-01 6.034192782301097679e-01 2.719678344727221586e-01 5.306250066522816278e-01 2.808097838246509381e-01 6.253212053749126476e-01 5.227564058725618912e-01 3.933809412879331058e-01 1.496518102585650267e-01
1.231206543670081708e-03 -5.703850387677734668e-01 6.074294162271356434e-01 9.253970245200814349e-01 8.970586959471891220e-01 1.434796085330487525e-01 5.345725609708308346e-01 3.107708755648757037e-01 9.550004461392438415e-01 1.461608371797441797e-01
1.225772252389108067e-03 -5.646045200500030559e-01 4.742401940297498175e-01 4.525029402828764646e-01 8.853271175050296815e-01 3.626017544892718991e-01 5.638464733177825927e-01 7.488740412353992459e-01 4.628964202252371929e-01 1.470453278575427625e-01
1.214231086616757030e-03 -5.638604679657109875e-01 7.172670072143633169e-01 8.241811712944542290e-01 5.264551012225245907e-01 1.013483069103040535e-01 5.279997047694470202e-01 2.330972761792894365e-01 6.569526484593757321e-01 1.480831031738181203e-01
1.202981266758198099e-03 -5.629645475032406532e-01 7.684354894874299013e-01 2.914697242268549093e-01 1.502025803937291348e-01 2.752482639380465779e-01 6.649216049373052329e-01 1.514316115755016123e-01 4.412687209107472031e-01 1.520091084494668288e-01
1.190820296820856725e-03 -5.629209359297228099e-01 8.415655787019866718e-01 7.813337890105237493e-01 1.895626381220548717e-01 3.820856953212290463e-01 6.014862477612333835e-01 6.751651469952235640e-01 2.849576563645025429e-01 1.532897737810700878e-01
1.179339398141109226e-03 -5.624047993753820140e-01 5.055606117848143732e-01 4.490862130699861399e-01 6.725708391567446487e-01 4.244237367790194004e-01 4.738612249388710063e-01 9.162593352986188044e-01 2.195957890868843743e-01 1.452097882147695973e-01
1.169658561122582929e-03 -5.604432892528069532e-01 7.103058674145845686e-01 6.852135960107633705e-01 3.696047175152323283e-01 4.324747953909651166e-01 5.966477855412226639e-01 8.418131487736745244e-01 3.120259478023111877e-01 1.525667943356414091e-01
1.161237725503092792e-03 -5.574646447219933076e-01 6.797234750526557345e-01 6.875566479075425619e-01 4.130014994252343974e-01 3.452958770217148254e-01 4.654283042136121984e-01 8.319785480322975380e-01 8.450685145969694112e-01 1.446750759720969171e-01
1.151264828334428759e-03 -5.558858153986396822e-01 5.038909368107571396e-01 7.497759948171706101e-02 4.974947161381346739e-01 4.098541893175466910e-01 5.041101007975011816e-01 7.120904222271620121e-01 3.946216834509236882e-01 1.461359634264016438e-01
1.144401143611868676e-03 -5.516614409694157173e-01 3.734808487684452283e-01 2.280925620354211647e-01 8.627485298661367041e-01 6.210216031572521889e-01 6.124706159289938778e-01 8.719159312110156268e-01 7.089832788801503360e-02 1.490230239035707782e-01
1.133363109302116698e-03 -5.511494253188853332e-01 5.317364981840992932e-01 2.219027699131816411e-01 2.593159479028822600e-02 8.102314851329364132e-01 4.035772339543387544e-01 6.492937560024919508e-01 5.732005091185590206e-01 1.422953320143977574e-01
1.130060819563033763e-03 -5.438633053107271298e-01 4.623478595692452342e-01 8.878151874156103851e-02 3.264842062081999563e-01 5.425678969738387813e-01 6.415302582374807772e-01 6.822640538730939674e-03 4.749219014080588996e-01 1.477753307428429086e-01
1.129289697613410515e-03 -5.343418286777870119e-01 3.981587041404077709e-01 2.282466853176150501e-01 5.048132651530404802e-01 6.228200837382981137e-01 4.715280797773158117e-01 2.885876001127430923e-01 2.368609891922480171e-01 1.441754974306710402e-01
1.134554568876421305e-03 -5.194864723680003848e-01 7.761885306053482037e-01 6.102502666080572569e-01 2.689478745820175765e-01 3.634822277466805973e-01 5.571469060432056031e-01 8.591282133847197855e-01 3.730744986199864277e-01 1.507517988424355582e-01
1.126011711505561612e-03 -5.168405836655309837e-01 6.372107694378229548e-01 3.050693985746089076e-02 3.360851320482082238e-01 2.560875413101920683e-01 6.468842011983333418e-01 2.010210021710426842e-01 3.765722007939559246e-01 1.511385651189721679e-01
1.118905079807991062e-03 -5.129678328551199318e-01 7.982763476784591195e-01 7.155457203353889906e-01 4.357144365425941190e-01 2.207998795231168876e-01 6.019282552932879726e-01 9.433448548967250380e-01 6.477396467784158895e-01 1.502294526309320422e-01
1.107658507651171180e-03 -5.128660163166463004e-01 7.935557644903823427e-01 8.382617173486235362e-01 1.830825373974801495e-01 3.222288178436146788e-01 5.087588456127786207e-01 5.195792772288696515e-01 8.454307863801957534e-01 1.472922472760303803e-01
1.096652667975304019e-03 -5.126477581492894231e-01 3.489449574877108162e-01 4.931139856437535829e-01 9.281625192604852082e-01 6.915829617953577202e-01 5.916753655815714108e-01 5.553226870494647471e-01 1.806191989150414123e-01 1.484443514585078450e-01
1.087290548592789122e-03 -5.110173213441793205e-01 5.706760619727631045e-01 9.760384975729474721e-01 3.056046216371204882e-01 7.190784759914712332e-01 5.178140928584075153e-01 4.912147791969185828e-01 8.254333722333800916e-02 1.515317692208534017e-01
1.084985634929096178e-03 -5.029353589394328639e-01 6.939036692731275213e-01 6.526619648904705695e-01 5.337851511763908041e-02 6.529333381607960174e-01 3.475169453845762257e-01 9.788370284055026849e-01 6.706858292079949102e-01 1.428692898335858497e-01
1.075189609314523365e-03 -5.018009977308025560e-01 5.367334593604883297e-01 9.735987783390364081e-01 9.485726801408178588e-01 3.272821851669131532e-01 4.656887924026393843e-01 9.230386252739533059e-01 1.718398643022924777e-01 1.478484115313786484e-01
1.064361829188417144e-03 -5.017185447450652758e-01 5.723907509658382464e-01 1.826913851529557431e-01 4.990449112008807364e-01 3.580736335109832580e-01 4.640846874483206541e-01 9.409001691350862284e-01 2.812173864534446288e-01 1.438715940337784716e-01
1.053780484680948409e-03 -5.015057016250102917e-01 6.573680880002379379e-01 6.366930371026409130e-01 5.456453591601759801e-01 3.384807530296115585e-01 5.581702977989980718e-01 8.446462356442450137e-01 9.616398082298044381e-01 1.473683320459484303e-01
1.048447925831463888e-03 -4.963748748872326977e-01 4.861573349890752072e-01 8.581862460418461236e-01 9.551954419393100526e-01 4.046594158422459064e-01 5.610368280821478315e-01 3.588702240890739859e-01 3.532141782901044302e-01 1.499857944934120113e-01
1.038779677679425905e-03 -4.954350606350230168e-01 5.562245322140942916e-01 8.230043794830890214e-01 7.790834914521643784e-02 9.212741186136221838e-01 5.630503490129912247e-01 3.505132268253962069e-01 2.607547217521332117e-01 1.494120187495529550e-01
1.028352702699095698e-03 -4.953194121518181281e-01 7.523405375182052879e-01 6.239022268884760747e-01 9.171456656965676357e-02 3.800711409539482832e-01 5.179281998912814711e-01 1.967038428502188574e-01 8.543382602062623565e-01 1.466003650083897158e-01
1.018411728743846834e-03 -4.948292496901173232e-01 7.761436620536398268e-01 8.631116760776673669e-01 3.412980943832507608e-01 3.156716313547704433e-01 6.198170325835906658e-01 4.688189946997685098e-01 7.980493939626381872e-01 1.514736013614062238e-01
1.008152040300210441e-03 -4.947504611802133745e-01 5.563682513950264363e-01 6.650273001303895759e-01 7.223731402951285574e-01 3.033181548650534243e-01 5.536207489062207054e-01 3.275534632442212990e-01 6.887434023202769762e-01 1.475710783005308724e-01
9.996027867355580365e-04 -4.930626636281774111e-01 3.269576179965861806e-01 2.985229292146106550e-01 7.743759495603844689e-01 7.948019932733028092e-01 5.169733262608074975e-01 9.663642858284013926e-01 2.301134403953386531e-02 1.472482499755839724e-01
9.904282576652871217e-04 -4.920791357114780440e-01 8.288751667136335932e-01 6.797700835461776281e-01 1.345823581591268914e-01 2.557254927496325214e-01 5.124802596585409376e-01 3.706734858741770333e-01 7.275674166718102409e-01 1.487386899401914320e-01
9.543764330195206834e-04 -4.889525633653899472e-01 4.678281718306247505e-01 2.141539934603557960e-01 6.366615233587205047e-01 3.435318396862145907e-01 6.180612908098129799e-01 1.094003064286342419e-01 2.409845303431729091e-01 1.487935348276022973e-01
9.469686982479268893e-04 -4.868437117175042350e-01 6.479118649886105308e-01 8.155654564282792673e-01 5.272995777759861280e-01 3.780777248414621261e-01 4.915442270392413326e-01 8.445317061697524830e-01 4.922484113234036895e-01 1.479552252975629978e-01
9.387201555099049591e-04 -4.856913498266294260e-01 5.692720060251603709e-01 1.292458032403687729e-01 6.140448498988135828e-01 3.075151003055958676e-01 5.675037847045685258e-01 9.976995187253903108e-01 3.336534625310455526e-01 1.481143187240560877e-01
9.298487951635291430e-04 -4.852857834836863948e-01 7.882692197105787280e-01 7.921193684936957968e-01 5.364222657899778701e-01 1.289608477115112284e-01 5.992884062127966649e-01 7.912504855822078964e-01 8.550844118438787334e-01 1.492408835123177901e-01
9.219388998669926288e-04 -4.839278282318372759e-01 9.100109240702614066e-01 5.133390578599245080e-01 2.302095518147551645e-01 1.497440653037728220e-01 5.298967171805687437e-01 9.604929666114183640e-01 9.247100794051150707e-01 1.475620241013711476e-01
9.140876480623899439e-04 -4.825793284768374325e-01 5.194725806873516927e-01 4.791966993076930414e-01 7.169565222717323438e-01 2.876125738934932619e-01 4.946947718974649688e-01 2.356897819556450502e-01 5.232180075790193730e-01 1.443757059352291094e-01
9.091345914015305308e-04 -4.781116517046765657e-01 5.570202134274904182e-01 5.583485371842068501e-01 8.351890358656579583e-01 2.226359779460405919e-01 4.443271830230766661e-01 6.865940654915085872e-01 1.741390524308660814e-01 1.446568402716658930e-01
8.842217613221794829e-04 -4.764834154147797873e-01 5.669300938999495276e-01 7.771135175555526908e-01 9.322924296228729535e-01 1.976762367841273238e-01 5.072429107690830108e-01 7.366767800168028124e-01 9.648429593610124977e-02 1.481982569341831479e-01
8.770527077578732685e-04 -4.749154793198793190e-01 7.545767903161677559e-01 7.141782062027917100e-01 3.387440671478032517e-01 3.705813349269018175e-01 5.917847585494215856e-01 8.301330948260847720e-01 7.609456386550801366e-01 1.493861715932756073e-01
8.751475249465839792e-04 -4.673813600028419724e-01 4.653077826963835095e-01 3.286722601775782238e-01 5.453390510892950349e-01 4.532049945318983308e-01 5.548493506389121643e-01 1.330150283717791981e-01 4.213602583121792144e-01 1.478964574445571223e-01
8.667682888492416913e-04 -4.672934093919781096e-01 6.396765006194087277e-01 4.518761215658494423e-01 7.090783882632214485e-01 1.972046607943633845e-02 6.110387508792034517e-01 1.332472051751971143e-01 7.025361736138815427e-01 1.476637727710703174e-01
8.592014149973142660e-04 -4.663529857289456793e-01 6.419640211139951980e-01 1.670710978241611855e-01 5.465824893337278834e-01 2.020974082903236047e-01 6.415404291652542224e-01 6.170576473368596382e-01 3.830285165686608817e-01 1.517132211350724902e-01
8.524968995977402720e-04 -4.644780461802439087e-01 7.819129653916414568e-01 4.978083752540789497e-01 5.833015817643322221e-01 3.323640368002184209e-02 5.984285352754189491e-01 9.205903594396842582e-01 7.948804434244730599e-01 1.502619674597681920e-01
8.443282329540619489e-04 -4.643975600340612409e-01 3.960826843113921525e-01 5.762604853731636556e-01 8.095650291885218008e-01 5.951414661942331374e-01 5.519557503097516360e-01 3.706820919942982462e-01 1.994450443090434177e-03 1.492245259213831055e-01
8.399695084064152549e-04 -4.598645511053086610e-01 6.278029193374627948e-01 3.906005357217903207e-01 6.876419087004866926e-01 1.194645518147254004e-01 6.773396506328807076e-01 2.424619539577294591e-01 5.555483225126529589e-01 1.513457957014478772e-01
8.356965604539912974e-04 -4.552558236710889661e-01 6.013050853955780317e-01 5.146010052931382361e-02 6.416944967778724918e-01 1.272650957202872135e-01 5.743984845969807296e-01 7.809694549028889377e-01 5.031970967904428882e-01 1.472248862061808217e-01
8.371121246345282745e-04 -4.438546453850492624e-01 7.971676251528929669e-01 7.205395687110429659e-01 2.601300291517024688e-01 3.177051899032771187e-01 6.367599054314270202e-01 4.870685094673873339e-01 1.482149069816106612e-01 1.543091682576441803e-01
8.310161379848463818e-04 -4.414547145508399550e-01 8.042426005901425201e-01 9.511387282794760978e-01 6.054114296310211252e-01 5.426945206274064182e-02 5.395579928014526683e-01 8.513334458235428670e-01 9.982701580565760402e-01 1.490067652800197706e-01
8.296776958316180381e-04 -4.333578842109249707e-01 8.636657823001476775e-01 5.617052258832304634e-01 1.174368717419152497e-01 3.612253564674783868e-01 6.224932914964754760e-01 6.968572333224891668e-01 5.210610382639944138e-01 1.519837662793358524e-01
8.224528360717580418e-04 -4.323953146138614367e-01 5.670766597744958393e-01 6.059406451972693120e-02 2.320767029890867250e-01 4.941884755146657149e-01 5.403354181662236577e-01 5.118519366745045707e-01 5.928373483794577847e-01 1.474290786890019300e-01
8.160176968020104501e-04 -4.305416735968818354e-01 6.259682831632088496e-01 6.965873303355532009e-01 4.395893934442544615e-01 5.024551407899425781e-01 5.866313161253461361e-01 7.699553432331600611e-01 7.029478662817079115e-01 1.486759145981259300e-01
8.083073889175563338e-04 -4.303265597151971766e-01 6.499659712253815780e-01 2.581784113411851322e-01 1.491537867804491602e-01 5.747431081555391952e-01 4.644202165872153842e-01 8.963465247660031832e-01 7.736495929175217778e-01 1.456213121060319637e-01
8.015845038607194656e-04 -4.289698412223684199e-01 6.204348446026758390e-01 4.196878205869573053e-01 5.849144605528738827e-02 7.828889950116286744e-01 5.855837848074966212e-01 5.049218394687247091e-01 5.017993104708184937e-02 1.516164621315726491e-01
7.942138533357433151e-04 -4.284987403135475104e-01 6.680762927242680504e-01 6.563424169187629387e-01 6.374571638716639566e-01 1.356029703608900849e-01 6.247316527488753213e-01 2.751727315865565293e-01 3.734843062785194734e-01 1.516275330911742159e-01
7.872824285221834920e-04 -4.275557128414576025e-01 4.866472787959726931e-01 9.632174722614708084e-01 1.445406707620796594e-01 9.893327015280406478e-01 5.714174128062032842e-01 8.112404643921922176e-02 2.052232865555232433e-01 1.498343855139782355e-01
7.587400502838136150e-04 -4.262018600282380110e-01 8.567307872465831364e-01 7.756765770056527343e-01 3.362840069690808398e-01 6.029163743409060583e-02 5.698630374709716673e-01 3.753718810319282562e-01 8.832622135011309883e-01 1.495800488019317920e-01
7.528789344785349284e-04 -4.245226894632214143e-01 9.685295262483410994e-01 7.679862427535087965e-01 9.207805415820791151e-02 3.105329162194496173e-01 6.068048539344429448e-01 8.476148590624561496e-01 8.551012577586919461e-01 1.513906716556987497e-01
7.471292232081548895e-04 -4.227550047469193495e-01 4.989480855974733897e-01 2.860771536562600748e-02 8.090760487011197100e-01 2.126841525421125645e-01 5.030860336145196454e-01 8.314530258671751772e-01 3.300194986402043562e-01 1.437215394051071793e-01
7.408173869763316809e-04 -4.218050486268181687e-01 6.434454462479461956e-01 1.169198910255296875e-01 5.790964849257949076e-01 1.669220356958020790e-01 6.124854582973040529e-01 9.284445232224456390e-01 4.450120733011393992e-01 1.499487069407062501e-01
7.338755436159875552e-04 -4.217857848281537092e-01 4.353276739582898069e-01 4.145379616578469539e-01 1.522427322760754320e-01 8.892039298157889959e-01 6.482141381136010683e-01 3.897468678136173370e-02 2.582598974580413431e-01 1.490513870101061455e-01
7.291592559401096577e-04 -4.187991114655837954e-01 4.748016449147671181e-01 5.268527846882277155e-01 9.765146894138749811e-01 3.311099047889379809e-01 5.140050910506165360e-01 8.099471640165830655e-01 2.985537781780135402e-01 1.464703670490056786e-01
7.231948899613304619e-04 -4.175785722503637665e-01 3.997228607934000810e-01 5.188237987927152295e-02 6.861053924968232298e-01 5.013335970823061816e-01 5.574547265008537034e-01 5.358509541956395505e-01 8.447998216854546438e-02 1.478302302392750789e-01
7.184165822150626610e-04 -4.147737542976436265e-01 5.634158401192254084e-01 2.605812644208296280e-01 7.841022436729876421e-01 1.545777163738209503e-01 5.695789466892554609e-01 7.041230969970428966e-01 3.610916627460962203e-01 1.490866868999364825e-01
7.127316484647460695e-04 -4.132844109481985106e-01 5.731664596367808118e-01 3.367055811840161672e-01 8.404224478049424629e-01 4.075263825013025754e-02 6.179075426997022724e-01 1.535880046948504551e-01 5.401290837476160345e-01 1.482015923927185175e-01
7.064499377501410465e-04 -4.127030885434891383e-01 5.571470065618724377e-01 4.078942661702935069e-01 3.321076337279417756e-01 5.779103387290944749e-01 5.208817898969183569e-01 6.755160138139600923e-01 4.321660638042618685e-01 1.484652099223119082e-01
7.003448348516227171e-04 -4.119486314126993842e-01 5.674086694987539037e-01 7.487091962588358074e-01 6.236882084135467741e-01 4.231833748952278373e-01 5.901947705265453425e-01 4.992702249969053763e-01 6.988085713385521203e-01 1.480981326265227715e-01
6.962909255439209263e-04 -4.083199346411778285e-01 5.501887590291240082e-01 6.721007245079235748e-01 9.475567644919262733e-01 1.767108189705923205e-01 6.255729542054848658e-01 2.928220358351857344e-01 4.187030301549109490e-01 1.504162064075200700e-01
6.907841419563185044e-04 -4.068261518936653887e-01 9.254455108749021219e-01 2.614082134960102888e-01 2.683924083351746370e-01 3.228735812118299631e-02 7.308905159261641638e-01 7.008219903608285950e-01 7.661229985456883274e-01 1.546479928189316566e-01
6.851606346764329159e-04 -4.055662656343291261e-01 7.162813156205070086e-01 8.832965803370956825e-01 4.366662440639983433e-01 4.119037661863070854e-01 6.016773012568650270e-01 7.967045116252852166e-01 1.693876269949112778e-02 1.538038648579501955e-01
6.793737140316327998e-04 -4.046142523141468827e-01 6.320626587588499268e-01 7.984590623723406555e-01 9.682314474722845121e-01 8.005286374589676290e-02 5.287114525334071224e-01 9.254713967954111276e-01 5.462720159778510221e-01 1.484715721942868327e-01
6.745524016514584326e-04 -4.023022927997229603e-01 7.009932243639688254e-01 1.688637854001738825e-01 1.103861014629821669e-01 3.865762608699556679e-01 5.987102489468888455e-01 2.244886617463727474e-01 4.029631328489377551e-01 1.510539106110557472e-01
6.684690620622224261e-04 -4.019275769564072953e-01 6.280499625633124694e-01 9.984112875094152129e-01 3.436966650175041771e-01 5.220924675109583912e-01 5.155193908468157504e-01 3.421235252515436587e-01 7.934225339429297197e-01 1.470910212458644006e-01
6.630624907027112816e-04 -4.006144903279024727e-01 6.598075652836378202e-01 3.881339850408938030e-01 9.312847520910871868e-02 4.960211779497263329e-01 5.817479254842866654e-01 1.313170939089202127e-01 7.097552615517491725e-01 1.481128947070732282e-01
6.577319502786016254e-04 -3.992522903313129312e-01 5.766433292003599886e-01 8.859107820324204630e-01 6.606746402405302421e-01 3.663880342890157293e-01 4.878456862971882191e-01 6.393601094420564568e-01 2.758158176344981394e-01 1.482760192345292105e-01
6.534933333978213939e-04 -3.962834743656459824e-01 8.734960825631657988e-01 2.988729282065251125e-01 7.684148842347993114e-02 3.916195217012041208e-01 5.927518052161944162e-01 9.572951040946844348e-01 9.740416493778536466e-01 1.493039231969977565e-01
6.484806601223466489e-04 -3.945496629004380251e-01 7.845255578620033976e-01 1.638187850349647756e-01 2.724550547332603712e-01 1.407427301182162804e-01 6.214215361590942344e-01 4.231250800009516144e-01 6.673655245273302228e-01 1.511415253398308844e-01
6.429952575503067574e-04 -3.936105327635978091e-01 5.423678438480936670e-01 9.724167734745529090e-01 1.978687961984215704e-01 8.207949345348573011e-01 5.793341651904108103e-01 8.815576072028941113e-02 3.916162429734421080e-02 1.521594221876465813e-01
6.372973860558312853e-04 -3.930775184844179648e-01 7.855639545878145835e-01 1.164006214390789218e-01 4.113287296958035855e-01 1.006890429762380967e-01 6.346537757267025626e-01 8.230839011880534128e-01 8.903353234363436952e-01 1.489193270406003189e-01
6.328668212480436858e-04 -3.906199499053579216e-01 7.164789898582965000e-01 9.216188620749456994e-01 2.597211791582670903e-01 3.770396953900342352e-01 5.251256344518915320e-01 2.468723872385381046e-01 5.647495309552729159e-01 1.496978936708329155e-01
6.282748758433074482e-04 -3.884682235838419206e-01 3.967525875515718892e-01 1.445494096969573428e-01 4.214273906332584585e-01 8.310346921165356893e-01 6.274822685043042192e-01 5.720537052012247825e-01 5.742160057879402979e-02 1.497187294370134203e-01
6.239912779115597144e-04 -3.858756418465454918e-01 8.023433663944127270e-01 6.047259724798430547e-01 9.493031940606799779e-03 4.883901759236787266e-01 6.343687851264867561e-01 3.179078798997033717e-01 4.042246150446990871e-01 1.528352931026800698e-01
6.185620938170636194e-04 -3.851804891478646242e-01 9.138529379577797762e-01 9.165054613917131832e-01 2.137767827361377604e-01 9.063671331930522879e-02 5.857372329881416206e-01 1.450251876527453021e-01 9.108412472830587081e-01 1.492604863620943245e-01
6.136545059207825252e-04 -3.837120320487494296e-01 7.257416491787830326e-01 1.195620381258244436e-02 2.299089025675349340e-02 3.448953055847493454e-01 5.794569810657345110e-01 2.677529978667291255e-01 4.561169210392129192e-01 1.495140014144731577e-01
6.082327876014349171e-04 -3.831524625870461609e-01 5.926525599692503699e-01 9.036559579995656621e-02 6.138945101882914424e-02 5.644803561343915144e-01 5.375103058832252367e-01 2.664652400877661753e-01 7.690947901329049374e-01 1.458224565048542865e-01
6.029461922489239576e-04 -3.824482240282382484e-01 4.616174914377729754e-01 7.454854304648972363e-01 3.348165912342030426e-01 8.535440957299467168e-01 6.138923751039804255e-01 1.985189764819541014e-01 3.638903879793264906e-01 1.492470389503163242e-01
5.977952946992871408e-04 -3.815938423011288050e-01 7.961117532085921766e-01 9.284127188604121006e-01 4.760932615913815447e-03 5.440420029298458360e-01 4.816540292750432495e-01 5.155397059883306543e-01 8.684185906764920748e-01 1.485649188716780533e-01
5.924922065876373151e-04 -3.810705393433544974e-01 5.383707461855832266e-01 7.335902531141147431e-01 8.402634849645038706e-01 2.320263080159541969e-01 5.486091585101915413e-01 2.761594950568324602e-03 6.470065880275635006e-01 1.462874439082241795e-01
5.871804987472437802e-04 -3.806420303948795936e-01 7.602192699563385947e-01 7.019806638964114498e-01 3.567657414478486166e-01 2.835334885034104802e-01 4.933518409564939811e-01 9.354924326606444129e-01 7.242829742885099620e-01 1.466111331904554338e-01
5.818174481380964996e-04 -3.803835987632949167e-01 5.087032016612779151e-01 6.336321389390999759e-01 3.725578975036675788e-01 5.591158531790723085e-01 5.552868684829309620e-01 4.142305777239257969e-02 3.633318445496318549e-01 1.482846978560529161e-01
5.764986158841099283e-04 -3.801334332237290003e-01 6.663580715604491278e-01 8.612257662638966860e-01 4.177255797244224245e-01 5.176635376400982036e-01 5.869413268930923078e-01 7.945989971166171895e-01 3.710429760476683381e-01 1.508892789508167742e-01
5.715081004882649300e-04 -3.793937525538277900e-01 4.191810241304560480e-01 4.637983201234532338e-01 5.703925600318436873e-01 7.564825969477778633e-01 5.597265604932185612e-01 7.792439506454225118e-01 3.681604156189138832e-01 1.476447349929727870e-01
5.664244827428230886e-04 -3.788946808799290022e-01 6.506320133308337583e-01 5.501893237427595285e-01 1.060790627511375428e-01 6.671088194228939061e-01 4.836489373378279333e-01 7.297317175744423290e-01 8.930850825180879360e-01 1.455394514452247323e-01
5.614128377876040051e-04 -3.783479541242274480e-01 8.730297240830530159e-01 7.033335671528057054e-01 3.603768119990256036e-01 1.063473289147748302e-01 6.485446074344054512e-01 5.535896834348030815e-01 9.294827518009500800e-01 1.512141589295716293e-01
5.566911806975993532e-04 -3.773598700240952120e-01 6.296868844291974021e-01 9.161695704261050288e-01 3.539895609815950639e-01 6.058817812946676318e-01 4.737235794449093929e-01 8.814340621815954790e-01 7.962537200915902336e-01 1.462914442969107109e-01
5.515273606126730845e-04 -3.772451119863352020e-01 6.521894239274300675e-01 7.712226424959482962e-01 8.097674598030260018e-01 3.895526142394983848e-02 6.119109112244138782e-01 1.574313128854282207e-01 5.033429125606023735e-01 1.509548146033194704e-01
5.469792459329687146e-04 -3.760917383696422700e-01 9.233556107589540041e-01 4.279018071924541866e-01 5.754844581277868132e-02 1.637534261088442467e-01 6.812956702852712709e-01 1.210589218017605884e-01 6.769876480284929832e-01 1.534739536362698942e-01
5.427513549235970852e-04 -3.744173310261567633e-01 8.577477820184765678e-01 7.260559274919647921e-02 5.248324040670593327e-02 2.804748110191433996e-01 6.013851847342234214e-01 5.165931068211943034e-01 9.311542159828333221e-01 1.495281206598429169e-01
5.378416944681192443e-04 -3.740704052601255269e-01 7.390297162296315392e-01 3.968773959585133460e-01 2.578961625242506273e-01 2.871688811499108485e-01 5.895914128117487607e-01 4.312533294618329793e-01 9.099058626744599421e-01 1.490665707863153000e-01
5.343629351723740324e-04 -3.711254496767946720e-01 7.305048861608401944e-01 3.926451181691019698e-01 1.842768543179354457e-01 3.211247840645349294e-01 6.100947987413026796e-01 1.522945951915403717e-01 7.862658946416818395e-01 1.490258131858084034e-01
5.296893848583016573e-04 -3.704759809564979189e-01 5.822118968218013002e-01 7.505128400691014612e-01 5.167457257519680880e-01 4.379886328215760738e-01 4.731195378902898763e-01 7.200016839922062095e-01 5.726292806348839415e-01 1.464994065811973112e-01
5.259703795404823291e-04 -3.680878886380249959e-01 6.100988850939110808e-01 1.130674022470762874e-01 1.204828121303382904e-01 4.842005495653394220e-01 6.092958445430289860e-01 2.096004782632521768e-01 6.416050865805755787e-01 1.483242165571818927e-01
5.226401752171285636e-04 -3.650055990788909077e-01 6.396071525798835422e-01 6.173530217813303356e-01 3.915872763169545023e-01 2.779863622927443711e-01 5.246256567754781219e-01 8.103436495691651587e-02 7.776135922644085152e-01 1.455551073877997814e-01
5.177814517285526030e-04 -3.649116172297549032e-01 5.266369851013544823e-01 9.781135739228929982e-01 5.878612319613130133e-01 5.178981845420052021e-01 5.171359098729072512e-01 3.101623709214618718e-01 4.846911010869990322e-01 1.484893083862281471e-01
5.134152198333445920e-04 -3.639459871633826671e-01 4.321995137279655008e-01 9.850295552395376131e-01 7.198081149403110501e-01 7.515127646584230936e-01 5.077422560553600528e-01 5.647564817025377826e-01 5.163067754168381152e-01 1.468127334607855494e-01
5.097438570765440696e-04 -3.616885795461169395e-01 6.133666672294239008e-01 3.930098514389102626e-01 5.648479633339126282e-01 1.409701570885210087e-01 5.825916113073104086e-01 6.236997419890261130e-02 4.746895472507982605e-01 1.485939379194037846e-01
5.050355409389062225e-04 -3.615341709129036296e-01 6.991500587614821738e-01 8.893797276833375065e-01 2.905946992328422573e-01 4.936796779851196360e-01 4.267985206836109047e-01 9.973221319379559358e-01 4.374367111227565053e-01 1.470244728888920882e-01
5.004800626532106148e-04 -3.611612504414106750e-01 4.852739776745386702e-01 4.244514921961262122e-01 3.601014131855475031e-01 5.760026786262386622e-01 4.636149629501533642e-01 1.407304089814210291e-01 2.487002574452273351e-01 1.447408751600063603e-01
4.967306614483561799e-04 -3.592471007555150253e-01 8.273466159333237036e-01 3.765583584832751796e-01 7.105814362785822791e-02 2.932182649952588815e-01 5.858293524323440193e-01 2.886408858205038452e-01 9.740974878625527911e-01 1.480705198796004596e-01
4.929404276740593409e-04 -3.574727586357783760e-01 4.762173998921780949e-01 7.055059260804008581e-01 7.248632017058661559e-01 5.218736722960807262e-01 5.562741668507000803e-01 4.895948917448763593e-01 4.648455521233615939e-01 1.488114742615254948e-01
4.884693281201298639e-04 -3.571504451214898013e-01 5.922855558752935234e-01 7.708517423686984671e-01 4.731417296028328501e-02 8.710254441966367445e-01 5.644837971385103792e-01 3.784932207461014775e-01 6.351551874106917683e-01 1.482938806780078889e-01
4.848152269701621600e-04 -3.552253214592365760e-01 5.236986324929592262e-01 7.940974568527822131e-01 6.266074759972016794e-01 4.288909712096367621e-01 4.262285837590841786e-01 2.256841993116746048e-01 2.102525468811478615e-01 1.452230022035451429e-01
4.807051915930466574e-04 -3.543050273134406014e-01 6.883565035240051255e-01 5.421391251474447781e-01 3.741036556572394645e-01 4.912984120114666786e-01 6.297072293501876361e-01 8.925494420739432666e-01 3.052478625935984846e-01 1.522402019992214195e-01
4.778300377923437418e-04 -3.508701401700735079e-01 6.572396355055833972e-01 4.596132850731519115e-01 3.095229620007259319e-01 4.293420344262672828e-01 4.948710354461074989e-01 8.928600537467945575e-01 6.054945197522170197e-01 1.462426391875243092e-01
4.767488567749567909e-04 -3.437014311728205929e-01 5.969539281018074739e-01 6.207867469199757071e-01 4.957053472714583742e-01 3.541289245249912288e-01 5.964312875147911308e-01 2.431791910489097264e-01 2.885687951819414510e-01 1.505250466988463931e-01
4.752558573303777541e-04 -3.374040094035957171e-01 4.979953006889386025e-01 4.826215461868255119e-01 7.358566297090687325e-01 3.146352501621605402e-01 5.340958780570269626e-01 2.919062815636556119e-01 4.894874326310091894e-01 1.465592230567143439e-01
4.712430831743370883e-04 -3.364492921268166792e-01 5.659180037816256004e-01 6.077974237037616634e-01 2.992097548185812528e-01 6.357192412837288087e-01 5.482448940545825433e-01 5.008578360693459741e-01 6.089308759456718567e-01 1.477319677825856270e-01
4.668864123309688632e-04 -3.363033912323009633e-01 8.469605170865883714e-01 6.784535217432208221e-01 1.626055125072535246e-01 2.591336523246057788e-01 5.514260747401363849e-01 3.901546387792489967e-01 9.266442730409003570e-01 1.489534565953420098e-01
4.634003695590650329e-04 -3.343640191461765832e-01 6.605781567372379648e-01 6.736287750975700206e-01 1.898505523266426909e-01 5.227504117437502540e-01 6.124229609910970540e-01 2.007253885556392614e-01 4.936165361510735372e-01 1.511943070282038559e-01
4.597359158108800547e-04 -3.328692378111358652e-01 5.083646666979608764e-01 4.765582096014359115e-02 7.763777547241500487e-01 2.241804028444525920e-01 5.458939663155885080e-01 9.516509291207301269e-01 4.101417543964358536e-02 1.478487749469442059e-01
4.590372593442122056e-04 -3.249561223026922185e-01 9.332140946915978841e-01 8.226149403259206405e-01 1.761090874864840172e-02 3.325248379962076339e-01 6.025687803774089080e-01 4.110470387694360461e-01 8.982725250686871554e-01 1.512297627990785986e-01
4.551975603422095482e-04 -3.239220185780837258e-01 4.655619744060058851e-01 2.409498977930010222e-01 6.725740423169338511e-01 3.696687400466283080e-01 6.002167760762946447e-01 2.432148274827551915e-01 9.100006710989982928e-03 1.509918216066844787e-01
4.524563365726683964e-04 -3.205283148601769661e-01 8.521838487385915428e-01 7.806472139451986481e-01 2.318622719690689171e-01 2.613564259074478979e-01 6.043507725600044678e-01 5.430915633125342756e-01 7.711493464821251864e-01 1.518574458717253661e-01
4.482250017144487450e-04 -3.204902750116602750e-01 4.404502002008929273e-01 6.482876205526719726e-01 6.058577169995769118e-01 5.965926923437364637e-01 5.643066397455803740e-01 1.634745722962428482e-01 1.251667714325155334e-02 1.508354360931462579e-01
4.453109684423617082e-04 -3.175788114501471582e-01 8.370916667572881886e-01 6.462946443948192066e-01 1.595394175052319286e-01 2.704633829146714796e-01 5.663044937018535396e-01 4.376417904341398657e-01 8.250738871764802251e-01 1.486543271243892239e-01
4.422637108914693116e-04 -3.150113576494498191e-01 5.593707960135562152e-01 7.458744167291535554e-01 2.627381771859610415e-01 5.812096672701447808e-01 4.911611255109652463e-01 1.673996116891803831e-01 4.482277309157218781e-01 1.474871185321300071e-01
4.384867679678963368e-04 -3.141540948405748268e-01 5.940226900728211579e-01 9.108804984448719555e-01 8.423086121599204779e-01 2.064859264989855614e-01 5.856940925900432360e-01 2.008943881637813567e-01 9.849529505380066885e-01 1.473022248013708124e-01
4.349051777288723340e-04 -3.129217431668951388e-01 5.630896764367119278e-01 2.770533222953588948e-01 1.281149591984671599e-01 5.418875948639940709e-01 5.343985034893588004e-01 5.086532826204781532e-02 7.375615069219815245e-01 1.451226930771974954e-01
4.309438358492216343e-04 -3.126380356395788707e-01 5.823316366705159064e-01 7.283001078206894352e-01 8.782148309525666940e-01 9.324318493173650024e-02 5.198462696778889391e-01 1.423438599546043570e-01 3.392762582560944762e-01 1.467201698887599381e-01
4.269714746631587152e-04 -3.124646368036337885e-01 5.537795021482968538e-01 1.444015746341081874e-01 5.766811701607561513e-01 1.978006177879385319e-01 5.917468228084408199e-01 1.989348347337740464e-01 3.651029329428912007e-01 1.486956335907496096e-01
4.230278099722880529e-04 -3.123099599685366101e-01 5.492901306365319813e-01 2.894446722764232316e-02 2.591628998616292145e-01 5.185872247416395409e-01 5.866525385634611123e-01 5.209735599900989778e-01 3.861467761767556350e-01 1.488707409714395691e-01
4.208582377954192349e-04 -3.080178695547102219e-01 8.474440656827817442e-01 8.549161331246781792e-01 1.606746530626464164e-01 3.664621301672922327e-01 5.944502635233108734e-01 4.941732427661548743e-01 9.563898742301454314e-01 1.509445412232419126e-01
4.169704009198251849e-04 -3.078647186688513449e-01 5.429792339507338861e-01 4.684898303493685856e-01 3.429796596488713933e-01 6.341385973174880064e-01 5.050168477692392743e-01 7.571999769045000273e-01 5.299012962942170057e-01 1.470736825828974914e-01
4.017533935336393513e-04 -3.078283789491319533e-01 5.788062551002910450e-01 2.458574938627098028e-01 4.670749579650261274e-01 3.617112533493322957e-01 6.433275175746154817e-01 4.175058672692474881e-01 5.694217461717375750e-01 1.494204025216262499e-01
3.981343439660495111e-04 -3.077030225020386811e-01 6.490610225563181457e-01 4.178130442150227997e-01 6.174983358405801148e-01 8.359473155218449802e-02 6.097705835501634475e-01 2.259374051298397856e-01 8.055704021871895604e-01 1.479154808686502787e-01
3.946815452879565774e-04 -3.072389812822777233e-01 7.293286977898141288e-01 6.270354378643863136e-01 4.325804085944021660e-01 3.155893504134494876e-01 6.270275992999779779e-01 7.368986372763566273e-01 3.839198387065576590e-01 1.526208282092356983e-01
3.916371744515696903e-04 -3.058080588278366818e-01 5.996913347332236688e-01 6.690219054263597531e-01 6.483126174804701991e-01 2.786909589716555224e-01 6.074955892669949842e-01 3.042471397515186249e-01 6.792958393173083032e-01 1.497035014098337391e-01
3.884418295829827157e-04 -3.048261549098684742e-01 8.172778279911050436e-01 5.786414366137756504e-01 3.064864184435767136e-02 5.878555897259484242e-01 6.219983989643497191e-01 7.847175765722862462e-01 5.071960133019404182e-02 1.544791528971659889e-01
3.857771309250317376e-04 -3.025354490840675981e-01 4.116617878061688551e-01 6.853658583400592530e-01 6.164683710423844998e-01 7.734204840299525596e-01 5.412553085419626875e-01 5.097630083915202226e-01 2.175685367487656396e-02 1.502355991505368860e-01
3.824723966087252656e-04 -3.019644739167559599e-01 6.456335630918934587e-01 2.425446639466024568e-01 4.206191534780745478e-04 6.684074856092433459e-01 5.997715197657038644e-01 3.708511045936734307e-01 3.734712818769910792e-01 1.500655717503592834e-01
3.790720575060326425e-04 -3.017203345672185288e-01 7.060796332843342071e-01 9.245093250021394482e-01 2.550619900790854211e-01 4.533799943668065935e-01 5.882057332562616869e-01 2.056465018683314716e-01 6.973831991729284585e-01 1.507193933808887998e-01
3.763292702858201007e-04 -2.998078559801168330e-01 8.738501356728968217e-01 8.116284693356623503e-01 1.312477517568597096e-01 3.387748957035009445e-01 5.154877724533217798e-01 7.743188042141111449e-01 7.496599999722284302e-01 1.495120784975083328e-01
3.731340365721888086e-04 -2.991603205981022140e-01 9.088487808289223979e-01 4.140113631553031248e-01 1.281156552912319779e-01 1.963328049059916425e-01 5.641061682172248126e-01 7.215370738311228660e-01 9.651912662272734700e-01 1.487473628953343840e-01
3.706780408222698172e-04 -2.965898398008171566e-01 8.894295850805952197e-01 4.836116970673864923e-01 1.180944728157223844e-02 3.402488116549694519e-01 6.361628439640725219e-01 3.606294063956749785e-01 7.198973507802994831e-01 1.519185554281782258e-01
3.673852354136695900e-04 -2.963384139241705961e-01 5.411396596940416526e-01 8.320053207710833565e-01 4.928739100217653935e-01 7.275178684449419286e-01 5.398836413781752386e-01 8.938048540476277726e-01 3.298481838762403751e-01 1.499461983547829835e-01
3.641691138174353646e-04 -2.959567291469502592e-01 5.501259906896525109e-01 4.093694342213873849e-01 6.262471587944622442e-01 2.547070484321003470e-01 6.287805531739134590e-01 9.951325239187219784e-02 5.446061328978564209e-01 1.492192076169643888e-01
3.609308145131534052e-04 -2.957144849465031533e-01 7.236140331910155821e-01 8.700839008753196158e-01 2.216196367429551506e-01 3.914577386664120917e-01 5.542847181816755731e-01 2.611099940539590714e-01 5.615689181018380660e-01 1.494910769765017688e-01
3.579366428958380159e-04 -2.948704678501500309e-01 6.123462120558658128e-01 6.509869820386899875e-01 5.260459202652193467e-01 3.893561830132900026e-01 4.566022922734112588e-01 9.459642655008857481e-01 5.353074241596681437e-01 1.464390115659482405e-01
3.547349166551321117e-04 -2.946813546125990335e-01 4.561621477452196816e-01 4.219001510992724246e-01 7.522733429358134938e-01 5.113319335377730646e-01 5.380162534063899216e-01 8.475203225031970877e-01 3.969277298927172959e-01 1.477706366162411800e-01
3.525002628616514481e-04 -2.918264716255392632e-01 7.495148549843501096e-01 2.664377473421559728e-01 1.436894339518753894e-01 3.016079709572382916e-01 6.570620788093169962e-01 7.301069184605785134e-02 9.088210858080225663e-01 1.500589028634793654e-01
3.499215783945636886e-04 -2.899944600097292824e-01 6.778527181526177170e-01 3.705229489340586824e-01 1.588757391824336951e-01 4.632326688515547297e-01 6.153549936203852599e-01 2.853532741180563881e-01 7.494438495355539853e-01 1.496936035231149209e-01
3.476097654409149415e-04 -2.874487288309089950e-01 5.596510015411205741e-01 7.211058853726659557e-01 4.744372499602735882e-01 4.202886638306891354e-01 4.636706903619984832e-01 1.137429182758423196e-01 3.335909581867906315e-01 1.457147135936943672e-01
3.445153721944793287e-04 -2.872161925917313119e-01 5.461550689198322317e-01 8.014740600961813843e-01 6.585393303821422961e-01 3.412177488383463242e-01 4.574299225459028673e-01 1.564836696559807061e-01 1.850750121075674381e-01 1.455614106698432664e-01
3.413825044046058031e-04 -2.871770294488175668e-01 5.674063527242190208e-01 5.202224014510034023e-01 6.254093963540879875e-02 7.263382499986081875e-01 6.006490911772236485e-01 6.753584124855238624e-02 5.297883555926516941e-01 1.493266243961710316e-01
3.386372791322938072e-04 -2.860767184618213110e-01 6.071836122236824451e-01 4.449716208546824481e-01 1.115079259977643789e-01 8.783314784140698883e-01 5.563510634453476822e-01 8.926376177405778156e-01 2.874729812543195817e-01 1.498724780594005157e-01
3.361219747043487976e-04 -2.843578539839446973e-01 6.034151462766255136e-01 1.898315096550792780e-01 6.290883314496785728e-01 1.992729516857413008e-01 5.630837167135579469e-01 8.652278447480766799e-01 4.050022561550883915e-01 1.489059922674732805e-01
3.336438733161996881e-04 -2.825834795240647623e-01 6.929693670274070794e-01 8.767669962412479867e-01 7.068642504345898914e-01 2.238129932393208010e-01 5.801715077960100109e-01 9.988867967882715249e-01 8.210047240377543742e-01 1.496479500414531760e-01
3.307440233417900926e-04 -2.821386113570190091e-01 9.336592380880865960e-01 6.375486626977227012e-01 8.224498479060998735e-02 1.618465524541415901e-01 6.230062747834540504e-01 2.064255925218981824e-01 6.977190566696422902e-01 1.525158677449482414e-01
3.279981335559014450e-04 -2.813011142553470401e-01 5.348483722981778321e-01 2.389163238590579774e-01 7.483342946596112100e-01 2.738128326001426638e-01 5.798859569110434986e-01 8.577929282807346123e-01 4.966733270514450682e-01 1.475052897319853729e-01
3.250399401787312575e-04 -2.811866526816837464e-01 5.855800695479049800e-01 5.400625721992432515e-01 3.472588383332260165e-01 4.932912816424772640e-01 5.797926174967612534e-01 3.565876803998555555e-01 4.970128725207547671e-01 1.486974709003554551e-01
3.224911082763280072e-04 -2.798848437721990767e-01 6.738912286591339784e-01 9.678890449029258214e-01 6.054520492064763282e-01 2.317980233026404324e-01 5.949717664193227007e-01 2.430199997198616013e-01 5.483584790509821172e-01 1.507705562661221521e-01
3.196935957769067214e-04 -2.794230725771292279e-01 6.642673559330578570e-01 2.027627072189199797e-01 4.999005852531740457e-02 7.201115179595340976e-01 6.157261218171465877e-01 6.759847352541497045e-01 6.207251077772374392e-02 1.525121271844031567e-01
3.171314303772905106e-04 -2.782954897185014320e-01 5.187224757656466734e-01 4.556997015768108339e-01 8.244173148289239972e-01 2.112255672599956668e-01 5.197028695220347050e-01 2.215789837096209247e-01 3.743621096341521737e-01 1.452765773405823857e-01
3.143480156484585418e-04 -2.779367703573894510e-01 6.645453566312919946e-01 2.335628925795210087e-01 1.133792617863572105e-01 4.587593614316404222e-01 6.420031593221839916e-01 1.615608219534986345e-01 6.358807544694462521e-01 1.496089022166861848e-01
3.115765494422021169e-04 -2.776181080503093423e-01 6.557601394292535968e-01 9.667876870891161101e-01 5.011863515597743124e-01 2.978420460029791994e-01 5.376463346504586349e-01 1.689835186843307580e-01 6.638624244942643582e-01 1.479457856802176008e-01
3.088677168917136856e-04 -2.771757641962914742e-01 4.754618880374797962e-01 7.758125036118201923e-02 4.265264186393359913e-01 5.933711454203874913e-01 5.854206533572088311e-01 6.881567617480653931e-01 2.061106970296761598e-01 1.494658222140696213e-01
3.073765547996425260e-04 -2.728409779933196888e-01 4.965548418045545032e-01 6.955997873286093869e-01 7.750247808174388631e-01 4.820068314900142759e-01 5.167268585542696968e-01 8.102753488123286552e-01 3.239652319992806229e-01 1.480189776442082383e-01
3.047001220100183333e-04 -2.724121384872129070e-01 7.368571265182222163e-01 8.567464969112380535e-01 2.276338288251395503e-01 5.138622441306411881e-01 5.532218762792423528e-01 6.612752437396078875e-01 9.721583523264565319e-01 1.484999479950395995e-01
3.019552982909451855e-04 -2.722869254640606917e-01 6.555635148413151425e-01 4.988552986875571804e-02 2.930636596494091695e-01 3.036449803933813363e-01 6.410613719536570887e-01 4.029334784862261265e-01 3.749109538043507994e-01 1.505620553132153705e-01
2.992007739017288966e-04 -2.722767683853675180e-01 3.279746473175069732e-01 3.440409134631048360e-01 6.916528628122879940e-01 6.953893070008163591e-01 5.922264582205610806e-01 6.676996501554205432e-02 1.932042687887047805e-02 1.494913099479183993e-01
2.967489605668279548e-04 -2.713307583654530064e-01 6.656547483726124037e-01 2.122988539196599134e-01 2.424762385205811166e-01 3.584700495883695326e-01 5.232972994073397111e-01 6.451112563595167160e-01 3.728736860348262905e-01 1.483633029969660677e-01
2.940867883191875865e-04 -2.711680550582828420e-01 5.795812912664743966e-01 6.384077487579407073e-01 4.618363964323555226e-01 5.473339497051362690e-01 5.223633779529881505e-01 8.564561772283219021e-01 4.243291440593952024e-01 1.484383922079675344e-01
2.914635276284263535e-04 -2.709537869380813646e-01 4.813143212759665723e-01 3.901659598094558423e-01 1.841855708218756993e-01 6.971455698095171405e-01 4.738684900301505243e-01 1.677430101064074641e-01 5.070062745001427951e-01 1.438159530567677813e-01
2.890220373965593720e-04 -2.701914141732938424e-01 8.291702756223520154e-01 7.119478422987169930e-01 2.203456407211114576e-01 3.328444612277176584e-01 5.793362014878032928e-01 6.802259425027507023e-01 5.809002722164843258e-01 1.511344361261248992e-01
2.865456493887629527e-04 -2.696221832666249041e-01 7.879399914061012700e-01 6.349874969340659758e-01 4.814098975111582024e-01 7.891790949310489856e-02 5.907103039621544038e-01 5.875874149224113996e-01 6.749756225543367405e-01 1.504953661363118977e-01
2.847011392042507710e-04 -2.669057337967573607e-01 4.260912912230105931e-01 1.002935274559823009e-01 1.780276579505971069e-01 7.212030624981122795e-01 5.313025628913827791e-01 7.450475293134672938e-02 3.491961551077310544e-01 1.454468638010548986e-01
2.826213524582101228e-04 -2.650633929929646082e-01 5.998639119165660727e-01 9.519530606343550305e-01 2.138693992861268323e-01 6.032535534393895782e-01 5.197027901917400383e-01 9.912176284684315331e-02 7.630064212326720385e-01 1.471334181679142539e-01
2.802616398157189255e-04 -2.642735108629078455e-01 6.162614095656772095e-01 5.987796376843834700e-01 4.927446647127404211e-01 3.075406213827704405e-01 6.114977958112244316e-01 2.130605838353244463e-01 6.442527121346370844e-01 1.496511460715233000e-01
2.783251124133728836e-04 -2.620328942056805999e-01 7.622738905999999481e-01 2.378502811137624406e-01 2.206408803112641370e-01 1.516714429652787910e-01 6.465886476930320370e-01 2.606951062370133076e-02 7.409552783115026520e-01 1.501075535672596328e-01
2.760318518741490621e-04 -2.611322173866552632e-01 6.808208776433477549e-01 7.526393957853949601e-01 9.600406255135035538e-02 5.856971758427995667e-01 5.147034288382532630e-01 3.679935096198791444e-01 6.801216372970471102e-01 1.484796002080112087e-01
2.735429761808989640e-04 -2.610154262252386004e-01 6.930979725565348248e-01 1.388248127667858212e-01 2.536127847233468069e-01 3.858460710211477629e-01 5.732758402839758238e-01 7.922702250817352798e-01 8.585938082868321830e-01 1.478137448190353642e-01
2.710559475734299582e-04 -2.609746097504700990e-01 6.435946005981263429e-01 7.020704301152216331e-01 2.090979845534443882e-01 5.268456687102797131e-01 5.462883604156503203e-01 3.036939739921908910e-01 8.758837261833227750e-01 1.469246742873909772e-01
2.689670556242870791e-04 -2.595366437028111539e-01 8.214742125245817483e-01 9.275478452113380401e-01 5.690365645266098893e-01 8.687801013436280417e-02 5.611310588002480504e-01 9.674393303598259886e-01 7.820580298376806905e-01 1.500926653679594269e-01
2.666011091873782051e-04 -2.591976658510776743e-01 6.917048781589761886e-01 5.781919493393119502e-01 2.625411905520101952e-01 4.452765881262189529e-01 5.076853233848740432e-01 6.997364818314858459e-01 6.814649597608835041e-01 1.476730282512821457e-01
2.642944179535248583e-04 -2.587132208813066048e-01 6.056913032502587724e-01 3.921662546602709409e-01 3.408272166302920292e-01 3.651400750693457042e-01 5.616376949539068075e-01 2.983869308308281787e-01 6.816851561398425963e-01 1.469280222684655746e-01
2.618991176879052188e-04 -2.586432276078691195e-01 6.172031448504917694e-01 7.055514954592416732e-01 1.418245637183316865e-01 7.908830992889034350e-01 5.919461631772222621e-01 4.984862913244946792e-01 9.025220649240900395e-02 1.519696325606221254e-01
2.595549276648271187e-04 -2.584599507905845917e-01 6.649314402276230718e-01 4.755775214700936337e-01 4.306372288586727270e-01 3.424992090273895617e-01 5.955471174025031011e-01 6.291135693164385811e-01 3.965755228874663918e-01 1.508552540935966524e-01
2.506316793311572110e-04 -2.572412337943074667e-01 7.688989103591458152e-01 9.099829845111500060e-01 2.894592288069520736e-01 2.169041765257260779e-01 5.529888712461499267e-01 3.931435022415485925e-02 8.070994129988579013e-01 1.485029603986655622e-01
2.484325018083521235e-04 -2.571259246303200241e-01 5.257298902956757392e-01 6.456648345671709421e-01 8.527147622775146374e-01 3.143630967864835535e-01 6.024942885834619899e-01 3.862823581079344315e-01 4.302976899627856122e-01 1.497181333622360500e-01
2.467874784247626367e-04 -2.548409843147661502e-01 6.004971349628588362e-01 3.827464123835605525e-01 2.802537217332046193e-01 4.379812585480082343e-01 5.684385560433257156e-01 2.146616035168838754e-01 6.087757405119668119e-01 1.483261720337297196e-01
2.454202703441655023e-04 -2.514678378072029985e-01 8.530970876632819611e-01 2.290735146050533744e-01 2.020175873516688592e-01 1.458346537135411236e-01 6.450705304058022005e-01 4.373132459908432024e-01 7.098318607230584831e-01 1.518588433450173136e-01
2.437461566820772047e-04 -2.493840541881112982e-01 5.975796081732507314e-01 1.487220933442325865e-01 2.702994523107520308e-01 4.597303567649290712e-01 5.991284137038735969e-01 4.259947454011149826e-01 2.858371825919709952e-01 1.501227418999326602e-01
2.421770689922119499e-04 -2.469136764025577913e-01 6.301656757633958827e-01 5.982295286090233422e-03 2.912809399275998468e-01 3.468391956484256355e-01 5.284811673717928482e-01 8.380310657751574022e-01 4.516121889890654106e-01 1.469395377413132420e-01
2.340249241048942717e-04 -2.459096621889737821e-01 5.437568210546804837e-01 6.626262596187275644e-01 5.077131568681833018e-01 4.453746849827165399e-01 4.861068145130957863e-01 3.408986747752247304e-01 3.842930237374922453e-01 1.465578593116930728e-01
2.320093104326404843e-04 -2.458641309331569269e-01 4.047470502531340109e-01 4.869307648740335281e-01 6.100930077422012099e-01 7.233376134110176547e-01 5.726076058462953311e-01 5.093988788141396995e-01 2.284040598790307852e-01 1.492461199380445136e-01
2.304513398947368201e-04 -2.439062473923029606e-01 5.240793132007784960e-01 3.978548801471695762e-01 6.629288557974364338e-01 2.861513630940227260e-01 5.653467468790605022e-01 2.872708259406518971e-01 5.219474724944195287e-01 1.473935097127747895e-01
2.285643058622110492e-04 -2.434327317873913044e-01 7.847874841691346859e-01 4.448023035157082639e-01 1.766442099375541974e-01 3.274802987747983396e-01 5.244395495892224535e-01 6.871433555378114733e-01 6.331949392235386442e-01 1.490137936192149626e-01
2.266046449882254410e-04 -2.433478294397384001e-01 5.528184247774603488e-01 3.572885941926577380e-01 8.257507168183706447e-01 9.524660311599841833e-02 6.457672736685393655e-01 1.480444026515626010e-02 2.779410966906466496e-01 1.508389242125003915e-01
2.246636314660248421e-04 -2.432547119159593485e-01 5.365965562714414272e-01 6.238286537073287619e-01 7.563716897562871022e-01 3.235070939556078939e-01 4.541050618281681217e-01 6.799873647901366613e-01 3.895825123263678691e-01 1.453586713932374375e-01
2.227406097606362959e-04 -2.431554625942537184e-01 5.306225673909303886e-01 4.420987571197725341e-01 4.539364280334576840e-01 4.643288160821840704e-01 5.635887485998414270e-01 3.593861538243002252e-01 5.587425489888496744e-01 1.472619085728374411e-01
2.211553490370716851e-04 -2.416023285332176140e-01 4.451149460836320015e-01 1.250646577182867869e-01 7.041392926736249613e-01 4.050467492058416052e-01 5.425920348500753443e-01 6.306805294934778594e-01 1.042901597260361690e-01 1.487750480875551784e-01
2.193241354785032695e-04 -2.412213614824723351e-01 4.366253142460715941e-01 8.687517692941061354e-01 9.139315529034942598e-01 5.658450374294488050e-01 5.198590084835540415e-01 5.824807739185531297e-01 1.501139931432838304e-01 1.489320044631100293e-01
2.174923931258296707e-04 -2.409125397950931391e-01 5.213325961566961375e-01 8.788652644418639692e-01 8.890339087834308041e-01 3.961323636402803161e-01 4.673418139791989390e-01 9.471839309605132318e-01 2.784637708772619291e-01 1.473662686577411063e-01
2.157791042632175075e-04 -2.401255444471966649e-01 7.293832598779739218e-01 7.282586741835322952e-01 5.832401332702212837e-01 6.548891259538064391e-02 6.532442580372053165e-01 1.386231895982482087e-01 8.296988387634176565e-01 1.505372050573303977e-01
2.087570052626213193e-04 -2.388720736037414083e-01 5.567845518997778242e-01 1.244728257137222016e-01 2.795273207037809460e-01 4.986914351378156085e-01 6.097720632586499656e-01 3.841141505448469884e-01 5.003569130944592880e-01 1.490388630945971293e-01
2.070425525138590739e-04 -2.386440788057204443e-01 5.724416096383373453e-01 2.714192261724985289e-01 3.461649453620292416e-01 5.289498349631791552e-01 5.764493556773053751e-01 6.371224254229930217e-01 4.663864803821462512e-01 1.491969664976082466e-01
2.057215922439103713e-04 -2.365700816372320603e-01 7.770195097220582436e-01 3.466387022618662161e-01 4.595889934869823445e-02 5.419005065527271459e-01 5.835655378073572042e-01 7.405884141479366356e-01 7.382087304503748282e-01 1.497489815958721882e-01
2.039870523642338905e-04 -2.365627430751611471e-01 5.238812550619181829e-01 8.333212570666366226e-01 5.943491534965510414e-01 4.587043236585159889e-01 5.334773231729723619e-01 1.148892495308931894e-01 5.152925310201731390e-01 1.478891118822388551e-01
2.026482334569202064e-04 -2.346730540072034521e-01 7.744832633462066518e-01 1.416011696843149648e-01 5.127952535141566681e-01 1.885589649411489876e-02 6.516388422375217759e-01 7.933985107414250892e-01 6.932299465311021480e-01 1.507597573544680603e-01
2.012559615303572173e-04 -2.330925751889712239e-01 5.790431477879059985e-01 9.468478434853391246e-01 1.744920569073560301e-02 7.568161509388466879e-01 4.395054158410384160e-01 6.299133682699065151e-02 7.677654685737251850e-01 1.443906193341761846e-01
1.998192632592897533e-04 -2.317822630126127603e-01 4.749149630017104884e-01 1.067032720019457925e-01 8.900895722250605768e-01 1.907838369979375504e-01 5.606084224540105465e-01 6.113298354969631809e-01 1.782252020115540625e-01 1.479106211013086480e-01
1.981365075080263418e-04 -2.317647360133396339e-01 5.313333928293906272e-01 3.693385318886577839e-01 8.856682945426597175e-02 8.617372887704417561e-01 5.972842814794704358e-01 4.224219748965462040e-01 3.471944109111936294e-01 1.492380390270332258e-01
1.964786550296524653e-04 -2.316925851406327341e-01 5.667876286876302183e-01 1.900938947428242876e-01 6.158364978300783221e-01 2.705744413854256347e-01 5.654646321250216268e-01 8.292198450050548564e-01 5.705861504588116695e-01 1.472781714372103368e-01
1.949663675062343236e-04 -2.309447391139142491e-01 4.861588045403772429e-01 3.844357891179479569e-01 6.061498911532581246e-01 5.074609567853820558e-01 5.174212845493979529e-01 8.298703389132167096e-01 2.838136773958022108e-01 1.480963029560040667e-01
1.936883680925155266e-04 -2.290467147428653094e-01 7.695244925437838557e-01 4.879891117330366068e-01 3.431318180713738286e-02 4.743200927745269690e-01 5.792182597851983639e-01 3.394584555987090191e-01 7.062405838787244594e-01 1.495960219932167545e-01
1.920972678221532224e-04 -2.288208089448148796e-01 3.327884236424098474e-01 1.003341254308185437e-01 6.516254773607249584e-01 6.368998583073859354e-01 5.654266603109934231e-01 3.186155751375339129e-01 8.877040711692146813e-02 1.475363642088104166e-01
1.904851472629136722e-04 -2.287738552583476748e-01 6.988594072232252596e-01 8.442377029435832458e-01 4.960802226677862858e-01 3.913382607366944210e-01 6.011145380584964615e-01 8.582256320458810928e-01 3.384885741793277614e-01 1.524063035196648042e-01
1.889391507766121985e-04 -2.284484937319366527e-01 5.661123845740514415e-01 9.830695720781423841e-01 5.998824440175334338e-01 4.574208523145762428e-01 5.415401039280617335e-01 2.896671107210073703e-01 7.109291030862340266e-01 1.480233611827772577e-01
1.874154894213279758e-04 -2.280709064012892973e-01 7.249681682987649811e-01 3.412045303079954683e-01 3.218231254169746647e-01 3.662155555464859380e-01 6.062512795202942284e-01 8.661269976959213857e-01 8.838652281879005868e-01 1.487513781327668982e-01
1.859625625986641541e-04 -2.273789737450023218e-01 5.379664456040704756e-01 1.459660610794573654e-01 2.955014420773941497e-01 4.743646230304165434e-01 5.069962732559573082e-01 4.090194460909223340e-01 4.707142819771723552e-01 1.450368864778325551e-01
1.847274196984279569e-04 -2.255684430656922368e-01 4.511833618597463902e-01 6.578313500389763036e-01 2.902183753948105460e-01 8.052357168194448356e-01 5.765080020725377175e-01 8.856625562173425781e-02 2.453927542594480649e-02 1.509868646743442733e-01
1.831962650225640876e-04 -2.254171337049740431e-01 7.813339641881349440e-01 6.182075423200356079e-01 5.765211180025070492e-02 5.704286745632792810e-01 5.880973268122111630e-01 6.743579690850038943e-01 1.884953685403600865e-02 1.536144893018789592e-01
1.817464683143813788e-04 -2.248879373674781967e-01 8.373996488458330667e-01 6.484704833014552916e-01 1.413804962596254544e-01 4.126039906836570514e-01 6.192390947797609124e-01 6.559094079679624878e-01 6.296266335566901295e-01 1.520218957874247545e-01
1.802849372446825094e-04 -2.244874617800934335e-01 7.865940951180676599e-01 1.568094044364052309e-01 3.741624998991323059e-01 1.369166705310215226e-01 6.383212513832590140e-01 7.598194931790189788e-01 8.657460650432686755e-01 1.494162859009240396e-01
1.789958243253923049e-04 -2.231889917146467617e-01 7.093725491129055927e-01 5.645604317938144323e-01 9.798881137859438706e-02 5.145879989494038798e-01 4.349047547839327565e-01 7.319083246881941118e-01 7.104217448720797634e-01 1.459565905268369046e-01
1.775808953908986228e-04 -2.226506394463089733e-01 5.616925773237019248e-01 4.592564814361742020e-01 2.205440342840131462e-01 9.180825323886991907e-01 5.855859025950694852e-01 9.813653510002902092e-01 2.678955639172452829e-01 1.493532866514951651e-01
1.765473851705301705e-04 -2.200130053872892955e-01 5.261454855832546906e-01 6.766056109218422376e-01 2.369074288524627425e-01 8.527562847157514891e-01 5.937397381047241351e-01 4.187196642548283165e-01 1.818475135231111817e-01 1.505499451632515417e-01
1.752725927182205857e-04 -2.187853059933111965e-01 4.903200959105915580e-01 8.766566193942753049e-01 1.719535218285677958e-01 9.557267471923123203e-01 5.553318468627993498e-01 2.907129244287375847e-01 2.823600976786556083e-01 1.492337955342875888e-01
1.738135466134669844e-04 -2.186700109227784072e-01 4.819322439788971679e-01 4.768507927607225638e-01 1.639477780387973149e-01 7.241303185331422476e-01 4.584272378332495679e-01 1.527136308471718773e-01 4.706426987695084829e-01 1.444178726953296299e-01
1.723588650006928780e-04 -2.185998604608234142e-01 9.086092851027883777e-01 6.656557448517087527e-01 1.114003270502789134e-01 2.576823687227721704e-01 5.324614249923809162e-01 6.507513132321478544e-01 9.066016972604316049e-01 1.488103385130109257e-01
1.710881791009822672e-04 -2.175249210158830271e-01 4.374656514598326829e-01 3.607929662563228446e-01 9.596649189140730174e-01 2.923598785100357533e-01 5.775093090243882399e-01 1.607453345786926668e-01 1.529236323906568717e-02 1.492809494695054306e-01
1.696801316803583102e-04 -2.173143492866158322e-01 4.300120430538623140e-01 8.781755511484673482e-02 8.474180214219575458e-01 3.268745032498767689e-01 5.081139012158677470e-01 5.770980747415093148e-01 1.723429933437052308e-01 1.446636910795398023e-01
1.684279978126840326e-04 -2.162465135387390269e-01 5.059852132088092924e-01 1.960218572021214523e-01 8.126521936224686549e-01 2.019226649659806583e-01 5.921055959630450172e-01 4.277383317673384422e-01 2.702270894692298531e-01 1.491499155133684806e-01
1.629267841229445314e-04 -2.159783493688839651e-01 5.325014684620370531e-01 4.368414854437682182e-01 5.579471178812758225e-01 4.592191353649494046e-01 4.888069498663339951e-01 8.525914098565676724e-01 4.466602507684805934e-01 1.457117278645328473e-01
1.617086788353436677e-04 -2.152183717017507047e-01 7.906652556452906655e-01 3.886048744831900326e-01 1.657143492196965495e-01 3.352914265449344899e-01 6.286060254032488359e-01 4.693469174150324830e-01 7.238616595757156880e-01 1.512550485882455664e-01
1.606177182744996897e-04 -2.137232255634178291e-01 6.167987512458447119e-01 9.162985818113857928e-01 5.056345660665475528e-01 3.458734978205496580e-01 5.575739071867871210e-01 1.291226240082845034e-01 4.591328493319355997e-01 1.498646014767806844e-01
1.592978534562361059e-04 -2.137101417015524751e-01 6.909887791445373795e-01 9.211716078843190658e-01 2.020702924080164109e-01 5.984174207012367130e-01 5.096968765168541360e-01 6.554880896671411161e-01 6.948538561622159548e-01 1.485294005888830315e-01
1.580080778928886814e-04 -2.135752632414079921e-01 8.662139643599503502e-01 4.591463643827963237e-01 2.425413616764804381e-01 1.936247541137804118e-01 6.592909434271132518e-01 6.234408639494317672e-01 8.006613782881646380e-01 1.522117956919165072e-01
1.570875728580964988e-04 -2.111535193089623397e-01 4.602506736312087510e-01 6.901806100107701347e-01 7.245377999463832319e-01 6.013335313595352671e-01 5.123346097610218530e-01 8.168822507946613687e-01 2.552842393551723044e-01 1.484779539513179092e-01
1.557977661580342045e-04 -2.111336997938372539e-01 5.783404533206634168e-01 5.854428063944406846e-01 5.644002846894617953e-01 3.047096655580823765e-01 6.080422885415248668e-01 7.487333711607119247e-02 8.158706635277357400e-01 1.475095142383310298e-01
1.546058790560731464e-04 -2.105488694762255031e-01 6.379923301599680352e-01 1.007659543785767164e-01 7.970221518214992695e-02 4.149623920094037133e-01 6.003897977006794617e-01 2.295823500938309891e-02 4.616695581125459524e-01 1.499286409444122725e-01
1.535624415230576621e-04 -2.090563001470875926e-01 7.316528681704446146e-01 8.139319286544811627e-01 1.621095156703738771e-01 4.751434781511479355e-01 5.353591122397289848e-01 4.155455677762781574e-01 7.738705643181091887e-01 1.492172017177557652e-01
1.524525323981142523e-04 -2.080458221843579092e-01 5.974509282164527368e-01 6.482437717910022323e-01 1.862633618957602599e-01 6.876062440484917992e-01 6.116353589080029129e-01 2.676230561751989923e-01 3.403397260890969056e-01 1.507344150807855832e-01
1.512616960924873899e-04 -2.076232205480660897e-01 8.694519726454295050e-01 1.782728127330502899e-01 3.571494311879835903e-02 2.132834751118189154e-01 5.853629763427440347e-01 3.160203759993893691e-01 8.711466452444776021e-01 1.497677326625798111e-01
1.500440446194188659e-04 -2.074412994051379466e-01 4.499032452768811918e-01 2.248684251472585771e-01 9.765059768500647941e-01 2.437436436175920984e-01 5.583016407991369112e-01 6.171076697924551269e-01 3.188111974630958301e-02 1.491577477739938207e-01
1.490223547444991946e-04 -2.060093918524300849e-01 4.870888999887518223e-01 2.565017142140587625e-01 9.903902689241067536e-02 6.955869879746463535e-01 5.170146034046310124e-01 5.185224634289109513e-02 4.246445454683294152e-01 1.460964199888633019e-01
1.478613585030594865e-04 -2.055661877239949031e-01 4.306943701951622683e-01 4.893789196411707509e-02 4.804934068232188382e-01 6.935422734342007178e-01 5.953303594662572307e-01 7.781174124614181897e-01 5.458956999150377243e-02 1.498664954470517452e-01
1.468454931679200699e-04 -2.041958256309979736e-01 5.229862866853431935e-01 4.111583796006866853e-01 4.869380853917139595e-01 4.572804028897426432e-01 5.182725551184260704e-01 5.492285469250834939e-01 4.413005948145944934e-01 1.465953178348759767e-01
1.456665142993780119e-04 -2.039924695295232127e-01 5.841453917668945062e-01 4.604665547790481317e-01 3.920644019029169702e-01 3.492626875701451139e-01 5.612640349345904278e-01 9.260134842075762318e-02 4.181744410178815929e-01 1.479159156701191635e-01
1.446189224021704630e-04 -2.029457056643466095e-01 6.454832492632021079e-01 8.250284041160265147e-01 3.314425028741158075e-02 6.800461553419034910e-01 5.742313887443128984e-01 6.883113363640264160e-02 4.203317519879875563e-01 1.508275239118785083e-01
1.438925103484801752e-04 -1.997168394111965006e-01 7.015446392403528186e-01 6.796568177082362716e-01 4.412561654754576512e-01 3.725322923572770284e-01 6.001349048779226480e-01 8.301352188967860979e-01 7.437430966231364238e-01 1.496950300274098034e-01
1.427082325999597633e-04 -1.997167270477750445e-01 6.929880861850196139e-01 4.042711531773441891e-01 2.847476468687576423e-01 2.707547952688190707e-01 5.910080620562357945e-01 1.948353619005075421e-01 7.472192895508760202e-01 1.490800447828890263e-01
1.417656475366240072e-04 -1.980791539361452802e-01 3.839281289337152514e-01 1.476356779028097366e-01 7.824914502350116541e-01 5.106331981780640739e-01 5.210120928798276374e-01 7.296304460800038250e-01 7.117893949372061657e-02 1.477571744697129541e-01
1.406743385182215671e-04 -1.975424527974228850e-01 6.992136974122289406e-01 2.974589691144780002e-02 1.288946862523157044e-01 3.996999428169377699e-01 5.066903262125205254e-01 8.023008369098254544e-01 6.607265903817842734e-01 1.470199900495819945e-01
1.395626707384712238e-04 -1.972118001140515942e-01 9.379056467755664261e-01 5.334171129150063750e-01 1.306671836459103453e-01 1.209401971736736581e-01 6.835174405190733715e-01 2.749574364454731024e-01 6.211401189653475985e-01 1.550806775459333264e-01
1.384865387525395443e-04 -1.966879625059671233e-01 8.540255089986695802e-01 6.500031073317915631e-01 3.126148528803689985e-01 1.844265517252733355e-01 5.989931899776720359e-01 7.355413938560179110e-01 8.031576725975909659e-01 1.499969363599530925e-01
1.375840858430261852e-04 -1.949613638773302071e-01 7.091111357528985248e-01 5.323000350310905793e-01 4.477518247869828327e-01 2.342836911313380677e-01 5.815544585441948522e-01 6.259274056578920664e-01 9.295488705543661911e-01 1.479528993088711775e-01
1.364622402984342361e-04 -1.948842161613350277e-01 5.563497239591876919e-01 6.034110886983294897e-01 7.513395228525724390e-01 2.505100236859459928e-01 5.617630060363891786e-01 4.147685464067343841e-01 5.008140480042300169e-01 1.478819367873531188e-01
1.354254966880099199e-04 -1.942460526961378997e-01 6.333467680699915725e-01 9.487368066371446584e-01 6.473709649955812218e-01 3.347046736184985383e-01 4.673096572216851596e-01 8.528003410422428932e-01 5.479792882544410881e-01 1.470502067792589795e-01
1.343472910867210177e-04 -1.939750672953610422e-01 6.533595594635637216e-01 2.970703961583995856e-01 2.130614501932278360e-01 4.014252780931631404e-01 5.664032983578083380e-01 4.055581707883381681e-01 7.250084017835874972e-01 1.474337448045105192e-01
1.332902557595031954e-04 -1.936096518037824232e-01 6.093353481021300810e-01 6.947839955462546957e-01 4.736759377541454041e-01 3.577778651225744788e-01 5.853165316150086284e-01 1.495831988138152102e-01 8.206713181826097436e-01 1.480004811214164773e-01
1.323458788454506178e-04 -1.924555235436487544e-01 5.411141334428881677e-01 4.246254447450490965e-01 5.113869976365011949e-01 3.352869732069283515e-01 5.609871371466034207e-01 4.588689598562251115e-02 6.547220737242553934e-01 1.464846617804309303e-01
1.282229517163590887e-04 -1.914481089003415293e-01 6.134232859311422592e-01 9.983873647643949356e-01 5.944188280676754310e-02 7.998392722746383576e-01 3.497850843066115933e-01 5.857397965599446810e-01 7.354930792370976134e-01 1.435591714250159523e-01
1.272068425832016572e-04 -1.913397084303713469e-01 6.585686017948785276e-01 6.233295346994223163e-01 5.468945470480318649e-01 2.905253373965670516e-01 6.130344098094293592e-01 5.932036294123180786e-01 5.802842054774638436e-01 1.505873935065977776e-01
1.262659216600968458e-04 -1.906994632904304987e-01 6.559580237309027284e-01 1.941948346468600484e-01 3.500197658761086128e-01 1.909196377979444359e-01 6.425706593718719661e-01 4.075322220232463488e-02 4.748048010917871875e-01 1.502778693746708583e-01
1.224249844742622214e-04 -1.897162515793016091e-01 5.170960862457854024e-01 2.096547309375471624e-01 3.749035676729214339e-01 4.529054765528719440e-01 6.007563776393489707e-01 1.877286953650780243e-01 1.416732568521124058e-01 1.499382560052134050e-01
1.215537922408953161e-04 -1.889838073057155399e-01 7.554906764574261802e-01 6.321317592454394063e-01 1.436488478996599261e-01 4.457358931816560732e-01 4.655489498800786663e-01 7.678274413339092330e-01 7.880467558339245837e-01 1.472398672414102772e-01
1.208895321683744318e-04 -1.865895195419952635e-01 5.928248013811432404e-01 6.527228487601623996e-01 6.200353017250279652e-01 3.175030245520658601e-01 4.414887698728123810e-01 7.274558853083200605e-01 3.445293280446677375e-01 1.451039278091025286e-01
1.200997689652900469e-04 -1.852698697073093537e-01 8.039024493812173544e-01 2.603139309140446445e-01 1.096855661745826938e-02 4.130433958276702455e-01 5.173080150492135321e-01 5.998814365194687914e-01 7.849074746077940867e-01 1.483153065321958508e-01
1.191902204250895603e-04 -1.849979515053583046e-01 7.153947089288967831e-01 7.483952356605068079e-01 1.950227784882389570e-01 4.606294553536240954e-01 4.932701590246619250e-01 6.027231793439437046e-01 9.110860736991763797e-01 1.461488419591060739e-01
1.186233791353320761e-04 -1.818910505420036905e-01 7.167947660610610727e-01 7.870235764249833288e-01 4.310329710488744470e-01 2.643004183272269492e-01 6.340733681034771418e-01 2.396662191761032012e-01 7.709085994755207061e-01 1.503905437763755626e-01
1.177168745847374044e-04 -1.816882544172914171e-01 3.966141600827477465e-01 5.350432401848291830e-01 7.436441578656234341e-01 5.831632274588565146e-01 5.508467111281218909e-01 2.435540496315420356e-01 1.755787327404612630e-01 1.483932436204962457e-01
1.169290038419798397e-04 -1.805296662652580153e-01 7.618333336564390157e-01 4.805671349170405615e-01 3.301460332082519766e-01 3.263239391981401227e-01 5.829906204160993921e-01 9.009200909912320476e-01 5.563769985114638272e-01 1.503385517294965334e-01
1.160532836616874364e-04 -1.801731688127908848e-01 8.493732620560840996e-01 9.905664032733230151e-01 7.703489533202523276e-02 4.456901722700667978e-01 5.678019880974234379e-01 4.834356232017636423e-01 6.710033473389821479e-01 1.520437608679698072e-01
1.151493985890729801e-04 -1.801181772117886326e-01 5.103943780821981191e-01 9.546257721765655235e-02 3.582058899085625581e-01 6.194695471746827220e-01 6.294474773147826774e-01 6.064538760892672631e-01 1.035221039635077500e-01 1.504751084709194109e-01
1.143193549501246456e-04 -1.794786737569533108e-01 7.067591298183920623e-01 8.294706368363832238e-01 3.126450756852503510e-01 3.533130756718804166e-01 4.883426841930271767e-01 5.369649938515609344e-01 7.605045165792236883e-01 1.468197704606551968e-01
1.136746397208991070e-04 -1.772602187933991491e-01 6.205944333681133740e-01 8.503710858075719248e-02 3.403966449016981866e-01 3.771205859154843631e-01 5.293969155585404041e-01 8.909450637890183877e-01 6.666548917156872589e-01 1.461577551541680120e-01
1.127930217864305315e-04 -1.771720598180652750e-01 4.910806046609057507e-01 7.579952026376042262e-01 3.232178387659590535e-01 7.269469516401974030e-01 6.007959271886098573e-01 4.195842200978439074e-02 5.512116540781357710e-01 1.486299483647612329e-01
1.119801750414922551e-04 -1.765306705557587175e-01 6.091193652850844797e-01 1.877473619901203761e-01 1.369468623665700546e-01 5.834140105300110735e-01 5.037792753061598461e-01 6.803300964648135718e-01 6.845749503905489419e-01 1.458043390389997251e-01
1.111185404646470920e-04 -1.763809382844205575e-01 4.833047660828594383e-01 2.959713950141435457e-01 9.316673654842182462e-01 2.798082030439245638e-01 5.625401683738207037e-01 8.515908980213577895e-01 2.489751861884027528e-01 1.484210474260951318e-01
1.102622083845618804e-04 -1.762432442855610959e-01 6.804560049008768763e-01 8.216857368364037795e-01 8.104006787243276388e-01 7.457143603393839859e-02 5.826416916992231965e-01 6.116832983102331589e-01 7.669043022124842901e-01 1.490538891926778131e-01
1.068896313554116488e-04 -1.761770230986429708e-01 8.243175890533904759e-01 5.415117634997214102e-01 1.113903141955615017e-01 4.070085076391710133e-01 5.837658801080782833e-01 6.631688190127352778e-01 5.693711012572311159e-01 1.509653068178299362e-01
1.044718986635590917e-04 -1.761541407151104577e-01 6.612455217012221942e-01 9.612381421319828867e-01 4.496687397214808035e-01 4.209638878814670471e-01 5.549505809472332629e-01 5.544864184643383265e-01 8.103778533020311592e-01 1.486760341146200481e-01
1.015156441141963395e-04 -1.748948043927624485e-01 5.169389156048107559e-01 1.128510852004752651e-01 5.833477295376230387e-01 3.593666380009372108e-01 6.376886871732686535e-01 5.022928641275999917e-01 2.093593952977810813e-01 1.508000966437938184e-01
1.007965294270594589e-04 -1.745963880369962307e-01 7.396506711305401716e-01 9.917998417604186878e-01 3.724778856021163098e-01 4.407338403709765706e-01 5.222002913365225707e-01 9.642002296461857913e-01 5.849992589620416350e-01 1.499718989392118673e-01
1.000712959935940940e-04 -1.744100134981771411e-01 8.235029339812187654e-01 8.789910768419959552e-01 1.696439092558455763e-01 3.572536021243382653e-01 5.675564923545526330e-01 4.805149540294735844e-01 6.279116768022553474e-01 1.514697526013455420e-01
9.941186210345180532e-05 -1.736140543803199598e-01 5.595390161239761628e-01 2.611345852387896294e-01 3.322041634407070787e-01 5.304166556885077100e-01 5.865743039645296975e-01 5.405846159152996044e-01 3.633963133434936488e-01 1.490630663711401960e-01
9.872136124092041544e-05 -1.731767416029729445e-01 7.596295356595335058e-01 3.613981495818100464e-01 1.665614606512799689e-01 2.818097670325476201e-01 5.847285241305657522e-01 2.744649660593977414e-01 6.060873806835274102e-01 1.498138876276585152e-01
9.801669243992984883e-05 -1.729328879792128570e-01 7.012933786729758090e-01 6.505347196369299922e-01 2.462063868539991207e-01 3.940044681477951061e-01 6.064235459502914649e-01 2.548546749035995318e-01 4.602146692299353137e-01 1.510883993297247596e-01
9.733844283200706173e-05 -1.724692686856346968e-01 5.220329890697698039e-01 4.055801795464418213e-01 7.651552351780346317e-01 1.846756711794659833e-01 5.569321190692504420e-01 1.071647129088937334e-02 4.153081573178348251e-01 1.468170823061224484e-01
9.666757404602581687e-05 -1.719778473986022238e-01 6.861292266972902620e-01 9.499508744043732023e-01 2.267157292200301377e-01 6.126148335888645935e-01 4.141244876658327634e-01 9.609721877010958258e-01 8.493962765082134769e-01 1.455207411696973208e-01
9.596933994197977345e-05 -1.718196960903664305e-01 5.680828537349820184e-01 9.684233992502933042e-01 8.471397615965374772e-01 3.073183326148564709e-01 4.825972831121055351e-01 6.477908420257121325e-01 4.087856080565198669e-01 1.474470769271182535e-01
9.531157704675226924e-05 -1.712897702242328346e-01 5.824658157321559449e-01 5.030071347304468921e-01 3.066129652270407902e-01 5.350015024831085153e-01 4.129280324472450747e-01 6.829431505819516524e-01 4.631052750046890099e-01 1.439307578550584055e-01
9.462350306363142009e-05 -1.711277541662868940e-01 6.218883506468548816e-01 8.598337349641298477e-01 7.677713617001175050e-01 2.190580659424180288e-01 5.517695434447604796e-01 5.672769417990957130e-01 7.781507589545267889e-01 1.476400293905967831e-01
9.394877654170515438e-05 -1.708765353862810310e-01 6.533527648807834209e-01 8.916042120023238704e-01 3.961207310783332325e-02 6.769125176983603609e-01 5.896084721155251396e-01 4.333442034447265723e-02 6.548944631241725434e-01 1.494805105352457197e-01
9.326450900642605868e-05 -1.707791923300821524e-01 7.070360617268171000e-01 4.996050394009693418e-01 3.108581039182768402e-01 3.597743233203219981e-01 6.077180490307674265e-01 5.401116257850511193e-01 7.363923759236866706e-01 1.492886150798983236e-01
9.260104903771975674e-05 -1.705109536165038964e-01 5.341747992892130759e-01 5.753859482360869082e-01 9.882598338547505801e-01 1.343457943391043463e-01 6.039658850184481675e-01 1.279731968287948218e-01 3.390631008675957236e-01 1.499984448730982134e-01
9.195579643627655787e-05 -1.700960284322191318e-01 6.061720181294593113e-01 9.918089609103946103e-01 7.052514153216131731e-01 3.027390586866021693e-01 5.777130810302888442e-01 2.883650657728259459e-01 4.370341571956270488e-01 1.507791778155601059e-01
9.129081926816100419e-05 -1.699463822067548147e-01 6.001064185297423359e-01 7.494478403645865594e-01 9.675721651910387244e-01 6.451031617311020483e-02 6.129335745278621239e-01 2.282107777806705040e-01 6.717367094146088347e-01 1.488747000848616164e-01
9.063744136250586215e-05 -1.697218139310080198e-01 6.308852592487598221e-01 7.130359051225585443e-01 5.023996315716350303e-01 2.743490847696276602e-01 5.513559013962135991e-01 1.799721713260643563e-01 5.628953111769620099e-01 1.481919100424882452e-01
8.999034615635261621e-05 -1.694793946283654484e-01 7.400905273944254903e-01 7.346383338794708617e-01 6.916883423122088814e-01 2.598525273203189379e-02 6.003325251664641815e-01 6.216336958108967803e-01 8.340397822681042683e-01 1.494783184984976310e-01
8.941179441773068322e-05 -1.685217847808947456e-01 6.776885101755221186e-01 3.372278478188683870e-01 2.246186983121249703e-01 3.782978601715247247e-01 5.663338447699103329e-01 4.656239678631883261e-01 5.213503740602289938e-01 1.490274237193675300e-01
8.878924036355138904e-05 -1.681015038814323570e-01 8.399598701670699663e-01 6.383400494573242545e-01 3.177331952249666802e-01 1.406005535641966508e-01 5.969460116841702746e-01 4.843176850834542968e-01 8.508340260749882589e-01 1.496267327872085606e-01
8.816957367268116576e-05 -1.676976382541807697e-01 5.003400352930922335e-01 4.325978899244073972e-01 6.212102693948015064e-01 3.587604867361117167e-01 5.715426174128394043e-01 1.443684199525965828e-01 2.614406012937519619e-01 1.493772037646627360e-01
8.766554989389492667e-05 -1.660231600706887634e-01 4.985732847899159159e-01 1.879774240089815418e-01 2.216301105790864368e-01 8.271106179343366005e-01 6.025503504178940650e-01 6.422923053049842679e-01 7.217112341577680557e-02 1.504328729336400772e-01
8.702496587070584306e-05 -1.659497157195067296e-01 6.896446805907240352e-01 3.355865193827908266e-01 7.108849431170682909e-03 7.321878000179431467e-01 5.836089318205825993e-01 6.913664414839323369e-01 2.246399742451750114e-01 1.512540524520679663e-01
8.641169609193938923e-05 -1.656143117488758643e-01 6.733939850473881217e-01 9.708544631444524509e-01 8.160548472543666110e-02 6.470404595206667997e-01 5.715212624513295037e-01 1.709707535546093338e-01 2.431150520744975729e-01 1.519790306929893753e-01
8.578346166623646452e-05 -1.655037089824607233e-01 7.273786114810535386e-01 6.686019862804444269e-01 3.081246964040368352e-01 3.106424722452050813e-01 5.483952634040986096e-01 4.996103574678560921e-01 6.386646239308573225e-01 1.493349875852248154e-01
8.331763812578402736e-05 -1.653637763098762814e-01 6.920499280594005764e-01 7.038347579640160667e-01 7.079802730702189351e-01 1.196482390899001880e-01 5.893068627143398519e-01 7.304297662027333660e-01 7.748485687351867046e-01 1.491424937043574483e-01
8.276446971917027998e-05 -1.647788088376978544e-01 5.349437427150999236e-01 6.568092983313178479e-01 8.077533976287585293e-01 2.659679117593891085e-01 4.785556488530808283e-01 3.470358247245075578e-01 4.087209418397992344e-01 1.456382228180670979e-01
8.042924531908103353e-05 -1.647242256388393167e-01 4.300054174681566810e-01 3.395479081551178724e-01 6.611150257167771604e-01 4.557785114314416575e-01 5.878818002674758292e-01 1.156110798801657236e-01 4.528973638288896764e-02 1.499514819125309928e-01
7.991101805594898969e-05 -1.640961435146732761e-01 8.562716868420429117e-01 5.845396524999291188e-01 1.795266578614322373e-01 2.355694544721178285e-01 5.488367058522762854e-01 6.039973019561506451e-01 8.029452763978053298e-01 1.487757772989635463e-01
7.935042042882327036e-05 -1.640439409019776584e-01 3.983684092003527688e-01 4.473365848497965480e-01 8.475544318965479995e-01 4.809649296781205452e-01 6.081799885405289041e-01 7.576316157109819205e-02 1.047306428184319738e-01 1.495295238272099647e-01
7.881391148954721619e-05 -1.637359646609722053e-01 4.354939265802902915e-01 2.242004881010561945e-01 8.661340452642495302e-01 2.919280649186061227e-01 5.310623681728634526e-01 1.842160343646466192e-01 1.739000698341089945e-01 1.467363785794510156e-01
7.825754745315813006e-05 -1.637280112626413320e-01 9.143742058042143572e-01 7.554606382677415688e-01 2.166743389876339687e-01 2.181303150253253442e-01 5.813989613999911432e-01 8.146183989708217776e-01 9.970483940232387488e-01 1.495250538457744693e-01
7.773695819797951428e-05 -1.633102937550821865e-01 3.768113192656119548e-01 3.601702209640704755e-01 6.018182807742571416e-01 6.622800912043353971e-01 6.324501734622105520e-01 3.659850183349749875e-02 7.859582755853078417e-02 1.501916529492653141e-01
7.724993782640540631e-05 -1.625027810026333508e-01 5.544015162860884693e-01 8.710111495152819128e-01 9.917214737700190685e-01 2.438882626028377465e-01 4.561646004120888387e-01 9.038848707705273711e-01 2.833713206006226448e-01 1.462798455350110549e-01
7.676484943320033164e-05 -1.617098476525582751e-01 5.916196258091639404e-01 8.393819496742116471e-01 7.682627291964176930e-01 2.179203999702518657e-01 4.690799949561384463e-01 4.194413694352585598e-01 1.953203981265012046e-01 1.466177660068956057e-01
7.627733102768383578e-05 -1.609887038101820433e-01 5.950205370537706706e-01 9.320486645889054511e-01 2.646207464706678003e-01 6.479618954227539529e-01 5.723590186943893210e-01 2.281956096688122770e-01 1.715197938013520162e-01 1.516012324908798392e-01
7.581738998228798154e-05 -1.599446105721640532e-01 8.832266911103087148e-01 3.009885948811040768e-01 5.522141736862218320e-03 3.203340563754601411e-01 5.468676137936969717e-01 5.607538162680166804e-01 9.768777477718575408e-01 1.486901906043084087e-01
7.531507261084216369e-05 -1.594998153680705077e-01 8.573735091747939352e-01 2.320790203385231232e-02 4.858190207625012746e-02 3.017048383086691210e-01 5.910110516634513589e-01 6.991363178182303795e-01 8.904940190521004606e-01 1.493620119608981833e-01
7.478893149223728284e-05 -1.594179997078009892e-01 7.764986567049081412e-01 2.487497073472864084e-01 1.979007361821578659e-01 2.335027249126561677e-01 6.344764022273700066e-01 3.021895698675575170e-01 5.902577742886674361e-01 1.513198672196669203e-01
7.427671207724790658e-05 -1.591982288532995671e-01 3.988864943139208141e-01 2.776945090758777268e-01 5.234916007579825115e-01 7.382252174659351684e-01 5.644609083085726509e-01 6.203197352703964107e-01 1.662985952770406617e-01 1.488552788086278111e-01
7.375955508041705179e-05 -1.590929546329274968e-01 6.643629781284468017e-01 8.985958014522827941e-01 4.534782670012221795e-02 6.652190636568648952e-01 4.394357373636488817e-01 4.442471264290369648e-01 8.339412564241883707e-01 1.457830410077841643e-01
7.327481569615554866e-05 -1.585943319327110246e-01 5.252840198365456015e-01 5.053422363893487201e-01 8.299323964078533233e-01 2.196782146074078013e-01 5.398500954894485115e-01 2.660538267815424351e-01 3.893263314618032322e-01 1.475439124514991152e-01
7.276299782657697239e-05 -1.585115503340604470e-01 5.127172081509917545e-01 3.927142180434598506e-01 4.802410081537690778e-01 4.650387964661628071e-01 6.394010885604969330e-01 8.940589256310060851e-02 2.037901716630537985e-01 1.514380286864919489e-01
7.232628206637393184e-05 -1.574393289611638047e-01 5.683655044639420728e-01 6.397381728308747517e-01 5.163556904594246433e-01 4.931029731708588271e-01 4.938707740320485984e-01 8.851103525799343119e-01 5.216240318757593419e-01 1.470454429052188705e-01
7.185027339584121537e-05 -1.569502899372955396e-01 7.770349065041969316e-01 9.557483689482140221e-01 4.785295198769199398e-01 1.398284380051766362e-01 5.500318720437780140e-01 4.650705631667194639e-01 8.191190967194768024e-01 1.493775637197757855e-01
7.135487935812560400e-05 -1.567767811420334167e-01 7.635572076133939623e-01 5.172409704274923969e-01 4.141527483800149789e-01 1.329606668086568133e-01 6.221190086134688046e-01 3.686555109831821664e-01 8.234434484377686214e-01 1.501135599924964537e-01
7.087577595668252261e-05 -1.564216001532874045e-01 5.968530599173327289e-01 8.580663272502910832e-01 3.871583992154236653e-01 5.348283344767205127e-01 4.187872951026222479e-01 6.241043913919405162e-01 5.975632938338321098e-01 1.448344485066996590e-01
7.039980569636685684e-05 -1.560676086367473459e-01 5.502666192307684723e-01 5.436714287353586750e-01 6.981149459070359331e-01 2.546509818188039675e-01 6.436594076970952871e-01 5.400842623037749313e-03 5.040665015290870521e-01 1.500418493808068909e-01
6.991978451723236546e-05 -1.558172637254167381e-01 5.085904799918350427e-01 4.953118744302135723e-01 5.015171822282826763e-01 4.599793255084929644e-01 5.780043034206833186e-01 1.910392598986785928e-01 3.036271589561287954e-01 1.491166658929469202e-01
6.800870952189519273e-05 -1.554583179155660244e-01 6.565532816364278990e-01 8.093865411758583983e-01 6.311353486077285746e-01 3.311900779947891671e-01 5.657889845762203995e-01 9.136808856366852583e-01 7.118252927462189739e-01 1.487937874308794262e-01
6.758436054837535761e-05 -1.547730482018370990e-01 5.587595138084134883e-01 6.116992301946462263e-01 4.104101035430273159e-01 4.632152979443637797e-01 4.493454652371523528e-01 2.935567672524640459e-01 4.704378414546547260e-01 1.447191153244099526e-01
6.712729344099828941e-05 -1.546144882412910926e-01 7.110312298843290968e-01 3.947213789928762928e-01 2.844665474789594972e-01 2.063246781476500979e-01 6.059688282699142725e-01 5.096424875391286635e-02 7.442500449221942649e-01 1.485484529251198671e-01
6.669654075933538115e-05 -1.541076738629575393e-01 6.856206570905118980e-01 8.863340097833493081e-01 3.530427571402077191e-01 3.015717560798829022e-01 5.260088995601035489e-01 1.158850046696803249e-01 8.013182604168481715e-01 1.462858912203734152e-01
6.495204106223492215e-05 -1.531186438594576982e-01 6.110673860628713649e-01 6.970199323584792550e-01 2.263768941929393541e-01 5.885388628685386259e-01 6.227823082341470418e-01 1.378436114178618332e-01 5.654519337208828711e-01 1.498488212593407087e-01
6.325840381584095105e-05 -1.526023486256169182e-01 4.501431311209355135e-01 6.265135144566418290e-01 1.147413910053878272e-01 9.870748035682878063e-01 6.307915298306568941e-01 9.621469159972528828e-03 4.230232771095687738e-02 1.507304120074059173e-01
6.286840775030648248e-05 -1.521198913847327527e-01 4.836311713332310802e-01 3.125063668907518966e-01 2.653572533701476499e-01 6.227950614471624569e-01 6.000060704152194724e-01 7.544882856888868172e-02 3.615722963767433740e-01 1.490328528658416696e-01
6.246098097318233228e-05 -1.519549433734137811e-01 7.336895833516376975e-01 4.067439799570282677e-02 1.556178937491475844e-01 3.352062862578757962e-01 5.546406199344819932e-01 7.123025081679212889e-01 4.910955761210161197e-01 1.493237969716327551e-01
6.209226586767122285e-05 -1.512088960712779095e-01 6.569899500195034436e-01 9.670240487792766126e-01 7.542642545925294373e-01 1.635886913775029816e-01 5.121899713315504199e-01 5.843048992485769810e-01 6.185431649768683426e-01 1.482356465095469866e-01
6.168619713342922840e-05 -1.511034708542666749e-01 7.385134303816653922e-01 7.735946741066253018e-01 4.930887993833046878e-01 2.235343795205802508e-01 5.170108003785117701e-01 9.487860817878914776e-01 7.020146779628249067e-01 1.481182332984709304e-01
6.130071687808384478e-05 -1.507054632683640649e-01 8.277684459285237217e-01 5.311852552309905828e-01 7.299522761129079163e-02 3.983547779488420537e-01 5.243655660137312990e-01 6.625100748710471832e-01 9.587144867946686411e-01 1.473456269230004612e-01
6.093785799725205899e-05 -1.499757104933496232e-01 7.053495122111786975e-01 9.908657047864022349e-01 3.033257472487383977e-01 4.658727706468799856e-01 5.090779164635206300e-01 6.296643687207251761e-01 5.482849609043737305e-01 1.497974329019287620e-01
6.056010607897859157e-05 -1.495273066321443634e-01 4.045965806683152755e-01 2.905150868344457127e-01 6.812006494449422966e-01 5.670698780277332318e-01 6.181437974571232230e-01 3.367729947418106606e-01 7.439773521977022241e-02 1.500836633376450846e-01
5.898532326448597217e-05 -1.494710062676418150e-01 5.870271881596291763e-01 6.024596937915612793e-01 5.882130622009598131e-01 3.400305478589046304e-01 5.333049722728665509e-01 5.712629498217947077e-01 6.399249626371611432e-01 1.474470642920116259e-01
5.862209007067455379e-05 -1.491121240730280406e-01 5.921590979818752709e-01 7.425021363280176478e-01 7.750444159829361634e-01 2.335367415492781429e-01 5.091716936626281553e-01 6.168836637303455328e-01 5.341815642473931591e-01 1.472508372246690844e-01
5.825364183915007196e-05 -1.488811542387730447e-01 4.952344420830269156e-01 9.220146834861270291e-01 9.108345379605594649e-01 4.048847701029664736e-01 5.451398516688488183e-01 2.975950862280992149e-01 4.839513455896871097e-01 1.486774807020375955e-01
5.678188686292089430e-05 -1.485791282431609406e-01 5.296497938391060423e-01 5.538639101505490325e-01 9.165451066657086532e-01 2.361964839041486297e-01 4.609886202418927437e-01 7.631816583512823771e-01 1.929188734667220406e-01 1.445575350950643323e-01
5.648325050227275511e-05 -1.474421105294895784e-01 6.698561408624680302e-01 8.396353535493884523e-01 3.581907932144698936e-01 3.085765891353162704e-01 5.315567008305838170e-01 1.093336952602056433e-01 5.926628627484289424e-01 1.478555224420168290e-01
5.615185055526576387e-05 -1.469163590415530074e-01 6.117007491541130992e-01 2.252437245644671182e-01 5.443086443899335380e-01 2.891097909497317708e-01 6.338455324127194590e-01 6.997505771923674400e-01 4.805984402929737165e-01 1.501416627173883245e-01
5.580466461420564617e-05 -1.467082794937588919e-01 8.467027524724181076e-01 6.696748590603006646e-01 4.545614744839538424e-01 4.650069014315660887e-02 6.081711355676320263e-01 7.075131280441487869e-01 9.738880861527936528e-01 1.496048039017675024e-01
5.545910541842348745e-05 -1.465095743683439977e-01 7.645774671940168687e-01 4.328270970308734089e-01 2.352545992300281164e-03 5.501541451041678243e-01 4.273712947113307292e-01 9.197026847852769471e-01 8.079617640987354354e-01 1.450625449039650849e-01
5.512260024017553463e-05 -1.461854280419085661e-01 4.841646868418983396e-01 4.148724390025078645e-01 5.578416893040996083e-01 5.107192506386858399e-01 5.399706710281395594e-01 5.813765800769343794e-01 2.960936791140866831e-01 1.481911733355118221e-01
5.478517236132047938e-05 -1.459153913998806618e-01 7.250541557968586126e-01 5.389264442325649718e-01 3.774781137390169072e-01 3.568367522708939532e-01 5.560495526950234302e-01 9.946879077280383896e-01 8.851516301220926364e-01 1.478285621975391761e-01
5.449433443561601132e-05 -1.448279740271034843e-01 6.096070073396911981e-01 7.361572835699469186e-01 6.804170907151979586e-01 2.204415256377809662e-01 5.149903865434634076e-01 4.868730037360607943e-01 4.609388325212846471e-01 1.473134613294087014e-01
5.418841074622256731e-05 -1.440473968609324307e-01 6.836878241407480239e-01 4.266335908267466226e-01 2.258512722899742586e-01 3.419751150471668777e-01 5.739025235455701424e-01 2.105092644757433906e-01 9.080507331705831575e-01 1.475524867860798228e-01
5.385136539468202371e-05 -1.438764433626129324e-01 6.283606558401280129e-01 6.465805543559842716e-01 2.627739209451099844e-01 7.134831139149107049e-01 5.579230567424673382e-01 9.102651358601167031e-01 3.900509396205481538e-01 1.496264086405607596e-01
5.350995490818508224e-05 -1.438262361093019248e-01 7.738605862867351526e-01 8.306405837195038888e-01 9.824804720915408796e-02 3.937403150393371520e-01 5.370539273197117991e-01 2.084350794828077336e-01 8.305569489021404905e-01 1.478278272497912105e-01
5.319138921155533201e-05 -1.433871630200518887e-01 6.342255666429275074e-01 8.966767310562469007e-01 6.427175601836718766e-01 2.906413299247939674e-01 5.038328468431585438e-01 7.081306798357606125e-01 5.961198296007722552e-01 1.471412388499233059e-01
5.286415769935079136e-05 -1.431478719232016639e-01 6.055549189403375276e-01 8.453428254195527458e-01 9.631034699606015881e-01 1.316451541506238609e-01 4.974991017440527630e-01 8.147192663998168438e-01 4.722108553057530189e-01 1.471268501922421423e-01
5.253775196970848809e-05 -1.429311802042015356e-01 5.351444412618625579e-01 6.284217230589154157e-01 8.939015385324817764e-01 1.940132054672845940e-01 5.896486777165311777e-01 1.194837947893933050e-01 3.404405117839801598e-01 1.494607805125647559e-01
5.226975694351923448e-05 -1.416349774157293351e-01 7.365722922603061829e-01 3.307761731859099052e-01 4.156522451834874787e-01 2.347327902400900279e-01 6.131901196869088411e-01 8.444139138271828937e-01 8.021843383164499741e-01 1.495696141880746011e-01
5.195054139960660603e-05 -1.413505246581801822e-01 8.650568872905897155e-01 7.134130240156384417e-01 2.021973003621768683e-01 2.645627129571395120e-01 6.039596046903197291e-01 5.843295482109367445e-01 8.887489799859278339e-01 1.503504380624854642e-01
5.162528597419763178e-05 -1.412208165728491838e-01 4.425950244072812123e-01 2.967985102283177135e-02 7.969223275254800898e-01 3.536185300150366806e-01 5.374026456959274389e-01 8.832136049923746679e-01 2.347836500336998311e-01 1.466085879938849590e-01
5.133644040932176138e-05 -1.404213115120922506e-01 4.106186683874139542e-01 8.365629075939235992e-01 4.828691171915698854e-01 9.273794363764531479e-01 5.314243059724651497e-01 4.416953589667402258e-01 2.924608688185981742e-01 1.484222872443372310e-01
5.104207775507313568e-05 -1.397615478945715972e-01 5.549263474613186364e-01 9.781370110190423794e-03 4.750779659884534212e-01 3.060941839659577779e-01 5.418113170343897833e-01 6.546370624398820670e-01 4.559397712960876481e-01 1.463968427168386433e-01
4.976587954080347232e-05 -1.396842537813868801e-01 6.307999908938025646e-01 3.909587784124220478e-01 4.456644917825474117e-01 4.440039400932105362e-01 6.062949572068879744e-01 8.614032303689359571e-01 4.075816371961664686e-01 1.503731594784204206e-01
4.946720783323193328e-05 -1.394145630002205927e-01 8.314589450674814142e-01 7.342403999811568660e-01 2.490315979430371418e-01 3.575231206749856505e-01 6.016799693394953019e-01 8.280524338024330966e-01 5.322200931181417793e-01 1.524056665081902073e-01
4.917667714306982456e-05 -1.390157675569531348e-01 8.106544153483903337e-01 9.912679437956214423e-01 3.075121570706266239e-01 3.417576254232612132e-01 5.511719750145638308e-01 7.957799637869034104e-01 9.314714916167983194e-01 1.497639639327869865e-01
4.887879413832264927e-05 -1.388022839571320111e-01 6.588921459269444503e-01 6.412832193312868467e-01 6.192706887463466092e-01 2.017376646339864577e-01 6.078671406392673893e-01 4.829085640754233189e-01 7.407248205803512731e-01 1.493549246193295876e-01
4.858723002577037094e-05 -1.384958807936755576e-01 5.201487216924698398e-01 5.613205117190316340e-01 7.411995028338005387e-01 3.454748149412564251e-01 5.265894124987734459e-01 6.274250218966281878e-01 3.842719267152369667e-01 1.477866801574361511e-01
4.828310619673677325e-05 -1.384855810341848459e-01 5.243803307160974647e-01 6.214181471441109217e-01 2.343753783238019250e-01 7.756879380892217624e-01 6.074562519665911431e-01 2.632927846644066427e-01 2.906532591253252473e-02 1.518675899994099687e-01
4.798340142101793120e-05 -1.384228567747476935e-01 7.139299558649065958e-01 9.375069273729326191e-01 3.585493633676758440e-01 4.312781518473615683e-01 4.867295134107656462e-01 8.840146910672160852e-01 6.197809836301138020e-01 1.487394191403800248e-01
4.768982721751040287e-05 -1.382705867042428316e-01 6.480680576683003347e-01 5.904596619069689689e-01 9.019305995107557150e-02 7.674880079198058702e-01 5.699356055706250590e-01 6.638529320115673649e-01 2.062613002145460284e-01 1.511927716778668496e-01
4.739317127427514963e-05 -1.382212354187744019e-01 6.698009773619809648e-01 7.477905204798362959e-01 2.915542519856390014e-01 4.778148642064489748e-01 5.443679194799607712e-01 4.944938313468478785e-01 7.875610115257216659e-01 1.483739544725530823e-01
4.710460708090238895e-05 -1.380392685016857413e-01 6.960774073680978669e-01 8.451361053798486234e-01 6.842640886132478339e-02 5.715981111116801294e-01 5.918933513088338039e-01 4.243468679623924045e-02 5.680016597460736394e-01 1.509097374769491628e-01
4.626044929825031857e-05 -1.373722628011118940e-01 6.276827706576717514e-01 7.490672090307963771e-01 6.149289637453672075e-01 4.000171687500183593e-01 5.647932179438835965e-01 9.964920353715702728e-01 7.544095638377601443e-01 1.481712280004397198e-01
4.599903489409549800e-05 -1.368280361839274706e-01 6.183661561900911652e-01 4.447659772591072147e-01 2.373421947775171126e-01 5.615294800311185774e-01 6.248921629845374248e-01 3.811543470463377714e-01 2.325742843205964028e-01 1.514204742604633169e-01
4.491152328052903979e-05 -1.361375551890837421e-01 4.874604022491073052e-01 4.674136445084419167e-01 6.652446319129493579e-01 4.158867238541885669e-01 5.279322854866765891e-01 4.727254037649123442e-01 3.686301291208671227e-01 1.479228191823858118e-01
4.464554431914144017e-05 -1.359798881949527138e-01 5.938508491607584761e-01 8.645597758518825948e-01 8.512860777993314088e-01 1.486421660996054550e-01 4.927268500992944000e-01 3.267578605947031312e-01 2.897225723875721526e-01 1.473673892127531360e-01
4.438762616946567794e-05 -1.356760975577009642e-01 6.941072734429355462e-01 8.609969105459935879e-01 9.792023556194967560e-02 4.600563182535746809e-01 5.162682191039548174e-01 8.254717267120570412e-03 9.956285597728509185e-01 1.454883638879159169e-01
4.415430773676433900e-05 -1.348487845302117627e-01 5.866925390340237412e-01 5.700752294807062137e-01 7.380863656154781349e-01 2.562019744216180173e-01 5.440078188611019439e-01 8.189997429887726499e-01 5.457961998182528918e-01 1.478542157779293154e-01
4.336145020338891232e-05 -1.347862487623282257e-01 8.104453963678757145e-01 6.076904267361226131e-01 3.768704808832170627e-01 7.526869209180891973e-02 6.155609099258164685e-01 2.323188223629984450e-01 9.908327664887819353e-01 1.489367328541127689e-01
4.311707820550256042e-05 -1.344137899066932540e-01 8.915096498002488268e-01 6.520146599492490092e-01 1.088490385773293601e-01 2.194009046738706337e-01 6.033151794665959633e-01 2.895382142237657996e-01 9.639467748931762614e-01 1.501823144686059985e-01
4.286445708665766234e-05 -1.342658818188975089e-01 5.133251735384228853e-01 9.147485804787571784e-01 2.763597202920702878e-01 8.890173300309234250e-01 5.143179265892943164e-01 5.535527847837631299e-01 3.169759620143310364e-01 1.491891788152887310e-01
4.186309599503036769e-05 -1.340225753799995090e-01 4.620773950069817504e-01 2.912903191283103266e-01 9.615253304163898784e-01 2.543721734189005601e-01 5.577014000283583295e-01 5.917668786897234412e-01 7.698074730641102370e-02 1.492327478944008856e-01
4.161623164495522763e-05 -1.340198156643589156e-01 5.867828973709159346e-01 8.537472510294971118e-01 7.810455845241378592e-01 3.141881157628809151e-01 5.023808676678090945e-01 8.642968065564899938e-01 4.203835160530057236e-01 1.475922649625932837e-01
4.137777544263743646e-05 -1.338490192072893381e-01 4.718149983093984368e-01 4.722762172191162233e-01 6.712992575931227002e-01 4.957125419074179806e-01 5.707156621195603741e-01 5.131029693318002183e-01 3.045202452032766405e-01 1.487951835813182966e-01
4.044383335467781213e-05 -1.332173810522811197e-01 7.121424714140764944e-01 4.266880798280411335e-01 5.540050164535507138e-01 1.151870535392724992e-01 6.067447274078473507e-01 6.610447842232569649e-01 7.082950145890000160e-01 1.495101197359650080e-01
4.026986401959535539e-05 -1.317142102475335197e-01 7.779943722444520038e-01 7.903184766348326784e-01 1.613316273016954239e-01 5.768484309788493025e-01 5.924317842343637119e-01 8.646779294402286986e-01 3.937174944652228614e-01 1.519694880308299634e-01
4.003650766021587452e-05 -1.317119255298550839e-01 4.516412068717475803e-01 4.320093646962725464e-01 2.097835879735178433e-01 9.821571431994742252e-01 5.674540433248724813e-01 5.685503113842540479e-01 1.750799197554553932e-01 1.488367645147951335e-01
3.913514690181038152e-05 -1.314270293442483251e-01 5.097073942670062863e-01 1.971591575738075863e-01 2.925001625245466363e-01 7.512247135926759523e-01 6.175922484241384014e-01 6.690532766951088339e-01 8.726368743174872655e-02 1.504934860194657720e-01
3.892136645615916176e-05 -1.311903385410660150e-01 7.594008201794073543e-01 9.364723369468732628e-01 3.628086527190297339e-01 4.209709432513675798e-01 5.832931655003080751e-01 8.907491053610467890e-01 5.464569051296510604e-01 1.512537857601214675e-01
3.871890291534235131e-05 -1.306914906758833428e-01 6.463958187805988187e-01 5.179143333333597887e-01 7.446485998477847534e-02 5.803468396593262080e-01 6.192288785385430261e-01 7.648218758866875966e-02 6.061536956728665881e-01 1.497814356404763569e-01
3.850846820893711377e-05 -1.304269625841796010e-01 7.052618851201031269e-01 3.966754489288175645e-01 3.457143011354373296e-01 2.183805025913898301e-01 5.914880931312533896e-01 3.205230079305175783e-01 8.290011131782835108e-01 1.483922760544766073e-01
3.830024225179769892e-05 -1.301346261774908586e-01 7.234668640769230663e-01 1.366639022750720245e-01 2.936473507225640933e-01 2.619495580352625419e-01 5.956263091290562306e-01 6.567915526687014838e-01 5.502568060339071421e-01 1.502653240804932289e-01
3.811060373614708708e-05 -1.293840050466128488e-01 6.747221697464039769e-01 9.778167035259045514e-01 1.602145706388713453e-01 6.267174727215704122e-01 5.645539107405884716e-01 3.070714446748298854e-01 7.202540361195823859e-01 1.497201500232913374e-01
3.789603356147033906e-05 -1.293158247862752075e-01 6.868784846738702488e-01 2.848900445020362548e-01 1.184927273257766478e-01 4.322596284884478446e-01 5.001747480899760845e-01 5.244151334355067196e-01 7.376987338536655781e-01 1.464476882859184481e-01
3.769623390242797734e-05 -1.288877973367804630e-01 4.064082360563184837e-01 3.849643891059282286e-01 6.554013908667084554e-01 5.667449574861300743e-01 6.159628476864400515e-01 1.025175900068366341e-01 4.689435629587979104e-02 1.500679924985809377e-01
3.687991955154090696e-05 -1.281170195204584250e-01 7.598991941166308717e-01 1.622010916865111452e-01 1.829178080938242967e-01 2.819085105483539189e-01 5.558347500697079502e-01 6.719547883781882280e-01 7.281802269601902466e-01 1.479950337949988703e-01
3.667386864445714437e-05 -1.281017839080290377e-01 6.814921419147487169e-01 9.240593379998403023e-01 1.838270029096210623e-01 5.005956384358577482e-01 4.888298957321575711e-01 3.154239986904012749e-01 7.967428521366924921e-01 1.464849508740840578e-01
3.609052077610837560e-05 -1.273759146409026710e-01 6.481229592921641247e-01 9.697532114926760149e-01 2.533989035434873749e-01 5.574413793770148784e-01 3.883728735526102982e-01 6.207522014018259648e-01 6.747023718753430988e-01 1.437074598526265623e-01
3.589115854225957420e-05 -1.273596225617318611e-01 5.871500919366465787e-01 6.423537671287326001e-01 4.390969673681743290e-01 5.152103753830568067e-01 4.236232831681051025e-01 9.805625164026334772e-01 6.155811346771412618e-01 1.437756086385216237e-01
3.569381127920210066e-05 -1.273177317741830405e-01 7.717817796781109019e-01 3.923466321784739308e-01 1.741656913069651869e-01 4.115093892502370565e-01 5.150437502602345230e-01 9.453891390332347378e-01 8.557402217465529537e-01 1.473631866274250912e-01
3.550225284950196962e-05 -1.271433414358254244e-01 5.319825374959343822e-01 5.961941554366926299e-01 7.699693971000673987e-01 3.614855731928365290e-01 5.086185958181426159e-01 9.154866449201309875e-01 4.256454221640048607e-01 1.468484319286358641e-01
3.532398961331644432e-05 -1.266216153313574067e-01 7.162828664469420570e-01 6.142151443688135259e-01 4.403128933457665095e-01 1.655896193059718802e-01 6.296097086061362980e-01 1.635455004429733905e-01 8.661792018247782554e-01 1.490915836024430396e-01
3.455849448860720985e-05 -1.264911981766879689e-01 6.442507117783118353e-01 7.559408800707594356e-01 3.743384905318941636e-01 5.344025837293217007e-01 5.603464524157024673e-01 7.331265095090865325e-01 3.764521127845724680e-01 1.507079680246201647e-01
3.437348887912762123e-05 -1.263945028978652185e-01 5.994859397971542547e-01 4.641484152086799986e-02 1.545295131522972376e-02 5.641115311690918510e-01 5.407091617101870140e-01 2.746286949288517798e-01 4.587147319262968037e-01 1.477388529899843206e-01
3.419262708168247953e-05 -1.262055787437112164e-01 5.741299696094099847e-01 1.210723791959100737e-02 4.082852144755097501e-01 4.055298468513853227e-01 5.998363423663559679e-01 7.315787983184914856e-01 3.617123437410930120e-01 1.497520391370145143e-01
3.364769430236909506e-05 -1.259664412772638076e-01 8.633221289098881313e-01 7.408143687461450355e-01 3.222593636097088043e-01 1.886574576994849706e-01 6.054434979258451754e-01 6.830155474717984898e-01 9.930266603015849292e-01 1.503390473694362905e-01
3.347188835400930336e-05 -1.257996366930918264e-01 4.780281667725662098e-01 1.988562943334144517e-01 8.602254640402942076e-01 2.421784773692037540e-01 5.129274399206344981e-01 6.338596504192250958e-01 2.542758516297592419e-01 1.460931504767028211e-01
3.330407282764082783e-05 -1.254204675767048027e-01 4.636114171151081154e-01 6.984611167446200808e-01 9.422236499929950160e-01 3.887873489586627374e-01 6.110204486367425414e-01 1.019045176007238873e-01 4.080687135943746879e-01 1.492957961289888280e-01
3.278325009914866058e-05 -1.250531298020110538e-01 4.690249668641314207e-01 4.642969167850308776e-01 2.962558902436525088e-01 7.324238955029960252e-01 6.379722440255777283e-01 5.267618728197037692e-02 2.015232100519627756e-01 1.505417371459712161e-01
3.262945960870667950e-05 -1.244077041767742142e-01 5.989016363285175615e-01 4.481314559908444739e-02 1.938468522179162545e-01 4.466246405333519354e-01 6.287280375940246246e-01 2.287366310345212983e-01 5.253993854566837429e-01 1.493621943318400591e-01
3.245598183713541162e-05 -1.243908935933092791e-01 4.933322412052291162e-01 3.004874915723847462e-01 7.159874844841461750e-01 3.086522842542606115e-01 5.278929376567285114e-01 4.290430435572558654e-01 2.600032065888052690e-01 1.475452063461214769e-01
3.228429698860053269e-05 -1.243471156291703350e-01 4.471335549014080479e-01 4.101785062799798709e-01 8.127537655531701377e-01 3.853894833460511649e-01 5.455817754050037438e-01 3.431976409007896356e-01 3.106030349732493701e-01 1.475034556928670471e-01
3.178126389413086470e-05 -1.240934131443663935e-01 6.064765580456045191e-01 9.339995337794171348e-02 6.035340672763105374e-01 2.112379266175015147e-01 6.013516706770554165e-01 8.845112926437455059e-01 5.499222683142314105e-01 1.483637596196636099e-01
3.128515585569653591e-05 -1.240368713527231492e-01 5.875759448170144728e-01 5.542932303551523221e-01 4.788758624387480789e-01 3.890230919939623999e-01 6.069834001826817094e-01 3.181000673647375043e-01 5.844764149820191879e-01 1.493371835745134213e-01
3.112308417975655596e-05 -1.239952000662481596e-01 5.925970223398135950e-01 5.925275308765181048e-01 2.647875619047230233e-01 5.222733139733781726e-01 6.281686406929327671e-01 2.108529330238995136e-02 5.292120411722120998e-01 1.504153128750425894e-01
3.065159340224759551e-05 -1.236350934160906911e-01 5.215820880586847785e-01 9.031336818130573096e-01 5.163850991148472014e-01 5.918189920742638055e-01 5.441225392769056812e-01 2.860725390804912949e-01 4.969186755847328496e-01 1.487674642119506951e-01
3.049500005507533779e-05 -1.235756567650710125e-01 7.785285178725700472e-01 7.026334828598370663e-01 4.168755060491153852e-01 2.000539763345403066e-01 5.536570848039336079e-01 7.808770986691252469e-01 7.345594686306509136e-01 1.494936889055769047e-01
3.034039203260460192e-05 -1.234771520204156758e-01 7.785707448383243356e-01 6.519227499855367869e-01 1.026096784656607697e-01 5.992769298959306212e-01 6.047574544420967202e-01 8.154251418892535241e-01 2.251479812073238218e-01 1.527146588898306845e-01
3.019555894518460219e-05 -1.230808412470205532e-01 5.050125475375175643e-01 2.017755376674899570e-01 6.326914391216587052e-01 4.085534561557462307e-01 5.594034120661480758e-01 8.624779430804401237e-01 1.803660302601370335e-01 1.489681248988452000e-01
3.004624935360982580e-05 -1.228565132011964905e-01 4.925925991706477380e-01 2.913491874716129804e-01 3.770770677035998886e-01 5.619870882792463718e-01 4.925036257874002565e-01 4.901073237427901463e-01 3.643632438184813416e-01 1.463156257523639536e-01
2.991626595609550799e-05 -1.220106613331406742e-01 6.498846554085708771e-01 9.803021902091165751e-01 6.089387846324408882e-01 3.289582149339265182e-01 5.178787123967588668e-01 7.572078483171977847e-01 4.933681660108072409e-01 1.489815404523205378e-01
2.976262654364937411e-05 -1.219781949827145745e-01 4.408940334974426056e-01 5.823060771995935969e-02 5.631817755444755713e-01 5.426746536292503809e-01 6.348001087818794241e-01 5.383888325481742676e-01 4.328366207512840402e-02 1.504664106089370068e-01
2.966340872589675614e-05 -1.201360546126108986e-01 6.706698269320960915e-01 9.291918874774807158e-01 2.796872505525400676e-01 5.502158182502547845e-01 3.862176520142702740e-01 9.316627413401710189e-01 7.422654838217725981e-01 1.435829690511623569e-01
2.951473275618286119e-05 -1.199794101245194033e-01 6.047188336922892926e-01 7.801086855807903842e-01 6.215867995199259033e-01 3.019373987464921139e-01 5.819275482943501165e-01 3.397800043837155837e-01 5.729283218169392011e-01 1.491433722481056157e-01
2.936600431393711279e-05 -1.198499276742851088e-01 5.605662335777229499e-01 7.888617735320475610e-01 7.637957572417335417e-01 3.626301587890545242e-01 4.946638734742905830e-01 8.534205424352587777e-01 3.907577493095140686e-01 1.475043832579871761e-01
2.921775984972217982e-05 -1.197295315485738809e-01 7.144673600966374716e-01 6.347538632391079849e-01 4.626758942930409013e-03 4.899105062848331249e-01 5.091747742720753589e-01 1.526093129134525328e-01 7.350877667892993239e-01 1.472970927704244926e-01
2.906784251953528284e-05 -1.196924277346102516e-01 6.006418933636442636e-01 6.680353968098571293e-01 2.988977579448223731e-01 5.993041933316611836e-01 6.042677925796580141e-01 3.891402756494274362e-01 2.305307173080508032e-01 1.516213728362145186e-01
2.892117143273551671e-05 -1.195696732235925763e-01 8.035594597592330413e-01 6.116501081268602702e-01 2.762133308153441602e-01 3.544270028645241655e-01 5.962410099378765427e-01 8.712650076280936684e-01 8.303031105861262695e-01 1.503715369249997713e-01
2.877466300091907099e-05 -1.194669855002896131e-01 4.930349705175413044e-01 7.264649642320974987e-01 8.690292250316689060e-01 3.398851538259388683e-01 5.688136411626054656e-01 1.866381094695924725e-01 2.457427256700698837e-01 1.494891806102249532e-01
2.863161274172808832e-05 -1.192694333596504563e-01 7.221356780107319739e-01 2.433690888861643198e-01 1.821310452990350104e-01 3.536814900406233253e-01 5.104971295165604550e-01 7.597300985387179795e-01 6.114747259232165000e-01 1.472693619956073618e-01
2.849140635078142180e-05 -1.189970239626115950e-01 7.025999398977514909e-01 7.132093878341249082e-01 4.481312697440988924e-01 1.862016468369946665e-01 6.148775942002021599e-01 4.532099598062450108e-02 7.568001038266727321e-01 1.491045495448727887e-01
2.834496969292184062e-05 -1.189686085112654917e-01 7.444241895240782947e-01 7.185547104084814007e-01 9.767960223451638280e-02 4.462106051831429276e-01 5.588885081053814874e-01 2.389795764801538325e-01 7.287777844864551380e-01 1.489247452724051235e-01
2.820528047067278775e-05 -1.187276287674735725e-01 3.693877885259927440e-01 2.320814967369460580e-01 8.337465545116728993e-01 6.266566938490949479e-01 5.493731235373305877e-01 9.453891078614795607e-01 2.510835419043722094e-02 1.486217945326401835e-01
2.807369257600478955e-05 -1.182225622007788690e-01 4.713286723026401948e-01 2.681260590935231058e-01 6.096824523878899837e-01 3.808482831478750552e-01 5.912381506777124596e-01 9.056994182032268581e-02 4.056223144474438991e-01 1.480335882874784514e-01
2.793554213008241606e-05 -1.179743560518185519e-01 8.634582504088967880e-01 9.163036347031252582e-01 3.621376943703741302e-01 1.750126767446399112e-01 5.564201635924942435e-01 8.659186684262740741e-01 8.815025225183525937e-01 1.497103031276944551e-01
2.779732211304562954e-05 -1.177531092766145315e-01 8.209571061577094486e-01 3.383276820035984178e-01 4.592054999659833658e-02 3.351090208698286332e-01 6.085797941737588479e-01 2.536133897645935220e-01 9.203572248024074476e-01 1.499189022644396019e-01
2.765689901940804563e-05 -1.176362420130759728e-01 6.940938023887084363e-01 9.299026300439361403e-01 2.176229307894198273e-01 5.141750578533754723e-01 4.925332771211800575e-01 5.074167826381270618e-01 8.957908774200558089e-01 1.472451457051713875e-01
2.752151220264135032e-05 -1.173621433847176765e-01 4.975699373577585627e-01 2.420281270037228927e-01 5.668446426508497726e-01 3.773215093914951135e-01 6.192265911264790423e-01 2.360254840215864902e-01 2.182357718437606398e-01 1.498640633423956869e-01
2.737961413556512229e-05 -1.173500301832560155e-01 4.710743839667591581e-01 1.414675378962781394e-01 7.665677449327403803e-01 3.125204793537562087e-01 5.423455456700989608e-01 7.159698276939820971e-01 2.144178784797618476e-01 1.469031767135637878e-01
2.724324301612024446e-05 -1.171618822133411592e-01 4.277866069740279276e-01 7.317464203287451507e-01 5.679893050020982104e-01 6.937512643775780585e-01 5.817320815687482272e-01 1.143455883010777163e-01 1.892920585457656402e-01 1.500872939147500640e-01
2.710499249943405155e-05 -1.170681267236473450e-01 4.201250328087947628e-01 8.735829834722588227e-01 6.851708753229281967e-01 6.876301891120919496e-01 5.506757617202667765e-01 1.308842927480276530e-01 2.931007110024393958e-01 1.487509793117657575e-01
2.696659137964354391e-05 -1.170059720256166474e-01 6.615664458440142504e-01 9.164544280642561436e-01 4.577843896937585089e-01 3.758573418605304917e-01 5.816565196899273760e-01 3.806160019061408661e-01 4.781054111981667409e-01 1.507235445730107370e-01
2.683259314839425201e-05 -1.168060575687401986e-01 4.268050217698270421e-01 1.163211437695989003e-01 9.963249604878652299e-01 1.848987335270793064e-01 5.802671904529387303e-01 2.457603344282555113e-02 4.015173812587624624e-02 1.479426092376552870e-01
2.670727738032325634e-05 -1.163059319335565112e-01 8.047118212417013750e-01 2.214498173834367201e-01 4.701368897058745833e-01 5.004711847625792354e-02 6.124110378943597999e-01 9.787897077731391171e-01 8.484085175176254712e-01 1.489760293932159696e-01
2.658013359786076045e-05 -1.158965945847054424e-01 6.835980210863297213e-01 9.739835166039103598e-01 2.901970525395817790e-01 3.761296009936598850e-01 4.864390395900116681e-01 1.726645628838633928e-01 5.866856674890844614e-01 1.472136359341467693e-01
2.644574991608679730e-05 -1.157838652705431709e-01 6.843118424228541441e-01 9.691877327254310170e-01 4.432411340704147662e-01 3.760391501032387951e-01 4.369266788351754971e-01 8.803236494852735294e-01 5.730986925152127265e-01 1.462986132508706238e-01
2.632062200480783377e-05 -1.153452412323719284e-01 5.071534934618664447e-01 3.456267216338126946e-01 4.242150133670671286e-01 4.864072530862881827e-01 4.915732927834504107e-01 3.583931415794525122e-01 4.841230011225664542e-01 1.448785019854261780e-01
2.618797583644814802e-05 -1.152162647786630773e-01 6.985390965934730190e-01 9.514234410829900401e-01 1.580134790057354244e-01 5.740909256258915905e-01 5.504870411404296782e-01 3.586562370067404859e-01 5.562934942640370695e-01 1.500746616139039813e-01
2.606376028982821999e-05 -1.147894306771111983e-01 5.971637355782024592e-01 6.086986359619548370e-01 9.851712277544264484e-01 3.210641330315733288e-03 6.271620337322444394e-01 9.478243810722808416e-02 7.012847908683969012e-01 1.491651295555753709e-01
2.593125606954786261e-05 -1.147048991989038369e-01 8.537927011260126875e-01 1.761765223087576882e-01 8.819764827719916989e-02 3.164848888310948793e-01 6.247985576575784128e-01 6.406963247506914927e-01 9.720231932344414183e-01 1.499599311766261489e-01
2.580337962538671907e-05 -1.144671146299747894e-01 5.142861550546899974e-01 6.930635285475122975e-02 6.928263744419944636e-01 3.006857154939386878e-01 5.714293070647282757e-01 8.966338723922604448e-01 1.750810125138090867e-01 1.490916672095158602e-01
2.567614427764500638e-05 -1.142289214631045796e-01 4.207152032367775796e-01 3.377589641996297520e-01 4.181939740989716880e-01 6.751561302471672521e-01 5.993298949232990225e-01 1.450925919782485307e-01 4.920584076871598045e-02 1.504877824065390945e-01
2.555069734965086141e-05 -1.139452871045444765e-01 5.912036323675499139e-01 1.427293539690267510e-01 2.428759264408115182e-01 3.725842089102667232e-01 6.100700632534737933e-01 6.950058401635550442e-02 4.881596410449894341e-01 1.484649808905586232e-01
2.542117139034745334e-05 -1.138462036147460110e-01 6.177015727772160458e-01 8.528306689584623790e-01 5.485219730403295690e-01 3.161527578124440074e-01 5.229527974171637172e-01 2.576207659661624017e-01 6.264608511949347758e-01 1.477722314021573391e-01
2.529185445610053858e-05 -1.137648169727964870e-01 4.791573862908840020e-01 4.174430507496633136e-01 5.833585896659094772e-01 4.225327747812863688e-01 5.700254548012527733e-01 1.342228698489650318e-01 3.442253316530872187e-01 1.486305580117037728e-01
2.516149517780128149e-05 -1.137509986122346023e-01 6.978484858989466577e-01 9.050951081836637879e-01 4.962567830999895513e-01 2.514228800116893869e-01 5.685858773045365799e-01 3.199212683000981494e-01 7.517862738152646385e-01 1.493468224324425442e-01
2.504563861649211753e-05 -1.131848030627657237e-01 5.686743356588129794e-01 2.359315750388766286e-01 4.395670716465892580e-01 4.115268465621039762e-01 5.416343855820077158e-01 7.539409610260681127e-01 5.374091511734199189e-01 1.468004304670677274e-01
2.492159225003033989e-05 -1.129685748173251125e-01 4.510505097236143790e-01 2.473475711708928437e-01 7.264625724816088370e-01 4.160686771269709316e-01 5.540888113754521838e-01 5.944224928730850177e-01 3.421782644446887400e-01 1.475567893206848058e-01
2.479863098069204813e-05 -1.127333647528741684e-01 5.966403233382920890e-01 3.813671988327216322e-02 2.107420971599666126e-02 5.825733707127329630e-01 6.590181142731512676e-01 5.891306545225238889e-03 1.169121700105782424e-01 1.523095431563514512e-01
2.467103163558037032e-05 -1.127107197783833170e-01 6.022949538828230587e-01 8.491972247695964704e-01 1.847864191599976613e-01 6.207541046532245588e-01 4.189591676891600835e-01 3.484452205830022020e-01 7.540782536902420619e-01 1.437020966784729459e-01
2.455858806301798358e-05 -1.120975073725648252e-01 6.292138402220839311e-01 8.802876778717787509e-01 8.738262849247528941e-01 1.669881550590893993e-01 5.437500798468677399e-01 8.020524771553374510e-01 6.212494029017449071e-01 1.482346522360812047e-01
2.443410363112370886e-05 -1.119979263177642292e-01 5.946455412267452889e-01 8.298454945516866577e-01 4.444482333462734802e-01 4.382933946339946374e-01 4.643922803795026422e-01 3.814044938458683864e-01 6.715205132959987111e-01 1.458069063000981547e-01
2.431291451344841183e-05 -1.117887547779543161e-01 6.151280255893840643e-01 7.783768507662915948e-01 5.800895544491317946e-01 2.502408431477165518e-01 5.452685317908105844e-01 9.615966186639407498e-02 5.714214225594320684e-01 1.480096304820084363e-01
2.422384988706003205e-05 -1.102773978899145024e-01 8.033125746954213886e-01 7.753167586586098281e-01 3.666439111591605071e-01 1.233463402267797882e-01 6.491833857061618529e-01 5.485329262592458788e-02 9.800789307975212861e-01 1.501893803452410137e-01
2.409868195745257040e-05 -1.102765826682046563e-01 5.917739207757224396e-01 2.982938886293917680e-02 1.402551039409768441e-01 5.629093414680538254e-01 6.082036913819283130e-01 3.957627412090495289e-01 3.775403883498406610e-01 1.496833140071341939e-01
2.397980371269169754e-05 -1.100404198500343766e-01 8.977688238232004458e-01 6.930579010570513399e-01 1.242216569175939034e-01 2.670883708898607045e-01 5.817299967938270866e-01 5.643058807191460025e-01 8.805520119662672007e-01 1.501823816927500832e-01
2.385724582483727792e-05 -1.099830574433084129e-01 5.383630282801249445e-01 6.125610810164278108e-01 5.671596281153551411e-01 4.493908616776345344e-01 5.043669244855045752e-01 6.108790272276574118e-01 5.142370484551829213e-01 1.471791544547805253e-01
2.373916833614320615e-05 -1.097633332643778437e-01 8.656459282532733557e-01 5.767959356156945327e-01 5.042455067794243684e-02 2.967579291366759242e-01 5.606873574050488251e-01 3.585735773963827366e-01 8.938734551844126353e-01 1.491852379664303785e-01
2.361903468125942614e-05 -1.096554012739640871e-01 6.741101687515450580e-01 6.626520990768991481e-01 4.828767584545755054e-01 3.549945677615723993e-01 5.102774753192038659e-01 9.751346118510790806e-01 7.879753547988459506e-01 1.471659119679647187e-01
2.352671093814668923e-05 -1.083905840211180499e-01 7.955186615170507514e-01 6.676531018374087800e-01 3.517040901066589287e-01 2.480314067528886779e-01 6.106826825854049234e-01 6.296063373241613803e-01 8.645437248050721335e-01 1.502715801539665774e-01
2.341584075294170152e-05 -1.079328996188214929e-01 7.446385401276924831e-01 5.181502427909479014e-01 1.120135545728670468e-01 4.005391884243789113e-01 5.844465246583400164e-01 2.601877072438973926e-01 7.354577301330963435e-01 1.495727846673998163e-01
2.330210225346972431e-05 -1.076207190828990384e-01 8.435616265157244165e-01 8.203728956389142457e-01 1.495492959879440864e-03 4.139962273789817293e-01 5.599432499638625771e-01 2.269949906967711761e-01 7.786474746625401400e-01 1.503884357167925567e-01
2.319401433244743847e-05 -1.070887114329867190e-01 4.892608842621051224e-01 7.139268923352370955e-03 7.951655148343189650e-01 2.386106398968325382e-01 5.488354284475022160e-01 8.999736991247350160e-01 2.166119594636761181e-01 1.473604628827841767e-01
2.309562280776451313e-05 -1.061584960236617997e-01 5.163173767698070460e-01 9.154086005087613831e-02 2.596718383541513075e-01 5.206867584283552119e-01 6.212352007184785974e-01 1.307536862958773582e-01 1.511682597541245676e-01 1.500275601238092726e-01
2.297919933435155389e-05 -1.060308296380785692e-01 5.162788355376322080e-01 4.161403825125898903e-01 5.887383394094193312e-01 3.948039553384212197e-01 6.035689460797155625e-01 2.403342812576549081e-01 3.064919448337363739e-01 1.498441803101182301e-01
2.286612264886997008e-05 -1.057824575392715544e-01 5.967763892999482511e-01 7.820914366819855523e-01 9.163908579609556515e-01 8.031391512325708470e-02 5.151196960561496008e-01 2.401174706756660782e-01 4.744183002158832707e-01 1.472121332838291496e-01
2.275091078092031133e-05 -1.056523863822158710e-01 6.090855226584178661e-01 7.615406576625117774e-01 3.559034313583538389e-01 5.844564288099650673e-01 5.686059423915102995e-01 5.697128075692816651e-01 3.269326076286329652e-01 1.508241868028052657e-01
2.263342660110416837e-05 -1.056483514510624527e-01 6.156500111064410197e-01 8.166014769903895409e-01 5.020332146990766908e-01 4.008166242002221824e-01 5.235246629187276790e-01 5.480800110681176562e-01 4.913854359402680672e-01 1.488726369734342247e-01
2.251991889324661786e-05 -1.054946692816881165e-01 7.018555549366152224e-01 9.887976616538334262e-01 5.445959830399340618e-01 1.442485746057823870e-01 5.271575717858887344e-01 1.129351920213276239e-01 6.751526970691196228e-01 1.474177936103575615e-01
2.240421734991401449e-05 -1.054643081639141250e-01 5.191654100056520837e-01 3.002621624866585459e-01 1.750818568625454597e-01 6.365833198288071149e-01 4.808194655733151190e-01 2.964064873970189140e-01 5.732455056699468088e-01 1.443064381303456323e-01
2.229472343160954285e-05 -1.051821436518093206e-01 7.517988938953326095e-01 4.303486327238787990e-01 1.079067611473474297e-01 4.768939736600773527e-01 6.091094530798848439e-01 4.971633329956060554e-01 5.581236453008404652e-01 1.511829824926287924e-01
2.218349498503342074e-05 -1.050022863273419038e-01 8.348066082779439512e-01 3.544414798681299050e-01 1.021789472677324118e-01 2.964839142347288625e-01 6.216204640147643401e-01 3.771056500469220363e-01 9.818796972357005659e-01 1.501410011811440681e-01
2.207417426277621882e-05 -1.047611426017845127e-01 5.612592949497692274e-01 6.314946887403138920e-01 6.254993559228517741e-01 3.733022578347975906e-01 5.383325901287597803e-01 5.867817614443602281e-01 4.027496837192966472e-01 1.488904368720411764e-01
2.196476301128466314e-05 -1.045486472618938484e-01 8.233059881377320366e-01 9.353565181068633771e-01 1.829192134872843489e-01 2.816088955280316997e-01 5.060188845511399691e-01 4.026319064987700092e-01 9.462335121664608995e-01 1.473081539198660972e-01
2.185157182921914300e-05 -1.045339318836451536e-01 5.024078735794134110e-01 2.550341936274689858e-01 3.830311212592699133e-01 5.123846788532302465e-01 5.958657070273912781e-01 2.138279700368854730e-01 2.825770075679092663e-01 1.496512317875034193e-01
2.174440487392652690e-05 -1.042689636864867625e-01 7.322364116909143572e-01 6.031387130043700529e-01 2.228031617616918481e-01 4.337443955308719623e-01 5.459823952888952503e-01 6.614533337695821524e-01 8.174193335887836032e-01 1.486027537626851969e-01
2.163977784989437649e-05 -1.039109055923370245e-01 6.550864516293332107e-01 8.064853860967382548e-01 9.794547078284721042e-02 6.848515700998922817e-01 4.012371506698650947e-01 7.520963139931521324e-01 8.549966371003498988e-01 1.443106806532151176e-01
2.152794846775755568e-05 -1.039107269604675893e-01 8.433038306430213904e-01 5.095058841105628566e-01 1.419786863955712630e-01 4.368684195240645218e-01 5.915736707639731584e-01 9.578121730146238466e-01 9.687184450461727714e-01 1.493094089577942651e-01
2.142157044342131382e-05 -1.036830204824770452e-01 7.289912103389238895e-01 7.462261966323460172e-01 1.813171171484446731e-01 4.433681249144448833e-01 5.865514231162249903e-01 3.210522625362037807e-01 5.761794121510035449e-01 1.505798469493146718e-01
2.131350712361591138e-05 -1.035590433563497031e-01 8.857129877518461480e-01 7.823404075084607889e-01 1.232360081978852717e-01 1.928091011052395498e-01 5.669286043354377913e-01 1.507646299805547874e-01 9.734034249655780791e-01 1.486510454790379021e-01
2.121149778893251819e-05 -1.031753220056559756e-01 6.089924537748873101e-01 6.340961721782153449e-01 4.408649442640848459e-01 3.482362554090728257e-01 5.395120824145479554e-01 2.346255974226739427e-01 7.468214866604697688e-01 1.471133190962664317e-01
2.110317821181674779e-05 -1.031137027586108562e-01 5.938037140954112170e-01 9.449634442122770706e-01 7.938854669771530093e-01 2.737892565977018133e-01 5.720961035887945911e-01 3.871049544540509091e-01 6.002476011662818411e-01 1.495881753613638177e-01
2.099823422973128796e-05 -1.029176610102145173e-01 4.136567159308862096e-01 2.519818306490431148e-01 8.572287928356298048e-01 4.513402687504466382e-01 5.657037348490279172e-01 6.905325621883555698e-01 1.765511810440900109e-01 1.485764557567470778e-01
2.089486825294429020e-05 -1.026710730648782155e-01 6.982850489552064888e-01 9.151402929446037504e-01 2.670250230405691871e-01 4.175146074818338882e-01 4.585352609837301530e-01 4.792428263685467038e-01 7.208345100946845774e-01 1.465827104183212160e-01
2.078739423977382831e-05 -1.026465597769818244e-01 5.635983499624676041e-01 1.666097413824933482e-01 6.101106958068601704e-01 3.295436533122422795e-01 5.752208984469888708e-01 9.817754095672167614e-01 5.521079113162089547e-01 1.475938890921991709e-01
2.068629690572097130e-05 -1.023404736175858865e-01 6.072652171664869591e-01 5.429898873133036652e-01 2.911687931785297279e-01 4.064636276786603997e-01 5.503290368353593864e-01 1.260734437168648248e-01 5.788419849248621629e-01 1.477066381538327255e-01
2.058358621927921069e-05 -1.021366495774167216e-01 4.562602471129439952e-01 2.992537200503299633e-01 3.721086173475619541e-01 6.382085309485501234e-01 6.043790461490592403e-01 2.266634458945579744e-01 1.149137659950946189e-01 1.499205133402093104e-01
2.047767599710868672e-05 -1.021139581198871327e-01 4.682006522863324527e-01 2.725963096485282122e-01 8.547300899033141164e-01 2.545203626539568331e-01 6.035869916239549049e-01 1.511801209390137846e-01 2.055306391897106510e-01 1.494632603927105452e-01
2.037487265835826960e-05 -1.019655187874190377e-01 5.085266736594286074e-01 2.585125357394368883e-01 5.313817830055933555e-01 3.555629144008017883e-01 5.864576307691549140e-01 1.805030438097531276e-01 2.069323692499928091e-01 1.493180102209688831e-01
2.027167624717614574e-05 -1.018619278399402056e-01 5.379104766367183155e-01 5.985860707554924165e-01 8.451667570283598607e-01 2.309495713743892065e-01 4.977778665550446902e-01 5.468553434860432549e-01 3.032163970156598887e-01 1.461992076516174799e-01
2.017093704648207291e-05 -1.016624253748640572e-01 5.206680095010934872e-01 2.530106061369158943e-01 3.227787959207240043e-01 4.532191655167315258e-01 5.519974255474459079e-01 3.572861527300441598e-02 4.692312024369859613e-01 1.465348579283412278e-01
2.006676960479013112e-05 -1.016586931071877531e-01 6.263624627073789419e-01 8.277951761572186484e-01 6.419030501684037660e-01 1.957960606477379129e-01 5.620775099588071200e-01 9.059229803711876805e-02 6.559416350034182885e-01 1.476234660396788800e-01
1.996676186497999651e-05 -1.014735550932201052e-01 8.389537437806067199e-01 6.093146793442528741e-01 8.623271909449942152e-02 2.922254189850994055e-01 6.390886317682984430e-01 6.403456221112124869e-02 8.636147061940082637e-01 1.511490248438132622e-01
1.986674883955453268e-05 -1.013137706331648236e-01 7.120597297028412598e-01 9.694787445906760670e-01 5.503749382140479263e-01 3.175762345565488198e-01 5.636917605717357560e-01 8.848321710996910339e-01 5.243847242054415769e-01 1.509866087728468087e-01
1.977094774221702049e-05 -1.009662706607362126e-01 7.052111960100663213e-01 6.000558588685575012e-01 4.054049417392383559e-01 2.043424936991845575e-01 6.181275508862608126e-01 1.053829991320818227e-01 7.466287368435294836e-01 1.494835719962404608e-01
1.967753121931425253e-05 -1.005210603644551559e-01 7.364558133900080961e-01 9.780591071192760166e-01 2.149066252410299638e-01 4.151695429248852265e-01 5.314957608230387320e-01 2.890110713481199856e-01 9.115222174203090333e-01 1.478045650809893252e-01
1.957983466495073486e-05 -1.003169578076051477e-01 5.459303931917478536e-01 6.445103113611097001e-01 8.830353580847767336e-01 2.262751631717471457e-01 4.698892676720407557e-01 7.043391103454819113e-01 1.613148384745896058e-01 1.455853452815827342e-01
1.948203957552161568e-05 -1.001428099101984576e-01 5.837007822942369417e-01 3.404550727254224696e-01 4.962781544593783956e-01 3.738974477542494346e-01 5.427991314337385909e-01 7.614967415881339630e-01 5.735851339826644191e-01 1.470169850629829689e-01
1.938893124780632744e-05 -9.975210749121098119e-02 6.288350378221145842e-01 8.493269228667145176e-01 5.541296649675444552e-01 2.742460850259311744e-01 5.812953040017897477e-01 3.005935820498267796e-02 8.380787041504176305e-01 1.478256635599379254e-01
1.929479406781676177e-05 -9.943778723910202955e-02 7.771226520868076415e-01 5.529089461302599817e-01 7.894234079332085319e-02 4.734724633028259411e-01 4.915125064815936695e-01 7.069908754025331366e-01 9.243429861680230175e-01 1.471927403337151830e-01
1.920076850204734101e-05 -9.914145781417174619e-02 6.752108062474301287e-01 9.699227457138550612e-01 2.075730132234556435e-01 4.493024223379059601e-01 4.972784682968839354e-01 7.707730617271413287e-02 8.281455481555097808e-01 1.468330497162424753e-01
1.910349081441045614e-05 -9.903933153947130918e-02 5.773196731669744119e-01 3.627243842385793338e-01 3.937211238794533497e-01 3.798702110547430566e-01 6.172051019705868669e-01 1.680390233577557790e-01 4.173947077538990857e-01 1.495569119502050959e-01
1.900653008135206354e-05 -9.894645928336898155e-02 9.113695590183525930e-01 9.512260123479945317e-01 2.193010927488591999e-01 1.947578323046060544e-01 5.827220425490968747e-01 5.437162325068787272e-01 8.389021613768274932e-01 1.513363626672710183e-01
1.891072108432634728e-05 -9.881870636709104427e-02 6.986153766419659350e-01 3.451050931593511173e-01 2.643217491548838227e-02 4.995856996132956862e-01 5.873926755048148873e-01 1.938573864204683472e-01 5.942500158027713697e-01 1.496105586540192878e-01
1.882547282931619742e-05 -9.815548312846388013e-02 8.045100521793322468e-01 7.912635984538494149e-01 7.546643560523519367e-02 4.458352778828953422e-01 4.592720577299345686e-01 7.055264439061055270e-01 7.899996036201986094e-01 1.471363729881988713e-01
1.873613378817526236e-05 -9.773107891294720295e-02 7.204931452180538543e-01 3.301065313534926604e-01 9.065014850513974931e-03 4.363432480424647153e-01 6.065876795282042488e-01 4.386555615955012311e-02 8.660746808320989309e-01 1.486545242620156693e-01
1.864808741632567517e-05 -9.726008986600460926e-02 7.120343320034792090e-01 2.742734678865021980e-02 1.180009795014731466e-01 3.307429658148096085e-01 5.744884112211805505e-01 4.126559258542541464e-01 4.898939244972455587e-01 1.499043244941186404e-01
1.855553135348714746e-05 -9.705440136676740659e-02 7.718776846353229137e-01 5.942881961251839096e-01 1.759730569150330104e-01 4.379799721708496074e-01 5.886843861096425767e-01 6.093293799895667107e-01 8.475146576439397395e-01 1.495636725907709130e-01
1.846518214638931421e-05 -9.675407232405724978e-02 6.900113806599070809e-01 9.313367746512140055e-01 4.710317149408746462e-01 2.208830668279517795e-01 5.312713602461651696e-01 1.007380098604763741e-01 8.267828066946738552e-01 1.465713685814606648e-01
1.837437711653008528e-05 -9.650249173864233754e-02 6.211021599158920159e-01 9.941618946147818825e-01 7.656887227580950750e-01 2.149026691350498786e-01 4.433442735118140465e-01 4.436178054200924370e-01 3.616323163262617491e-01 1.449290589507306604e-01
1.828092154968607370e-05 -9.642031293475693265e-02 5.586475989259851449e-01 7.287611380418390628e-01 8.231138690623984733e-01 2.586215266182700923e-01 5.218930215444872456e-01 5.215112466601642405e-01 4.957179221836865435e-01 1.474760167140897194e-01
1.819402438939262100e-05 -9.600373362491267104e-02 5.225056486458246052e-01 7.205135671987524804e-01 9.111301415257109237e-01 2.197186604486525419e-01 5.720174404385732769e-01 3.393875387543932032e-03 5.169156794120950416e-01 1.484676243029485754e-01
1.810031833649224363e-05 -9.598607062344642615e-02 6.139600083407851239e-01 5.689929756397656968e-01 2.647542900739712213e-01 4.917407505152997516e-01 6.045296407823149698e-01 1.589248570734942412e-01 7.039931800040344356e-01 1.487867260620869825e-01
1.800731764465182531e-05 -9.595603814495248796e-02 5.308958454478381883e-01 5.247085156863920963e-01 5.204638368538937465e-01 4.337793336517150600e-01 6.431415262517569120e-01 8.509730824510564062e-03 3.906340692062582609e-01 1.504624607154249338e-01
1.791778641089601627e-05 -9.575902835243341182e-02 4.779236265525435567e-01 1.616545181245599427e-01 6.087981306287620908e-01 4.132415993388859898e-01 5.483942191391423249e-01 5.977048364227180999e-01 3.545318818866835531e-01 1.476094328817324774e-01
1.782956979125586297e-05 -9.551325172212590808e-02 8.100263342493794205e-01 9.267377960471305798e-01 3.051612473275910897e-01 2.650505515100849419e-01 5.433266693244512835e-01 5.423670497278729741e-01 9.822390209999061206e-01 1.488459494407962380e-01
1.774207277629497018e-05 -9.525139577934367552e-02 7.914844828099854013e-01 5.280347479873179761e-01 3.433737870836067740e-01 1.922536657834330309e-01 5.616406665543082211e-01 7.065237521747371741e-01 9.177909863107727162e-01 1.479951561833516838e-01
1.765072476822329684e-05 -9.523201474911829889e-02 5.552650989064096265e-01 7.316155840759928086e-01 8.396151799787332504e-01 2.597195499069746005e-01 5.106150684794557026e-01 6.109610328473265017e-01 4.864118318688069320e-01 1.467688072920043940e-01
1.756024034420408734e-05 -9.519023834964279729e-02 5.099612166187579287e-01 3.768068061605619468e-01 6.895867511458511068e-01 3.313848416874775049e-01 5.129733707439300128e-01 5.267709466372176852e-01 4.245359779932403876e-01 1.460742455758332892e-01
1.747468485153846811e-05 -9.489291262972934793e-02 8.950093603105854223e-01 2.893251256570371632e-01 1.848369586270783571e-01 1.307625804498350752e-01 6.173840112828550275e-01 5.687010870203289548e-01 9.336541212781288568e-01 1.501662635686694947e-01
1.738521496646843408e-05 -9.484468875235146923e-02 8.050799233277707856e-01 4.468426703320619864e-01 8.224302284532747365e-03 4.045854253145266810e-01 5.251047816048184380e-01 4.199073484197643480e-01 7.546259464104094761e-01 1.484309548102263621e-01
1.729581803564816481e-05 -9.481873180136542179e-02 3.831160058096845789e-01 3.051538712407019793e-01 3.275735479219944457e-01 9.012594681295587051e-01 5.763002230375952051e-01 4.202340330131540957e-01 2.330100963963455118e-02 1.492351008426641146e-01
1.720852194899021546e-05 -9.469740162032307118e-02 8.565370325276362440e-01 5.001168618153458700e-01 2.394426925565962261e-02 3.012582108138747716e-01 6.164766557252714385e-01 9.702053395855436690e-02 9.844151202098632147e-01 1.497010132405505733e-01
1.712698627769541719e-05 -9.426541329819730641e-02 6.182322683074360503e-01 3.261221040324941423e-01 5.204442666902883152e-01 2.613893811966638836e-01 5.556874943998727501e-01 6.695115888416136585e-01 5.466209379663979906e-01 1.480019665864396039e-01
1.705807170203698934e-05 -9.311592527509597594e-02 6.718982169754514899e-01 5.734713050461441863e-01 2.973135903895486321e-01 3.256132181840295514e-01 5.385192416919895031e-01 2.772920714701352929e-01 7.835099137793589685e-01 1.470697163154308929e-01
1.697003973098187642e-05 -9.310866294711234170e-02 5.024823759848759952e-01 1.334494828731033755e-01 2.858873905059605147e-01 5.567688742919787437e-01 4.989616956537082371e-01 3.927221416946939936e-01 4.115505996370545927e-01 1.450288322616226366e-01
1.688677894907837979e-05 -9.284573122954320468e-02 8.744714666405299930e-01 6.507127482443049171e-01 2.357751316978139999e-01 3.030635691084689887e-01 6.181984362103219999e-01 9.287087727102689705e-01 6.904260498764442922e-01 1.518247577095046819e-01
1.680427310263441352e-05 -9.256218372350334678e-02 7.796071026526587566e-01 8.201371427428476579e-01 5.554970253238561417e-02 4.724924761112588856e-01 5.656394121607914993e-01 2.315351943478158869e-01 7.188585300620475849e-01 1.501211722633670198e-01
1.672026276520234702e-05 -9.239271883270808172e-02 5.219683755607712472e-01 5.739624739627399164e-01 5.878080573707734624e-01 4.156480487835519932e-01 4.569083746306633054e-01 4.037531035929698975e-01 2.618572667153095113e-01 1.452008225538345410e-01
1.663458198997697684e-05 -9.234891402818662387e-02 6.320874630383643833e-01 8.966579740694291534e-01 7.800837308228363298e-01 1.392106774660494262e-01 6.064288431937906454e-01 8.180970322747921353e-02 8.416305477571200955e-01 1.483137594115528923e-01
1.654972882459175297e-05 -9.228163121961795168e-02 5.370628395151495482e-01 1.055243694723962955e-01 3.747752098602167292e-01 4.344269330554889064e-01 5.405054362969106130e-01 4.969120136336614424e-01 4.276942663208102569e-01 1.468982297263050629e-01
1.646710732613657470e-05 -9.210510467288941794e-02 4.394234561644708714e-01 2.048727120350318787e-01 7.880602634149893593e-01 3.300570626424754739e-01 5.206587992196015646e-01 2.698381473262510544e-01 1.139163169505780226e-01 1.461243765575674369e-01
1.638409811162446403e-05 -9.197741628939332115e-02 6.966789639236773413e-01 7.385428677988665758e-01 3.041180208013744002e-02 6.792907234410343609e-01 5.870455152845499569e-01 3.303898026775581309e-01 3.044387129754842491e-01 1.519417573291813872e-01
1.630467931405503519e-05 -9.165516514000376924e-02 4.454983307183282282e-01 3.709170337603639456e-01 6.369512290164138779e-01 4.431114722186366151e-01 5.469837386502512944e-01 1.117030192811067080e-01 2.979970098555040359e-01 1.472274867283240030e-01
1.622169704379337470e-05 -9.157628925103927786e-02 4.758875717642273573e-01 2.982359330514426365e-01 7.646759331727724929e-01 3.687605361953331662e-01 4.952464916530762151e-01 7.959650523239046871e-01 2.278406624306145156e-01 1.462734900790280401e-01
1.613809142812237715e-05 -9.156220713221814578e-02 6.952392008110909183e-01 5.189323670819164791e-01 4.782170480483805552e-01 2.016603129504667413e-01 5.668698940191180258e-01 5.936252640833629135e-01 6.842036306926014833e-01 1.484842497681881368e-01
1.606260152116909665e-05 -9.106958176631924085e-02 5.855329278240943847e-01 9.500399897797486837e-01 5.821881540828445223e-01 4.041567538957873129e-01 4.194626622338534783e-01 4.921160250265484981e-01 3.246621103641684214e-01 1.457051826048841592e-01
1.598121224252842799e-05 -9.096812019168307173e-02 6.286440547387334155e-01 4.215963109119575392e-01 4.069010520837079148e-01 3.665429837438108351e-01 5.970539909423436820e-01 4.815157294397027776e-01 4.583481681707208821e-01 1.498259937317029389e-01
1.589994597441969903e-05 -9.088485910016043390e-02 4.838580039464293603e-01 2.685696612243271275e-01 4.941976286608805724e-01 4.695994187187744751e-01 6.020470256266906572e-01 2.243729111153591471e-01 1.302142180638867219e-01 1.500589549482261031e-01
1.582051053753201375e-05 -9.071198986445305756e-02 4.828176187694318555e-01 4.218000766906077059e-01 6.995185479757562996e-01 3.802911888441228849e-01 5.091563207018846571e-01 4.798547059614886590e-01 1.657111774254974579e-01 1.477550642493970223e-01
1.574296253793124563e-05 -9.044443375680501218e-02 6.574749223418732136e-01 7.144640884636687117e-01 1.034205276777271365e-01 7.105117632223878488e-01 3.673092653362481363e-01 9.786920187901781976e-01 9.610678149741420651e-01 1.420973380852570411e-01
1.566576266106390014e-05 -9.017892014274521417e-02 7.641986061445817935e-01 8.814105904041745765e-01 1.726635138941187697e-01 4.176776291643418682e-01 5.415857993638691914e-01 4.192381785303180286e-01 7.358856208502763119e-01 1.494435201744246100e-01
1.558782717236422582e-05 -8.998488169253210378e-02 8.022539578082779066e-01 9.823768343248324708e-01 3.654516010799270798e-01 1.536328627044284967e-01 5.961974273580923356e-01 1.163144588743550700e-01 9.437801909103562537e-01 1.498776965126764338e-01
1.551399797758457280e-05 -8.955112302603758512e-02 4.316673569491225049e-01 2.707974194316405403e-01 6.736860166712446141e-01 4.912681407281068169e-01 6.053026613641170339e-01 3.673581878394994726e-01 7.985460678240680066e-02 1.502447055242844554e-01
1.543585084014638536e-05 -8.941970707077433189e-02 7.300237362091990256e-01 5.012191765768279073e-01 3.656077447174323480e-01 1.642371611088605798e-01 6.385677122819286566e-01 5.101411717157161574e-02 9.854318278639422335e-01 1.487107240046415535e-01
1.536174508370445865e-05 -8.905080694703132460e-02 5.905541464503399895e-01 1.329603323636239787e-01 1.608558630192955807e-01 4.758488921352239664e-01 6.339746824972256611e-01 8.821487571788694249e-02 4.877918211553856631e-01 1.496249841292322802e-01
1.528403802889863843e-05 -8.894077555078561126e-02 7.102006407977355940e-01 6.415401582557905824e-01 2.217931962829670922e-01 4.182107588693738665e-01 5.238278122603852172e-01 5.421638564051965981e-01 7.594290957292778588e-01 1.474400699810626547e-01
1.520840468666254007e-05 -8.872023118370828132e-02 4.669452051117448654e-01 7.877190482363932711e-01 7.473309283122464564e-01 5.433757954072973018e-01 5.415026018494988325e-01 4.267159802209572472e-01 3.446002017733119649e-01 1.489567587115914471e-01
1.513120217089176063e-05 -8.862811823242114362e-02 7.110439207227593483e-01 7.068820744117885191e-01 2.417958515550277243e-01 3.230133727646309350e-01 5.347047501742475673e-01 1.574993816836242067e-01 8.315144320770089248e-01 1.472241497526971810e-01
1.505672163666887599e-05 -8.838123996612352873e-02 4.773111024090774812e-01 4.756432509476660186e-02 3.849469075635217341e-01 6.710980941254828247e-01 6.105136425950974388e-01 7.362436669305074677e-01 1.472030091689813247e-02 1.502130611270255656e-01
1.498206425767905226e-05 -8.817063517367132452e-02 5.657278231271780644e-01 3.657671727903571424e-01 2.536516284239372920e-01 4.595928431965817795e-01 5.660523239181179944e-01 2.422238775234958341e-02 6.676624176004598565e-01 1.468591351653460719e-01
1.490527733602097020e-05 -8.812772366319980566e-02 6.198967954439120742e-01 4.882467668438715269e-01 5.557094481545926667e-01 3.020448370942835914e-01 5.304385275292284874e-01 8.357546241694462363e-01 5.689858167139362211e-01 1.471560306662610118e-01
1.482934936345774599e-05 -8.805342819109411578e-02 5.048246283462606288e-01 7.741872423657354396e-01 8.002968962357503990e-01 3.878667357665014914e-01 5.461300551197846298e-01 3.575173735428505140e-01 3.338544404707967095e-01 1.488148587337431439e-01
1.475366220423891029e-05 -8.798902623010206037e-02 4.437386329925988582e-01 2.285191290741304670e-01 9.689202496330580061e-01 2.213940767461422265e-01 5.728351585718989281e-01 2.089239935164042550e-01 7.113743964633467698e-02 1.488922447200389243e-01
1.467845940131603281e-05 -8.791794381641332423e-02 9.012675046395930423e-01 5.913219594154799363e-01 4.801976994067980176e-03 3.581059686504344253e-01 6.219536785331749584e-01 4.134626635409314188e-01 6.605939278450482233e-01 1.526346215163255915e-01
1.460359096503163793e-05 -8.785021394996775368e-02 6.534006932320511885e-01 1.543245266825621353e-02 8.014040135795896802e-02 4.442023845705311280e-01 5.669971543525479385e-01 3.413601019751307808e-01 5.353401952542680142e-01 1.489984296308964895e-01
1.452960719522592034e-05 -8.774787861580549131e-02 6.130254987546573942e-01 9.927869921723841973e-01 6.989327875742334939e-01 3.401762921686293795e-01 5.126637498895809664e-01 7.329039113151687435e-01 5.768735531597452004e-01 1.486624843128732942e-01
1.445791264711078505e-05 -8.751312190824060699e-02 5.673942584619589002e-01 5.857887067311731144e-01 1.781353165551112505e-01 6.178614358877152490e-01 4.265306872221442669e-01 3.307052017073057737e-01 5.322154776187408842e-01 1.442911463896517366e-01
1.438485862290092812e-05 -8.739745861663650306e-02 4.424926178918659470e-01 4.682400465277491985e-01 9.896060374620335720e-01 3.405888793764039746e-01 5.625558860450160514e-01 4.430221793589020907e-01 2.443248885675259330e-01 1.487388261551028379e-01
1.431436936843780715e-05 -8.712839664907706672e-02 4.904993041430141809e-01 8.698062585452343010e-02 5.554349235255028328e-01 4.979805479660219802e-01 5.977935238659033423e-01 8.286099850175718817e-01 1.849044550082237781e-01 1.493475275059879537e-01
1.424322281301840424e-05 -8.692973166363615611e-02 6.193435256357412433e-01 9.511928223464274357e-01 5.098196257131304421e-02 7.520416705391387291e-01 3.741689607186478028e-01 4.766328476881053211e-01 7.342760954376660321e-01 1.442900895543138273e-01
1.417010462194153536e-05 -8.689514901307561490e-02 8.198690734852213113e-01 7.331630062620786425e-01 2.192037832038709888e-01 3.570140876486941339e-01 6.014642045100989654e-01 6.341066688072453106e-01 6.355794262188794175e-01 1.516867250699331093e-01
1.409768354061342946e-05 -8.683774289148508962e-02 5.796710770250703693e-01 3.472084812492647887e-01 5.528947715526610907e-01 3.285415612486010106e-01 5.215093397549405152e-01 7.829155293354477241e-01 4.833034887361664089e-01 1.472852363363195971e-01
1.402504412172397159e-05 -8.682229439107327917e-02 5.432564173493223958e-01 2.528800788067541161e-01 3.267738902803850598e-01 4.260533349755297183e-01 5.992564952408493406e-01 7.451458135002353433e-02 5.053411564157345159e-01 1.484855744692374080e-01
1.395347895517457127e-05 -8.675667993539903922e-02 8.817550226362005361e-01 4.439823488820070496e-01 2.195230771018286120e-02 2.931901473888012255e-01 6.488946002865623175e-01 2.345014215987263062e-01 7.453064054712837949e-01 1.524370930831731030e-01
1.388284280089333825e-05 -8.665045057647166593e-02 6.865943283110009787e-01 9.663335520374503051e-01 7.650589577665296570e-01 9.531057267738890504e-02 5.481899360625063222e-01 5.659696147685807643e-01 6.225767363779450836e-01 1.490447640125653894e-01
1.381270703204676639e-05 -8.653388236697158453e-02 6.775138002881858634e-01 4.183018308588259959e-02 3.123193314744421301e-01 2.398069202797437072e-01 5.769553652945788036e-01 6.183829762502937033e-01 4.241850715204681377e-01 1.494763621077427607e-01
1.374682725592810047e-05 -8.613345066438091169e-02 4.688480873974965046e-01 3.020153414552292359e-01 5.485530050570112115e-01 4.557144333169280692e-01 5.289667031705966860e-01 3.632021479511250428e-01 2.224664246620488006e-01 1.473956693210920765e-01
1.368585555452537477e-05 -8.539729775362006614e-02 7.226708121630170956e-01 5.090839447104953397e-01 1.992559045637001258e-01 4.267739280208410202e-01 5.314878039670416499e-01 6.724986575070495132e-01 7.722427550386390394e-01 1.479933039945167672e-01
1.361830639815619651e-05 -8.516386252219317055e-02 5.372283131977425574e-01 4.166505856482859427e-01 6.109659670783921248e-01 3.929556711644907052e-01 5.121451672978596381e-01 8.076027376712207051e-01 3.087294188778273996e-01 1.475227386562075194e-01
1.354861316611291868e-05 -8.511326895374905777e-02 6.504676805744690204e-01 7.828349473242348644e-01 5.444716598316173828e-01 2.000352028832583506e-01 5.634249239213231508e-01 8.231260956586822219e-02 6.725047387546145838e-01 1.476806702143437233e-01
1.348159970357007784e-05 -8.489034371196693685e-02 4.754059384834655733e-01 1.649241629152744526e-01 5.414963587410027701e-01 4.567801640051752377e-01 5.771991478063507319e-01 5.061183336360463025e-01 3.361646071340341213e-01 1.481398426158366533e-01
1.341304459922294230e-05 -8.480705638769911459e-02 7.148673164282538517e-01 5.805131855189789025e-01 5.257988743709590684e-01 2.202804066375297631e-01 5.456781140319709733e-01 9.965034296125130364e-01 6.054886039069471426e-01 1.486050698863850550e-01
1.334450877829033596e-05 -8.474844746724313760e-02 4.404812416586716961e-01 7.661820268916064158e-01 7.085929372026984474e-01 5.745225359093286688e-01 5.735218935149211106e-01 7.274674360966620901e-02 3.908901940666237307e-01 1.487673146962271153e-01
1.327897048215003125e-05 -8.449045596734043595e-02 7.782658830789990212e-01 8.090643766407872306e-01 5.422849929231640109e-01 1.286663619323191732e-02 6.319772959036557003e-01 1.095923964839929377e-01 9.309658265354343598e-01 1.495466508903506020e-01
1.321167027240341957e-05 -8.439017538411697217e-02 4.714942147487437563e-01 2.215915530236863829e-01 8.348600796059724161e-01 3.006308950551856984e-01 5.480664702757950257e-01 7.055285788025364990e-01 1.208304782997220439e-01 1.482145765551723671e-01
1.314731006656098503e-05 -8.409219875246289055e-02 5.223418412546614320e-01 1.718173103097695997e-01 7.988611839232999667e-01 2.296957037948013924e-01 5.674044229180943422e-01 8.871677047665282867e-01 2.644385837140405537e-01 1.483413345341863254e-01
1.307947926238436093e-05 -8.408349813300165787e-02 4.425264782755172766e-01 4.480226209331123477e-01 8.768580130782821502e-01 3.707700537266095386e-01 6.205528882551925030e-01 5.320399681734411246e-02 2.680865260966759922e-01 1.496005317409418722e-01
1.301306737002350260e-05 -8.399264956138466354e-02 7.732355522192160269e-01 9.779118800028017144e-01 3.921500593927972900e-01 2.688979044384881001e-01 5.229106792212548926e-01 6.811764832368043532e-01 7.549412587048965895e-01 1.494249825859011727e-01
1.295030377558339241e-05 -8.364609188028365727e-02 6.660440692696083520e-01 2.438107406072204109e-01 1.016863637563503731e-01 4.522497483435893306e-01 6.451259927037149566e-01 7.399511910867317965e-02 4.280176286672307540e-01 1.512833820643758043e-01
1.288845782563365872e-05 -8.325182152649408807e-02 3.833067157165956917e-01 1.355950411266478861e-01 9.348496001037993608e-01 3.754800230383396054e-01 5.349562809098362681e-01 4.299437477895945436e-01 2.253544764081993890e-02 1.475285808643390650e-01
1.282240976502829005e-05 -8.320824000468896031e-02 7.478961622121117481e-01 2.588251078448893794e-01 4.278976893273412352e-01 1.664120234385239872e-01 5.953399591170396299e-01 8.945844077464475408e-01 7.002634534587159898e-01 1.494279986926504988e-01
1.275627942718783736e-05 -8.319764141666965984e-02 6.739530204246542144e-01 2.938817327673435842e-01 6.953117282597376381e-02 4.449090735729659962e-01 5.706875245271162411e-01 1.528557991106193614e-01 7.404384773355118243e-01 1.482934380278105591e-01
1.269388243087473148e-05 -8.291976966937505966e-02 4.432411934527106245e-01 1.285060628424630202e-01 9.295613339196966418e-01 2.884527036159584834e-01 5.621640926741318101e-01 7.975607313253775255e-01 1.261014473092857968e-01 1.481743630726237160e-01
1.263071736157425765e-05 -8.272686859956947247e-02 6.417904247200760803e-01 8.127793636852520542e-02 3.180511295981156561e-01 2.868358194055580235e-01 6.046384622277427567e-01 4.375558836462563050e-01 5.053269874820568441e-01 1.491244243912129008e-01
1.256986269955968044e-05 -8.237515474782651503e-02 4.848894257318883128e-01 4.562639691488996063e-01 1.133236405327324170e-01 8.945154218712219052e-01 6.070987935197379448e-01 2.048932177162165469e-01 1.213829191270529573e-01 1.504927329473079167e-01
1.250602285976083571e-05 -8.228555022599050306e-02 6.327565769800809203e-01 4.756562003354186108e-01 3.756249229322777827e-01 3.502021630011535325e-01 6.265360795803660565e-01 1.879240597446136252e-01 6.390936358042046406e-01 1.494170361819576742e-01
1.244545580877349386e-05 -8.195899911815093808e-02 4.042960877054845859e-01 2.004964659506845437e-01 5.281934069157256939e-01 6.001576676040126790e-01 6.332011103091068627e-01 1.678218520551708060e-01 6.791271183940850165e-02 1.500616281648621264e-01
1.238414020330955240e-05 -8.171657486242074608e-02 8.661585948600714069e-01 4.476938236173111929e-01 2.644128555480462772e-02 3.753837408288480115e-01 5.341479767943484447e-01 6.665679441996382737e-01 9.976390069882707934e-01 1.478479235341549625e-01
1.232097372433268346e-05 -8.164887477396919058e-02 6.331300887487453233e-01 9.208905199707356770e-01 4.455971251743109374e-01 6.052795026711736970e-01 5.393317907327768168e-01 9.898714683046231366e-01 5.257242663066862276e-01 1.495955778536528225e-01
1.226369094503600279e-05 -8.112757759633007493e-02 6.452153463350037699e-01 9.457930937067793309e-01 5.334116216863764581e-01 3.279018439341331859e-01 4.593642995826777153e-01 5.627404067736700988e-01 5.232332227657358059e-01 1.468724475087314352e-01
1.220052058619332113e-05 -8.111054969332176512e-02 7.695486519469124653e-01 7.556728924496550759e-01 2.522336334003894009e-01 4.540117392871945712e-01 5.671457994040085548e-01 8.307848595062938823e-01 6.389587647233871959e-01 1.505894362522561258e-01
1.213921072698554222e-05 -8.096705510511273407e-02 6.832544508602920175e-01 6.566983592415417403e-01 1.214242991163125285e-01 4.642721603994893753e-01 5.419856325545490128e-01 1.505835456828676922e-01 9.227845737852105046e-01 1.469648856564746142e-01
1.207782098302426262e-05 -8.085568318522133591e-02 6.257395602289609338e-01 9.454070585581824115e-01 3.330577122662952694e-01 4.621011974220095020e-01 4.749352891549912803e-01 2.715592477011875561e-01 5.486507185880447057e-01 1.469259551038758493e-01
1.201661802468566429e-05 -8.075460289253565127e-02 7.487761746301382360e-01 4.167895992539709660e-01 3.217959703862209309e-01 2.469151834261318068e-01 6.048604226910276882e-01 5.293391909563708309e-01 8.033020620919809618e-01 1.496224269924919248e-01
1.195666150952386388e-05 -8.057521136401940565e-02 7.691070964515753783e-01 9.658362955983960108e-01 6.335272416994233158e-01 1.255613911412080674e-01 5.519912113025626788e-01 9.958415823058972549e-01 7.955542354528986060e-01 1.493429666876344708e-01
1.189578689897669104e-05 -8.049814044332320728e-02 7.018638287112307639e-01 8.049045932687891591e-01 4.971362572640144473e-01 2.973338248511966930e-01 4.773138093127207160e-01 9.935196342015105708e-01 6.466693646648893345e-01 1.469638883053315526e-01
1.183914609941003881e-05 -8.008958174721950152e-02 6.857839004087364909e-01 2.927323897868842617e-01 4.103695181729588026e-01 2.214137838527336644e-01 6.123940997299561761e-01 5.047440625366634848e-01 6.529375465248735688e-01 1.495922575754274342e-01
1.177799141371056304e-05 -8.008708595849504952e-02 5.198645502766687798e-01 7.109523749360939782e-01 6.279263040284335240e-01 4.347085485054111853e-01 5.740522699828369824e-01 2.165976943630764651e-01 4.605563163402540128e-01 1.491308902229251665e-01
1.171767561044900612e-05 -8.003995659351299807e-02 9.380292715600017095e-01 8.635036495155705705e-01 7.273960458456796285e-02 2.511600685499670305e-01 5.898350269048477923e-01 3.366673922598116819e-01 8.704097877988075105e-01 1.514710136026024001e-01
1.165738981869813101e-05 -8.001674905139638527e-02 9.444592346348812395e-01 4.370524643767956796e-01 7.247848194575318148e-02 8.956742843518694652e-02 6.494284971394617134e-01 6.180011192368056738e-02 9.969377161222177097e-01 1.514645060735245463e-01
1.159913763877069663e-05 -7.984494615544394935e-02 6.587012121933696340e-01 6.665090478091688642e-01 5.527560528191131084e-01 2.836134794622555688e-01 5.205802032872680618e-01 8.557508480268243289e-01 5.480927323979601917e-01 1.481488969553618751e-01
1.154224480843315414e-05 -7.958058657851012352e-02 5.528561766476693951e-01 8.135095877153281085e-01 3.861332670936410416e-01 8.307145741019095198e-01 5.603272333613333878e-01 9.130767794177010455e-01 4.490999328903461096e-01 1.489362878503556198e-01
1.148314704518776824e-05 -7.953251953854323375e-02 5.530756510752934396e-01 7.991362103764130254e-01 8.510203408574953388e-01 2.823046538153644591e-01 4.389340951385610201e-01 7.067690377276825142e-01 1.653125365266783775e-01 1.456175088754182168e-01
1.142525044069825956e-05 -7.940580161698834738e-02 4.598359566439153001e-01 4.572924557691554481e-01 4.345405114231594146e-01 7.025755990590958344e-01 5.775871865608697142e-01 4.777109720693032413e-01 2.968811966597046381e-01 1.490829674338535193e-01
1.136674155001390839e-05 -7.935862784055239261e-02 4.582470645090047645e-01 4.849347552112745485e-01 9.285416166224077505e-01 2.872005859821106233e-01 5.637097360722241879e-01 7.723993220390662495e-02 3.360005589072231902e-01 1.481760866614650618e-01
1.131059662231543549e-05 -7.912892377898511631e-02 3.949230423735647366e-01 2.493150348831679186e-01 6.936768764149296995e-01 6.698419842617702180e-01 5.610965436661340400e-01 9.066192304196485363e-01 7.438242517646498353e-02 1.487902103633704232e-01
1.125319061775973969e-05 -7.903591820934426082e-02 7.885977124331329247e-01 7.382788132343767185e-01 4.679113617709287909e-01 4.194426692343750096e-02 6.098564689789611748e-01 1.709365716173777416e-01 9.386432388591692266e-01 1.490347780968599156e-01
1.119885693644563515e-05 -7.869455612047554505e-02 6.298181439291585804e-01 7.160968572171033664e-01 3.597107514835261588e-01 4.544306672685299864e-01 5.785667799189319060e-01 3.193808934931600119e-01 6.553173995901439008e-01 1.490371360782001831e-01
1.114528345643898918e-05 -7.830852279522337867e-02 7.466920505604331959e-01 7.666571604860328293e-01 2.167482633274964154e-02 4.660851826876741821e-01 5.439181002415753863e-01 8.182061862543926756e-02 9.304026680189065868e-01 1.476166859454915714e-01
1.108882129218095946e-05 -7.820606559956717885e-02 8.013354586629318765e-01 8.185188256413796770e-01 4.108356626339405016e-01 1.005507159457215693e-01 6.166474140633176892e-01 1.423598346149569371e-01 9.820045506123978862e-01 1.494585712427469182e-01
1.103311192535081927e-05 -7.806130219161072636e-02 3.691268499279032889e-01 5.619692690390467593e-01 7.772100829652763831e-01 6.466392484242933225e-01 5.837299716284646278e-01 1.015055200382966594e-01 1.347087448351486083e-01 1.490467642887436106e-01
1.098186079626555619e-05 -7.753598821670142083e-02 6.452769442069523631e-01 7.694775038263454991e-01 7.772508221007015106e-01 1.045611454822294450e-01 5.900981282946591300e-01 3.129656252801755745e-01 7.250235549707093607e-01 1.489127275198526557e-01
1.092589084040110026e-05 -7.746425510309480622e-02 6.558449427504193796e-01 5.732106179932694445e-03 5.568790861218797517e-01 1.145966846810473339e-01 5.916532420989500940e-01 9.147529205505784411e-01 4.242479770208231749e-01 1.492330289212797367e-01
1.087181830994643741e-05 -7.724422209794294669e-02 4.478363372427275335e-01 3.781345506636615839e-01 5.053289661672640820e-01 6.146415458318524871e-01 6.095178819193258768e-01 2.889104575427137722e-01 1.513827319711517072e-01 1.504383657948502595e-01
1.081925549130730728e-05 -7.690937743126094461e-02 4.432124951432951931e-01 3.728011422483800130e-01 6.058465225019983302e-01 6.246850687531897428e-01 5.777569915853546512e-01 6.791760972848229772e-01 1.309744081291930873e-01 1.496727475550673203e-01
1.076377685322767649e-05 -7.686899095633580037e-02 5.585166129961420811e-01 9.814842679508666290e-01 4.350774290815885847e-01 5.936795224529354265e-01 5.591714637059937987e-01 2.645944010248791889e-01 4.363908343821495395e-01 1.499167607564715621e-01
1.071150517442969578e-05 -7.655573186747664793e-02 5.644075075275388764e-01 9.594830773113101063e-01 7.641649018270783023e-01 3.367189902252169520e-01 5.390807673627137087e-01 4.047617428752412483e-01 4.819475241111188524e-01 1.488514098519839735e-01
1.065972599755887483e-05 -7.622008385098397176e-02 6.435048309664442856e-01 3.708496168628301337e-01 2.009626923937257725e-01 5.035352337187708471e-01 4.671340078746548663e-01 7.456445525780917016e-01 7.521993869024117263e-01 1.453974172521976804e-01
1.060567737273988712e-05 -7.612199237757863446e-02 5.504221289083931490e-01 4.187255663407667416e-01 5.292613773810628253e-01 4.750701792401146317e-01 5.439446272974285401e-01 8.459591707726212828e-01 4.886996340354172741e-01 1.479155148555337806e-01
1.055128357774655718e-05 -7.608258550562232991e-02 5.226675540999737857e-01 5.660512485866580068e-01 1.558420278414994753e-01 7.795116925720242396e-01 6.328068790966681068e-01 6.367684875846163495e-02 2.695015479219478594e-01 1.507392602970934747e-01
1.050026573358224639e-05 -7.574819221037962236e-02 7.743706875574890569e-01 5.887478393708692748e-01 3.816523979101447139e-01 2.727341515119762194e-01 6.114815942251985437e-01 8.095957172262526758e-01 7.050013535879656734e-01 1.504123135400006472e-01
1.044887168045351817e-05 -7.547341044461418347e-02 5.326069897346999982e-01 4.824307510490570827e-01 1.583063919285516985e-01 7.726684189400243596e-01 6.280717354358418270e-01 2.116874455951901490e-01 1.757679854290051802e-01 1.510594504526527326e-01
1.039654846053983563e-05 -7.531219044418779873e-02 3.759465893284564264e-01 1.588178175003368553e-01 7.783156941751979696e-01 5.006419625293000442e-01 5.412135477677754158e-01 4.928585794419514388e-01 1.048716937900471269e-01 1.476475692626439129e-01
1.034662312637330563e-05 -7.494451707190812051e-02 5.062267887365839991e-01 8.295022226210624350e-02 8.955379671283039134e-01 1.647427594005394513e-01 5.603580550807011340e-01 8.905406288503271428e-01 2.503879519450562530e-01 1.475315104567418434e-01
1.029316858560473986e-05 -7.494293733692716786e-02 5.045220025600017921e-01 5.104813498355424972e-01 9.340213227932462337e-01 2.100592623253446367e-01 5.458002241961883438e-01 3.941134115116839420e-01 3.713316950103704439e-01 1.476808512458001321e-01
1.024238544700317194e-05 -7.470747497179633378e-02 5.767129765608914882e-01 8.020037722011013059e-01 5.012532634548202415e-01 5.125747326501840506e-01 5.576912434003353791e-01 5.336564549881497310e-01 5.446689994441528127e-01 1.489866083739978253e-01
1.019017084370466415e-05 -7.463706119829939534e-02 6.893831820134233013e-01 2.302922545491416506e-01 4.190393677052186017e-01 2.762862464127302520e-01 5.865470903101968059e-01 8.690409347993437450e-01 6.444535957380724822e-01 1.488162510124060312e-01
1.014179934366426090e-05 -7.421389447587077581e-02 5.983968329835669397e-01 4.970919205236342675e-01 3.316299720537018159e-01 4.202232264103473169e-01 6.404165125480328902e-01 6.004382765086524465e-03 7.059910363924926102e-01 1.491497857951839257e-01
1.008940358594548539e-05 -7.421225661393690554e-02 5.799379946470102354e-01 2.642293383687960850e-01 1.579106447513384803e-01 5.743531484460763226e-01 6.521000248483845851e-01 9.532069048920477350e-02 3.577849912550041811e-01 1.506903138785036789e-01
1.004000837881992293e-05 -7.393868385444817004e-02 8.155328254146214650e-01 7.452764412288095386e-01 9.491279368286953400e-02 4.178911832087398581e-01 5.998202395798665210e-01 3.858657218795676913e-01 5.637196803474671114e-01 1.518934006684642124e-01
9.988176499645712612e-06 -7.393324207987260477e-02 3.871653210693275504e-01 3.836555563736880892e-01 8.116604528514258510e-01 5.436399184904722182e-01 5.543658905374371226e-01 4.487032037124197847e-01 1.430357937942328128e-01 1.487167412969063462e-01
9.937045618452547673e-06 -7.388418335520292868e-02 8.342044422879650867e-01 4.837832600677340333e-01 2.891145284606844168e-02 3.716728327601467319e-01 6.037534414664849081e-01 3.136451748460178934e-01 7.893686421543121279e-01 1.503101546881548123e-01
9.886699090675023018e-06 -7.378226360513710780e-02 7.484628278184782824e-01 7.236520012145500891e-01 4.316074587133181817e-01 3.165997270770978811e-01 5.923078126110328245e-01 8.813385725157887318e-01 8.348181433001398144e-01 1.495633382909896669e-01
9.837860882720349481e-06 -7.355294659636883725e-02 6.037416204110195306e-01 7.962420761088799814e-01 3.515893922947581629e-01 6.966985209778617794e-01 5.571843658328989868e-01 8.220706200763070459e-01 3.798583188004088784e-01 1.502697553952403176e-01
9.788704349925005273e-06 -7.338079336252216478e-02 6.760435097617319977e-01 8.744919465498091071e-01 2.029596542000089154e-01 4.361197858220325352e-01 5.431104606261093481e-01 2.690835387017820324e-02 9.206380999671164300e-01 1.471890029265684463e-01
9.738469120959027453e-06 -7.334461889822310732e-02 7.864314945324973882e-01 3.511109305826433102e-01 3.578409877415649198e-01 1.871811713170951630e-01 6.019303631060876070e-01 8.074723474775501453e-01 8.566229670468238355e-01 1.491120034379714299e-01
9.689155010455919275e-06 -7.323998273267492976e-02 5.551689941529708294e-01 9.495659163812211201e-01 6.169722188656971973e-01 4.485896164572149014e-01 5.866956868212602760e-01 1.169767945343877513e-01 6.127084704773728685e-01 1.492019823966163894e-01
9.639668116456084223e-06 -7.317917518313962755e-02 6.221207974676006280e-01 7.155700895887071589e-01 5.864427227747022187e-01 2.163798940579409746e-01 5.779463359618581819e-01 8.941129276657877600e-02 7.015903099911382501e-01 1.483805102997866887e-01
9.590337215754685501e-06 -7.312845676251310267e-02 7.006026770559465877e-01 8.968368429345507931e-01 2.105914940880600217e-01 5.310861233216651600e-01 5.595836942822172144e-01 4.488430489255590405e-01 4.751462758476372450e-01 1.507305064869570166e-01
9.541388204446765641e-06 -7.306417219190969314e-02 6.104225549862465350e-01 5.760843589628129591e-01 2.100731105327703629e-01 4.750133474844825399e-01 5.536558398226447686e-01 4.300618796576322067e-02 7.151824344479017492e-01 1.470969525543567025e-01
9.494090279203242454e-06 -7.285228484497398294e-02 7.230041346884856779e-01 9.283070746238897275e-01 3.114579762583544742e-01 3.013253903598016037e-01 5.598009135274398806e-01 1.410701568890032065e-01 9.175016559716666631e-01 1.479247110970145218e-01
9.446889225805892885e-06 -7.265496199957985346e-02 5.789797440123574113e-01 6.619096916621280968e-02 2.208376942352363870e-01 4.254534873694364450e-01 5.709800403699314408e-01 2.547902723345862874e-01 3.710875777207684467e-01 1.484013674107783898e-01
9.400071370959738428e-06 -7.244183780570541409e-02 5.094272155974083338e-01 5.261116305017221606e-01 9.737307867397198002e-01 2.643353182145746771e-01 4.866193070772980023e-01 9.833827386372848700e-01 2.201015933256388890e-01 1.462002753590979642e-01
9.354592682542845316e-06 -7.211035386065159369e-02 5.909267586684812112e-01 8.703689612403009424e-02 2.736878527479819079e-02 5.391477132541842021e-01 5.760472219172891872e-01 6.948119485925746686e-02 4.397638206221938240e-01 1.481813139756362752e-01
9.307587676253107229e-06 -7.196647872988912176e-02 5.013028243444008769e-01 7.830614882675779320e-03 6.641272534265508787e-01 3.203528080648300747e-01 5.935952358579066335e-01 7.444316666441765928e-01 2.794409749845195301e-01 1.486408038068260107e-01
9.260346601946377253e-06 -7.187360028394297606e-02 6.215086250148005309e-01 8.457310800727342315e-01 1.407701627677384049e-01 6.883256789572542722e-01 5.759390850237221526e-01 2.209830190857837162e-01 2.881450332608970211e-01 1.510818617249127804e-01
9.213713496530413956e-06 -7.174075944077452915e-02 6.441748815035972520e-01 2.982495786048280917e-01 8.439220683167880654e-02 5.501199169054019622e-01 5.169019309063123124e-01 4.696026426734506987e-01 6.389590054480529524e-01 1.471254247266945148e-01
9.166292433209895390e-06 -7.171949425381127230e-02 5.592917041221179275e-01 8.571986094517665133e-01 2.108572687968523485e-01 8.470868655016673410e-01 5.595259352448317403e-01 4.713585050826458733e-01 3.262256654938153200e-01 1.501471710474346910e-01
9.119370673819934787e-06 -7.167024016489957627e-02 7.013205378830982273e-01 5.469869040186474685e-01 9.551847963390347473e-02 5.461345068991331209e-01 4.602340138409356518e-01 7.002036454774623886e-01 7.427988860985067499e-01 1.465962360908501794e-01
9.072362636211490724e-06 -7.165697034245729902e-02 5.679188680048612436e-01 9.858026372100543444e-01 4.756136753161372410e-01 6.933022974545257622e-01 5.281115875531893211e-01 8.192979433799477684e-01 5.604236273538619750e-01 1.488880669255646105e-01
9.025839639243382585e-06 -7.161680779537174524e-02 5.673790441777504245e-01 8.017462358036931969e-01 1.261713737712813477e-01 7.247325204433775481e-01 3.899179028114680978e-01 3.287089580555139223e-01 6.264702996622508735e-01 1.431188509180701673e-01
8.979365259839923195e-06 -7.159779929937946930e-02 7.129067266336095443e-01 8.289976384521431374e-01 3.591706193004276515e-01 3.695975938651371306e-01 5.467026272396005027e-01 5.743309209284217509e-01 8.357699769111807120e-01 1.487198630829449086e-01
8.933089242404281002e-06 -7.158337334159783905e-02 5.383258340658313434e-01 8.894198409329723276e-01 9.686586101240871605e-01 2.574930284781466461e-01 5.560658298482031858e-01 4.260335730027099421e-01 4.566267120621729791e-01 1.488874759176508078e-01
8.887768206517031373e-06 -7.148832843279656624e-02 5.974473639676175507e-01 6.361081579296991029e-01 4.387224350784002525e-01 5.196538785307529551e-01 5.891827450359404805e-01 6.221995774355166819e-01 4.498192518341485036e-01 1.500398051188770732e-01
8.842876570763938163e-06 -7.137072625527617065e-02 5.619291425326152778e-01 2.043934089468669724e-01 4.905224912926926528e-01 3.562858551773750992e-01 5.724111140503992390e-01 6.497011745733007881e-01 4.281708219253452241e-01 1.483431516023878682e-01
8.797356022405598093e-06 -7.135038241471212961e-02 6.976166361586277898e-01 4.090761771410864611e-01 1.971438600344047887e-01 3.749488611203093402e-01 5.537379901156895823e-01 3.896223504695855988e-01 7.968686390334946967e-01 1.474318313958895843e-01
8.752999923706547160e-06 -7.122376957046737400e-02 7.834215027336177695e-01 8.192103004570296942e-01 2.886652355694648286e-01 2.370247073316725517e-01 6.204148676009809682e-01 1.205103923986559078e-01 8.018302522076893313e-01 1.506861062724788036e-01
8.709686732232783669e-06 -7.100308868523168282e-02 7.930199034029643546e-01 8.546475912007853726e-01 1.015851877986529983e-01 3.624331814081852565e-01 5.594359717074137706e-01 1.157710380933116290e-01 8.039682074673430989e-01 1.489338847151387424e-01
8.664890424440659393e-06 -7.097828798202199252e-02 5.183419335273204975e-01 6.329662765188110995e-01 9.195282486327343019e-01 2.250201672578622525e-01 6.223465264385739104e-01 3.436805782962998324e-02 5.136733802984936315e-01 1.492321859592556088e-01
8.621946460084610928e-06 -7.076535153437471526e-02 6.434406533278530516e-01 3.835800030376132486e-01 1.707050494271555863e-02 5.483739724052314468e-01 5.356008323691533457e-01 1.440049689324528481e-01 6.399961045111380864e-01 1.473673163919470286e-01
8.579313742556767721e-06 -7.054094408742911382e-02 8.793335764672971511e-01 3.329910039376194342e-01 5.331705361618399586e-02 2.196685026704408017e-01 6.125849180780895686e-01 2.256314007873169991e-01 9.460618584379796303e-01 1.502324936327047722e-01
8.536800261196045926e-06 -7.032726293650877480e-02 5.017158738855105327e-01 4.598308179879776469e-01 2.222750086014483317e-01 9.416577175963494195e-01 5.561261098761174360e-01 7.678025349424069113e-01 3.004305482013058803e-02 1.500294478994753933e-01
8.493047369101430533e-06 -7.028430449199206398e-02 5.201487870812606662e-01 7.580807728072802565e-01 6.530291703073141107e-01 4.466898568370264444e-01 5.615286679491324762e-01 2.724648340606343755e-01 4.860343053100878996e-01 1.486890712718875185e-01
8.449822122668533000e-06 -7.020543897694393742e-02 5.851750260005591509e-01 3.119791251953798472e-01 4.170032834145709910e-01 3.209915253613486730e-01 5.569223103134384179e-01 3.029818431710730176e-01 5.052091028227655434e-01 1.475597373716377725e-01
8.406288127117879998e-06 -7.018947004267636625e-02 6.436663667327736649e-01 4.453383789581573104e-01 2.548907744996902203e-01 4.325355603131061377e-01 5.477732861542453646e-01 4.173793882508993747e-01 6.564966047567544205e-01 1.482547586779010829e-01
8.363705623435561102e-06 -7.008654997284317900e-02 5.920740401710201661e-01 3.274776874462848042e-01 4.000570285954546113e-01 4.237827636957164912e-01 6.070804993238577696e-01 4.763556383209387457e-01 4.471805390576968353e-01 1.500158618213100481e-01
8.320503261292194256e-06 -7.008404696204692530e-02 7.154640378239679466e-01 8.486953640188990011e-01 2.817869771289003844e-01 4.546138982223883462e-01 4.619987695005526862e-01 8.254262885627714486e-01 8.281986347801615356e-01 1.462840985992854559e-01
8.277512535228970152e-06 -7.008293613975689895e-02 4.637411563758876420e-01 2.290365079242401847e-01 3.780326053431658506e-01 7.305059569843450618e-01 6.075559252996299842e-01 5.855695747353730773e-01 1.650460938294784352e-02 1.507914781749867539e-01
8.236314025753287339e-06 -6.989117693226051808e-02 4.365620468982633895e-01 4.420693137698489261e-01 9.404105537172923190e-01 3.433637916060735540e-01 5.953012842607438015e-01 1.848872709975713235e-01 1.872513241011725116e-01 1.493103389513066870e-01
8.193848845250043550e-06 -6.987901470050392194e-02 6.407151099701055008e-01 4.235138994914641186e-01 4.214302152653546241e-01 3.300383957102198118e-01 5.403904463066635522e-01 6.713090241681121118e-01 6.872911401307131296e-01 1.471705688070172047e-01
8.152385126529479144e-06 -6.977086150090561212e-02 7.136988979793624788e-01 5.547365408054787395e-01 3.367270398589410352e-01 3.098989728604774618e-01 6.026379135404471565e-01 4.423605356956825108e-01 7.453674702487875781e-01 1.496733116936994623e-01
8.115698975789274042e-06 -6.909972129308547539e-02 4.924027838244955380e-01 4.512075596845478431e-01 7.606683492579109362e-01 3.712917495458771810e-01 5.475917344635204964e-01 6.088674305281067678e-01 2.168278478644913299e-01 1.488228479403758964e-01
8.075220716580791400e-06 -6.891850314248836040e-02 5.798443397298053137e-01 6.160494467658601536e-01 3.553510654142900682e-01 5.599069314956763854e-01 3.952882790591938367e-01 8.149692816896545455e-01 5.183575069492660781e-01 1.432044797241109890e-01
8.034404822691717195e-06 -6.880443469792173194e-02 6.078976891376576264e-01 9.144781784813853509e-01 6.255140591955345997e-01 3.491916993122389234e-01 5.474573638512114648e-01 4.678737285229788156e-01 5.656966570808941164e-01 1.488178180957102636e-01
7.993128153268770037e-06 -6.877381919685228440e-02 5.069979046285899571e-01 2.352379023314259965e-01 5.144125510092552034e-01 4.303266424408077051e-01 5.434691702461003082e-01 5.484403512983091478e-01 3.069165545224210589e-01 1.482689844564020754e-01
7.953871536315708097e-06 -6.851586792230446310e-02 5.996658896083656431e-01 3.906277304850906962e-01 1.907744394166204505e-01 5.986977157492650026e-01 4.543961035567906093e-01 7.587919203325190765e-01 6.567199747491591078e-01 1.451152234155234366e-01
7.913200279928980584e-06 -6.846103005258341589e-02 6.470965343070930187e-01 8.856534969256333323e-01 7.144451658504145097e-01 1.332386106955348315e-01 5.658723858002578933e-01 1.608542146766275827e-01 7.358324411895807993e-01 1.476872346631552535e-01
7.872541964070887957e-06 -6.843096500711097485e-02 8.897048904819957471e-01 9.671766599137789910e-01 2.292760405477956009e-01 2.639517737719341839e-01 5.745505342061986154e-01 6.782975060178612070e-01 9.461210658773731019e-01 1.508127904836289446e-01
7.832826158797772913e-06 -6.830723759828248587e-02 6.546023683036111818e-01 7.189745854072739917e-01 8.725108195949815570e-02 8.279395506993120213e-01 5.518850021964970542e-01 7.635523186803401252e-01 8.692236557509158690e-02 1.515219871949782804e-01
7.792471299098867912e-06 -6.829122564016582020e-02 5.161945988211508185e-01 7.799063954965306245e-01 1.241257357421984842e-01 9.600767696031221599e-01 5.546998399365505872e-01 3.596921474343823255e-01 7.025906442946100450e-02 1.507366984273757482e-01
7.752229988602360721e-06 -6.828738555755567430e-02 4.612040083771903887e-01 5.224299069723409294e-01 9.993976284165926316e-01 2.729979814544913896e-01 6.177689014799090383e-01 6.600974182302321580e-03 1.774016974940081370e-01 1.502689394512036758e-01
7.714419996287417232e-06 -6.799527656441564649e-02 4.850603855884392246e-01 1.358646026663515860e-01 8.354283434942192388e-01 2.589010917110694532e-01 5.512790206987757680e-01 8.588722227791593111e-01 2.174754119537398722e-01 1.475055095664652705e-01
7.677914567332660978e-06 -6.755726412393550651e-02 5.063981708655547198e-01 7.946427082783494855e-01 8.648658956386262586e-01 3.779808853355247078e-01 5.253642952119212950e-01 5.402020224559571648e-01 3.154109062896140458e-01 1.487428940183840587e-01
7.640304737264136281e-06 -6.728639708809039388e-02 5.452563472059539507e-01 2.621183187436606499e-01 4.123110435279615515e-01 4.590352173428668969e-01 4.622139383845930150e-01 7.315875310982187241e-01 4.267523348246001769e-01 1.441952746324550727e-01
7.601435761416690441e-06 -6.720539397145947058e-02 5.420178803946412716e-01 5.958154723986561763e-01 6.846820512383852142e-01 3.372570701125743309e-01 4.742141200714641847e-01 6.146724274317976189e-01 3.820575066486339155e-01 1.462227125306308773e-01
7.562806193082873442e-06 -6.711888136812252381e-02 5.831893014831950328e-01 5.933061051648090833e-01 1.982073895900037519e-01 5.739133764619335221e-01 4.939761957359642963e-01 2.796961970630581495e-01 7.276280916734769733e-01 1.459452371568490947e-01
7.524902977263374567e-06 -6.696192793183965153e-02 7.486504224076258041e-01 7.324185904580825524e-01 1.850438128599562471e-01 3.651164736051757398e-01 6.176712383335983825e-01 1.038143482118518701e-01 8.550024170997498896e-01 1.496587810262854368e-01
7.486257267340757862e-06 -6.692952259191597975e-02 8.324622011332994953e-01 5.960134152509695138e-01 3.593480341244757459e-01 1.677616566082015537e-01 6.023846700430132151e-01 7.647709776876573384e-01 9.358459510329870668e-01 1.494466980582608018e-01
7.447692148004800736e-06 -6.691294518740888153e-02 9.069595183317769038e-01 4.850326074015793298e-01 1.737636110311697180e-01 1.761061987597620782e-01 6.324818594546606221e-01 5.290687054815099710e-01 9.310123627497970400e-01 1.512869276307554078e-01
7.410548227890014107e-06 -6.673138220425521572e-02 5.713439190224394171e-01 5.686011962940743514e-01 4.712510253876271427e-01 3.612060318208932808e-01 5.192617442385846216e-01 2.238639979118368928e-01 4.170054746565343140e-01 1.474066140507339084e-01
7.372587559725591097e-06 -6.668571832781965136e-02 5.749999990576243336e-01 7.450761950939991385e-01 3.744212768384704848e-01 4.633823267742931407e-01 4.826295958687187859e-01 1.947812296479607963e-01 5.179885225646414515e-01 1.466271058315995746e-01
7.335454648050734021e-06 -6.655371629704592840e-02 5.492017036675208574e-01 3.271757022007669158e-01 3.696073662801497850e-01 4.749613298965270625e-01 6.328497533073863535e-01 1.923258265464226069e-01 2.214259507254654480e-01 1.512473667504594943e-01
7.316732300795158569e-06 -6.651749586354377408e-02 6.247328427021655584e-01 1.334389669289868796e-01 5.252624505227312390e-01 2.733407083952013039e-01 5.753312689678702352e-01 9.916883787967403219e-01 5.506587922255431478e-01 1.479424083276712765e-01
7.299354109593388317e-06 -6.629241468400870474e-02 4.556159245017490367e-01 6.963650030385871714e-01 2.672092584860353282e-01 8.390002665739599852e-01 5.960449161357147529e-01 6.822051406863893774e-02 7.884347001211000627e-02 1.506222984148093413e-01
7.262083239546767575e-06 -6.620321218161671906e-02 5.265860819736394305e-01 1.383052781059400660e-01 3.655705794081925419e-01 4.145932389561152731e-01 5.646890391504365558e-01 2.502605266585175570e-01 3.422942348186661654e-01 1.481189685989365290e-01
7.225359197766429716e-06 -6.606466540284303135e-02 4.814155203858943577e-01 4.086479114575356508e-01 5.029018877585266223e-01 4.689086428254609640e-01 5.746337446992989539e-01 1.045063936308648356e-01 4.195901059990768678e-01 1.480754797194252514e-01
7.209050782567172111e-06 -6.571902744576064992e-02 5.898146714870432517e-01 1.430110229424483848e-01 1.028700563369804866e-01 5.016184659869158402e-01 5.604642128351139396e-01 1.461538742481729436e-01 5.929598934620524675e-01 1.471119748773260516e-01
7.190249925880967568e-06 -6.571372693714573610e-02 7.071165959829496250e-01 4.216572811622895101e-01 1.638411403220711438e-01 3.967109483105118461e-01 5.991251500506454830e-01 2.637262013182475329e-01 8.100899310037340539e-01 1.488871805933066339e-01
7.172342091973898401e-06 -6.558846220528845306e-02 5.853807208265634499e-01 4.544148799201311872e-01 2.730161490565053417e-01 4.889861960827639464e-01 4.750815943822381815e-01 4.205988391984190056e-01 5.939375954944531300e-01 1.454893678498418719e-01
7.153519437150325780e-06 -6.558582575866349351e-02 4.967040825777730984e-01 9.342519289459516596e-02 8.595311568394887747e-01 2.202121555334623504e-01 5.274907487857176669e-01 9.883300868902221703e-01 1.175360005879304559e-01 1.466063153841454803e-01
7.117076277453571144e-06 -6.543012653591276373e-02 6.048558648232847945e-01 8.458689738378757372e-01 6.494290730785321486e-01 2.858942551192032444e-01 6.009013993524505715e-01 1.408396217723330568e-01 7.984378742945865692e-01 1.485328560056514147e-01
7.079780728711693108e-06 -6.542103783715257082e-02 5.931932472700730541e-01 1.953849565653811293e-01 3.740289214714565547e-01 3.475171807668350210e-01 5.813900152074962246e-01 4.101902812193266579e-01 5.817515319899148052e-01 1.479944572095168165e-01
7.042849707498862317e-06 -6.538794038510653550e-02 5.621940611872442428e-01 3.955249004795435841e-01 4.788173384112363595e-01 3.606795340006817008e-01 5.995732608603479008e-01 2.520829509891680531e-01 5.609074313870863193e-01 1.486705287428815025e-01
7.025979911164380105e-06 -6.515338887328744888e-02 4.336995922069974974e-01 3.489308743299692761e-01 7.681790455687149688e-01 4.171391325824649332e-01 5.769371037796153789e-01 3.006841449636332153e-01 1.047833287084759535e-01 1.492500705387931614e-01
7.010911318980910581e-06 -6.465605199611546006e-02 6.881857131216965184e-01 4.385317481684703478e-01 2.710806618759761255e-01 3.352193525912763317e-01 5.422497632756240193e-01 4.526657443744286913e-01 7.150384794165700608e-01 1.479626732707241266e-01
6.974274278654294361e-06 -6.460446578648738891e-02 4.143530944030336949e-01 4.804088076930939089e-01 3.116615724896073525e-01 8.539231705434995323e-01 5.883266588570359445e-01 2.172998291383891889e-01 2.443283984485911109e-02 1.503619479560657501e-01
6.938577840374626603e-06 -6.444490533559035783e-02 7.667164972378358589e-01 6.229286533770823642e-01 1.080091716167221882e-01 3.554730039387831719e-01 5.961801073557376762e-01 6.228637852760976479e-02 8.895211846124149169e-01 1.487182903292071645e-01
6.902134280571475553e-06 -6.442005162793987272e-02 6.732259897946860638e-01 6.109419895802711276e-01 3.325381599165913027e-01 4.079204589186998242e-01 5.035567596534977763e-01 7.360147336016682473e-01 5.834263094099304547e-01 1.477939641880186561e-01
6.869228567382781169e-06 -6.390791625357551686e-02 8.507472627357663963e-01 8.155742692877963052e-01 1.290601643602246051e-01 2.736677948030432073e-01 5.440286690264490854e-01 2.996567105362771821e-01 8.832969015477778463e-01 1.487139441688631325e-01
6.851145704977715859e-06 -6.389716255457575378e-02 6.235856435563108535e-01 9.196820931117494213e-01 2.157099759860342802e-01 5.803679164816818448e-01 4.325805800160656411e-01 3.819110408616530061e-01 6.253252555856236850e-01 1.457412962959488967e-01
6.833138085203042945e-06 -6.387063729416078695e-02 4.581001279902211509e-01 7.152313004839605526e-02 8.523426640506197582e-01 3.067548566356296247e-01 5.605028239731238981e-01 9.083025503597152994e-01 7.126736797257338107e-02 1.485585707343265449e-01
6.796991901442557402e-06 -6.385536565511290563e-02 6.194468331963625118e-01 6.887948644227981365e-01 5.370218864452490637e-01 2.853471790790388929e-01 6.193478012239866937e-01 1.071250624283607844e-01 5.653654675923863726e-01 1.500049646949463689e-01
6.762228319156493731e-06 -6.366389484358098150e-02 5.195967955310052400e-01 6.291420080377708723e-01 9.151676615418500305e-01 1.942154623107349709e-01 5.587212401500435410e-01 9.476013442587055691e-02 4.914531031007106643e-01 1.475665485367420315e-01
6.727745279379565213e-06 -6.345715248568961631e-02 6.734448058013845495e-01 7.275562146807060815e-01 1.850492743458962142e-01 7.599964092089386281e-01 5.659326048300007406e-01 9.475068235279102691e-01 3.078345136295452811e-01 1.507910287449951980e-01
6.694415876156010984e-06 -6.310433815713960282e-02 5.822317372207346242e-01 2.853114117173313757e-01 2.343019444317920585e-01 5.493983397761011966e-01 4.622293968840892053e-01 7.360440819035500848e-01 5.926905855667059519e-01 1.445075226346511088e-01
6.659074193638528370e-06 -6.307845185890433026e-02 4.689848946146654152e-01 2.912776506916089914e-01 3.850272487432820911e-01 5.962192700078756680e-01 6.303084010032017348e-01 1.520689033191715001e-01 8.661982098437531752e-02 1.510034638201760426e-01
6.642367819435678567e-06 -6.292966419253324950e-02 5.644267898611020629e-01 3.562371635632841094e-01 1.501269201728014924e-01 7.119405607071949138e-01 6.218377275822160044e-01 3.118741390172088401e-01 1.401402676888706123e-01 1.514174150711765365e-01
6.625260279962722747e-06 -6.283589952477561247e-02 5.845878611602544073e-01 6.431850802466531070e-01 2.415564241635042853e-01 8.111704447382186434e-01 5.747945212966765194e-01 7.907916124621022780e-01 3.006042728503454109e-01 1.501270538183858139e-01
6.608346046527294383e-06 -6.271716718076289498e-02 6.495590883101894919e-01 8.279364193974814157e-01 4.086194759428825041e-01 5.921638955772305923e-01 5.657241253913082302e-01 9.834435080367867066e-01 5.811126567264783827e-01 1.494952002879259834e-01
6.591531448693284670e-06 -6.257789087638629399e-02 4.867589563585510981e-01 8.118174990588995499e-01 8.368280267438911180e-01 4.410261655468321607e-01 5.515183711322620974e-01 3.630160951897215549e-01 3.567250602612112020e-01 1.490568504916398862e-01
6.556437921321484837e-06 -6.253980241333184642e-02 6.610203465372508358e-01 2.582292886407369092e-01 3.979514613233520182e-02 4.454361054798688935e-01 5.675302502119246029e-01 3.256000575434575550e-02 6.408809403368094237e-01 1.482796094780217122e-01
6.523218404790450217e-06 -6.224303949223810445e-02 4.491677172691052045e-01 5.307773896042441431e-01 4.641057913181012573e-01 7.056431690785500699e-01 6.001836875291712836e-01 3.027932599199754660e-01 1.147771514626124145e-01 1.505116469072118879e-01
6.488862427307707595e-06 -6.214733541471136047e-02 6.884653631577657418e-01 7.498807010741388446e-01 4.280629767564135824e-01 2.400145188208846203e-01 5.534936598449421430e-01 2.449135085896493313e-01 7.106403960317079216e-01 1.483165995211099264e-01
6.456076898663057135e-06 -6.183638374506539304e-02 4.587834861267074960e-01 1.907822647858559151e-01 6.983763074044815333e-01 3.551542946449095517e-01 5.427197933437128974e-01 4.205078433932830095e-01 1.778808753789399288e-01 1.479312803008238086e-01
6.422027832177125433e-06 -6.174795221102293008e-02 4.342820196744954231e-01 2.739729208324800935e-01 7.043524940995951056e-01 4.241026153338193772e-01 5.907523447428332242e-01 2.437709619272953043e-01 1.836748504822285355e-01 1.488993163963752420e-01
6.388162007345915574e-06 -6.165894643166917183e-02 5.574577449031433707e-01 6.727636320753551669e-01 8.229643114761295841e-01 2.015920646341848588e-01 5.074244661986222482e-01 3.227872182104979393e-01 3.340420586303049499e-01 1.472612744853377120e-01
6.354120697790296011e-06 -6.162566234964070300e-02 5.428254715726217317e-01 9.807779083506568130e-02 5.363165486612627708e-01 3.073071465778249300e-01 5.449248330287693731e-01 6.652821804858173316e-01 4.035533367383847825e-01 1.469661662657457124e-01
6.320787954887275309e-06 -6.150897269733323486e-02 5.860235150774354418e-01 8.283851005399164302e-01 9.744321375804974039e-01 1.075738271414908853e-01 6.136970869760659530e-01 1.525743988098995363e-01 5.429666514326861870e-01 1.500075271451135617e-01
6.307662508261990390e-06 -6.089830757836264818e-02 4.967490067523905317e-01 2.675202877282634173e-02 3.177341974111282386e-01 4.972484654069320165e-01 5.920177258078332949e-01 2.390248267516673075e-01 1.557242362528345470e-01 1.492154789049690844e-01
6.291769903085872448e-06 -6.071957303077406970e-02 6.543627807268548313e-01 1.971005219851096890e-01 9.277101415432298381e-02 4.483197820245606313e-01 6.059049991644658295e-01 1.160105881253149507e-01 6.220245625834991410e-01 1.489262132795026450e-01
6.275131420569906119e-06 -6.066363934893273524e-02 6.779045609647860182e-01 4.202605086167927606e-01 2.050646516482013126e-03 4.902516999958354549e-01 5.425668568383608115e-01 3.220834892341301048e-02 7.465680355270092328e-01 1.474531252034042561e-01
6.261006462175338152e-06 -6.020095816836419644e-02 6.530771161835895455e-01 7.746506596410029921e-01 5.397733750626678706e-01 2.858555707681359470e-01 5.774962489666732868e-01 4.162752640820458483e-01 7.371943216594254444e-01 1.489571375108673379e-01
6.244300009503416254e-06 -6.015423591066438452e-02 7.445253403462001041e-01 7.093556978770569899e-01 2.209615463642242150e-01 5.295767571773374316e-01 5.917557919219018636e-01 7.973507017843861622e-01 3.596229679244996591e-01 1.520649385715910629e-01
6.228231991862190220e-06 -5.999978571273230366e-02 9.640261952138506896e-01 9.673558790332150714e-01 2.404617815352622090e-02 2.410653822200642948e-01 5.622159019614173525e-01 2.590854367342235731e-01 9.857270124525581156e-01 1.506395085142541446e-01
6.196752184559368580e-06 -5.960249433551158965e-02 7.910187733421172318e-01 4.823811898631586992e-01 1.599252214582904397e-01 3.997225335000513802e-01 5.898638015669550594e-01 6.622420215302009527e-01 7.435983364297943377e-01 1.498913592471745881e-01
6.163356272546799496e-06 -5.954184845112120428e-02 8.464457454539874304e-01 8.342214803996141903e-01 1.651023197955192590e-01 2.926904189740019424e-01 5.861863228109562840e-01 3.464913293179273657e-01 7.405837276875512076e-01 1.511877275634811169e-01
6.130555810367066611e-06 -5.941342981432645026e-02 6.819065987632749737e-01 8.611586928529140206e-01 2.317569149272242779e-01 4.246419616357703930e-01 5.153762937868633376e-01 2.141497775420485028e-01 6.759224898782255631e-01 1.478096020039501579e-01
6.113829157778456750e-06 -5.941208127095519431e-02 8.552345864561342603e-01 9.289178052100760530e-01 4.020704674170760273e-01 1.617616127548256733e-01 5.737436216274800493e-01 7.746963560269923832e-01 9.891516774838442494e-01 1.499749099627052940e-01
6.097511559768443286e-06 -5.933861978351449157e-02 8.313821858201811965e-01 8.665892637262927467e-01 3.238370677851219459e-01 1.574401929938952505e-01 5.571770381805514205e-01 4.149960778819240526e-01 9.854701246530934711e-01 1.487043009892561607e-01
6.064567604609058338e-06 -5.926161491330385334e-02 5.610184929543531318e-01 4.011240270683127385e-01 5.870501504998277831e-01 2.992595888981383068e-01 5.331657236047830928e-01 5.000256161190176352e-01 4.322263297848643604e-01 1.473237165571033291e-01
6.032136898399117728e-06 -5.912902991556058530e-02 6.740321843634584642e-01 9.773464121668986593e-01 2.944211270308955686e-01 4.558516914017302080e-01 5.137086187536163973e-01 3.322721523351366835e-01 7.979111247950804175e-01 1.478641034848891533e-01
5.999137339694459344e-06 -5.912016805351349297e-02 5.748888652783494813e-01 7.499982085576502033e-01 7.752658906444834797e-01 2.148990308848733044e-01 5.689064072242387970e-01 1.490510372963353980e-01 7.118874175313424368e-01 1.476657864435858003e-01
5.967040077261144714e-06 -5.899033973103065542e-02 7.895514361964998118e-01 7.335491588214371195e-01 2.608862036989363364e-01 3.555674645652549537e-01 5.199180606870082988e-01 8.291662687657752606e-01 8.864554190676677825e-01 1.479231077332261446e-01
5.951365604008467420e-06 -5.887212758395630324e-02 4.623315951451666406e-01 1.456432384983907813e-01 5.413377579438046761e-01 4.759404390704779497e-01 5.913206867851202864e-01 4.383602661790294008e-01 2.707427820307560240e-01 1.485533466613654652e-01
5.935165856912751021e-06 -5.883670175043412970e-02 7.122697443787365801e-01 5.740416032262093404e-01 2.566985958048008665e-01 4.286960765270947382e-01 4.979386050383015072e-01 8.508069815892761456e-01 8.376583157076816777e-01 1.466661666157708099e-01
5.903409099649245844e-06 -5.867681556392495557e-02 7.816999485708044926e-01 9.369485220931554892e-01 1.950116037359218846e-01 4.368730843271810826e-01 5.643140255311922537e-01 5.420204729164389557e-01 5.761492718722340811e-01 1.511063610906804855e-01
5.872265355918105244e-06 -5.844147089534829781e-02 5.844508170300469763e-01 7.725497811497097356e-01 3.335296002687258010e-01 5.683198574978229889e-01 4.056183149116274755e-01 6.067070205919034009e-01 4.880248476040389138e-01 1.444855961711382919e-01
5.841591979644777492e-06 -5.815373040267054344e-02 6.406403572507226585e-01 7.926782510213388200e-01 3.420475770425607798e-01 3.807028707433415260e-01 5.596727864038953948e-01 5.204466501049959115e-02 7.660175931529342730e-01 1.479359704120278562e-01
5.809536677918428491e-06 -5.813140541125480509e-02 6.175981170795800113e-01 7.086824380498129017e-01 4.385762389473247258e-01 3.947759772422632651e-01 5.230533104401091649e-01 4.716232772284696950e-01 5.502467765069035677e-01 1.480189248667869439e-01
5.777641573877747521e-06 -5.811179837630376516e-02 5.464371661888023368e-01 6.183614889389159597e-01 2.095522019687088566e-01 8.143251686452266380e-01 5.857468455886420955e-01 4.713346900912208648e-01 1.969930593959081100e-01 1.504802394950081335e-01
5.746399549982916200e-06 -5.800901024768220782e-02 6.137665548215348599e-01 7.940621998879909826e-02 6.072846047589024465e-01 1.801625816091811105e-01 5.900675741574760158e-01 9.008559955181050238e-01 4.267743583074783409e-01 1.490166260500827566e-01
5.714857152789442027e-06 -5.798834003787571578e-02 5.422931853838113270e-01 9.711864698239452975e-01 3.124280113689522076e-01 9.815931560313082560e-01 5.395146275483141407e-01 8.966691283879328900e-01 2.147942677404798828e-01 1.494616587014887255e-01
5.683512898295371268e-06 -5.796327038607112375e-02 6.348369033478151735e-01 7.908199843556100728e-01 8.215881056296736595e-02 9.636534314794487077e-01 5.457111042248566912e-01 9.130589772995297837e-01 2.536606259433482613e-02 1.511418926321056733e-01
5.652724993420151665e-06 -5.787018946830436300e-02 5.416265066620769009e-01 4.701381705781326747e-01 1.145257173693189912e-01 7.696506114211436600e-01 6.236264097822494801e-01 1.692798509237769533e-01 1.234942708022478408e-01 1.511764029818420951e-01
5.622201777450094805e-06 -5.775969367078429700e-02 5.446572149515813699e-01 4.559884052079788419e-01 5.441563799094265574e-01 4.291280620179494520e-01 4.567793985855440608e-01 8.359328308454626599e-01 4.381494398664582679e-01 1.445810290914171514e-01
5.591778909152936054e-06 -5.766072716091819733e-02 7.911637186611422123e-01 5.874159648166957792e-01 2.100638601242865722e-01 3.034390743309209326e-01 5.609639581661859387e-01 5.205074624370964465e-01 7.467058711589722453e-01 1.491101644947815108e-01
5.561572539046518046e-06 -5.755243340537741226e-02 6.053222945420040357e-01 4.678504047210735317e-01 2.410832106754983994e-01 4.670394785329033405e-01 5.704843781715061013e-01 1.748299085083925841e-01 6.998765759617626703e-01 1.478395901209224872e-01
5.533720828062315170e-06 -5.704803715375000861e-02 6.844962962966774089e-01 7.815944630359811240e-01 4.389853070292603077e-01 2.607277645976416869e-01 5.333013835072089037e-01 3.585557156296643178e-01 7.750214258927862199e-01 1.474453011250472789e-01
5.503234511756915872e-06 -5.704759625945469981e-02 6.143041018363708528e-01 8.747256018093332308e-01 2.715137391706536896e-01 5.550023839273523496e-01 4.114137768507515336e-01 4.536863245123586852e-01 6.225112087492602475e-01 1.448849744520304961e-01
5.472966638562269204e-06 -5.703793030399056940e-02 8.340758005445794154e-01 9.472216221556726268e-01 3.571499918804197371e-01 2.345668686833306815e-01 5.170817971135555080e-01 8.829934730718224101e-01 9.462298546031372437e-01 1.484422450938090721e-01
5.444161709800965597e-06 -5.679009635566939496e-02 8.148372645328965103e-01 5.991842741124230320e-01 1.897759724412337035e-01 3.824268331758767792e-01 5.841337744988608360e-01 7.410928582959617206e-01 7.850542819378957260e-01 1.502732163655466080e-01
5.414244164490326500e-06 -5.677573415135598461e-02 6.827748891182230384e-01 5.625173995044138175e-01 1.203145703196271676e-01 5.447074939325401433e-01 4.859957663335910949e-01 6.053089455695659371e-01 7.358770374076928356e-01 1.468573186129910613e-01
5.385221097082348860e-06 -5.662579345232802985e-02 5.249107311634153561e-01 5.290063372720776869e-01 7.594242535593547228e-01 2.414436354229652082e-01 5.413159210780772446e-01 7.429575961438750209e-02 4.047384394709863109e-01 1.470160073369759790e-01
5.355665171932228579e-06 -5.660438799433515494e-02 4.397914468867844540e-01 1.606762105093702542e-01 4.219607588905480156e-01 5.972822070709016273e-01 6.493194166734057582e-01 1.282077763555830585e-01 2.249324040928490920e-02 1.510725903634003442e-01
5.326514231123029217e-06 -5.653740359062471577e-02 7.706377757073056278e-01 4.766608143027725175e-01 2.541954612841548777e-01 2.648848971805503050e-01 5.850099929763739048e-01 4.647817704946531903e-01 7.743705776588312162e-01 1.495857686488749061e-01
5.312314070730315567e-06 -5.644319945127392046e-02 7.238949277953311556e-01 9.804762658739185621e-01 5.915324587616376251e-01 1.297555986947572237e-01 5.634996135056532518e-01 3.076545771162535470e-01 9.233364201347413758e-01 1.483278028953694538e-01
5.299757637540516309e-06 -5.603315212214739216e-02 4.377566037532654719e-01 9.582272399654436779e-01 4.407253953685572601e-01 8.426834113040182483e-01 5.534298158227406450e-01 1.209866266403109569e-01 1.902104484633488912e-01 1.498285540747695543e-01
5.270550556795288328e-06 -5.600386023634153915e-02 7.298002754742788367e-01 4.623162048527375001e-01 2.022269476916711828e-01 3.971491946616491076e-01 5.781049578196593153e-01 5.000401837712246111e-01 7.597223358745568422e-01 1.489895033243491540e-01
5.241593503779132849e-06 -5.595757588016274375e-02 6.098583995175721473e-01 7.914721952213122913e-01 6.798737700709454046e-01 2.365991171093885514e-01 5.132982785974943285e-01 4.633475664673891714e-01 5.116793093121180247e-01 1.474125806693141749e-01
5.212599316031629405e-06 -5.594893582329307086e-02 6.117810099684822811e-01 7.701159593535810144e-01 7.923732667837490862e-01 1.463153389882963229e-01 6.355698513160793484e-01 4.685438886135567804e-02 6.973974738973373055e-01 1.497148344394922115e-01
5.184220630421549596e-06 -5.585250262143664352e-02 7.128582897193441736e-01 5.275782657289704858e-01 4.283117048808725014e-01 2.771486069122730544e-01 5.907408462924392811e-01 6.993057200084873415e-01 7.404955882738877282e-01 1.491087420543155129e-01
5.156748406802983579e-06 -5.561023794809331899e-02 6.400218396337093996e-01 3.632531900673102720e-01 1.593454477321930018e-01 4.853280254509980685e-01 5.387296073318761369e-01 3.998231882553665573e-01 6.475039196913074946e-01 1.476124908152083304e-01
5.128802869770536613e-06 -5.548863630425115295e-02 5.511247339569261827e-01 8.388192337273853161e-01 9.112433854537438371e-01 2.685883491295805170e-01 5.584679486336937559e-01 5.006770765347374752e-01 5.191811700341992797e-01 1.487218107030627845e-01
5.100812663044870960e-06 -5.540548124862174073e-02 8.197194347005797299e-01 3.647087870643875851e-01 3.389032181203921468e-02 3.451104003563673084e-01 5.443696067998352595e-01 4.385851644420406537e-01 9.001684368113425094e-01 1.479997494416551151e-01
5.088113544231495418e-06 -5.511914832207703147e-02 5.835242657179383619e-01 8.130354007502994529e-01 6.242030547726433731e-01 3.515598457175312941e-01 4.382966331089467316e-01 5.588482027043182310e-01 3.237468415561982615e-01 1.457769624421874355e-01
5.074732112290111648e-06 -5.496055674257910306e-02 5.852099568918680550e-01 9.233485297587514795e-01 9.773786061756947197e-01 1.531728054083275059e-01 5.482809273844778675e-01 4.115780679502608619e-01 6.404791951396983096e-01 1.480443125074413779e-01
5.046706045761311636e-06 -5.491194004103902571e-02 5.424647268693447710e-01 5.385587715650457241e-01 4.878947145021771958e-01 4.320746837142876440e-01 4.887047928592493373e-01 4.298225368068610552e-01 4.041197445585724135e-01 1.461087419187075964e-01
5.019526645525092620e-06 -5.472547462642518568e-02 7.289840338212136839e-01 6.822412216729114576e-01 2.004704233346684128e-01 3.673097466966140368e-01 5.299335804326003041e-01 3.489817431627503796e-01 7.600722716751321384e-01 1.481891290260630434e-01
4.991667536041924715e-06 -5.470448848654599350e-02 6.445854118911048536e-01 5.323626131968485220e-01 3.812613422789141726e-01 3.119873566778778584e-01 5.745222829064162706e-01 2.471586754375323935e-01 6.394700870432156181e-01 1.487532107622066002e-01
4.963966923943913831e-06 -5.468272167248861004e-02 7.766406251817361550e-01 5.659480147101144665e-01 2.454681626306601527e-01 2.281018577390850899e-01 6.046753800292956615e-01 1.953235524067370443e-01 7.717097090011938443e-01 1.497595371600248249e-01
4.936590108901068987e-06 -5.462650212400382843e-02 8.016633214667020502e-01 6.123383255783798607e-01 2.985793298696215459e-01 2.417545332586222284e-01 5.922870814689495944e-01 5.843147089202402888e-01 9.234302405324621432e-01 1.490747286393329651e-01
4.910001304212268222e-06 -5.444053401888027111e-02 4.931958334751372908e-01 6.826810067758044553e-01 2.785659041278238934e-01 9.777883965767484309e-01 5.391474300194513125e-01 7.737754560810371496e-01 1.809925585455568475e-01 1.492521669092024272e-01
4.883409719157057602e-06 -5.428446044935224951e-02 7.136196534737834218e-01 4.899111732513318773e-01 4.534009189531281736e-01 2.265263177183833299e-01 5.670221665040586778e-01 7.454517988984548094e-01 7.391127210618730903e-01 1.484312164528649169e-01
4.856378389090249726e-06 -5.424858439916806913e-02 5.512653883066280791e-01 4.014422372645489734e-01 6.297907065875423260e-01 2.407605788070570074e-01 6.261455562206446057e-01 3.557613987408109191e-02 4.372984101134377299e-01 1.495196035271246227e-01
4.832540589887626643e-06 -5.358263349162191436e-02 6.750772429511237016e-01 2.951712623766879484e-01 3.202881905860938683e-01 3.339543397534150415e-01 5.723342681155882961e-01 6.147085686858334563e-01 5.220306429296937001e-01 1.493233507163441720e-01
4.805933143118801097e-06 -5.351714664436671431e-02 7.034670569039239707e-01 7.318490633236018894e-01 1.881994056763809098e-01 3.831101333409641652e-01 5.524487481548433498e-01 1.128396029872020256e-01 9.580145964399824354e-01 1.469648268997691409e-01
4.780134166768872810e-06 -5.331316608396530904e-02 5.679435979186998606e-01 5.803987039670505110e-01 2.205748580718590868e-01 5.617022882090237923e-01 4.902799261411248111e-01 2.266003875025183190e-01 6.408905330796204058e-01 1.460434395656698969e-01
4.754401820788635102e-06 -5.312430033692521619e-02 8.045576746587019823e-01 4.539368505346230709e-01 3.817707698341648026e-01 1.723918406087791011e-01 6.039480466725428709e-01 7.971280873761071861e-01 8.860116564259867822e-01 1.492960609319105569e-01
4.728194742899197139e-06 -5.306512766554925820e-02 6.824316099203008301e-01 9.874241469109419356e-01 2.090829557730934651e-01 5.965131644765682140e-01 5.596032065199784133e-01 4.237952775176277997e-01 5.362801191669758216e-01 1.507215043259060583e-01
4.716156079218039274e-06 -5.281992188576697250e-02 8.242371512361150732e-01 9.516182573525635569e-01 4.179779427950234827e-01 1.726065583469258147e-01 5.233544563492992241e-01 8.499876307338448678e-01 8.222466640045577035e-01 1.489082409806925245e-01
4.716451678523158799e-06 -5.275724583417942121e-02 4.898500641322097726e-01 1.697511372850906142e-01 4.940400751314303895e-01 4.796239585837991370e-01 6.216558508957361617e-01 3.825261752925372960e-01 2.129933467376640688e-01 1.500569588591803283e-01
4.703463808109367995e-06 -5.269125317702944705e-02 6.115356516708801982e-01 7.799314526280407556e-01 4.237988296493487295e-01 4.774107354169306872e-01 4.310512799157981689e-01 7.928366536796811470e-01 5.533363583242019157e-01 1.448711407182507460e-01
4.690375400725337751e-06 -5.265166012372792664e-02 6.941154861265114162e-01 8.071423054267533592e-01 6.346913974824727189e-01 9.926563520018205633e-02 5.997989719803556996e-01 1.714680981247070357e-01 9.283521312206850506e-01 1.481009230060799930e-01
4.677426754818234416e-06 -5.257659821460456545e-02 5.842427947036711311e-01 5.726005479095658268e-01 4.943771194562854299e-01 3.637162817042761120e-01 5.014109602666668719e-01 4.707477148919966825e-01 5.681429207675698922e-01 1.465975585153303229e-01
4.651034073993154028e-06 -5.255332365148228380e-02 7.199020944320360105e-01 5.711985354871873533e-01 3.643075450191644027e-01 3.061459327337347491e-01 5.749347594467291156e-01 6.443354605581852468e-01 7.463570150143468140e-01 1.490724867691814726e-01
4.624819529422431605e-06 -5.252373231209089832e-02 6.686528722384224022e-01 9.030510690724259382e-01 4.976169287722486123e-01 4.130729433505417325e-01 5.466298772183687538e-01 8.031627347907288605e-01 6.758134641910717999e-01 1.490844633400199015e-01
4.598638106387747392e-06 -5.251906783716679683e-02 7.379057625223925942e-01 7.906050338147349033e-01 4.159846270277862690e-01 1.874225734134844501e-01 6.134518893997256139e-01 1.413422320413721955e-01 9.338918325388285702e-01 1.489347001575975771e-01
4.572822292569331128e-06 -5.246686170754179257e-02 9.359940316408608130e-01 6.250476491562335646e-01 4.871865953720466713e-02 1.870919831915525966e-01 6.195549790256025258e-01 1.490150821282932858e-01 9.481092968742476090e-01 1.509586805380662144e-01
4.547078879365048529e-06 -5.243060504974073749e-02 6.210957259467212443e-01 2.817269016030030104e-01 1.555475169320871265e-01 4.604968816414415356e-01 5.608048653776469550e-01 2.140231821034948578e-01 7.196428313066260962e-01 1.471160148430153414e-01
4.522032204482035017e-06 -5.227231355785329214e-02 6.674771172578325418e-01 9.997329035424872279e-01 5.123168268460854824e-01 3.617464830656949015e-01 5.246478928522421148e-01 6.490965384927602777e-01 6.370996272009125105e-01 1.487889913069399273e-01
4.496904885168271485e-06 -5.216263410551962021e-02 7.680994703809872481e-01 4.623011648956254493e-01 4.238060692028633447e-02 4.810339586202034834e-01 4.720040640241440766e-01 7.078305124461028441e-01 8.811343284447092916e-01 1.465070302875350616e-01
4.472473352398804985e-06 -5.192859447561189862e-02 7.035750432059333370e-01 4.704988319774564554e-01 7.931150988742458052e-02 4.779653977222837469e-01 5.423532159569702804e-01 3.181407521332384469e-01 7.697045796233448200e-01 1.480696221603995666e-01
4.449622922293552464e-06 -5.136899855246261637e-02 7.195570088547207366e-01 9.300652178943149551e-01 3.703831361231220143e-01 3.494020335345608963e-01 4.823319557431934856e-01 6.987733686604995498e-01 7.793026435170776756e-01 1.473170825184691723e-01
4.424532241562290233e-06 -5.134197164432242194e-02 7.477832814519558280e-01 6.642188508869562025e-02 3.504104479697767172e-02 3.896908651759278253e-01 5.719859351655087742e-01 4.083141318859052626e-01 7.390422698633600795e-01 1.491332735848269753e-01
4.399704253667417559e-06 -5.128739462379201808e-02 6.678621517058052071e-01 3.478387817879581290e-01 3.311817778513730937e-01 3.237818066500723901e-01 5.656399397278303320e-01 5.444122047185697699e-01 5.934072378649353219e-01 1.484232406464559562e-01
4.374792803610609393e-06 -5.128374051818886115e-02 6.096592478358414668e-01 8.926054010764548075e-01 8.796753951973382835e-01 1.852049714132581737e-01 4.872779414096654049e-01 7.834091286872311155e-01 4.499773854127466222e-01 1.467601239812378333e-01
4.350118782196507218e-06 -5.125793086989875735e-02 5.990262789811181543e-01 8.572324761499996448e-01 8.804197145804606439e-01 1.452021548961767439e-01 5.321300905180049723e-01 3.896776519744046263e-01 4.400313236160664498e-01 1.484020574323199615e-01
4.326513974547272299e-06 -5.101713261952604134e-02 4.531969842646946800e-01 5.841470116819236225e-01 8.638935872174557939e-01 4.013853917811163741e-01 6.048222810339067834e-01 4.907593325862180667e-02 2.470843474135319129e-01 1.497496105538493882e-01
4.302323689896059362e-06 -5.094217574723481495e-02 4.623336195140287375e-01 3.373188304899650269e-01 5.376654330733381393e-01 5.253949074551633736e-01 6.149918915105699879e-01 2.228190639423069386e-01 1.250317013137088318e-01 1.506196199848830464e-01
4.279270614423177839e-06 -5.063304942410380705e-02 7.099761727496546326e-01 1.096783214457893729e-01 4.426365907775809405e-01 1.717406297410683513e-01 5.699835106451367484e-01 9.767760940772571843e-01 6.917507648978682422e-01 1.479099207005909189e-01
4.255527851413273810e-06 -5.051500040505885886e-02 7.800469962535263591e-01 7.019860202036878327e-01 3.029112600499593855e-01 3.453450127494114286e-01 5.385264213045888315e-01 8.679796032928018823e-01 9.565138476660401956e-01 1.480737020963184825e-01
4.231443206160974456e-06 -5.050887258274364827e-02 5.987272811080549539e-01 5.087289398095977688e-01 3.589446123839629688e-01 4.144949248318500201e-01 5.719581097840746864e-01 2.611996486725128297e-01 6.228303097900173002e-01 1.484524850096277382e-01
4.207492283796198279e-06 -5.050335959424003679e-02 7.038148303984598231e-01 4.848050906263099424e-01 5.537794051624700398e-02 5.269225848498433340e-01 5.055401630595340867e-01 4.862387425381308192e-01 8.216742571557524855e-01 1.469245099775221552e-01
4.184077347286869287e-06 -5.040214154005245167e-02 5.404217959326385046e-01 6.331365183152302123e-01 7.407737397358262754e-01 3.575627801104026005e-01 4.550789584954796907e-01 8.683396318431244598e-01 2.860278217131800860e-01 1.454316406418737495e-01
4.160508543733401346e-06 -5.036922350373262969e-02 6.296105437212680123e-01 5.009987858164064445e-01 2.246839876718603191e-01 5.265184063175040174e-01 4.710644858688288750e-01 6.581844913377165041e-01 7.296884518354281868e-01 1.453764845629936797e-01
4.148880974261041166e-06 -5.032562905173378759e-02 7.482085168317509360e-01 3.257406951198138501e-01 2.621417178633658196e-01 2.587115200943094218e-01 5.949344833125436161e-01 4.675445245312365161e-01 8.104916100018078051e-01 1.490705642529517871e-01
4.137050409099853067e-06 -5.032542751819896881e-02 5.708520485468029371e-01 9.746495050906162083e-01 4.296211933983865583e-01 7.789642805195602371e-01 5.341091538577107389e-01 9.516206432966398676e-01 5.818991109703057774e-01 1.483739255951373737e-01
4.114511393010406951e-06 -5.007412509964203479e-02 7.000425034933379642e-01 7.292736139584818922e-01 2.441002027218368842e-01 3.950663249697433654e-01 4.998053014827044671e-01 4.349290369997107497e-01 7.860184080156916719e-01 1.471130864456696996e-01
4.092021899441679279e-06 -4.984072859063206490e-02 5.502118027157868463e-01 5.122248219888192455e-01 7.044902754659974065e-01 2.864303107577259588e-01 5.144406729467656536e-01 5.882341449985628579e-01 3.972374442388093563e-01 1.469484621179338035e-01
4.080575405145272063e-06 -4.978341588937836709e-02 6.421035982164575717e-01 6.652983934528313714e-01 4.042419386536370007e-01 3.313445509034930736e-01 5.873502707290951808e-01 1.747048698267722466e-01 6.591613377861174072e-01 1.487522947437293075e-01
4.068875363742775696e-06 -4.978260017780430230e-02 5.687544717185544219e-01 9.628956333158320557e-01 9.806011918882479028e-01 1.762108118218543851e-01 5.688816314686919728e-01 1.694904378772900122e-01 5.450916012399732447e-01 1.490901468693824616e-01
4.045649424688437457e-06 -4.976002399798967746e-02 9.392851864580250565e-01 5.786269543483121280e-01 1.386913153151092537e-02 2.118019762713887755e-01 6.314740243951011411e-01 1.468323566808539260e-01 9.204864821498819349e-01 1.520544079103791080e-01
4.022712244795374513e-06 -4.969862227816729261e-02 6.003039714803434235e-01 3.010183378846434943e-01 1.014300645897042719e-02 6.082963927918330072e-01 5.211397657331491295e-01 1.745150944706622409e-01 6.064616282919652601e-01 1.467309816125197675e-01
3.999704038710427330e-06 -4.968749067281515858e-02 7.907098588068027789e-01 9.313085853995404229e-01 2.484932581109287331e-01 3.778641860924840112e-01 5.784240843930066323e-01 5.455150810354860713e-01 6.140224161275813497e-01 1.513186835444684519e-01
3.976810575364868456e-06 -4.968059723637206770e-02 6.593291206947654581e-01 8.227625013424899603e-01 4.203780051608522195e-01 3.817720628202448396e-01 5.342698674258654634e-01 4.973442251712817952e-01 6.592815326165520906e-01 1.483481938215894802e-01
3.954165107948094072e-06 -4.964412478795244416e-02 4.525077380575476260e-01 4.270935344050097449e-01 7.379333710268027868e-01 3.747336073609537355e-01 5.445056378122369312e-01 6.037500569023346308e-02 2.293993866008844917e-01 1.477955310175840253e-01
3.932281426107628865e-06 -4.944670642633917923e-02 6.091143460089045725e-01 8.399563610599685148e-01 2.814793221040031712e-01 5.903117271952328382e-01 3.926885308667951158e-01 6.778258188229919767e-01 5.320060517973456138e-01 1.445548936735403800e-01
3.910541618252923259e-06 -4.924346728937797207e-02 4.237617430341987790e-01 3.247529693046158350e-02 8.053472176307281405e-01 3.695151124951037147e-01 5.470198566950074115e-01 7.427381856396130244e-01 7.924445714859817969e-02 1.478464979488590680e-01
3.888431445060182901e-06 -4.916637772765678621e-02 7.676641615126191809e-01 6.865452408824728181e-01 3.113079167811749204e-01 3.450500653358340997e-01 5.864775361610534699e-01 7.106499927395104610e-01 8.313836105050047554e-01 1.495104042195261329e-01
3.866331670148260037e-06 -4.911893145183037629e-02 6.713632984565941486e-01 2.441343298724424904e-01 1.690509917795751660e-01 4.060798401062691299e-01 6.174155983472370268e-01 2.487334734014422510e-01 5.098427348416210148e-01 1.501234521861855853e-01
3.844192743941332290e-06 -4.911434232043913189e-02 6.107060992915189779e-01 8.477029032400962283e-01 6.211533488856696428e-01 3.043994098446658469e-01 5.993997665238030015e-01 2.099088469382724698e-01 6.882419140632310972e-01 1.492407647719943276e-01
3.823124213884179082e-06 -4.886290184525114016e-02 7.606412820790294793e-01 5.964628400523711571e-01 2.500328241164804233e-01 2.573237785617085160e-01 5.719716849227050037e-01 2.834555148396789015e-01 9.589377333757134192e-01 1.479114958419053827e-01
3.801519582543785870e-06 -4.878284386118170862e-02 7.992231089243899689e-01 6.624593019235565095e-01 2.081950873026984505e-01 2.448953421933409980e-01 6.176855746085179177e-01 1.361145559395194882e-01 8.393183224233571327e-01 1.498712832202205025e-01
3.779825104609579344e-06 -4.875885442582322815e-02 5.114045626016217039e-01 4.205440470427992405e-01 4.847301880908142513e-01 4.528227370045910249e-01 4.951041620499985751e-01 4.008093322283796112e-01 3.623133211144000110e-01 1.464837516347695934e-01
3.758952032477981525e-06 -4.854926414117831379e-02 5.340441370891290118e-01 1.308889936806680865e-01 5.694979869959977403e-01 3.359726244835914977e-01 5.078029301089336256e-01 8.502236926638300218e-01 3.586055038848023901e-01 1.458714485311842224e-01
3.738195753453798539e-06 -4.833926532912648927e-02 7.605742843033800327e-01 9.916840205302415168e-01 4.540777670921972708e-01 2.265761879606314200e-01 5.205112725483559410e-01 6.931362697619342095e-01 7.697184460361577996e-01 1.485763025681860472e-01
3.716911832323423944e-06 -4.830204413841239497e-02 7.614267291185390363e-01 5.405385999381103757e-01 1.421004848020105404e-01 3.513745716658817075e-01 5.811710622060104470e-01 2.839711744555543094e-01 8.109001404639186728e-01 1.488315065060767106e-01
3.695785341768095746e-06 -4.825501505110179473e-02 4.138026775044317818e-01 3.614315701735958397e-01 5.326344704714989220e-01 5.898789443780639852e-01 6.073788204009140657e-01 3.920102001281000614e-02 1.077190370119842089e-01 1.496594056308462595e-01
3.674831027579929106e-06 -4.819380946326427828e-02 6.571532615536052058e-01 6.660795495615789985e-02 3.256753391611388881e-02 4.639162097535280971e-01 6.012344131474747222e-01 1.299077362921269851e-01 3.930853245639905902e-01 1.504097614224589874e-01
3.653962674303962004e-06 -4.814159286431171636e-02 6.585200904804338062e-01 3.860297647706456559e-01 1.197135145997449968e-01 4.287646849848452124e-01 5.953790718617398836e-01 2.725023719388042220e-02 7.068583124946713481e-01 1.482239503941359393e-01
3.644739878853391245e-06 -4.779389721093769972e-02 7.296414942933389103e-01 5.581353345948097955e-01 4.358808209980512549e-01 2.479471188035389795e-01 5.378137429568586869e-01 8.918746437275110184e-01 7.109639509959546633e-01 1.480294803550449567e-01
3.634263010707446523e-06 -4.778377272840834966e-02 4.079861755139808643e-01 2.929498208551523097e-01 9.545526551973412266e-01 3.150655421942799572e-01 5.654886277667637851e-01 3.824985816320169985e-02 6.452342364116125939e-02 1.481712791012823605e-01
3.613484627454049507e-06 -4.773719071748437626e-02 7.089647245373639217e-01 7.348334380790806364e-01 3.194453456137413272e-01 3.076456719077530488e-01 5.781326973246294632e-01 2.006675718567332567e-01 9.195121929284332252e-01 1.478738798304962965e-01
3.593242380821570036e-06 -4.757445639738666632e-02 8.041235073772199371e-01 5.672080006276527531e-01 2.038677412899206620e-01 3.543894238931162843e-01 5.587813909973153859e-01 7.658497299462212471e-01 8.301916545204375275e-01 1.490093717152258246e-01
3.572652810230489770e-06 -4.754067066987454487e-02 6.239995085961158594e-01 8.467082216830472685e-01 4.925793782970244727e-02 8.892268615462768366e-01 5.466743273179935914e-01 5.604629637024010069e-01 2.347603727423638320e-01 1.506633604235727564e-01
3.552363133815994335e-06 -4.745567426470299194e-02 5.908086680064896790e-01 7.873145533315677458e-01 7.019010261858446009e-01 2.619328484903603038e-01 6.150957277836992532e-01 1.112730153824210144e-01 6.174372357954567292e-01 1.497931206778861657e-01
3.531895508658295186e-06 -4.745368284867293451e-02 5.594159234951205928e-01 7.199259284110971491e-01 6.489588819895451000e-01 3.217605702688967062e-01 5.311795108505356078e-01 2.903766365450176634e-01 4.806645427592097231e-01 1.479373563837966254e-01
3.511716683930160589e-06 -4.740303249078442471e-02 6.047281911015994771e-01 9.430073996072374509e-01 3.678845712605339768e-01 4.902205100376200164e-01 4.204868689185212727e-01 3.168964124126888438e-01 5.125242690762946696e-01 1.445052975736565160e-01
3.492002849552207294e-06 -4.725223332607277754e-02 4.930713061154402554e-01 9.512585213184983068e-01 2.872711030013544442e-01 8.102723720292406284e-01 5.794076970892181322e-01 3.237059868275521390e-02 2.169351518473965346e-01 1.504461543314320748e-01
3.472185202039088325e-06 -4.716320352864535742e-02 5.444023672746814979e-01 6.647381352671763999e-01 7.729213869722275643e-01 2.809656451722018500e-01 5.528650384858331268e-01 3.370359171245349006e-01 4.872025016626147509e-01 1.483397664281687067e-01
3.452441676883902341e-06 -4.708528053555498943e-02 6.021024947936479688e-01 9.204809625175400800e-01 9.419642595116644035e-01 1.406614119682428610e-01 5.207806284379218331e-01 5.569624036049690696e-01 4.801024071576616703e-01 1.476539602246874638e-01
3.442907183471183685e-06 -4.695920213685633032e-02 5.472068987076870172e-01 6.798965781660760710e-01 7.831126579815075317e-01 2.259800561887394532e-01 5.184890616852990686e-01 1.075754906022683421e-01 4.521145744369131081e-01 1.468413902411248861e-01
3.443062332928962908e-06 -4.691413964930192526e-02 4.441697500614508742e-01 4.974827510222269433e-01 8.515483368830879529e-01 4.047704167333607828e-01 5.446250674051188456e-01 3.783072460178284468e-01 1.890420496528764649e-01 1.484439377372331892e-01
3.443144750248508063e-06 -4.689020272188913069e-02 7.076378622697686582e-01 2.786357269048299057e-01 1.225587888619840693e-01 4.378700557532457793e-01 5.033600854674868952e-01 6.515435410793239956e-01 7.580076152865226069e-01 1.468308084110140077e-01
3.443582987171329101e-06 -4.676293272077558516e-02 7.933294134131357866e-01 8.256359702369016063e-01 3.473278091534360845e-01 2.500278130024391476e-01 5.483421036567847073e-01 6.756084055507850517e-01 7.293975284149367688e-01 1.494579576770016238e-01
3.443926204834172813e-06 -4.666326892256721787e-02 7.863199128228862689e-01 9.487870089407641760e-01 5.288784428611281729e-02 4.833630746838972758e-01 4.758625626477587245e-01 4.427440727147237132e-01 9.807812166863700831e-01 1.466506504691851842e-01
3.444025647208375976e-06 -4.663439462833289528e-02 7.432433972952094958e-01 9.823198824528573958e-01 2.499082565178435689e-01 5.447937289979204456e-01 5.475859881296888387e-01 8.146657007558308905e-01 5.174292668910622783e-01 1.510587830576867741e-01
3.444191070141143214e-06 -4.658636392907405249e-02 5.005540688617665657e-01 5.460074756324154732e-01 8.393132957314710652e-01 2.581749577474521384e-01 5.720111983218504337e-01 8.949162086947570760e-02 4.383010388919080791e-01 1.482672296241830112e-01
3.444249925079604726e-06 -4.656927590044682846e-02 6.332652369529528924e-01 5.232652208309829245e-01 2.916625258095663087e-01 5.359373179621573779e-01 4.492583978455501614e-01 9.925320098855301421e-01 6.832305728096279562e-01 1.450157157933477658e-01
3.444274371892140513e-06 -4.656217806309197182e-02 4.654183493421957252e-01 1.945908988218731372e-01 5.686999209910434949e-01 5.443956833200780387e-01 5.842947922730745702e-01 7.355021379915348545e-01 1.963005378478365759e-01 1.492866636931265700e-01
3.444934564345099285e-06 -4.637051819006725306e-02 6.063833721133879973e-01 9.555939118871796811e-01 5.987622359603773647e-01 3.118362259643276957e-01 5.216545805083083742e-01 2.104004895744183701e-01 6.047652348296462810e-01 1.477954512094450668e-01
3.445367715117945913e-06 -4.624479053520736543e-02 8.544728190966972559e-01 6.335046217115299916e-01 1.554945897155307621e-02 3.697055969245483520e-01 5.679868249976463002e-01 3.188986142319502060e-01 9.734154231333217444e-01 1.491135378897563979e-01
3.446881541310746150e-06 -4.580550688169676005e-02 6.526986217337771290e-01 5.856690676006859331e-01 3.318741497104672478e-01 4.104086427926363911e-01 5.063280901897203590e-01 6.034088118214296914e-01 6.856356049970686595e-01 1.469054943102156841e-01
3.447951226368368443e-06 -4.549522087411149440e-02 4.897130887992998671e-01 4.970234706950545367e-01 8.833209707483190565e-01 2.399772628584931899e-01 5.210482835269265589e-01 2.088903978627942859e-01 2.665019258206700048e-01 1.470694656281909263e-01
3.447952992984041805e-06 -4.549470850746323292e-02 4.191425349419779511e-01 1.755132198889745587e-01 4.572308960161741709e-01 5.932202018436010249e-01 5.864913870109114136e-01 2.434001733721906369e-01 9.567107014912629159e-02 1.490619140743246751e-01
3.448575320465741646e-06 -4.531423292464628605e-02 6.242429037118624180e-01 1.863056187393835050e-01 3.029594475459906344e-01 3.764266591651191374e-01 5.249346450835539191e-01 6.600958511232033477e-01 5.905148763571377302e-01 1.468013476316890331e-01
3.449098272815233021e-06 -4.516260140905566101e-02 6.387086097692958875e-01 7.801058912157804448e-01 8.225186539264990326e-01 2.397195111755862085e-02 5.583869195734355584e-01 7.876546454529009811e-03 7.886276534384220049e-01 1.464674094971626650e-01
3.449299070444605865e-06 -4.510438567591158049e-02 6.268842143109509824e-01 7.780879985953887967e-01 4.553806342382157313e-01 3.353201957048144721e-01 5.587780832224238381e-01 1.421825295291988533e-01 7.931858852139863636e-01 1.476408863887280210e-01
3.449516674769242176e-06 -4.504130113133507363e-02 4.400725937713101943e-01 1.953132966931440673e-01 4.428302280234446830e-01 5.227807962303886447e-01 5.547248557830032345e-01 1.275387386697784398e-01 1.853343340885074686e-01 1.477008646002316017e-01
3.450189910686417340e-06 -4.484615198666459801e-02 6.262533555210417768e-01 6.404995312770629390e-01 5.159272046538269096e-01 2.604108314843113781e-01 6.190992046933697646e-01 5.936159086317788214e-02 6.298210821242300472e-01 1.494281197392899885e-01
3.450327835184803625e-06 -4.480617687074765071e-02 5.563713117770260341e-01 6.800565615912637085e-01 5.763219041850948798e-01 3.378280387747579216e-01 5.733141492653806015e-01 2.344404129980465212e-02 5.528291439066769231e-01 1.483275383127245217e-01
3.450403147024038914e-06 -4.478434966448428811e-02 7.733659162926886932e-01 1.373888860099127252e-01 2.406102260387469050e-01 2.223422625334713076e-01 5.753196449590335382e-01 7.112148644577800383e-01 7.713332434810317162e-01 1.487722989793106854e-01
3.451074200629431759e-06 -4.458988300939108890e-02 5.971925851340442737e-01 8.897624017574141675e-01 5.592671568242929547e-01 3.867017197663694672e-01 4.387634858660539039e-01 5.046969691618024001e-01 5.115629185467094331e-01 1.451554574456089264e-01
3.452006059704667676e-06 -4.431989945255625230e-02 4.808359655504599317e-01 1.482083959651064320e-01 2.974013766881473120e-01 7.139662658561201081e-01 6.046015196212726206e-01 5.351346432731762803e-01 1.991269136776752102e-02 1.505582267504503580e-01
3.452268245032029991e-06 -4.424395075297821167e-02 7.479722443816786415e-01 3.436718138333338946e-01 1.058519438901497356e-01 3.674669156820273286e-01 5.504524605800403814e-01 3.910541676549300072e-01 8.397278091522613064e-01 1.478214487763783447e-01
3.453275929364272308e-06 -4.395210283659856110e-02 8.052935544282672220e-01 7.205276383408045771e-01 4.653092702309415962e-01 1.702948892828447525e-01 5.838328033024058339e-01 9.062776528117311159e-01 9.543274961017611524e-01 1.490755762938258122e-01
3.453441454470939379e-06 -4.390417120786235111e-02 7.331934838468215920e-01 6.766427666443530775e-01 3.144194211676250572e-01 2.547614279743292132e-01 6.135653141481919315e-01 1.362236816689606500e-01 7.389300899680225632e-01 1.498145379335311944e-01
3.454053323122091620e-06 -4.372701040718241644e-02 5.147047639491714177e-01 8.391810182845014232e-01 9.651065842610541123e-01 2.772894451670150917e-01 5.830106749379603270e-01 1.425379141372462022e-01 4.844624156603839493e-01 1.491165691235026569e-01
3.454545039775751026e-06 -4.358466122760525779e-02 8.042110765744010514e-01 2.673882210119529201e-01 2.202588042187470785e-01 2.152030341042778516e-01 6.158328905056564828e-01 5.029206200958200590e-01 8.287562577582570089e-01 1.499550933134504160e-01
3.454638737913379497e-06 -4.355753844707127564e-02 3.970091766873825589e-01 1.526754474796145900e-01 5.564429792750886783e-01 5.336004948836234885e-01 5.874755225869023878e-01 8.658170018924254974e-02 1.088312267191415827e-01 1.486381760845805755e-01
3.454896885064037150e-06 -4.348281644985899780e-02 9.328138476062812767e-01 6.560283270335984795e-01 1.015628721400618217e-01 2.280490884451898681e-01 6.030646848324021647e-01 5.014877480960625578e-01 9.279906522112550959e-01 1.508660335260083862e-01
3.455292510693128244e-06 -4.336831144663456233e-02 6.311399837308260263e-01 6.624901421784654687e-01 5.715221279415086952e-01 3.270411568522964552e-01 4.802337525974164079e-01 9.579850915703983505e-01 5.357388698615964673e-01 1.463745523415234395e-01
3.456050929853870636e-06 -4.314884060993675469e-02 8.451968991454870128e-01 2.738912644160100829e-01 7.887901760259830031e-03 3.417147612581482585e-01 5.636298561178921807e-01 4.658702206276418289e-01 8.639397793307546092e-01 1.491488924291836660e-01
3.456156995674724004e-06 -4.311815119145077230e-02 5.330299898707271389e-01 8.416252186026511595e-01 9.057942531479691306e-01 2.683973964881530838e-01 5.629386110887488748e-01 1.814131953377026152e-01 4.937544272296326975e-01 1.486782905514226205e-01
3.457476130511039493e-06 -4.273654724219452111e-02 4.591497815299810936e-01 3.299099894739413452e-01 9.251928715883828147e-01 2.528343277032760739e-01 5.474727254740162641e-01 3.452738194992470144e-01 1.252642050085199799e-01 1.484213499794224400e-01
3.457489136456186443e-06 -4.273278556165262948e-02 6.722589004889492070e-01 4.774180365092584588e-01 4.301723275677818981e-01 3.058522868765037317e-01 5.812137299369766197e-01 6.230029856187437876e-01 6.754091105092525638e-01 1.488372863417061764e-01
3.457990318434355953e-06 -4.258784059223845453e-02 6.088798091676155266e-01 7.158469748231076624e-01 4.321259288753268590e-01 3.628536329681354422e-01 5.579982851586451353e-01 1.129860601366292627e-01 6.994036522506544840e-01 1.477067632694345212e-01
3.459055376859133621e-06 -4.227988876421317349e-02 8.027683307461029871e-01 4.619512775278092898e-01 1.105125509583237409e-01 3.417133009352544271e-01 5.948135101654616896e-01 3.777185205390871658e-01 8.833213613764931971e-01 1.492236394098357954e-01
3.459277913287346494e-06 -4.221555638271141248e-02 6.598250929055600178e-01 9.927632484992181539e-01 5.510402546252399780e-01 3.934419836562249029e-01 4.890918315567012731e-01 9.445397719000381276e-01 6.689739481108942787e-01 1.476232928021488089e-01
3.459657839916439827e-06 -4.210573410858592380e-02 4.882383677934715172e-01 7.655855879257565944e-01 9.248696672123157825e-01 3.352001379697820971e-01 5.686975051318565733e-01 1.619386948022150663e-01 3.214233743063132920e-01 1.491392590722507849e-01
3.459658337274014788e-06 -4.210559034941599443e-02 6.618779667411054390e-01 9.324033568180014608e-01 7.186173045001448267e-01 1.304739652897060620e-01 5.691259407170835560e-01 2.598343220653173691e-01 7.807497935175669035e-01 1.485093995779102616e-01
3.459759453417616975e-06 -4.207636357148025058e-02 5.148037584756571805e-01 5.156771933776476136e-01 4.514002080978476439e-01 4.623216535284272455e-01 5.238762091879916039e-01 1.509847786565767236e-01 4.511832332358997055e-01 1.470273136510897027e-01
3.459841860283080225e-06 -4.205254518607372261e-02 6.769481833692982953e-01 1.396318553162152476e-01 1.668299788994665467e-01 3.637787037025701498e-01 5.671709724408524611e-01 3.945119231595717868e-01 6.130863924289826628e-01 1.486989977891606529e-01
3.460151927983126710e-06 -4.196293016336093140e-02 5.202681171480998401e-01 3.942837874189180081e-01 7.367630964142125594e-01 3.499214912559569512e-01 5.059681323766420658e-01 9.697064519140953243e-01 2.695937869454232971e-01 1.470758049731043793e-01
3.460340477118356242e-06 -4.190844007097013074e-02 5.524638437789733958e-01 5.387793183732136892e-01 7.238436676112572910e-01 2.330261299488715909e-01 6.277573456989565814e-01 2.510948375514243658e-02 4.702814568081860047e-01 1.498220868121217519e-01
3.461057646139503449e-06 -4.170120765608994334e-02 6.933357096126020469e-01 9.876558056364522775e-01 1.722868401559469187e-01 4.825102351273964918e-01 5.758896371967677785e-01 1.863052884037247336e-02 7.354374548559472480e-01 1.493908766286976830e-01
3.461103912355948224e-06 -4.168784009278069663e-02 5.914145404966967279e-01 6.429562495010516798e-01 5.387867177594188872e-01 3.261965862902133084e-01 5.895140421692864896e-01 1.819694718562987479e-01 5.805157330592233267e-01 1.491591683222807108e-01
3.462546186329776530e-06 -4.127121765399541231e-02 6.868824259023070811e-01 2.766452114735010737e-01 1.297314579499193044e-01 4.839345500585334192e-01 4.982463402560244337e-01 7.427243110380199465e-01 7.334177819502991635e-01 1.463716718913695702e-01
3.462950631821257188e-06 -4.115441867117938801e-02 6.508067831347698062e-01 9.690691341743782328e-01 4.685421446692896175e-01 4.280967749868492822e-01 5.329851178802735845e-01 6.037310346285129636e-01 6.319126761970257355e-01 1.489791457617719028e-01
3.463887849565949573e-06 -4.088381390597865817e-02 7.506322249282765258e-01 6.237606961638386682e-01 2.247120517029677078e-01 3.550254490744773062e-01 5.564043936406507518e-01 4.775098060370893127e-01 9.348469842404243391e-01 1.479313133160418958e-01
3.464638624329034784e-06 -4.066709401067711976e-02 4.789137065165463003e-01 6.760940841098412868e-01 7.562055744528917156e-01 4.292032643121475033e-01 5.714207987774874153e-01 1.810099590468519926e-01 3.365806901732439904e-01 1.492714910417135277e-01
3.465055294913005282e-06 -4.054683744831558828e-02 6.341792903123668612e-01 9.098921211159995970e-01 2.086938334205448997e-01 6.344355476247502956e-01 3.570007075076127023e-01 7.287712411010676128e-01 5.648667702925866951e-01 1.433053083047232945e-01
3.465260245507023953e-06 -4.048769134078430976e-02 5.847234091377395693e-01 8.644094661961254644e-01 8.823600529849677798e-01 1.645848226582583562e-01 5.631648729745869497e-01 1.962313608126140529e-01 5.623292096005423346e-01 1.488431365797748263e-01
3.466927008149644816e-06 -4.000681492652646137e-02 7.010862643016412266e-01 8.535416041079836313e-01 4.387832361520507263e-01 3.692451815772186952e-01 5.498212893350507002e-01 7.601957118131353885e-01 6.971125629612374697e-01 1.491560114517475333e-01
3.466990046311454550e-06 -3.998863237218952538e-02 7.822590210321804793e-01 8.743605919658055114e-01 9.976360913020104748e-02 3.811955537332337163e-01 5.629293514116291419e-01 7.049647783195633899e-02 9.469507080375514363e-01 1.484750998545782408e-01
3.467151162883748967e-06 -3.994216185263135127e-02 5.042483825780121887e-01 6.108927884712050949e-01 9.397468225069092185e-01 2.152928283742344129e-01 5.833800875337454839e-01 3.245168134429632367e-02 4.423407223373980179e-01 1.484077616524417109e-01
3.467180582330006255e-06 -3.993367669578365420e-02 4.766507476213726058e-01 4.700246216614961670e-01 8.607050788968946264e-01 3.069062345841468975e-01 5.628672233403180236e-01 3.140580431129149641e-01 3.484575173625688027e-01 1.481421287559922251e-01
3.468302102652010073e-06 -3.961026147503583783e-02 5.102928297623632314e-01 5.080119662950974835e-01 6.567857880699570217e-01 3.485532750478728681e-01 5.044205191632986640e-01 2.601969564596139373e-01 3.254450806443289212e-01 1.467480590624430092e-01
3.468542927083328863e-06 -3.954082805670331574e-02 5.811423528064141308e-01 6.417471861654732157e-01 2.578250997051889648e-01 8.327844146773004663e-01 5.740296486130045395e-01 8.642369268945981897e-01 8.712978370588836396e-02 1.510562072502733000e-01
3.469220343522807753e-06 -3.934554424109911602e-02 6.640044139444201132e-01 7.839865283159686005e-01 3.971145286234669114e-01 2.775527348057564847e-01 5.363641525281935829e-01 9.263819236742687480e-02 7.733803743708719258e-01 1.467614092188301855e-01
3.470694611978144445e-06 -3.892067780196255961e-02 6.243096764797728682e-01 3.797439983195378677e-01 3.342727930551308013e-01 4.027901558937973525e-01 5.164650436201075889e-01 6.255522995341602499e-01 5.520899444466023098e-01 1.474463198938024133e-01
3.470803818072974810e-06 -3.888921309850094932e-02 7.336567016835074950e-01 9.944710890913834866e-01 2.305428383182783758e-02 5.079690170281423445e-01 5.064318659047333249e-01 6.017131499582356602e-02 8.598930963476815181e-01 1.472052406777572819e-01
3.471414472805935653e-06 -3.871328813937287283e-02 7.701434165673161081e-01 2.594214876612620513e-01 4.559758597029014426e-01 1.038449202257321069e-01 5.850427405766619460e-01 9.590069222361656820e-01 7.589774084809501886e-01 1.486716212505041490e-01
3.471465302962257645e-06 -3.869864575524320505e-02 7.871740466779013623e-01 9.315710107935855078e-01 2.049058734719903796e-01 3.887827889905863810e-01 4.729963553650531338e-01 7.300626765371456273e-01 8.300861472092726512e-01 1.473227584418938807e-01
3.471619343263917579e-06 -3.865427345977789225e-02 6.959383120012107016e-01 8.630741000015442754e-01 1.140239185558057922e-01 6.101779404347040803e-01 4.113993839839178990e-01 7.521888133394395437e-01 7.973840156756852871e-01 1.452280761666895625e-01
3.472239003130952252e-06 -3.847579635446576191e-02 5.610193454146434888e-01 7.246044925964325589e-01 9.213731981703532359e-01 1.922194278013740210e-01 4.886320159390007967e-01 6.688879601894749394e-01 3.437354835833024702e-01 1.467952661014504945e-01
3.472241946954007584e-06 -3.847494853787705033e-02 6.210937260158848616e-01 3.182017385544729238e-01 3.554505777819483292e-01 3.571399370396537432e-01 5.735961464501801998e-01 4.632461686394243605e-01 5.439778014436695841e-01 1.484612614367096795e-01
3.474152837817986955e-06 -3.792476647325573880e-02 5.937384658074125188e-01 5.393446924527882658e-01 3.578632011685765058e-01 3.984261698613921765e-01 5.149382336590814235e-01 2.351342205730993506e-01 5.941474762198232229e-01 1.463145731469955857e-01
3.475113396518039717e-06 -3.764831751482515532e-02 4.526908745721580640e-01 4.972078253264910486e-01 3.194331436590154838e-01 7.919385964563461222e-01 6.028343908011929431e-01 2.486153596653657982e-01 1.194455213066083488e-01 1.502484340062509860e-01
3.475793107321118573e-06 -3.745274279234624831e-02 6.032101394991241650e-01 1.452603400119469312e-01 4.110607234770028429e-01 3.305694793265405718e-01 5.815674742115168883e-01 6.093393392653272400e-01 5.550193537273312439e-01 1.482890828628125324e-01
3.475914664153827409e-06 -3.741777100218643404e-02 7.304279291924108408e-01 2.135983766855290011e-01 2.486930490096161128e-01 3.303298695647817196e-01 6.014149302943530007e-01 6.547260095698026472e-01 6.679605259761068892e-01 1.495704252283245050e-01
3.477856959685180220e-06 -3.685914017939203452e-02 5.563968878766268888e-01 2.582942798741069690e-01 3.711875720381973554e-01 4.469639747629616799e-01 6.117241466464320432e-01 3.032073645848777366e-01 4.060426081942513088e-01 1.497727166897433460e-01
3.478109826898359397e-06 -3.678643505556144361e-02 4.140745451293249557e-01 3.342697758712614986e-01 7.552784573858152273e-01 5.218025376381995040e-01 5.496047051569498132e-01 6.025591424642129379e-01 1.036818883946475367e-01 1.488205401564815789e-01
3.478156173495091763e-06 -3.677310991913668170e-02 7.301527122663058478e-01 4.997695609549019369e-01 1.194811626812717353e-01 3.817208782974844672e-01 5.754255374233790965e-01 1.906730869111902260e-01 9.053487399502528898e-01 1.480377272720930504e-01
3.478319919058046484e-06 -3.672603276087052504e-02 6.759244104476482828e-01 3.647780041108341087e-01 1.532378285356905678e-02 4.711798798914726971e-01 5.657162610852234375e-01 2.062228906059687672e-02 7.993781205494010500e-01 1.476446993904780292e-01
3.479517805258302694e-06 -3.638170561224551847e-02 6.553899500914901477e-01 6.297096910004145176e-01 5.542161183858541618e-01 3.076376710156745187e-01 5.330038578679816563e-01 9.157138500763968292e-01 6.257859376072224533e-01 1.481473973599608529e-01
3.479921262807082818e-06 -3.626576019041833493e-02 5.274760629857155880e-01 4.724139465922173597e-01 5.543368492657662072e-01 3.717926657585706174e-01 5.604732604312213651e-01 1.993861903755144438e-01 3.681235667398995992e-01 1.485564436619579431e-01
3.480734274465796977e-06 -3.603215815162912061e-02 6.612040500710073543e-01 3.711458331962527168e-01 2.019752924976673247e-01 5.039299543811975868e-01 4.835964977696217693e-01 8.244628062814594038e-01 7.248885998467300418e-01 1.462303792986038575e-01
3.480935003935760514e-06 -3.597449110023596963e-02 6.606691362457280947e-01 2.633393997641294559e-01 1.276079683904267070e-01 4.440639928514816814e-01 5.791337850429552070e-01 2.510234990065817184e-01 5.764323210592693369e-01 1.489801557512756558e-01
3.481632884167197218e-06 -3.577402476511652718e-02 7.999592891730367139e-01 9.652698846372209651e-01 3.519523503304634038e-01 2.306896862509426882e-01 5.532171374931235119e-01 4.812322146948971313e-01 8.850948712169538490e-01 1.493329192961985463e-01
3.481667821625785087e-06 -3.576399002439720198e-02 6.797184950808206061e-01 3.446240275580818579e-01 1.810569316990572053e-01 3.799314727087381716e-01 5.631839687922718385e-01 2.838008653588606767e-01 7.329626290152889689e-01 1.479973055066910181e-01
3.482646297589110179e-06 -3.548299294327372788e-02 3.937213762465522349e-01 2.085469010161353220e-01 9.828625624327526067e-01 3.531265340040617984e-01 5.358695483287092554e-01 4.903434769345191846e-01 1.274568776575202289e-02 1.480090791532203409e-01
3.483046134951807749e-06 -3.536819104324238211e-02 8.864120309580237889e-01 7.911872055171920159e-01 2.153390755697429104e-01 2.484614871431285454e-01 5.920465803108732050e-01 6.488973868924956534e-01 9.637630811440078826e-01 1.503013199239714159e-01
3.483367803140645759e-06 -3.527584275847869821e-02 6.294890108493255143e-01 5.381601477732173011e-01 1.157970941060023073e-01 6.786408815024249641e-01 3.984718224929612029e-01 8.901797740277912485e-01 7.656098164532046946e-01 1.435152625213131361e-01
3.483654339621223552e-06 -3.519358767880187422e-02 6.424323898026720325e-01 3.148098628244941910e-01 3.475079434579371185e-01 3.152445497676202857e-01 6.201366957555447534e-01 2.644469987502675590e-01 5.822645378357168555e-01 1.497139947579469443e-01
3.483720734198012406e-06 -3.517452897273603413e-02 5.809604700790279574e-01 6.729198924272372651e-03 3.243937087967218025e-01 4.010662425635390660e-01 5.969574077441796023e-01 5.226306688740034456e-01 3.014479626327514761e-01 1.498748457439831039e-01
3.483972665240324702e-06 -3.510221492905579721e-02 7.476330429391485621e-01 8.763472524683519893e-01 2.822183748402839476e-01 3.297351054496169276e-01 5.148265343171063435e-01 4.700011952947606986e-01 7.384185579917159625e-01 1.482906996273635203e-01
3.484197536151117441e-06 -3.503767261611678147e-02 5.828490554234547760e-01 6.002119789824927887e-01 6.728733085102756029e-01 2.258113329948184256e-01 5.933888287861683875e-01 1.808745083269042153e-01 5.994957996142359358e-01 1.487136795181590587e-01
3.484269806084912289e-06 -3.501693062788761857e-02 6.901328371718252752e-01 4.581948541836520228e-01 2.168987085782222990e-01 3.765972940327183549e-01 6.023836563888544937e-01 2.180462294318994410e-01 6.467627080000180051e-01 1.496662765856146549e-01
3.484383383308440285e-06 -3.498433402120889463e-02 5.819074570906597188e-01 7.299735387697672273e-01 7.161784975161100686e-01 2.509780101444136768e-01 5.590253530906507118e-01 3.229252892843070821e-01 5.697560716045473317e-01 1.484346985085222836e-01
3.484965737487227961e-06 -3.481721535057426264e-02 5.108316332602518273e-01 4.053911247908097981e-01 1.237761303292264636e-01 7.827056927542702658e-01 6.342912931491677675e-01 8.728400616041986915e-02 1.478656181614652620e-01 1.510348418759873690e-01
3.484980242624361320e-06 -3.481305315558240465e-02 5.975631488805840386e-01 4.578934734790343630e-01 4.210814474154060960e-01 3.425791037315508714e-01 6.460953596968610491e-01 1.936587770929187879e-02 5.660433536564083434e-01 1.498775088696158164e-01
3.485034382815283274e-06 -3.479751798275034641e-02 6.700382931994959268e-01 7.596479601878998178e-01 3.435746346246124627e-01 4.791193826375294007e-01 4.518498948819065775e-01 9.660391084961865715e-01 6.983841436010961301e-01 1.457934666483971520e-01
3.485243844730560743e-06 -3.473741653241630561e-02 7.318876282791043630e-01 6.402705497301518500e-01 2.186704117324368701e-01 3.945418479853690652e-01 5.090263713304339355e-01 6.243594525401428008e-01 8.655973137862135180e-01 1.470400691900696499e-01
3.485470477950326364e-06 -3.467239214342029974e-02 5.653969163916634511e-01 7.524696629854241703e-01 7.483515453385866101e-01 2.937029222688883889e-01 4.663002381884496783e-01 6.229443664279340487e-01 3.169680431654636754e-01 1.466190997682487451e-01
3.485641407981942523e-06 -3.462335261157883926e-02 5.631798327462786968e-01 8.454817254852885489e-01 7.532225330081534498e-01 2.991704822687833998e-01 4.911863554976057533e-01 4.312766228975384308e-01 3.960736075762970598e-01 1.471910998739065501e-01
3.485793879197569664e-06 -3.457961091152374905e-02 6.172071770678235758e-01 8.902590942532495610e-01 5.560365271884366578e-01 3.148089657414971931e-01 5.455676734127454797e-01 2.110665815633171460e-01 6.655119928313892874e-01 1.482737874019310620e-01
3.486597185317982580e-06 -3.434918604965728900e-02 6.341160726338390674e-01 7.981663675019260440e-01 3.999464758022263644e-01 3.713155758678701179e-01 5.368880957917346874e-01 2.278568698464764897e-01 6.634191873440660192e-01 1.477319496114207487e-01
3.487963954213686722e-06 -3.395725632509056374e-02 6.916543019583236696e-01 3.431237402796604719e-01 3.766991921652864117e-01 3.246095754936523248e-01 5.665991659699356475e-01 8.385761966540101753e-01 6.493509255126702628e-01 1.488056593079820633e-01
3.488336211692760594e-06 -3.385053572231659647e-02 6.055859778971534046e-01 9.416392270030111700e-01 2.174229392225665303e-01 5.649544361719269769e-01 4.279604840478248295e-01 1.623526966567666041e-01 5.129927698863818719e-01 1.452128535945262644e-01
3.489484161070786797e-06 -3.352150765135587795e-02 5.357788484846905952e-01 6.881354963167042316e-01 7.207577809325456109e-01 3.286486563341989298e-01 5.785248856858125066e-01 2.078587739868684725e-01 4.866443273356551025e-01 1.488253260382378096e-01
3.491192710258441346e-06 -3.303199946947871224e-02 6.939924496844149804e-01 3.878427916629485495e-01 1.825850983350754686e-01 4.762305341097111677e-01 4.764128775812483951e-01 8.665444571569365095e-01 7.437709324654999676e-01 1.462795708288322782e-01
3.491408667042476938e-06 -3.297014378777977234e-02 6.503685964089920279e-01 1.373818317504331699e-01 3.514160578310155936e-01 3.483800796726531646e-01 5.785846863104135984e-01 7.740648211138823065e-01 5.569816331364575435e-01 1.486906405771091511e-01
3.492558052535205929e-06 -3.264099402253582694e-02 5.877994636767684966e-01 8.198645685305425701e-01 2.651336430901265473e-01 5.203902627755170318e-01 4.595812263917686269e-01 7.739903441899231851e-02 5.488570186324610578e-01 1.454437484358839516e-01
3.492653833218234821e-06 -3.261357017781921219e-02 7.714728058119297849e-01 9.307945354986861819e-01 1.938015502308046978e-01 3.655298834786139262e-01 5.547844942123484335e-01 2.577679261488322049e-01 7.441786368057357048e-01 1.495533398017137861e-01
3.492776428325294830e-06 -3.257846994705953375e-02 4.644313920708115218e-01 5.839991874513206227e-01 9.098806761648019492e-01 3.460505280834693664e-01 5.392515249396927501e-01 3.790632366856188096e-01 2.535273676851197977e-01 1.482861596619773903e-01
3.493385058422495894e-06 -3.240423117519834750e-02 5.053267230475504412e-01 2.862148732502322046e-01 6.603582537843757372e-01 3.964448932726406527e-01 5.539257495238328888e-01 7.751726068441393558e-01 3.227936343903644034e-01 1.483567065002664442e-01
3.493561575655110051e-06 -3.235370345775706591e-02 5.072529343071536800e-01 6.516242603554114332e-01 8.673395018089389286e-01 2.881880431735528436e-01 5.428135643439409019e-01 3.172241623520979381e-01 3.774903232862247826e-01 1.483521983863118898e-01
3.494868464116076700e-06 -3.197968855920156617e-02 6.946084616928793753e-01 9.934989943699346071e-01 6.122561821570589036e-01 1.460006147044034253e-01 5.576778825837376274e-01 1.903008176953556174e-01 9.075598978407126705e-01 1.474306692292811083e-01
3.495428696305260021e-06 -3.181940003997756061e-02 5.941051107918913221e-01 9.852165455957864193e-01 5.303438330342495899e-01 4.465140520461778340e-01 5.564673736952384653e-01 3.047327033321252099e-01 5.501974724738647460e-01 1.494853230843689318e-01
3.495481772504262198e-06 -3.180421569475345295e-02 5.947000654573215694e-01 7.469749316814340290e-01 6.317076383997414224e-01 2.761944717138274386e-01 5.695921469296632011e-01 2.280654883510079278e-01 5.857967934983958624e-01 1.487106877476151723e-01
3.495518647991735627e-06 -3.179366627828739827e-02 5.685142834101820641e-01 9.448336247299417012e-01 9.036384616465513719e-01 2.027864261159669224e-01 5.818568681350024807e-01 6.945685752154545645e-02 6.455017846958599481e-01 1.487550845685531309e-01
3.498251036092636474e-06 -3.101228846250207727e-02 7.072827011367950334e-01 8.562050862153154362e-01 3.589493186421799931e-01 2.921902353682146458e-01 5.463880595904834214e-01 2.535665675862208701e-01 7.896242602076752881e-01 1.478612073285893724e-01
3.499081245108187421e-06 -3.077499545251937210e-02 7.852696269547203567e-01 2.060542424272667761e-01 5.587081976760477353e-02 3.655045019421563901e-01 5.783653962994514952e-01 4.448280176272627617e-01 7.489435875895936734e-01 1.495104615185468000e-01
3.499444076291897840e-06 -3.067130755617576698e-02 6.119608799329284698e-01 9.075357704566875405e-01 2.002028072811735671e-01 5.504446354542555930e-01 4.651995297828049325e-01 9.679162724469247969e-02 6.580737290015656882e-01 1.459201844110137869e-01
3.499543809933283885e-06 -3.064280810939315133e-02 6.821931492669564001e-01 4.861412570673810940e-01 6.451955254324182043e-03 6.783776745084194593e-01 4.001713785877737961e-01 8.836370842856990926e-01 8.544779646281016605e-01 1.437922150712035718e-01
3.499892180319423485e-06 -3.054326569285950935e-02 8.279301404094433492e-01 7.187294948707589892e-01 2.285735943113252899e-01 2.082657460129846982e-01 6.002810715309789824e-01 2.357815082339629331e-01 8.471748425647821490e-01 1.500707467837706643e-01
3.500341419344172966e-06 -3.041491596881832488e-02 7.015924050125569300e-01 4.552322373394855903e-01 3.332859955257103102e-01 3.672016603172368332e-01 5.703801726893104052e-01 7.529293575438329444e-01 6.882405566304068412e-01 1.488213575149046897e-01
3.500706056848235891e-06 -3.031074941213323173e-02 4.647891335974019267e-01 3.743086992678702485e-01 9.819506597110302382e-01 2.179444776922947746e-01 6.069714075465327818e-01 5.986054859030304209e-02 2.278773443735020443e-01 1.493755647214986271e-01
3.500832152875498085e-06 -3.027472989085170860e-02 5.941128787367684350e-01 8.577363709554877147e-01 6.837501869658788589e-01 2.815145842246308261e-01 4.742028010711601960e-01 4.111512446730375969e-01 4.303989852105276626e-01 1.463741974364452803e-01
3.501285455794514480e-06 -3.014525393944105652e-02 6.608413504571502006e-01 4.614524923986592642e-01 1.286806704330483164e-01 4.374054337127459835e-01 5.802819491523588669e-01 4.613640479494190982e-02 7.181651626329470517e-01 1.482195281834203515e-01
3.503354385910676686e-06 -2.955452258905665736e-02 6.633330994318463736e-01 1.952220535728778628e-01 1.028840009592411064e-01 4.048723428927184509e-01 5.815215267911705288e-01 1.384811851019482343e-01 5.795411752508942138e-01 1.488309952332766140e-01
3.504017325582089820e-06 -2.936531051334776571e-02 5.063280559962245464e-01 2.203488623837270288e-01 7.394199908160524748e-01 3.110591570369817260e-01 5.228021544748151506e-01 8.947822245030609967e-01 3.075368831831234440e-01 1.469558543785258742e-01
3.504472400491271815e-06 -2.923544661182142165e-02 5.994591587706936675e-01 9.981106097472690619e-01 8.498081959891106152e-01 2.001261099069299998e-01 5.399009765960217644e-01 3.449437934052352883e-01 5.679926292088257611e-01 1.486458618696164524e-01
3.504536129769873064e-06 -2.921726164933373740e-02 7.317058565512634116e-01 4.154843160737647922e-01 4.247867294221169265e-01 2.340680153526117080e-01 5.510401406468958818e-01 9.405867761836665952e-01 7.340893331594280369e-01 1.482263356243434804e-01
3.505262547057219521e-06 -2.901000397377508783e-02 8.183778375278052408e-01 6.890649744360889395e-01 2.266632870874575878e-01 3.368582194762709259e-01 5.485898981374552896e-01 7.735734016518099887e-01 9.645994619421384142e-01 1.484507174169443777e-01
3.507296631316753080e-06 -2.842987787006866565e-02 7.863035322542444305e-01 2.890633355589733444e-02 2.440101326438852414e-01 2.256785341095982889e-01 6.069113022903176446e-01 7.920172923560915290e-01 8.399643830936152078e-01 1.491041497658807391e-01
3.510722449628023390e-06 -2.745358568736998642e-02 4.829633153189437089e-01 4.468604880047366557e-01 2.145736909790131319e-01 9.089381895644799148e-01 5.864491612112230357e-01 5.249387399521462383e-01 7.951139609060658975e-02 1.500756701528787318e-01
3.513128305347460067e-06 -2.676853246017218621e-02 7.994106342559403888e-01 8.329362287754382699e-01 2.056160481029828402e-02 4.387056894339289581e-01 5.127572418431121104e-01 2.793358651787729574e-01 9.156338054748174304e-01 1.476408667779660899e-01
3.513855795735968491e-06 -2.656147623785867079e-02 6.101157865968385163e-01 9.732238233913876879e-01 9.540783310856680854e-01 1.326384548344410330e-01 5.090221923246093239e-01 6.501281760688268907e-01 3.885586824782490956e-01 1.480510557687023110e-01
3.513972209012744066e-06 -2.652834700456230613e-02 6.625809318583351093e-01 9.824224993760500846e-01 4.775311732689926369e-01 3.020960020032204540e-01 5.288471748325930255e-01 2.221421641068106190e-01 8.246777096975017596e-01 1.473316601312067431e-01
3.515167132761823149e-06 -2.618835551983257973e-02 6.969563394602208417e-01 9.716001689926437868e-01 6.700772451636332061e-01 1.206096098811789141e-01 5.802379134945385708e-01 2.693956772861070270e-01 9.127008268923426648e-01 1.484511089337842427e-01
3.517454710899788304e-06 -2.553779353327614507e-02 6.656933352087570643e-01 4.865143657544408473e-01 1.082366624626957541e-01 4.756445143508029050e-01 5.372776711818372242e-01 2.193592300613458057e-01 7.897633347329390263e-01 1.468866915302122211e-01
3.518353977906184940e-06 -2.528216776200352053e-02 6.697722077526536699e-01 1.050712700228617624e-02 2.083971954979040031e-01 3.435931206131453974e-01 5.921143710989585918e-01 4.800635139589171096e-01 4.616237602528941997e-01 1.498340288847332114e-01
3.518754637815121158e-06 -2.516829715654661515e-02 4.905220614749199459e-01 1.929912597909656524e-01 3.429767841541294660e-01 6.172405504832594314e-01 6.307096228968345208e-01 3.320317081739409537e-01 1.009478110868375911e-01 1.508649227635490142e-01
3.519442025356608926e-06 -2.497296656930298939e-02 6.413018093652065321e-01 3.649981841043946629e-01 2.279487999124457931e-01 4.721255394343227274e-01 4.939720910888530381e-01 6.920598546916867377e-01 6.292386276971464465e-01 1.467171299256378458e-01
3.520824388491283537e-06 -2.458026462560599160e-02 4.883602027120370614e-01 1.252001346983071528e-01 5.412699516946185563e-01 4.586011208076222756e-01 5.592656209391150268e-01 7.031222500468252701e-01 2.812796093166978761e-01 1.481623338596463890e-01
3.521736362142429087e-06 -2.432127540604689733e-02 6.497373506643310259e-01 8.575564984074534047e-01 7.071319095370340868e-01 1.149503784390488170e-01 5.682821639316877338e-01 6.859916020742862219e-02 8.429508392499200919e-01 1.471364474371597564e-01
3.522405276494961178e-06 -2.413135464952606557e-02 7.963174066340039658e-01 7.506295606515162033e-01 3.483947875287372042e-01 2.725402899472972873e-01 5.315946340137172044e-01 9.101533260736870412e-01 8.833559621469642131e-01 1.483565729022428836e-01
3.522741169703287125e-06 -2.403600014947349442e-02 6.118199178942644867e-01 7.826239534301684397e-01 4.939884522979400283e-01 3.332914508023638867e-01 5.953909409998111579e-01 3.667632399928327791e-02 6.883691192466535602e-01 1.488596572246493333e-01
3.524389088130359532e-06 -2.356831517791136560e-02 6.182309120443038042e-01 8.668282712727255479e-01 4.028033205008296758e-01 4.446230625141766035e-01 4.341611101142209272e-01 5.063437857854871105e-01 5.145687600353783253e-01 1.454611816504370048e-01
3.526335787057709546e-06 -2.301611692559709516e-02 6.636807326646648741e-01 6.779549119721354211e-01 5.823431924952595651e-01 1.410898913165321567e-01 6.198207684106552540e-01 1.302785079056029138e-02 8.480601517262585931e-01 1.485842908036909271e-01
3.526902345792132923e-06 -2.285546483219785471e-02 6.710127359471831365e-01 2.361860345092459679e-01 4.027326360687072393e-02 5.414145266655856492e-01 5.017420795372742326e-01 5.399381528067715985e-01 7.240731480574984502e-01 1.467571618530626731e-01
3.528737157017932312e-06 -2.233536703909949281e-02 7.039145012731277129e-01 7.785975182508667602e-01 2.792586407618319333e-02 5.000920052690510653e-01 5.225474956004784177e-01 1.662405465078325983e-02 9.913916589019630132e-01 1.459459861368934963e-01
3.529426128548691376e-06 -2.214014017763916292e-02 9.360193618957635131e-01 8.650280675529662400e-01 1.198015843343900322e-01 2.680213168174183647e-01 5.874844483648680171e-01 5.836492389238454592e-01 9.675554549144880223e-01 1.512533489595851988e-01
3.530132454830606518e-06 -2.194003523454998716e-02 6.093681839990465754e-01 8.805113212989483795e-01 8.179706859359823223e-01 1.826254887775061730e-01 4.895256892612104282e-01 5.593563715870373265e-01 4.060979975616357818e-01 1.469527180741989347e-01
3.530945211799002938e-06 -2.170982760609969572e-02 5.746936997285441162e-01 2.820598083549625823e-01 2.375328640652610013e-01 4.651468973125584272e-01 5.669013940182058287e-01 1.716151918499594919e-01 5.590093860877517473e-01 1.476632674147463076e-01
3.531881601413919673e-06 -2.144466759434651010e-02 5.296316069709863239e-01 3.214900725037717066e-01 3.323679887906604846e-01 4.958099480329699604e-01 6.267132540417337250e-01 6.723785690536054904e-02 3.828023814273158187e-01 1.497646763743591958e-01
3.532153141870416978e-06 -2.136778788848356370e-02 6.093633991367775060e-01 9.694770632994842430e-01 7.810527510041469501e-01 2.287824183931087552e-01 5.316650882748661378e-01 4.004767280879955038e-01 6.157578136939823032e-01 1.481095170142539275e-01
3.534873867093778399e-06 -2.059781054035010953e-02 8.520771839008092208e-01 3.326880570221393274e-01 4.001176974157660826e-02 3.088971547830823283e-01 5.911190019506101789e-01 3.951493231525696204e-01 9.658904686702822762e-01 1.493368390910088384e-01
3.536323231145982335e-06 -2.018787596990493857e-02 4.993429943269545035e-01 3.763789004944186889e-01 4.474284713808530101e-01 5.176575007840152898e-01 6.091469201820103319e-01 2.215491041345147016e-01 2.814400038464957010e-01 1.499338852258501886e-01
3.537234985383234500e-06 -1.993008372040762019e-02 6.420098339686666211e-01 6.970905524782879947e-01 1.831979319042538468e-01 4.653071237822857253e-01 5.245418356666442516e-01 8.496182510888555806e-02 7.273992264965050136e-01 1.467893571622287396e-01
3.540210062658282535e-06 -1.908936297157964521e-02 6.194106366590096391e-01 7.457572344512892748e-01 2.879670262480945597e-01 5.805793566464469979e-01 3.934562052177542624e-01 8.567206776068463370e-01 5.839736421759729179e-01 1.438816051046220568e-01
3.544644923424757297e-06 -1.783743576786963117e-02 6.972931573231510027e-01 4.904272173772912247e-01 6.623165715704026901e-02 4.687715491818729152e-01 5.483996998749498530e-01 1.990760219038587853e-01 8.168335128005099754e-01 1.475890300252197529e-01
3.547780696651107456e-06 -1.695317596772327740e-02 7.273907661174859873e-01 9.556676151147383003e-01 3.155412890250603453e-01 2.903932497552855208e-01 5.312357686083682973e-01 1.652275358507228065e-01 8.666058818849395884e-01 1.472839344237981962e-01
3.548400572242538720e-06 -1.677846915866005109e-02 7.086178699627111444e-01 6.273473111486922438e-01 1.924360766058381411e-01 3.757132864846285947e-01 5.362490454207671231e-01 2.689554997901102418e-01 7.965170031567313513e-01 1.474164437829570962e-01
3.548805144322278499e-06 -1.666446032297516644e-02 5.477029200400207465e-01 2.868550891845952910e-01 3.571807718841389923e-01 4.095988538246149169e-01 6.147033448516663334e-01 4.272768156024520092e-02 3.940521464612742331e-01 1.492495947677946466e-01
3.549730022635221702e-06 -1.640387745723622184e-02 5.771817228323921078e-01 5.855304833527256170e-01 1.603250430056457621e-01 5.891431096925574540e-01 4.659763447051101792e-01 2.100093533263198142e-01 6.369349476716741343e-01 1.449589475410018591e-01
3.550190111013639488e-06 -1.627427363905196642e-02 4.792777149959820959e-01 2.661405454481923227e-01 6.308290732206118800e-01 4.044447929278799925e-01 5.573299724465282656e-01 4.743514829888200723e-01 3.153670951232676600e-01 1.481066004687649207e-01
3.552099908444432610e-06 -1.573647597897407172e-02 6.527294059110915203e-01 7.936377788434910707e-01 2.040054960784716542e-01 4.640598754209381283e-01 5.109494621615081611e-01 1.300277987900012033e-01 8.436621036577562904e-01 1.461811748842121728e-01
3.552277673593219173e-06 -1.568643214423708424e-02 6.557110212597093701e-01 8.157855520661135840e-01 3.438466777700834309e-01 3.892136710099118879e-01 5.127306550218945214e-01 3.002638130832087637e-01 7.457427727915557636e-01 1.471575061115502348e-01
3.554332688728338638e-06 -1.510809308028586082e-02 8.229252115088865338e-01 4.847755542483997426e-01 2.436570952785534205e-01 2.472777336042509544e-01 5.674438843525158038e-01 7.313974861139433958e-01 8.715048885263392275e-01 1.487861874773639403e-01
3.556666820864495057e-06 -1.445160809056125588e-02 7.818671842957649609e-01 3.717118581630202145e-01 1.714364905669890637e-02 3.882228351225294749e-01 5.577568921483376796e-01 2.897299320515198118e-01 8.705997661929374409e-01 1.482263247254055893e-01
3.560746143735329468e-06 -1.330531425098942580e-02 5.086545921246028445e-01 4.135065867552552010e-01 5.820532287374309277e-01 3.517611571878296317e-01 5.651122747112837796e-01 7.700241192981932548e-02 3.718034170922309145e-01 1.481031697177336015e-01
3.561773115759807533e-06 -1.301694099590955216e-02 7.024573026856525404e-01 9.741400064195958608e-01 6.908651442193793901e-01 5.705640632436426163e-02 5.716523049438999582e-01 1.258202425738226826e-01 9.084827737449348017e-01 1.476596625453119871e-01
3.564060334817268422e-06 -1.237498966436111070e-02 8.065895234061208896e-01 9.500168995742166445e-01 2.863082938946455158e-01 2.435348996377058595e-01 5.640789069301780367e-01 3.258566437150440809e-01 8.698579912055910413e-01 1.495292876081678879e-01
3.570389088902472059e-06 -1.060084974988401152e-02 5.875533248768781691e-01 3.989772144410117516e-01 4.114967266391552636e-01 3.309118694148722173e-01 6.149519308849135113e-01 4.578499257399787359e-02 5.718600549663620525e-01 1.489017140257966609e-01
3.571308835826081989e-06 -1.034327880852449998e-02 7.540237379548107022e-01 9.096280317620364375e-01 4.309821481945664834e-01 2.972390657138346826e-01 5.492452920156982721e-01 7.815651898585900259e-01 7.837458587263226306e-01 1.495024419299206542e-01
3.572662052375641850e-06 -9.964437240740298823e-03 7.307025605426075154e-01 3.175396476720280248e-01 1.372600839524992233e-01 4.089751529651326489e-01 5.378418790350335543e-01 5.986920126850522328e-01 7.621255850658645858e-01 1.478678524990281185e-01
3.578382520557759788e-06 -8.364539675011066835e-03 5.924462367343186209e-01 7.247123741455218093e-01 2.914555050371354650e-01 5.030352999300068406e-01 4.704551016578883971e-01 2.560615214686025043e-01 5.790492070988260132e-01 1.458975817360108895e-01
3.586262132480567251e-06 -6.164956728109634299e-03 4.326014105995915626e-01 2.392709099813636886e-01 7.370683252124954343e-01 4.128359967479688919e-01 5.679960223585840406e-01 3.880014813779170679e-01 1.476835878915093159e-01 1.486968529186377119e-01
3.588191627673202752e-06 -5.627077384635888538e-03 6.630371787512759907e-01 8.227961208742061716e-01 3.957466727716406063e-01 3.043828469662100411e-01 5.568434734726891433e-01 8.190299271940632009e-02 7.909279932299404514e-01 1.475874390247880474e-01
3.589431486375779356e-06 -5.281598471853816631e-03 7.339043174427667404e-01 7.029545875706979530e-01 1.552418444993444724e-01 4.212526865469365389e-01 5.102861040958064365e-01 4.339454608637652866e-01 8.316409530253872084e-01 1.473960304337157967e-01
3.598557776424320185e-06 -2.742280557249172739e-03 6.250989490674776494e-01 1.399674913630111761e-01 4.033584953896005021e-01 3.129899690941124746e-01 5.598037312597249349e-01 7.549147526015984599e-01 5.089651133459437427e-01 1.481575798849941727e-01
