logz logzerr logvol nlive logl logwt insert_order
-inf nan 0.000000000000000000e+00 4.000000000000000000e+02 -2.622901166525516146e+03 -2.628893880812207499e+03 1.040000000000000036e+00
-2.628893880812207499e+03 nan -2.500000000000000052e-03 4.000000000000000000e+02 -2.582894802520962457e+03 -2.588890016807653865e+03 1.274999999999999911e+00
-2.588890016807653865e+03 nan -5.000000000000000104e-03 4.000000000000000000e+02 -2.436522840507007459e+03 -2.442520554793698921e+03 1.080000000000000071e+00
-2.442520554793698921e+03 nan -7.499999999999999722e-03 4.000000000000000000e+02 -2.395505345749485969e+03 -2.401505560036177485e+03 1.100000000000000006e-01
-2.401505560036177485e+03 1.482245739770113602e+01 -1.000000000000000021e-02 4.000000000000000000e+02 -2.387688170268321755e+03 -2.393690884555013326e+03 1.699999999999999956e+00
-2.393690480870676765e+03 1.322205345333348880e+01 -1.250000000000000069e-02 4.000000000000000000e+02 -2.364759094800208459e+03 -2.370764309086899630e+03 1.889999999999999902e+00
-2.370764309086789126e+03 2.153081361887187484e+01 -1.500000000000000118e-02 4.000000000000000000e+02 -2.356501834329342273e+03 -2.362509548616033499e+03 1.959999999999999964e+00
-2.362509288632033076e+03 1.288505361603129451e+01 -1.750000000000000167e-02 4.000000000000000000e+02 -2.278103946685778283e+03 -2.284114160972469563e+03 1.314999999999999947e+00
-2.284114160972469563e+03 4.187002662642264283e+01 -2.000000000000000042e-02 4.000000000000000000e+02 -1.921590921359828826e+03 -1.927603635646520161e+03 1.685000000000000053e+00
-1.927603635646520161e+03 1.863446679123855176e+02 -2.249999999999999917e-02 4.000000000000000000e+02 -1.846995322607474009e+03 -1.853010536894165398e+03 3.599999999999999867e-01
-1.853010536894165398e+03 1.845083345351546882e+02 -2.499999999999999792e-02 4.000000000000000000e+02 -1.734793610102667799e+03 -1.740811324389359243e+03 1.270000000000000018e+00
-1.740811324389359243e+03 1.979203313175254095e+02 -2.749999999999999667e-02 4.000000000000000000e+02 -1.725739658508106686e+03 -1.731759872794797957e+03 1.939999999999999947e+00
-1.731759755580911360e+03 3.462796365264841469e+00 -2.999999999999999542e-02 4.000000000000000000e+02 -1.700810071095204194e+03 -1.706832785381895519e+03 1.044999999999999929e+00
-1.706832785381880512e+03 1.421351414693375048e+01 -3.249999999999999417e-02 4.000000000000000000e+02 -1.675211819565980022e+03 -1.681237033852671402e+03 1.439999999999999947e+00
-1.681237033852663671e+03 1.595309945099182336e+01 -3.499999999999999639e-02 4.000000000000000000e+02 -1.619695261503777829e+03 -1.625722975790469263e+03 1.469999999999999973e+00
-1.625722975790469263e+03 3.297208740800550686e+01 -3.749999999999999861e-02 4.000000000000000000e+02 -1.436001300667732266e+03 -1.442031514954423528e+03 1.669999999999999929e+00
-1.442031514954423528e+03 1.010952252946449903e+02 -4.000000000000000083e-02 4.000000000000000000e+02 -1.432583016277566912e+03 -1.438615730564258229e+03 1.300000000000000044e-01
-1.438583407983915322e+03 5.128440558590710197e+01 -4.250000000000000305e-02 4.000000000000000000e+02 -1.407929315302145596e+03 -1.413964529588836967e+03 1.060000000000000053e+00
-1.413964529588816731e+03 1.132260775939680641e+01 -4.500000000000000527e-02 4.000000000000000000e+02 -1.336655160370137992e+03 -1.342692874656829417e+03 1.064999999999999947e+00
-1.342692874656829417e+03 3.468043347494232620e+01 -4.750000000000000749e-02 4.000000000000000000e+02 -1.299869568354187777e+03 -1.305909782640879030e+03 7.500000000000000000e-01
-1.305909782640879030e+03 3.714281732891160459e+01 -5.000000000000000971e-02 4.000000000000000000e+02 -1.299322623637630841e+03 -1.305365337924322148e+03 1.150000000000000050e-01
-1.304907809380576055e+03 1.401396924223736029e+01 -5.250000000000001193e-02 4.000000000000000000e+02 -1.295390684762079445e+03 -1.301435899048770807e+03 1.985000000000000098e+00
-1.301405313934968945e+03 2.167594898059174380e+00 -5.500000000000001416e-02 4.000000000000000000e+02 -1.277017172249523355e+03 -1.283064886536214772e+03 1.060000000000000053e+00
-1.283064886525379052e+03 8.280814522715632009e+00 -5.750000000000001638e-02 4.000000000000000000e+02 -1.268135131944499790e+03 -1.274185346231191033e+03 2.149999999999999967e-01
-1.274185207032733842e+03 1.019113771297853255e+01 -6.000000000000001860e-02 4.000000000000000000e+02 -1.223204735664278815e+03 -1.229257449950970113e+03 8.850000000000000089e-01
-1.229257449950970113e+03 2.037879945533367732e+01 -6.250000000000001388e-02 4.000000000000000000e+02 -1.219618952912809846e+03 -1.225674167199501198e+03 1.804999999999999938e+00
-1.225646761841147509e+03 1.342293385911298031e+01 -6.500000000000001610e-02 4.000000000000000000e+02 -1.205077825300088080e+03 -1.211135539586779487e+03 1.645000000000000018e+00
-1.211135539088060113e+03 7.041331400071777047e+00 -6.750000000000001832e-02 4.000000000000000000e+02 -1.202206771348723350e+03 -1.208266985635414812e+03 1.475000000000000089e+00
-1.208211758136736535e+03 4.721386133115966111e+00 -7.000000000000002054e-02 4.000000000000000000e+02 -1.182840056008757756e+03 -1.188902770295449045e+03 1.100000000000000006e-01
-1.188902770291335628e+03 1.241952624967905372e+01 -7.250000000000002276e-02 4.000000000000000000e+02 -1.166254706282012421e+03 -1.172319920568703765e+03 1.499999999999999944e-01
-1.172319920505874734e+03 1.502688016064207233e+01 -7.500000000000002498e-02 4.000000000000000000e+02 -1.108505524579878283e+03 -1.114573238866569682e+03 8.000000000000000167e-02
-1.114573238866569682e+03 3.351216759697718572e+01 -7.750000000000002720e-02 4.000000000000000000e+02 -1.103615777896123745e+03 -1.109685992182815198e+03 7.000000000000000666e-02
-1.109678478322832234e+03 2.944321463055360510e+01 -8.000000000000002942e-02 4.000000000000000000e+02 -1.086605073275948598e+03 -1.092677787562639878e+03 1.290000000000000036e+00
-1.092677787521269011e+03 7.716498073482079612e+00 -8.250000000000003164e-02 4.000000000000000000e+02 -1.064292601533932611e+03 -1.070367815820623946e+03 1.514999999999999902e+00
-1.070367815820419310e+03 1.555181049372754565e+01 -8.500000000000003386e-02 4.000000000000000000e+02 -1.000145400507885142e+03 -1.006223114794576531e+03 1.000000000000000000e+00
-1.006223114794576531e+03 2.407882233477261025e+01 -8.750000000000003608e-02 4.000000000000000000e+02 -9.587987380703535791e+02 -9.648789523570449091e+02 1.745000000000000107e+00
-9.648789523570449091e+02 3.136467471323488709e+01 -9.000000000000003830e-02 4.000000000000000000e+02 -8.878009447624245922e+02 -8.938836590491159768e+02 1.969999999999999973e+00
-8.938836590491159768e+02 5.539085556451562553e+01 -9.250000000000004052e-02 4.000000000000000000e+02 -8.390383782064759544e+02 -8.451235924931672798e+02 1.799999999999999933e-01
-8.451235924931672798e+02 6.854167845698550821e+01 -9.500000000000004274e-02 4.000000000000000000e+02 -8.296097917539493665e+02 -8.356975060406407465e+02 1.459999999999999964e+00
-8.356974254498962864e+02 6.451838344724379226e+01 -9.750000000000004496e-02 4.000000000000000000e+02 -8.094537334308971595e+02 -8.155439477175884804e+02 9.100000000000000311e-01
-8.155439477158205364e+02 6.854488892126580879e+01 -1.000000000000000472e-01 4.000000000000000000e+02 -8.013797527503585343e+02 -8.074724670370499098e+02 2.650000000000000133e-01
-8.074721547653196012e+02 7.093839064405908346e+01 -1.025000000000000494e-01 4.000000000000000000e+02 -7.996185772446890496e+02 -8.057137915313803660e+02 1.915000000000000036e+00
-8.055548011319716579e+02 8.212973662621363857e+00 -1.050000000000000516e-01 4.000000000000000000e+02 -7.951013318199387641e+02 -8.011990461066301350e+02 1.435000000000000053e+00
-8.011862950017311960e+02 2.997238624494476866e+00 -1.075000000000000538e-01 4.000000000000000000e+02 -7.616486683135784688e+02 -7.677488826002697806e+02 1.745000000000000107e+00
-7.677488826002697806e+02 1.814932645502635822e+01 -1.100000000000000561e-01 4.000000000000000000e+02 -7.363642330119947701e+02 -7.424669472986861365e+02 1.915000000000000036e+00
-7.424669472986756773e+02 2.654922484342960942e+01 -1.125000000000000583e-01 4.000000000000000000e+02 -7.306546279073103278e+02 -7.367598421940016351e+02 1.314999999999999947e+00
-7.367565254242892934e+02 8.541119904424236964e+00 -1.150000000000000605e-01 4.000000000000000000e+02 -7.188311065482855611e+02 -7.249388208349769229e+02 1.114999999999999991e+00
-7.249388134621420932e+02 1.224073902451920226e+01 -1.175000000000000627e-01 4.000000000000000000e+02 -7.161270370893249719e+02 -7.222372513760162747e+02 6.199999999999999956e-01
-7.221723061120854936e+02 5.506445820836338712e+00 -1.200000000000000649e-01 4.000000000000000000e+02 -7.130094634244092049e+02 -7.191221777111005622e+02 1.754999999999999893e+00
-7.190759118313541194e+02 2.367757474480015834e+00 -1.225000000000000672e-01 4.000000000000000000e+02 -7.034481096289104016e+02 -7.095633239156018135e+02 1.614999999999999991e+00
-7.095632500028265213e+02 6.280122492765465303e+00 -1.250000000000000555e-01 4.000000000000000000e+02 -6.884797500755898909e+02 -6.945974643622812437e+02 6.049999999999999822e-01
-6.945974640457316127e+02 1.065805722808787337e+01 -1.275000000000000577e-01 4.000000000000000000e+02 -6.829171880564825869e+02 -6.890374023431739943e+02 1.445000000000000062e+00
-6.890335611909284808e+02 5.952420758714500160e+00 -1.300000000000000600e-01 4.000000000000000000e+02 -6.806322055840156509e+02 -6.867549198707069991e+02 1.000000000000000021e-02
-6.866574091387576573e+02 1.439833793559601949e+00 -1.325000000000000622e-01 4.000000000000000000e+02 -6.664573903529802692e+02 -6.725826046396716720e+02 1.695000000000000062e+00
-6.725826038680758074e+02 7.863829380461411667e+00 -1.350000000000000644e-01 4.000000000000000000e+02 -6.505166337621794810e+02 -6.566443480488708246e+02 2.349999999999999867e-01
-6.566443479291682479e+02 1.335530626753699934e+01 -1.375000000000000666e-01 4.000000000000000000e+02 -6.498830961316276671e+02 -6.560133104183190653e+02 1.864999999999999991e+00
-6.555867105524347380e+02 1.156301913055783182e+01 -1.400000000000000688e-01 4.000000000000000000e+02 -6.438405941420579666e+02 -6.499733084287493057e+02 9.799999999999999822e-01
-6.499696664337612901e+02 1.303434731134630198e+01 -1.425000000000000711e-01 4.000000000000000000e+02 -6.263167365293880948e+02 -6.324519508160794885e+02 1.834999999999999964e+00
-6.324519507914104679e+02 1.056377788575045784e+01 -1.450000000000000733e-01 4.000000000000000000e+02 -6.168150398252893183e+02 -6.229527541119806529e+02 1.094999999999999973e+00
-6.229526792028023010e+02 9.425779381025142456e+00 -1.475000000000000755e-01 4.000000000000000000e+02 -6.141315484655515320e+02 -6.202717627522429211e+02 1.445000000000000062e+00
-6.202055066305913442e+02 1.002537591703259423e+01 -1.500000000000000777e-01 4.000000000000000000e+02 -5.987914104429379449e+02 -6.049341247296292750e+02 1.534999999999999920e+00
-6.049341244964322186e+02 1.451161515804929891e+01 -1.525000000000000799e-01 4.000000000000000000e+02 -5.940225051367609694e+02 -6.001677194234523540e+02 7.299999999999999822e-01
-6.001592445157765496e+02 8.392843632663090858e+00 -1.550000000000000822e-01 4.000000000000000000e+02 -5.918788146276892803e+02 -5.980265289143806058e+02 3.350000000000000200e-01
-5.979145269865797445e+02 8.695977611082986058e+00 -1.575000000000000844e-01 4.000000000000000000e+02 -5.918749940727682315e+02 -5.980252083594596115e+02 1.189999999999999947e+00
-5.972751899776563960e+02 2.238934196548917566e+00 -1.600000000000000866e-01 4.000000000000000000e+02 -5.850709148440001854e+02 -5.912236291306915064e+02 1.530000000000000027e+00
-5.912212777128272592e+02 4.433690729134101893e+00 -1.625000000000000888e-01 4.000000000000000000e+02 -5.813693738843004439e+02 -5.875245881709918194e+02 1.824999999999999956e+00
-5.875000853244115433e+02 4.834864260160056659e+00 -1.650000000000000910e-01 4.000000000000000000e+02 -5.804557168461346919e+02 -5.866134311328260083e+02 1.129999999999999893e+00
-5.862684013103576035e+02 1.825406535318440993e+00 -1.675000000000000933e-01 4.000000000000000000e+02 -5.798791685388262067e+02 -5.860393828255175777e+02 1.489999999999999991e+00
-5.854542029820237303e+02 2.119772234438449310e+00 -1.700000000000000955e-01 4.000000000000000000e+02 -5.784173835217262649e+02 -5.845800978084175767e+02 1.864999999999999991e+00
-5.842313898729446464e+02 1.279967911922585522e+00 -1.725000000000000977e-01 4.000000000000000000e+02 -5.716970388161811343e+02 -5.778622531028725007e+02 2.049999999999999878e-01
-5.778605409316238593e+02 3.341081358116469779e+00 -1.750000000000000999e-01 4.000000000000000000e+02 -5.680040263556546734e+02 -5.741717406423459806e+02 1.239999999999999991e+00
-5.741470460988314244e+02 4.348751938197713329e+00 -1.775000000000001021e-01 4.000000000000000000e+02 -5.651278687768583495e+02 -5.712980830635497114e+02 2.000000000000000000e+00
-5.712417931552743084e+02 1.979726423479980069e+00 -1.800000000000001044e-01 4.000000000000000000e+02 -5.598978145879605108e+02 -5.660705288746518136e+02 4.500000000000000111e-01
-5.660648675437995507e+02 3.956904635575312135e+00 -1.825000000000001066e-01 4.000000000000000000e+02 -5.403870272626357973e+02 -5.465622415493271546e+02 5.999999999999999778e-02
-5.465622415459378090e+02 6.914148874914850751e+00 -1.850000000000001088e-01 4.000000000000000000e+02 -5.334102078769219588e+02 -5.395879221636133707e+02 1.935000000000000053e+00
-5.395869869980783733e+02 7.503847814430593566e+00 -1.875000000000001110e-01 4.000000000000000000e+02 -5.283323737566651062e+02 -5.345125880433564589e+02 7.750000000000000222e-01
-5.345063526789540447e+02 8.900172568647493065e+00 -1.900000000000001132e-01 4.000000000000000000e+02 -5.219842054276964518e+02 -5.281669197143878591e+02 9.499999999999999556e-01
-5.281651559677613932e+02 2.879790194912398071e+00 -1.925000000000001155e-01 4.000000000000000000e+02 -5.199626158891638852e+02 -5.261478301758552334e+02 1.054999999999999938e+00
-5.260229517603524982e+02 1.205243401957994287e+00 -1.950000000000001177e-01 4.000000000000000000e+02 -5.192155133026890326e+02 -5.254032275893804353e+02 5.500000000000000028e-02
-5.249726843568212189e+02 1.144608847464721135e+00 -1.975000000000001199e-01 4.000000000000000000e+02 -5.115211746815150491e+02 -5.177113889682063927e+02 1.205000000000000071e+00
-5.177106870168048545e+02 3.870344303850052459e+00 -2.000000000000001221e-01 4.000000000000000000e+02 -5.058346306037275895e+02 -5.120273448904189308e+02 1.469999999999999973e+00
-5.120239484957598961e+02 5.203113717317061848e+00 -2.025000000000001243e-01 4.000000000000000000e+02 -5.010425855452583050e+02 -5.072377998319496442e+02 1.429999999999999938e+00
-5.072294899219131139e+02 3.930559431532214543e+00 -2.050000000000001266e-01 4.000000000000000000e+02 -5.000051355801734871e+02 -5.062028498668648240e+02 2.200000000000000011e-01
-5.058966833136302625e+02 3.303905048034599279e+00 -2.075000000000001288e-01 4.000000000000000000e+02 -4.965746441953106114e+02 -5.027748584820019460e+02 2.399999999999999911e-01
-5.027317255637246376e+02 4.426758997074451862e+00 -2.100000000000001310e-01 4.000000000000000000e+02 -4.943085392928079500e+02 -5.005112535794992823e+02 1.520000000000000018e+00
-5.004081936349060129e+02 2.363145727021250586e+00 -2.125000000000001332e-01 4.000000000000000000e+02 -4.933054389514576314e+02 -4.995106532381489615e+02 8.050000000000000488e-01
-4.991687877920589358e+02 2.546662532155234970e+00 -2.150000000000001354e-01 4.000000000000000000e+02 -4.877728309146348238e+02 -4.939805452013262084e+02 1.889999999999999902e+00
-4.939749789141656038e+02 2.380986970792656532e+00 -2.175000000000001377e-01 4.000000000000000000e+02 -4.854728402455531864e+02 -4.916830545322445687e+02 8.900000000000000133e-01
-4.915867704868989563e+02 2.843816699113379531e+00 -2.200000000000001399e-01 4.000000000000000000e+02 -4.814285339604005571e+02 -4.876412482470919372e+02 4.450000000000000067e-01
-4.876220917961378518e+02 4.689875320824403282e+00 -2.225000000000001421e-01 4.000000000000000000e+02 -4.793393812605559674e+02 -4.855545955472473452e+02 1.560000000000000053e+00
-4.854354781885595003e+02 1.164979995964186443e+00 -2.250000000000001443e-01 4.000000000000000000e+02 -4.748686232908023612e+02 -4.810863375774937367e+02 4.799999999999999822e-01
-4.810735023927074394e+02 2.450575634036967987e+00 -2.275000000000001465e-01 4.000000000000000000e+02 -4.732653724114117608e+02 -4.794855866981031340e+02 8.999999999999999667e-02
-4.792996457838800666e+02 2.529398542734923261e+00 -2.300000000000001488e-01 4.000000000000000000e+02 -4.709478140859644100e+02 -4.771705283726557809e+02 2.300000000000000100e-01
-4.770581445759255530e+02 2.862721261108816861e+00 -2.325000000000001510e-01 4.000000000000000000e+02 -4.594746256084491165e+02 -4.656998398951404852e+02 1.294999999999999929e+00
-4.656998282230561017e+02 6.440377631055981489e+00 -2.350000000000001532e-01 4.000000000000000000e+02 -4.573128477104344256e+02 -4.635405619971257920e+02 2.449999999999999956e-01
-4.634313401488091131e+02 4.102242357193178535e+00 -2.375000000000001554e-01 4.000000000000000000e+02 -4.551700175344363402e+02 -4.614002318211277043e+02 3.800000000000000044e-01
-4.612769616107075876e+02 1.624646515275790293e+00 -2.400000000000001577e-01 4.000000000000000000e+02 -4.522638146622587101e+02 -4.584965289489500719e+02 2.200000000000000011e-01
-4.584363640360837735e+02 2.506824962382684596e+00 -2.425000000000001599e-01 4.000000000000000000e+02 -4.486410928633624735e+02 -4.548763071500538331e+02 3.049999999999999933e-01
-4.548482667748078825e+02 3.835184381846315382e+00 -2.450000000000001621e-01 4.000000000000000000e+02 -4.413743225349209069e+02 -4.476120368216122642e+02 1.969999999999999973e+00
-4.476113170595400561e+02 3.854978099886673171e+00 -2.475000000000001643e-01 4.000000000000000000e+02 -4.379466164445132677e+02 -4.441868307312046227e+02 1.844999999999999973e+00
-4.441547837601044080e+02 3.837009035091559106e+00 -2.500000000000001665e-01 4.000000000000000000e+02 -4.301466996713758704e+02 -4.363894139580672231e+02 1.600000000000000033e-01
-4.363889898752723866e+02 6.570905772077559881e+00 -2.525000000000001688e-01 4.000000000000000000e+02 -4.291200647408728059e+02 -4.353652790275641564e+02 3.499999999999999778e-01
-4.350583391034117540e+02 4.631319273605270403e+00 -2.550000000000001710e-01 4.000000000000000000e+02 -4.215767255940831433e+02 -4.278244398807744915e+02 1.209999999999999964e+00
-4.278237184397800092e+02 6.615338555879390015e+00 -2.575000000000001732e-01 4.000000000000000000e+02 -4.147303240676323526e+02 -4.209805383543236985e+02 1.020000000000000018e+00
-4.209794722170654495e+02 7.997494232920801416e+00 -2.600000000000001754e-01 4.000000000000000000e+02 -4.145463111656321189e+02 -4.207990254523234626e+02 1.064999999999999947e+00
-4.201920370347983749e+02 2.951287709360507439e+00 -2.625000000000001776e-01 4.000000000000000000e+02 -4.105746994241794141e+02 -4.168299137108707555e+02 1.650000000000000078e-01
-4.167958393105821528e+02 1.522407082673115752e+00 -2.650000000000001799e-01 4.000000000000000000e+02 -4.100529501079008696e+02 -4.163106643945922087e+02 1.054999999999999938e+00
-4.158309644822942346e+02 1.316532064687319981e+00 -2.675000000000001821e-01 4.000000000000000000e+02 -4.088246207081000989e+02 -4.150848349947914357e+02 1.925000000000000044e+00
-4.146967206129403962e+02 1.594849315920521482e+00 -2.700000000000001843e-01 4.000000000000000000e+02 -4.079765901145298130e+02 -4.142393044012211476e+02 1.659999999999999920e+00
-4.137489365022945549e+02 1.761964176803612281e+00 -2.725000000000001865e-01 4.000000000000000000e+02 -4.076074099877608319e+02 -4.138726242744521642e+02 6.049999999999999822e-01
-4.131157220924549165e+02 1.171476295748844931e+00 -2.750000000000001887e-01 4.000000000000000000e+02 -4.064522710251433750e+02 -4.127199853118347050e+02 4.699999999999999734e-01
-4.122052569929047650e+02 1.149702598552416299e+00 -2.775000000000001910e-01 4.000000000000000000e+02 -4.061112557514710488e+02 -4.123814700381624334e+02 2.949999999999999845e-01
-4.115963399666406417e+02 6.754902425545793454e-01 -2.800000000000001932e-01 4.000000000000000000e+02 -4.012748154205474975e+02 -4.075475297072388798e+02 2.300000000000000100e-01
-4.075302369770210476e+02 2.396243239963487426e+00 -2.825000000000001954e-01 4.000000000000000000e+02 -4.001537687567483772e+02 -4.064289830434397572e+02 4.949999999999999956e-01
-4.061419607282898596e+02 1.725813470815143802e+00 -2.850000000000001976e-01 4.000000000000000000e+02 -3.996563725037595987e+02 -4.059340867904509764e+02 1.719999999999999973e+00
-4.053394848293408472e+02 1.847905732435316084e+00 -2.875000000000001998e-01 4.000000000000000000e+02 -3.930263368030783795e+02 -3.993065510897697550e+02 1.530000000000000027e+00
-3.993041555142260108e+02 2.996196080628974912e+00 -2.900000000000002021e-01 4.000000000000000000e+02 -3.898116052681524479e+02 -3.960943195548438212e+02 1.125000000000000000e+00
-3.960547496392661060e+02 4.234467619651963055e+00 -2.925000000000002043e-01 4.000000000000000000e+02 -3.846384405816411345e+02 -3.909236548683325054e+02 1.794999999999999929e+00
-3.909177621776478304e+02 4.494698847040935696e+00 -2.950000000000002065e-01 4.000000000000000000e+02 -3.836139999283391262e+02 -3.899017142150304949e+02 1.264999999999999902e+00
-3.895927432346362593e+02 4.801220921569155919e+00 -2.975000000000002087e-01 4.000000000000000000e+02 -3.826640610531226230e+02 -3.889542753398139894e+02 1.534999999999999920e+00
-3.885302496102285090e+02 4.657071375326377272e+00 -3.000000000000002109e-01 4.000000000000000000e+02 -3.815184207753292753e+02 -3.878111350620206395e+02 8.900000000000000133e-01
-3.874142510380043518e+02 1.685175465268410777e+00 -3.025000000000002132e-01 4.000000000000000000e+02 -3.782218801585547112e+02 -3.845170944452460731e+02 6.700000000000000400e-01
-3.844633831752050810e+02 2.693010102535601469e+00 -3.050000000000002154e-01 4.000000000000000000e+02 -3.678266871787576520e+02 -3.741244014654490115e+02 6.899999999999999467e-01
-3.741243691187273726e+02 5.597911349440591877e+00 -3.075000000000002176e-01 4.000000000000000000e+02 -3.549220021682556307e+02 -3.612222164549469881e+02 1.764999999999999902e+00
-3.612222139622714394e+02 8.108704290742041465e+00 -3.100000000000002198e-01 4.000000000000000000e+02 -3.532759170297883315e+02 -3.595786313164796866e+02 1.754999999999999893e+00
-3.594019201988706413e+02 9.114563406599554440e+00 -3.125000000000002220e-01 4.000000000000000000e+02 -3.526281445180840706e+02 -3.589333588047754233e+02 1.455000000000000071e+00
-3.584472960369804468e+02 7.671133686155298115e+00 -3.150000000000002243e-01 4.000000000000000000e+02 -3.420942030295598784e+02 -3.484019173162512288e+02 3.250000000000000111e-01
-3.484018739314080335e+02 1.021316220907131544e+01 -3.175000000000002265e-01 4.000000000000000000e+02 -3.380098774846794072e+02 -3.443200917713707554e+02 3.900000000000000133e-01
-3.443033552508805997e+02 1.187867611262360512e+01 -3.200000000000002287e-01 4.000000000000000000e+02 -3.357033372734500176e+02 -3.420160515601413636e+02 8.950000000000000178e-01
-3.419193424720005510e+02 2.314183925573605194e+00 -3.225000000000002309e-01 4.000000000000000000e+02 -3.356493575317053342e+02 -3.419645718183966778e+02 1.110000000000000098e+00
-3.412485542747099316e+02 9.092526621640079076e-01 -3.250000000000002331e-01 4.000000000000000000e+02 -3.315434942223663484e+02 -3.378612085090576898e+02 5.300000000000000266e-01
-3.378279688521308231e+02 1.892836273975738948e+00 -3.275000000000002354e-01 4.000000000000000000e+02 -3.269975844147081148e+02 -3.333177987013994539e+02 4.650000000000000244e-01
-3.333068621353144181e+02 2.854467570175947433e+00 -3.300000000000002376e-01 4.000000000000000000e+02 -3.146537900321480947e+02 -3.209765043188394316e+02 1.864999999999999991e+00
-3.209764999032093442e+02 6.408163457419668418e+00 -3.325000000000002398e-01 4.000000000000000000e+02 -3.125568732869773498e+02 -3.188820875736686844e+02 6.149999999999999911e-01
-3.187659569338833307e+02 6.668934033989478927e+00 -3.350000000000002420e-01 4.000000000000000000e+02 -3.075890027971909149e+02 -3.139167170838822472e+02 2.000000000000000042e-02
-3.139089132823511932e+02 6.050564450139828132e+00 -3.375000000000002442e-01 4.000000000000000000e+02 -3.070901665264922826e+02 -3.134203808131836126e+02 9.949999999999999956e-01
-3.129419589033519173e+02 6.525979363206222850e+00 -3.400000000000002465e-01 4.000000000000000000e+02 -3.049376754582992817e+02 -3.112703897449906663e+02 1.300000000000000044e-01
-3.110981590065051705e+02 7.119782384062717462e+00 -3.425000000000002487e-01 4.000000000000000000e+02 -3.031203454375992692e+02 -3.094555597242906515e+02 9.599999999999999645e-01
-3.092786892576123705e+02 1.199390910099376928e+00 -3.450000000000002509e-01 4.000000000000000000e+02 -2.978362174192475891e+02 -3.041739317059389691e+02 1.264999999999999902e+00
-3.041678822310984742e+02 2.680009262744467158e+00 -3.475000000000002531e-01 4.000000000000000000e+02 -2.941761707468732538e+02 -3.005163850335646316e+02 1.375000000000000000e+00
-3.004907638336681543e+02 2.762911249198580332e+00 -3.500000000000002554e-01 4.000000000000000000e+02 -2.925473102415754738e+02 -2.988900245282668493e+02 1.080000000000000071e+00
-2.987062479389044256e+02 1.618013743799595838e+00 -3.525000000000002576e-01 4.000000000000000000e+02 -2.907361556922078307e+02 -2.970813699788992039e+02 6.700000000000000400e-01
-2.969016052649016615e+02 1.439433655290128344e+00 -3.550000000000002598e-01 4.000000000000000000e+02 -2.905774497576370550e+02 -2.969251640443284259e+02 2.800000000000000266e-01
-2.962201680986484007e+02 9.767286978689539989e-01 -3.575000000000002620e-01 4.000000000000000000e+02 -2.849468720970036770e+02 -2.912970863836950457e+02 8.950000000000000178e-01
-2.912898360593034681e+02 2.923570696093544807e+00 -3.600000000000002642e-01 4.000000000000000000e+02 -2.816382176998764635e+02 -2.879909319865678299e+02 1.760000000000000009e+00
-2.879546737236523768e+02 2.688686551558286286e+00 -3.625000000000002665e-01 4.000000000000000000e+02 -2.775298596423065192e+02 -2.838850739289978833e+02 1.735000000000000098e+00
-2.838681339989029198e+02 2.397587705046882345e+00 -3.650000000000002687e-01 4.000000000000000000e+02 -2.741098412692727493e+02 -2.804675555559641111e+02 1.100000000000000006e-01
-2.804347457613952201e+02 2.106121256411029208e+00 -3.675000000000002709e-01 4.000000000000000000e+02 -2.658543029334296648e+02 -2.722145172201210244e+02 8.349999999999999645e-01
-2.722142481027911458e+02 5.186884757526997625e+00 -3.700000000000002731e-01 4.000000000000000000e+02 -2.655344343959516777e+02 -2.718971486826430350e+02 6.500000000000000222e-01
-2.713500345165070371e+02 2.104199292431656154e+00 -3.725000000000002753e-01 4.000000000000000000e+02 -2.653558819688049653e+02 -2.717210962554963203e+02 7.399999999999999911e-01
-2.708253051945200696e+02 2.214861895986606211e+00 -3.750000000000002776e-01 4.000000000000000000e+02 -2.621904030253442670e+02 -2.685581173120356198e+02 1.250000000000000000e+00
-2.684595369261395490e+02 1.996931305372871668e+00 -3.775000000000002798e-01 4.000000000000000000e+02 -2.615070842025327806e+02 -2.678772984892241311e+02 1.645000000000000018e+00
-2.674334806913423677e+02 2.086810289362795334e+00 -3.800000000000002820e-01 4.000000000000000000e+02 -2.606324483448619276e+02 -2.670051626315532758e+02 1.774999999999999911e+00
-2.665034156142479560e+02 2.238590860421501016e+00 -3.825000000000002842e-01 4.000000000000000000e+02 -2.596207884571256272e+02 -2.659960027438169732e+02 1.050000000000000044e+00
-2.655247179668136255e+02 2.469784934998268788e+00 -3.850000000000002864e-01 4.000000000000000000e+02 -2.579837594275418837e+02 -2.643614737142332274e+02 3.649999999999999911e-01
-2.640895622462373353e+02 2.714629701404608575e+00 -3.875000000000002887e-01 4.000000000000000000e+02 -2.519761070432473105e+02 -2.583563213299386803e+02 6.500000000000000222e-02
-2.583530899855971938e+02 2.989127032942209272e+00 -3.900000000000002909e-01 4.000000000000000000e+02 -2.488462833984480369e+02 -2.552289976851394044e+02 4.000000000000000083e-02
-2.551859603862856716e+02 3.133013845377439210e+00 -3.925000000000002931e-01 4.000000000000000000e+02 -2.438863595255290306e+02 -2.502715738122203959e+02 1.739999999999999991e+00
-2.502642604013308585e+02 4.257391779260592202e+00 -3.950000000000002953e-01 4.000000000000000000e+02 -2.405267580964069793e+02 -2.469144723830983423e+02 8.149999999999999467e-01
-2.468799822722627653e+02 5.500085866478144681e+00 -3.975000000000002975e-01 4.000000000000000000e+02 -2.379986775664878280e+02 -2.443888918531791887e+02 5.000000000000000104e-03
-2.443093234648344776e+02 6.050234325879324970e+00 -4.000000000000002998e-01 4.000000000000000000e+02 -2.364781024589333640e+02 -2.428708167456247224e+02 9.100000000000000311e-01
-2.426578998506404901e+02 1.832767169499381676e+00 -4.025000000000003020e-01 4.000000000000000000e+02 -2.342636769123751606e+02 -2.406588911990665167e+02 1.900000000000000022e-01
-2.405318449647890588e+02 2.482009970027377221e+00 -4.050000000000003042e-01 4.000000000000000000e+02 -2.310794303598853219e+02 -2.374771446465766758e+02 1.104999999999999982e+00
-2.374310850215023834e+02 2.371402171999259068e+00 -4.075000000000003064e-01 4.000000000000000000e+02 -2.290063803604034547e+02 -2.354065946470948063e+02 5.550000000000000488e-01
-2.352825546689732619e+02 2.637427572470205650e+00 -4.100000000000003086e-01 4.000000000000000000e+02 -2.266354051001343635e+02 -2.330381193868257128e+02 1.499999999999999944e-02
-2.329373808974974622e+02 2.493511469077441145e+00 -4.125000000000003109e-01 4.000000000000000000e+02 -2.263113560781876572e+02 -2.327165703648790043e+02 1.879999999999999893e+00
-2.321277461307484771e+02 1.209334122077514451e+00 -4.150000000000003131e-01 4.000000000000000000e+02 -2.232280851763935630e+02 -2.296357994630849078e+02 1.475000000000000089e+00
-2.295562965391453361e+02 1.736326102549045958e+00 -4.175000000000003153e-01 4.000000000000000000e+02 -2.197482826453200460e+02 -2.261584969320114169e+02 3.549999999999999822e-01
-2.261255973231665166e+02 1.775032193823034898e+00 -4.200000000000003175e-01 4.000000000000000000e+02 -2.150621102122075854e+02 -2.214748244988989541e+02 6.800000000000000488e-01
-2.214653156364220195e+02 3.497460716152601901e+00 -4.225000000000003197e-01 4.000000000000000000e+02 -2.116447278677921133e+02 -2.180599421544834797e+02 1.229999999999999982e+00
-2.180272867727132677e+02 3.956678100326139091e+00 -4.250000000000003220e-01 4.000000000000000000e+02 -2.113618834925998442e+02 -2.177795977792912083e+02 7.550000000000000044e-01
-2.172026458890926506e+02 3.148223576679951563e+00 -4.275000000000003242e-01 4.000000000000000000e+02 -2.105058522278858675e+02 -2.169260665145772293e+02 4.000000000000000222e-01
-2.163616773253451129e+02 6.484208074161447177e-01 -4.300000000000003264e-01 4.000000000000000000e+02 -2.084446913092934039e+02 -2.148674055959847635e+02 2.049999999999999878e-01
-2.146649448852841715e+02 1.239847111276870306e+00 -4.325000000000003286e-01 4.000000000000000000e+02 -2.083966455768468791e+02 -2.148218598635382364e+02 5.550000000000000488e-01
-2.140471805574723589e+02 1.273109240051030655e+00 -4.350000000000003308e-01 4.000000000000000000e+02 -2.025283164951872266e+02 -2.089560307818785816e+02 1.669999999999999929e+00
-2.089498986781015049e+02 3.347521583818138691e+00 -4.375000000000003331e-01 4.000000000000000000e+02 -1.992368750569157783e+02 -2.056670893436071310e+02 1.784999999999999920e+00
-2.056302534962212007e+02 4.029875649851607733e+00 -4.400000000000003353e-01 4.000000000000000000e+02 -1.983449784988441422e+02 -2.047776927855354927e+02 1.620000000000000107e+00
-2.044225937904815282e+02 3.560497482883617781e+00 -4.425000000000003375e-01 4.000000000000000000e+02 -1.974692587303810285e+02 -2.039044730170723767e+02 3.099999999999999978e-01
-2.034371988361195065e+02 9.016553101433287809e-01 -4.450000000000003397e-01 4.000000000000000000e+02 -1.953660615800507685e+02 -2.018037758667421144e+02 1.010000000000000009e+00
-2.016254120818452407e+02 1.135020868400568705e+00 -4.475000000000003419e-01 4.000000000000000000e+02 -1.941548370105693948e+02 -2.005950512972607385e+02 6.800000000000000488e-01
-2.002898646911130811e+02 1.477694481490810174e+00 -4.500000000000003442e-01 4.000000000000000000e+02 -1.913673883437463417e+02 -1.978101026304377115e+02 7.550000000000000044e-01
-1.977296632441258737e+02 1.889206450599568043e+00 -4.525000000000003464e-01 4.000000000000000000e+02 -1.902244287787318626e+02 -1.966696430654232302e+02 1.100000000000000006e-01
-1.963721724429973108e+02 2.309861214000385576e+00 -4.550000000000003486e-01 4.000000000000000000e+02 -1.889046900576910843e+02 -1.953524043443824496e+02 1.699999999999999956e+00
-1.950444208188217203e+02 2.699675527298984523e+00 -4.575000000000003508e-01 4.000000000000000000e+02 -1.868816338608964145e+02 -1.933318481475877775e+02 1.159999999999999920e+00
-1.931659938665032143e+02 3.308619230470049022e+00 -4.600000000000003531e-01 4.000000000000000000e+02 -1.856722619655851361e+02 -1.921249762522764968e+02 1.159999999999999920e+00
-1.918225815549401148e+02 8.619977504291459480e-01 -4.625000000000003553e-01 4.000000000000000000e+02 -1.828552684186492456e+02 -1.893104827053406041e+02 1.159999999999999920e+00
-1.892325056543094774e+02 1.906960732685683446e+00 -4.650000000000003575e-01 4.000000000000000000e+02 -1.827623578400203428e+02 -1.892200721267116990e+02 1.935000000000000053e+00
-1.885331223859990359e+02 1.649011027545364438e+00 -4.675000000000003597e-01 4.000000000000000000e+02 -1.826348574715838708e+02 -1.890950717582752247e+02 7.950000000000000400e-01
-1.880819852084424042e+02 1.438594243654712779e+00 -4.700000000000003619e-01 4.000000000000000000e+02 -1.785171968724891087e+02 -1.849799111591804603e+02 1.034999999999999920e+00
-1.849359365091481493e+02 2.495760121236013873e+00 -4.725000000000003642e-01 4.000000000000000000e+02 -1.743400189370260023e+02 -1.808052332237173516e+02 1.215000000000000080e+00
-1.807892894322147583e+02 2.173661991110050984e+00 -4.750000000000003664e-01 4.000000000000000000e+02 -1.725747654954237191e+02 -1.790424797821150662e+02 8.499999999999999778e-01
-1.788817826669402677e+02 2.721157660130244960e+00 -4.775000000000003686e-01 4.000000000000000000e+02 -1.723362510279317235e+02 -1.788064653146230683e+02 9.100000000000000311e-01
-1.781502678898152681e+02 2.595516846707365488e+00 -4.800000000000003708e-01 4.000000000000000000e+02 -1.708900553786238561e+02 -1.773627696653152270e+02 1.969999999999999973e+00
-1.769877763870825333e+02 1.860097647352260131e+00 -4.825000000000003730e-01 4.000000000000000000e+02 -1.703860001539758855e+02 -1.768612144406672542e+02 9.649999999999999689e-01
-1.762293473274273481e+02 2.221127906613104663e+00 -4.850000000000003753e-01 4.000000000000000000e+02 -1.687532885481449796e+02 -1.752310028348363460e+02 1.750000000000000000e+00
-1.749172956433061188e+02 9.271083938165253224e-01 -4.875000000000003775e-01 4.000000000000000000e+02 -1.685160068737992276e+02 -1.749962211604905917e+02 2.250000000000000056e-01
-1.742628327686976775e+02 1.151511056275437150e+00 -4.900000000000003797e-01 4.000000000000000000e+02 -1.681523446626573843e+02 -1.746350589493487462e+02 1.219999999999999973e+00
-1.737385787064081057e+02 7.977916845661617851e-01 -4.925000000000003819e-01 4.000000000000000000e+02 -1.657736271642390875e+02 -1.722588414509304471e+02 5.749999999999999556e-01
-1.720537009815190572e+02 1.557988450720340090e+00 -4.950000000000003841e-01 4.000000000000000000e+02 -1.619039269203254605e+02 -1.683916412070168178e+02 6.500000000000000222e-01
-1.683662858247384122e+02 2.364775215374748552e+00 -4.975000000000003864e-01 4.000000000000000000e+02 -1.617095804830549071e+02 -1.681997947697462621e+02 1.389999999999999902e+00
-1.675864322022432304e+02 2.511306864727697263e+00 -5.000000000000003331e-01 4.000000000000000000e+02 -1.576904014958932692e+02 -1.641831157825846219e+02 1.534999999999999920e+00
-1.641503942457840424e+02 2.989130226613074370e+00 -5.025000000000002798e-01 4.000000000000000000e+02 -1.576242908700331782e+02 -1.641195051567245287e+02 4.099999999999999756e-01
-1.634416832584577151e+02 2.357451989586256236e+00 -5.050000000000002265e-01 4.000000000000000000e+02 -1.572338655200700543e+02 -1.637315798067614026e+02 1.040000000000000036e+00
-1.628830159311871739e+02 1.225118934126512960e+00 -5.075000000000001732e-01 4.000000000000000000e+02 -1.560249034400252981e+02 -1.625251177267166440e+02 4.799999999999999822e-01
-1.619949929899597691e+02 9.380282524164044178e-01 -5.100000000000001199e-01 4.000000000000000000e+02 -1.551400963555138901e+02 -1.616428106422052338e+02 1.469999999999999973e+00
-1.611103300535936285e+02 9.298657291482543830e-01 -5.125000000000000666e-01 4.000000000000000000e+02 -1.521277128727269030e+02 -1.586329271594182728e+02 1.014999999999999902e+00
-1.585523052364963235e+02 1.591222546421016570e+00 -5.150000000000000133e-01 4.000000000000000000e+02 -1.507178840388447156e+02 -1.572255983255360832e+02 8.349999999999999645e-01
-1.569902498430503783e+02 1.801752444786186125e+00 -5.174999999999999600e-01 4.000000000000000000e+02 -1.502300675062081154e+02 -1.567402817928994807e+02 3.549999999999999822e-01
-1.561643283845002941e+02 8.214335577578129044e-01 -5.199999999999999067e-01 4.000000000000000000e+02 -1.500455647336670779e+02 -1.565582790203584409e+02 1.810000000000000053e+00
-1.556488810497302495e+02 6.380322129068302095e-01 -5.224999999999998535e-01 4.000000000000000000e+02 -1.490988865419165563e+02 -1.556141008286079170e+02 1.554999999999999938e+00
-1.549381925582571284e+02 6.414687661186717627e-01 -5.249999999999998002e-01 4.000000000000000000e+02 -1.485537700027517758e+02 -1.550714842894431342e+02 1.915000000000000036e+00
-1.543094720496822845e+02 6.004040824863958736e-01 -5.274999999999997469e-01 4.000000000000000000e+02 -1.481878819195052301e+02 -1.547080962061965863e+02 1.665000000000000036e+00
-1.537959044268929745e+02 6.826656352346188728e-01 -5.299999999999996936e-01 4.000000000000000000e+02 -1.481722885574474446e+02 -1.546950028441387985e+02 1.625000000000000000e+00
-1.534544898656861562e+02 6.946919536770816972e-01 -5.324999999999996403e-01 4.000000000000000000e+02 -1.473688903448034466e+02 -1.538941046314947982e+02 1.889999999999999902e+00
-1.529571844856570237e+02 8.301034993934133244e-01 -5.349999999999995870e-01 4.000000000000000000e+02 -1.472834793217442098e+02 -1.538111936084355591e+02 1.040000000000000036e+00
-1.526025181953627339e+02 6.726170398500262992e-01 -5.374999999999995337e-01 4.000000000000000000e+02 -1.450855242917108683e+02 -1.516157385784022154e+02 1.165000000000000036e+00
-1.512989041655616518e+02 1.364292750168571766e+00 -5.399999999999994804e-01 4.000000000000000000e+02 -1.447664317453945273e+02 -1.512991460320858721e+02 1.764999999999999902e+00
-1.506058779109513921e+02 1.143037828118961485e+00 -5.424999999999994271e-01 4.000000000000000000e+02 -1.436618573288208154e+02 -1.501970716155121863e+02 1.800000000000000044e+00
-1.496875811273536101e+02 9.301043958516633792e-01 -5.449999999999993738e-01 4.000000000000000000e+02 -1.424928590400486712e+02 -1.490305733267400399e+02 6.750000000000000444e-01
-1.486129160640634552e+02 1.500807474963850252e+00 -5.474999999999993205e-01 4.000000000000000000e+02 -1.421799534699046887e+02 -1.487201677565960551e+02 1.889999999999999902e+00
-1.479719575527004736e+02 1.092471726674748123e+00 -5.499999999999992673e-01 4.000000000000000000e+02 -1.417358254488150067e+02 -1.482785397355063708e+02 6.850000000000000533e-01
-1.474203981115253725e+02 7.798502849537224391e-01 -5.524999999999992140e-01 4.000000000000000000e+02 -1.399869529395944312e+02 -1.465321672262857930e+02 1.449999999999999900e-01
-1.461875972274254138e+02 1.030698022530243785e+00 -5.549999999999991607e-01 4.000000000000000000e+02 -1.397168601854445740e+02 -1.462645744721359335e+02 1.040000000000000036e+00
-1.455321981649955490e+02 9.340509769841073284e-01 -5.574999999999991074e-01 4.000000000000000000e+02 -1.391919213529775163e+02 -1.457421356396688736e+02 8.000000000000000167e-02
-1.449385205913962409e+02 7.102889608154743240e-01 -5.599999999999990541e-01 4.000000000000000000e+02 -1.388662179056967148e+02 -1.454189321923880698e+02 1.155000000000000027e+00
-1.444570030323525316e+02 7.878634618631200626e-01 -5.624999999999990008e-01 4.000000000000000000e+02 -1.383856202235818955e+02 -1.449408345102732483e+02 4.849999999999999867e-01
-1.439767910157964934e+02 5.689275445382213636e-01 -5.649999999999989475e-01 4.000000000000000000e+02 -1.374950928248157993e+02 -1.440528071115071498e+02 1.250000000000000000e-01
-1.433209297510826161e+02 7.061455152895379506e-01 -5.674999999999988942e-01 4.000000000000000000e+02 -1.374791050860215194e+02 -1.440393193727128676e+02 1.199999999999999956e+00
-1.429238081919381784e+02 5.473363508392040666e-01 -5.699999999999988409e-01 4.000000000000000000e+02 -1.373538986536304662e+02 -1.439166129403218122e+02 1.715000000000000080e+00
-1.426086063081245072e+02 6.869015568494777346e-01 -5.724999999999987876e-01 4.000000000000000000e+02 -1.365245751318621501e+02 -1.430897894185534938e+02 1.415000000000000036e+00
-1.421273835149546585e+02 6.493953476278017112e-01 -5.749999999999987343e-01 4.000000000000000000e+02 -1.359412933562373951e+02 -1.425090076429287365e+02 1.165000000000000036e+00
-1.416069531850739907e+02 6.669093476192435865e-01 -5.774999999999986811e-01 4.000000000000000000e+02 -1.341915218768552052e+02 -1.407617361635465727e+02 8.199999999999999512e-01
-1.404044365131853169e+02 1.084564943876580090e+00 -5.799999999999986278e-01 4.000000000000000000e+02 -1.329981462815437681e+02 -1.395708605682351333e+02 1.604999999999999982e+00
-1.392100492430233487e+02 1.285260622072709857e+00 -5.824999999999985745e-01 4.000000000000000000e+02 -1.324334689539271892e+02 -1.390086832406185522e+02 1.034999999999999920e+00
-1.384111590681613677e+02 7.762192735837508684e-01 -5.849999999999985212e-01 4.000000000000000000e+02 -1.319546017167816672e+02 -1.385323160034730279e+02 1.100000000000000006e-01
-1.377767566010443545e+02 7.347116803753942493e-01 -5.874999999999984679e-01 4.000000000000000000e+02 -1.313327396862307523e+02 -1.379129539729221108e+02 1.185000000000000053e+00
-1.371493911808440487e+02 9.995472295660432493e-01 -5.899999999999984146e-01 4.000000000000000000e+02 -1.304455184234147964e+02 -1.370282327101061526e+02 1.554999999999999938e+00
-1.363938309642518902e+02 8.771151648988968486e-01 -5.924999999999983613e-01 4.000000000000000000e+02 -1.269183957522328683e+02 -1.335036100389242222e+02 2.049999999999999878e-01
-1.334495348785304998e+02 1.953184638381972649e+00 -5.949999999999983080e-01 4.000000000000000000e+02 -1.259888775987117668e+02 -1.325765918854031327e+02 1.645000000000000018e+00
-1.322275416627366553e+02 1.392197078064041360e+00 -5.974999999999982547e-01 4.000000000000000000e+02 -1.259439321515006753e+02 -1.325341464381920389e+02 2.099999999999999922e-01
-1.316759917996350850e+02 1.112767372894883033e+00 -5.999999999999982014e-01 4.000000000000000000e+02 -1.249232265955542545e+02 -1.315159408822456157e+02 8.000000000000000444e-01
-1.308996205352158881e+02 9.499311167037166603e-01 -6.024999999999981481e-01 4.000000000000000000e+02 -1.216852199917405386e+02 -1.282804342784318976e+02 2.999999999999999889e-01
-1.282101043134639724e+02 1.526268877002895374e+00 -6.049999999999980949e-01 4.000000000000000000e+02 -1.179804206172233734e+02 -1.245781349039147301e+02 1.695000000000000062e+00
-1.245520150034860194e+02 2.019681102780283677e+00 -6.074999999999980416e-01 4.000000000000000000e+02 -1.176478767058599857e+02 -1.242480909925513402e+02 1.189999999999999947e+00
-1.236954037586001647e+02 1.043882668489286791e+00 -6.099999999999979883e-01 4.000000000000000000e+02 -1.172866665425527088e+02 -1.238893808292440610e+02 1.169999999999999929e+00
-1.230945490808783802e+02 1.071966840176688640e+00 -6.124999999999979350e-01 4.000000000000000000e+02 -1.166129310509784887e+02 -1.232181453376698386e+02 1.649999999999999911e+00
-1.224612917385434940e+02 1.273536805576820585e+00 -6.149999999999978817e-01 4.000000000000000000e+02 -1.162242558550782121e+02 -1.228319701417695740e+02 1.520000000000000018e+00
-1.219364058887581734e+02 1.345352414688420373e+00 -6.174999999999978284e-01 4.000000000000000000e+02 -1.137941015004489458e+02 -1.204043157871403054e+02 2.650000000000000133e-01
-1.202086802901604443e+02 1.741468457010928228e+00 -6.199999999999977751e-01 4.000000000000000000e+02 -1.129500833694494872e+02 -1.195627976561408445e+02 1.959999999999999964e+00
-1.191413281960368380e+02 1.956447546850358821e+00 -6.224999999999977218e-01 4.000000000000000000e+02 -1.114919712323709575e+02 -1.181071855190623126e+02 1.435000000000000053e+00
-1.178029922188081713e+02 1.308708314196439293e+00 -6.249999999999976685e-01 4.000000000000000000e+02 -1.093251951077995727e+02 -1.159429093944909255e+02 1.330000000000000071e+00
-1.157982380123588086e+02 1.166270225553019291e+00 -6.274999999999976152e-01 4.000000000000000000e+02 -1.076230572832868120e+02 -1.142432715699781625e+02 5.100000000000000089e-01
-1.140516628809339466e+02 1.759891410388373600e+00 -6.299999999999975620e-01 4.000000000000000000e+02 -1.074503846659709723e+02 -1.140730989526623205e+02 1.049999999999999961e-01
-1.133691762991914800e+02 1.460914787298801754e+00 -6.324999999999975087e-01 4.000000000000000000e+02 -1.068197135220008818e+02 -1.134449278086922419e+02 1.969999999999999973e+00
-1.127131877584173054e+02 9.833093525641802835e-01 -6.349999999999974554e-01 4.000000000000000000e+02 -1.042221657957701382e+02 -1.108498800824614960e+02 9.100000000000000311e-01
-1.107056424609854020e+02 1.486769787889083538e+00 -6.374999999999974021e-01 4.000000000000000000e+02 -1.032989323108206889e+02 -1.099291465975120445e+02 1.145000000000000018e+00
-1.095506997877215412e+02 9.192267393581073920e-01 -6.399999999999973488e-01 4.000000000000000000e+02 -1.029368948912101018e+02 -1.095696091779014552e+02 8.399999999999999689e-01
-1.088669626072878174e+02 1.070554705740153656e+00 -6.424999999999972955e-01 4.000000000000000000e+02 -1.023112146606294743e+02 -1.089464289473208254e+02 9.200000000000000400e-01
-1.082127594419548586e+02 8.522061257752228114e-01 -6.449999999999972422e-01 4.000000000000000000e+02 -1.020765035315040450e+02 -1.087142178181953938e+02 1.800000000000000044e+00
-1.077392328042355842e+02 6.304262571606971122e-01 -6.474999999999971889e-01 4.000000000000000000e+02 -1.020131321469297916e+02 -1.086533464336211523e+02 1.875000000000000000e+00
-1.074021380545310080e+02 4.624438290710780053e-01 -6.499999999999971356e-01 4.000000000000000000e+02 -1.013355106047066840e+02 -1.079782248913980425e+02 1.409999999999999920e+00
-1.069561110608464247e+02 4.711835512627254863e-01 -6.524999999999970823e-01 4.000000000000000000e+02 -1.012231047018346715e+02 -1.078683189885260276e+02 2.300000000000000100e-01
-1.066184706068015231e+02 5.462526280036016368e-01 -6.549999999999970290e-01 4.000000000000000000e+02 -9.968272907066317146e+01 -1.063304433573545253e+02 8.649999999999999911e-01
-1.057709754878278403e+02 5.513624387725600817e-01 -6.574999999999969758e-01 4.000000000000000000e+02 -9.929196108323458247e+01 -1.059421753699259341e+02 1.304999999999999938e+00
-1.051597690388115751e+02 7.081792220858483811e-01 -6.599999999999969225e-01 4.000000000000000000e+02 -9.914866768792732898e+01 -1.058013819746186783e+02 2.999999999999999889e-01
-1.047368290951003473e+02 5.715457207814056417e-01 -6.624999999999968692e-01 4.000000000000000000e+02 -9.907356639457994163e+01 -1.057287806812713029e+02 7.099999999999999645e-01
-1.044213964798763925e+02 4.549837171378085521e-01 -6.649999999999968159e-01 4.000000000000000000e+02 -9.870292554260605300e+01 -1.053606398292974120e+02 1.709999999999999964e+00
-1.040914285533600605e+02 4.451220512476233848e-01 -6.674999999999967626e-01 4.000000000000000000e+02 -9.865261686821226306e+01 -1.053128311549036198e+02 5.100000000000000089e-01
-1.038330596698832125e+02 4.174828853618277047e-01 -6.699999999999967093e-01 4.000000000000000000e+02 -9.861295262086716207e+01 -1.052756669075585165e+02 9.150000000000000355e-01
-1.036209278567978771e+02 4.455991824213194064e-01 -6.724999999999966560e-01 4.000000000000000000e+02 -9.826387256695423389e+01 -1.049290868536455861e+02 1.270000000000000018e+00
-1.033816611816265691e+02 3.437475951582580902e-01 -6.749999999999966027e-01 4.000000000000000000e+02 -9.740323503272722405e+01 -1.040709493194185740e+02 1.024999999999999911e+00
-1.029749080705301481e+02 2.792385207412395043e-01 -6.774999999999965494e-01 4.000000000000000000e+02 -9.669780106825193400e+01 -1.033680153549432816e+02 4.450000000000000067e-01
-1.024591209763943169e+02 5.068405466228450562e-01 -6.799999999999964961e-01 4.000000000000000000e+02 -9.520718426463254502e+01 -1.018798985513239046e+02 9.250000000000000444e-01
-1.014349987152691739e+02 8.896197504354164121e-01 -6.824999999999964428e-01 4.000000000000000000e+02 -9.500904728438402458e+01 -1.016842615710753819e+02 1.060000000000000053e+00
-1.008587364894656559e+02 1.017143079025663477e+00 -6.849999999999963896e-01 4.000000000000000000e+02 -9.472922193650545353e+01 -1.014069362231968086e+02 9.100000000000000311e-01
-1.004025849786237643e+02 9.237014094313972246e-01 -6.874999999999963363e-01 4.000000000000000000e+02 -9.472566976890372814e+01 -1.014058840555950809e+02 7.500000000000000000e-01
-1.000902094801461431e+02 5.976339596820364752e-01 -6.899999999999962830e-01 4.000000000000000000e+02 -9.408078858229018238e+01 -1.007635028689815329e+02 1.239999999999999991e+00
-9.967808254832556258e+01 4.405954545315648452e-01 -6.924999999999962297e-01 4.000000000000000000e+02 -9.393704249028425579e+01 -1.006222567769756040e+02 1.104999999999999982e+00
-9.934949800657494734e+01 4.251982169417026780e-01 -6.949999999999961764e-01 4.000000000000000000e+02 -9.377077887235056153e+01 -1.004584931590419217e+02 7.000000000000000666e-02
-9.906440156096144278e+01 3.590216859123207538e-01 -6.974999999999961231e-01 4.000000000000000000e+02 -9.332225634014858429e+01 -1.000124706268399422e+02 1.499999999999999944e-01
-9.873690627086867266e+01 4.263591750011292980e-01 -6.999999999999960698e-01 4.000000000000000000e+02 -9.283842021730768579e+01 -9.953113450399904139e+01 7.199999999999999734e-01
-9.836401264428242541e+01 5.271962575686199859e-01 -7.024999999999960165e-01 4.000000000000000000e+02 -9.227774952609051695e+01 -9.897296381278187027e+01 1.909999999999999920e+00
-9.792968732640797214e+01 3.942992908042378675e-01 -7.049999999999959632e-01 4.000000000000000000e+02 -9.180474754975125506e+01 -9.850246183644260611e+01 6.500000000000000222e-02
-9.748246718248492471e+01 6.148780626944774230e-01 -7.074999999999959099e-01 4.000000000000000000e+02 -9.063676093425472402e+01 -9.733697522094607280e+01 1.235000000000000098e+00
-9.671393036276074895e+01 4.939581542344204101e-01 -7.099999999999958566e-01 4.000000000000000000e+02 -8.950741195487874791e+01 -9.621012624157009441e+01 1.080000000000000071e+00
-9.573748376796834236e+01 8.381850929183258803e-01 -7.124999999999958034e-01 4.000000000000000000e+02 -8.936219607029875078e+01 -9.606741035699010922e+01 5.999999999999999778e-02
-9.519575470526555705e+01 7.722331703943067227e-01 -7.149999999999957501e-01 4.000000000000000000e+02 -8.933978722613851176e+01 -9.604750151282986792e+01 1.844999999999999973e+00
-9.484041236843491163e+01 1.015137133106900569e+00 -7.174999999999956968e-01 4.000000000000000000e+02 -8.893977468715546308e+01 -9.564998897384681698e+01 7.800000000000000266e-01
-9.447227089749141271e+01 8.840562205166463405e-01 -7.199999999999956435e-01 4.000000000000000000e+02 -8.876934936533724851e+01 -9.548206365202860013e+01 7.199999999999999734e-01
-9.416163347418218166e+01 9.070368473141346977e-01 -7.224999999999955902e-01 4.000000000000000000e+02 -8.868638166721935079e+01 -9.540159595391070013e+01 8.850000000000000089e-01
-9.390746029918979332e+01 8.079288625599345686e-01 -7.249999999999955369e-01 4.000000000000000000e+02 -8.775594787128278540e+01 -9.447366215797413247e+01 1.155000000000000027e+00
-9.345786509456398505e+01 8.111598366164738394e-01 -7.274999999999954836e-01 4.000000000000000000e+02 -8.711769656451612320e+01 -9.383791085120748221e+01 9.200000000000000400e-01
-9.293679406344921290e+01 8.107229306942728142e-01 -7.299999999999954303e-01 4.000000000000000000e+02 -8.710108588299922872e+01 -9.382380016969058545e+01 6.199999999999999956e-01
-9.259186691715159157e+01 5.764088917465260975e-01 -7.324999999999953770e-01 4.000000000000000000e+02 -8.603463783749458571e+01 -9.275985212418594017e+01 8.599999999999999867e-01
-9.197918910106707813e+01 8.417877512412168528e-01 -7.349999999999953237e-01 4.000000000000000000e+02 -8.551683493584280882e+01 -9.224454922253416100e+01 1.209999999999999964e+00
-9.140994568645722040e+01 7.910419388386610295e-01 -7.374999999999952704e-01 4.000000000000000000e+02 -8.536509416035259790e+01 -9.209530844704394781e+01 2.800000000000000266e-01
-9.100187903285745961e+01 6.909565714259103819e-01 -7.399999999999952172e-01 4.000000000000000000e+02 -8.450655479094557165e+01 -9.123926907763691929e+01 1.250000000000000000e-01
-9.042039909914575446e+01 9.025485974894785768e-01 -7.424999999999951639e-01 4.000000000000000000e+02 -8.440194921597088751e+01 -9.113716350266224708e+01 1.155000000000000027e+00
-9.002274458747048413e+01 5.032258229049807463e-01 -7.449999999999951106e-01 4.000000000000000000e+02 -8.379069045326663456e+01 -9.052840473995799186e+01 1.614999999999999991e+00
-8.955080077834435315e+01 6.036748943653655886e-01 -7.474999999999950573e-01 4.000000000000000000e+02 -8.322802833215327212e+01 -8.996824261884462715e+01 2.899999999999999800e-01
-8.904474864831503567e+01 7.870881225699160044e-01 -7.499999999999950040e-01 4.000000000000000000e+02 -8.287253830590688608e+01 -8.961525259259823883e+01 7.449999999999999956e-01
-8.859670915102837796e+01 9.348637280355207579e-01 -7.524999999999949507e-01 4.000000000000000000e+02 -8.277282213274372680e+01 -8.951803641943507728e+01 8.149999999999999467e-01
-8.826167333826985839e+01 6.668697147889258714e-01 -7.549999999999948974e-01 4.000000000000000000e+02 -8.250236467156496190e+01 -8.925007895825631010e+01 1.445000000000000062e+00
-8.794528020289898507e+01 6.227712984991921052e-01 -7.574999999999948441e-01 4.000000000000000000e+02 -8.242939940314384728e+01 -8.917961368983519321e+01 1.580000000000000071e+00
-8.768984088202401495e+01 5.312967641437981170e-01 -7.599999999999947908e-01 4.000000000000000000e+02 -8.224139463574574904e+01 -8.899410892243710691e+01 5.600000000000000533e-01
-8.744974496150948085e+01 5.031059946970554142e-01 -7.624999999999947375e-01 4.000000000000000000e+02 -8.216034130629272170e+01 -8.891555559298407729e+01 1.250000000000000000e-01
-8.724200686862165810e+01 5.943247721500468650e-01 -7.649999999999946843e-01 4.000000000000000000e+02 -8.065484410378282121e+01 -8.741255839047417453e+01 1.330000000000000071e+00
-8.663050386953838711e+01 9.414167060317408797e-01 -7.674999999999946310e-01 4.000000000000000000e+02 -8.058434859831287156e+01 -8.734456288500422261e+01 1.139999999999999902e+00
-8.623196089712440937e+01 6.881207278174386044e-01 -7.699999999999945777e-01 4.000000000000000000e+02 -8.036094936790898657e+01 -8.712366365460033535e+01 7.499999999999999722e-02
-8.588840161831369358e+01 6.509715916981779760e-01 -7.724999999999945244e-01 4.000000000000000000e+02 -8.010819001926860494e+01 -8.687340430595995144e+01 1.300000000000000044e-01
-8.557108437037270221e+01 7.389053699355697669e-01 -7.749999999999944711e-01 4.000000000000000000e+02 -7.998452098538518840e+01 -8.675223527207654683e+01 1.000000000000000000e+00
-8.530340709543145294e+01 7.849275418367289703e-01 -7.774999999999944178e-01 4.000000000000000000e+02 -7.969536529990418217e+01 -8.646557958659553833e+01 1.254999999999999893e+00
-8.503124036011061548e+01 6.023625860129701026e-01 -7.799999999999943645e-01 4.000000000000000000e+02 -7.967826645922025364e+01 -8.645098074591160753e+01 1.185000000000000053e+00
-8.481469712106613201e+01 5.509542130350935096e-01 -7.824999999999943112e-01 4.000000000000000000e+02 -7.929465386352427458e+01 -8.606986815021562620e+01 1.895000000000000018e+00
-8.456391731647144638e+01 5.093211764656075946e-01 -7.849999999999942579e-01 4.000000000000000000e+02 -7.926099036831249123e+01 -8.603870465500384057e+01 9.549999999999999600e-01
-8.435785694763248443e+01 5.324677022880097699e-01 -7.874999999999942046e-01 4.000000000000000000e+02 -7.894386670894701297e+01 -8.572408099563836004e+01 1.915000000000000036e+00
-8.413066697890236867e+01 4.979204068064827515e-01 -7.899999999999941513e-01 4.000000000000000000e+02 -7.847517304443834973e+01 -8.525788733112969453e+01 1.264999999999999902e+00
-8.385006056181406109e+01 4.961171161107315042e-01 -7.924999999999940981e-01 4.000000000000000000e+02 -7.831230512868843618e+01 -8.509751941537979292e+01 1.749999999999999889e-01
-8.359756500763684528e+01 5.344555789829870118e-01 -7.949999999999940448e-01 4.000000000000000000e+02 -7.812611809255074036e+01 -8.491383237924209482e+01 1.659999999999999920e+00
-8.336001825657429265e+01 5.315343341326088655e-01 -7.974999999999939915e-01 4.000000000000000000e+02 -7.687518815193992339e+01 -8.366540243863127557e+01 9.250000000000000444e-01
-8.280795074866986738e+01 5.966957745637850863e-01 -7.999999999999939382e-01 4.000000000000000000e+02 -7.619868203622252167e+01 -8.299139632291387159e+01 5.949999999999999734e-01
-8.220232570550592754e+01 9.252615631676912589e-01 -8.024999999999938849e-01 4.000000000000000000e+02 -7.584619635560757445e+01 -8.264141064229892208e+01 1.094999999999999973e+00
-8.170481268765882987e+01 6.365596938340390976e-01 -8.049999999999938316e-01 4.000000000000000000e+02 -7.567886420483219467e+01 -8.247657849152354004e+01 7.950000000000000400e-01
-8.132487313596915612e+01 7.827124284288097256e-01 -8.074999999999937783e-01 4.000000000000000000e+02 -7.536379315819679903e+01 -8.216400744488815633e+01 7.099999999999999645e-01
-8.096574212140831150e+01 9.326646410537978715e-01 -8.099999999999937250e-01 4.000000000000000000e+02 -7.479164380552964531e+01 -8.159435809222100033e+01 1.360000000000000098e+00
-8.053830064966759039e+01 1.011623838009504839e+00 -8.124999999999936717e-01 4.000000000000000000e+02 -7.452527419165313916e+01 -8.133048847834449191e+01 1.165000000000000036e+00
-8.016477147734634912e+01 8.159552756330721301e-01 -8.149999999999936184e-01 4.000000000000000000e+02 -7.420571784854431030e+01 -8.101343213523566078e+01 1.250000000000000000e-01
-7.980850517768590180e+01 5.594710855117556170e-01 -8.174999999999935651e-01 4.000000000000000000e+02 -7.397145350321621038e+01 -8.078166778990755859e+01 1.370000000000000107e+00
-7.948795470860618195e+01 4.504675949905903032e-01 -8.199999999999935119e-01 4.000000000000000000e+02 -7.386517986157919324e+01 -8.067789414827053918e+01 1.499999999999999944e-02
-7.922233445189576173e+01 5.073945748177167703e-01 -8.224999999999934586e-01 4.000000000000000000e+02 -7.340911989852183694e+01 -8.022433418521319481e+01 7.399999999999999911e-01
-7.890961018250040127e+01 6.145219396400362077e-01 -8.249999999999934053e-01 4.000000000000000000e+02 -7.310005910410848173e+01 -7.991777339079983733e+01 2.999999999999999889e-01
-7.859853737715910427e+01 5.090769269947146292e-01 -8.274999999999933520e-01 4.000000000000000000e+02 -7.260069370368820785e+01 -7.942090799037956117e+01 1.179999999999999938e+00
-7.823431879950977930e+01 6.577674358986017600e-01 -8.299999999999932987e-01 4.000000000000000000e+02 -7.235585336120820443e+01 -7.917856764789955548e+01 1.120000000000000107e+00
-7.790575515504838222e+01 7.176276235713393570e-01 -8.324999999999932454e-01 4.000000000000000000e+02 -7.230082003203894203e+01 -7.912603431873029081e+01 9.350000000000000533e-01
-7.764713036533522938e+01 5.883836765864438600e-01 -8.349999999999931921e-01 4.000000000000000000e+02 -7.210893490988885901e+01 -7.893664919658020551e+01 1.709999999999999964e+00
-7.740386794915622204e+01 5.043884710866146648e-01 -8.374999999999931388e-01 4.000000000000000000e+02 -7.178108831819737645e+01 -7.861130260488872068e+01 1.125000000000000000e+00
-7.714230151043038575e+01 3.010100513846268311e-01 -8.399999999999930855e-01 4.000000000000000000e+02 -7.171000784441459075e+01 -7.854272213110594691e+01 6.350000000000000089e-01
-7.692196729202214556e+01 2.661261201086250749e-01 -8.424999999999930322e-01 4.000000000000000000e+02 -7.160900214125642549e+01 -7.844421642794777938e+01 2.449999999999999956e-01
-7.672457608250191186e+01 2.681016616285057941e-01 -8.449999999999929789e-01 4.000000000000000000e+02 -7.160630395711105223e+01 -7.844401824380240384e+01 4.299999999999999933e-01
-7.655976861776544240e+01 3.557959572531662062e-01 -8.474999999999929257e-01 4.000000000000000000e+02 -7.141090602568000634e+01 -7.825112031237135568e+01 1.209999999999999964e+00
-7.639064183164713029e+01 3.638980887265768072e-01 -8.499999999999928724e-01 4.000000000000000000e+02 -7.133174412176262535e+01 -7.817445840845397242e+01 1.645000000000000018e+00
-7.623535258296742256e+01 3.568594870999011737e-01 -8.524999999999928191e-01 4.000000000000000000e+02 -7.119701089731334775e+01 -7.804222518400469255e+01 1.885000000000000009e+00
-7.608334698813209229e+01 3.632306494379669015e-01 -8.549999999999927658e-01 4.000000000000000000e+02 -7.094977318362442986e+01 -7.779748747031578660e+01 4.299999999999999933e-01
-7.591773215703946676e+01 4.217211697164915396e-01 -8.574999999999927125e-01 4.000000000000000000e+02 -7.051559360864106907e+01 -7.736580789533242353e+01 1.475000000000000089e+00
-7.570664329458766417e+01 4.871064110857705742e-01 -8.599999999999926592e-01 4.000000000000000000e+02 -7.018651562972080171e+01 -7.703922991641215390e+01 1.719999999999999973e+00
-7.547252495308967468e+01 4.466387539880868895e-01 -8.624999999999926059e-01 4.000000000000000000e+02 -6.987778132188134350e+01 -7.673299560857269341e+01 7.800000000000000266e-01
-7.522291821740577689e+01 4.365999609386298497e-01 -8.649999999999925526e-01 4.000000000000000000e+02 -6.979504459868593358e+01 -7.665275888537728122e+01 8.649999999999999911e-01
-7.500833354513805773e+01 2.918418680864781067e-01 -8.674999999999924993e-01 4.000000000000000000e+02 -6.914577796009777444e+01 -7.600599224678911980e+01 1.439999999999999947e+00
-7.469444164643806516e+01 2.970334157518221829e-01 -8.699999999999924460e-01 4.000000000000000000e+02 -6.842427548951563665e+01 -7.528698977620697974e+01 1.495000000000000107e+00
-7.425430681590665927e+01 6.117032201388160617e-01 -8.724999999999923928e-01 4.000000000000000000e+02 -6.824882906045985465e+01 -7.511404334715120967e+01 1.445000000000000062e+00
-7.390134725456658771e+01 6.221040578368498553e-01 -8.749999999999923395e-01 4.000000000000000000e+02 -6.796375706055098931e+01 -7.483147134724234206e+01 2.149999999999999967e-01
-7.356880791868226765e+01 4.615577692614443728e-01 -8.774999999999922862e-01 4.000000000000000000e+02 -6.752698699359876855e+01 -7.439720128029011903e+01 1.175000000000000044e+00
-7.320642400590980969e+01 4.523319218086384597e-01 -8.799999999999922329e-01 4.000000000000000000e+02 -6.693673026153695105e+01 -7.380944454822829925e+01 1.449999999999999956e+00
-7.277000532217604700e+01 4.733217522676243516e-01 -8.824999999999921796e-01 4.000000000000000000e+02 -6.652399510711954633e+01 -7.339920939381089227e+01 1.100000000000000006e-01
-7.234276836704179914e+01 3.908425328486710426e-01 -8.849999999999921263e-01 4.000000000000000000e+02 -6.652288622869059509e+01 -7.340060051538193875e+01 3.499999999999999778e-01
-7.204473429454986899e+01 5.944386792119739082e-01 -8.874999999999920730e-01 4.000000000000000000e+02 -6.648649991501524426e+01 -7.336671420170659985e+01 5.899999999999999689e-01
-7.180839268435028089e+01 6.700860943476697473e-01 -8.899999999999920197e-01 4.000000000000000000e+02 -6.632175469461081718e+01 -7.320446898130217050e+01 1.544999999999999929e+00
-7.158719788027443087e+01 8.126216149546957590e-01 -8.924999999999919664e-01 4.000000000000000000e+02 -6.631453734366813535e+01 -7.319975163035948640e+01 2.099999999999999922e-01
-7.140539495602484976e+01 7.947858456737399990e-01 -8.949999999999919131e-01 4.000000000000000000e+02 -6.613412138235496229e+01 -7.302183566904631107e+01 6.400000000000000133e-01
-7.122423713245824217e+01 7.452429679003905738e-01 -8.974999999999918598e-01 4.000000000000000000e+02 -6.574235904522100782e+01 -7.263257333191235432e+01 1.935000000000000053e+00
-7.100546325267498560e+01 6.747733246346848679e-01 -8.999999999999918066e-01 4.000000000000000000e+02 -6.573523019588618865e+01 -7.262794448257753288e+01 1.360000000000000098e+00
-7.082530380188852348e+01 7.189006448667305538e-01 -9.024999999999917533e-01 4.000000000000000000e+02 -6.571700455750351466e+01 -7.261221884419487083e+01 4.249999999999999889e-01
-7.067045962256915459e+01 5.156130374041253406e-01 -9.049999999999917000e-01 4.000000000000000000e+02 -6.567657968213484310e+01 -7.257429396882619699e+01 1.330000000000000071e+00
-7.053157091401419621e+01 5.302185787476613177e-01 -9.074999999999916467e-01 4.000000000000000000e+02 -6.518852490848580317e+01 -7.208873919517715478e+01 5.550000000000000488e-01
-7.034034581104381800e+01 4.629295609664479949e-01 -9.099999999999915934e-01 4.000000000000000000e+02 -6.386261503340774226e+01 -7.076532932009908450e+01 1.754999999999999893e+00
-6.983728189162314948e+01 4.947932228885688066e-01 -9.124999999999915401e-01 4.000000000000000000e+02 -6.380933998965932119e+01 -7.071455427635066826e+01 9.250000000000000444e-01
-6.948950534426361969e+01 5.390855394617750651e-01 -9.149999999999914868e-01 4.000000000000000000e+02 -6.357819049443375548e+01 -7.048590478112510027e+01 1.959999999999999964e+00
-6.917527404102665400e+01 4.598573432298674879e-01 -9.174999999999914335e-01 4.000000000000000000e+02 -6.336051952104915586e+01 -7.027073380774049838e+01 1.179999999999999938e+00
-6.888680290587235788e+01 4.662710208174170035e-01 -9.199999999999913802e-01 4.000000000000000000e+02 -6.316497298205865008e+01 -7.007768726874999743e+01 8.000000000000000167e-02
-6.862140299134524923e+01 4.688678355524512065e-01 -9.224999999999913269e-01 4.000000000000000000e+02 -6.315299027416045163e+01 -7.006820456085179671e+01 1.449999999999999956e+00
-6.841007153215234382e+01 4.301286511022250902e-01 -9.249999999999912736e-01 4.000000000000000000e+02 -6.304683078807358498e+01 -6.996454507476492779e+01 1.709999999999999964e+00
-6.821837687862799271e+01 2.769527462421180752e-01 -9.274999999999912204e-01 4.000000000000000000e+02 -6.294504966431725279e+01 -6.986526395100860043e+01 9.200000000000000400e-01
-6.804220026541645439e+01 3.613866822480955032e-01 -9.299999999999911671e-01 4.000000000000000000e+02 -6.290530255895450296e+01 -6.982801684564584832e+01 1.870000000000000107e+00
-6.788719843606298809e+01 3.706326100949833835e-01 -9.324999999999911138e-01 4.000000000000000000e+02 -6.277167297082458219e+01 -6.969688725751592528e+01 6.500000000000000222e-02
-6.773558949481802927e+01 3.216343484824007448e-01 -9.349999999999910605e-01 4.000000000000000000e+02 -6.253048768724078599e+01 -6.945820197393213391e+01 1.209999999999999964e+00
-6.757126309069278136e+01 3.243169930161673431e-01 -9.374999999999910072e-01 4.000000000000000000e+02 -6.234202583979654122e+01 -6.927224012648788687e+01 1.080000000000000071e+00
-6.740362791707558188e+01 3.576653823156506484e-01 -9.399999999999909539e-01 4.000000000000000000e+02 -6.224565194204509311e+01 -6.917836622873643648e+01 2.999999999999999889e-02
-6.724702783336397260e+01 3.335131353870784410e-01 -9.424999999999909006e-01 4.000000000000000000e+02 -6.173631541803178635e+01 -6.867152970472312745e+01 1.895000000000000018e+00
-6.703140989077645884e+01 2.783967417516113874e-01 -9.449999999999908473e-01 4.000000000000000000e+02 -6.153873741977290734e+01 -6.847645170646426038e+01 1.875000000000000000e+00
-6.681974296966475890e+01 2.778034621011082339e-01 -9.474999999999907940e-01 4.000000000000000000e+02 -6.151943977871513169e+01 -6.845965406540648246e+01 7.099999999999999645e-01
-6.664243622545966161e+01 2.660677100399967410e-01 -9.499999999999907407e-01 4.000000000000000000e+02 -6.148157814283804612e+01 -6.842429242952938750e+01 8.199999999999999512e-01
-6.648686477472456602e+01 2.539670807830479715e-01 -9.524999999999906874e-01 4.000000000000000000e+02 -6.142144744374840570e+01 -6.836666173043975903e+01 1.854999999999999982e+00
-6.634482621585073048e+01 2.697642746378762224e-01 -9.549999999999906342e-01 4.000000000000000000e+02 -6.104687552628671909e+01 -6.799458981297806304e+01 1.939999999999999947e+00
-6.616911368804051108e+01 4.107682222027594920e-01 -9.574999999999905809e-01 4.000000000000000000e+02 -6.081046930863948319e+01 -6.776068359533083196e+01 7.399999999999999911e-01
-6.598379187103456900e+01 3.751481348753123446e-01 -9.599999999999905276e-01 4.000000000000000000e+02 -6.037411088003487691e+01 -6.732682516672622342e+01 2.149999999999999967e-01
-6.575184508880766998e+01 4.212336298633907461e-01 -9.624999999999904743e-01 4.000000000000000000e+02 -6.030429938261782752e+01 -6.725951366930917175e+01 9.949999999999999956e-01
-6.555182637732035289e+01 3.943444782427047990e-01 -9.649999999999904210e-01 4.000000000000000000e+02 -6.010826587968242762e+01 -6.706598016637377668e+01 7.149999999999999689e-01
-6.535298021722435635e+01 6.152956948195155151e-01 -9.674999999999903677e-01 4.000000000000000000e+02 -6.004661227072909924e+01 -6.700682655742045313e+01 8.100000000000000533e-01
-6.517792446075850421e+01 5.319223852555415855e-01 -9.699999999999903144e-01 4.000000000000000000e+02 -6.003527091145868866e+01 -6.699798519815003317e+01 1.995000000000000107e+00
-6.502776811033021431e+01 5.273918907055392680e-01 -9.724999999999902611e-01 4.000000000000000000e+02 -5.995796140288787512e+01 -6.692317568957922447e+01 1.094999999999999973e+00
-6.488778264433301501e+01 4.583138579514166588e-01 -9.749999999999902078e-01 4.000000000000000000e+02 -5.992107490016600480e+01 -6.688878918685735187e+01 1.669999999999999929e+00
-6.476097456292771426e+01 4.717253652743559345e-01 -9.774999999999901545e-01 4.000000000000000000e+02 -5.980741507331310203e+01 -6.677762936000445393e+01 1.679999999999999938e+00
-6.463601735212563426e+01 4.429446881569590322e-01 -9.799999999999901013e-01 4.000000000000000000e+02 -5.980696610508573485e+01 -6.677968039177707738e+01 1.600000000000000089e+00
-6.452516972688844987e+01 4.131118994581083337e-01 -9.824999999999900480e-01 4.000000000000000000e+02 -5.970357326322432812e+01 -6.667878754991568258e+01 6.700000000000000400e-01
-6.441536196481997933e+01 3.571539227473561340e-01 -9.849999999999899947e-01 4.000000000000000000e+02 -5.969864996989914374e+01 -6.667636425659048882e+01 1.014999999999999902e+00
-6.431619926322598246e+01 3.537670700955838909e-01 -9.874999999999899414e-01 4.000000000000000000e+02 -5.968459284632839257e+01 -6.666480713301973537e+01 1.100000000000000089e+00
-6.422498653838754024e+01 3.415041513301798060e-01 -9.899999999999898881e-01 4.000000000000000000e+02 -5.948994971484699334e+01 -6.647266400153833388e+01 1.844999999999999973e+00
-6.412455829403387497e+01 3.420499967135349206e-01 -9.924999999999898348e-01 4.000000000000000000e+02 -5.910108219447912603e+01 -6.608629648117047850e+01 1.844999999999999973e+00
-6.399299175960091191e+01 3.822457849707714406e-01 -9.949999999999897815e-01 4.000000000000000000e+02 -5.899541932778295461e+01 -6.598313361447429770e+01 1.350000000000000089e+00
-6.386488351427278332e+01 4.120266105831928427e-01 -9.974999999999897282e-01 4.000000000000000000e+02 -5.872877038515655812e+01 -6.571898467184790604e+01 1.824999999999999956e+00
-6.371940435296112071e+01 3.474477804326158159e-01 -9.999999999999896749e-01 4.000000000000000000e+02 -5.851119952493485954e+01 -6.550391381162620519e+01 1.165000000000000036e+00
-6.356421473365870156e+01 3.544958482548835610e-01 -1.002499999999989733e+00 4.000000000000000000e+02 -5.812188486946136123e+01 -6.511709915615270461e+01 1.854999999999999982e+00
-6.337224269039221980e+01 3.996507643089746153e-01 -1.004999999999989679e+00 4.000000000000000000e+02 -5.793703588921244574e+01 -6.493475017590378684e+01 1.129999999999999893e+00
-6.318194484715952086e+01 3.462804231988734771e-01 -1.007499999999989626e+00 4.000000000000000000e+02 -5.787553943536350687e+01 -6.487575372205485280e+01 1.520000000000000018e+00
-6.301319999736018929e+01 3.024333908848869101e-01 -1.009999999999989573e+00 4.000000000000000000e+02 -5.784618549105744734e+01 -6.484889977774879810e+01 1.929999999999999938e+00
-6.286520952720170641e+01 2.969079539441347726e-01 -1.012499999999989519e+00 4.000000000000000000e+02 -5.761279221740440448e+01 -6.461800650409574587e+01 1.705000000000000071e+00
-6.270539896831994753e+01 2.556344621106894088e-01 -1.014999999999989466e+00 4.000000000000000000e+02 -5.755470943752985136e+01 -6.456242372422119047e+01 5.550000000000000488e-01
-6.256031513917413633e+01 2.826063987659301890e-01 -1.017499999999989413e+00 4.000000000000000000e+02 -5.755100564415210584e+01 -6.456121993084344979e+01 2.449999999999999956e-01
-6.243349493897544278e+01 3.246445389625311484e-01 -1.019999999999989360e+00 4.000000000000000000e+02 -5.754414983495231439e+01 -6.455686412164365606e+01 1.560000000000000053e+00
-6.232049854054138649e+01 2.714921200798824374e-01 -1.022499999999989306e+00 4.000000000000000000e+02 -5.743662927880120606e+01 -6.445184356549255256e+01 1.695000000000000062e+00
-6.220835130092668663e+01 2.731232621841958030e-01 -1.024999999999989253e+00 4.000000000000000000e+02 -5.736417549346039380e+01 -6.438188978015173802e+01 1.770000000000000018e+00
-6.210059676904550230e+01 2.553447154412968878e-01 -1.027499999999989200e+00 4.000000000000000000e+02 -5.727397654042339781e+01 -6.429419082711474687e+01 1.879999999999999893e+00
-6.199487260775629238e+01 2.677568561908198475e-01 -1.029999999999989146e+00 4.000000000000000000e+02 -5.726692821327475968e+01 -6.428964249996610647e+01 1.500000000000000000e+00
-6.189884942590953898e+01 3.447288333540148852e-01 -1.032499999999989093e+00 4.000000000000000000e+02 -5.722461811645090535e+01 -6.424983240314224986e+01 3.400000000000000244e-01
-6.180784353029602585e+01 3.271145644737785130e-01 -1.034999999999989040e+00 4.000000000000000000e+02 -5.714268542302369980e+01 -6.417039970971504204e+01 6.949999999999999512e-01
-6.171783905874184484e+01 2.628825164903892952e-01 -1.037499999999988987e+00 4.000000000000000000e+02 -5.711136613074911139e+01 -6.414158041744045136e+01 1.074999999999999956e+00
-6.163295618999800496e+01 2.482604458242600731e-01 -1.039999999999988933e+00 4.000000000000000000e+02 -5.710794168247141300e+01 -6.414065596916276490e+01 1.620000000000000107e+00
-6.155464847335249345e+01 2.587683290594600671e-01 -1.042499999999988880e+00 4.000000000000000000e+02 -5.708883085654949952e+01 -6.412404514324084914e+01 1.580000000000000071e+00
-6.148085751128236609e+01 2.703293768240270234e-01 -1.044999999999988827e+00 4.000000000000000000e+02 -5.708760956443093448e+01 -6.412532385112227473e+01 2.899999999999999800e-01
-6.141222433166803540e+01 2.842957336597617957e-01 -1.047499999999988773e+00 4.000000000000000000e+02 -5.705406183494851291e+01 -6.409427612163986510e+01 2.000000000000000000e+00
-6.134604095668500889e+01 2.684295013594540369e-01 -1.049999999999988720e+00 4.000000000000000000e+02 -5.704683101427498571e+01 -6.408954530096633562e+01 1.074999999999999956e+00
-6.128368187175001935e+01 2.571368631291347517e-01 -1.052499999999988667e+00 4.000000000000000000e+02 -5.704680128318499754e+01 -6.409201556987633808e+01 8.699999999999999956e-01
-6.122512489595936103e+01 2.700842918653147406e-01 -1.054999999999988614e+00 4.000000000000000000e+02 -5.704464465576414511e+01 -6.409235894245549048e+01 8.449999999999999734e-01
-6.116982646111640065e+01 2.434223668433766752e-01 -1.057499999999988560e+00 4.000000000000000000e+02 -5.703546533672945174e+01 -6.408567962342080193e+01 5.849999999999999645e-01
-6.111708430121898772e+01 2.467760307350640170e-01 -1.059999999999988507e+00 4.000000000000000000e+02 -5.703524498509786866e+01 -6.408795927178921659e+01 1.419999999999999929e+00
-6.106709633938356774e+01 2.610723412134331456e-01 -1.062499999999988454e+00 4.000000000000000000e+02 -5.703108141298262268e+01 -6.408629569967396833e+01 1.449999999999999956e+00
-6.101941125587580927e+01 2.687229600229959492e-01 -1.064999999999988400e+00 4.000000000000000000e+02 -5.702962622691607208e+01 -6.408734051360741546e+01 8.149999999999999467e-01
-6.097394338470081010e+01 2.429361967574788506e-01 -1.067499999999988347e+00 4.000000000000000000e+02 -5.702715752991371545e+01 -6.408737181660505655e+01 1.560000000000000053e+00
-6.093045457570066503e+01 2.350686066162945009e-01 -1.069999999999988294e+00 4.000000000000000000e+02 -5.698295771958913036e+01 -6.404567200628048340e+01 7.650000000000000133e-01
-6.088704183546830961e+01 2.185610375825565443e-01 -1.072499999999988241e+00 4.000000000000000000e+02 -5.697958660914370910e+01 -6.404480089583505276e+01 1.034999999999999920e+00
-6.084540009267017524e+01 1.921319353199107682e-01 -1.074999999999988187e+00 4.000000000000000000e+02 -5.688778225216879747e+01 -6.395549653886014596e+01 1.939999999999999947e+00
-6.080176925883780825e+01 2.065514406703352068e-01 -1.077499999999988134e+00 4.000000000000000000e+02 -5.687325495723721502e+01 -6.394346924392856124e+01 5.300000000000000266e-01
-6.075946745069597910e+01 1.949352366351889132e-01 -1.079999999999988081e+00 4.000000000000000000e+02 -5.679721001521229340e+01 -6.386992430190363734e+01 1.150000000000000050e-01
-6.071585200087368861e+01 2.021345368585103219e-01 -1.082499999999988027e+00 4.000000000000000000e+02 -5.677578065070436253e+01 -6.385099493739571130e+01 7.700000000000000178e-01
-6.067327774734900458e+01 2.007213214455741690e-01 -1.084999999999987974e+00 4.000000000000000000e+02 -5.676268931551655328e+01 -6.384040360220789978e+01 1.449999999999999956e+00
-6.063201633323116369e+01 2.376639044419271984e-01 -1.087499999999987921e+00 4.000000000000000000e+02 -5.672922197072133343e+01 -6.380943625741267766e+01 1.794999999999999929e+00
-6.059116897474748242e+01 2.617435290924484681e-01 -1.089999999999987867e+00 4.000000000000000000e+02 -5.665021616394855641e+01 -6.373293045063989837e+01 1.655000000000000027e+00
-6.054886971345317903e+01 2.755677415595857438e-01 -1.092499999999987814e+00 4.000000000000000000e+02 -5.652088428666860409e+01 -6.360609857335995088e+01 1.129999999999999893e+00
-6.050292377331504667e+01 2.682286701987454114e-01 -1.094999999999987761e+00 4.000000000000000000e+02 -5.643933477406060462e+01 -6.352704906075194913e+01 1.965000000000000080e+00
-6.045546753272330420e+01 2.640053926580613330e-01 -1.097499999999987708e+00 4.000000000000000000e+02 -5.640064282539715634e+01 -6.349085711208849858e+01 1.719999999999999973e+00
-6.040853057265091053e+01 2.409666953768966335e-01 -1.099999999999987654e+00 4.000000000000000000e+02 -5.629493771060354135e+01 -6.338765199729488842e+01 5.000000000000000104e-03
-6.035894312753146806e+01 2.198730157162869514e-01 -1.102499999999987601e+00 4.000000000000000000e+02 -5.628246807791688866e+01 -6.337768236460823346e+01 1.074999999999999956e+00
-6.031123661322197194e+01 2.165138339829129344e-01 -1.104999999999987548e+00 4.000000000000000000e+02 -5.618929710752778561e+01 -6.328701139421912814e+01 7.900000000000000355e-01
-6.026148700590354679e+01 2.267389872776597870e-01 -1.107499999999987494e+00 4.000000000000000000e+02 -5.610907297434685859e+01 -6.320928726103820594e+01 1.850000000000000089e+00
-6.021036150725312552e+01 2.468118139214174889e-01 -1.109999999999987441e+00 4.000000000000000000e+02 -5.608899896533949203e+01 -6.319171325203083711e+01 1.364999999999999991e+00
-6.016088184626910618e+01 2.567975604202506479e-01 -1.112499999999987388e+00 4.000000000000000000e+02 -5.595434275934600521e+01 -6.305955704603734802e+01 4.499999999999999833e-02
-6.010724993360120294e+01 2.181933818797027469e-01 -1.114999999999987335e+00 4.000000000000000000e+02 -5.592607871111044915e+01 -6.303379299780179679e+01 1.125000000000000000e+00
-6.005505419621901808e+01 2.219052432266006292e-01 -1.117499999999987281e+00 4.000000000000000000e+02 -5.586139158921215397e+01 -6.297160587590349934e+01 7.199999999999999734e-01
-6.000234791106198173e+01 2.069553152434868981e-01 -1.119999999999987228e+00 4.000000000000000000e+02 -5.574273961846418501e+01 -6.285545390515552810e+01 1.549999999999999989e-01
-5.994628432392357809e+01 1.795984239986319342e-01 -1.122499999999987175e+00 4.000000000000000000e+02 -5.566685313220354914e+01 -6.278206741889489706e+01 1.409999999999999920e+00
-5.988926850091208820e+01 1.884044484073557901e-01 -1.124999999999987121e+00 4.000000000000000000e+02 -5.559990580021157314e+01 -6.271762008690291879e+01 1.139999999999999902e+00
-5.983183936840934791e+01 2.010137030453282292e-01 -1.127499999999987068e+00 4.000000000000000000e+02 -5.558401705434326345e+01 -6.270423134103460683e+01 1.580000000000000071e+00
-5.977681773985121083e+01 2.113594451308676292e-01 -1.129999999999987015e+00 4.000000000000000000e+02 -5.555101980171298237e+01 -6.267373408840433058e+01 1.399999999999999911e+00
-5.972309390497689918e+01 2.173985022993773775e-01 -1.132499999999986962e+00 4.000000000000000000e+02 -5.551899037687639549e+01 -6.264420466356774142e+01 1.719999999999999973e+00
-5.967062118379647728e+01 2.173193559982238288e-01 -1.134999999999986908e+00 4.000000000000000000e+02 -5.540783105939591735e+01 -6.253554534608726101e+01 1.635000000000000009e+00
-5.961519834758807690e+01 2.243616523885999525e-01 -1.137499999999986855e+00 4.000000000000000000e+02 -5.540329634990938956e+01 -6.253351063660073095e+01 1.449999999999999900e-01
-5.956258237911953302e+01 2.271172739315806544e-01 -1.139999999999986802e+00 4.000000000000000000e+02 -5.525810758825345204e+01 -6.239082187494479825e+01 1.334999999999999964e+00
-5.950514699039912614e+01 2.089675902230128668e-01 -1.142499999999986748e+00 4.000000000000000000e+02 -5.522846269011178322e+01 -6.236367697680312716e+01 3.549999999999999822e-01
-5.944937836762174044e+01 2.140249731390142240e-01 -1.144999999999986695e+00 4.000000000000000000e+02 -5.513641194351833263e+01 -6.227412623020967430e+01 1.199999999999999956e-01
-5.939174776444832560e+01 1.804893894194717907e-01 -1.147499999999986642e+00 4.000000000000000000e+02 -5.512991236054467237e+01 -6.227012664723601887e+01 1.594999999999999973e+00
-5.933704574060329406e+01 1.523834724953265496e-01 -1.149999999999986589e+00 4.000000000000000000e+02 -5.500796710584009475e+01 -6.215068139253143897e+01 5.450000000000000400e-01
-5.927878956330783211e+01 1.781369109182791011e-01 -1.152499999999986535e+00 4.000000000000000000e+02 -5.485857868492038847e+01 -6.200379297161173042e+01 1.860000000000000098e+00
-5.921530223887425848e+01 1.950877270923144780e-01 -1.154999999999986482e+00 4.000000000000000000e+02 -5.483668681902292263e+01 -6.198440110571426942e+01 8.000000000000000167e-02
-5.915447199396233913e+01 2.488075927543214605e-01 -1.157499999999986429e+00 4.000000000000000000e+02 -5.482703623614734312e+01 -6.197725052283868763e+01 1.435000000000000053e+00
-5.909673100275769286e+01 2.031792312222024943e-01 -1.159999999999986375e+00 4.000000000000000000e+02 -5.476955804856225285e+01 -6.192227233525359509e+01 5.400000000000000355e-01
-5.903914481837751538e+01 2.185510970158286159e-01 -1.162499999999986322e+00 4.000000000000000000e+02 -5.465137703246253409e+01 -6.180659131915388116e+01 1.049999999999999961e-01
-5.897821697986675815e+01 2.479039429740152456e-01 -1.164999999999986269e+00 4.000000000000000000e+02 -5.451901243963695265e+01 -6.167672672632829745e+01 1.754999999999999893e+00
-5.891307950627120960e+01 2.374909705831655116e-01 -1.167499999999986215e+00 4.000000000000000000e+02 -5.445163432149512062e+01 -6.161184860818646314e+01 1.435000000000000053e+00
-5.884795838599363549e+01 1.939317133580062691e-01 -1.169999999999986162e+00 4.000000000000000000e+02 -5.435832204241979326e+01 -6.152103632911114062e+01 3.599999999999999867e-01
-5.878119789906266135e+01 2.098074621774168869e-01 -1.172499999999986109e+00 4.000000000000000000e+02 -5.424858676056896911e+01 -6.141380104726031419e+01 1.935000000000000053e+00
-5.871177345041662221e+01 2.003359329937636768e-01 -1.174999999999986056e+00 4.000000000000000000e+02 -5.412692128622529708e+01 -6.129463557291663989e+01 1.840000000000000080e+00
-5.863893437476628634e+01 2.105687886436777567e-01 -1.177499999999986002e+00 4.000000000000000000e+02 -5.411711894003884282e+01 -6.128733322673018336e+01 1.375000000000000000e+00
-5.857056156386885704e+01 1.992437450741435800e-01 -1.179999999999985949e+00 4.000000000000000000e+02 -5.410301747097314973e+01 -6.127573175766449509e+01 1.449999999999999900e-01
-5.850584279906916407e+01 2.056887952907560935e-01 -1.182499999999985896e+00 4.000000000000000000e+02 -5.408797367296646286e+01 -6.126318795965780595e+01 1.844999999999999973e+00
-5.844431503595224342e+01 1.900710707335795668e-01 -1.184999999999985842e+00 4.000000000000000000e+02 -5.397946046990688274e+01 -6.115717475659822355e+01 3.099999999999999978e-01
-5.838007643305591898e+01 1.804293335317517788e-01 -1.187499999999985789e+00 4.000000000000000000e+02 -5.393387188387661269e+01 -6.111408617056795833e+01 1.550000000000000044e+00
-5.831714078862024309e+01 1.598145451973333742e-01 -1.189999999999985736e+00 4.000000000000000000e+02 -5.369377893026322823e+01 -6.087649321695457161e+01 4.299999999999999933e-01
-5.824263199529197976e+01 1.633534742604888790e-01 -1.192499999999985683e+00 4.000000000000000000e+02 -5.366941232561259056e+01 -6.085462661230393167e+01 1.129999999999999893e+00
-5.817181197847261842e+01 1.684086448206494613e-01 -1.194999999999985629e+00 4.000000000000000000e+02 -5.353827366125919696e+01 -6.072598794795054289e+01 1.264999999999999902e+00
-5.809693061761146282e+01 1.638421165055876372e-01 -1.197499999999985576e+00 4.000000000000000000e+02 -5.352503778256434686e+01 -6.071525206925569051e+01 4.050000000000000266e-01
-5.802654189677468111e+01 1.424714594824091907e-01 -1.199999999999985523e+00 4.000000000000000000e+02 -5.339588849288720240e+01 -6.058860277957854379e+01 1.459999999999999964e+00
-5.795222732808348809e+01 1.331783519050009634e-01 -1.202499999999985469e+00 4.000000000000000000e+02 -5.332525275700397316e+01 -6.052046704369531938e+01 1.945000000000000062e+00
-5.787835402280861530e+01 1.729866812295972611e-01 -1.204999999999985416e+00 4.000000000000000000e+02 -5.325969728842893858e+01 -6.045741157512028252e+01 3.800000000000000044e-01
-5.780524720454522480e+01 1.457270228820365665e-01 -1.207499999999985363e+00 4.000000000000000000e+02 -5.319539817809636872e+01 -6.039561246478771039e+01 1.114999999999999991e+00
-5.773293338647637540e+01 1.862557165099180123e-01 -1.209999999999985310e+00 4.000000000000000000e+02 -5.311609933797409155e+01 -6.031881362466543806e+01 1.820000000000000062e+00
-5.766030603491404349e+01 2.046335494286692092e-01 -1.212499999999985256e+00 4.000000000000000000e+02 -5.300966168760913888e+01 -6.021487597430048311e+01 4.799999999999999822e-01
-5.758545309238495946e+01 2.126276168825046442e-01 -1.214999999999985203e+00 4.000000000000000000e+02 -5.296224702519006655e+01 -6.016996131188140851e+01 8.050000000000000488e-01
-5.751272956588089613e+01 2.418040301817062088e-01 -1.217499999999985150e+00 4.000000000000000000e+02 -5.278534934703170478e+01 -5.999556363372304446e+01 2.250000000000000056e-01
-5.743252727623136167e+01 2.385765722049469351e-01 -1.219999999999985096e+00 4.000000000000000000e+02 -5.271398346938881474e+01 -5.992669775608015925e+01 1.590000000000000080e+00
-5.735319413200630123e+01 2.623838442127279791e-01 -1.222499999999985043e+00 4.000000000000000000e+02 -5.270212660614475197e+01 -5.991734089283609421e+01 1.245000000000000107e+00
-5.727902881015434389e+01 3.048948852612510252e-01 -1.224999999999984990e+00 4.000000000000000000e+02 -5.259987663042526407e+01 -5.981759091711660403e+01 1.324999999999999956e+00
-5.720301276834639737e+01 3.100159059268230433e-01 -1.227499999999984936e+00 4.000000000000000000e+02 -5.252198938959581653e+01 -5.974220367628716133e+01 1.004999999999999893e+00
-5.712704274051881725e+01 3.357761850018090577e-01 -1.229999999999984883e+00 4.000000000000000000e+02 -5.249411697413972888e+01 -5.971683126083107140e+01 4.050000000000000266e-01
-5.705468867765731744e+01 3.117684962217994182e-01 -1.232499999999984830e+00 4.000000000000000000e+02 -5.244468458463835248e+01 -5.966989887132969272e+01 8.850000000000000089e-01
-5.698408818224486794e+01 3.080423393400164023e-01 -1.234999999999984777e+00 4.000000000000000000e+02 -5.233307594095220594e+01 -5.956079022764355102e+01 1.639999999999999902e+00
-5.691081512245243346e+01 2.886945142757582627e-01 -1.237499999999984723e+00 4.000000000000000000e+02 -5.223804568382690405e+01 -5.946825997051824686e+01 5.300000000000000266e-01
-5.683616924222590683e+01 2.938112988227645772e-01 -1.239999999999984670e+00 4.000000000000000000e+02 -5.199597091600747234e+01 -5.922868520269881287e+01 1.104999999999999982e+00
-5.674870848232352927e+01 2.660328146548351369e-01 -1.242499999999984617e+00 4.000000000000000000e+02 -5.191498727689786108e+01 -5.915020156358920644e+01 9.050000000000000266e-01
-5.666199642880246756e+01 2.832068426866423683e-01 -1.244999999999984563e+00 4.000000000000000000e+02 -5.184370731255751252e+01 -5.908142159924885561e+01 1.610000000000000098e+00
-5.657676161094347833e+01 2.939665091235257877e-01 -1.247499999999984510e+00 4.000000000000000000e+02 -5.183902358077317984e+01 -5.907923786746452066e+01 1.749999999999999889e-01
-5.649805950618170414e+01 3.037871270584198147e-01 -1.249999999999984457e+00 4.000000000000000000e+02 -5.162324783640938364e+01 -5.886596212310072929e+01 6.049999999999999822e-01
-5.640851409538619521e+01 3.146443443214696489e-01 -1.252499999999984404e+00 4.000000000000000000e+02 -5.161033836169601585e+01 -5.885555264838735923e+01 1.645000000000000018e+00
-5.632550699894045465e+01 3.233325689325153851e-01 -1.254999999999984350e+00 4.000000000000000000e+02 -5.148084109837582645e+01 -5.872855538506716755e+01 1.290000000000000036e+00
-5.623892403527479189e+01 3.140033470293979168e-01 -1.257499999999984297e+00 4.000000000000000000e+02 -5.134530886606593469e+01 -5.859552315275727352e+01 1.360000000000000098e+00
-5.614840542405444523e+01 2.940135144387568400e-01 -1.259999999999984244e+00 4.000000000000000000e+02 -5.129122544931463068e+01 -5.854393973600597434e+01 1.919999999999999929e+00
-5.606119708728687101e+01 2.657855956520339680e-01 -1.262499999999984190e+00 4.000000000000000000e+02 -5.127449500485561629e+01 -5.852970929154695767e+01 3.449999999999999734e-01
-5.597988368176264373e+01 1.859789884292054607e-01 -1.264999999999984137e+00 4.000000000000000000e+02 -5.115842707351520602e+01 -5.841614136020654513e+01 5.050000000000000044e-01
-5.589601355738676602e+01 1.905565460827821633e-01 -1.267499999999984084e+00 4.000000000000000000e+02 -5.102643633357089215e+01 -5.828665062026223609e+01 3.099999999999999978e-01
-5.580839531336373938e+01 2.065736515555229580e-01 -1.269999999999984031e+00 4.000000000000000000e+02 -5.099715068597197387e+01 -5.825986497266331554e+01 3.850000000000000089e-01
-5.572574045957067312e+01 2.265621715466126507e-01 -1.272499999999983977e+00 4.000000000000000000e+02 -5.082551609900703227e+01 -5.809073038569837166e+01 1.034999999999999920e+00
-5.563594523484407972e+01 2.581976835417271188e-01 -1.274999999999983924e+00 4.000000000000000000e+02 -5.074837614869296232e+01 -5.801609043538429944e+01 1.074999999999999956e+00
-5.554744259192668210e+01 2.455063229491099841e-01 -1.277499999999983871e+00 4.000000000000000000e+02 -5.066515118650306704e+01 -5.793536547319440899e+01 3.300000000000000155e-01
-5.545959637338675208e+01 2.699662746166197613e-01 -1.279999999999983817e+00 4.000000000000000000e+02 -5.053013344231530368e+01 -5.780284772900664336e+01 6.650000000000000355e-01
-5.536791554314189767e+01 3.004110468062869410e-01 -1.282499999999983764e+00 4.000000000000000000e+02 -5.049573151501613921e+01 -5.777094580170748372e+01 4.249999999999999889e-01
-5.528133107595407836e+01 3.362662573817704614e-01 -1.284999999999983711e+00 4.000000000000000000e+02 -5.041255582748576813e+01 -5.769027011417711037e+01 1.915000000000000036e+00
-5.519523536863870561e+01 3.181778454261295352e-01 -1.287499999999983658e+00 4.000000000000000000e+02 -5.039938206372505647e+01 -5.767959635041639643e+01 1.820000000000000062e+00
-5.511515067593007444e+01 2.960868065691495410e-01 -1.289999999999983604e+00 4.000000000000000000e+02 -5.031018756770138367e+01 -5.759290185439272136e+01 7.700000000000000178e-01
-5.503455572593342993e+01 3.531584866315194415e-01 -1.292499999999983551e+00 4.000000000000000000e+02 -5.021531385796219382e+01 -5.750052814465353634e+01 9.649999999999999689e-01
-5.495304374276373949e+01 3.144783842652362216e-01 -1.294999999999983498e+00 4.000000000000000000e+02 -5.010047036985148594e+01 -5.738818465654282619e+01 1.084999999999999964e+00
-5.486908372927976529e+01 3.611032587222972601e-01 -1.297499999999983444e+00 4.000000000000000000e+02 -4.996510449089307571e+01 -5.725531877758441368e+01 1.229999999999999982e+00
-5.478109545711550510e+01 3.482766280954730509e-01 -1.299999999999983391e+00 4.000000000000000000e+02 -4.967087660838568297e+01 -5.696359089507702578e+01 1.350000000000000089e+00
-5.467425222645404403e+01 2.971000851966007494e-01 -1.302499999999983338e+00 4.000000000000000000e+02 -4.964876673636337756e+01 -5.694398102305471809e+01 1.830000000000000071e+00
-5.457591009992424347e+01 2.902965444079585455e-01 -1.304999999999983284e+00 4.000000000000000000e+02 -4.964253053109140978e+01 -5.694024481778274804e+01 1.314999999999999947e+00
-5.448605858797936463e+01 2.616669750206689904e-01 -1.307499999999983231e+00 4.000000000000000000e+02 -4.943552190592308904e+01 -5.673573619261443213e+01 1.675000000000000044e+00
-5.438582128435392349e+01 2.710869943080014832e-01 -1.309999999999983178e+00 4.000000000000000000e+02 -4.942229133992667300e+01 -5.672500562661801382e+01 1.074999999999999956e+00
-5.429378350696286759e+01 3.226755918527351441e-01 -1.312499999999983125e+00 4.000000000000000000e+02 -4.937825381859075691e+01 -5.668346810528209545e+01 5.899999999999999689e-01
-5.420608532633431764e+01 3.696764135994398126e-01 -1.314999999999983071e+00 4.000000000000000000e+02 -4.929704276891832393e+01 -5.660475705560966730e+01 4.799999999999999822e-01
-5.411913863102922306e+01 3.493576749629003220e-01 -1.317499999999983018e+00 4.000000000000000000e+02 -4.927389689198289346e+01 -5.658411117867423457e+01 1.120000000000000107e+00
-5.403754834353993886e+01 3.575330427755082918e-01 -1.319999999999982965e+00 4.000000000000000000e+02 -4.921493988739407399e+01 -5.652765417408541282e+01 7.900000000000000355e-01
-5.395790461455630549e+01 2.911346079455970903e-01 -1.322499999999982911e+00 4.000000000000000000e+02 -4.920010713584064632e+01 -5.651532142253198288e+01 1.844999999999999973e+00
-5.388325671743808698e+01 3.033950631175425516e-01 -1.324999999999982858e+00 4.000000000000000000e+02 -4.912843905566215597e+01 -5.644615334235349735e+01 1.455000000000000071e+00
-5.380900198170866844e+01 3.013634343526775949e-01 -1.327499999999982805e+00 4.000000000000000000e+02 -4.908642395557956206e+01 -5.640663824227090117e+01 4.249999999999999889e-01
-5.373719368461463830e+01 3.183729078564072057e-01 -1.329999999999982752e+00 4.000000000000000000e+02 -4.891009852722941531e+01 -5.623281281392075925e+01 1.645000000000000018e+00
-5.365797095189414989e+01 3.027524147454337400e-01 -1.332499999999982698e+00 4.000000000000000000e+02 -4.887167771773651737e+01 -5.619689200442785904e+01 1.155000000000000027e+00
-5.358198118005153532e+01 2.697428483496144835e-01 -1.334999999999982645e+00 4.000000000000000000e+02 -4.883565984604383203e+01 -5.616337413273517143e+01 1.570000000000000062e+00
-5.350903882534520761e+01 2.689183788950456067e-01 -1.337499999999982592e+00 4.000000000000000000e+02 -4.862231717125579422e+01 -5.595253145794713134e+01 1.534999999999999920e+00
-5.342574881590419977e+01 2.752421287724378107e-01 -1.339999999999982538e+00 4.000000000000000000e+02 -4.846559533533415021e+01 -5.579830962202549216e+01 1.280000000000000027e+00
-5.333660154559107980e+01 3.046213131625792880e-01 -1.342499999999982485e+00 4.000000000000000000e+02 -4.839680077769599365e+01 -5.573201506438733333e+01 1.050000000000000044e+00
-5.324938312036218946e+01 3.204209835825926334e-01 -1.344999999999982432e+00 4.000000000000000000e+02 -4.830673856983243297e+01 -5.564445285652377038e+01 1.110000000000000098e+00
-5.316213597681536385e+01 3.382690676661679330e-01 -1.347499999999982379e+00 4.000000000000000000e+02 -4.830177298391283358e+01 -5.564198727060417582e+01 1.635000000000000009e+00
-5.308170348697280616e+01 3.539804269397318626e-01 -1.349999999999982325e+00 4.000000000000000000e+02 -4.814193161286738842e+01 -5.548464589955872839e+01 1.060000000000000053e+00
-5.299511173337764802e+01 4.086416579036833974e-01 -1.352499999999982272e+00 4.000000000000000000e+02 -4.798703829512362518e+01 -5.533225258181496287e+01 1.989999999999999991e+00
-5.290289410544944815e+01 3.141706994602267988e-01 -1.354999999999982219e+00 4.000000000000000000e+02 -4.798328357834726887e+01 -5.533099786503861139e+01 1.165000000000000036e+00
-5.281836553895429631e+01 2.610587984783647175e-01 -1.357499999999982165e+00 4.000000000000000000e+02 -4.790743827580269709e+01 -5.525765256249403734e+01 3.950000000000000178e-01
-5.273473878419035543e+01 2.905223755912416661e-01 -1.359999999999982112e+00 4.000000000000000000e+02 -4.787780623862617091e+01 -5.523052052531750888e+01 1.745000000000000107e+00
-5.265552843600985966e+01 2.960450781257887853e-01 -1.362499999999982059e+00 4.000000000000000000e+02 -4.778673060912606019e+01 -5.514194489581740299e+01 1.564999999999999947e+00
-5.257560178667312556e+01 2.961252914856891127e-01 -1.364999999999982006e+00 4.000000000000000000e+02 -4.770252236895984055e+01 -5.506023665565118108e+01 7.650000000000000133e-01
-5.249553817016082036e+01 2.465632043460422029e-01 -1.367499999999981952e+00 4.000000000000000000e+02 -4.752430328207551469e+01 -5.488451756876685295e+01 8.750000000000000000e-01
-5.240778075994094110e+01 2.101257406740626166e-01 -1.369999999999981899e+00 4.000000000000000000e+02 -4.747044760372336469e+01 -5.483316189041470068e+01 3.400000000000000244e-01
-5.232303123556573610e+01 2.400866594654975095e-01 -1.372499999999981846e+00 4.000000000000000000e+02 -4.732276624530472731e+01 -5.468798053199606812e+01 7.600000000000000089e-01
-5.223323252142909467e+01 2.516412860733692747e-01 -1.374999999999981792e+00 4.000000000000000000e+02 -4.729010484311049112e+01 -5.465781912980182966e+01 1.824999999999999956e+00
-5.214841841250872534e+01 2.583524902898084452e-01 -1.377499999999981739e+00 4.000000000000000000e+02 -4.721139539200679991e+01 -5.458160967869813618e+01 1.010000000000000009e+00
-5.206430124924040115e+01 2.209015572441190567e-01 -1.379999999999981686e+00 4.000000000000000000e+02 -4.721094977609361365e+01 -5.458366406278495475e+01 4.499999999999999833e-02
-5.198686727286484910e+01 2.440672178976200646e-01 -1.382499999999981632e+00 4.000000000000000000e+02 -4.711392300676482847e+01 -5.448913729345616730e+01 5.699999999999999512e-01
-5.190814955769685923e+01 2.301393314604872620e-01 -1.384999999999981579e+00 4.000000000000000000e+02 -4.685712767355924058e+01 -5.423484196025057713e+01 1.120000000000000107e+00
-5.181500709382019920e+01 2.578751691804809232e-01 -1.387499999999981526e+00 4.000000000000000000e+02 -4.685022045867970775e+01 -5.423043474537104913e+01 1.915000000000000036e+00
-5.172944506503455386e+01 2.337501577609669423e-01 -1.389999999999981473e+00 4.000000000000000000e+02 -4.673120398066905778e+01 -5.411391826736039690e+01 1.489999999999999991e+00
-5.164130827565754345e+01 3.077665558311420968e-01 -1.392499999999981419e+00 4.000000000000000000e+02 -4.672764696195920919e+01 -5.411286124865054603e+01 2.550000000000000044e-01
-5.156023200726593103e+01 2.978866622143640508e-01 -1.394999999999981366e+00 4.000000000000000000e+02 -4.649376735904859004e+01 -5.388148164573992460e+01 1.854999999999999982e+00
-5.146660428213078831e+01 2.716788028589980364e-01 -1.397499999999981313e+00 4.000000000000000000e+02 -4.642278058746990865e+01 -5.381299487416124805e+01 1.814999999999999947e+00
-5.137519806706779235e+01 2.740164409159263070e-01 -1.399999999999981259e+00 4.000000000000000000e+02 -4.633909947643770266e+01 -5.373181376312903978e+01 9.699999999999999734e-01
-5.128468089059100521e+01 2.876302372639724658e-01 -1.402499999999981206e+00 4.000000000000000000e+02 -4.620177714681003067e+01 -5.359699143350137263e+01 1.094999999999999973e+00
-5.119025094450317681e+01 2.766410152836328296e-01 -1.404999999999981153e+00 4.000000000000000000e+02 -4.609763144587095951e+01 -5.349534573256229919e+01 1.385000000000000009e+00
-5.109516865870229196e+01 2.547230458463934921e-01 -1.407499999999981100e+00 4.000000000000000000e+02 -4.608722675687906190e+01 -5.348744104357039930e+01 6.899999999999999467e-01
-5.100768749824186443e+01 2.548982945482061724e-01 -1.409999999999981046e+00 4.000000000000000000e+02 -4.604224557679816598e+01 -5.344495986348950112e+01 6.250000000000000000e-01
-5.092389896666159643e+01 3.449610648924965051e-01 -1.412499999999980993e+00 4.000000000000000000e+02 -4.602787992087570501e+01 -5.343309420756704498e+01 4.600000000000000200e-01
-5.084570381058205868e+01 2.713820097619722982e-01 -1.414999999999980940e+00 4.000000000000000000e+02 -4.599870667962026971e+01 -5.340642096631160740e+01 1.969999999999999973e+00
-5.077129294358094569e+01 2.908866026719852393e-01 -1.417499999999980886e+00 4.000000000000000000e+02 -4.591589264478252375e+01 -5.332610693147385916e+01 1.199999999999999956e-01
-5.069645759985503730e+01 2.937920059765217751e-01 -1.419999999999980833e+00 4.000000000000000000e+02 -4.580546153983431878e+01 -5.321817582652565903e+01 1.254999999999999893e+00
-5.061919893855858987e+01 3.034988058162154667e-01 -1.422499999999980780e+00 4.000000000000000000e+02 -4.577046307150050808e+01 -5.318567735819184605e+01 7.499999999999999722e-02
-5.054520010762853843e+01 2.956099784003572428e-01 -1.424999999999980727e+00 4.000000000000000000e+02 -4.573812713931414464e+01 -5.315584142600548034e+01 3.649999999999999911e-01
-5.047428750682923493e+01 3.120203427021495668e-01 -1.427499999999980673e+00 4.000000000000000000e+02 -4.573591592604134348e+01 -5.315613021273268402e+01 1.629999999999999893e+00
-5.040809074062852346e+01 3.322406386324844862e-01 -1.429999999999980620e+00 4.000000000000000000e+02 -4.571438088380212150e+01 -5.313709517049345976e+01 1.219999999999999973e+00
-5.034484907343896509e+01 3.552619375099748122e-01 -1.432499999999980567e+00 4.000000000000000000e+02 -4.555274111441585205e+01 -5.297795540110718804e+01 2.500000000000000000e-01
-5.027545836481059638e+01 3.441051862617218737e-01 -1.434999999999980513e+00 4.000000000000000000e+02 -4.546371115778714511e+01 -5.289142544447848593e+01 1.574999999999999956e+00
-5.020490944503058017e+01 3.684862849795448314e-01 -1.437499999999980460e+00 4.000000000000000000e+02 -4.542452094365182091e+01 -5.285473523034315946e+01 6.500000000000000222e-02
-5.013663087415804398e+01 3.683347964375042194e-01 -1.439999999999980407e+00 4.000000000000000000e+02 -4.534098191611231243e+01 -5.277369620280364870e+01 1.399999999999999911e+00
-5.006750507908438408e+01 3.283770575564553540e-01 -1.442499999999980353e+00 4.000000000000000000e+02 -4.529182659407007350e+01 -5.272704088076140749e+01 7.399999999999999911e-01
-4.999986446897020187e+01 3.688984150225527170e-01 -1.444999999999980300e+00 4.000000000000000000e+02 -4.508552582815617171e+01 -5.252324011484751054e+01 9.250000000000000444e-01
-4.992272894165735408e+01 3.162479060810317044e-01 -1.447499999999980247e+00 4.000000000000000000e+02 -4.505081160911693416e+01 -5.249102589580827072e+01 1.824999999999999956e+00
-4.984885971226718482e+01 3.098945642028450576e-01 -1.449999999999980194e+00 4.000000000000000000e+02 -4.489155144970939659e+01 -5.233426573640073798e+01 7.249999999999999778e-01
-4.976885540915255035e+01 3.343275207204678412e-01 -1.452499999999980140e+00 4.000000000000000000e+02 -4.482473210546081077e+01 -5.226994639215214988e+01 5.899999999999999689e-01
-4.969004839313738842e+01 3.668522817004809533e-01 -1.454999999999980087e+00 4.000000000000000000e+02 -4.481379238756927919e+01 -5.226150667426061602e+01 1.300000000000000044e+00
-4.961640394171444512e+01 3.464400887387156791e-01 -1.457499999999980034e+00 4.000000000000000000e+02 -4.474716665020407191e+01 -5.219738093689540648e+01 2.899999999999999800e-01
-4.954343232057759394e+01 3.472768796116924572e-01 -1.459999999999979980e+00 4.000000000000000000e+02 -4.417331329249738303e+01 -5.162602757918872243e+01 2.550000000000000044e-01
-4.942599920715793615e+01 3.560979796866629021e-01 -1.462499999999979927e+00 4.000000000000000000e+02 -4.407028542227084955e+01 -5.152549970896218667e+01 7.249999999999999778e-01
-4.931042517818629278e+01 4.101203423223475641e-01 -1.464999999999979874e+00 4.000000000000000000e+02 -4.404102560174094094e+01 -5.149873988843227579e+01 1.344999999999999973e+00
-4.920417009496285488e+01 3.525468856811072027e-01 -1.467499999999979821e+00 4.000000000000000000e+02 -4.393911720611404093e+01 -5.139933149280538061e+01 7.199999999999999734e-01
-4.909860306969830646e+01 3.969054544370561044e-01 -1.469999999999979767e+00 4.000000000000000000e+02 -4.391093920297537778e+01 -5.137365348966671519e+01 1.385000000000000009e+00
-4.900075817268819378e+01 3.731759260794533795e-01 -1.472499999999979714e+00 4.000000000000000000e+02 -4.381590962829019276e+01 -5.128112391498152789e+01 6.350000000000000089e-01
-4.890340752705498062e+01 3.667613537174924665e-01 -1.474999999999979661e+00 4.000000000000000000e+02 -4.379042024276715495e+01 -5.125813452945848780e+01 2.500000000000000000e-01
-4.881272675939848682e+01 3.605009768363819367e-01 -1.477499999999979607e+00 4.000000000000000000e+02 -4.378612542336819757e+01 -5.125633971005953526e+01 1.195000000000000062e+00
-4.872944636473015123e+01 3.452109537226364933e-01 -1.479999999999979554e+00 4.000000000000000000e+02 -4.367061602369101081e+01 -5.114333031038234623e+01 4.849999999999999867e-01
-4.864375765645856120e+01 3.139734523389635101e-01 -1.482499999999979501e+00 4.000000000000000000e+02 -4.362828951413158052e+01 -5.110350380082292077e+01 2.449999999999999956e-01
-4.856175688992869510e+01 3.165496681820048619e-01 -1.484999999999979448e+00 4.000000000000000000e+02 -4.361303763461975791e+01 -5.109075192131109588e+01 8.750000000000000000e-01
-4.848503743784214493e+01 2.626735710137099167e-01 -1.487499999999979394e+00 4.000000000000000000e+02 -4.355461313405960766e+01 -5.103482742075094336e+01 1.860000000000000098e+00
-4.840983899898490250e+01 2.525423235270647382e-01 -1.489999999999979341e+00 4.000000000000000000e+02 -4.304887511299179437e+01 -5.053158939968312779e+01 1.149999999999999911e+00
-4.829666951488503202e+01 2.503898228858807973e-01 -1.492499999999979288e+00 4.000000000000000000e+02 -4.301374401783129287e+01 -5.049895830452263112e+01 4.749999999999999778e-01
-4.819181426793366541e+01 2.887269814824974246e-01 -1.494999999999979234e+00 4.000000000000000000e+02 -4.297492635935640237e+01 -5.046264064604773836e+01 6.800000000000000488e-01
-4.809357489112350237e+01 3.325565212389934300e-01 -1.497499999999979181e+00 4.000000000000000000e+02 -4.295416228041629836e+01 -5.044437656710763207e+01 3.500000000000000333e-02
-4.800255322323111074e+01 3.231366532093647992e-01 -1.499999999999979128e+00 4.000000000000000000e+02 -4.293805739928587428e+01 -5.043077168597721283e+01 1.425000000000000044e+00
-4.791803395346403249e+01 2.999304721338480473e-01 -1.502499999999979075e+00 4.000000000000000000e+02 -4.263749203681795308e+01 -5.013270632350928935e+01 1.799999999999999933e-01
-4.781440458150963480e+01 3.266323493969435776e-01 -1.504999999999979021e+00 4.000000000000000000e+02 -4.262443272871978195e+01 -5.012214701541111594e+01 8.399999999999999689e-01
-4.771956215332568263e+01 3.317629805037118906e-01 -1.507499999999978968e+00 4.000000000000000000e+02 -4.260494540214467207e+01 -5.010515968883601090e+01 6.199999999999999956e-01
-4.763152016881214479e+01 3.515119014054434166e-01 -1.509999999999978915e+00 4.000000000000000000e+02 -4.245477503713101441e+01 -4.995748932382235097e+01 1.320000000000000062e+00
-4.753831336077689684e+01 2.937728372553649603e-01 -1.512499999999978861e+00 4.000000000000000000e+02 -4.242978244533166787e+01 -4.993499673202300215e+01 1.250000000000000000e+00
-4.745120093587597410e+01 3.190234248800771222e-01 -1.514999999999978808e+00 4.000000000000000000e+02 -4.235160731508518950e+01 -4.985932160177652861e+01 1.179999999999999938e+00
-4.736503769274251852e+01 3.505041228377749896e-01 -1.517499999999978755e+00 4.000000000000000000e+02 -4.233884117536886293e+01 -4.984905546206019977e+01 1.650000000000000078e-01
-4.728492658158996420e+01 3.416453940396008693e-01 -1.519999999999978701e+00 4.000000000000000000e+02 -4.214890081772117014e+01 -4.966161510441250471e+01 8.149999999999999467e-01
-4.719613069685682660e+01 3.306055775336939062e-01 -1.522499999999978648e+00 4.000000000000000000e+02 -4.212708990481452531e+01 -4.964230419150585760e+01 6.500000000000000222e-02
-4.711305466641919537e+01 3.025324242113656137e-01 -1.524999999999978595e+00 4.000000000000000000e+02 -4.194793769514210879e+01 -4.946565198183344592e+01 5.150000000000000133e-01
-4.702218909488291132e+01 3.083971585864581089e-01 -1.527499999999978542e+00 4.000000000000000000e+02 -4.181521992341694727e+01 -4.933543421010828212e+01 1.510000000000000009e+00
-4.692784332593247854e+01 2.632044432829958591e-01 -1.529999999999978488e+00 4.000000000000000000e+02 -4.174011458132288510e+01 -4.926282886801422478e+01 1.500000000000000000e+00
-4.683543564319617758e+01 2.398530927780716526e-01 -1.532499999999978435e+00 4.000000000000000000e+02 -4.152885078863177171e+01 -4.905406507532310911e+01 1.150000000000000050e-01
-4.673219511278790606e+01 2.544560181865472837e-01 -1.534999999999978382e+00 4.000000000000000000e+02 -4.140122109881518497e+01 -4.892893538550652011e+01 1.459999999999999964e+00
-4.662678615611216060e+01 2.775073724287565047e-01 -1.537499999999978328e+00 4.000000000000000000e+02 -4.135213639708899080e+01 -4.888235068378032366e+01 3.850000000000000089e-01
-4.652710883848987322e+01 2.251250437571880036e-01 -1.539999999999978275e+00 4.000000000000000000e+02 -4.132037331587465445e+01 -4.885308760256599214e+01 7.099999999999999645e-01
-4.643390288560895840e+01 2.702955205674222872e-01 -1.542499999999978222e+00 4.000000000000000000e+02 -4.130516077161846766e+01 -4.884037505830980308e+01 4.550000000000000155e-01
-4.634760344725657433e+01 2.327401792748812759e-01 -1.544999999999978169e+00 4.000000000000000000e+02 -4.127206855581020761e+01 -4.880978284250154076e+01 8.000000000000000167e-02
-4.626579403295141191e+01 2.451423065108535859e-01 -1.547499999999978115e+00 4.000000000000000000e+02 -4.112247398222315553e+01 -4.866268826891449351e+01 1.659999999999999920e+00
-4.617869919794117806e+01 2.614752521642910721e-01 -1.549999999999978062e+00 4.000000000000000000e+02 -4.111830699055592220e+01 -4.866102127724725790e+01 4.199999999999999845e-01
-4.609845743982076272e+01 2.727143511396006859e-01 -1.552499999999978009e+00 4.000000000000000000e+02 -4.109610061654102964e+01 -4.864131490323236306e+01 1.165000000000000036e+00
-4.602275518728563952e+01 2.772547713544750714e-01 -1.554999999999977955e+00 4.000000000000000000e+02 -4.100142084763604799e+01 -4.854913513432738625e+01 2.650000000000000133e-01
-4.594584237625196721e+01 2.294706653641134242e-01 -1.557499999999977902e+00 4.000000000000000000e+02 -4.070101983773202647e+01 -4.825123412442336246e+01 7.850000000000000311e-01
-4.585078702165854736e+01 2.035734134793867334e-01 -1.559999999999977849e+00 4.000000000000000000e+02 -4.062625704455287945e+01 -4.817897133124421316e+01 3.200000000000000067e-01
-4.575777715234001164e+01 2.202931330706457969e-01 -1.562499999999977796e+00 4.000000000000000000e+02 -4.061856039597315515e+01 -4.817377468266448659e+01 6.750000000000000444e-01
-4.567226184355789798e+01 2.185805392424683136e-01 -1.564999999999977742e+00 4.000000000000000000e+02 -4.061404509314917277e+01 -4.817175937984050904e+01 1.169999999999999929e+00
-4.559333398443142471e+01 2.012028528534803573e-01 -1.567499999999977689e+00 4.000000000000000000e+02 -4.055627855122985181e+01 -4.811649283792118581e+01 9.399999999999999467e-01
-4.551618236178590848e+01 2.591077579970701983e-01 -1.569999999999977636e+00 4.000000000000000000e+02 -4.053147846062959303e+01 -4.809419274732093186e+01 9.200000000000000400e-01
-4.544300168393559858e+01 2.250060257863027713e-01 -1.572499999999977582e+00 4.000000000000000000e+02 -4.051088274253724109e+01 -4.807609702922857764e+01 3.500000000000000333e-02
-4.537361023906800028e+01 2.317359221615883369e-01 -1.574999999999977529e+00 4.000000000000000000e+02 -4.042161373453524220e+01 -4.798932802122657648e+01 1.419999999999999929e+00
-4.530304433570518086e+01 2.378512802656028990e-01 -1.577499999999977476e+00 4.000000000000000000e+02 -4.036770949750416548e+01 -4.793792378419549749e+01 1.475000000000000089e+00
-4.523377239511916770e+01 1.906779041910315331e-01 -1.579999999999977423e+00 4.000000000000000000e+02 -4.023425181705921005e+01 -4.780696610375054689e+01 1.889999999999999902e+00
-4.516025105640894566e+01 1.776076859231850713e-01 -1.582499999999977369e+00 4.000000000000000000e+02 -4.017150772874419573e+01 -4.774672201543553030e+01 1.584999999999999964e+00
-4.508766507506663856e+01 1.802369281833914871e-01 -1.584999999999977316e+00 4.000000000000000000e+02 -4.006711376948451431e+01 -4.764482805617584660e+01 5.250000000000000222e-01
-4.501299891808331921e+01 1.693795218899721844e-01 -1.587499999999977263e+00 4.000000000000000000e+02 -4.003417065785482265e+01 -4.761438494454615977e+01 9.699999999999999734e-01
-4.494144999200207025e+01 2.006406533898122402e-01 -1.589999999999977209e+00 4.000000000000000000e+02 -3.982696230494768486e+01 -4.740967659163901970e+01 3.850000000000000089e-01
-4.486011427916711369e+01 2.321796101774131205e-01 -1.592499999999977156e+00 4.000000000000000000e+02 -3.978185192909997880e+01 -4.736706621579131138e+01 1.614999999999999991e+00
-4.478175021542450196e+01 2.257660776672548164e-01 -1.594999999999977103e+00 4.000000000000000000e+02 -3.976683814192048061e+01 -4.735455242861181091e+01 8.449999999999999734e-01
-4.470820112102863675e+01 2.509192696394715871e-01 -1.597499999999977049e+00 4.000000000000000000e+02 -3.973963311668617138e+01 -4.732984740337750651e+01 7.950000000000000400e-01
-4.463803803430604944e+01 2.720022933684639876e-01 -1.599999999999976996e+00 4.000000000000000000e+02 -3.970930490173300598e+01 -4.730201918842433884e+01 5.200000000000000178e-01
-4.457068756351601024e+01 2.687967199835429311e-01 -1.602499999999976943e+00 4.000000000000000000e+02 -3.967796716739668739e+01 -4.727318145408801797e+01 4.249999999999999889e-01
-4.450580086703270410e+01 2.668329129413909429e-01 -1.604999999999976890e+00 4.000000000000000000e+02 -3.963238666284396317e+01 -4.723010094953529858e+01 1.909999999999999920e+00
-4.444227026394487723e+01 2.785754875350057169e-01 -1.607499999999976836e+00 4.000000000000000000e+02 -3.962169298716367649e+01 -4.722190727385500963e+01 1.425000000000000044e+00
-4.438205887495301738e+01 2.740650747527249576e-01 -1.609999999999976783e+00 4.000000000000000000e+02 -3.960649126290187638e+01 -4.720920554959320725e+01 1.750000000000000000e+00
-4.432456245663608030e+01 3.302801020769424722e-01 -1.612499999999976730e+00 4.000000000000000000e+02 -3.958245236586970606e+01 -4.718766665256104176e+01 4.499999999999999833e-02
-4.426904141246308200e+01 3.347210893463424264e-01 -1.614999999999976676e+00 4.000000000000000000e+02 -3.948736089996976517e+01 -4.709507518666109860e+01 1.695000000000000062e+00
-4.421148277845742314e+01 3.418628762022657419e-01 -1.617499999999976623e+00 4.000000000000000000e+02 -3.938505216606201031e+01 -4.699526645275334147e+01 4.650000000000000244e-01
-4.415151322537317213e+01 3.419678439402044079e-01 -1.619999999999976570e+00 4.000000000000000000e+02 -3.938257438605768357e+01 -4.699528867274901955e+01 1.344999999999999973e+00
-4.409493867751480423e+01 3.181589324816719300e-01 -1.622499999999976517e+00 4.000000000000000000e+02 -3.932964937227926328e+01 -4.694486365897059699e+01 1.185000000000000053e+00
-4.403870139737804834e+01 2.984527645561515508e-01 -1.624999999999976463e+00 4.000000000000000000e+02 -3.928145753771874382e+01 -4.689917182441007526e+01 1.659999999999999920e+00
-4.398303793157837305e+01 2.936695866414856249e-01 -1.627499999999976410e+00 4.000000000000000000e+02 -3.922866230844392987e+01 -4.684887659513526614e+01 1.770000000000000018e+00
-4.392766437935987511e+01 3.009608048125419488e-01 -1.629999999999976357e+00 4.000000000000000000e+02 -3.921235310901170124e+01 -4.683506739570303523e+01 1.780000000000000027e+00
-4.387448634521666690e+01 3.026828932968441688e-01 -1.632499999999976303e+00 4.000000000000000000e+02 -3.917207238947256087e+01 -4.679728667616389259e+01 1.830000000000000071e+00
-4.382209992542892962e+01 3.231562158265406937e-01 -1.634999999999976250e+00 4.000000000000000000e+02 -3.915937608857682051e+01 -4.678709037526814996e+01 8.249999999999999556e-01
-4.377182423504943642e+01 3.141679388747501411e-01 -1.637499999999976197e+00 4.000000000000000000e+02 -3.896961920196059737e+01 -4.659983348865193165e+01 3.750000000000000000e-01
-4.371437599347732572e+01 2.911532875034776868e-01 -1.639999999999976144e+00 4.000000000000000000e+02 -3.876013044799071139e+01 -4.639284473468204339e+01 1.695000000000000062e+00
-4.364796277208576925e+01 2.696110732067014681e-01 -1.642499999999976090e+00 4.000000000000000000e+02 -3.851799226347584693e+01 -4.615320655016718376e+01 1.804999999999999938e+00
-4.356946985885447532e+01 2.531243345517952825e-01 -1.644999999999976037e+00 4.000000000000000000e+02 -3.833268270602339811e+01 -4.597039699271473268e+01 1.135000000000000009e+00
-4.348271078615860574e+01 2.638262347261935981e-01 -1.647499999999975984e+00 4.000000000000000000e+02 -3.816166948316373464e+01 -4.580188376985506693e+01 1.905000000000000027e+00
-4.338889727755485382e+01 2.562384950042030929e-01 -1.649999999999975930e+00 4.000000000000000000e+02 -3.812398549489670785e+01 -4.576669978158804497e+01 1.709999999999999964e+00
-4.330019599698732691e+01 2.325740253614146935e-01 -1.652499999999975877e+00 4.000000000000000000e+02 -3.812024049436148232e+01 -4.576545478105281717e+01 2.300000000000000100e-01
-4.321862813330884023e+01 2.279614736357875038e-01 -1.654999999999975824e+00 4.000000000000000000e+02 -3.803228505984278485e+01 -4.567999934653411742e+01 2.500000000000000000e-01
-4.313675521068758201e+01 2.148196886745248890e-01 -1.657499999999975770e+00 4.000000000000000000e+02 -3.796655911481104795e+01 -4.561677340150237825e+01 1.060000000000000053e+00
-4.305633561812234689e+01 2.173077097039849970e-01 -1.659999999999975717e+00 4.000000000000000000e+02 -3.795972307244083055e+01 -4.561243735913216568e+01 5.749999999999999556e-01
-4.298159307076133473e+01 2.127592354061565993e-01 -1.662499999999975664e+00 4.000000000000000000e+02 -3.786558109800764527e+01 -4.552079538469897813e+01 3.150000000000000022e-01
-4.290562387734661343e+01 2.258872424584304484e-01 -1.664999999999975611e+00 4.000000000000000000e+02 -3.783133815145055223e+01 -4.548905243814188282e+01 1.195000000000000062e+00
-4.283282458326225139e+01 2.398703856400760115e-01 -1.667499999999975557e+00 4.000000000000000000e+02 -3.779273905101271680e+01 -4.545295333770405222e+01 8.299999999999999600e-01
-4.276255859877137766e+01 2.709746667209966819e-01 -1.669999999999975504e+00 4.000000000000000000e+02 -3.777781860299792527e+01 -4.544053288968925841e+01 1.770000000000000018e+00
-4.269611359868798672e+01 2.390518658065821367e-01 -1.672499999999975451e+00 4.000000000000000000e+02 -3.771139303307787571e+01 -4.537660731976920658e+01 1.810000000000000053e+00
-4.262983037096635996e+01 2.588715188818019874e-01 -1.674999999999975397e+00 4.000000000000000000e+02 -3.769213977143290606e+01 -4.535985405812424176e+01 1.435000000000000053e+00
-4.256665113746664986e+01 2.168585544944219290e-01 -1.677499999999975344e+00 4.000000000000000000e+02 -3.765720784100726348e+01 -4.532742212769859691e+01 1.245000000000000107e+00
-4.250532747548911772e+01 2.026003848835311316e-01 -1.679999999999975291e+00 4.000000000000000000e+02 -3.763334449687334882e+01 -4.530605878356467997e+01 8.000000000000000167e-02
-4.244633655638692460e+01 1.919706356322734564e-01 -1.682499999999975238e+00 4.000000000000000000e+02 -3.740547617675163394e+01 -4.508069046344296282e+01 1.139999999999999902e+00
-4.237702943421435009e+01 1.687732976706775023e-01 -1.684999999999975184e+00 4.000000000000000000e+02 -3.740508229222307079e+01 -4.508279657891440451e+01 3.950000000000000178e-01
-4.231234806924445024e+01 1.612465460233434289e-01 -1.687499999999975131e+00 4.000000000000000000e+02 -3.735617034010338955e+01 -4.503638462679472099e+01 2.049999999999999878e-01
-4.224880124297753525e+01 1.816675700048767383e-01 -1.689999999999975078e+00 4.000000000000000000e+02 -3.735291852799629453e+01 -4.503563281468763080e+01 3.699999999999999956e-01
-4.218900884382868099e+01 2.192939575786930773e-01 -1.692499999999975024e+00 4.000000000000000000e+02 -3.703044647221476993e+01 -4.471566075890610392e+01 1.915000000000000036e+00
-4.211211616389474699e+01 2.130380255404301371e-01 -1.694999999999974971e+00 4.000000000000000000e+02 -3.695477611199035550e+01 -4.464249039868168722e+01 1.034999999999999920e+00
-4.203549850144067790e+01 2.312938942652702223e-01 -1.697499999999974918e+00 4.000000000000000000e+02 -3.689582671947508885e+01 -4.458604100616641830e+01 9.499999999999999556e-01
-4.196035455669094461e+01 2.460924786703248268e-01 -1.699999999999974865e+00 4.000000000000000000e+02 -3.688332497470550209e+01 -4.457603926139683637e+01 1.935000000000000053e+00
-4.188978639960495798e+01 2.439359991102231506e-01 -1.702499999999974811e+00 4.000000000000000000e+02 -3.676629506092093891e+01 -4.446150934761227091e+01 1.199999999999999956e-01
-4.181616073670728184e+01 2.500688231039837062e-01 -1.704999999999974758e+00 4.000000000000000000e+02 -3.676209525553493762e+01 -4.445980954222626735e+01 5.350000000000000311e-01
-4.174747330860957106e+01 2.440378722932587952e-01 -1.707499999999974705e+00 4.000000000000000000e+02 -3.664123006981969155e+01 -4.434144435651102611e+01 3.449999999999999734e-01
-4.167541061273353620e+01 2.461220934837765051e-01 -1.709999999999974651e+00 4.000000000000000000e+02 -3.647379928788078729e+01 -4.417651357457211958e+01 9.350000000000000533e-01
-4.159660450449053570e+01 2.261698881309927300e-01 -1.712499999999974598e+00 4.000000000000000000e+02 -3.640062157942011112e+01 -4.410583586611144113e+01 8.399999999999999689e-01
-4.151841206522382777e+01 2.528287546205571501e-01 -1.714999999999974545e+00 4.000000000000000000e+02 -3.638065128547652449e+01 -4.408836557216785934e+01 1.700000000000000122e-01
-4.144466070304685701e+01 2.326754772950285211e-01 -1.717499999999974492e+00 4.000000000000000000e+02 -3.615020370454277554e+01 -4.386041799123410811e+01 9.699999999999999734e-01
-4.135912570162876278e+01 2.708337115223050096e-01 -1.719999999999974438e+00 4.000000000000000000e+02 -3.610020357502498456e+01 -4.381291786171631486e+01 1.395000000000000018e+00
-4.127665489762126327e+01 2.549458815092100483e-01 -1.722499999999974385e+00 4.000000000000000000e+02 -3.608952528290021888e+01 -4.380473956959154691e+01 8.199999999999999512e-01
-4.119986818682106389e+01 2.740824990615919887e-01 -1.724999999999974332e+00 4.000000000000000000e+02 -3.590304369787010330e+01 -4.362075798456143616e+01 1.665000000000000036e+00
-4.111475295351312553e+01 2.786641194678708966e-01 -1.727499999999974278e+00 4.000000000000000000e+02 -3.575993503326481715e+01 -4.348014931995614774e+01 6.999999999999999556e-01
-4.102499262806581015e+01 1.586735691087763078e-01 -1.729999999999974225e+00 4.000000000000000000e+02 -3.545450694807639280e+01 -4.317722123476772822e+01 2.149999999999999967e-01
-4.091504030639504208e+01 1.674400317446697872e-01 -1.732499999999974172e+00 4.000000000000000000e+02 -3.527617857010297797e+01 -4.300139285679431111e+01 1.020000000000000018e+00
-4.079802280619924915e+01 1.688957376326668258e-01 -1.734999999999974118e+00 4.000000000000000000e+02 -3.525469684087054389e+01 -4.298241112756187476e+01 7.550000000000000044e-01
-4.069137122489093628e+01 2.337795034488492074e-01 -1.737499999999974065e+00 4.000000000000000000e+02 -3.517194710891405407e+01 -4.290216139560538267e+01 9.599999999999999645e-01
-4.058735901732988083e+01 2.147653325593799345e-01 -1.739999999999974012e+00 4.000000000000000000e+02 -3.513567089235186103e+01 -4.286838517904319446e+01 1.344999999999999973e+00
-4.049006961528478854e+01 1.957335886855297857e-01 -1.742499999999973959e+00 4.000000000000000000e+02 -3.479355168013113797e+01 -4.252876596682246912e+01 1.500000000000000000e+00
-4.036767648190212299e+01 2.641935296835894453e-01 -1.744999999999973905e+00 4.000000000000000000e+02 -3.471799644693407316e+01 -4.245571073362540204e+01 5.200000000000000178e-01
-4.025084455376332215e+01 2.556485343111513098e-01 -1.747499999999973852e+00 4.000000000000000000e+02 -3.466756409971081609e+01 -4.240777838640214981e+01 2.500000000000000000e-01
-4.014138112374165956e+01 2.571776560823654800e-01 -1.749999999999973799e+00 4.000000000000000000e+02 -3.451506558314613926e+01 -4.225777986983747070e+01 1.639999999999999902e+00
-4.002763763861499768e+01 3.245201961791376877e-01 -1.752499999999973745e+00 4.000000000000000000e+02 -3.441526137527759488e+01 -4.216047566196892404e+01 1.900000000000000022e-01
-3.991564868162469537e+01 3.008903971099903818e-01 -1.754999999999973692e+00 4.000000000000000000e+02 -3.436087196259321530e+01 -4.210858624928454219e+01 1.000000000000000056e-01
-3.980985863702284888e+01 3.213372494220300690e-01 -1.757499999999973639e+00 4.000000000000000000e+02 -3.427417743274431672e+01 -4.202439171943564844e+01 6.999999999999999556e-01
-3.970621555264641245e+01 3.183821425791351079e-01 -1.759999999999973586e+00 4.000000000000000000e+02 -3.414356910287859392e+01 -4.189628338956992337e+01 1.905000000000000027e+00
-3.960013705369206605e+01 3.939271387435686056e-01 -1.762499999999973532e+00 4.000000000000000000e+02 -3.411717200297835717e+01 -4.187238628966969145e+01 5.899999999999999689e-01
-3.950203072517016523e+01 3.787775727758863620e-01 -1.764999999999973479e+00 4.000000000000000000e+02 -3.406504931161532568e+01 -4.182276359830665768e+01 1.774999999999999911e+00
-3.940835680155905862e+01 3.834599710854227905e-01 -1.767499999999973426e+00 4.000000000000000000e+02 -3.402567476429705806e+01 -4.178588905098838779e+01 1.645000000000000018e+00
-3.931963257864568817e+01 3.658748233432727592e-01 -1.769999999999973372e+00 4.000000000000000000e+02 -3.401789107288355751e+01 -4.178060535957489208e+01 1.334999999999999964e+00
-3.923772832912891317e+01 3.657608576970143299e-01 -1.772499999999973319e+00 4.000000000000000000e+02 -3.397769598546229020e+01 -4.174291027215362249e+01 6.899999999999999467e-01
-3.915923074774991619e+01 2.785171397322419584e-01 -1.774999999999973266e+00 4.000000000000000000e+02 -3.391764770975307641e+01 -4.168536199644440643e+01 1.919999999999999929e+00
-3.908229952360289872e+01 2.993996359450776801e-01 -1.777499999999973213e+00 4.000000000000000000e+02 -3.391519891216439220e+01 -4.168541319885571994e+01 1.354999999999999982e+00
-3.901086979452653480e+01 2.198658082178674700e-01 -1.779999999999973159e+00 4.000000000000000000e+02 -3.378536669924692148e+01 -4.155808098593825406e+01 1.350000000000000089e+00
-3.893548432289045280e+01 1.907861090717643260e-01 -1.782499999999973106e+00 4.000000000000000000e+02 -3.366644972639883093e+01 -4.144166401309016123e+01 1.955000000000000071e+00
-3.885706203240570744e+01 2.247901458913356132e-01 -1.784999999999973053e+00 4.000000000000000000e+02 -3.353300922856753630e+01 -4.131072351525886432e+01 1.840000000000000080e+00
-3.877458088314666895e+01 2.509261821410893045e-01 -1.787499999999972999e+00 4.000000000000000000e+02 -3.349938445844257018e+01 -4.127959874513390304e+01 1.199999999999999956e-01
-3.869607091341463700e+01 2.551807113918078129e-01 -1.789999999999972946e+00 4.000000000000000000e+02 -3.349829024377399378e+01 -4.128100453046532436e+01 1.049999999999999961e-01
-3.862337721929807799e+01 2.784552974992408059e-01 -1.792499999999972893e+00 4.000000000000000000e+02 -3.349806640625769916e+01 -4.128328069294902747e+01 2.750000000000000222e-01
-3.855576065216107651e+01 2.878034235849478151e-01 -1.794999999999972840e+00 4.000000000000000000e+02 -3.343464386772843966e+01 -4.122235815441976570e+01 1.814999999999999947e+00
-3.848858038241851176e+01 2.967660857956248566e-01 -1.797499999999972786e+00 4.000000000000000000e+02 -3.337521853393401727e+01 -4.116543282062534814e+01 2.700000000000000178e-01
-3.842206322547131947e+01 3.105353081384184533e-01 -1.799999999999972733e+00 4.000000000000000000e+02 -3.336346880752410016e+01 -4.115618309421542875e+01 1.110000000000000098e+00
-3.835913429826374710e+01 2.865957432933469717e-01 -1.802499999999972680e+00 4.000000000000000000e+02 -3.334495186743622241e+01 -4.114016615412755584e+01 1.705000000000000071e+00
-3.829900436292999899e+01 3.131141864251129614e-01 -1.804999999999972626e+00 4.000000000000000000e+02 -3.334113886680553662e+01 -4.113885315349686778e+01 1.820000000000000062e+00
-3.824221343218963653e+01 3.159864231801783330e-01 -1.807499999999972573e+00 4.000000000000000000e+02 -3.332247880135414420e+01 -4.112269308804547308e+01 1.004999999999999893e+00
-3.818762312719302088e+01 3.429298761098993897e-01 -1.809999999999972520e+00 4.000000000000000000e+02 -3.332111494052090706e+01 -4.112382922721224077e+01 1.354999999999999982e+00
-3.813591657508355581e+01 3.531007320269091698e-01 -1.812499999999972466e+00 4.000000000000000000e+02 -3.319925858717273570e+01 -4.100447287386406714e+01 7.650000000000000133e-01
-3.808068922932832834e+01 3.518499821868966149e-01 -1.814999999999972413e+00 4.000000000000000000e+02 -3.319764212441370432e+01 -4.100535641110503349e+01 7.600000000000000089e-01
-3.802839800533919146e+01 3.431760805964472749e-01 -1.817499999999972360e+00 4.000000000000000000e+02 -3.319656321711142510e+01 -4.100677750380275199e+01 3.950000000000000178e-01
-3.797877465459669821e+01 3.137084283293343767e-01 -1.819999999999972307e+00 4.000000000000000000e+02 -3.317870906778275497e+01 -4.099142335447408669e+01 8.499999999999999778e-01
-3.793078357851785398e+01 3.196555449349292033e-01 -1.822499999999972253e+00 4.000000000000000000e+02 -3.314224376454392029e+01 -4.095745805123524974e+01 1.719999999999999973e+00
-3.788344534354506266e+01 2.885661442429459100e-01 -1.824999999999972200e+00 4.000000000000000000e+02 -3.308687198182737887e+01 -4.090458626851870605e+01 1.104999999999999982e+00
-3.783585058732091966e+01 2.960203674174378130e-01 -1.827499999999972147e+00 4.000000000000000000e+02 -3.306432571399181342e+01 -4.088454000068314542e+01 7.149999999999999689e-01
-3.778951960345332850e+01 3.116503562762704682e-01 -1.829999999999972093e+00 4.000000000000000000e+02 -3.283154459848312001e+01 -4.065425888517444974e+01 1.165000000000000036e+00
-3.773408679854171766e+01 3.496501326414013788e-01 -1.832499999999972040e+00 4.000000000000000000e+02 -3.271441202194653641e+01 -4.053962630863786387e+01 6.500000000000000222e-01
-3.767537069234744962e+01 3.168995114304888339e-01 -1.834999999999971987e+00 4.000000000000000000e+02 -3.271259641582742006e+01 -4.054031070251875235e+01 1.600000000000000033e-01
-3.761994871057073198e+01 3.620162061942501230e-01 -1.837499999999971934e+00 4.000000000000000000e+02 -3.271249789929038343e+01 -4.054271218598171345e+01 1.344999999999999973e+00
-3.756756040972086197e+01 3.524061491804715840e-01 -1.839999999999971880e+00 4.000000000000000000e+02 -3.262610342507544914e+01 -4.045881771176677688e+01 1.600000000000000033e-01
-3.751353977649217342e+01 3.705697657485941821e-01 -1.842499999999971827e+00 4.000000000000000000e+02 -3.251764120937611580e+01 -4.035285549606744837e+01 1.354999999999999982e+00
-3.745671940833001656e+01 3.743407444464061928e-01 -1.844999999999971774e+00 4.000000000000000000e+02 -3.251137626120119251e+01 -4.034909054789252281e+01 1.554999999999999938e+00
-3.740275731807182780e+01 3.211515042963718480e-01 -1.847499999999971720e+00 4.000000000000000000e+02 -3.246576226762459072e+01 -4.030597655431591875e+01 1.135000000000000009e+00
-3.734936218058847857e+01 3.153547102628989074e-01 -1.849999999999971667e+00 4.000000000000000000e+02 -3.245874631290914181e+01 -4.030146059960047467e+01 1.150000000000000050e-01
-3.729845046804830844e+01 2.725216854659653909e-01 -1.852499999999971614e+00 4.000000000000000000e+02 -3.242635467026943985e+01 -4.027156895696077044e+01 1.435000000000000053e+00
-3.724857178155335191e+01 2.464972508433926623e-01 -1.854999999999971561e+00 4.000000000000000000e+02 -3.236355850620151386e+01 -4.021127279289284218e+01 5.150000000000000133e-01
-3.719818371134341817e+01 2.458476611145986312e-01 -1.857499999999971507e+00 4.000000000000000000e+02 -3.215640337839877816e+01 -4.000661766509010420e+01 6.650000000000000355e-01
-3.713963243737136111e+01 2.222188421887519305e-01 -1.859999999999971454e+00 4.000000000000000000e+02 -3.209479628034934251e+01 -3.994751056704067338e+01 2.999999999999999889e-02
-3.708104954533145303e+01 1.960925779183337880e-01 -1.862499999999971401e+00 4.000000000000000000e+02 -3.202156702957714884e+01 -3.987678131626847744e+01 1.000000000000000021e-02
-3.702177155348214654e+01 2.008178195504735919e-01 -1.864999999999971347e+00 4.000000000000000000e+02 -3.188401385856947101e+01 -3.974172814526080089e+01 2.550000000000000044e-01
-3.695797304296516472e+01 2.207728254858604966e-01 -1.867499999999971294e+00 4.000000000000000000e+02 -3.187171858566950178e+01 -3.973193287236082938e+01 1.810000000000000053e+00
-3.689742902249210488e+01 2.161002249989316948e-01 -1.869999999999971241e+00 4.000000000000000000e+02 -3.177046217618712376e+01 -3.963317646287845264e+01 1.814999999999999947e+00
-3.683459928472044709e+01 2.077266544647148883e-01 -1.872499999999971187e+00 4.000000000000000000e+02 -3.171234668491658582e+01 -3.957756097160791597e+01 2.999999999999999889e-02
-3.677220738531224242e+01 1.877285857944645808e-01 -1.874999999999971134e+00 4.000000000000000000e+02 -3.167058983490956692e+01 -3.953830412160089480e+01 4.749999999999999778e-01
-3.671119971307088292e+01 1.768666442465873789e-01 -1.877499999999971081e+00 4.000000000000000000e+02 -3.166206720346818315e+01 -3.953228149015951232e+01 1.725000000000000089e+00
-3.665336344830668480e+01 1.753509784963714346e-01 -1.879999999999971028e+00 4.000000000000000000e+02 -3.165970923356756117e+01 -3.953242352025888806e+01 1.479999999999999982e+00
-3.659869767436391896e+01 1.827169546025491920e-01 -1.882499999999970974e+00 4.000000000000000000e+02 -3.158732982068782746e+01 -3.946254410737915919e+01 5.799999999999999600e-01
-3.654321670277538914e+01 2.041871441656326058e-01 -1.884999999999970921e+00 4.000000000000000000e+02 -3.153831415651153947e+01 -3.941602844320286891e+01 1.965000000000000080e+00
-3.648821754215856572e+01 2.173352767620044257e-01 -1.887499999999970868e+00 4.000000000000000000e+02 -3.152833131976229453e+01 -3.940854560645362170e+01 1.979999999999999982e+00
-3.643570479494493242e+01 2.287837513713009696e-01 -1.889999999999970814e+00 4.000000000000000000e+02 -3.151225657787727741e+01 -3.939497086456860586e+01 8.349999999999999645e-01
-3.638514765697477316e+01 2.162576945511102133e-01 -1.892499999999970761e+00 4.000000000000000000e+02 -3.145404769740660100e+01 -3.933926198409793074e+01 1.409999999999999920e+00
-3.633433591313250588e+01 2.473182377898346385e-01 -1.894999999999970708e+00 4.000000000000000000e+02 -3.136901611959705249e+01 -3.925673040628838351e+01 1.764999999999999902e+00
-3.628192877624640289e+01 2.821011180225902470e-01 -1.897499999999970655e+00 4.000000000000000000e+02 -3.132323317975189170e+01 -3.921344746644322043e+01 5.550000000000000488e-01
-3.622998548732410029e+01 2.981935699411841223e-01 -1.899999999999970601e+00 4.000000000000000000e+02 -3.126720775370952410e+01 -3.915992204040085056e+01 5.699999999999999512e-01
-3.617796205472840398e+01 2.969733019739119184e-01 -1.902499999999970548e+00 4.000000000000000000e+02 -3.122457380815491490e+01 -3.911978809484624264e+01 8.500000000000000611e-02
-3.612653795110929877e+01 3.049240654393314820e-01 -1.904999999999970495e+00 4.000000000000000000e+02 -3.103247370321783905e+01 -3.893018798990916451e+01 3.699999999999999956e-01
-3.606771400070596911e+01 3.071921091898572875e-01 -1.907499999999970441e+00 4.000000000000000000e+02 -3.093657651165637645e+01 -3.883679079834770675e+01 1.310000000000000053e+00
-3.600688245332182902e+01 2.991786739670097561e-01 -1.909999999999970388e+00 4.000000000000000000e+02 -3.089722640354544936e+01 -3.879994069023678094e+01 4.550000000000000155e-01
-3.594745039151851529e+01 2.813383484359384679e-01 -1.912499999999970335e+00 4.000000000000000000e+02 -3.080637733635122189e+01 -3.871159162304255119e+01 1.239999999999999991e+00
-3.588632687820167888e+01 3.118841868805696249e-01 -1.914999999999970282e+00 4.000000000000000000e+02 -3.079436302461413533e+01 -3.870207731130545881e+01 1.715000000000000080e+00
-3.582819026079042857e+01 3.142836981890014814e-01 -1.917499999999970228e+00 4.000000000000000000e+02 -3.075521247649133016e+01 -3.866542676318265848e+01 1.675000000000000044e+00
-3.577125493162515824e+01 3.125631769813935201e-01 -1.919999999999970175e+00 4.000000000000000000e+02 -3.071545625706086113e+01 -3.862817054375219072e+01 1.979999999999999982e+00
-3.571539867497617138e+01 3.299187054902059102e-01 -1.922499999999970122e+00 4.000000000000000000e+02 -3.069530417420828883e+01 -3.861051846089961259e+01 1.564999999999999947e+00
-3.566158078867994874e+01 2.756742465546794807e-01 -1.924999999999970068e+00 4.000000000000000000e+02 -3.065933320468057843e+01 -3.857704749137190703e+01 1.504999999999999893e+00
-3.560881877061567025e+01 2.726804369534857053e-01 -1.927499999999970015e+00 4.000000000000000000e+02 -3.058020109793700669e+01 -3.850041538462833302e+01 1.024999999999999911e+00
-3.555481597806753058e+01 2.914365914000300317e-01 -1.929999999999969962e+00 4.000000000000000000e+02 -3.055700064085782586e+01 -3.847971492754915346e+01 2.700000000000000178e-01
-3.550253656077894959e+01 3.072769311884603338e-01 -1.932499999999969909e+00 4.000000000000000000e+02 -3.049009550958967196e+01 -3.841530979628100084e+01 1.169999999999999929e+00
-3.544963593696465409e+01 3.266072910271305973e-01 -1.934999999999969855e+00 4.000000000000000000e+02 -3.042846931372483255e+01 -3.835618360041615915e+01 5.200000000000000178e-01
-3.539641358713895158e+01 3.613020273152464101e-01 -1.937499999999969802e+00 4.000000000000000000e+02 -3.036085811437075321e+01 -3.829107240106208110e+01 1.100000000000000006e-01
-3.534257154278331114e+01 3.481945478034263464e-01 -1.939999999999969749e+00 4.000000000000000000e+02 -3.016280888446021180e+01 -3.809552317115154096e+01 1.300000000000000044e-01
-3.528078106144052839e+01 3.505127869896182968e-01 -1.942499999999969695e+00 4.000000000000000000e+02 -3.013705151777973157e+01 -3.807226580447105846e+01 1.655000000000000027e+00
-3.522125814099181440e+01 2.520989369839682359e-01 -1.944999999999969642e+00 4.000000000000000000e+02 -3.005681529853750433e+01 -3.799452958522883250e+01 4.949999999999999956e-01
-3.516067366639277481e+01 2.504172466933856644e-01 -1.947499999999969589e+00 4.000000000000000000e+02 -2.986035649577025808e+01 -3.780057078246158397e+01 1.225000000000000089e+00
-3.509173675873387310e+01 2.583857710575439004e-01 -1.949999999999969535e+00 4.000000000000000000e+02 -2.980112173957299504e+01 -3.774383602626431866e+01 5.849999999999999645e-01
-3.502360807790962127e+01 2.920342681274424312e-01 -1.952499999999969482e+00 4.000000000000000000e+02 -2.978241346258892008e+01 -3.772762774928024498e+01 1.554999999999999938e+00
-3.495881717217120155e+01 2.897816614229991039e-01 -1.954999999999969429e+00 4.000000000000000000e+02 -2.973227907883618570e+01 -3.767999336552750833e+01 7.900000000000000355e-01
-3.489509399721930549e+01 2.754197031985436972e-01 -1.957499999999969376e+00 4.000000000000000000e+02 -2.972710737344420195e+01 -3.767732166013552586e+01 1.854999999999999982e+00
-3.483503380731085741e+01 2.739540607506261716e-01 -1.959999999999969322e+00 4.000000000000000000e+02 -2.962378773367062834e+01 -3.757650202036195708e+01 1.889999999999999902e+00
-3.477255151116634124e+01 2.507701807104594782e-01 -1.962499999999969269e+00 4.000000000000000000e+02 -2.958731798397937851e+01 -3.754253227067070497e+01 8.149999999999999467e-01
-3.471177329135677070e+01 2.701302381989237889e-01 -1.964999999999969216e+00 4.000000000000000000e+02 -2.952116719152345681e+01 -3.747888147821478100e+01 1.915000000000000036e+00
-3.465082545231069844e+01 2.635999477194751472e-01 -1.967499999999969162e+00 4.000000000000000000e+02 -2.951863890809053004e+01 -3.747885319478185551e+01 1.510000000000000009e+00
-3.459337824294910035e+01 2.378646961091266387e-01 -1.969999999999969109e+00 4.000000000000000000e+02 -2.946639281873680005e+01 -3.742910710542813035e+01 5.799999999999999600e-01
-3.453635941424835210e+01 2.257314886920893382e-01 -1.972499999999969056e+00 4.000000000000000000e+02 -2.944352865775278616e+01 -3.740874294444411419e+01 1.810000000000000053e+00
-3.448133733372021936e+01 2.175478323407906145e-01 -1.974999999999969003e+00 4.000000000000000000e+02 -2.939869940001254989e+01 -3.736641368670387919e+01 1.889999999999999902e+00
-3.442699070673207729e+01 2.251633813137796924e-01 -1.977499999999968949e+00 4.000000000000000000e+02 -2.935701737892023999e+01 -3.732723166561156347e+01 7.449999999999999956e-01
-3.437344049594324957e+01 2.369734910436691322e-01 -1.979999999999968896e+00 4.000000000000000000e+02 -2.926087818066707058e+01 -3.723359246735839889e+01 7.900000000000000355e-01
-3.431775978553010731e+01 2.151437542976539774e-01 -1.982499999999968843e+00 4.000000000000000000e+02 -2.914072572380182535e+01 -3.711594001049314784e+01 4.699999999999999734e-01
-3.425862255261395006e+01 2.051816767491908555e-01 -1.984999999999968789e+00 4.000000000000000000e+02 -2.913254698910959917e+01 -3.711026127580092293e+01 2.000000000000000000e+00
-3.420247891290541276e+01 1.998565379881314663e-01 -1.987499999999968736e+00 4.000000000000000000e+02 -2.912079371258220206e+01 -3.710100799927352710e+01 1.689999999999999947e+00
-3.414883936980016443e+01 1.997152159806535043e-01 -1.989999999999968683e+00 4.000000000000000000e+02 -2.912035109210611594e+01 -3.710306537879743871e+01 1.094999999999999973e+00
-3.409803315865420359e+01 2.032428744697703238e-01 -1.992499999999968630e+00 4.000000000000000000e+02 -2.895828982079799374e+01 -3.694350410748931779e+01 1.655000000000000027e+00
-3.404155179542528487e+01 1.966770125674284775e-01 -1.994999999999968576e+00 4.000000000000000000e+02 -2.892490150919581282e+01 -3.691261579588713460e+01 9.649999999999999689e-01
-3.398645902875296798e+01 2.192320837615931439e-01 -1.997499999999968523e+00 4.000000000000000000e+02 -2.885654981704668032e+01 -3.684676410373800337e+01 1.949999999999999956e+00
-3.393078660966271798e+01 1.811428810352161967e-01 -1.999999999999968470e+00 4.000000000000000000e+02 -2.879213815837670509e+01 -3.678485244506803298e+01 1.499999999999999944e-02
-3.387477533028044263e+01 2.174036839803674681e-01 -2.002499999999968416e+00 4.000000000000000000e+02 -2.869213049172271113e+01 -3.668734477841403674e+01 1.900000000000000022e-01
-3.381645878427652008e+01 2.537996146780518991e-01 -2.004999999999968363e+00 4.000000000000000000e+02 -2.867957332085146760e+01 -3.667728760754279449e+01 4.000000000000000083e-02
-3.376081471969370540e+01 2.590971025560633301e-01 -2.007499999999968310e+00 4.000000000000000000e+02 -2.864726318120143844e+01 -3.664747746789276306e+01 1.885000000000000009e+00
-3.370655194404093891e+01 2.337201394577164137e-01 -2.009999999999968257e+00 4.000000000000000000e+02 -2.864139138919369643e+01 -3.664410567588502232e+01 7.399999999999999911e-01
-3.365491325905096431e+01 2.375468210128933721e-01 -2.012499999999968203e+00 4.000000000000000000e+02 -2.860489043617708305e+01 -3.661010472286840667e+01 1.860000000000000098e+00
-3.360415485185632889e+01 2.198257908728432630e-01 -2.014999999999968150e+00 4.000000000000000000e+02 -2.859310257423757307e+01 -3.660081686092890152e+01 1.189999999999999947e+00
-3.355540894121123330e+01 1.848656147060635246e-01 -2.017499999999968097e+00 4.000000000000000000e+02 -2.854677053243626972e+01 -3.655698481912759235e+01 2.999999999999999889e-01
-3.350689627095469802e+01 2.042066027986117749e-01 -2.019999999999968043e+00 4.000000000000000000e+02 -2.851990070856948734e+01 -3.653261499526081479e+01 6.500000000000000222e-01
-3.345951382656537731e+01 2.017149401611908754e-01 -2.022499999999967990e+00 4.000000000000000000e+02 -2.848813079412773774e+01 -3.650334508081905938e+01 5.000000000000000278e-02
-3.341296238313379519e+01 2.034380901872512026e-01 -2.024999999999967937e+00 4.000000000000000000e+02 -2.839373689678236090e+01 -3.641145118347368737e+01 4.949999999999999956e-01
-3.336430330998757654e+01 2.002909644585286475e-01 -2.027499999999967883e+00 4.000000000000000000e+02 -2.833487940021198526e+01 -3.635509368690330945e+01 3.649999999999999911e-01
-3.331527726278598323e+01 2.065883794540164242e-01 -2.029999999999967830e+00 4.000000000000000000e+02 -2.819966369686540375e+01 -3.622237798355672567e+01 1.729999999999999982e+00
-3.326208357086889578e+01 2.094484592856932781e-01 -2.032499999999967777e+00 4.000000000000000000e+02 -2.818838718193240567e+01 -3.621360146862372886e+01 7.850000000000000311e-01
-3.321114303479633634e+01 2.079691974542608179e-01 -2.034999999999967724e+00 4.000000000000000000e+02 -2.816808065148813256e+01 -3.619579493817946059e+01 1.770000000000000018e+00
-3.316182244062343187e+01 2.007241588260283427e-01 -2.037499999999967670e+00 4.000000000000000000e+02 -2.815088063670679830e+01 -3.618109492339812050e+01 8.299999999999999600e-01
-3.311414076201917567e+01 1.943061572320471109e-01 -2.039999999999967617e+00 4.000000000000000000e+02 -2.810982799332565918e+01 -3.614254228001698266e+01 1.034999999999999920e+00
-3.306688231169262338e+01 2.021151216100734727e-01 -2.042499999999967564e+00 4.000000000000000000e+02 -2.809137651852672235e+01 -3.612659080521804356e+01 5.250000000000000222e-01
-3.302104759123426447e+01 2.109924650623694331e-01 -2.044999999999967510e+00 4.000000000000000000e+02 -2.808920163643700363e+01 -3.612691592312832967e+01 1.300000000000000044e+00
-3.297723588198991962e+01 1.853208286565719010e-01 -2.047499999999967457e+00 4.000000000000000000e+02 -2.797650754239703730e+01 -3.601672182908836106e+01 5.849999999999999645e-01
-3.293048638382163062e+01 2.040382087781905385e-01 -2.049999999999967404e+00 4.000000000000000000e+02 -2.787223271709431316e+01 -3.591494700378564175e+01 1.215000000000000080e+00
-3.288115658347109616e+01 2.180464896555867615e-01 -2.052499999999967351e+00 4.000000000000000000e+02 -2.783007963801130558e+01 -3.587529392470263190e+01 1.049999999999999961e-01
-3.283229041243295399e+01 2.025610011246161690e-01 -2.054999999999967297e+00 4.000000000000000000e+02 -2.777626445617736550e+01 -3.582397874286868955e+01 1.919999999999999929e+00
-3.278330730826385775e+01 2.187925524841093650e-01 -2.057499999999967244e+00 4.000000000000000000e+02 -2.773882301494075620e+01 -3.578903730163207797e+01 1.215000000000000080e+00
-3.273499096627093508e+01 1.803977218140762062e-01 -2.059999999999967191e+00 4.000000000000000000e+02 -2.773570426936553801e+01 -3.578841855605686106e+01 1.000000000000000056e-01
-3.268887401452052899e+01 1.856649065298277279e-01 -2.062499999999967137e+00 4.000000000000000000e+02 -2.768961467309065583e+01 -3.574482895978198371e+01 1.400000000000000133e-01
-3.264287083263737088e+01 2.254565574078657431e-01 -2.064999999999967084e+00 4.000000000000000000e+02 -2.768193107396058750e+01 -3.573964536065191311e+01 1.209999999999999964e+00
-3.259866760867408431e+01 2.192752144372908107e-01 -2.067499999999967031e+00 4.000000000000000000e+02 -2.760646097474236882e+01 -3.566667526143369571e+01 1.679999999999999938e+00
-3.255320322200383032e+01 2.210517940340154808e-01 -2.069999999999966978e+00 4.000000000000000000e+02 -2.758553104235553732e+01 -3.564824532904685839e+01 4.249999999999999889e-01
-3.250892502517827154e+01 2.037198226215907737e-01 -2.072499999999966924e+00 4.000000000000000000e+02 -2.746777379320015200e+01 -3.553298807989147434e+01 1.074999999999999956e+00
-3.246146590015131750e+01 2.393385205243928893e-01 -2.074999999999966871e+00 4.000000000000000000e+02 -2.745494337078812919e+01 -3.552265765747945636e+01 1.905000000000000027e+00
-3.241569758311939609e+01 2.275871450628048076e-01 -2.077499999999966818e+00 4.000000000000000000e+02 -2.711966292898927477e+01 -3.518987721568059612e+01 3.549999999999999822e-01
-3.235516647423365555e+01 2.277175600863381721e-01 -2.079999999999966764e+00 4.000000000000000000e+02 -2.709140711733683915e+01 -3.516412140402816533e+01 1.770000000000000018e+00
-3.229664482095365940e+01 2.160930960080756080e-01 -2.082499999999966711e+00 4.000000000000000000e+02 -2.700196417550510475e+01 -3.507717846219642865e+01 1.465000000000000080e+00
-3.223648580407621012e+01 2.369164927246857622e-01 -2.084999999999966658e+00 4.000000000000000000e+02 -2.689335167018849404e+01 -3.497106595687981923e+01 1.415000000000000036e+00
-3.217358494343120867e+01 2.199100386047048994e-01 -2.087499999999966604e+00 4.000000000000000000e+02 -2.679206792755847033e+01 -3.487228221424979324e+01 9.000000000000000222e-01
-3.210845929433592971e+01 2.258605086435949705e-01 -2.089999999999966551e+00 4.000000000000000000e+02 -2.678180198549981128e+01 -3.486451627219113902e+01 1.090000000000000080e+00
-3.204685461470894836e+01 2.291712525868100647e-01 -2.092499999999966498e+00 4.000000000000000000e+02 -2.666622349395848346e+01 -3.475143778064980893e+01 4.600000000000000200e-01
-3.198209905135926689e+01 2.469712074523765233e-01 -2.094999999999966445e+00 4.000000000000000000e+02 -2.653679059246672267e+01 -3.462450487915804587e+01 5.100000000000000089e-01
-3.191332906459031804e+01 2.139414270094560089e-01 -2.097499999999966391e+00 4.000000000000000000e+02 -2.647958465413855933e+01 -3.456979894082988380e+01 1.969999999999999973e+00
-3.184548764405678156e+01 2.224421241686236062e-01 -2.099999999999966338e+00 4.000000000000000000e+02 -2.647787352046958276e+01 -3.457058780716090496e+01 2.700000000000000178e-01
-3.178200627112631693e+01 2.381502941224483694e-01 -2.102499999999966285e+00 4.000000000000000000e+02 -2.637443146437652430e+01 -3.446964575106784423e+01 2.449999999999999956e-01
-3.171617980197704867e+01 1.957288622316876447e-01 -2.104999999999966231e+00 4.000000000000000000e+02 -2.625186064075057857e+01 -3.434957492744189977e+01 4.099999999999999756e-01
-3.164680845114065733e+01 1.952779428369360859e-01 -2.107499999999966178e+00 4.000000000000000000e+02 -2.625018387232600858e+01 -3.435039815901733107e+01 4.949999999999999956e-01
-3.158199056552691530e+01 1.816911271058145871e-01 -2.109999999999966125e+00 4.000000000000000000e+02 -2.621759064491917357e+01 -3.432030493161049378e+01 1.020000000000000018e+00
-3.151931695665275157e+01 1.700015740686865173e-01 -2.112499999999966072e+00 4.000000000000000000e+02 -2.619770689257441276e+01 -3.430292117926573781e+01 7.349999999999999867e-01
-3.145933695737898361e+01 1.645651905551945571e-01 -2.114999999999966018e+00 4.000000000000000000e+02 -2.615553121983900908e+01 -3.426324550653033185e+01 8.599999999999999867e-01
-3.140052777316227406e+01 1.887479356572166478e-01 -2.117499999999965965e+00 4.000000000000000000e+02 -2.612769114687875671e+01 -3.423790543357007721e+01 4.899999999999999911e-01
-3.134360025584408049e+01 1.880063470587699792e-01 -2.119999999999965912e+00 4.000000000000000000e+02 -2.603335291218767367e+01 -3.414606719887899544e+01 1.854999999999999982e+00
-3.128470868071943656e+01 1.894425537132797543e-01 -2.122499999999965858e+00 4.000000000000000000e+02 -2.598717168024196411e+01 -3.410238596693328361e+01 1.610000000000000098e+00
-3.122668079110471595e+01 1.751695295767511928e-01 -2.124999999999965805e+00 4.000000000000000000e+02 -2.585930108957662910e+01 -3.397701537626794988e+01 7.550000000000000044e-01
-3.116473330304230416e+01 1.851704789437145504e-01 -2.127499999999965752e+00 4.000000000000000000e+02 -2.580585137361227055e+01 -3.392606566030359261e+01 1.969999999999999973e+00
-3.110344302304703490e+01 2.234858575872825381e-01 -2.129999999999965699e+00 4.000000000000000000e+02 -2.579097783107668818e+01 -3.391369211776800796e+01 8.900000000000000133e-01
-3.104499488804719221e+01 2.089315048720713497e-01 -2.132499999999965645e+00 4.000000000000000000e+02 -2.575158006963192747e+01 -3.387679435632325209e+01 1.610000000000000098e+00
-3.098775787308673912e+01 2.449590613214237267e-01 -2.134999999999965592e+00 4.000000000000000000e+02 -2.568608312288808548e+01 -3.381379740957940783e+01 9.100000000000000311e-01
-3.093019956138531512e+01 2.652615096547455975e-01 -2.137499999999965539e+00 4.000000000000000000e+02 -2.551385743725983346e+01 -3.364407172395115708e+01 2.250000000000000056e-01
-3.086602392149915985e+01 2.139405091963773042e-01 -2.139999999999965485e+00 4.000000000000000000e+02 -2.547691787695758947e+01 -3.360963216364891082e+01 7.149999999999999689e-01
-3.080367111735653651e+01 2.351351413701674997e-01 -2.142499999999965432e+00 4.000000000000000000e+02 -2.543348716064488357e+01 -3.356870144733620975e+01 9.500000000000000111e-02
-3.074260029927630455e+01 2.061756635912065372e-01 -2.144999999999965379e+00 4.000000000000000000e+02 -2.542387255841653726e+01 -3.356158684510786117e+01 1.270000000000000018e+00
-3.068464617538914041e+01 2.086026261538257154e-01 -2.147499999999965326e+00 4.000000000000000000e+02 -2.534747408316599149e+01 -3.348768836985730957e+01 1.379999999999999893e+00
-3.062578749055640515e+01 2.422902684531982043e-01 -2.149999999999965272e+00 4.000000000000000000e+02 -2.530276980428308775e+01 -3.344548409097441066e+01 5.600000000000000533e-01
-3.056787333415058683e+01 2.157539198231882838e-01 -2.152499999999965219e+00 4.000000000000000000e+02 -2.529424514484172093e+01 -3.343945943153304512e+01 3.800000000000000044e-01
-3.051280854634392981e+01 2.208230970065057086e-01 -2.154999999999965166e+00 4.000000000000000000e+02 -2.528436332700148625e+01 -3.343207761369281172e+01 1.885000000000000009e+00
-3.046024159597655157e+01 2.053055813755977621e-01 -2.157499999999965112e+00 4.000000000000000000e+02 -2.525777088991265273e+01 -3.340798517660397238e+01 3.350000000000000200e-01
-3.040911327255972196e+01 2.180426751478788117e-01 -2.159999999999965059e+00 4.000000000000000000e+02 -2.525415606605941932e+01 -3.340687035275074379e+01 1.750000000000000000e+00
-3.036041943484377015e+01 2.020181170511876345e-01 -2.162499999999965006e+00 4.000000000000000000e+02 -2.523104013214814501e+01 -3.338625441883947076e+01 1.449999999999999956e+00
-3.031304237035443450e+01 2.225161850421140397e-01 -2.164999999999964952e+00 4.000000000000000000e+02 -2.522618529899195039e+01 -3.338389958568327387e+01 1.010000000000000009e+00
-3.026770446410678161e+01 1.839482344861274599e-01 -2.167499999999964899e+00 4.000000000000000000e+02 -2.518589888508253694e+01 -3.334611317177385814e+01 4.600000000000000200e-01
-3.022270007649597545e+01 2.071633164831503948e-01 -2.169999999999964846e+00 4.000000000000000000e+02 -2.514935859334068624e+01 -3.331207288003200517e+01 9.499999999999999556e-01
-3.017817566245721039e+01 2.021901722385428812e-01 -2.172499999999964793e+00 4.000000000000000000e+02 -2.513813159233303196e+01 -3.330334587902435572e+01 2.949999999999999845e-01
-3.013518374667266286e+01 2.158044706623225284e-01 -2.174999999999964739e+00 4.000000000000000000e+02 -2.513508841360047796e+01 -3.330280270029179945e+01 1.844999999999999973e+00
-3.009394225975485426e+01 2.137669534986792463e-01 -2.177499999999964686e+00 4.000000000000000000e+02 -2.513279256535395234e+01 -3.330300685204527156e+01 1.669999999999999929e+00
-3.005434240615699792e+01 2.138133120404588083e-01 -2.179999999999964633e+00 4.000000000000000000e+02 -2.500065547019034895e+01 -3.317336975688166945e+01 1.354999999999999982e+00
-3.001109123128421885e+01 2.059870430393415386e-01 -2.182499999999964579e+00 4.000000000000000000e+02 -2.490625719748426192e+01 -3.308147148417558014e+01 1.915000000000000036e+00
-2.996573217861842409e+01 1.890156942969627996e-01 -2.184999999999964526e+00 4.000000000000000000e+02 -2.482380890722767930e+01 -3.300152319391899880e+01 1.885000000000000009e+00
-2.991881362184441073e+01 1.546986391101516090e-01 -2.187499999999964473e+00 4.000000000000000000e+02 -2.481184462374219635e+01 -3.299205891043351357e+01 1.330000000000000071e+00
-2.987358144743887323e+01 1.721099412886733793e-01 -2.189999999999964420e+00 4.000000000000000000e+02 -2.476657550043023548e+01 -3.294928978712155754e+01 1.554999999999999938e+00
-2.982845807199660371e+01 1.907299499026890721e-01 -2.192499999999964366e+00 4.000000000000000000e+02 -2.476613184870368300e+01 -3.295134613539500634e+01 4.799999999999999822e-01
-2.978537001618542845e+01 1.861128531198530112e-01 -2.194999999999964313e+00 4.000000000000000000e+02 -2.472421446569316217e+01 -3.291192875238448323e+01 1.254999999999999893e+00
-2.974243649166719194e+01 1.659488969883727294e-01 -2.197499999999964260e+00 4.000000000000000000e+02 -2.472134032485852373e+01 -3.291155461154984607e+01 1.514999999999999902e+00
-2.970125553145854980e+01 1.626407237140153339e-01 -2.199999999999964206e+00 4.000000000000000000e+02 -2.469042299653120054e+01 -3.288313728322252416e+01 8.900000000000000133e-01
-2.966058637278766952e+01 1.719910927336214812e-01 -2.202499999999964153e+00 4.000000000000000000e+02 -2.465050396985945724e+01 -3.284571825655078214e+01 1.649999999999999911e+00
-2.962004654059110109e+01 1.574384523571101535e-01 -2.204999999999964100e+00 4.000000000000000000e+02 -2.463739053726552442e+01 -3.283510482395684704e+01 1.530000000000000027e+00
-2.958067872911902185e+01 1.813307790744869696e-01 -2.207499999999964047e+00 4.000000000000000000e+02 -2.458335305829706385e+01 -3.278356734498838421e+01 1.459999999999999964e+00
-2.954083837382259148e+01 1.832996591382977658e-01 -2.209999999999963993e+00 4.000000000000000000e+02 -2.453776261976357631e+01 -3.274047690645490150e+01 1.705000000000000071e+00
-2.950087088107070699e+01 1.946189034528568451e-01 -2.212499999999963940e+00 4.000000000000000000e+02 -2.446603711119838920e+01 -3.267125139788971211e+01 1.770000000000000018e+00
-2.945974082085378853e+01 2.029328716935324683e-01 -2.214999999999963887e+00 4.000000000000000000e+02 -2.437958046478507157e+01 -3.258729475147639221e+01 1.580000000000000071e+00
-2.941684909938137338e+01 1.944576031864834742e-01 -2.217499999999963833e+00 4.000000000000000000e+02 -2.429971919110186462e+01 -3.250993347779318299e+01 1.179999999999999938e+00
-2.937248602951504495e+01 1.837166334327254291e-01 -2.219999999999963780e+00 4.000000000000000000e+02 -2.426294288471337879e+01 -3.247565717140469843e+01 9.599999999999999645e-01
-2.932855855359558817e+01 1.641600777329114413e-01 -2.222499999999963727e+00 4.000000000000000000e+02 -2.421170276512246033e+01 -3.242691705181378126e+01 1.465000000000000080e+00
-2.928442376942010128e+01 1.551773233270991870e-01 -2.224999999999963674e+00 4.000000000000000000e+02 -2.420903198759102892e+01 -3.242674627428235112e+01 9.549999999999999600e-01
-2.924214773808801482e+01 1.623721033167113970e-01 -2.227499999999963620e+00 4.000000000000000000e+02 -2.419934351009674955e+01 -3.241955779678806948e+01 1.104999999999999982e+00
-2.920129998474298816e+01 1.861489887241249419e-01 -2.229999999999963567e+00 4.000000000000000000e+02 -2.416815090247666831e+01 -3.239086518916798951e+01 1.199999999999999956e+00
-2.916093590992045748e+01 2.115866431232519829e-01 -2.232499999999963514e+00 4.000000000000000000e+02 -2.410296762001465964e+01 -3.232818190670597858e+01 6.999999999999999556e-01
-2.911967935186963174e+01 2.241403032068322865e-01 -2.234999999999963460e+00 4.000000000000000000e+02 -2.400390304366408145e+01 -3.223161733035540522e+01 4.650000000000000244e-01
-2.907612706876613728e+01 2.221072605006560452e-01 -2.237499999999963407e+00 4.000000000000000000e+02 -2.380022546615970924e+01 -3.203043975285103073e+01 1.360000000000000098e+00
-2.902532515108085320e+01 2.184637412133305090e-01 -2.239999999999963354e+00 4.000000000000000000e+02 -2.379703156336411141e+01 -3.202974585005543418e+01 1.900000000000000022e-01
-2.897694701417006513e+01 1.896301564254214145e-01 -2.242499999999963300e+00 4.000000000000000000e+02 -2.374028437337408093e+01 -3.197549866006540142e+01 4.949999999999999956e-01
-2.892829092573331806e+01 1.941522815548177849e-01 -2.244999999999963247e+00 4.000000000000000000e+02 -2.368785187308414919e+01 -3.192556615977547096e+01 1.415000000000000036e+00
-2.887957418191322034e+01 2.342235835386524689e-01 -2.247499999999963194e+00 4.000000000000000000e+02 -2.368345353814537191e+01 -3.192366782483669141e+01 1.445000000000000062e+00
-2.883303467161627864e+01 2.483858694263903488e-01 -2.249999999999963141e+00 4.000000000000000000e+02 -2.366322739265837427e+01 -3.190594167934969505e+01 1.370000000000000107e+00
-2.878778753450703576e+01 2.049395321105040302e-01 -2.252499999999963087e+00 4.000000000000000000e+02 -2.358421512914487295e+01 -3.182942941583619501e+01 1.145000000000000018e+00
-2.874113640432333483e+01 2.236434243645581410e-01 -2.254999999999963034e+00 4.000000000000000000e+02 -2.344393870503240507e+01 -3.169165299172372485e+01 7.399999999999999911e-01
-2.869014611468365317e+01 2.364238749824440211e-01 -2.257499999999962981e+00 4.000000000000000000e+02 -2.339546211962208844e+01 -3.164567640631340950e+01 5.600000000000000533e-01
-2.863940447396059952e+01 2.024983727508385123e-01 -2.259999999999962927e+00 4.000000000000000000e+02 -2.308041774357072740e+01 -3.133313203026204974e+01 5.699999999999999512e-01
-2.857396475244341261e+01 2.042485578290253179e-01 -2.262499999999962874e+00 4.000000000000000000e+02 -2.306262284913288596e+01 -3.131783713582420603e+01 1.574999999999999956e+00
-2.851162791330028412e+01 1.770119738560508860e-01 -2.264999999999962821e+00 4.000000000000000000e+02 -2.304422414919244844e+01 -3.130193843588376978e+01 1.049999999999999961e-01
-2.845203710172681255e+01 1.692920651323280568e-01 -2.267499999999962768e+00 4.000000000000000000e+02 -2.303926205439976371e+01 -3.129947634109108279e+01 8.499999999999999778e-01
-2.839566372847215803e+01 1.740291374191136609e-01 -2.269999999999962714e+00 4.000000000000000000e+02 -2.298517302639194071e+01 -3.124788731308326106e+01 3.900000000000000133e-01
-2.833955201142416058e+01 1.780438997307723092e-01 -2.272499999999962661e+00 4.000000000000000000e+02 -2.297598522787641073e+01 -3.124119951456773236e+01 1.895000000000000018e+00
-2.828607509131036224e+01 1.739557197778456299e-01 -2.274999999999962608e+00 4.000000000000000000e+02 -2.292012422245978698e+01 -3.118783850915110634e+01 1.925000000000000044e+00
-2.823260420679607918e+01 1.843238726734501842e-01 -2.277499999999962554e+00 4.000000000000000000e+02 -2.286462953746979210e+01 -3.113484382416111274e+01 1.600000000000000033e-01
-2.817915811070992760e+01 1.217419013462199134e-01 -2.279999999999962501e+00 4.000000000000000000e+02 -2.285521781377326533e+01 -3.112793210046458370e+01 1.804999999999999938e+00
-2.812808112111420300e+01 1.391310204841043063e-01 -2.282499999999962448e+00 4.000000000000000000e+02 -2.285446627202088976e+01 -3.112968055871220940e+01 1.449999999999999956e+00
-2.807956956650753710e+01 1.251481721951884230e-01 -2.284999999999962395e+00 4.000000000000000000e+02 -2.275433602209894346e+01 -3.103205030879026083e+01 1.564999999999999947e+00
-2.802867682806391159e+01 1.483350159190025552e-01 -2.287499999999962341e+00 4.000000000000000000e+02 -2.275265603984374607e+01 -3.103287032653506472e+01 1.080000000000000071e+00
-2.798028796009351638e+01 1.877494332097499052e-01 -2.289999999999962288e+00 4.000000000000000000e+02 -2.272878024682770359e+01 -3.101149453351902352e+01 5.550000000000000488e-01
-2.793315881568598513e+01 1.890159560112011639e-01 -2.292499999999962235e+00 4.000000000000000000e+02 -2.267275713343390819e+01 -3.095797142012522585e+01 1.955000000000000071e+00
-2.788573442028491556e+01 1.304564285125833778e-01 -2.294999999999962181e+00 4.000000000000000000e+02 -2.259996393950286375e+01 -3.088767822619418268e+01 5.999999999999999778e-01
-2.783723917010641813e+01 1.359393588261610109e-01 -2.297499999999962128e+00 4.000000000000000000e+02 -2.257376931009512688e+01 -3.086398359678644709e+01 3.400000000000000244e-01
-2.778990416936493091e+01 1.470106877463092376e-01 -2.299999999999962075e+00 4.000000000000000000e+02 -2.254217494789476461e+01 -3.083488923458608610e+01 1.445000000000000062e+00
-2.774340517761022440e+01 1.579768757814001279e-01 -2.302499999999962021e+00 4.000000000000000000e+02 -2.244198076319176494e+01 -3.073719504988308415e+01 1.054999999999999938e+00
-2.769452243253774881e+01 1.638004191480055549e-01 -2.304999999999961968e+00 4.000000000000000000e+02 -2.232876807903727112e+01 -3.062648236572859162e+01 8.850000000000000089e-01
-2.764260147346442764e+01 1.555987089046637351e-01 -2.307499999999961915e+00 4.000000000000000000e+02 -2.230958513578337232e+01 -3.060979942247469054e+01 5.749999999999999556e-01
-2.759243390937893636e+01 1.109419020087813873e-01 -2.309999999999961862e+00 4.000000000000000000e+02 -2.227500179623087462e+01 -3.057771608292219412e+01 1.530000000000000027e+00
-2.754314363728414961e+01 1.224632735488969115e-01 -2.312499999999961808e+00 4.000000000000000000e+02 -2.225456079071085469e+01 -3.055977507740217192e+01 1.915000000000000036e+00
-2.749533882948744790e+01 1.275213124643019558e-01 -2.314999999999961755e+00 4.000000000000000000e+02 -2.220036804847579504e+01 -3.050808233516711354e+01 1.860000000000000098e+00
-2.744735219559041894e+01 1.190635032264626275e-01 -2.317499999999961702e+00 4.000000000000000000e+02 -2.218165192837030730e+01 -3.049186621506162709e+01 1.620000000000000107e+00
-2.740083179730616081e+01 1.617129872041766780e-01 -2.319999999999961648e+00 4.000000000000000000e+02 -2.217296663950002866e+01 -3.048568092619134973e+01 9.649999999999999689e-01
-2.735610996065375744e+01 1.769023629569497214e-01 -2.322499999999961595e+00 4.000000000000000000e+02 -2.207899619011212167e+01 -3.039421047680344046e+01 2.149999999999999967e-01
-2.730929714305662515e+01 1.644449744577298478e-01 -2.324999999999961542e+00 4.000000000000000000e+02 -2.207852547852774094e+01 -3.039623976521905746e+01 1.205000000000000071e+00
-2.726466677700151564e+01 1.811485217043851126e-01 -2.327499999999961489e+00 4.000000000000000000e+02 -2.206044610276173401e+01 -3.038066038945305181e+01 1.044999999999999929e+00
-2.722128699974898680e+01 2.006787209121732862e-01 -2.329999999999961435e+00 4.000000000000000000e+02 -2.205257640881760040e+01 -3.037529069550891947e+01 1.320000000000000062e+00
-2.717949181207280773e+01 2.138771037410550913e-01 -2.332499999999961382e+00 4.000000000000000000e+02 -2.204446476015340295e+01 -3.036967904684472330e+01 1.879999999999999893e+00
-2.713915233760598866e+01 2.067985283071992753e-01 -2.334999999999961329e+00 4.000000000000000000e+02 -2.196610188630377891e+01 -3.029381617299509699e+01 1.280000000000000027e+00
-2.709738416340826817e+01 1.879054903088148432e-01 -2.337499999999961275e+00 4.000000000000000000e+02 -2.188115808593192924e+01 -3.021137237262324859e+01 7.500000000000000000e-01
-2.705391917031793270e+01 1.653747170844540593e-01 -2.339999999999961222e+00 4.000000000000000000e+02 -2.175645097689931262e+01 -3.008916526359062971e+01 1.159999999999999920e+00
-2.700697563060556305e+01 2.326773657473309997e-01 -2.342499999999961169e+00 4.000000000000000000e+02 -2.173205025393457035e+01 -3.006726454062588871e+01 1.925000000000000044e+00
-2.696116690570137564e+01 2.198781618429699602e-01 -2.344999999999961116e+00 4.000000000000000000e+02 -2.169725973070579883e+01 -3.003497401739711847e+01 6.450000000000000178e-01
-2.691595957094422786e+01 2.366570415595115884e-01 -2.347499999999961062e+00 4.000000000000000000e+02 -2.167598920983967403e+01 -3.001620349653099140e+01 1.040000000000000036e+00
-2.687190611674104801e+01 2.237218493026682520e-01 -2.349999999999961009e+00 4.000000000000000000e+02 -2.164811102542468291e+01 -2.999082531211600156e+01 1.469999999999999973e+00
-2.682865036350357713e+01 2.235351904581606153e-01 -2.352499999999960956e+00 4.000000000000000000e+02 -2.162854303162102809e+01 -2.997375731831234447e+01 4.849999999999999867e-01
-2.678648944039301227e+01 2.222427931306474591e-01 -2.354999999999960902e+00 4.000000000000000000e+02 -2.154450793130428821e+01 -2.989222221799560586e+01 1.945000000000000062e+00
-2.674267192012313998e+01 2.264712820751501043e-01 -2.357499999999960849e+00 4.000000000000000000e+02 -2.150497951229536042e+01 -2.985519379898667935e+01 7.299999999999999822e-01
-2.669914451444110526e+01 2.097305502650129994e-01 -2.359999999999960796e+00 4.000000000000000000e+02 -2.149171821903134116e+01 -2.984443250572265782e+01 1.219999999999999973e+00
-2.665699106468428425e+01 2.232327254234244829e-01 -2.362499999999960743e+00 4.000000000000000000e+02 -2.142548740859783862e+01 -2.978070169528915656e+01 7.700000000000000178e-01
-2.661393768530128412e+01 2.343248444427698529e-01 -2.364999999999960689e+00 4.000000000000000000e+02 -2.141503301959941297e+01 -2.977274730629073218e+01 6.550000000000000266e-01
-2.657233876975404030e+01 2.538129877488668473e-01 -2.367499999999960636e+00 4.000000000000000000e+02 -2.139053106878147403e+01 -2.975074535547279098e+01 7.750000000000000222e-01
-2.653153088305969831e+01 2.377471164532541648e-01 -2.369999999999960583e+00 4.000000000000000000e+02 -2.129901096216829970e+01 -2.966172524885961792e+01 1.364999999999999991e+00
-2.648874987985010421e+01 2.532186713347087670e-01 -2.372499999999960529e+00 4.000000000000000000e+02 -2.098262002373051516e+01 -2.934783431042183111e+01 2.500000000000000139e-02
-2.643301132338425674e+01 2.418053209403316084e-01 -2.374999999999960476e+00 4.000000000000000000e+02 -2.094816291770258232e+01 -2.931587720439389955e+01 2.000000000000000111e-01
-2.637854764826004939e+01 2.453711093616417482e-01 -2.377499999999960423e+00 4.000000000000000000e+02 -2.092910260683277102e+01 -2.929931689352408952e+01 2.000000000000000042e-02
-2.632605746615940134e+01 1.828163904901225767e-01 -2.379999999999960369e+00 4.000000000000000000e+02 -2.090170003021325229e+01 -2.927441431690456852e+01 1.010000000000000009e+00
-2.627495970122314262e+01 1.900521235104136453e-01 -2.382499999999960316e+00 4.000000000000000000e+02 -2.087331373464832751e+01 -2.924852802133964502e+01 1.150000000000000050e-01
-2.622510289666007921e+01 1.878793173071954814e-01 -2.384999999999960263e+00 4.000000000000000000e+02 -2.078579143547579378e+01 -2.916350572216710901e+01 5.000000000000000104e-03
-2.617350692768585319e+01 1.812368077867728133e-01 -2.387499999999960210e+00 4.000000000000000000e+02 -2.076251683763937095e+01 -2.914273112433068746e+01 1.935000000000000053e+00
-2.612343841233160191e+01 1.832601009922626423e-01 -2.389999999999960156e+00 4.000000000000000000e+02 -2.075280993228070159e+01 -2.913552421897201938e+01 1.189999999999999947e+00
-2.607542095328951604e+01 2.000113584355852625e-01 -2.392499999999960103e+00 4.000000000000000000e+02 -2.070720560853469294e+01 -2.909241989522600846e+01 1.150000000000000050e-01
-2.602763329752822941e+01 1.604311484694416756e-01 -2.394999999999960050e+00 4.000000000000000000e+02 -2.067181279827898521e+01 -2.905952708497030201e+01 1.590000000000000080e+00
-2.598053577920633472e+01 1.730535432058291356e-01 -2.397499999999959996e+00 4.000000000000000000e+02 -2.060744317356569866e+01 -2.899765746025701674e+01 9.300000000000000488e-01
-2.593275385058331750e+01 1.549594713016667069e-01 -2.399999999999959943e+00 4.000000000000000000e+02 -2.058504289634982598e+01 -2.897775718304114179e+01 2.000000000000000042e-02
-2.588625568878372007e+01 1.787590384449710967e-01 -2.402499999999959890e+00 4.000000000000000000e+02 -2.056069957740308851e+01 -2.895591386409440560e+01 1.715000000000000080e+00
-2.584086460402435037e+01 1.831987886264771215e-01 -2.404999999999959837e+00 4.000000000000000000e+02 -2.053617618994490712e+01 -2.893389047663622193e+01 1.700000000000000122e-01
-2.579649899532019219e+01 1.798227105508381773e-01 -2.407499999999959783e+00 4.000000000000000000e+02 -2.052876440183115392e+01 -2.892897868852247001e+01 5.699999999999999512e-01
-2.575381359418914329e+01 2.420119345764441265e-01 -2.409999999999959730e+00 4.000000000000000000e+02 -2.052608329655975794e+01 -2.892879758325107531e+01 1.794999999999999929e+00
-2.571286862490762815e+01 2.356306783812039396e-01 -2.412499999999959677e+00 4.000000000000000000e+02 -2.052579327628129846e+01 -2.893100756297261711e+01 1.250000000000000000e+00
-2.567361955991122713e+01 2.295356453002223573e-01 -2.414999999999959623e+00 4.000000000000000000e+02 -2.050692284849341718e+01 -2.891463713518473355e+01 7.149999999999999689e-01
-2.563524144861147747e+01 2.110880689093393991e-01 -2.417499999999959570e+00 4.000000000000000000e+02 -2.048926947715841607e+01 -2.889948376384973372e+01 1.284999999999999920e+00
-2.559772806973358783e+01 1.929936978708041428e-01 -2.419999999999959517e+00 4.000000000000000000e+02 -2.041329210161874030e+01 -2.882600638831005568e+01 9.300000000000000488e-01
-2.555886736093102485e+01 1.880195293885392471e-01 -2.422499999999959464e+00 4.000000000000000000e+02 -2.034408342340840292e+01 -2.875929771009971958e+01 1.604999999999999982e+00
-2.551893087922059422e+01 1.797629872304503940e-01 -2.424999999999959410e+00 4.000000000000000000e+02 -2.026847077735946456e+01 -2.868618506405078250e+01 1.254999999999999893e+00
-2.547767465210541005e+01 1.772694257640622939e-01 -2.427499999999959357e+00 4.000000000000000000e+02 -2.026826564410281151e+01 -2.868847993079412717e+01 2.949999999999999845e-01
-2.543814232593830837e+01 1.817281836155776320e-01 -2.429999999999959304e+00 4.000000000000000000e+02 -2.025223560925070387e+01 -2.867494989594202082e+01 1.274999999999999911e+00
-2.539960538219766306e+01 1.670081938085042350e-01 -2.432499999999959250e+00 4.000000000000000000e+02 -2.024982510248274892e+01 -2.867503938917406714e+01 2.149999999999999967e-01
-2.536250185099575916e+01 1.834736322308115897e-01 -2.434999999999959197e+00 4.000000000000000000e+02 -2.024911202091037410e+01 -2.867682630760169005e+01 1.145000000000000018e+00
-2.532678862603177095e+01 1.861656928853752668e-01 -2.437499999999959144e+00 4.000000000000000000e+02 -2.021950123942709965e+01 -2.864971552611841688e+01 1.929999999999999938e+00
-2.529137595163573238e+01 1.754376851566992745e-01 -2.439999999999959091e+00 4.000000000000000000e+02 -2.021590899663933172e+01 -2.864862328333065022e+01 9.949999999999999956e-01
-2.525713781814408065e+01 1.592363113943743025e-01 -2.442499999999959037e+00 4.000000000000000000e+02 -1.999143817711995652e+01 -2.842665246381127275e+01 1.844999999999999973e+00
-2.521597285254447485e+01 1.451288749975289671e-01 -2.444999999999958984e+00 4.000000000000000000e+02 -1.997220564051021086e+01 -2.840991992720152837e+01 4.400000000000000022e-01
-2.517578176152777303e+01 1.795141085699342720e-01 -2.447499999999958931e+00 4.000000000000000000e+02 -1.996668071046729054e+01 -2.840689499715860578e+01 1.139999999999999902e+00
-2.513702895929517211e+01 1.948274849158433131e-01 -2.449999999999958877e+00 4.000000000000000000e+02 -1.994638393709056601e+01 -2.838909822378188252e+01 1.399999999999999911e+00
-2.509906474992762782e+01 1.936167840176958865e-01 -2.452499999999958824e+00 4.000000000000000000e+02 -1.987468519250147025e+01 -2.831989947919278450e+01 4.050000000000000266e-01
-2.505991930833779335e+01 2.019738735470843205e-01 -2.454999999999958771e+00 4.000000000000000000e+02 -1.986543738036811035e+01 -2.831315166705942588e+01 1.395000000000000018e+00
-2.502199840300725242e+01 1.962405059309009769e-01 -2.457499999999958717e+00 4.000000000000000000e+02 -1.984761357019750250e+01 -2.829782785688881930e+01 1.000000000000000056e-01
-2.498490927267325645e+01 2.123119567614106806e-01 -2.459999999999958664e+00 4.000000000000000000e+02 -1.983547643444019215e+01 -2.828819072113150668e+01 5.000000000000000000e-01
-2.494880655431310856e+01 2.121080961753151473e-01 -2.462499999999958611e+00 4.000000000000000000e+02 -1.982211223285199964e+01 -2.827732651954331544e+01 8.850000000000000089e-01
-2.491358795497376377e+01 1.887338764176081929e-01 -2.464999999999958558e+00 4.000000000000000000e+02 -1.981829581506257298e+01 -2.827601010175389007e+01 1.580000000000000071e+00
-2.487952356392653996e+01 1.919443197166953163e-01 -2.467499999999958504e+00 4.000000000000000000e+02 -1.974284955975521783e+01 -2.820306384644653264e+01 2.500000000000000139e-02
-2.484413222461827075e+01 1.861913460737715797e-01 -2.469999999999958451e+00 4.000000000000000000e+02 -1.974254699374722577e+01 -2.820526128043854186e+01 1.435000000000000053e+00
-2.481002449993555459e+01 1.840003196660800200e-01 -2.472499999999958398e+00 4.000000000000000000e+02 -1.969022691940615033e+01 -2.815544120609746415e+01 1.479999999999999982e+00
-2.477538587906148848e+01 1.976035645055007617e-01 -2.474999999999958344e+00 4.000000000000000000e+02 -1.968927856783813013e+01 -2.815699285452944522e+01 2.000000000000000042e-02
-2.474195808051591783e+01 2.143414021379008161e-01 -2.477499999999958291e+00 4.000000000000000000e+02 -1.967663614519263149e+01 -2.814685043188394786e+01 1.715000000000000080e+00
-2.470928723740638944e+01 2.181980473605981963e-01 -2.479999999999958238e+00 4.000000000000000000e+02 -1.965911372025161796e+01 -2.813182800694293206e+01 1.645000000000000018e+00
-2.467717884766178926e+01 2.257145418865316167e-01 -2.482499999999958185e+00 4.000000000000000000e+02 -1.963573613519356797e+01 -2.811095042188488335e+01 2.700000000000000178e-01
-2.464542341019766880e+01 2.312448593203107750e-01 -2.484999999999958131e+00 4.000000000000000000e+02 -1.959933747910563540e+01 -2.807705176579695205e+01 9.949999999999999956e-01
-2.461360091357004265e+01 2.144582820352620156e-01 -2.487499999999958078e+00 4.000000000000000000e+02 -1.959355642748786863e+01 -2.807377071417918302e+01 1.084999999999999964e+00
-2.458266012915377985e+01 2.283751618289959762e-01 -2.489999999999958025e+00 4.000000000000000000e+02 -1.957990722512871073e+01 -2.806262151182002640e+01 1.669999999999999929e+00
-2.455231658562476582e+01 2.367406003985969565e-01 -2.492499999999957971e+00 4.000000000000000000e+02 -1.956596546815482185e+01 -2.805117975484613879e+01 8.100000000000000533e-01
-2.452253282591335548e+01 2.325843458554132659e-01 -2.494999999999957918e+00 4.000000000000000000e+02 -1.955332196265191413e+01 -2.804103624934322880e+01 1.290000000000000036e+00
-2.449331994159826920e+01 2.243333584416100646e-01 -2.497499999999957865e+00 4.000000000000000000e+02 -1.951887577889112890e+01 -2.800909006558244485e+01 3.449999999999999734e-01
-2.446402826019840049e+01 2.260833033091129707e-01 -2.499999999999957812e+00 4.000000000000000000e+02 -1.951468854890405780e+01 -2.800740283559537147e+01 1.485000000000000098e+00
-2.443552284321782508e+01 2.271870240378636718e-01 -2.502499999999957758e+00 4.000000000000000000e+02 -1.949436427577025555e+01 -2.798957856246157050e+01 1.094999999999999973e+00
-2.440731604529407761e+01 2.212648654632398681e-01 -2.504999999999957705e+00 4.000000000000000000e+02 -1.947658472026969889e+01 -2.797429900696101157e+01 7.500000000000000000e-01
-2.437946653875213343e+01 2.227608516622199553e-01 -2.507499999999957652e+00 4.000000000000000000e+02 -1.945952026604890861e+01 -2.795973455274022257e+01 7.449999999999999956e-01
-2.435197956264025265e+01 2.275557680844697006e-01 -2.509999999999957598e+00 4.000000000000000000e+02 -1.935212671240675064e+01 -2.785484099909806588e+01 1.594999999999999973e+00
-2.432231290307379012e+01 2.184114234153992917e-01 -2.512499999999957545e+00 4.000000000000000000e+02 -1.929071544802784288e+01 -2.779592973471915940e+01 2.200000000000000011e-01
-2.429177915015117861e+01 1.900535315561801553e-01 -2.514999999999957492e+00 4.000000000000000000e+02 -1.929066194648197907e+01 -2.779837623317329331e+01 1.739999999999999991e+00
-2.426222148921905486e+01 1.900407757843661782e-01 -2.517499999999957438e+00 4.000000000000000000e+02 -1.928384742821984332e+01 -2.779406171491115884e+01 2.650000000000000133e-01
-2.423339009924751863e+01 1.732862925726808556e-01 -2.519999999999957385e+00 4.000000000000000000e+02 -1.927173469296116082e+01 -2.778444897965247407e+01 2.849999999999999756e-01
-2.420509982960876627e+01 1.757888450675287872e-01 -2.522499999999957332e+00 4.000000000000000000e+02 -1.925730311868681000e+01 -2.777251740537812452e+01 1.659999999999999920e+00
-2.417726225734425682e+01 1.816125275324012578e-01 -2.524999999999957279e+00 4.000000000000000000e+02 -1.919142664536456877e+01 -2.770914093205588102e+01 4.400000000000000022e-01
-2.414843196006310677e+01 2.072341162010641613e-01 -2.527499999999957225e+00 4.000000000000000000e+02 -1.912032976949827301e+01 -2.764054405618958654e+01 2.550000000000000044e-01
-2.411844944237753907e+01 1.842002352125228504e-01 -2.529999999999957172e+00 4.000000000000000000e+02 -1.908226497801880228e+01 -2.760497926471011709e+01 1.260000000000000009e+00
-2.408830159086632605e+01 2.004199969417665428e-01 -2.532499999999957119e+00 4.000000000000000000e+02 -1.906908466952672754e+01 -2.759429895621804008e+01 5.949999999999999734e-01
-2.405872645800776866e+01 1.895901151298660381e-01 -2.534999999999957065e+00 4.000000000000000000e+02 -1.906025100814003892e+01 -2.758796529483135274e+01 2.000000000000000000e+00
-2.402982104375901073e+01 1.928537420624258925e-01 -2.537499999999957012e+00 4.000000000000000000e+02 -1.905623801815037766e+01 -2.758645230484169275e+01 1.945000000000000062e+00
-2.400168578900024130e+01 2.015984755921177152e-01 -2.539999999999956959e+00 4.000000000000000000e+02 -1.905413825253631188e+01 -2.758685253922762826e+01 6.850000000000000533e-01
-2.397433131458262778e+01 1.942744452500040908e-01 -2.542499999999956906e+00 4.000000000000000000e+02 -1.903144655130520135e+01 -2.756666083799651545e+01 1.945000000000000062e+00
-2.394716944648822476e+01 2.003976762532501121e-01 -2.544999999999956852e+00 4.000000000000000000e+02 -1.890050738579781253e+01 -2.743822167248912791e+01 3.800000000000000044e-01
-2.391715560678268915e+01 1.837847239704804014e-01 -2.547499999999956799e+00 4.000000000000000000e+02 -1.888450845570786640e+01 -2.742472274239917951e+01 1.844999999999999973e+00
-2.388762618543450955e+01 1.927579797181822874e-01 -2.549999999999956746e+00 4.000000000000000000e+02 -1.887363956624707484e+01 -2.741635385293838922e+01 1.334999999999999964e+00
-2.385870620351202120e+01 1.951468989112306873e-01 -2.552499999999956692e+00 4.000000000000000000e+02 -1.886828216075361908e+01 -2.741349644744493474e+01 7.149999999999999689e-01
-2.383051982741083563e+01 1.854762682340399260e-01 -2.554999999999956639e+00 4.000000000000000000e+02 -1.883102460294002256e+01 -2.737873888963133595e+01 1.850000000000000089e+00
-2.380215023488166892e+01 1.811565206299035891e-01 -2.557499999999956586e+00 4.000000000000000000e+02 -1.879925486536403056e+01 -2.734946915205534523e+01 4.949999999999999956e-01
-2.377375545341851648e+01 1.679182194384707949e-01 -2.559999999999956533e+00 4.000000000000000000e+02 -1.878144958985675217e+01 -2.733416387654806812e+01 1.584999999999999964e+00
-2.374572479682612425e+01 1.727273956727446713e-01 -2.562499999999956479e+00 4.000000000000000000e+02 -1.877382459632366007e+01 -2.732903888301497375e+01 4.699999999999999734e-01
-2.371832028553845007e+01 1.744409365105142884e-01 -2.564999999999956426e+00 4.000000000000000000e+02 -1.865293935148031679e+01 -2.721065363817162819e+01 1.955000000000000071e+00
-2.368834430251550671e+01 1.727817071011276961e-01 -2.567499999999956373e+00 4.000000000000000000e+02 -1.864933784199095257e+01 -2.720955212868226525e+01 1.330000000000000071e+00
-2.365920917663603618e+01 1.759395662094712098e-01 -2.569999999999956319e+00 4.000000000000000000e+02 -1.859895919107921358e+01 -2.716167347777052754e+01 4.199999999999999845e-01
-2.362953090619920360e+01 1.779282207389516757e-01 -2.572499999999956266e+00 4.000000000000000000e+02 -1.859651799555520313e+01 -2.716173228224651837e+01 2.000000000000000042e-02
-2.360070977822316252e+01 2.084973648544460323e-01 -2.574999999999956213e+00 4.000000000000000000e+02 -1.853824283041926080e+01 -2.710595711711057376e+01 2.600000000000000089e-01
-2.357111278008227018e+01 2.154090828169353267e-01 -2.577499999999956160e+00 4.000000000000000000e+02 -1.850605066315205960e+01 -2.707626494984337384e+01 1.000000000000000056e-01
-2.354151300636772959e+01 2.223988407464324302e-01 -2.579999999999956106e+00 4.000000000000000000e+02 -1.849236843296513300e+01 -2.706508271965644497e+01 8.399999999999999689e-01
-2.351244562384603398e+01 2.397269187215152197e-01 -2.582499999999956053e+00 4.000000000000000000e+02 -1.841486155065856423e+01 -2.699007583734987747e+01 1.245000000000000107e+00
-2.348203232795978579e+01 2.452730999123735878e-01 -2.584999999999956000e+00 4.000000000000000000e+02 -1.835091781509605369e+01 -2.692863210178736466e+01 8.199999999999999512e-01
-2.345067537399927815e+01 2.515583675163154398e-01 -2.587499999999955946e+00 4.000000000000000000e+02 -1.832787587131963747e+01 -2.690809015801094972e+01 1.324999999999999956e+00
-2.341965054024694481e+01 2.307411066180720949e-01 -2.589999999999955893e+00 4.000000000000000000e+02 -1.832460488982678015e+01 -2.690731917651809368e+01 5.749999999999999556e-01
-2.338953649048210792e+01 2.171539969645837065e-01 -2.592499999999955840e+00 4.000000000000000000e+02 -1.814189001931583789e+01 -2.672710430600714915e+01 8.950000000000000178e-01
-2.335462963418338944e+01 2.194680396165937797e-01 -2.594999999999955786e+00 4.000000000000000000e+02 -1.797591492142997538e+01 -2.656362920812128792e+01 1.050000000000000044e+00
-2.331502725610231153e+01 2.307388839462946595e-01 -2.597499999999955733e+00 4.000000000000000000e+02 -1.792907874143035940e+01 -2.651929302812167322e+01 3.549999999999999822e-01
-2.327524065304352874e+01 2.409563118895914346e-01 -2.599999999999955680e+00 4.000000000000000000e+02 -1.784487402420704782e+01 -2.643758831089836292e+01 1.205000000000000071e+00
-2.323378565240564697e+01 2.352390612851537888e-01 -2.602499999999955627e+00 4.000000000000000000e+02 -1.781647170230406374e+01 -2.641168598899537656e+01 4.849999999999999867e-01
-2.319295751768268232e+01 2.136744591392202020e-01 -2.604999999999955573e+00 4.000000000000000000e+02 -1.780654411290938555e+01 -2.640425839960069965e+01 9.449999999999999512e-01
-2.315344439707657642e+01 2.042406831607558593e-01 -2.607499999999955520e+00 4.000000000000000000e+02 -1.780181235220957703e+01 -2.640202663890088886e+01 1.049999999999999961e-01
-2.311535006875934428e+01 2.327767965548763196e-01 -2.609999999999955467e+00 4.000000000000000000e+02 -1.776967643225200888e+01 -2.637239071894332199e+01 1.915000000000000036e+00
-2.307757061393146714e+01 2.178724785336119407e-01 -2.612499999999955413e+00 4.000000000000000000e+02 -1.773279528969019481e+01 -2.633800957638150919e+01 1.054999999999999938e+00
-2.303991694463275763e+01 2.066485425364004425e-01 -2.614999999999955360e+00 4.000000000000000000e+02 -1.771184603677193081e+01 -2.631956032346324292e+01 1.155000000000000027e+00
-2.300296642349997356e+01 2.097187938036561561e-01 -2.617499999999955307e+00 4.000000000000000000e+02 -1.770801468237349852e+01 -2.631822896906481191e+01 6.550000000000000266e-01
-2.296728609465020909e+01 2.044218983145196789e-01 -2.619999999999955254e+00 4.000000000000000000e+02 -1.764908965607908087e+01 -2.626180394277039198e+01 2.700000000000000178e-01
-2.293087131272709200e+01 2.038752854088116961e-01 -2.622499999999955200e+00 4.000000000000000000e+02 -1.764534294230165656e+01 -2.626055722899296896e+01 1.060000000000000053e+00
-2.289569303917118859e+01 1.977202054661341690e-01 -2.624999999999955147e+00 4.000000000000000000e+02 -1.757135760293136073e+01 -2.618907188962267441e+01 5.550000000000000488e-01
-2.285923750461457971e+01 2.013914796922966488e-01 -2.627499999999955094e+00 4.000000000000000000e+02 -1.756363871083728512e+01 -2.618385299752859652e+01 6.500000000000000222e-01
-2.282388353354616939e+01 2.053340005910083699e-01 -2.629999999999955040e+00 4.000000000000000000e+02 -1.753476861502817741e+01 -2.615748290171949009e+01 7.299999999999999822e-01
-2.278884027991198380e+01 2.038430937480417426e-01 -2.632499999999954987e+00 4.000000000000000000e+02 -1.752511000726033430e+01 -2.615032429395164826e+01 1.799999999999999933e-01
-2.275474445586458572e+01 1.879408673821343356e-01 -2.634999999999954934e+00 4.000000000000000000e+02 -1.748596285378516413e+01 -2.611367714047647581e+01 1.405000000000000027e+00
-2.272056300289264286e+01 1.770023142944316674e-01 -2.637499999999954881e+00 4.000000000000000000e+02 -1.744411033533716093e+01 -2.607432462202847390e+01 3.300000000000000155e-01
-2.268620734724204624e+01 1.963644973954611905e-01 -2.639999999999954827e+00 4.000000000000000000e+02 -1.741584655723357855e+01 -2.604856084392488924e+01 1.235000000000000098e+00
-2.265214065697654178e+01 2.165234743571073650e-01 -2.642499999999954774e+00 4.000000000000000000e+02 -1.737603531661025613e+01 -2.601124960330156810e+01 3.049999999999999933e-01
-2.261796512657528169e+01 2.231772050765195858e-01 -2.644999999999954721e+00 4.000000000000000000e+02 -1.736808244144276614e+01 -2.600579672813407939e+01 3.500000000000000333e-02
-2.258474134949088707e+01 2.278127005008961370e-01 -2.647499999999954667e+00 4.000000000000000000e+02 -1.734852267802574133e+01 -2.598873696471705230e+01 1.895000000000000018e+00
-2.255204167015513761e+01 2.297296717734281235e-01 -2.649999999999954614e+00 4.000000000000000000e+02 -1.732912132714352893e+01 -2.597183561383484118e+01 1.804999999999999938e+00
-2.251984636960209585e+01 2.249885325553342974e-01 -2.652499999999954561e+00 4.000000000000000000e+02 -1.727713878762553890e+01 -2.592235307431685243e+01 8.100000000000000533e-01
-2.248709875625904786e+01 2.223540433850286768e-01 -2.654999999999954508e+00 4.000000000000000000e+02 -1.727304041627628095e+01 -2.592075470296759221e+01 1.524999999999999911e+00
-2.245533970447779737e+01 2.136922836256411884e-01 -2.657499999999954454e+00 4.000000000000000000e+02 -1.726162996174525333e+01 -2.591184424843656586e+01 1.905000000000000027e+00
-2.242428705198289762e+01 2.221155283810212211e-01 -2.659999999999954401e+00 4.000000000000000000e+02 -1.716940704178351140e+01 -2.582212132847482167e+01 1.445000000000000062e+00
-2.239138856516877851e+01 2.175620879564866550e-01 -2.662499999999954348e+00 4.000000000000000000e+02 -1.713204624751589122e+01 -2.578726053420720277e+01 6.650000000000000355e-01
-2.235842651144165316e+01 2.274551264090989844e-01 -2.664999999999954294e+00 4.000000000000000000e+02 -1.709794307409036307e+01 -2.575565736078167589e+01 1.014999999999999902e+00
-2.232550849008086757e+01 2.114695671649572117e-01 -2.667499999999954241e+00 4.000000000000000000e+02 -1.706653298665166929e+01 -2.572674727334297984e+01 1.540000000000000036e+00
-2.229272000276660393e+01 2.126222484265917201e-01 -2.669999999999954188e+00 4.000000000000000000e+02 -1.704126814730289396e+01 -2.570398243399420579e+01 1.620000000000000107e+00
-2.226025328266689129e+01 2.076233330065590521e-01 -2.672499999999954134e+00 4.000000000000000000e+02 -1.703914251145503655e+01 -2.570435679814634966e+01 1.709999999999999964e+00
-2.222881917486930803e+01 1.963589929222174790e-01 -2.674999999999954081e+00 4.000000000000000000e+02 -1.703890422687064898e+01 -2.570661851356195982e+01 3.200000000000000067e-01
-2.219841094479113153e+01 1.990727214607843076e-01 -2.677499999999954028e+00 4.000000000000000000e+02 -1.701978609901179595e+01 -2.569000038570310807e+01 2.399999999999999911e-01
-2.216841298526098214e+01 2.094816949138214035e-01 -2.679999999999953975e+00 4.000000000000000000e+02 -1.697343359514080419e+01 -2.564614788183211402e+01 7.600000000000000089e-01
-2.213800282504545436e+01 2.063882129047135694e-01 -2.682499999999953921e+00 4.000000000000000000e+02 -1.695371448376172552e+01 -2.562892877045303663e+01 1.179999999999999938e+00
-2.210798525125954228e+01 2.060221663176527995e-01 -2.684999999999953868e+00 4.000000000000000000e+02 -1.690430288102938405e+01 -2.558201716772069290e+01 5.450000000000000400e-01
-2.207746397838225860e+01 2.040735908431939583e-01 -2.687499999999953815e+00 4.000000000000000000e+02 -1.689302811316919062e+01 -2.557324239986050074e+01 1.084999999999999964e+00
-2.204758956234870837e+01 2.162959936359966084e-01 -2.689999999999953761e+00 4.000000000000000000e+02 -1.688027673104786430e+01 -2.556299101773917570e+01 1.774999999999999911e+00
-2.201828723674681498e+01 2.100130747373755435e-01 -2.692499999999953708e+00 4.000000000000000000e+02 -1.687112229321904877e+01 -2.555633657991035790e+01 1.899999999999999911e+00
-2.198963177699657479e+01 2.001913116466714215e-01 -2.694999999999953655e+00 4.000000000000000000e+02 -1.685785800804739409e+01 -2.554557229473870450e+01 5.300000000000000266e-01
-2.196147735240925059e+01 2.010506746916309595e-01 -2.697499999999953602e+00 4.000000000000000000e+02 -1.685234128740860271e+01 -2.554255557409991439e+01 3.549999999999999822e-01
-2.193401233451722376e+01 2.057744561598608968e-01 -2.699999999999953548e+00 4.000000000000000000e+02 -1.684825112824272608e+01 -2.554096541493403549e+01 1.629999999999999893e+00
-2.190723954809494245e+01 2.132890461348806999e-01 -2.702499999999953495e+00 4.000000000000000000e+02 -1.683995025470557394e+01 -2.553516454139688463e+01 5.350000000000000311e-01
-2.188101516994603202e+01 2.237851949442293820e-01 -2.704999999999953442e+00 4.000000000000000000e+02 -1.683948259575565132e+01 -2.553719688244696329e+01 9.350000000000000533e-01
-2.185551219829428859e+01 1.833698223424779505e-01 -2.707499999999953388e+00 4.000000000000000000e+02 -1.682828571256148820e+01 -2.552849999925279789e+01 1.830000000000000071e+00
-2.183042896451769010e+01 1.746374831092495916e-01 -2.709999999999953335e+00 4.000000000000000000e+02 -1.680458076533328082e+01 -2.550729505202459180e+01 9.449999999999999512e-01
-2.180544161934257374e+01 1.756409178758131240e-01 -2.712499999999953282e+00 4.000000000000000000e+02 -1.678597473562481213e+01 -2.549118902231612083e+01 1.729999999999999982e+00
-2.178067249843178743e+01 1.666262523245828076e-01 -2.714999999999953229e+00 4.000000000000000000e+02 -1.677403366159837006e+01 -2.548174794828968004e+01 3.350000000000000200e-01
-2.175627558628847780e+01 1.407216291591018853e-01 -2.717499999999953175e+00 4.000000000000000000e+02 -1.676940714514164199e+01 -2.547962143183295325e+01 8.950000000000000178e-01
-2.173240963701987383e+01 1.469071776867073020e-01 -2.719999999999953122e+00 4.000000000000000000e+02 -1.676257612984170819e+01 -2.547529041653302073e+01 1.669999999999999929e+00
-2.170900002148965413e+01 1.420701555443397990e-01 -2.722499999999953069e+00 4.000000000000000000e+02 -1.674039481661429818e+01 -2.545560910330560844e+01 1.830000000000000071e+00
-2.168567651353117398e+01 1.543009202742774699e-01 -2.724999999999953015e+00 4.000000000000000000e+02 -1.673600489826139892e+01 -2.545371918495271046e+01 1.350000000000000089e-01
-2.166284198910711467e+01 1.674102653067860991e-01 -2.727499999999952962e+00 4.000000000000000000e+02 -1.668477337370075730e+01 -2.540498766039206657e+01 1.280000000000000027e+00
-2.163941535872826094e+01 1.510957296832093066e-01 -2.729999999999952909e+00 4.000000000000000000e+02 -1.664304886084143220e+01 -2.536576314753274275e+01 1.540000000000000036e+00
-2.161562010185934923e+01 1.551285096354124149e-01 -2.732499999999952855e+00 4.000000000000000000e+02 -1.663961254616545560e+01 -2.536482683285676387e+01 3.649999999999999911e-01
-2.159235640318639682e+01 1.564081181781221130e-01 -2.734999999999952802e+00 4.000000000000000000e+02 -1.658193929213563322e+01 -2.530965357882694278e+01 5.200000000000000178e-01
-2.156834738360534942e+01 1.634702738023004198e-01 -2.737499999999952749e+00 4.000000000000000000e+02 -1.656754566533122031e+01 -2.529775995202253114e+01 5.350000000000000311e-01
-2.154462408540283036e+01 1.705031139195029022e-01 -2.739999999999952696e+00 4.000000000000000000e+02 -1.654030683342470809e+01 -2.527302112011602020e+01 3.750000000000000000e-01
-2.152087696710409759e+01 1.792670124482661220e-01 -2.742499999999952642e+00 4.000000000000000000e+02 -1.651694403814826373e+01 -2.525215832483957357e+01 4.450000000000000067e-01
-2.149719744105493291e+01 1.767317170135077609e-01 -2.744999999999952589e+00 4.000000000000000000e+02 -1.647273920934301472e+01 -2.521045349603432584e+01 1.225000000000000089e+00
-2.147309236422652390e+01 1.695197085395135916e-01 -2.747499999999952536e+00 4.000000000000000000e+02 -1.646467049251676329e+01 -2.520488477920807213e+01 1.665000000000000036e+00
-2.144942479463102458e+01 1.854647038438834439e-01 -2.749999999999952482e+00 4.000000000000000000e+02 -1.645421986051516328e+01 -2.519693414720647340e+01 1.574999999999999956e+00
-2.142612203204573618e+01 1.844753644082113286e-01 -2.752499999999952429e+00 4.000000000000000000e+02 -1.634702035037285839e+01 -2.509223463706416624e+01 2.349999999999999867e-01
-2.140086791878886530e+01 2.032074116963684118e-01 -2.754999999999952376e+00 4.000000000000000000e+02 -1.634613277233895801e+01 -2.509384705903026713e+01 1.135000000000000009e+00
-2.137627509883338561e+01 1.962594016734049429e-01 -2.757499999999952323e+00 4.000000000000000000e+02 -1.633145266846310051e+01 -2.508166695515441091e+01 1.459999999999999964e+00
-2.135198200066713881e+01 2.034071586356281935e-01 -2.759999999999952269e+00 4.000000000000000000e+02 -1.626742628069529317e+01 -2.502014056738660486e+01 1.989999999999999991e+00
-2.132677885852977440e+01 1.983045786025729729e-01 -2.762499999999952216e+00 4.000000000000000000e+02 -1.620174162505103865e+01 -2.495695591174234806e+01 1.604999999999999982e+00
-2.130061270769243364e+01 1.998193980297763850e-01 -2.764999999999952163e+00 4.000000000000000000e+02 -1.620128268088628687e+01 -2.495899696757759756e+01 4.000000000000000222e-01
-2.127516513782585861e+01 2.014991828507047555e-01 -2.767499999999952109e+00 4.000000000000000000e+02 -1.611760638717770533e+01 -2.487782067386901375e+01 1.784999999999999920e+00
-2.124827858288414717e+01 2.040899375414461092e-01 -2.769999999999952056e+00 4.000000000000000000e+02 -1.608267306485834069e+01 -2.484538735154965039e+01 1.250000000000000000e+00
-2.122124448350751891e+01 1.875255917038137765e-01 -2.772499999999952003e+00 4.000000000000000000e+02 -1.606068971309258941e+01 -2.482590399978389684e+01 2.449999999999999956e-01
-2.119441103899097456e+01 1.705003303131316095e-01 -2.774999999999951950e+00 4.000000000000000000e+02 -1.602757131257872913e+01 -2.479528559927003784e+01 1.375000000000000000e+00
-2.116747719675872119e+01 1.669570391221054106e-01 -2.777499999999951896e+00 4.000000000000000000e+02 -1.600244666622617373e+01 -2.477266095291748371e+01 1.784999999999999920e+00
-2.114065762880430910e+01 1.701958531175822298e-01 -2.779999999999951843e+00 4.000000000000000000e+02 -1.598403844933337581e+01 -2.475675273602468707e+01 1.784999999999999920e+00
-2.111412528085080709e+01 1.529127804081328312e-01 -2.782499999999951790e+00 4.000000000000000000e+02 -1.598306082067883871e+01 -2.475827510737014592e+01 6.800000000000000488e-01
-2.108831755654404816e+01 1.698532487078154851e-01 -2.784999999999951736e+00 4.000000000000000000e+02 -1.596055431061109431e+01 -2.473826859730240102e+01 1.419999999999999929e+00
-2.106265721594778739e+01 1.709014445571451768e-01 -2.787499999999951683e+00 4.000000000000000000e+02 -1.595943127900420144e+01 -2.473964556569551121e+01 1.499999999999999944e-02
-2.103767288774925248e+01 1.778153604234580798e-01 -2.789999999999951630e+00 4.000000000000000000e+02 -1.595496145687233636e+01 -2.473767574356364563e+01 1.185000000000000053e+00
-2.101325011071767079e+01 1.771259295671653855e-01 -2.792499999999951577e+00 4.000000000000000000e+02 -1.593401325035611293e+01 -2.471922753704742348e+01 1.799999999999999933e-01
-2.098897106244816513e+01 1.920938307796495326e-01 -2.794999999999951523e+00 4.000000000000000000e+02 -1.591443566518995389e+01 -2.470214995188126039e+01 2.250000000000000056e-01
-2.096486414770875939e+01 1.992068867893602713e-01 -2.797499999999951470e+00 4.000000000000000000e+02 -1.588821238950771253e+01 -2.467842667619902386e+01 1.219999999999999973e+00
-2.094076636902830657e+01 1.952701891997039862e-01 -2.799999999999951417e+00 4.000000000000000000e+02 -1.585701936986292182e+01 -2.464973365655423265e+01 8.699999999999999956e-01
-2.091655893307089542e+01 2.008997558606676892e-01 -2.802499999999951363e+00 4.000000000000000000e+02 -1.583179752783094152e+01 -2.462701181452224830e+01 1.350000000000000089e-01
-2.089238700199679144e+01 2.084537991377106991e-01 -2.804999999999951310e+00 4.000000000000000000e+02 -1.582610954598827924e+01 -2.462382383267958730e+01 9.050000000000000266e-01
-2.086871111395076994e+01 2.055121040648671127e-01 -2.807499999999951257e+00 4.000000000000000000e+02 -1.577623141853299593e+01 -2.457644570522430172e+01 5.949999999999999734e-01
-2.084447417811728798e+01 2.015332883583151879e-01 -2.809999999999951203e+00 4.000000000000000000e+02 -1.573529107933374860e+01 -2.453800536602505744e+01 4.899999999999999911e-01
-2.081989476537858152e+01 2.187397910724714067e-01 -2.812499999999951150e+00 4.000000000000000000e+02 -1.569810800842208032e+01 -2.450332229511338866e+01 1.675000000000000044e+00
-2.079506882477034324e+01 2.229335825850181918e-01 -2.814999999999951097e+00 4.000000000000000000e+02 -1.569135535229711209e+01 -2.449906963898841994e+01 7.600000000000000089e-01
-2.077074231836989071e+01 2.111792098884101576e-01 -2.817499999999951044e+00 4.000000000000000000e+02 -1.567214650627629702e+01 -2.448236079296760437e+01 6.049999999999999822e-01
-2.074659820831252688e+01 2.176485938283288235e-01 -2.819999999999950990e+00 4.000000000000000000e+02 -1.564155791053383915e+01 -2.445427219722514778e+01 2.650000000000000133e-01
-2.072235982127745046e+01 2.258592285019675183e-01 -2.822499999999950937e+00 4.000000000000000000e+02 -1.561854796331889617e+01 -2.443376225001020430e+01 4.650000000000000244e-01
-2.069821055690839628e+01 2.238953172044259587e-01 -2.824999999999950884e+00 4.000000000000000000e+02 -1.545961408446041396e+01 -2.427732837115172160e+01 1.745000000000000107e+00
-2.067069237838259710e+01 2.244753099541070551e-01 -2.827499999999950830e+00 4.000000000000000000e+02 -1.544564085708617718e+01 -2.426585514377748609e+01 8.950000000000000178e-01
-2.064360632612054758e+01 2.184920235099307162e-01 -2.829999999999950777e+00 4.000000000000000000e+02 -1.542812857399714943e+01 -2.425084286068845785e+01 1.049999999999999961e-01
-2.061684102683569364e+01 2.159320382857982945e-01 -2.832499999999950724e+00 4.000000000000000000e+02 -1.541527243288477145e+01 -2.424048671957607937e+01 1.790000000000000036e+00
-2.059050565421468804e+01 2.199780854228765292e-01 -2.834999999999950671e+00 4.000000000000000000e+02 -1.539573888816341096e+01 -2.422345317485471838e+01 7.800000000000000266e-01
-2.056441095916765249e+01 2.126136593965098354e-01 -2.837499999999950617e+00 4.000000000000000000e+02 -1.535653947261348407e+01 -2.418675375930479277e+01 1.530000000000000027e+00
-2.053804170075978774e+01 2.187324258081167760e-01 -2.839999999999950564e+00 4.000000000000000000e+02 -1.531193364152999337e+01 -2.414464792822130335e+01 4.749999999999999778e-01
-2.051125974977712829e+01 2.037953003515280692e-01 -2.842499999999950511e+00 4.000000000000000000e+02 -1.528050074810352932e+01 -2.411571503479483880e+01 5.500000000000000444e-01
-2.048442089736827754e+01 2.143912613874169037e-01 -2.844999999999950457e+00 4.000000000000000000e+02 -1.527797159953363781e+01 -2.411568588622494502e+01 1.419999999999999929e+00
-2.045828282952484045e+01 2.241164443125171768e-01 -2.847499999999950404e+00 4.000000000000000000e+02 -1.527597437054851426e+01 -2.411618865723982097e+01 4.499999999999999833e-02
-2.043282323552387325e+01 2.277338852565774507e-01 -2.849999999999950351e+00 4.000000000000000000e+02 -1.526850437787507531e+01 -2.411121866456638330e+01 1.110000000000000098e+00
-2.040787360291658814e+01 2.242791557495785182e-01 -2.852499999999950298e+00 4.000000000000000000e+02 -1.523627483182182196e+01 -2.408148911851312945e+01 1.814999999999999947e+00
-2.038280591366615724e+01 2.224922359848173492e-01 -2.854999999999950244e+00 4.000000000000000000e+02 -1.522391047512295437e+01 -2.407162476181426314e+01 3.400000000000000244e-01
-2.035811182283779530e+01 2.188043431569881292e-01 -2.857499999999950191e+00 4.000000000000000000e+02 -1.521521141337936278e+01 -2.406542570007066928e+01 1.344999999999999973e+00
-2.033386481069391749e+01 2.156285457538437145e-01 -2.859999999999950138e+00 4.000000000000000000e+02 -1.520212158233985988e+01 -2.405483586903116588e+01 1.584999999999999964e+00
-2.030994279086440102e+01 2.178826567852854279e-01 -2.862499999999950084e+00 4.000000000000000000e+02 -1.519985371878249758e+01 -2.405506800547380664e+01 8.000000000000000444e-01
-2.028658504959220465e+01 1.890539682077551076e-01 -2.864999999999950031e+00 4.000000000000000000e+02 -1.503985905741621387e+01 -2.389757334410752065e+01 1.875000000000000000e+00
-2.025991865460108343e+01 1.995022579517584660e-01 -2.867499999999949978e+00 4.000000000000000000e+02 -1.500294500504678830e+01 -2.386315929173809280e+01 1.104999999999999982e+00
-2.023304761699418108e+01 1.966187167532707503e-01 -2.869999999999949925e+00 4.000000000000000000e+02 -1.493797159632855198e+01 -2.380068588301985955e+01 5.699999999999999512e-01
-2.020521610283864788e+01 2.056278614544876371e-01 -2.872499999999949871e+00 4.000000000000000000e+02 -1.490321781844657778e+01 -2.376843210513788307e+01 2.999999999999999889e-01
-2.017726294594849534e+01 1.824368372946693073e-01 -2.874999999999949818e+00 4.000000000000000000e+02 -1.486674745530695851e+01 -2.373446174199826686e+01 4.000000000000000083e-02
-2.014914343205105851e+01 1.826126058191160917e-01 -2.877499999999949765e+00 4.000000000000000000e+02 -1.485440299955370946e+01 -2.372461728624501731e+01 1.834999999999999964e+00
-2.012152616998916344e+01 1.837506407072365122e-01 -2.879999999999949711e+00 4.000000000000000000e+02 -1.483978088214427338e+01 -2.371249516883558073e+01 7.850000000000000311e-01
-2.009432782072162738e+01 1.754164629266594111e-01 -2.882499999999949658e+00 4.000000000000000000e+02 -1.482934097896332126e+01 -2.370455526565462634e+01 5.849999999999999645e-01
-2.006764139732731422e+01 1.647075844689558921e-01 -2.884999999999949605e+00 4.000000000000000000e+02 -1.481763921077830304e+01 -2.369535349746961117e+01 4.099999999999999756e-01
-2.004141150818574246e+01 1.337750212517902770e-01 -2.887499999999949551e+00 4.000000000000000000e+02 -1.481707588654020746e+01 -2.369729017323151510e+01 1.310000000000000053e+00
-2.001590090451488990e+01 1.375940785210466033e-01 -2.889999999999949498e+00 4.000000000000000000e+02 -1.478147229447859701e+01 -2.366418658116990414e+01 1.834999999999999964e+00
-1.999019833947175329e+01 1.408385141218144454e-01 -2.892499999999949445e+00 4.000000000000000000e+02 -1.470894729560974312e+01 -2.359416158230104799e+01 1.280000000000000027e+00
-1.996334645373399397e+01 1.355954981211629773e-01 -2.894999999999949392e+00 4.000000000000000000e+02 -1.470132306909389186e+01 -2.358903735578519800e+01 1.300000000000000044e+00
-1.993706418650526757e+01 1.352719017336382334e-01 -2.897499999999949338e+00 4.000000000000000000e+02 -1.469569574045210025e+01 -2.358591002714340590e+01 1.610000000000000098e+00
-1.991137583178072745e+01 1.514120151458277774e-01 -2.899999999999949285e+00 4.000000000000000000e+02 -1.468488796685014464e+01 -2.357760225354144978e+01 4.050000000000000266e-01
-1.988612455671640689e+01 1.653176590196908380e-01 -2.902499999999949232e+00 4.000000000000000000e+02 -1.465832620142222531e+01 -2.355354048811353351e+01 3.449999999999999734e-01
-1.986090292503300248e+01 1.628695155954790197e-01 -2.904999999999949178e+00 4.000000000000000000e+02 -1.465337562255899506e+01 -2.355108990925030099e+01 8.950000000000000178e-01
-1.983624218308850118e+01 1.712143826800761326e-01 -2.907499999999949125e+00 4.000000000000000000e+02 -1.465231953294716405e+01 -2.355253381963846948e+01 1.814999999999999947e+00
-1.981220929729464686e+01 1.464292995702529965e-01 -2.909999999999949072e+00 4.000000000000000000e+02 -1.465086530308535018e+01 -2.355357958977665689e+01 1.709999999999999964e+00
-1.978876470671719545e+01 1.386802225527320742e-01 -2.912499999999949019e+00 4.000000000000000000e+02 -1.457215786970157190e+01 -2.347737215639287811e+01 1.179999999999999938e+00
-1.976406545899189027e+01 1.189594857984427184e-01 -2.914999999999948965e+00 4.000000000000000000e+02 -1.453266018415015104e+01 -2.344037447084145498e+01 3.150000000000000022e-01
-1.973906436271014186e+01 1.178995556679800910e-01 -2.917499999999948912e+00 4.000000000000000000e+02 -1.446977986861669052e+01 -2.337999415530799752e+01 1.834999999999999964e+00
-1.971317447097400333e+01 1.174074996425957668e-01 -2.919999999999948859e+00 4.000000000000000000e+02 -1.440190247907256449e+01 -2.331461676576387276e+01 1.540000000000000036e+00
-1.968625571175536138e+01 1.403435227826186349e-01 -2.922499999999948805e+00 4.000000000000000000e+02 -1.437665581217139810e+01 -2.329187009886270232e+01 1.975000000000000089e+00
-1.965944753724971505e+01 1.335553276895995456e-01 -2.924999999999948752e+00 4.000000000000000000e+02 -1.432825078670050090e+01 -2.324596507339180818e+01 1.395000000000000018e+00
-1.963212948813006165e+01 1.433752159994605979e-01 -2.927499999999948699e+00 4.000000000000000000e+02 -1.431490226240413044e+01 -2.323511654909543722e+01 1.350000000000000089e-01
-1.960525172657159843e+01 1.442740609064452617e-01 -2.929999999999948646e+00 4.000000000000000000e+02 -1.430808891181969322e+01 -2.323080319851099773e+01 1.725000000000000089e+00
-1.957896584229487047e+01 1.521882995418686602e-01 -2.932499999999948592e+00 4.000000000000000000e+02 -1.430434092815413649e+01 -2.322955521484544050e+01 1.415000000000000036e+00
-1.955332166811053085e+01 1.451774191121418534e-01 -2.934999999999948539e+00 4.000000000000000000e+02 -1.429109192758637725e+01 -2.321880621427768432e+01 2.399999999999999911e-01
-1.952805188759078447e+01 1.397963732152743277e-01 -2.937499999999948486e+00 4.000000000000000000e+02 -1.427423796569586223e+01 -2.320445225238717057e+01 6.750000000000000444e-01
-1.950305304681852192e+01 1.192553494519701662e-01 -2.939999999999948432e+00 4.000000000000000000e+02 -1.424764613151250003e+01 -2.318036041820380433e+01 1.500000000000000000e+00
-1.947807658919151308e+01 1.193694679753582871e-01 -2.942499999999948379e+00 4.000000000000000000e+02 -1.421280926920051968e+01 -2.314802355589182525e+01 4.699999999999999734e-01
-1.945291791831218120e+01 1.140292666560536877e-01 -2.944999999999948326e+00 4.000000000000000000e+02 -1.412818497390862404e+01 -2.306589926059992735e+01 1.844999999999999973e+00
-1.942630391749700891e+01 1.299327238139068308e-01 -2.947499999999948272e+00 4.000000000000000000e+02 -1.409683852248327618e+01 -2.303705280917458253e+01 1.239999999999999991e+00
-1.939963122212865088e+01 1.366905548271116766e-01 -2.949999999999948219e+00 4.000000000000000000e+02 -1.407158346463071297e+01 -2.301429775132201883e+01 3.850000000000000089e-01
-1.937306144303265043e+01 1.345490312346918071e-01 -2.952499999999948166e+00 4.000000000000000000e+02 -1.406765364578637190e+01 -2.301286793247767548e+01 1.959999999999999964e+00
-1.934714282662107010e+01 1.326943754208336212e-01 -2.954999999999948113e+00 4.000000000000000000e+02 -1.406748878860053154e+01 -2.301520307529183640e+01 1.014999999999999902e+00
-1.932193723740769542e+01 1.336048086754162700e-01 -2.957499999999948059e+00 4.000000000000000000e+02 -1.405865294099861806e+01 -2.300886722768992598e+01 1.844999999999999973e+00
-1.929719703167497613e+01 1.362157699024342805e-01 -2.959999999999948006e+00 4.000000000000000000e+02 -1.397099466583068583e+01 -2.292370895252199148e+01 5.100000000000000089e-01
-1.927093605307346635e+01 1.422848234026518055e-01 -2.962499999999947953e+00 4.000000000000000000e+02 -1.390993111944776750e+01 -2.286514540613907087e+01 7.249999999999999778e-01
-1.924382451141200789e+01 1.293851068143443139e-01 -2.964999999999947899e+00 4.000000000000000000e+02 -1.389173451606208687e+01 -2.284944880275339330e+01 1.985000000000000098e+00
-1.921701659889214397e+01 1.425308310875836315e-01 -2.967499999999947846e+00 4.000000000000000000e+02 -1.384644366377198921e+01 -2.280665795046329336e+01 1.175000000000000044e+00
-1.918978260342940700e+01 1.614206931674878609e-01 -2.969999999999947793e+00 4.000000000000000000e+02 -1.382314397711385645e+01 -2.278585826380516011e+01 1.465000000000000080e+00
-1.916272093518271191e+01 1.571841145908147719e-01 -2.972499999999947740e+00 4.000000000000000000e+02 -1.378908492489196291e+01 -2.275429921158326607e+01 1.304999999999999938e+00
-1.913553892908590726e+01 1.667749249097129349e-01 -2.974999999999947686e+00 4.000000000000000000e+02 -1.374972431250351335e+01 -2.271743859919481778e+01 7.349999999999999867e-01
-1.910809615639560732e+01 1.815710207663072395e-01 -2.977499999999947633e+00 4.000000000000000000e+02 -1.372382874877630599e+01 -2.269404303546761170e+01 8.950000000000000178e-01
-1.908076272477568480e+01 1.825072461713328209e-01 -2.979999999999947580e+00 4.000000000000000000e+02 -1.365639597279530726e+01 -2.262911025948661248e+01 1.149999999999999911e+00
-1.905239672552030683e+01 1.714447173189896922e-01 -2.982499999999947526e+00 4.000000000000000000e+02 -1.363137079451600719e+01 -2.260658508120731369e+01 8.449999999999999734e-01
-1.902419361633637251e+01 1.693391952780097243e-01 -2.984999999999947473e+00 4.000000000000000000e+02 -1.362918733124197601e+01 -2.260690161793328201e+01 5.000000000000000278e-02
-1.899677271628707942e+01 1.620768236026200182e-01 -2.987499999999947420e+00 4.000000000000000000e+02 -1.362179589025676307e+01 -2.260201017694806680e+01 1.044999999999999929e+00
-1.896995456948404524e+01 1.640936573420442302e-01 -2.989999999999947367e+00 4.000000000000000000e+02 -1.359884500471149948e+01 -2.258155929140280449e+01 4.949999999999999956e-01
-1.894330439028813373e+01 1.682922747043650580e-01 -2.992499999999947313e+00 4.000000000000000000e+02 -1.359723149081260019e+01 -2.258244577750390647e+01 7.299999999999999822e-01
-1.891736875131338280e+01 1.608057747352848454e-01 -2.994999999999947260e+00 4.000000000000000000e+02 -1.355465002853865109e+01 -2.254236431522995332e+01 1.770000000000000018e+00
-1.889106844097725713e+01 1.647792304402884989e-01 -2.997499999999947207e+00 4.000000000000000000e+02 -1.352337977769619037e+01 -2.251359406438749744e+01 1.790000000000000036e+00
-1.886470394005300477e+01 1.685695545192873179e-01 -2.999999999999947153e+00 4.000000000000000000e+02 -1.348402893839557315e+01 -2.247674322508687794e+01 9.100000000000000311e-01
-1.883806518666595053e+01 1.730668131918635944e-01 -3.002499999999947100e+00 4.000000000000000000e+02 -1.347848701508598701e+01 -2.247370130177728953e+01 1.610000000000000098e+00
-1.881203965158723435e+01 1.731342785271545726e-01 -3.004999999999947047e+00 4.000000000000000000e+02 -1.346925660826266125e+01 -2.246697089495396682e+01 1.155000000000000027e+00
-1.878650517327620406e+01 1.620875306685054806e-01 -3.007499999999946994e+00 4.000000000000000000e+02 -1.342936522681796951e+01 -2.242957951350927459e+01 1.604999999999999982e+00
-1.876067003384822485e+01 1.687940860008989297e-01 -3.009999999999946940e+00 4.000000000000000000e+02 -1.340300739597318369e+01 -2.240572168266448827e+01 3.950000000000000178e-01
-1.873488527567200990e+01 1.765078033802343627e-01 -3.012499999999946887e+00 4.000000000000000000e+02 -1.340209829116560591e+01 -2.240731257785691000e+01 7.700000000000000178e-01
-1.870978815383735494e+01 1.535444130506945226e-01 -3.014999999999946834e+00 4.000000000000000000e+02 -1.338809112276008406e+01 -2.239580540945138765e+01 1.770000000000000018e+00
-1.868502563397102278e+01 1.470549358903958104e-01 -3.017499999999946780e+00 4.000000000000000000e+02 -1.336422727498790408e+01 -2.237444156167920895e+01 1.324999999999999956e+00
-1.866034610267884730e+01 1.355901481545110643e-01 -3.019999999999946727e+00 4.000000000000000000e+02 -1.333338519589756999e+01 -2.234609948258887613e+01 8.900000000000000133e-01
-1.863557712799268629e+01 1.353991109749659305e-01 -3.022499999999946674e+00 4.000000000000000000e+02 -1.331748199171977909e+01 -2.233269627841108473e+01 1.645000000000000018e+00
-1.861108467794693411e+01 1.455421305330266979e-01 -3.024999999999946620e+00 4.000000000000000000e+02 -1.323440507176321468e+01 -2.225211935845451805e+01 1.314999999999999947e+00
-1.858519746675937157e+01 1.470188546426867970e-01 -3.027499999999946567e+00 4.000000000000000000e+02 -1.322037370033797288e+01 -2.224058798702927575e+01 1.989999999999999991e+00
-1.855967456479273991e+01 1.521618620749292938e-01 -3.029999999999946514e+00 4.000000000000000000e+02 -1.315242792625675783e+01 -2.217514221294806021e+01 5.899999999999999689e-01
-1.853312578277106937e+01 1.568171458728385148e-01 -3.032499999999946461e+00 4.000000000000000000e+02 -1.314667726662683656e+01 -2.217189155331814021e+01 1.780000000000000027e+00
-1.850718052542350378e+01 1.478554839768968232e-01 -3.034999999999946407e+00 4.000000000000000000e+02 -1.313063809412473049e+01 -2.215835238081603364e+01 6.199999999999999956e-01
-1.848155109444457622e+01 1.433019723388225808e-01 -3.037499999999946354e+00 4.000000000000000000e+02 -1.306516699203506704e+01 -2.209538127872637148e+01 1.895000000000000018e+00
-1.845495937752993498e+01 1.581182720757945692e-01 -3.039999999999946301e+00 4.000000000000000000e+02 -1.306359364636258746e+01 -2.209630793305389318e+01 5.050000000000000044e-01
-1.842908018619506549e+01 1.609093350524449517e-01 -3.042499999999946247e+00 4.000000000000000000e+02 -1.302759300779242402e+01 -2.206280729448372568e+01 1.189999999999999947e+00
-1.840300556349662742e+01 1.780707707836712561e-01 -3.044999999999946194e+00 4.000000000000000000e+02 -1.300533183864945741e+01 -2.204304612534075858e+01 6.500000000000000222e-01
-1.837709293528776300e+01 1.864646582741144865e-01 -3.047499999999946141e+00 4.000000000000000000e+02 -1.299695324091754323e+01 -2.203716752760884390e+01 4.499999999999999833e-02
-1.835168780260004340e+01 2.003728971485696786e-01 -3.049999999999946088e+00 4.000000000000000000e+02 -1.288540245233816428e+01 -2.192811673902946978e+01 2.600000000000000089e-01
-1.832409654431600643e+01 2.136222172941672492e-01 -3.052499999999946034e+00 4.000000000000000000e+02 -1.287594633061104865e+01 -2.192116061730235188e+01 9.399999999999999467e-01
-1.829706125279257378e+01 2.164920980656568628e-01 -3.054999999999945981e+00 4.000000000000000000e+02 -1.280333099804492214e+01 -2.185104528473622310e+01 3.750000000000000000e-01
-1.826885246098195381e+01 2.058541935861930572e-01 -3.057499999999945928e+00 4.000000000000000000e+02 -1.276418607729396903e+01 -2.181440036398527127e+01 3.800000000000000044e-01
-1.824040805650239250e+01 1.865224320950608916e-01 -3.059999999999945874e+00 4.000000000000000000e+02 -1.272233841262048593e+01 -2.177505269931178944e+01 1.014999999999999902e+00
-1.821165625882607131e+01 2.032632777826483272e-01 -3.062499999999945821e+00 4.000000000000000000e+02 -1.272097460706528516e+01 -2.177618889375658995e+01 6.250000000000000000e-01
-1.818373937311464772e+01 2.166731652432980215e-01 -3.064999999999945768e+00 4.000000000000000000e+02 -1.271398546878759106e+01 -2.177169975547889180e+01 6.800000000000000488e-01
-1.815646017894533770e+01 2.130032173774082938e-01 -3.067499999999945715e+00 4.000000000000000000e+02 -1.270939606862200577e+01 -2.176961035531330779e+01 1.225000000000000089e+00
-1.812985061184997093e+01 2.242344551850125878e-01 -3.069999999999945661e+00 4.000000000000000000e+02 -1.270826665513967946e+01 -2.177098094183098453e+01 1.385000000000000009e+00
-1.810396584487175886e+01 2.333202018623390106e-01 -3.072499999999945608e+00 4.000000000000000000e+02 -1.268760311158643006e+01 -2.175281739827773464e+01 9.150000000000000355e-01
-1.807827763502955420e+01 2.238473362475888739e-01 -3.074999999999945555e+00 4.000000000000000000e+02 -1.268722185691128423e+01 -2.175493614360258476e+01 5.799999999999999600e-01
-1.805328516675574946e+01 2.167298410014275034e-01 -3.077499999999945501e+00 4.000000000000000000e+02 -1.267209614455728683e+01 -2.174231043124859042e+01 1.635000000000000009e+00
-1.802859611026314113e+01 2.230911626647583690e-01 -3.079999999999945448e+00 4.000000000000000000e+02 -1.263223812580496919e+01 -2.170495241249627227e+01 4.600000000000000200e-01
-1.800359618160875996e+01 2.365115234205580341e-01 -3.082499999999945395e+00 4.000000000000000000e+02 -1.261405069974140503e+01 -2.168926498643270762e+01 2.700000000000000178e-01
-1.797882513772969304e+01 2.543058656009310470e-01 -3.084999999999945342e+00 4.000000000000000000e+02 -1.261286210608507474e+01 -2.169057639277637861e+01 1.080000000000000071e+00
-1.795468419494105206e+01 2.478288410965550914e-01 -3.087499999999945288e+00 4.000000000000000000e+02 -1.255564699618596336e+01 -2.163586128287726496e+01 7.000000000000000666e-02
-1.792980301218710437e+01 2.355873672255968387e-01 -3.089999999999945235e+00 4.000000000000000000e+02 -1.252678724765870122e+01 -2.160950153435000232e+01 1.449999999999999956e+00
-1.790488546865219277e+01 2.306688129516336616e-01 -3.092499999999945182e+00 4.000000000000000000e+02 -1.245703886959701379e+01 -2.154225315628831794e+01 1.650000000000000078e-01
-1.787890437980419023e+01 2.269722908279083462e-01 -3.094999999999945128e+00 4.000000000000000000e+02 -1.244634583926537985e+01 -2.153406012595668173e+01 6.199999999999999956e-01
-1.785337556086540189e+01 2.106358949798262659e-01 -3.097499999999945075e+00 4.000000000000000000e+02 -1.241660912028784125e+01 -2.150682340697914441e+01 8.100000000000000533e-01
-1.782780365723240124e+01 2.059976227564614959e-01 -3.099999999999945022e+00 4.000000000000000000e+02 -1.239444008016362986e+01 -2.148715436685493074e+01 7.650000000000000133e-01
-1.780238035943840558e+01 2.148059425701238367e-01 -3.102499999999944968e+00 4.000000000000000000e+02 -1.235271611610081521e+01 -2.144793040279211738e+01 4.149999999999999800e-01
-1.777660828489941380e+01 2.033482059022085620e-01 -3.104999999999944915e+00 4.000000000000000000e+02 -1.232334438318706837e+01 -2.142105866987837004e+01 1.334999999999999964e+00
-1.775080821696492706e+01 2.025324483607447157e-01 -3.107499999999944862e+00 4.000000000000000000e+02 -1.231597920986286354e+01 -2.141619349655416471e+01 1.574999999999999956e+00
-1.772553595930929760e+01 2.046890359505787738e-01 -3.109999999999944809e+00 4.000000000000000000e+02 -1.230185876049258198e+01 -2.140457304718388443e+01 6.800000000000000488e-01
-1.770060213284683570e+01 1.962689836952645484e-01 -3.112499999999944755e+00 4.000000000000000000e+02 -1.229940259679219672e+01 -2.140461688348349867e+01 1.705000000000000071e+00
-1.767627596137807799e+01 2.049023381983442471e-01 -3.114999999999944702e+00 4.000000000000000000e+02 -1.228856429318565446e+01 -2.139627857987695592e+01 1.695000000000000062e+00
-1.765233103859011621e+01 2.103661423660614926e-01 -3.117499999999944649e+00 4.000000000000000000e+02 -1.227738687673760687e+01 -2.138760116342891138e+01 7.850000000000000311e-01
-1.762874467356536456e+01 1.994447229050755610e-01 -3.119999999999944595e+00 4.000000000000000000e+02 -1.224556209327978173e+01 -2.135827637997108397e+01 5.699999999999999512e-01
-1.760502416828481742e+01 2.106862141013934042e-01 -3.122499999999944542e+00 4.000000000000000000e+02 -1.223055069768670933e+01 -2.134576498437801106e+01 1.104999999999999982e+00
-1.758156498705724147e+01 2.114639355256014153e-01 -3.124999999999944489e+00 4.000000000000000000e+02 -1.222044723312221137e+01 -2.133816151981351084e+01 7.900000000000000355e-01
-1.755847060624662248e+01 2.168137641308262031e-01 -3.127499999999944436e+00 4.000000000000000000e+02 -1.219220739994635494e+01 -2.131242168663765568e+01 9.399999999999999467e-01
-1.753531575230058692e+01 2.058351630863183568e-01 -3.129999999999944382e+00 4.000000000000000000e+02 -1.218409316676333987e+01 -2.130680745345464189e+01 1.250000000000000000e-01
-1.751255896134349399e+01 2.114554758053878991e-01 -3.132499999999944329e+00 4.000000000000000000e+02 -1.216008582847665487e+01 -2.128530011516795639e+01 4.699999999999999734e-01
-1.748983026567129784e+01 2.058180850341078949e-01 -3.134999999999944276e+00 4.000000000000000000e+02 -1.215845357177324182e+01 -2.128616785846454462e+01 1.850000000000000089e+00
-1.746762576738618478e+01 2.016708575086061939e-01 -3.137499999999944222e+00 4.000000000000000000e+02 -1.212024505495162252e+01 -2.125045934164292305e+01 5.000000000000000000e-01
-1.744512275688819969e+01 2.208651029343484673e-01 -3.139999999999944169e+00 4.000000000000000000e+02 -1.211392556058486569e+01 -2.124663984727616750e+01 2.000000000000000111e-01
-1.742303171168145681e+01 2.252168507012527188e-01 -3.142499999999944116e+00 4.000000000000000000e+02 -1.210744085236446921e+01 -2.124265513905577052e+01 7.650000000000000133e-01
-1.740133278559610730e+01 2.276035799985129671e-01 -3.144999999999944063e+00 4.000000000000000000e+02 -1.208291971177377100e+01 -2.122063399846507181e+01 9.799999999999999822e-01
-1.737962694202212788e+01 2.334576366713589646e-01 -3.147499999999944009e+00 4.000000000000000000e+02 -1.207425981963003103e+01 -2.121447410632133312e+01 7.349999999999999867e-01
-1.735825237422676892e+01 2.289210597880278475e-01 -3.149999999999943956e+00 4.000000000000000000e+02 -1.202943411894077563e+01 -2.117214840563207900e+01 9.549999999999999600e-01
-1.733643016331762610e+01 2.342045288355065202e-01 -3.152499999999943903e+00 4.000000000000000000e+02 -1.201940740039542099e+01 -2.116462168708672209e+01 1.405000000000000027e+00
-1.731491438422913376e+01 2.289769711731752255e-01 -3.154999999999943849e+00 4.000000000000000000e+02 -1.200263329572239002e+01 -2.115034758241369062e+01 1.435000000000000053e+00
-1.729355220617826205e+01 2.259755628591242349e-01 -3.157499999999943796e+00 4.000000000000000000e+02 -1.199411522125887686e+01 -2.114432950795017874e+01 5.500000000000000028e-02
-1.727251191168814515e+01 2.221069557906711067e-01 -3.159999999999943743e+00 4.000000000000000000e+02 -1.199361632791082855e+01 -2.114633061460212815e+01 1.549999999999999989e-01
-1.725194597833396415e+01 2.191073424174544426e-01 -3.162499999999943689e+00 4.000000000000000000e+02 -1.198749443760056366e+01 -2.114270872429186454e+01 2.600000000000000089e-01
-1.723172210900919765e+01 2.006103379090228012e-01 -3.164999999999943636e+00 4.000000000000000000e+02 -1.198224197693992288e+01 -2.113995626363122327e+01 3.099999999999999978e-01
-1.721184505237363638e+01 1.999787154172642800e-01 -3.167499999999943583e+00 4.000000000000000000e+02 -1.197488432786063406e+01 -2.113509861455193573e+01 3.250000000000000111e-01
-1.719226142414350633e+01 2.025047718431223498e-01 -3.169999999999943530e+00 4.000000000000000000e+02 -1.192382315538675819e+01 -2.108653744207806113e+01 1.600000000000000033e-01
-1.717210777216939377e+01 1.942309116219148313e-01 -3.172499999999943476e+00 4.000000000000000000e+02 -1.189701795083172797e+01 -2.106223223752302687e+01 1.784999999999999920e+00
-1.715187111999811620e+01 2.013447132188523059e-01 -3.174999999999943423e+00 4.000000000000000000e+02 -1.185194185821912782e+01 -2.101965614491042800e+01 1.800000000000000044e+00
-1.713118200202697494e+01 1.903480615883963167e-01 -3.177499999999943370e+00 4.000000000000000000e+02 -1.182512370368066712e+01 -2.099533799037196857e+01 5.500000000000000028e-02
-1.711041844161754710e+01 1.934462563565267357e-01 -3.179999999999943316e+00 4.000000000000000000e+02 -1.182187289356392590e+01 -2.099458718025522685e+01 9.250000000000000444e-01
-1.709006212794890800e+01 1.795302512293787123e-01 -3.182499999999943263e+00 4.000000000000000000e+02 -1.181709254204689152e+01 -2.099230682873819376e+01 6.899999999999999467e-01
-1.707006684728085233e+01 1.840476957290435311e-01 -3.184999999999943210e+00 4.000000000000000000e+02 -1.180401354677983328e+01 -2.098172783347113324e+01 1.899999999999999911e+00
-1.705025712030840879e+01 1.874040639048241697e-01 -3.187499999999943157e+00 4.000000000000000000e+02 -1.179075273045454075e+01 -2.097096701714583844e+01 1.790000000000000036e+00
-1.703062410091221679e+01 1.694877829175033268e-01 -3.189999999999943103e+00 4.000000000000000000e+02 -1.176908642658733228e+01 -2.095180071327863303e+01 7.500000000000000000e-01
-1.701100015311187974e+01 1.756007558253370737e-01 -3.192499999999943050e+00 4.000000000000000000e+02 -1.170981305751547019e+01 -2.089502734420677044e+01 1.900000000000000022e-01
-1.699064098698846337e+01 1.523040819539498436e-01 -3.194999999999942997e+00 4.000000000000000000e+02 -1.170529738947391785e+01 -2.089301167616521582e+01 1.044999999999999929e+00
-1.697064820032081656e+01 1.683482699511175129e-01 -3.197499999999942943e+00 4.000000000000000000e+02 -1.169797798948142287e+01 -2.088819227617272389e+01 1.650000000000000078e-01
-1.695095353683928252e+01 1.727373609011866595e-01 -3.199999999999942890e+00 4.000000000000000000e+02 -1.167961709174943330e+01 -2.087233137844073383e+01 1.169999999999999929e+00
-1.693133349907076735e+01 1.711672113812023055e-01 -3.202499999999942837e+00 4.000000000000000000e+02 -1.167197213883897078e+01 -2.086718642553027081e+01 1.294999999999999929e+00
-1.691199270841361724e+01 1.646698987498348143e-01 -3.204999999999942784e+00 4.000000000000000000e+02 -1.159779048519803446e+01 -2.079550477188933399e+01 2.250000000000000056e-01
-1.689162315813922177e+01 1.606861254501879277e-01 -3.207499999999942730e+00 4.000000000000000000e+02 -1.159114859595671199e+01 -2.079136288264800925e+01 1.594999999999999973e+00
-1.687157822627475667e+01 1.662608979689178534e-01 -3.209999999999942677e+00 4.000000000000000000e+02 -1.158519222652905079e+01 -2.078790651322034932e+01 1.564999999999999947e+00
-1.685185983835168599e+01 1.675731632550314931e-01 -3.212499999999942624e+00 4.000000000000000000e+02 -1.154563767398271779e+01 -2.075085196067401938e+01 1.010000000000000009e+00
-1.683180006460970191e+01 1.678411443244930967e-01 -3.214999999999942570e+00 4.000000000000000000e+02 -1.154201635291384953e+01 -2.074973063960514708e+01 1.350000000000000089e+00
-1.681211293720277666e+01 1.648550026644980959e-01 -3.217499999999942517e+00 4.000000000000000000e+02 -1.154065345350981531e+01 -2.075086774020111591e+01 5.000000000000000104e-03
-1.679282765283506862e+01 1.572650294442729801e-01 -3.219999999999942464e+00 4.000000000000000000e+02 -1.153932518654430517e+01 -2.075203947323560527e+01 6.450000000000000178e-01
-1.677392921324025821e+01 1.592218617869785302e-01 -3.222499999999942411e+00 4.000000000000000000e+02 -1.152712154701171521e+01 -2.074233583370301659e+01 5.000000000000000000e-01
-1.675520213507255107e+01 1.633363574758864567e-01 -3.224999999999942357e+00 4.000000000000000000e+02 -1.152050158722574658e+01 -2.073821587391704568e+01 5.250000000000000222e-01
-1.673674412659401156e+01 1.657721089402455217e-01 -3.227499999999942304e+00 4.000000000000000000e+02 -1.149913731043089093e+01 -2.071935159712219132e+01 1.689999999999999947e+00
-1.671827868651310922e+01 1.542961456617883975e-01 -3.229999999999942251e+00 4.000000000000000000e+02 -1.149814064137405545e+01 -2.072085492806535711e+01 1.745000000000000107e+00
-1.670017503685139459e+01 1.559989716359024836e-01 -3.232499999999942197e+00 4.000000000000000000e+02 -1.149776680041756372e+01 -2.072298108710886311e+01 4.349999999999999978e-01
-1.668243074349964772e+01 1.484333391803374647e-01 -3.234999999999942144e+00 4.000000000000000000e+02 -1.148622959903083363e+01 -2.071394388572213074e+01 1.475000000000000089e+00
-1.666483893551713180e+01 1.506243410130489180e-01 -3.237499999999942091e+00 4.000000000000000000e+02 -1.146013020125733917e+01 -2.069034448794863934e+01 9.100000000000000311e-01
-1.664714205754172838e+01 1.487627093006521628e-01 -3.239999999999942037e+00 4.000000000000000000e+02 -1.145985052139755744e+01 -2.069256480808885712e+01 1.550000000000000044e+00
-1.662979115485292070e+01 1.437470016848969856e-01 -3.242499999999941984e+00 4.000000000000000000e+02 -1.145498826024473082e+01 -2.069020254693602823e+01 1.389999999999999902e+00
-1.661269618557913574e+01 1.443935077916257970e-01 -3.244999999999941931e+00 4.000000000000000000e+02 -1.144243695156525220e+01 -2.068015123825654911e+01 1.195000000000000062e+00
-1.659572019169326040e+01 1.400966963594379999e-01 -3.247499999999941878e+00 4.000000000000000000e+02 -1.143273596610564802e+01 -2.067295025279694443e+01 1.149999999999999911e+00
-1.657890794955585534e+01 1.401647931534396319e-01 -3.249999999999941824e+00 4.000000000000000000e+02 -1.137359611517527647e+01 -2.061631040186657771e+01 1.925000000000000044e+00
-1.656141854264490831e+01 1.435734270525063916e-01 -3.252499999999941771e+00 4.000000000000000000e+02 -1.137195734323940144e+01 -2.061717162993070218e+01 1.939999999999999947e+00
-1.654424443554161783e+01 1.391239426345468599e-01 -3.254999999999941718e+00 4.000000000000000000e+02 -1.135785037498351357e+01 -2.060556466167481204e+01 1.754999999999999893e+00
-1.652716486383420502e+01 1.472448385885722633e-01 -3.257499999999941664e+00 4.000000000000000000e+02 -1.132154901606052810e+01 -2.057176330275182607e+01 7.349999999999999867e-01
-1.650979977621604533e+01 1.425344718037957203e-01 -3.259999999999941611e+00 4.000000000000000000e+02 -1.130068644899500896e+01 -2.055340073568630999e+01 5.849999999999999645e-01
-1.649241750838670129e+01 1.318487940024486438e-01 -3.262499999999941558e+00 4.000000000000000000e+02 -1.129749496302041400e+01 -2.055270924971171098e+01 6.850000000000000533e-01
-1.647532051095165073e+01 1.515592301536772268e-01 -3.264999999999941505e+00 4.000000000000000000e+02 -1.129192537611685054e+01 -2.054963966280814702e+01 1.195000000000000062e+00
-1.645845966947319994e+01 1.431696045736029765e-01 -3.267499999999941451e+00 4.000000000000000000e+02 -1.128088773119342747e+01 -2.054110201788472523e+01 1.675000000000000044e+00
-1.644173741970179847e+01 1.475726028999633510e-01 -3.269999999999941398e+00 4.000000000000000000e+02 -1.125508482717248526e+01 -2.051779911386378430e+01 8.599999999999999867e-01
-1.642490568770169901e+01 1.375564075307362522e-01 -3.272499999999941345e+00 4.000000000000000000e+02 -1.121125817062942254e+01 -2.047647245732072108e+01 1.695000000000000062e+00
-1.640766015132565414e+01 1.269292573518773781e-01 -3.274999999999941291e+00 4.000000000000000000e+02 -1.118173883967907933e+01 -2.044945312637037915e+01 1.770000000000000018e+00
-1.639024670049126442e+01 1.305980812777962630e-01 -3.277499999999941238e+00 4.000000000000000000e+02 -1.116231453773294469e+01 -2.043252882442424578e+01 1.729999999999999982e+00
-1.637284169166448322e+01 1.305650221449780046e-01 -3.279999999999941185e+00 4.000000000000000000e+02 -1.114802774262822993e+01 -2.042074202931952698e+01 5.050000000000000044e-01
-1.635553335470769909e+01 1.305618744659299835e-01 -3.282499999999941132e+00 4.000000000000000000e+02 -1.111671885140245308e+01 -2.039193313809375141e+01 4.149999999999999800e-01
-1.633802655560301886e+01 1.256672682685849030e-01 -3.284999999999941078e+00 4.000000000000000000e+02 -1.110226106145318070e+01 -2.037997534814447675e+01 1.699999999999999956e+00
-1.632061579439540822e+01 1.318323050725599133e-01 -3.287499999999941025e+00 4.000000000000000000e+02 -1.110018907927964982e+01 -2.038040336597094893e+01 1.020000000000000018e+00
-1.630351024832128104e+01 1.201371169791664306e-01 -3.289999999999940972e+00 4.000000000000000000e+02 -1.109935080619988845e+01 -2.038206509289118884e+01 3.500000000000000333e-02
-1.628672007820331302e+01 1.195960234614352330e-01 -3.292499999999940918e+00 4.000000000000000000e+02 -1.108342069730511170e+01 -2.036863498399640804e+01 1.004999999999999893e+00
-1.626998576078295500e+01 1.266216294069686665e-01 -3.294999999999940865e+00 4.000000000000000000e+02 -1.104760549491579269e+01 -2.033531978160709031e+01 9.350000000000000533e-01
-1.625297402692390136e+01 1.219656433088085051e-01 -3.297499999999940812e+00 4.000000000000000000e+02 -1.103750685833197664e+01 -2.032772114502327554e+01 1.370000000000000107e+00
-1.623612033931873810e+01 1.333625040987778121e-01 -3.299999999999940758e+00 4.000000000000000000e+02 -1.102071155312910200e+01 -2.031342583982040040e+01 7.449999999999999956e-01
-1.621930935483808156e+01 1.334482224024858554e-01 -3.302499999999940705e+00 4.000000000000000000e+02 -1.100623739889141284e+01 -2.030145168558271251e+01 3.649999999999999911e-01
-1.620257881113018072e+01 1.377422482261431713e-01 -3.304999999999940652e+00 4.000000000000000000e+02 -1.100134546708292227e+01 -2.029905975377421967e+01 4.899999999999999911e-01
-1.618608449503663138e+01 1.463119186467629063e-01 -3.307499999999940599e+00 4.000000000000000000e+02 -1.099356018113354949e+01 -2.029377446782484640e+01 6.500000000000000222e-01
-1.616977254056256896e+01 1.455825470801827837e-01 -3.309999999999940545e+00 4.000000000000000000e+02 -1.097336276265197164e+01 -2.027607704934327160e+01 5.000000000000000000e-01
-1.615343815450250631e+01 1.409131850474877601e-01 -3.312499999999940492e+00 4.000000000000000000e+02 -1.093307434075488871e+01 -2.023828862744618817e+01 1.014999999999999902e+00
-1.613675248279223240e+01 1.371828809928986315e-01 -3.314999999999940439e+00 4.000000000000000000e+02 -1.093173101614218190e+01 -2.023944530283348087e+01 1.574999999999999956e+00
-1.612035947714340978e+01 1.310369411118912364e-01 -3.317499999999940385e+00 4.000000000000000000e+02 -1.089670054738006044e+01 -2.020691483407135891e+01 1.790000000000000036e+00
-1.610370199291492455e+01 1.315643165486618804e-01 -3.319999999999940332e+00 4.000000000000000000e+02 -1.088748032471420046e+01 -2.020019461140550021e+01 2.000000000000000042e-02
-1.608720786782579992e+01 1.210117412922152857e-01 -3.322499999999940279e+00 4.000000000000000000e+02 -1.088557997991001436e+01 -2.020079426660131361e+01 1.564999999999999947e+00
-1.607099103918277549e+01 1.188142250373954156e-01 -3.324999999999940226e+00 4.000000000000000000e+02 -1.088427893403910396e+01 -2.020199322073040094e+01 1.510000000000000009e+00
-1.605505197473296164e+01 1.266542365118052405e-01 -3.327499999999940172e+00 4.000000000000000000e+02 -1.088011548945860163e+01 -2.020032977614989989e+01 4.299999999999999933e-01
-1.603933706801614534e+01 1.313508212323792057e-01 -3.329999999999940119e+00 4.000000000000000000e+02 -1.085487303401423098e+01 -2.017758732070552696e+01 1.909999999999999920e+00
-1.602351220737777027e+01 1.317818055392837029e-01 -3.332499999999940066e+00 4.000000000000000000e+02 -1.084446895039304160e+01 -2.016968323708433886e+01 8.299999999999999600e-01
-1.600781122181926364e+01 1.153415421998053858e-01 -3.334999999999940012e+00 4.000000000000000000e+02 -1.084274358024077500e+01 -2.017045786693207177e+01 8.850000000000000089e-01
-1.599236482908303536e+01 1.087799832148016177e-01 -3.337499999999939959e+00 4.000000000000000000e+02 -1.083707126077987581e+01 -2.016728554747117386e+01 7.000000000000000666e-02
-1.597710543738238087e+01 9.899761982141425110e-02 -3.339999999999939906e+00 4.000000000000000000e+02 -1.081951663626422189e+01 -2.015223092295551766e+01 1.610000000000000098e+00
-1.596184914627263574e+01 1.031091561091088821e-01 -3.342499999999939853e+00 4.000000000000000000e+02 -1.081329748230531429e+01 -2.014851176899661311e+01 1.870000000000000107e+00
-1.594676654453273201e+01 1.056228218463359653e-01 -3.344999999999939799e+00 4.000000000000000000e+02 -1.078360621796495344e+01 -2.012132050465624999e+01 1.030000000000000027e+00
-1.593150159780416075e+01 1.070479484384321556e-01 -3.347499999999939746e+00 4.000000000000000000e+02 -1.077536121227334220e+01 -2.011557549896463826e+01 1.280000000000000027e+00
-1.591638019493142409e+01 1.101079676942086083e-01 -3.349999999999939693e+00 4.000000000000000000e+02 -1.077019239617965596e+01 -2.011290668287095329e+01 1.449999999999999956e+00
-1.590144453457378937e+01 1.091659392955991043e-01 -3.352499999999939639e+00 4.000000000000000000e+02 -1.072814313100849581e+01 -2.007335741769979265e+01 9.699999999999999734e-01
-1.588613952601733281e+01 9.522453432605491874e-02 -3.354999999999939586e+00 4.000000000000000000e+02 -1.072338981880944786e+01 -2.007110410550074420e+01 1.475000000000000089e+00
-1.587103148427002708e+01 9.087233934819034797e-02 -3.357499999999939533e+00 4.000000000000000000e+02 -1.071441463840815089e+01 -2.006462892509944851e+01 1.955000000000000071e+00
-1.585605233902676225e+01 9.703370709713840525e-02 -3.359999999999939480e+00 4.000000000000000000e+02 -1.071390235390063594e+01 -2.006661664059193129e+01 1.000000000000000056e-01
-1.584132335220594712e+01 9.499243299023210629e-02 -3.362499999999939426e+00 4.000000000000000000e+02 -1.071256568037118662e+01 -2.006777996706248501e+01 9.949999999999999956e-01
-1.582682491755790366e+01 7.959169572082437638e-02 -3.364999999999939373e+00 4.000000000000000000e+02 -1.070166485393261269e+01 -2.005937914062391059e+01 1.989999999999999991e+00
-1.581241398768143114e+01 7.492348008397273218e-02 -3.367499999999939320e+00 4.000000000000000000e+02 -1.067033576310180898e+01 -2.003055004979310638e+01 8.549999999999999822e-01
-1.579779529593353793e+01 6.966414764014669525e-02 -3.369999999999939266e+00 4.000000000000000000e+02 -1.066612244192471870e+01 -2.002883672861601383e+01 8.900000000000000133e-01
-1.578336270552798482e+01 7.496376355963210725e-02 -3.372499999999939213e+00 4.000000000000000000e+02 -1.063930143819931295e+01 -2.000451572489060936e+01 1.475000000000000089e+00
-1.576878773191818794e+01 7.569819143529869787e-02 -3.374999999999939160e+00 4.000000000000000000e+02 -1.059075276707688573e+01 -1.995846705376818164e+01 5.000000000000000104e-03
-1.575375022141224512e+01 6.939893911082195554e-02 -3.377499999999939106e+00 4.000000000000000000e+02 -1.057339872894265120e+01 -1.994361301563395017e+01 1.945000000000000062e+00
-1.573871544898616470e+01 7.539624223840574180e-02 -3.379999999999939053e+00 4.000000000000000000e+02 -1.055954305870552545e+01 -1.993225734539682037e+01 8.249999999999999556e-01
-1.572373547791277737e+01 8.135326340182423566e-02 -3.382499999999939000e+00 4.000000000000000000e+02 -1.054851841538319590e+01 -1.992373270207449210e+01 1.415000000000000036e+00
-1.570885118223048060e+01 8.185861136630023793e-02 -3.384999999999938947e+00 4.000000000000000000e+02 -1.053280811625925217e+01 -1.991052240295054787e+01 5.799999999999999600e-01
-1.569399159791046827e+01 8.775791536915761304e-02 -3.387499999999938893e+00 4.000000000000000000e+02 -1.052251324108233455e+01 -1.990272752777362797e+01 1.419999999999999929e+00
-1.567923585428748368e+01 8.810872864301552698e-02 -3.389999999999938840e+00 4.000000000000000000e+02 -1.051811285214600034e+01 -1.990082713883729681e+01 1.110000000000000098e+00
-1.566466722068695283e+01 9.626297805214538428e-02 -3.392499999999938787e+00 4.000000000000000000e+02 -1.049035996763510781e+01 -1.987557425432640201e+01 1.590000000000000080e+00
-1.564994324412144344e+01 9.782635039438955515e-02 -3.394999999999938733e+00 4.000000000000000000e+02 -1.048899727300223184e+01 -1.987671155969352554e+01 9.549999999999999600e-01
-1.563544929535404471e+01 1.040398108727662724e-01 -3.397499999999938680e+00 4.000000000000000000e+02 -1.047482905169481704e+01 -1.986504333838611558e+01 1.504999999999999893e+00
-1.562099595058831092e+01 1.031065185853377725e-01 -3.399999999999938627e+00 4.000000000000000000e+02 -1.046468368779303937e+01 -1.985739797448433563e+01 1.070000000000000062e+00
-1.560663996919567431e+01 1.025551205660652082e-01 -3.402499999999938574e+00 4.000000000000000000e+02 -1.046005563323634036e+01 -1.985526991992763612e+01 1.790000000000000036e+00
-1.559245723138312023e+01 1.080634259785481915e-01 -3.404999999999938520e+00 4.000000000000000000e+02 -1.040744375831133084e+01 -1.980515804500262789e+01 7.199999999999999734e-01
-1.557775944974351567e+01 1.187871210528075178e-01 -3.407499999999938467e+00 4.000000000000000000e+02 -1.040544014328135169e+01 -1.980565442997264824e+01 1.429999999999999938e+00
-1.556328170402575495e+01 1.262935393494764580e-01 -3.409999999999938414e+00 4.000000000000000000e+02 -1.039932387470293129e+01 -1.980203816139422912e+01 1.070000000000000062e+00
-1.554895924246240035e+01 1.338610589862426203e-01 -3.412499999999938360e+00 4.000000000000000000e+02 -1.038170978892165408e+01 -1.978692407561295141e+01 8.149999999999999467e-01
-1.553462551930595126e+01 1.332721616836163581e-01 -3.414999999999938307e+00 4.000000000000000000e+02 -1.034177082018856808e+01 -1.974948510687986314e+01 1.199999999999999956e-01
-1.551995920134020679e+01 1.388983796098459678e-01 -3.417499999999938254e+00 4.000000000000000000e+02 -1.033427706995395745e+01 -1.974449135664525556e+01 8.900000000000000133e-01
-1.550543304004544787e+01 1.412920835774711115e-01 -3.419999999999938201e+00 4.000000000000000000e+02 -1.032757830990168912e+01 -1.974029259659298674e+01 1.250000000000000000e+00
-1.549105505648656944e+01 1.279617331578836448e-01 -3.422499999999938147e+00 4.000000000000000000e+02 -1.029691598408290254e+01 -1.971213027077419611e+01 1.024999999999999911e+00
-1.547647895705075172e+01 1.334907082806602585e-01 -3.424999999999938094e+00 4.000000000000000000e+02 -1.023278028267998074e+01 -1.965049456937127559e+01 6.949999999999999512e-01
-1.546120585271387959e+01 1.339091527642093937e-01 -3.427499999999938041e+00 4.000000000000000000e+02 -1.021364303611999702e+01 -1.963385732281129137e+01 9.150000000000000355e-01
-1.544591205809361156e+01 1.323357750261942856e-01 -3.429999999999937987e+00 4.000000000000000000e+02 -1.018278156362111631e+01 -1.960549585031241193e+01 1.929999999999999938e+00
-1.543041864797601903e+01 1.482158433619681359e-01 -3.432499999999937934e+00 4.000000000000000000e+02 -1.016143351969923891e+01 -1.958664780639053404e+01 1.530000000000000027e+00
-1.541487357843390704e+01 1.531687731791585572e-01 -3.434999999999937881e+00 4.000000000000000000e+02 -1.016098173997312060e+01 -1.958869602666441523e+01 7.199999999999999734e-01
-1.539959754601844111e+01 1.510974993046603487e-01 -3.437499999999937828e+00 4.000000000000000000e+02 -1.015862724209827661e+01 -1.958884152878957252e+01 9.799999999999999822e-01
-1.538455353667824710e+01 1.525410687244643793e-01 -3.439999999999937774e+00 4.000000000000000000e+02 -1.015039549414109210e+01 -1.958310978083238751e+01 6.899999999999999467e-01
-1.536964793673437946e+01 1.651089273453248130e-01 -3.442499999999937721e+00 4.000000000000000000e+02 -1.014219379992226955e+01 -1.957740808661356624e+01 2.750000000000000222e-01
-1.535487789358752053e+01 1.403244717762386629e-01 -3.444999999999937668e+00 4.000000000000000000e+02 -1.013734294721666096e+01 -1.957505723390795538e+01 1.885000000000000009e+00
-1.534028882478831868e+01 1.378990658262795876e-01 -3.447499999999937614e+00 4.000000000000000000e+02 -1.013134253065149437e+01 -1.957155681734278829e+01 1.250000000000000000e-01
-1.532585948038308565e+01 1.404230851931135282e-01 -3.449999999999937561e+00 4.000000000000000000e+02 -1.011338155427641183e+01 -1.955609584096770703e+01 1.215000000000000080e+00
-1.531141534956964811e+01 1.404852049200851216e-01 -3.452499999999937508e+00 4.000000000000000000e+02 -1.011227116831485162e+01 -1.955748545500614455e+01 2.999999999999999889e-01
-1.529719651685771886e+01 1.501733182152319712e-01 -3.454999999999937454e+00 4.000000000000000000e+02 -1.009581835545118622e+01 -1.954353264214248043e+01 1.699999999999999956e+00
-1.528298143938074993e+01 1.464612388834332646e-01 -3.457499999999937401e+00 4.000000000000000000e+02 -1.009010082432124555e+01 -1.954031511101253926e+01 5.200000000000000178e-01
-1.526892074848479908e+01 1.590128231610702103e-01 -3.459999999999937348e+00 4.000000000000000000e+02 -1.007725387069836387e+01 -1.952996815738966063e+01 1.300000000000000044e+00
-1.525491181508226290e+01 1.596911534619267214e-01 -3.462499999999937295e+00 4.000000000000000000e+02 -1.007489321332925414e+01 -1.953010750002054863e+01 1.260000000000000009e+00
-1.524109833540383008e+01 1.581558432416451387e-01 -3.464999999999937241e+00 4.000000000000000000e+02 -1.006135076862519462e+01 -1.951906505531648861e+01 1.415000000000000036e+00
-1.522732281829961742e+01 1.577706634932060925e-01 -3.467499999999937188e+00 4.000000000000000000e+02 -1.005028800953046186e+01 -1.951050229622175536e+01 6.099999999999999867e-01
-1.521361843427233218e+01 1.618086611573217870e-01 -3.469999999999937135e+00 4.000000000000000000e+02 -1.000892640883808937e+01 -1.947164069552938415e+01 2.149999999999999967e-01
-1.519956735440883300e+01 1.666174184591731888e-01 -3.472499999999937081e+00 4.000000000000000000e+02 -1.000173413723516802e+01 -1.946694842392646052e+01 1.135000000000000009e+00
-1.518564625565541704e+01 1.581079084687012082e-01 -3.474999999999937028e+00 4.000000000000000000e+02 -9.991552292439678240e+00 -1.945926657913097202e+01 1.610000000000000098e+00
-1.517181114756477633e+01 1.577585398677155415e-01 -3.477499999999936975e+00 4.000000000000000000e+02 -9.958996874109223185e+00 -1.942921116080052002e+01 1.024999999999999911e+00
-1.515775138291997770e+01 1.527122622102135563e-01 -3.479999999999936922e+00 4.000000000000000000e+02 -9.953078352797881223e+00 -1.942579263948917401e+01 3.449999999999999734e-01
-1.514383940804995987e+01 1.540304103797157653e-01 -3.482499999999936868e+00 4.000000000000000000e+02 -9.945842442116163085e+00 -1.942105672880745715e+01 9.300000000000000488e-01
-1.513005363457430263e+01 1.569617871931296982e-01 -3.484999999999936815e+00 4.000000000000000000e+02 -9.938185220594005997e+00 -1.941589950728529956e+01 1.100000000000000006e-01
-1.511638549491240369e+01 1.557721427433017836e-01 -3.487499999999936762e+00 4.000000000000000000e+02 -9.926114481610280649e+00 -1.940632876830157372e+01 1.195000000000000062e+00
-1.510277286584046763e+01 1.546409041286239683e-01 -3.489999999999936708e+00 4.000000000000000000e+02 -9.903389102208704386e+00 -1.938610338889999696e+01 8.050000000000000488e-01
-1.508907053752127503e+01 1.506462334631094580e-01 -3.492499999999936655e+00 4.000000000000000000e+02 -9.894411011793982524e+00 -1.937962529848527637e+01 4.199999999999999845e-01
-1.507546617351055396e+01 1.569401096096380011e-01 -3.494999999999936602e+00 4.000000000000000000e+02 -9.884041865676593375e+00 -1.937175615236788673e+01 4.299999999999999933e-01
-1.506193908633971112e+01 1.593694661565663306e-01 -3.497499999999936549e+00 4.000000000000000000e+02 -9.799307783292096730e+00 -1.928952206998339136e+01 1.425000000000000044e+00
-1.504745685546595091e+01 1.559778712504444331e-01 -3.499999999999936495e+00 4.000000000000000000e+02 -9.798381289816820328e+00 -1.929109557650811269e+01 6.949999999999999512e-01
-1.503320365475398113e+01 1.626273820107056456e-01 -3.502499999999936442e+00 4.000000000000000000e+02 -9.783803914314658456e+00 -1.927901820100595387e+01 1.935000000000000053e+00
-1.501898121354605209e+01 1.600486964543431090e-01 -3.504999999999936389e+00 4.000000000000000000e+02 -9.776947828694520837e+00 -1.927466211538581575e+01 1.199999999999999956e+00
-1.500489742736681720e+01 1.568500469475404280e-01 -3.507499999999936335e+00 4.000000000000000000e+02 -9.769615650555662612e+00 -1.926982993724695348e+01 1.225000000000000089e+00
-1.499094243723548736e+01 1.686126629352135697e-01 -3.509999999999936282e+00 4.000000000000000000e+02 -9.699553501940162192e+00 -1.920226778863145611e+01 1.350000000000000089e+00
-1.497622457358788317e+01 1.646057685549000005e-01 -3.512499999999936229e+00 4.000000000000000000e+02 -9.689255737665165569e+00 -1.919447002435645899e+01 6.400000000000000133e-01
-1.496160746924171647e+01 1.681294684193680722e-01 -3.514999999999936175e+00 4.000000000000000000e+02 -9.685167699208541592e+00 -1.919288198589983452e+01 1.949999999999999956e+00
-1.494717821829879689e+01 1.789256958574572121e-01 -3.517499999999936122e+00 4.000000000000000000e+02 -9.677426784818727867e+00 -1.918764107151002207e+01 1.290000000000000036e+00
-1.493288000194024967e+01 1.768201449419924687e-01 -3.519999999999936069e+00 4.000000000000000000e+02 -9.675577366907351262e+00 -1.918829165359864675e+01 1.864999999999999991e+00
-1.491879244977752350e+01 1.829019251651906597e-01 -3.522499999999936016e+00 4.000000000000000000e+02 -9.673677282006861944e+00 -1.918889156869815338e+01 4.949999999999999956e-01
-1.490490887678478238e+01 1.785808794069913830e-01 -3.524999999999935962e+00 4.000000000000000000e+02 -9.627554074508763549e+00 -1.914526836120005626e+01 2.899999999999999800e-01
-1.489060919287818052e+01 1.834171154755899480e-01 -3.527499999999935909e+00 4.000000000000000000e+02 -9.624221717299851875e+00 -1.914443600399114587e+01 1.900000000000000022e-01
-1.487649945338764645e+01 1.874890663621916753e-01 -3.529999999999935856e+00 4.000000000000000000e+02 -9.623108280916108370e+00 -1.914582256760740364e+01 1.715000000000000080e+00
-1.486260517702579698e+01 1.899023494383976218e-01 -3.532499999999935802e+00 4.000000000000000000e+02 -9.580608718066631724e+00 -1.910582300475792294e+01 8.000000000000000444e-01
-1.484834601855166447e+01 1.891078430957272016e-01 -3.534999999999935749e+00 4.000000000000000000e+02 -9.548771060930418386e+00 -1.907648534762171266e+01 5.550000000000000488e-01
-1.483387178454615096e+01 1.912747024430995479e-01 -3.537499999999935696e+00 4.000000000000000000e+02 -9.545624863635886470e+00 -1.907583915032718025e+01 1.979999999999999982e+00
-1.481959491114222160e+01 1.897940526492974400e-01 -3.539999999999935643e+00 4.000000000000000000e+02 -9.540430559336858352e+00 -1.907314484602814986e+01 8.500000000000000611e-02
-1.480548129190244389e+01 1.882900883726587593e-01 -3.542499999999935589e+00 4.000000000000000000e+02 -9.537038998743707197e+00 -1.907225328543499998e+01 1.419999999999999929e+00
-1.479155177035838165e+01 1.838244808662791441e-01 -3.544999999999935536e+00 4.000000000000000000e+02 -9.513088253487161694e+00 -1.905080254017845220e+01 1.245000000000000107e+00
-1.477751782128087221e+01 1.861685099485102801e-01 -3.547499999999935483e+00 4.000000000000000000e+02 -9.482891729957318105e+00 -1.902310601664861167e+01 1.195000000000000062e+00
-1.476329218323885684e+01 1.940243267872108213e-01 -3.549999999999935429e+00 4.000000000000000000e+02 -9.439173367521139113e+00 -1.898188765421243218e+01 1.650000000000000078e-01
-1.474868015708757341e+01 1.966875328263187062e-01 -3.552499999999935376e+00 4.000000000000000000e+02 -9.430922323842594324e+00 -1.897613661053388512e+01 4.349999999999999978e-01
-1.473419610686592129e+01 1.977999877307813070e-01 -3.554999999999935323e+00 4.000000000000000000e+02 -9.413273623617786967e+00 -1.896098791030907904e+01 1.544999999999999929e+00
-1.471970249607138470e+01 1.990893619307392282e-01 -3.557499999999935270e+00 4.000000000000000000e+02 -9.410732401163127037e+00 -1.896094668785442039e+01 9.949999999999999956e-01
-1.470541536770124758e+01 1.996156194792562399e-01 -3.559999999999935216e+00 4.000000000000000000e+02 -9.405296186601201924e+00 -1.895801047329249656e+01 5.000000000000000104e-03
-1.469128836071588395e+01 1.889205120304883467e-01 -3.562499999999935163e+00 4.000000000000000000e+02 -9.386469420125029828e+00 -1.894168370681632041e+01 8.399999999999999689e-01
-1.467713046270102240e+01 1.909997631787257455e-01 -3.564999999999935110e+00 4.000000000000000000e+02 -9.247939981305039581e+00 -1.880565426799633144e+01 1.000000000000000000e+00
-1.466115216057288428e+01 1.913591826771389726e-01 -3.567499999999935056e+00 4.000000000000000000e+02 -9.220369051168951557e+00 -1.878058333786024292e+01 1.090000000000000080e+00
-1.464502908146072180e+01 1.886059276360108339e-01 -3.569999999999935003e+00 4.000000000000000000e+02 -9.196885508064360337e+00 -1.875959979475565120e+01 1.225000000000000089e+00
-1.462882807887927683e+01 1.873775790932898644e-01 -3.572499999999934950e+00 4.000000000000000000e+02 -9.178830245182865610e+00 -1.874404453187415953e+01 1.070000000000000062e+00
-1.461263745034372796e+01 1.918772306586249421e-01 -3.574999999999934897e+00 4.000000000000000000e+02 -9.166957868792962927e+00 -1.873467215548425457e+01 1.159999999999999920e+00
-1.459655595823605623e+01 1.945771245180877018e-01 -3.577499999999934843e+00 4.000000000000000000e+02 -9.140241921686421023e+00 -1.871045620837771395e+01 6.550000000000000266e-01
-1.458034417744041988e+01 1.963872215350949413e-01 -3.579999999999934790e+00 4.000000000000000000e+02 -9.132541533076494744e+00 -1.870525581976778540e+01 1.100000000000000089e+00
-1.456430851584724451e+01 1.814177559933284611e-01 -3.582499999999934737e+00 4.000000000000000000e+02 -9.121251906024699707e+00 -1.869646619271599164e+01 1.360000000000000098e+00
-1.454838771252406815e+01 1.771065690407789273e-01 -3.584999999999934683e+00 4.000000000000000000e+02 -9.111614154886256145e+00 -1.868932844157754758e+01 1.159999999999999920e+00
-1.453260503730244224e+01 1.755111151891413368e-01 -3.587499999999934630e+00 4.000000000000000000e+02 -9.068072593200705356e+00 -1.864828687989199807e+01 1.485000000000000098e+00
-1.451642188133598843e+01 1.770482558063461997e-01 -3.589999999999934577e+00 4.000000000000000000e+02 -9.065590173998453238e+00 -1.864830446068974368e+01 1.475000000000000089e+00
-1.450049673233157144e+01 1.729336136256921230e-01 -3.592499999999934523e+00 4.000000000000000000e+02 -9.055164151528078520e+00 -1.864037843821937201e+01 1.389999999999999902e+00
-1.448469746545128700e+01 1.884323007855658039e-01 -3.594999999999934470e+00 4.000000000000000000e+02 -9.054502465591705018e+00 -1.864221675228299802e+01 1.985000000000000098e+00
-1.446917228333694005e+01 1.877448130403924775e-01 -3.597499999999934417e+00 4.000000000000000000e+02 -9.046864205058758657e+00 -1.863707849175005293e+01 2.650000000000000133e-01
-1.445380629925547566e+01 1.927351524157568941e-01 -3.599999999999934364e+00 4.000000000000000000e+02 -9.030375638423761231e+00 -1.862308992511505323e+01 1.854999999999999982e+00
-1.443846130452643628e+01 1.925426450609529216e-01 -3.602499999999934310e+00 4.000000000000000000e+02 -9.009294820056300779e+00 -1.860450910674759228e+01 3.549999999999999822e-01
-1.442306695653714499e+01 2.009632347062062785e-01 -3.604999999999934257e+00 4.000000000000000000e+02 -8.981755666760188106e+00 -1.857946995345147911e+01 7.550000000000000044e-01
-1.440752456820158933e+01 2.019704034616263133e-01 -3.607499999999934204e+00 4.000000000000000000e+02 -8.979436788870254205e+00 -1.857965107556154294e+01 8.599999999999999867e-01
-1.439222280393171971e+01 1.841564025636771296e-01 -3.609999999999934150e+00 4.000000000000000000e+02 -8.952251864751412214e+00 -1.855496615144270578e+01 2.650000000000000133e-01
-1.437677789335115186e+01 1.748970984962410213e-01 -3.612499999999934097e+00 4.000000000000000000e+02 -8.932588137996697597e+00 -1.853780242468798889e+01 1.800000000000000044e+00
-1.436130661746001635e+01 1.766139890818246849e-01 -3.614999999999934044e+00 4.000000000000000000e+02 -8.930120983629398879e+00 -1.853783527032069145e+01 1.360000000000000098e+00
-1.434607155633688613e+01 1.710678313829497588e-01 -3.617499999999933991e+00 4.000000000000000000e+02 -8.929104226312736259e+00 -1.853931851300402656e+01 6.850000000000000533e-01
-1.433108719936507924e+01 1.761207049344487019e-01 -3.619999999999933937e+00 4.000000000000000000e+02 -8.904152623103264830e+00 -1.851686690979455818e+01 1.499999999999999944e-02
-1.431599137518338161e+01 1.738270027878971447e-01 -3.622499999999933884e+00 4.000000000000000000e+02 -8.877521482763309990e+00 -1.849273576945460107e+01 2.000000000000000111e-01
-1.430075957563641786e+01 1.747384174679236513e-01 -3.624999999999933831e+00 4.000000000000000000e+02 -8.861879688154182588e+00 -1.847959397484547139e+01 1.929999999999999938e+00
-1.428555933690931923e+01 1.741876690176057119e-01 -3.627499999999933777e+00 4.000000000000000000e+02 -8.860427269927415139e+00 -1.848064155661870700e+01 1.600000000000000089e+00
-1.427060225050285425e+01 1.821180722756845227e-01 -3.629999999999933724e+00 4.000000000000000000e+02 -8.851362151651830601e+00 -1.847407643834312196e+01 6.350000000000000089e-01
-1.425576923584696587e+01 1.769874708494283133e-01 -3.632499999999933671e+00 4.000000000000000000e+02 -8.821209379628959013e+00 -1.844642366632024988e+01 1.169999999999999929e+00
-1.424074627186116437e+01 1.804159361999575772e-01 -3.634999999999933618e+00 4.000000000000000000e+02 -8.817720511434583130e+00 -1.844543479812587350e+01 1.700000000000000122e-01
-1.422593112588286957e+01 1.816506930457865987e-01 -3.637499999999933564e+00 4.000000000000000000e+02 -8.813093622819035744e+00 -1.844330790951032739e+01 1.150000000000000050e-01
-1.421130141109068212e+01 1.911349495600404014e-01 -3.639999999999933511e+00 4.000000000000000000e+02 -8.806583641274212226e+00 -1.843929792796550515e+01 1.189999999999999947e+00
-1.419682512473150204e+01 1.915324909872821724e-01 -3.642499999999933458e+00 4.000000000000000000e+02 -8.789126334214682146e+00 -1.842434062090597280e+01 1.544999999999999929e+00
-1.418234192349956047e+01 1.940747590501511188e-01 -3.644999999999933404e+00 4.000000000000000000e+02 -8.770535629259622823e+00 -1.840824991595091120e+01 7.650000000000000133e-01
-1.416783558993387082e+01 1.864471840190274621e-01 -3.647499999999933351e+00 4.000000000000000000e+02 -8.770041413920264262e+00 -1.841025570061155392e+01 1.479999999999999982e+00
-1.415356513295700225e+01 1.733728393743660667e-01 -3.649999999999933298e+00 4.000000000000000000e+02 -8.769011546804891921e+00 -1.841172583349618463e+01 1.650000000000000078e-01
-1.413951598458063152e+01 1.724939639833883986e-01 -3.652499999999933245e+00 4.000000000000000000e+02 -8.746312571330342678e+00 -1.839152685802163489e+01 1.235000000000000098e+00
-1.412538077980744511e+01 1.735576516364976396e-01 -3.654999999999933191e+00 4.000000000000000000e+02 -8.730928798177600925e+00 -1.837864308486889087e+01 7.950000000000000400e-01
-1.411126312901100555e+01 1.575833138797197441e-01 -3.657499999999933138e+00 4.000000000000000000e+02 -8.729767133904621446e+00 -1.837998142059591089e+01 1.350000000000000089e-01
-1.409736050469822288e+01 1.577236091549672203e-01 -3.659999999999933085e+00 4.000000000000000000e+02 -8.723423101916546685e+00 -1.837613738860783741e+01 2.349999999999999867e-01
-1.408359606707613487e+01 1.596583384484561441e-01 -3.662499999999933031e+00 4.000000000000000000e+02 -8.682989971711030819e+00 -1.833820425840232105e+01 3.850000000000000089e-01
-1.406949727102479741e+01 1.585070159159287784e-01 -3.664999999999932978e+00 4.000000000000000000e+02 -8.670532775778790224e+00 -1.832824706247007995e+01 1.935000000000000053e+00
-1.405545633862186428e+01 1.573197039256346297e-01 -3.667499999999932925e+00 4.000000000000000000e+02 -8.669348349913832408e+00 -1.832956263660512164e+01 5.000000000000000278e-02
-1.404162790614464207e+01 1.582077682575379063e-01 -3.669999999999932871e+00 4.000000000000000000e+02 -8.662909016827429198e+00 -1.832562330351871793e+01 1.094999999999999973e+00
-1.402793462305298533e+01 1.566546132510035771e-01 -3.672499999999932818e+00 4.000000000000000000e+02 -8.567498769720781837e+00 -1.823271305641207363e+01 1.799999999999999933e-01
-1.401312079918461428e+01 1.596445775652174381e-01 -3.674999999999932765e+00 4.000000000000000000e+02 -8.565855165425494633e+00 -1.823356945211678237e+01 1.600000000000000089e+00
-1.399853563036655402e+01 1.623893169070118048e-01 -3.677499999999932712e+00 4.000000000000000000e+02 -8.557002321371678377e+00 -1.822721660806296740e+01 1.570000000000000062e+00
-1.398406917776684111e+01 1.565226671220046606e-01 -3.679999999999932658e+00 4.000000000000000000e+02 -8.546572556601159221e+00 -1.821928684329245129e+01 8.800000000000000044e-01
-1.396969630535227047e+01 1.531892063892711375e-01 -3.682499999999932605e+00 4.000000000000000000e+02 -8.508895410406797311e+00 -1.818410969709808711e+01 1.379999999999999893e+00
-1.395502348966303252e+01 1.550052211086203058e-01 -3.684999999999932552e+00 4.000000000000000000e+02 -8.489950966256470721e+00 -1.816766525294776002e+01 1.830000000000000071e+00
-1.394032484643646974e+01 1.655954874114721753e-01 -3.687499999999932498e+00 4.000000000000000000e+02 -8.440605572050520422e+00 -1.812081985874181100e+01 1.705000000000000071e+00
-1.392514963807802708e+01 1.723994929350907979e-01 -3.689999999999932445e+00 4.000000000000000000e+02 -8.415578457764016918e+00 -1.809829274445530700e+01 2.200000000000000011e-01
-1.390986330343103283e+01 1.721144960407847979e-01 -3.692499999999932392e+00 4.000000000000000000e+02 -8.411175121550520828e+00 -1.809638940824181219e+01 1.900000000000000022e-01
-1.389477865795850953e+01 1.671947445857903392e-01 -3.694999999999932339e+00 4.000000000000000000e+02 -8.373964124490434813e+00 -1.806167841118172390e+01 5.000000000000000278e-02
-1.387939731930744891e+01 1.536415452979555674e-01 -3.697499999999932285e+00 4.000000000000000000e+02 -8.372604596681986422e+00 -1.806281888337327501e+01 1.705000000000000071e+00
-1.386426612324290986e+01 1.610504343751369416e-01 -3.699999999999932232e+00 4.000000000000000000e+02 -8.362975127097433514e+00 -1.805568941378872339e+01 5.550000000000000488e-01
-1.384925461914493106e+01 1.565053937825914843e-01 -3.702499999999932179e+00 4.000000000000000000e+02 -8.336944397269183682e+00 -1.803215868396047483e+01 3.200000000000000067e-01
-1.383411564966063700e+01 1.478082196762547373e-01 -3.704999999999932125e+00 4.000000000000000000e+02 -8.325759215644607636e+00 -1.802347350233589651e+01 2.899999999999999800e-01
-1.381907334046372071e+01 1.340264973545304550e-01 -3.707499999999932072e+00 4.000000000000000000e+02 -8.312252819262049286e+00 -1.801246710595333766e+01 1.685000000000000053e+00
-1.380409116677028614e+01 1.236610003027037302e-01 -3.709999999999932019e+00 4.000000000000000000e+02 -8.299658426532207756e+00 -1.800237271322349741e+01 1.899999999999999911e+00
-1.378918150210707161e+01 1.217678348886925832e-01 -3.712499999999931966e+00 4.000000000000000000e+02 -8.290089145558033223e+00 -1.799530343224932238e+01 1.804999999999999938e+00
-1.377438742080389389e+01 1.191877727139793453e-01 -3.714999999999931912e+00 4.000000000000000000e+02 -8.275122302770705929e+00 -1.798283658946199637e+01 1.574999999999999956e+00
-1.375962747627816363e+01 1.149717525347235120e-01 -3.717499999999931859e+00 4.000000000000000000e+02 -8.270071864645657911e+00 -1.798028615133694785e+01 1.804999999999999938e+00
-1.374504534812309053e+01 1.078961786405430168e-01 -3.719999999999931806e+00 4.000000000000000000e+02 -8.262907919595948059e+00 -1.797562220628723750e+01 1.689999999999999947e+00
-1.373060609933284582e+01 1.158621383056614024e-01 -3.722499999999931752e+00 4.000000000000000000e+02 -8.254089829973574766e+00 -1.796930411666486549e+01 1.330000000000000071e+00
-1.371628280670585021e+01 1.215741461763542586e-01 -3.724999999999931699e+00 4.000000000000000000e+02 -8.241538676341315650e+00 -1.795925296303260410e+01 1.100000000000000089e+00
-1.370202014127725043e+01 1.279842873132695236e-01 -3.727499999999931646e+00 4.000000000000000000e+02 -8.238851836522007588e+00 -1.795906612321329732e+01 5.250000000000000222e-01
-1.368795543300137219e+01 1.269596651497362783e-01 -3.729999999999931592e+00 4.000000000000000000e+02 -8.205959161580629768e+00 -1.792867344827191900e+01 4.000000000000000222e-01
-1.367366083859093528e+01 1.146321847182255604e-01 -3.732499999999931539e+00 4.000000000000000000e+02 -8.135679602209908268e+00 -1.786089388890119523e+01 1.389999999999999902e+00
-1.365858677342774818e+01 1.116281898423533009e-01 -3.734999999999931486e+00 4.000000000000000000e+02 -8.125636848783782895e+00 -1.785335113547507291e+01 2.650000000000000133e-01
-1.364362496743593489e+01 9.294469753483995678e-02 -3.737499999999931433e+00 4.000000000000000000e+02 -8.112091566403710985e+00 -1.784230585309499872e+01 1.435000000000000053e+00
-1.362872121145756488e+01 8.664098683976428905e-02 -3.739999999999931379e+00 4.000000000000000000e+02 -8.106200511922699192e+00 -1.783891479861398821e+01 1.040000000000000036e+00
-1.361398680341425660e+01 8.501029646177650501e-02 -3.742499999999931326e+00 4.000000000000000000e+02 -8.100011159901468361e+00 -1.783522544659275866e+01 2.650000000000000133e-01
-1.359941306866654109e+01 8.326596903734127808e-02 -3.744999999999931273e+00 4.000000000000000000e+02 -8.098858946021771033e+00 -1.783657323271305728e+01 5.450000000000000400e-01
-1.358506788933127396e+01 8.359005813217869341e-02 -3.747499999999931219e+00 4.000000000000000000e+02 -8.067814336250167528e+00 -1.780802862294145683e+01 9.500000000000000111e-02
-1.357051904874626658e+01 8.434446755803377826e-02 -3.749999999999931166e+00 4.000000000000000000e+02 -8.045062354946923122e+00 -1.778777664163821015e+01 1.239999999999999991e+00
-1.355588760281908023e+01 8.514532112329498137e-02 -3.752499999999931113e+00 4.000000000000000000e+02 -8.044660255142712657e+00 -1.778987454183400274e+01 5.050000000000000044e-01
-1.354149715718657454e+01 8.077618680794997064e-02 -3.754999999999931060e+00 4.000000000000000000e+02 -8.024510468197780355e+00 -1.777222475488906639e+01 1.919999999999999929e+00
-1.352706006916287329e+01 8.238380715913243280e-02 -3.757499999999931006e+00 4.000000000000000000e+02 -8.022427930055458845e+00 -1.777264221674674616e+01 1.629999999999999893e+00
-1.351283434569606889e+01 8.429072803387951951e-02 -3.759999999999930953e+00 4.000000000000000000e+02 -8.010008941667420501e+00 -1.776272322835870909e+01 7.800000000000000266e-01
-1.349866932596616920e+01 9.104892743047725279e-02 -3.762499999999930900e+00 4.000000000000000000e+02 -8.008871563279132744e+00 -1.776408584997042084e+01 1.000000000000000021e-02
-1.348472104173623443e+01 9.257619923065381340e-02 -3.764999999999930846e+00 4.000000000000000000e+02 -8.007705725305122257e+00 -1.776542001199641163e+01 2.049999999999999878e-01
-1.347098285441448162e+01 8.861375758459438812e-02 -3.767499999999930793e+00 4.000000000000000000e+02 -8.004888309722359097e+00 -1.776510259641364797e+01 3.049999999999999933e-01
-1.345742657668726316e+01 7.148260804131903456e-02 -3.769999999999930740e+00 4.000000000000000000e+02 -8.004118757237664639e+00 -1.776683304392895479e+01 1.715000000000000080e+00
-1.344407458733461347e+01 6.644592392902547162e-02 -3.772499999999930687e+00 4.000000000000000000e+02 -8.001246897455501994e+00 -1.776646118414679165e+01 2.650000000000000133e-01
-1.343089365877368557e+01 6.669867931605791278e-02 -3.774999999999930633e+00 4.000000000000000000e+02 -7.989024665821049531e+00 -1.775673895251233603e+01 6.350000000000000089e-01
-1.341775794270460942e+01 7.174792881691845203e-02 -3.777499999999930580e+00 4.000000000000000000e+02 -7.948953802446068195e+00 -1.771916808913735508e+01 1.120000000000000107e+00
-1.340429947667715993e+01 7.799903792234633149e-02 -3.779999999999930527e+00 4.000000000000000000e+02 -7.947757269677510727e+00 -1.772047155636879978e+01 4.949999999999999956e-01
-1.339103692244308697e+01 7.767514121067406463e-02 -3.782499999999930473e+00 4.000000000000000000e+02 -7.932702759238600798e+00 -1.770791704592988935e+01 1.199999999999999956e+00
-1.337778369342359852e+01 7.852390948518434000e-02 -3.784999999999930420e+00 4.000000000000000000e+02 -7.897438297978928823e+00 -1.767515258467021511e+01 1.895000000000000018e+00
-1.336427109481512865e+01 8.129087393728418043e-02 -3.787499999999930367e+00 4.000000000000000000e+02 -7.881151748665826240e+00 -1.766136603535711203e+01 1.225000000000000089e+00
-1.335075481882192250e+01 8.177254894675753394e-02 -3.789999999999930314e+00 4.000000000000000000e+02 -7.880947736494133160e+00 -1.766366202318542022e+01 2.049999999999999878e-01
-1.333744918050754436e+01 8.328084388091218371e-02 -3.792499999999930260e+00 4.000000000000000000e+02 -7.878837753025583979e+00 -1.766405203971687143e+01 7.399999999999999911e-01
-1.332432334683588770e+01 9.276842384032622790e-02 -3.794999999999930207e+00 4.000000000000000000e+02 -7.869224206404718203e+00 -1.765693849309600694e+01 2.550000000000000044e-01
-1.331127568162488473e+01 9.786221545599109450e-02 -3.797499999999930154e+00 4.000000000000000000e+02 -7.865694196370092151e+00 -1.765590848306138128e+01 1.614999999999999991e+00
-1.329838287988876289e+01 1.008813913869999607e-01 -3.799999999999930100e+00 4.000000000000000000e+02 -7.844167248259013903e+00 -1.763688153495030164e+01 1.044999999999999929e+00
-1.328541126106383885e+01 1.068273034433308843e-01 -3.802499999999930047e+00 4.000000000000000000e+02 -7.830964459153261004e+00 -1.762617874584454825e+01 8.499999999999999778e-01
-1.327246884985689057e+01 1.039232037624601285e-01 -3.804999999999929994e+00 4.000000000000000000e+02 -7.820372494384329798e+00 -1.761808678107561832e+01 1.965000000000000080e+00
-1.325958866154384097e+01 9.602644032924298467e-02 -3.807499999999929940e+00 4.000000000000000000e+02 -7.809193204981721870e+00 -1.760940749167300723e+01 1.685000000000000053e+00
-1.324676212330213687e+01 9.514749730308121045e-02 -3.809999999999929887e+00 4.000000000000000000e+02 -7.805109713907490310e+00 -1.760782400059877872e+01 1.679999999999999938e+00
-1.323407808118583873e+01 9.071660911646642345e-02 -3.812499999999929834e+00 4.000000000000000000e+02 -7.795986187847304016e+00 -1.760120047453859016e+01 1.499999999999999944e-01
-1.322147019733879247e+01 8.510981697977973437e-02 -3.814999999999929781e+00 4.000000000000000000e+02 -7.761764602085390763e+00 -1.756947888877667907e+01 1.004999999999999893e+00
-1.320862056892586800e+01 8.678911537174192892e-02 -3.817499999999929727e+00 4.000000000000000000e+02 -7.742370963916179960e+00 -1.755258525060746777e+01 5.550000000000000488e-01
-1.319571920572213131e+01 9.509420878269712885e-02 -3.819999999999929674e+00 4.000000000000000000e+02 -7.730626574806839457e+00 -1.754334086149812677e+01 1.915000000000000036e+00
-1.318286463491648064e+01 9.180821721655382794e-02 -3.822499999999929621e+00 4.000000000000000000e+02 -7.720570154606438251e+00 -1.753578444129772507e+01 1.979999999999999982e+00
-1.317007755703128424e+01 8.802930951454082664e-02 -3.824999999999929567e+00 4.000000000000000000e+02 -7.712253811827318728e+00 -1.752996809851860505e+01 5.999999999999999778e-02
-1.315737874292951304e+01 8.992405300838800242e-02 -3.827499999999929514e+00 4.000000000000000000e+02 -7.706709102742866691e+00 -1.752692338943415251e+01 1.620000000000000107e+00
-1.314480117059030029e+01 8.904278944214069624e-02 -3.829999999999929461e+00 4.000000000000000000e+02 -7.699037849951152701e+00 -1.752175213664244069e+01 1.824999999999999956e+00
-1.313231583069274500e+01 8.657584268575663211e-02 -3.832499999999929408e+00 4.000000000000000000e+02 -7.690626605109572189e+00 -1.751584089180085968e+01 1.425000000000000044e+00
-1.311991179610397928e+01 8.613853510437158301e-02 -3.834999999999929354e+00 4.000000000000000000e+02 -7.678006381981586692e+00 -1.750572066867287191e+01 1.254999999999999893e+00
-1.310753588329327890e+01 8.202417654228512378e-02 -3.837499999999929301e+00 4.000000000000000000e+02 -7.659015906021488185e+00 -1.748923019271277468e+01 1.129999999999999893e+00
-1.309510925984041840e+01 8.667602064418439278e-02 -3.839999999999929248e+00 4.000000000000000000e+02 -7.653660766578626706e+00 -1.748637505326991359e+01 1.010000000000000009e+00
-1.308280028466895395e+01 8.544968097220861925e-02 -3.842499999999929194e+00 4.000000000000000000e+02 -7.641581574306157698e+00 -1.747679586099744498e+01 1.715000000000000080e+00
-1.307052465939456454e+01 8.683090543080962398e-02 -3.844999999999929141e+00 4.000000000000000000e+02 -7.640429788662469690e+00 -1.747814407535375381e+01 1.049999999999999961e-01
-1.305841413944705920e+01 8.994072760958929380e-02 -3.847499999999929088e+00 4.000000000000000000e+02 -7.639472516729996165e+00 -1.747968680342128067e+01 5.550000000000000488e-01
-1.304646686668901090e+01 8.922570179347330543e-02 -3.849999999999929035e+00 4.000000000000000000e+02 -7.632119083016382532e+00 -1.747483336970766743e+01 1.499999999999999944e-01
-1.303460354710260205e+01 9.014210228444718975e-02 -3.852499999999928981e+00 4.000000000000000000e+02 -7.616888320335770679e+00 -1.746210260702705597e+01 1.379999999999999893e+00
-1.302272999317626478e+01 9.148136222222971736e-02 -3.854999999999928928e+00 4.000000000000000000e+02 -7.603394757728543674e+00 -1.745110904441983024e+01 9.500000000000000111e-02
-1.301086682157301411e+01 9.853112792137454223e-02 -3.857499999999928875e+00 4.000000000000000000e+02 -7.588805943736836035e+00 -1.743902023042812388e+01 1.340000000000000080e+00
-1.299900098865395748e+01 1.028118234544351112e-01 -3.859999999999928821e+00 4.000000000000000000e+02 -7.588413485116695334e+00 -1.744112777180798091e+01 1.799999999999999933e-01
-1.298729884878266816e+01 9.969012315525085932e-02 -3.862499999999928768e+00 4.000000000000000000e+02 -7.580017388056032424e+00 -1.743523167474731750e+01 4.499999999999999833e-02
-1.297566406259903005e+01 9.823799004022154557e-02 -3.864999999999928715e+00 4.000000000000000000e+02 -7.574641245704217596e+00 -1.743235553239550484e+01 1.919999999999999929e+00
-1.296413015352693954e+01 9.152377571013786683e-02 -3.867499999999928662e+00 4.000000000000000000e+02 -7.561081508549547081e+00 -1.742129579524083027e+01 2.650000000000000133e-01
-1.295260168081753704e+01 7.684926409753575771e-02 -3.869999999999928608e+00 4.000000000000000000e+02 -7.541754156890480232e+00 -1.740446844358176648e+01 7.499999999999999722e-02
-1.294101231155314657e+01 8.129419108472989153e-02 -3.872499999999928555e+00 4.000000000000000000e+02 -7.507151713981806473e+00 -1.737236600067309311e+01 9.949999999999999956e-01
-1.292918416858698549e+01 8.345847154397885437e-02 -3.874999999999928502e+00 4.000000000000000000e+02 -7.463286034515742351e+00 -1.733100032120702849e+01 1.419999999999999929e+00
-1.291700359132024900e+01 7.816026834658909572e-02 -3.877499999999928448e+00 4.000000000000000000e+02 -7.451158953613703062e+00 -1.732137324030498959e+01 1.620000000000000107e+00
-1.290485388949375434e+01 8.540226587728740049e-02 -3.879999999999928395e+00 4.000000000000000000e+02 -7.419658429553463996e+00 -1.729237271624474914e+01 5.250000000000000222e-01
-1.289249899076373040e+01 8.362427542077766063e-02 -3.882499999999928342e+00 4.000000000000000000e+02 -7.415608069654072487e+00 -1.729082235634535891e+01 7.800000000000000266e-01
-1.288027605435492617e+01 7.657830541713062100e-02 -3.884999999999928288e+00 4.000000000000000000e+02 -7.414177709832530105e+00 -1.729189199652381603e+01 4.299999999999999933e-01
-1.286821354767056391e+01 8.659271110502293756e-02 -3.887499999999928235e+00 4.000000000000000000e+02 -7.404902550912623838e+00 -1.728511683760390838e+01 9.000000000000000222e-01
-1.285621427122750937e+01 8.282249398608015900e-02 -3.889999999999928182e+00 4.000000000000000000e+02 -7.397581599794809115e+00 -1.728029588648609405e+01 6.850000000000000533e-01
-1.284430031184743548e+01 8.489180270421825547e-02 -3.892499999999928129e+00 4.000000000000000000e+02 -7.395332188841326371e+00 -1.728054647553260992e+01 9.849999999999999867e-01
-1.283252955802334760e+01 8.181910586744391145e-02 -3.894999999999928075e+00 4.000000000000000000e+02 -7.394393789362220915e+00 -1.728210807605350396e+01 1.400000000000000133e-01
-1.282091379268404729e+01 8.157812008244492985e-02 -3.897499999999928022e+00 4.000000000000000000e+02 -7.394264824192249286e+00 -1.728447911088353450e+01 3.449999999999999734e-01
-1.280945844327294658e+01 7.873236571459642230e-02 -3.899999999999927969e+00 4.000000000000000000e+02 -7.387103861087934042e+00 -1.727981814777922054e+01 1.534999999999999920e+00
-1.279808022249850374e+01 7.870906059310617264e-02 -3.902499999999927915e+00 4.000000000000000000e+02 -7.350663405666992389e+00 -1.724587769235827750e+01 2.949999999999999845e-01
-1.278644387049681441e+01 8.040015943163929257e-02 -3.904999999999927862e+00 4.000000000000000000e+02 -7.341581867450589272e+00 -1.723929615414187566e+01 1.650000000000000078e-01
-1.277486585133904207e+01 8.002753662968893622e-02 -3.907499999999927809e+00 4.000000000000000000e+02 -7.331776322838648774e+00 -1.723199060952993378e+01 2.849999999999999756e-01
-1.276333691000200687e+01 8.173568897632875474e-02 -3.909999999999927756e+00 4.000000000000000000e+02 -7.325304116148791067e+00 -1.722801840284007824e+01 1.925000000000000044e+00
-1.275189426679349403e+01 7.935807975643714707e-02 -3.912499999999927702e+00 4.000000000000000000e+02 -7.324784362869293908e+00 -1.722999864956057792e+01 1.614999999999999991e+00
-1.274060333263047085e+01 7.539724505010707289e-02 -3.914999999999927649e+00 4.000000000000000000e+02 -7.296933360570787563e+00 -1.720464764726207108e+01 4.299999999999999933e-01
-1.272915343769080998e+01 7.676044432225569147e-02 -3.917499999999927596e+00 4.000000000000000000e+02 -7.295101828173462089e+00 -1.720531611486474688e+01 7.800000000000000266e-01
-1.271784068222205200e+01 8.456635824275623992e-02 -3.919999999999927542e+00 4.000000000000000000e+02 -7.272439947020226114e+00 -1.718515423371151130e+01 1.814999999999999947e+00
-1.270642794613574722e+01 8.979192359167945114e-02 -3.922499999999927489e+00 4.000000000000000000e+02 -7.214531772609843685e+00 -1.712974605930112659e+01 6.199999999999999956e-01
-1.269450494098296822e+01 9.020728902911968883e-02 -3.924999999999927436e+00 4.000000000000000000e+02 -7.180497381101390353e+00 -1.709821166779267543e+01 1.415000000000000036e+00
-1.268234723095881300e+01 8.744945588743313625e-02 -3.927499999999927383e+00 4.000000000000000000e+02 -7.174375863654455898e+00 -1.709459015034573781e+01 1.044999999999999929e+00
-1.267029223943240623e+01 1.011063665697548991e-01 -3.929999999999927329e+00 4.000000000000000000e+02 -7.171253345217476927e+00 -1.709396763190876101e+01 1.564999999999999947e+00
-1.265837346808084973e+01 1.058461287905316378e-01 -3.932499999999927276e+00 4.000000000000000000e+02 -7.163541500499158943e+00 -1.708875578719044341e+01 1.264999999999999902e+00
-1.264653389781004833e+01 1.072708294483708386e-01 -3.934999999999927223e+00 4.000000000000000000e+02 -7.157435964972344244e+00 -1.708515025166362733e+01 1.489999999999999991e+00
-1.263479084689822685e+01 1.022349454096830312e-01 -3.937499999999927169e+00 4.000000000000000000e+02 -7.136477957101930336e+00 -1.706669224379321648e+01 1.100000000000000089e+00
-1.262296914239240131e+01 1.026522367058868845e-01 -3.939999999999927116e+00 4.000000000000000000e+02 -7.133436732780701561e+00 -1.706615101947198809e+01 2.200000000000000011e-01
-1.261127927101840918e+01 9.648848364712224457e-02 -3.942499999999927063e+00 4.000000000000000000e+02 -7.124874563036293296e+00 -1.706008884972757755e+01 1.800000000000000044e+00
-1.259965462215951604e+01 1.020194116603899831e-01 -3.944999999999927009e+00 4.000000000000000000e+02 -7.122838164859381038e+00 -1.706055245155066302e+01 6.650000000000000355e-01
-1.258816884999033370e+01 9.857075916212509892e-02 -3.947499999999926956e+00 4.000000000000000000e+02 -7.120363394229001663e+00 -1.706057768092028581e+01 1.955000000000000071e+00
-1.257681378901810909e+01 9.859358079539790043e-02 -3.949999999999926903e+00 4.000000000000000000e+02 -7.111427845198917019e+00 -1.705414213189020245e+01 1.439999999999999947e+00
-1.256551413857719091e+01 9.713760520662369224e-02 -3.952499999999926850e+00 4.000000000000000000e+02 -7.110425926756687609e+00 -1.705564021344797254e+01 9.500000000000000111e-02
-1.255435737807228236e+01 1.079588997709017562e-01 -3.954999999999926796e+00 4.000000000000000000e+02 -7.084978298454031709e+00 -1.703269258514531614e+01 5.050000000000000044e-01
-1.254306903517746363e+01 1.086653675034992966e-01 -3.957499999999926743e+00 4.000000000000000000e+02 -7.083134546710901702e+00 -1.703334883340218653e+01 4.550000000000000155e-01
-1.253191398006582524e+01 1.039216388040460487e-01 -3.959999999999926690e+00 4.000000000000000000e+02 -7.078583220994091540e+00 -1.703129750768537676e+01 2.349999999999999867e-01
-1.252085946000534733e+01 1.064958551610529491e-01 -3.962499999999926636e+00 4.000000000000000000e+02 -7.068555127120606407e+00 -1.702376941381189113e+01 9.899999999999999911e-01
-1.250984364068919952e+01 1.097257784825535487e-01 -3.964999999999926583e+00 4.000000000000000000e+02 -7.060950620027139912e+00 -1.701866490671842413e+01 3.649999999999999911e-01
-1.249889239302127386e+01 1.062403281666102345e-01 -3.967499999999926530e+00 4.000000000000000000e+02 -7.059864610710156363e+00 -1.702007889740144009e+01 8.050000000000000488e-01
-1.248807500108909174e+01 1.052939290403431122e-01 -3.969999999999926477e+00 4.000000000000000000e+02 -7.037626110796856516e+00 -1.700034039748814152e+01 1.540000000000000036e+00
-1.247716120134830398e+01 1.116281870417939331e-01 -3.972499999999926423e+00 4.000000000000000000e+02 -7.035777041314049463e+00 -1.700099132800533397e+01 1.074999999999999956e+00
-1.246637221523791439e+01 1.111036662649872719e-01 -3.974999999999926370e+00 4.000000000000000000e+02 -7.013892373631938071e+00 -1.698160666032322297e+01 6.999999999999999556e-01
-1.245549059564091010e+01 1.084743494085144006e-01 -3.977499999999926317e+00 4.000000000000000000e+02 -6.977459598959054432e+00 -1.694767388565033883e+01 3.150000000000000022e-01
-1.244435663623204036e+01 1.103420314164981902e-01 -3.979999999999926263e+00 4.000000000000000000e+02 -6.977425302584176592e+00 -1.695013958927545872e+01 1.419999999999999929e+00
-1.243337224700165677e+01 1.067729028756383008e-01 -3.982499999999926210e+00 4.000000000000000000e+02 -6.963106658803482674e+00 -1.693832094549476608e+01 1.699999999999999956e+00
-1.242237874037900802e+01 1.067693242903103162e-01 -3.984999999999926157e+00 4.000000000000000000e+02 -6.936067843852644188e+00 -1.691378213054392887e+01 1.400000000000000133e-01
-1.241123614242731676e+01 1.041993113000381221e-01 -3.987499999999926104e+00 4.000000000000000000e+02 -6.933994296453773742e+00 -1.691420858314505438e+01 4.349999999999999978e-01
-1.240022100765708224e+01 1.042127824298953731e-01 -3.989999999999926050e+00 4.000000000000000000e+02 -6.916879470061803481e+00 -1.689959375675308806e+01 4.699999999999999734e-01
-1.238916636910072988e+01 1.018848631348885925e-01 -3.992499999999925997e+00 4.000000000000000000e+02 -6.913508330920306477e+00 -1.689872261761158967e+01 1.189999999999999947e+00
-1.237822312358622590e+01 1.001114470778159127e-01 -3.994999999999925944e+00 4.000000000000000000e+02 -6.893679311151649891e+00 -1.688139359784293347e+01 1.245000000000000107e+00
-1.236721015799964185e+01 9.554111576440491027e-02 -3.997499999999925890e+00 4.000000000000000000e+02 -6.884092618442267053e+00 -1.687430690513355103e+01 7.299999999999999822e-01
-1.235624011170425796e+01 8.844219057112180649e-02 -3.999999999999925837e+00 4.000000000000000000e+02 -6.832688724502862243e+00 -1.682540301119414750e+01 1.834999999999999964e+00
-1.234484834258262431e+01 8.469839068018117367e-02 -4.002499999999925784e+00 4.000000000000000000e+02 -6.829741483048229256e+00 -1.682495576973951046e+01 1.504999999999999893e+00
-1.233357987520599863e+01 8.667054774141927376e-02 -4.004999999999926175e+00 4.000000000000000000e+02 -6.789055218097092670e+00 -1.678676950478837782e+01 1.110000000000000098e+00
-1.232200573867486781e+01 8.326457674849919999e-02 -4.007499999999926565e+00 4.000000000000000000e+02 -6.780801034158901786e+00 -1.678101532085018732e+01 1.250000000000000000e+00
-1.231049838246558537e+01 8.012756404582326020e-02 -4.009999999999926956e+00 4.000000000000000000e+02 -6.775665755288157399e+00 -1.677838004197943889e+01 9.150000000000000355e-01
-1.229909209137826487e+01 8.504396277359541068e-02 -4.012499999999927347e+00 4.000000000000000000e+02 -6.754537634511900812e+00 -1.675975192120318624e+01 1.435000000000000053e+00
-1.228760360091939141e+01 8.452894000143772180e-02 -4.014999999999927738e+00 4.000000000000000000e+02 -6.739892831843037335e+00 -1.674760711853432227e+01 3.649999999999999911e-01
-1.227610761113781912e+01 8.559444897686976916e-02 -4.017499999999928129e+00 4.000000000000000000e+02 -6.716539509921792828e+00 -1.672675379661307815e+01 5.600000000000000533e-01
-1.226450416931914411e+01 9.642010985478280394e-02 -4.019999999999928519e+00 4.000000000000000000e+02 -6.712561729056544912e+00 -1.672527601574783063e+01 1.000000000000000056e-01
-1.225301695832705917e+01 9.446355801882808101e-02 -4.022499999999928910e+00 4.000000000000000000e+02 -6.706613422215927045e+00 -1.672182770890721315e+01 1.044999999999999929e+00
-1.224162119967497730e+01 9.458522166622358729e-02 -4.024999999999929301e+00 4.000000000000000000e+02 -6.699966312143824432e+00 -1.671768059883511270e+01 1.445000000000000062e+00
-1.223030728237181286e+01 9.614652908525644914e-02 -4.027499999999929692e+00 4.000000000000000000e+02 -6.689489531545386392e+00 -1.670970381823667239e+01 8.900000000000000133e-01
-1.221903084650441329e+01 8.939267466547963503e-02 -4.029999999999930083e+00 4.000000000000000000e+02 -6.685786088491935786e+00 -1.670850037518322040e+01 1.324999999999999956e+00
-1.220786679941539177e+01 9.118305188426731323e-02 -4.032499999999930473e+00 4.000000000000000000e+02 -6.682024293043937746e+00 -1.670723857973522541e+01 7.449999999999999956e-01
-1.219681215020854026e+01 8.599927916515037740e-02 -4.034999999999930864e+00 4.000000000000000000e+02 -6.671967288711971200e+00 -1.669968157540326104e+01 3.850000000000000089e-01
-1.218579588687766169e+01 9.145602366450598930e-02 -4.037499999999931255e+00 4.000000000000000000e+02 -6.665172973868121353e+00 -1.669538726055941069e+01 8.500000000000000611e-02
-1.217485302364433508e+01 8.962281818796208333e-02 -4.039999999999931646e+00 4.000000000000000000e+02 -6.659086988220448866e+00 -1.669180127491173593e+01 1.004999999999999893e+00
-1.216398993622276770e+01 9.470303038282898433e-02 -4.042499999999932037e+00 4.000000000000000000e+02 -6.648535822855733635e+00 -1.668375010954702375e+01 1.129999999999999893e+00
-1.215315718742863638e+01 9.359212684027745643e-02 -4.044999999999932427e+00 4.000000000000000000e+02 -6.632324584570667980e+00 -1.667003887126195849e+01 7.299999999999999822e-01
-1.214229338076904874e+01 9.839406411508729022e-02 -4.047499999999932818e+00 4.000000000000000000e+02 -6.630879666852291798e+00 -1.667109395354358270e+01 1.250000000000000000e-01
-1.213155760156328000e+01 1.047099565189635456e-01 -4.049999999999933209e+00 4.000000000000000000e+02 -6.621745122453406296e+00 -1.666445940914469759e+01 1.544999999999999929e+00
-1.212086552807654982e+01 9.609031896370631709e-02 -4.052499999999933600e+00 4.000000000000000000e+02 -6.620915014514149100e+00 -1.666612930120544078e+01 1.864999999999999991e+00
-1.211030412478846685e+01 8.984715503364175404e-02 -4.054999999999933991e+00 4.000000000000000000e+02 -6.613332879393484021e+00 -1.666104716608477787e+01 1.000000000000000000e+00
-1.209980012997704613e+01 9.816473099506461963e-02 -4.057499999999934381e+00 4.000000000000000000e+02 -6.613248289973748584e+00 -1.666346257666504016e+01 1.675000000000000044e+00
-1.208943027100819023e+01 1.062022080138982777e-01 -4.059999999999934772e+00 4.000000000000000000e+02 -6.595467948341963371e+00 -1.664818223503325356e+01 1.949999999999999956e+00
-1.207900963084642854e+01 1.121193805638143887e-01 -4.062499999999935163e+00 4.000000000000000000e+02 -6.595221346629863035e+00 -1.665043563332115539e+01 1.475000000000000089e+00
-1.206871955596251667e+01 1.056911365527060387e-01 -4.064999999999935554e+00 4.000000000000000000e+02 -6.593383716488763646e+00 -1.665109800318005639e+01 1.304999999999999938e+00
-1.205854099912528632e+01 1.063853658176836942e-01 -4.067499999999935945e+00 4.000000000000000000e+02 -6.557652883126798393e+00 -1.661786716981809064e+01 2.200000000000000011e-01
-1.204812630980516452e+01 1.039911138795439338e-01 -4.069999999999936335e+00 4.000000000000000000e+02 -6.555566861586207494e+00 -1.661828114827750014e+01 1.129999999999999893e+00
-1.203782321342749384e+01 1.047910903865801879e-01 -4.072499999999936726e+00 4.000000000000000000e+02 -6.551741600323653714e+00 -1.661695588701494586e+01 1.209999999999999964e+00
-1.202761173400620187e+01 1.128867098121921209e-01 -4.074999999999937117e+00 4.000000000000000000e+02 -6.549478870486232118e+00 -1.661719315717752821e+01 1.594999999999999973e+00
-1.201750586177083768e+01 1.152561588840150253e-01 -4.077499999999937508e+00 4.000000000000000000e+02 -6.513931068679820413e+00 -1.658414535537111334e+01 2.149999999999999967e-01
-1.200716666964358126e+01 1.129594558608470189e-01 -4.079999999999937899e+00 4.000000000000000000e+02 -6.510042747217352321e+00 -1.658275703390864564e+01 1.725000000000000089e+00
-1.199691913889636652e+01 1.186016497279118453e-01 -4.082499999999938289e+00 4.000000000000000000e+02 -6.497284503497704478e+00 -1.657249879018900174e+01 1.389999999999999902e+00
-1.198667149892763639e+01 1.224118525361451160e-01 -4.084999999999938680e+00 4.000000000000000000e+02 -6.489380904097959757e+00 -1.656709519078925652e+01 6.550000000000000266e-01
-1.197647312725436031e+01 1.224395943601249981e-01 -4.087499999999939071e+00 4.000000000000000000e+02 -6.487601548210788494e+00 -1.656781583490208476e+01 1.879999999999999893e+00
-1.196638494926808782e+01 1.224085434598481542e-01 -4.089999999999939462e+00 4.000000000000000000e+02 -6.482019280398587213e+00 -1.656473356708988121e+01 5.500000000000000028e-02
-1.195636684954238760e+01 1.270358463454287490e-01 -4.092499999999939853e+00 4.000000000000000000e+02 -6.481671097791109837e+00 -1.656688538448240777e+01 1.665000000000000036e+00
-1.194646933267789102e+01 1.330575129650810318e-01 -4.094999999999940243e+00 4.000000000000000000e+02 -6.481082278305937194e+00 -1.656879656499723552e+01 3.750000000000000000e-01
-1.193668743880498440e+01 1.274213263301034738e-01 -4.097499999999940634e+00 4.000000000000000000e+02 -6.480053801510166522e+00 -1.657026808820146613e+01 1.209999999999999964e+00
-1.192701447989248287e+01 1.275312203263801736e-01 -4.099999999999941025e+00 4.000000000000000000e+02 -6.470564654379074021e+00 -1.656327894107037224e+01 1.094999999999999973e+00
-1.191736732192334713e+01 1.201716476808840639e-01 -4.102499999999941416e+00 4.000000000000000000e+02 -6.466176717689530840e+00 -1.656139100438083034e+01 2.500000000000000139e-02
-1.190779437296935050e+01 1.226302187216646300e-01 -4.104999999999941807e+00 4.000000000000000000e+02 -6.444309790136099281e+00 -1.654202407682739917e+01 5.999999999999999778e-02
-1.189812766005919364e+01 1.180190733181468443e-01 -4.107499999999942197e+00 4.000000000000000000e+02 -6.435940825824165934e+00 -1.653615511251546621e+01 7.850000000000000311e-01
-1.188849741340135679e+01 1.232333016219675920e-01 -4.109999999999942588e+00 4.000000000000000000e+02 -6.422549730499044429e+00 -1.652526401719034510e+01 1.475000000000000089e+00
-1.187885507519106731e+01 1.202230439536046136e-01 -4.112499999999942979e+00 4.000000000000000000e+02 -6.420185934032111241e+00 -1.652540022072341230e+01 1.145000000000000018e+00
-1.186930611893414778e+01 1.201729852275610494e-01 -4.114999999999943370e+00 4.000000000000000000e+02 -6.417768806497608836e+00 -1.652548309318891029e+01 6.949999999999999512e-01
-1.185984826358645172e+01 1.273382038279457507e-01 -4.117499999999943761e+00 4.000000000000000000e+02 -6.414728679391913602e+00 -1.652494296608321633e+01 1.110000000000000098e+00
-1.185047398353015247e+01 1.255243401962333472e-01 -4.119999999999944151e+00 4.000000000000000000e+02 -6.400561249095388483e+00 -1.651327553578668983e+01 8.500000000000000611e-02
-1.184107828296322928e+01 1.261122644894220601e-01 -4.122499999999944542e+00 4.000000000000000000e+02 -6.387411068735625364e+00 -1.650262535542692888e+01 4.050000000000000266e-01
-1.183167084358636778e+01 1.274180538443642485e-01 -4.124999999999944933e+00 4.000000000000000000e+02 -6.385720968096052275e+00 -1.650343525478735529e+01 3.499999999999999778e-01
-1.182235858995452205e+01 1.274757034636571085e-01 -4.127499999999945324e+00 4.000000000000000000e+02 -6.372951156136439366e+00 -1.649316544282774188e+01 5.000000000000000278e-02
-1.181303745647548631e+01 1.265741692545990782e-01 -4.129999999999945715e+00 4.000000000000000000e+02 -6.358568788285483109e+00 -1.648128307497678691e+01 1.389999999999999902e+00
-1.180369253013478925e+01 1.267261746423960778e-01 -4.132499999999946105e+00 4.000000000000000000e+02 -6.354649847008267294e+00 -1.647986413369957148e+01 1.824999999999999956e+00
-1.179442103784128015e+01 1.245489464047973560e-01 -4.134999999999946496e+00 4.000000000000000000e+02 -6.352447995384010504e+00 -1.648016228207531597e+01 9.350000000000000533e-01
-1.178523744299689646e+01 1.251137382434130974e-01 -4.137499999999946887e+00 4.000000000000000000e+02 -6.335108237389672325e+00 -1.646532252408097463e+01 9.699999999999999734e-01
-1.177600199686829185e+01 1.254366358866851605e-01 -4.139999999999947278e+00 4.000000000000000000e+02 -6.325652619129392917e+00 -1.645836690582069650e+01 2.999999999999999889e-01
-1.176678748538517638e+01 1.252648164964719202e-01 -4.142499999999947669e+00 4.000000000000000000e+02 -6.324278454853988762e+00 -1.645949274154529363e+01 1.604999999999999982e+00
-1.175766733328989666e+01 1.253187824883965629e-01 -4.144999999999948059e+00 4.000000000000000000e+02 -6.307685272582790326e+00 -1.644539955927409736e+01 1.294999999999999929e+00
-1.174850192117227543e+01 1.226163439974889274e-01 -4.147499999999948450e+00 4.000000000000000000e+02 -6.297485771597313153e+00 -1.643770005828861969e+01 1.435000000000000053e+00
-1.173934987364154736e+01 1.294593616422020088e-01 -4.149999999999948841e+00 4.000000000000000000e+02 -6.288913508736167834e+00 -1.643162779542747387e+01 6.949999999999999512e-01
-1.173022584108856670e+01 1.279054894627981442e-01 -4.152499999999949232e+00 4.000000000000000000e+02 -6.260954878436991500e+00 -1.640616916512829704e+01 1.754999999999999893e+00
-1.172095224184620932e+01 1.380649735614353224e-01 -4.154999999999949623e+00 4.000000000000000000e+02 -6.260235734855956302e+00 -1.640795002154726490e+01 6.999999999999999556e-01
-1.171178012654138634e+01 1.388087074093484197e-01 -4.157499999999950013e+00 4.000000000000000000e+02 -6.240190086817123394e+00 -1.639040437350843149e+01 7.199999999999999734e-01
-1.170253124134294787e+01 1.402805855047885020e-01 -4.159999999999950404e+00 4.000000000000000000e+02 -6.235475286379401183e+00 -1.638818957307070789e+01 1.209999999999999964e+00
-1.169334688851824033e+01 1.384415270405807974e-01 -4.162499999999950795e+00 4.000000000000000000e+02 -6.233794229860158076e+00 -1.638900851655146695e+01 6.800000000000000488e-01
-1.168425353712941117e+01 1.320205183497232260e-01 -4.164999999999951186e+00 4.000000000000000000e+02 -6.233766423361916331e+00 -1.639148071005322649e+01 1.969999999999999973e+00
-1.167526428090858914e+01 1.332832543323535790e-01 -4.167499999999951577e+00 4.000000000000000000e+02 -6.203820712893645783e+00 -1.636403499958495544e+01 1.625000000000000000e+00
-1.166610833864507946e+01 1.209471895409578585e-01 -4.169999999999951967e+00 4.000000000000000000e+02 -6.195194485963270381e+00 -1.635790877265457866e+01 2.149999999999999967e-01
-1.165697996826657779e+01 1.242696164634827655e-01 -4.172499999999952358e+00 4.000000000000000000e+02 -6.178047044036709678e+00 -1.634326133072801923e+01 2.000000000000000042e-02
-1.164780130962136973e+01 1.239209158079796064e-01 -4.174999999999952749e+00 4.000000000000000000e+02 -6.160310893937158028e+00 -1.632802518062846886e+01 1.689999999999999947e+00
-1.163856713929114228e+01 1.275882570248781933e-01 -4.177499999999953140e+00 4.000000000000000000e+02 -6.153745611305234675e+00 -1.632395989799654501e+01 4.849999999999999867e-01
-1.162938035819725613e+01 1.262572233761483642e-01 -4.179999999999953531e+00 4.000000000000000000e+02 -6.150720071126478672e+00 -1.632343435781778851e+01 1.024999999999999911e+00
-1.162027244274628934e+01 1.277910782407547519e-01 -4.182499999999953921e+00 4.000000000000000000e+02 -6.132201962824042951e+00 -1.630741624951535584e+01 9.050000000000000266e-01
-1.161110166059839521e+01 1.277385738810304372e-01 -4.184999999999954312e+00 4.000000000000000000e+02 -6.110411086653222412e+00 -1.628812537334453481e+01 1.719999999999999973e+00
-1.160183802879905457e+01 1.284535889274943388e-01 -4.187499999999954703e+00 4.000000000000000000e+02 -6.106336902052346360e+00 -1.628655118874365826e+01 1.840000000000000080e+00
-1.159264503087761788e+01 1.267925249443202784e-01 -4.189999999999955094e+00 4.000000000000000000e+02 -6.072207272647012211e+00 -1.625492155933832450e+01 1.899999999999999911e+00
-1.158324441916918346e+01 1.272352417485440867e-01 -4.192499999999955484e+00 4.000000000000000000e+02 -6.067213783865106791e+00 -1.625242807055641947e+01 1.500000000000000000e+00
-1.157390821379302359e+01 1.279017173708304200e-01 -4.194999999999955875e+00 4.000000000000000000e+02 -6.064850275140670099e+00 -1.625256456183198495e+01 8.000000000000000444e-01
-1.156465962412024595e+01 1.320637634092081125e-01 -4.197499999999956266e+00 4.000000000000000000e+02 -6.058021449346410847e+00 -1.624823573603772431e+01 1.504999999999999893e+00
-1.155545621535488721e+01 1.338103873969796742e-01 -4.199999999999956657e+00 4.000000000000000000e+02 -6.043449936705007630e+00 -1.623616422339632237e+01 4.199999999999999845e-01
-1.154622649398358725e+01 1.169130560282496678e-01 -4.202499999999957048e+00 4.000000000000000000e+02 -6.036902666004406726e+00 -1.623211695269571919e+01 2.550000000000000044e-01
-1.153704426309064424e+01 1.175386198417008865e-01 -4.204999999999957438e+00 4.000000000000000000e+02 -6.026161468807464061e+00 -1.622387575549878136e+01 1.715000000000000080e+00
-1.152787062942785923e+01 1.155055689754135306e-01 -4.207499999999957829e+00 4.000000000000000000e+02 -6.014699577210461889e+00 -1.621491386390177780e+01 1.215000000000000080e+00
-1.151869892912393745e+01 1.172918742794872154e-01 -4.209999999999958220e+00 4.000000000000000000e+02 -6.005264323770966861e+00 -1.620797861046228050e+01 1.750000000000000000e+00
-1.150954762445511470e+01 1.147077346397677305e-01 -4.212499999999958611e+00 4.000000000000000000e+02 -6.003153176350841669e+00 -1.620836746304215836e+01 7.850000000000000311e-01
-1.150048281691534946e+01 1.149733903437614724e-01 -4.214999999999959002e+00 4.000000000000000000e+02 -5.984329161872230074e+00 -1.619204344856354538e+01 1.479999999999999982e+00
-1.149135226723385195e+01 1.159584111173608267e-01 -4.217499999999959392e+00 4.000000000000000000e+02 -5.930510274438362650e+00 -1.614072456112968013e+01 8.850000000000000089e-01
-1.148183014122497525e+01 1.188226024219695282e-01 -4.219999999999959783e+00 4.000000000000000000e+02 -5.920348660489043624e+00 -1.613306294718035971e+01 1.849999999999999978e-01
-1.147232563092941504e+01 1.193739831268687268e-01 -4.222499999999960174e+00 4.000000000000000000e+02 -5.915046031935272453e+00 -1.613026031862658982e+01 1.699999999999999956e+00
-1.146288430701756234e+01 1.197166594277217500e-01 -4.224999999999960565e+00 4.000000000000000000e+02 -5.906464274083723431e+00 -1.612417856077504297e+01 5.100000000000000089e-01
-1.145347450011980506e+01 1.193018481312836665e-01 -4.227499999999960956e+00 4.000000000000000000e+02 -5.864637543050818635e+00 -1.608485182974213501e+01 3.300000000000000155e-01
-1.144378030817434144e+01 1.227692942653826613e-01 -4.229999999999961346e+00 4.000000000000000000e+02 -5.858500739774639143e+00 -1.608121502646595502e+01 9.599999999999999645e-01
-1.143414437907006764e+01 1.279935179306159465e-01 -4.232499999999961737e+00 4.000000000000000000e+02 -5.817333192226112892e+00 -1.604254747891743094e+01 1.735000000000000098e+00
-1.142422600609012484e+01 1.268976540631860106e-01 -4.234999999999962128e+00 4.000000000000000000e+02 -5.811741439178313762e+00 -1.603945572586963308e+01 3.499999999999999778e-01
-1.141437478020627339e+01 1.315827483377346729e-01 -4.237499999999962519e+00 4.000000000000000000e+02 -5.810771281471525107e+00 -1.604098556816284571e+01 7.349999999999999867e-01
-1.140463449503689652e+01 1.333497768064178246e-01 -4.239999999999962910e+00 4.000000000000000000e+02 -5.801882154926600421e+00 -1.603459644161792141e+01 8.149999999999999467e-01
-1.139492663881462242e+01 1.370449530832992535e-01 -4.242499999999963300e+00 4.000000000000000000e+02 -5.791907751278229100e+00 -1.602712203796954782e+01 1.225000000000000089e+00
-1.138524033587995277e+01 1.380530289968587565e-01 -4.244999999999963691e+00 4.000000000000000000e+02 -5.767792421904776923e+00 -1.600550670859609781e+01 3.150000000000000022e-01
-1.137543836068969760e+01 1.420004953288507010e-01 -4.247499999999964082e+00 4.000000000000000000e+02 -5.766287680730784793e+00 -1.600650196742210696e+01 7.249999999999999778e-01
-1.136574114167800076e+01 1.296951681546300583e-01 -4.249999999999964473e+00 4.000000000000000000e+02 -5.762473943250118857e+00 -1.600518822994143875e+01 2.550000000000000044e-01
-1.135612449128361767e+01 1.272830856240062536e-01 -4.252499999999964864e+00 4.000000000000000000e+02 -5.762322393195950632e+00 -1.600753667988727358e+01 1.064999999999999947e+00
-1.134662167770481744e+01 1.269854384147777737e-01 -4.254999999999965254e+00 4.000000000000000000e+02 -5.760326460303731189e+00 -1.600804074699505364e+01 7.700000000000000178e-01
-1.133721303971628380e+01 1.261998937003285248e-01 -4.257499999999965645e+00 4.000000000000000000e+02 -5.755286970810331582e+00 -1.600550125750165620e+01 1.499999999999999944e-02
-1.132786850960012970e+01 1.256830520037960086e-01 -4.259999999999966036e+00 4.000000000000000000e+02 -5.741366143727679727e+00 -1.599408043041900207e+01 4.000000000000000083e-02
-1.131850464795872568e+01 1.255661936093606101e-01 -4.262499999999966427e+00 4.000000000000000000e+02 -5.741020646276787431e+00 -1.599623493296811105e+01 2.399999999999999911e-01
-1.130924752908088671e+01 1.295791470060288775e-01 -4.264999999999966818e+00 4.000000000000000000e+02 -5.735371402733583146e+00 -1.599308568942490894e+01 1.239999999999999991e+00
-1.130004652067853499e+01 1.200603916620843065e-01 -4.267499999999967208e+00 4.000000000000000000e+02 -5.733994966054565268e+00 -1.599420925274588967e+01 4.299999999999999933e-01
-1.129093959100415034e+01 1.244065564813011671e-01 -4.269999999999967599e+00 4.000000000000000000e+02 -5.730182786388236416e+00 -1.599289707307956121e+01 1.459999999999999964e+00
-1.128190305310312880e+01 1.204059497000899703e-01 -4.272499999999967990e+00 4.000000000000000000e+02 -5.729765228309654290e+00 -1.599497951500097948e+01 1.415000000000000036e+00
-1.127296599058443149e+01 1.177948209780929206e-01 -4.274999999999968381e+00 4.000000000000000000e+02 -5.711828011374210590e+00 -1.597954229806553705e+01 1.635000000000000009e+00
-1.126397090790696787e+01 1.213157377577114837e-01 -4.277499999999968772e+00 4.000000000000000000e+02 -5.708001875486926835e+00 -1.597821616217825280e+01 1.020000000000000018e+00
-1.125504423840038370e+01 1.267633963828954657e-01 -4.279999999999969162e+00 4.000000000000000000e+02 -5.704208959853134253e+00 -1.597692324654445883e+01 1.330000000000000071e+00
-1.124618515364687710e+01 1.283282605728437720e-01 -4.282499999999969553e+00 4.000000000000000000e+02 -5.702915751819036316e+00 -1.597813003851036306e+01 7.550000000000000044e-01
-1.123741440808008285e+01 1.308096013325819873e-01 -4.284999999999969944e+00 4.000000000000000000e+02 -5.701167091617723059e+00 -1.597888137830905109e+01 1.199999999999999956e+00
-1.122872642191627079e+01 1.310756738980092539e-01 -4.287499999999970335e+00 4.000000000000000000e+02 -5.679934951974169977e+00 -1.596014923866549751e+01 5.999999999999999778e-02
-1.121995111626475961e+01 1.342209014426388181e-01 -4.289999999999970726e+00 4.000000000000000000e+02 -5.641833019128691618e+00 -1.592454730582001865e+01 2.399999999999999911e-01
-1.121093828472108989e+01 1.291463472916814792e-01 -4.292499999999971116e+00 4.000000000000000000e+02 -5.618692588523842346e+00 -1.590390687521517066e+01 1.864999999999999991e+00
-1.120182052304460640e+01 1.200825902224268577e-01 -4.294999999999971507e+00 4.000000000000000000e+02 -5.608292634190051196e+00 -1.589600692088137990e+01 8.900000000000000133e-01
-1.119271380791180270e+01 1.222659275156435799e-01 -4.297499999999971898e+00 4.000000000000000000e+02 -5.607915687575832031e+00 -1.589812997426716024e+01 1.395000000000000018e+00
-1.118370833048844482e+01 1.226315310986630658e-01 -4.299999999999972289e+00 4.000000000000000000e+02 -5.605316474040565211e+00 -1.589803076073189381e+01 1.185000000000000053e+00
-1.117478234681425597e+01 1.214852373416247938e-01 -4.302499999999972680e+00 4.000000000000000000e+02 -5.602425803792593584e+00 -1.589764009048392346e+01 1.560000000000000053e+00
-1.116593189028183097e+01 1.198017723214942765e-01 -4.304999999999973070e+00 4.000000000000000000e+02 -5.576886435075753212e+00 -1.587460072176708437e+01 1.709999999999999964e+00
-1.115695552621337860e+01 1.221730797764544740e-01 -4.307499999999973461e+00 4.000000000000000000e+02 -5.574328483860185202e+00 -1.587454277055151586e+01 1.610000000000000098e+00
-1.114805850765511863e+01 1.180208993064517931e-01 -4.309999999999973852e+00 4.000000000000000000e+02 -5.564577188194197888e+00 -1.586729147488552805e+01 9.150000000000000355e-01
-1.113917605429924862e+01 1.138501496769954435e-01 -4.312499999999974243e+00 4.000000000000000000e+02 -5.558617000786365558e+00 -1.586383128747769788e+01 6.149999999999999911e-01
-1.113034142207665944e+01 1.163935366587516146e-01 -4.314999999999974634e+00 4.000000000000000000e+02 -5.552872812401233205e+00 -1.586058709909256592e+01 1.199999999999999956e-01
-1.112155582585269720e+01 1.167027574073561530e-01 -4.317499999999975024e+00 4.000000000000000000e+02 -5.530658968653261454e+00 -1.584087325534459367e+01 1.080000000000000071e+00
-1.111267411937555494e+01 1.181398433389174163e-01 -4.319999999999975415e+00 4.000000000000000000e+02 -5.514375214871022557e+00 -1.582708950156235517e+01 4.849999999999999867e-01
-1.110374896165895287e+01 1.178028187989903913e-01 -4.322499999999975806e+00 4.000000000000000000e+02 -5.510664967642786571e+00 -1.582587925433411868e+01 1.499999999999999944e-01
-1.109489209294864409e+01 1.182719028942377376e-01 -4.324999999999976197e+00 4.000000000000000000e+02 -5.489541117056706554e+00 -1.580725540374804083e+01 8.199999999999999512e-01
-1.108594868310652259e+01 1.149040063856340416e-01 -4.327499999999976588e+00 4.000000000000000000e+02 -5.477392669696861560e+00 -1.579760695638819534e+01 1.550000000000000044e+00
-1.107699899374344277e+01 1.147010984000224887e-01 -4.329999999999976978e+00 4.000000000000000000e+02 -5.469197667781156014e+00 -1.579191195447248930e+01 1.370000000000000107e+00
-1.106807825614447260e+01 1.101448767384729938e-01 -4.332499999999977369e+00 4.000000000000000000e+02 -5.465631468857528930e+00 -1.579084575554886349e+01 5.999999999999999778e-02
-1.105922700439757378e+01 1.082527423052460080e-01 -4.334999999999977760e+00 4.000000000000000000e+02 -5.463749975463611186e+00 -1.579146426215494614e+01 1.600000000000000089e+00
-1.105045881157637488e+01 1.077111923789157433e-01 -4.337499999999978151e+00 4.000000000000000000e+02 -5.458534363544630175e+00 -1.578874865023596641e+01 1.600000000000000033e-01
-1.104174329877118410e+01 1.136325297837035703e-01 -4.339999999999978542e+00 4.000000000000000000e+02 -5.445241380691310695e+00 -1.577795566738264554e+01 4.699999999999999734e-01
-1.103300973984695865e+01 1.121628954442212001e-01 -4.342499999999978932e+00 4.000000000000000000e+02 -5.440767277174867189e+00 -1.577598156386620332e+01 1.409999999999999920e+00
-1.102433476149694158e+01 1.142983693950796881e-01 -4.344999999999979323e+00 4.000000000000000000e+02 -5.422341542516530666e+00 -1.576005582920786807e+01 1.354999999999999982e+00
-1.101559692940943513e+01 1.206641799236033846e-01 -4.347499999999979714e+00 4.000000000000000000e+02 -5.405952087805280470e+00 -1.574616637449661738e+01 7.900000000000000355e-01
-1.100681416476783347e+01 1.177161048062989601e-01 -4.349999999999980105e+00 4.000000000000000000e+02 -5.405339994579302143e+00 -1.574805428127063855e+01 1.489999999999999991e+00
-1.099812421601815515e+01 1.177872192964322939e-01 -4.352499999999980496e+00 4.000000000000000000e+02 -5.402452666042139029e+00 -1.574766695273347672e+01 1.799999999999999933e-01
-1.098950580919765230e+01 1.208909316956397750e-01 -4.354999999999980886e+00 4.000000000000000000e+02 -5.402162974073862145e+00 -1.574987726076520111e+01 1.189999999999999947e+00
-1.098097983059001415e+01 1.109570720715288838e-01 -4.357499999999981277e+00 4.000000000000000000e+02 -5.401670386398539137e+00 -1.575188467308987761e+01 7.199999999999999734e-01
-1.097254281231382755e+01 1.068052716654052242e-01 -4.359999999999981668e+00 4.000000000000000000e+02 -5.396346405801980772e+00 -1.574906069249331964e+01 8.000000000000000167e-02
-1.096415282112556255e+01 1.065841028498989984e-01 -4.362499999999982059e+00 4.000000000000000000e+02 -5.395186881280813473e+00 -1.575040116797215362e+01 7.500000000000000000e-01
-1.095584373597304761e+01 1.080910546484355889e-01 -4.364999999999982450e+00 4.000000000000000000e+02 -5.382697040575675551e+00 -1.574041132726701520e+01 1.764999999999999902e+00
-1.094752073154221073e+01 1.077521844177137256e-01 -4.367499999999982840e+00 4.000000000000000000e+02 -5.375278230136165902e+00 -1.573549251682750594e+01 2.099999999999999922e-01
-1.093922589507671361e+01 1.093195528987197657e-01 -4.369999999999983231e+00 4.000000000000000000e+02 -5.338758242853293368e+00 -1.570147252954463291e+01 1.629999999999999893e+00
-1.093071582148549936e+01 1.098736407773867885e-01 -4.372499999999983622e+00 4.000000000000000000e+02 -5.336276032646275702e+00 -1.570149031933761563e+01 5.500000000000000444e-01
-1.092227770804452547e+01 1.089190586380443387e-01 -4.374999999999984013e+00 4.000000000000000000e+02 -5.333118716205540899e+00 -1.570083300289688211e+01 1.385000000000000009e+00
-1.091390472205427287e+01 1.169753592264186765e-01 -4.377499999999984404e+00 4.000000000000000000e+02 -5.329064410944427621e+00 -1.569927869763576922e+01 1.350000000000000089e-01
-1.090558839863890483e+01 1.057869732181947187e-01 -4.379999999999984794e+00 4.000000000000000000e+02 -5.308863847519025292e+00 -1.568157813421036550e+01 1.209999999999999964e+00
-1.089719399370301112e+01 1.028229184160343035e-01 -4.382499999999985185e+00 4.000000000000000000e+02 -5.297364375768917277e+00 -1.567257866246026055e+01 1.080000000000000071e+00
-1.088879452933237069e+01 1.033277303412377390e-01 -4.384999999999985576e+00 4.000000000000000000e+02 -5.289311467270022327e+00 -1.566702575396136510e+01 1.735000000000000098e+00
-1.088041884080058530e+01 1.064195485860886525e-01 -4.387499999999985967e+00 4.000000000000000000e+02 -5.272643377343551485e+00 -1.565285766403489376e+01 8.500000000000000611e-02
-1.087199470050739514e+01 1.163302213830786219e-01 -4.389999999999986358e+00 4.000000000000000000e+02 -5.271897516001167183e+00 -1.565461180269251074e+01 1.645000000000000018e+00
-1.086365551387188688e+01 1.217118060751601755e-01 -4.392499999999986748e+00 4.000000000000000000e+02 -5.264845448059223720e+00 -1.565005973475056678e+01 1.150000000000000050e-01
-1.085534771842432278e+01 1.259921537349586451e-01 -4.394999999999987139e+00 4.000000000000000000e+02 -5.251329917570718209e+00 -1.563904420426206343e+01 1.250000000000000000e-01
-1.084701749074759469e+01 1.292589034413305638e-01 -4.397499999999987530e+00 4.000000000000000000e+02 -5.236036272071365794e+00 -1.562625055876270963e+01 1.620000000000000107e+00
-1.083865015415166511e+01 1.300216117791093973e-01 -4.399999999999987921e+00 4.000000000000000000e+02 -5.226677992934998684e+00 -1.561939227962634291e+01 1.284999999999999920e+00
-1.083029538226434241e+01 1.311338626892748771e-01 -4.402499999999988312e+00 4.000000000000000000e+02 -5.224139413782475927e+00 -1.561935370047382143e+01 8.649999999999999911e-01
-1.082200951630182928e+01 1.292570514505755608e-01 -4.404999999999988702e+00 4.000000000000000000e+02 -5.217523748363842806e+00 -1.561523803505518870e+01 9.899999999999999911e-01
-1.081375799024180040e+01 1.290117380453345008e-01 -4.407499999999989093e+00 4.000000000000000000e+02 -5.200365425568420186e+00 -1.560057971225976559e+01 3.099999999999999978e-01
-1.080545364822527254e+01 1.323921815771889332e-01 -4.409999999999989484e+00 4.000000000000000000e+02 -5.193619066441126364e+00 -1.559633335313247215e+01 3.099999999999999978e-01
-1.079718279811081594e+01 1.298416983879069897e-01 -4.412499999999989875e+00 4.000000000000000000e+02 -5.184693333917402391e+00 -1.558990762060874857e+01 1.925000000000000044e+00
-1.078892713185465269e+01 1.299642934294016616e-01 -4.414999999999990266e+00 4.000000000000000000e+02 -5.169519701372026432e+00 -1.557723398806337478e+01 5.849999999999999645e-01
-1.078063506279248074e+01 1.239305168922402167e-01 -4.417499999999990656e+00 4.000000000000000000e+02 -5.167240289610343318e+00 -1.557745457630169028e+01 5.350000000000000311e-01
-1.077241299351696036e+01 1.231827591251290349e-01 -4.419999999999991047e+00 4.000000000000000000e+02 -5.157637654045402975e+00 -1.557035194073674944e+01 1.294999999999999929e+00
-1.076420008548156204e+01 1.247065284392450957e-01 -4.422499999999991438e+00 4.000000000000000000e+02 -5.157312075377751270e+00 -1.557252636206909990e+01 1.395000000000000018e+00
-1.075607170209974051e+01 1.262484272622635129e-01 -4.424999999999991829e+00 4.000000000000000000e+02 -5.151253248722632350e+00 -1.556896753541398226e+01 1.360000000000000098e+00
-1.074798022756825944e+01 1.287027697380080105e-01 -4.427499999999992220e+00 4.000000000000000000e+02 -5.147011632456102603e+00 -1.556722591914745202e+01 7.900000000000000355e-01
-1.073993976461953892e+01 1.226142707807915816e-01 -4.429999999999992610e+00 4.000000000000000000e+02 -5.145767193255570859e+00 -1.556848147994691978e+01 1.995000000000000107e+00
-1.073197340411517331e+01 1.218678738337489603e-01 -4.432499999999993001e+00 4.000000000000000000e+02 -5.141528873338891970e+00 -1.556674316003024217e+01 8.000000000000000444e-01
-1.072405630897107365e+01 1.195449995165223100e-01 -4.434999999999993392e+00 4.000000000000000000e+02 -5.133598552268010984e+00 -1.556131283895936335e+01 7.349999999999999867e-01
-1.071615879995200871e+01 1.212937558564747137e-01 -4.437499999999993783e+00 4.000000000000000000e+02 -5.129602461766639365e+00 -1.555981674845799034e+01 5.350000000000000311e-01
-1.070831148751538464e+01 1.173997367928453633e-01 -4.439999999999994174e+00 4.000000000000000000e+02 -5.122048256405116184e+00 -1.555476254309646578e+01 2.600000000000000089e-01
-1.070048597746259311e+01 1.161407194121421571e-01 -4.442499999999994564e+00 4.000000000000000000e+02 -5.119226698346670545e+00 -1.555444098503802230e+01 6.250000000000000000e-01
-1.069271874327523797e+01 1.192611400524467014e-01 -4.444999999999994955e+00 4.000000000000000000e+02 -5.112694584905875139e+00 -1.555040887159722729e+01 2.600000000000000089e-01
-1.068498035477900743e+01 1.197458380198643674e-01 -4.447499999999995346e+00 4.000000000000000000e+02 -5.108918628948839746e+00 -1.554913291564019318e+01 1.864999999999999991e+00
-1.067729162271409038e+01 1.231349273091635749e-01 -4.449999999999995737e+00 4.000000000000000000e+02 -5.091173026660578138e+00 -1.553388731335192929e+01 7.449999999999999956e-01
-1.066954479313575987e+01 1.322938551418457176e-01 -4.452499999999996128e+00 4.000000000000000000e+02 -5.086829752176362796e+00 -1.553204403886771701e+01 1.985000000000000098e+00
-1.066184338752442073e+01 1.384378761669200208e-01 -4.454999999999996518e+00 4.000000000000000000e+02 -5.082329610396342012e+00 -1.553004389708769750e+01 1.625000000000000000e+00
-1.065418559751955208e+01 1.390960180205926822e-01 -4.457499999999996909e+00 4.000000000000000000e+02 -5.058013812906192896e+00 -1.550822809959754700e+01 2.250000000000000056e-01
-1.064641904026065511e+01 1.314089315579583250e-01 -4.459999999999997300e+00 4.000000000000000000e+02 -5.053796292057088912e+00 -1.550651057874844341e+01 1.780000000000000027e+00
-1.063869914105498715e+01 1.312072849848786305e-01 -4.462499999999997691e+00 4.000000000000000000e+02 -5.051409513015171271e+00 -1.550662379970652616e+01 5.000000000000000104e-03
-1.063103924642129172e+01 1.334699851994299302e-01 -4.464999999999998082e+00 4.000000000000000000e+02 -5.041579277253020130e+00 -1.549929356394437718e+01 3.549999999999999822e-01
-1.062338186688184294e+01 1.335684620794206912e-01 -4.467499999999998472e+00 4.000000000000000000e+02 -5.036016600157830148e+00 -1.549623088684918670e+01 9.100000000000000311e-01
-1.061575945657450148e+01 1.334298205440097584e-01 -4.469999999999998863e+00 4.000000000000000000e+02 -5.026639592885953078e+00 -1.548935387957730825e+01 1.800000000000000044e+00
-1.060814270434245010e+01 1.346900350903380839e-01 -4.472499999999999254e+00 4.000000000000000000e+02 -5.023679284844923210e+00 -1.548889357153628055e+01 8.999999999999999667e-02
-1.060058006153114185e+01 1.345521329550982970e-01 -4.474999999999999645e+00 4.000000000000000000e+02 -5.021430011366557977e+00 -1.548914429805791571e+01 2.800000000000000266e-01
-1.059307605790904638e+01 1.342148052806366731e-01 -4.477500000000000036e+00 4.000000000000000000e+02 -5.013971392466565646e+00 -1.548418567915792288e+01 1.500000000000000000e+00
-1.058559105935960432e+01 1.351288386263976848e-01 -4.480000000000000426e+00 4.000000000000000000e+02 -5.007221256758178640e+00 -1.547993554344953537e+01 1.814999999999999947e+00
-1.057813014467805601e+01 1.382154302549040426e-01 -4.482500000000000817e+00 4.000000000000000000e+02 -5.004267070380309157e+00 -1.547948135707166628e+01 8.249999999999999556e-01
-1.057072113137684255e+01 1.382612742670408790e-01 -4.485000000000001208e+00 4.000000000000000000e+02 -4.990709022636897529e+00 -1.546842330932825682e+01 7.449999999999999956e-01
-1.056328513339747488e+01 1.403588628881998202e-01 -4.487500000000001599e+00 4.000000000000000000e+02 -4.989655644929721134e+00 -1.546986993162107993e+01 1.600000000000000033e-01
-1.055591465233797699e+01 1.396145922604616618e-01 -4.490000000000001990e+00 4.000000000000000000e+02 -4.985115073375808059e+00 -1.546782936006716724e+01 1.499999999999999944e-02
-1.054858320750134126e+01 1.361649463253558623e-01 -4.492500000000002380e+00 4.000000000000000000e+02 -4.983069058699557630e+00 -1.546828334539091721e+01 6.250000000000000000e-01
-1.054130841319343936e+01 1.357707507534983427e-01 -4.495000000000002771e+00 4.000000000000000000e+02 -4.981272712374274825e+00 -1.546898699906563479e+01 1.584999999999999964e+00
-1.053409122141496468e+01 1.335960713093037322e-01 -4.497500000000003162e+00 4.000000000000000000e+02 -4.931979247764892271e+00 -1.542219353445625174e+01 1.844999999999999973e+00
-1.052658376369862481e+01 1.286115121084273893e-01 -4.500000000000003553e+00 4.000000000000000000e+02 -4.910618858577340262e+00 -1.540333314526870012e+01 1.280000000000000027e+00
-1.051899091328052371e+01 1.337779153041043223e-01 -4.502500000000003944e+00 4.000000000000000000e+02 -4.896487831677769798e+00 -1.539170211836913182e+01 6.400000000000000133e-01
-1.051136745641351133e+01 1.332363281397486998e-01 -4.505000000000004334e+00 4.000000000000000000e+02 -4.857550878682765472e+00 -1.535526516537412789e+01 1.919999999999999929e+00
-1.050352201786620121e+01 1.346850075990190798e-01 -4.507500000000004725e+00 4.000000000000000000e+02 -4.844542564044348687e+00 -1.534475685073570972e+01 7.349999999999999867e-01
-1.049565574211115049e+01 1.350503319473883301e-01 -4.510000000000005116e+00 4.000000000000000000e+02 -4.828885697236304786e+00 -1.533159998392766710e+01 4.499999999999999833e-02
-1.048774790337804319e+01 1.348510626681925229e-01 -4.512500000000005507e+00 4.000000000000000000e+02 -4.817884287134597265e+00 -1.532309857382595908e+01 3.300000000000000155e-01
-1.047983538791170588e+01 1.330899183022389853e-01 -4.515000000000005898e+00 4.000000000000000000e+02 -4.768980168705009071e+00 -1.527669445539637394e+01 9.000000000000000222e-01
-1.047161364251204319e+01 1.343541595642746833e-01 -4.517500000000006288e+00 4.000000000000000000e+02 -4.767281098740831169e+00 -1.527749538543219465e+01 9.500000000000000111e-02
-1.046346544554937985e+01 1.377095052609394188e-01 -4.520000000000006679e+00 4.000000000000000000e+02 -4.761923976756295751e+00 -1.527463826344765963e+01 1.764999999999999902e+00
-1.045536007366256115e+01 1.370626078580164386e-01 -4.522500000000007070e+00 4.000000000000000000e+02 -4.750921451709768206e+00 -1.526613573840113247e+01 4.299999999999999933e-01
-1.044725149508081508e+01 1.382813363524160732e-01 -4.525000000000007461e+00 4.000000000000000000e+02 -4.749279948634841375e+00 -1.526699423532620692e+01 1.205000000000000071e+00
-1.043921501162842880e+01 1.371869575401601926e-01 -4.527500000000007851e+00 4.000000000000000000e+02 -4.748501723376494787e+00 -1.526871601006785895e+01 3.300000000000000155e-01
-1.043125625913963717e+01 1.364114618605018481e-01 -4.530000000000008242e+00 4.000000000000000000e+02 -4.743970160477719133e+00 -1.526668444716908368e+01 8.599999999999999867e-01
-1.042334435458865016e+01 1.339375522082256187e-01 -4.532500000000008633e+00 4.000000000000000000e+02 -4.743622663238535431e+00 -1.526883694992990215e+01 1.540000000000000036e+00
-1.041551136981298065e+01 1.334300231600345499e-01 -4.535000000000009024e+00 4.000000000000000000e+02 -4.740298639411645532e+00 -1.526801292610301175e+01 1.499999999999999944e-02
-1.040773288194604262e+01 1.358397149047447516e-01 -4.537500000000009415e+00 4.000000000000000000e+02 -4.737395090250232421e+00 -1.526760937694159992e+01 1.735000000000000098e+00
-1.040001132884133206e+01 1.377870118513994380e-01 -4.540000000000009805e+00 4.000000000000000000e+02 -4.728806969074736521e+00 -1.526152125576610175e+01 1.614999999999999991e+00
-1.039230232962165879e+01 1.439384499895894065e-01 -4.542500000000010196e+00 4.000000000000000000e+02 -4.728180783836278600e+00 -1.526339507052764688e+01 1.449999999999999900e-01
-1.038466657149740691e+01 1.390932683876579257e-01 -4.545000000000010587e+00 4.000000000000000000e+02 -4.717240018137709434e+00 -1.525495430482907722e+01 6.850000000000000533e-01
-1.037702468749171025e+01 1.358098157463160371e-01 -4.547500000000010978e+00 4.000000000000000000e+02 -4.711453339368492976e+00 -1.525166762605986115e+01 1.995000000000000107e+00
-1.036941588706734052e+01 1.366113500394734726e-01 -4.550000000000011369e+00 4.000000000000000000e+02 -4.680023889808278881e+00 -1.522273817649964656e+01 1.574999999999999956e+00
-1.036164375590954201e+01 1.360100442841854773e-01 -4.552500000000011759e+00 4.000000000000000000e+02 -4.670557294981610319e+00 -1.521577158167297839e+01 1.445000000000000062e+00
-1.035387785872730149e+01 1.367844463497768781e-01 -4.555000000000012150e+00 4.000000000000000000e+02 -4.656541389794887742e+00 -1.520425567648625886e+01 7.550000000000000044e-01
-1.034608289811779613e+01 1.333515528363932723e-01 -4.557500000000012541e+00 4.000000000000000000e+02 -4.640821532511866465e+00 -1.519103581920323620e+01 1.885000000000000009e+00
-1.033824570146723687e+01 1.328307931903943140e-01 -4.560000000000012932e+00 4.000000000000000000e+02 -4.637484425696512425e+00 -1.519019871238788255e+01 9.549999999999999600e-01
-1.033046296214177140e+01 1.370773721437751613e-01 -4.562500000000013323e+00 4.000000000000000000e+02 -4.619835580418224730e+00 -1.517504986710959614e+01 9.799999999999999822e-01
-1.032262290764337642e+01 1.384937236346376610e-01 -4.565000000000013713e+00 4.000000000000000000e+02 -4.617946804931572835e+00 -1.517566109162294552e+01 1.530000000000000027e+00
-1.031484857662932697e+01 1.395863157628725315e-01 -4.567500000000014104e+00 4.000000000000000000e+02 -4.607525393657165402e+00 -1.516773968034853581e+01 4.149999999999999800e-01
-1.030707310651481556e+01 1.420240686073607483e-01 -4.570000000000014495e+00 4.000000000000000000e+02 -4.596093874656005163e+00 -1.515880816134737685e+01 8.050000000000000488e-01
-1.029928867729502606e+01 1.416697650918150586e-01 -4.572500000000014886e+00 4.000000000000000000e+02 -4.594593771569025265e+00 -1.515980805826039735e+01 1.040000000000000036e+00
-1.029157206757554377e+01 1.432073100513896746e-01 -4.575000000000015277e+00 4.000000000000000000e+02 -4.584848563957857337e+00 -1.515256285064923070e+01 1.854999999999999982e+00
-1.028385908063571641e+01 1.454276897729992468e-01 -4.577500000000015667e+00 4.000000000000000000e+02 -4.583287840436869764e+00 -1.515350212712824174e+01 5.150000000000000133e-01
-1.027621228721415214e+01 1.467154582451417333e-01 -4.580000000000016058e+00 4.000000000000000000e+02 -4.569376829383425154e+00 -1.514209111607479841e+01 6.400000000000000133e-01
-1.026853676574786789e+01 1.519493657508574347e-01 -4.582500000000016449e+00 4.000000000000000000e+02 -4.564413520386724876e+00 -1.513962780707809941e+01 1.000000000000000056e-01
-1.026090099469547567e+01 1.530642949915226592e-01 -4.585000000000016840e+00 4.000000000000000000e+02 -4.559670268729621334e+00 -1.513738455542099715e+01 1.235000000000000098e+00
-1.025330613331733254e+01 1.501652883813271999e-01 -4.587500000000017231e+00 4.000000000000000000e+02 -4.554473289659329183e+00 -1.513468757635070361e+01 4.249999999999999889e-01
-1.024574823985250838e+01 1.468177908884343574e-01 -4.590000000000017621e+00 4.000000000000000000e+02 -4.540205978808782739e+00 -1.512292026550015578e+01 3.699999999999999956e-01
-1.023815858568506165e+01 1.413153178442415336e-01 -4.592500000000018012e+00 4.000000000000000000e+02 -4.534108976611843644e+00 -1.511932326330321885e+01 1.945000000000000062e+00
-1.023059905993019214e+01 1.402196573898045473e-01 -4.595000000000018403e+00 4.000000000000000000e+02 -4.528847015266710407e+00 -1.511656130195808601e+01 6.550000000000000266e-01
-1.022307557886862917e+01 1.438604657330365411e-01 -4.597500000000018794e+00 4.000000000000000000e+02 -4.507051087757012908e+00 -1.509726537444838890e+01 1.945000000000000062e+00
-1.021546334288114544e+01 1.426666699435511498e-01 -4.600000000000019185e+00 4.000000000000000000e+02 -4.506450648212414478e+00 -1.509916493490378997e+01 1.499999999999999944e-02
-1.020792289865850933e+01 1.420956313809084437e-01 -4.602500000000019575e+00 4.000000000000000000e+02 -4.506121657060227825e+00 -1.510133594375160371e+01 5.550000000000000488e-01
-1.020045505724867851e+01 1.506673553682317535e-01 -4.605000000000019966e+00 4.000000000000000000e+02 -4.496367427268666006e+00 -1.509408171396004406e+01 1.669999999999999929e+00
-1.019298880494645054e+01 1.508870844686535928e-01 -4.607500000000020357e+00 4.000000000000000000e+02 -4.486753377598623693e+00 -1.508696766429000036e+01 1.645000000000000018e+00
-1.018552517202769536e+01 1.558551414156542636e-01 -4.610000000000020748e+00 4.000000000000000000e+02 -4.474839003620940225e+00 -1.507755329031231639e+01 1.219999999999999973e+00
-1.017804701964069203e+01 1.581706345088956800e-01 -4.612500000000021139e+00 4.000000000000000000e+02 -4.466239181574835904e+00 -1.507145346826621335e+01 3.300000000000000155e-01
-1.017057912915280937e+01 1.532822908826859953e-01 -4.615000000000021529e+00 4.000000000000000000e+02 -4.446858191689125661e+00 -1.505457247838050527e+01 4.499999999999999833e-02
-1.016304087631821318e+01 1.531996024766660025e-01 -4.617500000000021920e+00 4.000000000000000000e+02 -4.436629672248925793e+00 -1.504684395894030402e+01 1.919999999999999929e+00
-1.015550119446333177e+01 1.531626122684268676e-01 -4.620000000000022311e+00 4.000000000000000000e+02 -4.433294618535269294e+00 -1.504600890522664791e+01 1.685000000000000053e+00
-1.014801170609284497e+01 1.671581942132162601e-01 -4.622500000000022702e+00 4.000000000000000000e+02 -4.432643031779185172e+00 -1.504785731847056596e+01 2.949999999999999845e-01
-1.014059157069422135e+01 1.699119966895238920e-01 -4.625000000000023093e+00 4.000000000000000000e+02 -4.427480026892707698e+00 -1.504519431358408887e+01 4.249999999999999889e-01
-1.013320652031017666e+01 1.636136799513663032e-01 -4.627500000000023483e+00 4.000000000000000000e+02 -4.419156480362044448e+00 -1.503937076705342513e+01 1.379999999999999893e+00
-1.012583295033425479e+01 1.653583179421947436e-01 -4.630000000000023874e+00 4.000000000000000000e+02 -4.409200770528319602e+00 -1.503191505721969889e+01 6.600000000000000311e-01
-1.011845877689721540e+01 1.700189440695769050e-01 -4.632500000000024265e+00 4.000000000000000000e+02 -4.396319934337764579e+00 -1.502153422102914604e+01 1.820000000000000062e+00
-1.011106248035846100e+01 1.683364839377826938e-01 -4.635000000000024656e+00 4.000000000000000000e+02 -4.392282022763089877e+00 -1.501999630945447350e+01 2.849999999999999756e-01
-1.010370922904270152e+01 1.636986491199887706e-01 -4.637500000000025047e+00 4.000000000000000000e+02 -4.384629741797096081e+00 -1.501484402848847921e+01 1.334999999999999964e+00
-1.009637208505456130e+01 1.685908130383771131e-01 -4.640000000000025437e+00 4.000000000000000000e+02 -4.381026483448719588e+00 -1.501374077014010133e+01 1.590000000000000080e+00
-1.008908037187890194e+01 1.665278694801705928e-01 -4.642500000000025828e+00 4.000000000000000000e+02 -4.358454870569715922e+00 -1.499366915726109895e+01 1.169999999999999929e+00
-1.008169521879692709e+01 1.633394516675852615e-01 -4.645000000000026219e+00 4.000000000000000000e+02 -4.358287378042349225e+00 -1.499600166473373264e+01 1.050000000000000044e+00
-1.007438122401189240e+01 1.626599225439426810e-01 -4.647500000000026610e+00 4.000000000000000000e+02 -4.341290772517965024e+00 -1.498150505920934883e+01 5.000000000000000104e-03
-1.006701470024995793e+01 1.687372330999813985e-01 -4.650000000000027001e+00 4.000000000000000000e+02 -4.329352086942435562e+00 -1.497206637363381887e+01 1.459999999999999964e+00
-1.005963295229232557e+01 1.675415705096879593e-01 -4.652500000000027391e+00 4.000000000000000000e+02 -4.312163875953431535e+00 -1.495737816264481523e+01 1.379999999999999893e+00
-1.005219727310822186e+01 1.730233202437648499e-01 -4.655000000000027782e+00 4.000000000000000000e+02 -4.304789612245984998e+00 -1.495250389893737086e+01 1.024999999999999911e+00
-1.004478054505215745e+01 1.749201133075571624e-01 -4.657500000000028173e+00 4.000000000000000000e+02 -4.281662605064208371e+00 -1.493187689175559285e+01 5.949999999999999734e-01
-1.003726555960699152e+01 1.749681132744059231e-01 -4.660000000000028564e+00 4.000000000000000000e+02 -4.266668706160700708e+00 -1.491938299285208558e+01 1.620000000000000107e+00
-1.002971320568668467e+01 1.700645659377166552e-01 -4.662500000000028955e+00 4.000000000000000000e+02 -4.260604498185707634e+00 -1.491581878487709290e+01 1.489999999999999991e+00
-1.002219079889664854e+01 1.646980372581381413e-01 -4.665000000000029345e+00 4.000000000000000000e+02 -4.252642913749270726e+00 -1.491035720044065727e+01 1.135000000000000009e+00
-1.001468382050522266e+01 1.622454321290978385e-01 -4.667500000000029736e+00 4.000000000000000000e+02 -4.246677797409773802e+00 -1.490689208410116073e+01 1.074999999999999956e+00
-1.000720701012774860e+01 1.603865555040900615e-01 -4.670000000000030127e+00 4.000000000000000000e+02 -4.244920271719164973e+00 -1.490763455841055141e+01 3.400000000000000244e-01
-9.999791175549381350e+00 1.565570837210308874e-01 -4.672500000000030518e+00 4.000000000000000000e+02 -4.243340870503806705e+00 -1.490855515719519531e+01 1.310000000000000053e+00
-9.992436679778345265e+00 1.571239444965800425e-01 -4.675000000000030909e+00 4.000000000000000000e+02 -4.240131854507001918e+00 -1.490784614119839091e+01 3.499999999999999778e-01
-9.985130718612827749e+00 1.580999869870424457e-01 -4.677500000000031299e+00 4.000000000000000000e+02 -4.230420376451929698e+00 -1.490063466314331819e+01 8.900000000000000133e-01
-9.977825445189505871e+00 1.579043602741308505e-01 -4.680000000000031690e+00 4.000000000000000000e+02 -4.228881599426065563e+00 -1.490159588611745356e+01 1.245000000000000107e+00
-9.970580094525523407e+00 1.572443952120423372e-01 -4.682500000000032081e+00 4.000000000000000000e+02 -4.220960071924279688e+00 -1.489617435861566896e+01 1.485000000000000098e+00
-9.963347898431559102e+00 1.591015826063053584e-01 -4.685000000000032472e+00 4.000000000000000000e+02 -4.219614995411789415e+00 -1.489732928210317908e+01 1.540000000000000036e+00
-9.956175889882127095e+00 1.634846200533544847e-01 -4.687500000000032863e+00 4.000000000000000000e+02 -4.204779862245026756e+00 -1.488499414893641770e+01 1.870000000000000107e+00
-9.948966889098432631e+00 1.494745042067953111e-01 -4.690000000000033253e+00 4.000000000000000000e+02 -4.199325493265737563e+00 -1.488203977995712712e+01 1.600000000000000089e+00
-9.941788385211463464e+00 1.437098690333497575e-01 -4.692500000000033644e+00 4.000000000000000000e+02 -4.179145132630176285e+00 -1.486435941932156624e+01 1.074999999999999956e+00
-9.934534370672889025e+00 1.436452944321796599e-01 -4.695000000000034035e+00 4.000000000000000000e+02 -4.169227651762206222e+00 -1.485694193845359834e+01 5.300000000000000266e-01
-9.927279174541789430e+00 1.393041758937997310e-01 -4.697500000000034426e+00 4.000000000000000000e+02 -4.159388085735277407e+00 -1.484960237242666992e+01 1.209999999999999964e+00
-9.920023368480169523e+00 1.424440760805734674e-01 -4.700000000000034817e+00 4.000000000000000000e+02 -4.139387147921659071e+00 -1.483210143461305108e+01 1.375000000000000000e+00
-9.912693116820355144e+00 1.417394858922814416e-01 -4.702500000000035207e+00 4.000000000000000000e+02 -4.137975968563871731e+00 -1.483319025525526413e+01 1.794999999999999929e+00
-9.905424097204006628e+00 1.372219057141235987e-01 -4.705000000000035598e+00 4.000000000000000000e+02 -4.115580801149966383e+00 -1.481329508784136095e+01 7.850000000000000311e-01
-9.898063055124556087e+00 1.365724592871501442e-01 -4.707500000000035989e+00 4.000000000000000000e+02 -4.114078500322220222e+00 -1.481429278701361341e+01 8.800000000000000044e-01
-9.890763062554182028e+00 1.361434351769338913e-01 -4.710000000000036380e+00 4.000000000000000000e+02 -4.103695937223410972e+00 -1.480641022391480277e+01 1.064999999999999947e+00
-9.883458831482624163e+00 1.303702155145874120e-01 -4.712500000000036771e+00 4.000000000000000000e+02 -4.101341118319143497e+00 -1.480655540501053835e+01 1.489999999999999991e+00
-9.876208614430128208e+00 1.292174040390899892e-01 -4.715000000000037161e+00 4.000000000000000000e+02 -4.097774000724387022e+00 -1.480548828741578227e+01 1.239999999999999991e+00
-9.869002927259774793e+00 1.332284879753880547e-01 -4.717500000000037552e+00 4.000000000000000000e+02 -4.083252442994777631e+00 -1.479346672968617327e+01 3.599999999999999867e-01
-9.861762580365429187e+00 1.305397798360685424e-01 -4.720000000000037943e+00 4.000000000000000000e+02 -4.082410783359946116e+00 -1.479512507005134125e+01 1.334999999999999964e+00
-9.854586147623171755e+00 1.331865347358289764e-01 -4.722500000000038334e+00 4.000000000000000000e+02 -4.075740722420087003e+00 -1.479095500911148164e+01 1.354999999999999982e+00
-9.847431180622518099e+00 1.337807847778454962e-01 -4.725000000000038725e+00 4.000000000000000000e+02 -4.053715745273355431e+00 -1.477143003196475135e+01 7.349999999999999867e-01
-9.840187478704377710e+00 1.319439624670874223e-01 -4.727500000000039115e+00 4.000000000000000000e+02 -4.044335367531407321e+00 -1.476454965422280452e+01 1.969999999999999973e+00
-9.832946398616334349e+00 1.302202950206073073e-01 -4.730000000000039506e+00 4.000000000000000000e+02 -4.038852220090422662e+00 -1.476156650678181848e+01 1.495000000000000107e+00
-9.825735974359282920e+00 1.273666380763832373e-01 -4.732500000000039897e+00 4.000000000000000000e+02 -4.019010661950415120e+00 -1.474422494864181132e+01 1.810000000000000053e+00
-9.818452395776709807e+00 1.305446057534379867e-01 -4.735000000000040288e+00 4.000000000000000000e+02 -4.016429162508089235e+00 -1.474414344919948761e+01 7.449999999999999956e-01
-9.811220897123492435e+00 1.322808655517667686e-01 -4.737500000000040679e+00 4.000000000000000000e+02 -4.015604799121549107e+00 -1.474581908581294698e+01 4.249999999999999889e-01
-9.804053295129840251e+00 1.339002283215345035e-01 -4.740000000000041069e+00 4.000000000000000000e+02 -4.013043225860192464e+00 -1.474575751255158984e+01 2.049999999999999878e-01
-9.796936265608612970e+00 1.310147878264454058e-01 -4.742500000000041460e+00 4.000000000000000000e+02 -4.003918266789030511e+00 -1.473913255348042917e+01 9.300000000000000488e-01
-9.789822724882265348e+00 1.321097312021128067e-01 -4.745000000000041851e+00 4.000000000000000000e+02 -3.998967051459141775e+00 -1.473668133815054127e+01 1.455000000000000071e+00
-9.782742155737125245e+00 1.305058488052906196e-01 -4.747500000000042242e+00 4.000000000000000000e+02 -3.997811549081577986e+00 -1.473802583577297654e+01 1.344999999999999973e+00
-9.775720782210026272e+00 1.332356481600978915e-01 -4.750000000000042633e+00 4.000000000000000000e+02 -3.992878201127264326e+00 -1.473559248781866415e+01 1.665000000000000036e+00
-9.768731437078690405e+00 1.388972262824701154e-01 -4.752500000000043023e+00 4.000000000000000000e+02 -3.988068752277673212e+00 -1.473328303896907343e+01 9.200000000000000400e-01
-9.761774611690951176e+00 1.402757129564516092e-01 -4.755000000000043414e+00 4.000000000000000000e+02 -3.984193938191339601e+00 -1.473190822488274065e+01 1.049999999999999961e-01
-9.754856377554478541e+00 1.392002348417033797e-01 -4.757500000000043805e+00 4.000000000000000000e+02 -3.976985645872173958e+00 -1.472719993256357540e+01 2.700000000000000178e-01
-9.747953362841325742e+00 1.393056151397594478e-01 -4.760000000000044196e+00 4.000000000000000000e+02 -3.972765478259669525e+00 -1.472547976495106958e+01 1.150000000000000050e-01
-9.741085910593067609e+00 1.389081162325343233e-01 -4.762500000000044587e+00 4.000000000000000000e+02 -3.969200912509493140e+00 -1.472441519920089448e+01 7.399999999999999911e-01
-9.734258058643082023e+00 1.348317634280522537e-01 -4.765000000000044977e+00 4.000000000000000000e+02 -3.956990443876665875e+00 -1.471470473056806938e+01 5.699999999999999512e-01
-9.727410563548076539e+00 1.299158132408567146e-01 -4.767500000000045368e+00 4.000000000000000000e+02 -3.955008332813390926e+00 -1.471522261950479304e+01 1.774999999999999911e+00
-9.720613147210308114e+00 1.325338442913761017e-01 -4.770000000000045759e+00 4.000000000000000000e+02 -3.950451580717647460e+00 -1.471316586740904953e+01 1.715000000000000080e+00
-9.713847770378160718e+00 1.325777144854451139e-01 -4.772500000000046150e+00 4.000000000000000000e+02 -3.949315537166646184e+00 -1.471452982385804908e+01 1.554999999999999938e+00
-9.707136985225325532e+00 1.327495557137781668e-01 -4.775000000000046541e+00 4.000000000000000000e+02 -3.947000045834812898e+00 -1.471471433252621708e+01 8.999999999999999667e-02
-9.700472160413768918e+00 1.320593279131280773e-01 -4.777500000000046931e+00 4.000000000000000000e+02 -3.938825384636238880e+00 -1.470903967132764301e+01 1.014999999999999902e+00
-9.693813909692893915e+00 1.354716484944281374e-01 -4.780000000000047322e+00 4.000000000000000000e+02 -3.929927073897461209e+00 -1.470264136058886528e+01 1.770000000000000018e+00
-9.687157383745798711e+00 1.308470624620132194e-01 -4.782500000000047713e+00 4.000000000000000000e+02 -3.920101362478862317e+00 -1.469531564917026678e+01 5.300000000000000266e-01
-9.680496416665043569e+00 1.292223299400549197e-01 -4.785000000000048104e+00 4.000000000000000000e+02 -3.913463941132661716e+00 -1.469117822782406790e+01 1.010000000000000009e+00
-9.673852181999276212e+00 1.463895491380942104e-01 -4.787500000000048495e+00 4.000000000000000000e+02 -3.910006456984633338e+00 -1.469022074367603992e+01 1.189999999999999947e+00
-9.667245500022257687e+00 1.454846507700096603e-01 -4.790000000000048885e+00 4.000000000000000000e+02 -3.882436089891934561e+00 -1.466515037658333931e+01 8.249999999999999556e-01
-9.660516114583273861e+00 1.428278809397545146e-01 -4.792500000000049276e+00 4.000000000000000000e+02 -3.861326523924921705e+00 -1.464654081061632773e+01 8.000000000000000167e-02
-9.653706579261024601e+00 1.404102444347811729e-01 -4.795000000000049667e+00 4.000000000000000000e+02 -3.855635023741282641e+00 -1.464334931043268995e+01 1.409999999999999920e+00
-9.646921553319458553e+00 1.389327059783959650e-01 -4.797500000000050058e+00 4.000000000000000000e+02 -3.852346956295475522e+00 -1.464256124298688277e+01 1.754999999999999893e+00
-9.640176958635136018e+00 1.424948080978642173e-01 -4.800000000000050449e+00 4.000000000000000000e+02 -3.852200611376517259e+00 -1.464491489806792401e+01 8.100000000000000533e-01
-9.633493245966443297e+00 1.511630755507241408e-01 -4.802500000000050839e+00 4.000000000000000000e+02 -3.828672369792738284e+00 -1.462388665648414587e+01 5.749999999999999556e-01
-9.626713294271448618e+00 1.521975214962149603e-01 -4.805000000000051230e+00 4.000000000000000000e+02 -3.823503437771305524e+00 -1.462121772446271528e+01 2.500000000000000000e-01
-9.619961064181239863e+00 1.514093751295844392e-01 -4.807500000000051621e+00 4.000000000000000000e+02 -3.814296709477575931e+00 -1.461451099616898475e+01 8.950000000000000178e-01
-9.613209140287768406e+00 1.459111417167733293e-01 -4.810000000000052012e+00 4.000000000000000000e+02 -3.800247589324306396e+00 -1.460296187601571560e+01 6.350000000000000089e-01
-9.606424858162935010e+00 1.493373967438021976e-01 -4.812500000000052403e+00 4.000000000000000000e+02 -3.800207790495638616e+00 -1.460542207718704866e+01 6.500000000000000222e-01
-9.599702794866590949e+00 1.472668970681249578e-01 -4.815000000000052793e+00 4.000000000000000000e+02 -3.796484044874350428e+00 -1.460419833156576175e+01 9.250000000000000444e-01
-9.593017467255521069e+00 1.436229663693966152e-01 -4.817500000000053184e+00 4.000000000000000000e+02 -3.785532117689197396e+00 -1.459574640438060733e+01 1.060000000000000053e+00
-9.586320358403600750e+00 1.454847372536574035e-01 -4.820000000000053575e+00 4.000000000000000000e+02 -3.773578490038696387e+00 -1.458629277673010627e+01 7.499999999999999722e-02
-9.579604825311925254e+00 1.457499710300798335e-01 -4.822500000000053966e+00 4.000000000000000000e+02 -3.772989979993892184e+00 -1.458820426668530246e+01 1.294999999999999929e+00
-9.572946786482487980e+00 1.460876093754787941e-01 -4.825000000000054357e+00 4.000000000000000000e+02 -3.759426638717571212e+00 -1.457714092540898321e+01 1.540000000000000036e+00
-9.566259450348209015e+00 1.453547254036531566e-01 -4.827500000000054747e+00 4.000000000000000000e+02 -3.747364897796004346e+00 -1.456757918448741584e+01 1.614999999999999991e+00
-9.559552928856001941e+00 1.498229786482805082e-01 -4.830000000000055138e+00 4.000000000000000000e+02 -3.741505415705776993e+00 -1.456421970239718888e+01 1.455000000000000071e+00
-9.552868742104207556e+00 1.527946260336488227e-01 -4.832500000000055529e+00 4.000000000000000000e+02 -3.731668705951403098e+00 -1.455688299264281582e+01 2.000000000000000042e-02
-9.546180206902079135e+00 1.520743422294317804e-01 -4.835000000000055920e+00 4.000000000000000000e+02 -3.711539499037794787e+00 -1.453925378572920835e+01 1.465000000000000080e+00
-9.539418341073448104e+00 1.530720904940629790e-01 -4.837500000000056311e+00 4.000000000000000000e+02 -3.694335509549834917e+00 -1.452454979624124931e+01 3.499999999999999778e-01
-9.532602741168954452e+00 1.515594144688084677e-01 -4.840000000000056701e+00 4.000000000000000000e+02 -3.693117318912939151e+00 -1.452583160560435260e+01 2.449999999999999956e-01
-9.525841921738011919e+00 1.503786880202926668e-01 -4.842500000000057092e+00 4.000000000000000000e+02 -3.689311562038226633e+00 -1.452452584872964181e+01 1.794999999999999929e+00
-9.519117759208572949e+00 1.515022451526744640e-01 -4.845000000000057483e+00 4.000000000000000000e+02 -3.671347814626125139e+00 -1.450906210131754115e+01 2.999999999999999889e-01
-9.512334772472687661e+00 1.560477984671617968e-01 -4.847500000000057874e+00 4.000000000000000000e+02 -3.664713951022317673e+00 -1.450492823771373274e+01 1.000000000000000056e-01
-9.505569670360189960e+00 1.532490202509968202e-01 -4.850000000000058265e+00 4.000000000000000000e+02 -3.647832467588124850e+00 -1.449054675427953853e+01 8.249999999999999556e-01
-9.498753021819968723e+00 1.531118623867056272e-01 -4.852500000000058655e+00 4.000000000000000000e+02 -3.639011805489045237e+00 -1.448422609218046020e+01 1.324999999999999956e+00
-9.491939741917915896e+00 1.558454557778430338e-01 -4.855000000000059046e+00 4.000000000000000000e+02 -3.624278958053559929e+00 -1.447199324474497750e+01 6.949999999999999512e-01
-9.485089563272021351e+00 1.531796062585233653e-01 -4.857500000000059437e+00 4.000000000000000000e+02 -3.616844904611562495e+00 -1.446705919130297957e+01 8.100000000000000533e-01
-9.478252453132551381e+00 1.514368590148579830e-01 -4.860000000000059828e+00 4.000000000000000000e+02 -3.614354381304826003e+00 -1.446706866799624258e+01 1.274999999999999911e+00
-9.471461835943744134e+00 1.506641074451577911e-01 -4.862500000000060218e+00 4.000000000000000000e+02 -3.613622679172025620e+00 -1.446883696586344215e+01 4.500000000000000111e-01
-9.464728896668335167e+00 1.489719778086460167e-01 -4.865000000000060609e+00 4.000000000000000000e+02 -3.611751937609700036e+00 -1.446946622430111873e+01 1.705000000000000071e+00
-9.458045179924180701e+00 1.514269140265003533e-01 -4.867500000000061000e+00 4.000000000000000000e+02 -3.587962347269501695e+00 -1.444817663396091945e+01 7.049999999999999600e-01
-9.451263457953798408e+00 1.555923066224397799e-01 -4.870000000000061391e+00 4.000000000000000000e+02 -3.586385635550747963e+00 -1.444909992224216566e+01 1.705000000000000071e+00
-9.444533613672216887e+00 1.541837992239715738e-01 -4.872500000000061782e+00 4.000000000000000000e+02 -3.568996321443973940e+00 -1.443421060813539292e+01 9.150000000000000355e-01
-9.437748819417127066e+00 1.521823651336562389e-01 -4.875000000000062172e+00 4.000000000000000000e+02 -3.563260760855201603e+00 -1.443097504754662097e+01 5.999999999999999778e-01
-9.430987982222688970e+00 1.512925849891615382e-01 -4.877500000000062563e+00 4.000000000000000000e+02 -3.558287456069064714e+00 -1.442850174276048492e+01 6.899999999999999467e-01
-9.424255973139572973e+00 1.510442040017036525e-01 -4.880000000000062954e+00 4.000000000000000000e+02 -3.552486065043894747e+00 -1.442520035173531312e+01 1.455000000000000071e+00
-9.417546942271995292e+00 1.528089605911134019e-01 -4.882500000000063345e+00 4.000000000000000000e+02 -3.552249057584852210e+00 -1.442746334427627275e+01 4.799999999999999822e-01
-9.410897636978198477e+00 1.551821675841369708e-01 -4.885000000000063736e+00 4.000000000000000000e+02 -3.549904068533339618e+00 -1.442761835522476233e+01 9.849999999999999867e-01
-9.404293273513456342e+00 1.503175981906451075e-01 -4.887500000000064126e+00 4.000000000000000000e+02 -3.543905142310791678e+00 -1.442411942900221256e+01 8.750000000000000000e-01
-9.397709320408607070e+00 1.512839791003487144e-01 -4.890000000000064517e+00 4.000000000000000000e+02 -3.534828877785451517e+00 -1.441754316447687145e+01 1.594999999999999973e+00
-9.391125417758532379e+00 1.563505631660344064e-01 -4.892500000000064908e+00 4.000000000000000000e+02 -3.528952669171557144e+00 -1.441416695586297969e+01 7.499999999999999722e-02
-9.384562531379144090e+00 1.556085399262848445e-01 -4.895000000000065299e+00 4.000000000000000000e+02 -3.525461717258793204e+00 -1.441317600395021614e+01 1.260000000000000009e+00
-9.378035992544223376e+00 1.548780958604621671e-01 -4.897500000000065690e+00 4.000000000000000000e+02 -3.518604730906916611e+00 -1.440881901759833994e+01 5.699999999999999512e-01
-9.371523552071774787e+00 1.575335593666808420e-01 -4.900000000000066080e+00 4.000000000000000000e+02 -3.507624959881185500e+00 -1.440033924657260833e+01 1.524999999999999911e+00
-9.364998328616454870e+00 1.571190624429296412e-01 -4.902500000000066471e+00 4.000000000000000000e+02 -3.503397402360665325e+00 -1.439861168905208899e+01 1.040000000000000036e+00
-9.358504234837495162e+00 1.591605737788089892e-01 -4.905000000000066862e+00 4.000000000000000000e+02 -3.499394859708731875e+00 -1.439710914640015638e+01 1.419999999999999929e+00
-9.352042371645620022e+00 1.557854265347657363e-01 -4.907500000000067253e+00 4.000000000000000000e+02 -3.493529265743430035e+00 -1.439374355243485404e+01 1.604999999999999982e+00
-9.345600420972891342e+00 1.578351090012584390e-01 -4.910000000000067644e+00 4.000000000000000000e+02 -3.491794542990779515e+00 -1.439450882968220391e+01 9.300000000000000488e-01
-9.339204584372264861e+00 1.539640313163729013e-01 -4.912500000000068034e+00 4.000000000000000000e+02 -3.486735430674484881e+00 -1.439194971736591100e+01 2.000000000000000000e+00
-9.332833161959756652e+00 1.550814209970791391e-01 -4.915000000000068425e+00 4.000000000000000000e+02 -3.472705517007431908e+00 -1.438041980369885842e+01 1.804999999999999938e+00
-9.326428892994547581e+00 1.567179430664025208e-01 -4.917500000000068816e+00 4.000000000000000000e+02 -3.470155185976186551e+00 -1.438036947266761345e+01 1.749999999999999889e-01
-9.320065058557057469e+00 1.554608586145735938e-01 -4.920000000000069207e+00 4.000000000000000000e+02 -3.468578483038684546e+00 -1.438129276973010917e+01 7.499999999999999722e-02
-9.313747284010474914e+00 1.566633229213411915e-01 -4.922500000000069598e+00 4.000000000000000000e+02 -3.462782416326276369e+00 -1.437799670301770405e+01 1.344999999999999973e+00
-9.307448511212372821e+00 1.603109439509376177e-01 -4.925000000000069988e+00 4.000000000000000000e+02 -3.459996342773075551e+00 -1.437771062946450407e+01 1.169999999999999929e+00
-9.301187379450249537e+00 1.598381203530217509e-01 -4.927500000000070379e+00 4.000000000000000000e+02 -3.455809190513041695e+00 -1.437602347720446971e+01 8.050000000000000488e-01
-9.294954731723475305e+00 1.602132885861916323e-01 -4.930000000000070770e+00 4.000000000000000000e+02 -3.449484079235462630e+00 -1.437219836592688971e+01 7.950000000000000400e-01
-9.288737024778111362e+00 1.609101898974763523e-01 -4.932500000000071161e+00 4.000000000000000000e+02 -3.449394885823402479e+00 -1.437460917251483039e+01 1.415000000000000036e+00
-9.282572572298047220e+00 1.601381246455787777e-01 -4.935000000000071552e+00 4.000000000000000000e+02 -3.448459955695197809e+00 -1.437617424238662700e+01 1.110000000000000098e+00
-9.276455439538647596e+00 1.605194548703332558e-01 -4.937500000000071942e+00 4.000000000000000000e+02 -3.444833579797359935e+00 -1.437504786648878863e+01 1.254999999999999893e+00
-9.270368667354185632e+00 1.583101746126565901e-01 -4.940000000000072333e+00 4.000000000000000000e+02 -3.437493443803378401e+00 -1.437020773049480660e+01 4.099999999999999756e-01
-9.264289455428981412e+00 1.578036825360470408e-01 -4.942500000000072724e+00 4.000000000000000000e+02 -3.437234323061498120e+00 -1.437244860975292760e+01 3.350000000000000200e-01
-9.258260461736679048e+00 1.609443807976940199e-01 -4.945000000000073115e+00 4.000000000000000000e+02 -3.432075982227933864e+00 -1.436979026891936506e+01 1.499999999999999944e-02
-9.252251694649910263e+00 1.637837034801947200e-01 -4.947500000000073506e+00 4.000000000000000000e+02 -3.430129740573349739e+00 -1.437034402726478000e+01 1.205000000000000071e+00
-9.246282114064442226e+00 1.612138046932024560e-01 -4.950000000000073896e+00 4.000000000000000000e+02 -3.427377126409352215e+00 -1.437009141310078242e+01 1.945000000000000062e+00
-9.240346463205812100e+00 1.638109847398131480e-01 -4.952500000000074287e+00 4.000000000000000000e+02 -3.423122332487746444e+00 -1.436833661917917837e+01 1.719999999999999973e+00
-9.234435503604073503e+00 1.627014764960069970e-01 -4.955000000000074678e+00 4.000000000000000000e+02 -3.410700429923883004e+00 -1.435841471661531621e+01 6.500000000000000222e-02
-9.228500858223268821e+00 1.642237675614200698e-01 -4.957500000000075069e+00 4.000000000000000000e+02 -3.403898526156775795e+00 -1.435411281284820717e+01 1.330000000000000071e+00
-9.222575866053027482e+00 1.644285011278320829e-01 -4.960000000000075460e+00 4.000000000000000000e+02 -3.394377708759488410e+00 -1.434709199545092062e+01 1.554999999999999938e+00
-9.216644396796462857e+00 1.643307184129149390e-01 -4.962500000000075850e+00 4.000000000000000000e+02 -3.376102970692819394e+00 -1.433131725738425288e+01 1.784999999999999920e+00
-9.210654429575635405e+00 1.646298327920786564e-01 -4.965000000000076241e+00 4.000000000000000000e+02 -3.366074490940881514e+00 -1.432378877763231628e+01 7.650000000000000133e-01
-9.204655267231490967e+00 1.642932577243600978e-01 -4.967500000000076632e+00 4.000000000000000000e+02 -3.365196963902640448e+00 -1.432541125059407427e+01 1.070000000000000062e+00
-9.198701519187286735e+00 1.620557694344556265e-01 -4.970000000000077023e+00 4.000000000000000000e+02 -3.364105658084925121e+00 -1.432681994477635889e+01 1.844999999999999973e+00
-9.192791315497442994e+00 1.614614946621742431e-01 -4.972500000000077414e+00 4.000000000000000000e+02 -3.363952660113828763e+00 -1.432916694680526248e+01 1.260000000000000009e+00
-9.186929570481808582e+00 1.622325506814076834e-01 -4.975000000000077804e+00 4.000000000000000000e+02 -3.354900346328241856e+00 -1.432261463301967730e+01 2.000000000000000111e-01
-9.181063787983200442e+00 1.640387399839367821e-01 -4.977500000000078195e+00 4.000000000000000000e+02 -3.344952513389398696e+00 -1.431516680008083497e+01 1.104999999999999982e+00
-9.175188745404609492e+00 1.675192585929251854e-01 -4.980000000000078586e+00 4.000000000000000000e+02 -3.343326864712238056e+00 -1.431604115140367384e+01 1.719999999999999973e+00
-9.169353107200439723e+00 1.687168290389132463e-01 -4.982500000000078977e+00 4.000000000000000000e+02 -3.339840589001904725e+00 -1.431505487569334178e+01 5.500000000000000444e-01
-9.163545617800057386e+00 1.658388472196987706e-01 -4.985000000000079368e+00 4.000000000000000000e+02 -3.338772168099040094e+00 -1.431648645479047843e+01 5.749999999999999556e-01
-9.157779896884017390e+00 1.656178373753794120e-01 -4.987500000000079758e+00 4.000000000000000000e+02 -3.337583677470167931e+00 -1.431779796416160444e+01 3.400000000000000244e-01
-9.152054721074440735e+00 1.657975067600711283e-01 -4.990000000000080149e+00 4.000000000000000000e+02 -3.337309707672591053e+00 -1.432002399436402840e+01 1.395000000000000018e+00
-9.146374758293539742e+00 1.682048547967570085e-01 -4.992500000000080540e+00 4.000000000000000000e+02 -3.325355434649517328e+00 -1.431056972134095417e+01 1.114999999999999991e+00
-9.140673378175694808e+00 1.681666453737345746e-01 -4.995000000000080931e+00 4.000000000000000000e+02 -3.319500850540924031e+00 -1.430721513723236349e+01 1.705000000000000071e+00
-9.134985324409845120e+00 1.678160417463467891e-01 -4.997500000000081322e+00 4.000000000000000000e+02 -3.318995068764710954e+00 -1.430920935545614903e+01 4.249999999999999889e-01
-9.129340677778976954e+00 1.656826987647551930e-01 -5.000000000000081712e+00 4.000000000000000000e+02 -3.307633383505611757e+00 -1.430034767019705022e+01 3.500000000000000333e-02
-9.123677894262581134e+00 1.651632786368135986e-01 -5.002500000000082103e+00 4.000000000000000000e+02 -3.289950474011555048e+00 -1.428516476070299390e+01 1.314999999999999947e+00
-9.117961097440527851e+00 1.638792618490048092e-01 -5.005000000000082494e+00 4.000000000000000000e+02 -3.287152125020552873e+00 -1.428486641171199345e+01 8.000000000000000167e-02
-9.112275105353534244e+00 1.650189023109025210e-01 -5.007500000000082885e+00 4.000000000000000000e+02 -3.285737985708482523e+00 -1.428595227239992305e+01 4.349999999999999978e-01
-9.106627379727282090e+00 1.610245386661358635e-01 -5.010000000000083276e+00 4.000000000000000000e+02 -3.281714642879521193e+00 -1.428442892957096078e+01 1.125000000000000000e+00
-9.101002834264207308e+00 1.571685802422864431e-01 -5.012500000000083666e+00 4.000000000000000000e+02 -3.268951954184480702e+00 -1.427416624087592112e+01 8.249999999999999556e-01
-9.095352214499040855e+00 1.571962533511452598e-01 -5.015000000000084057e+00 4.000000000000000000e+02 -3.266185864385190207e+00 -1.427390015107663146e+01 1.195000000000000062e+00
-9.089731853784869031e+00 1.575044502816494718e-01 -5.017500000000084448e+00 4.000000000000000000e+02 -3.265014863389632982e+00 -1.427522915008107418e+01 6.700000000000000400e-01
-9.084150307157766946e+00 1.607027887449908876e-01 -5.020000000000084839e+00 4.000000000000000000e+02 -3.255965398021752222e+00 -1.426867968471319337e+01 2.999999999999999889e-01
-9.078563370502562790e+00 1.591378941352398491e-01 -5.022500000000085230e+00 4.000000000000000000e+02 -3.251560006269452074e+00 -1.426677429296089450e+01 1.155000000000000027e+00
-9.072996907554173873e+00 1.603306736898598983e-01 -5.025000000000085620e+00 4.000000000000000000e+02 -3.249332432949771476e+00 -1.426704671964121474e+01 1.409999999999999920e+00
-9.067462762357722639e+00 1.609321162171225283e-01 -5.027500000000086011e+00 4.000000000000000000e+02 -3.248885003748075206e+00 -1.426909929043951841e+01 1.485000000000000098e+00
-9.061970329627756726e+00 1.586502539505069420e-01 -5.030000000000086402e+00 4.000000000000000000e+02 -3.245277106644766096e+00 -1.426799139333620836e+01 1.834999999999999964e+00
-9.056501860366962475e+00 1.560433047698826237e-01 -5.032500000000086793e+00 4.000000000000000000e+02 -3.240141371891744893e+00 -1.426535565858318932e+01 1.584999999999999964e+00
-9.051048817808549529e+00 1.560579978233294085e-01 -5.035000000000087184e+00 4.000000000000000000e+02 -3.236126779054971259e+00 -1.426384106574641564e+01 5.500000000000000444e-01
-9.045617151440907833e+00 1.552168576130666944e-01 -5.037500000000087574e+00 4.000000000000000000e+02 -3.227884312351926521e+00 -1.425809859904337173e+01 1.229999999999999982e+00
-9.040183801225779803e+00 1.554703448435681978e-01 -5.040000000000087965e+00 4.000000000000000000e+02 -3.226820468234414818e+00 -1.425953475492585909e+01 1.899999999999999911e+00
-9.034787547355884740e+00 1.544729160713461114e-01 -5.042500000000088356e+00 4.000000000000000000e+02 -3.226764663746465978e+00 -1.426197895043791064e+01 1.885000000000000009e+00
-9.029433324491625612e+00 1.552802454471217952e-01 -5.045000000000088747e+00 4.000000000000000000e+02 -3.226388545822904241e+00 -1.426410283251435018e+01 3.250000000000000111e-01
-9.024118885922208122e+00 1.567984402112237996e-01 -5.047500000000089138e+00 4.000000000000000000e+02 -3.217567176982853550e+00 -1.425778146367430033e+01 1.520000000000000018e+00
-9.018799107604385412e+00 1.585076875582319134e-01 -5.050000000000089528e+00 4.000000000000000000e+02 -3.207581250348712221e+00 -1.425029553704015761e+01 1.330000000000000071e+00
-9.013467824064083089e+00 1.620058332662689671e-01 -5.052500000000089919e+00 4.000000000000000000e+02 -3.195470799750561586e+00 -1.424068508644200826e+01 1.679999999999999938e+00
-9.008113739284478783e+00 1.639419339347676918e-01 -5.055000000000090310e+00 4.000000000000000000e+02 -3.193602844012215947e+00 -1.424131713070366345e+01 1.010000000000000009e+00
-9.002791524126678269e+00 1.609338846466905337e-01 -5.057500000000090701e+00 4.000000000000000000e+02 -3.187068866366935538e+00 -1.423728315305838343e+01 2.899999999999999800e-01
-8.997476142653843212e+00 1.593230276371390974e-01 -5.060000000000091092e+00 4.000000000000000000e+02 -3.180219977797410724e+00 -1.423293426448885768e+01 4.749999999999999778e-01
-8.992165882368265528e+00 1.580440160867127020e-01 -5.062500000000091482e+00 4.000000000000000000e+02 -3.177876627235378670e+00 -1.423309091392682646e+01 7.600000000000000089e-01
-8.986884497269302940e+00 1.591283772878494818e-01 -5.065000000000091873e+00 4.000000000000000000e+02 -3.177099548301624221e+00 -1.423481383499307462e+01 1.540000000000000036e+00
-8.981639878860004700e+00 1.620493878671077637e-01 -5.067500000000092264e+00 4.000000000000000000e+02 -3.174505105171586461e+00 -1.423471939186303636e+01 1.989999999999999991e+00
-8.976422131555144901e+00 1.628311002868355339e-01 -5.070000000000092655e+00 4.000000000000000000e+02 -3.169802361862855022e+00 -1.423251664855430398e+01 7.650000000000000133e-01
-8.971220051301909137e+00 1.625099687615232935e-01 -5.072500000000093046e+00 4.000000000000000000e+02 -3.168391296365213883e+00 -1.423360558305666501e+01 3.900000000000000133e-01
-8.966050510507777460e+00 1.591690765356429671e-01 -5.075000000000093436e+00 4.000000000000000000e+02 -3.163745623383255712e+00 -1.423145991007470812e+01 1.750000000000000000e+00
-8.960896537957390606e+00 1.592284625613986926e-01 -5.077500000000093827e+00 4.000000000000000000e+02 -3.161319696602552298e+00 -1.423153398329400332e+01 4.099999999999999756e-01
-8.955769371520480249e+00 1.608054175676492947e-01 -5.080000000000094218e+00 4.000000000000000000e+02 -3.159930706747609896e+00 -1.423264499343905953e+01 4.099999999999999756e-01
-8.950674008605219001e+00 1.608799050676307241e-01 -5.082500000000094609e+00 4.000000000000000000e+02 -3.155246431401103280e+00 -1.423046071809255508e+01 1.764999999999999902e+00
-8.945593419606598928e+00 1.615122854480325887e-01 -5.085000000000095000e+00 4.000000000000000000e+02 -3.152082682698922778e+00 -1.422979696939037630e+01 1.239999999999999991e+00
-8.940535164740522234e+00 1.603596800316266224e-01 -5.087500000000095390e+00 4.000000000000000000e+02 -3.142916981560222478e+00 -1.422313126825167551e+01 9.300000000000000488e-01
-8.935468793041877689e+00 1.617083084203548571e-01 -5.090000000000095781e+00 4.000000000000000000e+02 -3.127081452223609226e+00 -1.420979573891506220e+01 1.340000000000000080e+00
-8.930360460289440638e+00 1.630189120429109961e-01 -5.092500000000096172e+00 4.000000000000000000e+02 -3.126488283743261931e+00 -1.421170257043471530e+01 3.950000000000000178e-01
-8.925287747506063241e+00 1.639972617307428604e-01 -5.095000000000096563e+00 4.000000000000000000e+02 -3.120311846450553706e+00 -1.420802613314200791e+01 7.449999999999999956e-01
-8.920222094787678913e+00 1.649141792287527053e-01 -5.097500000000096954e+00 4.000000000000000000e+02 -3.110720000626256976e+00 -1.420093428731771112e+01 1.120000000000000107e+00
-8.915146193705128397e+00 1.666071545389635755e-01 -5.100000000000097344e+00 4.000000000000000000e+02 -3.105324090514591795e+00 -1.419803837720604633e+01 3.950000000000000178e-01
-8.910081318043898690e+00 1.674189130710624362e-01 -5.102500000000097735e+00 4.000000000000000000e+02 -3.097768344693467402e+00 -1.419298263138492189e+01 1.700000000000000122e-01
-8.905016488507058625e+00 1.665688127722236844e-01 -5.105000000000098126e+00 4.000000000000000000e+02 -3.083115600580253801e+00 -1.418082988727170957e+01 1.850000000000000089e+00
-8.899915724091332692e+00 1.683491656275851733e-01 -5.107500000000098517e+00 4.000000000000000000e+02 -3.083113811505606261e+00 -1.418332809819706242e+01 8.349999999999999645e-01
-8.894853475789901154e+00 1.673133520118137152e-01 -5.110000000000098908e+00 4.000000000000000000e+02 -3.079477064698052047e+00 -1.418219135138950726e+01 8.549999999999999822e-01
-8.889811010479933273e+00 1.695740921100501453e-01 -5.112500000000099298e+00 4.000000000000000000e+02 -3.079148879733710320e+00 -1.418436316642516637e+01 6.999999999999999556e-01
-8.884804701443945518e+00 1.718301756751374199e-01 -5.115000000000099689e+00 4.000000000000000000e+02 -3.072671972152869468e+00 -1.418038625884432768e+01 1.699999999999999956e+00
-8.879803530399478007e+00 1.708736551438556350e-01 -5.117500000000100080e+00 4.000000000000000000e+02 -3.057247849581736343e+00 -1.416746213627319406e+01 4.499999999999999833e-02
-8.874762678032746877e+00 1.714515889124534898e-01 -5.120000000000100471e+00 4.000000000000000000e+02 -3.055384227126931584e+00 -1.416809851381838925e+01 1.445000000000000062e+00
-8.869750291262116448e+00 1.714696622440948781e-01 -5.122500000000100862e+00 4.000000000000000000e+02 -3.055092781379705524e+00 -1.417030706807116403e+01 3.350000000000000200e-01
-8.864773878691872611e+00 1.675174925130263615e-01 -5.125000000000101252e+00 4.000000000000000000e+02 -3.050728348103365128e+00 -1.416844263479482535e+01 1.209999999999999964e+00
-8.859812890251658857e+00 1.675243988073834012e-01 -5.127500000000101643e+00 4.000000000000000000e+02 -3.047658874755176495e+00 -1.416787316144663578e+01 8.449999999999999734e-01
-8.854873586701645038e+00 1.625668890379497467e-01 -5.130000000000102034e+00 4.000000000000000000e+02 -3.047189363010819552e+00 -1.416990364970227745e+01 9.500000000000000111e-02
-8.849968505377004746e+00 1.630063012126400923e-01 -5.132500000000102425e+00 4.000000000000000000e+02 -3.044261812210195650e+00 -1.416947609890165438e+01 1.800000000000000044e+00
-8.845085284190611574e+00 1.639569955128886147e-01 -5.135000000000102816e+00 4.000000000000000000e+02 -3.036605722216336734e+00 -1.416432000890779719e+01 6.199999999999999956e-01
-8.840200733593096771e+00 1.642935365830497096e-01 -5.137500000000103206e+00 4.000000000000000000e+02 -3.034316439401270493e+00 -1.416453072609273178e+01 1.290000000000000036e+00
-8.835340947566926673e+00 1.643976937564967933e-01 -5.140000000000103597e+00 4.000000000000000000e+02 -3.033899929984408050e+00 -1.416661421667586751e+01 2.999999999999999889e-02
-8.830514706494440702e+00 1.653553146206645230e-01 -5.142500000000103988e+00 4.000000000000000000e+02 -3.025756554557670341e+00 -1.416097084124913152e+01 1.030000000000000027e+00
-8.825684529635800857e+00 1.671596195770364834e-01 -5.145000000000104379e+00 4.000000000000000000e+02 -3.017594377881045897e+00 -1.415530866457250880e+01 1.989999999999999991e+00
-8.820850342100646557e+00 1.672082513242973689e-01 -5.147500000000104770e+00 4.000000000000000000e+02 -3.014814076904282825e+00 -1.415502836359574523e+01 1.584999999999999964e+00
-8.816038066093472736e+00 1.611201010281557156e-01 -5.150000000000105160e+00 4.000000000000000000e+02 -3.014436657888135418e+00 -1.415715094457959644e+01 8.699999999999999956e-01
-8.811258967740325687e+00 1.589104954463554376e-01 -5.152500000000105551e+00 4.000000000000000000e+02 -3.010820342144471251e+00 -1.415603462883593444e+01 1.149999999999999911e+00
-8.806497300632775804e+00 1.587250071458824463e-01 -5.155000000000105942e+00 4.000000000000000000e+02 -3.007083272576291932e+00 -1.415479755926775596e+01 2.949999999999999845e-01
-8.801752347259331088e+00 1.568542879167890702e-01 -5.157500000000106333e+00 4.000000000000000000e+02 -3.003067922628043007e+00 -1.415328220931950653e+01 4.949999999999999956e-01
-8.797022657360326292e+00 1.551587845499942386e-01 -5.160000000000106724e+00 4.000000000000000000e+02 -3.000324035328213235e+00 -1.415303832201967538e+01 6.850000000000000533e-01
-8.792314086641802362e+00 1.522236814886538947e-01 -5.162500000000107114e+00 4.000000000000000000e+02 -3.000162535901623073e+00 -1.415537682259308738e+01 8.149999999999999467e-01
-8.787638503736005191e+00 1.496939597108582209e-01 -5.165000000000107505e+00 4.000000000000000000e+02 -2.999329793105934616e+00 -1.415704407979739976e+01 1.600000000000000033e-01
-8.782992414881691801e+00 1.502635894983077036e-01 -5.167500000000107896e+00 4.000000000000000000e+02 -2.993938645976776947e+00 -1.415415293266824293e+01 1.070000000000000062e+00
-8.778354453629896526e+00 1.531206391626339647e-01 -5.170000000000108287e+00 4.000000000000000000e+02 -2.977624431539463767e+00 -1.414033871823092881e+01 1.875000000000000000e+00
-8.773673837310763446e+00 1.537317784641528684e-01 -5.172500000000108678e+00 4.000000000000000000e+02 -2.976686056395621449e+00 -1.414190034308708732e+01 1.104999999999999982e+00
-8.769022279888909921e+00 1.556677850269934382e-01 -5.175000000000109068e+00 4.000000000000000000e+02 -2.974799489950095577e+00 -1.414251377664156273e+01 1.709999999999999964e+00
-8.764395092092348349e+00 1.518972222140994033e-01 -5.177500000000109459e+00 4.000000000000000000e+02 -2.961417882024772741e+00 -1.413163216871623895e+01 9.549999999999999600e-01
-8.759738940709754118e+00 1.517227213290095744e-01 -5.180000000000109850e+00 4.000000000000000000e+02 -2.956905865711235482e+00 -1.412962015240270119e+01 2.399999999999999911e-01
-8.755095056053411540e+00 1.533092003967783112e-01 -5.182500000000110241e+00 4.000000000000000000e+02 -2.956068284498525323e+00 -1.413128257118999187e+01 4.500000000000000111e-01
-8.750480297737402324e+00 1.521104106164048175e-01 -5.185000000000110632e+00 4.000000000000000000e+02 -2.949834882498146182e+00 -1.412754916918961534e+01 1.300000000000000044e+00
-8.745869595518053430e+00 1.533868456632450084e-01 -5.187500000000111022e+00 4.000000000000000000e+02 -2.946244085761918985e+00 -1.412645837245338676e+01 1.570000000000000062e+00
-8.741275056845170255e+00 1.547227015647619219e-01 -5.190000000000111413e+00 4.000000000000000000e+02 -2.943380690411472766e+00 -1.412609497710294093e+01 3.649999999999999911e-01
-8.736699872945379752e+00 1.527218912354045832e-01 -5.192500000000111804e+00 4.000000000000000000e+02 -2.941693705793851255e+00 -1.412690799248531981e+01 2.849999999999999756e-01
-8.732149218896831044e+00 1.552373554120727306e-01 -5.195000000000112195e+00 4.000000000000000000e+02 -2.930371998136072076e+00 -1.411808628482754280e+01 1.725000000000000089e+00
-8.727579131635151199e+00 1.571487627497947515e-01 -5.197500000000112585e+00 4.000000000000000000e+02 -2.927198917938746092e+00 -1.411741320463021587e+01 8.599999999999999867e-01
-8.723026778981056495e+00 1.530087942204209628e-01 -5.200000000000112976e+00 4.000000000000000000e+02 -2.924627259236247667e+00 -1.411734154592771695e+01 9.749999999999999778e-01
-8.718494732347702225e+00 1.514738439364728684e-01 -5.202500000000113367e+00 4.000000000000000000e+02 -2.917189419791958560e+00 -1.411240370648342868e+01 1.100000000000000089e+00
-8.713960850432833638e+00 1.547964328589686023e-01 -5.205000000000113758e+00 4.000000000000000000e+02 -2.914252697969184513e+00 -1.411196698466065591e+01 2.849999999999999756e-01
-8.709445464765279254e+00 1.497516880216387958e-01 -5.207500000000114149e+00 4.000000000000000000e+02 -2.913731270698660669e+00 -1.411394555739013157e+01 1.209999999999999964e+00
-8.704959241357078881e+00 1.495369054425217115e-01 -5.210000000000114539e+00 4.000000000000000000e+02 -2.913461784031772250e+00 -1.411617607072324354e+01 3.300000000000000155e-01
-8.700502982944550823e+00 1.486066073606244486e-01 -5.212500000000114930e+00 4.000000000000000000e+02 -2.907161368333981422e+00 -1.411237565502545266e+01 1.800000000000000044e+00
-8.696049639682563281e+00 1.474821139280245996e-01 -5.215000000000115321e+00 4.000000000000000000e+02 -2.898231235727775079e+00 -1.410594552241924760e+01 1.250000000000000000e-01
-8.691587504023230437e+00 1.469171585163752680e-01 -5.217500000000115712e+00 4.000000000000000000e+02 -2.897128358694805339e+00 -1.410734264538627869e+01 9.849999999999999867e-01
-8.687151378989936390e+00 1.460868941572467383e-01 -5.220000000000116103e+00 4.000000000000000000e+02 -2.891177301201150129e+00 -1.410389158789262254e+01 1.864999999999999991e+00
-8.682719612023710454e+00 1.454002251369759247e-01 -5.222500000000116493e+00 4.000000000000000000e+02 -2.881568387326751690e+00 -1.409678267401822538e+01 7.850000000000000311e-01
-8.678275991027543768e+00 1.477848178616076036e-01 -5.225000000000116884e+00 4.000000000000000000e+02 -2.879094905898131440e+00 -1.409680919258960685e+01 1.310000000000000053e+00
-8.673852145532960023e+00 1.463363703691708817e-01 -5.227500000000117275e+00 4.000000000000000000e+02 -2.878166862865713327e+00 -1.409838114955718780e+01 1.375000000000000000e+00
-8.669454687122611247e+00 1.491013737733580535e-01 -5.230000000000117666e+00 4.000000000000000000e+02 -2.872840891795333640e+00 -1.409555517848680850e+01 2.049999999999999878e-01
-8.665064118698873941e+00 1.488408800644495655e-01 -5.232500000000118057e+00 4.000000000000000000e+02 -2.872815918608880636e+00 -1.409803020530035589e+01 1.729999999999999982e+00
-8.660703525497366329e+00 1.505083516402764554e-01 -5.235000000000118447e+00 4.000000000000000000e+02 -2.870377823845757348e+00 -1.409809211053723388e+01 1.419999999999999929e+00
-8.656362132723639746e+00 1.467107154113517775e-01 -5.237500000000118838e+00 4.000000000000000000e+02 -2.862253921829527314e+00 -1.409246820852100335e+01 1.179999999999999938e+00
-8.652015180593496169e+00 1.456710994033218742e-01 -5.240000000000119229e+00 4.000000000000000000e+02 -2.853362509579411288e+00 -1.408607679627088771e+01 1.110000000000000098e+00
-8.647659351549375373e+00 1.456783072504811427e-01 -5.242500000000119620e+00 4.000000000000000000e+02 -2.849663812176832067e+00 -1.408487809886830888e+01 1.074999999999999956e+00
-8.643317222979394643e+00 1.414190039282257616e-01 -5.245000000000120011e+00 4.000000000000000000e+02 -2.847420360132441264e+00 -1.408513464682391891e+01 1.860000000000000098e+00
-8.638994973618894235e+00 1.411551843751857882e-01 -5.247500000000120401e+00 4.000000000000000000e+02 -2.842551651742314167e+00 -1.408276593843379132e+01 1.625000000000000000e+00
-8.634681141539028104e+00 1.415361443161113342e-01 -5.250000000000120792e+00 4.000000000000000000e+02 -2.839946983284351134e+00 -1.408266126997582823e+01 1.570000000000000062e+00
-8.630385390061002582e+00 1.375927470909907024e-01 -5.252500000000121183e+00 4.000000000000000000e+02 -2.835681328574926052e+00 -1.408089561526640487e+01 3.150000000000000022e-01
-8.626100470289083333e+00 1.343555165584789379e-01 -5.255000000000121574e+00 4.000000000000000000e+02 -2.832150433367041753e+00 -1.407986472005852185e+01 1.784999999999999920e+00
-8.621829441404891270e+00 1.358676532234323886e-01 -5.257500000000121965e+00 4.000000000000000000e+02 -2.827150128629700720e+00 -1.407736441532117944e+01 1.745000000000000107e+00
-8.617565952557963982e+00 1.357190928807907315e-01 -5.260000000000122355e+00 4.000000000000000000e+02 -2.816453796037523993e+00 -1.406916808272900354e+01 1.604999999999999982e+00
-8.613285698964459058e+00 1.359199575231492263e-01 -5.262500000000122746e+00 4.000000000000000000e+02 -2.815656963236341515e+00 -1.407087124992782101e+01 1.270000000000000018e+00
-8.609030925218814190e+00 1.381435392542774976e-01 -5.265000000000123137e+00 4.000000000000000000e+02 -2.810972682660459743e+00 -1.406868696935194052e+01 4.050000000000000266e-01
-8.604784933182754614e+00 1.371930567488587605e-01 -5.267500000000123528e+00 4.000000000000000000e+02 -2.795792332267069469e+00 -1.405600661895855019e+01 1.645000000000000018e+00
-8.600503054362958366e+00 1.411815962258816393e-01 -5.270000000000123919e+00 4.000000000000000000e+02 -2.790277368604576314e+00 -1.405299165529605609e+01 7.800000000000000266e-01
-8.596226585309841184e+00 1.398926651583350944e-01 -5.272500000000124309e+00 4.000000000000000000e+02 -2.785809879169568237e+00 -1.405102416586104930e+01 1.580000000000000071e+00
-8.591959958134909314e+00 1.390787865197605500e-01 -5.275000000000124700e+00 4.000000000000000000e+02 -2.778247773577631641e+00 -1.404596206026911531e+01 1.899999999999999911e+00
-8.587689942838675705e+00 1.412764519534622232e-01 -5.277500000000125091e+00 4.000000000000000000e+02 -2.761757758952880781e+00 -1.403197204564436262e+01 1.235000000000000098e+00
-8.583378310413390722e+00 1.433319664854256770e-01 -5.280000000000125482e+00 4.000000000000000000e+02 -2.760837388236717427e+00 -1.403355167492819966e+01 1.014999999999999902e+00
-8.579091950066912275e+00 1.436484047114180707e-01 -5.282500000000125873e+00 4.000000000000000000e+02 -2.757854631422000935e+00 -1.403306891811348400e+01 1.064999999999999947e+00
-8.574821827675208397e+00 1.388548765449491851e-01 -5.285000000000126263e+00 4.000000000000000000e+02 -2.747100882031053182e+00 -1.402481516872253664e+01 3.449999999999999734e-01
-8.570534697265674851e+00 1.402510509845665276e-01 -5.287500000000126654e+00 4.000000000000000000e+02 -2.728560448711472741e+00 -1.400877473540295703e+01 2.700000000000000178e-01
-8.566196991408867589e+00 1.402681425406500371e-01 -5.290000000000127045e+00 4.000000000000000000e+02 -2.728304131842370417e+00 -1.401101841853385466e+01 9.749999999999999778e-01
-8.561887678723024919e+00 1.387995490200794602e-01 -5.292500000000127436e+00 4.000000000000000000e+02 -2.717108795910309293e+00 -1.400232308260179437e+01 1.340000000000000080e+00
-8.557559464715465580e+00 1.394435833552331583e-01 -5.295000000000127827e+00 4.000000000000000000e+02 -2.713385173517971705e+00 -1.400109946020945806e+01 7.850000000000000311e-01
-8.553244638304386527e+00 1.407405781105184883e-01 -5.297500000000128217e+00 4.000000000000000000e+02 -2.711371272921605957e+00 -1.400158555961309048e+01 1.199999999999999956e-01
-8.548950433100930724e+00 1.397502951659329307e-01 -5.300000000000128608e+00 4.000000000000000000e+02 -2.707041253670127823e+00 -1.399975554036161185e+01 1.199999999999999956e-01
-8.544666773986639541e+00 1.397553480684365357e-01 -5.302500000000128999e+00 4.000000000000000000e+02 -2.706738581822397016e+00 -1.400195286851388232e+01 1.235000000000000098e+00
-8.540410728638740068e+00 1.421995890502923965e-01 -5.305000000000129390e+00 4.000000000000000000e+02 -2.705387477958275610e+00 -1.400310176464976308e+01 8.950000000000000178e-01
-8.536177576422929292e+00 1.428149919227180986e-01 -5.307500000000129781e+00 4.000000000000000000e+02 -2.688621779589397409e+00 -1.398883606628088394e+01 1.639999999999999902e+00
-8.531901832281956644e+00 1.432188273744307017e-01 -5.310000000000130171e+00 4.000000000000000000e+02 -2.684751710220754983e+00 -1.398746599691224191e+01 6.750000000000000444e-01
-8.527638467622580265e+00 1.450775966374074077e-01 -5.312500000000130562e+00 4.000000000000000000e+02 -2.683598912467817676e+00 -1.398881319915930632e+01 1.524999999999999911e+00
-8.523398905387729485e+00 1.456850530390103315e-01 -5.315000000000130953e+00 4.000000000000000000e+02 -2.675952881706569642e+00 -1.398366716839805868e+01 7.000000000000000666e-02
-8.519155506526757904e+00 1.475343741983265178e-01 -5.317500000000131344e+00 4.000000000000000000e+02 -2.671712660298517950e+00 -1.398192694699000604e+01 7.349999999999999867e-01
-8.514922693942244436e+00 1.484214314680889213e-01 -5.320000000000131735e+00 4.000000000000000000e+02 -2.670317662617435861e+00 -1.398303194930892346e+01 1.849999999999999978e-01
-8.510712367763172637e+00 1.453646310750638937e-01 -5.322500000000132125e+00 4.000000000000000000e+02 -2.668528054801730054e+00 -1.398374234149321893e+01 3.350000000000000200e-01
-8.506522665290033203e+00 1.456806649186903058e-01 -5.325000000000132516e+00 4.000000000000000000e+02 -2.662775791027079730e+00 -1.398049007771857077e+01 2.800000000000000266e-01
-8.502336880361053062e+00 1.463663955157865626e-01 -5.327500000000132907e+00 4.000000000000000000e+02 -2.661356100165066518e+00 -1.398157038685655706e+01 1.655000000000000027e+00
-8.498173034524405978e+00 1.449865682757271179e-01 -5.330000000000133298e+00 4.000000000000000000e+02 -2.661015015956540442e+00 -1.398372930264802960e+01 1.215000000000000080e+00
-8.494035378418711701e+00 1.431153880321940908e-01 -5.332500000000133689e+00 4.000000000000000000e+02 -2.657457952874669349e+00 -1.398267223956615979e+01 3.500000000000000333e-02
-8.489910422921733257e+00 1.416225516323961486e-01 -5.335000000000134079e+00 4.000000000000000000e+02 -2.657381626698434030e+00 -1.398509591338992664e+01 7.650000000000000133e-01
-8.485812336879577700e+00 1.406477445535923576e-01 -5.337500000000134470e+00 4.000000000000000000e+02 -2.655756976972442729e+00 -1.398597126366393439e+01 5.999999999999999778e-01
-8.481734540411716594e+00 1.409340718913358048e-01 -5.340000000000134861e+00 4.000000000000000000e+02 -2.654813204866615983e+00 -1.398752749155810804e+01 4.949999999999999956e-01
-8.477679607364722258e+00 1.387873662418045440e-01 -5.342500000000135252e+00 4.000000000000000000e+02 -2.649529344961856214e+00 -1.398474363165334822e+01 8.750000000000000000e-01
-8.473629814744128907e+00 1.376506182299057912e-01 -5.345000000000135643e+00 4.000000000000000000e+02 -2.648033137409561366e+00 -1.398574742410105465e+01 1.245000000000000107e+00
-8.469600395395136871e+00 1.389122920455900800e-01 -5.347500000000136033e+00 4.000000000000000000e+02 -2.637834661827690663e+00 -1.397804894851918434e+01 1.360000000000000098e+00
-8.465556194634517695e+00 1.402717836613973923e-01 -5.350000000000136424e+00 4.000000000000000000e+02 -2.636247915248477458e+00 -1.397896220193996975e+01 3.850000000000000089e-01
-8.461531953013036400e+00 1.400118287530546513e-01 -5.352500000000136815e+00 4.000000000000000000e+02 -2.635032142686673851e+00 -1.398024642937816786e+01 1.969999999999999973e+00
-8.457528974765986973e+00 1.398669881580275054e-01 -5.355000000000137206e+00 4.000000000000000000e+02 -2.633817970734971148e+00 -1.398153225742646555e+01 1.760000000000000009e+00
-8.453547069626207389e+00 1.376189498781180964e-01 -5.357500000000137597e+00 4.000000000000000000e+02 -2.628275385628360716e+00 -1.397848967231985640e+01 1.594999999999999973e+00
-8.449568895587184159e+00 1.376541170731557517e-01 -5.360000000000137987e+00 4.000000000000000000e+02 -2.624259289186163357e+00 -1.397697357587765765e+01 1.729999999999999982e+00
-8.445600484688869258e+00 1.378608691554301102e-01 -5.362500000000138378e+00 4.000000000000000000e+02 -2.624217158847695242e+00 -1.397943144553919126e+01 1.709999999999999964e+00
-8.441657444094985863e+00 1.371429814559596005e-01 -5.365000000000138769e+00 4.000000000000000000e+02 -2.617243257237918286e+00 -1.397495754392941514e+01 1.389999999999999902e+00
-8.437712313863526603e+00 1.385802291028661593e-01 -5.367500000000139160e+00 4.000000000000000000e+02 -2.617110435417041359e+00 -1.397732472210853771e+01 1.495000000000000107e+00
-8.433791959482011436e+00 1.381183511718625800e-01 -5.370000000000139551e+00 4.000000000000000000e+02 -2.615324883199763306e+00 -1.397803916989125916e+01 2.949999999999999845e-01
-8.429889697801034032e+00 1.377076921984917990e-01 -5.372500000000139941e+00 4.000000000000000000e+02 -2.613133686889093532e+00 -1.397834797358058978e+01 3.449999999999999734e-01
-8.426003802428672529e+00 1.361404649256481580e-01 -5.375000000000140332e+00 4.000000000000000000e+02 -2.612702524300674067e+00 -1.398041681099217293e+01 1.459999999999999964e+00
-8.422140933264673279e+00 1.355118584038856322e-01 -5.377500000000140723e+00 4.000000000000000000e+02 -2.612656931236351898e+00 -1.398287121792784937e+01 1.650000000000000078e-01
-8.418302343365432705e+00 1.351284005227560980e-01 -5.380000000000141114e+00 4.000000000000000000e+02 -2.604949187906800301e+00 -1.397766347459829817e+01 6.099999999999999867e-01
-8.414458504343011569e+00 1.376745777310874330e-01 -5.382500000000141505e+00 4.000000000000000000e+02 -2.604599017401805217e+00 -1.397981330409330347e+01 5.250000000000000222e-01
-8.410637591285320624e+00 1.375400980357942282e-01 -5.385000000000141895e+00 4.000000000000000000e+02 -2.604423118829015671e+00 -1.398213740552051476e+01 1.745000000000000107e+00
-8.406840041410788444e+00 1.375497609575892233e-01 -5.387500000000142286e+00 4.000000000000000000e+02 -2.602215066502114649e+00 -1.398242935319361457e+01 1.199999999999999956e-01
-8.403057960624272127e+00 1.390813481737585011e-01 -5.390000000000142677e+00 4.000000000000000000e+02 -2.595806118876244017e+00 -1.397852040556774256e+01 1.719999999999999973e+00
-8.399275400893071009e+00 1.394535535290868655e-01 -5.392500000000143068e+00 4.000000000000000000e+02 -2.595343307922423293e+00 -1.398055759461392356e+01 1.044999999999999929e+00
-8.395514749556081568e+00 1.381994126084148122e-01 -5.395000000000143459e+00 4.000000000000000000e+02 -2.592291292190432639e+00 -1.398000557888193462e+01 1.905000000000000027e+00
-8.391766122888927981e+00 1.385103606921136710e-01 -5.397500000000143849e+00 4.000000000000000000e+02 -2.583500972400803786e+00 -1.397371525909230527e+01 1.554999999999999938e+00
-8.388007974148363743e+00 1.386881653998383312e-01 -5.400000000000144240e+00 4.000000000000000000e+02 -2.580321584275615532e+00 -1.397303587096711652e+01 1.800000000000000044e+00
-8.384261356440452673e+00 1.398119624296622343e-01 -5.402500000000144631e+00 4.000000000000000000e+02 -2.574081923303732200e+00 -1.396929620999523358e+01 1.600000000000000033e-01
-8.380514764747916345e+00 1.412129153544369187e-01 -5.405000000000145022e+00 4.000000000000000000e+02 -2.569674082303265106e+00 -1.396738836899476865e+01 1.905000000000000027e+00
-8.376775042920023395e+00 1.414306018758434147e-01 -5.407500000000145413e+00 4.000000000000000000e+02 -2.559093960713469507e+00 -1.395930824740497300e+01 6.550000000000000266e-01
-8.373019084438206860e+00 1.423226668824600638e-01 -5.410000000000145803e+00 4.000000000000000000e+02 -2.555279069147814219e+00 -1.395799335583931722e+01 9.499999999999999556e-01
-8.369272266186904119e+00 1.427346467603573810e-01 -5.412500000000146194e+00 4.000000000000000000e+02 -2.555108294271128511e+00 -1.396032258096263234e+01 1.344999999999999973e+00
-8.365548102531857211e+00 1.428506567184305298e-01 -5.415000000000146585e+00 4.000000000000000000e+02 -2.554908331752174355e+00 -1.396262261844367814e+01 6.199999999999999956e-01
-8.361846265196872352e+00 1.426874983555073695e-01 -5.417500000000146976e+00 4.000000000000000000e+02 -2.550052904348180327e+00 -1.396026719103968361e+01 8.299999999999999600e-01
-8.358149399503162158e+00 1.400881218576789933e-01 -5.420000000000147367e+00 4.000000000000000000e+02 -2.540614199301046927e+00 -1.395332848599255016e+01 5.250000000000000222e-01
-8.354440551950828464e+00 1.408747769537331551e-01 -5.422500000000147757e+00 4.000000000000000000e+02 -2.535485148946487577e+00 -1.395069943563799342e+01 1.070000000000000062e+00
-8.350735699634833864e+00 1.417101513640032229e-01 -5.425000000000148148e+00 4.000000000000000000e+02 -2.534730884966303499e+00 -1.395244517165781062e+01 1.864999999999999991e+00
-8.347050948952569271e+00 1.443948009768786234e-01 -5.427500000000148539e+00 4.000000000000000000e+02 -2.531593740607991361e+00 -1.395180802729949754e+01 5.050000000000000044e-01
-8.343377390275557914e+00 1.453010932529777977e-01 -5.430000000000148930e+00 4.000000000000000000e+02 -2.531096417899568074e+00 -1.395381070459107420e+01 1.570000000000000062e+00
-8.339724586585967714e+00 1.463211469104369888e-01 -5.432500000000149321e+00 4.000000000000000000e+02 -2.528647001549648277e+00 -1.395386128824115524e+01 1.840000000000000080e+00
-8.336085261084388520e+00 1.484834524400455991e-01 -5.435000000000149711e+00 4.000000000000000000e+02 -2.528289070407059747e+00 -1.395600335709856665e+01 1.449999999999999900e-01
-8.332466877344041123e+00 1.487995452989521739e-01 -5.437500000000150102e+00 4.000000000000000000e+02 -2.518705375265215540e+00 -1.394891966195672239e+01 6.600000000000000311e-01
-8.328835955802384561e+00 1.493092111858097815e-01 -5.440000000000150493e+00 4.000000000000000000e+02 -2.517028161280710830e+00 -1.394974244797221807e+01 1.199999999999999956e-01
-8.325221140238717510e+00 1.506843107241100377e-01 -5.442500000000150884e+00 4.000000000000000000e+02 -2.516473417964685044e+00 -1.395168770465619268e+01 1.850000000000000089e+00
-8.321626331557343548e+00 1.512273740623353568e-01 -5.445000000000151275e+00 4.000000000000000000e+02 -2.514439299775514502e+00 -1.395215358646702342e+01 1.250000000000000000e-01
-8.318046064636543946e+00 1.524560323928322580e-01 -5.447500000000151665e+00 4.000000000000000000e+02 -2.508035408126974453e+00 -1.394824969481848242e+01 6.600000000000000311e-01
-8.314464640938023621e+00 1.525933975820861210e-01 -5.450000000000152056e+00 4.000000000000000000e+02 -2.507020500616140790e+00 -1.394973478730764960e+01 5.000000000000000000e-01
-8.310901284482312690e+00 1.544477539552131795e-01 -5.452500000000152447e+00 4.000000000000000000e+02 -2.493543624623064225e+00 -1.393875791131457476e+01 1.049999999999999961e-01
-8.307311460385669477e+00 1.553444675873843772e-01 -5.455000000000152838e+00 4.000000000000000000e+02 -2.474472845570686808e+00 -1.392218713226219862e+01 1.945000000000000062e+00
-8.303674818361452381e+00 1.552523859331674527e-01 -5.457500000000153229e+00 4.000000000000000000e+02 -2.465796752293496041e+00 -1.391601103898500646e+01 1.919999999999999929e+00
-8.300028946362051130e+00 1.579297396037912804e-01 -5.460000000000153619e+00 4.000000000000000000e+02 -2.462672044316566389e+00 -1.391538633100807587e+01 7.049999999999999600e-01
-8.296394052553653253e+00 1.582719758344924843e-01 -5.462500000000154010e+00 4.000000000000000000e+02 -2.457035576404288602e+00 -1.391224986309580025e+01 1.909999999999999920e+00
-8.292760966732753758e+00 1.580785898185783356e-01 -5.465000000000154401e+00 4.000000000000000000e+02 -2.454872684042636255e+00 -1.391258697073414830e+01 4.349999999999999978e-01
-8.289142250355043373e+00 1.557977055900605368e-01 -5.467500000000154792e+00 4.000000000000000000e+02 -2.452145698394999851e+00 -1.391235998508651228e+01 3.649999999999999911e-01
-8.285535764829417005e+00 1.563648971420268929e-01 -5.470000000000155183e+00 4.000000000000000000e+02 -2.446216054222177139e+00 -1.390893034091368818e+01 1.149999999999999911e+00
-8.281929915874801651e+00 1.593867017202851011e-01 -5.472500000000155573e+00 4.000000000000000000e+02 -2.445627544288005772e+00 -1.391084183097951765e+01 1.159999999999999920e+00
-8.278343871298448065e+00 1.600628223215368739e-01 -5.475000000000155964e+00 4.000000000000000000e+02 -2.444599945310041988e+00 -1.391231423200155604e+01 1.584999999999999964e+00
-8.274775888490031761e+00 1.569751942037583559e-01 -5.477500000000156355e+00 4.000000000000000000e+02 -2.442532445952567688e+00 -1.391274673264408079e+01 9.499999999999999556e-01
-8.271222125543150838e+00 1.568555902130509827e-01 -5.480000000000156746e+00 4.000000000000000000e+02 -2.442036924978892465e+00 -1.391475121167040641e+01 1.449999999999999900e-01
-8.267688025711080968e+00 1.576597929559034328e-01 -5.482500000000157137e+00 4.000000000000000000e+02 -2.438891072527090476e+00 -1.391410535921860436e+01 4.949999999999999956e-01
-8.264164100569169946e+00 1.570227190502930803e-01 -5.485000000000157527e+00 4.000000000000000000e+02 -2.436570461397288501e+00 -1.391428474808880367e+01 5.899999999999999689e-01
-8.260653178653955209e+00 1.568076424847783812e-01 -5.487500000000157918e+00 4.000000000000000000e+02 -2.436396571883951090e+00 -1.391661085857546709e+01 4.550000000000000155e-01
-8.257162654789173217e+00 1.556308407233195634e-01 -5.490000000000158309e+00 4.000000000000000000e+02 -2.432267469294857154e+00 -1.391498175598637133e+01 1.929999999999999938e+00
-8.253678610921548753e+00 1.548136839402633191e-01 -5.492500000000158700e+00 4.000000000000000000e+02 -2.430816884721884286e+00 -1.391603117141340107e+01 7.149999999999999689e-01
-8.250210298779578011e+00 1.527243132168704942e-01 -5.495000000000159091e+00 4.000000000000000000e+02 -2.422608639999273450e+00 -1.391032292669079062e+01 1.804999999999999938e+00
-8.246734222646910695e+00 1.497737845203261087e-01 -5.497500000000159481e+00 4.000000000000000000e+02 -2.421965803388951510e+00 -1.391218009008046863e+01 7.399999999999999911e-01
-8.243276603985096429e+00 1.506764963321723383e-01 -5.500000000000159872e+00 4.000000000000000000e+02 -2.420941389109425135e+00 -1.391365567580094087e+01 2.949999999999999845e-01
-8.239835971220948352e+00 1.536715129395725687e-01 -5.502500000000160263e+00 4.000000000000000000e+02 -2.415634476650779128e+00 -1.391084876334229747e+01 1.749999999999999889e-01
-8.236397514421787136e+00 1.524510614999777247e-01 -5.505000000000160654e+00 4.000000000000000000e+02 -2.414475283487083512e+00 -1.391218957017860269e+01 7.099999999999999645e-01
-8.232975423688161598e+00 1.509364706966065117e-01 -5.507500000000161045e+00 4.000000000000000000e+02 -2.408947716003222439e+00 -1.390916200269474068e+01 7.950000000000000400e-01
-8.229554680476530493e+00 1.518739464777607018e-01 -5.510000000000161435e+00 4.000000000000000000e+02 -2.406662354644957702e+00 -1.390937664133647544e+01 9.500000000000000111e-02
-8.226146329265690227e+00 1.518110762815952919e-01 -5.512500000000161826e+00 4.000000000000000000e+02 -2.391429357922233212e+00 -1.389664364461375179e+01 1.935000000000000053e+00
-8.222706102611105905e+00 1.510575021049891942e-01 -5.515000000000162217e+00 4.000000000000000000e+02 -2.390714719979622149e+00 -1.389842900667114201e+01 3.500000000000000333e-02
-8.219283775630405131e+00 1.506327475904634949e-01 -5.517500000000162608e+00 4.000000000000000000e+02 -2.386177378516789904e+00 -1.389639166520830926e+01 2.000000000000000000e+00
-8.215866177157531425e+00 1.489807982259215291e-01 -5.520000000000162999e+00 4.000000000000000000e+02 -2.377473587311774939e+00 -1.389018787400329380e+01 6.899999999999999467e-01
-8.212439059639901728e+00 1.498751315193734834e-01 -5.522500000000163389e+00 4.000000000000000000e+02 -2.377058174000595603e+00 -1.389227246069211574e+01 9.699999999999999734e-01
-8.209030747354660207e+00 1.480008360971701853e-01 -5.525000000000163780e+00 4.000000000000000000e+02 -2.367048232754787040e+00 -1.388476251944630846e+01 7.049999999999999600e-01
-8.205608450671256549e+00 1.475244285986813952e-01 -5.527500000000164171e+00 4.000000000000000000e+02 -2.366503420104726363e+00 -1.388671770679624728e+01 1.510000000000000009e+00
-8.202204476737675165e+00 1.440709296446489318e-01 -5.530000000000164562e+00 4.000000000000000000e+02 -2.364179887927363666e+00 -1.388689417461888453e+01 7.650000000000000133e-01
-8.198812648132751235e+00 1.420315685110591641e-01 -5.532500000000164952e+00 4.000000000000000000e+02 -2.362119491458975151e+00 -1.388733377815049685e+01 3.900000000000000133e-01
-8.195433768336400249e+00 1.406134273384486433e-01 -5.535000000000165343e+00 4.000000000000000000e+02 -2.356503752746248459e+00 -1.388421803943777277e+01 1.520000000000000018e+00
-8.192055776045330973e+00 1.424716708294994916e-01 -5.537500000000165734e+00 4.000000000000000000e+02 -2.354664620107087991e+00 -1.388487890679861181e+01 4.699999999999999734e-01
-8.188691376597878602e+00 1.459216611788676232e-01 -5.540000000000166125e+00 4.000000000000000000e+02 -2.350405273130913297e+00 -1.388311955982243617e+01 6.350000000000000089e-01
-8.185332363804741718e+00 1.443990987867874720e-01 -5.542500000000166516e+00 4.000000000000000000e+02 -2.349834661053575413e+00 -1.388504894774509957e+01 7.500000000000000000e-01
-8.181991038362928848e+00 1.435452145845664551e-01 -5.545000000000166906e+00 4.000000000000000000e+02 -2.347286041464613948e+00 -1.388500032815613849e+01 1.850000000000000089e+00
-8.178660678559776187e+00 1.456408631862199099e-01 -5.547500000000167297e+00 4.000000000000000000e+02 -2.344561155234550665e+00 -1.388477544192607560e+01 1.034999999999999920e+00
-8.175340627935716142e+00 1.461022085205602172e-01 -5.550000000000167688e+00 4.000000000000000000e+02 -2.344263270179159253e+00 -1.388697755687068280e+01 1.469999999999999973e+00
-8.172038830501959339e+00 1.439320296556945156e-01 -5.552500000000168079e+00 4.000000000000000000e+02 -2.339750191743430019e+00 -1.388496447843495574e+01 2.600000000000000089e-01
-8.168741278413188311e+00 1.428012675582113755e-01 -5.555000000000168470e+00 4.000000000000000000e+02 -2.334516400058164187e+00 -1.388223068674968985e+01 8.399999999999999689e-01
-8.165445581770615746e+00 1.418343192244569118e-01 -5.557500000000168860e+00 4.000000000000000000e+02 -2.334024866780151530e+00 -1.388423915347167714e+01 1.514999999999999902e+00
-8.162167291215872922e+00 1.439757584257028156e-01 -5.560000000000169251e+00 4.000000000000000000e+02 -2.333079551112801742e+00 -1.388579383780432686e+01 1.830000000000000071e+00
-8.158904780577083571e+00 1.445185606780481913e-01 -5.562500000000169642e+00 4.000000000000000000e+02 -2.328060793864116018e+00 -1.388327508055564330e+01 9.649999999999999689e-01
-8.155644691589960971e+00 1.466685592055009535e-01 -5.565000000000170033e+00 4.000000000000000000e+02 -2.321731097496381402e+00 -1.387944538418791041e+01 1.899999999999999911e+00
-8.152382748129356926e+00 1.475106502471756342e-01 -5.567500000000170424e+00 4.000000000000000000e+02 -2.321147543736486352e+00 -1.388136183042801441e+01 1.550000000000000044e+00
-8.149137625315670874e+00 1.459444729799144747e-01 -5.570000000000170814e+00 4.000000000000000000e+02 -2.314947381603313925e+00 -1.387766166829484149e+01 1.485000000000000098e+00
-8.145891027902500525e+00 1.463667731455740029e-01 -5.572500000000171205e+00 4.000000000000000000e+02 -2.312661378066818152e+00 -1.387787566475834566e+01 5.500000000000000444e-01
-8.142655628102597021e+00 1.422743736680023852e-01 -5.575000000000171596e+00 4.000000000000000000e+02 -2.305373658310418072e+00 -1.387308794500194864e+01 1.049999999999999961e-01
-8.139415210161667247e+00 1.414397918221460548e-01 -5.577500000000171987e+00 4.000000000000000000e+02 -2.304647548036883542e+00 -1.387486183472841361e+01 1.534999999999999920e+00
-8.136190973903167034e+00 1.416648789342473125e-01 -5.580000000000172378e+00 4.000000000000000000e+02 -2.298235846965902773e+00 -1.387095013365743057e+01 1.610000000000000098e+00
-8.132964523906796472e+00 1.419412976863130837e-01 -5.582500000000172768e+00 4.000000000000000000e+02 -2.297034120362115406e+00 -1.387224840705364493e+01 1.245000000000000107e+00
-8.129752616359258610e+00 1.443046880675042942e-01 -5.585000000000173159e+00 4.000000000000000000e+02 -2.295306859099569330e+00 -1.387302114579109968e+01 1.834999999999999964e+00
-8.126553461253299915e+00 1.449536982469395163e-01 -5.587500000000173550e+00 4.000000000000000000e+02 -2.294959481983532612e+00 -1.387517376867506336e+01 1.854999999999999982e+00
-8.123371354443440495e+00 1.462071873672978195e-01 -5.590000000000173941e+00 4.000000000000000000e+02 -2.294144888085253076e+00 -1.387685917477678288e+01 1.800000000000000044e+00
-8.120204674505519193e+00 1.478612885466538407e-01 -5.592500000000174332e+00 4.000000000000000000e+02 -2.293455999739760554e+00 -1.387867028643129252e+01 1.600000000000000089e+00
-8.117053693725940988e+00 1.488115323369796350e-01 -5.595000000000174722e+00 4.000000000000000000e+02 -2.289776365048453943e+00 -1.387749065173998630e+01 1.729999999999999982e+00
-8.113908908754002169e+00 1.480734963778062296e-01 -5.597500000000175113e+00 4.000000000000000000e+02 -2.280963629254422198e+00 -1.387117791594595495e+01 1.479999999999999982e+00
-8.110754161183885813e+00 1.485782175957097995e-01 -5.600000000000175504e+00 4.000000000000000000e+02 -2.274435085227860309e+00 -1.386714937191939256e+01 1.070000000000000062e+00
-8.107596660151134671e+00 1.498418967734101159e-01 -5.602500000000175895e+00 4.000000000000000000e+02 -2.267206548303373648e+00 -1.386242083499490718e+01 9.599999999999999645e-01
-8.104434202513955299e+00 1.476491940751777088e-01 -5.605000000000176286e+00 4.000000000000000000e+02 -2.260576217091308848e+00 -1.385829050378284322e+01 8.750000000000000000e-01
-8.101268687377691791e+00 1.508402313666410977e-01 -5.607500000000176676e+00 4.000000000000000000e+02 -2.243666005326315549e+00 -1.384388029201785031e+01 8.199999999999999512e-01
-8.098067433338385968e+00 1.488861828570158807e-01 -5.610000000000177067e+00 4.000000000000000000e+02 -2.241189415682816932e+00 -1.384390370237434986e+01 1.199999999999999956e+00
-8.094876469216739423e+00 1.476867866823010911e-01 -5.612500000000177458e+00 4.000000000000000000e+02 -2.239628179298744026e+00 -1.384484246599027912e+01 4.799999999999999822e-01
-8.091698634862048323e+00 1.458661168016834875e-01 -5.615000000000177849e+00 4.000000000000000000e+02 -2.239374808601903855e+00 -1.384708909529343934e+01 1.739999999999999991e+00
-8.088537964745709630e+00 1.472962655334238424e-01 -5.617500000000178240e+00 4.000000000000000000e+02 -2.234658457330318093e+00 -1.384487274402185264e+01 1.034999999999999920e+00
-8.085380273195752920e+00 1.487921111518835104e-01 -5.620000000000178630e+00 4.000000000000000000e+02 -2.233446234543457365e+00 -1.384616052123499230e+01 1.235000000000000098e+00
-8.082236565916980808e+00 1.492968047937943132e-01 -5.622500000000179021e+00 4.000000000000000000e+02 -2.232688465448482873e+00 -1.384790275214001909e+01 7.750000000000000222e-01
-8.079108157192292694e+00 1.490673766284338897e-01 -5.625000000000179412e+00 4.000000000000000000e+02 -2.231525023823532905e+00 -1.384923931051507040e+01 4.799999999999999822e-01
-8.075993663891178898e+00 1.502920519501555752e-01 -5.627500000000179803e+00 4.000000000000000000e+02 -2.229580005802640486e+00 -1.384979429249417748e+01 9.300000000000000488e-01
-8.072890560522290926e+00 1.515741992352086509e-01 -5.630000000000180194e+00 4.000000000000000000e+02 -2.226893918523811688e+00 -1.384960820521534863e+01 5.350000000000000311e-01
-8.069796481797901322e+00 1.497384309699275606e-01 -5.632500000000180584e+00 4.000000000000000000e+02 -2.226807140418476383e+00 -1.385202142711001372e+01 1.459999999999999964e+00
-8.066719370140850387e+00 1.496622340392589900e-01 -5.635000000000180975e+00 4.000000000000000000e+02 -2.225552036268918954e+00 -1.385326632296045801e+01 6.300000000000000044e-01
-8.063655508776156111e+00 1.492811632936392741e-01 -5.637500000000181366e+00 4.000000000000000000e+02 -2.220814172457483249e+00 -1.385102845914902225e+01 1.000000000000000000e+00
-8.060594173240371418e+00 1.449723528357461100e-01 -5.640000000000181757e+00 4.000000000000000000e+02 -2.216196901566090727e+00 -1.384891118825762923e+01 7.099999999999999645e-01
-8.057535722026415215e+00 1.445385124558965784e-01 -5.642500000000182148e+00 4.000000000000000000e+02 -2.210597065182465570e+00 -1.384581135187400491e+01 1.885000000000000009e+00
-8.054477144428693336e+00 1.442042080140425730e-01 -5.645000000000182538e+00 4.000000000000000000e+02 -2.206635366885870475e+00 -1.384434965357741021e+01 1.840000000000000080e+00
-8.051423439668695892e+00 1.447727347378832963e-01 -5.647500000000182929e+00 4.000000000000000000e+02 -2.199705925247920746e+00 -1.383992021193946087e+01 7.850000000000000311e-01
-8.048365537344466247e+00 1.451077993451130033e-01 -5.650000000000183320e+00 4.000000000000000000e+02 -2.198231955475014932e+00 -1.384094624216655411e+01 1.594999999999999973e+00
-8.045320078862953750e+00 1.445952059954082880e-01 -5.652500000000183711e+00 4.000000000000000000e+02 -2.197907472841756249e+00 -1.384312175953329671e+01 2.000000000000000042e-02
-8.042290455212475209e+00 1.435956741931830871e-01 -5.655000000000184102e+00 4.000000000000000000e+02 -2.184423801098223095e+00 -1.383213808778976528e+01 1.229999999999999982e+00
-8.039236674601703214e+00 1.449439527864904986e-01 -5.657500000000184492e+00 4.000000000000000000e+02 -2.174868667299235003e+00 -1.382508295399077625e+01 8.349999999999999645e-01
-8.036170669007280054e+00 1.440398947145371256e-01 -5.660000000000184883e+00 4.000000000000000000e+02 -2.170440074641410533e+00 -1.382315436133295172e+01 5.050000000000000044e-01
-8.033108143413265623e+00 1.447986606720013392e-01 -5.662500000000185274e+00 4.000000000000000000e+02 -2.169451762420114171e+00 -1.382466604911165575e+01 7.099999999999999645e-01
-8.030059573191580924e+00 1.460009524451294505e-01 -5.665000000000185665e+00 4.000000000000000000e+02 -2.166201978626659308e+00 -1.382391626531820350e+01 7.000000000000000666e-02
-8.027017992298276283e+00 1.463047668779214328e-01 -5.667500000000186056e+00 4.000000000000000000e+02 -2.166094711766305192e+00 -1.382630899845784889e+01 1.895000000000000018e+00
-8.023992870572337566e+00 1.470959543259284796e-01 -5.670000000000186446e+00 4.000000000000000000e+02 -2.156997656341046454e+00 -1.381971194303258876e+01 1.479999999999999982e+00
-8.020956940406003710e+00 1.481831317916208479e-01 -5.672500000000186837e+00 4.000000000000000000e+02 -2.155401209646806926e+00 -1.382061549633835185e+01 1.764999999999999902e+00
-8.017932928679385896e+00 1.501114576931347200e-01 -5.675000000000187228e+00 4.000000000000000000e+02 -2.146889294829747552e+00 -1.381460358152129331e+01 1.959999999999999964e+00
-8.014899881695926709e+00 1.522674831931725425e-01 -5.677500000000187619e+00 4.000000000000000000e+02 -2.144020490829007031e+00 -1.381423477752055184e+01 1.175000000000000044e+00
-8.011874892538044080e+00 1.513330099979199594e-01 -5.680000000000188010e+00 4.000000000000000000e+02 -2.140814632326338174e+00 -1.381352891901788205e+01 1.209999999999999964e+00
-8.008856900033562098e+00 1.519204861838371334e-01 -5.682500000000188400e+00 4.000000000000000000e+02 -2.140386414048394581e+00 -1.381560070073994062e+01 1.750000000000000000e+00
-8.005854206423641983e+00 1.512954223879023341e-01 -5.685000000000188791e+00 4.000000000000000000e+02 -2.129073990650179216e+00 -1.380678827734172565e+01 1.455000000000000071e+00
-8.002834043595331792e+00 1.520475059522324035e-01 -5.687500000000189182e+00 4.000000000000000000e+02 -2.124782116969326839e+00 -1.380499640366087277e+01 1.024999999999999911e+00
-7.999817582537002814e+00 1.522399489469164480e-01 -5.690000000000189573e+00 4.000000000000000000e+02 -2.123871716179284608e+00 -1.380658600287083004e+01 1.104999999999999982e+00
-7.996814962740499411e+00 1.523357836722961656e-01 -5.692500000000189964e+00 4.000000000000000000e+02 -2.113553174497698528e+00 -1.379876746118924657e+01 2.999999999999999889e-01
-7.993797869530455458e+00 1.533796611763451612e-01 -5.695000000000190354e+00 4.000000000000000000e+02 -2.109721823649838957e+00 -1.379743611034138695e+01 1.280000000000000027e+00
-7.990785850432285287e+00 1.530353312712988134e-01 -5.697500000000190745e+00 4.000000000000000000e+02 -2.105896348876483692e+00 -1.379611063556803074e+01 5.050000000000000044e-01
-7.987778899333072502e+00 1.540449342599798932e-01 -5.700000000000191136e+00 4.000000000000000000e+02 -2.101218827769084641e+00 -1.379393311446063208e+01 1.584999999999999964e+00
-7.984774437513904921e+00 1.543536542345033957e-01 -5.702500000000191527e+00 4.000000000000000000e+02 -2.092346237403126086e+00 -1.378756052409467436e+01 7.750000000000000222e-01
-7.981759854483531313e+00 1.525504416412001296e-01 -5.705000000000191918e+00 4.000000000000000000e+02 -2.090907776302646681e+00 -1.378862206299419668e+01 1.199999999999999956e-01
-7.978757515861756744e+00 1.521019683589057980e-01 -5.707500000000192308e+00 4.000000000000000000e+02 -2.088010180920080838e+00 -1.378822446761163079e+01 1.945000000000000062e+00
-7.975762975702863855e+00 1.532788240141602920e-01 -5.710000000000192699e+00 4.000000000000000000e+02 -2.085320365988291513e+00 -1.378803465267984052e+01 1.054999999999999938e+00
-7.972776810128897829e+00 1.526000068486706440e-01 -5.712500000000193090e+00 4.000000000000000000e+02 -2.082478550839716114e+00 -1.378769283753126729e+01 1.260000000000000009e+00
-7.969798518860027770e+00 1.506977570570245673e-01 -5.715000000000193481e+00 4.000000000000000000e+02 -2.078748279437629076e+00 -1.378646256612918108e+01 1.084999999999999964e+00
-7.966825421431205534e+00 1.482551216559407914e-01 -5.717500000000193872e+00 4.000000000000000000e+02 -2.074613112938678672e+00 -1.378482739963022929e+01 1.739999999999999991e+00
-7.963856293246058371e+00 1.453910867235688742e-01 -5.720000000000194262e+00 4.000000000000000000e+02 -2.067662847618664923e+00 -1.378037713431021594e+01 1.110000000000000098e+00
-7.960882770653179286e+00 1.459731525632002869e-01 -5.722500000000194653e+00 4.000000000000000000e+02 -2.065474366437455078e+00 -1.378068865312900648e+01 4.000000000000000222e-01
-7.957918985741030404e+00 1.458215974512808433e-01 -5.725000000000195044e+00 4.000000000000000000e+02 -2.062056208759133646e+00 -1.377977049545068766e+01 5.550000000000000488e-01
-7.954961248483039427e+00 1.483740734973594266e-01 -5.727500000000195435e+00 4.000000000000000000e+02 -2.061798247734440537e+00 -1.378201253442599317e+01 2.550000000000000044e-01
-7.952018828335315703e+00 1.494954337334823968e-01 -5.730000000000195826e+00 4.000000000000000000e+02 -2.060587709962075742e+00 -1.378330199665362699e+01 7.850000000000000311e-01
-7.949088815667159302e+00 1.487611160670389010e-01 -5.732500000000196216e+00 4.000000000000000000e+02 -2.060524057304059742e+00 -1.378573834399561271e+01 1.375000000000000000e+00
-7.946174461559873059e+00 1.501199060618558789e-01 -5.735000000000196607e+00 4.000000000000000000e+02 -2.057346090830547869e+00 -1.378506037752210212e+01 1.445000000000000062e+00
-7.943266608339151880e+00 1.507334111064529414e-01 -5.737500000000196998e+00 4.000000000000000000e+02 -2.055477896516232139e+00 -1.378569218320778589e+01 8.750000000000000000e-01
-7.940369014860507058e+00 1.502779326206510335e-01 -5.740000000000197389e+00 4.000000000000000000e+02 -2.053880725313864009e+00 -1.378659501200541726e+01 6.899999999999999467e-01
-7.937482396713486210e+00 1.512989366852126871e-01 -5.742500000000197780e+00 4.000000000000000000e+02 -2.052429003941249164e+00 -1.378764329063280414e+01 1.945000000000000062e+00
-7.934607098510957357e+00 1.507340272001230774e-01 -5.745000000000198170e+00 4.000000000000000000e+02 -2.052354990300742976e+00 -1.379006927699229834e+01 4.600000000000000200e-01
-7.931746981030943111e+00 1.504902197782410911e-01 -5.747500000000198561e+00 4.000000000000000000e+02 -2.050917265285161495e+00 -1.379113155197671681e+01 1.810000000000000053e+00
-7.928898044147293156e+00 1.505047006665460319e-01 -5.750000000000198952e+00 4.000000000000000000e+02 -2.047121310946899975e+00 -1.378983559763845435e+01 1.169999999999999929e+00
-7.926053521897470588e+00 1.500648779551865541e-01 -5.752500000000199343e+00 4.000000000000000000e+02 -2.036049025705369164e+00 -1.378126331239692526e+01 1.659999999999999920e+00
-7.923192683498783140e+00 1.508977515789878543e-01 -5.755000000000199734e+00 4.000000000000000000e+02 -2.025601823654978872e+00 -1.377331611034653669e+01 2.999999999999999889e-01
-7.920317277719969518e+00 1.529960174786596239e-01 -5.757500000000200124e+00 4.000000000000000000e+02 -2.017505966952434893e+00 -1.376772025364399177e+01 1.560000000000000053e+00
-7.917434050172368565e+00 1.505096370497466529e-01 -5.760000000000200515e+00 4.000000000000000000e+02 -2.012181326192139963e+00 -1.376489561288369678e+01 2.200000000000000011e-01
-7.914550991295597804e+00 1.497026676776684884e-01 -5.762500000000200906e+00 4.000000000000000000e+02 -2.009498924833234224e+00 -1.376471321152479277e+01 1.169999999999999929e+00
-7.911675696901125932e+00 1.486594729320507569e-01 -5.765000000000201297e+00 4.000000000000000000e+02 -2.006664279938884743e+00 -1.376437856663044457e+01 9.699999999999999734e-01
-7.908807687897640548e+00 1.509084203968573956e-01 -5.767500000000201688e+00 4.000000000000000000e+02 -2.002013351937165897e+00 -1.376222763862872434e+01 1.534999999999999920e+00
-7.905941731808542983e+00 1.514857255419296000e-01 -5.770000000000202078e+00 4.000000000000000000e+02 -2.001873449843809993e+00 -1.376458773653536838e+01 1.370000000000000107e+00
-7.903090693016875612e+00 1.513027070948071706e-01 -5.772500000000202469e+00 4.000000000000000000e+02 -1.995262652533442260e+00 -1.376047693922500237e+01 1.050000000000000044e+00
-7.900236065466290647e+00 1.501284928306815813e-01 -5.775000000000202860e+00 4.000000000000000000e+02 -1.994814795089523196e+00 -1.376252908178108392e+01 1.725000000000000089e+00
-7.897395390781294822e+00 1.515498077278913391e-01 -5.777500000000203251e+00 4.000000000000000000e+02 -1.992221184175381188e+00 -1.376243547086694186e+01 8.900000000000000133e-01
-7.894562497874580309e+00 1.511421488399807556e-01 -5.780000000000203642e+00 4.000000000000000000e+02 -1.990319545770283582e+00 -1.376303383246184353e+01 1.050000000000000044e+00
-7.891739295002039078e+00 1.516108441886015457e-01 -5.782500000000204032e+00 4.000000000000000000e+02 -1.987667857163595508e+00 -1.376288214385515651e+01 1.250000000000000000e+00
-7.888923613696505299e+00 1.500313939218623493e-01 -5.785000000000204423e+00 4.000000000000000000e+02 -1.982525651761983365e+00 -1.376023993845354632e+01 6.049999999999999822e-01
-7.886108420114625872e+00 1.496967304083625383e-01 -5.787500000000204814e+00 4.000000000000000000e+02 -1.980162881612550940e+00 -1.376037716830411384e+01 1.719999999999999973e+00
-7.883301514281674471e+00 1.492478834882154104e-01 -5.790000000000205205e+00 4.000000000000000000e+02 -1.979444408892282459e+00 -1.376215869558384419e+01 1.129999999999999893e+00
-7.880507440310734246e+00 1.486659012724856344e-01 -5.792500000000205596e+00 4.000000000000000000e+02 -1.978756712392437445e+00 -1.376397099908400001e+01 1.574999999999999956e+00
-7.877726189460936723e+00 1.490913233795302939e-01 -5.795000000000205986e+00 4.000000000000000000e+02 -1.971618239738073486e+00 -1.375933252642963822e+01 1.165000000000000036e+00
-7.874939775608277515e+00 1.475473142768460033e-01 -5.797500000000206377e+00 4.000000000000000000e+02 -1.969667207983867740e+00 -1.375988149467543131e+01 8.800000000000000044e-01
-7.872162627156974679e+00 1.504922022453206720e-01 -5.800000000000206768e+00 4.000000000000000000e+02 -1.967513230465211871e+00 -1.376022751715677472e+01 1.054999999999999938e+00
-7.869394126708148640e+00 1.521489336167334283e-01 -5.802500000000207159e+00 4.000000000000000000e+02 -1.965126077587503683e+00 -1.376034036427906848e+01 1.364999999999999991e+00
-7.866633580805642012e+00 1.520485668327973827e-01 -5.805000000000207550e+00 4.000000000000000000e+02 -1.964538175657602137e+00 -1.376225246234916710e+01 1.635000000000000009e+00
-7.863885886198096919e+00 1.539161705460956320e-01 -5.807500000000207940e+00 4.000000000000000000e+02 -1.959828254603182218e+00 -1.376004254129474802e+01 1.114999999999999991e+00
-7.861139666804241699e+00 1.567437444696715698e-01 -5.810000000000208331e+00 4.000000000000000000e+02 -1.956205068239337042e+00 -1.375891935493090124e+01 1.350000000000000089e+00
-7.858397894900248204e+00 1.570896633565672107e-01 -5.812500000000208722e+00 4.000000000000000000e+02 -1.954740779180203614e+00 -1.375995506587176997e+01 7.750000000000000222e-01
-7.855666446350257459e+00 1.578523798977518600e-01 -5.815000000000209113e+00 4.000000000000000000e+02 -1.947131972406871636e+00 -1.375484625909843928e+01 1.549999999999999989e-01
-7.852928505335687426e+00 1.594005346716366456e-01 -5.817500000000209504e+00 4.000000000000000000e+02 -1.945632753166750328e+00 -1.375584703985831680e+01 1.320000000000000062e+00
-7.850200767686750680e+00 1.578719308442625979e-01 -5.820000000000209894e+00 4.000000000000000000e+02 -1.945569287200954456e+00 -1.375828357389251977e+01 3.049999999999999933e-01
-7.847487061457530721e+00 1.600090825055253407e-01 -5.822500000000210285e+00 4.000000000000000000e+02 -1.944767703345945398e+00 -1.375998199003751310e+01 1.000000000000000000e+00
-7.844785285933196128e+00 1.602099605384161018e-01 -5.825000000000210676e+00 4.000000000000000000e+02 -1.930054874126112763e+00 -1.374776916081768086e+01 7.099999999999999645e-01
-7.842057726266961737e+00 1.601817401669045904e-01 -5.827500000000211067e+00 4.000000000000000000e+02 -1.928876158982557376e+00 -1.374909044567412586e+01 5.999999999999999778e-02
-7.839341172783066192e+00 1.599760911588963552e-01 -5.830000000000211458e+00 4.000000000000000000e+02 -1.928832546902496947e+00 -1.375154683359406427e+01 1.804999999999999938e+00
-7.836638616664381551e+00 1.593599385645894928e-01 -5.832500000000211848e+00 4.000000000000000000e+02 -1.928546259648776129e+00 -1.375376054634034517e+01 3.800000000000000044e-01
-7.833949296625704051e+00 1.584241071589252425e-01 -5.835000000000212239e+00 4.000000000000000000e+02 -1.927014340952943883e+00 -1.375472862764451421e+01 1.469999999999999973e+00
-7.831269781402776076e+00 1.563951792654855177e-01 -5.837500000000212630e+00 4.000000000000000000e+02 -1.926514679012082842e+00 -1.375672896570365289e+01 2.999999999999999889e-01
-7.828602759953657397e+00 1.570573038913005426e-01 -5.840000000000213021e+00 4.000000000000000000e+02 -1.923800322203014890e+00 -1.375651460889458377e+01 1.955000000000000071e+00
-7.825942263115284625e+00 1.567829428876391651e-01 -5.842500000000213412e+00 4.000000000000000000e+02 -1.922165477948995393e+00 -1.375737976464056622e+01 1.034999999999999920e+00
-7.823291117347609180e+00 1.560795571990254427e-01 -5.845000000000213802e+00 4.000000000000000000e+02 -1.918238137358944106e+00 -1.375595242405051621e+01 1.199999999999999956e+00
-7.820643209792217831e+00 1.548998551797256540e-01 -5.847500000000214193e+00 4.000000000000000000e+02 -1.915422040705706097e+00 -1.375563632739727815e+01 1.250000000000000000e+00
-7.818001461324381118e+00 1.535306390293951773e-01 -5.850000000000214584e+00 4.000000000000000000e+02 -1.911536137579304739e+00 -1.375425042427087519e+01 1.495000000000000107e+00
-7.815363024031626971e+00 1.537597306632339511e-01 -5.852500000000214975e+00 4.000000000000000000e+02 -1.908414363661357527e+00 -1.375362865035292970e+01 2.949999999999999845e-01
-7.812729895225135834e+00 1.531973921823862328e-01 -5.855000000000215366e+00 4.000000000000000000e+02 -1.908360020289726622e+00 -1.375607430698130074e+01 7.299999999999999822e-01
-7.810110088154980090e+00 1.526458020619710920e-01 -5.857500000000215756e+00 4.000000000000000000e+02 -1.905414696678390030e+00 -1.375562898336996298e+01 6.500000000000000222e-01
-7.807495964191329740e+00 1.526850848576428443e-01 -5.860000000000216147e+00 4.000000000000000000e+02 -1.904686295428086762e+00 -1.375740058211965966e+01 1.405000000000000027e+00
-7.804893265072331054e+00 1.527661899935753853e-01 -5.862500000000216538e+00 4.000000000000000000e+02 -1.899830774334106520e+00 -1.375504506102567959e+01 4.050000000000000266e-01
-7.802291208367696740e+00 1.527987035812273520e-01 -5.865000000000216929e+00 4.000000000000000000e+02 -1.899546688174158726e+00 -1.375726097486573352e+01 5.000000000000000104e-03
-7.799701641964322363e+00 1.465082768280782100e-01 -5.867500000000217319e+00 4.000000000000000000e+02 -1.897637260214105170e+00 -1.375785154690568035e+01 1.590000000000000080e+00
-7.797120287057045296e+00 1.469757829716236142e-01 -5.870000000000217710e+00 4.000000000000000000e+02 -1.897419815256066844e+00 -1.376013410194764042e+01 1.799999999999999933e-01
-7.794551441069083708e+00 1.469349055553977601e-01 -5.872500000000218101e+00 4.000000000000000000e+02 -1.894896496927582552e+00 -1.376011078361915807e+01 7.800000000000000266e-01
-7.791989117474204640e+00 1.477332601062151252e-01 -5.875000000000218492e+00 4.000000000000000000e+02 -1.894618528232090648e+00 -1.376233281492366700e+01 1.300000000000000044e-01
-7.789439008085254912e+00 1.486457736507456606e-01 -5.877500000000218883e+00 4.000000000000000000e+02 -1.889760455608571199e+00 -1.375997474230014816e+01 1.745000000000000107e+00
-7.786889387740342450e+00 1.480788165139033385e-01 -5.880000000000219273e+00 4.000000000000000000e+02 -1.888180961054232165e+00 -1.376089524774580752e+01 7.349999999999999867e-01
-7.784348588354638387e+00 1.472433361281483832e-01 -5.882500000000219664e+00 4.000000000000000000e+02 -1.887643770091401496e+00 -1.376285805678297791e+01 1.340000000000000080e+00
-7.781819191579304018e+00 1.471158310381125434e-01 -5.885000000000220055e+00 4.000000000000000000e+02 -1.874026836178106281e+00 -1.375174112286968509e+01 3.649999999999999911e-01
-7.779268007784751582e+00 1.477329640716049663e-01 -5.887500000000220446e+00 4.000000000000000000e+02 -1.870176928233847180e+00 -1.375039121492542549e+01 7.199999999999999734e-01
-7.776719882926728111e+00 1.478255713251233616e-01 -5.890000000000220837e+00 4.000000000000000000e+02 -1.866165813906502269e+00 -1.374888010059807897e+01 1.705000000000000071e+00
-7.774174395772830870e+00 1.493432228129563388e-01 -5.892500000000221227e+00 4.000000000000000000e+02 -1.860160550598943807e+00 -1.374537483729052312e+01 1.499999999999999944e-02
-7.771626467459546106e+00 1.502282376373102746e-01 -5.895000000000221618e+00 4.000000000000000000e+02 -1.859739350618908382e+00 -1.374745363731048897e+01 1.114999999999999991e+00
-7.769090285587306965e+00 1.509265688134174832e-01 -5.897500000000222009e+00 4.000000000000000000e+02 -1.858607169336358611e+00 -1.374882145602793848e+01 1.885000000000000009e+00
-7.766563973196540793e+00 1.539179807346759965e-01 -5.900000000000222400e+00 4.000000000000000000e+02 -1.851187472847042770e+00 -1.374390175953862148e+01 1.965000000000000080e+00
-7.764031614786954805e+00 1.535278686341457199e-01 -5.902500000000222791e+00 4.000000000000000000e+02 -1.845486603081168964e+00 -1.374070088977274828e+01 1.165000000000000036e+00
-7.761497565044888525e+00 1.515364115903345688e-01 -5.905000000000223181e+00 4.000000000000000000e+02 -1.843225693026744105e+00 -1.374093997971832515e+01 6.800000000000000488e-01
-7.758970523982596568e+00 1.490602310429066935e-01 -5.907500000000223572e+00 4.000000000000000000e+02 -1.829194976953093521e+00 -1.372940926364467451e+01 9.449999999999999512e-01
-7.756420656641442868e+00 1.485372087816800579e-01 -5.910000000000223963e+00 4.000000000000000000e+02 -1.824638813427012396e+00 -1.372735310011859333e+01 8.000000000000000444e-01
-7.753872046266379492e+00 1.499917998753681481e-01 -5.912500000000224354e+00 4.000000000000000000e+02 -1.821454242355501130e+00 -1.372666852904708179e+01 1.610000000000000098e+00
-7.751328176144373749e+00 1.489930633078732358e-01 -5.915000000000224745e+00 4.000000000000000000e+02 -1.820576895897819014e+00 -1.372829118258940184e+01 1.429999999999999938e+00
-7.748794869681256081e+00 1.473208410482518826e-01 -5.917500000000225135e+00 4.000000000000000000e+02 -1.820138556410276109e+00 -1.373035284310185844e+01 1.639999999999999902e+00
-7.746273162343908503e+00 1.475547071988348724e-01 -5.920000000000225526e+00 4.000000000000000000e+02 -1.817513806376074958e+00 -1.373022809306765701e+01 2.550000000000000044e-01
-7.743757484605613861e+00 1.448965081359407381e-01 -5.922500000000225917e+00 4.000000000000000000e+02 -1.812805673134056494e+00 -1.372801995982563916e+01 1.280000000000000027e+00
-7.741242579459298057e+00 1.443942562900210058e-01 -5.925000000000226308e+00 4.000000000000000000e+02 -1.812203188968853684e+00 -1.372991747566043763e+01 1.389999999999999902e+00
-7.738738732837086687e+00 1.421814618980130063e-01 -5.927500000000226699e+00 4.000000000000000000e+02 -1.803691139018334777e+00 -1.372390542570991911e+01 1.415000000000000036e+00
-7.736226097831393034e+00 1.429080031359920566e-01 -5.930000000000227089e+00 4.000000000000000000e+02 -1.803654303830418026e+00 -1.372636859052200187e+01 1.209999999999999964e+00
-7.733725918564141821e+00 1.431249885096119168e-01 -5.932500000000227480e+00 4.000000000000000000e+02 -1.803340308465356312e+00 -1.372855459515694143e+01 2.149999999999999967e-01
-7.731237413655343893e+00 1.444716619361872956e-01 -5.935000000000227871e+00 4.000000000000000000e+02 -1.802728933177561110e+00 -1.373044321986914795e+01 1.885000000000000009e+00
-7.728759763997594234e+00 1.436531985416468482e-01 -5.937500000000228262e+00 4.000000000000000000e+02 -1.799461014304305939e+00 -1.372967530099589162e+01 6.600000000000000311e-01
-7.726286341604436281e+00 1.449334681399647717e-01 -5.940000000000228653e+00 4.000000000000000000e+02 -1.797939362645455175e+00 -1.373065364933703947e+01 1.300000000000000044e+00
-7.723821431684643635e+00 1.429243801053914908e-01 -5.942500000000229043e+00 4.000000000000000000e+02 -1.796540536043956582e+00 -1.373175482273554238e+01 3.649999999999999911e-01
-7.721365285417745916e+00 1.451888535462135810e-01 -5.945000000000229434e+00 4.000000000000000000e+02 -1.793587048951151841e+00 -1.373130133564273869e+01 6.850000000000000533e-01
-7.718914047034975745e+00 1.460513563490779820e-01 -5.947500000000229825e+00 4.000000000000000000e+02 -1.790225491499890742e+00 -1.373043977819147798e+01 1.360000000000000098e+00
-7.716466697482915471e+00 1.470400834054701178e-01 -5.950000000000230216e+00 4.000000000000000000e+02 -1.788900106654439437e+00 -1.373161439334602640e+01 5.849999999999999645e-01
-7.714028185331568643e+00 1.476792295520526488e-01 -5.952500000000230607e+00 4.000000000000000000e+02 -1.781493979936190186e+00 -1.372670826662777799e+01 1.239999999999999991e+00
-7.711583655799643111e+00 1.465268940153135191e-01 -5.955000000000230997e+00 4.000000000000000000e+02 -1.778893273097404748e+00 -1.372660755978899338e+01 1.314999999999999947e+00
-7.709144842129446396e+00 1.468129373563180629e-01 -5.957500000000231388e+00 4.000000000000000000e+02 -1.777149201588607230e+00 -1.372736348828019537e+01 4.799999999999999822e-01
-7.706713797959808154e+00 1.469104296090462669e-01 -5.960000000000231779e+00 4.000000000000000000e+02 -1.776431334056469691e+00 -1.372914562074805822e+01 2.650000000000000133e-01
-7.704292962300853809e+00 1.469226680736863411e-01 -5.962500000000232170e+00 4.000000000000000000e+02 -1.774837794470165653e+00 -1.373005208116175524e+01 1.074999999999999956e+00
-7.701880158399903920e+00 1.469930779853839686e-01 -5.965000000000232561e+00 4.000000000000000000e+02 -1.772667154426382119e+00 -1.373038144111797365e+01 9.000000000000000222e-01
-7.699473953796592163e+00 1.468969392260119633e-01 -5.967500000000232951e+00 4.000000000000000000e+02 -1.771700055853063782e+00 -1.373191434254465371e+01 5.000000000000000278e-02
-7.697077197517654845e+00 1.464169693185401744e-01 -5.970000000000233342e+00 4.000000000000000000e+02 -1.767580453535652740e+00 -1.373029474022724195e+01 1.409999999999999920e+00
-7.694682300935980379e+00 1.456818126920055301e-01 -5.972500000000233733e+00 4.000000000000000000e+02 -1.766289589540895211e+00 -1.373150387623248569e+01 4.550000000000000155e-01
-7.692296009832922721e+00 1.464313574248246874e-01 -5.975000000000234124e+00 4.000000000000000000e+02 -1.765718235668838121e+00 -1.373343252236043099e+01 1.125000000000000000e+00
-7.689919981046720920e+00 1.460204959143378001e-01 -5.977500000000234515e+00 4.000000000000000000e+02 -1.765355219179870261e+00 -1.373556950587146197e+01 1.399999999999999911e+00
-7.687554638504114024e+00 1.466401056259395708e-01 -5.980000000000234905e+00 4.000000000000000000e+02 -1.764315654607489625e+00 -1.373702994129908106e+01 1.899999999999999911e+00
-7.685198317315930616e+00 1.467137760623467013e-01 -5.982500000000235296e+00 4.000000000000000000e+02 -1.764243718191901289e+00 -1.373945800488349356e+01 1.594999999999999973e+00
-7.682853229572593534e+00 1.462163893027756956e-01 -5.985000000000235687e+00 4.000000000000000000e+02 -1.758706749866763674e+00 -1.373642103655835811e+01 1.074999999999999956e+00
-7.680506520650121516e+00 1.438247340041125533e-01 -5.987500000000236078e+00 4.000000000000000000e+02 -1.757584747143797310e+00 -1.373779903383539036e+01 9.499999999999999556e-01
-7.678168526079646838e+00 1.414149718402843980e-01 -5.990000000000236469e+00 4.000000000000000000e+02 -1.756448303497833541e+00 -1.373916259018942654e+01 1.905000000000000027e+00
-7.675839159664932687e+00 1.401880964525878126e-01 -5.992500000000236859e+00 4.000000000000000000e+02 -1.754652288787958314e+00 -1.373986657547955303e+01 1.739999999999999991e+00
-7.673516840146392681e+00 1.397185938874369870e-01 -5.995000000000237250e+00 4.000000000000000000e+02 -1.752833662177993634e+00 -1.374054794886958852e+01 6.400000000000000133e-01
-7.671201477639719712e+00 1.403529592589816966e-01 -5.997500000000237641e+00 4.000000000000000000e+02 -1.752561373274054146e+00 -1.374277565996564832e+01 8.549999999999999822e-01
-7.668896598051939684e+00 1.403055002432591070e-01 -6.000000000000238032e+00 4.000000000000000000e+02 -1.747074665138433458e+00 -1.373978895183002713e+01 1.199999999999999956e-01
-7.666590148207133026e+00 1.403212406119796751e-01 -6.002500000000238423e+00 4.000000000000000000e+02 -1.746031904914690180e+00 -1.374124619160628669e+01 1.895000000000000018e+00
-7.664292352861370894e+00 1.421017346123148173e-01 -6.005000000000238813e+00 4.000000000000000000e+02 -1.744740747596201569e+00 -1.374245503428779891e+01 1.574999999999999956e+00
-7.662002591739489610e+00 1.416717820922227811e-01 -6.007500000000239204e+00 4.000000000000000000e+02 -1.744382786872239466e+00 -1.374459707356383653e+01 1.905000000000000027e+00
-7.659722944396323285e+00 1.383198152287115901e-01 -6.010000000000239595e+00 4.000000000000000000e+02 -1.744270322726188871e+00 -1.374698460941778499e+01 5.999999999999999778e-02
-7.657453899761653915e+00 1.384152620664943767e-01 -6.012500000000239986e+00 4.000000000000000000e+02 -1.738677746325651086e+00 -1.374389203301724827e+01 8.249999999999999556e-01
-7.655182987848016651e+00 1.402174944476184681e-01 -6.015000000000240377e+00 4.000000000000000000e+02 -1.738333556753615783e+00 -1.374604784344521491e+01 1.310000000000000053e+00
-7.652922095083071419e+00 1.408630825211703297e-01 -6.017500000000240767e+00 4.000000000000000000e+02 -1.737170640657423881e+00 -1.374738492734902096e+01 1.064999999999999947e+00
-7.650669313201515997e+00 1.424268754042295193e-01 -6.020000000000241158e+00 4.000000000000000000e+02 -1.734611655360329463e+00 -1.374732594205192626e+01 5.250000000000000222e-01
-7.648421462503734780e+00 1.452979240665474014e-01 -6.022500000000241549e+00 4.000000000000000000e+02 -1.732374114134763499e+00 -1.374758840082636269e+01 1.459999999999999964e+00
-7.646179241216642275e+00 1.458221475380665211e-01 -6.025000000000241940e+00 4.000000000000000000e+02 -1.729006114034214558e+00 -1.374672040072581503e+01 1.715000000000000080e+00
-7.643940095676510893e+00 1.465119243898972134e-01 -6.027500000000242331e+00 4.000000000000000000e+02 -1.728164009757419350e+00 -1.374837829644901888e+01 1.049999999999999961e-01
-7.641709649492820056e+00 1.471132162348522399e-01 -6.030000000000242721e+00 4.000000000000000000e+02 -1.725817297890696045e+00 -1.374853158458229530e+01 1.650000000000000078e-01
-7.639484507864485963e+00 1.467447586046069230e-01 -6.032500000000243112e+00 4.000000000000000000e+02 -1.724378240920303451e+00 -1.374959252761190420e+01 6.250000000000000000e-01
-7.637266658149972187e+00 1.469147591198280423e-01 -6.035000000000243503e+00 4.000000000000000000e+02 -1.719197545666498739e+00 -1.374691183235809966e+01 6.099999999999999867e-01
-7.635047782814297967e+00 1.469394656796862986e-01 -6.037500000000243894e+00 4.000000000000000000e+02 -1.715390447357688197e+00 -1.374560473404928906e+01 8.149999999999999467e-01
-7.632830927436339508e+00 1.469374470372701302e-01 -6.040000000000244285e+00 4.000000000000000000e+02 -1.712470248816541085e+00 -1.374518453550814101e+01 4.450000000000000067e-01
-7.630618047011249239e+00 1.460607116700626817e-01 -6.042500000000244675e+00 4.000000000000000000e+02 -1.708023446782189980e+00 -1.374323773347379252e+01 1.705000000000000071e+00
-7.628405754656763627e+00 1.461871229147688467e-01 -6.045000000000245066e+00 4.000000000000000000e+02 -1.705132469765165748e+00 -1.374284675645676934e+01 1.229999999999999982e+00
-7.626197483475652739e+00 1.459522204405350465e-01 -6.047500000000245457e+00 4.000000000000000000e+02 -1.701616923248114199e+00 -1.374183120993971663e+01 1.784999999999999920e+00
-7.623991841683124271e+00 1.458268186544063039e-01 -6.050000000000245848e+00 4.000000000000000000e+02 -1.699586810838160877e+00 -1.374230109752976325e+01 1.350000000000000089e-01
-7.621792086785328380e+00 1.460379501621736908e-01 -6.052500000000246239e+00 4.000000000000000000e+02 -1.684785782852704417e+00 -1.373000006954430852e+01 2.349999999999999867e-01
-7.619570023751278676e+00 1.464624987976455295e-01 -6.055000000000246629e+00 4.000000000000000000e+02 -1.684240731211338327e+00 -1.373195501790294237e+01 1.820000000000000062e+00
-7.617357212701954872e+00 1.463594051073318081e-01 -6.057500000000247020e+00 4.000000000000000000e+02 -1.676409098960208732e+00 -1.372662338565181273e+01 4.749999999999999778e-01
-7.615137497183183335e+00 1.475234385971842255e-01 -6.060000000000247411e+00 4.000000000000000000e+02 -1.674968221259250489e+00 -1.372768250795085443e+01 2.800000000000000266e-01
-7.612925039800686022e+00 1.481776325934109628e-01 -6.062500000000247802e+00 4.000000000000000000e+02 -1.673467582730266967e+00 -1.372868186942187130e+01 1.215000000000000080e+00
-7.610719669213749761e+00 1.488269541406730401e-01 -6.065000000000248193e+00 4.000000000000000000e+02 -1.671608000408239425e+00 -1.372932228709984592e+01 1.290000000000000036e+00
-7.608520558836943337e+00 1.487284548033566134e-01 -6.067500000000248583e+00 4.000000000000000000e+02 -1.667238656621415016e+00 -1.372745294331302013e+01 9.200000000000000400e-01
-7.606322172737296050e+00 1.493939325435134358e-01 -6.070000000000248974e+00 4.000000000000000000e+02 -1.664894101679093463e+00 -1.372760838837069919e+01 1.544999999999999929e+00
-7.604128949518279335e+00 1.506244948876597212e-01 -6.072500000000249365e+00 4.000000000000000000e+02 -1.661368849712493656e+00 -1.372658313640410022e+01 1.050000000000000044e+00
-7.601938283623422166e+00 1.509593487169374748e-01 -6.075000000000249756e+00 4.000000000000000000e+02 -1.660836267311591508e+00 -1.372855055400319912e+01 5.100000000000000089e-01
-7.599756697880400758e+00 1.544737338410294980e-01 -6.077500000000250147e+00 4.000000000000000000e+02 -1.655206455972122237e+00 -1.372542074266372936e+01 1.780000000000000027e+00
-7.597573044778878959e+00 1.536136118414606344e-01 -6.080000000000250537e+00 4.000000000000000000e+02 -1.653507661448159416e+00 -1.372622194813976648e+01 1.465000000000000080e+00
-7.595395892775720803e+00 1.524614553059519817e-01 -6.082500000000250928e+00 4.000000000000000000e+02 -1.648451705042077275e+00 -1.372366599173368584e+01 1.549999999999999989e-01
-7.593217916799198441e+00 1.530650103341621160e-01 -6.085000000000251319e+00 4.000000000000000000e+02 -1.648433582316070067e+00 -1.372614786900767925e+01 1.054999999999999938e+00
-7.591050055293929510e+00 1.520981987602297580e-01 -6.087500000000251710e+00 4.000000000000000000e+02 -1.647479880547764841e+00 -1.372769416723937397e+01 1.939999999999999947e+00
-7.588890221965397309e+00 1.540394033743568702e-01 -6.090000000000252101e+00 4.000000000000000000e+02 -1.646901534285559521e+00 -1.372961582097716793e+01 3.549999999999999822e-01
-7.586739176548306318e+00 1.535097687201293915e-01 -6.092500000000252491e+00 4.000000000000000000e+02 -1.643459248557071595e+00 -1.372867353524868150e+01 1.700000000000000122e-01
-7.584590726867988408e+00 1.558959852200283158e-01 -6.095000000000252882e+00 4.000000000000000000e+02 -1.641863447496913375e+00 -1.372957773418852412e+01 1.364999999999999991e+00
-7.582448818641370991e+00 1.558415652202853052e-01 -6.097500000000253273e+00 4.000000000000000000e+02 -1.641306568467872706e+00 -1.373152085515948251e+01 1.415000000000000036e+00
-7.580315633018440025e+00 1.578944657809297769e-01 -6.100000000000253664e+00 4.000000000000000000e+02 -1.633175720134900866e+00 -1.372589000682651061e+01 1.199999999999999956e+00
-7.578174981162322688e+00 1.578460070938197957e-01 -6.102500000000254055e+00 4.000000000000000000e+02 -1.630450498913513346e+00 -1.372566478560512415e+01 6.350000000000000089e-01
-7.576038421279037038e+00 1.576039892367064876e-01 -6.105000000000254445e+00 4.000000000000000000e+02 -1.630331053262529473e+00 -1.372804533995414289e+01 8.449999999999999734e-01
-7.573911480482840908e+00 1.574208070778986002e-01 -6.107500000000254836e+00 4.000000000000000000e+02 -1.630015838583534604e+00 -1.373023012527514730e+01 3.150000000000000022e-01
-7.571793681047066293e+00 1.555909317673855596e-01 -6.110000000000255227e+00 4.000000000000000000e+02 -1.628237353944183008e+00 -1.373095164063579432e+01 7.099999999999999645e-01
-7.569681879846334560e+00 1.561784648067326420e-01 -6.112500000000255618e+00 4.000000000000000000e+02 -1.625480764030861280e+00 -1.373069505072247409e+01 8.599999999999999867e-01
-7.567573988728605983e+00 1.559099021234726379e-01 -6.115000000000256009e+00 4.000000000000000000e+02 -1.623127105577975904e+00 -1.373084139226958911e+01 1.689999999999999947e+00
-7.565470838948603394e+00 1.565066339079890512e-01 -6.117500000000256399e+00 4.000000000000000000e+02 -1.622318643437311358e+00 -1.373253293012892584e+01 3.350000000000000200e-01
-7.563375646502921157e+00 1.568213176980146339e-01 -6.120000000000256790e+00 4.000000000000000000e+02 -1.619561953041197544e+00 -1.373227623973281020e+01 4.249999999999999889e-01
-7.561284298512599200e+00 1.550817903398721553e-01 -6.122500000000257181e+00 4.000000000000000000e+02 -1.615776379302231724e+00 -1.373099066599384699e+01 8.549999999999999822e-01
-7.559194633239123995e+00 1.552865173317374281e-01 -6.125000000000257572e+00 4.000000000000000000e+02 -1.613845493647133145e+00 -1.373155978033874902e+01 9.050000000000000266e-01
-7.557110510767652833e+00 1.548049494281308891e-01 -6.127500000000257963e+00 4.000000000000000000e+02 -1.609282917446485328e+00 -1.372949720413810049e+01 1.300000000000000044e-01
-7.555026433154005794e+00 1.543833738995305793e-01 -6.130000000000258353e+00 4.000000000000000000e+02 -1.607631903917948524e+00 -1.373034619060956274e+01 1.574999999999999956e+00
-7.552948452980428939e+00 1.539229865555708510e-01 -6.132500000000258744e+00 4.000000000000000000e+02 -1.581327316997149124e+00 -1.370654160368876440e+01 1.935000000000000053e+00
-7.550824879754534535e+00 1.535796140544116173e-01 -6.135000000000259135e+00 4.000000000000000000e+02 -1.580805914495803544e+00 -1.370852020118742054e+01 1.544999999999999929e+00
-7.548709990759112642e+00 1.539763562008188424e-01 -6.137500000000259526e+00 4.000000000000000000e+02 -1.579823678817345201e+00 -1.371003796550896148e+01 1.195000000000000062e+00
-7.546602762410688392e+00 1.541475419977291206e-01 -6.140000000000259917e+00 4.000000000000000000e+02 -1.577361995502227998e+00 -1.371007628219384422e+01 1.830000000000000071e+00
-7.544500045623951934e+00 1.538897026100833065e-01 -6.142500000000260307e+00 4.000000000000000000e+02 -1.573725109020919000e+00 -1.370893939571253739e+01 1.455000000000000071e+00
-7.542399356593803006e+00 1.542063078547704358e-01 -6.145000000000260698e+00 4.000000000000000000e+02 -1.573372197713953424e+00 -1.371108648440557154e+01 1.695000000000000062e+00
-7.540307562591999968e+00 1.546846284842921249e-01 -6.147500000000261089e+00 4.000000000000000000e+02 -1.559507361734788988e+00 -1.369972164842640794e+01 1.635000000000000009e+00
-7.538196301639216834e+00 1.551772462512905348e-01 -6.150000000000261480e+00 4.000000000000000000e+02 -1.553288227639805452e+00 -1.369600251433142368e+01 1.100000000000000006e-01
-7.536081646905717690e+00 1.548941686740983592e-01 -6.152500000000261871e+00 4.000000000000000000e+02 -1.550504793485731891e+00 -1.369571908017735140e+01 2.250000000000000056e-01
-7.533970856947742156e+00 1.547285577574768201e-01 -6.155000000000262261e+00 4.000000000000000000e+02 -1.547560302571055368e+00 -1.369527458926267549e+01 1.049999999999999961e-01
-7.531863577568140400e+00 1.521374747887601908e-01 -6.157500000000262652e+00 4.000000000000000000e+02 -1.540514154729505814e+00 -1.369072844142112544e+01 1.889999999999999902e+00
-7.529751157970153486e+00 1.513076523923144179e-01 -6.160000000000263043e+00 4.000000000000000000e+02 -1.540423727961950817e+00 -1.369313801465357017e+01 1.860000000000000098e+00
-7.527648259139043674e+00 1.501981259879359432e-01 -6.162500000000263434e+00 4.000000000000000000e+02 -1.538315394188143559e+00 -1.369352968087976485e+01 5.899999999999999689e-01
-7.525550594097015100e+00 1.509451000691960365e-01 -6.165000000000263825e+00 4.000000000000000000e+02 -1.536730867803647760e+00 -1.369444515449526989e+01 5.000000000000000278e-02
-7.523459233503088761e+00 1.508975563490851102e-01 -6.167500000000264215e+00 4.000000000000000000e+02 -1.535364061651045775e+00 -1.369557834834266785e+01 9.500000000000000111e-02
-7.521374598741327411e+00 1.505751609369834765e-01 -6.170000000000264606e+00 4.000000000000000000e+02 -1.532807966327619065e+00 -1.369552225301923976e+01 4.349999999999999978e-01
-7.519294184065902442e+00 1.489067414208512796e-01 -6.172500000000264997e+00 4.000000000000000000e+02 -1.526695633213645209e+00 -1.369190991990526740e+01 9.849999999999999867e-01
-7.517210583242982302e+00 1.479329107833150247e-01 -6.175000000000265388e+00 4.000000000000000000e+02 -1.524656185360679483e+00 -1.369237047205230340e+01 1.739999999999999991e+00
-7.515132271183972534e+00 1.484928919606589293e-01 -6.177500000000265779e+00 4.000000000000000000e+02 -1.524496744096025092e+00 -1.369471103078764784e+01 2.049999999999999878e-01
-7.513063113182433916e+00 1.473008815457702847e-01 -6.180000000000266169e+00 4.000000000000000000e+02 -1.521813011234376845e+00 -1.369452729792599932e+01 2.800000000000000266e-01
-7.510997848725987858e+00 1.473965819268394095e-01 -6.182500000000266560e+00 4.000000000000000000e+02 -1.521497369364884333e+00 -1.369671165605650742e+01 1.754999999999999893e+00
-7.508941333242535876e+00 1.473637206086747531e-01 -6.185000000000266951e+00 4.000000000000000000e+02 -1.520563197515659715e+00 -1.369827748420728497e+01 1.284999999999999920e+00
-7.506892246075752340e+00 1.472255751753868969e-01 -6.187500000000267342e+00 4.000000000000000000e+02 -1.520413731494259846e+00 -1.370062801818588483e+01 1.985000000000000098e+00
-7.504852145143984465e+00 1.464774902776069532e-01 -6.190000000000267733e+00 4.000000000000000000e+02 -1.518292351056593326e+00 -1.370100663774821825e+01 1.514999999999999902e+00
-7.502816967671698478e+00 1.463551427115822035e-01 -6.192500000000268123e+00 4.000000000000000000e+02 -1.514295585618377293e+00 -1.369950987231000283e+01 1.419999999999999929e+00
-7.500782884555139418e+00 1.455532746765593743e-01 -6.195000000000268514e+00 4.000000000000000000e+02 -1.512636601811343962e+00 -1.370035088850297100e+01 1.465000000000000080e+00
-7.498754635312261385e+00 1.447589331102248911e-01 -6.197500000000268905e+00 4.000000000000000000e+02 -1.510586673160546622e+00 -1.370080095985217206e+01 1.090000000000000080e+00
-7.496731401422239927e+00 1.439741660027536452e-01 -6.200000000000269296e+00 4.000000000000000000e+02 -1.510116054532258500e+00 -1.370283034122388344e+01 1.824999999999999956e+00
-7.494716342089833283e+00 1.446009254326820759e-01 -6.202500000000269686e+00 4.000000000000000000e+02 -1.509327705678733089e+00 -1.370454199237035908e+01 1.939999999999999947e+00
-7.492708770805675655e+00 1.437150724350207687e-01 -6.205000000000270077e+00 4.000000000000000000e+02 -1.508743128340328976e+00 -1.370645741503195758e+01 8.649999999999999911e-01
-7.490709051929639983e+00 1.430816110719103085e-01 -6.207500000000270468e+00 4.000000000000000000e+02 -1.508513026414679103e+00 -1.370872731310630677e+01 2.500000000000000000e-01
-7.488717844409322311e+00 1.450056135203992569e-01 -6.210000000000270859e+00 4.000000000000000000e+02 -1.508502815738436587e+00 -1.371121710243006397e+01 7.149999999999999689e-01
-7.486735530704320851e+00 1.433676112897763200e-01 -6.212500000000271250e+00 4.000000000000000000e+02 -1.507651725321164760e+00 -1.371286601201279254e+01 6.550000000000000266e-01
-7.484760395078470019e+00 1.432335373240737897e-01 -6.215000000000271640e+00 4.000000000000000000e+02 -1.506756232639983928e+00 -1.371447051933161276e+01 1.750000000000000000e+00
-7.482792310153016935e+00 1.434328903249831866e-01 -6.217500000000272031e+00 4.000000000000000000e+02 -1.505175379301999961e+00 -1.371538966599363008e+01 8.900000000000000133e-01
-7.480829893785484686e+00 1.438689758573800659e-01 -6.220000000000272422e+00 4.000000000000000000e+02 -1.504389083750145684e+00 -1.371710337044177486e+01 9.449999999999999512e-01
-7.478874671218904702e+00 1.423566463432555940e-01 -6.222500000000272813e+00 4.000000000000000000e+02 -1.504140580441535979e+00 -1.371935486713316621e+01 1.090000000000000080e+00
-7.476927648463508547e+00 1.431471894118430677e-01 -6.225000000000273204e+00 4.000000000000000000e+02 -1.500730572975520483e+00 -1.371844485966715155e+01 9.150000000000000355e-01
-7.474982641792641935e+00 1.419724956203377852e-01 -6.227500000000273594e+00 4.000000000000000000e+02 -1.496029060896069129e+00 -1.371624334758769947e+01 1.360000000000000098e+00
-7.473037136638112088e+00 1.413079910443359732e-01 -6.230000000000273985e+00 4.000000000000000000e+02 -1.495171126646743565e+00 -1.371788541333837408e+01 7.600000000000000089e-01
-7.471098591867576744e+00 1.413067087719634130e-01 -6.232500000000274376e+00 4.000000000000000000e+02 -1.492662319291660822e+00 -1.371787660598329239e+01 5.550000000000000488e-01
-7.469163780759148885e+00 1.403219029265278806e-01 -6.235000000000274767e+00 4.000000000000000000e+02 -1.485429975969507099e+00 -1.371314426266114062e+01 1.179999999999999938e+00
-7.467223554631041260e+00 1.398688780309284285e-01 -6.237500000000275158e+00 4.000000000000000000e+02 -1.482873636694258090e+00 -1.371308792338589022e+01 5.699999999999999512e-01
-7.465286976694986976e+00 1.396364038802979102e-01 -6.240000000000275548e+00 4.000000000000000000e+02 -1.482686329456805341e+00 -1.371540061614843786e+01 1.919999999999999929e+00
-7.463358602431425126e+00 1.399201948887034974e-01 -6.242500000000275939e+00 4.000000000000000000e+02 -1.482176042034481167e+00 -1.371739032872611475e+01 4.849999999999999867e-01
-7.461437761685725256e+00 1.392536829823851630e-01 -6.245000000000276330e+00 4.000000000000000000e+02 -1.481395669031917883e+00 -1.371910995572355318e+01 1.570000000000000062e+00
-7.459523894310600589e+00 1.386424682239002781e-01 -6.247500000000276721e+00 4.000000000000000000e+02 -1.479976348506055972e+00 -1.372019063519769055e+01 4.000000000000000222e-01
-7.457615744072124464e+00 1.397955663443236352e-01 -6.250000000000277112e+00 4.000000000000000000e+02 -1.474909389893834355e+00 -1.371762367658546822e+01 3.300000000000000155e-01
-7.455706337513900550e+00 1.397482999926880354e-01 -6.252500000000277502e+00 4.000000000000000000e+02 -1.464835049138780709e+00 -1.371004933583041563e+01 1.570000000000000062e+00
-7.453786094005533158e+00 1.402402677996594793e-01 -6.255000000000277893e+00 4.000000000000000000e+02 -1.462219818215710676e+00 -1.370993410490734732e+01 1.919999999999999929e+00
-7.451869310117872125e+00 1.398834229609744462e-01 -6.257500000000278284e+00 4.000000000000000000e+02 -1.460906383282387422e+00 -1.371112066997402223e+01 5.500000000000000028e-02
-7.449958459788097898e+00 1.392121691549526863e-01 -6.260000000000278675e+00 4.000000000000000000e+02 -1.459711046436403148e+00 -1.371242533312803857e+01 1.560000000000000053e+00
-7.448053738116718669e+00 1.397183011594191060e-01 -6.262500000000279066e+00 4.000000000000000000e+02 -1.459328633991315183e+00 -1.371454292068295189e+01 1.689999999999999947e+00
-7.446156655189364315e+00 1.393720175926640159e-01 -6.265000000000279456e+00 4.000000000000000000e+02 -1.458305462873653147e+00 -1.371601974956529091e+01 6.400000000000000133e-01
-7.444265956030333697e+00 1.391071571626103787e-01 -6.267500000000279847e+00 4.000000000000000000e+02 -1.456221953828024107e+00 -1.371643624051966093e+01 1.310000000000000053e+00
-7.442379609938379659e+00 1.385763420777501864e-01 -6.270000000000280238e+00 4.000000000000000000e+02 -1.450793594508016149e+00 -1.371350788119965358e+01 7.650000000000000133e-01
-7.440491299080028931e+00 1.392631076499921128e-01 -6.272500000000280629e+00 4.000000000000000000e+02 -1.449289888789454750e+00 -1.371450417548109257e+01 1.049999999999999961e-01
-7.438608422286729471e+00 1.389767104742799242e-01 -6.275000000000281020e+00 4.000000000000000000e+02 -1.447568433145253186e+00 -1.371528271983689251e+01 6.999999999999999556e-01
-7.436730545263157133e+00 1.395179778862071507e-01 -6.277500000000281410e+00 4.000000000000000000e+02 -1.444123121628179351e+00 -1.371433740831981751e+01 2.099999999999999922e-01
-7.434854417025616335e+00 1.396087953593769804e-01 -6.280000000000281801e+00 4.000000000000000000e+02 -1.441552392278065087e+00 -1.371426667896970386e+01 1.705000000000000071e+00
-7.432981669725353235e+00 1.391268547692636193e-01 -6.282500000000282192e+00 4.000000000000000000e+02 -1.441144629484857997e+00 -1.371635891617649783e+01 4.349999999999999978e-01
-7.431116326230274183e+00 1.388041298507668719e-01 -6.285000000000282583e+00 4.000000000000000000e+02 -1.440209888762652435e+00 -1.371792417545429288e+01 5.999999999999999778e-02
-7.429257365089550369e+00 1.392051132625189702e-01 -6.287500000000282974e+00 4.000000000000000000e+02 -1.439378835526460954e+00 -1.371959312221810023e+01 1.465000000000000080e+00
-7.427404944577819634e+00 1.384741131758238930e-01 -6.290000000000283364e+00 4.000000000000000000e+02 -1.438287352366762084e+00 -1.372100163905840198e+01 1.879999999999999893e+00
-7.425558549290791177e+00 1.390508738129202226e-01 -6.292500000000283755e+00 4.000000000000000000e+02 -1.437435465009932356e+00 -1.372264975170157264e+01 2.800000000000000266e-01
-7.423718589064212559e+00 1.383967213656368822e-01 -6.295000000000284146e+00 4.000000000000000000e+02 -1.431322936202856555e+00 -1.371903722289449945e+01 3.950000000000000178e-01
-7.421875367496273412e+00 1.388477513255761131e-01 -6.297500000000284537e+00 4.000000000000000000e+02 -1.430176885964009381e+00 -1.372039117265565089e+01 1.499999999999999944e-01
-7.420038024211038419e+00 1.385262870226034448e-01 -6.300000000000284928e+00 4.000000000000000000e+02 -1.430000506377050451e+00 -1.372271479306869146e+01 7.299999999999999822e-01
-7.418208303185600094e+00 1.382683993391236044e-01 -6.302500000000285318e+00 4.000000000000000000e+02 -1.426527242130980477e+00 -1.372174152882262277e+01 1.449999999999999900e-01
-7.416380147135318346e+00 1.376971031264525858e-01 -6.305000000000285709e+00 4.000000000000000000e+02 -1.423608329828074837e+00 -1.372132261651971774e+01 1.799999999999999933e-01
-7.414554563239486917e+00 1.376928653934245406e-01 -6.307500000000286100e+00 4.000000000000000000e+02 -1.421354346377558864e+00 -1.372156863306920194e+01 6.600000000000000311e-01
-7.412732753870222346e+00 1.366005178785075491e-01 -6.310000000000286491e+00 4.000000000000000000e+02 -1.421150452438882050e+00 -1.372386473913052463e+01 1.965000000000000080e+00
-7.410918424345139144e+00 1.361419726957752985e-01 -6.312500000000286882e+00 4.000000000000000000e+02 -1.418383647028834238e+00 -1.372359793372047854e+01 1.219999999999999973e+00
-7.409106897827736127e+00 1.360607852481822977e-01 -6.315000000000287272e+00 4.000000000000000000e+02 -1.415893359561409381e+00 -1.372360764625305407e+01 1.260000000000000009e+00
-7.407298664552282474e+00 1.360959902291233037e-01 -6.317500000000287663e+00 4.000000000000000000e+02 -1.415615209147036868e+00 -1.372582949583868128e+01 1.145000000000000018e+00
-7.405497697397217749e+00 1.360216488200872154e-01 -6.320000000000288054e+00 4.000000000000000000e+02 -1.411599908563457184e+00 -1.372431419525510066e+01 8.649999999999999911e-01
-7.403697244181986825e+00 1.371053501635801364e-01 -6.322500000000288445e+00 4.000000000000000000e+02 -1.411427564470554952e+00 -1.372664185116220104e+01 1.784999999999999920e+00
-7.401904201468517464e+00 1.374571409085657558e-01 -6.325000000000288836e+00 4.000000000000000000e+02 -1.409522652665693654e+00 -1.372723693935733991e+01 1.725000000000000089e+00
-7.400115431843905078e+00 1.371869448566719885e-01 -6.327500000000289226e+00 4.000000000000000000e+02 -1.408677562260329363e+00 -1.372889184895197623e+01 9.200000000000000400e-01
-7.398332806096060033e+00 1.370591449362553726e-01 -6.330000000000289617e+00 4.000000000000000000e+02 -1.406688713522568523e+00 -1.372940300021421400e+01 3.300000000000000155e-01
-7.396554260978326134e+00 1.371654282245327872e-01 -6.332500000000290008e+00 4.000000000000000000e+02 -1.405458520884929952e+00 -1.373067280757657649e+01 1.199999999999999956e+00
-7.394781124441390574e+00 1.379841421446262317e-01 -6.335000000000290399e+00 4.000000000000000000e+02 -1.405134451549993280e+00 -1.373284873824164265e+01 1.955000000000000071e+00
-7.393014970164148991e+00 1.381879347207100317e-01 -6.337500000000290790e+00 4.000000000000000000e+02 -1.404041019263372103e+00 -1.373425530595502053e+01 1.774999999999999911e+00
-7.391254405601649147e+00 1.379885618344227349e-01 -6.340000000000291180e+00 4.000000000000000000e+02 -1.403960056424670810e+00 -1.373667434311631830e+01 1.760000000000000009e+00
-7.389501177708220681e+00 1.386783361476211784e-01 -6.342500000000291571e+00 4.000000000000000000e+02 -1.403518060070536588e+00 -1.373873234676218580e+01 1.465000000000000080e+00
-7.387754613234418954e+00 1.401611286144687774e-01 -6.345000000000291962e+00 4.000000000000000000e+02 -1.401742554134137952e+00 -1.373945684082578822e+01 9.449999999999999512e-01
-7.386012355542836971e+00 1.387095032112007631e-01 -6.347500000000292353e+00 4.000000000000000000e+02 -1.399287689128504431e+00 -1.373950197582015420e+01 1.969999999999999973e+00
-7.384273206464555983e+00 1.385405517555126365e-01 -6.350000000000292744e+00 4.000000000000000000e+02 -1.396934556566664432e+00 -1.373964884325831370e+01 1.284999999999999920e+00
-7.382537331516416224e+00 1.382407598502453372e-01 -6.352500000000293134e+00 4.000000000000000000e+02 -1.395935601667637416e+00 -1.374114988835928841e+01 1.239999999999999991e+00
-7.380807061522121515e+00 1.371521953335816113e-01 -6.355000000000293525e+00 4.000000000000000000e+02 -1.395139770067525653e+00 -1.374285405675917815e+01 4.699999999999999734e-01
-7.379082718728888324e+00 1.383580063541348659e-01 -6.357500000000293916e+00 4.000000000000000000e+02 -1.394495701792223263e+00 -1.374470998848387460e+01 1.294999999999999929e+00
-7.377364533226573151e+00 1.396624856617197097e-01 -6.360000000000294307e+00 4.000000000000000000e+02 -1.388733942072037264e+00 -1.374144822876368721e+01 1.675000000000000044e+00
-7.375643695811879397e+00 1.403895746837134639e-01 -6.362500000000294698e+00 4.000000000000000000e+02 -1.387317924106526323e+00 -1.374253221079817777e+01 5.899999999999999689e-01
-7.373927674139697075e+00 1.402884657270300484e-01 -6.365000000000295088e+00 4.000000000000000000e+02 -1.386955028081113594e+00 -1.374466931477276610e+01 2.999999999999999889e-02
-7.372218246155135546e+00 1.412811872020154069e-01 -6.367500000000295479e+00 4.000000000000000000e+02 -1.385970821875693648e+00 -1.374618510856734588e+01 1.985000000000000098e+00
-7.370514317886819988e+00 1.416927508045570105e-01 -6.370000000000295870e+00 4.000000000000000000e+02 -1.378652039468816870e+00 -1.374136632616046860e+01 5.000000000000000000e-01
-7.368805078396244213e+00 1.412808793084447401e-01 -6.372500000000296261e+00 4.000000000000000000e+02 -1.377994154798626525e+00 -1.374320844149027998e+01 1.715000000000000080e+00
-7.367101893098588761e+00 1.408068998778337633e-01 -6.375000000000296652e+00 4.000000000000000000e+02 -1.375209620981562297e+00 -1.374292390767321770e+01 4.600000000000000200e-01
-7.365401120262091261e+00 1.401627573608421884e-01 -6.377500000000297042e+00 4.000000000000000000e+02 -1.375063330683437668e+00 -1.374527761737509124e+01 1.760000000000000009e+00
-7.363707223393650025e+00 1.406617778651142459e-01 -6.380000000000297433e+00 4.000000000000000000e+02 -1.374137201865094138e+00 -1.374685148855674832e+01 1.770000000000000018e+00
-7.362018848090597700e+00 1.401615618559247101e-01 -6.382500000000297824e+00 4.000000000000000000e+02 -1.373949850271090289e+00 -1.374916413696274553e+01 1.875000000000000000e+00
-7.360337208855852076e+00 1.392420354909288949e-01 -6.385000000000298215e+00 4.000000000000000000e+02 -1.371400360829481802e+00 -1.374911464752113766e+01 1.024999999999999911e+00
-7.358658309768724592e+00 1.388561425123162330e-01 -6.387500000000298606e+00 4.000000000000000000e+02 -1.371021370754776481e+00 -1.375123565744643273e+01 8.900000000000000133e-01
-7.356985772917622235e+00 1.393675042901783012e-01 -6.390000000000298996e+00 4.000000000000000000e+02 -1.370436388386094828e+00 -1.375315067507774991e+01 5.250000000000000222e-01
-7.355319220645037959e+00 1.399011086473041232e-01 -6.392500000000299387e+00 4.000000000000000000e+02 -1.368704724477846080e+00 -1.375391901116950244e+01 1.570000000000000062e+00
-7.353656717937832710e+00 1.376640541338736978e-01 -6.395000000000299778e+00 4.000000000000000000e+02 -1.367102221933370165e+00 -1.375481650862502825e+01 1.820000000000000062e+00
-7.351998462272472779e+00 1.389738615283871437e-01 -6.397500000000300169e+00 4.000000000000000000e+02 -1.365357694618534845e+00 -1.375557198131019199e+01 1.254999999999999893e+00
-7.350344201054301863e+00 1.402027365887470178e-01 -6.400000000000300560e+00 4.000000000000000000e+02 -1.364897309633974043e+00 -1.375761159632563135e+01 1.100000000000000006e-01
-7.348696034176626313e+00 1.396909678140514088e-01 -6.402500000000300950e+00 4.000000000000000000e+02 -1.364373701588386778e+00 -1.375958798828004426e+01 1.979999999999999982e+00
-7.347053825469881616e+00 1.407576907049070125e-01 -6.405000000000301341e+00 4.000000000000000000e+02 -1.363570656305568285e+00 -1.376128494299722860e+01 1.205000000000000071e+00
-7.345417086743561974e+00 1.399746301719133612e-01 -6.407500000000301732e+00 4.000000000000000000e+02 -1.359962456929189267e+00 -1.376017674362084797e+01 4.499999999999999833e-02
-7.343781212162481253e+00 1.394860125200894918e-01 -6.410000000000302123e+00 4.000000000000000000e+02 -1.359888352519387444e+00 -1.376260263921104610e+01 2.300000000000000100e-01
-7.342151963253025215e+00 1.400029555015618876e-01 -6.412500000000302514e+00 4.000000000000000000e+02 -1.357598358101523184e+00 -1.376281264479318267e+01 1.370000000000000107e+00
-7.340525705759810116e+00 1.405871041465414362e-01 -6.415000000000302904e+00 4.000000000000000000e+02 -1.356409413949517972e+00 -1.376412370064117852e+01 8.599999999999999867e-01
-7.338904214220751676e+00 1.415248814332759619e-01 -6.417500000000303295e+00 4.000000000000000000e+02 -1.355057209773413263e+00 -1.376527149646507375e+01 1.389999999999999902e+00
-7.337287203222370380e+00 1.423341830149791043e-01 -6.420000000000303686e+00 4.000000000000000000e+02 -1.354945111248827549e+00 -1.376765939794048776e+01 1.814999999999999947e+00
-7.335676650059186343e+00 1.422854749105783856e-01 -6.422500000000304077e+00 4.000000000000000000e+02 -1.351791810954398487e+00 -1.376700609764606043e+01 1.705000000000000071e+00
-7.334067636625916542e+00 1.411667421309761306e-01 -6.425000000000304468e+00 4.000000000000000000e+02 -1.349797881292109203e+00 -1.376751216798377087e+01 5.350000000000000311e-01
-7.332462020066591535e+00 1.413258771370630440e-01 -6.427500000000304858e+00 4.000000000000000000e+02 -1.347164241262619688e+00 -1.376737852795428196e+01 8.249999999999999556e-01
-7.330858763306367543e+00 1.410154225655673998e-01 -6.430000000000305249e+00 4.000000000000000000e+02 -1.343960726129548977e+00 -1.376667501282121009e+01 7.299999999999999822e-01
-7.329256947260050836e+00 1.416437358893098686e-01 -6.432500000000305640e+00 4.000000000000000000e+02 -1.343776915569818931e+00 -1.376899120226148199e+01 1.364999999999999991e+00
-7.327661389864939423e+00 1.411082819732299154e-01 -6.435000000000306031e+00 4.000000000000000000e+02 -1.342394186632261288e+00 -1.377010847332392629e+01 1.675000000000000044e+00
-7.326070151640114325e+00 1.407370479916016104e-01 -6.437500000000306422e+00 4.000000000000000000e+02 -1.342386495557658987e+00 -1.377260078224932194e+01 8.199999999999999512e-01
-7.324485392926833427e+00 1.404145460854242522e-01 -6.440000000000306812e+00 4.000000000000000000e+02 -1.340753047548704613e+00 -1.377346733424036707e+01 7.800000000000000266e-01
-7.322904511126814953e+00 1.393316062477564787e-01 -6.442500000000307203e+00 4.000000000000000000e+02 -1.340601674669662957e+00 -1.377581596136132802e+01 4.949999999999999956e-01
-7.321329824347790449e+00 1.379097013783425474e-01 -6.445000000000307594e+00 4.000000000000000000e+02 -1.340215735146361720e+00 -1.377793002183802784e+01 1.429999999999999938e+00
-7.319760930944414490e+00 1.370370260016526009e-01 -6.447500000000307985e+00 4.000000000000000000e+02 -1.338930399773245128e+00 -1.377914468646491031e+01 1.225000000000000089e+00
-7.318196395164743961e+00 1.365913180005738359e-01 -6.450000000000308376e+00 4.000000000000000000e+02 -1.338224414187417999e+00 -1.378093870087908357e+01 2.600000000000000089e-01
-7.316637101055306402e+00 1.362119338104370303e-01 -6.452500000000308766e+00 4.000000000000000000e+02 -1.327074904927524335e+00 -1.377228919161919052e+01 1.449999999999999956e+00
-7.315066720635757136e+00 1.363134701413889205e-01 -6.455000000000309157e+00 4.000000000000000000e+02 -1.324951361725697829e+00 -1.377266564841736596e+01 7.000000000000000666e-02
-7.313499392124881204e+00 1.365473367949844863e-01 -6.457500000000309548e+00 4.000000000000000000e+02 -1.324705892892066528e+00 -1.377492017958373260e+01 1.020000000000000018e+00
-7.311938037626546816e+00 1.366876778608517862e-01 -6.460000000000309939e+00 4.000000000000000000e+02 -1.324298606633316888e+00 -1.377701289332498291e+01 1.969999999999999973e+00
-7.310382373585646576e+00 1.371229648476795793e-01 -6.462500000000310330e+00 4.000000000000000000e+02 -1.322205911888034047e+00 -1.377742019857970135e+01 1.534999999999999920e+00
-7.308829757903197333e+00 1.368644997253805062e-01 -6.465000000000310720e+00 4.000000000000000000e+02 -1.322174394269947095e+00 -1.377988868096161568e+01 1.905000000000000027e+00
-7.307283368090125464e+00 1.373830345209284542e-01 -6.467500000000311111e+00 4.000000000000000000e+02 -1.321278855690184661e+00 -1.378149314238185319e+01 9.050000000000000266e-01
-7.305741839305517793e+00 1.372848548957506243e-01 -6.470000000000311502e+00 4.000000000000000000e+02 -1.316895811936307448e+00 -1.377961009862797503e+01 2.000000000000000042e-02
-7.304199784381620653e+00 1.379276460952169325e-01 -6.472500000000311893e+00 4.000000000000000000e+02 -1.313946146947085003e+00 -1.377916043363875431e+01 4.249999999999999889e-01
-7.302659411767232989e+00 1.382122091066267100e-01 -6.475000000000312284e+00 4.000000000000000000e+02 -1.311727451671136579e+00 -1.377944173836280761e+01 1.635000000000000009e+00
-7.301121840506220373e+00 1.379557100431864358e-01 -6.477500000000312674e+00 4.000000000000000000e+02 -1.311393429325333759e+00 -1.378160771601700318e+01 1.050000000000000044e+00
-7.299589948832351460e+00 1.394218877777880228e-01 -6.480000000000313065e+00 4.000000000000000000e+02 -1.310950803794635133e+00 -1.378366509048630384e+01 1.455000000000000071e+00
-7.298063541482928684e+00 1.400122475436669789e-01 -6.482500000000313456e+00 4.000000000000000000e+02 -1.309928613887259674e+00 -1.378514290057893099e+01 6.899999999999999467e-01
-7.296541709429526179e+00 1.404034150647774648e-01 -6.485000000000313847e+00 4.000000000000000000e+02 -1.307904450728330392e+00 -1.378561873742000188e+01 8.199999999999999512e-01
-7.295022912152939298e+00 1.395486372797608288e-01 -6.487500000000314238e+00 4.000000000000000000e+02 -1.304785230004750662e+00 -1.378499951669642165e+01 3.549999999999999822e-01
-7.293505479500796973e+00 1.400434491400760761e-01 -6.490000000000314628e+00 4.000000000000000000e+02 -1.301583928839361581e+00 -1.378429821553103274e+01 5.699999999999999512e-01
-7.291989283830010216e+00 1.398876490476707035e-01 -6.492500000000315019e+00 4.000000000000000000e+02 -1.301191127297565586e+00 -1.378640541398923780e+01 1.844999999999999973e+00
-7.290478567852502145e+00 1.390206313074456024e-01 -6.495000000000315410e+00 4.000000000000000000e+02 -1.300956617279648730e+00 -1.378867090397132245e+01 5.450000000000000400e-01
-7.288973541609345297e+00 1.387321484152111151e-01 -6.497500000000315801e+00 4.000000000000000000e+02 -1.299136018627928157e+00 -1.378935030531960138e+01 1.090000000000000080e+00
-7.287471796934213764e+00 1.398124706307992404e-01 -6.500000000000316192e+00 4.000000000000000000e+02 -1.297690523380442551e+00 -1.379040481007211483e+01 2.000000000000000000e+00
-7.285973883320703948e+00 1.394064419952901757e-01 -6.502500000000316582e+00 4.000000000000000000e+02 -1.297057227618770625e+00 -1.379227151431044440e+01 5.050000000000000044e-01
-7.284480997391090007e+00 1.406071800593254040e-01 -6.505000000000316973e+00 4.000000000000000000e+02 -1.295641591838949003e+00 -1.379335587853062428e+01 6.550000000000000266e-01
-7.282991951188707347e+00 1.405195921990313734e-01 -6.507500000000317364e+00 4.000000000000000000e+02 -1.294490479021045415e+00 -1.379470476571271931e+01 1.955000000000000071e+00
-7.281507121678326477e+00 1.405540653531724971e-01 -6.510000000000317755e+00 4.000000000000000000e+02 -1.294263401126640955e+00 -1.379697768781831435e+01 1.824999999999999956e+00
-7.280027857201053720e+00 1.400129784688588508e-01 -6.512500000000318146e+00 4.000000000000000000e+02 -1.290265616760652767e+00 -1.379547990345232833e+01 1.499999999999999944e-02
-7.278548565347967347e+00 1.401000392890280333e-01 -6.515000000000318536e+00 4.000000000000000000e+02 -1.288688920997550724e+00 -1.379640320768922734e+01 1.524999999999999911e+00
-7.277072820751473436e+00 1.408318849617398727e-01 -6.517500000000318927e+00 4.000000000000000000e+02 -1.281529375733322373e+00 -1.379174366242499872e+01 1.635000000000000009e+00
-7.275592373672646218e+00 1.413310591454388920e-01 -6.520000000000319318e+00 4.000000000000000000e+02 -1.280250349689762590e+00 -1.379296463638143777e+01 1.870000000000000107e+00
-7.274115917560682654e+00 1.413839256563138302e-01 -6.522500000000319709e+00 4.000000000000000000e+02 -1.279719640451307816e+00 -1.379493392714298494e+01 1.379999999999999893e+00
-7.272644536453156228e+00 1.420668721202058005e-01 -6.525000000000320100e+00 4.000000000000000000e+02 -1.279498243818493197e+00 -1.379721253051017094e+01 1.114999999999999991e+00
-7.271178658634739556e+00 1.421373412186423546e-01 -6.527500000000320490e+00 4.000000000000000000e+02 -1.278653510948335903e+00 -1.379886779764001403e+01 1.760000000000000009e+00
-7.269717345564862043e+00 1.425430003236459742e-01 -6.530000000000320881e+00 4.000000000000000000e+02 -1.276266932731338732e+00 -1.379898121942301614e+01 1.735000000000000098e+00
-7.268258330188091421e+00 1.434392650583065920e-01 -6.532500000000321272e+00 4.000000000000000000e+02 -1.275956207624337369e+00 -1.380117049431601650e+01 1.900000000000000022e-01
-7.266804624164906024e+00 1.442522067876815806e-01 -6.535000000000321663e+00 4.000000000000000000e+02 -1.275715611204200739e+00 -1.380342989789587982e+01 1.604999999999999982e+00
-7.265356302002930811e+00 1.445758841385673121e-01 -6.537500000000322053e+00 4.000000000000000000e+02 -1.275114904063212817e+00 -1.380532919075489140e+01 5.000000000000000104e-03
-7.263912816667916772e+00 1.456266104646766202e-01 -6.540000000000322444e+00 4.000000000000000000e+02 -1.274612385475331511e+00 -1.380732667216700982e+01 1.870000000000000107e+00
-7.262474286217391217e+00 1.458886221155064888e-01 -6.542500000000322835e+00 4.000000000000000000e+02 -1.270703901781286893e+00 -1.380591818847296715e+01 1.864999999999999991e+00
-7.261035798958317855e+00 1.461511597512340499e-01 -6.545000000000323226e+00 4.000000000000000000e+02 -1.269830825363748472e+00 -1.380754511205542912e+01 1.550000000000000044e+00
-7.259601711346545194e+00 1.464957531085260833e-01 -6.547500000000323617e+00 4.000000000000000000e+02 -1.268621874673571126e+00 -1.380883616136525127e+01 8.599999999999999867e-01
-7.258171523710160500e+00 1.458143462044415584e-01 -6.550000000000324007e+00 4.000000000000000000e+02 -1.267645528391671439e+00 -1.381035981508335198e+01 5.849999999999999645e-01
-7.256745551381809989e+00 1.460702179924166511e-01 -6.552500000000324398e+00 4.000000000000000000e+02 -1.265256595281862628e+00 -1.381047088197354356e+01 5.000000000000000000e-01
-7.255321767586925041e+00 1.454399319812072211e-01 -6.555000000000324789e+00 4.000000000000000000e+02 -1.264786849644293110e+00 -1.381250113633597643e+01 8.000000000000000167e-02
-7.253902889631010709e+00 1.460365781164919552e-01 -6.557500000000325180e+00 4.000000000000000000e+02 -1.264246746224626072e+00 -1.381446103291630934e+01 1.749999999999999889e-01
-7.252488794271561900e+00 1.464159801849608811e-01 -6.560000000000325571e+00 4.000000000000000000e+02 -1.262944379832885211e+00 -1.381565866652456620e+01 8.950000000000000178e-01
-7.251078384727395409e+00 1.451766603008529943e-01 -6.562500000000325961e+00 4.000000000000000000e+02 -1.262823684076700426e+00 -1.381803797076838336e+01 4.699999999999999734e-01
-7.249673306370163495e+00 1.455259998197674376e-01 -6.565000000000326352e+00 4.000000000000000000e+02 -1.262480067040019360e+00 -1.382019435373170424e+01 9.699999999999999734e-01
-7.248273219749466811e+00 1.449833360182797015e-01 -6.567500000000326743e+00 4.000000000000000000e+02 -1.261546738235580944e+00 -1.382176102492726422e+01 4.450000000000000067e-01
-7.246877277797716843e+00 1.452344133819911953e-01 -6.570000000000327134e+00 4.000000000000000000e+02 -1.259773736145987977e+00 -1.382248802283767120e+01 1.254999999999999893e+00
-7.245484294142432447e+00 1.447469719742744687e-01 -6.572500000000327525e+00 4.000000000000000000e+02 -1.258085483939035853e+00 -1.382329977063072057e+01 3.649999999999999911e-01
-7.244094376127983459e+00 1.463226304386358867e-01 -6.575000000000327915e+00 4.000000000000000000e+02 -1.258023061708280821e+00 -1.382573734839996682e+01 1.185000000000000053e+00
-7.242709764176630038e+00 1.462596896301230354e-01 -6.577500000000328306e+00 4.000000000000000000e+02 -1.257118037504784347e+00 -1.382733232419646896e+01 4.099999999999999756e-01
-7.241329268815810849e+00 1.460442200356231457e-01 -6.580000000000328697e+00 4.000000000000000000e+02 -1.256445280626606209e+00 -1.382915956731829077e+01 7.900000000000000355e-01
-7.239953191587769510e+00 1.453083396129714322e-01 -6.582500000000329088e+00 4.000000000000000000e+02 -1.255213853085090037e+00 -1.383042813977677632e+01 1.614999999999999991e+00
-7.238580746301027879e+00 1.453474972706871593e-01 -6.585000000000329479e+00 4.000000000000000000e+02 -1.253315887930821271e+00 -1.383103017462250861e+01 1.010000000000000009e+00
-7.237211006353482468e+00 1.455765190338746129e-01 -6.587500000000329869e+00 4.000000000000000000e+02 -1.252767924796481580e+00 -1.383298221148816864e+01 1.084999999999999964e+00
-7.235845805728456703e+00 1.453500507410526998e-01 -6.590000000000330260e+00 4.000000000000000000e+02 -1.252655905457821683e+00 -1.383537019214950803e+01 3.750000000000000000e-01
-7.234485715869190869e+00 1.456297283118170305e-01 -6.592500000000330651e+00 4.000000000000000000e+02 -1.249469790310597128e+00 -1.383468407700228475e+01 8.399999999999999689e-01
-7.233126541744798743e+00 1.456135508486544328e-01 -6.595000000000331042e+00 4.000000000000000000e+02 -1.248503430959340355e+00 -1.383621771765102970e+01 6.099999999999999867e-01
-7.231771291118571199e+00 1.459412890097025184e-01 -6.597500000000331433e+00 4.000000000000000000e+02 -1.243615727861089759e+00 -1.383383001455277750e+01 1.620000000000000107e+00
-7.230414641487110217e+00 1.453892640520750013e-01 -6.600000000000331823e+00 4.000000000000000000e+02 -1.241497448724661279e+00 -1.383421173541634985e+01 2.099999999999999922e-01
-7.229060346571827722e+00 1.454265612695145038e-01 -6.602500000000332214e+00 4.000000000000000000e+02 -1.240670056169142166e+00 -1.383588434286083135e+01 5.050000000000000044e-01
-7.227710142015126848e+00 1.453509497842452591e-01 -6.605000000000332605e+00 4.000000000000000000e+02 -1.238776063257647220e+00 -1.383649034994933835e+01 9.799999999999999822e-01
-7.226362574385412074e+00 1.446465780963792913e-01 -6.607500000000332996e+00 4.000000000000000000e+02 -1.234496577118495253e+00 -1.383471086381018544e+01 1.600000000000000033e-01
-7.225014424982827421e+00 1.446546038312221949e-01 -6.610000000000333387e+00 4.000000000000000000e+02 -1.234446080132941548e+00 -1.383716036682463191e+01 4.899999999999999911e-01
-7.223671382243760597e+00 1.446442421250248300e-01 -6.612500000000333777e+00 4.000000000000000000e+02 -1.234283651142310756e+00 -1.383949793783400217e+01 1.635000000000000009e+00
-7.222333270340631550e+00 1.459638315931439390e-01 -6.615000000000334168e+00 4.000000000000000000e+02 -1.226863503081762063e+00 -1.383457778977345498e+01 1.449999999999999900e-01
-7.220990359900104849e+00 1.448358897148675495e-01 -6.617500000000334559e+00 4.000000000000000000e+02 -1.226373923826716617e+00 -1.383658821051840881e+01 1.900000000000000022e-01
-7.219651942133864075e+00 1.455354226797071215e-01 -6.620000000000334950e+00 4.000000000000000000e+02 -1.218208218476071414e+00 -1.383092250516776289e+01 1.500000000000000000e+00
-7.218307723999087600e+00 1.452990462213012146e-01 -6.622500000000335341e+00 4.000000000000000000e+02 -1.218090161095410018e+00 -1.383330444778710344e+01 4.499999999999999833e-02
-7.216968501970811189e+00 1.455012583902902668e-01 -6.625000000000335731e+00 4.000000000000000000e+02 -1.217930435286114665e+00 -1.383564472197780759e+01 1.070000000000000062e+00
-7.215634195270371087e+00 1.450354060820421009e-01 -6.627500000000336122e+00 4.000000000000000000e+02 -1.216322347643310708e+00 -1.383653663433500469e+01 8.000000000000000444e-01
-7.214302853750671929e+00 1.442668781522378763e-01 -6.630000000000336513e+00 4.000000000000000000e+02 -1.215795934027437797e+00 -1.383851022071913128e+01 5.749999999999999556e-01
-7.212975902042716214e+00 1.437280198024883660e-01 -6.632500000000336904e+00 4.000000000000000000e+02 -1.214673405885640989e+00 -1.383988769257733509e+01 1.205000000000000071e+00
-7.211652531755707862e+00 1.435741017565079769e-01 -6.635000000000337295e+00 4.000000000000000000e+02 -1.214631598510042876e+00 -1.384234588520173759e+01 2.449999999999999956e-01
-7.210334153135195656e+00 1.430464141234438491e-01 -6.637500000000337685e+00 4.000000000000000000e+02 -1.212176800019234335e+00 -1.384239108671092922e+01 8.100000000000000533e-01
-7.209017569822370852e+00 1.421185907090079525e-01 -6.640000000000338076e+00 4.000000000000000000e+02 -1.210551826909805007e+00 -1.384326611360149961e+01 1.274999999999999911e+00
-7.207703866895001532e+00 1.420486482800191186e-01 -6.642500000000338467e+00 4.000000000000000000e+02 -1.210500047912059118e+00 -1.384571433460375545e+01 1.909999999999999920e+00
-7.206395093507421024e+00 1.422638301487216539e-01 -6.645000000000338858e+00 4.000000000000000000e+02 -1.208453583479195625e+00 -1.384616787017089301e+01 8.449999999999999734e-01
-7.205088623047064544e+00 1.422305037412243955e-01 -6.647500000000339249e+00 4.000000000000000000e+02 -1.207228147773816707e+00 -1.384744243446551337e+01 1.949999999999999956e+00
-7.203785518091152973e+00 1.417809326121515223e-01 -6.650000000000339639e+00 4.000000000000000000e+02 -1.207021753206124481e+00 -1.384973603989782021e+01 2.600000000000000089e-01
-7.202487088571757567e+00 1.425740822573836608e-01 -6.652500000000340030e+00 4.000000000000000000e+02 -1.206910347417663010e+00 -1.385212463410936046e+01 6.899999999999999467e-01
-7.201193434488585510e+00 1.423265518615475234e-01 -6.655000000000340421e+00 4.000000000000000000e+02 -1.206766548019617691e+00 -1.385448083471131575e+01 5.450000000000000400e-01
-7.199904490412518676e+00 1.425959691034034138e-01 -6.657500000000340812e+00 4.000000000000000000e+02 -1.206235357318050649e+00 -1.385644964400974821e+01 1.340000000000000080e+00
-7.198619735874194348e+00 1.420150113723881169e-01 -6.660000000000341203e+00 4.000000000000000000e+02 -1.195874290276636387e+00 -1.384858857696833390e+01 1.975000000000000089e+00
-7.197326510024924850e+00 1.418950679927372671e-01 -6.662500000000341593e+00 4.000000000000000000e+02 -1.192665563103006310e+00 -1.384787984979470465e+01 5.999999999999999778e-01
-7.196034039355457601e+00 1.409037911038862612e-01 -6.665000000000341984e+00 4.000000000000000000e+02 -1.190818073547266431e+00 -1.384853236023896628e+01 6.350000000000000089e-01
-7.194744078454840874e+00 1.412578198370725568e-01 -6.667500000000342375e+00 4.000000000000000000e+02 -1.190751749042805452e+00 -1.385096603573450480e+01 8.500000000000000611e-02
-7.193458908888221259e+00 1.410301293278390655e-01 -6.670000000000342766e+00 4.000000000000000000e+02 -1.190559176644231165e+00 -1.385327346333593113e+01 6.800000000000000488e-01
-7.192178345184708554e+00 1.412182423415073440e-01 -6.672500000000343157e+00 4.000000000000000000e+02 -1.187702436257595862e+00 -1.385291672294929555e+01 1.564999999999999947e+00
-7.190898963193432358e+00 1.416038493787827035e-01 -6.675000000000343547e+00 4.000000000000000000e+02 -1.182446875187723512e+00 -1.385016116187942536e+01 8.000000000000000167e-02
-7.189617692420866568e+00 1.415530781788725267e-01 -6.677500000000343938e+00 4.000000000000000000e+02 -1.175984236867743782e+00 -1.384619852355944403e+01 1.375000000000000000e+00
-7.188332983689177169e+00 1.410378055978706857e-01 -6.680000000000344329e+00 4.000000000000000000e+02 -1.171293410958009318e+00 -1.384400769764970995e+01 1.004999999999999893e+00
-7.187047111081732886e+00 1.410922894035254449e-01 -6.682500000000344720e+00 4.000000000000000000e+02 -1.170721114117655670e+00 -1.384593540080935803e+01 2.250000000000000056e-01
-7.185765361447925770e+00 1.407382993612290301e-01 -6.685000000000345111e+00 4.000000000000000000e+02 -1.169528751538945865e+00 -1.384724303823064950e+01 1.629999999999999893e+00
-7.184486924348833625e+00 1.420317160284341462e-01 -6.687500000000345501e+00 4.000000000000000000e+02 -1.166111225729771661e+00 -1.384632551242147436e+01 1.939999999999999947e+00
-7.183208948274218741e+00 1.414746827066856727e-01 -6.690000000000345892e+00 4.000000000000000000e+02 -1.165241883705685710e+00 -1.384795617039738858e+01 1.179999999999999938e+00
-7.181934681599749126e+00 1.409203498233035368e-01 -6.692500000000346283e+00 4.000000000000000000e+02 -1.164259840808505420e+00 -1.384947412750020845e+01 4.949999999999999956e-01
-7.180663965743670829e+00 1.411311092243281995e-01 -6.695000000000346674e+00 4.000000000000000000e+02 -1.162764885213909860e+00 -1.385047917190561506e+01 1.600000000000000033e-01
-7.179396136613839907e+00 1.412437374972257131e-01 -6.697500000000347065e+00 4.000000000000000000e+02 -1.161420325230359651e+00 -1.385163461192206391e+01 1.560000000000000053e+00
-7.178131374116044405e+00 1.418102510687059281e-01 -6.700000000000347455e+00 4.000000000000000000e+02 -1.160584190573383134e+00 -1.385329847726508667e+01 8.199999999999999512e-01
-7.176870307887248224e+00 1.422386902790764018e-01 -6.702500000000347846e+00 4.000000000000000000e+02 -1.159984717838197232e+00 -1.385519900452990250e+01 5.300000000000000266e-01
-7.175613219840285772e+00 1.423016989305822266e-01 -6.705000000000348237e+00 4.000000000000000000e+02 -1.158684228979838249e+00 -1.385639851567154501e+01 5.250000000000000222e-01
-7.174359214231615489e+00 1.418334481212810139e-01 -6.707500000000348628e+00 4.000000000000000000e+02 -1.158613918708251589e+00 -1.385882820539995741e+01 1.034999999999999920e+00
-7.173109816620604207e+00 1.418403204789764893e-01 -6.710000000000349019e+00 4.000000000000000000e+02 -1.154263356366836746e+00 -1.385697764305854207e+01 3.950000000000000178e-01
-7.171859668159439316e+00 1.421008448575235006e-01 -6.712500000000349409e+00 4.000000000000000000e+02 -1.153751950905037127e+00 -1.385896623759674284e+01 7.199999999999999734e-01
-7.170613559540672810e+00 1.416320964475456246e-01 -6.715000000000349800e+00 4.000000000000000000e+02 -1.153215193961339979e+00 -1.386092948065304853e+01 1.239999999999999991e+00
-7.169371441233397313e+00 1.416240701812281622e-01 -6.717500000000350191e+00 4.000000000000000000e+02 -1.152246792409612475e+00 -1.386246107910131897e+01 3.400000000000000244e-01
-7.168132761306811318e+00 1.413628374112449182e-01 -6.720000000000350582e+00 4.000000000000000000e+02 -1.151865785657839591e+00 -1.386458007234954692e+01 1.254999999999999893e+00
-7.166898230926079805e+00 1.399191096715878824e-01 -6.722500000000350973e+00 4.000000000000000000e+02 -1.151550111555711187e+00 -1.386676439824741891e+01 2.849999999999999756e-01
-7.165667911429658865e+00 1.401949074469483192e-01 -6.725000000000351363e+00 4.000000000000000000e+02 -1.149682878867938962e+00 -1.386739716555964819e+01 1.639999999999999902e+00
-7.164439880585756093e+00 1.402729793251024926e-01 -6.727500000000351754e+00 4.000000000000000000e+02 -1.148498947354125610e+00 -1.386871323404583478e+01 1.510000000000000009e+00
-7.163214968093247315e+00 1.405970414611063812e-01 -6.730000000000352145e+00 4.000000000000000000e+02 -1.148297315527581297e+00 -1.387101160221929064e+01 1.939999999999999947e+00
-7.161994361089244698e+00 1.404037539167539150e-01 -6.732500000000352536e+00 4.000000000000000000e+02 -1.148209450528359321e+00 -1.387342373722006883e+01 6.250000000000000000e-01
-7.160778177500872310e+00 1.406446070005412108e-01 -6.735000000000352927e+00 4.000000000000000000e+02 -1.147224714676342572e+00 -1.387493900136805358e+01 1.900000000000000022e-01
-7.159565309310706560e+00 1.412159189977112983e-01 -6.737500000000353317e+00 4.000000000000000000e+02 -1.144476460170239518e+00 -1.387469074686194936e+01 1.120000000000000107e+00
-7.158353609797514672e+00 1.409229541603544689e-01 -6.740000000000353708e+00 4.000000000000000000e+02 -1.143525218291227663e+00 -1.387623950498293723e+01 5.450000000000000400e-01
-7.157145248499797496e+00 1.409956610247004583e-01 -6.742500000000354099e+00 4.000000000000000000e+02 -1.142605226502442450e+00 -1.387781951319415441e+01 1.804999999999999938e+00
-7.155940249840341494e+00 1.409849022546508790e-01 -6.745000000000354490e+00 4.000000000000000000e+02 -1.142471737366706597e+00 -1.388018602405841939e+01 2.500000000000000000e-01
-7.154739544590852596e+00 1.404950570499268747e-01 -6.747500000000354881e+00 4.000000000000000000e+02 -1.142364884025128369e+00 -1.388257917071684133e+01 1.314999999999999947e+00
-7.153543144177812785e+00 1.410526611245088158e-01 -6.750000000000355271e+00 4.000000000000000000e+02 -1.140997882476732839e+00 -1.388371216916844375e+01 1.679999999999999938e+00
-7.152349525754515547e+00 1.416334376588000987e-01 -6.752500000000355662e+00 4.000000000000000000e+02 -1.140461618974593749e+00 -1.388567590566630727e+01 4.450000000000000067e-01
-7.151159667827282185e+00 1.404217865916173869e-01 -6.755000000000356053e+00 4.000000000000000000e+02 -1.139807853469346988e+00 -1.388752214016106024e+01 5.949999999999999734e-01
-7.149973414801675808e+00 1.396244876645849342e-01 -6.757500000000356444e+00 4.000000000000000000e+02 -1.138179882991054770e+00 -1.388839416968276907e+01 9.599999999999999645e-01
-7.148789599465724010e+00 1.394224091255406861e-01 -6.760000000000356835e+00 4.000000000000000000e+02 -1.136390577136564772e+00 -1.388910486382827791e+01 9.949999999999999956e-01
-7.147608023432823643e+00 1.391674343703248051e-01 -6.762500000000357225e+00 4.000000000000000000e+02 -1.134975299737555732e+00 -1.389018958642927082e+01 1.574999999999999956e+00
-7.146429120595983342e+00 1.387287028580787285e-01 -6.765000000000357616e+00 4.000000000000000000e+02 -1.133027062672667507e+00 -1.389074134936438298e+01 3.549999999999999822e-01
-7.145252255082358950e+00 1.391507224285492561e-01 -6.767500000000358007e+00 4.000000000000000000e+02 -1.130341065700026792e+00 -1.389055535239174155e+01 2.200000000000000011e-01
-7.144076554425309311e+00 1.400520617910929189e-01 -6.770000000000358398e+00 4.000000000000000000e+02 -1.127176766038002986e+00 -1.388989105272971791e+01 3.800000000000000044e-01
-7.142901454515992121e+00 1.393981917662600878e-01 -6.772500000000358789e+00 4.000000000000000000e+02 -1.126073311130232346e+00 -1.389128759782194855e+01 1.955000000000000071e+00
-7.141729370896118034e+00 1.387398720503834615e-01 -6.775000000000359179e+00 4.000000000000000000e+02 -1.125700838673275195e+00 -1.389341512536499224e+01 1.205000000000000071e+00
-7.140561146068554521e+00 1.390835698959413391e-01 -6.777500000000359570e+00 4.000000000000000000e+02 -1.125519934771815889e+00 -1.389573422146353288e+01 3.200000000000000067e-01
-7.139396985754169478e+00 1.392215673255374764e-01 -6.780000000000359961e+00 4.000000000000000000e+02 -1.124552078126882293e+00 -1.389726636481859856e+01 1.364999999999999991e+00
-7.138235958322526997e+00 1.390801539464162906e-01 -6.782500000000360352e+00 4.000000000000000000e+02 -1.124471463716303576e+00 -1.389968575040802179e+01 1.804999999999999938e+00
-7.137079078016354217e+00 1.398168963634579820e-01 -6.785000000000360743e+00 4.000000000000000000e+02 -1.123455458541190888e+00 -1.390116974523290949e+01 1.620000000000000107e+00
-7.135925247096415625e+00 1.400174343688960765e-01 -6.787500000000361133e+00 4.000000000000000000e+02 -1.122553909995752219e+00 -1.390276819668746988e+01 1.830000000000000071e+00
-7.134774585654972689e+00 1.392139775001846325e-01 -6.790000000000361524e+00 4.000000000000000000e+02 -1.122430245801756321e+00 -1.390514453249347326e+01 2.750000000000000222e-01
-7.133627973123018329e+00 1.396258498675993498e-01 -6.792500000000361915e+00 4.000000000000000000e+02 -1.118083473598805666e+00 -1.390329776029052411e+01 1.209999999999999964e+00
-7.132480557958661649e+00 1.391212387012935314e-01 -6.795000000000362306e+00 4.000000000000000000e+02 -1.117843554245570248e+00 -1.390555784093729130e+01 7.850000000000000311e-01
-7.131337043722089319e+00 1.393564824610917241e-01 -6.797500000000362697e+00 4.000000000000000000e+02 -1.116728163409089092e+00 -1.390694245010080898e+01 1.364999999999999991e+00
-7.130196415133323029e+00 1.387883269595917846e-01 -6.800000000000363087e+00 4.000000000000000000e+02 -1.116425728991427446e+00 -1.390914001568314617e+01 8.100000000000000533e-01
-7.129059585676118971e+00 1.384587957925679513e-01 -6.802500000000363478e+00 4.000000000000000000e+02 -1.111461692182786232e+00 -1.390667597887450668e+01 9.350000000000000533e-01
-7.127921247267819282e+00 1.380225273557557641e-01 -6.805000000000363869e+00 4.000000000000000000e+02 -1.111084489376897411e+00 -1.390879877606862003e+01 7.800000000000000266e-01
-7.126786612987076275e+00 1.378417659994892741e-01 -6.807500000000364260e+00 4.000000000000000000e+02 -1.103690376843059040e+00 -1.390390466353477983e+01 1.554999999999999938e+00
-7.125647707477821058e+00 1.376395231740494551e-01 -6.810000000000364651e+00 4.000000000000000000e+02 -1.102586779663959682e+00 -1.390530106635567975e+01 5.000000000000000000e-01
-7.124511684150538926e+00 1.377771668807487304e-01 -6.812500000000365041e+00 4.000000000000000000e+02 -1.099968296936145729e+00 -1.390518258362786774e+01 7.850000000000000311e-01
-7.123376815529856465e+00 1.376339824674076284e-01 -6.815000000000365432e+00 4.000000000000000000e+02 -1.098537883302415974e+00 -1.390625216999413993e+01 5.649999999999999467e-01
-7.122244444506104166e+00 1.375514212401185432e-01 -6.817500000000365823e+00 4.000000000000000000e+02 -1.098043986688343354e+00 -1.390825827338006704e+01 1.645000000000000018e+00
-7.121115619826746013e+00 1.378355393636463422e-01 -6.820000000000366214e+00 4.000000000000000000e+02 -1.097776641142328424e+00 -1.391049092783405072e+01 4.699999999999999734e-01
-7.119990581167424892e+00 1.379754331346888241e-01 -6.822500000000366605e+00 4.000000000000000000e+02 -1.097680201203415029e+00 -1.391289448789513905e+01 2.550000000000000044e-01
-7.118869503101893592e+00 1.381151423672114520e-01 -6.825000000000366995e+00 4.000000000000000000e+02 -1.096313843694967094e+00 -1.391402813038669173e+01 2.300000000000000100e-01
-7.117750948495038976e+00 1.383650132127075272e-01 -6.827500000000367386e+00 4.000000000000000000e+02 -1.095300211021628334e+00 -1.391551449771335314e+01 1.080000000000000071e+00
-7.116635302221228088e+00 1.378619546682212371e-01 -6.830000000000367777e+00 4.000000000000000000e+02 -1.093591833636711863e+00 -1.391630612032843572e+01 1.094999999999999973e+00
-7.115521780573828892e+00 1.376620297790335790e-01 -6.832500000000368168e+00 4.000000000000000000e+02 -1.090570321800286901e+00 -1.391578460849201271e+01 4.050000000000000266e-01
-7.114408917580513858e+00 1.371847186175589040e-01 -6.835000000000368559e+00 4.000000000000000000e+02 -1.090298597740228193e+00 -1.391801288443195439e+01 5.550000000000000488e-01
-7.113299764554583682e+00 1.374664503309026842e-01 -6.837500000000368949e+00 4.000000000000000000e+02 -1.088021763394168673e+00 -1.391823605008589482e+01 1.820000000000000062e+00
-7.112192087472386959e+00 1.373620836904032583e-01 -6.840000000000369340e+00 4.000000000000000000e+02 -1.087832040976794978e+00 -1.392054632766852151e+01 2.899999999999999800e-01
-7.111088187832093510e+00 1.377649107090641867e-01 -6.842500000000369731e+00 4.000000000000000000e+02 -1.086583849342183106e+00 -1.392179813603391025e+01 1.584999999999999964e+00
-7.109986884166715981e+00 1.378249340668491196e-01 -6.845000000000370122e+00 4.000000000000000000e+02 -1.085907916642119053e+00 -1.392362220333384748e+01 3.900000000000000133e-01
-7.108888795749695788e+00 1.375051498644098424e-01 -6.847500000000370513e+00 4.000000000000000000e+02 -1.085550749679011773e+00 -1.392576503637073948e+01 1.679999999999999938e+00
-7.107794258446517688e+00 1.374018873811226338e-01 -6.850000000000370903e+00 4.000000000000000000e+02 -1.084720165342829334e+00 -1.392743445203455721e+01 1.219999999999999973e+00
-7.106702740567814480e+00 1.381699176266124318e-01 -6.852500000000371294e+00 4.000000000000000000e+02 -1.083357496547128429e+00 -1.392857178323885670e+01 2.149999999999999967e-01
-7.105613651485715998e+00 1.377140657702709270e-01 -6.855000000000371685e+00 4.000000000000000000e+02 -1.080676582032730426e+00 -1.392839086872445975e+01 1.860000000000000098e+00
-7.104525550499958264e+00 1.378883212363195554e-01 -6.857500000000372076e+00 4.000000000000000000e+02 -1.079387541929748950e+00 -1.392960182862147889e+01 2.149999999999999967e-01
-7.103439946895310442e+00 1.380541025439292191e-01 -6.860000000000372467e+00 4.000000000000000000e+02 -1.076730560508061263e+00 -1.392944484719978959e+01 1.389999999999999902e+00
-7.102355350392069333e+00 1.376089225231839075e-01 -6.862500000000372857e+00 4.000000000000000000e+02 -1.070446338337726289e+00 -1.392566062502945634e+01 1.729999999999999982e+00
-7.101267823522168676e+00 1.377024468356420062e-01 -6.865000000000373248e+00 4.000000000000000000e+02 -1.069151277764193830e+00 -1.392686556445592494e+01 9.699999999999999734e-01
-7.100182785564925325e+00 1.375697469042659604e-01 -6.867500000000373639e+00 4.000000000000000000e+02 -1.068358653096930233e+00 -1.392857293978866196e+01 3.499999999999999778e-01
-7.099100771619392347e+00 1.381431943343876534e-01 -6.870000000000374030e+00 4.000000000000000000e+02 -1.066654820411228943e+00 -1.392936910710295884e+01 4.450000000000000067e-01
-7.098020786888973532e+00 1.380156712690479293e-01 -6.872500000000374420e+00 4.000000000000000000e+02 -1.065042483174454047e+00 -1.393025676986618500e+01 1.385000000000000009e+00
-7.096942923954811633e+00 1.382225483932215393e-01 -6.875000000000374811e+00 4.000000000000000000e+02 -1.063485037036643988e+00 -1.393119932372837688e+01 1.745000000000000107e+00
-7.095867235384864635e+00 1.393659059535760636e-01 -6.877500000000375202e+00 4.000000000000000000e+02 -1.063232579659343813e+00 -1.393344686635107621e+01 8.000000000000000167e-02
-7.094795113730996583e+00 1.389355425817234146e-01 -6.880000000000375593e+00 4.000000000000000000e+02 -1.056053139841602651e+00 -1.392876742653333366e+01 6.949999999999999512e-01
-7.093719119692901032e+00 1.387526826247378331e-01 -6.882500000000375984e+00 4.000000000000000000e+02 -1.054206704757087776e+00 -1.392942099144882029e+01 5.799999999999999600e-01
-7.092644984043245948e+00 1.386778328231426938e-01 -6.885000000000376374e+00 4.000000000000000000e+02 -1.052648344451667439e+00 -1.393036263114340123e+01 9.499999999999999556e-01
-7.091573010269977217e+00 1.380320202851549327e-01 -6.887500000000376765e+00 4.000000000000000000e+02 -1.048108862500636507e+00 -1.392832314919237113e+01 1.340000000000000080e+00
-7.090499999407935405e+00 1.383816144791955305e-01 -6.890000000000377156e+00 4.000000000000000000e+02 -1.048045070052456618e+00 -1.393075935674418986e+01 1.400000000000000133e-01
-7.089430745367378606e+00 1.378496750409007321e-01 -6.892500000000377547e+00 4.000000000000000000e+02 -1.044766214396994020e+00 -1.392998050108872832e+01 1.020000000000000018e+00
-7.088361801625511660e+00 1.376315807169771477e-01 -6.895000000000377938e+00 4.000000000000000000e+02 -1.043032526001956839e+00 -1.393074681269369286e+01 1.264999999999999902e+00
-7.087294816824009303e+00 1.378358352082261484e-01 -6.897500000000378328e+00 4.000000000000000000e+02 -1.042945010470353706e+00 -1.393315929716208856e+01 8.549999999999999822e-01
-7.086231536142377330e+00 1.378048284431628578e-01 -6.900000000000378719e+00 4.000000000000000000e+02 -1.041871361542849206e+00 -1.393458564823458445e+01 4.650000000000000244e-01
-7.085170897943971369e+00 1.376522764021531064e-01 -6.902500000000379110e+00 4.000000000000000000e+02 -1.041520147351241876e+00 -1.393673443404297885e+01 9.500000000000000111e-02
-7.084113656530674596e+00 1.376006352288451362e-01 -6.905000000000379501e+00 4.000000000000000000e+02 -1.039109959349170831e+00 -1.393682424604090819e+01 1.685000000000000053e+00
-7.083057626494753123e+00 1.375928172157118157e-01 -6.907500000000379892e+00 4.000000000000000000e+02 -1.038892865820652212e+00 -1.393910715251238841e+01 1.905000000000000027e+00
-7.082005114744201357e+00 1.372119347704538195e-01 -6.910000000000380282e+00 4.000000000000000000e+02 -1.038486625513808770e+00 -1.394120091220554514e+01 8.750000000000000000e-01
-7.080955907543473593e+00 1.384577539965934911e-01 -6.912500000000380673e+00 4.000000000000000000e+02 -1.038020751723178536e+00 -1.394323503841491707e+01 1.280000000000000027e+00
-7.079909928727401436e+00 1.385032382127211470e-01 -6.915000000000381064e+00 4.000000000000000000e+02 -1.036266970760833850e+00 -1.394398125745257389e+01 8.199999999999999512e-01
-7.078865821856068941e+00 1.385013640718078809e-01 -6.917500000000381455e+00 4.000000000000000000e+02 -1.035969675251143585e+00 -1.394618396194288223e+01 1.489999999999999991e+00
-7.077825097744801397e+00 1.385016437813782753e-01 -6.920000000000381846e+00 4.000000000000000000e+02 -1.034109205966936340e+00 -1.394682349265867494e+01 2.049999999999999878e-01
-7.076786119939608710e+00 1.383814823031768448e-01 -6.922500000000382236e+00 4.000000000000000000e+02 -1.032768601757894311e+00 -1.394798288844963352e+01 8.900000000000000133e-01
-7.075749422504788555e+00 1.384424156508028969e-01 -6.925000000000382627e+00 4.000000000000000000e+02 -1.030106204383449686e+00 -1.394782049107519128e+01 9.799999999999999822e-01
-7.074713630589441138e+00 1.389035019579208663e-01 -6.927500000000383018e+00 4.000000000000000000e+02 -1.028056826273000102e+00 -1.394827111296473987e+01 1.620000000000000107e+00
-7.073679376350498593e+00 1.397380807580497764e-01 -6.930000000000383409e+00 4.000000000000000000e+02 -1.026369767420536094e+00 -1.394908405411227648e+01 7.500000000000000000e-01
-7.072647029832912047e+00 1.397315404787055904e-01 -6.932500000000383800e+00 4.000000000000000000e+02 -1.026064068615898606e+00 -1.395127835530763960e+01 1.159999999999999920e+00
-7.071618007255121796e+00 1.395002984515839040e-01 -6.935000000000384190e+00 4.000000000000000000e+02 -1.025438570310557074e+00 -1.395315285700229957e+01 4.099999999999999756e-01
-7.070591966605944023e+00 1.389519188446420861e-01 -6.937500000000384581e+00 4.000000000000000000e+02 -1.025025347921450392e+00 -1.395523963461319283e+01 1.155000000000000027e+00
-7.069569113238669544e+00 1.390139460808376415e-01 -6.940000000000384972e+00 4.000000000000000000e+02 -1.024825700645906723e+00 -1.395753998733764867e+01 3.150000000000000022e-01
-7.068549651652957344e+00 1.385574249038568351e-01 -6.942500000000385363e+00 4.000000000000000000e+02 -1.023169194673132942e+00 -1.395838348136487639e+01 1.294999999999999929e+00
-7.067532086545893932e+00 1.386019135051926865e-01 -6.945000000000385754e+00 4.000000000000000000e+02 -1.021798009290579623e+00 -1.395951229598232324e+01 5.550000000000000488e-01
-7.066516702070410716e+00 1.384557612470581622e-01 -6.947500000000386144e+00 4.000000000000000000e+02 -1.018543537167552193e+00 -1.395875782385929575e+01 1.270000000000000018e+00
-7.065501582352317733e+00 1.382785408341338229e-01 -6.950000000000386535e+00 4.000000000000000000e+02 -1.015400458462166311e+00 -1.395811474515390849e+01 6.899999999999999467e-01
-7.064486840038632032e+00 1.382680788936516691e-01 -6.952500000000386926e+00 4.000000000000000000e+02 -1.012458924597924304e+00 -1.395767321128966820e+01 1.150000000000000050e-01
-7.063472678922376069e+00 1.375060409022604846e-01 -6.955000000000387317e+00 4.000000000000000000e+02 -1.010308574799158920e+00 -1.395802286149090499e+01 1.715000000000000080e+00
-7.062459899288110243e+00 1.370110831216398983e-01 -6.957500000000387708e+00 4.000000000000000000e+02 -1.009641853782198728e+00 -1.395985614047394385e+01 1.925000000000000044e+00
-7.061449996533228024e+00 1.364384840613309946e-01 -6.960000000000388098e+00 4.000000000000000000e+02 -1.009488700925446514e+00 -1.396220298761719114e+01 1.485000000000000098e+00
-7.060443476383385430e+00 1.360110546009106469e-01 -6.962500000000388489e+00 4.000000000000000000e+02 -1.006571310455451229e+00 -1.396178559714719647e+01 9.449999999999999512e-01
-7.059437548731748002e+00 1.356854515906289471e-01 -6.965000000000388880e+00 4.000000000000000000e+02 -1.004070357675417746e+00 -1.396178464436716382e+01 5.999999999999999778e-02
-7.058432630996785306e+00 1.355223616998981750e-01 -6.967500000000389271e+00 4.000000000000000000e+02 -1.002905789256991032e+00 -1.396312007594873705e+01 1.635000000000000009e+00
-7.057430061193239013e+00 1.354380575885108795e-01 -6.970000000000389662e+00 4.000000000000000000e+02 -1.002688035061644500e+00 -1.396540232175339113e+01 7.600000000000000089e-01
-7.056430777601477189e+00 1.351395162506274505e-01 -6.972500000000390052e+00 4.000000000000000000e+02 -1.002555232782668559e+00 -1.396776951947441603e+01 3.549999999999999822e-01
-7.055434850751252540e+00 1.347742940075905560e-01 -6.975000000000390443e+00 4.000000000000000000e+02 -1.000796166770828943e+00 -1.396851045346257791e+01 8.500000000000000611e-02
-7.054440651327197109e+00 1.338299108834863083e-01 -6.977500000000390834e+00 4.000000000000000000e+02 -9.967202600371672938e-01 -1.396693454672891477e+01 1.745000000000000107e+00
-7.053445873689470957e+00 1.347259886995136602e-01 -6.980000000000391225e+00 4.000000000000000000e+02 -9.960154652523407481e-01 -1.396872975194408895e+01 4.949999999999999956e-01
-7.052453866221976675e+00 1.340648057135951365e-01 -6.982500000000391616e+00 4.000000000000000000e+02 -9.938616390364668485e-01 -1.396907592572821599e+01 2.849999999999999756e-01
-7.051463184695563768e+00 1.340440299439655536e-01 -6.985000000000392006e+00 4.000000000000000000e+02 -9.932523285528255252e-01 -1.397096661524457595e+01 1.875000000000000000e+00
-7.050475352174291999e+00 1.333789519159806480e-01 -6.987500000000392397e+00 4.000000000000000000e+02 -9.920493470851758921e-01 -1.397226363377692593e+01 9.749999999999999778e-01
-7.049489773016032856e+00 1.333503715642249954e-01 -6.990000000000392788e+00 4.000000000000000000e+02 -9.901897312347952562e-01 -1.397290401792654357e+01 1.415000000000000036e+00
-7.048505794283690840e+00 1.331181531934131357e-01 -6.992500000000393179e+00 4.000000000000000000e+02 -9.894695456283312263e-01 -1.397468383232008193e+01 5.100000000000000089e-01
-7.047524529978375973e+00 1.330491501202205329e-01 -6.995000000000393570e+00 4.000000000000000000e+02 -9.886502129194020272e-01 -1.397636449961115446e+01 1.764999999999999902e+00
-7.046545872982004077e+00 1.330072750197058007e-01 -6.997500000000393960e+00 4.000000000000000000e+02 -9.884697876445722731e-01 -1.397868407433632321e+01 1.959999999999999964e+00
-7.045570436934782244e+00 1.330685388032268601e-01 -7.000000000000394351e+00 4.000000000000000000e+02 -9.875885423476598035e-01 -1.398030282903940957e+01 1.459999999999999964e+00
-7.044597526846346547e+00 1.337348072277382005e-01 -7.002500000000394742e+00 4.000000000000000000e+02 -9.865364556361539972e-01 -1.398175074232790571e+01 1.104999999999999982e+00
-7.043626968011682088e+00 1.338294952580095509e-01 -7.005000000000395133e+00 4.000000000000000000e+02 -9.857576005842526579e-01 -1.398347188727600532e+01 1.499999999999999944e-01
-7.042659016858819676e+00 1.343037715229985218e-01 -7.007500000000395524e+00 4.000000000000000000e+02 -9.850846335104940232e-01 -1.398529892020224707e+01 1.514999999999999902e+00
-7.041693766033296775e+00 1.338717785832971019e-01 -7.010000000000395914e+00 4.000000000000000000e+02 -9.843738353218157711e-01 -1.398708812201356722e+01 1.604999999999999982e+00
-7.040731169009656121e+00 1.337819921325908434e-01 -7.012500000000396305e+00 4.000000000000000000e+02 -9.819992479056737222e-01 -1.398721353459742645e+01 1.300000000000000044e+00
-7.039769618228199910e+00 1.336692264302063726e-01 -7.015000000000396696e+00 4.000000000000000000e+02 -9.816437791990979544e-01 -1.398935806589085296e+01 1.689999999999999947e+00
-7.038811048040008345e+00 1.338099916421428837e-01 -7.017500000000397087e+00 4.000000000000000000e+02 -9.805562236813081256e-01 -1.399077051037306241e+01 6.500000000000000222e-02
-7.037854746858422494e+00 1.337141258416311151e-01 -7.020000000000397478e+00 4.000000000000000000e+02 -9.793946644811215574e-01 -1.399210895117287556e+01 1.185000000000000053e+00
-7.036900636580017299e+00 1.337575756337485711e-01 -7.022500000000397868e+00 4.000000000000000000e+02 -9.777113179203297255e-01 -1.399292560461208446e+01 5.000000000000000000e-01
-7.035948213506908466e+00 1.336267899574369034e-01 -7.025000000000398259e+00 4.000000000000000000e+02 -9.772931922778252956e-01 -1.399500747896958153e+01 6.999999999999999556e-01
-7.034998674619114212e+00 1.339405984903608571e-01 -7.027500000000398650e+00 4.000000000000000000e+02 -9.766069168409726720e-01 -1.399682120353272907e+01 8.900000000000000133e-01
-7.034051754695429537e+00 1.340022184817916129e-01 -7.030000000000399041e+00 4.000000000000000000e+02 -9.759217172279497365e-01 -1.399863600391970486e+01 7.800000000000000266e-01
-7.033107445059273211e+00 1.338877969650075495e-01 -7.032500000000399432e+00 4.000000000000000000e+02 -9.734646374362018184e-01 -1.399867892412795811e+01 1.445000000000000062e+00
-7.032164066774373445e+00 1.338913370761102839e-01 -7.035000000000399822e+00 4.000000000000000000e+02 -9.704543854109890511e-01 -1.399816867210274651e+01 7.049999999999999600e-01
-7.031221096810358340e+00 1.334181798576898614e-01 -7.037500000000400213e+00 4.000000000000000000e+02 -9.701808448019118014e-01 -1.400039513149366854e+01 5.500000000000000444e-01
-7.030281109389832750e+00 1.335111603356415044e-01 -7.040000000000400604e+00 4.000000000000000000e+02 -9.681992463116008141e-01 -1.400091353300335761e+01 1.389999999999999902e+00
-7.029342491194721987e+00 1.335662080679679009e-01 -7.042500000000400995e+00 4.000000000000000000e+02 -9.678878940192844338e-01 -1.400310218071104273e+01 1.475000000000000089e+00
-7.028406802352630045e+00 1.326234831134112391e-01 -7.045000000000401386e+00 4.000000000000000000e+02 -9.657764997258400097e-01 -1.400349078641759881e+01 1.715000000000000080e+00
-7.027472351239659076e+00 1.324094890357736809e-01 -7.047500000000401776e+00 4.000000000000000000e+02 -9.652141571517914853e-01 -1.400542844384355057e+01 1.475000000000000089e+00
-7.026540578873064824e+00 1.320841542321668227e-01 -7.050000000000402167e+00 4.000000000000000000e+02 -9.640750815208032343e-01 -1.400678936821256215e+01 4.499999999999999833e-02
-7.025610939339356875e+00 1.325044860587178130e-01 -7.052500000000402558e+00 4.000000000000000000e+02 -9.629991463270592966e-01 -1.400821343301881861e+01 3.750000000000000000e-01
-7.024683484316033066e+00 1.324239030317516108e-01 -7.055000000000402949e+00 4.000000000000000000e+02 -9.626943557094134185e-01 -1.401040864240117401e+01 1.735000000000000098e+00
-7.023758919570049386e+00 1.314890015368842535e-01 -7.057500000000403340e+00 4.000000000000000000e+02 -9.613099737711393589e-01 -1.401152426046290067e+01 1.304999999999999938e+00
-7.022836238313230339e+00 1.314377184647890218e-01 -7.060000000000403730e+00 4.000000000000000000e+02 -9.608395533476201678e-01 -1.401355384003938020e+01 1.350000000000000089e+00
-7.021916275784374051e+00 1.318477836236332523e-01 -7.062500000000404121e+00 4.000000000000000000e+02 -9.598803739816650360e-01 -1.401509466067342657e+01 1.844999999999999973e+00
-7.020998573263541154e+00 1.317514294421103238e-01 -7.065000000000404512e+00 4.000000000000000000e+02 -9.590376455666471678e-01 -1.401675193225841021e+01 9.749999999999999778e-01
-7.020083229683351966e+00 1.318842849476713208e-01 -7.067500000000404903e+00 4.000000000000000000e+02 -9.553264212852929926e-01 -1.401554070797705442e+01 3.599999999999999867e-01
-7.019167615354560574e+00 1.317606461091221925e-01 -7.070000000000405294e+00 4.000000000000000000e+02 -9.519700113282628662e-01 -1.401468429802002369e+01 5.999999999999999778e-01
-7.018252055207728546e+00 1.311784880940022324e-01 -7.072500000000405684e+00 4.000000000000000000e+02 -9.504831835312254062e-01 -1.401569747022298884e+01 1.179999999999999938e+00
-7.017338258423718500e+00 1.310560993558953502e-01 -7.075000000000406075e+00 4.000000000000000000e+02 -9.482918808780101960e-01 -1.401600616756977402e+01 5.300000000000000266e-01
-7.016425577559044058e+00 1.311409275685743725e-01 -7.077500000000406466e+00 4.000000000000000000e+02 -9.482723360978941862e-01 -1.401848662278965740e+01 1.510000000000000009e+00
-7.015515986891045941e+00 1.309587706756675796e-01 -7.080000000000406857e+00 4.000000000000000000e+02 -9.455835631290112619e-01 -1.401829784982077420e+01 1.050000000000000044e+00
-7.014607051338082044e+00 1.307788569826148772e-01 -7.082500000000407248e+00 4.000000000000000000e+02 -9.436932423789448077e-01 -1.401890752907070947e+01 1.205000000000000071e+00
-7.013699494434848525e+00 1.304472086578388479e-01 -7.085000000000407638e+00 4.000000000000000000e+02 -9.434574322972399951e-01 -1.402117171898900594e+01 1.544999999999999929e+00
-7.012794810212529484e+00 1.303727512617458562e-01 -7.087500000000408029e+00 4.000000000000000000e+02 -9.399901421792568046e-01 -1.402020442887102192e+01 9.899999999999999911e-01
-7.011890069375485979e+00 1.310291011810729156e-01 -7.090000000000408420e+00 4.000000000000000000e+02 -9.396410965691608386e-01 -1.402235538326092623e+01 2.300000000000000100e-01
-7.010988087686556014e+00 1.310091980968390857e-01 -7.092500000000408811e+00 4.000000000000000000e+02 -9.372940024793489089e-01 -1.402250828917111569e+01 5.000000000000000104e-03
-7.010087056556937313e+00 1.310804088061205686e-01 -7.095000000000409202e+00 4.000000000000000000e+02 -9.370496808812978085e-01 -1.402476396757306532e+01 1.479999999999999982e+00
-7.009188863961324678e+00 1.313176173180049255e-01 -7.097500000000409592e+00 4.000000000000000000e+02 -9.370486653235807761e-01 -1.402726295201534690e+01 6.550000000000000266e-01
-7.008293716144935459e+00 1.311582254502889067e-01 -7.100000000000409983e+00 4.000000000000000000e+02 -9.362245303300030796e-01 -1.402893881702176948e+01 1.900000000000000022e-01
-7.007400865783288246e+00 1.309541687236122076e-01 -7.102500000000410374e+00 4.000000000000000000e+02 -9.354062717067227473e-01 -1.403062055839849087e+01 1.399999999999999911e+00
-7.006510310168253319e+00 1.310814970225321618e-01 -7.105000000000410765e+00 4.000000000000000000e+02 -9.314728468034789710e-01 -1.402918713349524715e+01 5.300000000000000266e-01
-7.005619271182058405e+00 1.312809559504108381e-01 -7.107500000000411156e+00 4.000000000000000000e+02 -9.303610777095757678e-01 -1.403057536440134356e+01 1.024999999999999911e+00
-7.004730259899990763e+00 1.314548978222008224e-01 -7.110000000000411546e+00 4.000000000000000000e+02 -9.283873222697456296e-01 -1.403110160896151370e+01 3.699999999999999956e-01
-7.003842505348514713e+00 1.311530594113926307e-01 -7.112500000000411937e+00 4.000000000000000000e+02 -9.276731277679082233e-01 -1.403288741445967780e+01 9.649999999999999689e-01
-7.002957120043164174e+00 1.314915684110205540e-01 -7.115000000000412328e+00 4.000000000000000000e+02 -9.248028261032070763e-01 -1.403251711279497727e+01 5.500000000000000028e-02
-7.002072190466195778e+00 1.315030162647464196e-01 -7.117500000000412719e+00 4.000000000000000000e+02 -9.245221235844516272e-01 -1.403473641027622065e+01 1.425000000000000044e+00
-7.001190002442822191e+00 1.309606972469561648e-01 -7.120000000000413110e+00 4.000000000000000000e+02 -9.202207281973451281e-01 -1.403293501488911410e+01 1.780000000000000027e+00
-7.000307003490985558e+00 1.318751055283843288e-01 -7.122500000000413500e+00 4.000000000000000000e+02 -9.187571875840317981e-01 -1.403397147427580194e+01 1.199999999999999956e+00
-6.999425697047346517e+00 1.314830353442361655e-01 -7.125000000000413891e+00 4.000000000000000000e+02 -9.184859860567758938e-01 -1.403620027274854820e+01 1.344999999999999973e+00
-6.998547126099457394e+00 1.317486799415569509e-01 -7.127500000000414282e+00 4.000000000000000000e+02 -9.184510035030047925e-01 -1.403866529019477660e+01 1.049999999999999961e-01
-6.997671486542025754e+00 1.329314118123969823e-01 -7.130000000000414673e+00 4.000000000000000000e+02 -9.178521466882296753e-01 -1.404056643338000043e+01 1.564999999999999947e+00
-6.996798274012899554e+00 1.334726611015650821e-01 -7.132500000000415064e+00 4.000000000000000000e+02 -9.170394268916418623e-01 -1.404225371358341334e+01 1.129999999999999893e+00
-6.995927293505940447e+00 1.333830081662940592e-01 -7.135000000000415454e+00 4.000000000000000000e+02 -9.160640590893179835e-01 -1.404377834578109230e+01 4.600000000000000200e-01
-6.995058396128539080e+00 1.333199169223363290e-01 -7.137500000000415845e+00 4.000000000000000000e+02 -9.142898355089282836e-01 -1.404450412220070099e+01 3.750000000000000000e-01
-6.994190882654444330e+00 1.328746769721985688e-01 -7.140000000000416236e+00 4.000000000000000000e+02 -9.129979133402448266e-01 -1.404571220003201759e+01 1.459999999999999964e+00
-6.993325167138036313e+00 1.328454287087161845e-01 -7.142500000000416627e+00 4.000000000000000000e+02 -9.122049963332242717e-01 -1.404741928302499865e+01 1.544999999999999929e+00
-6.992461675110341446e+00 1.325035754770357288e-01 -7.145000000000417018e+00 4.000000000000000000e+02 -9.118488726626972074e-01 -1.404956315935447186e+01 1.705000000000000071e+00
-6.991600774904524584e+00 1.323256160058391140e-01 -7.147500000000417408e+00 4.000000000000000000e+02 -9.106182465426871930e-01 -1.405083253323446257e+01 5.699999999999999512e-01
-6.990741705913398718e+00 1.317051751043597507e-01 -7.150000000000417799e+00 4.000000000000000000e+02 -9.096892715026660969e-01 -1.405240355819443998e+01 1.439999999999999947e+00
-6.989884721112943566e+00 1.322332233207940966e-01 -7.152500000000418190e+00 4.000000000000000000e+02 -9.092850458720463935e-01 -1.405449933256382167e+01 1.110000000000000098e+00
-6.989030261970768265e+00 1.325925286886865395e-01 -7.155000000000418581e+00 4.000000000000000000e+02 -9.082918269498914121e-01 -1.405600611364166852e+01 1.659999999999999920e+00
-6.988177817173079731e+00 1.331932552418195748e-01 -7.157500000000418972e+00 4.000000000000000000e+02 -9.074602059922672881e-01 -1.405767449268404334e+01 7.099999999999999645e-01
-6.987327517620201434e+00 1.332456299788125353e-01 -7.160000000000419362e+00 4.000000000000000000e+02 -9.065436160087778639e-01 -1.405925790270055309e+01 2.899999999999999800e-01
-6.986479284057041106e+00 1.329438341924734646e-01 -7.162500000000419753e+00 4.000000000000000000e+02 -9.063719156723145653e-01 -1.406158620236409185e+01 5.100000000000000089e-01
-6.985633739524006458e+00 1.326235541474138357e-01 -7.165000000000420144e+00 4.000000000000000000e+02 -9.044243068745214664e-01 -1.406213859356629925e+01 8.349999999999999645e-01
-6.984789375683546631e+00 1.325870813970766449e-01 -7.167500000000420535e+00 4.000000000000000000e+02 -9.039684715934566128e-01 -1.406418275828523434e+01 8.999999999999999667e-02
-6.983947446268077286e+00 1.326159877507646911e-01 -7.170000000000420926e+00 4.000000000000000000e+02 -9.026252702334333078e-01 -1.406533955692520976e+01 5.200000000000000178e-01
-6.983107197253876741e+00 1.326027462770261178e-01 -7.172500000000421316e+00 4.000000000000000000e+02 -9.006391833736511199e-01 -1.406585347006542897e+01 1.885000000000000009e+00
-6.982268084826105614e+00 1.322932537467759184e-01 -7.175000000000421707e+00 4.000000000000000000e+02 -9.005467099893111893e-01 -1.406826099668109009e+01 8.950000000000000178e-01
-6.981431691138758389e+00 1.323321741369531401e-01 -7.177500000000422098e+00 4.000000000000000000e+02 -8.979711249834978481e-01 -1.406818541167527670e+01 4.050000000000000266e-01
-6.980595933279249543e+00 1.323157595997737634e-01 -7.180000000000422489e+00 4.000000000000000000e+02 -8.979569267033862268e-01 -1.407067121339516547e+01 1.385000000000000009e+00
-6.979762945680052511e+00 1.324807383801052119e-01 -7.182500000000422880e+00 4.000000000000000000e+02 -8.978151481708173121e-01 -1.407302943486259750e+01 1.064999999999999947e+00
-6.978932610979898143e+00 1.324632679020304182e-01 -7.185000000000423270e+00 4.000000000000000000e+02 -8.964511099764501667e-01 -1.407416539666823141e+01 4.899999999999999911e-01
-6.978103906684189006e+00 1.326637569057992072e-01 -7.187500000000423661e+00 4.000000000000000000e+02 -8.961899853907084879e-01 -1.407640427208249001e+01 1.899999999999999911e+00
-6.977277739561666081e+00 1.325470185616809682e-01 -7.190000000000424052e+00 4.000000000000000000e+02 -8.953541246411201859e-01 -1.407806841133290021e+01 1.219999999999999973e+00
-6.976453626442247646e+00 1.326326838419541465e-01 -7.192500000000424443e+00 4.000000000000000000e+02 -8.949750421220337149e-01 -1.408018932881381602e+01 9.749999999999999778e-01
-6.975631935795441052e+00 1.321768683641885433e-01 -7.195000000000424834e+00 4.000000000000000000e+02 -8.936805650189648675e-01 -1.408139485171074767e+01 1.725000000000000089e+00
-6.974811908521676429e+00 1.321291605140048619e-01 -7.197500000000425224e+00 4.000000000000000000e+02 -8.926588386869713787e-01 -1.408287312537875380e+01 1.459999999999999964e+00
-6.973993762983385913e+00 1.327920390784075866e-01 -7.200000000000425615e+00 4.000000000000000000e+02 -8.911789159670555627e-01 -1.408389320265883704e+01 2.300000000000000100e-01
-6.973177119384098788e+00 1.328789302210172940e-01 -7.202500000000426006e+00 4.000000000000000000e+02 -8.903092270798305119e-01 -1.408552351377161393e+01 3.850000000000000089e-01
-6.972362470819109426e+00 1.327239643622140364e-01 -7.205000000000426397e+00 4.000000000000000000e+02 -8.884194545416064237e-01 -1.408613374123339135e+01 1.635000000000000009e+00
-6.971548981729069894e+00 1.328543396436714930e-01 -7.207500000000426787e+00 4.000000000000000000e+02 -8.852624213051841773e-01 -1.408547670799696760e+01 9.500000000000000111e-02
-6.970735619852462150e+00 1.319461902570903122e-01 -7.210000000000427178e+00 4.000000000000000000e+02 -8.851277065016294188e-01 -1.408784199319341290e+01 4.299999999999999933e-01
-6.969924838215384888e+00 1.318282419640423031e-01 -7.212500000000427569e+00 4.000000000000000000e+02 -8.828211640993650633e-01 -1.408803545079114983e+01 9.100000000000000311e-01
-6.969114870058849220e+00 1.332279668684905050e-01 -7.215000000000427960e+00 4.000000000000000000e+02 -8.825247795797425132e-01 -1.409023906627152911e+01 1.235000000000000098e+00
-6.968307338151043417e+00 1.338822599952269599e-01 -7.217500000000428351e+00 4.000000000000000000e+02 -8.824425448974946296e-01 -1.409265683158928084e+01 1.104999999999999982e+00
-6.967502405531713627e+00 1.332595210906995786e-01 -7.220000000000428741e+00 4.000000000000000000e+02 -8.812650514057014384e-01 -1.409397933809748693e+01 2.149999999999999967e-01
-6.966699182850439875e+00 1.330071743504048776e-01 -7.222500000000429132e+00 4.000000000000000000e+02 -8.805318399109518523e-01 -1.409574612660273729e+01 1.709999999999999964e+00
-6.965898020984454320e+00 1.331451405138435184e-01 -7.225000000000429523e+00 4.000000000000000000e+02 -8.799946042906452437e-01 -1.409770889098243352e+01 8.050000000000000488e-01
-6.965099069530318765e+00 1.330790846650349302e-01 -7.227500000000429914e+00 4.000000000000000000e+02 -8.794895086400563722e-01 -1.409970379533184293e+01 1.554999999999999938e+00
-6.964302346228353535e+00 1.327425167318393162e-01 -7.230000000000430305e+00 4.000000000000000000e+02 -8.762216841066639006e-01 -1.409893597079845051e+01 5.949999999999999734e-01
-6.963505645941209465e+00 1.327763613104595841e-01 -7.232500000000430695e+00 4.000000000000000000e+02 -8.758659205752932220e-01 -1.410108020726708133e+01 2.999999999999999889e-02
-6.962711284328224615e+00 1.330346161894669643e-01 -7.235000000000431086e+00 4.000000000000000000e+02 -8.743474353156179824e-01 -1.410206172200740760e+01 1.849999999999999978e-01
-6.961918331592721998e+00 1.329461607051630745e-01 -7.237500000000431477e+00 4.000000000000000000e+02 -8.738881495601386051e-01 -1.410410243625192805e+01 4.799999999999999822e-01
-6.961127621753776751e+00 1.325037313173813291e-01 -7.240000000000431868e+00 4.000000000000000000e+02 -8.716645932164478472e-01 -1.410437887990823569e+01 1.064999999999999947e+00
-6.960337754940540300e+00 1.327095751494963838e-01 -7.242500000000432259e+00 4.000000000000000000e+02 -8.713329092470954995e-01 -1.410654719593888551e+01 5.350000000000000311e-01
-6.959550220326700121e+00 1.319966757226979093e-01 -7.245000000000432649e+00 4.000000000000000000e+02 -8.703571668430714059e-01 -1.410807145353486192e+01 9.949999999999999956e-01
-6.958764503512191446e+00 1.324146780300893833e-01 -7.247500000000433040e+00 4.000000000000000000e+02 -8.702573407526522642e-01 -1.411047162744444172e+01 9.500000000000000111e-02
-6.957981284943887346e+00 1.330585907924567435e-01 -7.250000000000433431e+00 4.000000000000000000e+02 -8.698999603169347283e-01 -1.411261424700872524e+01 5.999999999999999778e-02
-6.957200353703982820e+00 1.329040235519269864e-01 -7.252500000000433822e+00 4.000000000000000000e+02 -8.698050908474497245e-01 -1.411501937753924096e+01 1.754999999999999893e+00
-6.956421905633206393e+00 1.328857292302157433e-01 -7.255000000000434213e+00 4.000000000000000000e+02 -8.686722638037289723e-01 -1.411638655049552149e+01 5.150000000000000133e-01
-6.955645125378546290e+00 1.329798167197253078e-01 -7.257500000000434603e+00 4.000000000000000000e+02 -8.675528671820602611e-01 -1.411776715387385295e+01 6.800000000000000488e-01
-6.954870018481908112e+00 1.328295367231163704e-01 -7.260000000000434994e+00 4.000000000000000000e+02 -8.675199305899822244e-01 -1.412023421728177297e+01 1.610000000000000098e+00
-6.954097419575439254e+00 1.323086240350170584e-01 -7.262500000000435385e+00 4.000000000000000000e+02 -8.658503171715223878e-01 -1.412106460386331541e+01 7.000000000000000666e-02
-6.953326057664567905e+00 1.320200954822230988e-01 -7.265000000000435776e+00 4.000000000000000000e+02 -8.634456958552946260e-01 -1.412115998254708771e+01 5.899999999999999689e-01
-6.952555363777269015e+00 1.318276615919753980e-01 -7.267500000000436167e+00 4.000000000000000000e+02 -8.616810236214444974e-01 -1.412189531031323853e+01 7.750000000000000222e-01
-6.951785829251943660e+00 1.315073338017845039e-01 -7.270000000000436557e+00 4.000000000000000000e+02 -8.612280426917227061e-01 -1.412394232938351557e+01 8.050000000000000488e-01
-6.951018458282137047e+00 1.321590340450939094e-01 -7.272500000000436948e+00 4.000000000000000000e+02 -8.606948491198563866e-01 -1.412590913581164997e+01 3.900000000000000133e-01
-6.950253181773454081e+00 1.321828028542359201e-01 -7.275000000000437339e+00 4.000000000000000000e+02 -8.600672920146807954e-01 -1.412778157870647533e+01 4.699999999999999734e-01
-6.949489920420433009e+00 1.320029139065656276e-01 -7.277500000000437730e+00 4.000000000000000000e+02 -8.594818100552971130e-01 -1.412969609674709126e+01 2.500000000000000139e-02
-6.948728699402221487e+00 1.317554541687974978e-01 -7.280000000000438121e+00 4.000000000000000000e+02 -8.541817603863178787e-01 -1.412689604707811242e+01 4.400000000000000022e-01
-6.947965925393948083e+00 1.320086847870656499e-01 -7.282500000000438511e+00 4.000000000000000000e+02 -8.504948405800918376e-01 -1.412570912727188777e+01 1.504999999999999893e+00
-6.947202827913099732e+00 1.320642232210496314e-01 -7.285000000000438902e+00 4.000000000000000000e+02 -8.490309243873022105e-01 -1.412674521107909875e+01 1.385000000000000009e+00
-6.946441101626303016e+00 1.315295889668717799e-01 -7.287500000000439293e+00 4.000000000000000000e+02 -8.469936349798414810e-01 -1.412720792167163708e+01 3.049999999999999933e-01
-6.945680307100005280e+00 1.314842325153919300e-01 -7.290000000000439684e+00 4.000000000000000000e+02 -8.463638661905628080e-01 -1.412907815288235902e+01 1.935000000000000053e+00
-6.944921510854532798e+00 1.311897555817596039e-01 -7.292500000000440075e+00 4.000000000000000000e+02 -8.455265327767473860e-01 -1.413074081946854399e+01 1.604999999999999982e+00
-6.944164549088762683e+00 1.310750322075789898e-01 -7.295000000000440465e+00 4.000000000000000000e+02 -8.452226991513999144e-01 -1.413293698584319813e+01 1.564999999999999947e+00
-6.943409818588504478e+00 1.314291636246975592e-01 -7.297500000000440856e+00 4.000000000000000000e+02 -8.443805411908258396e-01 -1.413459482788262456e+01 1.979999999999999982e+00
-6.942656906051165144e+00 1.314944311334491078e-01 -7.300000000000441247e+00 4.000000000000000000e+02 -8.418274108345042972e-01 -1.413454169752630207e+01 5.100000000000000089e-01
-6.941904520006209722e+00 1.311114804202485329e-01 -7.302500000000441638e+00 4.000000000000000000e+02 -8.415736332473898740e-01 -1.413678791993918793e+01 8.050000000000000488e-01
-6.941154385848480324e+00 1.311696560645967402e-01 -7.305000000000442029e+00 4.000000000000000000e+02 -8.390269020219686125e-01 -1.413674118871376884e+01 1.530000000000000027e+00
-6.940404778954141207e+00 1.308407344256003746e-01 -7.307500000000442419e+00 4.000000000000000000e+02 -8.376297979375602054e-01 -1.413784408462936071e+01 1.060000000000000053e+00
-6.939656558904339079e+00 1.299141359841291810e-01 -7.310000000000442810e+00 4.000000000000000000e+02 -8.312309847189472967e-01 -1.413394527141074697e+01 9.399999999999999467e-01
-6.938905978686010556e+00 1.300857530099565340e-01 -7.312500000000443201e+00 4.000000000000000000e+02 -8.283102576788369253e-01 -1.413352454437063699e+01 8.900000000000000133e-01
-6.938155645915278669e+00 1.299648801403051612e-01 -7.315000000000443592e+00 4.000000000000000000e+02 -8.243246050931228863e-01 -1.413203889178492467e+01 1.175000000000000044e+00
-6.937404761414261323e+00 1.299966729007979716e-01 -7.317500000000443983e+00 4.000000000000000000e+02 -8.232076672565231679e-01 -1.413342195394832501e+01 1.549999999999999989e-01
-6.936655476952756416e+00 1.297131636177489833e-01 -7.320000000000444373e+00 4.000000000000000000e+02 -8.231662252764824217e-01 -1.413588051196828310e+01 1.499999999999999944e-02
-6.935908591330792738e+00 1.300727807930255608e-01 -7.322500000000444764e+00 4.000000000000000000e+02 -8.229539640050498317e-01 -1.413816825069685201e+01 1.929999999999999938e+00
-6.935163967948223984e+00 1.295665065014189321e-01 -7.325000000000445155e+00 4.000000000000000000e+02 -8.197444734404887301e-01 -1.413745876013229186e+01 5.100000000000000089e-01
-6.934419370716176978e+00 1.293739794515160746e-01 -7.327500000000445546e+00 4.000000000000000000e+02 -8.195257899100183430e-01 -1.413974007660182153e+01 1.050000000000000044e+00
-6.933677022330892115e+00 1.290920498780012138e-01 -7.330000000000445937e+00 4.000000000000000000e+02 -8.194920869585984313e-01 -1.414220637365040112e+01 7.750000000000000222e-01
-6.932937051181407462e+00 1.291803633095578163e-01 -7.332500000000446327e+00 4.000000000000000000e+02 -8.187474106496070991e-01 -1.414396169734141040e+01 1.929999999999999938e+00
-6.932198923495875853e+00 1.286424578965235099e-01 -7.335000000000446718e+00 4.000000000000000000e+02 -8.185531845468385637e-01 -1.414626747123864270e+01 1.150000000000000050e-01
-6.931463038357111195e+00 1.284889188404340354e-01 -7.337500000000447109e+00 4.000000000000000000e+02 -8.178032915014018522e-01 -1.414801757819320649e+01 1.745000000000000107e+00
-6.930728979680476520e+00 1.283348135846521521e-01 -7.340000000000447500e+00 4.000000000000000000e+02 -8.171844918156894177e-01 -1.414989877850749345e+01 6.149999999999999911e-01
-6.929996837547579780e+00 1.284203174499506661e-01 -7.342500000000447891e+00 4.000000000000000000e+02 -8.170779012276432329e-01 -1.415229218791944810e+01 1.764999999999999902e+00
-6.929266979356627942e+00 1.282385180351670317e-01 -7.345000000000448281e+00 4.000000000000000000e+02 -8.159648346830972176e-01 -1.415367912137490336e+01 1.719999999999999973e+00
-6.928538663927497510e+00 1.284493896318037731e-01 -7.347500000000448672e+00 4.000000000000000000e+02 -8.156265056239411226e-01 -1.415584079231574677e+01 1.500000000000000000e+00
-6.927812449518517823e+00 1.283671768522424428e-01 -7.350000000000449063e+00 4.000000000000000000e+02 -8.155097719912332010e-01 -1.415822405868303946e+01 1.014999999999999902e+00
-6.927088488936142596e+00 1.285016854736849568e-01 -7.352500000000449454e+00 4.000000000000000000e+02 -8.143374372932289385e-01 -1.415955172398503592e+01 7.750000000000000222e-01
-6.926366011591575500e+00 1.282809884690637725e-01 -7.355000000000449845e+00 4.000000000000000000e+02 -8.138736069637191317e-01 -1.416158789365552728e+01 5.500000000000000028e-02
-6.925645523843604323e+00 1.278323853724353532e-01 -7.357500000000450235e+00 4.000000000000000000e+02 -8.126488719439187713e-01 -1.416286315863572653e+01 5.699999999999999512e-01
-6.924926472060786153e+00 1.275086017047373788e-01 -7.360000000000450626e+00 4.000000000000000000e+02 -8.112492634124908175e-01 -1.416396355010429708e+01 1.274999999999999911e+00
-6.924208726893473553e+00 1.278771432470305613e-01 -7.362500000000451017e+00 4.000000000000000000e+02 -8.105533911433250305e-01 -1.416576767783513269e+01 1.235000000000000098e+00
-6.923492788860814429e+00 1.275154035467599145e-01 -7.365000000000451408e+00 4.000000000000000000e+02 -8.099916384624065158e-01 -1.416770592515421612e+01 1.090000000000000080e+00
-6.922778747863478799e+00 1.273832446147594999e-01 -7.367500000000451799e+00 4.000000000000000000e+02 -8.096164638577459938e-01 -1.416983075054955421e+01 1.705000000000000071e+00
-6.922066730338109153e+00 1.271749251817659021e-01 -7.370000000000452189e+00 4.000000000000000000e+02 -8.069181031438882323e-01 -1.416963238983569617e+01 6.400000000000000133e-01
-6.921355078321404619e+00 1.269648358339232064e-01 -7.372500000000452580e+00 4.000000000000000000e+02 -8.057326492933768458e-01 -1.417094693598518695e+01 5.849999999999999645e-01
-6.920644866281455698e+00 1.270335297750630199e-01 -7.375000000000452971e+00 4.000000000000000000e+02 -8.015830275680227990e-01 -1.416929731425983441e+01 1.969999999999999973e+00
-6.919933986985159713e+00 1.269169300631286246e-01 -7.377500000000453362e+00 4.000000000000000000e+02 -8.002893151681692574e-01 -1.417050360185998059e+01 8.000000000000000444e-01
-6.919224468774609171e+00 1.269187207895041969e-01 -7.380000000000453753e+00 4.000000000000000000e+02 -8.002369966965411363e-01 -1.417295128338835042e+01 3.499999999999999778e-01
-6.918517186331526680e+00 1.270658575321893524e-01 -7.382500000000454143e+00 4.000000000000000000e+02 -7.987830338331892710e-01 -1.417399732052500028e+01 6.999999999999999556e-01
-6.917811142456803175e+00 1.274864989484701672e-01 -7.385000000000454534e+00 4.000000000000000000e+02 -7.982528811376704558e-01 -1.417596716782948363e+01 7.700000000000000178e-01
-6.917106984688997429e+00 1.271866184469405969e-01 -7.387500000000454925e+00 4.000000000000000000e+02 -7.975956922717688524e-01 -1.417780997896358031e+01 6.049999999999999822e-01
-6.916404617478224992e+00 1.270707855030757671e-01 -7.390000000000455316e+00 4.000000000000000000e+02 -7.972891510521837866e-01 -1.418000343774399497e+01 6.899999999999999467e-01
-6.915704280547536165e+00 1.274919216508359487e-01 -7.392500000000455707e+00 4.000000000000000000e+02 -7.957159252581539333e-01 -1.418093021194996695e+01 4.400000000000000022e-01
-6.915005081818340393e+00 1.274430579790886975e-01 -7.395000000000456097e+00 4.000000000000000000e+02 -7.950105995790884839e-01 -1.418272488627090233e+01 1.145000000000000018e+00
-6.914307624022335119e+00 1.276397118774141304e-01 -7.397500000000456488e+00 4.000000000000000000e+02 -7.944058038325145787e-01 -1.418462009052432826e+01 1.300000000000000044e+00
-6.913611971528589528e+00 1.275054786241610338e-01 -7.400000000000456879e+00 4.000000000000000000e+02 -7.934263161382076879e-01 -1.418614060283002054e+01 1.260000000000000009e+00
-6.912917858474031618e+00 1.272163322856724732e-01 -7.402500000000457270e+00 4.000000000000000000e+02 -7.926136423694486455e-01 -1.418782792906126389e+01 8.000000000000000444e-01
-6.912225395869383782e+00 1.266577230046896374e-01 -7.405000000000457661e+00 4.000000000000000000e+02 -7.923356535935446310e-01 -1.419004994028536082e+01 1.425000000000000044e+00
-6.911534947795241912e+00 1.269036599740621385e-01 -7.407500000000458051e+00 4.000000000000000000e+02 -7.920629941697010512e-01 -1.419227728086151608e+01 2.700000000000000178e-01
-6.910846510674162779e+00 1.267355214385537943e-01 -7.410000000000458442e+00 4.000000000000000000e+02 -7.915077637195350180e-01 -1.419422205041134966e+01 1.149999999999999911e+00
-6.910159883344264564e+00 1.266226392682334723e-01 -7.412500000000458833e+00 4.000000000000000000e+02 -7.912416242974740221e-01 -1.419645591098928961e+01 1.060000000000000053e+00
-6.909475257690544048e+00 1.265691532519056528e-01 -7.415000000000459224e+00 4.000000000000000000e+02 -7.900712101382287855e-01 -1.419778549683004698e+01 1.500000000000000000e+00
-6.908792009159324898e+00 1.266006258261285766e-01 -7.417500000000459615e+00 4.000000000000000000e+02 -7.870712339235430566e-01 -1.419728552061535964e+01 5.000000000000000104e-03
-6.908108885794415954e+00 1.268391564966542540e-01 -7.420000000000460005e+00 4.000000000000000000e+02 -7.869217139550163109e-01 -1.419963600064683185e+01 1.840000000000000080e+00
-6.907427830910282118e+00 1.269728673118434570e-01 -7.422500000000460396e+00 4.000000000000000000e+02 -7.867457269195177183e-01 -1.420196001361133575e+01 9.649999999999999689e-01
-6.906748818876613960e+00 1.273117140312455542e-01 -7.425000000000460787e+00 4.000000000000000000e+02 -7.867451598417379843e-01 -1.420445944653355674e+01 1.820000000000000062e+00
-6.906071960890011852e+00 1.275401857753045431e-01 -7.427500000000461178e+00 4.000000000000000000e+02 -7.856330534740030291e-01 -1.420584734016582118e+01 2.700000000000000178e-01
-6.905396498533835192e+00 1.276146345663302650e-01 -7.430000000000461569e+00 4.000000000000000000e+02 -7.842796480452987051e-01 -1.420699393473711680e+01 7.650000000000000133e-01
-6.904722265373544943e+00 1.276634441213212734e-01 -7.432500000000461959e+00 4.000000000000000000e+02 -7.821505883518965474e-01 -1.420736487504371581e+01 3.500000000000000333e-02
-6.904048736298593170e+00 1.270703435185691899e-01 -7.435000000000462350e+00 4.000000000000000000e+02 -7.818968264499857046e-01 -1.420961111314180592e+01 1.485000000000000098e+00
-6.903377170244362482e+00 1.272141627532305252e-01 -7.437500000000462741e+00 4.000000000000000000e+02 -7.816504060376534557e-01 -1.421186469272947406e+01 1.849999999999999978e-01
-6.902707565091739994e+00 1.271951574521578143e-01 -7.440000000000463132e+00 4.000000000000000000e+02 -7.808371428176775764e-01 -1.421355142950949713e+01 1.294999999999999929e+00
-6.902039535374059120e+00 1.268998593018850762e-01 -7.442500000000463523e+00 4.000000000000000000e+02 -7.797895788189117550e-01 -1.421500386551073269e+01 1.820000000000000062e+00
-6.901372920218162399e+00 1.275894294336565316e-01 -7.445000000000463913e+00 4.000000000000000000e+02 -7.795876689947456306e-01 -1.421730195568656718e+01 1.179999999999999938e+00
-6.900708277797411583e+00 1.277581511784939561e-01 -7.447500000000464304e+00 4.000000000000000000e+02 -7.782239939964459285e-01 -1.421843828068826809e+01 8.599999999999999867e-01
-6.900044830902149151e+00 1.277150305138833042e-01 -7.450000000000464695e+00 4.000000000000000000e+02 -7.773118936121721223e-01 -1.422002618030399290e+01 6.600000000000000311e-01
-6.899382875481940403e+00 1.277486336912001530e-01 -7.452500000000465086e+00 4.000000000000000000e+02 -7.771923103711881886e-01 -1.422240659706301003e+01 1.294999999999999929e+00
-6.898722930252670693e+00 1.277800914364939366e-01 -7.455000000000465477e+00 4.000000000000000000e+02 -7.758563812838756846e-01 -1.422357066797570013e+01 6.850000000000000533e-01
-6.898064187280955828e+00 1.275516815616831723e-01 -7.457500000000465867e+00 4.000000000000000000e+02 -7.752217673857383362e-01 -1.422543605407756218e+01 3.350000000000000200e-01
-6.897407104419317925e+00 1.275271756713929616e-01 -7.460000000000466258e+00 4.000000000000000000e+02 -7.750296750563601123e-01 -1.422774396174818179e+01 8.349999999999999645e-01
-6.896751966279632384e+00 1.278224871495135251e-01 -7.462500000000466649e+00 4.000000000000000000e+02 -7.749652938242671540e-01 -1.423017958051609178e+01 1.899999999999999911e+00
-6.896098849226629746e+00 1.279369476273685413e-01 -7.465000000000467040e+00 4.000000000000000000e+02 -7.747651333486317293e-01 -1.423247942004045719e+01 9.649999999999999689e-01
-6.895447657328260149e+00 1.277824434314205615e-01 -7.467500000000467431e+00 4.000000000000000000e+02 -7.733393865890009211e-01 -1.423355367328082544e+01 3.499999999999999778e-01
-6.894797587692178098e+00 1.278633248980127757e-01 -7.470000000000467821e+00 4.000000000000000000e+02 -7.732418318745076791e-01 -1.423595611856633170e+01 1.125000000000000000e+00
-6.894149498735917092e+00 1.277470390788172649e-01 -7.472500000000468212e+00 4.000000000000000000e+02 -7.722564071758198923e-01 -1.423747069386764608e+01 1.215000000000000080e+00
-6.893502809411363508e+00 1.277860309493452362e-01 -7.475000000000468603e+00 4.000000000000000000e+02 -7.710873480145934433e-01 -1.423880163470641946e+01 4.400000000000000022e-01
-6.892857397323133739e+00 1.278499473514203844e-01 -7.477500000000468994e+00 4.000000000000000000e+02 -7.686636676513939337e-01 -1.423887795434322001e+01 9.549999999999999600e-01
-6.892212450731101114e+00 1.276988307743883722e-01 -7.480000000000469385e+00 4.000000000000000000e+02 -7.675346916190032287e-01 -1.424024897831082903e+01 1.500000000000000000e+00
-6.891568802604792765e+00 1.277729136909711849e-01 -7.482500000000469775e+00 4.000000000000000000e+02 -7.669413147312568180e-01 -1.424215560142308412e+01 1.195000000000000062e+00
-6.890926793338323364e+00 1.283484260437594282e-01 -7.485000000000470166e+00 4.000000000000000000e+02 -7.665033502901064111e-01 -1.424421763698193466e+01 1.919999999999999929e+00
-6.890286517193764837e+00 1.285929353086142923e-01 -7.487500000000470557e+00 4.000000000000000000e+02 -7.661498306158963656e-01 -1.424636411730772423e+01 1.209999999999999964e+00
-6.889648022290289830e+00 1.283890785474046115e-01 -7.490000000000470948e+00 4.000000000000000000e+02 -7.633999222831693299e-01 -1.424611420897499592e+01 1.100000000000000006e-01
-6.889009775370014133e+00 1.283088946667624297e-01 -7.492500000000471339e+00 4.000000000000000000e+02 -7.617883667337027598e-01 -1.424700265342553074e+01 8.149999999999999467e-01
-6.888372501802195735e+00 1.286424908677405443e-01 -7.495000000000471729e+00 4.000000000000000000e+02 -7.604977139796774699e-01 -1.424821200067150784e+01 5.000000000000000278e-02
-6.887736403577269684e+00 1.286868032379505644e-01 -7.497500000000472120e+00 4.000000000000000000e+02 -7.585721647386748367e-01 -1.424878645143050448e+01 1.549999999999999989e-01
-6.887101074670102463e+00 1.284851953164136695e-01 -7.500000000000472511e+00 4.000000000000000000e+02 -7.550098003381837675e-01 -1.424772408703001325e+01 1.254999999999999893e+00
-6.886465474483226323e+00 1.283011622537038876e-01 -7.502500000000472902e+00 4.000000000000000000e+02 -7.523435559108195836e-01 -1.424755784260264946e+01 9.849999999999999867e-01
-6.885830172454239673e+00 1.284797833797491629e-01 -7.505000000000473293e+00 4.000000000000000000e+02 -7.520229209400522974e-01 -1.424973720763188290e+01 1.330000000000000071e+00
-6.885196655509262520e+00 1.288634174619457395e-01 -7.507500000000473683e+00 4.000000000000000000e+02 -7.502495907794333174e-01 -1.425046387747126353e+01 1.054999999999999938e+00
-6.884563999407552259e+00 1.289324102838730057e-01 -7.510000000000474074e+00 4.000000000000000000e+02 -7.498308426383769598e-01 -1.425254512933020656e+01 1.340000000000000080e+00
-6.883933057407722877e+00 1.286166549653897651e-01 -7.512500000000474465e+00 4.000000000000000000e+02 -7.497134252270613031e-01 -1.425492771191889219e+01 1.100000000000000006e-01
-6.883304013308109148e+00 1.288723798418142108e-01 -7.515000000000474856e+00 4.000000000000000000e+02 -7.496364174564303928e-01 -1.425735070414826389e+01 1.665000000000000036e+00
-6.882676885546212375e+00 1.292250510289974785e-01 -7.517500000000475247e+00 4.000000000000000000e+02 -7.481190997709642465e-01 -1.425833338646279635e+01 7.650000000000000133e-01
-6.882050766213013482e+00 1.293299022932597464e-01 -7.520000000000475637e+00 4.000000000000000000e+02 -7.480375056373510523e-01 -1.426075179232918266e+01 1.909999999999999920e+00
-6.881426549623129496e+00 1.293096963803812283e-01 -7.522500000000476028e+00 4.000000000000000000e+02 -7.479102493415989983e-01 -1.426312453603343222e+01 1.199999999999999956e+00
-6.880804200403955129e+00 1.294231907722553365e-01 -7.525000000000476419e+00 4.000000000000000000e+02 -7.464433717689689107e-01 -1.426415765846080319e+01 5.400000000000000355e-01
-6.880182880294200665e+00 1.295600996678674399e-01 -7.527500000000476810e+00 4.000000000000000000e+02 -7.460212780671627852e-01 -1.426623556475899690e+01 1.469999999999999973e+00
-6.879563234487923395e+00 1.296641212940476129e-01 -7.530000000000477201e+00 4.000000000000000000e+02 -7.419804130122115149e-01 -1.426469469970404447e+01 2.000000000000000042e-02
-6.878943017766055767e+00 1.294990974672047268e-01 -7.532500000000477591e+00 4.000000000000000000e+02 -7.414322163703402913e-01 -1.426664650306217474e+01 8.449999999999999734e-01
-6.878324393711670481e+00 1.296547983842313290e-01 -7.535000000000477982e+00 4.000000000000000000e+02 -7.410429450130815443e-01 -1.426875723170491739e+01 2.000000000000000000e+00
-6.877707455278417648e+00 1.299042560506521726e-01 -7.537500000000478373e+00 4.000000000000000000e+02 -7.407025538386333707e-01 -1.427091684053046805e+01 9.749999999999999778e-01
-6.877092226901933003e+00 1.297335249457853557e-01 -7.540000000000478764e+00 4.000000000000000000e+02 -7.392469399993545354e-01 -1.427196122669118949e+01 1.320000000000000062e+00
-6.876478018407364168e+00 1.297649988499648410e-01 -7.542500000000479154e+00 4.000000000000000000e+02 -7.389592112190269679e-01 -1.427417349791086387e+01 5.050000000000000044e-01
-6.875865542978718992e+00 1.297470647048929449e-01 -7.545000000000479545e+00 4.000000000000000000e+02 -7.381275259002607614e-01 -1.427584181259209828e+01 1.715000000000000080e+00
-6.875254462459890803e+00 1.297621137258195834e-01 -7.547500000000479936e+00 4.000000000000000000e+02 -7.378679365866600559e-01 -1.427808222327849741e+01 3.750000000000000000e-01
-6.874645121419777460e+00 1.294910292562069520e-01 -7.550000000000480327e+00 4.000000000000000000e+02 -7.356104206221122377e-01 -1.427832470731394920e+01 1.185000000000000053e+00
-6.874036299052727728e+00 1.290959834384279026e-01 -7.552500000000480718e+00 4.000000000000000000e+02 -7.328765368591343421e-01 -1.427809082355097203e+01 3.649999999999999911e-01
-6.873427704844462305e+00 1.292499532024898590e-01 -7.555000000000481108e+00 4.000000000000000000e+02 -7.327819428856037209e-01 -1.428049622957744269e+01 4.050000000000000266e-01
-6.872820941622220126e+00 1.293318073285290304e-01 -7.557500000000481499e+00 4.000000000000000000e+02 -7.307718210437109674e-01 -1.428098610773554888e+01 1.830000000000000071e+00
-6.872214843235417092e+00 1.293464970634977673e-01 -7.560000000000481890e+00 4.000000000000000000e+02 -7.289374910666681640e-01 -1.428165177775850658e+01 1.799999999999999933e-01
-6.871609514942350394e+00 1.291447276512198983e-01 -7.562500000000482281e+00 4.000000000000000000e+02 -7.267980911747441430e-01 -1.428201237786658417e+01 1.225000000000000089e+00
-6.871004770894096225e+00 1.290228192385575179e-01 -7.565000000000482672e+00 4.000000000000000000e+02 -7.256955643389049193e-01 -1.428340985103074523e+01 1.530000000000000027e+00
-6.870401236098472531e+00 1.290194013872306145e-01 -7.567500000000483062e+00 4.000000000000000000e+02 -7.254397259271104792e-01 -1.428565401261895040e+01 8.950000000000000178e-01
-6.869799417025551413e+00 1.288557181004370278e-01 -7.570000000000483453e+00 4.000000000000000000e+02 -7.246942017693360771e-01 -1.428740848846117650e+01 9.250000000000000444e-01
-6.869199013921357455e+00 1.288106731698185903e-01 -7.572500000000483844e+00 4.000000000000000000e+02 -7.246307278939038143e-01 -1.428984501458574563e+01 1.600000000000000089e+00
-6.868600430888172959e+00 1.287953841840323299e-01 -7.575000000000484235e+00 4.000000000000000000e+02 -7.243954862967686426e-01 -1.429210977298861174e+01 7.399999999999999911e-01
-6.868003558840451994e+00 1.287283617499163924e-01 -7.577500000000484626e+00 4.000000000000000000e+02 -7.234077223985415639e-01 -1.429362200909038272e+01 1.235000000000000098e+00
-6.867407943959388916e+00 1.286265382514715228e-01 -7.580000000000485016e+00 4.000000000000000000e+02 -7.227567874774795120e-01 -1.429547107416932050e+01 7.249999999999999778e-01
-6.866813782955743406e+00 1.285421457878833662e-01 -7.582500000000485407e+00 4.000000000000000000e+02 -7.219374522356355461e-01 -1.429715173892747870e+01 5.799999999999999600e-01
-6.866220971628588465e+00 1.283827175909776075e-01 -7.585000000000485798e+00 4.000000000000000000e+02 -7.202018951007178593e-01 -1.429791618179256218e+01 1.389999999999999902e+00
-6.865628964113363430e+00 1.289995672923893999e-01 -7.587500000000486189e+00 4.000000000000000000e+02 -7.200984813332224066e-01 -1.430031276802506568e+01 3.649999999999999911e-01
-6.865038722705648411e+00 1.283511279232479874e-01 -7.590000000000486580e+00 4.000000000000000000e+02 -7.190519408140819690e-01 -1.430176622750592408e+01 9.500000000000000111e-02
-6.864449685988189387e+00 1.281643206268023027e-01 -7.592500000000486970e+00 4.000000000000000000e+02 -7.178079812076024746e-01 -1.430302226789944697e+01 1.959999999999999964e+00
-6.863861734767739087e+00 1.275665897419135941e-01 -7.595000000000487361e+00 4.000000000000000000e+02 -7.174718606651750985e-01 -1.430518614735701988e+01 1.239999999999999991e+00
-6.863275398791799375e+00 1.276503138975074725e-01 -7.597500000000487752e+00 4.000000000000000000e+02 -7.163606416140939626e-01 -1.430657492830593824e+01 1.745000000000000107e+00
-6.862690219416606396e+00 1.271334241719189739e-01 -7.600000000000488143e+00 4.000000000000000000e+02 -7.162780254666143431e-01 -1.430899231215845901e+01 1.659999999999999920e+00
-6.862106793932634119e+00 1.273277618156051227e-01 -7.602500000000488534e+00 4.000000000000000000e+02 -7.155344066066362529e-01 -1.431074869329848198e+01 5.250000000000000222e-01
-6.861524731558933610e+00 1.278231542031383339e-01 -7.605000000000488924e+00 4.000000000000000000e+02 -7.153025654298289515e-01 -1.431301685212167563e+01 2.650000000000000133e-01
-6.860944325349055184e+00 1.274373269989883539e-01 -7.607500000000489315e+00 4.000000000000000000e+02 -7.144197708059161211e-01 -1.431463405749776285e+01 1.455000000000000071e+00
-6.860365192877212692e+00 1.272900201279799359e-01 -7.610000000000489706e+00 4.000000000000000000e+02 -7.139136139366971667e-01 -1.431662790062854285e+01 6.949999999999999512e-01
-6.859787548154010040e+00 1.272983964703652549e-01 -7.612500000000490097e+00 4.000000000000000000e+02 -7.137843989568598557e-01 -1.431899868564870637e+01 1.165000000000000036e+00
-6.859211603577712424e+00 1.271115210937848738e-01 -7.615000000000490488e+00 4.000000000000000000e+02 -7.133717413503107840e-01 -1.432108602804215991e+01 3.950000000000000178e-01
-6.858637190426420283e+00 1.270417167586767315e-01 -7.617500000000490878e+00 4.000000000000000000e+02 -7.131063794382381804e-01 -1.432332066613008692e+01 1.439999999999999947e+00
-6.858064388105554521e+00 1.265664846756726636e-01 -7.620000000000491269e+00 4.000000000000000000e+02 -7.124232670851523563e-01 -1.432513755377699916e+01 2.099999999999999922e-01
-6.857492952579868017e+00 1.264470934266416768e-01 -7.622500000000491660e+00 4.000000000000000000e+02 -7.113862193955654556e-01 -1.432660050608741464e+01 5.400000000000000355e-01
-6.856922678062877807e+00 1.264869839438020893e-01 -7.625000000000492051e+00 4.000000000000000000e+02 -7.100497116761800287e-01 -1.432776399836803094e+01 1.975000000000000089e+00
-6.856353391131161601e+00 1.261109999190455078e-01 -7.627500000000492442e+00 4.000000000000000000e+02 -7.088333250931300178e-01 -1.432904761178497921e+01 1.250000000000000000e-01
-6.855785157755392767e+00 1.260434781882847632e-01 -7.630000000000492832e+00 4.000000000000000000e+02 -7.074625133088847662e-01 -1.433017680000073391e+01 5.550000000000000488e-01
-6.855217887819788025e+00 1.264562219905162044e-01 -7.632500000000493223e+00 4.000000000000000000e+02 -7.068243571330796726e-01 -1.433203864382493009e+01 3.499999999999999778e-01
-6.854651993785785713e+00 1.268954597995230471e-01 -7.635000000000493614e+00 4.000000000000000000e+02 -7.067417091266188223e-01 -1.433445599581846963e+01 1.229999999999999982e+00
-6.854087784961804708e+00 1.268411452255020500e-01 -7.637500000000494005e+00 4.000000000000000000e+02 -7.056418482254810387e-01 -1.433585613491733213e+01 5.500000000000000028e-02
-6.853524683040743248e+00 1.268143279704229409e-01 -7.640000000000494396e+00 4.000000000000000000e+02 -7.037300799751640135e-01 -1.433644436666701516e+01 8.050000000000000488e-01
-6.852962228882625517e+00 1.266136843328768413e-01 -7.642500000000494786e+00 4.000000000000000000e+02 -7.027830228844593741e-01 -1.433799730957631091e+01 9.500000000000000111e-02
-6.852400962947321261e+00 1.265931239714300216e-01 -7.645000000000495177e+00 4.000000000000000000e+02 -7.024253790383304663e-01 -1.434013966573018450e+01 8.000000000000000167e-02
-6.851841211989493807e+00 1.269036771486886650e-01 -7.647500000000495568e+00 4.000000000000000000e+02 -7.016290899443781148e-01 -1.434184337663623054e+01 1.379999999999999893e+00
-6.851282726220491170e+00 1.267987153223336660e-01 -7.650000000000495959e+00 4.000000000000000000e+02 -7.014901583658805784e-01 -1.434420444505773240e+01 5.050000000000000044e-01
-6.850725868149821096e+00 1.269027400976286690e-01 -7.652500000000496350e+00 4.000000000000000000e+02 -7.005065839748163548e-01 -1.434572087066666946e+01 1.534999999999999920e+00
-6.850170163087502928e+00 1.267080364717103613e-01 -7.655000000000496740e+00 4.000000000000000000e+02 -6.999293772237473732e-01 -1.434764366391560131e+01 9.699999999999999734e-01
-6.849615833252617136e+00 1.264588810917913198e-01 -7.657500000000497131e+00 4.000000000000000000e+02 -6.995834055460837808e-01 -1.434979769223793866e+01 6.300000000000000044e-01
-6.849063002295882718e+00 1.265378982142715825e-01 -7.660000000000497522e+00 4.000000000000000000e+02 -6.993426731489620352e-01 -1.435205695984081586e+01 2.999999999999999889e-02
-6.848511723342634916e+00 1.266009738587954847e-01 -7.662500000000497913e+00 4.000000000000000000e+02 -6.983922661138917132e-01 -1.435360655280574704e+01 8.050000000000000488e-01
-6.847961601021957279e+00 1.267845558560794228e-01 -7.665000000000498304e+00 4.000000000000000000e+02 -6.980549660030506143e-01 -1.435576925269490722e+01 8.100000000000000533e-01
-6.847412968654117194e+00 1.269029009764421900e-01 -7.667500000000498694e+00 4.000000000000000000e+02 -6.968297383830157621e-01 -1.435704402507487210e+01 1.449999999999999900e-01
-6.846865335480027071e+00 1.269859728996848292e-01 -7.670000000000499085e+00 4.000000000000000000e+02 -6.967378518175975088e-01 -1.435945213850945379e+01 1.875000000000000000e+00
-6.846319318139830301e+00 1.270169645730331032e-01 -7.672500000000499476e+00 4.000000000000000000e+02 -6.965167598358413814e-01 -1.436173104652769794e+01 8.100000000000000533e-01
-6.845774840662001814e+00 1.269383641436796772e-01 -7.675000000000499867e+00 4.000000000000000000e+02 -6.952560819011006643e-01 -1.436297036859295773e+01 1.739999999999999991e+00
-6.845231333293462228e+00 1.263499952265532134e-01 -7.677500000000500258e+00 4.000000000000000000e+02 -6.944403812631650963e-01 -1.436465466795502266e+01 9.749999999999999778e-01
-6.844689035078659778e+00 1.265034158861015334e-01 -7.680000000000500648e+00 4.000000000000000000e+02 -6.928145911681370395e-01 -1.436552887785999388e+01 3.500000000000000333e-02
-6.844147504282069860e+00 1.266990408225907583e-01 -7.682500000000501039e+00 4.000000000000000000e+02 -6.916909113830029820e-01 -1.436690519807486055e+01 2.399999999999999911e-01
-6.843607010785233591e+00 1.264752320554247966e-01 -7.685000000000501430e+00 4.000000000000000000e+02 -6.914529702350331597e-01 -1.436916725692689312e+01 1.935000000000000053e+00
-6.843068029521529816e+00 1.267745992803911426e-01 -7.687500000000501821e+00 4.000000000000000000e+02 -6.909112683910159092e-01 -1.437112555508287493e+01 1.334999999999999964e+00
-6.842530392204078993e+00 1.268551709879369160e-01 -7.690000000000502212e+00 4.000000000000000000e+02 -6.904709068958047036e-01 -1.437318519358766267e+01 1.584999999999999964e+00
-6.841994149093344468e+00 1.270575785797427026e-01 -7.692500000000502602e+00 4.000000000000000000e+02 -6.902058582172458934e-01 -1.437542014490910525e+01 1.554999999999999938e+00
-6.841459389562674964e+00 1.271637670654967855e-01 -7.695000000000502993e+00 4.000000000000000000e+02 -6.901952116678944371e-01 -1.437790949835975596e+01 7.099999999999999645e-01
-6.840926244332083073e+00 1.268711350795832804e-01 -7.697500000000503384e+00 4.000000000000000000e+02 -6.897530168075992618e-01 -1.437996730349945906e+01 4.000000000000000222e-01
-6.840394478299622882e+00 1.271330784587590967e-01 -7.700000000000503775e+00 4.000000000000000000e+02 -6.896986394121007447e-01 -1.438241292610396016e+01 2.049999999999999878e-01
-6.839864292767614984e+00 1.270747999451664056e-01 -7.702500000000504166e+00 4.000000000000000000e+02 -6.895678542269170208e-01 -1.438478214091877838e+01 1.590000000000000080e+00
-6.839335641823700129e+00 1.271506731708587634e-01 -7.705000000000504556e+00 4.000000000000000000e+02 -6.889144677218564938e-01 -1.438662875441371902e+01 1.110000000000000098e+00
-6.838808244744788212e+00 1.270813236830396209e-01 -7.707500000000504947e+00 4.000000000000000000e+02 -6.877460157200165902e-01 -1.438796030241187829e+01 1.745000000000000107e+00
-6.838281826899621940e+00 1.271189713227851292e-01 -7.710000000000505338e+00 4.000000000000000000e+02 -6.850239306103217407e-01 -1.438773821730218394e+01 3.750000000000000000e-01
-6.837755569194121641e+00 1.271098460091362181e-01 -7.712500000000505729e+00 4.000000000000000000e+02 -6.846914924029685601e-01 -1.438990577909483193e+01 9.250000000000000444e-01
-6.837230726852712159e+00 1.271806635619417147e-01 -7.715000000000506120e+00 4.000000000000000000e+02 -6.835063141844723855e-01 -1.439122060087633592e+01 1.300000000000000044e-01
-6.836706848904709588e+00 1.272458421370170345e-01 -7.717500000000506510e+00 4.000000000000000000e+02 -6.834758393865790760e-01 -1.439369012607844311e+01 1.554999999999999938e+00
-6.836184536380996768e+00 1.271814673665902229e-01 -7.720000000000506901e+00 4.000000000000000000e+02 -6.828241262669410006e-01 -1.439553841295880332e+01 5.350000000000000311e-01
-6.835663460262410673e+00 1.274309508610362018e-01 -7.722500000000507292e+00 4.000000000000000000e+02 -6.826236089931496664e-01 -1.439783789568501504e+01 5.150000000000000133e-01
-6.835143851417666561e+00 1.274665740448826801e-01 -7.725000000000507683e+00 4.000000000000000000e+02 -6.825380111851990783e-01 -1.440025229787706529e+01 1.614999999999999991e+00
-6.834625764482412436e+00 1.275855568001986462e-01 -7.727500000000508074e+00 4.000000000000000000e+02 -6.814778013719740013e-01 -1.440169208806383949e+01 1.340000000000000080e+00
-6.834108690643431849e+00 1.275095178858904055e-01 -7.730000000000508464e+00 4.000000000000000000e+02 -6.812199880997616974e-01 -1.440393427479162725e+01 2.449999999999999956e-01
-6.833593041212060015e+00 1.276927563624487283e-01 -7.732500000000508855e+00 4.000000000000000000e+02 -6.808947794472387516e-01 -1.440610906613910558e+01 1.564999999999999947e+00
-6.833078776884176087e+00 1.275785276108076516e-01 -7.735000000000509246e+00 4.000000000000000000e+02 -6.808481653847933135e-01 -1.440856245207666042e+01 1.485000000000000098e+00
-6.832566036060035763e+00 1.278125839114402917e-01 -7.737500000000509637e+00 4.000000000000000000e+02 -6.790419240219122132e-01 -1.440925621071377982e+01 3.950000000000000178e-01
-6.832053913326107342e+00 1.277450419877927956e-01 -7.740000000000510028e+00 4.000000000000000000e+02 -6.784431222007695217e-01 -1.441115740889263641e+01 1.814999999999999947e+00
-6.831543024703276679e+00 1.277140602300477767e-01 -7.742500000000510418e+00 4.000000000000000000e+02 -6.762967456981900938e-01 -1.441151103239005771e+01 1.054999999999999938e+00
-6.831032577446337406e+00 1.275445778232211225e-01 -7.745000000000510809e+00 4.000000000000000000e+02 -6.750477191521122577e-01 -1.441276200584398026e+01 8.050000000000000488e-01
-6.830523028281544562e+00 1.278247827673395509e-01 -7.747500000000511200e+00 4.000000000000000000e+02 -6.738704917308516729e-01 -1.441408477842272085e+01 1.739999999999999991e+00
-6.830014411682728159e+00 1.275314490395574041e-01 -7.750000000000511591e+00 4.000000000000000000e+02 -6.736796544049075131e-01 -1.441639394109677497e+01 1.199999999999999956e+00
-6.829507225873070908e+00 1.276180112679483059e-01 -7.752500000000511982e+00 4.000000000000000000e+02 -6.716257123182655109e-01 -1.441683999901013458e+01 5.600000000000000533e-01
-6.829000523182333637e+00 1.276352924026936675e-01 -7.755000000000512372e+00 4.000000000000000000e+02 -6.712909924071813750e-01 -1.441900527909905172e+01 4.499999999999999833e-02
-6.828495172243687072e+00 1.274883234473781490e-01 -7.757500000000512763e+00 4.000000000000000000e+02 -6.707008808857216620e-01 -1.442091516757759173e+01 5.400000000000000355e-01
-6.827991040068545736e+00 1.275184836465875216e-01 -7.760000000000513154e+00 4.000000000000000000e+02 -6.704184991649813075e-01 -1.442313278585685055e+01 1.655000000000000027e+00
-6.827488277805389139e+00 1.276246206852479914e-01 -7.762500000000513545e+00 4.000000000000000000e+02 -6.676271180919751691e-01 -1.442284140478384558e+01 1.439999999999999947e+00
-6.826985621778783653e+00 1.272795593423645955e-01 -7.765000000000513936e+00 4.000000000000000000e+02 -6.673918220265961931e-01 -1.442510610871846843e+01 1.300000000000000044e-01
-6.826484354511275221e+00 1.273118948070853518e-01 -7.767500000000514326e+00 4.000000000000000000e+02 -6.654003295227064463e-01 -1.442561461621457752e+01 1.280000000000000027e+00
-6.825983593028682961e+00 1.277578779237241446e-01 -7.770000000000514717e+00 4.000000000000000000e+02 -6.640070896442453741e-01 -1.442672137633611662e+01 1.735000000000000098e+00
-6.825483635683290196e+00 1.279109771482820623e-01 -7.772500000000515108e+00 4.000000000000000000e+02 -6.618012409416123010e-01 -1.442701552763348438e+01 1.314999999999999947e+00
-6.824984075101637515e+00 1.276215675654314985e-01 -7.775000000000515499e+00 4.000000000000000000e+02 -6.616240373746806736e-01 -1.442933832406655448e+01 8.399999999999999689e-01
-6.824485922119863268e+00 1.272041784232113004e-01 -7.777500000000515890e+00 4.000000000000000000e+02 -6.604413459834931333e-01 -1.443065563267536611e+01 8.199999999999999512e-01
-6.823988672470648886e+00 1.269025491354993096e-01 -7.780000000000516280e+00 4.000000000000000000e+02 -6.598808716226985949e-01 -1.443259515831457129e+01 1.064999999999999947e+00
-6.823492632731881002e+00 1.266638614251187345e-01 -7.782500000000516671e+00 4.000000000000000000e+02 -6.597859221599485791e-01 -1.443500020885182167e+01 1.500000000000000000e+00
-6.822998029608471349e+00 1.266711765611550633e-01 -7.785000000000517062e+00 4.000000000000000000e+02 -6.591124993522934350e-01 -1.443682678604416836e+01 8.000000000000000444e-01
-6.822504572933810962e+00 1.264987054551524048e-01 -7.787500000000517453e+00 4.000000000000000000e+02 -6.577967404865093792e-01 -1.443801102717838347e+01 7.750000000000000222e-01
-6.822011943232548781e+00 1.266758674833353693e-01 -7.790000000000517844e+00 4.000000000000000000e+02 -6.553822302465456273e-01 -1.443809651693841900e+01 8.149999999999999467e-01
-6.821519598177718358e+00 1.268352462022775962e-01 -7.792500000000518234e+00 4.000000000000000000e+02 -6.538899444454279175e-01 -1.443910423113730346e+01 5.000000000000000000e-01
-6.821027990934616980e+00 1.267041539093528846e-01 -7.795000000000518625e+00 4.000000000000000000e+02 -6.538040883788890367e-01 -1.444151837507076586e+01 1.125000000000000000e+00
-6.820537809756889835e+00 1.263821100177541235e-01 -7.797500000000519016e+00 4.000000000000000000e+02 -6.532692457125599539e-01 -1.444348353240443572e+01 8.000000000000000167e-02
-6.820048830369670689e+00 1.261801234780814684e-01 -7.800000000000519407e+00 4.000000000000000000e+02 -6.525031968751366929e-01 -1.444521748356701174e+01 5.799999999999999600e-01
-6.819560936477612856e+00 1.260970273823821541e-01 -7.802500000000519798e+00 4.000000000000000000e+02 -6.516699168587857249e-01 -1.444688420355066327e+01 8.100000000000000533e-01
-6.819074092421254285e+00 1.260497927126210393e-01 -7.805000000000520188e+00 4.000000000000000000e+02 -6.513913929196666341e-01 -1.444910567961154513e+01 6.949999999999999512e-01
-6.818588564790951878e+00 1.261373192132108356e-01 -7.807500000000520579e+00 4.000000000000000000e+02 -6.503167010133300563e-01 -1.445053098770520705e+01 1.145000000000000018e+00
-6.818103963813806345e+00 1.263823627435740893e-01 -7.810000000000520970e+00 4.000000000000000000e+02 -6.501114921559096871e-01 -1.445282577884778696e+01 9.200000000000000400e-01
-6.817620707537811242e+00 1.263297817895920327e-01 -7.812500000000521361e+00 4.000000000000000000e+02 -6.499062533729470514e-01 -1.445512054006482572e+01 1.810000000000000053e+00
-6.817138791570209300e+00 1.263490475793980217e-01 -7.815000000000521752e+00 4.000000000000000000e+02 -6.465929079485148723e-01 -1.445430719464039448e+01 1.110000000000000098e+00
-6.816656715893487650e+00 1.262529614127262390e-01 -7.817500000000522142e+00 4.000000000000000000e+02 -6.444897091851443660e-01 -1.445470399587702381e+01 1.149999999999999911e+00
-6.816175063613846952e+00 1.262111249053090856e-01 -7.820000000000522533e+00 4.000000000000000000e+02 -6.435660056335821277e-01 -1.445628029232546119e+01 8.050000000000000488e-01
-6.815694401292729410e+00 1.261941425850442444e-01 -7.822500000000522924e+00 4.000000000000000000e+02 -6.412994105687620516e-01 -1.445651369726064139e+01 1.870000000000000107e+00
-6.815214081991936013e+00 1.261260211566557210e-01 -7.825000000000523315e+00 4.000000000000000000e+02 -6.408159195933011976e-01 -1.445853020628518237e+01 1.284999999999999920e+00
-6.814734960183137069e+00 1.259818516508473540e-01 -7.827500000000523706e+00 4.000000000000000000e+02 -6.407385838759795949e-01 -1.446095287056786027e+01 1.010000000000000009e+00
-6.814257226336534856e+00 1.262846610035336381e-01 -7.830000000000524096e+00 4.000000000000000000e+02 -6.401293057761359151e-01 -1.446284359246801543e+01 7.000000000000000666e-02
-6.813780622373245777e+00 1.262548899002295111e-01 -7.832500000000524487e+00 4.000000000000000000e+02 -6.393238252440498481e-01 -1.446453811193593175e+01 1.889999999999999902e+00
-6.813305051807752477e+00 1.262967477607082334e-01 -7.835000000000524878e+00 4.000000000000000000e+02 -6.373583839801499895e-01 -1.446507267067203273e+01 8.000000000000000167e-02
-6.812829961273438428e+00 1.259716253551121101e-01 -7.837500000000525269e+00 4.000000000000000000e+02 -6.354201411724011983e-01 -1.446563442786428411e+01 1.489999999999999991e+00
-6.812355362963566030e+00 1.260876965438657016e-01 -7.840000000000525660e+00 4.000000000000000000e+02 -6.341235475710584879e-01 -1.446683783426293957e+01 4.349999999999999978e-01
-6.811881560175627293e+00 1.261114587422481614e-01 -7.842500000000526050e+00 4.000000000000000000e+02 -6.330178358914176906e-01 -1.446823212258330038e+01 2.449999999999999956e-01
-6.811408641459184565e+00 1.258777182541329087e-01 -7.845000000000526441e+00 4.000000000000000000e+02 -6.306471391624113298e-01 -1.446836142585429563e+01 1.219999999999999973e+00
-6.810936007391778624e+00 1.257013120900430381e-01 -7.847500000000526832e+00 4.000000000000000000e+02 -6.304096499980517132e-01 -1.447062393668993607e+01 1.300000000000000044e-01
-6.810464663976558697e+00 1.258274350946384512e-01 -7.850000000000527223e+00 4.000000000000000000e+02 -6.298527126477784233e-01 -1.447256699933966217e+01 1.215000000000000080e+00
-6.809994456935842599e+00 1.256673342459901921e-01 -7.852500000000527614e+00 4.000000000000000000e+02 -6.297662749488436296e-01 -1.447498056164072899e+01 6.850000000000000533e-01
-6.809525603593135301e+00 1.259882256225690611e-01 -7.855000000000528004e+00 4.000000000000000000e+02 -6.292484318709261615e-01 -1.447696271856281314e+01 2.700000000000000178e-01
-6.809057897739261733e+00 1.262811726293622538e-01 -7.857500000000528395e+00 4.000000000000000000e+02 -6.279058010704260395e-01 -1.447812008776231174e+01 1.050000000000000044e+00
-6.808590951147982295e+00 1.263405183585591951e-01 -7.860000000000528786e+00 4.000000000000000000e+02 -6.273029148531618082e-01 -1.448001720154504746e+01 6.600000000000000311e-01
-6.808125106886055100e+00 1.262867712428678846e-01 -7.862500000000529177e+00 4.000000000000000000e+02 -6.260485350592848164e-01 -1.448126282175117119e+01 1.929999999999999938e+00
-6.807660059032966338e+00 1.259823114604413652e-01 -7.865000000000529568e+00 4.000000000000000000e+02 -6.259858561734120697e-01 -1.448370014286529894e+01 1.574999999999999956e+00
-6.807196358651069978e+00 1.260215858817633205e-01 -7.867500000000529958e+00 4.000000000000000000e+02 -6.244219393837556753e-01 -1.448463622607564361e+01 3.250000000000000111e-01
-6.806733306745135437e+00 1.255841928635035021e-01 -7.870000000000530349e+00 4.000000000000000000e+02 -6.218582912179465572e-01 -1.448457257790983377e+01 6.500000000000000222e-02
-6.806270439704148245e+00 1.255894381708782259e-01 -7.872500000000530740e+00 4.000000000000000000e+02 -6.213712750152748931e-01 -1.448658556170716238e+01 9.100000000000000311e-01
-6.805808716971235128e+00 1.255991403825979513e-01 -7.875000000000531131e+00 4.000000000000000000e+02 -6.205046008726377016e-01 -1.448821888756452658e+01 6.099999999999999867e-01
-6.805347960334702684e+00 1.257702041866110010e-01 -7.877500000000531521e+00 4.000000000000000000e+02 -6.192223245501993212e-01 -1.448943661124208759e+01 8.699999999999999956e-01
-6.804887976242739889e+00 1.256155303200940654e-01 -7.880000000000531912e+00 4.000000000000000000e+02 -6.190138551110114795e-01 -1.449172814180290025e+01 1.895000000000000018e+00
-6.804429255774263829e+00 1.255257222537151662e-01 -7.882500000000532303e+00 4.000000000000000000e+02 -6.183345480598242405e-01 -1.449354883475171363e+01 4.550000000000000155e-01
-6.803971579489623167e+00 1.254392820323118884e-01 -7.885000000000532694e+00 4.000000000000000000e+02 -6.179545763528450086e-01 -1.449566886304473634e+01 1.080000000000000071e+00
-6.803515081171123136e+00 1.254765732244432219e-01 -7.887500000000533085e+00 4.000000000000000000e+02 -6.166121488878277823e-01 -1.449682643557971851e+01 4.650000000000000244e-01
-6.803059318911186537e+00 1.253413000844217917e-01 -7.890000000000533475e+00 4.000000000000000000e+02 -6.163923292743579418e-01 -1.449910661596624806e+01 2.500000000000000000e-01
-6.802604801603483686e+00 1.256881838733177603e-01 -7.892500000000533866e+00 4.000000000000000000e+02 -6.147214144458575946e-01 -1.449993570113774943e+01 7.800000000000000266e-01
-6.802150867208732521e+00 1.259493960865376294e-01 -7.895000000000534257e+00 4.000000000000000000e+02 -6.144945135693862248e-01 -1.450220880026127901e+01 1.524999999999999911e+00
-6.801698168742161599e+00 1.258532132392949088e-01 -7.897500000000534648e+00 4.000000000000000000e+02 -6.137569602949884962e-01 -1.450397124698688067e+01 1.989999999999999991e+00
-6.801246471732381949e+00 1.257645191205311319e-01 -7.900000000000535039e+00 4.000000000000000000e+02 -6.126201425204260698e-01 -1.450533442921231675e+01 1.199999999999999956e+00
-6.800795593570065023e+00 1.255862208739614294e-01 -7.902500000000535429e+00 4.000000000000000000e+02 -6.110744325992375492e-01 -1.450628871929112940e+01 5.000000000000000000e-01
-6.800345348379994270e+00 1.254543142796481214e-01 -7.905000000000535820e+00 4.000000000000000000e+02 -6.108497979393474608e-01 -1.450856408463124225e+01 1.110000000000000098e+00
-6.799896328436947357e+00 1.253481271311119860e-01 -7.907500000000536211e+00 4.000000000000000000e+02 -6.103213440517714083e-01 -1.451053563074366437e+01 6.899999999999999467e-01
-6.799448393818862790e+00 1.255070045742086859e-01 -7.910000000000536602e+00 4.000000000000000000e+02 -6.100743327334061661e-01 -1.451278861942529907e+01 9.799999999999999822e-01
-6.799001667135628146e+00 1.254156534038472492e-01 -7.912500000000536993e+00 4.000000000000000000e+02 -6.067933675186678588e-01 -1.451200765421056182e+01 1.554999999999999938e+00
-6.798554791147529919e+00 1.253235316068362637e-01 -7.915000000000537383e+00 4.000000000000000000e+02 -6.062775454746894832e-01 -1.451399183216658528e+01 1.699999999999999956e+00
-6.798108999977792166e+00 1.253388574509527731e-01 -7.917500000000537774e+00 4.000000000000000000e+02 -6.046954617506394847e-01 -1.451490974844253401e+01 1.014999999999999902e+00
-6.797663816187253794e+00 1.254763753471174470e-01 -7.920000000000538165e+00 4.000000000000000000e+02 -6.046097828334149327e-01 -1.451732406952530852e+01 4.000000000000000083e-02
-6.797219903301479071e+00 1.253830482435724092e-01 -7.922500000000538556e+00 4.000000000000000000e+02 -6.040177158926940404e-01 -1.451923200258458913e+01 1.485000000000000098e+00
-6.796777032972829424e+00 1.255892828142340378e-01 -7.925000000000538947e+00 4.000000000000000000e+02 -6.035302366752727243e-01 -1.452124452336716942e+01 3.449999999999999734e-01
-6.796335248490247061e+00 1.257303931530754648e-01 -7.927500000000539337e+00 4.000000000000000000e+02 -6.020544676656934824e-01 -1.452226875435759013e+01 1.794999999999999929e+00
-6.795894111053313758e+00 1.260019263500583853e-01 -7.930000000000539728e+00 4.000000000000000000e+02 -5.999039714220135711e-01 -1.452261825811391027e+01 3.549999999999999822e-01
-6.795453322183138134e+00 1.260269396363052907e-01 -7.932500000000540119e+00 4.000000000000000000e+02 -5.984478367308021518e-01 -1.452366212342269947e+01 1.150000000000000050e-01
-6.795013187102559193e+00 1.260222372268121893e-01 -7.935000000000540510e+00 4.000000000000000000e+02 -5.974926665113425850e-01 -1.452520695320324151e+01 1.950000000000000067e-01
-6.794573924616474692e+00 1.259691643665821204e-01 -7.937500000000540901e+00 4.000000000000000000e+02 -5.974604132629487419e-01 -1.452767469995484717e+01 4.349999999999999978e-01
-6.794135936937059306e+00 1.259623318007911386e-01 -7.940000000000541291e+00 4.000000000000000000e+02 -5.971892889122845105e-01 -1.452990357560418211e+01 5.999999999999999778e-01
-6.793699115500050567e+00 1.258040155195942200e-01 -7.942500000000541682e+00 4.000000000000000000e+02 -5.969666094824174207e-01 -1.453218089617431552e+01 1.324999999999999956e+00
-6.793263477793113125e+00 1.260207574263285668e-01 -7.945000000000542073e+00 4.000000000000000000e+02 -5.962425652960462452e-01 -1.453395685198794673e+01 1.685000000000000053e+00
-6.792828802265973742e+00 1.257117848978357710e-01 -7.947500000000542464e+00 4.000000000000000000e+02 -5.957453487541769510e-01 -1.453595963544607628e+01 5.450000000000000400e-01
-6.792395184723007517e+00 1.258940807122422290e-01 -7.950000000000542855e+00 4.000000000000000000e+02 -5.915142046800646591e-01 -1.453422849137196415e+01 1.514999999999999902e+00
-6.791961004306806160e+00 1.257895346004949955e-01 -7.952500000000543245e+00 4.000000000000000000e+02 -5.908739564907531383e-01 -1.453608824318265391e+01 2.600000000000000089e-01
-6.791527818514127013e+00 1.266686547517117956e-01 -7.955000000000543636e+00 4.000000000000000000e+02 -5.908314517880400851e-01 -1.453854573847994125e+01 1.584999999999999964e+00
-6.791095882845305631e+00 1.266202805524181685e-01 -7.957500000000544027e+00 4.000000000000000000e+02 -5.906590502468621606e-01 -1.454087333693876261e+01 1.110000000000000098e+00
-6.790665137218292458e+00 1.268659358358365796e-01 -7.960000000000544418e+00 4.000000000000000000e+02 -5.906348519869881741e-01 -1.454334913867888801e+01 1.594999999999999973e+00
-6.790235641487703866e+00 1.269059738114031444e-01 -7.962500000000544809e+00 4.000000000000000000e+02 -5.895483556405725079e-01 -1.454476264233247385e+01 1.360000000000000098e+00
-6.789806936419014782e+00 1.267119740355277246e-01 -7.965000000000545199e+00 4.000000000000000000e+02 -5.895033494495298676e-01 -1.454721763614143271e+01 6.700000000000000400e-01
-6.789379465562054961e+00 1.266110770814407871e-01 -7.967500000000545590e+00 4.000000000000000000e+02 -5.875573287112981768e-01 -1.454777161540320130e+01 1.060000000000000053e+00
-6.788952413951079734e+00 1.264330519317489743e-01 -7.970000000000545981e+00 4.000000000000000000e+02 -5.874882964118447459e-01 -1.455020258310374714e+01 1.375000000000000000e+00
-6.788526580859917559e+00 1.266768987787281198e-01 -7.972500000000546372e+00 4.000000000000000000e+02 -5.866927095806528936e-01 -1.455190699627255668e+01 4.400000000000000022e-01
-6.788101653740087116e+00 1.267282075994428658e-01 -7.975000000000546763e+00 4.000000000000000000e+02 -5.863558193265908658e-01 -1.455407010601849649e+01 1.000000000000000056e-01
-6.787677824692753603e+00 1.268679916680409414e-01 -7.977500000000547153e+00 4.000000000000000000e+02 -5.857520130982052375e-01 -1.455596629979010892e+01 1.274999999999999911e+00
-6.787254977591111071e+00 1.268740538954122865e-01 -7.980000000000547544e+00 4.000000000000000000e+02 -5.831506764862481873e-01 -1.455586496317815204e+01 5.300000000000000266e-01
-6.786832266388669765e+00 1.268331461756208867e-01 -7.982500000000547935e+00 4.000000000000000000e+02 -5.826357402492666759e-01 -1.455785002694117125e+01 1.629999999999999893e+00
-6.786410571541042103e+00 1.269780190265008268e-01 -7.985000000000548326e+00 4.000000000000000000e+02 -5.823267416589246182e-01 -1.456004102835083103e+01 4.349999999999999978e-01
-6.785989976784572164e+00 1.274259406754848223e-01 -7.987500000000548717e+00 4.000000000000000000e+02 -5.821920883985641781e-01 -1.456240637509046998e+01 1.915000000000000036e+00
-6.785570551904430481e+00 1.276787721398042474e-01 -7.990000000000549107e+00 4.000000000000000000e+02 -5.818894979343283147e-01 -1.456460378462623417e+01 9.100000000000000311e-01
-6.785152222925688648e+00 1.274263190764569342e-01 -7.992500000000549498e+00 4.000000000000000000e+02 -5.818593219686363227e-01 -1.456707360866054302e+01 3.150000000000000022e-01
-6.784735100150410148e+00 1.274764015209131351e-01 -7.995000000000549889e+00 4.000000000000000000e+02 -5.818211220232483161e-01 -1.456953540871515607e+01 1.110000000000000098e+00
-6.784319176263132078e+00 1.274335567759375953e-01 -7.997500000000550280e+00 4.000000000000000000e+02 -5.818151145200147756e-01 -1.457202940121192292e+01 1.774999999999999911e+00
-6.783904460669787362e+00 1.272985363755830823e-01 -8.000000000000550671e+00 4.000000000000000000e+02 -5.810332676241040106e-01 -1.457374755431601088e+01 1.395000000000000018e+00
-6.783490628484918794e+00 1.271014314746991558e-01 -8.002500000000550173e+00 4.000000000000000000e+02 -5.807798252507503367e-01 -1.457599411194265926e+01 1.959999999999999964e+00
-6.783077895564924908e+00 1.269775300928509265e-01 -8.005000000000549676e+00 4.000000000000000000e+02 -5.804310630500721935e-01 -1.457814534974197862e+01 1.264999999999999902e+00
-6.782666219307053268e+00 1.267751312328673774e-01 -8.007500000000549178e+00 4.000000000000000000e+02 -5.802136139481692823e-01 -1.458042790064007654e+01 8.549999999999999822e-01
-6.782255650478371756e+00 1.269397893226867358e-01 -8.010000000000548681e+00 4.000000000000000000e+02 -5.798460986153833874e-01 -1.458256038530728915e+01 1.274999999999999911e+00
-6.781846124208219528e+00 1.268324504714573586e-01 -8.012500000000548184e+00 4.000000000000000000e+02 -5.789880658579166228e-01 -1.458420235254982344e+01 1.554999999999999938e+00
-6.781437437045893191e+00 1.268614538486065868e-01 -8.015000000000547686e+00 4.000000000000000000e+02 -5.781073923465556152e-01 -1.458582167903846027e+01 1.014999999999999902e+00
-6.781029577698019395e+00 1.268240393425077162e-01 -8.017500000000547189e+00 4.000000000000000000e+02 -5.777300151304305409e-01 -1.458794430182233626e+01 1.074999999999999956e+00
-6.780622748916560916e+00 1.266104414016659407e-01 -8.020000000000546692e+00 4.000000000000000000e+02 -5.769989993433540798e-01 -1.458971328603525741e+01 1.000000000000000056e-01
-6.780216804176705025e+00 1.267400697606758941e-01 -8.022500000000546194e+00 4.000000000000000000e+02 -5.764347997272137869e-01 -1.459164908641911751e+01 1.635000000000000009e+00
-6.779811808751531110e+00 1.266673631987411952e-01 -8.025000000000545697e+00 4.000000000000000000e+02 -5.763065595290801646e-01 -1.459402084622098172e+01 8.149999999999999467e-01
-6.779407936112886723e+00 1.266642424387157684e-01 -8.027500000000545199e+00 4.000000000000000000e+02 -5.760109210799960744e-01 -1.459622520777189969e+01 1.465000000000000080e+00
-6.779005115284251204e+00 1.266921153846528314e-01 -8.030000000000544702e+00 4.000000000000000000e+02 -5.755418845067670208e-01 -1.459825617119866870e+01 3.599999999999999867e-01
-6.778603273445845012e+00 1.268072672299992432e-01 -8.032500000000544205e+00 4.000000000000000000e+02 -5.747697476687068097e-01 -1.459998403436060954e+01 1.564999999999999947e+00
-6.778202286329974235e+00 1.265021579235750537e-01 -8.035000000000543707e+00 4.000000000000000000e+02 -5.742890907587805405e-01 -1.460200337745068033e+01 1.820000000000000062e+00
-6.777802268367936200e+00 1.265637671893733440e-01 -8.037500000000543210e+00 4.000000000000000000e+02 -5.741285314453045130e-01 -1.460434281813720503e+01 7.299999999999999822e-01
-6.777403344520690709e+00 1.266975496590247718e-01 -8.040000000000542713e+00 4.000000000000000000e+02 -5.734717906999081682e-01 -1.460618607739180774e+01 6.149999999999999911e-01
-6.777005313953942789e+00 1.266024421754881057e-01 -8.042500000000542215e+00 4.000000000000000000e+02 -5.727172857589555299e-01 -1.460793157245085538e+01 2.300000000000000100e-01
-6.776608135492922180e+00 1.268341943954459372e-01 -8.045000000000541718e+00 4.000000000000000000e+02 -5.713036614780204747e-01 -1.460901794816991917e+01 7.499999999999999722e-02
-6.776211545714061479e+00 1.267704069502115782e-01 -8.047500000000541220e+00 4.000000000000000000e+02 -5.686010316592035041e-01 -1.460881531835110358e+01 1.419999999999999929e+00
-6.775815032835032170e+00 1.266768316808434269e-01 -8.050000000000540723e+00 4.000000000000000000e+02 -5.684855493755678335e-01 -1.461119983606746509e+01 3.400000000000000244e-01
-6.775419620920848374e+00 1.266158617705832046e-01 -8.052500000000540226e+00 4.000000000000000000e+02 -5.666152986509898071e-01 -1.461182958534288900e+01 5.250000000000000222e-01
-6.775024614079894647e+00 1.266615395186468374e-01 -8.055000000000539728e+00 4.000000000000000000e+02 -5.665296768343214273e-01 -1.461424396352621713e+01 9.000000000000000222e-01
-6.774630715189654317e+00 1.267729460290132615e-01 -8.057500000000539231e+00 4.000000000000000000e+02 -5.663000659607942966e-01 -1.461651435265269150e+01 5.849999999999999645e-01
-6.774237864156877009e+00 1.267404601679717746e-01 -8.060000000000538734e+00 4.000000000000000000e+02 -5.660903790499901556e-01 -1.461880466574188553e+01 2.250000000000000056e-01
-6.773846065588829291e+00 1.269155526751293284e-01 -8.062500000000538236e+00 4.000000000000000000e+02 -5.634208877469005783e-01 -1.461863517443879701e+01 3.150000000000000022e-01
-6.773454354093714436e+00 1.266854374250369619e-01 -8.065000000000537739e+00 4.000000000000000000e+02 -5.612611161509426516e-01 -1.461897540284283714e+01 2.999999999999999889e-02
-6.773062929146885125e+00 1.265336991816213286e-01 -8.067500000000537241e+00 4.000000000000000000e+02 -5.612176704909911384e-01 -1.462143195718288702e+01 1.280000000000000027e+00
-6.772672617167065923e+00 1.264227022276983581e-01 -8.070000000000536744e+00 4.000000000000000000e+02 -5.606825670036776899e-01 -1.462339685369557074e+01 1.639999999999999902e+00
-6.772283223192909318e+00 1.263393470703095267e-01 -8.072500000000536247e+00 4.000000000000000000e+02 -5.587697702587310911e-01 -1.462398405695062564e+01 1.950000000000000067e-01
-6.771894209240277185e+00 1.262771000912778774e-01 -8.075000000000535749e+00 4.000000000000000000e+02 -5.584294222090770976e-01 -1.462614370890096893e+01 1.415000000000000036e+00
-6.771506185299768887e+00 1.264724724197306138e-01 -8.077500000000535252e+00 4.000000000000000000e+02 -5.580298451202718724e-01 -1.462824413181216521e+01 2.000000000000000111e-01
-6.771119125549205364e+00 1.265369995986669605e-01 -8.080000000000534754e+00 4.000000000000000000e+02 -5.569882172358903150e-01 -1.462970250392778127e+01 1.274999999999999911e+00
-6.770732779294518444e+00 1.265997910864250509e-01 -8.082500000000534257e+00 4.000000000000000000e+02 -5.567472418757587471e-01 -1.463196152856765053e+01 6.300000000000000044e-01
-6.770347453521715408e+00 1.265442615054309661e-01 -8.085000000000533760e+00 4.000000000000000000e+02 -5.553757373474151882e-01 -1.463309002403930492e+01 1.760000000000000009e+00
-6.769962710509845216e+00 1.267216548047499780e-01 -8.087500000000533262e+00 4.000000000000000000e+02 -5.546087711204610304e-01 -1.463482305781235304e+01 8.000000000000000444e-01
-6.769578781279393276e+00 1.264615071061957474e-01 -8.090000000000532765e+00 4.000000000000000000e+02 -5.545679152180829075e-01 -1.463728220190997220e+01 7.499999999999999722e-02
-6.769195941829084795e+00 1.265403043312530174e-01 -8.092500000000532268e+00 4.000000000000000000e+02 -5.543900461482496045e-01 -1.463960433284013973e+01 5.000000000000000000e-01
-6.768814136351418931e+00 1.265939844370572720e-01 -8.095000000000531770e+00 4.000000000000000000e+02 -5.543765155162961866e-01 -1.464209080220818393e+01 1.294999999999999929e+00
-6.768433424219606032e+00 1.267786470008212263e-01 -8.097500000000531273e+00 4.000000000000000000e+02 -5.537755677052603742e-01 -1.464398985439714984e+01 1.949999999999999956e+00
-6.768053578868504339e+00 1.266901965397081165e-01 -8.100000000000530775e+00 4.000000000000000000e+02 -5.535107089966119220e-01 -1.464622499568849889e+01 1.475000000000000089e+00
-6.767674725322446960e+00 1.266390342717102213e-01 -8.102500000000530278e+00 4.000000000000000000e+02 -5.518418249413000742e-01 -1.464705611163318899e+01 1.570000000000000062e+00
-6.767296329813742517e+00 1.268043471037036407e-01 -8.105000000000529781e+00 4.000000000000000000e+02 -5.516860555861281545e-01 -1.464940034227801391e+01 6.700000000000000400e-01
-6.766918962939254989e+00 1.267908861347820382e-01 -8.107500000000529283e+00 4.000000000000000000e+02 -5.515957900840090522e-01 -1.465181007677589697e+01 8.100000000000000533e-01
-6.766542646162584163e+00 1.267118721629512945e-01 -8.110000000000528786e+00 4.000000000000000000e+02 -5.510660476043607314e-01 -1.465378033429624516e+01 1.165000000000000036e+00
-6.766167211240372126e+00 1.265134449858331678e-01 -8.112500000000528289e+00 4.000000000000000000e+02 -5.509264104636698578e-01 -1.465614069715555701e+01 1.435000000000000053e+00
-6.765792801836485459e+00 1.264581244346081879e-01 -8.115000000000527791e+00 4.000000000000000000e+02 -5.500217831134537327e-01 -1.465773606980533827e+01 4.550000000000000155e-01
-6.765419129073998228e+00 1.261338674442531727e-01 -8.117500000000527294e+00 4.000000000000000000e+02 -5.498911683835997488e-01 -1.466010545507548457e+01 1.169999999999999929e+00
-6.765046479722344408e+00 1.260362704210326035e-01 -8.120000000000526796e+00 4.000000000000000000e+02 -5.497162479188095752e-01 -1.466243053461069223e+01 1.135000000000000009e+00
-6.764674834136272352e+00 1.260970002878950003e-01 -8.122500000000526299e+00 4.000000000000000000e+02 -5.492307199442246768e-01 -1.466444500663610917e+01 1.274999999999999911e+00
-6.764304074118950183e+00 1.262257858801957566e-01 -8.125000000000525802e+00 4.000000000000000000e+02 -5.490766341850665810e-01 -1.466679092087694869e+01 4.550000000000000155e-01
-6.763934319782958227e+00 1.263927503346497783e-01 -8.127500000000525304e+00 4.000000000000000000e+02 -5.486227010963685702e-01 -1.466883698778825185e+01 1.729999999999999982e+00
-6.763565457464711272e+00 1.265630391346907746e-01 -8.130000000000524807e+00 4.000000000000000000e+02 -5.485711284634861018e-01 -1.467128541515536710e+01 1.645000000000000018e+00
-6.763197632685162830e+00 1.265773783350544468e-01 -8.132500000000524309e+00 4.000000000000000000e+02 -5.475859066547712484e-01 -1.467280019334665297e+01 1.834999999999999964e+00
-6.762830499595245293e+00 1.263814598635734088e-01 -8.135000000000523812e+00 4.000000000000000000e+02 -5.475593746456320909e-01 -1.467527366133751165e+01 7.700000000000000178e-01
-6.762464407713579817e+00 1.264453572560552685e-01 -8.137500000000523315e+00 4.000000000000000000e+02 -5.439110694478758168e-01 -1.467412535613975777e+01 1.455000000000000071e+00
-6.762098029410415378e+00 1.264212214549929325e-01 -8.140000000000522817e+00 4.000000000000000000e+02 -5.431501325668958158e-01 -1.467586441925877416e+01 2.700000000000000178e-01
-6.761732421542972382e+00 1.261881284562495487e-01 -8.142500000000522320e+00 4.000000000000000000e+02 -5.430342207019476231e-01 -1.467824850739382825e+01 1.979999999999999982e+00
-6.761367817422141435e+00 1.260174723802815755e-01 -8.145000000000521823e+00 4.000000000000000000e+02 -5.428122908204118247e-01 -1.468052657751228907e+01 5.550000000000000488e-01
-6.761004175384264236e+00 1.264517935852976505e-01 -8.147500000000521325e+00 4.000000000000000000e+02 -5.424959878729682661e-01 -1.468271027456484745e+01 1.375000000000000000e+00
-6.760641458319378572e+00 1.264842605188988556e-01 -8.150000000000520828e+00 4.000000000000000000e+02 -5.413411445735557548e-01 -1.468405543126543300e+01 5.600000000000000533e-01
-6.760279360088714995e+00 1.265637980426540243e-01 -8.152500000000520330e+00 4.000000000000000000e+02 -5.411457860495118011e-01 -1.468636007274139033e+01 1.830000000000000071e+00
-6.759918226019287602e+00 1.264938416847338487e-01 -8.155000000000519833e+00 4.000000000000000000e+02 -5.406126358193544812e-01 -1.468832692251123007e+01 1.389999999999999902e+00
-6.759557931535053577e+00 1.264835865091033795e-01 -8.157500000000519336e+00 4.000000000000000000e+02 -5.401735088793864215e-01 -1.469038779557126340e+01 5.949999999999999734e-01
-6.759198508172390873e+00 1.261953220985018997e-01 -8.160000000000518838e+00 4.000000000000000000e+02 -5.399715810190552912e-01 -1.469268586771092977e+01 4.000000000000000222e-01
-6.758840038536694905e+00 1.261072175522490735e-01 -8.162500000000518341e+00 4.000000000000000000e+02 -5.389713548499027729e-01 -1.469418564154177886e+01 1.499999999999999944e-01
-6.758482234287284562e+00 1.262368573832777230e-01 -8.165000000000517844e+00 4.000000000000000000e+02 -5.387247219690627364e-01 -1.469643900866093666e+01 1.685000000000000053e+00
-6.758125362940880620e+00 1.262176677644811784e-01 -8.167500000000517346e+00 4.000000000000000000e+02 -5.382560973176823138e-01 -1.469847038400955697e+01 3.400000000000000244e-01
-6.757769342722833805e+00 1.260519280061901393e-01 -8.170000000000516849e+00 4.000000000000000000e+02 -5.379076348852575018e-01 -1.470062192157713099e+01 1.784999999999999920e+00
-6.757414213969389571e+00 1.261591720102158976e-01 -8.172500000000516351e+00 4.000000000000000000e+02 -5.378581707468798045e-01 -1.470307245743875413e+01 1.985000000000000098e+00
-6.757060080015529380e+00 1.261210859845491583e-01 -8.175000000000515854e+00 4.000000000000000000e+02 -5.376465124377124427e-01 -1.470536079912958449e+01 1.000000000000000056e-01
-6.756706880451681663e+00 1.263261831101501753e-01 -8.177500000000515357e+00 4.000000000000000000e+02 -5.373021899495963316e-01 -1.470751647664146944e+01 9.500000000000000111e-02
-6.756354565755565922e+00 1.265061762409128154e-01 -8.180000000000514859e+00 4.000000000000000000e+02 -5.361448786346995066e-01 -1.470885916532657056e+01 3.699999999999999956e-01
-6.756002847623313379e+00 1.266534012875503712e-01 -8.182500000000514362e+00 4.000000000000000000e+02 -5.359460185937277021e-01 -1.471116030528560081e+01 1.955000000000000071e+00
-6.755652061149395315e+00 1.263338679791293218e-01 -8.185000000000513865e+00 4.000000000000000000e+02 -5.357205770077806406e-01 -1.471343486369964992e+01 1.800000000000000044e+00
-6.755302194242251979e+00 1.264371402380630449e-01 -8.187500000000513367e+00 4.000000000000000000e+02 -5.343395649621905941e-01 -1.471455385165406149e+01 1.084999999999999964e+00
-6.754952840771885292e+00 1.266250437940829587e-01 -8.190000000000512870e+00 4.000000000000000000e+02 -5.315289174914837877e-01 -1.471424320418335263e+01 2.949999999999999845e-01
-6.754603500820969941e+00 1.264836701424672250e-01 -8.192500000000512372e+00 4.000000000000000000e+02 -5.296969671328128904e-01 -1.471491125382468290e+01 2.800000000000000266e-01
-6.754254516042170309e+00 1.264947032546362149e-01 -8.195000000000511875e+00 4.000000000000000000e+02 -5.291625507198367551e-01 -1.471687683741170538e+01 2.700000000000000178e-01
-6.753906337937984006e+00 1.267747923083595851e-01 -8.197500000000511378e+00 4.000000000000000000e+02 -5.290214621075813861e-01 -1.471923574879945029e+01 1.449999999999999900e-01
-6.753559100945048854e+00 1.267704000561933053e-01 -8.200000000000510880e+00 4.000000000000000000e+02 -5.281641800823371202e-01 -1.472087846677420409e+01 1.719999999999999973e+00
-6.753212554131436285e+00 1.267120897997433271e-01 -8.202500000000510383e+00 4.000000000000000000e+02 -5.268129049476515391e-01 -1.472202719163951912e+01 9.500000000000000111e-02
-6.752866525022666266e+00 1.267946318644489756e-01 -8.205000000000509885e+00 4.000000000000000000e+02 -5.251735302973262742e-01 -1.472288781698919280e+01 1.425000000000000044e+00
-6.752520913127550983e+00 1.266938409346968220e-01 -8.207500000000509388e+00 4.000000000000000000e+02 -5.223993043029503403e-01 -1.472261359099481837e+01 1.614999999999999991e+00
-6.752175325899109737e+00 1.263779174471392763e-01 -8.210000000000508891e+00 4.000000000000000000e+02 -5.197455107421594667e-01 -1.472245979743402522e+01 1.735000000000000098e+00
-6.751829804934305734e+00 1.262629336612762776e-01 -8.212500000000508393e+00 4.000000000000000000e+02 -5.195557898602514157e-01 -1.472477007655211878e+01 1.754999999999999893e+00
-6.751485200228777295e+00 1.263684517195068913e-01 -8.215000000000507896e+00 4.000000000000000000e+02 -5.177956770925601360e-01 -1.472550996378442356e+01 2.500000000000000139e-02
-6.751140968977416890e+00 1.262811714695293852e-01 -8.217500000000507399e+00 4.000000000000000000e+02 -5.177400738869760710e-01 -1.472795436057884189e+01 1.084999999999999964e+00
-6.750797696157262884e+00 1.265027046063553762e-01 -8.220000000000506901e+00 4.000000000000000000e+02 -5.176776925521439088e-01 -1.473039197924400767e+01 2.000000000000000042e-02
-6.750455376452331180e+00 1.268038589607700384e-01 -8.222500000000506404e+00 4.000000000000000000e+02 -5.155649925714760329e-01 -1.473077927926334141e+01 5.849999999999999645e-01
-6.750113306376816169e+00 1.269923948866392982e-01 -8.225000000000505906e+00 4.000000000000000000e+02 -5.154203804122903243e-01 -1.473313466710415298e+01 2.449999999999999956e-01
-6.749772157620391511e+00 1.269830234141595404e-01 -8.227500000000505409e+00 4.000000000000000000e+02 -5.153391924361411247e-01 -1.473555347912800428e+01 5.350000000000000311e-01
-6.749431948963095174e+00 1.270984857328999740e-01 -8.230000000000504912e+00 4.000000000000000000e+02 -5.152717138235186622e-01 -1.473798600051537910e+01 1.485000000000000098e+00
-6.749092682146227595e+00 1.270413414966568566e-01 -8.232500000000504414e+00 4.000000000000000000e+02 -5.151218870548858186e-01 -1.474033617374674776e+01 1.205000000000000071e+00
-6.748754326387111036e+00 1.268323141269646070e-01 -8.235000000000503917e+00 4.000000000000000000e+02 -5.149748350786608198e-01 -1.474268912177052115e+01 5.250000000000000222e-01
-6.748416879868433860e+00 1.267599452186033149e-01 -8.237500000000503420e+00 4.000000000000000000e+02 -5.146413170129070513e-01 -1.474485560370476911e+01 1.125000000000000000e+00
-6.748080277092730839e+00 1.267752107272101525e-01 -8.240000000000502922e+00 4.000000000000000000e+02 -5.143472080222112330e-01 -1.474706149471407102e+01 1.749999999999999889e-01
-6.747744528896998162e+00 1.268458200552630977e-01 -8.242500000000502425e+00 4.000000000000000000e+02 -5.134820105104395127e-01 -1.474869629720230080e+01 1.540000000000000036e+00
-6.747409441547936204e+00 1.267818431561082149e-01 -8.245000000000501927e+00 4.000000000000000000e+02 -5.133453929080117328e-01 -1.475105967959986941e+01 5.200000000000000178e-01
-6.747075257052167707e+00 1.267786339794607919e-01 -8.247500000000501430e+00 4.000000000000000000e+02 -5.132892297907758472e-01 -1.475350351648263469e+01 1.989999999999999991e+00
-6.746741999485285746e+00 1.268461863236196863e-01 -8.250000000000500933e+00 4.000000000000000000e+02 -5.132011497043084125e-01 -1.475591543639616532e+01 6.300000000000000044e-01
-6.746409655363208024e+00 1.269096167404366593e-01 -8.252500000000500435e+00 4.000000000000000000e+02 -5.131267234775493957e-01 -1.475834101016940814e+01 8.699999999999999956e-01
-6.746078226404505607e+00 1.269608714507733105e-01 -8.255000000000499938e+00 4.000000000000000000e+02 -5.127011780866370660e-01 -1.476041546477849309e+01 4.050000000000000266e-01
-6.745747593735210046e+00 1.269378883000781000e-01 -8.257500000000499440e+00 4.000000000000000000e+02 -5.124457888410627326e-01 -1.476266007553292070e+01 1.764999999999999902e+00
-6.745417811289902588e+00 1.269051952938890782e-01 -8.260000000000498943e+00 4.000000000000000000e+02 -5.124130520506229303e-01 -1.476512733874247729e+01 1.284999999999999920e+00
-6.745088949820886803e+00 1.269362247108961339e-01 -8.262500000000498446e+00 4.000000000000000000e+02 -5.118875636492329351e-01 -1.476710185034109024e+01 9.499999999999999556e-01
-6.744760844846688030e+00 1.272587798137720660e-01 -8.265000000000497948e+00 4.000000000000000000e+02 -5.115928161916437622e-01 -1.476930710288349857e+01 1.320000000000000062e+00
-6.744433569891877589e+00 1.271117453775112427e-01 -8.267500000000497451e+00 4.000000000000000000e+02 -5.115275092005238111e-01 -1.477174179589238001e+01 1.499999999999999944e-01
-6.744107197465565307e+00 1.271548281180178985e-01 -8.270000000000496954e+00 4.000000000000000000e+02 -5.112934429990240170e-01 -1.477400772969087761e+01 7.299999999999999822e-01
-6.743781669863338379e+00 1.268678944822254351e-01 -8.272500000000496456e+00 4.000000000000000000e+02 -5.106080235005427959e-01 -1.477582231019239778e+01 8.149999999999999467e-01
-6.743456838067417358e+00 1.270132977640449634e-01 -8.275000000000495959e+00 4.000000000000000000e+02 -5.102332749913235377e-01 -1.477794756168317569e+01 5.450000000000000400e-01
-6.743132801033505430e+00 1.270028001929539296e-01 -8.277500000000495461e+00 4.000000000000000000e+02 -5.097207347304459901e-01 -1.477993502142230042e+01 1.735000000000000098e+00
-6.742809512024230401e+00 1.270898792698002544e-01 -8.280000000000494964e+00 4.000000000000000000e+02 -5.092583936143985079e-01 -1.478197268030625011e+01 1.185000000000000053e+00
-6.742486985260222276e+00 1.269610520572883039e-01 -8.282500000000494467e+00 4.000000000000000000e+02 -5.089424504102507685e-01 -1.478415673710210321e+01 1.915000000000000036e+00
-6.742165265794263895e+00 1.268451485468576612e-01 -8.285000000000493969e+00 4.000000000000000000e+02 -5.063216421629882502e-01 -1.478403592885483775e+01 5.999999999999999778e-01
-6.741843610948469845e+00 1.263043552725071350e-01 -8.287500000000493472e+00 4.000000000000000000e+02 -5.059952632065001232e-01 -1.478620954989835212e+01 1.689999999999999947e+00
-6.741522757591126513e+00 1.263038321675278020e-01 -8.290000000000492975e+00 4.000000000000000000e+02 -5.059582996319377246e-01 -1.478867258632378778e+01 5.500000000000000028e-02
-6.741202796069321046e+00 1.263722700026718992e-01 -8.292500000000492477e+00 4.000000000000000000e+02 -5.051285956464603988e-01 -1.479034288233831163e+01 1.110000000000000098e+00
-6.740883470618499906e+00 1.262742633935187986e-01 -8.295000000000491980e+00 4.000000000000000000e+02 -5.047551573915727285e-01 -1.479246944408342124e+01 1.534999999999999920e+00
-6.740564925123096351e+00 1.262651621386809142e-01 -8.297500000000491482e+00 4.000000000000000000e+02 -5.046844282689209038e-01 -1.479489871496076958e+01 3.350000000000000200e-01
-6.740247253591908461e+00 1.264110678179014846e-01 -8.300000000000490985e+00 4.000000000000000000e+02 -5.045210006862175245e-01 -1.479723528737806504e+01 7.249999999999999778e-01
-6.739930423987068764e+00 1.264848668748786986e-01 -8.302500000000490488e+00 4.000000000000000000e+02 -5.044457241101643064e-01 -1.479966001080201288e+01 1.665000000000000036e+00
-6.739614461660795364e+00 1.265003228500659882e-01 -8.305000000000489990e+00 4.000000000000000000e+02 -5.022351736816453860e-01 -1.479994946037349202e+01 2.200000000000000011e-01
-6.739298690533791714e+00 1.264843017535274838e-01 -8.307500000000489493e+00 4.000000000000000000e+02 -5.015912636291475213e-01 -1.480180555032099576e+01 1.975000000000000089e+00
-6.738983604365687441e+00 1.262592221133804204e-01 -8.310000000000488996e+00 4.000000000000000000e+02 -5.010997355119368724e-01 -1.480381402220378284e+01 1.610000000000000098e+00
-6.738669249353753443e+00 1.260829364419796816e-01 -8.312500000000488498e+00 4.000000000000000000e+02 -5.007127982275800804e-01 -1.480592708491942666e+01 1.000000000000000021e-02
-6.738355656367861712e+00 1.260778951953591964e-01 -8.315000000000488001e+00 4.000000000000000000e+02 -4.997001313669685585e-01 -1.480741441805881209e+01 1.040000000000000036e+00
-6.738042627543229024e+00 1.261628092598318651e-01 -8.317500000000487503e+00 4.000000000000000000e+02 -4.996128193526048755e-01 -1.480982710604444996e+01 1.370000000000000107e+00
-6.737730450651769232e+00 1.261765722492906860e-01 -8.320000000000487006e+00 4.000000000000000000e+02 -4.995796715675966948e-01 -1.481229395825944017e+01 7.149999999999999689e-01
-6.737419139969784254e+00 1.262531293455046999e-01 -8.322500000000486509e+00 4.000000000000000000e+02 -4.972708218219712983e-01 -1.481248510851381539e+01 1.135000000000000009e+00
-6.737107985645637953e+00 1.263340059769126333e-01 -8.325000000000486011e+00 4.000000000000000000e+02 -4.971894032036263122e-01 -1.481490368989546802e+01 7.950000000000000400e-01
-6.736797679400748251e+00 1.264921388795343382e-01 -8.327500000000485514e+00 4.000000000000000000e+02 -4.971703785049753077e-01 -1.481738466519681907e+01 4.099999999999999756e-01
-6.736488237966430148e+00 1.265961857515573163e-01 -8.330000000000485016e+00 4.000000000000000000e+02 -4.962597499195265383e-01 -1.481897403661136714e+01 1.514999999999999902e+00
-6.736179383455350056e+00 1.265354132908502738e-01 -8.332500000000484519e+00 4.000000000000000000e+02 -4.962476197252027044e-01 -1.482146190641704564e+01 1.254999999999999893e+00
-6.735871391385619411e+00 1.264688742329599935e-01 -8.335000000000484022e+00 4.000000000000000000e+02 -4.957344873444081701e-01 -1.482344877403624928e+01 1.114999999999999991e+00
-6.735564105195632756e+00 1.263483063499093728e-01 -8.337500000000483524e+00 4.000000000000000000e+02 -4.947437651029971684e-01 -1.482495805179483916e+01 1.104999999999999982e+00
-6.735257376618437597e+00 1.265375329234056379e-01 -8.340000000000483027e+00 4.000000000000000000e+02 -4.945618193806187723e-01 -1.482727610607245872e+01 1.300000000000000044e-01
-6.734951451958500535e+00 1.265296102757106633e-01 -8.342500000000482530e+00 4.000000000000000000e+02 -4.944997716726785009e-01 -1.482971405836451950e+01 7.600000000000000089e-01
-6.734646365439748372e+00 1.265148839703033601e-01 -8.345000000000482032e+00 4.000000000000000000e+02 -4.944651337943941627e-01 -1.483217942048623250e+01 6.450000000000000178e-01
-6.734342122849393597e+00 1.266715287469079021e-01 -8.347500000000481535e+00 4.000000000000000000e+02 -4.943392192006312302e-01 -1.483455350589247068e+01 2.399999999999999911e-01
-6.734038693906778228e+00 1.268607712172403756e-01 -8.350000000000481037e+00 4.000000000000000000e+02 -4.940079661112505849e-01 -1.483672225280308865e+01 1.370000000000000107e+00
-6.733736014054032992e+00 1.269192965953132302e-01 -8.352500000000480540e+00 4.000000000000000000e+02 -4.934667275806739473e-01 -1.483868101427251318e+01 1.010000000000000009e+00
-6.733434017817397255e+00 1.268531001704823746e-01 -8.355000000000480043e+00 4.000000000000000000e+02 -4.934188518811747359e-01 -1.484113313857301186e+01 1.050000000000000044e+00
-6.733132852045441652e+00 1.268399378065400152e-01 -8.357500000000479545e+00 4.000000000000000000e+02 -4.931615238794173073e-01 -1.484337581057125455e+01 1.084999999999999964e+00
-6.732832451301825394e+00 1.267963887978847959e-01 -8.360000000000479048e+00 4.000000000000000000e+02 -4.918439131740369730e-01 -1.484455819986587244e+01 2.049999999999999878e-01
-6.732532495592613131e+00 1.269229725414665055e-01 -8.362500000000478551e+00 4.000000000000000000e+02 -4.913109574548079617e-01 -1.484652524414664398e+01 1.379999999999999893e+00
-6.732233219011164671e+00 1.268970194606119095e-01 -8.365000000000478053e+00 4.000000000000000000e+02 -4.907739518780377397e-01 -1.484848823856987288e+01 9.449999999999999512e-01
-6.731934618608238274e+00 1.267745577045182592e-01 -8.367500000000477556e+00 4.000000000000000000e+02 -4.905134369434809294e-01 -1.485072772363531612e+01 8.699999999999999956e-01
-6.731636775004985473e+00 1.267355342602470014e-01 -8.370000000000477058e+00 4.000000000000000000e+02 -4.904027119779961197e-01 -1.485311699866982948e+01 1.169999999999999929e+00
-6.731339730549789735e+00 1.267213342454880376e-01 -8.372500000000476561e+00 4.000000000000000000e+02 -4.896312913396703159e-01 -1.485484557803150452e+01 1.100000000000000089e+00
-6.731043287096833083e+00 1.269431327802661991e-01 -8.375000000000476064e+00 4.000000000000000000e+02 -4.889541272080873413e-01 -1.485666841389991966e+01 8.750000000000000000e-01
-6.730747471132296766e+00 1.269899156738673318e-01 -8.377500000000475566e+00 4.000000000000000000e+02 -4.884839683607232197e-01 -1.485869825505255726e+01 1.294999999999999929e+00
-6.730452342233504304e+00 1.266734551464144265e-01 -8.380000000000475069e+00 4.000000000000000000e+02 -4.883014123771103887e-01 -1.486101569906894149e+01 9.899999999999999911e-01
-6.730157983260826704e+00 1.265842477661943966e-01 -8.382500000000474571e+00 4.000000000000000000e+02 -4.873887212172124395e-01 -1.486260300790904587e+01 9.000000000000000222e-01
-6.729864177571882600e+00 1.265882641636987271e-01 -8.385000000000474074e+00 4.000000000000000000e+02 -4.872440688741626613e-01 -1.486495835556599232e+01 1.340000000000000080e+00
-6.729571149075330716e+00 1.266077943259747984e-01 -8.387500000000473577e+00 4.000000000000000000e+02 -4.868619568921003227e-01 -1.486707624358393254e+01 1.324999999999999956e+00
-6.729278826091963595e+00 1.266895101375407895e-01 -8.390000000000473079e+00 4.000000000000000000e+02 -4.867210920400148466e-01 -1.486943537873184340e+01 5.749999999999999556e-01
-6.728987277051279747e+00 1.269438538321882581e-01 -8.392500000000472582e+00 4.000000000000000000e+02 -4.852344008856489532e-01 -1.487044868757747906e+01 1.219999999999999973e+00
-6.728696108137222076e+00 1.267912940696257762e-01 -8.395000000000472085e+00 4.000000000000000000e+02 -4.846578244407782621e-01 -1.487237211113260749e+01 1.185000000000000053e+00
-6.728405583236613197e+00 1.269006984742191424e-01 -8.397500000000471587e+00 4.000000000000000000e+02 -4.839541548412851779e-01 -1.487416844153311501e+01 1.510000000000000009e+00
-6.728115663899473020e+00 1.268510873646504500e-01 -8.400000000000471090e+00 4.000000000000000000e+02 -4.839137799626840319e-01 -1.487662806665451143e+01 3.499999999999999778e-01
-6.727826540498481833e+00 1.267449342645694255e-01 -8.402500000000470592e+00 4.000000000000000000e+02 -4.832276182396482711e-01 -1.487844190493147778e+01 1.049999999999999961e-01
-6.727538024386443993e+00 1.268520785250205896e-01 -8.405000000000470095e+00 4.000000000000000000e+02 -4.828903848192113712e-01 -1.488060467151103694e+01 1.600000000000000033e-01
-6.727250214541209417e+00 1.272207058406723268e-01 -8.407500000000469598e+00 4.000000000000000000e+02 -4.824197700504284092e-01 -1.488263405674225659e+01 5.350000000000000311e-01
-6.726963070739816253e+00 1.272293181866282208e-01 -8.410000000000469100e+00 4.000000000000000000e+02 -4.821844373314431720e-01 -1.488489872402326775e+01 1.610000000000000098e+00
-6.726676658636260520e+00 1.272026225816184075e-01 -8.412500000000468603e+00 4.000000000000000000e+02 -4.821161275150384062e-01 -1.488733041420686476e+01 8.499999999999999778e-01
-6.726391023862017704e+00 1.272190768232022984e-01 -8.415000000000468106e+00 4.000000000000000000e+02 -4.814865366432108940e-01 -1.488920082333503458e+01 1.090000000000000080e+00
-6.726106004177814235e+00 1.271211429379613678e-01 -8.417500000000467608e+00 4.000000000000000000e+02 -4.814417996281144529e-01 -1.489165608631994075e+01 2.399999999999999911e-01
-6.725821764348122400e+00 1.271886371588138165e-01 -8.420000000000467111e+00 4.000000000000000000e+02 -4.790235603288700017e-01 -1.489173784702069270e+01 1.239999999999999991e+00
-6.725537628516548239e+00 1.271253616805655962e-01 -8.422500000000466613e+00 4.000000000000000000e+02 -4.787025482863609405e-01 -1.489391683497818519e+01 9.849999999999999867e-01
-6.725254191586432562e+00 1.272501518785819075e-01 -8.425000000000466116e+00 4.000000000000000000e+02 -4.785149620060216713e-01 -1.489622924869784448e+01 1.814999999999999947e+00
-6.724971489358264165e+00 1.273930817482355482e-01 -8.427500000000465619e+00 4.000000000000000000e+02 -4.777189627600938460e-01 -1.489793324945191699e+01 3.500000000000000333e-02
-6.724689348138768175e+00 1.273930995444820247e-01 -8.430000000000465121e+00 4.000000000000000000e+02 -4.775309485137964050e-01 -1.490024523520561850e+01 1.060000000000000053e+00
-6.724407937778066113e+00 1.273663446572615154e-01 -8.432500000000464624e+00 4.000000000000000000e+02 -4.767296660984678969e-01 -1.490194395279029038e+01 1.614999999999999991e+00
-6.724127084016390477e+00 1.273951316938621570e-01 -8.435000000000464127e+00 4.000000000000000000e+02 -4.763543284583616200e-01 -1.490406861515018200e+01 6.199999999999999956e-01
-6.723846904946514158e+00 1.276183874876069546e-01 -8.437500000000463629e+00 4.000000000000000000e+02 -4.759790745068955276e-01 -1.490619336119871718e+01 4.000000000000000222e-01
-6.723567398782694049e+00 1.273944437494150539e-01 -8.440000000000463132e+00 4.000000000000000000e+02 -4.724156361162336615e-01 -1.490512992280805271e+01 1.959999999999999964e+00
-6.723287673449732438e+00 1.272952367244871708e-01 -8.442500000000462634e+00 4.000000000000000000e+02 -4.721376473060436840e-01 -1.490735193399786418e+01 6.350000000000000089e-01
-6.723008646943725353e+00 1.272690585104444272e-01 -8.445000000000462137e+00 4.000000000000000000e+02 -4.716768350578532942e-01 -1.490939112174967107e+01 1.564999999999999947e+00
-6.722730266441839575e+00 1.272065080379605750e-01 -8.447500000000461640e+00 4.000000000000000000e+02 -4.712985491892959233e-01 -1.491151283588111554e+01 1.520000000000000018e+00
-6.722452553185688906e+00 1.270203857576278628e-01 -8.450000000000461142e+00 4.000000000000000000e+02 -4.706488770450248937e-01 -1.491336316373684312e+01 8.000000000000000167e-02
-6.722175430204596402e+00 1.270268508117646244e-01 -8.452500000000460645e+00 4.000000000000000000e+02 -4.700980576527604149e-01 -1.491531234434457964e+01 1.790000000000000036e+00
-6.721898923411936622e+00 1.271121178672817154e-01 -8.455000000000460147e+00 4.000000000000000000e+02 -4.695293739508609177e-01 -1.491724366064267748e+01 3.449999999999999734e-01
-6.721623026339826446e+00 1.270802129980135031e-01 -8.457500000000459650e+00 4.000000000000000000e+02 -4.695012204740705575e-01 -1.491971550716588801e+01 1.020000000000000018e+00
-6.721347886217419187e+00 1.270914183770225636e-01 -8.460000000000459153e+00 4.000000000000000000e+02 -4.689576759776202253e-01 -1.492167196266943563e+01 4.500000000000000111e-01
-6.721073359327735197e+00 1.269419692869409588e-01 -8.462500000000458655e+00 4.000000000000000000e+02 -4.689056939251927680e-01 -1.492411998061700906e+01 1.040000000000000036e+00
-6.720799578731144308e+00 1.269962467097474346e-01 -8.465000000000458158e+00 4.000000000000000000e+02 -4.687705809484307706e-01 -1.492648486764024440e+01 3.049999999999999933e-01
-6.720526519499786744e+00 1.272690167776736603e-01 -8.467500000000457661e+00 4.000000000000000000e+02 -4.666209922632247875e-01 -1.492683527895504092e+01 1.655000000000000027e+00
-6.720253630436537229e+00 1.272547586621857740e-01 -8.470000000000457163e+00 4.000000000000000000e+02 -4.663916885420467118e-01 -1.492910597523385974e+01 8.349999999999999645e-01
-6.719981434513544905e+00 1.273612732887894616e-01 -8.472500000000456666e+00 4.000000000000000000e+02 -4.661905023106953649e-01 -1.493140478900251011e+01 1.915000000000000036e+00
-6.719709937415190737e+00 1.271732955009912125e-01 -8.475000000000456168e+00 4.000000000000000000e+02 -4.647231734256723201e-01 -1.493243746011748563e+01 7.199999999999999734e-01
-6.719438794115967006e+00 1.271769011412872963e-01 -8.477500000000455671e+00 4.000000000000000000e+02 -4.642557401019470342e-01 -1.493447002679376112e+01 1.950000000000000067e-01
-6.719168274648946060e+00 1.271262750351187798e-01 -8.480000000000455174e+00 4.000000000000000000e+02 -4.641797739295219771e-01 -1.493689406062133429e+01 5.849999999999999645e-01
-6.718898483031670033e+00 1.277385096212859394e-01 -8.482500000000454676e+00 4.000000000000000000e+02 -4.635963835197132732e-01 -1.493881067021152553e+01 1.995000000000000107e+00
-6.718629280563428452e+00 1.278721999344709648e-01 -8.485000000000454179e+00 4.000000000000000000e+02 -4.635043628502950042e-01 -1.494121864954210466e+01 6.350000000000000089e-01
-6.718360797738657020e+00 1.277149068725136061e-01 -8.487500000000453682e+00 4.000000000000000000e+02 -4.630089010991339515e-01 -1.494322318779094516e+01 3.599999999999999867e-01
-6.718092924406318112e+00 1.278289842298284962e-01 -8.490000000000453184e+00 4.000000000000000000e+02 -4.623284991631544383e-01 -1.494504278585496415e+01 1.165000000000000036e+00
-6.717825609594016534e+00 1.276996296631000838e-01 -8.492500000000452687e+00 4.000000000000000000e+02 -4.621733398812554183e-01 -1.494738762657306630e+01 1.060000000000000053e+00
-6.717558992045425725e+00 1.277955565896710943e-01 -8.495000000000452189e+00 4.000000000000000000e+02 -4.620882299969851226e-01 -1.494980251668879312e+01 9.399999999999999467e-01
-6.717293088381220301e+00 1.278797195931358766e-01 -8.497500000000451692e+00 4.000000000000000000e+02 -4.606104221551650113e-01 -1.495082470884697479e+01 1.695000000000000062e+00
-6.717027526960470674e+00 1.277494526519747930e-01 -8.500000000000451195e+00 4.000000000000000000e+02 -4.593672465492105172e-01 -1.495208153324101730e+01 1.495000000000000107e+00
-6.716762369465522298e+00 1.276142345000739198e-01 -8.502500000000450697e+00 4.000000000000000000e+02 -4.590193376571867212e-01 -1.495423362434899595e+01 1.370000000000000107e+00
-6.716497852063451290e+00 1.275939255539906836e-01 -8.505000000000450200e+00 4.000000000000000000e+02 -4.589994247778823033e-01 -1.495671371146968909e+01 1.979999999999999982e+00
-6.716234059566047243e+00 1.276062836754759677e-01 -8.507500000000449702e+00 4.000000000000000000e+02 -4.589979538063574949e-01 -1.495921224049816445e+01 6.149999999999999911e-01
-6.715970994647134873e+00 1.274356318532856858e-01 -8.510000000000449205e+00 4.000000000000000000e+02 -4.584202109801077119e-01 -1.496113449767191383e+01 8.399999999999999689e-01
-6.715708503906746785e+00 1.272815368142350134e-01 -8.512500000000448708e+00 4.000000000000000000e+02 -4.583512952196501233e-01 -1.496356558191145680e+01 1.650000000000000078e-01
-6.715446719161059619e+00 1.273385565796397723e-01 -8.515000000000448210e+00 4.000000000000000000e+02 -4.578361692117640658e-01 -1.496555045590356769e+01 1.905000000000000027e+00
-6.715185521819459602e+00 1.274157431845878152e-01 -8.517500000000447713e+00 4.000000000000000000e+02 -4.575579314658494989e-01 -1.496777221815765557e+01 9.449999999999999512e-01
-6.714924972131442793e+00 1.274160613716434076e-01 -8.520000000000447216e+00 4.000000000000000000e+02 -4.570832510085116041e-01 -1.496979753770031429e+01 1.925000000000000044e+00
-6.714665017268429459e+00 1.276867685185268109e-01 -8.522500000000446718e+00 4.000000000000000000e+02 -4.568060671591092636e-01 -1.497202035385091357e+01 1.155000000000000027e+00
-6.714405706929707840e+00 1.274940794973122016e-01 -8.525000000000446221e+00 4.000000000000000000e+02 -4.567868139115145443e-01 -1.497450110060331774e+01 1.979999999999999982e+00
-6.714147106051830072e+00 1.274217593514462843e-01 -8.527500000000445723e+00 4.000000000000000000e+02 -4.564520397342592406e-01 -1.497666632642606288e+01 1.110000000000000098e+00
-6.713889131137901423e+00 1.272643333467158577e-01 -8.530000000000445226e+00 4.000000000000000000e+02 -4.562245920963096113e-01 -1.497893887878811192e+01 8.750000000000000000e-01
-6.713631808127366263e+00 1.274292050804156085e-01 -8.532500000000444729e+00 4.000000000000000000e+02 -4.562207896491662917e-01 -1.498143507634096849e+01 5.100000000000000089e-01
-6.713375192595652408e+00 1.273467101927304723e-01 -8.535000000000444231e+00 4.000000000000000000e+02 -4.562169249622302636e-01 -1.498393121165403130e+01 1.375000000000000000e+00
-6.713119282400927368e+00 1.274986575387939136e-01 -8.537500000000443734e+00 4.000000000000000000e+02 -4.559515611855349815e-01 -1.498616584787733608e+01 4.450000000000000067e-01
-6.712864008688154804e+00 1.275328055931122528e-01 -8.540000000000443237e+00 4.000000000000000000e+02 -4.556968632867278157e-01 -1.498841114997852664e+01 3.449999999999999734e-01
-6.712609372428058663e+00 1.274803713318034548e-01 -8.542500000000442739e+00 4.000000000000000000e+02 -4.541460396562792545e-01 -1.498936032634808058e+01 1.145000000000000018e+00
-6.712355042478924005e+00 1.275405305187125027e-01 -8.545000000000442242e+00 4.000000000000000000e+02 -4.532498765313373590e-01 -1.499096416322313630e+01 8.500000000000000611e-02
-6.712101184618536998e+00 1.275787281933503658e-01 -8.547500000000441744e+00 4.000000000000000000e+02 -4.532259425733602964e-01 -1.499344022926515940e+01 1.499999999999999944e-01
-6.711848018738119315e+00 1.275984358595176338e-01 -8.550000000000441247e+00 4.000000000000000000e+02 -4.527570585218083088e-01 -1.499547134521360547e+01 5.500000000000000444e-01
-6.711595430426974929e+00 1.275609864698496188e-01 -8.552500000000440750e+00 4.000000000000000000e+02 -4.524421076210525250e-01 -1.499765639431285180e+01 4.799999999999999822e-01
-6.711343457007235891e+00 1.275489947454767625e-01 -8.555000000000440252e+00 4.000000000000000000e+02 -4.523798607606213662e-01 -1.500009414745241720e+01 1.074999999999999956e+00
-6.711092160331410206e+00 1.276596387101974761e-01 -8.557500000000439755e+00 4.000000000000000000e+02 -4.519013559687042880e-01 -1.500211564266050246e+01 6.600000000000000311e-01
-6.710841434080561108e+00 1.276106226241972563e-01 -8.560000000000439258e+00 4.000000000000000000e+02 -4.517897608668563492e-01 -1.500450404755865108e+01 2.000000000000000042e-02
-6.710591368574164051e+00 1.278053329285783468e-01 -8.562500000000438760e+00 4.000000000000000000e+02 -4.507198019071353423e-01 -1.500593408859893252e+01 1.919999999999999929e+00
-6.710341722799327613e+00 1.279029149781218955e-01 -8.565000000000438263e+00 4.000000000000000000e+02 -4.499699073325025833e-01 -1.500768419402429643e+01 1.804999999999999938e+00
-6.710092575692971018e+00 1.279574404579244817e-01 -8.567500000000437765e+00 4.000000000000000000e+02 -4.493737915470695787e-01 -1.500958807823886509e+01 1.510000000000000009e+00
-6.709843964364482716e+00 1.279298579438824246e-01 -8.570000000000437268e+00 4.000000000000000000e+02 -4.493591237754949730e-01 -1.501207341046728772e+01 5.849999999999999645e-01
-6.709596031712927733e+00 1.279162067246281675e-01 -8.572500000000436771e+00 4.000000000000000000e+02 -4.490525389326304184e-01 -1.501426682562442494e+01 8.499999999999999778e-01
-6.709348703538192460e+00 1.279657562502543311e-01 -8.575000000000436273e+00 4.000000000000000000e+02 -4.486324236369824692e-01 -1.501634671032877577e+01 1.000000000000000021e-02
-6.709101950208609999e+00 1.279083474704402201e-01 -8.577500000000435776e+00 4.000000000000000000e+02 -4.486046951066418598e-01 -1.501881898179843589e+01 1.725000000000000089e+00
-6.708855866813706825e+00 1.279631372696906355e-01 -8.580000000000435278e+00 4.000000000000000000e+02 -4.482395496500636289e-01 -1.502095383634185488e+01 1.854999999999999982e+00
-6.708610368559313031e+00 1.280050523971891507e-01 -8.582500000000434781e+00 4.000000000000000000e+02 -4.481728383716735431e-01 -1.502338712506346674e+01 1.304999999999999938e+00
-6.708365526982001725e+00 1.280580034279638901e-01 -8.585000000000434284e+00 4.000000000000000000e+02 -4.481513109966679398e-01 -1.502586559768845831e+01 1.659999999999999920e+00
-6.708121351196844273e+00 1.279722840693812147e-01 -8.587500000000433786e+00 4.000000000000000000e+02 -4.479561618679881452e-01 -1.502817044855978068e+01 1.979999999999999982e+00
-6.707877796953982674e+00 1.279500091577558951e-01 -8.590000000000433289e+00 4.000000000000000000e+02 -4.474638304190782234e-01 -1.503017811711086793e+01 1.169999999999999929e+00
-6.707634790322740237e+00 1.279189381769287315e-01 -8.592500000000432792e+00 4.000000000000000000e+02 -4.474598575895476493e-01 -1.503267414428133897e+01 2.449999999999999956e-01
-6.707392448303616916e+00 1.279883940759976579e-01 -8.595000000000432294e+00 4.000000000000000000e+02 -4.470621678387511899e-01 -1.503477645453054024e+01 4.199999999999999845e-01
-6.707150673758050630e+00 1.279094647206681645e-01 -8.597500000000431797e+00 4.000000000000000000e+02 -4.455684557300937931e-01 -1.503578274242188328e+01 1.300000000000000044e+00
-6.706909200737583454e+00 1.278776451627781363e-01 -8.600000000000431299e+00 4.000000000000000000e+02 -4.442785025571514557e-01 -1.503699278924893967e+01 1.260000000000000009e+00
-6.706668077923517046e+00 1.277814734503746330e-01 -8.602500000000430802e+00 4.000000000000000000e+02 -4.422410809035449697e-01 -1.503745536759533330e+01 1.264999999999999902e+00
-6.706427124707733611e+00 1.277837288779914149e-01 -8.605000000000430305e+00 4.000000000000000000e+02 -4.414192216733081597e-01 -1.503913350836509544e+01 1.794999999999999929e+00
-6.706186633404850106e+00 1.277202465437667078e-01 -8.607500000000429807e+00 4.000000000000000000e+02 -4.391691828213453164e-01 -1.503938346951313321e+01 5.999999999999999778e-01
-6.705946260008424531e+00 1.280067331858553703e-01 -8.610000000000429310e+00 4.000000000000000000e+02 -4.391003370994180921e-01 -1.504181462379120404e+01 3.250000000000000111e-01
-6.705706527842298925e+00 1.277935098143903048e-01 -8.612500000000428813e+00 4.000000000000000000e+02 -4.386550203427783678e-01 -1.504386930703456571e+01 1.594999999999999973e+00
-6.705467345025115655e+00 1.278283585662809974e-01 -8.615000000000428315e+00 4.000000000000000000e+02 -4.386146392883169542e-01 -1.504632892598010230e+01 1.340000000000000080e+00
-6.705228806767796534e+00 1.279012707055271758e-01 -8.617500000000427818e+00 4.000000000000000000e+02 -4.383723610024994333e-01 -1.504858664769428600e+01 1.534999999999999920e+00
-6.704990863150647407e+00 1.279458672203147851e-01 -8.620000000000427320e+00 4.000000000000000000e+02 -4.377116359450901051e-01 -1.505042592263687418e+01 8.549999999999999822e-01
-6.704753413222792169e+00 1.281020903583303672e-01 -8.622500000000426823e+00 4.000000000000000000e+02 -4.368646182473738815e-01 -1.505207890493915812e+01 5.250000000000000222e-01
-6.704516411700770284e+00 1.282145051264799163e-01 -8.625000000000426326e+00 4.000000000000000000e+02 -4.357189308032125008e-01 -1.505343321749499452e+01 1.524999999999999911e+00
-6.704279786978107225e+00 1.281268183173615294e-01 -8.627500000000425828e+00 4.000000000000000000e+02 -4.350520231744667843e-01 -1.505526630986625136e+01 1.620000000000000107e+00
-6.704043651437450180e+00 1.280650034409950566e-01 -8.630000000000425331e+00 4.000000000000000000e+02 -4.347685079861621782e-01 -1.505748279467794326e+01 1.899999999999999911e+00
-6.703808094269865236e+00 1.280422123217108687e-01 -8.632500000000424834e+00 4.000000000000000000e+02 -4.344776521012497228e-01 -1.505969193879303347e+01 7.750000000000000222e-01
-6.703573112198280448e+00 1.281648206522434663e-01 -8.635000000000424336e+00 4.000000000000000000e+02 -4.337725384001024920e-01 -1.506148682509188319e+01 1.489999999999999991e+00
-6.703338606569725577e+00 1.280367986542399195e-01 -8.637500000000423839e+00 4.000000000000000000e+02 -4.335765966090128209e-01 -1.506379088330079519e+01 1.405000000000000027e+00
-6.703104695424173975e+00 1.281652989237475615e-01 -8.640000000000423341e+00 4.000000000000000000e+02 -4.333138157786497469e-01 -1.506602810247042967e+01 1.290000000000000036e+00
-6.702871361522597660e+00 1.281163792458068773e-01 -8.642500000000422844e+00 4.000000000000000000e+02 -4.332177114857920230e-01 -1.506843199817757295e+01 9.549999999999999600e-01
-6.702638642093889487e+00 1.280455142008972147e-01 -8.645000000000422347e+00 4.000000000000000000e+02 -4.321057514947178047e-01 -1.506982003818649574e+01 1.600000000000000033e-01
-6.702406299498116837e+00 1.278245343272062795e-01 -8.647500000000421849e+00 4.000000000000000000e+02 -4.320684477657135147e-01 -1.507228273445749345e+01 1.250000000000000000e+00
-6.702174582159203808e+00 1.278076110842311097e-01 -8.650000000000421352e+00 4.000000000000000000e+02 -4.319660031814420154e-01 -1.507468028987321951e+01 7.850000000000000311e-01
-6.701943473197835566e+00 1.279398712060511034e-01 -8.652500000000420854e+00 4.000000000000000000e+02 -4.319177452217265456e-01 -1.507713203191350537e+01 1.280000000000000027e+00
-6.701712983365039733e+00 1.279854031489112143e-01 -8.655000000000420357e+00 4.000000000000000000e+02 -4.315499011600237300e-01 -1.507926418785180012e+01 1.044999999999999929e+00
-6.701483037392739206e+00 1.280086404980554093e-01 -8.657500000000419860e+00 4.000000000000000000e+02 -4.314380015998279250e-01 -1.508165228829160576e+01 1.520000000000000018e+00
-6.701253692573371445e+00 1.280597425554888258e-01 -8.660000000000419362e+00 4.000000000000000000e+02 -4.312286452945492954e-01 -1.508394293198632496e+01 1.340000000000000080e+00
-6.701024924906697322e+00 1.279177900289018288e-01 -8.662500000000418865e+00 4.000000000000000000e+02 -4.308758644468270171e-01 -1.508609015113860430e+01 2.399999999999999911e-01
-6.700796700081814272e+00 1.278370768282995618e-01 -8.665000000000418368e+00 4.000000000000000000e+02 -4.305266585241547261e-01 -1.508824094521592940e+01 4.000000000000000222e-01
-6.700569017501037727e+00 1.278254967755773908e-01 -8.667500000000417870e+00 4.000000000000000000e+02 -4.292151673093780317e-01 -1.508942945400115399e+01 1.955000000000000071e+00
-6.700341657097528270e+00 1.277812383535317509e-01 -8.670000000000417373e+00 4.000000000000000000e+02 -4.287679748964613458e-01 -1.509148226158823469e+01 1.504999999999999893e+00
-6.700114814464611435e+00 1.277476925137953911e-01 -8.672500000000416875e+00 4.000000000000000000e+02 -4.280634690763731043e-01 -1.509327775576814723e+01 2.250000000000000056e-01
-6.699888430068467571e+00 1.276802622000002552e-01 -8.675000000000416378e+00 4.000000000000000000e+02 -4.270266565668625613e-01 -1.509474094325863547e+01 1.719999999999999973e+00
-6.699662427798910080e+00 1.276251507293895693e-01 -8.677500000000415881e+00 4.000000000000000000e+02 -4.268605793035170626e-01 -1.509707486599529069e+01 4.000000000000000222e-01
-6.699437003273203572e+00 1.277429687111583390e-01 -8.680000000000415383e+00 4.000000000000000000e+02 -4.266482145900326040e-01 -1.509936250128180468e+01 1.939999999999999947e+00
-6.699212144477971087e+00 1.278567236314134270e-01 -8.682500000000414886e+00 4.000000000000000000e+02 -4.265340687206497505e-01 -1.510174835541242189e+01 7.249999999999999778e-01
-6.698987871893131718e+00 1.278508460606651576e-01 -8.685000000000414389e+00 4.000000000000000000e+02 -4.260289770786707675e-01 -1.510374326377044163e+01 5.999999999999999778e-01
-6.698764096402281432e+00 1.279152163065732095e-01 -8.687500000000413891e+00 4.000000000000000000e+02 -4.258660177655567147e-01 -1.510608030445732908e+01 1.580000000000000071e+00
-6.698540893162352461e+00 1.280087672237962548e-01 -8.690000000000413394e+00 4.000000000000000000e+02 -4.243987957800433586e-01 -1.510711308247181250e+01 6.899999999999999467e-01
-6.698317970054306514e+00 1.279593493828560524e-01 -8.692500000000412896e+00 4.000000000000000000e+02 -4.241605224465035406e-01 -1.510937480913827535e+01 1.875000000000000000e+00
-6.698095600083071588e+00 1.279893573792728056e-01 -8.695000000000412399e+00 4.000000000000000000e+02 -4.241569239610447073e-01 -1.511187121065281325e+01 1.399999999999999911e+00
-6.697873833796928800e+00 1.280187842169478729e-01 -8.697500000000411902e+00 4.000000000000000000e+02 -4.236822063640539038e-01 -1.511389649305582417e+01 1.909999999999999920e+00
-6.697652565215908460e+00 1.280201027773320011e-01 -8.700000000000411404e+00 4.000000000000000000e+02 -4.230068216426715044e-01 -1.511572110833443894e+01 1.820000000000000062e+00
-6.697431748812021191e+00 1.280134995131021469e-01 -8.702500000000410907e+00 4.000000000000000000e+02 -4.226762154672601413e-01 -1.511789050215902996e+01 1.590000000000000080e+00
-6.697211459517428800e+00 1.279353913804902598e-01 -8.705000000000410409e+00 4.000000000000000000e+02 -4.220003467000200681e-01 -1.511971463339178712e+01 1.449999999999999900e-01
-6.696991620077289653e+00 1.279422105072480220e-01 -8.707500000000409912e+00 4.000000000000000000e+02 -4.212331116215207172e-01 -1.512144739831328799e+01 2.449999999999999956e-01
-6.696772209430743139e+00 1.280079147328520295e-01 -8.710000000000409415e+00 4.000000000000000000e+02 -4.202704817457956765e-01 -1.512298476843756134e+01 7.049999999999999600e-01
-6.696553183860046055e+00 1.279440247925241747e-01 -8.712500000000408917e+00 4.000000000000000000e+02 -4.201209750214685013e-01 -1.512533526171323572e+01 4.550000000000000155e-01
-6.696334720295858745e+00 1.281249566627067071e-01 -8.715000000000408420e+00 4.000000000000000000e+02 -4.194872282994249746e-01 -1.512720151499119048e+01 5.699999999999999512e-01
-6.696116711642357444e+00 1.280263824684291785e-01 -8.717500000000407923e+00 4.000000000000000000e+02 -4.176213706618683852e-01 -1.512783565735363389e+01 1.254999999999999893e+00
-6.695898888665796633e+00 1.280171974038754878e-01 -8.720000000000407425e+00 4.000000000000000000e+02 -4.161754855923084917e-01 -1.512888977228407228e+01 9.449999999999999512e-01
-6.695681342540296122e+00 1.280262432221863089e-01 -8.722500000000406928e+00 4.000000000000000000e+02 -4.161302714252314017e-01 -1.513134455811699652e+01 4.149999999999999800e-01
-6.695464376931185235e+00 1.279387047111932019e-01 -8.725000000000406430e+00 4.000000000000000000e+02 -4.161281049073684568e-01 -1.513384239159913136e+01 9.200000000000000400e-01
-6.695247999477668799e+00 1.280993837559914195e-01 -8.727500000000405933e+00 4.000000000000000000e+02 -4.150427291757274872e-01 -1.513525701586749150e+01 4.149999999999999800e-01
-6.695031974610422765e+00 1.281262749010114443e-01 -8.730000000000405436e+00 4.000000000000000000e+02 -4.150188497479307959e-01 -1.513773313643969232e+01 1.195000000000000062e+00
-6.694816530468845173e+00 1.283184125236655482e-01 -8.732500000000404938e+00 4.000000000000000000e+02 -4.148154656203160151e-01 -1.514002975231207948e+01 1.935000000000000053e+00
-6.694601626798598382e+00 1.282609503381452187e-01 -8.735000000000404441e+00 4.000000000000000000e+02 -4.143084887482716416e-01 -1.514202277544003294e+01 1.544999999999999929e+00
-6.694387197045675642e+00 1.284796491754108538e-01 -8.737500000000403944e+00 4.000000000000000000e+02 -4.139147180737093867e-01 -1.514412900476547108e+01 1.070000000000000062e+00
-6.694173264280987468e+00 1.284617614938293184e-01 -8.740000000000403446e+00 4.000000000000000000e+02 -4.137548290923327987e-01 -1.514646911578409316e+01 5.000000000000000278e-02
-6.693959877154566307e+00 1.283693081438603556e-01 -8.742500000000402949e+00 4.000000000000000000e+02 -4.136906510249814817e-01 -1.514890493771674329e+01 9.799999999999999822e-01
-6.693747054527034557e+00 1.283684439070913175e-01 -8.745000000000402451e+00 4.000000000000000000e+02 -4.135861687393956321e-01 -1.515130045543115500e+01 1.699999999999999956e+00
-6.693534786231178479e+00 1.284072470506917307e-01 -8.747500000000401954e+00 4.000000000000000000e+02 -4.134946098819279325e-01 -1.515370889657368814e+01 1.150000000000000050e-01
-6.693323073441737492e+00 1.284875988696580484e-01 -8.750000000000401457e+00 4.000000000000000000e+02 -4.123911155842970855e-01 -1.515510540227605496e+01 1.415000000000000036e+00
-6.693111700823129340e+00 1.282896747394859649e-01 -8.752500000000400959e+00 4.000000000000000000e+02 -4.119610625050340591e-01 -1.515717534919679288e+01 1.520000000000000018e+00
-6.692900809812603491e+00 1.283466528989223865e-01 -8.755000000000400462e+00 4.000000000000000000e+02 -4.116810906717560115e-01 -1.515939537736351284e+01 1.254999999999999893e+00
-6.692690430784610456e+00 1.283230982104125451e-01 -8.757500000000399965e+00 4.000000000000000000e+02 -4.112251018447257156e-01 -1.516143938853648443e+01 5.100000000000000089e-01
-6.692480525449119533e+00 1.283773042421539889e-01 -8.760000000000399467e+00 4.000000000000000000e+02 -4.105229603383669379e-01 -1.516323724703012310e+01 1.375000000000000000e+00
-6.692271041087080263e+00 1.283876010382279109e-01 -8.762500000000398970e+00 4.000000000000000000e+02 -4.102001906317020996e-01 -1.516541447732345915e+01 8.649999999999999911e-01
-6.692062056056079733e+00 1.285907250171908767e-01 -8.765000000000398472e+00 4.000000000000000000e+02 -4.096375873360538766e-01 -1.516735187402780838e+01 7.800000000000000266e-01
-6.691853519058967414e+00 1.286096492872245423e-01 -8.767500000000397975e+00 4.000000000000000000e+02 -4.095306660325739312e-01 -1.516974495272432932e+01 1.574999999999999956e+00
-6.691645523833514630e+00 1.285655597113921633e-01 -8.770000000000397478e+00 4.000000000000000000e+02 -4.094640031821057402e-01 -1.517217828987385886e+01 5.550000000000000488e-01
-6.691438077210764668e+00 1.283801593673911667e-01 -8.772500000000396980e+00 4.000000000000000000e+02 -4.090930260962801213e-01 -1.517430731278803435e+01 1.139999999999999902e+00
-6.691231114664840440e+00 1.283732063218117614e-01 -8.775000000000396483e+00 4.000000000000000000e+02 -4.058799636288110690e-01 -1.517359425032056386e+01 5.749999999999999556e-01
-6.691024047359524829e+00 1.283568322720148869e-01 -8.777500000000395985e+00 4.000000000000000000e+02 -4.056345359188645583e-01 -1.517584882261061807e+01 1.120000000000000107e+00
-6.690817489099845972e+00 1.283477819190488312e-01 -8.780000000000395488e+00 4.000000000000000000e+02 -4.054605822647033841e-01 -1.517817486895645551e+01 1.465000000000000080e+00
-6.690611453254864394e+00 1.284149329756456015e-01 -8.782500000000394991e+00 4.000000000000000000e+02 -4.054077867432916427e-01 -1.518062207343504433e+01 1.679999999999999938e+00
-6.690405963291834013e+00 1.284717921711034105e-01 -8.785000000000394493e+00 4.000000000000000000e+02 -4.044150485993807664e-01 -1.518212933529113151e+01 1.489999999999999991e+00
-6.690200824944812830e+00 1.283646794144591152e-01 -8.787500000000393996e+00 4.000000000000000000e+02 -4.040973980317439374e-01 -1.518431168472349668e+01 4.400000000000000022e-01
-6.689996175728847305e+00 1.283480889841393524e-01 -8.790000000000393499e+00 4.000000000000000000e+02 -4.034428560928368102e-01 -1.518615714278458739e+01 1.635000000000000009e+00
-6.689791945593162481e+00 1.283112812109777900e-01 -8.792500000000393001e+00 4.000000000000000000e+02 -4.024488523605708190e-01 -1.518766313905232224e+01 1.699999999999999956e+00
-6.689588064403171330e+00 1.282985543742250212e-01 -8.795000000000392504e+00 4.000000000000000000e+02 -4.019816041795309935e-01 -1.518969589087127936e+01 1.465000000000000080e+00
-6.689384638664671812e+00 1.282767679598209865e-01 -8.797500000000392006e+00 4.000000000000000000e+02 -4.018585820327274516e-01 -1.519207286872447682e+01 2.949999999999999845e-01
-6.689181737116826731e+00 1.281820527845002056e-01 -8.800000000000391509e+00 4.000000000000000000e+02 -4.015760283408850162e-01 -1.519429031503263339e+01 4.050000000000000266e-01
-6.688979326017841842e+00 1.281480548919325668e-01 -8.802500000000391012e+00 4.000000000000000000e+02 -4.015088783740385914e-01 -1.519672316506578724e+01 1.499999999999999944e-02
-6.688777447568976520e+00 1.278992558616748598e-01 -8.805000000000390514e+00 4.000000000000000000e+02 -4.011088778736609517e-01 -1.519882316456540750e+01 2.750000000000000222e-01
-6.688576033238488705e+00 1.279254658630835373e-01 -8.807500000000390017e+00 4.000000000000000000e+02 -4.006696560043184752e-01 -1.520088394269606624e+01 1.700000000000000122e-01
-6.688375073985270980e+00 1.278915296559991477e-01 -8.810000000000389520e+00 4.000000000000000000e+02 -3.999672683888851332e-01 -1.520268155508063046e+01 2.349999999999999867e-01
-6.688174515922207242e+00 1.278792565355716393e-01 -8.812500000000389022e+00 4.000000000000000000e+02 -3.996689445042026501e-01 -1.520488323119595009e+01 2.899999999999999800e-01
-6.687974439020221595e+00 1.279004716406476061e-01 -8.815000000000388525e+00 4.000000000000000000e+02 -3.993337869473613244e-01 -1.520704807363910582e+01 1.985000000000000098e+00
-6.687774834677749247e+00 1.279234654625626133e-01 -8.817500000000388027e+00 4.000000000000000000e+02 -3.989900251554032717e-01 -1.520920431184714872e+01 1.150000000000000050e-01
-6.687575699971451293e+00 1.278838011418470810e-01 -8.820000000000387530e+00 4.000000000000000000e+02 -3.985192838184542508e-01 -1.521123357051019731e+01 2.550000000000000044e-01
-6.687377008477521478e+00 1.277621120568752378e-01 -8.822500000000387033e+00 4.000000000000000000e+02 -3.977636638952402048e-01 -1.521297795058698554e+01 9.250000000000000444e-01
-6.687178702642304629e+00 1.278216158051493634e-01 -8.825000000000386535e+00 4.000000000000000000e+02 -3.977334419931458087e-01 -1.521544772868488948e+01 1.175000000000000044e+00
-6.686980925146242427e+00 1.275748560743521498e-01 -8.827500000000386038e+00 4.000000000000000000e+02 -3.974239082250479171e-01 -1.521763819491679115e+01 2.550000000000000044e-01
-6.686783619380921806e+00 1.275182436629255511e-01 -8.830000000000385540e+00 4.000000000000000000e+02 -3.973754644546048098e-01 -1.522008975114634666e+01 5.699999999999999512e-01
-6.686586835508408377e+00 1.275623393923104310e-01 -8.832500000000385043e+00 4.000000000000000000e+02 -3.966398399433893052e-01 -1.522185412663513304e+01 9.799999999999999822e-01
-6.686390437144388521e+00 1.274899872964473380e-01 -8.835000000000384546e+00 4.000000000000000000e+02 -3.965399034690977875e-01 -1.522425419016083836e+01 1.159999999999999920e+00
-6.686194548009909866e+00 1.274011795999743513e-01 -8.837500000000384048e+00 4.000000000000000000e+02 -3.963519697524309215e-01 -1.522656625644417261e+01 7.750000000000000222e-01
-6.685999149493171423e+00 1.274815196196547873e-01 -8.840000000000383551e+00 4.000000000000000000e+02 -3.958004938503887904e-01 -1.522851478054212926e+01 5.699999999999999512e-01
-6.685804169406193154e+00 1.274576983653538387e-01 -8.842500000000383054e+00 4.000000000000000000e+02 -3.956488598612765695e-01 -1.523086314655301798e+01 8.599999999999999867e-01
-6.685609684542809461e+00 1.274779843148280134e-01 -8.845000000000382556e+00 4.000000000000000000e+02 -3.955519625400100714e-01 -1.523326624923174855e+01 7.199999999999999734e-01
-6.685415704166380202e+00 1.275613262586006713e-01 -8.847500000000382059e+00 4.000000000000000000e+02 -3.952405313590537372e-01 -1.523545481805079405e+01 1.459999999999999964e+00
-6.685222185362945879e+00 1.274448914217050643e-01 -8.850000000000381561e+00 4.000000000000000000e+02 -3.949714745925055892e-01 -1.523768576128424357e+01 1.090000000000000080e+00
-6.685029135124980648e+00 1.273605047193958617e-01 -8.852500000000381064e+00 4.000000000000000000e+02 -3.937636648091417668e-01 -1.523897795150088008e+01 1.899999999999999911e+00
-6.684836371372602670e+00 1.275011348775985098e-01 -8.855000000000380567e+00 4.000000000000000000e+02 -3.924564345866531911e-01 -1.524017072127839079e+01 1.735000000000000098e+00
-6.684643874490240556e+00 1.275118121625924972e-01 -8.857500000000380069e+00 4.000000000000000000e+02 -3.915979554604646640e-01 -1.524181224215220354e+01 1.310000000000000053e+00
-6.684451730293149652e+00 1.275515113579540338e-01 -8.860000000000379572e+00 4.000000000000000000e+02 -3.904019046843204555e-01 -1.524311619137605689e+01 2.200000000000000011e-01
-6.684259873319243539e+00 1.274609587887166051e-01 -8.862500000000379075e+00 4.000000000000000000e+02 -3.902352294769120267e-01 -1.524544951616864985e+01 6.500000000000000222e-01
-6.684068500161595594e+00 1.275570104341043065e-01 -8.865000000000378577e+00 4.000000000000000000e+02 -3.898429468104360751e-01 -1.524755723350217096e+01 2.049999999999999878e-01
-6.683877566440806994e+00 1.275150022984936626e-01 -8.867500000000378080e+00 4.000000000000000000e+02 -3.896607988419136803e-01 -1.524987508553365068e+01 6.250000000000000000e-01
-6.683687111085895083e+00 1.275107562983431031e-01 -8.870000000000377582e+00 4.000000000000000000e+02 -3.885458529348883583e-01 -1.525126013962662164e+01 5.550000000000000488e-01
-6.683496955530435990e+00 1.275548030988775949e-01 -8.872500000000377085e+00 4.000000000000000000e+02 -3.875416983944352523e-01 -1.525275598508616959e+01 6.099999999999999867e-01
-6.683307120276917423e+00 1.276293089649296053e-01 -8.875000000000376588e+00 4.000000000000000000e+02 -3.874907162495179747e-01 -1.525520500294125092e+01 1.455000000000000071e+00
-6.683117785263007704e+00 1.274926366784332465e-01 -8.877500000000376090e+00 4.000000000000000000e+02 -3.866928133121816935e-01 -1.525690710000391626e+01 9.749999999999999778e-01
-6.682928807991151743e+00 1.274442090755559809e-01 -8.880000000000375593e+00 4.000000000000000000e+02 -3.863320313256267124e-01 -1.525904631801735789e+01 8.249999999999999556e-01
-6.682740270142085492e+00 1.274252301119642716e-01 -8.882500000000375096e+00 4.000000000000000000e+02 -3.860120579551312714e-01 -1.526122634464686456e+01 9.799999999999999822e-01
-6.682552178286686129e+00 1.274026210389503644e-01 -8.885000000000374598e+00 4.000000000000000000e+02 -3.847420788789929769e-01 -1.526245636557072416e+01 1.965000000000000080e+00
-6.682364352952679276e+00 1.272496655913092634e-01 -8.887500000000374101e+00 4.000000000000000000e+02 -3.846937151315902859e-01 -1.526490800182332208e+01 5.500000000000000444e-01
-6.682177022676363265e+00 1.272336375757018856e-01 -8.890000000000373603e+00 4.000000000000000000e+02 -3.838374482515100050e-01 -1.526655173494324025e+01 1.229999999999999982e+00
-6.681990035067772560e+00 1.271734923947262230e-01 -8.892500000000373106e+00 4.000000000000000000e+02 -3.826141452730805192e-01 -1.526782843196481210e+01 3.400000000000000244e-01
-6.681803320924339040e+00 1.272649618470229893e-01 -8.895000000000372609e+00 4.000000000000000000e+02 -3.810630847056813986e-01 -1.526877737139741065e+01 1.909999999999999920e+00
-6.681616818683371761e+00 1.272262504415945517e-01 -8.897500000000372111e+00 4.000000000000000000e+02 -3.809005438491482876e-01 -1.527111483054087770e+01 1.280000000000000027e+00
-6.681430786529586108e+00 1.271907951797091596e-01 -8.900000000000371614e+00 4.000000000000000000e+02 -3.804478392927956865e-01 -1.527316212598452339e+01 1.695000000000000062e+00
-6.681245169344434132e+00 1.271121499753401218e-01 -8.902500000000371116e+00 4.000000000000000000e+02 -3.794668023067650497e-01 -1.527468108899849497e+01 1.000000000000000000e+00
-6.681059868259861645e+00 1.271356631606735121e-01 -8.905000000000370619e+00 4.000000000000000000e+02 -3.793068522725794867e-01 -1.527702113896430625e+01 4.650000000000000244e-01
-6.680875034492015807e+00 1.271437231937296020e-01 -8.907500000000370122e+00 4.000000000000000000e+02 -3.788789146299971766e-01 -1.527909320132172510e+01 1.784999999999999920e+00
-6.680690617365987016e+00 1.272010964730827531e-01 -8.910000000000369624e+00 4.000000000000000000e+02 -3.787256176035192490e-01 -1.528143990429524557e+01 2.399999999999999911e-01
-6.680506666388734693e+00 1.271755477441409987e-01 -8.912500000000369127e+00 4.000000000000000000e+02 -3.784942408164232441e-01 -1.528370852750814990e+01 1.610000000000000098e+00
-6.680323165970769139e+00 1.271774576543363844e-01 -8.915000000000368630e+00 4.000000000000000000e+02 -3.778219610812545981e-01 -1.528553624777297948e+01 1.830000000000000071e+00
-6.680140034208000621e+00 1.271660086979741755e-01 -8.917500000000368132e+00 4.000000000000000000e+02 -3.776079351309341026e-01 -1.528782222182266004e+01 9.949999999999999956e-01
-6.679957354017913573e+00 1.271257318476583520e-01 -8.920000000000367635e+00 4.000000000000000000e+02 -3.766589658862667389e-01 -1.528937325257798996e+01 1.104999999999999982e+00
-6.679774990239232046e+00 1.271209465239716563e-01 -8.922500000000367137e+00 4.000000000000000000e+02 -3.762804592526809433e-01 -1.529149474594440683e+01 1.185000000000000053e+00
-6.679593046078871055e+00 1.270814837342639225e-01 -8.925000000000366640e+00 4.000000000000000000e+02 -3.761409242030970268e-01 -1.529385521089482047e+01 1.625000000000000000e+00
-6.679411563865550683e+00 1.269688306580123716e-01 -8.927500000000366143e+00 4.000000000000000000e+02 -3.759090282293406915e-01 -1.529612331492106492e+01 1.199999999999999956e+00
-6.679230525624328507e+00 1.271261337099109379e-01 -8.930000000000365645e+00 4.000000000000000000e+02 -3.752843437193452147e-01 -1.529799863041106711e+01 1.584999999999999964e+00
-6.679049859245670184e+00 1.271065869104325008e-01 -8.932500000000365148e+00 4.000000000000000000e+02 -3.749277147741802985e-01 -1.530014200146590397e+01 1.175000000000000044e+00
-6.678869612217119389e+00 1.271800801099607081e-01 -8.935000000000364651e+00 4.000000000000000000e+02 -3.746297737758891855e-01 -1.530234406046760931e+01 1.239999999999999991e+00
-6.678689794042512951e+00 1.271048632183345573e-01 -8.937500000000364153e+00 4.000000000000000000e+02 -3.745354007811074193e-01 -1.530474968747282993e+01 4.600000000000000200e-01
-6.678510440135821291e+00 1.271149531663379462e-01 -8.940000000000363656e+00 4.000000000000000000e+02 -3.742441420502616301e-01 -1.530695842874198220e+01 7.500000000000000000e-01
-6.678331513994038460e+00 1.271729311539665508e-01 -8.942500000000363158e+00 4.000000000000000000e+02 -3.737234677816150263e-01 -1.530893775447333560e+01 8.199999999999999512e-01
-6.678152973569078554e+00 1.271583199981358714e-01 -8.945000000000362661e+00 4.000000000000000000e+02 -3.735737876039449401e-01 -1.531128807429566407e+01 1.149999999999999911e+00
-6.677974884037336523e+00 1.272367629112033660e-01 -8.947500000000362164e+00 4.000000000000000000e+02 -3.734776922983836234e-01 -1.531369197899010359e+01 8.000000000000000167e-02
-6.677797253697828950e+00 1.271363754057678597e-01 -8.950000000000361666e+00 4.000000000000000000e+02 -3.733096522422015839e-01 -1.531602393893392033e+01 1.455000000000000071e+00
-6.677620068539360965e+00 1.271534873640688956e-01 -8.952500000000361169e+00 4.000000000000000000e+02 -3.729266065969589206e-01 -1.531814089328867823e+01 2.449999999999999956e-01
-6.677443289366566503e+00 1.272193574840020380e-01 -8.955000000000360671e+00 4.000000000000000000e+02 -3.728826437829730334e-01 -1.532059693047468940e+01 1.024999999999999911e+00
-6.677266974967741575e+00 1.272868103439448728e-01 -8.957500000000360174e+00 4.000000000000000000e+02 -3.725346218393711939e-01 -1.532274890853108928e+01 1.864999999999999991e+00
-6.677091070566814501e+00 1.272623737108368180e-01 -8.960000000000359677e+00 4.000000000000000000e+02 -3.724763768588151280e-01 -1.532519066355053106e+01 5.899999999999999689e-01
-6.676915625981227009e+00 1.273183891302018533e-01 -8.962500000000359179e+00 4.000000000000000000e+02 -3.722143646989033994e-01 -1.532742865139062083e+01 1.080000000000000071e+00
-6.676740604271743429e+00 1.272006547051717229e-01 -8.965000000000358682e+00 4.000000000000000000e+02 -3.719826865215968281e-01 -1.532969697321331104e+01 1.429999999999999938e+00
-6.676566009641129007e+00 1.271369414920597019e-01 -8.967500000000358185e+00 4.000000000000000000e+02 -3.716058611158135072e-01 -1.533182014780753022e+01 4.099999999999999756e-01
-6.676391815693230036e+00 1.272473429907699238e-01 -8.970000000000357687e+00 4.000000000000000000e+02 -3.712278880031697481e-01 -1.533394217469488297e+01 6.550000000000000266e-01
-6.676218021239508360e+00 1.272150659499471648e-01 -8.972500000000357190e+00 4.000000000000000000e+02 -3.712012614157361168e-01 -1.533641554810745156e+01 1.195000000000000062e+00
-6.676044686200667932e+00 1.272994411745926313e-01 -8.975000000000356692e+00 4.000000000000000000e+02 -3.704565017350744949e-01 -1.533817078842678683e+01 4.699999999999999734e-01
-6.675871685100481123e+00 1.273178709915192275e-01 -8.977500000000356195e+00 4.000000000000000000e+02 -3.702663877954816551e-01 -1.534048067448719621e+01 5.050000000000000044e-01
-6.675699112972677263e+00 1.273247059331563125e-01 -8.980000000000355698e+00 4.000000000000000000e+02 -3.681019200805423774e-01 -1.534081620677225466e+01 1.195000000000000062e+00
-6.675526628499700799e+00 1.273063844488884488e-01 -8.982500000000355200e+00 4.000000000000000000e+02 -3.673600083155132423e-01 -1.534257429500722658e+01 2.550000000000000044e-01
-6.675354476670679382e+00 1.273458074000932416e-01 -8.985000000000354703e+00 4.000000000000000000e+02 -3.673188293624720657e-01 -1.534503311605418219e+01 2.300000000000000100e-01
-6.675182777134323509e+00 1.273416478440236588e-01 -8.987500000000354206e+00 4.000000000000000000e+02 -3.660255380875493958e-01 -1.534623982477926241e+01 2.349999999999999867e-01
-6.675011314086711778e+00 1.273195194644108907e-01 -8.990000000000353708e+00 4.000000000000000000e+02 -3.657541974750956326e-01 -1.534846848416680487e+01 4.050000000000000266e-01
-6.674840262042785355e+00 1.273299766653744336e-01 -8.992500000000353211e+00 4.000000000000000000e+02 -3.654081075347804797e-01 -1.535062239422649100e+01 4.299999999999999933e-01
-6.674669607192537768e+00 1.273044348704370776e-01 -8.995000000000352713e+00 4.000000000000000000e+02 -3.653154743311734509e-01 -1.535302976102288319e+01 1.895000000000000018e+00
-6.674499391690179806e+00 1.273454198120294867e-01 -8.997500000000352216e+00 4.000000000000000000e+02 -3.651729819176219860e-01 -1.535538726860933245e+01 1.425000000000000044e+00
-6.674329605865671589e+00 1.272950510308797634e-01 -9.000000000000351719e+00 4.000000000000000000e+02 -3.646154180222035412e-01 -1.535732970471391212e+01 8.100000000000000533e-01
-6.674160178257676712e+00 1.272969576972569350e-01 -9.002500000000351221e+00 4.000000000000000000e+02 -3.640020939637308439e-01 -1.535921638065543959e+01 1.919999999999999929e+00
-6.673991098623082152e+00 1.273726362872088513e-01 -9.005000000000350724e+00 4.000000000000000000e+02 -3.640009687221102963e-01 -1.536171525541381655e+01 2.399999999999999911e-01
-6.673822469446042405e+00 1.274435022397303052e-01 -9.007500000000350227e+00 4.000000000000000000e+02 -3.639976343142347637e-01 -1.536421192100594268e+01 1.324999999999999956e+00
-6.673654289079302693e+00 1.274345403696082180e-01 -9.010000000000349729e+00 4.000000000000000000e+02 -3.619767215328365539e-01 -1.536469100822454337e+01 1.620000000000000107e+00
-6.673486217525895547e+00 1.274582263253908332e-01 -9.012500000000349232e+00 4.000000000000000000e+02 -3.617462829012095815e-01 -1.536696056959291745e+01 1.499999999999999944e-02
-6.673318555135998587e+00 1.273871898189867513e-01 -9.015000000000348734e+00 4.000000000000000000e+02 -3.617202779723731609e-01 -1.536943456466407909e+01 1.735000000000000098e+00
-6.673151335031235476e+00 1.273906749590090759e-01 -9.017500000000348237e+00 4.000000000000000000e+02 -3.614179164550354040e-01 -1.537163220314674206e+01 7.049999999999999600e-01
-6.672984509878203241e+00 1.274623930256180149e-01 -9.020000000000347740e+00 4.000000000000000000e+02 -3.606057911384965009e-01 -1.537332007783020060e+01 1.145000000000000018e+00
-6.672817993823264793e+00 1.275289575368589445e-01 -9.022500000000347242e+00 4.000000000000000000e+02 -3.605958773144546936e-01 -1.537581016400615930e+01 3.449999999999999734e-01
-6.672651919511491059e+00 1.275385358569258165e-01 -9.025000000000346745e+00 4.000000000000000000e+02 -3.602829729852589646e-01 -1.537799725967696141e+01 8.000000000000000167e-02
-6.672486235509016872e+00 1.275577417322075469e-01 -9.027500000000346247e+00 4.000000000000000000e+02 -3.599130656300711939e-01 -1.538012735232177519e+01 3.350000000000000200e-01
-6.672320931412313527e+00 1.275088214247695473e-01 -9.030000000000345750e+00 4.000000000000000000e+02 -3.589838686607835228e-01 -1.538169815535248475e+01 8.249999999999999556e-01
-6.672155914028598644e+00 1.276203569996645359e-01 -9.032500000000345253e+00 4.000000000000000000e+02 -3.589787743230712924e-01 -1.538419306101477524e+01 2.149999999999999967e-01
-6.671991334959108677e+00 1.276418155554256417e-01 -9.035000000000344755e+00 4.000000000000000000e+02 -3.585646372667533055e-01 -1.538627892395845365e+01 1.800000000000000044e+00
-6.671827125818455606e+00 1.275974291422564411e-01 -9.037500000000344258e+00 4.000000000000000000e+02 -3.585069322125107871e-01 -1.538872121890421241e+01 3.099999999999999978e-01
-6.671663344097273018e+00 1.275344392003067984e-01 -9.040000000000343761e+00 4.000000000000000000e+02 -3.578097596425849902e-01 -1.539052404633428495e+01 5.799999999999999600e-01
-6.671499884127914726e+00 1.275193470554437380e-01 -9.042500000000343263e+00 4.000000000000000000e+02 -3.575023150181521614e-01 -1.539271660170985356e+01 6.750000000000000444e-01
-6.671336808788078443e+00 1.274858589672756837e-01 -9.045000000000342766e+00 4.000000000000000000e+02 -3.568123517739494877e-01 -1.539452663846564917e+01 1.514999999999999902e+00
-6.671174054870779635e+00 1.275115179203125948e-01 -9.047500000000342268e+00 4.000000000000000000e+02 -3.560012157276452038e-01 -1.539621550241934500e+01 7.199999999999999734e-01
-6.671011602008260155e+00 1.274140311945137216e-01 -9.050000000000341771e+00 4.000000000000000000e+02 -3.559928862719189402e-01 -1.539870717296361669e+01 1.550000000000000044e+00
-6.670849579709121180e+00 1.274397959264793878e-01 -9.052500000000341274e+00 4.000000000000000000e+02 -3.559213804343168697e-01 -1.540113566712601667e+01 5.500000000000000444e-01
-6.670687976554368070e+00 1.274249571597286246e-01 -9.055000000000340776e+00 4.000000000000000000e+02 -3.535582911312079024e-01 -1.540127257782290471e+01 1.784999999999999920e+00
-6.670526421629300096e+00 1.275554167452620513e-01 -9.057500000000340279e+00 4.000000000000000000e+02 -3.533496322960522629e-01 -1.540356391898775001e+01 4.650000000000000244e-01
-6.670365262464168055e+00 1.274858669255633514e-01 -9.060000000000339782e+00 4.000000000000000000e+02 -3.530569695454875423e-01 -1.540577125623718402e+01 1.695000000000000062e+00
-6.670204484521617516e+00 1.274986935358699280e-01 -9.062500000000339284e+00 4.000000000000000000e+02 -3.528551366662262545e-01 -1.540806942335792407e+01 1.965000000000000080e+00
-6.670044101405865788e+00 1.274647573318440363e-01 -9.065000000000338787e+00 4.000000000000000000e+02 -3.519801754607165822e-01 -1.540969446215241234e+01 9.300000000000000488e-01
-6.669884004363265895e+00 1.273080769478081575e-01 -9.067500000000338289e+00 4.000000000000000000e+02 -3.518398801199587589e-01 -1.541205416681165552e+01 2.949999999999999845e-01
-6.669724310193463346e+00 1.273619352860857201e-01 -9.070000000000337792e+00 4.000000000000000000e+02 -3.516327832456019875e-01 -1.541434706993729620e+01 1.909999999999999920e+00
-6.669565007178086979e+00 1.273351507256288428e-01 -9.072500000000337295e+00 4.000000000000000000e+02 -3.515824981500487167e-01 -1.541679678484174332e+01 1.110000000000000098e+00
-6.669406119212443862e+00 1.272697070197328639e-01 -9.075000000000336797e+00 4.000000000000000000e+02 -3.511584615543427712e-01 -1.541887274824603615e+01 1.600000000000000089e+00
-6.669247585913181453e+00 1.272100939866506186e-01 -9.077500000000336300e+00 4.000000000000000000e+02 -3.502247321795402546e-01 -1.542043901887123525e+01 4.600000000000000200e-01
-6.669089325795479972e+00 1.271291598696631109e-01 -9.080000000000335802e+00 4.000000000000000000e+02 -3.499022065151223271e-01 -1.542261649320681371e+01 1.989999999999999991e+00
-6.668931434870870589e+00 1.270934296805541486e-01 -9.082500000000335305e+00 4.000000000000000000e+02 -3.497399273698071909e-01 -1.542495421406150058e+01 1.304999999999999938e+00
-6.668773937458452927e+00 1.271315212435266961e-01 -9.085000000000334808e+00 4.000000000000000000e+02 -3.494154132501386401e-01 -1.542712969994182970e+01 1.900000000000000022e-01
-6.668616807027753168e+00 1.271863658213388815e-01 -9.087500000000334310e+00 4.000000000000000000e+02 -3.491951331919866952e-01 -1.542940941988367953e+01 1.290000000000000036e+00
-6.668460059004270413e+00 1.271791821280250367e-01 -9.090000000000333813e+00 4.000000000000000000e+02 -3.487516940382300867e-01 -1.543146598072991971e+01 3.250000000000000111e-01
-6.668303657501828852e+00 1.271531842760831865e-01 -9.092500000000333316e+00 4.000000000000000000e+02 -3.481723061295606270e-01 -1.543338659282125214e+01 5.999999999999999778e-01
-6.668147580484987458e+00 1.271616691631742568e-01 -9.095000000000332818e+00 4.000000000000000000e+02 -3.477426363280278210e-01 -1.543545692301971783e+01 1.945000000000000062e+00
-6.667991850545575083e+00 1.272135744864460460e-01 -9.097500000000332321e+00 4.000000000000000000e+02 -3.473535597491436699e-01 -1.543756784644083346e+01 1.649999999999999911e+00
-6.667836473164816979e+00 1.272075304805546647e-01 -9.100000000000331823e+00 4.000000000000000000e+02 -3.472202359611532563e-01 -1.543993452265284105e+01 1.245000000000000107e+00
-6.667681487130069584e+00 1.272422295037826667e-01 -9.102500000000331326e+00 4.000000000000000000e+02 -3.467822218365173015e-01 -1.544199650852820582e+01 4.500000000000000111e-01
-6.667526844287876564e+00 1.271941826624999050e-01 -9.105000000000330829e+00 4.000000000000000000e+02 -3.462417809339959907e-01 -1.544395606762568285e+01 5.250000000000000222e-01
-6.667372528021309641e+00 1.271682470768514817e-01 -9.107500000000330331e+00 4.000000000000000000e+02 -3.461968854547662899e-01 -1.544641117214645476e+01 4.600000000000000200e-01
-6.667218613874950961e+00 1.272585101124823759e-01 -9.110000000000329834e+00 4.000000000000000000e+02 -3.459451587271775153e-01 -1.544865944541886371e+01 1.260000000000000009e+00
-6.667065068987143128e+00 1.272749773274501062e-01 -9.112500000000329337e+00 4.000000000000000000e+02 -3.448536181070766538e-01 -1.545006790479876457e+01 4.849999999999999867e-01
-6.666911763731520502e+00 1.272818628703279720e-01 -9.115000000000328839e+00 4.000000000000000000e+02 -3.447248844487557085e-01 -1.545243917114044052e+01 1.215000000000000080e+00
-6.666758844988306620e+00 1.272754841089765443e-01 -9.117500000000328342e+00 4.000000000000000000e+02 -3.441403957428806337e-01 -1.545435468243456789e+01 1.129999999999999893e+00
-6.666606242195808107e+00 1.273048165377773377e-01 -9.120000000000327844e+00 4.000000000000000000e+02 -3.440160322439949625e-01 -1.545673031893567995e+01 3.950000000000000178e-01
-6.666454024703052816e+00 1.272286025723904368e-01 -9.122500000000327347e+00 4.000000000000000000e+02 -3.433895302883971379e-01 -1.545860381698008190e+01 1.449999999999999956e+00
-6.666302115224138625e+00 1.272011613055237245e-01 -9.125000000000326850e+00 4.000000000000000000e+02 -3.432668641753572336e-01 -1.546098115086704006e+01 1.554999999999999938e+00
-6.666150589446716346e+00 1.271697165533518248e-01 -9.127500000000326352e+00 4.000000000000000000e+02 -3.431772375808515574e-01 -1.546339152427253616e+01 5.500000000000000444e-01
-6.665999451336930726e+00 1.271013357723767556e-01 -9.130000000000325855e+00 4.000000000000000000e+02 -3.430345019351426217e-01 -1.546574878862682567e+01 1.510000000000000009e+00
-6.665848691838722750e+00 1.270108057627946374e-01 -9.132500000000325358e+00 4.000000000000000000e+02 -3.427091817146556418e-01 -1.546792346840633847e+01 1.350000000000000089e-01
-6.665698282488927262e+00 1.269643625210395699e-01 -9.135000000000324860e+00 4.000000000000000000e+02 -3.426738875768861048e-01 -1.547038817426856738e+01 7.650000000000000133e-01
-6.665548265933582961e+00 1.269783563782025115e-01 -9.137500000000324363e+00 4.000000000000000000e+02 -3.426266183493874573e-01 -1.547284090504106935e+01 1.375000000000000000e+00
-6.665398639296567396e+00 1.269279599007378800e-01 -9.140000000000323865e+00 4.000000000000000000e+02 -3.421987223287912272e-01 -1.547491300902047229e+01 1.989999999999999991e+00
-6.665249344695834743e+00 1.269871384696083239e-01 -9.142500000000323368e+00 4.000000000000000000e+02 -3.419777581939304478e-01 -1.547719204488561218e+01 1.645000000000000018e+00
-6.665100412164943755e+00 1.269313048502141439e-01 -9.145000000000322871e+00 4.000000000000000000e+02 -3.417800705575463893e-01 -1.547949435724922473e+01 1.175000000000000044e+00
-6.664951844230001754e+00 1.269257310686048024e-01 -9.147500000000322373e+00 4.000000000000000000e+02 -3.417075184454279047e-01 -1.548192180513710881e+01 1.084999999999999964e+00
-6.664803658487577387e+00 1.269109017874854028e-01 -9.150000000000321876e+00 4.000000000000000000e+02 -3.415783686224126425e-01 -1.548429265531409094e+01 1.620000000000000107e+00
-6.664655845533044243e+00 1.269013857961783232e-01 -9.152500000000321378e+00 4.000000000000000000e+02 -3.413794051738203716e-01 -1.548659369186549917e+01 1.274999999999999911e+00
-6.664508394080693066e+00 1.268543500749774733e-01 -9.155000000000320881e+00 4.000000000000000000e+02 -3.413540888874727064e-01 -1.548906837557914962e+01 1.235000000000000098e+00
-6.664361328731123635e+00 1.268317396619440263e-01 -9.157500000000320384e+00 4.000000000000000000e+02 -3.407463196874704336e-01 -1.549096060637914896e+01 1.995000000000000107e+00
-6.664214562963775457e+00 1.267827929933293685e-01 -9.160000000000319886e+00 4.000000000000000000e+02 -3.397353017174590817e-01 -1.549244958840913533e+01 1.955000000000000071e+00
-6.664068037054393656e+00 1.267981552644257270e-01 -9.162500000000319389e+00 4.000000000000000000e+02 -3.394144621860751831e-01 -1.549462874887775321e+01 1.600000000000000089e+00
-6.663921851497486060e+00 1.267758796275869904e-01 -9.165000000000318892e+00 4.000000000000000000e+02 -3.392441370814422985e-01 -1.549695842377311727e+01 1.800000000000000044e+00
-6.663776027401581814e+00 1.267767912397613772e-01 -9.167500000000318394e+00 4.000000000000000000e+02 -3.387867635446322745e-01 -1.549900105023630914e+01 1.389999999999999902e+00
-6.663630522062366168e+00 1.267975650564740486e-01 -9.170000000000317897e+00 4.000000000000000000e+02 -3.386824948962506299e-01 -1.550139678158792478e+01 4.499999999999999833e-02
-6.663485385990429499e+00 1.267965766975959752e-01 -9.172500000000317399e+00 4.000000000000000000e+02 -3.381527010765205121e-01 -1.550336698776819588e+01 2.149999999999999967e-01
-6.663340556584261165e+00 1.267974277652174075e-01 -9.175000000000316902e+00 4.000000000000000000e+02 -3.379033453915831764e-01 -1.550561763208325594e+01 1.870000000000000107e+00
-6.663196073672891906e+00 1.269161643717412746e-01 -9.177500000000316405e+00 4.000000000000000000e+02 -3.364609552138337345e-01 -1.550667524190550850e+01 4.349999999999999978e-01
-6.663051764326507254e+00 1.269588730891706707e-01 -9.180000000000315907e+00 4.000000000000000000e+02 -3.364120064056829174e-01 -1.550912629309735458e+01 1.799999999999999933e-01
-6.662907829002381099e+00 1.269615982237773943e-01 -9.182500000000315410e+00 4.000000000000000000e+02 -3.362971580652853731e-01 -1.551151144475695887e+01 2.500000000000000000e-01
-6.662764257217174801e+00 1.268906324791497231e-01 -9.185000000000314913e+00 4.000000000000000000e+02 -3.361313859655483682e-01 -1.551384567265721870e+01 1.409999999999999920e+00
-6.662621040708286202e+00 1.268569636639624854e-01 -9.187500000000314415e+00 4.000000000000000000e+02 -3.354552782301789549e-01 -1.551566956492185057e+01 1.979999999999999982e+00
-6.662478105624828117e+00 1.269040044370901288e-01 -9.190000000000313918e+00 4.000000000000000000e+02 -3.352775504826669972e-01 -1.551799183717433728e+01 9.549999999999999600e-01
-6.662335522446928060e+00 1.268908611499509342e-01 -9.192500000000313420e+00 4.000000000000000000e+02 -3.350007315465488578e-01 -1.552021501823822014e+01 1.060000000000000053e+00
-6.662193276164557254e+00 1.268046000995796951e-01 -9.195000000000312923e+00 4.000000000000000000e+02 -3.344814079453020117e-01 -1.552219569463697191e+01 1.764999999999999902e+00
-6.662051331518326514e+00 1.268178689788390656e-01 -9.197500000000312426e+00 4.000000000000000000e+02 -3.342183841085120122e-01 -1.552443267080018252e+01 1.875000000000000000e+00
-6.661909724121955811e+00 1.268264231796797648e-01 -9.200000000000311928e+00 4.000000000000000000e+02 -3.340158910016401972e-01 -1.552673017769330777e+01 7.249999999999999778e-01
-6.661768461676955688e+00 1.267931570762660665e-01 -9.202500000000311431e+00 4.000000000000000000e+02 -3.338414694951509776e-01 -1.552905575618682121e+01 1.264999999999999902e+00
-6.661627547249958425e+00 1.267895475891462898e-01 -9.205000000000310934e+00 4.000000000000000000e+02 -3.334360034977877363e-01 -1.553115029018945492e+01 1.030000000000000027e+00
-6.661486947455947494e+00 1.266628066409092590e-01 -9.207500000000310436e+00 4.000000000000000000e+02 -3.331902413382811790e-01 -1.553340452802994953e+01 1.135000000000000009e+00
-6.661346683949163960e+00 1.266506910773194661e-01 -9.210000000000309939e+00 4.000000000000000000e+02 -3.330194157828298973e-01 -1.553573370247449681e+01 1.590000000000000080e+00
-6.661206766362886000e+00 1.266270329754665691e-01 -9.212500000000309441e+00 4.000000000000000000e+02 -3.326063391325441709e-01 -1.553782062582421197e+01 8.750000000000000000e-01
-6.661067159982438035e+00 1.266029124078996426e-01 -9.215000000000308944e+00 4.000000000000000000e+02 -3.323427310689520686e-01 -1.554005701776061699e+01 5.999999999999999778e-02
-6.660927884889691342e+00 1.265311398703592993e-01 -9.217500000000308447e+00 4.000000000000000000e+02 -3.308373602013977566e-01 -1.554105164689306484e+01 5.949999999999999734e-01
-6.660788767621080630e+00 1.265102512637964194e-01 -9.220000000000307949e+00 4.000000000000000000e+02 -3.303373216117150291e-01 -1.554305160830337940e+01 1.100000000000000006e-01
-6.660649947596571252e+00 1.264667623719059608e-01 -9.222500000000307452e+00 4.000000000000000000e+02 -3.301799243085559166e-01 -1.554539421100022167e+01 1.090000000000000080e+00
-6.660511471592369226e+00 1.264426229319754458e-01 -9.225000000000306954e+00 4.000000000000000000e+02 -3.301616845926423904e-01 -1.554787597128430576e+01 4.849999999999999867e-01
-6.660373357928047078e+00 1.264726292704068666e-01 -9.227500000000306457e+00 4.000000000000000000e+02 -3.299328960394559696e-01 -1.555014718273111995e+01 1.655000000000000027e+00
-6.660235576601007068e+00 1.264966384607651984e-01 -9.230000000000305960e+00 4.000000000000000000e+02 -3.297804805258019445e-01 -1.555249476721746404e+01 1.979999999999999982e+00
-6.660098137262276730e+00 1.265086518973623231e-01 -9.232500000000305462e+00 4.000000000000000000e+02 -3.295419626170628669e-01 -1.555475624930872591e+01 1.524999999999999911e+00
-6.659961027211992679e+00 1.263661666112142756e-01 -9.235000000000304965e+00 4.000000000000000000e+02 -3.292332610878412891e-01 -1.555694754777950273e+01 8.000000000000000444e-01
-6.659824236016727461e+00 1.263936326864267823e-01 -9.237500000000304468e+00 4.000000000000000000e+02 -3.274842613470637653e-01 -1.555769854803872576e+01 1.159999999999999920e+00
-6.659687566201330178e+00 1.264169503906104608e-01 -9.240000000000303970e+00 4.000000000000000000e+02 -3.272212185096659565e-01 -1.555993550520132551e+01 5.250000000000000222e-01
-6.659551220382303960e+00 1.265421580831537773e-01 -9.242500000000303473e+00 4.000000000000000000e+02 -3.267355609467893496e-01 -1.556194984763845035e+01 3.049999999999999933e-01
-6.659415167465598806e+00 1.265178218466316840e-01 -9.245000000000302975e+00 4.000000000000000000e+02 -3.266704483727335129e-01 -1.556438473506439202e+01 8.599999999999999867e-01
-6.659279463859872017e+00 1.265238252026502086e-01 -9.247500000000302478e+00 4.000000000000000000e+02 -3.266447641486127651e-01 -1.556685905084027333e+01 1.875000000000000000e+00
-6.659144113957431443e+00 1.265351008928106147e-01 -9.250000000000301981e+00 4.000000000000000000e+02 -3.265548569858464090e-01 -1.556926914367750392e+01 8.050000000000000488e-01
-6.659009108119078313e+00 1.264953262265750000e-01 -9.252500000000301483e+00 4.000000000000000000e+02 -3.260014288930945803e-01 -1.557121571558475459e+01 1.080000000000000071e+00
-6.658874382994678598e+00 1.265215257079901068e-01 -9.255000000000300986e+00 4.000000000000000000e+02 -3.259546941650721119e-01 -1.557366898085672879e+01 3.099999999999999978e-01
-6.658740006063426975e+00 1.264893047913893398e-01 -9.257500000000300489e+00 4.000000000000000000e+02 -3.255262608599265306e-01 -1.557574054755158599e+01 7.399999999999999911e-01
-6.658605925213548993e+00 1.265030835430349943e-01 -9.260000000000299991e+00 4.000000000000000000e+02 -3.241150387414540868e-01 -1.557682932543310983e+01 1.475000000000000089e+00
-6.658472008214427085e+00 1.265194594864287592e-01 -9.262500000000299494e+00 4.000000000000000000e+02 -3.239133719764584196e-01 -1.557912765866811533e+01 1.895000000000000018e+00
-6.658338416517433522e+00 1.265462448068077062e-01 -9.265000000000298996e+00 4.000000000000000000e+02 -3.238778712096797574e-01 -1.558159215790133523e+01 1.844999999999999973e+00
-6.658205171430236824e+00 1.265087694882043590e-01 -9.267500000000298499e+00 4.000000000000000000e+02 -3.228381537356140862e-01 -1.558305244042727011e+01 1.655000000000000027e+00
-6.658072138489568026e+00 1.265449339594822975e-01 -9.270000000000298002e+00 4.000000000000000000e+02 -3.222989239057506561e-01 -1.558501321059740441e+01 1.879999999999999893e+00
-6.657939383783809895e+00 1.265225161652531460e-01 -9.272500000000297504e+00 4.000000000000000000e+02 -3.217777600630962742e-01 -1.558699204675475158e+01 1.675000000000000044e+00
-6.657806909087371494e+00 1.266100315799150167e-01 -9.275000000000297007e+00 4.000000000000000000e+02 -3.217400058827959985e-01 -1.558945429257444992e+01 7.499999999999999722e-02
-6.657674777657504706e+00 1.265489383294751968e-01 -9.277500000000296509e+00 4.000000000000000000e+02 -3.215818984068398723e-01 -1.559179618509849519e+01 9.549999999999999600e-01
-6.657542972698403005e+00 1.265370737106690513e-01 -9.280000000000296012e+00 4.000000000000000000e+02 -3.214687174524317181e-01 -1.559418300414408343e+01 2.750000000000000222e-01
-6.657411499266942201e+00 1.266006995226549303e-01 -9.282500000000295515e+00 4.000000000000000000e+02 -3.214437298763347384e-01 -1.559665801656798756e+01 9.649999999999999689e-01
-6.657280368050470187e+00 1.265945021757760025e-01 -9.285000000000295017e+00 4.000000000000000000e+02 -3.211490294542996837e-01 -1.559886331614595179e+01 9.449999999999999512e-01
-6.657149542835355760e+00 1.265574868925599117e-01 -9.287500000000294520e+00 4.000000000000000000e+02 -3.211050897670360005e-01 -1.560131937645868838e+01 1.449999999999999900e-01
-6.657019055590684076e+00 1.265413922030462490e-01 -9.290000000000294023e+00 4.000000000000000000e+02 -3.207393616978309603e-01 -1.560345364838948079e+01 3.250000000000000111e-01
-6.656888863514590859e+00 1.265424829496550607e-01 -9.292500000000293525e+00 4.000000000000000000e+02 -3.206097469553613188e-01 -1.560582403364701243e+01 4.899999999999999911e-01
-6.656758996566041198e+00 1.265793997251871417e-01 -9.295000000000293028e+00 4.000000000000000000e+02 -3.199282036654328976e-01 -1.560764249035708140e+01 1.389999999999999902e+00
-6.656629382377633242e+00 1.265432409855311580e-01 -9.297500000000292530e+00 4.000000000000000000e+02 -3.198456088041210510e-01 -1.561005989549577144e+01 1.735000000000000098e+00
-6.656500097877689370e+00 1.265717640711031822e-01 -9.300000000000292033e+00 4.000000000000000000e+02 -3.193838161460776370e-01 -1.561209810283772548e+01 9.050000000000000266e-01
-6.656371093279318529e+00 1.265883220809594090e-01 -9.302500000000291536e+00 4.000000000000000000e+02 -3.191772466521863305e-01 -1.561439153334383612e+01 3.350000000000000200e-01
-6.656242400787925284e+00 1.265482905953744797e-01 -9.305000000000291038e+00 4.000000000000000000e+02 -3.186573929157225926e-01 -1.561637167960737038e+01 1.590000000000000080e+00
-6.656113979384879364e+00 1.265056429824309436e-01 -9.307500000000290541e+00 4.000000000000000000e+02 -3.181974683722901820e-01 -1.561841175506393853e+01 1.350000000000000089e-01
-6.655985836143694989e+00 1.265424455960391936e-01 -9.310000000000290044e+00 4.000000000000000000e+02 -3.181682611173887731e-01 -1.562088254780903540e+01 1.485000000000000098e+00
-6.655858025484941543e+00 1.265579301261398615e-01 -9.312500000000289546e+00 4.000000000000000000e+02 -3.174013271768753031e-01 -1.562261561386852371e+01 7.299999999999999822e-01
-6.655730452429753363e+00 1.266031458861892334e-01 -9.315000000000289049e+00 4.000000000000000000e+02 -3.166533371766618310e-01 -1.562436762386830758e+01 1.324999999999999956e+00
-6.655603118918260286e+00 1.265175076261826348e-01 -9.317500000000288551e+00 4.000000000000000000e+02 -3.164937899559913115e-01 -1.562670807664763828e+01 9.000000000000000222e-01
-6.655476099231320219e+00 1.265402792387501918e-01 -9.320000000000288054e+00 4.000000000000000000e+02 -3.164863988180368626e-01 -1.562920068550968189e+01 6.750000000000000444e-01
-6.655349411832276907e+00 1.265422053550755155e-01 -9.322500000000287557e+00 4.000000000000000000e+02 -3.163895325766371558e-01 -1.563160381926828357e+01 1.324999999999999956e+00
-6.655223044504414709e+00 1.265924302590946959e-01 -9.325000000000287059e+00 4.000000000000000000e+02 -3.160296186482635661e-01 -1.563374390533990699e+01 8.149999999999999467e-01
-6.655096963239860663e+00 1.265448537921328442e-01 -9.327500000000286562e+00 4.000000000000000000e+02 -3.149651820951531733e-01 -1.563517946878679865e+01 1.610000000000000098e+00
-6.654971078703404430e+00 1.265235364885368141e-01 -9.330000000000286065e+00 4.000000000000000000e+02 -3.145264272396652294e-01 -1.563724071393130721e+01 9.499999999999999556e-01
-6.654845469174614614e+00 1.265019762282372506e-01 -9.332500000000285567e+00 4.000000000000000000e+02 -3.138531953205594971e-01 -1.563906748201220331e+01 1.334999999999999964e+00
-6.654720104628458088e+00 1.265342856410404948e-01 -9.335000000000285070e+00 4.000000000000000000e+02 -3.137138687095069600e-01 -1.564142815540114917e+01 1.370000000000000107e+00
-6.654595051336777090e+00 1.264495756498795476e-01 -9.337500000000284572e+00 4.000000000000000000e+02 -3.127589493167176604e-01 -1.564297323600836087e+01 9.749999999999999778e-01
-6.654470206713500424e+00 1.264055467238045793e-01 -9.340000000000284075e+00 4.000000000000000000e+02 -3.125204261774439662e-01 -1.564523471286908496e+01 2.550000000000000044e-01
-6.654345659635917620e+00 1.264876693239777028e-01 -9.342500000000283578e+00 4.000000000000000000e+02 -3.122435260329283202e-01 -1.564745781272456959e+01 1.750000000000000000e+00
-6.654221404589807598e+00 1.264805276065638362e-01 -9.345000000000283080e+00 4.000000000000000000e+02 -3.121488427745641170e-01 -1.564986312946620295e+01 5.500000000000000028e-02
-6.654097463439101467e+00 1.265205128649795618e-01 -9.347500000000282583e+00 4.000000000000000000e+02 -3.114399083335531171e-01 -1.565165419502519306e+01 6.750000000000000444e-01
-6.653973759394747667e+00 1.264974583188885893e-01 -9.350000000000282085e+00 4.000000000000000000e+02 -3.114294673123180757e-01 -1.565414375400395564e+01 1.175000000000000044e+00
-6.653850378179654079e+00 1.264588424114824194e-01 -9.352500000000281588e+00 4.000000000000000000e+02 -3.110150804900884136e-01 -1.565622936718172831e+01 8.800000000000000044e-01
-6.653727269195408134e+00 1.263877620091223564e-01 -9.355000000000281091e+00 4.000000000000000000e+02 -3.108878636190571809e-01 -1.565860215031069380e+01 3.649999999999999911e-01
-6.653604467075929563e+00 1.263589016007704013e-01 -9.357500000000280593e+00 4.000000000000000000e+02 -3.106400488278312499e-01 -1.566085433551947048e+01 4.499999999999999833e-02
-6.653481956246023010e+00 1.263826547341399820e-01 -9.360000000000280096e+00 4.000000000000000000e+02 -3.102920534432282995e-01 -1.566300634013486537e+01 1.629999999999999893e+00
-6.653359723735221110e+00 1.264337035479950189e-01 -9.362500000000279599e+00 4.000000000000000000e+02 -3.100105928784566145e-01 -1.566522487957009346e+01 1.749999999999999889e-01
-6.653237776990819086e+00 1.264422012537364803e-01 -9.365000000000279101e+00 4.000000000000000000e+02 -3.099483137003981037e-01 -1.566766260039203296e+01 1.090000000000000080e+00
-6.653116141971433528e+00 1.264579437499075976e-01 -9.367500000000278604e+00 4.000000000000000000e+02 -3.095174891783238347e-01 -1.566973177586996080e+01 1.409999999999999920e+00
-6.652994773123483085e+00 1.264720324542084606e-01 -9.370000000000278106e+00 4.000000000000000000e+02 -3.086822833426093315e-01 -1.567139657003424347e+01 8.850000000000000089e-01
-6.652873620853468672e+00 1.264363379714359414e-01 -9.372500000000277609e+00 4.000000000000000000e+02 -3.082264815454341389e-01 -1.567344076823706978e+01 9.150000000000000355e-01
-6.652752730620919763e+00 1.264071146512717181e-01 -9.375000000000277112e+00 4.000000000000000000e+02 -3.073300823759769207e-01 -1.567504436906761001e+01 6.850000000000000533e-01
-6.652632048670275466e+00 1.264399991183348115e-01 -9.377500000000276614e+00 4.000000000000000000e+02 -3.071566913309486391e-01 -1.567737097802258361e+01 5.899999999999999689e-01
-6.652511661684614275e+00 1.265088837409713562e-01 -9.380000000000276117e+00 4.000000000000000000e+02 -3.070319384800020979e-01 -1.567974622517163397e+01 1.175000000000000044e+00
-6.652391574748222958e+00 1.264993420708602767e-01 -9.382500000000275620e+00 4.000000000000000000e+02 -3.069897469997160955e-01 -1.568220403369135063e+01 1.449999999999999900e-01
-6.652271796966204853e+00 1.264567936676088966e-01 -9.385000000000275122e+00 4.000000000000000000e+02 -3.066110363293340080e-01 -1.568432532302096583e+01 1.945000000000000062e+00
-6.652152287297653288e+00 1.263626546034717080e-01 -9.387500000000274625e+00 4.000000000000000000e+02 -3.061463052203893254e-01 -1.568636059191202214e+01 1.949999999999999956e+00
-6.652033034853388926e+00 1.263791426164616316e-01 -9.390000000000274127e+00 4.000000000000000000e+02 -3.054026033062620660e-01 -1.568811688999789311e+01 3.499999999999999778e-01
-6.651914005850195544e+00 1.263944465737819045e-01 -9.392500000000273630e+00 4.000000000000000000e+02 -3.051108450214944923e-01 -1.569032513171312537e+01 1.935000000000000053e+00
-6.651795253521195939e+00 1.264423462624124639e-01 -9.395000000000273133e+00 4.000000000000000000e+02 -3.047851372006786796e-01 -1.569249942389230768e+01 1.149999999999999911e+00
-6.651676773168495593e+00 1.264020049216953157e-01 -9.397500000000272635e+00 4.000000000000000000e+02 -3.045502245520835261e-01 -1.569476451124371508e+01 1.139999999999999902e+00
-6.651558574868768225e+00 1.264504668711298740e-01 -9.400000000000272138e+00 4.000000000000000000e+02 -3.042972622630086832e-01 -1.569701154895463802e+01 1.310000000000000053e+00
-6.651440655789092382e+00 1.264654580335400069e-01 -9.402500000000271640e+00 4.000000000000000000e+02 -3.034900375655913418e-01 -1.569870432425722129e+01 9.150000000000000355e-01
-6.651322950019088687e+00 1.266049021111451955e-01 -9.405000000000271143e+00 4.000000000000000000e+02 -3.028426204912487152e-01 -1.570055690718287700e+01 1.635000000000000009e+00
-6.651205475921505794e+00 1.267631001435094995e-01 -9.407500000000270646e+00 4.000000000000000000e+02 -3.028269407845134986e-01 -1.570304122747614173e+01 1.185000000000000053e+00
-6.651088307052223314e+00 1.267706346547921303e-01 -9.410000000000270148e+00 4.000000000000000000e+02 -3.026060376571851895e-01 -1.570532032434881131e+01 7.499999999999999722e-02
-6.650971418598170537e+00 1.267578272795122640e-01 -9.412500000000269651e+00 4.000000000000000000e+02 -3.024151145426003384e-01 -1.570762940123422879e+01 2.750000000000000222e-01
-6.650854813351259942e+00 1.267144280070481577e-01 -9.415000000000269154e+00 4.000000000000000000e+02 -3.024078741196071785e-01 -1.571012216081123292e+01 7.449999999999999956e-01
-6.650738511955684551e+00 1.267176801735758196e-01 -9.417500000000268656e+00 4.000000000000000000e+02 -3.023555828326032757e-01 -1.571256986952423063e+01 1.405000000000000027e+00
-6.650622508358824625e+00 1.266387699530220901e-01 -9.420000000000268159e+00 4.000000000000000000e+02 -3.021515728320422478e-01 -1.571486585952366610e+01 1.215000000000000080e+00
-6.650506784208561228e+00 1.265950665060881219e-01 -9.422500000000267661e+00 4.000000000000000000e+02 -3.019355607422274379e-01 -1.571714984743385379e+01 9.949999999999999956e-01
-6.650391337413987358e+00 1.265328237044043014e-01 -9.425000000000267164e+00 4.000000000000000000e+02 -3.017328841066908574e-01 -1.571944717079831477e+01 1.689999999999999947e+00
-6.650276168814210465e+00 1.265147620696425446e-01 -9.427500000000266667e+00 4.000000000000000000e+02 -3.008727837748293998e-01 -1.572108707046645470e+01 1.985000000000000098e+00
-6.650161202154309059e+00 1.265954573917340564e-01 -9.430000000000266169e+00 4.000000000000000000e+02 -3.006719472659303283e-01 -1.572338623395755342e+01 6.350000000000000089e-01
-6.650046512688247091e+00 1.265524096690852640e-01 -9.432500000000265672e+00 4.000000000000000000e+02 -3.002065844924205473e-01 -1.572542087118404375e+01 1.864999999999999991e+00
-6.649932069448505345e+00 1.265012419750246864e-01 -9.435000000000265175e+00 4.000000000000000000e+02 -2.999156609464594947e-01 -1.572762994763808031e+01 4.000000000000000083e-02
-6.649817891796036662e+00 1.265064249062197721e-01 -9.437500000000264677e+00 4.000000000000000000e+02 -2.992123481996036283e-01 -1.572942663489122594e+01 4.000000000000000083e-02
-6.649703932100896608e+00 1.265144594172593895e-01 -9.440000000000264180e+00 4.000000000000000000e+02 -2.989067075950919139e-01 -1.573162099428671290e+01 6.949999999999999512e-01
-6.649590235142785133e+00 1.265401678680317388e-01 -9.442500000000263682e+00 4.000000000000000000e+02 -2.984070926973558247e-01 -1.573362137938897831e+01 1.495000000000000107e+00
-6.649476778281855793e+00 1.265838393240027726e-01 -9.445000000000263185e+00 4.000000000000000000e+02 -2.980102203521345361e-01 -1.573572450704375392e+01 2.099999999999999922e-01
-6.649363572614914730e+00 1.265592898957733081e-01 -9.447500000000262688e+00 4.000000000000000000e+02 -2.977142056881323939e-01 -1.573792849237975311e+01 1.070000000000000062e+00
-6.649250628948642827e+00 1.265437698074892980e-01 -9.450000000000262190e+00 4.000000000000000000e+02 -2.969835092381269970e-01 -1.573969779592974483e+01 9.599999999999999645e-01
-6.649137897658356167e+00 1.265388884991980878e-01 -9.452500000000261693e+00 4.000000000000000000e+02 -2.967799006499194925e-01 -1.574199418734153966e+01 7.099999999999999645e-01
-6.649025437609450861e+00 1.266120639326522024e-01 -9.455000000000261196e+00 4.000000000000000000e+02 -2.966343884800900499e-01 -1.574434867517170744e+01 1.895000000000000018e+00
-6.648913254636157788e+00 1.265549838118730508e-01 -9.457500000000260698e+00 4.000000000000000000e+02 -2.962403945896241453e-01 -1.574645468128124293e+01 1.945000000000000062e+00
-6.648801320216214172e+00 1.265449204735809019e-01 -9.460000000000260201e+00 4.000000000000000000e+02 -2.959312710055770901e-01 -1.574864555769719310e+01 2.500000000000000000e-01
-6.648689643249126036e+00 1.265685816810444286e-01 -9.462500000000259703e+00 4.000000000000000000e+02 -2.956295812179907112e-01 -1.575084386790960878e+01 8.649999999999999911e-01
-6.648578223942318566e+00 1.266000651944484134e-01 -9.465000000000259206e+00 4.000000000000000000e+02 -2.955461515265911387e-01 -1.575326043821820576e+01 1.600000000000000033e-01
-6.648467085931004661e+00 1.265915083278520981e-01 -9.467500000000258709e+00 4.000000000000000000e+02 -2.954440148780243525e-01 -1.575565830156964076e+01 3.599999999999999867e-01
-6.648356226400156999e+00 1.265780341304143242e-01 -9.470000000000258211e+00 4.000000000000000000e+02 -2.951422356665965308e-01 -1.575785652235821033e+01 7.199999999999999734e-01
-6.648245622543414335e+00 1.265985746543527302e-01 -9.472500000000257714e+00 4.000000000000000000e+02 -2.949190342549486421e-01 -1.576013332094656505e+01 1.530000000000000027e+00
-6.648135282413086600e+00 1.265383569172386091e-01 -9.475000000000257216e+00 4.000000000000000000e+02 -2.948228913683335062e-01 -1.576253717805994725e+01 3.150000000000000022e-01
-6.648025219335915281e+00 1.265932018981873186e-01 -9.477500000000256719e+00 4.000000000000000000e+02 -2.947756534533323980e-01 -1.576498994014494670e+01 1.760000000000000009e+00
-6.647915437954562634e+00 1.266082448489442014e-01 -9.480000000000256222e+00 4.000000000000000000e+02 -2.942818423979765008e-01 -1.576699612908958947e+01 4.050000000000000266e-01
-6.647805888609054747e+00 1.266084401658382486e-01 -9.482500000000255724e+00 4.000000000000000000e+02 -2.941886934009219079e-01 -1.576940298009253638e+01 1.899999999999999911e+00
-6.647696614571958484e+00 1.265886618152243792e-01 -9.485000000000255227e+00 4.000000000000000000e+02 -2.936691988390459640e-01 -1.577138348553065761e+01 8.000000000000000444e-01
-6.647587568642620681e+00 1.265914634850169029e-01 -9.487500000000254730e+00 4.000000000000000000e+02 -2.936213272423842113e-01 -1.577383561393399702e+01 9.699999999999999734e-01
-6.647478801626405698e+00 1.265539162477791191e-01 -9.490000000000254232e+00 4.000000000000000000e+02 -2.935552316934203487e-01 -1.577626951838503011e+01 1.324999999999999956e+00
-6.647370310802696025e+00 1.265941562361415085e-01 -9.492500000000253735e+00 4.000000000000000000e+02 -2.935098886802278706e-01 -1.577872417537184013e+01 1.935000000000000053e+00
-6.647262097685904259e+00 1.264792247390444102e-01 -9.495000000000253237e+00 4.000000000000000000e+02 -2.932407603719759948e-01 -1.578095504706358554e+01 3.900000000000000133e-01
-6.647154137379319039e+00 1.265816487941448243e-01 -9.497500000000252740e+00 4.000000000000000000e+02 -2.929888459479090823e-01 -1.578320313263951924e+01 1.034999999999999920e+00
-6.647046431119082222e+00 1.265577564516805753e-01 -9.500000000000252243e+00 4.000000000000000000e+02 -2.928991460504251632e-01 -1.578561343274203388e+01 9.150000000000000355e-01
-6.646938995708183029e+00 1.265565066876081224e-01 -9.502500000000251745e+00 4.000000000000000000e+02 -2.928697460667891717e-01 -1.578808403275839822e+01 1.199999999999999956e+00
-6.646831836898043022e+00 1.265240688900051425e-01 -9.505000000000251248e+00 4.000000000000000000e+02 -2.920423891956877016e-01 -1.578975667588729515e+01 9.200000000000000400e-01
-6.646724868629547700e+00 1.265147263319276183e-01 -9.507500000000250751e+00 4.000000000000000000e+02 -2.919309250473057782e-01 -1.579214521173891406e+01 1.754999999999999893e+00
-6.646618166953786044e+00 1.264434607423036427e-01 -9.510000000000250253e+00 4.000000000000000000e+02 -2.908484245298325610e-01 -1.579356271122143873e+01 5.999999999999999778e-01
-6.646511627780304465e+00 1.264870515645125648e-01 -9.512500000000249756e+00 4.000000000000000000e+02 -2.899804422999693876e-01 -1.579519472899157684e+01 1.949999999999999956e+00
-6.646405273660483282e+00 1.264803511626203247e-01 -9.515000000000249258e+00 4.000000000000000000e+02 -2.898533161085497523e-01 -1.579756760280015548e+01 1.274999999999999911e+00
-6.646299182876211020e+00 1.264729012015499143e-01 -9.517500000000248761e+00 4.000000000000000000e+02 -2.892034710520409724e-01 -1.579941775774364743e+01 1.659999999999999920e+00
-6.646193299417738842e+00 1.264978032630464655e-01 -9.520000000000248264e+00 4.000000000000000000e+02 -2.886600682601813128e-01 -1.580137435495178622e+01 1.145000000000000018e+00
-6.646087634105277253e+00 1.264821605851929598e-01 -9.522500000000247766e+00 4.000000000000000000e+02 -2.879880013819503537e-01 -1.580320228807355676e+01 5.450000000000000400e-01
-6.645982172898931672e+00 1.265100839191251325e-01 -9.525000000000247269e+00 4.000000000000000000e+02 -2.873887330440786925e-01 -1.580510301973568232e+01 1.169999999999999929e+00
-6.645876923044895079e+00 1.264804787158799460e-01 -9.527500000000246771e+00 4.000000000000000000e+02 -2.868207806066875865e-01 -1.580703506729829222e+01 1.560000000000000053e+00
-6.645771887386588972e+00 1.265030294787698184e-01 -9.530000000000246274e+00 4.000000000000000000e+02 -2.866667422819748623e-01 -1.580938102897357744e+01 1.600000000000000089e+00
-6.645667108841693427e+00 1.264808408654123917e-01 -9.532500000000245777e+00 4.000000000000000000e+02 -2.860906576771692356e-01 -1.581130494436877321e+01 1.794999999999999929e+00
-6.645562542633827618e+00 1.263645112253601877e-01 -9.535000000000245279e+00 4.000000000000000000e+02 -2.853513361258281367e-01 -1.581306562281742956e+01 1.445000000000000062e+00
-6.645458171275566706e+00 1.262343984584991807e-01 -9.537500000000244782e+00 4.000000000000000000e+02 -2.851751531030270459e-01 -1.581538943979463063e+01 6.650000000000000355e-01
-6.645354053030000152e+00 1.262992180267807074e-01 -9.540000000000244285e+00 4.000000000000000000e+02 -2.849020783784577127e-01 -1.581761636507005875e+01 1.294999999999999929e+00
-6.645250177193347874e+00 1.263044770085985924e-01 -9.542500000000243787e+00 4.000000000000000000e+02 -2.843988814506730467e-01 -1.581961316814227558e+01 4.149999999999999800e-01
-6.645146519326143419e+00 1.262956977119799873e-01 -9.545000000000243290e+00 4.000000000000000000e+02 -2.843609689475011804e-01 -1.582207525563910089e+01 1.145000000000000018e+00
-6.645043127063999577e+00 1.262550290847812007e-01 -9.547500000000242792e+00 4.000000000000000000e+02 -2.840715712103148993e-01 -1.582428585790191633e+01 1.614999999999999991e+00
-6.644939973762062024e+00 1.262780363249216276e-01 -9.550000000000242295e+00 4.000000000000000000e+02 -2.832071626613663629e-01 -1.582592144935296474e+01 6.049999999999999822e-01
-6.644836999652323328e+00 1.262919664589212954e-01 -9.552500000000241798e+00 4.000000000000000000e+02 -2.831870018752725149e-01 -1.582840128856687301e+01 4.299999999999999933e-01
-6.644734291148675531e+00 1.262722235991997621e-01 -9.555000000000241300e+00 4.000000000000000000e+02 -2.825813742074719248e-01 -1.583029566089907014e+01 1.554999999999999938e+00
-6.644631787547028878e+00 1.263086475105789364e-01 -9.557500000000240803e+00 4.000000000000000000e+02 -2.824845224027914270e-01 -1.583269880909439031e+01 4.000000000000000222e-01
-6.644529540449097382e+00 1.262934030654454531e-01 -9.560000000000240306e+00 4.000000000000000000e+02 -2.823410673523004677e-01 -1.583505535404389697e+01 1.719999999999999973e+00
-6.644427544433890276e+00 1.262446496482409475e-01 -9.562500000000239808e+00 4.000000000000000000e+02 -2.818050331293881494e-01 -1.583701931982098543e+01 8.349999999999999645e-01
-6.644325758910320623e+00 1.262425618066046751e-01 -9.565000000000239311e+00 4.000000000000000000e+02 -2.807636241680331879e-01 -1.583847791085962875e+01 1.389999999999999902e+00
-6.644224132078584866e+00 1.262033325344125434e-01 -9.567500000000238813e+00 4.000000000000000000e+02 -2.805935664693097742e-01 -1.584080785316090711e+01 2.250000000000000056e-01
-6.644122752046812685e+00 1.262004502653831239e-01 -9.570000000000238316e+00 4.000000000000000000e+02 -2.800482070310728044e-01 -1.584276249372266676e+01 1.499999999999999944e-02
-6.644021580229809487e+00 1.262020476906540456e-01 -9.572500000000237819e+00 4.000000000000000000e+02 -2.788945150290408903e-01 -1.584410880172063685e+01 1.330000000000000071e+00
-6.643920554743641738e+00 1.261897267280876478e-01 -9.575000000000237321e+00 4.000000000000000000e+02 -2.788010141040571654e-01 -1.584651530079565163e+01 8.900000000000000133e-01
-6.643819782251271455e+00 1.261848431462502529e-01 -9.577500000000236824e+00 4.000000000000000000e+02 -2.785615029896270634e-01 -1.584877578968122158e+01 1.929999999999999938e+00
-6.643719247416438378e+00 1.261994348759061524e-01 -9.580000000000236327e+00 4.000000000000000000e+02 -2.785294053900118638e-01 -1.585124369208160466e+01 1.749999999999999889e-01
-6.643618970454765460e+00 1.261344656161732247e-01 -9.582500000000235829e+00 4.000000000000000000e+02 -2.783876877788283299e-01 -1.585360197447042196e+01 1.104999999999999982e+00
-6.643518939714824434e+00 1.261372972128870229e-01 -9.585000000000235332e+00 4.000000000000000000e+02 -2.782064704272395605e-01 -1.585592075711883098e+01 1.334999999999999964e+00
-6.643419150626131753e+00 1.261430051070656921e-01 -9.587500000000234834e+00 4.000000000000000000e+02 -2.780724092060057329e-01 -1.585828669589759876e+01 5.500000000000000444e-01
-6.643319607274844607e+00 1.261678337716509724e-01 -9.590000000000234337e+00 4.000000000000000000e+02 -2.774179540151200385e-01 -1.586013224070671157e+01 7.499999999999999722e-02
-6.643220257346360569e+00 1.262248501926054867e-01 -9.592500000000233840e+00 4.000000000000000000e+02 -2.771950400638688583e-01 -1.586240932675546134e+01 1.750000000000000000e+00
-6.643121143224620440e+00 1.262314298834558424e-01 -9.595000000000233342e+00 4.000000000000000000e+02 -2.770156424444275012e-01 -1.586472992913601665e+01 1.354999999999999982e+00
-6.643022268629190208e+00 1.262837194379727301e-01 -9.597500000000232845e+00 4.000000000000000000e+02 -2.767465356791669051e-01 -1.586696082237075700e+01 3.200000000000000067e-01
-6.642923624109135616e+00 1.263399054661810961e-01 -9.600000000000232347e+00 4.000000000000000000e+02 -2.767022355741923234e-01 -1.586941652226578015e+01 1.439999999999999947e+00
-6.642825231227242000e+00 1.263021804261135750e-01 -9.602500000000231850e+00 4.000000000000000000e+02 -2.757592096749452160e-01 -1.587097349636653476e+01 1.650000000000000078e-01
-6.642727001078947424e+00 1.262782732759689108e-01 -9.605000000000231353e+00 4.000000000000000000e+02 -2.757425125714397240e-01 -1.587345679926302822e+01 1.985000000000000098e+00
-6.642629024175583652e+00 1.262680887861614420e-01 -9.607500000000230855e+00 4.000000000000000000e+02 -2.757357915889340205e-01 -1.587595007828052296e+01 3.499999999999999778e-01
-6.642531300814408013e+00 1.261884694439034948e-01 -9.610000000000230358e+00 4.000000000000000000e+02 -2.755054122863953570e-01 -1.587821969897798269e+01 1.245000000000000107e+00
-6.642433808513167115e+00 1.261861245333981418e-01 -9.612500000000229861e+00 4.000000000000000000e+02 -2.746381558806005874e-01 -1.587985244257218831e+01 5.500000000000000028e-02
-6.642336484742556557e+00 1.263483228881068787e-01 -9.615000000000229363e+00 4.000000000000000000e+02 -2.740423320536113927e-01 -1.588175661874519662e+01 1.799999999999999933e-01
-6.642239355561207148e+00 1.263580402590217533e-01 -9.617500000000228866e+00 4.000000000000000000e+02 -2.738962123885403388e-01 -1.588411049908012806e+01 7.950000000000000400e-01
-6.642142464141375768e+00 1.263544853525959411e-01 -9.620000000000228368e+00 4.000000000000000000e+02 -2.737950992508299541e-01 -1.588650938594241424e+01 7.299999999999999822e-01
-6.642045814227861555e+00 1.263374771872948499e-01 -9.622500000000227871e+00 4.000000000000000000e+02 -2.737860785964317256e-01 -1.588900036528801785e+01 1.155000000000000027e+00
-6.641949414073156532e+00 1.263167737212912145e-01 -9.625000000000227374e+00 4.000000000000000000e+02 -2.735750436651755990e-01 -1.589128933035675928e+01 1.534999999999999920e+00
-6.641853243582945154e+00 1.263562671841066964e-01 -9.627500000000226876e+00 4.000000000000000000e+02 -2.730707807548516941e-01 -1.589328506744643654e+01 3.300000000000000155e-01
-6.641757274052590532e+00 1.263431964490638049e-01 -9.630000000000226379e+00 4.000000000000000000e+02 -2.727229666508744210e-01 -1.589543725334245750e+01 1.554999999999999938e+00
-6.641661520023995458e+00 1.263520452592760968e-01 -9.632500000000225882e+00 4.000000000000000000e+02 -2.725842343209959329e-01 -1.589779852101258051e+01 7.249999999999999778e-01
-6.641566000965108962e+00 1.263893119779512519e-01 -9.635000000000225384e+00 4.000000000000000000e+02 -2.718487454087830657e-01 -1.589956303210036559e+01 1.614999999999999991e+00
-6.641470659400958709e+00 1.263616280367003963e-01 -9.637500000000224887e+00 4.000000000000000000e+02 -2.717745881298617161e-01 -1.590198887482144485e+01 1.979999999999999982e+00
-6.641375557896287418e+00 1.263927559935281997e-01 -9.640000000000224389e+00 4.000000000000000000e+02 -2.714764413526564168e-01 -1.590419072804423628e+01 1.689999999999999947e+00
-6.641280674574430165e+00 1.264159791264042043e-01 -9.642500000000223892e+00 4.000000000000000000e+02 -2.712970305458464182e-01 -1.590651131723742751e+01 1.814999999999999947e+00
-6.641186020153219793e+00 1.264088781550098961e-01 -9.645000000000223395e+00 4.000000000000000000e+02 -2.707474251646166952e-01 -1.590846171185619617e+01 2.550000000000000044e-01
-6.641091559098010855e+00 1.264790747063795906e-01 -9.647500000000222897e+00 4.000000000000000000e+02 -2.706153430263132376e-01 -1.591082962971789350e+01 1.929999999999999938e+00
-6.640997330344629468e+00 1.264617532673162625e-01 -9.650000000000222400e+00 4.000000000000000000e+02 -2.705045493943082358e-01 -1.591321883608588728e+01 3.950000000000000178e-01
-6.640903335300924581e+00 1.264820940556384832e-01 -9.652500000000221902e+00 4.000000000000000000e+02 -2.698251538259304194e-01 -1.591503944051751063e+01 5.000000000000000278e-02
-6.640809520039479885e+00 1.264574657255987389e-01 -9.655000000000221405e+00 4.000000000000000000e+02 -2.693043460128725086e-01 -1.591701863270444939e+01 7.000000000000000666e-02
-6.640715899047236803e+00 1.264588246445628450e-01 -9.657500000000220908e+00 4.000000000000000000e+02 -2.683211740866299211e-01 -1.591853546077820880e+01 3.800000000000000044e-01
-6.640622428698453206e+00 1.264694991153370307e-01 -9.660000000000220410e+00 4.000000000000000000e+02 -2.683053225398344677e-01 -1.592101960923141135e+01 2.000000000000000111e-01
-6.640529198959134405e+00 1.264235173677422386e-01 -9.662500000000219913e+00 4.000000000000000000e+02 -2.681808276481757458e-01 -1.592339511433975296e+01 9.100000000000000311e-01
-6.640436199084764901e+00 1.264349378959024051e-01 -9.665000000000219416e+00 4.000000000000000000e+02 -2.679002169776306674e-01 -1.592561450366920717e+01 8.199999999999999512e-01
-6.640343414003885947e+00 1.264235257815456981e-01 -9.667500000000218918e+00 4.000000000000000000e+02 -2.678625892272404330e-01 -1.592807687591881738e+01 7.049999999999999600e-01
-6.640250865689898419e+00 1.264365360543271144e-01 -9.670000000000218421e+00 4.000000000000000000e+02 -2.678463781972564295e-01 -1.593056066488883182e+01 1.235000000000000098e+00
-6.640158555493711035e+00 1.264310000920594035e-01 -9.672500000000217923e+00 4.000000000000000000e+02 -2.677624947853144977e-01 -1.593297678147689034e+01 2.800000000000000266e-01
-6.640066476550070540e+00 1.264328780794351514e-01 -9.675000000000217426e+00 4.000000000000000000e+02 -2.676460126896056946e-01 -1.593536029938117871e+01 1.844999999999999973e+00
-6.639974625264393637e+00 1.264368500243289173e-01 -9.677500000000216929e+00 4.000000000000000000e+02 -2.673172218337819817e-01 -1.593753150852535683e+01 6.099999999999999867e-01
-6.639882981599184220e+00 1.264364728476672639e-01 -9.680000000000216431e+00 4.000000000000000000e+02 -2.671903850505606415e-01 -1.593990467174213421e+01 1.139999999999999902e+00
-6.639791563529448659e+00 1.264044166968134320e-01 -9.682500000000215934e+00 4.000000000000000000e+02 -2.671105466706783504e-01 -1.594232483336225314e+01 9.300000000000000488e-01
-6.639700374764931468e+00 1.263998893536874557e-01 -9.685000000000215437e+00 4.000000000000000000e+02 -2.664389705879216530e-01 -1.594415325727949373e+01 1.189999999999999947e+00
-6.639609360871661536e+00 1.264301996830748953e-01 -9.687500000000214939e+00 4.000000000000000000e+02 -2.663529241629676303e-01 -1.594656721085454087e+01 1.830000000000000071e+00
-6.639518574669586393e+00 1.264158354658218297e-01 -9.690000000000214442e+00 4.000000000000000000e+02 -2.661884784015298155e-01 -1.594890276509310034e+01 1.925000000000000044e+00
-6.639428008468763132e+00 1.263822731853582737e-01 -9.692500000000213944e+00 4.000000000000000000e+02 -2.659932232512025041e-01 -1.595120750994277437e+01 1.875000000000000000e+00
-6.639337658932768171e+00 1.263714852440548375e-01 -9.695000000000213447e+00 4.000000000000000000e+02 -2.659791263300156361e-01 -1.595369341302158617e+01 5.100000000000000089e-01
-6.639247541849956136e+00 1.263788397720596035e-01 -9.697500000000212950e+00 4.000000000000000000e+02 -2.656496543299128321e-01 -1.595586394102148375e+01 4.500000000000000111e-01
-6.639157628250637266e+00 1.263836389868555898e-01 -9.700000000000212452e+00 4.000000000000000000e+02 -2.651333920203236549e-01 -1.595784767871189302e+01 1.439999999999999947e+00
-6.639067900899232377e+00 1.263941379958255784e-01 -9.702500000000211955e+00 4.000000000000000000e+02 -2.649690246302875418e-01 -1.596018331132185786e+01 1.600000000000000033e-01
-6.638978390895533543e+00 1.263763182695112619e-01 -9.705000000000211458e+00 4.000000000000000000e+02 -2.646020003438659396e-01 -1.596231628703543315e+01 4.299999999999999933e-01
-6.638889079596764553e+00 1.263584885207362507e-01 -9.707500000000210960e+00 4.000000000000000000e+02 -2.641604736280026566e-01 -1.596437476031957203e+01 2.000000000000000042e-02
-6.638799959905040460e+00 1.263407701265702732e-01 -9.710000000000210463e+00 4.000000000000000000e+02 -2.640076827504154733e-01 -1.596672196944198241e+01 6.850000000000000533e-01
-6.638711057064270449e+00 1.262997507537608755e-01 -9.712500000000209965e+00 4.000000000000000000e+02 -2.636793918232037126e-01 -1.596889367851477104e+01 8.050000000000000488e-01
-6.638622354962426364e+00 1.263703289546208308e-01 -9.715000000000209468e+00 4.000000000000000000e+02 -2.634629869887477049e-01 -1.597117727368031304e+01 1.449999999999999900e-01
-6.638533863029635107e+00 1.263807051142264437e-01 -9.717500000000208971e+00 4.000000000000000000e+02 -2.634028055978581695e-01 -1.597361709228942495e+01 1.080000000000000071e+00
-6.638445594539471806e+00 1.263085455077704033e-01 -9.720000000000208473e+00 4.000000000000000000e+02 -2.632742526149000062e-01 -1.597598853930646534e+01 1.449999999999999956e+00
-6.638357542888333462e+00 1.262945371646495285e-01 -9.722500000000207976e+00 4.000000000000000000e+02 -2.630690767339000646e-01 -1.597828336342546685e+01 1.314999999999999947e+00
-6.638269700794352524e+00 1.263110512123153117e-01 -9.725000000000207478e+00 4.000000000000000000e+02 -2.629646321090630123e-01 -1.598067891880062596e+01 6.550000000000000266e-01
-6.638182076567011869e+00 1.263105230078258034e-01 -9.727500000000206981e+00 4.000000000000000000e+02 -2.628969391084798324e-01 -1.598311122580004451e+01 3.750000000000000000e-01
-6.638094672859084611e+00 1.263394544312622658e-01 -9.730000000000206484e+00 4.000000000000000000e+02 -2.624971435659527175e-01 -1.598521143025751634e+01 2.149999999999999967e-01
-6.638007460138905635e+00 1.263261732520597758e-01 -9.732500000000205986e+00 4.000000000000000000e+02 -2.622400704059421606e-01 -1.598745435709750673e+01 3.699999999999999956e-01
-6.637920450391126437e+00 1.264004678811848914e-01 -9.735000000000205489e+00 4.000000000000000000e+02 -2.620941272924229293e-01 -1.598980841398398489e+01 2.000000000000000000e+00
-6.637833652771706561e+00 1.264094406961166206e-01 -9.737500000000204992e+00 4.000000000000000000e+02 -2.615179149848563256e-01 -1.599173220167642029e+01 4.000000000000000222e-01
-6.637747029483435313e+00 1.264377780993222455e-01 -9.740000000000204494e+00 4.000000000000000000e+02 -2.604992600053781526e-01 -1.599321354669693918e+01 6.700000000000000400e-01
-6.637660541905439082e+00 1.264453570541953786e-01 -9.742500000000203997e+00 4.000000000000000000e+02 -2.600382147705960767e-01 -1.599525250146215782e+01 1.784999999999999920e+00
-6.637574237948663303e+00 1.263891302292013408e-01 -9.745000000000203499e+00 4.000000000000000000e+02 -2.600359730876458664e-01 -1.599775025977920606e+01 1.049999999999999961e-01
-6.637488156709206777e+00 1.263860196104416578e-01 -9.747500000000203002e+00 4.000000000000000000e+02 -2.600137919522106378e-01 -1.600022807864377228e+01 1.090000000000000080e+00
-6.637402295881297043e+00 1.264243046935613346e-01 -9.750000000000202505e+00 4.000000000000000000e+02 -2.598877574306134308e-01 -1.600260204412217391e+01 5.050000000000000044e-01
-6.637316645987528574e+00 1.263588600324009326e-01 -9.752500000000202007e+00 4.000000000000000000e+02 -2.598570233821902997e-01 -1.600507131007374895e+01 8.199999999999999512e-01
-6.637231214633390053e+00 1.263146075438783544e-01 -9.755000000000201510e+00 4.000000000000000000e+02 -2.595443832912373572e-01 -1.600725866998279656e+01 1.304999999999999938e+00
-6.637145977218136927e+00 1.262619676845098959e-01 -9.757500000000201013e+00 4.000000000000000000e+02 -2.590191743643689426e-01 -1.600923346105592771e+01 5.999999999999999778e-02
-6.637060915206189904e+00 1.262180692751881661e-01 -9.760000000000200515e+00 4.000000000000000000e+02 -2.590049093787953338e-01 -1.601171919607035221e+01 1.264999999999999902e+00
-6.636976071581298875e+00 1.262109502170271069e-01 -9.762500000000200018e+00 4.000000000000000000e+02 -2.589422264082224534e-01 -1.601415651309978117e+01 5.500000000000000028e-02
-6.636891441666985969e+00 1.262111817784304091e-01 -9.765000000000199520e+00 4.000000000000000000e+02 -2.589270554221651532e-01 -1.601664134211372215e+01 1.060000000000000053e+00
-6.636807028917466766e+00 1.262090410165129239e-01 -9.767500000000199023e+00 4.000000000000000000e+02 -2.573489875392576676e-01 -1.601756327423081316e+01 9.000000000000000222e-01
-6.636722701069976083e+00 1.261828466114179592e-01 -9.770000000000198526e+00 4.000000000000000000e+02 -2.572688387047404879e-01 -1.601998312539629410e+01 7.399999999999999911e-01
-6.636638584121454798e+00 1.261660099525295231e-01 -9.772500000000198028e+00 4.000000000000000000e+02 -2.571601668255178996e-01 -1.602237445351707379e+01 1.094999999999999973e+00
-6.636554675133579551e+00 1.261448412764461513e-01 -9.775000000000197531e+00 4.000000000000000000e+02 -2.566321968378332263e-01 -1.602434648352938851e+01 1.500000000000000000e+00
-6.636470938473034487e+00 1.261443211772826367e-01 -9.777500000000197034e+00 4.000000000000000000e+02 -2.560499010643381146e-01 -1.602626418775589201e+01 4.199999999999999845e-01
-6.636387369231867339e+00 1.261378500058527863e-01 -9.780000000000196536e+00 4.000000000000000000e+02 -2.555646281332752956e-01 -1.602827891482482769e+01 1.625000000000000000e+00
-6.636303975152583412e+00 1.261291988206683368e-01 -9.782500000000196039e+00 4.000000000000000000e+02 -2.554002255117566178e-01 -1.603061451220331080e+01 1.584999999999999964e+00
-6.636220782550689812e+00 1.261313946126922936e-01 -9.785000000000195541e+00 4.000000000000000000e+02 -2.545769099791891366e-01 -1.603229119667074087e+01 6.899999999999999467e-01
-6.636137736222719852e+00 1.261579313197483398e-01 -9.787500000000195044e+00 4.000000000000000000e+02 -2.544254569445729142e-01 -1.603463974363612721e+01 1.695000000000000062e+00
-6.636054891575977166e+00 1.261631952131380408e-01 -9.790000000000194547e+00 4.000000000000000000e+02 -2.541917920403893305e-01 -1.603690607873193841e+01 1.030000000000000027e+00
-6.635972241309750608e+00 1.261581164682747946e-01 -9.792500000000194049e+00 4.000000000000000000e+02 -2.541527927138633736e-01 -1.603936707940541595e+01 1.300000000000000044e-01
-6.635889801001143340e+00 1.261496357746721142e-01 -9.795000000000193552e+00 4.000000000000000000e+02 -2.538135279077305406e-01 -1.604152781459928079e+01 1.629999999999999893e+00
-6.635807545405762120e+00 1.262163069803210191e-01 -9.797500000000193054e+00 4.000000000000000000e+02 -2.528545579036260427e-01 -1.604306884459517590e+01 1.860000000000000098e+00
-6.635725423220909747e+00 1.261890435008648503e-01 -9.800000000000192557e+00 4.000000000000000000e+02 -2.525522786684883392e-01 -1.604526656536003770e+01 1.629999999999999893e+00
-6.635643488040820159e+00 1.261400617482611730e-01 -9.802500000000192060e+00 4.000000000000000000e+02 -2.525360300280087289e-01 -1.604775031671955787e+01 1.939999999999999947e+00
-6.635561762802691277e+00 1.261944027189557949e-01 -9.805000000000191562e+00 4.000000000000000000e+02 -2.523008047819536026e-01 -1.605001509147350092e+01 1.675000000000000044e+00
-6.635480229100208405e+00 1.261991541319441024e-01 -9.807500000000191065e+00 4.000000000000000000e+02 -2.521858794526563585e-01 -1.605240016614420639e+01 1.925000000000000044e+00
-6.635398896253442480e+00 1.261580840790589020e-01 -9.810000000000190568e+00 4.000000000000000000e+02 -2.519202417778576564e-01 -1.605463452846940342e+01 1.739999999999999991e+00
-6.635317751523221119e+00 1.262020015546879426e-01 -9.812500000000190070e+00 4.000000000000000000e+02 -2.517588677085763615e-01 -1.605697315440012574e+01 5.350000000000000311e-01
-6.635236802899329156e+00 1.261963131395380244e-01 -9.815000000000189573e+00 4.000000000000000000e+02 -2.513215782967705980e-01 -1.605903586498831714e+01 6.700000000000000400e-01
-6.635156027608841711e+00 1.261358255106495296e-01 -9.817500000000189075e+00 4.000000000000000000e+02 -2.512952114040389873e-01 -1.606150949809558526e+01 1.324999999999999956e+00
-6.635075458379827928e+00 1.261553700665842825e-01 -9.820000000000188578e+00 4.000000000000000000e+02 -2.512920381710919693e-01 -1.606400632486263547e+01 9.749999999999999778e-01
-6.634995096533909731e+00 1.261838295641408703e-01 -9.822500000000188081e+00 4.000000000000000000e+02 -2.512300576381487627e-01 -1.606644434432969604e+01 1.445000000000000062e+00
-6.634914936807038366e+00 1.262037424738026437e-01 -9.825000000000187583e+00 4.000000000000000000e+02 -2.506835773313745297e-01 -1.606839786402291992e+01 1.195000000000000062e+00
-6.634834939927188202e+00 1.261558524183246932e-01 -9.827500000000187086e+00 4.000000000000000000e+02 -2.504734922653865103e-01 -1.607068777895693046e+01 1.925000000000000044e+00
-6.634755132400859345e+00 1.261165152454020444e-01 -9.830000000000186589e+00 4.000000000000000000e+02 -2.499514895698729811e-01 -1.607266577626141668e+01 1.400000000000000133e-01
-6.634675488927451958e+00 1.261102091934891978e-01 -9.832500000000186091e+00 4.000000000000000000e+02 -2.488466377537094099e-01 -1.607406092444525214e+01 4.249999999999999889e-01
-6.634595962820337256e+00 1.260970388449830781e-01 -9.835000000000185594e+00 4.000000000000000000e+02 -2.485996739135068745e-01 -1.607631396060504869e+01 6.149999999999999911e-01
-6.634516621989292595e+00 1.260342075000923101e-01 -9.837500000000185096e+00 4.000000000000000000e+02 -2.485140596499915977e-01 -1.607872834634153492e+01 1.135000000000000009e+00
-6.634437478758274942e+00 1.260287363857644227e-01 -9.840000000000184599e+00 4.000000000000000000e+02 -2.483759465214656903e-01 -1.608109023321300768e+01 1.514999999999999902e+00
-6.634358528475048367e+00 1.260593901315725518e-01 -9.842500000000184102e+00 4.000000000000000000e+02 -2.482969449447498811e-01 -1.608351123163629381e+01 2.099999999999999922e-01
-6.634279775309214422e+00 1.260489240127230237e-01 -9.845000000000183604e+00 4.000000000000000000e+02 -2.478022764323664084e-01 -1.608551656312390676e+01 3.200000000000000067e-01
-6.634201186094292879e+00 1.260175944371427492e-01 -9.847500000000183107e+00 4.000000000000000000e+02 -2.477779584460481632e-01 -1.608799224513758830e+01 1.084999999999999964e+00
-6.634122797353532164e+00 1.260092359142911678e-01 -9.850000000000182609e+00 4.000000000000000000e+02 -2.464713372407186520e-01 -1.608918562393225926e+01 1.094999999999999973e+00
-6.634044508237761484e+00 1.261236293299121125e-01 -9.852500000000182112e+00 4.000000000000000000e+02 -2.455278737599309036e-01 -1.609074216045146954e+01 2.250000000000000056e-01
-6.633966347001483577e+00 1.260966766574975473e-01 -9.855000000000181615e+00 4.000000000000000000e+02 -2.452604843980705773e-01 -1.609297477108960805e+01 8.549999999999999822e-01
-6.633888366162441486e+00 1.260697920648547465e-01 -9.857500000000181117e+00 4.000000000000000000e+02 -2.452263944805901374e-01 -1.609544068117212845e+01 1.689999999999999947e+00
-6.633810583438334518e+00 1.260353458735991583e-01 -9.860000000000180620e+00 4.000000000000000000e+02 -2.451737405529724467e-01 -1.609788802724450818e+01 8.699999999999999956e-01
-6.633732996870241649e+00 1.259907192157008193e-01 -9.862500000000180123e+00 4.000000000000000000e+02 -2.441154517233059262e-01 -1.609932973841484483e+01 9.499999999999999556e-01
-6.633655528085183661e+00 1.259673493198676386e-01 -9.865000000000179625e+00 4.000000000000000000e+02 -2.439296492633032942e-01 -1.610164393595484000e+01 5.050000000000000044e-01
-6.633578244351072684e+00 1.259411542632243031e-01 -9.867500000000179128e+00 4.000000000000000000e+02 -2.435508958356821241e-01 -1.610376518252721922e+01 2.700000000000000178e-01
-6.633501130334409801e+00 1.259249023592836358e-01 -9.870000000000178630e+00 4.000000000000000000e+02 -2.433231092959911857e-01 -1.610603739598752782e+01 1.544999999999999929e+00
-6.633424197264221611e+00 1.259573610027980295e-01 -9.872500000000178133e+00 4.000000000000000000e+02 -2.431475207783302395e-01 -1.610836180746986557e+01 1.219999999999999973e+00
-6.633347448708123650e+00 1.259878948297002976e-01 -9.875000000000177636e+00 4.000000000000000000e+02 -2.431183699640986351e-01 -1.611083265665563147e+01 1.939999999999999947e+00
-6.633270895420151803e+00 1.260255373856373207e-01 -9.877500000000177138e+00 4.000000000000000000e+02 -2.427551903284389523e-01 -1.611296947701997340e+01 1.344999999999999973e+00
-6.633194511379366887e+00 1.260258550550528156e-01 -9.880000000000176641e+00 4.000000000000000000e+02 -2.427336133993795442e-01 -1.611544790009091344e+01 1.110000000000000098e+00
-6.633118322228579444e+00 1.259994141785207578e-01 -9.882500000000176144e+00 4.000000000000000000e+02 -2.426408047925385780e-01 -1.611785509148407414e+01 3.549999999999999822e-01
-6.633042322042524752e+00 1.259580710089540645e-01 -9.885000000000175646e+00 4.000000000000000000e+02 -2.421878685920884344e-01 -1.611990215528362214e+01 1.155000000000000027e+00
-6.632966483032455507e+00 1.259633238084658657e-01 -9.887500000000175149e+00 4.000000000000000000e+02 -2.420781719638792073e-01 -1.612229245865541216e+01 1.629999999999999893e+00
-6.632890830814686112e+00 1.259379440522128135e-01 -9.890000000000174651e+00 4.000000000000000000e+02 -2.420754948531624595e-01 -1.612478978154469189e+01 6.850000000000000533e-01
-6.632815372990653380e+00 1.259120100085242000e-01 -9.892500000000174154e+00 4.000000000000000000e+02 -2.420602572942407715e-01 -1.612727454398577365e+01 1.754999999999999893e+00
-6.632740108100918519e+00 1.259187449694838257e-01 -9.895000000000173657e+00 4.000000000000000000e+02 -2.420376923524444890e-01 -1.612975197904397362e+01 1.620000000000000107e+00
-6.632665035087645933e+00 1.259211767871649401e-01 -9.897500000000173159e+00 4.000000000000000000e+02 -2.418413382096299413e-01 -1.613205562490115952e+01 1.554999999999999938e+00
-6.632590140433062942e+00 1.259350104219168764e-01 -9.900000000000172662e+00 4.000000000000000000e+02 -2.418290606107471596e-01 -1.613454334730227657e+01 1.475000000000000089e+00
-6.632515437451933060e+00 1.259104926697161286e-01 -9.902500000000172165e+00 4.000000000000000000e+02 -2.415993845016043140e-01 -1.613681367119313492e+01 1.655000000000000027e+00
-6.632440909439540455e+00 1.259201891609169899e-01 -9.905000000000171667e+00 4.000000000000000000e+02 -2.408973910902984794e-01 -1.613861167778182804e+01 1.439999999999999947e+00
-6.632366520847663871e+00 1.259460985165154756e-01 -9.907500000000171170e+00 4.000000000000000000e+02 -2.407712876278337299e-01 -1.614098557431936243e+01 1.469999999999999973e+00
-6.632292314150756596e+00 1.259553844882425611e-01 -9.910000000000170672e+00 4.000000000000000000e+02 -2.406871200712417946e-01 -1.614340140676277002e+01 1.425000000000000044e+00
-6.632218291994738557e+00 1.259560136249087414e-01 -9.912500000000170175e+00 4.000000000000000000e+02 -2.405220864233328371e-01 -1.614573637311486110e+01 1.400000000000000133e-01
-6.632144447936056508e+00 1.260147989591552942e-01 -9.915000000000169678e+00 4.000000000000000000e+02 -2.405122836540640185e-01 -1.614822657034558873e+01 1.919999999999999929e+00
-6.632070792967096118e+00 1.259521625538003176e-01 -9.917500000000169180e+00 4.000000000000000000e+02 -2.404978800457094057e-01 -1.615071216673723598e+01 7.500000000000000000e-01
-6.631997326251794611e+00 1.259731614258525756e-01 -9.920000000000168683e+00 4.000000000000000000e+02 -2.402919379456846805e-01 -1.615300622463720970e+01 7.199999999999999734e-01
-6.631924033258648876e+00 1.259615281912220275e-01 -9.922500000000168185e+00 4.000000000000000000e+02 -2.399973377884135617e-01 -1.615521162447993930e+01 1.629999999999999893e+00
-6.631850907081481949e+00 1.259949057642892334e-01 -9.925000000000167688e+00 4.000000000000000000e+02 -2.396438509857133081e-01 -1.615735813767723883e+01 9.949999999999999956e-01
-6.631777943032136413e+00 1.259589423707965505e-01 -9.927500000000167191e+00 4.000000000000000000e+02 -2.395854037288401850e-01 -1.615979969042036402e+01 2.949999999999999845e-01
-6.631705162214974969e+00 1.259654352601063676e-01 -9.930000000000166693e+00 4.000000000000000000e+02 -2.391619118600050165e-01 -1.616187619855152846e+01 1.584999999999999964e+00
-6.631632537651162451e+00 1.259963529268396387e-01 -9.932500000000166196e+00 4.000000000000000000e+02 -2.383824194764913862e-01 -1.616359670616801480e+01 1.274999999999999911e+00
-6.631560043191390363e+00 1.260256135411580436e-01 -9.935000000000165699e+00 4.000000000000000000e+02 -2.377429918142838494e-01 -1.616545727850580505e+01 9.000000000000000222e-01
-6.631487688727827567e+00 1.260443159509959110e-01 -9.937500000000165201e+00 4.000000000000000000e+02 -2.374864172888008496e-01 -1.616770070398032288e+01 8.950000000000000178e-01
-6.631415501621376052e+00 1.260987560706547106e-01 -9.940000000000164704e+00 4.000000000000000000e+02 -2.372337774580150216e-01 -1.616994806414953700e+01 7.149999999999999689e-01
-6.631343481756264424e+00 1.261140407897652083e-01 -9.942500000000164206e+00 4.000000000000000000e+02 -2.365520637777346336e-01 -1.617176635046925526e+01 1.584999999999999964e+00
-6.631271597897269388e+00 1.261109015763128560e-01 -9.945000000000163709e+00 4.000000000000000000e+02 -2.363840491844343972e-01 -1.617409833587595358e+01 5.600000000000000533e-01
-6.631199886623957873e+00 1.260836217749590482e-01 -9.947500000000163212e+00 4.000000000000000000e+02 -2.363645589157634397e-01 -1.617657884560728476e+01 1.820000000000000062e+00
-6.631128358133768330e+00 1.260859913422224532e-01 -9.950000000000162714e+00 4.000000000000000000e+02 -2.363174396289531021e-01 -1.617903172632047060e+01 7.950000000000000400e-01
-6.631057009976603744e+00 1.260852109383232555e-01 -9.952500000000162217e+00 4.000000000000000000e+02 -2.356964331257695999e-01 -1.618091071981729101e+01 2.000000000000000042e-02
-6.630985800832162269e+00 1.261234832273029904e-01 -9.955000000000161720e+00 4.000000000000000000e+02 -2.354481580216888914e-01 -1.618316244471320786e+01 1.120000000000000107e+00
-6.630914756904022767e+00 1.261704910828110593e-01 -9.957500000000161222e+00 4.000000000000000000e+02 -2.354314292479154636e-01 -1.618564571593943313e+01 3.499999999999999778e-01
-6.630843894206477351e+00 1.261746359217486846e-01 -9.960000000000160725e+00 4.000000000000000000e+02 -2.352464305609914264e-01 -1.618796071725250840e+01 1.639999999999999902e+00
-6.630773200370195575e+00 1.261604816704008925e-01 -9.962500000000160227e+00 4.000000000000000000e+02 -2.352322125595774360e-01 -1.619044649925109525e+01 1.549999999999999989e-01
-6.630702687023819486e+00 1.262093559056542691e-01 -9.965000000000159730e+00 4.000000000000000000e+02 -2.352107984261531393e-01 -1.619292508511766826e+01 1.014999999999999902e+00
-6.630632353187746020e+00 1.262112618113891416e-01 -9.967500000000159233e+00 4.000000000000000000e+02 -2.348827197460894856e-01 -1.619509700643760652e+01 1.250000000000000000e+00
-6.630562176875875124e+00 1.262181818233950870e-01 -9.970000000000158735e+00 4.000000000000000000e+02 -2.346900270797395438e-01 -1.619740431377125489e+01 2.999999999999999889e-02
-6.630492167203028586e+00 1.262365219177112308e-01 -9.972500000000158238e+00 4.000000000000000000e+02 -2.345864791590402954e-01 -1.619980076585055784e+01 1.364999999999999991e+00
-6.630422329987565533e+00 1.262259229384982695e-01 -9.975000000000157740e+00 4.000000000000000000e+02 -2.339798892107467776e-01 -1.620169417590226146e+01 8.900000000000000133e-01
-6.630352629740551507e+00 1.262216523585860672e-01 -9.977500000000157243e+00 4.000000000000000000e+02 -2.338146166856581165e-01 -1.620402890337717494e+01 7.499999999999999722e-02
-6.630283096875607463e+00 1.262563977783351943e-01 -9.980000000000156746e+00 4.000000000000000000e+02 -2.331277380731688886e-01 -1.620584202476468150e+01 4.050000000000000266e-01
-6.630213694789320655e+00 1.262907115997975449e-01 -9.982500000000156248e+00 4.000000000000000000e+02 -2.328053900087648231e-01 -1.620801967670027821e+01 1.235000000000000098e+00
-6.630144448472794494e+00 1.262747418777996067e-01 -9.985000000000155751e+00 4.000000000000000000e+02 -2.326558129663980068e-01 -1.621037009965791142e+01 1.965000000000000080e+00
-6.630075369501124527e+00 1.263309328758590033e-01 -9.987500000000155254e+00 4.000000000000000000e+02 -2.326084617157629930e-01 -1.621282274840727666e+01 3.449999999999999734e-01
-6.630006464502362640e+00 1.263023749714740074e-01 -9.990000000000154756e+00 4.000000000000000000e+02 -2.312636795514920185e-01 -1.621397796624300369e+01 1.764999999999999902e+00
-6.629937643797276792e+00 1.263563286235129812e-01 -9.992500000000154259e+00 4.000000000000000000e+02 -2.308069219685216500e-01 -1.621602120866003460e+01 1.750000000000000000e+00
-6.629868968287488507e+00 1.263551542961161289e-01 -9.995000000000153761e+00 4.000000000000000000e+02 -2.307712699587286809e-01 -1.621848555665023994e+01 1.169999999999999929e+00
-6.629800466508298129e+00 1.263747777012116935e-01 -9.997500000000153264e+00 4.000000000000000000e+02 -2.303732083693681709e-01 -1.622058749506087949e+01 1.549999999999999989e-01
-6.629732113241813884e+00 1.263641976046072091e-01 -1.000000000000015277e+01 4.000000000000000000e+02 -2.303243395570033214e-01 -1.622303862624851334e+01 1.645000000000000018e+00
-6.629663931967693991e+00 1.263699056675384180e-01 -1.000250000000015227e+01 4.000000000000000000e+02 -2.296002842462756821e-01 -1.622481457093778445e+01 1.445000000000000062e+00
-6.629595876308292723e+00 1.263736794241243078e-01 -1.000500000000015177e+01 4.000000000000000000e+02 -2.293876749742643217e-01 -1.622710196166577390e+01 4.000000000000000083e-02
-6.629527980756271255e+00 1.264661800987967877e-01 -1.000750000000015127e+01 4.000000000000000000e+02 -2.291601806280200715e-01 -1.622937446731953059e+01 9.899999999999999911e-01
-6.629460243915902495e+00 1.264530938081681877e-01 -1.001000000000015078e+01 4.000000000000000000e+02 -2.289893490592703751e-01 -1.623170363575077602e+01 1.860000000000000098e+00
-6.629392669234420943e+00 1.264506802136561581e-01 -1.001250000000015028e+01 4.000000000000000000e+02 -2.288051736463515284e-01 -1.623401946033785848e+01 1.449999999999999956e+00
-6.629325255413183626e+00 1.264603636579396395e-01 -1.001500000000014978e+01 4.000000000000000000e+02 -2.281122059595174500e-01 -1.623582649265102518e+01 1.639999999999999902e+00
-6.629257967832918652e+00 1.264515322869221026e-01 -1.001750000000014929e+01 4.000000000000000000e+02 -2.277170214891461042e-01 -1.623793130818065222e+01 1.050000000000000044e+00
-6.629190826244697909e+00 1.264427722217758565e-01 -1.002000000000014879e+01 4.000000000000000000e+02 -2.275649432294153118e-01 -1.624027922992091888e+01 1.635000000000000009e+00
-6.629123846606595372e+00 1.264748693382869715e-01 -1.002250000000014829e+01 4.000000000000000000e+02 -2.271234627902863623e-01 -1.624233774948179132e+01 1.749999999999999889e-01
-6.629057009177715898e+00 1.264721760611149104e-01 -1.002500000000014779e+01 4.000000000000000000e+02 -2.270175255921294821e-01 -1.624473181228363217e+01 1.294999999999999929e+00
-6.628990336021385765e+00 1.264597141923732571e-01 -1.002750000000014730e+01 4.000000000000000000e+02 -2.267132089352813240e-01 -1.624692749562678529e+01 2.200000000000000011e-01
-6.628923813527996423e+00 1.264720990495905861e-01 -1.003000000000014680e+01 4.000000000000000000e+02 -2.266698386085332917e-01 -1.624938412530003617e+01 1.739999999999999991e+00
-6.628857458663845570e+00 1.264262016068324612e-01 -1.003250000000014630e+01 4.000000000000000000e+02 -2.265699242723853146e-01 -1.625178421096389059e+01 1.774999999999999911e+00
-6.628791267252948316e+00 1.264035525748158917e-01 -1.003500000000014580e+01 4.000000000000000000e+02 -2.265439830684918832e-01 -1.625425826975999399e+01 1.189999999999999947e+00
-6.628725243765870800e+00 1.263969946847275927e-01 -1.003750000000014531e+01 4.000000000000000000e+02 -2.258434224307445115e-01 -1.625605770912224912e+01 9.699999999999999734e-01
-6.628659343324293296e+00 1.263998553259708391e-01 -1.004000000000014481e+01 4.000000000000000000e+02 -2.247390550794453046e-01 -1.625745334177094747e+01 1.304999999999999938e+00
-6.628593539124874923e+00 1.263684035381823501e-01 -1.004250000000014431e+01 4.000000000000000000e+02 -2.246134482837211233e-01 -1.625982773497522516e+01 1.104999999999999982e+00
-6.628527895299670902e+00 1.263767759990230277e-01 -1.004500000000014381e+01 4.000000000000000000e+02 -2.245463570787740171e-01 -1.626226064377027569e+01 1.600000000000000033e-01
-6.628462415278926656e+00 1.263502415622795583e-01 -1.004750000000014332e+01 4.000000000000000000e+02 -2.245170849625826859e-01 -1.626473137165408289e+01 1.885000000000000009e+00
-6.628397101113295165e+00 1.263072446628445977e-01 -1.005000000000014282e+01 4.000000000000000000e+02 -2.244881405787285678e-01 -1.626720242727022736e+01 9.649999999999999689e-01
-6.628331952393239135e+00 1.263054956567488951e-01 -1.005250000000014232e+01 4.000000000000000000e+02 -2.242892678260951234e-01 -1.626950355451759478e+01 1.669999999999999929e+00
-6.628266957645781332e+00 1.263114765667184836e-01 -1.005500000000014182e+01 4.000000000000000000e+02 -2.240842390814713203e-01 -1.627179852577296870e+01 3.350000000000000200e-01
-6.628202116097900998e+00 1.263336449880440304e-01 -1.005750000000014133e+01 4.000000000000000000e+02 -2.240792554873748954e-01 -1.627429354217887436e+01 4.650000000000000244e-01
-6.628137440317543927e+00 1.263186958181624353e-01 -1.006000000000014083e+01 4.000000000000000000e+02 -2.239090445932179763e-01 -1.627662333128471417e+01 9.350000000000000533e-01
-6.628072919210821645e+00 1.262953060843528819e-01 -1.006250000000014033e+01 4.000000000000000000e+02 -2.236629683025177784e-01 -1.627887725499401483e+01 8.299999999999999600e-01
-6.628008547514643745e+00 1.262668292598931596e-01 -1.006500000000013983e+01 4.000000000000000000e+02 -2.236354493736765481e-01 -1.628134973606517377e+01 1.189999999999999947e+00
-6.627944338907784783e+00 1.262814488382978939e-01 -1.006750000000013934e+01 4.000000000000000000e+02 -2.235076502804387300e-01 -1.628372193697193637e+01 1.959999999999999964e+00
-6.627880286543962995e+00 1.262657933002361288e-01 -1.007000000000013884e+01 4.000000000000000000e+02 -2.233504169059669087e-01 -1.628606470359746083e+01 1.564999999999999947e+00
-6.627816388152295346e+00 1.262136438284001960e-01 -1.007250000000013834e+01 4.000000000000000000e+02 -2.231282203595233160e-01 -1.628834250705101994e+01 9.849999999999999867e-01
-6.627752639211786700e+00 1.262361609000816065e-01 -1.007500000000013785e+01 4.000000000000000000e+02 -2.226439413824252422e-01 -1.629035822807392009e+01 9.749999999999999778e-01
-6.627689022693337151e+00 1.262441529687294006e-01 -1.007750000000013735e+01 4.000000000000000000e+02 -2.222405628092353480e-01 -1.629245484950073219e+01 8.199999999999999512e-01
-6.627625543449017442e+00 1.262776979726570048e-01 -1.008000000000013685e+01 4.000000000000000000e+02 -2.216019505364917874e-01 -1.629431623722798506e+01 1.530000000000000027e+00
-6.627562186272407452e+00 1.262568741601808320e-01 -1.008250000000013635e+01 4.000000000000000000e+02 -2.215338465081841401e-01 -1.629674813319967797e+01 1.780000000000000027e+00
-6.627498986985926877e+00 1.262223765933905562e-01 -1.008500000000013586e+01 4.000000000000000000e+02 -2.215149272239456679e-01 -1.629922921391543866e+01 1.139999999999999902e+00
-6.627435948286683143e+00 1.262171824928383090e-01 -1.008750000000013536e+01 4.000000000000000000e+02 -2.211107494003143326e-01 -1.630132503609180716e+01 2.300000000000000100e-01
-6.627373045528148765e+00 1.261958471258096126e-01 -1.009000000000013486e+01 4.000000000000000000e+02 -2.210389998801361444e-01 -1.630375328657162726e+01 4.699999999999999734e-01
-6.627310299270094518e+00 1.262089484119917338e-01 -1.009250000000013436e+01 4.000000000000000000e+02 -2.208519802974201751e-01 -1.630606626698891404e+01 6.450000000000000178e-01
-6.627247701898407506e+00 1.262030092062011166e-01 -1.009500000000013387e+01 4.000000000000000000e+02 -2.208399849408521354e-01 -1.630855427163234239e+01 7.700000000000000178e-01
-6.627185263979281871e+00 1.261186502653418584e-01 -1.009750000000013337e+01 4.000000000000000000e+02 -2.206343698784523077e-01 -1.631084865656994509e+01 1.114999999999999991e+00
-6.627122973037420373e+00 1.261005854190487274e-01 -1.010000000000013287e+01 4.000000000000000000e+02 -2.205146027241297046e-01 -1.631322888941561899e+01 9.499999999999999556e-01
-6.627060834052284299e+00 1.260844559123466269e-01 -1.010250000000013237e+01 4.000000000000000000e+02 -2.203521525951226412e-01 -1.631556643928661288e+01 1.700000000000000122e-01
-6.626998843997991884e+00 1.261106005261078966e-01 -1.010500000000013188e+01 4.000000000000000000e+02 -2.201157324280293148e-01 -1.631783001911951914e+01 1.725000000000000089e+00
-6.626936997933950302e+00 1.261290731955978794e-01 -1.010750000000013138e+01 4.000000000000000000e+02 -2.200692679475119151e-01 -1.632028355463900127e+01 1.899999999999999911e+00
-6.626875307236076651e+00 1.261246388874275870e-01 -1.011000000000013088e+01 4.000000000000000000e+02 -2.200603910218522086e-01 -1.632277467771334045e+01 1.564999999999999947e+00
-6.626813773817382902e+00 1.261112073054270755e-01 -1.011250000000013038e+01 4.000000000000000000e+02 -2.196942173769931839e-01 -1.632490850406848182e+01 7.600000000000000089e-01
-6.626752375334364231e+00 1.260748360906982501e-01 -1.011500000000012989e+01 4.000000000000000000e+02 -2.195177431971537252e-01 -1.632723202988864131e+01 9.300000000000000488e-01
-6.626691123103126024e+00 1.260595554020354503e-01 -1.011750000000012939e+01 4.000000000000000000e+02 -2.194995830051963970e-01 -1.632971386969668259e+01 9.100000000000000311e-01
-6.626630026439296550e+00 1.260696885012909940e-01 -1.012000000000012889e+01 4.000000000000000000e+02 -2.192876034853102896e-01 -1.633200189017679449e+01 1.784999999999999920e+00
-6.626569073125874176e+00 1.260668311835687061e-01 -1.012250000000012840e+01 4.000000000000000000e+02 -2.190061557884636079e-01 -1.633422044247994975e+01 1.854999999999999982e+00
-6.626508258593410972e+00 1.260409936194026304e-01 -1.012500000000012790e+01 4.000000000000000000e+02 -2.188703559666199949e-01 -1.633658464265810295e+01 5.999999999999999778e-02
-6.626447591353944233e+00 1.260471066075769531e-01 -1.012750000000012740e+01 4.000000000000000000e+02 -2.187063530856219462e-01 -1.633892063977710762e+01 6.400000000000000133e-01
-6.626387069334995772e+00 1.260276916491029908e-01 -1.013000000000012690e+01 4.000000000000000000e+02 -2.186773245936494969e-01 -1.634139161128513251e+01 1.590000000000000080e+00
-6.626326700328765362e+00 1.260400520762803289e-01 -1.013250000000012641e+01 4.000000000000000000e+02 -2.179924378648820105e-01 -1.634320672455636725e+01 1.900000000000000022e-01
-6.626266444434022240e+00 1.260371211247960088e-01 -1.013500000000012591e+01 4.000000000000000000e+02 -2.177562899339049729e-01 -1.634547057662538805e+01 1.514999999999999902e+00
-6.626206328413670299e+00 1.260779771996301535e-01 -1.013750000000012541e+01 4.000000000000000000e+02 -2.177188473807581126e-01 -1.634793313407224247e+01 2.550000000000000044e-01
-6.626146363850741849e+00 1.260321351381031574e-01 -1.014000000000012491e+01 4.000000000000000000e+02 -2.176933329321304733e-01 -1.635040761962361344e+01 1.729999999999999982e+00
-6.626086551068040897e+00 1.260193266219950259e-01 -1.014250000000012442e+01 4.000000000000000000e+02 -2.172277598614201499e-01 -1.635244204655290190e+01 7.550000000000000044e-01
-6.626026863412837642e+00 1.260317970941833843e-01 -1.014500000000012392e+01 4.000000000000000000e+02 -2.172197140000022009e-01 -1.635493400069148251e+01 1.064999999999999947e+00
-6.625967327860477596e+00 1.260206228133316231e-01 -1.014750000000012342e+01 4.000000000000000000e+02 -2.169388172699910911e-01 -1.635715310396147260e+01 5.100000000000000089e-01
-6.625907927809671527e+00 1.260521485302915357e-01 -1.015000000000012292e+01 4.000000000000000000e+02 -2.166858863816330805e-01 -1.635940017307311223e+01 1.385000000000000009e+00
-6.625848664601319271e+00 1.260552193874042715e-01 -1.015250000000012243e+01 4.000000000000000000e+02 -2.166765129473068874e-01 -1.636189079963878612e+01 1.540000000000000036e+00
-6.625789552310656028e+00 1.260122772393196533e-01 -1.015500000000012193e+01 4.000000000000000000e+02 -2.165423189178648233e-01 -1.636425660560934148e+01 1.570000000000000062e+00
-6.625730583184588518e+00 1.260386474227054576e-01 -1.015750000000012143e+01 4.000000000000000000e+02 -2.164547769309493053e-01 -1.636666906362242813e+01 1.560000000000000053e+00
-6.625671759612195899e+00 1.260420140890379237e-01 -1.016000000000012093e+01 4.000000000000000000e+02 -2.149848457177691019e-01 -1.636769913240924623e+01 9.849999999999999867e-01
-6.625613000055600388e+00 1.260273875935309096e-01 -1.016250000000012044e+01 4.000000000000000000e+02 -2.148201823756175355e-01 -1.637003446906709669e+01 1.294999999999999929e+00
-6.625554381002657145e+00 1.260362425960017962e-01 -1.016500000000011994e+01 4.000000000000000000e+02 -2.146828344665669686e-01 -1.637239712115804480e+01 1.885000000000000009e+00
-6.625495903706500656e+00 1.260641797720566393e-01 -1.016750000000011944e+01 4.000000000000000000e+02 -2.145585743659441658e-01 -1.637477286105742280e+01 1.784999999999999920e+00
-6.625437568579526371e+00 1.260962008132196777e-01 -1.017000000000011894e+01 4.000000000000000000e+02 -2.145048400710143077e-01 -1.637721912676249048e+01 8.500000000000000611e-02
-6.625379379371698185e+00 1.260824821738560642e-01 -1.017250000000011845e+01 4.000000000000000000e+02 -2.144254441793435884e-01 -1.637963973087082081e+01 6.800000000000000488e-01
-6.625321334220086733e+00 1.260550577910141967e-01 -1.017500000000011795e+01 4.000000000000000000e+02 -2.141539069779219151e-01 -1.638186819366939773e+01 1.875000000000000000e+00
-6.625263421633719396e+00 1.260626527373299444e-01 -1.017750000000011745e+01 4.000000000000000000e+02 -2.141110598874390591e-01 -1.638432534657891537e+01 2.300000000000000100e-01
-6.625205654514086717e+00 1.260511856405092668e-01 -1.018000000000011696e+01 4.000000000000000000e+02 -2.139932817032989820e-01 -1.638670756839477249e+01 1.209999999999999964e+00
-6.625148028169711267e+00 1.260520654715888700e-01 -1.018250000000011646e+01 4.000000000000000000e+02 -2.137944993023876139e-01 -1.638900878599386246e+01 4.050000000000000266e-01
-6.625090537592791762e+00 1.260488307344060643e-01 -1.018500000000011596e+01 4.000000000000000000e+02 -2.136918520354140483e-01 -1.639140613872688590e+01 4.349999999999999978e-01
-6.625033187969103565e+00 1.260947280485366084e-01 -1.018750000000011546e+01 4.000000000000000000e+02 -2.136902352679670714e-01 -1.639390452195944192e+01 6.400000000000000133e-01
-6.624975984724408740e+00 1.260950394806500396e-01 -1.019000000000011497e+01 4.000000000000000000e+02 -2.131708792199650815e-01 -1.639588516591143730e+01 6.850000000000000533e-01
-6.624918897929164885e+00 1.260852430406450009e-01 -1.019250000000011447e+01 4.000000000000000000e+02 -2.130128345820986313e-01 -1.639822712127357107e+01 1.549999999999999989e-01
-6.624861947919506555e+00 1.260896970721183397e-01 -1.019500000000011397e+01 4.000000000000000000e+02 -2.130073454588004289e-01 -1.640072163215027246e+01 4.450000000000000067e-01
-6.624805143026235577e+00 1.260885995847985108e-01 -1.019750000000011347e+01 4.000000000000000000e+02 -2.129739722228221332e-01 -1.640318825891429455e+01 6.700000000000000400e-01
-6.624748481291468316e+00 1.261103651253478730e-01 -1.020000000000011298e+01 4.000000000000000000e+02 -2.129428779508323044e-01 -1.640565716464230306e+01 1.909999999999999920e+00
-6.624691962475139917e+00 1.260912575772926425e-01 -1.020250000000011248e+01 4.000000000000000000e+02 -2.129070169510089983e-01 -1.640812130364248134e+01 7.049999999999999600e-01
-6.624635585939995686e+00 1.260903014169428571e-01 -1.020500000000011198e+01 4.000000000000000000e+02 -2.127113530764915272e-01 -1.641042563976796131e+01 1.114999999999999991e+00
-6.624579342332944876e+00 1.260682475099763611e-01 -1.020750000000011148e+01 4.000000000000000000e+02 -2.126196706281987259e-01 -1.641283395731966976e+01 3.800000000000000044e-01
-6.624523237167146306e+00 1.261270010314023138e-01 -1.021000000000011099e+01 4.000000000000000000e+02 -2.123213490047062002e-01 -1.641503563569617441e+01 5.899999999999999689e-01
-6.624467258528233593e+00 1.260915807966607460e-01 -1.021250000000011049e+01 4.000000000000000000e+02 -2.121544586078859818e-01 -1.641736874529935619e+01 1.379999999999999893e+00
-6.624411413463869636e+00 1.261606360362952650e-01 -1.021500000000010999e+01 4.000000000000000000e+02 -2.119188238502340282e-01 -1.641963311054169949e+01 1.290000000000000036e+00
-6.624355697817993160e+00 1.261626908408569614e-01 -1.021750000000010949e+01 4.000000000000000000e+02 -2.118854046582642203e-01 -1.642209969134973235e+01 9.649999999999999689e-01
-6.624300122522511103e+00 1.261639164297958526e-01 -1.022000000000010900e+01 4.000000000000000000e+02 -2.114579984071688068e-01 -1.642417228509863492e+01 1.875000000000000000e+00
-6.624244665371612051e+00 1.261684059882010878e-01 -1.022250000000010850e+01 4.000000000000000000e+02 -2.113750337448995764e-01 -1.642658932043636710e+01 1.560000000000000053e+00
-6.624189345164943177e+00 1.262249293307928233e-01 -1.022500000000010800e+01 4.000000000000000000e+02 -2.111686148299791177e-01 -1.642888290152144393e+01 3.200000000000000067e-01
-6.624134154743907210e+00 1.262288912640796290e-01 -1.022750000000010751e+01 4.000000000000000000e+02 -2.110315183161549923e-01 -1.643124580500762022e+01 1.399999999999999911e+00
-6.624079097613598144e+00 1.262333954670357139e-01 -1.023000000000010701e+01 4.000000000000000000e+02 -2.109107643170731461e-01 -1.643362505100853710e+01 8.599999999999999867e-01
-6.624024174342360460e+00 1.262932633848224406e-01 -1.023250000000010651e+01 4.000000000000000000e+02 -2.109099269586548475e-01 -1.643612421365012111e+01 1.735000000000000098e+00
-6.623969391167049636e+00 1.262725622211968435e-01 -1.023500000000010601e+01 4.000000000000000000e+02 -2.104675851504050066e-01 -1.643818187184186641e+01 2.500000000000000139e-02
-6.623914723592678300e+00 1.262633795047553020e-01 -1.023750000000010552e+01 4.000000000000000000e+02 -2.104102719813215061e-01 -1.644062455867278416e+01 1.485000000000000098e+00
-6.623860192368563382e+00 1.262626798289960273e-01 -1.024000000000010502e+01 4.000000000000000000e+02 -2.103161982843970157e-01 -1.644303048497585706e+01 8.549999999999999822e-01
-6.623805795147638342e+00 1.262806099181086605e-01 -1.024250000000010452e+01 4.000000000000000000e+02 -2.103141480230371896e-01 -1.644552843471450032e+01 4.749999999999999778e-01
-6.623751536586499178e+00 1.262995988349505383e-01 -1.024500000000010402e+01 4.000000000000000000e+02 -2.102675088305635542e-01 -1.644798179552202555e+01 1.814999999999999947e+00
-6.623697413911050269e+00 1.263118609277894822e-01 -1.024750000000010353e+01 4.000000000000000000e+02 -2.102564972613260585e-01 -1.645047078395278817e+01 2.700000000000000178e-01
-6.623643428696999180e+00 1.262921902261827101e-01 -1.025000000000010303e+01 4.000000000000000000e+02 -2.101153654745307187e-01 -1.645282965216599180e+01 8.599999999999999867e-01
-6.623589573580833445e+00 1.262747956813190520e-01 -1.025250000000010253e+01 4.000000000000000000e+02 -2.095270194863717572e-01 -1.645474130617783359e+01 2.550000000000000044e-01
-6.623535824210589062e+00 1.262474145342920850e-01 -1.025500000000010203e+01 4.000000000000000000e+02 -2.094542988311177412e-01 -1.645716858552257733e+01 1.449999999999999900e-01
-6.623482208025214035e+00 1.262577856006002475e-01 -1.025750000000010154e+01 4.000000000000000000e+02 -2.094500733981480012e-01 -1.645966436008960798e+01 7.049999999999999600e-01
-6.623428728350708283e+00 1.262591570215246539e-01 -1.026000000000010104e+01 4.000000000000000000e+02 -2.089880267431357963e-01 -1.646170231343459278e+01 5.600000000000000533e-01
-6.623375360405496792e+00 1.262682196881945718e-01 -1.026250000000010054e+01 4.000000000000000000e+02 -2.087653343786730342e-01 -1.646397962107013058e+01 1.705000000000000071e+00
-6.623322116695508299e+00 1.263244343891656296e-01 -1.026500000000010004e+01 4.000000000000000000e+02 -2.080203156367807504e-01 -1.646573460232823649e+01 3.499999999999999778e-01
-6.623268969172577236e+00 1.263320713925311922e-01 -1.026750000000009955e+01 4.000000000000000000e+02 -2.080083197004135298e-01 -1.646822260639187263e+01 8.000000000000000167e-02
-6.623215956530529525e+00 1.263297954912814269e-01 -1.027000000000009905e+01 4.000000000000000000e+02 -2.079586550474706863e-01 -1.647067294173892549e+01 1.169999999999999929e+00
-6.623163076428098428e+00 1.263616800355879810e-01 -1.027250000000009855e+01 4.000000000000000000e+02 -2.073903735126694792e-01 -1.647260466020412650e+01 4.500000000000000111e-01
-6.623110301164607527e+00 1.263551276955883762e-01 -1.027500000000009805e+01 4.000000000000000000e+02 -2.073504134226570872e-01 -1.647506470011411039e+01 1.235000000000000098e+00
-6.623057658345635090e+00 1.263375407129961603e-01 -1.027750000000009756e+01 4.000000000000000000e+02 -2.070694603305214265e-01 -1.647728374702197840e+01 1.024999999999999911e+00
-6.623005134975946007e+00 1.263931936046235882e-01 -1.028000000000009706e+01 4.000000000000000000e+02 -2.064260304157612136e-01 -1.647914031710721616e+01 2.550000000000000044e-01
-6.622952711779999113e+00 1.264449192036937175e-01 -1.028250000000009656e+01 4.000000000000000000e+02 -2.063065053265486504e-01 -1.648152079201800291e+01 7.550000000000000044e-01
-6.622900415965995435e+00 1.264509025002452935e-01 -1.028500000000009607e+01 4.000000000000000000e+02 -2.062469852696530437e-01 -1.648396127196110683e+01 1.540000000000000036e+00
-6.622848250347986188e+00 1.264758564943674335e-01 -1.028750000000009557e+01 4.000000000000000000e+02 -2.061379320356745148e-01 -1.648635221872712719e+01 1.205000000000000071e+00
-6.622796212017576067e+00 1.264976029977793737e-01 -1.029000000000009507e+01 4.000000000000000000e+02 -2.061067194743858577e-01 -1.648882100616583557e+01 1.024999999999999911e+00
-6.622744304698128914e+00 1.265236540935406884e-01 -1.029250000000009457e+01 4.000000000000000000e+02 -2.060862161620816702e-01 -1.649130050285353377e+01 1.419999999999999929e+00
-6.622692528607509566e+00 1.265254431739438190e-01 -1.029500000000009408e+01 4.000000000000000000e+02 -2.057739344886927446e-01 -1.649348822118014368e+01 1.429999999999999938e+00
-6.622640868336424624e+00 1.265242570384217669e-01 -1.029750000000009358e+01 4.000000000000000000e+02 -2.057448779245231174e-01 -1.649595916461597511e+01 3.800000000000000044e-01
-6.622589338216144483e+00 1.265189239367348617e-01 -1.030000000000009308e+01 4.000000000000000000e+02 -2.056248648806879853e-01 -1.649833915157213582e+01 1.625000000000000000e+00
-6.622537933236808172e+00 1.264908995560359295e-01 -1.030250000000009258e+01 4.000000000000000000e+02 -2.055050281543560065e-01 -1.650071931484580645e+01 1.465000000000000080e+00
-6.622486653097143794e+00 1.264835525960929241e-01 -1.030500000000009209e+01 4.000000000000000000e+02 -2.054877315260354997e-01 -1.650320201821748256e+01 7.099999999999999645e-01
-6.622435502732690438e+00 1.264435216434197651e-01 -1.030750000000009159e+01 4.000000000000000000e+02 -2.049817714212534003e-01 -1.650519605811270196e+01 5.300000000000000266e-01
-6.622384456870894276e+00 1.264173183148850910e-01 -1.031000000000009109e+01 4.000000000000000000e+02 -2.049815999497009988e-01 -1.650769588664114806e+01 1.175000000000000044e+00
-6.622333541051433237e+00 1.264389711291753204e-01 -1.031250000000009059e+01 4.000000000000000000e+02 -2.048646073423370795e-01 -1.651007889403378570e+01 3.449999999999999734e-01
-6.622282749003334246e+00 1.264184411829572530e-01 -1.031500000000009010e+01 4.000000000000000000e+02 -2.047601383217336202e-01 -1.651247442501318119e+01 1.854999999999999982e+00
-6.622232081053989639e+00 1.264302075298475159e-01 -1.031750000000008960e+01 4.000000000000000000e+02 -2.046833537152183968e-01 -1.651489764040666586e+01 5.300000000000000266e-01
-6.622181538293158809e+00 1.264181014577231976e-01 -1.032000000000008910e+01 4.000000000000000000e+02 -2.046366666572457249e-01 -1.651735095334869285e+01 3.649999999999999911e-01
-6.622131121922619990e+00 1.264377877609706158e-01 -1.032250000000008860e+01 4.000000000000000000e+02 -2.039635701516805677e-01 -1.651917785684312889e+01 1.799999999999999933e-01
-6.622080800108569143e+00 1.264145543549749506e-01 -1.032500000000008811e+01 4.000000000000000000e+02 -2.039510799844038436e-01 -1.652166536667584751e+01 1.274999999999999911e+00
-6.622030605837696093e+00 1.264183489509178304e-01 -1.032750000000008761e+01 4.000000000000000000e+02 -2.038958367791401383e-01 -1.652411012347058517e+01 3.150000000000000022e-01
-6.621980536639846981e+00 1.264350133270042698e-01 -1.033000000000008711e+01 4.000000000000000000e+02 -2.031110611466358795e-01 -1.652582534783807944e+01 7.850000000000000311e-01
-6.621930555748654967e+00 1.264284409798346054e-01 -1.033250000000008662e+01 4.000000000000000000e+02 -2.025627335123527106e-01 -1.652777702020379635e+01 1.824999999999999956e+00
-6.621880674799323963e+00 1.264537244651532666e-01 -1.033500000000008612e+01 4.000000000000000000e+02 -2.023710546341667971e-01 -1.653008534132560925e+01 1.524999999999999911e+00
-6.621830911337839964e+00 1.264273006972511937e-01 -1.033750000000008562e+01 4.000000000000000000e+02 -2.017315001212086345e-01 -1.653194578681265270e+01 1.735000000000000098e+00
-6.621781242841873194e+00 1.264133884489367921e-01 -1.034000000000008512e+01 4.000000000000000000e+02 -2.016537647644258135e-01 -1.653436805145586774e+01 4.749999999999999778e-01
-6.621731696968446990e+00 1.264035925748974720e-01 -1.034250000000008463e+01 4.000000000000000000e+02 -2.012040462066712332e-01 -1.653641833289811558e+01 1.969999999999999973e+00
-6.621682255021075214e+00 1.264254434423213724e-01 -1.034500000000008413e+01 4.000000000000000000e+02 -2.011910888908458317e-01 -1.653890537558228502e+01 3.900000000000000133e-01
-6.621632938320440864e+00 1.264582102213247794e-01 -1.034750000000008363e+01 4.000000000000000000e+02 -2.010462551683494803e-01 -1.654126054185979200e+01 4.400000000000000022e-01
-6.621583740055610789e+00 1.264405355247959495e-01 -1.035000000000008313e+01 4.000000000000000000e+02 -2.006592094692392914e-01 -1.654337349616067954e+01 9.649999999999999689e-01
-6.621534648047411764e+00 1.264360820279025188e-01 -1.035250000000008264e+01 4.000000000000000000e+02 -2.005338028197859446e-01 -1.654574808951122833e+01 5.250000000000000222e-01
-6.621485674875811078e+00 1.264231289633171718e-01 -1.035500000000008214e+01 4.000000000000000000e+02 -2.001825280756158731e-01 -1.654789681476705354e+01 2.399999999999999911e-01
-6.621436809211664887e+00 1.264055574472473242e-01 -1.035750000000008164e+01 4.000000000000000000e+02 -2.000725872722501075e-01 -1.655028687396368881e+01 9.599999999999999645e-01
-6.621388062579083744e+00 1.264118251408423155e-01 -1.036000000000008114e+01 4.000000000000000000e+02 -2.000468326590101320e-01 -1.655276111935044625e+01 8.299999999999999600e-01
-6.621339438775863506e+00 1.264792097420269490e-01 -1.036250000000008065e+01 4.000000000000000000e+02 -1.997637292798163378e-01 -1.655497801597125473e+01 1.879999999999999893e+00
-6.621290925003505023e+00 1.264713303191351557e-01 -1.036500000000008015e+01 4.000000000000000000e+02 -1.997425517702916820e-01 -1.655745683846172867e+01 2.550000000000000044e-01
-6.621242533683990850e+00 1.264822636308199078e-01 -1.036750000000007965e+01 4.000000000000000000e+02 -1.996194712494123724e-01 -1.655983375794085077e+01 7.449999999999999956e-01
-6.621194259583430330e+00 1.264554940818393147e-01 -1.037000000000007915e+01 4.000000000000000000e+02 -1.992363500663121012e-01 -1.656195063675774648e+01 1.549999999999999989e-01
-6.621146089888094721e+00 1.264444854014595276e-01 -1.037250000000007866e+01 4.000000000000000000e+02 -1.986698227362205804e-01 -1.656388410942765788e+01 1.604999999999999982e+00
-6.621098015551059923e+00 1.264300393853499682e-01 -1.037500000000007816e+01 4.000000000000000000e+02 -1.986622378513244469e-01 -1.656637652454275766e+01 1.049999999999999961e-01
-6.621050063188439694e+00 1.264412664941388931e-01 -1.037750000000007766e+01 4.000000000000000000e+02 -1.985586583099908098e-01 -1.656877294500142739e+01 9.499999999999999556e-01
-6.621002227893331593e+00 1.264242839153698894e-01 -1.038000000000007716e+01 4.000000000000000000e+02 -1.984547814801612409e-01 -1.657116906817159574e+01 9.549999999999999600e-01
-6.620954509360169382e+00 1.264316757498810950e-01 -1.038250000000007667e+01 4.000000000000000000e+02 -1.984102409151615454e-01 -1.657362452760659721e+01 1.800000000000000044e+00
-6.620906910122774214e+00 1.264348601657834248e-01 -1.038500000000007617e+01 4.000000000000000000e+02 -1.980988919833625295e-01 -1.657581317867479598e+01 1.784999999999999920e+00
-6.620859417207734410e+00 1.264480886599481102e-01 -1.038750000000007567e+01 4.000000000000000000e+02 -1.980829309500996005e-01 -1.657829721764153419e+01 3.599999999999999867e-01
-6.620812044367624161e+00 1.264464256561793065e-01 -1.039000000000007518e+01 4.000000000000000000e+02 -1.980257971150051199e-01 -1.658074008380643605e+01 1.995000000000000107e+00
-6.620764789347660439e+00 1.264556600978959389e-01 -1.039250000000007468e+01 4.000000000000000000e+02 -1.980241315028370142e-01 -1.658323841819427003e+01 1.389999999999999902e+00
-6.620717654463766699e+00 1.264500156417200649e-01 -1.039500000000007418e+01 4.000000000000000000e+02 -1.979921948436149381e-01 -1.658570648153504479e+01 1.185000000000000053e+00
-6.620670637981697304e+00 1.264554057983492130e-01 -1.039750000000007368e+01 4.000000000000000000e+02 -1.973808610976124089e-01 -1.658759514778904531e+01 9.100000000000000311e-01
-6.620623712418462148e+00 1.265395575121991967e-01 -1.040000000000007319e+01 4.000000000000000000e+02 -1.968923354537100989e-01 -1.658960662214514059e+01 9.399999999999999467e-01
-6.620576883345199448e+00 1.265292504750638591e-01 -1.040250000000007269e+01 4.000000000000000000e+02 -1.968553305741629345e-01 -1.659206961726559371e+01 5.450000000000000400e-01
-6.620530171654565699e+00 1.264953049324061829e-01 -1.040500000000007219e+01 4.000000000000000000e+02 -1.966750900161817472e-01 -1.659438937670761050e+01 9.949999999999999956e-01
-6.620483570372533322e+00 1.264685574129864321e-01 -1.040750000000007169e+01 4.000000000000000000e+02 -1.961316482077411494e-01 -1.659634593489917265e+01 4.099999999999999756e-01
-6.620437062344697310e+00 1.265083205170312031e-01 -1.041000000000007120e+01 4.000000000000000000e+02 -1.958502750076368260e-01 -1.659856456169906380e+01 1.659999999999999920e+00
-6.620390659542151113e+00 1.264999859136653193e-01 -1.041250000000007070e+01 4.000000000000000000e+02 -1.958058575593852324e-01 -1.660102014425081407e+01 1.310000000000000053e+00
-6.620344372690935231e+00 1.265032922660455361e-01 -1.041500000000007020e+01 4.000000000000000000e+02 -1.958035563494833486e-01 -1.660351784304090828e+01 5.699999999999999512e-01
-6.620298203440435181e+00 1.264786007699232051e-01 -1.041750000000006970e+01 4.000000000000000000e+02 -1.957848363688657334e-01 -1.660599912306029324e+01 9.949999999999999956e-01
-6.620252150730349783e+00 1.264590075841318106e-01 -1.042000000000006921e+01 4.000000000000000000e+02 -1.957651720640583848e-01 -1.660847945875548248e+01 2.000000000000000111e-01
-6.620206214217782659e+00 1.265375727183766230e-01 -1.042250000000006871e+01 4.000000000000000000e+02 -1.956601755330683867e-01 -1.661087446222449415e+01 8.000000000000000444e-01
-6.620160389694182079e+00 1.265205269735559523e-01 -1.042500000000006821e+01 4.000000000000000000e+02 -1.955434848839837370e-01 -1.661325777157540884e+01 1.004999999999999893e+00
-6.620114676346854132e+00 1.265302495388683501e-01 -1.042750000000006771e+01 4.000000000000000000e+02 -1.948771647469976498e-01 -1.661509145143842403e+01 8.299999999999999600e-01
-6.620069048830241165e+00 1.265545104972138346e-01 -1.043000000000006722e+01 4.000000000000000000e+02 -1.946197672851204818e-01 -1.661733405397654550e+01 5.250000000000000222e-01
-6.620023525598146996e+00 1.265933482230746920e-01 -1.043250000000006672e+01 4.000000000000000000e+02 -1.944590939554607933e-01 -1.661967338064688704e+01 9.449999999999999512e-01
-6.619978110800312621e+00 1.265880388828387604e-01 -1.043500000000006622e+01 4.000000000000000000e+02 -1.942872990702260161e-01 -1.662200158576164810e+01 1.284999999999999920e+00
-6.619932803669673405e+00 1.265827855919808287e-01 -1.043750000000006573e+01 4.000000000000000000e+02 -1.940627642307246048e-01 -1.662427705092214936e+01 1.614999999999999991e+00
-6.619887601562276735e+00 1.265723821428935969e-01 -1.044000000000006523e+01 4.000000000000000000e+02 -1.938517677888198232e-01 -1.662656605448024294e+01 1.965000000000000080e+00
-6.619842504840472763e+00 1.265318713775402115e-01 -1.044250000000006473e+01 4.000000000000000000e+02 -1.935474407113219608e-01 -1.662876172740274328e+01 8.499999999999999778e-01
-6.619797509054630602e+00 1.265299923567826945e-01 -1.044500000000006423e+01 4.000000000000000000e+02 -1.934655098392833450e-01 -1.663117979653070222e+01 1.094999999999999973e+00
-6.619752623957470661e+00 1.265290397038688897e-01 -1.044750000000006374e+01 4.000000000000000000e+02 -1.934414648282418991e-01 -1.663365575151966524e+01 3.099999999999999978e-01
-6.619707851863438464e+00 1.265061558642880390e-01 -1.045000000000006324e+01 4.000000000000000000e+02 -1.932830352997104983e-01 -1.663599732199113035e+01 1.754999999999999893e+00
-6.619663186481197670e+00 1.264943089239810303e-01 -1.045250000000006274e+01 4.000000000000000000e+02 -1.932045388513672912e-01 -1.663841882554278939e+01 1.415000000000000036e+00
-6.619618631113168838e+00 1.265057067499832655e-01 -1.045500000000006224e+01 4.000000000000000000e+02 -1.931824766314196307e-01 -1.664089676332283929e+01 5.000000000000000278e-02
-6.619574187991623226e+00 1.265586726619762348e-01 -1.045750000000006175e+01 4.000000000000000000e+02 -1.929999851198760108e-01 -1.664321427181129565e+01 1.459999999999999964e+00
-6.619529849716382586e+00 1.265506935330882876e-01 -1.046000000000006125e+01 4.000000000000000000e+02 -1.926869206950210800e-01 -1.664540120738643836e+01 8.699999999999999956e-01
-6.619485610259501662e+00 1.265383463905143113e-01 -1.046250000000006075e+01 4.000000000000000000e+02 -1.922575041849017841e-01 -1.664747179087632034e+01 1.175000000000000044e+00
-6.619441464260316543e+00 1.265060643284572628e-01 -1.046500000000006025e+01 4.000000000000000000e+02 -1.922322781596901564e-01 -1.664994656485110625e+01 5.500000000000000444e-01
-6.619397429318990334e+00 1.265004005001579002e-01 -1.046750000000005976e+01 4.000000000000000000e+02 -1.922246357402025985e-01 -1.665243892243162094e+01 1.114999999999999991e+00
-6.619353505923585068e+00 1.265252714803284106e-01 -1.047000000000005926e+01 4.000000000000000000e+02 -1.921935849234484295e-01 -1.665490787161486352e+01 3.350000000000000200e-01
-6.619309692761099484e+00 1.265125307765884444e-01 -1.047250000000005876e+01 4.000000000000000000e+02 -1.920721561228249386e-01 -1.665728644281424309e+01 1.260000000000000009e+00
-6.619265985600174318e+00 1.265063311586984152e-01 -1.047500000000005826e+01 4.000000000000000000e+02 -1.920280754793029232e-01 -1.665974236217071791e+01 5.899999999999999689e-01
-6.619222387552018638e+00 1.264960713937247350e-01 -1.047750000000005777e+01 4.000000000000000000e+02 -1.919478021344131757e-01 -1.666216208882583061e+01 5.600000000000000533e-01
-6.619178896765512299e+00 1.264959952970602375e-01 -1.048000000000005727e+01 4.000000000000000000e+02 -1.919189001113853488e-01 -1.666463318680279926e+01 1.129999999999999893e+00
-6.619135515200695430e+00 1.265311432805895087e-01 -1.048250000000005677e+01 4.000000000000000000e+02 -1.911765053654006508e-01 -1.666639079205681639e+01 3.150000000000000022e-01
-6.619092211693502037e+00 1.265305908864531315e-01 -1.048500000000005627e+01 4.000000000000000000e+02 -1.911629914259682650e-01 -1.666887727811738174e+01 1.645000000000000018e+00
-6.619049017594255346e+00 1.264887546152864140e-01 -1.048750000000005578e+01 4.000000000000000000e+02 -1.911087426264395650e-01 -1.667132302931785404e+01 1.334999999999999964e+00
-6.619005930866766363e+00 1.264883819667688425e-01 -1.049000000000005528e+01 4.000000000000000000e+02 -1.905309049643360286e-01 -1.667324519165574870e+01 1.294999999999999929e+00
-6.618962928730458550e+00 1.264794887425850778e-01 -1.049250000000005478e+01 4.000000000000000000e+02 -1.904777701039419568e-01 -1.667569205679535571e+01 1.150000000000000050e-01
-6.618920033528285174e+00 1.264451600715476298e-01 -1.049500000000005429e+01 4.000000000000000000e+02 -1.902720228645246592e-01 -1.667798630955593353e+01 9.399999999999999467e-01
-6.618877238459342394e+00 1.264582139961168417e-01 -1.049750000000005379e+01 4.000000000000000000e+02 -1.900415250500405995e-01 -1.668025581174145344e+01 1.195000000000000062e+00
-6.618834542228891671e+00 1.264406274052788937e-01 -1.050000000000005329e+01 4.000000000000000000e+02 -1.899873745046298523e-01 -1.668270166119603815e+01 1.150000000000000050e-01
-6.618791952115604893e+00 1.264959035830396095e-01 -1.050250000000005279e+01 4.000000000000000000e+02 -1.897138429413433580e-01 -1.668492812963275540e+01 8.499999999999999778e-01
-6.618749458530170493e+00 1.265011054675266866e-01 -1.050500000000005230e+01 4.000000000000000000e+02 -1.892702930080428503e-01 -1.668698457969945181e+01 1.209999999999999964e+00
-6.618707054040950055e+00 1.265129579206851762e-01 -1.050750000000005180e+01 4.000000000000000000e+02 -1.891210024291381520e-01 -1.668933528912054953e+01 1.280000000000000027e+00
-6.618664750907030658e+00 1.265167590498235684e-01 -1.051000000000005130e+01 4.000000000000000000e+02 -1.888468696369055566e-01 -1.669156115632831217e+01 1.034999999999999920e+00
-6.618622543613067677e+00 1.265179160441232409e-01 -1.051250000000005080e+01 4.000000000000000000e+02 -1.887219245963920045e-01 -1.669393621128780225e+01 7.750000000000000222e-01
-6.618580438219845874e+00 1.265232494703383281e-01 -1.051500000000005031e+01 4.000000000000000000e+02 -1.885377376259305682e-01 -1.669625202431733868e+01 2.849999999999999756e-01
-6.618538431988667092e+00 1.265177739965709092e-01 -1.051750000000004981e+01 4.000000000000000000e+02 -1.878476011584655214e-01 -1.669806188784987455e+01 6.650000000000000355e-01
-6.618496503473944692e+00 1.265166827038888830e-01 -1.052000000000004931e+01 4.000000000000000000e+02 -1.878097721570129996e-01 -1.670052405884841917e+01 1.735000000000000098e+00
-6.618454679818855269e+00 1.265576225852632353e-01 -1.052250000000004881e+01 4.000000000000000000e+02 -1.877081214641788121e-01 -1.670292240815558671e+01 7.349999999999999867e-01
-6.618412958094174847e+00 1.265458995256018848e-01 -1.052500000000004832e+01 4.000000000000000000e+02 -1.876117760718457594e-01 -1.670532606276325183e+01 1.725000000000000089e+00
-6.618371338268048909e+00 1.265604877309028375e-01 -1.052750000000004782e+01 4.000000000000000000e+02 -1.875047578631559020e-01 -1.670771904455456180e+01 1.499999999999999944e-02
-6.618329819644271694e+00 1.265827071482808763e-01 -1.053000000000004732e+01 4.000000000000000000e+02 -1.874136538216295000e-01 -1.671012794051303274e+01 5.600000000000000533e-01
-6.618288402631683276e+00 1.265723275953949400e-01 -1.053250000000004682e+01 4.000000000000000000e+02 -1.872786139876948253e-01 -1.671249290067909854e+01 6.650000000000000355e-01
-6.618247085162172638e+00 1.265771413008099922e-01 -1.053500000000004633e+01 4.000000000000000000e+02 -1.868968334722735936e-01 -1.671461112016367778e+01 1.864999999999999991e+00
-6.618205856821151478e+00 1.266052224204939070e-01 -1.053750000000004583e+01 4.000000000000000000e+02 -1.865861624426160548e-01 -1.671680044913401986e+01 9.150000000000000355e-01
-6.618164720337931684e+00 1.265898437819941158e-01 -1.054000000000004533e+01 4.000000000000000000e+02 -1.864284850920903125e-01 -1.671914277178349195e+01 7.149999999999999689e-01
-6.618123681783075973e+00 1.266029380059754683e-01 -1.054250000000004484e+01 4.000000000000000000e+02 -1.862079108065357869e-01 -1.672142219749794023e+01 5.450000000000000400e-01
-6.618082738344371663e+00 1.266090704059943117e-01 -1.054500000000004434e+01 4.000000000000000000e+02 -1.852028313321049668e-01 -1.672291711802350633e+01 1.370000000000000107e+00
-6.618041857739669354e+00 1.266176189907307903e-01 -1.054750000000004384e+01 4.000000000000000000e+02 -1.850990621151492599e-01 -1.672531334880655152e+01 1.864999999999999991e+00
-6.618001076642218372e+00 1.266094985555057117e-01 -1.055000000000004334e+01 4.000000000000000000e+02 -1.850779506603500990e-01 -1.672779223735174980e+01 1.885000000000000009e+00
-6.617960398168228231e+00 1.265840577674673395e-01 -1.055250000000004285e+01 4.000000000000000000e+02 -1.850169338520901707e-01 -1.673023122054349088e+01 3.900000000000000133e-01
-6.617919820436089395e+00 1.265848092488202625e-01 -1.055500000000004235e+01 4.000000000000000000e+02 -1.849788372700338357e-01 -1.673269312396143249e+01 5.749999999999999556e-01
-6.617879344119956819e+00 1.265989907117965052e-01 -1.055750000000004185e+01 4.000000000000000000e+02 -1.848371929585058138e-01 -1.673505147964990414e+01 6.949999999999999512e-01
-6.617838964781383559e+00 1.265965138108562371e-01 -1.056000000000004135e+01 4.000000000000000000e+02 -1.847439549719290530e-01 -1.673745824166332596e+01 2.200000000000000011e-01
-6.617798684133964215e+00 1.265908117715662251e-01 -1.056250000000004086e+01 4.000000000000000000e+02 -1.847085718326480774e-01 -1.673992285852404649e+01 1.215000000000000080e+00
-6.617758504257148289e+00 1.266189565519269811e-01 -1.056500000000004036e+01 4.000000000000000000e+02 -1.845170892385546157e-01 -1.674223137592995059e+01 9.649999999999999689e-01
-6.617718418638073530e+00 1.266288748634842587e-01 -1.056750000000003986e+01 4.000000000000000000e+02 -1.840381823336943445e-01 -1.674425246902509201e+01 1.060000000000000053e+00
-6.617678415555880989e+00 1.266112362762187582e-01 -1.057000000000003936e+01 4.000000000000000000e+02 -1.839568979392438020e-01 -1.674667118463063886e+01 7.800000000000000266e-01
-6.617638510707237742e+00 1.266162492878235291e-01 -1.057250000000003887e+01 4.000000000000000000e+02 -1.837915964061567486e-01 -1.674900588309755278e+01 1.135000000000000009e+00
-6.617598700502478337e+00 1.266153058217452387e-01 -1.057500000000003837e+01 4.000000000000000000e+02 -1.831558406397766070e-01 -1.675087012733117220e+01 7.299999999999999822e-01
-6.617558966024893685e+00 1.266022396107807924e-01 -1.057750000000003787e+01 4.000000000000000000e+02 -1.830864826261333067e-01 -1.675330076931752998e+01 8.549999999999999822e-01
-6.617519329583338994e+00 1.265830410971377495e-01 -1.058000000000003737e+01 4.000000000000000000e+02 -1.828118070950725260e-01 -1.675552609378646451e+01 5.000000000000000000e-01
-6.617479782813409983e+00 1.265856077465033203e-01 -1.058250000000003688e+01 4.000000000000000000e+02 -1.827499162474995054e-01 -1.675796420293889355e+01 1.429999999999999938e+00
-6.617440333903554794e+00 1.265666291530908871e-01 -1.058500000000003638e+01 4.000000000000000000e+02 -1.825623140777356823e-01 -1.676027660076912795e+01 1.925000000000000044e+00
-6.617400977660652828e+00 1.265520492030656197e-01 -1.058750000000003588e+01 4.000000000000000000e+02 -1.823592299441761932e-01 -1.676257351663556960e+01 6.850000000000000533e-01
-6.617361713255517586e+00 1.265520446972190349e-01 -1.059000000000003539e+01 4.000000000000000000e+02 -1.823001915105947335e-01 -1.676501447820198720e+01 1.084999999999999964e+00
-6.617322546112406556e+00 1.265394872400305293e-01 -1.059250000000003489e+01 4.000000000000000000e+02 -1.822651925651834759e-01 -1.676747947925657556e+01 3.400000000000000244e-01
-6.617283476925792662e+00 1.265207597183256594e-01 -1.059500000000003439e+01 4.000000000000000000e+02 -1.820883753597063726e-01 -1.676980266205109871e+01 8.549999999999999822e-01
-6.617244499919723744e+00 1.265249190066810581e-01 -1.059750000000003389e+01 4.000000000000000000e+02 -1.816960194125386563e-01 -1.677191030610392986e+01 1.175000000000000044e+00
-6.617205606491153524e+00 1.265117835566145765e-01 -1.060000000000003340e+01 4.000000000000000000e+02 -1.816636789746113312e-01 -1.677437796566600170e+01 9.649999999999999689e-01
-6.617166810427056234e+00 1.265115396413558635e-01 -1.060250000000003290e+01 4.000000000000000000e+02 -1.816149643003097114e-01 -1.677682925099169964e+01 7.850000000000000311e-01
-6.617128110846270950e+00 1.265149185242934737e-01 -1.060500000000003240e+01 4.000000000000000000e+02 -1.816093488856395932e-01 -1.677932363557702899e+01 4.600000000000000200e-01
-6.617089509168838646e+00 1.265377465636725596e-01 -1.060750000000003190e+01 4.000000000000000000e+02 -1.813657993271354241e-01 -1.678158008601852558e+01 3.400000000000000244e-01
-6.617050995980978456e+00 1.265303148068906147e-01 -1.061000000000003141e+01 4.000000000000000000e+02 -1.813246540406824037e-01 -1.678403894073207070e+01 6.500000000000000222e-02
-6.617012578852872196e+00 1.265211459503632896e-01 -1.061250000000003091e+01 4.000000000000000000e+02 -1.812117277164751739e-01 -1.678642601440786564e+01 1.054999999999999938e+00
-6.616974254790460641e+00 1.265348859600154419e-01 -1.061500000000003041e+01 4.000000000000000000e+02 -1.811781953782581056e-01 -1.678889248206964524e+01 1.495000000000000107e+00
-6.616936026599888443e+00 1.264980230529036964e-01 -1.061750000000002991e+01 4.000000000000000000e+02 -1.811055244778012885e-01 -1.679131981116918837e+01 1.860000000000000098e+00
-6.616897892545217097e+00 1.264995113860838682e-01 -1.062000000000002942e+01 4.000000000000000000e+02 -1.805346633463697503e-01 -1.679324895003775708e+01 9.300000000000000488e-01
-6.616859833435468907e+00 1.264914948190677124e-01 -1.062250000000002892e+01 4.000000000000000000e+02 -1.799625265774581762e-01 -1.679517681326884571e+01 6.099999999999999867e-01
-6.616821849072056949e+00 1.264409279943412290e-01 -1.062500000000002842e+01 4.000000000000000000e+02 -1.799525361257071909e-01 -1.679766682281709222e+01 2.049999999999999878e-01
-6.616783960609795123e+00 1.264618190116474084e-01 -1.062750000000002792e+01 4.000000000000000000e+02 -1.791214764001614057e-01 -1.679933576309154830e+01 1.100000000000000006e-01
-6.616746136760269792e+00 1.264533664744506292e-01 -1.063000000000002743e+01 4.000000000000000000e+02 -1.790076935663042768e-01 -1.680172198025768893e+01 1.590000000000000080e+00
-6.616708404484542783e+00 1.264551873456337405e-01 -1.063250000000002693e+01 4.000000000000000000e+02 -1.788257000176593503e-01 -1.680403998670904286e+01 1.139999999999999902e+00
-6.616670760989912026e+00 1.264438629985450147e-01 -1.063500000000002643e+01 4.000000000000000000e+02 -1.785735649071793496e-01 -1.680628785159856164e+01 9.500000000000000111e-02
-6.616633203429948651e+00 1.264558462706725783e-01 -1.063750000000002593e+01 4.000000000000000000e+02 -1.782780819659789129e-01 -1.680849236865736174e+01 4.249999999999999889e-01
-6.616595729980932816e+00 1.264645895106383533e-01 -1.064000000000002544e+01 4.000000000000000000e+02 -1.781415486787764346e-01 -1.681085583537015893e+01 9.449999999999999512e-01
-6.616558346393824230e+00 1.264545596907528935e-01 -1.064250000000002494e+01 4.000000000000000000e+02 -1.780922161822404426e-01 -1.681330650287362261e+01 1.540000000000000036e+00
-6.616521055701644727e+00 1.264415758385290245e-01 -1.064500000000002444e+01 4.000000000000000000e+02 -1.779883062838232000e-01 -1.681570259297520309e+01 8.649999999999999911e-01
-6.616483855639917699e+00 1.264381506547224698e-01 -1.064750000000002395e+01 4.000000000000000000e+02 -1.773266073953141120e-01 -1.681754089408669728e+01 4.450000000000000067e-01
-6.616446725280271224e+00 1.264180101097935882e-01 -1.065000000000002345e+01 4.000000000000000000e+02 -1.772899007283867401e-01 -1.682000418741976588e+01 5.150000000000000133e-01
-6.616409687644563498e+00 1.264204832575584470e-01 -1.065250000000002295e+01 4.000000000000000000e+02 -1.770473898063606999e-01 -1.682226167649774240e+01 1.625000000000000000e+00
-6.616372734893707808e+00 1.264183518156221653e-01 -1.065500000000002245e+01 4.000000000000000000e+02 -1.767014766751700272e-01 -1.682441576336654876e+01 8.100000000000000533e-01
-6.616335863017668295e+00 1.264581098835464434e-01 -1.065750000000002196e+01 4.000000000000000000e+02 -1.765879821390851923e-01 -1.682680226883046615e+01 8.399999999999999689e-01
-6.616299080386274234e+00 1.264547238969703780e-01 -1.066000000000002146e+01 4.000000000000000000e+02 -1.763178690185152053e-01 -1.682903215570989275e+01 1.725000000000000089e+00
-6.616262381033001461e+00 1.264306996129166416e-01 -1.066250000000002096e+01 4.000000000000000000e+02 -1.759896412401497356e-01 -1.683120392793152931e+01 1.260000000000000009e+00
-6.616225762638292984e+00 1.264268653557054922e-01 -1.066500000000002046e+01 4.000000000000000000e+02 -1.756149673589931515e-01 -1.683332925405036917e+01 9.649999999999999689e-01
-6.616189223323561741e+00 1.264360815345082767e-01 -1.066750000000001997e+01 4.000000000000000000e+02 -1.753718710976581718e-01 -1.683558615778903800e+01 1.945000000000000062e+00
-6.616152767712119243e+00 1.264502567914885522e-01 -1.067000000000001947e+01 4.000000000000000000e+02 -1.753141326602931094e-01 -1.683802841935166938e+01 4.749999999999999778e-01
-6.616116402350286307e+00 1.264524829184936194e-01 -1.067250000000001897e+01 4.000000000000000000e+02 -1.752194400021208354e-01 -1.684043372669349736e+01 9.449999999999999512e-01
-6.616080125670843692e+00 1.264427099287752654e-01 -1.067500000000001847e+01 4.000000000000000000e+02 -1.751540694775655660e-01 -1.684286835616893896e+01 4.349999999999999978e-01
-6.616043938515401734e+00 1.264634433926362655e-01 -1.067750000000001798e+01 4.000000000000000000e+02 -1.750999921070885701e-01 -1.684531427879846532e+01 4.899999999999999911e-01
-6.616007841067452766e+00 1.264603382807267251e-01 -1.068000000000001748e+01 4.000000000000000000e+02 -1.750991779055952879e-01 -1.684781346459696749e+01 1.179999999999999938e+00
-6.615971835019200498e+00 1.264611861630746681e-01 -1.068250000000001698e+01 4.000000000000000000e+02 -1.749243502971783437e-01 -1.685013863698855374e+01 1.094999999999999973e+00
-6.615935913885836683e+00 1.264462454372584921e-01 -1.068500000000001648e+01 4.000000000000000000e+02 -1.746591167261129229e-01 -1.685237340341748435e+01 4.650000000000000244e-01
-6.615900074224148497e+00 1.264437097701353041e-01 -1.068750000000001599e+01 4.000000000000000000e+02 -1.740872430727811171e-01 -1.685430152976415386e+01 6.650000000000000355e-01
-6.615864304880005875e+00 1.264481593025772177e-01 -1.069000000000001549e+01 4.000000000000000000e+02 -1.740862568117481080e-01 -1.685680054350311963e+01 2.500000000000000139e-02
-6.615828626086962316e+00 1.264544022722256245e-01 -1.069250000000001499e+01 4.000000000000000000e+02 -1.740835383480817677e-01 -1.685929782503945518e+01 3.599999999999999867e-01
-6.615793037550920630e+00 1.264596719910694445e-01 -1.069500000000001450e+01 4.000000000000000000e+02 -1.739315569607096934e-01 -1.686164584365208086e+01 1.875000000000000000e+00
-6.615757533741444263e+00 1.264533338853809086e-01 -1.069750000000001400e+01 4.000000000000000000e+02 -1.738084237581978553e-01 -1.686402271044957146e+01 1.574999999999999956e+00
-6.615722115475574761e+00 1.264494757356923460e-01 -1.070000000000001350e+01 4.000000000000000000e+02 -1.737591615275551893e-01 -1.686647344821892602e+01 5.100000000000000089e-01
-6.615686785154118787e+00 1.264528524786406871e-01 -1.070250000000001300e+01 4.000000000000000000e+02 -1.736601454759434116e-01 -1.686887443216731342e+01 9.899999999999999911e-01
-6.615651540802145014e+00 1.264231669089703747e-01 -1.070500000000001251e+01 4.000000000000000000e+02 -1.736368302836860666e-01 -1.687135111697505607e+01 6.500000000000000222e-02
-6.615616384868832967e+00 1.264197158221178618e-01 -1.070750000000001201e+01 4.000000000000000000e+02 -1.733670935056546847e-01 -1.687358138019702380e+01 8.349999999999999645e-01
-6.615581308486906842e+00 1.264185995771668902e-01 -1.071000000000001151e+01 4.000000000000000000e+02 -1.732908534972605885e-01 -1.687600514018862796e+01 1.100000000000000089e+00
-6.615546318244610369e+00 1.264103091853757133e-01 -1.071250000000001101e+01 4.000000000000000000e+02 -1.732252175835385932e-01 -1.687843950427490824e+01 1.794999999999999929e+00
-6.615511414297521320e+00 1.264146203046211947e-01 -1.071500000000001052e+01 4.000000000000000000e+02 -1.731196981299816529e-01 -1.688083398482134712e+01 6.700000000000000400e-01
-6.615476595041149821e+00 1.263962905031761341e-01 -1.071750000000001002e+01 4.000000000000000000e+02 -1.731088403277303289e-01 -1.688332312701909999e+01 8.000000000000000167e-02
-6.615441863554901936e+00 1.263957091344579120e-01 -1.072000000000000952e+01 4.000000000000000000e+02 -1.730000748268942234e-01 -1.688571436151826077e+01 2.250000000000000056e-01
-6.615407216222480180e+00 1.263968327419991156e-01 -1.072250000000000902e+01 4.000000000000000000e+02 -1.729204233440723160e-01 -1.688813471003544109e+01 1.959999999999999964e+00
-6.615372653843323292e+00 1.264044150092437091e-01 -1.072500000000000853e+01 4.000000000000000000e+02 -1.727517042370834144e-01 -1.689046599092844758e+01 1.290000000000000036e+00
-6.615338173135279831e+00 1.264130718909833584e-01 -1.072750000000000803e+01 4.000000000000000000e+02 -1.724780707777951450e-01 -1.689269235746916209e+01 2.700000000000000178e-01
-6.615303770293454733e+00 1.264083670030547168e-01 -1.073000000000000753e+01 4.000000000000000000e+02 -1.724257147542438973e-01 -1.689514000144560768e+01 3.699999999999999956e-01
-6.615269452733747890e+00 1.264161934842257806e-01 -1.073250000000000703e+01 4.000000000000000000e+02 -1.723037553810773947e-01 -1.689751804207244135e+01 5.250000000000000222e-01
-6.615235217859097183e+00 1.264176508554286926e-01 -1.073500000000000654e+01 4.000000000000000000e+02 -1.722592397090980110e-01 -1.689997352640046202e+01 1.689999999999999947e+00
-6.615201068112199323e+00 1.264229315995477887e-01 -1.073750000000000604e+01 4.000000000000000000e+02 -1.721365674901677856e-01 -1.690235085418153105e+01 8.750000000000000000e-01
-6.615167000616033022e+00 1.264200856967302444e-01 -1.074000000000000554e+01 4.000000000000000000e+02 -1.720874884118615000e-01 -1.690480177510322335e+01 2.500000000000000000e-01
-6.615133017670665083e+00 1.264168906118572078e-01 -1.074250000000000504e+01 4.000000000000000000e+02 -1.720322773452627185e-01 -1.690724656403662607e+01 5.500000000000000444e-01
-6.615099118855525262e+00 1.264136189589098735e-01 -1.074500000000000455e+01 4.000000000000000000e+02 -1.719467376068185560e-01 -1.690966102429818108e+01 1.814999999999999947e+00
-6.615065302933936131e+00 1.263971792243612779e-01 -1.074750000000000405e+01 4.000000000000000000e+02 -1.716571816325568045e-01 -1.691187146832391974e+01 1.850000000000000089e+00
-6.615031562817689448e+00 1.263880006597948580e-01 -1.075000000000000355e+01 4.000000000000000000e+02 -1.716382306205690156e-01 -1.691435251731192935e+01 2.550000000000000044e-01
-6.614997907442694114e+00 1.263906797160693207e-01 -1.075250000000000306e+01 4.000000000000000000e+02 -1.715858214418076177e-01 -1.691680010813317026e+01 1.989999999999999991e+00
-6.614964335470054912e+00 1.263806296554619568e-01 -1.075500000000000256e+01 4.000000000000000000e+02 -1.715208661924768341e-01 -1.691923515288383584e+01 1.060000000000000053e+00
-6.614930846270151932e+00 1.263823758717094459e-01 -1.075750000000000206e+01 4.000000000000000000e+02 -1.714853276660655013e-01 -1.692169961435742565e+01 9.449999999999999512e-01
-6.614897440618827673e+00 1.263941973641935224e-01 -1.076000000000000156e+01 4.000000000000000000e+02 -1.713762003776205245e-01 -1.692409048706897678e+01 2.099999999999999922e-01
-6.614864115852667759e+00 1.263863967256330656e-01 -1.076250000000000107e+01 4.000000000000000000e+02 -1.712265867763169969e-01 -1.692644087346767634e+01 5.300000000000000266e-01
-6.614830870427204523e+00 1.263862101931134407e-01 -1.076500000000000057e+01 4.000000000000000000e+02 -1.711173599347176055e-01 -1.692883164662607598e+01 1.114999999999999991e+00
-6.614797705490341961e+00 1.263855923266579973e-01 -1.076750000000000007e+01 4.000000000000000000e+02 -1.707188374235191763e-01 -1.693093312411487616e+01 9.200000000000000400e-01
-6.614764611272082817e+00 1.263787406574881922e-01 -1.076999999999999957e+01 4.000000000000000000e+02 -1.705691091885877531e-01 -1.693328339587994336e+01 1.524999999999999911e+00
-6.614731595834236977e+00 1.263926404794937786e-01 -1.077249999999999908e+01 4.000000000000000000e+02 -1.702231256526487158e-01 -1.693543741234400457e+01 4.749999999999999778e-01
-6.614698652522117861e+00 1.263966813158994562e-01 -1.077499999999999858e+01 4.000000000000000000e+02 -1.701728468173808739e-01 -1.693788713350873465e+01 1.379999999999999893e+00
-6.614665790894406427e+00 1.263881807317879524e-01 -1.077749999999999808e+01 4.000000000000000000e+02 -1.699645764073571819e-01 -1.694017886309871201e+01 1.514999999999999902e+00
-6.614633005566576962e+00 1.264508790828345886e-01 -1.077999999999999758e+01 4.000000000000000000e+02 -1.698570783176511501e-01 -1.694257136500900529e+01 1.969999999999999973e+00
-6.614600299654941118e+00 1.264714167508346754e-01 -1.078249999999999709e+01 4.000000000000000000e+02 -1.696958045503034473e-01 -1.694491009124165970e+01 3.150000000000000022e-01
-6.614567671210000555e+00 1.264667224552991076e-01 -1.078499999999999659e+01 4.000000000000000000e+02 -1.695879788461341353e-01 -1.694730226553748764e+01 1.679999999999999938e+00
-6.614535121785472427e+00 1.264537423355671375e-01 -1.078749999999999609e+01 4.000000000000000000e+02 -1.693376099229837173e-01 -1.694955189661433792e+01 1.360000000000000098e+00
-6.614502646558701571e+00 1.264664893490566877e-01 -1.078999999999999559e+01 4.000000000000000000e+02 -1.692921996204788671e-01 -1.695200648631183071e+01 1.909999999999999920e+00
-6.614470251998266548e+00 1.264601275749372145e-01 -1.079249999999999510e+01 4.000000000000000000e+02 -1.691748162615638040e-01 -1.695438910295291635e+01 4.899999999999999911e-01
-6.614437935575404381e+00 1.264601787325126403e-01 -1.079499999999999460e+01 4.000000000000000000e+02 -1.689554081153409604e-01 -1.695666969480669195e+01 1.574999999999999956e+00
-6.614405693809888298e+00 1.264600728539677366e-01 -1.079749999999999410e+01 4.000000000000000000e+02 -1.688141691364546115e-01 -1.695902845582780571e+01 8.249999999999999556e-01
-6.614373529041197131e+00 1.264735291862078559e-01 -1.079999999999999361e+01 4.000000000000000000e+02 -1.688134689714044789e-01 -1.696152775566275395e+01 8.800000000000000044e-01
-6.614341445592200941e+00 1.264802743752739822e-01 -1.080249999999999311e+01 4.000000000000000000e+02 -1.686094696612939481e-01 -1.696382375635264594e+01 1.245000000000000107e+00
-6.614309436748101234e+00 1.264834942438030352e-01 -1.080499999999999261e+01 4.000000000000000000e+02 -1.684823494119929710e-01 -1.696619663610334072e+01 1.034999999999999920e+00
-6.614277504787990480e+00 1.264695564063174349e-01 -1.080749999999999211e+01 4.000000000000000000e+02 -1.680245540098888601e-01 -1.696823884070123967e+01 2.899999999999999800e-01
-6.614245638989432408e+00 1.264580888944590586e-01 -1.080999999999999162e+01 4.000000000000000000e+02 -1.676373208339643761e-01 -1.697035160752531269e+01 3.150000000000000022e-01
-6.614213841456989762e+00 1.264689500287660973e-01 -1.081249999999999112e+01 4.000000000000000000e+02 -1.676231397747574015e-01 -1.697283742646610705e+01 1.400000000000000133e-01
-6.614182123876583219e+00 1.264658223352171929e-01 -1.081499999999999062e+01 4.000000000000000000e+02 -1.672942867488234064e-01 -1.697500857344017078e+01 1.790000000000000036e+00
-6.614150476087705677e+00 1.264639768826923694e-01 -1.081749999999999012e+01 4.000000000000000000e+02 -1.672879252528858829e-01 -1.697750221194423403e+01 1.254999999999999893e+00
-6.614118908116470408e+00 1.264619166668693728e-01 -1.081999999999998963e+01 4.000000000000000000e+02 -1.670131756343710139e-01 -1.697972746232571595e+01 1.215000000000000080e+00
-6.614087411306960540e+00 1.264561946998337405e-01 -1.082249999999998913e+01 4.000000000000000000e+02 -1.667668732224248107e-01 -1.698198115991377222e+01 7.499999999999999722e-02
-6.614055986390476427e+00 1.264556281986657926e-01 -1.082499999999998863e+01 4.000000000000000000e+02 -1.666696482144336411e-01 -1.698438393490577880e+01 1.729999999999999982e+00
-6.614024637874297063e+00 1.264613052787306180e-01 -1.082749999999998813e+01 4.000000000000000000e+02 -1.666636071681298903e-01 -1.698687789385947511e+01 1.280000000000000027e+00
-6.613993368421650310e+00 1.264719228192868195e-01 -1.082999999999998764e+01 4.000000000000000000e+02 -1.666041508633558932e-01 -1.698931843755470084e+01 1.120000000000000107e+00
-6.613962176164596585e+00 1.264812168327777986e-01 -1.083249999999998714e+01 4.000000000000000000e+02 -1.664808422374868258e-01 -1.699169512892883205e+01 1.129999999999999893e+00
-6.613931058923348871e+00 1.264914222792785647e-01 -1.083499999999998664e+01 4.000000000000000000e+02 -1.664534672731294573e-01 -1.699416775396447221e+01 1.300000000000000044e+00
-6.613900019492993998e+00 1.264594334354928185e-01 -1.083749999999998614e+01 4.000000000000000000e+02 -1.663953537739531474e-01 -1.699660964046529799e+01 1.544999999999999929e+00
-6.613869056724833939e+00 1.264569592523950015e-01 -1.083999999999998565e+01 4.000000000000000000e+02 -1.662960277491451200e-01 -1.699901031444048627e+01 9.449999999999999512e-01
-6.613838169154252711e+00 1.264525181189726510e-01 -1.084249999999998515e+01 4.000000000000000000e+02 -1.660095773189470825e-01 -1.700122386401028862e+01 1.750000000000000000e+00
-6.613807350830074760e+00 1.264686555154795611e-01 -1.084499999999998465e+01 4.000000000000000000e+02 -1.658276479153754090e-01 -1.700354193460671581e+01 1.350000000000000089e-01
-6.613776604808655257e+00 1.264746695101308660e-01 -1.084749999999998415e+01 4.000000000000000000e+02 -1.657527147716200966e-01 -1.700596700146296314e+01 8.999999999999999667e-02
-6.613745934199916299e+00 1.264721907724172811e-01 -1.084999999999998366e+01 4.000000000000000000e+02 -1.655475044307273824e-01 -1.700826179112206660e+01 1.580000000000000071e+00
-6.613715334830503778e+00 1.264669539888057803e-01 -1.085249999999998316e+01 4.000000000000000000e+02 -1.655128055450971747e-01 -1.701072709223643997e+01 1.600000000000000089e+00
-6.613684811737677194e+00 1.264634958381747332e-01 -1.085499999999998266e+01 4.000000000000000000e+02 -1.654984075620238027e-01 -1.701321269425336169e+01 1.290000000000000036e+00
-6.613654365347064967e+00 1.264530037688314235e-01 -1.085749999999998217e+01 4.000000000000000000e+02 -1.654289435831877986e-01 -1.701564323027452730e+01 1.830000000000000071e+00
-6.613623993791225786e+00 1.264609695364995179e-01 -1.085999999999998167e+01 4.000000000000000000e+02 -1.651571620632606985e-01 -1.701787144875459745e+01 1.830000000000000071e+00
-6.613593690753834409e+00 1.264654989849459399e-01 -1.086249999999998117e+01 4.000000000000000000e+02 -1.648732528549652077e-01 -1.702008753954630293e+01 1.750000000000000000e+00
-6.613563455711569006e+00 1.264687748918405519e-01 -1.086499999999998067e+01 4.000000000000000000e+02 -1.644391048358962715e-01 -1.702215339152723317e+01 4.949999999999999956e-01
-6.613533283977254484e+00 1.264822481519068398e-01 -1.086749999999998018e+01 4.000000000000000000e+02 -1.644256812499199361e-01 -1.702463996794125833e+01 1.270000000000000018e+00
-6.613503188080981587e+00 1.264735751977439926e-01 -1.086999999999997968e+01 4.000000000000000000e+02 -1.644234713468536724e-01 -1.702713775803819019e+01 1.590000000000000080e+00
-6.613473168166484228e+00 1.264694493236776796e-01 -1.087249999999997918e+01 4.000000000000000000e+02 -1.643826268934641677e-01 -1.702959691358480043e+01 2.899999999999999800e-01
-6.613443222882779082e+00 1.264817442389795377e-01 -1.087499999999997868e+01 4.000000000000000000e+02 -1.643711429488003972e-01 -1.703208542964013361e+01 8.100000000000000533e-01
-6.613413352919102373e+00 1.264803468292411415e-01 -1.087749999999997819e+01 4.000000000000000000e+02 -1.638503806954053066e-01 -1.703406466738674041e+01 2.300000000000000100e-01
-6.613383542906261070e+00 1.264758653400002986e-01 -1.087999999999997769e+01 4.000000000000000000e+02 -1.636577427624615333e-01 -1.703637202945379414e+01 1.330000000000000071e+00
-6.613353802482161647e+00 1.264850577919337804e-01 -1.088249999999997719e+01 4.000000000000000000e+02 -1.634373491929334565e-01 -1.703865163588426768e+01 1.304999999999999938e+00
-6.613324130658756239e+00 1.264729054826018162e-01 -1.088499999999997669e+01 4.000000000000000000e+02 -1.633541656711071099e-01 -1.704106845236244183e+01 7.550000000000000044e-01
-6.613294531337321480e+00 1.264493177290777204e-01 -1.088749999999997620e+01 4.000000000000000000e+02 -1.632540242555126919e-01 -1.704346831094684589e+01 1.150000000000000050e-01
-6.613265003837851097e+00 1.264326380923308513e-01 -1.088999999999997570e+01 4.000000000000000000e+02 -1.631271271604661510e-01 -1.704584141385179663e+01 1.669999999999999929e+00
-6.613235547195847275e+00 1.264429376515615877e-01 -1.089249999999997520e+01 4.000000000000000000e+02 -1.630580945513470659e-01 -1.704827238124267907e+01 1.340000000000000080e+00
-6.613206162939522237e+00 1.264404376129960872e-01 -1.089499999999997470e+01 4.000000000000000000e+02 -1.630117579290423779e-01 -1.705072604462037233e+01 1.360000000000000098e+00
-6.613176851554127822e+00 1.264201569960907989e-01 -1.089749999999997421e+01 4.000000000000000000e+02 -1.628853988986365409e-01 -1.705309968558997014e+01 1.949999999999999956e+00
-6.613147610517010833e+00 1.264136710908742856e-01 -1.089999999999997371e+01 4.000000000000000000e+02 -1.626166037000892073e-01 -1.705533089039142070e+01 4.000000000000000222e-01
-6.613118435502062020e+00 1.264055235280543976e-01 -1.090249999999997321e+01 4.000000000000000000e+02 -1.626078994202507233e-01 -1.705782218611158285e+01 9.549999999999999600e-01
-6.613089333928223290e+00 1.264096827213955776e-01 -1.090499999999997272e+01 4.000000000000000000e+02 -1.625476809791172594e-01 -1.706026196767044567e+01 1.094999999999999973e+00
-6.613060304113107968e+00 1.264267458504389208e-01 -1.090749999999997222e+01 4.000000000000000000e+02 -1.624917834950896367e-01 -1.706270607018641883e+01 5.500000000000000444e-01
-6.613031346002823163e+00 1.263957169408093661e-01 -1.090999999999997172e+01 4.000000000000000000e+02 -1.624716879068286435e-01 -1.706518597459815823e+01 1.870000000000000107e+00
-6.613002460452347187e+00 1.264022210816375946e-01 -1.091249999999997122e+01 4.000000000000000000e+02 -1.622200517022785449e-01 -1.706743433839360691e+01 7.149999999999999689e-01
-6.612973640605683379e+00 1.264016530573356112e-01 -1.091499999999997073e+01 4.000000000000000000e+02 -1.619131829959915003e-01 -1.706962746968731892e+01 1.939999999999999947e+00
-6.612944884723301442e+00 1.264080602048595903e-01 -1.091749999999997023e+01 4.000000000000000000e+02 -1.618409364172096465e-01 -1.707205522310853851e+01 1.274999999999999911e+00
-6.612916199392308236e+00 1.264203756493723352e-01 -1.091999999999996973e+01 4.000000000000000000e+02 -1.618283175774777038e-01 -1.707454260426880310e+01 7.249999999999999778e-01
-6.612887586143762597e+00 1.264071006329622049e-01 -1.092249999999996923e+01 4.000000000000000000e+02 -1.617582750279403792e-01 -1.707697256171926625e+01 1.104999999999999982e+00
-6.612859043155501659e+00 1.264100398834430150e-01 -1.092499999999996874e+01 4.000000000000000000e+02 -1.614684858250548805e-01 -1.707918277251637917e+01 1.590000000000000080e+00
-6.612830563995579780e+00 1.263805520722396658e-01 -1.092749999999996824e+01 4.000000000000000000e+02 -1.614552141849327771e-01 -1.708166950087625935e+01 4.149999999999999800e-01
-6.612802156375630958e+00 1.263762847945266998e-01 -1.092999999999996774e+01 4.000000000000000000e+02 -1.614344199532005419e-01 -1.708414870664452323e+01 5.200000000000000178e-01
-6.612773819900761296e+00 1.263542102913588205e-01 -1.093249999999996724e+01 4.000000000000000000e+02 -1.613266069642099731e-01 -1.708654089365553475e+01 1.830000000000000071e+00
-6.612745551931082488e+00 1.263510146655840716e-01 -1.093499999999996675e+01 4.000000000000000000e+02 -1.611196639058980751e-01 -1.708883395059721977e+01 1.320000000000000062e+00
-6.612717349503519415e+00 1.263356222000028561e-01 -1.093749999999996625e+01 4.000000000000000000e+02 -1.610724915234227617e-01 -1.709128677821474795e+01 5.799999999999999600e-01
-6.612689216959314997e+00 1.263244168133052514e-01 -1.093999999999996575e+01 4.000000000000000000e+02 -1.610021420615820875e-01 -1.709371642875290576e+01 4.749999999999999778e-01
-6.612661153472932263e+00 1.263263303605775545e-01 -1.094249999999996525e+01 4.000000000000000000e+02 -1.606853832608342025e-01 -1.709589966995215704e+01 1.665000000000000036e+00
-6.612633151974037560e+00 1.263068061969416511e-01 -1.094499999999996476e+01 4.000000000000000000e+02 -1.601889492222575151e-01 -1.709790323591357719e+01 1.925000000000000044e+00
-6.612605207303537291e+00 1.263203578205440436e-01 -1.094749999999996426e+01 4.000000000000000000e+02 -1.599172650925306527e-01 -1.710013155178385347e+01 1.754999999999999893e+00
-6.612577325611540324e+00 1.263305622095383107e-01 -1.094999999999996376e+01 4.000000000000000000e+02 -1.598349336095241935e-01 -1.710254922030084401e+01 4.550000000000000155e-01
-6.612549512021365317e+00 1.263348741673126219e-01 -1.095249999999996326e+01 4.000000000000000000e+02 -1.597470210120264522e-01 -1.710496130770334844e+01 2.849999999999999756e-01
-6.612521766209935592e+00 1.263659935775250376e-01 -1.095499999999996277e+01 4.000000000000000000e+02 -1.593656016967047728e-01 -1.710707988838802507e+01 1.389999999999999902e+00
-6.612494079885389731e+00 1.263692152740650554e-01 -1.095749999999996227e+01 4.000000000000000000e+02 -1.591460202688100567e-01 -1.710936030696013077e+01 2.449999999999999956e-01
-6.612466457389212238e+00 1.263665688767270923e-01 -1.095999999999996177e+01 4.000000000000000000e+02 -1.589955446985341081e-01 -1.711170983138985235e+01 2.149999999999999967e-01
-6.612438900476879766e+00 1.263797724551579127e-01 -1.096249999999996128e+01 4.000000000000000000e+02 -1.585272760059167896e-01 -1.711374156269723557e+01 1.665000000000000036e+00
-6.612411400253003002e+00 1.263793204453197150e-01 -1.096499999999996078e+01 4.000000000000000000e+02 -1.582802813398187514e-01 -1.711599456803113739e+01 1.799999999999999933e-01
-6.612383962671224857e+00 1.263696358263099728e-01 -1.096749999999996028e+01 4.000000000000000000e+02 -1.580784887462365340e-01 -1.711829277543755623e+01 9.350000000000000533e-01
-6.612356588824506609e+00 1.263578691212210448e-01 -1.096999999999995978e+01 4.000000000000000000e+02 -1.577565067296032297e-01 -1.712047079342092104e+01 7.750000000000000222e-01
-6.612329275280501406e+00 1.263388943241355866e-01 -1.097249999999995929e+01 4.000000000000000000e+02 -1.574376689796851414e-01 -1.712265195567100307e+01 6.700000000000000400e-01
-6.612302021990416279e+00 1.263494117712194997e-01 -1.097499999999995879e+01 4.000000000000000000e+02 -1.573911851226832415e-01 -1.712510547181399900e+01 1.409999999999999920e+00
-6.612274836224750096e+00 1.263386387283171597e-01 -1.097749999999995829e+01 4.000000000000000000e+02 -1.572114258531703002e-01 -1.712742571254448620e+01 7.399999999999999911e-01
-6.612247714199962267e+00 1.263529199827184979e-01 -1.097999999999995779e+01 4.000000000000000000e+02 -1.571822540909249555e-01 -1.712989654078224078e+01 5.500000000000000028e-02
-6.612220659839181280e+00 1.263454619740404794e-01 -1.098249999999995730e+01 4.000000000000000000e+02 -1.568664114696469158e-01 -1.713208069816096213e+01 1.360000000000000098e+00
-6.612193665234421758e+00 1.263510241003828194e-01 -1.098499999999995680e+01 4.000000000000000000e+02 -1.564495960289915277e-01 -1.713416388272030488e+01 1.245000000000000107e+00
-6.612166727532288846e+00 1.263324061831010148e-01 -1.098749999999995630e+01 4.000000000000000000e+02 -1.557152235100205395e-01 -1.713592951020133626e+01 4.699999999999999734e-01
-6.612139838073841425e+00 1.263318097466891166e-01 -1.098999999999995580e+01 4.000000000000000000e+02 -1.557053008387089543e-01 -1.713841958753002004e+01 1.229999999999999982e+00
-6.612113016209258731e+00 1.263148465715916713e-01 -1.099249999999995531e+01 4.000000000000000000e+02 -1.556108450701599866e-01 -1.714082513176147415e+01 1.729999999999999982e+00
-6.612086259505117525e+00 1.263297512055496785e-01 -1.099499999999995481e+01 4.000000000000000000e+02 -1.554553477390879235e-01 -1.714316963443040009e+01 1.975000000000000089e+00
-6.612059566172050928e+00 1.263151041767670568e-01 -1.099749999999995431e+01 4.000000000000000000e+02 -1.554123718351729799e-01 -1.714562665852648493e+01 1.604999999999999982e+00
-6.612032939054533820e+00 1.263133431116463257e-01 -1.099999999999995381e+01 4.000000000000000000e+02 -1.553398627582515401e-01 -1.714805414944956041e+01 2.550000000000000044e-01
-6.612006377202121143e+00 1.263197976604017725e-01 -1.100249999999995332e+01 4.000000000000000000e+02 -1.550230416147728996e-01 -1.715023732830608338e+01 1.925000000000000044e+00
-6.611979873978936162e+00 1.263184209962239513e-01 -1.100499999999995282e+01 4.000000000000000000e+02 -1.549861716743440032e-01 -1.715270045836565416e+01 6.049999999999999822e-01
-6.611953436656117233e+00 1.263136574457030814e-01 -1.100749999999995232e+01 4.000000000000000000e+02 -1.547384677132538910e-01 -1.715495275440456524e+01 1.790000000000000036e+00
-6.611927059507527460e+00 1.263162651864491726e-01 -1.100999999999995183e+01 4.000000000000000000e+02 -1.546577565753820271e-01 -1.715737204326669030e+01 1.524999999999999911e+00
-6.611900746788965222e+00 1.263192910750627895e-01 -1.101249999999995133e+01 4.000000000000000000e+02 -1.545910115563872700e-01 -1.715980529824769718e+01 8.100000000000000533e-01
-6.611874498707943637e+00 1.263209150498116329e-01 -1.101499999999995083e+01 4.000000000000000000e+02 -1.541574037870670766e-01 -1.716187169047837457e+01 6.850000000000000533e-01
-6.611848305496563327e+00 1.263310618613832648e-01 -1.101749999999995033e+01 4.000000000000000000e+02 -1.540216088967369112e-01 -1.716423589558804608e+01 1.709999999999999964e+00
-6.611822174821800679e+00 1.263160605141649129e-01 -1.101999999999994984e+01 4.000000000000000000e+02 -1.537443733794588707e-01 -1.716645866007076648e+01 7.449999999999999956e-01
-6.611796102845391765e+00 1.263209728027591960e-01 -1.102249999999994934e+01 4.000000000000000000e+02 -1.535712105535409766e-01 -1.716878549724484770e+01 1.435000000000000053e+00
-6.611770092141064481e+00 1.263412312093792622e-01 -1.102499999999994884e+01 4.000000000000000000e+02 -1.535475121157479361e-01 -1.717126179880705195e+01 1.749999999999999889e-01
-6.611744146441432157e+00 1.263424499671114143e-01 -1.102749999999994834e+01 4.000000000000000000e+02 -1.535346952543921728e-01 -1.717374898194569965e+01 1.879999999999999893e+00
-6.611718265863977706e+00 1.263455365620907711e-01 -1.102999999999994785e+01 4.000000000000000000e+02 -1.535278954214097935e-01 -1.717624218211271270e+01 6.099999999999999867e-01
-6.611692450398900078e+00 1.263451627449727610e-01 -1.103249999999994735e+01 4.000000000000000000e+02 -1.532728210939162949e-01 -1.717848710778522303e+01 1.610000000000000098e+00
-6.611666693486801805e+00 1.263509241368353242e-01 -1.103499999999994685e+01 4.000000000000000000e+02 -1.531743850657576178e-01 -1.718088867175706014e+01 9.549999999999999600e-01
-6.611640999018375098e+00 1.263474487639759114e-01 -1.103749999999994635e+01 4.000000000000000000e+02 -1.530590824653753901e-01 -1.718327336915668013e+01 7.299999999999999822e-01
-6.611615366408310379e+00 1.263587151465582203e-01 -1.103999999999994586e+01 4.000000000000000000e+02 -1.527448646595215009e-01 -1.718545915135082325e+01 7.650000000000000133e-01
-6.611589790419225565e+00 1.263614419233141661e-01 -1.104249999999994536e+01 4.000000000000000000e+02 -1.526362437222539004e-01 -1.718785053041355582e+01 6.500000000000000222e-02
-6.611564276170725840e+00 1.263542288826747240e-01 -1.104499999999994486e+01 4.000000000000000000e+02 -1.524428323698986953e-01 -1.719015711906120103e+01 1.760000000000000009e+00
-6.611538821353994066e+00 1.263496113658667264e-01 -1.104749999999994436e+01 4.000000000000000000e+02 -1.523592464643840350e-01 -1.719257353315568793e+01 1.090000000000000080e+00
-6.611513428617970867e+00 1.263512115372882605e-01 -1.104999999999994387e+01 4.000000000000000000e+02 -1.522316068215003038e-01 -1.719494589351280212e+01 9.799999999999999822e-01
-6.611488096693753036e+00 1.263503297215374799e-01 -1.105249999999994337e+01 4.000000000000000000e+02 -1.522201557795102300e-01 -1.719743444247081143e+01 6.500000000000000222e-01
-6.611462828370195055e+00 1.263435977201558813e-01 -1.105499999999994287e+01 4.000000000000000000e+02 -1.518185801451963635e-01 -1.719953286683649551e+01 1.425000000000000044e+00
-6.611437613651174772e+00 1.263428632801008034e-01 -1.105749999999994237e+01 4.000000000000000000e+02 -1.517671131966649989e-01 -1.720198139988796626e+01 1.534999999999999920e+00
-6.611412461229139836e+00 1.263386396354743146e-01 -1.105999999999994188e+01 4.000000000000000000e+02 -1.517494707863542291e-01 -1.720446375747765089e+01 7.249999999999999778e-01
-6.611387371797256662e+00 1.263564383147378900e-01 -1.106249999999994138e+01 4.000000000000000000e+02 -1.515555256737743384e-01 -1.720676981236507430e+01 1.209999999999999964e+00
-6.611362340783610847e+00 1.263609453662235815e-01 -1.106499999999994088e+01 4.000000000000000000e+02 -1.514794653972352523e-01 -1.720919375208853097e+01 6.800000000000000488e-01
-6.611337370994420759e+00 1.263871889859777553e-01 -1.106749999999994039e+01 4.000000000000000000e+02 -1.511298127455175389e-01 -1.721134409943681476e+01 1.455000000000000071e+00
-6.611312455462728721e+00 1.264062710096769959e-01 -1.106999999999993989e+01 4.000000000000000000e+02 -1.511135913622085880e-01 -1.721382787805350389e+01 1.135000000000000009e+00
-6.611287602357371895e+00 1.264029836724852862e-01 -1.107249999999993939e+01 4.000000000000000000e+02 -1.509202381326818498e-01 -1.721613452482397832e+01 1.820000000000000062e+00
-6.611262807128812646e+00 1.263963924268187711e-01 -1.107499999999993889e+01 4.000000000000000000e+02 -1.500045725096813276e-01 -1.721771885920097489e+01 1.030000000000000027e+00
-6.611238051766412660e+00 1.263930575619534868e-01 -1.107749999999993840e+01 4.000000000000000000e+02 -1.495364835815064242e-01 -1.721975077027280321e+01 1.330000000000000071e+00
-6.611213347264587092e+00 1.264023594613866153e-01 -1.107999999999993790e+01 4.000000000000000000e+02 -1.492699264754785426e-01 -1.722198421316677397e+01 1.544999999999999929e+00
-6.611188698485541693e+00 1.264051679608204082e-01 -1.108249999999993740e+01 4.000000000000000000e+02 -1.491869799517382134e-01 -1.722440126664303506e+01 9.449999999999999512e-01
-6.611164109817319279e+00 1.264194752973118452e-01 -1.108499999999993690e+01 4.000000000000000000e+02 -1.491366832996263991e-01 -1.722685096999092025e+01 1.929999999999999938e+00
-6.611139581912691909e+00 1.264215443208490108e-01 -1.108749999999993641e+01 4.000000000000000000e+02 -1.488030617594779392e-01 -1.722901734845077115e+01 1.814999999999999947e+00
-6.611115107686925008e+00 1.264148242528092547e-01 -1.108999999999993591e+01 4.000000000000000000e+02 -1.486765672736120036e-01 -1.723139085396490344e+01 1.245000000000000107e+00
-6.611090692078828823e+00 1.264172187347464282e-01 -1.109249999999993541e+01 4.000000000000000000e+02 -1.484239812242261203e-01 -1.723363826791552000e+01 1.300000000000000044e+00
-6.611066331875198543e+00 1.264063807399070372e-01 -1.109499999999993491e+01 4.000000000000000000e+02 -1.482467072512409501e-01 -1.723471125435915496e+01 nan
-6.611041998388169638e+00 1.264110670572729245e-01 -1.109750313021805290e+01 3.990000000000000000e+02 -1.480339354000506646e-01 -1.723449848250796634e+01 nan
-6.611017660315401834e+00 1.264148113219970559e-01 -1.110001254182347807e+01 3.980000000000000000e+02 -1.479366412686363985e-01 -1.723440118837655177e+01 nan
-6.610993320466981515e+00 1.264090424413050195e-01 -1.110252826642072499e+01 3.970000000000000000e+02 -1.478674378186084493e-01 -1.723433198492652352e+01 nan
-6.610968979526576916e+00 1.264092373242184930e-01 -1.110505033585343426e+01 3.960000000000000000e+02 -1.476356133484820754e-01 -1.723410016045639637e+01 nan
-6.610944633535365433e+00 1.264059734631014509e-01 -1.110757878220679373e+01 3.950000000000000000e+02 -1.475481591446892726e-01 -1.723401270625260651e+01 nan
-6.610920286007692326e+00 1.264051718051667494e-01 -1.111011363780998096e+01 3.940000000000000000e+02 -1.475405735451446598e-01 -1.723400512065305890e+01 nan
-6.610895938888122103e+00 1.263997926373686409e-01 -1.111265493523865366e+01 3.930000000000000000e+02 -1.475095506969270054e-01 -1.723397409780484324e+01 nan
-6.610871591606018782e+00 1.264019036139668595e-01 -1.111520270731745264e+01 3.920000000000000000e+02 -1.474006897636526980e-01 -1.723386523687156924e+01 nan
-6.610847242266175705e+00 1.263993171057649911e-01 -1.111775698712254901e+01 3.910000000000000000e+02 -1.473887627366480546e-01 -1.723385330984456232e+01 nan
-6.610822893228801789e+00 1.263996076041332406e-01 -1.112031780798422353e+01 3.900000000000000000e+02 -1.471618449199499634e-01 -1.723362639202786539e+01 nan
-6.610798539258634143e+00 1.263942806986935730e-01 -1.112288520348946896e+01 3.890000000000000000e+02 -1.467959968218827405e-01 -1.723326054392979856e+01 nan
-6.610774176970409144e+00 1.263974883581543418e-01 -1.112545920748464212e+01 3.880000000000000000e+02 -1.466850641800375166e-01 -1.723314961128795275e+01 nan
-6.610749812573066819e+00 1.263930347965528389e-01 -1.112803985407813379e+01 3.870000000000000000e+02 -1.464890388169116930e-01 -1.723295358592482884e+01 nan
-6.610725443993000106e+00 1.263967253189147433e-01 -1.113062717764308474e+01 3.860000000000000000e+02 -1.464708623323088821e-01 -1.723293540944022340e+01 nan
-6.610701075563824247e+00 1.263914682041605286e-01 -1.113322121282013200e+01 3.850000000000000000e+02 -1.464283026849813596e-01 -1.723289284979289704e+01 nan
-6.610676706691358540e+00 1.263846221292674876e-01 -1.113582199452018884e+01 3.840000000000000000e+02 -1.464014833676197391e-01 -1.723286603047553456e+01 nan
-6.610652337759178820e+00 1.263893157571723547e-01 -1.113842955792726919e+01 3.830000000000000000e+02 -1.463276396429372683e-01 -1.723279218675085289e+01 nan
-6.610627967621335976e+00 1.263858879927752810e-01 -1.114104393850134045e+01 3.820000000000000000e+02 -1.462859714421210489e-01 -1.723275051855003781e+01 nan
-6.610603597061937897e+00 1.263842495275582789e-01 -1.114366517198121542e+01 3.810000000000000000e+02 -1.462607280895540651e-01 -1.723272527519747044e+01 nan
-6.610579226481269721e+00 1.263902954178526550e-01 -1.114629329438748506e+01 3.800000000000000000e+02 -1.462229729592098293e-01 -1.723268752006712390e+01 nan
-6.610554855574414468e+00 1.263857193951232749e-01 -1.114892834202549032e+01 3.790000000000000000e+02 -1.461183135608204453e-01 -1.723258286066873524e+01 nan
-6.610530482710800904e+00 1.263772527280846991e-01 -1.115157035148832954e+01 3.780000000000000000e+02 -1.459912430335437716e-01 -1.723245579014145790e+01 nan
-6.610506107344053639e+00 1.263866660060832259e-01 -1.115421935965990663e+01 3.770000000000000000e+02 -1.459876658844878050e-01 -1.723245221299240271e+01 nan
-6.610481732484259076e+00 1.263860951975635527e-01 -1.115687540371802200e+01 3.760000000000000000e+02 -1.459709864195628815e-01 -1.723243553352747881e+01 nan
-6.610457357812035362e+00 1.263746353209501405e-01 -1.115953852113750600e+01 3.750000000000000000e+02 -1.458383799676647441e-01 -1.723230292707557965e+01 nan
-6.610432980501586897e+00 1.263699594476927202e-01 -1.116220874969338439e+01 3.740000000000000000e+02 -1.457338922390521430e-01 -1.723219843934696627e+01 nan
-6.610408601238207282e+00 1.263747871378962384e-01 -1.116488612746410070e+01 3.730000000000000000e+02 -1.456712669806464189e-01 -1.723213581408856143e+01 nan
-6.610384221042412634e+00 1.263609280242013189e-01 -1.116757069283477044e+01 3.720000000000000000e+02 -1.456614402929539975e-01 -1.723212598740087032e+01 nan
-6.610359841201428388e+00 1.263659809852754334e-01 -1.117026248450048165e+01 3.710000000000000000e+02 -1.455215786543771761e-01 -1.723198612576229394e+01 nan
-6.610335458544887466e+00 1.263594872702783201e-01 -1.117296154146964682e+01 3.700000000000000000e+02 -1.454423878855047592e-01 -1.723190693499342174e+01 nan
-6.610311074551958654e+00 1.263597382707425110e-01 -1.117566790306739044e+01 3.690000000000000000e+02 -1.452895427878024837e-01 -1.723175408989571977e+01 nan
-6.610286687426472518e+00 1.263595261812646142e-01 -1.117838160893898625e+01 3.680000000000000000e+02 -1.451983778324129892e-01 -1.723166292494032703e+01 nan
-6.610262298672432202e+00 1.263540040823195321e-01 -1.118110269905334775e+01 3.670000000000000000e+02 -1.450948992940913618e-01 -1.723155944640200588e+01 nan
-6.610237907989438000e+00 1.263606908971204590e-01 -1.118383121370655253e+01 3.660000000000000000e+02 -1.450027357958934837e-01 -1.723146728290381446e+01 nan
-6.610213515653382998e+00 1.263668481595450477e-01 -1.118656719352542694e+01 3.650000000000000000e+02 -1.447787240960806965e-01 -1.723124327120400068e+01 nan
-6.610189118447718393e+00 1.263722431925899947e-01 -1.118931067947117697e+01 3.640000000000000000e+02 -1.447610271796516968e-01 -1.723122557428756707e+01 nan
-6.610164721405519472e+00 1.263825812009732874e-01 -1.119206171284306706e+01 3.630000000000000000e+02 -1.447408968685215680e-01 -1.723120544397643883e+01 nan
-6.610140324467415063e+00 1.263852914448806708e-01 -1.119482033528214693e+01 3.620000000000000000e+02 -1.447024975389831769e-01 -1.723116704464689874e+01 nan
-6.610115927187696805e+00 1.263910129697760065e-01 -1.119758658877503699e+01 3.610000000000000000e+02 -1.446087463767507797e-01 -1.723107329348466621e+01 nan
-6.610091528215894741e+00 1.264008896709380714e-01 -1.120036051565776170e+01 3.600000000000000000e+02 -1.445536762782179963e-01 -1.723101822338613331e+01 nan
-6.610067128495746402e+00 1.263980025979130895e-01 -1.120314215861963802e+01 3.590000000000000000e+02 -1.443353813712549838e-01 -1.723079992847917197e+01 nan
-6.610042724044208562e+00 1.263880123672259104e-01 -1.120593156070721719e+01 3.580000000000000000e+02 -1.440866232750785680e-01 -1.723055117038299500e+01 nan
-6.610018314116895333e+00 1.263897858065659852e-01 -1.120872876532827789e+01 3.570000000000000000e+02 -1.439296964930348866e-01 -1.723039424360095140e+01 nan
-6.609993900954680868e+00 1.263846840068787725e-01 -1.121153381625588707e+01 3.560000000000000000e+02 -1.438794597533612218e-01 -1.723034400686127654e+01 nan
-6.609969487162031143e+00 1.263777680322164809e-01 -1.121434675763250155e+01 3.550000000000000000e+02 -1.435954198726299147e-01 -1.723005996698054432e+01 nan
-6.609945067030178478e+00 1.263921584377981633e-01 -1.121716763397414240e+01 3.540000000000000000e+02 -1.435825797808114590e-01 -1.723004712688872786e+01 nan
-6.609920647181106723e+00 1.263867522063510940e-01 -1.121999649017462097e+01 3.530000000000000000e+02 -1.433254359228032515e-01 -1.722978998303072018e+01 nan
-6.609896221648357439e+00 1.263801507039735705e-01 -1.122283337150981986e+01 3.520000000000000000e+02 -1.432583587595716024e-01 -1.722972290586748656e+01 nan
-6.609871795073810397e+00 1.263890172936985024e-01 -1.122567832364205032e+01 3.510000000000000000e+02 -1.430546121305774909e-01 -1.722951915923849242e+01 nan
-6.609847364118748736e+00 1.263876321119944135e-01 -1.122853139262445588e+01 3.500000000000000000e+02 -1.426734851643480240e-01 -1.722913803227226381e+01 nan
-6.609822924447815495e+00 1.263810608395644353e-01 -1.123139262490548873e+01 3.490000000000000000e+02 -1.425608919503374428e-01 -1.722902543905825468e+01 nan
-6.609798482622370130e+00 1.263890952378944887e-01 -1.123426206733344124e+01 3.480000000000000000e+02 -1.424876821971683971e-01 -1.722895222930508297e+01 nan
-6.609774039604932483e+00 1.263821909165718793e-01 -1.123713976716105556e+01 3.470000000000000000e+02 -1.414401563312087662e-01 -1.722790470343912617e+01 nan
-6.609749571567772541e+00 1.263807721472974543e-01 -1.124002577205019016e+01 3.460000000000000000e+02 -1.413643987559462523e-01 -1.722782894586386249e+01 nan
-6.609725102275641362e+00 1.263726444547444150e-01 -1.124292013007655378e+01 3.450000000000000000e+02 -1.412152081534201187e-01 -1.722767975526133100e+01 nan
-6.609700629931515081e+00 1.263796433597569324e-01 -1.124582288973451583e+01 3.440000000000000000e+02 -1.411699955817211360e-01 -1.722763454268963557e+01 nan
-6.609676157079827696e+00 1.263788909569042163e-01 -1.124873409994197360e+01 3.430000000000000000e+02 -1.410731384331129767e-01 -1.722753768554102649e+01 nan
-6.609651682456648025e+00 1.263725191113391211e-01 -1.125165381004530829e+01 3.420000000000000000e+02 -1.410621186712458786e-01 -1.722752666577915903e+01 nan
-6.609627208162764944e+00 1.263776864327462446e-01 -1.125458206982439613e+01 3.410000000000000000e+02 -1.408009065959193173e-01 -1.722726545370383278e+01 nan
-6.609602728074277067e+00 1.263857815763446413e-01 -1.125751892949770649e+01 3.400000000000000000e+02 -1.406658241999667880e-01 -1.722713037130787939e+01 nan
-6.609578245278117770e+00 1.263826848059250996e-01 -1.126046443972746403e+01 3.390000000000000000e+02 -1.405923452942778873e-01 -1.722705689240219229e+01 nan
-6.609553761282382034e+00 1.263834533256775194e-01 -1.126341865162489597e+01 3.380000000000000000e+02 -1.404982448330064360e-01 -1.722696279194092384e+01 nan
-6.609529275582119112e+00 1.263872825887505380e-01 -1.126638161675555239e+01 3.370000000000000000e+02 -1.392878701402690822e-01 -1.722575241724818440e+01 nan
-6.609504760827665137e+00 1.263800630433935812e-01 -1.126935338714470980e+01 3.360000000000000000e+02 -1.392831486941541463e-01 -1.722574769580207033e+01 nan
-6.609480246558428362e+00 1.263813498918703593e-01 -1.127233401528284773e+01 3.350000000000000000e+02 -1.392221647816903329e-01 -1.722568671188960465e+01 nan
-6.609455731395160072e+00 1.263857465464198748e-01 -1.127532355413121401e+01 3.340000000000000000e+02 -1.391945730345816312e-01 -1.722565912014249889e+01 nan
-6.609431216156469446e+00 1.263746768619051497e-01 -1.127832205712747005e+01 3.330000000000000000e+02 -1.389991555220648489e-01 -1.722546370262998039e+01 nan
-6.609406696727761599e+00 1.263676995467268582e-01 -1.128132957819142490e+01 3.320000000000000000e+02 -1.388838263061557832e-01 -1.722534837341406799e+01 nan
-6.609382175072376242e+00 1.263722495990559080e-01 -1.128434617173085108e+01 3.310000000000000000e+02 -1.388175190492087485e-01 -1.722528206615712421e+01 nan
-6.609357652392329641e+00 1.263681223955753496e-01 -1.128737189264738738e+01 3.300000000000000000e+02 -1.387175169533800823e-01 -1.722518206406129337e+01 nan
-6.609333127861278356e+00 1.263774338068955894e-01 -1.129040679634254118e+01 3.290000000000000000e+02 -1.386844364275304220e-01 -1.722514898353544410e+01 nan
-6.609308603120397585e+00 1.263744949638941073e-01 -1.129345093872376893e+01 3.280000000000000000e+02 -1.386513526454838940e-01 -1.722511589975339774e+01 nan
-6.609284078169610055e+00 1.263809079964456905e-01 -1.129650437621065961e+01 3.270000000000000000e+02 -1.385341339517164594e-01 -1.722499868105962761e+01 nan
-6.609259550945435713e+00 1.263843202412034405e-01 -1.129956716574120534e+01 3.260000000000000000e+02 -1.384213552853895968e-01 -1.722488590239330009e+01 nan
-6.609235021556629341e+00 1.263813517900274908e-01 -1.130263936477817488e+01 3.250000000000000000e+02 -1.382977312589570851e-01 -1.722476227836687102e+01 nan
-6.609210489737001204e+00 1.263780876372379569e-01 -1.130572103131558315e+01 3.240000000000000000e+02 -1.382121651252846417e-01 -1.722467671223319741e+01 nan
-6.609185956420063235e+00 1.263803527589049958e-01 -1.130881222388525664e+01 3.230000000000000000e+02 -1.382112343863091397e-01 -1.722467578149421996e+01 nan
-6.609161423682160752e+00 1.263738218856626239e-01 -1.131191300156350543e+01 3.220000000000000000e+02 -1.382017332097464912e-01 -1.722466628031766334e+01 nan
-6.609136891313016626e+00 1.263696425220588171e-01 -1.131502342397789818e+01 3.210000000000000000e+02 -1.377168823309128654e-01 -1.722418142943882913e+01 nan
-6.609112347648707697e+00 1.263652314187766745e-01 -1.131814355131414196e+01 3.200000000000000000e+02 -1.376829176940647381e-01 -1.722414746480198033e+01 nan
-6.609087803753174839e+00 1.263602817276124890e-01 -1.132127344432307048e+01 3.190000000000000000e+02 -1.376635032866742325e-01 -1.722412805039459016e+01 nan
-6.609063259983537719e+00 1.263610274568634506e-01 -1.132441316432773881e+01 3.180000000000000000e+02 -1.375913026716596710e-01 -1.722405584977957460e+01 nan
-6.609038715044208701e+00 1.263581539769907669e-01 -1.132756277323063543e+01 3.170000000000000000e+02 -1.375279691141352290e-01 -1.722399251622205085e+01 nan
-6.609014169152808371e+00 1.263543448705677641e-01 -1.133072233352100433e+01 3.160000000000000000e+02 -1.373924085726481448e-01 -1.722385695568056363e+01 nan
-6.608989620536337206e+00 1.263556083097105709e-01 -1.133389190828228266e+01 3.150000000000000000e+02 -1.373127232990359881e-01 -1.722377727040695206e+01 nan
-6.608965070566316768e+00 1.263445031164053267e-01 -1.133707156119966264e+01 3.140000000000000000e+02 -1.372877203428915227e-01 -1.722375226745080568e+01 nan
-6.608940520585175449e+00 1.263455036507611373e-01 -1.134026135656776191e+01 3.130000000000000000e+02 -1.369018233351748659e-01 -1.722336637044309171e+01 nan
-6.608915961731477218e+00 1.263457639535157107e-01 -1.134346135929843236e+01 3.120000000000000000e+02 -1.368828529655893023e-01 -1.722334740007350362e+01 nan
-6.608891403015023869e+00 1.263497725274522476e-01 -1.134667163492868092e+01 3.110000000000000000e+02 -1.368344057341476239e-01 -1.722329895284206458e+01 nan
-6.608866843711899364e+00 1.263469607658535554e-01 -1.134989224962872356e+01 3.100000000000000000e+02 -1.363651632541995340e-01 -1.722282971036211663e+01 nan
-6.608842273485371344e+00 1.263413891225500518e-01 -1.135312327021017076e+01 3.090000000000000000e+02 -1.362091164863303283e-01 -1.722267366359424656e+01 nan
-6.608817700028262188e+00 1.263452685676264564e-01 -1.135636476413434259e+01 3.080000000000000000e+02 -1.361420280186502740e-01 -1.722260657512656579e+01 nan
-6.608793125526402967e+00 1.263481321712585370e-01 -1.135961679952072068e+01 3.070000000000000000e+02 -1.358617543537055661e-01 -1.722232630146162080e+01 nan
-6.608768544740138751e+00 1.263567087670456612e-01 -1.136287944515553683e+01 3.060000000000000000e+02 -1.358217090142949390e-01 -1.722228625612221009e+01 nan
-6.608743963573744828e+00 1.263605899938983479e-01 -1.136615277050050565e+01 3.050000000000000000e+02 -1.357220281458246802e-01 -1.722218657525374041e+01 nan
-6.608719380561265844e+00 1.263697741738266378e-01 -1.136943684570169566e+01 3.040000000000000000e+02 -1.357156402685035512e-01 -1.722218018737641998e+01 nan
-6.608694797996069070e+00 1.263699583177591013e-01 -1.137273174159854783e+01 3.030000000000000000e+02 -1.356986905340679117e-01 -1.722216323764198265e+01 nan
-6.608670215618503541e+00 1.263620698627744843e-01 -1.137603752973304694e+01 3.020000000000000000e+02 -1.355069008282381582e-01 -1.722197144793615564e+01 nan
-6.608645629130291077e+00 1.263580872450924264e-01 -1.137935428235904034e+01 3.010000000000000000e+02 -1.354862625458675973e-01 -1.722195080965378366e+01 nan
-6.608621042739150298e+00 1.263542808045287069e-01 -1.138268207245171482e+01 3.000000000000000000e+02 -1.354583343915252980e-01 -1.722192288149944162e+01 nan
-6.608596456265847685e+00 1.263655315239343713e-01 -1.138602097371722977e+01 2.990000000000000000e+02 -1.353948391169039200e-01 -1.722185938622482126e+01 nan
-6.608571868835908525e+00 1.263612872165353618e-01 -1.138937106060251203e+01 2.980000000000000000e+02 -1.351320546970538883e-01 -1.722159660180496843e+01 nan
-6.608547275548692035e+00 1.263630228337548900e-01 -1.139273240830521772e+01 2.970000000000000000e+02 -1.349912346881870784e-01 -1.722145578179610226e+01 nan
-6.608522679402947020e+00 1.263610197703299853e-01 -1.139610509278385742e+01 2.960000000000000000e+02 -1.349894167179102045e-01 -1.722145396382582661e+01 nan
-6.608498083817444524e+00 1.263540741657957489e-01 -1.139948919076809730e+01 2.950000000000000000e+02 -1.348373777581588218e-01 -1.722130192486607569e+01 nan
-6.608473485097236200e+00 1.263477919341166600e-01 -1.140288477976923609e+01 2.940000000000000000e+02 -1.344153715259895354e-01 -1.722087991863390499e+01 nan
-6.608448876599489097e+00 1.263497136866316706e-01 -1.140629193809085073e+01 2.930000000000000000e+02 -1.342976452380929553e-01 -1.722076219234600813e+01 nan
-6.608424265810175058e+00 1.263589114784265943e-01 -1.140971074483963577e+01 2.920000000000000000e+02 -1.342396691386648355e-01 -1.722070421624658110e+01 nan
-6.608399654199710760e+00 1.263592674024685003e-01 -1.141314127993642558e+01 2.910000000000000000e+02 -1.341794808941618733e-01 -1.722064402800207716e+01 nan
-6.608375041713642872e+00 1.263570866512591928e-01 -1.141658362412739791e+01 2.900000000000000000e+02 -1.341490966273087004e-01 -1.722061364373522352e+01 nan
-6.608350429085518840e+00 1.263504370593950543e-01 -1.142003785899548518e+01 2.890000000000000000e+02 -1.340474056466591235e-01 -1.722051195275457403e+01 nan
-6.608325814560243927e+00 1.263416656698986840e-01 -1.142350406697197229e+01 2.880000000000000000e+02 -1.338675777907099851e-01 -1.722033212489862919e+01 nan
-6.608301196214217299e+00 1.263488833138028955e-01 -1.142698233134829700e+01 2.870000000000000000e+02 -1.336342302030793239e-01 -1.722009877731099436e+01 nan
-6.608276572729148590e+00 1.263531535658295735e-01 -1.143047273628806515e+01 2.860000000000000000e+02 -1.336016512770129561e-01 -1.722006619838492725e+01 nan
-6.608251949048191243e+00 1.263489063779420774e-01 -1.143397536683926674e+01 2.850000000000000000e+02 -1.332494100628413281e-01 -1.721971395717075737e+01 nan
-6.608227317298862147e+00 1.263579396617907080e-01 -1.143749030894671037e+01 2.840000000000000000e+02 -1.328050426047620858e-01 -1.721926958971267752e+01 nan
-6.608202675208665333e+00 1.263534288555517859e-01 -1.144101764946467803e+01 2.830000000000000000e+02 -1.327411424032325649e-01 -1.721920568951114916e+01 nan
-6.608178032151059256e+00 1.263498830763192526e-01 -1.144455747616980190e+01 2.820000000000000000e+02 -1.326404890873799924e-01 -1.721910503619529464e+01 nan
-6.608153387220280450e+00 1.263562423779061583e-01 -1.144810987777417033e+01 2.810000000000000000e+02 -1.324740255599825833e-01 -1.721893857266789851e+01 nan
-6.608128738794187385e+00 1.263503884535634447e-01 -1.145167494393866647e+01 2.800000000000000000e+02 -1.324051121195878589e-01 -1.721886965922750434e+01 nan
-6.608104089277020421e+00 1.263528273292629789e-01 -1.145525276528655034e+01 2.790000000000000000e+02 -1.316643720333879330e-01 -1.721812891914130361e+01 nan
-6.608079422102463241e+00 1.263611593515194809e-01 -1.145884343341727885e+01 2.780000000000000000e+02 -1.315898869712835706e-01 -1.721805443407919967e+01 nan
-6.608054753699024175e+00 1.263637783816297933e-01 -1.146244704092057809e+01 2.770000000000000000e+02 -1.314100913070309629e-01 -1.721787463841494770e+01 nan
-6.608030081468593053e+00 1.263641286609421821e-01 -1.146606368139076615e+01 2.760000000000000000e+02 -1.313369849147027479e-01 -1.721780153202261943e+01 nan
-6.608005408043169382e+00 1.263598565966270737e-01 -1.146969344944134406e+01 2.750000000000000000e+02 -1.311011740727030528e-01 -1.721756572118061968e+01 nan
-6.607980729407776366e+00 1.263562499198562505e-01 -1.147333644071984438e+01 2.740000000000000000e+02 -1.310293380914529793e-01 -1.721749388519936730e+01 nan
-6.607956049608591620e+00 1.263602226039700627e-01 -1.147699275192295509e+01 2.730000000000000000e+02 -1.306379969253501361e-01 -1.721710254403326701e+01 nan
-6.607931360758730222e+00 1.263603112813400930e-01 -1.148066248081191709e+01 2.720000000000000000e+02 -1.306179249695950395e-01 -1.721708247207751086e+01 nan
-6.607906672022853201e+00 1.263580843871512926e-01 -1.148434572622821292e+01 2.710000000000000000e+02 -1.301375028247680754e-01 -1.721660204993268550e+01 nan
-6.607881972033069040e+00 1.263621815206114885e-01 -1.148804258810953982e+01 2.700000000000000000e+02 -1.300958302431403091e-01 -1.721656037735105471e+01 nan
-6.607857271624063777e+00 1.263738707407877082e-01 -1.149175316750607578e+01 2.690000000000000000e+02 -1.300925777769627867e-01 -1.721655712488487922e+01 nan
-6.607832571744819639e+00 1.263820588034857695e-01 -1.149547756659705833e+01 2.680000000000000000e+02 -1.300796562695490655e-01 -1.721654420337746316e+01 nan
-6.607807872156493900e+00 1.263734956708947310e-01 -1.149921588870766520e+01 2.670000000000000000e+02 -1.300742155555553725e-01 -1.721653876266347183e+01 nan
-6.607783173043844549e+00 1.263830415482957437e-01 -1.150296823832621484e+01 2.660000000000000000e+02 -1.299970266014606746e-01 -1.721646157370937757e+01 nan
-6.607758472634724711e+00 1.263763847218219161e-01 -1.150673472112169193e+01 2.650000000000000000e+02 -1.297695828483575176e-01 -1.721623412995627334e+01 nan
-6.607733767217315091e+00 1.263690725897338163e-01 -1.151051544396159798e+01 2.640000000000000000e+02 -1.295961752528102806e-01 -1.721606072236072649e+01 nan
-6.607709058125927903e+00 1.263719758662730508e-01 -1.151431051493015012e+01 2.630000000000000000e+02 -1.292012143750499997e-01 -1.721566576148296690e+01 nan
-6.607684339884374758e+00 1.263701727154053212e-01 -1.151812004334681738e+01 2.620000000000000000e+02 -1.288719288803613361e-01 -1.721533647598827699e+01 nan
-6.607659614113401858e+00 1.263713117742708003e-01 -1.152194413978522114e+01 2.610000000000000000e+02 -1.286160052294264833e-01 -1.721508055233734069e+01 nan
-6.607634882625292860e+00 1.263699029501069160e-01 -1.152578291609238725e+01 2.600000000000000000e+02 -1.286053345216944255e-01 -1.721506988162960994e+01 nan
-6.607610151484920813e+00 1.263702614411963687e-01 -1.152963648540837660e+01 2.590000000000000000e+02 -1.282747567655202481e-01 -1.721473930387343643e+01 nan
-6.607585412779550360e+00 1.263707920110564709e-01 -1.153350496218629750e+01 2.580000000000000000e+02 -1.281911766005724707e-01 -1.721465572370848918e+01 nan
-6.607560672618493669e+00 1.263704177978120791e-01 -1.153738846221269476e+01 2.570000000000000000e+02 -1.281022462499918080e-01 -1.721456679335790696e+01 nan
-6.607535930869329555e+00 1.263687377032038650e-01 -1.154128710262835256e+01 2.560000000000000000e+02 -1.279131557330565050e-01 -1.721437770284097368e+01 nan
-6.607511185053605907e+00 1.263716443046078164e-01 -1.154520100194948817e+01 2.550000000000000000e+02 -1.275750371771798564e-01 -1.721403958428509640e+01 nan
-6.607486431482098688e+00 1.263777880342776549e-01 -1.154913028008937737e+01 2.540000000000000000e+02 -1.275082815346619824e-01 -1.721397282864257861e+01 nan
-6.607461676870880929e+00 1.263817862618944743e-01 -1.155307505838039361e+01 2.530000000000000000e+02 -1.268442377878699068e-01 -1.721330878489578708e+01 nan
-6.607436906429446033e+00 1.263824017177291592e-01 -1.155703545959648970e+01 2.520000000000000000e+02 -1.265404837772997337e-01 -1.721300503088521339e+01 nan
-6.607412129076586815e+00 1.263827117734135086e-01 -1.156101160797612870e+01 2.510000000000000000e+02 -1.265327439523030451e-01 -1.721299729106021559e+01 nan
-6.607387352145863701e+00 1.263889339521302169e-01 -1.156500362924566616e+01 2.500000000000000000e+02 -1.261502056554807127e-01 -1.721261475276339326e+01 nan
-6.607362566349435973e+00 1.263834312837859297e-01 -1.156901165064320480e+01 2.490000000000000000e+02 -1.260599549182736256e-01 -1.721252450202618434e+01 nan
-6.607337778930374661e+00 1.263863577678583372e-01 -1.157303580094293061e+01 2.480000000000000000e+02 -1.257849571520551213e-01 -1.721224950425996880e+01 nan
-6.607312985308545272e+00 1.263907631441771873e-01 -1.157707621047993563e+01 2.470000000000000000e+02 -1.251928174405889382e-01 -1.721165736454850048e+01 nan
-6.607288177616334579e+00 1.263933463381509970e-01 -1.158113301117555061e+01 2.460000000000000000e+02 -1.251564252109440278e-01 -1.721162097231885468e+01 nan
-6.607263369636740435e+00 1.263881866382582930e-01 -1.158520633656318566e+01 2.450000000000000000e+02 -1.249989918361178315e-01 -1.721146353894403092e+01 nan
-6.607238558366800518e+00 1.263999438878470882e-01 -1.158929632181471092e+01 2.440000000000000000e+02 -1.249927521797188634e-01 -1.721145729928763046e+01 nan
-6.607213747557636019e+00 1.263968326326805058e-01 -1.159340310376736483e+01 2.430000000000000000e+02 -1.243279671436436362e-01 -1.721079251425155476e+01 nan
-6.607188920865308290e+00 1.264018584442394288e-01 -1.159752682095122722e+01 2.420000000000000000e+02 -1.243159921003264418e-01 -1.721078053920823692e+01 nan
-6.607164094492039119e+00 1.264001101739336275e-01 -1.160166761361725918e+01 2.410000000000000000e+02 -1.242218090228494193e-01 -1.721068635613076481e+01 nan
-6.607139266396855781e+00 1.263964673064049138e-01 -1.160582562376592364e+01 2.400000000000000000e+02 -1.240602443046661812e-01 -1.721052479141258118e+01 nan
-6.607114434906572242e+00 1.263876002673821608e-01 -1.161000099517640471e+01 2.390000000000000000e+02 -1.238844581044988569e-01 -1.721034900521241440e+01 nan
-6.607089599667622437e+00 1.263842151895638310e-01 -1.161419387343643983e+01 2.380000000000000000e+02 -1.236790861693007754e-01 -1.721014363327721597e+01 nan
-6.607064759944651477e+00 1.263785383611404911e-01 -1.161840440597278246e+01 2.370000000000000000e+02 -1.236541225193756449e-01 -1.721011866962728831e+01 nan
-6.607039920218602091e+00 1.263778449376157242e-01 -1.162263274208230435e+01 2.360000000000000000e+02 -1.233517375732671173e-01 -1.720981628468118174e+01 nan
-6.607015073597534816e+00 1.263724903177898817e-01 -1.162687903296375502e+01 2.350000000000000000e+02 -1.232300270363372169e-01 -1.720969457414425463e+01 nan
-6.606990224569639913e+00 1.263742337482454681e-01 -1.163114343175021226e+01 2.340000000000000000e+02 -1.232040013474411111e-01 -1.720966854845535465e+01 nan
-6.606965375512506178e+00 1.263739393603668104e-01 -1.163542609354221291e+01 2.330000000000000000e+02 -1.228805758167844514e-01 -1.720934512292469520e+01 nan
-6.606940519035013004e+00 1.263743735857086048e-01 -1.163972717544160318e+01 2.320000000000000000e+02 -1.227829851135092964e-01 -1.720924753222142201e+01 nan
-6.606915660749559827e+00 1.263714162739132674e-01 -1.164404683658611894e+01 2.310000000000000000e+02 -1.217835948446089056e-01 -1.720824814195252017e+01 nan
-6.606890778227406003e+00 1.263625506184067604e-01 -1.164838523818471749e+01 2.300000000000000000e+02 -1.216004159309051758e-01 -1.720806496303881872e+01 nan
-6.606865891766175558e+00 1.263676849973001393e-01 -1.165274254355367312e+01 2.290000000000000000e+02 -1.214549141494180584e-01 -1.720791946125732963e+01 nan
-6.606841002303113441e+00 1.263642642454142206e-01 -1.165711891815347201e+01 2.280000000000000000e+02 -1.213595017272028481e-01 -1.720782404883511418e+01 nan
-6.606816111084732768e+00 1.263745016979277713e-01 -1.166151452962651014e+01 2.270000000000000000e+02 -1.207272950054836119e-01 -1.720719184211339581e+01 nan
-6.606791204745126045e+00 1.263715951101326562e-01 -1.166592954783562774e+01 2.260000000000000000e+02 -1.204726870981799314e-01 -1.720693723420609089e+01 nan
-6.606766292683908581e+00 1.263735162935403500e-01 -1.167036414490349294e+01 2.250000000000000000e+02 -1.200389543293420430e-01 -1.720650350143725404e+01 nan
-6.606741370436169269e+00 1.263793517216479367e-01 -1.167481849525287352e+01 2.240000000000000000e+02 -1.199271995412189012e-01 -1.720639174664913185e+01 nan
-6.606716446024300637e+00 1.263786672486580942e-01 -1.167929277564779511e+01 2.230000000000000000e+02 -1.197166835865434015e-01 -1.720618123069445815e+01 nan
-6.606691516986300527e+00 1.263899257461434944e-01 -1.168378716523563376e+01 2.220000000000000000e+02 -1.193956486544799217e-01 -1.720586019576239067e+01 nan
-6.606666580565664582e+00 1.263869256824639853e-01 -1.168830184559016061e+01 2.210000000000000000e+02 -1.193377261419851926e-01 -1.720580227324989764e+01 nan
-6.606641643322469726e+00 1.263814166315993803e-01 -1.169283700075555110e+01 2.200000000000000000e+02 -1.192375605562379509e-01 -1.720570210766415187e+01 nan
-6.606616704203240431e+00 1.263780338002606640e-01 -1.169739281729141211e+01 2.190000000000000000e+02 -1.191919654256129169e-01 -1.720565651253352613e+01 nan
-6.606591764568869429e+00 1.263706810182009810e-01 -1.170196948431882333e+01 2.180000000000000000e+02 -1.191033817217731910e-01 -1.720556792882968367e+01 nan
-6.606566823347208128e+00 1.263709487228656947e-01 -1.170656719356745334e+01 2.170000000000000000e+02 -1.190613425068019066e-01 -1.720552588961471585e+01 nan
-6.606541881699103946e+00 1.263778866402805734e-01 -1.171118613942374864e+01 2.160000000000000000e+02 -1.187639742323377823e-01 -1.720522852134024916e+01 nan
-6.606516933255389468e+00 1.263763188880316357e-01 -1.171582651898025063e+01 2.150000000000000000e+02 -1.183624214480541725e-01 -1.720482696855596672e+01 nan
-6.606491975414330753e+00 1.263790703985224473e-01 -1.172048853208606189e+01 2.140000000000000000e+02 -1.182980910253269291e-01 -1.720476263813323925e+01 nan
-6.606467016590610086e+00 1.263708744343676471e-01 -1.172517238139848850e+01 2.130000000000000000e+02 -1.182869408773873088e-01 -1.720475148798529830e+01 nan
-6.606442058111531068e+00 1.263760615838567802e-01 -1.172987827243590075e+01 2.120000000000000000e+02 -1.175622191823128132e-01 -1.720402676629022665e+01 nan
-6.606417082161533116e+00 1.263686982251064628e-01 -1.173460641363184642e+01 2.110000000000000000e+02 -1.173346676366436442e-01 -1.720379921474455642e+01 nan
-6.606392101151567608e+00 1.263676679787697765e-01 -1.173935701639044460e+01 2.100000000000000000e+02 -1.172366174104605835e-01 -1.720370116451837106e+01 nan
-6.606367118316215148e+00 1.263709924304092791e-01 -1.174413029514310303e+01 2.090000000000000000e+02 -1.170223536610840720e-01 -1.720348690076900056e+01 nan
-6.606342130751700736e+00 1.263604468863865071e-01 -1.174892646740659607e+01 2.080000000000000000e+02 -1.167775582765666759e-01 -1.720324210538448284e+01 nan
-6.606317137694189157e+00 1.263689808817347604e-01 -1.175374575384254427e+01 2.070000000000000000e+02 -1.167231128154770925e-01 -1.720318765992339038e+01 nan
-6.606292143900570402e+00 1.263688812378766235e-01 -1.175858837831833270e+01 2.060000000000000000e+02 -1.167158519798888738e-01 -1.720318039908780605e+01 nan
-6.606267150550155343e+00 1.263599967939945390e-01 -1.176345456796950550e+01 2.050000000000000000e+02 -1.163847599148275097e-01 -1.720284930702273840e+01 nan
-6.606242149548232412e+00 1.263536380124661851e-01 -1.176834455326369699e+01 2.040000000000000000e+02 -1.155285699736051247e-01 -1.720199311708151768e+01 nan
-6.606217127757375351e+00 1.263520060457879735e-01 -1.177325856806612592e+01 2.030000000000000000e+02 -1.153658691849181600e-01 -1.720183041629282883e+01 nan
-6.606192102521348808e+00 1.263553380471466869e-01 -1.177819684970670799e+01 2.020000000000000000e+02 -1.150807217692994822e-01 -1.720154526887721147e+01 nan
-6.606167070774938033e+00 1.263527178208465329e-01 -1.178315963904883645e+01 2.010000000000000000e+02 -1.149840847467090144e-01 -1.720144863185462114e+01 nan
-6.606142037236080178e+00 1.263427739793404336e-01 -1.178814718055987498e+01 2.000000000000000000e+02 -1.149806283156208780e-01 -1.720144517542353313e+01 nan
-6.606117004237361812e+00 1.263468237876697042e-01 -1.179315972238341992e+01 1.990000000000000000e+02 -1.149345935512930822e-01 -1.720139914065920550e+01 nan
-6.606091970712906658e+00 1.263494078987996982e-01 -1.179819751641337788e+01 1.980000000000000000e+02 -1.142252225277332195e-01 -1.720068976963564467e+01 nan
-6.606066920051423708e+00 1.263423291034750373e-01 -1.180326081836992458e+01 1.970000000000000000e+02 -1.141470534208037929e-01 -1.720061160052871685e+01 nan
-6.606041868059270072e+00 1.263442174805838591e-01 -1.180834988787739626e+01 1.960000000000000000e+02 -1.141459711870941307e-01 -1.720061051829500798e+01 nan
-6.606016816667591662e+00 1.263487069175407151e-01 -1.181346498854416716e+01 1.950000000000000000e+02 -1.137197569390354657e-01 -1.720018430404694953e+01 nan
-6.605991755224335016e+00 1.263433390406773493e-01 -1.181860638804458574e+01 1.940000000000000000e+02 -1.134713197295391246e-01 -1.719993586683745335e+01 nan
-6.605966688182404845e+00 1.263399758938735795e-01 -1.182377435820302836e+01 1.930000000000000000e+02 -1.134382614766829972e-01 -1.719990280858459997e+01 nan
-6.605941620940160242e+00 1.263343349021501250e-01 -1.182896917508013246e+01 1.920000000000000000e+02 -1.133333022976154014e-01 -1.719979784940553103e+01 nan
-6.605916551695189654e+00 1.263398985419896814e-01 -1.183419111906128407e+01 1.910000000000000000e+02 -1.131893589137329958e-01 -1.719965390602164845e+01 nan
-6.605891479469994998e+00 1.263319375575338577e-01 -1.183944047494742868e+01 1.900000000000000000e+02 -1.131320837095569493e-01 -1.719959663081747436e+01 nan
-6.605866406437397309e+00 1.263197215024783882e-01 -1.184471753204827316e+01 1.890000000000000000e+02 -1.130837896056404168e-01 -1.719954833671355487e+01 nan
-6.605841332822577350e+00 1.263281008297456320e-01 -1.185002258427796562e+01 1.880000000000000000e+02 -1.130611402574765723e-01 -1.719952568736539078e+01 nan
-6.605816259268541657e+00 1.263222676924059817e-01 -1.185535593025332801e+01 1.870000000000000000e+02 -1.127723664471068921e-01 -1.719923691355502271e+01 nan
-6.605791179101814237e+00 1.263101232072764979e-01 -1.186071787339471406e+01 1.860000000000000000e+02 -1.125013945808144983e-01 -1.719896594168872994e+01 nan
-6.605766092767400899e+00 1.263173046826998880e-01 -1.186610872202959044e+01 1.850000000000000000e+02 -1.117557423841701730e-01 -1.719822028949208459e+01 nan
-6.605740988350344622e+00 1.263212438212590327e-01 -1.187152878949892987e+01 1.840000000000000000e+02 -1.117511501039538807e-01 -1.719821569721186805e+01 nan
-6.605715884448221331e+00 1.263238155148760367e-01 -1.187697839426649438e+01 1.830000000000000000e+02 -1.116065472462980518e-01 -1.719807109435421211e+01 nan
-6.605690777546066705e+00 1.263139523252967411e-01 -1.188245786003112059e+01 1.820000000000000000e+02 -1.114945422484019261e-01 -1.719795908935631701e+01 nan
-6.605665668462102680e+00 1.263209785757007375e-01 -1.188796751584209055e+01 1.810000000000000000e+02 -1.112948397326473660e-01 -1.719775938684056271e+01 nan
-6.605640554993930103e+00 1.263357922434485969e-01 -1.189350769621770532e+01 1.800000000000000000e+02 -1.112773915031275984e-01 -1.719774193861104195e+01 nan
-6.605615441718255099e+00 1.263397721846860056e-01 -1.189907874126716081e+01 1.790000000000000000e+02 -1.111719011027638426e-01 -1.719763644821068027e+01 nan
-6.605590326423991243e+00 1.263424510228845499e-01 -1.190468099681583070e+01 1.780000000000000000e+02 -1.111204474359415717e-01 -1.719758499454385614e+01 nan
-6.605565210468230752e+00 1.263423175507733531e-01 -1.191031481453408603e+01 1.770000000000000000e+02 -1.109318808250971261e-01 -1.719739642793301115e+01 nan
-6.605540090406966769e+00 1.263448462005494211e-01 -1.191598055206976348e+01 1.760000000000000000e+02 -1.107453603536959347e-01 -1.719720990746161249e+01 nan
-6.605514966291038625e+00 1.263418202798583245e-01 -1.192167857318440127e+01 1.750000000000000000e+02 -1.104248857448027615e-01 -1.719688943285271776e+01 nan
-6.605489834753687894e+00 1.263399147977052606e-01 -1.192740924789338663e+01 1.740000000000000000e+02 -1.102379146859258363e-01 -1.719670246179384065e+01 nan
-6.605464699148782870e+00 1.263355825273749511e-01 -1.193317295261013733e+01 1.730000000000000000e+02 -1.100005661194369683e-01 -1.719646511322735094e+01 nan
-6.605439558209277529e+00 1.263250658977501939e-01 -1.193897007029446300e+01 1.720000000000000000e+02 -1.099508020982813694e-01 -1.719641534920619819e+01 nan
-6.605414416650725151e+00 1.263269324334097277e-01 -1.194480099060525546e+01 1.710000000000000000e+02 -1.099153220367229400e-01 -1.719637986914463923e+01 nan
-6.605389274832248248e+00 1.263221721150925569e-01 -1.195066611005765367e+01 1.700000000000000000e+02 -1.099015411868639047e-01 -1.719636608829478064e+01 nan
-6.605364133299401530e+00 1.263233448151072913e-01 -1.195656583218484137e+01 1.690000000000000000e+02 -1.097539597886438151e-01 -1.719621850689656029e+01 nan
-6.605338988688079560e+00 1.263199266422826705e-01 -1.196250056770465520e+01 1.680000000000000000e+02 -1.096705249970590934e-01 -1.719613507210497616e+01 nan
-6.605313842611049147e+00 1.263109540871283909e-01 -1.196847073469115941e+01 1.670000000000000000e+02 -1.090397333257185492e-01 -1.719550428043363510e+01 nan
-6.605288681299986919e+00 1.263074958693684857e-01 -1.197447675875137207e+01 1.660000000000000000e+02 -1.088696277840741772e-01 -1.719533417489198968e+01 nan
-6.605263516341719487e+00 1.263116384344998844e-01 -1.198051907320733456e+01 1.650000000000000000e+02 -1.087674738902359162e-01 -1.719523202099815151e+01 nan
-6.605238349445978763e+00 1.263172426641671897e-01 -1.198659811928371610e+01 1.640000000000000000e+02 -1.086635832793321488e-01 -1.719512813038724630e+01 nan
-6.605213180568953568e+00 1.263221294408497508e-01 -1.199271434630115252e+01 1.630000000000000000e+02 -1.085860402537729141e-01 -1.719505058736168834e+01 nan
-6.605188010373711727e+00 1.263203935718905380e-01 -1.199886821187553032e+01 1.620000000000000000e+02 -1.084210789964513699e-01 -1.719488562610436588e+01 nan
-6.605162836659699721e+00 1.263281806734437296e-01 -1.200506018212345083e+01 1.610000000000000000e+02 -1.083578634310746192e-01 -1.719482241053898974e+01 nan
-6.605137661988027098e+00 1.263213801354815258e-01 -1.201129073187408736e+01 1.600000000000000000e+02 -1.082841565507969006e-01 -1.719474870365871411e+01 nan
-6.605112486094557589e+00 1.263198311146127850e-01 -1.201756034488768243e+01 1.590000000000000000e+02 -1.082327787117267903e-01 -1.719469732581964294e+01 nan
-6.605087309541429974e+00 1.263192884290018081e-01 -1.202386951408094795e+01 1.580000000000000000e+02 -1.081779623590623240e-01 -1.719464250946697703e+01 nan
-6.605062132242073503e+00 1.263192010689732636e-01 -1.203021874175960626e+01 1.570000000000000000e+02 -1.078090318693270822e-01 -1.719427357897724207e+01 nan
-6.605036946286561239e+00 1.263268035869006822e-01 -1.203660853985837775e+01 1.560000000000000000e+02 -1.077897478647018847e-01 -1.719425429497261604e+01 nan
-6.605011760479692740e+00 1.263262639390120567e-01 -1.204303943018866896e+01 1.550000000000000000e+02 -1.074128894967238818e-01 -1.719387743660464096e+01 nan
-6.604986565814220612e+00 1.263333221885606372e-01 -1.204951194469428621e+01 1.540000000000000000e+02 -1.072391296759131057e-01 -1.719370367678383005e+01 nan
-6.604961367405468131e+00 1.263407701505455116e-01 -1.205602662571548045e+01 1.530000000000000000e+02 -1.068815542110281847e-01 -1.719334610131894436e+01 nan
-6.604936160620056285e+00 1.263366707030156577e-01 -1.206258402626163928e+01 1.520000000000000000e+02 -1.068628145056749607e-01 -1.719332736161359065e+01 nan
-6.604910953997656264e+00 1.263358595346888991e-01 -1.206918471029299056e+01 1.510000000000000000e+02 -1.064292223725050307e-01 -1.719289376948042047e+01 nan
-6.604885737079264629e+00 1.263272403049475190e-01 -1.207582925301165844e+01 1.500000000000000000e+02 -1.061183297947743687e-01 -1.719258287690269071e+01 nan
-6.604860512956075347e+00 1.263311241737528345e-01 -1.208251824116245565e+01 1.490000000000000000e+02 -1.060875713692086969e-01 -1.719255211847712417e+01 nan
-6.604835288693289286e+00 1.263366341137479310e-01 -1.208925227334379926e+01 1.480000000000000000e+02 -1.057896740527966423e-01 -1.719225422116071300e+01 nan
-6.604810057551675051e+00 1.263397717965053513e-01 -1.209603196032917793e+01 1.470000000000000000e+02 -1.053824840339996488e-01 -1.719184703114191493e+01 nan
-6.604784816771083200e+00 1.263466215388552027e-01 -1.210285792539957761e+01 1.460000000000000000e+02 -1.053741841198851947e-01 -1.719183873122780071e+01 nan
-6.604759576418083533e+00 1.263414474097739881e-01 -1.210973080468733976e+01 1.450000000000000000e+02 -1.052144966168771234e-01 -1.719167904372479327e+01 nan
-6.604734332671404751e+00 1.263371448953340692e-01 -1.211665124753191414e+01 1.440000000000000000e+02 -1.047986049259584940e-01 -1.719126315203387279e+01 nan
-6.604709079061506394e+00 1.263479609659811653e-01 -1.212361991684800699e+01 1.430000000000000000e+02 -1.038102652606113646e-01 -1.719027481236852850e+01 nan
-6.604683801118800268e+00 1.263531945020051062e-01 -1.213063748950665399e+01 1.420000000000000000e+02 -1.037629728961341757e-01 -1.719022752000405063e+01 nan
-6.604658522619615724e+00 1.263526068887240728e-01 -1.213770465672974730e+01 1.410000000000000000e+02 -1.037298295793394054e-01 -1.719019437668725558e+01 nan
-6.604633243921622210e+00 1.263504260684742420e-01 -1.214482212449861187e+01 1.400000000000000000e+02 -1.033175814510212537e-01 -1.718978212855893872e+01 nan
-6.604607955439776745e+00 1.263425972132719566e-01 -1.215199061397722424e+01 1.390000000000000000e+02 -1.031333741885148148e-01 -1.718959792129643205e+01 nan
-6.604582662938847548e+00 1.263493103906347670e-01 -1.215921086195071155e+01 1.380000000000000000e+02 -1.029484015337583519e-01 -1.718941294864167446e+01 nan
-6.604557366398936757e+00 1.263485961503064692e-01 -1.216648362127979155e+01 1.370000000000000000e+02 -1.028130792099352375e-01 -1.718927762631784972e+01 nan
-6.604532067075636448e+00 1.263386136614021715e-01 -1.217380966137186427e+01 1.360000000000000000e+02 -1.024019790192151197e-01 -1.718886652612713206e+01 nan
-6.604506757990075805e+00 1.263487330771280170e-01 -1.218118976866948699e+01 1.350000000000000000e+02 -1.023044992487506799e-01 -1.718876904635666492e+01 nan
-6.604481447077898082e+00 1.263426766823587677e-01 -1.218862474715700550e+01 1.340000000000000000e+02 -1.019907316431924449e-01 -1.718845527875110690e+01 nan
-6.604456128863657405e+00 1.263423429182888025e-01 -1.219611541888616379e+01 1.330000000000000000e+02 -1.016756197359999642e-01 -1.718814016684391532e+01 nan
-6.604430803311387876e+00 1.263340025937795541e-01 -1.220366262452154693e+01 1.320000000000000000e+02 -1.016464418417112187e-01 -1.718811098894962797e+01 nan
-6.604405477661556390e+00 1.263408316701903900e-01 -1.221126722390676633e+01 1.310000000000000000e+02 -1.016413420023020847e-01 -1.718810588911021853e+01 nan
-6.604380152523945391e+00 1.263512965391188070e-01 -1.221893009665233620e+01 1.300000000000000000e+02 -1.012642624628081744e-01 -1.718772880957072857e+01 nan
-6.604354818476651623e+00 1.263491103765782830e-01 -1.222665214274624645e+01 1.290000000000000000e+02 -1.007467905313572942e-01 -1.718721133763927611e+01 nan
-6.604329471958602760e+00 1.263467072309069905e-01 -1.223443428318830151e+01 1.280000000000000000e+02 -1.005952340410334322e-01 -1.718705978114895316e+01 nan
-6.604304122241409836e+00 1.263471013633552520e-01 -1.224227746064932809e+01 1.270000000000000000e+02 -1.005730711719791115e-01 -1.718703761827989851e+01 nan
-6.604278772605001180e+00 1.263575645370816625e-01 -1.225018264015644220e+01 1.260000000000000000e+02 -1.004126479053397414e-01 -1.718687719501325972e+01 nan
-6.604253419544336978e+00 1.263595461256774577e-01 -1.225815080980561866e+01 1.250000000000000000e+02 -1.001711211581059469e-01 -1.718663566826602462e+01 nan
-6.604228061002485717e+00 1.263470643163813190e-01 -1.226618298150288311e+01 1.240000000000000000e+02 -1.000569785595117334e-01 -1.718652152566743041e+01 nan
-6.604202700209128807e+00 1.263459241305802672e-01 -1.227428019173550311e+01 1.230000000000000000e+02 -9.982155639799228375e-02 -1.718628610350591046e+01 nan
-6.604177334087956375e+00 1.263448281084581515e-01 -1.228244350237466342e+01 1.220000000000000000e+02 -9.956055894548904162e-02 -1.718602510605340683e+01 nan
-6.604151961989103370e+00 1.263474604124194545e-01 -1.229067400151117972e+01 1.210000000000000000e+02 -9.941607558870393935e-02 -1.718588062269662586e+01 nan
-6.604126586868005688e+00 1.263475866822023619e-01 -1.229897280432587436e+01 1.200000000000000000e+02 -9.936910897605669146e-02 -1.718583365608397528e+01 nan
-6.604101211199022714e+00 1.263540224722854433e-01 -1.230734105399639056e+01 1.190000000000000000e+02 -9.926283569271354690e-02 -1.718572738280063206e+01 nan
-6.604075833477151214e+00 1.263478649504191087e-01 -1.231577992264225507e+01 1.180000000000000000e+02 -9.919186993856654588e-02 -1.718565641704648428e+01 nan
-6.604050454598347386e+00 1.263523658956466345e-01 -1.232429061231016298e+01 1.170000000000000000e+02 -9.913633861833844041e-02 -1.718560088572625943e+01 nan
-6.604025074954306795e+00 1.263574708803004987e-01 -1.233287435600155391e+01 1.160000000000000000e+02 -9.912264731756140201e-02 -1.718558719442548011e+01 nan
-6.603999695606907139e+00 1.263578880362966339e-01 -1.234153241874466822e+01 1.150000000000000000e+02 -9.905722307584165220e-02 -1.718552177018376170e+01 nan
-6.603974315243186233e+00 1.263547226101952303e-01 -1.235026609871342274e+01 1.140000000000000000e+02 -9.897267247078406216e-02 -1.718543721957870218e+01 nan
-6.603948933377678188e+00 1.263527778727261131e-01 -1.235907672839557847e+01 1.130000000000000000e+02 -9.896784303287543827e-02 -1.718543239014079305e+01 nan
-6.603923552033816868e+00 1.263586065666174596e-01 -1.236796567581282424e+01 1.120000000000000000e+02 -9.882811671567584555e-02 -1.718529266382359566e+01 nan
-6.603898167787597195e+00 1.263563458567935338e-01 -1.237693434579558449e+01 1.110000000000000000e+02 -9.826993997452276863e-02 -1.718473448708244078e+01 nan
-6.603872770013410332e+00 1.263495285932347001e-01 -1.238598418131550183e+01 1.100000000000000000e+02 -9.819643322772013405e-02 -1.718466098033563583e+01 nan
-6.603847371017348422e+00 1.263517695732069013e-01 -1.239511666487877406e+01 1.090000000000000000e+02 -9.739419324509014653e-02 -1.718385874035300631e+01 nan
-6.603821952282890706e+00 1.263609980422613077e-01 -1.240433331998369759e+01 1.080000000000000000e+02 -9.727952341874365749e-02 -1.718374407052666086e+01 nan
-6.603796531279710891e+00 1.263588923082386295e-01 -1.241363571264601084e+01 1.070000000000000000e+02 -9.717636744513889757e-02 -1.718364091455305598e+01 nan
-6.603771108300378501e+00 1.263572405731799853e-01 -1.242302545299584970e+01 1.060000000000000000e+02 -9.675371137425020640e-02 -1.718321825848216733e+01 nan
-6.603745675220319633e+00 1.263564187654610538e-01 -1.243250419695039355e+01 1.050000000000000000e+02 -9.649347090745040434e-02 -1.718295801801536626e+01 nan
-6.603720236167760049e+00 1.263536737439919233e-01 -1.244207364796654502e+01 1.040000000000000000e+02 -9.564246564277330276e-02 -1.718210701275068786e+01 nan
-6.603694776105174746e+00 1.263548399716188375e-01 -1.245173555887828165e+01 1.030000000000000000e+02 -9.546835930342813248e-02 -1.718193290641134396e+01 nan
-6.603669312257812507e+00 1.263525013181619194e-01 -1.246149173382364594e+01 1.020000000000000000e+02 -9.539151447780476467e-02 -1.718185606158571943e+01 nan
-6.603643847102075526e+00 1.263592213846413959e-01 -1.247134403026665694e+01 1.010000000000000000e+02 -9.528237099396115461e-02 -1.718174691810187582e+01 nan
-6.603618379815395123e+00 1.263591327878902382e-01 -1.248129436111982571e+01 1.000000000000000000e+02 -9.521512193806321023e-02 -1.718167966904598032e+01 nan
-6.603592911464637893e+00 1.263614409889149970e-01 -1.249134469697332683e+01 9.900000000000000000e+01 -9.514305414685751694e-02 -1.718160760125477182e+01 nan
-6.603567441927057580e+00 1.263562965738319332e-01 -1.250149706843734521e+01 9.800000000000000000e+01 -9.495548579729902461e-02 -1.718142003290521558e+01 nan
-6.603541968260612904e+00 1.263533577995049895e-01 -1.251175356860453469e+01 9.700000000000000000e+01 -9.488760506068892597e-02 -1.718135215216860345e+01 nan
-6.603516493513895469e+00 1.263443524070368973e-01 -1.252211635564008141e+01 9.600000000000000000e+01 -9.453425913570437378e-02 -1.718099880624362186e+01 nan
-6.603491010413479856e+00 1.263462834006063851e-01 -1.253258765550737763e+01 9.500000000000000000e+01 -9.450954927019357410e-02 -1.718097409637811168e+01 nan
-6.603465527332768481e+00 1.263480426929151357e-01 -1.254316976483791457e+01 9.400000000000000000e+01 -9.368857389651584489e-02 -1.718015312100443381e+01 nan
-6.603440023972656725e+00 1.263453213083765014e-01 -1.255386505395466301e+01 9.300000000000000000e+01 -9.352940192842242040e-02 -1.717999394903634069e+01 nan
-6.603414517203361811e+00 1.263482454788296683e-01 -1.256467597005887882e+01 9.200000000000000000e+01 -9.294664487288883947e-02 -1.717941119198080813e+01 nan
-6.603388996216632556e+00 1.263487337195368931e-01 -1.257560504059106954e+01 9.100000000000000000e+01 -9.266703962928288241e-02 -1.717913158673720275e+01 nan
-6.603363468744681164e+00 1.263449474544068862e-01 -1.258665487677765427e+01 9.000000000000000000e+01 -9.254975256270701889e-02 -1.717901429967062654e+01 nan
-6.603337938930262219e+00 1.263553481354975083e-01 -1.259782817737577965e+01 8.900000000000000000e+01 -9.213673759343293801e-02 -1.717860128470135095e+01 nan
-6.603312399221628048e+00 1.263544881490800409e-01 -1.260912773262971243e+01 8.800000000000000000e+01 -9.147004326125346418e-02 -1.717793459036917270e+01 nan
-6.603286843133050255e+00 1.263564807837233295e-01 -1.262055642845333558e+01 8.700000000000000000e+01 -9.084495692736137273e-02 -1.717730950403528212e+01 nan
-6.603261271718427139e+00 1.263519586238749659e-01 -1.263211725085441195e+01 8.600000000000000000e+01 -8.957117249619746258e-02 -1.717603571960411557e+01 nan
-6.603235668365710964e+00 1.263433694438008403e-01 -1.264381329061760262e+01 8.500000000000000000e+01 -8.931793408967633741e-02 -1.717578248119759721e+01 nan
-6.603210059184185354e+00 1.263505064343925510e-01 -1.265564774826460592e+01 8.400000000000000000e+01 -8.913939607690662958e-02 -1.717560394318482508e+01 nan
-6.603184446086028281e+00 1.263594644450828641e-01 -1.266762393931132102e+01 8.300000000000000000e+01 -8.880251942313860392e-02 -1.717526706653105961e+01 nan
-6.603158825014308952e+00 1.263660024556124140e-01 -1.267974529984366505e+01 8.200000000000000000e+01 -8.836869195911752073e-02 -1.717483323906703774e+01 nan
-6.603133193481903085e+00 1.263614601387506864e-01 -1.269201539243547927e+01 8.100000000000000000e+01 -8.793336862457813707e-02 -1.717439791573249508e+01 nan
-6.603107551446451673e+00 1.263669162109952449e-01 -1.270443791243403631e+01 8.000000000000000000e+01 -8.767818748454223043e-02 -1.717414273459245777e+01 nan
-6.603081903524550711e+00 1.263586426435432675e-01 -1.271701669464089690e+01 7.900000000000000000e+01 -8.762365083260351128e-02 -1.717408819794052377e+01 nan
-6.603056254861712659e+00 1.263659802624250428e-01 -1.272975572041832670e+01 7.800000000000000000e+01 -8.753939780113061120e-02 -1.717400394490904958e+01 nan
-6.603030604695725891e+00 1.263701826437360065e-01 -1.274265912525423516e+01 7.700000000000000000e+01 -8.738307137212387998e-02 -1.717384761848004260e+01 nan
-6.603004951177695148e+00 1.263718856711576743e-01 -1.275573120682158823e+01 7.600000000000000000e+01 -8.730553550949665675e-02 -1.717377008261741622e+01 nan
-6.602979296328682857e+00 1.263623657930935396e-01 -1.276897643357160916e+01 7.500000000000000000e+01 -8.729342709063614425e-02 -1.717375797419855488e+01 nan
-6.602953641827195241e+00 1.263602466987248096e-01 -1.278239945390374999e+01 7.400000000000000000e+01 -8.662310041982290709e-02 -1.717308764752774053e+01 nan
-6.602927970781844458e+00 1.263546169368897631e-01 -1.279600510595952834e+01 7.300000000000000000e+01 -8.628131156934533419e-02 -1.717274585867726344e+01 nan
-6.602902291620241115e+00 1.263493812815090767e-01 -1.280979842809186486e+01 7.200000000000000000e+01 -8.615828419355268941e-02 -1.717262283130147082e+01 nan
-6.602876609958727272e+00 1.263543933770457373e-01 -1.282378467006660472e+01 7.100000000000000000e+01 -8.570057789502641410e-02 -1.717216512500294456e+01 nan
-6.602850917199848624e+00 1.263615350356591949e-01 -1.283796930505856082e+01 7.000000000000000000e+01 -8.443049797431381731e-02 -1.717089504508223285e+01 nan
-6.602825192449740754e+00 1.263583539145867463e-01 -1.285235804251066050e+01 6.900000000000000000e+01 -8.441824209585109540e-02 -1.717088278920376965e+01 nan
-6.602799468046109510e+00 1.263569575856131055e-01 -1.286695684193181322e+01 6.800000000000000000e+01 -8.412161236104581663e-02 -1.717058615946896438e+01 nan
-6.602773736672745919e+00 1.263568509654384997e-01 -1.288177192771695445e+01 6.700000000000000000e+01 -8.284255233698423204e-02 -1.716930709944490374e+01 nan
-6.602747973029712725e+00 1.263629886775231581e-01 -1.289680980508149410e+01 6.600000000000000000e+01 -8.210384378353773049e-02 -1.716856839089145836e+01 nan
-6.602722191012309061e+00 1.263629049266661308e-01 -1.291207727721228338e+01 6.500000000000000000e+01 -8.200814908510217771e-02 -1.716847269619302097e+01 nan
-6.602696407192375716e+00 1.263630878706604455e-01 -1.292758146374824868e+01 6.400000000000000000e+01 -8.116444699577693433e-02 -1.716762899410369769e+01 nan
-6.602670602275029665e+00 1.263703984024194260e-01 -1.294332982071638760e+01 6.300000000000000000e+01 -8.087362526768354654e-02 -1.716733817237560444e+01 nan
-6.602644790518128914e+00 1.263743697011167066e-01 -1.295933016206282851e+01 6.200000000000000000e+01 -8.084885075878534000e-02 -1.716731339786670318e+01 nan
-6.602618978788001414e+00 1.263761022242860244e-01 -1.297559068293460882e+01 6.100000000000000000e+01 -8.075561574281164834e-02 -1.716722016285073238e+01 nan
-6.602593165317525603e+00 1.263719189777748053e-01 -1.299211998488581976e+01 6.000000000000000000e+01 -8.069713060172731267e-02 -1.716716167770964674e+01 nan
-6.602567351003677310e+00 1.263740222704979044e-01 -1.300892710320220047e+01 5.900000000000000000e+01 -7.991794932536708251e-02 -1.716638249643328606e+01 nan
-6.602541517235102297e+00 1.263709990052325205e-01 -1.302602153656150108e+01 5.800000000000000000e+01 -7.926813383222600096e-02 -1.716573268094014537e+01 nan
-6.602515667341905647e+00 1.263679425539508405e-01 -1.304341327927336991e+01 5.700000000000000000e+01 -7.922986029249452777e-02 -1.716569440740041230e+01 nan
-6.602489817127561444e+00 1.263670986606946489e-01 -1.306111285637277142e+01 5.600000000000000000e+01 -7.812313729353212444e-02 -1.716458768440145022e+01 nan
-6.602463938957679801e+00 1.263715772404097604e-01 -1.307913136187544900e+01 5.500000000000000000e+01 -7.769355711158626443e-02 -1.716415810421950638e+01 nan
-6.602438050338755637e+00 1.263616718839761510e-01 -1.309748050054364477e+01 5.400000000000000000e+01 -7.757388545597021512e-02 -1.716403843256388839e+01 nan
-6.602412159291835003e+00 1.263617116782460859e-01 -1.311617263355579688e+01 5.300000000000000000e+01 -7.728246157480676837e-02 -1.716374700868272640e+01 nan
-6.602386261369168174e+00 1.263659808268762230e-01 -1.313522082852649220e+01 5.200000000000000000e+01 -7.692387395936980954e-02 -1.716338842106728890e+01 nan
-6.602360354829207800e+00 1.263590836454482336e-01 -1.315463891438359312e+01 5.100000000000000000e+01 -7.541567237654814293e-02 -1.716188021948446618e+01 nan
-6.602334409860135089e+00 1.263657241942994502e-01 -1.317444154167977288e+01 5.000000000000000000e+01 -7.425192557178736386e-02 -1.716071647267970590e+01 nan
-6.602308435354411920e+00 1.263677487154771517e-01 -1.319464424899729238e+01 4.900000000000000000e+01 -7.416412836007542364e-02 -1.716062867546799353e+01 nan
-6.602282459242845292e+00 1.263733534323428775e-01 -1.321526353620002858e+01 4.800000000000000000e+01 -7.386444409708732561e-02 -1.716032899120500588e+01 nan
-6.602256476020524900e+00 1.263750729923266980e-01 -1.323631694539786174e+01 4.700000000000000000e+01 -7.273306595245215833e-02 -1.715919761306037117e+01 nan
-6.602230464060975912e+00 1.263767727605485669e-01 -1.325782315061882599e+01 4.600000000000000000e+01 -7.256892893792506183e-02 -1.715903347604584894e+01 nan
-6.602204448508322443e+00 1.263833629965449568e-01 -1.327980205733760144e+01 4.500000000000000000e+01 -7.231347322977337011e-02 -1.715877802033769584e+01 nan
-6.602178426986049509e+00 1.263757772269736290e-01 -1.330227491318965960e+01 4.400000000000000000e+01 -7.202078459043959047e-02 -1.715848533169835832e+01 nan
-6.602152398523856824e+00 1.263650191666373102e-01 -1.332526443141435912e+01 4.300000000000000000e+01 -7.186029169123042681e-02 -1.715832483879915316e+01 nan
-6.602126366561571480e+00 1.263803780794949816e-01 -1.334879492882455310e+01 4.200000000000000000e+01 -7.056271097730595909e-02 -1.715702725808522899e+01 nan
-6.602100301477755728e+00 1.263849357390318950e-01 -1.337289248040361400e+01 4.100000000000000000e+01 -7.031318281811549387e-02 -1.715677772992603778e+01 nan
-6.602074230568780955e+00 1.263767922993080384e-01 -1.339758509299398526e+01 4.000000000000000000e+01 -7.031066360178295227e-02 -1.715677521070970712e+01 nan
-6.602048160273804811e+00 1.263730397802354244e-01 -1.342290290097827565e+01 3.900000000000000000e+01 -7.024166320770149075e-02 -1.715670621031562604e+01 nan
-6.602022088859619053e+00 1.263743990080837265e-01 -1.344887838738153718e+01 3.800000000000000000e+01 -6.998945943240966749e-02 -1.715645400654033281e+01 nan
-6.601996011549252863e+00 1.263835160307776317e-01 -1.347554663446369894e+01 3.700000000000000000e+01 -6.995470787675397983e-02 -1.715641925498467657e+01 nan
-6.601969934012688057e+00 1.263900109338172151e-01 -1.350294560865181381e+01 3.600000000000000000e+01 -6.984900459281087604e-02 -1.715631355170073391e+01 nan
-6.601943854399624279e+00 1.263926095147915318e-01 -1.353111648561850977e+01 3.500000000000000000e+01 -6.892635679831138340e-02 -1.715539090390623400e+01 nan
-6.601917751394229761e+00 1.264051022775919131e-01 -1.356010402249176217e+01 3.400000000000000000e+01 -6.828366000836759431e-02 -1.715474820711629178e+01 nan
-6.601891632289131451e+00 1.263997608790591309e-01 -1.358995698564144305e+01 3.300000000000000000e+01 -6.823542361354235919e-02 -1.715469997072146668e+01 nan
-6.601865512606350350e+00 1.263939737365598892e-01 -1.362072864430819585e+01 3.200000000000000000e+01 -6.806840179247293510e-02 -1.715453294890039615e+01 nan
-6.601839389243038703e+00 1.263806895066230673e-01 -1.365247734262277568e+01 3.100000000000000000e+01 -6.800371689282129484e-02 -1.715446826400074443e+01 nan
-6.601813264872363973e+00 1.263796156828910222e-01 -1.368526716544576693e+01 3.000000000000000000e+01 -6.793665772784640566e-02 -1.715440120483576791e+01 nan
-6.601787139432285123e+00 1.263719477256538271e-01 -1.371916871712144825e+01 2.900000000000000000e+01 -6.765056180892126125e-02 -1.715411510891684443e+01 nan
-6.601761007199569598e+00 1.263698615753010568e-01 -1.375426003693271859e+01 2.800000000000000000e+01 -6.755094030292566054e-02 -1.715401548741084881e+01 nan
-6.601734873046369856e+00 1.263741836842688648e-01 -1.379062768110359372e+01 2.700000000000000000e+01 -6.727599165798282821e-02 -1.715374053876590565e+01 nan
-6.601708732389889533e+00 1.263791387840994818e-01 -1.382836800908644115e+01 2.600000000000000000e+01 -6.636032402799098284e-02 -1.715282487113591259e+01 nan
-6.601682568470550017e+00 1.263834047609081468e-01 -1.386758872223972183e+01 2.500000000000000000e+01 -6.618825996199990958e-02 -1.715265280706992357e+01 nan
-6.601656400733661556e+00 1.263710581654637344e-01 -1.390841071675997753e+01 2.400000000000000000e+01 -6.496887305760302989e-02 -1.715143342016552452e+01 nan
-6.601630201754701943e+00 1.263738476037119252e-01 -1.395097033117877316e+01 2.300000000000000000e+01 -6.442738802316566593e-02 -1.715089193513108867e+01 nan
-6.601603989272471829e+00 1.263723214126302730e-01 -1.399542209374960677e+01 2.200000000000000000e+01 -6.359772679971074927e-02 -1.715006227390763272e+01 nan
-6.601577755721669050e+00 1.263708626898690235e-01 -1.404194210938450027e+01 2.100000000000000000e+01 -6.252859590002812773e-02 -1.714899314300794941e+01 nan
-6.601551494798053810e+00 1.263738017745822118e-01 -1.409073227355393243e+01 2.000000000000000000e+01 -6.152334844209667031e-02 -1.714798789555002045e+01 nan
-6.601525208153097957e+00 1.263677062186981115e-01 -1.414202556794148258e+01 1.900000000000000000e+01 -6.124685835742103152e-02 -1.714771140546534411e+01 nan
-6.601498914930396644e+00 1.263723117778608462e-01 -1.419609278921175921e+01 1.800000000000000000e+01 -6.066444681481335255e-02 -1.714712899392273471e+01 nan
-6.601472607081678490e+00 1.263714367757048374e-01 -1.425325120305170756e+01 1.700000000000000000e+01 -6.018551346230207461e-02 -1.714665006057022367e+01 nan
-6.601446287322818129e+00 1.263696561956045017e-01 -1.431387582486814303e+01 1.600000000000000000e+01 -5.805278634029936713e-02 -1.714451733344822060e+01 nan
-6.601419912066125661e+00 1.263720822545601752e-01 -1.437841434600571411e+01 1.500000000000000000e+01 -5.729709718547502245e-02 -1.714376164429339866e+01 nan
-6.601393517566829239e+00 1.263663117094201982e-01 -1.444740721749266577e+01 1.400000000000000000e+01 -5.545182818395123087e-02 -1.714191637529187417e+01 nan
-6.601367075016199237e+00 1.263695686877177038e-01 -1.452151518964638832e+01 1.300000000000000000e+01 -5.166937598926794190e-02 -1.713813392309719319e+01 nan
-6.601340532961660124e+00 1.263696568354309990e-01 -1.460155789731992471e+01 1.200000000000000000e+01 -5.099617276018496292e-02 -1.713746071986811259e+01 nan
-6.601313973738082375e+00 1.263817027960900952e-01 -1.468856927430955395e+01 1.100000000000000000e+01 -4.807195797023313538e-02 -1.713453650507815595e+01 nan
-6.601287337444440517e+00 1.263838993060060201e-01 -1.478387945411387960e+01 1.000000000000000000e+01 -4.751995934024686591e-02 -1.713398450644817217e+01 nan
-6.601260687153603257e+00 1.263812734547345995e-01 -1.488923996977170638e+01 9.000000000000000000e+00 -4.741137970784378014e-02 -1.713387592681576876e+01 nan
-6.601234034679264617e+00 1.263862837452524868e-01 -1.500702300542809020e+01 8.000000000000000000e+00 -4.606744909440280145e-02 -1.713253199620232792e+01 nan
-6.601207347073538401e+00 1.263849445195446286e-01 -1.514055439805261294e+01 7.000000000000000000e+00 -4.110523745843992077e-02 -1.712756978456636503e+01 nan
-6.601180527426681266e+00 1.263806868088165336e-01 -1.529470507787987188e+01 6.000000000000000000e+00 -3.977232159342473233e-02 -1.712623686870135131e+01 nan
-6.601153672728369948e+00 1.263821699962474343e-01 -1.547702663467382678e+01 5.000000000000000000e+00 -3.424002076456452576e-02 -1.712070456787249029e+01 nan
-6.601126669777235279e+00 1.263887897859894138e-01 -1.570017018598803737e+01 4.000000000000000000e+00 -3.340785612576832597e-02 -1.711987240323369619e+01 nan
-6.601099645075898081e+00 1.263910052816624996e-01 -1.598785225843981905e+01 3.000000000000000000e+00 -3.216718886387946036e-02 -1.711863173597181031e+01 nan
-6.601072587556766180e+00 1.263984841932130065e-01 -1.639331736654798277e+01 2.000000000000000000e+00 -2.941754013933483430e-02 -1.711588208724726101e+01 nan
-6.601045456271697809e+00 1.263940055778234595e-01 -1.639331736654798277e+01 1.000000000000000000e+00 -2.831949718306882649e-02 -1.711478404429099598e+01 nan
