2.852380040766351321e-01,9.492527270375976656e-01,3.022651481857295819e-01,7.674506775098879352e-01,2.119994147481517599e-01,7.952949041322960877e-01,7.282079021942200470e-02,1.627458449577206534e-01
2.979539411097100743e-01,7.835128522941631202e-01,3.813874654884655824e-01,5.552221381787509902e-01,2.810275314260585744e-01,6.527646850486414909e-01,5.546910470494732515e-01,1.627329693850745329e-01
2.000530941366089888e-01,2.565313129130730729e-02,1.309334232874067028e-01,7.422965607835785296e-01,3.003486407363311073e-01,6.619682025270945402e-01,1.002592244472693683e-01,1.643053806056584132e-01
1.737891209632543010e-01,5.594031683115603393e-01,8.683921379947652230e-01,6.610990684279076657e-01,2.421985386099860249e-01,9.913369698809033626e-01,8.696744518552245173e-01,1.585785577841475058e-01
1.772614035371423702e-01,4.997617868840396604e-01,1.179348960880042263e-01,8.964794944067966398e-01,2.287068651462526858e-01,4.264849479323753467e-01,1.168159840311265851e-01,1.625648070685818958e-01
2.454451231905417918e-01,5.717515126727437114e-01,3.433588741897556362e-01,7.224656752793396919e-01,1.987109486960659810e-01,8.872233448345105966e-01,9.881537739780001939e-01,1.579779377834346077e-01
2.199917710179195574e-01,5.178272846458482626e-01,4.928426323121784525e-01,6.626838575543566590e-01,2.612197928288684246e-01,8.155234697832958179e-01,6.320110280837256678e-01,1.605141011220080904e-01
1.442150997823960223e-01,7.229187946747802629e-01,2.297281213958193291e-01,9.204626560378810218e-01,2.625464729453833579e-01,7.074721085632162954e-02,4.225861073052341044e-01,1.619607981310574318e-01
1.569966530817769323e-01,5.481069510732949901e-01,2.906750566046544804e-01,8.694038959662149235e-01,2.252299895367277094e-01,3.990007698481417009e-01,4.112852292059721027e-02,1.647797421147788877e-01
2.373007643615856754e-01,7.379223666444545415e-01,5.367424320912450586e-01,7.095162383515005722e-01,2.092864203991881000e-01,9.387615335967369745e-01,1.855805917147270168e-01,1.636842123911572688e-01
1.585142041078184683e-01,1.149133055306699180e-01,2.672019920249037450e-01,7.662583746657389838e-01,3.155033824749681748e-01,4.404610012719648027e-01,5.742355465836481709e-01,1.625931526828901796e-01
2.490847429770443322e-01,8.188015012174717500e-01,7.064372538450138794e-01,5.747783713956526874e-01,2.222412054874340903e-01,9.572306915446087139e-01,7.636481077371048976e-01,1.611498200824399707e-01
2.613918630186191083e-01,2.683235125223462081e-01,4.973388087837454785e-02,6.639578568112666224e-01,3.494340775948575062e-01,4.241331207062277731e-01,2.508890460692877467e-01,1.627813642720218612e-01
2.601220780028132284e-01,5.484773514649299297e-02,1.826777005041141932e-01,7.117403059774435325e-01,2.994664161490095400e-01,9.956334231032943904e-01,5.164523148951871701e-01,1.612456610876568386e-01
2.909611285516610080e-01,6.229010606746031575e-01,1.696679219903513280e-01,6.588207316783167844e-01,2.705019391421017438e-01,6.946874414195550740e-01,3.227512574095499076e-01,1.618641901093972324e-01
1.709421611713800582e-01,7.027386911821995596e-01,9.115631896437237369e-02,9.328655260150104933e-01,2.399845754062374381e-01,6.128701358684740530e-02,6.677630073228321139e-01,1.624443840109079940e-01
1.945628548657120094e-01,6.058129000771556028e-01,4.349542792222256260e-01,7.717418675216515256e-01,2.341678570694000483e-01,6.455911189235568060e-01,2.698996814839658698e-01,1.632033481416837739e-01
2.883274796001242812e-01,6.746099476205633660e-01,4.497933161756468845e-01,5.356929356855605340e-01,2.740443321249377839e-01,8.868119497987179134e-01,8.318402606956321055e-03,1.647879666239203122e-01
1.659531885161929510e-01,2.310810812141537718e-01,4.727651604254399231e-01,7.276454746617225799e-01,2.583126193479695076e-01,8.536623239287441933e-01,8.002363754121035733e-01,1.592016048064586464e-01
1.209304557473559610e-01,1.615503171280037731e-01,7.469650826657689979e-01,6.797447250194500468e-01,3.136771711416533881e-01,7.975905781998893218e-01,3.794493154091944098e-01,1.624725654969653987e-01
3.080599399820055373e-01,4.233260172821962097e-01,1.515791108589575886e-02,7.483184256036923276e-01,2.283719008325969801e-01,7.931270160494855448e-01,2.721559088200248278e-01,1.622815814395635325e-01
2.071930502340732505e-01,2.007133550077854767e-01,1.798149316608411152e-01,7.499431884416067895e-01,2.733056044063372214e-01,6.665306973226121645e-01,4.789781302280302633e-01,1.613623477677593732e-01
3.843202817155081386e-01,9.947377406736401806e-01,1.982437746834004033e-01,6.007965268892038191e-01,2.648070660960631928e-01,9.843084396543155812e-01,1.962820105596692066e-01,1.624919058322268073e-01
1.455223903338924152e-01,6.768578120940205167e-01,3.599207670632717515e-01,8.470655824589189420e-01,2.714666042403282020e-01,1.643169432014924269e-01,2.473317544186109940e-02,1.635870261202459763e-01
2.485194354402793238e-01,7.954251850493023746e-01,5.446995610993957682e-01,6.926619648307494881e-01,1.380111756650661825e-01,9.123593869274049251e-01,9.170723667680277247e-01,1.623611330138173547e-01
2.700284805904958896e-01,7.217708888121998623e-01,2.520982873231488175e-01,7.276838575062969383e-01,1.831581124019089346e-01,6.985148995554432139e-01,5.285661777511193593e-01,1.641135077798033803e-01
3.803259388064976765e-01,8.366024973048988844e-01,1.567345480681940628e-01,5.477235809762285301e-01,2.940093453863015238e-01,7.720149124880492097e-01,3.817517263874261602e-01,1.635115429973326984e-01
2.152509348740042627e-01,1.136543623371507050e-01,2.799060855398993741e-01,6.929818263594104133e-01,2.614794878077733586e-01,8.792759842077861876e-01,6.211723499560750650e-01,1.613691314350722550e-01
1.572822176207223366e-01,8.329689131131073898e-02,3.724281731072497381e-01,6.996037463074155083e-01,3.103821947898499078e-01,5.976379335186151609e-01,2.630191822677405700e-01,1.644596495610227971e-01
3.207734175571425594e-01,9.346579750262171693e-01,1.958166635346839657e-01,6.993202219198227931e-01,1.615129291369634679e-01,7.727143318363792757e-01,6.119985345992933201e-01,1.642742434982693844e-01
2.753577434579791428e-01,2.613204657156018018e-01,1.752654248929894631e-01,6.323485995178707020e-01,3.116950112660981653e-01,7.391369701363204037e-01,7.217956577722702827e-01,1.594548205651165895e-01
1.710286287416588613e-01,4.637855371059562692e-01,6.299376409478343319e-01,7.252023285691988619e-01,2.118170716043972779e-01,7.974886491590594817e-01,5.965050685390381746e-01,1.624989024925670156e-01
3.681932067719932977e-01,8.412811544338931746e-01,2.272430657850347535e-01,5.954841281106886264e-01,2.443957220106437733e-01,8.903555969581016249e-01,5.992716342053741041e-01,1.636287616812686085e-01
5.879771289665514100e-02,8.692266793713920858e-02,9.539574763525274781e-01,8.596318552628332554e-01,2.887395008095026139e-01,9.084332663560953369e-01,2.235239658952269948e-01,1.630722178494584118e-01
1.833730005006859731e-01,5.610859824321779987e-01,6.110677299800608697e-01,7.680328767960943326e-01,1.575491412449574469e-01,8.413581540665939773e-01,9.875148167029179636e-01,1.600849745805590640e-01
1.305040133678608272e-01,2.742792864501412131e-01,1.897142455450241960e-01,8.454964260097470596e-01,3.606882836966018857e-01,2.123286434696390335e-01,3.918627329502738510e-01,1.607444271993460905e-01
1.748106940997457559e-01,3.026334398500054590e-01,1.033827869904004881e-01,9.313280769465597242e-01,1.860417051180574821e-01,5.334564262755380204e-01,8.822003270024887378e-01,1.591298290884587407e-01
3.732726258938777741e-01,6.642520193656641370e-01,1.504758393313326836e-02,6.046608341352553984e-01,2.961853104245388280e-01,7.435316090209085349e-01,4.573611129370985795e-02,1.636360710504228544e-01
1.766454551147061958e-01,9.078693870270959643e-01,1.879981773369058251e-01,9.257514612648982677e-01,1.747267663609325394e-01,1.487015346286964523e-01,6.648722338840311608e-01,1.621392786954727050e-01
1.958796742706970240e-01,6.206167629887421322e-02,1.780356767379605021e-01,7.749791504639329531e-01,3.053138390750000375e-01,6.021129118254771040e-01,6.067461306613608496e-01,1.608181403901023099e-01
2.516457479631781791e-01,1.397527538856087048e-01,1.038198081842574561e-01,6.428932824822912728e-01,3.144858665768787143e-01,6.728471593869946865e-01,3.798142624246769739e-03,1.628875679575870483e-01
2.314920830009279673e-01,8.281788143824289072e-01,7.611021751486357623e-02,8.429058581156408936e-01,2.705414548074719927e-01,2.165931571655786980e-01,5.920428720887521701e-02,1.632944676519534066e-01
1.415203714472258456e-01,4.234490123511772675e-01,3.564896768763240464e-01,8.480616200884840694e-01,2.224838069400532914e-01,3.711781792659446522e-01,8.251172338209560309e-01,1.611766520202374264e-01
3.788532586589510309e-01,7.874307994220766105e-01,1.851522985067866056e-01,4.795472630007147075e-01,3.297555103061107773e-01,7.127006487606076801e-01,2.409956768892261014e-01,1.638578396230117029e-01
2.184268818540266721e-01,6.672535933842105305e-01,5.352264677207746457e-02,8.332288126327503930e-01,2.144788231352747765e-01,3.010493363004215772e-01,8.455025620748102266e-01,1.599425084128541785e-01
6.106225846048574102e-02,6.667739333637007215e-02,8.524248015790533151e-01,8.329402186988414947e-01,2.958424457563373910e-01,6.815110867248710402e-01,7.142800890296219229e-02,1.650403209761005519e-01
3.175281804604110913e-01,6.994457515256037317e-01,2.827892011818938789e-01,6.150746017937684940e-01,2.825749874320142574e-01,9.213432861333681334e-01,2.180260990923762743e-01,1.632272077503531538e-01
2.063716320816108007e-01,6.851228074177351246e-02,3.456497748879145404e-01,6.884668186702141979e-01,3.436701160519833320e-01,9.907908427009226582e-01,1.615639318887898135e-01,1.616377537537352083e-01
1.844488254347637357e-01,1.341580625821868211e-01,3.782140710324185529e-01,7.956842491759137381e-01,2.616847126530706391e-01,9.843785206661335163e-01,6.238743995350880533e-01,1.603322461721090331e-01
2.310447754546224031e-01,4.227431428170637107e-01,2.077542902477740316e-01,6.929008695073892721e-01,2.630009390889098686e-01,4.760694346679481548e-01,8.843448997316947224e-01,1.606290225988561970e-01
1.366889632569832369e-01,4.473898798790199027e-02,2.829235602166774166e-01,8.887550975079179238e-01,2.773985710121888437e-01,6.940624639991689326e-01,2.522709241121726675e-01,1.618860302619573310e-01
1.197362536605311167e-01,9.721504735445624101e-02,4.032047859833312042e-01,8.652491578553784812e-01,2.612580450062141901e-01,6.810527944679358736e-01,6.891772580611256194e-01,1.592317597350995650e-01
2.502820973913214564e-01,9.283967972127223911e-01,6.093661714611792179e-02,8.386862671071113606e-01,2.532623941751936947e-01,2.662056627631702588e-01,7.666737996370592834e-02,1.629235899664119025e-01
3.798287454857373624e-01,9.814243229846484340e-01,2.166325520264124060e-01,6.198129487706973695e-01,2.297389236786086530e-01,9.545675585020532150e-01,5.717277211327600472e-01,1.637901779865142682e-01
1.319645432621984471e-01,3.957569208053779430e-01,9.039411983652695382e-02,8.874860102833559417e-01,3.533789832834760558e-01,8.529573001228302198e-02,2.390670885719352323e-01,1.632413074330615332e-01
3.559854560033041682e-01,5.859496008113270760e-01,6.996937411333992163e-02,6.324968567906005257e-01,2.825941043825059285e-01,8.120220539943813209e-01,2.958394481081924043e-01,1.637064658300008968e-01
1.306765357633211666e-01,4.686125767213057403e-01,4.258686054521618192e-01,8.373738092827909263e-01,2.753738602369412147e-01,1.997065785051683751e-01,7.207590111915247455e-01,1.605194737667667571e-01
2.921397206339661490e-01,8.852707269884000363e-01,1.181732635085236127e-01,6.804061860525033589e-01,2.394843944464264129e-01,4.399758936100355844e-01,3.036706985663212288e-01,1.638050161875890809e-01
1.349651781665532346e-01,2.807180887598749730e-01,7.303242487618313294e-01,6.866279626127868019e-01,2.795640863250189456e-01,8.520533428947534293e-01,5.426158554368781806e-02,1.644222400700232067e-01
1.040751000379908364e-01,3.173169422275667895e-01,5.949972491003623354e-01,8.457997944481574493e-01,2.617938663547779155e-01,3.452783243602745022e-01,7.917068994419215189e-01,1.603884309016440080e-01
3.345390459784175485e-01,8.362072611916916420e-01,8.946698703774857986e-02,6.187271524470031592e-01,2.692396675906660874e-01,5.047079001338627968e-01,3.643134802552286944e-01,1.638416831985294586e-01
1.691754921899671638e-01,5.642428878641040368e-01,8.766314981320366684e-01,6.431056758492190717e-01,2.633188335847823636e-01,8.654715618920453268e-01,6.098486534005447268e-01,1.601069903151554896e-01
2.463856737763734095e-01,3.187971454885637490e-01,3.977075357661389310e-01,5.603658807608249415e-01,3.093852692442468633e-01,7.769640892774408725e-01,4.907005181116923520e-01,1.622629709982286172e-01
2.819222793417894835e-01,6.180583604711568091e-01,3.046334911444259497e-01,7.222722710174399596e-01,2.141930556788777806e-01,9.293107917286311803e-01,5.009665749592034922e-01,1.621754901743905630e-01
3.309768178505594349e-01,2.750400065645156045e-01,3.484608616487594457e-02,6.831456844387554517e-01,2.736260088637583743e-01,9.464238397622465326e-01,9.715587754710375279e-02,1.617522746558998081e-01
2.364769952770843786e-01,6.982110888515214997e-01,1.192601250533165125e-03,8.116656669828565818e-01,2.492173599650646665e-01,3.170626231189762612e-01,7.274144790449743603e-02,1.640942868256980713e-01
1.745871008927767920e-01,5.958789695394449693e-01,9.782695559559700937e-02,8.025320526669975640e-01,3.415843853619549564e-01,5.899540363181915437e-02,2.039914825118974706e-01,1.642492552718598786e-01
2.940529359393936337e-01,1.918906317685301621e-01,1.264055968183230017e-01,6.063342176256947269e-01,2.960754357183179031e-01,8.230426742461240952e-01,3.608655271907285633e-01,1.624052768976285421e-01
2.472371556985550334e-01,9.482619270300716163e-01,5.375105458803175473e-01,7.289450769290313215e-01,1.556463195125972754e-01,8.393592902969529979e-01,6.617340455195780402e-01,1.622791029224244785e-01
1.478980322438755990e-01,1.708656687785082284e-01,2.185157830207855589e-01,8.932253098026408100e-01,2.609301896202458892e-01,5.493050256771880857e-01,4.732112680979192465e-01,1.615662733726087319e-01
2.622646554300021027e-01,6.782142329954143900e-01,4.526046942702855458e-01,6.376428059947910620e-01,1.848412918296848950e-01,8.963772725780236872e-01,8.426940125892505851e-01,1.619849125606665496e-01
3.997656866549137433e-01,9.695995012921804213e-01,1.855097144754004890e-01,5.908119095594038805e-01,2.753097178480394258e-01,9.595229224580639205e-01,4.792784626104837353e-01,1.633625098374741624e-01
4.202672537218101745e-01,9.293007950570006948e-01,1.966456284087013950e-01,4.647954816721553417e-01,3.314173421655820517e-01,9.210884996598089902e-01,3.685695867172322782e-01,1.626888574578065905e-01
1.513339571960589658e-01,2.962208820154736411e-01,3.599596610536847097e-01,7.091107221920025516e-01,3.491135577300297221e-01,3.942945047917426060e-01,3.249120555743539862e-02,1.629226153721058667e-01
2.359927650002692501e-01,6.025680791239753642e-01,1.831772175091501975e-01,8.676540036962648861e-01,1.547883841964932672e-01,6.339174719681475167e-01,9.815034570329412844e-01,1.593084856915292502e-01
1.920512007125969867e-01,5.926604019099254161e-01,1.879149663592138975e-01,8.539140513902911955e-01,2.143609327180673874e-01,3.630538829143453716e-01,7.061058189712281496e-01,1.607676193429088685e-01
2.877885899619326837e-01,4.474113213704301040e-01,5.900337766250296490e-02,7.522130161111544311e-01,2.251145613152079339e-01,7.354674327927401833e-01,9.852359468622399197e-01,1.578538362716341570e-01
1.763134681529382741e-01,3.309787909349158896e-01,5.006410935791955064e-02,9.053840420018951507e-01,2.832109705438949909e-01,4.111131843433394883e-01,2.010295706241332359e-01,1.610833361373884276e-01
3.197159958061709384e-01,2.468754989335250061e-01,4.279362516861251464e-02,6.678021428566492945e-01,2.532059914267956735e-01,9.659982837177623072e-01,1.990895917818366057e-01,1.633480562069785091e-01
3.293325720722276584e-01,8.160429175653172162e-01,4.132578384848168973e-01,5.044177343956932624e-01,2.940408497816743849e-01,8.888847306748838273e-01,1.796416772346561275e-01,1.631990187048946439e-01
2.725608047287647051e-01,4.187371894663165506e-01,5.304266863053352932e-03,6.786341459030392764e-01,3.240572643241593220e-01,4.057617774180224957e-01,1.105939242645335163e-01,1.629975237845734948e-01
3.001678445347475965e-01,3.453205411709044936e-01,1.129672592022863409e-01,7.176278972477352358e-01,2.273197628500213952e-01,9.494927822321059807e-01,4.692306391402172872e-01,1.618067801982793485e-01
1.187136113499916296e-01,1.418204891746103202e-01,4.246706448156616354e-01,7.483143056381638125e-01,3.315809366376138434e-01,3.847250935673816596e-01,3.145110397806630820e-01,1.631088036815295239e-01
3.119571236185903484e-01,6.358209965528507368e-01,1.306095648660425823e-01,6.215563170303618490e-01,2.433785953623620324e-01,5.642864164528591520e-01,9.915223553690681868e-01,1.599300029883110874e-01
2.876456285611046493e-01,8.415996332935519186e-01,1.915009517207696410e-01,7.996336633399653282e-01,1.483327620767001254e-01,7.520234677219486130e-01,5.902569008040842169e-01,1.627942592210777084e-01
3.187707694803492142e-01,8.894279201250288036e-01,2.383358908058730574e-01,6.037497846616661779e-01,2.601465885638135633e-01,6.308884980885794969e-01,2.029820750285347697e-01,1.641571364998044569e-01
2.961171735831930052e-01,7.263074697695623971e-01,3.664081963163061673e-01,5.214702451188161225e-01,3.085839316146835598e-01,6.422939560099730771e-01,1.168918681748987165e-02,1.643082745681029855e-01
2.504482283668145182e-01,8.512688676222629480e-02,1.763641926563239426e-01,6.747198516313509531e-01,3.382677318242779396e-01,8.884204194102141017e-01,2.359819239781739963e-01,1.615685041495541208e-01
1.952520151776506729e-01,8.496090541426138953e-01,7.252916214028065633e-02,9.640739248052900834e-01,1.800822025141721738e-01,1.523935330335938754e-01,7.762306411117017024e-01,1.624561982066297927e-01
1.370138906137028934e-01,2.023976663406949483e-01,6.290154088838428859e-01,7.543287800701918844e-01,2.892789679465887498e-01,8.581823786890473427e-01,5.366257211479800171e-01,1.596379028085933016e-01
1.983199168065186979e-01,9.471704499173296821e-01,9.824842678010528019e-01,5.682182108342774818e-01,2.718886335113938069e-01,2.883086315017237555e-01,9.097833147922610442e-01,1.598159914702849960e-01
1.880409185252464865e-01,3.954941046339169319e-01,1.044767537045998562e-02,8.239067215229231023e-01,3.467071946009027128e-01,2.306988206985941536e-01,6.394903148393377146e-02,1.634518402093081135e-01
2.811505742938663621e-01,2.211826886312366347e-01,1.257575471613886497e-02,7.709327186628670558e-01,2.294935311675516121e-01,8.661059739843539607e-01,6.905880693236199352e-01,1.599373414096185442e-01
3.845389809497576916e-01,9.136973652136601842e-01,2.073390306697746877e-01,5.933239969376221667e-01,2.337917489005867100e-01,9.015708012377863234e-01,6.314993042923749966e-01,1.641042104739689755e-01
4.281731515914990460e-01,8.646053831158283520e-01,8.425550890411209748e-02,5.472202707345079631e-01,2.891086782855042392e-01,9.380401818828791871e-01,2.289434504965814354e-01,1.644218631904135475e-01
2.118668088959225759e-01,6.489280217305311016e-01,5.135756630364352038e-01,7.994109895010500511e-01,1.639928796101771669e-01,8.905959290839877696e-01,9.303958962725482618e-01,1.588749311970691358e-01
3.243389415875539972e-01,4.806938579939807332e-01,2.188269314846604252e-01,5.582074584456910848e-01,3.052423778619605677e-01,8.148099503751222716e-01,4.895042245161482231e-01,1.630699063400348203e-01
3.139018002657842366e-01,4.167996734556039251e-01,1.296745897556024207e-01,5.401164868630965454e-01,3.455708548735185737e-01,6.040545104668728627e-01,1.162486687842416155e-01,1.639942533017441362e-01
2.806561876032242497e-01,1.639473382713947935e-01,2.463656799934482999e-01,5.436303954721487530e-01,3.319403067867371937e-01,9.003224731045724738e-01,1.776619459956148561e-01,1.632449853413553420e-01
2.919630166796293724e-01,7.828176782875408968e-01,3.585949337706789697e-01,7.295719951342919396e-01,1.830048030472623544e-01,9.980821615781776401e-01,7.025170828008465707e-01,1.618312601117143368e-01
1.411246050346853798e-01,7.257771795752812061e-01,2.166107280081172037e-01,9.532413583470180640e-01,2.132276602037884994e-01,3.784464081289007353e-02,8.733983579066515457e-01,1.609313367195681910e-01
1.392506768090697178e-01,7.332958833865038661e-02,2.435575617597110221e-01,9.277549812177574573e-01,2.300291577291938561e-01,7.258101726240454576e-01,5.675016922070261760e-01,1.605393778094868773e-01
1.944613430974377333e-01,6.746294340056394612e-01,7.777007180942316911e-01,7.380886550616145847e-01,1.858434169375953182e-01,9.763996989709295971e-01,9.986739594794493691e-01,1.586130494060855600e-01
1.009602021549361461e-01,8.792899560178890628e-02,4.764505891971961282e-01,7.914643634331441913e-01,3.105776717276647059e-01,3.959743089101149804e-01,7.112510837237970840e-01,1.605110168309756280e-01
1.204334094790628501e-01,4.375618940632647336e-02,5.376118328316287220e-01,8.627563103857365245e-01,2.655669708555170039e-01,9.669839022706083753e-01,4.665051138260421504e-01,1.619204508700373690e-01
2.417218973016366235e-01,7.189714563839908479e-01,4.590477956562938888e-01,6.144032172407719594e-01,2.421440977564049135e-01,6.559354346753318854e-01,4.740915914481158566e-02,1.654805772915627915e-01
5.960618637139264431e-02,1.396476783103898778e-01,3.485457479358749500e-01,9.762189801562132230e-01,3.359203744244726453e-01,1.104104583060067091e-01,5.521230244231829509e-01,1.613829641024904504e-01
2.019065094228706947e-01,5.932788719614822126e-01,3.324235504106883843e-01,6.988231043589410163e-01,2.553066415349594664e-01,2.605879699276413275e-01,9.392371850337382089e-01,1.604899024872123159e-01
3.722791260483807596e-01,8.318090308109482578e-01,6.757788359967814573e-02,7.001468313218781603e-01,1.908530440021871666e-01,8.996545099690862468e-01,8.714947675274958838e-01,1.599453982002385366e-01
1.808722559667481078e-01,8.544152099373520937e-01,4.411461272592532845e-01,8.241496058100793443e-01,2.040788789281118287e-01,2.386449588614391604e-01,8.916182617789165654e-01,1.595794036985286324e-01
2.251042973717719553e-01,5.398943676271930059e-01,3.379521567031640306e-01,7.205622101029111048e-01,2.557535381812975905e-01,6.069904495758859930e-01,5.642778070456377915e-01,1.617820422761183929e-01
2.326106803086782082e-01,4.365114155426566001e-01,4.723933189214487571e-01,6.636587888623722842e-01,2.602367376116013764e-01,9.757121644451227649e-01,4.800774551781329391e-01,1.627075236974122596e-01
2.021161360389041040e-01,1.055480365815980037e-01,2.454665518327423801e-01,7.089851653280155874e-01,3.403137495018986880e-01,6.637483183702793665e-01,1.202255528952146379e-01,1.631512243012395447e-01
1.930535226821548933e-01,5.766313835820345846e-01,6.352008248983974648e-01,6.725064615162279491e-01,2.716227078766277336e-01,8.650095537726456563e-01,2.292924315341417218e-01,1.615464137896958641e-01
9.194566990954752828e-02,2.961044878392271595e-02,7.470198871748121583e-01,7.748469020781453276e-01,3.250640518885408170e-01,9.701161235678618100e-01,1.192248151368424658e-02,1.633859244661100552e-01
1.771901247844947513e-01,7.540255896733571994e-03,3.168720501986521665e-02,7.735019683332540197e-01,3.881468865845471017e-01,3.170529411428620881e-01,2.075348824884569177e-01,1.635575799740986158e-01
1.478425850219191595e-01,2.787410838676651625e-02,5.281020906216921107e-01,6.474613945141387550e-01,3.289685418070117384e-01,8.598070556502537265e-01,8.127482670839247803e-02,1.632169710999673840e-01
3.243646291961519434e-01,4.895061650284332488e-01,6.186316544143849461e-02,6.727040798617733852e-01,2.190067818539181144e-01,7.857133972948165956e-01,8.178884813230670181e-01,1.616013645363210405e-01
1.353825809845847217e-01,3.161807700747867877e-01,4.684721313533432574e-01,7.943828303214096609e-01,3.003909552313062115e-01,5.306256057971904250e-01,7.459247124368911797e-02,1.623598343715136616e-01
1.894726207741799229e-01,3.226716722212766841e-01,1.132114238870615686e-01,8.330495214135291704e-01,2.956230092235451190e-01,5.117477679226759557e-01,5.704266706639377071e-02,1.618284277365737156e-01
1.722726883076811932e-01,5.663518110395755478e-01,4.146768672308679404e-01,8.461032840535742672e-01,2.027285990229087398e-01,6.171304091640660294e-01,2.064063102626571000e-01,1.630859242152593869e-01
8.058646900105886912e-02,2.321769919002587557e-01,4.949113094234312005e-01,9.035570045141277928e-01,2.682701563676527234e-01,2.420883887169348880e-01,8.429534423008473443e-01,1.607849106236917125e-01
3.464883121850212411e-01,6.362576351269295660e-01,6.906433264093791990e-03,6.167240067271613224e-01,2.994520193056545709e-01,6.124070880791621097e-01,6.109285994440555312e-02,1.638686128861938651e-01
2.586092185623116713e-01,2.988353411952336947e-01,2.032105522234163852e-01,6.992028434548754889e-01,2.690889808569168484e-01,8.382901602710768341e-01,2.828211156959544725e-01,1.623354151664424538e-01
3.068676024978734818e-01,4.657106088024738910e-01,1.199090294329661077e-01,6.540423596959443753e-01,2.220983639577864266e-01,7.859804328339656809e-01,7.584801459982490890e-01,1.615851496145227495e-01
2.586170776651072756e-01,5.939499426013998828e-01,2.381610345371563131e-01,6.788601908040102773e-01,2.388009963808264968e-01,5.857653008577017317e-01,4.358420389274796358e-01,1.646453831496715314e-01
2.142302202305471359e-01,4.223194299146545982e-01,5.000822616299986922e-01,7.313878552428827451e-01,2.447533164332188760e-01,9.722361115177536872e-01,7.226682915902529203e-01,1.605436103226643429e-01
2.274953613274224296e-01,8.034688498287895220e-02,2.047227923365807500e-01,6.512278369453586846e-01,3.618128127875027134e-01,7.718039188049148347e-01,5.307045774770186020e-02,1.612261629515147066e-01
1.665188497444861360e-01,7.451381498674277681e-01,2.200416490538537884e-01,9.909927707479783132e-01,1.140840009251463394e-01,3.552543680634974721e-01,9.856043267998950697e-01,1.590176225459786485e-01
3.017615742644529364e-01,9.232309033877609261e-01,6.442965967691938189e-02,6.590085182401351771e-01,2.677593934822942168e-01,3.189307969149725031e-01,1.765233688580819527e-02,1.654678841989436211e-01
2.889043956012706249e-01,9.517438001172040529e-01,6.484802094938013628e-01,5.142045156379292381e-01,2.514658710196528424e-01,9.907813031588624808e-01,4.261457367869648794e-01,1.616271064499099630e-01
1.967354167912408469e-01,2.138357717268620783e-01,3.294062101044397672e-01,6.894918769794704527e-01,2.697719117029616642e-01,7.042694092873683642e-01,4.397775439398977082e-01,1.627955331006023521e-01
1.178348872112514739e-01,1.207678969721219797e-01,4.826074861371701386e-01,8.024032354868935180e-01,2.986925292319274061e-01,6.656306448037991874e-01,5.634320778796664264e-01,1.600678317996092059e-01
6.646483414604487105e-02,4.445605810730279828e-03,5.840010740903127662e-01,9.738176534027072062e-01,2.625714437199330176e-01,7.714761035092675412e-01,2.655977416186302009e-01,1.630515684081505212e-01
1.889288215373746971e-01,8.375145438024489408e-02,2.902765014833242896e-01,7.668482914366453462e-01,3.037382154562727754e-01,7.957906064384140388e-01,1.811117811601412608e-01,1.622754928184866607e-01
1.839386172783044060e-01,4.925405004756987504e-01,4.848757204335353288e-01,7.050666145125605855e-01,2.608726287618275963e-01,6.521721910698021762e-01,2.948776303090326900e-01,1.626803227451555367e-01
4.342810029787239068e-01,9.147016869866309019e-01,6.830517995895030170e-02,6.402565639289875543e-01,2.742246759762548836e-01,9.728067412143410753e-01,4.560306035211998399e-01,1.619595857610049983e-01
2.772021853580123874e-01,8.010121872024396072e-01,3.936685431800692192e-01,6.497505359194519770e-01,2.088305757906449567e-01,8.083516292879072695e-01,3.824823928096167114e-01,1.650116377499040166e-01
2.369460024784849628e-01,9.620337845531199417e-01,2.991867436660051727e-01,7.933340661118223336e-01,2.014311359110347588e-01,2.987096853294679555e-01,7.495009869905500111e-01,1.614249392100268188e-01
2.838041292146395445e-01,6.755613138074439972e-02,1.180945254578043002e-01,5.567809545770237012e-01,3.856401252301297489e-01,6.674452834613000540e-01,2.114028264271686774e-01,1.623668194298215905e-01
1.749143273284384792e-01,1.581023658169236068e-01,3.178605820949538807e-01,7.703763259492425464e-01,2.484320012737745720e-01,7.393138628264596113e-01,5.122243955469875099e-01,1.623399051327090725e-01
4.861352853780701033e-02,1.871062483755947525e-02,3.780412401506072495e-01,8.927878320499015308e-01,4.187687195530539475e-01,1.556469751441879601e-01,3.799178474188674715e-02,1.635101755791311673e-01
3.278694561747192426e-01,7.871761649780034675e-02,7.630098925093364848e-02,6.138716935281627318e-01,3.253024682926320965e-01,9.481637434720642243e-01,4.505231155456012604e-01,1.609756659501829501e-01
3.558352779905073482e-01,1.590702089406341724e-01,2.086008640207409615e-02,5.765032280900955763e-01,3.401189562741971373e-01,9.465309474799827871e-01,1.909773704743223943e-01,1.615218741593059670e-01
2.181459043987510893e-01,6.726736424246229085e-01,6.074237046205533952e-01,6.422051929960587158e-01,2.483854642323815587e-01,8.837885582998008527e-01,6.446063004284452447e-02,1.629712814950522726e-01
2.844481906837943441e-01,8.983528939529705770e-01,3.070044778265740293e-01,6.399224417139895982e-01,2.308654315864974715e-01,5.791663386804509761e-01,7.285444023348670584e-01,1.606651423835370462e-01
1.914760736405498875e-01,5.953648644921051281e-01,7.524888983478200677e-02,8.373204056274754503e-01,3.131636139106271921e-01,8.068199496678990501e-02,4.403363000691717377e-01,1.631999986786613344e-01
2.913938100239573115e-01,8.667786716964088756e-01,2.447969192853991505e-01,6.607170306785186131e-01,2.847800179483011562e-01,5.262637025955890779e-01,6.237782530106206202e-02,1.637201925916515199e-01
1.595078772696316149e-01,3.763158105673080067e-01,3.324229274751893115e-01,8.206758190198607528e-01,2.653412083473100092e-01,4.023375310855982767e-01,6.301188289081569582e-01,1.614271289742331139e-01
9.577723949676134052e-02,3.150691555105605834e-02,4.798848670028700858e-01,7.725593728277139194e-01,3.888678227499094975e-01,3.592102951725242299e-01,4.102116398139205034e-01,1.612471724138169193e-01
2.353704171788170985e-01,7.238073203043260406e-01,1.408907101245747140e-01,8.351223110510972436e-01,2.343615845411639864e-01,4.587673944905179546e-01,2.517284430698515374e-01,1.624738423672472676e-01
1.747189160265029406e-01,2.150249762133048526e-01,4.614557700494620884e-01,6.886888730361505617e-01,2.760828288250102291e-01,7.088167528801379014e-01,9.960624255338133004e-01,1.583260141875720561e-01
1.643163291179299268e-01,9.384790602016662708e-02,4.733419859782944661e-02,8.556005189996122029e-01,3.217674895657331446e-01,2.937262525761475951e-01,5.451480462028004403e-01,1.625712633558122622e-01
1.607656123371886958e-01,1.606522371485846756e-02,1.936783666707213025e-01,7.092648079838159703e-01,3.713806208668230524e-01,3.484756452047970132e-01,4.826442651935079486e-01,1.621123209424834566e-01
1.179231606462549792e-01,1.042558974470698119e-01,5.054023724673974982e-01,8.109435766367968368e-01,2.621215400743138191e-01,6.226639584689930285e-01,6.773239709801675001e-01,1.623250242373173446e-01
2.204062118780403812e-01,8.730846011391947270e-01,5.883648928487419383e-01,7.244553250783574150e-01,2.113613741645459509e-01,7.466442251501824723e-01,1.427035850489742907e-01,1.630473604849803637e-01
8.288593989608494805e-02,1.481774293999119085e-01,7.808919224621857502e-01,8.197093951298850545e-01,2.969387632733971327e-01,6.721849171054422589e-01,3.189795709429747994e-01,1.625918707948039443e-01
1.497756842477131201e-01,2.172310765390051412e-01,2.444835710867118150e-01,7.803867271091278202e-01,2.909281902844388923e-01,3.524763424007920087e-01,7.089486266522565527e-01,1.614021545964040849e-01
2.398981735696804618e-01,6.470031939489997441e-01,5.480257581086949159e-01,5.964982453529987794e-01,2.868357989334124336e-01,9.192485598974646788e-01,2.656600161253401815e-01,1.619954170281873995e-01
2.460124751634797380e-01,9.296678045446177263e-01,1.727789269140326822e-01,8.560893315627754463e-01,1.685812424953359867e-01,4.230709412109650014e-01,9.035686201577828314e-01,1.599390597820125604e-01
2.564305033283899582e-01,6.100273906495105036e-01,4.815829678197288133e-01,5.843891318452937300e-01,2.685466267391016792e-01,8.066856707271545801e-01,7.787758707090198795e-01,1.604257216169792666e-01
3.620160125072853230e-01,9.264983035387363008e-01,1.940298942347479239e-02,6.983775392772426649e-01,2.435713025445015445e-01,6.546296320007046754e-01,4.315287121580635987e-01,1.630680448584559961e-01
1.397906672658649485e-01,2.872603931813788591e-02,2.175444024349407479e-01,8.644356459543276472e-01,2.961096862345731773e-01,4.784220867458500726e-01,3.692286704486674731e-01,1.632635889434253529e-01
3.465484006041812948e-01,1.651448828700197158e-01,6.300641371821907866e-02,5.652844337333599034e-01,3.572479416190106893e-01,9.362539624766261781e-01,1.592490971992608917e-01,1.613555098083143680e-01
3.606554727516722014e-01,7.685574138229367414e-01,1.801614799079893359e-01,6.018965246528211743e-01,2.782016532637707207e-01,9.020076977338800095e-01,4.555500417905083976e-01,1.611088192070113390e-01
1.663578135193388152e-01,4.029302093689204334e-01,5.728829864571687303e-01,7.246818205731505591e-01,2.519991050948611755e-01,7.878025786334071912e-01,1.133680920260747849e-01,1.641243323618166439e-01
2.829991776920236513e-01,8.342080046175341934e-01,1.917547426921848708e-01,7.363942412252636460e-01,2.105301871341596354e-01,5.633377348778733085e-01,5.535322691883992619e-01,1.621867991564728551e-01
3.838873105915059925e-01,8.293286324501283335e-01,6.032447302993304561e-02,6.620975240533798489e-01,2.368807378145824094e-01,8.606925191000558417e-01,3.954979681452245877e-01,1.636695331519041896e-01
2.033682688488829826e-01,7.979452929227153213e-01,2.112912323617354426e-01,7.453647340292559598e-01,2.938013281540235999e-01,4.454976458856996224e-02,4.338617233334303713e-01,1.639648341497661754e-01
1.099455242736389615e-01,2.163495432865019108e-01,3.533940435421445980e-01,8.642866295704151325e-01,2.584580021057432120e-01,3.398324187138074826e-01,9.899118360554635121e-01,1.584266422773527028e-01
8.839276296812767497e-02,9.465703983527312682e-02,4.413607150698047876e-01,9.479047919868134331e-01,2.759380341797702529e-01,5.333965541552181389e-01,2.626345983100932258e-01,1.632590666643131683e-01
1.941050477426859711e-01,5.590706851993123561e-01,2.392606319668161285e-02,9.091987181781805427e-01,2.510408059788176716e-01,2.603999308539679536e-01,1.629330367231079935e-02,1.643387042886987059e-01
2.040231173031927525e-01,7.602873995241077321e-01,5.062254549253979441e-01,7.135722645327824409e-01,2.067981829269415206e-01,5.802362403892270537e-01,1.103205692421131423e-01,1.646281331470370590e-01
1.419748999669345757e-01,1.059578753784483629e-01,3.374237382418996400e-01,8.849180550580681981e-01,2.543357466531812050e-01,8.405201274922404764e-01,9.183952145741647310e-02,1.625938453287914531e-01
2.266095034994826674e-01,1.737670507497556249e-01,3.739258900072002234e-01,6.045628905396904784e-01,3.134595607660518590e-01,9.817594344026648878e-01,7.272499846193630768e-02,1.635607840156921844e-01
2.024498141350095648e-01,9.070254506854790177e-01,2.965353724001077995e-01,8.634449870461119447e-01,1.520380731309884381e-01,2.889541495315738895e-01,7.085752429459031276e-01,1.631259814956013687e-01
3.861603770770927202e-01,6.908426329938708310e-01,1.934258307251057185e-01,4.740196362133296537e-01,3.065693502673827453e-01,8.583152987590725314e-01,5.170417951054887551e-01,1.632291256169715876e-01
1.673025300644958580e-01,1.581635144553171779e-01,2.925223067284435929e-01,7.484431311234016615e-01,2.999971512148211228e-01,4.564767015682270612e-01,7.259208971855535264e-01,1.606851203856131394e-01
7.612974095123670182e-02,2.711177068008595592e-01,4.590711060186303816e-01,8.484561903720098108e-01,3.823108995592434112e-01,7.910947560913572651e-02,1.055437211212100768e-01,1.622242318222728852e-01
2.668244952189994801e-01,9.640027755549092081e-01,2.033268579105124152e-01,7.426908553385360712e-01,2.661369087944885359e-01,3.410563266243991087e-01,6.994712910808081885e-02,1.636663267245218045e-01
2.101060132130144198e-01,9.592284741146281934e-01,1.338228487897429875e-01,9.063827758444762406e-01,2.085865660476161620e-01,1.818982129783410229e-01,3.520153644312113417e-01,1.628409571567583647e-01
3.336880616096198349e-01,5.070779314239007851e-01,1.471800375571563346e-01,5.720696534045619508e-01,2.828169017489988168e-01,7.117938278902137261e-01,8.780181132863873472e-01,1.607322227761661393e-01
2.215468490045451322e-01,9.978154092477609094e-01,2.640275416871707970e-01,7.945654826670274229e-01,1.683845120112715255e-01,2.384515208951409337e-01,8.062477382980239859e-01,1.619872157378684230e-01
1.606858836377781374e-01,4.668285322507529367e-01,4.465523107610348541e-01,7.532493593086081463e-01,2.403719002579152164e-01,5.105107412723187688e-01,6.534917918859612929e-01,1.610193120804749578e-01
1.364068344398737531e-01,2.359330905650583454e-01,4.872536008709377198e-02,9.010269748714259119e-01,3.370419761580243923e-01,2.010845201887442313e-01,2.346152376517554317e-01,1.624645622535509648e-01
2.476721935656515106e-01,5.076647767534870903e-01,5.814912236355356256e-01,5.500686566265402533e-01,2.683489438210959754e-01,9.417814107386646150e-01,7.032574552643744425e-01,1.614677688644028941e-01
1.401496892029848729e-01,1.395329243035431377e-01,4.560017509987748241e-01,8.346041253371445645e-01,2.828780551441254509e-01,7.487750052654376098e-01,3.416393764012973233e-01,1.614285872894093421e-01
2.435392444805752621e-01,7.013635725292826084e-01,5.051734279968155272e-01,5.743789568480885954e-01,2.768535724780227802e-01,6.571385360581218915e-01,1.945479896001552911e-01,1.640680474039611925e-01
1.795181007190316813e-01,2.437407093576087758e-01,5.738078875641083876e-02,9.089718334191126958e-01,2.367988326459579684e-01,4.539393514415338560e-01,4.820038373813076982e-01,1.621265407558725169e-01
9.336651946815653635e-02,4.604924950517824689e-02,7.226925935125010358e-01,7.210621161565463622e-01,3.435934419121710048e-01,6.417198210938737102e-01,5.524030388386276247e-01,1.607033717215038127e-01
2.742078692169662713e-01,2.775226762309673800e-01,3.145756290328990956e-01,5.388766027518060442e-01,3.675209585790462641e-01,8.702789189121411528e-01,8.312427334529365330e-02,1.618326901583241884e-01
2.229120584982531850e-01,5.929588018471602107e-01,4.625667339493745311e-01,6.270844737288263637e-01,2.502566864950723224e-01,6.369848088249492335e-01,3.947778454937461157e-01,1.633730997734682833e-01
2.830935730933730743e-01,9.489663729094652833e-01,4.383828529125268769e-01,5.604258071214981429e-01,2.665591912150575005e-01,5.777633828569811447e-01,6.060278053012463362e-02,1.642529899648819125e-01
1.396914322374491479e-01,2.497522111693242231e-01,7.854983124589276500e-01,7.298066936601103061e-01,2.223856332442470662e-01,9.771454691461992637e-01,9.906274151500908953e-01,1.604605672516672132e-01
2.585546616536269493e-01,8.283552601409300831e-01,1.798930776199608728e-02,8.683083771781403559e-01,2.239056884792398061e-01,3.660583500977671045e-01,3.515966765575309072e-01,1.621452398920580629e-01
2.006837593322935709e-01,1.382092393989640122e-01,8.568801700526962328e-02,8.372487704239530704e-01,2.812839864686070834e-01,6.447250486139418646e-01,1.417399502837310976e-01,1.625575226237689630e-01
1.571167596125072619e-01,3.675756092249251594e-01,3.763833753774869506e-01,8.277525049916355515e-01,2.573213606838238854e-01,6.656204772806625369e-01,1.420306960458238565e-01,1.621515535057633517e-01
3.582319586529265631e-01,6.543862740053105753e-01,5.351601284017848403e-02,7.134832513881046445e-01,1.876174010673319348e-01,8.399221484988814712e-01,7.971860621990429774e-01,1.623886657353939555e-01
3.449547867889369290e-01,9.968316053682144684e-01,3.899109300765318809e-02,6.807552645198566843e-01,2.404043934075500710e-01,5.103906338975876533e-01,2.623486131513003139e-01,1.642079280428578314e-01
2.122256345431006441e-01,8.562847787653005138e-01,4.194275933248133303e-01,7.401067904426674726e-01,2.503394587349197509e-01,3.805403496861732293e-01,1.064002874454214598e-01,1.643097808604017107e-01
3.406252792358739900e-01,8.697401332562605392e-01,2.653590191942222787e-01,6.417920308920523897e-01,2.519178873173467670e-01,9.429096911012649906e-01,4.563716650345684966e-01,1.622280898244426173e-01
9.640588535302162254e-02,2.479512759056587412e-01,7.868803915344929623e-01,8.268290749916701321e-01,2.718794803796066306e-01,7.231023235499367541e-01,4.975582651865724237e-01,1.612478063708192300e-01
6.813531652742910172e-02,1.110772925631217656e-01,7.268386723141379013e-01,9.095496589218472483e-01,2.616675986345154969e-01,6.628646668866206015e-01,5.603017866702775240e-01,1.618423288217021860e-01
2.315636826830414496e-01,9.723211919027179295e-01,6.630272607404901208e-01,7.353534366591066851e-01,1.738015345083131769e-01,8.871325110475394293e-01,3.711278279933628577e-01,1.623660322674371492e-01
1.786069966554929556e-01,2.080986378038740536e-02,1.595373540755949393e-01,7.957783562613836015e-01,2.898142913890871530e-01,5.456415376487697699e-01,7.711844465381167968e-01,1.599309681549685447e-01
3.087860876880200167e-01,8.029714185446276131e-01,1.905608895099072109e-01,6.830553446988331112e-01,2.615188600727356150e-01,6.886781399084975774e-01,1.418159983544812763e-01,1.635846858206354004e-01
7.021317975613816653e-02,1.515630662666292983e-01,7.823920057177313758e-01,8.279535536973595677e-01,3.031570990046378311e-01,3.950418198981480722e-01,8.674189928698445851e-01,1.591464803029784547e-01
3.197358941717570180e-01,4.102540532737687373e-01,1.771314625808478871e-02,6.626689025619696416e-01,2.573914641880132304e-01,6.590797490611131071e-01,9.012829680388265707e-01,1.593573558663517464e-01
2.170945347461086805e-01,8.131417819735826669e-01,5.216581711824042067e-02,8.114538264246213828e-01,3.340980148868890609e-01,8.133053475862683790e-03,3.376372995403792432e-01,1.628673718530519732e-01
4.140850920949663561e-01,6.803659940453857802e-01,1.510662146926182725e-01,4.938838883719025574e-01,3.403100027101424452e-01,9.591381574784403341e-01,2.093526146927371934e-01,1.627147078290430426e-01
1.857287251351061874e-01,7.265895413617600163e-01,2.218517556062560292e-03,9.467148504344734539e-01,2.217833267118949347e-01,1.521373478995359241e-01,6.040996346011623386e-02,1.649434778231723131e-01
3.269160029298896486e-01,5.666451509243303208e-01,1.723841933223151102e-01,6.574072265854353780e-01,2.667469403373913250e-01,9.723548488857400862e-01,7.424045631697329117e-02,1.621892639649000767e-01
2.060221540308722898e-01,3.203494927891470390e-01,4.740767067034920013e-01,7.232553200708398133e-01,2.196323177478832767e-01,9.941226963759870472e-01,9.153345041008952299e-01,1.607257008620091299e-01
2.335932296935864239e-01,5.105875115537698017e-01,4.330934239034744948e-03,7.802517407704083752e-01,2.937354112659835703e-01,2.327349941037725745e-01,4.795639459938304539e-01,1.637991792614588715e-01
3.725259368357922707e-01,2.924046470046182122e-01,7.327166766782711171e-02,6.000539573543359761e-01,3.118974540962957676e-01,9.968483718223777323e-01,2.157157066572419346e-01,1.636614613877377111e-01
3.231652120213961421e-01,4.980432332053409961e-01,1.522941430185464073e-01,6.285384976850035832e-01,2.979712676027871932e-01,8.363211879953305061e-01,5.354403531678746386e-01,1.603130033095839513e-01
2.068737410787622188e-01,1.578011407050030068e-01,3.889770482416958219e-01,6.123736976517788477e-01,3.339091091583685222e-01,7.964659597176879657e-01,1.799602523759120665e-01,1.626398340519291386e-01
2.992187767168134060e-01,6.239684367079145755e-01,1.665771625578496562e-01,7.358195137868673852e-01,1.901641854214297100e-01,7.870673081916615965e-01,6.833133167925714568e-01,1.622746344558878839e-01
1.188429760794033063e-01,4.842425674340794517e-02,7.487591167739210407e-01,7.172825042893103964e-01,2.632981034042262691e-01,9.685683702599652278e-01,8.119530443952318599e-01,1.609143809823334603e-01
1.718213006777405683e-01,2.408698094785595156e-01,5.397394860109742121e-01,6.581906116917399796e-01,2.860347698296293872e-01,7.356056236632162459e-01,5.803179806146954167e-01,1.615514784524214320e-01
7.483921265525955713e-02,2.526616886679391438e-01,9.340708764774724449e-01,7.144967789475228370e-01,3.404856636029008898e-01,3.590902862984206023e-01,7.796052409447684628e-02,1.640408511722725171e-01
1.170611029003966880e-01,3.602919763107670370e-03,4.519294922983746465e-01,8.310345814943511655e-01,2.816297609594276552e-01,7.755665851577911996e-01,5.885588013617547576e-01,1.611407255114012116e-01
1.013359333712411797e-01,3.205434163959268723e-01,5.575339365080729248e-01,8.951340132565707153e-01,2.124759126795623954e-01,4.717522864735173016e-01,8.071642168295132258e-01,1.606867388063970281e-01
2.081634725206248093e-01,6.076293329329985893e-01,1.888484636080692280e-01,8.461053651428379618e-01,1.688456048646160279e-01,4.455550226448139473e-01,8.419942219550884399e-01,1.618112408601319052e-01
2.291014734736001035e-01,7.724092738521990409e-01,7.060420671376363977e-01,6.362783265155627088e-01,2.469288618580556538e-01,8.867394470793166228e-01,3.581162151933603988e-01,1.623572552717134077e-01
3.346010444163177722e-01,8.839170185596854079e-01,4.622194282023972534e-02,6.683513807779404292e-01,2.546550930068498531e-01,4.484636835368192020e-01,2.562585640290587774e-02,1.658100899837098019e-01
1.184292469454472502e-01,1.077646594476088793e-01,8.374933868875966692e-02,9.840917718072688114e-01,2.992244856172399103e-01,2.538112490801385235e-01,7.085214441511762384e-01,1.598731598048130365e-01
1.139405604088989388e-01,1.960037525857800667e-01,2.469090775421249884e-01,8.120248223632753337e-01,4.153663691729138074e-01,6.378545225372278527e-02,5.386921410919425224e-01,1.608949470217767019e-01
2.292529120295856426e-01,7.230866218221534414e-01,1.248065192256821998e-01,8.274681284184871588e-01,1.853520956425680766e-01,4.453377605574087017e-01,7.549465200932634623e-01,1.610314037260233422e-01
2.300106407392236152e-01,4.736044777963692720e-01,3.478833465716903994e-01,7.517991252787099565e-01,2.271886405282577681e-01,8.871027609083088628e-01,6.754057911080005860e-01,1.608976351630434232e-01
2.805149129714974432e-01,3.991724509653116204e-01,3.325169182166051729e-01,5.571889822101607770e-01,2.934041775957461073e-01,8.783379732508358462e-01,6.469119557141842503e-01,1.619064404231871090e-01
3.350225178258245951e-01,7.807861326551824854e-01,2.321073196192930121e-01,6.110924124076015929e-01,2.321100512752279632e-01,8.473596843248105692e-01,7.011583509714836016e-01,1.620839347712557665e-01
1.784426412636415382e-01,2.368822526438973952e-01,1.597893648412861134e-01,7.548516753012607383e-01,3.262432256714390966e-01,3.322794173552192087e-01,2.429453479418584305e-01,1.638294373700319440e-01
2.897224360356577821e-01,8.750431653002592736e-01,1.018248343111885224e-01,6.870443626888237398e-01,2.967920066996693196e-01,3.415446977825146724e-01,2.173521826495021236e-01,1.634735186317683164e-01
6.987733905832013703e-02,4.381502195581205017e-02,8.930280661459603087e-01,7.182706192569421333e-01,3.560556809299417758e-01,6.120047113901641023e-01,8.494110265847942820e-02,1.644579273599635350e-01
6.355457341390330361e-02,8.448331300891498419e-02,5.406710668406961018e-01,8.775016637979159428e-01,3.696877874802413921e-01,2.617223730682254335e-01,5.935909810586980084e-01,1.594862894300234923e-01
1.589852075986014912e-01,8.524204377536256372e-01,2.910986562098113462e-01,9.312116227310129890e-01,2.103635393018797595e-01,1.077109163739725095e-01,2.981203588570328633e-01,1.635897020732622331e-01
1.535687504083483590e-01,4.955048139626805348e-01,2.272206149969262790e-01,8.758609718653104226e-01,2.346528775607691908e-01,3.233399896051185052e-01,4.861958156811674314e-02,1.646177391845447258e-01
2.588780620025067369e-01,3.391824050141636349e-01,6.703551638678678648e-02,7.492205678789761736e-01,2.682655398343397057e-01,6.538320968444090164e-01,5.675589585183717922e-01,1.604340183015484922e-01
9.481026612048404356e-02,1.200806997543384935e-01,6.098935498620311479e-01,8.187060359893965078e-01,2.840874040113749999e-01,5.950523960331821627e-01,5.134202149611267751e-01,1.615118568086561512e-01
8.288104019238076714e-02,1.912554589901748203e-01,9.299964267219630321e-01,7.737097361524198913e-01,3.300176402497694284e-01,7.575619258737479322e-01,7.233500060074099514e-02,1.626883487159469788e-01
3.037902291349149353e-01,9.858023649249176845e-01,3.584281824892915913e-01,6.703743458427630086e-01,2.244142255124005336e-01,8.179806422347909445e-01,1.116179647253088270e-01,1.634517450721957865e-01
3.596103751361218737e-01,6.162893390826664763e-01,1.341551503098559195e-01,6.037778590507955068e-01,2.352777642868155716e-01,9.045964463889086815e-01,7.313298598188179289e-01,1.614017809130218195e-01
1.262001537409923602e-01,1.983773402721806245e-01,4.692442648358225443e-01,7.942541382493604196e-01,2.926285086113594724e-01,5.238522822946874991e-01,3.665435508734359304e-01,1.635184888369441703e-01
5.466827167552409938e-02,2.849362057977478102e-01,6.237341244924009542e-01,8.638778330794032456e-01,3.553013974132638864e-01,4.555152697991748934e-02,2.075910358711212100e-01,1.630622577693943975e-01
1.440014729228694113e-01,5.467411411519547126e-01,1.197104196701222478e-01,9.870824631630774615e-01,2.376339456363412705e-01,1.226549389227464815e-01,6.039783782163511416e-01,1.627753289772496947e-01
1.948351378953619428e-01,2.797186998502800837e-01,1.340570665340841683e-01,8.671002122198108175e-01,2.203607017350791841e-01,5.373799329773066846e-01,9.245819103026944319e-01,1.595484944573902775e-01
3.438845465097519205e-01,9.251568636085200081e-01,1.564653404968880945e-01,7.060149367118339070e-01,1.916764503850646451e-01,7.672640159959309702e-01,6.741831589822899762e-01,1.625164472193840193e-01
4.135551076266462678e-01,4.801372631390848911e-01,8.570684365335751176e-02,4.741709786431416163e-01,3.453030444000369514e-01,9.691012142441184363e-01,2.250047229941948279e-02,1.634168295072357113e-01
1.907059959959049034e-01,1.759214899321887016e-01,8.088472928500062276e-02,8.872531443991543698e-01,2.551413653553222249e-01,6.179830195108660940e-01,9.289749192567015035e-02,1.626394386198278530e-01
2.172380715174344057e-01,7.735596659745530568e-02,1.626839849480641864e-01,7.206003849121478400e-01,2.692813716373771427e-01,7.619695057348401246e-01,4.957926442582809012e-01,1.624434945643288553e-01
1.550377124015542563e-01,1.161785177390673440e-01,5.240840217008959634e-01,7.695733219743579046e-01,2.796272557680412607e-01,9.417113471707867500e-01,6.016567936001867567e-01,1.605640496544056273e-01
2.233618586210957546e-01,5.388841876838978973e-01,1.459849591714050265e-01,7.429288239043466691e-01,2.676740674743713910e-01,3.987374225697079000e-01,4.226420615370098388e-01,1.634756775901169135e-01
2.896340616054611239e-01,5.170623488684557012e-01,3.638066084498725039e-01,5.523176758797223584e-01,3.310254036011911483e-01,8.755585424493974589e-01,2.446404094434962984e-01,1.621599243850043170e-01
2.326434095086357956e-01,6.732591634421455362e-01,1.523685813740537076e-01,7.702464408433339349e-01,2.406718942207328460e-01,4.077440683422078882e-01,6.679385478371130391e-02,1.655248722299062225e-01
2.717658150147590490e-01,4.363725034085330079e-01,1.818462391493773367e-01,7.436439564750220166e-01,1.832171666077123673e-01,9.002258487912555562e-01,8.432161151968333712e-01,1.611722079277291830e-01
1.616634781546860133e-01,2.046875580604444189e-01,8.785390579478408180e-02,7.566877606303892279e-01,3.951733016786527775e-01,1.278372700885851421e-01,3.409377284968876376e-01,1.627942117746452033e-01
1.818993621051365750e-01,6.808795981670526798e-01,5.099215096769837974e-01,8.010581581231155379e-01,2.006236392022166526e-01,5.753563889771179385e-01,7.805437678086473152e-01,1.602444372261986327e-01
2.377249787474762510e-01,7.526562998668941962e-01,6.711414900144856421e-01,5.994194544527068347e-01,2.651100975680454885e-01,9.267183415516349054e-01,4.448411636400898539e-01,1.612920477798255592e-01
1.317765873436723134e-01,6.454076785538189753e-01,1.713641470750480178e-01,9.985565781884315761e-01,1.904363980138749635e-01,1.164372434402429213e-01,8.535607858974114670e-01,1.608998856282676249e-01
2.163406476605937712e-01,8.207460542341149523e-01,2.277901448661464601e-01,8.091980851414366516e-01,1.890659462896403797e-01,3.949374872105760881e-01,4.654447265338347850e-01,1.627055518024657921e-01
2.227545558318925201e-01,3.259205985768837133e-01,1.690555450402556614e-01,7.923298781758987275e-01,2.397212626025663484e-01,7.273292111329122678e-01,1.593063571723835059e-01,1.627316978331151409e-01
2.568464612231797783e-01,8.425529393909649833e-01,4.248477264290142497e-01,6.560652753474582877e-01,2.065619253762704111e-01,6.580296484509520205e-01,2.314595175641193103e-01,1.646593244484397811e-01
3.030767548859103488e-01,6.420138936342592029e-01,1.011672387851054178e-01,6.728083300280676138e-01,2.458448465170259556e-01,5.167350547966281793e-01,8.191342993008352558e-01,1.607230502833012220e-01
3.820780657530028490e-01,3.811643274233156298e-01,2.443595845017010326e-02,6.268725747451706631e-01,3.272417085838557615e-01,9.682875661568797199e-01,1.467802048858429798e-01,1.610446657232495193e-01
1.418616974761661154e-01,4.898130333842308226e-01,2.827918765393782063e-01,9.058574303826694152e-01,2.107726639413881331e-01,2.940255668688571689e-01,6.682576390222820795e-01,1.616256295181835723e-01
2.406102185213079836e-01,8.533233532877760874e-01,7.849362315111185762e-02,7.688281541746111447e-01,2.645932892477346754e-01,2.258826241724312123e-01,2.220005907481025498e-01,1.629204093898553862e-01
3.187642055464800506e-01,9.128259545861077129e-01,4.499240720353269163e-01,6.099229872740872249e-01,2.150436324683983880e-01,9.627148596753494214e-01,8.178240936520702054e-01,1.605139128939129523e-01
2.628020635374689884e-01,5.292391212293828806e-01,1.500178898205832834e-01,6.966017761239642336e-01,2.263734937946929870e-01,5.679828202467499532e-01,8.165775929626570839e-01,1.611780501588519487e-01
3.266783285319370123e-01,8.416977034061017271e-01,1.680251373419050231e-01,5.602622621454133034e-01,2.976339886831823600e-01,4.682954358858054666e-01,4.923932425038551886e-02,1.650954297741368260e-01
1.432596727703310258e-01,3.860928466522662306e-01,1.247131398939326230e-01,8.398032291260369986e-01,3.745432638534461067e-01,1.444936432502682000e-01,4.056746427551549683e-03,1.635106833493252254e-01
4.156365936701684749e-01,5.320153345752671736e-01,1.619452824579786787e-02,5.927653506818564288e-01,2.672445365536758044e-01,9.028648303298008049e-01,7.122524627808829445e-01,1.625575705536209947e-01
2.952807674633472490e-01,8.211966656144609189e-01,1.205225944518806824e-01,6.619255045082056421e-01,2.361422326660672644e-01,5.158991277206078641e-01,1.998335844707214703e-01,1.648653768927146324e-01
2.724846578588245860e-01,8.904752769925885492e-01,4.520776512730931840e-01,6.731629574478275035e-01,2.084962249779652999e-01,8.553596711458968382e-01,2.589598264343584422e-01,1.634908464740254253e-01
1.593791664909215700e-01,7.772158752918273406e-01,3.793582630180020732e-01,9.208500226917231135e-01,1.361908409294786682e-01,2.779552477334481519e-01,9.589320899384230490e-01,1.613867043461994777e-01
2.906127856937722465e-01,9.824174025001184418e-01,1.839021561100673274e-02,8.505933971492639634e-01,2.112447522958743884e-01,4.047490975820228210e-01,4.675618862284529609e-01,1.629952976483070026e-01
1.829444713557936697e-01,8.633211145404697806e-01,1.517840258576362011e-01,9.396672235625332936e-01,1.729027059069765115e-01,2.538995734438701524e-01,1.398411672669699901e-01,1.642384613486712330e-01
1.168701364033232354e-01,8.259689913593049049e-03,6.702513612691298750e-01,7.669372514226570070e-01,2.807154170853680686e-01,9.973433820960648788e-01,2.328135620305521736e-01,1.646870976050746893e-01
1.429248632701038413e-01,3.227852375277699970e-01,4.924914186837989760e-01,8.001091038265573108e-01,2.330317908968530527e-01,6.271805494302074013e-01,9.597239026961772446e-01,1.592284776017157399e-01
9.798026427042125230e-02,4.006152472006163645e-02,4.387482240386574306e-01,8.177146508515957812e-01,3.129339493132598515e-01,5.924117005090668853e-01,2.962093600283119965e-01,1.615029292038759889e-01
3.274809125947358845e-01,8.720795323701051593e-01,2.932572104699536775e-01,5.721259003127726617e-01,2.234612983919270490e-01,7.137197861915353103e-01,7.589991614228557282e-01,1.631693950531113713e-01
2.217335903406639219e-01,4.287550585348396393e-01,2.565896189641106440e-01,6.818206690229785538e-01,2.603129512225385023e-01,4.560679960220576090e-01,7.310171323894020246e-01,1.619740688666265749e-01
2.555093386817678391e-01,9.180043197500860064e-01,4.829527574713251559e-01,6.448426770536077601e-01,2.411276789979626689e-01,6.236120065330466034e-01,4.165558051985456256e-01,1.628750429090107810e-01
1.834600441705089013e-01,7.183494704221046190e-01,2.945527680456622721e-01,7.719152951012553387e-01,3.009932095029186350e-01,1.032030752915702454e-01,4.435102109750947985e-01,1.624690022141577206e-01
1.302935380770985363e-01,1.079835343969693384e-01,3.624517657796270664e-01,7.264154496660850668e-01,3.889432474974165999e-01,3.305695179250858762e-01,5.844261413438750496e-02,1.637290430271320651e-01
2.491567652113682585e-01,2.199194746291267544e-01,2.603708906620193497e-01,6.256579261627097654e-01,3.303095323621282886e-01,7.981306121193397773e-01,2.472542339243148646e-01,1.621574303034365450e-01
1.409108229360713227e-01,1.341472196154364083e-01,2.425711810700326987e-01,8.277136306776985419e-01,3.439333090459419928e-01,4.143795318061475053e-01,3.522260174954081613e-01,1.611618818762860783e-01
2.431836705566965129e-01,8.532168227608070143e-01,5.860967279442844680e-01,6.630657213502600955e-01,2.054980652747745717e-01,8.313124873953301464e-01,3.103365414326685334e-01,1.632594079869084669e-01
1.702943645705461695e-01,8.958703423204892324e-01,5.423978147172356934e-01,7.537823053197614254e-01,2.932014981166761736e-01,9.755904082206168226e-03,4.780841665453061662e-02,1.646890196214594315e-01
2.870464413408026494e-01,8.095584503223589579e-01,4.830970219250826370e-01,5.369432198961258118e-01,2.604277883585966458e-01,9.084844697653199352e-01,4.913972126575238408e-01,1.619292004497029647e-01
2.353975229785651435e-01,4.243480169389238776e-01,3.806702401580989159e-01,6.782621565858268919e-01,2.381087795427127562e-01,8.397979272131452788e-01,9.614610814184694210e-01,1.595635558392160536e-01
2.413451469324586207e-01,4.673618205659931801e-01,1.283204542410530669e-01,8.337237503328291943e-01,1.887854539309965496e-01,6.886214033940638579e-01,9.534263456560129191e-01,1.587771268580937256e-01
1.319746044418274589e-01,2.131412107207108497e-01,3.790471824656736488e-01,8.351471749139773859e-01,2.619715198936186651e-01,5.649464172819924634e-01,4.680833078768012467e-01,1.618169510999877270e-01
1.703677388325701425e-01,4.524101958338727636e-01,4.174451082849587880e-01,8.245851780357262850e-01,2.446035656018833160e-01,6.437378937306453830e-01,2.735981152214708167e-01,1.622673054958786998e-01
4.679019351924035286e-01,8.997619218001688957e-01,1.619711695394759898e-02,5.187269045908587950e-01,3.203060753159012730e-01,9.182383410529366685e-01,8.277444542096851210e-02,1.640650981669303232e-01
5.717599703412709622e-02,4.396220452998456096e-02,4.356684619431956396e-01,8.550336116210233151e-01,4.093794666000769578e-01,7.356250356505922294e-02,6.872713414028714940e-01,1.606158785140325285e-01
1.409786419796166257e-01,4.721561767789442809e-01,8.696813235344721393e-01,7.073944306456907416e-01,2.479063663515890803e-01,7.825813436814829105e-01,4.229408423383489435e-01,1.623165829763213164e-01
3.644386221290573658e-01,8.719631040111938125e-01,5.912861554150522503e-02,6.695682746258314610e-01,2.505262672882168640e-01,7.682628557712157802e-01,2.358344688266358624e-01,1.638899256354046929e-01
6.180966464627429824e-02,5.726051189493425175e-02,5.232736156696534691e-01,9.418761002106306179e-01,3.156543944225499443e-01,5.306922382725514087e-01,5.923254529120364209e-02,1.620139481147296057e-01
9.464008120002556645e-02,2.068141244312758364e-01,5.200734151885598733e-01,7.993180650368034712e-01,3.208458679178047834e-01,3.693255626555782545e-01,5.264279607745843137e-01,1.611298190519723783e-01
2.452673045531876816e-01,3.112272326612181006e-02,6.283827267842645448e-02,7.527527695018454423e-01,2.814330212349133720e-01,8.430635667531289901e-01,3.562170945586101700e-01,1.607183272128651641e-01
2.828065204952274758e-01,5.744125647187794392e-01,4.968777843939617966e-01,5.160268747440337478e-01,3.008161001873246865e-01,9.839315588044346139e-01,6.514526444929766846e-01,1.604882760240627093e-01
3.672774250344663094e-01,7.147574347608152134e-01,1.702400678223212060e-01,5.869427765842226696e-01,2.835974133871980718e-01,9.041593806278063195e-01,3.935638225461992601e-01,1.623381931164927794e-01
2.456322970619360391e-01,1.486048382566389492e-01,3.387938809136134544e-01,6.102561709264305856e-01,3.082824400078489901e-01,9.598716691709576754e-01,5.270100005998625825e-01,1.625702213768139004e-01
2.839150955555667100e-01,8.434254320979215347e-01,3.594993073924555027e-01,7.523927301903010623e-01,1.933422792420891878e-01,9.753243851098736261e-01,6.492509872052421027e-01,1.610701504185330368e-01
1.670875392207800958e-01,1.432022618269535030e-01,2.826911306276313485e-01,8.991425277991433873e-01,2.117058122875882242e-01,8.058706180962144083e-01,7.900984145446641183e-01,1.596384406628517660e-01
4.290563933314276435e-01,9.455169694710794381e-01,1.474351647746707794e-01,4.981018994320156046e-01,2.601295833121178847e-01,8.751173829644890434e-01,8.382097929334630937e-01,1.629723327745788430e-01
3.698836807898180368e-01,7.134318149455738389e-01,2.133865888528662380e-01,6.025769491434673775e-01,2.550326472646413656e-01,9.678830238271591835e-01,6.463825152525262130e-01,1.633421144382004864e-01
1.705301271081030579e-01,2.470628555457531350e-01,6.308768593792809520e-01,6.810957952748339927e-01,2.722459968383363349e-01,9.243529197217611459e-01,8.702370076797656395e-01,1.588787933665744556e-01
4.157595671246384628e-01,9.753450649104268289e-01,5.251616484423476949e-02,5.688549449020675608e-01,2.528664620273682329e-01,6.945044622753034913e-01,8.354841518853314275e-01,1.620742981441272157e-01
9.665946383141277298e-02,1.964431862870833490e-01,3.741812086351246625e-01,9.270980295614202893e-01,2.938997995528354057e-01,3.836091242437347226e-01,3.566603684460720181e-01,1.621536694552167812e-01
1.230210847830503773e-01,6.215814238122618907e-02,7.726909186214478975e-01,6.907881970829925500e-01,2.967596759631854209e-01,9.099195473100987197e-01,8.464539815121268074e-01,1.591509877018587871e-01
2.733017390830470017e-01,9.049447016402594191e-01,6.543426105387500913e-01,5.534920814441599557e-01,2.414554051385507938e-01,9.363399336617763691e-01,4.062820985586650391e-01,1.625880423904043359e-01
4.076451276895457498e-01,8.279878740824796468e-01,5.279942571576945465e-02,6.171689364594608040e-01,2.636892701071457124e-01,9.215172992230067361e-01,4.881553736563282175e-02,1.624327185081711200e-01
2.420832669869149301e-01,1.599062528169273301e-01,3.929577311019643582e-01,5.815290812185123226e-01,2.807498593306179679e-01,9.964285215787924699e-01,7.023150366550402479e-01,1.614925162081101151e-01
1.434854203927927174e-01,7.913389311336233023e-02,1.677654682871286829e-01,8.411479771142476025e-01,3.546766389060146962e-01,3.832494042713522897e-01,7.323437256360265657e-02,1.640837087767120783e-01
2.716866408467050187e-01,1.237954897107854113e-01,2.324290173092799783e-01,5.833649625579697684e-01,3.036082985750007124e-01,9.482785446307275823e-01,5.456262374755125322e-01,1.610067481612975360e-01
2.130225759411094599e-01,8.285348654185639150e-01,1.667706584121722568e-01,8.455179398803891466e-01,1.993096818045851371e-01,3.017246498690799306e-01,3.722618381953523015e-01,1.647324734249287492e-01
2.055207141311213292e-01,6.398847792133106616e-01,7.488020036421877412e-01,6.325706922981206848e-01,2.057691590255062986e-01,9.951001262143710502e-01,8.040944522849360343e-01,1.606875848018979314e-01
2.358019525763414004e-01,6.635264541288035112e-01,5.465998656129267275e-01,6.976810561378276043e-01,2.338914931813632636e-01,9.772270075866844596e-01,6.241528988540316902e-01,1.603471082027001782e-01
3.190335431308892744e-01,2.726864224914253843e-01,5.162298326272934945e-02,6.364234370058806656e-01,3.197591008205894481e-01,7.356555969895544056e-01,2.056447992123110469e-01,1.624142952543933538e-01
3.565569550886656947e-01,4.080756623450151888e-01,8.531119919433277632e-02,5.504431629747172927e-01,2.963840661191496917e-01,8.178164214781441510e-01,3.526219880766868209e-01,1.624394854909933794e-01
3.241516503846126884e-01,6.580624855681949104e-01,1.381000236849515561e-01,6.461051510014480526e-01,2.688729487746475133e-01,7.188681808345295243e-01,6.826524896318142410e-01,1.601823376003329580e-01
1.316670941732099032e-01,2.940502077009338189e-01,5.862825030210880861e-01,7.505128633316259235e-01,2.521954009883922709e-01,6.992721204273706359e-01,1.158789062064933817e-01,1.642158773580769116e-01
8.766679358477252881e-02,3.053917316679434779e-01,7.021042032330001570e-01,8.824952680739336364e-01,2.456999770927880966e-01,4.880003504450352025e-01,5.249665016314337684e-01,1.620630105852397806e-01
3.722607170504073637e-01,6.627818091596879846e-01,2.415849237938120231e-01,4.638354582424855099e-01,3.467963351635736657e-01,9.358474824374617418e-01,1.569539707780698845e-01,1.620682994260157217e-01
2.192912829075378267e-01,3.035918993543619271e-01,2.541962348991415599e-01,7.216500833650100200e-01,2.259016680769409258e-01,7.493083943611786868e-01,8.175794732203101045e-01,1.611502903574466294e-01
2.200743626794735563e-01,2.602902859505970556e-01,1.100319166771457913e-01,7.194529952701123054e-01,2.947446315449180898e-01,5.323037601267326391e-01,3.009453437010071730e-01,1.623498857604804002e-01
1.164554600003063212e-01,3.633235401078946936e-01,1.251423661348979310e-01,9.714274272183640591e-01,2.893988196338505015e-01,7.462933784527658876e-02,6.189777068358282008e-01,1.632867436972487152e-01
3.359912924836973569e-01,3.162288475416565880e-01,7.720211959907663513e-02,6.872710613025350135e-01,2.620852260404070155e-01,9.945786570204774302e-01,2.732804796937258196e-01,1.621764320270172866e-01
2.805682866724480418e-01,6.822826539951649671e-01,3.221855068034532588e-01,5.828188853122691082e-01,2.727155679548231570e-01,6.074009657791257233e-01,3.725930867704501659e-01,1.637971433052522463e-01
2.673817148777724029e-01,4.160506465752729088e-01,2.160279327583277953e-01,7.126383808070919645e-01,2.086804532917671540e-01,8.194684543911746610e-01,7.639275096096843631e-01,1.616700157831463536e-01
2.144359809247024240e-01,1.116307650571223831e-01,3.691146044810052484e-01,6.680750150124747933e-01,3.027388634654814559e-01,9.679751858543210741e-01,5.472634259236608401e-03,1.645421478526705727e-01
2.096813706981163206e-01,8.647383011035784106e-01,7.643488204152814047e-01,7.156867555027321970e-01,1.714547846097053130e-01,8.952208596798596485e-01,6.788283072558097819e-01,1.617942161513972188e-01
1.734973125004168060e-01,2.400119695736291359e-02,3.518976638864668161e-02,8.571581509853229974e-01,3.060123929899302153e-01,5.557104783043783636e-01,1.967589828062871193e-02,1.618786902704690556e-01
1.980646497097218184e-01,3.336974229274708437e-01,3.144614383591918250e-01,7.118660112085681835e-01,2.730187355388855597e-01,6.292050301998785011e-01,4.938428444685500351e-01,1.625080218535724097e-01
2.099414810418107624e-01,6.009312368369571500e-01,5.896685514009846196e-01,6.849815708040770668e-01,2.444863298073006175e-01,7.664642930380273222e-01,6.744464905908882368e-01,1.609334056254690393e-01
2.268181742375774967e-01,7.809298917249631877e-01,7.451989894012811533e-02,8.993179948059150108e-01,1.704149293209364924e-01,4.580933321195395092e-01,2.395050098037460051e-01,1.635138050142426747e-01
2.576490250080326616e-01,8.946941566438044724e-01,4.545474048585725901e-01,6.239865591493889418e-01,2.279418956089688530e-01,5.745448859624907589e-01,3.231563441543164883e-01,1.648279316002882189e-01
1.908674122674228757e-01,1.938880931616978054e-01,3.927714896425243962e-01,6.948763778367801347e-01,2.408529638384148963e-01,8.535101378041578535e-01,8.885509782146872038e-01,1.598561007261802835e-01
2.860809778632670830e-01,4.567141861514295575e-02,1.340737569790191319e-01,5.542067859664615570e-01,3.627878116097943972e-01,7.669368683093154004e-01,4.695152925765394558e-02,1.622171992110569838e-01
2.825611093576139710e-01,7.730553762546956698e-01,5.184680552694602707e-01,5.771678803962015936e-01,1.892038980836820428e-01,9.341126228842142609e-01,9.930820982960605336e-01,1.607579646819397301e-01
2.649071837910075833e-01,8.934515498009947265e-01,6.511951693494311133e-01,5.987232754444213878e-01,2.458390285107795725e-01,9.246552709761384214e-01,4.913141251752005112e-01,1.618832390098617902e-01
3.220988031517430517e-01,6.171730150439148632e-01,1.181308778652179203e-02,6.672630622760178376e-01,2.444311489915662328e-01,6.358204248771138767e-01,1.576674203860898849e-01,1.647621390380593354e-01
4.106494846304995505e-01,9.678502397066299778e-01,2.066465340911354809e-01,5.089542423956904260e-01,2.243534067496373297e-01,8.989593633739161316e-01,9.886115178136885007e-01,1.616602348686056734e-01
2.195305816941165444e-01,8.234657888608027942e-01,7.805714772609929630e-01,6.137156951333313515e-01,2.333166730266840183e-01,8.113019848679480228e-01,2.428262749828385969e-02,1.647981762788424953e-01
1.666068329943964366e-01,7.704754673558300571e-03,1.778354973438738273e-01,8.710884196364353516e-01,2.773089004997056350e-01,6.850804544775662697e-01,3.614469355769150960e-01,1.616293422597935014e-01
3.816039902431893616e-01,8.125011828200384700e-01,2.863308400906072748e-02,7.184438096153682451e-01,1.806685986498033358e-01,8.053916295416411186e-01,8.729227480079321255e-01,1.624284917304340825e-01
2.818397899006215845e-01,1.147059923962107653e-01,1.770873418515078734e-01,6.255596943544926569e-01,3.399853110884696328e-01,8.643237534168954905e-01,1.751398545544736174e-01,1.617556706303873160e-01
2.357199690846332185e-01,7.836697659385707393e-01,2.114205124383751189e-01,7.560777328814021203e-01,1.814340857884352842e-01,3.674159190701500322e-01,9.946011851678309146e-01,1.601671807912683487e-01
1.284005440271799858e-01,1.519112387492121963e-01,7.373308939458873557e-01,7.099876186562301683e-01,2.892830933175029595e-01,8.559971131348311779e-01,6.574387025149730501e-01,1.614749737991328371e-01
2.978497773591571862e-01,7.915421237162165724e-01,6.229447880622779321e-02,6.681040038866531416e-01,3.054290761580847335e-01,2.959712538403496129e-01,2.744498270474515222e-01,1.639733126949202702e-01
2.627396829411421386e-01,4.647061809041497793e-01,1.968068451117908901e-01,7.645735928496347755e-01,2.253333245479995639e-01,7.994155896904899805e-01,4.574297800720342755e-01,1.629674742130788889e-01
3.685554456986795957e-01,9.968158928549104569e-01,2.192391793429672442e-01,6.434798917893965742e-01,2.467757478933871873e-01,9.995437084598552957e-01,1.510295377887915791e-01,1.620574983274981062e-01
8.856829294063259250e-02,1.887052046581106923e-01,9.366027274472660258e-01,7.795006114686202636e-01,2.696005721607495631e-01,7.051285315116293528e-01,9.422033412370973693e-01,1.592046051813476859e-01
2.083126662525359440e-01,5.918458182979259297e-01,4.500154911497779020e-01,7.363628231223517950e-01,2.090257999332875705e-01,6.560585228972948268e-01,8.285987253002533581e-01,1.606832684301308378e-01
1.887931432994228165e-01,3.178194850743929489e-01,4.532761293455688234e-01,6.975289793489587442e-01,2.783187765160732852e-01,7.422426831057025165e-01,6.109771650472400895e-02,1.649676995903491816e-01
2.318365626474509500e-01,5.558810708728681993e-01,1.789401861000327609e-01,7.907987736500468046e-01,2.457083045490421891e-01,5.269784045632392999e-01,2.308197304496966418e-01,1.634953872551014875e-01
1.242709595763299424e-01,3.689239876427469200e-02,3.819276393987884877e-01,8.126113625538765595e-01,2.956044126272439621e-01,5.456991666783662653e-01,4.402442248727883589e-01,1.632406519829545377e-01
1.317259302777805674e-01,1.385815391375902483e-01,1.302836543818297055e-01,9.550541946296938756e-01,2.542948022073051040e-01,3.770688349260579164e-01,8.496391716454102516e-01,1.600619329707280436e-01
1.524928957297899956e-01,2.956284603009959322e-01,4.820298548875462386e-02,8.406543961643966334e-01,3.478294437244292547e-01,7.749159166491820239e-02,6.200836221234756751e-01,1.620511860255937353e-01
1.821747271960489356e-01,3.677144231141994402e-01,8.743081720564427339e-03,7.834205149189130690e-01,4.054733782596215974e-01,3.496458675808500338e-02,8.810411789526428894e-02,1.645033683822380022e-01
7.072475943194067582e-02,2.718138967884410340e-01,6.448469036179080849e-01,8.932692790549040529e-01,2.775191885317739859e-01,3.390236068032440042e-01,6.709717145171839592e-01,1.599014027283503225e-01
3.471546491997685724e-01,8.678741790699749936e-01,2.707413689278052593e-01,6.183078613577771554e-01,1.704283385436776710e-01,9.425654577930309141e-01,8.347541747716860083e-01,1.634181415350356159e-01
3.436605805146434323e-01,8.864337743077383980e-01,6.319192905531928472e-02,6.605798931645886496e-01,2.290942461761157345e-01,5.395238081319290169e-01,7.705958637806710199e-01,1.614021410548816537e-01
3.616187470365468393e-01,8.872555816414132712e-01,3.492570969850905538e-02,7.379358786345566745e-01,2.216504261088502736e-01,7.279212884441330633e-01,5.904377629911915504e-01,1.628192808526381097e-01
3.378217738832510753e-01,5.492652144870513453e-02,1.429759925545098787e-02,6.604306815364019423e-01,3.414449366369301520e-01,9.379183696680105653e-01,1.359042655548271528e-01,1.619669089921199900e-01
1.170256307058596679e-01,4.157409254574537805e-01,9.511077299067615121e-01,6.432409022326104342e-01,3.165514150218874945e-01,4.584980933325732422e-01,3.412601117514826310e-01,1.620078705800279961e-01
2.707351778986050728e-01,7.191288469441661224e-01,5.987413552069967837e-01,5.271087647729478798e-01,2.939618640148788931e-01,9.688567285283362640e-01,4.687110893770270459e-01,1.615881170441813286e-01
6.874295779161668229e-02,1.039601974532919915e-01,6.923705087228184674e-01,8.841529893352734204e-01,2.715316026051580178e-01,6.800551066409472600e-01,3.391820611900914217e-02,1.647556679393122059e-01
1.150023296649119314e-01,1.153505863483542671e-01,1.536480939786397382e-01,8.913953727135168759e-01,3.029579099853398350e-01,2.841304672656200236e-01,5.360237776626648465e-01,1.621924671771072801e-01
2.360554477120330175e-01,9.485052288078335003e-01,2.843048386361399782e-01,7.000119250156423556e-01,2.660434503626691871e-01,2.219986052794351572e-01,9.894315144456566902e-02,1.645324882295564894e-01
2.468424912148672878e-01,3.150734379412278297e-01,2.406883019426471759e-01,7.164895106086724974e-01,2.477823759540139226e-01,9.415652980136326455e-01,5.680268986869481118e-01,1.614579960952208515e-01
1.721200181703394227e-01,8.705613936215955695e-02,4.244213557166121586e-01,7.037203237182216853e-01,2.793098915141608574e-01,8.006490613663208578e-01,5.911354342323416056e-01,1.626004364243226197e-01
3.349200485862086629e-01,1.476822188416946346e-01,3.063980725338860678e-02,6.755687017896652158e-01,2.489174290708650594e-01,9.460957070825969373e-01,8.103318536182327891e-01,1.609664915319490019e-01
1.016106173051568168e-01,2.631298436313571631e-01,2.065999802540703367e-01,9.745161825946088152e-01,3.106485749599241508e-01,2.095189360982426252e-01,1.591847189525847361e-01,1.624928468979623120e-01
2.438864535046900150e-01,4.132380939942623121e-01,1.261848714830281493e-01,8.212893399155006824e-01,1.953082358210087022e-01,7.422719363791208114e-01,8.367345072558651786e-01,1.595955555829132455e-01
1.058494009199913294e-01,1.471804083692982434e-01,2.706205215243046580e-01,9.423101401539548672e-01,3.047686267858253917e-01,4.036959935566036273e-01,2.505105789139662198e-01,1.627195597499251911e-01
7.696642469439407552e-02,2.784158692604216112e-02,6.876977210072694469e-01,8.452306461692424833e-01,3.148821738788570856e-01,7.584764945069830677e-01,4.821978217857347815e-02,1.626919314915157011e-01
3.496411816292470109e-01,4.398222757027356877e-01,6.435565048789448905e-03,6.873501738423773988e-01,2.544497007309594605e-01,7.978643322174470143e-01,2.892190666764803963e-01,1.636571460563003011e-01
2.947468656068084614e-01,7.116310766931526199e-01,2.204028096288723759e-02,8.503208530349231076e-01,1.561038769027377482e-01,7.028775986153881217e-01,4.926571092142280617e-01,1.629630297429447705e-01
2.509791722603316733e-01,3.709542627139404414e-01,2.698191317212628171e-01,6.417532624727747548e-01,2.819657461972319701e-01,8.458431019882888258e-01,4.270297543163473208e-01,1.617575504065038861e-01
2.413807082842635010e-01,5.127749906652929734e-01,4.879353338710905597e-01,6.236113984791726850e-01,2.849208936147278881e-01,8.803209456285518986e-01,4.608435074854544400e-02,1.635966243439139212e-01
2.996386532589567220e-01,7.875326509440382372e-01,3.036649522300759463e-01,7.444164292887340828e-01,1.913750980560748882e-01,9.169589501184489677e-01,7.542621999560912283e-01,1.613750176382335311e-01
2.155808060582244667e-01,1.805161121797597135e-01,1.475470816758175929e-01,7.435853158962659748e-01,2.910050139372069022e-01,6.737961275256368898e-01,2.788097001718677359e-01,1.625015873961780100e-01
7.793617040782321870e-02,2.031189954754878957e-01,5.138241406195915850e-01,9.121361576874146282e-01,3.245410849895556948e-01,4.320783888245172122e-01,1.020252119641595900e-02,1.618407244837823666e-01
5.122259443327722983e-02,1.015197885717311621e-02,8.318043929073113407e-01,8.343704670633822484e-01,3.406160980296637497e-01,6.539190573688516972e-01,9.287197172525901712e-02,1.635271679225757113e-01
2.227113344530011751e-01,8.229805255911399886e-01,4.065048081775355371e-01,7.596080756128045230e-01,1.753412093666483484e-01,5.188021705654783933e-01,5.132896574496060849e-01,1.640652454288123729e-01
2.799981959003322585e-01,6.237735895527423136e-01,1.030000902608552704e-01,6.095085046916112193e-01,3.299212349367918740e-01,3.198019630230749533e-01,2.713592020795848603e-01,1.641455743354015562e-01
2.081841884694252964e-01,9.447840071783821791e-01,1.603334741847970146e-01,8.625129340475629069e-01,2.638418685471051739e-01,1.004918612338014383e-01,3.235348253757794890e-01,1.634461904877253513e-01
3.376719078501486671e-01,8.332082164200799168e-01,3.872979328608755489e-02,7.164715939827965840e-01,2.366535327917811127e-01,6.726028542090232154e-01,4.343964001212039516e-01,1.623775103248869811e-01
2.746677800017721105e-01,5.259608988874878710e-01,2.045319723415309765e-01,7.076962021188848428e-01,2.124312304243646810e-01,7.950955530492869183e-01,6.218652405178725084e-01,1.616871029558683837e-01
1.561938645942431148e-01,4.021633135859656316e-01,8.634399416516951309e-01,6.950072797558386473e-01,2.462287223391243784e-01,9.843529228649076090e-01,9.268570858291060865e-01,1.587765285786355007e-01
2.114842134060579415e-01,1.254941106141270746e-01,3.415090380990279950e-01,6.737563768282992527e-01,3.138837636034348400e-01,9.648644316091539164e-01,6.906230573797167427e-02,1.614903470863846002e-01
1.894968648294103053e-01,1.711027506209283899e-02,2.456196469208475619e-01,7.324310073643794938e-01,2.697762193885882565e-01,8.146601482185613641e-01,5.287028442456928046e-01,1.614996336123944720e-01
2.017316285398834397e-01,9.533467818924303838e-01,7.597868656247186436e-01,6.582690341001803391e-01,2.301695606192622201e-01,3.965293066866192317e-01,3.223198107217858377e-01,1.631318702030806478e-01
1.284133505528281538e-01,5.410072256336784235e-02,3.530298432059215674e-01,7.960072325262055326e-01,3.067461322321167749e-01,5.872737367057869751e-01,3.555562950000437650e-01,1.629549947145359778e-01
3.096155618596734271e-01,7.829892747777112971e-01,4.317535944563951622e-01,5.661216301579817811e-01,2.554159988660912317e-01,9.704723150440446311e-01,3.644574827558079155e-01,1.638461496702782461e-01
1.996139630961941969e-01,9.252627466709989479e-02,4.123939343414475545e-01,6.102640237224083997e-01,3.068083539329556353e-01,8.546441696917388420e-01,5.958607479953804686e-01,1.611602243533340473e-01
1.252434596762698193e-01,3.729389861418433427e-01,3.460441240382360339e-01,8.616732090049016302e-01,3.109342609542375957e-01,1.912866214487249361e-01,5.080072562422807136e-01,1.622312423280623528e-01
2.638488983707490965e-01,9.421644002317874911e-01,4.342338762581667289e-01,7.361962907737999995e-01,1.647234043921830260e-01,7.325508749654991991e-01,6.466747305355554643e-01,1.620474387499507563e-01
1.981319787205978178e-01,9.856667078899037371e-01,1.357356326720980944e-01,8.902923858934784773e-01,1.978801153726620077e-01,1.525979217701227131e-01,1.794258367657918796e-01,1.642482484502342799e-01
1.376883113522167912e-01,1.463197662395974707e-01,6.353890135488042823e-01,7.225447758908539742e-01,3.137650968626097825e-01,8.167571726687892220e-01,5.535190509630555367e-01,1.606376228752292024e-01
3.187412267183918901e-01,9.446389260380880781e-01,5.898945859428030847e-01,4.497616605409076040e-01,2.991721399410459115e-01,8.894578195316542590e-01,3.380547237324070808e-01,1.631718318175401083e-01
1.781319027020251688e-01,2.827044332821365691e-01,3.392555046785863393e-01,7.207125035863931606e-01,2.859826828346698213e-01,5.877529763910084304e-01,2.174458753148807433e-01,1.641310324051463154e-01
3.512331943157882552e-01,6.225234004596815751e-01,2.551215365416154013e-01,5.004699474830480721e-01,3.391921551912213673e-01,8.942504512441326048e-01,4.383988122337117987e-02,1.622975221516218813e-01
1.353576901348289563e-01,4.001950144128629816e-01,4.587606020204962332e-01,8.209169690081432602e-01,2.431894358376130716e-01,3.307846740567217392e-01,9.801611863115318179e-01,1.587583507766094360e-01
2.118435624365098968e-01,5.004000931606020774e-01,5.297569352723646707e-02,8.386824202557960906e-01,2.778746241405653516e-01,3.157423550482567065e-01,2.109144819595964448e-01,1.631096412635760218e-01
1.757608079263281442e-01,3.877306410300134787e-01,6.759381809681843656e-01,7.108062869241317250e-01,2.508682644540853324e-01,9.869560648311679341e-01,4.362148669964990844e-01,1.628721156435519180e-01
2.581865778438963144e-01,9.892381670613413780e-01,1.205177670917173816e-01,7.487360779801111033e-01,2.494752253266961095e-01,1.404782876191777441e-01,4.971163444391276109e-01,1.646049357019545856e-01
9.611564886282601694e-02,2.497580048988799484e-01,7.715955646023218151e-01,7.598352943398740678e-01,3.045594126005793378e-01,6.061724290111019098e-01,1.330124874251880085e-01,1.632242888964046401e-01
1.168270489606167278e-01,5.750233591007593015e-01,4.537675078070148582e-01,9.109475350965350327e-01,2.167027639606994849e-01,1.732514133482666030e-01,8.136603634105241678e-01,1.598406723501928084e-01
2.902954030053062073e-01,6.714832943117878816e-01,3.876070342220797604e-01,6.145006949045451750e-01,2.973857380527804573e-01,9.233987618312426982e-01,3.104427555567477182e-01,1.611788244801827807e-01
2.558025013672988734e-01,4.119093567639425801e-01,1.617043548404859254e-01,7.179593086379398859e-01,2.151636695376458741e-01,7.329123264466729237e-01,7.046123337809827580e-01,1.622852727573789733e-01
4.324373450079407877e-02,3.567170015900961166e-02,5.503955516550357308e-01,9.406400907330193517e-01,3.268301159521692645e-01,3.769181027394377104e-01,4.272646978608988233e-01,1.611111280895484166e-01
1.481148804207293723e-01,1.662147390572637495e-01,5.618817110363757417e-01,6.804387250292980305e-01,2.976610418556184245e-01,7.087989900694562362e-01,6.020556653111837075e-01,1.618061764833619021e-01
1.684237546009790532e-01,2.327136282136290091e-01,5.396495113013993761e-01,6.664898826252899644e-01,2.862960462004133233e-01,7.730943466011152010e-01,2.341646695419636326e-01,1.631869877136289393e-01
4.503866360105506228e-01,6.883657419179440851e-01,3.184743047078747447e-02,5.279370293676854953e-01,3.035636616373920682e-01,9.388074531995120875e-01,6.453998794654770554e-01,1.613025847224271447e-01
2.823451951341880428e-01,1.140343806772207702e-01,1.920842428413505332e-01,5.919560065379150249e-01,3.415967843141325400e-01,8.648467663618113477e-01,3.689496039514275072e-01,1.610664828951089422e-01
3.318467343691141047e-01,6.868980872894553391e-01,4.270721896871942924e-01,4.823497201773102594e-01,3.255184470177677203e-01,9.752172618747574351e-01,3.859590974126344554e-01,1.625047037750498302e-01
4.459093253402782175e-01,8.858349544433899991e-01,1.727639716134600489e-01,4.753610001975113741e-01,3.231887387538689427e-01,9.816961336099314650e-01,3.113924696398691072e-01,1.645116296655266541e-01
1.111065964908743986e-01,1.500944392134896388e-01,2.608756749535457997e-01,8.716432959194631014e-01,3.482257512505928521e-01,2.262118408090282307e-01,5.424606584375625262e-01,1.620312058670392019e-01
3.459928634294410221e-01,4.601675086142016369e-01,4.197101758094939905e-02,7.184004485747922386e-01,2.449132834839970185e-01,9.267660909936212832e-01,7.170518772733904811e-01,1.593926559635720219e-01
1.849940351401100358e-01,4.799857663173676681e-01,1.710713848104181145e-01,7.424361235743359710e-01,3.656442047876683477e-01,1.238134347419148074e-01,3.570114948100582830e-01,1.624235133864281311e-01
2.736695769197599604e-01,7.901132599456079930e-01,7.169751316205560387e-01,4.290076648953056182e-01,3.162124557187384055e-01,9.273962460504894256e-01,2.295437615727269343e-02,1.632806851567074335e-01
1.968493082930819205e-01,4.403627007450506836e-01,4.260059601944801710e-01,7.371288884787712270e-01,2.302167483006558046e-01,8.633226116013540397e-01,1.513869127106960422e-01,1.635282286808345809e-01
2.488089687086683932e-01,4.229300019739540839e-01,2.090620257122647041e-01,6.992447809816810800e-01,3.063486317547334803e-01,6.200585864454843943e-01,4.455099057208838920e-02,1.634750875311927198e-01
9.882774218678384848e-02,8.586734027460607432e-02,3.332575182623105925e-01,8.956585853984009304e-01,3.467078074034459778e-01,2.618865136977506225e-01,6.906594765293139204e-01,1.601484960433502414e-01
2.611724093169409122e-01,5.754935187628127391e-01,3.724435794407761069e-01,6.538821995611857618e-01,2.695995343723376902e-01,8.207403140403255470e-01,2.608553658930423680e-02,1.632882598713719935e-01
2.227895118977148703e-01,5.883046574048601540e-01,7.763481829992799899e-01,5.309825865400966682e-01,3.075857044290929987e-01,9.852727533821588057e-01,7.180408959510392597e-02,1.630415209790408715e-01
1.294070873422145107e-01,2.184950293016189593e-01,8.656947126540324167e-01,6.444459596746662244e-01,2.829676672308426566e-01,9.203095485917018870e-01,7.440239899313213501e-01,1.606394820660106693e-01
1.155771724551285934e-01,3.628045010200179332e-01,7.132629330534379086e-02,9.692284720942241361e-01,3.792182444346782200e-01,2.474274016542388210e-02,3.032213288463084799e-01,1.613405724523203078e-01
1.152149162819705863e-01,3.460310700080800328e-01,9.986409541561047654e-02,9.715002805930332830e-01,3.159419336012690427e-01,5.383225880244235650e-02,5.028312529901954875e-01,1.633467422976944416e-01
9.014372587186017527e-02,3.793187719497351784e-01,3.807889395574310387e-01,9.160907389977008819e-01,3.397413419916086585e-01,3.681807950568949384e-02,6.012961751989550629e-01,1.598074568021892461e-01
1.549865016652291483e-01,6.530250317872715593e-01,9.566198565435406476e-01,5.981444070266788149e-01,3.096794197788721448e-01,4.614963785576871591e-01,1.157826283884388907e-01,1.630836310341794437e-01
2.795732810680232605e-01,7.344300748357805997e-01,2.280819245753030189e-01,7.289930377833335751e-01,1.954177455696396448e-01,7.804575113415324061e-01,7.341904651006072591e-01,1.613105453184203175e-01
1.022140914059194855e-01,6.204615253184891932e-02,4.609808557002130769e-01,9.069252921591643979e-01,2.975266030214878121e-01,7.447512228225816600e-01,2.091580528356727919e-01,1.606017772144544831e-01
3.486918302544324555e-01,9.132716750424894059e-01,1.153089502725228588e-01,7.060558337241676918e-01,2.038361207287637811e-01,7.306691023831084486e-01,2.589524278590030759e-01,1.649831785280848062e-01
1.625776956913266014e-01,7.794939087492852581e-02,4.721525523905838462e-01,7.849328940785602615e-01,3.065349885307521172e-01,9.597547720434785878e-01,7.863375270285799523e-03,1.628787424944950213e-01
2.115174791712481905e-01,4.918405534206262142e-01,4.291320489420594742e-01,8.040606908688883170e-01,2.041483035798454249e-01,9.758582245153820667e-01,5.068173406799481029e-01,1.616428615849488382e-01
2.109016462382844181e-01,2.726456499656154664e-02,2.416680015211271071e-01,7.823973900320874142e-01,2.943919900302726100e-01,9.755706594815398702e-01,5.170767458926135429e-01,1.597966662453143838e-01
3.255285413701684005e-01,7.799435143573982820e-01,7.324112710357350009e-02,7.002252353818544384e-01,2.568295993456254922e-01,5.924465600634846174e-01,1.496070675733862099e-01,1.636660551140282915e-01
3.034169650926826223e-01,9.024141303798866032e-01,1.575025779140365456e-01,6.980075081985136487e-01,2.438966777036460087e-01,5.760015490263402649e-01,3.954873482462362699e-01,1.628002807313388978e-01
1.843365505607416077e-01,2.584206185626659602e-01,4.465779796226218568e-01,7.577218443447755192e-01,2.263744728561898900e-01,9.257386842233905622e-01,5.290134640026775692e-01,1.622656021150318262e-01
1.769221316631651719e-01,1.502365783695628343e-01,2.351406150380564164e-01,7.616872899337321368e-01,3.171590382583888146e-01,4.964491607333111345e-01,5.435116062075850962e-01,1.614903776192076479e-01
1.954401061501754022e-01,7.992796941489901386e-01,4.746772519944824076e-01,7.240306369139604126e-01,2.151227145806703378e-01,4.559485880449227757e-01,2.668769875789983592e-01,1.635235287832674245e-01
2.473946590205966523e-01,4.657116429205677144e-01,9.681651892119635949e-02,8.097113408882709029e-01,1.954726823368411193e-01,6.508750002009145996e-01,4.821228079502946073e-01,1.634437488162747698e-01
1.189521046212880795e-01,3.148971273522861436e-01,9.273278380895106920e-01,7.387865709861637376e-01,2.715733966187727777e-01,9.224570272992795861e-01,4.834622183040587773e-02,1.642518150495493601e-01
1.273887318267732383e-01,7.098496774132171394e-01,3.772287648044255759e-01,9.369215859166459826e-01,2.149354447807650392e-01,4.337456871490452670e-02,7.036609029480692667e-01,1.627482264638589471e-01
3.162273870088596617e-01,9.819976043148379574e-01,1.598253259505862944e-01,8.111846993532390027e-01,1.351335559480952020e-01,7.749174228144590781e-01,9.719738586911719214e-01,1.607344629129532354e-01
1.437053038279796358e-01,5.225410016993291551e-01,2.008166306723196126e-01,9.434854384573010400e-01,2.570226188277137669e-01,2.670162879546155721e-01,3.945787204317807717e-01,1.616079778786271570e-01
1.590498920103850244e-01,5.451310284079267099e-01,1.024824191597576428e-01,9.000629990871779063e-01,2.837993803381110292e-01,1.242466065736474445e-01,5.446312494170659768e-01,1.621742260500292909e-01
1.999140837902534662e-01,9.017001555972253835e-01,3.794170079005951268e-01,8.069897804303707289e-01,2.425917961486484531e-01,2.672283620790231740e-01,1.907294235101269497e-01,1.634031895610671137e-01
1.514720058500560462e-01,3.874722619359791675e-01,5.811466111981095084e-02,9.792416584218561759e-01,2.359004857223187812e-01,2.617967901092128624e-01,6.362009144715857767e-01,1.619877119222195572e-01
1.379798143797656418e-01,5.356039147256834720e-01,1.687597803949333619e-01,9.458523575958864837e-01,2.866796962539681637e-01,3.188708977785947862e-02,5.341447346518076733e-01,1.634940275104341534e-01
2.638672472596487184e-01,2.685736352291288598e-01,3.019913264033730060e-02,8.237615285736256121e-01,2.258852327614475908e-01,7.819517515752718584e-01,5.922573036235831978e-01,1.600835069038219760e-01
2.839300669770148389e-01,3.772101668159371091e-01,1.211093835360138593e-01,5.967454685933147873e-01,3.458258886074149219e-01,5.228734883010119905e-01,1.894305102690614917e-01,1.627990691148292479e-01
1.746801914161762448e-01,5.185731315483761428e-01,2.696128608525401038e-01,7.519666222478567086e-01,3.103178971202251168e-01,1.790473834574018430e-01,5.728271915759798327e-01,1.621424512123637862e-01
6.746844153996564564e-02,2.378272494438256057e-01,4.272888102505096319e-01,8.917286634173789972e-01,3.760249192130958873e-01,8.939133577157598598e-02,2.153605398723795750e-01,1.627169714335224560e-01
1.412094055548529514e-01,3.308909076087925283e-01,4.628478245618811160e-01,8.028539437054117434e-01,2.788287663302550512e-01,5.348084497297705964e-01,1.701871753068251447e-01,1.629965896874052966e-01
1.185954625029819048e-01,4.068030092280356946e-01,5.666565300241639402e-01,8.145571258226779188e-01,2.629344818093121705e-01,4.114913771576400592e-01,3.108467861623480100e-01,1.627804190883239410e-01
2.946860353673410593e-01,1.818653072999697473e-01,1.042286048559991074e-01,6.365195335965286860e-01,3.557508209913832209e-01,8.649211229712441273e-01,1.282787193837636175e-01,1.607623256823557945e-01
1.993779526740050156e-01,3.795846901196466838e-01,2.457128932871065485e-01,7.040211597369095964e-01,2.747578657667533175e-01,5.203170930136988837e-01,1.995628178990571100e-01,1.638504796086072690e-01
3.452967768038777696e-01,9.673637520181657123e-01,4.208618542007513952e-02,7.512329544381054491e-01,1.885596993939435972e-01,6.798870097340620200e-01,2.291959474012998377e-01,1.640190918086667782e-01
1.349747958358563094e-01,4.217029982066143878e-01,2.856851891870511584e-01,8.838555357419006775e-01,2.204651016320269274e-01,2.816234005504776872e-01,9.952545209300209805e-01,1.597614917568618287e-01
2.345581403542576771e-01,4.632422578714686656e-01,3.990543070347442045e-01,6.551402576872050743e-01,2.308896992218479605e-01,8.431486582490381743e-01,8.442727732764965243e-01,1.600627397956727593e-01
2.024034437183383495e-01,6.649239138166684882e-01,6.679114819288417548e-02,8.538393952434212286e-01,2.668290455906254799e-01,2.863041295716187151e-01,5.150499818536791174e-02,1.622012293919322390e-01
1.314724899076477882e-01,5.298213358292230835e-01,2.242549971031127798e-01,9.139512792432225030e-01,3.108314465703507778e-01,1.251716532795550951e-01,2.676988736488359333e-01,1.622569096523455434e-01
1.698326411506302092e-01,6.658592642003087203e-01,2.794465987608067969e-01,8.011883336623256691e-01,3.142414269272105765e-01,7.965614373096607803e-02,4.925661967496300919e-01,1.618344623535991900e-01
1.421489486196420571e-01,4.795812134061009369e-01,3.280242599535212467e-01,9.138425876880802434e-01,2.004663198748407871e-01,3.781629280934393211e-01,9.948854270343236994e-01,1.585022441988499509e-01
1.024235412947066409e-01,5.256938657514176327e-02,9.400903115336312066e-01,6.609844776064813798e-01,3.045944535728936642e-01,8.910937081201848464e-01,9.390454297720209897e-01,1.591290348366867502e-01
9.982498090287682257e-02,2.773827861255642180e-01,2.615437720307056679e-01,8.452024156892140594e-01,4.364784776124051024e-01,3.274278149528031534e-02,3.386126414192480727e-02,1.631281730860044688e-01
2.724529130538710375e-01,8.751363273400757370e-01,7.586191807824749223e-02,8.287330569734132624e-01,1.994532519697235773e-01,4.645447134511837550e-01,3.572204674364827248e-01,1.634104490107733398e-01
3.196922472927292147e-01,6.521306700906410736e-01,4.365571908531415968e-01,5.028188646587206101e-01,2.727139813118023559e-01,9.681146083578868744e-01,5.471000783940951351e-01,1.635721963596421247e-01
9.208588048840005147e-02,1.415981053632079378e-01,7.593377413061080938e-01,7.802238666449086146e-01,2.696116040647884016e-01,6.143263017838646034e-01,9.304975873064376124e-01,1.590081252837702575e-01
2.730244772664062181e-01,6.646231702601619329e-01,2.556272742539039688e-02,8.080104398690635126e-01,2.090893839609032356e-01,5.109828909650988571e-01,6.513357398615942095e-01,1.622790648064748598e-01
1.616883744170279358e-01,7.383718790650964925e-01,1.073951553086894828e-01,9.178114020613704627e-01,2.992694808350571112e-01,3.766099590765870087e-02,2.764670012709546931e-02,1.634405244041122751e-01
3.026835329700370281e-01,6.614206385969965130e-01,3.045230754454348876e-01,6.346449400200955271e-01,2.780030123735001690e-01,9.223560282662659482e-01,3.555459315179649860e-01,1.624127023890025445e-01
1.754257965314351964e-01,7.481019142766025531e-01,2.215694214239853355e-01,9.407287830427141229e-01,1.662010231281905726e-01,2.637565256395152380e-01,5.750923758285355625e-01,1.637164644698435312e-01
3.852668879966839599e-01,6.951986217681789260e-01,4.208239255792656230e-02,5.999523015798617909e-01,2.608288364278594784e-01,7.648599968773459601e-01,1.684928343683675389e-01,1.651822418485611177e-01
2.888925929777704238e-01,7.144454669159321369e-01,3.392338252120246089e-01,6.914676784410408450e-01,2.123009489662371352e-01,9.932018901291155277e-01,7.370599319374204761e-01,1.612257959775155458e-01
6.698166950980832812e-02,6.332093221951795581e-02,9.874239866560849954e-01,7.813458302476431472e-01,3.093953532360589898e-01,8.623325220472792818e-01,6.675047115758752092e-01,1.602247922879685704e-01
1.624341509413390616e-01,4.745741867715679296e-01,8.511446981904071674e-01,6.321512044000664465e-01,2.406571442813411899e-01,7.953250034478502872e-01,9.732235514865164028e-01,1.591360087583033878e-01
3.751230015237984605e-01,9.741173178018238676e-01,2.415788800073274956e-01,6.049490687379789344e-01,2.362596496194822593e-01,8.705929531713607616e-01,8.263058638561326941e-01,1.618573269738990961e-01
3.597604891448992204e-01,6.493623146612932384e-01,1.974593515583664416e-01,5.069149233241656560e-01,3.151660528092318225e-01,8.521629889786324075e-01,2.757708042586964892e-02,1.642564284789289064e-01
2.654162246717842177e-01,7.566479203194904635e-01,4.008074289339846885e-01,7.301438770645514165e-01,1.891141855127417559e-01,9.754456883958209090e-01,7.450443012159302381e-01,1.608535782209325193e-01
1.037245707723842836e-01,2.001373154617288042e-01,7.265647009099912568e-01,7.618836129479735764e-01,3.040517460022260088e-01,6.295927141402939409e-01,3.041049824423468495e-01,1.625442105597632303e-01
3.833968560680005022e-01,2.319230615882261204e-01,6.227439452851468715e-02,5.649416670013964747e-01,3.404251023088418204e-01,9.584156877523393181e-01,9.390592664781632903e-02,1.636159860127661403e-01
3.385144483810142990e-01,6.827822217629968549e-01,2.306344560934853183e-01,5.528337636379246911e-01,3.102520388063254586e-01,8.277491755243511218e-01,1.478622413415623948e-01,1.633385039710753273e-01
3.046982606192896181e-01,9.105526833142905119e-01,1.622309925790593466e-01,6.972519281601639030e-01,2.354333915342884942e-01,5.645298534526499434e-01,2.803548887370143627e-01,1.647914861119663676e-01
2.888912414968735631e-01,4.432406083186985479e-01,7.800592682205925721e-02,7.524059114443985008e-01,2.272063700880512516e-01,8.142101532887078275e-01,7.427752779086151946e-01,1.603183680481937157e-01
1.951857453600508996e-01,2.033526480045519391e-01,3.952455638572280328e-01,7.368814940907195687e-01,2.226585622859812985e-01,9.358317627472194644e-01,9.015697249241958477e-01,1.597457687496456336e-01
9.475298056530558066e-02,2.115837184715115282e-01,3.801007392142843333e-01,9.031572867057892084e-01,2.874831047508384918e-01,3.213957460012983880e-01,4.688713455055501522e-01,1.611790205338115012e-01
2.715453676023366625e-01,2.998928678216078447e-01,1.456070308924893308e-01,5.863631780815820038e-01,3.394024773845755738e-01,5.273646967597572788e-01,1.911117572097511541e-01,1.637275850460982451e-01
1.588955669072965038e-01,7.064302055491378241e-01,1.977629892719252325e-01,8.999991258546634620e-01,2.202384899776907989e-01,1.508817386692596352e-01,4.879444941168089023e-01,1.639594043677366497e-01
1.885511981510743507e-01,2.334397148198025240e-01,1.692254743783443427e-01,7.793917297831008950e-01,3.103885697060270177e-01,5.300310445913229973e-01,4.634987380211410546e-01,1.600887969296736768e-01
1.090232957865243796e-01,1.112471676135549092e-01,2.459777727151933879e-01,8.251122643821349190e-01,3.670464442361308643e-01,1.485701298537678849e-01,5.131574267307299486e-01,1.620870689936572129e-01
2.185090517677950317e-01,8.858809459210552628e-01,9.507251551968337600e-02,9.132803923189933837e-01,1.791710123438681745e-01,1.507656687933332518e-01,8.732933414448781351e-01,1.623445415521891366e-01
3.612386455173594024e-01,4.943511169659439708e-01,8.872081749069660184e-02,5.697740899212728749e-01,3.148667762832679795e-01,9.370930588103459913e-01,3.138471006312504308e-02,1.624690306264039430e-01
1.425300734286188975e-01,5.838642905459056065e-01,3.337196026275059957e-01,8.775157380659509565e-01,2.645142954618673881e-01,1.921100711758295110e-01,5.089125255847207763e-01,1.624527923208231583e-01
1.005681207182324288e-01,1.713808070377753623e-01,6.201293710669075754e-01,7.733304940689371687e-01,2.984696803090761685e-01,4.882426872360020598e-01,9.695611611732246615e-01,1.577662073283543909e-01
1.844880151796285672e-01,9.099482203703572747e-01,4.205059655387942685e-01,9.135356076034213402e-01,1.250590934750330230e-01,4.310741351148069667e-01,7.571707063572439278e-01,1.610531186908037982e-01
1.596312995082091180e-01,7.624950382007232852e-01,5.655574218834396039e-01,8.002606361940268753e-01,2.297617490786630912e-01,3.845501112485166795e-01,3.433338915988021212e-02,1.634089928334155895e-01
3.072807432497746127e-01,7.212232445967932115e-01,1.715417265095942334e-01,7.917346780244784998e-01,1.589237500331491526e-01,9.894577168823756042e-01,8.718737260562723357e-01,1.599359369729937419e-01
2.231732944461671808e-01,4.827816818816149658e-02,9.703961601015803629e-02,7.202376915961516968e-01,3.179614712498894380e-01,5.805732279326115686e-01,6.862267128368184643e-01,1.602999504314580881e-01
1.203940348517961861e-01,1.507241304307658791e-01,1.550820971964854411e-01,8.323751272744674967e-01,4.346755113108829449e-01,8.164547688989703955e-02,4.145944324306480300e-01,1.617386140268767536e-01
1.116801457886680976e-01,5.265595634621024201e-01,2.705859211117651597e-01,9.758745816308902477e-01,3.027743383335769201e-01,6.690901467553378446e-02,2.501086218050712073e-01,1.631923451230239963e-01
4.506624036117346521e-01,7.121646218039868748e-01,7.977417542939646555e-02,5.170059938133722000e-01,3.153534669999607520e-01,9.563656571226368808e-01,2.442901056897530676e-01,1.642830662236811068e-01
3.142081980090194460e-01,6.408476270321157298e-01,1.662149378930606602e-01,7.425086963717393296e-01,1.878212707811691973e-01,9.498282597946079431e-01,6.912471561970565670e-01,1.618657397268750409e-01
3.624493486788192831e-01,6.075255811275165341e-01,7.696055499454995674e-02,6.127239899409241408e-01,2.780694946759612041e-01,8.422495169241644986e-01,5.869814040798211341e-01,1.604363779341398399e-01
8.268488903704718229e-02,1.025961787883450382e-01,3.226697607955286706e-01,9.214211027138612398e-01,3.298238582955564935e-01,2.540412832944043964e-01,8.221936409127472700e-01,1.591090580042005542e-01
2.922667475623212385e-01,6.460444448714606214e-01,1.155989314164912463e-02,7.098449535137526523e-01,2.727020146005909029e-01,4.673821715884532990e-01,1.331791022093642418e-01,1.646153512493338245e-01
2.147089945884910200e-01,3.448438463319988267e-01,4.075264751822720299e-01,6.816831859308954966e-01,2.894495418981083423e-01,7.909920801967129655e-01,4.822609119799867727e-01,1.620430171111242323e-01
2.020987294731990402e-01,9.805246798965228106e-01,2.416212407854892996e-01,9.102182415301859342e-01,1.608252639399947725e-01,3.053332183991181448e-01,6.084701248945866281e-01,1.613007709634688980e-01
3.211575496803794616e-01,4.448955567902424524e-01,1.260861077753265835e-01,6.764292273891950869e-01,2.767857107864963861e-01,9.391152573808050352e-01,6.594916772664771720e-02,1.621100846449643751e-01
1.534818472726487415e-01,3.585352852497417642e-01,3.739372184288047851e-03,8.450287482179430487e-01,3.716498928180542172e-01,1.189806033500697136e-01,1.470392183704793965e-02,1.628596831006768331e-01
1.084759569011750913e-01,2.586771081391440741e-01,5.130901307338532336e-01,8.557648188045559046e-01,2.345433308467228528e-01,5.389618445093676824e-01,5.533689338563337889e-01,1.623087683883730759e-01
2.256605829064823598e-01,3.251490515966610206e-01,4.026236816082853220e-01,6.809346234282407373e-01,2.221642181908283775e-01,9.795805540215953844e-01,9.236933273139561473e-01,1.605943185889470992e-01
3.970389069738717858e-01,8.282266716863049272e-01,1.343297517106203931e-01,5.608083385471593907e-01,2.980210653779134522e-01,9.845219977223103047e-01,2.084472392770225779e-02,1.631249531329376223e-01
1.292139339056858349e-01,9.807382231393652061e-02,3.883725674142735063e-01,8.663426454138531962e-01,2.738136438461448718e-01,7.308302610030680269e-01,6.349063951360442992e-01,1.600576475765136675e-01
2.573317209150665641e-01,8.767236283201519376e-01,3.300040927676030078e-01,7.630820844417005588e-01,2.040444915042154972e-01,6.229073926357548974e-01,4.153562325045457859e-01,1.633531215655405766e-01
4.188195561105801934e-01,7.123968724900771043e-01,5.019255650746617947e-02,5.760458733682530807e-01,2.750588692727090612e-01,9.095434202696267567e-01,4.643536982309642291e-01,1.640356319002489460e-01
2.350259103747537881e-01,3.258222349283700359e-01,2.116975742461012777e-01,6.594423505680293562e-01,2.797334246010355630e-01,6.953438164085520290e-01,1.746840890634008270e-01,1.628603340203347016e-01
3.120586595293278753e-01,4.735788556752615897e-01,3.663820087119884494e-02,7.222889279383117866e-01,2.438079804093278014e-01,7.087864160585383155e-01,4.757821985188183667e-01,1.625039435772333285e-01
2.461592617682807349e-01,6.123698965370478753e-01,1.520582635060198917e-01,6.731515206760079195e-01,2.997722263555242517e-01,2.938700702427290423e-01,6.467701767758686771e-01,1.613664828638159687e-01
1.449545201719746046e-01,2.395947096608574967e-01,6.157672216301355306e-01,7.570313585258732214e-01,2.887572402447632358e-01,9.788538207370405253e-01,1.284285910982342904e-01,1.613393900303480843e-01
1.336163777621715565e-01,2.633964244895833362e-01,4.568885782657010619e-01,7.165658310910677509e-01,3.486754675496769873e-01,3.691119915364261539e-01,1.789161600534973084e-01,1.626295857156126456e-01
1.820478421734056385e-01,8.071296855339994414e-01,3.419249277559059386e-01,8.941908480413820470e-01,1.687482964608079394e-01,4.123695506419362555e-01,2.939766132534672449e-01,1.640509175745880344e-01
3.968831642328172760e-01,9.412670655803130337e-01,1.233687328861691190e-01,6.758199101416433319e-01,2.592671972018336657e-01,9.459861772549829073e-01,9.344082445020263084e-02,1.636547017635658074e-01
2.549110661540791578e-01,7.061947312941457833e-01,3.350211700911015500e-01,6.924184723437589728e-01,2.264830510314435885e-01,6.053230318400832921e-01,7.511742609033273954e-01,1.614564785589524820e-01
2.305243408034108044e-01,8.013606764360032830e-01,6.909835002960738048e-01,6.295051753658160720e-01,1.950083996706377665e-01,8.692321819921179360e-01,5.324618988351694782e-01,1.631688836318154756e-01
2.680268778742116442e-01,9.658161229509321100e-01,3.623110378127468167e-01,7.528973419028061054e-01,1.425022752150977012e-01,8.147906039268917322e-01,7.603896215547897297e-01,1.616296651516757610e-01
1.884885320796329256e-01,5.171000176266756787e-01,7.143311687531148646e-01,6.293029777721731444e-01,2.876942986886509845e-01,8.403289390850816609e-01,8.168977285517720066e-02,1.626207720094824394e-01
1.857528533795032855e-01,5.613621117746686595e-02,4.073826069267330041e-01,6.962444364486061188e-01,3.356453770597984665e-01,9.150188856215810684e-01,3.741319279559199851e-01,1.606613930711385252e-01
9.347395648716240457e-02,4.247976017714457098e-01,6.693565081826462482e-01,8.321273273603426723e-01,3.014722366271508913e-01,2.534315928078463842e-01,1.374868665739151785e-01,1.627118846917952888e-01
2.330341384365577084e-01,9.663885374973171238e-01,4.285779814054889170e-01,7.586997554065650906e-01,1.772662260872196749e-01,6.031707677168443027e-01,5.522126251178722800e-01,1.622120165776660683e-01
2.923947941201999745e-01,6.664925321151760063e-01,1.651140039037246598e-01,6.112204602779462981e-01,2.625399785473320757e-01,5.225839937839615867e-01,2.038111047228521322e-01,1.655849038536830464e-01
1.041473793703674156e-01,5.632039493912183170e-02,1.407161512001436909e-02,9.683368462223609363e-01,4.108444953402057842e-01,9.026210230518677546e-02,1.131232840024976039e-01,1.646538389645034739e-01
1.591698695365830751e-01,5.762338880150984499e-01,4.017879962941255378e-01,8.310910844834730193e-01,2.292805201241576718e-01,3.828210090888422013e-01,1.804995963384609658e-01,1.645726745435095728e-01
2.976882762389930770e-01,5.589632460852347329e-01,1.456576680556167513e-01,7.505265684775271895e-01,1.695349836886239636e-01,8.726167991094203602e-01,8.454313581542919342e-01,1.620586730647502471e-01
2.459312513978908488e-01,9.046611932355683727e-01,3.158889240867218118e-01,7.571549704779195755e-01,1.775237611965251872e-01,4.498369654897919623e-01,6.282345684071284353e-01,1.631249839218474607e-01
2.575867697497568609e-01,2.517462912923990048e-02,2.131080302020416928e-01,5.714860081864445718e-01,3.890041004862239138e-01,8.145338621977495919e-01,1.259114897492624729e-02,1.626402045780772354e-01
2.641370405239040764e-01,2.554929195978599687e-01,2.294105889776849594e-01,6.272196452484757323e-01,3.041180993335489968e-01,9.684713179920272363e-01,6.945984234439217531e-02,1.617463117656755545e-01
2.996817587096194946e-01,8.106687267299403921e-01,9.790676450341745385e-02,7.255265484258036635e-01,2.236177242432056678e-01,5.464959867490656320e-01,5.152439965422432877e-01,1.634369957377054816e-01
1.457370102628971487e-01,4.269098682216643237e-01,5.163067281786065665e-01,7.834068109201620667e-01,2.608812340866518142e-01,5.696056284937519587e-01,1.100127516366522507e-02,1.638932119275707255e-01
1.920118423299342625e-01,8.531809863487409551e-01,6.309819058289356519e-01,7.230150930212274618e-01,1.750333874500575870e-01,4.937513702685575878e-01,9.426143420608594781e-01,1.603131606258620390e-01
8.796627557896805061e-02,1.437606959933331319e-01,3.639192681666607032e-01,8.140397138976622760e-01,4.151816670523637010e-01,1.453409093166534993e-01,1.696597776486333808e-01,1.626401653364953070e-01
1.201793895219100822e-01,5.828140235025647264e-03,3.580884936514021066e-01,8.935769894854792561e-01,3.053846862596862888e-01,6.757285660645547809e-01,2.637821333086879938e-01,1.613971927969436171e-01
3.756695981927201666e-01,8.652712460202488520e-01,7.478158261794043415e-03,7.048025347768605009e-01,2.102902246479847470e-01,8.320383511341459259e-01,2.377530986694979809e-01,1.630237031719071472e-01
3.309453519094114338e-01,1.839976478337417287e-01,2.633677642155241028e-02,6.867456127122970599e-01,2.762292769869465481e-01,8.771254273885825681e-01,6.331760937691901514e-01,1.611732079567589071e-01
1.871613287480601295e-01,8.006413243027055149e-01,3.117164575857176434e-01,8.187474735891155930e-01,2.398932475628054728e-01,1.670339477800217853e-01,2.579916799286746110e-01,1.651912110784156118e-01
2.878960307399189844e-01,9.543958001019601234e-01,7.694112705013761433e-02,7.885602323643627898e-01,1.765785831598779276e-01,4.650821834424712087e-01,9.896283718904120841e-01,1.594765131369405842e-01
9.646433284931843488e-02,8.974959625581296896e-02,6.561521270465366928e-01,7.353005496357262194e-01,3.266388547907405071e-01,4.667313730141796624e-01,6.904958198330397590e-01,1.606267660632156868e-01
2.187446955932818571e-01,8.746193874359680098e-01,1.158647474460585691e-01,9.027578199403150094e-01,1.618294222195483800e-01,3.723989310631883320e-01,1.039091522018852354e-01,1.639028171865604400e-01
1.865383069331155719e-01,4.711878884241331167e-01,1.103725138397043115e-01,7.720063700695604103e-01,3.601388719355004264e-01,9.263275111658059169e-02,4.558665153653180813e-01,1.629138884713186852e-01
2.329947619640389822e-01,6.292357609420816678e-01,8.029412621345616285e-02,7.182631274560943302e-01,3.258054792490111540e-01,1.828799484033931111e-01,3.009478431079524174e-01,1.636343314669430060e-01
2.196180126710112201e-01,4.399778932809156329e-01,3.943060216314310806e-01,6.284112093303988456e-01,2.814188107275083506e-01,7.781491010311230028e-01,7.898207297287462847e-03,1.637641108104124776e-01
2.401078162923622750e-01,1.774095091843152505e-01,1.135311408892127338e-01,8.227385518501878492e-01,2.217517909320541603e-01,8.920083351778742564e-01,9.268456199493575465e-01,1.577756190744223630e-01
2.247446927904095115e-01,5.964145829289464462e-01,5.863152075031354826e-01,6.555135301061711939e-01,2.531153084417308019e-01,9.373269743507310903e-01,4.952323008572434571e-01,1.611103795050327636e-01
2.973063690295278949e-01,6.403899535033740209e-01,2.710139401522349001e-01,6.322979198721072613e-01,2.756147299294264830e-01,7.729541044242675962e-01,1.166693775180158155e-01,1.630818745532011671e-01
2.931681684152303013e-01,9.912228413206556343e-01,8.900183394897615008e-02,8.125830186320797122e-01,1.520468618997932730e-01,4.871465698127129818e-01,5.794604560783026548e-01,1.642451950921199610e-01
1.370582616283260169e-01,3.633350389698686289e-01,9.651260395231036071e-01,5.704522415875303842e-01,3.305024185677292725e-01,7.098529936590927125e-01,3.090592777391170110e-01,1.622291855380872672e-01
2.414754205082526584e-01,7.934123374256751848e-01,5.360062345129479322e-01,7.109310127356898157e-01,2.181212669992102504e-01,9.176624855927191238e-01,6.396603263838936959e-01,1.603287882836667011e-01
2.917282619641380359e-01,8.892795211520625465e-01,2.490492110341913090e-01,7.066786005612224475e-01,2.494325401627620342e-01,6.755363419126338975e-01,3.071355173538527494e-01,1.622726769444804429e-01
1.577204796464444503e-01,5.501636864780139469e-01,8.779242677952825424e-03,9.473399706645115881e-01,2.665197590636997904e-01,7.656551773316322418e-02,6.572900589491473822e-01,1.621575248043344852e-01
2.331168729915936155e-01,7.090583735527077325e-01,9.470344889055271054e-01,3.812895391428768321e-01,3.299950385450008405e-01,8.529137347261128710e-01,9.929947153457518993e-03,1.642837261097786217e-01
2.109349001976649762e-01,6.163550930855804522e-01,1.977343101590511576e-01,8.115606182559644832e-01,2.383206857632134690e-01,5.259908734306195655e-01,4.557248847067507658e-02,1.631377130313259594e-01
1.399501124313632938e-01,1.778735395259917751e-01,1.684317925646122982e-01,8.842523591356112878e-01,2.920872864842140593e-01,3.793823485553212693e-01,7.471371145636809263e-01,1.588254289372761363e-01
1.641686475974037385e-01,6.828572951372160471e-01,2.795413552592592721e-01,7.657909314020169278e-01,3.580511024220908167e-01,2.280488261376600878e-02,3.717805566672788276e-02,1.641689485454967679e-01
5.997458121473461801e-02,1.212063629320733193e-01,3.164937033117276033e-01,9.803484323798057343e-01,3.320392511695460236e-01,1.636882534223020880e-01,7.755712467673457899e-01,1.587156852661330275e-01
2.397489081548200285e-01,7.318379047576433205e-01,3.185313829992171830e-01,7.749398352459563322e-01,1.926196321088170516e-01,6.984745254371461654e-01,1.735933433379691637e-01,1.637349921578852285e-01
2.045086442664591497e-01,6.829086797139624077e-01,3.962125086630347015e-02,8.539087536709135673e-01,2.849567804962568895e-01,1.412907778636518508e-01,2.044095860486322414e-02,1.642533939422977929e-01
1.807607621930831798e-01,2.969343761608387311e-01,2.683870766354385373e-01,7.516137300687915079e-01,2.656240108932679811e-01,5.534821965687950485e-01,6.861474708552302015e-01,1.601508583937396590e-01
3.414155110816231575e-01,6.219371783140333898e-01,7.584502416757210597e-02,6.302452873983178661e-01,2.535383215290138992e-01,6.811357195288595401e-01,4.677289619870372284e-01,1.636534671628574189e-01
2.802825377575252075e-01,8.264812669568192272e-01,3.429967136811574169e-01,7.417859838815733520e-01,1.176558462475036093e-01,9.031285861900063550e-01,9.835400472062123534e-01,1.613395812501615401e-01
1.466112311679363955e-01,2.891652957921277967e-01,2.122055593336235058e-01,9.099890354234001499e-01,2.667554523286404522e-01,3.596216490061922011e-01,6.006427688304594170e-01,1.619325517114014179e-01
8.211612806816370735e-02,4.993706805726083608e-03,8.934548974140464894e-01,7.540135241575749436e-01,3.160066403899527976e-01,9.508985321415499570e-01,2.153818115721611859e-02,1.636815144207996731e-01
1.306850323680726622e-01,3.058964327597314403e-01,3.828673787921416105e-02,9.210404951756878678e-01,3.368000812436591218e-01,3.622060636191737348e-02,6.857821275587638876e-01,1.609414423418883688e-01
1.523052352249051333e-01,1.595548254008322675e-01,2.961310570717335389e-01,8.050403453941566978e-01,2.889712632627677857e-01,5.200531170792521696e-01,9.929175565085717192e-01,1.574717568122705746e-01
2.404744705994590337e-01,5.494101077523139143e-01,2.515836905134998247e-01,6.644384081478088566e-01,2.492785863226354148e-01,4.923916162781840078e-01,7.537148721587367817e-01,1.623040446389890923e-01
2.004608168343003649e-01,3.693649006743502383e-01,5.324205247316997625e-01,6.127717166046826591e-01,2.842302094817106828e-01,8.440270851511391115e-01,2.839349401628983860e-01,1.638620409351436991e-01
1.228302754871327673e-01,1.768163452359708399e-01,4.152435672628378427e-01,8.089252856040578532e-01,3.027567660285244155e-01,3.917944927862523352e-01,6.408471349604973888e-01,1.612669757958820616e-01
9.298802766719857504e-02,2.673664871353898520e-01,3.411146159588838156e-01,9.252904905625323195e-01,2.883636194898500094e-01,2.230589280503186833e-01,6.842210879035901527e-01,1.602132742688121003e-01
2.760807686248779036e-01,2.792401868730456371e-01,3.904843620696452078e-02,7.997751531362874422e-01,2.182856325126414088e-01,7.924112058802122993e-01,8.519835409423264228e-01,1.598257728606331807e-01
9.112430986199671068e-02,1.743158585475304556e-01,6.425749812357666180e-01,8.559607494405110373e-01,2.743293429720072285e-01,6.901108680148299035e-01,2.418813723027369578e-01,1.627064758082213125e-01
2.751582972633977442e-01,2.346540767806376548e-01,1.193030834393733475e-01,7.599830423684358349e-01,2.457276312774850369e-01,9.680817435436908092e-01,3.674013680215990618e-01,1.615936628246093243e-01
3.131564250154832973e-01,8.733277977385285329e-01,3.830476931508361993e-01,6.292388986919424942e-01,2.184580717111393178e-01,9.967687423376823119e-01,7.842333131938115098e-01,1.612937092516559257e-01
2.272476842261271779e-01,3.595069423541718545e-01,2.465548961516021154e-01,7.470909958093164827e-01,2.415711068801805195e-01,6.296405272477123560e-01,8.296961836502196874e-01,1.608787668938529147e-01
2.561379400244461202e-01,2.361836399481941906e-01,1.548574401248097587e-01,7.189944627906711405e-01,2.597267202220152060e-01,9.156755686073341227e-01,1.489116710596529169e-01,1.620995831515773256e-01
3.963095662142295250e-01,9.871126410342627722e-01,3.308804456564309882e-01,4.299723009818965380e-01,2.862861979595352491e-01,9.678067274113748564e-01,3.434159618960309079e-01,1.643859227467223405e-01
2.044499685333801275e-01,5.492461468476776965e-01,4.840511200246017109e-01,7.518688434545280908e-01,1.789015894601850010e-01,8.319172480244634293e-01,7.823768722134655240e-01,1.608635277826324650e-01
2.232601068310217651e-01,3.445997171005860116e-01,2.899360051453027110e-01,7.445543689090097228e-01,2.139256964343674294e-01,6.996977633446990197e-01,9.879274167752962743e-01,1.603243392706205361e-01
2.563424744508316921e-01,4.681999695691305141e-01,2.160089689552046610e-01,7.057408415321705375e-01,2.664253340249499447e-01,7.606647483869211079e-01,7.526647119200963187e-02,1.640795953525118756e-01
1.181978554122339181e-01,1.873203188325183732e-01,3.525735193273006884e-01,8.224367831323772249e-01,3.457808298253264301e-01,3.978639365191377619e-01,2.116028935642975117e-01,1.609829727354914197e-01
1.631116528593013204e-01,6.345138266459439125e-01,1.803317510072204310e-01,9.143222089891319682e-01,2.385675712653387293e-01,2.593536622988987794e-01,1.884583938399865821e-01,1.635778239564819880e-01
2.023858851630987443e-01,5.427446183707129723e-01,1.898488737088821487e-02,8.867729630337276570e-01,2.435658016338266840e-01,1.988785421686209420e-01,8.890885594084232402e-01,1.601543802664081861e-01
3.210958540247813020e-01,9.628348684132574942e-01,1.644459013009050563e-01,7.260332090509088454e-01,1.586015390779993428e-01,7.442585189103971821e-01,9.129780424839901709e-01,1.612305997037866423e-01
2.561476288074661656e-01,8.509001957986007669e-01,3.233096204158386611e-02,7.850875105137604670e-01,2.142113006572494149e-01,2.134202205267686780e-01,7.945761719229889053e-01,1.625038739406574062e-01
2.656340595904631563e-01,3.391423652457692950e-01,1.796564230827998321e-01,6.611002833759546116e-01,2.488532452168176201e-01,7.952180141529822111e-01,7.427563844819653482e-01,1.602811272245953933e-01
1.580941242175713524e-01,5.797797742797191622e-01,6.768452375980986702e-01,7.261666166321592009e-01,2.370771662054624584e-01,5.637551210397291346e-01,4.458484457603744677e-01,1.622293645417796915e-01
2.774345366296513959e-01,9.207575751653559459e-01,5.310216498441217015e-02,7.739980466830076455e-01,2.264115001291867046e-01,3.175732486944438659e-01,7.513485743351843160e-01,1.611122770721248598e-01
2.588865666472528471e-01,8.889413102505069331e-01,3.810700361268049008e-02,7.816020550578627324e-01,2.644554728530593146e-01,2.167867226230510425e-01,5.827688427154504858e-01,1.623522838740729668e-01
1.486445587885333319e-01,1.852402220831716462e-01,3.105601914260368579e-01,7.652028444437170007e-01,3.155130826288176094e-01,4.302403607746814740e-01,3.312735148950242681e-01,1.632029017728461595e-01
2.274351252811694368e-01,9.025923904765789096e-01,1.424610487311239737e-03,8.745923043645407180e-01,2.273963976728209380e-01,2.047635692251603690e-02,8.795087601025748381e-01,1.626360563411712867e-01
3.047300415613362068e-01,8.612376614334824598e-01,3.235065139488646491e-02,7.249469297054942363e-01,2.285504736305582485e-01,4.613667809791872632e-01,2.130396271643841266e-01,1.636957031904964777e-01
8.898852604032575497e-02,3.496528491169670350e-02,5.687155971019997036e-01,8.944682396237243482e-01,3.118535641893577792e-01,7.037716024442219886e-01,2.295751793168732124e-02,1.634589555566254848e-01
3.260072836962768505e-01,4.035001791468906807e-01,3.140024352783573058e-01,4.921704348777979354e-01,3.053571850419061762e-01,9.931035862580238627e-01,6.440837299111614733e-01,1.613888759657587657e-01
3.139620409107271026e-01,7.704859478202783496e-01,2.129739506091436196e-01,6.079636723897673400e-01,2.880933649217299886e-01,6.283917664961646832e-01,1.295053171304478279e-01,1.632273974383714465e-01
1.773163049366620059e-01,1.908476563889452415e-01,1.720781783518801344e-01,7.712723284868304718e-01,3.252194342608545341e-01,5.112625328418275439e-01,2.248871108887924020e-01,1.609829730717045604e-01
3.466459766353146565e-01,6.239166425647366676e-01,2.262607071765029565e-01,5.083743168273355817e-01,3.146316923626688022e-01,9.197733566248247339e-01,6.142414674873991620e-02,1.632558681148940649e-01
3.060873279208349840e-01,4.321967912154817681e-01,2.410624909161642737e-01,6.105265001532298452e-01,2.862585355107938878e-01,9.358365999575750660e-01,5.127277197496704630e-01,1.618788163578399886e-01
2.170823460117863313e-01,5.975937453041024749e-01,1.810867016423285125e-01,7.719930839504708375e-01,2.771274312771036530e-01,3.419739163953931516e-01,4.947190661056522498e-01,1.625041230873260356e-01
3.270312355275536431e-01,8.776765334297074173e-01,6.511847706362483557e-04,7.687997301067893696e-01,1.593614879550734331e-01,6.189717684177403756e-01,7.711186796752111938e-01,1.622476070214468324e-01
1.070311924760977418e-01,1.299325469807523503e-01,5.611363234468192962e-01,7.748300181135875375e-01,3.246385462764686536e-01,4.881229865077157948e-01,2.050411796102120099e-01,1.634242471396480934e-01
1.851613459246900517e-01,5.827236181764973155e-01,4.025297999016771433e-01,7.032017657807200228e-01,2.830804675407588844e-01,3.420874433054305053e-01,3.762032576076200230e-01,1.631368116100190835e-01
2.099841624592112821e-01,7.713514132023883141e-01,4.592466454278256172e-01,7.740843101549982341e-01,1.888434861309843671e-01,6.279556382832510719e-01,3.552488310376610281e-01,1.630083564148217534e-01
4.369003220576714308e-02,4.082905184934615406e-02,9.757569568288644302e-01,7.051505978607445213e-01,4.168357186967922567e-01,3.109871770455883699e-01,2.288254980621184931e-01,1.615647989471802048e-01
3.109999927037809808e-01,9.024383222442179386e-01,1.367811732167379946e-01,7.076452225330379653e-01,1.722576133485024252e-01,5.673607097413725375e-01,6.800749074706131658e-01,1.642205748611710314e-01
3.148257781339863781e-01,9.443287997643058373e-01,3.346398735735197083e-01,6.567349014867177592e-01,2.257806708232961979e-01,8.011568730824073503e-01,6.150449621992838400e-01,1.616342444431793923e-01
3.633486492640763399e-01,7.954615182090023495e-01,6.499127492089878944e-02,6.618981249424136237e-01,2.443544550962786499e-01,8.214756019688506106e-01,3.363841969606113924e-01,1.631810596157930171e-01
1.178744273893487654e-01,4.455437504957584505e-01,9.334854330728915572e-01,5.951559896661940963e-01,3.530640499279084632e-01,2.605071986216010438e-01,7.998170529175357979e-02,1.635341977758711096e-01
1.065327063616398340e-01,4.118135581322479588e-02,5.661663027621323119e-01,8.541639922199416590e-01,2.366513692725177032e-01,7.949492132776238007e-01,7.397722891636409059e-01,1.616839800023812668e-01
1.370876092899409593e-01,9.393601670118273406e-02,5.461389668411964493e-02,7.805736825834819204e-01,4.609567406286160240e-01,4.979072464254535868e-02,3.180987073640791918e-01,1.625595833754084618e-01
9.036011026988477468e-02,3.091243807345687711e-01,4.242122551726842938e-01,9.071071865152405822e-01,2.851164042808826959e-01,2.395969540284520471e-01,3.648682967622739470e-01,1.626870228219135794e-01
2.458521493628531840e-01,7.166931264594822437e-01,1.635514907300370246e-01,7.842259051409203874e-01,2.205948410242085933e-01,5.271354006801173275e-01,2.970251048126948401e-01,1.636871144337121164e-01
2.858573608538190758e-01,1.732284308066683876e-01,1.961413796646865881e-02,6.947651592852636115e-01,2.793332547105563113e-01,7.099032216739823431e-01,2.503875345831321764e-01,1.639381461855164146e-01
3.836574898056736016e-01,7.648913510791985892e-01,1.980389564736401153e-02,6.926600048796323073e-01,2.063538313346385267e-01,8.667262311365606653e-01,8.499104456189283674e-01,1.610392113529057756e-01
3.580577698510947204e-01,8.063993886927196542e-01,2.364365490123474522e-01,5.300822790480655966e-01,2.563853258419908632e-01,7.739239913365574264e-01,6.162181654758398519e-01,1.639814963092708355e-01
1.073242132934243698e-01,1.782095918533775913e-01,7.954055873791301412e-01,7.213789534527896841e-01,3.004217996517615785e-01,7.208928013080422303e-01,4.137231415557297565e-01,1.616024557968061548e-01
1.616003327371528242e-01,7.980946045146585233e-01,4.405667927519607563e-01,8.060482442665533043e-01,2.508833791707633654e-01,7.340285278720271034e-02,4.735578499135584818e-01,1.625497427132449324e-01
3.734330268498133876e-01,6.439063004377407751e-01,1.002942319216897915e-01,6.228486113282193370e-01,2.728867407532992728e-01,9.334940509212814597e-01,6.191294900663700806e-01,1.610987935590953712e-01
1.389390978981715763e-01,1.534149570754321790e-01,3.752474980003497329e-01,8.317388313263984756e-01,2.570288900606379490e-01,7.457855811074721730e-01,1.164928311740792699e-02,1.638739010474478675e-01
2.916825025455470621e-01,3.139635864990162339e-01,1.963189494819539693e-01,5.751019954031389991e-01,3.317055450303117436e-01,8.011565328732326297e-01,3.263451753471846573e-02,1.639297113126325089e-01
2.641808113107265710e-01,3.949754572663259911e-01,1.854728138813693805e-01,5.804509733726237464e-01,3.467426743830490654e-01,5.182913900558825393e-01,2.272569566794280238e-03,1.642043470901931868e-01
2.704506333726670597e-01,4.793038428026038522e-01,2.057873199605571579e-01,6.430414191425111170e-01,2.749203636548642748e-01,6.574644720065253578e-01,6.838307124842389895e-01,1.610940392733488657e-01
1.726929922285769525e-01,3.238609766362222642e-01,4.959416514727889025e-01,6.590161525737829873e-01,3.027475771373610014e-01,6.029567361362696554e-01,1.238263694930791248e-01,1.642332288047022582e-01
1.385508065492397911e-01,4.605042907692015186e-01,3.060849824573281808e-01,9.564942156203282142e-01,1.681476532889839004e-01,4.139369796842361504e-01,9.647877537812586946e-01,1.597129272637240194e-01
2.498318780044954113e-01,9.403756043301315648e-01,1.803317024584416839e-01,7.166695355074670370e-01,2.807020967438364489e-01,1.445603915512324589e-01,8.654975091718702940e-02,1.660616324520859388e-01
3.042693941760098997e-01,4.268199748122161186e-01,1.952018821341252042e-01,5.814401728739349018e-01,3.023009995946968620e-01,7.054262028430547948e-01,1.957997449058935246e-01,1.644932610306865106e-01
3.337077942005183262e-01,7.693952142932289906e-01,1.769598990287870321e-01,7.386441778995688212e-01,1.568678716496285652e-01,9.891218380752879735e-01,7.726257395225523128e-01,1.626560983893562407e-01
2.138634396794380776e-01,2.526371367064937368e-01,2.963014334452809817e-01,7.589361737913639105e-01,2.831456486577358378e-01,8.803239255672747898e-01,4.157764029577031839e-01,1.600558994435997140e-01
1.941318919346167460e-01,5.146222481254550951e-01,8.583233671899845874e-01,5.692031772650394394e-01,2.808190615707457094e-01,9.879249730760848447e-01,7.913182270262204554e-01,1.594533034533235361e-01
1.741383088560394254e-01,7.207533958146117303e-01,2.784317684030098716e-01,8.130291071917689072e-01,2.878693433487790609e-01,1.111958859136915057e-01,2.320563241623205819e-01,1.629631956555368522e-01
8.651631794126576902e-02,2.972519693716499933e-01,2.881162539459917182e-01,9.716500696217255095e-01,3.408269546728900368e-01,2.277689015135364592e-02,7.507000558716190319e-01,1.600192951638240435e-01
2.018474987742349125e-01,4.552615272506172484e-01,1.125407233678631380e-01,7.795620404783002444e-01,2.808704428001190800e-01,3.581915764642533695e-01,3.668803874640155227e-01,1.623448203866482975e-01
2.425227727756428531e-01,7.857799387885282538e-01,4.027242763701486816e-01,6.421850992401513247e-01,2.436385925664006913e-01,4.715046833424437200e-01,6.714655686812924795e-01,1.611586737554799587e-01
2.104428331330078505e-01,8.261345528212051814e-01,3.327427954872316240e-01,7.642949529396558805e-01,2.443136088226665892e-01,2.319298753633240451e-01,3.529793045984357946e-01,1.638608264987074514e-01
2.887718783947386125e-01,8.058694138481516944e-01,5.184631190902577735e-02,8.400225560078917741e-01,1.908042667555284733e-01,5.884971935534313303e-01,3.060267946620270907e-01,1.637562142528725118e-01
2.128934221243341252e-01,3.122021781678433472e-01,4.245486061803431799e-01,6.605292920971661541e-01,2.522991347946028085e-01,8.944251656421654539e-01,7.754771030422891176e-01,1.599058479386497866e-01
1.049368251549613190e-01,1.023004831067357290e-01,1.569778665407030038e-01,8.202328643267373653e-01,4.499552925716052698e-01,7.478144812565368227e-03,4.471154166051777290e-01,1.614464931394238023e-01
3.440154312705597794e-01,9.536188675158152606e-01,3.607515541614235710e-01,4.952954747098740618e-01,2.489665385438498413e-01,7.273553847446470044e-01,8.688469869437555060e-01,1.613683218775205930e-01
2.032498962854320246e-01,2.786192192480583252e-01,1.110677230728480680e-01,8.211746328254673211e-01,2.637380947973954060e-01,4.574509076758970783e-01,5.144609503171662102e-01,1.626504760317608045e-01
2.926924092600281524e-01,4.952395687128536839e-01,2.203138205238477088e-01,7.141324218813354108e-01,1.810537557091111693e-01,9.760428436238207661e-01,8.347667005073478030e-01,1.622411352819898844e-01
2.251538303056166146e-01,8.028677578356580025e-01,1.032611090937002873e-01,8.589747129105498313e-01,2.101553271735646655e-01,3.133682026949846655e-01,6.099798513314902415e-01,1.621954428641599333e-01
2.821346574015736186e-01,1.693455212477311678e-01,7.012071512406120588e-02,7.326860050830732440e-01,3.168613095555652404e-01,8.580403448274740441e-01,8.454816714019069979e-02,1.604875104968308541e-01
8.765786356953375602e-02,1.651800574683759959e-01,9.230690658581037766e-01,7.364750985839365605e-01,3.229433659747355523e-01,8.554774705011851665e-01,7.421506440367431345e-03,1.629375556768111466e-01
3.047408288033026103e-01,7.145185028777190084e-01,2.982471808944739400e-01,6.187809096106794415e-01,2.299820343975796100e-01,8.476709459430373794e-01,8.281204996012532238e-01,1.606239534213279863e-01
2.223342837498499813e-01,6.367901893521272783e-01,5.188444168966902525e-01,7.444750113269049674e-01,1.951278683022847626e-01,9.326158234738062269e-01,6.983703649892374354e-01,1.602579332639222920e-01
8.232883100556223632e-02,1.957550528653272948e-01,2.715846468680388481e-01,9.053645276377528806e-01,3.768355644961073336e-01,4.012123911181875169e-02,3.734627094374686207e-01,1.629304625400022355e-01
2.609950874280970723e-01,1.528826679259711607e-01,1.607892375304861010e-01,7.601546821641996798e-01,2.574634818114425738e-01,9.296739056617957520e-01,5.384440285385460045e-01,1.617977151912741995e-01
3.491793204957711616e-01,4.002782624522254751e-01,8.156089532007310128e-02,6.577077769508129501e-01,2.572012367566130497e-01,9.326388920594614884e-01,5.942598619721068953e-01,1.615867932353511893e-01
1.315578560564678035e-01,4.892654700830090242e-02,2.084573981734039183e-01,9.113260729382904879e-01,2.556754458901268068e-01,6.335340624494418815e-01,4.691568344252061151e-01,1.609589955251356230e-01
1.726058086175608630e-01,7.654862584874022602e-01,2.514464026728024937e-01,8.588341536843123736e-01,1.845529031634370876e-01,8.186946433197950235e-02,9.571899434443147392e-01,1.619898617554719200e-01
1.324075982875295154e-01,2.773668205757445215e-01,6.472758506804583423e-01,7.427040199936183473e-01,2.744032002351843302e-01,8.248666647620712666e-01,4.003058978544599134e-02,1.643617783033305413e-01
3.345859750460189463e-01,9.319736121866717404e-01,1.488762300759461366e-01,6.425487851087972047e-01,2.181470927878896571e-01,6.320256063411212599e-01,9.659603246362828965e-01,1.603087710587678960e-01
5.952055377571746630e-02,2.335974046278487815e-01,8.567712168464582945e-01,8.479080047130935771e-01,3.173473389088923291e-01,3.778970895119150297e-01,1.697432154719569208e-01,1.630384292630424892e-01
8.844331472814664918e-02,1.845037458821174314e-01,5.512610005377966971e-01,9.455414877890387926e-01,2.609333985827566038e-01,6.342835038217080612e-01,2.526299318493021584e-01,1.625845300283728090e-01
7.403136465465409710e-02,3.326579943027063724e-02,5.885954838081607354e-01,8.663120238571215825e-01,3.294385528943942765e-01,5.851069349249559126e-01,4.598579641959466002e-02,1.637562284247234823e-01
2.007908250573671172e-01,7.703267164920889476e-01,2.478713788541354879e-01,8.578340103765134117e-01,1.784845357412710443e-01,3.307748672892463215e-01,5.642792297785865774e-01,1.644116768508322446e-01
1.887761092825950282e-01,5.968402385255209275e-01,1.783508126139689010e-01,7.656086510538538947e-01,3.293945841448544520e-01,1.265937843588688660e-01,2.426917743843437503e-02,1.643977000701332403e-01
2.609596606746816816e-01,9.879269479586283431e-01,5.584821012273835095e-01,6.866443661080899874e-01,1.790917418266045891e-01,7.963819323825106489e-01,9.077661990371432843e-01,1.597768961659315479e-01
2.969389283170903449e-01,9.148429550529488807e-01,2.039343527600623318e-01,8.101288875699516057e-01,1.357502851217147755e-01,7.579272452974792351e-01,6.776504099079461163e-01,1.630246801124567713e-01
2.000506438990032332e-01,3.579438869475910501e-01,4.277030151070049802e-01,8.085161046525761730e-01,2.142978819249855837e-01,9.716078743945031349e-01,8.165482354568509571e-01,1.601072950310527820e-01
3.313341367998086096e-01,6.521495954380758242e-01,2.450158193317858446e-02,6.957652754387059213e-01,2.249013954859198638e-01,7.025453236360988951e-01,1.011340169539488576e-01,1.641991195539815040e-01
3.893892609450017028e-01,9.957913400883315891e-01,4.899053061362201866e-02,5.847051153170578219e-01,2.522459187004492120e-01,5.268220544403947603e-01,9.078727707867855212e-01,1.617555015118896378e-01
5.893054097244687650e-02,5.804948973165524606e-03,8.012955464985174192e-01,7.503454045279396301e-01,3.517143727761104510e-01,4.434953329510241127e-01,5.083424128099798267e-01,1.616010087225362990e-01
4.323838861240296705e-01,3.294711395765168027e-01,2.557849403850903647e-02,4.846319862069015105e-01,3.502488117642325038e-01,9.698880176353186222e-01,1.194770666921335933e-01,1.638915004304913325e-01
3.215303402810646971e-01,9.758473568062131509e-01,6.604960315616456024e-01,4.171139399034666795e-01,3.205718366162001454e-01,9.980121221293768441e-01,1.887469548531439112e-01,1.627622678336131390e-01
2.730960388252045012e-01,9.156364686655281693e-01,4.974714231473804649e-01,7.261656387044256311e-01,1.968471117101974754e-01,9.775166140297726347e-01,2.131255379387835269e-01,1.632737244363945406e-01
1.042975651317618740e-01,4.534876353057370468e-01,4.317228607782235272e-01,9.248281163714568986e-01,2.853291446927772035e-01,1.866344661098492397e-01,6.904276932852981830e-02,1.636817656307726632e-01
1.656324542239063780e-01,7.834684802447824392e-01,9.343934829779453333e-01,6.093003625658890421e-01,2.659727595508802889e-01,2.835821468530515532e-01,7.051850834046329286e-01,1.613077236275556325e-01
2.445073822811602848e-01,9.014849429033556794e-01,2.334458591946901029e-01,6.923081452045067863e-01,2.684955009099051493e-01,3.022694607803101952e-01,1.044703574074620778e-01,1.638541301610458023e-01
2.686236145392374985e-01,4.906991930426131132e-01,1.047118319158835964e-01,6.420775098238074019e-01,3.190596312898331677e-01,5.077378363674170947e-01,1.051735412157500105e-01,1.622138660797458887e-01
1.796506049505317004e-02,7.345219766108201931e-02,8.721741438133627788e-01,9.168091189895776205e-01,3.413319089325514422e-01,3.391833304401807858e-01,1.333012886463514901e-01,1.640253728264224609e-01
2.869611260024043653e-01,4.151174993796306611e-01,1.382005792498195440e-01,7.005423581464506055e-01,2.954356450536052003e-01,8.264667199218986848e-01,8.918971577302781117e-02,1.625195899921509368e-01
1.416202707197850019e-01,6.371993113195162373e-01,6.019160666892773293e-01,7.900549887076484534e-01,2.403003010915641391e-01,4.156127054233068052e-01,9.192362120404307113e-02,1.638426874923193111e-01
1.140478883259543885e-01,3.174099211217399907e-01,1.305042419464287340e-01,9.353972049386936050e-01,3.341672940400643999e-01,7.321154821860059725e-02,2.759794786221738128e-01,1.646117620406096493e-01
4.292246368498694453e-01,9.029931613039513527e-01,7.328248303949830289e-02,6.079776413335021834e-01,2.826312751522150335e-01,9.170062729060357576e-01,4.163682704027877879e-01,1.634677200927229790e-01
1.005567054111121961e-01,1.300286821423097816e-01,5.424250454254314624e-02,9.945267106431607829e-01,3.618691534833025081e-01,1.735140956629269704e-01,3.397143832428978216e-02,1.627816689690403940e-01
3.676824681492537605e-01,9.169958952134321661e-01,2.432613063920371355e-01,6.465237623632318353e-01,2.195059441293287783e-01,9.991537511171234565e-01,4.603887062301326161e-01,1.638327099211763505e-01
1.396376425183614711e-01,4.680744356498990899e-01,3.134050210647977841e-01,8.215607672803798556e-01,3.173389743283678843e-01,1.431183194068083586e-01,6.146035568995413811e-01,1.612705960516411519e-01
2.336145632292961072e-01,2.976445321169088887e-01,3.320214722854286649e-02,8.252964042429624669e-01,2.108080237918326383e-01,6.206447309193349193e-01,5.829617475534742965e-01,1.620607465193527330e-01
2.835887757536956766e-01,9.100076795687311870e-01,1.882306112706833012e-02,8.233550604652144500e-01,2.306439101820310644e-01,3.163936905726979498e-01,5.576072446130645455e-01,1.630314668461445571e-01
3.604976308021806686e-01,6.575829498075540513e-01,1.001225363522928458e-03,6.646035177627065416e-01,2.807733987480895976e-01,6.315078791654580304e-01,1.026229800738995834e-01,1.641517787394678740e-01
8.174252661649672458e-02,1.341317207456729776e-01,9.942175537034612098e-01,7.285504125334384407e-01,3.145292249599285772e-01,8.002566113625406707e-01,5.496353976752190729e-01,1.613865495714179588e-01
1.249344084142311601e-01,9.218168665311443633e-04,8.931536927411459770e-02,8.724452405876005345e-01,3.773908561042386700e-01,2.314406637304131098e-01,4.665198201688931512e-01,1.621740672341645817e-01
1.457048384094360993e-01,7.046694581623613729e-01,3.500749700475359050e-01,9.317921880129212964e-01,1.732153921744188085e-01,1.380465249938973016e-01,9.766261621770744306e-01,1.611724726272781849e-01
2.663093930161182232e-01,9.062331683065377730e-01,7.000703472083068535e-01,5.501771082894654219e-01,2.062618568364694704e-01,9.657872999796599522e-01,9.794449216987142215e-01,1.593143832190613562e-01
3.294483516416894520e-01,6.814041905979549840e-01,1.685977596632340647e-01,6.632826946044432237e-01,2.859942611839632054e-01,8.345476387250624351e-01,1.021341268675267089e-01,1.620289648584345710e-01
1.235736376342255749e-01,1.464339020109620693e-01,2.015113250872075934e-01,8.647346242702005359e-01,3.648935419957509696e-01,2.095211263033167626e-01,6.143184001545891615e-01,1.600196596713926722e-01
2.233580894265400907e-01,8.413104674696725294e-02,8.410295390277558458e-02,7.641063028504722077e-01,2.924497227879754302e-01,6.076322672435006123e-01,1.413682849271055697e-01,1.643012236520133840e-01
2.022898136121791257e-01,2.415422446051122551e-01,4.651801352260328537e-01,6.407828495433675053e-01,3.168150407499347176e-01,9.685188435162906950e-01,7.588655882310701983e-02,1.627589300236196024e-01
1.909609641964888360e-01,1.460114834929973071e-01,3.345671019731307760e-01,6.362112163218751615e-01,3.684363163533426744e-01,6.530743017573552578e-01,1.231761824312979647e-01,1.616109215854120151e-01
2.538495130051606208e-01,8.979331882115193508e-01,7.760172533220144331e-02,8.206766897029504904e-01,2.279278737009377553e-01,2.621211653792510643e-01,6.453590501748711628e-01,1.621077638382954211e-01
2.521619881928523488e-01,5.961384058042389356e-01,1.282203043815355326e-01,6.988997677353989690e-01,2.770862900758576108e-01,4.379034163307307104e-01,1.177967978754336231e-01,1.632147257708164712e-01
1.072794147825881228e-01,2.639019157825561734e-01,9.056646610680463283e-02,9.703194241144992294e-01,3.080437559055997920e-01,1.373358809513445800e-01,5.781801072199317382e-01,1.607927236714478680e-01
3.367316638688968577e-01,5.933348199512433752e-01,1.281068734679166043e-01,6.424893438126446643e-01,2.774352453464678514e-01,8.432253786488759228e-01,3.387357551004609446e-01,1.617086366179542600e-01
1.371480113203059625e-01,8.216114364885693799e-01,2.787324525369824779e-01,9.964031463971338987e-01,2.085753699294561336e-01,1.043233642479741707e-01,2.620551278536348283e-01,1.629952911580747066e-01
2.650598229269287565e-01,9.381502274818047660e-01,3.257759805588860136e-01,7.538935967387192516e-01,1.557745669791703869e-01,7.311493971970226546e-01,6.928005369686691672e-01,1.624988634094206574e-01
3.811280361194070432e-01,7.022085045818441396e-01,4.862147046112247351e-02,6.481126625097499705e-01,2.633805874927042101e-01,9.291003508907456077e-01,1.917937498294434717e-01,1.617359863544990117e-01
1.177714221596852240e-01,5.899346948910708655e-01,4.357705801300804094e-01,9.404385806226394084e-01,2.166102887089036977e-01,1.651391625829617960e-01,7.577503897171006253e-01,1.609640279196616897e-01
1.593616310106306944e-01,1.867123884656655131e-01,3.695879299798257023e-01,7.273003419947118298e-01,3.039902186440652798e-01,6.729224939731044408e-01,3.115473326340700289e-01,1.613049550509212393e-01
1.045471495511563903e-01,4.025098598602512845e-01,2.303042881945117359e-01,9.730942194990452876e-01,2.511801039482989828e-01,1.435675016444963870e-01,6.182734749362491788e-01,1.616415123154376354e-01
3.345929803405182090e-01,8.997156493958066159e-01,7.015185045335536884e-02,7.781896544173675379e-01,1.597073167180457220e-01,6.930664213455849376e-01,8.720937370587533710e-01,1.625769280681930717e-01
4.205125172061087158e-01,9.620823147224726313e-01,1.123312536623566338e-01,5.836620232661619001e-01,2.529861518800611830e-01,9.582821621690698066e-01,2.110915262277292537e-01,1.656150150563613643e-01
1.827294689629502256e-01,4.269433257192753461e-01,4.668637701516191729e-01,7.815210882764944689e-01,2.023932456859409146e-01,7.754121969452254515e-01,8.591507597930767570e-01,1.603244380970941241e-01
2.784021136005697672e-01,7.148710986735710149e-01,3.662751281770600387e-01,6.658241520628757071e-01,2.020231298177206092e-01,9.409117870210752521e-01,9.495384201214460695e-01,1.591067388262637217e-01
2.959887808810985343e-01,3.693126077834577581e-01,1.246993174750405664e-01,5.960836547517567308e-01,3.013988339919254633e-01,5.968995223240605164e-01,3.979212397868678308e-01,1.638044556145397124e-01
2.792435139368812380e-01,9.763995303421055816e-01,2.689191297321902319e-01,7.424248069663603733e-01,1.786607880358192235e-01,5.405919142100094055e-01,7.613710727613813845e-01,1.628180544447486167e-01
2.808877939620723629e-01,2.879788795182822159e-01,2.129525824264542067e-01,6.734663902934813207e-01,2.525595608835760064e-01,9.944818897257947654e-01,6.587760906226014512e-01,1.603089374723858374e-01
9.314640341757690623e-02,4.990653235032421753e-02,2.995477254583113758e-01,9.608604604248991432e-01,2.536444752179629614e-01,4.189496609457015186e-01,7.799376907795919633e-01,1.607813881604821526e-01
1.689455255684031432e-01,7.666909568581374845e-01,2.546824615041761719e-01,8.694294706147247531e-01,2.035338738917054635e-01,1.481101831776044375e-01,8.564554744161720912e-01,1.604422223701484351e-01
2.497672558538906462e-01,9.904824980696440573e-01,9.949054921951674402e-01,4.525999179279934226e-01,3.115384275934899305e-01,7.190427504773615475e-01,1.908608887810392396e-02,1.643229143152591110e-01
2.015540972061295177e-01,4.660122872618199241e-01,5.674959496981901719e-01,6.656865190212858385e-01,2.529704695340778686e-01,7.793791497317936745e-01,4.418126824493523452e-01,1.632352778532994708e-01
2.559333839291856871e-01,9.357970625727271008e-01,8.613592555815415830e-01,5.336198591524367041e-01,2.935075860951540383e-01,9.986247444837674792e-01,2.304067511833930437e-01,1.618030238637262197e-01
2.208893992641808302e-01,3.896120456049404490e-01,2.237651326491419401e-01,6.197877928745875176e-01,3.336151442064084760e-01,4.414517664553940790e-01,1.023544825188435481e-01,1.635914835518535448e-01
2.139232458701160189e-01,7.021896553065799518e-01,2.666129674091001212e-01,8.289612427079539048e-01,2.039568353679866441e-01,4.961173425021942474e-01,6.019238144875436181e-01,1.613968781247331341e-01
2.980801838981508300e-01,7.562907828150393641e-01,3.879733627636161586e-01,5.434538041459776592e-01,2.947093369295158416e-01,7.751617810031670164e-01,3.870923897456433616e-01,1.627308400165954905e-01
4.388530338456713698e-01,9.964908029399797140e-01,6.174069976639623425e-02,5.419704523944456342e-01,3.079099210760841698e-01,7.834403646463298232e-01,3.929028750808961079e-01,1.638546655204114466e-01
2.179600534600910633e-01,9.244623431252025902e-01,6.226123094210982423e-01,6.912153227371850006e-01,1.732142069600924317e-01,5.953155274284396281e-01,5.134163548307107972e-01,1.639839171257235217e-01
3.955754256622040499e-01,4.153442436101596469e-01,3.813078361853033948e-02,5.349934968721821171e-01,3.130705911049959655e-01,9.533727812572498905e-01,2.686795598230530824e-01,1.624010742098918048e-01
2.523415425015849145e-01,3.594886261322998711e-01,1.895011757648012718e-01,6.799866377499131920e-01,2.934757052764487839e-01,7.865877259448579295e-01,5.833449077442381947e-02,1.621642793090767865e-01
2.615854252884206033e-01,9.907618842718072250e-01,1.633472024724653693e-01,7.472476006979015262e-01,2.562578202381159964e-01,2.452076923912663853e-01,3.867692999297984158e-01,1.638632535547545899e-01
3.123980385393240189e-01,8.009810410796798230e-01,1.664606580843481509e-01,7.291112130930167412e-01,2.446124011503649220e-01,7.712023328058292826e-01,2.549786044129871421e-01,1.620036253855953734e-01
2.639782808619752785e-01,6.276424732053936806e-01,2.509956621711600389e-01,6.880150714201085371e-01,2.639647773357157723e-01,7.056619856407170266e-01,4.005434805010133492e-01,1.619758772542252978e-01
2.318425586568108043e-01,2.392584226903922695e-01,3.348536829648109392e-01,6.905315288177318322e-01,2.712888469474406539e-01,9.993013410627363813e-01,5.726281922985968498e-01,1.613327840446625860e-01
1.867594601356753481e-01,4.603534691871445927e-01,6.848178274830595269e-01,6.570787953017649397e-01,2.536663596511140595e-01,9.102538663209185366e-01,7.104526359357929977e-01,1.605778263218244073e-01
2.450775983832182980e-01,9.627138948782992811e-01,9.620140378157366889e-01,5.027929195646672067e-01,2.422989710836954136e-01,8.623868657199824650e-01,5.409263614658395003e-01,1.624117221885537365e-01
1.009861060538344291e-01,1.423695568004587630e-01,8.453129874226382734e-01,7.744416859997580449e-01,3.017452337694060960e-01,8.958054925315089845e-01,3.813374904635125073e-01,1.611787195485666901e-01
1.867953773381696991e-01,8.704746498053537174e-01,1.027805238414851163e-01,9.067831799151238048e-01,2.177258430452364280e-01,1.224957038169757206e-01,2.982614400455930737e-01,1.645324431712840985e-01
2.739668743348830371e-01,6.175903561448137236e-01,4.302187324560109993e-01,5.979701354474996622e-01,2.446835018029984155e-01,8.577449080273958915e-01,4.155749425235362171e-01,1.642175227338422139e-01
3.539768224262093699e-01,8.171297111017221670e-01,1.494421942305523276e-01,6.490526814897760177e-01,2.161532065844370964e-01,9.143471126431971241e-01,3.573855932980953831e-01,1.646972177333793363e-01
9.919301041086847626e-02,3.571377617651201875e-01,2.227651736711776520e-01,9.705909723005419210e-01,3.005981250158498153e-01,1.313105849836881944e-01,5.544524121034090092e-01,1.611237100537102895e-01
2.617412665942868699e-01,5.930177281131621125e-01,3.562057590163180132e-01,6.588980851336139200e-01,2.161762510566256068e-01,8.567264618959296030e-01,5.885755902361047287e-01,1.629492520046862958e-01
3.310494316332606157e-01,6.583719445824807170e-01,9.263245087886384788e-02,6.114171387314617512e-01,2.242842977217144596e-01,6.705686313218321981e-01,9.622432789915114082e-01,1.605112925895654796e-01
1.909293471136828402e-01,9.183364222237508923e-01,3.847500680102947102e-01,8.305646248180749147e-01,2.264575923628459331e-01,1.774841616331828686e-01,1.209096396646036631e-02,1.654216490430118203e-01
1.054983719691061916e-01,1.316561084838503426e-01,7.218922801086702368e-01,8.414912472330635662e-01,2.422305668400841494e-01,9.263498542099528610e-01,6.592387888387458705e-01,1.607066448475730769e-01
1.254887257910730081e-01,1.969222888354804635e-02,2.970959295809600942e-01,8.602023543414756279e-01,2.864604246694836820e-01,5.840456154182477322e-01,4.241310794779705740e-01,1.625618544544960853e-01
2.153763809693612918e-01,8.271701211100506157e-01,3.431128632263568123e-01,7.719947346145833444e-01,2.367976922689859487e-01,3.154044699388835471e-01,5.864159933105878020e-01,1.616458494029530124e-01
3.403388510656620847e-01,7.386680420070431685e-01,2.469032886393590365e-01,5.894657687155095971e-01,2.654749771689220439e-01,9.170659211533108701e-01,3.302419903975910564e-01,1.644377802887984075e-01
1.949637701029179604e-01,4.887026384260410028e-01,4.044611228425504801e-01,7.828171736195672636e-01,2.059243463799345086e-01,7.795417718160477794e-01,1.471839691183030596e-01,1.640668743576374489e-01
1.150897116655164309e-01,6.568336677534514223e-02,2.952065040913682270e-01,9.110063260289840148e-01,2.609592667061237381e-01,5.438962272404022080e-01,4.670790167051557251e-01,1.614852891620886521e-01
1.225014335289123374e-01,3.772417511105964349e-01,2.845046672883530525e-01,9.215520996044639368e-01,2.939452324094225522e-01,2.257286732178722111e-01,5.552933569210328768e-01,1.610544797425594588e-01
1.971648954723230762e-01,6.432205690720350644e-01,2.684003407960379728e-01,7.152025835671265153e-01,3.261428370117083197e-01,1.457486623152147165e-01,8.823042976023703909e-02,1.649460863854340376e-01
1.580364009204690001e-01,6.777372348126790014e-01,3.222392555556423677e-01,8.934591743446310685e-01,2.246551954780830751e-01,2.102294018244900142e-01,6.571710714648503204e-01,1.619822709861613030e-01
2.474384330325958836e-01,9.467238606701517956e-01,1.193798912874048379e-01,8.639351300798011613e-01,1.078757210122407162e-01,4.476232438730970986e-01,9.361647876556982162e-01,1.619160674090962260e-01
2.825768968077567167e-01,9.066095436793706330e-01,3.763133902881048432e-01,6.900647312184352566e-01,2.142464832497756599e-01,7.788623850332749843e-01,1.588107837507181652e-01,1.648718080088991955e-01
2.393631919023620769e-01,7.026542926231804653e-01,3.631280226573808667e-01,7.322350348258430675e-01,2.138951999727510267e-01,6.351620860309079575e-01,9.676342489729605756e-01,1.588923140976281623e-01
1.987735594247281856e-01,1.524706650058388901e-01,2.699265638595142458e-01,7.727264811928907795e-01,2.898807716240556775e-01,7.682982936590347922e-01,1.759973693575247466e-01,1.626632684128697659e-01
1.721080009101607078e-01,3.452831667283030592e-01,4.673859722737697120e-01,8.184734502498256514e-01,2.402584395744427614e-01,8.746326446494776530e-01,8.103247145124259365e-02,1.633926884710162342e-01
3.023868373548037058e-01,3.494827155778756911e-01,8.088065583645442924e-02,6.682933814675757755e-01,2.608989946085651934e-01,7.820746087157447457e-01,7.434550010650126106e-01,1.597787195476844113e-01
3.477037890188250380e-01,3.108923896831601308e-01,1.362245060527810248e-01,5.466342134900294969e-01,2.905551353389722591e-01,9.875711424266523375e-01,6.185327453823152855e-01,1.607218002440259086e-01
1.405914580462597208e-01,1.433945184796399652e-01,6.691056748299407664e-01,6.984854585676230077e-01,3.163089560903976638e-01,9.404143560730628959e-01,2.618716553944532288e-01,1.609796755443642369e-01
1.893821890558989030e-01,6.341168667637016032e-01,4.502236426021283267e-01,8.088809237709733146e-01,2.022482072669529174e-01,5.682899828336660519e-01,7.359536234965533552e-01,1.611818442647189598e-01
1.991614164086734917e-01,6.947794868102524779e-02,2.295821382116565168e-01,8.323881378508243278e-01,2.289916607790893344e-01,9.382734202351992181e-01,5.956391883067767568e-01,1.611913626990624238e-01
2.153433005018240420e-01,2.242600487319151292e-01,2.896037661542269492e-01,7.079380141102624702e-01,2.528050532123863881e-01,8.481524925148989924e-01,8.581404951811593129e-01,1.592577777937228545e-01
7.667137253021619192e-02,1.816219849388833740e-01,3.273093656175397603e-01,9.160233619881924527e-01,3.629525510746050010e-01,1.002273808248299036e-01,4.201033884001004748e-01,1.627500195599560495e-01
2.028060659250478515e-01,4.799149656005173292e-01,2.829036273486293385e-01,7.949881028169435426e-01,1.857799574442208224e-01,6.801060010322536042e-01,6.836665396421708341e-01,1.618651593690731416e-01
2.390114886309543385e-01,8.214482217951499798e-01,8.369260835586150860e-02,7.870603585502774502e-01,2.261184700179648122e-01,1.853432330509950932e-01,9.618581383813156194e-01,1.602981221653554944e-01
4.052260485272226598e-01,7.738976919301127078e-01,8.685787567418890021e-03,6.037265611434037282e-01,2.929931143072778688e-01,7.658883049767455375e-01,5.584664481099871347e-01,1.611964394815001977e-01
2.348675726990867019e-01,8.828371364574468805e-01,3.862996157364114169e-01,7.195944495957996567e-01,2.296602089024941118e-01,5.659886983525846960e-01,2.569710821432200643e-01,1.626720000296593416e-01
1.277284891901832864e-01,6.997118951422521826e-01,5.451764838031043503e-01,8.576913153600180806e-01,2.569401015562243762e-01,1.248704649047701065e-01,1.951646487409495201e-01,1.636560206148452712e-01
2.384457923587638695e-01,5.324583771390793974e-01,3.115774493668250211e-01,7.740302187879136708e-01,2.313203311525163786e-01,8.878332173216726408e-01,8.179750845288003003e-02,1.629478040188921117e-01
2.691907915129426732e-01,6.181642030470108073e-01,5.155855789263765754e-01,5.463559189162083829e-01,2.767165635548562985e-01,9.291669317297844843e-01,7.084848698208967566e-01,1.600321512036717575e-01
2.870621268000176363e-01,8.051865799944708524e-01,5.683440222380942153e-01,5.032395498318600335e-01,2.758982100496639722e-01,8.970581220045907855e-01,8.500567714132989394e-03,1.644413010663217656e-01
2.484185719483777421e-01,4.889331662366210862e-01,5.261589848691047289e-01,5.280619384033725661e-01,3.083680261375912335e-01,9.066522177270315286e-01,3.243890922174553770e-01,1.629222492603456252e-01
1.323048416356472079e-01,3.303415102777615964e-01,6.830000818463869416e-01,7.667887666691753923e-01,2.505525523236281638e-01,7.969756620578005712e-01,6.234503524442422950e-01,1.601893399255804595e-01
3.087280618497895146e-01,5.390815528957629832e-01,2.921730845027534773e-01,5.889962861369716363e-01,2.660253235080158873e-01,9.290219869849989376e-01,1.527630251911471504e-01,1.654347434550195450e-01
4.281950872060667490e-01,8.022771606809507849e-01,2.898587171283245612e-02,5.378883752189457246e-01,2.576683840539434334e-01,7.786620747215902139e-01,7.157298991452923920e-01,1.628059760562054481e-01
2.965599091341669102e-01,7.579348534567451612e-01,3.470204185840182198e-01,6.918094263958994850e-01,2.389606389417655019e-01,9.612821893663150430e-01,2.108147514828445646e-01,1.634216308415118446e-01
2.053521840441842883e-01,9.047190990486775330e-01,9.423192372524111793e-01,5.879454207535450561e-01,2.693402929042939542e-01,6.839202834396331809e-01,2.972024775833248533e-03,1.635399976541205558e-01
1.591258498031029867e-01,4.807145253388968031e-01,4.878771174981147429e-01,8.669278534871418529e-01,1.992814583862006494e-01,7.028347920396608162e-01,6.323661258325010692e-01,1.609865703194543196e-01
3.706733265888662032e-01,7.908736960802256188e-01,1.699922755501930838e-01,5.811891993552809055e-01,2.645497642608118372e-01,8.237688457049747726e-01,1.801019935996252541e-01,1.640052019056461585e-01
2.038047352019922431e-01,6.717534782761269696e-01,9.508336384121904850e-01,5.485444663930023612e-01,2.493265073269789189e-01,9.065793657249845428e-01,9.643578208089760295e-01,1.596080697228326739e-01
2.248331751852900573e-01,4.494857480568330010e-01,1.957545127011300345e-01,6.811723315211279939e-01,3.072402705056013761e-01,3.579575108646295689e-01,4.225210637424128834e-01,1.633705490911944169e-01
2.828526318596758515e-01,8.479103894335839886e-01,5.287870901446902749e-01,6.320288169033818626e-01,2.410600660039536325e-01,9.729884408492079917e-01,2.479748243817683218e-01,1.630387166807541477e-01
2.114708875817354894e-01,9.134639248324298855e-01,8.738753566288369745e-01,5.789147207410040297e-01,2.225736191925573870e-01,5.578614172326616938e-01,9.260995493422108371e-01,1.595207081984885977e-01
1.731321985486036219e-01,9.809557940975093260e-01,5.769585682793298975e-01,7.843458840229233786e-01,1.941166989145102773e-01,2.409590531995520202e-03,9.918202421705315519e-01,1.604905320076853714e-01
1.516018464981065683e-01,1.362951291120986785e-01,1.640412250550626061e-01,8.604721679060205464e-01,2.688841865903835449e-01,4.500322291078173720e-01,6.544117681986260093e-01,1.602322580987123046e-01
2.670572198613620496e-01,1.001016340817135197e-01,5.035719125659998685e-02,6.210385712751884668e-01,3.573759950996338031e-01,5.468336099774190329e-01,2.672119099097597372e-01,1.631068809205563075e-01
2.646626736690980697e-01,4.612516239939554175e-01,3.081949499905857759e-01,6.351906309100338044e-01,2.729215597917541980e-01,9.042583546735072364e-01,5.907672562315015030e-01,1.600981886921859776e-01
1.179490080150803338e-01,3.117720272007002968e-01,4.810334801795740356e-01,8.471593958355498888e-01,2.597280337504049852e-01,4.594595200221681663e-01,6.801088028487423109e-02,1.653692123920067758e-01
3.860436224938459393e-01,4.903011495629712724e-01,5.302884778719413328e-02,6.278094262616162879e-01,2.946059615896881034e-01,9.846846238196844681e-01,1.682704380225783503e-01,1.620169236449804928e-01
9.216877659504461862e-02,8.063941026297999359e-02,4.489535363864500805e-01,8.605223579561986913e-01,3.568557670878326205e-01,4.213624330054421829e-01,3.434962811091721857e-01,1.613779950103599592e-01
2.055685990480445036e-01,9.711360181342255649e-01,8.749267476064377380e-01,6.897270372819206408e-01,1.851273673456844682e-01,8.207940398452161501e-01,4.864602766471691764e-01,1.624015196046196541e-01
1.379166866994069596e-01,4.638118601569944377e-01,7.942036587741990727e-02,9.129210693388920550e-01,3.132719115891013373e-01,1.789239368831208044e-02,4.555715416802243456e-01,1.644151499495028756e-01
2.026911406099147495e-01,2.028051097422045035e-01,2.670680817441133947e-01,7.998206018879814305e-01,2.264334687838447657e-01,9.095693158293927105e-01,6.042535422935295664e-01,1.602217558959688759e-01
3.335005768877543630e-01,7.903378020829252559e-01,1.977645933587922067e-01,7.282585215407153534e-01,2.064550834615109520e-01,9.437948162159739418e-01,7.766299068470099431e-01,1.609077028570854440e-01
8.461394224776874751e-02,2.842533489715556860e-01,4.436870966420970452e-01,9.337169541305492260e-01,3.158210181764490310e-01,1.902597813760669720e-01,5.396345046670349976e-01,1.607963708565739169e-01
1.861098036328300287e-01,7.098029036206487952e-01,1.922239464953721944e-01,8.661195638183943890e-01,2.293743700848504541e-01,1.948861584220489274e-01,3.441943725573315960e-01,1.641641822946981188e-01
3.887196832571845340e-01,9.252661466239275878e-01,2.685529261933741751e-01,4.944127808298205418e-01,2.994925553402112417e-01,9.181830972689895010e-01,3.258230971731354564e-01,1.623330493931797458e-01
1.620759283048563426e-01,8.009288340084697033e-02,2.858294313099116746e-01,8.039576403598835963e-01,2.869832758451346111e-01,6.453230016677324876e-01,1.367077974012744224e-01,1.635740054959755885e-01
2.451391506130715381e-01,3.656121976193117407e-01,3.517022174937167733e-02,7.620997677856901076e-01,2.869085923445666153e-01,4.565399471255731090e-01,5.347522959929740249e-01,1.616401334971785397e-01
3.949518821926761847e-02,8.101433932429352724e-02,7.581129354911494422e-01,8.444891914553093182e-01,3.377424070885436946e-01,3.670021946481942798e-01,2.258899399634078098e-01,1.636051634251618203e-01
2.020611405221608980e-01,3.215454856905365921e-01,4.800903210459129822e-01,7.004226824315120670e-01,2.908615048310171369e-01,9.921504151711095787e-01,1.031003412979181189e-03,1.626919302259494104e-01
2.272646670178208317e-01,7.423791761431469682e-02,2.630822077902718048e-01,6.205162374378797585e-01,3.302996074564398254e-01,7.131730984867123979e-01,2.845108068496157161e-01,1.625370497878256271e-01
1.851459950447399971e-01,8.439366480241081714e-01,3.050970088954649273e-01,8.378633146554402833e-01,2.121380150721706159e-01,2.190498114280177155e-01,6.798827678337221458e-01,1.619292476332818143e-01
2.517803265797673995e-01,7.503299565719651065e-02,1.301349454486792623e-01,7.519207674308400202e-01,3.070755942596435917e-01,8.584959698104572823e-01,3.159842665651906302e-01,1.608952280804096802e-01
3.254439032880559468e-01,9.082313360126008650e-01,1.448952748513606115e-01,7.310319586670620540e-01,1.716230387489934839e-01,7.224747068904998626e-01,6.708223889230674475e-01,1.629894829724450600e-01
8.815251881560440261e-02,6.556410755905134335e-02,6.541467110619563208e-01,8.659162656849559436e-01,2.592756852832945325e-01,7.625725502159740321e-01,7.124276403967347848e-01,1.601943096927973542e-01
2.845389947539697650e-01,2.585095810803607064e-01,1.803643549302108573e-02,6.893281849810245498e-01,3.193411561252488262e-01,5.588321132952924764e-01,2.434521268966857999e-01,1.628549452634578121e-01
2.724733676807500893e-01,7.259236078876766252e-01,3.958366543923691472e-01,5.436559159280945908e-01,2.870452006096153585e-01,5.861107314608534624e-01,1.093767908512041642e-01,1.648181695617582376e-01
2.750625152068258972e-01,6.323994877761702771e-01,3.610046069976465266e-01,5.763229822391405799e-01,3.068857366550077903e-01,6.602559968175235605e-01,7.608007689211354618e-02,1.636539513094624476e-01
3.473958368234394412e-01,5.203603331723584136e-01,1.047504600837085298e-01,6.056451672852836143e-01,2.697757451454780853e-01,9.606409831826506762e-01,2.895339989716454454e-01,1.622173685634543672e-01
4.657974179780671742e-02,1.065983904817430217e-02,4.889371957224661336e-01,8.786414251771215156e-01,3.871009947104696591e-01,9.846121887455105970e-02,6.693790728969759574e-01,1.611861937677508683e-01
2.402490079623847974e-01,7.345671520834938795e-01,2.658220264546885536e-01,7.188739344701798872e-01,2.460812023066153431e-01,5.222725393046665499e-01,4.089396763576413907e-02,1.643780306866911844e-01
3.130230322789506192e-01,8.321032879081151634e-01,6.767399094499598755e-02,6.714216908452137478e-01,2.773908890440483499e-01,4.944247547702590451e-01,1.271298658680816152e-01,1.634695351292625443e-01
1.284911118405402397e-01,1.568513520470917744e-01,8.372595494312219389e-01,6.713129464372998845e-01,3.072370311217537675e-01,9.038617004137996513e-01,3.982992719554636629e-01,1.623914248846408392e-01
2.602732936917119821e-01,3.214046159961729821e-01,3.032075502642808118e-01,6.201488370817325180e-01,3.090954162496323265e-01,9.311341444811763735e-01,1.901037247474322567e-01,1.613956900771417735e-01
7.106580410330143316e-02,4.370560483076380009e-03,3.368946236075511247e-01,8.883385238796350780e-01,3.763460085340606387e-01,2.251224944305377784e-01,1.755633387170827953e-01,1.639610360585672943e-01
1.881895931720193316e-01,8.326706123529636905e-01,9.715797473384218952e-02,9.951174004509231175e-01,1.587532191671931492e-01,2.528323872418049012e-01,4.138527531103302626e-01,1.637788288854699070e-01
2.894661954545262317e-01,4.931634818522236952e-01,1.916728858075583686e-02,6.620360806034494283e-01,2.706966779113453847e-01,4.416728291628491121e-01,5.891877098733008244e-01,1.629620996244017794e-01
1.487968820270609560e-01,1.082729275830500160e-01,2.030295096515333519e-01,9.158748905135762897e-01,2.508368398621305673e-01,5.759892607650668461e-01,3.963193952660250541e-01,1.627345574122556204e-01
3.216598502212031918e-01,9.226184079298269669e-01,4.583031395409546960e-01,5.558714438113484535e-01,2.440300374447485487e-01,9.476228709306777631e-01,6.668074371009076184e-01,1.613561645327180050e-01
3.048490199339600193e-01,5.337302711833035174e-01,4.130122197216681834e-01,4.873508713051335484e-01,3.243356242744440121e-01,9.397959217904383600e-01,4.349699805501703320e-01,1.615848863588774942e-01
8.764327319750739309e-02,2.602598651853188505e-01,7.198571287469974767e-01,8.692290044975543584e-01,2.511994640130143508e-01,6.600716744920052115e-01,3.577879997279513336e-01,1.621307384829866471e-01
3.372985788956183728e-01,8.843567278294572898e-01,1.650492110563321624e-01,5.459941343162025840e-01,2.948073395930206342e-01,5.186701297580145198e-01,2.513131098980365130e-01,1.638054829286681446e-01
8.061249170258599772e-02,2.669528993498609393e-01,3.280067252873714034e-01,8.832005602682433398e-01,3.488293869157685911e-01,4.465040130528630247e-02,5.417365224142522973e-01,1.614166009924137279e-01
1.111156915085025898e-01,2.831080997483593209e-01,2.957828794990940979e-01,8.353775394924101150e-01,4.070352852313067205e-01,3.047982760526768420e-02,1.413120389735559868e-01,1.636000794818219806e-01
3.444175826777238769e-01,9.424700787674822333e-01,3.682031849234139176e-01,6.110105616586574140e-01,2.555335313836966660e-01,9.751603761810156978e-01,9.589734560633583760e-02,1.636801316220183045e-01
1.749290126820514657e-01,2.288423983328047862e-01,2.889325661749611029e-01,6.720952074445754043e-01,3.610501254656584003e-01,3.891996952785874431e-01,1.398599953128804030e-01,1.634213145669249356e-01
2.479898383631274905e-01,7.310225802438936604e-01,6.492949162323973233e-01,6.023956733760358340e-01,2.500624870976381753e-01,9.640224614176877704e-01,5.542098648322552057e-01,1.613942101102832372e-01
3.381865282486606894e-01,8.956614623731184999e-01,2.379699937672333232e-01,6.868028720562466827e-01,1.819343867151581029e-01,9.929940109803809811e-01,6.996270842304671556e-01,1.620101405162100439e-01
2.000599986407667341e-01,6.114487170892058954e-01,3.188918772050181039e-02,9.241287371897315417e-01,1.964882871252301988e-01,2.675008609213913591e-01,9.446688902273927546e-01,1.604274665367879660e-01
2.301496038147248235e-01,3.347115979094721361e-01,1.964710434410549544e-01,7.321965973665796046e-01,2.511088114146404204e-01,6.725187509262748886e-01,9.592112005945112596e-01,1.576562822731710500e-01
3.040706889025895920e-01,9.372165238513919805e-01,4.406911025372692303e-01,5.940697647186754526e-01,2.393244037051462103e-01,9.278453062993848866e-01,1.604917476745830185e-01,1.632087306077241728e-01
5.131236638394973126e-02,1.477277435006564277e-01,9.610756022038782209e-01,7.022581108274871253e-01,4.140395048654078591e-01,2.264328832427683347e-01,1.460662746181334848e-01,1.620306839810307653e-01
2.416317846280160442e-01,3.265669959547176648e-01,2.553640026049579514e-01,7.910032661742733007e-01,2.477839627994057603e-01,9.459639231826733052e-01,4.250174237852024084e-01,1.609937888302137021e-01
2.472917142905101118e-01,5.259374472480953244e-01,2.049638242049188208e-01,7.227027973650799186e-01,2.472096012307538337e-01,5.195316838936402393e-01,5.806159840205301625e-01,1.629646477736782784e-01
3.196163538536627713e-01,5.426542687481138438e-01,2.275053810745289729e-01,5.813285501656402232e-01,2.540833886220097426e-01,8.313408186511894726e-01,9.770288759573271253e-01,1.603927243276010162e-01
3.011437326922328239e-01,9.347915363362777619e-01,2.506539485751100860e-01,6.990549080131379656e-01,2.413848643136460581e-01,6.568371475843286511e-01,4.267089890749509173e-02,1.627327270067856213e-01
2.451547414318538953e-01,9.991098732369525504e-01,7.020984279196231803e-01,6.132593777065240559e-01,2.383030761611891757e-01,7.712947976507814607e-01,2.200927156873448143e-01,1.622775559090483266e-01
2.605126926868928106e-01,9.655139868256843450e-01,5.389966854654629769e-01,6.237934159417528601e-01,2.226635900971791759e-01,7.086958268012710782e-01,5.250599547221828090e-01,1.624617885209094781e-01
2.009384701617547286e-01,4.631507375276355809e-01,1.067007381682655298e-02,7.934714465136691874e-01,3.485425613483288942e-01,2.302800408093625961e-01,4.690031050996956719e-02,1.623219310407689742e-01
1.745169548032512452e-01,2.857065015559897003e-01,4.175230887679357572e-01,7.375919477857145745e-01,2.991292673055233053e-01,6.824400209738333833e-01,1.206976625500782996e-02,1.626625677627566990e-01
8.034942336760167447e-02,1.219034555353654126e-01,9.164732895788990641e-01,8.021428332854058096e-01,2.774788525362106850e-01,8.385274498986419189e-01,4.757761773764807578e-01,1.624605614669417109e-01
2.702653068225746580e-01,9.618629103480259568e-01,9.240039704626057393e-04,7.822783643533627318e-01,2.173265922986185317e-01,1.288806952109106674e-01,8.543838665265650612e-01,1.632937277574575408e-01
1.224674946521383118e-01,6.392764604948819596e-02,5.892925508127229151e-01,7.925525332545467760e-01,2.798467365853644639e-01,8.227251771958180582e-01,4.253536133435026345e-01,1.618238624303638962e-01
2.634391082813816731e-01,6.543887213936445679e-01,3.342057112198892344e-01,6.332845909826769759e-01,2.802196212883995008e-01,6.050778119726359927e-01,5.118503306251431795e-01,1.624538602932718290e-01
2.657507573167934289e-01,3.209850736296484541e-01,2.554769926512827638e-01,6.735815791976991207e-01,3.005690678804072147e-01,8.760151052677496164e-01,5.299006878968037793e-01,1.602576326570884779e-01
1.400209107283799936e-01,4.599469033962383380e-02,1.619094536972214837e-01,8.075697172021256698e-01,3.499699438694337528e-01,3.117015058706152919e-01,7.763555418744945147e-01,1.590231488558656592e-01
2.468783389881452628e-01,7.151433666018740531e-01,1.234250213710458288e-02,8.814335579575587332e-01,1.878049214050709903e-01,4.190707631624023266e-01,5.566195293227634844e-01,1.626058021685609922e-01
2.784400653860336639e-01,7.024577693911845389e-01,4.968129162252615805e-02,6.491063805886827520e-01,3.488825073659454490e-01,2.302377067916314135e-01,6.445250647021327772e-02,1.635464289496587342e-01
2.811876591079605081e-01,7.548377553129630435e-01,1.893178261300024201e-01,6.629365894801708681e-01,2.801481291519729577e-01,4.614518721149328817e-01,4.418597428900172264e-01,1.631361000400235461e-01
2.128704235204574302e-01,9.368695367158458298e-01,8.373289074679025612e-01,6.340454045236413316e-01,2.207425197603895828e-01,6.411424153543261450e-01,4.334480378553851598e-01,1.624756847067811150e-01
1.296023991083484761e-01,2.760963264301041775e-02,2.288184630769909689e-01,8.025632345616398045e-01,3.620794724888783955e-01,3.167459347643810652e-01,2.044102063173987571e-01,1.645066980436832860e-01
3.436557739989763438e-01,5.425652121958371987e-01,1.678165953194622473e-01,6.395196420286164418e-01,2.768464802675565939e-01,9.486424325389208878e-01,2.380654551706909428e-01,1.623773825320000697e-01
1.740987353692688977e-01,1.577016317282257107e-01,3.828155123349088473e-01,6.988776613331948440e-01,2.956523787532701619e-01,7.291440184779200973e-01,2.338733071914944617e-01,1.639339578664690822e-01
1.371958357884376367e-01,7.507313481070009287e-01,4.552305883602799641e-01,8.726406655520895228e-01,2.251083395055774039e-01,8.464492934513356825e-02,4.132894450870347458e-01,1.637436864186662677e-01
1.009636429895027915e-01,2.223575162618792733e-01,7.595724578182805331e-01,8.402630007728284500e-01,2.624183492781375637e-01,7.888423292451158808e-01,5.595375950762462303e-01,1.607679476635356097e-01
8.057179957849497365e-02,2.802269870162397702e-01,7.566450201880772219e-01,8.694351005098286400e-01,2.440853016578055368e-01,5.597085630252095489e-01,1.579017683893079727e-01,1.647644480402826461e-01
6.751036128496060162e-02,1.509578576478834422e-01,6.986571294765467899e-01,8.158880840525881695e-01,3.557654583465631459e-01,3.907123108428416369e-01,1.664992355360218057e-01,1.614156525850007906e-01
2.485622552059625345e-01,9.499714061423683020e-01,4.773100498860305962e-01,6.596603923388588697e-01,2.073910186930302268e-01,5.029445212068872628e-01,4.015794933519351573e-01,1.639023498830381453e-01
2.138654693584293442e-01,8.961950452957039293e-01,2.499229549380294069e-01,7.964319009174180009e-01,2.137181916016739902e-01,3.484119633243801251e-01,4.976050128008802087e-02,1.639412112789849774e-01
2.663450124689485388e-01,2.753477537678096776e-01,1.623748572152091396e-01,6.039370201771411262e-01,3.355605292155209307e-01,6.230820601618802801e-01,3.488467042050790168e-01,1.622124585309937250e-01
2.532265975048372253e-01,9.711134350067991416e-01,3.148722962796415281e-01,7.307736677161270622e-01,1.781200355051871798e-01,3.695678737933504321e-01,9.868832118577810508e-01,1.611217114910611925e-01
2.626592385857138279e-01,6.989756199734828979e-01,5.637013847461652682e-02,7.691847360311685478e-01,2.185995731170361778e-01,4.568337209788981834e-01,5.297963474581041110e-02,1.654720103542106080e-01
1.720054925710412796e-01,5.127840787240803833e-01,4.553747576047334489e-01,8.003387504135101027e-01,2.070506202101090043e-01,4.948563020975039750e-01,9.758121982074983158e-01,1.598064762674315520e-01
1.247353840859300039e-01,3.299693544163436743e-01,6.756153101338613354e-01,8.425128814488173079e-01,2.253067306817551629e-01,8.332594914426167954e-01,5.645432695970749037e-01,1.610311256931005186e-01
9.023877086592593799e-02,6.412097896012886045e-02,2.639610782943618839e-01,9.179408197838438976e-01,3.303906960429239259e-01,3.606123750992676902e-01,1.066589665864473013e-01,1.626055712792947028e-01
2.484316502885579869e-01,8.744171164738037128e-01,8.864448560936133426e-02,9.098870148742799202e-01,1.655438523716878663e-01,5.093280032104195998e-01,2.172925528065783318e-02,1.633951506785611962e-01
3.996782025557238383e-01,7.467276210425549676e-01,1.530912945784786428e-01,5.499705109440500284e-01,3.194586491064237421e-01,9.866529195242783601e-01,2.708072330478014100e-01,1.626970767978155596e-01
9.944433421606135859e-02,3.611914538995168455e-01,6.070539199748693493e-01,8.987512433318459726e-01,2.268445100320037877e-01,5.516680125344233243e-01,4.229501034172509777e-01,1.620574207683263823e-01
3.355447856406872931e-01,7.239572785397263566e-01,3.354513991661780548e-01,5.173283505121999415e-01,2.695415981645321035e-01,8.676187788990186167e-01,4.871948116230352399e-01,1.644289532802679643e-01
1.045870900063237408e-01,3.641132742874504391e-01,3.694115218424543490e-01,9.180780333734183118e-01,2.641464176170021383e-01,2.180687882953347145e-01,8.904322370836710299e-01,1.596665937969551641e-01
3.443501101697767908e-01,7.361631582118686179e-01,7.519427419215368724e-02,7.473245066022287109e-01,1.886408615342523576e-01,7.982990159324072632e-01,9.884733816055912836e-01,1.599258410479237336e-01
3.249327767167806136e-01,8.944756906784379069e-02,2.086633693012570345e-01,4.439912437727056016e-01,4.011180831162355354e-01,9.078440612664380183e-01,1.093628824953031820e-01,1.622047354192735769e-01
2.573944253056558162e-01,6.199414311974100755e-01,2.022199606246721237e-01,7.751890566335971622e-01,2.121856841501293944e-01,6.287495413933675836e-01,6.749537128137331754e-01,1.622759001830961778e-01
2.846631367546637037e-01,9.738887579690689300e-01,4.197797305528590539e-01,6.474934694072788099e-01,1.913157751493704817e-01,6.615180902832056287e-01,8.614619664928453435e-01,1.606527432953787915e-01
2.190580366983361227e-01,9.913546929739522895e-01,8.194343508737147452e-01,6.645901415948342050e-01,1.518611637007347970e-01,7.134151505136063776e-01,9.329679725733186491e-01,1.611855661702980280e-01
3.312441724286847022e-01,9.753639367262741944e-01,7.562428577220492443e-02,7.738034817700057966e-01,1.568633258121926999e-01,7.317923747617788299e-01,5.832270513162690628e-02,1.657314150613805048e-01
1.873388848245458871e-01,5.757228498464161959e-02,4.001925985401887376e-01,6.132219390966067163e-01,3.480965171942594916e-01,7.640966312923548331e-01,5.075490989547776222e-02,1.625649882758141151e-01
2.611373574425771005e-01,4.931183266239531626e-01,2.117007660633061783e-01,6.471511531992010235e-01,2.768764435567245830e-01,6.092585910660875959e-01,9.383299683302875893e-02,1.636213417872254550e-01
2.206953481496992664e-01,6.613651042799559843e-01,2.059646077309795764e-01,7.519150637686241589e-01,2.231856766638870837e-01,4.085644596483749558e-01,6.745798113878292979e-01,1.616222137114437518e-01
3.383416156056562873e-01,8.525966629061221269e-01,9.642186115219419928e-02,6.411969729262657625e-01,2.589049490997059610e-01,6.225676427856116080e-01,6.382130739275443387e-02,1.634784619867252764e-01
1.121946172472548381e-01,1.456018200094263970e-01,7.786362312859541612e-01,7.616609747924527607e-01,2.695917772215352115e-01,9.983804651672335551e-01,2.037178580300014197e-01,1.640339762723869999e-01
2.348660793780120715e-01,7.418466494089026586e-01,2.746579590479530375e-01,7.926385183988278182e-01,1.616527896598690950e-01,5.960485659182946927e-01,5.294381633882103699e-01,1.641680112275906989e-01
2.019900359286601332e-01,7.399488505382207926e-01,6.248416937196901166e-01,7.676880490607971286e-01,1.755539477410069660e-01,8.693409244563097271e-01,7.705955630474354834e-01,1.595834017891104295e-01
2.957972778374359790e-01,1.155470159156377630e-01,1.442685845024669622e-01,6.127646948403787652e-01,2.890025007543201574e-01,9.177901980052796116e-01,4.092410028437436509e-01,1.632448598329457046e-01
1.572984295573618685e-01,3.256684827638695046e-01,9.165551796058285516e-02,9.107647499028224125e-01,2.829388569137488152e-01,2.821574970605963406e-01,2.774414817664329069e-01,1.635834007859363892e-01
2.295986260387480049e-01,8.808960504941333314e-01,7.046789532600865602e-01,6.649897906221625687e-01,2.030386321013495921e-01,8.056037240381126452e-01,3.448543991931692920e-01,1.638284515195681801e-01
3.545845851741498689e-01,9.087748028569055947e-01,4.217708448696888546e-02,6.545922556506236223e-01,2.412162731833057128e-01,4.904401809117350242e-01,8.022959912932264848e-01,1.627249362073579508e-01
3.717846143676797888e-01,6.863908522344051022e-01,1.370983509289329660e-01,6.209098200667765299e-01,2.515914974163360740e-01,8.739858315892292673e-01,4.738325620856200793e-01,1.637417485112209192e-01
7.500952594101298332e-02,3.696242097649756753e-01,6.878563269609117015e-01,8.120024968149068822e-01,3.649119516378144801e-01,6.207569379450600389e-02,1.926248683503475889e-01,1.625385578252163954e-01
3.552000574529790011e-01,8.722022012838248628e-01,9.239292088049683160e-02,6.113227782814580902e-01,2.878409872581688678e-01,5.179998722934561206e-01,4.219036104093811246e-01,1.638582141934622483e-01
3.128612851411780582e-01,9.890411524265146914e-01,4.404761899937746916e-01,6.728754915388150959e-01,1.711934086881254646e-01,9.554772993500337819e-01,9.091830460461370889e-01,1.603656847258686791e-01
2.420660544086678800e-01,4.240678939613493625e-01,2.661531563851482485e-02,7.792774488648279707e-01,2.725655950530847527e-01,4.065618530953618581e-01,4.036479916876937191e-01,1.627842291466985725e-01
2.427831098737873727e-01,7.817814910991249810e-01,3.097666377021569550e-01,7.278396718027305701e-01,2.021837242125212875e-01,5.199087272014113470e-01,4.077295978246549546e-01,1.647012880637716836e-01
1.542596802131711575e-01,3.260353598051664026e-01,3.553390235363751426e-01,8.043753254252991036e-01,2.581404029881551043e-01,5.842180674372366989e-01,1.051352134351028478e-01,1.641691944290305794e-01
2.339957925676314776e-01,8.925964939660222530e-01,9.138316639711426825e-01,4.770220636655330138e-01,2.887227665897882933e-01,9.222694149589757417e-01,1.406109795450659616e-01,1.625034671140347664e-01
5.987024204352395240e-02,8.307944970886066427e-02,9.684583561058587309e-01,7.133667983345666208e-01,3.781999393449011482e-01,4.120701944098631442e-01,2.905657100622235367e-01,1.628023001779904944e-01
2.215396658008498276e-01,9.644789567168378097e-01,9.467461919285955485e-01,5.527256818047303621e-01,2.034224698434462797e-01,7.312434139135294275e-01,8.530100889325711311e-01,1.606639261433737698e-01
1.555466783727980640e-01,1.437800425480851851e-01,2.845230837658374590e-02,8.019356816763549833e-01,4.226426728821788270e-01,1.452719125676849576e-01,9.583641596794090223e-03,1.648656933002999037e-01
2.833789451526773640e-01,1.110357445598372239e-01,2.026349432651078364e-01,5.821709346806336338e-01,3.398347557460294488e-01,8.599624714637787992e-01,4.483322767518814755e-01,1.610036278418729982e-01
1.056847754196268280e-01,2.135815963536918938e-01,5.593154117732666020e-01,8.632314444243263107e-01,2.502450632426942989e-01,6.085959835431598020e-01,6.069351070804450687e-01,1.616401495853831694e-01
3.184365130122797094e-01,8.493692153558600744e-01,1.569715845907559970e-01,6.897256273770946411e-01,2.024930735158403938e-01,6.980216279072177787e-01,5.222799254832288796e-01,1.642651292682163755e-01
2.196620727299377351e-01,2.646038444980856053e-01,1.383850282710397672e-01,7.846929070676775808e-01,2.401121151377795526e-01,5.849729959320025818e-01,7.719942592255606417e-01,1.608967492258233933e-01
1.343394352754191390e-01,5.410418728755144180e-01,9.672083725019567924e-01,6.951828389952253717e-01,2.374632638820177166e-01,6.066619988778543249e-01,9.915323254885515247e-01,1.585717745267617163e-01
2.807745409455107977e-01,8.094392596715147548e-01,1.427815978115294371e-01,8.155851386582224638e-01,1.821076570745286394e-01,6.996306257831392816e-01,3.293361058300272592e-01,1.632515545282386960e-01
9.488599186776033867e-02,2.511587127464929292e-01,2.671115688748242900e-01,9.471494809266075565e-01,3.561234533218033960e-01,1.513281505419166173e-01,1.332242235421515208e-01,1.625802534966395985e-01
2.336590530202791172e-01,5.413779093462712799e-01,2.547791528205947120e-01,7.253964554149542332e-01,2.259820014073220251e-01,6.210655423576435519e-01,5.012634694553016468e-01,1.622698609565174366e-01
2.008106503597600068e-01,2.948957456717373748e-01,3.198630387471629866e-01,7.700440320134086525e-01,2.440207083963811252e-01,8.755609536078816646e-01,4.244988695510728549e-01,1.617446018785481943e-01
7.628093758710921546e-02,1.377997762651131386e-01,6.848074283718403876e-01,8.240992917153522335e-01,3.302246952216166265e-01,4.254893676171714878e-01,5.518086284650289830e-01,1.605818439465833969e-01
2.155203416542480210e-01,6.766351654917812652e-01,4.918159173561603148e-01,6.822469970918779714e-01,2.526155109358337314e-01,6.373424369473111861e-01,1.968061183590156249e-01,1.630772014372144085e-01
2.897318837944786174e-01,7.261700116047626885e-01,3.430844270939024110e-01,6.654895088645529366e-01,2.656153076836467175e-01,9.376658590264259630e-01,9.649977358438743824e-02,1.619650430238477046e-01
2.681518014038399844e-01,8.738157608490917383e-01,4.827632311035270352e-01,6.467320384981392056e-01,1.765928663838724211e-01,8.564905635476518508e-01,8.104851659468061964e-01,1.623361746830973007e-01
1.636537134985840414e-01,8.181772424562298029e-01,5.628160317782622268e-01,7.614622804394699518e-01,2.465063323606417334e-01,1.902625491561120707e-01,1.240577001276187974e-01,1.641584744245909167e-01
3.351909409561900088e-01,6.473156330885854182e-01,6.853278701321652289e-02,6.621635013691962168e-01,2.555052458619847533e-01,6.281494797721339785e-01,3.614108565408781226e-01,1.642240177887987485e-01
1.866203385237583112e-01,8.501389087777683207e-02,2.432062956448962088e-01,7.044244387521360062e-01,3.496929502255233801e-01,6.311768312557825000e-01,4.416021428610685806e-01,1.602672780083498616e-01
1.124221340600154162e-01,2.708001428562178958e-01,3.269517175301779321e-01,9.339176881747680570e-01,2.410418025842138989e-01,3.298276476633216214e-01,7.210580205480174865e-01,1.621158914988841127e-01
2.423244376109346121e-01,9.477053070727468054e-01,4.996398142067353110e-01,6.562251414244772985e-01,2.037174772059082151e-01,4.138348299796600904e-01,8.720252762706426353e-01,1.608241060087133301e-01
9.829454380544799807e-02,3.785532597170676583e-02,1.093278067669199993e-01,9.019973188193930458e-01,3.840987296196441969e-01,1.780668465341257445e-01,7.021859504893052106e-02,1.640150736213439042e-01
2.250960294169848386e-01,8.322230216880674991e-01,3.199677306680575040e-01,7.308181663901958114e-01,1.745770470763242654e-01,3.674499521588506790e-01,9.842610450946525091e-01,1.604823773136070664e-01
3.246468832321116604e-01,7.888827196394763153e-01,1.147092944350926458e-01,6.629734074231037333e-01,2.114920868526251607e-01,6.952210855220163355e-01,3.465257760920501529e-01,1.649760005132763219e-01
2.658531499412699062e-01,3.258615124990871248e-02,9.392094394824446191e-02,6.415029495798718617e-01,3.008279408785362041e-01,7.554397378941353214e-01,6.936252835439077336e-02,1.647394813016729576e-01
2.493769128758901443e-01,3.247449962095045328e-01,1.789974213493356614e-01,7.197248086324155025e-01,2.717757000642934684e-01,8.007699456829817652e-01,1.066682911809644918e-01,1.623800970695472023e-01
2.911189642890892326e-01,4.057496353744134421e-01,3.941250268204816720e-01,5.361198968996638836e-01,3.033603279493811700e-01,9.530266445621089488e-01,6.496569805620682203e-01,1.618916135609531626e-01
3.823763768823092990e-01,2.674563497538338108e-01,4.851839491857534714e-02,5.593292706030730255e-01,3.312847696919587470e-01,9.378276164092570477e-01,1.582993646458856762e-01,1.621797646005794791e-01
2.459035461599290984e-01,3.831605368779699150e-01,3.199195395657976615e-01,7.044991986902661152e-01,2.629175542077710204e-01,9.983040758698846773e-01,1.358501643862474739e-01,1.626006713557568151e-01
1.638271259280678627e-01,5.007402205519599914e-01,1.392616267139385466e-01,7.883727460044197555e-01,3.357175422844348445e-01,1.145708958397444466e-01,2.333334632738501835e-01,1.631360233377927849e-01
2.526650221180881672e-01,3.202290275382716489e-01,4.014516377932166868e-01,6.255511155871482654e-01,2.723461724469533052e-01,9.577812086477679454e-01,6.290439461883203798e-01,1.614146777904810481e-01
1.212185919424783459e-01,3.001811557821348897e-02,3.995453246859765883e-01,8.978838489168163850e-01,2.657075856431950212e-01,8.422922435232790273e-01,1.998191689017316808e-01,1.622586180386668964e-01
4.066584705109236308e-01,5.692416276700832389e-01,9.194462434647165949e-02,5.196164587869688267e-01,2.859709319677509187e-01,9.356288837902064781e-01,5.846490186946784462e-02,1.653590550794227232e-01
2.482136006201663692e-01,4.804901149983779596e-01,2.889771756647097067e-01,6.344702265483037618e-01,3.090942211404719697e-01,6.828205610470151621e-01,1.002744657305993381e-01,1.624484358898410363e-01
2.108584418063342292e-01,1.638813885697315564e-01,7.249067159555400153e-02,8.602869060251139288e-01,2.539880579291836638e-01,7.329703107927779682e-01,3.509524142221094878e-01,1.612508692503293040e-01
2.299223650237361416e-02,8.413778240147312681e-02,8.441389295329285725e-01,9.263359970641160679e-01,3.106969630558338302e-01,4.572393567567721862e-01,3.913994360589539978e-02,1.643587098140786018e-01
2.584695485936757686e-01,4.654908340323603566e-01,1.103266989791706898e-02,8.208594008577630996e-01,2.109131412610782408e-01,6.312140514362192256e-01,3.037701607972988493e-01,1.629495327926544501e-01
2.529893228289294416e-01,7.524988031867285709e-02,1.300747431264221987e-01,7.238572499529216664e-01,2.874859592304555567e-01,8.503979290194807472e-01,3.727807155947969187e-01,1.626994329733738032e-01
1.914830497980791468e-01,8.660856040175133330e-01,4.025380074193767865e-01,8.074842192706599420e-01,1.800188426606345315e-01,2.393692110600453837e-01,9.982819548021428790e-01,1.599095252627098229e-01
2.618731693592420418e-01,8.231878739303531978e-01,3.623405495751164107e-02,7.814361022435908355e-01,2.327071228580356310e-01,2.914554952654410114e-01,1.981411905215175184e-01,1.652928469272461620e-01
3.819312415717037723e-01,7.833014324460289002e-01,1.567522965431426551e-01,5.860956416247167233e-01,2.385208991848309645e-01,9.743812249555630078e-01,8.927253650823137043e-01,1.611041041731886281e-01
1.501754893164422566e-01,5.226891493845775560e-01,8.385213085911018549e-01,7.070073467585283877e-01,2.358073230328786019e-01,7.840288751150340518e-01,3.144835903627218876e-01,1.634926231163849608e-01
2.721949326564985228e-01,5.820310442414123875e-01,2.527602551238725681e-01,7.422574116114682985e-01,1.999354746330310184e-01,9.117132585004406042e-01,5.870185509151164549e-01,1.616378427720262800e-01
1.844935972097142829e-01,5.390194083598749408e-01,5.319132011963271234e-01,7.016488014205783941e-01,2.715533302695095630e-01,6.729047726412613617e-01,1.186140963062338738e-01,1.630988433416974137e-01
5.707876232611497347e-02,1.724273000865768068e-01,6.767097233241319287e-01,8.263496983022338149e-01,3.766506343594936412e-01,5.986485352606840671e-02,6.000687091190575195e-01,1.606292352153010639e-01
1.548829790777696280e-01,4.324949555716591787e-01,4.240375646449759395e-01,8.507947361433705336e-01,2.363581515880474604e-01,6.085215820438208967e-01,2.637392944035393816e-01,1.621750576863943971e-01
2.291502639549578002e-01,8.558670978431707210e-01,4.765476478544724559e-01,7.500274662408966675e-01,1.731864301840458364e-01,7.517635210943207635e-01,3.217803590448501949e-01,1.638385277119901451e-01
5.341571860582894349e-02,7.506695539072583134e-02,5.529483153385673644e-01,9.539010831216103714e-01,2.971803212425511154e-01,4.816883349979975137e-01,1.797897036180700070e-01,1.621855911665267547e-01
4.873329984306999374e-01,9.790640295649758462e-01,2.795429998904314095e-02,5.153817096819829358e-01,2.790517710995181200e-01,9.772363301115877254e-01,1.467044086216994225e-01,1.646482279287042605e-01
2.140091291877823099e-01,9.654729573794614828e-01,3.652156332601131372e-01,8.093095577455341472e-01,1.804438199030296008e-01,3.535277178741413895e-01,1.745040905645256490e-03,1.658636211913331882e-01
2.401722617873764398e-01,5.118795186744111714e-01,5.803380172157107664e-01,5.463231417708002136e-01,2.846597070587806866e-01,9.777624684286787549e-01,3.322127482376221463e-01,1.623897277385296933e-01
2.243616060420514924e-01,2.092991985483829143e-01,1.847834290465839857e-01,7.828944489495995862e-01,2.802714316751991341e-01,8.408308298421035554e-01,2.698968592072389372e-01,1.613827398127319346e-01
2.089671912117890828e-01,6.397810611422758420e-01,1.220907023463492780e-01,8.758637268317699398e-01,1.773191500085448680e-01,3.082137386480717223e-01,9.990650292541618516e-01,1.603481761790576110e-01
1.974654441123109283e-01,1.330900929096446861e-01,3.020318305067243303e-01,7.478045405649387245e-01,2.471645089966900133e-01,8.127964684650578198e-01,8.614351384187298732e-01,1.590923153189153227e-01
2.507855671610813020e-01,4.863154250523386568e-01,6.387411102213053082e-02,7.221681329908841152e-01,3.193744154521345191e-01,3.586231178012364573e-01,1.864776530431927482e-02,1.642569631038597600e-01
2.993899657487547050e-01,8.822700955979971837e-01,3.894678014374337027e-01,6.153610489001166695e-01,2.233122622366310595e-01,7.791020685671197210e-01,3.324748895135158921e-01,1.642098250127193015e-01
2.269851854054136808e-01,5.153449527181578338e-01,3.098582893334570487e-01,8.108873675765648770e-01,1.449153031325278174e-01,8.652566608505924961e-01,9.916871137645149048e-01,1.597682252245714585e-01
3.682899051627972487e-01,9.462019507871874957e-01,1.872283317193201846e-02,7.183054297672212263e-01,2.030614251531414616e-01,6.357240313575920343e-01,9.914442894458437294e-01,1.596107921134804208e-01
1.074697921926375255e-01,5.598061576624602242e-01,5.065877859830930641e-01,8.835213359776926678e-01,2.903533279035469539e-01,6.894313368587701163e-03,5.023069846852402653e-01,1.622878084729411918e-01
3.915158569039201009e-01,9.148473517232288410e-01,3.296375455956271350e-01,4.154377594003461072e-01,3.388352557380369667e-01,8.664582544984413826e-01,4.935081838957722233e-02,1.643017141645966572e-01
1.271990375971974452e-01,2.621187108526389364e-01,8.513439410190535295e-01,6.803173552764990584e-01,3.132796324676523914e-01,8.171690403171725237e-01,9.967573792810763278e-02,1.638607279933181060e-01
8.732772880623390632e-02,6.726262926588305602e-02,4.197097471917303757e-01,9.087794108780942182e-01,3.450004766879838369e-01,4.110237618750485211e-01,2.867710142998056710e-01,1.615164789492565534e-01
2.798454507393773882e-01,7.050018753279140293e-01,5.145765761368419344e-01,5.724357695009300029e-01,2.751501433991582757e-01,9.773786514616575882e-01,4.888428619233377015e-01,1.625573301020845074e-01
3.732772935162341765e-01,8.293072314987699478e-01,3.225845563587834697e-01,5.397927935716324566e-01,2.907831964457713303e-01,9.955135994279161737e-01,4.505299475979246404e-01,1.628356619662038873e-01
7.376780822329054299e-02,1.246785733548974040e-01,8.084966412347054376e-01,7.680139034314330537e-01,3.276797203919932788e-01,5.409277857880328000e-01,4.650315044516908913e-01,1.613362103354365751e-01
1.939654118888552714e-01,2.180601661944434055e-01,1.622737764253808779e-01,8.248202803243729342e-01,2.659418862595720467e-01,5.761121328020828436e-01,7.623401151508784057e-01,1.591224283996607869e-01
1.966118185911328031e-01,3.614164279990704776e-01,2.289395971308547384e-01,7.185174075730218490e-01,2.993288270031388421e-01,4.784133302938333721e-01,3.553174473472240358e-01,1.615871119281793444e-01
7.711916537333446398e-02,6.076228987799914272e-03,2.965461579350565091e-01,8.552558407279231556e-01,4.345403601035121577e-01,1.863320412164033990e-01,1.305560854140481175e-01,1.616807269208313247e-01
1.295954257500477325e-01,5.555779723244579360e-01,3.601301132354459145e-01,8.764391586421780289e-01,2.409162782386886914e-01,2.107382317654635240e-01,7.695278854141136549e-01,1.597717616850074518e-01
3.866143894731011166e-01,2.107048410335871091e-01,9.117429030986856642e-02,4.442314228768982631e-01,3.819607504725025526e-01,9.809807231454437115e-01,9.053050377564708651e-02,1.617276077127294820e-01
2.350772751381971226e-01,9.929815048597541161e-01,2.208795264799514324e-01,9.068015179153287031e-01,9.482104274172470371e-02,4.804901449307933392e-01,9.908254902781250539e-01,1.610571567312902852e-01
4.573736716481821563e-02,1.403949580155450239e-02,8.633145402913608990e-01,8.248386835982617349e-01,3.444561335891759835e-01,6.632690028725821696e-01,1.013001515221518267e-01,1.622965331403724287e-01
3.198142423319138561e-01,3.001131254168465934e-01,9.654356277073075643e-02,6.388601663473869596e-01,2.755200181594725795e-01,9.983336507001479010e-01,4.744405291745655284e-01,1.611754608250096921e-01
2.780590639674053177e-01,4.662269286866362328e-01,7.533285911190218398e-02,7.774983568816994373e-01,1.662451184447069630e-01,7.678936620278548064e-01,9.933238024933765953e-01,1.601166297218763190e-01
2.010321772215322433e-01,5.704524598565844373e-01,2.600054489825168735e-01,8.107822751511932768e-01,2.121595205586642163e-01,5.102104351078317057e-01,4.230874486544559665e-01,1.625027916413897822e-01
3.014159024579805002e-01,7.861384737042619308e-01,6.470606584493565627e-02,7.789860625538101990e-01,1.956650367515302136e-01,5.358320404987587660e-01,7.740113379496689205e-01,1.611094601663827230e-01
2.873080389503164800e-01,9.528657779703445518e-01,5.230358946679858345e-02,8.699553404168839377e-01,1.472413766281408798e-01,6.087377710108906603e-01,5.790226213640903286e-02,1.638757819607426225e-01
2.221378093171414436e-01,5.563237204177089446e-01,1.808932419699987859e-02,8.222549148747895220e-01,2.521166743204755201e-01,3.431021219783520482e-01,6.587932831815729307e-02,1.643871726850300030e-01
1.588141611049798396e-01,8.902074070032273134e-02,1.188531529163432965e-01,8.047748946906160272e-01,3.211575759330737578e-01,4.291201019967555985e-01,1.182124875744474668e-01,1.625210791508497621e-01
2.498843314567735230e-01,9.332061465400878220e-01,1.478582421917107315e-01,8.358832694097696470e-01,1.541713379373144399e-01,3.902077786098473444e-01,6.918808747805742509e-01,1.636593580524994263e-01
1.144083310434273748e-01,2.528698711434773649e-02,1.868629039387739443e-01,7.958911439012951172e-01,4.286070086519890854e-01,1.348581070094979073e-01,1.954693990766971923e-01,1.640834521964981974e-01
3.532130440327271859e-01,5.848900973475764653e-01,2.625874630542140986e-02,6.937007230175268324e-01,2.612641876790393058e-01,8.414406171894118769e-01,5.337831233221519422e-01,1.616476963737293049e-01
1.193853595986210658e-01,3.667052811399191814e-01,1.554220582758078784e-01,9.044886044195066255e-01,3.147210248063422866e-01,8.438725844397620968e-02,3.115974879259528207e-01,1.638057042080587611e-01
2.737849498706183549e-01,9.473601340880543065e-01,9.894186087404965857e-02,7.552594910741291523e-01,1.978090849709934484e-01,3.637896771702897047e-01,2.210552290474151471e-01,1.652628056991455319e-01
3.976684800437478851e-01,9.751084014973493419e-01,1.201956171127683271e-01,5.639390790908553885e-01,2.685993091295084123e-01,7.322221465985131461e-01,1.871025242081115758e-01,1.645772499939742450e-01
1.058470853014222002e-01,4.227852674841819924e-02,3.843334321419507038e-01,8.449392310258753147e-01,3.027618552620146564e-01,4.895026631711935083e-01,3.280597175051659375e-01,1.634262686947089704e-01
2.811683316891018802e-01,5.623959619118741315e-01,3.831412552036910224e-01,5.651572481337714393e-01,2.728420638967714584e-01,8.677719492624338393e-01,7.537635865221831155e-01,1.609429737956373507e-01
3.590837336529323354e-01,9.761959605826706632e-01,1.585957251514246713e-01,6.424507618165293810e-01,2.080078724723849470e-01,7.601874916874206134e-01,4.499983203059082504e-01,1.647116960072876335e-01
2.772270369330176454e-01,7.525573513451422336e-01,3.029338926608577953e-01,6.434654194119026061e-01,2.570150253410652397e-01,6.283968629851316434e-01,3.959914367079173658e-01,1.638343767208653712e-01
1.376171116542745376e-01,3.059480969259091299e-01,3.286268339964226737e-01,8.468984093302912575e-01,2.734292768243687943e-01,5.021804608430807670e-01,1.006184868773931096e-01,1.630009708532413892e-01
3.913564455732593816e-01,5.882327004927468961e-01,2.181170996654330230e-02,6.258823656826355553e-01,2.547055368305478629e-01,8.403555788224168488e-01,8.078808353940916120e-01,1.607481676784123514e-01
2.317228851553327362e-01,6.790319070655997935e-02,2.708118600159619138e-01,5.692752898020735364e-01,3.591298737664100904e-01,7.021456506903445138e-01,2.002697567270591006e-01,1.628649682751930061e-01
1.411020665239621497e-01,3.240266513547672700e-01,6.963837416366234212e-01,8.009662630699567742e-01,2.184367905304965829e-01,9.587387688240611716e-01,9.472493835179176536e-01,1.584299876830457254e-01
2.380326297348814013e-01,6.885405581373275075e-01,4.536351096514160686e-01,7.480716133977417526e-01,1.839141311185290562e-01,9.655686782852341832e-01,9.476092473531472216e-01,1.583755689589674276e-01
1.730824996597568055e-01,6.072804374353290013e-01,3.041566820764514123e-01,8.373595658543157016e-01,2.306243760612509131e-01,2.335330601012577389e-01,8.369391265910564037e-01,1.609387601051783523e-01
3.001300359586346334e-01,9.700608201156573074e-01,3.268538613034288054e-01,7.218445250761238441e-01,2.117610601744887577e-01,8.258381132806349445e-01,4.686998456400812696e-01,1.615340896049463626e-01
3.117158684750201414e-01,8.143367417422355814e-01,3.324688178462936183e-01,5.887357018150717325e-01,2.781299542502938538e-01,8.684231225075301763e-01,2.771111574285803902e-01,1.622553904988527085e-01
2.073190113678863578e-01,1.865982280817393701e-01,2.768479040016263992e-01,7.820990069868194450e-01,2.297909812632155935e-01,8.897691856352356599e-01,5.955146313641079825e-01,1.612715264136874160e-01
3.977421427461328429e-01,9.751695133496874890e-01,1.278792616882581390e-01,5.919570204854667228e-01,2.265219460680833186e-01,8.363273078737356592e-01,8.164905415793064503e-01,1.617438038372731035e-01
2.943378655209603623e-01,7.560282148134012115e-01,1.311161948503760943e-01,8.060919279421511208e-01,1.966328044648317230e-01,8.323060686130054897e-01,5.310550729953844584e-03,1.627715835425405377e-01
1.047844335626520462e-01,3.418010836921014928e-02,3.745440128189988505e-01,8.724176583054639167e-01,3.416739636049239137e-01,5.239625423865376108e-01,7.718641212544863350e-02,1.616203526411213731e-01
2.427756845143916598e-01,3.430664707827888460e-01,4.056900496980923587e-01,6.332631014990384166e-01,2.685300807429178427e-01,9.305223944968255001e-01,3.313228854759582287e-01,1.645135521848745674e-01
1.195474383330300816e-01,1.915277635024627001e-01,2.395544331991492359e-01,8.267258182752830198e-01,3.494627706580089588e-01,2.821124586695886172e-01,6.660830839870141018e-02,1.630156602565997204e-01
1.912896237439139779e-01,8.493133117216611350e-01,6.966497271787071011e-01,7.806688364359440913e-01,1.547183529137509117e-01,6.322191339733865822e-01,9.809020292499481819e-01,1.592441249660764002e-01
1.457958908939653297e-01,5.638242220390882187e-02,4.346663322511133409e-01,7.480595559746322509e-01,2.802134446010826618e-01,7.712792270548892715e-01,8.758411671604020565e-01,1.582335866236331545e-01
1.502028885808657233e-01,2.983942534267386426e-01,1.384489273207930304e-01,9.259955047904506742e-01,2.771711620219141636e-01,3.668523679150025862e-01,4.118195096335846017e-01,1.620496745072787237e-01
1.924093280899127067e-01,9.403044110269735967e-01,3.007813599068447918e-01,8.557555118789713644e-01,1.860521493100201207e-01,2.123178507640215984e-01,5.520160106859739457e-01,1.626560597777222950e-01
3.108310718294984287e-01,8.831388360807964633e-01,2.091800206020600350e-01,6.752029695305576951e-01,2.247140572370983080e-01,6.641643510502006631e-01,3.511129968541032431e-02,1.656835291894762641e-01
2.262520283098638230e-01,7.883742156017522484e-01,5.693021119389417573e-01,8.084837842400914854e-01,1.216598704314921509e-01,9.788811592427737462e-01,9.993957770517107875e-01,1.603810204776041359e-01
2.426134877900095188e-01,9.363542563667985874e-01,2.138026288813409392e-01,7.290368929772501616e-01,2.328281853198489459e-01,1.968095860540418629e-01,4.163847866652419238e-01,1.655299596248476501e-01
2.450836434613794523e-01,1.799609726544604826e-01,3.014137254211740613e-02,7.727128233684618097e-01,2.624955171435786605e-01,6.850251971171131826e-01,2.165938514946178228e-01,1.622003062643851412e-01
4.211084966152656150e-02,1.045696080133924344e-01,3.907897730857890495e-01,9.921881321350315419e-01,3.288810586278973491e-01,1.115771921946485667e-01,4.692651351387605585e-01,1.630808947018050348e-01
1.823788486149783283e-01,6.401996140963357451e-01,8.446477898878359536e-01,5.598920213040632365e-01,3.010615166640445706e-01,6.108426968778480903e-01,3.213282497196534582e-02,1.636036139101149367e-01
2.310733365927797323e-01,2.641840388968547115e-01,2.146222662996741526e-01,7.387604937322658216e-01,2.380463711763702306e-01,8.817601605698939249e-01,7.002779953129573132e-02,1.635290322094908599e-01
3.393963675346332587e-01,9.453548545374115264e-01,3.757697660186428701e-01,6.106726483338823508e-01,2.527449756857421126e-01,9.536354582002264380e-01,2.501110834279339779e-01,1.637109000753608490e-01
2.290048086643282910e-01,8.070278000720186862e-01,2.942128539681461152e-01,6.946546674049034475e-01,3.002854118705608477e-01,2.778639342620584651e-01,1.860889346400708688e-01,1.629208301607014964e-01
3.546797625490482608e-01,7.444322233688839274e-01,9.984974156691228675e-02,7.466354339095120363e-01,2.188884473063893443e-01,9.367241256323435294e-01,6.131692205985852517e-01,1.609171226529687027e-01
1.127185920447602158e-01,1.994216819019387632e-01,4.510737257155678082e-02,9.466824959501884962e-01,3.913287637293364485e-01,7.363400575709477813e-02,1.185727900624593545e-01,1.631253377203920052e-01
2.263612479836554503e-01,8.856541492001837046e-01,9.809667586823814789e-01,5.093616261171753923e-01,2.196798914847956641e-01,7.714530361127432956e-01,9.583044837634373536e-01,1.603010685623947329e-01
1.019524040494163980e-01,3.278557667989809854e-01,1.269753177906211006e-01,9.731092956931017834e-01,3.215820009246690425e-01,5.121455608362035505e-02,8.060357469195593705e-01,1.591667263793046239e-01
3.742834162617860727e-01,8.804361914720604254e-01,7.299562493542943731e-02,6.490567900241627219e-01,2.379599526515370489e-01,6.860769525391672286e-01,9.765508564646085965e-01,1.596273350676866432e-01
3.537683592026764634e-01,5.008357325494949830e-01,3.389927273103454652e-02,6.942423621847693127e-01,2.040493553474936606e-01,9.394967875236617250e-01,7.224039919807627719e-01,1.615729710045752110e-01
2.407846829803501898e-01,1.092301176270755736e-01,6.569026957681395329e-02,6.468115994452199313e-01,3.316967737461327115e-01,5.300168652809387204e-01,2.798996796227010142e-01,1.630159199518426694e-01
3.583472228348362765e-01,9.868577860566201121e-01,2.859426064060596184e-01,6.181883802647386572e-01,1.992354450845030267e-01,9.487796962369078324e-01,9.951337228968046844e-01,1.611009933651674220e-01
1.134647493371201826e-01,1.166784296096405882e-01,6.398122678075015557e-01,7.713520012852254082e-01,2.843521386617006708e-01,6.744108115452087659e-01,7.502187535105486749e-01,1.607473978259390535e-01
1.023323700682234882e-01,1.453740459734384483e-01,7.252427600668196472e-01,7.919030538848839118e-01,2.506983765303376632e-01,6.860071215981008441e-01,8.864036856862536062e-01,1.601672740693394492e-01
2.738774620026731554e-01,8.096199536389099283e-01,1.523311794808716035e-01,8.399656835858565485e-01,1.550130055765079062e-01,6.170438485500068237e-01,8.890339444962125359e-01,1.603200750859838097e-01
2.628416136423040728e-01,1.157869595179720212e-01,7.315151720940676894e-02,5.898742309230382563e-01,3.557612990046439272e-01,5.168762765170895612e-01,5.350202022914418709e-02,1.636177289309245775e-01
1.758907613421511473e-01,2.793334231479061014e-01,4.635214196079395776e-01,7.169527681564558108e-01,2.391732069466498412e-01,8.539887233566185731e-01,5.701467683325236457e-01,1.616864414038836628e-01
1.957328221334736218e-01,2.261354218192790366e-02,4.609523412538502618e-01,5.754617952399929681e-01,3.529362451629833308e-01,9.574510644486207145e-01,2.905069754271583093e-01,1.614042278052805479e-01
2.328514320665656945e-01,6.946849224770296205e-02,1.467268082680635577e-01,5.880142816898796809e-01,3.998328612322422093e-01,4.646630426686771398e-01,8.767159908061400442e-02,1.628634423092015227e-01
1.438048257628630755e-01,6.597059044324817823e-01,3.308116052084665304e-01,8.599641103104309625e-01,3.230383135186000731e-01,3.194629529184367378e-02,1.044224015558939955e-01,1.644361113350437109e-01
1.792672377026572339e-01,8.237955548271773676e-01,6.031291280275175026e-02,9.651808045958865101e-01,2.587670122903042991e-01,1.866245276695077671e-02,6.624929275060204015e-01,1.615539670017209495e-01
2.708202586929373545e-01,9.260288030293657435e-01,7.507347788695911683e-02,7.336360420966172580e-01,3.190717084094011891e-01,1.538825344812072560e-01,2.079317077010963966e-01,1.636741277456924826e-01
1.500614686417559296e-01,3.121712452387526149e-01,3.478710956970237911e-01,8.720953982771155744e-01,2.081209852900788304e-01,5.825708246663511281e-01,6.308327828820120553e-01,1.619253650643598663e-01
8.409657137743184463e-02,1.618493003604448699e-03,1.352270932324306507e-01,9.401772679037528890e-01,4.255250404042871248e-01,1.470072403436342712e-01,3.073138145933149712e-01,1.610162094029262692e-01
1.382514164699402415e-01,2.738845652842957223e-01,3.779758080679538890e-01,7.897058163760348748e-01,2.981737113825125851e-01,3.373264808426359451e-01,8.776828433409915586e-01,1.592760167544151062e-01
1.939241310825167153e-01,2.645282229414969155e-01,3.515391020050026571e-01,7.621260536615031000e-01,2.254397450693528260e-01,8.311425551513194065e-01,8.573989875437053598e-01,1.603715720045528481e-01
6.825134152258061082e-02,1.175868363387352344e-01,5.593173980726711125e-01,8.301499489090571338e-01,3.285002829131370983e-01,3.471982246441301934e-01,3.152426679477465798e-02,1.647713875618580237e-01
3.567157941897819984e-01,9.516772323826658830e-01,2.034763954914443063e-01,6.021577749999859064e-01,2.780866609816328716e-01,8.250122675892486157e-01,3.592752299820428097e-01,1.616681399513889283e-01
2.625675031169981133e-01,6.577414175292405352e-01,2.657642223504975698e-01,7.238343618638684029e-01,1.785076589676573566e-01,7.437479566329228131e-01,5.797615626593510818e-01,1.636717200581943588e-01
2.001366654682984469e-01,7.961159572735059253e-01,1.365503804515605379e-01,8.548705642643520397e-01,2.784918630905247050e-01,1.449489307808763949e-01,3.670298851710651067e-01,1.627784294225032846e-01
1.680546054711259119e-01,7.361525785103283370e-01,2.322188437110412895e-01,8.552815005703330309e-01,2.284138956120232156e-01,1.064231581144476357e-01,4.452263181843094664e-01,1.646542527753371288e-01
3.194283281969302335e-01,6.738826211740983618e-01,4.925172686259882138e-02,7.887375493036408169e-01,1.837366838831511751e-01,7.843925781761171834e-01,8.284655578654691599e-01,1.611095060776704946e-01
2.682203537185807729e-01,4.769790905865727293e-01,4.474445831704038090e-02,7.416992592992526223e-01,2.303555113983878078e-01,5.078679853149605794e-01,7.414282096742852435e-01,1.621290383613373243e-01
2.722329531315295092e-01,2.495808668953116705e-01,1.340482781027253489e-01,6.092464583820220714e-01,3.007470410796918570e-01,6.677334804435519633e-01,8.287710732843411865e-02,1.649312792822878182e-01
3.400204647504922462e-01,9.817685693927606927e-01,2.977383990357530541e-01,5.488067967041136974e-01,2.418775699775614074e-01,7.496641604284137728e-01,5.570084358899457522e-02,1.650538886320244147e-01
1.202415972771901792e-01,3.106135140578357157e-01,1.767833286961918438e-01,9.329881123564769396e-01,2.394722768927679546e-01,2.171330291038078286e-01,9.460900775881591063e-01,1.600350216496093936e-01
2.272285995695862149e-01,7.915398827204618293e-01,5.898124241489347552e-01,6.892449345424531693e-01,2.294744176498828558e-01,8.418328388008498031e-01,3.401597344373473164e-01,1.627421213343052953e-01
2.104160638120090021e-01,4.063115031692665635e-02,2.428598658640102603e-01,6.622738382644964839e-01,2.992345872474845292e-01,7.200686294917064689e-01,7.072477962216136005e-01,1.601520096804561755e-01
3.816783784117424583e-01,7.632183514197570240e-01,4.541971307123593427e-02,6.108925980930764998e-01,2.782908741884449477e-01,6.374781811166738699e-01,6.529509591827078463e-01,1.623965080366055469e-01
1.155688898650502477e-01,2.205363955685890609e-02,1.062744995575652385e-01,8.858487424111251007e-01,4.280726712619367103e-01,1.722165221560856274e-01,3.659741492440021782e-02,1.627674365750650942e-01
7.936208708568306958e-02,9.581997345887527384e-02,9.087871568046369530e-01,7.196337574024828099e-01,3.221290311641772375e-01,7.078321348923382050e-01,9.069514752659385559e-02,1.637046457578484882e-01
1.628245877580155321e-01,5.386600009018276403e-01,1.986652891583858549e-01,8.933938523025182210e-01,2.772586224563316493e-01,2.441150483132625837e-01,1.696692804348576833e-01,1.634697054884544087e-01
2.029452617458071817e-01,7.057614026785579142e-01,1.236454700342062285e-01,8.306088840623271352e-01,3.011577383758918258e-01,1.832855741973747343e-01,2.208155195461867226e-01,1.624751993513222637e-01
1.880375788871445908e-01,9.038431631543142331e-01,8.036230164968929390e-01,6.544271301956595677e-01,2.365989562539382585e-01,4.870119353674701168e-01,2.609627557716925894e-02,1.646240707465216613e-01
3.892293962640729910e-01,9.135815715495576583e-01,1.395113372988084632e-01,6.211481444734415769e-01,2.352888574159466284e-01,8.800545723829925615e-01,3.661693513890046381e-01,1.649038348747118854e-01
1.957215654006200789e-01,7.766696797034304822e-01,2.558571431556239117e-02,9.467144574424015691e-01,1.754195047572412181e-01,1.619830055768211041e-01,8.797951799011551888e-01,1.614897508570714291e-01
1.059455591365892901e-01,2.736402004780679187e-01,5.143170927156812677e-01,8.668956639458805791e-01,2.666190723541879137e-01,5.229696669438946843e-01,8.225261381476040023e-02,1.630340444884935958e-01
1.105600281615661540e-01,1.853093819621565164e-02,6.584612469780622979e-01,7.911499441917276831e-01,2.941698753749595330e-01,9.442503552170151693e-01,5.383871150007939477e-01,1.606090672254130991e-01
1.154738014734745799e-01,1.428618601442347424e-01,1.752403124845040849e-01,9.212961418160245941e-01,3.470669801296246693e-01,2.311518513282347920e-01,7.293662543005651200e-01,1.591860110987704802e-01
2.571278024812551632e-01,8.184891857652178970e-01,3.572256628521527921e-01,7.493424337325892415e-01,1.545536518292365824e-01,7.888698071787717536e-01,9.044172790912324844e-01,1.601920088640131357e-01
1.134333529089932985e-01,1.197153594467639803e-01,3.555330640441882184e-01,8.630084461650419092e-01,3.304259832850491296e-01,3.660255509495160542e-01,4.835074007195929724e-01,1.613722759340820989e-01
3.124688861110589411e-01,2.225004889139942654e-01,1.477087887912839348e-01,5.841291037188448554e-01,3.244329241699642763e-01,8.108811239067899024e-01,3.860973412406762950e-01,1.626740103441764729e-01
9.755653212649408046e-02,2.793205193597237956e-01,9.424558711134780609e-01,6.766822978301217928e-01,3.230366797159756054e-01,5.301489173407556432e-01,2.207019351808051921e-01,1.631331275839640049e-01
2.455783385864611368e-01,9.534649766124874137e-01,5.401652847137632385e-01,7.605084157592018057e-01,1.138112214233603647e-01,9.213606638883273803e-01,8.552100520101497683e-01,1.611686003242154830e-01
2.289250739144222113e-01,6.886941064952794012e-01,3.900331630919851023e-01,7.060013033518383052e-01,2.391430307225496932e-01,6.487457091838340073e-01,1.620520391159080420e-02,1.644983023821788293e-01
3.280555210994940962e-01,7.395323766665374832e-01,6.709060178376224926e-02,6.195402105126277537e-01,3.082179328735675794e-01,4.169367681302301176e-01,3.062568026359505646e-01,1.641208428880729653e-01
3.479568646988580038e-01,5.904401768757870927e-01,9.048053874873440705e-02,6.778368500431085630e-01,2.445503245470093401e-01,8.205005638059157391e-01,8.422333615484624003e-01,1.606470378263266108e-01
3.582187182035396211e-01,8.689596191278857740e-01,9.329659876696666521e-02,7.423923280268210911e-01,1.949157548595390477e-01,8.643827085110418196e-01,6.747334422692594647e-01,1.625392376881937551e-01
3.121311161772361564e-01,3.337493134073499235e-03,6.981463401113091605e-02,6.822173146012437961e-01,2.978298475160126579e-01,9.813849099001124010e-01,3.082455990733187212e-01,1.630754034157055055e-01
2.694811340903042196e-01,8.795777886435096615e-01,1.009275937293543923e-01,7.466813777897116644e-01,2.534682474694328613e-01,2.761205008496362967e-01,6.419997029784624276e-01,1.624355432726272142e-01
7.752246796182224453e-02,8.447236646742106725e-02,6.644528674650603817e-01,9.210669887910850617e-01,2.604731817301879637e-01,8.199333441716023518e-01,1.380534966349536430e-01,1.626040274478133540e-01
3.408044569054451411e-01,6.372169790160993053e-01,1.408577150864731564e-03,6.339836522888719905e-01,2.973228322464087636e-01,5.552430163442381161e-01,7.479433575847688198e-02,1.640893823283216535e-01
3.747218052396781296e-01,7.061223730070471660e-01,6.784578577294475554e-02,5.344496089282309015e-01,2.974333197362531989e-01,6.137089959441660580e-01,4.981711883548744502e-01,1.637073334778360034e-01
8.327196005584472371e-02,2.007650270254241476e-01,4.201599726091980180e-01,8.117001558000105366e-01,4.038262529947396762e-01,1.224623087842440228e-01,1.051869136146074690e-01,1.634627611908233691e-01
1.291562757449042920e-01,2.977591981684124534e-03,2.766794891093262154e-01,8.795001445606722701e-01,3.205077384574672172e-01,5.630813282274780285e-01,2.002783357843884449e-01,1.631618659137888672e-01
3.527267341323542249e-02,3.175154229398424732e-02,8.782580500413833535e-01,7.942520200774803030e-01,4.061727055368078432e-01,1.509000972287802833e-01,5.114486809188901750e-01,1.610279482851343091e-01
2.756860961722614745e-01,9.362600471979847239e-01,2.999235726347239117e-01,7.992290437230437083e-01,1.349456258797173402e-01,7.528414661818363385e-01,7.810317937248916209e-01,1.617729062641541371e-01
1.630761147128692579e-01,4.634055977884388722e-01,1.858547398663087380e-01,8.822014873113388500e-01,2.315073372475763558e-01,3.769765257562031069e-01,2.789785632387156711e-01,1.640152727760316453e-01
1.089485179858648428e-01,2.738996950013062315e-01,2.399407728672241502e-01,9.568604829637430420e-01,3.082243820299406245e-01,2.597876934238115276e-01,3.190603156048043010e-01,1.620957359983578039e-01
2.723583170653944840e-01,2.414953998566312654e-01,8.726984410386839919e-02,7.373046125410260832e-01,2.625880495411851978e-01,8.274144696012741829e-01,7.855849887566009881e-01,1.583883625264941863e-01
1.554961100547634922e-01,5.662758973377823857e-02,3.660563473271921664e-01,7.711624345054298724e-01,2.762394914956605163e-01,7.584573828929986883e-01,3.691371533676609529e-01,1.620716154016974275e-01
9.161690002268454980e-02,1.255986615720224853e-01,1.674444985374291817e-01,9.505868403533310751e-01,3.812978171031916608e-01,2.018644762540656723e-01,1.169767933985486064e-01,1.617053826059358934e-01
1.287285004976322644e-01,4.774172143078991848e-01,5.026589195759435524e-01,8.314882835173276199e-01,2.571884852417719580e-01,3.569980449648941789e-01,4.606900279316418767e-01,1.616659265499049425e-01
2.827700638601864380e-01,5.378511075823891874e-01,1.993248653667400450e-01,7.526405454650813009e-01,1.930820117389863144e-01,7.959873531649459544e-01,9.888322202946280282e-01,1.601003577263562516e-01
2.317868513000816977e-01,9.954280637188197556e-01,1.909729356683781132e-01,7.558751569814874394e-01,2.983674113866944810e-01,7.588605071592774420e-02,7.091951780466709820e-02,1.654281684707637756e-01
3.787581112902616565e-01,8.006796551204744539e-01,4.391424096449830783e-02,6.454069891185636454e-01,2.299800645915441311e-01,7.301952088814475106e-01,7.587374982328495276e-01,1.628700644614259341e-01
1.503108505545499851e-01,7.137925393620956349e-01,2.752886993870772292e-01,8.787759436976294580e-01,2.252275322947778213e-01,7.198612503262480367e-02,6.961216238311996873e-01,1.620503202964563294e-01
3.628607038407643537e-01,6.551152088149545527e-01,9.573020084445638123e-02,5.589136340093302513e-01,2.902907523986161253e-01,7.636268180955891882e-01,1.991792536325781571e-02,1.644489219173216332e-01
2.108859219478589897e-01,5.636156843539208428e-01,5.063851011896456367e-01,6.599475829525293102e-01,2.608560661314633933e-01,6.592128340567167122e-01,4.595832498814253486e-01,1.624616790670373179e-01
3.046206477484280084e-01,8.250382713804532697e-02,6.532297561230920868e-02,5.751434992883412978e-01,3.605278440804453588e-01,7.217158525011392323e-01,2.168760430781813131e-02,1.639612955177300324e-01
3.870975832203348843e-01,8.036958755302425761e-01,2.387154254746695625e-01,5.043049146563709506e-01,2.766302882773101213e-01,9.783460048711659640e-01,6.159983949188170271e-01,1.619139425977983993e-01
2.188481888189159619e-01,5.974252518740709172e-01,5.796918146571597985e-01,6.326015453800338806e-01,2.117021033785179418e-01,7.792571531756122827e-01,7.908550299466181599e-01,1.621849778929745078e-01
2.249763119220430374e-01,3.694031866769267314e-01,5.156751420486865856e-01,6.069879000839497607e-01,2.555078891436343147e-01,9.709534483897170887e-01,9.200166903657348572e-01,1.602558910246878188e-01
1.738061516244114590e-01,3.124699195551726150e-01,1.764206470911089120e-01,7.639551761926494100e-01,2.997978780642524543e-01,3.591913020515623556e-01,4.050517566237223921e-01,1.631824906419407639e-01
2.319240302180492208e-01,6.890580644737291927e-01,5.549296234062264244e-01,7.414041846670438307e-01,1.637840436940247446e-01,9.829127461120936715e-01,9.269854774982932977e-01,1.613417235274318129e-01
3.159469260124915246e-01,3.171369114878376250e-01,1.457416738241434917e-01,5.830857403125596639e-01,2.692744685665576232e-01,8.940591855344266481e-01,4.677984152606929347e-01,1.634121221755313880e-01
3.043554026146957359e-01,7.982654326077338602e-01,5.059692757962352960e-02,7.988341989621881023e-01,1.654883594633925759e-01,6.648853725435533990e-01,6.545695686413186554e-01,1.625417569722253930e-01
2.512908040553877287e-01,9.985759118037156323e-01,6.827523241627053707e-03,9.050581584547396918e-01,1.738059431789221454e-01,2.246736882815431047e-01,7.136514171546797236e-01,1.634200606774397213e-01
1.129819995331192567e-01,1.923091257687693512e-01,8.349325270335756777e-01,6.768610347416829098e-01,3.157678795451592801e-01,8.218841650902264373e-01,2.617763252559762721e-01,1.615931065811196943e-01
8.443315154511479848e-02,4.183932964725062265e-02,4.687149102433229020e-01,9.082970833618417839e-01,2.607160053674818512e-01,5.453339929792428986e-01,9.802066725394673607e-01,1.582453820078885132e-01
1.955869232184383466e-01,1.247949865608936060e-01,1.739865406183251362e-01,7.388780375682179047e-01,3.575201537374538274e-01,5.204772834845029506e-01,1.862757220556093829e-02,1.621309796786819246e-01
3.129961826084882159e-01,8.564316266293876545e-01,3.570682065769651969e-01,6.111841554722052816e-01,2.018119353516804604e-01,8.928459824003890377e-01,8.997640543007374703e-01,1.606323792200839151e-01
2.675195855276742973e-01,4.316586124419002912e-01,3.322221326569325672e-01,6.372994502283958473e-01,3.045064959182524067e-01,8.698540999350458103e-01,3.492191147495668502e-01,1.620885723318558347e-01
8.314212208855001340e-02,1.471211541377482335e-01,9.260598542501496944e-01,7.450170938906962581e-01,2.981350391613391548e-01,8.033160771449845416e-01,5.340449834437517307e-01,1.605872406861827972e-01
2.628487541199520106e-01,1.524115845732521013e-01,2.584762034643915962e-01,5.534036508525638220e-01,3.280923304693882381e-01,8.559730350167944479e-01,4.644276352111185169e-01,1.614455391520618344e-01
2.081761884530623219e-01,1.839666474330750590e-01,2.065621969197074526e-01,7.015733456814777780e-01,3.457499231152439956e-01,5.409192436101192270e-01,1.750905681119001023e-01,1.629992301112971331e-01
1.563715856200628695e-01,3.657858948800658538e-01,5.672870664185032386e-01,7.650444700763008310e-01,2.453210787601748377e-01,7.980583277365548289e-01,1.943671751920440505e-01,1.635713047696498723e-01
1.301003738205335214e-01,1.187529989036208988e-01,1.525317923634831596e-01,7.951678283277646697e-01,4.076168850418041001e-01,1.113050253914572019e-01,2.327524173781862493e-01,1.642905646710231260e-01
1.499946156654166085e-01,2.576269412819042759e-01,5.263436633171997281e-02,8.976227706221936442e-01,2.893559513324450161e-01,3.238728844035072552e-01,3.525254312161341108e-02,1.637282846951897131e-01
1.255638933702579174e-01,2.654192603774523929e-01,2.434186908683495520e-01,8.812724670053140308e-01,2.578600538584299162e-01,2.820300383794791532e-01,7.733081934660099854e-01,1.608445105925861152e-01
2.404080960796225463e-01,5.887318791838482834e-01,3.829089644379908286e-01,7.625009690688829833e-01,2.049321131327966894e-01,8.957346500725609229e-01,3.516439063241352248e-01,1.628809181851734456e-01
2.163589410308952854e-01,4.228604891909063523e-01,5.102657395760124004e-01,6.231081693806768129e-01,2.526676316009429657e-01,7.401108231414949001e-01,9.341322460537933026e-01,1.600040993875153639e-01
2.249811746665907608e-01,8.461148641816971239e-01,1.220320541445911733e-01,7.772732795582962817e-01,2.732735699245920080e-01,2.354562619864662976e-01,6.724786460873266591e-04,1.630100100515257666e-01
4.005208999474721421e-01,4.346549822769725235e-01,2.386005031996968340e-02,5.776763210529625159e-01,3.440665014611035133e-01,8.789488552003594801e-01,1.812922771712972003e-01,1.618083078504932715e-01
7.566016768534539194e-02,3.457981393073239484e-01,5.023438778073220368e-01,9.516602821551691793e-01,2.700759316489041439e-01,1.888376687031266266e-01,8.157005097805444249e-01,1.595009228532065226e-01
2.242930039533907183e-01,3.646589159737873009e-01,2.770449018231572746e-01,7.863145391261557871e-01,1.951386638735284895e-01,8.831421578656766247e-01,6.349963035946100121e-01,1.616742488241117714e-01
1.821018812819202859e-01,2.187328895372209203e-03,6.961183018898947639e-02,7.051516405727971115e-01,3.927426718817446094e-01,2.933340545493499651e-01,1.558920611991072014e-01,1.639043878830537537e-01
1.587010792152319105e-01,2.390630191475144328e-01,3.853641316888909429e-01,7.762539508103427632e-01,2.918070636026691145e-01,5.590181350837075680e-01,6.184164956841214922e-01,1.603975176270279746e-01
2.517939569885763174e-01,3.292295667919201696e-01,2.109062284609341531e-01,7.083939531923602040e-01,2.780784661165446869e-01,7.531012142347133231e-01,2.640285805855596135e-01,1.634926501027561263e-01
2.772025981682929574e-01,1.180358582888988428e-01,2.583370991696215535e-02,7.215111964976367309e-01,3.009986374066020987e-01,8.570629496416296567e-01,1.839351505293950195e-01,1.611505226586456840e-01
2.242837506967950978e-01,4.260627178259747128e-01,6.231190252802165652e-02,8.926965591580784398e-01,1.720609759979547237e-01,5.634447941347421329e-01,8.598179189754106000e-01,1.604514317667193046e-01
3.675218943493198109e-01,8.689643626127847575e-01,2.832264658323586648e-01,5.388260101405805136e-01,3.219387506357462847e-01,9.278022757425581357e-01,3.477581845245047987e-02,1.631338346572001330e-01
1.019144699133717052e-01,4.900794569568264758e-01,4.950041947633205264e-01,8.948689241895452229e-01,2.767203723992094355e-01,1.110651992763653229e-01,6.280655478055170438e-01,1.617440228392909851e-01
2.963688442312870097e-01,8.307947548887391065e-01,3.107589508781155585e-01,7.213484404594087129e-01,2.101881908859553616e-01,8.249205451206547135e-01,6.629429807383038220e-01,1.616587189530805380e-01
2.188457462040048207e-01,7.489801881674127415e-01,3.018137363581460675e-01,6.626404996696734218e-01,3.066482122773383501e-01,2.791991394471812771e-01,6.653886594444313740e-02,1.640595543703215198e-01
3.872003367293543885e-01,8.073672553073056868e-01,3.330898582428796773e-01,4.211304880783260929e-01,3.210063595348502385e-01,9.582343555726823281e-01,6.334203364664225955e-02,1.651702873894205781e-01
2.794539982617837426e-01,2.450823740283373797e-01,2.533083475225481607e-01,6.513277084616168056e-01,2.983606645874740670e-01,9.926239191047647736e-01,4.961122875786341258e-01,1.616127112524870513e-01
1.627093924894936205e-01,3.135117003936197522e-01,2.478929478523334007e-01,8.145395607614784872e-01,2.571393795380957914e-01,4.207337111436487143e-01,4.176219658737809759e-01,1.641516216756781221e-01
2.013825938630320334e-01,9.454822210352207268e-01,6.638542264433675566e-01,7.486580743041570951e-01,1.593408811105536949e-01,5.430811459010939091e-01,8.073655000001558335e-01,1.614551176082798800e-01
1.044030034218386971e-01,6.079447856613229284e-02,2.044351895558914889e-01,8.296471689542653793e-01,3.879965011326628743e-01,1.293404533491859243e-01,4.976624260989966908e-01,1.619167949451999211e-01
2.226324867885219883e-01,7.778069363353271592e-01,7.276798220469276046e-01,6.220656821828390859e-01,2.328697594329735832e-01,8.727611703627273787e-01,2.038066020968352099e-01,1.642005401024942135e-01
3.239817609429226364e-01,4.483316719817629914e-01,8.231105899050961128e-02,5.461147506738989188e-01,3.239442653431101604e-01,5.641398390897391923e-01,1.583128921016252466e-01,1.646451534131033179e-01
1.097913263984137272e-01,7.496260153842254637e-02,2.204756847235906370e-01,9.827863357436716907e-01,2.745653369444274183e-01,4.807793042354011614e-01,5.128680329002645033e-01,1.609903166429675070e-01
3.127325382994267100e-01,4.514507946925653270e-01,1.245695686872161367e-02,7.182476236123480628e-01,2.570928094932927177e-01,7.414418850831552277e-01,1.313019649388021404e-01,1.619419780023811928e-01
1.932344265240719672e-01,1.438088144214937358e-01,2.263770200343085126e-01,6.642437873464910325e-01,3.527378780342433351e-01,4.578874429867452189e-01,5.075963383711796784e-01,1.613598459189390377e-01
7.861567436861144342e-02,2.883630974899102917e-01,4.283610838472238780e-01,8.773642963058857491e-01,3.781804933534410051e-01,8.500870529412801746e-02,2.424054642906513790e-01,1.622169513225195370e-01
2.542719907143372593e-01,8.224505158156643070e-01,5.521288059305362594e-01,6.573525453313902034e-01,1.969163346186250385e-01,9.832912140834569881e-01,3.626557431406599030e-01,1.634165959967565085e-01
1.541028569873076903e-01,5.270865088751972571e-01,3.152710926658254253e-01,8.337175970283825510e-01,2.230043315244664426e-01,3.306267586368073497e-01,7.239022193048454401e-01,1.608069653682541178e-01
2.028901997039317395e-01,3.943445184252190039e-01,4.482995882841633861e-01,6.853078757447370606e-01,2.299984458155458211e-01,7.449156761742047328e-01,8.600424333894018947e-01,1.609951578107188253e-01
3.121880025272197878e-01,3.306585481396152049e-01,2.456005970359366464e-01,5.810543031364620026e-01,3.093100898605140592e-01,9.915988214708930659e-01,2.433150152043425662e-01,1.638119390568567590e-01
1.914400587106978857e-01,8.017686394545441297e-01,3.827270340958559558e-01,8.163796700496923631e-01,1.722150404654045064e-01,3.291882304725918251e-01,8.355480945035574925e-01,1.623604591411924591e-01
2.158526753501633921e-01,9.838501120854089566e-01,6.176916052891945341e-03,9.560277028719417203e-01,2.011692067069978940e-01,4.793456447203914284e-02,8.362726283024302099e-01,1.613759151533304681e-01
2.456179169632170534e-01,9.483310993842450909e-01,5.053975935469444680e-01,7.017691085054125200e-01,2.087303125492704359e-01,7.469217777894561205e-01,2.550719535993337672e-01,1.632547876732549919e-01
1.294093192493165623e-01,3.216281932762243834e-03,5.128774611793842642e-01,7.605459137011898463e-01,2.830475285780377215e-01,7.553705697429907717e-01,8.926479372862528017e-01,1.600511996606021059e-01
2.169028697320752874e-01,1.432850535366786415e-01,1.519597536508247859e-01,6.718803443161848188e-01,3.231112455051238230e-01,5.862928643319654798e-01,2.982172360429299340e-01,1.630054733213673057e-01
2.321086137526948701e-01,7.121967256365480115e-01,4.725565876880215010e-01,7.173793976995062049e-01,2.195368721598381367e-01,9.291368944178561851e-01,1.167795043792976273e-01,1.630556775518685053e-01
2.335324218399311980e-01,1.968131111708146253e-01,2.358981162142461396e-01,7.040638808480531585e-01,2.865005077449131465e-01,9.282501563417508983e-01,2.806662957628851540e-01,1.612336607872730532e-01
2.810871080065835970e-01,6.098481267766249214e-01,2.378128584544166313e-01,7.470914885266063399e-01,1.934209088229436602e-01,9.132322459076908094e-01,5.675893230345258056e-01,1.632121647091593908e-01
3.050760936006634561e-01,9.565738044815594865e-01,2.562959825548171144e-01,6.638911835553829022e-01,2.504526265700734444e-01,6.404599051119310715e-01,3.365542210405186863e-02,1.633379983837580096e-01
3.628102253780480790e-01,8.917203361072162382e-01,8.509059338371532943e-02,5.735519729792055710e-01,2.534170589424279418e-01,5.315176669151239208e-01,9.240158212102317359e-01,1.609569159043851005e-01
3.235283747378019381e-01,9.723784110558398863e-01,2.251872362020720109e-01,6.335412150695152178e-01,2.698086328783220189e-01,5.782887891735273289e-01,1.873516451349516165e-02,1.650424920991560573e-01
1.737974835133239693e-01,6.180808073771647537e-01,5.686137713823190554e-01,7.757769320841911842e-01,1.887735909773333165e-01,6.317438659316603200e-01,9.805311467650124069e-01,1.588681781583377584e-01
1.592491592445092752e-01,4.843851376075919424e-02,4.710756197890094699e-01,7.440514908041647724e-01,3.123033987968900083e-01,8.139096207410621009e-01,5.382560485703473674e-01,1.610893572829504850e-01
2.701747377662750971e-01,9.448233707295806694e-01,2.237790499456915883e-01,7.275416770288397617e-01,2.169810999836897514e-01,4.290779168455939319e-01,7.227469761374323287e-01,1.611887224917273043e-01
2.050474195242057152e-01,6.737384055300683627e-01,3.515830015525748253e-01,8.200075426883467467e-01,1.778162183024403764e-01,6.229483025100954752e-01,9.274061658091612426e-01,1.590199458452644099e-01
2.860846757855829980e-01,8.026489291599315790e-01,1.264311649328484499e-01,6.756063386786780312e-01,2.635163162203870701e-01,4.139106201911043614e-01,5.760897654598111650e-01,1.627389694058519742e-01
6.562349823253349479e-02,1.627784210944410725e-02,8.591834163230771537e-01,8.195978243590565926e-01,3.055952881622922557e-01,8.142163097365755497e-01,5.777719583930545078e-01,1.603307370219156092e-01
1.713341693612860372e-02,6.044224817017479490e-02,6.816863806834927431e-01,8.936049032824571192e-01,4.351984635779722055e-01,4.383948992623909469e-02,1.030108337675998964e-01,1.624189472137704537e-01
1.288640063417784698e-01,8.238676786426624155e-02,2.453972793893768323e-01,8.741208533252602386e-01,3.131834103510792722e-01,5.301872725563482325e-01,4.336896342708447261e-01,1.606898964347670544e-01
3.513530071260734244e-01,8.981242210684675653e-02,3.905928400448777094e-02,5.935587352382225568e-01,3.503117850960704160e-01,9.144075627510315218e-01,2.974154859062529965e-01,1.607523733667330645e-01
2.959324433883722683e-01,9.721644807623379680e-01,2.498395547758487101e-01,6.456517991613762719e-01,2.366293567900767669e-01,3.868400428607834396e-01,8.782753630823152413e-01,1.614072990504681060e-01
1.922113126890214740e-01,6.542652966548379023e-01,1.778052474543252437e-01,8.841379466618380922e-01,2.258205235068375671e-01,3.268591077312460458e-01,2.252732130579502279e-01,1.642596575652882640e-01
4.670499690760837597e-02,6.348388959859985192e-02,9.422035546403541018e-01,7.684063162960953486e-01,3.654828760183881919e-01,4.816149259584743825e-01,3.391082258250232018e-01,1.609381525764241871e-01
1.820320555290227682e-01,8.709358208306112736e-01,2.781506518313221488e-01,7.870555127934187878e-01,2.924002762856090509e-01,5.870341385144617341e-02,6.157935046926077405e-03,1.636645234448912134e-01
1.933343691194240876e-01,3.183490319594808882e-01,3.233702287624204974e-01,7.997450495672444593e-01,1.960819291939402409e-01,8.230726500510268107e-01,9.774461961669000942e-01,1.586364735950850091e-01
1.406129214509986847e-01,1.236132492428321239e-02,3.444946880473785944e-01,7.356801496586059530e-01,3.033454161654631775e-01,5.801058595502016635e-01,5.384237144935443142e-01,1.626583194626292084e-01
3.801420413300935497e-01,8.917504493769478069e-01,6.117054636006352686e-02,6.899834535025706206e-01,2.281429921530592209e-01,8.840538474907866373e-01,5.977351098276106889e-01,1.617959000108216416e-01
2.792474066867405846e-01,6.880256515802751771e-01,1.779972446014350396e-01,6.697095762772655725e-01,2.813245170540288886e-01,4.769429421196204055e-01,4.897574933344217563e-01,1.629180099342197874e-01
2.237874837862700306e-01,7.165473358143376048e-01,3.427023226163112279e-01,7.181756375864414288e-01,1.935453386761619432e-01,4.751677650745588788e-01,7.173904348991448909e-01,1.628003315289811015e-01
2.601996402731711622e-01,2.107836020512362518e-01,1.320438521499507634e-01,6.571508127243966824e-01,3.131496802679198388e-01,6.843968462374395711e-01,6.024772030679614865e-01,1.602872284828023020e-01
2.226069186541506373e-01,4.999601532027614370e-01,5.400351812091999104e-01,6.187143576924157840e-01,2.810703096489639563e-01,8.891956596318066897e-01,2.781956312154296174e-01,1.619087353908431892e-01
2.025075967569443525e-01,1.518772425418346561e-01,8.241203190033580261e-02,7.668305659374018424e-01,3.092510767038378905e-01,5.948933067262752727e-01,1.114032501037515166e-02,1.614808071718999427e-01
2.664059178335098643e-01,7.608504784409342303e-01,3.364787584341930038e-01,6.740847471292349402e-01,2.420309441347642254e-01,8.158557151775879257e-01,6.659900760618364668e-02,1.632943953899380074e-01
4.372914984138201455e-01,8.021063470714050458e-01,2.478957957137539747e-02,5.944663972713837286e-01,2.214382079894349764e-01,9.151816567660020496e-01,9.127055692208354554e-01,1.628256007794799676e-01
2.050268580752905856e-01,8.380771895205234578e-01,8.981189179939352840e-02,8.552489089823875901e-01,2.866963198157219672e-01,1.085098896714153383e-01,1.572581238892657995e-01,1.640758425464543535e-01
1.782768647380112148e-01,2.997459259644280616e-02,3.657370658244818995e-01,6.543503511906837433e-01,3.306160517299691071e-01,7.249736433955675796e-01,1.670729594450587330e-02,1.636358527205351576e-01
1.748645869790746432e-01,2.114084852551175731e-01,3.997529701797188917e-01,8.007190051106725104e-01,2.751031671351474861e-01,8.768154938766012929e-01,4.358342991022275403e-01,1.598945977130067919e-01
1.762556918235508863e-01,2.493461842590656841e-01,8.604489787535934964e-02,8.510698300529031535e-01,2.880560940113719992e-01,3.669098148233032042e-01,3.400548604293597288e-01,1.633604760296021863e-01
1.840711403412732539e-01,4.601587998522464473e-01,3.464489342718004572e-01,8.391561455669573899e-01,2.319455513237359545e-01,7.111232143587248311e-01,9.654932562485124548e-02,1.629364039287147792e-01
2.805267917698360258e-01,7.009187079382035446e-01,1.088344202207658373e-02,8.318487318918232898e-01,1.853177762219585800e-01,5.830755212331770743e-01,2.333902645231349104e-01,1.631723291494623918e-01
1.650116097816384797e-01,3.850969222194999264e-01,1.356531810854785247e-01,7.457092905313048581e-01,4.213044815468570681e-01,6.195122111235806805e-02,1.851239527067693458e-01,1.625168973930336547e-01
3.072733551914355599e-01,8.791619705576318999e-01,2.317858541815068785e-01,6.430526808025126551e-01,2.066252117146321343e-01,6.289571578914803229e-01,7.454503467372330938e-01,1.616623064450300462e-01
2.035046956118041206e-01,5.629992812093106425e-01,4.189752414047350215e-01,7.603758221821623753e-01,1.972758811251726363e-01,7.128712331796671631e-01,7.114288154076005011e-01,1.610069625786870462e-01
2.743543685111150543e-01,3.501501504356131500e-01,7.171037567071930630e-02,6.755995654239732584e-01,2.949771952634788197e-01,6.004215130454116922e-01,8.145549710772853613e-02,1.643060842449136361e-01
2.441899070911363878e-01,5.324295675096544223e-01,3.380943219187632631e-01,7.338694370258668220e-01,2.097469986932186670e-01,9.097835866489826229e-01,4.888924530217349518e-01,1.623521679463150180e-01
3.246625645934098636e-01,7.556081278357102970e-01,1.746359020035178622e-01,6.456456450866466801e-01,2.230869387805547999e-01,6.853459558079390002e-01,7.119343191335845145e-01,1.620566365508962492e-01
1.404092692371833873e-01,3.597842453022516152e-01,6.516681625675433409e-01,8.196167009567292272e-01,2.213028326844441451e-01,8.898709820827194195e-01,4.021937158772408982e-01,1.621099454822453600e-01
2.459421020044032236e-01,9.892664884903122902e-01,3.665997961322033372e-01,7.407538194312459634e-01,2.424074588454904755e-01,4.242132090335141714e-01,2.725423842697182186e-01,1.625223826186224241e-01
2.378642855534357781e-01,8.996694269811090772e-01,9.789939564689147389e-01,4.534446141085567428e-01,2.953207964326317048e-01,7.322613325301201570e-01,1.471413508082314303e-01,1.642894465352879307e-01
2.433578962021997194e-01,6.501859791279757106e-01,4.671473459298911002e-01,6.827279718935923558e-01,1.865940440188842697e-01,8.786829247194187786e-01,8.746973428622240032e-01,1.608681733444301265e-01
2.342565970521782448e-01,4.324875919461561580e-01,5.232869288836559107e-01,5.658107177630382623e-01,3.351383727120120781e-01,9.214690002090111243e-01,2.010466168799951991e-01,1.617289053044842773e-01
1.990940005165345306e-01,8.005791054421405040e-01,2.292353693735012798e-01,8.893117142729800584e-01,1.630838708125252334e-01,3.940232872949939735e-01,4.431256184045642144e-01,1.628867319084996712e-01
2.052432422446137383e-01,8.021641347044022874e-02,2.384417991478386678e-01,7.273283187903635261e-01,2.442135403536796479e-01,7.245008525809411015e-01,9.035143847768170033e-01,1.606271641263474492e-01
4.110483726045099928e-01,6.962917842137723579e-01,1.555199034999325269e-01,4.630375282318511809e-01,3.209519508524756870e-01,9.541191774736319520e-01,1.763591333675501027e-01,1.643078688473325888e-01
2.414168117251536960e-01,7.862547668382988686e-01,5.786286652482306447e-01,6.964815956016165988e-01,1.674100067997331687e-01,8.915150064906036675e-01,7.888680248665329575e-01,1.620759424022190365e-01
1.254100755578426707e-01,4.746308061734470507e-01,6.303438313191189746e-02,9.637235923452167619e-01,3.217589769466635552e-01,4.664355536738362673e-02,3.608800596254988502e-01,1.629785097844358710e-01
2.849590460591715502e-01,2.549890916731214485e-01,7.278912741648702056e-02,6.928561350721350598e-01,2.405481977886431422e-01,7.624664481736986854e-01,7.035818531312949542e-01,1.619987788117152050e-01
2.710872427499891324e-01,1.220753200047348108e-01,1.840604543811217020e-01,6.186553449935950910e-01,3.356705388453106731e-01,8.846827094575513417e-01,1.006579410084484927e-02,1.632724917040401236e-01
2.292053582055190719e-01,6.468320090264423339e-01,6.225739616012692101e-01,6.138432567800221618e-01,2.605753224551372593e-01,9.820497782251412788e-01,5.484239864552791222e-01,1.609815210280805542e-01
2.349149890349632175e-01,3.482324865023204152e-01,2.841365125299878391e-01,6.980156233878502814e-01,2.320139949823907810e-01,7.813317663258043666e-01,8.215441802909093649e-01,1.597583719837477323e-01
3.582371166414177743e-01,7.973833046362438504e-01,1.812082778655268456e-01,5.835468441781949123e-01,2.515717063877360715e-01,7.348864236111294357e-01,6.307472056800740301e-01,1.631452911884768431e-01
2.275449191019256190e-01,9.707078408243311474e-01,1.124554625481890002e-01,8.877103603701543832e-01,2.108457168557991146e-01,1.645204727691700342e-01,4.779334548391410697e-01,1.634740803953717847e-01
3.466170773247169712e-01,7.076512195996699228e-01,3.003674972217449946e-01,5.461846599569902816e-01,2.485317912387030870e-01,9.588675447310902600e-01,8.189467173471255412e-01,1.616164202899704749e-01
3.497624774211018917e-01,9.103455643023428134e-01,2.369685642228054057e-01,6.933611990339949571e-01,2.551963882914871085e-01,9.831324395944960326e-01,2.987974921524281235e-01,1.618268946373427331e-01
4.572098163957954986e-02,9.788011477635888413e-02,8.775608684805191739e-01,8.772877842895494549e-01,3.090364455660040699e-01,5.435637272345514859e-01,3.241058396619350690e-02,1.653669982275812189e-01
3.062624103316497481e-01,2.848129873616013219e-01,1.482447470831289027e-01,6.775071328093645873e-01,2.868080155470541515e-01,9.928193189046693456e-01,5.730920958682651500e-01,1.606856115433214771e-01
1.883553197174776539e-01,3.553055942972763726e-01,4.885393722344678613e-01,7.687110098536530378e-01,2.508594426946517131e-01,9.742563256369802804e-01,2.927908113055888717e-01,1.611679862723799372e-01
2.528802470551627102e-01,1.914678318371610954e-01,2.470572723928098902e-01,6.790358316505772374e-01,3.345454203284147221e-01,9.065752983076091898e-01,1.875198136634115276e-03,1.611586338483340652e-01
2.444347955400958949e-01,3.574390854345449453e-01,1.308876553771974316e-01,7.489484832321635643e-01,2.546882326053121481e-01,5.822356986526457945e-01,8.324308492487901834e-01,1.599838132027621429e-01
9.770889050365447193e-02,3.797591898556678114e-01,2.611306696607205713e-01,9.361511794322684432e-01,2.807320267469145536e-01,7.464810876411132057e-02,7.879383110463002993e-01,1.603768486232906854e-01
2.554788815510239952e-01,3.302678321854513044e-01,2.551007302879937377e-01,6.945606426547555889e-01,2.737664321898862219e-01,9.196445641210733157e-01,2.672253775827893030e-01,1.630216896994464704e-01
1.813875004095912291e-01,3.302391079961948250e-01,2.752625780838289238e-01,7.378305644936318242e-01,3.088310843902457581e-01,4.003939497880752985e-01,2.262502988236019252e-01,1.642679472135319119e-01
4.264890650350720014e-01,8.782147933344308655e-01,1.485220191055283412e-01,4.654698953175975262e-01,2.791889700242248251e-01,8.937469114529195124e-01,6.461410324263279215e-01,1.630358886663260953e-01
1.159951578813339379e-01,6.894672114993805057e-02,2.453840709905876494e-01,7.997884136830024637e-01,3.799790227801546072e-01,2.539841835513478308e-01,1.178604016508989494e-01,1.645969374495857007e-01
3.048281605175264808e-01,5.719715134158218639e-01,2.516691879616247407e-01,6.256387713683647656e-01,2.831312672939367281e-01,8.803415172464348348e-01,9.183541384310872635e-02,1.627366057465838567e-01
2.355200599355843361e-01,5.015272085768631705e-01,3.110362468228777821e-01,6.746321894202349512e-01,3.015945588906199237e-01,6.626018504322636060e-01,2.575114662708966606e-01,1.619392591206876564e-01
7.593185199000956898e-02,2.174148102689238415e-02,1.632590714935091558e-01,9.353645980100422364e-01,3.876098734454971328e-01,9.904803738105399935e-02,4.700285124572010642e-01,1.619424587092195555e-01
2.479258284262878809e-01,8.891597173356476924e-01,3.430025819136324761e-01,7.116455433495203486e-01,2.013409605783809120e-01,5.197304598496914618e-01,3.511997984566386233e-01,1.641396781083049594e-01
1.558268636558212683e-01,4.222322789936316378e-01,6.799384020990669741e-01,7.043182963258667328e-01,2.639150847627806384e-01,7.884799159879627428e-01,3.885912180958157602e-01,1.614206764725355514e-01
1.062294006157964155e-01,1.114165002827255946e-01,5.147527710666987000e-01,8.207562479360556162e-01,2.795103222813906663e-01,6.927907277741843783e-01,2.157888052495215980e-02,1.642968772909419450e-01
2.380987093626500961e-01,3.602247640976382614e-01,4.225669588405760457e-01,5.888150211684735069e-01,3.119166359211872352e-01,8.181605786010007764e-01,3.124859380474409587e-02,1.644821050864830880e-01
1.911334882445002714e-01,8.693550212171443636e-01,4.810160580375191786e-01,8.111374809289270127e-01,1.607901161611276497e-01,5.023717485258702986e-01,4.076604216096981759e-01,1.635134412335426113e-01
9.274435985766506241e-02,3.498944332760255960e-01,3.262946343686906614e-01,8.977693727514909350e-01,3.582731640581865440e-01,1.315608483923014216e-02,5.186356428276461816e-01,1.622530409676490593e-01
2.296849344388735281e-01,3.808762566420220708e-02,2.075592275168417211e-01,6.766702281410341691e-01,3.067515022643366729e-01,8.906086043678004271e-01,1.090784438162627490e-01,1.615565064937987683e-01
3.301805143185424507e-01,9.650579762889346380e-01,7.477711357365518507e-02,8.043515486419114957e-01,1.761072759298459300e-01,7.206486024772252863e-01,1.908639193301051584e-01,1.642929676950439510e-01
2.682533374158374007e-01,2.644270073633630536e-01,1.349108180494921205e-01,6.606753332981576410e-01,3.155765214578079014e-01,7.439386796239129129e-01,3.577349349744063378e-02,1.626143934720492290e-01
1.675890327239971667e-01,4.231828347217954089e-01,5.854159575440589514e-01,7.507015268675023556e-01,2.261300396567688109e-01,8.746165225140101196e-01,2.267754110032692838e-01,1.643736481538325411e-01
2.119395622841671323e-01,7.565828762624551285e-01,9.727470431593627787e-01,4.914292459313043260e-01,2.800744816613158217e-01,9.465837674556805137e-01,1.239297110545156677e-04,1.639373782489521036e-01
3.138480529326785895e-01,9.000904445128528053e-01,5.025120396266075096e-01,4.856208356341241705e-01,2.811634365133544589e-01,8.374166666554985206e-01,2.698966642717591791e-01,1.628844404521433975e-01
3.329085691750598985e-01,4.855830006887397188e-01,5.800545692940695108e-02,5.538329510826894841e-01,3.490704940595201200e-01,5.686327022104836759e-01,1.364332887143951401e-01,1.627679352488938525e-01
1.553148831871132840e-01,1.940186706817750850e-01,6.321141342977533162e-01,6.847105157408212017e-01,2.649174328530434774e-01,7.898560170597965779e-01,8.973359472801800685e-01,1.602489923511071501e-01
1.349894203204639598e-01,4.345186585552205383e-01,7.480728162228202915e-01,7.583709655522871129e-01,2.197648706053894063e-01,7.466455357741660359e-01,9.783464637035532707e-01,1.583936190279800760e-01
3.759367924344810263e-01,5.019446975929031662e-01,6.816316988199033755e-02,6.559940861318860339e-01,2.655019548338555246e-01,9.509496146231779523e-01,5.826642203198123537e-01,1.622095456418119475e-01
2.343292968488788486e-01,4.997862222685089950e-01,4.251320966566686788e-01,6.419516024034455093e-01,3.020915759512628473e-01,9.063245222307003690e-01,6.218593682947676227e-02,1.614516197711518275e-01
3.142199071153902734e-01,2.911450650993889777e-01,1.715723966129954203e-01,5.526588094910893645e-01,3.560687596503430696e-01,8.620538067515698399e-01,2.975613932392712213e-02,1.617639752056059255e-01
2.031023091808839831e-01,7.019726238173331634e-01,8.544471533696802457e-01,5.715943049706178058e-01,2.677991355402851159e-01,8.668532286933231523e-01,4.760923028205502616e-01,1.616669186975452921e-01
1.960149035484836655e-01,1.431051376907062633e-01,1.313289344066573272e-01,8.458376365029542931e-01,2.565754850399226683e-01,7.306122238986690887e-01,4.698655049310029308e-01,1.602603119609904425e-01
6.989393173530900061e-02,2.118497678974062826e-02,3.436451473853096017e-01,9.306617558212832986e-01,3.168404186613742457e-01,3.498233864796500558e-01,2.874108414411004619e-01,1.630190870656283153e-01
2.904227913900900293e-01,8.297726427752565304e-01,6.713636739740069803e-02,7.318292657830314241e-01,2.420778511461837978e-01,4.877209957042959454e-01,2.978635709729976488e-01,1.633046182947049396e-01
1.018776389356773615e-01,7.007739949023022996e-02,3.820380003182336504e-01,8.203378860860752742e-01,3.064037925776584848e-01,3.939754114238889215e-01,8.919696294396409764e-01,1.583397227902461346e-01
1.065398705926193096e-01,4.749221404298947791e-01,3.284125924337163438e-01,9.192587821069708731e-01,2.458594151217904089e-01,5.891748018904352513e-02,7.765487026382056346e-01,1.620316685592136097e-01
3.744309280153299002e-01,8.951654274785614263e-01,8.087127529107213109e-02,7.434078484480187710e-01,2.190779176228463410e-01,9.432310002354193923e-01,3.420283877516980819e-01,1.624924946870832665e-01
3.346137185801393854e-01,4.190995902740663470e-01,2.435983971028193862e-02,7.082656160929426958e-01,2.677853998925129875e-01,8.433469244238330775e-01,3.119881429063090517e-01,1.614637880189786212e-01
5.992714956636677193e-02,2.153358175350644776e-02,6.467761596776029354e-01,9.027426838653125341e-01,3.311295139720478176e-01,5.918139896569435399e-01,1.554260038218068241e-01,1.620054488790874658e-01
4.487829771941826418e-01,8.745065355812939867e-01,5.353460982209889973e-02,5.467706433249694964e-01,2.753484780020996614e-01,8.955340715753858927e-01,3.889456401016162523e-01,1.634750487141333752e-01
5.201982640839694638e-02,1.629280515868108958e-01,6.281768933509500608e-01,8.677544242960076870e-01,3.674798018946208722e-01,1.673418615969858858e-01,4.742968501611988241e-03,1.646373007690137280e-01
1.205928385615526871e-01,5.691750085791141833e-02,5.535969945908770784e-01,8.694406144211886955e-01,2.334204256448366988e-01,9.479564839138707733e-01,8.422314768561083298e-01,1.588777042351145752e-01
2.756518638835344648e-01,6.331463765145811662e-01,1.604094624248285639e-01,7.385342953568697633e-01,2.113311012114976184e-01,7.226783771173561632e-01,3.502898433264908240e-01,1.641734607414441216e-01
9.532279897894520293e-02,2.514387421957067770e-01,7.957491136836363221e-01,7.581248574161877363e-01,2.969824514265642645e-01,5.376884735940451465e-01,5.914871591703674270e-01,1.608604023263136562e-01
1.461868275331399403e-01,5.787585044947323176e-01,2.525288452221767788e-01,8.663067884758146597e-01,2.766270738798920492e-01,1.309189302706017521e-01,1.363819918421088628e-01,1.641969272245217826e-01
1.689408684058845145e-01,1.621815285045947741e-01,7.524462533094578021e-03,9.337144500550752513e-01,3.120419111848331539e-01,4.433097106551751043e-01,2.756178877165488261e-02,1.622643701181982478e-01
1.032584377924771063e-01,3.097707917748934170e-01,2.971577663841111772e-01,8.997610814010503777e-01,2.910305028765624025e-01,2.096424342898174364e-01,3.165124990254855053e-01,1.634630340146404071e-01
1.300910380431489488e-01,1.241169681133480474e-01,3.862697034517841854e-01,8.377969506137151745e-01,2.701940303342483807e-01,5.965356211406304121e-01,9.189362403286285286e-01,1.576609309811095594e-01
3.458264299299730338e-01,7.087162881137268888e-01,4.324088396782402866e-01,4.092539403220892269e-01,3.259645762932843471e-01,9.272541307341535255e-01,4.242509798443865887e-01,1.629499439547302531e-01
1.276938136327464557e-01,1.375910631538269646e-01,1.456579751097713260e-01,8.250013532427153962e-01,3.914933091152716371e-01,1.899587110350621222e-01,4.018387758684588418e-01,1.616751762434361084e-01
2.855334893308438260e-01,4.870449991095019970e-01,1.510480057669455478e-02,6.869170446107512040e-01,2.568855720467255188e-01,4.608877101842821511e-01,9.593865956447404919e-01,1.594928880857829356e-01
3.086066528314673207e-01,9.464730996204169244e-01,1.989147860364641751e-01,7.342213729484203810e-01,1.951321591905577635e-01,6.983845435977306115e-01,1.521311022051984874e-01,1.638610976182870438e-01
1.707180335135929650e-01,5.315554477857927784e-01,6.683900481026430196e-01,7.418683493692306286e-01,2.105811410826268770e-01,8.583218182071619129e-01,4.600378440420826998e-01,1.627664472808188212e-01
1.452255811010209063e-01,6.854993209602312509e-01,2.213111561426046314e-01,9.584231133206582154e-01,2.437990336959413584e-01,1.305402024461587707e-01,2.534002444201787219e-01,1.645335556774190910e-01
1.716651642655646903e-01,1.499226062524436909e-01,2.592771561849248618e-01,8.528080953103549522e-01,2.524729159703989478e-01,7.904228576726796129e-01,2.854019074139774736e-01,1.610003799760342524e-01
1.932139664957195357e-01,8.253283836465961087e-01,9.852497262760180341e-01,5.966930181698359981e-01,2.560170139472547346e-01,6.761683584613532583e-01,1.520744053952911012e-01,1.637430763261780997e-01
1.315921518087629083e-01,1.665326855666253714e-01,5.497438231275810772e-01,8.074182407819389118e-01,2.918702599407558829e-01,8.252505827417084827e-01,5.342762138209872225e-02,1.627550511490304663e-01
1.246299790559124432e-01,1.461589533838980604e-02,1.124738660108610122e-01,9.844311202194306887e-01,3.020155921778689412e-01,4.522572540304431454e-01,2.289600400224775512e-01,1.617889373353334215e-01
3.700687616212604003e-01,6.211807324979674583e-01,1.842860154030570852e-01,5.205727687068021359e-01,2.720596706940213161e-01,8.151631947492672392e-01,8.032275434953849436e-01,1.620220100590896717e-01
2.057115841484998264e-01,4.370898414724693759e-01,2.442492200496851062e-01,7.604759690593436705e-01,2.362487785887900094e-01,4.674209253259579144e-01,8.675205455930690146e-01,1.599293073178111313e-01
2.842127345677403216e-01,3.403144157567689065e-01,2.035337984597680172e-01,6.103817063409966437e-01,2.855009661368209106e-01,7.819341910689687758e-01,2.837237030319432196e-01,1.630095970916270731e-01
2.603254566986467622e-01,5.587370398285499418e-01,4.282295578935311209e-01,6.662976082066217609e-01,2.195077931386923697e-01,9.163639348658254580e-01,7.399048183404851597e-01,1.613542615381915180e-01
1.994701398733296216e-01,1.810595822788306219e-01,1.418378078105131390e-02,8.214508296755892447e-01,2.836222438088417674e-01,4.654728440670373724e-01,3.446316952057454919e-01,1.616597237278088461e-01
1.024184527312617804e-01,3.308181752625659611e-01,4.185890469259778701e-01,8.307424167516368474e-01,3.047824090150064724e-01,7.631316339650090486e-02,9.073135458564045575e-01,1.595557883471460103e-01
1.667747991204137081e-01,3.504016011503264805e-01,1.167065317468465868e-01,8.613006512971776996e-01,3.152494404993985144e-01,2.874018284734223827e-01,2.412630941684539565e-01,1.635486226585648184e-01
1.672105081551857608e-01,9.399204714611114619e-02,9.003703568280341241e-02,8.540429974183914030e-01,3.048068357184378629e-01,5.340674965434291099e-01,8.727254435000525445e-02,1.611402321455366327e-01
2.652420039513377903e-01,3.490447648554628746e-01,1.996780589385587501e-01,6.671796522926786155e-01,2.883862463194220571e-01,8.232124064144501485e-01,1.198856457052256408e-01,1.619489447379575398e-01
3.602907179055142572e-01,7.591357788330130862e-01,2.721020993809202260e-01,5.116819582743347139e-01,3.144548958966794650e-01,8.353779214575056677e-01,7.251666641431586680e-02,1.633111579688348303e-01
1.379535600968956333e-01,3.083491793179396478e-01,4.293773460547364862e-01,8.508293582504586894e-01,2.367778412030319135e-01,5.589582546406324237e-01,3.662794428827428339e-01,1.634385303575594806e-01
3.714164595886353948e-01,9.768359059384605914e-01,2.335244541382353878e-01,6.007806218717740565e-01,2.553276057887245987e-01,9.149193249318748888e-01,6.195526536628537251e-01,1.614467232690128817e-01
3.433084652801697834e-01,6.959255914947167776e-01,6.480238944131239132e-02,7.584813084187702614e-01,1.616654624628317549e-01,8.525174164452835601e-01,9.631624117218151593e-01,1.600545057795022263e-01
1.391918771381402131e-01,4.780922695985885262e-01,2.971844498152894642e-01,8.645042258241845134e-01,2.578210069719536479e-01,1.499750693264086943e-01,9.836071393825118747e-01,1.600579947300644068e-01
5.201086527814119398e-02,3.155964302371072616e-02,7.389644700858470916e-01,8.674104867786600614e-01,2.951795464358177856e-01,4.763065176542680690e-01,7.006537067523468387e-01,1.618861046945184456e-01
2.467524251957466108e-01,8.303507943901142774e-01,7.198633494390682674e-01,5.197714961776852549e-01,2.724485255743466228e-01,9.368508012642204896e-01,8.914951906581064511e-02,1.634140853461201193e-01
2.319906018823416072e-01,9.118948427676271118e-02,2.547185392823057004e-01,7.340371135657142165e-01,2.897961862725387805e-01,9.551952428108609894e-01,7.425595776334193987e-01,1.597033063261250885e-01
1.093059165277775746e-01,1.677726778400334684e-02,2.876813517980976176e-01,8.778674273659254901e-01,2.748881088521544780e-01,4.889421947181243899e-01,6.726856936614646898e-01,1.605666887797734255e-01
2.058622695530200608e-01,6.068566096147909317e-01,3.805762118265159644e-01,7.509169292352936287e-01,2.284016199161972849e-01,6.717753013288572106e-01,1.522177922855884602e-01,1.635173158139178462e-01
2.280681031312508378e-01,2.679922059656560385e-01,3.804010516359868088e-02,8.308689513342095712e-01,2.675611418168421518e-01,6.531630066256401967e-01,1.369953605217056336e-01,1.623930607654105185e-01
2.280207106053483979e-01,2.267672382551710886e-02,1.197094540042969446e-01,8.018669629392839449e-01,2.329872056217444087e-01,8.505679751278570899e-01,9.137731394631029014e-01,1.589750701231146257e-01
3.492837076411782204e-01,9.892999383155718363e-01,1.316789235909997802e-01,7.267740116974915621e-01,1.320688927635308152e-01,8.741239000742746512e-01,8.852511133727003489e-01,1.626748410804269296e-01
2.530935058872130217e-01,9.521102897401316767e-01,9.999151115777897836e-01,4.406147376157493745e-01,2.760489446710155392e-01,8.566133060578351444e-01,5.084753385543357984e-01,1.631190746965859861e-01
3.518220207615126438e-01,3.447219438822137216e-01,3.940494506075509218e-02,6.138257052668545377e-01,2.785991077861298959e-01,9.444226851122073940e-01,2.049155201125602010e-01,1.631693761595918724e-01
1.310366912739483469e-01,3.674895901988292080e-01,7.921941238717826739e-01,7.101122695631831849e-01,2.734173284610968979e-01,7.528510894527753461e-01,1.521750762785883393e-01,1.644184963068394123e-01
1.510658359108864313e-01,5.039082401696538538e-01,3.686318301658788599e-01,7.665539574160035174e-01,3.002898892452246504e-01,2.461853066853348926e-01,1.865081722767569783e-02,1.650149028357466574e-01
1.568726030596332699e-01,1.480009800735981873e-01,5.548570616266964572e-01,6.709173927212642718e-01,3.022587952453740234e-01,7.445210964235060569e-01,5.415600842720270647e-01,1.613833559796396255e-01
3.172126198729887103e-01,4.430443931498915244e-01,4.744089525159034260e-02,6.967512333099494803e-01,2.096471147690359971e-01,8.364604258632408751e-01,8.035331953430595586e-01,1.613335971139463754e-01
1.761002007850029361e-01,7.599966399234596715e-01,4.632796561767481558e-01,8.159596688730126335e-01,2.064964913940739721e-01,3.829718887998638799e-01,7.457463016210880147e-01,1.601683563923408382e-01
3.618350388660065420e-01,2.313943807355720583e-01,5.532919473839603697e-03,5.473189165186198579e-01,3.343855683119787425e-01,7.467885915725290813e-01,5.396044252559559773e-01,1.613430293492289225e-01
2.015084011708461187e-01,3.928586714969103388e-01,6.391945010124079340e-01,6.150345086803827854e-01,2.889572911636617003e-01,9.955087797343451506e-01,7.658596753815971603e-03,1.645191988803851590e-01
3.339579639003812939e-01,2.790102254578962215e-01,4.129759980709590828e-02,6.085997046920484932e-01,3.078880039733475904e-01,8.212962530233356429e-01,4.590173956175462311e-01,1.607627182049607417e-01
2.801328067621962070e-01,4.572291158105660225e-01,3.331371292810346718e-01,5.990358602451667513e-01,2.671270007833032034e-01,8.968015798657820170e-01,5.284389337821746579e-01,1.617188093699626072e-01
1.250230473470082815e-01,2.276543407912096084e-02,5.336503864301749278e-01,7.082892959019880808e-01,3.278660897381402983e-01,8.111856859317951862e-01,3.318787680007933560e-01,1.614126953810653131e-01
1.207340204846422127e-01,5.513178329712353776e-02,1.999550688873209803e-01,7.897000820896763473e-01,3.921172935703626794e-01,1.752162617797216049e-01,6.424572154028157511e-01,1.610165669312235426e-01
2.068838589677293727e-01,9.563723237171448677e-01,4.856283729746034838e-01,7.922796883599712015e-01,1.369721907885474432e-01,3.691238567925569924e-01,9.529163258025279415e-01,1.617901844263010258e-01
2.220999091352339472e-01,1.613630867901584831e-01,3.933303656905324797e-01,6.145678608318121405e-01,3.149456754857894447e-01,9.898616703258601435e-01,1.792026667776014381e-01,1.633411837147153711e-01
3.055973296023629104e-01,6.835345265072413357e-01,1.311192595220260215e-01,6.162712427054257702e-01,2.700165494077748640e-01,4.874832140739863706e-01,8.024050099740001052e-01,1.605129725369636162e-01
2.543580609691688532e-01,2.360190268941574354e-01,2.908404260010865050e-01,6.599694300379549405e-01,3.107414854895803047e-01,8.931798317442745105e-01,4.777691771820519739e-01,1.609693344441472385e-01
3.381603288064935486e-01,6.053500292937510352e-01,1.199918993801591949e-01,7.138065261734145572e-01,1.838241931823796083e-01,9.222932968299970558e-01,7.662717005452321928e-01,1.624726772913238637e-01
2.908400938409213543e-01,7.857422820820181286e-01,5.210407251556420372e-02,6.484198739635953501e-01,3.130489229434209597e-01,2.673810025117699940e-01,1.787480033124539403e-01,1.637181514006009475e-01
3.128235565606527491e-01,7.550299974039578199e-01,9.751887770239914266e-02,7.237923966614170368e-01,2.080035994228394691e-01,6.550250087434656976e-01,5.512342894599355780e-01,1.636265323299906926e-01
1.865218346706768726e-01,9.132645242145963627e-01,4.171670947571992638e-01,8.293361676513065772e-01,2.004123637310824269e-01,2.637597686644726491e-01,6.674060869956811581e-01,1.612144145430286779e-01
6.878590739542980725e-02,1.841272167023125794e-01,7.951113533537479405e-01,8.026999711766565904e-01,3.312627761147683425e-01,4.839917239707612895e-01,3.168034885370667464e-01,1.611387178993499425e-01
2.936354188947877253e-01,4.017392734945682831e-01,2.616075916841213989e-01,6.317457078019790284e-01,2.631444102446756084e-01,9.590904565958207062e-01,7.814695086955740777e-01,1.600911686423060476e-01
2.170333911220251322e-01,8.496188656363579117e-01,9.797608540084866702e-01,5.213837229359832293e-01,2.483673351511044292e-01,8.966399840056307191e-01,5.675036214231304887e-01,1.611927389737918270e-01
1.447541858750043542e-01,5.699851883619458937e-01,2.126937463531057004e-01,9.460478852496723157e-01,2.499538188899450009e-01,1.566553906128481666e-01,8.100975866542750037e-01,1.598877373446459804e-01
3.458964539313598152e-01,9.264715664756506541e-01,2.950611638629442868e-01,5.786284426994658947e-01,2.352106784408399265e-01,9.662221274639753998e-01,6.255308827929264570e-01,1.617505792939689102e-01
2.254495646644306128e-01,7.163494208779193073e-01,6.139064044849176227e-01,6.812934663137474312e-01,2.325790843485416870e-01,9.189483697211173752e-01,2.775186077419389274e-02,1.633489551522054051e-01
2.896556066232729432e-01,8.949064186504285257e-01,5.981950049126966151e-02,8.276563640023669732e-01,1.744473668119350673e-01,4.984529368764344381e-01,9.573212150792158592e-01,1.605147524501223388e-01
1.898669296640066451e-01,1.756716412483295686e-01,2.474956312415227677e-01,8.045403903329322315e-01,2.682405717154699998e-01,6.544003431020494199e-01,7.693037419179723502e-01,1.601878307974128057e-01
3.493174109951775463e-01,9.957577562889743383e-01,4.036835299211868899e-01,4.927897241327955369e-01,2.870120884984793674e-01,8.613006746970233163e-01,1.734433763401522222e-01,1.629977144665586963e-01
3.479617128359134837e-01,6.829665342389399374e-01,4.764491517185331926e-03,6.808602355915255311e-01,2.875510061259507477e-01,6.203087677197492988e-01,4.153362089497396603e-01,1.621358587883306723e-01
1.414794577484568272e-01,3.772770807493127099e-01,2.442492768493818578e-01,9.348926330528967155e-01,2.256406504710572469e-01,4.811641109028746977e-01,7.260735014052410730e-02,1.639474140544045500e-01
2.301144983390251697e-01,8.740310107766102732e-02,1.099437998017458729e-01,7.117277415388119088e-01,3.515048820560613407e-01,5.856690260048679209e-01,2.520661093523923757e-02,1.636033662112383325e-01
1.398116588915088165e-01,4.753317639502263603e-02,3.129557627232736339e-01,8.136062336087837021e-01,3.135866535755922335e-01,5.518347840559518769e-01,4.346329695576593433e-01,1.607982279125917680e-01
2.273617988489206598e-01,1.601286996215215419e-01,2.021498086314042208e-01,7.422823671505779375e-01,2.833856020130456344e-01,7.602386065659844094e-01,7.722605500038879356e-01,1.590800241607486787e-01
1.977054914191184731e-01,3.059026141950216826e-01,5.708283317544399216e-01,6.163404500574153344e-01,2.755060810086017997e-01,8.769369238758535356e-01,5.858022814587677818e-01,1.614522301508190816e-01
2.647038668918217930e-01,3.070902944438439475e-01,3.650458726230166318e-01,5.587935450875319843e-01,3.049021915156950313e-01,8.366568912709491102e-01,6.449528039168642701e-01,1.613813374879213280e-01
2.762227071449775417e-01,5.242900267885464149e-01,2.948555401398348375e-01,6.047816758782061930e-01,2.828215835493332331e-01,8.312777464346419176e-01,1.870777542266746640e-01,1.632552136020072320e-01
2.685937474437115613e-01,3.789984276071890479e-01,2.011110857498724369e-01,7.204892130034896702e-01,2.657035914893769446e-01,9.277392802448637399e-01,7.671773308144741454e-02,1.634015062256972961e-01
4.172321462797772273e-01,6.040836480581608381e-01,2.037863971503048044e-01,4.340157404552189013e-01,3.188660035464602194e-01,9.984239332085456109e-01,5.453930785154638139e-01,1.631891705037693818e-01
2.034949818123498178e-01,9.647526541671074263e-01,8.888199576981742345e-02,9.429259488311320103e-01,1.800814768916453035e-01,1.444628503239809292e-01,4.786819798177004426e-01,1.636255778648510739e-01
1.694247150854870654e-01,8.288611053264044459e-02,5.475451793127972255e-03,8.480792114087756239e-01,3.192847719858840083e-01,4.112671127813661842e-01,1.581833261455179995e-01,1.630525826204203832e-01
1.268077670275860602e-01,7.999776794064838992e-02,3.017090943360433708e-01,8.162157803755334395e-01,3.257982297421695428e-01,4.674521668108215788e-01,4.244950655071182966e-01,1.607512046533829120e-01
1.294447751430494176e-01,2.201306099784106629e-01,2.955995046902002987e-01,7.735916617948038754e-01,3.890560655496403397e-01,2.302743871946469900e-01,2.393969631788935570e-01,1.623379867712949620e-01
1.085818556543794722e-01,9.856663178209656984e-03,8.516617225175954209e-02,8.422554872436510687e-01,5.092731524510019092e-01,4.325036253782332807e-03,1.230892496456336138e-01,1.631583462724588984e-01
2.827112842545888016e-01,2.944438584144101201e-01,3.065898030067407687e-01,5.214483564964859097e-01,3.308926011699548364e-01,8.817571535759475276e-01,2.995059380999191001e-01,1.619303818656347149e-01
2.391882256941906815e-01,7.141130975224492250e-01,2.172891626624530170e-01,7.295516894035157796e-01,2.320189179941485602e-01,3.727072687651937777e-01,9.780250337166656038e-01,1.589335126585993407e-01
3.140007961345210874e-01,9.880936118225289722e-01,1.937293262167695818e-01,7.586461476389954051e-01,1.850717463365459947e-01,7.063971367708830051e-01,3.521964982075970196e-02,1.648337830473973753e-01
2.833887630120912604e-01,7.317932228701020669e-01,3.695697844456795056e-01,6.121777928076498343e-01,2.145639425057968008e-01,8.666681316424649228e-01,5.702028429937702203e-01,1.630038534432191877e-01
4.311973631490315095e-02,1.487260928148232408e-01,5.761214186670169379e-01,8.793059400826893635e-01,3.755258145867276798e-01,9.208628205196250915e-02,3.930685245907086789e-01,1.621498068827758599e-01
2.572490537596595073e-01,7.017056558199841199e-01,2.051804606736050141e-01,7.376504119082050170e-01,2.008262817205233031e-01,6.085366692592291127e-01,4.749729108235316577e-01,1.633784523464150429e-01
4.032040630162340156e-01,8.732692406704322119e-01,1.233327410618454967e-01,5.711711531371057582e-01,2.993323464181991689e-01,9.001029105440461198e-01,1.171413888494027833e-01,1.638468787555856510e-01
1.850337326790461590e-01,7.498243815691512104e-01,6.340838064040366095e-01,7.627613080649782162e-01,2.194689325807563929e-01,6.393655544611905883e-01,2.143581757639365093e-01,1.629704786925297577e-01
3.871909348137905216e-01,9.617787988253605480e-01,1.940022061574699641e-01,6.167383783894648808e-01,2.009056764244342985e-01,9.874881955017587032e-01,7.852730267486003335e-01,1.633346928400208620e-01
2.472107819535100393e-01,6.890329593070230185e-01,1.104045898432189365e-01,7.774161187301692477e-01,2.096063057835906296e-01,4.511343429890535828e-01,8.250780099556016545e-01,1.609635205524184154e-01
3.047268329045884072e-01,7.489657550437416322e-01,2.052996479942126584e-01,7.383454972724232679e-01,2.017910430225637597e-01,8.926311474027586179e-01,8.914597375060773210e-02,1.645512088095660852e-01
4.843814295515558310e-02,1.954284722428509813e-01,7.588024691417440959e-01,8.731902393261827822e-01,3.254899303615516604e-01,3.205281177721870933e-01,2.675159918631938027e-01,1.627159258303126632e-01
1.706022972825350925e-01,2.239188084170749549e-01,5.526256957460367047e-01,7.047159850217609156e-01,3.057366666616648798e-01,8.709850540416868014e-01,3.868386598148320643e-01,1.606355783800297865e-01
3.147541417762086957e-01,6.440204916004725888e-01,2.055243215683673352e-01,6.298212365326554263e-01,2.520663646158207705e-01,8.403674238605169933e-01,2.104963048488356359e-02,1.643455408991967293e-01
3.059020134617486120e-01,6.907024904208267646e-01,1.110658418358181354e-01,6.314472856090644903e-01,2.873118759214313700e-01,4.608256666023780035e-01,4.211888864001422927e-03,1.656155987124107998e-01
2.433143658995497449e-01,5.698597404801112321e-01,1.357348438386245526e-01,6.802522519607431262e-01,2.870406676948519253e-01,3.736231166005651305e-01,2.058141658918605232e-02,1.652430635148493809e-01
2.685660689336709650e-01,1.120449220832511750e-01,4.531571929412259170e-02,6.931026080904592046e-01,2.767325679116335313e-01,7.626132167458836708e-01,1.542400872110546439e-01,1.642560611498900258e-01
2.228182993278363944e-01,5.675746004112670606e-01,4.531393832034947833e-01,6.720171406116222101e-01,2.165869333468364855e-01,8.207999805957701955e-01,4.090962040887097251e-01,1.632936694856430004e-01
2.469879166352372812e-01,3.416064556226489080e-02,3.848593719655735157e-03,7.047813214299982754e-01,3.299990193739021915e-01,6.113510837956780408e-01,3.441944576009902113e-01,1.616139942188236645e-01
2.242397114132915203e-01,5.655251723923870877e-01,2.495036109082766906e-01,7.806577655071398336e-01,2.456488872998297268e-01,5.780071159208544085e-01,6.102794707461288715e-01,1.608774134524709742e-01
2.500476417040103927e-01,1.975296051443972689e-01,4.412325604881811580e-01,4.937919664856832980e-01,3.807412976338951927e-01,9.273251776530671009e-01,1.120119439675254513e-02,1.630289239558784797e-01
4.009721289819179191e-01,8.028008447520647017e-01,9.597601427317248302e-02,6.007220418683216767e-01,2.397376005387087117e-01,9.306472516833976805e-01,4.409895167885025669e-01,1.648033478123171192e-01
9.345434122613394123e-02,3.358102138730282848e-01,4.834819003665183912e-01,8.702087636280452232e-01,3.020041060059807658e-01,2.484803531484159889e-01,4.472850224227523097e-01,1.607801792831334009e-01
1.782075506807569987e-01,7.487452484893948323e-01,3.702179142361601838e-01,8.700620871928186340e-01,1.764048015522863833e-01,3.330840804894657503e-01,8.411082039513877451e-01,1.612698615076129105e-01
1.856987524143049739e-01,1.847123641730468169e-01,3.954087502571706492e-01,7.529311659104073184e-01,2.533561139165264597e-01,7.702498689974466295e-01,9.295434612967586885e-01,1.596848467061287025e-01
2.524972598849692385e-01,6.428209437262901726e-01,3.790686294169657855e-01,6.436521725773786118e-01,2.349919000251001477e-01,7.657794411789327071e-01,6.472363192989747382e-01,1.617396141330957604e-01
2.086603418823697320e-01,8.457698226892055304e-01,7.111984565567730510e-02,8.492470013562810616e-01,2.838784805662777910e-01,9.619078172288320072e-02,3.389617709990211392e-01,1.622029020283091427e-01
2.569221438078944653e-01,9.900908510027719434e-01,1.673499064938588077e-01,7.410823755217722519e-01,1.852589374480265727e-01,2.232696023897977611e-01,8.987330886857712864e-01,1.620213861826401980e-01
1.520900680475994193e-01,5.181656629344757459e-01,4.397908409158387544e-01,7.959682237348422174e-01,2.726038409653498418e-01,4.228967880258043266e-01,7.023690627021095256e-02,1.638494699221735573e-01
1.535061773497038151e-01,3.346513081490520292e-01,6.867046347243421778e-01,7.445562312832822993e-01,2.755536345750562166e-01,9.592280252021567755e-01,5.644542030243782094e-01,1.599236456946511731e-01
1.865987719007467793e-01,2.470952297884290161e-01,4.589203650729892225e-01,6.644784932388791976e-01,2.627699658154206697e-01,7.016528108824121590e-01,7.309372765671349192e-01,1.619582390621405188e-01
4.301686952646924800e-01,9.654982042713232682e-01,8.208965655724298482e-02,5.281484560595901545e-01,3.154163178145819590e-01,8.095921485039777599e-01,2.908447116422175904e-01,1.634172293754296845e-01
1.835898481213143196e-01,7.682380255033843808e-02,3.858049694445475075e-01,6.560723129366113904e-01,3.241122077380140798e-01,7.632590944077868311e-01,6.835007275791248338e-01,1.598086244258431210e-01
2.210074966595670931e-01,4.309117286346256792e-01,1.158310007104882133e-01,8.617500699432749656e-01,1.710731393053134264e-01,6.501076663493100538e-01,9.982295860794831999e-01,1.586886885063369668e-01
1.265244298978736859e-01,3.974577156641964093e-01,6.347305124735261872e-01,8.538068375515999175e-01,1.945528215197732669e-01,7.295929439484338808e-01,9.426520166210770046e-01,1.586344961831941958e-01
3.044825492062998018e-01,5.011492872398856102e-01,2.887366890954774501e-01,5.293137473276221527e-01,3.035946139841518288e-01,8.730376140410758268e-01,4.451992128394555159e-02,1.632650518422419095e-01
2.781670875865641102e-01,7.285632194951453533e-01,2.484742544797041430e-01,6.050495429245255075e-01,3.068209922227816966e-01,5.231914707914885332e-01,1.166598446399802480e-02,1.636466207082684088e-01
1.331161396878257352e-01,1.728214403484459871e-01,1.824972811687839147e-01,9.161385981102090348e-01,3.100591309918219740e-01,4.224412139738845662e-01,6.237658041970978173e-02,1.623566635901218524e-01
2.769576729960349093e-01,2.104762773930435316e-02,1.597474547223085850e-01,6.216108164157772009e-01,3.507529096486174947e-01,9.558537163087845734e-01,7.151108640202702427e-02,1.628576989524243013e-01
2.981379450451650537e-01,2.324951757222485371e-01,4.808611910838067605e-02,6.987288722571114441e-01,2.876501003147111102e-01,8.782370959736880422e-01,3.483660878078858603e-01,1.599821358113256708e-01
1.095859851203243168e-01,1.897127386132921867e-01,2.517732690948231156e-01,9.123048603297080339e-01,3.455941132632786572e-01,2.005362798472369312e-01,5.789612866749405118e-01,1.603057402801382203e-01
3.109795268218046305e-01,6.384267143282501555e-02,1.828027934670499177e-01,4.708825113624041103e-01,3.830086031648539668e-01,8.961212118368591106e-01,7.433343207545867193e-02,1.630287585786591720e-01
2.363306175715672308e-01,1.455508904094316436e-01,2.645710538276653256e-01,7.044828380047499783e-01,2.963426866837008400e-01,9.506944815282408756e-01,7.502071755636696704e-01,1.590300572050868666e-01
2.114326463076984797e-01,7.493030058823313411e-01,6.942701795201124959e-01,6.194116986192959029e-01,2.296960440634933653e-01,7.009616973332073453e-01,4.818015888860109897e-01,1.632102713762127733e-01
4.327155531244560316e-01,9.612928090153806115e-01,1.114128658592654086e-01,6.217105201108333867e-01,2.710662186339144464e-01,9.961864585030852925e-01,3.536402438603199472e-01,1.641552350506050861e-01
2.831195991198970363e-01,8.443486867055636225e-01,2.359232965736566268e-01,7.031322331690209593e-01,1.643342722410270074e-01,6.349111909602441761e-01,9.401592074817002320e-01,1.611977620456580551e-01
1.572645697876726423e-01,6.982090691784638148e-01,4.163707756555249384e-01,8.101368726169544399e-01,2.651823039293244588e-01,1.464157437970867170e-01,3.836569638173736863e-01,1.638684328300011317e-01
2.291919106989219468e-01,2.550171755308519028e-01,3.726647676592397818e-01,6.511051330007973093e-01,2.428204511979810687e-01,9.562196781842274840e-01,9.225926501718433315e-01,1.600309291676123291e-01
2.548864718554595399e-01,1.859807073282454537e-01,3.748574406136201409e-02,7.327020754002840919e-01,3.141796690330324604e-01,6.592295550830427064e-01,3.500440536401507319e-01,1.605504693047857534e-01
2.601419386634932218e-01,1.290811479326922084e-01,1.130981338607627285e-01,7.040039951262040407e-01,2.976188153540864634e-01,7.328566734233197266e-01,5.425006950913384696e-01,1.613469972392257978e-01
2.472819729266346744e-01,1.089094113653708007e-01,1.783019614669839603e-02,7.153873312689387198e-01,2.831160945544352048e-01,6.016347666430466035e-01,2.226267321711729308e-01,1.638185033828962467e-01
2.871186971469016358e-01,8.956445081725794566e-01,5.225238869860332480e-02,8.071368816077939545e-01,2.095406612179234740e-01,4.308705863562345972e-01,5.600606549865454475e-01,1.617898184447154608e-01
2.028687812516369871e-01,2.916579698031548373e-01,7.923696761038112601e-02,7.464899289804839411e-01,3.150166046207467652e-01,2.948413885767041664e-01,6.248021647067678597e-01,1.617148159792370921e-01
2.020431014091969013e-01,6.501223568509786332e-01,7.715656779041706326e-01,6.256735068427078383e-01,2.505495864573508147e-01,9.912992032032055256e-01,3.149339656804416299e-01,1.628398848966856050e-01
1.658698908701306540e-01,1.438708925607454781e-01,3.613711004643395119e-01,8.238965111074180170e-01,2.429922454193601811e-01,8.959081514380891065e-01,1.328265099080322975e-01,1.638827697293396002e-01
3.032771248976622869e-01,7.160505596312689569e-01,3.878894195759013952e-01,6.056130768495890937e-01,2.281853051849726810e-01,9.685133250135199434e-01,5.924756923062541869e-01,1.619922904322286805e-01
2.179350209207664979e-01,7.118289014572007911e-01,5.507140794434253195e-01,6.488713582563205851e-01,2.759273579090354978e-01,6.292282139163589694e-01,3.814162879388427463e-02,1.629637573993734934e-01
1.902252454987519159e-01,6.720289016565399454e-01,3.787396853395260665e-01,7.738377623874592715e-01,2.289721686545425627e-01,4.728540220378310011e-01,5.029176076399569650e-01,1.620366197049021295e-01
3.755016082076314543e-01,9.712311429395523721e-01,8.718244839012512237e-03,7.722686736018017362e-01,1.764075513764197800e-01,8.663203849727239003e-01,5.593872214362357598e-01,1.622891806826296246e-01
1.724474084560684295e-01,5.062717669316582070e-01,4.644448825001310510e-01,7.642406446420060284e-01,2.084501134347815643e-01,4.890380282229999098e-01,9.542034944014892162e-01,1.601858673676368194e-01
2.625021884644165859e-01,2.775317258960440236e-01,1.455956456730347071e-01,7.473670541182060312e-01,3.037703616981253241e-01,8.417802961996299072e-01,9.038308464182215340e-02,1.613287285117069036e-01
2.570817057824556495e-01,9.059596493323629485e-01,1.729759203847060778e-01,7.844461148427173125e-01,2.332184930946449297e-01,3.095094872822060639e-01,7.026198052480012723e-01,1.615072150239619808e-01
2.321726127368401449e-01,2.143670689415716479e-01,1.927778207248828091e-01,7.513621752193497816e-01,2.523608584398926991e-01,8.913272311792294067e-01,6.349786953485834218e-01,1.603378559648340196e-01
1.975885565909955566e-01,6.546217568844170387e-01,1.102859137865922767e-01,8.954829029193999146e-01,2.098137717050940765e-01,3.386943418764698510e-01,1.595966034649946574e-01,1.637751898557469887e-01
2.231590649972574614e-01,2.952397485156320611e-01,3.381288492791192923e-01,6.297910302934289772e-01,3.149309580651081797e-01,8.258068908833144928e-01,1.214229865530767616e-01,1.615399291267657356e-01
2.652085446424092274e-01,2.223839443811800876e-01,2.021757177082127710e-01,6.624821552506354738e-01,2.946481208467335300e-01,8.218788451608427525e-01,2.014258235601296687e-01,1.637500209498317372e-01
1.963143403499496842e-01,6.068181574837034908e-01,6.861682388135466049e-01,6.889524106478713827e-01,2.207269420708988517e-01,9.418776585089088105e-01,2.034972822897005984e-01,1.641277866711645661e-01
1.800482780082228729e-01,5.959191760612339017e-01,9.247247169881963602e-01,6.084663769815943368e-01,2.626934849014853635e-01,9.753235730664226999e-01,2.367505782432383077e-02,1.642813447755205047e-01
1.805740406912993146e-01,5.856836594951817521e-01,7.842636089719405845e-01,7.033891407442066646e-01,2.214308557979382808e-01,9.819630688947917907e-01,9.125021281343925761e-01,1.585784452073454587e-01
7.361543209539064825e-02,9.203493279862140497e-03,2.537847080126226507e-01,9.109388609654218705e-01,4.141215127846873401e-01,1.149937262832039231e-01,5.901085079164914982e-01,1.614646848285485881e-01
2.893224458086467443e-01,8.282339065493953267e-01,4.057904075244251896e-01,5.880382997662819689e-01,2.254753838992025750e-01,7.331544019058360284e-01,8.724042497192546763e-01,1.615899694443501122e-01
2.319208380406409808e-01,8.366826643897037341e-01,7.505632277733861324e-01,5.308322603260547945e-01,2.835849646874373242e-01,6.787731591881537296e-01,1.962838809077760427e-02,1.643961485394734856e-01
3.909949244699119086e-01,5.415571541723405158e-01,8.918291531103994529e-02,5.690254531653722303e-01,2.651759283865062211e-01,9.714372386756637834e-01,7.237496806514187586e-01,1.626821453650911520e-01
1.803527835380609734e-01,5.257175319213389653e-01,6.473410408613586853e-01,7.306122184350863913e-01,2.319215149664091979e-01,9.098790892020642840e-01,5.065142007578964378e-01,1.615922411971310590e-01
4.319764124495367175e-01,8.062124564528625470e-01,6.464652993784292256e-02,5.964348441183739968e-01,2.451508280505950710e-01,9.728707363082904624e-01,7.378048040490761128e-01,1.615760194381107295e-01
2.897563832924784366e-01,2.144166008542320867e-01,1.454021025011645041e-01,6.361959341966983983e-01,2.886758183172339343e-01,8.522284711435830218e-01,6.703796081180435351e-03,1.637692285959024829e-01
1.060940105924816357e-01,2.449641635328775324e-01,7.481299076116434410e-01,7.214016882177748391e-01,3.095809926354144981e-01,5.586802161841963876e-01,3.791184699675791414e-01,1.621474035732383689e-01
1.825711129889603379e-01,2.509983330024894710e-01,1.442939438132978536e-02,8.660350107895281591e-01,2.892559861677773680e-01,2.933530684028485824e-01,6.443017920816194177e-01,1.614235637720959904e-01
3.725662234795313332e-01,9.594430464243159928e-01,2.116719226151370647e-01,5.647578436377833633e-01,2.414204139539160576e-01,9.044725374092448256e-01,5.454422783199888158e-01,1.628563044254910386e-01
1.031982996830566462e-01,3.945488013030884478e-01,3.905354992364924449e-01,9.229888957830920670e-01,2.772318055658033464e-01,2.300558711176001192e-01,2.813053470765627395e-01,1.641112960031702039e-01
3.627659794321261844e-01,5.848572995468379609e-01,1.233528555152695327e-01,5.321323617354166702e-01,3.004570719716461724e-01,7.715173434486823911e-01,5.112380184085286716e-01,1.627143869429219514e-01
3.276209384394992430e-01,6.519043285811536581e-01,2.760112774304990246e-02,6.767870192830521825e-01,2.636040901914092904e-01,5.250167426069035637e-01,4.606183544665470309e-01,1.633521534668733732e-01
1.959220071657319928e-01,2.176049966535598679e-01,2.373997789105143086e-01,6.796159363977900547e-01,3.016949221078398247e-01,5.356248647652348538e-01,5.569740103188882685e-01,1.615863521899045530e-01
1.209355161872499862e-01,3.815626832492930443e-01,6.404029132197551766e-01,7.510086447414741073e-01,2.736845104213918578e-01,5.384937130563340890e-01,1.473262630095005798e-01,1.636792263719100138e-01
9.418369546722756003e-02,1.586847813786553818e-01,4.471145201573313299e-01,8.809853497002944067e-01,2.732948668679361370e-01,4.488756169622892811e-01,5.894071671699785409e-01,1.622286928321850508e-01
6.578583368232476802e-02,5.296086020361956415e-02,6.294350752070398958e-01,8.509687515926191992e-01,3.285161984237299215e-01,4.053312871749780166e-01,5.063119126666013603e-01,1.610219484362926945e-01
1.942764402824334602e-01,6.146132844584334398e-02,2.152660021167678295e-01,7.371289661005133720e-01,3.294611579062285411e-01,6.387352465859010842e-01,5.641185718710506336e-02,1.623185007831909887e-01
2.023218255123098441e-01,1.488582748092328045e-01,1.080088804290961213e-01,7.344392818878539009e-01,3.235650724742573092e-01,4.109801431894735679e-01,4.288343577185750322e-01,1.620809938477226764e-01
3.091368563243755974e-01,4.573166536552502048e-01,2.473637753945516771e-01,5.602533648446432757e-01,3.111950437580509599e-01,9.611648989317661540e-01,2.275767899639915826e-01,1.618256280705338279e-01
2.962584722755403077e-01,1.630684639962151072e-01,1.864538147040555871e-01,5.776070362249789980e-01,3.300308877616933145e-01,8.438801005316125536e-01,3.400506073516733618e-01,1.621376797669420167e-01
2.173356306731365484e-01,4.755538330795727742e-02,5.718198956730058402e-02,8.033622915439592171e-01,2.796281495173572607e-01,6.399411346655019539e-01,5.532735190583076834e-01,1.614753216719708173e-01
2.435463049722086937e-01,6.205240134843558186e-01,5.501907784200900098e-01,5.660549799882717004e-01,2.651540220364619338e-01,9.213670752575748857e-01,1.197542888462897470e-01,1.634822665624869609e-01
2.355313997155285555e-01,8.589204018802203411e-01,7.066678535738950551e-01,6.116199743567414249e-01,2.007946206936132572e-01,8.872280587183569711e-01,5.991151390384665820e-01,1.620829640504318769e-01
2.096058682121474392e-01,6.942430324425123978e-01,2.357112838281952005e-01,8.518418593193173294e-01,1.900981320981833256e-01,4.783076378624663283e-01,6.803744648620572155e-01,1.611249978900844981e-01
3.684230960897031393e-01,6.821923722115723621e-01,1.822333670818723772e-01,5.565450456866801732e-01,2.636395436679099813e-01,9.385815261664210984e-01,7.261348878898158388e-01,1.618271925431713221e-01
2.656621621147289281e-01,9.498656489104972955e-01,9.032499859943634579e-01,4.086405777616110568e-01,3.235167963013982906e-01,8.538655020469463341e-01,1.324280881720063530e-01,1.622440024588327756e-01
2.417035589529578643e-01,9.591816608856094106e-01,8.306208426963082037e-01,6.072620481559621863e-01,2.215197671595931783e-01,9.473755982203508896e-01,4.941156789114341530e-01,1.618698177625302048e-01
8.228437675939970219e-02,1.473148756979217877e-01,2.369921801567130559e-01,9.742641071417534882e-01,3.895567782889906572e-01,1.574912364599033165e-01,2.275531098656371209e-01,1.617975110735543065e-01
3.653544148164910021e-01,8.501136116473201332e-01,3.585980889567401131e-01,5.013207261366987577e-01,2.946738299757685753e-01,9.522068341830023375e-01,1.214610691082422256e-01,1.645433286316071719e-01
3.315939064926322621e-01,8.942813657522817872e-01,2.817582075916531537e-01,5.523996310106003005e-01,3.058279799652677822e-01,7.499756559762207342e-01,7.352534285329526131e-02,1.626689474668701618e-01
9.678570603514363713e-02,2.024497094032796651e-01,8.468565004937409491e-01,7.204308543143790322e-01,2.970805535675388187e-01,6.926900864924575574e-01,8.160405792590369467e-02,1.652492265558554163e-01
2.839715327419705115e-01,1.064977941570973696e-01,3.513842356290103330e-02,7.369492831427262303e-01,2.934163808989991296e-01,8.373802738822975211e-01,4.345010034061245752e-01,1.601934634077658015e-01
2.202722175288427398e-01,8.210353753277777056e-01,7.543871657691875177e-02,8.961491977967823708e-01,2.156635364102671981e-01,2.003265544689364908e-01,6.852095035984621108e-01,1.623798916719466912e-01
8.683614175670673063e-02,8.283490340258220508e-02,8.153772459109165371e-01,7.782834689031608022e-01,3.225364484238094631e-01,8.230157501919184160e-01,3.090418270273607160e-01,1.619498253503816043e-01
1.441842840842721962e-01,2.388789640294083361e-01,4.004366935269308980e-01,8.680183295137867683e-01,2.278724210642632808e-01,6.805863860518132080e-01,9.407536154769322589e-01,1.576107810713271995e-01
2.848175875444235450e-01,9.446424990152098022e-01,3.204891929682718299e-01,7.096908401986107284e-01,1.945109596020734299e-01,6.814144757125419893e-01,1.758730720987565221e-01,1.644338668495022582e-01
4.190281146494308495e-01,8.392883194141775860e-01,1.150242630441090097e-01,5.200302092483245486e-01,2.992122972065055508e-01,9.335652355470357433e-01,9.369231658696602905e-02,1.640046382890015808e-01
1.023597718818164970e-01,1.753445612284271760e-01,6.073329808559033705e-01,8.141055443459569441e-01,2.710407153512686684e-01,6.066542381237290948e-01,2.954342409246554224e-01,1.639889228613554129e-01
1.097662713880446922e-01,1.603999736958282019e-01,3.602805248726106968e-01,8.071067211574141087e-01,3.173432094885850763e-01,3.213473526852438367e-01,5.717056825095575556e-01,1.611520064154875198e-01
1.715075753956367133e-01,4.482935603696429072e-01,5.952453296562204565e-01,7.816706599156828528e-01,2.114720484358880437e-01,9.879584437436045308e-01,1.611238237106391580e-01,1.638197611029962308e-01
2.293500653533888101e-01,7.223784131413100162e-01,1.719396049686007788e-01,8.311035615376226593e-01,2.123187591742951852e-01,4.333223154944156885e-01,6.440787335039224182e-01,1.615201383232184595e-01
1.171596379528830889e-01,1.114376076345116595e-01,3.255680519494494329e-01,8.294829694569418876e-01,3.370587620332304857e-01,3.203536205115629643e-01,7.757928845522212846e-01,1.601407841644401087e-01
1.739895915228573953e-01,3.427286756597248685e-01,2.203873898662659647e-01,9.184035163524804091e-01,1.756273418761225280e-01,6.227395865385039198e-01,8.441429688171162571e-01,1.606540362278582879e-01
2.451894110131287441e-01,4.938544782319857496e-01,3.300824821912559659e-01,6.792930236321059745e-01,2.464209925566441250e-01,6.999104642374174290e-01,8.136600188287679281e-01,1.603921855406405528e-01
4.037316832659418875e-01,6.715010044531721789e-01,1.101372551608315042e-01,5.349097787214819322e-01,2.527449102949301807e-01,9.653314003822359712e-01,6.862707871149070771e-01,1.629878177573750309e-01
1.794806088324991111e-01,4.531892550738800263e-01,2.249266289224411408e-01,8.329402892497802524e-01,2.128393076077964574e-01,3.927318661006342637e-01,8.605354071466735366e-01,1.608756554009438122e-01
1.260322618686643414e-01,4.188229803610181712e-01,2.063223203962851193e-01,9.008388251364274346e-01,3.598580316826541226e-01,2.907535519470949570e-02,3.893715231456863490e-01,1.629333855583605384e-01
1.256176260779174880e-01,9.366931458250021825e-02,1.597021923253904574e-01,8.768232940133245945e-01,3.147311611483362692e-01,3.430486709118951150e-01,5.214094539070742718e-01,1.619215929609235660e-01
2.642764246556409402e-01,4.643214902212237094e-01,1.984343733031768975e-01,7.059142982635392416e-01,2.141534016933088203e-01,7.564112011365213828e-01,9.774895384341630855e-01,1.587230407526875053e-01
3.719812964355236895e-01,8.901018177417867605e-01,3.128871443064392688e-01,5.155620574494812480e-01,2.920843299298114815e-01,8.577845970624979888e-01,3.930509500045323290e-01,1.637328035140775684e-01
2.565168610490272116e-01,9.819337216837151772e-01,7.050814266038818445e-01,5.755211299442735129e-01,1.747282325750545429e-01,8.196961313439212748e-01,9.150299478637603512e-01,1.611339235198527564e-01
2.956477782765473683e-01,9.052001065530130841e-01,1.308838812243060257e-01,7.007350663419495973e-01,2.494293633060681858e-01,4.893561072419282398e-01,2.395411615210192580e-01,1.631055255767153711e-01
1.250519228911283198e-01,4.194696627059057992e-01,2.861512803054469534e-01,8.310294852934564380e-01,3.579086142262152270e-01,6.158229700628159442e-02,2.977759336442509230e-03,1.647309171988745047e-01
2.459559232746566793e-01,7.702576814180737141e-01,2.947725387548029152e-01,7.239078412614800007e-01,2.585958582436234110e-01,5.188806485176723493e-01,5.714659909990593700e-03,1.632140673444776313e-01
1.509782754918552461e-01,7.402241699493579130e-01,3.168911427950019122e-01,8.856274199413891601e-01,2.331875962855805562e-01,1.030351850119397561e-01,3.377428034416527503e-01,1.638159207734110334e-01
2.574092932582611182e-01,9.222378656074512460e-01,1.621622222889182452e-01,7.002520614435184809e-01,2.837563349549580005e-01,1.442920821190766811e-01,2.700987318648566116e-01,1.645481488419948124e-01
2.032099060227444409e-01,5.706375061209515431e-01,1.208643238504278350e-01,9.131307016693412937e-01,1.481246990134031938e-01,4.460592692531651915e-01,9.683401555768533786e-01,1.603722571209101055e-01
2.708306194152801383e-01,4.719545600197833091e-01,2.006425737739161719e-01,7.094771364251981627e-01,2.881381490994484595e-01,8.161027432744161203e-01,1.549895368488807268e-01,1.614189474032686755e-01
3.332752664221041439e-01,6.784895261005096101e-01,7.762505636893307637e-02,6.587301544229334782e-01,2.731224347455711299e-01,6.749922159109678077e-01,4.588309995706038591e-01,1.628286664187684474e-01
2.440109309554477357e-01,3.025176256125164942e-01,2.769698458435900790e-01,6.853434998141930690e-01,2.808802462610905382e-01,8.491402052500798270e-01,6.958244237249778807e-01,1.592380325718617262e-01
1.838788368615340840e-01,5.441212522594749412e-01,6.876541886509202062e-01,7.324899198612885298e-01,2.236900251658589245e-01,9.580555506006563915e-01,4.372164740185894294e-01,1.628494643805683817e-01
2.947508026533847691e-01,4.754018009898118846e-01,1.820760886725654448e-01,6.932560060394514778e-01,2.436066482164115643e-01,8.180504788368050395e-01,4.577748524666221397e-01,1.633951889268654145e-01
3.867664957408966098e-01,7.384643009827180915e-01,1.342426518970507854e-01,6.180573733883375498e-01,2.797663209948311747e-01,9.842856951174674407e-01,2.465332011702486836e-02,1.638635913623548435e-01
1.341260490419945994e-01,1.087787255776317963e-02,1.314898506683268020e-01,8.597807839328635016e-01,3.412682920127013131e-01,4.113097187765825113e-01,2.936418711382343671e-02,1.643620689483338282e-01
1.749338594364508725e-01,8.232615459427269355e-01,2.114932556896010341e-01,8.823784255419249156e-01,2.988074626553400837e-01,2.925664784244053074e-03,1.844452492451355563e-01,1.641815755627112072e-01
1.711609755000590427e-01,1.846217373486395141e-01,6.492372312091194697e-01,6.538053307201021624e-01,2.589680061760505358e-01,9.378174771334344406e-01,9.527644504525745184e-01,1.599129884778384691e-01
2.565646961411878757e-01,9.568341173548136069e-01,2.888652474837617445e-01,7.470263006696968855e-01,1.468640546430927674e-01,5.026046291125000343e-01,6.354538668385680822e-01,1.642513892917412399e-01
1.275260965450664696e-01,1.088895522224342383e-01,3.245006203504659514e-01,8.934136339949837469e-01,2.585096457736738018e-01,6.587015647760491310e-01,7.298567989273813117e-02,1.628492105406549317e-01
2.647207188557688662e-01,1.876987858202227577e-01,1.873229949526979132e-01,6.044432923916470690e-01,2.998606405410685904e-01,7.987493677155241834e-01,8.956241815496768233e-02,1.637984155316637436e-01
2.860514187720399892e-01,9.925298410015575001e-01,2.126540716755190574e-01,7.063988262896291337e-01,1.718463231875581587e-01,4.318191142593900134e-01,7.498672004905264643e-01,1.638868577540242011e-01
3.068200869009570786e-01,8.414992703813521935e-01,4.742589123673264795e-01,5.488217944938937887e-01,2.225309347502074098e-01,9.509971735836859619e-01,4.564100752793784910e-01,1.640616866259187734e-01
1.530485580250452449e-01,3.434065375008744647e-01,6.524437165845925479e-01,8.033335708884623561e-01,2.416564052026771714e-01,9.154460545238627400e-01,7.648471973905286436e-01,1.592876169758410954e-01
1.823999068746144370e-01,1.831150593246684832e-01,3.575063000443353123e-01,7.164800093620018462e-01,3.013529201467081142e-01,7.594194477636966312e-01,3.741364045265892502e-01,1.622518643232915003e-01
3.089969075873167936e-01,8.548882463773055385e-01,5.349899594773988021e-01,5.016963559853913068e-01,2.528340742938961494e-01,9.412132747390153931e-01,3.150566796564104877e-01,1.643519965199740640e-01
3.140240165863271704e-01,3.689664968515056209e-01,1.445224452628215417e-01,6.180277231337480970e-01,2.643635278542944000e-01,8.012556757708553246e-01,5.120806410534570752e-01,1.627529183362911025e-01
2.515389739426185378e-01,7.916521712637293318e-01,3.797264546124800022e-01,6.642824583175928055e-01,2.237418899911867709e-01,6.695765536743039092e-01,1.445296770480503645e-01,1.635451625464613146e-01
1.660729285630708763e-01,4.688591521774998494e-01,7.208863952890449678e-01,6.695645316564505789e-01,2.367505261288840868e-01,7.413345422686055119e-01,8.071979204949780717e-01,1.602497337929043031e-01
3.716132131113957793e-01,7.836960721182288925e-01,9.653293941834101277e-02,6.478531391808857176e-01,2.515738487843288129e-01,9.379101731331138669e-01,6.877238599202306624e-02,1.637342343593984340e-01
4.527151532140810675e-02,2.322847117882118617e-01,6.995738444816510526e-01,8.755605767313181520e-01,3.639084054176396910e-01,2.444921922276221959e-02,1.651447300002529261e-01,1.640907139200325771e-01
2.302801004537520235e-01,4.413488853164810877e-01,4.021244684581157802e-01,6.976684537405895004e-01,2.528870789990642631e-01,8.515283395688966195e-01,9.137665139795853042e-02,1.640210102488691979e-01
2.249419757534117936e-01,5.621803679001328158e-01,1.327005808191912828e-01,8.792238898879098929e-01,1.633982760255455469e-01,5.819873237640562635e-01,8.600851051711666528e-01,1.601451049461739273e-01
3.671952277839473089e-01,4.068707468912761693e-01,1.820294773089242701e-02,6.623760678048402628e-01,2.852938469069030702e-01,9.178998283165110683e-01,4.863198905317062115e-02,1.623967645823211903e-01
1.585434166830185510e-01,5.120208523685307878e-01,1.805346389246102745e-01,7.837136525482427674e-01,3.862030069478685768e-01,1.330814304240524049e-02,3.306259889081366588e-01,1.621699300950460165e-01
2.499046083337925217e-01,7.051032626623940924e-01,3.145240547986594137e-02,8.631623210061979412e-01,2.152716516222569765e-01,4.710731434152226615e-01,1.763277692111808737e-01,1.624170923724256033e-01
1.792208884996648321e-01,1.807415404894165412e-01,1.872981997949267619e-01,8.409177580334881164e-01,2.555791848236882435e-01,6.682393182851996682e-01,2.152970783053425596e-01,1.628532956040689428e-01
7.906840270130932602e-02,1.102115928233116104e-01,1.808355275644218663e-01,9.583361714095572914e-01,3.853021859269418203e-01,1.512717676562014280e-02,5.954198820904880174e-01,1.619222105354522490e-01
6.152083708068159518e-02,7.316081692643244816e-02,6.416096054624336187e-01,9.256220973230651072e-01,2.730827878476748682e-01,5.952723775948423057e-01,2.142991504426156602e-01,1.646129698917406792e-01
8.260736932767465124e-02,1.283088920901040431e-01,2.247020731070111244e-01,9.594028285361425601e-01,3.098351908639891961e-01,1.748486513897443695e-01,8.379011324594375365e-01,1.601716688831706648e-01
3.528929111437024702e-01,6.379412316800088245e-01,3.092904365888849982e-01,4.485810297825659210e-01,3.224693119517184070e-01,8.514399920827445678e-01,2.291296649710878874e-01,1.637899985393600211e-01
2.115136118093122464e-01,2.903266419330757797e-01,2.308818175156267805e-01,7.357026578972026831e-01,2.939748912206036624e-01,6.221492645856361303e-01,2.380891790453119328e-01,1.635394181711322947e-01
1.456157838287196471e-01,3.193994891717393814e-01,1.281287344738371303e-01,7.741158715269293999e-01,4.123782090874807404e-01,2.806536084728061820e-02,2.910956795424860521e-01,1.630458468244979919e-01
2.202045451969204537e-01,9.429750629951803020e-01,2.888317799564120159e-01,7.445590980371826761e-01,2.602234182118157158e-01,1.653203989263288265e-01,5.296626760268938749e-01,1.621239703790946785e-01
2.287364611959435967e-01,7.098759418820670408e-01,3.149227124120240751e-02,7.911841854089761705e-01,3.181509548987118130e-01,1.239445314558892952e-01,2.708697150459261627e-01,1.635521141484104213e-01
1.845222157476519298e-01,7.215825174885397431e-01,8.973300448762255854e-01,6.580401630092468368e-01,2.323020810461227936e-01,9.166659344349651350e-01,4.258115638773971590e-01,1.623558006495940675e-01
2.124164498686114122e-01,1.040335452631396818e-01,3.400348369893895217e-01,6.843579854465675627e-01,3.139754013171549563e-01,9.983163605913536465e-01,9.303492623222520130e-02,1.631421986716872219e-01
1.053903119822213325e-01,2.516004283913793604e-01,6.139515932428896150e-01,8.599448868710696248e-01,2.648136338407680035e-01,7.136421976797998612e-01,2.208882072080633752e-01,1.625361582930147375e-01
3.985235589515495613e-01,9.511502205641273466e-01,1.987333304100719067e-01,5.609331635635284030e-01,2.240287499869200449e-01,8.669738661716850370e-01,6.937574675302039529e-01,1.643569191516301986e-01
1.859059131565795053e-01,4.198544086351234661e-01,1.073769201755156444e-01,8.542878618692021364e-01,2.699705154738670232e-01,3.377218341078287445e-01,2.556326020163075530e-01,1.638141401637460137e-01
2.499074717610064167e-01,7.958998010692064362e-02,3.691286442798075162e-01,5.501320039862108713e-01,3.157332794718280544e-01,9.810487777156042810e-01,7.971810511779533481e-01,1.600574610389429164e-01
3.011547984975922465e-01,9.943023310233340961e-01,2.043986793506456234e-01,6.456885503662257442e-01,2.269732420985769716e-01,3.811374295194966955e-01,9.437569212083467551e-01,1.603544315199013082e-01
3.043130183831695978e-01,5.823802962412456541e-01,1.855064538586111977e-01,6.575137156179788889e-01,2.552289549158988646e-01,8.302575744538001068e-01,6.859538621020948579e-01,1.605519472798221381e-01
3.044229115906506578e-01,1.462060706988443926e-01,2.160295852208331813e-01,5.559548456171026221e-01,3.289793084302232162e-01,9.444013598716474167e-01,1.793376287914358880e-01,1.644562648016050233e-01
3.747296831216991864e-01,8.662467913843967526e-01,7.121769907950975531e-02,5.683027006079779397e-01,2.593845283717410855e-01,5.552126769448617605e-01,5.504452282013573283e-01,1.642010880551604546e-01
1.110528679048430473e-01,1.578020471620423248e-01,7.877668427722975819e-01,6.800941913802882599e-01,3.412512296795700562e-01,7.326652211275825888e-01,1.657024882633679752e-01,1.626892134342685092e-01
3.388685323233836533e-01,9.209672583849397576e-01,1.611270375641999653e-01,5.533780537615331507e-01,2.879990840704530486e-01,4.607789145306329104e-01,2.574766980782793313e-01,1.642593869370805593e-01
3.054571738957593818e-01,7.424989685784639804e-01,1.835954184287003355e-01,7.402220603022018341e-01,2.247040252053939258e-01,8.256707374186649240e-01,5.271499553277306793e-01,1.619333972184909543e-01
2.521060566538039227e-01,8.003088595678498063e-01,4.371355513433253792e-01,7.112626803564284783e-01,2.107965845105813918e-01,7.815506416681251567e-01,2.364825440277110724e-01,1.638606333212000166e-01
2.161188947008967076e-01,1.197353609325360613e-01,5.589011424150647223e-02,8.316465801772514599e-01,3.034576749799110518e-01,6.844414329776509209e-01,1.241360720547768914e-01,1.603170930728211319e-01
8.289781226317796681e-02,1.770779867421599096e-01,9.374905189353333057e-01,7.219440886941028701e-01,3.513133083003656676e-01,5.841780909519115328e-01,2.014717573412335150e-01,1.620784539438978045e-01
2.023388350664065694e-01,6.612160380202902754e-01,6.624093213649075995e-01,7.654447590639885668e-01,1.898050520326888813e-01,9.636444702329474143e-01,7.504745210806067490e-01,1.609281307667091432e-01
1.957594073222521935e-01,5.176255237056449632e-01,5.042592662734097786e-01,6.838923651786158464e-01,2.647224270994549267e-01,6.980982332734271267e-01,3.259189634034035943e-01,1.633953417556912036e-01
1.776244516969026632e-01,6.752809890436056728e-02,3.099304684779736752e-01,7.979566808742777351e-01,2.698509243613366748e-01,8.177078272428375261e-01,3.670343329370628349e-01,1.626194024762043777e-01
2.946096454629669736e-01,3.666661883879279715e-01,4.427199510170526375e-02,7.267802061630502797e-01,2.274878660861726909e-01,7.703726486747042301e-01,7.025033834677294475e-01,1.614168846978391858e-01
1.165154158029756970e-01,2.403608513627834009e-01,2.309696438353713854e-01,9.628273160071059156e-01,2.399659938672207282e-01,3.396071012594813476e-01,9.882181175775592852e-01,1.575590249603598392e-01
1.834715771994936406e-01,7.252008566212557739e-01,3.447563111896821963e-01,8.403455256073827373e-01,1.434841917542895029e-01,4.206580183025934727e-01,8.991087966871367243e-01,1.611634024228591477e-01
9.817337630003183935e-02,2.611036410765924520e-01,5.473363553743624266e-01,8.508081858303186973e-01,2.543255201163516221e-01,4.265425488433722823e-01,4.170661402382811467e-01,1.637017525543623675e-01
1.228311418752501827e-01,1.296147590517315873e-01,7.818069054933556306e-01,7.012218448868206000e-01,3.026415647604755454e-01,9.267608861210673288e-01,7.923031256437633729e-01,1.589690720165566062e-01
3.467157742493494066e-01,9.120468233962703009e-01,3.292298291062442095e-01,6.072667101180778682e-01,2.059728180597952818e-01,9.947598221289257747e-01,6.470936303923900956e-01,1.639411917250207240e-01
2.668431577967523838e-01,6.849438045776196082e-01,3.193664398065270693e-01,7.043400017527519097e-01,1.734998390663154422e-01,7.835093504887293836e-01,8.470345290243406211e-01,1.623432713698029495e-01
1.757688928241101234e-01,3.383294442504404254e-01,6.385185105482599210e-01,6.409367709083626519e-01,2.741645737299607255e-01,8.446181519624317291e-01,5.586539294550718626e-01,1.610831629841188717e-01
2.037796551735587824e-01,1.401768092414830136e-01,1.816849731287266956e-01,6.824159068387422034e-01,3.184972026104186948e-01,6.379978219461638345e-01,6.713057504795000296e-02,1.629906861938176243e-01
3.477002780058676690e-01,4.790935731572102396e-01,3.374086264033021587e-02,7.164174300371547455e-01,2.318346758308654498e-01,9.674193651145504003e-01,3.150991154574987463e-01,1.625316287864960185e-01
4.201372310855495673e-01,7.551724244775881445e-01,1.678806969017176964e-03,6.315316193292368485e-01,2.437153237446041398e-01,9.641892479314382314e-01,1.305972441446234811e-01,1.630219067512118369e-01
2.598287729531137402e-01,5.363784696262180463e-01,1.126336748749111605e-01,6.972719708435013430e-01,2.603806447641144883e-01,5.263125474914857049e-01,3.864878898564650944e-01,1.625849753852947333e-01
3.645043342554855625e-01,1.514850859304813224e-01,1.220870618562031051e-01,5.037741894120384423e-01,3.706714609688177564e-01,9.707496760820079063e-01,3.515854758899732424e-01,1.618444015916463696e-01
2.314544260360294481e-01,8.891844194608053975e-01,7.271501355900195085e-02,8.442375399391126578e-01,2.168097562086115093e-01,2.025100381513904035e-01,5.684933429080024636e-01,1.637545015175931040e-01
2.240958059097766797e-01,8.164437395766819261e-01,1.574512892582385915e-02,9.657632567872244111e-01,1.501557742567911358e-01,4.000987027178637967e-01,8.196315686746541429e-02,1.638230248739946937e-01
1.627643083545260438e-01,6.121372868802392730e-01,7.988702946159331741e-01,7.287096126263823415e-01,2.516314566810550213e-01,8.581914992642596385e-01,2.107955188337490293e-02,1.630807862063336222e-01
2.805490824116099180e-01,1.229621552280275587e-01,4.569976697890704154e-02,7.125437261086972063e-01,2.538731285312646468e-01,8.708554766186161755e-01,2.820680835404436038e-01,1.626297753844473115e-01
2.063285482492815959e-01,8.411335774006900579e-01,1.132311280486358873e-02,9.695346151480560559e-01,1.920042553552823716e-01,1.663264705979084490e-01,8.479590623708656016e-01,1.599759282536467042e-01
2.616673627626419085e-01,3.547285371261427178e-01,3.858185289964332076e-01,6.080404295521601998e-01,2.743040008764425775e-01,9.515873174679825297e-01,5.326463821327831472e-01,1.621865385262348525e-01
4.294712772293850511e-01,8.330709369451667623e-01,1.156890287712566967e-01,5.408986057197997521e-01,3.192867411468138239e-01,9.833093957861547274e-01,3.308297738595347148e-01,1.619534070420816096e-01
1.300512470393683784e-01,3.939229469112178750e-01,2.239811464387572448e-01,8.045699072477502378e-01,4.144707325667188469e-01,5.591418258442237832e-02,1.741574168768050823e-02,1.631571013831468464e-01
4.053520531061493015e-01,9.312762614545198048e-01,5.020675272255176180e-02,6.304613337326675504e-01,2.315516834876646390e-01,8.738920927749667111e-01,6.786293321510907806e-01,1.624603159205157688e-01
1.124067018079954322e-01,3.315181554097252903e-01,4.554005927210967863e-01,8.172062336584260400e-01,3.074059338821704124e-01,1.303432613982670185e-01,8.705168040167308163e-01,1.597971957911814567e-01
2.281484061924573536e-01,6.011980918469126411e-01,1.801939922022810225e-01,8.067069878206470923e-01,1.771093408076465092e-01,5.795645024756050923e-01,8.928008987264353102e-01,1.600560231532698607e-01
2.217526517902057293e-01,7.183097634506537821e-01,3.950289504415032127e-01,7.294135440769583534e-01,1.945198914605869023e-01,4.661482421208995586e-01,9.315138870309944696e-01,1.610619738517836963e-01
2.700576012184814356e-01,6.689980303695417518e-01,2.724134524889746389e-01,5.894761493691167420e-01,2.934601318461460551e-01,5.451160871421151244e-01,2.340942002483647755e-01,1.635000687203210235e-01
2.229861591301175172e-01,7.855584774522652580e-01,3.046907509120989066e-01,7.602632982828477770e-01,1.931518346855055634e-01,5.245516664807119422e-01,4.488421469114995399e-01,1.633832253523728739e-01
1.215804998338643195e-01,5.479924950873138467e-02,7.381781737414855327e-01,7.016912396512868799e-01,3.013316558411745505e-01,9.308333278764477914e-01,4.665765698751870305e-01,1.616682418127762533e-01
3.200466913639439803e-01,8.490293588137890479e-01,2.382858251389557980e-01,6.606489175908100142e-01,2.191351833687225081e-01,7.376732955791851509e-01,6.448205824638589823e-01,1.634483261092223305e-01
2.373220032746330699e-01,1.674324945637962192e-01,1.775515920476076481e-01,7.167699221409379318e-01,2.603156750972092093e-01,8.191600441020640000e-01,1.874788219835886172e-01,1.641586470098849726e-01
3.254482542049738636e-02,1.841068095833507945e-01,8.766326769306838074e-01,8.225313485981111672e-01,3.851874217056336369e-01,5.027063782981777695e-02,2.126425264856651176e-01,1.630203424890388775e-01
2.148427834583351848e-01,1.507521851623674913e-01,4.497016853684638327e-01,6.110000175066799821e-01,3.316438994170858856e-01,9.692026874154365812e-01,5.663755450414148518e-01,1.603046302745977925e-01
2.392039661819819196e-01,4.201847717192981890e-01,4.966454698585000549e-01,5.576682348946171430e-01,2.899407288265199445e-01,9.595481807837169530e-01,4.314533289853872411e-01,1.624714179345061182e-01
1.511940087657639986e-01,1.468256673902543219e-01,5.232855634736994777e-01,8.038179174562367635e-01,2.372725314518507600e-01,9.999023393511137225e-01,6.459557370783203245e-01,1.607666634352482304e-01
2.976482198948193769e-01,6.718001191635436520e-01,3.839771842113797740e-01,5.552680731266912417e-01,2.952775446319330088e-01,8.176985902863165290e-01,2.376674615505628696e-01,1.631949965958663096e-01
7.645345299205885681e-02,5.497469700947166249e-02,8.054639095380539127e-01,8.036228898768471574e-01,2.879359160015450558e-01,8.843980528551055320e-01,2.539446657624895853e-01,1.633241716801749621e-01
3.105755237458232010e-01,3.126322188856489603e-01,2.178380286341739525e-01,5.945246066409574093e-01,3.370451453551713827e-01,9.314832820576016692e-01,9.012553682669732780e-02,1.629115726249090179e-01
2.329266743946024343e-01,8.984868646384092106e-01,7.003869852815789443e-01,6.684138534752073202e-01,2.330037767621081501e-01,8.925962711737036592e-01,2.421805455549696506e-01,1.624908524223801498e-01
1.696739129893250486e-01,2.197285313253492522e-01,3.922935924801744245e-01,7.110120569348145070e-01,3.092242068269514532e-01,5.948906681945844710e-01,1.868443998062898070e-01,1.638886077790282503e-01
1.302679822500573958e-01,1.849019245549105572e-01,5.602901070812980056e-01,7.954441715175362138e-01,3.044154229137568946e-01,7.623667692667385198e-01,6.605881980337885429e-02,1.630232424091871690e-01
1.868350323812260905e-01,6.610961832618522660e-02,2.753753057658058778e-01,6.261805086964773448e-01,3.796675275433583630e-01,5.949346280754113092e-01,9.200030122963004375e-02,1.619861397420730431e-01
3.440411474212211607e-01,4.711020557070578207e-01,1.140722585274672740e-02,7.592780543685896388e-01,2.272900718992879598e-01,9.734914045688771722e-01,6.452092561285189820e-01,1.601418030604284393e-01
3.607652277955499809e-01,6.708311963048254611e-01,1.429794067767022892e-01,6.124771165396237782e-01,2.595796118938903940e-01,9.356296282625720107e-01,7.319851701622027695e-01,1.605872064065710370e-01
1.589158536142186717e-01,7.505974692577754848e-01,4.583866116246755329e-01,8.069623567985012569e-01,2.845599060156908111e-01,1.803249966975341012e-01,7.052990014608895297e-02,1.629285656766007728e-01
1.989082125079036922e-01,5.950181477717501055e-01,9.309204155787176305e-01,5.127035865023918948e-01,2.965443595649401298e-01,9.870653259489902132e-01,1.021025224032678924e-01,1.637576082565084801e-01
2.661239460384481892e-01,3.097732014615559026e-01,2.859401780678272886e-01,6.460712318510866137e-01,2.981148268759201692e-01,9.236929701106291191e-01,1.274933546529523065e-01,1.634886402030608643e-01
4.087473306344190371e-01,9.576206731898038171e-01,9.379153405009027500e-02,6.571312800516534436e-01,2.734030001519378583e-01,9.785273231675745143e-01,1.980341139109670356e-01,1.613319867969812416e-01
1.167902079512049968e-01,3.003523834701967710e-01,2.277803745596554963e-01,8.798844527533369320e-01,3.453079492907738524e-01,1.815866114895257066e-01,2.509012537132727649e-01,1.614924104545616690e-01
1.624319994303318748e-01,4.415622644476906999e-01,4.635291083228004205e-01,8.572472716695415107e-01,1.760904911223762359e-01,7.427496127021055994e-01,8.396136917485415019e-01,1.601699315012026503e-01
8.089185775009760659e-02,2.400542180654887114e-01,2.945885960838919293e-01,9.082604970787615528e-01,3.530979895030587068e-01,9.973017422590507719e-02,3.415386707041472847e-01,1.634217106334827641e-01
3.783768966586905647e-01,9.404399371231388916e-01,1.292404359364894284e-01,6.089912313699915591e-01,2.238013891218805229e-01,8.365411638817361606e-01,8.252093984682216110e-01,1.616714983953015938e-01
7.604448061762650313e-02,1.596898629767097844e-01,6.536325031715036760e-01,7.826191775688962071e-01,3.388186704345836353e-01,3.700391731946882645e-01,2.027781027390777036e-01,1.634583368307023776e-01
4.101762906139297948e-01,9.574423650661154639e-01,2.260208869372234419e-01,5.229473533228303772e-01,2.961875854193030122e-01,9.438774065211579245e-01,1.941981882542817561e-01,1.647886307103991477e-01
2.584691898414597233e-01,6.075351728980132870e-01,8.050636451458478837e-02,7.127462488842163379e-01,2.518194159597143544e-01,4.726701885418288507e-01,8.293695552491830991e-02,1.641698457220605312e-01
9.537109742278652991e-02,9.428332809614131671e-02,8.052290551400560492e-01,7.499693624969655525e-01,2.838023179521312889e-01,7.897995427259995038e-01,9.391060882132422627e-01,1.586895577874282703e-01
2.051488524436160810e-01,9.873558511136802940e-01,4.437025540653632971e-02,9.234024646476650666e-01,2.114614349443259544e-01,3.457789845793979300e-02,9.559320521281825522e-01,1.598070890874621897e-01
2.816517908910835533e-01,7.743914793731710988e-01,1.477336797335820351e-01,7.010523345790781180e-01,2.524548133083536205e-01,5.079388067591709133e-01,1.962850544208455394e-01,1.639850166973761680e-01
1.284623491794143479e-01,2.097854046014931972e-01,6.278453530926565440e-01,7.176576189428450769e-01,3.006879330784450466e-01,8.166787353655121651e-01,1.593945064297532799e-01,1.624796967946478266e-01
2.782673636325521671e-01,8.807339021224815934e-01,1.171383043838717941e-01,7.047334997339796958e-01,2.753663600558551861e-01,2.680908082517530766e-01,6.212684214503799707e-02,1.649179110137174442e-01
2.354258450069242059e-01,1.030301340686055056e-01,1.832365098227700384e-01,6.986268553948025151e-01,3.251124946584412201e-01,7.090857073902223640e-01,1.465978102430169350e-01,1.632580682939661632e-01
1.585974576825561755e-01,4.817877543076442559e-01,3.084935830954870228e-01,8.186647267278202023e-01,2.799038614812821568e-01,3.257959533427926546e-01,2.109900594618270842e-01,1.639427762357977547e-01
3.244349717876969796e-01,2.532935489745390401e-01,1.751029645016094483e-01,4.954159174159681878e-01,3.394833334374293687e-01,8.619254120166679467e-01,5.251110200468267486e-02,1.632672064578801763e-01
2.755064922137966943e-01,5.659192750584869369e-01,3.210336048360160621e-01,6.431474509170148623e-01,2.080030459279305632e-01,9.038805637275424409e-01,9.049654844241679097e-01,1.600291138125041757e-01
6.601382928428345398e-02,1.814577484997448309e-01,4.955303917879785303e-01,9.918414112025499829e-01,2.861665416361315328e-01,4.357360731415934052e-01,2.867817589601312500e-02,1.628689163613007140e-01
1.770416018871954211e-01,3.076471125854512989e-02,8.430212020922778215e-02,8.396837363999534176e-01,2.632677979732210294e-01,5.656620306735055115e-01,4.049477034923257834e-01,1.628104502061487324e-01
3.542786314275135906e-01,9.241542266749791512e-01,6.205840675650220462e-02,6.728987492460515307e-01,2.562145077454417996e-01,6.875661287763121798e-01,1.733021842434022686e-01,1.637137658541077678e-01
5.079521001058631691e-02,3.890248447554844891e-02,6.184719103603356638e-01,8.398308775211476007e-01,3.466444736893009582e-01,2.495853678557730104e-01,7.417273436952667165e-01,1.599530459272769101e-01
3.530944232287757667e-01,8.532179348116735174e-01,8.142752541486164564e-03,7.359349716001668540e-01,2.422282898226455206e-01,6.588947062450140058e-01,4.813505130407924604e-01,1.621847645649540093e-01
2.592469890892812323e-01,8.152188897031478199e-01,2.584426718599436290e-01,7.950871088695685707e-01,1.518436349842298694e-01,6.826420108857297331e-01,6.507862061607327941e-01,1.636414242202176572e-01
3.503484365938662748e-01,3.458113813269607095e-01,2.150901744177152741e-02,6.202748110815602400e-01,3.013707626335407341e-01,8.526495509423578367e-01,4.541951469542407915e-01,1.610297385664731518e-01
1.258148880651703272e-01,1.640594582474784735e-01,3.761832221078856286e-01,8.475890949208232383e-01,2.884955231461978631e-01,5.411345875482667100e-01,5.569803452359968210e-01,1.610299295637375727e-01
2.000889851844550593e-01,5.012153012761411119e-02,3.164535735492334800e-01,6.920193229974527238e-01,3.016343821712144102e-01,7.474672056538588238e-01,7.872306845451808588e-01,1.601205125313173716e-01
1.021803524341671349e-01,2.604118559340898864e-01,6.519110871717688216e-01,8.549058261238691170e-01,2.383752729098296552e-01,7.097860307815253567e-01,2.895224908590383617e-01,1.624947910207142354e-01
1.726883324828183686e-01,5.769980910296040877e-02,6.013936906702432861e-03,7.478317756139625239e-01,4.136729276110612252e-01,2.205031447451448745e-01,9.163023344811421778e-02,1.639574872766812741e-01
1.707032830764027009e-01,3.219627810632635923e-02,3.340844062462716146e-01,6.596699748580453493e-01,3.704378371320797836e-01,6.268942952772680322e-01,1.576413043386141744e-01,1.629559186322827868e-01
2.168631659630005371e-01,3.808523066862840034e-01,9.758261053418665343e-02,7.395374203564557547e-01,3.035175816691179640e-01,3.472994074761704963e-01,4.692426348661214441e-01,1.634198411152537056e-01
1.508838249344855997e-01,3.760970420934893754e-01,3.424827834388327608e-01,7.627739145186533953e-01,2.648496316398226691e-01,3.467067105146754424e-01,5.940879008929051963e-01,1.622912501904054949e-01
2.425260941161520856e-01,9.349587894462016990e-01,1.943250697254910453e-01,7.907620185599355533e-01,1.833341478926919788e-01,2.796234791762236549e-01,7.589926404905146251e-01,1.624600071701987891e-01
2.073556713252866501e-01,9.002681727595942540e-01,3.377346812866220405e-01,8.809409301533931425e-01,9.857676694922046234e-02,5.379913506905428244e-01,8.875876462754701546e-01,1.612938473485042989e-01
7.661514760137966285e-02,1.252635556668346695e-02,7.770580304093580581e-01,8.544950300048202996e-01,2.782136135848101710e-01,9.166433048881540424e-01,9.086504868675617796e-01,1.581821903466896773e-01
3.475666258667605701e-01,9.459458298027818568e-01,2.953947889723901321e-01,6.179268983896433198e-01,1.994691380055503283e-01,9.375201827690154976e-01,4.859799760252696554e-01,1.648919511321457476e-01
2.950894627278717319e-01,6.166371612428516169e-01,1.410647720895782942e-01,7.484990008791707616e-01,2.031933213619030454e-01,8.699948892976512305e-01,7.378688277455296429e-01,1.600321729033767348e-01
1.261173235417739069e-01,1.258969027139303365e-01,1.981227824957334238e-01,8.392048357910275591e-01,3.606883415959667438e-01,2.176822335108203887e-01,4.769761577887965398e-01,1.613522140553786677e-01
1.800942414699398253e-01,3.811343488455433137e-01,5.516883570602851838e-01,7.072306126155248895e-01,2.686248399111282326e-01,8.737249432646537750e-01,7.254272988153886992e-02,1.633363954648217597e-01
1.012247347265430308e-01,1.560541479479136684e-01,2.109621570642697119e-01,9.569615250863616751e-01,3.141051291142635815e-01,2.955214578561403127e-01,5.225984311870184307e-01,1.597871974207807078e-01
1.819980018191048043e-01,4.204484795566129085e-01,3.645371609975274763e-01,6.745715364462977481e-01,3.198464750958561753e-01,3.989716648738053095e-01,1.234235895146709172e-01,1.640589405288227220e-01
